﻿Page ID,Page name,Disclaimer,Amount spent (USD)
112477522422248,David Collado,David Collado,≤100
165168858566907,Yoger de Leon Alcalde,Ricardo Noel Garcia Leon,≤100
108587379178593,miprd,Partido Revolucionario Dominicano,≤100
339085486274571,Alexis Victoria Yeb,Alexis Victoria Yeb,≤100
123397997671209,Listín Diario,Alejandro Jose Madera Rodriguez,≤100
106687624223989,Rescate Democratico,Rescate Democratico,≤100
532600796858736,Jean Luis Rodriguez,Jean Luis Rodriguez Jimenez,≤100
492966110748093,Su Mundo TV,Penelope Canario Herrera,≤100
1628879230678856,Juan José Rojas Diputado,Juan Jose Rojas Franco,≤100
708959485865189,Elias Baez,Elias Baez De Los Santos,≤100
123391448284422,Alcaldia Salcedo,Pedro Raul Diloné Brito,≤100
106353101128460,Amalia Pilarte,Amalia Pilarte,≤100
102527089089994,Reporte Médico,Gerardo Rafael Rodriguez Barreto,≤100
2255046338152139,Sadoky Duarte Diputado,Sadoky Duarte Suarez,≤100
465691517186469,Noticias Nacionales RD,Angel Miguel Rivera Rijo,≤100
1845946315718137,Guayabo Dulce Juntos Podemos,Guayabo Dulce Juntos Podemos,≤100
401144539898661,Fondo Marena,Nicolás Enrique Grullón Ubinas,≤100
430008757208257,Dr. Iván Silva,Ivan Jose Silva Fernandez,≤100
103281437722631,Adelys Olivares,Adelys Olivares,≤100
1493748040953079,Robinson Henry Diaz Gutierrez,Robinson Henry Diaz Gutierrez,≤100
101372774884062,Quevedo Informativo,Quevedo Informativo,≤100
106883638833589,El Cambio Posible,These ads ran without a disclaimer,≤100
366815896693520,Milo Claure,These ads ran without a disclaimer,≤100