﻿Page ID,Page name,Disclaimer,Amount spent (USD)
293384094915450,جريدة الحراك الإخباري,جريدة الحراك الإخباري,≤100
112757083778788,"Economic Daily, China",These ads ran without a disclaimer,≤100
169799706487474,CGTN Français,These ads ran without a disclaimer,≤100
995765983772115,Dzair Tube,Dzair Tube,≤100
589408861751444,UNEP International Environmental Technology Centre,These ads ran without a disclaimer,≤100
906069029782255,Benkouider Sahraoui Abdelkader,These ads ran without a disclaimer,≤100
158714780827513,UNFPA,These ads ran without a disclaimer,≤100
1877361012493253,China Mosaic,These ads ran without a disclaimer,≤100
104140320927199,قناة النصر TV,قناة النصر TV,≤100
165476513965,Royal Society Publishing,These ads ran without a disclaimer,≤100
102943879102734,Tv قناة النصر,بن تاوزة ميلود,≤100