﻿Page ID,Page name,Disclaimer,Amount spent (UYU)
860395507438977,Compromiso con el Cambio,Compromiso con el Cambio,≤100
225968600759645,Andrés Lima,Andrés Lima,≤100
102337244995366,Prudencia Uruguay,Prudencia Uruguay,≤100
107574220629167,Carolina Batista,Carolina Batista,≤100
308762172579887,Rodrigo Goñi Reyes,Rodrigo Goñi Reyes,≤100
287677194603697,Nuevo Espacio Frente Amplio,Nuevo Espacio,≤100
207426962706226,Compromiso 711,These ads ran without a disclaimer,≤100
530640683655093,President,These ads ran without a disclaimer,≤100
108259318940861,TD_Ln2_Cuidado Cariñoso,These ads ran without a disclaimer,≤100