﻿Page ID,Page name,Disclaimer,Amount spent (COP)
75884689790,Colectivo de Abogados,Colectivo de Abogados,20489
310454127055,Politécnico Grancolombiano,Sergio Fernando Gallo Suarez,4310
101071764864119,Dulce Veneno,Dulce Veneno,1809
749177381856407,Camilo Calle,Camilo Calle,1141
264386463968386,Nubia Stella Martínez,Centro Democrático - Comunidad Oficial,860
1147318942107929,Todos Somos Una,DEBRAIN LLC,691
687013228159975,Lionso Araujo,Lionso Araujo,346
140451182823675,Edwin Palma Egea,Edwin Palma Egea,304
581095835894514,Noticentro 1 CM&,Noticentro 1 CM&,302
114778278552099,Octavio Cardona León,Octavio Cardona León,274
108158921672438,Llener Borja,Alvaro Jose Gomez Ramirez,259
1815626541807349,Agencia de Periodismo Investigativo,Norbey Quevedo Hernandez,244
765302097170348,Línea Cero,Linea Cero,230
1119413181474050,El Avispero Mov,Movilizatorio,215
103727635426939,Alexandra Vásquez Ochoa,Leider Alexandra Vasquez Ochoa,191
515010172233659,Alvaro Mantilla,Alvaro Mantilla,141
832764363485573,Roberto Rodríguez Z.,Oscar Alexander Garcia Lopez,121
835710939898329,Paulina Aguinaga,Paulina Aguinaga,115
2068245743232990,Cesar Augusto Guzman,Cesar Augusto Guzman,≤100
1823807254333065,Soy Más País,Soy Mas Pais,≤100
1150942755027141,MMconsultor,MMconsultores,≤100
1529335724037224,Aeropuerto del Café,INTUAL,≤100
460297427472944,Corporación  Educativa Politécnico La Salle,Corporación Educativa Politécnico La Salle,≤100
179003239458192,Jorge Humberto Rangel,Jorge Rangel,≤100
675138159184301,Juan Guillermo Zuluaga,Juan Guillermo Zuluaga Cardona,≤100
838927469815494,Diana Diago,Diana Marcela Diago,≤100
466445923412524,Miguel Ángel Barreto,Joshua Escobar Rengifo,≤100
252640334936797,Skandia Colombia,Kelly Vanessa Cuellar Garces,≤100
103461608916621,Claudia Carrasquilla,Claudia Carrasquilla,≤100
706214723142462,Oscar David Benavides A,Oscar David Benavides Angulo,≤100
370267297019304,Marco Hincapié,Marco Emilio Hincapie Ramirez,≤100
107743234250907,Sinditratur,These ads ran without a disclaimer,≤100
101170393279528,Rodrigo Villalba Mosquera,Martha Diaz,≤100
107261491771920,Nicolás de Francisco,These ads ran without a disclaimer,≤100
1242864402475742,BC Noticias,Oscar Javiar Bayona Villada,≤100
100481338357144,Comunas de Medellin,Comunas de Medellin,≤100
290184608374169,Sebastian Calderon,Sebastian Calderón,≤100
502665456448329,Federico Barolin,These ads ran without a disclaimer,≤100
789907401124930,Partido Humanista De Colombia,David Nassar Moor,≤100
100304338642614,Toro Digital 1972,Joseph Ferney Galvis Gonzalez,≤100