﻿Page ID,Page name,Disclaimer,Amount spent (HUF)
120370174702378,Magyarország Kormánya,Magyarország Kormánya,20954
47198507012,LMP - Magyarország Zöld Pártja,LMP - Magyarország Zöld Pártja,19343
115388925185513,Magyar Szocialista Párt,MSZP,7523
132593883577930,Dr. Keresztes László Lóránt,LMP - Magyarország Zöld Pártja,7158
543788999005363,ORIGO,Mediaworks Hungary Zrt.,6725
191461774219575,hirado.hu,hirado.hu,6135
126539424061030,Háttér Társaság,Háttér Társaság,5158
594088897289853,Alapjogokért Központ,Alapjogokért Központ,4858
248172631940,Mandiner,Mediaworks Hungary Zrt.,4737
178362315106,European Parliament,European Parliament,4475
1880809845328535,Dobrev Klára,Demokratikus Koalíció,4294
1406386486355924,Partizán,Partizán,4016
103294948505659,Szánthó Miklós,Szánthó Miklós – Alapjogokért Központ,3996
103141961544400,Future of Debrecen,Future of Debrecen Egyesület,3668
326635018181862,Magyar Nemzet,Mediaworks Hungary Zrt.,3581
1534911313439123,Ripost,Ripost,3023
169599166463839,Demokratikus Koalíció,Demokratikus Koalíció,3021
331580946799,Borsonline - Bors Szórakoztató Napilap,Borsonline - Bors Szórakoztató Napilap,2956
109503892404998,Világgazdaság,Mediaworks Hungary Zrt.,2936
294815374340858,Donáth Anna,Momentum Mozgalom,2923
109637397268775,Nyugati Pályán,Splendidea Communications Kft,2151
592204747588011,Momentum Mozgalom,Momentum Mozgalom,2148
363496947104219,Párbeszéd - Zöldek / Debrecen,Párbeszéd Magyarországért,1900
451844608304228,Metropol,Metropol,1801
506348326210466,Ungár Péter,LMP - Magyarország Zöld Pártja,1766
131283758531,HVG,HVG Kiadó ZRt.,1679
537817739693723,Brain Bar,Brain Bar,1351
136387873164491,Csárdi Antal,LMP - Magyarország Zöld Pártja,1346
1443354815880657,Salacz László,Salacz László,1313
1418381101823292,Szivárványcsaládokért Alapítvány,Szivárványcsaládokért Alapítvány,1228
153992771336740,Origo Sport,Mediaworks Hungary Zrt.,1054
294815374340858,Donáth Anna,Donáth Anna - Momentum,992
264517713636590,PestiSracok.hu,PestiSrácok.hu,898
112694594992064,Mehr Licht,Mehr Licht,889
113684438795574,Párbeszéd - Zöldek,Párbeszéd Magyarországért,817
405035972853835,OMV Filling Stations,OMV Hungária Kft.,806
198969456922874,MKKP Nyíregyháza,Magyar Kétfarkú Kutya Párt,765
303640261940,Nemzeti Sport Online,Mediaworks Hungary Zrt.,725
445067412712417,Dr. Molnár Krisztián,Dr. Molnár Krisztián,692
267882727864,Kubatov Gábor,Fidesz,672
44847086574,Amnesty International Magyarország,Amnesty International Magyarország,585
1926735160968885,Válasz Online,Válasz Online,576
788960034452071,Potápi Árpád János,Potápi Árpád János,565
143151351544,Színházi Olimpia 2023 / Theatre Olympics 2023,Szinházi Olimpia Nonprofit Kft.,552
191946490841225,Dúró Dóra,Mi Hazánk Mozgalom,521
108248022589754,Bosch Magyarország,Bosch Magyarország,491
1584646591763647,Kanász-Nagy Máté,LMP - Magyarország Zöld Pártja,457
519279158277826,Szülői Hang,Szülői Hang,451
353820462820,Napi.hu,Napi.hu,443
447204268797621,RTL.hu,RTL.HU,433
100299381703981,Ps TV,PestiSrácok.hu,433
92932085233,TASZ,TASZ,430
520814838255629,Agapé Gyülekezetek Közössége,Agapé Gyülekezetek Közössége,425
345496092135627,Hír TV,Mediaworks Hungary Zrt.,419
102426795954406,Nobilis Márton,Nobilis Márton,418
451084968283411,Klímainnovációs Közösség,PANNON Pro Innovációs Kft.,408
306318386058001,Dr. Molnár Csaba,Demokratikus Koalíció,407
103922897650335,Bakos Bernadett,LMP - Magyarország Zöld Pártja,389
307618232709851,Hidvéghi Balázs,Fidesz - Magyar Polgári Szövetség,379
100401808007704,EzaLényeg.hu,EzaLényeg.hu,366
289633770813,UNICEF Magyarország,UNICEF Magyar Bizottság Alapítvány,352
150219742265121,Bedő Dávid,Bedő Dávid - Momentum,347
102474542009609,Megafilm,MEGA FILM Kft.,333
221761091331222,Danube Institute,Danube Institute,333
1722969024662464,Civil Összefogás Fórum,CÖF-CÖKA,315
237088069704442,Kósa Ádám,"Adam Kosa, Member of the European Parliament",315
123835140983412,MOL,These ads ran without a disclaimer,303
109983377136210,Polgári Magyarországért Alapítvány,Polgári Magyarországért Alapítvány,303
390232091384,Habitat for Humanity Magyarország,Habitat for Humanity Magyarország,266
102877499117068,Pálfalvi Milán Nézőpontja,Nézőpont,255
320701218553533,Alternatíva Párt,Alternatíva párt,243
106280224056208,Gelencsér Ferenc,Momentum Mozgalom,236
268042136672212,Századvég,Századvég Közéleti Tudásközpont Alapítvány,232
778538352344518,Hollik István,Fidesz,225
200602616651296,Nézőpont,Nézőpont,217
85568463466,Mérce,Mérce,215
108271407361251,Transzparens Újságírásért Alapítvány,Transzparens Újságírásért Alapítvány,207
851784814892644,Simicskó István,KDNP frakció,200
100452852734271,Startlap - Vásárlás tippek,Central Médiacsoport Zrt.,197
457609140942597,Baptista Tevékeny Szeretet Misszió - BTESZ,Baptista Tevékeny Szeretet Misszió,196
1357776460950406,Reaktor,Reaktor Alapítvány,191
137492523643842,Magyar Állatvédelem,Magyar Állatvédelem,189
127539005484626,Very Important Planet,thevip.hu,186
243470906428319,Juhász Hajnalka,Juhász Hajnalka,184
2407809316170057,Szendefy Mária - LMP,LMP - Magyarország Zöld Pártja,182
193944440638410,Karácsony Gergely,Budapest Főváros Önkormányzat,182
545872002109034,Matkovich Ilona,Matkovich Ilona,180
338939005964,Becsó Zsolt országgyűlési képviselő,Fidesz,177
1624742971133297,Sanofi Magyarország,Sanofi-Aventis Magyarország Kereskedelmi és Szolgáltató Zrt.,169
109734398272339,Dr. Mészáros Lajos,Dr. Mészáros Lajos,167
162344823835042,atlatszo.hu,atlatszo.hu,167
180498125324273,Gazdagréti Összefogás Egyesület,Gazdagréti Összefogás Egyesület,165
76748198685,Budapest Pride,Budapest Pride,165
102641477991941,bahir.hu - BAHÍR,Zöld Baranya Egyesület,162
211156277497,WWF Hungary,WWF Hungary,160
206829842043,Rétvári Bence,Rétvári Bence,158
105774734948091,Hungarian Conservative,Hungarian Conservative,155
128573907819549,Fekete-Győr András,Momentum Mozgalom,153
100609808517630,Drogkutató Intézet,Drogkutató Intézet Nonprofit Korlátolt Felelősségű Társaság,143
118999471127652,Kammerer Zoltán,Kammerer Zoltán,141
734217673259088,Ujhelyi István dr.,Ujhelyi István EP-képviselő,134
371225050791,Transparency International Magyarország,Transparency International Magyarország,123
106236922109249,Hajnal-2026,Hajnal-2026,118
876772425797119,Hölvényi György,Hölvényi György,115
286146221590937,Direkt36,Direkt36,114
116609705085092,BP18,BP18,113
103492610994760,Tetlák Örs,LMP - Magyarország Zöld Pártja,113
107453054183218,Berki Sándor,Párbeszéd Magyarországért,112
527351247377965,European Committee of the Regions,European Committee of the Regions,112
108321735570338,Védd A Tényeket,Zachor Alapítvány,107
421262681731198,Vasarnap.hu,Kovács K. Zoltán Alapítvány,≤100
115295915203476,Európa Pont,Európai Bizottság Magyarországi Képviselete,≤100
226496874112243,BULÁKE,BULÁKE,≤100
670269189782610,Ficsak - Fiatal Családosok Klubja,Fiatal Családosok Klubja,≤100
124991704202615,Magyar Természetvédők Szövetsége- Föld Barátai Magyarország,Magyar Természetvédők Szövetsége- Föld Barátai Magyarország,≤100
361192207285290,Friedrich-Ebert-Stiftung Budapest,Friedrich-Ebert-Stiftung Budapest,≤100
215551471947529,Sajómente,Sajómente,≤100
607449159668998,61-es út,61-es út mentén egyesület,≤100
682448271826776,Cseh Katalin,Cseh Katalin,≤100
320645820787,Haszon magazin,Haszon magazin,≤100
110292211697859,Erdélyi Rezső Krisztián Nézőpontja,Nézőpont,≤100
150836998898897,aHang,aHang,≤100
14792493292,Magyar Kétfarkú Kutya Párt,Magyar Kétfarkú Kutya Párt,≤100
101256371759076,Corvinák,Mathias Corvinus Collegium Alapítvány,≤100
113375923695023,Fidesz Budapest,Fidesz Budapest,≤100
1065713933504228,Új Egyenlőség,Új Egyenlőség,≤100
751133218288660,XXI. Század Intézet,Közép- és Kelet-európai Történelem és Társadalom Kutatásáért Közalapítvány,≤100
110492499001,Labrisz Leszbikus Egyesület,Labrisz Leszbikus Egyesület,≤100
1461534750733248,Schmuck Erzsébet,LMP - Lehet Más a Politika,≤100
102186064905787,Zöld Követ Egyesület,Zöld Követ Egyesület,≤100
186937904681332,Szabó Rebeka,Párbeszéd Magyarországért Párt,≤100
503661113167983,Mézbogyó,These ads ran without a disclaimer,≤100
269445193079351,Verzio International Human Rights Documentary Film Festival,Verzió Film Alapítvány,≤100
948663291926357,HVG BrandLab,HVG BrandLab,≤100
1869511526651884,Zsigmond Barna Pál,Fidesz,≤100
202099276507678,24.hu,24.hu,≤100
170834092937469,K-Monitor,K-Monitor,≤100
230314307098155,Patent Egyesület,PATENT Egyesület,≤100
102203505677256,Fenntartható Városok,Fenntartható Közösségek Központja,≤100
107268832720433,GreenDependent (www.greendependent.org),GreenDependent Intézet Nonprofit Kft,≤100
791195177725997,V-Akták,V-Akták,≤100
1449423641866973,Illés Boglárka,Illés Boglárka,≤100
102384608623743,CreativeSolar,CreativeSolar,≤100
116925790432558,Lehoczki Ádám,Lehoczki Ádám,≤100
222935035147780,moszkvater.com,moszkvater.com,≤100
145368549429410,Földesi Gyula hivatalos oldala,Fidesz Pesterzsébet,≤100
107777164915140,,Mi Hazánk Gödöllő,≤100
104114915940264,Fenntartható Városok Akadémia,Fenntartható Közösségek Központja Kft.,≤100
703933919730152,Fogarasi Gábor,Jobbik Magyarországért Mozgalom,≤100
519279158277826,Szülői Hang,These ads ran without a disclaimer,≤100
186937904681332,Szabó Rebeka,Párbeszéd Magyarországért,≤100
108480805551474,Rataj András,Rataj András,≤100
1215492498464496,Angyal Károly,LMP - Magyarország Zöld Pártja,≤100
264210363649459,Élő Norbert,Élő Norbert,≤100
101040961353702,Temesvári Szilvia,Párbeszéd Magyarországért,≤100
112077331126014,Helyi Hírhozó,helyihirhozo.hu,≤100
100688334643220,Tonzor Péter,Demokratikus Koalíció,≤100
1078158995561613,Jakál Adrienn,Párbeszéd Magyarországért,≤100
1746448082098864,Vértesker Gépker Kft.,These ads ran without a disclaimer,≤100
197203437879379,Szaniszló Sándor,Pestszentlőrinc-Pestszentimre polgármestere,≤100
344967909393503,Nagy Bálint,Fidesz,≤100
103043695465750,Hogy mi a bajom?,Hogy mi a bajom?,≤100
276554411147,Szabolcs Online,Mediaworks Hungary Zrt.,≤100
244669668913278,Ökopolisz Alapítvány,Ökopolisz Alapítvány,≤100
109539103711670,Molnárka Gábor - Momentum,Momentum Mozgalom,≤100
100854821274719,Sajgó György - Momentum,Momentum Mozgalom,≤100
587249854964760,"Sipos Dávid - Dunakeszi alpolgármestere, Programiroda vezető","Sipos Dávid - Dunakeszi alpolgármestere, Programiroda vezető",≤100
777343075710072,Migrációkutató Intézet,Migrációkutató Intézet,≤100
2169722316616799,Fidesz Hódmezővásárhely,Fidesz Hódmezővásárhely,≤100
109651004719614,Szol24,Esélyegyenlőség és Fenntarthatóság Egyesület,≤100
101382944578702,Szilágyi László,Szilágyi László,≤100
104305169620404,Nicelife,Nicelife,≤100
100437945297266,Momentum Törökbálint,Momentum Mozgalom,≤100
160935777365,bama.hu - a baranyai hírportál,bama.hu - a baranya megyei hírportál,≤100
149302881895521,Pócs János,Fidesz,≤100
320986996098,zaol.hu,Mediaworks Hungary Zrt.,≤100
100711304847811,A szomszédja már tudja - Ön is tudja meg,A szomszédja már tudja - Ön is tudja meg,≤100
193640214178356,Gyopáros Alpár,Gyopáros Alpár,≤100
105205354578661,Szabó Bettina,Szabó Bettina,≤100
571986950139979,Koi Norbert,Koi Norbert,≤100
107760432613264,Sonline.hu - Somogy közösségi és hírportálja,Sonline.hu - Somogy közösségi és hírportálja,≤100
103591687668484,Zag Gábor,Demokratikus Koalíció,≤100
393679827916885,TV18,Városgazda18,≤100
103478164920832,Rubicon Intézet,Rubicon Intézet,≤100
167604093409160,Promenad24,Dél-alföldi Média Centrum Kft.,≤100
104330098359856,Pleva Dániel,Momentum Mozgalom,≤100
106963942072063,Halász Noémi,Halász Noémi,≤100
101508528866981,Fehérvár a Miénk,Fehérvár a miénk,≤100
106920862700810,JCC Budapest - Bálint Ház,Bálint Zsidó Közösségi Ház Alapítvány,≤100
101646642494867,Kristály,Kristály,≤100
184922004946258,Horváth Csaba,Budapest Főváros XIV. Kerület Zugló Önkormányzata,≤100
1405665623004645,"Földi László, országgyűlési képviselő","Földi László, országgyűlési képviselő",≤100
100374392742057,Weregreenly- Magazine,These ads ran without a disclaimer,≤100
1220981994590364,FT Partner Content,These ads ran without a disclaimer,≤100
247194805295271,Helen Doron Global,These ads ran without a disclaimer,≤100
176508225770197,Austrian Master Classes,These ads ran without a disclaimer,≤100