﻿Page ID,Page name,Disclaimer,Amount spent (TND)
175590267993,Al Majalla,These ads ran without a disclaimer,≤100
316496640057,7iber,These ads ran without a disclaimer,≤100
59978261217,U.S. Embassy Tunis,U.S. Embassy Tunis,≤100
426799224176976,Ebenezer is Marketing,These ads ran without a disclaimer,≤100
1840617676028308,MC Max 大力,These ads ran without a disclaimer,≤100
120223804387904,dailypositivityboost,These ads ran without a disclaimer,≤100
312898778847834,TERRAM PACIS,These ads ran without a disclaimer,≤100