﻿Page ID,Page name,Disclaimer,Amount spent (USD)
101605572118417,Qarabağ Dirçəliş Fondu,Qarabağ Dirçəliş Fondu,≤100
101706675429426,Karabakh Center,Qarabağ Dirçəliş Fondu,≤100
104396145214291,3D Kristal hediyyesi,These ads ran without a disclaimer,≤100
643654899036233,İnnovasiyalar Mərkəzi / Innovations Center,İnnovasiyalar Mərkəzi,≤100
459298240774359,ModeratorAz,ModeratorAz,≤100
101289938053927,Elnur Allahverdiyev,Elnur Allahverdiyev,≤100
104355860955968,Press Klub,Press Klub,≤100
100202725184190,Caliber.Az,Caliber LLC,≤100
806234346120161,Toplum TV,Toplum tv,≤100
219789853847,Ali Karimli (Əli Kərimli),These ads ran without a disclaimer,≤100
275213021004357,Gündəlik Naxçıvan,These ads ran without a disclaimer,≤100