﻿Page ID,Page name,Disclaimer,Amount spent (USD)
112477522422248,David Collado,David Collado,≤100
1088892607843189,Ministerio de Vivienda y Edificaciones,Ministerio de la Vivienda y Edificaciones - MIVED,≤100
339085486274571,Alexis Victoria Yeb,Alexis Victoria Yeb,≤100
123397997671209,Listín Diario,Alejandro Jose Madera Rodriguez,≤100
106687624223989,Rescate Democratico,Rescate Democratico,≤100
100441899588408,Partido Renovador Reformista PRR,Paritdo Renovador Reformista,≤100
492966110748093,Su Mundo TV,Penelope Canario Herrera,≤100
465691517186469,Noticias Nacionales RD,Angel Miguel Rivera Rijo,≤100
828915397147051,Autoridad Portuaria Dominicana,Autoridad Portuaria Dominicana,≤100
532600796858736,Jean Luis Rodriguez,Jean Luis Rodriguez Jimenez,≤100
384585075208423,Alcaldía de Higüey,Joel Rijo Benzo,≤100
123391448284422,Alcaldia Salcedo,Pedro Raul Diloné Brito,≤100
102739112342896,masluis2024,Junior Bernavel Poche Mariñez,≤100
109833958271703,Bancada de Centro,Bancada de Centro,≤100
383834305680811,Sandro Sanchez Diputado,Jesus Manuel Sanchez Martinez,≤100
101688437847211,Imagen Universal TV,Imagen Universal TV,≤100
266790296879,Bloomberg,These ads ran without a disclaimer,≤100
100801155995944,Noticiero RD,Noticiero RD,≤100
379724832066902,Participación Ciudadana,Milcom Aaron Olivo Bello,≤100
113154904968139,last_legendd,These ads ran without a disclaimer,≤100
202225953152762,Yomeanimo,These ads ran without a disclaimer,≤100