﻿Page ID,Page name,Disclaimer,Amount spent (USD)
122258358636926,Sound of Freedom Movie,"Sound of Freedom, LLC",369
104623832132932,Perry Johnson,PERRY JOHNSON FOR PRESIDENT INC.,139
107483817554072,WorkMoney,WorkMoney,112
201248453800242,My Pay My Say,Mackinac Center for Public Policy,≤100
102915374460262,Shell USA,Shell,≤100
100364185463048,Angel Studios,"Angel Studios, Inc.",≤100
104095962704249,SOS America PAC,SOS America PAC,≤100
1562713090633117,Operation Underground Railroad,OPERATION UNDERGROUND RAI,≤100
103875099042033,DailyWire+,The Daily Wire,≤100
7860876103,Joe Biden,BIDEN VICTORY FUND,≤100
1401420106565358,Governor Doug Burgum,Governor's Summit on Innovative Education,≤100
127225910653607,PragerU,PragerU,≤100
188055037943644,North Dakota Family Alliance,North Dakota Family Alliance,≤100
385473284886474,Hillsdale College,Hillsdale College,≤100
101584489634833,Liberty Society,NICKEL LIMITS LLC,≤100
809836039361670,Congressman Kelly Armstrong,Office of Congressman Kelly Armstrong,≤100
145917588805718,Dr Jordan B Peterson,The Daily Wire,≤100
21492729544,Catholic Relief Services,CATHOLIC RELIEF SERVICES - UNITED STATES CONFERENCE OF CATHOLIC BISHOPS,≤100
106244251043808,America's Plastic Makers,"AMERICAN CHEMISTRY COUNCIL, INC.",≤100
18982436812,ACLU,American Civil Liberties Union,≤100
9062006483,REI,"RECREATIONAL EQUIPMENT, INC.",≤100
200650357207240,I Love My Freedom,I Love My Freedom,≤100
130449343291731,Ryan Binkley,BINKLEY FOR PRESIDENT 2024,≤100
592707041080920,Stand Together,Stand Together Chamber of Commerce Inc.,≤100
57259033959,AARP,AARP,≤100
115379705206001,U.S. Department of Homeland Security Blue Campaign,DHS Blue Campaign,≤100
1255705481272786,America250,AMERICA 250 FOUNDATION INC,≤100
602074469965571,Plan C,NATIONAL WOMENS HEALTH NETWORK,≤100
126297030950,Johnson & Johnson,Johnson & Johnson,≤100
2353537341582545,Proud Patriots,Proud Patriots,≤100
304600892905134,Hillsdale College Online Courses,Hillsdale College,≤100
92925746942,Judicial Watch,Judicial Watch,≤100
1589261434655726,Advocate Alliance Group,Advocate Alliance Group LLC,≤100
110483677935904,Team DeSantis,Ron DeSantis for President,≤100
188680044515338,South Dakota Governor's Office of Economic Development,South Dakota Governor's Office of Economic Development,≤100
495170667357093,Electronic Payments Coalition,ELECTRONIC PAYMENTS COALITION INC,≤100
203197030603239,8 Billion Trees,8 Billion Trees LLC,≤100
112314627622757,Merchants Payments Coalition,"Merchants Payments Coalition, Inc.",≤100
40217893542,AIPAC,AIPAC,≤100
49651563727,Live Action,Live Action,≤100
1669941646417657,Senior Choice Financial,Senior Choice Financial,≤100
7030901126,Campaign for Tobacco-Free Kids,Campaign for Tobacco-Free Kids,≤100
1461100540775171,The Tuttle Twins,LIBERTAS INSTITUTE,≤100
113891694102,Energy Citizens,AMERICAN PETROLEUM INSTITUTE,≤100
570092813023833,Matt Walsh,The Daily Wire,≤100
112600915451330,No Labels,No Labels,≤100
114008535880,Foundation for Individual Rights and Expression,FOUNDATION FOR INDIVIDUAL RIGHTS IN EDUCATION,≤100
118303441570966,Homeowner Smart,NATIONAL ASSOCIATION OF REALTORS,≤100
166618413413767,Jay Sekulow,American Center for Law and Justice,≤100
110594725386545,Tell It Like It Is PAC,Tell It Like It Is PAC,≤100
153080620724,Donald J. Trump,TRUMP SAVE AMERICA JOINT FUNDRAISING COMMITTEE,≤100
428821014132730,Katie Porter,KATIE PORTER FOR SENATE,≤100
8492293163,Environmental Defense Fund,Environmental Defense Fund,≤100
148283301869985,Many Hopes,ONE HOME MANY HOPES INC,≤100
290142351936889,Patient Rights Advocate,PATIENT RIGHTS ADVOCATE INC,≤100
15771560300,Earthjustice,EARTHJUSTICE,≤100
53674651369,SBA Pro-Life America,"SUSAN B. ANTHONY LIST, INC.",≤100
24330467048,Americans for Prosperity,AMERICANS FOR PROSPERITY,≤100
6041057841,The Humane Society of the United States,"HUMANE SOCIETY OF THE UNITED STATES, THE",≤100
248181906078243,National Institute for Civil Discourse,CommonSense American,≤100
6024998621,StoryCorps,StoryCorps,≤100
100992801635617,Conservative-American.org,Conservative American Strategies,≤100
104107788684988,Tom Klingenstein,TomKlingenstein.com,≤100
308353252483,Kristi Noem,Kristi for Governor,≤100
309308412520731,Sandy Hook Promise,Sandy Hook Promise,≤100
85452072376,NEWSMAX,"NEWSMAX MEDIA, INC.",≤100
51405613519,Focus on the Family,Focus on the Family,≤100
103715861368344,McCormick & Company,MCCORMICK & COMPANY INC,≤100
107661474402498,United Patriot,United Patriot,≤100
6204742571,Sierra Club,SIERRA CLUB,≤100
103695769458,United States Mint,United States Mint,≤100
236959743562,Grant Cardone,These ads ran without a disclaimer,≤100
6514736316,Walden University,Walden University,≤100
228132537208218,Tammy Duckworth,TAMMY FOR ILLINOIS,≤100
109092142462587,Adam Schiff,SCHIFF FOR SENATE,≤100
107533860975028,Conservative,CONSERVATIVE LLC,≤100
170591064699,Southern Poverty Law Center,"SOUTHERN POVERTY LAW CENTER, INC., THE",≤100
46150078821,Glenn Hegar,Glenn Hegar Campaign,≤100
100346689495660,Pete's Pranks,Petes Pranks,≤100
1958912674200535,The Pour Over,Pour Over,≤100
104394262049761,Jeremy's Razors,The Daily Wire,≤100
10128918116,Gavin Newsom,Campaign for Democracy Committee,≤100
70874333603,CatholicVote,catholicvote.org,≤100
190226429055,U.S. Department of Labor,United States Department of Labor,≤100
96935476345,Democratic Governors Association (DGA),"Democratic Action, democraticgovernors.org, not authorized by any candidate or candidate's committee.",≤100
1428755447227803,Defend The Second,Next Level Goods,≤100
114710126648118,Republican Dogs,Republican Dogs,≤100
2053678114723700,President Trump's Patriot Army,I Love My Freedom,≤100
580610428636345,Fight for $15,Fight for $15,≤100
191247007554047,Center of the American Experiment,Center of the American Experiment,≤100
304600892905134,Hillsdale College Online Courses,HILLSDALE COLLEGE,≤100
58433611572,Seventh Generation,SEVENTH GENERATION INC,≤100
19013582168,PBS,Public Broadcasting Service,≤100
203805062990264,Ben Shapiro,Daily Wire,≤100
150720154976207,Protect My Public Media,APTS Action Inc,≤100
24413227922,Kamala Harris,BIDEN VICTORY FUND,≤100
100692068471118,Explain America,Apse Media LLC,≤100
107764430968176,Tuttle Twins TV Show,"Tuttle Twins Show, LLC",≤100
160630887998827,Let Them Live,Let Them Live,≤100
118152441212175,Digital Innovation for America,Digital Innovation for America,≤100
101229565835425,Agenda for America,Agenda for America,≤100
114765400352270,Kite & Key Media,VMTS EDUCATION INC,≤100
342294162453301,Planned Parenthood,Planned Parenthood Federation of America,≤100
104673965019490,Growing Almonds,ALMOND BOARD OF CALIFORNIA,≤100
104977525752112,Freedom of Patriots,Freedom of Patriots,≤100
8501031021,VoteVets,VOTEVETS,≤100
702582586516561,CBN Israel,The Christian Broadcasting Network,≤100
376776419037747,Turning Point USA,"Turning Point USA, Inc.",≤100
45393753416,Alliance Defending Freedom,Alliance Defending Freedom,≤100
203805062990264,Ben Shapiro,The Daily Wire,≤100
134452023239984,Human Coalition,Human Coalition,≤100
76470053424,TIAA,TEACHERS INSURANCE AND ANNUITY ASSOCIATION OF AMERICA,≤100
1682876188698809,United for Respect,United for Respect,≤100
665345483483486,NRA - National Rifle Association of America,NATIONAL RIFLE ASSN OF AMERICA,≤100
23875187730,Feeding America,Feeding America,≤100
103807629149771,Working Forests Initiative,"WORKING FOREST INITIATIVE, INC.",≤100
21375324480,The Heritage Foundation,HERITAGE FOUNDATION (THE),≤100
1526736227567131,TrueCoverage,True Coverage,≤100
100403528653081,Punchbowl News,Punchbowl News,≤100
102748688472759,Parents Defending Education,Parents Defending Education,≤100
142148422542873,Dakota Boys and Girls Ranch,DAKOTA BOYS AND GIRLS RANCH,≤100
83290028957,Care Net,CARE NET,≤100
340153562850578,Tim Tebow,TIM TEBOW FOUNDATION,≤100
255062275778,Tim Tebow Foundation,TIM TEBOW FOUNDATION,≤100
118385911198439,Trending Politics News,I Love My Freedom,≤100
30139072158,CARE,"COOPERATIVE FOR ASSISTANCE AND RELIEF EVERYWHERE, INC. (CARE)",≤100
101391906600,Live Action News,Live Action,≤100
6726182861,Mike Pence,Mike Pence for President,≤100
152759126824,Enbridge,Enbridge Inc.,≤100
5720973755,Defenders of Wildlife,DEFENDERS OF WILDLIFE,≤100
2245766435469741,Beersy,Beersy LLC,≤100
108512875350,The Atlas Society,The Objectivist Center Ltd,≤100
104295601633638,American Cornerstone Institute,American Cornerstone Institute Inc,≤100
1526707030943680,Phoenix Dream Center,City Help Inc of Phoenix dba Phoenix Dream Center,≤100
50822254585,Mountain States Legal Foundation,Mountain States Legal Foundation,≤100
103375628943529,Adam Frisch,Adam for Colorado,≤100
86071521216,Second Amendment Foundation,SECOND AMENDMENT FOUNDATION INC,≤100
317284821682168,Messianic Jewish Alliance of America (MJAA),Messianic Jewish Alliance of America,≤100
245741028804051,Barbara Sinatra Center,Barbara Sinatra Children's Center,≤100
7357041101,Tammy Baldwin,TAMMY BALDWIN FOR SENATE,≤100
615867588540441,Will Hurd,Hurd for America,≤100
104253615152700,America First Legal,America First Legal Foundation,≤100
191817486024,60 Plus Association,60 PLUS ASSOCIATION INC,≤100
109320440856128,Stand Up to Jewish Hate,"Foundation to Combat Anti-Semitism, Inc.",≤100
6502038524,First Book,FIRST BOOK,≤100
7341997111,Conservation International,Conservation International,≤100
372922692828,SEIU-United Healthcare Workers West,SEIU United Healthcare Workers West Local 2005,≤100
12375354406,USO,United Service Organizations,≤100
6266829799,Sherrod Brown,FRIENDS OF SHERROD BROWN,≤100
100652668612020,Essential Plastics Coalition,"CENTER FOR CONSUMER FREEDOM, THE",≤100
219800681426720,The Maine Wire,The Maine Wire,≤100
18709174006,National Audubon Society,"NATIONAL AUDUBON SOCIETY, INC.",≤100
104859815770730,Simple Health Solutions,Health Enrollment Department LLC,≤100
100684991996307,November Coalition,NOVEMBER COALITION,≤100
101432317199,Blue Cross and Blue Shield Association,BLUE CROSS AND BLUE SHIELD ASSOCIATION,≤100
570953166908066,Vivek Ramaswamy,VIVEK 2024,≤100
154118711626447,Wondery,"Wondery, Inc.",≤100
267180743723148,National Geographic Society,National Geographic Society,≤100
140357056032320,NEA Today,National Education Association,≤100
408250066356,Bill O'Reilly,"Bill Me, Inc.",≤100
216311481960,Bill Gates,Bill Gates,≤100
1435071773455316,Daily Wire,The Daily Wire,≤100
557051651115624,Stidham Financial Services,Stidham Financial Services,≤100
61492859575,Americares,"Americares Foundation, Inc.",≤100
1470540296409810,Fair Fight Action,FAIR FIGHT,≤100
110442961603215,Yikes Today,Yikes Today,≤100
1476342155924546,Big Rig Threads,Big Rig T-Shirts and Decals LLC,≤100
11309713071,Gates Foundation,Bill and Melinda Gates Foundation,≤100
141786816970,CLIA - Cruise Lines International Association,Cruise Lines International Association,≤100
49699114675,Menage a Trois Wines,These ads ran without a disclaimer,≤100
1632814840319802,John Fetterman,Fetterman for PA,≤100
108268161352786,Stanley M. Herzog Foundation,Herzog Foundation,≤100
8532248414,Wounded Warrior Project,"WOUNDED WARRIOR PROJECT, INC.",≤100
1505244559517282,Colin Allred,COLIN ALLRED FOR SENATE,≤100
1316372698453411,Alexandria Ocasio-Cortez,Alexandria Ocasio-Cortez for Congress,≤100
6316744206,Jon Tester,MONTANANS FOR TESTER,≤100
215968684159,AFT - American Federation of Teachers,American Federation of Teachers,≤100
349068689306,Tim Scott,Tim Scott for America,≤100
107454490912636,Jewish Future Pledge,Jewish Future Pledge Inc,≤100
219612384781411,Bloomberg Philanthropies,Bloomberg Philanthropies,≤100
1443127535947107,Save the Children Action Network,Save the Children Action Network,≤100
8550121410,Free Speech America Project,MEDIA RESEARCH CENTER,≤100
118626774835274,Medicare Made Clear,Medicare Made Clear from United Healthcare,≤100
104933662932387,CreativeFuture,CreativeFuture,≤100
100758682697459,Mayday Health,"Mayday Medicines, Inc.",≤100
38235851310,USA for UNHCR,UNITED STATES ASSOCIATION FOR UNHCR,≤100
102944619008819,1 Million Strong,Stand Together Chamber of Commerce Inc.,≤100
101704558574021,Lucas Kunce,Lucas Kunce for Missouri,≤100
51379424899,Mercy Ships,MERCY SHIPS INTERNATIONAL,≤100
19437978960,Chris Murphy,FRIENDS OF CHRIS MURPHY,≤100
114290434896450,Green Power Solutions,These ads ran without a disclaimer,≤100
15239367801,The Wilderness Society,"WILDERNESS SOCIETY, THE",≤100
105561217523274,The Dispatch,"Dispatch Media, Inc.",≤100
6355071377,American Cancer Society Cancer Action Network - ACS CAN,AMERICAN CANCER SOCIETY CANCER ACTION NETWORK INC,≤100
147368882623027,Black Futures Lab,Black Futures Lab,≤100
2255535767896743,Mark Robinson,Friends of Mark Robinson,≤100
278052172260101,ZERO TO THREE,ZERO TO THREE,≤100
24470472733,The Trevor Project,The Trevor Project,≤100
7292655492,MoveOn,MOVEON.ORG POLITICAL ACTION,≤100
246323280108,American Medical Association,American Medical Association,≤100
23790541544,Democrats,DCCC,≤100
107830128834941,Keith Gross,KEITH GROSS FOR FLORIDA,≤100
483732201807233,Safari Club International - SCI,SAFARI CLUB INTERNATIONAL,≤100
786167111464006,Woodson Center,The Woodson Center,≤100
160005659383,PreBorn,"MISSION: PRE-BORN, INC.",≤100
69983322463,Ted Cruz,TED CRUZ FOR SENATE,≤100
47710973068,Voices for Cooperative Power,Voices for Cooperative Power,≤100
103531607822207,Noticias para Inmigrantes,"Wise Rock Media, PBC",≤100
443329669123990,USAFacts,USAFacts Institute,≤100
7191206138,ASPCA,ASPCA,≤100
417709355647,The Lynde and Harry Bradley Foundation,"LYNDE AND HARRY BRADLEY FOUNDATION, INC., THE",≤100
19342050934,Leadership Institute,LEADERSHIP INSTITUTE INC,≤100
2254455051442790,Patriot Depot,Flag & Cross,≤100
114009933764548,The Patriot Club,RightWingGear.com,≤100
112735922758892,Charlie Kirk,"Turning Point USA, Inc.",≤100
408526523045391,Mammoth Nation,Mammoth Nation,≤100
2602473023098666,Democratic Polling Center,Democratic Governors Association,≤100
154561574598964,White Coat Waste Project,THE WHITE COAT WASTE PROJECT INC,≤100
83865976093,Truthout,TRUTHOUT,≤100
375742685850856,Firearms Policy Coalition,"FIREARMS POLICY COALITION, INC.",≤100
2321993584737314,The Markin Report,The Markin Report,≤100
197760674021143,Indivisible Guide,Indivisible Project,≤100
93228695778,Tea Party Patriots,Tea Party Patriots,≤100
474227102732389,Turning Point Action,Turning Point Action,≤100
122269174199638,USA Journal News,USA Features Media LLC,≤100
100512237997467,Community Health Partnership,Community Health Partnership,≤100
15041226930,Oxfam,"OXFAM AMERICA, INC.",≤100
6240652407,Young America's Foundation,Young America's Foundation Inc,≤100
259351004139042,Ashbrook Center,Ashbrook Center,≤100
1272534336242476,CFR Education,Council on Foreign Relations,≤100
197760674021143,Indivisible Guide,INDIVISIBLE ACTION,≤100
8934429638,Planned Parenthood Action,Planned Parenthood Action Fund,≤100
803459933085415,Women Speak,These ads ran without a disclaimer,≤100
299076827204864,Councilor Hunter Williams,"Birmingham Events, Visitors & Tourism",≤100
102579112455934,Making The Leap Podcast,Stanley M. Herzog Charitable Foundation,≤100
38882699096,Polaris,POLARIS PROJECT,≤100
291102898490822,Conservative Comedy Store,Conservative Comedy Store,≤100
7030901126,Campaign for Tobacco-Free Kids,TOBACCO-FREE KIDS ACTION FUND,≤100
1593518174052711,Candace Owens,Daily Wire,≤100
169597416843751,Stand Up America,Stand Up America,≤100
15188122178,The Hamilton Collection,The Hamilton Collection,≤100
170756446429578,Othering & Belonging Institute,Othering and Belonging Institute,≤100
72931140459,Center for Biological Diversity,"CENTER FOR BIOLOGICAL DIVERSITY, INC.",≤100
38471053686,Elizabeth Warren,"WARREN FOR SENATE, INC.",≤100
8325302025,Friends of the Earth U.S.,Friends of the Earth,≤100
251734676525,Kevin Cramer,CRAMER FOR SENATE,≤100
111824001908,Hakeem Jeffries,JEFFRIES FOR CONGRESS,≤100
20787991568,Senate Democrats,DSCC,≤100
300992409852,Hoover Institution,Hoover Institution,≤100
9324910069,NRSC,NRSC,≤100
152002971521619,Senator Roland Gutierrez,ROLAND GUTIERREZ FOR TEXAS,≤100
145973965440671,Carnegie Corporation of New York,CARNEGIE CORPORATION OF NEW YORK,≤100
293225127381200,Patriot Depot,The Patriot Depot,≤100
126305280752104,Slavic Gospel Association,SLAVIC GOSPEL ASSOCIATION,≤100
60182072999,Lila Rose,Live Action,≤100
103565195134756,America First Policy Institute,America First Policy Institute,≤100
7192716362,Amnesty International USA,"AMNESTY INTERNATIONAL OF THE U. S. A., INC.",≤100
100284648021034,New Tolerance Campaign,New Tolerance Campaign,≤100
74470852653,Mike Pompeo,Champion American Values PAC,≤100
103546351703577,Dallas Express,Dallas Express Media,≤100
15503839732,Peter G. Peterson Foundation,Peter G. Peterson Foundation,≤100
107414074990650,Defense of Freedom Institute,"Defense of Freedom Institute for Policy Studies, Inc.",≤100
201956993160690,MRCTV,MEDIA RESEARCH CENTER,≤100
1230571136989811,Top of Mind,Top of Mind,≤100
111806955195299,Wendy Davis for Congress,WENDY DAVIS FOR CONGRESS,≤100
46196975437,Children's Rights,Children's Rights,≤100
309798029121030,Everytown for Gun Safety,Everytown for Gun Safety Action Fund Inc,≤100
122894447754361,Institute for New Economic Thinking,"INSTITUTE FOR NEW ECONOMIC THINKING, THE",≤100
417522508294454,Job Creators Network,Job Creators Network,≤100
80562389320,NARAL Pro-Choice America,NARAL PRO-CHOICE AMERICA CORP,≤100
6756153498,Mike Bloomberg,Bloomberg Philanthropies,≤100
164966660351345,Hope Outfitters,Hope Outfitters,≤100
106608038931801,Loyal Patriots,Loyal Patriots,≤100
29717379728,International Justice Mission,International Justice Mission,≤100
103355385129734,The Climate Pledge,The Climate Pledge,≤100
103885799225717,Liberty Protector,Liberty Protector,≤100
91346559231,Democratic Legislative Campaign Committee - DLCC,Democratic Legislative Campaign Committee,≤100
105120815642998,Partnership to Address Global Emissions,PARTNERSHIP TO ADDRESS GLOBAL EMISSIONS INC,≤100
173896102623920,Old Row,Old Row,≤100
6333396177,NewsBusters.org,MEDIA RESEARCH CENTER,≤100
407902639235640,JNS.org,Jewish News Syndicate,≤100
5970146660,Community Change,Center for Community Change Action,≤100
104107455066450,H. Russell Cohen,H. Russell Cohen,≤100
101224002310757,Seven Weeks Coffee,Seven Weeks Coffee,≤100
482100658584410,We Stand For Energy,"EDISON ELECTRIC INSTITUTE, INC.",≤100
431019887282794,Tomorrow's World Today,Flying Cork,≤100
6334782252,Oceana,Oceana,≤100
147126507164,ACTwireless,ACTwireless,≤100
107428537791747,ConnectCenter1,These ads ran without a disclaimer,≤100
104373526741700,Save Our Air Medical Resources,Save Our Air Medical Resources,≤100
1832744013698336,Mahogany Mommies,Mahogany Mommies,≤100
7735858972,Humane Society Legislative Fund,Humane Society Legislative Fund,≤100
8524198486,Physicians Committee for Responsible Medicine,"PHYSICIANS COMMITTEE FOR RESPONSIBLE MEDICINE, INC.",≤100
456650934476413,MARC - Medicare Advocacy Recovery Coalition,Medicare Advocacy and Recovery Coalition,≤100
282728185140429,Rep For Vets,The Rep For Vets,≤100
10498053716,Media Research Center,MEDIA RESEARCH CENTER,≤100
583258211727279,Shai Fund,SHAI FUND INC,≤100
19746387261,Humane Society International,Humane Society International,≤100
135880909935010,Francis Suarez,"SUAREZ FOR PRESIDENT, INC.",≤100
156802024655451,Colorado Care Workers Unite,Colorado Care Workers Unite,≤100
225417223906,Arnold & Itkin LLP,These ads ran without a disclaimer,≤100
56680318666,Illinois Policy,Illinois Policy,≤100
354851377936744,BookTV,NATIONAL CABLE SATELLITE CORPORATION,≤100
17203056985,Partners In Health,Partners In Health,≤100
114633944922650,"Sunlyt, LLC","Sunlyt, LLC",≤100
17911165812,Covenant House International,Covenant House,≤100
117437204982602,American Wild Horse Campaign,American Wild Horse Preservation Campaign,≤100
60261764250,Childhelp,"CHILDHELP, INC.",≤100
121516622483,The Center Square,The Center Square,≤100
118432634589209,ChoeShow,These ads ran without a disclaimer,≤100
471928596287830,Brian Mast,Mast for Congress,≤100
106131675020147,Digital Progress Institute,DIGITAL PROGRESS INSTITUTE,≤100
92021268117,Working America,Working America,≤100
1163811040367180,Food & Water Action,FOOD & WATER ACTION,≤100
109521013225,Nikki Haley,Nikki Haley for President,≤100
466164103423147,Thorn,Thorn,≤100
120102651346136,Nevada State Treasurer’s Office,STATE TREASURER NEVADA OFFICE OF,≤100
107445151903077,Change The Code,GREENPEACE INC,≤100
104491841664875,Country First,"Country First Action, Inc.",≤100
100277132101163,One Percent for America,"ONE PERCENT FOR AMERICA, INC.",≤100
13341879933,Organic Consumers Association,ORGANIC CONSUMERS ASSOCIATION,≤100
524399207959953,Truth & Liberty Coalition,Truth & Liberty Coalition,≤100
376250065793807,Citizens for Responsible Energy Solutions,CITIZENS FOR RESPONSIBLE ENERGY SOLUTIONS INC,≤100
102413723172970,Nick Adams,Nick Adams,≤100
313723095478950,Daily Citizen,Focus on the Family,≤100
105753898811449,Align Us,Align Us,≤100
103376804451432,Trending Politics,I Love My Freedom,≤100
205795426669644,Facts and Logic about the Middle East,Facts and Logic About the Middle East,≤100
100119981671668,Blue Senate,BLUE SENATE PAC,≤100
14038292386,Women for Women International,WOMEN FOR WOMEN INTERNATIONAL,≤100
18079407397,CPAC,American Conservative Union,≤100
107936991746783,A Common Sense America,Common Sense America Inc,≤100
159658557547960,Wall Street Journal Opinion,The Wall Street Journal,≤100
115262456592822,Christians Engaged,Christians Engaged,≤100
110099228407333,Chevron Advocacy Network,Chevron Advocacy Network,≤100
102961048478150,Center for Renewing America,CENTER FOR RENEWING AMERICA INC,≤100
30914589895,The International Fellowship of Christians and Jews,INTERNATIONAL FELLOWSHIP OF CHRISTIANS & JEWS INC,≤100
105157841248307,No Filter Politics,No Filter Politics,≤100
836826976517252,International Christian Embassy Jerusalem - USA,"International Christian Embassy Jerusalem - USA, Inc.",≤100
35715544220,Stand.earth,Stand.earth,≤100
175951519123368,Delbert Hosemann,Delbert Hosemann,≤100
5644748986,National Wildlife Federation,NATIONAL WILDLIFE FEDERATION,≤100
297987334762,Jamie Raskin,Jamie Raskin for Congress,≤100
34362997676,United States Holocaust Memorial Museum,UNITED STATES HOLOCAUST MEMORIAL MUSEUM,≤100
121268821249550,World Central Kitchen,World Central Kitchen,≤100
1590877284560136,Patti Harris,Bloomberg Philanthropies,≤100
9364828262,Citizens Against Government Waste,CITIZENS AGAINST GOVERNMENT WASTE,≤100
49421708941,Americans for Limited Government,AMERICANS FOR LIMITED GOVERNMENT IN,≤100
127637620616803,Comcast Newsmakers,COMCAST CORPORATION,≤100
102592959026,Ocean Conservancy,"OCEAN CONSERVANCY, INC.",≤100
113986481630469,Trending Patriots,I Love My Freedom,≤100
487406107954778,Red Movement Store,These ads ran without a disclaimer,≤100
105173311888160,Star and Bar,Star and Bar,≤100
290851614930809,Combat AntiSemitism,Combat Hate Foundation,≤100
111306298500421,Julie Hartman,Salem Media Group,≤100
240937060405,Center for Science in the Public Interest (CSPI),Center for Science in the Public Interest,≤100
6787988478,Physicians for Human Rights,"PHYSICIANS FOR HUMAN RIGHTS, INC.",≤100
110624565660992,ZOE International,ZOE International,≤100
104719928295399,Turn Left PAC,TURN LEFT PAC,≤100
294508332028,Lakota People's Law Project,ROMERO INSTITUTE,≤100
357750373755,National Domestic Workers Alliance,National Domestic Workers Alliance,≤100
7515233409,"Mikey Weinstein, MRFF",MILITARY RELIGIOUS FREEDOM FOUNDATION,≤100
131306317680000,Social Goods,"Social Goods, LLC",≤100
1628922377207463,Randy Feenstra,FEENSTRA FOR CONGRESS,≤100
355783211719644,Veteran Caregivers of America,"Veteran Caregivers, LLC",≤100
189892208431158,That's Entertainment,These ads ran without a disclaimer,≤100
443056709080055,ReturnToOrder.org,"American Society for the Defense of Tradition, Family and Property",≤100
603230363139284,Anthony Bompiani,These ads ran without a disclaimer,≤100
309798029121030,Everytown for Gun Safety,Everytown for Gun Safety Support Fund Inc,≤100
10128918116,Gavin Newsom,Campaign for Democracy PAC,≤100
567371470277443,The Wilderness Society Action Fund,The Wilderness Society Action Fund,≤100
105175422857231,Association of American Railroads,ASSOCIATION OF AMERICAN RAILROADS,≤100
17414523278,Democracy Now!,DEMOCRACY NOW,≤100
6445219629,Omaha World-Herald,Omaha World-Herald,≤100
120778038066631,EveryLibrary,EveryLibrary,≤100
89336510798,American Friends of the Hebrew University,American Friends of Hebrew University,≤100
372577693078008,"Saenz-Garcia Law, PLLC","Saenz-Garcia Law, PLLC",≤100
114301413446447,The Climate Initiative,Kennebunkport Climate Initiative,≤100
271453369908901,FLAG  - Foundation for Liberty and American Greatness,FLAG  - Foundation for Liberty and American Greatness,≤100
105250915938055,Patriotic Prints and more.,Patriotic prints Inc,≤100
100700519593180,"Buck Nasty Media. Sports, culture, politics, and the Nasty Truth","Buck Nasty Media. Sports, culture, politics, and the Nasty Truth",≤100
59386210330,American Lung Association,AMERICAN LUNG ASSOCIATION,≤100
56074851990,Truth Initiative,TRUTH INITIATIVE FOUNDATION,≤100
194115677277113,A21,THE A21 CAMPAIGN,≤100
46093654473,National Republican Congressional Committee,NRCC,≤100
116861961319806,Barn Raiser,Barn Raising Media Inc,≤100
95135221781,Federal News Network,Federal News Network,≤100
444237349074965,GPB News,Georgia Public Telecommunications Commission,≤100
281844617168,Jewish Voice Ministries International,JEWISH VOICE MINISTRIES INTERNATIONAL,≤100
18780321251,American Chemistry,American Chemistry Council,≤100
36872302227,Cory Booker,CORY BOOKER FOR SENATE,≤100
11791104453,NRDC,Natural Resources Defense Council,≤100
181924628560212,Ekō,Ekō,≤100
110981884065996,AbortionFinder,Power to Decide,≤100
109599248636777,Consumer Credit Card Protection Coalition,CONSUMER CREDIT CARD PROTECTION COALITION,≤100
7229514244,Drug Policy Alliance,DRUG POLICY ALLIANCE,≤100
262680017949612,Quincy Institute for Responsible Statecraft,Quincy Institute,≤100
945455208962159,For Everyone Collective,For Everyone Collective,≤100
101791315693,Destiny Rescue,"Destiny Rescue International, Inc.",≤100
109118211910879,Mr. 45,Green Straw LLC,≤100
152264148166020,Moms Clean Air Force,Moms Clean Air Force,≤100
46347342434,EMILYs List,EMILY'S LIST,≤100
97466887664,Innocence Project,"INNOCENCE PROJECT, INC., THE",≤100
1470540296409810,Fair Fight Action,FAIR FIGHT ACTION INC,≤100
126893748252841,American Firearms Association,American Firearms Coalition,≤100
19192438096,AAAS - The American Association for the Advancement of Science,American Association for the Advancement of Science,≤100
100607179026941,Of Thee I Sing 1776,Of Thee I Sing 1776,≤100
258062237693141,Rural & Agriculture Council of America,Rural & Agriculture Council of America,≤100
1382441768496365,Pentair,PENTAIR,≤100
124506846628,Agape International Missions,AGAPE INTERNATIONAL MISSIONS,≤100
103588388469410,Disparity Trap,Disparity Trap,≤100
138290759549138,Hope Clinic,Hope Clinic for Women,≤100
104377518078467,More Perfect Union,MORE PERFECT UNION FOUNDATION,≤100
12357407443,American Friends Service Committee,AMERICAN FRIENDS SERVICE COMMITTEE,≤100
202071006601223,GOOD PARTY,Good Party LLC,≤100
386305465057247,Liberty Nation News,Liberty Nation,≤100
343714718985673,Think Wood,Think Wood,≤100
1499191057075106,Chronic Disease Coalition,Chronic Disease Coalition,≤100
284293125336159,Regulatory Transparency Project,FEDERALIST SOCIETY FOR LAW & PUBLIC POLICY STUDIES,≤100
58709265392,Americans United for Separation of Church and State,American's United for Separation of Church and State,≤100
1534290989956166,Philanthropy Roundtable,"PHILANTHROPY ROUNDTABLE, THE",≤100
228754857151053,House Majority PAC,HOUSE MAJORITY PAC,≤100
103839911900639,Sam Brown,SAM BROWN FOR NEVADA,≤100
5435784683,Greenpeace USA,"GREENPEACE, INC.",≤100
112642477582238,Mericanaf,AAF Nation,≤100
100410338482377,American Property Owners Alliance,American Property Owners Alliance,≤100
104873005081197,Repro Legal Defense Fund,IF/WHEN/HOW,≤100
133937690180,Student Conservation Association,Student Conservation Association,≤100
110316380149,Family Policy Alliance,Family Policy Alliance,≤100
101400032438085,The A-Mark Foundation,A MARK FOUNDATION,≤100
142432192446984,David Horowitz Freedom Center,David Horowitz Freedom Center,≤100
367292494407,AJC - American Jewish Committee,AMERICAN JEWISH COMMITTEE,≤100
106705056029405,Renee Pawlish - Author,These ads ran without a disclaimer,≤100
116961958381979,Lt. Governor Billy Nungesser,Friends of Billy Nunesser,≤100
102044622753692,American Potential Podcast,AMERICANS FOR PROSPERITY,≤100
1220042511347971,U.S. Institute Against Human Trafficking,"U.S. INSTITUTE AGAINST HUMAN TRAFFICKING, INC.",≤100
104681138248125,Tiny Revival Clothing Co.,Tiny Revival Clothing Co.,≤100
173470656019870,The Daily Yonder,CENTER FOR RURAL STRATEGIES,≤100
118479622896426,The Veil Removed,The Veil Removed,≤100
102221165021408,Law Forward,"Law Forward, Inc.",≤100
546066468753446,Black Health Matters,BLACK HEALTH MATTERS FOUNDATION INC,≤100
149960585587560,Kohler Co.,Kohler Company,≤100
126211280741703,Midwest Values PAC,Midwest Values PAC,≤100
498221457664032,DHL U.S.,"DHL EXPRESS (USA), INC.",≤100
1869687273277265,Run for Something,Run For Something PAC,≤100
109853965521316,US Grant Development Program,These ads ran without a disclaimer,≤100
657708380952174,Voices of the Civil Rights Movement,Comcast,≤100
1731084720451495,Saprea,The Younique Foundation,≤100
142957224352,International Medical Corps,International Medical Corps,≤100
111357897876676,Scotty Moore for Florida,Scotty Moore for Florida,≤100
488270467889488,Blake Miguez,Friends of Blake Miguez,≤100
101716172441500,Brennan Center en Español,"WILLIAM J. BRENNAN CENTER FOR JUSTICE, INC.",≤100
162244692732,Brennan Center for Justice at NYU Law,"WILLIAM J. BRENNAN CENTER FOR JUSTICE, INC.",≤100
109893362130598,Great American Patriots,I Love My Freedom,≤100
44224524016,American Kidney Fund,"AMERICAN KIDNEY FUND, INC.",≤100
109751565516392,Joey Mannarino,American Victory Direct,≤100
100282586084755,"D.D. Black, Author of Pacific Northwest Crime Fiction",These ads ran without a disclaimer,≤100
114311491625816,Inappro Emporium,Inappro Emporium,≤100
340645001925,San Diego County Democratic Party,San Diego County Democratic Party,≤100
102286035642350,Patriots for USA,USA Features Media LLC,≤100
1883588135197697,Wild Earth Allies,Wild Earth Allies,≤100
1301218283344686,Andy Zay,ZAY FOR CONGRESS,≤100
16900111951,National Organization for Women (NOW),NATIONAL ORGANIZATION FOR WOMEN,≤100
700153177010264,Plant Based Products Council,Plant Based Products Council,≤100
74572223270,Hill Harper,Hill Harper for Michigan,≤100
108691405615393,Reel Sen. Kennedy,BizPac Review,≤100
115031433563622,Leading Ladies,BizPac Review,≤100
165987503528599,Lindsey Graham,"TEAM GRAHAM, INC.",≤100
603247219687559,Buddy Carter,BUDDY CARTER FOR CONGRESS,≤100
102868946106278,Reel Congress,BizPac Review,≤100
596124160422158,Engineers Labor Employer Cooperative ELEC,Local 825 Labor Management Fund,≤100
104908071917505,Welcome.us,Welcome.us,≤100
68879022755,Joe Sweeney,Granite Solutions,≤100
112071038480355,Real News Now,Real News Now,≤100
109352563640,Water.org,WATER.ORG INC.,≤100
108468085874736,International Human Trafficking & Social Justice Conference,Human Trafficking & Social Justice Institute,≤100
130753146592974,UCB USA,UCB USA,≤100
152065518140304,Wildlife Conservation Society,Wildlife Conservation Society,≤100
100572162837561,Trend A Penny,These ads ran without a disclaimer,≤100
555787351119974,Coalition to Protect America's Health Care,Coalition to Protect America’s Health Care,≤100
201446296572389,Compassion in World Farming (USA),Compassion in World Farming Inc,≤100
123344354000398,Workers United Facts,CENTER FOR UNION FACTS,≤100
156496968533805,Explore Beyond,NCTA - The Internet & Television Association,≤100
40102638699,J Street,J STREET INC,≤100
102712325850529,Libratum Press,Libratum Press LLC,≤100
108970206976,World Vision USA,WORLD VISION INC.,≤100
487569614682924,CAPP USA,Yellow Line Productions LLC,≤100
38897314734,Trust for Public Land,"TRUST FOR PUBLIC LAND, THE",≤100
380884168648080,Population Research Institute,POPULATION RESEARCH INSTITUTE,≤100
601678723294742,The Bill Walton Show,Resolute Protector Foundation,≤100
71324717432,National Association of Scholars,NATIONAL ASSOCIATION OF SCHOLARS,≤100
7263476274,Mercy Corps,Mercy Corps,≤100
248489425206081,Alex Stovall for Congress,ALEX FOR CONGRESS,≤100
180381489134,Chris Christie,"Chris Christie For President, Inc.",≤100
105447238507993,Grow Local NY,Good Growth Alliance,≤100
674093346356017,Jen Kiggans for Congress,KIGGANS FOR CONGRESS,≤100
161183970656851,Ruben Gallego,GALLEGO FOR ARIZONA,≤100
116427711494593,American Fury,The Raging Patriot,≤100
117592091643709,Tree of Life Ministries｜Evangelism in Israel,Tree of Life Ministries,≤100
13885075114,Action Against Hunger USA,ACTION AGAINST HUNGER - USA,≤100
101581329115492,Freedom Street,"Freedom From the Press, LLC",≤100
167239703641594,Doug Burgum,"DOUG BURGUM FOR AMERICA, INC.",≤100
21375324480,The Heritage Foundation,These ads ran without a disclaimer,≤100
269348454714,IMB,"INTERNATIONAL MISSION BOARD OF THE SOUTHERN BAPTIST CONVENTION, THE",≤100
130268756992804,Yale Climate Connections,Yale Climate Connections,≤100
102421369434228,Goose's News Daily,Goose's News Daily,≤100
100158948453494,Lars for President,LARS MAPSTEAD FOR PRESIDENT,≤100
18983389920,Open Society Foundations,Open Society Foundations,≤100
1475978805992832,Irvine Community News & Views,Irvine Community News & Views,≤100
68570165885,Save Our Water,California Department of Water Resources,≤100
7219151423,The Fund for American Studies (TFAS),FUND FOR AMERICAN STUDIES,≤100
114440734963600,Reel Tucker,BizPac Review,≤100
109284291894484,American News Stories,"Freedom From the Press, LLC",≤100
116546288359245,Heritage Action for America,HERITAGE ACTION FOR AMERICA,≤100
291391109320335,Cooke for Congress,COOKE FOR CONGRESS,≤100
104659801302856,Anna Kaplan for New York,Anna Kaplan for New York,≤100
1815187388753307,Montana Federation of Public Employees,Montana Federation of Public Employees,≤100
327853590558653,"Agri-Pulse Communications, Inc.","AGRI-PULSE COMMUNICATIONS, INC.",≤100
341513602902369,CALL TO ACTIVISM,CALL TO ACTIVISM,≤100
8002590959,Rainforest Action Network - RAN,RAINFOREST ACTION NETWORK,≤100
345751305447288,Daugherty Water for Food Global Institute,Daugherty Water for Food Global Institute,≤100
101350839190816,Macro Conservative,Macro Conservative,≤100
51533142540,Public Advocate of the U.S.,PUBLIC ADVOCATE OF THE US,≤100
100529699794683,Jessica Swartz,Jessica for Michigan,≤100
7606381190,Amy Klobuchar,KLOBUCHAR FOR MINNESOTA,≤100
1444820465547227,Rank the Vote,Rank the Vote,≤100
104979848524405,Starts With Us,Lubetzky Family Foundation,≤100
110789241969098,Andy Morales,Andy Morales,≤100
508887815910815,BPR,BizPac Review,≤100
138354569532939,"Tradition, Family, Property - TFP","American Society for the Defense of Tradition, Family and Property",≤100
168109446538119,St. Martin's Press,Macmillan Publishing,≤100
104764865532188,Assistance for American,Assistance for American,≤100
1116377255172784,Concerned Veterans for America Foundation,Concerned Veterans for America Foundation,≤100
8446177150,Chosen People Ministries,CHOSEN PEOPLE MINISTRIES INC,≤100
21898300328,BuzzFeed,BuzzFeed,≤100
300341323465160,The Daily Signal,HERITAGE FOUNDATION (THE),≤100
100267349821382,Conservative Nicholas,The Raging Patriot,≤100
91570464218,STARZ,These ads ran without a disclaimer,≤100
747004618667089,Belev Echad,BELEV ECHAD INC,≤100
122742807774775,Municipal Water District of Orange County,Municipal Water District of Orange County,≤100
58158120046,ACLJ,American Center for Law and Justice,≤100
100500465282483,Breaking Battlegrounds,September Group LLC,≤100
107618578223660,California Courier,California Courier,≤100
109200595768753,The Christian Left,The Christian Left,≤100
130130503698358,Eastern European Mission,EASTERN EUROPEAN MISSION,≤100
50513265848,Citizens United,Citizens United,≤100
143173285763,Tenth Amendment Center,Tenth Amendment Center,≤100
1586732664896365,FPC Action Foundation,FPC ACTION FOUNDATION,≤100
106854664123649,Democrats of Iberia,Democrats of Iberia,≤100
203156483151292,PassionLife,PassionLife Ministries,≤100
393076844046051,Progressive Caucus,CONGRESSIONAL PROGRESSIVE CAUCUS PAC,≤100
261951940219,Goldman Environmental Prize,Goldman Environmental Foundation,≤100
254943996005,Catholic Answers,"CATHOLIC ANSWERS, INC.",≤100
431744650466,Chevron,These ads ran without a disclaimer,≤100
97279934919,bp America,BP CORPORATION NORTH AMERICA INC.,≤100
10700147179,Atlas Network,ATLAS ECONOMIC RESEARCH FOUNDATION,≤100
106315901551850,The U.S. Concealed Carry Association for Saving Lives,U.S. Concealed Carry Association For Saving Lives. Not Authorized By Any Candidate Or Candidate's Committee.,≤100
105974112496905,Tax Sale Loophole,These ads ran without a disclaimer,≤100
103277109172874,The Original Lou's News,"Freedom From the Press, LLC",≤100
105756057589080,The Lincoln Project,THE LINCOLN PROJECT,≤100
43934405787,IPPF,International Planned Parenthood Federation Worldwide Inc,≤100
128103650601995,The Conservative Caucus,The Conservative Caucus,≤100
105110315974200,Kennedy's America,BizPac Review,≤100
7663052482,YFU USA,"YOUTH FOR UNDERSTANDING USA, INC.",≤100
103089811072938,Plover Robes,These ads ran without a disclaimer,≤100
70090474914,American Farmland Trust,"AMERICAN FARMLAND TRUST, INC",≤100
27817332304,American Foundation for Suicide Prevention,AMERICAN FOUNDATION FOR SUICIDE PREVENTION,≤100
104970128462895,Elias for Assembly,ELIAS FOR ASSEMBLY,≤100
142474049098533,Robert Reich,Inequality Media Civic Action,≤100
113496178208014,Protecting Our Democracy,Protecting Our Democracy,≤100
518194348194441,RepresentUs,RepresentUs,≤100
43426724597,Paper Culture,Paper Culture LLC,≤100
16317479654,Deseret News,Deseret News,≤100
354377577952993,SEIU Local 105,SERVICE EMPLOYEES INTERNATIONAL UNION LOCAL 105,≤100
268868046463126,Beacon Center of Tennessee,BEACON CENTER OF TENNESSEE,≤100
8321461609,MomsRising.org,MomsRising Together,≤100
102794658754102,Daily Freedom,Trending Views,≤100
110936125227650,Words Aren't Violence,Words Aren't Violence,≤100
110010433804232,Standing For Freedom Center,Standing for Freedom Center,≤100
42580340317,The Charlotte Observer,These ads ran without a disclaimer,≤100
123857614319417,Texas Nationalist Movement,Texas Nationalist Movement,≤100
101913366183712,Alice Rolli,Alice Rolli for Nashville,≤100
108733862157788,Tim Sheehy,TIM SHEEHY FOR MONTANA,≤100
323083351064533,The News Literacy Project,The News Literacy Project,≤100
780941275347834,Ilhan Omar,ILHAN FOR CONGRESS,≤100
101103254533,SOS International,SOS International,≤100
58043814556,Oklahoma City Memorial Marathon,Oklahoma City Memorial Marathon,≤100
1338822066131069,Women's March,Women's March,≤100
123624513983,The Western Journal,The Western Journal,≤100
104483742449646,CenterClip,"CenterClip, Inc.",≤100
2079490818836627,Emily Larson for Duluth Mayor,Emily Larson for Duluth Mayor,≤100
104981939210693,Clayton Keirns,I Love My Freedom,≤100
59877921429,Lutheran Immigration and Refugee Service,"LUTHERAN IMMIGRATION AND REFUGEE SERVICE, INC.",≤100
289934516904,Millions Against Monsanto by OrganicConsumers.org,ORGANIC CONSUMERS ASSOCIATION,≤100
85252863415,National Latina Institute for Reproductive Justice,NATIONAL LATINA INSTITUTE FOR REPRODUCTIVE HEALTH,≤100
60865633726,Love Justice International,TINY HANDS INTERNATIONAL,≤100
101289892821732,The Village at English Turn,"Stanton Square, LLC",≤100
1842341652707472,Legit Politic,Legit Politic,≤100
111725181971454,Patriotic Nick,The Raging Patriot,≤100
1553978148244954,Build With Strength,Build With Strength,≤100
93692255431,Bread for the World,"BREAD FOR THE WORLD, INC.",≤100
424443217623488,Clarion Project,"CLARION PROJECT, INC.",≤100
102420431749179,Raging Americans,Raging Americans,≤100
100806242836871,Preservation Pause,University of Arizona Indigenous Peoples Law and Policy Program,≤100
27311599342,Preemptive Love,Preemptive Love Coalition,≤100
104396194587918,C3 Solutions,Conservative Coalition for Climate Solutions,≤100
105477242113665,Nov Reading,These ads ran without a disclaimer,≤100
101586078357081,Peter Demos,Peter Demos,≤100
220538341415523,The Satanic Temple,The Satanic Temple,≤100
105549351284853,Ideaspace: U.S. Immigration Policy,"Ideaspace Project, Inc.",≤100
11602044174,Independent Women's Forum,Independent Women's Forum,≤100
98537277694,Catholics for Choice,CATHOLICS FOR CHOICE,≤100
807604399259676,Metropolitan St Louis Equal Housing and Opportunity Council,ST LOUIS METROPOLITAN EHOC,≤100
311901101987,"The Seeing Eye, Inc.",SEEING EYE INC,≤100
192738164073627,A Better Balance,A Better Balance,≤100
105550998686893,Copter Stories,These ads ran without a disclaimer,≤100
105369722491148,Joe Signorello,JOE SIGNORELLO FOR CONGRESS,≤100
103552914774916,Science Moms,Potential Energy Coalition Inc,≤100
1013454855413378,Arena Mail + Digital,Arenawins,≤100
115539878090349,Jeff Riggs for Sheriff,Jeff Riggs for Sheriff,≤100
1448985902033866,Trans Lifeline,Trans Lifeline,≤100
150127528352944,Food Integrity Campaign,GOVERNMENT ACCOUNTABILITY PROJECT INC,≤100
349800859019034,The 19th News,The 19th,≤100
123097641881,Feminists for Life,FEMINISTS FOR LIFE OF AMERICA,≤100
284624954962951,Gus Bilirakis for Congress,Bilirakis For Congress,≤100
720943967965149,AFSCME Retirees,AMERICAN FEDERATION OF STATE COUNTY & MUNICIPAL EMPLOYEES,≤100
170718711184,Humanity in Action,"Humanity in Action, Inc.",≤100
999556810102061,Signature Seas,Signature Seas,≤100
393795797388359,FOUR PAWS,FOUR PAWS INTERNATIONAL INC,≤100
700941689954518,Defend Our Future,Defend Our Future,≤100
102486559194712,Private Equity Stakeholder Project,Climate Nexus - Rockefeller Philanthropy Advisors Sponsored Project,≤100
104105325196666,Jennifer Gilmore for Olathe School Board,"Jennifer Gilmore for Olathe; Jennifer Bump, Treasurer",≤100
50576707351,Republican State Leadership Committee,Republican State Leadership Committee,≤100
162069790604,AARP Arizona,AARP,≤100
217187838327836,The Story Exchange,The Story Exchange Foundation,≤100
314499212242,Pfizer,Pfizer Inc.,≤100
349904785020665,Law & Liberty,"Liberty Fund, Inc.",≤100
1560105467624797,Generation180,Generation180,≤100
567101470157212,Obama Foundation,The Barack Obama Foundation,≤100
7145381235,American Jewish World Service - AJWS,"AMERICAN JEWISH WORLD SERVICE, INC.",≤100
106909358810669,Stop RCV,Stop RCV,≤100
220873174076,Animal Equality,ANIMAL EQUALITY,≤100
101374728149342,A Starting Point,A Starting Point LLC,≤100
105521469114882,ListMax,ListMax,≤100
106750994048802,Perspectiva,These ads ran without a disclaimer,≤100
104605160959720,Leda Health,Leda Health Corporation,≤100
89234192992,American Heritage Education Foundation,"AMERICAN HERITAGE FILMS, LLC",≤100
28126338304,Surfrider Foundation,"SURFRIDER FOUNDATION, INC",≤100
96491683438,"The Friends of Israel Gospel Ministry, Inc.","FRIENDS OF ISRAEL GOSPEL MINISTRY, INC, THE",≤100
7656215652,Tim Kaine,Tim Kaine,≤100
200676905671,"Air Line Pilots Association, Int’l",Air Line Pilots Association,≤100
107766235181961,The Nunn Report,The Nunn Report,≤100
1683659714985244,Phil Ehr,Phil Ehr for Senate,≤100
1898234727131235,Reel America,BizPac Review,≤100
122654655280238,i360,i360,≤100
109610760468209,Dr. Bradford Carlton,Carlton Family Corporation,≤100
244687155031,Penn Graduate School of Education,Penn Graduate School of Education,≤100
106609109378861,H2O Hero,Monroe County Department of Environmental Services,≤100
150066488433456,Solano Law Firm,SOLANO LAW FIRM LLC,≤100
30618466815,Pacific Legal Foundation,Pacific Legal Foundation,≤100
81755908577,Kids in Need of Defense (KIND),"KIND, Inc.",≤100
296680801734,Dr. James Dobson's Family Talk,Dr. James Dobson's Family Talk,≤100
186977768011413,Ironworkers Rising,"International Association of Bridge, Structural, Ornamental, and Reinforcing Iron Workers",≤100
292351509697,Jerusalem Prayer Team,Jerusalem Prayer Team,≤100
72092591211,FBI – Federal Bureau of Investigation,Federal Bureau of Investigation,≤100
202843900735,1199SEIU Massachusetts,1199SEIU Massachusetts Political Action Fund,≤100
281844617168,Jewish Voice Ministries International,Jewish Voice Ministries International,≤100
497719423723034,Planned Parenthood California Central Coast,Planned Parenthood California Central Coast,≤100
12596759677,RAICES,REFUGEE AND IMMIGRANT CENTER FOR EDUCATION AND LEGAL SERVICES,≤100
1425435377743310,Conversations with Bill Kristol,FOUNDATION FOR CONSTITUTI,≤100
110094158160834,The American Tribune,"Freedom From the Press, LLC",≤100
101670979560788,Reel Police,BizPac Review,≤100
2255846891314996,Corn Refiners Association,Corn Refiners Association,≤100
1573514862764092,Speech First,Speech First,≤100
23311628592,Heartland Alliance,Heartland Alliance for Human Needs & Human Rights,≤100
2220049454938703,Macomb County Clerk-Register of Deeds,MACOMB COUNTY CLERKS OFFICE,≤100
2168484930102843,EJ Moonshot,EJ Creations LLC,≤100
101377889168483,Gumbo Limbo Coastal Stewards,"Gumbo Limbo Coastal Stewards, Inc.",≤100
28446275521,Military Officers Association of America (MOAA),Military Officers Association of America,≤100
129255907131113,NumbersUSA,NUMBERSUSA EDUCATION AND RESEARCH FOUNDATION,≤100
109475211795252,Freedom From The Press,"Freedom From the Press, LLC",≤100
111324648521273,Lt Col Ret. John Glen Weaver for US Senate,Weaver for US Senate,≤100
101590206106156,Roe Your Vote Virginia,Roe Your Vote Virginia,≤100
104437132139432,Revolución Ciudadana EEUU & Canadá,Revolución Ciudadana EEUU & Canadá,≤100
210937299260017,USA Features Media,USA Features Media LLC,≤100
21090771700,Gun Owners of America,Gun Owners of America,≤100
129384483834899,CSPAN Classroom,NATIONAL CABLE SATELLITE CORPORATION,≤100
1546952572205770,UAE USA United,The Embassy of the United Arab Emirates,≤100
111464544881905,America First News,America First News,≤100
97624620788,American Friends of Magen David Adom,AMERICAN FRIENDS OF MAGEN DAVID ADOM,≤100
102327352833594,Earth HQ,Earth HQ,≤100
107356708329311,Conservative News Stories,"Freedom From the Press, LLC",≤100
8047221596,Save the Children US,SAVE THE CHILDREN FEDERATION INC.,≤100
109140985838232,Progress Texas,Progress Texas,≤100
104974859211873,Andres Asion for Miami Beach City Commission,"Andres Asion for Miami Beach Commissioner, Group 4, Non-Partisan",≤100
403737406341879,National Women's Health Network,NATIONAL WOMENS HEALTH NETWORK,≤100
104657602040321,Truth Media,Truth Media,≤100
252814820267,HIAS,HIAS,≤100
316955281351,APWU - The American Postal Workers Union,AMERICAN POSTAL WORKERS UNION,≤100
105066632162136,Vet the Vote,We the Veterans,≤100
346612865750115,Korea Defense Veterans Association,Korea Defense Veterans Association,≤100
782093245218764,Qasim Rashid,Qasim for Congress,≤100
102658529406392,Allen Mashburn for NC Lieutenant Governor,Friends of Allen Mashburn,≤100
14893370225,Sustainable Harvest International,SUSTAINABLE HARVEST INTERNATIONAL,≤100
129353084077944,Maebe A. Girl,MAEBE A. GIRL FOR CONGRESS,≤100
102068689468846,Southern Utah TV & Satellite,SOUTHERN UTAH TV & SATELLITE,≤100
105509168956542,Day-To-Day Recreation,These ads ran without a disclaimer,≤100
109709662184091,Communities United to Elect Janessa Goldbeck for Supervisor,Communities United to Elect Janessa Goldbeck for Supervisor 2023,≤100
1883837055193241,Shield Republic,Shield Republic,≤100
76523801829,the Christian Century,CHRISTIAN CENTURY,≤100
290548664672,First Liberty Institute,First Liberty Institute,≤100
645392368909975,carafem,carafem,≤100
107558352401387,Project Liberty Action Network,These ads ran without a disclaimer,≤100
116841617956989,Friends of Mary Jo Moss,Friends of Mary Jo Moss,≤100
125888793818737,Political Leftist Tees,Political Leftist Tees,≤100
108131805539170,Dr. David Ciampi for Mayor,Friends to Elect David F Ciampi,≤100
5878048748,GlobalGiving,"GLOBALGIVING FOUNDATION, INC.",≤100
106862204671108,The Deplorable Americans,The Deplorable Americans,≤100
6766783198,John Carter,JOHN CARTER FOR CONGRESS,≤100
35169196082,Project HOPE,"PROJECT HOPE-THE PEOPLE-TO-PEOPLE HEALTH FOUNDATION, INC.",≤100
101682558062329,Farm Action Fund,Farm Action Fund,≤100
192609620649,The University of Chicago,The University of Chicago,≤100
392683144674817,Patriot Politics USA,Trending Views,≤100
85273022315,NAMI,These ads ran without a disclaimer,≤100
512954815727434,Jake Ellzey,JAKE ELLZEY FOR CONGRESS,≤100
259212814698356,Democratic Majority for Israel,Democratic Majority for Israel,≤100
276076196388914,Coffee & Pan Dulce Show,Coffee & Pan Dulce Show,≤100
172758932738142,PhRMA,PHARMACEUTICAL RESEARCH AND MANUFACTURERS OF AMERICA,≤100
142474049098533,Robert Reich,Inequality Media,≤100
1012679305536045,Elissa Slotkin,Elissa Slotkin for Michigan,≤100
127225910653607,PragerU,These ads ran without a disclaimer,≤100
32050048014,The Conservation Fund,"CONSERVATION FUND, A NONPROFIT CORPORATION, THE",≤100
226999127329906,New York Immigration Lawyer,Law Office of Alena Shautsova,≤100
341163402640457,NowThis,"VOX MEDIA, INC.",≤100
1027626217435226,Richouses,These ads ran without a disclaimer,≤100
18813753280,Human Rights Campaign,"HUMAN RIGHTS CAMPAIGN, INC.",≤100
166194476728392,Center Street,"Hachette Book Group, Inc.",≤100
103966991229588,Frank Bojazi,Trending Views,≤100
196212113748678,Azul,Azul,≤100
105350752337593,Citizens Exam,Citizens Exam,≤100
108503659576,National Coalition for Public School Options,National Coalition for Public School Options,≤100
100425422872820,Georgia Blue PAC,Georgia Blue PAC,≤100
106582384539447,Design for Freedom by Grace Farms,"GRACE FARMS FOUNDATION, INC.",≤100
135393633232510,California Grocers Association,CALIFORNIA GROCERS ASSOCIATION,≤100
681430475337878,BlabberBuzz,These ads ran without a disclaimer,≤100
131618273567984,Jeff Landry,Landry for Louisiana,≤100
275947565591,"Woods and Woods, LLC, The Veteran's Firm","Woods & Woods, LLC",≤100
104017182658962,Pervez Agwan for U.S. Congress,Agwan For Congress,≤100
238473269650980,Capital & Main,CAPITAL & MAIN,≤100
234744096655497,Alliance For Early Success,Alliance for Early Success,≤100
109366181861530,President Trump is My Wingman,"Freedom From the Press, LLC",≤100
107812829262502,Eide Bailly,These ads ran without a disclaimer,≤100
110582172051581,drephraimatwal,These ads ran without a disclaimer,≤100
532282430591813,Planet Detroit,Planet Detroit,≤100
136835449678790,Mike Kehoe,Citizens To Elect Mike Kehoe,≤100
106834545428519,Matt Wiltshire for Mayor,Matt for Mayor,≤100
939960396036229,Greenily - Your Family Only Greener,"Greenily, LLC",≤100
103331009307003,Funnylishious,These ads ran without a disclaimer,≤100
117214891638398,Street Grace,Street Grace Inc,≤100
119049414803510,The American Spectator,THE AMERICAN SPECTATOR FOUNDATION INC,≤100
45013872425,The Ripon Society,RIPON SOCIETY,≤100
1663301430650007,Michael Kimelman,"Dekryption, LLC",≤100
554745531357156,Export-Import Bank of the United States,These ads ran without a disclaimer,≤100
115143604891957,Kim Strassel: WSJ,Kim Strassel: WSJ,≤100
153678684700451,American Investment Council,AMERICAN INVESTMENT COUNCIL,≤100
102961088866702,Sarah Klee Hood for Congress,SARAH KLEE HOOD FOR NY,≤100
165858562140,Western Resource Advocates,WESTERN RESOURCE ADVOCATES,≤100
9157920604,Ken Calvert,KEN CALVERT FOR CONGRESS COMMITTEE,≤100
109569258074838,Alex R Crawford,These ads ran without a disclaimer,≤100
275451326285097,Speak Up Shasta,Speak Up Shasta,≤100
499379343409991,Impact Fund,"IMPACT FUND, THE",≤100
273546779885377,The Gallant Pelham,"delupton, LLC",≤100
38234604057,PEN America,PEN AMERICAN CENTER INC,≤100
100164139138861,Awaken The Lions,These ads ran without a disclaimer,≤100
107645227592678,To Which We Belong,Mystic Artists,≤100
126123797581431,IJC - International Joint Commission,International Joint Commission,≤100
128985777176957,Church Life Journal,Church Life Journal,≤100
125845052150716,Monica De La Cruz,Monica For Congress,≤100
170491079663777,The Sentencing Project,"SENTENCING PROJECT INC, THE",≤100
338218229911752,Integrity First PAC,INTEGRITY FIRST PAC,≤100
682955925122567,Trending Views,Trending Views,≤100
1226854550711523,Get Biofuel,Get Biofuel,≤100
102763296131905,Post News,Post News,≤100
176548369099092,Barbara Lee,Barbara Lee for U.S. Senate,≤100
107308698272177,Gas Leaks Action,Gas Leaks Action,≤100
38428034839,PRRI,Public Religion Research Institute,≤100
103929304678916,Voter Action Project,Integrity First Voter Action Project,≤100
65538457518,The Village Square,TO THE VILLAGE SQUARE INC,≤100
1438722236161076,County of Los Angeles,County of Los Angeles,≤100
727959664226782,Grow Tallahassee,"Grow Tallahassee, Inc.",≤100
244952576260592,"Tazewell County, Illinois Republican Party",Tazewell County Republican Central Committee,≤100
100119154666844,Zonta USA,Zonta USA Caucus,≤100
187429968296722,Harvard Online,Harvard Online,≤100
100100005405328,Chowen for President 2024,COMMITTEE TO ELECT DEREK CHOWEN PRESIDENT 2024,≤100
163302087408673,Stop The Donald,Stop the Donald,≤100
507070522767934,AACR Foundation,"AMERICAN ASSOCIATION FOR CANCER RESEARCH, INC.",≤100
10331123781,Special Olympics,Special Olympics Inc,≤100
984421991732710,Paycheckology,Paycheckology,≤100
189551501975684,MAGA Underground,MAGA Underground,≤100
105169114225957,Coalition for Responsible Exit,Coalition for Responsible Exit,≤100
182620315479,Plan International USA,Plan International USA,≤100
101751342363487,Michelle Vallejo for Congress,Michelle Valle for Congress,≤100
50714237985,The Rutherford Institute,RUTHERFORD INSTITUTE,≤100
372502446527928,Child Impact International,Child Impact International,≤100
203583423017526,National Immigration Law Center,National Immigration Law Center,≤100
104092062075803,USA Jolt,"Jolt Media, Inc.",≤100
31597994711,National Apartment Association,NATIONAL APARTMENT ASSOCIATION,≤100
1919960241446993,Delishia Porterfield,"Delishia for Nashville, Senator Brenda Gilmore, Treasurer",≤100
1376465702586897,Coloradans for Responsible Energy Development,Coloradans for Responsible Energy Development,≤100
102415608852755,Settle In,INTERNATIONAL RESCUE COMMITTEE INC,≤100
830162603716633,Andy Beshear,Andy Beshear for Governor,≤100
223608490170,The Ruth Institute,The Ruth Institute,≤100
106986341085385,MLE Of The Maury Seldin LLC,MLE Of The Maury Seldin LLC,≤100
114513494875415,America's Freedom Page,USA Features Media LLC,≤100
493322555295,Will Loconto,Will Loconto,≤100
108108121456950,Blue States PAC,BLUE STATES PAC,≤100
311536622860495,SoCal Daily Pulse,SoCal Daily Pulse,≤100
613924535450605,Daniel L. Hatcher,Daniel L. Hatcher,≤100
104472439287981,Troy Hebert for State Representative District 31,Friends of Troy Hebert,≤100
2023114331282570,Florida Daily,Florida Daily,≤100
1570118656645702,Nick Begich,ALASKANS FOR NICK BEGICH,≤100
351310239372,Associated Republicans of Texas,Associated Republicans of Texas,≤100
1191593944306272,State Rep. Julie Johnson,Julie Johnson for Congress,≤100
108546458849733,Deplorable Politics: A book by David Shaw,Deplorable Politics: A book by David Shaw,≤100
309569149734650,XTimeshares,These ads ran without a disclaimer,≤100
40201530406,American Society of the University of Haifa,American Society of the University of Haifa,≤100
111812468884033,W.K. Kellogg Foundation,W. K. KELLOGG FOUNDATION,≤100
111904024679959,Bold Majority,BOLD MAJORITY PAC,≤100
21242962092,ClientEarth,CLIENTEARTH USA INC,≤100
38236386996,LSU Press,LSU Press,≤100
255544808211074,Ward 5 Alderwoman Lakeisha k Purchase,Friends of Lakeisha Purchase,≤100
681044485319441,Hoke County GOP,Hoke County GOP,≤100
1492209061034879,Freddie O'Connell for Mayor,Ready for Freddie Committee,≤100
110019337015716,Inspiring Young Heroes,Young Heroes Project,≤100
104728131848361,Offshore Wind For North Carolina,Southeastern Wind Coalition,≤100
1752689034960996,The Babylon Bee,THE BABYLON BEE LLC,≤100
170126260000702,Western Journal US News,The Western Journal,≤100
30866133883,Alaska Wilderness League,ALASKA WILDERNESS LEAGUE,≤100
83263773464,YW Boston,"YOUNG WOMEN'S CHRISTIAN ASSOCIATION OF BOSTON, INC.",≤100
711909245654048,National Police Support Fund,National Police Support Fund,≤100
164049599660,Catholic Relief Services en español,CATHOLIC RELIEF SERVICES,≤100
105599502191866,Florida Jolt,"Jolt Media, Inc.",≤100
119938547748319,Navigator Research,Navigator Research,≤100
677754392261894,"Our Nevada Judges, Inc.",Our Nevada Judges Inc,≤100
1483082618497021,Healthy Babies Bright Futures,Healthy Babies Bright Futures,≤100
677546855674210,Stand to Reason,These ads ran without a disclaimer,≤100
6406874733,Mike Rogers,MIKE ROGERS FOR CONGRESS,≤100
102412161901535,Mike France for CT2,MIKE FRANCE CT2,≤100
1374906906166064,The Policy Circle,The Policy Circle,≤100
234628203317767,Made for Freedom,Made for Freedom,≤100
114080905042873,For the Majority,For the Majority,≤100
105504109288452,The Raging Patriot,The Raging Patriot,≤100
113417134335063,The Radical Independent,The Radical Independent,≤100
398233886974905,Mike Grieco for Miami Beach Mayor,"Mike Grieco for Miami Beach Mayor, non-partisan",≤100
101305419718118,NeuroVerse,These ads ran without a disclaimer,≤100
117956368577,Charlie Geren,Charlie Geren Campaign,≤100
138492335404,Scott Walker,FORWARD USA FEDERAL POLITICAL ACTION COMMITTEE,≤100
30914589895,The International Fellowship of Christians and Jews,"INTERNATIONAL FELLOWSHIP OF CHRISTIANS & JEWS, INC.",≤100
303374266418976,AFPM,American Fuel & Petrochemical Manufacturers,≤100
92729316952,Covanta,Covanta,≤100
6165653060,AFSCME,AMERICAN FEDERATION OF STATE COUNTY & MUNICIPAL EMPLOYEES,≤100
225422650854192,Election Systems & Software,Election Systems & Software,≤100
490349377808038,State Representative Justin Holland,Justin Holland Campaign,≤100
107237007602,Government Accountability Project,These ads ran without a disclaimer,≤100
1624206881186861,Lisa Blunt Rochester,Lisa Blunt Rochester for Senate,≤100
119948564399032,Brian Carniello for TN14,Committee to Elect Brian Carniello,≤100
104329844668,American Bar Association,American Bar Association,≤100
344175515603105,Southern Company,These ads ran without a disclaimer,≤100
47393489592,Jew in the City,Jew in the City an NJ nonprofit,≤100
133753583953215,American History in 90 Minutes - The Common-Sense Guide to U.S. History,American History in 90 Minutes,≤100
10524033745,Remote Area Medical - RAM,REMOTE AREA MEDICAL,≤100
249467225254927,The Love > hate Project,LOVE GREATER THAN HATE PROJECT,≤100
169840807024913,Jobob,The Jobob Show,≤100
118066774607479,Marcia Masulla for Council at-Large,Marcia for Nashville,≤100
106087521715009,Wisconsin Community Solar Economic Alliance,Coalition for Community Solar Access,≤100
218790411493458,Van Wagoner - For Ogden,For Ogden,≤100
125631244115483,The Colleges of Law,These ads ran without a disclaimer,≤100
103433804692809,Law Offices of James S. Hong & Associates,Law Offices of James S. Hong,≤100
125182621527545,Sarah McBride,McBride for Delaware,≤100
104521238896557,June Marie Paintings,June-Marie Paintings,≤100
127691390582,PHI,"PARAPROFESSIONAL HEALTHCARE INSTITUTE, INC.",≤100
106485949112716,Jacob Kupin for Nashville Metro Council District 19,JACOB KUPIN FOR DISTRICT 19,≤100
20239752285,The American Prospect,"The American Prospect, Inc.",≤100
452797224923658,The Democratic Coalition,THE DEMOCRATIC COALITION,≤100
408252582872693,Daniella Levine Cava,"Daniella Levine Cava, Non-Partisan, for Miami-Dade County Mayor",≤100
123755994361809,Alliance San Diego,Equality Alliance of San Diego County,≤100
1606739756053768,Danny Barber,These ads ran without a disclaimer,≤100
1883358101895089,Evolv Technology,Evolv Technology,≤100
363500867116594,Will Metcalf,Will Metcalf,≤100
104538631546561,Congresswoman Beth Van Duyne,Congresswoman Beth Van Duyne,≤100
191918000847123,IFPTE Local 21,INTERNATIONAL FEDERATION OF PROFESSIONAL AND ENGINEERS,≤100
1166660030079480,National Democratic Redistricting Committee,National Democratic Redistricting Committee,≤100
262536810935097,Housing Is A Human Right,AIDS HEALTHCARE FOUNDATION,≤100
111424138429025,The Clean Energy Life,REWIRE GROUP LLC,≤100
232467307162583,Farm Action,Family Farm Action,≤100
239658882763974,Poverty USA by CCHD,UNITED STATES CONFERENCE OF CATHOLIC BISHOPS,≤100
594519783957655,Citizens for National Security,Citizens For National Security,≤100
36085812354,Rainforest Foundation US,"Rainforest Foundation, Inc.",≤100
43853729859,Campaigns & Elections,Political World Communications,≤100
108310235885897,Haymarket Books,"CENTER FOR ECONOMIC RESEARCH AND SOCIAL CHANGE, INC. THE",≤100
142932506806,Texas Alliance for Life,"Texas Alliance for Life, Inc.",≤100
111018434842258,Vaughn2024,EMORY VAUGHN FOR PRESIDENT 2024,≤100
384006901653736,The Moore Charitable Foundation,Moore Charitable Foundation,≤100
513785465632396,Airline Passengers for Justice,Airline Passengers for Justice,≤100
25102313915,Port of Long Beach,City of Long Beach,≤100
19856390207,LiveBeyond,MOBILE MEDICAL DISASTER RELIEF INC,≤100
312870062895448,StateThugs,StateThugs.com,≤100
153278754738777,Climate Reality,The Climate Reality Project,≤100
5647744585,PETA (People for the Ethical Treatment of Animals),"PEOPLE FOR THE ETHICAL TREATMENT OF ANIMALS, INC.",≤100
102356589314098,Political Comms,Political Comms LLC,≤100
296231886728,Trump National Doral Miami,These ads ran without a disclaimer,≤100
504118316658151,SilencedOrganic,SilencedOrganic.com,≤100
710669049286394,Woo the People,Woo the People,≤100
133764907211570,Concerned Citizen,Concerned Citizen,≤100
121626482110,Operation Smile,OPERATION SMILE,≤100
485068924838758,EARN - Employer Assistance and Resource Network on Disability Inclusion,Employer Assistance and Resource Network on Disability Employment,≤100
106303828502171,Strategic Moves with Kenn Dowell,STRATEGIC RESOURCES CONSULTING LLC,≤100
129278807814364,Women of Welcome,Women of Welcome,≤100
116056898085779,American Exceptionalism PAC,AMERICAN EXCEPTIONALISM PAC,≤100
67198072267,Michigan Capitol Confidential,Michigan Capitol Confidential,≤100
1038112106230748,Henk Rogers,Blue Planet Alliance Corporation,≤100
110210055663448,AIDSVu,AIDSVu,≤100
101296815544516,Monica Tranel,MONICA TRANEL FOR MONTANA,≤100
114709714932879,Jaime Shatsman for Willoughby-Eastlake School Board,Jaime Shatsman for Willoughby-Eastlake School Board,≤100
1599237673639735,Change Media Group,Change Media Group,≤100
1696479043704382,Raisa Ayala,These ads ran without a disclaimer,≤100
108641741851973,Magic Valley Energy,Magic Valley Energy LLC,≤100
101377422214077,Historical Post,These ads ran without a disclaimer,≤100
250392878345035,The Focused Pastor,Focus on the Family,≤100
373738603410030,Judicial Fairness Coalition- A Committee of CJA,CALIFORNIA JUDGES ASSOCIATION,≤100
103019409737549,Empower Missouri,Empower Missouri,≤100
430869277025501,Dr. Nancy O'Reilly,"WOMEN CONNECT4GOOD, INC.",≤100
100258221780689,Smartgirlsearch,fourmangos inc,≤100
141774129212238,Michigan Secretary of State's Office,Michigan Department of State,≤100
100580492754393,Planet Viral,These ads ran without a disclaimer,≤100
90209763480,The Federalist Society,The Federalist Society,≤100
105344299038485,Petitesee,These ads ran without a disclaimer,≤100
659878157406228,America's Warrior Partnership,America's Warrior Partnership,≤100
19459912688,StandWithUs,StandWithUs,≤100
82223469060,ACN - Aid to the Church in Need,"AID TO THE CHURCH IN NEED, INC.",≤100
208070503032,Beltrami Electric Cooperative,BELTRAMI ELECTRIC CO-OP INC,≤100
106786651418592,State Affairs Georgia,STATE AFFAIRS LLC,≤100
241672016328637,Lauren Underwood for Congress,LAUREN UNDERWOOD FOR CONGRESS,≤100
123465827403520,Elect Cindy A. Re for Lamar County Attorney,Elect Cindy A. Re for Lamar County Attorney,≤100
110116605470254,Liberales LUJAN,These ads ran without a disclaimer,≤100