﻿Page ID,Page name,Disclaimer,Amount spent (EUR)
122074554119,EU Social,EU Social,≤100
178362315106,European Parliament,European Parliament,≤100
91877963116,WWF Greece,WWF Greece,≤100
54529589753,ActionAid Hellas,ActionAid Hellas,≤100
104944762512920,Στέλιος Αγγελούδης,Στέλιος Αγγελούδης,≤100
239059192856378,parapolitika.gr,parapolitika.gr,≤100
701705353261052,Σπύρος Πέγκας,Σπύρος Πέγκας,≤100
192906947432657,Protagon.gr (official),Protagon.gr (official),≤100
1554850174582846,politic.gr,Politic.gr,≤100
127082307305119,Εφημερίδα Μακεδονία,Εφημερίδα Μακεδονία,≤100
144401725709536,Δημήτρης Βαρτζόπουλος,Δημήτρης Βαρτζόπουλος,≤100
111732525529765,Στράτος Σιμόπουλος - Stratos Simopoulos,Stratos Simopoulos,≤100
134135906635470,newsbomb.gr,newsbomb.gr,≤100
106166152026060,olafaq.gr,olafaq.gr,≤100
106166152026060,olafaq.gr,olafaq.gr,≤100
68078766209,Public,Public,≤100
103754084863302,Εκδόσεις Επίκεντρο,Εκδόσεις Επίκεντρο,≤100
100771372008093,powergame.gr,POWERGAME,≤100
1489639131352219,Ζωή Κωνσταντοπούλου - Zoe Konstantopoulou,Πλεύση Ελευθερίας,≤100
2934752839898761,Θεοδώρα Αυγέρη,Θεοδώρα Αυγέρη,≤100
103034937773624,Spiros Protopsaltis,Spiros Protopsaltis,≤100
1748153855406537,vradini.gr,vradini.gr,≤100
1438293789797221,ecoelastika,ecoelastika,≤100
287878625015994,Reader.gr,Reader.gr,≤100
404183552993057,newmoney.gr,newmoney.gr,≤100
107718178601878,Banks.com.gr Business News,ETHOS MEDIA,≤100
590556791403274,OsteoStrong Greece,OsteoStrong Greece,≤100
105845878599873,Πατριωτική Ένωση - Πρόδρομος Εμφιετζόγλου,Πανελλήνια ΠΑΤΡΙΩΤΙΚΗ ΕΝΩΣΗ,≤100
108183264211965,UNICEF Greece,UNICEF Greece,≤100
210814698934613,Π.Ν. Σάκκουλας,Π.Ν. Σάκκουλας,≤100
104498115977104,Τολμάμε · Αλλάζουμε · Δημιουργούμε,Τολμάμε αλλάζουμε δημιουργούμε,≤100
104692221824082,Energymag.gr,Energymag,≤100
2131206810510315,George Vrettakos,Γιώργος Βρεττάκος,≤100
639195573200114,Όλοι Εμείς - Δρόσος Τσαβλής,Όλοι Εμείς - Δρόσος Τσαβλής,≤100
123836729361,New York College,New York College,≤100
292056461626017,Θεσσαλονίκη Πόλη Ελληνική-Γιάννης Κουριαννίδης,Θεσσαλονίκη Πόλη Ελληνική-Γιάννης Κουριαννίδης,≤100
113085294483845,Eteron,Eteron,≤100
2428107534084155,DailyPost.gr,ΝΟΗΣΙΣ ΙΚΕ,≤100
117037629671698,BusinessDaily,Business Daily,≤100
325604665061611,MSD Greece,MSD Greece,≤100
109167905361203,UNIC Greece,These ads ran without a disclaimer,≤100
101777936021486,Καλοκύρης Θωμάς,Καλοκύρης Θωμάς,≤100
115093111866664,Νίκος Χαρδαλιάς,Νίκος Χαρδαλιάς,≤100
139872412072,Coca-Cola 3E,COCA-COLA ΤΡΙΑ ΕΨΙΛΟΝ ΕΛΛΑΔΟΣ Α.Β.Ε.Ε.,≤100
102175189751,gazzetta.gr,Gazzetta,≤100
103057864872953,Radar,Radar.gr,≤100
1784302725130457,Ahmadiyya Muslim Community Greece,Ahmadiyya Muslim Community Greece,≤100
104871439107989,Justice Initiative Greece,Justice Initiative Greece,≤100
101652196118089,Radio Me,Radio Me,≤100
134821969948251,Η ΚΑΘΗΜΕΡΙΝΗ - Επίσημη σελίδα,Η ΚΑΘΗΜΕΡΙΝΗ - Επίσημη σελίδα,≤100
1004900052864353,mononews.gr,mononews.gr,≤100
404278389937250,Λατινοπούλου Αφροδίτη,Λατινοπούλου Αφροδίτη,≤100
1645903788996329,liberal.gr,liberal.gr,≤100
107757488829174,Θερμαϊκός - Όλα στη φόρα,Θερμαϊκός Όλα στη φόρα,≤100
401979686644217,Μίλτος Χρυσομάλλης,Μίλτος Χρυσομάλλης,≤100
1406294122996413,Τάσος Μπαρτζώκας,Τάσος Μπαρτζώκας,≤100
323456224972682,Στέλιος Κυμπουρόπουλος,Στέλιος Κυμπουρόπουλος,≤100
262908277636323,F2F Insurance,F2F Insurance,≤100
31324524225,Greenpeace Greece,Greenpeace Greece,≤100
111015685257403,Προκόπιος Μέριανος Υποψήφιος Δημοτικός Σύμβουλος,Προκόπιος Μέριανος Υποψήφιος Δημοτικός Σύμβουλος,≤100
88027997208,Διεθνής Αμνηστία - Ελληνικό Τμήμα,Amnesty International Greece,≤100
1903473413254089,Vagelis Papakonstantinou,Vagelis Papakonstantinou,≤100
112395696848373,Εταιρεία για τον Ελληνισμό και Φιλελληνισμό,ΕΤΑΙΡΕΙΑ ΓΙΑ ΤΟΝ ΕΛΛΗΝΙΣΜΟ ΚΑΙ ΦΙΛΕΛΛΗΝΙΣΜΟ,≤100
102307516142361,Intronews.gr,These ads ran without a disclaimer,≤100
102620666010969,Astydama,Astydama,≤100
105249502133823,Election Leaders - Πολιτικό Marketing,Election Leaders,≤100
266294520081135,karfitsa.gr,Karfitsa,≤100
1200465556797225,Θανάσης Παπαθανάσης,Θανάσης Παπαθανάσης,≤100
751506918198182,Giorgos Papanikolaou,Giorgos Papanikolaou,≤100
359612061446497,iEidiseis.gr,NEWSROOM Α.Ε.,≤100
31324524225,Greenpeace Greece,Greenpeace,≤100
240199722469,The Best Portal,THE BEST net I.K.E. (ΕΝΗΜΕΡΩΣΗ ΕΠΙΚΟΙΝΩΝΙΑ THE BEST I.K.E.),≤100
1375259192718674,The TOC,The TOC,≤100
709729625744205,Ματθαίος Γ. Αμπατζίδης - Καλαμαριά Πρωταγωνίστρια,Ματθαίος Γ. Αμπατζίδης - Καλαμαριά Πρωταγωνίστρια,≤100
294443673994778,Lykavitos,HT PRESS ONLINE IKE,≤100
2051879855080785,TEXAN SA,ΤΕΧΑΝ A.B.E.E.,≤100
407314116092988,Πέτη Πέρκα,Πέτη Πέρκα,≤100
219634128212269,Ασφαλιστική Αγορά,Asfalistiki Agora,≤100
674103179323981,Μίνα Καούνη & Συνεργάτες,Μίνα Καούνη & Συνεργάτες,≤100
107098807881409,Political.gr,POLITICAL,≤100
1727608780803972,Λογιστικός Σύλλογος Αθηνών,Λογιστικός Σύλλογος Αθηνών,≤100
388822604594196,Γενική Γραμματεία Οικογενειακής Πολιτικής και Ισότητας των Φύλων,Γενική Γραμματεία Οικογενειακής Πολιτικής και Ισότητας των Φύλων,≤100
1641270152812958,TourMarket,Digital Content,≤100
2675147075848707,Νέα Δημοκρατία Κύπρου,Νέα Δημοκρατία Κύπρου,≤100
1149049031856207,Followgreen,FOLLOWGREEN IKE,≤100
111151151051341,Debater,debater,≤100
368217916600933,Αγγειοχειρουργός  Νίκος Παρασκευάς,Αγγειοχειρουργός  Νίκος Παρασκευάς,≤100
488218854548148,Φαίνη Χατζηαθανασιάδου-Feni Chatziathanasiadou,Φαίνη Χατζηαθανασιάδου-Feni Chatziathanasiadou,≤100
468820193302597,Κινήσεις Πολιτών Για Τη Σοσιαλδημοκρατία,ΚΙΝΗΣΕΙΣ ΠΟΛΙΤΩΝ ΓΙΑ ΤΗ ΣΟΣΙΑΛΔΗΜΟΚΡΑΤΙΑ,≤100
198047310760930,Με Άλλα Μάτια,Με Άλλα Μάτια,≤100
113762708304468,energyinvest.gr,energyinvest.gr,≤100
651493618596521,EENE Ελληνική Ένωση Επιχειρηματιών,ΕΕΝΕ Ελληνική Ένωση Επιχειρηματιών,≤100
104595362217327,Diversity & Inclusion Awards,These ads ran without a disclaimer,≤100
104299506270374,Euro2day,Euro2day,≤100
100506899670585,Exit-poll.gr,EXIT-POLL.GR,≤100
393542154022051,HellasFin,HellasFin investment services SA,≤100
108950054276789,GEK TERNA Group of Companies,GEK TERNA GROUP,≤100
1632988056952632,Ιωάννης Σαρακιώτης • Ioannis Sarakiotis,Ιωάννης Σαρακιώτης • Ioannis Sarakiotis,≤100
551917914903015,ekriti.gr,ekriti.gr,≤100
114363450250261,Γενική Γραμματεία Συντονισμού Διαχείρισης Αποβλήτων,Γενική Γραμματεία Συντονισμού Διαχείρισης Αποβλήτων,≤100
165508056809834,Το Παρασκήνιο,Το Παρασκήνιο,≤100
109468948773265,Capitol17 Athens Office,Concept Labs,≤100
108201527612821,2045.gr,2045.gr,≤100
267353906619818,Mr. Gugu & Miss Go,These ads ran without a disclaimer,≤100
1651084981816691,Boobam,Boobam,≤100
1049665441831944,Bosch Hellas,Bosch Hellas,≤100
1159397854122728,Andros Georgiou b,These ads ran without a disclaimer,≤100
105475882182783,Ναυτικό Επιμελητήριο Ελλάδος,Ναυτικό Επιμελητήριο της Ελλάδος,≤100
1557160734539215,KMOP,KMOP,≤100
527351247377965,European Committee of the Regions,European Committee of the Regions,≤100
197766903578854,ΕΚΔΟΣΕΙΣ ΚΛΕΙΔΑΡΙΘΜΟΣ,ΕΚΔΟΣΕΙΣ ΚΛΕΙΔΑΡΙΘΜΟΣ ΕΠΕ,≤100
186848962521,capital.gr,www.capital.gr,≤100
106730482278290,Τάσος Συμεωνίδης  Αντιδήμαρχος Καθαριότητας Δ Προσοτσάνης,Τάσος Συμεωνίδης  Αντιδήμαρχος Καθαριότητας Δ Προσοτσάνης,≤100
668804566601196,Giorgos Patoulis,Georgios Patoulis,≤100
102857431526747,Ecopots Greece,Garden Experts AE,≤100
109706817338385,MoveD.gr,MoveD.gr,≤100
1480534905563451,Schneider Electric,These ads ran without a disclaimer,≤100
104696574822749,YourArtsakh.com,These ads ran without a disclaimer,≤100
293085591610194,Μανώλης Κουτσογιαννάκης,Μανώλης Κουτσογιαννάκης,≤100
102668075081968,"Фонд премии ""Генезис""",These ads ran without a disclaimer,≤100
433897230768823,Νίκος Δρακάκης,These ads ran without a disclaimer,≤100
795737207122308,Ignatios Kaitezidis - Ιγνάτιος Καϊτεζίδης,Ignatios Kaitezidis - Ιγνάτιος Καϊτεζίδης,≤100
427461580226,iatronet,Iatronet Ltd,≤100
223744137696989,carzine,These ads ran without a disclaimer,≤100
1129215327249382,Παναγιώτης Νταής,Παναγιώτης Νταής,≤100
618521531881415,Συμμαχία Δημιουργίας για το Δήμο Ζωγράφου,Συμμαχία Δημιουργίας για το Δήμο Ζωγράφου,≤100
641412085923105,Ρένα Καραλαριώτου - Rena Karalariotou,Ρένα Καραλαριώτου - Rena Karalariotou,≤100
107453529357258,Γιάννης Κωνσταντάτος,Δήμαρχος Ελληνικού - Αργυρούπολης,≤100
104644508365454,jazxjelly.art,These ads ran without a disclaimer,≤100
106455438982920,Back Legal,These ads ran without a disclaimer,≤100
100785376351945,Olesyamykiyevych3,These ads ran without a disclaimer,≤100
100194566291833,The Andy Warthog,These ads ran without a disclaimer,≤100