﻿Page ID,Page name,Disclaimer,Amount spent (USD)
339660569555689,Presidencia de Ecuador,Presidencia de Ecuador,≤100
857378244370245,BanEcuador,BanEcuador,≤100
101056676141616,Asesoría Política - Goberna Ecuador,Goberna Ecuador S.A.S,≤100
148963240630570,Tomas Zevallos,Tomás Tupacyupanqui Zevallos Vera,≤100
495225060514172,Degso,Gabriela Veronica Chango Hermoza,≤100
177272335650177,Crecimiento Empresarial,Crecimiento Empresarial,≤100
423012001497916,Darwin Pereira,Darwin Pereira,≤100
112981504211534,Luis Zambrano - Servicios de Ingeniería & Compras Públicas.,Luis Zambrano - Servicios de Ingeniería & Compras Públicas.,≤100
823389784710760,EQUIS Festival de Cine Feminista de Ecuador,EQUIS - Festival de Cine Feminista de Ecuador,≤100
195488207272178,Ciudadanía y Desarrollo,Ciudadanía y Desarrollo,≤100
516140678546075,Timing Ecuador,Timing Ecuador,≤100
457069395104907,Sheyla Zamora,These ads ran without a disclaimer,≤100
105529554361824,Capacitaciones Médicas Samedi,These ads ran without a disclaimer,≤100
108657847619569,Goberna Ecuador,Goberna Ecuador,≤100
494354027360929,Dirección de Educación Continua Pontificia Universidad Javeriana Bogotá,These ads ran without a disclaimer,≤100
185930698690529,Observatorio de Gasto Público,Ciudadanía y Desarrollo,≤100
110559431842448,Academia de Danza Maria Isabel Angel,These ads ran without a disclaimer,≤100