﻿Page ID,Page name,Disclaimer,Amount spent (USD),Number of ads in Library
17043549797,MIT Technology Review,These ads ran without a disclaimer,≤100,1
200480966638039,Supremacy 1914,These ads ran without a disclaimer,≤100,3
103597027708447,SuperPlanet Games,These ads ran without a disclaimer,≤100,1
270082823183144,Canton Fair,These ads ran without a disclaimer,≤100,1
109098014970060,Nature,These ads ran without a disclaimer,≤100,1
103128059291677,Saaraba,These ads ran without a disclaimer,≤100,2
59272578195,BusinessBecause,These ads ran without a disclaimer,≤100,1
823788047675556,Call of War,These ads ran without a disclaimer,≤100,1