﻿Page ID,Page name,Disclaimer,Amount spent (JPY)
684161888345926,西日本新聞me,西日本新聞me,1183
208661552479830,日本財団,Shigeru Fujita,739
112523977041775,参政党,参政党,706
1904070096535109,スマート選挙,株式会社センキョ,703
475681929154100,国連UNHCR協会,国連UNHCR協会,251
543662599325014,地方移住・関係人口創出のプラットフォーム【ネイティブ. メディア】,ネイティブ株式会社,163
239558679475625,株式会社トマス技術研究所,Kenji Fukutomi,≤100
418866171492742,株式会社Legaseed,These ads ran without a disclaimer,≤100
102658591823560,2023年以降の未来予測,These ads ran without a disclaimer,≤100
103914976352692,選挙ドットコム,イチニ株式会社,≤100
102057562724312,自治体実務Webセミナー,自治体実務Webセミナー,≤100
259163764160829,FoE Japan,FoE Japan,≤100
579187028792625,社長と会社の手元現金を増やす仕組みづくりの専門家,社長と会社の手元現金を増やす仕組みづくりの専門家,≤100
288385447888433,公益財団法人モラロジー道徳教育財団,公益財団法人モラロジー道徳教育財団,≤100
115053374813920,BizFul/ビズフル - ビジネスに役立つ資料が見つかる,株式会社ビズフル,≤100
100251962938282,スピリチュアル心理,These ads ran without a disclaimer,≤100
151214938794853,ミエセン,ジャッグジャパン株式会社,≤100
547986165247623,NPO法人 多民族共生人権教育センター,NPO法人 多民族共生人権教育センター,≤100
881025135256351,Japan In-depth,Japan In-depth,≤100
123217824515511,牛見 航  /  山口県防府市議会議員,Wataru Ushimi,≤100
237621741542989,実践型財務戦略アカデミー「布井塾」,These ads ran without a disclaimer,≤100
309591236426187,佐倉市議会議員　岡野あつし,Atsushi Okano,≤100
289931618238873,法輪功は素晴らしいですが、なぜ迫害されたのか,Luu Nga,≤100
104533215755145,ZOE_Japan,ZOE Japan,≤100