﻿Page ID,Page name,Disclaimer,Amount spent (GBP)
102639461303190,Fair Pay For All,Fair Pay For All,445
9250349228,Greenpeace UK,Greenpeace UK,240
310039442421596,Scottish Labour Party,Scottish Labour Party,196
7715002593,UNICEF UK,Unicef UK,168
311627208673,WWF UK,WWF UK,161
35671512696,World Animal Protection UK,World Animal Protection UK,158
186622728032,RSPB,RSPB,145
7214031395,Oxfam Great Britain,Oxfam Great Britain,144
365948210785448,Criminal Injuries Helpline,Criminal Injuries Helpline,124
175338329150218,Help For Heroes,Help for Heroes,≤100
290498754454402,European Movement UK,European Movement UK,≤100
569834799727730,National Grid UK,National Grid UK,≤100
13047522725,Crimestoppers,Crimestoppers,≤100
7043497714,Christian Aid,Christian Aid,≤100
657070411062471,Anas Sarwar,Scottish Labour Party,≤100
45986010500,Barnardo's,Barnardo's,≤100
263162170381168,The Salvation Army United Kingdom and Ireland Territory,The Salvation Army United Kingdom with the Republic of Ireland,≤100
314545075249245,Glasgow City Council,Spiritmedia Ltd.,≤100
799576543492660,The Week Junior,The Week Junior,≤100
121936349543,World Vision UK,World Vision UK,≤100
159100234275780,UK Government Scotland,Office of the Secretary of State for Scotland,≤100
47612991154,Dignity in Dying,Dignity in Dying,≤100
123027101047606,Pancreatic Cancer UK,Pancreatic Cancer UK,≤100
59367068326,The Ramblers,The Ramblers,≤100
7527864602,WaterAid UK,WaterAid UK,≤100
693990677314288,Royal London,Royal London,≤100
177855115588808,The Week UK,The Week UK,≤100
106646172464032,Moz for Mayor,Moz for Mayor,≤100
246872175166,Action Against Hunger UK,Action Against Hunger UK,≤100
104255571968810,Save My Vape,Save My Vape,≤100
158077247591710,Refuge,Refuge,≤100
196603287038373,Edinburgh Children's Hospital Charity,Edinburgh Children’s Hospital Charity,≤100
220513170893,Ripple Effect,Send a Cow,≤100
117476785190,Save the Children UK,Save the Children UK,≤100
195754307110390,Right To Life UK,Right To Life UK,≤100
1586251881644270,Keir Starmer,The Labour Party,≤100
25749647410,The Labour Party,The Labour Party,≤100
114651147002520,SSE Energy Solutions,SSE,≤100
220543443746,International Rescue Committee - UK,International Rescue Committee UK,≤100
802671466445707,Product Earth,Product Earth,≤100
1660600037490738,Guardian Labs,Guardian Labs,≤100
1741389166144949,Impact Energy LTD,These ads ran without a disclaimer,≤100
127031794038958,Blue Marine Foundation,Blue Marine Foundation,≤100
18933990398,Stonewall,Stonewall UK,≤100
1046117708754519,Care4Calais,Care4Calais,≤100
104259838288065,Independent Monitoring Authority,Independent Monitoring Authority,≤100
112712550420527,Ekō UK,SumOfUs,≤100
705825476138789,Hubbub,Hubbub,≤100
353224381469808,ifaw,IFAW,≤100
103559634900519,Oltco Ltd,Oltco Ltd,≤100
1738524969810037,Mission India UK,Mission India UK,≤100
346684596111093,KinKind,KinKind Ltd,≤100
19895907944,CAFOD,CAFOD,≤100
137660096284927,Child Poverty Action Group (UK) - CPAG,Child Poverty Action Group,≤100
104768005247443,Say No To WHO,Say no to WHO,≤100
135456716565905,Guardian Jobs,Guardian Jobs,≤100
110538548040758,Care2 UK,John Ayling & Associates,≤100
2047806148766050,Animal Equality UK,Animal Equality UK,≤100
10677003998,Shelter,Shelter,≤100
7624294394,Amnesty International UK,Amnesty International UK,≤100
490007667679401,Hugh James,Hugh James,≤100
25040545213,Contact - For families with disabled children,Contact,≤100
46074836918,The Trussell Trust,Trussell Trust,≤100
49275915266,MSI Reproductive Choices,MSI Reproductive Choices,≤100
208573062515662,Freedom from Torture,Freedom from Torture,≤100
10114144851,NSPCC,NSPCC,≤100
26806660922,Humanists UK,Humanists UK,≤100
101255718164248,350 UK,350.org,≤100
112845639376,Refugee Action,Refugee Action,≤100
32514078659,Liberty,Liberty,≤100
6707857033,Global Justice Now,Global Justice Now,≤100
169042736456594,All Out,All Out,≤100
89151782746,Fauna & Flora,Fauna & Flora International,≤100
112403793494016,healthandcare.scot,Healthcare News Scotland,≤100
18168505158,The Woodland Trust,Woodland Trust,≤100
10986039307,VSO,VSO,≤100
249209468838241,Good Law Project,Good Law Project,≤100
134213516600832,Logistics UK,Logistics UK,≤100
453624597990055,The Separated Child Foundation,The Separated Child Foundation,≤100
112712550420527,Ekō UK,Ekō,≤100
55984857501,Open Doors UK & Ireland,Open Doors with Brother Andrew,≤100
103925719358325,Highlands & Islands Climate Festival,Highlands & Islands Climate Festival,≤100
106205865302441,Just Stop Oil,Just Stop Oil,≤100
850551875009799,Stephen Kerr for Angus and Perthshire Glens,Stephen Kerr for Angus and Perthshire Glens,≤100
103835971750,Orbis UK,Orbis UK,≤100
8555757947,Tearfund,Tearfund,≤100
18366996074,War on Want,War on Want,≤100
358531814192900,Bloomsbury Publishing UK,Bloomsbury Publishing UK,≤100
110536231090521,Michael Turvey for West Aberdeenshire and Kincardine,Aberdeenshire West Liberal Democrats,≤100
108289788007047,Let Us Pray,The Christian Institute,≤100
265565040237871,USPG,USPG,≤100
303760836322372,Bullen Healthcare,Bullen Healthcare,≤100
114302109964775,Make My Money Matter,Make My Money Matter,≤100
139695000173,Good Energy UK,Good Energy,≤100
9695206314,Sustrans,Sustrans,≤100
109403712473243,Bristol Energy Cooperative,Bristol Energy Cooperative,≤100
111503161740182,AGBI,AGBI,≤100
6366026879,Dogs Trust,Dogs Trust,≤100
22827312848,CPRE The countryside charity,Campaign to Protect Rural England,≤100
101886255290758,SNP Pentlands West,SNP Pentlands West,≤100
601388547012748,Ecologi,Ecologi,≤100
238394282845251,The Big Issue,The Big Issue,≤100
1886581701583318,Andrew Bowie MP,Scottish Conservatives,≤100
7950759473,Cancer Research UK,Cancer Research UK,≤100
21019330647,Environmental Investigation Agency,Environmental Investigation Agency,≤100
157136240296,Marie Claire UK,These ads ran without a disclaimer,≤100
164362913586214,Womankind Worldwide,Womankind Worldwide,≤100
1572851269642117,Make Votes Matter,Make Votes Matter,≤100
157492274367801,Cruelty Free International,Cruelty Free International,≤100
112201298348662,Health Equals,Health Equals,≤100
13655260370,Penguin Books,Penguin Books,≤100
2184119651810423,Councillor Keiran O'Neill for Maryhill,Councillor Keiran O'Neill for Maryhill,≤100
372562307265,Ripple Africa,RIPPLE Africa,≤100
25010947137,ShelterBox,ShelterBox,≤100
797697510305506,SFR Shop,These ads ran without a disclaimer,≤100
148276958538181,The Royal Society,The Royal Society,≤100
1035528279833663,IEMA,IEMA,≤100
848938305316075,The National College,These ads ran without a disclaimer,≤100
298509560234948,Bethany Christian Trust,Bethany Christian Trust,≤100
101915698384428,Eldred Law,Eldred Law,≤100
1641341579247406,James Patterson,These ads ran without a disclaimer,≤100
73607375435,Open Rights Group,Open Rights Group,≤100
274651352565844,Oltco Ltd,Oltco Ltd,≤100
166289303844685,Action on Sectarianism,Action on Sectarianism,≤100
103804555563918,Cllr Tommy Macpherson - a strong new voice for Campbeltown & South Kintyre,Cllr Tommy Macpherson - a strong new voice for Campbeltown & South Kintyre,≤100
107286223667,Kurt Geiger,These ads ran without a disclaimer,≤100
198491313659847,Drug Science,Drug Science,≤100
105414346223667,The Scottish Parliament,The Scottish Parliament,≤100
102220332025739,Centre for Ageing Better,Centre for Ageing Better,≤100
107458721218674,ADF UK,ADF UK,≤100
267353906619818,Mr. Gugu & Miss Go,These ads ran without a disclaimer,≤100
6406164817,Viva!,Viva! Vegan Charity,≤100
37981137361,The Children's Society,The Children's Society,≤100
184323594931922,Bumblebee Conservation Trust,Bumblebee Conservation Trust,≤100
1863944713844924,Best For Britain,Best for Britain,≤100
763665157015124,Silver Voices,Silver Voices,≤100
6574632957,Unlock Democracy,Unlock Democracy,≤100
314545075249245,Glasgow City Council,Glasgow City Council,≤100
101183108039162,P1vital,P1vital,≤100
143837658998810,WWT,Wildfowl and Wetlands Trust,≤100
361903630674786,City to Sea,City to Sea,≤100
116625838402686,FareShare,FareShare,≤100
119436041436456,ESPC,ESPC,≤100
349529338419493,Energy and Utilities Jobs,Energy and Utilities Jobs,≤100
1634484040190637,VERSUS,VERSUS,≤100
107485499287,Reprieve,Reprieve,≤100
105057779144316,Balance Power,Balance Power,≤100
238697806232626,Roberto Marra,These ads ran without a disclaimer,≤100
2443299312347521,Green New Deal Rising,Green New Deal UK,≤100
202480635550,Care,CARE,≤100
968710993159129,Quarto Kids,Quarto Kids,≤100
104173635874423,Honest Power ECO4,Honest Power ECO4,≤100
101078319487563,Discovering Quakers,Discovering Quakers,≤100
183759769950,First News,First News- The Newspaper for Young People,≤100
113447613420674,Waterfall Security Solutions,These ads ran without a disclaimer,≤100
100903169472105,AN Car Hire,These ads ran without a disclaimer,≤100
20995300784,Green Party of England and Wales,Green Party of England and Wales,≤100
85549822738,Peace Direct,Peace Direct,≤100
117592091643709,Tree of Life Ministries｜Evangelism in Israel,Tree of Life Ministires,≤100
158365557945,Unseen & the Modern Slavery Helpline,Unseen UK,≤100
112097104891095,Organise Now,Organise Now!,≤100
100460115820499,Recork,Recork,≤100
19110072263,FOUR PAWS,FOUR PAWS GB,≤100
102734363097680,Group B Strep Support (GBSS),Group B Strep Support (GBSS),≤100
388650307829032,Rachel Reeves,Rachel Reeves,≤100
200006375787,38 Degrees,38 Degrees,≤100
1486841851361953,Power for People,Power for People,≤100
327118287384388,The Institution of Engineering and Technology (IET),The Institution of Engineering and Technology (IET),≤100
249171905431196,Absolute Collagen,These ads ran without a disclaimer,≤100
1500042670220867,Women's Budget Group,Women's Budget Group,≤100
109399809105630,LGBT Health and Wellbeing,LGBT Health and Wellbeing,≤100
111451695317787,Steve Tuckwell - The Local Choice,The Conservative Party,≤100
104783564567494,The Disability Union,The Disability Union,≤100
146599018696771,NATO,NATO,≤100
146549422028829,The TaxPayers' Alliance,The TaxPayers' Alliance,≤100
108625789179165,Soi Dog Foundation,These ads ran without a disclaimer,≤100
112672561875448,Info Navigator,These ads ran without a disclaimer,≤100
21517406388,Trees for Cities,Trees for Cities,≤100
1503185916668051,Left Book Club,Left Book Club,≤100
150421548699317,Poppy Forrest Kraft,These ads ran without a disclaimer,≤100
934458176570124,International Medical Corps UK,International Medical Corps UK,≤100
149372121772389,Lord's Taverners,These ads ran without a disclaimer,≤100
106552981733110,Project Better Energy,Simplicity Digital Marketing,≤100
104039611070017,No Pasaran Media,No Pasaran Media,≤100
104737907600013,The Clerks Corner,Scribe,≤100
105222002601666,Clean Renewable Energy,Clean Renewable Energy Ltd,≤100
1670551139849279,Barnett Survivors Limited,Barnett Survivors Limited,≤100
183609792174674,Katie Treggiden,These ads ran without a disclaimer,≤100
237629989637187,Cumbria Pride,Cumbria Pride,≤100
397367290369272,Project Solar UK,Project Solar UK,≤100
164209820296796,Onya,These ads ran without a disclaimer,≤100
1056162421085650,Research Features,Research Features,≤100
97116898596,Sightsavers,Sightsavers,≤100
11245843886,Anthony Nolan,These ads ran without a disclaimer,≤100
141676451400394,Heatic,These ads ran without a disclaimer,≤100
174535812597476,High Speed Two Limited (HS2 Ltd),These ads ran without a disclaimer,≤100
268801635305,Breast Cancer Now,Breast Cancer Now,≤100
799676273759668,Jonathan Gullis MP,The Stoke-on-Trent Conservative Party,≤100
984203991753488,Research Outreach,Research Outreach,≤100
474613052643462,London Labour Party,The Labour Party,≤100
219529243417430,Declaration of Dumfries,Declaration of Dumfries,≤100
102628515563294,Breathe Safe UK,CSEU,≤100
199676720083396,"National Union of Rail, Maritime and Transport Workers (RMT)","National Union of Rail, Maritime & Transport Workers (RMT)",≤100
110861655604080,Friends of the Earth,Friends of the Earth (EWNI),≤100
110173697302280,CarbonStore,CarbonStore,≤100
117863091193083,Standing At The Sky's Edge,These ads ran without a disclaimer,≤100
116875244715727,Dr Sue Roberts - Climate Party Supporter,The Climate Party,≤100
120741424644971,Street Child,These ads ran without a disclaimer,≤100
122775951243559,Day Webster,These ads ran without a disclaimer,≤100
110888995267295,The Champions Network,These ads ran without a disclaimer,≤100
1608245282744484,Yorkshire and the Humber Labour Party,The Yorkshire and Humber Labour Party,≤100
135602823147553,Heathrow Airport,Heathrow Airport Limited,≤100
114612673270510,Cumberland Liberal Democrats,Carlisle Liberal Democrats,≤100
206258299417581,World Safety Forum,These ads ran without a disclaimer,≤100
186141758110846,Keep Scotland Beautiful,These ads ran without a disclaimer,≤100
248614481874426,Breast Cancer UK,Breast Cancer UK,≤100
848938305316075,The National College,National Education Group Ltd,≤100
250305668489402,Professor Kenny,These ads ran without a disclaimer,≤100
1731766737063825,Greenspark,Greenspark,≤100
101134691707170,Fight The Lies,Fight The Lies,≤100
112714651408327,Government Events,Government Events,≤100
102093205997581,Danny Beales for Uxbridge & South Ruislip,London Labour Party,≤100
101958682650112,ESG UK,Energy Saving Grants,≤100
403540066505989,National Federation of Cypriots in the UK,National Federation of Cypriots in the UK,≤100
111692181958132,Keir Mather for Selby and Ainsty,The Labour Party,≤100
111033680330777,Transport for the North,Transport for the North,≤100
241312696375349,National Education Union,National Education Union,≤100
37542908789,Newcastle City Council,Newcastle City Council,≤100
354873112042471,Kankan London,These ads ran without a disclaimer,≤100
2120886978187969,Bosla Arts,These ads ran without a disclaimer,≤100
109324755342447,mad.who.theatre,These ads ran without a disclaimer,≤100
118763394581348,Claire Holmes - Conservative Candidate for Selby and Ainsty,The Conservative Party,≤100
103351836004276,G-Nergy Renewables Ltd,These ads ran without a disclaimer,≤100
182527115111538,2littleboys.co.uk,These ads ran without a disclaimer,≤100
107095708915479,Support Jimmy Lai,Electica ltd,≤100
11949538375,China Dialogue,chinadialogue,≤100
1382543595173440,Humane Society International - UK,Humane Society International - UK,≤100
101831966176166,South Norfolk Labour Party,South Norfolk Labour Party,≤100
103016680138,SA Tourism Update Online,These ads ran without a disclaimer,≤100
180520171996876,IslamInSpanish,These ads ran without a disclaimer,≤100
230875547030767,Serge Ferrari,These ads ran without a disclaimer,≤100
604598226218072,CNH Industrial,These ads ran without a disclaimer,≤100
108995253766852,Action Nan,These ads ran without a disclaimer,≤100
1642704175844754,Campaign to Save Inchgreen Dry Dock,These ads ran without a disclaimer,≤100
388355077909911,R. Michael Anderson,These ads ran without a disclaimer,≤100
105342912624455,littlesnowmeimei,These ads ran without a disclaimer,≤100
116738081431088,trinatropical,These ads ran without a disclaimer,≤100
425399447824959,The Templeton Prize,These ads ran without a disclaimer,≤100
112412525184058,Carbon Millions,These ads ran without a disclaimer,≤100
113504738323498,Clever Classics Media,These ads ran without a disclaimer,≤100
110385188514427,News Touch,These ads ran without a disclaimer,≤100
108015265225728,mpact.global,These ads ran without a disclaimer,≤100
100247219402175,The Clever Protagonist,These ads ran without a disclaimer,≤100