﻿Page ID,Page name,Disclaimer,Amount spent (TRY)
111162852275902,Uluslararası Af Örgütü Türkiye Şubesi,Uluslararası Af Örgütü Türkiye Şubesi,≤100
483282718428036,Meral Akşener,İYİ Parti,≤100
575755372513811,Muhittin Böcek,Antalya Büyükşehir Belediyesi,≤100
107677442072156,Bakış Açısı,Mustafa İlhan,≤100
1439683329600228,Ümit Uysal,Ümit Uysal,≤100
1450169428329951,Şarkul Avsat Türkçe,Şarkul Avsat Türkçe,≤100
197750943681205,Antalya Büyükşehir Belediyesi,Antalya Büyükşehir Belediyesi,≤100
498108350567415,Nilüfer Deveci,Nilufer Deveci,≤100
347544215450268,Mehmet Soydan,These ads ran without a disclaimer,≤100
105724511499805,Yeniden Refah Partisi,Yeniden Refah Partisi,≤100
191453580768,Yeni Şafak,Piri Medya Anonim Sirketi,≤100
542870125808616,Kurultay Haber,These ads ran without a disclaimer,≤100
180404128680446,Dr. Şadi YAZICI,Dr. Şadi YAZICI,≤100
103167881182863,Temiz Enerji Haber Portalı,Temiz Enerji Haber Portalı,≤100
759960337453594,Reis Erdoğan,Huseyin Rahat,≤100
1766251153600055,Ertuğrul Ocağı,These ads ran without a disclaimer,≤100
2171025259612438,Tufan Akan,Tufan Akan,≤100
105282619066734,bekirtanerates,Emre ÖZCAN,≤100
1104153776387884,Halk Haber Ajansı,Resul Mesut Büyüksarı,≤100
588319621318434,Samsun Gümüşhane Dernekleri Federasyonu,Mustafa Seven,≤100
463215923715177,Mehmet Yiğiner,Bekir Koyuncu,≤100
101700471513125,Kadir Aydın,Kadir Aydın,≤100
127896160644676,KORAY AYDIN,KORAY AYDIN,≤100
100516989042507,Balıkesir Posta TV,Ahmet Namlı,≤100
1883376938386253,Ebedi Başkomutan Atatürk,Huseyin Rahat,≤100
1386832938211808,Doç. Dr. Necmettin Çalışkan,Beyzade Fm & Tv ile anlaşmalı,≤100
109407151806354,İsmail İnlidere,Ismail Inlidere,≤100
2088472088121974,Nesli Harekat,These ads ran without a disclaimer,≤100
103098904742608,Murat Serdar Koç,Murat Serdar Koc,≤100
1614212022160759,Fehmi Yağlı,Fehmi Yagli,≤100
104143732237595,Sürekli Haber,Sürekli Haber,≤100
678793932148150,Muammer Keskin,Şişli Belediyesi,≤100
1418564168357732,Ali Sinanoğlu,Ali Sinanoğlu,≤100
924417247738396,İsmet Tokdemir,Ismet Tokdemir,≤100
108125715319326,Earth Akademi,These ads ran without a disclaimer,≤100
283657205667155,Mustafa Ali Fırtına,Mustafa Ali Firtina,≤100
465887546792664,Halkın Kurtuluş Partisi - HKP,TAYFUR BİN,≤100
298764070816267,Mehmet Tütüncü,Mehmet TÜTÜNCÜ Türkiye Temsilcisi,≤100
506107706201274,Antalya Esnaf ve Sanatkarlar Odaları Birliği,Antalya Esnaf ve Sanatkarlar Odaları Birliği,≤100
103728271055286,Selçuk Kılıçaslan,Selcuk Kilicaslan,≤100
100183629572435,Gün Gün Kurtuluş Savaşı,İlker  Tanrıverdi,≤100
109632007076932,Türkiye Müteahhitler Birliği,TÜRKİYE MÜTEAHHİTLER BİRLİĞİ,≤100
815048841929079,M. Ergün Turan,M. Ergün Turan,≤100
106789305232883,وكالة الشرق الأوسط الإخبارية,وكالة الشرق الأوسط الإخبارية,≤100
189962161189070,İsmailağa Camii,İsmailağa camii,≤100
276652289141318,OSMAN KOZAN,Osman Kozan,≤100
549579538907553,Erhan ÖZHAN I Bünyan I Kayseri,Erhan Ozhan,≤100
107164761330974,Cengizhan YILDIZ,Cengizhan Yildiz,≤100
802006146497578,KA.DER-Kadın Adayları Destekleme Derneği,These ads ran without a disclaimer,≤100
111448048019972,مركز صدارة للمعلومات,مركز صدارة للمعلومات,≤100
101213355945378,Hickimseveherkes,These ads ran without a disclaimer,≤100
103418515923659,Lin Lin 37223468,These ads ran without a disclaimer,≤100