﻿Page ID,Page name,Disclaimer,Amount spent (EUR)
122074554119,EU Social,EU Social,≤100
178362315106,European Parliament,European Parliament,≤100
651747871952382,Кристиян Шкварек,Кристиян Шкварек,≤100
117541634602789,"България, това си ти - благотворителна кампания","България, това си ти - благотворителна кампания",≤100
112598698012224,Кажи честно с Ани,Кажи честно с Ани,≤100
109070702519925,Български фонд за жените / Bulgarian Fund for Women,Български фонд за жените / Bulgarian Fund for Women,≤100
110524007015828,Димитър Вучев,Димитър Вучев,≤100
1648096958816379,"Да, България","Да, България",≤100
109836745135532,SolarEdge Bulgaria,These ads ran without a disclaimer,≤100
320061771515533,Младежи ГЕРБ,Коалиция ГЕРБ-СДС,≤100
100502688162733,За Бога и Човека,За Бога и Човека,≤100
103439391741697,Обединени Християндемократи,Обединени Християндемократи,≤100
104557715975708,Ограбената енергетика - защо българите плащат най-скъпо?,Ограбената енергетика,≤100
2041389956077700,Петър Клисаров,ПП Пряка демокрация,≤100
107898832590939,European Commission,European Commission,≤100
1541927439263296,Истинската история на българите,Истинската история на българите,≤100
284609378287194,НПО портал,НПО Портал,≤100
324356301333631,Антикорупционен фонд,Anti-Corruption Fund,≤100
216818831712803,ЕКИП,ЕКИП,≤100
168165046713893,МГЕРБ - София,Коалиция ГЕРБ-СДС,≤100
1963710273872883,Петър Витанов / Petar Vitanov,Петър Витанов,≤100
364788430386875,"Инициатива ""Правосъдие за всеки""","Сдружение ""Правосъдие за всеки""",≤100
287175336077,Bilitis Foundation,Bilitis Resource Center,≤100
103663519057233,Радко Кръстанов,Радко Кръстанов,≤100
431267323634943,ILAC - International Legal Advice Center,International Legal Advice Center,≤100
110632484871987,В търсене на истината,В търсене на истината,≤100
1036817196347632,Клин/Клин,Клин/Клин,≤100
283061845058938,Европейската комисия в България / European Commission in Bulgaria,Европейската комисия в България / European Commission in Bulgaria,≤100
527351247377965,European Committee of the Regions,European Committee of the Regions,≤100
103254705299587,Даниел Митов,Коалиция ГЕРБ-СДС,≤100
196869257582,Еко Новини,Еко Новини,≤100
101067484628574,Cash Media,Cash Media,≤100
151920014003,Овергаз,Овергаз,≤100
734105799990582,Карлос Контрера,ВМРО-БНД,≤100
417917798392477,Живко Табаков,Живко Табаков - официална страница,≤100
117043617999159,alpayburakdogru,These ads ran without a disclaimer,≤100
125040568895793,Истински мед,These ads ran without a disclaimer,≤100