﻿Page ID,Page name,Disclaimer,Amount spent (EUR)
101519168409673,Dimitar Kovacevski,СДСМ,≤100
148427235188637,СДСМ - Социјалдемократски сојуз на Македонија,СДСМ,≤100
100746718435265,Fatmir Bytyqi,Fatmir Bytyqi,≤100
971176269757392,Дома,Институт за комуникациски студии ИКС / Institute of Communication Studies,≤100
1482737048633478,Институт за комуникациски студии ИКС / Institute of Communication Studies,Институт за комуникациски студии,≤100
829371753904952,Hristijan Mickoski,ВМРО-ДПМНЕ,≤100
445469652211682,Bujar Osmani,Bujar Osmani,≤100
335085593528267,Sloboden Pecat,Sloboden Pecat,≤100
104691108594318,Шанса за Центар,Граѓанска иницијатива Шанса за Центар,≤100
192483774872658,Демократи,Демократи,≤100
139287259432606,Artan Grubi,Artan Grubi,≤100
100751933349940,Институт за европска политика (ЕПИ)/European Policy Institute - EPI,Институт за европска политика (ЕПИ)/European Policy Institute - EPI,≤100
265923520249124,Иван Стоилковић,Miroslav Tričković,≤100
1930789983835487,Valmir Aziri,Arif Tairi,≤100
400497373674524,СамоПрашај.мк,Institut za komunikaciski studii,≤100
66035312931,Zoran Zaev,Zoran Zaev,≤100
196420997043730,ДОМ,ДОМ,≤100
191683947531941,medium.edu.mk,Институт за комуникациски студии,≤100