﻿Page ID,Page name,Disclaimer,Amount spent (PYG)
102171848430562,Dr. Noguera 2023,Jacinto Rafael Noguera Arzamendia,289756
175406365841914,Arnoldo Wiens,Global Agencia,197141
100617802815343,Orlando Penner Senador 2023,Orlando Penner Dürksen,134653
1468570519872644,Santiago Peña,PRANA SA,107720
106682318781403,Rafaela Guanes Senadora,Rafaela Guanes,79365
286989224667281,Marito Abdo,Marca Py,38572
102266292553995,Sucia Política,Diego Ricardo Ramírez,32516
532716330164048,Sole Núñez,Soledad Núñez,31485
309537729651941,JuanMa Brunetti,Global Agencia,25257
1903045496681398,Celeste Diputada,Celeste Josefina Amarilla De Boccia,24536
325540631525675,En La Tecla,En la Tecla,23349
102684267782773,José Plate Silvero,Creagenz,21645
1222077187832207,Gustavo Leite,Gustavo Alfredo Leite Gusinky,21645
1832577620365172,Eusebio Ramón Ayala Senador 2023,Manu Nuñez Franco,18251
1695481804025162,Eduardo Nakayama,Eduardo Hirohito Nakayama Rojas,14430
132554373464255,La Nación,Nación Media,12771
196599783696918,Efrain Alegre,Pedro Efraín Alegre Sasiain,8999
266016903502005,Senador Carlos Gómez Zelada,Senador Carlos Gómez Zelada,8870
1310731702357133,GEN,GEN,8153
106257452820864,Tito Saguier,Tito Saguier,7536
102193762632115,Patricia dos Santos,Patricia Dos Santos,7215
242118359309178,Ricardo Estigarribia,Douglas Mateus Hendges,7215
392501567470357,Martín Arévalo,Mario Martin Arevalo Fernandez,5490
490637354648727,Ing.Juan Carlos Baruja - Gobernador 2018/2023,Juan Carlos Baruja Fernandez,5488
100188219465134,Senador Derlis Osorio,Derlis Ariel Alejandro Osorio Nunes,5420
102467002671611,Jorge Heisecke,Jorge Heisecke,5277
118756543324306,Marcelo Rojas,Marcelo Rojas,5023
110282441138723,Nicolás CHASE,Nicolas Chase Rodríguez,4865
107823568693539,Lucas Aquino Senador,Hugo Ildefonso Espinola Ricardo,4548
100777148341766,Oscar Salomón,Felipe Sebartian Salomon Casola,4426
124476131441330,Partido Hagamos,Partido Hagamos,4292
100192941401740,Arturo Toñanez Benitez,Arturo Arnaldo Toñanez Benitez,4273
124625661665046,Patrick Kemper,Patrick Paul Kemper Thiede,3994
838018169889993,Fernando Ojeda,Fernando Ojeda,3662
1151984808290856,Hugo Portillo,Hugo Portillo,3459
105386388829016,Martín Presidente,Hugo Ildefonso Espinola Ricardo,3199
2498041723587745,Colym Soroka,DGWorld,2018
109071601870453,Leandro Prieto Ruiz,Leandro Jose Prieto Ruiz,1905
118397948223791,Oscar Tuma,Óscar Luis Tuma Bogado,1822
105930287530970,Guido Martínez 2022,Guido Rene Martinez Peralta,1805
105872245439208,Pelusa Senadora,Maria Yolanda Del Rosario Moreno de Ruíz,1773
103040788902949,Concertación Nacional 2023,Rocio Magali Moreno Vera,1710
921864097869405,Julio Rolón,Diana Jazmin Pereira Silveira,1445
110447625137045,Pilar Callizo,PautaPY,1421
1457499374507271,Marcos Velazquez,Jessica Cristina Añazco Ortega,1369
430961180344844,EVER VILLALBA,Ever Federico Villalba Martinez,1313
2033757383511165,Mario Paz Castaing,Rocio Magali Moreno Vera,1293
102419789281232,Risso Diputado 2023,Rodrigo Nahuel Sánchez Benitez,1176
102216709215209,Rolando De Barros Senador 2023,Roque Adalberto Aranda Vázquez,953
263037407490496,Édgar López Gobernador,Christian Guillermo Vazquez Sanchez,937
107564631419895,La Profe Any,Oscar Gustavo Caballero Martinez,821
405176719648043,Dr. César Meza Bría,Esteban Giovanni Fortunatti,818
1427695867338607,Dr. Hugo Fleitas,Dr. Hugo Fleitas,713
103373961784268,Giani Ramírez,Gianina Beatriz Ramírez Riboldi,665
283132325082901,Esperanza Martínez,Esperanza Martinez De Portillo,654
807376972703022,Prof. José Garcete Concejal 2023,José Garcete Cardús,649
665680343451704,Lider Amarilla,Lider Santiago Amarilla Rios,640
420279778178605,Adelaida Diputada 2023,Adelaida Cantero De Torres,605
412301729145638,Areguá Mi Encanto,Cristian Isasa,602
111701681626785,Dani Fleitas,Katherin Maria Saldivar Espinola,589
279495618730067,MANUEL RADICE,Manuel Radice,582
1386037631635162,Hugo Ramírez,Nahuel Ayala Gomez,579
102316839215739,Hilda Ferras Candidato Político,Hilda Beatriz Arguello,575
1490214351269338,Freddy Franco,Carlos Agustin Sanabria Garcete,565
104096115823278,Tomas Bittar Junta de Gobierno 2023-2028,Tomas Enrique Bittar Navarro,555
943824938962084,Luis Fernando,Luis Carlos Arce,541
110060281794994,Luis Talavera Alegre - Presidente 2023,José Emanuel Ruiz Díaz Bogado,481
110035698568369,Gustavo Guggiari Senador,Gustavo Adolfo Guggiari Fleytas,477
102859249300384,Miguel Ghiringhelli Senador 2023,Liberty Tech,453
1927558977499398,Carolina Rivas,Eusebio Vera,442
1508684459364082,Tadeo Zarratea,Tadeo Zarratea Davalos,402
102887709202228,Pedro Mayor Martinez- Candidato a Senador,Antonio Morinigo,402
1683682091865699,Nubia Capurro - Diputada,Hector Matiauda,363
363306313879750,Marle Chispita Orue,Marlene Tatiana Orue Leon,332
102350161265077,Lider Amarilla,Marcos Claudio Produciones,331
105796025619350,Tati Giménez Diputado 2023,Patria Querida,313
105181039022571,Alcides Samudio RAS Diputado,Rumildo Alcides Samudio Peña,271
468846806618050,Hugo Cabrera,Hugo Javier Cabrera Franco,248
2545194018888389,Arnaldo Perez,Hugo Emilio Caballero Chena,243
235526436573168,Ing. Eche Tu Diputado,Adalberto Pastor Echeverría Villasboa,242
114574908102864,Alianza VAMOS Por Boquerón,Alianza Vamos Por Boquerón,233
646939832039958,Hugo Ibarra - Diputado Nacional,Eladio Ortiz Gayoso,224
109317014584518,Aurora Amarilla Concejal por Central,Aurora Concepcion Amarilla Romero,220
1593908204188878,Arq. Carlos López,Fabio Raul Morales Insaurralde,189
105031404894363,Carlos Mercado Rotela,Daniel Elieser Mariño Suarez,178
100445112671378,Fernando Camacho Senador 2023,Norma Graciela Ávalos Lezcano,175
110491594962344,Manuel González Concejal 2023,Ana Gisell Bogado Miranda,169
2176116945978444,Christian Valdez,Christian Valdez,166
773720583042911,La Verdad Digital Noticias,La Verdad Digital Noticias,164
110650978517206,Guille San Martin,Nueva Tecno,125
120061519391875,César Paredes,César Paredes,117
104331465102964,Rita Pérez Concejal Departamental,Rita Liz Pérez Aguilar,≤100
111131724983763,Dr. Araujo 2023,Dr. Araujo 2023,≤100
441529192988697,Rubén Penayo Senador 40/44,Rubén Penayo Senador 40/44,≤100
888301827879665,Aldo Bogarín,Aldo Bogarín,≤100
267653697439660,Paraguay4Export,These ads ran without a disclaimer,≤100
218029751909916,Periodico Mentor,José Del Carmen Alvarez Valdez,≤100
100528208732843,Arnold Andrés Ramirez,Arnold Andrés Ramirez Rodriguez,≤100
952791584824124,Cristhian Ayala - Concejal Departamental Lista 3 opción 7,Miguel Lupiciano Cardozo Contrera,≤100
141678063114851,Ruben Velazquez,Dalva Natividad Acosta Vallejos,≤100
1608625919447826,Blanca Ovelar Senadora Nacional,Elecciones,≤100
150741961754512,Mercedes Canese Antúnez,Mercedes Canese,≤100
1590257004624262,JORGE PEÑA,Hugo Emilio Caballero Chena,≤100
106540962228308,Willian Bogarin 2022,Alfredo Raúl Merino Ávalos,≤100
199949073442305,Lilian Samaniego,Adventura,≤100
371997603532027,Haciendo Lío,Enciso Rojas Roberto Daniel,≤100
724051717643013,Miguel Prieto,Celso Kevin Ramon Sánchez Florentin,≤100
103681832340596,Nelson Kpeto Cano,Eusebio Vera,≤100
209596159055433,Clase Ejecutiva UC,These ads ran without a disclaimer,≤100
1674406235935099,Brunno Nizza,Brunno Nizza,≤100
105162875597097,Marcelo Bedoya Senador 2023,PLRA,≤100
111519571676798,Abel Cabral Lista 300 Opción 2,Abel Cabral,≤100
101577732604886,Ramona López,Junior Julian Lezcano Guerreros,≤100
862862090459595,Seba Villarejo,Juan Sebastian Villarejo Velilla,≤100
100486612607448,César Cardozo Diputado 2023. Itapúa.,Claudio César Cardozo Junghanns,≤100
321038114702291,Auda Roig,Auda Roig,≤100
123279176118,DHgate,These ads ran without a disclaimer,≤100
655223927913033,Ciudades y Pueblos por el Comercio Justo Latinoamérica y el Caribe,These ads ran without a disclaimer,≤100
368247363370300,LATITUD 25,Latitud 25,≤100
110311005122985,Guillermo Sosa,Guillermo Sosa,≤100
1441704549436832,Regina Rios,Regina Rios Irala,≤100