﻿Page ID,Page name,Disclaimer,Amount spent (INR)
953600271404690,BJP Meghalaya,Bharatiya Janata Party,1246
404746486258732,Project Nanhi Kali,Project Nanhi Kali,243
330760810293224,HelpAge India,HelpAge India,≤100
103782051383159,School of Politics,School of Politics,≤100
100196004828444,North Eastern Council,Sourabh Arvind Dubey,≤100
1954072204870360,NEWJ,Anant Bhardwaj,≤100
326102339565,Oxfam India,Oxfam India,≤100
100328978216424,"Fight Pollution, Not Plastics",Nitesh Singh,≤100
104736419210593,PACE INDIA,PACE - PET PACKAGING ASSOCIATION FOR CLEAN ENVIRONMENT,≤100
174669949315709,U.S. Embassy India,These ads ran without a disclaimer,≤100
122131984855152,Dr. Debraj Shome,Dr. Debraj Shome,≤100
105694514269834,North Eastern Region Community Resource Management Society,Shrinivas Ravichandran Nadar,≤100
112202337794471,Global Middas Foundation - Charitable Organization,GLOBAL MIDDAS FOUNDATION,≤100
108015368279979,Solh Wellness,Omlogic consulting pvt. ltd.,≤100
119434281453609,ABB,Weber Shandwick,≤100
640369399392914,Baijayant 'Jay' Panda,Baijayant Panda,≤100
104516512296314,Kartikeya Sharma,Kartikeya Sharma,≤100
544721985576852,"Tourism Department, Government of West Bengal",Digital Abhiyan,≤100
100549119644561,Jo Ram Ko Laye Hain Hum Unko Layenge 2024,Abinash Moharana,≤100
285029500623,CARE India,CARE India,≤100
102218576103904,Badlaav ki Aandhi Priyanka Gandhi,Badlaav Ki Aandhi Priyanka Gandhi,≤100
108500111075991,Mizoram Pradesh Congress Committee,Lallianchhunga,≤100
101613628900010,Smartway Wellness Pvt. Ltd.,Bhoomi Harendra Mistry,≤100
100735178208398,Udyami India,Samadhan Samiti,≤100
670321879700525,Swarajya,Swarajya,≤100
170484126349815,Indian Cancer Society,Indian Cancer Society,≤100
118227367824577,Garuda Aerospace Pvt Ltd,Garuda Aerospace Pvt Ltd,≤100
126124960405162,,These ads ran without a disclaimer,≤100
116383754696955,Antardhwani - The Inner Voice,Antardhwani,≤100
201297423396745,Rajendra Agarwal,Ishan Agarwal,≤100
107395897271506,Kutumb,Swatantra Verma,≤100
168340283369722,Vaddepally Rajeshwar Rao,Vaddepally Rajeshwar Rao,≤100
109735351891742,Apex India service,Ajay Tiwari,≤100
797927846899300,Flag Foundation of India,Flag Foundation of India,≤100
959860307481002,Kasu Mahesh Reddy,Thulasiram Banduchode,≤100
393768164105774,Parimal Nathwani,Parimal Nathwani,≤100
584593654939786,ET Edge,These ads ran without a disclaimer,≤100
333426070147135,Benny Kuriakose Associates,Benny Kuriakose Associates,≤100
114409461587282,House Of Jalsaa,Somil Agarwal,≤100
1571167366231304,Ramakant Bhargava,Saket Bhargava,≤100
241940555912671,Chandigarh University,Chandigarh University,≤100
1327351450720146,Pradhan Mantri Bhartiya Janaushadhi Pariyojana,Pharmaceuticals & Medical Devices Bureau of India,≤100
101328314869205,Atal Amrit Abhiyan Society,Atal Amrit Abhiyan Society,≤100
186199704897466,RD Foundation,RD Foundation,≤100
746568209028564,Dr. Basu Eye Hospital,Dr. Basu Eye Hospital,≤100
110115671863420,Kacche Din,Kacche Din,≤100
150727778825020,Mobius Foundation,Mobius Foundation,≤100
115408798095287,Mudra loan,These ads ran without a disclaimer,≤100
1489647731256741,Dr Jitendra Singh,Ayush Deshpande,≤100
102336812784306,Navonmesh Foundation,Ganesh Kumar,≤100
101713962007976,Amrit Mahotsav,Amrit Mahotsav,≤100
285403455681355,Railway Children India,Railway Children India,≤100
109986065209042,Mera Apna Rahul,MeraApnaRahul,≤100
132689140088396,smilefoundation,Smile Foundation,≤100
102466454588593,Suman TV News Telugu,PlayEven Info Pvt Ltd,≤100
100593012792684,Keerthan Kumar,Keerthan Kumar,≤100
224618077692752,Sanjay Tandon,Saraansh Tandon,≤100
1783001841927248,Nutan Odisha,Cloud & Loud Communications,≤100
1799519200160117,Jugaadkings.com,jugaadkings.com,≤100
1819997541592243,Imran Qureshi,Imran Qureshi,≤100
109034074092751,Rakesh dayma alote,Rakesh dayma alote,≤100
112475780481777,Bahadur Singh Chouhan,Manoj,≤100
102106021886833,A K Sharma,Harish Sahrawat,≤100
333426070147135,Benny Kuriakose Associates,Benny Kuriakose,≤100
113125761613615,Namma CM Bommai,Recro Media,≤100
271711770069401,सुरेश धाकड़ राठखेड़ा,Gajendra Verma,≤100
112986880490787,Born Good India,These ads ran without a disclaimer,≤100
108531050841926,Shanu Yadav,Shanu Yadav,≤100
157300124326821,Arlak Biotech,Swati Dhiman,≤100
105671775473178,Jan Suraaj,Jan Suraaj,≤100
826947230992434,Freedom Firm,These ads ran without a disclaimer,≤100
282198256011533,PM Narendra Swamy,PM Narendra Swamy,≤100
408255699307921,Dr. Manoj Rajoria,Saurabh Saini,≤100
301902473766068,முதல்வன் OPS,முதல்வன் OPS,≤100
1785302198354679,Dr. Somendra Tomar,Chirag Aggarwal,≤100
243524299157863,Pushkar Singh Dhami,Pushkar Singh Dhami,≤100
103149591045251,Kush Puri,Kush Puri,≤100
100475508592062,Sitaram Poswal,Bhagatsingh,≤100
165520803610331,TimesPro,These ads ran without a disclaimer,≤100
233346983495637,Maitreya Dadashreeji - Divine Friend,These ads ran without a disclaimer,≤100
114233898263244,Indian Compass Videos,theindiancompass.com,≤100
100579492974806,गरीबों का मोदी,Abinash Moharana,≤100
1932900346831325,Rajesh D Sanghvi,Rajesh Dineshchandra Sanghvi,≤100
1924627484438235,Arlak Ayurveda,Swati Dhiman,≤100
102890944795952,Vijay Kumar Yadav,Vijay Kumar Yadav,≤100
605390272841833,Shrirang Appa Barne,Abhay Balu Ahire,≤100
102123079337554,International Society for Krishna Consciousness,ISKCON Delhi,≤100
667862236707254,Rohit Kumar Singh,Arshad Ansari,≤100
213947398791863,Dhananjai Singh Khimsar,Dhananjai Singh,≤100
678876002499539,Mohd Shamim Khan,Shamim Khan,≤100
109805501780466,Summer News Punjab,Summer News Punjab,≤100
606898423112716,Recovery Wellness Centre,Anupam Rohit,≤100
101660088022406,Pratah Time,Pratah Time,≤100
109253634221142,Dr Abhishek Kumar Ramadhin,Abhishek Kumar Ramadhin,≤100
285575245349725,"Hemanga Thakuria,MLA Assam","Hemanga Thakuria,MLA Assam",≤100
107183428120144,Dr C Saraswathi,Dr. C. Saraswathi,≤100
295639383836442,Agewell Foundation,Aanchal Gupta,≤100
444000972398140,Dr. Ajay Dharam Singh,Ramkishan Singh Maninder Singh,≤100
375141272567406,Ravindra Chavan,Ravindra Chavan,≤100
2491248387768631,MagentaMobility,These ads ran without a disclaimer,≤100
106227365759622,,Goldy Tyagi,≤100
2238940452991193,Santosh Pandey,Kunal Jitendra Ajmera,≤100
367693910079524,Mohit Jaswant Yadav Page,Mohit Yadav,≤100
108080828884036,Gehlot Phir Se,DesignBoxed,≤100
111692137168184,EdIndia Foundation,EdIndia Foundation,≤100
204318116677554,National Herald,National Herald,≤100
170601163587226,Mahendra Degra,Rahul Kumar Kirodiwal,≤100
110592528322360,prasant_meera,These ads ran without a disclaimer,≤100
1667882310017329,Navbharat Gold,These ads ran without a disclaimer,≤100
524665794408050,CASA,Arushi Narchal,≤100
1675237799375590,Chandra Mohan Patowary,Jitendra Newatia,≤100
104819985853284,V6 Digital News,V6 Digital News,≤100
113073133805731,Desh Ki Baat Foundation,Krishna Kumar Yadav,≤100
116925101740350,Prem Sagar Patel,Karamveer Patel,≤100
660476430787331,Gaurav Pandhi,Gaurav Pandhi,≤100
994578073995343,B. L. Verma,Sourabh Arvind Dubey,≤100
1706371292942156,"Ministry of Development of North Eastern Region, Government of India","Ministry of Development of North Eastern Region, Government of India",≤100
105799274538945,Arup Kumar Nath BJP,Satyajit Das,≤100
109340175425667,Manoj Mishra Fan Club,Abhijeet Shesh,≤100
102629769295273,Rahul Dongle,Rahul Dongle,≤100
114988526601933,Subhashini Sharad Yadav,Rajkamal Rao,≤100
210251616112761,India Development Review,India Development Review,≤100
104071715577392,SK International Sainik School Retharedharan - Sangli,Sanket Vinodkumar Surana,≤100
747930775373319,Saral Patel,Saral Patel,≤100
102293796146152,Global Work Consultancy,Sehrab Manzoor Peer,≤100
289085061102499,Sukhwinder Singh Bindra,Sukhwinder Pal Singh,≤100
811330598995413,Jagadeesh Gudagunti,Kice Media,≤100
1706371292942156,"Ministry of Development of North Eastern Region, Government of India",Arshad Ali,≤100
108339438818550,बारां पशु पक्षी अस्पताल,Rupali Sharma,≤100
110132160741768,Polstrat,Polstrat Communication,≤100
423874327718687,Vikas Bhagat Fans Page,Sandeep Mishra,≤100
611229999287106,Hanuman Choudhary,Kapil Chaudhary,≤100
2214965178719430,"Dharmendra shukla""Gopal""",These ads ran without a disclaimer,≤100
603896406426611,Charan Koushik yadav,Charan Koushik yadav,≤100
1594765830853380,Khajan Dass,Neeraj Bharti,≤100
162115051234970,Dharmendra Singh Lodhi mla,Dharmendra Singh Lodhi,≤100
162341030447825,Whistling Woods International,Whistling Woods International,≤100
108536391949423,जनसेवक मंच,Pankaj Sharma,≤100
119359925428449,Bhupendra More - भुपेंद्र मोरे,Bhupendra Murlidhar More,≤100
104594334484048,Rajat Ullagaddimath,Gundala Rahul,≤100
113547448334699,Online E Mudra Loan,Ramlakhan Basor,≤100
103505695608114,Uday Nagaraju,Uday Nagaraju,≤100
246355112667671,डॉ. अजय ढ़िल,Ajay Kumar,≤100
276512419511205,Kathi Karthika,Policy Briefcase,≤100
531434090219534,Aam Aadmi Party Bangalore,Aam Aadmi Party Karnataka,≤100
108239700872557,R L shivapraksh fans club,Sumit Kumar,≤100
114609593652124,Uma Khapre - उमा खापरे,Naveen Singhal,≤100
110239691927191,banner_lanamai_james,These ads ran without a disclaimer,≤100
262852581252318,राष्ट्रीय परशुराम परिषद,राष्ट्रीय परशुराम परिषद,≤100
112326528253527,Apex Online Solution,Ajay Tiwari,≤100
350880081913337,Sahdev Salaria,Rajesh Jaswal,≤100
110636614855079,Rajib Chowdhury,Rahul Chakraborty,≤100
105940537995682,Deepesh Tandel,Bharatiya Janata Party,≤100
708844685796745,OP Choudhary,OP Choudhary,≤100
104633612411419,Dr Samir Kagalkar,Dr Samir Kagalkar,≤100
102255422772071,Mahesh Jethmalani,Mahesh Jethmalani,≤100
111296821753863,SBRY Kendra,These ads ran without a disclaimer,≤100
268437163351102,Saurabh Srivastava,Saurabh Srivastava,≤100
157411781636662,Hoodi Vijaykumar,Sharva Creative Communications,≤100
346967155652729,Rajveer Diler,Kuldeep Sharma,≤100
488445034624008,Saawan Sonkar,Shashikant Joshi,≤100
102829916073446,Vikas Bhagat,Sandeep Mishra,≤100
327435757385465,Jaisingh Agrawal,Jaisingh Agrawal,≤100
104908641373434,Anukriti Gusain Rawat,Anukriti Gusain,≤100
105999155405710,Pandit Avadh Sharma,Pawan Kumar Sharma,≤100
1718123505168458,K.K. Vishnoi,Engitech Media,≤100
104595735374833,रविंद्र चव्हाण - नेता जनसामान्यांचा,Bhajahari Pandit,≤100
650429005156360,Vikash Kumar,Vikash Kumar,≤100
111132015103321,K R Sridhara Reddy,K R Sridhara Reddy,≤100
201156146959026,Mohinder Bhagat,Mohinder Paul,≤100
924412661005391,Jeet Pratap Singh,Sandeep Mishra,≤100
516576275094648,BJP Assam Pradesh,Bharatiya Janata Party (BJP),≤100
420024708011537,AXIS,These ads ran without a disclaimer,≤100
127932930638411,Adoor Prakash,Jiji T Jacob,≤100
110041803678379,Kabir Shankar Bose,Kabir Shankar Bose,≤100
116188663565362,Kapil Dua,Subhasini Singh,≤100
394168494317389,MIT World Peace University,MIT World Peace University,≤100
100935642733964,Hindi Khabar Digital,The Narrative Builders,≤100
101610392620043,ITS Speciality Dental Clinic,ITS Speciality Dental Clinic,≤100
396773987146824,NEC Corporation India Pvt. Ltd.,These ads ran without a disclaimer,≤100
295405070641302,Balraj Kundu,Pankaj Sharma,≤100
108861325372008,Bharat Bhagya Vidhata,BharatBhagyaVidhata,≤100
113607803769884,Nattasha Sharrma,Policy Briefcase,≤100
2078242259060363,Kukufm,Mohana Saha,≤100
686675931373675,Scroll Punjab,Scroll Punjab,≤100
912096938897209,Vijay Singh,Vijay Singh,≤100
108828628393591,Lakshay Chauhan,Akash Singh,≤100
1247832465228198,Mahendra Singh Rathore,Engitech Media,≤100
107170848990547,Haflong Today,These ads ran without a disclaimer,≤100
145703105530196,Brahmachari Chaitanyanand Ji,Prashant Gupta,≤100
224787738121110,Manan Dani,Mananbhai Jatinkumar Dani,≤100
103431795767026,Chand Siddiqui,Mohammad Chand Siddiqui,≤100
102838152104730,Bjp kisan Morcha punjab,Ashish Soni,≤100
1783001841927248,Nutan Odisha,Niti Pollsters Private Limited,≤100
1592265114364332,JP Yadav,Engitech Media,≤100
321228061382932,Pt. Shekhar Dixit,Websofy Software Private Limited,≤100
380332062091845,Dr. Vijay Kumar Rai,Vijay Kumar Rai,≤100
124939914843922,Om Bishnoi,Om Bishnoi,≤100
426868484184031,Vimal Katiyar,Sumeet Kumar,≤100
197799933601096,Pujya Shashi Prabha Ji,Madan Mohan Tiwari,≤100
132806813793938,Paramjit Singh Sarna,Harjap Singh Dhingra,≤100
2110054282643467,Virender Singh Kadian,Nitish Kashyap,≤100
100370992099883,S M pandey Tax consultant,These ads ran without a disclaimer,≤100
183176388540530,Manish Yadav,Manish Yadav,≤100
113221617135066,Prerna Kalra,Prerna Kalra,≤100
105456872403845,Satish meena,These ads ran without a disclaimer,≤100
110234802005624,रामसेवक गोपालगढ़,Praduman Meena,≤100
924791427628665,Sunil Kelanka,Shivendra Shailendra Tiwari,≤100
100183672985561,CSP ID Provider,Satyam Kumar Sahni,≤100
102643838573054,Badam Devi Verma,Bhagwan Sahai Shyoran,≤100
168545223213479,Omprakash Hudla,Pankaj Sharma,≤100
101863386183973,sanjeevkumarojha105,These ads ran without a disclaimer,≤100
553481855170586,Harvinder Kalyan,Harvinder Kalyan,≤100
643001122724792,Shambhu Kumar,Punit Kumar Pandav,≤100
342452405951714,Vishwas Vaidya,Shivakumar Vasudev Rathod,≤100
426854497508656,Dr.Phoolchand Bhinda,Phool Chand Bhinda,≤100
105329731786664,Jitendra Lodia,Anju,≤100
250007248502240,Golu Shukla,Modi For PM Organization,≤100
1802087953245529,Pavan Singh Rajput,Prakhar Kashyap Singh,≤100
1336863726383886,Gopal Lal Sharma,Ganesh Thapa,≤100
103544656778013,Dr Akhilesh Prasad Singh,Akhiles Prasad Singh,≤100
381937732180611,Vineet Joshi,Vineet Joshi,≤100
1692446997478851,Divy Trivedi,Vikas Acharya,≤100
624122961126616,Dhanwati Chandela,Luxmi Devi,≤100
102597425311635,Surya Pratap Singh,Surya Pratap Singh,≤100
123405197342656,,These ads ran without a disclaimer,≤100
214600036600724,quimcy_aficionado_1904,These ads ran without a disclaimer,≤100
1974065139486229,SunFox Technologies,These ads ran without a disclaimer,≤100
761826677309909,Bhupinder Lather,Book My Promo,≤100
449378495112356,Swades Foundation,Swades Foundation,≤100
287971211847379,Katasani Shiva Narasimha Reddy,Gogireddy Sai Vaibhav Reddy,≤100
103858322283790,रविंद्र चव्हाण For BJP महाराष्ट्र,Bhajahari Pandit,≤100
1638967673052084,Narendra Budania,Engitech Media,≤100
727427564040622,Ayush Choudhary,Ayush Choudhary,≤100
103292795931731,Rihasat khan,Akash Singh,≤100
1850064485271092,Vijay Kaushik,Kanav Kathuria,≤100
152154292012572,Navjivan,Navjivan,≤100
113858681342028,Dr. Anjali Yadav,Shiv Charan,≤100
219517158424464,PawsIndia.com,These ads ran without a disclaimer,≤100
1644165492504830,Ramoji Gowda,Ramoji Gowda,≤100
107014703325591,Ranjeet Patel,Prashant Gupta,≤100
384574805474754,Happiness India,Krishan Kumar Saini,≤100
846994962145905,Manoj Kumar Aggarwal,Durga Kumari,≤100
163117930522603,Kommune,Kommune,≤100
1408837089361736,Banappagari Venkat reddy,Banappagari Naren Sai Reddy,≤100
1001966503224008,Happy Faces Vadodara,Happy Faces Vadodara,≤100
1955301821451552,Abhishek Dutta,Abhishek Dutta,≤100
1002191723202473,Suresh Sindal,Suresh Kumar Sindal,≤100
767805023307544,Santosh Kumar Singh BJP,Akash Singh,≤100
713416382011902,Sahil Shivaji Kedari,Sahil Shivaji Kedari,≤100
106564241678143,Amit Bindal,These ads ran without a disclaimer,≤100
103125628674152,Dushyant Raj Singh Chundawat Chittorgarh,Tanuj Nandwana,≤100
104247095949918,K B Ashoka Naik,Digi-Ants Digital World,≤100
114142491616490,Hanuman Sahay Gurjar,Indra Kumar Chopra,≤100
359726167827402,Bhuneshwar Singh Baghel,Bhuneshwar Singh Baghel,≤100
643216342792266,দেবাশিস পণ্ডা ভারতীয় Debasis Panda Bhartiya West Bengal,Debasis Panda,≤100
110610365217910,Moti Singh Shekhawat,Nilesh Sharma,≤100
825870624112435,Ramesh Chandra Ratn,Arun Sharma,≤100
107160047540512,CareMedico,CareMedico Medtech Private Limited,≤100
1153289828179398,Dimpal jain,Dimpal Jain,≤100
143265376532822,Ground Report,Pallav Jain,≤100
245528646359816,Vipul Sharma,Pramender Kumar,≤100
458447330944548,Junaid Rauf,These ads ran without a disclaimer,≤100
427521707672968,Gyana Ram Ranwa Chandpura,Shiv Charan,≤100
607252739670252,Dr. Prannay G Sharma,Kumar Ratnam Sharma,≤100
112061804808512,Sports Development Authority of Bihar - SDAB,Ajit Kumar,≤100
164245649052684,Tarandeep Singh Grover,Kushagra Agarwal,≤100
104765761522667,Pankaj Dawar,The Social Prachar,≤100
111259978264483,Aastha Agnihotri,Manoj Kumar,≤100
806181806121459,Harshvardhan NandKumar Singh Chouhan,Ishan Mishra,≤100
361031561139301,Rakesh Jangir,Saurabh Singh,≤100
492395221235965,Sanjeev Mudiraj,These ads ran without a disclaimer,≤100
414822692663213,Anurag Vishwanath Sharma,Yogesh Raikwar,≤100
1397767487148044,Jaidatta Kshirsagar,Jaydatta Sonajirao Kshirsagar,≤100
102010991748513,Ashish Patel,Ashish Natwarlal Patel,≤100
113846764845013,Sonu Suryavanshi,These ads ran without a disclaimer,≤100
106863140858330,Munendra kumar,Eshwar Deepak,≤100
113356014587642,Anupam Sharma,Prashant Sharma,≤100
102323545504609,Rama Devi Chopra,Rama Devi Chopra,≤100
816288898474925,Naresh Pareek,Pawan Kumar Sharma,≤100
113358511675853,Tarlochan Singh,Book My Promo,≤100
115787714760392,Jan Jagaran Yatra,Dharmendra Chhonkar,≤100
165714096933078,Piyush Goyal,Piyush Goyal,≤100
2206070859406490,Ashok Chaudhary,Ashok Chaudhary,≤100
104593401952287,Anupkumar Bijawad,Anupkumar Bijawad,≤100
547446695324625,Vijay Laxmi Gautam,Madan Mohan Tiwari,≤100
377919902748897,Boehringer Ingelheim India,These ads ran without a disclaimer,≤100
100948094985536,Humaid Shakeel,Sunil Kumar Prajapat,≤100
112291655141502,Arpit Das Ji Maharaj,Utkarsh Srivastava,≤100
1455588374684644,V Muraleedharan Fans,V Muraleedharan Fans,≤100
115531714779735,Diliprao Deshmukh,These ads ran without a disclaimer,≤100
195167817324812,Pawan Khera,Pawan Khera,≤100
100345299409906,Ajay Prakash Pathak,These ads ran without a disclaimer,≤100
111112337095269,Sivasaami Kandasamy,Sivasaamik,≤100
2191900190844278,Aakash Dangi,Aakash Dangi,≤100
105659628699273,Daksha International,These ads ran without a disclaimer,≤100
1606359086069885,Alltech Industries India Pvt Ltd,These ads ran without a disclaimer,≤100
537021156329658,Sukhbir Singh Jaunapuria,Pankaj Sharma,≤100
100931599132399,Arun Sharma,Arun Sharma,≤100
108260642180336,Goverment loan agency,These ads ran without a disclaimer,≤100
437828706311870,Shyam Singh Rajawat,Balram Singh,≤100
272506509902048,"चौपाल ""एक पहल ऐसी भी""",These ads ran without a disclaimer,≤100
1802523420012948,Pratap Singh Khachariyawas,Anirudh Sharma,≤100
1612012092202484,Bharat patwari,Bharat patwari,≤100
835855713106275,Nauman Murtaza,Dhyanesh Raj Gupta,≤100
802311956513987,Rahul Singh,Rahul Singh,≤100
103615311416005,Harshvardhan Singh Kushwah,These ads ran without a disclaimer,≤100
739221966159227,Rajesh Singh,Adv Tech,≤100
143293189682786,Sapthagiri Shankarnaik - Nelamangala Assembly Constituency,Sapthagiri Shankarnaik - Nelamangala Assembly Constituency,≤100
106456148374211,R K Sanepara,Rajendra Kantibhai Sanepara,≤100
105352618893717,Shankar yadav,Shankar yadav,≤100
100278856129103,Hima Sahu,Balram Singh,≤100
103357492023752,Muralidhar Patil,Muralidhar Patil,≤100
117582204554116,Lbsnaa_122,These ads ran without a disclaimer,≤100
140624336584770,Yogender Pal Singh Champawat,Akash Singh,≤100
106917495262631,Arvind Kejriwal ಬೆಂಗಳೂರು,Kamran  Shahid,≤100
106261054498841,Advocate Rajat Bhargava,Rajat Bhargava,≤100
579724758737630,Gagan Kamboj,Raj Kumar,≤100
263613904560987,Parveen Narang,Aftab Khan,≤100
445527218918991,Satish Jaiswal,Akash Singh,≤100
105919999093332,Hindi18News/हिन्दी 18 न्यूज,Hindi18News/हिन्दी 18 न्यूज,≤100
235927540295291,"बलराम सिंह यादव उर्फ ""बल्लू भैया""",JS Infosoft,≤100
113736628186529,"भीती नाही कशाची, भाजपा तुमच्या पाठीशी",Mahesh Dattatray Bhendekar,≤100
1852279678326666,Laxman Meena,Laxman Meena,≤100
294787978097959,Rakesh kumar Chattree,Arun Pratap Singh,≤100
666124073514146,Anil Yadav,Anil Yadav,≤100
110041447985374,Vivek jaiswal,Devendra Kumar,≤100
111654838334899,सीताराम पोखरियाल,Akash Singh,≤100
1194392907305611,Ram Niwass Yadav,E-WEB CULTURE,≤100
110847490543428,Vipul Kumar Salwan,Vipul Kumar Salwan,≤100
1220337188057756,Sanjeev arya,These ads ran without a disclaimer,≤100
104821051909550,खास बात,Aksh Bhargava,≤100
1116604591824005,Sandeep Garg,Sandeep Garg,≤100
138927162813391,Dailyhunt,Verse Innovation Pvt. Ltd.,≤100
102983308949343,Binod jaiswal,Vibhav Pandey,≤100
109815321298064,Supriya Khemka,Shubham Singhal,≤100
1325597657464869,VAISHNAV INFRATECH,Sukhneet Singh,≤100
104521050914326,Baliram Siraskar,Baliram Siraskar,≤100
105130545868354,,Harshit Solanki,≤100
107395897271506,Kutumb,These ads ran without a disclaimer,≤100
102091768921733,Ashok dubey bjp,Prashant Mahton,≤100
1707763789464839,FlexiBees,These ads ran without a disclaimer,≤100
109074230801626,Er Hansraj Baloti,Anshul Kumar Gupta,≤100
1453734461523903,Siddharth Shirole,Siddharth Shirole,≤100
313837766031848,Kuldeep Dhankar,Rahul Singh,≤100
1436418516569943,Dr. Ashishrao R. Deshmukh,Swapnil Sudhakar Narad,≤100
102102622351285,Raghuvir Singh Meena IPS,Akash Meena,≤100
367203836657399,Rajendra Singh Surpura,Ganesh Thapa,≤100
100992536219420,Dr Chandrakant Anil Kranti,Akash Singh,≤100
105487441886705,anamkara_helps,These ads ran without a disclaimer,≤100
104275598382358,Khabar Abhi Abhi,Charan Singh,≤100
256786777695561,Anil Deshmukh,Vaibhav Gajendra Tumane,≤100
1088373891289696,Kamal yadav,Akash Singh,≤100
1014089075388866,Arvind Pandey,Pradeep Anand,≤100
213839668641820,Dr. Anil Jain,Brand Recourse Technologies,≤100
117640951227787,Navveen Agarwal,These ads ran without a disclaimer,≤100
196338294250820,Rohit Gangwal,Modi For PM Organisation,≤100
1335462983188401,Nabadal Banik,Nabadal Banik,≤100
112382541719588,Kartavyapath,Kartavyapath,≤100
106078831643109,Rashmi Sati Nainwal,These ads ran without a disclaimer,≤100
102744141863451,Deepak Dandoriya,Deepak Dandoriya,≤100
1737475306564452,Janta Ki Awaz,These ads ran without a disclaimer,≤100
101225706214179,ਭਾਈ ਅੰਮ੍ਰਿਤਪਾਲ ਸਿੰਘ,Amritpal Singh,≤100
634441299924327,Hari Om Pandey,Hari Om Pandey,≤100
182600871930746,Sujata Paul - India First,Sujata Paul,≤100
577204189638568,Amit Chaudhary,These ads ran without a disclaimer,≤100
219588748935061,Sandeep Pandey,sandesh foundation,≤100
122387677445639,,These ads ran without a disclaimer,≤100
104122195260035,Bharti Tarun Kaushik Bhaiya Ji,Tarun Kumar Kaushik,≤100
219721531701147,Sahara Haryana News,Ankit,≤100
107792554485544,Dr. Amit Singh Chauhan,VC infotech,≤100
912964308811725,Virender Singh Bisht,Balveer Singh Yadav,≤100
391737747598762,Raja Pathak - B.J.P,Akash Singh,≤100
565714670143123,Ashok Saini,Engitech Media,≤100
1607404612875963,Shankar Gora,Pramender Kumar,≤100
102250202270791,Karni Singh Ladnun,Karni Singh Rathore,≤100
647353902009584,Dr. Nilam Yadav,Nilam Yadav,≤100
140064983547766,Village Express TV,Arvind Kumar,≤100
108115461913033,Shubham Mishra,Arun Pratap Singh,≤100
325602694251353,Rajeev Rai,Rajeev Kumar Rai,≤100
647244058952240,Jaypal Singh Chawda,Jaypal Singh Chawda,≤100
108159201571035,अरविन्द जायसवाल,Avadesh  Kumar,≤100
101794212876861,,These ads ran without a disclaimer,≤100
100417006046204,Nayan Kumar,Nayan Kumar,≤100
104380534287786,Binay Singh,Binay Kumar Singh,≤100
107605957856546,Narendra Yadav,Narendra Yadav,≤100
2238647176463048,Dr.Vijender Singh,Anshul Kumar Gupta,≤100
362309980970515,Afsaana-Poets Column,Anmolika Watal,≤100
107669472248706,Separate Way,Separate Way,≤100
423924598022376,Shankar Lalwani,Mayur Sethi,≤100
111627301005753,Abhinay Rai,Akash Singh,≤100
224163281073368,BJP Arunachal Pradesh,BJP Arunachal Pradesh,≤100
385658441549334,Deepak Bhati Chotiwala,Dipak Bhati,≤100
350134929397888,,These ads ran without a disclaimer,≤100
863961040416615,Punit Verma पूर्व उपाध्यक्ष विश्व हिन्दू परिषद् काशी प्रान्त,Punit Varma,≤100
159837254713549,PsiBorg,These ads ran without a disclaimer,≤100
1701369040086950,ANIL JAIN MLA,Arjun Sharma,≤100
105279822289517,Sajjan Singh Tiwari,Hemant Singh Baghel,≤100
105515161411695,Pankaj Singla,Anil Kumar,≤100
455447354644551,Sabir Ali,Sabir Ali,≤100
1108242266050014,Mohan Lal,Kanav Kathuria,≤100
113098998383566,Colourpix Graphics,RSK Tech Labs,≤100
360055177344642,Animal Equality India,Animal Equality India,≤100
277447076454825,N.Anil kumar,Anil Kumar,≤100
102931255932211,Ncmart Pvt Ltd.,Akash Singh,≤100
470929816335236,Veer Sen Yadav,Veer Sen Singh,≤100
930895676948627,Sanjay Kushram,These ads ran without a disclaimer,≤100
1360805680600676,Sandeep Kshirsagar,Yogesh Padmakarrao Pawar,≤100
396463684278799,Chanchlesh Vyas,Chanchlesh Vyas,≤100
112515924968291,,These ads ran without a disclaimer,≤100
361031561139301,Rakesh Jangir,Rajesh Kumar,≤100
2221499791511001,Amit Chachan,Bharat Bhusan Chachan,≤100
209289839112288,World Health Partners,These ads ran without a disclaimer,≤100
113519568270032,Anand Prakash miri,Kavita Kumari,≤100
2610079412396734,Amaresh Rai,Amaresh Kumar Rai,≤100
100512571627874,Surendra Dotar - सुरेन्द्र दौतड़,Webtix,≤100
107473064161103,माता-पिता से निवेदन,Ranjna Jhalani,≤100
172182742974160,Chunni Lal Sahu,Chunni Lal Sahu,≤100
112132744800328,,These ads ran without a disclaimer,≤100
112132937023603,Nandlal Chauhan,Nandlal Chauhan,≤100
102370509068053,News Junction,Parveen,≤100
102596108117959,Mahant Ravinder Puri Mansa Devi Mandir Trust,These ads ran without a disclaimer,≤100
1039557042789139,BJP Dadra & Nagar Haveli,Ashish Natwarlal Patel,≤100
2300402240284352,Sadhvi Prachi,Amar Khandelwal,≤100
447540119348781,Gali Somasekhara Reddy,Venkatesh Hari Krishna,≤100
1065727510129084,Datta kulkarni - दत्ता कुलकर्णी,Datta Kashinath Kulkarni,≤100
799635210060860,Naveen Joshi,These ads ran without a disclaimer,≤100
799635210060860,Naveen Joshi,Naveen Joshi,≤100
106713818593622,Utkarsh Awasthi,Binay Kumar Singh,≤100
921758537869264,Suryakant Dhasmana,Hostcob,≤100
269761569864265,Rao Padma,Kushal Reddy Rao,≤100
116997354325105,Wg Cdr Anuma Acharya,Wg Cdr Anuma Acharya,≤100
112690691769302,Pavithra Halkatti,These ads ran without a disclaimer,≤100
101866162834201,amardeep,These ads ran without a disclaimer,≤100
101567162820146,Radhey Ram Godara,These ads ran without a disclaimer,≤100
345702226193796,Premshankar Verma,Harsh Verma,≤100
111163110707302,stockmarketbulls_,These ads ran without a disclaimer,≤100
107203265064164,Gyaneshwar Singh,Gyaneshwar Singh,≤100
236500783397189,Kamlesh Paswan,Kamlesh Paswan,≤100
1533787643335583,QuillBot,These ads ran without a disclaimer,≤100
101998658413144,Black Streak Anime,These ads ran without a disclaimer,≤100
31292782350,Deutschland.de,These ads ran without a disclaimer,≤100
188872144758,CCTV,These ads ran without a disclaimer,≤100
428157337550611,ICMM,These ads ran without a disclaimer,≤100
526079487415848,XCMG Group,These ads ran without a disclaimer,≤100