﻿Page ID,Page name,Disclaimer,Amount spent (USD)
1584183878552505,Institute for Strategy and Policy- Myanmar,an advertiser in Myanmar,≤100
110456411440371,Doh Hlay,an advertiser in Myanmar,≤100
2074476209434546,Happy Healthy Myanmar  ပျော်ရွှင်ကျန်းမာ တို့မြန်မာ,an advertiser in Myanmar,≤100
912571352135610,UN-Habitat Myanmar,an advertiser in Myanmar,≤100
102301285627762,ဒို့အသံ ဒို့ဟန်,an advertiser in Myanmar,≤100
104511348661456,အေးဆေးပါ,an advertiser in Myanmar,≤100
358481724165689,UTS International Students,These ads ran without a disclaimer,≤100
101381151886105,Gravity Restaurant & Bar,These ads ran without a disclaimer,≤100
101367532375403,Wisdom Institute,These ads ran without a disclaimer,≤100
102482699012919,Kachin State Public Voice News - KSPVN,These ads ran without a disclaimer,≤100
108091988358295,Travels All Abroad,These ads ran without a disclaimer,≤100
19746387261,Humane Society International,These ads ran without a disclaimer,≤100
108148958352704,Travelers Spot,These ads ran without a disclaimer,≤100
1390745591150821,NRC - Norwegian Refugee Council,These ads ran without a disclaimer,≤100
102268156167550,ဗိုလ်သူရိန်-NPDF-Yinmarbin,These ads ran without a disclaimer,≤100