﻿Page ID,Page name,Disclaimer,Amount spent (USD)
103408078398525,محمد ابولموشه,محمد ابولموشه,≤100
105698712348011,منصة الداخلية الاخبارية,Aeshah Meehat,≤100
109980421915382,إيلاف - Elaph Media,elaphmedia,≤100
112437831252270,محمد خالد الغويل,محمد خالد الغويل,≤100
102697318856209,حزب السلام والازدهار,السلام والازدهار,≤100
17164098244,JM International,These ads ran without a disclaimer,≤100
2017005098569741,مستقبل وطن من اجل مصر الاسماعيلية,These ads ran without a disclaimer,≤100