﻿Page ID,Page name,Disclaimer,Amount spent (USD),Number of ads in Library
106827194681183,Africa Equity Media,These ads ran without a disclaimer,≤100,2
427787940590188,Радио Китай,These ads ran without a disclaimer,≤100,2
222308671116355,International Higher Education Teaching and Learning Association,These ads ran without a disclaimer,≤100,1
385373441546595,Patrick Blessinger,These ads ran without a disclaimer,≤100,1
1834313933459789,BBC StoryWorks,These ads ran without a disclaimer,≤100,2
155174084508744,Banque mondiale,These ads ran without a disclaimer,≤100,3
106068488158725,Graduatez - College Journey,These ads ran without a disclaimer,≤100,1
2272485479733990,Consulate General of China in Erbil,These ads ran without a disclaimer,≤100,1
405379246524515,DHL Express,These ads ran without a disclaimer,≤100,1
316496640057,7iber,These ads ran without a disclaimer,≤100,1
110647840532680,Merge Mayor,These ads ran without a disclaimer,≤100,1