﻿Page ID,Page name,Disclaimer,Amount spent (USD)
137784719692774,საქართველოს მთავრობა,საქართველოს მთავრობა,≤100
651534988375338,POSTV - ანალიტიკა,POSTV LLC,≤100
177657096172822,სირცხვილია • Shame Movement,სირცხვილია • Shame Movement,≤100
114735666574826,Formula • ფორმულა,TV Formula,≤100
101675728268164,დამუხტე,დამუხტე,≤100
107336238433922,PrimeNews.Ge,PrimeNews.Ge,≤100
1159313984168136,europop,Popsport,≤100
406949709352265,Giorgi Vashadze / გიორგი ვაშაძე,Giorgi vashadze / გიორგი ვაშაძე,≤100
103965262533554,არ აგარევინებთ,არ აგარევინებთ,≤100
220225047997169,"დევნილთა, შრომის, ჯანმრთელობისა და სოციალური დაცვის სამინისტრო","დევნილთა, შრომის, ჯანმრთელობისა და სოციალური დაცვის სამინისტრო",≤100
104544911468291,შალვა პაპუაშვილი • Shalva Papuashvili,Georgian Dream,≤100
179119122157809,Pia.ge - ახალი ამბები,Pia.ge - ახალი ამბები,≤100
197243066983672,ერთიანი ნაციონალური მოძრაობა • United National Movement,ერთიანი ნაციონალური მოძრაობა • United National Movement,≤100
371014900056787,ციფრული მმართველობის სააგენტო • Digital Governance Agency,ციფრული მმართველობის სააგენტო • Digital Governance Agency,≤100
182742568494417,შინაგან საქმეთა სამინისტრო / Ministry of Internal Affairs of Georgia,Ministry Of Internal Affairs,≤100
108652531483661,ქართული ოცნება ჩემი არჩევანია,ქართული ოცნება ჩემი არჩევანია,≤100
1578471278894473,POSTV - ახალი ამბები,POSTV,≤100
1709314685984193,სტრატეგია აღმაშენებელი • Strategy Aghmashenebeli,სტრატეგია აღმაშენებელი • Strategy Aghmashenebeli,≤100
262575877222080,ეროვნული სატყეო სააგენტო,ეროვნული სატყეო სააგენტო,≤100
1886767171598724,ფლანგვის დეტექტორი,ფლანგვის დეტექტორი,≤100
107212234052832,მედიაკრიტიკა / Mediacritic,მედიაკრიტიკა / Mediacritic,≤100
198164676867952,განათლებისა და მეცნიერების სამინისტრო,საქართველოს განათლებისა და მეცნიერების სამინისტრო,≤100
107709478476649,Tamar Chergoleishvili,European Georgia,≤100
231291297445484,ჯორჯიან მანგანეზი - Georgian Manganese,Georgian Manganese,≤100
414248619353564,საქართველოს დაბადება,გირჩი • Girchi,≤100
467242696954558,POSTV,POSTV,≤100
116263589076940,Vato Shakarishvili • ვატო შაქარიშვილი,Vato Shakarishvili • ვატო შაქარიშვილი,≤100
1037692123012971,კახა ოქრიაშვილი / Kakha Okriashvili,კახა ოქრიაშვილი / Kakha Okriashvili,≤100
133052760057128,Tabula - ტაბულა,Tabula - ტაბულა,≤100
285100957669,საქართველოს ცენტრალური საარჩევნო კომისია / CEC of Georgia,Election Administration of Georgia,≤100
1152104411502228,ნინო წილოსანი • Nino Tsilosani,ნინო წილოსანი • Nino Tsilosani,≤100
126642864053395,ღია საზოგადოების ფონდი I Open Society Georgia Foundation,OSGF,≤100
109793210760998,Safe You - საქართველო,Safe You Georgia,≤100
180568365331697,შერიგებისა და სამოქალაქო თანასწორობის საკითხებში სახელმწიფო მინისტრის აპარატი,SMR Georgia,≤100
194165114388891,ევროპული საქართველო • European Georgia,ევროპული საქართველო,≤100
438888076200129,საქართველოს პროკურატურა / The Prosecution Service of Georgia,Prosecution Service of Georgia,≤100
204459169625213,Palitra L Publishing • გამომცემლობა პალიტრა L,Palitra L Publishing • გამომცემლობა პალიტრა L,≤100
334284660078608,სემეკი -  ენერგეტიკისა და წყალმომარაგების მარეგულირებელი კომისია,სემეკი -  ენერგეტიკისა და წყალმომარაგების მარეგულირებელი კომისია,≤100
121078177912733,საქართველოს იუსტიციის სასწავლო ცენტრი -TCJ,საქართველოს იუსტიციის სასწავლო ცენტრი -TCJ,≤100
102689205025480,ქეთი თურაზაშვილი - Keti Turazashvili,ალეკო ელისაშვილი - მოქალაქეები,≤100
136827876490842,საინფორმაციო ცენტრი ნატოსა და ევროკავშირის შესახებ • NATO & EU Info Center,საინფორმაციო ცენტრი ნატოსა და ევროკავშირის შესახებ • NATO & EU Info Center,≤100
194582501162686,KiKi,Tanadgoma,≤100
195600981002208,გიორგი მელაშვილი / George Melashvili,Europe-Georgia Institute,≤100
471759786227198,Factcheck.ge,Factcheck.ge,≤100
115808134821838,UNM Youth • ენმ ახალგაზრდული,UNM Youth • ენმ ახალგაზრდული,≤100
105294965729965,საქართველო უპირველეს ყოვლისა  • Georgia First,Georgia First,≤100
1031485756902883,გირჩი • Girchi,გირჩი • Girchi,≤100
156635334400297,JCB Georgia,These ads ran without a disclaimer,≤100
277709595710849,სოფლის განვითარების სააგენტო - Rural Development Agency,სოფლის განვითარების სააგენტო - Rural Development Agency,≤100
109624013843429,ახალგაზრდობის სააგენტო • Youth Agency,ახალგაზრდობის სააგენტო • Youth Agency,≤100
1267468489937737,"აი, ფაქტი • ifact.ge","აი, ფაქტი • ifact.ge",≤100
147881438604435,გიორგი კეკელიძე • Giorgi Kekelidze,Kekelidze,≤100
1545848578984351,საქართველოს კონკურენციის ეროვნული სააგენტო •  gnca,Georgian National Competition Agency,≤100
101545558591952,დავით ფაცაცია / David Patsatsia,დავით ფაცაცია / David Patsatsia,≤100
106059902195415,CourtWatch.ge - იყავი ინფორმირებული სასამართლოზე,Georgian Court Watch,≤100
1159313984168136,europop,These ads ran without a disclaimer,≤100
107079819324769,საქართველოს თავდაცვის სამინისტრო / Ministry of Defence of Georgia,საქართველოს თავდაცვის სამინისტრო / Ministry of Defence of Georgia,≤100
105158341370818,იცნობდე შენს მოსამართლეებს,საქართველოს დემოკრატიული ინიციატივა / Georgian Democracy Initiative,≤100
102355928774989,საინფორმაციო ცენტრი ნატოსა და ევროკავშირის შესახებ - რეგიონები,საინფორმაციო ცენტრი ნატოსა და ევროკავშირის შესახებ - რეგიონები,≤100