﻿Page ID,Page name,Disclaimer,Amount spent (BRL)
301774903545521,Brasil Paralelo,Brasil Paralelo,≤100
425350744240843,Comitê Internacional da Cruz Vermelha,Comitê Internacional da Cruz Vermelha,≤100
107634320610212,yellowenergia,Leonardo Gomes Da Motta,≤100
687008454694990,Randolfe Rodrigues,Randolfh Frederich Rodrigues Alves,≤100
191400270968241,Camilo Capiberibe,Camilo Capiberibe,≤100
63044235866,UN Climate Change,UN Climate Change with Facebook Ad Credits,≤100
105806795144292,EducaMídia 60+,EducaMídia 60+ com créditos para anúncios do Facebook,≤100
1127498110791820,EducaMídia,EducaMídia com créditos para anúncios do Facebook,≤100
104306478127290,Dudu Tavares,EDUARDO DOS SANTOS TAVARES,≤100
128802790469337,Todos Pela Educação,Todos Pela Educação,≤100
109354687306376,Instituto Conhecimento Liberta,Instituto Conhecimento Liberta,≤100
333720355130,Petrobras,Petrobras,≤100
484993445236446,Movimento Plástico Transforma,These ads ran without a disclaimer,≤100
108742321417244,Gerson Aragão,SCIREJUS APLICATIVOS JURIDICOS LTDA,≤100
115230991849922,O Globo,Editora Globo,≤100
483630874998954,Mauro Mendes,Mauro Mendes Ferreira,≤100
159103797542,Greenpeace Brasil,Greenpeace Brasil,≤100
291969064306588,Método de Aprovação,SCIREJUS APLICATIVOS JURIDICOS LTDA,≤100
198849783539777,Buscofem,Buscofem,≤100
197587446941661,Valor Econômico,Editora Globo,≤100
180562885329138,g1 - O Portal de Notícias da globo,These ads ran without a disclaimer,≤100
111258777464857,Bill clinton do Amapá,Bill Clinton Costa Da Silva,≤100
121016455967353,Transparência Eleitoral Brasil,TRANSPARENCIA ELEITORAL BRASIL,≤100
2209636419286152,Elismar Prado,Elismar Prado,≤100
197698930267127,Alana,Instituto Alana,≤100
275181425967272,Olavo de Carvalho,CAMARGO & CARVALHO TECNOLOGIA DA INFORMACAO LTDA,≤100
104738421003389,InvestNews BR,Easynvest,≤100
109770755848061,Suzano,Suzano SA,≤100
239977579362882,Blue3,Blue3 Investimentos,≤100
172444996112900,Fundo Brasil,Fundo Brasil,≤100
108147365877214,Canal Futura,Fundação Roberto Marinho,≤100
101230328792183,Portal Concursos & OAB,PORTAL CURSOS PREPARATORIOS E OAB LTDA,≤100
103222252564490,Método de Aprovação,SCIREJUS APLICATIVOS JURIDICOS LTDA,≤100
170238043113891,Professor Rômulo Passos,Romulo Silva Passos,≤100
193640871262,CLAUDIA Online,Kauira Grillo,≤100
425215080864180,Pfizer Brasil,Pfizer,≤100
330379553673497,Oxfam Brasil,Oxfam Brasil,≤100
104827392475350,Célia Almeida,Celia Bibiana De Almeida,≤100
111006700550820,Cenarium Amazônia,CENARIUM AGENCIA DE NOTICIAS EIRELI,≤100
360125334431298,Renova BR,ASSOCIAÇÃO RENOVA BR,≤100
201878973201295,Republicanos10,Republicanos10,≤100
115558703488480,IDP Online,Instituto Brasiliense de Direito Publico,≤100
110225312350543,Nova Escola,Associação Nova Escola,≤100
110938340385547,Cardosomundo,These ads ran without a disclaimer,≤100
258088921369,TOTVS,TOTVS,≤100
101362682748232,Marilia Dicas,These ads ran without a disclaimer,≤100
506417589696816,Asbraf,ASBRAF,≤100
851328134910897,Deltan Dallagnol,Deltan Martinazzo Dallagnol,≤100
101933305564897,Promic,Riole,≤100
224777780881144,Visão Mundial,Visão Mundial,≤100
1746222495610114,Prof. Karine Waldrich,Karine Waldrich,≤100
104490315426843,Centro Lemann,CENTRO LEMANN DE LIDERANCA PARA EQUIDADE NA EDUCACAO,≤100
316177968823393,tinis.natureza,Instituto Alana,≤100
101503375587337,Marisa Silveira,These ads ran without a disclaimer,≤100
105928277775208,FRED Studio Produtora De Jingles,Frede Santos,≤100
1598829670166145,Capitão Contar,Renan Barbosa Contar,≤100
118678938210868,SIMPI,Simpi,≤100
132804480113814,PwC Brasil,Pedro Martins,≤100
7970426802,WWF-Brasil,WWF-Brasil,≤100
110130805137999,Robô Reacionário,Alétheia Brasil,≤100
914115575302130,Fundação Toyota do Brasil,Fundação Toyota do Brasil,≤100
285717455335990,Ministério da Cidadania,These ads ran without a disclaimer,≤100
454225234639209,Vereadora Edir Sales,Edir Sales,≤100
107063348442736,Cultura Jurídica,FMR - CURSOS ONLINE LTDA,≤100
107589328880817,Brasil no Foco,Francine De Almeida Viana Pereira,≤100
104553347942750,Eder Borges,Eder Fabiano Borges Adao,≤100
2323904661180742,All Out Brasil,All Out,≤100
103779715064518,Uma Concertação pela Amazônia,Instituto Arapyaú de Educação e Desenvolvimento Sustentável,≤100
699334503504978,Instituto Desiderata,INS DESIDERATA,≤100
1767220630177139,Animal Equality Brasil,Animal Equality Brasil,≤100
180409628639048,Oi Futuro,These ads ran without a disclaimer,≤100
109597815616,VEJA,Revista Veja,≤100
69488070826,Fundação Abrinq,Fundação Abrinq,≤100
187970114581051,Anistia Internacional Brasil,Anistia Internacional Brasil,≤100
165175370206522,Citi Brasil,These ads ran without a disclaimer,≤100
1700227383437806,OC Advogados,Oliveira e Carneiro Sociedade de Advogados,≤100
103039778175459,Hospitais PROADI-SUS,BP – A Beneficência Portuguesa de São Paulo,≤100
105486315127671,Lulagiganteoficial,ADONIS CESAR ALFONÇO TEIXEIRA,≤100
419228248099705,Oassessor.com,O Assessor Serviços em Tecnologia da Informação Ltda,≤100
228301373863551,Agência Pública,Agência Pública,≤100
187869627968575,Roberto Tripoli,Roberto Tripoli,≤100
117691720031724,Hey Nude,Nude.,≤100
2109548659331951,Cursinho da Glória,Cursinho da Glória Eireli ME,≤100
109359807904005,Movimento Pessoas à Frente,Movimento Pessoas à Frente,≤100
108555800869440,Sleeping Giants Brasil,Sleeping Giants Brasil,≤100
193719533998484,Fundação Fernando Henrique Cardoso,Fundação FHC,≤100
207518726005432,PSTU Nacional,PSTU,≤100
103311974889149,albertoantunescosta,These ads ran without a disclaimer,≤100
418655424964828,Johnny Maycon,Johnny Maycon Cordeiro Ribeiro,≤100
110714539970,Beats,Ambev,≤100
103654108205888,Fonasefe,CAJUINA PRODUÇÕES E MÍDIA DIGITAL,≤100
582687495728973,Atleta dos Concursos,These ads ran without a disclaimer,≤100
359871157981726,Decorando a Lei Seca,Decorando a Lei Seca,≤100
271242366375666,Edson Giriboni,Edson Giriboni,≤100
458245938056642,LIMPA MEU NOME,Andre Serra,≤100
105520569004820,Absolar Comunica,Associação Brasileira de Energia Solar Fotovoltaica,≤100
211156985614423,Unacon Sindical (Oficial),Unacon,≤100
599004516880467,ABRIG - Associação Brasileira de Relações Institucionais e Governamentais,Associação Brasileira de Relações Institucionais e Governamentais,≤100
233054513488150,Instituto Refazer,Instituto Refazer,≤100
185500178231142,Governo do Maranhão,Governo do Estado do Maranhão,≤100
242062609325601,Agenda 227,ANDI AGENCIA DE NOTICIAS DOS DIREITOS DA INFANCIA,≤100
114248903470049,Frente Parlamentar Mista da Medicina,Frente Parlamentar de Medicina,≤100
408005132614350,Vereador Sérgio Santana,Sergio Santana,≤100
109920041150483,Novozymes BioAg Brasil,These ads ran without a disclaimer,≤100
101964964832229,Nosso Governo,Eduardo Bauer,≤100
656965247684115,Zequinha Marinho,Zequinha Marinho,≤100
101321981647613,Instituto Montese,Instituto Montese,≤100
105173178146191,Roberta Campos - Experian,These ads ran without a disclaimer,≤100
295671627286592,Criativos da Escola,Instituto Alana,≤100
456485074374104,Sindipetro SP,SINDICATO DOS TR NAS IN DE EX PE PR RE DE AR DI E TRA ATRAVES DE DU E IM DE PE DE E SI DOS EST DE SP GO E D FEDERAL,≤100
554540954593203,Raízen,These ads ran without a disclaimer,≤100
103768438180017,Lab Criação,Lab Criação,≤100
104657561883136,Cláudia Botelho,Heitor Dutra,≤100
108237338527520,Instituto José Gomes da Silva,INSTITUTO JOSÉ GOMES DA SILVA,≤100
104161123005913,Fundação Tide Setubal,Fundação Tide Azevedo Setubal,≤100
714976398921429,Silvio Dias,Silvio Dias,≤100
80591352579,Revista Superinteressante,Revista Superinteressante,≤100
108016728737448,Kauã Castro,These ads ran without a disclaimer,≤100
185875761943,MDB Nacional,MOVIMENTO DEMOCRÁTICO BRASILEIRO,≤100
1008846355811866,Lincoln Reis,Lincoln Reis,≤100
360148920704249,Sinpro Sindicato Dos Professores,Sindicato dos Professores no DF,≤100
251565088803687,DRD Advogados,DRD Advogado,≤100
147258388715323,Fundação Luterana de Diaconia (FLD),Fundação Luterana de Diaconia,≤100
358687161234,Proteção Animal Mundial,Proteção Animal Mundial,≤100
1632845003624410,Lúcio Sorge,Lucio Sorge,≤100
101938602257968,Radegondes Resumos,These ads ran without a disclaimer,≤100
101377912820413,Seminário Reboot,Agência Nuvem,≤100
103272619071135,louro_do_trapichao,These ads ran without a disclaimer,≤100
415540188621036,Marco Jean de Oliveira Teixeira - Advogado,Marco Jean de Oliveira Teixeira,≤100
293351651572087,Lia Lara,Instituto Dankemo,≤100
255830128403700,Melissa Projetos,These ads ran without a disclaimer,≤100
103483818151512,Janaina Castro,Sobrenome Janaina Silva De Castro,≤100
564150546986457,Dep Chiquinho Brazão,Joao Francisco Inacio Brazao,≤100
101280752194527,G5News / Goiás,Rafael Pereira Da Costa,≤100
534805630341699,Idecan Oficial,"INSTITUTO DE DESENVOLVIMENTO EDUCACIONAL, CULTURAL E ASSISTENCIAL NACIONAL",≤100
319356418132318,Gestos,Gestos Soropositividade Comunicação e Gênero,≤100
105933125105087,Aqui Pela Saúde Dela,Organon,≤100
488522157948560,Sebastião Rezende,Sebastião Machado Rezende,≤100
636206153090073,Márcio Araújo,Marcio Araujo,≤100
107796345194452,Portal Amazonas Virtual,Interativa Serviços de Marketing Ltda,≤100
108993478720998,spr.concursos,These ads ran without a disclaimer,≤100
458055717567581,Márcio Bernardes,Rafael Seabra Santos Giannella,≤100
337834286345988,Fundação Milton Campos,Fundação Milton Campos,≤100
481960978885807,Paula Belmonte,PAULA MORENO PARO BELMONTE,≤100
1860840190807777,Rodrigo Marrone,Rodrigo Martins De Sena,≤100
239084452772926,IDS,IDS - Instituto Democracia e Sustentabilidade,≤100
180288108842781,Vereador Vander Luiz,Vander Luiz,≤100
108674708755770,Oli.Oficial,These ads ran without a disclaimer,≤100
1523331824624642,Rui De Rosis,Rui Sergio Gomes De Rosis,≤100
104142933038848,Revista Rotary Brasil,Revista Rotary Brasil,≤100
103039778175459,Hospitais PROADI-SUS,Hospital Alemão Oswaldo Cruz,≤100
1463458067229810,Zenaide Senadora,Zenaide Maia Calado Pereira Dos Santos,≤100
213048568820524,Vereador Paulo Frange,Rodrigo Carvalho,≤100
103867398056365,Prof. Sérgio - Vereador,Sergio Teixeira,≤100
109055221354055,Esfera Brasil,ESFERA ᴮᴿ,≤100
239624862864871,Relatório Reservado,Hush Comunicação,≤100
1498647100170828,Prefeitos do Futuro,Prefeitos do Futuro Cursos e Treinamentos LTDA,≤100
2030336270316657,Rodrigo Martinez,Rodrigo Santos Martinez,≤100
103586255620966,Portal O Judiciário,Interativa Serviços de Marketing Ltda,≤100
1491681474458343,Bancários Rio,Sindicato dos Bancários do Rio de Janeiro,≤100
500679196780578,Instituto Ekos Brasil,Instituto Ekos Brasil,≤100
114341201261601,Expressão Brasil,Expressão Brasil,≤100
152305031470133,Hypeness,Hypeness,≤100
208884825929448,Josias Gomes,Josias Gomes,≤100
100475615641105,PHVox,PHVox LTDA,≤100
1578235319127195,Seiko Brasil,ORIENT RELOGIOS DA AMAZONIA LTDA,≤100
154439464641434,"Alacero, Asociación Latinoamericana del Acero",Global Ad,≤100
113005112093720,Aldo Solar,Aldo Solar,≤100
163372447147733,Cidade de Assis,Prefeitura de Assis,≤100
102275945221840,Portal Tucumã,Portal Tucumã,≤100
593156624451277,Serginho Caxias,Sergio Alberto Correa Da Rocha,≤100
127508364097375,Sindsep-Mg,SINDSEP-MG,≤100
252086658173120,Movimento Mulher 360,Movimento Mulher 360,≤100
108389624202656,RW Soluções,RW Soluções,≤100
100487352695710,Legestudo,Legestudo,≤100
113732008223201,mezaliraadvocacia,These ads ran without a disclaimer,≤100
103244688005332,Ana Carolina Tedoldi,Melquesedeque Da Silva,≤100
193185607843864,Weliton Prado,Weliton Prado,≤100
136775633154402,Plan International Brasil,Plan International,≤100
100182705963579,José Sousa,Jose Silva,≤100
1313633058744565,Impulsiona,Instituto Península,≤100
111749231579604,chinabl4ck,These ads ran without a disclaimer,≤100
127789930632668,Conectas Direitos Humanos,Conectas Direitos Humanos,≤100
106308415121143,Politique - Detalhamento de Votos,PRATIC SERVIÇOS EM TECNOLOGIA DA INFORMAÇÃO LTDA,≤100
392933407432673,Daniel Marques,Daniel Marques Frederico,≤100
520803328039440,Recicla Sampa,Eco Urbis e Loga,≤100
667798913593800,Sicoob Sertão Minas,Sicoob Sertão Minas,≤100
104470704500602,Cristiano Luna,These ads ran without a disclaimer,≤100
855703787865893,Marcos Sobreira,Marcos Marcel Rodrigues Sobreira,≤100
1012400938779084,Juventino Silva,Juventino Silva,≤100
286293921411059,UmBipolar,These ads ran without a disclaimer,≤100
104636951364733,Prof. Fabiano Kenji - PT Tocantins,Fabiano Nohama,≤100
104687751369948,Ozair Coelho Polaco,Ozair Coelho De Souza,≤100
195633240461905,Amcham Brasil,AMERICAN CHAMBER OF COMMERCE FOR BRAZIL SAO PAULO,≤100
104941785786172,Anjux Resultado Digital,Anjux Resultado Digital,≤100
104526344643982,Ana Catarina,Ana Bonassi,≤100
494717690672796,Programa Fala Caboco,Malbi,≤100
1406152679456579,Luciano Guedes,These ads ran without a disclaimer,≤100
479463895572323,MultCred,Mateus Costa Da Silva,≤100
101861558220747,One Passion Mission,These ads ran without a disclaimer,≤100
1424817660887533,Armária,Armária - Cerejeira Comércio e Serviços LTDA,≤100
265312144321652,Patriarca-Cidadania Italiana,Giuliana Callia,≤100
111881115101141,Avenca,Murillo Nascimento Nonato,≤100
451449785026171,Nariz Solidário,These ads ran without a disclaimer,≤100
101928459402878,Show Money,NATURALE HEALTH PRODUTOS NATURAIS,≤100
1641234622618194,leonardoabrahao.psi,LEONARDO ABRAHÃO PIRES REZENDE,≤100
238230449635488,Farmpro,These ads ran without a disclaimer,≤100
109166260746487,Vereador Luizinho  Kanecão,Luiz Carlos Donizete Da Silva,≤100
2483489071886154,Negritude e Sindicalismo,Eduardo Rosa,≤100
104669947982584,Vice Prefeitura Municipal de Prainha,Erivaldo Pereira Lopes Junior,≤100
113650866857533,Diversitera,Diversitera,≤100
105793611224566,Ariane Bertellini Vilas Boas,These ads ran without a disclaimer,≤100
295301523904650,Irlan Melo,Irlan Chaves de Oliveira Melo,≤100
654988707867408,Empregos no japão itiban,These ads ran without a disclaimer,≤100
387146431355916,Bibo Nunes,Alcibio Mesquita Bibo Nunes,≤100
177870362290375,GAPC - Grupo de Apoio a Pessoas com Câncer,G.A.P.C - Grupo de Apoio a Pessoas com Câncer,≤100
122255682509331,FisiosDermato,These ads ran without a disclaimer,≤100
181618255580100,Palhaços Sem Fronteiras Brasil,Palhaços Sem Fronteiras Brasil,≤100
104788755661902,wilson.victorio.rodrigues,These ads ran without a disclaimer,≤100
2325585304387012,Nosso Impacto,Nosso Impacto,≤100
102238108953320,rogeriobessagoncalves,These ads ran without a disclaimer,≤100
216302945094085,Condsef,Confederação dos Trabalhadores no Serviço Público Federal (Condsef),≤100
170166996524709,Orlando Morando,Orlando Morando Junior,≤100
1221955744599494,Walmir Pinto,Walmir Pinto,≤100
101849038971079,atr.isis,These ads ran without a disclaimer,≤100
106896372083988,Mapas Históricos,Diogo Rodrigues,≤100
106299106637964,Produtos Projeto Casulo Caiteté Ourilândia do Norte,These ads ran without a disclaimer,≤100
143577732354028,Olhar Contemporâneo,These ads ran without a disclaimer,≤100
696682877030294,Marcos Damasio,Deputado Marcos Damasio,≤100
112600551688066,Bolsonaro Sincero,Alda Moraes,≤100
1561949674029955,Suplente Mauricio Fernandes,These ads ran without a disclaimer,≤100
1958622627687215,Cassius da Perfil,These ads ran without a disclaimer,≤100
102342179337327,carlacarrion.psi,These ads ran without a disclaimer,≤100
423455604726575,ChicoFlores,These ads ran without a disclaimer,≤100
113901950007566,vanessaespindula.zanotti,These ads ran without a disclaimer,≤100
489279214867452,Tarcisio Pimenta ®,Tarcisio Pimenta Ribeiro,≤100
102615772617132,Papo de Diretora,These ads ran without a disclaimer,≤100
113810261543717,vieira_junioh,These ads ran without a disclaimer,≤100
102534282716964,claudiargf,These ads ran without a disclaimer,≤100
115172553721431,Perfil Brasil,Grupo Perfil,≤100
1053283714755303,Resistência 24 Horas,Marcelo Moura,≤100
347709872324338,Juliane Alcalde,These ads ran without a disclaimer,≤100
105814702155065,Sôniamielke vice-prefeita Vila Valério,These ads ran without a disclaimer,≤100
109724408502248,Tem Que Mudar,These ads ran without a disclaimer,≤100
131448086870456,Editora Forense,These ads ran without a disclaimer,≤100
390724748409385,Voz do Amazonas,GLEYDSON AYDEM MESQUITA,≤100
730963827020262,Ouse Saber,These ads ran without a disclaimer,≤100
649566832145349,Informe Digital,Interativa Serviços de Marketing Ltda,≤100
589538104394273,Maringá Histórica,These ads ran without a disclaimer,≤100
115292856696170,Andreia Silva vereadora,Francisca Andrea Da Silva,≤100
212253702141362,Dellarte Soluções Culturais,These ads ran without a disclaimer,≤100
210467206143608,Portal de Prefeitura,Portal de prefeitura,≤100
1697587090511491,Igor Pinheiro,These ads ran without a disclaimer,≤100
177796722633925,Abraão da Melgil,Abraão da Melgil,≤100
100710735473325,IDP - SP,"Instituto Brasileiro de Ensino, Desenvolvimento e Pesquisa Idp - LTDA",≤100
103000505263216,helena_amorimcantora,These ads ran without a disclaimer,≤100
100873692073481,Partido Progressistas Teresópolis,These ads ran without a disclaimer,≤100
100504831584682,nardennsouzaporto,These ads ran without a disclaimer,≤100
106084098344364,Raimundo Rego  - Defensor do Meio Ambiente,Expedito Rego,≤100
359871157981726,Decorando a Lei Seca,These ads ran without a disclaimer,≤100
2306036846121206,Marcos Marreta,ELEIÇÃO 2022 MARCOS ANTONIO DE ARAUJO DEPUTADO FEDERAL,≤100
133602516654912,Jader Barbalho,Jader Barbalho,≤100
709695842763581,Peterson Martins,eleicao 2022 peterson rocha martins deputado estadual,≤100
436336693077946,Caio Cunha,Caio Cunha,≤100
123884341029248,João Jorge,JOÃO JORGE DE SOUZA,≤100
103079618579543,angelo_mantovani,These ads ran without a disclaimer,≤100
611990522637907,Lgbtqi+ Regional,Carla De Jorge Insauralde,≤100
541675135971541,Revista AzMina,Instituto AzMina,≤100
100540212806292,gcmarketingeengajamento,These ads ran without a disclaimer,≤100
104211779220438,diariodeumpaigay,These ads ran without a disclaimer,≤100
103084629229632,Scanner Doc,These ads ran without a disclaimer,≤100
337015270112,ADJ - Departamento Juvenil CADP,These ads ran without a disclaimer,≤100