﻿Page ID,Page name,Disclaimer,Amount spent (USD),Number of ads in Library
112540788307631,Inés Albán,Ines Esperanza Alban Romero,≤100,2
318459115156320,SmileBox Shop,SmileBox Shop,≤100,6
108657847619569,Goberna Ecuador,Goberna Ecuador,≤100,17
117237589684873,Coalición Independencia,Álex Xavier Medina Urquizo,≤100,7
105539772365757,Mentordemy,Mentordemy,≤100,2
194481550568329,Interagua C. Ltda.,Interagua C. Ltda.,≤100,15
385660362000367,Paola Lascano,Paola Lascano,≤100,4
107735775460492,Informate Ecuador,Informate Ecuador,≤100,1
101685042705474,Ivette Ledesma Dávila,Ivette Ledesma Dávila,≤100,1
616008265157883,JORGE PINTO D,Jorge Washington Pinto Davila,≤100,2
2174951136066727,Amigos De John Vinueza,John Henry Vinueza Salinas,≤100,3
81089852182,U.S. Embassy Ecuador,Embassies: U.S. Embassy Ecuador,≤100,2
1426780820910242,Seminarium Ecuador,Carla Landazuri,≤100,1
587012644654073,Alcaldía de Ibarra,Jacinto Roberto Salazar Valenzuela,≤100,5
433865936732065,Víctor Veintimilla,Víctor Veintimilla,≤100,1
101030572534006,Bruno Robles,Rafael Bruno Robles Wong,≤100,1
772386863105014,Jorge Alvarez Granda Concejal de Machala,Jorge Eduardo Alvarez Marin,≤100,1
461158150611162,César Solórzano,Cesar Solorzano,≤100,2
112128961403701,Ronal Moreno,Ronal Moreno,≤100,1
101056676141616,Asesoría Política - Goberna Ecuador,Goberna Ecuador S.A.S,≤100,26
100473148013436,Adrián Lituma,Adrian Lituma,≤100,2
171870950030850,Teodoro Gallegos Salem,Benigno Teodoro Gallegos Salem,≤100,1
1719058928369533,Mafer Vargas,Mafer Vargas,≤100,1
249305564937,Dr. Pet,DR PET,≤100,3
400220953378307,Radio Macarena,Radio Macarena,≤100,1
102823644882450,Pedro Pablo Moran 2023,Pedro Pablo Moran Marchan,≤100,1
1428310440732616,Sebastián Cevallos,Rodrigo Sebastian Cevallos Vivar,≤100,1
495225060514172,Degso,Gabriela Veronica Chango Hermoza,≤100,1
110259514765801,Mario Sánchez Plasencia,Mario Sánchez Plasencia,≤100,1
103612631457479,PUNTO SANO,Fabian Patricio Salazar Rios,≤100,3
2221570604786246,Primicias,Primicias,≤100,2
1655058734779946,Consorcio de Municipios Amazónicos y Galápagos,Guillermo Geovanny Granda Tovar,≤100,1
112981504211534,Luis Zambrano - Servicios de Ingeniería & Compras Públicas.,Luis Zambrano - Servicios de Ingeniería & Compras Públicas.,≤100,1
109824098580667,Aquí Sucumbíos,Aquí Sucumbíos,≤100,1
105864404668848,Ecuador Play,Ecuador Play,≤100,1
101096035858196,Walter Loayza,Walter Loayza,≤100,3
2211964079027725,Paco Asan Alcalde,Joss Melissa Vera Miranda,≤100,1
103115609251959,Noticias Metropolitanas del Guayas,Milton Esteban Plua Hidalgo,≤100,2
1362854600519691,Autoridad Aeroportuaria GYE,Autoridad Aeroportuaria de Guayaquil,≤100,1
111310177841570,Dr. Marcos Molina,Marcos Molina Jurado,≤100,4
148963240630570,Tomas Zevallos,Tomás Tupacyupanqui Zevallos Vera,≤100,1
102395536064502,RC5 Somos Posorja,Alexandra Ayala Mendoza,≤100,1
1667032830221300,321 Comunicación,321comunicacion,≤100,1
187653561280861,Josué Sánchez,Josué Sánchez,≤100,2
106524642069871,Jaime Juela,Guayas Avanza,≤100,1
118332075506401,Arturo Ugsha,Arturo Ugsha,≤100,1
616405925438411,GAD Municipal de El Empalme,Javier Guato Macias,≤100,2
557468211357738,Museo de la Gastronomía Ecuador Restaurante,These ads ran without a disclaimer,≤100,1
476601415789987,Miriam Lucas Delgado,MIRIAM LUCAS,≤100,1
109234001993056,Graciela Alba,Graciela Alba,≤100,1
229924571089166,Marcelo Jaramillo Calle,idealista,≤100,1
211671355519672,PLATAFORMA CENTRAL 1RO DE MAYO,PLATAFORMA CENTRAL 1RO DE MAYO,≤100,1
1818101134945047,Emovim EP,Andrea Cevallos,≤100,2
242036589192111,Gilmar Gutiérrez,Fausto Gilmar Gutierrez Borbua,≤100,1
100860802065599,LyN BioLearning,These ads ran without a disclaimer,≤100,4
502665456448329,Federico Barolin,These ads ran without a disclaimer,≤100,1
488400941357594,Red Mises América - Mises America Network,These ads ran without a disclaimer,≤100,2
75608370019,United States Institute of Peace,These ads ran without a disclaimer,≤100,1
1056588797760183,Corona,These ads ran without a disclaimer,≤100,1
213000859039052,SANY Group,These ads ran without a disclaimer,≤100,1
101236935303293,Trivia.com - Trivia,These ads ran without a disclaimer,≤100,3
108148958352704,Travelers Spot,These ads ran without a disclaimer,≤100,1
198398326957053,Shree Krishnayan Desi Gauraksha Avam Golokdham Sewa Samiti,These ads ran without a disclaimer,≤100,2
103407272049069,Prosperidade Abundante,These ads ran without a disclaimer,≤100,1
103597027708447,SuperPlanet Games,These ads ran without a disclaimer,≤100,1
517231405008910,Global Landscapes Forum,These ads ran without a disclaimer,≤100,2
316496640057,7iber,These ads ran without a disclaimer,≤100,2
103982862530012,mailatamchina,These ads ran without a disclaimer,≤100,1
101062965008766,Jairo Vasquez Vargas,Jairo David Vasquez Vargas,≤100,1
2497449046945249,El Purgatorio,Denisse Murillo Alvarado,≤100,1