﻿Page ID,Page name,Disclaimer,Amount spent (PLN)
149388985089327,L'Oréal Paris,L’Oreal Polska Sp z o.o.,405
100947022065093,Okresowa Koalicja,Okresowa Koalicja,182
515725191889934,Zmieniamy Łódzkie,Zmieniamy Łódzkie,130
163064650412661,Teatr Powszechny w Łodzi,Teatr Powszechny w Łodzi,112
178362315106,European Parliament,European Parliament,104
237680510146048,Marek Szewczyk,Marek Szewczyk,≤100
107971230622325,Ministerstwo Finansów,These ads ran without a disclaimer,≤100
1683534065241470,OKO.press,OKO.press,≤100
196334343778888,Polskie Centrum Pomocy Międzynarodowej (PCPM),PCPM with Facebook ad credits,≤100
107898832590939,European Commission,European Commission,≤100
57544755889,Amnesty International Polska,Amnesty International Polska,≤100
63563473556,Gazeta Wyborcza,Gazeta Wyborcza,≤100
100600111478700,Nowa Energia Dla Łodzi,VEOLIA NOWA ENERGIA SPÓŁKA Z OGRANICZONĄ ODPOWIEDZIALNOŚCIĄ,≤100
102931488739,Platforma Obywatelska,Platforma Obywatelska,≤100
344620515579640,Fundacja Równość.org.pl,Fundacja Równość.org.pl,≤100
147547541961576,Council of the European Union,Council of the European Union,≤100
144808095552639,ING Polska,ING Polska,≤100
393084100793680,Wiedza i Praktyka,Wiedza i Praktyka,≤100
101510036210805,Centrum Interwencji Kryzysowej w Łodzi,Centrum Promocji i Rozwoju Inicjatyw Obywatelskich OPUS,≤100
228168274881,wysokieobcasy,wysokieobcasy,≤100
111778487054045,TOGETAIR,Kamil Magot,≤100
136390556431938,Pracownia na rzecz Wszystkich Istot,Pracownia na rzecz Wszystkich Istot,≤100
288949918697908,Łódzkie.pl,Województwo Łódzkie,≤100
513969188677442,Compassion Polska,Compassion Polska,≤100
292640324174614,Hellozdrowie.pl,Redakcja Hello Zdrowie,≤100
164184896961884,Cezary Tomczyk,Cezary Tomczyk,≤100
276860619087002,Sylwester Tułajew,Sylwester Tułajew,≤100
95661128574,Radio ESKA,Radio ESKA,≤100
130220166122,Kupuj odpowiedzialnie,Kupuj odpowiedzialnie,≤100
578864425792499,Ośrodek Monitorowania Antypolonizmu,Fundacja Ośrodek Monitorowania Antypolonizmu,≤100
113143203693,Santander Bank Polska,Santander Bank Polska,≤100
178415208919146,Solidarna Polska,Solidarna Polska,≤100
108301418501661,Odszkodowania Za Represje 1944-1989,Łukasz Świątek,≤100
102811109411234,Do:łącz,Dołącz,≤100
1436380093288077,Park Dzieje,Stowarzyszenie Dzieje,≤100
1181684038602267,Niepodległa,"BIURO PROGRAMU ""NIEPODLEGŁA""",≤100
182038191908977,Cyfryzacja KPRM,Kancelaria Prezesa Rady Ministrów,≤100
142614625077,WWF Polska,WWF Polska,≤100
142361819657439,Narodowy Fundusz Ochrony Środowiska i Gospodarki Wodnej,Narodowy Fundusz Ochrony Środowiska i Gospodarki Wodnej,≤100
599444633584675,Małgorzata Moskwa-Wodnicka,Małgorzata Moskwa-Wodnicka,≤100
648495745485275,Adrian Witczak - radny Tomaszowa Mazowieckiego,Adrian Witczak,≤100
164968446888637,Ministerstwo Sprawiedliwości,Ministerstwo Sprawiedliwości,≤100
276855319036807,Fabryka Równości,Stowarzyszenie Fabryka Równości,≤100
105636040979969,Polska 2050,Polska 2050 Szymona Hołowni,≤100
104884392877324,Alivia,Alivia - Fundacja Onkologiczna,≤100
557305027641691,Prof. Ryszard Legutko,European Parliament ECR Group,≤100
107396187476330,LUX MED Stomatologia,"LUX MED Sp. z o.o.,",≤100
74863922834,Krytyka Polityczna,Krytyka Polityczna,≤100
112517763707836,Polskie Regiony,Związek Województw RP,≤100
114453729684,gazetaprawna.pl,gazetaprawna.pl,≤100
102577288350341,Super Biznes,se.pl,≤100
283996612400,Fundacja Nasza Ziemia,Fundacja Nasza Ziemia,≤100
868599633152789,Koncept - magazyn akademicki,Fundacja Inicjatyw Młodzieżowych,≤100
1015463015167840,Grupa NEUCA,Grupa NEUCA,≤100
391098174296294,Super Express,se.pl,≤100
311766890555,Fundacja Batorego,Fundacja Batorego,≤100
959387840744974,Bezpartyjni Samorządowcy,Ogólnopolska Federacja Bezpartyjni i Samorządowcy,≤100
475584852475176,Pozytron,Bartłomiej Jan Ginter,≤100
104061062331637,Pałac Saski,Pałac Saski Sp. z o.o.,≤100
163488137165461,E.ON Polska,E.ON Polska,≤100
10150116077700370,Fundacja Rodzić po Ludzku,Fundacja Rodzić po Ludzku,≤100
32104614789,Greenpeace Polska,Greenpeace Polska,≤100
514735281965536,Demagog,Stowarzyszenie Demagog,≤100
1496359750659795,Michał Wójcik,Michał Wójcik,≤100
1309058125844574,Rząd Dla Łodzi,Sławomir Pietrzak,≤100
104150384978057,Elżbieta Żuraw,Elżbieta Małgorzata Żuraw,≤100
229797220398331,Kampania Przeciw Homofobii,Kampania Przeciw Homofobii with Facebook ad credits,≤100
1381575975475340,EduAkcja - szkolenia dla nauczycieli,EduAkcja sp. z o.o.,≤100
157458232131,Prawo i Sprawiedliwość,Prawo i Sprawiedliwość,≤100
109218848183780,Marek Woźniak,UMWW,≤100
106708966025605,Wydawnictwo W.A.B.,Grupa Wydawnicza Foksal,≤100
436111276479085,Sieć Obywatelska - Watchdog Polska,Sieć Obywatelska - Watchdog Polska,≤100
154790604804,Fundacja Czarna Owca Pana Kota,Czarna Owca Pana Kota,≤100
173086948664,Infor.pl,Infor.pl,≤100
406758116099067,Fundacja Kasisi,Fundacja Kasisi,≤100
140982409255721,Miłość nie wyklucza,Miłość nie wyklucza,≤100
198196133533089,Polska Misja Medyczna / Polish Medical Mission,Polska Misja Medyczna / Polish Medical Mission,≤100
594628497727254,Mateusz Kiecka,Mateusz Kiecka,≤100
101876361512444,Krajowy Projekt Energetyczny - odnawialne źródła energii dla każdego,These ads ran without a disclaimer,≤100
456995064489685,Mateusz Walasek,Mateusz Jan Walasek,≤100
312204349288060,Mariusz Gosek,Mariusz Gosek,≤100
1643686859194259,Sebastian Kaleta,Sebastian Kaleta,≤100
490207317852864,Obserwatorium Polityki Miejskiej IRMiR,Instytut Rozwoju Miast i Regionów,≤100
292514454554454,Cartrack Polska,Cartrack Polska,≤100
108808965184179,Narodowy Instytut Konserwacji Zabytków,Narodowy Instytut Konserwacji Zabytków,≤100
300745193630,Fundacja Pro - Prawo do Życia,Fundacja Pro - Prawo do Życia,≤100
306577192739020,4liberty.eu,Liberté!,≤100
1495480087399256,Jacek Ozdoba,Jacek Ozdoba,≤100
1821361227955255,Magazyn Aptekarski,Magazyn Aptekarski,≤100
145382618855042,Muzeum Sztuki w Łodzi,Muzeum Sztuki w Łodzi,≤100
297750478462,MediaHub Poland,MediaHub Poland,≤100
457139957797120,Faber-Castell,These ads ran without a disclaimer,≤100
521216701360487,MURATOR,MURATOR,≤100
102931488739,Platforma Obywatelska,These ads ran without a disclaimer,≤100
447190942074880,Polskie Stowarzyszenie Obrońców Życia Człowieka,Polskie Stowarzyszenie Obrońców Życia Człowieka,≤100
180185019111,Tygodnik Powszechny,Tygodnik Powszechny,≤100
137358556439286,Ośrodek Monitorowania Zachowań Rasistowskich i Ksenofobicznych,Ośrodek Monitorowania Zachowań Rasistowskich i Ksenofobicznych,≤100
2320275388297228,Marcin Romanowski,Marcin Romanowski,≤100
107006495693204,Czas na regiON,Polska Press Grupa,≤100
113267398356583,Komitet Inicjatywy Ustawodawczej „STOP zakazowi pracy”,Polskie Stowarzyszenie Obrońców Życia Człowieka,≤100
100313914886624,Uniwersytet Młodzieżowy,These ads ran without a disclaimer,≤100
112123064602862,Szczeliny,Wydawnictwo Otwarte sp. z o.o.,≤100
286243508135957,Solidarna Polska - Nowe Pokolenie,Solidarna Polska,≤100
50063176484,TVN24,TVN,≤100
190536713845,Fundacja JiM,Fundacja JiM,≤100
105039892358886,FURPO - Świadczenie Pielęgnacyjne,FURPO GROUP SP. Z O.O.,≤100
181020632309,Wydawnictwo Znak,Wydawnictwo Znak,≤100
69153026654,Jerzy Buzek,Jerzy Buzek,≤100
110491392351511,LINK4,LINK4,≤100
167053496770977,Fundacja Redemptoris Missio,Fundacja Pomocy Humanitarnej Redemptoris Missio,≤100
814991668621838,Norbert Kaczmarczyk,Norbert Kaczmarczyk,≤100
505864632777215,Tygodnik Lisickiego,Orle Pióro sp. z o.o.,≤100
176114889652,Kancelaria Premiera,Kancelaria Premiera,≤100
134214926657042,Radosław Sikorski,Radosław Sikorski,≤100
199739460042641,Zdrowie w stylu LUX MED,Zdrowie w stylu LUX MED,≤100
104313762397672,PolitykaRolna.eu - Nowa Wspólna Polityka Rolna projekt Infocap PL,Plantpress Sp. z o. o.,≤100
166730024388,Charaktery,These ads ran without a disclaimer,≤100
13204463437,"UNHCR, the UN Refugee Agency",These ads ran without a disclaimer,≤100
100867296292013,Global case - business events Warszawa,These ads ran without a disclaimer,≤100
790410867684271,Ukraiński Dom / Український Дім,Ukraiński Dom w Warszawie,≤100
154645041588620,Fundacja Rodzic w mieście,Fundacja Rodzic w mieście,≤100
101185701666967,Stop Milczeniu - stop pedofilii w kościele,Stop Milczeniu,≤100
101751661613203,Adam Lutkowski,Adam Andrzej Lutkowski,≤100
111993840665768,Stowarzyszenie Kultury Chrześcijańskiej im. Ks. Piotra Skargi,Stowarzyszenie Ks. Piotra Skargi,≤100
511921918843798,Fundacja Dorastaj z Nami,Fundacja Dorastaj z Nami,≤100
339855706171439,Dobra Fabryka,Dobra Fabryka,≤100
145481822175715,Otodom,Grupa OLX sp. z o.o.,≤100
312816688890250,Dariusz Matecki,Dariusz Matecki Radny Miasta Szczecin,≤100
340765409708087,Ryszard Madziar,Ryszard Madziar,≤100
621959344553367,DNA Rynków - merytorycznie o giełdach i gospodarkach,DNA Rynków,≤100
286672948180163,Tomasz Trela,Poseł Tomasz Trela,≤100
90194404398,Helsińska Fundacja Praw Człowieka,Helsińska Fundacja Praw Człowieka,≤100
111275624780972,Erase Indifference,Erase Indifference,≤100
104694545852085,Hospicjum Proroka Eliasza,These ads ran without a disclaimer,≤100
110600210285711,Księgarnia Foksal,Grupa Wydawnicza Foksal,≤100
810857415661830,Polski Klub Ekologiczny Okręg Mazowiecki,Polski Klub Ekologiczny Okręg Mazowiecki,≤100
76134197129,Radio TOK FM,Kinga Warwas,≤100
105415822506621,Ekomobilni - narzędzie edukacyjne,These ads ran without a disclaimer,≤100
359606364774932,"Beata Maciejewska - Posłanka Lewicy, Gdańsk",Biuro Poselskie Beaty Maciejewskiej,≤100
1967695263556184,Sylwia Spurek,The Grens/EFA in the European Parliament,≤100
1425264934431305,Polski Instytut Księgowości,Polski Instytut Księgowości,≤100
105428171456904,BWT Polska - Best Water Technology,BWT Polska,≤100
127619873953536,Stefczyk.info,Stefczyk.info,≤100
100569026183717,W Obronie Zdrowia,W Obronie Zdrowia,≤100
143951191449,Profinfo.pl,Wolters Kluwer PL,≤100
990533821012595,Nierealnie,Nierealnie.pl,≤100
832320483579139,Vestra,Vestra,≤100
157022071030696,Centrum Bajki w Pacanowie,Centrum Bajki w Pacanowie,≤100
344620515579640,Fundacja Równość.org.pl,These ads ran without a disclaimer,≤100
194585893914848,Fundacja Rozwoju Demokracji Lokalnej,Cezary Trutkowski,≤100
424950454257785,Kampania Prawdy,Kampania Prawdy,≤100
205945942802470,Polska Agencja Rozwoju Przedsiębiorczości,Polska Agencja Rozwoju Przedsiębiorczości,≤100
147284671976535,Jak wygrać wybory? Praktycznie o kampaniach wyborczych,Jacek Babiel,≤100
194994820535007,Ford Polska,These ads ran without a disclaimer,≤100
100363112049746,Dbamy o wodę,FleishmanHillard,≤100
176619537364977,Grodno S.A.,Grodno S.A.,≤100
125185964281959,Centrum Edukacji Obywatelskiej (CEO),Centrum Edukacji Obywatelskiej (CEO),≤100
205950160250231,FUNDACJA AIRO GROM INTERNATIONAL im. Eugeniusza Jana Pietrzyk,Robert Włodzimierz Pietrzyk,≤100
100539463843764,Klaster Innowacji Społecznych,Klaster Innowacji Społecznych,≤100
343962559465,ZHP,These ads ran without a disclaimer,≤100
110898338585970,Mgboardy,MGBoardy.pl,≤100
722625777782250,Joachim Brudziński,Joachim Brudziński,≤100
352969621437965,Magna Polonia,Fundacja Magna Polonia,≤100
205950160250231,FUNDACJA AIRO GROM INTERNATIONAL im. Eugeniusza Jana Pietrzyk,FUNDACJA AIRO GROM INTERNATIONAL im. Eugeniusza Jana Pietrzyk,≤100
100508029392556,Obywatelu Masz Prawo,Fundacja Instytut Prawa Ustrojowego,≤100
153679474688551,Wydawnictwo Fronda,Wydawnictwo Fronda,≤100
207398195946921,Instytut Spraw Obywatelskich,These ads ran without a disclaimer,≤100
505554886239501,Fale Loki Koki,These ads ran without a disclaimer,≤100
101139355034097,Stowarzyszenie Pamięć Zasłużonym,Kamil Antkowiak,≤100
186543124707583,ISSA Prevent Plastic Pollution,Biuro wykonawcze ISSA w Polsce,≤100
105526258999822,Maciej Marzec - profil publiczny,Maciej Tadeusz Marzec,≤100
373646707187,Fundacja Urszuli Jaworskiej,Fundacja Urszuli Jaworskiej,≤100
111205500796714,Nadia Oleszczuk,Nadia Oleszczuk,≤100
434217760420716,Michał Zasucha,Michał Mateusz Zasucha,≤100
106274574675288,Instytut Prawa Ustrojowego - Fundacja,Fundacja Instytut Prawa Ustrojowego,≤100
371981706755861,Kierunek na EKO,OS3 Sp. z o. o.,≤100
852871474902416,Tomasz Frączak,Tomasz Frączak,≤100
101263522893711,Cichowlas Polskie Warzywa,Patryk Kondratowicz,≤100
100321262116794,Kongres Katoliczek i Katolików,Fundacja na rzecz Kongresu Katoliczek i Katolików,≤100
107414444817541,the:protocol,These ads ran without a disclaimer,≤100
104291779009388,Pojęcie małżeństwa w pryzmacie teorii wymogów imperatywnych,Fundacja Instytut Prawa Ustrojowego,≤100
829337930597160,Serwis Dyrektorów Szkół i Przedszkoli,These ads ran without a disclaimer,≤100
102792325966064,Kopalnia kitu,Kopalnia Kitu (DoubleD Marketing),≤100
1437227889827328,Fundacja Dobrych Inicjatyw,Fundacja Dobrych Inicjatyw,≤100
199877710116314,Patryk Jaki,Patryk Jaki,≤100
163071877042633,Wydawnictwo Buchmann,Wydawnictwo Buchmann,≤100
255100403945,Polityka,Polityka,≤100
1846913012208618,Miłosz Tamulewicz,Miłosz Milo Tamulewicz,≤100
106552182752379,Fortum Polska,Fortum Power and Heat Polska Sp. z o.o.,≤100
1752318511650368,Akamai Poland,More Bananas,≤100
121677374580121,Stowarzyszenie Rozwoju Wsi Świętokrzyskiej,Stowarzyszenie Rozwoju Wsi Świętokrzyskiej,≤100
176136722487454,Videoparlament.pl,Videoparlament.pl,≤100
782421961955563,Moto Banit - Przystań Motocyklowa,These ads ran without a disclaimer,≤100
67202672014,Fairtrade Polska,Fundacja „Koalicja Sprawiedliwego Handlu” Fairtrade Polska,≤100
81885462442,Histmag.org,Histmag.org,≤100
103189994608689,20stopni.pl,Konceptlab,≤100
105928075825104,NGO-EXPO,Damian Kasprzycki,≤100
531957170332616,Mateusz Ryczek Dziennikarz,Mateusz Andrzej Ryczek,≤100
1680755628814372,Instytut Dyplomacji Gospodarczej,Instytut Dyplomacji Gospodarczej,≤100
110421853692163,Synea Medical Day SPA,Synea Sp. z o.o.,≤100
173043619501435,"Pomorski Ośrodek Rehabilitacji Dzikich Zwierząt ""Ostoja""","Pomorski Ośrodek Rehabilitacji Dzikich Zwierząt ""Ostoja""",≤100
150012088436244,"Zaufaj mi, jestem Księgową",Wolters Kluwer PL,≤100
226385591805,Capital24.tv,Capital24.tv,≤100
148119012566775,Alegoria,Alegoria,≤100
1863743663893316,Fundusz Obywatelski im. Henryka Wujca,Fundacja dla Polski,≤100
161376023925313,Delia Cosmetics,These ads ran without a disclaimer,≤100
171382802698,Klub Jagielloński,Klub Jagielloński,≤100
1052302484796466,Axpo Polska,Axpo Polska Sp. z o.o.,≤100
101283291180,dziennik.pl,dziennik.pl,≤100
375431119170590,GRAPE - Group for Research in APplied Economics,FAME|GRAPE,≤100
382875260304,Teologia Polityczna,Teologia Polityczna,≤100
558879950822876,Jacek Sasin,Jacek Sasin - Poseł na Sejm RP,≤100
311554975565703,Termomodernizacja.pl,These ads ran without a disclaimer,≤100
108731657156411,Mariusz Gromko - Senator RP,Mariusz Gromko,≤100
305401181544,UNICEF Poland,UNICEF Poland,≤100
705234266283291,Niepłodni Razem,Sylwia Bentkowska,≤100
1759040441044970,SmogLab,SmogLab,≤100
116580465063718,Marcin Meller,Grupa Wydawnicza Foksal,≤100
199401584696,Konfederacja Lewiatan,Konfederacja Lewiatan,≤100
1771722023118604,Wydawnictwo Aktywa,Wydawnictwo Aktywa Sp. z o.o.,≤100
102262978631607,Busnex Poland,Busnex Poland,≤100
152434611621823,Instytut Geofizyki PAN,Semstart sp. z o. o.,≤100
173873282095,Forsal.pl,Forsal.pl,≤100
230754547069436,Michał Woś,Michał Woś Poseł na Sejm RP,≤100
395533923834784,PSL Mazowsze,Zarząd Wojewódzki Polskiego Stronnictwa Ludowego Województwa Mazowieckiego,≤100
111236021136938,Fundacja Wolności Gospodarczej,Fundacja Wolności Gospodarczej,≤100
274865305866485,Eko House Technologie Ekologiczne - przydomowe oczyszczalnie ścieków,Eko House Technologie Ekologiczne,≤100
653937168081792,PZU,These ads ran without a disclaimer,≤100
103423656514231,Fundacja Gdańska,Fundacja Gdańska,≤100
116028421394320,Jedz drób,These ads ran without a disclaimer,≤100
1086360811435644,More Bananas,Anna Daria Ledwoń-Blacha,≤100
104873974773853,Repetujemy,Patryk Kondratowicz,≤100
114010506963635,Krzysztof Lewandowski,Krzysztof Lewandowski,≤100
100977672821621,Santa Natura Resort & SPA,These ads ran without a disclaimer,≤100
141192795936905,Urządzamy.,Urządzamy.,≤100
1479047189015939,Polski Cement,Stowarzyszenie Producentów Cementu,≤100
362682677158537,Michał Kowalski,Michał Kowalski - materiał nie stanowi elementu kampanii wyborczej,≤100
349008885281233,Sylwia Kubik,Sylwia Maria Kubik,≤100
200404253354944,Bartłomiej Wróblewski,Bartłomiej Piotr Wróblewski,≤100
624879054590925,Marcel Bielecki,Marcel Bielecki,≤100
130752780291804,Fundacja Geremka,"Fundacja ""Centrum im. prof. Bronisława Geremka""",≤100
112055027022643,Legal Marine,Legal Marine - Mateusz Romowicz,≤100
106038948775287,Dostępna Polska,4 REAL Sp. z o.o.,≤100
108494929216934,Marcin Kierwiński,Marcin Kierwiński,≤100
106855271451018,"Raz, dwa, trzy, przestępcą będziesz Ty",Krzysztof Cudecki,≤100
946445192119512,Krajowy Sztab Ratownictwa SKSR,Jerzy Płókarz,≤100
102370742369604,Kurier Powiatu Człuchowskiego,Michał Kowalski,≤100
104382365648491,Zjednoczenie,Stowarzyszenie Zjednoczenie,≤100
1599655186922126,Włącz oszczędzanie,Łukasz Tadeusz Pająk,≤100
725994874500554,Nasz Las Miejski Gajewo k.Giżycka,Adrian Andrzej Grzegorz,≤100
1500359650261089,Marcin Gołaszewski,These ads ran without a disclaimer,≤100
251031675591474,Dorota Zmarzlak - wójt gminy Izabelin,Dorota Zmarzlak,≤100
138711746774775,Norgips Polska,These ads ran without a disclaimer,≤100
696622867467853,Polska Morska,Polska Morska,≤100
1196595487024986,Robert Filipczak,Robert Filipczak,≤100
658695000844495,Adam Andruszkiewicz,Adam Andruszkiewicz,≤100
686446615064169,Artur Nycz Radny Sejmiku Zachodniopomorskiego,Artur Nycz,≤100
287198384770456,Grzegorz Matusiak - Poseł na Sejm RP,Grzegorz Matusiak,≤100
712903778856410,Lafarge Polska,These ads ran without a disclaimer,≤100
107010907929210,Praca w Allegro,Allegro,≤100
285512891655753,Artur Szałabawka,Biuro Poselskie Prawo i Sprawiedliwość Artur Szałabawka,≤100
106312610732615,Mazurski Maraton Rolkowy,These ads ran without a disclaimer,≤100
1423637417684031,PCC Poland,These ads ran without a disclaimer,≤100
996526287073317,Mateusz Jędrachowicz,Mateusz Paweł Jędrachowicz,≤100
111060275047330,Incepcja. Polska do naprawy,These ads ran without a disclaimer,≤100
102001084729435,Paweł Kwietniewski,Paweł Kwietniewski,≤100
277179196233845,Szymon Zejer - Zastępca Burmistrza Miasta Mława,Szymon Zejer,≤100
276470179073804,Valeo Service Polska,These ads ran without a disclaimer,≤100
1298855813504209,Akademia Księgowości,AKADEMIA KSIĘGOWOŚCI SPÓŁKA Z OGRANICZONĄ ODPOWIEDZIALNOŚCIĄ,≤100
162813450923415,Monitor Rynkowy,These ads ran without a disclaimer,≤100
330598003729377,Wydawnictwo Poznańskie,These ads ran without a disclaimer,≤100
295533280480766,Jadwiga Wiśniewska,Jadwiga Wiśniewska,≤100
207398195946921,Instytut Spraw Obywatelskich,Fundacja Instytut Spraw Obywatelskich,≤100
187613920648,Mazowiecka Wspólnota Samorządowa,Mazowiecka Wspólnota Samorządowa,≤100
521739544515060,Dziennik Powiatowy,Krzysztof Przekop,≤100
595178974150639,"Marta Wesołowska - mówienie, głos w Marce Osobistej",These ads ran without a disclaimer,≤100
1227194230675141,Pratia,Pratia SA,≤100
101194286064900,Paweł Stochel,These ads ran without a disclaimer,≤100
1402012100098838,Twój Kurier Olsztyński - TKO.pl,WAMA Media Group sp. z o.o.,≤100
105979972178639,dr_armen_mekhakyan,These ads ran without a disclaimer,≤100
103805605586543,ukraina.ua.pl,These ads ran without a disclaimer,≤100
1935398849860973,Paweł Bujak,Paweł Marek Bujak,≤100
514245432058229,Piotr Kandyba - Radny Sejmiku Województwa Mazowieckiego,Piotr Kandyba - Radny Sejmiku Województwa Mazowieckiego,≤100
834495839904474,Michał Cieślak,Leszek Mikołaj Zajęcki,≤100
1558728361068038,Paweł Szyszlak Radny Rady Miasta Białogard,Paweł Szyszlak,≤100
109269485083516,Krzysztof Szczucki,Krzysztof Szczucki,≤100
158605907492356,FEPS,Fundacja na Rzecz Studiów Europejskich,≤100
101304435646725,Элитная недвижимость в Москве,These ads ran without a disclaimer,≤100
102224898933734,MindDig,These ads ran without a disclaimer,≤100
146822255731958,Fast Travel Games,These ads ran without a disclaimer,≤100
155438574470276,DW українською,These ads ran without a disclaimer,≤100
144776752025,Голос Америки,These ads ran without a disclaimer,≤100
104819872149191,United4Ukraine,These ads ran without a disclaimer,≤100
109231571984405,Accelera,These ads ran without a disclaimer,≤100
249808255039196,IOM Ukraine,These ads ran without a disclaimer,≤100
103179035162163,Tour de Konstytucja PL,These ads ran without a disclaimer,≤100