﻿Page ID,Page name,Disclaimer,Amount spent (TND)
1539423449628439,شبكة أصدقاء فلسطين,These ads ran without a disclaimer,≤100
100767059064947,احباء الشبيبة الرياضية بالعمران,These ads ran without a disclaimer,≤100
117352551390847,DQS: SEAT of POWER,These ads ran without a disclaimer,≤100
299227550122220,Radio Cina Internazionale,These ads ran without a disclaimer,≤100
580979592072016,بوابة اللاجئين الفلسطينيين,These ads ran without a disclaimer,≤100
107698860605012,Chnowa Barnemjek,Chnowa Barnemjek,≤100