﻿Location name,Amount spent (JPY)
Aichi Prefecture,58727
Akita Prefecture,29606
Aomori Prefecture,2626
Chiba Prefecture,65905
Ehime Prefecture,47775
Fukui Prefecture,21629
Fukuoka Prefecture,152025
Fukushima Prefecture,3475
Gifu Prefecture,7335
Gunma Prefecture,14946
Hiroshima Prefecture,9692
Hokkaido,21742
Hyōgo Prefecture,31339
Ibaraki Prefecture,9162
Ishikawa Prefecture,4322
Iwate Prefecture,2670
Kagawa Prefecture,15383
Kagoshima Prefecture,10717
Kanagawa Prefecture,55799
Kumamoto Prefecture,11012
Kyoto Prefecture,32707
Kōchi Prefecture,1692
Mie Prefecture,35438
Miyagi Prefecture,11993
Miyazaki Prefecture,3952
Nagano Prefecture,38879
Nagasaki Prefecture,14164
Nara Prefecture,7209
Niigata Prefecture,6541
Okayama Prefecture,7207
Okinawa Prefecture,5417
Osaka Prefecture,245971
Saga Prefecture,42079
Saitama Prefecture,40530
Shiga Prefecture,7386
Shimane Prefecture,6522
Shizuoka Prefecture,14441
Tochigi Prefecture,33561
Tokushima Prefecture,2678
Tokyo,127564
Tottori Prefecture,935
Toyama Prefecture,3478
Unknown,≤100
Wakayama Prefecture,8892
Yamagata Prefecture,19282
Yamaguchi Prefecture,2493
Yamanashi Prefecture,2219
Ōita Prefecture,14354