﻿Page ID,Page name,Disclaimer,Amount spent (USD)
2147945902183843,Galaxy Navatra,Pheaktra Leng,≤100
127065984044980,Universal Robina,Universal Robina,≤100
100673698524565,អ៊ូច ភា អភិបាលខេត្តតាកែវ-Ouch Phea Governor of Takeo Province,Khat Nita,≤100
271082999713221,Cri ccfr,Cri ccfr,≤100
101029751624330,គង់ សោភ័ណ្ឌ អភិបាលខេត្តកណ្តាល Kong Sophorn Governor of Kandal Province,គង់ សោភ័ណ្ឌ អភិបាលខេត្តកណ្តាល Kong Sophorn Governor of Kandal Province,≤100
116613175028420,វិទ្យុស្ត្រី Women's Radio,វិទ្យុស្ត្រី Women's Radio,≤100
648941691867874,Kroko ក្រគរ កែវ រតនៈ,Kroko ក្រគរ កែវ រតនៈ,≤100
1995251780700007,បណ្ឌិត ងិន បាណាល់ - Dr. NGIN Banal,Dyna Moeung,≤100
543230525840908,Asianerial Advisory Int.,Asianerial Advisory Int.,≤100
344545219232067,អគ្គ.ការពារអ្នកប្រើប្រាស់ កិច្ចការប្រកួតប្រជែង និងបង្ក្រាបការក្លែងបន្លំ CCF,Heang Pichsela,≤100
1582014712074227,គណបក្សប្រជាជនកម្ពុជា Cambodian People's Party,David Than,≤100
219779514869475,រដ្ឋបាលរាជធានីភ្នំពេញ,រដ្ឋបាលរាជធានីភ្នំពេញ,≤100
107248224050954,ឡុង នរិន្ទ - Long Norrin,ឡុង នរិន្ទ - Long Norrin,≤100
105866705100869,Khmer Tech Market,Khmer Tech Market,≤100
100136939277807,"Sean Borath,Ph.D","Sean Borath,Ph.D",≤100
2260430647540976,កម្ពុជា ៤.០ - Cambodia 4.0,Reun Daro,≤100
591287174583744,ម៉ុន សំអាត ស្រឡាញ់ប្រជាជន ខេត្តកំពង់ស្ពឺ,ម៉ុន សំអាត ស្រឡាញ់ប្រជាជន ខេត្តកំពង់ស្ពឺ,≤100
110372271312240,ក្រុមការងារអភិវឌ្ឍយុវជនខេត្តព្រៃវែង,Dyna Moeung,≤100
1129900250496858,EBo_Bookstore,EBo_Bookstore,≤100
844603092353014,ជា ពិសី - Chea Pisey,ជា ពិសី - Chea Pisey,≤100
558050957660331,ព្រឹទ្ធសភាកម្ពុជា Senate of Cambodia,Kok Vay,≤100
311212062405665,យ៉េង វីរៈ,យ៉េង វីរៈ,≤100
103952141169390,រាជធានីភ្នំពេញ បេះដូងប្រជាជនកម្ពុជា,រាជធានីភ្នំពេញ បេះដូងប្រជាជនកម្ពុជា,≤100
110527508460363,សកម្មភាព អភិបាល នៃគណៈអភិបាលស្រុកព្រៃនប់,សកម្មភាព អភិបាល នៃគណៈអភិបាលស្រុកព្រៃនប់,≤100