﻿Page ID,Page name,Disclaimer,Amount spent (ARS)
120831940916786,Neuquen Vota,NeuquenVota.com,103487
2240766589474693,Leticia Esteves,PRO Neuquén,100609
100706696047371,Neuquinizate,Neuquinizate,77088
2438220102914670,Juan Pelaez,Juan Pelaez,70969
391699984932525,Pablo Cervi,Juntos por el Cambio Neuquén,68782
116261128039744,Suma mas para Neuquen,Suma Mas para Neuquen,64506
107024560637883,Ana Servidio,Ana Servidio,48433
1275311129309933,Marcos Koopmann,Marcos Koopmann,48066
129799846687423,Levantémonos,Levantemonos,41033
150071271996596,Javier Bertoldi,Javier Bertoldi,40176
91849484046,Darío Martínez,Darío Martínez,36970
101185599412309,Marcos para Neuquén,Marcos para Neuquen,34958
1086999731414893,Lucas Castelli,Lucas Alberto Castelli,28604
411231642263185,Rolo Figueroa,Rolo Figueroa,25989
1484615598448274,Fernanda Esquivel,Fernanda Esquivel,18975
106452479022469,Hilopatagonia,Hilo Patagonia,16480
187309835076743,NeuquénPost.com,Neuquen Post,15649
100382249579427,Energía Ciudadana,Alto Valley,14927
1534228410008453,Rolo de la gente,NDIF,13220
105128775500885,Lista Azul Lista 151,Lista Azul Lista 151,12659
114920591462229,123neuquen,123neuquen,12588
111600998225620,Noticias Zero,Noticias Zero,10867
260217841057049,Consultora Tendencias,Consultora Tendencias,10002
113395874909201,Punto Noticias,Punto Noticias Web,9823
114260008250225,Valeria Todero,Valeria Todero,9781
1861504010737414,Martín Rodríguez,Frente de Todos San Martín de los Andes,9687
670959489635511,Ramon Rioseco,Frente y Participación Neuquina,8920
122827495781099,Nicolás Ayala,Nicolás Ayala,8423
114322758269852,Daniel Figueroa,Daniel Augusto Figueroa,7892
100932749306130,Noticias Andinas,Noticias Andinas,6909
101220926091573,Gladys Aballay,Libres del Sur,6213
429668923837600,Unidad Popular Río Negro,Unidad Popular Río Negro,6184
686788828054862,Mercedes Lamarca,Libres del Sur,6172
112808296941895,Diario dos Voces,Diario dos Voces,6055
102294322808022,Agenda Política,Agenda Politica,5457
104143829274813,El Poder Está en la Gente,El Poder esta en la gente,5450
380121592406854,Frente Neuquino. Somos el Equipo de Ramón Rioseco,FyPN,4828
100513966017836,Noticias del Sur,Noticias del Sur,4108
101478122871110,FRIN Lista 863,Frin Neuquén,4013
102534516011045,La Gloria Noticias,La Gloria Noticias,3861
342638383052208,Peronistas con el Rolo,Peronistas con el Rolo,3844
247633395412844,Leandro Bertoya,Leandro Bertoya,3796
109873720572366,La Voz Diario,La Voz Diario,3318
532047880648886,Soledad Salaburu,Maria Soledad Salaburu,3174
100842498153295,Ya Noticias,Ya Noticias,3026
104697371246938,Digitalizador Noticias,Digitalizador Noticias,2999
105683524480702,Clic Noticias,Clic Noticias,2998
102621634638153,Diario Altavoz,Diario Altavoz,2998
107653580940310,Bio Noticias,Bio Noticias,2982
102010739493318,Jonathan Barberis,Jonathan Barberis,2617
454238431615810,Fernando Gallia,Fernando Gallia,2537
107172034871051,Fabián Ungar,Nestor Fabian Ungar,2300
109237045323181,Patagonia Noticias,Patagonia Noticias,2246
107050882259684,Neuquen Digital,Neuquen Digital,2236
113145515362974,Gastón Rivero,Izquierda Socialista Neuquen,2235
114675496899220,Punto Central Noticias,Punto Central Noticias,1988
212137105468799,Minuto Neuquén,Minuto,1930
108257385522220,Guille Sanchez 2023,Jorge Andino Roberto Taylor,1887
670853316450246,Daniel Molina,Daniel Alejandro Molina,1860
532973710863209,Evolución Plottier,Evolución,1851
1025978380808111,Sebastián Gamarra,Sebastian Eugenio Gamarra,1805
986178458200535,Juan Manuel Gomez Margeri,Juan Manuel Gomez Margeri,1730
102504335973873,Diego Marcovesky Intendente- Laura Riffo Viceintendente,Diego Marcovesky Intendente- Laura Riffo Viceintendente,1696
110222323870573,Astro Noticias,Astro Noticias,1665
109806577019428,Micaela Gomiz,Maria Micaela Gomiz,1635
1728531464097628,Izquierda Socialista Neuquen/Rio Negro,Gaston Nicolas Rivero,1632
103922892280259,Fuerza Libertaria Zapala,Fuerza Libertaria Zapala,1582
422037291198683,Marcelo Bermudez,Gabriel Bermudez,1544
108469440488170,Gaston Calabro,Daniel Gaston Calabro,1523
101020149503070,Diego De Vega,Diego De Vega,1196
110987181909987,Luis Madueño Fabián González 2023,Carlos Eduardo Madueño,1111
102993044534202,Monín Aquín,Monin es San Martin,1099
107824238922895,Ariel Bernatene,Ariel Bernatene,1097
100437419653371,Federico Salmeron,Federico Salmeron,1040
721259921276497,Leandro López,Leandro López,1004
101634888224090,Ola Noticias,Ola Noticias,993
110987181909987,Luis Madueño Fabián González 2023,Luis Madueño,906
114444594867522,Confluencia Neuquina,Confluencia Neuquina,815
102819669329350,Fernando Banderet,Fernando Banderet,811
115086233378908,Matriarcado Noticias,Matriarcado Noticias,810
367089004808,Amnistía Internacional Argentina,Amnistía Internacional Argentina,795
110466097930548,Denisse Stillger,Denisse Stillger,643
1196044817194724,Andrés Blanco,Frente de Izquierda,641
121017237594432,Comunidad Neuquinizate,María Laura Da Pieve,595
285132778254393,Neuquén Al Instante,Neuquén al Instante,591
1632160743686750,Mercedes Tulián,Mercedes Tulián,585
102065335344667,Matías Ángel Ramos,Evolución,565
108180685545627,Dr Ramon Delgado Intendente,Ramon Francisco Delgado,503
147026682520945,Gustavo Saadi,Gustavo Saadi,488
100635925130470,Dip. Cesar Gass,Dip. Cesar Gass,391
105012734676380,Carla A. Cervera,Carla Andrea Cervera,382
458061080994597,Marita Villone,María Fernanda Villone,364
61279025897,Gerardo Morales,Mística,352
101996084777901,Mariela Belski,Mariela Belski,348
105434454484182,Difusión de Prensa Argentina,Difusión de Prensa Argentina,303
117651617918363,Marcelo Venegas Concejal OK,Marcelo Cristian Venegas,294
610852822271706,Alberto Weretilneck,Alberto Weretilneck,269
1191062154289959,Aluvión 21 Zapala,Aluvión 21 Zapala,254
113783585451798,Mariano Mansilla,Mariano Victorio Mansilla Garodnik,207
391699984932525,Pablo Cervi,Centro de Inversiones y Desarrollos Patagónicos,195
277532422665803,Anibal Tortoriello,Anibal Tortoriello,159
109939845134373,Carlos Ernesto Parsons,Carlos Ernesto Parsons,140
61279025897,Gerardo Morales,Frente Cambia Jujuy,128
103149205884632,Jorge Alberti,Jorge Alberti,120
105166715290140,Momento Uno,Momento Uno,101
109554821547169,CPC Jardín MuniCba,municipalidad de córdoba,≤100
1689208734631579,Gobierno de Jujuy,Gobierno De Jujuy,≤100
189940771071192,Secretaría de Turismo de San Luis,Secretaría de Turismo de San Luis,≤100
111669735076988,Hora Cero,Hora Cero Noticias,≤100
105102988867048,Jorge Taylor,Jorge Andino Roberto Taylor,≤100
2310128805893559,Marcelo Laje,Marcelo Laje,≤100
103142667918311,Grupo Noticias,Fernando Nicolas Humberto Castagnari,≤100
185922194792026,Myriam Bregman,Frente de Izquierda,≤100
372330399898184,Mario Lara,Mario Ernesto Lara,≤100
109281938681906,Fuerza Libertaria Centenario,Fuerza Libertaria Centenario,≤100
102858281496444,Argentinos hoy,Argentinos hoy,≤100
103780997884434,Comunidad Argentina,Comunidad Argentina,≤100
175844725888213,Alejandro Bodart,MST Movimiento Socialista de los Trabajadores,≤100
316056528999754,Periodistas x el planeta,Periodistas por el Planeta,≤100
104046341137293,Panorama Pais,Panorama Pais,≤100
304176325478,La Política Online,La Política Online,≤100
103055288044566,Gaceta del Valle,Gaceta del Valle,≤100
183940131655054,María Eugenia Vidal,María Eugenia Vidal,≤100
335926266503071,7D,7D,≤100
489559001199987,"Diego ""Dingui"" Palmieri",Diego Martin,≤100
960928543930646,Ana Marks,Ana Marks,≤100
378225769015907,Fundación Embajada Abierta,Fundación Embajada Abierta,≤100
113328424956836,Prensa Libre,Prensa Libre,≤100
102289782502796,Prensa Digital,Prensa Digital,≤100
108679841853325,Contame Más,Contame Más,≤100
328379894262424,Alhue B. Gavuzzo,Partido de los Trabajadores Socialistas,≤100
1471624973068591,Bettina Romero,Bettina Romero,≤100
106049152432460,Luis Briones,Luis Alberto Briones,≤100
107022228690687,Jornada Nacional,Jornada Nacional,≤100
110806461830762,El Sol Web,El Sol Web,≤100
366283017342581,Ana Miño,Ana Faustino Miño,≤100
110039918575012,Noticias Express,Noticias Express,≤100
371737556863123,Graciela Landriscini Diputada Nacional,Graciela Landriscini Diputada Nacional,≤100
121172324253132,Vamos Con Pichichi,Vamos con Pichichi,≤100
103322152538185,La Verdad Noticias,La verdad noticias,≤100
103057607926812,NCC Noticias,NCC Noticias,≤100
105735495551632,Nico Marchiolo,Nicolas Ariel Marchiolo,≤100
131381938371647,Corta La Bocha Noticias,Corta La Bocha,≤100
452525851510103,Nicolás del Caño,Frente de Izquierda,≤100
259700217384725,Le Monde diplomatique - Edición Cono Sur,Capital Intelectual S.A.,≤100
272338312973462,Santiago López Medrano,Santiago López Medrano,≤100
104147274759706,Periodismo de Izquierda,Periodismo de Izquierda,≤100
109309353787521,Rodrigo Buteler,Rodrigo Buteler,≤100
104455719146837,El Meridiano,El Meridiano Noticias,≤100
102007812840437,Jóvenes con Wado,Jóvenes con Wado,≤100
110079031997390,Con Larreta,Con Larreta,≤100
107796462136638,La República Noticias,La República Noticias,≤100
1408542766063285,Carla Carrizo,Ana Carla Carrizo,≤100
125183747539071,Noticias Argentinas,Noticias Argentinas,≤100
101646286084369,Historias que Inspiran,Historias que inspiran,≤100
101675711517905,Diario del Independiente,Diario del Independiente,≤100
110276628358382,El Autónomo,El Autónomo,≤100
107631983989726,Argentina Federal,Argentina Federal,≤100
1430547657263731,Miguel Carbel Diputado Provincial 2023.,Miguel Carbel Diputado Provincial 2023.,≤100
102187456039094,Enterate Ya,Enterate Ya!,≤100
628834470825985,Martín Olivero,Martin Olivero,≤100
628498977777284,El Continental,Periodico El Continental,≤100
781928915296113,Carlos Ale,Juan Carlos Ale,≤100
331933457269706,Luis Albeza,Luis Fernando Albeza,≤100
544640985878621,Argentinos Online,Argentinos Online,≤100
238778949515431,El Cronista,El Cronista,≤100
109498231812940,Carlos Rajoy,Carlos Alfredo  Rajoy,≤100
112090455034177,El Portavoz Oficial,El Portavoz,≤100
488144978053820,Rodrigo Portocarrero,Cesar Horacio Brunelli,≤100
642047375905348,Gastón di Castelnuovo,Gaston Di Castelnuovo,≤100
102244324825625,Exodo Noticias,Exodo Noticias,≤100
213148592527828,Sebastián Tiozzo 2023,Ruben Sebastian Tiozzo,≤100
101723742846656,Franco Avila Gross Concejal,AltoValley,≤100
149619018406294,Siglo XXI Editores Argentina,Siglo XXI Editores Argentina S.A.,≤100
104733589113258,La Gaceta Nacional,La Gaceta Nacional,≤100
428179387610545,Agenda Malvinas,Agenda Malvinas,≤100
2251397431784810,InfoArgentina,Comunicarg,≤100
544986472243896,Data Diario,Data Diario,≤100
1677302172578463,Lorena Matzen,Lorena Matzen,≤100
113898744658728,El Progreso Web,El Progreso,≤100
111637981320058,Productivismo - Política Argentina,Sergio Raul Samoilovich,≤100
1405120706440456,Conclusión,Diario Conclusión,≤100
113759564969446,El Ojo Salteño,Noticias la Plata,≤100
1056002771173995,José Luis Berros,Jose Luis Berros,≤100
103740369249125,El Provinciano,El Provinciano,≤100
103539508326670,Roberto Brusa Intendente,Roberto Brusa Intendente,≤100
112595328432641,Wado 2023,Jóvenes con Wado,≤100
105716442346264,Conurnarnia,Conurnarnia,≤100
694680257373430,Vamos con Mario Rosón,Vamos con Mario Rosón,≤100
291254690958520,Gobierno de Corrientes,Gobierno de Corrientes,≤100
1192374014146549,María Emilia Abdelnabe,Maria Emilia Abdelnabe,≤100
106277608413948,Felipe Biella,Salta Independiente,≤100
1088348627914278,Guillermo Monzani,Guillermo Claudio Monzani,≤100
1541428379519312,Luciano Demarco,Luciano Demarco,≤100
1436040176529904,Noticias de Acá,comunicarg,≤100
104646448661838,La Pampa Ahora,La Pampa Ahora,≤100
105493327767840,Newsweek Argentina,Newsweek Argentina,≤100
1466924390221774,Lucio Gonzalez,Lucio Gonzalez,≤100
154643514568743,Sergio Abrevaya,Sergio Abrevaya,≤100
234148293934740,Mariano Gaido,Mariano Gaido,≤100
211047755609903,Anibal Calafell,Anibal Horacio Calafell,≤100
779826208737546,Eduardo Asueta,Eduardo Asueta,≤100
158132310876894,Nicolás Suárez Colman,Nicolas Andrés Suarez Colman,≤100
100976638097618,Ambiente En Lucha,Ambiente en Lucha,≤100
419372375098772,PACO Achitte,Eduardo Alfredo Achitte,≤100
699758330894365,Actualidad Argentina,Actualidad Argentina,≤100
271357293358897,Javier Fernandez,Javier Omar Fernandez,≤100
105455288953338,Esto es Boca,Esto es Boca,≤100
358162257947051,Ricardo Bussi,Ricardo Matias Mercado,≤100
705172499580470,Gustavo Martinez,Gustavo Martinez,≤100
548058885532155,UCR Comite Secc Cipolletti,UCR Comite Secc Cipolletti,≤100
579453668873451,Julio Bravo,Julio Bravo,≤100
102570774863673,LOBBY,LOBBYEscuela,≤100
329366194442407,Inmobiliaria HONFI,Luis Esteban Honfi,≤100
701012796982861,Diego Ramello,Diego Ramello,≤100
103088924366000,Noticias d,Noticias d,≤100
106548558037239,Corte media.,Corte Media,≤100
675523912809682,Tiempo de Provincia,Comunicarg,≤100
101349631999937,Noticias para el Cambio,Noticias para el Cambio,≤100
101961091604984,ARGMedios,arg medios,≤100
307661541236,Grupo La Provincia,GLP,≤100
943247715686438,Frente de todos neuquino,Frente de todos neuquino,≤100
1580891525460837,Walter Raul Wayar,Walter Raul Wayar,≤100
1873194886282596,Francisco Mondotte,Daniel Mondotte,≤100
100151059414853,Partido Libertario Santa Cruz,Agustin Gonzalez Basso,≤100
100380929410601,Nodos Córdoba,aguantesoher,≤100
515292708481100,Cambio Climático & Calentamiento Global,Eduardo Pedro Fracassi,≤100
857382087671921,Maxi Abad,radicalesorg,≤100
104919122026034,Revolución,Revolución,≤100
118736245504093,TOTI  Intendente,TOTI  Intendente,≤100
219474738220762,Daiana Neri,Daiana Neri,≤100
564830380326427,Juan Carlos Polini,Polini,≤100
113527478348899,asociailicita,Asocia Ilícita,≤100
163829927003495,Armando Pipi Traferri,Armando Pipi Traferri,≤100
101594852755793,El Bonaerense,El Bonaerense,≤100
356892377834402,Comunidad LISTA 191 Chml,Comunidad LISTA 191 Chml,≤100
108182177200374,Rubén Dusso,Rubén Dusso,≤100
102415935418559,maximiliano_pot,These ads ran without a disclaimer,≤100
233734300112003,Juan Monteverde,Ciudad Futura,≤100
817894504954888,Carlos Olmedo,Carlos Andres Olmedo,≤100
129475240775639,Ale Miranda,Alejandro Nicolas Miranda,≤100
100832291619209,nuevaeraok,Franco Gaston Medina,≤100
113384436026702,Caren Tepp,Ciudad Futura,≤100
111509551806903,El Deportivo Web,El deportivo oficial,≤100
134725219919779,Laura V. Alonso,Laura Valeria Alonso,≤100
699254193487823,Sebastián Cáceres,Sebastian Luis Cáceres,≤100
967512253279966,Martin Medrano,Martin Medrano,≤100
397862603671761,Maria de los Angeles Sacnun,These ads ran without a disclaimer,≤100
113923401326706,El país ya,El país ya,≤100
469187843278784,Claudio Frangul,Claudio Frangul,≤100
100824268950138,Jorge Restom,Nos Merecemos una Vida Mejor,≤100
106560742263098,Noticias El Portal,Noticias El Portal,≤100
723789384402976,Municipalidad de Juana Koslay,Juana Koslay,≤100
1173314802698852,Gabriel Castro,Gabriel Castro,≤100
715950208845383,Política Obrera - Tucumán,Política Obrera Tucumán,≤100
752831704894955,Celeste Ruiz Diaz,Maria Celeste Ruiz Díaz,≤100
133937418577537,Utopia Urbana,Utopía Urbana,≤100
112233751493488,Lavoz de Chubut,LaVozdeChubut,≤100
177720598950247,La Ciudad Desnuda,Juan Esteban Scoufalos,≤100
102296947917534,Ramiro Ortega,Ricardo Matias Mercado,≤100
100272671672857,Carlos Cisneros,Carlos Cisneros,≤100
109796377231366,Piscis Noticias,Flyn Multimedios,≤100
110873570590384,"MST en Cs Medicas, UBA",MST FMed,≤100
110632841941230,Carlitos Miranda 2023,Juan Carlos Ribeiro Miranda,≤100
430415430643986,Oscar Hurtado,These ads ran without a disclaimer,≤100
2351045021780928,Domy Orquera,Ricardo Matias Mercado,≤100
113686738612,Gobierno de la Ciudad de Buenos Aires,Gobierno de la Ciudad de Buenos Aires,≤100
896046427178402,O'Farrell S.R.L,These ads ran without a disclaimer,≤100
1477665742536733,FrenteVecinalista,Dario Adolfo Baez,≤100
100927481418494,René Vicente Casas,Miguel Alexis Gutierrez,≤100
669798633150455,Franco Morelli,Alfredo Ramon Bulacio,≤100
113956666672324,Gerardo Torrent Cuart,Gerardo Torrent,≤100
553094124789694,Guillermo Cara,Guillermo Hernán Cara,≤100
109166775044570,Sub Secretaría de Desarrollo Sostenible LDZ,Sub Secretaría de Desarrollo Sostenible LDZ,≤100
380804349522827,Estudio Jurídico Anibal A. Paz & Asoc.,These ads ran without a disclaimer,≤100
348498375215969,Ricardo Buryaile,Jeremias Biglia,≤100
375610419198633,Médano 29,These ads ran without a disclaimer,≤100
622147001149782,ATE Provincia de Santa Fe,Asociación Trabajadores del Estado - Santa Fe,≤100
698974256785676,Bayer Cono Sur,These ads ran without a disclaimer,≤100
105735065616245,SOFAR,These ads ran without a disclaimer,≤100
1975298409356242,Schaeffler REPXPERT México y CA,These ads ran without a disclaimer,≤100