﻿Page ID,Page name,Disclaimer,Amount spent (USD)
119336004470392,Coastal Business Advisors,These ads ran without a disclaimer,≤100
324882354342147,Krivosheev.live,Krivosheev.live,≤100
613142792176360,Sotreport.kz,Sotreport.kz,≤100
107245640677814,Ақорда жаңалықтары,Ақорда жаңалықтары,≤100
209953059873414,Азаматхан Амиртаев,Азаматхан Амиртаев,≤100
110468761965601,Kuanyshbek Mukash - Respublica Partiyasy,Kuanyshbek Mukash - Respublica Partiyasy,≤100
1945250445581724,Ведомости Казахстана,Ведомости Казахстана,≤100
170032706814473,Республика - Kazakhstan 2.0,Республика - Kazakhstan 2.0,≤100
110468761965601,Kuanyshbek Mukash - Respublica Partiyasy,These ads ran without a disclaimer,≤100
1149971655103550,Jardineria Mendoza,These ads ran without a disclaimer,≤100