﻿Page ID,Page name,Disclaimer,Amount spent (TND)
562060647164742,IIDebate - International Institute of Debate,Rafik Akili,≤100
158714780827513,UNFPA,These ads ran without a disclaimer,≤100
1745861032185440,alqatiba - الكَتيبة,Walid Mejri,≤100
897091320427120,LSE International Inequalities Institute,These ads ran without a disclaimer,≤100
89529786318,Elizabeth Glaser Pediatric AIDS Foundation,These ads ran without a disclaimer,≤100
1129445490476594,La Tribune Afrique,These ads ran without a disclaimer,≤100
419971021493700,Whisper2-9.13,These ads ran without a disclaimer,≤100
107366035999804,Kaspersky,These ads ran without a disclaimer,≤100