﻿Page ID,Page name,Disclaimer,Amount spent (USD)
2651942768365394,Lexo.al Politikë,Lexo,≤100
302792163188883,Dr. Endrit Shabani,Endrit Shabani,≤100
444048512310948,CNA.al,Cna Lajme,≤100
297407690978560,Gledian Llatja,Gledian Llatja,≤100
165747223634454,Nisma #Thurje,Endrit Shabani,≤100
497474187302750,Bardh Spahia,Bardh Spahia,≤100
1272430732865665,Vullnet Ruzhdi Sinaj,Vullnet Sinaj,≤100
110394928661453,Behar Haxhiu,Creative Sharks,≤100
113016018317343,Pashk Gjoni,Creative Sharks,≤100
975204015836064,Belind Këlliçi,Belind Këlliçi,≤100
243058543075309,Halimi Law and Tax,These ads ran without a disclaimer,≤100
299227550122220,Radio Cina Internazionale,These ads ran without a disclaimer,≤100
297004519250,The Script Lab,These ads ran without a disclaimer,≤100
116579274675720,Katılım Enerji,These ads ran without a disclaimer,≤100