﻿Page ID,Page name,Disclaimer,Amount spent (NOK)
135843375926,UNICEF Norge,UNICEF Norge,409
132368899297,Framtiden i våre hender,Framtiden i Våre Hender,≤100
113384899919,Noregs Mållag,Noregs Mållag,≤100
20468812735,LO,LO,≤100
108106430662575,Suscon As,Ronny Grindstein,≤100
102560641840786,Preventio,Preventio,≤100
21603349508,NOAH - for dyrs rettigheter,NOAH - for dyrs rettigheter,≤100
2398568533531114,Velferdsmiks,NHO Service og Handel,≤100
44960467949,Greenpeace Norge,Föreningen Greenpeace Norden,≤100
623596214494727,Anima - Stopp dyremishandling,Anima - stopp dyremishandling,≤100
198148715581,Vestfold og Telemark FrP,Vestfold og Telemark FrP,≤100
380405316155402,Stopp alzheimer og demens,Nasjonalforeningen for folkehelsen,≤100
417968848252894,Besteforeldrenes klimaaksjon,Besteforeldrenes Klimaaksjon,≤100
300127442096,Norske Kvinners Sanitetsforening,Norske Kvinners Sanitetsforening,≤100
329215143807272,Trondheim Høyre,Trondheim Høyre,≤100
371106536283235,DAG OG TID,Dag og Tid AS,≤100
53828343371,Epilepsiforbundet,Epilepsiforbundet,≤100
227688410297,Radio Latin-Amerika,Radio Latin-Amerika,≤100
105939782037295,Altinget.no,Altinget AS,≤100
186626994701210,Forbundet for Ledelse og Teknikk (FLT),Forbundet for Ledelse og Teknikk (FLT),≤100
126448980866214,Klassekampen,Klassekampen AS,≤100
752436708102132,Liberalistene,Liberalistene,≤100
291789484748906,Senter for hav og Arktis,Senter for hav og Arktis,≤100
219119001471138,Våler SV (Hedmark),Innlandet SV,≤100
102040431616976,Beaufort Solutions,Beaufort Solutions,≤100
128566103830426,Civita,Civita AS,≤100
157475710986651,Kvinnegruppa Ottar,Kvinnegruppa Ottar landsstyret,≤100
54603926197,Finnmark SV,Troms og Finnmark SV,≤100
112631767587663,Meninger24,Meninger24,≤100
58345093445,Natur og Ungdom,Natur og Ungdom,≤100
100231879042950,Fylkesordførerkandidat Niklas Eriksen - FrP,Niklas Eriksen,≤100
87445018334,Nobel Peace Center,Nobel Peace Center,≤100
119797291429215,RIO - en landsdekkende brukerorganisasjon på rusfeltet,RIO - en landsdekkende brukerorganisasjon på rusfeltet,≤100
102203325950193,Ingvild Lemme Kristiansen,Stendi,≤100
159084565236,Transit magasin,Transit Media AS,≤100
224058237610836,Lørenskog Venstre,Lørenskog Venstre,≤100
101047332238887,samistylebyelle,These ads ran without a disclaimer,≤100
103285042293800,JesusFestivalen,JesusFestivalen,≤100
106419980800273,Mowi,These ads ran without a disclaimer,≤100