﻿Page ID,Page name,Disclaimer,Amount spent (USD)
122258358636926,Sound of Freedom Movie,"Sound of Freedom, LLC",189
107483817554072,WorkMoney,WorkMoney,≤100
150681061641282,Tri-State G&T,Tri-State Generation Transmission Association Inc,≤100
1525472414388476,Better Wyoming,Better Wyoming,≤100
104095962704249,SOS America PAC,SOS America PAC,≤100
100249953038234,Capital Access Alliance,Capital Access Alliance,≤100
103875099042033,DailyWire+,The Daily Wire,≤100
7860876103,Joe Biden,BIDEN VICTORY FUND,≤100
102915374460262,Shell USA,Shell,≤100
100364185463048,Angel Studios,"Angel Studios, Inc.",≤100
173127679564624,Americans for Prosperity - Wyoming,AMERICANS FOR PROSPERITY,≤100
145917588805718,Dr Jordan B Peterson,The Daily Wire,≤100
167239703641594,Doug Burgum,"DOUG BURGUM FOR AMERICA, INC.",≤100
104268781306125,Powering Up Wyoming,These ads ran without a disclaimer,≤100
24330467048,Americans for Prosperity,AMERICANS FOR PROSPERITY,≤100
1562713090633117,Operation Underground Railroad,OPERATION UNDERGROUND RAI,≤100
1255705481272786,America250,AMERICA 250 FOUNDATION INC,≤100
385473284886474,Hillsdale College,Hillsdale College,≤100
104268781306125,Powering Up Wyoming,Powering Up Wyoming,≤100
1461100540775171,The Tuttle Twins,LIBERTAS INSTITUTE,≤100
114247528683597,Powder River Energy Corporation (PRECorp),Powder River Energy Corporation,≤100
100671532620063,Megan Degenfelder for WY State Superintendent of Public Instruction,Degenfelder for Wyoming,≤100
191817486024,60 Plus Association,60 PLUS ASSOCIATION INC,≤100
92925746942,Judicial Watch,Judicial Watch,≤100
135880909935010,Francis Suarez,"SUAREZ FOR PRESIDENT, INC.",≤100
602074469965571,Plan C,NATIONAL WOMENS HEALTH NETWORK,≤100
224158517643930,Wyoming Business Alliance,WY BUSINESS ALLIANCE,≤100
18982436812,ACLU,American Civil Liberties Union,≤100
2083148138574574,Wyoming State Treasurer's Office,Wyoming State Treasurer's Office,≤100
216311481960,Bill Gates,Bill Gates,≤100
113891694102,Energy Citizens,AMERICAN PETROLEUM INSTITUTE,≤100
592707041080920,Stand Together,Stand Together Chamber of Commerce Inc.,≤100
1589261434655726,Advocate Alliance Group,Advocate Alliance Group LLC,≤100
57259033959,AARP,AARP,≤100
200650357207240,I Love My Freedom,I Love My Freedom,≤100
203197030603239,8 Billion Trees,8 Billion Trees LLC,≤100
201248453800242,My Pay My Say,Mackinac Center for Public Policy,≤100
108547455113940,Our America,Our America,≤100
8492293163,Environmental Defense Fund,Environmental Defense Fund,≤100
10128918116,Gavin Newsom,Campaign for Democracy Committee,≤100
570092813023833,Matt Walsh,The Daily Wire,≤100
6204742571,Sierra Club,SIERRA CLUB,≤100
126297030950,Johnson & Johnson,Johnson & Johnson,≤100
11465191261,JPMorgan Chase & Co.,"JPMORGAN CHASE BANK, NA",≤100
248181906078243,National Institute for Civil Discourse,CommonSense American,≤100
2353537341582545,Proud Patriots,Proud Patriots,≤100
495170667357093,Electronic Payments Coalition,ELECTRONIC PAYMENTS COALITION INC,≤100
15771560300,Earthjustice,EARTHJUSTICE,≤100
21492729544,Catholic Relief Services,CATHOLIC RELIEF SERVICES - UNITED STATES CONFERENCE OF CATHOLIC BISHOPS,≤100
153080620724,Donald J. Trump,TRUMP SAVE AMERICA JOINT FUNDRAISING COMMITTEE,≤100
1958912674200535,The Pour Over,Pour Over,≤100
106244251043808,America's Plastic Makers,"AMERICAN CHEMISTRY COUNCIL, INC.",≤100
166618413413767,Jay Sekulow,American Center for Law and Justice,≤100
49651563727,Live Action,Live Action,≤100
18709174006,National Audubon Society,"NATIONAL AUDUBON SOCIETY, INC.",≤100
40217893542,AIPAC,AIPAC,≤100
340153562850578,Tim Tebow,TIM TEBOW FOUNDATION,≤100
101584489634833,Liberty Society,NICKEL LIMITS LLC,≤100
107661474402498,United Patriot,United Patriot,≤100
570953166908066,Vivek Ramaswamy,VIVEK 2024,≤100
925007000949719,ExxonMobil,EXXON MOBIL CORPORATION,≤100
127225910653607,PragerU,PragerU,≤100
580610428636345,Fight for $15,Fight for $15,≤100
7030901126,Campaign for Tobacco-Free Kids,Campaign for Tobacco-Free Kids,≤100
106644838819876,One Great American Solutions,One Great American Solutions,≤100
100992801635617,Conservative-American.org,Conservative American Strategies,≤100
23875187730,Feeding America,Feeding America,≤100
103807629149771,Working Forests Initiative,"WORKING FOREST INITIATIVE, INC.",≤100
263050693742071,Core Power,These ads ran without a disclaimer,≤100
6041057841,The Humane Society of the United States,"HUMANE SOCIETY OF THE UNITED STATES, THE",≤100
70874333603,CatholicVote,catholicvote.org,≤100
342294162453301,Planned Parenthood,Planned Parenthood Federation of America,≤100
203805062990264,Ben Shapiro,The Daily Wire,≤100
9062006483,REI,"RECREATIONAL EQUIPMENT, INC.",≤100
103715861368344,McCormick & Company,MCCORMICK & COMPANY INC,≤100
104394262049761,Jeremy's Razors,The Daily Wire,≤100
304600892905134,Hillsdale College Online Courses,HILLSDALE COLLEGE,≤100
21375324480,The Heritage Foundation,HERITAGE FOUNDATION (THE),≤100
38471053686,Elizabeth Warren,"WARREN FOR SENATE, INC.",≤100
107533860975028,Conservative,CONSERVATIVE LLC,≤100
114008535880,Foundation for Individual Rights and Expression,FOUNDATION FOR INDIVIDUAL RIGHTS IN EDUCATION,≤100
45393753416,Alliance Defending Freedom,Alliance Defending Freedom,≤100
7341997111,Conservation International,Conservation International,≤100
6514736316,Walden University,Walden University,≤100
6024998621,StoryCorps,StoryCorps,≤100
104977525752112,Freedom of Patriots,Freedom of Patriots,≤100
115379705206001,U.S. Department of Homeland Security Blue Campaign,U.S Department of Homeland Security Blue Campaign,≤100
665345483483486,NRA - National Rifle Association of America,NATIONAL RIFLE ASSN OF AMERICA,≤100
190226429055,U.S. Department of Labor,United States Department of Labor,≤100
51405613519,Focus on the Family,Focus on the Family,≤100
13885075114,Action Against Hunger USA,ACTION AGAINST HUNGER - USA,≤100
7192716362,Amnesty International USA,"AMNESTY INTERNATIONAL OF THE U. S. A., INC.",≤100
35169196082,Project HOPE,"PROJECT HOPE-THE PEOPLE-TO-PEOPLE HEALTH FOUNDATION, INC.",≤100
105175422857231,Association of American Railroads,ASSOCIATION OF AMERICAN RAILROADS,≤100
15239367801,The Wilderness Society,"WILDERNESS SOCIETY, THE",≤100
53674651369,SBA Pro-Life America,"SUSAN B. ANTHONY LIST, INC.",≤100
122490537430251,My American Circle,My American Circle,≤100
104107788684988,Tom Klingenstein,TomKlingenstein.com,≤100
2053678114723700,President Trump's Patriot Army,I Love My Freedom,≤100
309308412520731,Sandy Hook Promise,Sandy Hook Promise,≤100
829786213807107,"SC Johnson, A Family Company","S. C. Johnson & Son, Inc.",≤100
905023632893973,Reproaction,Reproaction,≤100
376776419037747,Turning Point USA,"Turning Point USA, Inc.",≤100
80562389320,NARAL Pro-Choice America,NARAL PRO-CHOICE AMERICA CORP,≤100
140357056032320,NEA Today,National Education Association,≤100
702582586516561,CBN Israel,The Christian Broadcasting Network,≤100
96935476345,Democratic Governors Association (DGA),"Democratic Action, democraticgovernors.org, not authorized by any candidate or candidate's committee.",≤100
103695769458,United States Mint,United States Mint,≤100
1780867608827439,H Fisk Johnson,"S. C. Johnson & Son, Inc.",≤100
108397175612671,Republic Guardians,Republic Guardians,≤100
103375628943529,Adam Frisch,Adam for Colorado,≤100
58433611572,Seventh Generation,SEVENTH GENERATION INC,≤100
24413227922,Kamala Harris,BIDEN VICTORY FUND,≤100
5720973755,Defenders of Wildlife,DEFENDERS OF WILDLIFE,≤100
42940254353,Human Rights Watch,"HUMAN RIGHTS WATCH, INC.",≤100
58158120046,ACLJ,American Center for Law and Justice,≤100
110483677935904,Team DeSantis,Ron DeSantis for President,≤100
6316744206,Jon Tester,MONTANANS FOR TESTER,≤100
50822254585,Mountain States Legal Foundation,Mountain States Legal Foundation,≤100
104295601633638,American Cornerstone Institute,American Cornerstone Institute Inc,≤100
148283301869985,Many Hopes,ONE HOME MANY HOPES INC,≤100
20787991568,Senate Democrats,DSCC,≤100
1316372698453411,Alexandria Ocasio-Cortez,Alexandria Ocasio-Cortez for Congress,≤100
86071521216,Second Amendment Foundation,SECOND AMENDMENT FOUNDATION INC,≤100
304600892905134,Hillsdale College Online Courses,Hillsdale College,≤100
681626158940626,Mission Roll Call,Americas Warrior Partnership,≤100
12375354406,USO,United Service Organizations,≤100
7263476274,Mercy Corps,Mercy Corps,≤100
130945114804,World Jewish Congress,ATTN: INC.,≤100
1470540296409810,Fair Fight Action,FAIR FIGHT,≤100
114710126648118,Republican Dogs,Republican Dogs,≤100
1013454855413378,Arena Mail + Digital,Arenawins,≤100
1669941646417657,Senior Choice Financial,Senior Choice Financial,≤100
106315901551850,The U.S. Concealed Carry Association for Saving Lives,U.S. Concealed Carry Association For Saving Lives. Not Authorized By Any Candidate Or Candidate's Committee.,≤100
134452023239984,Human Coalition,Human Coalition,≤100
1435071773455316,Daily Wire,The Daily Wire,≤100
8532248414,Wounded Warrior Project,"WOUNDED WARRIOR PROJECT, INC.",≤100
154561574598964,White Coat Waste Project,THE WHITE COAT WASTE PROJECT INC,≤100
102592959026,Ocean Conservancy,"OCEAN CONSERVANCY, INC.",≤100
104253615152700,America First Legal,America First Legal Foundation,≤100
106583555450073,Bidencare Health Plans,Obamacareplans,≤100
7292655492,MoveOn,MOVEON.ORG POLITICAL ACTION,≤100
8501031021,VoteVets,VOTEVETS,≤100
103001002005081,PublicSq,These ads ran without a disclaimer,≤100
85452072376,NEWSMAX,"NEWSMAX MEDIA, INC.",≤100
159658557547960,Wall Street Journal Opinion,The Wall Street Journal,≤100
69983322463,Ted Cruz,TED CRUZ FOR SENATE,≤100
47710973068,Voices for Cooperative Power,Voices for Cooperative Power,≤100
26898960227,KHOL 89.1 FM,"JACKSON HOLE COMMUNITY RADIO, INCORPORATED",≤100
100403528653081,Punchbowl News,Punchbowl News,≤100
100758682697459,Mayday Health,"Mayday Medicines, Inc.",≤100
6726182861,Mike Pence,Mike Pence for President,≤100
1579920062256328,Custom Content from WSJ,These ads ran without a disclaimer,≤100
107764430968176,Tuttle Twins TV Show,"Tuttle Twins Show, LLC",≤100
375742685850856,Firearms Policy Coalition,"FIREARMS POLICY COALITION, INC.",≤100
240937060405,Center for Science in the Public Interest (CSPI),Center for Science in the Public Interest,≤100
109092142462587,Adam Schiff,SCHIFF FOR SENATE,≤100
278845882737338,Christopher F. Rufo,Christopher F. Rufo,≤100
332028597354723,National Partnership for Women & Families Action Fund,National Partnership for Woman & Families Action Fund,≤100
282728185140429,Rep For Vets,The Rep For Vets,≤100
29717379728,International Justice Mission,International Justice Mission,≤100
11111618026,Union of Concerned Scientists,"UNION OF CONCERNED SCIENTISTS, INC.",≤100
1526736227567131,TrueCoverage,True Coverage,≤100
8934429638,Planned Parenthood Action,Planned Parenthood Action Fund,≤100
38235851310,USA for UNHCR,UNITED STATES ASSOCIATION FOR UNHCR,≤100
2255535767896743,Mark Robinson,Friends of Mark Robinson,≤100
603230363139284,Anthony Bompiani,These ads ran without a disclaimer,≤100
161183970656851,Ruben Gallego,GALLEGO FOR ARIZONA,≤100
101391906600,Live Action News,Live Action,≤100
109320440856128,Stand Up to Jewish Hate,"Foundation to Combat Anti-Semitism, Inc.",≤100
10128918116,Gavin Newsom,Campaign for Democracy PAC,≤100
100346689495660,Pete's Pranks,Petes Pranks,≤100
110594725386545,Tell It Like It Is PAC,Tell It Like It Is PAC,≤100
7735858972,Humane Society Legislative Fund,Humane Society Legislative Fund,≤100
8321461609,MomsRising.org,MomsRising Together,≤100
203805062990264,Ben Shapiro,Daily Wire,≤100
512225042147387,Mothers Out Front,MOTHERS OUT FRONT INC,≤100
108268161352786,Stanley M. Herzog Foundation,Herzog Foundation,≤100
1682876188698809,United for Respect,United for Respect,≤100
72931140459,Center for Biological Diversity,"CENTER FOR BIOLOGICAL DIVERSITY, INC.",≤100
130945114804,World Jewish Congress,WORLD JEWISH CONGRESS AMERICAN SECTION INC,≤100
300992409852,Hoover Institution,Hoover Institution,≤100
105561217523274,The Dispatch,"Dispatch Media, Inc.",≤100
114625730266879,Republican Accountability,Defending Democracy Together,≤100
118385911198439,Trending Politics News,I Love My Freedom,≤100
121268821249550,World Central Kitchen,World Central Kitchen,≤100
1526707030943680,Phoenix Dream Center,City Help Inc of Phoenix dba Phoenix Dream Center,≤100
110442961603215,Yikes Today,Yikes Today,≤100
112600915451330,No Labels,No Labels,≤100
317284821682168,Messianic Jewish Alliance of America (MJAA),Messianic Jewish Alliance of America,≤100
104959612493666,American Heritage,American Heritage,≤100
5644748986,National Wildlife Federation,NATIONAL WILDLIFE FEDERATION,≤100
83290028957,Care Net,CARE NET,≤100
112642477582238,Mericanaf,AAF Nation,≤100
372922692828,SEIU-United Healthcare Workers West,SEIU United Healthcare Workers West Local 2005,≤100
228132537208218,Tammy Duckworth,TAMMY FOR ILLINOIS,≤100
291391109320335,Cooke for Congress,COOKE FOR CONGRESS,≤100
13673457388,Penguin Random House,Penguin Random House LLC,≤100
557051651115624,Stidham Financial Services,Stidham Financial Services,≤100
7191206138,ASPCA,ASPCA,≤100
170756446429578,Othering & Belonging Institute,Othering and Belonging Institute,≤100
104673965019490,Growing Almonds,ALMOND BOARD OF CALIFORNIA,≤100
443329669123990,USAFacts,USAFacts Institute,≤100
1606780826273282,The Committee to Unleash Prosperity,Committee to Unleash Prosperity Inc.,≤100
483732201807233,Safari Club International - SCI,SAFARI CLUB INTERNATIONAL,≤100
297987334762,Jamie Raskin,Jamie Raskin for Congress,≤100
103885799225717,Liberty Protector,Liberty Protector,≤100
149220264647,ADL - Anti-Defamation League,Anti-Defamation League,≤100
1070343826414078,Lead Locally,Lead Locally,≤100
1428755447227803,Defend The Second,Next Level Goods,≤100
19342050934,Leadership Institute,LEADERSHIP INSTITUTE INC,≤100
107454490912636,Jewish Future Pledge,Jewish Future Pledge Inc,≤100
197760674021143,Indivisible Guide,Indivisible Project,≤100
112735922758892,Charlie Kirk,"Turning Point USA, Inc.",≤100
1443127535947107,Save the Children Action Network,Save the Children Action Network,≤100
74572223270,Hill Harper,Hill Harper for Michigan,≤100
294508332028,Lakota People's Law Project,ROMERO INSTITUTE,≤100
6355071377,American Cancer Society Cancer Action Network - ACS CAN,AMERICAN CANCER SOCIETY CANCER ACTION NETWORK INC,≤100
1505244559517282,Colin Allred,COLIN ALLRED FOR SENATE,≤100
6240652407,Young America's Foundation,Young America's Foundation Inc,≤100
7219151423,The Fund for American Studies (TFAS),FUND FOR AMERICAN STUDIES,≤100
103531607822207,Noticias para Inmigrantes,"Wise Rock Media, PBC",≤100
76470053424,TIAA,TEACHERS INSURANCE AND ANNUITY ASSOCIATION OF AMERICA,≤100
101296815544516,Monica Tranel,MONICA TRANEL FOR MONTANA,≤100
197760674021143,Indivisible Guide,INDIVISIBLE ACTION,≤100
60182072999,Lila Rose,Live Action,≤100
17203056985,Partners In Health,Partners In Health,≤100
173896102623920,Old Row,Old Row,≤100
314499212242,Pfizer,Pfizer Inc.,≤100
1163811040367180,Food & Water Action,FOOD & WATER ACTION,≤100
309798029121030,Everytown for Gun Safety,Everytown for Gun Safety Action Fund Inc,≤100
284293125336159,Regulatory Transparency Project,FEDERALIST SOCIETY FOR LAW & PUBLIC POLICY STUDIES,≤100
15041226930,Oxfam,"OXFAM AMERICA, INC.",≤100
107830128834941,Keith Gross,KEITH GROSS FOR FLORIDA,≤100
745304825534862,Steve Scalise,Team Scalise,≤100
1832744013698336,Mahogany Mommies,Mahogany Mommies,≤100
7145381235,American Jewish World Service - AJWS,"AMERICAN JEWISH WORLD SERVICE, INC.",≤100
408250066356,Bill O'Reilly,"Bill Me, Inc.",≤100
147896321153,Muscular Dystrophy Association,Muscular Dystrophy Association,≤100
292351509697,Jerusalem Prayer Team,Jerusalem Prayer Team,≤100
35715544220,Stand.earth,Stand.earth,≤100
93692255431,Bread for the World,"BREAD FOR THE WORLD, INC.",≤100
103565195134756,America First Policy Institute,America First Policy Institute,≤100
1600352356914768,PushBlack,PushBlack,≤100
104491841664875,Country First,"Country First Action, Inc.",≤100
8325302025,Friends of the Earth U.S.,Friends of the Earth,≤100
51379424899,Mercy Ships,MERCY SHIPS INTERNATIONAL,≤100
49699114675,Menage a Trois Wines,These ads ran without a disclaimer,≤100
1593518174052711,Candace Owens,Daily Wire,≤100
131306317680000,Social Goods,"Social Goods, LLC",≤100
170591064699,Southern Poverty Law Center,"SOUTHERN POVERTY LAW CENTER, INC., THE",≤100
408526523045391,Mammoth Nation,Mammoth Nation,≤100
106563958759988,Semafor,Semafor Inc.,≤100
93228695778,Tea Party Patriots,Tea Party Patriots,≤100
2382869555319923,Mondaire Jones,MONDAIRE FOR CONGRESS,≤100
786167111464006,Woodson Center,The Woodson Center,≤100
23790541544,Democrats,DCCC,≤100
172758932738142,PhRMA,PHARMACEUTICAL RESEARCH AND MANUFACTURERS OF AMERICA,≤100
160630887998827,Let Them Live,Let Them Live,≤100
357750373755,National Domestic Workers Alliance,National Domestic Workers Alliance,≤100
6266829799,Sherrod Brown,FRIENDS OF SHERROD BROWN,≤100
141786816970,CLIA - Cruise Lines International Association,Cruise Lines International Association,≤100
278052172260101,ZERO TO THREE,ZERO TO THREE,≤100
6333396177,NewsBusters.org,MEDIA RESEARCH CENTER,≤100
393076844046051,Progressive Caucus,CONGRESSIONAL PROGRESSIVE CAUCUS PAC,≤100
524399207959953,Truth & Liberty Coalition,Truth & Liberty Coalition,≤100
1230571136989811,Top of Mind,Top of Mind,≤100
313723095478950,Daily Citizen,Focus on the Family,≤100
201956993160690,MRCTV,MEDIA RESEARCH CENTER,≤100
103648802451237,Fair Courts America,Fair Courts America,≤100
119183187854195,Asia Wild,Asia Wild,≤100
372577693078008,"Saenz-Garcia Law, PLLC","Saenz-Garcia Law, PLLC",≤100
1575347412785991,cheddar news,Cheddar,≤100
74470852653,Mike Pompeo,Champion American Values PAC,≤100
10498053716,Media Research Center,MEDIA RESEARCH CENTER,≤100
30139072158,CARE,"COOPERATIVE FOR ASSISTANCE AND RELIEF EVERYWHERE, INC. (CARE)",≤100
108970206976,World Vision USA,WORLD VISION INC.,≤100
101564054951838,We The Forest,We The Forest,≤100
355783211719644,Veteran Caregivers of America,"Veteran Caregivers, LLC",≤100
293225127381200,Patriot Depot,The Patriot Depot,≤100
201446296572389,Compassion in World Farming (USA),Compassion in World Farming Inc,≤100
105753898811449,Align Us,Align Us,≤100
129353084077944,Maebe A. Girl,MAEBE A. GIRL FOR CONGRESS,≤100
474227102732389,Turning Point Action,Turning Point Action,≤100
106131675020147,Digital Progress Institute,DIGITAL PROGRESS INSTITUTE,≤100
118303441570966,Homeowner Smart,NATIONAL ASSOCIATION OF REALTORS,≤100
6787988478,Physicians for Human Rights,"PHYSICIANS FOR HUMAN RIGHTS, INC.",≤100
30866133883,Alaska Wilderness League,ALASKA WILDERNESS LEAGUE,≤100
111824001908,Hakeem Jeffries,JEFFRIES FOR CONGRESS,≤100
466164103423147,Thorn,Thorn,≤100
21375324480,The Heritage Foundation,These ads ran without a disclaimer,≤100
124506846628,Agape International Missions,AGAPE INTERNATIONAL MISSIONS,≤100
46093654473,National Republican Congressional Committee,NRCC,≤100
118152441212175,Digital Innovation for America,Digital Innovation for America,≤100
28126338304,Surfrider Foundation,"SURFRIDER FOUNDATION, INC",≤100
407902639235640,JNS.org,Jewish News Syndicate,≤100
717339155320936,Better Solutions for Healthcare,Better Solutions for Healthcare,≤100
103376804451432,Trending Politics,I Love My Freedom,≤100
2245766435469741,Beersy,Beersy LLC,≤100
17911165812,Covenant House International,Covenant House,≤100
343714718985673,Think Wood,Think Wood,≤100
114009933764548,The Patriot Club,RightWingGear.com,≤100
34362997676,United States Holocaust Memorial Museum,UNITED STATES HOLOCAUST MEMORIAL MUSEUM,≤100
61492859575,Americares,"Americares Foundation, Inc.",≤100
100700519593180,"Buck Nasty Media. Sports, culture, politics, and the Nasty Truth","Buck Nasty Media. Sports, culture, politics, and the Nasty Truth",≤100
115379705206001,U.S. Department of Homeland Security Blue Campaign,DHS Blue Campaign,≤100
105521469114882,ListMax,ListMax,≤100
36872302227,Cory Booker,CORY BOOKER FOR SENATE,≤100
226999127329906,New York Immigration Lawyer,Law Office of Alena Shautsova,≤100
18813753280,Human Rights Campaign,"HUMAN RIGHTS CAMPAIGN, INC.",≤100
234142976633158,Wake Up World & Smell the Coffee,WakeUpWorld108,≤100
100684991996307,November Coalition,NOVEMBER COALITION,≤100
91346559231,Democratic Legislative Campaign Committee - DLCC,Democratic Legislative Campaign Committee,≤100
8524198486,Physicians Committee for Responsible Medicine,"PHYSICIANS COMMITTEE FOR RESPONSIBLE MEDICINE, INC.",≤100
6502038524,First Book,FIRST BOOK,≤100
103588388469410,Disparity Trap,Disparity Trap,≤100
1272534336242476,CFR Education,Council on Foreign Relations,≤100
101704558574021,Lucas Kunce,Lucas Kunce for Missouri,≤100
118626774835274,Medicare Made Clear,Medicare Made Clear from United Healthcare,≤100
91480005965,Gallup,These ads ran without a disclaimer,≤100
60261764250,Childhelp,"CHILDHELP, INC.",≤100
251734676525,Kevin Cramer,CRAMER FOR SENATE,≤100
81517275796,UNICEF USA,UNITED STATES FUND FOR UNICEF with Facebook Ad Credits,≤100
113986481630469,Trending Patriots,I Love My Freedom,≤100
1590877284560136,Patti Harris,Bloomberg Philanthropies,≤100
110624565660992,ZOE International,ZOE International,≤100
246323280108,American Medical Association,American Medical Association,≤100
33110852384,Doctors Without Borders/Médecins Sans Frontières (MSF),These ads ran without a disclaimer,≤100
30914589895,The International Fellowship of Christians and Jews,INTERNATIONAL FELLOWSHIP OF CHRISTIANS & JEWS INC,≤100
100500465282483,Breaking Battlegrounds,September Group LLC,≤100
2254455051442790,Patriot Depot,Flag & Cross,≤100
102413723172970,Nick Adams,Nick Adams,≤100
104979848524405,Starts With Us,Lubetzky Family Foundation,≤100
84177291169,"Dairy Farmers of America, Inc.",DAIRY FARMERS OF AMERICA INC,≤100
119938547748319,Navigator Research,Navigator Research,≤100
7357041101,Tammy Baldwin,TAMMY BALDWIN FOR SENATE,≤100
126305280752104,Slavic Gospel Association,SLAVIC GOSPEL ASSOCIATION,≤100
274555141566,Colorado WINS,Colorado WINS,≤100
252814820267,HIAS,HIAS,≤100
219612384781411,Bloomberg Philanthropies,Bloomberg Philanthropies,≤100
100591845925552,EMILY's List Action,Emily's List Action,≤100
100282586084755,"D.D. Black, Author of Pacific Northwest Crime Fiction",These ads ran without a disclaimer,≤100
162678203751209,Gilead Sciences,GILEAD SCIENCES INC,≤100
1624206881186861,Lisa Blunt Rochester,Lisa Blunt Rochester for Senate,≤100
110099228407333,Chevron Advocacy Network,Chevron Advocacy Network,≤100
443056709080055,ReturnToOrder.org,"American Society for the Defense of Tradition, Family and Property",≤100
5435784683,Greenpeace USA,"GREENPEACE, INC.",≤100
105173311888160,Star and Bar,Star and Bar,≤100
205795426669644,Facts and Logic about the Middle East,Facts and Logic About the Middle East,≤100
1470540296409810,Fair Fight Action,FAIR FIGHT ACTION INC,≤100
153278754738777,Climate Reality,The Climate Reality Project,≤100
169597416843751,Stand Up America,Stand Up America,≤100
105157841248307,No Filter Politics,No Filter Politics,≤100
104908071917505,Welcome.us,Welcome.us,≤100
19437978960,Chris Murphy,FRIENDS OF CHRIS MURPHY,≤100
152264148166020,Moms Clean Air Force,Moms Clean Air Force,≤100
103546351703577,Dallas Express,Dallas Express Media,≤100
259351004139042,Ashbrook Center,Ashbrook Center,≤100
243184199040637,Caring Across Generations,Caring Across Generations,≤100
100652668612020,Essential Plastics Coalition,"CENTER FOR CONSUMER FREEDOM, THE",≤100
1654550184799326,RetireSafe,RetireSafe,≤100
111464544881905,America First News,America First News,≤100
9324910069,NRSC,NRSC,≤100
121626482110,Operation Smile,OPERATION SMILE,≤100
142474049098533,Robert Reich,Inequality Media,≤100
100692068471118,Explain America,Apse Media LLC,≤100
700153177010264,Plant Based Products Council,Plant Based Products Council,≤100
6334782252,Oceana,Oceana,≤100
417522508294454,Job Creators Network,Job Creators Network,≤100
82223469060,ACN - Aid to the Church in Need,"AID TO THE CHURCH IN NEED, INC.",≤100
202071006601223,GOOD PARTY,Good Party LLC,≤100
11791104453,NRDC,Natural Resources Defense Council,≤100
151894654697,Save Our States,Save Our States,≤100
128103650601995,The Conservative Caucus,The Conservative Caucus,≤100
109751565516392,Joey Mannarino,American Victory Direct,≤100
164966660351345,Hope Outfitters,Hope Outfitters,≤100
101103254533,SOS International,SOS International,≤100
130268756992804,Yale Climate Connections,Yale Climate Connections,≤100
367292494407,AJC - American Jewish Committee,AMERICAN JEWISH COMMITTEE,≤100
126893748252841,American Firearms Association,American Firearms Coalition,≤100
145973965440671,Carnegie Corporation of New York,CARNEGIE CORPORATION OF NEW YORK,≤100
105250915938055,Patriotic Prints and more.,Patriotic prints Inc,≤100
142432192446984,David Horowitz Freedom Center,David Horowitz Freedom Center,≤100
482100658584410,We Stand For Energy,"EDISON ELECTRIC INSTITUTE, INC.",≤100
271453369908901,FLAG  - Foundation for Liberty and American Greatness,FLAG  - Foundation for Liberty and American Greatness,≤100
180381489134,Chris Christie,"Chris Christie For President, Inc.",≤100
100119981671668,Blue Senate,BLUE SENATE PAC,≤100
107414074990650,Defense of Freedom Institute,"Defense of Freedom Institute for Policy Studies, Inc.",≤100
555787351119974,Coalition to Protect America's Health Care,Coalition to Protect America’s Health Care,≤100
278876378889211,Armenian Museum of America,"ARMENIAN MUSEUM OF AMERICA, INC.",≤100
100277132101163,One Percent for America,"ONE PERCENT FOR AMERICA, INC.",≤100
191399134327652,aramco,These ads ran without a disclaimer,≤100
50513265848,Citizens United,Citizens United,≤100
1459524760968382,Alianţa,ALIANTA INC,≤100
114633944922650,"Sunlyt, LLC","Sunlyt, LLC",≤100
7229514244,Drug Policy Alliance,DRUG POLICY ALLIANCE,≤100
46347342434,EMILYs List,EMILY'S LIST,≤100
546066468753446,Black Health Matters,BLACK HEALTH MATTERS FOUNDATION INC,≤100
2361139837508625,Animal Victory,"One Red Lion, Inc DBA Animal Victory",≤100
487569614682924,CAPP USA,Yellow Line Productions LLC,≤100
220873174076,Animal Equality,ANIMAL EQUALITY,≤100
100484735718366,The Coalition for Carolina,Coalition for Carolina,≤100
108641741851973,Magic Valley Energy,Magic Valley Energy LLC,≤100
1691667177798461,Brut,Brut,≤100
8047221596,Save the Children US,SAVE THE CHILDREN FEDERATION INC.,≤100
9364828262,Citizens Against Government Waste,CITIZENS AGAINST GOVERNMENT WASTE,≤100
103517308361597,TakeCharge,Take Charge Minnesota,≤100
107445151903077,Change The Code,GREENPEACE INC,≤100
349068689306,Tim Scott,Tim Scott for America,≤100
380884168648080,Population Research Institute,POPULATION RESEARCH INSTITUTE,≤100
17414523278,Democracy Now!,DEMOCRACY NOW,≤100
16534314739,Facing History & Ourselves,Facing History & Ourselves,≤100
102961088866702,Sarah Klee Hood for Congress,SARAH KLEE HOOD FOR NY,≤100
19192438096,AAAS - The American Association for the Advancement of Science,American Association for the Advancement of Science,≤100
101099418089760,"Wealthy Woman Lawyer, LLC",These ads ran without a disclaimer,≤100
110316380149,Family Policy Alliance,Family Policy Alliance,≤100
102221165021408,Law Forward,"Law Forward, Inc.",≤100
269348454714,IMB,"INTERNATIONAL MISSION BOARD OF THE SOUTHERN BAPTIST CONVENTION, THE",≤100
5637143257,The Boston Globe,These ads ran without a disclaimer,≤100
123857614319417,Texas Nationalist Movement,Texas Nationalist Movement,≤100
400851746967779,Nicole Malliotakis,NICOLE FOR NEW YORK,≤100
190198574334684,FHE Health,THE FLORIDA HOUSE EXPERIENCE M,≤100
58709265392,Americans United for Separation of Church and State,American's United for Separation of Church and State,≤100
116546288359245,Heritage Action for America,HERITAGE ACTION FOR AMERICA,≤100
567371470277443,The Wilderness Society Action Fund,The Wilderness Society Action Fund,≤100
8550121410,Free Speech America Project,MEDIA RESEARCH CENTER,≤100
300341323465160,The Daily Signal,HERITAGE FOUNDATION (THE),≤100
723394465079640,The Lion,Stanley M. Herzog Charitable Foundation,≤100
108247581851552,Democracy Defense Fund,DEMOCRACY DEFENSE FUND,≤100
7030901126,Campaign for Tobacco-Free Kids,TOBACCO-FREE KIDS ACTION FUND,≤100
498221457664032,DHL U.S.,"DHL EXPRESS (USA), INC.",≤100
102596355656379,Red Wave News Updates,"Freedom From the Press, LLC",≤100
19746387261,Humane Society International,Humane Society International,≤100
101791315693,Destiny Rescue,"Destiny Rescue International, Inc.",≤100
170491079663777,The Sentencing Project,"SENTENCING PROJECT INC, THE",≤100
351310239372,Associated Republicans of Texas,Associated Republicans of Texas,≤100
458142697588014,AARP Public Policy Institute,AARP,≤100
10331123781,Special Olympics,Special Olympics Inc,≤100
143173285763,Tenth Amendment Center,Tenth Amendment Center,≤100
133937690180,Student Conservation Association,Student Conservation Association,≤100
109893362130598,Great American Patriots,I Love My Freedom,≤100
120102651346136,Nevada State Treasurer’s Office,STATE TREASURER NEVADA OFFICE OF,≤100
2602473023098666,Democratic Polling Center,Democratic Governors Association,≤100
125182621527545,Sarah McBride,McBride for Delaware,≤100
138492335404,Scott Walker,FORWARD USA FEDERAL POLITICAL ACTION COMMITTEE,≤100
38897314734,Trust for Public Land,"TRUST FOR PUBLIC LAND, THE",≤100
48994809349,Ms. Foundation for Women,MS FOUNDATION FOR WOMEN INC,≤100
100607179026941,Of Thee I Sing 1776,Of Thee I Sing 1776,≤100
2321993584737314,The Markin Report,The Markin Report,≤100
104859815770730,Simple Health Solutions,Health Enrollment Department LLC,≤100
227594571444676,Building New York's Best,Carpenter Contractor Alliance of Metropolitan New York,≤100
985041388318595,FIDES Insurance LLC,FIDES Insurance LLC,≤100
106909358810669,Stop RCV,Stop RCV,≤100
138290759549138,Hope Clinic,Hope Clinic for Women,≤100
18780321251,American Chemistry,American Chemistry Council,≤100
196014930429730,Empowered by Light,Empowered By Light Foundation,≤100
15503839732,Peter G. Peterson Foundation,Peter G. Peterson Foundation,≤100
936968016365794,The Eric Metaxas Radio Show,Salem Media,≤100
984421991732710,Paycheckology,Paycheckology,≤100
119061657800841,OasisFun,These ads ran without a disclaimer,≤100
109475211795252,Freedom From The Press,"Freedom From the Press, LLC",≤100
43934405787,IPPF,International Planned Parenthood Federation Worldwide Inc,≤100
109118211910879,Mr. 45,Green Straw LLC,≤100
782093245218764,Qasim Rashid,Qasim for Congress,≤100
309798029121030,Everytown for Gun Safety,Everytown for Gun Safety Support Fund Inc,≤100
145034262195374,InSinkErator,InSinkErator_Whirlpool,≤100
102421369434228,Goose's News Daily,Goose's News Daily,≤100
142474049098533,Robert Reich,Inequality Media Civic Action,≤100
6756153498,Mike Bloomberg,Bloomberg Philanthropies,≤100
89336510798,American Friends of the Hebrew University,American Friends of Hebrew University,≤100
152065518140304,Wildlife Conservation Society,Wildlife Conservation Society,≤100
100284648021034,New Tolerance Campaign,New Tolerance Campaign,≤100
103839911900639,Sam Brown,SAM BROWN FOR NEVADA,≤100
945455208962159,For Everyone Collective,For Everyone Collective,≤100
16900111951,National Organization for Women (NOW),NATIONAL ORGANIZATION FOR WOMEN,≤100
49421708941,Americans for Limited Government,AMERICANS FOR LIMITED GOVERNMENT IN,≤100
327853590558653,"Agri-Pulse Communications, Inc.","AGRI-PULSE COMMUNICATIONS, INC.",≤100
100158948453494,Lars for President,LARS MAPSTEAD FOR PRESIDENT,≤100
102047517918,The Commonwealth Fund,The Commonwealth Fund,≤100
152002971521619,Senator Roland Gutierrez,ROLAND GUTIERREZ FOR TEXAS,≤100
181385265351965,Mosaic Magazine,Mosaic Magazine,≤100
1731084720451495,Saprea,The Younique Foundation,≤100
311901101987,"The Seeing Eye, Inc.",SEEING EYE INC,≤100
50982313030,Food & Water Watch,Food & Water Watch,≤100
5647744585,PETA (People for the Ethical Treatment of Animals),"PEOPLE FOR THE ETHICAL TREATMENT OF ANIMALS, INC.",≤100
163302087408673,Stop The Donald,Stop the Donald,≤100
304842759546695,Brooklyn Institute for Social Research,Brooklyn Institute for Social Research,≤100
101581329115492,Freedom Street,"Freedom From the Press, LLC",≤100
11551978516,URGE: Unite for Reproductive & Gender Equity,UNITE FOR REPRODUCTIVE & GENDER EQUITY,≤100
102658529406392,Allen Mashburn for NC Lieutenant Governor,Friends of Allen Mashburn,≤100
102230249080409,Freedom First,"Freedom From the Press, LLC",≤100
513695272011123,The Genesis Prize,GPF NA LLC,≤100
769924816419024,Graham Allen,Graham Allen,≤100
109200595768753,The Christian Left,The Christian Left,≤100
11918108948,African Wildlife Foundation,AFRICAN WILDLIFE FOUNDATION,≤100
181924628560212,Ekō,Ekō,≤100
101040129662003,Tax Sale Overages,These ads ran without a disclaimer,≤100
488740674837681,198 Methods,198 methods,≤100
109391217978402,Bottom Line Concepts,These ads ran without a disclaimer,≤100
104377518078467,More Perfect Union,MORE PERFECT UNION FOUNDATION,≤100
103277109172874,The Original Lou's News,"Freedom From the Press, LLC",≤100
601678723294742,The Bill Walton Show,Resolute Protector Foundation,≤100
109599248636777,Consumer Credit Card Protection Coalition,CONSUMER CREDIT CARD PROTECTION COALITION,≤100
70795936969,Children International,CHILDREN INTERNATIONAL,≤100
113496178208014,Protecting Our Democracy,Protecting Our Democracy,≤100
291102898490822,Conservative Comedy Store,Conservative Comedy Store,≤100
110789241969098,Andy Morales,Andy Morales,≤100
210937299260017,USA Features Media,USA Features Media LLC,≤100
194115677277113,A21,THE A21 CAMPAIGN,≤100
100373975829221,Fòs Feminista Org,Fòs Feminista,≤100
228754857151053,House Majority PAC,HOUSE MAJORITY PAC,≤100
114301413446447,The Climate Initiative,Kennebunkport Climate Initiative,≤100
1605295603062909,Hot Seat for Judges,Hot Seat for Judges,≤100
83865976093,Truthout,TRUTHOUT,≤100
29727753421,New Jersey Education Association,NEW JERSEY EDUCATION ASSOCIATION,≤100
16317479654,Deseret News,Deseret News,≤100
1012679305536045,Elissa Slotkin,Elissa Slotkin for Michigan,≤100
107766235181961,The Nunn Report,The Nunn Report,≤100
240615190244,Young Invincibles,Young Invincibles,≤100
71324717432,National Association of Scholars,NATIONAL ASSOCIATION OF SCHOLARS,≤100
37266625280,Marc Molinaro,MARC FOR US,≤100
106568024842114,Rideshare Assault Support,Citizen Ad Network LLC,≤100
1382441768496365,Pentair,PENTAIR,≤100
261951940219,Goldman Environmental Prize,Goldman Environmental Foundation,≤100
101377889168483,Gumbo Limbo Coastal Stewards,"Gumbo Limbo Coastal Stewards, Inc.",≤100
149960585587560,Kohler Co.,Kohler Company,≤100
142957224352,International Medical Corps,International Medical Corps,≤100
102044622753692,American Potential Podcast,AMERICANS FOR PROSPERITY,≤100
126472371267520,Trump Store,These ads ran without a disclaimer,≤100
104719928295399,Turn Left PAC,TURN LEFT PAC,≤100
12357407443,American Friends Service Committee,AMERICAN FRIENDS SERVICE COMMITTEE,≤100
1438722236161076,County of Los Angeles,County of Los Angeles,≤100
44224524016,American Kidney Fund,"AMERICAN KIDNEY FUND, INC.",≤100
123624513983,The Western Journal,The Western Journal,≤100
193861605858,Buffalo Field Campaign,BUFFALO FIELD CAMPAIGN,≤100
104659801302856,Anna Kaplan for New York,Anna Kaplan for New York,≤100
836826976517252,International Christian Embassy Jerusalem - USA,"International Christian Embassy Jerusalem - USA, Inc.",≤100
105756057589080,The Lincoln Project,THE LINCOLN PROJECT,≤100
1444820465547227,Rank the Vote,Rank the Vote,≤100
65538457518,The Village Square,TO THE VILLAGE SQUARE INC,≤100
341513602902369,CALL TO ACTIVISM,CALL TO ACTIVISM,≤100
101586078357081,Peter Demos,Peter Demos,≤100
289707497717079,PROVEN Men,These ads ran without a disclaimer,≤100
222539451627775,The Graceful Goose,The Graceful Goose,≤100
111133794781350,Casey DeSantis,Ron DeSantis for President,≤100
322589090892,Clean Air Council,CLEAN AIR COUNCILS,≤100
169840807024913,Jobob,The Jobob Show,≤100
645392368909975,carafem,carafem,≤100
1475978805992832,Irvine Community News & Views,Irvine Community News & Views,≤100
104107455066450,H. Russell Cohen,H. Russell Cohen,≤100
103552914774916,Science Moms,Potential Energy Coalition Inc,≤100
122269174199638,USA Journal News,USA Features Media LLC,≤100
55160732111,Cystic Fibrosis Foundation,CYSTIC FIBROSIS FOUNDATION,≤100
220538341415523,The Satanic Temple,The Satanic Temple,≤100
1425435377743310,Conversations with Bill Kristol,FOUNDATION FOR CONSTITUTI,≤100
104092062075803,USA Jolt,"Jolt Media, Inc.",≤100
488270467889488,Blake Miguez,Friends of Blake Miguez,≤100
101374728149342,A Starting Point,A Starting Point LLC,≤100
13867925345,Equality Florida,Equality Florida,≤100
1752689034960996,The Babylon Bee,THE BABYLON BEE LLC,≤100
165674110118949,Clearing out the Clutter,Clearing out the Clutter,≤100
1610834479233860,Fight For Reform,End Citizens United Non-federal,≤100
710460605705480,Dugit Outreach Center,Dugit Messianic Outreach Center,≤100
147368882623027,Black Futures Lab,Black Futures Lab,≤100
143063095713907,Hep,"CDM PUBLISHING, LLC",≤100
22234040933,United Nations Foundation,UNITED NATIONS FOUNDATION INC.,≤100
28483858161,Texas Scorecard,ScorecardMedia,≤100
156496968533805,Explore Beyond,NCTA - The Internet & Television Association,≤100
104396194587918,C3 Solutions,Conservative Coalition for Climate Solutions,≤100
50714237985,The Rutherford Institute,RUTHERFORD INSTITUTE,≤100
740209026065844,Look What SHE Did,LOOK WHAT SHE DID!,≤100
118479622896426,The Veil Removed,The Veil Removed,≤100
1448371308784948,Councilwoman Angie Henderson,Friends of Angie Henderson,≤100
710669049286394,Woo the People,Woo the People,≤100
106967202260421,Rodney Hall for Mississippi House Dist. 20,Hall for Mississippi,≤100
176548369099092,Barbara Lee,Barbara Lee for U.S. Senate,≤100
497949630282962,Retirement Specialty Group,Retirement Specialty Group,≤100
28915909437,American Veterinary Medical Association Congressional Advocacy Network,AMERICAN VETERINARY MEDICAL ASSOCIATION,≤100
105055152148626,Dalio Philanthropies,"Dalio Foundation, Inc.",≤100
174793662656828,Colorado Peak Politics,Peak Politics LLC,≤100
111357897876676,Scotty Moore for Florida,Scotty Moore for Florida,≤100
310925405807,Citizens Climate Lobby,Citizens' Climate Lobby,≤100
192738164073627,A Better Balance,A Better Balance,≤100
168876449866088,The Years Project,THE YEARS PROJECT,≤100
109751565516392,Joey Mannarino,Ad Victoriam,≤100
249247419293008,Braxton Mitchell,Braxton Mitchell,≤100
1095777627285044,C R Wannamaker Law,These ads ran without a disclaimer,≤100
349800859019034,The 19th News,The 19th,≤100
166194476728392,Center Street,"Hachette Book Group, Inc.",≤100
243558889101210,OU Online - Indigenous Peoples Law,These ads ran without a disclaimer,≤100
105350752337593,Citizens Exam,Citizens Exam,≤100
12596759677,RAICES,REFUGEE AND IMMIGRANT CENTER FOR EDUCATION AND LEGAL SERVICES,≤100
190400207672014,American Bankers Association,American Bankers Association,≤100
24470472733,The Trevor Project,The Trevor Project,≤100
499379343409991,Impact Fund,"IMPACT FUND, THE",≤100
393795797388359,FOUR PAWS,FOUR PAWS INTERNATIONAL INC,≤100
114513494875415,America's Freedom Page,USA Features Media LLC,≤100
97466887664,Innocence Project,"INNOCENCE PROJECT, INC., THE",≤100
21090771700,Gun Owners of America,Gun Owners of America,≤100
101350839190816,Macro Conservative,Macro Conservative,≤100
275947565591,"Woods and Woods, LLC, The Veteran's Firm","Woods & Woods, LLC",≤100
287754774569171,Americans for Prosperity-Montana,AMERICANS FOR PROSPERITY,≤100
167710473877631,What We Do in the Shadows FX,These ads ran without a disclaimer,≤100
162244692732,Brennan Center for Justice at NYU Law,"WILLIAM J. BRENNAN CENTER FOR JUSTICE, INC.",≤100
1592810427657647,Barbara Williams,These ads ran without a disclaimer,≤100
303374266418976,AFPM,American Fuel & Petrochemical Manufacturers,≤100
380869615902573,Beth Coger for Washington County,Beth Coger for Washington County,≤100
431019887282794,Tomorrow's World Today,Flying Cork,≤100
107356708329311,Conservative News Stories,"Freedom From the Press, LLC",≤100
8446177150,Chosen People Ministries,CHOSEN PEOPLE MINISTRIES INC,≤100
290548664672,First Liberty Institute,First Liberty Institute,≤100
102356589314098,Political Comms,Political Comms LLC,≤100
112071038480355,Real News Now,Real News Now,≤100
104981939210693,Clayton Keirns,I Love My Freedom,≤100
104657602040321,Truth Media,Truth Media,≤100
106705056029405,Renee Pawlish - Author,These ads ran without a disclaimer,≤100
58043814556,Oklahoma City Memorial Marathon,Oklahoma City Memorial Marathon,≤100
354329797956187,The Catholic Association,"The Catholic Association, Inc",≤100
5970146660,Community Change,Center for Community Change Action,≤100
84112077638,Greater Good Charities,GREATERGOOD.ORG,≤100
103792215945362,Pride and Freedom,Pride and Freedom,≤100
150066488433456,Solano Law Firm,SOLANO LAW FIRM LLC,≤100
34362997676,United States Holocaust Memorial Museum,These ads ran without a disclaimer,≤100
101810652152706,Ship It Zero,PACIFIC ENVIRONMENT AND RESOURCES CENTER,≤100
999556810102061,Signature Seas,Signature Seas,≤100
981721108683953,Chris Runion,Chris Runion for Delegate,≤100
191195674423572,Great Plains Tribal Leaders Health Board,GREAT PLAINS TRIBAL CHAIRMEN'S HEALTH BOARD,≤100
111523481847922,Elect Daniel Cross for Rankin County Chancery Clerk,Elect Daniel Cross for Rankin County Chancery Clerk,≤100
461530314600399,Common Sense American Politics,Common Sense American Politics,≤100
162069790604,AARP Arizona,AARP,≤100
392683144674817,Patriot Politics USA,Trending Views,≤100
109352563640,Water.org,WATER.ORG INC.,≤100
116884823952,Vulnerable People Project,HERO Inc.,≤100
10524033745,Remote Area Medical - RAM,REMOTE AREA MEDICAL,≤100
153678684700451,American Investment Council,AMERICAN INVESTMENT COUNCIL,≤100
111725181971454,Patriotic Nick,The Raging Patriot,≤100
72092591211,FBI – Federal Bureau of Investigation,Federal Bureau of Investigation,≤100
217187838327836,The Story Exchange,The Story Exchange Foundation,≤100
27311599342,Preemptive Love,Preemptive Love Coalition,≤100
427084097477881,AHIP,America's Health Insurance Plans,≤100
266003946905686,Salmon Beyond Borders,SalmonState,≤100
113731336694,Goldwater Institute,"GOLDWATER INSTITUTE ,THE",≤100
416913748508616,We Welcome,We Welcome,≤100
209516845093,NRDC Action Fund,NRDC Action Fund,≤100
223008867858902,American Action News,American Action News,≤100
238473269650980,Capital & Main,CAPITAL & MAIN,≤100
296680801734,Dr. James Dobson's Family Talk,Dr. James Dobson's Family Talk,≤100
104483742449646,CenterClip,"CenterClip, Inc.",≤100
570887403331902,Indigenous Peoples Movement,Indigenous Peoples Movement,≤100
102286035642350,Patriots for USA,USA Features Media LLC,≤100
105169114225957,Coalition for Responsible Exit,Coalition for Responsible Exit,≤100
188680044515338,South Dakota Governor's Office of Economic Development,South Dakota Governor's Office of Economic Development,≤100
278105649059338,The AEGIS Alliance,The AEGIS Alliance,≤100
110480728196620,Small Business Digital Alliance,Small Business Digital Alliance,≤100
1420200111329836,Alan C. Moore,Alan C. Moore,≤100
1573514862764092,Speech First,Speech First,≤100
106609109378861,H2O Hero,Monroe County Department of Environmental Services,≤100
107645227592678,To Which We Belong,Mystic Artists,≤100
254943996005,Catholic Answers,"CATHOLIC ANSWERS, INC.",≤100
1553978148244954,Build With Strength,Build With Strength,≤100
109284291894484,American News Stories,"Freedom From the Press, LLC",≤100
8145161702,Lambda Legal,LAMBDA LEGAL DEFENSE & EDUCATION FUND INC,≤100
45901308455,MAP International,MAP INTERNATIONAL (INC.),≤100
837305209648863,Rambling Ronnie,Rambling Ronnie,≤100
341163402640457,NowThis,These ads ran without a disclaimer,≤100
103166235341455,Jamie Marie Pope,Jamie Pope Campaign,≤100
117592091643709,Tree of Life Ministries｜Evangelism in Israel,Tree of Life Ministries,≤100
103546998788103,Waiting for Greg,These ads ran without a disclaimer,≤100
116427711494593,American Fury,The Raging Patriot,≤100
96491683438,"The Friends of Israel Gospel Ministry, Inc.","FRIENDS OF ISRAEL GOSPEL MINISTRY, INC, THE",≤100
111424138429025,The Clean Energy Life,REWIRE GROUP LLC,≤100
1021724717913869,Bantam Communications,Bantam Communications,≤100
97624620788,American Friends of Magen David Adom,AMERICAN FRIENDS OF MAGEN DAVID ADOM,≤100
122654655280238,i360,i360,≤100
111131133551811,The Locke Society,Locke Society Inc,≤100
403737406341879,National Women's Health Network,NATIONAL WOMENS HEALTH NETWORK,≤100
407848989230502,The Rational Middle,"Rational Middle Media Group, LLC",≤100
462669013928631,Jacky Rosen for Nevada,ROSEN FOR NEVADA,≤100
85179583121,San Diego Police Officers Association,SAN DIEGO POLICE OFFICERS ASSOCIATION INC,≤100
107283865722247,Bill Roedy for Miami Beach Mayor,WILLIAM HARVEY ROEDY JR CAMPAIGN,≤100
183178002499514,Niamh M Middleton,Niamh M Middleton,≤100
103047259150209,What I Want to Know with Kevin P. Chavous,"Stride, Inc.",≤100
223608490170,The Ruth Institute,The Ruth Institute,≤100
6445219629,Omaha World-Herald,Omaha World-Herald,≤100
200676905671,"Air Line Pilots Association, Int’l",Air Line Pilots Association,≤100
348521388580843,Talks On Law,Talks On Law,≤100
1707505176197284,FREOPP,THE FOUNDATION FOR RESEARCH ON EQUAL OPPORTUNITY,≤100
338218229911752,Integrity First PAC,INTEGRITY FIRST PAC,≤100
657708380952174,Voices of the Civil Rights Movement,Comcast,≤100
381578445243960,Kristan Hawkins,"STUDENTS FOR LIFE OF AMERICA, INC.",≤100
36085812354,Rainforest Foundation US,"Rainforest Foundation, Inc.",≤100
101400032438085,The A-Mark Foundation,A MARK FOUNDATION,≤100
110700067011185,No Dem Left Behind PAC,NO DEM LEFT BEHIND PAC,≤100
106959920878115,The Well Done Foundation,"WELL DONE FOUNDATION, INC.",≤100
106834545428519,Matt Wiltshire for Mayor,Matt for Mayor,≤100
38234604057,PEN America,PEN AMERICAN CENTER INC,≤100
30914589895,The International Fellowship of Christians and Jews,"INTERNATIONAL FELLOWSHIP OF CHRISTIANS & JEWS, INC.",≤100
105447238507993,Grow Local NY,Good Growth Alliance,≤100
108303585885118,Planned Parenthood Advocates of Iowa,Planned Parenthood Advocates of Iowa,≤100
682955925122567,Trending Views,Trending Views,≤100
142932506806,Texas Alliance for Life,"Texas Alliance for Life, Inc.",≤100
346612865750115,Korea Defense Veterans Association,Korea Defense Veterans Association,≤100
98537277694,Catholics for Choice,CATHOLICS FOR CHOICE,≤100
793308154072008,The Market Institute,These ads ran without a disclaimer,≤100
112912573793125,Rise Up for Justice,Rise Up for Justice,≤100
5878048748,GlobalGiving,"GLOBALGIVING FOUNDATION, INC.",≤100
104329844668,American Bar Association,American Bar Association,≤100
312870062895448,StateThugs,StateThugs.com,≤100
7656215652,Tim Kaine,Tim Kaine,≤100
14660729657,The Christian Science Monitor,These ads ran without a disclaimer,≤100
1534290989956166,Philanthropy Roundtable,"PHILANTHROPY ROUNDTABLE, THE",≤100
38459747036,World Relief,World Relief,≤100
147126507164,ACTwireless,ACTwireless,≤100
117214891638398,Street Grace,Street Grace Inc,≤100
110243455070232,John T. Williams,John T. Williams,≤100
339432396135584,The Exodus Road,The Exodus Road,≤100
25480500554,BRAC,"BRAC USA, Inc.",≤100
248489425206081,Alex Stovall for Congress,ALEX FOR CONGRESS,≤100
1116377255172784,Concerned Veterans for America Foundation,Concerned Veterans for America Foundation,≤100
168109446538119,St. Martin's Press,Macmillan Publishing,≤100
104605160959720,Leda Health,Leda Health Corporation,≤100
428821014132730,Katie Porter,KATIE PORTER FOR SENATE,≤100
108024335231493,Tower Climbers Union/CWA,"COMMUNICATIONS WORKERS OF AMERICA, AFL-CIO, CLC",≤100
186977768011413,Ironworkers Rising,"International Association of Bridge, Structural, Ornamental, and Reinforcing Iron Workers",≤100
154670481249867,PowerSwitch Action,PowerSwitch Action,≤100
674093346356017,Jen Kiggans for Congress,KIGGANS FOR CONGRESS,≤100
133764907211570,Concerned Citizen,Concerned Citizen,≤100
111904024679959,Bold Majority,BOLD MAJORITY PAC,≤100
7606381190,Amy Klobuchar,KLOBUCHAR FOR MINNESOTA,≤100
2220049454938703,Macomb County Clerk-Register of Deeds,MACOMB COUNTY CLERKS OFFICE,≤100
114047852114541,Jerry James Stone,3XFIVE MEDIA LLC,≤100
81755908577,Kids in Need of Defense (KIND),"KIND, Inc.",≤100
170126260000702,Western Journal US News,The Western Journal,≤100
111018434842258,Vaughn2024,EMORY VAUGHN FOR PRESIDENT 2024,≤100
830162603716633,Andy Beshear,Andy Beshear for Governor,≤100
1652735661427924,Compass Tax Educators,These ads ran without a disclaimer,≤100
43426724597,Paper Culture,Paper Culture LLC,≤100
114665075250432,The Zalkin Law Firm,"The Zalkin Law Firm, P.C.",≤100
567101470157212,Obama Foundation,The Barack Obama Foundation,≤100
67945990059,The American Petroleum Institute,The American Petroleum Institute,≤100
349528025129958,"Brevard County Sheriff's Office, Florida (Official)","Brevard County Sheriff's Office, Florida (Official)",≤100
90209763480,The Federalist Society,The Federalist Society,≤100
404794256289847,Americans for Prosperity - West Virginia,AMERICANS FOR PROSPERITY,≤100
378084314984,Trane Technologies,Trane Technologies,≤100
2249712738598807,Preserve Burnet Woods,These ads ran without a disclaimer,≤100
424443217623488,Clarion Project,"CLARION PROJECT, INC.",≤100
106793912227344,mayornickerson,These ads ran without a disclaimer,≤100
110010433804232,Standing For Freedom Center,Standing for Freedom Center,≤100
258062237693141,Rural & Agriculture Council of America,Rural & Agriculture Council of America,≤100
117956368577,Charlie Geren,Charlie Geren Campaign,≤100
507070522767934,AACR Foundation,"AMERICAN ASSOCIATION FOR CANCER RESEARCH, INC.",≤100
116849054763478,Amazing Books By Manzeel Ahmed,Amazing Books By Manzeel Ahmed,≤100
1546952572205770,UAE USA United,The Embassy of the United Arab Emirates,≤100
19992349706,Taxpayers for Common Sense,TAXPAYERS FOR COMMON SENSE,≤100
497719423723034,Planned Parenthood California Central Coast,Planned Parenthood California Central Coast,≤100
109194908627105,The Highland Park Gun Violence Project,Highland Park Gun Violence Project,≤100
249467225254927,The Love > hate Project,LOVE GREATER THAN HATE PROJECT,≤100
74783093812,Just Vision,JUST VISION INC,≤100
101379158990057,United Council on Welfare Fraud,United Council on Welfare Fraud,≤100
407767916003589,U.S. Representative John Carter,Office of U.S. Representative John Carter,≤100
100801306407655,HSNshop-UG,These ads ran without a disclaimer,≤100
110094158160834,The American Tribune,"Freedom From the Press, LLC",≤100
59877921429,Lutheran Immigration and Refugee Service,"LUTHERAN IMMIGRATION AND REFUGEE SERVICE, INC.",≤100
117467034644542,1709_studios,These ads ran without a disclaimer,≤100
105239511089757,Inmigrantes al Día,Inmigrantes al Dia,≤100
114975361591494,Biota Soil Health,These ads ran without a disclaimer,≤100
120778038066631,EveryLibrary,EveryLibrary,≤100
2041048129469900,"Otsuka America Pharmaceutical, Inc.",These ads ran without a disclaimer,≤100
234744096655497,Alliance For Early Success,Alliance for Early Success,≤100
157521957980788,Reimagining the Civic Commons,Reimagining the Civic Commons,≤100
109366181861530,President Trump is My Wingman,"Freedom From the Press, LLC",≤100
238711349624826,The Wetherall Company Public Service Advertising,The Wetherall Company LLC,≤100
101656855710163,News From The States,States Newsroom,≤100
259212814698356,Democratic Majority for Israel,Democratic Majority for Israel,≤100
230053303681902,Americans for Prosperity Arizona,AMERICANS FOR PROSPERITY,≤100
104974859211873,Andres Asion for Miami Beach City Commission,"Andres Asion for Miami Beach Commissioner, Group 4, Non-Partisan",≤100
104681138248125,Tiny Revival Clothing Co.,Tiny Revival Clothing Co.,≤100
116343328143380,Barely Legal Clothing,These ads ran without a disclaimer,≤100
107308698272177,Gas Leaks Action,Gas Leaks Action,≤100
45013872425,The Ripon Society,RIPON SOCIETY,≤100
163662804426854,Life Advancement Group,Life Advancement Group,≤100
1570082353262795,YIMBY Action,YIMBY ACTION,≤100
388076585284592,SalmonState,SalmonState,≤100
97279934919,bp America,BP CORPORATION NORTH AMERICA INC.,≤100
341163402640457,NowThis,"VOX MEDIA, INC.",≤100
82076817158,Iowa GOP,REPUBLICAN PARTY OF IOWA,≤100
1215009278515650,"Funding Democracy, the economics of freedom",These ads ran without a disclaimer,≤100
239658882763974,Poverty USA by CCHD,UNITED STATES CONFERENCE OF CATHOLIC BISHOPS,≤100
103701861901314,Get Healthy Plan,These ads ran without a disclaimer,≤100
6919565207,Islamic Relief USA,These ads ran without a disclaimer,≤100
109748660821862,The Los Angeles Alliance For Human Rights,LA Alliance for Human Rights,≤100
126211280741703,Midwest Values PAC,Midwest Values PAC,≤100
116056898085779,American Exceptionalism PAC,AMERICAN EXCEPTIONALISM PAC,≤100
114131299168,Idaho Freedom Foundation,Idaho Freedom Foundation,≤100
102412161901535,Mike France for CT2,MIKE FRANCE CT2,≤100
105597015932356,Rabid Entertainment LLC,These ads ran without a disclaimer,≤100
384006901653736,The Moore Charitable Foundation,Moore Charitable Foundation,≤100
293526774748897,Parlatore Law Group,PARLATORE LAW GROUP LLP,≤100
117196981332058,Let's Get Loud,Let's Get Loud,≤100
512954815727434,Jake Ellzey,JAKE ELLZEY FOR CONGRESS,≤100
1448985902033866,Trans Lifeline,Trans Lifeline,≤100
309931049030916,Break The Silence Against Domestic Violence,"BREAK THE SILENCE AGAINST DOMESTIC VIOLENCE, INC",≤100
711909245654048,National Police Support Fund,National Police Support Fund,≤100
141395226689,New York State Nurses Association,"NEW YORK STATE NURSES ASSOCIATION, THE",≤100
401240226922554,VoLo Foundation,VoLo Foundation,≤100
1663301430650007,Michael Kimelman,"Dekryption, LLC",≤100
104521238896557,June Marie Paintings,June-Marie Paintings,≤100
110577068679152,Haus Cordray for DeSoto Parish Assessor,Haus Cordray for DeSoto Assessor,≤100
182620315479,Plan International USA,Plan International USA,≤100
176844549113600,DrTung's,These ads ran without a disclaimer,≤100
144566145587559,Elect Todd Hunter,Todd Hunter Campaign,≤100
59543893235,National Constitution Center,National Constitution Center,≤100
107485788834971,The Rose Petal Project,The Rose Petal Project,≤100
1226854550711523,Get Biofuel,Get Biofuel,≤100
130848666099,Business Forward,Business Forward Inc.,≤100
582233015790610,D'Angelo Wallace,These ads ran without a disclaimer,≤100
103160425988307,Vanie Kay,These ads ran without a disclaimer,≤100
102794658754102,Daily Freedom,Trending Views,≤100
108108121456950,Blue States PAC,BLUE STATES PAC,≤100
147523538641547,Capitol Ministries,CAPITOL MINISTRIES,≤100
504118316658151,SilencedOrganic,SilencedOrganic.com,≤100
110052089025541,"Tim Clue, Speaker and Comedian",Tim Clue,≤100
129278807814364,Women of Welcome,Women of Welcome,≤100
123755994361809,Alliance San Diego,Equality Alliance of San Diego County,≤100
188441263945,Laboratory to Combat Human Trafficking,LCHT,≤100
105599502191866,Florida Jolt,"Jolt Media, Inc.",≤100
21218780346,Foreign Policy,FOREIGN POLICY,≤100
747783932079184,Jared Golden for Congress,COMMITTEE TO ELECT JARED GOLDEN,≤100
109910955394246,JC Trujillo for Mayor,JC for Socorro Mayor,≤100
111365084107318,The Founders USA,These ads ran without a disclaimer,≤100
425399447824959,The Templeton Prize,These ads ran without a disclaimer,≤100
37461287798,Jesuit Refugee Service/USA,JESUIT REFUGEE SERVICE INC,≤100
258848839880,Horizon Blue Cross Blue Shield of New Jersey,HORIZON HEALTHCARE SERVICES INC,≤100
124115965454,Cornerstone Action,Cornerstone Action,≤100
116736114679779,First Freedoms Foundation,FIRST FREEDOMS FOUNDATION PAC,≤100
30079936984,CWS,"CHURCH WORLD SERVICE, INC.",≤100
100598365299578,Congressman August Pfluger,Official funds authorized by the House of Representatives,≤100
103966991229588,Frank Bojazi,Trending Views,≤100
20603236087,Love146,"LOVE146, INC.",≤100
100258221780689,Smartgirlsearch,fourmangos inc,≤100
1338822066131069,Women's March,Women's March,≤100
125937197447634,ACTA - American Council of Trustees and Alumni,AMERICAN COUNCIL OF TRUSTEES AND ALUMNI,≤100
21898300328,BuzzFeed,BuzzFeed,≤100
104006944272732,Honest Arizona,Advancing AZ,≤100
14084625156,Susan G. Komen,Susan G. Komen,≤100
1560105467624797,Generation180,Generation180,≤100
153966377987310,Disability Rights Florida,"DISABILITY RIGHTS FLORIDA, INC.",≤100
376250065793807,Citizens for Responsible Energy Solutions,CITIZENS FOR RESPONSIBLE ENERGY SOLUTIONS INC,≤100
250392878345035,The Focused Pastor,Focus on the Family,≤100
290851614930809,Combat AntiSemitism,Combat Hate Foundation,≤100
28446275521,Military Officers Association of America (MOAA),Military Officers Association of America,≤100
2080509938917749,New Jersey Composting Council,New Jersey Composting Council,≤100
1224106861035505,Resistbot,Resistbot Action Fund,≤100
102392018062460,Delegate A.C. Cordoza,FRIENDS OF AC CORDOZA,≤100
35677414105,National Kidney Foundation,NATIONAL KIDNEY FOUNDATION INC,≤100
110646744846122,The Public Square,The Public Square,≤100
103128974521953,Michael Feggans for Delegate,Michael Feggans for Virginia,≤100
100495736439378,Represent Red,Represent Red,≤100
14038292386,Women for Women International,WOMEN FOR WOMEN INTERNATIONAL,≤100
613924535450605,Daniel L. Hatcher,Daniel L. Hatcher,≤100
140155342671005,Sempervirens Fund,SEMPERVIRENS FUND,≤100
108186238426486,The Dissident,These ads ran without a disclaimer,≤100
164771506031,Claremont Institute,"CLAREMONT INSTITUTE FOR THE STUDY OF STATESMANSHIP AND POLITICAL  PHILOSPHY, THE",≤100
90705538313,Sheet Metal Air Rail and Transportation Workers,INTERNATIONAL ASSOCIATION OF SHEET METAL AIR RAIL & TRANSPORTATION W,≤100
311536622860495,SoCal Daily Pulse,SoCal Daily Pulse,≤100
117165741681229,International Crane Foundation,"INTERNATIONAL CRANE FOUNDATION, INC.",≤100
125845052150716,Monica De La Cruz,Monica For Congress,≤100
107350962049617,Count on Mothers,Mothers Count LLC,≤100
1804156426550062,Tim Kennedy for Senate,KENNEDY FOR SENATE,≤100
103019409737549,Empower Missouri,Empower Missouri,≤100
182574111780105,California Bicycle Coalition,California Bicycle Coalition,≤100
100835485114786,JERtography,These ads ran without a disclaimer,≤100
10606591490,TIME,TIME USA LLC,≤100
293587294678559,Bienvenido,"Bienvenido, USA",≤100
92729316952,Covanta,Covanta,≤100
14893370225,Sustainable Harvest International,SUSTAINABLE HARVEST INTERNATIONAL,≤100
225902781414,William Gheen President of Americans for Legal Immigration,AMERICANS FOR LEGAL IMMIGRATION PAC,≤100
114738394972697,Abogado Angeles,These ads ran without a disclaimer,≤100
110981884065996,AbortionFinder,Power to Decide,≤100
344175515603105,Southern Company,These ads ran without a disclaimer,≤100
773432316041673,Calvary South Austin,Calvary South Austin,≤100
149033459295,Brandon Whipple,"Whipple for Mayor, Chelsea Whipple, Treasurer",≤100
473533742804824,Hoke County Democratic Party,Hoke County Democratic Party,≤100
174971709316,Cigna Healthcare,These ads ran without a disclaimer,≤100
480278498670815,Danimer Scientific,Danimer Scientific,≤100
109330805754158,AARP MN,AARP,≤100
203420943084617,Damnthedemocrats,Damnthedemocrats,≤100
27544763621,Prison Fellowship,Prison Fellowship,≤100
110624247393153,Republican Ads,"Republican Ads, LLC",≤100
344908345545000,San Diegans Against Crime,"San Diegans Against Crime, Sponsored by the San Diego County Deputy District Attorneys Association",≤100
2284617991631827,Today Liberia TV,Today Liberia TV,≤100
282632248801387,Andrea Jenkins for Ward 8,Andrea For Ward 8,≤100
102982659268640,Heart & Health,Partner for Heart & Health,≤100
216311481960,Bill Gates,These ads ran without a disclaimer,≤100
116943805583378,The Republican Standard,The Republican Standard,≤100
1492209061034879,Freddie O'Connell for Mayor,Ready for Freddie Committee,≤100
391534278132565,Scott Walker - Jefferson Parish Councilman At-Large,Scott Walker Campaign,≤100
200666266624469,Rep. Frank Burns,Rep. Frank Burns,≤100
215479992305641,Becoming Young,Becoming Young,≤100
1869687273277265,Run for Something,Run For Something PAC,≤100
114080905042873,For the Majority,For the Majority,≤100
115262456592822,Christians Engaged,Christians Engaged,≤100
659878157406228,America's Warrior Partnership,America's Warrior Partnership,≤100
1599237673639735,Change Media Group,Change Media Group,≤100
1404428026545715,Author Matt Eaton,These ads ran without a disclaimer,≤100
105533995125381,ORTLIEB Outdoor Equipment,These ads ran without a disclaimer,≤100
107665431192107,My Homegrown Symphony,These ads ran without a disclaimer,≤100
101760022372875,omerfarukalpdogan,These ads ran without a disclaimer,≤100