﻿Page ID,Page name,Disclaimer,Amount spent (HUF)
224274995688487,Bohár Dániel - Riporter,Megafon,20186
294998357524107,Deák Dániel,Megafon,20063
776079922494181,Apáti Bence hivatalos oldala,Megafon,17305
109637397268775,Nyugati Pályán,Splendidea Communications Kft,8613
128596180810227,Stefi Déri,Megafon,8122
103946674951254,Kötter Tamás,Megafon,7237
503614639975773,Trombitás Kristóf,Megafon,4783
169599166463839,Demokratikus Koalíció,Demokratikus Koalíció,4663
1880809845328535,Dobrev Klára,Demokratikus Koalíció,4229
543788999005363,ORIGO,Mediaworks Hungary Zrt.,4177
178362315106,European Parliament,European Parliament,3745
100854821274719,Sajgó György - Momentum,Momentum Mozgalom,3491
2309737912651039,Péterffy Attila,Péterffy Attila,2847
191461774219575,hirado.hu,hirado.hu,2282
100299381703981,Ps TV,PestiSrácok.hu,1890
44847086574,Amnesty International Magyarország,Amnesty International Magyarország,1692
102641477991941,bahir.hu - BAHÍR,Zöld Baranya Egyesület,1460
298090296092,Orbán Viktor,Fidesz,1390
109503892404998,Világgazdaság,Mediaworks Hungary Zrt.,1383
160935777365,bama.hu - a baranya megyei hírportál,bama.hu - a baranya megyei hírportál,1362
108346693873484,Győrffy Balázs,Balazs Gyorffy,1178
447204268797621,RTL.hu,RTL.HU,1084
592204747588011,Momentum Mozgalom,Momentum Mozgalom,930
153992771336740,Origo Sport,Mediaworks Hungary Zrt.,880
326635018181862,Magyar Nemzet,Mediaworks Hungary Zrt.,827
1087491177963859,EU vs Disinformation,These ads ran without a disclaimer,819
35634348348,Greenpeace Magyarország,Greenpeace Magyarország,776
331580946799,Borsonline - Bors Szórakoztató Napilap,Borsonline - Bors Szórakoztató Napilap,727
734217673259088,Ujhelyi István dr.,Ujhelyi István EP-képviselő,653
76748198685,Budapest Pride,Budapest Pride,650
131283758531,HVG,HVG Kiadó ZRt.,606
289633770813,UNICEF Magyarország,UNICEF Magyar Bizottság Alapítvány,511
196523737056247,NESCAFÉ,Nestlé Hungária Kft.,502
1534911313439123,Ripost,Ripost,445
788960034452071,Potápi Árpád János,Potápi Árpád János,445
614294538753164,Dunántúli Regionális Vízmű Zrt. hivatalos oldala,Dunántúli Regionális Vízmű Zrt.,435
147547541961576,Council of the European Union,Council of the European Union,410
143151351544,Színházi Olimpia 2023 / Theatre Olympics 2023,Szinházi Olimpia Nonprofit Kft.,399
248172631940,Mandiner,Mediaworks Hungary Zrt.,388
106280224056208,Gelencsér Ferenc,Momentum Mozgalom,385
1239893846155692,Tompos Márton,Momentum Mozgalom,353
191946490841225,Dúró Dóra,Mi Hazánk Mozgalom,333
115230488549915,Political Capital (HU),Political Capital (HU),327
100905288315705,Jelen hetilap,Liberty Press Kft.,305
851784814892644,Simicskó István,KDNP frakció,300
237088069704442,Kósa Ádám,"Adam Kosa, Member of the European Parliament",298
1652741928333536,KPSVR,KPSVR Media,272
183723231644096,Szita Károly,Szita Károly,258
103478164920832,Rubicon Intézet,Rubicon Intézet,252
303640261940,Nemzeti Sport Online,Mediaworks Hungary Zrt.,251
126539424061030,Háttér Társaság,Háttér Társaság,247
108248022589754,Bosch Magyarország,Bosch Magyarország,246
1461534750733248,Schmuck Erzsébet,LMP - Lehet Más a Politika,244
113375923695023,Fidesz Budapest,Fidesz Budapest,228
264517713636590,PestiSracok.hu,PestiSrácok.hu,221
152408681635243,Hírklikk.hu,Hírklikk.hu,215
102186064905787,Zöld Követ Egyesület,Zöld Követ Egyesület,172
85568463466,Mérce,Mérce,170
92932085233,TASZ,TASZ,161
109414841321682,Magyar Falu Program,Magyar Falu Program,154
1869511526651884,Zsigmond Barna Pál,Fidesz,153
206829842043,Rétvári Bence,Rétvári Bence,150
109844717848217,Klímapolitikai Intézet,Klímapolitikai Intézet,148
451844608304228,Metropol,Metropol,147
196431174341272,József Felföldi,József Felföldi,147
161746613987047,Állampolgári Bizottság az Emberi Jogokért,Állampolgári Bizottság az Emberi Jogokért,144
503614639975773,Trombitás Kristóf,Trombitás Kristóf Keresztély,136
101028767982783,Ne dolgozz ingyen,PDSZ - Pedagógusok Demokratikus Szakszervezete,133
100452852734271,Startlap - Vásárlás tippek,Central Médiacsoport Zrt.,129
122553474422895,Vodafone Magyarország Alapítvány,Vodafone Magyarország Alapítvány,128
408924035951553,Körforrás,Körforrás,126
345496092135627,Hír TV,Mediaworks Hungary Zrt.,124
1408906262689093,Nyitrai Zsolt,Fidesz,123
876772425797119,Hölvényi György,Hölvényi György,116
519279158277826,Szülői Hang,Szülői Hang,116
109565208474856,Startlap - Utazás tippek,Central Médiacsoport Zrt.,116
102426795954406,Nobilis Márton,Nobilis Márton,108
1215492498464496,Angyal Károly,Angyal Károly Tibor,≤100
162344823835042,atlatszo.hu,atlatszo.hu,≤100
101645666099188,Dr. Besenyi Orsolya  - Jászberény polgármesterjelöltje,Dr. Besenyi Orsolya,≤100
132565735893,Policy Solutions,Dr. Bíró-Nagy András,≤100
109983377136210,Polgári Magyarországért Alapítvány,Polgári Magyarországért Alapítvány,≤100
104594918109266,Magyarország Ügyészsége,Magyarország Ügyészsége,≤100
108903048413219,A hajdú hagyományok nyomában,Hajdú-Bihar Megyei Önkormányzat,≤100
120800934626447,United Way Hungary,These ads ran without a disclaimer,≤100
344967909393503,Nagy Bálint,Fidesz,≤100
454741134617936,MKKP - Fejér megye,Magyar Kétfarkú Kutya Párt,≤100
320701218553533,Alternatíva Párt,Alternatíva párt,≤100
103214802353320,Magyar Szürkék Útja - Oxenweg,Hajdú-Bihar Megyei Önkormányzat,≤100
270300439972751,Szemlélek,Szemlélek Alapítvány,≤100
264210363649459,Élő Norbert,Élő Norbert,≤100
709981032447599,TündérPakk Közhasznú Alapítvány,Tündérpakk Közhasznú Alapítvány,≤100
164978926850719,Kommentár folyóirat,Kommentár folyóirat,≤100
735736549957756,G7.hu,These ads ran without a disclaimer,≤100
150836998898897,aHang,aHang,≤100
221761091331222,Danube Institute,Danube Institute,≤100
18562323874,Élet és Irodalom,Székely János,≤100
202099276507678,24.hu,24.hu,≤100
107123677458699,Külpologika,Tamás Novák,≤100
290353684405462,Mindenszo.hu,Mindenszo.hu,≤100
104120465115094,Schaller-Baross Ernő,Schaller-Baross Ernő,≤100
114276653701462,42 don't panic,Janos Istvan Varga,≤100
106236922109249,Hajnal-2026,Gábor Radics,≤100
103758242266301,Boldizsár Tamás,Boldizsár Tamás,≤100
222935035147780,moszkvater.com,moszkvater.com,≤100
100808557949454,Mucsi Tamás,Mucsi Tamás,≤100
244669668913278,Ökopolisz Alapítvány,Ökopolisz Alapítvány,≤100
681585438877010,Prove,These ads ran without a disclaimer,≤100
1065713933504228,Új Egyenlőség,Új Egyenlőség,≤100
411784602242320,Roma Tagozat Civil Szervezet,Balogh Artúr,≤100
1869511526651884,Zsigmond Barna Pál,Dr. Zsigmond Barna Pál,≤100
107661928027512,Helpers Finance Hungary,Helpers Finance Kft.,≤100
109187690759482,Magyarregio.hu,These ads ran without a disclaimer,≤100
103141961544400,Future of Debrecen,Future of Debrecen Egyesület,≤100
229919737190021,Horváth István,Horváth István,≤100
215551471947529,Sajómente,Sajómente,≤100
109651004719614,Szol24,Esélyegyenlőség és Fenntarthatóság Egyesület,≤100
14792493292,Magyar Kétfarkú Kutya Párt,Magyar Kétfarkú Kutya Párt,≤100
2221255224761829,Együtt Újpestért Összefogás,Polgári Újpestért Alapítvány,≤100
106569706154975,Modern Expo,These ads ran without a disclaimer,≤100
63044235866,UN Climate Change,UN Climate Change with Facebook Ad Credits,≤100