﻿Page ID,Page name,Disclaimer,Amount spent (PYG)
242259253120490,Igualdad de Genero SÍ,Igualdad de Genero SÍ,327154
140457539356382,Gabinete Social Presidencia de la República del Paraguay,Gabinete Social Presidencia de la República del Paraguay,131650
1518537951510136,Sidinei Heinemann Zuse,Sidinei Heinemann Zuse,54574
111266434697216,Edgar Torres Argüello,Jose Dolores Zarate Gonzalez,50067
272098156231873,Diario HOY Paraguay,Diario HOY Paraguay,15558
278226125974096,El Paraguayo Independiente,Paraguayo Independiente,15074
430961180344844,EVER VILLALBA,Ever Federico Villalba Martinez,14540
876472822508954,Ahoracde,Portal Digital de Noticias AHORACDE,8991
101694278594292,Nelson Cano,Eric Fabian Benitez,7150
123892278310235,Eduardo Valiente,Eduardo Valiente,3611
483666425147964,Richard Ramirez,Richard Rolando Ramirez Rodriguez,3281
359307964420456,Terere Cómplice,Centro Interdisciplinario de Investigación Social,2480
2271652869544024,"Ygnacio  ""Nacho"" Sánchez.",Ygnacio Daniel Sanchez Duarte,1240
258712438172291,Santiago Aguilera,Martin Ricardo Stachon,229
363306313879750,Marle Chispita Orue,Marlene Tatiana Orue Leon,200
152914224736727,Banco Mundial,These ads ran without a disclaimer,≤100
101581162485363,No más contrabando,These ads ran without a disclaimer,≤100
105073207967492,CTG Perú,These ads ran without a disclaimer,≤100
242118359309178,Ricardo Estigarribia,Ricardo Estigarribia,≤100
110451428474365,Vistoecidadaniaconectados,These ads ran without a disclaimer,≤100
1702138929926817,Mongabay Latam,These ads ran without a disclaimer,≤100
101349122508290,Dr Sanquetta,These ads ran without a disclaimer,≤100
501875056613491,ELLAS - Mujeres y Filantropía,These ads ran without a disclaimer,≤100
347341592056826,Sergio Estigarribia.,Sergio Estigarribia.,≤100