﻿Page ID,Page name,Disclaimer,Amount spent (BOB)
130336323685885,Gobernación de Santa Cruz,Gobernación de Santa Cruz,2398
110812991225129,Secretaría de Salud y Desarrollo Humano,Servicio Departamental de Salud,324
964080723662055,Carlos Subirana Responde,Editorial CSS,≤100
128123870725,Samuel Doria Medina,Samuel Doria Medina,≤100
767537823266104,"Ministerio de Obras Públicas, Servicios y Vivienda",These ads ran without a disclaimer,≤100
355503751139318,UAJMS - Posgrado,UAJMS - Posgrado,≤100
109201057318552,JCSV,JCSV,≤100
127871740620547,Agustín Zambrana en El Bunker,Agustín Zambrana en El Bunker,≤100
102196065676160,Prof. Julio Cesar Justiniano - Dogo Concejal,Prof. Julio Cesar Justiniano - Dogo Concejal,≤100
320503974822994,EAE - Escuela de Abogados del Estado,EAE - Escuela de Abogados del Estado,≤100
101824857848955,Enrique Urquidi - Diputado,Enrique Urquidi - Diputado,≤100
110596804906174,Carlos Alarcón - Diputado,Carlos Alarcón - Diputado,≤100
104302605648398,Miguel Rejas,Miguel Rejas,≤100
106403237850347,Goberna Bolivia,Goberna,≤100
947829875276074,BellidO & AsociadoS. Consorcio Jurídico Multidisciplinario.,These ads ran without a disclaimer,≤100
102652851097134,Oscar Balderas Diputado,Oscar Balderas Diputado,≤100
352549745786908,Capacitate,These ads ran without a disclaimer,≤100
111979235195228,SaludPública247.com,These ads ran without a disclaimer,≤100
450326391674911,Allianz,These ads ran without a disclaimer,≤100
113224571601559,Lectura obligada,These ads ran without a disclaimer,≤100
1392286137657957,Jorge Rios Designer,These ads ran without a disclaimer,≤100
103064252668045,Ingees01,These ads ran without a disclaimer,≤100
106950715510480,Luciana Ponce,These ads ran without a disclaimer,≤100