﻿Page ID,Page name,Disclaimer,Amount spent (USD)
1885114401706195,Dr. Matthew Opoku Prempeh,Dr. Matthew Opoku Prempeh,≤100
102618778592624,Come Unto Christ In West Accra,Come Unto Christ In West Accra,≤100
102179325363565,Samuel A. Jinapor,Samuel Abdulai Jinapor,≤100
110674420604041,Dr. Kwabena Duffuor,Kwabena Duffuor,≤100
519608978084713,Ghana Education Trust Fund,Ghana Education Trust Fund (GETFund),≤100
100187268355709,KYSFM-English,Rashida Fatawu,≤100
101998658413144,Black Streak Anime,These ads ran without a disclaimer,≤100
645780462419576,Richglow Travels,These ads ran without a disclaimer,≤100
109739941950226,,These ads ran without a disclaimer,≤100
1533787643335583,QuillBot,These ads ran without a disclaimer,≤100
648795978915557,დამოუკიდებელი იურისტების ჯგუფი/ Group of Independent Lawyers,These ads ran without a disclaimer,≤100
112855255048071,HON BABS,These ads ran without a disclaimer,≤100
315543515306,Jing Daily,These ads ran without a disclaimer,≤100
104903384689810,5 stars store,These ads ran without a disclaimer,≤100
102240609500589,,These ads ran without a disclaimer,≤100
1500408980220264,Emmanuel Addo,These ads ran without a disclaimer,≤100
428157337550611,ICMM,These ads ran without a disclaimer,≤100
285530825204,Klitschko,These ads ran without a disclaimer,≤100