﻿Location name,Amount spent (EGP)
Al Sharqia Governorate,1264
Alexandria Governorate,1134
Aswan Governorate,157
Asyut Governorate,335
Beheira Governorate,580
Beni Suef Governorate,255
Cairo Governorate,2213
Dakahlia Governorate,975
Damietta Governorate,350
Faiyum Governorate,271
Gharbia Governorate,1017
Giza Governorate,714
Ismailia Governorate,165
Kafr el-Sheikh Governorate,360
Luxor Governorate,107
Matrouh Governorate,≤100
Minya Governorate,348
Monufia Governorate,382
New Valley Governorate,≤100
North Sinai Governorate,124
Port Said Governorate,327
Qalyubia Governorate,671
Qena Governorate,228
Red Sea Governorate,141
Sohag Governorate,364
South Sinai Governorate,≤100
Suez Governorate,119
Unknown,≤100