﻿Page ID,Page name,Disclaimer,Amount spent (USD)
336154206570851,Arsen Torosyan,Arsen Torosyan,≤100
100191045965573,Levon Hovhannisyan / Լևոն Հովհաննիսյան,Levon Hovhannisyan,≤100
102112125825376,Համախմբում,Համախմբում,≤100
106455438982920,Back Legal,These ads ran without a disclaimer,≤100
2079323389038737,Tigran Avinyan / Տիգրան Ավինյան,These ads ran without a disclaimer,≤100
659468637586461,Արդարություն և Հայրենիք Կուսակցություն,Արդարություն և Հայրենիք Կուսակցություն,≤100
100834745871785,Յատուկ - Yatuk,These ads ran without a disclaimer,≤100
330537565808,Tert.am,Tert.am LLC,≤100
112903580085429,Binoklium,These ads ran without a disclaimer,≤100