﻿Page ID,Page name,Disclaimer,Amount spent (PEN)
1729728707258166,Gabriel Antonio Madrid Orue,Gabriel Antonio Madrid Orue,≤100
317113615022843,César Acuña,César Acuña,≤100
108167272589687,Maricruz Zeta,Maricruz Zeta,≤100
264223880347121,Lampadia Oficial,LAMPADIA,≤100
107231785611071,Noticias Piura,Noticias Piura,≤100
116937091779490,Jóvenes Fuerza Popular Keiko,Jóvenes Fuerza Popular Keiko,≤100
142062936237878,Goberna,Goberna,≤100
1275465342519887,Servicios Educativos El Agustino,SERVICIOS EDUCATIVOS EL AGUSTINO,≤100
173144229408518,RENIECPERU,RENIECPERU,≤100
1805183599788143,Silvia Monteza,Silvia Monteza,≤100
107290784647450,HB Abogados,HB Abogados,≤100
105041682493679,Michael 4vila,These ads ran without a disclaimer,≤100
1813798362202274,Quassar Tv Noticias Huaraz Ancash Peru,These ads ran without a disclaimer,≤100
462790453744032,Sutep,Sindicato Unitario de Trabajadores en la Educación del Perú - SUTEP,≤100
103962238955922,Tapetes Peru,These ads ran without a disclaimer,≤100
101182792938464,Carlos Ramos,These ads ran without a disclaimer,≤100
120553376516280,Jaime Abensur,These ads ran without a disclaimer,≤100
110605941407413,orenda.lectora,These ads ran without a disclaimer,≤100
169260623923829,Infórmate y decide,These ads ran without a disclaimer,≤100
140672216015006,Oriflame,These ads ran without a disclaimer,≤100
235551359867840,CooperAcción,CooperAcción,≤100
304971412943967,Instituto de Zumpango en Estudios Superiores en Criminalística IZESC,These ads ran without a disclaimer,≤100