﻿Page ID,Page name,Disclaimer,Amount spent (CZK)
60516116431,Člověk v tísni,Člověk v tísni o.p.s.,709
1477535869227488,Vít Rakušan,Starostové a nezávislí,255
149945438407451,Svoboda zvířat,"Svoboda zvířat Plzeň, z.s.",230
104768355190287,Sázíme Česko,PlanetWe Rewild s.r.o.,220
210778132327279,Prima,Prima,155
251656685576,KDU-ČSL,KDU-ČSL,≤100
125830487980906,Solární asociace,Solární asociace,≤100
109294536415092,PETROF Gallery,PETROF Gallery,≤100
206407509818,Blesk.cz,CZECH NEWS CENTER a. s.,≤100
103844952462060,Za Potštejn a Brnou 22,Jan Reichl,≤100
30575632699,ODS - Občanská demokratická strana,ODS - Občanská demokratická strana,≤100
179497582061065,Tomio Okamura - SPD,Svoboda a přímá demokracie - SPD,≤100
115200218139402,О Главном,These ads ran without a disclaimer,≤100
1757913860945739,ORLEN Unipetrol,ORLEN Unipetrol a.s.,≤100
123858471641,iROZHLAS.cz,Český rozhlas,≤100
394570898000897,Kniha Revoluce - Jakub Trpiš,Jakub Trpis,≤100
356451014434612,Marian Jurečka,KDU-ČSL,≤100
264983260329918,Rádio Universum,Kupředu do minulosti s.r.o.,≤100
58887737763,Hnutí DUHA - Přátelé Země Česká republika,Hnutí DUHA - Přátelé Země Česká republika,≤100
1953958664821128,Piráti Hradec Králové,Česká pirátská strana,≤100
106834174877753,Svět hospodářství,"SH media, spol. s r.o.",≤100
34825122262,Časopis Reflex,CZECH NEWS CENTER a. s.,≤100
137778619615350,Voyo.cz,TV Nova s. r. o.,≤100
211685455639198,Ministerstvo práce a sociálních věcí,Ministerstvo práce a sociálních věcí,≤100
100957585122900,Adam Valenta,Česká pirátská strana,≤100
100201752249169,Spolu21,Občanská demokratická strana,≤100
101230222584230,Pavel Vrbický - náměstek primátorky Hradce Králové,Česká pirátská strana,≤100
220814337523,Kurzy.cz,"Kurzy.cz, spol. s r.o.",≤100
693725074166331,Naše zdravotnictví,Naše zdravotnictví,≤100
178362315106,European Parliament,European Parliament,≤100
424114981002397,Český rozhlas Plus,Český rozhlas,≤100
370583064327,Starostové a nezávislí • STAN,Starostové a nezávislí • STAN,≤100
1469427909957890,Reportér magazín,Reportér magazín,≤100
107733504431288,CEVRO ARENA,Jiří Cieslar,≤100
109664387308142,Poradna pro obce,KVB advokátní kancelář s.r.o.,≤100
275042429350706,Tomáš Zdechovský,Tomáš Zdechovský,≤100
460558621177512,Zálohujme.cz,Zálohujme,≤100
1104866262972886,Michal Šmarda,Česká strana sociálně demokratická,≤100
416190415243,Fakulta životního prostředí - ČZU v Praze,Fakulta životního prostředí,≤100
126659427510627,Institut politologických studií FSV UK,Kateřina Krupičková,≤100
100955509189359,Redakce NF Svědomí národa,Nadační fond Svědomí národa,≤100
137301989386,Aktuálně.cz,Aktuálně.cz,≤100
124152241443,Čmelák - Společnost Přátel Přírody,Čmelák - Společnost přátel přírody,≤100
102844685102730,Olga Richterová - místopředsedkyně Sněmovny,Česká pirátská strana,≤100
90002267161,TOP 09,TOP 09,≤100
113743658978459,Meltingpot,Meltingpot,≤100
952005618247538,Martin Červíček,Martin Červíček,≤100
58864692622,Český rozhlas Vltava,Český rozhlas,≤100
220953819920676,Ministr Zdraví,Ministr Zdraví Z.U.,≤100
579215965436046,JSNS,"Člověk v tísni, o.p.s.",≤100
103779080972210,Youradio Talk,Youradio Talk,≤100
1776002445975063,V síti Ivana Langera,RiverSong s.r.o.,≤100
284944781875,EURACTIV.cz,EURACTIV.cz,≤100
117823623864,Transparency International ČR,Transparency International ČR,≤100
176688316811,Vodafone CZ,These ads ran without a disclaimer,≤100
194467420912201,Já volím děti,Já volím děti,≤100
102620981865843,Jana Skopalíková - radní pro životní prostředí a zemědělství,Jana Skopalíková,≤100
609246842426009,Rekonstrukce státu,Rekonstrukce státu,≤100
226207821151572,Marek Novák - poslanec zlínského kraje,Marek Novák,≤100
109115111366244,Aukce aukcí,These ads ran without a disclaimer,≤100
201535993705342,Radim Sršeň,Radim Sršeň,≤100
378827025796132,Peak.cz,Peak.cz,≤100
203833483473,Deník Referendum,Denik Referendum,≤100
1439143123070953,Svoboda a přímá demokracie  Liberecký kraj - SPD,Radovan Vích,≤100
586817644761028,Vladimír Balaš,STAN,≤100
106569184915270,Lucie Kantorová,Lucie Kantorova,≤100
106964170770258,Mystická krása Eurasie,These ads ran without a disclaimer,≤100
745225392241191,Primagas Česká republika,PRIMAGAS s.r.o.,≤100
1783607115196268,"AZ LEGAL, advokátní kancelář","AZ LEGAL, advokátní kancelář",≤100
545254525495201,Pravý břeh - Institut Petra Fialy,"Pravý břeh, z.s.",≤100
711658465662315,XTV,XTV,≤100
52479821102,Týdeník Respekt,Týdeník Respekt,≤100
362029244271239,Protext ČTK,ČTK,≤100
106901094332851,Recykluj - nespaluj,Recykluj - nespaluj hys,≤100
343857975108,AFS Mezikulturní programy - Czech Republic,AFS Mezikulturní programy o.p.s.,≤100
327500584463162,Filip Hausknecht • Budoucnost,Budoucnost,≤100
1900532106849242,Institut H21,Institute H21,≤100
1701718886552103,Moje Evropa,Moje Evropa,≤100
548487565163265,"Buď Čech, buď laska",Tomáš Rufer,≤100
267806570729225,Národní Noviny,Hrubon Rudolf,≤100
217321919134666,Kuba náměstek Rychtecký - Žijeme Pardubice,Jakub Rychtecký,≤100
1121880157996860,ESSOX,These ads ran without a disclaimer,≤100
450976218808166,"Mgr. Milan Halbich, MBA - kandidát do senátu",Milan Halbich,≤100
184986868211548,CK Victoria,These ads ran without a disclaimer,≤100
100609955039699,Corrency,Corrency,≤100
343857975108,AFS Mezikulturní programy - Czech Republic,These ads ran without a disclaimer,≤100
198532590161335,Cestovní kancelář CK Poznání,These ads ran without a disclaimer,≤100
2508000755881727,Štěpán Juránek,Štěpán Juránek,≤100
125957534920,Deník Sport,CZECH NEWS CENTER a. s.,≤100
139666286225597,Euranet Plus - Official,These ads ran without a disclaimer,≤100
109121171929016,iranopendata,These ads ran without a disclaimer,≤100
527351247377965,European Committee of the Regions,European Committee of the Regions,≤100