﻿Page ID,Page name,Disclaimer,Amount spent (NOK)
135843375926,UNICEF Norge,UNICEF Norge,1291
1281475135310961,Sissel Knutsen Hegdal - ordførerkandidat Høyre,Sissel Knutsen Hegdal,491
20468812735,LO,LO,181
46448594983,Næringsforeningen i Stavanger-regionen,Næringsforeningen i Stavanger-regionen,138
34448777123,Haugesund Venstre,Bjørn Gunnar Husby,135
132368899297,Framtiden i våre hender,Framtiden i Våre Hender,101
44960467949,Greenpeace Norge,Föreningen Greenpeace Norden,≤100
21603349508,NOAH - for dyrs rettigheter,NOAH - for dyrs rettigheter,≤100
119797291429215,RIO - en landsdekkende brukerorganisasjon på rusfeltet,RIO - en landsdekkende brukerorganisasjon på rusfeltet,≤100
623596214494727,Anima - Stopp dyremishandling,Anima - stopp dyremishandling,≤100
2398568533531114,Velferdsmiks,NHO Service og Handel,≤100
728518604216173,HELT MED,Stiftelsen HELT MED,≤100
46818767155,Miljøpartiet De Grønne - MDG,Miljøpartiet De Grønne,≤100
111036919049229,Offshore Norge,Offshore Norge,≤100
198148715581,Vestfold og Telemark FrP,Vestfold og Telemark FrP,≤100
116972608335219,Naturvernforbundet,These ads ran without a disclaimer,≤100
119878348024795,ULOBA,Uloba - Independent Living Norge SA,≤100
108106430662575,Suscon As,Ronny Grindstein,≤100
111322125898812,Filter Nyheter,Filter Nyheter,≤100
380405316155402,Stopp alzheimer og demens,Nasjonalforeningen for folkehelsen,≤100
371106536283235,DAG OG TID,Dag og Tid AS,≤100
100722841311675,"Kristiansand Pensjonistparti - Barn, Familie og Pensjonist",Kristiansand Pensjonistparti,≤100
300127442096,Norske Kvinners Sanitetsforening,Norske Kvinners Sanitetsforening,≤100
227688410297,Radio Latin-Amerika,Radio Latin-Amerika,≤100
105939782037295,Altinget.no,Altinget AS,≤100
178897738805857,HK Norge,These ads ran without a disclaimer,≤100
102040431616976,Beaufort Solutions,Beaufort Solutions,≤100
94140749496,HL-senteret,HL-senteret,≤100
112631767587663,Meninger24,Meninger24,≤100
126448980866214,Klassekampen,Klassekampen AS,≤100
87445018334,Nobel Peace Center,Nobel Peace Center,≤100
186626994701210,Forbundet for Ledelse og Teknikk (FLT),Forbundet for Ledelse og Teknikk (FLT),≤100
282493902652591,Rødt Gjesdal,Øystein Rugland,≤100
53828343371,Epilepsiforbundet,Epilepsiforbundet,≤100
291789484748906,Senter for hav og Arktis,Senter for hav og Arktis,≤100
119878348024795,ULOBA,Uloba - Independent Living Norge,≤100
102203325950193,Ingvild Lemme Kristiansen,Stendi,≤100
159084565236,Transit magasin,Transit Media AS,≤100
609322219124074,Bærum MDG,Bærum Miljøpartiet de Grønne,≤100
718942011483190,Aftenposten Historie,Aftenposten,≤100
316553905027100,Stefanusalliansen,Sindre Røyland,≤100
620408144801035,Vestnes Arbeiderparti,Vestnes Arbeiderparti,≤100
19746387261,Humane Society International,These ads ran without a disclaimer,≤100
1401678933415357,Blooming Fire,These ads ran without a disclaimer,≤100
134880843218419,Ruukki,These ads ran without a disclaimer,≤100
103934207741083,Selena Ryan,These ads ran without a disclaimer,≤100