﻿Page ID,Page name,Disclaimer,Amount spent (TRY)
100910024639566,Ali Babacan,Deva Partisi,≤100
172826496755733,Atsız Afşın Yılmaz,Atsız Afşın Yılmaz,≤100
144295649058307,Ekrem İmamoğlu,Ekrem İmamoğlu,≤100
111162852275902,Uluslararası Af Örgütü Türkiye Şubesi,Uluslararası Af Örgütü Türkiye Şubesi,≤100
1677525365597858,Türkiye SMA Vakfı,Fatih Mehmet Akdan,≤100
532775093532626,Yücel Bulut,Yucel Bulut,≤100
180404128680446,Dr. Şadi YAZICI,Dr. Şadi YAZICI,≤100
105376981385020,Referandom,Referandom,≤100
2056148547833972,Bağımsız Türkiye Partisi - Bolu,MUSTAFA YAĞCI,≤100
101700471513125,Kadir Aydın,Kadir Aydın,≤100
163370640412446,Bursa,Sosyal TV,≤100
109407151806354,İsmail İnlidere,Ismail Inlidere,≤100
506107706201274,Antalya Esnaf ve Sanatkarlar Odaları Birliği,Antalya Esnaf ve Sanatkarlar Odaları Birliği,≤100
102397376063812,TEK Parti Genel Merkez Gençlik Kolları Başkanlığı,Rahmi Mete Ay,≤100
106789305232883,وكالة الشرق الأوسط الإخبارية,وكالة الشرق الأوسط الإخبارية,≤100
104143732237595,Sürekli Haber,Sürekli Haber,≤100
104772945733146,Osmanlı Torunları,Utku Köse,≤100
112868328334173,Cumhurbaşkanı Turgut ÖZAL,Rahmi Mete Ay,≤100
103167881182863,Temiz Enerji Haber Portalı,Temiz Enerji Haber Portalı,≤100
100729588398227,Ak Parti/MHP/BBP Cumhur İttifakı,Erol Cihangir,≤100
100177956203448,Büyük Türkiye,Utku Köse,≤100
588319621318434,Samsun Gümüşhane Dernekleri Federasyonu,Mustafa Seven,≤100
759960337453594,Reis Erdoğan,Huseyin Rahat,≤100
254579061905181,Dr. Bilal Okudan,Dr. Bilal Okudan,≤100
103059825912257,Osmanlı Nesli,Utku Köse,≤100
103693141575878,nVidyo,Birkan Erol,≤100
102589089289632,Türkiye Siyaseti,Utku Köse,≤100
1883376938386253,Ebedi Başkomutan Atatürk,Huseyin Rahat,≤100
509812492396683,Metal İşçisinin Sesi,Metal İşçisinin Sesi,≤100
100919876130658,Osmanlı Hanı,Utku Köse,≤100
463215923715177,Mehmet Yiğiner,Bekir Koyuncu,≤100
100665102848993,Gün Gün Kurtuluş,İlker  Tanrıverdi,≤100
526384877393739,Selahattin Gürkan,HAKAN OPANOĞLU,≤100
111623618460859,Özkan Koçintar,Rahmi Mete Ay,≤100
105606068096395,Manşet 35,Manşet 35,≤100
113944458195273,Rahmi Mete AY,Rahmi Mete Ay,≤100
104691722197784,صحيفة الاستقلال - العربية,صحيفة الاستقلال,≤100
1014466885240850,Semih Esen,These ads ran without a disclaimer,≤100
737340966376001,Metin Kala,Metin Kala,≤100
100183629572435,Gün Gün Kurtuluş Savaşı,İlker  Tanrıverdi,≤100
924417247738396,İsmet Tokdemir,Ismet Tokdemir,≤100
298764070816267,Mehmet Tütüncü,Mehmet TÜTÜNCÜ Türkiye Temsilcisi,≤100
1986133791650620,Lütfi Kaşıkçı,Gülşah Erbey Dağ,≤100
200749583298152,Devrimci İşçi Partisi - DİP,Devrimci İşçi Partisi - DİP,≤100
314386289265240,Ali Zafer İksir,ALİ ZAFER İKSİR,≤100
1614212022160759,Fehmi Yağlı,Fehmi Yagli,≤100
103728271055286,Selçuk Kılıçaslan,Selcuk Kilicaslan,≤100
104720632449919,Tbt Tarihte Bugün,Taha Gümüştaş,≤100
608010956521470,Uzman Online Egitim,Uzman Online Eğitim,≤100
1952748275030916,Kürşad Mithat ÖZKAN,Kursad Mithat Ozkan,≤100
100431406701471,Internethaber,Internethaber,≤100
1563142747277396,Vecdi Gündoğdu,Vecdi Gundogdu,≤100
1572709256359993,İnternethaber TV,HADİ ÖZIŞIK,≤100
465887546792664,Halkın Kurtuluş Partisi - HKP,TAYFUR BİN,≤100
283657205667155,Mustafa Ali Fırtına,Mustafa Ali Firtina,≤100
1616392421919867,Denge ve Denetleme Ağı,Demet Şöhret,≤100
103098904742608,Murat Serdar Koç,Murat Serdar Koc,≤100
1085457468132635,DEV MADEN SEN,DEV MADEN SEN,≤100
911466802392220,Nezih Yalçın - Akdağmadeni Belediye Başkanı,Nezih Yalçın,≤100
102081045702842,Ozan Balık,Ozan Balik,≤100
103581232613134,burhanpaydartr,These ads ran without a disclaimer,≤100
100511789587705,reisimofficial,These ads ran without a disclaimer,≤100
1645445069012582,"Sun Concept, Solar Boat Builders",These ads ran without a disclaimer,≤100