﻿Page ID,Page name,Disclaimer,Amount spent (EGP)
1916894871881712,يونس عبدالرازق - Younes abdelrazek,يونس عبدالرازق - Younes abdelrazek,118
100835565731657,Ahmed Amin Massoud - أحمد أمين مسعود,Ahmed Amin Massoud - أحمد أمين مسعود,106
106135122279350,Sushasan Nepal,These ads ran without a disclaimer,≤100
145505648808327,Resala Charity Organization - جمعية رسالة للاعمال الخيرية,These ads ran without a disclaimer,≤100
113794737127366,الصفحه الرسميه  للنائب المهندس عبدالسميع يوسف  عضو مجلس الشيوخ,Abdallah Qandeel,≤100
181524565276709,الهلال الأحمر المصري - Egyptian Red Crescent,الهلال الأحمر المصري - Egyptian Red Crescent,≤100
555470847990930,سبق الإخبارية  - Sabaq News,سبق الإخبارية  - Sabaq News,≤100
192320965049184,الإعلامية نيفين منصور,Nivine Mansour,≤100
101361307958442,Mohamad ElGarhy,محمد السيد عبد الستار,≤100
2298420967037841,النائب محمد عزت عرفات,النائب محمد عزت عرفات,≤100
103315778193642,الصفقة,Kareem Ahmed Abdul Ghani,≤100
166420296805460,حزب المحافظين,حزب المحافظين,≤100
108210648333964,محمود طاهر -Mahmoud Taher,محمود طاهر -Mahmoud Taher,≤100
110877857406073,المهندس حسام لبن,المهندس حسام لبن,≤100
595025640685644,النائبة شيرين عبد العزيز - Sherin abdelaziz,النائبة شيرين عبد العزيز - Sherin abdelaziz,≤100
102883459081121,Mohamed Taher - محمد طاهر,Mohamed Taher - محمد طاهر,≤100
532134937722830,النائبة أميرة بهاء الدين أبو شقة,Gehad Ali,≤100
535371883202755,Freddy Elbaiady  صفحة فريدي البياضي,Freddy Elbaiady  صفحة فريدي البياضي,≤100
1012904038778488,سامح فتحي حبيب,سامح فتحي حبيب,≤100
798673866859390,ETC TV,ETC TV,≤100
103745798627292,المستشار ماهر ميلاد اسكندر,المستشار ماهر ميلاد اسكندر,≤100
1934139156895621,د.خالد قنديل Dr.Khaled Kandel,Basel Noufal,≤100
103571604973098,هشام حسين - Hesham Hussein,حسين السيد,≤100
109366127595756,Ahmed dandash    الصفحه الرسميه للدكتور احمد دندش عضو مجلس النواب,Ahmed dandash    الصفحه الرسميه للدكتور احمد دندش عضو مجلس النواب,≤100
101516486048536,CDIS - Egypt Cybersecurity & Data Intelligence Systems Conference & Expo,CDIS Cybersecurity and Data Intelligence Conference and Expo,≤100
105872082337085,الصفحه الرسمية للنائب أحمد عبدالجواد,ابراهيم احمد ابراهيم محمد,≤100
110031078652299,جمعية البر والتقوى المصرية - الصعيد,جمعية البر والتقوى المصرية - الصعيد,≤100
100210385187886,الصفحة الرسمية للنائب الدكتور ايهاب وهبة عضو مجلس الشيوخ عن محافظة القاهرة,Karim Ahmed Abd Alghany,≤100
105322721599496,الدكتور محمد زكي الوحش,الدكتور محمد زكي الوحش,≤100
273900239400893,نقابة المحامين المصرية,نقابة المحامين المصرية,≤100
106450555171099,مجدي البري - Magdy Elbery,مجدي البري - Magdy Elbery,≤100
101586878327765,Hassanein Tawfiq - حسانين توفيق,Hassanein Tawfiq - حسانين توفيق,≤100
354968941204659,الدكتور أيمن أبو العلا عضو مجلس النواب,الدكتور أيمن أبو العلا عضو مجلس النواب,≤100
103291013528894,Dr.Mokhtar Gomaa,Ahmed Zaatar,≤100
1724148267695799,بيت الحكمة 2.0,These ads ran without a disclaimer,≤100
279224125621229,قناة مكملين - الرسمية,These ads ran without a disclaimer,≤100
108927510969680,الصفحة الرسمية للنائبة د. صبورة السيد,الصفحة الرسمية للنائبة د. صبورة السيد,≤100
100064255503952,,These ads ran without a disclaimer,≤100
114079190450834,النائب/ محمد رضا البنا,Mohamed Ahmed Hagag,≤100
105096455624550,Tamer abdelhamid - تامر عبد الحميد,Tamer abdelhamid - تامر عبد الحميد,≤100
282421105588262,Alraees News- الرئيس نيوز,Kareem Ahmed Abdul Ghani,≤100
103429981452280,Hesham ElhagAly - هشام الحاج علي,Hesham Elhagaly,≤100
104980215815272,حزب حماة المستقبل - تحت التاسيس,These ads ran without a disclaimer,≤100
106719921012688,Ahmed Bahaa Shalaby-أحمد بهاء شلبي,Integrated Marketing Communications For Media.IMC,≤100
112161944845807,Nevein Basiouny,Muhammad Nash'at,≤100
104421931606476,النائب أحمد دياب,Mariam Ahmed Hamouda,≤100
103204975886755,البديوي السيد - الصفحة الرسمية,Mohamed Elbedewy,≤100
101393968287154,هي ورزقها المحلة الكبري,These ads ran without a disclaimer,≤100
114859204566932,الصرح الهندسى,These ads ran without a disclaimer,≤100
110658125241738,اراضي من ذهب,These ads ran without a disclaimer,≤100
127757937250301,German Information Centre Arab World - المركز الألماني للإعلام,These ads ran without a disclaimer,≤100
105235441932898,𝑶𝒓𝒈𝒂𝒏𝒊𝒄 لَّمَةُ,These ads ran without a disclaimer,≤100
470599159677235,Syria Direct سوريا على طول,These ads ran without a disclaimer,≤100
156850176567,المجلة,These ads ran without a disclaimer,≤100
196591740366631,The School of Global Affairs and Public Policy at AUC,These ads ran without a disclaimer,≤100
510095479058105,تطبيق نبض,These ads ran without a disclaimer,≤100
100994765608411,INN WORD Revival Now,These ads ran without a disclaimer,≤100