﻿Page ID,Page name,Disclaimer,Amount spent (PEN)
167878593236712,UNICEF en español,UNICEF con créditos publicitarios de Facebook,≤100
109019574560600,Aula Gaceta,Joel V. Supo Baldo,≤100
109186465355018,Las Lilas - Perú,Las Lilas,≤100
113162141028968,Integridad,Integridad por el Peru,≤100
287389705061665,Nut. Roy Miranda,Oscar Roy Miranda,≤100
235391323233632,PNUD Perú,Megumi Nagayoshi Sakuda,≤100
1685253241769285,CorrupcionCero,Adolfo Alexander Sotelo Pachas,≤100
534284396949027,Ilich López,Renzo Jireh Casas Torres,≤100
102098544497318,Alfredo Perez,Alfredo Perez,≤100
106395164602216,Juan Burgos,Luis Alberto Chavarry Gutierrez,≤100
687691121319854,Ernesto Álvarez Miranda,Ernesto Julio Alvarez Miranda,≤100
1944125098949887,Juan Tonconi,Juan Tonconi Quispe,≤100
321371311530345,Josue Figueroa,Elias Josue Figueroa Torres,≤100
103215021752312,Alejandro Soto Reyes- Congresista de la República,Phenelope Jhoana Contreras Cabezas,≤100
506111559721201,Mirelo Loreto,Cristian Aguirre Sahuarico,≤100
1516683621782214,Fuerza Ciudadana - Perú,Sergio Miguel Garcia,≤100
131347596900240,Servindi,Arnol Piedra Sosaya,≤100
455802295156178,Nuestramerica TV,Crhistian Jorge Peralta Ramírez,≤100
472058086186358,Ari Rivera,ARI-TELCH RIVERA DE LA CRUZ,≤100
196140697656186,Len Corell,Ricardo Felix Coral,≤100
103763702518356,Mecanismo de Gobernanza Territorial,Arnol Piedra Sosaya,≤100
1805183599788143,Silvia Monteza,Héctor Melgar Sandoval,≤100
128392577218402,USAID Peru,These ads ran without a disclaimer,≤100
316564475960113,Estudio Jurídico Tarazona & Asociados,Diego Alberto Isla Yengle,≤100
537121812990662,Colegio Químico Farmacéutico del Perú,Danny Sixto Antara Luna,≤100
100283442359203,Fernando Arce Alvarado - Parlamentario Andino,Javier Fernando Arce Alvarado,≤100
104027932989856,Dakar Rally,These ads ran without a disclaimer,≤100
142062936237878,Goberna,Goberna,≤100
68793499001,UNICEF,UNICEF with Facebook Ad Credits,≤100
264223880347121,Lampadia Oficial,LAMPADIA,≤100
124252504303223,UNICEF (FR),UNICEF avec des crédits publicitaires Facebook,≤100
1650216218535063,Oceana Perú,Oceana Perú,≤100