﻿Page ID,Page name,Disclaimer,Amount spent (USD)
116335024768924,RC Servidor Público,RC Servidor Público,≤100
124389362289333,Sinai Hernandez,Sinai Hernandez,≤100
101057995545186,Javier Flores,Javier Flores,≤100
157374054394974,HPD Horizonte Prensa Digital,HPD Horizonte Prensa Digital,≤100
106850220826010,Erick Garcia,Erick Garcia,≤100
103313741198939,Ever Hernández,Ever Hernández,≤100
111826817167364,Nuevas Ideas Municipal Ciudad Delgado,Nuevas Ideas Municipal Ciudad Delgado,≤100
124083140680946,Unidad Sindical Salvadoreña USS,Unidad Sindical Salvadoreña,≤100
196032434645367,Diario Digital Cronio,Diario Digital Cronio,≤100