﻿Page ID,Page name,Disclaimer,Amount spent (USD)
475402742952519,Nagad,Nagad,≤100
104379682060158,Bahanno News,Bahanno News,≤100
899921533450338,Tanvir A Mishuk,Tanvir A Mishuk,≤100
119731475279145,Dubai Future Foundation,These ads ran without a disclaimer,≤100
214814651932840,Panjeree Publications Ltd.,Panjeree Publications Ltd.,≤100
100044162063101,Alex Salmond,These ads ran without a disclaimer,≤100
110301225434428,মোঃ আল মামুন,Jatiyo Party,≤100
375575525937694,Mahmud Hassan Ripon,CAL TECH DIGITAL,≤100
686458571369057,Rasheq Rahman,eManager Ltd,≤100
229443881058540,BD Peoples Voice,BD Peoples Voice,≤100
225353397503225,Zunaid Ahmed Palak,Zunaid Ahmed Palak,≤100
107868542048437,Voice of Bangla,Voice of Bangla,≤100
106496661162487,M A Razzak Khan Raj CIP,M A Razzak Khan Raj CIP,≤100
275290502504116,PBS (Books+Music+Cafe),PBS Ltd.,≤100
101014292265016,অপ্রতিরোধ্য অগ্রযাত্রা,অপ্রতিরোধ্য অগ্রযাত্রা,≤100
421525621216889,Md. Zahid Ahsan Russel,Md. Zahid Ahsan Russel,≤100
111572821972166,শেষ বাংলাদেশ-Take Back Bangladesh,শেষ বাংলাদেশ-Take Back Bangladesh,≤100
293650515401156,Startup Bangladesh Limited,These ads ran without a disclaimer,≤100
116094318069731,Arshad Adnan,Arshad Adnan,≤100
353130515348425,Bangladesh Nationalist Party-BNP,Bangladesh Nationalist Party-BNP,≤100
2207468469513727,নৌকা মানেই,নৌকা মানেই,≤100
162107741307973,এই বাংলাদেশ আমাদের,এই বাংলাদেশ আমাদের,≤100
100612562275472,Razzak Fashion - রাজ্জাক ফ্যাশন,Razzak Fashion - রাজ্জাক ফ্যাশন,≤100
266326536843123,BNP Media Cell,BNP Media Cell,≤100
132975130832652,Amader Muktijuddho,Amader Muktijuddho,≤100
110674915185692,সবার আগে দেশ,সবার আগে দেশ,≤100
111251941065959,বাংলার সমাচার,Reality Media US,≤100
1634710210193052,Unitoc Fashion & Gifts,Unitoc Fashion & Gifts,≤100
110233305051874,Our BNP,Our BNP,≤100
106284182272238,আহবান - Ahoban,আহবান - Ahoban,≤100
110507632079477,মিস্টার ১০ পারসেন্ট- Mr. 10 Percent,মিস্টার ১০ পারসেন্ট- Mr. 10 Percent,≤100
2202700299948022,জনতার জয়পুরহাট-Jonotar Joypurhat,Up Top Market,≤100
105415618976603,গুজব নয় সত্য জানুন,গুজব নয় সত্য জানুন,≤100
537876413374762,সাম্যের সিরাজগঞ্জ-Shammer Sirajganj,Upo Market,≤100
166064673583399,Bangladesh Awami League,Bangladesh Awami League,≤100
116727611307181,রুখে দাও ষড়যন্ত্র,Royalties Ads,≤100
426726231113882,Ishraque Hossain - ইশরাক হোসেন,Ishraque Hossain - ইশরাক হোসেন,≤100
184405109132256,দুর্বার টাংগাইল - Unstoppable Tangail,দুর্বার টাংগাইল - Unstoppable Tangail,≤100
195123041072338,নাশকতা - Nashokota,All Marketing Center,≤100
105867285406730,Deshi Dokandar-দেশি দোকানদার,Deshi Dokandar-দেশি দোকানদার,≤100
157368095197913,BCS Preceptors',These ads ran without a disclaimer,≤100
104856455359172,Prachurja; Automated Prize Bond Checker,Prachurja; Automated Prize Bond Checker,≤100
258911791465071,সত্যাপন জামালপুর - Affirmation Jamalpur,সত্যাপন জামালপুর - Affirmation Jamalpur,≤100
112249340649600,Dinbodol BD,Dinbodol BD,≤100
111546325103150,দৃঢ় বন্ধন,Bold Mark Us,≤100
658677457494816,Mohammad Abdus Salam,Mohammad Abdus Salam,≤100
348165495741326,বর্ণিল বগুড়া-Bornil Bogura,Upo Market,≤100
105383705442925,রোহিঙ্গা সমাচার - Rohingya Samachar,রোহিঙ্গা সমাচার - Rohingya Samachar,≤100
345787012862232,গাইবান্ধা গেজেট-Gaibandha Gazette,Up Top Market,≤100
2178258972197731,Jashorer Alo - যশোরের আলো,Jashorer Alo - যশোরের আলো,≤100
527402880793569,MAMUN BOOK HOUSE,MAMUN BOOK HOUSE,≤100
1763961473907868,সেই রাজাকার এই রাজাকার,Centrals Marketing,≤100
674465032645885,Syed Shazidur Rahman Faruk,Syed Shazidur Rahman Faruk,≤100
2148291968613586,Lenoria,Lenoria,≤100
347135082762359,Salman F Rahman,Salman F Rahman,≤100
269704510100247,বাংলার বাঘ,Centrals Marketing,≤100
1941359985984595,Dainik Bandarban,Vision Mark NY,≤100
2048704288508984,বর্ণিল নবাবগঞ্জ-Bornil Nobabgonj,Auto App Inc,≤100
103242132373483,Sheikh Hasina : Our Pride,Sheikh Hasina : Our Pride,≤100
508518392998811,প্রাণের দোহার-Praner Dohar,Marketing Solution,≤100
1930781123914291,আবিজা,All Marketing Center,≤100
906315259472223,আল-হামরা প্রকাশনী,আল-হামরা প্রকাশনী,≤100
1625098067705483,MD. Rafikul Islam - Ranu,MD. Rafikul Islam - Ranu,≤100
378866836224660,কেরানীগঞ্জের আলো-Keraniganjer Alo,Real Auto Tech,≤100
108617938808376,ষড়যন্ত্রের আড়ালে,Flrida Marketing,≤100
115826008084394,Helal Uddin,These ads ran without a disclaimer,≤100
114070701582392,BNP Er Durbin,BNP Er Durbin,≤100
106870765288823,Voice of Rohingya,Voice of Rohingya,≤100
100560899590311,Takrim's Mart,Takrim's Mart,≤100
101067492736996,Channel One,Httr Ads,≤100
1869501926674963,Bengali Fish,Bengali Fish,≤100
264991200312526,Minister Hi-Tech Park,These ads ran without a disclaimer,≤100
116116544839284,Muhabbate Madina -মুহাব্বাতে মাদীনা,These ads ran without a disclaimer,≤100
111768425244624,Voice of the Displaced People,Reality Media US,≤100
116167389784568,আমার নেত্রী আমার অহংকার,Flix Marketing,≤100
310576809078749,Sajeeb Wazed,Sajeeb Wazed,≤100
101904779388952,ভালোর পথে-Bhalor Pothe,ভালোর পথে-Bhalor Pothe,≤100
186948511918618,Positive Bangladesh,Positive Bangladesh,≤100
1388338531465711,A F M Bahauddin Nasim,A F M Bahauddin Nasim,≤100
102825182649091,এইসব দিনরাত্রি,এইসব দিনরাত্রি,≤100
102256572145463,Razniti,Projonmo Publication,≤100
154980965129452,Dhaka Television,Dhaka Television,≤100
101715608106975,ভাওয়ালের কণ্ঠ,ভাওয়ালের কণ্ঠ,≤100
260485101489192,Go Bangladesh,All Marketing Center,≤100
433659713676324,Daily Bangladesh,Daily Bangladesh,≤100
388975341269133,Tonmoy Ahmed,Tonmoy Ahmed,≤100
2120667158192427,লায়ন আলহাজ্ব মোহাম্মদ ইমরান,লায়ন আলহাজ্ব মোহাম্মদ ইমরান,≤100
102914145806568,শাপ মোচন,শাপ মোচন,≤100
254138648026636,সফল বাংলাদেশ,Effective Lead Gen,≤100
100130444870706,Badge Making Store,Badge Making Store,≤100
2006346436293044,Bengali With Fishing,Bengali With Fishing,≤100
103414131574909,Press Xpress,Press Xpress,≤100
107579682072496,নাগরিক বার্তা,Httr Ads,≤100
336242810327432,সাভারের সূর্যোদয়-Savarer Surjodoy,My Solution Blog,≤100
100421296207429,ক্রাইম স্টেশন-Crime Station,ক্রাইম স্টেশন-Crime Station,≤100
113142841677963,রুপসী বাংলা,High Reach Market,≤100
1647676395472541,BPO Summit Bangladesh,BPO Summit Bangladesh,≤100
253047365570333,gazipurkotha.com,gazipurkotha.com,≤100
101535476116814,DAAO-Defending Against All Odds,DAAO-Defending Against All Odds,≤100
378886745490924,Aparadh Kantha - অপরাধ কন্ঠ,Effective Lead Gen,≤100
376099195859305,BEXIMCO Group,BEXIMCO Group,≤100
101799725931010,আলোর ছায়া অনলাইন বুকশপ,আলোর ছায়া অনলাইন বুকশপ,≤100
105510682188939,Booster Dose-বুস্টার ডোজ,Flrida Marketing,≤100
110831108510024,Smart Bangladesh,Smart Bangladesh,≤100
102154792727399,Barishalprotidin.com,Barishalprotidin.com,≤100
1528447994111844,পাহাড়ের বজ্রকন্ঠ,Flrida Marketing,≤100
1910583609067515,প্রগতির মানিকগঞ্জ-Progotir Manikganj,My Solution Blog,≤100
102521466020383,আমি বাংলার,আমি বাংলার,≤100
101612121796955,Nilkhet Book Mart নীলক্ষেত বুক মার্ট,These ads ran without a disclaimer,≤100
105035929098779,Politic Society,Politic Society,≤100
105715675111401,"স্কোয়াড্রন লীডার সাদরুল আহমেদ খান, অবঃ","স্কোয়াড্রন লীডার সাদরুল আহমেদ খান, অবঃ",≤100
252877475497729,The Bangla Herald,Marketing Pro US,≤100
1637850026472872,বঙ্গবন্ধু অনলাইন আর্কাইভ,Flix Marketing,≤100
111188015681797,Md Ayub Khan,Md Ayub Khan,≤100
112408011480547,তথ্য সাময়িকী,তথ্য সাময়িকী,≤100
2087319891304281,আপডেট প্রকাশন,আপডেট প্রকাশন,≤100
195369264691245,দৈনিক খাগড়াছড়ি   Dainik Khagrachari,Creati Campaign,≤100
405199520209766,The Belt and Road News Network,These ads ran without a disclaimer,≤100
403147350263997,Elite Uptown,These ads ran without a disclaimer,≤100
110364242136709,Faridpur Link,These ads ran without a disclaimer,≤100
100339346327569,Mahfuj Ashraf,These ads ran without a disclaimer,≤100