﻿Page ID,Page name,Disclaimer,Amount spent (USD)
126668827387504,SmartBuy,SmartBuy,≤100
102931605845722,تيار وطني يهدف لتأسيس حزب باسم العمل,حزب العمل,≤100
664477853670759,المكتب الاعلامي للنائب معتز ابورمان,المكتب الاعلامي للنائب معتز ابورمان,≤100
109854728594212,برنامج تحديث القطاع العام,برنامج تحديث القطاع العام,≤100
103323581486845,النائب سليمان موسى ابو يحيى,Sleman Abuyahia,≤100
413390475437832,راصد الأردن _ RASED Jordan,راصد الأردن _ RASED Jordan,≤100
143739582338846,"بسمة الحياة ""Basmt Al Haya""","بسمة الحياة ""Basmt Al Haya""",≤100
112735854756328,حزب الائتلاف الوطني,National Coalition Party - حزب الائتلاف الوطني,≤100
109219087226819,مكتب النائب محمد يحيى المحارمة الاعلامي,مكتب النائب محمد يحيى المحارمة الاعلامي,≤100
107141858896307,Rewell Society,Rewell Society,≤100
521303771314889,وزارة الصناعة و التجارة و التموين الاردنية Mit.gov.jo,وزارة الصناعة و التجارة و التموين الاردنية Mit.gov.jo,≤100
905208189574429,We Rise Center for Sustainable development- مركز نحن ننهض للتنمية المستدامة,We Rise Center for Sustainable development- مركز نحن ننهض للتنمية المستدامة,≤100
108964362065884,الأحرار لحفر الآبار,الأحرار لحفر الآبار,≤100
354945232030231,حزب الإتحاد Etihad Party,حزب الإتحاد Etihad Party,≤100
512436282119834,الأستاذ محمد عودة اللغة العربية التخصّص والمهارات,These ads ran without a disclaimer,≤100
109089748557990,manchestermes2021,These ads ran without a disclaimer,≤100
1874552156187102,Smart Food jordan,These ads ran without a disclaimer,≤100
131189377574,MDPI,These ads ran without a disclaimer,≤100