﻿Page ID,Page name,Disclaimer,Amount spent (EUR)
291934661006674,HSE Ireland,HSE Ireland,≤100
116458968941226,Bord na Móna,Bord Na Móna,≤100
264172043210,Fine Gael,Fine Gael,≤100
6891149895,Concern Worldwide,Concern Worldwide,≤100
18135444535,Trocaire,Trocaire,≤100
1410175299237713,AIB,AIB,≤100
1772885396319952,ESB Careers,ESB Careers,≤100
260630414430823,Department of Social Protection,Department of Social Protection,≤100
247809738564793,Belong To,BeLonG To Youth Services,≤100
201612129410,Oxfam,Oxfam Ireland,≤100
178362315106,European Parliament,European Parliament,≤100
395121633857254,SEAI,SEAI,≤100
88243924389,Depaul Ireland. Ending Homelessness.,Depaul Ireland,≤100
164027949687,Labour Party,Labour Party,≤100
122938653695,Wind Energy Ireland,Wind Energy Ireland,≤100
224615650378,Pro Life Campaign Ireland,Pro Life Campaign,≤100
580763859048353,Gript,Gript,≤100
107898832590939,European Commission,European Commission,≤100
112289898015469,Fair Seas,Fair Seas,≤100
280965412440,National Youth Council of Ireland,National Youth Council of Ireland,≤100
600382190167174,CreativeIrl,Creative Ireland,≤100
447814251923553,National Women's Council of Ireland,National Women's Council of Ireland,≤100
193629300835,VOICE - Voice of Irish Concern for the Environment,VOICE - Voice of Irish Concern for the Environment,≤100
222629035132,Fianna Fáil,Fianna Fáil,≤100
626896357368870,Cllr John Walsh,John Mark Walsh,≤100
527351247377965,European Committee of the Regions,European Committee of the Regions,≤100
137357969666256,GCN,GCN,≤100
765507346939121,Rebel Telly,Johansson Madeleine Britt,≤100
137859686237383,Family & Life,Family & Life,≤100
328734170817962,Milda Sabiene - Holistic Coach,These ads ran without a disclaimer,≤100
60977385137,Cllr Barry Saul,Barry Saul,≤100
104485442592988,Ruairí Fahy,Ruairí Fahy,≤100
845039715506074,Anything Canada,These ads ran without a disclaimer,≤100
1693693237557525,HiBob,These ads ran without a disclaimer,≤100
146853612068126,All-Energy,These ads ran without a disclaimer,≤100
114908574874457,Green Roots,These ads ran without a disclaimer,≤100
19746387261,Humane Society International,These ads ran without a disclaimer,≤100