﻿Page ID,Page name,Disclaimer,Amount spent (USD),Number of ads in Library
109535498733268,ID,These ads ran without a disclaimer,≤100,1
1482884495306077,NaturallyJess Photography,These ads ran without a disclaimer,≤100,1
123664922362721,China Xinhua Economy,These ads ran without a disclaimer,≤100,1
195799657105195,SEGi University & Colleges,These ads ran without a disclaimer,≤100,1
100617599250020,XuQinduo,These ads ran without a disclaimer,≤100,1
17043549797,MIT Technology Review,These ads ran without a disclaimer,≤100,1
110647840532680,Merge Mayor,These ads ran without a disclaimer,≤100,1
725505594135727,Adventure Escape,These ads ran without a disclaimer,≤100,1
149290745229517,Online Antisemitism Task Force,These ads ran without a disclaimer,≤100,1