﻿Page ID,Page name,Disclaimer,Amount spent (USD)
103972089633572,Dr Abdallah Toikeusse MABRI,Dr Abdallah Toikeusse MABRI,≤100
263299207654443,Moussa Sanogo,Konan Arsène Yao,≤100
547227888754049,Jean-Louis Moulot,Jean-Louis Moulot,≤100
244922065530890,Gouvernement de Côte d'Ivoire,Gouvernement de Côte d'Ivoire,≤100
332130298037209,Fondation Paix et Unité en Afrique,Cassoum Hardinan Konate,≤100
188890236551284,Solange Fatima MABRI,Solange Fatima MABRI,≤100
400259033450192,Ministère du Budget-CI,Konan Arsène Yao,≤100
100340844911269,Ensemble pour le Développement du Bafing,Konan Arsène Yao,≤100
1189722894544062,Mohamed Coulibaly,Alpha Berthe,≤100
103695537865434,DJE BI DJE Olivier Vamy,Olivier Dje Bi Dje,≤100
808119029346832,Amédé Koffi Kouakou,Malan Abraham-Wilfried  N'djorey,≤100
286489285087797,Raoul ABY,These ads ran without a disclaimer,≤100
214640851992725,Primature Côte d'Ivoire,Primature Côte d'Ivoire,≤100
106794701449832,DS Photographie,Alpha Berthe,≤100
108719110564311,Plateforme de Prévention et de Lutte contre les Discours de Haine,These ads ran without a disclaimer,≤100
423614001029203,Leon Remnant,These ads ran without a disclaimer,≤100
270082823183144,Canton Fair,These ads ran without a disclaimer,≤100