﻿Page ID,Page name,Disclaimer,Amount spent (USD)
413266606135699,سعد الاوسي,علي نوري,≤100
166178460072395,اليونيسف بالعربية - UNICEF in Arabic,اليونيسف باستخدام اعتمادات الإعلان على الفيسبوك,≤100
108073001676806,مقراب الشرق,مقراب الشرق,≤100
68793499001,UNICEF,UNICEF with Facebook Ad Credits,≤100
1311267208954125,بيت شباب بغداد,احمد عبد الحسين,≤100
184982342154506,حسين العوادي,Hassan Basim Mohammed,≤100
122715016242892,اقتصاد العراق,علا موفق محمد,≤100
110035949016294,Masrour Barzani,ASO,≤100
437591407047522,Rewaq Baghdad Center For Public Policy- مركز رواق بغداد للسياسات العامة,Rewaq Baghdad Center For Public Policy,≤100
467222586811080,شێخەی مەمەند ئاغای ھەمەوەند,شێخەی مەمەند ئاغای ھەمەوەند,≤100
110855024479814,حسن الخفاجي,احمد غازي سالم,≤100
102507131490250,رئاسة الوزراء - مؤسسة الشهداء,Hussam Alden Awham,≤100
108006865232543,دوم,حسن رحيم محمد,≤100
100777926142279,عمار موسى كاظم,عمار موسى كاظم,≤100
159370874867950,محمود حسين القيسي,Mahmood Mutlag,≤100
100662932593098,الوسط 24,الوسط 24,≤100
399110903587431,دژه تیرۆری کوردستان Kurdistan CT,ASO,≤100
115086363563052,ايفان فائق جابرو Evan Faek Gabro,حسين يوسف,≤100
407001929890342,الاعلامي بهاء المستشار,الاعلامي بهاء المستشار,≤100
104004428998057,النائب الشيخ عبد الهادي الحسناوي Abdul Hadi Alhasnawi,علي محمد مطشر,≤100
105797815161763,البروفيسور الدكتور حيدر محمد كاظم المطيري,البروفيسور الدكتور حيدر محمد كاظم المطيري,≤100
109447781346241,النائب ياسر المالكي,النائب ياسر المالكي,≤100
110134013821354,داركا مازى - سۆرانی,Darka Mazi,≤100
1159516580738783,مديرية بلدية الكرمة,مديرية بلدية الكرمة,≤100
100333398208632,ابن الفرات ودجلة,ابن الفرات ودجلة,≤100
1816623088651940,مشرق الفريجي,مشرق الفريجي,≤100
105751228715800,د.طلال خضير الزوبعي,د.طلال خضير الزوبعي,≤100
110314751876889,فايتو كلينكى ابراهيم قادر Q,These ads ran without a disclaimer,≤100
418944648163190,باقر جبر الزبيدي,حيدر العامري,≤100
111763060956749,قلم دولة القانون الثانية,قلم دولة القانون الثانية,≤100
267078350122003,الدكتور ماجد شنكالي,الياس الحسين,≤100
102682039247529,الیقین,barqnews,≤100
721595564641442,خان جغان,خان جغان,≤100
492511684171110,الغد برس,الغد,≤100
105228038819640,مكتبة عشتار القانونية,These ads ran without a disclaimer,≤100
110336839057295,INSM Network شبكة أنسم,INSM for Social media  organization,≤100
104886081432069,حركة البشائر الشبابية,حركة البشائر الشبابية,≤100
1298625980153968,Tech 4 Peace التقنية من اجل السلام,Tech For Peace,≤100
102972181270368,رئيس مسلفن,رئيس مسلفن,≤100
102183228446985,البيت العراقي,Haider Alzubaidi,≤100
107461271287114,ملتقى البشائر,ملتقى البشائر,≤100
108851887527361,خالد وليد,حيدر محمد هادي,≤100
104996658111073,المطلع,مصطفى جبار,≤100
461246914278235,محمد فاضل الدليمي,Abdolkareem Almizan,≤100
203265660007239,الزعيم,الزعيم,≤100
335087470495241,Bra Gawra برا گەورە,Diyar Hamad,≤100
754898164888670,الحملة الوطنية لتعديل المادة ٥٧ احكام الحضانة,Rasool Ali,≤100
105721741295838,برنامج جملة مفيدة,برنامج جملة مفيدة,≤100
1160815700740657,المهندسة ليلى مهدي التميمي,Layla Abdulhussein,≤100
105785298641136,محمد الزيدي,محمد الزيدي,≤100
105660452171210,مؤسسة خطى للصحافة,Rasool Ali,≤100
1066183836729650,محمد توفيق علاوي,Mohammed Allawi,≤100
103975731191844,حيدر العامري,حيدر العامري,≤100
1710947889173929,محمد جميل المياحي,محمد جميل المياحي,≤100
100298849565049,مضلومين جرحى الجيش العراقي,These ads ran without a disclaimer,≤100
100471152287720,Kamal Agha,Kamal Agha,≤100
113153977690492,Dr.Narmin Maruf د.نەرمین معروف,Ariwan M Ghafoor,≤100
1419723164933463,حسن توران Hasan Turan,These ads ran without a disclaimer,≤100
927235873972094,بغداد,بغداد,≤100
2208460599441855,علي مزهر المعموري,Rasool Ali,≤100
575726752465932,الدكتورة اسماء كمبش,ايمن عراك العبيدي,≤100
107810431767723,وكالة صدئ الأعلام Sada News Agency,وكالة صدئ الأعلام Sada News Agency,≤100
105892975326488,غريب التركماني - Ghareb AlTurkmani,رفعت عبدالقادر,≤100
2007970975888041,تحفة الخواتم والأحجار الكريمة,These ads ran without a disclaimer,≤100
299310027363262,صفحة تحشيش عراقي,صفحة تحشيش عراقي,≤100
101457658888133,Mariwan Qarani  مەریوان قەرەنی دزەیی,Mariwan Qarani  مەریوان قەرەنی دزەیی,≤100
1951151558245122,Karwan Gaznay,Karwan Gaznay,≤100
102948571453586,الانبار خيمتنا,jibalco,≤100
102119931136710,ژووری بازرگانی و پیشەسازی هەڵەبجە,Kizhan Baqi Hama Amin,≤100
735296983241519,معن السعدي,معن زيد السعدي,≤100
100176145976164,شاكر التميمي ابو تراب,حسنين محمد,≤100
124252504303223,UNICEF (FR),UNICEF avec des crédits publicitaires Facebook,≤100
669175646466200,Yonadam Kanna - يونادم كنا,Yonadam Kanna,≤100
626981910705310,بەڕێوەبەرایەتی گشتی چاودێری و گەشەپێدانی کۆمەڵایەتی-ھەولێر,Ramyar Jawad Jalal,≤100
106995204835895,سوالف Plus,سوالف Plus,≤100
167878593236712,UNICEF en español,UNICEF con créditos publicitarios de Facebook,≤100