﻿Page ID,Page name,Disclaimer,Amount spent (RON)
1395939193764858,Marcel Ciolacu,Partidul Social Democrat,102
1058116737612843,USR,Uniunea Salvați România,≤100
1592660281028385,USR Bihor,USR Bihor,≤100
291177524360702,Partidul Social Democrat,Partidul Social Democrat,≤100
178362315106,European Parliament,European Parliament,≤100
101170469166841,Florian Sirca,Florian Sirca,≤100
163943696987223,Ziarul Puterea,Ziarul Puterea,≤100
108295090637741,ASAP România,Fundatia The Institute,≤100
321890494859228,Vlad Gheorghe,Vlad Gheorghe,≤100
113873916863079,Mathias Corvinus Collegium - Erdély,Mathias Corvinus Collegium Egyesület,≤100
1560147330888040,Winkler Gyula,Winkler Gyula,≤100
149371012371397,Newsweek Romania,Newsweek Romania,≤100
107898832590939,European Commission,European Commission,≤100
114319753592403,AFACERI.news,Trend Communication,≤100
708767705922205,Eurotrans Alapítvány,Eurotrans Alapítvány,≤100
215328865181171,Borboly Csaba,Borboly Csaba,≤100
731035500293728,Siegfried Muresan,Siegfried Muresan,≤100
101285816081220,Ilias Papageorgiadis,Ilias Papageorgiadis,≤100
1559885467641191,Râul Alb,Râul Alb,≤100
608578919186659,World Vision International,These ads ran without a disclaimer,≤100
581911828514783,Partidul Mișcarea Populară,Partidul Mișcarea Populară,≤100
279454772645662,Nicu Ștefănuță,Nicu Ștefănuță,≤100
102743169253473,Reciclăm în România,Reciclăm în România,≤100
747983061916032,Átlátszó Erdély,Átlátszó Erdély,≤100
686190454826244,Declic,Declic,≤100
332232000196436,ARCA - Romanian Forum for Refugees and Migrants,ARCA Forumul Român pentru Refugiați și Migranți,≤100
1156150484398630,MozaiQ,MozaiQ,≤100
200813406761691,Corina Cretu,Corina Cretu,≤100
186612088034700,Facias - Fundatia pentru Apararea Cetatenilor Impotriva Abuzurilor Statului,FACIAS,≤100
207741001672,Speranta pentru Romania,Speranta pentru Romania,≤100
100154552860227,Alina Sperlea,Alina Sperlea,≤100
109983011774065,Proiectul Romania 2030,Sociallite Media Solutions,≤100
102106432515274,Partidul Patriotilor,Partidul Patriotilor,≤100
181221645364365,Carmen Avram,Carmen Avram,≤100
293176278283120,Cronicile - Curs de guvernare,Varianta Media,≤100
360828814115641,Asociatia Slujire Crestina,Asociatia Slujire Crestina,≤100
132389806830877,Peace Action Training and Research Institute of Romania (PATRIR),Peace Action Training and Research Institute of Romania (PATRIR),≤100
333606539787,UNICEF Romania,These ads ran without a disclaimer,≤100
188113901227053,Maszol.ro,Maszol.ro,≤100
2546711162025064,Politice.net,politice.net,≤100
332232000196436,ARCA - Romanian Forum for Refugees and Migrants,ARCA - Romanian Forum for Refugees and Migrants,≤100
1190871690932388,New Star Online TV,NewStarOnlineTV,≤100
104369154745548,Diana Stoica,Diana Stoica,≤100
1145522045624751,Filip Havarneanu,Filip Havarneanu,≤100
104417752138292,Claudiu Târziu,Claudiu Târziu,≤100
111683464064929,Sergiu Mihalcea,Sergiu Mihalcea,≤100
509548582409324,Ghidul Primãriilor,Millenium Management Sistem SRL,≤100
100348189494015,Robert Vitoș,Robert Vitoș,≤100
1498149113813076,Florin Cîţu,Florin Cîţu,≤100
112460626989588,Antal Géza,Antal Géza,≤100
111994702189326,Săptămâna Financiară,Săptămâna Financiară,≤100
321896004518929,Ioan Mang,Ioan Mang,≤100
658668994510595,Norofert Group,Norofert Group,≤100
2443020582586584,Romania Eficienta,Romania Eficienta,≤100
360184320712594,Raluca Turcan,Partidul Naţional Liberal,≤100
107066808189586,Panorama.ro,NEWBIZ ONLINE PUBLISHING S.R.L.,≤100
101340741758468,Radu Pescar,Radu Pescar,≤100
137651470305528,Federația Patronală Petrol și Gaze,Federatia Patronală Petrol și Gaze,≤100
1491544234239734,Forța Dreptei,Forta-Dreptei,≤100
1164341813627057,Maria Gabriela Horga,Maria Gabriela Horga,≤100
111190480252428,Radu Molnar,Radu Molnar,≤100
100642451664106,Adrian Madar,Adrian Madar,≤100
103445844473825,Alianța pentru Unirea Românilor - AUR,Partidul Alianta pentru Unirea Romanilor,≤100
102410783138358,Anuntul Telefonic,Anuntul Telefonic SRL,≤100
281341562263123,Cristina Prună,Cristina-Madalina Pruna,≤100
150909498384134,Varga Glad,Varga Glad,≤100
100750288081463,Partidul România în Acțiune,Partidul Romania in Actiune,≤100
675042232534141,Vincze Loránt,Vincze Loránt,≤100
109849657256655,60m.RO,60M.RO,≤100
163950740830769,Gaz De Romania,Gaz De Romania,≤100
799949990211564,Ioana Ramona Bruynseels,Ioana Ramona Bruynseels,≤100
174794259264098,FDP - Protagoniști în educație,Asociația FDP - Protagoniști în Educație,≤100
344517529430253,Senatul Științific,Senatul Stiintific,≤100
100491781650498,Premierul Nostru,Premierul Nostru,≤100
201920416986321,EM360 Studio,EM360 cu Adi Maniutiu,≤100
1161590740517881,Tomis News,Tomis News,≤100
502514186907494,Apa Noastră,Apa Noastră,≤100
116634326439880,Mindcraft Stories,Mindcraft Stories,≤100
116481441424828,KartaStruct,KartaStruct,≤100
153754291326316,Calea Europeană,European Media Connections,≤100
101763692272709,Avocat Ciuchi Elena-Corina,Cabinet de Avocat CIUCHI Elena-Corina,≤100
1046576302107963,Ciprian Serban,Ciprian Serban,≤100
600025356762034,Carina Pflege Locuri de munca Germania,Olimpia Schugar,≤100
308475693108961,USR Sălaj,USR Sălaj,≤100
103445844473825,Alianța pentru Unirea Românilor - AUR,Partidul Politic ALIANȚA PENTRU UNIREA ROMÂNILOR,≤100
112130176975380,Radu Ghidău,Radu Ghidău,≤100
779335275738093,Podul,Podul,≤100
155195491318605,eoficial.ro,Eoficial.ro,≤100
932511363436611,Cristian Dima,Cristian Dima,≤100
169962753021439,A.L.E.G.,A.L.E.G.,≤100
772662992868343,PNL Arges,PNL Arges,≤100
541786549285013,Saint-Gobain,Saint-Gobain,≤100
192365285011395,Si eu reusesc,A.L.E.G.,≤100
516576808811320,Bogdan Simcea,Bogdan Simcea,≤100
2335902076680451,AGXecutive,AGXECUTIVE,≤100
375782699694430,USR Ialomița,USR Ialomița,≤100
568228499905015,Liga Studenţilor - LS IAŞI,Liga Studenților (LS IAȘI),≤100
104143560936377,Irineu Darău,Birou Parlamentar Ambrozie-Irineu Darău,≤100
253324688030581,Municipiul Alba Iulia,Municipiul Alba Iulia,≤100
103383915623247,Mișcarea pentru Democrație Directă,Asociația Mișcarea pentru Democrație Directă,≤100
908169412659988,Bogdan Grecia,Bogdan Grecia,≤100
1796777377209154,Regia Nationala a Padurilor - Romsilva,Regia Nationala a Padurilor - Romsilva,≤100
582876612392374,Hotel Ceres Pucioasa,Hotel Ceres Pucioasa,≤100
442948192439179,Silvian-Emanuel Man,Silvian-Emanuel Man,≤100
105860297893714,Alin Prunean,Alin Prunean,≤100
1029958020423567,Agro-Est Muntenia,Agro-Est,≤100
2115532971858871,Adela Mîrza,Adela Mîrza,≤100
699756933795757,VoxiKids & VoxiClinic,These ads ran without a disclaimer,≤100
1165715730222155,Consumer Choice Center,These ads ran without a disclaimer,≤100
101351691906645,The Primary Market - News,These ads ran without a disclaimer,≤100
109231571984405,Accelera,These ads ran without a disclaimer,≤100
144709575593854,EESC - European Economic and Social Committee,EESC - European Economic and Social Committee,≤100