﻿Page ID,Page name,Disclaimer,Amount spent (USD)
315543515306,Jing Daily,These ads ran without a disclaimer,≤100
186948511918618,Positive Bangladesh,My Atlier Group US,≤100
2207468469513727,নৌকা মানেই,নৌকা মানেই,≤100
578156405862003,Peoples Voice,Peoples Voice,≤100
1637850026472872,বঙ্গবন্ধু অনলাইন আর্কাইভ,Flix Marketing,≤100
106044692275946,Munirul Islam-USA,Md Rajib Hossain,≤100
113907884923546,Voice of the Displaced People,Reality Media US,≤100
254138648026636,সফল বাংলাদেশ,Effective Lead Gen,≤100
475402742952519,Nagad,Nagad,≤100
162107741307973,এই বাংলাদেশ আমাদের,My Farmers Marketing,≤100
121216721829412,Channel 100live,Channel 100live,≤100
720416484761822,Canadian University of Bangladesh,Canadian University of Bangladesh,≤100
100662781542829,Shaikh Rabiul Alam - শেখ রবিউল আলম,Shaikh Rabiul Alam,≤100
353130515348425,Bangladesh Nationalist Party-BNP,Bangladesh Nationalist Party-BNP,≤100
116167389784568,আমার নেত্রী আমার অহংকার,Flix Marketing,≤100
166064673583399,Bangladesh Awami League,Bangladesh Awami League,≤100
421525621216889,Md. Zahid Ahsan Russel,Md. Zahid Ahsan Russel,≤100
2178258972197731,Jashorer Alo - যশোরের আলো,Marketing Hub,≤100
2022137391381938,এই বাংলাদেশ তোমাদের নয়,My Farmers Marketing,≤100
132975130832652,Amader Muktijuddho,My Farmers Marketing,≤100
111957404856099,জাতীয় অপরাধ দমন,Sk. Robiul Islam,≤100
100612562275472,Razzak Fashion - রাজ্জাক ফ্যাশন,Razzak Fashion - রাজ্জাক ফ্যাশন,≤100
720542491349738,Golam Rabbani MP,Golam Rabbani MP,≤100
229443881058540,BD Peoples Voice,BD Peoples Voice,≤100
105415618976603,গুজব নয় সত্য জানুন,Marketing Hub,≤100
1865638280223884,Rajneeti - রাজনীতি,Rajneeti - রাজনীতি,≤100
105867285406730,Deshi Dokandar-দেশি দোকানদার,Deshi Dokandar-দেশি দোকানদার,≤100
104379682060158,Bahanno News,Bahanno News,≤100
101179095098420,,These ads ran without a disclaimer,≤100
347135082762359,Salman F Rahman,Salman F Rahman,≤100
106640414740622,Channel i Positive Think,Channel i Positive Think,≤100
658677457494816,Mohammad Abdus Salam,Mohammad Abdus Salam,≤100
1388338531465711,A F M Bahauddin Nasim,A F M Bahauddin Nasim,≤100
103564102653807,জাগ্রত জনতা,Centrals Marketing,≤100
108617938808376,ষড়যন্ত্রের আড়ালে,Flrida Marketing,≤100
2010148635707437,Cox's Bazar Barta - কক্সবাজার বার্তা,Bright Agency UK,≤100
107579682072496,নাগরিক বার্তা,Httr Ads,≤100
376099195859305,BEXIMCO Group,BEXIMCO Group,≤100
113142841677963,রুপসী বাংলা,High Reach Market,≤100
100421296207429,ক্রাইম স্টেশন-Crime Station,ক্রাইম স্টেশন-Crime Station,≤100
433659713676324,Daily Bangladesh,Daily Bangladesh,≤100
378866836224660,কেরানীগঞ্জের আলো-Keraniganjer Alo,Marketing Solution,≤100
508518392998811,প্রাণের দোহার-Praner Dohar,Marketing Solution,≤100
1869501926674963,Bengali Fish,Bengali Fish,≤100
385200605556790,OLD Collection,Md Rozoan,≤100
2120667158192427,আলহাজ্ব মোহাম্মদ ইমরান,আলহাজ্ব মোহাম্মদ ইমরান,≤100
100136675633592,City University Law Clinic,These ads ran without a disclaimer,≤100
2006346436293044,Bengali Village Life,Bengali Village Life,≤100
110233305051874,Our BNP,Our BNP,≤100
1158558077599329,Gawsia CYCLE,Gawsia CYCLE,≤100
104330692431798,Law of Teach,Law of Teach,≤100
1062126860561994,B20,These ads ran without a disclaimer,≤100
527402880793569,MAMUN BOOK HOUSE,Md. Salim Prodania,≤100
105009155821106,Rhythm Studio - রিদম স্টুডিও,Rhythm Studio,≤100
105715675111401,"স্কোয়াড্রন লীডার সাদরুল আহমেদ খান, অবঃ","স্কোয়াড্রন লীডার সাদরুল আহমেদ খান, অবঃ",≤100
321977421298095,Robiul Chowdhury - Entrepreneur,Robiul Chowdhury - Entrepreneur,≤100
101651602036095,Mississippi Publications-মিসিসিপি পাবলিকেশন্স,Md Rozoan,≤100
117271574600947,বিএনপি পাড়া,বিএনপি পাড়া,≤100
2048704288508984,বর্ণিল নবাবগঞ্জ-Bornil Nobabgonj,Auto App Inc,≤100
117209162477,Ebarta24.com,Marketing Pro US,≤100
388975341269133,Tonmoy Ahmed,Tonmoy Ahmed,≤100
111251941065959,বাংলার সমাচার,Think Digital Way,≤100
154980965129452,Dhaka Television,Dhaka Television,≤100
1910583609067515,প্রগতির মানিকগঞ্জ-Progotir Manikganj,My Solution Blog,≤100
336386199810482,Md Abu Zahir MP,Md Abu Zahir MP,≤100
155185439618881,বিদ্যাবাড়ি অনলাইন বুকশপ,Md Rozoan,≤100
401664150604083,Daily Jagrota Bangla,Daily Jagrota Bangla,≤100
103146419330272,asiantv.com.bd,asiantv.com.bd,≤100
101441019341553,Thank You PM,Thank You PM,≤100
113832573346564,Nazrul Islam,Nazrul Islam,≤100
195369264691245,দৈনিক খাগড়াছড়ি   Dainik Khagrachari,Creati Campaign,≤100
1469752156670918,Youth China,These ads ran without a disclaimer,≤100
105035929098779,Politic Society,Politic Society,≤100
110831108510024,Smart Bangladesh,Smart Bangladesh,≤100
118836341508913,নেত্রী মোদের শেখ হাসিনা,Think Digital Way,≤100
102154792727399,Barishalprotidin.com,Barishalprotidin.com,≤100
17043549797,MIT Technology Review,These ads ran without a disclaimer,≤100
102521466020383,আমি বাংলার,আমি বাংলার,≤100
102439912825860,Sayeed Md Abdullah,These ads ran without a disclaimer,≤100
111007451914431,Md Shaiful Islam,These ads ran without a disclaimer,≤100
101904779388952,ভালোর পথে-Bhalor Pothe,ভালোর পথে-Bhalor Pothe,≤100
115275328112823,Abbdul Wahab,These ads ran without a disclaimer,≤100
224597158386607,Rosa Luxemburg Foundation,These ads ran without a disclaimer,≤100
104256609098696,ranassocial,These ads ran without a disclaimer,≤100
217644452151629,许志国 Clement Hii,These ads ran without a disclaimer,≤100
293937480708088,Clement Hii,These ads ran without a disclaimer,≤100