﻿Page ID,Page name,Disclaimer,Amount spent (RON)
1058116737612843,USR,Uniunea Salvați România,342
990747367737692,Cătălin Drulă,Uniunea Salvați România,121
178362315106,European Parliament,European Parliament,≤100
1395939193764858,Marcel Ciolacu,Partidul Social Democrat,≤100
110725648226387,ArgesNews24.ro,argesnews24,≤100
201835610228573,PNL Câmpulung,PNL Arges,≤100
494469087244449,Eugen Tomac,Eugen Tomac,≤100
1559885467641191,Râul Alb,Râul Alb,≤100
108295090637741,ASAP România,Fundatia The Institute,≤100
147547541961576,Council of the European Union,Council of the European Union,≤100
1434157033499791,Primăria Municipiului Râmnicu Vâlcea,IT LIVE,≤100
105005957975909,Alexandru Lucian MIHAI - pentru comuna Moșoaia,Mihai Alexandru Lucian,≤100
163943696987223,Ziarul Puterea,Ziarul Puterea,≤100
114319753592403,AFACERI.news,Horia-Marius Bogdan,≤100
364996840328403,Asociația Liga Albanezilor din România,ALAR,≤100
207741001672,Speranta pentru Romania,Speranta pentru Romania,≤100
731035500293728,Siegfried Muresan,Siegfried Muresan,≤100
177992992396061,SenioriNET,SenioriNET,≤100
101643545586108,Alianța Pentru Patrie,Alianța Pentru Patrie,≤100
110479207242174,Dan Alexandru Tică,Tică Dan Alexandru,≤100
107898832590939,European Commission,European Commission,≤100
100211372942318,România=GEȚIA,Mărgărit-Daniel Buzoi,≤100
360828814115641,Asociatia Slujire Crestina,Asociatia Slujire Crestina,≤100
200813406761691,Corina Cretu,Marina Alin-Constantin,≤100
181221645364365,Carmen Avram,Carmen Avram,≤100
104484254797326,Laura Vicol,Deputat Laura Vicol,≤100
107029625474765,Nicușor Halici,PSD Vrancea,≤100
101340741758468,Radu Pescar,Pescar Radu Mircea,≤100
289324877762564,Expert Forum (EFOR),Expert Forum (EFOR),≤100
1449284915381234,Ionel Bogdan,PNL Maramureş,≤100
1128229287275038,Silvia Dinică,Silvia Dinică,≤100
104519198394311,Rareș Hopincă,Rares Hopinca,≤100
281341562263123,Cristina Prună,Cristina-Madalina Pruna,≤100
509548582409324,Ghidul Primãriilor,Millenium Management Sistem SRL,≤100
360184320712594,Raluca Turcan,Partidul Naţional Liberal,≤100
103446382404086,Alianţa Pentru Patrie Tineret,Alianţa Pentru Patrie Tineret,≤100
112130176975380,Radu Ghidău,Radu Ghidau,≤100
144932509181154,Simona Bucura Oprescu,Actualitati Argesene,≤100
2443020582586584,Romania Eficienta,Romania Eficienta,≤100
102743169253473,Reciclăm în România,Reciclăm în România,≤100
109097618335138,Eduard Mititelu,Eduard Mititelu,≤100
110031705736088,Alpha Media,Cristian Ciobănuc,≤100
101763692272709,Avocat Ciuchi Elena-Corina,Cabinet de Avocat CIUCHI Elena-Corina,≤100
149371012371397,Newsweek Romania,Newsweek Romania,≤100
2335902076680451,AGXecutive,These ads ran without a disclaimer,≤100
186612088034700,Facias - Fundatia pentru Apararea Cetatenilor Impotriva Abuzurilor Statului,FACIAS,≤100
103640708229788,Laurențiu Marin,Laurentiu-Daniel Marin,≤100
344517529430253,Senatul Științific,Senatul Stiintific,≤100
325574608291302,Chirilă Alin,Chirilă Alin,≤100
109983011774065,Proiectul Romania 2030,Sociallite Media Solutions,≤100
100872245631464,AEM Holding,AEM Holding,≤100
100405011855388,Oana Cambera,Cabinet Deputat Oana Cambera,≤100
111190480252428,Radu Molnar,Radu Iulian Molnar,≤100
107126744527532,Farcaș Mihai-Dan,FARCAS MIHAI DAN,≤100
106282087882731,Dinu Gheorghe,Dinu Nicolae Gheorghe,≤100
945290092249958,Marius Horia Țuțuianu,Marius Horia Țuțuianu,≤100
101050491593899,Mihai Birsan,Mihai Birsan,≤100
741115212683860,Astrolog Adrian Chelariu,Adrian Chelariu,≤100
364996840328403,Asociația Liga Albanezilor din România,These ads ran without a disclaimer,≤100
1565657143706900,Andaluzia Luca,Andaluzia Luca,≤100
1633054980268917,Daniel Ciungu,Daniel Ciungu,≤100
105161319151880,Cosmin Dan Badea,Dan-Cosmin Badea,≤100
600025356762034,Carina Pflege Locuri de munca Germania,Olimpia Schugar,≤100
102130631160828,Horațiu Florea,These ads ran without a disclaimer,≤100
104393964687688,Vasile Toma,Vasilica Toma,≤100
939093039450192,PS News,PS News,≤100
138013066338332,Asociația Umanistă Română,Adrian Călugăru,≤100
100730011789747,Minculeasa Claudiu,MINCULEASA CLAUDIU-NICOLAE,≤100
101380722809080,Fundația Dana Voiculescu pentru solidaritate,FDVS,≤100
784605865010605,Eugen Nae Consilier Judetean,Nae Eugen,≤100
104366758218428,Petrovan Sorin,Sorin-Zaharia Petrovan,≤100
109849657256655,60m.RO,60M.RO,≤100
108354630810359,Robert Alecu,Robert Alecu,≤100
1161590740517881,Tomis News,Tomis News,≤100
100491781650498,Premierul Nostru,Premierul Nostru,≤100
137651470305528,Federația Patronală Petrol și Gaze,Federatia Patronală Petrol și Gaze,≤100
104369154745548,Diana Stoica,Diana Stoica,≤100
110907250415580,Cristian Simoiu,Simoiu Cristian,≤100
103485715128042,Gazetarii.RO,Gazetarii.RO,≤100
1145522045624751,Filip Havarneanu,Filip Havarneanu,≤100
908169412659988,Bogdan Grecia,Crecia Ionut-Bogdan,≤100
165467823513147,Alin Tișe,Alin Tișe,≤100
1491544234239734,Forța Dreptei,Forta-Dreptei,≤100
225783874101141,Institutul pentru Politici Sociale,Institutul pentru Politici Sociale,≤100
122480165084642,Curierul Românesc,Curierul Românesc,≤100
957305967719678,Sergiu DAVID,Sergiu David,≤100
113387906767945,Nicoleta Bercaru,Nicoleta Bercaru,≤100
106210688186070,TemaZilei.RO,TemaZilei.RO,≤100
110448498160151,Ion Stefanovici,News Moldova,≤100
404109952964413,Fundatia Motivation Romania,Fundația Motivation România,≤100
106075378244914,Tomis Tv,Dorian Hapurnea,≤100
103720355096432,ProPublica.RO,ProPublica.RO,≤100
260419237866,World Vision Romania,World Vision Romania,≤100
242636699406893,"Se poate mai mult. Limanu - 2Mai, Vama Veche, Hagieni",Gheorghe-Daniel Georgescu,≤100
107218531444421,Alin Gojgărea,Marian-Alin Gojgarea,≤100
2335902076680451,AGXecutive,AGXECUTIVE,≤100
1728821047350437,Adrian Ioan Veştea,Adrian Vestea,≤100
267821410080602,Cronica Romana,Parvu Florin,≤100
103016298769665,Smaranda Nicoleta Lup,Smaranda Nicoleta Lup,≤100
109485238372885,Economistii.RO,Economistii.RO,≤100
201920416986321,EM360 Studio,EM360 cu Adi Maniutiu,≤100
103236052659110,Alianța Pentru Patrie Bihor,These ads ran without a disclaimer,≤100
110775848441310,Podul,Podul.ro,≤100
204648893268835,Moga Liliana,Moga Liliana,≤100
113009310432947,Ilie Cheșa,Chesa Ilie,≤100
211931302217969,Organizația Umanitară CONCORDIA,Organizația Umanitară CONCORDIA,≤100
106739977698088,Marius Eugen Ostaficiuc,Marius Eugen Ostaficiuc,≤100
188113901227053,Maszol.ro,Maszol.ro,≤100
103699915626820,NyárON Szereda,NyárON Szereda,≤100
219945448554768,Ministerul Investitiilor si Proiectelor Europene,Gabriel Bujor,≤100
115643645121323,Deuter,These ads ran without a disclaimer,≤100
28312410177,World Food Programme,These ads ran without a disclaimer,≤100
110066008599397,EVANews,These ads ran without a disclaimer,≤100
805499066304399,Centre for International Studies and Development,These ads ran without a disclaimer,≤100
152821138643309,Vai și-amar,These ads ran without a disclaimer,≤100
102912091863686,Volvo Penta on Land,These ads ran without a disclaimer,≤100
1609569505990338,Східноукраїнський національний університет імені Володимира Даля,These ads ran without a disclaimer,≤100
479285342097950,AeroTime,These ads ran without a disclaimer,≤100