﻿Page ID,Page name,Disclaimer,Amount spent (PHP)
100350202335117,Benhur Abalos,Authority Asia Communications Inc.,3892
879044322448755,Bicol Reporter,Ivy Joy Castañeda,2254
240031043234904,Bicol News,Joshua Arroyo Pinca,1137
1087859964611855,Philippine Competition Commission,Philippine Competition Commission,859
102965912000814,Congressman Hori Horibata,Congressman Hori Horibata,394
550013548423077,ECPAT Philippines,ECPAT Philippines with Facebook Ad Credits,298
105208138596114,Thunderbird Feeds,Thunderbird Feeds,269
265779500134955,SM Supermalls,SM Supermalls,268
156752721080952,Sonny Angara,Sonny Angara,124
1512452085732585,Stratbase ADR Institute,Stratbase ADR Institute,116
325780477966356,Geo 24/7,Energy Development Corporation,≤100
495629064258114,Lolita Karen Javier,Amor U. Nacional,≤100
324393636342,Ernix Dionisio,Ernesto Mijares Dionisio Jr.,≤100
112952897079549,Energy Development Corporation,Energy Development Corporation,≤100
505887912898325,Positive Energy,Energy Development Corporation,≤100
263066651005055,"Ramon Bong Revilla, Jr.","Ramon Bong Revilla, Jr.",≤100
969917173120995,Susan Yap,Sulong Pilipinas,≤100
351879361521039,Cong. Nonoy Libanan,Cong. Nonoy Libanan,≤100
134063767245964,Juvenile Justice and Welfare Council,Juvenile Justice and Welfare Council,≤100
104446629136564,Robert Nazal,Magsasaka Partylist,≤100
106352075165169,e-Boto,e-Boto,≤100
113238417024056,Anna Mae Yu Lamentillo,Anna Mae Yu Lamentillo,≤100
1566478310240623,Francis Tolentino,Francis Tolentino PH,≤100
48688071399,Greenpeace Philippines,Greenpeace Philippines,≤100
2101088876594734,MBS- Senior Deputy Speaker DOY Leachon,Ronalee Escondo Leachon,≤100
163550757135020,News5,News5,≤100
1030706640379655,Pilipinas: Coal Free by 2030,Coal Free Philippines,≤100
1856762054441904,Hirit Ph,Kalvin Buenaobra Castillo,≤100
529901257160994,Paz Radaza,Klin Mar Mejo,≤100
1332938170076882,Tatak QC,Polsure,≤100
147975588597216,Stratbase,These ads ran without a disclaimer,≤100
1759941490758280,Jerry Treñas,Ma. Ruthmar Ignacio Gabileo,≤100
100770729339080,Cong. Wilbert Lee,Cong. Wilbert Lee,≤100
107092931016452,Negosyante News,Negosyante News,≤100
112758121650298,Ang bayan ko,These ads ran without a disclaimer,≤100
122799741066892,National Youth Commission,National Youth Commission,≤100
102327208446392,FACTS,FACTS,≤100
340576463286386,Mayor Warren Pabillaran,Elnest Walven Valdez Tagabi,≤100
1380167115635985,LEDS Clothing,Jc Vidad Salvador,≤100
752359378112511,National Authority for Child Care,These ads ran without a disclaimer,≤100
102338925458321,Rapid News PH Luzon,Rapid News PH,≤100
104988244674974,Mobility Awards,The Climate Reality Project Philippines,≤100
1922749344643532,The World Tonight,The World Tonight,≤100
320130741416822,Special Olympics Pilipinas,Special Olympics Pilipinas,≤100
100108226244136,PH 24 ORAS,The Message Booster Enterprise,≤100
112131201686528,SUPER KAP,The Message Booster Enterprise,≤100
249691921715548,Commission on Higher Education(CHED),Commission on Higher Education(CHED),≤100
201730449979457,Councilor Aldrin Soriano,Friends of Aldrin Soriano,≤100
1834423440210624,"Bantay Konsyumer, Kalsada, Kuryente","Bantay Konsyumer, Kalsada, Kuryente",≤100
108054937278381,Ang Mambabatas,Kalvin Buenaobra Castillo,≤100
222641688432109,Gising Manila,Kalvin Buenaobra Castillo,≤100
113916500957106,Wag Matakot Magpaturok Campaign,Lawrence Angelo Magno Malasa,≤100
101329642785264,Alyansa,The Message Booster Enterprise,≤100
158714780827513,UNFPA,These ads ran without a disclaimer,≤100
100762828016059,Pulsong Pinoy,Kalvin Buenaobra Castillo,≤100
102907729290658,Pilipinas Kong Mahal,The Message Booster Enterprise,≤100
105274024226142,Alam na Diz,Kalvin Buenaobra Castillo,≤100
275175112891680,Bureau of Customs - Port of Davao,These ads ran without a disclaimer,≤100
774149009339209,The Climate Reality Project Philippines,The Climate Reality Project Philippines,≤100
109553961948069,Ang Magsasakang Pilipino,The Message Booster Enterprise,≤100
101519447958487,Pilipinas News Online,Kalvin Buenaobra Castillo,≤100
229162103880856,Wanna Fact PH,WFPH,≤100
106750144853075,Western Visayas Peace Advocates,Jake Delos Reyes,≤100
289357469540221,Sustainability Solutions Exchange,These ads ran without a disclaimer,≤100
101219055722538,One Manila,Jose Bonifacio Iii,≤100
519699361443605,Municipal Government of Tboli,Antonio Renubas Cabinbin Iv,≤100
287777062085215,Talksh8t,Kalvin Buenaobra Castillo,≤100
1030706640379655,Pilipinas: Coal Free by 2030,These ads ran without a disclaimer,≤100
406656099381045,Jose Ma Montelibano's Blog,Jose Ma. Locsin Montelibano,≤100
532990460082661,"Senator Ronald ""Bato"" Dela Rosa",Senate of the Philippines,≤100
109561411384776,AA Legarda,AA Legarda,≤100
107709755469083,Bayan ng Magigiting,The Message Booster Enterprise,≤100
104894502421974,PH Biz Forum,The Message Booster Enterprise,≤100
100173486265813,Malayang Pilipinas,The Message Booster Enterprise,≤100
111303025104461,Yarn ang Pinoy,The Message Booster Enterprise,≤100
332536503771530,Vice Governor Karen Agapay,Edgar Habana Ruado,≤100
863961397133615,Young Advocates for SRHR,These ads ran without a disclaimer,≤100
154386154617,WWF-Philippines,WWF-Philippines,≤100
100528022689066,Association of Concerned Citizens - WV,Jake Delos Reyes,≤100
308668033138598,"Vice Mayor Angelito ""Totie"" Lazaro Jr.",Sammy Figura Grubanzo,≤100
100305568984268,EdukNaman,Philippine Business for Education,≤100
104595105786231,Pinoy OFW Network,The Message Booster Enterprise,≤100
1512452085732585,Stratbase ADR Institute,These ads ran without a disclaimer,≤100
914556591894195,CitizenWatch Philippines,CitizenWatch Philippines,≤100
316574925599451,Sweet Post,Aleika Gonzaga Vasquez,≤100
103679252545648,Obrero Pilipino,The Message Booster Enterprise,≤100
522302631184659,Philippine Business for Environmental Stewardship,These ads ran without a disclaimer,≤100
100882379530282,Ortigas Files,The Daily Dosage Booster,≤100
276295912826106,No to Irresponsible Mining Ph,These ads ran without a disclaimer,≤100
301087096370,"IDEALS, Inc.",IDEALS Inc.,≤100
105691871912480,Joel B. Tingbaoen Jr.,Joel B. Tingbaoen,≤100
505887912898325,Positive Energy,These ads ran without a disclaimer,≤100
914556591894195,CitizenWatch Philippines,These ads ran without a disclaimer,≤100
536568523504821,Cong. Harris Christopher Ongchuan,These ads ran without a disclaimer,≤100
388689438381348,Mike Defensor,The Mike Defensor Organization,≤100
247331620535579,Mike Defensor,The Mike Defensor Organization,≤100
374004705980904,Philippine Business for Education,Philippine Business for Education,≤100
389309271851098,Pinoy Builders,These ads ran without a disclaimer,≤100
2229372037139648,Teeprint. Co,These ads ran without a disclaimer,≤100
901463056692304,Mayor Datu Lester Sinsuat,Mayor Datu Lester Sinsuat,≤100
102383441183489,Real Life,Aleika Gonzaga Vasquez,≤100
608006729355847,Luisa Lloren Cuaresma,Benjamin Lloren Cuaresma Iii,≤100
113404469108139,Realtalk Quotes,Kalvin Buenaobra Castillo,≤100
101577009364201,PCL Agusan del Norte,These ads ran without a disclaimer,≤100
100846639533926,Konseho ng Pilipino para sa Good Governance,The Daily Dosage Booster,≤100
105969951219886,Sibika.ph,Philippine Business for Education,≤100
105969951219886,Sibika.ph,These ads ran without a disclaimer,≤100
100190445569985,Colen Navarro Ibasco,Maria Velia Flor Navarro Ibasco,≤100
1677714385808092,Mia 'Cess' Cruz,These ads ran without a disclaimer,≤100
257830240980106,Ronnie Dadivas,Roxas City United,≤100
101907292307048,Bálay Pinoy,These ads ran without a disclaimer,≤100
101985302208896,MRPG Ukay-Ukay Supplier,These ads ran without a disclaimer,≤100
161789877175634,Science at Taylor & Francis,These ads ran without a disclaimer,≤100
110387038264357,Viral In World,These ads ran without a disclaimer,≤100
565225540184937,CGTN,These ads ran without a disclaimer,≤100
1452232881531908,UNICEF East Asia & Pacific,These ads ran without a disclaimer,≤100
105396005720390,Sahabat palestin,These ads ran without a disclaimer,≤100