﻿Page ID,Page name,Disclaimer,Amount spent (JPY)
197770137236410,日本維新の会,日本維新の会,1376
1904070096535109,スマート選挙,株式会社センキョ,597
475681929154100,国連UNHCR協会,国連UNHCR協会,109
239558679475625,株式会社トマス技術研究所,Kenji Fukutomi,≤100
103914976352692,選挙ドットコム,イチニ株式会社,≤100
116519890473491,いわて自民党,いわて自民党,≤100
651801698258818,NewsTV,NewsTV,≤100
190352677763668,株式会社東京コンサルティングファーム,These ads ran without a disclaimer,≤100
1672330153015605,透明アクリル業者票,アドアチーブ株式会社,≤100
106681281618761,イオナR,These ads ran without a disclaimer,≤100
104533215755145,ZOE_Japan,ZOE Japan,≤100
579187028792625,社長と会社の手元現金を増やす仕組みづくりの専門家,社長と会社の手元現金を増やす仕組みづくりの専門家,≤100
1743621465868895,田中さとし-墨田区議会議員,These ads ran without a disclaimer,≤100