﻿Page ID,Page name,Disclaimer,Amount spent (USD)
147084112022235,La Nouvelle Tribune,La Nouvelle Tribune,≤100
117281538350746,حزب التجمع الوطني للأحرار -Rassemblement National des Indépendants -RNI,Rassemblement National des Indépendants,≤100
1117512094962616,Ministère de l’Industrie et du Commerce,MCINET,≤100
107627395144123,الحكومة المغربية,الحكومة المغربية,≤100
453709124719281,Chouf TV,Chouf TV,≤100
374551516051318,Nissaa,Nissaa,≤100
1942379969344042,Taste of Hilton,These ads ran without a disclaimer,≤100
154738044667722,achamal24.ma,عثمان جمعون,≤100
423670114403144,Trending in China,These ads ran without a disclaimer,≤100
161637767281862,LE MATIN.ma,Groupe Le Matin,≤100
101970812076593,Madar 21 مدار,Madar 21 مدار,≤100
272535046654,HESPRESS,HESPRESS,≤100
113541822337755,PAM RABAT,Abdellah Eid,≤100
605527566303955,القناة,al9anat.com,≤100
104513234397285,Aziz Akhannouch - عزيز أخنوش,Aziz Akhannouch,≤100
103305932088,Aramex,These ads ran without a disclaimer,≤100
2038083569579593,Fondation Lafqui Titouani,Hicham Zamane,≤100
167254950013774,Rue20.Com,Ayoub Elkouari,≤100
285530825204,Klitschko,These ads ran without a disclaimer,≤100
502975673136093,INKOMPASS,These ads ran without a disclaimer,≤100
371171589575669,China.org.cn,These ads ran without a disclaimer,≤100
112757083778788,"Economic Daily, China",These ads ran without a disclaimer,≤100
339034539511363,Pinkhas,These ads ran without a disclaimer,≤100
95839109566,La Genovese Caffè dal 1936,These ads ran without a disclaimer,≤100
148543868418,STEYR Traktoren,These ads ran without a disclaimer,≤100
103262481273356,ADNAFRICA,These ads ran without a disclaimer,≤100
31292782350,Deutschland.de,These ads ran without a disclaimer,≤100
102698589075063,MFIX UAE,These ads ran without a disclaimer,≤100
12859216613,Malika,These ads ran without a disclaimer,≤100
104356656288007,International Hunting and Equestrian Exhibition - Abu Dhabi,These ads ran without a disclaimer,≤100