﻿Page ID,Page name,Disclaimer,Amount spent (UYU)
2229936167288652,Juan Sartori,Equipo Juan Sartori,≤100
225968600759645,Andrés Lima,Ernesto Dario Castro Rodriguez,≤100
292074670808351,Frente Amplio,Frente Amplio,≤100
101031605841842,Viento de Cambio Uruguay,Communicare Consulting Group,≤100
103988995047541,Diputada Nancy Nuñez Soler,Nancy Estela del Pilar Nuñez Soler,≤100
589533921174590,303nuevo ORDEN Social,These ads ran without a disclaimer,≤100
190681119457,Mariana Vernieri - Autora,These ads ran without a disclaimer,≤100
382234585285467,VAMOS SALTO,VAMOS SALTO,≤100
105120851121250,Ignacio Munyo,Ignacio Munyo,≤100
1424003061235730,Asociación Autismo en Uruguay,Arlene Raquel Navarro Aguiar,≤100