﻿Page ID,Page name,Disclaimer,Amount spent (PHP)
198852633461667,Lray  Villafuerte,Ericka Jones Magat,574
75665129515,Go Negosyo,Go Negosyo,433
112512037866969,BM Ric Ric Dy Olegario,Irina Kristi Bagongon Pidor,320
100350202335117,Benhur Abalos,Supporters and Friends of Benhur Abalos,237
103409086014945,Team Adrian Amatong,Ben Jasper Amatong Tomas,149
701517253228758,DOSTv,DOSTv,137
197727873578501,Senator Migz Zubiri,Senator Migz Zubiri,112
265779500134955,SM Supermalls,SM Supermalls,111
495629064258114,Lolita Karen Javier,Amor U. Nacional,105
113192036820162,Prof. Soc Anthony del Rosario,We Care Incorporated,≤100
351879361521039,Cong. Nonoy Libanan,Cong. Nonoy Libanan,≤100
113238417024056,Anna Mae Yu Lamentillo,Anna Mae Yu Lamentillo,≤100
143940582906987,Bran Ferrer Reluao,Authority Asia Communications Inc.,≤100
324393636342,Ernix Dionisio,Ernesto Mijares Dionisio Jr.,≤100
378813345524368,Haier,Haier,≤100
48688071399,Greenpeace Philippines,Greenpeace Philippines,≤100
100262295333622,USWAG Ilonggo Party-list,USWAG Ilonggo Party-list,≤100
156752721080952,Sonny Angara,Sonny Angara,≤100
547821942058909,Pilipinas Today,WFPH,≤100
1759941490758280,Jerry Treñas,Ma. Ruthmar Ignacio Gabileo,≤100
386570178125149,Senator Win Gatchalian,Senator Win Gatchalian,≤100
101382091400564,Atty. Tony Roman,Sulong Pilipinas,≤100
104291395914077,Nuclear Supporters PH,Nuclear Supporters PH,≤100
1669303526443380,Trendsuertres Customized Promotional Items Baller Wrist Band Keychains etc.,Diomar Dizon Lagunero,≤100
774149009339209,The Climate Reality Project Philippines,The Climate Reality Project Philippines,≤100
103401515144127,Atty. Migs Nograles,Atty. Migs Nograles,≤100
112186511545750,ACEN RES,ACEN RES,≤100
1380167115635985,LEDS Clothing,LEDS Clothing,≤100
1512452085732585,Stratbase ADR Institute,Stratbase ADR Institute,≤100
100136438865259,Ako Volunteer - BBM SARA,Volunteerism Initiative,≤100
111518131388232,CharityPhilippines.org,CharityPhilippines.Org,≤100
263174607643447,Ako Bakwit,Nazh-Far Mariwa Berganio,≤100
1922749344643532,The World Tonight,The World Tonight,≤100
1566478310240623,Francis Tolentino,Francis Tolentino,≤100
145265112840190,Kasama Ka Sa Pag-Unlad,Polsure,≤100
388523136421,Jaime Augusto Zobel de Ayala,These ads ran without a disclaimer,≤100
496381833788710,Solaric Philippines,These ads ran without a disclaimer,≤100
103485942191411,Juan Bulletin,Polsure,≤100
601139760220755,Pilipinas TODAY.,Pilipinas TODAY.,≤100
2101088876594734,MBS- Senior Deputy Speaker DOY Leachon,Ronalee Escondo Leachon,≤100
537843086665379,City Inquirer,City Inquirer,≤100
75665129515,Go Negosyo,These ads ran without a disclaimer,≤100
101178932348592,Office of the Municipal Mayor - Atty. Philip A. Dacayo,Tyrone Joy Galasinao Dagdag,≤100
104123408073601,"Nikki Prieto-Teodoro, Philippine Special Envoy to Unicef",Maria Lourdes Acosta Gammad,≤100
784522714997609,Commission on Human Rights of the Philippines,Commission on Human Rights of the Philippines,≤100
107427980954216,Saksi Ngayon,Manuel Jr Singson Siquian,≤100
166107624078770,Camanava News,CAMANAVA News,≤100
242562552438872,DOST-STARBOOKS,DOST-STARBOOKS,≤100
1856611721228196,BH Bernadette Herrera,Bagong Henerasyon Partylist,≤100
100350859238580,Mayor Jassie Tañala,Amor U. Nacional,≤100
104988244674974,Mobility Awards,The Climate Reality Project Philippines,≤100
113057453504592,Peoples Champ,WFPH,≤100
269175894020945,Pilipinas Today,WFPH,≤100
1597892066938019,"Junard ""Ahong"" Chan",Louie Pahugot De Los Santos,≤100
225822810955433,Bangsamoro News,Bangsamoro News,≤100
100108226244136,PH 24 ORAS,The Message Booster Enterprise,≤100
105969951219886,Sibika.ph,Philippine Business for Education Inc.,≤100
1840292579606063,Jam Jam Baronda,Jam Jam Baronda,≤100
1030706640379655,Pilipinas: Coal Free by 2030,Coal Free Philippines,≤100
248113532485940,Alexie B. Tutor,Marjorie Galagar Escuadro,≤100
332536503771530,Vice Governor Karen Agapay,Edgar Habana Ruado,≤100
320130741416822,Special Olympics Pilipinas,Special Olympics Pilipinas,≤100
154386154617,WWF-Philippines,WWF-Philippines,≤100
585583411583810,ONE CAVITE,ONE CAVITE,≤100
112186511545750,ACEN RES,These ads ran without a disclaimer,≤100
532990460082661,"Senator Ronald ""Bato"" Dela Rosa",Senate of the Philippines,≤100
374004705980904,Philippine Business for Education,Philippine Business for Education,≤100
104001402372027,Vice Mayor Mark Villaluna Galsim,Mark Francis Villaluna Galsim,≤100
2103172176611007,Aksyon Demokratiko,Aksyon Demokratiko,≤100
390661781384394,"Makati Business Club, Inc.","Makati Business Club, Inc.",≤100
480552092150213,Malayang Quezon City,The Message Booster Enterprise,≤100
223618785182273,Pilipinas,WFPH,≤100
139149407984,MANILA BULLETIN,Manila Bulletin Publishing Corporation,≤100
102149044584904,Iparush kay Paras,Iparush kay Paras,≤100
102081865474762,Kiddie Learning Train,Philippine Business for Education Inc.,≤100
100305568984268,EdukNaman,Philippine Business for Education Inc.,≤100
115367280162859,Mr. Gonzaga Digital Marketing,Mr. Gonzaga Digital Marketing Services,≤100
407604493105131,"PBA: Politika, Basketbol, at Artista","PBA: Politika, Basketbol, at Artista",≤100
409651709562769,Mang Asyong ᴹᴼᴼᴰ,Mang Asyong ᴹᴼᴼᴰ,≤100
247331620535579,Mike Defensor,The Mike Defensor Organization,≤100
101329642785264,Alyansa,The Message Booster Enterprise,≤100
203103497282164,Pilipinas Today,WFPH,≤100
454536418241945,MakeSense,MakeSense Asia,≤100
425103024214244,Bawas Bisyo,Sin Tax Coalition,≤100
103679252545648,Obrero Pilipino,The Message Booster Enterprise,≤100
102907729290658,Pilipinas Kong Mahal,The Message Booster Enterprise,≤100
102280614938876,Bently Roxas,Bently Dadula Roxas,≤100
401812333925645,Malayang Quezon City,The Message Booster Enterprise,≤100
388689438381348,Mike Defensor,The Mike Defensor Organization,≤100
109553961948069,Ang Magsasakang Pilipino,The Message Booster Enterprise,≤100
108077000845786,Right to Know Right Now Coalition,"Right to Know, Right Now! Coalition",≤100
100675735883361,What If 𝑺𝒉𝒆'𝒔 𝒘𝒊𝒕𝒉 𝑼𝒔,These ads ran without a disclaimer,≤100
100173486265813,Malayang Pilipinas,The Message Booster Enterprise,≤100
112952897079549,Energy Development Corporation,Energy Development Corporation,≤100
648749379073938,That Philippines Life,These ads ran without a disclaimer,≤100
199627563398392,"The Master's Class, LifeChange Church Wichita",These ads ran without a disclaimer,≤100
176104589110851,IEEE,These ads ran without a disclaimer,≤100
526079487415848,XCMG Group,These ads ran without a disclaimer,≤100