﻿Page ID,Page name,Disclaimer,Amount spent (PYG)
1468570519872644,Santiago Peña,PRANA SA,207432
108956608577334,Gaspar Centurión,Gaspar Centurión,153763
386081914814521,Martin Burt,Martin 2023,122655
175406365841914,Arnoldo Wiens,Global Agencia,114755
196599783696918,Efrain Alegre,Pedro Efraín Alegre Sasiain,64935
1222077187832207,Gustavo Leite,Gustavo Alfredo Leite Gusinky,62698
110447625137045,Pilar Callizo,PautaPY,62248
430961180344844,EVER VILLALBA,Ever Federico Villalba Martinez,50019
266016903502005,Senador Carlos Gómez Zelada,Senador Carlos Gómez Zelada,46713
862862090459595,Seba Villarejo,Juan Sebastian Villarejo Velilla,36075
102266292553995,Sucia Política,Diego Ricardo Ramírez,35998
325540631525675,En La Tecla,En la Tecla,30199
286989224667281,Marito Abdo,Marca Py,27484
106257452820864,Tito Saguier,Tito Saguier,26861
1695481804025162,Eduardo Nakayama,Eduardo Hirohito Nakayama Rojas,21645
532716330164048,Sole Núñez,Soledad Núñez,21645
132554373464255,La Nación,Nación Media,18398
108246601026063,Derlis Rodríguez Diputado 2023,Derlis Manuel Rodríguez Baez,16902
1310731702357133,GEN,GEN,14430
309537729651941,JuanMa Brunetti,Global Agencia,13589
1510805942583059,Norma Zarate de Monges,Norma Zarate,13567
1151984808290856,Hugo Portillo,Hugo Portillo,10793
107892591960886,Lorena Barrios Concejal Departamental,Lorena Barrios,10438
124476131441330,Partido Hagamos,Partido Hagamos,10320
1076188112409030,Dip. Carlos Enrique Silva,Katherin Maria Saldivar Espinola,9882
110282441138723,Nicolás CHASE,Nicolas Chase Rodríguez,9794
104096115823278,Tomas Bittar Junta de Gobierno 2023-2028,Tomas Enrique Bittar Navarro,8615
490637354648727,Ing.Juan Carlos Baruja - Gobernador 2018/2023,Juan Carlos Baruja Fernandez,8192
110060281794994,Luis Talavera Alegre - Presidente 2023,José Emanuel Ruiz Díaz Bogado,7327
102193762632115,Patricia dos Santos,Patricia Dos Santos,7215
102684267782773,José Plate Silvero,Creagenz,7215
102261945223631,Eliseo Guggiari Concejal,Ana Elizabeth Urbieta Cáceres,5728
124625661665046,Patrick Kemper,Patrick Paul Kemper Thiede,5421
118756543324306,Marcelo Rojas,Marcelo Rojas,4973
838018169889993,Fernando Ojeda,Fernando Ojeda,4845
109071601870453,Leandro Prieto Ruiz,Leandro Jose Prieto Ruiz,4387
103040788902949,Concertación Nacional 2023,Rocio Magali Moreno Vera,3140
102961601810205,ARA FM,Zunilda Ramona Yrala Lopez,2934
107378775349679,Rolando Alvarez Spinassi,PRODUCTORA TOKORRE,2787
103373961784268,Giani Ramírez,Gianina Beatriz Ramírez Riboldi,2740
105872245439208,Pelusa Senadora,Maria Yolanda Del Rosario Moreno de Ruíz,2614
2033757383511165,Mario Paz Castaing,Rocio Magali Moreno Vera,2526
107823568693539,Lucas Aquino Senador,Hugo Ildefonso Espinola Ricardo,2434
100188219465134,Senador Derlis Osorio,Derlis Ariel Alejandro Osorio Nunes,2199
105386388829016,Martín Presidente,Hugo Ildefonso Espinola Ricardo,2018
1508684459364082,Tadeo Zarratea,Tadeo Zarratea Davalos,1856
517426394969535,Ricardo Canese,Ricardo Canese,1501
1413073595670510,Hugo Coronel,Hugo Enrique Coronel Sánchez,1462
235526436573168,Ing. Eche Tu Diputado,Adalberto Pastor Echeverría Villasboa,1457
131707143610053,Prensa 5 - Periódico Digital,Derlis Manuel Rodríguez Baez,1394
665680343451704,Lider Amarilla,Lider Santiago Amarilla Rios,1374
1386037631635162,Hugo Ramírez,Nahuel Ayala Gomez,1362
107564631419895,La Profe Any,Oscar Gustavo Caballero Martinez,1321
646939832039958,Hugo Ibarra - Diputado Nacional,Eladio Ortiz Gayoso,1273
106330075290231,Andrés Gubetich,Andres Gubetich,1251
518726648648192,Carlos Arrechea,Carlos Arrechea,1189
105920818948134,Blanca Lila 2023,Maria Blanca Lila Mignarro Gonzalez,1151
100265174952816,Cesarito Sosa,César Luis Sosa Fariña,1126
102316839215739,Hilda Ferras Candidato Político,Hilda Beatriz Arguello,1114
1832577620365172,Eusebio Ramón Ayala Senador 2023,Manu Nuñez Franco,1091
105181039022571,Alcides Samudio RAS Diputado,Rumildo Alcides Samudio Peña,1044
1593908204188878,Arq. Carlos López,Juan Roberto Villaverde Emategui,1001
363306313879750,Marle Chispita Orue,Marlene Tatiana Orue Leon,985
107012315505583,Silvio Gabaglio Senador.,José Amarilla,965
105796025619350,Tati Giménez Diputado 2023,Patria Querida,924
118397948223791,Oscar Tuma,Óscar Luis Tuma Bogado,912
141678063114851,Ruben Velazquez,Dalva Natividad Acosta Vallejos,905
105031404894363,Carlos Mercado Rotela,Daniel Elieser Mariño Suarez,894
283132325082901,Esperanza Martínez,Esperanza Martinez De Portillo,860
110650978517206,Guille San Martin,Nueva Tecno,851
1490214351269338,Freddy Franco,Carlos Agustin Sanabria Garcete,837
1457499374507271,Marcos Velazquez,Jessica Cristina Añazco Ortega,816
107345678780633,Miguel Sosa Cabañas,Miguel Sosa Cabañas,790
100778482648263,Cerini 2023,DGWorld Consultoría Digital,780
100445112671378,Fernando Camacho Senador 2023,Norma Graciela Ávalos Lezcano,751
483666425147964,Richard Ramirez,Richard Rolando Ramirez Rodriguez,697
1593908204188878,Arq. Carlos López,Fabio Raul Morales Insaurralde,688
104762035619626,Randy Soto Sachelaridi,Randy Soto,671
1377391305886530,Abog. Enmanuel Gini Orué,Hugo Emilio Caballero Chena,656
105162875597097,Marcelo Bedoya Senador 2023,PLRA,624
102350161265077,Lider Amarilla,Marcos Claudio Produciones,621
943824938962084,Luis Fernando,Luis Carlos Arce,585
102887709202228,Pedro Mayor Martinez- Candidato a Senador,Antonio Morinigo,538
101118654956109,Jorge Amarilla,Jorge Cipriano Amarilla Bobadilla,500
401584390395153,Joselo Pereira,Joselo Pereira,495
371997603532027,Haciendo Lío,Enciso Rojas Roberto Daniel,429
103429818624929,Edu Garay,Eduardo Garay,421
110491594962344,Manuel González Concejal 2023,Ana Gisell Bogado Miranda,377
2545194018888389,Arnaldo Perez,Hugo Emilio Caballero Chena,343
397788123735216,Pey Vargas,Pedro Jose Emmanuel Vargas Carnibella,321
113076301637874,Paul Servín-Concejal Departamental,Paul Augusto Servin Vazquez,316
405176719648043,Dr. César Meza Bría,Esteban Giovanni Fortunatti,295
104331465102964,Rita Pérez Concejal Departamental,Rita Liz Pérez Aguilar,248
299252357224023,Darío Filártiga Opción 23 Senado,Fiorella Maria Sanchez Capurro,215
740490032676248,Diego Candia Diputado,tejuparaguay.com,184
107860488531638,David Cardozo,Adolfo David Cardozo,182
102467002671611,Jorge Heisecke,Jorge Heisecke,180
1590257004624262,JORGE PEÑA,Hugo Emilio Caballero Chena,179
100192941401740,Arturo Toñanez Benitez,Arturo Arnaldo Toñanez Benitez,178
150741961754512,Mercedes Canese Antúnez,Mercedes Canese,167
773720583042911,La Verdad Digital Noticias,La Verdad Digital Noticias,164
107301172187291,Gloria de Paredes,Silvana Beatriz Arevalos Piñarez,158
106540962228308,Willian Bogarin 2022,Alfredo Raúl Merino Ávalos,151
110665567053224,DimartinoIntendente,Jorge Dimartino,145
106742348776811,Gustavo Penayo Medina Concejal Departamental 2023,Edgar Ivan Gonzalez Ocampo,105
115386205692372,Noguera Gobernador 2023,Julio Cesar Díaz Rolon,≤100
285780602032681,Botito Lezcano,Jose Ivan Lezcano,≤100
120061519391875,César Paredes,César Paredes,≤100
111941744627764,Jorge Ayala,Jorge Miguel Ayala Lopez,≤100
101359268928132,Dr Juan Benitez,Juan Ramon Benitez Rios,≤100
109186175052605,Nito Chávez Diputado 2023,María Nelly Chavez Brizuela,≤100
100528208732843,Arnold Andrés Ramirez,Arnold Andrés Ramirez Rodriguez,≤100
1441704549436832,Regina Rios,Regina Rios Irala,≤100
242118359309178,Ricardo Estigarribia,Douglas Mateus Hendges,≤100
305828002808516,INHOPE - International Association of Internet Hotlines,These ads ran without a disclaimer,≤100
348161469739241,Edward Melgarejo,Wilson Armoa,≤100
321038114702291,Auda Roig,Auda Roig,≤100
100566575581065,Ing. Ramón Montanía,Ramón Montania Fernandez,≤100
807376972703022,Prof. José Garcete Concejal 2023,José Garcete Cardús,≤100
110311005122985,Guillermo Sosa,Guillermo Sosa,≤100
102199795319206,Pablo Marçal Oficial,These ads ran without a disclaimer,≤100
368247363370300,LATITUD 25,Latitud 25,≤100
100486612607448,César Cardozo Diputado 2023. Itapúa.,Claudio César Cardozo Junghanns,≤100