﻿Page ID,Page name,Disclaimer,Amount spent (CZK)
179497582061065,Tomio Okamura - SPD,Svoboda a přímá demokracie - SPD,507
111041662264882,ČSSD,ČSSD,441
55876739776,Greenpeace Česká republika,Greenpeace Česká republika,418
487445514669670,Petr Fiala,ODS - Občanská demokratická strana,342
60516116431,Člověk v tísni,"Člověk v tísni, o.p.s.",265
1956144064659620,BlueTV,Aliance pro budoucnost,243
251656685576,KDU-ČSL,KDU-ČSL,188
100602322206023,Radka Maxová,Radka Maxová,164
30575632699,ODS - Občanská demokratická strana,ODS - Občanská demokratická strana,138
310744935780286,Petr Veselka-starosta MOaP,Petr Veselka,130
169065407139584,Tilt,European Greens,124
410967476339422,Piráti Třinec,Dedek Jakub,121
1468464403368393,Herbert Pavera - Váš senátor na Opavsku,PRodukujeme s. r. o.,109
579215965436046,JSNS,"Člověk v tísni, o.p.s.",≤100
264983260329918,Rádio Universum,Kupředu do minulosti s.r.o.,≤100
107898832590939,European Commission,European Commission,≤100
192011067504855,Do práce na kole - AutoMat,"AutoMat, z.s.",≤100
1477535869227488,Vít Rakušan,Starostové a nezávislí,≤100
693725074166331,Naše zdravotnictví,Naše zdravotnictví,≤100
112696650094354,"Marcel Sikora, zastupitel Frýdku-Místku a Moravskoslezského kraje",Sikora Marcel,≤100
101409722546949,Ivana Váňová,Ivana Váňová - senátorka KDU-ČSL,≤100
197010357446014,Ondřej Prokop,Ondrej Prokop,≤100
111108757492137,Libor Vondráček • Svobodní,Libor Vondráček • Svobodní,≤100
100609955039699,Corrency,Corrency,≤100
100201752249169,Spolu21,Občanská demokratická strana,≤100
460558621177512,Zálohujme.cz,Zálohujme,≤100
1416733788557863,Pravda o vodě a voda lidem,Pravda o vodě a voda lidem,≤100
356451014434612,Marian Jurečka,KDU-ČSL,≤100
394570898000897,Kniha Revoluce - Jakub Trpiš,Jakub Trpis,≤100
106834174877753,Svět hospodářství,"SH media, spol. s r.o.",≤100
177797512857659,srovnám.cz,These ads ran without a disclaimer,≤100
424114981002397,Český rozhlas Plus,Český rozhlas,≤100
147547541961576,Council of the European Union,Council of the European Union,≤100
108726857444837,České zájmy v EU,DFMG,≤100
257529307701966,Jiří Pospíšil,TOP 09,≤100
109071351586518,Jiří Navrátil,Jiří Navrátil,≤100
112832651308203,Stejná odměna,Česká rada sociálních služeb,≤100
171936526824,EKONOM.cz,"Economia, a.s.",≤100
1570680696523246,Institut pro politiku a společnost,Institut pro politiku a společnost,≤100
124152241443,Čmelák - Společnost Přátel Přírody,Čmelák - Společnost přátel přírody,≤100
711658465662315,XTV,XTV,≤100
153384318085064,EUROPEUM Institute for European Policy,EUROPEUM Institute for European Policy,≤100
109787574497667,Aliance pro budoucnost,Aliance pro budoucnost,≤100
100515362077191,Sencito,"Sencito.com,s.r.o.",≤100
1797185020366096,Scale,Scale,≤100
299124538476,Zachraňme lesy,Hnutí DUHA - Přátelé Země Česká republika,≤100
176546515755264,AC24,AC24,≤100
277779139787306,Piráti Bílovec,Dedek Jakub,≤100
211685455639198,Ministerstvo práce a sociálních věcí,Ministerstvo práce a sociálních věcí,≤100
13204463437,"UNHCR, the UN Refugee Agency",These ads ran without a disclaimer,≤100
378827025796132,Peak.cz,Peak.cz,≤100
137301989386,Aktuálně.cz,Aktuálně.cz,≤100
545254525495201,Pravý břeh - Institut Petra Fialy,"Pravý břeh, z.s.",≤100
52479821102,Týdeník Respekt,Týdeník Respekt,≤100
103895482145144,Zdeněk Kettner - SPD,Zdeněk Kettner,≤100
119624098506,Kateřina Konečná,Filip Zachariaš,≤100
100713699374019,Richard Brabec,Richard Brabec,≤100
123858471641,iROZHLAS.cz,Český rozhlas,≤100
548487565163265,"Buď Čech, buď laska",Tomáš Rufer,≤100
1776002445975063,V síti Ivana Langera,RiverSong s.r.o.,≤100
100528438562922,Oznam.to,Lexnova s.r.o.,≤100
101722985492419,Klára Kocmanová,Česká pirátská strana,≤100
124212050978293,Kverulant org,Kverulant org,≤100
139379141293,Paměť národa,"Post Bellum, z.ú.",≤100
58887737763,Hnutí DUHA - Přátelé Země Česká republika,Hnutí DUHA - Přátelé Země Česká republika,≤100
90002267161,TOP 09,TOP 09,≤100
1701718886552103,Moje Evropa,Moje Evropa,≤100
107437608120753,Zastavme špinavé prachy,Re-set: platforma pro sociálně-ekologickou transformaci,≤100
1797988800487493,eLegal advokátní kancelář,eLegal advokátní kancelář,≤100
549351855145794,Michael Kohajda,Michael Kohajda,≤100
102620981865843,Jana Skopalíková - radní pro životní prostředí a zemědělství,Jana Skopalíková,≤100
437293906329369,SnadnaMaturita.cz,SnadnaMaturita.cz,≤100
105178242217077,Filip Kania,Markéta Kaniová,≤100
343987063337791,CyberBlog,Cyber Security Solutions s.r.o.,≤100
227416910669250,Komora daňových poradců ČR,Komora daňových poradců ČR,≤100
275383259179951,Tepelná čerpadla IVT,Tepelná čerpadla IVT,≤100
284944781875,EURACTIV.cz,EURACTIV.cz,≤100
317530692148022,Evropa v datech,Evropa v datech,≤100
369035059843617,REMAX Delux,Tomáš Šimek,≤100
174546373212301,Jsme Levice,Levice,≤100
952005618247538,Martin Červíček,Martin Červíček,≤100
273367223021327,Veronika Vrecionová,Veronika Vrecionová,≤100
695684133896990,Somfy,These ads ran without a disclaimer,≤100
586817644761028,Vladimír Balaš,STAN,≤100
50309511751,Český rozhlas - Radiožurnál,Český rozhlas,≤100
609246842426009,Rekonstrukce státu,Rekonstrukce státu,≤100
596070354093578,UkrConcert.cz - концерти українських артистів в Чехії,These ads ran without a disclaimer,≤100
206045673805,Deník.cz,These ads ran without a disclaimer,≤100
1570680696523246,Institut pro politiku a společnost,These ads ran without a disclaimer,≤100
58864692622,Český rozhlas Vltava,Český rozhlas,≤100
107572505087543,AŘOV - Asociace řidičů osobních vozidel,"Asociace řidičů osobních vozidel, z.s.",≤100
107776678913414,Michal Slavík,Michal Slavík,≤100
111630758223843,Čistota vod,Jaroslav Jelen,≤100
105692521913578,David Šimek,KDU-ČSL,≤100
594426030604429,Martin Procházka,Martin Procházka,≤100
355390281189763,BEDNAR FMT,These ads ran without a disclaimer,≤100
203773899719202,Rozpravy o českých médiích,Institut komunikačních studií a žurnalistiky (Fakulta sociálních věd Univerzity Karlovy),≤100
103779080972210,Youradio Talk,Youradio Talk,≤100
267806570729225,Národní Noviny,Hrubon Rudolf,≤100
116240193088165,Čarovné Česko,These ads ran without a disclaimer,≤100
100844721652406,Medi Info CZ/SK,These ads ran without a disclaimer,≤100
252871781410820,KDU - ČSL Zlínský kraj,KDU-ČSL,≤100
105959931114296,Jan Schiller - politik,Jan Schiller - politik,≤100
271054846258904,Praha 3,Městská část Praha 3,≤100
287724754662359,HateFree Culture,HateFree Culture,≤100
107836665045928,Aby bylo jasno,"ABJ, s.r.o.",≤100
1962450550674040,TVarchitect.com,Living Media s.r.o.,≤100
2027027804054275,Europe Direct Kroměříž,Europe Direct Kroměříž,≤100
108535778792153,Evang. Akwaha,These ads ran without a disclaimer,≤100
178362315106,European Parliament,European Parliament,≤100
278117815576023,EU Justice and Consumers,These ads ran without a disclaimer,≤100
115306454863649,Provision Fund,These ads ran without a disclaimer,≤100
110178328228079,NinjaOne Europe,These ads ran without a disclaimer,≤100
102767259461496,EU News,These ads ran without a disclaimer,≤100
28312410177,World Food Programme,These ads ran without a disclaimer,≤100
109231571984405,Accelera,These ads ran without a disclaimer,≤100
185561295623272,Move To Help Foundation,These ads ran without a disclaimer,≤100