﻿Page ID,Page name,Disclaimer,Amount spent (MXN)
897708376929726,México Opina,México elige,6339
161020766408,Gobierno del Estado de Querétaro,Gobierno del Estado de Querétaro,5202
245685942538080,VOTA Querétaro,VOTA Querétaro,4460
421877377878288,Municipio de Querétaro,Municipio de Querétaro,1336
136240676894192,Roberto Sosa Pichardo,Roberto Sosa Pichardo,738
338174139686776,Mauricio Kuri,Mauricio Kuri,561
961310490582166,FeliFer Macías,Felipe Macías,440
338439980329802,Fiscalía General de Querétaro,Fiscalía General de Querétaro,394
345156559163874,Norma Mejía Lira,Redboxmex,378
206604539439888,Luis Nava,Luis Nava,331
923633637651202,Morena Sí,Morena Sí,283
56713285274,Greenpeace México,Greenpeace México,266
405824826113969,IEEG Instituto Electoral del Estado de Guanajuato,IEEG Instituto Electoral del Estado de Guanajuato,169
129116715379616,La Lotería Del Pueblo,Hugo Junco Olvera,153
319633211422986,BIODERMA,These ads ran without a disclaimer,151
122404620204,Oxfam México,OXFAM MEXICO AC,149
558337647622081,Frecuencia.Mx,Editorial Frecuencia,133
362430908370,Aeromexico,Aeromexico,128
1431361787158559,Inédito Mx,Inédito Mx,116
176047519101203,Códice Informativo,Códice Informativo,106
303416069805879,Ana Paola López Birlain,Ana Paola López Birlain,103
104868202533100,Café y Noticias Mx,cafeynoticiasmx.com,≤100
174058432636166,El Deforma,El Deforma,≤100
109634395756375,Save the Children México,Save the Children México,≤100
102551913153712,Ricardo Monreal A.,Ricardo Monreal Ávila,≤100
374045679337196,Beatriz Marmolejo Rojas,Beatriz Marmolejo,≤100
123842270960929,Walmart de México y Centroamérica,Nueva Walmart de México SRL de CV,≤100
874552292605393,Prepa IDAI,Instituto de Desarrollo Académico Intensivo S.C.,≤100
100557755099985,Convocatorias 2023,Convocatorias 2023,≤100
239726076054918,Partido del Trabajo México,Partido del Trabajo México,≤100
1068600329982117,Zepeda y Asociados Consultores,ZyA Consultores S.C.,≤100
100335688119187,Chela Juárez,Chela Juárez,≤100
102163012756227,Ana Eugenia Patiño,Ana Eugenia Patiño,≤100
109312438635466,Cruzada Morenista,cruzadamorenista.com,≤100
48966795116,Amnistía Internacional México,Amnistía Internacional México,≤100
154652694604556,Ricardo Gallardo Cardona,Ricardo Gallardo Cardona,≤100
1095948597209125,Grupo Financiero Banorte,Banco Mercantil del Norte,≤100
265231252034246,Vero Galicia,Verónica Galicia Castañón,≤100
458859544909547,DICES,DICES,≤100
110067904935566,Moises Moreno,José Moisés Moreno Melo,≤100
114175028689083,Juan José Jiménez Yáñez,Juan José Jiménez Yáñez,≤100
113990284949467,Avance y Progreso,avanceyprogreso.com,≤100
345995382241686,PODER 360,PODER 360,≤100
106901138918730,México en Transformación,México en Transformación,≤100
100483239526430,Con ella Sí avanzamos,conellasiavanzamos.com,≤100
105179348735917,Gestoría Social para el Bienestar,Luis Felipe Benitez Gomez,≤100
400826360641681,Global Noticias,Tresa Publicidad,≤100
100261186230213,El cambio es juntxs,El Cambio es Juntos S.a de C.v,≤100
1415863341806268,DMC - Music Center,CENTRO DE ENCUENTRO ARTÍSTICO DMC A.C.,≤100
101267031439463,Voz de las Empresas,Consejo de la Comunicación,≤100
112507801521278,VEMO,VEMO,≤100
133056480769,Gobierno del Estado de Chihuahua,Gobierno del Estado de Chihuahua,≤100
106865972279596,Por amor a México,Por Amor A Mexico,≤100
254852601222832,CEMEX México,CEMEX México,≤100
381985873573,Partido de la Revolución Democrática PRD,Partido de la Revolución Democrática,≤100
111300295094359,Baja Sur piel morena,BCS de piel morena,≤100
2056831117896320,El Titular Noticias,Tresa Publicidad,≤100
643513979193133,Unidos por Beatriz,Neuma,≤100
133478060111915,CEMEX Impacto Social,CEMEX México,≤100
109316894778999,Querétaro de Verdad,David Rogelio Hernandez Smeke,≤100
105121875731197,Consumidor Informado Mx,Consumidor Informado Mx,≤100
233652128065243,Goberna México,Goberna Consultoría Política,≤100
285058928236909,Mauricio Vila,Mauricio Vila,≤100
104268462382573,Querétaro Al Momento,Al Momento Noticias,≤100
105505599062277,Atte.tuamiga,Atte.tuamiga,≤100
471454806521725,Orgullo LGBT+ Querétaro,Benjamin Delgado,≤100
106689315603748,Somos Centro,Somos Centro,≤100
101128435630238,Química y Formulación,Química y Formulación,≤100
1408158966068917,Noticias de Querétaro,These ads ran without a disclaimer,≤100
1561665210574560,Giovanni Contestabile Borbolla,Dulce Maria Flores Herrera,≤100
182252948625872,Los Rescatadores,"Refleacciona con Responsabilidad, A.C.",≤100
1452189031676518,Hyundai México,HYUNDAI MEXICO,≤100
104055485917305,Firma Legal Cabello Rivera,These ads ran without a disclaimer,≤100
124631600949535,Yo Influyo,Yoxmex,≤100
100320426220425,Colima con C de Claudia,Colima con C de Claudia S.A DE C.V,≤100
102931335827610,Fans de Jorge Romero - Georgemanía,Georgemanía,≤100
104051184791091,Beneficios en el Gobierno en todo México,Nancy Carmen Ramirez Casas,≤100
107511518695730,Fuera prianistas de la CDMX,Fuera prianistas de la CDMX,≤100
186073704903313,México elige,México Elige,≤100
1812297282329742,Jorge Triana,Jorge Triana Tena,≤100
107296958535185,U-Report México Uniendo Voces,U-Report México Uniendo Voces,≤100
190085328448680,Colectivo Informativo,Tresa Publicidad,≤100
540795076057624,Enfoco.mx,Enfoco.mx,≤100
478319186269282,Despidos Injustificados,Despidos Injustificados,≤100
107652783975551,CS Medicina Estética,CS Medicina Estética,≤100
108334872107207,El Noticioso de Occidente,El Noticioso de Occidente,≤100
109896661873670,Bienestar México,Bienestar México,≤100
196705420663884,Código Magenta,Código Magenta,≤100
108751525359645,Con Morena trabajamos todxs,conmorenatrabajamostodos.com,≤100
105462911936981,Laura Esquivel,HUMAN TARGET,≤100
114024430364416,YoXmx,Yoxmex,≤100
105409857986465,Programas Financieros para el Gobierno Mexicano y Beneficios,Edith Martinez Orta,≤100
756397431107703,Omar Ortega Álvarez,Omar Ortega Álvarez,≤100
100242005506001,Medestetic México,Medestetic México,≤100
2093065897608125,Competente MENTE,Sergio Adonnay Mora Ramirez,≤100
316162282245753,Ovidio Peralta Suárez,Ovidio Peralta Suárez,≤100
147751821930575,Salud Digital Fundación Carlos Slim,Fundación Carlos Slim,≤100
111062598459946,Equidad y liderazgo,equidadyliderazgo.com,≤100
142145835862894,IEXE Universidad,IEXE Universidad,≤100
103290404864989,Beneficios Nacionales de Gobierno,Jesus Moreno Delgado,≤100
103290404864989,Beneficios Nacionales de Gobierno,Edith Martinez Orta,≤100
2818718441534332,Es de política mexicana,Es de Política Mexicana,≤100
2055959724624459,NTT,Tresa Publicidad,≤100
160752503961,EMEEQUIS,EMEEQUIS,≤100
110187414493874,Plataforma Informativa Mexicana #PIM,euthenics,≤100
326647354840146,Sergio Gutiérrez Luna,Sergio Gutiérrez Luna,≤100
219168613441556,Abogados México,Jose Miguel Ramirez Valenzuela,≤100
479751765559726,Manuel Hernández Badillo,Manuel Hernández Badillo,≤100
111163331503993,Encuestas_MX,Encuestas_MX,≤100
277380886249639,ExxonMobil México,"ExxonMobil México, S. A. de C. V.",≤100
300012556733023,Católicas México,Mario Bernal Gomez Llanos,≤100
101701991930418,UNIDEV,UNIDEV,≤100
463358453871269,JuanMa Munguía,JuanMa Munguía,≤100
320349101760473,Inboplast A.C.,Inboplast A.C.,≤100
134188236725011,Noemi Luna,Noemi Berenice Luna Ayala,≤100
104252495822239,La Magia de Transformar,LA MAGIA DE TRANSFORMAR S.A DE C.V,≤100
106307612088667,Preparatoria en Línea SEP,UNIDEV Universidad SC,≤100
116437828394342,Phiten Mexico,Phiten Mexico,≤100
1415691342026378,Fundación Carlos Slim,Fundación Carlos Slim,≤100
387796290649,GNP Seguros,GNP Seguros,≤100
165165647490416,Capital Noticias,Tresa Publicidad,≤100
177319665650476,ClikiSalud - Fundación Carlos Slim,Fundación Carlos Slim,≤100
100539512991362,Yo con Ella,Rosa Eugenia Diaz Biones,≤100
115592847024547,Iraís Reyes,Iraís Reyes,≤100
104066812502973,La raíz del cambio,LA RAÍZ DEL CAMBIO S.A DE C.V,≤100
1619517958096017,En Red Noticias,Tresa Publicidad,≤100
105848177845789,All Out en español,All Out,≤100
105533795460071,Norte Monrealista,Norte Monrealista,≤100
101461686043880,Centro Certificador de Estudios Especializados.,Abel Ivan Aragon Maldonado,≤100
245495562137150,Mitofsky,Roy Campos,≤100
107738917712607,ALA,Alexa Trujillo,≤100
101056665941565,Lucero Santana,Lucero Elizabeth Santana Perez,≤100
110223761694157,Admin Project Technology,Williams Rodriguez Constantinho,≤100
164183347562623,Denuncia México,euthenics,≤100
915220875259528,Telokwento,TELOKWENTO,≤100
257333027729841,Julieta Ramírez,Julieta Ramirez,≤100
108341180995447,4T México,Diana Melissa Leyva Rochin,≤100
106853071237547,Óscar Gutiérrez Camacho,Óscar Gutiérrez,≤100
107727682047392,XunMexicodeverdad,X UN MÉXICO DE VERDAD,≤100
103821621408670,Programa en el Gobierno Mexicano Independiente,Jesus Moreno Delgado,≤100
105409857986465,Programas Financieros para el Gobierno Mexicano y Beneficios,Jesus Moreno Delgado,≤100
390528021812774,Jorge Luis Llaven Abarca,Jorge Llaven,≤100
1082836978406151,OCNFeminicidio México,Mario Bernal Gomez Llanos,≤100
105278152331161,Becas y Convocatorias,Becas y Convocatorias,≤100
592495347619799,Mi familia es primero,Yoxmex,≤100
203709812204,José Ramón Gómez Leal JR,Jose Ramon Gomez Leal,≤100
105758101614814,Erika Díaz Villalón,Erika Díaz Villalón,≤100
953657811446042,Conciencia Nacional por la Libertad Religiosa,Fundación en Promoción de la Familia y la Libertad AC,≤100
493453457351145,Coparmex Nacional,Coparmex Nacional,≤100
246706730601149,Preparatoria desde casa SEP México,UNIDEV Universidad SC,≤100
707874865918912,ADN Alternativa Democrática Nacional,Canek Ortega Cano,≤100
882120822128618,Patricio Lozano,Patricio Lozano,≤100
104680124489636,Demoscopia Digital,Demoscopia Digital,≤100
34767149008,Tecnológico de Monterrey,These ads ran without a disclaimer,≤100
235994093744848,Contra Réplica,EDICIONES SAN FRANCISCO S.A. DE C.V.,≤100
102539288557323,Museo de Ciencias Ambientales,Museo de ciencias ambientales,≤100
115759524751786,,Mariana Granados,≤100
681291175575804,Visible,Lievant Studio,≤100
1985095215139869,Alejandro Carvajal,Alejandro Carvajal,≤100
2330030160374237,Balance 24,Balance 24,≤100
336492163428628,José Luis Santos,José Luis Santos,≤100
203204102812,Fundación Friedrich Naumann para la Libertad México,Alexandra Patricia Arevalo Muñoz,≤100
156383765015536,Luis Alberto Aguilera Orta,HUMAN TARGET,≤100
122154061801959,Colectivo Mujeres Cabeza de Familia,Yoxmex,≤100
113696735321509,Pepe y Toño,Consejo de la Comunicación,≤100
1583631301915573,Liborio Vidal,Liborio Vidal Aguilar,≤100
106037864919855,Ana Ayala,Ana Elizabeth Ayala Leyva,≤100
226699804054458,Juan Carlos Barragán Vélez,Juan Carlos Barragan Velez,≤100
196493763808241,CEEY,CENTRO DE ESTUDIOS ESPINOSA YGLESIAS,≤100
107987827999009,Beneficios en México Independiente,Jesus Jimenez Perez,≤100
1005126546347896,Noticias Mexico Unido,Alexis Daniel Garza De Leon,≤100
447402172384695,México Digital,Tresa Publicidad,≤100
978024885551039,Vox Populi Gto,Vox Populi Gto,≤100
283653271758441,24 Morelos,24 CDMX,≤100
536886746673043,Jóvenes MX,Yoxmex,≤100
101212808784634,República 21,Rosa Eugenia Diaz Biones,≤100
101243359536311,Preparatoria en línea SEP desde casa,UNIDEV Universidad SC,≤100
100431071908734,La-Lista,DCS MEDIA & COMMUNICATIONS,≤100
104051184791091,Beneficios en el Gobierno en todo México,Jesus Jimenez Perez,≤100
2059420467624770,El Tecolote Diario,El Tecolote Diario,≤100
651415091544662,Cancún Channel,David Jonathan Estrada Castillo,≤100
102849895453455,El nacionalista,Rene Mejia Torres,≤100
265938437673601,Yo Soy Mi Planeta,Yoxmex,≤100
281188282215551,José Medina Mora Icaza,José Medina Mora Icaza,≤100
110466611765814,Manuel Pérez Fotografía,These ads ran without a disclaimer,≤100
171494803269262,Noticias México,euthenics,≤100
104546498723247,Mauricio Cantú,Mauricio Cantú,≤100
111980355074733,Adriana Grajales Gómez,Adriana Grajales Gómez,≤100
110703528634325,Bachillerato Unidev SEP,Unidev Universidad SC,≤100
106096569069372,lulyannmorales,These ads ran without a disclaimer,≤100
108165555435880,Región Huasteca Mx,REGION HUASTECA,≤100
1362899813848288,Cobertura 360 MX,Cobertura 360 MX,≤100
907647345982471,Cicuta,Jose Joel Flores,≤100
302448513146235,Jorge Romero Herrera,JORGE ROMERO,≤100
174229585991829,Periódico Libre en el Sur,Francisco Ortiz Pinchetti,≤100
103533465483263,Centro de Estudios y Capacitación Integral en Nutrición,Alfredo Esquivel Villeda,≤100
103395775997425,Prepa en Linea desde casa SEP,UNIDEV Universidad SC,≤100
111810526917005,Leticia Olivares Jiménez,Faustino Damian Claudio,≤100
109728374729315,24 horas Yucatán,24 Horas Yucatán,≤100
354326078079338,Campaigns and Elections Mexico,Mario Alberto Rivera Lagarreta,≤100
92465443899,Reporte Índigo,Capital Media,≤100
225774331107918,Jonathann Estrada,David Jonathan Estrada Castillo,≤100
106348013297814,Carlos Ulloa,Carlos Ulloa,≤100
101121142827861,Periodistas Anónimos,Periodistas Anónimos,≤100
1871963173033717,Othon Hernández Candanedo,Othon Hernandez Candanedo,≤100
106645559043162,Bachillerato virtual SEP,Unidev Universidad SC,≤100
411235336284306,Empresarios por la Cuarta Transformación,"Empresarios 4T, Asociación Civil",≤100
451328978681177,Saúl Ramírez,Saúl Ramírez,≤100
235606900176440,Macronews,Macronews,≤100
133761830290194,Tere Jiménez,AI MKT,≤100
105925314120759,Mario Bracamonte,Julián Reynoso Mazoy,≤100
909433945747355,Sandra Pámanes,Sandra Pámanes,≤100
2340595106035117,Ismael Brito Mazariegos,Ismael Brito Mazariegos,≤100
543830382749706,Compromiso Social Mx,Compromiso Social Mx,≤100
409800789114458,Antonio Pelón Cervera,Macronews,≤100
187408468118775,Jorge Torres #elbrecho,Brecha Comunicación,≤100
100905166136342,Preparatoria SEP en línea,Unidev Uiversidad SC,≤100
369781099786031,Omar Castrejón,Omar Alejandro Castrejón Ruiz,≤100
1522195418029530,Político MX,Político MX,≤100
357392910954448,Abelina López Rodríguez,Abelina López Rodríguez,≤100
992816694189783,José Alam Chávez Jacobo,Jose Alam Chavez Jacobo,≤100
106681135502068,Ismael Carvallo,Ismael Carvallo,≤100
116177738030422,karennkapital,These ads ran without a disclaimer,≤100
106788158213835,Mario Sotomayor,República Alterna Mexicana SAS de CV,≤100
2224502900946392,Diplomados UNAM- Congreso.,Martin Vera,≤100
118245287128962,Juan Carlos González Romero,Victor R. Benitez,≤100
101740711752535,RUBRUM,Multipoll S.A. de C.V.,≤100
102613642169931,Unidev Preparatoria 6 meses en línea Sep,Unidev Universidad SC,≤100
101295992671758,Libertarismo México,México Libertario,≤100
2277249845928369,Harto Parlante,MEDIA VIAL,≤100
387730198486409,Códice,Consejo de Investigación Ciudadana y Empresarial Códice A.C.,≤100
138016565116389,Prepa En Linea SEP,UNIDEV Universidad SC,≤100
286051098107613,Fuego Cruzado,Victor Hugo Chavez Luna,≤100
101286431308424,Dr. Paco Sánchez,Dr Paco Sánchez,≤100
100891089041335,Termina tu preparatoria desde casa SEP,Unidev Universidad SC,≤100
105182528447528,DOMY,Suri Luar Corona Lira,≤100
1542651612620646,"Instituto Reyes Heroles, Jalisco","Instituto Reyes Heroles, Jalisco",≤100
502725876775008,Scientia,Augusto Martín Cedillo López,≤100
239400469424248,Hazte sentir,Hazte Sentir,≤100
658580710854883,Nueve Arte Urbano,Eduardo Sánchez Becerra,≤100
103097821946149,Mario Figueroa,Mario Figueroa,≤100
104094185438978,Contadores Mexicanos,Contadores Mexicanos,≤100
1582489958651276,Max Correa,Julio Cervantes,≤100
106178698930897,Preparatoria SEP en línea,Unidev Universidad SC,≤100
1708378782713605,Pulmón Urbano A.C.,Pulmón Urbano A.C.,≤100
100817295667787,Sergio Tamai Regidor,Jonas Zavala,≤100
103146715098739,Jaime Acevedo,INGENIO,≤100
189444025115478,Mauricio Ramírez Konishi,Julio Cesar Moreira Dosantos,≤100
107725744610004,Sofia Castro,Estudio Bocadillo,≤100
108285588456412,Instituto Dasein Meraki,Silvia Jazmin Zarate Chong,≤100
320404528148304,Nacho Campos,Nacho Campos E.,≤100
147958305222981,Viñedos La Redonda,These ads ran without a disclaimer,≤100
109553455415879,Bachillerato desde casa SEP,Unidev Universidad SC,≤100
104943798608724,Preparatoria en línea SEP México,UNIDEV Universidad SC,≤100
220540158005037,Asociación Mexicana de Ciencias Políticas,Asociación Mexicana de Ciencias Políticas,≤100
195815320573612,elmomento.mx,elmomento.mx,≤100
103657085905852,Índigo Energía e Industria,Índigo Energía e Industria,≤100
100332908733199,Fundación Traxión,Fundación Traxión,≤100
148709191834718,Alcaldes de México,Alcaldes de México,≤100
695261801312971,Revista Encuentro en Acción,Revista Encuentro en Acción,≤100
113614754985252,Preparatoria 4 meses SEP,Unidev Universidad SC,≤100
172262836190214,Julen Rementeria del Puerto,Julen Rementeria del Puerto,≤100
113330078338341,Marcelistas MX,Gustavo Israel Lara Espino,≤100
107454174761765,Etech Evolving Education,Etech Evolving Education,≤100
112252053650029,Preparatoria SEP en Línea,UNIDEV Universidad SC,≤100
115896348052800,Preparatoria virtual SEP desde casa,UNIDEV Universidad SC,≤100
106034232292980,Preparatoria en línea Mexico,UNIDEV Universidad SC,≤100
255250468590813,Cristina Robles,These ads ran without a disclaimer,≤100
496096610569383,Diputados en Acción CDMX,Diputados en Acción,≤100
104198335842437,Preparatoria SEP Virtual,UNIDEV Universidad SC,≤100
236858516331750,RADIOFUSION TV,Leonardo Hernandez,≤100
106162005636730,Sopa de Coditos,Sopa de Coditos,≤100
106933042327436,Bachillerato Virtual de Mexico,Unidev Universidad SC,≤100
465777803515977,Poncho Gutiérrez,Poncho Gutiérrez,≤100
990668231016708,Diplomado Comunicación Política y Campañas Electorales UAM Xochimilco,Teodoro Briceño de la Parra,≤100
113454631660156,kaisercarrillo,These ads ran without a disclaimer,≤100
116013091371418,Julio Huerta,Julio Huerta,≤100
358838008249321,Isidro Vargas,Isidro Vargas,≤100
1447605802172501,Karla Fiesco García,Karla Fiesco García,≤100
242666444366187,Municipio de Huatabampo  2021-2024,Alberto Ibarra,≤100
102944568266680,Layin Silvet,Alberto Lobo Almaraz,≤100
636669016755546,Librería “La Cháchara Periférica”,Emilio Ivan Montaño Pereda,≤100
247775885648262,Víctor Lagunas Peñaloza,Victor Lagunas Peñaloza,≤100
1734951530056727,Carmen Lilia Canturosas,Carmen Lilia Canturosas,≤100
104677602556872,Prepa para todos Unidev,Unidev Universidad SC,≤100
114643494909381,Bachillerato en 4 meses SEP,Unidev Universidad SC,≤100
110770031105769,Mennta,Alejandro Cruz Flores,≤100
355572631192830,Au Pair Mexico,These ads ran without a disclaimer,≤100
110763055151832,Preparatoria en línea SEP,UNIDEV Universidad SC,≤100
106763384981876,La Prensa Mx,Maria Elena Reyes Garcia,≤100
103710145621987,Lizbeth Ogazón Nava,Raymundo Mendoza Arredondo,≤100
923994957653139,Luisa Gutiérrez Ureña,Luisa Adriana Gutiérrez Ureña,≤100
106917395544366,Red Morena Digital,Fabian Ismael Torres Alvarez,≤100
111428001815534,Con Claudia,Con Claudia,≤100
102784292264814,Preparatoria en linea México bachillerato,UNIDEV Universidad SC,≤100
106037935750658,Preparatoria Unidev desde casa,Unidev Universidad SC,≤100
283480958685751,Obdulio Ávila M,Obdulio Ávila M,≤100
377671629054421,Polemon,Polemon,≤100
658270287879175,Doctorado Interinstitucional en Educación - Difusión,These ads ran without a disclaimer,≤100
100732580703775,El tiempo Yucatán,El Tiempo de Yucatán,≤100
185702296375261,Mexicómo,MEXICOMO,≤100
1455020028114688,Jaime Bueno Zertuche,Jaime Bueno Zertuche,≤100
1653542234724922,Cristina Salinas,Cristina Salinas,≤100
460903517603040,Marco Antonio Diaz Guerrero,Xiadani Carbellido Guzmán,≤100
432923167438353,Jorge Hernández Aguilera,Julián Reynoso Mazoy,≤100
186829918250,Ciudadanos en Red,Egresa Eventos y Turismo SA de CV,≤100
608699822593653,Morelia en Línea,Morelia en Línea,≤100
109927953731014,Espacio Libre México,Espacio Libre México,≤100
101555818455943,"Rafael ""Rafa"" Ramírez",Jose Rafael Ramírez Morales,≤100
109293358009070,Qué rayos con Vladi?,Vladimir Fernández Cabrera,≤100
1327748667304965,Carlos Peña Ortiz,Carlos Peña Ortiz,≤100
106295648496570,Infiltrados Tamaulipas,Estamos Unidos Mexicanos,≤100
167853737205938,Arturo Hernández Tapia Diputado Federal,Arturo Roberto Hernández Tapia,≤100
117243477978474,Termina tu preparatoria en 4 meses SEP,Unidev Universidad SC,≤100
360065277523541,Pedro Estrada,Pedro Estrada Córdova,≤100
109575971718478,Hitzel Bernal,Hitzel Bernal,≤100
100671096208741,Perfil Fronterizo al Momento,Perfil Fronterizo al Momento,≤100
625822217504525,Francisco Javier Garza de Coss,Francisco Javier Garza de Coss,≤100
104621811930420,Ricardo I. Cázares,Ricardo Ibarra Cázares,≤100
103340391889409,Alejandra Prado,These ads ran without a disclaimer,≤100
1614410865470755,Columnas de México,Columnas de México,≤100
101986141560046,El Yuca Cabezon,El Yuca Cabezon,≤100
108099371628440,Diputada  Edi M. Soriano Barrera,Edi Margarita Soriano,≤100
322210114635895,Update México,Update México,≤100
1394199960834828,Miguel Monraz,Miguel Angel Monraz Ibarra,≤100
107759665012300,Ulisses Tonatiuh,These ads ran without a disclaimer,≤100
232336684381335,RED periodismo veraz y objetivo,Ana Cristina Hernández Gallo,≤100
107509487815279,Dedogmasyrenuncias,DE DOGMAS Y RENUNCIAS,≤100
631188077022801,Contrapunto Noticias,David Jonathan Estrada Castillo,≤100
371111709616105,Valkiria On Line,Valkiria On Line,≤100
109736050805126,El Minutero,El minutero,≤100
101412546206011,U∞Turn,These ads ran without a disclaimer,≤100
164856266971710,Es lo Cotidiano,Es lo Cotidiano,≤100
306881586007009,Los Ángeles Press,Ruth Gutiérrez,≤100
652818185335893,Notidiario Tuxtla,Carlos Manuel Velazquez Coutiño,≤100
1024212257622837,Paola Jiménez Hernández,LIPCO,≤100
110545181905650,El Hidalguense Digital,These ads ran without a disclaimer,≤100
316410785381595,Fundación Cendes,Centro Nacional para el Desarrollo Sexual Infantil y Juvenil A.C.,≤100
109992918158136,Feminanciera,Sandra Sanchez Jauregui,≤100
1773177236335336,Comunicación e imagen,Anna Montiel,≤100
1184876134919693,ElPodium.MX,Edgar Fernando Sánchez Lucio,≤100
581346585883093,Magui Vazquez Chagolla,Maria Magdalena Vazquez Chagolla,≤100
101360672304967,Preparatoria desde casa SEP,Unidev Universidad SC,≤100
640044982685950,PRD Michoacán,PARTIDO DE LA REVOLUCIÓN DEMOCRÁTICA,≤100
100136586269476,José Luis Olguín Flores,José Luis Olguín Flores,≤100
944823365909303,Medio Serio,Nuria Valenzuela Márquez,≤100
108970623801463,Profr Carlos Rea Camacho,Profr Carlos Rea Camacho,≤100
110239881352852,Preparatoria en casa unidev,UNIDEV Universidad SC,≤100
111356791665420,El Radar,El Radar,≤100
138380622879706,Revista Ganar-Ganar,These ads ran without a disclaimer,≤100
101237389222759,Alfonso Rodríguez Bautista,Morena Huehuetoca,≤100
1406178929453999,Presidencia Delicias,GOBIERNO MUNICIPAL DE DELICIAS,≤100
101259548948419,BenditaRed,BenditaRed,≤100
101766965489103,Mtra. Sandra Navarro,Mtra. Sandra Navarro,≤100
1815088522093467,Favio Castellanos,Favio Castellanos Polanco,≤100
104194908706490,Preparatoria México SEP en línea,UNIDEV Universidad SC,≤100
1772086512892206,Revolución Democrática 2.0,Diana Laura Colin Lopez,≤100
791951890896578,Patricia Salazar,Patricia Salazar,≤100
107388102211536,Percepcion Social,Percepcion Social,≤100
107856097255170,Jorge Abdala,Brecha Comunicación,≤100
123706374310822,Lo de Hoy México,LCC Mkt,≤100
209756585798494,La Jornada Zacatecas,La Jornada Zacatecas,≤100
538376106328648,Alberto Viveros Noticias,Alberto Viveros Noticias,≤100
190394041002546,Nuevo Gráfico,Nuevo Gráfico,≤100
387917398509610,Colegio Internacional para el Desarrollo de la Educación y la Cultura,COLEGIO INTERNACIONAL PARA EL DESARROLLO DE LA EDUCACIÓN Y LA CULTURA A.C.,≤100
107699114281500,Amir Dmorena,Jgreg Morales,≤100
996060393800265,Betty Rivera al Aire TV,Beatriz Rivera,≤100
1585834374966452,Mirza Flores,Mirza Flores Gomez,≤100
1757489171180671,Massive Caller,Massive Caller,≤100
1103479286344796,Revista de Coahuila,Revista de Coahuila,≤100
104400215932006,Meraci,These ads ran without a disclaimer,≤100
100101715679554,ZOE México,ZOE México,≤100
233604220888841,Adriana Esther Martínez Sánchez,Adriana Esther Martinez Sanchez,≤100
1856514037937535,SuperMesa,Ramon Jorge Guardado Pérez,≤100
365624347194039,Karla Almazán,Karla Almazán,≤100
102073434626418,SER Noticias,SER Noticias,≤100
106676334608826,El proceso de María Luisa,These ads ran without a disclaimer,≤100
822905401108747,PoderMX,PoderMX,≤100
281125785691978,Saber Votar,Angel Alfredo Solis Lugo,≤100
1587273468223028,Misaj Becerra,Misaj Gonzalez Becerra,≤100
106926388587850,elcuartopoder.mx,elcuartopoder.mx,≤100
108083330882827,Iniciativa Climática de México,These ads ran without a disclaimer,≤100
104272608232696,Roberto Rodríguez Préstamos a Pensionados y Jubilados,Roberto Rodriguez Rojas,≤100
731169227024204,Blanca Piña,Senadora Blanca Estela Piña Gudiño,≤100
111747610668938,Nota Online.,Nota Online.,≤100
883076891822948,Jesús Rosales Puebla,Jesús Rosales,≤100
769749179713623,Julián López Galeana,Deyanira Uribe Cuevas,≤100
101268146120375,fxlad.zacatecas,These ads ran without a disclaimer,≤100
103561738070984,The Red Flamingo,These ads ran without a disclaimer,≤100
100107658458991,ALCabogadosOficial,These ads ran without a disclaimer,≤100
2271176223117069,Proyecto Sardina,Proyecto Sardina,≤100
492853084519289,Héctor Narváez MX,Héctor Freddy Robaldi Narváez,≤100
655883411268969,Daniel Barquet,Daniel Alberto Barquet Loeza,≤100
102255904996475,Geovanna Campos Vazquez,Julián Reynoso Mazoy,≤100
2023599817873318,Vladimir Parra,Vladimir Parra,≤100
247091415478957,Lorena de la Garza Venecia,Lorena de la Garza Venecia,≤100
112796153747051,Poll Position,Pollposition,≤100
1595317394055661,Justicia Para Viry,These ads ran without a disclaimer,≤100
290163821687964,Rocío Pérez Cruz,Aldo Zariñan Blancas,≤100
926952400656659,Román Cortés,Román Cortés,≤100
1827849363900003,Reporte Huasteca,Reporte Huasteca,≤100
108960501297573,Lety Vázquez,Lety Vázquez Hernández,≤100
267560693897156,Sagrario Guzmán,Elizabeth Guzmán Ureña,≤100
299429370142876,David Sánchez Isidoro,David Sanchez Isidoro,≤100
1630179603893278,Egresados IPADE AC,Zoltan Augusto Braun Casillas,≤100
106763095212271,Random,Juan Francisco Urrutia Alvarado,≤100
768729776576472,Susy Bermúdez,Susy Bermúdez,≤100
408048623327399,Alternativa Sindical,Beatriz Angélica Toscano de la Torre,≤100
104265172078009,Redes Monrealistas en Baja California,Redes Monrealistas en Baja California,≤100
111238000732210,CIELO AZUL CIELO Nublado,These ads ran without a disclaimer,≤100
113706630169047,Cultiva Futuro,These ads ran without a disclaimer,≤100
101540994725549,Bertin Arias.,Jose Isidro Bertin Arias Medrano,≤100
1776223812696913,Daniel Altamirano,Daniel Altamirano,≤100
100557462202852,Gloria Miramontes,Brenda Cristina Martinez Leon,≤100
106256019083718,Asociación de Proveedores Pétreos y Agregados Del Valle del Guadiana AC,These ads ran without a disclaimer,≤100
160385187326110,Santander México,These ads ran without a disclaimer,≤100
105356051488598,audiciti,These ads ran without a disclaimer,≤100
365839810189063,Lizbeth Mata Lozano,Lizbeth Mata Lozano,≤100
114101139270144,Grupo dportenis,These ads ran without a disclaimer,≤100
2321331638145287,Christian Quintana,Christian Quintana,≤100
146841588715199,Instituto de Investigaciones Antropológicas,These ads ran without a disclaimer,≤100
236647090206709,Infonews,Liliana Loera Guzman,≤100
100344435204047,Luis Daniel Lopez,Nubia De La Rosa,≤100
434629983297533,Fundación Gigante,These ads ran without a disclaimer,≤100
131602424169035,Oxfam en Español,These ads ran without a disclaimer,≤100
109718987583190,Brighite Granados,Nubia De La Rosa,≤100
101084949601318,Es Claudia Chihuahua,Nubia De La Rosa,≤100
104364561773822,Oscar Avitia,Nubia De La Rosa,≤100
1545555582174942,TResearch,TResearch,≤100