﻿Page ID,Page name,Disclaimer,Amount spent (EUR)
332170236842216,Vattenfall,Vattenfall Oy,≤100
8252999126,Suomen UNICEF – UNICEF Finland,Suomen UNICEF – UNICEF Finland,≤100
202285233124880,S-Pankki,S-Pankki,≤100
271311152007,Plan International Suomi,Plan International Suomi,≤100
360860753953531,Fortum,Fortum Suomi,≤100
1631165890489545,Gasum,Gasum Oy,≤100
119054448115588,WWF Suomi,WWF Suomi,≤100
117655354983768,Etelä-Saimaa,Kaakon Viestintä Oy,≤100
197556337837,FOX,"The Walt Disney Company Nordic AB, Filial i Finland",≤100
102072273177850,Uutisvuoksi,Kaakon Viestintä Oy,≤100
111005869699,Kirkon Ulkomaanapu,Kirkon Ulkomaanapu,≤100
242197705820950,SEY Suomen eläinsuojelu,SEY Suomen eläinsuojelu,≤100
54313274188,Naisten Pankki,Naisten Pankki,≤100
123692197698005,Suomen UN Women,Suomen UN Women,≤100
134934386349,Amnesty International - Suomen osasto,Amnesty International Suomen osasto,≤100
178362315106,European Parliament,European Parliament,≤100
149985558872,Suomen Pakolaisapu - Finnish Refugee Council,Suomen Pakolaisapu - Finnish Refugee Council,≤100
954591367987189,Länsi-Saimaan Sanomat,Kaakon Viestintä Oy,≤100
9227859351,Greenpeace Suomi,Greenpeace Suomi,≤100
143446715784260,Paikallislehti Joutseno,Kaakon Viestintä Oy,≤100
208161109199484,Sadankomitea,Suomen Sadankomitea ry,≤100
201285237101,Kokoomus,Kokoomus,≤100
117655354983768,Etelä-Saimaa,Etelä-Saimaa,≤100
108945982480217,Sosialidemokraatit SDP,Sosialidemokraatit SDP,≤100
187533664613953,Ammattiliitto Pro,Ammattiliitto Pro,≤100
8265674748,Suomen Lähetysseura,Suomen Lähetysseura,≤100
169477316356,Solidaarisuus,Solidaarisuus,≤100
1448616771847428,Maritta Mynttinen,Mynttinen Raila Maritta Orvokki,≤100
163903613685550,Eurooppalainen Suomi ry,Eurooppalainen Suomi ry,≤100
116399773126,Suomen Punainen Risti,Suomen Punainen Risti,≤100
386964478028420,Neste Bensis,Neste Oyj,≤100
188570803251,Rakennusliitto,Rakennusliitto,≤100
104418794504506,LähiTapiola Kiinteistövarainhoito,LähiTapiola Kiinteistövarainhoito,≤100
91788644010,Suomen opiskelijakuntien liitto - SAMOK ry,Suomen opiskelijakuntien liitto SAMOK ry,≤100
178003665577087,VTT Technical Research Centre of Finland,VTT Technical Research Centre of Finland Ltd,≤100
355695141779,Itä-Savo,Kaakon Viestintä Oy,≤100
137896982929126,Kauneimmat Joululaulut,Suomen Lähetysseura,≤100
60390955171,Vasemmistoliitto,Vasemmistoliiton eduskuntaryhmä,≤100
194897307433,Oikeutta eläimille,Oikeutta eläimille,≤100
189362187761641,Allianssi,Allianssi ry,≤100
262840131357,Changemaker Finland,Changemaker Finland,≤100
113398820097,Pelastakaa Lapset,Pelastakaa Lapset,≤100
110959555683831,Akavan Erityisalat,Akavan Erityisalat,≤100
679771758819878,KIOS,KIOS,≤100
696021337144506,Mai Kivelä,Vasemmistoliiton eduskuntaryhmä,≤100
287545521617,Suomen ylioppilaskuntien liitto (SYL),Suomen ylioppilaskuntien liitto (SYL),≤100
354242781693050,DNA Business,These ads ran without a disclaimer,≤100
192210228734,Kouvolan Sanomat,Kaakon Viestintä Oy,≤100
188627167849573,Kymen Sanomat,Kaakon Viestintä Oy,≤100
346582876022,Suomen Luonto,Suomen Luonto,≤100
445775442119197,Kaakonkulma,Kaakon Viestintä Oy,≤100
229433767936563,Lääkärit Ilman Rajoja,These ads ran without a disclaimer,≤100
335646846645106,Kotimaanapu,Kotimaanapu,≤100
55312855747,Keskusta,Suomen Keskusta r.p.,≤100
433087293448371,Tiedekulma,Tiedekulma,≤100
325993457497080,Finn Spring,These ads ran without a disclaimer,≤100
1566987606884915,Metsä palvelee,Metsäliitto Osuuskunta,≤100
322478695679,Länsi-Savo,Kaakon Viestintä Oy,≤100
220979494594748,Kuntarekry.fi,Kuntarekry,≤100
102626225365927,CO₂ncrete Solution,Betoniteollisuus ry,≤100
129286757147002,Tehy ry,Tehy ry,≤100
275168389198010,Ehkäisevä päihdetyö EHYT ry,Ehkäisevä päihdetyö EHYT ry,≤100
220884089007,Suomen luonnonsuojeluliitto,Suomen luonnonsuojeluliitto,≤100
663505500519694,Johanna Hasu - Eduskuntavaaliehdokas,Johanna Hasu,≤100
926886924012421,Markku Eestilä,Markku Yrjö Eestilä,≤100
110112319062867,Electrobike,Electrobike / Scanfour Oy,≤100
138784779521810,Naisten Linja,Naisten Linja Suomessa ry,≤100
73855994623,Maailma.net,Maailma.net ry,≤100
153374888023578,Fingo - Suomalaiset kehitysjärjestöt,Fingo - Suomalaiset kehitysjärjestöt,≤100
200739723082,University of Helsinki,University of Helsinki,≤100
100895198450038,Poliitikko Teemu Savolainen,Teemu Savolainen,≤100
457999207720704,Tieteessä tapahtuu,Tieteellisten seurain valtuuskunta,≤100
545309265626080,Kela - Fpa,Kela - Fpa,≤100
116940668479201,Heidi Hautala,Heidi Hautala,≤100
245967315440131,Maailman Kuvalehti,Fingo ry - Suomalaiset kehitysjärjestöt,≤100
1569715913292949,Susanna Kisner,Krisner Susanna Heli Maaria,≤100
257045532851,TAPIO,Tapio Oy,≤100
212257028078,Toisenlainen Lahja,Toisenlainen Lahja,≤100
107086122672929,Savon Sanomat,Savon Sanomat,≤100
1529132450712026,Paikallislehti Puruvesi,Kaakon Viestintä Oy,≤100
381290523932,VIKES Viestintä ja kehitys -säätiö,Viestintä ja kehitys -säätiö,≤100
198817806799305,Warkauden Lehti,Warkauden Lehti,≤100
105068957719272,PerusÄijät ry,PerusÄijät ry,≤100
274800030869,Pohjanmaan Kokoomus,Pohjanmaan Kokoomus,≤100
288793568450945,Kilpirintama,Marko Kilpi,≤100
416337011847395,Pitäjänuutiset,Kaakon Viestintä Oy,≤100
104947235795626,Ulriika Sundell - eduskuntavaaliehdokas,Ulriika Sundell,≤100
302941236400380,Pakolaisneuvonta ry - Refugee Advice Centre,Pakolaisneuvonta ry - Refugee Advice Centre,≤100
362058531025252,Ekokompassi,Ekokompassi,≤100
101051658302610,Monimetsä,Tapio Oy,≤100
283315145642273,"Politiikkaa käsi sydämellä. Albana Mustafi, Kemi.",These ads ran without a disclaimer,≤100
133459136755839,Ihmisoikeusliitto,Ihmisoikeusliitto,≤100
1847686052110731,Jatta Juhola kansanedustajaehdokas,Jatta Juhola,≤100
108089471372987,Eduskuntavaaliehdokas Hilma Vepsäläinen,Hilma Katariina Vepsäläinen,≤100
189362187761641,Allianssi,Allianssi,≤100
104877488982288,SLB,These ads ran without a disclaimer,≤100
80911686409,Laurea University of Applied Sciences,These ads ran without a disclaimer,≤100
21506277966,Acronis,These ads ran without a disclaimer,≤100