﻿Page ID,Page name,Disclaimer,Amount spent (CLP)
184169995325116,Gerardo Rojas Escudero,Gerardo Rojas Escudero,9640
26929188652,El Observatodo,MiVoz.cl,7384
1548643738480723,Asistencia Deudores,Asistencia Deudores,7118
105783868682878,Asistencia Tesorería,Asistencia Tesoreria,5464
600661340080888,Municipalidad de Salamanca,Municipalidad de Salamanca,4974
8093963076,Techo - Chile,Pago por TECHO Chile con créditos de anuncios de Facebook,4012
102422525535808,FARMACIAS PUNTO BLANCO,Ranko Frane Lenac Pizarro,3684
280326368663728,Asociación de Industriales de Iquique,Asociacion de Industriales Iquique,3400
106423590853145,Fundación Ciudadanos en Acción,Fundacion Ciudadanos en accion,3203
101077969210224,Corporación Clúster Minero Región de Antofagasta,Corporación Cluster Minero Región Antofagasta,3203
580663538777736,Consejo Minero,Feedback Comunicaciones,3014
103527991214141,Cero DICOM,Cero Dicom,2211
246478779511291,Lex Grupo Abogados,Lex Grupo Abogados,1121
110309894432662,Gerald Castillo - Concejal Ovalle,Héctor Rene Baeza Olivares,1047
101439071476201,Laboratorio Chile - Teva,Laboratorio Chile S.A.,801
78617029137,Greenpeace Chile,Fundación Greenpeace Pacífico Sur,703
103030962615298,Chile YAAC,Chile YAAC,682
391338058160314,Desafío Chile Sin Basura,Benjamín Jose Cruz Pacheco,625
968772086505075,Gerardo Espíndola Rojas,Gerardo Alfredo Espíndola Rojas,589
78239901502,Diario Financiero,Grupo DF,554
100500391761859,Corporación Innovarte,Corporacion Innovarte,411
438330923602981,Libres Chile,Libres Chile,372
110951722267366,World Vision Chile,World Vision Chile,328
100826904957145,Centro Científico Tecnológico Región de Antofagasta,CICITEM,314
101326581302605,Desafío 10X,Fundación 10X,203
293103284121826,Fundación Para el Progreso,Fundación Para el Progreso,200
1140435596103153,Asociación Chilena de Municipalidades,Asociación Chilena de Municipalidades,168
112863284811655,Partido Alianza Verde Popular,Partido Alianza Verde Popular,141
256214294989170,DaleProfe,These ads ran without a disclaimer,132
110405624650830,Chile En La Encrucijada,Juan Antonio Montes Varas,≤100
111292728502106,la.rataquetejeydesteje,These ads ran without a disclaimer,≤100
126170624336,Amnistía Internacional - Chile,Amnistía Internacional Chile,≤100
104956792637,Fundación Telefónica Movistar Chile,Juan Pablo Gonzalez Urriola,≤100
100115972598818,Stampartespa,These ads ran without a disclaimer,≤100
103463095024719,Curiocity,Curiocíty,≤100
31121558686,BBVA Careers,These ads ran without a disclaimer,≤100
502665456448329,Federico Barolin,These ads ran without a disclaimer,≤100
300388487175909,CEUPE - Centro Europeo de Postgrado - Chile,These ads ran without a disclaimer,≤100