﻿Page ID,Page name,Disclaimer,Amount spent (USD)
1117512094962616,Ministère de l’Industrie et du Commerce,MCINET,≤100
147084112022235,La Nouvelle Tribune,La Nouvelle Tribune,≤100
107627395144123,الحكومة المغربية,الحكومة المغربية,≤100
167254950013774,Rue20.Com,Ayoub Elkouari,≤100
214697158909990,Huawei Digital Power,These ads ran without a disclaimer,≤100
161637767281862,LE MATIN.ma,Groupe Le Matin,≤100
101970812076593,Madar 21 مدار,Madar 21 مدار,≤100
104572698809103,Bladna 24,BLADNA24,≤100
1593704590859407,Tiflet Young Leaders Network - شبكة الرواد الشباب بتيفلت,Anass Heddan,≤100
605527566303955,القناة,al9anat.com,≤100
438771642823963,الإيسيسكو,ICESCO,≤100
103145075727721,Omar Business School,These ads ran without a disclaimer,≤100
648300648698719,الإعلامي عاطف عبد اللطيف,These ads ran without a disclaimer,≤100