﻿Page ID,Page name,Disclaimer,Amount spent (USD)
466215340133535,Utah Clean Air Partnership - UCAIR,UCAIR,615
304600892905134,Hillsdale College Online Courses,HILLSDALE COLLEGE,592
106795887744054,In Utah,Utah Governor's Office of Economic Opportunity,418
85452072376,NEWSMAX,"NEWSMAX MEDIA, INC.",231
114646533630729,yes. every kid.,"yes. every kid, Inc.",200
108547455113940,Our America,Our America,181
309308412520731,Sandy Hook Promise,Sandy Hook Promise,169
103875099042033,DailyWire+,The Daily Wire,144
1461100540775171,The Tuttle Twins,LIBERTAS INSTITUTE,141
127225910653607,PragerU,PragerU,115
18982436812,ACLU,American Civil Liberties Union,≤100
106244251043808,America's Plastic Makers,"AMERICAN CHEMISTRY COUNCIL, INC.",≤100
6514736316,Walden University,Walden University,≤100
252754215358501,Utah Ranked Choice Voting,Utah Ranked Choice Voting,≤100
116546288359245,Heritage Action for America,HERITAGE ACTION FOR AMERICA,≤100
570092813023833,Matt Walsh,The Daily Wire,≤100
115379705206001,U.S. Department of Homeland Security Blue Campaign,U.S Department of Homeland Security Blue Campaign,≤100
385473284886474,Hillsdale College,Hillsdale College,≤100
92925746942,Judicial Watch,Judicial Watch,≤100
40217893542,AIPAC,AIPAC,≤100
1593518174052711,Candace Owens,The Daily Wire,≤100
109092142462587,Adam Schiff,SCHIFF FOR CONGRESS,≤100
42872222699,Dana Loesch,The Association of Mature American Citizens Inc,≤100
7341997111,Conservation International,Conservation International,≤100
746938465317981,Nuclear Matters,Nuclear Matters,≤100
22067606728,Allen West,The Association of Mature American Citizens Inc,≤100
15771560300,Earthjustice,EARTHJUSTICE,≤100
203805062990264,Ben Shapiro,The Daily Wire,≤100
592707041080920,Stand Together,Stand Together Chamber of Commerce Inc.,≤100
30139072158,CARE,CARE,≤100
100571575681063,Renew Utah,Western Freedom,≤100
107483817554072,WorkMoney,WorkMoney,≤100
145917588805718,Dr Jordan B Peterson,The Daily Wire,≤100
5720973755,Defenders of Wildlife,DEFENDERS OF WILDLIFE,≤100
113891694102,Energy Citizens,AMERICAN PETROLEUM INSTITUTE,≤100
49651563727,Live Action,Live Action,≤100
104394262049761,Jeremy's Razors,The Daily Wire,≤100
243685455689811,PoliticIt,John David Johnson,≤100
121268821249550,World Central Kitchen,World Central Kitchen,≤100
104295601633638,American Cornerstone Institute,American Cornerstone Institute Inc,≤100
166618413413767,Jay Sekulow,American Center for Law and Justice,≤100
195530355493,Chicks On The Right,The Association of Mature American Citizens Inc,≤100
1787149304864079,Mike McKell,Mike McKell for State Senate,≤100
103912059097010,One Real American,One Real American,≤100
13885075114,Action Against Hunger USA,ACTION AGAINST HUNGER - USA,≤100
200650357207240,I Love My Freedom,I Love My Freedom,≤100
198741046833409,Utah Policy,Utah Policy,≤100
309798029121030,Everytown for Gun Safety,Everytown for Gun Safety Action Fund Inc,≤100
542678889114683,The Coca-Cola Company,The Coca-Cola Company,≤100
7263476274,Mercy Corps,Mercy Corps,≤100
206052849902620,Intermountain Immigration,"Intermountain Immigration, LLC",≤100
159658557547960,Wall Street Journal Opinion,The Wall Street Journal,≤100
682954658528499,Keith Grover,Friends of Keith Grover,≤100
110042181919423,Leading With Greatness,Patriotic Uniting For All,≤100
114008535880,Foundation for Individual Rights and Expression,FOUNDATION FOR INDIVIDUAL RIGHTS IN EDUCATION,≤100
102592959026,Ocean Conservancy,"OCEAN CONSERVANCY, INC.",≤100
1116377255172784,Concerned Veterans for America Foundation,Concerned Veterans for America Foundation,≤100
342294162453301,Planned Parenthood,Planned Parenthood Federation of America,≤100
102960695956522,Amazing Patriots,Amazing Patriots,≤100
107769408885290,Representative Jeff Burton,Friends of Jeff Burton,≤100
110431415026491,The American Enthusiasm,The American Enthusiasm,≤100
106568024842114,Rideshare Assault Support,Select Justice LLC,≤100
25852730092,Care2,"Care2.com, Inc",≤100
21375324480,The Heritage Foundation,HERITAGE FOUNDATION (THE),≤100
18709174006,National Audubon Society,"NATIONAL AUDUBON SOCIETY, INC.",≤100
7030901126,Campaign for Tobacco-Free Kids,TOBACCO-FREE KIDS ACTION FUND,≤100
259351004139042,Ashbrook Center,Ashbrook Center,≤100
8492293163,Environmental Defense Fund,Environmental Defense Fund,≤100
359477377917,American Federation for Children,American Federation for Children,≤100
16317479654,Deseret News,Deseret News,≤100
38235851310,USA for UNHCR,UNITED STATES ASSOCIATION FOR UNHCR,≤100
6041057841,The Humane Society of the United States,"HUMANE SOCIETY OF THE UNITED STATES, THE",≤100
1413858742171052,Melinda French Gates,Melinda French Gates,≤100
2141522112606145,Prosperity Utah,Prosperity Utah,≤100
1435071773455316,Daily Wire,The Daily Wire,≤100
167586229923327,World Food Program USA,World Food Program USA,≤100
103885799225717,Liberty Protector,Liberty Protector,≤100
665345483483486,NRA - National Rifle Association of America,NATIONAL RIFLE ASSN OF AMERICA,≤100
108641741851973,Magic Valley Energy,Magic Valley Energy LLC,≤100
1958912674200535,The Pour Over,Pour Over,≤100
100992801635617,Conservative-American.org,Conservative American Strategies,≤100
83290028957,Care Net,CARE NET,≤100
12375354406,USO,United Service Organizations,≤100
69983322463,Ted Cruz,TED CRUZ FOR SENATE,≤100
6500552187,Hulu,"HULU, LLC",≤100
23875187730,Feeding America,Feeding America,≤100
925007000949719,ExxonMobil,EXXON MOBIL CORPORATION,≤100
203197030603239,8 Billion Trees,8 Billion Trees LLC,≤100
580610428636345,Fight for $15,Fight for $15,≤100
6204742571,Sierra Club,SIERRA CLUB,≤100
108380923919757,Health Insurance Hero,Health Insurance Hero,≤100
361960287311696,Better Medicare Alliance,"Better Medicare Alliance, Inc",≤100
8325302025,Friends of the Earth U.S.,Friends of the Earth,≤100
57259033959,AARP,AARP,≤100
542968069983885,HappeningNow,HappeningNow America,≤100
1540549669581410,Voices for Affordable Health,Voices for Affordable Health,≤100
103531607822207,Noticias para Inmigrantes,"Wise Rock Media, PBC",≤100
2353537341582545,Proud Patriots,Proud Patriots,≤100
100758682697459,Mayday Health,"Mayday Medicines, Inc.",≤100
51052893175,Speaker Kevin McCarthy,Speaker Kevin McCarthy,≤100
15239367801,The Wilderness Society,"WILDERNESS SOCIETY, THE",≤100
121626482110,Operation Smile,OPERATION SMILE,≤100
126893748252841,American Firearms Association,American Firearms Coalition,≤100
118372414848063,UN Women USA,UN Women USA,≤100
102769134675149,Evergreen Action,Evergreen Collaborative,≤100
2053678114723700,President Trump's Patriot Army,I Love My Freedom,≤100
50822254585,Mountain States Legal Foundation,Mountain States Legal Foundation,≤100
100466376050855,Real America Home,Real America Home,≤100
161183970656851,Ruben Gallego,GALLEGO FOR ARIZONA,≤100
7192716362,Amnesty International USA,"AMNESTY INTERNATIONAL OF THE U. S. A., INC.",≤100
1832744013698336,Mahogany Mommies,Mahogany Mommies,≤100
408526523045391,Mammoth Nation,Mammoth Nation,≤100
1316372698453411,Alexandria Ocasio-Cortez,Alexandria Ocasio-Cortez for Congress,≤100
176184061874,Utah Council for Citizen Diplomacy,Utah Council for Citizen Diplomacy,≤100
443329669123990,USAFacts,USAFacts Institute,≤100
216311481960,Bill Gates,Bill Gates,≤100
106913491375624,Israel War Room,Israel War Room,≤100
124506846628,Agape International Missions,AGAPE INTERNATIONAL MISSIONS,≤100
156496968533805,Explore Beyond,NCTA - The Internet & Television Association,≤100
103807629149771,Working Forests Initiative,"WORKING FOREST INITIATIVE, INC.",≤100
5435784683,Greenpeace USA,"GREENPEACE, INC.",≤100
681626158940626,Mission Roll Call,Americas Warrior Partnership,≤100
267180743723148,National Geographic Society,National Geographic Society,≤100
45393753416,Alliance Defending Freedom,Alliance Defending Freedom,≤100
17911165812,Covenant House International,Covenant House,≤100
300992409852,Hoover Institution,Hoover Institution,≤100
106315901551850,The U.S. Concealed Carry Association for Saving Lives,U.S. Concealed Carry Association For Saving Lives. Not Authorized By Any Candidate Or Candidate's Committee.,≤100
7735858972,Humane Society Legislative Fund,Humane Society Legislative Fund,≤100
142432192446984,David Horowitz Freedom Center,David Horowitz Freedom Center,≤100
97466887664,Innocence Project,"INNOCENCE PROJECT, INC., THE",≤100
103588388469410,Disparity Trap,Disparity Trap,≤100
125769584126996,Yael Eckstein,"INTERNATIONAL FELLOWSHIP OF CHRISTIANS & JEWS, INC.",≤100
21090771700,Gun Owners of America,Gun Owners of America,≤100
100905842810613,Family Benefits & Services,Heartwork Global,≤100
140357056032320,NEA Today,National Education Association,≤100
29717379728,International Justice Mission,International Justice Mission,≤100
945455208962159,For Everyone Collective,For Everyone Collective,≤100
172758932738142,PhRMA,PHARMACEUTICAL RESEARCH AND MANUFACTURERS OF AMERICA,≤100
518194348194441,RepresentUs,RepresentUs,≤100
15041226930,Oxfam,"OXFAM AMERICA, INC.",≤100
2254455051442790,Flag and Cross,Flag & Cross,≤100
70874333603,CatholicVote,catholicvote.org,≤100
745910525468062,National Center on Sexual Exploitation,National Center on Sexual Exploitation,≤100
1526707030943680,Phoenix Dream Center,City Help Inc of Phoenix dba Phoenix Dream Center,≤100
129854197080840,Councilman Scott Bracken,Scott Bracken,≤100
102415355916214,American Heart City,American Heart City,≤100
292351509697,Jerusalem Prayer Team,Jerusalem Prayer Team,≤100
425771317501061,Michael Knowles,The Daily Wire,≤100
106896229468079,Salt Lake City Public Lands,Salt Lake City Public Lands,≤100
7145381235,American Jewish World Service - AJWS,"AMERICAN JEWISH WORLD SERVICE, INC.",≤100
127637620616803,Comcast Newsmakers,Comcast,≤100
51405613519,Focus on the Family,Focus on the Family,≤100
100485764982266,Only One,Only One,≤100
290851614930809,Combat AntiSemitism,Combat Hate Foundation,≤100
19746387261,Humane Society International,Humane Society International,≤100
104977525752112,Freedom of Patriots,Freedom of Patriots,≤100
428821014132730,Katie Porter,KATIE PORTER FOR SENATE,≤100
318196171580489,Ron DeSantis,Friends of Ron DeSantis,≤100
111824001908,Hakeem Jeffries,JEFFRIES FOR CONGRESS,≤100
108266445888054,Patriot Academy,TORCH OF FREEDOM FOUNDATION,≤100
23790541544,Democrats,DCCC,≤100
343714718985673,Think Wood,Think Wood,≤100
406456986070332,Matt Gaetz,Friends of Matt Gaetz,≤100
126305280752104,Slavic Gospel Association,SLAVIC GOSPEL ASSOCIATION,≤100
10498053716,Media Research Center,MEDIA RESEARCH CENTER,≤100
1382441768496365,Pentair,PENTAIR,≤100
118626774835274,Medicare Made Clear,Medicare Made Clear from United Healthcare,≤100
72931140459,Center for Biological Diversity,"CENTER FOR BIOLOGICAL DIVERSITY, INC.",≤100
297987334762,Jamie Raskin,Jamie Raskin for Congress,≤100
336861789666063,Liberty Fund,LIBERTY FUND INC,≤100
134452023239984,Human Coalition,Human Coalition,≤100
8446177150,Chosen People Ministries,CHOSEN PEOPLE MINISTRIES INC,≤100
1869687273277265,Run for Something,Run For Something PAC,≤100
169597416843751,Stand Up America,Stand Up America,≤100
108268161352786,Stanley M. Herzog Foundation,Herzog Foundation,≤100
875653915822271,Dream.Org,Dream.Org,≤100
8047221596,Save the Children US,SAVE THE CHILDREN FEDERATION INC.,≤100
6266829799,Sherrod Brown,FRIENDS OF SHERROD BROWN,≤100
101704558574021,Lucas Kunce,Lucas Kunce for Missouri,≤100
375742685850856,Firearms Policy Coalition,"FIREARMS POLICY COALITION, INC.",≤100
201446296572389,Compassion in World Farming (USA),Compassion in World Farming Inc,≤100
408250066356,Bill O'Reilly,"Bill Me, Inc.",≤100
103648802451237,Fair Courts America,Fair Courts America,≤100
25121889784,Texas Public Policy Foundation,Texas Public Policy Foundation,≤100
43426724597,Paper Culture,Paper Culture LLC,≤100
6502038524,First Book,FIRST BOOK,≤100
181924628560212,SumOfUs,SumOfUs,≤100
471928596287830,Brian Mast,Mast for Congress,≤100
107698564046392,Lauren Boebert for Congress,LAUREN BOEBERT FOR CONGRESS,≤100
101391906600,Live Action News,Live Action,≤100
74470852653,Mike Pompeo,Champion American Values PAC,≤100
114710126648118,Republican Dogs,Republican Dogs,≤100
2245766435469741,Beersy,Beersy LLC,≤100
227764782729,AMERICAN - STRONG!,American Strong LLC,≤100
337038226473839,Trish Regan,"SALEM MEDIA GROUP, INC.",≤100
237644275109,Voices for Utah Children,VOICES FO UTAH CHILDREN,≤100
11551978516,URGE: Unite for Reproductive & Gender Equity,UNITE FOR REPRODUCTIVE & GENDER EQUITY,≤100
786167111464006,Woodson Center,The Woodson Center,≤100
583258211727279,Shai Fund,SHAI FUND INC,≤100
108512875350,The Atlas Society,The Objectivist Center Ltd,≤100
199826043375900,Larry Hogan,An America United,≤100
6240652407,Young America's Foundation,Young America's Foundation Inc,≤100
105049362256819,Self-Employed HealthCare,THE BURIAL SOLUTION,≤100
137918019584028,Starfish Project,"STARFISH PROJECT, INCORPORATED",≤100
6072343558,Center for American Progress,CENTER FOR AMERICAN PROGRESS,≤100
1476342155924546,Big Rig Threads,Big Rig T-Shirts and Decals LLC,≤100
109320440856128,Together Beat Hate,"Foundation to Combat Anti-Semitism, Inc.",≤100
372577693078008,"Saenz-Garcia Law, PLLC","Saenz-Garcia Law, PLLC",≤100
187005858017014,Climate Power,Climate Power,≤100
47710973068,Voices for Cooperative Power,Voices for Cooperative Power,≤100
20787991568,Senate Democrats,DSCC,≤100
188627788423714,The Scoop Politics,The Scoop Media Inc.,≤100
100168566232753,IRS Helper,Leads Team LLC,≤100
142957224352,International Medical Corps,International Medical Corps,≤100
9364828262,Citizens Against Government Waste,CITIZENS AGAINST GOVERNMENT WASTE,≤100
282728185140429,Rep For Vets,The Rep For Vets,≤100
35169196082,Project HOPE,"PROJECT HOPE-THE PEOPLE-TO-PEOPLE HEALTH FOUNDATION, INC.",≤100
331037760381749,Sierra Magazine,SIERRA CLUB,≤100
113989378253451,Seguro Barato,THE BURIAL SOLUTION,≤100
162678203751209,Gilead Sciences,GILEAD SCIENCES INC,≤100
102413723172970,Nick Adams,Nick Adams,≤100
101090559295696,TPUSA Faith,TURNING POINT USA NFP,≤100
5943727453,American Humane,American Humane,≤100
275947565591,Woods & Woods The Veterans Firm,"Woods & Woods, LLC",≤100
164966660351345,Hope Outfitters,Hope Outfitters,≤100
201956993160690,MRCTV,MEDIA RESEARCH CENTER,≤100
153278754738777,Climate Reality,The Climate Reality Project,≤100
507070522767934,AACR Foundation,"AMERICAN ASSOCIATION FOR CANCER RESEARCH, INC.",≤100
160630887998827,Let Them Live,Oliver Harrison  Berning,≤100
145973965440671,Carnegie Corporation of New York,CARNEGIE CORPORATION OF NEW YORK,≤100
105561217523274,The Dispatch,"Dispatch Media, Inc.",≤100
102748688472759,Parents Defending Education,Parents Defending Education,≤100
29423827874,Proclaiming Justice to the Nations,PROCLAIMING JUSTICE TO THE NATIONS INC,≤100
107168898379486,Speed & Scale,Speed & Scale,≤100
290548664672,First Liberty,First Liberty Institute,≤100
158505287559920,Save the Storks,Save the Storks,≤100
107764430968176,Tuttle Twins TV Show,"Tuttle Twins Show, LLC",≤100
709046012792616,National Audubon Society Action Fund,National Audubon Society Action Fund,≤100
109599248636777,Consumer Credit Card Protection Coalition,CONSUMER CREDIT CARD PROTECTION COALITION,≤100
104738851769938,For What It's Worth - FWIW,FOR WHAT ITS WORTH LLC,≤100
27544763621,Prison Fellowship,Prison Fellowship,≤100
111523537122063,Nelson Abbott,Nelson Abbott,≤100
35715544220,Stand.earth,Stand.earth,≤100
315528175667844,Women2Women,Women2Women Conversations Tour,≤100
34362997676,United States Holocaust Memorial Museum,UNITED STATES HOLOCAUST MEMORIAL MUSEUM,≤100
2602473023098666,Democratic Polling Center,Democratic Governors Association,≤100
6334782252,Oceana,Oceana,≤100
367292494407,AJC - American Jewish Committee,AMERICAN JEWISH COMMITTEE,≤100
8936818385,Accuracy in Media,Flo Communications,≤100
109118211910879,Mr. 45,Green Straw LLC,≤100
38882699096,Polaris,POLARIS PROJECT,≤100
243498882520314,FoodFinder,"FOODFINDER, INC.",≤100
50982313030,Food & Water Watch,Food & Water Watch,≤100
97279934919,bp America,BP CORPORATION NORTH AMERICA INC.,≤100
83865976093,Truthout,TRUTHOUT,≤100
355783211719644,Veteran Caregivers of America,"Veteran Caregivers, LLC",≤100
314499212242,Pfizer,Pfizer Inc.,≤100
107308698272177,Gas Leaks Action,Gas Leaks Action,≤100
318691681482265,Liberty Justice Center,Liberty Justice Center,≤100
8473889271,National Parks Conservation Association,National Parks Conservation Association,≤100
91346559231,Democratic Legislative Campaign Committee - DLCC,Democratic Legislative Campaign Committee,≤100
110471938085477,Constellation Brands,"CONSTELLATION BRANDS, INC.",≤100
104107788684988,Tom Klingenstein,TomKlingenstein.com,≤100
151894654697,Save Our States,Save Our States,≤100
1925027940842417,Sara A. Carter,The Association of Mature American Citizens Inc,≤100
250485248333218,Clean Air Task Force,CLEAN AIR TASK FORCE,≤100
1600352356914768,PushBlack,PushBlack,≤100
552580508224925,Chan Zuckerberg Initiative,"CHAN ZUCKERBERG INITIATIVE, LLC",≤100
110003135240961,Pride of America,Pride of American,≤100
702582586516561,CBN Israel,"The Christian Broadcasting Network, Inc.",≤100
106568024842114,Rideshare Assault Support,Citizen Ad Network LLC,≤100
345378512258813,Elise Stefanik,ELISE FOR CONGRESS,≤100
13867925345,Equality Florida,Equality Florida,≤100
7292655492,MoveOn,MOVEON.ORG POLITICAL ACTION,≤100
36872302227,Cory Booker,CORY BOOKER FOR SENATE,≤100
378084314984,Trane Technologies,Trane Technologies,≤100
105173311888160,Star and Bar,Star and Bar,≤100
93228695778,Tea Party Patriots,Tea Party Patriots,≤100
407902639235640,JNS.org,Jewish News Syndicate,≤100
110316380149,Family Policy Alliance,Family Policy Alliance,≤100
96491683438,"The Friends of Israel Gospel Ministry, Inc.","FRIENDS OF ISRAEL GOSPEL MINISTRY, INC, THE",≤100
110267835279432,Senior Savings,The Daily Savings Journal,≤100
100328619530085,Bishop Gold Group,Bishop Gold Group LLC,≤100
109716011638325,Jane Fonda Climate PAC,JANE FONDA CLIMATE PAC,≤100
2070944712939738,American Police Officers Alliance,American Police Officers Alliance,≤100
661744180680367,National Police Association,"NATIONAL POLICE ASSOCIATION, INC.",≤100
60261764250,Childhelp,"CHILDHELP, INC.",≤100
137072070869,Investment Company Institute,INVESTMENT COMPANY INSTITUTE,≤100
103565195134756,America First Policy Institute,America First Policy Institute,≤100
131306317680000,Social Goods,"Social Goods, LLC",≤100
1731084720451495,Saprea,The Younique Foundation,≤100
100373975829221,Fòs Feminista Org,Fòs Feminista,≤100
89336510798,American Friends of the Hebrew University,American Friends of Hebrew University,≤100
317284821682168,Messianic Jewish Alliance of America (MJAA),Messianic Jewish Alliance of America,≤100
178746337565646,Save Our Allies,Save Our Allies,≤100
101626535691142,Tina Blum Cohen for U.S. House of Representatives Texas District 7,TINA BLUM COHEN FOR US HOUSE OF REPRESENTATIVES TEXAS DISTRICT 7,≤100
203294399456,Public Interest Registry,Public Interest Registry,≤100
7219151423,The Fund for American Studies (TFAS),FUND FOR AMERICAN STUDIES,≤100
102047517918,The Commonwealth Fund,"COMMONWEALTH FUND, THE",≤100
1632814840319802,John Fetterman,Fetterman for PA,≤100
260668817346988,Ignite National,IGNITE,≤100
109352563640,Water.org,WATER.ORG INC.,≤100
113938434893253,Tomorrow’s Affairs,These ads ran without a disclaimer,≤100
104491841664875,Adam Kinzinger,Future First Leadership PAC,≤100
155591388269607,Cedar Valley Sentinel,Lake Mountain Media,≤100
51379424899,Mercy Ships,MERCY SHIPS INTERNATIONAL,≤100
100388126216021,The Red Onlooker,Gregory Lawrence Burright,≤100
46347342434,EMILY's List,EMILY'S LIST,≤100
514167322309353,Dan Crenshaw,Dan Crenshaw for Congress,≤100
271453369908901,FLAG  - Foundation for Liberty and American Greatness,Tomer Barazani,≤100
431019887282794,Tomorrow's World Today,Flying Cork,≤100
120778038066631,EveryLibrary,EveryLibrary,≤100
101647259395520,Project on Constitutional Originalism and CIT,Project on Constitutional Originalism and CIT - Catholic University of America,≤100
219612384781411,Bloomberg Philanthropies,Bloomberg Philanthropies,≤100
114301413446447,The Climate Initiative,Kennebunkport Climate Initiative,≤100
897994503631860,HealthInsurance.net,ASSURANCE IQ INC,≤100
240937060405,Center for Science in the Public Interest (CSPI),Center for Science in the Public Interest,≤100
1562713090633117,Operation Underground Railroad,OPERATION UNDERGROUND RAI,≤100
7962229886,Environmental Working Group,ENVIRONMENTAL WORKING GROUP,≤100
149607228384141,America Needs Fatima,"American Society for the Defense of Tradition, Family and Property",≤100
662962894077729,The Well News,The Well News,≤100
101224002310757,Seven Weeks Coffee,Seven Weeks Coffee,≤100
182620315479,Plan International USA,Plan International USA,≤100
70795936969,Children International,CHILDREN INTERNATIONAL,≤100
12301006942,Democratic Party,DNC SERVICES CORP./DEM. NAT'L COMMITTEE,≤100
30618466815,Pacific Legal Foundation,Pacific Legal Foundation,≤100
113341457791145,Voices for Healthy Green Spaces,Voices for Healthy Green Spaces,≤100
72092591211,FBI – Federal Bureau of Investigation,Federal Bureau of Investigation,≤100
673667436317733,Texas Consumer Association,Texas Consumer Association,≤100
123500462249,Oregon Food Bank,"OREGON FOOD BANK, INC.",≤100
109819009036381,The New York Sun,NEW YORK SUN COMPANY LLC,≤100
166384506863088,All Above All,All* Above All,≤100
1809078699219595,Fat Tire,"NEW BELGIUM BREWING COMPANY, INC.",≤100
100500465282483,Breaking Battlegrounds,September Group LLC,≤100
458643554482238,Uri Velez La Sra de los Seguros,Euridis Velez,≤100
8002590959,Rainforest Action Network - RAN,RAINFOREST ACTION NETWORK,≤100
1546952572205770,UAE USA United,The Embassy of the United Arab Emirates,≤100
112642477582238,Mericanaf,AAF Nation,≤100
8524198486,Physicians Committee for Responsible Medicine,"PHYSICIANS COMMITTEE FOR RESPONSIBLE MEDICINE, INC.",≤100
18079407397,CPAC,AMERICAN CONSERVATIVE UNION,≤100
42940254353,Human Rights Watch,"HUMAN RIGHTS WATCH, INC.",≤100
59783434599,Hasbara Fellowships,HASBARA FELLOWSHIPS,≤100
342887442508723,Convention of States,Convention of States Action,≤100
271434569418,HumaneWatch,Center for Consumer Freedom,≤100
524399207959953,Truth & Liberty Coalition,Truth & Liberty Coalition,≤100
100113541464939,Start Early,Start Early,≤100
217065848349725,Bay Area Anti-Trafficking Coalition,Bay Area Anti-Trafficking Coalition,≤100
60182072999,Lila Rose,Live Action,≤100
102142101657930,OurFight.online,Our Fight Inc,≤100
451075468389015,Donald Trump Is My President,Donald Trump Is My President,≤100
12596759677,RAICES,REFUGEE AND IMMIGRANT CENTER FOR EDUCATION AND LEGAL SERVICES,≤100
104614641200137,MeidasTouch,MEIDASTOUCH,≤100
104000815284407,Iglesia que Sufre ACN - US,"AID TO THE CHURCH IN NEED, INC.",≤100
8550121410,Free Speech America Project,MEDIA RESEARCH CENTER,≤100
58736997707,Marco Rubio,Marco Rubio for Senate,≤100
546066468753446,Black Health Matters,BLACK HEALTH MATTERS FOUNDATION INC,≤100
269348454714,IMB,"INTERNATIONAL MISSION BOARD OF THE SOUTHERN BAPTIST CONVENTION, THE",≤100
430869277025501,Dr. Nancy O'Reilly,"WOMEN CONNECT4GOOD, INC.",≤100
132066233534659,Healthcare Education Project,Healthcare Education Project,≤100
454663890502,Alliance for Patient Access,ALLIANCE FOR PATIENT ACCESS,≤100
283372402104435,Autoliv,These ads ran without a disclaimer,≤100
107242815425784,Renewobamacare,"Quantum Digital Media, Inc",≤100
108247581851552,Democracy Defense Fund,DEMOCRACY DEFENSE FUND,≤100
33110852384,Doctors Without Borders/Médecins Sans Frontières (MSF),Doctors Without Borders/Médecins Sans Frontières (MSF),≤100
113318901345595,Baby Patriots,Proud Patriots,≤100
152264148166020,Moms Clean Air Force,Moms Clean Air Force,≤100
18017481462,Acton Institute,Acton Institute,≤100
105120815642998,Partnership to Address Global Emissions,PARTNERSHIP TO ADDRESS GLOBAL EMISSIONS INC,≤100
999556810102061,Signature Seas,Signature Seas,≤100
281835005264380,Eric Swalwell,SWALWELL FOR CONGRESS,≤100
182723117043,Chicago Council on Global Affairs,CHICAGO COUNCIL ON GLOBAL AFFAI,≤100
112824416194,United Steelworkers,United Steelworkers,≤100
101103254533,SOS International,SOS International,≤100
18983389920,Open Society Foundations,Open Society Foundations,≤100
356050017804283,WSPA (Western States Petroleum Association),WESTERN STATES PETROLEUM ASSOCIATION,≤100
112735922758892,Charlie Kirk,Salem Media Group,≤100
12503116997,Dennis Prager,Salem Media,≤100
186977768011413,Ironworkers Rising,"International Association of Bridge, Structural, Ornamental, and Reinforcing Iron Workers",≤100
102027764795677,American Wire,BizPac Review,≤100
110768725009358,Connecticut Office of Workforce Strategy,CT The Office of Workforce Strategy,≤100
657708380952174,Voices of the Civil Rights Movement,Comcast,≤100
101716172441500,Brennan Center en Español,"WILLIAM J. BRENNAN CENTER FOR JUSTICE, INC.",≤100
139034619493222,CUNY Citizenship Now,CUNY Citizenship Now!,≤100
36474716066,Color Of Change,ColorofChange.org,≤100
106918967700048,Lobby For Climate ⋆ Change The Chamber,Change the Chamber*Lobby for Climate,≤100
222797534462862,Peter Boghossian,National Progress Alliance,≤100
399060493533519,The Justice Foundation,JUSTICE FOUNDATION,≤100
1534290989956166,Philanthropy Roundtable,"PHILANTHROPY ROUNDTABLE, THE",≤100
112114435501106,Hugh Hewitt,Salem Media,≤100
380884168648080,Population Research Institute,POPULATION RESEARCH INSTITUTE,≤100
103316295438939,Lost Debate,Lost Debate,≤100
232467307162583,Farm Action,Family Farm Action Inc,≤100
43934405787,IPPF,International Planned Parenthood Federation Worldwide Inc,≤100
6787988478,Physicians for Human Rights,"PHYSICIANS FOR HUMAN RIGHTS, INC.",≤100
169042736456594,All Out,All Out Action Fund.,≤100
50513265848,Citizens United,Citizens United,≤100
345751305447288,Daugherty Water for Food Global Institute,Daugherty Water for Food Global Institute,≤100
103744092617832,Repatriots,Khairock Digital AI In,≤100
169687486427698,Jentezen Franklin,FREE CHAPEL WORSHIP CENTER,≤100
45169169993,Planned Parenthood Minnesota Advocate,"Planned Parenthood Minnesota, North Dakota, South Dakota Action Fund",≤100
105861441295494,97Percent,97PERCENT ORG INC,≤100
125937197447634,ACTA - American Council of Trustees and Alumni,AMERICAN COUNCIL OF TRUSTEES AND ALUMNI,≤100
226999127329906,New York Immigration Lawyer,Law Office of Alena Shautsova,≤100
9694956217,Animal Legal Defense Fund,ANIMAL LEGAL DEFENSE FUND,≤100
27817332304,American Foundation for Suicide Prevention,AMERICAN FOUNDATION FOR SUICIDE PREVENTION,≤100
28446275521,Military Officers Association of America (MOAA),Military Officers Association of America,≤100
116983848450009,Discovery Institute,DISCOVERY INSTITUTE,≤100
270623392879,San Francisco Foundation,"SAN FRANCISCO FOUNDATION, THE",≤100
56431624743,Ceres,Ceres,≤100
505653766599222,America First with Dr. Sebastian Gorka,Salem Media,≤100
464998390249008,The Independence Fund,"INDEPENDENCE FUND, INC, THE",≤100
936968016365794,The Eric Metaxas Radio Show,Salem Media,≤100
133937690180,Student Conservation Association,Student Conservation Association,≤100
6756153498,Mike Bloomberg,Bloomberg Philanthropies,≤100
111306298500421,Julie Hartman,Salem Media Group,≤100
113339508777388,PCOS Challenge: The National Polycystic Ovary Syndrome Association,"PCOS Challenge, Inc.",≤100
316955281351,APWU - The American Postal Workers Union,AMERICAN POSTAL WORKERS UNION,≤100
205395906412,UAW International Union,"INTERNATIONAL UNION, UNITED AUTOMOBILE, AEROSPACE AND AGRICULTURAL IMPLEMENT WORKERS OF AM",≤100
508887815910815,BPR,BizPac Review,≤100
265584563563176,JCRC of Greater Washington,The Jewish Community Relations Council of Greater Washington,≤100
105334892381660,AmericanTowns Politics,AMERICAN TOWNS,≤100
300341323465160,The Daily Signal,The Daily Signal,≤100
110981884065996,Abortion Finder,Power to Decide,≤100
700941689954518,Defend Our Future,Defend Our Future,≤100
6236054211,Brady: United Against Gun Violence,Brady Campaign to Prevent Gun Violence,≤100
589658204411894,Office of South Carolina Treasurer Curtis Loftis,Future Scholar. Administered by State Treasurer Curtis Loftis. Not paid for with state funds.,≤100
194115677277113,A21,A21 with Facebook Ad Credits,≤100
102579389208198,Country First Academy,Keep Country First Policy Action,≤100
417522508294454,Job Creators Network,Job Creators Network,≤100
151883078314516,NationSwell,These ads ran without a disclaimer,≤100
210357995667559,The National Memo,The National Memo,≤100
2361139837508625,Animal Victory,"One Red Lion, Inc DBA Animal Victory",≤100
291102898490822,Conservative Comedy Store,Conservative Comedy Store,≤100
111004586952707,Elevate Prize Foundation,Elevate Prize Foundation Inc,≤100
205795426669644,Facts and Logic about the Middle East,Facts and Logic About the Middle East,≤100
346612865750115,Korea Defense Veterans Association,Korea Defense Veterans Association,≤100
143173285763,Tenth Amendment Center,Tenth Amendment Center,≤100
100113865706707,ADF Generational Wins Prayer Initiative,ALLIANCE DEFENSE FUND INC,≤100
12185972707,350.org,350 ORG,≤100
104396194587918,C3 Solutions,Conservative Coalition for Climate Solutions,≤100
114765400352270,Kite & Key Media,VMTS EDUCATION INC,≤100
95335385742,National Fish and Wildlife Foundation,National Fish and Wildlife Foundation,≤100
302182941354,AARP Advocates,AARP,≤100
243510442756370,Justice Democrats,JUSTICE DEMOCRATS PAC,≤100
147368882623027,Black Futures Lab,Black Futures Lab,≤100
105442191724004,Your Patriot Store,EZPole Flagpoles,≤100
497348647140658,Point Source Youth,Point Source Youth,≤100
106746992189224,The State of Women Podcast,POPULATION MEDIA CENTER INC,≤100
30708742052,FCTRY,FCTRY,≤100
102044622753692,American Potential Podcast,AMERICANS FOR PROSPERITY,≤100
33699882778,Dr. Bronner's,Dr. Bronner's,≤100
272321759583178,Conservatives for Responsible Stewardship,Conservatives for Responsible Stewardship,≤100
102421369434228,Goose's News Daily,Justin Gustafson,≤100
610264146298573,The American Council,The American Council for Evangelicals,≤100
38897314734,Trust for Public Land,"TRUST FOR PUBLIC LAND, THE",≤100
105532442354341,Celia Agent Insurance,Celia Angelina Romero De Osteicoechea,≤100
11111618026,Union of Concerned Scientists,"UNION OF CONCERNED SCIENTISTS, INC.",≤100
537534316395916,Students for Trump,Turning Point Action,≤100
108028728590880,CTLPod,POPULATION MEDIA CENTER INC,≤100
27461595703,Carbonfund,Carbonfund.org Foundation,≤100
130848666099,Business Forward,Business Forward Inc.,≤100
106959920878115,The Well Done Foundation,"WELL DONE FOUNDATION, INC.",≤100
107414074990650,Defense of Freedom Institute,"Defense of Freedom Institute for Policy Studies, Inc.",≤100
1898234727131235,Reel America,BizPac Review,≤100
136362309708243,Restaurant Opportunities Centers United (ROC United),"RESTAURANT OPPORTUNITIES CENTERS (ROC) UNITED, INC.",≤100
400851746967779,Nicole Malliotakis,NICOLE FOR NEW YORK,≤100
15503839732,Peter G. Peterson Foundation,Peter G. Peterson Foundation,≤100
117592091643709,Tree of Life Ministries｜Evangelism in Israel,Tree of Life Ministries,≤100
69717994787,buildOn,BUILDON INC,≤100
101466816025710,Renew Healthcare,Quantum Digital Media Inc.,≤100
1050320055029012,Outrider.org,OUTRIDER FOUNDATION INC,≤100
309798029121030,Everytown for Gun Safety,Everytown for Gun Safety Support Fund Inc,≤100
446813398834728,Mijente,Mijente,≤100
1569691439814810,The Damage Report,"The Young Turks, Inc.",≤100
18657179701,Jennifer McClellan,McClellan for Congress,≤100
262902450432,TeachKind,PEOPLE FOR ETHICAL TREATMENT OF ANIMALS INC,≤100
458142697588014,AARP Public Policy Institute,AARP,≤100
499379343409991,Impact Fund,"IMPACT FUND, THE",≤100
141786816970,Cruise Lines International Association - CLIA,Cruise Lines International Association,≤100
163662804426854,Life Advancement Group,Nathan Montgomery Berning,≤100
758465954287686,Astellas Global Health Foundation,Astellas Global Health Foundation,≤100
16534314739,Facing History and Ourselves,"FACING HISTORY AND OURSELVES NATIONAL FOUNDATION, INC.",≤100
21218780346,Foreign Policy,FOREIGN POLICY,≤100
103546351703577,Dallas Express,Dallas Express Media,≤100
338758899543225,Alan Wilson,Alan Wilson for Attorney General,≤100
102176712079037,Daily Floridian,Daily Floridian,≤100
324558475104607,United We Dream Action,United We Dream Action,≤100
102204903345,The Vilcek Foundation,"VILCEK FOUNDATION, INC., THE",≤100
104377518078467,More Perfect Union,MORE PERFECT UNION FOUNDATION,≤100
1425435377743310,Conversations with Bill Kristol,FOUNDATION FOR CONSTITUTI,≤100
103966991229588,Frank Bojazi,Trending Views,≤100
101335812671085,PB Evanston,PB Evanston,≤100
2052968585000306,Kristie Goforth,Friends of Kristie Goforth,≤100
100806242836871,Preservation Pause,University of Arizona Indigenous Peoples Law and Policy Program,≤100
102286035642350,Patriots for USA,USA Features Media LLC,≤100
114167895375664,Cherokee Nation,"CHEROKEE NATION, THE",≤100
234142976633158,Wake Up World & Smell the Coffee,Edith Dume Lerner,≤100
236341397286388,Pique,Pique Media PBC,≤100
505082913012317,Must Read Alaska,Must Read Alaska LLC,≤100
104979848524405,Starts With Us,Lubetzky Family Foundation,≤100
103517308361597,TakeCharge,Take Charge Minnesota,≤100
210277954204,The Young Turks,"The Young Turks, Inc.",≤100
11024050756,Bioneers,Bioneers,≤100
424443217623488,Clarion Project,"CLARION PROJECT, INC.",≤100
105599502191866,Florida Jolt,"Jolt Media, Inc.",≤100
192609620649,The University of Chicago,The University of Chicago,≤100
700806360047982,CFG Action,Club for Growth Action,≤100
166785838989,American Veterinary Medical Association (AVMA),AMERICAN VETERINARY MEDICAL ASSOCIATION,≤100
1527499704232460,Virginia Interfaith Power & Light,Virginia Interfaith Power and Light,≤100
273823172633650,Foundation for Government Accountability,The Foundation for Government Accountability,≤100
240054842698973,Arkansas Good Roads,Arkansas Good Roads Foundation,≤100
106862204671108,The Deplorable Americans,Justin Gustafson,≤100
323798354307768,Unbossed,"The Young Turks, Inc.",≤100
221401431386940,Pramila Jayapal,PRAMILA FOR CONGRESS,≤100
169282116541956,El Nuevo Georgia,New Georgia Media Inc dba El Nuevo Georgia Newspaper,≤100
1947525322184514,One Fair Wage,One Fair Wage,≤100
166781487335366,Chris Hollins,Chris Hollins Campaign,≤100
591975150932241,PBS Books,DETROIT EDUCATIONAL TELEVISION FOUNDATION,≤100
288369791569,SEIU 721,SEIU Local 721,≤100
473191156175163,EDF Action,Environmental Defense Action Fund,≤100
485068924838758,EARN - Employer Assistance and Resource Network on Disability Inclusion,Employer Assistance and Resource Network on Disability Inclusion (EARN),≤100
105060269781,Premiere Collectibles,"Premiere Marketing, Inc.",≤100
43287633515,Action for the Climate Emergency,Action for the Climate Emergency,≤100
103047259150209,What I Want to Know with Kevin P. Chavous,"Stride, Inc.",≤100
238473269650980,Capital & Main,CAPITAL & MAIN,≤100
108731490859583,America's Work Force Union Podcast,"Bortini Management Associates, Inc.",≤100
157521957980788,Reimagining the Civic Commons,Reimagining the Civic Commons,≤100
386305465057247,Liberty Nation,Liberty Nation,≤100
817567028361575,The Halcyon Movement,The halcyon movement,≤100
1692686027722136,Devotv,These ads ran without a disclaimer,≤100
94047978366,PCCC - BoldProgressives.org,PROGRESSIVE CHANGE CAMPAIGN COMMITTEE,≤100
118737467661,New York State Department of Labor,New York State Department of Labor,≤100
104657602040321,Truth Media,Truth Media,≤100
97624620788,American Friends of Magen David Adom,AMERICAN FRIENDS OF MAGEN DAVID ADOM,≤100
401240226922554,VoLo Foundation,VoLo Foundation,≤100
103381269276717,Votedog2024,Votedog2024,≤100
494259170754224,Keeping IDentities Safe,KEEPING IDENTITIES SAFE,≤100
102610995908048,Dave for Lawrence,Committee to Elect Dave Hofmann,≤100
6165653060,AFSCME,AMERICAN FEDERATION OF STATE COUNTY & MUNICIPAL EMPLOYEES,≤100
1449073545419430,The Lone Liberal Republican,Arthur Winter,≤100
19219803864,Tax Foundation,Tax Foundation,≤100
348104422491159,UNDIVIDED,UNDIVIDED,≤100
100123286264769,Tanner DiBella,American Council for Evangelicals,≤100
1444820465547227,Rank the Vote,Rank the Vote,≤100
126855128568,FEBC (Far East Broadcasting Company),"FAR EAST BROADCASTING COMPANY, INC.",≤100
43819229306,Minocqua Brewing Company,MINOCQUA BREWING COMPANY LLC,≤100
165238836870566,MRC Culture,MEDIA RESEARCH CENTER,≤100
21472760578,C-SPAN,C-SPAN,≤100
38812906703,United Friends of the Children,United Friends of the Children,≤100
142932506806,Texas Alliance for Life,"Texas Alliance for Life, Inc.",≤100
210937299260017,USA Features Media,USA Features Media LLC,≤100
162069790604,AARP Arizona,AARP,≤100
7035457015,Brave New Films,BRAVE NEW FOUNDATION 501(C)(3),≤100
114226275387369,republicEn,republicEn,≤100
58158120046,ACLJ,American Center for Law and Justice,≤100
254943996005,Catholic Answers,"CATHOLIC ANSWERS, INC.",≤100
101625152759511,Healthcare Enrollment,Healthcare Enrollment,≤100
339432396135584,The Exodus Road,The Exodus Road,≤100
278876378889211,Armenian Museum of America,"ARMENIAN MUSEUM OF AMERICA, INC.",≤100
108615842526079,The Ronald Reagan Presidential Foundation and Institute,The Ronald Reagan Presidential Foundation and Institute,≤100
896759427103774,Modern Medicaid Alliance,Modern Medicaid Alliance,≤100
103328515934791,Take Back 2024,The Blue State Conservative,≤100
110863931866111,VA Loves RX Savings,VA Loves RX Savings,≤100
106050588962760,Citizens for Better Government,Citizens for Better Government,≤100
100184235633007,Summit Carbon Solutions,"Summit Carbon Solutions, LLC",≤100
1553978148244954,Build With Strength,Build With Strength,≤100
104092062075803,PBC Jolt,"Jolt Media, Inc.",≤100
104320435875702,Veticare Insurance,Veticare Insurance LLC,≤100
101377889168483,Gumbo Limbo Coastal Stewards,"Gumbo Limbo Coastal Stewards, Inc.",≤100
108433238844,CWEB,CWEB Inc.,≤100
110170005258857,Klicked Digital,DeDonato Enterprises,≤100
112203121682194,Deviate from Denial Book,Pubvendo LLC,≤100
10524033745,Remote Area Medical - RAM,REMOTE AREA MEDICAL,≤100
2168484930102843,EJ Moonshot,EJ Creations LLC,≤100
78871789265,New Jersey Institute for Social Justice,NEW JERSEY INSTITUTE FOR SOCIAL JUSTICE,≤100
2099448153445994,Students for Life Action,Students for Life Action,≤100
7515233409,"Mikey Weinstein, MRFF",MILITARY RELIGIOUS FREEDOM FOUNDATION,≤100
115489644380953,Build Your Teaching Toolbox,Pubvendo LLC,≤100
166785838989,American Veterinary Medical Association (AVMA),These ads ran without a disclaimer,≤100
104694525770551,PolicyTune,PolicyTune,≤100
106568024842114,Rideshare Assault Support,Injury Match,≤100
104450585868226,Trends Video,These ads ran without a disclaimer,≤100
12357407443,American Friends Service Committee,AMERICAN FRIENDS SERVICE COMMITTEE,≤100
100692068471118,Explain America,Apse Media LLC,≤100
710669049286394,Woo the People,Woo the People,≤100
110657815238231,Northwest Gas Association,NORTHWEST GAS ASSOCIATION,≤100
482100658584410,We Stand For Energy,"EDISON ELECTRIC INSTITUTE, INC.",≤100
269479249997,NSSF—The Firearm Industry Trade Association,National Shooting Sports Foundation,≤100
19420215926,CNSNews.com,MEDIA RESEARCH CENTER,≤100
327853590558653,"Agri-Pulse Communications, Inc.","AGRI-PULSE COMMUNICATIONS, INC.",≤100
114250430692,Unchainedtv,JANE UNCHAINED NEWS NETWORK,≤100
110740242303537,CAVU,Climate Advocates Voces Unidas,≤100
480282659170095,Civic Health Project,Civic Health Project,≤100
106582384539447,Design for Freedom by Grace Farms,"GRACE FARMS FOUNDATION, INC.",≤100
304842759546695,Brooklyn Institute for Social Research,Brooklyn Institute for Social Research,≤100
100170259518678,Jorge Herman,These ads ran without a disclaimer,≤100
795162290631372,Citrus Pregnancy Center,LIFE CHOICE CARE CENTER INC,≤100
120601996294661,The Geysers,The Geysers - A wholly owned subsidiary of Calpine Corporation,≤100
101995444631930,American HealthCare Academy,These ads ran without a disclaimer,≤100
109475211795252,Freedom From The Press,Michael Scott Hughes,≤100
84645912778,Prosperity Now,PROSPERITY NOW,≤100
110615051699270,All Minds Count,These ads ran without a disclaimer,≤100
104236094665882,Twisted Logic,Shawn M Stpeter,≤100
107925603976843,Protect App-Based Drivers and Services,Protect App-Based Drivers and Services,≤100
1018654714824453,Maccabee Task Force,Maccabee Task Force Foundation,≤100
103747761393271,Lootpress,Lootpress,≤100
116572901313252,Friends of Bill Ritter for District 119 Georgia House,Friends of Bill Ritter,≤100
279799525443906,HELPS Nonprofit,HELPS Nonprofit Law Firm,≤100
101581329115492,Freedom Street,Jason Donald Robertson,≤100
107040767505537,603 Forward,603 Forward,≤100
102089412666187,Jessie Fuentes for 26th Ward,Friends of Jessie Fuentes,≤100
6333396177,NewsBusters.org,MEDIA RESEARCH CENTER,≤100
1731458707172809,Charters for Change,Elevate Chicago,≤100
101564054951838,We The Forest,We The Forest,≤100
349800859019034,The 19th News,The 19th,≤100
302111635698,National Association of Tax Professionals (NATP),National Association of Tax Professionals,≤100
109366181861530,President Trump is My Wingman,Jason Donald Robertson,≤100
105348224679358,The Don't Unfriend Me Show,DONT UNFRIEND ME,≤100
105155545186714,Friends of Orono,Friends of Orono,≤100
1376465702586897,Coloradans for Responsible Energy Development,Coloradans for Responsible Energy Development,≤100
102235752654606,Idaho Energy Freedom,Idaho Energy Freedom,≤100
224837426560,CONTRA COSTA SHERIFF-OFFICIAL PAGE,Bonneville International,≤100
1759614564297707,MIT Climate,MIT Environmental Solutions Initiative,≤100
106909358810669,Stop RCV,Stop RCV,≤100
36085812354,Rainforest Foundation US,"Rainforest Foundation, Inc.",≤100
77278490877,National Corn Growers Association,National Corn Growers Association,≤100
107645227592678,To Which We Belong,Mystic Artists,≤100
114209360263932,On Point with Rachel Tourgeman,Rachel Tourgeman,≤100
1522379728063829,Healthy World for All,RESOURCES LEGACY FUND,≤100
1075333802668472,Clark Hill Law,CLARK HILL PLC,≤100
100562019990818,U.S. Term Limits,U.S. Term Limits Inc.,≤100
75774105475,Knights of Columbus,Knights of Columbus,≤100
110010433804232,Standing For Freedom Center,Standing for Freedom Center,≤100
103929304678916,Voter Action Project,Integrity First Voter Action Project,≤100
1741377942853471,Chad Robichaux,Chad Robichaux,≤100
110589583842808,Union Built Matters NYC,Union Built Matters,≤100
512954815727434,Jake Ellzey,JAKE ELLZEY FOR CONGRESS,≤100
111564223958042,Ending Disease Documentary,Crushed Planet,≤100
103948701221001,Pro-Life Flag Project,Pro-Life Flag Project,≤100
406581453407625,Advance Minnesota Issue Advocacy,Advance Minnesota Issue Advocacy,≤100
293521930164,Planned Parenthood Votes New Mexico,Planned Parenthood Votes New Mexico,≤100
101350839190816,Macro Conservative,Macro Conservative,≤100
710460605705480,Dugit Outreach Center,Dugit Messianic Outreach Center,≤100
104763894906181,Friends of Joseph Patrick Murphy,Friends of Joseph Patrick Murphy,≤100
222539451627775,The Graceful Goose,The Graceful Goose,≤100
147523538641547,Capitol Ministries,CAPITOL MINISTRIES,≤100
102712325850529,Libratum Press,Libratum Press LLC,≤100
43949868082,Outright International,OutRight Action International with Facebook ad credits,≤100
138492335404,Scott Walker,FORWARD USA FEDERAL POLITICAL ACTION COMMITTEE,≤100
49275915266,MSI Reproductive Choices,MSI-US,≤100
38459747036,World Relief,World Relief,≤100
49421708941,Americans for Limited Government,AMERICANS FOR LIMITED GOVERNMENT IN,≤100
116020488347,Nevada Conservation League,Nevada Conservation League,≤100
169710960125365,Curzio Research,Curzio Research,≤100
381578445243960,Kristan Hawkins,"STUDENTS FOR LIFE OF AMERICA, INC.",≤100
108310235885897,Haymarket Books,"CENTER FOR ECONOMIC RESEARCH AND SOCIAL CHANGE, INC. THE",≤100
123651254408327,Sokolove Law,"Sokolove Law, LLC",≤100
701541503526361,Arizona Leadership Coalition,Arizona Leadership Coalition,≤100
839158786226886,Two Party Opera,Brian Thomas Carroll,≤100
1048615641958846,Carlos For Phoenix,Carlos for Phoenix,≤100
65538457518,The Village Square,TO THE VILLAGE SQUARE INC,≤100
86274915606,Gerald R. Ford School of Public Policy,Gerald R. Ford School of Public Policy,≤100
10606591490,TIME,TIME USA LLC,≤100
112019855107729,Holt Persinger for State House,Holt Persinger for State House,≤100
103739957866477,Zinc8 Energy Solutions,"Vorticom, Inc.",≤100
103661755733034,I Served My Country,These ads ran without a disclaimer,≤100
196642367081545,OPEIU Local 8,Office and Professional Employees International Union Local 8,≤100
1191336950894416,City of Carlsbad NM Government,Social Media Manager,≤100
915656035153394,Oceanites,OCEANITES INC,≤100
1448985902033866,Trans Lifeline,Trans Lifeline,≤100
117507751891,United Poultry Concerns,"UNITED POULTRY CONCERNS, INC",≤100
101390336151927,Culver for State Senate,Citizens for Lynda Schlegel Culver,≤100
74470852653,Mike Pompeo,PREMIERE MARKETING,≤100
96286403078,iHeartDogs.com,HomeLife Media,≤100
18780321251,American Chemistry,American Chemistry Council,≤100
102252122442327,House On Fire,The CLEO Institute,≤100
131664893560695,Origins OSU,Origins: Current Events in Historical Perspective,≤100
130130503698358,Eastern European Mission,EASTERN EUROPEAN MISSION,≤100
20603236087,Love146,"LOVE146, INC.",≤100
146918864568,Illinois Farm Bureau,ILLINOIS AGRICULTURAL ASSOCIATION,≤100
220538341415523,The Satanic Temple,The Satanic Temple,≤100
143981748956175,Rural Assembly,Rural Assembly,≤100
101791315693,Destiny Rescue,"Destiny Rescue International, Inc.",≤100
303374266418976,AFPM,American Fuel & Petrochemical Manufacturers,≤100
128163947282497,LP Building Solutions for Professionals,These ads ran without a disclaimer,≤100
109729861699329,Speak4,Speak4,≤100
513695272011123,The Genesis Prize,GPF NA LLC,≤100
107409909326665,Stephen Wise Free Synagogue,"WISE, STEPHEN FREE SYNAGOGUE",≤100
268672113155656,The Expectations Project,THE EXPECTATIONS PROJECT INC,≤100
107356708329311,Conservative News Stories,William Gordan Tanner,≤100
107326878275017,National Pretrial,National Pretrial,≤100
101686835011266,HIRE OC,H.I.R.E.,≤100
183484875153093,Kim Monson Show,The Kim Monson Show,≤100
222308671116355,International Higher Education Teaching and Learning Association,THE HETL ASSOCIATION INC,≤100
110094158160834,The American Tribune,Michael Scott Hughes,≤100
77130778113,Coalition for Medicare Choices,The Coalition for Medicare Choices,≤100
101437432582765,The Center for Infrastructure and Economic Development,Center for Infrastructure and Economic Development Inc.,≤100
258186881053838,Dave Yarnes,Dave Yarnes,≤100
138434734461,CIIS Public Programs,CIIS Public Programs,≤100
109284291894484,American News Stories,William Gordan Tanner,≤100
199891603386344,Common Ground Committee,Common Ground Committee,≤100
104194792041279,CALSTART,CALSTART,≤100
78420171887,Sailors for the Sea,OCEANA INC,≤100
1105465366182386,SheNYC Arts,SHE NYC ARTS INC,≤100
607339103061292,Jody Owens Hinds County District Attorney,Friends of Jody Owens,≤100
427656937297996,Diario Las Americas,LAS AMERICAS MULTIMEDIA GROUP LLC,≤100
170126260000702,Western Journal US News,The Western Journal,≤100
107866910706040,Siri & Glimstad LLP,These ads ran without a disclaimer,≤100
506680536015406,HumanProgress.org,"CATO INSTITUTE, INC.",≤100
773432316041673,Calvary South Austin,Calvary South Austin,≤100
7361892567,Born Free USA,"BORN FREE USA, UNITED WITH ANIMAL PROTECTION INSTITUTE",≤100
270826723039149,The Coalition to Protect Americas National Parks,"COALITION OF NATIONAL PARK SERVICE RETIREES, INC.",≤100
119216091518705,Protect The Harvest,Karen Elizabeth Glueck,≤100
100221986153813,Lou's Daily News,Michael Scott Hughes,≤100
488740674837681,198 Methods,198 methods,≤100
239658882763974,Poverty USA by CCHD,UNITED STATES CONFERENCE OF CATHOLIC BISHOPS,≤100
102596355656379,Red Wave News Updates,Michael Scott Hughes,≤100
154930410085,"Zion Oil and Gas, Inc.","Zion OIl & Gas, Inc.",≤100
633469933820382,Marina Martinez Seguros,Marina Martinez,≤100
210214622426593,Nexus Family Healing,NEXUS,≤100
104916968538177,TIS 이주공사,TIS VISA CORPORATION,≤100
6954880804,Green America,GREEN AMERICA,≤100
87777747127,Greg Palast,Palast Investigative Fund,≤100
101312698628642,Ryan Samuels,Ryan Francis Samuels,≤100
485754644838324,Lane County Tribune,Lane County Tribune,≤100
2194685933884146,Vote Janel,Friends of Janel,≤100
108837848632144,Affordable Health Solutions,These ads ran without a disclaimer,≤100
60035389681,First Things,INSTITUTE ON RELIGION & AMP PUBLIC LIFE,≤100
1571401929773000,North County  Climate Change Alliance,North County Climate Change Alliance,≤100
108055422558370,Black Rose Writing,These ads ran without a disclaimer,≤100
109884199043292,EDF Healthy Communities,These ads ran without a disclaimer,≤100
323414744723405,Florida Voices for Health,Florida Voices for Health,≤100
487569614682924,CAPP USA,Yellow Line Productions LLC,≤100
111333413863498,Freedom First Society,FREEDOM FIRST SOCIETY,≤100
165566613453452,ERLC,ETHICS AND RELIGIOUS LIBERTY COMMISSION OF THE SOUTHERN BAPTIST,≤100
1663301430650007,Michael Kimelman,"Dekryption, LLC",≤100
113277290454039,Common Seas,These ads ran without a disclaimer,≤100
23362993101,Center for Immigration Studies,CENTER FOR IMMIGRATION STUDIES,≤100
364773250335035,UpVote Virginia,OneVirginia2021,≤100
111044621745187,Liberty News,William Gordan Tanner,≤100
1526736227567131,TrueCoverage,True Coverage,≤100
122531741163825,American Liver Foundation,AMERICAN LIVER FOUNDATION,≤100
19774119425,Habitat for Humanity,Habitat for Humanity International,≤100
210455593021382,Health Care Voices,"Health Care Voices, a project of Social Good Fund",≤100
113823987882761,"Eden Village of Richmond, Inc.",Cathy Ritter,≤100
102230249080409,Freedom First,Jason Donald Robertson,≤100
100117949519460,Nathan Steele for City Council,Committee to Elect Nathan Steele Seal Beach City Council 2022,≤100
100374392742057,Weregreenly- Magazine,These ads ran without a disclaimer,≤100
102579112455934,Making The Leap Podcast,Stanley M. Herzog Charitable Foundation,≤100
112912573793125,Rise Up for Justice,Avrom L Altman,≤100
100388729554147,COL Fashion,Culture of Life,≤100
245152275619372,FloridaPolitics,Florida Politics,≤100
1479899112252729,Ukrainian American House,Ukrainian American House,≤100
278052172260101,ZERO TO THREE,ZERO TO THREE,≤100
356431274698532,Ryan Hampton,Ryan Hampton,≤100
104521238896557,June Marie Paintings,June-Marie Paintings,≤100
102616019340799,"Aimee Kelley for Boynton Beach City Commission, District 4",Aimee Kelley for Boynton Beach City Commission,≤100
105146514184166,RISE INDY,RISE INDY PAC,≤100
2007361039550045,"Center for Free, Fair, and Accountable Democracy","CENTER FOR FREE, FAIR, AND ACCOUNTABLE DEMOCRACY, INC.",≤100
51379424899,Mercy Ships,These ads ran without a disclaimer,≤100
101930385197156,Alianza Center,"Alianza Center, Inc.",≤100
173470656019870,The Daily Yonder,CENTER FOR RURAL STRATEGIES,≤100
173044876043386,Safe Voices,SAFE VOICES,≤100
30866133883,Alaska Wilderness League,ALASKA WILDERNESS LEAGUE,≤100
101769576791,Health Action Network,Health Action Network,≤100
100403528653081,Punchbowl News,Punchbowl News,≤100
102590994772178,Social Democratic Advocacy,Steven J. Schwartzberg,≤100
102356589314098,Political Comms,Political Comms LLC,≤100
103241721941537,See Us Differently,See Us Differently,≤100
50714237985,The Rutherford Institute,RUTHERFORD INSTITUTE,≤100
104355145867842,"Yes on Z: Great Teachers, Great Orinda Schools",Orinda Community for Excellent Schools Yes on Z,≤100
2184356211626595,The Daily Homeschooler,The Daily Homeschooler,≤100
306480006853271,Political-Paige.com BLOG,Political-Paige.com,≤100
64206021703,National Committee to Preserve Social Security and Medicare,NATIONAL COMMITTE TO PRESERVE SOCIAL SECURITY AND MEDICARE,≤100
165674110118949,Clearing out the Clutter,Colin D Moore,≤100
103832299131497,Ruth Cruz for 30th Ward Alderwoman,Friends of Ruth Cruz,≤100
112571201177,The Workers Circle,The Workers Circle,≤100
127691390582,PHI,"PARAPROFESSIONAL HEALTHCARE INSTITUTE, INC.",≤100
2831341863558434,Inner Healing Paths with Rosa Shetty,These ads ran without a disclaimer,≤100
111833201704,Faith and Freedom Coalition,Faith & Freedom Coalition,≤100
6808755897,Governing,e.Republic,≤100
102415608852755,Settle In,INTERNATIONAL RESCUE COMMITTEE INC,≤100
104905129168065,Let.Live,LET-LIVE,≤100
895720774159876,Colquitt County Republican Party,Republican Party Colquitt County,≤100
108934528580381,Rapid Response Polls,Eric M Manning,≤100
178700205665083,FamilyLife Blended,CAMPUS CRUSADE FOR CHRIST INC,≤100
461530314600399,Common Sense American Politics,Common Sense American Politics,≤100
108775318620622,Timmy Knudsen for 43rd Ward Alderman,Friends of Timmy Knudsen,≤100
1420200111329836,Alan C. Moore,Alan Christopher Moore,≤100
104223804734775,Freedom Virginia,Freedom Virginia,≤100
101586078357081,Peter Demos,Peter Demos,≤100
120316784646529,Delegate Matt Morgan,Citizens for Matt Morgan,≤100
109374912424067,Drew McKissick,DrewMcKissick.com,≤100
128595617222254,Arcus Foundation - Great Ape Conservation,ARCUS FOUNDATION,≤100
103274742643,Centro Romero,Centro Romero,≤100
43853729859,Campaigns & Elections,Political World Communications,≤100
15087023444,Nike,"NIKE, Inc",≤100
100983515068287,"Justice For Greenwood Foundation, Inc.",Justice for Greenwood Foundation Inc,≤100
83960796709,Institute for Southern Studies,INSTITUTE FOR SOUTHERN STUDIES INC,≤100
109715331987710,Prue for Lake Forest,Prue for Lake Forest,≤100
103452279103881,Ambassador Gordon Sondland,Gilbert Lunsford Jr Eugene,≤100
182034571982073,Dade Phelan,Texans for Dade,≤100
227535924071462,Animal Petitions,AnimalPetitions.org,≤100
107931151953032,Kodie Kulp,Wesley Allen,≤100
2332258203674043,The PAS Report Podcast,The P.A.S. Report,≤100
296451777564823,Indiana Environmental Reporter,Indiana Environmental Reporter,≤100
106341454506321,The Bull Moose Party,The Bull Moose Party,≤100
101688229336484,Steve Compton,These ads ran without a disclaimer,≤100
813360588770077,Jeff Helgeson,Friends of Jeff Helgeson,≤100
108008514841150,Save Jackson Park,Jeannette L Hoyt,≤100
723394465079640,The Lion,Stanley M. Herzog Charitable Foundation,≤100
1015449978587077,Alliance for Youth Action,Alliance for Youth Action,≤100
242845139551348,GVPedia,GVPEDIA INC,≤100
231149424460133,End It For Good,"END IT FOR GOOD, INC.",≤100
12350348061,University of Minnesota School of Public Health,These ads ran without a disclaimer,≤100
81755908577,Kids in Need of Defense (KIND),"KIND, Inc.",≤100
322589090892,Clean Air Council,CLEAN AIR COUNCILS,≤100
103832229194223,Market Forces,Market Forces,≤100
110027621830665,Let's Talk Oconee SC,Let's Talk Oconee SC,≤100
1859334924356393,The Bad Guyz,These ads ran without a disclaimer,≤100
103210743084765,Resonate,Resonate,≤100
122453784481824,Common Conversations,F5 Enterprises LLC / Common Convo,≤100
513785465632396,Airline Passengers for Justice,Airline Passengers for Justice,≤100
190778971703563,Emprende con tu Historia de Vida,These ads ran without a disclaimer,≤100
568103006940639,Law Office of Gary J. Kim,Law Offices of Gary J. Kim,≤100
143063095713907,Hep,"CDM PUBLISHING, LLC",≤100
262164587131475,Free martial arts material for your own local school teachers to use,Ryan Gilbert,≤100
100710759119069,Blue Planet Ecosystem,Blue Planet Ecosystem,≤100
254199237944073,Elijah Rising,ELIJAH RISING,≤100
286224862049910,Salim Adofo,Salim Kwabena Thandiwe Adofo,≤100
264779844314816,DWeezy,These ads ran without a disclaimer,≤100
1560286300899883,Diabetes Patient Advocacy Coalition,Diabetes Patient Advocacy Coalition,≤100
113105891613524,Chris Hansen for Denver Mayor,Chris Hansen for Denver Mayor,≤100
150127528352944,Food Integrity Campaign,GOVERNMENT ACCOUNTABILITY PROJECT INC,≤100
93973548615,The Family Foundation,The Family Foundation,≤100
85494514323,Urban League of Portland,Urban League of Portland,≤100
216311481960,Bill Gates,These ads ran without a disclaimer,≤100
2310488009211056,Poder Latinx,Poder Latinx,≤100
100886506017618,Lee Runyon for CCSD School Board,Lee Runyon for School Board,≤100
108108121456950,Blue States PAC,BLUE STATES PAC,≤100
39197138659,ACLU of New Mexico,ACLU of New Mexico,≤100
142694419623952,Dominic Rapini,Dominic For CT,≤100
338218229911752,Integrity First PAC,INTEGRITY FIRST PAC,≤100
192738164073627,A Better Balance,A BETTER BALANCE,≤100
171524666565192,Dave Stauffer for Governor,David William Stauffer,≤100
100124709108034,Patriot One News,Matt Clark Agency,≤100
103338614839717,Peter S. Wenz,Peter S. Wenz,≤100
252938479885,Harrison County Republican Party,Harrison County Republican Central Committee,≤100
87377228013,Side with Love,UNITARIAN UNIVERSALIST ASSOCIATION,≤100
114008535880,Foundation for Individual Rights and Expression,These ads ran without a disclaimer,≤100
789675921090841,Brookhaven Town Democratic Committee,BROOKHAVEN DEMOCRATIC COMMITTEE,≤100
86711894400,National Write Your Congressman,National Write Your Congressman,≤100
594519783957655,Citizens for National Security,Citizens For National Security,≤100
349528025129958,"Brevard County Sheriff's Office, Florida (Official)",Robert Wayne Ivey,≤100
102589746451856,American Black Journal,DETROIT EDUCATIONAL TELEVISION FOUNDATION,≤100
112364384923739,"McCaskill for Mayor Harvey, IL 60426",Friends of Anthony L McCaskill,≤100
64974200999,America-Israel Friendship League,AMERICA-ISRAEL FRIENDSHIP LEAGUE,≤100
133753583953215,American History in 90 Minutes - The Common-Sense Guide to U.S. History,American History in 90 Minutes,≤100
101960885328177,Odessa Headlines,Odessa Headlines,≤100
106602704371225,Rob is Right,Rob is Right,≤100
21492729544,Catholic Relief Services,CATHOLIC RELIEF SERVICES - UNITED STATES CONFERENCE OF CATHOLIC BISHOPS,≤100
307930162724,California Faculty Association,California Faculty Association,≤100
99278587667,NC State Poole College of Management,These ads ran without a disclaimer,≤100
378084314984,Trane Technologies,These ads ran without a disclaimer,≤100
82223469060,ACN - Aid to the Church in Need,"AID TO THE CHURCH IN NEED, INC.",≤100
383095491885484,Vice Mayor Anna Hochkammer,Anna Marsh Hochkammer,≤100
119388253264855,Tocqueville Lecture Series,Benjamin Isaak Gross,≤100
452797224923658,The Democratic Coalition,THE DEMOCRATIC COALITION,≤100
103215855965610,Raymo - Electric USA,These ads ran without a disclaimer,≤100
311536622860495,SoCal Daily Pulse,SoCal Daily Pulse,≤100
104973821688428,American Accountability Foundation,American Accountability Foundation,≤100
276076196388914,Coffee & Pan Dulce Show,Coffee & Pan Dulce Show,≤100
103236092537897,Rosa Hernandez 4 Joliet City Council District 4,FRIENDS OF ROSA HERNANDEZ,≤100
107726137669311,B3K Prosperity,B3K Prosperity,≤100
150322194563,PASA Primates: Pan African Sanctuary Alliance,PAN AFRICAN SANCTUARIES ALLIANCE,≤100
748044288871601,Vakandi Apparel,These ads ran without a disclaimer,≤100
108725508673742,Fire Dan Munsey,Inland Empire Taxpayers Association,≤100
273546779885377,The Gallant Pelham,"delupton, LLC",≤100
106524405582141,Settle In for Ukrainians,INTERNATIONAL RESCUE COMMITTEE INC,≤100
7292655492,MoveOn,MOVEON.ORG CIVIC ACTION,≤100
103426858855557,Eyes That Speak by Christy Bowe,Gilbert Lunsford Jr Eugene,≤100
26006662641,Arizona Democratic Party,Arizona Democratic Party,≤100
45651091362,Network for Animals,These ads ran without a disclaimer,≤100
189764987822613,Arcane Treasures Antique Store WWII Items And Other Oddities,Christopher Jarom Vitrano,≤100
100561175150244,Yasmin Matos Coach de Transformación,These ads ran without a disclaimer,≤100
101541668799519,Huffines Liberty Foundation,Huffines Liberty Foundation,≤100
127668823933246,The NewDEAL,NEWDEAL,≤100
940653386126953,StandingWithYou.org,Standingwithyou.org,≤100
335006365022,The Jonah Center for Earth and Art,The Jonah  Center for Earth and Art,≤100
131533530335192,Tower Grove Pride,These ads ran without a disclaimer,≤100
1832888600167903,JD for Arlington,JD for Arlington,≤100
101204378825808,Fight the Right,FIGHT THE RIGHT PAC,≤100
100440371438615,Vice Mayor Chris Faraldi,Faraldi for Lynchburg,≤100
141395226689,New York State Nurses Association,"NEW YORK STATE NURSES ASSOCIATION, THE",≤100
126037931371545,Law Offices of Jonathan K. Park & Associates,Law Offices of Jonathan K. Park & Associates,≤100
139835646030666,Alliance for Aviation Across America,Alliance for Aviation Across America,≤100
43546142126,Fresh Energy,FRESH ENERGY,≤100
205793342812043,Love Light + Melody,Love Light + Melody,≤100
1570082353262795,YIMBY Action,YIMBY ACTION,≤100
181438572390,Sarasota County Democratic Party,Sarasota County Democratic Party,≤100
112463982125496,Maryland State Education Association,MARYLAND STATE EDUCATION ASSOCIATION,≤100
48994809349,Ms. Foundation for Women,MS FOUNDATION FOR WOMEN INC,≤100
24330467048,Americans for Prosperity,AMERICANS FOR PROSPERITY,≤100
101239962270235,Bright Future Iowa,Bright Future Iowa,≤100
312533068780133,New Jersey Firefighters PFANJ,"Professional Firefighters Association of New Jersey - ""PFANJ""",≤100
674182529399211,Gun Owners Radio,Gun Owners Media LLC,≤100
108292944333886,"Julia Sullivan, Author",Julia E. Sullivan,≤100
110068881944540,Clarence Cox for Sheriff,Friends of Clarence Cox,≤100
76523801829,the Christian Century,CHRISTIAN CENTURY,≤100
223922031074790,The Abortion Survivors Network,The Abortion Survivors Network,≤100
502969216761221,Common Sense Civics and Citizenship,Candace Donnelly,≤100
111575664007163,MarkizMarketing,These ads ran without a disclaimer,≤100
42590232694,CAIR,"CAIR-FOUNDATION, INC.",≤100
121169024623329,"Ho-Chunk, Inc.","Ho-Chunk, Inc.",≤100
112712493805232,A Better Glynn,Elijah Bobby Henderson,≤100
392189600337,Minnesota Nurses Association,Minnesota Nurses Association,≤100
439271970343,World Help,WORLD HELP,≤100
100913694925880,"Akalan Law Firm, PLLC","Akalan Law Firm, PLLC",≤100
644308565682800,Tanya Acker,Tanya Marie Acker,≤100
1599237673639735,Change Media Group,Change Media Group,≤100
255544808211074,Ward 5 Alderwoman Lakeisha k Purchase,Friends of Lakeisha Purchase,≤100
503153973388666,W. Michael Galliher for Roanoke County Circuit Court Clerk,Supporters of Galliher for Clerk,≤100
1406149713044974,Intellectual Judaism,Intellectual Judaism,≤100
169840807024913,Jobob,The Jobob Show,≤100
1165122570296957,Phoenix Zones Initiative,Phoenix Zones Initiative,≤100
37442103053,ACLU of New Jersey,AMERICAN CIVIL LIBERTIES UNION OF NJ,≤100
117214891638398,Street Grace,Street Grace Inc,≤100
1720878078241107,Conservative Move,Conservative Move,≤100
1393616530771325,Mercy Motivates,These ads ran without a disclaimer,≤100
216052228433696,Arcus Foundation LGBTQ Social Justice,ARCUS FOUNDATION,≤100
103718505948832,Choosing2Live,These ads ran without a disclaimer,≤100
151578225365662,Bushra Amiwala,These ads ran without a disclaimer,≤100
1411285435844582,Larry O'Connor,These ads ran without a disclaimer,≤100
1505244559517282,Colin Allred,COLIN ALLRED FOR CONGRESS,≤100
967202300143592,Wilson for Milton City Council,William James Wilson,≤100
170169493012341,The Fund for Global Human Rights,FUND FOR GLOBAL HUMAN RIGHTS,≤100
242603096087915,Melanin Mamis,These ads ran without a disclaimer,≤100
1954170404845663,FountainHead RI,FOUNTAINHEAD RI,≤100
105990415642100,DeSantis Supporters,Logan Thomas Corson,≤100
107618578223660,California Courier,California Courier,≤100
118635175464489,uPolitics,"Uinterview, Inc.",≤100
825571424125386,Lighthouse For Life,Lighthouse for Life,≤100
469937096500142,Radish,These ads ran without a disclaimer,≤100
192738164073627,A Better Balance,A Better Balance,≤100
431409220394183,The Ward 8 Democrats,"Ward Eight Democrats, Inc",≤100
105800435721037,The Right Hour,Logan Thomas Corson,≤100
131360095328,Center for EcoTechnology,Center for EcoTechnology,≤100
105239511089757,Inmigrantes al Día,Inmigrantes al Dia,≤100
117883224533517,dailyhominid,These ads ran without a disclaimer,≤100
73234973898,Stages,Stages,≤100
100340099632821,Luci Welsh For MDJ,These ads ran without a disclaimer,≤100
1439168163008159,Dominicanos USA,DOMINICANOS USA INC NY,≤100
139750829487836,Иисус без границ,JESUS UNLTD,≤100
105042002480669,Kim Flights,These ads ran without a disclaimer,≤100
102262718547519,Crazy Uncle Gil,Gilbert Cuevas,≤100
109110014926321,Northeast Tennessee Association of Black Social Workers,These ads ran without a disclaimer,≤100
1316372698453411,Alexandria Ocasio-Cortez,THE SQUAD VICTORY FUND,≤100
5878048748,GlobalGiving,"GLOBALGIVING FOUNDATION, INC.",≤100
304492001817,Emma's Revolution,Sandra Elaine Opatow,≤100
102719819108906,stacey_eclectically,These ads ran without a disclaimer,≤100
106624694362653,Transclinique,These ads ran without a disclaimer,≤100
305730296471268,"Delegate Emily Brewer, 64th District",Friends of Emily Brewer,≤100
73970658023,International Rescue Committee,International Rescue Committee,≤100
107257035486242,Airspace World - by CANSO,These ads ran without a disclaimer,≤100
116898501727,Southeast Alaska Conservation Council,SOUTHEAST ALASKA CONSERVATION COUNCIL,≤100
103218344359926,Public Square Magazine,These ads ran without a disclaimer,≤100
107461545589929,The Gen Z Conservative,Logan Thomas Corson,≤100
100801338115610,Leon Benjamin,"Friends of Leon Benjamin, Inc.",≤100
904237053259176,Women Campaign,WOMEN CAMPAIGN,≤100
273223673607541,Sandy Springs Together,Sandy Springs Together,≤100
439738186075206,Khalil Ismail,These ads ran without a disclaimer,≤100
117270568319993,NYSUT - A Union of Professionals,New York State United Teachers,≤100
237477017606,Club for Growth,"CLUB FOR GROWTH, INC",≤100
106606404274,Plastic Ingenuity Inc.,These ads ran without a disclaimer,≤100
67198072267,Michigan Capitol Confidential,Michigan Capitol Confidential,≤100
208876186220,Great Transition Initiative,"TELLUS INSTITUTE, INC.",≤100
370345423898,Alaska Children's Trust,Alaska Children's Trust,≤100
100216782842426,Back the Blue Victory Fund,Back the Blue Victory Fund,≤100
113026817019341,Steve Connally's Brain,Steve Connally's Brain,≤100
104342950498,The Morst-StArt,These ads ran without a disclaimer,≤100
95000441700,Panda Security,These ads ran without a disclaimer,≤100
110212431853931,Revocación de mandato,These ads ran without a disclaimer,≤100
322734158356065,Welcome to the Lemon Age,These ads ran without a disclaimer,≤100