﻿Location name,Amount spent (EUR)
Andrijevica Municipality,≤100
Bar Municipality,230
Berane Municipality,≤100
Bijelo Polje Municipality,255
Budva Municipality,232
Danilovgrad Municipality,105
Herceg Novi Municipality,171
Kolašin Municipality,≤100
Nikšić Municipality,378
Old Royal Capital Cetinje,≤100
Petnjica Municipality,≤100
Plav Municipality,≤100
Pljevlja Municipality,167
Plužine Municipality,≤100
Podgorica Capital City,1317
Rožaje Municipality,155
Tivat Municipality,238
Ulcinj Municipality,300
Unknown,≤100
Šavnik Municipality,≤100
Žabljak Municipality,≤100