﻿Page ID,Page name,Disclaimer,Amount spent (PLN)
1181684038602267,Niepodległa,"BIURO PROGRAMU ""NIEPODLEGŁA""",338
178362315106,European Parliament,European Parliament,111
196334343778888,Polskie Centrum Pomocy Międzynarodowej (PCPM),PCPM with Facebook ad credits,≤100
108675458379147,Liczy się energia,Liczy się energia,≤100
57544755889,Amnesty International Polska,Amnesty International Polska,≤100
111465470197991,Mateusz Morawiecki,Mateusz Morawiecki,≤100
63563473556,Gazeta Wyborcza,Gazeta Wyborcza,≤100
938529593023187,Burmistrz Miasta Sanoka Tomasz Matuszewski - Mieszkańcy,Tomasz Matuszewski,≤100
136884656519145,IOM Poland,International Organization for Migration,≤100
203627442993022,Portal Oświatowy,Wiedza i Praktyka,≤100
513969188677442,Compassion Polska,Compassion Polska,≤100
50063176484,TVN24,TVN,≤100
393084100793680,Wiedza i Praktyka,Wiedza i Praktyka,≤100
339855706171439,Dobra Fabryka,Dobra Fabryka,≤100
469702339755768,Paweł Tanajno Polska Liberalna Strajk Przedsiębiorców,Iam4u.pl,≤100
205945942802470,Polska Agencja Rozwoju Przedsiębiorczości,Polska Agencja Rozwoju Przedsiębiorczości,≤100
108301418501661,Odszkodowania Za Represje 1944-1989,Łukasz Świątek,≤100
475584852475176,Pozytron,Bartłomiej Jan Ginter,≤100
1407603489492838,Instytut na rzecz Kultury Prawnej Ordo Iuris,Instytut na rzecz Kultury Prawnej Ordo Iuris,≤100
1190568991079766,Polska za życiem,Fundacja Instytut Na Rzecz Kultury Prawnej Ordo Iuris,≤100
138632452839666,VIP Biznes&Styl,BIZNESiSTYL.pl,≤100
104884392877324,Alivia,Alivia - Fundacja Onkologiczna,≤100
159205967423152,Stowarzyszenie Sursum Corda /w górę serca/,H4People,≤100
107265068092174,Onet Premium,Ringier Axel Springer Polska,≤100
1581518611867021,Zbigniew Ziobro,Zbigniew Ziobro,≤100
136390556431938,Pracownia na rzecz Wszystkich Istot,Pracownia na rzecz Wszystkich Istot,≤100
111725691638202,Piotr Rycerski - Szef Gabinetu Politycznego Wicepremiera Jacka Sasina,Piotr Rycerski,≤100
107898832590939,European Commission,European Commission,≤100
371981706755861,Kierunek na EKO,OS3 Sp. z o. o.,≤100
178415208919146,Solidarna Polska,Solidarna Polska,≤100
185521642035581,Demokraci Ziemi Sanockiej,Marzena Ewa Dziurawiec,≤100
1683534065241470,OKO.press,OKO.press,≤100
1477251852486946,Kosma Złotowski,Grupa Europejskich Konserwatystów i Reformatorów,≤100
300745193630,Fundacja Pro - Prawo do Życia,Fundacja Pro - Prawo do Życia,≤100
406758116099067,Fundacja Kasisi,Fundacja Kasisi,≤100
182038191908977,Cyfryzacja KPRM,Kancelaria Prezesa Rady Ministrów,≤100
104921858016507,Dzień Dobry Podatki,Michał Wilk,≤100
111536078074010,Strefa Logopedy,Wiedza i Praktyka,≤100
173086948664,Infor.pl,Infor.pl,≤100
104061062331637,Pałac Saski,Pałac Saski Sp. z o.o.,≤100
304324553486898,Paweł Frankiewicz,Paweł Szczepan Frankiewicz,≤100
131511477684330,Znak Horyzont,Społeczny Instytut Wydawniczy Znak sp. z o.o.,≤100
312816688890250,Dariusz Matecki,Dariusz Matecki Radny Miasta Szczecin,≤100
157458232131,Prawo i Sprawiedliwość,Prawo i Sprawiedliwość,≤100
137877409609952,Lewica,Nowa Lewica,≤100
142614625077,WWF Polska,WWF Polska,≤100
32104614789,Greenpeace Polska,Greenpeace Polska,≤100
520444618035778,Grupa EPL w Parlamencie Europejskim,EPP Group in the European Parliament,≤100
228168274881,wysokieobcasy,wysokieobcasy,≤100
295161506338,AKADEMIA PRZYSZŁOŚCI,Stowarzyszenie Wiosna,≤100
505864632777215,Tygodnik Lisickiego,Orle Pióro sp. z o.o.,≤100
312204349288060,Mariusz Gosek,Mariusz Gosek,≤100
153679474688551,Wydawnictwo Fronda,Wydawnictwo Fronda,≤100
311766890555,Fundacja Batorego,Fundacja Batorego,≤100
104313762397672,PolitykaRolna.eu - Nowa Wspólna Polityka Rolna projekt Infocap PL,Plantpress Sp. z o. o.,≤100
1496359750659795,Michał Wójcik,Michał Wójcik,≤100
230754547069436,Michał Woś,Michał Woś Poseł na Sejm RP,≤100
1381575975475340,EduAkcja - szkolenia dla nauczycieli,EduAkcja sp. z o.o.,≤100
108020281494886,Assay Group,Assay Management Sp. z o.o.,≤100
130220166122,Kupuj odpowiedzialnie,Kupuj odpowiedzialnie,≤100
561109754080680,Związek Miast Polskich,Związek Miast Polskich,≤100
320289978035326,Poradnik Zdrowie,Poradnik Zdrowie,≤100
199877710116314,Patryk Jaki,Patryk Jaki,≤100
307132666893918,Fundacja Głosuj na Kobietę,Głosuj na Prawa Kobiet,≤100
106708966025605,Wydawnictwo W.A.B.,Grupa Wydawnicza Foksal,≤100
108567461681538,"Polska Katolicka, nie Laicka",Fundacja Instytut Edukacji Społecznej i Religijnej im. Ks. Piotra Skargi,≤100
305401181544,UNICEF Poland,UNICEF Polska,≤100
170894632966683,Warszawski Instytut Bankowości,Sektorowa Rada ds. Kompetencji Sektora Finansowego,≤100
168737999982045,Visegrad Insight,Visegrad Insight,≤100
69153026654,Jerzy Buzek,Jerzy Buzek,≤100
353030510177,Centrum Nauki Kopernik,Centrum Nauki Kopernik,≤100
273827962690526,Otwarte Klatki,Otwarte Klatki,≤100
111778487054045,TOGETAIR,Kamil Magot,≤100
286672948180163,Tomasz Trela,Poseł Tomasz Trela,≤100
106615352099209,maritimes_crimes,These ads ran without a disclaimer,≤100
1660290804264612,Instytut Bezpieczeństwa i Rozwoju Międzynarodowego,Magdalena Rochnowska,≤100
137358556439286,Ośrodek Monitorowania Zachowań Rasistowskich i Ksenofobicznych,Ośrodek Monitorowania Zachowań Rasistowskich i Ksenofobicznych,≤100
143951191449,Profinfo.pl,Wolters Kluwer PL,≤100
111993840665768,Stowarzyszenie Kultury Chrześcijańskiej im. Ks. Piotra Skargi,Stowarzyszenie Ks. Piotra Skargi,≤100
125185964281959,Centrum Edukacji Obywatelskiej (CEO),Centrum Edukacji Obywatelskiej (CEO),≤100
105039892358886,FURPO - Świadczenie Pielęgnacyjne,FURPO GROUP SP. Z O.O.,≤100
1863743663893316,Fundusz Obywatelski im. Henryka Wujca,Fundacja dla Polski,≤100
514735281965536,Demagog,Stowarzyszenie Demagog,≤100
228366267271894,Warsaw Enterprise Institute,Fundacja Warsaw Enterprise Institute,≤100
621959344553367,DNA Rynków - merytorycznie o giełdach i gospodarkach,DNA Rynków,≤100
662892093824152,Fundacja Małych Stópek,Fundacja Małych Stópek,≤100
689502097738508,Oświata w Rzeszowie,"S. P. ""Oświata"" w Rzeszowie",≤100
447190942074880,Polskie Stowarzyszenie Obrońców Życia Człowieka,Polskie Stowarzyszenie Obrońców Życia Człowieka,≤100
122436147816214,Skłodowscy.pl,Kancelaria Podatkowa Skłodowscy,≤100
127619873953536,Stefczyk.info,Stefczyk.info,≤100
276474826293767,Olivia Garden,Paweł Galanty,≤100
352969621437965,Magna Polonia,Fundacja Magna Polonia,≤100
1629946500626448,To Tylko Astma,OS3 Sp. z o.o.,≤100
101231981264335,Arkadiusz Iwaniak Poseł na Sejm RP,Biuro Poselskie Arkadiusza Iwaniak,≤100
834495839904474,Michał Cieślak,Leszek Mikołaj Zajęcki,≤100
314299585704,PAT&RUB,Ecoidea Sp z oo Sp.k.,≤100
258394024199313,Centrum Mieroszewskiego,Centrum Dialogu im. Juliusza Mieroszewskiego,≤100
255100403945,Polityka,Polityka,≤100
111236021136938,Fundacja Wolności Gospodarczej,Fundacja Wolności Gospodarczej,≤100
110898338585970,Mgboardy,MGBoardy.pl,≤100
104353138524363,Polska Liberalna Strajk Przedsiębiorców,Iam4u.pl,≤100
573576529748008,Sifted,These ads ran without a disclaimer,≤100
103189994608689,20stopni.pl,Konceptlab,≤100
334031263082,Międzynarodowy Festiwal Sztuk Przyjemnych i Nieprzyjemnych,Teatr Powszechny w Łodzi,≤100
105280315464169,Ukrayina.pl,AGORA S.A.,≤100
1086360811435644,More Bananas,Anna Daria Ledwoń-Blacha,≤100
371359310400318,Janusz Kowalski,Janusz Kowalski,≤100
330644215221,Bankier.pl,Bankier.pl,≤100
100174855998824,"Беларускі полк ""Пагоня"" / Belarusian Regiment Pahonia","Беларускі полк ""Пагоня"" / Belarusian Regiment Pahonia",≤100
544319209354145,Edukacja Domowa,Sławomir Przemysław Jazienicki,≤100
1752318511650368,Akamai Poland,More Bananas,≤100
180185019111,Tygodnik Powszechny,Tygodnik Powszechny,≤100
199401584696,Konfederacja Lewiatan,Konfederacja Lewiatan,≤100
112123064602862,Szczeliny,Wydawnictwo Otwarte sp. z o.o.,≤100
1945219198920241,Aleksander Jankowski - Wicewojewoda Pomorski,Aleksander Jankowski,≤100
722625777782250,Joachim Brudziński,Joachim Brudziński,≤100
181020632309,Wydawnictwo Znak,Wydawnictwo Znak,≤100
108494929216934,Marcin Kierwiński,Marcin Kierwiński,≤100
157022071030696,Centrum Bajki w Pacanowie,Centrum Bajki w Pacanowie,≤100
814991668621838,Norbert Kaczmarczyk,Norbert Kaczmarczyk,≤100
108006762199271,Renta Wdowia,Renta Wdowia,≤100
1425264934431305,Polski Instytut Księgowości,Polski Instytut Księgowości,≤100
74863922834,Krytyka Polityczna,Krytyka Polityczna,≤100
832320483579139,Vestra,Vestra,≤100
194585893914848,Fundacja Rozwoju Demokracji Lokalnej,Cezary Trutkowski,≤100
1837853109780758,Fundacja BOŚ,Fundacja BOŚ,≤100
191293647587209,SKK Polonia Warszawa,SKK Polonia Warszawa sp. z o.o.,≤100
705234266283291,Niepłodni Razem,Sylwia Bentkowska,≤100
424860500883515,Wydawnictwo Wektory,Mateusz Bliźniak,≤100
512960255942188,Towarzystwo Naukowe im. Stanisława Andreskiego,Towarzystwo Naukowe im. Stanisława Andreskiego,≤100
1821361227955255,Magazyn Aptekarski,Magazyn Aptekarski,≤100
107096355618744,Kongrespoloniimedycznej,Marek Rafał Ciesielski,≤100
116387683065459,"Daria Górka, reporterka","Daria Górka, reporterka",≤100
152434611621823,Instytut Geofizyki PAN,Semstart sp. z o. o.,≤100
114453729684,gazetaprawna.pl,gazetaprawna.pl,≤100
155010259207,Heinrich-Böll-Stiftung Warszawa,Sara Wołczyńska,≤100
105428171456904,BWT Polska - Best Water Technology,BWT Polska,≤100
375431119170590,GRAPE - Group for Research in APplied Economics,FAME|GRAPE,≤100
101283291180,dziennik.pl,dziennik.pl,≤100
129626970836,inFakt,inFakt,≤100
102638134457547,Magdalena Łośko - Poseł na Sejm RP,Patryk Kaźmierczak,≤100
109719194540240,Fundacja Błękitna,Fundacja Błękitna,≤100
133112726750279,M jak Mama,Grupa ZPR Media,≤100
230359693460,Uniwersytet Śląski w Katowicach,Uniwersytet Śląski,≤100
109218848183780,Marek Woźniak,UMWW,≤100
154790604804,Fundacja Czarna Owca Pana Kota,Czarna Owca Pana Kota,≤100
370535546308040,Natemat.pl,GLOB360,≤100
630438534142266,UNAWEZA Foundation,Fundacja Unaweza,≤100
81885462442,Histmag.org,Histmag.org,≤100
107741584286830,Studio Częstochowa,Studio Częstochowa,≤100
100599556168311,Zwyciężamy - Victorious,These ads ran without a disclaimer,≤100
147284671976535,Jak wygrać wybory? Praktycznie o kampaniach wyborczych,Jacek Babiel,≤100
193785724059580,Tadeusz Cymański,Tadeusz Cymański,≤100
150617698324166,Polska Fundacja im. Roberta Schumana,Polska Fundacja im. Roberta Schumana,≤100
111762720487338,Laboratorium Wolności Religijnej,Fundacja Pro Futuro,≤100
100507332348221,Liberfor,Liberfor,≤100
104291779009388,Pojęcie małżeństwa w pryzmacie teorii wymogów imperatywnych,Fundacja Instytut Prawa Ustrojowego,≤100
38983213786,Res Publica Nowa,Res Publica Nowa,≤100
152244658221042,Wielka Litera,Wielka Litera,≤100
175966550952,Chrońmy Klimat,Fundacja Instytut na rzecz Ekorozwoju,≤100
1695616287382430,Schneider Electric,Schneider Electric Polska,≤100
334959846522578,Fundacja Księdza Orione Czyńmy Dobro,Fundacja Księdza Orione Czyńmy Dobro,≤100
521216701360487,MURATOR,MURATOR,≤100
171278439588762,AMI - Fundacja Pomocy Zwierzętom,AMI - FUNDACJA POMOCY ZWIERZĘTOM,≤100
186543124707583,ISSA Prevent Plastic Pollution,Biuro wykonawcze ISSA w Polsce,≤100
373646707187,Fundacja Urszuli Jaworskiej,Fundacja Urszuli Jaworskiej,≤100
176619537364977,Grodno S.A.,Grodno S.A.,≤100
100321262116794,Kongres Katoliczek i Katolików,Fundacja na rzecz Kongresu Katoliczek i Katolików,≤100
698522113529153,ADAMED SmartUP,ADAMED SmartUP,≤100
173873282095,Forsal.pl,Forsal.pl,≤100
538827149559184,SQN Imaginatio,These ads ran without a disclaimer,≤100
116445584392469,Ekspert outsourcingu,These ads ran without a disclaimer,≤100
959387840744974,Bezpartyjni Samorządowcy,Ogólnopolska Federacja Bezpartyjni i Samorządowcy,≤100
106274574675288,Instytut Prawa Ustrojowego - Fundacja,Fundacja Instytut Prawa Ustrojowego,≤100
103718909184760,Marek Krawczyk,Marek Krawczyk,≤100
1479047189015939,Polski Cement,Stowarzyszenie Producentów Cementu,≤100
558879950822876,Jacek Sasin,Jacek Sasin - Poseł na Sejm RP,≤100
173043619501435,"Pomorski Ośrodek Rehabilitacji Dzikich Zwierząt ""Ostoja""","Pomorski Ośrodek Rehabilitacji Dzikich Zwierząt ""Ostoja""",≤100
567066860335135,Błękitny Węgiel,Błękitny Węgiel,≤100
100528444310,Uniwersytet Mikołaja Kopernika w Toruniu,Uniwersytet Mikołaja Kopernika w Toruniu,≤100
103822188721553,NowyŚwiat24.com.pl,FC NIKMARK Dorota Zielińska,≤100
1771722023118604,Wydawnictwo Aktywa,Wydawnictwo Aktywa Sp. z o.o.,≤100
100364569530157,Jarosław Kuisz,Jarosław Kuisz,≤100
194863390543534,Koło Naukowe Badań nad Europą,Antoni Szot-Malicki,≤100
153000611381985,GLOBEnergia,These ads ran without a disclaimer,≤100
102262978631607,Busnex Poland,Busnex Poland,≤100
143531497875065,O tym się nie mówi - film,Anita Monika Czarniecka,≤100
1935398849860973,Paweł Bujak,Paweł Marek Bujak,≤100
389195574469268,RzeczJasna,Stowarzyszenie Inicjatyw Możliwych RzeczJasna,≤100
102425845643558,tygrysia_marysia,These ads ran without a disclaimer,≤100
1981334218774426,Post Factum,Sonia Draga Sp.  z o.o.,≤100
176136722487454,Videoparlament.pl,Videoparlament.pl,≤100
109649700417909,Piotr Sak,Poseł na Sejm RP Piotr Sak,≤100
852871474902416,Tomasz Frączak,Tomasz Frączak,≤100
521739544515060,Dziennik Powiatowy,Krzysztof Przekop,≤100
112055027022643,Legal Marine,Legal Marine - Mateusz Romowicz,≤100
109778008306989,szkolebolubie,These ads ran without a disclaimer,≤100
198196133533089,Polska Misja Medyczna / Polish Medical Mission,Polska Misja Medyczna / Polish Medical Mission,≤100
108706423923643,Make Ocean Free,Make Ocean Free,≤100
116580465063718,Marcin Meller,Grupa Wydawnicza Foksal,≤100
172298576634819,Sebastian Luty – Fundacja Avalon,Fundacja Avalon,≤100
1099246873600021,Uczniowie Maryi,These ads ran without a disclaimer,≤100
349008885281233,Sylwia Kubik,Sylwia Maria Kubik,≤100
100508029392556,Obywatelu Masz Prawo,Fundacja Instytut Prawa Ustrojowego,≤100
108243994205438,R&D Hub,R&D HUB Sp. z o. o.,≤100
110470415005783,Ekaterra dla Ukrainy,Artur Guziak,≤100
103814844894070,2.sztuki,These ads ran without a disclaimer,≤100
100120136068412,Reo.pl - platforma handlu energią z OZE,Reo.pl Sp. z o.o.,≤100
144434042208,wSzczecinie,wSzczecinie.pl,≤100
163837620300534,Stowarzyszenie Praktyków Dramy STOP-KLATKA,Stowarzyszenie Praktyków Dramy STOP-KLATKA,≤100
287198384770456,Grzegorz Matusiak - Poseł na Sejm RP,Grzegorz Matusiak,≤100
1491551657767726,Dni Betonu,Stowarzyszenie Producentów Cementu,≤100
475003269590039,Radca prawny Tomasz Plasota,Aleksandra Adamczewska,≤100
291839444209363,Polski Klub Ekologiczny Koło Miejskie w Gliwicach,"Polski Klub Ekologiczny w Krakowie, Koło Miejskie w Gliwicach",≤100
1599655186922126,Włącz oszczędzanie,Łukasz Tadeusz Pająk,≤100
572352689575048,Grupa Stonewall,Grupa Stonewall,≤100
624879054590925,Marcel Bielecki,Marcel Bielecki,≤100
1503122059955612,Radny Adam Ołowniuk,Adam Ołowniuk,≤100
104873974773853,Repetujemy,These ads ran without a disclaimer,≤100
358712600898007,Ogólnopolska Federacja na rzecz Rozwiązywania Problemu Bezdomności,Jakub Stanisław Wilczek,≤100
245931812144589,Towarzystwo Edukacji Antydyskryminacyjnej,Towarzystwo Edukacji Antydyskryminacyjnej,≤100
116924429700987,Mariusz Skrobała,Mariusz Skrobała,≤100
100761801881011,Forum Miasteczek Polskich,Janusz Buzek,≤100
946445192119512,Krajowy Sztab Ratownictwa SKSR,Jerzy Płókarz,≤100
362682677158537,Michał Kowalski,Michał Kowalski - materiał nie stanowi elementu kampanii wyborczej,≤100
102248932413068,Solomiia Pakholivetska,These ads ran without a disclaimer,≤100
868165920029978,Anna Auksel-Sekutowicz Radna m. st. Warszawy,Anna Bogusława Auksel-Sekutowicz,≤100
283996612400,Fundacja Nasza Ziemia,Fundacja Nasza Ziemia,≤100
161532183902058,Zielone Wiadomości,Zielone Wiadomości,≤100
100939430383023,Wydawnictwo Wolno,These ads ran without a disclaimer,≤100
119853417704694,centrumdialogu,These ads ran without a disclaimer,≤100
1962095184053610,Akcja BACH  BCA Poland,These ads ran without a disclaimer,≤100
527351247377965,European Committee of the Regions,European Committee of the Regions,≤100
188337131340205,Tajniki Ameryki,These ads ran without a disclaimer,≤100
109279095409979,Bland experience,These ads ran without a disclaimer,≤100
1564344927175199,European Summer School Prague,These ads ran without a disclaimer,≤100
102183939383012,GLOC 2023 - Global Space Conference on Climate Change,These ads ran without a disclaimer,≤100
103772184933,Strategy International,These ads ran without a disclaimer,≤100