﻿Page ID,Page name,Disclaimer,Amount spent (VEF)
116093674518,César Pérez Vivas,an advertiser in Venezuela,569995
1518216038506999,CRI - Rádio Internacional da China,These ads ran without a disclaimer,250000
148231808588187,Gatorade Venezuela,an advertiser in Venezuela,≤100
716355865226144,Griselda Reyes,These ads ran without a disclaimer,≤100
103438711696898,Angelo Caltagirone - Meridiano Music,These ads ran without a disclaimer,≤100
346865969245944,Academia,These ads ran without a disclaimer,≤100
1702138929926817,Mongabay Latam,These ads ran without a disclaimer,≤100