﻿Page ID,Page name,Disclaimer,Amount spent (COP)
391099551688976,Manuel Correa,Manuel Correa,64882
2280357942291111,Luis Carlos Velásquez,Luis Carlos Velásquez,24217
53177129367,Dilian Francisca Toro Torres,Dilian Francisca Toro,20339
103848281985172,Mauricio Londoño,Mauricio Londoño,20237
645168172181457,Gobernación de Caldas,Eikon Digital SAS,11818
104468561432859,Alexander Castro,Alexander Castro,11453
597006313643580,Gobernación del Valle del Cauca,Gobernación Valle del Cauca,10583
316256535073131,Gobernación de Antioquia,Gobernación de Antioquia,10426
278404038877281,La Unidad de Pensiones y Parafiscales,Unidad de Pensiones y Parafiscales,9397
113479371565482,Carlos Alberto Arias,Carlos Alberto Arias,8787
370492339735164,Centro Democrático - Comunidad Oficial,Centro Democrático - Comunidad Oficial,6332
987563698019371,Duván Murillo Diputado,Duvan Murillo,4843
643513979193133,Unidos por Beatriz,Neuma,3517
167222580002790,Clara Luz Roldan Gonzalez,Clara Luz Roldán,3416
102249245462577,Secretaría de Hacienda de Manizales,Eikon Digital S.A.S.,1181
104472845840664,Juan Carlos Corrales,Juan Carlos Corrales,1000
132840983520233,Gobernación del Atlántico,Gobernación del Atlántico,960
1597659560553215,Colombia+20,COMUNICAN SAS EL ESPECTADOR,910
194315573916010,Norma Hurtado Sanchez,Norma Hurtado Sánchez,817
108123275106289,Politólogos Digitales Colombia,Marbel Dayanna Carvajalino O'meara,814
100824582910420,Igualdad y Equidad,These ads ran without a disclaimer,642
581095835894514,Noticentro 1 CM&,Noticentro 1 CM&,595
354008694642813,Little Monkey Agencia de  Publicidad BTL,Little Monkey BTL SAS,482
101628762612327,Secretaría de Gobierno de Pasto,Secretaría de Gobierno de Pasto,404
165042833621264,Schneider Electric,These ads ran without a disclaimer,396
101883058962037,El Valle De Todos,Carlos Andres Lopez Dominguez,343
179003239458192,Jorge Humberto Rangel,Jorge Rangel,297
111305531683400,Maria Helena Nieto,Maria Helena Nieto,283
179668218725736,Lina García Gañan,Lina Garcia,240
111107486256101,Juan Pablo Matta,Juan Pablo Matta Casas,225
1668886976475466,David Gutierrez Mantilla,Jorge Luis,209
267198759973201,Bairon Enrique Muñoz Lizarazo,Bairon Enrique Muñoz Lizarazo,200
765302097170348,Línea Cero,Linea Cero,199
116761207989138,William Andrés Cruz Sánchez,Julian Alberto Vidarte Orozco,199
105896879028919,MarcosUrrutia,Esteban Danilo Martinez Reyes,197
1581065862149234,Alcaldía de Tuluá John Jairo Gomez Aguirre,Alcaldía de Tuluá John Jairo Gomez Aguirre,190
1823807254333065,Soy Más País,Soy Mas Pais,170
838927469815494,Diana Diago,Diana Marcela Diago,156
100704789601253,Diana Osorio Bernal,Diana Yaneth Osorio Bernal,155
706214723142462,Oscar David Benavides A,Oscar David Benavides Angulo,154
1150942755027141,MMconsultor,MMconsultores,118
170276379775886,Instituto de Ciencia Política Hernán Echavarría Olózaga,Instituto de Ciencia Política Hernán Echavarría Olózaga (ICP),≤100
105121485178998,Gabo Becerra,Gabo Becerra,≤100
1400280116941194,Fabian Diaz,Fabian Diaz,≤100
655085057949313,Gonzalo Arzuza Torrado,Gonzalo Arzuza Torrado,≤100
1556615924374336,Diana Georgina Correa,These ads ran without a disclaimer,≤100
429229817191552,Supergiros Centro del Valle,These ads ran without a disclaimer,≤100
100687408426888,Entrenando a mi PERRO,Juan Sebastian Ortiz Leal,≤100
515010172233659,Alvaro Mantilla,Alvaro Mantilla,≤100
104194058046531,Omar Enrrique Ortega,Omar Enrrique Ortega,≤100
100623501531545,La Feria Del Cómic Pereira,These ads ran without a disclaimer,≤100
318893231560389,FGA Fondo de Garantías,These ads ran without a disclaimer,≤100
494354027360929,Dirección de Educación Continua Pontificia Universidad Javeriana Bogotá,These ads ran without a disclaimer,≤100
1538503439800792,Symplifica,Symplifica,≤100
156232463325,Librería Nacional,These ads ran without a disclaimer,≤100
105693777827176,Jorge Enrique Sánchez Cerón,Max Social S.A.S,≤100
107204794960194,Instituto Técnico La Salle,Instituto Técnico La Salle,≤100
112080924631188,Tommy Fashion,These ads ran without a disclaimer,≤100
459716174041449,Amarilo,These ads ran without a disclaimer,≤100
1588561874548381,Carlos Alfredo García - Abogado,Carlos Alfredo García - Abogado,≤100
1578952542172351,Berenice Kiddo,These ads ran without a disclaimer,≤100
106451925660399,Centro de Estudios Especializados en Psicología y Ciencias Forenses,These ads ran without a disclaimer,≤100
189844404462391,Teatro Mayor Julio Mario Santo Domingo,These ads ran without a disclaimer,≤100
102869218803670,La realidad de Arabia Saudita,These ads ran without a disclaimer,≤100
102415047928145,Shanghai Electric,These ads ran without a disclaimer,≤100
1575300589428722,Tony Flores Oficial,These ads ran without a disclaimer,≤100