﻿Page ID,Page name,Disclaimer,Amount spent (TRY)
100910024639566,Ali Babacan,Deva Partisi,113
102095934751904,Deva Partisi,Deva Partisi,≤100
191453580768,Yeni Şafak,Piri Medya Anonim Sirketi,≤100
105376981385020,Referandom,Referandom,≤100
111162852275902,Uluslararası Af Örgütü Türkiye Şubesi,Uluslararası Af Örgütü Türkiye Şubesi,≤100
108552928182311,Al Sancak Partisi,Nuri Çelebi,≤100
180404128680446,Dr. Şadi YAZICI,Dr. Şadi YAZICI,≤100
1439683329600228,Ümit Uysal,Ümit Uysal,≤100
107924807410702,Samet Bağcı,Samet Bağcı,≤100
755201084826878,Aşkın Tören,Aşkın Tören,≤100
101770559346670,Emre Topal,Emre Topal,≤100
319374238130637,Osman Gürün,Osman Gurun,≤100
104691722197784,صحيفة الاستقلال - العربية,صحيفة الاستقلال,≤100
100930021431743,Gazete Kolektif,Ercan Erdal,≤100
463215923715177,Mehmet Yiğiner,Bekir Koyuncu,≤100
1104153776387884,Halk Haber Ajansı,Resul Mesut Büyüksarı,≤100
314386289265240,Ali Zafer İksir,ALİ ZAFER İKSİR,≤100
283657205667155,Mustafa Ali Fırtına,Mustafa Ali Firtina,≤100
106879338020716,Halk Ajans,Resul Mesut Büyüksarı,≤100
1614212022160759,Fehmi Yağlı,Fehmi Yagli,≤100
465887546792664,Halkın Kurtuluş Partisi - HKP,TAYFUR BİN,≤100
100516989042507,Balıkesir Posta TV,Ahmet Namlı,≤100
167633913392268,Kolejliler,Fırat Yıldız Ahmet,≤100
511707202180465,Kangal Aşkk'tır,Fırat Yıldız Ahmet,≤100
100345912204104,Nuri Cengiz,Cumhuriyet Halk Partisi,≤100
1572709256359993,İnternethaber TV,HADİ ÖZIŞIK,≤100
332226804861319,نداء بوست Nedaa Post,These ads ran without a disclaimer,≤100
100665102848993,Gün Gün Kurtuluş,İlker  Tanrıverdi,≤100
413113452433564,Cengiz Gökçel,Cengiz Gökçel,≤100
1028368393892777,Mehmet Ali Özkan,Mehmet Ali ÖZKAN,≤100
219031704851494,SAS (Satın Almayın Sahiplenin),Fırat Yıldız Ahmet,≤100
922594934433874,Kulis Özel,Burak Rahat,≤100
104720632449919,Tarihte Bugün,Taha Gümüştaş,≤100
104267921764717,Deva Partisi Trabzon İl Başkanlığı,Kubilay Çiçek,≤100
113229965003082,AK Parti/MHP/BBP Cumhur İttifakı,Erol Cihangir,≤100
112616521235832,ye.conomics,These ads ran without a disclaimer,≤100
105920312260740,Özgür Köşe Yazarları,Özgür Köşe Yazarları,≤100
110337247892458,kudustebugun,These ads ran without a disclaimer,≤100
144096473392,Yeşil Gazete,Yeşil Gazete,≤100
101315571670453,Webagron Tarımsal İçerik Platformu,Webagron Tarımsal İçerik Platformu,≤100
737340966376001,Metin Kala,Metin Kala,≤100
101608768475856,İlayda A,These ads ran without a disclaimer,≤100
104790481715851,ازجمله,Azjomle,≤100
107184060866156,Limitsiz Bilgi,These ads ran without a disclaimer,≤100
298764070816267,Mehmet Tütüncü,Mehmet TÜTÜNCÜ Türkiye Temsilcisi,≤100
104373561467884,Serhat Servet Dövenci,Serhat Servet Dövenci33,≤100
107088348866304,Haberde.com.TR,Murat Ocak,≤100
190217144502606,Av. Sinan Tekin,Sinan Tekin,≤100
108390012832175,Fatih Akkentli,Atacan Özbay,≤100
103693141575878,nVidyo,Birkan Erol,≤100
276652289141318,OSMAN KOZAN,Osman Kozan,≤100
116992324613459,Otadas,These ads ran without a disclaimer,≤100
105216665849370,Sheila Barnes1,These ads ran without a disclaimer,≤100
110145221742573,Художественная студия МартаArt,These ads ran without a disclaimer,≤100