﻿Page ID,Page name,Disclaimer,Amount spent (ILS)
313229072156432,ארקדי פומרנץ - Arkady Pomeranz,ארקדי פומרנץ - Arkady Pomeranz,1239
103851839280828,חופשי בארצנו - מטה המאבק,מטה המאבק - נלחמים על הדמוקרטיה,1066
122727460825521,שמוליק דודאי לראשות מ.א. עמק יזרעאל,שמוליק דודאי,445
102548956115520,תקומה 23 - להיות עם יהודי בארצנו,תורת לחימה,365
105907482438233,שלומית שיחור רייכמן לראשות מ.א. עמק יזרעאל,שלומית שיחור רייכמן לראשות מ.א. עמק יזרעאל,302
1534418936869034,אתר החדשות דבר,אתר החדשות דבר,289
108815978739436,רמי יוסף יחד ננצח,רמי יוסף יחד ננצח,250
1477479039147346,شريف زعبي,شريف زعبي,229
134317898540,דרך חדשה לקריית שמונה - בראשות אופיר יחזקאלי,דרך חדשה לקריית שמונה - בראשות אופיר יחזקאלי,227
107836625941364,Yair Lapid - יאיר לפיד,מפלגת יש עתיד,221
2087629251480875,רונן מרלי - Ronen Marelly,רונן מרלי - Ronen Marelly,219
102684482764860,داني عطار لرئاسة المجلس الإقليمي جلبوع,داني عطار لرئاسة المجلس الإقليمي جلبوع,216
1900748410047113,סיגל שאלתיאל הלוי לראשות מועצת מעלה יוסף,סיגל שאלתיאל הלוי לראשות מועצת מעלה יוסף,193
112933168448095,בת שבע אבוחצרה - לראשות העיר כרמיאל,בת שבע אבוחצרה - לראשות העיר כרמיאל,188
103650187935643,אלי זפרני חבר מועצת העיר,אלי זפרני חבר מועצת העיר,183
105744449044010,Алон Азулай,Алон Азулай,182
939376299576182,דודו דר - Dudu Dar,דודו דר - Dudu Dar,181
1384004838583167,רונן פלוט - Ronen Plot,רונן פלוט - Ronen Plot,177
213683622308164,עמיחי בן שלוש - Amihai Ben Shlush,עמיחי בן שלוש - Amihai Ben Shlush,169
103085619445870,ניר ברכיה משרד עורכי דין,ניר ברכיה משרד עורכי דין,164
112779795076593,שי יזרעאלי - לראשות המועצה האזורית עמק יזרעאל,שי יזרעאלי - לראשות המועצה האזורית עמק יזרעאל,164
114429471587565,"יפעת עובדיה לוסקי - יו""ר קק""ל",קרן קימת לישראל,161
189543984502825,משה קונינסקי,משה קונינסקי,160
110726252003225,אושרת בראל - לראשות העיר בית שאן,אושרת בראל - לראשות העיר בית שאן,156
100303966345061,בין חברים - מגזין קיבוצי עצמאי,בין חברים - מגזין קיבוצי עצמאי,151
219256864871723,Lea Fadida לאה פדידה,Lea Fadida לאה פדידה,146
171948013605622,יצחק מירון תנופה לעפולה,יצחק מירון תנופה לעפולה,146
109523830757998,דמוקרטtv,דרכנו,146
1662907067255622,איגוד הגז הטבעי,Unik,138
107107231197546,אלון אזולאי -Alon Azulay,אלון אזולאי -Alon Azulay,137
108787681841168,רישיון נשק בקליק,רישיון נשק בקליק,127
100663859328863,עופרי סיידה,עופרי סיידה,123
1073548259341247,לובי 99,לובי 99,119
107217383988190,מגזין אפוק,Epoch Magazine,116
102121338712376,פורום עפולה,פורום עפולה,114
119823604371240,גיל לין. הר ועמק מתעוררים,גיל לין - הר ועמק מתעוררים,113
1029616787159895,יהודה דואה - הבחירה הנכונה לראשות המועצה,יהודה דואה - הבחירה הנכונה לראשות המועצה,111
111523625527552,התנועה לאיכות השלטון,התנועה לאיכות השלטון,107
313816005938472,תנופה לעפולה - שומרים על הבית,תנופה לעפולה - שומרים על הבית,105
104805742482324,יוחאי עזרא -  לראשות עיריית צפת,יוחאי עזרא -  לראשות עיריית צפת,105
1915868198652314,האם ראית את האופק לאחרונה?,האם ראית את האופק לאחרונה?,103
102703162781358,הדס שקד - נכונה לגלבוע,הדס שקד - נכונה לגלבוע,103
44385426513,Greenpeace Israel   - גרינפיס ישראל,Greenpeace Israel   - גרינפיס ישראל,≤100
537993479619524,אבי אלקבץ עפולה אחת,אבי אלקבץ עפולה אחת,≤100
104507095974550,"עו""ד שלמה ששון מנסורה לראשות מועצת מעלה יוסף",שלמה ששון מנסורה,≤100
106057988971053,אלי כהן - Eli Cohen,אלי כהן - Eli Cohen,≤100
116563891775107,עיריית פתח תקווה,עיריית פתח תקוה,≤100
104540012690001,אלדר סיון לראשות מ.א. עמק יזרעאל,אלדר סיון לראשות מ.א. עמק יזרעאל,≤100
159416337497662,Nir Barkat - ניר ברקת,Nir Barkat - ניר ברקת,≤100
138399090105076,הבנק החברתי למזון תינוקות,הבנק החברתי למזון תינוקות,≤100
116403308029187,يوسف طه,يوسف طه,≤100
115755304767435,"ח""כ אושר שקלים - MK Osher Shkalim","ח""כ אושר שקלים - MK Osher Shkalim",≤100
102739726161226,תמיר שלום - לראשות המועצה המקומית יסוד המעלה,תמיר שלום - לראשות המועצה המקומית יסוד המעלה,≤100
111919847028684,שומרים - המרכז לתקשורת ודמוקרטיה,שומרים - המרכז לתקשורת ודמוקרטיה,≤100
204780362875106,מקור ראשון,מקור ראשון,≤100
376768189118561,אסף אוברלנדר לראשות המועצה המקומית רמת ישי מטעם סיעת תו״ת,אסף אוברלנדר לראשות המועצה המקומית רמת ישי מטעם סיעת תו״ת,≤100
554308731366675,محامون من أجل إدارة سليمة - Lawyers for Good Governance,lawyers for good governance,≤100
103747746122644,אוהבים את מעלות תרשיחא - בוחרים הילה בן אבו,הילה בן אבו,≤100
132107110817900,"מרכז הנדל""ן","מרכז הנדל""ן",≤100
767262423350854,פורום הדיור הציבורי,פורום הדיור הציבורי,≤100
1921160331531297,Act. تغيير اعلامي,סיכוי אופוק - سيكوي أفق,≤100
117658294683078,ישראלTop5,top5israel,≤100
250947744954005,התנועה הקיבוצית,התנועה הקיבוצית,≤100
224562257709477,דניאל (דני) עטר,דניאל (דני) עטר,≤100
452342168247343,יוחנן פלסנר - Yohanan Plesner,המכון הישראלי לדמוקרטיה,≤100
115977008140294,דודיק שטרית - לראשות העיר טבריה,דודיק שטרית - לראשות העיר טבריה,≤100
662721113760589,TheMarker Labels,TheMarker Labels,≤100
102934812766237,לכרמיאלים אסור לדבר,לכרמיאלים אסור לדבר,≤100
104063512343698,פשוט טוב.,פשוט טוב.,≤100
251040535229741,יאיר צברי - Yair Zabari,יאיר צברי - Yair Zabari,≤100
33942762466,Shalom Hartman Institute מכון שלום הרטמן,Shalom Hartman Institute - מכון שלום הרטמן,≤100
124395890927240,הקרן החדשה לישראל,הקרן החדשה לישראל,≤100
162089177185799,התאחדות התעשיינים בישראל,התאחדות התעשיינים בישראל,≤100
104222621115858,הביטחוניסטים,הביטחוניסטים,≤100
428948830813584,"מגדילים - האתר הישראלי להתחדשות עירונית ונדל""ן","מגדילים - האתר הישראלי להתחדשות עירונית ונדל""ן",≤100
517540671748006,"Движение ""Единство"" во главе с Дмитрием Бруком","Движение ""Единство"" во главе с Дмитрием Бруком",≤100
2097145430558097,חיים רוקח - ראש המועצה האזורית גולן,חיים רוקח - ראש המועצה האזורית גולן,≤100
130497666985943,ההסתדרות הרפואית בישראל,These ads ran without a disclaimer,≤100
212508465430143,מען ארגון עובדים  معًا - نقابة عمالية MAAN Workers Association,WAC-MAAN,≤100
726277140738619,مؤسسة بطيرم لأمان الاطفال,These ads ran without a disclaimer,≤100
123943380629755,איתמר מטיאש לראשות מועצת עמק המעיינות,איתמר מטיאש לראשות מועצת עמק המעיינות,≤100
110953105276453,"מרלן שחאדה, משרד עורכי דין","מרלן שחאדה, משרד עורכי דין",≤100
107926607591864,זוּלת - לשוויון וזכויות אדם,זוּלת - לשוויון וזכויות אדם,≤100
112791015410812,Danny Danon - דני דנון,דני דנון,≤100
140536699429565,המכון למחקרי ביטחון לאומי,המכון למחקרי ביטחון לאומי,≤100
189374201795792,כרמיאל ביתנו- בראשות גיורא צ'שקין,ישראל ביתנו,≤100
113920975088292,טוב לדעת,טוב לדעת,≤100
139922199493073,גבעת חביבה چڤعات حبيبة,גבעת חביבה چڤعات حبيبة,≤100
954415847987172,תעסוקה שווה - פתרונות תעסוקה למעסיקים ולאנשים עם מוגבלות,תעסוקה שווה - פתרונות תעסוקה למעסיקים ולאנשים עם מוגבלות,≤100
108760035823125,The Van Leer Jerusalem Institute - מכון ון ליר בירושלים,The Van Leer Jerusalem Institute - מכון ון ליר בירושלים,≤100
803052516490146,Future,Future,≤100
414581845222057,פורום המשפחות השכולות Parents Circle Families Forum منتدى العائلات الثكلى,פורום המשפחות השכולות Parents Circle Families Forum منتدى العائلات الثكلى,≤100
103810991865051,שמעון סויסה ראש מועצת חצור הגלילית,יחסי ציבור,≤100
877405719007268,מכון ארגמן - Argaman Institute,מכון ארגמן,≤100
1514952655390958,משרד תומר ורשה - עורכי דין • הגירה והסדרת מעמד • אשרות בישראל • זכויות אדם,"משרד עו""ד תומר ורשה",≤100
178433145502975,Avigdor Liberman - אביגדור ליברמן,ישראל ביתנו,≤100
220045128798930,"עו""ד ידידיה בלומהוף - תביעות משרד הביטחון",משרד עורכי דין ידידיה בלומהוף,≤100
172680759548006,האקדמית רמת-גן,המכללה האקדמית רמת גן,≤100
401082636658821,איגוד ערים לאיכות הסביבה שרון - כרמל,איגוד ערים שרון כרמל,≤100
308048836418327,הילה שלם והתושבים - רצים לראשות העיר,הילה שלם והתושבים - רצים לראשות העיר,≤100
1828669360700280,דרך שירה בנקי - shira banki's way,Shira Banki's Way - דרך שירה בנקי,≤100
444832565529651,המכון הישראלי לדמוקרטיה,המכון הישראלי לדמוקרטיה,≤100
114856231507549,הצעירים - משפיעים על העתיד של כולנו ביקנעם,הצעירים - משפיעים על העתיד של כולנו ביקנעם,≤100
440643535984451,הגליל התחתון,מועצה אזורית גליל תחתון,≤100
124894077550811,ישראל חופשית,ישראל חופשית,≤100
102036005190785,Logivote - הפתרון השלם למערכת ניהול קמפיינים ובחירות דיגיטליות,LogiVote,≤100
1035914116590279,"التحالف الوطني الديمقراطي عرابة ""الصفحه الرسميه""","التحالف الوطني الديمقراطي عرابة ""الصفحه الرسميه""",≤100
166476874066704,David  Piterman,David  Piterman,≤100
1913755198907011,"המרכז הרפואי לטיפול בהשמנה - ד""ר רז",המרכז הרפואי לטיפול בהשמנה,≤100
205544429526773,תג מאיר: אור במקום טרור,תג מאיר: אור במקום טרור,≤100
1484712825147171,Tomer Warsha Adv • Immigration to Israel • Aliya • Immigrants • Citizenship,"משרד עו""ד תומר ורשה",≤100
114630296604026,"Davar - Workers, Society and Economy in Israel",דבר העובדים בארץ ישראל,≤100
240626859400146,Gilad Kariv - גלעד קריב,Gilad Kariv - גלעד קריב,≤100
142354389182578,הפורום לחשיבה אזורית,הפורום לחשיבה אזורית,≤100
100869341561907,תוצרת הארץ • הביטחון הלאומי שלנו,תוצרת הארץ • הביטחון הלאומי שלנו,≤100
106191544511584,البيت العكاوي,البيت العكاوي,≤100
153991671307861,אישה לאישה - למען נשים נפגעות אלימות וילדיהן,אישה לאישה - למען נשים נפגעות אלימות וילדיהן,≤100
248723598607259,ארגון בזכות,Bizchut,≤100
193264714026809,אמונה - תנועת האישה הדתית לאומית,אמונה - תנועת האישה הדתית לאומית,≤100
179266922268816,שלמה מליחי - Shlomo Malihi,שלמה מליחי - Shlomo Malihi,≤100
501512673192146,Авигдор Либерман,ישראל ביתנו,≤100
310003182800720,עושים חקלאות ישראלית - מועצת הצמחים,עושים חקלאות ישראלית - מועצת הצמחים,≤100
133593466685177,העין השביעית,העין השביעית,≤100
108037760571199,הקונגרס הישראלי,הקונגרס הישראלי,≤100
114423103807949,פורום העצמאים,פורום העצמאים בהסתדרות,≤100
109913515759452,Bokra Net بُــــكرا,Bokra Net بُــــكرا,≤100
109049212192912,יעקב בורובסקי-לראשות העיר חיפה,יעקב בורובסקי-לראשות העיר חיפה,≤100
305986442906304,סלע מאיר הוצאה לאור,סלע מאיר דיגיטל,≤100
853851914639445,נגד הקמת שדות תעופה בעמק יזרעאל,נגד הקמת שדות תעופה בעמק יזרעאל,≤100
2145340712350945,נעמה לזימי - Naama Lazimi,נעמה לזימי - Naama Lazimi,≤100
227073477334754,אופיר שפיגל - יחסי ציבור,אופיר שפיגל תקשורת וקשרי ממשל,≤100
94762908662,נעמת - תנועת הנשים של ישראל,נעמת | Women @ Work,≤100
115344484865268,عفيف عبد الحاج,عفيف عبد الحاج,≤100
167657276622943,אראל מרגלית - Erel Margalit,אראל מרגלית - Erel Margalit,≤100
561508917249930,Gal Sharabi - גל שרעבי - דמאיו,Gal Sharabi - גל שרעבי - דמאיו,≤100
1614948598762298,Bardugo LIVE אולפן פתוח,Bardugo LIVE אולפן פתוח,≤100
471173436243263,جمعية حقوق المواطن في اسرائيل,جمعية حقوق المواطن في اسرائيل,≤100
221429664638160,קדמה,קדמה,≤100
151429721541665,Dan Illouz -  דן אילוז,Dan Illouz -  דן אילוז,≤100
100754589404801,פתרונות פיננסים עבורך,These ads ran without a disclaimer,≤100
474079052648531,יועז הנדל   Yoaz Hendel,יועז הנדל,≤100
112848572066805,מחאת ההייטק,מחאת ההייטק,≤100
655073717925481,קרן ברל כצנלסון,קרן ברל כצנלסון,≤100
122151567825903,ארגון בטרם לבטיחות ילדים,ארגון בטרם לבטיחות ילדים,≤100
290003511833151,נאור שירי - Naor Shiri,נאור שירי - Naor Shiri,≤100
392866501469954,"נטו מוצקין, זה רק - נטו מוצקין","נטו מוצקין, זה רק - נטו מוצקין",≤100
776082669092963,רשות ניקוז ונחלים ירדן דרומי,רשות ניקוז ונחלים ירדן דרומי,≤100
137449656335533,Amnesty International Israel,Amnesty International Israel,≤100
1616620351898508,Адвокат Варша • Иммиграция • Рабочая виза в Израиле • Воссоединение семьи,"משרד עו""ד תומר ורשה",≤100
109488148866333,דיאלוג מחקר וסקרים,Amanet,≤100
57400032655,קבלה לעם,"בני ברוך קבלה לעם ע""ר",≤100
101986269182655,"משרד רו""ח בן ארי - בן אור","משרד רו""ח בן ארי - בן אור",≤100
102222958209767,עוזי אהרון,עוזי אהרון,≤100
846516645391265,ולדימיר בליאק - Vladimir Beliak,ולדימיר בליאק - Vladimir Beliak,≤100
102396379571730,בן נשר,מעשים טובים,≤100
120537597988870,רוח נשית  |  Ruach Nashit,"רוח נשית (ע""ר)",≤100
336333819807014,פנינה תמנו שטה Pnina Tamano Shata,פנינה תמנו שטה,≤100
367616380398137,גבי קדוש Gaby Kadosh,גבי קדוש Gaby Kadosh,≤100
197861515565,שתיל - شتيل - Shatil,שתיל - Shatil,≤100
103069056049581,שלום ישראל אלבז- shalom israel elbaz,יחסי ציבור,≤100
2140073229640663,"שיל""ת, הרשקוביץ, אשכנזי ושות' - רואי חשבון","שיל""ת • הרשקוביץ • אשכנזי רואי חשבון",≤100
102684909338808,אלין חסון - משרד עורכי דין,These ads ran without a disclaimer,≤100
164416690244223,המועצה הציונית בישראל,המועצה הציונית בישראל,≤100
117719250022172,נאוה שפירא,נאוה שפירא,≤100
564755520233941,משרד מבקר המדינה ונציב תלונות הציבור,משרד מבקר המדינה ונציב תלונות הציבור,≤100
403470203161681,"קרן רש""י - Rashi Foundation","קרן רש""י לצמצום פערים חברתיים",≤100
104984005680662,משמר הראיסים,משמר הראיסים מאת דוד סוויסה,≤100
299400893458808,המכון הדמוקרטי,המכון הדמוקרטי - חברה וחינוך,≤100
104783631865965,תלם,קרן ברל כצנלסון,≤100
224993517556428,Da'am Party - מפלגת דעם - حزب دعم,Da'am Party - מפלגת דעם - حزب دعم,≤100
112210295510027,World Zionist Organization - ההסתדרות הציונית העולמית,ההסתדרות הציונית העולמית,≤100
100978407934166,תנועה ישראלית,Israeli Movement,≤100
141721971504,Histadrut - ההסתדרות החדשה,Histadrut - ההסתדרות החדשה,≤100
548633762006156,השילוח - כתב עת ישראלי להגות ומדיניות - Hashiloach,השילוח - כתב עת ישראלי להגות ומדיניות - Hashiloach,≤100
304921469636475,סיכוי-אופוק سيكوي-أفق,עמותת סיכוי-אופוק,≤100
563018707177711,בידינו - למען הר הבית Beyadenu - Returning to the Temple Mount,בידינו - למען הר הבית Beyadenu - Returning to the Temple Mount,≤100
279345532129864,ההסתדרות הציונית העולמית,ההסתדרות הציונית העולמית,≤100
387662485168743,LPY הוצאת אזרחות פולנית,LPY הוצאת אזרחות פולנית,≤100
107124799990825,חן שרייבר-נשיא לשכת רואי החשבון בישראל,These ads ran without a disclaimer,≤100
108115348997001,מידן בר לראשות מועצת עמק חפר,מידן בר,≤100
1531002607150465,יפעת שאשא ביטון - Yifat Shasha Biton,יפעת שאשא ביטון - Yifat Shasha Biton,≤100
389810911067075,Наш дом Израиль,ישראל ביתנו,≤100
1073460539346074,אלון שוסטר - Alon Schuster,אלון שוסטר - Alon Schuster,≤100
2025495104334525,"חביב חורי ושות', משרד עורכי דין","חביב חורי ושות', משרד עורכי דין",≤100
114183292001372,Gisha LCFM,Gisha - Legal Center for Freedom of Movement,≤100
1395918227341473,עיריית חדרה,עיריית חדרה,≤100
155300937864628,המרכז להעצמת האזרח,המרכז להעצמת האזרח,≤100
914741188600735,עומדים ביחד نقف معًا,עומדים ביחד نقف معًا,≤100
161804953943328,Яир Лапид,יש עתיד - בראשות יאיר לפיד,≤100
181538846120337,שלום מעוז - חבר מועצת העיר ברשימת אופק לראש העין,שלום מעוז - חבר מועצת העיר ברשימת אופק לראש העין,≤100
113412954471995,"יונית פרגו, עו""ד ומגשרת","יונית פרגו, עו""ד ומגשרת",≤100
101614785409781,Роман Соколов     Roman Sokolov,מפלגת כוח אזרחי,≤100
994811120638154,כרם נבות كرم نابوت,כרם נבות كرم نابوت,≤100
790149967713981,דרכנו,דרכנו,≤100
101189288896863,לבבי - דפיברילטור להצלת חיים מדום לב בבית,לבבי,≤100
103185328887035,דניאל ליזרוביץ',דניאל ליזרוביץ',≤100
121150727593758,מוטי שמקה,מוטי שמקה,≤100
158195257562237,מיכאל לייטמן,"בני ברוך קבלה לעם ע""ר",≤100
248660961864475,שחרית | سحرية | Shaharit,שחרית | سحرية | Shaharit,≤100
1822651321364643,121 - מנוע לשינוי חברתי,121 - מנוע לשינוי חברתי,≤100
109880580419027,טארק ח'ורי - משרד עורכי דין,טארק ח'ורי - משרד עורכי דין,≤100
114201461733889,"מיכאל וידל- ראש עיריית רמלה, העמוד הפוליטי",ראש העיר מיכאל וידל,≤100
153347451379375,Журнал ЛЕХАИМ,Журнал ЛЕХАИМ,≤100
216394682076449,צילה רשף מועצת זכרון יעקב,צילה רשף מועצת זכרון יעקב,≤100
116877711723730,ממרי,ממרי,≤100
100150135880863,תכלית - המכון למדיניות ישראלית,Tachlith,≤100
2036461326389031,Nir A. Cohen,Nir A. Cohen,≤100
399925850154841,מרכז ישיבות ואולפנות בני עקיבא,מרכז ישיבות ואולפנות בני עקיבא,≤100
112878401788032,ערן בן יהודה - Eran Ben Yehuda,ערן בן יהודה - Eran Ben Yehuda,≤100
501178966564217,פורום קהלת Kohelet Forum,פורום קהלת Kohelet Forum,≤100
531875713862476,צבי סוכות,צבי סוכות,≤100
104728241521436,האגודה לתרבות הדיור,האגודה לתרבות הדיור,≤100
315149999091604,אביש שלמה לראשות מועצה אזורית מנשה,אביש שלמה לראשות מועצה אזורית מנשה,≤100
433699860406497,ענבר הוכברג Inbar Hochberg,ענבר הוכברג Inbar Hochberg,≤100
110897178941008,מרכז אדוה,מרכז אדוה,≤100
1837055639885020,אביטל רבינוביץ' - עורכת דין מגשרת ונוטריונית,אביטל רבינוביץ,≤100
101529666123079,אוהד טל - Ohad Tal,אוהד טל - Ohad Tal,≤100
101545285387643,Beegreen ביגרין  - קירות ירוקים,Beegreen ביגרין  - קירות ירוקים,≤100
271660011645,"אריק שלו ושות', משרד עורכי דין","אריק שלו ושות', משרד עורכי דין",≤100
565457160167236,המרכז להנהגת הבריאות,These ads ran without a disclaimer,≤100
1703268633265805,"משרד עו""ד איתי הכהן","משרד עו""ד איתי הכהן",≤100
115256976973278,Nikk.Agency IL UA Новости Израиля - Привет Израиль Что нового?,Nikk.Agency IL UA Новости Израиля - Привет Израиль Что нового?,≤100
443505192443192,A Land for All ארץ לכולם بلاد للجميع,A Land for All ארץ לכולם بلاد للجميع,≤100
498445036891971,Tziki Avisar - ציקי אבישר,Tziki Avisar - ציקי אבישר,≤100
100741026415101,המושבה,מורן מן,≤100
231854074020198,יחד בראשות עדי פרילינג אנקורי,יחד בראשות עדי פרילינג אנקורי,≤100
2020978944655485,"עו""ד אייזיק סטולוב","עו""ד אייזיק סטולוב",≤100
279689895974754,Avi Slama Votre prochain Maire de Netanya,Avi Slama Votre prochain Maire de Netanya,≤100
334640329998323,בני ביטון,בני ביטון,≤100
1221259494682253,מנהיגים - ארגון מנהלי בתי הספר,מנהיגים - ארגון מנהלי בתי הספר,≤100
508350882567230,"עו""ד רלי ארביב","עו""ד רלי ארביב",≤100
235667939891765,אריה פרג'ון לראשות העיר,אריה פרג'ון לראשות העיר,≤100
103438503043348,העוקץ,העוקץ,≤100
770195983065802,Hélène Mazouz הלן מזוז,Hélène Mazouz הלן מזוז,≤100
1008591479294996,אופיר ליבשטיין - ראש המועצה האזורית שער הנגב,אופיר ליבשטיין,≤100
248788905529463,Детали / новости Израиля,Детали / новости Израиля,≤100
990000487755398,עמפלי  -  עריכת דין מיסים      Ampeli - Tax Law Office,עמפלי  -  עריכת דין מיסים      Ampeli - Tax Law Office,≤100
430059894097324,"אלון גולדברג, עורך דין","אלון גולדברג, עורך דין",≤100
666263786873603,Kerem Navot - Naboth’s Vineyard,Kerem Navot - Naboth’s Vineyard,≤100
175041709215197,עיריית דימונה,עיריית דימונה,≤100
698427173532872,חופות - מבית השגחה פרטית,חופות,≤100
536794249813012,תומר גלאם - Tomer Glam,תומר גלאם - Tomer Glam,≤100
1804437023107196,לשכת שמאי מקרקעין בישראל - הדף הרשמי,לשכת שמאי המקרקעין,≤100
164514821050422,בועז שלמה לראשות המועצה האזורית לכיש,בועז שלמה לראשות המועצה האזורית לכיש,≤100
615531405455497,הדר לביא,הדר לביא,≤100
255984187851688,מועצה אזורית יואב,מועצה אזורית יואב,≤100
1541559162728136,רדיו תשעים,רדיו תשעים,≤100
1985203285097720,התנועה לטוהר המידות,התנועה לטוהר המידות,≤100
131348450275908,אלי דוקורסקי - ראש עיריית קריית ביאליק,אלי דוקורסקי - ראש עיריית קריית ביאליק,≤100
281384345213838,"אירם גל - גל משרד עורכי דין, מומחים לנדל""ן במושבים ובקיבוצים","אירם גל - גל משרד עורכי דין, מומחים לנדל""ן במושבים ובקיבוצים",≤100
409950982465636,Dan Illouz en français,Dan Illouz en français,≤100
125091411019052,שושי כחלון-כידור,שושי כחלון-כידור,≤100
106396902115076,فادي عراقي مهنية - ارادة - قدرات,فادي عراقي مهنية - ارادة - قدرات,≤100
105739405877681,יחיאל לסרי - Yechiel Lasry,יחיאל לסרי,≤100
107570621520073,אמיר ווסקו לראשות העיר קריית ים,אמיר ווסקו לראשות העיר קריית ים,≤100
207175656718749,אביהו האן לראשות עיריית חיפה,אביהו האן לראשות עיריית חיפה,≤100
1244297295663794,שלמה נאמן - Shlomo Neeman,שלמה נאמן - Shlomo Neeman,≤100
110666185245278,יעלה - דרך חדשה לראשות מ.א. מגידו,יעלה - דרך חדשה לראשות מ.א. מגידו,≤100
740979979265707,פורום דרור בליכוד,פורום דרור בליכוד,≤100
106285879037393,אודי דניאלי לראשות מועצת באר טוביה,אודי דניאלי לראשות מועצת באר טוביה,≤100
142126569140353,"אלו""ט",These ads ran without a disclaimer,≤100
137106982984147,ידיעות אחרונות Yedioth Ahronoth,These ads ran without a disclaimer,≤100
150379685414797,MAOMI,These ads ran without a disclaimer,≤100
109468687259803,BetterMen: Workout Planner,These ads ran without a disclaimer,≤100
456851011739495,Housecoast,These ads ran without a disclaimer,≤100
111416286896380,Institute of National Remembrance,These ads ran without a disclaimer,≤100
104002928883686,Somatic Institute For Women,These ads ran without a disclaimer,≤100
7783116506,Animals Asia,These ads ran without a disclaimer,≤100