﻿Page ID,Page name,Disclaimer,Amount spent (RON)
990747367737692,Cătălin Drulă,Uniunea Salvați România,226
181375448581167,Partidul Naţional Liberal,Partidul Național Liberal,≤100
1559885467641191,Râul Alb,Râul Alb,≤100
275621429636078,Fără Penali în Funcții Publice,Fără Penali în Funcții Publice,≤100
686190454826244,Declic,Declic,≤100
178362315106,European Parliament,European Parliament,≤100
113009310432947,Ilie Cheșa,Ilie Cheșa,≤100
321890494859228,Vlad Gheorghe,Vlad Gheorghe,≤100
163943696987223,Ziarul Puterea,Ziarul Puterea,≤100
181375448581167,Partidul Naţional Liberal,Partidul National Liberal,≤100
114319753592403,AFACERI.news,Trend Communication,≤100
248982342234388,Booklet Educational,These ads ran without a disclaimer,≤100
100154552860227,Alina Sperlea,Alina Sperlea,≤100
108295090637741,ASAP România,Fundatia The Institute,≤100
1058116737612843,USR,Uniunea Salvați România,≤100
149371012371397,Newsweek Romania,Newsweek Romania,≤100
1395939193764858,Marcel Ciolacu,Partidul Social Democrat,≤100
708767705922205,Eurotrans Alapítvány,Eurotrans Alapítvány,≤100
291177524360702,Partidul Social Democrat,Partidul Social Democrat,≤100
333606539787,UNICEF Romania,UNICEF Romania,≤100
988607871174850,Grupul de Investigatii Politice,Grupul de Investigatii Politice,≤100
1156150484398630,MozaiQ,MozaiQ,≤100
144709575593854,EESC - European Economic and Social Committee,EESC - European Economic and Social Committee,≤100
102743169253473,Reciclăm în România,Reciclăm în România,≤100
278117815576023,EU Justice and Consumers,EU Justice and Consumers,≤100
731035500293728,Siegfried Muresan,Siegfried Muresan,≤100
104369154745548,Diana Stoica,Diana Stoica,≤100
260365460647855,Mircea Geoana,Mircea Geoana,≤100
181235723048,Romanian Angel Appeal,Romanian Angel Appeal,≤100
360828814115641,Asociatia Slujire Crestina,Asociatia Slujire Crestina,≤100
104217171285776,Asociația Industriei Lemnului - Prolemn,Asociația Industriei Lemnului - Prolemn,≤100
340365952736683,Alin Nica,Alin Nica,≤100
104417752138292,Claudiu Târziu,Claudiu Târziu,≤100
110410867220680,Raoul Trifan,USR Timiș,≤100
527351247377965,European Committee of the Regions,European Committee of the Regions,≤100
1145522045624751,Filip Havarneanu,Filip Havarneanu,≤100
189728367297,WWF Romania,WWF Romania,≤100
105478525821976,Gheorghe Cârciu,Partidul Social Democrat,≤100
102474776185233,Bejinaru Ion Bogdan,Bejinaru Ion Bogdan,≤100
181221645364365,Carmen Avram,Carmen Avram,≤100
100984538456634,Florin Barbu,Florin Barbu,≤100
102106432515274,Partidul Patriotilor,Partidul Patriotilor,≤100
104484254797326,Laura Vicol,Deputat Laura Vicol,≤100
138896782840976,Biroul Parlamentului European în România,Biroul Parlamentului European în România,≤100
111994702189326,Săptămâna Financiară,Săptămâna Financiară,≤100
1157480384268430,Partidul Umanist Social Liberal PUSL Sediul Central,Partidul Umanist Social Liberal,≤100
155660124610237,Centrul de Studii Europene SNSPA,Centrul de Studii Europene SNSPA,≤100
200813406761691,Corina Cretu,Corina Cretu,≤100
177708185581280,Erdélyi Magyar Szövetség,Erdélyi Magyar Szövetség,≤100
101422251500208,Calin Groza,Calin Groza,≤100
1024698440918384,Gheorghe Valentin Rotar - Primar,Gheorghe Valentin Rotar - Primar,≤100
220579784732993,Daniel Buda,Daniel Buda,≤100
494469087244449,Eugen Tomac,Eugen Tomac,≤100
102601499822802,RMDSZ,RMDSZ,≤100
293443534092169,Victor Negrescu,Victor Negrescu,≤100
341037705981172,Humanitas,Humanitas,≤100
101161965173287,Ropres.RO,Ropres.ro,≤100
360184320712594,Raluca Turcan,Partidul Naţional Liberal,≤100
104321838832682,10TV România,10TV România,≤100
600025356762034,Carina Pflege Locuri de munca Germania,Olimpia Schugar,≤100
163950740830769,Gaz De Romania,Gaz De Romania,≤100
186612088034700,Facias - Fundatia pentru Apararea Cetatenilor Impotriva Abuzurilor Statului,FACIAS,≤100
109445158308624,De fapt,DeFapt.ro,≤100
109983011774065,Proiectul Romania 2030,Sociallite Media Solutions,≤100
153754291326316,Calea Europeană,European Media Connections,≤100
100652609752169,Proiect PROeducatie,Webshake SRL,≤100
112130176975380,Radu Ghidău,Radu Ghidău,≤100
109219267650851,Patriciu Achimaș-Cadariu,Patriciu Achimaș-Cadariu,≤100
1190871690932388,New Star Online TV,NewStarOnlineTV,≤100
308475693108961,USR Sălaj,USR Sălaj,≤100
2443020582586584,Romania Eficienta,Romania Eficienta,≤100
577713115733948,Clubul Profesorilor din Romania,These ads ran without a disclaimer,≤100
106520174672768,Cosmin Tabără,Cosmin Tabără,≤100
338465666278028,Cristian Niculescu Țâgârlaș,PNL Maramureş,≤100
107029625474765,Nicușor Halici,PSD Vrancea,≤100
526553594496566,Ramona Strugariu,Ramona Strugariu,≤100
174794259264098,FDP - Protagoniști în educație,Asociația FDP - Protagoniști în Educație,≤100
696290697197961,Nicu Fălcoi,Nicu Fălcoi,≤100
939093039450192,PS News,PS News,≤100
137651470305528,Federația Patronală Petrol și Gaze,Federatia Patronală Petrol și Gaze,≤100
370816919755641,Bogdan Huţucă,Partidul National Liberal- Filiala Constanta,≤100
821269587938298,Alina Gorghiu,Alina Gorghiu,≤100
129995860397891,CursDeGuvernare.ro,Varianta Media,≤100
188113901227053,Maszol.ro,Maszol.ro,≤100
103485715128042,Gazetarii.RO,Gazetarii.RO,≤100
420715668274767,LARICS - Laborator pentru Analiza Războiului Informaţional,LARICS,≤100
108073928924572,Vocea Dacilor,Vocea Dacilor,≤100
321896004518929,Ioan Mang,Ioan Mang,≤100
344517529430253,Senatul Științific,Senatul Stiintific,≤100
502514186907494,Apa Noastră,Apa Noastră,≤100
100491781650498,Premierul Nostru,Premierul Nostru,≤100
552203444833617,e.on,These ads ran without a disclaimer,≤100
289324877762564,Expert Forum (EFOR),Expert Forum (EFOR),≤100
1750327845246533,USR Maramureș,USR Maramureș,≤100
956355914376802,Bogdan Ivan,These ads ran without a disclaimer,≤100
109698443782412,Tatu Ioan-Mihai,Tatu Ioan-Mihai,≤100
102410783138358,Anuntul Telefonic,Anuntul Telefonic SRL,≤100
442721279504718,Elena Grosu,Elena Grosu,≤100
100283236029049,Scutul.ro,Scutul.ro,≤100
110269665165774,Florin Marin Dibluș   artist,These ads ran without a disclaimer,≤100
932511363436611,Cristian Dima,Cristian Dima,≤100
1634415100191327,Oana Marciana Özmen,Oana Marciana Özmen,≤100
100752815283032,Anchetatorii.ro,Anchetatorii.RO,≤100
101763692272709,Avocat Ciuchi Elena-Corina,Cabinet de Avocat CIUCHI Elena-Corina,≤100
108993054194031,Andrei Postică,Andrei Postică,≤100
1498149113813076,Florin Cîţu,Florin Cîţu,≤100
160389004118249,Iulian Dumitrescu,Iulian Dumitrescu,≤100
192365285011395,Si eu reusesc,A.L.E.G.,≤100
509479962851716,Alexandru Kocsis,Romanii trebuie sa stie,≤100
169962753021439,A.L.E.G.,A.L.E.G.,≤100
1802656310012700,Constantin Şovăială,Constantin Şovăială,≤100
1128229287275038,Silvia Dinică,Silvia Dinică,≤100
105692325707556,Verde’n’Ghete,Verde’n’Ghete,≤100
109849657256655,60m.RO,60M.RO,≤100
111105537419564,Oana Murariu,Oana Murariu,≤100
1560147330888040,Winkler Gyula,Winkler Gyula,≤100
100750288081463,Partidul România în Acțiune,Partidul Romania in Actiune,≤100
220579784732993,Daniel Buda,These ads ran without a disclaimer,≤100
103749027864591,Florentina Luca Moise,Florentina Moise,≤100
1078410485624321,Replica - INFO HD,Replica - INFO HD,≤100
103720355096432,ProPublica.RO,ProPublica.RO,≤100
104550061381109,Political.RO,Political.RO,≤100
204648893268835,Moga Liliana,Moga Liliana,≤100
105860297893714,Alin Prunean,Alin Prunean,≤100
104793855473920,Strategikon,ASOCIATIA CENTRUL DE RELATII EXTERNE,≤100
111259651988418,USR Tineret Bacău,USR Bacău,≤100
108877955100176,We Love Music Festival,These ads ran without a disclaimer,≤100
101983854866860,DigiPres,DIGIPRES.RO,≤100
101462959574536,Agrocentrala,Agrocentrala,≤100
111640451835186,Asociația Tinerilor din Administrația Publică - ATAP,Asociația Tinerilor din Administrația Publică,≤100
116634326439880,Mindcraft Stories,These ads ran without a disclaimer,≤100
110137077322546,Kovács Mihály Levente,Kovács Mihály Levente,≤100
103359025738044,Justice Initiative Romania,These ads ran without a disclaimer,≤100
180572055826392,DKV Mobility,These ads ran without a disclaimer,≤100
108625789179165,Soi Dog Foundation,These ads ran without a disclaimer,≤100
141820739329241,UNHCR România,These ads ran without a disclaimer,≤100
630809920303095,Erasmus+,These ads ran without a disclaimer,≤100