﻿Page ID,Page name,Disclaimer,Amount spent (USD)
104297524912070,NEXT 30,NEXT 30,≤100
2067638313463202,Mongolian Financial Exchange,These ads ran without a disclaimer,≤100
339646519820476,Garden City хотхон,Garden City хотхон,≤100
102488728170576,Гантөмөрийн Түвдэндорж Tuvdendorj Gantumur,Tuvdendorj Gantumur,≤100
1632521350369406,САЙН онлайн дэлгүүр,Tsatsral Tumen,≤100
109352650803239,"Улсын эрх ашиг, тусгаар тогтнолын нам FB page",Batjargal Gochoosuren,≤100
110766893779395,Одон орон зурхай судлал Д.Жавхлан,Одон орон зурхай судлал Д.Жавхлан,≤100
110288928735140,Etugen Art Exhibition,These ads ran without a disclaimer,≤100