﻿Page ID,Page name,Disclaimer,Amount spent (USD)
158183830897328,Bellewarmedia - بلوار ميديا,Bellewarmedia - بلوار ميديا,≤100
110016112069980,النائب إسلكو ولد ابهاه,النائب إسلكو ولد ابهاه,≤100
104549069276016,الشـعب - El Chaab,الشـعب - El Chaab,≤100
116731931398331,زين العابدين المنير الطلبه_ Zeine Alabidine El Mounir Toulba,These ads ran without a disclaimer,≤100
107424440982021,Eekad - إيكاد,These ads ran without a disclaimer,≤100