﻿Page ID,Page name,Disclaimer,Amount spent (BRL)
104625758942119,Siga Antenado,"ASSOCIACAO ADMINISTRADORA DA FAIXA DE 3,5 GHZ - EAF",1222
425350744240843,Comitê Internacional da Cruz Vermelha,Comitê Internacional da Cruz Vermelha,156
106558185227603,BP Select,Brasil Paralelo Entretenimento e Educação S/A,150
173698339802515,Rafael Brito,Rafael Brito,141
171169022896525,Guaraná Antarctica,Ambev,≤100
112830251033781,Tiger,GRUPO HEINEKEN,≤100
301774903545521,Brasil Paralelo,Brasil Paralelo,≤100
121116005943892,Saúde Não Se Pesa,NOVO NORDISK FARMACÊUTICA DO BRASIL LTDA,≤100
224777780881144,Visão Mundial,Visão Mundial,≤100
101230328792183,Portal Concursos & OAB,PORTAL CURSOS PREPARATORIOS E OAB LTDA,≤100
198849783539777,Buscofem,Buscofem,≤100
159103797542,Greenpeace Brasil,Greenpeace Brasil,≤100
360125334431298,Renova BR,ASSOCIAÇÃO RENOVA BR,≤100
298903703477524,União Europeia no Brasil,Delegação da União Europeia no Brasil,≤100
110418455214538,Bernardo K.,Filhos do Trovão,≤100
165175370206522,Citi Brasil,Citi Brasil,≤100
163893463708223,Marcelo Vitorino,Vitorino & Mendonça,≤100
435467973165066,Fundação Ulysses Guimarães Nacional,Fundacao Ulysses Guimaraes,≤100
101189854802059,Revista Oeste,Revista Oeste,≤100
106812122300948,Angela Mendez,These ads ran without a disclaimer,≤100
330379553673497,Oxfam Brasil,Oxfam Brasil,≤100
109272165397476,Gerson Aragao,SCIREJUS APLICATIVOS JURIDICOS LTDA,≤100
422665284772249,Fernando Ulrich,Liberta Agentes Autonomos de Investimentos S/s LTDA,≤100
107545594457268,danilyra40,Daniela Cardoso Magalhães Lyra,≤100
104498669210628,Gustavo Rodrigenes,Assinatura Direito,≤100
113005112093720,Aldo Solar,Aldo Solar,≤100
258088921369,TOTVS,TOTVS,≤100
742018955991675,Leonardo Dias,LEONARDO DA FONSECA DIAS,≤100
109918909035681,Cerveja Brahma Oficial,Ambev,≤100
100714109620601,O Amor está no ar,IR COMERCIO E SERVICOS DIGITAIS LTDA,≤100
100323963005666,Extra Extra,These ads ran without a disclaimer,≤100
170238043113891,Professor Rômulo Passos,Romulo Silva Passos,≤100
7970426802,WWF-Brasil,WWF-Brasil,≤100
115558703488480,IDP Online,Instituto Brasiliense de Direito Publico,≤100
111762505178519,Renova credito,These ads ran without a disclaimer,≤100
252086658173120,Movimento Mulher 360,Movimento Mulher 360,≤100
350338089341698,ASA Investments,ASA Investments,≤100
333720355130,Petrobras,Petrobras,≤100
132804480113814,PwC Brasil,PwC Brasil,≤100
108742321417244,Gerson Aragão,SCIREJUS APLICATIVOS JURIDICOS LTDA,≤100
105520569004820,Absolar Comunica,Associação Brasileira de Energia Solar Fotovoltaica,≤100
113165042099382,Brasil 61,Brasil 61,≤100
239977579362882,Blue3,Blue3 Investimentos,≤100
107809564197704,Cetur - Conselho Empresarial de Turismo da CNC,"CONFEDERACAO NACIONAL DO COMERCIO DE BENS, SERVICOS E TURISMO - CNC",≤100
778733512225813,ABIMO,ABIMO,≤100
107493882276631,Renova Credito,These ads ran without a disclaimer,≤100
1555937724629128,Comitê Guandu - RJ,Comite Guandu RJ,≤100
201878973201295,Republicanos10,Republicanos10,≤100
103809779034193,Valeriote Cursos e Consultoria,Valeriote Cursos e Consultoria,≤100
107742651063250,Academia de Pesquisa,Academia Brasileira de Formação e Pesquisa,≤100
252724831483239,EBEC,These ads ran without a disclaimer,≤100
106308415121143,Politique - Detalhamento de Votos,PRATIC SERVIÇOS EM TECNOLOGIA DA INFORMAÇÃO LTDA,≤100
103273558663914,Lelo Maia,These ads ran without a disclaimer,≤100
665498620499336,"O Novo Legislativo, por Renata Cunha",Instituto Renata Cunha,≤100
193719533998484,Fundação Fernando Henrique Cardoso,Fundação FHC,≤100
1791040007779382,Excelência Educação,Excelência Educação,≤100
106670505267397,O Diário da Capital,DIARIO DA CAPITAL PUBLICIDADE E COMUNICACAO LTDA,≤100
127789930632668,Conectas Direitos Humanos,Conectas Direitos Humanos,≤100
193453904723542,Mateus Braga,Mateus Carlos Da Silva Braga,≤100
358687161234,Proteção Animal Mundial,Sociedade Mundial de Proteção Animal - WSPA BRASIL,≤100
105756885057541,Impacto Musa,These ads ran without a disclaimer,≤100
112778851729160,Longevidade e Saúde Pública,GROWTH HUB DIGITAL LTDA,≤100
241839765912021,Estratégia Concursos,ESTRATÉGIA CONCURSOS SA,≤100
1498647100170828,Prefeitos do Futuro,Prefeitos do Futuro Cursos e Treinamentos LTDA,≤100
109591311961445,Brasil em Ruínas,Marco Aurelio Machado,≤100
111186368956008,Academia Brasileira de Direito Constitucional,ABDConst,≤100
173480706086444,The Nature Conservancy Brasil,The Nature Conservancy Brasil,≤100
1698457923556593,SomosCoop,These ads ran without a disclaimer,≤100
102275945221840,Portal Tucumã,Portal Tucumã,≤100
108147365877214,Canal Futura,Fundação Roberto Marinho,≤100
110094241447016,jorgedamiao,These ads ran without a disclaimer,≤100
109785372399873,IAB - Instituto dos Advogados Brasileiros,Instituto dos Advogados Brasileiros,≤100
110225312350543,Nova Escola,Associação Nova Escola,≤100
144522665592650,DevMedia,DevMedia,≤100
458245938056642,LIMPA MEU NOME,Andre Serra,≤100
446633805423159,Instituto Vera Cruz,Instituto Vera Cruz,≤100
446733592386057,Mais Inclusão no Mundo,Mais Inclusão no Mundo,≤100
403991616637353,MEU TUDO,These ads ran without a disclaimer,≤100
100475402294243,Consciência Brasil,Felipe Gabriel Coelho Gomes,≤100
308976223304,Tintas Coral,Akzonobel,≤100
112260971515571,ESG Academy,WAYCARBON SOLUCOES AMBIENTAIS E PROJETOS DE CARBONO S.A.,≤100
117064774590247,debbievillela,These ads ran without a disclaimer,≤100
149518311835447,Renata Bueno,Renata Bueno,≤100
1016014891780524,Estratégia Carreira Jurídica,ESTRATEGIA CONCURSOS SA,≤100
2323904661180742,All Out Brasil,All Out,≤100
107318201742773,Gerador de Votos,Carlos Bomfim,≤100
101933305564897,Promic,Riole,≤100
104738421003389,InvestNews BR,Easynvest,≤100
128802790469337,Todos Pela Educação,Todos Pela Educação,≤100
101687831462814,"Rodrigo Andrade, A Real Mudança",Rodrigo Andrade,≤100
1700227383437806,OC Advogados,Oliveira e Carneiro Sociedade de Advogados,≤100
307107992664854,Editora do Brasil,These ads ran without a disclaimer,≤100
729713163710997,ADIMB,These ads ran without a disclaimer,≤100
540247616482635,Nohs Somos,Nohs Somos,≤100
1490922331155430,Unicursos Curitiba,UNICURSOS CAPACITAÇAO E TREINAMENTOS LTDA,≤100
123884341029248,João Jorge,JOÃO JORGE DE SOUZA,≤100
359871157981726,Decorando a Lei Seca,Decorando a Lei Seca,≤100
145608108896911,Frente Parlamentar da Agropecuária - FPA,Instituto Pensar Agropecuária,≤100
254048208839562,Tesouro Direto,These ads ran without a disclaimer,≤100
106206361334270,Marketing Político de Conteúdo,Samuel Jacques,≤100
255804437808407,Vale,Vale,≤100
172444996112900,Fundo Brasil,Fundo Brasil,≤100
518015004918179,Professor Júnior Geo,José Luiz Pereira Junior,≤100
111006700550820,Cenarium Amazônia,CENARIUM AGENCIA DE NOTICIAS EIRELI,≤100
633578433500190,Rede Essent Jus,ESSENT JUS CONTABILIDADE E CONSULTORIA LTDA,≤100
187970114581051,Anistia Internacional Brasil,Anistia Internacional Brasil,≤100
649566832145349,Informe Digital,Interativa Serviços de Marketing Ltda,≤100
355911231202401,Luiz Antonio Medeiros,Luiz Antonio De Medeiros Neto,≤100
104161123005913,Fundação Tide Setubal,Fundação Tide Azevedo Setubal,≤100
114545680471703,Pedro Quintanilha - Mentalidade Empreendedora,Eduardo Lima Ferreira,≤100
102027192652944,Longevidade 2022,These ads ran without a disclaimer,≤100
263199020531986,JOTA,JOTA,≤100
102028188557585,ad.plural,These ads ran without a disclaimer,≤100
163893463708223,Marcelo Vitorino,IDP,≤100
109035410960136,Tag Gás Br,These ads ran without a disclaimer,≤100
182616463363224,Conecta Gabinete,Conecta Gabinete,≤100
755979534560972,Instituto Liberta,Instituto Liberta,≤100
216425768503772,Jorge Lapas,Jorge Lapas,≤100
102956099378764,Eduardo Helaehil,These ads ran without a disclaimer,≤100
107063348442736,Cultura Jurídica,FMR - CURSOS ONLINE LTDA,≤100
803564043024013,Breno Mendes,These ads ran without a disclaimer,≤100
1451224711778737,RJ Investimentos,RJ Investimentos,≤100
103039778175459,Hospitais PROADI-SUS,HCor,≤100
113197840331191,Comunikey - Agência de Marketing e Publicidade,Iveson Gabriel Basileu De Oliveira Lima,≤100
363140553718136,Epoch Times Brasil,EPOCH TIMES BRASIL LTDA,≤100
101861558220747,One Passion Mission,One Passion Mission,≤100
102685639231884,Realize.Content,These ads ran without a disclaimer,≤100
108668858515535,delevenatese,These ads ran without a disclaimer,≤100
228909183838663,Fundação Demócrito Rocha,Ismael Pereira Da Costa,≤100
103779715064518,Uma Concertação pela Amazônia,Instituto Arapyaú de Educação e Desenvolvimento Sustentável,≤100
2544666325578449,Eleja.se,Eleja.se,≤100
599004516880467,ABRIG - Associação Brasileira de Relações Institucionais e Governamentais,Associação Brasileira de Relações Institucionais e Governamentais,≤100
454225234639209,Vereadora Edir Sales,Edir Sales,≤100
2304417933138888,Fabricio Corrêa - Marketing Político,FABRICIO CORREA,≤100
104553347942750,Eder Borges,Eder Fabiano Borges Adao,≤100
1632845003624410,Lúcio Sorge,Lucio Sorge,≤100
102871027744138,Cardoso de Oliveira Advogados,Cardoso de Oliveira Advogados,≤100
456485074374104,Sindipetro SP,SINDICATO DOS TR NAS IN DE EX PE PR RE DE AR DI E TRA ATRAVES DE DU E IM DE PE DE E SI DOS EST DE SP GO E D FEDERAL,≤100
107279402197798,escoladaenergia_,These ads ran without a disclaimer,≤100
111820257676088,educastrojr,These ads ran without a disclaimer,≤100
106623079444681,INLEGIS,INLEGIS,≤100
511088952358805,Vereadora Márcia Socorristas Animais,Marcia Helena Martins Henrique,≤100
103483818151512,Janaina Castro,Janaina Castro,≤100
1528883990668811,Cepuerj - Centro de Produção da Uerj,Centro de Produção da UERJ,≤100
313093565559804,Pondá Assessoria,These ads ran without a disclaimer,≤100
100223208398813,Musquée,These ads ran without a disclaimer,≤100
1399019833557281,Fernanda Machado,These ads ran without a disclaimer,≤100
107622751838892,Roberval Castro,Roberval Castro,≤100
104486751876738,Tenente Coronel Zucco,Luciano Zucco,≤100
1459364967727482,Comunidade de Silvicultura,Comunidade de Silvicultura,≤100
102248571167551,Delegada Gleide Ângelo,Gleide Nascimento Angelo,≤100
103654108205888,Fonasefe,CAJUINA PRODUÇÕES E MÍDIA DIGITAL,≤100
113577637051650,Allugator Invest,These ads ran without a disclaimer,≤100
265312144321652,Patriarca-Cidadania Italiana,Giuliana Callia,≤100
1578235319127195,Seiko Brasil,ORIENT RELOGIOS DA AMAZONIA LTDA,≤100
429309847129487,Instituto de Arquitetos do Brasil,INSTITUTO DE ARQUITETOS DO BRASIL – IAB,≤100
1641991982711846,CBIC Brasil,Câmara Brasileira da Indústria da Construção,≤100
386384768194437,Agenda em Foco,Agenda em Foco,≤100
102551538798020,Historiadelas,Historiadelas,≤100
1513585108888249,Syngenta,Syngenta,≤100
500679196780578,Instituto Ekos Brasil,Instituto Ekos Brasil,≤100
102765066092634,Joao Bragal,These ads ran without a disclaimer,≤100
106452307573162,Professora Vilma Ribeiro,These ads ran without a disclaimer,≤100
962615323779536,Progressistas,PROGRESSISTAS - BRASIL - BR - NACIONAL,≤100
104514725151901,a hora do dinheiro,Victor Pinto Amatucci,≤100
1226266534074363,Januário Máquinas,These ads ran without a disclaimer,≤100
1313633058744565,Impulsiona,Instituto Península,≤100
101321981647613,Instituto Montese,Instituto Montese,≤100
132804480113814,PwC Brasil,Pedro Martins,≤100
1990589534564935,CMP Brasil,CMP Central de Movimentos Populares,≤100
101643312870696,RJ Empreendimentos,RJ EMPREENDIMENTOS DIGITAIS LTDA,≤100
111574444946646,Gerenciador de anuncios,These ads ran without a disclaimer,≤100
103581304496692,Somosnormandia,These ads ran without a disclaimer,≤100
319356418132318,Gestos,Gestos Soropositividade Comunicação e Gênero,≤100
185875761943,MDB Nacional,MOVIMENTO DEMOCRÁTICO BRASILEIRO,≤100
196548557024498,FACESP - Federação das Associações Comerciais do Estado de São Paulo,Facesp,≤100
117560837929024,1julianasousa,These ads ran without a disclaimer,≤100
269116656508331,Faaftech Soluções Inteligentes,These ads ran without a disclaimer,≤100
170773429643671,"Rádio Alvorada FM 94,9",Rádio Alvorada,≤100
1664625240493495,Alexandro Suchara,These ads ran without a disclaimer,≤100
109118424995773,Endocrinopapers,These ads ran without a disclaimer,≤100
105134635464611,Welder Rodrigues Lima,These ads ran without a disclaimer,≤100
105830294740129,Projeto CITinova,Social Comunicação,≤100
103586255620966,Portal O Judiciário,Interativa Serviços de Marketing Ltda,≤100
657652651004518,A Hora do Voto,A Hora do Voto,≤100
262695407258466,StartSe,These ads ran without a disclaimer,≤100
239624862864871,Relatório Reservado,Hush Comunicação,≤100
106537248314817,Programa 4 por 4,Brasil Media House,≤100
1901525780074995,Portal Pontual,Pontual pesquisas e mídias Eireli,≤100
106695688160996,Lesco Revestimentos,These ads ran without a disclaimer,≤100
481960978885807,Paula Belmonte,PAULA MORENO PARO BELMONTE,≤100
147258388715323,Fundação Luterana de Diaconia (FLD),Fundação Luterana de Diaconia,≤100
415540188621036,Marco Jean de Oliveira Teixeira - Advogado,Marco Jean de Oliveira Teixeira,≤100
110299807831549,Vem Ser Comerc,These ads ran without a disclaimer,≤100
193453687358589,Arthur Virgílio,Arthur Virgilio Neto,≤100
101424889466742,GoAll Mobi,These ads ran without a disclaimer,≤100
106617988251761,A Máquina Pública,Bernardo Matos,≤100
844549288949778,IBPAD - Instituto Brasileiro de Pesquisa e Análise de Dados,IBPAD - INSTITUTO BRASILEIRO DE PESQUISA E ANALISE DE DADOS LTDA - ME,≤100
500679196780578,Instituto Ekos Brasil,These ads ran without a disclaimer,≤100
1553861078258517,Editora Geração Digital,These ads ran without a disclaimer,≤100
114757837024635,maepretaamarela,These ads ran without a disclaimer,≤100
106196708183187,Igor Psicólogo,These ads ran without a disclaimer,≤100
100895138405952,embaixadatcheca,These ads ran without a disclaimer,≤100
555803774486872,Marcio Bittar,Marcio Miguel Bittar,≤100
1057366570960060,Secretaria do Desenvolvimento Econômico e Trabalho do Estado do Ceará,These ads ran without a disclaimer,≤100
189037821224252,Tvprefeito,Jardanes Francisco De Barros Oliveira,≤100
210467206143608,Portal de Prefeitura,Portal de prefeitura,≤100
109354687306376,Instituto Conhecimento Liberta,Instituto Conhecimento Liberta,≤100
474659352681433,Scaff,JOSE ANTONIO SCAFF FILHO,≤100
102798938074522,draedilenegalvao,These ads ran without a disclaimer,≤100
106896372083988,Mapas Históricos,Diogo Rodrigues,≤100
104876768532978,Luiza Velloso,These ads ran without a disclaimer,≤100
109863098668466,Larissa Patos,These ads ran without a disclaimer,≤100
2012142269028425,Vinícius Mariño - Investidor Sempre em Alta,Dionei Marino,≤100
226121024066240,WRI Brasil,WRI Brasil,≤100
111981764977985,Elton de Castro,Instituto Tavares,≤100
305651513406657,Preta Comunicologa,These ads ran without a disclaimer,≤100
110190561574954,Inst. Conhecimento Liberta,These ads ran without a disclaimer,≤100
108680087465346,Marcelo Britto,These ads ran without a disclaimer,≤100
232264546798998,Portal do Marcos Santos,Portal Marcos Santos,≤100
344484892246127,CCE - PUC- Rio,FACULDADES CATOLICAS,≤100
251565088803687,DRD Advogados,DRD Advogado,≤100
252039235333954,EntreLetras Redação - Escola de Redação,These ads ran without a disclaimer,≤100
113650866857533,Diversitera,Diversitera,≤100
238230449635488,Farmpro,These ads ran without a disclaimer,≤100
197698930267127,Alana,These ads ran without a disclaimer,≤100
100372545422728,Gazeta do Povo Negócios,EDITORA GAZETA DO POVO S/A,≤100
2398669613511168,Vereador Cabo Cassol,Max Rocha,≤100
105010585854285,Metanews,These ads ran without a disclaimer,≤100
1168808356551035,Vereador Dr. Rodrigo Furtado,Rodrigo Cezar Furtado De Almeida,≤100
108062465226365,manoelvictorfs,These ads ran without a disclaimer,≤100
107139858805696,Tributário na Prática,These ads ran without a disclaimer,≤100
290571231086443,Abrão Filho Banking & Câmbio,Abrão Filho Banking & Câmbio,≤100
1347323285284021,Fenamp,FENAMP,≤100
238761896484083,Rosana Valle,Rosana Valle,≤100
106640534607071,gandrawallace,These ads ran without a disclaimer,≤100
110091161890937,paulospositooficial2,These ads ran without a disclaimer,≤100
278586735582785,Luciano Rezende,These ads ran without a disclaimer,≤100
104172595430500,alineeldebsadvogada,These ads ran without a disclaimer,≤100
104304428170764,Mestech Engenharia Solar,These ads ran without a disclaimer,≤100
179345652249974,Eleonora Rosset,These ads ran without a disclaimer,≤100
1008846355811866,Lincoln Reis,Lincoln Reis,≤100
125180200888742,Instituto Estre,These ads ran without a disclaimer,≤100
282802611759257,MidiaJur - Jornalismo Plural,Midiajur,≤100
100250899521649,Vereador JOEL VITOR,These ads ran without a disclaimer,≤100
102638889119894,Conexões Grupar,Grupo de Apoio ao Paciente Reumático Brasil,≤100
100696382828566,blogdowallace,These ads ran without a disclaimer,≤100
101860049874361,Australian Centre,LEANDRO PANTONI FANTINI . W,≤100
106046208316371,Vida em Portugal,These ads ran without a disclaimer,≤100
101946104864135,Motta e Assumpção Advogados,These ads ran without a disclaimer,≤100
107794742248141,Mariana Jimenez,Santiago Botero Jimenez,≤100
102718812347801,Beatriz Corrêa,These ads ran without a disclaimer,≤100
103998855942730,Amor ao mundo inteiro.,These ads ran without a disclaimer,≤100
1561397794177163,Assibge/SN - Sindicato nacional dos trabalhadores do IBGE,ASSIBGE SN,≤100
277851768898453,ecalculos.com.br,These ads ran without a disclaimer,≤100
216302945094085,Condsef,Confederação dos Trabalhadores no Serviço Público Federal (Condsef),≤100
107008675636465,Pé de Pano Loja Geek,These ads ran without a disclaimer,≤100
100491222417863,Clarissanevesprof,These ads ran without a disclaimer,≤100
100424335377217,Revin,These ads ran without a disclaimer,≤100
228301373863551,Agência Pública,Agência Pública,≤100
347742876973,ADPF - Associação Nacional dos Delegados de Polícia Federal,Associação Nacional dos Delegados de Polícia Federal,≤100
548894025212905,Banda Biss,These ads ran without a disclaimer,≤100
667463076729677,UniGospel,UniGospel,≤100
115172553721431,Perfil Brasil,Grupo Perfil,≤100
396626607095420,Magda Mofatto,Magda Mofatto,≤100
325242681146804,Tia Nádia,These ads ran without a disclaimer,≤100
243880102298855,O Catequista,These ads ran without a disclaimer,≤100
359871157981726,Decorando a Lei Seca,These ads ran without a disclaimer,≤100
101642379421644,Instituto Lima Verde,These ads ran without a disclaimer,≤100
207518726005432,PSTU Nacional,PSTU,≤100
139007399495933,Fundação SOS Mata Atlântica,FUNDACAO S.O.S. PRO-MATA ATLANTICA,≤100
111072768573924,Consciência Brasil São Paulo,Felipe Gabriel Coelho Gomes,≤100
103783715887424,Sonia Aparecida Dos Santos,These ads ran without a disclaimer,≤100
106127948914398,Sinobilino Pinheiro,These ads ran without a disclaimer,≤100
671568379635840,Ame Brasil,These ads ran without a disclaimer,≤100
108147365877214,Canal Futura,These ads ran without a disclaimer,≤100
108898865450823,enbragedi,These ads ran without a disclaimer,≤100
100912048975738,Kinea Investimentos,These ads ran without a disclaimer,≤100
579315889070819,Flávio Cavalcante,These ads ran without a disclaimer,≤100
1915028175242169,Ana Paula Freiberger,These ads ran without a disclaimer,≤100
445401338988450,Direito Previdenciário com Salomão Boanerges,These ads ran without a disclaimer,≤100
108904365035534,Luana Doarte,Luana Doarte,≤100
101567918733930,Pioneiros do Transporte,These ads ran without a disclaimer,≤100
587458151714913,Professora e Mentora Vandinara Lopes,These ads ran without a disclaimer,≤100
100710735473325,IDP - SP,"Instituto Brasileiro de Ensino, Desenvolvimento e Pesquisa Idp - LTDA",≤100
104589671538071,Elevapromotora,These ads ran without a disclaimer,≤100
1694222100834813,Marcos Marques,These ads ran without a disclaimer,≤100
101571945380983,Ong UNA - Uma Nova Atitude,These ads ran without a disclaimer,≤100
481700035248845,CHC Advocacia,These ads ran without a disclaimer,≤100
103250269376914,ericamicheleadv,These ads ran without a disclaimer,≤100
1024840290996769,Lucas Pimenta,Lucas Pimenta,≤100
103519462419098,washington.andrade2601,These ads ran without a disclaimer,≤100
961171580741502,Vereador Gordinho Do Povo,Rodrigo Penasso Da Silva,≤100
1625000791110116,Caio Vinícius Designer,These ads ran without a disclaimer,≤100
105293154592504,Psi Adriane Cavalcante Magalhães,These ads ran without a disclaimer,≤100
114468841450876,marciamatostangua_,These ads ran without a disclaimer,≤100
101349122508290,Dr Sanquetta,These ads ran without a disclaimer,≤100
578229998997103,Centro de Direitos Humanos - CDH de Brusque,Centro de Direitos Humanos - CDH de Brusque,≤100
113010013796449,Viterbo&Barroso Advocacia Previdenciária  Especializada,These ads ran without a disclaimer,≤100
105981728707325,Amaral & Nobre Advogadas Associadas,These ads ran without a disclaimer,≤100
2117844631766178,ABIA - Associação Brasileira da Indústria de Alimentos,These ads ran without a disclaimer,≤100
108782560755928,Movimento Colabora Educação,Victor Pinto Amatucci,≤100
109914248423101,adv.anacarolininogueira,These ads ran without a disclaimer,≤100
107707805413967,Dicas Empresariais,These ads ran without a disclaimer,≤100
343810243473973,Uai Digital,Uai Digital,≤100
103829662580444,Daniel Lopez,Laiana Cavalcante Regis,≤100
107418452281147,Paulovetusta de Ibirité/MG,These ads ran without a disclaimer,≤100
415289115679206,Grupo Ibiraçu,These ads ran without a disclaimer,≤100
1634793176787385,GoBuzz,Gobuzz,≤100
100440424845197,Advocacia Previdenciária do zero - Prof. Thony Rennan,These ads ran without a disclaimer,≤100
104635545707315,HB Empréstimos,These ads ran without a disclaimer,≤100
101877846055356,bilafreitas,These ads ran without a disclaimer,≤100
101698949133179,Thais Cassano - Bequal,Thais Cassano - Bequal,≤100
177668646193017,Felipe Miranda,These ads ran without a disclaimer,≤100
419379612242834,Geraldo Honorato,Geraldo Honorato Santos De Oliveira,≤100
220441185110006,Deputado Amauri Ribeiro,Amauri Ribeiro,≤100
1840055949555538,Sargento Simões,Anderson Simoes,≤100
101928459402878,Show Money,NATURALE HEALTH PRODUTOS NATURAIS,≤100
598360290822187,observando.odireito,These ads ran without a disclaimer,≤100
289651834402687,Jornal Correio da Zona Oeste,These ads ran without a disclaimer,≤100
1389429587984302,Renato Antunes,Renato Antunes,≤100
2094268654143391,Coach Vitor Calvi,These ads ran without a disclaimer,≤100
670235443076053,Campus Party,These ads ran without a disclaimer,≤100
1518216038506999,CRI - Rádio Internacional da China,These ads ran without a disclaimer,≤100
101781449509803,Tenha Cidadania Italiana,These ads ran without a disclaimer,≤100
267264199961398,Change the World Model United Nations,These ads ran without a disclaimer,≤100
345451819506447,Ag.xperience,These ads ran without a disclaimer,≤100
103226945235684,RED NOSES Emergency Smile,These ads ran without a disclaimer,≤100
137775936298821,HoneyTrek,These ads ran without a disclaimer,≤100