﻿Page ID,Page name,Disclaimer,Amount spent (USD)
114735666574826,Formula • ფორმულა,TV Formula,≤100
137784719692774,საქართველოს მთავრობა,საქართველოს მთავრობა,≤100
225385184188101,ქართული ოცნება / Georgian Dream,ქართული ოცნება / Georgian Dream,≤100
110768738297837,ქართული ოცნების ქალთა ორგანიზაცია / GD Women,Georgian Dream,≤100
1709314685984193,სტრატეგია აღმაშენებელი • Strategy Aghmashenebeli,სტრატეგია აღმაშენებელი • Strategy Aghmashenebeli,≤100
220225047997169,"დევნილთა, შრომის, ჯანმრთელობისა და სოციალური დაცვის სამინისტრო","დევნილთა, შრომის, ჯანმრთელობისა და სოციალური დაცვის სამინისტრო",≤100
180568365331697,შერიგებისა და სამოქალაქო თანასწორობის საკითხებში სახელმწიფო მინისტრის აპარატი,SMR Georgia,≤100
353943391364252,TV Imedi,TV Imedi,≤100
1267468489937737,"აი, ფაქტი • ifact.ge","აი, ფაქტი • ifact.ge",≤100
106696602753341,ეკონომიკისა და მდგრადი განვითარების სამინისტრო,MINISTRY OF ECONOMY AND SUSTAINABLE DEVELOPMENT OF GEORGIA,≤100
1436499703296575,მითების დეტექტორი,მითების დეტექტორი,≤100
1577443435885416,მამუკა მდინარაძე / Mamuka Mdinaradze,Georgian Dream,≤100
373058439451905,Irakli Garibashvili,Irakli Garibashvili,≤100
104544911468291,შალვა პაპუაშვილი • Shalva Papuashvili,Georgian Dream,≤100
1031485756902883,გირჩი • Girchi,გირჩი • Girchi,≤100
277709595710849,სოფლის განვითარების სააგენტო - Rural Development Agency,სოფლის განვითარების სააგენტო / Rda,≤100
1037692123012971,კახა ოქრიაშვილი / Kakha Okriashvili,კახა ოქრიაშვილი / Kakha Okriashvili,≤100
651534988375338,POSTV - ანალიტიკა,POSTV LLC,≤100
133052760057128,Tabula - ტაბულა,Tabula - ტაბულა,≤100
1386065384959039,სოლიდარობა მშვიდობისთვის - ახალი სივრცე,Solidarity For Peace,≤100
101675728268164,დამუხტე,POSTV,≤100
691251661323712,თავისუფალი ბაზარი,გირჩი • Girchi,≤100
194165114388891,ევროპული საქართველო • European Georgia,ევროპული საქართველო,≤100
179300065451916,საქართველოს იუსტიციის სამინისტრო,საქართველოს იუსტიციის სამინისტრო,≤100
103230785330908,დემოკრატიის მცველები • Democracy Defenders,Democracy Defenders,≤100
158969037628815,თბილისის საკრებულო / Tbilisi City Assembly,თბილისის საკრებულო / Tbilisi City Assembly,≤100
414248619353564,საქართველოს დაბადება,გირჩი • Girchi,≤100
112698110523947,7- მოქალაქეები/Citizens,ალეკო ელისაშვილი - მოქალაქეები,≤100
285690758154568,გარემოს დაცვისა და სოფლის მეურნეობის სამინისტრო,გარემოს დაცვისა და სოფლის მეურნეობის სამინისტრო,≤100
1159313984168136,europop,Popsport,≤100
114709020848644,ახალციხის საოლქო საარჩევნო კომისია / Akhaltsikhe DEC,Election Administration of Georgia,≤100
346336779735775,დავით ზილფიმიანი • David Zilpimiani,David Zilpimiani,≤100
105294965729965,საქართველო უპირველეს ყოვლისა  • Georgia First,Georgia First,≤100
103844525823875,პოლიტიკური აბსურდი,Ramaz Beridze,≤100
1545848578984351,საქართველოს კონკურენციის ეროვნული სააგენტო •  gnca,Georgian National Competition Agency,≤100
136827876490842,საინფორმაციო ცენტრი ნატოსა და ევროკავშირის შესახებ • NATO & EU Info Center,საინფორმაციო ცენტრი ნატოსა და ევროკავშირის შესახებ • NATO & EU Info Center,≤100
497425910290053,სოციალური სამართლიანობის ცენტრი• Social Justice Center,Emc • ადამიანის უფლებების სწავლებისა და მონიტორინგის ცენტრი,≤100
135235855396964,ცაგერის საოლქო საარჩევნო კომისია,Election Administration of Georgia,≤100
536906143912475,RealPolitika • რეალპოლიტიკა,Gmc • მმართველობის მონიტორინგის ცენტრი,≤100
168226130026484,ჰოლონი •  Holon,ირაკლი წულაია,≤100
120503386897589,თერჯოლის საოლქო საარჩევნო კომისია,Election Administration of Georgia,≤100
107034578358462,პოლიტიკური სატირა / Political Satire,პოლიტიკური სატირა / Political Satire,≤100
113991509974808,მამუკა ხაზარაძე Mamuka Khazaradze,მამუკა ხაზარაძე Mamuka Khazaradze,≤100
114623925357107,საქართველოს ფოსტა / Georgian Post,საქართველოს ფოსტა / Georgian Post,≤100
101545558591952,დავით ფაცაცია / David Patsatsia,დავით ფაცაცია/Davit Patsatsia,≤100
297075367343408,BTU • ბიზნესისა და ტექნოლოგიების უნივერსიტეტი,BTU • ბიზნესისა და ტექნოლოგიების უნივერსიტეტი,≤100
68793499001,UNICEF,These ads ran without a disclaimer,≤100
108652531483661,ქართული ოცნება ჩემი არჩევანია,ქართული ოცნება ჩემი არჩევანია,≤100
147107512030533,საერთაშორისო გამჭვირვალობა-საქართველო,საერთაშორისო გამჭვირვალობა-საქართველო,≤100
106671920976963,Movement EDU,Movement tv LLC,≤100