﻿Page ID,Page name,Disclaimer,Amount spent (ARS)
120898767662942,,Derecho al Futuro,1152419
147255748694051,Fernando Espinoza,Municipio de La Matanza,123730
109586108797973,Futuro Argentino,Futuro Argentino,102434
233792609964941,Municipio de Esteban Echeverría,Municipio de Esteban Echeverría,94710
135948233146402,Municipio de Lomas de Zamora,Municipalidad de Lomas de Zamora,61994
1647815162147101,Juan Pablo Allan,Juan Pablo Allan,58834
110079031997390,Con Larreta,Con Larreta,47228
1479745175587393,Tito Stefani,PRO Tierra del Fuego,46976
406037676834793,Gaceta Bonaerense,Gaceta,46528
746367662125053,Damian Contreras,Damian Contreras,44390
129799846687423,Levantémonos,Levantemonos,40078
622853724492420,Federico Otermín,Frente de Todos Lomas,35937
513899261972162,Frente de Izquierda FIT,Frente de Izquierda,34983
103088924366000,Noticias d,Noticias d,27212
2257336131186551,Noticias HOY,Gaceta Bonaerense,27103
427271967380241,Lucas Delfino,Juntos,25132
436246103621788,Damián Selci,Unidad Ciudadana Hurlingham - UCH,24616
111314158611789,Defendamos Lo Nuestro,Defendamos al Campo,24512
113686738612,Gobierno de la Ciudad de Buenos Aires,Gobierno de la Ciudad de Buenos Aires,23840
2296112127071539,Feedback encuestas,Feedback Encuestas Online,20515
932158520193023,Municipalidad de José C. Paz,Municipio de José Clemente Paz,19248
587405287971230,Mariano Cascallares,Partido Justicialista Almirante Brown,19150
105735495551632,Nico Marchiolo,Nicolas Ariel Marchiolo,16938
171330806277312,Diego Santilli,Instituto República,16029
105933872199149,Mística,Demos Vuelta la Argentina,14687
434557003334061,Municipalidad del Pilar,Municipalidad del Pilar,14314
113677188301150,Matias Porta,Matias Alejandro Porta Aldave,13909
283646341668240,Noticias Urbanas,Noticias Urbanas,13704
715474465134422,Patricia Hucena,Patricia Del Carmen Hucena,13218
104782484202318,Medio Buenos Aires,Medio Buenos Aires,12917
896073793900056,Lalo Creus,Lalo Creus,11943
101364195948955,KATO DICE Y HACE,KATO DICE Y HACE,11678
642047375905348,Gastón di Castelnuovo,Gaston Di Castelnuovo,11643
106683794885574,Andrés Petrillo,Andres Petrillo,11370
1847886358835128,Daniela Reich,Daniela Elizabeth Reich,10314
110253854996744,Fede Garufi,Fede Garufi,10061
796480967084066,Cele Fierro,MST Movimiento Socialista de los Trabajadores,10005
207378966450296,Luis Samyn Ducó,Luis Samyn Ducó,9920
1639126129662368,La Nota Web,La Nota Web,9860
480129710135,Municipio de Tigre,Municipalidad de Tigre,9774
367089004808,Amnistía Internacional Argentina,Amnistía Internacional Argentina,9491
113395874909201,Punto Noticias,Punto Noticias Web,9446
1662250880709156,Lanús Municipio,Lanús Municipio,9329
114299924620455,Andrés Antonietti,Andres Antonietti,8764
1010952492291178,Victoria Tolosa Paz,Camino a la Victoria,7771
1782770091995310,Mariano Castagnaro,Mariano Castagnaro,7554
100395029626459,Protagonistas del Cambio Buenos Aires,Protagonistas del cambio,7422
1143439962443489,Aldana Ahumada,Aldana Ahumada,7273
184491722081467,Dani Lopez,Daniel Hernan Lopez De Gaetano,7147
1536637056372173,InfoData35,Info Data 35,7046
111981023974911,Vecinos movilizados,Vecinos movilizados,6923
162975431069266,Lucas Aparicio,Lucas Aparicio,6728
980562078650430,Rosalía Fucello,Rosalía Fucello,6560
272338312973462,Santiago López Medrano,Santiago López Medrano,6148
90148244993,Patricia Bullrich,Pro Nacional,6097
1676408809269820,Municipio Bahía Blanca,Municipalidad de Bahía,6086
101996084777901,Mariela Belski,Mariela Belski,6075
811490865528770,Guillermo Viñuales,Guillermo Viñuales,5995
1643745862377667,Del Viso me importa,Pilar quiere saber,5910
104147274759706,Periodismo de Izquierda,Periodismo de Izquierda,5822
369199359904207,Municipalidad de Tres de Febrero,Municipalidad de Tres de Febrero,5753
107277605038253,Lanús Construye Futuro,Lanús Construye Futuro,5747
592277534117124,Graciela Ocaña,Fundación Confianza Pública,5596
1632364173709710,Juan Cruz Curá,Juan Cruz Curá,5454
134751226547299,Joaquín De la Torre,Joaquín De la Torre,5375
171330806277312,Diego Santilli,Diego Santilli,5199
113138195384719,Nestor Grindetti,Nestor Grindetti,4979
129744574185800,Julián Amendolaggine,Julian Amendolaggine,4937
105472487597843,PoliticaProvincia,Politica Provincia,4778
118325592137966,Maria Eugenia Vallota,Maria Eugenia Vallota,4663
126123414129628,Que Pasa Salta,Que Pasa Salta,4630
542636419209676,Víctor De Gennaro,Juan Jose Lopez,4621
205176889566970,Mauricio Longin D'Alessandro,Mauricio D'Alessandro,4505
141231856052932,Evert Van Tooren,Evert Van Tooren,4338
953905991479034,Medio Ambiente Bahía,Municipalidad de Bahía Blanca,4228
108485062246658,,Cristian Javier Garay,4209
108553024957585,El Bonaerense,Wizard Agency,4178
129744574185800,Julián Amendolaggine,Julián Amendolaggine,4145
605540860101596,Diario Criollo,Diario Criollo,3976
1970394976522659,Flavia Delmonte,Almacen Creativo,3794
107367938449539,Juan Granillo Fernández,Juan Granillo Fernández,3592
113138195384719,Nestor Grindetti,Néstor Grindetti,3351
708952859207785,Daniel Menéndez,Daniel Menéndez,3344
378225769015907,Fundación Embajada Abierta,Fundación Embajada Abierta,3328
985257904886548,"Gaston Esperanza "" Seamos ParTe """,Jonatan Gaston Esperanza,3312
105881245793692,Que pasa en La Plata,2023 en La Plata,3274
958750317533178,Manuela Castañeira,Nuevo MAS,3242
112473281764462,,ADNPolitica.com,3216
136222573149399,Letra P,Letra P,3180
795021870593381,Info al día,Info al Día,3086
117170064701229,,Juntos Por Pehuajó,2906
1425092494372471,Alejandro Finocchiaro,Alejandro Finocchiaro,2901
107756622140473,El Litoral Web,El Litoral Web,2872
449463142065414,Florencia Casamiquela,Florencia Casamiquela,2821
115879768037908,Antonio Grandoni,ANTONIO GRANDONI,2765
130929705668,Municipalidad de Córdoba,Municipalidad de Córdoba,2568
325258384592137,MUNDO PODER,Wizard Agency,2512
228580567154587,El Cipayo,El Cipayo,2510
1466847683532406,Sebastián Neuspiller,Sebastián Neuspiller,2434
106439208799632,Leandro Matilla,Leandro Matilla,2421
274883916030955,Pablo Losada,United Business Arg,2385
354174832122232,El equipo de Emiliano,El equipo de Emiliano,2339
433493816735911,Leo Boto,Leo Boto,2326
2247520658697288,Natalia Souto,Natalia Souto,2302
185797824928708,Néstor Pitrola,Frente de Izquierda,2258
103301272375951,Fabio Di Palma,Fabio Oscar Di Palma,2184
102289782502796,Prensa Digital,Prensa Digital,2162
114068194983315,HugoDagorret,Hangar,2140
1616731398614099,Marisa Fassi,Frente de Todos Cañuelas,2112
102531515432792,Espacio Audiovisual Nacional,DAC - Directores Argentinos Cinbematográficos,2100
379091338803156,DAC -  Directores Argentinos Cinematográficos,DAC - Directores Argentinos Cinematográficos,2055
101206396151957,Ricardo Curone,Ricardo Curone,2025
255709918416546,Joaquín Sánchez Charró,Joaquín Sánchez Charró,2022
335926266503071,7D,7D,2009
110336638100765,El Archivo - Periodismo de investigación,El Archivo - Periodismo de investigación,1976
2194919247400582,Andrés Watson,Andres Guillermo Watson,1940
110613882904054,Guillermo Escudero,Guillermo Escudero,1920
765662933605449,Fabian Aballay,Nestor Fabian Aballay,1913
243493279854673,Venta de Inmuebles.,Agencia Glux,1902
102007812840437,Jóvenes con Wado,Jóvenes con Wado,1900
215867742129773,Pablo del Valle,Pablo del Valle,1890
170662123137948,Dr. Pablo Gonzalez,Dr. Pablo Gonzalez,1888
805670376206651,Ramón Lanús,Ramón Lanús,1872
1557687961227122,Agustina Ciarletta,Agustina Ciarletta,1871
268315713845113,Pensamos San Vicente,Pensamos San Vicente,1738
106022882033350,Puntopolitico,PuntoPolitico,1735
126315175948563,Observatorio Abraham Lincoln,Observatorio Abraham Lincoln,1686
1469247346700561,Principios Diario,Principios Diario,1680
329152690505113,Desalambrar Moreno,Desalambrar Moreno,1677
112595328432641,Wado 2023,Jóvenes con Wado,1628
192117431956,Roberto Costa,Cristian Vila,1577
670817623346264,Agustin Celi,Agustin Jose Celi,1570
106986760983071,Redacción Política,Baires News Group,1555
1635790410050010,Josefina Mendoza,Josefina Mendoza,1549
104509779283699,Josifovich 2023,These ads ran without a disclaimer,1545
109845565412298,Carlos Garbe,Carlos Antonio Garbe,1536
375850199231138,Pablo Garate,Somos Tres Arroyos,1520
301562207394746,Christian Lanaro,Christian Lanaro,1467
104413251795296,Diario La Primera,DIARIO LA PRIMERA,1455
710189803134791,Federico López,Federico Martin Lopez,1435
147707545368289,Walter Martello,United Business Arg,1422
619796898105048,Partido Socialista Mar del Plata,PS Mar del Plata,1401
309486313003129,Ojos en Alerta,Ojos en Alerta,1398
175844725888213,Alejandro Bodart,MST Movimiento Socialista de los Trabajadores,1397
125183747539071,Noticias Argentinas,Noticias Argentinas,1390
1915742765341849,Yesi Avejera,Yesica Romina Avejera,1335
327490147360219,Martín Berhongaray,Martín Berhongaray,1321
103665608847016,Juntos por el Cambio San Lorenzo Salta,Juntos por el Cambio San Lorenzo Salta,1318
947520791967929,Claudio Poggi,Claudio Poggi,1316
331933457269706,Luis Albeza,Luis Fernando Albeza,1287
248577745302010,Francisco Echarren,Francisco Echarren,1260
119263738124438,Roberto Meri,Roberto Meri,1255
354174832122232,El equipo de Emiliano,These ads ran without a disclaimer,1247
105166715290140,Momento Uno,Momento Uno,1244
439796909491346,JIS Juventud de Izquierda Socialista,Izquierda Socialista,1229
119693794421876,Sabbadini Gobernador,Mauro Sabbadini,1208
106238024913688,Agustina Serrano Gómez,Agustina Serrano Gómez,1158
113347327938892,Bullrichmania Argentina,Me&Bo Consultora,1147
108899772112386,Salta + Ipa,Jose Ramos,1135
111154593869631,Baires News,Baires News,1126
187691196067583,Maria Sotolano,Maria Angel Sotolano,1124
111397701828101,Sergio Vallejos,Sergio Guillermo Vallejos Mini,1086
106238024913688,Agustina Serrano Gómez,These ads ran without a disclaimer,1084
102084172824380,David Mortensen,Nelson David Mortensen,1078
430171530685099,Connie Tommasone,Connie Tommasone,1072
113288233452533,Nancy Picón,Nancy Picón,1055
195920701170150,Matias Nanni,Matias Nanni,1054
238778949515431,El Cronista,El Cronista,1038
104711022488758,Vecinos x Miramar,Info del mar,1016
440677362630997,Sebastian Galmarini,Sebastian Galmarini,996
168506029989609,Alberto Daniel Descalzo,Alberto Dezcalzo,976
141991679847091,Taquion,Taquion,970
1408542766063285,Carla Carrizo,Ana Carla Carrizo,963
186159618095984,Julio Zamora,Municipalidad de Tigre,945
390101524493609,Maxi Gallucci,Maximiliano Hernán Gallucci,937
1708420432707615,Sergio Gabriel Iacovino,Sergio Gabriel Iacovino,912
967512253279966,Martin Medrano,Martin Medrano,909
304176325478,La Política Online,La Política Online,907
100267346330819,Juntos X Riglos,Juntos X Riglos,883
513796642104648,La Urbe,La Urbe,878
1488831318060288,Unión Europea en Argentina,Delegación de la Union Europea,832
348668741945497,BAINFORMA,Buenos Aires Informa,831
2170927119892039,Manu Feito,Manu Feito,828
107022228690687,Jornada Nacional,Jornada Nacional,802
101438661569363,Ignacio Castaños,Ignacio Castaños,789
134725219919779,Laura V. Alonso,Laura Valeria Alonso,788
699853426735213,Gustavo Solis,Gustavo Solis Monico,785
382381418491038,Patricio Hogan,Mabu Comunicación,783
1580154892230727,Juan Carlos Moran,Juan Carlos Moran,777
108383368141862,Jorge Baracatt Orán Primero,Jorge Baracatt Ruiz,775
108735120874242,Andrés Melis,Andres Melis,762
112539803773011,El Diario Oeste,Noticias de mi barrio,738
2340752059343617,Sebastian Ianantuony,Leandro Sebastian Ianantuony,702
103780997884434,Comunidad Argentina,Comunidad Argentina,693
833530653383521,Gestión Sindical,Comunicacion Editorial Grafica Argentina,687
107862828349752,Tiempo de Córdoba,Tiempo de Córdoba,663
111492845540608,Fondo de Cultura Económica Argentina,Fondo de Cultura Económica Argentina,632
103021535961289,Cede,Cede,623
301506776559902,Gobierno de Córdoba,Gobierno de Córdoba,617
1726626827377725,Roly Moretto,Roly Moretto,608
103491299400318,Daniel Facio,Daniel Alberto Facio,607
104838940899300,Memo,El Memo,594
339321340074515,Mario Kanashiro,Mario Kanashiro,585
1192374014146549,María Emilia Abdelnabe,Maria Emilia Abdelnabe,579
945167758836265,Max Perkins,Max Perkins Oneto Gaona,570
105493327767840,Newsweek Argentina,Newsweek Argentina,558
121316147606957,,Cinthia Nahir Mohamed,549
544640985878621,Argentinos Online,Argentinos Online,545
429298067264790,Sergio Ziliotto,Partido Justicialista Distrito La Pampa,543
134557130216408,Jorge Jofré,Jorge Jofre,541
403416169712996,Fundación para la Investigación Científica y los Estudios Sociales,Fundación para la Investigación Científica y los Estudios Sociales,525
795202843959456,El Disenso,El Disenso,524
108057455384301,Politica de La Costa,Politica de La Costa,516
105291105857436,Sergio Broggi,Sergio Ariel Broggi,512
149619018406294,Siglo XXI Editores Argentina,Siglo XXI Editores Argentina S.A.,507
1399896206897402,Frente Renovador San Isidro,Frente Renovador San Isidro,493
781928915296113,Carlos Ale,Juan Carlos Ale,492
137071079685429,Secretaría de Turismo Villa Gesell,Secretaria de Turismo de Villa Gesell,489
433136076759972,Edhasa Argentina,Edhasa Argentina,472
109840084231099,Estefanía Albasetti,Cintia Estefania Albasetti,463
90680883335,Ciudadano News,Inversora Corporativa S.A,462
101170626194622,Ciudadania Italiana urgente,Sebastian Miguel Angel Villalobos,461
827304387355478,Municipalidad de Ramallo,Municipalidad de Ramallo,457
107482355458044,Bruno Pandolfo,Bruno Pandolfo,452
108079067629612,Jose Javier Galan,Jose Javier Galan,440
111842694665173,Entrevistas con el Dr. Jorge Derna,Jorge Alberto Derna,435
558106334670581,Mauro Leiva,Leonardo Jesús Araya,435
105021265448275,Alberto Hensel,Alberto Hensel,430
659773254199665,Diputados Bonaerenses,Diputados Bonaerenses,428
134996507172069,Hernan Amat,Hernan Amat,424
322272181265936,"Partido Producción y Trabajo Capital, San Juan","Partido Producción y Trabajo Capital, San Juan",422
311237139695523,Identidad Argentina,Pascual Ignacio Calicchio,419
565548733496177,Álvaro González,Alvaro Gonzalez,418
495537530497152,Refundar Argentina,Refundar Argentina,417
358162257947051,Ricardo Bussi,Ricardo Matias Mercado,416
103606556426821,Zona Norte Diario Online,Zona Norte Diario Online,406
114466054858948,Eduardo Cerimedo,Eduardo Cerimedo,403
427940164080444,Municipio de Malvinas Argentinas,Municipio de Malvinas Argentinas,401
865568150182463,Echeverria On Line,Echeverria On Line,397
584430051988610,Inforcosta,Inforcosta,387
223010517779253,Municipio de Villarino,Comunicación Villarino,382
259700217384725,Le Monde diplomatique - Edición Cono Sur,Capital Intelectual S.A.,376
145806262649419,Fer Miño,Patria de Todos,375
317430555795699,Alvaro Reynoso,Alvaro German Reynoso,367
184219424930483,Criterio Online,Criterio Online,365
103948405867129,El Confidencial Noticias,El Confidencial Noticias,360
2251397431784810,InfoArgentina,Comunicarg,359
926216920779203,"Estudio jurídico abogado en La Plata - García & Asoc,",Manuel Garcia,355
105139442227966,La Costa Online,La Costa Online,354
104358815744949,Hurlingham Post,Hurlingham Post,354
116295411442570,Noticias Provincia,Noticias Provincia,352
104373848008745,Dr Armando Felipe Cabrera,Armando Felipe Cabrera,351
100151736415392,Cordobalanumerouno,Cordoba la número 1,350
105706365777014,El Ojo Liberal de Hurlingham,El Ojo Liberal de Hurlingham,349
101349631999937,Noticias para el Cambio,Noticias para el Cambio,346
1491984484412073,Juan Casañas,Juan Francisco Casañas,342
896073793900056,Lalo Creus,Diego Gianutti,325
108310030871947,Martin Cordoba,Martin Cordoba,325
168606106578096,Municipio Ciudad de Arroyito,Norte Creative SRL,322
114529141604678,"Rosana ""Rosi"" Perez",Rosana Betriz Perez,319
190356261138005,Leandro Zdero,Leandro Zdero,318
103565956013593,Miguel Ramos Intendente,Miguel Ramos Intendente,315
112660188463420,Nos ponemos colorados,Nos ponemos colorados,310
120198131001312,Principios y Valores - 4ta Sección,Nicolas Exequiel Gomez,309
107189355354395,Gabriela Zapata,Gabriela Zapata,304
108041374236253,Juan Raed,Juan Eduardo Raed,302
1837271172986702,Fernando Casset,Fernando Casset,300
818188944934184,Analía Zappulla,Analía Zappulla,300
737673703046755,Pablo Swar,Pablo Daniel Swaryczewki,300
108591011479721,Grupo Optimal,Juan Emanuel Vera,294
399216250203388,Julio Loza,Julio Antonio Loza,282
104193729132978,,Alejandro Masague,275
110568602036048,,Córdoba La Número 1,270
708383372689896,Jorge Calzoni,Santiago Ruben Gonzalez,267
1420904314883935,El Puntano,El Puntano,265
238546219688035,Felipe Alvarez,Hay Futuro La Rioja,261
100103511772661,Adelante Radicales Olavarría,Marcelo Alberto Spina,261
471930919607343,"Alejandro ""Totito"" González","Alejandro ""Totito"" González",249
218683311587619,Jorge Alberto Giorno,Jorge Alberto Giorno,249
358442097543367,Materia,These ads ran without a disclaimer,245
102392401118239,Christian Rasmussen - Pilar,Isaac Rony Alburquerque Miranda,238
340167656709022,Federico Agüero,Federico Agüero,235
397862603671761,Maria de los Angeles Sacnun,Maria de los Angeles Sacnun,230
295043477617451,Somos Modelo Riglos,PJ Miguel Riglos,211
256281951086148,Carolina Jacky & Asociados,Carolina Jacky,209
705172499580470,Gustavo Martinez,Gustavo Martinez,208
241738410043978,Patricia Mojica 2023 TANTI,Patricia Mojica 2023 TANTI,205
211047755609903,Anibal Calafell,Anibal Horacio Calafell,202
405286979631486,Javier Forlenza,Javier Forlenza,191
104563928617969,Brenda Vargas Matyi,Brenda Vargas Matyi,189
404593466264648,Carlos Bevilacqua,Carlos Bevilacqua,186
193671924033178,El Argentino,Estudio AMBA SRL,186
100800369677597,Marcelo Veron Lista 204,Angel Marcelo Veron,184
233734300112003,Juan Monteverde,Ciudad Futura,177
2351045021780928,Domy Orquera,Ricardo Matias Mercado,176
114517220470447,Zona Oeste Diario,Zona Norte Diario Online,169
101268092728725,Federico Caroprese,Federico Caroprese,163
133937418577537,Utopia Urbana,Utopía Urbana,158
112409081643672,Radicales por Bahía,Carlos Enrique Schivndt,156
241766066497583,Leandro Cavaco,Leandro Cavaco,155
428179387610545,Agenda Malvinas,Agenda Malvinas,152
146903305519923,Vocacion,Vocacion SRL,149
100272671672857,Carlos Cisneros,Carlos Cisneros,149
162700400413304,Revista Realidad Económica,IADE,145
810080482399261,Striptease del Poder,Francisco Javier Llorens,143
1430925633898116,Primer Plano,Primer Plano Online,137
101185972235145,PJ La Pampa,Partido Justicialista La Pampa,135
105868508128629,60 segundos,60 Segundos,129
114029474255640,Alejandro González,Alejandro Gonzalez,124
507667842763334,Paula Gargiulo,Paula Gargiulo,122
593149474205894,Topo Ramos,Topo Ramos,116
105792915475105,Osvaldo Fernández,Osvaldo Fernández,115
177720598950247,La Ciudad Desnuda,Juan Esteban Scoufalos,112
102858281496444,Argentinos hoy,Argentinos hoy,111
673677419727300,Horacio Vermal,Ricardo Matias Mercado,111
1651324754987038,InfoAires,Comunicarg,110
2162738567388497,Juan Pablo Zaragoza,Juan Pablo Zaragoza,109
105152432570567,Edgar Zorzenon 2023,Ana Rosa Funes Aragón,104
1405120706440456,Conclusión,Diario Conclusión,104
955818371197779,Bahía Blanca - Portal bahiense,Portal Bahiense,103
104046341137293,Panorama Pais,Panorama Pais,103
148539931942743,Rodrigo de Loredo,Rodrigo de Loredo,102
794695574216418,Pal' Sur,Laura Funes,102
230534457651576,En nada estás vos,ComunicaciónPop,≤100
525334380868858,Martín Lousteau,Fundación Lebensohn,≤100
147542145441233,Rodolfo Colombo,Rodolfo Guillermo Colombo,≤100
246465675499972,Raúl Sancho,Raul Alejandro Sancho Eiras,≤100
105325592566571,,These ads ran without a disclaimer,≤100
430773770330702,Gripe Prolongada - Dr. Jorge Derna,Gripe Prolongada - Dr. Jorge Derna,≤100
432590050494586,Código Plural,Código Plural,≤100
1426373070912699,Cholila Online Portal de Noticias Digital,Cholila Online,≤100
112677681794155,Gabriela Bastarrechea,Gabriela Bastarrechea,≤100
563327423719873,"Ernesto ""Tatú"" Bernabey","Ernesto ""Tatú"" Bernabey",≤100
101558199460395,Julio Heredia,Julio Ignacio Heredia,≤100
117769075088356,Francisco Torroba,Francisco Torroba,≤100
100151736415392,Cordobalanumerouno,Cordoba la número uno,≤100
188988467785959,José Cano,José Cano,≤100
108562965017764,vaccottifer,These ads ran without a disclaimer,≤100
118567894507531,César Molina,César Gabriel Molina Holguin,≤100
107318882337863,Élida Rechi,Elida Del Valle Rechi,≤100
106809542339751,Juan Pablo Chiesa,Juan Pablo Chiesa,≤100
112304404582741,,Chic Contenidos,≤100
178919202140944,Francisco Quintana,Francisco Quintana,≤100
119198871133312,José Luis Flaco Furió,Jose Luis Flaco Furió,≤100
122405214162665,Nicolas Dri,These ads ran without a disclaimer,≤100
940518472631584,José Castro,José Castro,≤100
348079589034455,Juampy Robles - Concejal,Juan Pablo Robles,≤100
110882341844562,Maferio Inversiones,Mariano German Fernandez Del Rio,≤100
113384436026702,Caren Tepp,Ciudad Futura,≤100
113962914977034,Somos FORJA,Somos Forja,≤100
2080345335315710,Desocupados y Precarizados de la Corriente Clasista y Combativa - Cordoba-,Desocupados y Precarizados de la Corriente Clasista y Combativa - Cordoba-,≤100
409696462551334,Gustavo Aromí,Jose Gustavo Aromí,≤100
1699977183360918,Tane Da Souza Correa,Tane Gabriel Da Souza Correa Hunt Lubel,≤100
109951468726663,Marcelo Sosa,These ads ran without a disclaimer,≤100
113154660093157,Marca informativa,Marca informativa,≤100
196552740363932,Lisandro Bonelli,Lisandro Emilio Bonelli,≤100
100516845557817,Marcelo Claudio Montero,Marcelo Claudio Montero,≤100
119077831153224,Mariana Cheminet,Mariana Belen Cheminet,≤100
1521919534702954,Unión Cívica Radical,Sebastian A Gomez,≤100
102296947917534,Ramiro Ortega,Ricardo Matias Mercado,≤100
183755148656395,Emiliano Durand Salta,Jorge Mario Emiliano Durand,≤100
103657458036950,Empleados de Comercio Autoconvocados de Tucumán,Empleados de Comercio Autoconvocados de Tucumán,≤100
454694298006068,Ayelen Acosta,Ayelen Acosta,≤100
132649176862320,Jorge Hoffmann,Jorge Hoffmann,≤100
110064912018163,Ezequias Albarracin,Ezequias Carlos Augusto Albarracin,≤100
1489647321335052,Huguito Kenny,Huguito Kenny,≤100
224143214809992,Luciano di Nápoli,Luciano di Nápoli,≤100
477463972361734,Rafa Moyano,Eduardo Dario Pereyra,≤100
113923401326706,El país ya,El país ya,≤100
113743400267523,Salud Hoy,Salud Hoy,≤100
142425022497855,Juan M Quiroga (OFICIAL),Juan Manuel Quiroga Lucero,≤100
1471624973068591,Bettina Romero,Bettina Romero,≤100
168941069944763,Martin Maquieyra,Pro La Pampa,≤100
101978166192541,Los soldados de Gustavo,Por Amor a Salta,≤100
107975088946980,Diego Quinteros Intendente,Santiago Ellena,≤100
1466119057008930,Fundación IDEAR Córdoba.,Fundación IDEAR Córdoba.,≤100
1358967864150866,Ramon Cejas,Ramon Cejas,≤100
65695624363,Rubén Giustiniani,Igualdad y Participación,≤100
723782314401584,Enrique Estévez,Enrique Estevez,≤100
120358755344291,Leo Rodriguez,Leo Rodriguez,≤100
104455719146837,El Meridiano,El Meridiano Noticias,≤100
105791202046721,Punto Ushuaia,Punto Ushuaia,≤100
109769948749430,PJ Santa Rosa,PJ Santa Rosa,≤100
102570774863673,LOBBY,LOBBYEscuela,≤100
2021141788107491,Othar Macharashvili,Othar Macharashvili,≤100
111051871572130,Partido Libertario La Pampa,Roberto Miguel Prchlik,≤100
108176051507360,Libres del Sur Pilar,Magali Soledad Soledad,≤100
106808029052444,Notiarg Salta,Notiarg,≤100
114978559901087,Frente a Frente,Frente a Frente,≤100
113122186717848,Emiliano Estrada,Emiliano Estrada,≤100
137982309546526,Aida Ayala,Aida Ayala,≤100
104195999244021,Primero La Pampa,Primero La Pampa,≤100
362204533804292,Municipio de Río Grande,Municipio de Río Grande,≤100
103410296090476,Chau Bettina,Internas Salta,≤100
2125270134364647,Sergio Tamayo,Sergio Tamayo,≤100
103670972714369,La Voz del Centro,La Voz del Centro,≤100
102160902467752,Juan Pablo Ortiz,Juan Pablo Ortiz,≤100
1153275128093478,Eli Gomez Alcorta,Soberana,≤100
441212389961966,Rita Sallaberry,Rita Sallaberry,≤100
232102743650781,Tomás Bertotto,Tomás Bertotto,≤100
327454924058033,Mariano Campero,Mariano Campero,≤100
1450635761836520,Damian Loli Löffler,Damian Loli Löffler,≤100
139485256213513,radiokermes.com 106.1,Juan Pablo Gavazza,≤100
279680135391700,Zona 22,Zona 22,≤100
208352036028443,Municipalidad de Santa Rosa,Municipalidad de Santa Rosa,≤100
115110241989476,Plus Informacion Noticias,Plus Informacion Noticias,≤100
113966001646171,Juan Pablo Poletti,Juan Pablo Poletti,≤100
149721655226597,Oscar Cachi Martinez,Oscar Martínez,≤100
696544017438215,Fabricio Díaz,Fabricio Díaz,≤100
139278336273596,Diario Impacto Salta Ok,Diario Impacto Salta Ok,≤100
383290885764994,Provincia Grande,Provincia Grande,≤100
1083505218346336,Lucila De Ponti,Lucila De Ponti,≤100
910681208985751,Ecosfueguinos,ecofueguino,≤100
258546478015654,Laura Jure,Laura Jure,≤100
103944978682114,Lado B Noticias,Lado B Noticias,≤100
115686708175216,Alvaro 2023,Equipo Digital,≤100
366283017342581,Ana Miño,Ana Faustino Miño,≤100
465558466800210,Maxi Pullaro,Juntos por el Cambio Evolución,≤100
591630090979869,Miguel Arancibia,Miguel Humberto Arancibia,≤100
686447918403785,Emiliano Durand,Juan Manuel Chalabe,≤100
1551213951808839,Vanina Biasi,Frente de Izquierda,≤100
1604553363177691,Raul Von Der Thusen,Raul Von Der Thusen,≤100
102305658071845,Uthgra Córdoba,Julian Rousselot,≤100
116838891378002,Moisés Solorza,Moisés De La Cruz Solorza Correa,≤100
110890318187982,Escucharte Santa Fe,Escucharte Santa Fe,≤100
109977027273576,Luis Rubeo,Luis Daniel Rubeo,≤100
287386615304441,Jocha Castro Videla,Jose Antonio Castro Videla,≤100
1558028877808328,Lucía Varisco,Lucia Varisco,≤100
100520825048827,Movant Connection,These ads ran without a disclaimer,≤100
101202436262517,Clara Pistan,Clara Pistan,≤100
461511601302238,Monica Juarez Salta,Mónica Gabriela Juárez,≤100
291254690958520,Gobierno de Corrientes,Gobierno de Corrientes,≤100
314748251973356,Eduardo Toniolli,Eduardo Toniolli,≤100
1546471862335425,Mónica Urquiza,M.Urquiza,≤100
661820123919190,Gaston Hissa,Gaston Hissa,≤100
434792809895250,Ciudad Futura,Ciudad Futura,≤100
109385351968930,Florencia Vargas,Florencia Vargas,≤100
101747782728989,Paulina Zapata,Paulina Zapata,≤100
117366571329676,MOPOF TDF,Rene Marcelino Arenas,≤100
442793219194226,Edgardo Lopez Osuna,Edgardo Rodolfo Lopez Osuna,≤100
215127935173119,Emanuel Gainza,Emanuel Gainza,≤100
1643352192630981,Marcos Ferrer,Marcos Ferrer,≤100
134856153222761,Aries On Line,Aries On Line,≤100
311410772859463,Pablo Llancapani,Pablo Antonio Llancapani,≤100
1726365124243504,Clara García,Clara Garcia,≤100
640722522699699,Sergio Checho Basile,Sergio Checho Basile,≤100
103112032678024,Pico Es Comunidad,Pico Es Comunidad,≤100
234890990763613,Federico Fulini,Federico Fulini,≤100
108352032061590,Gabriel Bornoroni,Gabriel Bornoroni,≤100
1544223389195438,Juan Pablo Funes Bianchi,Juan Pablo Funes Bianchi,≤100
1397668493777947,Dignidad Ciudadana,Dignidad Ciudadana,≤100
405968363074387,Marco Julio Puricelli,Ideas y Vision,≤100
119851421739420,Informate Valle,Informate Valle,≤100
625328660976925,Laura Velasco,Laura Gonzalez Velasco,≤100
109260823781982,Javier Monico Graciano,Javier Alberto Monico Graciano,≤100
386830351387514,InfoSanLuis.com,InfoSanLuis.com,≤100
59772763998,Mauricio Ibarra,Eduardo Mauricio Ibarra,≤100
110890305299900,Danny Velázquez Concejal,Danny Velazquez,≤100
113966001646171,Juan Pablo Poletti,Asociación Civil Crecer Santa Fe,≤100
418089322332801,Natalia Alcaraz,Natalia Alcaraz,≤100
232006043849181,Dra. Insaurralde Alejandra,Augusto Nicolas Leroux,≤100
112508605140740,La Capital que queremos,La Capital Que Queremos,≤100
779826208737546,Eduardo Asueta,Eduardo Asueta,≤100
451835641522345,Marcelo Rodio,Marcelo Rodio,≤100
102501249471351,Por Amor a Salta,Por Amor a Salta,≤100
206539149915701,Contá Pué Salta,Laura Natalia Carmona,≤100
204260153068531,Martin Avila,Miguel Martin Avila,≤100
109258315464001,Valeria Lange,Valeria Lange Gurruchaga,≤100
774034792743717,Leo Calaianov,Leonardo Gabriel Calaianov,≤100
104856199182046,Gato Fernández,Gato Fernández,≤100
101436539620477,Somos Forja,Somos Forja,≤100
2008685272488657,Sureños por el Desarrollo y el Trabajo,Sureños por el desarrollo,≤100
875642729164305,Partido Verde TDF,Partido Verde TDF,≤100
1858163871100141,Movimiento Popular Fueguino,Ce Pucheta,≤100
422411574885385,Adrian Valenzuela,Adrian Valenzuela,≤100
596691070692528,Alejandro Molinuevo,Alejandro Molinuevo,≤100
102194896086841,Neeeño,Neeeño,≤100
192108560832888,Luis Petri,Mendocinos por el futuro,≤100
1567551246808899,Laura Vilches,Frente de Izquierda,≤100
106296782461125,Javier López Intendente,Javier Lopez,≤100
316402711752761,Pablo Chamatropulos,Pablo Chamatropulos,≤100
102147594684104,Marcos Panquilto,Marcos Abel Panquilto,≤100
508042719277404,Fabricio Bolatti,FABRICIO BOLATTI,≤100
862393870465260,Fabian Martin,Fabian Martin Intendente,≤100
204401556350395,Gustavo Valdés,Gustavo Valdés,≤100
924253577657013,Gobierno de Tierra del Fuego AIAS,Gobierno de Tierra del Fuego,≤100
110150088683172,Informe NOA,Informe NOA,≤100
1823807254333065,Soy Más País,These ads ran without a disclaimer,≤100
1397261800533190,La 10 Noticias,la10oran.com,≤100
114763516834269,Lione Cattalini,Lionella Cattalini,≤100
2065826373536872,Oscar Santarelli,Oscar Alberto Santarelli,≤100
1779438815714208,Natalia Neme,Natalia Gabriela Neme,≤100
505057326224880,Gonzalo Pedano,Gonzalo Pedano,≤100
543106696185653,Lucas Simoniello,Lucas Simoniello,≤100
100370865976735,Reporte del Valle,Reporte del Valle,≤100
102538172681467,Eduardo Virgili,Eduardo José Virgili,≤100
1724549447807950,Ministerio de Desarrollo Social de La Pampa,Ministerio de Desarrollo Social de La Pampa,≤100
813606588771959,CPC Ruta 20 Municba,municipalidad de córdoba,≤100
103431172529739,El Diario Industrial,El Diario Industrial,≤100
434310316685752,Gabriela Lena,Gabriela Lena,≤100
589866887756301,Leandro González,Leandro González,≤100
1801160446825374,Andrés Forgione,Roberto Andres Forgione Svoboda,≤100
620311554787521,Marcos Cuelle,Marcos Ruben Cuelle,≤100
2327114977572273,Gustavo Fernández,Gustavo Emilio Fernandez,≤100
105742868282502,Darío Nieto,Dario Nieto,≤100
191398291019999,Radio Rivadavia San Luis,Radio Rivadavia San Luis,≤100
793493827424692,Mauricio Camacho,Mauricio Camacho,≤100
580785122055191,Pablo Cobos,Pablo Ezequiel Cobos,≤100
571022889624098,Compromiso Formoseño,Compromiso Formoseño,≤100
325539471476976,Lorena Ulieldin,Lorena Teresita Ulieldin,≤100
120343584305760,Nati Aguiar,Natalia Aguiar,≤100
106611964758390,Santiago Pérez Pons,Chaco Gobierno de Todos,≤100
1820679498066004,Pablo Alicio,Pablo Alejandro Alicio,≤100
101052519522899,Vladimir Espeche,Vladimir Espeche,≤100
2145251785736481,Fernando Rambaldi,Fernando Rambaldi,≤100
113342722009221,La Topadora,Gustavo Gabriel Vaccarella,≤100
678273948966693,Mariana Oviedo Concejal,Angela Mariana Oviedo,≤100
1018409418303450,Dra. Veronica Sikora,Veronica Sofia Sikora,≤100
1114644811920610,HolaSalta.com,HolaSalta Noticias,≤100
136204053764268,Espacio Tecnológico RGA,Municipio de Río Grande,≤100
1449898071912775,Colegio de Arquitectos de la Provincia de Córdoba,These ads ran without a disclaimer,≤100
791115407580121,Gustavo Melella,Gustavo Melella,≤100
584214754934353,Baltasar Lara Gros,Baltasar Lara Gros,≤100
102680194915433,PRO Tierra del Fuego,PRO Tierra del Fuego,≤100
1686478998295723,Pablo Villegas,Pablo Villegas,≤100
189115941124440,No más K,No más K,≤100
114308576612360,Entre Todos Chicoana,Entre Todos Chicoana,≤100
141882839166950,Tres Lineas,Tres Lineas,≤100
240127026571329,Al Pie News,Al Pie News,≤100
1742025116063394,Soledad Díaz García,Frente de Izquierda,≤100
114163574254864,Fabio Ponce,Fabio Ponce,≤100
115341728093761,JxcTrenel,JxcTrenel,≤100
104936284799353,Ente Municipal BioCórdoba,Ente Municipal BioCórdoba,≤100
116993541385410,,Alejandro Berola,≤100
123397554068517,M a r c e l o   G i l,Marcelo Gil,≤100
327490147360219,Martín Berhongaray,Primero La Pampa,≤100
104001031400824,Juntos Somos Más Valle Hermoso,Juntos Somos Más,≤100
860857363947483,Sandra Ardiles,Sandra Ardiles,≤100
101096627908478,Infotdf 2.0,Infotdf 2.0,≤100
682454538455495,Iván Mizzau,Ivan Güerino del Milagro Mizzau,≤100
117366571329676,MOPOF TDF,MOPOF TDF,≤100
114996760197088,Lucas Iñigo,Enmanuel Lucas Bernardo Iñigo,≤100
102515031522510,Julio Zavala,Julio Zavala,≤100
800096146713300,Marcelo Rodriguez,Marcelo Jorge Rodriguez,≤100
660416864150494,Obras La Pampa,Obras La Pampa,≤100
102483756080570,Claudio Ulman,Claudio Ulman,≤100
473177136388046,Guillermo Cornaglia,Guillermo Cornaglia,≤100
755993527765325,Franco Aranda,Franco Aranda,≤100
100906542624841,Primero Rio Grande,Primero Río Grande,≤100
111912531865510,Jacqui Cobo,Carlos Nahuel Salazar Molins,≤100
743239569098884,Marcelo Cossar,Marcelo Arnolfo Cossar,≤100
113622778328775,Maxi Rossetto Intendente,Maxi Rossetto Intendente,≤100
143733009490022,Laburo por mi Barrio,Laburo por mi Barrio,≤100
1759319061014409,Claudio Jose Cansino,Claudio Jose Cansino,≤100
1340267732693465,Susana Rueda,Susana Rueda,≤100
281863298515352,Colegio de Corredores Públicos Inmobiliarios de Entre Ríos,Colegio de Corredores Públicos Inmobiliarios de Entre Ríos,≤100
253898394637965,Luciana Echevarría,MST,≤100
121558597580863,Celeste Ascúa,Frente de Todos,≤100
110984251257472,Informe San Juan,Informe San Juan,≤100
1656592141049722,Miguel A. Bonino,Miguel A. Bonino,≤100
114671484578218,Concordia YA,Concordia YA,≤100
113248260050573,Kety Rosso,Kety Rosso,≤100
103983445547325,Facundo Rufeil,Facundo Rufeil,≤100
105248585666200,Carlos Piedrabuena,Carlos Eduardo Piedrabuena,≤100
552677501548909,Municipalidad de San Carlos Minas,Cristian Adrian Frias,≤100
132751396871186,German Braillard,Frente Renovador,≤100
481141178728974,Lucas Leandro Balian,Lucas Leandro Balian,≤100
148546795495964,PJ Alpachiri,PJ Alpachiri,≤100
503707213139944,Nacho Jarsun,LUBER CBA,≤100
113716435000884,Frejupa Eduardo Castex,Hebelen Soledad Montelongo,≤100
131238743621287,Esteban Aviles,Esteban Anibal Aviles,≤100
101221311347722,SI Salta Independiente,Julieta Biella,≤100
1744262295791445,Osjera,OSJERA,≤100
854998304626963,Barrio 88,barrio 88,≤100
109301321543745,Matías Taccetta,Pro Chubut,≤100
1452353831716808,Gustavo Canteros,Proyecto Corrientes,≤100
397996497678742,Rodrigo Lugo,Hector Rodrigo Lugo,≤100
101761569495985,Miguel Nanni 2023,Miguel Nanni 2023,≤100
101062592345143,Francisco Paoltroni,Francisco Manuel Paoltroni,≤100
108146311912164,Laburen Ladris,www.laburenladris.com,≤100
1541663639410402,Peta Bernarte,Damian Javier Bernarte,≤100
110100144788981,Josefina Bussi,Josefina Maria Bussi,≤100
105373529189466,Claudio Gareis,Claudio Gabriel Gareis,≤100
136275719722184,Diario El Litoral Santa Fe,El Litoral,≤100
102294322808022,Agenda Política,Agenda Politica,≤100
1500115890258790,Juan Facundo Marocco,Juan Facundo Marocco,≤100
1552768431431930,Aguas del Norte Salta,LUBER CBA,≤100
113474153674452,Secretaría de Gestión Ambiental y Sostenibilidad,Secretaría de Gestión Ambiental y Sostenibilidad,≤100
782697941744883,Catamarca Capital,Catamarca Capital,≤100
352469515481015,Leo Diana,Leonardo Andres Diana,≤100
1411067452463532,Ariel García,Fabian Nahuel Mira,≤100
100649929688395,Avancemos Tartagal,Avancemos Tartagal,≤100
1025286324218044,CPC Mons Pablo Cabrera MuniCba,municipalidad de córdoba,≤100
1615729051982102,Juventud del PTS - Corriente Universitaria Córdoba,Partido de los Trabajadores Socialistas (PTS),≤100
316538378371170,Chaco Gobierno de Todos,Chaco Gobierno de Todos,≤100
1485840381721462,Municipalidad de La Calera,Municipalidad de La Calera,≤100
100443729697895,Rubén Cruz,David Roldan,≤100
724996754296086,Luciano Acedo Salim,Luciano Acedo Salim,≤100
206443346792994,Ricardo Martin,Ricardo Martin,≤100
269810603537426,Esteban Lenci,Esteban Lenci,≤100
403018687125681,Juampi Pellegrino Concejal,Juan Pablo Pellegrino,≤100
134952823851842,CPC Colón MuniCba,municipalidad de córdoba,≤100
1725527357461878,Gustavo Orozco,Cinthia Nahir Mohamed,≤100
104168941798600,Rolo Margherit,Rolo Margherit,≤100
972433632901490,Diputada Sandra Fonseca,Diego Matias Tecilla,≤100
126165920400701,Daniel Hoffmann Intendente 2023,Fabián Horacio Leguizamón,≤100
347416052416513,radiopremiunpolitica.com #RadioDigital,Luis Roberto Lucero,≤100
1600624873516197,Pedro Galimberti,Pedro Galimberti,≤100
103048591208756,Daniela Rodríguez de Gramajo,Daniela Rodríguez,≤100
834718056689913,Agustín Domingo,Agustín Domingo,≤100
81460078787,Eduardo Accastello,Eduardo Accastello,≤100
706932616082912,Angel Giano,Angel Giano,≤100
233826440281987,Ministerio de Gobierno,Ministerio de Gobierno,≤100
104090576604510,Francisco Monti.,Francisco  Manuel Monti,≤100
142473639655550,Lucio Paz Posse,Lucio Paz Posse,≤100
109844724805384,Marilo Gau,Mariló Gau,≤100
2269026170037377,Roberto Casari,Roberto Casari,≤100
793825464001471,Fa Leguizamón Fotografías,Fabián Horacio Leguizamón,≤100
414147902070636,Políticas para la República,Políticas para la República,≤100
150830641743673,Tomplay,These ads ran without a disclaimer,≤100
190175260992658,Raul Cubilla,These ads ran without a disclaimer,≤100
1661980207382407,Princess Pat Akpabio,These ads ran without a disclaimer,≤100
120223804387904,dailypositivityboost,These ads ran without a disclaimer,≤100
103659765532260,華夏focus,These ads ran without a disclaimer,≤100
425899544931153,CloudMasters,These ads ran without a disclaimer,≤100
161666143844859,Sandvik,These ads ran without a disclaimer,≤100