﻿Page ID,Page name,Disclaimer,Amount spent (ARS)
129799846687423,Levantémonos,Levantemonos,42179
192108560832888,Luis Petri,Luis Petri,41641
138240873247312,Gabriel Pradines,Gabriel Pradines,10752
836721716420200,Lautaro Jimenez,Frente de Izquierda,8136
746371012137672,Adriana Cano,Adriana Cano,6285
192108560832888,Luis Petri,Mendocinos por el futuro,6027
105639634606492,Martín Hinojosa,Martin Hinojosa,5850
104838940899300,Memo,El Memo,5811
90680883335,Ciudadano News,Inversora Corporativa S.A,5165
111314158611789,Defendamos Lo Nuestro,Defendamos al Campo,4266
865879703438907,Maipú Municipio,Maipú Municipio,4152
113686738612,Gobierno de la Ciudad de Buenos Aires,Gobierno de la Ciudad de Buenos Aires,3899
109586108797973,Futuro Argentino,Futuro Argentino,3870
279426385475271,Municipalidad de Luján de Cuyo,Municipalidad de Luján de Cuyo,3662
379525492637333,Daniel Urquiza,Daniel Urquiza,3632
103088924366000,Noticias d,Noticias d,3045
101364195948955,KATO DICE Y HACE,KATO DICE Y HACE,2802
394548430705146,PTP - Partido del Trabajo y del Pueblo - Mendoza,Roxana Beatriz Alvarez,2533
113072371772186,Natalia Vicencio,Natalia Malvina Vicencio,2403
273294511142325,,Marcelo Sánchez,2330
715474465134422,Patricia Hucena,Patricia Del Carmen Hucena,2281
134996507172069,Hernan Amat,Hernan Amat,2003
103763616021568,Fabián Oso Tello,Fabian Tello,1922
105933872199149,Mística,Demos Vuelta la Argentina,1815
111310995165661,Carlos Ponce,Carlos Ponce,1811
513899261972162,Frente de Izquierda FIT,Frente de Izquierda,1586
1981661065436039,Duilio A. Pezzutti,Duilio Alberto Pezzutti,1541
367089004808,Amnistía Internacional Argentina,Amnistía Internacional Argentina,1356
477463972361734,Rafa Moyano,Eduardo Dario Pereyra,1333
1828211714070094,Víctor da Vila,Partido Obrero,1208
103200358756755,Mauricio Di Césare,ciudadfm90.5mendoza,1016
110615099037597,Matías Stevanato,Matías Stevanato,1009
1632364173709710,Juan Cruz Curá,Juan Cruz Curá,908
101996084777901,Mariela Belski,Mariela Belski,809
106296782461125,Javier López Intendente,Javier Lopez,660
126123414129628,Que Pasa Salta,Que Pasa Salta,560
104147274759706,Periodismo de Izquierda,Periodismo de Izquierda,531
112304404582741,,Chic Contenidos,528
378225769015907,Fundación Embajada Abierta,Fundación Embajada Abierta,453
108485062246658,,Cristian Javier Garay,445
109903658053969,Ricardo Mansur,Ricardo Mansur,414
354174832122232,El equipo de Emiliano,El equipo de Emiliano,373
102084172824380,David Mortensen,Nelson David Mortensen,282
331933457269706,Luis Albeza,Luis Fernando Albeza,261
238778949515431,El Cronista,El Cronista,248
642047375905348,Gastón di Castelnuovo,Gaston Di Castelnuovo,241
107756622140473,El Litoral Web,El Litoral Web,234
108899772112386,Salta + Ipa,Jose Ramos,232
170662123137948,Dr. Pablo Gonzalez,Dr. Pablo Gonzalez,232
175844725888213,Alejandro Bodart,MST Movimiento Socialista de los Trabajadores,203
335926266503071,7D,7D,186
102531515432792,Espacio Audiovisual Nacional,DAC - Directores Argentinos Cinbematográficos,182
90148244993,Patricia Bullrich,Pro Nacional,177
379091338803156,DAC -  Directores Argentinos Cinematográficos,DAC - Directores Argentinos Cinematográficos,173
354174832122232,El equipo de Emiliano,These ads ran without a disclaimer,169
110336638100765,El Archivo - Periodismo de investigación,El Archivo - Periodismo de investigación,167
125183747539071,Noticias Argentinas,Noticias Argentinas,166
417293091784162,Romina Del Plá,Frente de Izquierda,166
947520791967929,Claudio Poggi,Claudio Poggi,164
103665608847016,Juntos por el Cambio San Lorenzo Salta,Juntos por el Cambio San Lorenzo Salta,161
765662933605449,Fabian Aballay,Nestor Fabian Aballay,158
119693794421876,Sabbadini Gobernador,Mauro Sabbadini,157
112595328432641,Wado 2023,Jóvenes con Wado,157
699853426735213,Gustavo Solis,Gustavo Solis Monico,150
113347327938892,Bullrichmania Argentina,Me&Bo Consultora,147
119263738124438,Roberto Meri,Roberto Meri,146
163984417021229,Diario Jornada,Diario Jornada,144
105166715290140,Momento Uno,Momento Uno,142
231169830377923,Gabriel Solano,Frente de Izquierda,139
113288233452533,Nancy Picón,Nancy Picón,139
327490147360219,Martín Berhongaray,Martín Berhongaray,136
111397701828101,Sergio Vallejos,Sergio Guillermo Vallejos Mini,119
110079031997390,Con Larreta,Con Larreta,118
304176325478,La Política Online,La Política Online,115
102007812840437,Jóvenes con Wado,Jóvenes con Wado,113
108383368141862,Jorge Baracatt Orán Primero,Jorge Baracatt Ruiz,109
107022228690687,Jornada Nacional,Jornada Nacional,107
103021535961289,Cede,Cede,105
130929705668,Municipalidad de Córdoba,Municipalidad de Córdoba,105
141991679847091,Taquion,Taquion,101
1408542766063285,Carla Carrizo,Ana Carla Carrizo,≤100
985257904886548,"Gaston Esperanza "" Seamos ParTe """,Jonatan Gaston Esperanza,≤100
403416169712996,Fundación para la Investigación Científica y los Estudios Sociales,Fundación para la Investigación Científica y los Estudios Sociales,≤100
1488831318060288,Unión Europea en Argentina,Delegación de la Union Europea,≤100
121316147606957,,Cinthia Nahir Mohamed,≤100
399216250203388,Julio Loza,Julio Antonio Loza,≤100
103780997884434,Comunidad Argentina,Comunidad Argentina,≤100
1192374014146549,María Emilia Abdelnabe,Maria Emilia Abdelnabe,≤100
107862828349752,Tiempo de Córdoba,Tiempo de Córdoba,≤100
558106334670581,Mauro Leiva,Leonardo Jesús Araya,≤100
105493327767840,Newsweek Argentina,Newsweek Argentina,≤100
322272181265936,"Partido Producción y Trabajo Capital, San Juan","Partido Producción y Trabajo Capital, San Juan",≤100
100151736415392,Cordobalanumerouno,Cordoba la número 1,≤100
103491299400318,Daniel Facio,Daniel Alberto Facio,≤100
259700217384725,Le Monde diplomatique - Edición Cono Sur,Capital Intelectual S.A.,≤100
101349631999937,Noticias para el Cambio,Noticias para el Cambio,≤100
301506776559902,Gobierno de Córdoba,Gobierno de Córdoba,≤100
781928915296113,Carlos Ale,Juan Carlos Ale,≤100
145806262649419,Fer Miño,Patria de Todos,≤100
113395874909201,Punto Noticias,Punto Noticias Web,≤100
103565956013593,Miguel Ramos Intendente,Miguel Ramos Intendente,≤100
105021265448275,Alberto Hensel,Alberto Hensel,≤100
544640985878621,Argentinos Online,Argentinos Online,≤100
114466054858948,Eduardo Cerimedo,Eduardo Cerimedo,≤100
110568602036048,,Córdoba La Número 1,≤100
358162257947051,Ricardo Bussi,Ricardo Matias Mercado,≤100
103948405867129,El Confidencial Noticias,El Confidencial Noticias,≤100
238546219688035,Felipe Alvarez,Hay Futuro La Rioja,≤100
134557130216408,Jorge Jofré,Jorge Jofre,≤100
108079067629612,Jose Javier Galan,Jose Javier Galan,≤100
108041374236253,Juan Raed,Juan Eduardo Raed,≤100
114529141604678,"Rosana ""Rosi"" Perez",Rosana Betriz Perez,≤100
241738410043978,Patricia Mojica 2023 TANTI,Patricia Mojica 2023 TANTI,≤100
1491984484412073,Juan Casañas,Juan Francisco Casañas,≤100
104373848008745,Dr Armando Felipe Cabrera,Armando Felipe Cabrera,≤100
507667842763334,Paula Gargiulo,Paula Gargiulo,≤100
105868508128629,60 segundos,60 Segundos,≤100
149619018406294,Siglo XXI Editores Argentina,Siglo XXI Editores Argentina S.A.,≤100
958750317533178,Manuela Castañeira,Nuevo MAS,≤100
101268092728725,Federico Caroprese,Federico Caroprese,≤100
108310030871947,Martin Cordoba,Martin Cordoba,≤100
117948037902006,Alfredo Castro,Alfredo Mario Castro Lopez,≤100
795202843959456,El Disenso,El Disenso,≤100
705172499580470,Gustavo Martinez,Gustavo Martinez,≤100
593149474205894,Topo Ramos,Topo Ramos,≤100
101185972235145,PJ La Pampa,Partido Justicialista La Pampa,≤100
101558199460395,Julio Heredia,Julio Ignacio Heredia,≤100
565548733496177,Álvaro González,Alvaro Gonzalez,≤100
190356261138005,Leandro Zdero,Leandro Zdero,≤100
111492845540608,Fondo de Cultura Económica Argentina,Fondo de Cultura Económica Argentina,≤100
119198871133312,José Luis Flaco Furió,Jose Luis Flaco Furió,≤100
218683311587619,Jorge Alberto Giorno,Jorge Alberto Giorno,≤100
211047755609903,Anibal Calafell,Anibal Horacio Calafell,≤100
340167656709022,Federico Agüero,Federico Agüero,≤100
429298067264790,Sergio Ziliotto,Partido Justicialista Distrito La Pampa,≤100
162700400413304,Revista Realidad Económica,IADE,≤100
133937418577537,Utopia Urbana,Utopía Urbana,≤100
810080482399261,Striptease del Poder,Francisco Javier Llorens,≤100
1420904314883935,El Puntano,El Puntano,≤100
168606106578096,Municipio Ciudad de Arroyito,Norte Creative SRL,≤100
193671924033178,El Argentino,Estudio AMBA SRL,≤100
100800369677597,Marcelo Veron Lista 204,Angel Marcelo Veron,≤100
397862603671761,Maria de los Angeles Sacnun,Maria de los Angeles Sacnun,≤100
428179387610545,Agenda Malvinas,Agenda Malvinas,≤100
2351045021780928,Domy Orquera,Ricardo Matias Mercado,≤100
110882341844562,Maferio Inversiones,Mariano German Fernandez Del Rio,≤100
177720598950247,La Ciudad Desnuda,Juan Esteban Scoufalos,≤100
100272671672857,Carlos Cisneros,Carlos Cisneros,≤100
148539931942743,Rodrigo de Loredo,Rodrigo de Loredo,≤100
2251397431784810,InfoArgentina,Comunicarg,≤100
178919202140944,Francisco Quintana,Francisco Quintana,≤100
241766066497583,Leandro Cavaco,Leandro Cavaco,≤100
439796909491346,JIS Juventud de Izquierda Socialista,Izquierda Socialista,≤100
117769075088356,Francisco Torroba,Francisco Torroba,≤100
114029474255640,Alejandro González,Alejandro Gonzalez,≤100
107318882337863,Élida Rechi,Elida Del Valle Rechi,≤100
118567894507531,César Molina,César Gabriel Molina Holguin,≤100
110064912018163,Ezequias Albarracin,Ezequias Carlos Augusto Albarracin,≤100
106809542339751,Juan Pablo Chiesa,Juan Pablo Chiesa,≤100
107492908656019,Carolina Gianinetto,Carolina Gianinetto,≤100
105792915475105,Osvaldo Fernández,Osvaldo Fernández,≤100
102858281496444,Argentinos hoy,Argentinos hoy,≤100
104046341137293,Panorama Pais,Panorama Pais,≤100
233734300112003,Juan Monteverde,Ciudad Futura,≤100
120358755344291,Leo Rodriguez,Leo Rodriguez,≤100
147542145441233,Rodolfo Colombo,Rodolfo Guillermo Colombo,≤100
105152432570567,Edgar Zorzenon 2023,Ana Rosa Funes Aragón,≤100
1426373070912699,Cholila Online Portal de Noticias Digital,Cholila Online,≤100
436246103621788,Damián Selci,Unidad Ciudadana Hurlingham - UCH,≤100
113923401326706,El país ya,El país ya,≤100
409696462551334,Gustavo Aromí,Jose Gustavo Aromí,≤100
1405120706440456,Conclusión,Diario Conclusión,≤100
794695574216418,Pal' Sur,Laura Funes,≤100
122405214162665,Nicolas Dri,These ads ran without a disclaimer,≤100
113962914977034,Somos FORJA,Somos Forja,≤100
112677681794155,Gabriela Bastarrechea,Gabriela Bastarrechea,≤100
65695624363,Rubén Giustiniani,Igualdad y Participación,≤100
183755148656395,Emiliano Durand Salta,Jorge Mario Emiliano Durand,≤100
563327423719873,"Ernesto ""Tatú"" Bernabey","Ernesto ""Tatú"" Bernabey",≤100
146903305519923,Vocacion,Vocacion SRL,≤100
168941069944763,Martin Maquieyra,Pro La Pampa,≤100
119077831153224,Mariana Cheminet,Mariana Belen Cheminet,≤100
100151736415392,Cordobalanumerouno,Cordoba la número uno,≤100
1699977183360918,Tane Da Souza Correa,Tane Gabriel Da Souza Correa Hunt Lubel,≤100
2080345335315710,Desocupados y Precarizados de la Corriente Clasista y Combativa - Cordoba-,Desocupados y Precarizados de la Corriente Clasista y Combativa - Cordoba-,≤100
104195999244021,Primero La Pampa,Primero La Pampa,≤100
107975088946980,Diego Quinteros Intendente,Santiago Ellena,≤100
224143214809992,Luciano di Nápoli,Luciano di Nápoli,≤100
348079589034455,Juampy Robles - Concejal,Juan Pablo Robles,≤100
967512253279966,Martin Medrano,Martin Medrano,≤100
605540860101596,Diario Criollo,Diario Criollo,≤100
59772763998,Mauricio Ibarra,Eduardo Mauricio Ibarra,≤100
673677419727300,Horacio Vermal,Ricardo Matias Mercado,≤100
1521919534702954,Unión Cívica Radical,Sebastian A Gomez,≤100
102570774863673,LOBBY,LOBBYEscuela,≤100
2125270134364647,Sergio Tamayo,Sergio Tamayo,≤100
1489647321335052,Huguito Kenny,Huguito Kenny,≤100
102296947917534,Ramiro Ortega,Ricardo Matias Mercado,≤100
113384436026702,Caren Tepp,Ciudad Futura,≤100
113154660093157,Marca informativa,Marca informativa,≤100
103657458036950,Empleados de Comercio Autoconvocados de Tucumán,Empleados de Comercio Autoconvocados de Tucumán,≤100
940518472631584,José Castro,José Castro,≤100
862393870465260,Fabian Martin,Fabian Martin Intendente,≤100
108562965017764,vaccottifer,These ads ran without a disclaimer,≤100
1471624973068591,Bettina Romero,Bettina Romero,≤100
142425022497855,Juan M Quiroga (OFICIAL),Juan Manuel Quiroga Lucero,≤100
454694298006068,Ayelen Acosta,Ayelen Acosta,≤100
188988467785959,José Cano,José Cano,≤100
108176051507360,Libres del Sur Pilar,Magali Soledad Soledad,≤100
248577745302010,Francisco Echarren,Francisco Echarren,≤100
109769948749430,PJ Santa Rosa,PJ Santa Rosa,≤100
1544223389195438,Juan Pablo Funes Bianchi,Juan Pablo Funes Bianchi,≤100
1466119057008930,Fundación IDEAR Córdoba.,Fundación IDEAR Córdoba.,≤100
362204533804292,Municipio de Río Grande,Municipio de Río Grande,≤100
132649176862320,Jorge Hoffmann,Jorge Hoffmann,≤100
1358967864150866,Ramon Cejas,Ramon Cejas,≤100
196552740363932,Lisandro Bonelli,Lisandro Emilio Bonelli,≤100
661820123919190,Gaston Hissa,Gaston Hissa,≤100
137982309546526,Aida Ayala,Aida Ayala,≤100
1647815162147101,Juan Pablo Allan,Juan Pablo Allan,≤100
103410296090476,Chau Bettina,Internas Salta,≤100
102160902467752,Juan Pablo Ortiz,Juan Pablo Ortiz,≤100
103670972714369,La Voz del Centro,La Voz del Centro,≤100
134856153222761,Aries On Line,Aries On Line,≤100
105207265845422,Sebastian Carbajal,Sebastián Carbajal,≤100
105791202046721,Punto Ushuaia,Punto Ushuaia,≤100
102194896086841,Neeeño,Neeeño,≤100
2021141788107491,Othar Macharashvili,Othar Macharashvili,≤100
386830351387514,InfoSanLuis.com,InfoSanLuis.com,≤100
114978559901087,Frente a Frente,Frente a Frente,≤100
793493827424692,Mauricio Camacho,Mauricio Camacho,≤100
139278336273596,Diario Impacto Salta Ok,Diario Impacto Salta Ok,≤100
1604553363177691,Raul Von Der Thusen,Raul Von Der Thusen,≤100
232102743650781,Tomás Bertotto,Tomás Bertotto,≤100
406037676834793,Gaceta Bonaerense,Gaceta,≤100
106808029052444,Notiarg Salta,Notiarg,≤100
103944978682114,Lado B Noticias,Lado B Noticias,≤100
383290885764994,Provincia Grande,Provincia Grande,≤100
105325592566571,,These ads ran without a disclaimer,≤100
591630090979869,Miguel Arancibia,Miguel Humberto Arancibia,≤100
103112032678024,Pico Es Comunidad,Pico Es Comunidad,≤100
686447918403785,Emiliano Durand,Juan Manuel Chalabe,≤100
327490147360219,Martín Berhongaray,Primero La Pampa,≤100
113122186717848,Emiliano Estrada,Emiliano Estrada,≤100
1858163871100141,Movimiento Popular Fueguino,Ce Pucheta,≤100
106277608413948,Felipe Biella,Salta Independiente,≤100
234890990763613,Federico Fulini,Federico Fulini,≤100
208352036028443,Municipalidad de Santa Rosa,Municipalidad de Santa Rosa,≤100
101978166192541,Los soldados de Gustavo,Por Amor a Salta,≤100
1397668493777947,Dignidad Ciudadana,Dignidad Ciudadana,≤100
418089322332801,Natalia Alcaraz,Natalia Alcaraz,≤100
366283017342581,Ana Miño,Ana Faustino Miño,≤100
104782484202318,Medio Buenos Aires,Medio Buenos Aires,≤100
102305658071845,Uthgra Córdoba,Julian Rousselot,≤100
100395029626459,Protagonistas del Cambio Buenos Aires,Protagonistas del cambio,≤100
295043477617451,Somos Modelo Riglos,PJ Miguel Riglos,≤100
723782314401584,Enrique Estévez,Enrique Estevez,≤100
1725527357461878,Gustavo Orozco,Cinthia Nahir Mohamed,≤100
283646341668240,Noticias Urbanas,Noticias Urbanas,≤100
596691070692528,Alejandro Molinuevo,Alejandro Molinuevo,≤100
119851421739420,Informate Valle,Informate Valle,≤100
111051871572130,Partido Libertario La Pampa,Roberto Miguel Prchlik,≤100
111424165032805,Fabiana Carrizo,Fabiana Carrizo,≤100
105243845864345,Dr. Ricardo Valdez Garcia,Jose Ricardo Valdez Garcia,≤100
405968363074387,Marco Julio Puricelli,Ideas y Vision,≤100
755993527765325,Franco Aranda,Franco Aranda,≤100
461511601302238,Monica Juarez Salta,Mónica Gabriela Juárez,≤100
109258315464001,Valeria Lange,Valeria Lange Gurruchaga,≤100
103048591208756,Daniela Rodríguez de Gramajo,Daniela Rodríguez,≤100
191398291019999,Radio Rivadavia San Luis,Radio Rivadavia San Luis,≤100
113677188301150,Matias Porta,Matias Alejandro Porta Aldave,≤100
1010952492291178,Victoria Tolosa Paz,Camino a la Victoria,≤100
114234778298466,Guemes Juntos por el Cambio,Rodrigo Ezequiel Maidana,≤100
604575512919532,Cristian  Andino,Cristian  Andino,≤100
109385351968930,Florencia Vargas,Florencia Vargas,≤100
1676408809269820,Municipio Bahía Blanca,Municipalidad de Bahía,≤100
147255748694051,Fernando Espinoza,Municipio de La Matanza,≤100
1580891525460837,Walter Raul Wayar,Walter Raul Wayar,≤100
102501249471351,Por Amor a Salta,Por Amor a Salta,≤100
112049281793676,Luis Giraudo,Luis Giraudo,≤100
110984251257472,Informe San Juan,Informe San Juan,≤100
1970394976522659,Flavia Delmonte,Almacen Creativo,≤100
171330806277312,Diego Santilli,Instituto República,≤100
109951468726663,Marcelo Sosa,These ads ran without a disclaimer,≤100
1018409418303450,Dra. Veronica Sikora,Veronica Sofia Sikora,≤100
953905991479034,Medio Ambiente Bahía,Municipalidad de Bahía Blanca,≤100
1551213951808839,Vanina Biasi,Frente de Izquierda,≤100
2327114977572273,Gustavo Fernández,Gustavo Emilio Fernandez,≤100
102483756080570,Claudio Ulman,Claudio Ulman,≤100
104856199182046,Gato Fernández,Gato Fernández,≤100
120898767662942,,Derecho al Futuro,≤100
2257336131186551,Noticias HOY,Gaceta Bonaerense,≤100
451835641522345,Marcelo Rodio,Marcelo Rodio,≤100
117366571329676,MOPOF TDF,Rene Marcelino Arenas,≤100
1546471862335425,Mónica Urquiza,M.Urquiza,≤100
108352032061590,Gabriel Bornoroni,Gabriel Bornoroni,≤100
115110241989476,Plus Informacion Noticias,Plus Informacion Noticias,≤100
123397554068517,M a r c e l o   G i l,Marcelo Gil,≤100
327454924058033,Mariano Campero,Mariano Campero,≤100
206539149915701,Contá Pué Salta,Laura Natalia Carmona,≤100
763096350471714,Josema Carambia,Josema Carambia,≤100
1801160446825374,Andrés Forgione,Roberto Andres Forgione Svoboda,≤100
1643352192630981,Marcos Ferrer,Marcos Ferrer,≤100
795021870593381,Info al día,Info al Día,≤100
1782770091995310,Mariano Castagnaro,Mariano Castagnaro,≤100
1450635761836520,Damian Loli Löffler,Damian Loli Löffler,≤100
910681208985751,Ecosfueguinos,ecofueguino,≤100
108912352140741,Silvio Quiroga OK,Silvio Adrián Quiroga,≤100
100520825048827,Movant Connection,These ads ran without a disclaimer,≤100
112508605140740,La Capital que queremos,La Capital Que Queremos,≤100
226274607518972,Gimena Martinazzo,Gimena Martinazzo,≤100
1114644811920610,HolaSalta.com,HolaSalta Noticias,≤100
102680194915433,PRO Tierra del Fuego,PRO Tierra del Fuego,≤100
1153275128093478,Eli Gomez Alcorta,Soberana,≤100
106986760983071,Redacción Política,Baires News Group,≤100
1605180749766737,Sergio Miodowsky,Sergio David Miodowsky,≤100
114163574254864,Fabio Ponce,Fabio Ponce,≤100
525334380868858,Martín Lousteau,Fundación Lebensohn,≤100
1567551246808899,Laura Vilches,Frente de Izquierda,≤100
194915524789483,Emiliano Paradiso,Emiliano Paradiso,≤100
81460078787,Eduardo Accastello,Eduardo Accastello,≤100
422411574885385,Adrian Valenzuela,Adrian Valenzuela,≤100
886667964679142,Fabián Gramajo,Fabián Gramajo,≤100
1449898071912775,Colegio de Arquitectos de la Provincia de Córdoba,These ads ran without a disclaimer,≤100
1662250880709156,Lanús Municipio,Lanús Municipio,≤100
660416864150494,Obras La Pampa,Obras La Pampa,≤100
126315175948563,Observatorio Abraham Lincoln,Observatorio Abraham Lincoln,≤100
314748251973356,Eduardo Toniolli,Eduardo Toniolli,≤100
101096627908478,Infotdf 2.0,Infotdf 2.0,≤100
743239569098884,Marcelo Cossar,Marcelo Arnolfo Cossar,≤100
104711022488758,Vecinos x Miramar,Info del mar,≤100
105373529189466,Claudio Gareis,Claudio Gabriel Gareis,≤100
136204053764268,Espacio Tecnológico RGA,Municipio de Río Grande,≤100
112233751493488,Lavoz de Chubut,LaVozdeChubut,≤100
465558466800210,Maxi Pullaro,Juntos por el Cambio Evolución,≤100
109977027273576,Luis Rubeo,Luis Daniel Rubeo,≤100
1500115890258790,Juan Facundo Marocco,Juan Facundo Marocco,≤100
120343584305760,Nati Aguiar,Natalia Aguiar,≤100
113342722009221,La Topadora,Gustavo Gabriel Vaccarella,≤100
1397261800533190,La 10 Noticias,la10oran.com,≤100
111981023974911,Vecinos movilizados,Vecinos movilizados,≤100
110406051651124,Walter Barrientos,Walter Adrian Barrientos,≤100
104936284799353,Ente Municipal BioCórdoba,Ente Municipal BioCórdoba,≤100
1552768431431930,Aguas del Norte Salta,LUBER CBA,≤100
101761569495985,Miguel Nanni 2023,Miguel Nanni 2023,≤100
1724549447807950,Ministerio de Desarrollo Social de La Pampa,Ministerio de Desarrollo Social de La Pampa,≤100
102538172681467,Eduardo Virgili,Eduardo José Virgili,≤100
291254690958520,Gobierno de Corrientes,Gobierno de Corrientes,≤100
233792609964941,Municipio de Esteban Echeverría,Municipio de Esteban Echeverría,≤100
724996754296086,Luciano Acedo Salim,Luciano Acedo Salim,≤100
809034769189260,Municipalidad Comodoro Rivadavia,Municipalidad de Comodoro Rivadavia,≤100
619796898105048,Partido Socialista Mar del Plata,PS Mar del Plata,≤100
1656592141049722,Miguel A. Bonino,Miguel A. Bonino,≤100
107277605038253,Lanús Construye Futuro,Lanús Construye Futuro,≤100
204401556350395,Gustavo Valdés,Gustavo Valdés,≤100
434310316685752,Gabriela Lena,Gabriela Lena,≤100
110890305299900,Danny Velázquez Concejal,Danny Velazquez,≤100
102289782502796,Prensa Digital,Prensa Digital,≤100
338544673468178,Fernando Oyarzún,Fernando Dario Oyarzun Santana,≤100
113474153674452,Secretaría de Gestión Ambiental y Sostenibilidad,Secretaría de Gestión Ambiental y Sostenibilidad,≤100
2269026170037377,Roberto Casari,Roberto Casari,≤100
100370865976735,Reporte del Valle,Reporte del Valle,≤100
425899544931153,CloudMasters,These ads ran without a disclaimer,≤100
358442097543367,Materia,These ads ran without a disclaimer,≤100
120223804387904,dailypositivityboost,These ads ran without a disclaimer,≤100