﻿Page ID,Page name,Disclaimer,Amount spent (BRL)
425350744240843,Comitê Internacional da Cruz Vermelha,Comitê Internacional da Cruz Vermelha,774
171169022896525,Guaraná Antarctica,Ambev,222
478752158813845,Maurício Eskudlark Deputado,Assinatura Do Titular,207
159103797542,Greenpeace Brasil,Greenpeace Brasil,195
241789676153937,Carlos Humberto,Carlos Humberto Metzner Silva,190
587065281989375,Topazio Neto,Topazio Silveira Neto,150
290081184425295,Prefeitura De Balneário Piçarras,Prefeitura Municipal de Balneário Piçarras,148
106558185227603,BP Select,Brasil Paralelo Entretenimento e Educação S/A,146
101189854802059,Revista Oeste,Revista Oeste,124
112830251033781,Tiger,GRUPO HEINEKEN,≤100
328393683976480,Ricardo Guidi,Ricardo Zanatta Guidi,≤100
110418455214538,Bernardo K.,Filhos do Trovão,≤100
105726912062788,Secretaria de Desenvolvimento Social - Prefeitura de Blumenau,Secretaria de Desenvolvimento Social,≤100
1069481486459981,Antídio Lunelli,Antídio Aleixo Lunelli,≤100
360125334431298,Renova BR,ASSOCIAÇÃO RENOVA BR,≤100
1385523878422010,Dr. Vicente Caropreso,Dr. Vicente Caropreso,≤100
214687541970095,Ed Pereira,EDMILSON CARLOS PEREIRA JUNIOR,≤100
1563118247151513,André Vechi,André Vechi,≤100
301683207203511,Jeferson Cardozo,Jeferson Cardozo,≤100
118678938210868,SIMPI,SIMPI,≤100
7970426802,WWF-Brasil,WWF-Brasil,≤100
113165042099382,Brasil 61,Brasil 61,≤100
198849783539777,Buscofem,Buscofem,≤100
104064514767021,Vereador Oda Jornalista,Oda Jornalista,≤100
104625758942119,Siga Antenado,"ASSOCIACAO ADMINISTRADORA DA FAIXA DE 3,5 GHZ - EAF",≤100
104738421003389,InvestNews BR,Easynvest,≤100
219033621828208,Kleberson Lima,Kleberson Lima,≤100
163893463708223,Marcelo Vitorino,Vitorino & Mendonça,≤100
104825035648255,Enerugi Solar,Leonardo Gomes Da Motta,≤100
172659486199550,Anderson Luz Dos Santos Batata,Anderson Dos Santos,≤100
121116005943892,Saúde Não Se Pesa,NOVO NORDISK FARMACÊUTICA DO BRASIL LTDA,≤100
330379553673497,Oxfam Brasil,Oxfam Brasil,≤100
181979211894401,ENGIE,These ads ran without a disclaimer,≤100
1767220630177139,Animal Equality Brasil,Animal Equality Brasil,≤100
938599402898254,Maryanne Mattos,Maryanne Mattos,≤100
1452263511652954,Câmara de Vereadores de Itajaí,Câmara de Vereadores de Itajaí,≤100
1890511691240948,Roberto Pereira,Roberto Pereira,≤100
104498669210628,Gustavo Rodrigenes,Assinatura Direito,≤100
227274370727764,Deputado Ivan Naatz,Ivan Naatz,≤100
108742321417244,Gerson Aragão,SCIREJUS APLICATIVOS JURIDICOS LTDA,≤100
255804437808407,Vale,Vale,≤100
110225312350543,Nova Escola,Associação Nova Escola,≤100
109918909035681,Cerveja Brahma Oficial,Ambev,≤100
258088921369,TOTVS,TOTVS,≤100
224777780881144,Visão Mundial,Visão Mundial,≤100
366915959992127,Luciane Carminatti,Juliana Cardoso,≤100
122923285036030,Júlia Zanatta,Júlia Zanatta,≤100
333720355130,Petrobras,Petrobras,≤100
665498620499336,"O Novo Legislativo, por Renata Cunha",Instituto Renata Cunha,≤100
109272165397476,Gerson Aragao,SCIREJUS APLICATIVOS JURIDICOS LTDA,≤100
109097015300387,Discfone,These ads ran without a disclaimer,≤100
320910192098867,Ufficio in Sensa Comunicação,Sensa Comunicação,≤100
422665284772249,Fernando Ulrich,Liberta Agentes Autonomos de Investimentos S/s LTDA,≤100
108153514018164,Vereador Roger Knipers,Roger Knipers,≤100
1578235319127195,Seiko Brasil,ORIENT RELOGIOS DA AMAZONIA LTDA,≤100
112778851729160,Longevidade e Saúde Pública,GROWTH HUB DIGITAL LTDA,≤100
113005112093720,Aldo Solar,Aldo Solar,≤100
101230328792183,Portal Concursos & OAB,PORTAL CURSOS PREPARATORIOS E OAB LTDA,≤100
344898319691456,Narcóticos Anônimos,Associação Brasileira de Narcóticos Anônimos,≤100
795066333934481,Mulheres Republicanas,Mulheres Republicanas,≤100
359871157981726,Decorando a Lei Seca,Decorando a Lei Seca,≤100
281294009445473,Bericó,Rafael Da Silva Vasques,≤100
111186368956008,Academia Brasileira de Direito Constitucional,ABDConst,≤100
239977579362882,Blue3,Blue3 Investimentos,≤100
1498647100170828,Prefeitos do Futuro,Prefeitos do Futuro Cursos e Treinamentos LTDA,≤100
107318201742773,Gerador de Votos,Carlos Bomfim,≤100
115558703488480,IDP Online,Instituto Brasiliense de Direito Publico,≤100
1700227383437806,OC Advogados,Oliveira e Carneiro Sociedade de Advogados,≤100
1504580766531518,Mulheres Progressistas,PROGRESSISTAS - BRASIL - BR - NACIONAL,≤100
102804299269494,Professor Gilson de Souza,Professor Gilson de Souza,≤100
308976223304,Tintas Coral,Akzonobel,≤100
403991616637353,MEU TUDO,These ads ran without a disclaimer,≤100
194885963868969,Rider,These ads ran without a disclaimer,≤100
104486751876738,Tenente Coronel Zucco,Luciano Zucco,≤100
190320721462647,Vereador Dalmolin,Marciano Dalmolin,≤100
1449509425352173,Junior Legrazie,These ads ran without a disclaimer,≤100
132804480113814,PwC Brasil,PwC Brasil,≤100
127789930632668,Conectas Direitos Humanos,Conectas Direitos Humanos,≤100
114545680471703,Pedro Quintanilha - Mentalidade Empreendedora,Eduardo Lima Ferreira,≤100
173480706086444,The Nature Conservancy Brasil,The Nature Conservancy Brasil,≤100
172271576134185,Habitat para a Humanidade Brasil,Habitat para a Humanidade Brasil,≤100
187970114581051,Anistia Internacional Brasil,Anistia Internacional Brasil,≤100
144522665592650,DevMedia,DevMedia,≤100
355911231202401,Luiz Antonio Medeiros,Luiz Antonio De Medeiros Neto,≤100
106623079444681,INLEGIS,INLEGIS,≤100
835813059780644,Valdir Cobalchini,Valdir Cobalchini,≤100
578229998997103,Centro de Direitos Humanos - CDH de Brusque,Centro de Direitos Humanos - CDH de Brusque,≤100
282802611759257,MidiaJur - Jornalismo Plural,Midiajur,≤100
172444996112900,Fundo Brasil,Fundo Brasil,≤100
107742651063250,Academia de Pesquisa,Academia Brasileira de Formação e Pesquisa,≤100
1016014891780524,Estratégia Carreira Jurídica,ESTRATEGIA CONCURSOS SA,≤100
1490922331155430,Unicursos Curitiba,UNICURSOS CAPACITAÇAO E TREINAMENTOS LTDA,≤100
171342419582453,"CNC - Confederação Nacional do Comércio de Bens, Serviços e Turismo","CONFEDERACAO NACIONAL DO COMERCIO DE BENS, SERVICOS E TURISMO - CNC",≤100
165175370206522,Citi Brasil,Citi Brasil,≤100
104553347942750,Eder Borges,Eder Fabiano Borges Adao,≤100
2323904661180742,All Out Brasil,All Out,≤100
107991364211853,Eder Zalima,These ads ran without a disclaimer,≤100
185875761943,MDB Nacional,MOVIMENTO DEMOCRÁTICO BRASILEIRO,≤100
110334640725080,ima.brasil,IMA - Instituto Mulheres da Amazônia,≤100
107809564197704,Cetur - Conselho Empresarial de Turismo da CNC,"CONFEDERACAO NACIONAL DO COMERCIO DE BENS, SERVICOS E TURISMO - CNC",≤100
112021296931600,Mônica Lopes,IBPOM,≤100
100155452970527,Giovanni Iago Martins,These ads ran without a disclaimer,≤100
263199020531986,JOTA,JOTA,≤100
358687161234,Proteção Animal Mundial,Sociedade Mundial de Proteção Animal - WSPA BRASIL,≤100
1920971094843826,Mauá Assessoria em Comércio Exterior,Mauá Assessoria em Comércio Exterior,≤100
350338089341698,ASA Investments,ASA Investments,≤100
101686389517962,MA News,Felipe MA News,≤100
145608108896911,Frente Parlamentar da Agropecuária - FPA,Instituto Pensar Agropecuária,≤100
193719533998484,Fundação Fernando Henrique Cardoso,Fundação FHC,≤100
1632845003624410,Lúcio Sorge,Lucio Sorge,≤100
1746222495610114,Prof. Karine Waldrich,Karine Waldrich,≤100
106670505267397,O Diário da Capital,DIARIO DA CAPITAL PUBLICIDADE E COMUNICACAO LTDA,≤100
111107365231646,Restricoes Imediata,These ads ran without a disclaimer,≤100
1555937724629128,Comitê Guandu - RJ,Comite Guandu RJ,≤100
511088952358805,Vereadora Márcia Socorristas Animais,Marcia Helena Martins Henrique,≤100
449637565569308,Hold,Hold Assessoria Legislativa,≤100
139007399495933,Fundação SOS Mata Atlântica,FUNDACAO S.O.S. PRO-MATA ATLANTICA,≤100
163893463708223,Marcelo Vitorino,IDP,≤100
109785372399873,IAB - Instituto dos Advogados Brasileiros,Instituto dos Advogados Brasileiros,≤100
241839765912021,Estratégia Concursos,ESTRATÉGIA CONCURSOS SA,≤100
100475402294243,Consciência Brasil,Felipe Gabriel Coelho Gomes,≤100
456485074374104,Sindipetro SP,SINDICATO DOS TR NAS IN DE EX PE PR RE DE AR DI E TRA ATRAVES DE DU E IM DE PE DE E SI DOS EST DE SP GO E D FEDERAL,≤100
1313633058744565,Impulsiona,Instituto Península,≤100
481960978885807,Paula Belmonte,PAULA MORENO PARO BELMONTE,≤100
1990589534564935,CMP Brasil,CMP Central de Movimentos Populares,≤100
105520569004820,Absolar Comunica,Associação Brasileira de Energia Solar Fotovoltaica,≤100
667463076729677,UniGospel,UniGospel,≤100
110626451689345,ernaniricardo08,These ads ran without a disclaimer,≤100
555803774486872,Marcio Bittar,Marcio Miguel Bittar,≤100
1431719646851969,Abel Lumer,Abel Lumer,≤100
115172553721431,Perfil Brasil,These ads ran without a disclaimer,≤100
540247616482635,Nohs Somos,These ads ran without a disclaimer,≤100
458245938056642,LIMPA MEU NOME,Andre Serra,≤100
228909183838663,Fundação Demócrito Rocha,Ismael Pereira Da Costa,≤100
103809779034193,Valeriote Cursos e Consultoria,Valeriote Cursos e Consultoria,≤100
844549288949778,IBPAD - Instituto Brasileiro de Pesquisa e Análise de Dados,IBPAD - INSTITUTO BRASILEIRO DE PESQUISA E ANALISE DE DADOS LTDA - ME,≤100
269629626488137,Amazônia Passa Aqui,Amazônia Passa Aqui,≤100
112260971515571,ESG Academy,WAYCARBON SOLUCOES AMBIENTAIS E PROJETOS DE CARBONO S.A.,≤100
109354687306376,Instituto Conhecimento Liberta,Instituto Conhecimento Liberta,≤100
266080903460734,Rosane Felix,ROSANE FELIX DO NASCIMENTO MALTA,≤100
149518311835447,Renata Bueno,Renata Bueno,≤100
1451224711778737,RJ Investimentos,RJ Investimentos,≤100
115172553721431,Perfil Brasil,Grupo Perfil,≤100
101687831462814,"Rodrigo Andrade, A Real Mudança",Rodrigo Andrade,≤100
386384768194437,Agenda em Foco,Agenda em Foco,≤100
102116182790071,Aléferson Menez,Direito Do Titular,≤100
103039778175459,Hospitais PROADI-SUS,HCor,≤100
962615323779536,Progressistas,PROGRESSISTAS - BRASIL - BR - NACIONAL,≤100
128802790469337,Todos Pela Educação,Todos Pela Educação,≤100
105639018457893,Caput Cursos Jurídicos,These ads ran without a disclaimer,≤100
171840886173148,Meu Bolso em Dia,These ads ran without a disclaimer,≤100
210467206143608,Portal de Prefeitura,Portal de prefeitura,≤100
103586255620966,Portal O Judiciário,Interativa Serviços de Marketing Ltda,≤100
290571231086443,Abrão Filho Banking & Câmbio,Abrão Filho Banking & Câmbio,≤100
104161123005913,Fundação Tide Setubal,Fundação Tide Azevedo Setubal,≤100
106308415121143,Politique - Detalhamento de Votos,PRATIC SERVIÇOS EM TECNOLOGIA DA INFORMAÇÃO LTDA,≤100
755979534560972,Instituto Liberta,Instituto Liberta,≤100
108555800869440,Sleeping Giants Brasil,Sleeping Giants Brasil,≤100
111072768573924,Consciência Brasil São Paulo,Felipe Gabriel Coelho Gomes,≤100
102275945221840,Portal Tucumã,Portal Tucumã,≤100
1806569426246745,Grupo Boticário,BOTICARIO PROD DE BELEZA LTDA,≤100
415540188621036,Marco Jean de Oliveira Teixeira - Advogado,Marco Jean de Oliveira Teixeira,≤100
106051688279046,pedagogiadasubversividade,These ads ran without a disclaimer,≤100
107063348442736,Cultura Jurídica,FMR - CURSOS ONLINE LTDA,≤100
221371211998801,Delegada Ione,Ione Maria Moreira Dias Barbosa,≤100
103779715064518,Uma Concertação pela Amazônia,Instituto Arapyaú de Educação e Desenvolvimento Sustentável,≤100
101933305564897,Promic,Riole,≤100
2012142269028425,Vinícius Mariño - Investidor Sempre em Alta,Dionei Marino,≤100
160737920693217,Soprano,These ads ran without a disclaimer,≤100
226121024066240,WRI Brasil,WRI Brasil,≤100
1791040007779382,Excelência Educação,Excelência Educação,≤100
105830294740129,Projeto CITinova,Social Comunicação,≤100
104514725151901,a hora do dinheiro,Victor Pinto Amatucci,≤100
109789152161,Sou da Paz,Instituto Sou da Paz,≤100
167275643309998,Press Pass,Press Pass,≤100
170773429643671,"Rádio Alvorada FM 94,9",Rádio Alvorada,≤100
158849670845566,Instituto Claro,These ads ran without a disclaimer,≤100
305663189589587,Magela,Geraldo Magela,≤100
190833037616321,Jornal Extra,Jornal Extra,≤100
108880634683461,Johnny Alves,Johnny Alves,≤100
106880955545803,Amanda Laíse Pinaffo - Advogada,Amanda Laíse Pinaffo,≤100
114962733487927,Feito para ELA,These ads ran without a disclaimer,≤100
106206361334270,Marketing Político de Conteúdo,Samuel Jacques,≤100
344484892246127,CCE - PUC- Rio,FACULDADES CATOLICAS,≤100
534805630341699,Idecan Oficial,"INSTITUTO DE DESENVOLVIMENTO EDUCACIONAL, CULTURAL E ASSISTENCIAL NACIONAL",≤100
500679196780578,Instituto Ekos Brasil,Instituto Ekos Brasil,≤100
1703820879881222,Vereador Thiago Rodrigues,Thiago Rodrigues Alves,≤100
2544666325578449,Eleja.se,Eleja.se,≤100
101321981647613,Instituto Montese,Instituto Montese,≤100
102708939379145,ZOOM,These ads ran without a disclaimer,≤100
255091081355835,Luigi Matté,Luiz Matte,≤100
104772221982385,Alessandra Algarin,These ads ran without a disclaimer,≤100
207518726005432,PSTU Nacional,PSTU,≤100
106072831914487,aastrologa,These ads ran without a disclaimer,≤100
388136594579750,Vereador Alexandre Zóio,Alexandre Araujo Dauage,≤100
108147365877214,Canal Futura,Fundação Roberto Marinho,≤100
238761896484083,Rosana Valle,Rosana Valle,≤100
232264546798998,Portal do Marcos Santos,Portal Marcos Santos,≤100
103630108616298,Contratos da Nova Economia - Bruna Puga,These ads ran without a disclaimer,≤100
106597675665748,Método Love Comex,These ads ran without a disclaimer,≤100
1557005771249685,Brado Logística,These ads ran without a disclaimer,≤100
105613392441944,Larimar Store,Vitoria Fernandes Neto Oliveira,≤100
1915028175242169,Ana Paula Freiberger,These ads ran without a disclaimer,≤100
103311422061401,Instituto Nacional de Educação Perinatal e Saúde,These ads ran without a disclaimer,≤100
108507658061574,Zero Águia,Eliezer Fernandes,≤100
142168189270337,Mongabay Brasil,These ads ran without a disclaimer,≤100
742859855830690,IRELGOV,IRELGOV,≤100
111671374292683,jorgeanaice_adv,These ads ran without a disclaimer,≤100
101360006230848,sinpol_chapa01,These ads ran without a disclaimer,≤100
265312144321652,Patriarca-Cidadania Italiana,Giuliana Callia,≤100
109010565274160,Repense - O movimento,These ads ran without a disclaimer,≤100
1513585108888249,Syngenta,Syngenta,≤100
106516327837356,Etienne Coutinho Musso,These ads ran without a disclaimer,≤100
118558464851986,ACTbr,These ads ran without a disclaimer,≤100
269116656508331,Faaftech Soluções Inteligentes,These ads ran without a disclaimer,≤100
2419372891669210,MS em Brasília,MS em Brasília,≤100
251565088803687,DRD Advogados,DRD Advogado,≤100
220441185110006,Deputado Amauri Ribeiro,Amauri Ribeiro,≤100
649566832145349,Informe Digital,Interativa Serviços de Marketing Ltda,≤100
446633805423159,Instituto Vera Cruz,Instituto Vera Cruz,≤100
101928459402878,Show Money,NATURALE HEALTH PRODUTOS NATURAIS,≤100
167198460539347,Moises Diniz,Moises Lima,≤100
106896372083988,Mapas Históricos,Diogo Rodrigues,≤100
139640876082234,Pés Sem Dor,These ads ran without a disclaimer,≤100
106617988251761,A Máquina Pública,Bernardo Matos,≤100
112091987960572,Dr. Rubens Duarte,These ads ran without a disclaimer,≤100
1641991982711846,CBIC Brasil,Câmara Brasileira da Indústria da Construção,≤100
113197840331191,Comunikey - Agência de Marketing e Publicidade,Iveson Gabriel Basileu De Oliveira Lima,≤100
101698949133179,Thais Cassano - Bequal,Thais Cassano - Bequal,≤100
110665402343019,Revista Alumínio,These ads ran without a disclaimer,≤100
228301373863551,Agência Pública,Agência Pública,≤100
1543051279253905,Editora Vestígio,These ads ran without a disclaimer,≤100
100642719495685,Rose Mossatti Psicologia,These ads ran without a disclaimer,≤100
1840055949555538,Sargento Simões,Anderson Simoes,≤100
100955269589537,dylan_morgan._,These ads ran without a disclaimer,≤100
100345019665053,forumafroindigena,These ads ran without a disclaimer,≤100
1732023947072573,Vereador César Oliva,Vereador César Oliva,≤100
110692778578215,Campanha Ativa,Filipe Batista Leal,≤100
1491681474458343,Bancários Rio,Sindicato dos Bancários do Rio de Janeiro,≤100
593485057410236,EBEC - Escola Brasileira de Educação Corporativa,These ads ran without a disclaimer,≤100
487920657993654,Hulk Manauara,These ads ran without a disclaimer,≤100
101860049874361,Australian Centre,LEANDRO PANTONI FANTINI . W,≤100
113650866857533,Diversitera,Diversitera,≤100
111415723959626,Barão do Itabapoana,These ads ran without a disclaimer,≤100
105363295032606,airanascimento.perfil,These ads ran without a disclaimer,≤100
101163162655722,Tatu Moda Infantil,These ads ran without a disclaimer,≤100
103438224930561,Fabiano - Vereador,Carlos Henrique Suzin Camargo,≤100
590848761359111,Lenon.Psico,These ads ran without a disclaimer,≤100
1548556795408072,Construtora MTF,These ads ran without a disclaimer,≤100
105801254634153,Advogado Carlos Renan,These ads ran without a disclaimer,≤100
201878973201295,Republicanos10,Republicanos10,≤100
101472396014942,"Você Sabia, sobre isso ?",These ads ran without a disclaimer,≤100
489767924509572,Simples Assim,These ads ran without a disclaimer,≤100
104832915030137,minutodegestao,These ads ran without a disclaimer,≤100
100693686287563,liviapedrosa.adv,These ads ran without a disclaimer,≤100
132804480113814,PwC Brasil,Pedro Martins,≤100
216425768503772,Jorge Lapas,Jorge Lapas,≤100
100216759682380,vivianbauer.adv,These ads ran without a disclaimer,≤100
104305151051208,Unisinos Online,These ads ran without a disclaimer,≤100
345276309373066,Juntos,These ads ran without a disclaimer,≤100
101783505980592,jaquekoester,These ads ran without a disclaimer,≤100
435467973165066,Fundação Ulysses Guimarães Nacional,Fundacao Ulysses Guimaraes,≤100
1008846355811866,Lincoln Reis,Lincoln Reis,≤100
262829777095884,Rodrigo Ashiuchi,Rodrigo Kenji De Souza Ashiuchi,≤100
123884341029248,João Jorge,JOÃO JORGE DE SOUZA,≤100
1168808356551035,Vereador Dr. Rodrigo Furtado,Rodrigo Cezar Furtado De Almeida,≤100
239624862864871,Relatório Reservado,Hush Comunicação,≤100
1561397794177163,Assibge/SN - Sindicato nacional dos trabalhadores do IBGE,ASSIBGE SN,≤100
101444044999179,Sou de Gaia,These ads ran without a disclaimer,≤100
103483818151512,Janaina Castro,Janaina Castro,≤100
506417589696816,Asbraf,ASBRAF,≤100
102618584945452,Cristina Pizzollo,These ads ran without a disclaimer,≤100
105383346220289,APUFPR-SSind - Associação dos Professores da UFPR,APUFPR,≤100
271967173628338,Mário Guarnieri,These ads ran without a disclaimer,≤100
101622959493439,zilaadvogada,These ads ran without a disclaimer,≤100
1024840290996769,Lucas Pimenta,Lucas Pimenta,≤100
1459364967727482,Comunidade de Silvicultura,Comunidade de Silvicultura,≤100
653112735303079,Graziela Oliveira,These ads ran without a disclaimer,≤100
104464852126288,Cyane Santos,These ads ran without a disclaimer,≤100
396626607095420,Magda Mofatto,Magda Mofatto,≤100
175321705851059,Associação Cidade Escola Aprendiz,These ads ran without a disclaimer,≤100
496059387239070,Kogiaridis,These ads ran without a disclaimer,≤100
106636887795907,Prof André Gazola,These ads ran without a disclaimer,≤100
599004516880467,ABRIG - Associação Brasileira de Relações Institucionais e Governamentais,Associação Brasileira de Relações Institucionais e Governamentais,≤100
103768438180017,Lab Criação,Lab Criação,≤100
645930878879905,Pastor Marciano Alves,José Marciano Alves Bezerra,≤100
1016999154983533,No Ângulo,These ads ran without a disclaimer,≤100
193453687358589,Arthur Virgílio,Arthur Virgilio Neto,≤100
1347323285284021,Fenamp,FENAMP,≤100
111523297088078,Yakult Brasil,These ads ran without a disclaimer,≤100
117312711693709,Rural Business,These ads ran without a disclaimer,≤100
196548557024498,FACESP - Federação das Associações Comerciais do Estado de São Paulo,Facesp,≤100
101456402800744,Prof Barbosa - Diretor,These ads ran without a disclaimer,≤100
114248903470049,Frente Parlamentar Mista da Medicina,Frente Parlamentar de Medicina,≤100
360422581191126,Luiz Miguel,Luiz Miguel Martins Garcia,≤100
679821905561335,Extracampo,These ads ran without a disclaimer,≤100
107459444893454,Blog Papo Reto / TV,These ads ran without a disclaimer,≤100
762103667223967,Vereador Ítalo Otávio,Ítalo Otávio,≤100
105647274598407,Psimunhoz,These ads ran without a disclaimer,≤100
103729722624880,Brasil news,These ads ran without a disclaimer,≤100
102548621888682,Eternia Investimentos,These ads ran without a disclaimer,≤100
107308124311861,AGRUM - Agrotecnologias Integradas,These ads ran without a disclaimer,≤100
337834286345988,Fundação Milton Campos,Fundação Milton Campos,≤100
386613051435067,TOTO ARTES,Tanielton Lopes Pereira J,≤100
201044363357878,Aliel Machado,Aliel Machado,≤100
203043583143359,Curso Sapientia,These ads ran without a disclaimer,≤100
514706501940538,Buffet Styllus Piraju,These ads ran without a disclaimer,≤100
100440424845197,Advocacia Previdenciária do zero - Prof. Thony Rennan,These ads ran without a disclaimer,≤100
109664705035041,luizfernandostoinski,These ads ran without a disclaimer,≤100
1594613884123934,IDIB,INSTITUTO DE DESENVOLVIMENTO INSTITUCIONAL BRASILEIRO - IDIB,≤100
106800955606118,execucaopenalcgms,These ads ran without a disclaimer,≤100
101876479285535,tuliohpereira,These ads ran without a disclaimer,≤100
115857999863045,Aliança pelo Brasil,These ads ran without a disclaimer,≤100
109429358713961,jeeffeh,These ads ran without a disclaimer,≤100
596268980414957,Instituto Alfa e Beto,These ads ran without a disclaimer,≤100
108906852120288,Caçadora de Pechinchas,These ads ran without a disclaimer,≤100
319356418132318,Gestos,Gestos Soropositividade Comunicação e Gênero,≤100
107238095621159,Instituto de Defesa Social,These ads ran without a disclaimer,≤100
1528883990668811,Cepuerj - Centro de Produção da Uerj,Centro de Produção da UERJ,≤100
101137249329218,ABS Caricaturas,These ads ran without a disclaimer,≤100
115841240283275,Mimessi Advocacia,These ads ran without a disclaimer,≤100
762090013865211,Professor Maykon Santos,Maykon Santos,≤100
100628735889721,marimarmet.adv,These ads ran without a disclaimer,≤100
109011192089352,Pensar Bantu,These ads ran without a disclaimer,≤100
244240322271716,Cidade Nova (Ananindeua/PA),These ads ran without a disclaimer,≤100
1709574719311503,Romagnole,These ads ran without a disclaimer,≤100
111016938496895,mullersantosadv,These ads ran without a disclaimer,≤100
101997359490715,Anki do Delta - flashcards para concursos,These ads ran without a disclaimer,≤100
703029363127813,Deputado Estadual Jari Oliveira,Jari Oliveira,≤100
108965374263364,José Ferreira Alves - Zé Ferreira,These ads ran without a disclaimer,≤100
578382219021586,Lelo Couto,These ads ran without a disclaimer,≤100
1737308239666824,Janad Valcari,Janad Marques De Freitas Valcari,≤100
2304417933138888,Fabricio Corrêa - Marketing Político,These ads ran without a disclaimer,≤100
111974658416222,Cidadão Pietatiano,These ads ran without a disclaimer,≤100
154846982013131,Vereador Jorge Willian,Jorge Willian Feistler,≤100
102326262678977,Mario Rosa,These ads ran without a disclaimer,≤100
217295094966945,Ciência Hoje,These ads ran without a disclaimer,≤100
101637231797969,Brasil Ex Pulvere,These ads ran without a disclaimer,≤100
593483960666081,Fundación WWB Colombia,These ads ran without a disclaimer,≤100
1482884495306077,NaturallyJess Photography,These ads ran without a disclaimer,≤100
106708708228342,School of Humanity,These ads ran without a disclaimer,≤100
64982236830,Alumni Association of the University of Michigan,These ads ran without a disclaimer,≤100
354397697217,IEEE Xplore,These ads ran without a disclaimer,≤100
31292782350,Deutschland.de,These ads ran without a disclaimer,≤100
113640768294556,akopovteam_,These ads ran without a disclaimer,≤100