﻿Page ID,Page name,Disclaimer,Amount spent (TND)
141662475911566,Instance Supérieure Indépendante pour les Élections - ISIE,Instance Supérieure Indépendante pour les Élections - ISIE,≤100
166178460072395,اليونيسف بالعربية - UNICEF in Arabic,اليونيسف باستخدام اعتمادات الإعلان على الفيسبوك,≤100
124252504303223,UNICEF (FR),UNICEF avec des crédits publicitaires Facebook,≤100
102957431109934,نهضة تونس,These ads ran without a disclaimer,≤100
606721589343692,FIFA World Cup,These ads ran without a disclaimer,≤100
68793499001,UNICEF,UNICEF with Facebook Ad Credits,≤100
127757937250301,German Information Centre Arab World - المركز الألماني للإعلام,These ads ran without a disclaimer,≤100
104701205457256,QVDN,These ads ran without a disclaimer,≤100
1509413712605916,ICAO - International Civil Aviation Organization,These ads ran without a disclaimer,≤100
303624683019094,HACEY's Health Initiative,These ads ran without a disclaimer,≤100
169687486427698,Jentezen Franklin,These ads ran without a disclaimer,≤100