﻿Page ID,Page name,Disclaimer,Amount spent (EUR)
1420588184916754,Aleksa Becic - Demokrate - Demokratska Crna Gora,Aleksa Becic - Demokrate - Demokratska Crna Gora,≤100
313006358903165,Građanski pokret URA,Građanski pokret URA,≤100
58776108439,Socijaldemokratska partija Crne Gore - SDP,Socijaldemokratska partija Crne Gore - SDP,≤100
103645778920740,Portal Dnevno,Portal Dnevno,≤100
819639921464707,Socijaldemokrate Crne Gore,Socijaldemokrate Crne Gore,≤100
103582794819949,Aleksa Becic,Aleksa Becic,≤100
970400053026143,Нова српска демократија,Нова српска демократија,≤100
252814308920994,Digital Forensic Center - DFC,Digital Forensic Center,≤100
1496330687264500,Dritan Abazović,Dritan Abazovic,≤100
291831471242238,Damir Šehović,Damir Šehović,≤100
102291838392541,Circular Economy Beacons,These ads ran without a disclaimer,≤100
463772493979276,Anuga FoodTec,These ads ran without a disclaimer,≤100
102500518635499,ENTR en,These ads ran without a disclaimer,≤100
1220117934702141,Français à distance - Французский с Дарьей Петренко,These ads ran without a disclaimer,≤100