﻿Page ID,Page name,Disclaimer,Amount spent (EUR)
110821668651393,MTÜ Õiglase Riigi Nimel - ÕRN,MTÜ Õiglase Riigi Nimel,≤100
115982931763745,Elu24,AS Postimees Grupp,≤100
115634898452178,Postimees,Postimees Grupp,≤100
161252453921396,Keskerakond,Keskerakond,≤100
114807506825550,LIFE Eesti,Keskkonnainvesteeringute Keskus SA,≤100
317340428300152,Ehituse ABC,These ads ran without a disclaimer,≤100
440576492694989,Meditsiiniuudised,AS Äripäev,≤100
1473173919576991,Tööstusuudised.ee,AS Äripäev,≤100
407479074907,RMK,RMK,≤100
815336728538828,Täiskasvanuharidus Eestis - EPALE,These ads ran without a disclaimer,≤100
2217643278496367,Riho Terras,Isamaa Erakond,≤100
175403439321496,Keskkonnaagentuur,These ads ran without a disclaimer,≤100
114004685304193,Raamatupidaja.ee,Raamatupidaja.ee,≤100
162244807165070,RMK по-русски,RMK,≤100
285680708134170,Tartu Ülikooli teaduskool,These ads ran without a disclaimer,≤100
468873137208405,Fermi Energia,Fermi Energia,≤100
191048954816233,Utilitas,Utilitas,≤100
405367699805160,Nähtamatud Loomad,Nähtamatud Loomad,≤100
233123435884,Eestimaa Looduse Fond,Eestimaa Looduse Fond,≤100
471684969530551,Eesti Pank,Eesti Pank,≤100
172201122878662,Деловые Ведомости / Delovõje Vedomosti,Деловые Ведомости,≤100
165505543854570,Edasi.org,Edasi.org,≤100
399470273720579,Finantsuudised,Finantsuudised.ee,≤100
419827918155173,Jüri Ratas,Eesti Keskerakond,≤100
443351665830219,Timber.ee,These ads ran without a disclaimer,≤100
103764607908619,Sergei Redki Сергей Редкий,Sergei Redki,≤100
178362315106,European Parliament,European Parliament,≤100
1380694195285538,Центристская партия / Tsentristskaja partija,Eesti Keskerakond,≤100
625329771243439,Andrei Korobeinik,Andrei Korobeinik,≤100
512805845411415,ITuudised,AS Äripäev,≤100
131942593914,Euroopa Komisjoni esindus Eestis,Euroopa Komisjoni esindus Eestis,≤100
304603650755,Justiitsministeerium,These ads ran without a disclaimer,≤100
109504878012353,Ядерная энергетика Эстонии,Fermi Energia,≤100
143433035688531,Rus.Postimees,AS Postimees Grupp,≤100