﻿Page ID,Page name,Disclaimer,Amount spent (CHF)
169510248558,Die Mitte - Le Centre,Die Mitte,≤100
97220294896,SP Schweiz,SP Schweiz,≤100
193388757364033,Solidar Suisse,Solidar Suisse,≤100
921336971288655,Nagra,Nagra,≤100
1524954517562834,Prominis,Prominis GmbH,≤100
194790813901953,Grüne Schweiz,Grüne Schweiz,≤100
101203448879130,Initiative für Umweltverantwortung,Junge Grüne Schweiz,≤100
125466200895962,Valentin Landmann,Sven Kunz,≤100
111930631689315,migroliNOTsocar,Migrolinotsocar,≤100
169752569742293,Schweizerischer Gewerbeverband sgv,Schweizerischer Gewerbeverband sgv,≤100
110533229026103,EVP / PEV,EVP Schweiz,≤100
111081131629685,Blackout stoppen,Volksinitiative «Jederzeit Strom für alle (Blackout stoppen)»,≤100
108505338136191,Initiative pour la responsabilité environnementale,Junge Grüne Schweiz,≤100
48980326364,Public Eye,Public Eye,≤100
257497631736082,Gletscher-Initiative,Verein Klimaschutz Schweiz,≤100
36735923253,umverkehR,umverkehR,≤100
169042736456594,All Out,All Out,≤100
291359247729208,PS Suisse,PS Suisse,≤100
104176871670876,Renteninitiative - Für eine sichere & nachhaltige Altersvorsorge,Verein Renteninitiative,≤100
201545746545669,Solidar Suisse,Solidar Suisse,≤100
103269145789541,Stop au blackout,Initiative populaire « De l’électricité pour tous en tout temps (Stop au blackout) »,≤100
1462022710772147,Hans Egli,These ads ran without a disclaimer,≤100
100345702834585,All Out Deutschland,All Out,≤100
97721121385,Public Eye,Public Eye,≤100
175478195846132,Les Vert·e·s suisses,Grüne Schweiz,≤100
692001657599783,Vincent Arlettaz,Vincent Arlettaz,≤100