﻿Page ID,Page name,Disclaimer,Amount spent (USD),Number of ads in Library
115610190354167,Maguette Sène Officiel,Maguette Sène Officiel,≤100,1
641572929530326,Actu221.net,Mamadou Moustapha Ndiongue,≤100,3
105708120879544,Déthié FALL Officiel,Djibril Beye,≤100,1
101576436228266,Ndongo2024,Ndongo Ndiaye,≤100,1
200480966638039,Supremacy 1914,These ads ran without a disclaimer,≤100,2
104189875729285,Meleye Seck l'officiel,Meleye Seck,≤100,1
102415047928145,Shanghai Electric,These ads ran without a disclaimer,≤100,1
106790331630116,La médecine de l'heure,These ads ran without a disclaimer,≤100,1
153063591397681,Amazon Web Services,These ads ran without a disclaimer,≤100,1
148799861816516,Al-Anwar Al-Najafyia Foundation,These ads ran without a disclaimer,≤100,1
368119983327926,العربي الجديد,These ads ran without a disclaimer,≤100,1
200226622453,NOWNESS,These ads ran without a disclaimer,≤100,1
100331663036214,Yu-227,These ads ran without a disclaimer,≤100,1
103843752435966,Morehackz - The R Page,These ads ran without a disclaimer,≤100,1
104368422598347,Card VPN,These ads ran without a disclaimer,≤100,2
110223380476268,Génération Sans Tabac,These ads ran without a disclaimer,≤100,1
110702765272482,Magic1423-03,These ads ran without a disclaimer,≤100,1
100949305633793,Silent_High Quality113-V,These ads ran without a disclaimer,≤100,1
131664893560695,Origins OSU,These ads ran without a disclaimer,≤100,1
114053828319874,HL Connection #3,These ads ran without a disclaimer,≤100,1
100979089555293,Jose Bedoya,These ads ran without a disclaimer,≤100,1
112757083778788,"Economic Daily, China",These ads ran without a disclaimer,≤100,1
133945616646913,RioOnWatch.org,These ads ran without a disclaimer,≤100,1
204426449574330,CNN Africa,These ads ran without a disclaimer,≤100,3
101289218907718,Web News,These ads ran without a disclaimer,≤100,2
287842647957979,EU International Partnerships,These ads ran without a disclaimer,≤100,2
241664783089008,Xin,These ads ran without a disclaimer,≤100,1