﻿Page ID,Page name,Disclaimer,Amount spent (USD)
109854728594212,برنامج تحديث القطاع العام,برنامج تحديث القطاع العام,≤100
103323581486845,النائب سليمان موسى ابو يحيى,Sleman Abuyahia,≤100
918614474927297,وزارة الشباب الأردنية,وزارة الشباب الأردنية,≤100
521303771314889,وزارة الصناعة و التجارة و التموين الاردنية Mit.gov.jo,Muhanad Alomyan,≤100
478377408852073,صحيفة صدى الشعب الاردنية,صحيفة صدى الشعب الاردنية,≤100
107141858896307,Rewell Society,Rewell Society,≤100
104343205670775,حزب إرادة - تحت التأسيس,حزب إرادة - تحت التأسيس,≤100
1929306147386446,الحزب الديمقراطي الأجتماعي الأردني,الحزب الديمقراطي الأجتماعي الأردني,≤100
68793499001,UNICEF,These ads ran without a disclaimer,≤100