﻿Page ID,Page name,Disclaimer,Amount spent (INR)
791496597580042,Miracles Academy Of Arts & Media Pvt.Ltd.,Miracles Academy Of Arts & Media Pvt.Ltd.,25987
68793499001,UNICEF,UNICEF with Facebook Ad Credits,11238
294493857651676,Rahul Gandhi,Indian National Congress,8275
421179061356837,Eknath Shinde - एकनाथ संभाजी शिंदे,Pratik Sunil Sharma,5598
100113008488735,Eknath Shinde FC,Future ready media,5438
21169267101,Give,Give,5430
2078242259060363,Kukufm,Mohana Saha,5034
112293334871512,Bharat Jodo,Indian National Congress,3222
103704155350118,Gates Foundation India,The Bill & Melinda Gates Foundation,3093
265195530302394,Balasaheb Thorat,Inspire,2900
102112998968049,भाषण कला स्पेशल,Pavankumar Dadasaheb Jadhav,2886
107395897271506,Kutumb,Swatantra Verma,2605
105671775473178,Jan Suraaj,Jan Suraaj,2519
30290552843,Greenpeace India,Greenpeace India Society,2508
1802548926655168,Online Neta - ऑनलाईन नेता,Anil Mahadev Mane,2267
104516512296314,Kartik Sharma,Adv Tech,2125
147699975283367,Ranajagjitsinha Patil,Trimurti Techserv Pvt. Ltd.,2044
756384587862302,Vijay Wadettiwar,Lohar Vaibhav Ramesh,2026
230195174008918,Ajit Damodar Gavhane,Ajit Damodar Gavhane,1952
1488581191158902,Conscious Planet,Isha outreach,1584
100608179537917,संजय गुलाबराव शिंदे,Vaibhav Vijayrao Hote,1573
1485239008369110,Ummeed Child Development Center,These ads ran without a disclaimer,1504
105915151834417,Budget Hospital,Shaikh Slman,1419
351616078284404,Indian National Congress,Indian National Congress,1388
109888271582555,Be The Change For TB,Johnson & Johnson India Private Limited,1386
381955135781255,Distoy Farak Shivshahi Parat,shivshahiparat.com,1239
132689140088396,smilefoundation,Smile Foundation,1179
100628812908396,Mahavikas Aghadi Parivartan Panel - महाविकास आघाडी परिवर्तन पॅनल,Saksham Consultancy Services,1163
1841020989480900,Sachin Bhosale- शिवसैनिक,Rajaram Anant Parab,1158
840235416065132,Yogesh Jankar - योगेश तातोबा जानकर,Rajaram Anant Parab,1115
155418314920954,Orchid HRD Trainings भाषणकला व राजकीय नेतृत्व कौशल्य प्रशिक्षण,Ganesh Subhashrao Lomte,1085
109986065209042,Mera Apna Rahul,Mera Apna Rahul,1081
2004846376396890,Chandrapur Municipal Corporation,Mohit C Chugh,1063
109533447462224,Chittaranjan Nana Gaikwad - चित्तरंजन नाना गायकवाड,Ashwini Navnath Pawar,1058
106616452269197,Prof. Kiran Patil - प्रा. किरण पाटील,Ravi Babanrao Ambekar,1056
101713962007976,Amrit Mahotsav,Amrit Mahotsav,936
559874610769875,Ganpat Gaikwad - गणपत गायकवाड,Amit Ashok Dhanji,847
696682427199877,Udaysing Rajput - उदयसिंग राजपूत,Udaysing Sardarsing Rajput,818
146210172453196,Dj Sagar Music Recoding Studio Barshi,Survase Samarth Shekhar,782
103782051383159,School of Politics,School of Politics,750
532582040125177,Polkhol Maharashtra - Kantikumar Jain,Kantikumar Harakchandji Jain,745
642996226201566,Sudhakar Shrangare,Aslam Afroz Kazi,735
225469604484322,"GI Tagged - Geographical Indications, India",GiTAGGED,728
1360805680600676,Sandeep Kshirsagar,Yogesh Padmakarrao Pawar,665
604601406569422,"Shree Gurudev Marketing,Nagpur Shree balaji Marketing kirti Garments ,Tumsa",Pavankumar Ghanshyam Malewar,644
100236529615629,Dr Hemant Shyam Sonare,Zaid Ahmed Khan,640
102423252174151,Yesgrow Solutions and Management Pvt. Ltd.,Shridevi Sanjay Survase,613
270004953755495,Murji Patel,Our Dreamwork,590
165714096933078,Piyush Goyal,Piyush Goyal,587
101431949440959,Ashok Chalak - अशोक चाळक,Ram Ashok Kalapahad,573
639763609717368,Abhijeet Pawar,Rajaram Anant Parab,558
466642616726169,Parul University,Parul University,537
2208966319392864,Shree Mahalakshmi Realty,Sourabh Anand Jawalkar,506
106567631300522,The Shinde Sena,Ritesh Bhimrao Bhagat,505
132309676835568,Lokmat,Pranoti Vasant Dalvi,501
449538358418368,GE,These ads ran without a disclaimer,494
184037471806795,Om Rajenimbalkar - ओम राजेनिंबाळकर,Sagar Sarangdhar Randive,493
395019600679886,Prithviraj patil,Rohitkumar Narayan Shinde,479
1785302198354679,Dr. Somendra Tomar,Somendra Singh,471
109354741887336,Udhay Anna - உதய் அண்ணா,Politicode,452
1190373854366805,Maharashtra Today,Maharashtra Today,450
1764533767120960,Arun Rajwade - अरुण राजवाडे,Omkar Ramesh Bibave,444
366128933595050,Vilasbhau Madigeri,Vilas Hanumantrao Madigeri,396
365136584238569,Shiv Deswal Degana,Brand Balance Private Limited,389
1234043973365624,"Saisamrat Institute Of Hotel Management and Chef Arts - Pune, Kolhapur",Sublize Technology,369
320948854754761,Prabhakar Shinde - प्रभाकर शिंदे,Abhishek Krushnakumar Jha,365
293568454809587,अभिषेक भैय्या भगत Abhishek Bhagat,Adv Abhishek Bhagat,360
481470751983754,Ravikant Tupkar,Ravikant Chandradas Tupkar,354
115439215193935,Marathwada Neta,Aslam Afroz Kazi,353
298361834441412,Marathi Viral League,Marathi Viral League,334
190386637655399,C40 Cities,These ads ran without a disclaimer,326
606637642815737,Sharad zambre,Sharad Prabhakar Zambre,320
1376050752425437,Vinod Mishra,Abhishek Krushnakumar Jha,318
103713345529119,Shahajibapu Patil,Rohitkumar Narayan Shinde,314
103704155350118,Gates Foundation India,These ads ran without a disclaimer,311
110517711902096,श्री जानुबाईमाता ग्रामविकास पॅनल बोपर्डी,Nilesh Arvind Salunkhe,309
112814766940734,Mahesh Gaikwad,Pawan Baban Ahire,304
1226111734066360,Sangram G Patil,Ruturaj Sadashiv Shelar,300
112562335027986,"मामा पॅनेल, वाटेगाव",Gaurav Dinesh Patil,298
103736375772710,यंदा गुलाल आपलाच : Kingmaker App,Dreams Ultimate Solutions,297
112733604245336,वृषालीताई दत्तात्रय चौधरी,Omkar Sanjay Patole,284
100735178208398,Udyami India,Samadhan Samiti,281
674757045920691,Jayadev Galla,Aditya Vemulapalli,271
430063320850056,Nitin Sawant - नितीन सावंत,Inbound Media Pvt Ltd,258
104490652376878,Vijay kumar kalyan matka,Vijaya Kumar,255
996424897179199,डॉ.अंकुश लाड - Dr.Ankush Lad,Pradeep Munjajirao Ranher,250
484005141664737,Lokmat Pune,Pranoti Vasant Dalvi,249
109707661884154,Indian Compass,theindiancompass.com,244
102014606089476,एस फोर  ए विकास आघाडी उजळाईवाडी,Rohit Sadanand Indulkar,241
109904738197648,Suyog Malusare-सुयोग मालुसरे,Chaitanya Prakash Shinde,240
892816974073155,Nagpur Metro Rail,Nagpur Metro Rail Project,240
104030655873576,Bharat K Gupta,Aksh Bhargava,233
537021156329658,Sukhbir Singh Jaunapuria,Pankaj Sharma,232
107622510642297,आपला माणूस सत्यजीत - Satyajeet Tambe Fan Club,These ads ran without a disclaimer,230
506140783198430,Sonia Doohan,Zaid Ahmed Khan,215
474831689553033,Kiran Lahamate,Kiran Yamaji Lahamate,214
108171055466974,Manoj Sarangdhar Lahudkar,Vaibhav Dnyandeo Shinde,211
1681083035531675,डाॅ.मंगेश तांबे पारोळा,Mangesh Sudhakar Tambe,211
198298410367433,Laxman Jagtap,Laxman Pandurang Jagtap,210
243524299157863,Pushkar Singh Dhami,Pushkar Singh Dhami,206
2289292054651400,Malhar Patil,Trimurti Techserv Pvt. Ltd.,205
100196004828444,North Eastern Council,Sourabh Arvind Dubey,204
100790243951550,Shivsrushti Pune,Media Vidya,204
103024224557885,Bhavana Ghanekar,Vinayak Kashinath Gaikwad,204
1601406430168052,Santosh Bhegade - संतोष भेगडे,Pauras Vilas Dukare,199
629892770538849,Kailas Patil - कैलास पाटील,Sagar Sarangdhar Randive,194
107261282229121,जैन कलार समाज - प्रयास पॅनल,Shrikant Rangnathrao Shivankar,192
779924902121386,Vinod Sonkar,Yash Bagh,185
611331855579071,Chitral World,Chitral World,183
605390272841833,Shrirang Appa Barne,Abhay Balu Ahire,183
551301658326619,Umesh Gaikwad,Shubham Santosh Joshi,180
110818484633424,Santosh Mukta,Aslam Afroz Kazi,177
104380522522154,Durgveda Rohit Jadhav - दुर्गवेडा रोहित जाधव,Inbound Media,175
959860307481002,Kasu Mahesh Reddy,Thulasiram Banduchode,172
1521487944736293,Factly,Factly Media & Research,168
408255699307921,Dr. Manoj Rajoria,Saurabh Saini,165
101727051728960,Naadbramha Idli,Gaurav Dinesh Patil,165
1513964588900738,Swaabhi,Swaroopa Devdatta Utgi,164
2252744158291401,Ram Bhojane,Kishor Kisanrao Hinge,164
1712796648938968,Undark Magazine,These ads ran without a disclaimer,163
108201448711806,abedainamdarseniorcollegepune,These ads ran without a disclaimer,159
746568209028564,Dr. Basu Eye Hospital,Dr. Basu Eye Hospital,157
102057352211388,Lokmat Mumbai,Pranoti Vasant Dalvi,154
109986065209042,Mera Apna Rahul,MeraApnaRahul,152
389498414421755,Salil Deshmukh,Salil Anil Deshmukh,149
110115671863420,Kacche Din,Kacche Din,149
107796941073051,Appasaheb Kothule Adhikrut,Aappasaheb Madhukar Kothule,147
100499375752339,आपला शेखर शेरे - Shekhar Shere,Daulat Hemant Meher,145
108254540531809,KP Live,Ram Ashok Kalapahad,145
104628274863598,भाजपा येणार मुंबई घडवणार,Mahesh Dattatray Bhendekar,143
111550147432930,Ishwar Tayade - ईश्वर तायडे,Daulat Hemant Meher,142
607310959291707,Samir Kunawar,Vinay Bhimrao Patil,141
265992950099792,Panchjanya,Bharat Prakashan (Delhi) Limited,139
108564890698720,Dhairryasheel Vijaysingh Patil,Sublize Technology,135
577856385582447,Raghu Sharma,Kanishk Bansal,133
1425680221060022,Dharashiv Majha,Dharashiv Majha,132
109252065289697,पुष्पा परशुराम प्रतिष्ठान - Pushpa Parshuram Pratishthan,Rahul Shankar Thakur,131
108537508471350,theemissary_,These ads ran without a disclaimer,127
1510631479236816,Hawa Badlo,social cloud ventures Pvt Ltd,127
1691192341172352,Yashwant Bhau Bhosale,Sushant Sayaji Salunkhe,119
105918132279967,DM Online Service,Chandra Pratap Singh,118
791996340811292,Dr Madhuri Borse,Vipul Jayantilal Bafna,118
103416108843131,Dig-Vijay Management App,Digvijay Hanmant Gaikwad,118
1185037964895346,Sancheti Hospital,These ads ran without a disclaimer,117
189271178483352,Five Lotus Indo German,Five Lotus Indo German,115
782150715136705,Nitin Bhujbal,Abinitio Brand consultant,114
825425780803214,Shrinath Bhimale,Ayush Prashant Bamb,113
110120115042838,Ramesh Choudhary,GRIP AMATYA PVT. LTD.,110
102749268302788,Vishwas Kashid - विश्वास काशिद,Shivray Production,108
606877419792314,Amit Chaudhary,Karan Singh,105
102980758178907,Rakesh Vaidya,Shankarrao Rakesh Vaidya,105
784341871657561,Chandrakant Anna Nakhate,Hitesh Vilas More,103
106872848798655,"AAM AADMI party- Matunga, Dadar",Nitin Ramesh Dalvi,103
894926347192119,Fauzia Khan,Inspire,103
101660868074292,Mahesh thakoor Bjp Udupi,Vijay S,103
110979134025495,Lokrajya,Manoj Motiram Jadhav,102
428465600694050,Archana Ranajagjitsinha Patil,Mangesh T Chaudhari,102
105661865085925,We Are Solapurkar,Nitesh Mahesh Pogul,101
100329235524970,Vaje Developers,Prashant Janardan Shinde,≤100
1687182014850361,Sanjay Rathod-संजय राठोड,Lohar Vaibhav Ramesh,≤100
104311631954217,Pharma Simplified,Dawa Charcha,≤100
1479103082361100,"Swachh Bharat Mission, India",Prashant Kumar,≤100
100111706263203,आपली अर्चनाताई - Aapali Archanatai,Innound Media,≤100
161789877175634,Science at Taylor & Francis,These ads ran without a disclaimer,≤100
1706371292942156,"Ministry of Development of North Eastern Region, Government of India",Sourabh Arvind Dubey,≤100
247698975430137,Basava Nadina Bhagiratha,Vishwanath Bs,≤100
132495066874513,GAIL (India) Limited,social cloud ventures,≤100
101840844650511,Rajkumar Choudhary,These ads ran without a disclaimer,≤100
417955518281067,Saurabh Singh,Sangyaa PR Consultants,≤100
343731449001203,Dainik Savera,These ads ran without a disclaimer,≤100
111868911739828,Ghulam Nabi Azad Fans,Advertiseyouonline,≤100
112973441652002,Thane Sarkar News,Akash Singh,≤100
104728772085638,Adv. Sandip Mulik - ॲड. संदीप मुळीक,Sandesh Jinapal Chougule,≤100
102121396083822,Atul Patil Bapu,Sanket Kachare,≤100
304168753787735,Mohan Singh Rathore,Mohan Singh Rathod,≤100
102762926008245,Office Of Harshwardhan Patil,Sanket Kachare,≤100
103040252649768,Environment Protection Technology Exhibition,WATER TODAY PVT LTD,≤100
102608619253290,Dr Kundan Sudhakar Phegade,Akash Singh,≤100
103070819279011,"Dadarao Dolharkar - मुख्याधिकारी,नगरपरिषद,यवतमाळ",Atique Arif Rahman,≤100
102461748719035,Ram Kunwar Meena,Pankaj Sharma,≤100
325414447583402,The Brights.,Brights Society,≤100
110160801942026,Ayushman,These ads ran without a disclaimer,≤100
31292782350,Deutschland.de,These ads ran without a disclaimer,≤100
170484126349815,Indian Cancer Society,Indian Cancer Society,≤100
2046779158899878,The Voice of Fashion,These ads ran without a disclaimer,≤100
472844082918408,Atik Kapadia,Krunal Ravindra Dalvi,≤100
102710804961947,Patanjali Nutrela Products,Saura Bh Sin Gh,≤100
104052753400618,Union Bank of India,Goldmine Advertising Limited,≤100
166178460072395,اليونيسف بالعربية - UNICEF in Arabic,اليونيسف باستخدام اعتمادات الإعلان على الفيسبوك,≤100
103305932088,Aramex,These ads ran without a disclaimer,≤100
108896604910535,MH25 News,Laxman Pandurang Mandole,≤100
1919641618278971,Sachin Chaudhary,Satish Kumar,≤100
339835596096353,Satish Poonia,Choudhary Ramesh Chaudhary,≤100
103206797721245,Tollygunge Trinamool Congress,Mohammad Azharuddin,≤100
109133858644134,Jayesh Murkute,Anup Bhalchandra Deodhar,≤100
101724687900314,Saurabh Kale,Saurabh Sudam Kale,≤100
1397767487148044,Jaidatta Kshirsagar,Jaydatta Sonajirao Kshirsagar,≤100
132061390878735,Vikram Goud,Vikram Goud,≤100
1828281760794251,Datla Chakravardhan Reddy,Prudhvi Chinigi,≤100
708844685796745,OP Choudhary,OP Choudhary,≤100
112326528253527,Apex Online Solution,Ajay Tiwari,≤100
107716488520333,कोमल बंका,Saurabh Tyagi,≤100
102515598506458,Adv Yogesh Adhav,Lovekesh Ramesh Sirgaiyye,≤100
103206797721245,Tollygunge Trinamool Congress,Nargis Khatun,≤100
345515465598152,Aapla Gaon,Saurav Nandkumar Katkar,≤100
109318911559878,Lahu Balwadkar FC,Shamal Hiralal Khairnar,≤100
142752549111246,Construction World Magazine,Asapp Info Global Services Pvt. Ltd,≤100
113655274919986,सौ.निता शरद मस्के,Sanket Kachare,≤100
484694901661075,2baconil,ZERO GRAVITY COMMUNICATIONS,≤100
103719915895025,Shri hari finance,Vikas Kumar,≤100
660476430787331,Gaurav Pandhi,Gaurav Pandhi,≤100
109735351891742,Apex India service,Ajay Tiwari,≤100
1932900346831325,Rajesh D Sanghvi,Rajesh Dineshchandra Sanghvi,≤100
483229772151234,"शिंदे समीर गणेशराव, दुधगांवकर",Akshay Nagesh Bhosale,≤100
105124865726721,Medapati Prakash Reddy,Medapati Prakash Reddy,≤100
357016611315216,पूर्व महापौर विभा कुमारी पुर्णिया,Bibha Kumari,≤100
152154292012572,Navjivan,Navjivan,≤100
110547558463007,अनाथांचा नाथ - एकनाथ,Akshaykumar Shesherao Barve,≤100
1116353905141402,Dr. Shivani Matanhelia,Kanushree Matanhelia,≤100
104032229137903,Mahendra Godbharle,Pundkare Vivek Gopal,≤100
112337648164178,Surya Samachar,Ajit Kumar,≤100
100485426184353,Rashtriya Uttar Bhartiya Samaj Party - Delhi,Manoj Kumar Singh,≤100
198298410367433,Laxman Jagtap,Shamal Hiralal Khairnar,≤100
544721985576852,"Tourism Department, Government of West Bengal",Digital Abhiyan,≤100
103868385851612,MahaYuti - महायुती,Akshaykumar Shesherao Barve,≤100
573455786084034,Dr Shrikant Eknath Shinde,Pratik Sunil Sharma,≤100
100448149494077,Devashish Dev,Devashish Dev,≤100
103723208008804,Rita Baviskar,Rita Bhupendra Baviskar,≤100
213947398791863,Dhananjai Singh Khimsar,Dhananjai Singh,≤100
105549345555779,Chetan Meshram - इंजि. चेतन महेशजी मेश्राम,Akash Singh,≤100
1433075113609108,Rakhee Rathore,Rohit Githala,≤100
103223545176933,Forest Division Durg,Vivek Banchhor,≤100
994578073995343,B. L. Verma,Sourabh Arvind Dubey,≤100
100467512847407,Rahul Balwadkar,Shivray Production,≤100
204318116677554,National Herald,National Herald,≤100
369780283211302,Dr. Sudhakar K,Divya Gowda,≤100
724244334312892,Smart Laboratories Pvt Ltd,Smart Laboratories Pvt Ltd,≤100
146702709146110,Ashu Singh Surpura,Ankit Kumawat,≤100
326102339565,Oxfam India,Oxfam India,≤100
113338681581166,NICT Technology Csp Pvt Ltd,Abhishek Kumar,≤100
109865758363404,Ojamin India,Ashish Ramesh Joshi,≤100
101840249362114,Ps Qucik Advisor Online Solution,Maniram Ramu Dhurwe,≤100
102288305962204,Dr Shrikant Shinde FC,Akshaykumar Shesherao Barve,≤100
108716531641352,Renewable Energy Expo,Water Today Pvt Ltd,≤100
1372667142873942,S-Team Services,S-Team Services,≤100
218519749005654,Dr. Rakesh Singh Jadon,Rakesh Singh Jadon,≤100
111412414416583,Saisamrat India Farmer Producer Company Limited,Sublize,≤100
105608048991533,Sahityalok,Rahul Kankan,≤100
1580949152147240,Saksham news india,Upendra Singh Rana,≤100
107844612055062,SURBHI GHAI,Raushan Raj Shrivastava,≤100
102897188475391,Dr. Bhaben Choudhury,Rohit Githala,≤100
816288898474925,Naresh Pareek,Pawan Kumar Sharma,≤100
1100194563332064,P J Chaudhary,Parthibhai Jethabhai Chaudhary,≤100
103207392085077,JP Valluru,Anshika Srivastava,≤100
928448863892029,RK Sinha,RK Sinha,≤100
1954072204870360,NEWJ,These ads ran without a disclaimer,≤100
385303288239154,Raghuveer Singh Tanwar,Raghuveer Singh Tanwar,≤100
2308874506058535,Kantanu Kundu,Kantanu Kundu,≤100
108156992053327,BYBIndia- India's Best Video Marketing Company,Sunita Singh,≤100
667862236707254,Rohit Kumar Singh,Arshad Ansari,≤100
393768164105774,Parimal Nathwani,Parimal Nathwani,≤100
406554676628011,NEWJ Garv,These ads ran without a disclaimer,≤100
112061804808512,Sports Development Authority of Bihar - SDAB,Ajit Kumar,≤100
350880081913337,Sahdev Salaria,Rajesh Jaswal,≤100
414299629034323,Sanjeev Agarwal,Satyam Agarwal,≤100
150727778825020,Mobius Foundation,Mobius Foundation,≤100
295405070641302,Balraj Kundu,Pankaj Sharma,≤100
107533605102536,Panchanagouda Dyamanagoudar Official,Sangmesh Kallappa Modi,≤100
100250732439696,Rajesh Singh,Rajesh Rambali Singh,≤100
100389844707830,Mahesh Tilakdhari,Mahesh Dawara,≤100
106018898610310,S K Butali,Jinnappa Yadappa Nandeshwar,≤100
162115051234970,Dharmendra Singh Lodhi mla,Dharmendra Singh Lodhi,≤100
695738973874352,Dr. Sumer Singh Solanki,Sumer Singh Solanki,≤100
206551940272964,Mahendra Kumar Rajput,Engitech Media,≤100
1607404612875963,Shankar Gora,Engitech Media,≤100
912096938897209,Vijay Singh,Vijay Singh,≤100
109587931825857,climatechange1.5,These ads ran without a disclaimer,≤100
321228061382932,Pt. Shekhar Dixit,Websofy Software Private Limited,≤100
1320592904705128,Ramhet Singh Yadav,Ramhet Singh Yadav,≤100
112454965016733,Manindra Jain,Naveen Singhal,≤100
109400273976649,Baat Bihar Ki,Baat Bihar Ki,≤100
186199704897466,RD Foundation,RD Foundation,≤100
1924627484438235,Arlak Ayurveda,Swati Dhiman,≤100
109066315147120,News Temple,Jainendra Agrawal,≤100
115220224403369,Yogesh Shukla,Shreshth Tiwari,≤100
747930775373319,Saral Patel,Saral Patel,≤100
112867380444214,Rajvardhan Singh Dattigaon,Shailendra Sial,≤100
213839668641820,Dr. Anil Jain,Deepak Pal,≤100
106976385494588,Ps Quick Online Services,Jotiram Shivaji Jadhav,≤100
385658441549334,Deepak Bhati Chotiwala,Dipak Bhati,≤100
349273359078396,Rameshappa Karad,Ajay Arjun Daund,≤100
363810233822217,Vikramjit Sahney,Gurdeep Singh,≤100
675268652538693,Dr Dhan Singh Rawat,secureo,≤100
104473875561391,Brown Paper,These ads ran without a disclaimer,≤100
111428248459427,Virat printers,Ganesh Machindra Netake,≤100
106126212227764,P Mudar Loan,Mukeshbhai Samatbhai Rathod,≤100
116852719713175,Suresh Kumar Akkala,Suresh Kumar Akkala,≤100
103428619189012,Ps Qucik Service,Jotiram Shivaji Jadhav,≤100
103760102031014,Rajeshwar Singh,Medevento Planner,≤100
637579153363871,Urmila Jain Bhaya,Kapil Sain,≤100
110041803678379,Kabir Shankar Bose,Kabir Shankar Bose,≤100
114717553693865,Liberal TV,Liberal TV Punjabi,≤100
284084385706387,Vineet  Dangi,Arun Kumar Sharma,≤100
107886535186701,Reshma Santosh Barate - रेश्मा संतोष बराटे,Reshma Santosh Barate,≤100
108132065348327,NaMo Story,Deepak Pal,≤100
1571167366231304,Ramakant Bhargava,Saket Bhargava,≤100
1100583156625229,Dheeraj Gurjar,Dheeraj Gujar,≤100
1433894153522813,Pramod Bhaya,Sharad Sharma,≤100
509680612544315,Dr.Sanjeev Kumar,Dr.Sanjeev Kumar,≤100
1382300511994686,Bhupendra Singh,Entertainment Chacha,≤100
1433894153522813,Pramod Bhaya,Kapil Sain,≤100
361031561139301,Rakesh Jangir,Saurabh Singh,≤100
101565746101514,Pooja Jaswani,Qazi Faraz Ahmad,≤100
179765292047054,Manickam Tagore,Kathiresan K,≤100
2156330694593998,Priyanka Pravin Barse,Priyanka Pravin Barse,≤100
367203836657399,Rajendra Singh Surpura,Ganesh Thapa,≤100
108209555020383,B somashekar,RMT,≤100
103102022564374,PS Quick Service Adviros Hub,Chandra Pratap Singh,≤100
100766795424041,मोदी योगी समर्थक,Nikhil Aggarwal,≤100
2163983083861031,Atul Kapoor,Atul Kapoor,≤100
182550995287327,Manish Kumar Singh,Mathar Khan,≤100
564555960375146,Bhavya Multimedia Services,Mahesh Raut,≤100
103123778911207,CSC Id Provider,Satyam Kumar Sahni,≤100
108663388441405,Punam Gupta for Municipal Chairman,Laxmi Prasad,≤100
293824977667889,Shakti Pratap Singh Rathore,Shakti Pratap Singh Rathore,≤100
110679913629785,Rajesh Yadav,Akash Singh,≤100
520949671329992,Indian School of Democracy,Indian School of Democracy,≤100
528144820729879,Pramod Sehwag,Vikas Kumar,≤100
282072332189983,Imperial Digital Solutions,Daulat Hemant Meher,≤100
234704393876570,Dr R K Verma,Rkverma,≤100
130610000438044,Akshansa Dixit,Adarsh Pandey,≤100
105037632279226,Ricestraw_in,These ads ran without a disclaimer,≤100
395910177835208,Vijay Kumar Singh Congress,Rahul Shrivastwa,≤100
1955301821451552,Abhishek Dutta,Abhishek Dutta,≤100
105134585596379,अमित पुरुषोत्तम रांगणेकर - मनसे,Amit P Ranganekar,≤100
615440561843630,Pusp Jain,Bharat P. Talaisha,≤100
10150110302115599,Genesis Foundation,Genesis Foundation,≤100
425924920775129,India Didactics Association,Akhilesh Singh,≤100
875420125855408,Dhanraj Vispute,Siddigital,≤100
547594728712343,Suresh Vishwas,Suresh Vishwas,≤100
102275329396663,GS Shyam,Shyam Gollarahally Siddappa,≤100
283366758968671,Kumbh Singh Patawat Luna,Engitech Media,≤100
100417006046204,Nayan Kumar,Nayan Kumar,≤100
1780378335513078,Sandeep Singh,Sandeep Kumar Singh,≤100
104272295772832,Pallavi Gupta,Pallavi Gupta,≤100
241940555912671,Chandigarh University,Chandigarh University,≤100
988113031199582,Dr. Ramesh Chand Tomar,Ashutosh Mishra,≤100
981146398754617,Chingari,Sumit Ghosh,≤100
1692446997478851,Divy Trivedi,Vikas Acharya,≤100
102751445574062,कहो दिल से योगी फिर से,Manoj Kumar Singh,≤100
112289441588925,Bad boy adventur,These ads ran without a disclaimer,≤100
101318239441419,P Mudra Capital,Mukeshbhai Samatbhai Rathod,≤100
910914412357489,Joraram Kumawat,Bharat P Talaisha,≤100
579070728906826,Prabhasakshi,Gautam Radheshyam Morarka,≤100
1436053929837684,Dr. Mahendra Singh Shekhawat,Rakesh Kumar Sharma,≤100
167878593236712,UNICEF en español,UNICEF con créditos publicitarios de Facebook,≤100
281087312058182,Anand Dubey,Akash Singh,≤100
102161921182493,Ram Niwas Garg,Ram Niwas Garg,≤100
1822357177777568,Bhaiyya Gandhe,Malhar Mahendra Gandhe,≤100
102425989248709,rap_class5,These ads ran without a disclaimer,≤100
345351849716061,Nimesh Pathak,Bhupendra Sharma,≤100
357883501335576,LXME,These ads ran without a disclaimer,≤100
1805911539637384,Jaaibir godara,Datacube Softech Private limited,≤100
637371879727794,Raghvendra Bappu Mankar,Akshay Ashok Pawar,≤100
108626391821704,Tanuja INLD,Aksh Bhargava,≤100
1881543645439590,Tech It Out with Yang Zhao,These ads ran without a disclaimer,≤100
369063569936141,Lung Care Foundation,Lung Care Foundation,≤100
268437163351102,Saurabh Srivastava,Saurabh Srivastava,≤100
103618388224409,Dr. Omkar Herlekar,Magicwork Inc,≤100
318205675275285,APL Apollo Tubes Limited,APL Apollo Tubes,≤100
101160849457686,Vibhor Rana,Bhupendra Sharma,≤100
1500923649960328,Iqbal Singh Lalpura,Yash Bagh,≤100
294623565664575,QPe,These ads ran without a disclaimer,≤100
100450456113804,Ajay yadav samajwadi,Akash Singh,≤100
186280771833567,Deepak Pote,Lovekesh Ramesh Sirgaiyye,≤100
100614352313120,Ajeet Singh Sengar,Ashish Sharma,≤100
105239698712008,Karauli Congress,Pushpendra Meena,≤100
390360487731339,K.H Muniyappa,Sunil G N,≤100
1331545046906640,Gottumukkala Venkateshwara Rao,Venkateswar Rao Gottumukkala,≤100
105641591260871,Shyam Singh,Shyam Singh,≤100
216879079078673,Sanjay Singh Yadav,Sanjay Singh Yadav,≤100
2202748353387524,Bibi Jagir Kaur,Rahul Kumar,≤100
307988255894298,Abhimanyu Singh Rajvi,Puneet Kumar Bulwani,≤100
110073091814905,लोनी की राजनीती,Umesh Kumar,≤100
1371217389629971,Neelanshu Chaturvedi,Hemant Singh Baghel,≤100
289085061102499,Sukhwinder Singh Bindra,Sukhwinder Pal Singh,≤100
180117106127331,अभय सैनी एड्वोकेट,Bugal Singh Saini,≤100
104835264704460,रघुवीर सहरिया सलेमपुर,Anshul Kumar Gupta,≤100
104897397548712,YV Care,YV Care,≤100
106313415317403,Shobhit Jaiswal,Sarvesh Shukla,≤100
1929823443694918,Pardeep Lohan,Pardeep Kumar,≤100
174283119250672,Save the Children India,Bal Raksha Bharat,≤100
294529347608828,Rishikesh Upadhyay,Rishikesh Upadhyay,≤100
245979555590859,Political Ace,Ujjawal Tyagi,≤100
101693118803164,enpayanam,These ads ran without a disclaimer,≤100
108960495285364,Shakeel Ahmad Khan,Mehbub Ahmed Laskar,≤100
109916533853207,AMIT KUMAR SINGH,Akash Singh,≤100
103119925540718,Naseem Khan,Deepak Chauhan,≤100
222719048656244,Ved Prakash Ojha  IMC,Vivek Vashisth,≤100
291247477906169,Mahatma Gandhi to Modi,Nanoland Publishers,≤100
107265272005040,Girdhari Lal Indoria,Surendra Sharma,≤100
109113065380557,सिम्पी सिंह पत्नी तेज प्रताप  सिंह,Anuman Softech Private Limited,≤100
156305911727294,Ravinder Singh Negi,Shyam Sunder Singh Negi,≤100
106711265261864,Rajeshwar for Youth,SureLocal Supply Chain Pvt Ltd,≤100
1660883877495922,Gauri Shankar  Verma,Neetesh Verma,≤100
113123373786875,MLA Devender Nim,Anshul Sharma,≤100
115254533643752,Shilpi kumari,Deepak Kumar,≤100
292954404384524,Gajendra Singh Patel,Gajendra Singh Patel,≤100
1203697573031051,RK Imo Singh,Rajkumar Imo Singh,≤100
105220971387970,BIBSIKHA,BIBSIKHA LLP,≤100
111734638327250,Edicator Current News,Prakhar Prashant Sharma,≤100
108269871962762,memane.speaks,These ads ran without a disclaimer,≤100
514610422407086,Daniels Menstore PVT. LTD.,Eldhose N Daniel,≤100
777771655697023,Aditya Shankar Prasad,Pramender Kumar,≤100
1874185392653723,Cabinet Minister Pramod Jain Bhaya,Rupali Sharma,≤100
101484635299482,Shashi Kant,Shashi Kant,≤100
441249902634004,Baba Siddique,Baba Siddique,≤100
455447354644551,Sabir Ali,Delhi Info Media,≤100
104307295644384,IWE Green Quiz,These ads ran without a disclaimer,≤100
565714670143123,Ashok Saini,Engitech Media,≤100
110255340549866,B.NARAYAN,Chandrashekar Nagashettyhalli Channappa,≤100
1325597657464869,VAISHNAV INFRATECH,Sukhneet Singh,≤100
107257065559692,Devendra Pareek Kekri,Ganesh Kumar,≤100
978736438816607,Neha Sarrvesh shukla,Sarvesh Shukla,≤100
107307305300554,Karagiri Mallikarjuna Reddy,Mallikarjuna Reddy Karagiri,≤100
257534317633750,Adv Jayant Moond,Datacube Softech Pvt Ltd,≤100
102689259363612,प्रधानमंत्री आवास योजना,These ads ran without a disclaimer,≤100
854256021383031,Vinod Sevan Lal Chandrakar,Shreyansh Jain Kotadia,≤100
113356014587642,Anupam Sharma,Prashant Sharma,≤100
107594498397701,Kajer Manush Aroop Biswas-কাজের মানুষ অরূপ বিশ্বাস,Mohammad Azharuddin,≤100
108470262049543,divyavision_31s,These ads ran without a disclaimer,≤100
689591581145844,G B JyothiGanesh MLA,Kolala Siddalingappa Rakesh,≤100
107545897823033,For Men India,Antara Das,≤100
484952278510471,Avdhesh Chandra Gupta,Umesh Chandra Gupta,≤100
1592265114364332,JP Yadav,Pramender Kumar,≤100
643001122724792,Shambhu Kumar,Punit Kumar Pandav,≤100
104370532471776,महाराष्ट्र नवनिर्माण शारीरिक सेना,Ajinkya Murlidhar Chopde,≤100
488262151546100,Madan Mishra,These ads ran without a disclaimer,≤100
825870624112435,Ramesh Chandra Ratn,Arun Sharma,≤100
1803180416641643,Mahendra Singh Bhati,Engitech Media,≤100
108487388664428,Abdul Batin Khandakar,Mehbub Ahmed Laskar,≤100
103784782495613,अर्चना कुमारी,Mathar Khan,≤100
1849504638653413,Khabar Info,Sarvesh Shukla,≤100
520712001613871,Errabelli Pradeep Rao,Errabelli Pradeep Kumar Rao,≤100
106949818442504,The Water Chronicles,Prithviraj Nath,≤100
1030516517105920,Bannaram Meena - बन्नाराम मीणा,Mahat info tech,≤100
102660044694497,Nitin Gupta Ex Minister,Nitin Gupta,≤100
269761569864265,Rao Padma,Kushal Reddy Rao,≤100
203795313615859,PDTV News,Nagarjuna Reddy Kaipa,≤100
833671193439526,Siddharth Tiwari - Raj,Shivam Singh,≤100
108885475138408,भाजपा समर्थक मंच,Siddartha  Shrivastava,≤100
102692368509907,Png news,These ads ran without a disclaimer,≤100
409262542574866,Sandeep Sharma,Raghunandan Sharma,≤100
105596701293129,Ayodhya Development Authority,Sandeep Kumar Sharma,≤100
108500111075991,Mizoram Pradesh Congress Committee,Lallianchhunga,≤100
100227781931198,sudip_k_maity,Sudip Kumar Maity,≤100
2073183832762291,Meri Neta - Priyanka Gandhi,Jitender Kumar Bhardwaj,≤100
102018225696367,वसीम राईन पसमांदा मुस्लिम महाज,Bhupendra Sharma,≤100
101613628900010,Smartway Wellness Pvt. Ltd.,Bhoomi Harendra Mistry,≤100
1745109715768038,Pravesh ratn,Kartikesh Sharma,≤100
112512191696033,Shailesh Nitin Trivedi - Baloda Bazar,Arpit Jain,≤100
253778858656895,Javed Ansari,Javed Parve Abdul Samad Ansari,≤100
135657743788459,Amit Chauhan,Amit Kumar,≤100
356623897848350,Nalin Tripathi,Sarvesh Shukla,≤100
758732480809533,Marri Adithya Reddy,Ramesh Tamannagari,≤100
101769836109374,rockycasinohaker,These ads ran without a disclaimer,≤100
1760939410804220,Sudarshan Kumar,Sudarshan Kumar,≤100
124355137715451,Dr Ranju Ramawat,Ganesh Thapa,≤100
1102369233109531,Pooja Bharti Chhabra,Suraj Bharti Chhabra,≤100
219588748935061,Sandeep Pandey,sandesh foundation,≤100
2277140302399755,Digifocus,Ashish Dulichand Meshram,≤100
106177778335243,Aditya Kumar Paswan,Aditya Kumar,≤100
325602694251353,Rajeev Rai,Rajeev Kumar Rai,≤100
231512217793516,Ashok Goel Mangaliwala,Ashok Kumar Goel,≤100
269442696723658,"Kuldeep kumar ""Deep kamboj malukpura""",Kuldeep Kumar,≤100
100246572087472,Bhupendra Singh Shaktawat,Bhupendra Singh Shaktawat,≤100
104789674877474,Office Of Prajakt Tanpure,Sharad Raybhan Tanpure,≤100
104471954877219,शोएब खत्री,Mohd Soyab Khatri,≤100
106914210870983,Modi Supporters Palakurthi Constituency,Bharath Kumar Ravula,≤100
101042837917123,Mamta Bhupesh,Ritik Keer,≤100
102120932657218,Mudra loan,Sunil Kumar Mandal,≤100
104507429172504,Rahul Gandhi - Supporters,Yuvau Digital,≤100
274625602685907,Nayab Saini,Praveen,≤100
794348367359918,Bharath mudiraj,C Bharath Kumar,≤100
761826677309909,Bhupinder Lather,Book My Promo,≤100
403427183555551,Maharaj Advertising Agency,Umesh Gajanan Bide,≤100
105222094270542,Dalbir Singh,Shankar Prasad Thakur,≤100
106624135497680,The Tiny Secret,These ads ran without a disclaimer,≤100
313259842689696,IAS Vishal Singh,Sandeep Kumar Sharma,≤100
100104899572027,Indian National Congress Kasumpti,Megha Sharma,≤100
110905358523842,Bhupesh Baghel - Supporters,Yuvau DigitaL,≤100
572608223125372,Vikas Rana,Bandana Thakur,≤100
127932930638411,Adoor Prakash,Jiji T Jacob,≤100
1008679835869143,Satish Chandra Dubey,Satish Chandra Dubey,≤100
102461091191232,Vakati Narayana Reddy,K Sai Bharath,≤100
109654533765932,Ayodhya Nagar Nigam,Sandeep Kumar Sharma,≤100
358089768022150,Vishnu Lata,Krishna Choudhary,≤100
112053926911766,Navnit Kumar Jha,Navneet Kumar,≤100
465836170626706,Suman Biswas,Suman Biswas,≤100
106742578452774,rudrakothari38,These ads ran without a disclaimer,≤100
446114139224512,Dr.Rahul Tyagi,Vipin Kumar,≤100
516071128742778,Vishnu Buchireddy BJYM,Vishnu Vardhan Reddy Buchireddy,≤100
486818768523911,Anil Sharda,Arpit Jain,≤100
1346291785426106,Rita Choudhary,Ganesh Thapa,≤100
176518289957089,Mr Gejja Ram Valmiki,Geja Ram,≤100
105940537995682,Deepesh Tandel,Bharatiya Janata Party,≤100
182600871930746,Sujata Paul - India First,Sujata Paul,≤100
268998889945816,Darshana Singh,Darshana Singh,≤100
105898378459115,Panney Singh Posana,Ganesh Kumar,≤100
106589030995220,Election Fight,Surbhi Kumari,≤100
475898282465005,Dr K Laxman,Vijay Kumar Tapadia,≤100
101139611640665,Article 19,These ads ran without a disclaimer,≤100
761174950735198,Rajendra Singh Dholia,Prakash Jaiswal,≤100
105860667985163,Badeti Radhakrishnayya,Radhakrishnayya Badeti,≤100
457924837569416,Homoeo Laboratories,These ads ran without a disclaimer,≤100
664540340246717,Neelesh Awasthi,Pradeep Barman,≤100
423928144293931,Mahender Pratap Singh,Pankaj Sharma,≤100
189837871418849,Suraj Singh,Ashish Singh,≤100
106872842105743,manghranij,These ads ran without a disclaimer,≤100
472934826160829,Lokesh Chahar,Pramender Kumar,≤100
957359430962201,BITS Pilani Work Integrated Learning Programmes,These ads ran without a disclaimer,≤100
635276293299612,Sahadev Gosavi,These ads ran without a disclaimer,≤100
110044260470271,Vinay Jangid Sharma Vidhansabha Suwasra,Narendra Singh Pachar,≤100
107148595058269,Adv Harita Mehta,Sandeep Kumar Rana,≤100
102061952537848,Dr.Akanksha Tyagi Dager - BJP,Akanksha Dager,≤100
119434281453609,ABB,Weber Shandwick,≤100
100287422635991,Anshul Dixit,Anshul Dixit,≤100
959473054247047,आर. डी. प्रजापति,Ram Dayal Prajapati,≤100
353121348075228,Rajneesh Agrawal,Rajneesh,≤100
2242632279291136,NCMIndia Council For Men Affairs,NCMIndia Council For Men Affairs,≤100
1610180912621752,Dushyant Chaudhary,Jainendra Agrawal,≤100
104349501516784,Babulal Kumawat,Shiv Charan,≤100
455697974986681,Bangla Hunt,Bangla Hunt,≤100
490167811006821,Neena Vikram Verma,Yuvau Digital,≤100
1877498618981855,Rajesh Bhaida,Rajesh Kumar Meena,≤100
106378422059330,Himmat Singh Bharatpur,Jainendra Agrawal,≤100
1546575212021796,Suvendra Gandhi,Suvendra Dilipgandhi,≤100
231167140371342,Kanhaiya Lal Choudhary,Raghunandan Sharma,≤100
163025777648018,Shashank Bhargava,Shashank Bhargava,≤100
536900910004174,Sagar Poswal,Web Top Solutions,≤100
106567158347049,प्रमुख समाचार,Niraj Pandey,≤100
924791427628665,Sunil Kelanka,Shivendra Shailendra Tiwari,≤100
101844802427541,Kuldeep Rajput,Kuldip Rajput,≤100
103251851710926,Akula Srivani,Anjan Kumar Akula,≤100
769092390172812,GirlsBuzz,These ads ran without a disclaimer,≤100
102252509305956,Shankar Jha,Rahul Raushan,≤100
111294683559479,Eco Landmark Reality,These ads ran without a disclaimer,≤100
286724994809192,Karan Singh Uchiyarda,Digital Unplug,≤100
105813284380310,Dee4unews,Deepak Kumar Bhandari,≤100
105023212343469,Suraj Kumar Yadav,Suraj Kumar Yadav,≤100
2082424261866450,Vii Media,Bhalinder Singh,≤100
1592265114364332,JP Yadav,Engitech Media,≤100
137531946823548,Sony Pictures Networks India,These ads ran without a disclaimer,≤100
708994425878702,Sandeep Namdev BJP,Sandeep Namdev,≤100
109598060672353,Democratic Live,Ankit Jha,≤100
1674285956129721,Dabang KUNJI,These ads ran without a disclaimer,≤100
279094396376927,Niranjan kushwaha Friends,Abhinav Kumar,≤100
1966700650252559,Jitendra Sharma,Jitendra Kumar Sharma,≤100
100416299495611,Inflector India,Gaurav Sharma,≤100
100475508592062,Sitaram Poswal,Dinesh Singh,≤100
652494751574762,Pramod Jaiswal,Sarvesh Shukla,≤100
1470985752981971,Yatish Naik,Yatish Ajit Naik,≤100
112132937023603,Nandlal Chauhan,Nandlal Chauhan,≤100
1751671911828723,Sunderlal sarpanch sikenderpur,Akshay Kumar Singh,≤100
156952354853555,Alok Chandrakar,Alok Kumarchandrakar,≤100
1247832465228198,Mahendra Singh Rathore,Engitech Media,≤100
176428395718540,Aslam Shaikh,Aditya Kumar Gond,≤100
1327351450720146,Pradhan Mantri Bhartiya Janaushadhi Pariyojana,Pharmaceuticals & Medical Devices Bureau of India,≤100
115019107761236,HP Tiles Machinery Noida,Mohd Shakeel Khan,≤100
1008225825887414,Jharkhand Youth Congress,These ads ran without a disclaimer,≤100
162138327259626,Ideal Democracy Forum,Vijayaraghavan Padmanabhan,≤100
625213617547458,GOQii,These ads ran without a disclaimer,≤100
112600701335433,Ramsing thakur,These ads ran without a disclaimer,≤100
104543532400371,lionchargeev,These ads ran without a disclaimer,≤100
105515161411695,Pankaj Singla,Anil Kumar,≤100
273332066175444,Abhinandan Educational and Welfare Society,Ashish  Chauhan,≤100
105682567774739,Tajinder Singh Sran,Tajinder Singh,≤100
399790556831344,PP Chaudhary,Dinesh Barfa,≤100
235202393675750,नरेन्द्र पाटीदार मन्दसौर,Vinayak Sharma,≤100
224787738121110,Manan Dani,Mananbhai Jatinkumar Dani,≤100
105530752376295,"Shiromani Akali Dal, Delhi Unit",Harjap Singh Dhingra,≤100
105865998933066,Nurul Huda,Mehbub Ahmed Laskar,≤100
1406676006269693,Kedar Kansana,Arun Kumar Sharma,≤100
431316780311227,Akash Sharma,Think First,≤100
771595336569788,Jansewk Vijay Shankar,These ads ran without a disclaimer,≤100
103088902327676,Dwarka Kunj,Rahul Tiwari,≤100
864058773719706,JG Prince MLA,Prince -,≤100
1644165492504830,Ramoji Gowda,Ramoji Gowda,≤100
107570978862125,National crime control organisation,These ads ran without a disclaimer,≤100
2095140507231761,Valluru Jayaprakash Narayana,Anshika Srivastava,≤100
1598122583737725,AECC Global,These ads ran without a disclaimer,≤100
644388775597325,Aniruddh Singh,These ads ran without a disclaimer,≤100
547354238619670,Dr. Ashwath Narayan,Vijay S,≤100
105999155405710,Pandit Avadh Sharma,Pawan Kumar Sharma,≤100
900101343334405,Adhikar Foundation,These ads ran without a disclaimer,≤100
104787708245667,samarthak_sandeep_singh_,These ads ran without a disclaimer,≤100
109403111947111,Chakra Critical Care Centre & Hospitals,These ads ran without a disclaimer,≤100
100281328549915,Shakilur Rahman,Shakilur Rahman,≤100
108068367998752,Bhai Nafis Alam,Nafis Alam,≤100
101484339462786,India Banking,These ads ran without a disclaimer,≤100
426881010719758,Soumik Hossain,Angur Shaikh,≤100
103581198083708,शिवानी गुप्ता,Biplaw Kumar,≤100
107196692233094,Puneet Kumar Sharma BJP,LCA Digi,≤100
183215718834130,Laxmi  Devi Jain,Laxmi Devi Jain,≤100
112676663703345,Rakesh Yadav,Arun Kumar Sharma,≤100
745732168802118,Rakesh Prasad,Rakesh Prasad,≤100
198090980676319,Manish Sinha,Ashutosh Kumar,≤100
106443215590984,अटल बिहारी वाजपेयी हिंदी विश्वविद्यालय कटनी अध्ययन क्र 570,Shivam Kumar Choubey,≤100
1541884026051107,अवतार खटीक,These ads ran without a disclaimer,≤100
101774755236816,Nadeem Ram Ali,Nadim Arif,≤100
297229797104524,Nishank Tripathi BJP,Nishank Tripathi,≤100
846994962145905,Manoj Kumar Aggarwal,Durga Kumari,≤100
103206797721245,Tollygunge Trinamool Congress,Digital Business India,≤100
100475508592062,Sitaram Poswal,Bhagatsingh,≤100
106587871163355,Pushpinder Thakur,Pushpinder Thakur,≤100
107946518029943,Sheelu Sahu,Naveen Singhal,≤100
105617802345989,BQ Prime Hindi,These ads ran without a disclaimer,≤100
113858681342028,Dr. Anjali Yadav,Shiv Charan,≤100
110732648375474,श्रीमती सरिता देवी,Sanjay Kumar,≤100
106456887722695,Adesh Yadav BJP,Anil Kumar,≤100
174283119250672,Save the Children India,These ads ran without a disclaimer,≤100
100307808451377,Ankur Raj Tiwari,Gautam Singh,≤100
666990533754186,Niranjan Kushwaha,Vivek Kumar,≤100
393372964413198,Prakash jha,Prakash Jha,≤100
431454157629297,Mukesh Ahlawat,Nitish Kashyap,≤100
1689373261361383,Saurabh Bahuguna,Vikas Singh Bisht,≤100
106840062199325,Geeta Kushwaha,Ranjan Kumar,≤100
1978240835728263,Virendra Sharma Hawamahal,Pawan Kumar Sharma,≤100
106353451263810,Gurjeet Singh Bedi - Shunty,These ads ran without a disclaimer,≤100
100793809521260,Digital SharkTech,These ads ran without a disclaimer,≤100
108239700872557,R L shivapraksh fans club,Sumit Kumar,≤100
1594606527447253,Hubhopper,These ads ran without a disclaimer,≤100
102094255679188,Pushpendra Gupta,These ads ran without a disclaimer,≤100
103214551475043,Akhoury Onkar Nath,Kumar Ratnam Sharma,≤100
109440785244401,Red Pix 24x7,Felix Gerald G,≤100
106647882245497,Saurabh Singh,These ads ran without a disclaimer,≤100
153079358175835,"Indian Public School,Gulabbagh,Purnea",Amit  Dadhich,≤100
101565746101514,Pooja Jaswani,These ads ran without a disclaimer,≤100
619088371486871,Harnath Singh Yadav,Puneet Kumar Singh,≤100
431316780311227,Akash Sharma,These ads ran without a disclaimer,≤100
1605228336405086,Pankaj Choudhary,Pramender Kumar,≤100
1149375478489344,Harvinder Singh Sarna,Harjap Singh Dhingra,≤100
108132195454668,Aam Aadmi Problems,Bikramjit Singh,≤100
108264114116280,Anuj Kumar Singh,These ads ran without a disclaimer,≤100
132806813793938,Paramjit Singh Sarna,Harjap Singh Dhingra,≤100
104632572197528,r_k_s_s_ias,These ads ran without a disclaimer,≤100
114325167828194,Raju Tiwari - राजू तिवारी,These ads ran without a disclaimer,≤100
109995368312132,Namrata Kumari Ara,Danta Infotech Pvt. Ltd.,≤100
102659995660663,Dar king,These ads ran without a disclaimer,≤100
458447330944548,Junaid Rauf,These ads ran without a disclaimer,≤100
1418673848396428,H D Kumaraswamy,Pancharatnayojane,≤100
106863698198,Global Indian,These ads ran without a disclaimer,≤100
102101716077935,Gira Chaniya,These ads ran without a disclaimer,≤100
750867108394533,B R Patil,PE-POLL ANALYTICS LLP,≤100
1034642453257468,Team Pramod Bhaya,Sumit Khandelwal,≤100
103654627695731,रण बहादुर लाखन सिंह,Aman Singh,≤100
101668669018956,Rakesh nath,These ads ran without a disclaimer,≤100
100788579004959,अटल बिहारी वाजपेयी हिंदी विवि भोपाल मध्य प्रदेश अध्ययन केंद्र,Shivam Kumar Choubey,≤100
285575245349725,Hemanga Thakuria,Aimani Sarmah,≤100
294703864386320,Rashtriya Kisan Manch,Rashtriya Kisan Manch,≤100
110514054052927,I’m Safe - Women Safety App,These ads ran without a disclaimer,≤100
100756541458459,Mamata Banerjee Supporters,Mukul Chandra Bairagya Biswas,≤100
685707864866321,Lion Dr D.மோசஸ் ஜோஷ்வா,Mosses,≤100
254935355353771,Mimi Das,These ads ran without a disclaimer,≤100
892715324214105,Nitendra Singh Rathore,Rituraj Tomar,≤100
251467211588756,Kanaram Jat,Kana Ram Jat,≤100
110967695146133,Govind Kumar Jain,Ganesh Kumar,≤100
1726206627468054,A S Patil Nadahalli,K Manjunatha,≤100
111872195073358,Kusum Sharma - Mona,Vcsmedia,≤100
491580774286451,Suryakanth Nagamarapalli,Vilas Vijay Kulkarni,≤100
107594498397701,Kajer Manush Aroop Biswas-কাজের মানুষ অরূপ বিশ্বাস,Nargis Khatun,≤100
100556716177168,Manne Govardhan Reddy,Sivakumar Nuthalapati,≤100
1109826479083738,Rajeev Sharma BJP,Puneet Kumar Singh,≤100
113934138208978,Jayavik Patel,Pixatronix,≤100
608527139616454,Anant Bharti,Anant Bharti,≤100
109186892018171,Abhinav Prakash Ray,Abhinav Prakash Ray,≤100
106802937934432,Padma venkat reddy,Banappagari Naren Sai Reddy,≤100
114225908163731,Vikram Singh Neemkathana,These ads ran without a disclaimer,≤100
531416234017216,Design Dekko,These ads ran without a disclaimer,≤100
1433018860292766,AFS Studio  - vangani,These ads ran without a disclaimer,≤100
100931599132399,Arun Sharma,Arun Kumar Sharma,≤100
111276250676310,Pradeep Rai,Vivek Kumar Singh,≤100
356006881224225,Rajendra Landge,VIkrant Adams,≤100
103384352468278,Bharat Aaj,Shubham Garg,≤100
101244839355000,Balbir Singh Nishad,Balvir Singh,≤100
102383598340464,അമ്മയോടൊപ്പം വാളയാറിൽ,Salillal Ahamed,≤100
103370834492200,WVI page,These ads ran without a disclaimer,≤100
219514401576120,SG Suryah,SG Suryah,≤100
103266918137419,Anurag Barwar,Lakshay Media,≤100
148174305888715,Atheeq Ahamed H,webiz,≤100
104863092478112,old coin,These ads ran without a disclaimer,≤100
1417986795084554,Yugandhar,These ads ran without a disclaimer,≤100
2300402240284352,Sadhvi Prachi,Amar Khandelwal,≤100
102351648972541,Ravi Kumar Mishra,Ravi Kumar Mishra,≤100
108939271272352,"Hindu Ankit Bhatnagar  प्रदेश अध्यक्ष,अखिल भारत हिंदू महासभा",These ads ran without a disclaimer,≤100
969762379757920,Digital Politics,Anuj Kumar,≤100
105509018162813,Hariram Bana,These ads ran without a disclaimer,≤100
100521476184068,Dharmendra Sonu Mago,Digital Skyword,≤100
719658791440653,Swami Sumedhanand Saraswati,Dharmendra Chhonkar,≤100
113849551321116,Telangana Galam,Telangana_Galam,≤100
237693733561431,अभिषेक,Kunjal Seth,≤100
102879248354102,Durgesh Pratap jaiswal Bjp,Kuldeep,≤100
292702151500190,Ritu Barala,Rohit Githala,≤100
102632214510525,Kaneez Fatima,Mohammed Majid Ahmed Kajal,≤100
600061223342178,Ghanshyam Tiwari,Aashish Tiwari,≤100
100446005629223,Parvez Ahmad Media,Abi Zaid,≤100
704847062939121,Ranbir Nandan,Ranbir Nandan,≤100
113264630480256,Sanchaar news,Mansi Arora,≤100
108293074221501,Dr Ajay Singh - ज़िलाध्यक्ष भाजपा रीवा,Krantiveer Singh,≤100
109546308136398,Sankar Dutta - শংকর দত্ত,Bholanath Dey,≤100
1305477266244063,A.Muneer jansale,Abdul Muneer,≤100
138927162813391,Dailyhunt,Verse Innovation Pvt. Ltd.,≤100
411581785652009,Karamjit Singh Rintu,Karamjit Singh Sandhu,≤100
112333551648886,Kalpana Bhatnagar,Ganesh Kumar,≤100
101195311409006,Manoj Tiwari For Delhi,Deepak Pal,≤100
111409665094033,Public Opinion Live,Ranjeet Kumar,≤100
316066412277473,Satish Sharma,Satish Sharma,≤100
100433969498055,अटलबिहारी वाजपेई हिंदी विवि म.प्र. नरसिंहपुर अध्यनकेंद्र क्र : 576,Shivam Kumar Choubey,≤100
108552185386643,मेरे अपने श्रीभगवान,These ads ran without a disclaimer,≤100
112927803582668,Bhanu Prakash Ray,Abhinav Prakash Ray,≤100
100614056177565,अटल बिहारी वाजपयी हिन्दी विश्वविद्यालय झाबुआ अध्यन केंद्र क्रमांक 580,Shivam Kumar Choubey,≤100
104860424918954,दिल है हिन्दुस्तानी,Abhijit Kumar,≤100
112077931472726,Rajasthani Jan-Jagran Seva Sanstha,Mohit Dadhich,≤100
105367792329532,MALA SINHA,Ashish Raushan,≤100
106233358808991,बीरेंद्र सिंह MLA - Wazirganj,Samir Raj,≤100
101280825790675,"लीलाराम गरासिया , प्रधान , आबूरोड",Leela Ram Grasiya,≤100
103792488696529,अटल बिहारी वाजपेयी हिंदी विवि भोपाल म प्र रतलाम अध्ययन केंद्र क्र 374,Shivam Kumar Choubey,≤100
203524317201620,Gopal Sharma,These ads ran without a disclaimer,≤100
103934605892905,अवधुत नाना भोसले,Kalkute Prasad Bharat,≤100
2100849650146359,Ramarao Patil Pawar,Adwings Digital Media Pvt Ltd,≤100
109768588328226,Swaraj Namesh Babar/स्वराज नमेश बाबर,Techwave Software,≤100
101731302783757,Bharat Just Abhi,These ads ran without a disclaimer,≤100
103000109241718,सरोज राय,Abhinav Prakash Ray,≤100
108250935176196,भाई दिलीप कुमार सरैया,Dilip Kumar,≤100
107725405497106,Lokesh Talikatte,Apoorva Hm,≤100
1675237799375590,Chandra Mohan Patowary,Jitendra Newatia,≤100
105342564291759,Gyanender Bhardwaj,These ads ran without a disclaimer,≤100
378789749147732,Chetan Pawar,saksham consultancy services,≤100
109024531917635,Vaishali Suryawanshi - वैशाली सुर्यवंशी,Sunny Dilip Shirode,≤100
109897125140821,UnSeen India,DEVOUT GROWTH MEDIA PVT LTD,≤100
2078242259060363,Kukufm,These ads ran without a disclaimer,≤100
953600271404690,BJP Meghalaya,Bharatiya Janata Party,≤100
111703251656850,un_visible_world,These ads ran without a disclaimer,≤100
1061420730573798,Sinopec,These ads ran without a disclaimer,≤100
660033150677429,ARNEC,These ads ran without a disclaimer,≤100
106803408804138,House Of Fun,These ads ran without a disclaimer,≤100
102683122613146,924_at,These ads ran without a disclaimer,≤100
102199795319206,Pablo Marçal Oficial,These ads ran without a disclaimer,≤100
100807979122,UNICEF India,These ads ran without a disclaimer,≤100
124252504303223,UNICEF (FR),UNICEF avec des crédits publicitaires Facebook,≤100
113940237050170,CCECC Nigeria,These ads ran without a disclaimer,≤100
117741954907367,TeachingEnglish - British Council,These ads ran without a disclaimer,≤100
111383098363725,Dame HCQC Cho Die454189,These ads ran without a disclaimer,≤100
104158032463312,923_bt,These ads ran without a disclaimer,≤100