﻿Page ID,Page name,Disclaimer,Amount spent (BAM),Number of ads in Library
332950850203871,Драшко Станивуковић - Draško Stanivuković,Драшко Станивуковић,329,9
1922268018023038,Raskrinkavanje,UG Zašto ne,152,17
102151872818424,Покренимо Бијељину - Pokrenimo Bijeljinu,Pokrenimo Bijeljinu,≤100,5
102667249419191,GenChange,Arijana Trle,≤100,5
482158128556799,Žurnal magazin,Centar za razvoj medija i analize,≤100,13
111544041335161,Antikorupcija info,Antikorupcija.info,≤100,15
1894157260888813,Dr Vlado Đajić - Др Владо Ђајић,Vlado Đajić,≤100,3
989819977803011,Александар Ђурђевић - Aleksandar Djurdjevic,Александар Ђурђевић,≤100,1
789735661383506,Fondacija Tadž - Stipendiranje budućih hafiza,Fondacija Tadž - Stipendiranje budućih hafiza,≤100,1
1494057107558990,Javna rasprava,Javna rasprava,≤100,13
109652028193268,Revizije info,Revizije info,≤100,9
111544041335161,Antikorupcija info,Antikorupcija info,≤100,6
147315858633088,Istinomjer,Istinomjer,≤100,4
104089781069241,infoVeza,"Udruženje građana ""ReStart Srpska""",≤100,2
709560912457316,Analiziraj.ba,Udruženje Centar za analizu medija i politike,≤100,4
1570886583203959,Poslovni portal Capital.ba,Capital Media,≤100,6
105842642438187,Nihad Uk,Nihad Uk,≤100,3
109476371475566,Др Љубиша Петровић / Dr Ljubiša Petrović,Др Љубиша Петровић / Dr Ljubiša Petrović,≤100,2
109774791831087,Славенко Ристић - лидер Републичке странке Српске,Filip Lučić,≤100,1
124306738411862,InfoRadar,Udruženje za medijski aktivizam (UMA),≤100,3
106099145362821,Goražde bez pesticida,Harun  Bešlija,≤100,1
110760128594320,Muhamed Hasanović,Muhamed Hasanovic,≤100,2
1790876521175258,Safe Journalists,These ads ran without a disclaimer,≤100,1
1473660889517303,Irfan Čengić,Irfan Cengic,≤100,1
106937677998846,Pravo na lijek,Pravo na lijek,≤100,1
823788047675556,Call of War,These ads ran without a disclaimer,≤100,2
106759774541544,PratimoTendere.ba,Centar za razvoj medija i analize,≤100,1
2401351939921390,Raport.ba,Raport Media Group,≤100,1
222968021092962,RTV Slon - Tuzla,RTV SLON,≤100,1
200480966638039,Supremacy 1914,These ads ran without a disclaimer,≤100,1
445678628842216,072info,072media,≤100,1
1676047195961611,Impuls,"Udruženje građana ""Impuls""",≤100,1
1454304308161318,"Koalicija ""Pod lupom""","Koalicija ""Pod lupom""",≤100,2
740954555997446,SDA Jablanica,SDA Jablanica,≤100,1
506759763041477,Čapljina u srcu,Pero Previšić,≤100,1
332496257320171,Alen Girt,Alen Girt,≤100,1
129224207219445,Merima Arnautović,Merima Arnautović,≤100,1
85069283164,Admir Čavalić,Admir Čavalić,≤100,1
107294185611281,Sneakers_gradacac.ba,These ads ran without a disclaimer,≤100,1
760826260648984,Beyond Chrysant,These ads ran without a disclaimer,≤100,1
305608429284,EU Environment,These ads ran without a disclaimer,≤100,1
105494315161744,talkdiplomacy,These ads ran without a disclaimer,≤100,1
555755224474277,Josefinas,These ads ran without a disclaimer,≤100,1
163080080447411,Републичка странка Српске,Filip Lučić,≤100,1
102343781660824,Ajdin Holjan,Ajdin Holjan,≤100,1
423670114403144,Trending in China,These ads ran without a disclaimer,≤100,1
725505594135727,Adventure Escape,These ads ran without a disclaimer,≤100,1
174116812644146,Luxembourg Times,These ads ran without a disclaimer,≤100,1
185999151456481,Somatic Experiencing International,These ads ran without a disclaimer,≤100,1
328734170817962,Milda Sabiene - Holistic Coach,These ads ran without a disclaimer,≤100,2
139664717571,CERGE-EI,These ads ran without a disclaimer,≤100,1
285530825204,Klitschko,These ads ran without a disclaimer,≤100,1
19746387261,Humane Society International,These ads ran without a disclaimer,≤100,4
103597027708447,SuperPlanet Games,These ads ran without a disclaimer,≤100,1
154573638492041,Cannabis Europa,These ads ran without a disclaimer,≤100,1
351671375760473,The GCCA,These ads ran without a disclaimer,≤100,1
338109312883186,China Xinhua News,These ads ran without a disclaimer,≤100,2
101727068829380,Контекст Европа,These ads ran without a disclaimer,≤100,1
17043549797,MIT Technology Review,These ads ran without a disclaimer,≤100,4