﻿Page ID,Page name,Disclaimer,Amount spent (USD)
104095962704249,SOS America PAC,SOS America PAC,1460
107483817554072,WorkMoney,WorkMoney,698
122258358636926,Sound of Freedom Movie,"Sound of Freedom, LLC",617
134687123337151,CDC HIV,Let's Stop HIV Together,496
101486643014880,Barrett Gilbreath for Mayor,GILBREATH CAMPAIGN,454
7860876103,Joe Biden,BIDEN VICTORY FUND,418
102915374460262,Shell USA,Shell,358
108510715599410,American Final Expense & Legacy,American Final Expense & Legacy,301
47710973068,Voices for Cooperative Power,Voices for Cooperative Power,272
103875099042033,DailyWire+,The Daily Wire,239
340153562850578,Tim Tebow,TIM TEBOW FOUNDATION,204
101669825968471,ABC News Studios,ABC News Studios,185
104623832132932,Perry Johnson,PERRY JOHNSON FOR PRESIDENT INC.,173
200650357207240,I Love My Freedom,I Love My Freedom,173
114279091584240,Julie Turner Beard for City Council District 2,COMMITTEE TO ELECT JULIE BEARD,160
109999331898234,My Affordable Care Act,The Burial Solution,148
106244251043808,America's Plastic Makers,"AMERICAN CHEMISTRY COUNCIL, INC.",143
92925746942,Judicial Watch,Judicial Watch,140
1562713090633117,Operation Underground Railroad,OPERATION UNDERGROUND RAI,136
85452072376,NEWSMAX,"NEWSMAX MEDIA, INC.",132
153080620724,Donald J. Trump,TRUMP SAVE AMERICA JOINT FUNDRAISING COMMITTEE,132
385473284886474,Hillsdale College,Hillsdale College,127
223900160986637,Q Link Wireless,These ads ran without a disclaimer,125
57259033959,AARP,AARP,121
101584489634833,Liberty Society,NICKEL LIMITS LLC,118
127225910653607,PragerU,PragerU,113
1589261434655726,Advocate Alliance Group,Advocate Alliance Group LLC,109
145917588805718,Dr Jordan B Peterson,The Daily Wire,108
18982436812,ACLU,American Civil Liberties Union,103
304600892905134,Hillsdale College Online Courses,Hillsdale College,≤100
100364185463048,Angel Studios,"Angel Studios, Inc.",≤100
1669941646417657,Senior Choice Financial,Senior Choice Financial,≤100
314499212242,Pfizer,Pfizer Inc.,≤100
40217893542,AIPAC,AIPAC,≤100
109179375151983,Med Plan Coverage,Seniors Today USA,≤100
114915848350396,Better Montgomery,Better Montgomery,≤100
126297030950,Johnson & Johnson,Johnson & Johnson,≤100
147368882623027,Black Futures Lab,Black Futures Lab,≤100
113891694102,Energy Citizens,AMERICAN PETROLEUM INSTITUTE,≤100
1255705481272786,America250,AMERICA 250 FOUNDATION INC,≤100
592707041080920,Stand Together,Stand Together Chamber of Commerce Inc.,≤100
320517874076,Montgomery Area Association of REALTORS®,Montgomery Area Association of REALTORS®,≤100
112600915451330,No Labels,No Labels,≤100
116821227998416,Protect Women Ohio,Protect Women Ohio,≤100
367292494407,AJC - American Jewish Committee,AMERICAN JEWISH COMMITTEE,≤100
8492293163,Environmental Defense Fund,Environmental Defense Fund,≤100
1461100540775171,The Tuttle Twins,LIBERTAS INSTITUTE,≤100
2353537341582545,Proud Patriots,Proud Patriots,≤100
9062006483,REI,"RECREATIONAL EQUIPMENT, INC.",≤100
203197030603239,8 Billion Trees,8 Billion Trees LLC,≤100
49651563727,Live Action,Live Action,≤100
115985765081573,Campaign Legal Center,"CAMPAIGN LEGAL CENTER, INC, THE",≤100
7030901126,Campaign for Tobacco-Free Kids,Campaign for Tobacco-Free Kids,≤100
1958912674200535,The Pour Over,Pour Over,≤100
6514736316,Walden University,Walden University,≤100
107533860975028,Conservative,CONSERVATIVE LLC,≤100
115739274912062,Brad Cox for House District 16,Brad Cox for State House,≤100
110702455395986,Your Health Center,Simple ACA Solutions LLC,≤100
166618413413767,Jay Sekulow,American Center for Law and Justice,≤100
18709174006,National Audubon Society,"NATIONAL AUDUBON SOCIETY, INC.",≤100
232131460170191,CollegeCounts - Alabama's 529 Fund,These ads ran without a disclaimer,≤100
110483677935904,Team DeSantis,Ron DeSantis for President,≤100
103715861368344,McCormick & Company,MCCORMICK & COMPANY INC,≤100
77130778113,Coalition for Medicare Choices,The Coalition for Medicare Choices,≤100
723394465079640,The Lion,Stanley M. Herzog Charitable Foundation,≤100
108547455113940,Our America,Our America,≤100
100650352666001,Saving Made Easy,GCL Company LLC,≤100
23875187730,Feeding America,Feeding America,≤100
24330467048,Americans for Prosperity,AMERICANS FOR PROSPERITY,≤100
304600892905134,Hillsdale College Online Courses,HILLSDALE COLLEGE,≤100
570092813023833,Matt Walsh,The Daily Wire,≤100
190226429055,U.S. Department of Labor,United States Department of Labor,≤100
248181906078243,National Institute for Civil Discourse,CommonSense American,≤100
148283301869985,Many Hopes,ONE HOME MANY HOPES INC,≤100
2053678114723700,President Trump's Patriot Army,I Love My Freedom,≤100
115379705206001,U.S. Department of Homeland Security Blue Campaign,U.S Department of Homeland Security Blue Campaign,≤100
15771560300,Earthjustice,EARTHJUSTICE,≤100
70874333603,CatholicVote,catholicvote.org,≤100
104859815770730,Simple Health Solutions,Health Enrollment Department LLC,≤100
422039351288596,Essential Church,These ads ran without a disclaimer,≤100
702582586516561,CBN Israel,The Christian Broadcasting Network,≤100
172758932738142,PhRMA,PHARMACEUTICAL RESEARCH AND MANUFACTURERS OF AMERICA,≤100
6204742571,Sierra Club,SIERRA CLUB,≤100
100403528653081,Punchbowl News,Punchbowl News,≤100
59826489083,SELC,SOUTHERN ENVIRONMENTAL LAW CENTER,≤100
1675970232703064,Mississippi Votes,Mississippi Votes,≤100
580610428636345,Fight for $15,Fight for $15,≤100
104394262049761,Jeremy's Razors,The Daily Wire,≤100
76470053424,TIAA,TEACHERS INSURANCE AND ANNUITY ASSOCIATION OF AMERICA,≤100
69983322463,Ted Cruz,TED CRUZ FOR SENATE,≤100
376776419037747,Turning Point USA,"Turning Point USA, Inc.",≤100
6041057841,The Humane Society of the United States,"HUMANE SOCIETY OF THE UNITED STATES, THE",≤100
106439398247604,Health Freedom Alabama,Health Freedom AL,≤100
100466376050855,Real America Home,Real America Home,≤100
318196171580489,Ron DeSantis,Ron DeSantis for President,≤100
118152441212175,Digital Innovation for America,Digital Innovation for America,≤100
104295601633638,American Cornerstone Institute,American Cornerstone Institute Inc,≤100
269348454714,IMB,"INTERNATIONAL MISSION BOARD OF THE SOUTHERN BAPTIST CONVENTION, THE",≤100
197760674021143,Indivisible Guide,Indivisible Project,≤100
113011138085478,USA Funeral Benefits & Services,American Benefits & Services LLC,≤100
107661474402498,United Patriot,United Patriot,≤100
375742685850856,Firearms Policy Coalition,"FIREARMS POLICY COALITION, INC.",≤100
101229565835425,Agenda for America,Agenda for America,≤100
103792215945362,Pride and Freedom,Pride and Freedom,≤100
103284242815616,Madison for Walker County Chairman,Committee To Elect Jordan Madison For Walker County Commission Chairman,≤100
51405613519,Focus on the Family,Focus on the Family,≤100
20904146327,Georgia Public Broadcasting,Georgia Public Telecommunications Commission,≤100
103695769458,United States Mint,United States Mint,≤100
130449343291731,Ryan Binkley,BINKLEY FOR PRESIDENT 2024,≤100
100346689495660,Pete's Pranks,Petes Pranks,≤100
10128918116,Gavin Newsom,Campaign for Democracy Committee,≤100
104107788684988,Tom Klingenstein,TomKlingenstein.com,≤100
267180743723148,National Geographic Society,National Geographic Society,≤100
246323280108,American Medical Association,American Medical Association,≤100
135880909935010,Francis Suarez,"SUAREZ FOR PRESIDENT, INC.",≤100
114316228350696,Competitive Markets Action,"Competitive Markets Action, Inc.",≤100
103807629149771,Working Forests Initiative,"WORKING FOREST INITIATIVE, INC.",≤100
100684991996307,November Coalition,NOVEMBER COALITION,≤100
570953166908066,Vivek Ramaswamy,VIVEK 2024,≤100
112458455044193,American Memorial Benefits,American Benefits & Services LLC,≤100
159658557547960,Wall Street Journal Opinion,The Wall Street Journal,≤100
383712021656990,Teaching American History,TEACHING AMERICAN HISTORY,≤100
53674651369,SBA Pro-Life America,"SUSAN B. ANTHONY LIST, INC.",≤100
107830128834941,Keith Gross,KEITH GROSS FOR FLORIDA,≤100
786167111464006,Woodson Center,The Woodson Center,≤100
20787991568,Senate Democrats,DSCC,≤100
24413227922,Kamala Harris,BIDEN VICTORY FUND,≤100
342294162453301,Planned Parenthood,Planned Parenthood Federation of America,≤100
714534845301320,Crumbley-Blackwell-Price Attorneys,These ads ran without a disclaimer,≤100
101236935303293,Trivia.com - Trivia,These ads ran without a disclaimer,≤100
8501031021,VoteVets,VOTEVETS,≤100
107764430968176,Tuttle Twins TV Show,"Tuttle Twins Show, LLC",≤100
219612384781411,Bloomberg Philanthropies,Bloomberg Philanthropies,≤100
1600352356914768,PushBlack,PushBlack,≤100
100692068471118,Explain America,Apse Media LLC,≤100
101204839475983,PennySaver USA,These ads ran without a disclaimer,≤100
7341997111,Conservation International,Conservation International,≤100
12375354406,USO,United Service Organizations,≤100
106257335876520,Friends of Greg Fanin,Friends of Greg Fanin,≤100
103885799225717,Liberty Protector,Liberty Protector,≤100
160630887998827,Let Them Live,Let Them Live,≤100
106315901551850,The U.S. Concealed Carry Association for Saving Lives,U.S. Concealed Carry Association For Saving Lives. Not Authorized By Any Candidate Or Candidate's Committee.,≤100
665345483483486,NRA - National Rifle Association of America,NATIONAL RIFLE ASSN OF AMERICA,≤100
45393753416,Alliance Defending Freedom,Alliance Defending Freedom,≤100
282728185140429,Rep For Vets,The Rep For Vets,≤100
106124975682358,Jimmy Fondren for Mississippi House District 111,Committee To Elect Jimmy Fondren,≤100
228132537208218,Tammy Duckworth,TAMMY FOR ILLINOIS,≤100
108268161352786,Stanley M. Herzog Foundation,Herzog Foundation,≤100
21375324480,The Heritage Foundation,HERITAGE FOUNDATION (THE),≤100
482721521865105,Bleecker Street,These ads ran without a disclaimer,≤100
100652668612020,Essential Plastics Coalition,"CENTER FOR CONSUMER FREEDOM, THE",≤100
1679521432262834,Physicians Grassroots Network,American Medical Association,≤100
115379705206001,U.S. Department of Homeland Security Blue Campaign,DHS Blue Campaign,≤100
107999458652964,MyObamacare,Norwegian Financial LLC,≤100
30139072158,CARE,"COOPERATIVE FOR ASSISTANCE AND RELIEF EVERYWHERE, INC. (CARE)",≤100
15041226930,Oxfam,"OXFAM AMERICA, INC.",≤100
245741028804051,Barbara Sinatra Center,Barbara Sinatra Children's Center,≤100
145973965440671,Carnegie Corporation of New York,CARNEGIE CORPORATION OF NEW YORK,≤100
101432317199,Blue Cross and Blue Shield Association,BLUE CROSS AND BLUE SHIELD ASSOCIATION,≤100
104977525752112,Freedom of Patriots,Freedom of Patriots,≤100
700153177010264,Plant Based Products Council,Plant Based Products Council,≤100
179513292162226,American History TV,NATIONAL CABLE SATELLITE CORPORATION,≤100
1593518174052711,Candace Owens,The Daily Wire,≤100
251734676525,Kevin Cramer,CRAMER FOR SENATE,≤100
111754135270173,Re-Elect Josh McNatt Circuit Clerk,Joshua McNatt for Circuit Clerk,≤100
300992409852,Hoover Institution,Hoover Institution,≤100
309308412520731,Sandy Hook Promise,Sandy Hook Promise,≤100
8321461609,MomsRising.org,MomsRising Together,≤100
221293505028917,Watch U.S. Fly,Watch U.S. Fly,≤100
8325302025,Friends of the Earth U.S.,Friends of the Earth,≤100
80562389320,NARAL Pro-Choice America,NARAL PRO-CHOICE AMERICA CORP,≤100
124249747651580,Kistler Rods,These ads ran without a disclaimer,≤100
1316372698453411,Alexandria Ocasio-Cortez,Alexandria Ocasio-Cortez for Congress,≤100
8532248414,Wounded Warrior Project,"WOUNDED WARRIOR PROJECT, INC.",≤100
114008535880,Foundation for Individual Rights and Expression,FOUNDATION FOR INDIVIDUAL RIGHTS IN EDUCATION,≤100
6355071377,American Cancer Society Cancer Action Network - ACS CAN,AMERICAN CANCER SOCIETY CANCER ACTION NETWORK INC,≤100
114710126648118,Republican Dogs,Republican Dogs,≤100
110594725386545,Tell It Like It Is PAC,Tell It Like It Is PAC,≤100
103531607822207,Noticias para Inmigrantes,"Wise Rock Media, PBC",≤100
106608038931801,Loyal Patriots,Loyal Patriots,≤100
96935476345,Democratic Governors Association (DGA),"Democratic Action, democraticgovernors.org, not authorized by any candidate or candidate's committee.",≤100
101391906600,Live Action News,Live Action,≤100
2352630938293825,Mytacticalpromos,Entremax,≤100
105561217523274,The Dispatch,"Dispatch Media, Inc.",≤100
104933662932387,CreativeFuture,CreativeFuture,≤100
103546351703577,Dallas Express,Dallas Express Media,≤100
13885075114,Action Against Hunger USA,ACTION AGAINST HUNGER - USA,≤100
203805062990264,Ben Shapiro,Daily Wire,≤100
100758682697459,Mayday Health,"Mayday Medicines, Inc.",≤100
6406874733,Mike Rogers,MIKE ROGERS FOR CONGRESS,≤100
428821014132730,Katie Porter,KATIE PORTER FOR SENATE,≤100
1168096706577508,OWA Parks & Resort,These ads ran without a disclaimer,≤100
30914589895,The International Fellowship of Christians and Jews,INTERNATIONAL FELLOWSHIP OF CHRISTIANS & JEWS INC,≤100
345941882146270,Barrett & Farahany,Barrett & Farahany,≤100
114765400352270,Kite & Key Media,VMTS EDUCATION INC,≤100
50822254585,Mountain States Legal Foundation,Mountain States Legal Foundation,≤100
26082912881,Project On Government Oversight,Project On Government Oversight,≤100
1230571136989811,Top of Mind,Top of Mind,≤100
103375628943529,Adam Frisch,Adam for Colorado,≤100
105055152148626,Dalio Philanthropies,"Dalio Foundation, Inc.",≤100
105058351297836,"Mayor of Irondale James D. Stewart, Jr.","Mayor James D. Stewart, Jr.",≤100
107454490912636,Jewish Future Pledge,Jewish Future Pledge Inc,≤100
110442961603215,Yikes Today,Yikes Today,≤100
557051651115624,Stidham Financial Services,Stidham Financial Services,≤100
160005659383,PreBorn,"MISSION: PRE-BORN, INC.",≤100
51379424899,Mercy Ships,MERCY SHIPS INTERNATIONAL,≤100
6266829799,Sherrod Brown,FRIENDS OF SHERROD BROWN,≤100
150066488433456,Solano Law Firm,SOLANO LAW FIRM LLC,≤100
74470852653,Mike Pompeo,Champion American Values PAC,≤100
134452023239984,Human Coalition,Human Coalition,≤100
203805062990264,Ben Shapiro,The Daily Wire,≤100
372577693078008,"Saenz-Garcia Law, PLLC","Saenz-Garcia Law, PLLC",≤100
86071521216,Second Amendment Foundation,SECOND AMENDMENT FOUNDATION INC,≤100
23790541544,Democrats,DCCC,≤100
259351004139042,Ashbrook Center,Ashbrook Center,≤100
38471053686,Elizabeth Warren,"WARREN FOR SENATE, INC.",≤100
6502038524,First Book,FIRST BOOK,≤100
92979593115,CVS Pharmacy,CVS Pharmacy,≤100
56332452163,AMA Patients Action Network,American Medical Association,≤100
83290028957,Care Net,CARE NET,≤100
102873359502988,Kahlia Bell for City Council District 4,Kahlia Bell for City Council District 4,≤100
354851377936744,BookTV,NATIONAL CABLE SATELLITE CORPORATION,≤100
7292655492,MoveOn,MOVEON.ORG POLITICAL ACTION,≤100
142432192446984,David Horowitz Freedom Center,David Horowitz Freedom Center,≤100
474227102732389,Turning Point Action,Turning Point Action,≤100
140357056032320,NEA Today,National Education Association,≤100
1375372595977513,UWorld Insurance Group,UWORLD INSURANCE GROUP,≤100
458292390950199,Start Talking. Stop HIV.,Let's Stop HIV Together,≤100
104107455066450,H. Russell Cohen,H. Russell Cohen,≤100
164734040266858,Senator David Blount,David Blount for State Senate,≤100
124506846628,Agape International Missions,AGAPE INTERNATIONAL MISSIONS,≤100
91346559231,Democratic Legislative Campaign Committee - DLCC,Democratic Legislative Campaign Committee,≤100
431019887282794,Tomorrow's World Today,Flying Cork,≤100
38235851310,USA for UNHCR,UNITED STATES ASSOCIATION FOR UNHCR,≤100
46093654473,National Republican Congressional Committee,NRCC,≤100
317284821682168,Messianic Jewish Alliance of America (MJAA),Messianic Jewish Alliance of America,≤100
60182072999,Lila Rose,Live Action,≤100
21492729544,Catholic Relief Services,CATHOLIC RELIEF SERVICES - UNITED STATES CONFERENCE OF CATHOLIC BISHOPS,≤100
657708380952174,Voices of the Civil Rights Movement,Comcast,≤100
603230363139284,Anthony Bompiani,These ads ran without a disclaimer,≤100
179773505382352,Committee on House Administration,official funds authorized by the House of Representatives,≤100
115262456592822,Christians Engaged,Christians Engaged,≤100
111499100431,National Association for Gun Rights,"THE NATIONAL ASSOCIATION FOR GUN RIGHTS, INC",≤100
6240652407,Young America's Foundation,Young America's Foundation Inc,≤100
105120815642998,Partnership to Address Global Emissions,PARTNERSHIP TO ADDRESS GLOBAL EMISSIONS INC,≤100
104738966002760,Mitch Hays For Circuit Judge,Friends of Mitch Hays,≤100
466164103423147,Thorn,Thorn,≤100
351588388262962,American Cancer Society Cancer Action Network Alabama - ACS CAN,AMERICAN CANCER SOCIETY CANCER ACTION NETWORK INC,≤100
152002971521619,Senator Roland Gutierrez,ROLAND GUTIERREZ FOR TEXAS,≤100
407902639235640,JNS.org,Jewish News Syndicate,≤100
104340132748343,Americans Savings,Americans Savings,≤100
17203056985,Partners In Health,Partners In Health,≤100
243184199040637,Caring Across Generations,Caring Across Generations,≤100
43005439032,American Diabetes Association,American Diabetes Association,≤100
1505244559517282,Colin Allred,COLIN ALLRED FOR SENATE,≤100
89336510798,American Friends of the Hebrew University,American Friends of Hebrew University,≤100
443329669123990,USAFacts,USAFacts Institute,≤100
349068689306,Tim Scott,Tim Scott for America,≤100
108117801859232,Taking Back America,Conservative Brief,≤100
274273169907462,Dane Maxwell for Mississippi,Dane Maxwell for Mississippi,≤100
121626482110,Operation Smile,OPERATION SMILE,≤100
278052172260101,ZERO TO THREE,ZERO TO THREE,≤100
111824001908,Hakeem Jeffries,JEFFRIES FOR CONGRESS,≤100
10498053716,Media Research Center,MEDIA RESEARCH CENTER,≤100
101704558574021,Lucas Kunce,Lucas Kunce for Missouri,≤100
29717379728,International Justice Mission,International Justice Mission,≤100
443056709080055,ReturnToOrder.org,"American Society for the Defense of Tradition, Family and Property",≤100
105521469114882,ListMax,ListMax,≤100
6333396177,NewsBusters.org,MEDIA RESEARCH CENTER,≤100
7735858972,Humane Society Legislative Fund,Humane Society Legislative Fund,≤100
8934429638,Planned Parenthood Action,Planned Parenthood Action Fund,≤100
96491683438,"The Friends of Israel Gospel Ministry, Inc.","FRIENDS OF ISRAEL GOSPEL MINISTRY, INC, THE",≤100
102592959026,Ocean Conservancy,"OCEAN CONSERVANCY, INC.",≤100
689547608156721,The Burial Solution,The Burial Solution,≤100
46196975437,Children's Rights,Children's Rights,≤100
92021268117,Working America,Working America,≤100
11111618026,Union of Concerned Scientists,"UNION OF CONCERNED SCIENTISTS, INC.",≤100
201956993160690,MRCTV,MEDIA RESEARCH CENTER,≤100
343714718985673,Think Wood,Think Wood,≤100
106131675020147,Digital Progress Institute,DIGITAL PROGRESS INSTITUTE,≤100
2602473023098666,Democratic Polling Center,Democratic Governors Association,≤100
1382441768496365,Pentair,PENTAIR,≤100
103565195134756,America First Policy Institute,America First Policy Institute,≤100
49421708941,Americans for Limited Government,AMERICANS FOR LIMITED GOVERNMENT IN,≤100
2254455051442790,Patriot Depot,Flag & Cross,≤100
555787351119974,Coalition to Protect America's Health Care,Coalition to Protect America’s Health Care,≤100
102421369434228,Goose's News Daily,Goose's News Daily,≤100
29259828486,The Atlantic,These ads ran without a disclaimer,≤100
45414143186,RootsHQ,RootsHQ,≤100
116546288359245,Heritage Action for America,HERITAGE ACTION FOR AMERICA,≤100
104873005081197,Repro Legal Defense Fund,IF/WHEN/HOW,≤100
216311481960,Bill Gates,Bill Gates,≤100
18813753280,Human Rights Campaign,"HUMAN RIGHTS CAMPAIGN, INC.",≤100
116238384846747,Dr. Prasanth Reddy for Congress,Reddy for Kansas,≤100
60261764250,Childhelp,"CHILDHELP, INC.",≤100
315528175667844,Women2Women,Women2Women Conversations Tour,≤100
745304825534862,Steve Scalise,Team Scalise,≤100
1194419550610259,Our Revolution,Our Revolution,≤100
112735922758892,Charlie Kirk,"Turning Point USA, Inc.",≤100
5970146660,Community Change,Center for Community Change Action,≤100
1428755447227803,Defend The Second,Next Level Goods,≤100
35715544220,Stand.earth,Stand.earth,≤100
127637620616803,Comcast Newsmakers,COMCAST CORPORATION,≤100
271453369908901,FLAG  - Foundation for Liberty and American Greatness,FLAG  - Foundation for Liberty and American Greatness,≤100
161183970656851,Ruben Gallego,GALLEGO FOR ARIZONA,≤100
36474716066,Color Of Change,ColorofChange.org,≤100
103376804451432,Trending Politics,I Love My Freedom,≤100
18079407397,CPAC,American Conservative Union,≤100
427084097477881,AHIP,America's Health Insurance Plans,≤100
355783211719644,Veteran Caregivers of America,"Veteran Caregivers, LLC",≤100
1766394553620082,Improve Mississippi PAC,Improve MS Political Action Committee,≤100
309798029121030,Everytown for Gun Safety,Everytown for Gun Safety Action Fund Inc,≤100
104000822757485,Re-Elect Sheriff Chris Dickinson,Re-Elect Sheriff Chris Dickinson,≤100
130945114804,World Jewish Congress,WORLD JEWISH CONGRESS AMERICAN SECTION INC,≤100
111806955195299,Wendy Davis for Congress,WENDY DAVIS FOR CONGRESS,≤100
7219151423,The Fund for American Studies (TFAS),FUND FOR AMERICAN STUDIES,≤100
104491841664875,Country First,"Country First Action, Inc.",≤100
166194476728392,Center Street,"Hachette Book Group, Inc.",≤100
458142697588014,AARP Public Policy Institute,AARP,≤100
173896102623920,Old Row,Old Row,≤100
615867588540441,Will Hurd,Hurd for America,≤100
107977798705602,Fantastic Trends Daily,These ads ran without a disclaimer,≤100
131306317680000,Social Goods,"Social Goods, LLC",≤100
240937060405,Center for Science in the Public Interest (CSPI),Center for Science in the Public Interest,≤100
97624620788,American Friends of Magen David Adom,AMERICAN FRIENDS OF MAGEN DAVID ADOM,≤100
149960585587560,Kohler Co.,Kohler Company,≤100
72931140459,Center for Biological Diversity,"CENTER FOR BIOLOGICAL DIVERSITY, INC.",≤100
118385911198439,Trending Politics News,I Love My Freedom,≤100
109118211910879,Mr. 45,Green Straw LLC,≤100
107414074990650,Defense of Freedom Institute,"Defense of Freedom Institute for Policy Studies, Inc.",≤100
9324910069,NRSC,NRSC,≤100
154561574598964,White Coat Waste Project,THE WHITE COAT WASTE PROJECT INC,≤100
535186963191852,CUNA,Credit Union National Association,≤100
1470540296409810,Fair Fight Action,FAIR FIGHT ACTION INC,≤100
162678203751209,Gilead Sciences,GILEAD SCIENCES INC,≤100
122432537796726,Pharmaceutical Care Management Association (PCMA),PHARMACEUTICAL CARE MANAGEMENT ASSOCIATION,≤100
6334782252,Oceana,Oceana,≤100
16177663441,Eric Schmitt,Schmitt for Senate,≤100
105522602483398,Breaking News Alert,VIP Ad Solutions LLC,≤100
8550121410,Free Speech America Project,MEDIA RESEARCH CENTER,≤100
128103650601995,The Conservative Caucus,The Conservative Caucus,≤100
361558330642296,Free the People,Free the People,≤100
109320440856128,Stand Up to Jewish Hate,"Foundation to Combat Anti-Semitism, Inc.",≤100
105753898811449,Align Us,Align Us,≤100
118432634589209,ChoeShow,These ads ran without a disclaimer,≤100
102027764795677,American Wire,BizPac Review,≤100
210937299260017,USA Features Media,USA Features Media LLC,≤100
1526736227567131,TrueCoverage,True Coverage,≤100
11791104453,NRDC,Natural Resources Defense Council,≤100
34362997676,United States Holocaust Memorial Museum,UNITED STATES HOLOCAUST MEMORIAL MUSEUM,≤100
120102651346136,Nevada State Treasurer’s Office,STATE TREASURER NEVADA OFFICE OF,≤100
113986481630469,Trending Patriots,I Love My Freedom,≤100
313723095478950,Daily Citizen,Focus on the Family,≤100
126211280741703,Midwest Values PAC,Midwest Values PAC,≤100
114513494875415,America's Freedom Page,USA Features Media LLC,≤100
19342050934,Leadership Institute,LEADERSHIP INSTITUTE INC,≤100
109599248636777,Consumer Credit Card Protection Coalition,CONSUMER CREDIT CARD PROTECTION COALITION,≤100
197760674021143,Indivisible Guide,INDIVISIBLE ACTION,≤100
17911165812,Covenant House International,Covenant House,≤100
306078196425343,Immigrationattorneyayesha,CHIDOLUE LAW FIRM PLLC,≤100
255062275778,Tim Tebow Foundation,TIM TEBOW FOUNDATION,≤100
109521013225,Nikki Haley,Nikki Haley for President,≤100
15503839732,Peter G. Peterson Foundation,Peter G. Peterson Foundation,≤100
141786816970,CLIA - Cruise Lines International Association,Cruise Lines International Association,≤100
104719928295399,Turn Left PAC,TURN LEFT PAC,≤100
56074851990,Truth Initiative,TRUTH INITIATIVE FOUNDATION,≤100
8473889271,National Parks Conservation Association,National Parks Conservation Association,≤100
1338822066131069,Women's March,Women's March,≤100
2245766435469741,Beersy,Beersy LLC,≤100
126893748252841,American Firearms Association,American Firearms Coalition,≤100
100700519593180,"Buck Nasty Media. Sports, culture, politics, and the Nasty Truth","Buck Nasty Media. Sports, culture, politics, and the Nasty Truth",≤100
274273169907462,Dane Maxwell for Mississippi,Friends of Dane Maxwell,≤100
15188122178,The Hamilton Collection,The Hamilton Collection,≤100
120182227998993,UNITE HERE Local 11,UNITE HERE Local 11,≤100
5647744585,PETA (People for the Ethical Treatment of Animals),"PEOPLE FOR THE ETHICAL TREATMENT OF ANIMALS, INC.",≤100
252814820267,HIAS,HIAS,≤100
104840925860688,Elect Clay Thomas for District Judge,Elect Clay Thomas for District Judge,≤100
100614893127231,Health Care Plus,Health Care Plus ACA,≤100
408250066356,Bill O'Reilly,"Bill Me, Inc.",≤100
24470472733,The Trevor Project,The Trevor Project,≤100
141461112573139,Ullico Inc.,Ullico Inc.,≤100
567101470157212,Obama Foundation,The Barack Obama Foundation,≤100
107936991746783,A Common Sense America,Common Sense America Inc,≤100
100284648021034,New Tolerance Campaign,New Tolerance Campaign,≤100
107762775583638,WonderTrust,These ads ran without a disclaimer,≤100
50982313030,Food & Water Watch,Food & Water Watch,≤100
262400727558782,ArticlesVally,These ads ran without a disclaimer,≤100
376250065793807,Citizens for Responsible Energy Solutions,CITIZENS FOR RESPONSIBLE ENERGY SOLUTIONS INC,≤100
108512875350,The Atlas Society,The Objectivist Center Ltd,≤100
291391109320335,Cooke for Congress,COOKE FOR CONGRESS,≤100
107119637688502,Western Justice,Western Justice Legislative Fund,≤100
103588388469410,Disparity Trap,Disparity Trap,≤100
129353084077944,Maebe A. Girl,MAEBE A. GIRL FOR CONGRESS,≤100
110099228407333,Chevron Advocacy Network,Chevron Advocacy Network,≤100
100484735718366,The Coalition for Carolina,Coalition for Carolina,≤100
19437978960,Chris Murphy,FRIENDS OF CHRIS MURPHY,≤100
2321993584737314,The Markin Report,The Markin Report,≤100
36872302227,Cory Booker,CORY BOOKER FOR SENATE,≤100
297987334762,Jamie Raskin,Jamie Raskin for Congress,≤100
960045850672105,One More Wave,These ads ran without a disclaimer,≤100
72092591211,FBI – Federal Bureau of Investigation,Federal Bureau of Investigation,≤100
7515233409,"Mikey Weinstein, MRFF",MILITARY RELIGIOUS FREEDOM FOUNDATION,≤100
113470526913,Scholastic,These ads ran without a disclaimer,≤100
215968684159,AFT - American Federation of Teachers,American Federation of Teachers,≤100
59877921429,Lutheran Immigration and Refugee Service,"LUTHERAN IMMIGRATION AND REFUGEE SERVICE, INC.",≤100
524399207959953,Truth & Liberty Coalition,Truth & Liberty Coalition,≤100
114301413446447,The Climate Initiative,Kennebunkport Climate Initiative,≤100
107210481952186,Golfer Giveaways,Golfer Giveaways,≤100
205795426669644,Facts and Logic about the Middle East,Facts and Logic About the Middle East,≤100
89757739264,Farm Credit,Farm Credit Council,≤100
1593518174052711,Candace Owens,Daily Wire,≤100
108691405615393,Reel Sen. Kennedy,BizPac Review,≤100
1590877284560136,Patti Harris,Bloomberg Philanthropies,≤100
97466887664,Innocence Project,"INNOCENCE PROJECT, INC., THE",≤100
102413723172970,Nick Adams,Nick Adams,≤100
112071038480355,Real News Now,Real News Now,≤100
149220264647,ADL,Anti-Defamation League,≤100
19746387261,Humane Society International,Humane Society International,≤100
679171239164792,Supermajority,Supermajority,≤100
106041458006742,The Tactical Brotherhood,The Tactical Brotherhood,≤100
152264148166020,Moms Clean Air Force,Moms Clean Air Force,≤100
114009933764548,The Patriot Club,RightWingGear.com,≤100
567371470277443,The Wilderness Society Action Fund,The Wilderness Society Action Fund,≤100
354377577952993,SEIU Local 105,SERVICE EMPLOYEES INTERNATIONAL UNION LOCAL 105,≤100
109352563640,Water.org,WATER.ORG INC.,≤100
38882699096,Polaris,POLARIS PROJECT,≤100
176548369099092,Barbara Lee,Barbara Lee for U.S. Senate,≤100
102748688472759,Parents Defending Education,Parents Defending Education,≤100
8446177150,Chosen People Ministries,CHOSEN PEOPLE MINISTRIES INC,≤100
117437204982602,American Wild Horse Campaign,American Wild Horse Preservation Campaign,≤100
254093297943901,CISE,These ads ran without a disclaimer,≤100
114633944922650,"Sunlyt, LLC","Sunlyt, LLC",≤100
164966660351345,Hope Outfitters,Hope Outfitters,≤100
138354569532939,"Tradition, Family, Property - TFP","American Society for the Defense of Tradition, Family and Property",≤100
123097641881,Feminists for Life,FEMINISTS FOR LIFE OF AMERICA,≤100
1632814840319802,John Fetterman,Fetterman for PA,≤100
380884168648080,Population Research Institute,POPULATION RESEARCH INSTITUTE,≤100
110677194902720,Ok Reading,These ads ran without a disclaimer,≤100
281844617168,Jewish Voice Ministries International,JEWISH VOICE MINISTRIES INTERNATIONAL,≤100
8047221596,Save the Children US,SAVE THE CHILDREN FEDERATION INC.,≤100
265190046837151,Chris Brown for Mississippi,Chris Brown for Mississippi,≤100
104908071917505,Welcome.us,Welcome.us,≤100
93565224474,Mercy For Animals,MERCY FOR ANIMALS,≤100
109893362130598,Great American Patriots,I Love My Freedom,≤100
85945492130,EnergyBoom,Energy Boom,≤100
1116377255172784,Concerned Veterans for America Foundation,Concerned Veterans for America Foundation,≤100
5720973755,Defenders of Wildlife,DEFENDERS OF WILDLIFE,≤100
100282586084755,"D.D. Black, Author of Pacific Northwest Crime Fiction",These ads ran without a disclaimer,≤100
349800859019034,The 19th News,The 19th,≤100
104377518078467,More Perfect Union,MORE PERFECT UNION FOUNDATION,≤100
603247219687559,Buddy Carter,BUDDY CARTER FOR CONGRESS,≤100
290548664672,First Liberty Institute,First Liberty Institute,≤100
1443127535947107,Save the Children Action Network,Save the Children Action Network,≤100
1832744013698336,Mahogany Mommies,Mahogany Mommies,≤100
220873174076,Animal Equality,ANIMAL EQUALITY,≤100
19972147679,SEIU,SEIU COPE (SERVICE EMPLOYEES INTERNATIONAL UNION COMMITTEE ON POLITICAL EDUCATION),≤100
194115677277113,A21,THE A21 CAMPAIGN,≤100
236662820616600,Ryan Longmire For Justice Court Judge,Ryan Longmire For Justice Court Judge,≤100
105173311888160,Star and Bar,Star and Bar,≤100
105110315974200,Kennedy's America,BizPac Review,≤100
89234192992,American Heritage Education Foundation,"AMERICAN HERITAGE FILMS, LLC",≤100
18983389920,Open Society Foundations,Open Society Foundations,≤100
201446296572389,Compassion in World Farming (USA),Compassion in World Farming Inc,≤100
386305465057247,Liberty Nation News,Liberty Nation,≤100
836826976517252,International Christian Embassy Jerusalem - USA,"International Christian Embassy Jerusalem - USA, Inc.",≤100
104891815695567,Let's Clear The Air,These ads ran without a disclaimer,≤100
497719423723034,Planned Parenthood California Central Coast,Planned Parenthood California Central Coast,≤100
497348647140658,Point Source Youth,Point Source Youth,≤100
103552914774916,Science Moms,Potential Energy Coalition Inc,≤100
138290759549138,Hope Clinic,Hope Clinic for Women,≤100
1883588135197697,Wild Earth Allies,Wild Earth Allies,≤100
110411398584,NRECA,NRECA,≤100
393795797388359,FOUR PAWS,FOUR PAWS INTERNATIONAL INC,≤100
100373975829221,Fòs Feminista Org,Fòs Feminista,≤100
1898234727131235,Reel America,BizPac Review,≤100
169597416843751,Stand Up America,Stand Up America,≤100
710669049286394,Woo the People,Woo the People,≤100
100243201777347,SHIFT,SHIFT,≤100
104979848524405,Starts With Us,Lubetzky Family Foundation,≤100
79336143191,National Asian Pacific American Women's Forum (NAPAWF),National Asian Pacific American Women's Forum,≤100
104660195062596,Gen Z Conservative,"Freedom From the Press, LLC",≤100
108247581851552,Democracy Defense Fund,DEMOCRACY DEFENSE FUND,≤100
1586732664896365,FPC Action Foundation,FPC ACTION FOUNDATION,≤100
1049573471767276,The Guardian Fund,THE GUARDIAN FUND,≤100
61492859575,Americares,"Americares Foundation, Inc.",≤100
103360826003416,"Nick Lisi for Justice Court Judge, District 1","Nick Lisi for Justice Court Judge, District 1",≤100
7263476274,Mercy Corps,Mercy Corps,≤100
115056554950266,Enroll Health Now,Enroll Health Now,≤100
16534314739,Facing History & Ourselves,Facing History & Ourselves,≤100
2361139837508625,Animal Victory,"One Red Lion, Inc DBA Animal Victory",≤100
142474049098533,Robert Reich,Inequality Media,≤100
38897314734,Trust for Public Land,"TRUST FOR PUBLIC LAND, THE",≤100
118626774835274,Medicare Made Clear,Medicare Made Clear from United Healthcare,≤100
508887815910815,BPR,BizPac Review,≤100
102044622753692,American Potential Podcast,AMERICANS FOR PROSPERITY,≤100
403737406341879,National Women's Health Network,NATIONAL WOMENS HEALTH NETWORK,≤100
455272821313812,Patrick Chism Monroe County District 1 Constable,Patrick Chism Monroe County District 1 Constable,≤100
102868946106278,Reel Congress,BizPac Review,≤100
226999127329906,New York Immigration Lawyer,Law Office of Alena Shautsova,≤100
109284291894484,American News Stories,"Freedom From the Press, LLC",≤100
106779538059265,Jay Timmons,NATIONAL ASSOCIATION OF MANUFACTURERS OF THE UNITED STATES OF AMERICA INC.,≤100
46347342434,EMILYs List,EMILY'S LIST,≤100
110624565660992,ZOE International,ZOE International,≤100
50513265848,Citizens United,Citizens United,≤100
169042736456594,All Out,All Out Action Fund.,≤100
250305668489402,Professor Kenny,These ads ran without a disclaimer,≤100
7192716362,Amnesty International USA,"AMNESTY INTERNATIONAL OF THE U. S. A., INC.",≤100
28483858161,Texas Scorecard,ScorecardMedia,≤100
58709265392,Americans United for Separation of Church and State,American's United for Separation of Church and State,≤100
121268821249550,World Central Kitchen,World Central Kitchen,≤100
583258211727279,Shai Fund,SHAI FUND INC,≤100
281844617168,Jewish Voice Ministries International,Jewish Voice Ministries International,≤100
12357407443,American Friends Service Committee,AMERICAN FRIENDS SERVICE COMMITTEE,≤100
156496968533805,Explore Beyond,NCTA - The Internet & Television Association,≤100
720943967965149,AFSCME Retirees,AMERICAN FEDERATION OF STATE COUNTY & MUNICIPAL EMPLOYEES,≤100
51533142540,Public Advocate of the U.S.,PUBLIC ADVOCATE OF THE US,≤100
445640168934708,Senator Chad McMahan,Senator Chad McMahan,≤100
6787988478,Physicians for Human Rights,"PHYSICIANS FOR HUMAN RIGHTS, INC.",≤100
102431482417812,American Free Enterprise Action,AMFREEACTION COMMITTEE,≤100
190697157619887,Freedom Foundation,Freedom Foundation,≤100
6314728663,Remedy Drive,Remedy Drive,≤100
18079407397,CPAC,AMERICAN CONSERVATIVE UNION,≤100
129255907131113,NumbersUSA,NUMBERSUSA EDUCATION AND RESEARCH FOUNDATION,≤100
104659801302856,Anna Kaplan for New York,Anna Kaplan for New York,≤100
1731084720451495,Saprea,The Younique Foundation,≤100
999556810102061,Signature Seas,Signature Seas,≤100
102230249080409,Freedom First,"Freedom From the Press, LLC",≤100
349904785020665,Law & Liberty,"Liberty Fund, Inc.",≤100
293225127381200,Patriot Depot,The Patriot Depot,≤100
203156483151292,PassionLife,PassionLife Ministries,≤100
340645001925,San Diego County Democratic Party,San Diego County Democratic Party,≤100
266003946905686,Salmon Beyond Borders,SalmonState,≤100
100119981671668,Blue Senate,BLUE SENATE PAC,≤100
107308698272177,Gas Leaks Action,Gas Leaks Action,≤100
161419311535,The New Republic,These ads ran without a disclaimer,≤100
168876449866088,The Years Project,THE YEARS PROJECT,≤100
113858467992659,David Owen for Delegate,Friends of David Owen,≤100
6316744206,Jon Tester,MONTANANS FOR TESTER,≤100
143173285763,Tenth Amendment Center,Tenth Amendment Center,≤100
122894447754361,Institute for New Economic Thinking,"INSTITUTE FOR NEW ECONOMIC THINKING, THE",≤100
384006901653736,The Moore Charitable Foundation,Moore Charitable Foundation,≤100
103482538845527,Conservative Truth,"Freedom From the Press, LLC",≤100
111044621745187,Liberty News,"Freedom From the Press, LLC",≤100
170491079663777,The Sentencing Project,"SENTENCING PROJECT INC, THE",≤100
111306298500421,Julie Hartman,Salem Media Group,≤100
105680575909615,Farm Bill for America’s Families,Farm Bill for America's Families,≤100
123857614319417,Texas Nationalist Movement,Texas Nationalist Movement,≤100
115031433563622,Leading Ladies,BizPac Review,≤100
10234472029,Council on Foreign Relations,Council on Foreign Relations,≤100
100221986153813,Lou's Daily News,"Freedom From the Press, LLC",≤100
309798029121030,Everytown for Gun Safety,Everytown for Gun Safety Support Fund Inc,≤100
21242962092,ClientEarth,CLIENTEARTH USA INC,≤100
150468198331534,The David Pakman Show,The David Pakman Show,≤100
101374728149342,A Starting Point,A Starting Point LLC,≤100
311901101987,"The Seeing Eye, Inc.",SEEING EYE INC,≤100
180381489134,Chris Christie,"Chris Christie For President, Inc.",≤100
15239367801,The Wilderness Society,"WILDERNESS SOCIETY, THE",≤100
100691296288550,Vote Shira Stallworth For Mississippi State Representative District 110,Vote Shira Stallworth For Mississippi State Representative District 110,≤100
101716172441500,Brennan Center en Español,"WILLIAM J. BRENNAN CENTER FOR JUSTICE, INC.",≤100
111606401855698,Theresa Mari for Huntington Town Council,Friends of Theresa Mari,≤100
782093245218764,Qasim Rashid,Qasim for Congress,≤100
106953012476760,Trump Train Tees,Trump Train Tees,≤100
100912916035641,International Order of T. Roosevelt,INTERNATIONAL ORDER OF T. ROOSEVELT,≤100
518194348194441,RepresentUs,RepresentUs,≤100
130268756992804,Yale Climate Connections,Yale Climate Connections,≤100
107766235181961,The Nunn Report,The Nunn Report,≤100
378084314984,Trane Technologies,Trane Technologies,≤100
111725181971454,Patriotic Nick,The Raging Patriot,≤100
291102898490822,Conservative Comedy Store,Conservative Comedy Store,≤100
108733862157788,Tim Sheehy,TIM SHEEHY FOR MONTANA,≤100
645392368909975,carafem,carafem,≤100
113496178208014,Protecting Our Democracy,Protecting Our Democracy,≤100
101670979560788,Reel Police,BizPac Review,≤100
102347509079756,Join the Many,These ads ran without a disclaimer,≤100
103591152638245,Tamiko for President,Tamiko for President,≤100
55708608675,RAND Corporation,"RAND CORPORATION, THE",≤100
300341323465160,The Daily Signal,HERITAGE FOUNDATION (THE),≤100
5435784683,Greenpeace USA,"GREENPEACE, INC.",≤100
104341399420066,Steven Hughes,These ads ran without a disclaimer,≤100
327853590558653,"Agri-Pulse Communications, Inc.","AGRI-PULSE COMMUNICATIONS, INC.",≤100
121185869582531,Soberlink,These ads ran without a disclaimer,≤100
28126338304,Surfrider Foundation,"SURFRIDER FOUNDATION, INC",≤100
1422767658029397,Destiny Drake West for Congress,DESTINY FOR CONGRESS,≤100
104134582247672,Anthony D'Esposito,DESPOSITO FOR NEW YORK,≤100
106641672526650,MAGA 2024,The Raging Patriot,≤100
111357897876676,Scotty Moore for Florida,Scotty Moore for Florida,≤100
105599502191866,Florida Jolt,"Jolt Media, Inc.",≤100
12692786774,The ALS Association,Amyotrophic Lateral Sclerosis Association,≤100
400851746967779,Nicole Malliotakis,NICOLE FOR NEW YORK,≤100
315692721932553,PR51st,THE PUERTO RICO STATEHOOD COUNCIL,≤100
113544401828903,STOP LIBS,The Raging Patriot,≤100
346612865750115,Korea Defense Veterans Association,Korea Defense Veterans Association,≤100
103352108299878,Arms Directory,"Arms Directory, LLC",≤100
192771954102960,Jordan Sekulow,American Center for Law and Justice,≤100
153678684700451,American Investment Council,AMERICAN INVESTMENT COUNCIL,≤100
102579112455934,Making The Leap Podcast,Stanley M. Herzog Charitable Foundation,≤100
101350839190816,Macro Conservative,Macro Conservative,≤100
105938305913705,Milton Families First,"Milton Families First Independent Committee, Inc",≤100
101379158990057,United Council on Welfare Fraud,United Council on Welfare Fraud,≤100
601678723294742,The Bill Walton Show,Resolute Protector Foundation,≤100
8524198486,Physicians Committee for Responsible Medicine,"PHYSICIANS COMMITTEE FOR RESPONSIBLE MEDICINE, INC.",≤100
142957224352,International Medical Corps,International Medical Corps,≤100
118210194636417,100 Percent MORE Campaign,Fattah Neuroscience Global Advisors,≤100
2255535767896743,Mark Robinson,Friends of Mark Robinson,≤100
5593944035,Competitive Enterprise Institute,COMPETITIVE ENTERPRISE INSTITUTE,≤100
104396194587918,C3 Solutions,Conservative Coalition for Climate Solutions,≤100
100263966089204,Republican Women,Republican Women,≤100
100562019990818,U.S. Term Limits,U.S. Term Limits Inc.,≤100
142474049098533,Robert Reich,Inequality Media Civic Action,≤100
500234666987317,BEST in BLUE,BEST in BLUE,≤100
58158120046,ACLJ,American Center for Law and Justice,≤100
131618273567984,Jeff Landry,Landry for Louisiana,≤100
108103552379131,MAGA Deplorables,The Raging Patriot,≤100
104483742449646,CenterClip,"CenterClip, Inc.",≤100
106705056029405,Renee Pawlish - Author,These ads ran without a disclaimer,≤100
104092062075803,USA Jolt,"Jolt Media, Inc.",≤100
104981939210693,Clayton Keirns,I Love My Freedom,≤100
106909358810669,Stop RCV,Stop RCV,≤100
255544808211074,Ward 5 Alderwoman Lakeisha k Purchase,Friends of Lakeisha Purchase,≤100
103089811072938,Plover Robes,These ads ran without a disclaimer,≤100
78420171887,Sailors for the Sea,OCEANA INC,≤100
6756153498,Mike Bloomberg,Bloomberg Philanthropies,≤100
1301218283344686,Andy Zay,ZAY FOR CONGRESS,≤100
441241125922184,Whistle Sports,These ads ran without a disclaimer,≤100
102040822610478,Center for Innovation and Free Enterprise,Center for Innovation and Free Enterprise,≤100
114440734963600,Reel Tucker,BizPac Review,≤100
110458972140691,American Patriot,The Raging Patriot,≤100
106070881520645,Advance Colorado,Advance Colorado,≤100
186319338839,GLAAD,"GLAAD, INC.",≤100
100373909828064,Conservative America,The Raging Patriot,≤100
102286035642350,Patriots for USA,USA Features Media LLC,≤100
15041226930,Oxfam,These ads ran without a disclaimer,≤100
95135221781,Federal News Network,Federal News Network,≤100
110524448317325,Top5 News,These ads ran without a disclaimer,≤100
513695272011123,The Genesis Prize,GPF NA LLC,≤100
102873246032735,Stella McMahan for Coroner,Stella McMahan for Coroner,≤100
100744759790554,Expose Liberals,The Raging Patriot,≤100
107828162210962,State Affairs Indiana,STATE AFFAIRS LLC,≤100
238473269650980,Capital & Main,CAPITAL & MAIN,≤100
109425288912319,Proud Patriots,The Raging Patriot,≤100
147523538641547,Capitol Ministries,CAPITOL MINISTRIES,≤100
102339502818776,Good Party - Tennessee,Good Party LLC,≤100
939960396036229,Greenily - Your Family Only Greener,"Greenily, LLC",≤100
153278754738777,Climate Reality,The Climate Reality Project,≤100
243362776583569,Air Mail,These ads ran without a disclaimer,≤100
317371771995065,AARP Arizona Hispanic Connection,AARP,≤100
140877979844,American Gas Association,AMERICAN GAS ASSOCIATION,≤100
101791315693,Destiny Rescue,"Destiny Rescue International, Inc.",≤100
20237874656,Institute for Policy Studies,Institute for Policy Studies,≤100
101103254533,SOS International,SOS International,≤100
12596759677,RAICES,REFUGEE AND IMMIGRANT CENTER FOR EDUCATION AND LEGAL SERVICES,≤100
36085812354,Rainforest Foundation US,"Rainforest Foundation, Inc.",≤100
7145381235,American Jewish World Service - AJWS,"AMERICAN JEWISH WORLD SERVICE, INC.",≤100
110010433804232,Standing For Freedom Center,Standing for Freedom Center,≤100
6593503709,Gabby Giffords,Giffords,≤100
7656215652,Tim Kaine,Tim Kaine,≤100
1438722236161076,County of Los Angeles,County of Los Angeles,≤100
113058058533766,The American Patriot,The Raging Patriot,≤100
112499917544791,The Black Legacy Project,"MUSIC IN COMMON, INC.",≤100
80060992758,Center for Food Safety,"CENTER FOR FOOD SAFETY, THE",≤100
473191156175163,EDF Action,Environmental Defense Action Fund,≤100
106786651418592,State Affairs Georgia,STATE AFFAIRS LLC,≤100
710460605705480,Dugit Outreach Center,Dugit Messianic Outreach Center,≤100
28446275521,Military Officers Association of America (MOAA),Military Officers Association of America,≤100
8002590959,Rainforest Action Network - RAN,RAINFOREST ACTION NETWORK,≤100
674093346356017,Jen Kiggans for Congress,KIGGANS FOR CONGRESS,≤100
43287633515,Action for the Climate Emergency,Action for the Climate Emergency,≤100
351310239372,Associated Republicans of Texas,Associated Republicans of Texas,≤100
602074469965571,Plan C,NATIONAL WOMENS HEALTH NETWORK,≤100
7606381190,Amy Klobuchar,KLOBUCHAR FOR MINNESOTA,≤100
174793662656828,Colorado Peak Politics,Peak Politics LLC,≤100
102420431749179,Raging Americans,Raging Americans,≤100
101581329115492,Freedom Street,"Freedom From the Press, LLC",≤100
187429968296722,Harvard Online,Harvard Online,≤100
48994809349,Ms. Foundation for Women,MS FOUNDATION FOR WOMEN INC,≤100
130110347120598,Amigos Internacionales,AMIGOS INTERNACIONALES CORPORATION,≤100
1683659714985244,Phil Ehr,Phil Ehr for Senate,≤100
440551812676698,Open The Books,American Transparency,≤100
682955925122567,Trending Views,Trending Views,≤100
11602044174,Independent Women's Forum,Independent Women's Forum,≤100
22627435207,Presbyterian Church (U.S.A.),Presbyterian Church (U.S.A.),≤100
111068872040824,Super Quiz,These ads ran without a disclaimer,≤100
191371171409,Southern Group of State Foresters,Southern Group of State Foresters,≤100
122269174199638,USA Journal News,USA Features Media LLC,≤100
122654655280238,i360,i360,≤100
6781166087,Bob Casey,BOB CASEY FOR SENATE INC,≤100
275947565591,"Woods and Woods, LLC, The Veteran's Firm","Woods & Woods, LLC",≤100
290851614930809,Combat AntiSemitism,Combat Hate Foundation,≤100
17043549797,MIT Technology Review,"TECHNOLOGY REVIEW, INC.",≤100
10331123781,Special Olympics,Special Olympics Inc,≤100
100500465282483,Breaking Battlegrounds,September Group LLC,≤100
312657362217994,Women's Heart Alliance,Women's Heart Alliance,≤100
130753146592974,UCB USA,UCB USA,≤100
456650934476413,MARC - Medicare Advocacy Recovery Coalition,Medicare Advocacy and Recovery Coalition,≤100
27311599342,Preemptive Love,Preemptive Love Coalition,≤100
262741493751666,The Pew Charitable Trusts,"PEW CHARITABLE TRUSTS, THE",≤100
109709662184091,Communities United to Elect Janessa Goldbeck for Supervisor,Communities United to Elect Janessa Goldbeck for Supervisor 2023,≤100
103277109172874,The Original Lou's News,"Freedom From the Press, LLC",≤100
1666922183524165,ReThink Energy NJ,ReThink Energy NJ,≤100
487569614682924,CAPP USA,Yellow Line Productions LLC,≤100
363500867116594,Will Metcalf,Will Metcalf,≤100
1499191057075106,Chronic Disease Coalition,Chronic Disease Coalition,≤100
217187838327836,The Story Exchange,The Story Exchange Foundation,≤100
268868046463126,Beacon Center of Tennessee,BEACON CENTER OF TENNESSEE,≤100
147126507164,ACTwireless,ACTwireless,≤100
303374266418976,AFPM,American Fuel & Petrochemical Manufacturers,≤100
125937197447634,ACTA - American Council of Trustees and Alumni,AMERICAN COUNCIL OF TRUSTEES AND ALUMNI,≤100
945455208962159,For Everyone Collective,For Everyone Collective,≤100
344175515603105,Southern Company,These ads ran without a disclaimer,≤100
101396592457270,Global Coin LLC,These ads ran without a disclaimer,≤100
143063095713907,Hep,"CDM PUBLISHING, LLC",≤100
107456714922179,The Messenger,These ads ran without a disclaimer,≤100
896759427103774,Modern Medicaid Alliance,Modern Medicaid Alliance,≤100
127944113884831,Community Foundation for Greater Atlanta,"The Community Foundation for Greater Atlanta, Inc.",≤100
112637920299437,Fuse Thrillers,These ads ran without a disclaimer,≤100
5861903849,USA for UNFPA,USA for UNFPA,≤100
110700067011185,No Dem Left Behind PAC,NO DEM LEFT BEHIND PAC,≤100
546066468753446,Black Health Matters,BLACK HEALTH MATTERS FOUNDATION INC,≤100
63240625785,National Immigration Forum,NATIONAL IMMIGRATION FORUM,≤100
482869205100278,Neema Project,Neema Project,≤100
38234604057,PEN America,PEN AMERICAN CENTER INC,≤100
528648287620574,"Elect Josh Hawkins, Mississippi House of Representatives District 10",Friends of Josh Hawkins,≤100
112642477582238,Mericanaf,AAF Nation,≤100
106602704371225,Rob is Right,Rob is Right,≤100
16900111951,National Organization for Women (NOW),NATIONAL ORGANIZATION FOR WOMEN,≤100
105066632162136,Vet the Vote,We the Veterans,≤100
102221165021408,Law Forward,"Law Forward, Inc.",≤100
1444820465547227,Rank the Vote,Rank the Vote,≤100
111265763982792,Austin Arthur of West Orange,"Austin Arthur for Orange County, Florida Commissioner District 1, Non-Partisan",≤100
105509168956542,Day-To-Day Recreation,These ads ran without a disclaimer,≤100
223608490170,The Ruth Institute,The Ruth Institute,≤100
507070522767934,AACR Foundation,"AMERICAN ASSOCIATION FOR CANCER RESEARCH, INC.",≤100
1553978148244954,Build With Strength,Build With Strength,≤100
9538894955,John F. Kennedy Presidential Library and Museum,"John Fitzgerald Kennedy Library Foundation, Inc.",≤100
116884823952,Vulnerable People Project,HERO Inc.,≤100
102658529406392,Allen Mashburn for NC Lieutenant Governor,Friends of Allen Mashburn,≤100
700941689954518,Defend Our Future,Defend Our Future,≤100
17414523278,Democracy Now!,DEMOCRACY NOW,≤100
135393633232510,California Grocers Association,CALIFORNIA GROCERS ASSOCIATION,≤100
341513602902369,CALL TO ACTIVISM,CALL TO ACTIVISM,≤100
1453144928262496,Overtime,These ads ran without a disclaimer,≤100
103548685970305,Ricky Caldwell - for MS State Senate 9,Friends of Ricky Caldwell for Senate 9,≤100
1534290989956166,Philanthropy Roundtable,"PHILANTHROPY ROUNDTABLE, THE",≤100
6727932795,Institute for Humane Studies,Institute for Humane Studies,≤100
109729861699329,Speak4,Speak4,≤100
984421991732710,Paycheckology,Paycheckology,≤100
183484875153093,Kim Monson Show,The Kim Monson Show,≤100
60865633726,Love Justice International,TINY HANDS INTERNATIONAL,≤100
339432396135584,The Exodus Road,The Exodus Road,≤100
43934405787,IPPF,International Planned Parenthood Federation Worldwide Inc,≤100
13341879933,Organic Consumers Association,ORGANIC CONSUMERS ASSOCIATION,≤100
1605295603062909,Hot Seat for Judges,Hot Seat for Judges,≤100
102763296131905,Post News,Post News,≤100
259212814698356,Democratic Majority for Israel,Democratic Majority for Israel,≤100
116861961319806,Barn Raiser,Barn Raising Media Inc,≤100
106967202260421,Rodney Hall for Mississippi House Dist. 20,Hall for Mississippi,≤100
109475211795252,Freedom From The Press,"Freedom From the Press, LLC",≤100
54580146753,Faith in Action,Faith in Action,≤100
1196196390526965,Facebook Surveys,These ads ran without a disclaimer,≤100
112840908504958,Project Unloaded,Project Unloaded,≤100
104325980927924,Fun t-shirts,These ads ran without a disclaimer,≤100
102982659268640,Heart & Health,Partner for Heart & Health,≤100
300748678230,Tennessee Department of Economic and Community Development,Paid for by Tennessee Department of Economic and Community Development,≤100
42631297765,Hadassah,"HADASSAH, THE WOMEN'S ZIONIST ORGANIZATION OF AMERICA, INC.",≤100
40217893542,AIPAC,American Israel Public Affairs Committee,≤100
107645227592678,To Which We Belong,Mystic Artists,≤100
45901308455,MAP International,MAP INTERNATIONAL (INC.),≤100
1038112106230748,Henk Rogers,Blue Planet Alliance Corporation,≤100
102794658754102,Daily Freedom,Trending Views,≤100
424443217623488,Clarion Project,"CLARION PROJECT, INC.",≤100
101650188462238,Patriotic American,These ads ran without a disclaimer,≤100
1425435377743310,Conversations with Bill Kristol,FOUNDATION FOR CONSTITUTI,≤100
110052089025541,"Tim Clue, Speaker and Comedian",Tim Clue,≤100
102596355656379,Red Wave News Updates,"Freedom From the Press, LLC",≤100
92729316952,Covanta,Covanta,≤100
106582384539447,Design for Freedom by Grace Farms,"GRACE FARMS FOUNDATION, INC.",≤100
111365084107318,The Founders USA,These ads ran without a disclaimer,≤100
59572733353,GREY2K USA,GREY2K USA,≤100
121370409259213,Alpha-gal Information,These ads ran without a disclaimer,≤100
106945699029082,Benjamin Genser for Grand Haven Mayor,Committee to Elect Benjamin Genser,≤100
7361892567,Born Free USA,"BORN FREE USA, UNITED WITH ANIMAL PROTECTION INSTITUTE",≤100
106862204671108,The Deplorable Americans,The Deplorable Americans,≤100
104502746043499,"Washington, Dreyer & Associates",These ads ran without a disclaimer,≤100
274607402635118,SL Chapman LLC,These ads ran without a disclaimer,≤100
101401528499337,"Commissioner Kionne McGhee, District 9",Kionne L. McGhee,≤100
506680536015406,HumanProgress.org,"CATO INSTITUTE, INC.",≤100
114875961645472,WokeBusters,WokeBusters,≤100
116051187749855,TOP5,These ads ran without a disclaimer,≤100
110094158160834,The American Tribune,"Freedom From the Press, LLC",≤100
249467225254927,The Love > hate Project,LOVE GREATER THAN HATE PROJECT,≤100
100410338482377,American Property Owners Alliance,American Property Owners Alliance,≤100
189551501975684,MAGA Underground,MAGA Underground,≤100
339879249945557,Center for Change Northern Michigan Advocacy,Center for Change A Northern Michigan Advocacy Group,≤100
100949179644508,Free and Fair Democracy PAC,FREE AND FAIR DEMOCRACY PAC,≤100
220538341415523,The Satanic Temple,The Satanic Temple,≤100
181924628560212,Ekō,Ekō,≤100
109521013225,Nikki Haley,Team Stand for America,≤100
105383531133271,Nancy Young for Tracy Mayor,Nancy Young for Tracy Mayor 2020,≤100
106303828502171,Strategic Moves with Kenn Dowell,STRATEGIC RESOURCES CONSULTING LLC,≤100
80813793793,Paperless Post,These ads ran without a disclaimer,≤100
1420200111329836,Alan C. Moore,Alan C. Moore,≤100
38812906703,United Friends of the Children,United Friends of the Children,≤100
67945990059,The American Petroleum Institute,The American Petroleum Institute,≤100
132189670178341,Montgomery County District Attorney's Office,These ads ran without a disclaimer,≤100
105364682148003,Available To All,Available To All,≤100
110789241969098,Andy Morales,Andy Morales,≤100
104605160959720,Leda Health,Leda Health Corporation,≤100
77278490877,National Corn Growers Association,NATIONAL CORN GROWERS ASSOCIATION INC,≤100
111812468884033,W.K. Kellogg Foundation,W. K. KELLOGG FOUNDATION,≤100
140155342671005,Sempervirens Fund,SEMPERVIRENS FUND,≤100
107077981585236,"Debt Elimination NOW, Neeley Law","Debt Elimination NOW, Neeley Law",≤100
138492335404,Scott Walker,FORWARD USA FEDERAL POLITICAL ACTION COMMITTEE,≤100
162069790604,AARP Arizona,AARP,≤100
114008535880,Foundation for Individual Rights and Expression,"FOUNDATION FOR INDIVIDUAL RIGHTS AND EXPRESSION, INC.",≤100
174665813003584,Mission Partners for Christ,Mission Partners for Christ,≤100
112552187080266,Protecting Every Future,American Council of Life Insurers,≤100
117592091643709,Tree of Life Ministries｜Evangelism in Israel,Tree of Life Ministries,≤100
100409635146406,BBC Select,These ads ran without a disclaimer,≤100
19856390207,LiveBeyond,MOBILE MEDICAL DISASTER RELIEF INC,≤100
115143604891957,Kim Strassel: WSJ,Kim Strassel: WSJ,≤100
111464544881905,America First News,America First News,≤100
110981884065996,AbortionFinder,Power to Decide,≤100
492833287785124,Supervisor Jim Desmond,Supervisor Jim Desmond,≤100
830162603716633,Andy Beshear,Andy Beshear for Governor,≤100
152065518140304,Wildlife Conservation Society,Wildlife Conservation Society,≤100
1406149713044974,Intellectual Judaism,Intellectual Judaism,≤100
186977768011413,Ironworkers Rising,"International Association of Bridge, Structural, Ornamental, and Reinforcing Iron Workers",≤100
81755908577,Kids in Need of Defense (KIND),"KIND, Inc.",≤100
114311491625816,Inappro Emporium,Inappro Emporium,≤100
109200595768753,The Christian Left,The Christian Left,≤100
577579002349073,Let's Grow Kids,"Let's Grow Kids, Inc",≤100
302111635698,National Association of Tax Professionals (NATP),National Association of Tax Professionals,≤100
393076844046051,Progressive Caucus,CONGRESSIONAL PROGRESSIVE CAUCUS PAC,≤100
126053105675,Save the Redwoods League,Save The Redwoods League,≤100
108447751857210,Ron Naples & Charles Cunliffe for Barnegat Township Committee,These ads ran without a disclaimer,≤100
349702751902673,Hereditary Angioedema Association - HAEA,HEREDITARY ANGIOEDEMA ASSOCIATION INC.,≤100
102068689468846,Southern Utah TV & Satellite,SOUTHERN UTAH TV & SATELLITE,≤100
38428034839,PRRI,Public Religion Research Institute,≤100
29770886815,Marijuana Policy Project,MARIJUANA POLICY PROJECT,≤100
124115965454,Cornerstone Action,Cornerstone Action,≤100
101921389503997,Jo Lynn Houston Pearl River County Tax Assessor Collector,Jo Lynn Houston Pearl River County Tax Assessor Collector,≤100
1141037812653481,"Judge Christopher ""Chris"" Gregory,  Justice of the Peace - Precinct 4","Christopher ""Chris"" Gregory Campaign.",≤100
106159299124846,Dirk Guidry for State Representative,Dirk Guidry for Parish President,≤100
487406107954778,Red Movement Store,These ads ran without a disclaimer,≤100
711909245654048,National Police Support Fund,National Police Support Fund,≤100
102712325850529,Libratum Press,Libratum Press LLC,≤100
123624513983,The Western Journal,The Western Journal,≤100
97279934919,bp America,BP CORPORATION NORTH AMERICA INC.,≤100
116043963997,American Songwriter News,These ads ran without a disclaimer,≤100
100261609806298,Mischief mail,Mischief Mail,≤100
105407801657167,Gerardo Gerry Lozano,Gerardo Gerry Lozano,≤100
261799810593614,Daniel Arthur Smith,These ads ran without a disclaimer,≤100
250392878345035,The Focused Pastor,Focus on the Family,≤100
100806242836871,Preservation Pause,University of Arizona Indigenous Peoples Law and Policy Program,≤100
109366181861530,President Trump is My Wingman,"Freedom From the Press, LLC",≤100
201248453800242,My Pay My Say,Mackinac Center for Public Policy,≤100
106969504351640,Claire Maxwell Rutherford County School Board Zone 5,Claire Maxwell Rutherford County School Board Zone 5,≤100
228754857151053,House Majority PAC,HOUSE MAJORITY PAC,≤100
104017182658962,Pervez Agwan for U.S. Congress,Agwan For Congress,≤100
1429612780666991,Americans Against Fascism,These ads ran without a disclaimer,≤100
1449073545419430,The Lone Liberal Republican,The Lone Liberal Republican,≤100
304750332920654,Carl DeMaio,Reform California,≤100
49699114675,Menage a Trois Wines,These ads ran without a disclaimer,≤100
286452171426280,Bay County Republican Party Of Florida,Bay County Republican Party of Florida,≤100
43426724597,Paper Culture,Paper Culture LLC,≤100
512225042147387,Mothers Out Front,MOTHERS OUT FRONT INC,≤100
1560105467624797,Generation180,Generation180,≤100
202071006601223,GOOD PARTY,Good Party LLC,≤100
679775682081147,Gospel in Life,These ads ran without a disclaimer,≤100
620515378314908,Noah Ring,Noah Ring,≤100
7292655492,MoveOn,MOVEON.ORG CIVIC ACTION,≤100
163929613677216,Rally 4 Recovery RI,These ads ran without a disclaimer,≤100
234744096655497,Alliance For Early Success,Alliance for Early Success,≤100
107251195285052,Florida's Right to Clean Water,Florida Right to Clean Water,≤100
1220042511347971,U.S. Institute Against Human Trafficking,"U.S. INSTITUTE AGAINST HUMAN TRAFFICKING, INC.",≤100
746938465317981,Nuclear Matters,Nuclear Matters,≤100
103022189524442,"Michael ""Mikey"" Patrick, Justice Court Judge Candidate, Tishomingo County",COMMITTEE TO ELECT MICHAEL PATRICK,≤100
254943996005,Catholic Answers,"CATHOLIC ANSWERS, INC.",≤100
121940824138795,North Carolina Association of Health Plans,"North Carolina Association of Health Plans, Inc",≤100
205561212797960,Denton County Democratic Party,Denton County Democratic Party,≤100
105421802441162,Congressman Mike Ezell,Congressman Mike Ezell,≤100
300125763392341,Bigger Pie Forum,Bigger Pie Forum,≤100
112339644228184,Next Chapter Podcasts,"Next Chapter Podcasts, LLC",≤100
262536810935097,Housing Is A Human Right,AIDS HEALTHCARE FOUNDATION,≤100
165987503528599,Lindsey Graham,"TEAM GRAHAM, INC.",≤100
2007361039550045,"Center for Free, Fair, and Accountable Democracy","CENTER FOR FREE, FAIR, AND ACCOUNTABLE DEMOCRACY, INC.",≤100
108505904007810,Clay Fuller: Main Street Patriot,Main Street Patriot LLC,≤100
1907921789531594,The History of Black Philadelphia,The History of Black Philadelphia,≤100
57596853723,"Cusimano, Roberts, Mills & Knowlton, LLC",These ads ran without a disclaimer,≤100
109613021966105,kennedycarlese,These ads ran without a disclaimer,≤100
110282325330578,Judson for Judge,Judson for Judge,≤100
101769576791,Health Action Network,Health Action Network,≤100
7663052482,YFU USA,"YOUTH FOR UNDERSTANDING USA, INC.",≤100
107363788552124,Local Solutions Support Center,Local Solutions Support Center,≤100
110243455070232,John T. Williams,John T. Williams,≤100
111224975389089,Freedom Fighters,The Raging Patriot,≤100
5878048748,GlobalGiving,"GLOBALGIVING FOUNDATION, INC.",≤100
312873151992,The African American Male Wellness Agency,African American Male Wellness Walk,≤100
107356708329311,Conservative News Stories,"Freedom From the Press, LLC",≤100
112638407053609,Jamal Osman,Osman Volunteer Committee,≤100
109837098551466,Sarika Bansal for Cary Town Council District D,Friends of Sarika Bansal,≤100
101224002310757,Seven Weeks Coffee,Seven Weeks Coffee,≤100
21090771700,Gun Owners of America,Gun Owners of America,≤100
80892038525,Ohio Democratic Party,OHIO DEMOCRATIC PARTY,≤100
101375416383931,Guy Laurent Abo Bekale - GLAB.,These ads ran without a disclaimer,≤100
109610760468209,Dr. Bradford Carlton,Carlton Family Corporation,≤100
111515841026178,Counterspark,"Counterspark, Inc.",≤100
276076196388914,Coffee & Pan Dulce Show,Coffee & Pan Dulce Show,≤100
316955281351,APWU - The American Postal Workers Union,AMERICAN POSTAL WORKERS UNION,≤100
25480500554,BRAC,"BRAC USA, Inc.",≤100
110577068679152,Haus Cordray for DeSoto Parish Assessor,Haus Cordray for DeSoto Assessor,≤100
163302087408673,Stop The Donald,Stop the Donald,≤100
83865976093,Truthout,TRUTHOUT,≤100
1729198467311786,G.A. Matiasz,62 Mile Press,≤100
1599237673639735,Change Media Group,Change Media Group,≤100
118479622896426,The Veil Removed,The Veil Removed,≤100
1663301430650007,Michael Kimelman,"Dekryption, LLC",≤100
150559895031,Rapha International,"Rapha House International, Inc.",≤100
19459912688,StandWithUs,StandWithUs,≤100
320823520454,Enough Is Enough,Enough is Enough,≤100
100529699794683,Jessica Swartz,Jessica for Michigan,≤100
2001831300143832,Conversations with Jim Zirin,Conversations with Jim Zirin,≤100
118702787822790,Affordable Health Insurance,These ads ran without a disclaimer,≤100
153171891404218,Common Sense Institute Colorado,Common Sense Institute,≤100
82223469060,ACN - Aid to the Church in Need,"AID TO THE CHURCH IN NEED, INC.",≤100
200676905671,"Air Line Pilots Association, Int’l",Air Line Pilots Association,≤100
10524033745,Remote Area Medical - RAM,REMOTE AREA MEDICAL,≤100
7035457015,Brave New Films,BRAVE NEW FOUNDATION 501(C)(3),≤100
1499911393420824,Welcoming Cumberland Presbyterians,Welcoming Cumberland Presbyterians,≤100
616163441906738,Hirsh Singh,Hirsh Singh for President,≤100
102961088866702,Sarah Klee Hood for Congress,SARAH KLEE HOOD FOR NY,≤100
126815818975,Global Fund for Children,GLOBAL FUND FOR CHILDREN (THE),≤100
114665075250432,The Zalkin Law Firm,"The Zalkin Law Firm, P.C.",≤100
65538457518,The Village Square,TO THE VILLAGE SQUARE INC,≤100
444237349074965,GPB News,Georgia Public Telecommunications Commission,≤100
613924535450605,Daniel L. Hatcher,Daniel L. Hatcher,≤100
2220049454938703,Macomb County Clerk-Register of Deeds,MACOMB COUNTY CLERKS OFFICE,≤100
594519783957655,Citizens for National Security,Citizens For National Security,≤100
139835646030666,Alliance for Aviation Across America,Alliance for Aviation Across America,≤100
108468085874736,International Human Trafficking & Social Justice Conference,Human Trafficking & Social Justice Institute,≤100
1021724717913869,Bantam Communications,Bantam Communications,≤100
127911150291788,Christopher Chad Wilbourn,These ads ran without a disclaimer,≤100
245481022560114,John Stefanski,John Stefanski Campaign,≤100
338218229911752,Integrity First PAC,INTEGRITY FIRST PAC,≤100
20603236087,Love146,"LOVE146, INC.",≤100
106652927369737,Re-Elect Bullock for Supervisor 2024,Committee to Elect Bullock for Supervisor 2020,≤100
694222660634863,A Step Ahead Chattanooga,A Step Ahead Chattanooga,≤100
1808068199405179,Congressman Adriano Espaillat,Office of Congressman Adriano Espaillat (NY-13),≤100
683095228488145,Scott McKnight,The Scott McKnight Campaign,≤100
103063399375225,"Parry ""Matt"" Thomas, Candidate for House District 68","Parry ""Matt"" Thomas, Candidate for House District 68",≤100
101457045962474,Popular novel-01,These ads ran without a disclaimer,≤100
106327227394502,POTELIGEO® (mogamulizumab-kpkc),"KYOWA KIRIN, INC.",≤100
2234363060111243,Diggs for Senate,Diggs for Senate,≤100
642951465910066,Mark Wright - State Representative,The Mark Wright Campaign,≤100
747783932079184,Jared Golden for Congress,COMMITTEE TO ELECT JARED GOLDEN,≤100
1886927881621153,"C4 - Chris, Carbon County Commissioner",C4 - CHRIS FOR CARBON COUNTY COMMISSIONER,≤100
18540061737,The Ohio Environmental Council,The Ohio Environmental Council,≤100
110316380149,Family Policy Alliance,Family Policy Alliance,≤100
112912573793125,Rise Up for Justice,Rise Up for Justice,≤100
258848839880,Horizon Blue Cross Blue Shield of New Jersey,HORIZON HEALTHCARE SERVICES INC,≤100
100512237997467,Community Health Partnership,Community Health Partnership,≤100
616079045236845,tallyED,tallyED.com,≤100
59386210330,American Lung Association,AMERICAN LUNG ASSOCIATION,≤100
110599091754319,Jonathan Emord for U.S. Senate,EMORD FOR SENATE INC,≤100
45013872425,The Ripon Society,RIPON SOCIETY,≤100
102157166037377,Wesley barnes,Wesley barnes,≤100
155645630648,West Central Initiative,West Central Initiative,≤100
109974695328612,Jonathan Rider for Tax Collector,Jonathan Rider for Tax Collector,≤100
239658882763974,Poverty USA by CCHD,UNITED STATES CONFERENCE OF CATHOLIC BISHOPS,≤100
285687352099619,Smart Money Louisiana,Smart Money Louisiana,≤100
513785465632396,Airline Passengers for Justice,Airline Passengers for Justice,≤100
117838897909867,Tom Casey for District 6,Thomas Joseph Casey Friends of Tom Casey,≤100
154508838678834,Crookston Night to Unite,These ads ran without a disclaimer,≤100
965181706946254,US Rep Nanette Diaz Barragán,Official funds authorized by the House of Representatives,≤100
452797224923658,The Democratic Coalition,THE DEMOCRATIC COALITION,≤100
817114738446913,Hoosier Action,Hoosier Action,≤100
67198072267,Michigan Capitol Confidential,Michigan Capitol Confidential,≤100
109484472066825,Jonathan Berry for State Representative,Jonathan Berry for State Senate,≤100
103929304678916,Voter Action Project,Integrity First Voter Action Project,≤100
117214891638398,Street Grace,Street Grace Inc,≤100
151966232995,Yuba Sutter Marketplace,These ads ran without a disclaimer,≤100
2831837216845452,"Derek Norton - Mayor, City of Smyrna",Derek Norton for Mayor,≤100
1610834479233860,Fight For Reform,End Citizens United Non-federal,≤100
110853168664536,Jill Dutton For Texas,Jill Dutton for Texas,≤100
108905317397133,Thnk:,Thnk Holdings LLC,≤100
105646862461284,greatamericansproject,These ads ran without a disclaimer,≤100
123460781200,Alon Ben-Meir,Alon Ben-Meir Inc,≤100
192738164073627,A Better Balance,A Better Balance,≤100
14038292386,Women for Women International,WOMEN FOR WOMEN INTERNATIONAL,≤100
102392018062460,Delegate A.C. Cordoza,FRIENDS OF AC CORDOZA,≤100
21395843375,Dialysis Patient Citizens,DIALYSIS PATIENT CITIZENS INC,≤100
610264146298573,The American Council,The American Council for Evangelicals,≤100
102548262727394,Greater Cincinnati Coalition for Transit and Sustainable Development,"DEVOU GOOD PROJECT, INC.",≤100
984348691729439,Sullivan for Monroe County Supervisor District 5,Sullivan for Monroe County Supervisor District 5,≤100
168367339845613,The Humane League,"HUMANE LEAGUE, THE",≤100
81839392622,American Century Investments,AMERICAN CENTURY SERVICES CORPORATION,≤100
280569155330326,AFP - Iowa,AMERICANS FOR PROSPERITY,≤100
106058025408954,Do No Harm Medicine,Do No Harm,≤100
115851611042,The Max Foundation,THE MAX FOUNDATION,≤100
344908345545000,San Diegans Against Crime,"San Diegans Against Crime, Sponsored by the San Diego County Deputy District Attorneys Association",≤100
677754392261894,"Our Nevada Judges, Inc.",Our Nevada Judges Inc,≤100
37461287798,Jesuit Refugee Service/USA,JESUIT REFUGEE SERVICE INC,≤100
417522508294454,Job Creators Network,Job Creators Network,≤100
458643554482238,Uri Velez La Sra de los Seguros,Euridis Velez,≤100
260950614010259,Sandra Cano,Sandra Cano for Congress,≤100
23062764436,Erika’s Lighthouse: A Beacon of Hope for Adolescent Depression,Erika’s Lighthouse: A Beacon of Hope for Adolescent Depression,≤100
114080905042873,For the Majority,For the Majority,≤100
30618466815,Pacific Legal Foundation,Pacific Legal Foundation,≤100
102274838994065,Common Sense Institute Arizona,Common Sense Institute,≤100
192609620649,The University of Chicago,The University of Chicago,≤100
109594142063786,Kevin Booker For Constable,Kevin Booker For Constable,≤100
430869277025501,Dr. Nancy O'Reilly,"WOMEN CONNECT4GOOD, INC.",≤100
293446934166966,"Platt, Thompson and Buescher, Attorneys at Law","Platt, Thompson and Buescher, Attorneys at Law",≤100
6766783198,John Carter,JOHN CARTER FOR CONGRESS,≤100
133753583953215,American History in 90 Minutes - The Common-Sense Guide to U.S. History,American History in 90 Minutes,≤100
407848989230502,The Rational Middle,"Rational Middle Media Group, LLC",≤100
1529786753965053,PXG,These ads ran without a disclaimer,≤100
607339103061292,Jody Owens Hinds County District Attorney,Friends of Jody Owens,≤100
111616897431513,Make America a Team Again,MakeAmericaATeamAgain.com,≤100
93089921359,City of Casa Grande - Government,City of Casa Grande,≤100
107024195742262,Jirair for CA,JIRAIR RATEVOSIAN FOR CONGRESS,≤100
227594571444676,Building New York's Best,Carpenter Contractor Alliance of Metropolitan New York,≤100
103935095594448,The MP Group,These ads ran without a disclaimer,≤100
101377889168483,Gumbo Limbo Coastal Stewards,"Gumbo Limbo Coastal Stewards, Inc.",≤100
1792255887717788,Northwest Environmental Advocates,NORTHWEST ENVMTL ADVOCATE,≤100
276031089088216,Ridgegate Financial,These ads ran without a disclaimer,≤100
103433804692809,Law Offices of James S. Hong & Associates,Law Offices of James S. Hong,≤100
43853729859,Campaigns & Elections,Political World Communications,≤100
106032806092251,Local First Arizona,Local First Arizona Foundation,≤100
372502446527928,Child Impact International,Child Impact International,≤100
348521388580843,Talks On Law,Talks On Law,≤100
165858562140,Western Resource Advocates,WESTERN RESOURCE ADVOCATES,≤100
120434611053517,Daniel Forrester for Anderson County Chancellor,Daniel Forrester for Anderson County Chancellor,≤100
93692255431,Bread for the World,"BREAD FOR THE WORLD, INC.",≤100
102176712079037,Daily Floridian,Daily Floridian,≤100
499379343409991,Impact Fund,"IMPACT FUND, THE",≤100
110737847312980,Your Vote OC,The Republican Party of Orange County,≤100
153966377987310,Disability Rights Florida,"DISABILITY RIGHTS FLORIDA, INC.",≤100
2308098292590251,Committee to Elect Melody Magee Warren City Council District 1,These ads ran without a disclaimer,≤100
104810574763043,Ghost Patch,These ads ran without a disclaimer,≤100
536562299702134,Put People First - PA,Put People First - PA,≤100
1522379728063829,Healthy World for All,RESOURCES LEGACY FUND,≤100
88410949777,Population Media Center,"POPULATION MEDIA CENTER, INC.",≤100
101939781315530,History Behind News Podcast,History Behind News Podcast,≤100
50714237985,The Rutherford Institute,RUTHERFORD INSTITUTE,≤100
388076585284592,SalmonState,SalmonState,≤100
1624206881186861,Lisa Blunt Rochester,Lisa Blunt Rochester for Senate,≤100
117507751891,United Poultry Concerns,"UNITED POULTRY CONCERNS, INC",≤100
102204903345,The Vilcek Foundation,"VILCEK FOUNDATION, INC., THE",≤100
55549065733,Voto Latino,VOTO LATINO INC.,≤100
105369722491148,Joe Signorello,JOE SIGNORELLO FOR CONGRESS,≤100
105099809192862,Adrian Gonzalez For Weslaco Mayor 2023,Adrian Gonzalez For Weslaco Mayor 2023,≤100
116943805583378,The Republican Standard,The Republican Standard,≤100
140466263492407,Hirstified- Trump girl,Hirstified,≤100
116020438141998,Jennifer Klitchko Butterfield,These ads ran without a disclaimer,≤100
251512801547984,Ken King,Ken King for State Representative,≤100
113314398471785,Celeste Maloy,Celeste For Congress,≤100
141395226689,New York State Nurses Association,"NEW YORK STATE NURSES ASSOCIATION, THE",≤100
101564054951838,We The Forest,We The Forest,≤100
169840807024913,Jobob,The Jobob Show,≤100
1620937204819048,Wildlife Trafficking Alliance,American Association of Zoological Parks & Aquariums,≤100
2436403486378786,Tim Temple,Tim Temple Campaign,≤100
328042268580226,Stories of Antisemitism,Stories Of Antisemitism,≤100
1570082353262795,YIMBY Action,YIMBY ACTION,≤100
112443395099439,Jackson For Hobart,Committee to Elect Teddian Jackson,≤100
37442103053,ACLU of New Jersey,AMERICAN CIVIL LIBERTIES UNION OF NJ,≤100
14893370225,Sustainable Harvest International,SUSTAINABLE HARVEST INTERNATIONAL,≤100
104797392466540,1 Minute Topics,These ads ran without a disclaimer,≤100
170126260000702,Western Journal US News,The Western Journal,≤100
2259323457517498,Abolish the Electoral College,Abolish the Electoral College,≤100
123323833895,"Chris Johnson, writer & humorist",Kudzu Kid Press,≤100
107348245617529,Walter Hopper III,FRIENDS OF WALTER HOPPER,≤100
114982931437267,John Gomes for Mayor,JOHN GOMES FOR MAYOR,≤100
10606591490,TIME,TIME USA LLC,≤100
111588141207502,Tamie US Congress,TAMIE WILSON FOR US,≤100
287754774569171,Americans for Prosperity-Montana,AMERICANS FOR PROSPERITY,≤100
111165063923370,The Freethinker File,The Freethinker File,≤100
401240226922554,VoLo Foundation,VoLo Foundation,≤100
123755994361809,Alliance San Diego,Equality Alliance of San Diego County,≤100
404794256289847,Americans for Prosperity - West Virginia,AMERICANS FOR PROSPERITY,≤100
104970128462895,Elias for Assembly,ELIAS FOR ASSEMBLY,≤100
108108121456950,Blue States PAC,BLUE STATES PAC,≤100
105692311896010,Positive Money US,Positive Money US,≤100
108310235885897,Haymarket Books,"CENTER FOR ECONOMIC RESEARCH AND SOCIAL CHANGE, INC. THE",≤100
109017592091859,Brandon Ivey,Brandon Ivey Campaign,≤100
100746819111892,Tom Keen for Florida,Tom Keen for Florida,≤100
120012779715554,WalletGenius,These ads ran without a disclaimer,≤100
311536622860495,SoCal Daily Pulse,SoCal Daily Pulse,≤100
66237904047,Marine Fish Conservation Network,Marine Fish Conservation Network,≤100
398233886974905,Mike Grieco for Miami Beach Mayor,"Mike Grieco for Miami Beach Mayor, non-partisan",≤100
108563459211349,El Mayor Tequila,These ads ran without a disclaimer,≤100
111424138429025,The Clean Energy Life,REWIRE GROUP LLC,≤100
106568024842114,Rideshare Assault Support,Citizen Ad Network LLC,≤100
904679859867901,Mike Crawford for Sheriff,Mike Crawford for Sheriff,≤100
251138114917520,Trails End Art Association,These ads ran without a disclaimer,≤100
6165653060,AFSCME,AMERICAN FEDERATION OF STATE COUNTY & MUNICIPAL EMPLOYEES,≤100
470913683254525,Hamilton County Young Democrats,Hamilton Co. Young Democrats,≤100
758584494291735,Lt Steven Rogers,Lt Steven Rogers,≤100
310925405807,Citizens Climate Lobby,Citizens' Climate Lobby,≤100
262426713824023,Beardsley Auction Service,These ads ran without a disclaimer,≤100
85179583121,San Diego Police Officers Association,SAN DIEGO POLICE OFFICERS ASSOCIATION INC,≤100
321010251265264,Rep. John Bell,John Bell Committee,≤100
488270467889488,Blake Miguez,Friends of Blake Miguez,≤100
107828221535364,Wyoming Truth,These ads ran without a disclaimer,≤100
103649939028193,Costa Mesa Confidential,Costa Mesa Confidential,≤100
116480284709336,"Cilento, Lantz & VanDermark for Dunellen","Cilento, Lantz & VanDermark for Dunellen",≤100
113032015040227,Nick for City Council,Committee to Elect Nick Slabaugh,≤100
111047885346799,Man Stuff - shopmanstuff.com,These ads ran without a disclaimer,≤100
105652832443066,Carbon Titans,CARBON TITANS LLC,≤100
107204669133886,San Diego United,San Diegans United,≤100
106621664707628,Representative Matt Rosendale,Office of Representative Matt Rosendale,≤100
107618578223660,California Courier,California Courier,≤100
100156462942977,widmaille,These ads ran without a disclaimer,≤100
101837702807054,Orion Star Hunters,These ads ran without a disclaimer,≤100
119183187854195,Asia Wild,Asia Wild,≤100
113529358463467,American Leadership Fund,American Leadership Fund,≤100
125182621527545,Sarah McBride,McBride for Delaware,≤100
100960489669689,Christian Charette for State Representative,Christian Charette for State Representative,≤100
104621899169071,Louisiana Trade & Commerce,Louisiana Trade & Commerce,≤100
106514765570465,Tommy4STPSheriff,Tommy4STPSheriff,≤100
428173550596440,Rep. Ritchie Torres,Office of Congressman Ritchie Torres,≤100
103117627898141,Claggett For Ohio,Claggett for Ohio,≤100
196014930429730,Empowered by Light,Empowered By Light Foundation,≤100
273546779885377,The Gallant Pelham,"delupton, LLC",≤100
235039782048,Array of Hope,ARRAY OF HOPE,≤100
38236386996,LSU Press,LSU Press,≤100
104801129318848,Buy Patriot Merch,These ads ran without a disclaimer,≤100
107178831882244,San Diego Signal,San Diego Signal,≤100
1060164470855840,Angela Rogensues,CTE ANGELA ROGENSUES,≤100
287789785155313,State Representative Danny McCormick,Elect Danny Mccormick,≤100
226786561578659,VitamiNews,These ads ran without a disclaimer,≤100
993294760683044,Education Reform Now,EDUCATION REFORM NOW ADVOCACY INC,≤100
104521238896557,June Marie Paintings,June-Marie Paintings,≤100
105632605766004,Stephanie Buhrer for Marion Co. Tax Assessor/Collector,Stephanie Buhrer for Marion Co. Tax Assessor/Collector,≤100
101071719654460,Count on the Catalano Republican Team,Count on the Catalano Republican Team,≤100
243795232247,Mennonite Central Committee - MCC,MENNONITE CENTRAL COMMITTEE U.S.,≤100
336551593173218,Walter Hudson for State Representative,Hudson for Minnesota,≤100
76523801829,the Christian Century,CHRISTIAN CENTURY,≤100
106095601125529,"Reaching Everyone In Distress Foundation, Inc.",Reaching Everyone in Distress Foundation Inc.,≤100
85252863415,National Latina Institute for Reproductive Justice,NATIONAL LATINA INSTITUTE FOR REPRODUCTIVE HEALTH,≤100
230053303681902,Americans for Prosperity Arizona,AMERICANS FOR PROSPERITY,≤100
107822941869619,Lauren Smith for State Senate District 6,Lauren Smith for State Senate,≤100
206202032757114,Nature and Culture International,These ads ran without a disclaimer,≤100
611865645522590,JusticeAid,JusticeAid,≤100
133764907211570,Concerned Citizen,Concerned Citizen,≤100
227535924071462,Animal Petitions,AnimalPetitions.org,≤100
270826723039149,The Coalition to Protect Americas National Parks,"COALITION OF NATIONAL PARK SERVICE RETIREES, INC.",≤100
58584948953,PICO California,Pico California,≤100
111904024679959,Bold Majority,BOLD MAJORITY PAC,≤100
103978189462058,Kevin Jackson,These ads ran without a disclaimer,≤100
79683428354,Animals' Angels USA,ANIMALS ANGELS INCORPORATED,≤100
1163811040367180,Food & Water Action,FOOD & WATER ACTION,≤100
165674110118949,Clearing out the Clutter,Clearing out the Clutter,≤100
100267349821382,Conservative Nicholas,The Raging Patriot,≤100
601866646490885,Ohio Voter Rights Coalition,OHIO VOICE,≤100
101018283332,Long Beach City,City of Long Beach,≤100
695354394002844,Vickie Paladino for NYC,Vickie for City Council,≤100
311953269253246,The Box Travels,"Yeht Kitaun Publishing, LLC",≤100
659878157406228,America's Warrior Partnership,America's Warrior Partnership,≤100
568103006940639,Law Office of Gary J. Kim,Law Offices of Gary J. Kim,≤100
121664094210247,Heidi Martin for Juvenile Judge,Heidi Martin Campaign,≤100
107093621006577,Unity Fund,Unity Fund,≤100
449532451834913,Fishers Finery,Fishers Finery,≤100
487875744877904,Peak Financial LLC,These ads ran without a disclaimer,≤100
1802248836771260,Weird Little Tales,These ads ran without a disclaimer,≤100
90022052772,Williams,"WILLIAMS COMPANIES, INC., THE",≤100
6445219629,Omaha World-Herald,Omaha World-Herald,≤100
811900825495982,Niskanen Center,The Niskanen Center,≤100
365591516828390,Georgia WIN List,Georgia WIN List,≤100
110504468596127,Robert B. Chernin,These ads ran without a disclaimer,≤100
848933585148951,La Jolla Country Day School,These ads ran without a disclaimer,≤100
109900178285313,4Corners K-9 Search and Rescue,These ads ran without a disclaimer,≤100
323913736052,Lexington County Sheriff's Department,Lexington County Sheriff's Department,≤100
365023444350632,State Representative Allison Tant,Allison Tant for State House District 9,≤100
448355775354533,Fairbanks Climate Action Coalition,Fairbanks Climate Action Coalition,≤100
105350752337593,Citizens Exam,Citizens Exam,≤100
126037931371545,Law Offices of Jonathan K. Park & Associates,Law Offices of Jonathan K. Park & Associates,≤100
101204378825808,Fight the Right,FIGHT THE RIGHT PAC,≤100
118178241651488,DSPolitical,"DSPolitical, LLC",≤100
1788530101402591,Rep. John McCravy,McCravy for House,≤100
100562968943327,Andrea Hendrick for Grand Haven Mayor,Committee to Elect Andrea Hendrick for Mayor,≤100
13867925345,Equality Florida,Equality Florida,≤100
763954137060268,Zac Bears for Medford City Council,Committee to Elect Zac Bears,≤100
109448942208648,Phil Cranmer for City Council,Phil Cranmer,≤100
488740674837681,198 Methods,198 methods,≤100
373738603410030,Judicial Fairness Coalition- A Committee of CJA,CALIFORNIA JUDGES ASSOCIATION,≤100
121149026467034,Karen Greenhalgh,"Karen Greenhalgh for Delegate, Inc.",≤100
316326582121279,LCCM,Louisiana Committee For A Conservative Majority,≤100
2236336830028180,"Randy Bosarge, Jackson County Supervisor District 5",These ads ran without a disclaimer,≤100
104237051371667,Fandiem,Fandiem Inc,≤100
203420943084617,Damnthedemocrats,Damnthedemocrats,≤100
153818201377620,Madison CT Democrats,Madison Democratic Town Committee,≤100
105846984668132,Texas Secede Now,These ads ran without a disclaimer,≤100
104189935868690,Carla Elizabeth,These ads ran without a disclaimer,≤100
230180824062538,Councilman Anand Shah,Councilman Anand Shah,≤100
75993679952,ACLU of Pennsylvania,ACLU of Pennsylvania,≤100
1223818144299403,DFRLab,"ATLANTIC COUNCIL OF THE UNITED STATES, INC. (THE)",≤100
330408799230,Joe Courtney,Congressman Joe Courtney (CT-02),≤100
667759573257847,Wilmington Democrats,Democratic City Committee,≤100
110377415338401,Wendell Gilliard for SC Senate District 42,These ads ran without a disclaimer,≤100
195275985287,Delaware County Democratic Party - Ohio,Delaware County Democratic County,≤100
2854126084659334,Penkbike,These ads ran without a disclaimer,≤100
95483488591,Democratic Party of Wisconsin,DEMOCRATIC PARTY OF WISCONSIN,≤100
104916968538177,TIS 이주공사,TIS VISA CORPORATION,≤100
102988022652421,Rapid Dev,These ads ran without a disclaimer,≤100
122836074546643,Kentucky Senator Chris McDaniel,McDaniel For Senate,≤100
102899195992732,Jackie Rodzinski,These ads ran without a disclaimer,≤100
13704073586,Steppenwolf Theatre Company,Steppenwolf Theatre Company,≤100
106786092480406,coexistrescue,These ads ran without a disclaimer,≤100
678683642157062,The LIBRE Initiative Arizona,The Libre Initiative,≤100
116322975053820,St. John's Community Services,ST. JOHN'S COMMUNITY SERVICES,≤100
104589995526686,Matt Brock for Congress,Brock for Congress,≤100
102666612797740,Kenny Gingles for DeSoto Parish Sheriff,Kenny Gingles for Sheriff,≤100
632445790211259,Summit County Young Democrats,Summit County Young Democrats,≤100
44821074152,Go For Broke National Education Center,GO FOR BROKE NATIONAL EDUCATION CENTER,≤100
105334892381660,AmericanTowns Politics,AMERICAN TOWNS,≤100
302731337069829,Kasey Tynisia Cornish,These ads ran without a disclaimer,≤100
195100614324426,The Freedom Initiative,The Freedom Initiative,≤100
92111751018,"Paul Winkler, Inc.","PAUL WINKLER, INC",≤100
30914589895,The International Fellowship of Christians and Jews,"INTERNATIONAL FELLOWSHIP OF CHRISTIANS & JEWS, INC.",≤100
282632248801387,Andrea Jenkins for Ward 8,Andrea For Ward 8,≤100
184040026329,Rep. Jon Hardister,Jon Hardister for NC,≤100
110133700706695,2 Queers In A Truck,2 Queers In A Truck,≤100
105945142414993,Texans for Mauro,COMMITTEE TO ELECT MAURO GARZA FOR US CONGRESS,≤100
108549164651699,Bret Daniels for Congress - CA6,Bret Daniels for Congress,≤100
103915962606545,Andrew Bailey,Bailey for Missouri,≤100
106925294739244,Advancing American Freedom,Advancing American Freedom Inc,≤100
138691142964027,Dr. Ben & Candy Carson,These ads ran without a disclaimer,≤100
40201530406,American Society of the University of Haifa,American Society of the University of Haifa,≤100
103100585585017,Ball Bell,These ads ran without a disclaimer,≤100
101623855911498,The Wholeness Coaching School,These ads ran without a disclaimer,≤100
8532248414,Wounded Warrior Project,These ads ran without a disclaimer,≤100
169196224815,Giovanni Capriglione,Giovanni Capriglione Campaign,≤100
1338887272868699,Schwarz & Schwarz,These ads ran without a disclaimer,≤100
107006892279184,Congressman Russell Fry,U.S. Representative Russell Fry,≤100
110752871069652,Ohio Conservatives PAC,Ohio Conservatives PAC,≤100
135308650091,Community Service Society of New York,COMMUNITY SERVICE SOCIETY OF NEW YORK,≤100
287940097975718,Orphan Voice,Orphan Voice Inc,≤100
125120044171675,"City of Lancaster, CA – Government","LANCASTER, CITY OF",≤100
1550724111880347,HEAL California,California OneCare Education Fund,≤100
939093556283687,Clean Energy Michigan,270 Strategies,≤100
112148911916018,Agrupación Ser Unidos,These ads ran without a disclaimer,≤100
101189759411333,Hanwha Sustainability,These ads ran without a disclaimer,≤100
803674933162350,Braintree should put an end to this insanity.,These ads ran without a disclaimer,≤100
271736323517059,Congressman Greg Steube,Congressman Greg Steube (FL-17),≤100
116427711494593,American Fury,The Raging Patriot,≤100
102356589314098,Political Comms,Political Comms LLC,≤100
336442420497121,Consciously,Big Sister Corp.,≤100
106507162460495,newsbreak_creators,These ads ran without a disclaimer,≤100
280351449345085,Tarrant County Commissioner Manny Ramirez,Manny Ramirez Campaign,≤100
1176617299018126,Hampton Commonwealth's Attorney and Victim Services Unit,Hampton Commonwealth's Attorney and Victim Services Unit,≤100
288369791569,SEIU 721,SEIU Local 721,≤100
100416560012896,Friends of the Everglades,FRIENDS OF THE EVERGLADES INC,≤100
102755854556738,Josh McConkey for Congress,MCCONKEY FOR CONGRESS,≤100
116555438144942,jabberwocky.cartoons,These ads ran without a disclaimer,≤100
103893891262140,Bearce Artistry,These ads ran without a disclaimer,≤100
371167644067,Public Welfare Foundation,These ads ran without a disclaimer,≤100
102388869610454,Friends of MID,Friends of MID,≤100
100710759119069,Blue Planet Ecosystem,Blue Planet Ecosystem,≤100
109569258074838,Alex R Crawford,These ads ran without a disclaimer,≤100
1720878078241107,Conservative Move,Conservative Move,≤100
110092875676745,International Leadership Association,These ads ran without a disclaimer,≤100
112048305552668,Representative Nick Bain,Representative Nick Bain,≤100
1558456480932250,State Representative Mike Johnson,State Representative Mike Johnson,≤100
103402315983956,Kenny Watkins for Oktibbeha County Constable District 1,These ads ran without a disclaimer,≤100
110624247393153,Republican Ads,"Republican Ads, LLC",≤100
323447988319555,"Cynthia for Houston, District H",Cynthia for HDH,≤100
105339821829330,Dr. Mariela Roca for Congress,ROCA FOR CONGRESS,≤100
1804156426550062,Tim Kennedy for Senate,KENNEDY FOR SENATE,≤100
105504109288452,The Raging Patriot,The Raging Patriot,≤100
77906169595,Texans Care For Children,Texans Care for Children,≤100
278105649059338,The AEGIS Alliance,The AEGIS Alliance,≤100
238952242804777,RI Center for Freedom and Prosperity,RHODE ISLAND CENTER FOR FREEDOM AND PROSPERITY,≤100
572203686296623,Relieved,These ads ran without a disclaimer,≤100
104313391435030,TrendyMatter,These ads ran without a disclaimer,≤100
504118316658151,SilencedOrganic,SilencedOrganic.com,≤100
112516058575562,Tu Residencia Americana Ya,These ads ran without a disclaimer,≤100
113438995345004,Syracuse Cultural Workers,These ads ran without a disclaimer,≤100
561225817361758,Citizens Take Action,Citizens Take Action,≤100
108551352323876,Joey Short Candidate for Police Jury District E,These ads ran without a disclaimer,≤100
1027626217435226,Richouses,These ads ran without a disclaimer,≤100
188056974601610,Neural IT,These ads ran without a disclaimer,≤100
269908037561,Missourians to Abolish the Death Penalty,Missourians to Abolish the Death Penalty,≤100
142932506806,Texas Alliance for Life,"Texas Alliance for Life, Inc.",≤100
2255846891314996,Corn Refiners Association,Corn Refiners Association,≤100
100510889619403,Terri Bell for Forrest County Supervisor,Committee to Elect Terri Bell,≤100
323414744723405,Florida Voices for Health,Florida Voices for Health,≤100
344205553071636,Representative Mike Levin,Office of U.S. Representative Mike Levin,≤100
418775708189870,Social Movement Technologies,These ads ran without a disclaimer,≤100
105378845646548,"Ron Smith for Venice City Council, Seat 2",Ron Smith for Venice Council,≤100
127691390582,PHI,"PARAPROFESSIONAL HEALTHCARE INSTITUTE, INC.",≤100
103629075847121,DIA,DIA LLC,≤100
137006633136916,Kevin Coleman for Mayor,Kevin Coleman for Mayor,≤100
90373196485,South Carolina Policy Council,South Carolina Policy Council,≤100
403071946500795,Tennessee Secretary of State,Tennessee Secretary of State,≤100
265459853482700,Siuslaw News,These ads ran without a disclaimer,≤100
182586558444730,National Family Farm Coalition,NATIONAL FAMILY FARM COALITION,≤100
133937690180,Student Conservation Association,Student Conservation Association,≤100
240425642652222,South Florida Wildlands Association,South Florida Wildlands Association,≤100
387312204617372,American Tort Reform Association,"AMERICAN TORT REFORM ASSOCIATION, INC.",≤100
87377228013,Side with Love,UNITARIAN UNIVERSALIST ASSOCIATION,≤100
282878411750474,Ian Lovejoy for Delegate,Ian Lovejoy for Delegate,≤100
408252582872693,Daniella Levine Cava,"Daniella Levine Cava, Non-Partisan, for Miami-Dade County Mayor",≤100
107582203192,Deputy Sheriff's Association of Bexar County,DEPUTY SHERIFFS ASSOCIATION OF BEXAR COUNTY,≤100
104308875463441,Liz Ortega for Assembly,Liz Ortega for Assembly,≤100
1668791386508960,IAM Delta Workers Unite,IAM Delta Workers Unite,≤100
224088354685502,Peter Durant for State Senate,Durant Committee,≤100
1888216188065538,Congressman James Comer,Congressman James Comer,≤100
1398084963762434,Clila- Coalición De Líderes Latinos,Clila- Coalición De Líderes La,≤100
101857588136085,Councilwoman Maggie DeMaegd,Councilwoman Maggie DeMaegd,≤100
123286000747661,Matt Gunderson for Congress,GUNDERSON FOR CONGRESS,≤100
126621603672658,Gail Larson for Cleveland Heights City Council,Friends of Gail Larson,≤100
104472439287981,Troy Hebert for State Representative District 31,Friends of Troy Hebert,≤100
228401243342,Northwestern University,These ads ran without a disclaimer,≤100
115163704969711,Gary Garrett for Provo City Council,Friends of Gary Garrett,≤100
160484230634663,National Urban Indian Family Coalition,NATIONAL URBAN INDIAN FAMILY COALITION,≤100
105344299038485,Petitesee,These ads ran without a disclaimer,≤100
56680318666,Illinois Policy,Illinois Policy,≤100
123651254408327,Sokolove Law,"Sokolove Law, LLC",≤100
146211028902222,Forward Movement Training & Consulting,These ads ran without a disclaimer,≤100
216052228433696,Arcus Foundation LGBTQ Social Justice,ARCUS FOUNDATION,≤100
312870062895448,StateThugs,StateThugs.com,≤100
20239752285,The American Prospect,"The American Prospect, Inc.",≤100
199046100121960,La Vergne City Hall,City of La Vergne,≤100
112248601944240,Chosen Products,These ads ran without a disclaimer,≤100
115504401490207,angelicaguanotoam,These ads ran without a disclaimer,≤100
115153358297699,R.A. Flannagan Writing,These ads ran without a disclaimer,≤100
102257561221154,Moisés Figueiredo,These ads ran without a disclaimer,≤100
104881665711010,Bastidas Health & Life Insurance,These ads ran without a disclaimer,≤100