﻿Page ID,Page name,Disclaimer,Amount spent (EUR)
536519246456733,Jaak Madison,Jaak Madison,≤100
2216732521886481,Tartu 2024,Tartu 2024,≤100
2000420443552574,IKEA,IKEA,≤100
115634898452178,Postimees,Postimees Grupp,≤100
115982931763745,Elu24,AS Postimees Grupp,≤100
104416784453155,FoundME,FoundME,≤100
1451467634864322,Tartu ja Tartumaa sotsiaaldemokraadid,Tartu Sotsiaaldemokraadid,≤100
143433035688531,Rus.Postimees,AS Postimees Grupp,≤100
138909289513575,Super,Super,≤100
407479074907,RMK,RMK,≤100
237372492995762,Äripäeva Konverentsid,Äripäeva Konverentsid,≤100
877169915631595,Ajaleht Pealinn,Tallinna Linnakantselei,≤100
249880281811198,Kaubandus.ee,Äripäev AS,≤100
848451318826273,Tanel Kiik,Tanel Kiik,≤100
107898832590939,European Commission,European Commission,≤100
162244807165070,RMK по-русски,RMK,≤100
197121006967212,Diplomaatia,Diplomaatia magazine,≤100
165505543854570,Edasi.org,Edasi.org,≤100
123310201026539,Sotsiaaldemokraatlik Erakond,Sotsiaaldemokraatlik Erakond,≤100
419827918155173,Jüri Ratas,Eesti Keskerakond,≤100
167212145427,DHL Express Estonia,DHL Express Estonia AS,≤100
625329771243439,Andrei Korobeinik,Andrei Korobeinik,≤100
114004685304193,Raamatupidaja.ee,Raamatupidaja.ee,≤100
233123435884,Eestimaa Looduse Fond,Eestimaa Looduse Fond,≤100
468873137208405,Fermi Energia,Fermi Energia,≤100
109504878012353,Ядерная энергетика Эстонии,Fermi Energia,≤100
178362315106,European Parliament,European Parliament,≤100
527351247377965,European Committee of the Regions,European Committee of the Regions,≤100
267353906619818,Mr. Gugu & Miss Go,These ads ran without a disclaimer,≤100
101668682611759,Благодійний фонд A36,These ads ran without a disclaimer,≤100
146599018696771,NATO,These ads ran without a disclaimer,≤100
102635655320437,Number Match - Logic Puzzle Game,These ads ran without a disclaimer,≤100
656462304404326,Служба розшуку дітей,These ads ran without a disclaimer,≤100
101607198167304,Medthority,These ads ran without a disclaimer,≤100