﻿Page ID,Page name,Disclaimer,Amount spent (AOA),Number of ads in Library
250305668489402,Professor Kenny,These ads ran without a disclaimer,115,2
106842858489193,Cooking Center - Restaurant Game,These ads ran without a disclaimer,105,1
111679394767549,المشروع القومي لمشتقات البلازما,These ads ran without a disclaimer,≤100,1
103497027790225,Fonos,These ads ran without a disclaimer,≤100,2
144460788957278,IFT - Institute of Food Technologists,These ads ran without a disclaimer,≤100,1
102023009327901,Global Compassion Coalition,These ads ran without a disclaimer,≤100,1
31292782350,Deutschland.de,These ads ran without a disclaimer,≤100,2
105686442303512,CTGI,These ads ran without a disclaimer,≤100,1
102454232541769,masquebobagem,These ads ran without a disclaimer,≤100,1
1802248836771260,Weird Little Tales,These ads ran without a disclaimer,≤100,1
299227550122220,Radio Cina Internazionale,These ads ran without a disclaimer,≤100,1
155174084508744,Banque mondiale,These ads ran without a disclaimer,≤100,1
102204844701925,الشرق للأخبار - سوريا,These ads ran without a disclaimer,≤100,1
112757083778788,"Economic Daily, China",These ads ran without a disclaimer,≤100,1