﻿Page ID,Page name,Disclaimer,Amount spent (USD)
108448645342531,BAZ PLUS,BAZ PLUS,≤100
638540889641531,Xwakurk  - خواكورك,xwakurk,≤100
102687942750312,Wagon,wagon,≤100
101225028723669,AsAn  ئاسان,AsAn  ئاسان,≤100
110534435683482,Kurdistan Democratic Party,KDPinfo,≤100
151154975607183,Barbast,barbast,≤100
399110903587431,دژه تیرۆری کوردستان Kurdistan CT,ASO,≤100
104005041772849,DAW- داو,DAW- داو,≤100
130783806990987,"Hakim Qadir ,  حاکم قادر",Bestun Hama Ahmed,≤100
101537365554352,KURD POST,Ahmed Majeed Awla,≤100
104574747604318,XOR - خۆر,Xorkurd.net,≤100
135202556677269,Rabun Maroof رابون مەعروف,Rabun Maroof,≤100
113153977690492,Dr.Narmin Maruf د.نەرمین معروف,Ariwan M Ghafoor,≤100
108208211346225,ڕێچکە - Rechka,ڕێچکە - Rechka,≤100
109718124824252,بەڵگە نیوز,serv digital,≤100
104423394462767,Kobas کۆباس,Kobas.krd,≤100
136517036537211,مەڵبەندی سلێمانی یەكگرتوو,kurdiu,≤100
101240248181094,Zaman زەمەن,zamenpress,≤100
110035949016294,Masrour Barzani,ASO,≤100
112048801639488,Zoom News,Zoom News,≤100
100451412934737,Sangar kanabe gawra سەنگەر کانەبی گەورە,Shivan Abwbaker Aswad,≤100
101088546158554,پوک میدیا,PUKMEDIA Official,≤100
467222586811080,شێخەی مەمەند ئاغای ھەمەوەند,شێخەی مەمەند ئاغای ھەمەوەند,≤100
927958880553492,ئاژانس میدیا,ئاژانس میدیا,≤100
585609641479524,مانامیدیا,eyeagency,≤100
133439963658698,U.S. Consulate General Erbil,U.S. Consulate General Erbil,≤100
108018192094247,PalaPress,PalaPress,≤100
100718729559772,مەکتەبی ڕێکخستنی پارێزگای سلێمانی ـ هەلەبجە ـ ڕاپەرین پ.د.ک,Rawand Mziri,≤100
107361218100874,Dw Der - دوو دێر,Dw Der - دوو دێر,≤100
109435514965568,Astera,serv digital,≤100
452546814895122,پرۆفسۆر دكتۆر رعد رفعه محمد Professor Raad Rifaah Mohammed,Standard,≤100
635049550029076,Nabaz hariri,Rawand Mziri,≤100
413266606135699,سعد الاوسي,سعد الاوسي,≤100
109788947180507,Dr.Azad Mustafa Qader د.ئازاد مستەفا,Azad Mustafa Qader,≤100
101964988731653,محسن المندلاوي,محسن المندلاوي,≤100
1086369821495148,Westga News,Araz Jamal Rahman,≤100
623034434825966,کار و چالاکیەکانی بەڕێز حاکم قادر حەمەجان,کار و چالاکیەکانی بەڕێز حاکم قادر حەمەجان,≤100
355786234434317,Pshtiwan Sadq,Shwan Azeez Ismail,≤100
1578123359128351,سەركۆ ئازاد گەڵاڵی,Rebar Raoof,≤100
106976778974435,Draw Plus,draw media,≤100
106273938637262,Draw  درەو,Draw  درەو,≤100
410955025598602,Harem Kamal Agha,Abdullah Hamad,≤100
399997530412549,PUKMEDIA Eng,PUKMEDIA ENGLISH,≤100
101457658888133,Mariwan Qarani  مەریوان قەرەنی دزەیی,Mariwan Qarani  مەریوان قەرەنی دزەیی,≤100
104740664992759,Mor News,Mor News,≤100
1145999105540426,عوسمان كاروانى,Akam Ibrahim Rahim Rahim,≤100
100471152287720,Kamal Agha,Kamal Agha,≤100
116944031282422,شبابيك نيوز,صحيفة شبابيك نيوز,≤100
100942605827830,مؤسسة الضاري للتنمية والتطوير,مؤسسة الضاري للتنمية والتطوير,≤100
231127301794,Xendan,Xendan,≤100
437746180142399,المستشار العراقي,المستشار العراقي,≤100
107308984269686,كلام العاصمة,كلام العاصمة,≤100
319949955147415,نور ميوزك - Noor Music,نور ميوزك - Noor Music,≤100
103560309271906,کتلة الحزب الديمقراطي الكوردستاني في مجلس النواب العراقي,کتلة الحزب الديمقراطي الكوردستاني في مجلس النواب العراقي,≤100
132126192341800,أنا البرلمان,أنا البرلمان,≤100
101205382403329,جبهة النضال الديمقراطي,Sadoon Shihab Ahmed,≤100
388904618235487,المرصاد برس,المرصاد برس,≤100
1066183836729650,محمد توفيق علاوي,Mohammed Allawi,≤100
424733244779035,KURD,Man Sour,≤100
1850158471871767,مەکتەبی پەیوەندییەکان - کوردستان و عێراق - پ.د.ک,Rawand Mziri,≤100
101102885457535,جهينة - Juhaina,جهينة - Juhaina,≤100
335087470495241,Bra Gawra برا گەورە,Diyar Hamad,≤100
101741622757697,Chaw+,Chaw+,≤100
100484578754262,جيش الاضحكني,جيش الاضحكني,≤100
104962098186381,Dr. Rahel Faraidoon,Krekar T. Abdullah,≤100
105697295699748,واحد رئاسة,واحد رئاسة,≤100
112159297197008,حكم العوائل,حكم العوائل,≤100
109717893749120,وكالة أنباء عراقيون,alghad foundation,≤100
1159516580738783,مديرية بلدية الكرمة,مديرية بلدية الكرمة,≤100
341118959242786,بزوتنەوەی گۆڕان Gorran Movement,بزوتنەوەی گۆڕان Gorran Movement,≤100
2452514564770158,المكتب الإعلامي لوزير الداخلية,المكتب الإعلامي لوزير الداخلية,≤100
112893987848185,اخبار العراق,علي خضير عباس,≤100
2383265178621061,Meyser Obaid Nheli,Meyser Obaid Nheli,≤100
108899148772957,اسماء الرعاية الاجتماعية,علي خضير عباس,≤100
104340502161086,الجمهورية الرابعة,JIBALLCO,≤100
104873241723624,السيد النائب حسين السعبري,ابراهيم احمد عباس,≤100
103530487665500,نور الماجد,Noori Alaa,≤100
101143101978399,SAT-7 خبز الحياة,These ads ran without a disclaimer,≤100