﻿Page ID,Page name,Disclaimer,Amount spent (USD)
388904618235487,المرصاد برس,المرصاد برس,≤100
107332022282445,yff247n,These ads ran without a disclaimer,≤100
112159297197008,حكم العوائل,حكم العوائل,≤100
585609641479524,مانامیدیا,eyeagency,≤100
555756734791552,نيلز السياسة,نيلز السياسة,≤100
100484578754262,جيش الاضحكني,جيش الاضحكني,≤100
107308984269686,كلام العاصمة,كلام العاصمة,≤100
914546332023267,مركز نون للدراسات الاستراتيجية - NASS,alghad foundation,≤100