﻿Page ID,Page name,Disclaimer,Amount spent (COP)
222289777922346,Héctor Olimpo,Héctor Olimpo,85264
175346789490397,Peyi Paternina,Peyi Paternina,32683
301364506594738,Cumbre Mundial de Comunicación Política,Cumbre Mundial de Comunicación Política,7279
104195705703466,Neder Machacon Rivera,Neder Machacon Rivera,5993
190649367660431,Orlando Benítez,Orlando David Benitez Mora,3574
214167541938411,Juan Pablo Gallo,Juan Pablo Gallo,3559
100657948433952,"Medico, Jorge Alvarez Barreto","Medico, Jorge Alvarez Barreto",3507
643513979193133,Justicia para Beatriz,Neuma,3445
104328067049129,Niñez YA - Sociedad civil por la niñez y la adolescencia,NiñezYA - Sociedad civil por la niñez y la adolescencia,3295
969143216462972,Felipe Cañizalez,Andreina Quintero Correa,2431
105109280969000,Agencia Axioma,Agencia Axioma,2138
355341287994204,Marcos Daniel Pineda García,Marcos Daniel Pineda García,2071
112155252163421,Sebastián López V.,Sebastian Lopez Valencia,1658
102368071158002,Solis Latam,These ads ran without a disclaimer,1284
1482897701997453,Paloma Valencia,Paloma Valencia,1183
103271204488275,Colectivo Sharvana,Sandra Viviana Sanchez Marin,1055
103727635426939,Alexandra Vásquez Ochoa,Leider Alexandra Vasquez Ochoa,921
664142747350164,Tatiana López Saldarriaga,Tatiana López Saldarriaga,900
1832438050403942,Amin Losada,Waidi Mesa Losada,705
1090369011038138,Jaime Duque G,Jaime Duque G,656
370492339735164,Centro Democrático - Comunidad Oficial,Centro Democrático - Comunidad Oficial,614
1400280116941194,Fabian Diaz,Fabian Diaz,581
765302097170348,Línea Cero,Linea Cero,564
102143071616787,Goberna Colombia,Goberna,539
319527888151975,Revista La Injusticia,Ronald Rangel,461
101046256286876,Antimilitantes,Linea Cero,370
1823807254333065,Soy Más País,Soy Mas Pais,369
114841084871669,alfredoyermain,These ads ran without a disclaimer,335
1519510178128827,Carlos Andrés Hernández Zuluaga,Carlos Andrés Hernández Zuluaga,333
110189877267356,Secretaría para la Aplicación de la Legislación Ambiental,Secretaría para la Aplicación de la Legislación Ambiental,329
466445923412524,Miguel Ángel Barreto,Joshua Escobar Rengifo,301
110406578590674,Astrid Rodriguez,Astrid Rodriguez,301
122989028111811,Alexander Ruiz,Edgar Alexander Ruiz Garcia,284
1529335724037224,Aeropuerto del Café,INTUAL,268
103461608916621,Claudia Carrasquilla,Claudia Carrasquilla,268
526721521052053,Juan Carlos Wills Ospina,Juan Carlos Wills Ospina,262
105848177845789,All Out en español,All Out Action Fund,261
106640878493249,Omar Marín Reyes,Omar Marin Reyes,246
581095835894514,Noticentro 1 CM&,Noticentro 1 CM&,239
102766378177231,Yamid López,Yamid López,216
1668886976475466,David Gutierrez Mantilla,Jorge Luis,201
101628762612327,Secretaría de Gobierno de Pasto,Secretaría de Gobierno de Pasto,170
170276379775886,Instituto de Ciencia Política Hernán Echavarría Olózaga,Instituto de Ciencia Política Hernán Echavarría Olózaga (ICP),138
194315573916010,Norma Hurtado Sanchez,Norma Hurtado Sánchez,138
1815626541807349,Agencia de Periodismo Investigativo,Norbey Quevedo Hernandez,135
356101551695420,James Ducuara.,Jhon James Ducuara,109
104575245899789,Sofia Gómez Cabrera,Sofia Gómez Cabrera,≤100
103445938692040,Sebastián Morales,Sebastian Morales,≤100
117134771346893,Carolina Garzon,These ads ran without a disclaimer,≤100
1864476500500459,Copywrite Colombia,These ads ran without a disclaimer,≤100
482002058626250,Surany Arboleda Arias,Surant Arboleda Arias,≤100
100323598151326,MagisClick,These ads ran without a disclaimer,≤100
151744212074655,Mujer Colombiana 120 años,These ads ran without a disclaimer,≤100
106083021215996,Todos por Medellín,Todos por Medellín,≤100
148349507804,El Tiempo,Casa Editorial El Tiempo,≤100
641418206484124,Placas Arboleda,These ads ran without a disclaimer,≤100
114966273627654,Consultores Financieros,These ads ran without a disclaimer,≤100
499976616711322,Richy Gómez,Ricardo Gómez Botero,≤100
2347968758813268,Julito Romero,Julito Romero,≤100
970724039744092,Rene Escobar,Rene Escobar,≤100
106422131485518,Harbey Hurtado Guerrero,Jose Harbey Hurtado Guerrero,≤100
749177381856407,Camilo Calle,Camilo Calle,≤100
1823807254333065,Soy Más País,These ads ran without a disclaimer,≤100
101188681678160,Salomon Figueroa,Salomon Figueroa,≤100
104008971232992,medinaabner555,These ads ran without a disclaimer,≤100
110336638100765,El Archivo - Periodismo de investigación,These ads ran without a disclaimer,≤100
102962402632539,Jaime Parejo,These ads ran without a disclaimer,≤100
106479318153202,climatetracker_es,These ads ran without a disclaimer,≤100
560697324034897,Método Arcón,These ads ran without a disclaimer,≤100
100685516644957,Fundación Foro,These ads ran without a disclaimer,≤100
104863421378716,Eduardo Tellez - Ingenia,These ads ran without a disclaimer,≤100
1582097658746272,safe2choose,These ads ran without a disclaimer,≤100