﻿Page ID,Page name,Disclaimer,Amount spent (NGN)
109048518007484,Vickie Irabor,Adesua Susan Kella,136
100202924924063,Page 36,Page 36,102
1567614746869354,Daily Shopping,Awotidebe Oluwaseyifunmi,≤100
103937487661032,Readytoleadafrica,ReadyToLeadAfrica,≤100
971769479677563,Gbenga Olawepo-Hashim,Olushola Oni,≤100
605599926578140,Distinguished Senator Yakubu Oseni Media Crew,Hamzat Amoto Muhammedjamiu,≤100
103018869332378,BantuPage,Ikechukwu Orji,≤100
100182385184951,"Office of the  Spokesman, Ijaw Youth Council Worldwide",These ads ran without a disclaimer,≤100
102406562561015,Mallam Umar Namadi,Muttaka Turaki Gujungu,≤100
1102698893087946,Pevron Technology,Collins Uwomano Otuwho,≤100
100383154696053,Lukaconfu vocal,Lukaconfu vocal,≤100
104238252286926,Nwankwo Promise Chibuzo,Mboo Augustine Uchenna,≤100
101174669207027,H.E Amb Dr. Johnny Metchie,H.E Amb Dr. Johnny Metchie,≤100
115798340116713,Ogouniquetv,Ogouniquetv,≤100
105566705817358,Nasiru Achida Muhammad,These ads ran without a disclaimer,≤100
112366671230261,Trendy on POINT Clothing,These ads ran without a disclaimer,≤100
109442808414602,Azzembl,Electric Avenue Technologies,≤100
111180371693748,Rt.Hon Peter Odey - Cross River State APC Deputy Governor Candidate,Prince Charles Ekanem Iv,≤100
109366762070994,Emodah,Emodah,≤100
382672421842823,Africa International Housing Show,Africa International Housing Show,≤100
107672948945680,,These ads ran without a disclaimer,≤100
103056309161921,Meksmedia,Meksmedia,≤100
101023076204247,Nelson Nwatu's Blog,Nelson Obinna Nwatu,≤100
100488322779869,Waje game-uk,These ads ran without a disclaimer,≤100
702838019847005,Anwulika Udanoh,Anwulika Udanoh,≤100
119723736100630,Ala - Delight Publicity Services,Moses Oyinkuro,≤100
128728490537179,Asuquo Ekpenyong,Prince Charles Ekanem Iv,≤100
581327535671884,MAAI,MAAI,≤100
104855382334344,Brozubby,These ads ran without a disclaimer,≤100
103706049241742,Mustapha Musa,These ads ran without a disclaimer,≤100
110567998361765,Smokeyhut,These ads ran without a disclaimer,≤100
391395077685653,MaxiJosh Trendz,These ads ran without a disclaimer,≤100
428157337550611,ICMM,These ads ran without a disclaimer,≤100
515306875159421,Menta Music,These ads ran without a disclaimer,≤100
526079487415848,XCMG Group,These ads ran without a disclaimer,≤100
100964939425385,,These ads ran without a disclaimer,≤100
102557072320516,,Al'amin Communication Ventures,≤100
191066234648103,Shehu Musa Yar'Adua Foundation,Shehu Musa Yar'Adua Foundation,≤100
1572089193014869,DUMO Lulu-Briggs Recommended,DUMO Lulu-Briggs Recommended,≤100
1617885935139653,The Liberator,The Liberator,≤100
101998658413144,Black Streak Anime,These ads ran without a disclaimer,≤100
188872144758,CCTV,These ads ran without a disclaimer,≤100