﻿Page ID,Page name,Disclaimer,Amount spent (QAR)
107847177821253,NOW الشرق,These ads ran without a disclaimer,≤100
366743290567184,WIRED Middle East,These ads ran without a disclaimer,≤100
113436924999099,Palm Hills Properties,These ads ran without a disclaimer,≤100
1656590977890066,IDEO U,These ads ran without a disclaimer,≤100
128050063917913,ISF (International School Sport Federation),These ads ran without a disclaimer,≤100
101466184613456,Fuzzy Times,These ads ran without a disclaimer,≤100