﻿Page ID,Page name,Disclaimer,Amount spent (MXN)
245685942538080,VOTA Querétaro,VOTA Querétaro,4440
961310490582166,FeliFer Macías,Felipe Macías,1734
103451872329701,Salvemos Miles de Vidas México,Salvemos Miles de Vidas México,563
54779960819,United Nations,United Nations with Facebook Ad Credits,507
63044235866,UN Climate Change,UN Climate Change with Facebook Ad Credits,355
109634395756375,Save the Children México,Save the Children México,238
109316894778999,Querétaro de Verdad,David Rogelio Hernandez Smeke,233
110211745174793,Opinion Pública,Opinion Publica,179
103451872329701,Salvemos Miles de Vidas México,Juan Antonio Loredo Velasco,156
105874865657560,Hidalgo con Honestidad,Hidalgo con Honestidad,134
108751525359645,Con Morena trabajamos todxs,conmorenatrabajamostodos.com,124
923633637651202,Morena Sí,Morena Sí,120
107479518820795,Corazón Guinda,corazonguinda.com,119
111527663871640,Julio Cesar Domínguez Terán,Julio Cesar Dominguez Teran,118
1660634044174927,Mendoza Blanco & Asociados S.C.,"Mendoza Blanco & Asociados, S.C.",117
101301916123086,Transformarte,transformarteconlat.com,112
105121875731197,Consumidor Informado Mx,Consumidor Informado Mx,≤100
103337707812182,Mujer México,ADsocial,≤100
874552292605393,Prepa IDAI,Instituto de Desarrollo Académico Intensivo S.C.,≤100
102551913153712,Ricardo Monreal A.,Ricardo Monreal Ávila,≤100
122404620204,Oxfam México,OXFAM MEXICO AC,≤100
111428001815534,Con Claudia,Con Claudia,≤100
354326078079338,Campaigns and Elections Mexico,Campaigns & Elections México,≤100
431715380946459,Libre Noticias,Adsocial,≤100
176047519101203,Códice Informativo,Códice Informativo,≤100
395853843856495,Pedro Rodríguez Villegas,Pedro David Rodríguez Villegas,≤100
100295832888456,Con Claudia Si,conclaudiasi.net,≤100
111062598459946,Equidad y liderazgo,equidadyliderazgo.com,≤100
107652783975551,CS Medicina Estética,CS Medicina Estética,≤100
303653106669660,El Informe Diario,El Informe Diario Noticias,≤100
114175028689083,Juan José Jiménez Yáñez,Juan José Jiménez Yáñez,≤100
104252495822239,La Magia de Transformar,LA MAGIA DE TRANSFORMAR S.A DE C.V,≤100
48966795116,Amnistía Internacional México,Amnistía Internacional México,≤100
110430508589150,Que Siga López,Que Siga López,≤100
309520537353,Fondo Semillas,Fondo Semillas,≤100
695113350546657,Promoción Ciudad de México,SOME MARKETING,≤100
458859544909547,DICES,DICES,≤100
339463469972939,Muévete Querétaro,Benjamin Delgado,≤100
103188645496211,Progresando En Mexico,Yo Trabajo Bien,≤100
110788828491768,Morenxs en Morelos,Morenxs en Morelos,≤100
112877297846533,El Pulso.com.mx,"El Pulso de la Información, S.A. de C.V.",≤100
110163101477300,RS Viajes Celaya,These ads ran without a disclaimer,≤100
147751821930575,Salud Digital Fundación Carlos Slim,Fundación Carlos Slim,≤100
1857761427782780,IAS Automation,INNOVATIVE AUTOMATION SOLUTIONS,≤100
109814461172613,Angiie Hair Repair & Beauty,These ads ran without a disclaimer,≤100
100242005506001,Medestetic México,Medestetic México,≤100
420690148033445,Enrique Galindo Ceballos,Francisco Enrique Galindo Ceballos,≤100
264060497093390,Shamir Fernández Hernández,Gabriel Francisco Pedro,≤100
377671629054421,Polemon,Polemon,≤100
102265891491136,Morenarcos,Pejeland,≤100
1018104078271814,Cecilia Márquez,Cecilia Márquez,≤100
1749137535343213,Ricardo Ferro,Luis Ricardo Ferro Baeza,≤100
1415691342026378,Fundación Carlos Slim,Fundación Carlos Slim,≤100
189131335143204,"Soy Mexicano, Soy Derecho",Soy Mexicano Soy Derecho,≤100
177319665650476,ClikiSalud - Fundación Carlos Slim,Fundación Carlos Slim,≤100
915220875259528,Telokwento,TELOKWENTO,≤100
536886746673043,Jóvenes MX,Yoxmex,≤100
645731535452116,FactoMétrica,FactoMétrica,≤100
469750359716602,Centro de Formación en Marketing Político,Centro MKT Político,≤100
102995548100281,Laura González,Laura Teresa González Hernandez,≤100
633007690102039,Gustavo de Hoyos Walther,Gustavo de Hoyos Walther,≤100
1724003164500887,Daylín García Ruvalcaba,Daylin García Ruvalcaba,≤100
409800789114458,Antonio Pelón Cervera,Macronews,≤100
107727682047392,XunMexicodeverdad,X UN MÉXICO DE VERDAD,≤100
104544534936318,Educación a distancia,Educación a distancia,≤100
108334872107207,El Noticioso de Occidente,El Noticioso de Occidente,≤100
100215376197287,Guerreros del voto,Guerreros del Voto,≤100
114024430364416,YoXmx,Yoxmex,≤100
2340595106035117,Ismael Brito Mazariegos,Ismael Brito Mazariegos,≤100
101128435630238,Química y Formulación,Química y Formulación,≤100
245495562137150,Mitofsky,Roy Campos,≤100
1862694870637618,Radio SME,Radio SME,≤100
104680124489636,Demoscopia Digital,Demoscopia Digital,≤100
1926979987523267,Rita Ozalia Rodríguez V,Rita Ozalia Rodríguez,≤100
772916632876835,Instituto Nacional de Estandarización y Certificación,Instituto Nacional de Estandarización y certificación,≤100
196493763808241,CEEY,CENTRO DE ESTUDIOS ESPINOSA YGLESIAS,≤100
124631600949535,Yo Influyo,Yoxmex,≤100
116437828394342,Phiten Mexico,Phiten Mexico,≤100
105533795460071,Norte Monrealista,Norte Monrealista,≤100
592495347619799,Mi familia es primero,Yoxmex,≤100
106521845216893,Preparatoria en línea México SEP,UNIDEV Universidad SC,≤100
268579708326323,Georgina Solorio García,Georgina Solorio García,≤100
109019495184907,CEP Centro De Estudios Profesionales,Heber Williams Pino Aguilar,≤100
103533465483263,Centro de Estudios y Capacitación Integral en Nutrición,Alfredo Esquivel Villeda,≤100
1514466245542140,América Rangel,AMERICA RANGEL,≤100
101740711752535,RUBRUM,Multipoll S.A. de C.V.,≤100
108501808580523,Amepmexico,These ads ran without a disclaimer,≤100
953657811446042,Conciencia Nacional por la Libertad Religiosa,Fundación en Promoción de la Familia y la Libertad AC,≤100
265938437673601,Yo Soy Mi Planeta,Yoxmex,≤100
127374167321064,Erick Zapata,Erick Zapata,≤100
146467178707344,La Voz de Michoacán,La Voz de Michoacán,≤100
101212808784634,República 21,Rosa Eugenia Diaz Biones,≤100
2170836576562672,Territorial,Sistema Territorial,≤100
100905166136342,Preparatoria SEP en línea,Unidev Uiversidad SC,≤100
34767149008,Tecnológico de Monterrey,These ads ran without a disclaimer,≤100
102909491743404,Jorge Aldana,Jorge Alejandro Aldana Aguilar,≤100
111982838049960,COSUM Hidalgo,Sindicatos Unidos de México,≤100
203709812204,José Ramón Gómez Leal JR,Jose Ramon Gomez Leal,≤100
681291175575804,Visible,Lievant Studio,≤100
430606944173180,Datanoticias,Content Lead,≤100
122154061801959,Colectivo Mujeres Cabeza de Familia,Movimiento YoXMéxico,≤100
543589789374296,Memo Toscano,Guillermo Toscano Reyes,≤100
487228204811239,Elda Candelaria Ayuso Achach,Elda Candelaria Ayuso Achach,≤100
138016565116389,Prepa En Linea SEP,UNIDEV Universidad SC,≤100
226699804054458,Juan Carlos Barragán Vélez,Juan Carlos Barragan Velez,≤100
109610531312367,Preparatoria Desde Casa SEP,UNIDEV Universidad SC,≤100
100825004865009,Gumaro López Cuadras,These ads ran without a disclaimer,≤100
100264525710986,Preparatoria en línea México,UNIDEV Universidad SC,≤100
106213764854106,Fany Padilla,Estefania Padilla Martinez,≤100
104198335842437,Preparatoria SEP Virtual,UNIDEV Universidad SC,≤100
1438179653137260,Centro Carbonell,Centro de Estudios Jurídicos Carbonell,≤100
104726975674582,Fitmacouple,Cardenas Lopez Jose Luis,≤100
112507801521278,VEMO,VEMO,≤100
1553350868260589,Victor Hugo Lozano Poveda,Víctor Hugo Lozano Poveda,≤100
104194908706490,Preparatoria México SEP en línea,UNIDEV Universidad SC,≤100
2330030160374237,Balance 24,Balance 24,≤100
208032075884221,Mario Mata Carrasco,Mario Mata Carrasco,≤100
479751765559726,Manuel Hernández Badillo,Manuel Hernández Badillo,≤100
255087598160063,Radio 13 Digital,Radio 13 Digital,≤100
2251931065120585,Edmundo Torrescano Medina,Edmundo Azael Torrescano Medina,≤100
107738917712607,ALA,Alexa Trujillo,≤100
201599513204304,La Cruda Realidad Docente,Rodrigo Luna Guevara,≤100
174229585991829,Periódico Libre en el Sur,Francisco Ortiz Pinchetti,≤100
1441307759434186,Puebla Unida,Puebla Unida,≤100
109717477968968,Los Asesores,Luis Miguel Carriedo Tellez,≤100
1522195418029530,Político MX,Político MX,≤100
185702296375261,Mexicómo,MEXICOMO,≤100
100431071908734,La-Lista,DCS MEDIA & COMMUNICATIONS,≤100
543830382749706,Compromiso Social Mx,Compromiso Social Mx,≤100
184593128260173,Armando Alcala Alcaraz,Luis Armando Alcala Alcaraz,≤100
216561382207540,Periódico La Encuesta,Periódico La Encuesta,≤100
110343944689068,Tania González Pardo,Tania González Pardo,≤100
791951890896578,Patricia Salazar,Patricia Salazar,≤100
333932057250036,Alejandro Rojas Díaz Durán,ARDD,≤100
905324146270805,Carlos Quintana,Tropa Marketing,≤100
106995441434905,KARLA CRUZ,SamKai,≤100
108165555435880,Región Huasteca Mx,REGION HUASTECA,≤100
244524445753966,Armando Contreras Castillo,Armando Contreras Castillo,≤100
101202725148632,Armando Zuñiga Salinas,GRUPO IPS,≤100
780651975342188,María Elena Abaroa,Jorge Serrano,≤100
148709191834718,Alcaldes de México,Alcaldes de México,≤100
717890051977219,Julio León,Yazmin Alejandra Galvan Martínez,≤100
1856514037937535,SuperMesa,Ramon Jorge Guardado Pérez,≤100
235606900176440,Macronews,Macronews,≤100
707874865918912,ADN Alternativa Democrática Nacional,Canek Ortega Cano,≤100
1937376869899554,Jorge Díaz Loeza,Jorge Díaz Loeza,≤100
107388102211536,Percepcion Social,Jesus Guadalupe Fuentes Reyes,≤100
110232781141466,Quincena Revista,Alberto Perez Leyva,≤100
484266012045996,Mayela Salas,Mayela Del Carmen Salas Saenz,≤100
216236995629947,Viridiana Fuentes,Viridiana Fuentes Cruz,≤100
281188282215551,José Medina Mora Icaza,José Medina Mora Icaza,≤100
110297950669512,Javier Jerónimo Apolonio,Juan Carlos Miranda De Paz,≤100
165760267285896,Fernando Alvarez,Fernando Alvarez,≤100
180339432448255,AZ2 - Marketing Makers,Juan Antonio Azcárraga Salcido,≤100
358081608046386,Jorge de la Garza,Jorge de la Garza,≤100
287596308827301,Guillermo Reyes Villela,Guillermo Reyes Villela,≤100
110545181905650,El Hidalguense Digital,Anabell Alanis Jurado,≤100
164856266971710,Es lo Cotidiano,Es lo Cotidiano,≤100
519051388241845,Fundación FEMSA,Fundación FEMSA,≤100
186996945520642,Cultura Verde,Cultura Verde Amor por el Planeta A.C.,≤100
105409565326997,El Transformador MX,Julián Reynoso Mazoy,≤100
101701991930418,UNIDEV,UNIDEV,≤100
841441875939734,Indagar Estudios de Mercado,Indagar,≤100
101740696051085,Jóvenes Con López,Jazmín Adriana Yáñez Centeno,≤100
102931375657044,Tabasqueños con Javier May,Tabasqueños con Javier May,≤100
104402255089316,Vigilante,Dreams Engine S.A de C.V.,≤100
106338501265771,La punta y el iceberg,La punta y el iceberg,≤100
1624591081124413,Cuestión de Polémica,Cuestión de Polémica,≤100
105925314120759,Mario Bracamonte,Julián Reynoso Mazoy,≤100
625822217504525,Francisco Javier Garza de Coss,Francisco Javier Garza de Coss,≤100
102066728517222,Jorge Magaña,Jorge Magaña,≤100
113316147663555,Preparatoria desde casa Unidev,UNIDEV Universidad SC,≤100
306881586007009,Los Ángeles Press,Ruth Gutiérrez,≤100
387917398509610,Colegio Internacional para el Desarrollo de la Educación y la Cultura,COLEGIO INTERNACIONAL PARA EL DESARROLLO DE LA EDUCACIÓN Y LA CULTURA A.C.,≤100
101798928719130,Noé Castillo Olvera,Jose Arturo Zamorano Morales,≤100
1629634957274549,Osval Orduña Saide,Oz Orduña Saide,≤100
171089086312900,Raul Lozano,Raul Lozano Caballero,≤100
112039950452398,Abel Meza,Abel Palomera Meza,≤100
982229391798987,Doctor Eduardo Cervantes Aguilar,Eduardo Cervantes Aguilar,≤100
357785638352619,Eduardo Olmos Castro,Brecha Comunicación,≤100
1024212257622837,Paola Jiménez Hernández,LIPCO,≤100
109433054731059,Ricardo Peña M.,Ricardo Peña Munguia,≤100
278268919245798,El Candidato MX,El Candidato MX,≤100
465777803515977,Poncho Gutiérrez,Poncho Gutiérrez,≤100
1480025585644693,Teatro en el Incendio,These ads ran without a disclaimer,≤100
247297118731414,Eva María Vásquez Hernández,Eva Maria Vasquez Hernandez,≤100
107509487815279,Dedogmasyrenuncias,DE DOGMAS Y RENUNCIAS,≤100
1776223812696913,Daniel Altamirano,Daniel Altamirano,≤100
107699114281500,Amir Dmorena,Jgreg Morales,≤100
437008466399345,Vicente Vázquez,Vicente González,≤100
1864159143867800,Sateliteonline22.mx,sateliteonline22.mx,≤100
102598911744851,Eliud Saldaña Vázquez,Arturo Eliud Saldaña Vazquez,≤100
640044982685950,PRD Michoacán,PARTIDO DE LA REVOLUCIÓN DEMOCRÁTICA,≤100
102255904996475,Geovanna Campos Vazquez,Julián Reynoso Mazoy,≤100
102766218219656,El Cronista Yucatán,Francisco Rafael Gomez Chi,≤100
108794855237291,Doctor Video,These ads ran without a disclaimer,≤100
220612165082734,Save Democracy,Save Democracy,≤100
1587273468223028,Misaj Becerra,Misaj Gonzalez Becerra,≤100
192507774257431,Omar Borboa,Oscar Hidalgo Quezada,≤100
2098960567045890,Adrian Mx Coacalco,Adrian Mejia Reyes,≤100
388838518197599,Casa de Pimentel,Casa de Pimentel,≤100
513619345425694,Zona Cero Atizapán,Hernesto Coello Hernandez,≤100
2490201471042440,Raquel Ramírez Rodríguez,Raquel Ramirez Rodriguez,≤100
101319892583290,Alejandro Esteban Sosa,Alejandro Esteban Sosa Benítez,≤100
561348627320564,Rocío Abreu Artiñano,Rocío Abreu Artiñano,≤100
176993162348636,"El Colegio de Jalisco, A. C.",El Colegio de Jalisco,≤100
122154061801959,Colectivo Mujeres Cabeza de Familia,Yoxmex,≤100
432923167438353,Jorge Hernández Aguilera,Julián Reynoso Mazoy,≤100
102825618623397,"Sitissste Veracruz, Sección 15",These ads ran without a disclaimer,≤100
106771391872401,H. Ayuntamiento de Huatusco 2022-2025,Grupo Comercial Saltamontes,≤100
109927953731014,Espacio Libre México,Marcos Oliver Sánchez Romero,≤100
349362031895959,Julián Zacarías Curi,Julián Zacarías Curi,≤100
106458614450818,Miguel Dávila,Miguel Angel Davila Treviño,≤100
589484077738887,Jorge Álvarez Máynez,Estudio Bocadillo,≤100
104942411949988,Gobierno Municipal Matamoros Coahuila 2022-2024,Brecha Comunicación,≤100
107519958606389,Cotrey Yucatán,Cotrey Yucatán,≤100
100839678681055,Aracely Pérez Roa,These ads ran without a disclaimer,≤100
319381735430226,Prepa México Ciudad Valles,Alberto Mendez Martinez,≤100
112818248281037,Jose Manuel Lopez,These ads ran without a disclaimer,≤100
195400400486017,Antena San Luis,Antena San Luis S de RL de CV,≤100
106923085206834,DIF Matamoros Coahuila,Brecha Comunicación,≤100
601101906759340,Alexis González,Jorge Alexis González Pérez,≤100
179039462918664,Diputado Baltazar Gaona García,Baltazar Gaona Garcia,≤100
101022336204810,Confederación Joven De Mexico Cd. Victoria,These ads ran without a disclaimer,≤100
1812297282329742,Jorge Triana,Jorge Triana Tena,≤100
1196196390526965,Facebook Surveys,These ads ran without a disclaimer,≤100
101801685891012,Revista Knowable,These ads ran without a disclaimer,≤100
100990159554729,franxpin,These ads ran without a disclaimer,≤100
335611129797038,El Heraldo de Aguascalientes,El Heraldo de Aguascalientes,≤100
211193332422899,Edgar Sánchez Garza,Edgar Gerardo Sanchez Garza,≤100
102791501861246,JKU VENOM,These ads ran without a disclaimer,≤100
167671176759816,Nicasio Fonseca Munguia Quijoteando,These ads ran without a disclaimer,≤100