﻿Page ID,Page name,Disclaimer,Amount spent (INR)
103370585969591,Baghel ka Bharosa,Baghel Ka Bharosa,4925
327435757385465,Jaisingh Agrawal,Jaisingh Agrawal,850
404746486258732,Project Nanhi Kali,Project Nanhi Kali,755
1024007404282776,The Aarambh School,Sangyaa PR Consultants,661
109141098395573,Inclusive Minds,Inclusive Minds,531
919008964886327,Manish Pandey,TheVOLOPv,507
101810851917422,Atul Agrawal,Atul Kumar Agrawal,452
107395897271506,Kutumb,Swatantra Verma,441
21169267101,Give,Give,377
110182895133863,Second Inning,Sourabh Verma,351
359726167827402,Bhuneshwar Singh Baghel,Bhuneshwar Singh Baghel,340
104516512296314,Kartikeya Sharma,Adv Tech,340
326102339565,Oxfam India,Oxfam India,331
186384718807381,Daya Singh,Daya Singh,321
574079826086251,Phir Ek Baar Modi Sarkar,phirekbaarmodisarkar.com,308
100118461349090,Bhawna Bohra,The VoloPV,289
1987488401557504,Mahathugbandhan - महाठगबंधन,Mahathugbandhan - महाठगबंधन,286
113519568270032,Anand Prakash miri,Kavita Kumari,233
2108726996065900,Bhawani Singh Rundal,Pawan Kumar Sharma,202
641831775937425,Shrichand Sundrani,Ankit Sood,200
170484126349815,Indian Cancer Society,Indian Cancer Society,187
172182742974160,Chunni Lal Sahu,Chunni Lal Sahu,187
109986065209042,Mera Apna Rahul,MeraApnaRahul,167
104136199047870,Bharat Todo Gang - भारत तोड़ो गैंग,Bharat Todo Gang - भारत तोड़ो गैंग,158
180336062688667,Er Ravi Pandey,Swapnil Kaushik,154
112786148339106,Superfast_CM,Superfast_CM,150
479998865355592,Aditya Birla Group,Aditya Birla Group,119
184278081698180,Ashok Gehlot,Ashok Gehlot,116
102218576103904,Badlaav ki Aandhi Priyanka Gandhi,Badlaav Ki Aandhi Priyanka Gandhi,112
629977310955589,Krishna Sharma,Ankit Sood,104
109707661884154,Indian Compass,theindiancompass.com,≤100
100113008488735,Eknath Shinde FC,Eknath Shinde FC,≤100
139020712818344,Ajay Chandrakar,Ajay Chandrakar,≤100
107378771853942,Vedram Manhare,The VoloPV,≤100
249118638631429,Dinesh sundrani,Ankit Sood,≤100
100560335965049,The Pamphlet,The Pamphlet,≤100
108861325372008,Bharat Bhagya Vidhata,BharatBhagyaVidhata,≤100
1785302198354679,Dr. Somendra Tomar,Somendra Singh,≤100
112598878306469,Santram Netam,Vipin Yadav,≤100
285029500623,CARE India,CARE India,≤100
110671320892259,Durga Umashankar Sahu,Durga Sahu,≤100
174283119250672,Save the Children India,Bal Raksha Bharat,≤100
165714096933078,Piyush Goyal,Piyush Goyal,≤100
104052753400618,Union Bank of India,Goldmine Advertising Limited,≤100
205278732829897,Prem Prakash Pandey,TheVOLOPV,≤100
121970731329322,Political Tamaasha,Ritesh Bhimrao Bhagat,≤100
411129449009589,K.C. Venugopal,K.C.Venugopal,≤100
270666596375251,Jhatkaa.org,Jhatkaa.org,≤100
30290552843,Greenpeace India,Greenpeace India Society,≤100
243524299157863,Pushkar Singh Dhami,Pushkar Singh Dhami,≤100
479998865355592,Aditya Birla Group,These ads ran without a disclaimer,≤100
118227367824577,Garuda Aerospace Agri drones,Garuda Aerospace Pvt Ltd,≤100
106567631300522,The Shinde Sena,Ritesh Bhimrao Bhagat,≤100
107395897271506,Kutumb,Kutumb App,≤100
109735351891742,Apex India service,Ajay Tiwari,≤100
132430276857604,Muralidhar Rao,Bipin,≤100
1631196377103183,Sleepwell Foundation,Sleepwell Foundation,≤100
2610079412396734,Amaresh Rai,Amaresh Kumar Rai,≤100
605390272841833,Shrirang Appa Barne,Abhay Balu Ahire,≤100
1954072204870360,NEWJ,Anant Bhardwaj,≤100
384574805474754,Happiness India,Krishan Kumar Saini,≤100
111135334049877,Rakesh Thakur,Vikrant Shukla,≤100
112411131645969,Shinde Saheb FC,Shinde Saheb FC,≤100
148931718592314,Tarun Chugh,Adv Tech,≤100
1518866631735090,MLA Jarnail Singh,Krishna Kumar,≤100
105234459127980,Women Climate Collective,These ads ran without a disclaimer,≤100
210251616112761,India Development Review,India Development Review,≤100
100735178208398,Udyami India,Samadhan Samiti,≤100
114814137885012,हमर भैया शिव डहरिया,हमर भैया शिव डहरिया,≤100
409749875780159,Sharad Vivek Sagar,The Dexterity Global Group,≤100
444630382673084,Dilbag Singh Dhanda - Halka Narnaund,Dheeraj Paneri,≤100
515733388449554,Sunil Parihar,Divyesh Parihar,≤100
100935642733964,Hindi Khabar Digital,The Narrative Builders,≤100
422436998199014,Ram Prasad Paul,Sourav Das,≤100
321228061382932,Pt. Shekhar Dixit,Websofy Software Private Limited,≤100
474751009223949,Jaipur Literature Festival,Teamwork Arts Private Limited,≤100
108933738235407,cry_india,These ads ran without a disclaimer,≤100
104529648873493,Ashok sinha,Ankit Sood,≤100
350558792662542,Neeru Yadav,Parveen,≤100
167377243919364,Dharmesh GHAI,Dharmesh GHAI,≤100
707035792708456,Banega Swasth India,These ads ran without a disclaimer,≤100
110378351705475,मत चूको चौहान,Vivek Kumar,≤100
708844685796745,OP Choudhary,OP Choudhary,≤100
263560423714979,Dr. Mahesh Sharma,Subham Singh,≤100
132689140088396,smilefoundation,Smile Foundation,≤100
171300193305647,Aishwarya Chaudhary Adv. - Mausam Bhaiya,These ads ran without a disclaimer,≤100
105671775473178,Jan Suraaj,Jan Suraaj,≤100
245786875629380,"Minister for IT, Telangana","Minister for IT, Telangana",≤100
249343554283,Nippon India Mutual Fund,These ads ran without a disclaimer,≤100
110115671863420,Kacche Din,Kacche Din,≤100
55436896972,Sakal,Dinesh Krishnaji Oak,≤100
667560657014524,Mahendra Singh Solanki,Nitesh Tiwari,≤100
122131984855152,Dr. Debraj Shome,Dr. Debraj Shome,≤100
102710804961947,Patanjali Nutrela Products,Saura Bh Sin Gh,≤100
112395020284536,Inquilab India,Inquilab India,≤100
33497111948,Child Rights and You,Child Rights and You,≤100
372972466370238,Surendra Choudhary,Rajesh Goutam,≤100
746568209028564,Dr. Basu Eye Hospital,Dr. Basu Eye Hospital,≤100
241940555912671,Chandigarh University,Chandigarh University,≤100
100264849555644,Balasahebanchi Shivsena,Balasahebanchi Shivsena,≤100
112709838355954,Prachar99,Prachar99,≤100
119434281453609,ABB,These ads ran without a disclaimer,≤100
108531050841926,Shanu Yadav,Shanu Yadav,≤100
339835596096353,Satish Poonia,Choudhary Ramesh Chaudhary,≤100
577856385582447,Raghu Sharma,Kanishk Bansal,≤100
107183428120144,Dr C Saraswathi,Dr. C. Saraswathi,≤100
863961040416615,Punit Verma पूर्व उपाध्यक्ष विश्व हिन्दू परिषद् काशी प्रान्त,Punit Varma,≤100
145235542494307,Vivek Thakur,Vivek Thakur,≤100
1675237799375590,Chandra Mohan Patowary,Jitendra Newatia,≤100
109916533853207,AMIT KUMAR SINGH,Akash Singh,≤100
1783001841927248,Nutan Odisha,Niti Pollsters Private Limited,≤100
104908641373434,Anukriti Gusain Rawat,Anukriti Gusain,≤100
110431218358189,Take Back Bengaluru,Take Back  Bengaluru,≤100
100684609345673,म्हारा छोरा,adv-tech,≤100
102123079337554,International Society for Krishna Consciousness,ISKCON Delhi,≤100
385303288239154,Raghuveer Singh Tanwar,Raghuveer Singh Tanwar,≤100
408255699307921,Dr. Manoj Rajoria,Saurabh Saini,≤100
112326528253527,Apex Online Solution,Ajay Tiwari,≤100
1932900346831325,Rajesh D Sanghvi,Rajesh Dineshchandra Sanghvi,≤100
528307847248802,Indian National Congress -  Madhya Pradesh,Abhay Kumar Tiwari,≤100
100328978216424,"Fight Pollution, Not Plastics",Nitesh Singh,≤100
1247816208712685,Uttri Jangde,Uttri Jangde,≤100
1040170316105348,Sanjay M.L. Dhakar,Mahesh Kumar,≤100
103609511145569,Jet digital brand management,Varun Shivpuriya,≤100
317042561720861,Sunil Deodhar,Sunil Deodhar,≤100
103207392085077,JP Valluru,Anshika Srivastava,≤100
2294583357264180,GradRight,These ads ran without a disclaimer,≤100
116925101740350,Prem Sagar Patel,Karamveer Patel,≤100
114331084875398,Arjun Passi,Aksh Bhargava,≤100
157300124326821,Arlak Biotech,Swati Dhiman,≤100
108536391949423,जनसेवक मंच,Pankaj Sharma,≤100
107153958711155,South First,south Fist,≤100
213947398791863,Dhananjai Singh Khimsar,Dhananjai Singh,≤100
201297423396745,Rajendra Agarwal,Ishan Agarwal,≤100
105633258803878,SJK Innovations,3Monks Digital,≤100
1802523420012948,Pratap Singh Khachariyawas,Anirudh Sharma,≤100
152154292012572,Navjivan,Navjivan,≤100
108209555020383,B somashekar,RMT,≤100
695738973874352,Dr. Sumer Singh Solanki,Sumer Singh Solanki,≤100
103673315495075,Shakeel Khan Kaman,Mohd Shakeel Khan,≤100
102351648972541,Ravi Kumar Mishra,Ravi Kumar Mishra,≤100
521034828342719,Harshita Swami Baghel,Arshad Ansari,≤100
537021156329658,Sukhbir Singh Jaunapuria,Pankaj Sharma,≤100
743418359142684,Bajrangi Prasad Yadav,Bajrangi Prasad Yadav,≤100
111132015103321,K R Sridhara Reddy,K R Sridhara Reddy,≤100
162115051234970,Dharmendra Singh Lodhi mla,Dharmendra Singh Lodhi,≤100
1724487151134092,Vinod Patil,Vinod Patil,≤100
626040200837891,Ashwini Paranjpe,Trivikram Kashinath Paranjpe,≤100
1626663520906810,NbliK,Abhishek Yadav,≤100
209326756435298,K C Palanisamy,K C Palanisamy.AIADMK,≤100
756444751061088,Chandrashekhar,Dhananjay Awasthi,≤100
328392384265218,Hasmukh Gehlot,Hasmukh Mohanlal Gehlot,≤100
268437163351102,Saurabh Srivastava,Saurabh Srivastava,≤100
103211362290164,Vani Kumar,Sushil Kumar Kashyap,≤100
105354058906524,Bjp Shekhar Sharma,Shekhar Sharma,≤100
204318116677554,National Herald,National Herald,≤100
101898422702437,V N Reddy,Vaidyula Narender Reddy,≤100
197799933601096,Pujya Shashi Prabha Ji,Madan Mohan Tiwari,≤100
100204332997540,5 Star Meghalaya,Design Boxed,≤100
195167817324812,Pawan Khera,Indian National Congress,≤100
1919641618278971,Sachin Chaudhary,Satish Kumar,≤100
276512419511205,Kathi Karthika,Policy Briefcase,≤100
385658441549334,Deepak Bhati Chotiwala,Dipak Bhati,≤100
105560431512954,Boopathi Raja K,Boopathi Raja,≤100
414822692663213,Anurag Vishwanath Sharma,Yogesh Raikwar,≤100
180923642056165,Meghna Sakore Bordikar,Meghna Sakore Bordikar,≤100
114988526601933,Subhashini Sharad Yadav,Rajkamal Rao,≤100
502732839896761,Dr Neeraj Bora,Pranjal Gupta,≤100
610186239177350,I Hate BJP,I Hate BJP,≤100
802311956513987,Rahul Singh,Rahul Singh,≤100
104498238671609,Rajiv Ranjan Singh  Lalan Singh,Janata Dal (United),≤100
112814766940734,Mahesh Gaikwad,Pawan Baban Ahire,≤100
211316456818,Suveg Rathi,Mahat info tech,≤100
1799519200160117,Jugaadkings.com,jugaadkings.com,≤100
155418314920954,Orchid HRD Trainings भाषणकला व राजकीय नेतृत्व कौशल्य प्रशिक्षण,Ganesh Subhashrao Lomte,≤100
1965892256962634,Maharshi Singh,Kavita Kumari,≤100
107501421446303,Ramalingappa,Ramalingappa Ramalingappa,≤100
524665794408050,CASA,Arushi Narchal,≤100
100168788343931,Nematullah khan,Nematullah Khan,≤100
114395904786369,myplan8_earth,These ads ran without a disclaimer,≤100
102571638081024,Vipra sena,Pawan Kumar Sharma,≤100
1613686538669654,Ashok Singhal Foundation,Digital Xplode,≤100
350880081913337,Sahdev Salaria,Rajesh Jaswal,≤100
101008368044874,Dr.Amanpreet Singh Brar,Amanpreet Singh Brar,≤100
2078242259060363,Kukufm,Mohana Saha,≤100
2309354125959808,Sarvottam Bharat,These ads ran without a disclaimer,≤100
292954404384524,Gajendra Singh Patel,Gajendra Singh Patel,≤100
100183672985561,CSP ID Provider,Satyam Kumar Sahni,≤100
115561988088459,Transil Electric,These ads ran without a disclaimer,≤100
381937732180611,Vineet Joshi,Vineet Joshi,≤100
834432743328746,Prakash Dwivedi,Prakash Chandra Dwivedi,≤100
186199704897466,RD Foundation,RD Foundation,≤100
102091768921733,Ashok dubey bjp,Prashant Mahton,≤100
737322436378923,Shijith Thomas Kuzhuvelil Chittarikkal,Shijith Thomas Kuzhuvelil Chittarikkal,≤100
1360805680600676,Sandeep Kshirsagar,Yogesh Padmakarrao Pawar,≤100
109066315147120,News Temple,Jainendra Agrawal,≤100
104311631954217,Pharma Simplified,Dawa Charcha,≤100
600608150069458,Rawal Jani Bhojakor,Mahesh Kumar,≤100
106825905031150,"Nagar Palika Parishad, Hapur",Nitin Kumar,≤100
928448863892029,RK Sinha,RK Sinha,≤100
106441751761822,Abhay Tiwari,Abhay Kumar Tiwari,≤100
418953654897992,Jitender Gothwal,Ritik Keer,≤100
103910775332516,दादागिरी,दादागिरी,≤100
423924598022376,Shankar Lalwani,Mayur Sethi,≤100
2146194495652513,Adv Rajesh Goutam,Rajesh Goutam,≤100
105999155405710,Pandit Avadh Sharma,Pawan Kumar Sharma,≤100
101692065299062,Hyma Reddy BJP,Hymavathi Neeradi,≤100
1039557042789139,BJP Dadra & Nagar Haveli,Ashish Natwarlal Patel,≤100
611302915912099,Vikash Pachar,These ads ran without a disclaimer,≤100
106802937934432,Padma venkat reddy,Banappagari Naren Sai Reddy,≤100
2043030032584454,Rahul Chaturvedi,Rahul Ramprasad Chaturvedi,≤100
1559470284286071,M.K.Somashekar,Pranusha Mysore Somashekar,≤100
100720419078919,Ajay Kumar Singh - Aditya,Arun Pratap Singh,≤100
101964264562944,Sanjay Singh Gangwar,Sanjay Singh Gangwar,≤100
114364481255391,Chandan Singh Foundation,Chandan Singh Foundation,≤100
1571167366231304,Ramakant Bhargava,Saket Bhargava,≤100
1592265114364332,JP Yadav,Pramender Kumar,≤100
103261078360140,Rahul Singh Pathania,Rahul Singh Pathania,≤100
1882790305270282,ಶ್ರೀ ಬಾಪುಗೌಡ ಪಾಟೀಲ. Bapugouda Patil.,Sneha Patel,≤100
1929823443694918,Pardeep Lohan,Pardeep Kumar,≤100
912185372133940,Lachu Gupta लच्छू गुप्ता,These ads ran without a disclaimer,≤100
102578761614485,Saqlain Kamdar,Saqlain Kamdar,≤100
764865110238987,Varinder Shah - Bulle Shah,Big Boys Consulting Private Limited,≤100
151567962213919,Deepak Gupta,Deepak Gupta,≤100
111699181748643,ShareVision29,ShareVision29,≤100
660476430787331,Gaurav Pandhi,Gaurav Pandhi,≤100
102869179333448,Vijay Sahu,Vivek Banchhor,≤100
103125628674152,Dushyant Raj Singh Chundawat Chittorgarh,Tanuj Nandwana,≤100
100589847991303,English NEWJ,Anant Bhardwaj,≤100
816288898474925,Naresh Pareek,Pawan Kumar Sharma,≤100
102152441360906,Prakash Bhakar,Shiv Charan,≤100
110847490543428,Vipul Kumar Salwan,Vipul Kumar Salwan,≤100
1433894153522813,Pramod Bhaya,Sharad Sharma,≤100
1964648457141458,Shanthi Kumar,Mayurnath Matam,≤100
101713962007976,Amrit Mahotsav,Amrit Mahotsav,≤100
1924627484438235,Arlak Ayurveda,Swati Dhiman,≤100
168091043932538,Digital Chanakya,PSST Digital Intiatives Pvt Ltd,≤100
1518866631735090,MLA Jarnail Singh,MLA Jarnail Singh,≤100
112454965016733,Manindra Jain,Naveen Singhal,≤100
218937918273828,Kavita Patidar,Kavita Patidar,≤100
166543968411238,JAN Express,Kamlesh Kumar,≤100
889802968024301,Lal Bhatia,These ads ran without a disclaimer,≤100
113123373786875,Devender Nim,Anshul Sharma,≤100
179765292047054,Manickam Tagore,Kathiresan K,≤100
1783001841927248,Nutan Odisha,Cloud & Loud Communications,≤100
100766795424041,मोदी योगी समर्थक,Nikhil Aggarwal,≤100
108432861353908,Karan Singh Yadav,Mukesh Kumar Yadav,≤100
102466218341704,Aasna Jaiswal,Aasna Jaiswal,≤100
919650554853969,Quanta Institute,These ads ran without a disclaimer,≤100
373495509407731,Vriksham - Pregnancy Care Education,These ads ran without a disclaimer,≤100
104831868860974,Narender Ghintala,Webtix,≤100
112304688198096,pashu_tonk_bjp,These ads ran without a disclaimer,≤100
100475508592062,Sitaram Poswal,Bhagatsingh,≤100
603597919798100,Max Maharashtra,Max Maharashtra,≤100
240449153041828,Bhupendra Saini,Ritik Keer,≤100
1115824925177464,The Jaipur Dialogues,JD Digital Pvt Ltd,≤100
112290388372786,Shubham Yadav,Shubham Yadav,≤100
100246572087472,Bhupendra Singh Shaktawat,Bhupendra Singh Shaktawat,≤100
739221966159227,Rajesh Singh,Adv Tech,≤100
689941247806927,Dr. Murugesh R Nirani,Karnataka Social Media,≤100
201156146959026,Mohinder Bhagat,Mohinder Paul,≤100
1935128343433294,"Sri Shyam Sundar Singh ""Dhiraj""",Shyamsunder Singh Dheeraj,≤100
279484519067006,Anil Chopra,Prakash Jaiswal,≤100
105480588701638,The Summer News Delhi,Gagandeep Singh,≤100
550287678727831,Bharath Reddy Ravula,Bharath Kumar Ravula,≤100
106280825481824,Kundan Pandey,Deepak Vishwkarma,≤100
1371217389629971,Neelanshu Chaturvedi,Hemant Singh Baghel,≤100
102295288495831,Rohit Jain,Rohit Jain,≤100
106949818442504,The Water Chronicles,Prithviraj Nath,≤100
102554099326811,Mudra finance,These ads ran without a disclaimer,≤100
101006778533313,Daily7India,Raman Kumar,≤100
103691661472274,Duryodhan Aihole,Duryodhan Aihole,≤100
801745766517149,Bhajanlal Sharma,Bhajan Lal Sharma,≤100
112061804808512,Sports Development Authority of Bihar - SDAB,Ajit Kumar,≤100
572608223125372,Vikas Rana,Shankar Prasad Thakur,≤100
181418895366896,Ganesh Joshi,Mayank Joshi,≤100
283040485772796,Rakesh Singh Yadav,Mahat info tech,≤100
1651727365046605,Pukh Raj Parashar,Pukh Raj Parashar,≤100
105110844616542,"भानू प्रताप सिंह ""यादव""",zinka logistics solutions pvt ltd,≤100
847815745238429,Chilla Jagadeeshwari,Nithin Kumar Chilla,≤100
100240102800860,डॉ. शिव मोहन सिंह,International Centre for Stem Cells Cancer and Biotechnology,≤100
617711705242584,Khabarwaale Tv,Parminder Singh Jatpuri,≤100
103251851710926,Akula Srivani,Anjan Kumar Akula,≤100
737633520349003,Abhishek Dangi,Tirupati Design,≤100
116383754696955,Antardhwani - The Inner Voice,These ads ran without a disclaimer,≤100
219588748935061,Sandeep Pandey,sandesh foundation,≤100
1644165492504830,Ramoji Gowda,Ramoji Gowda,≤100
109551095231534,Prashant Parashar,Prashant Parashar,≤100
106456887722695,Adesh Yadav BJP,Anil Kumar,≤100
144655000779272,"Bihar State Pollution Control Board, Govt. of Bihar","Bihar State Pollution Control Board, Govt. of Bihar",≤100
105515161411695,Pankaj Singla,Anil Kumar,≤100
101521235940655,Mukesh Tatwal,Chetan Joshi,≤100
104594334484048,Rajat Ullagaddimath,Gundala Rahul,≤100
1978240835728263,Virendra Sharma Hawamahal,Pawan Kumar Sharma,≤100
110044260470271,Vinay Jangid Sharma,Narendra Singh Pachar,≤100
114227506664833,Guman Singh Damor,Arpit Katkani,≤100
184848438961199,Surya Singh,Surya Singh,≤100
108497578583588,Janpeace Live,Trishanu Kaushik,≤100
100721532681527,parth_dave_official,These ads ran without a disclaimer,≤100
108437191907485,Replanet,Prabhindar Singh Chopra,≤100
105222094270542,Dalbir Singh,Shankar Prasad Thakur,≤100
469433939826906,GVL Narasimha Rao,GVL Narasimha Rao,≤100
107538390972980,झारखंड प्रदेश यादव महासभा,Bajrangi Prasad Yadav,≤100
108468457545190,Pushpendra Meena,Pushpendra Meena,≤100
1287678198049472,Child Help Foundation Outreach,Child Help Foundation Outreach,≤100
269761569864265,Rao Padma,Kushal Reddy Rao,≤100
374624255968280,Lokender Singh Rajawat,Kapil Sain,≤100
105040639000304,Political Junction India,Sunita Singh,≤100
611229999287106,Hanuman Choudhary,Kapil Chaudhary,≤100
411884165679149,Sameer Raturi,Sameer Raturi,≤100
143864906412108,Azad Singh Rathore,These ads ran without a disclaimer,≤100
110041803678379,Kabir Shankar Bose,Kabir Shankar Bose,≤100
386368255547879,राजन विश्वकर्मा समाजसेवी सिसवा बाजार नगर पालिका,Arvind Kumar Vishwakarma,≤100
108156992053327,BYBIndia- India's Best Video Marketing Company,Sunita Singh,≤100
114609108937301,पं बालकृष्ण शास्त्री,Arjun Sharma,≤100
105211528341692,उत्तर प्रदेश की राजनीति,Hemant,≤100
102504046008441,advmumtazshaikh,These ads ran without a disclaimer,≤100
1384169104959232,Sardarbhai Chaudhari - BJP,Sardarbhai S Chaudhary,≤100
103128038354073,NRI CELL BJP Haryana,Navdeep Sehrawat,≤100
108317665490916,Satyen Srivastava,Naveen Singhal,≤100
104391928214118,Kunal Ajmani,Rajkishor Mahto,≤100
285403455681355,Railway Children India,Railway Children India,≤100
111234337888954,नीतीश संवाद - Nitish Samvad,Janata Dal (United),≤100
102010991748513,Ashish Patel,Ashish Natwarlal Patel,≤100
1882711862044371,Er. Shashi Bhushan Rai - Gappu rai,Shashi Bhushan Rai,≤100
105954314712432,ADR Digital Marketing Private Limited,ADR Digital Marketing Private Limited,≤100
101637524564797,Pawan Hindustani,Naresh Kumar Shoeran,≤100
346967155652729,Rajveer Diler,Kuldeep Sharma,≤100
643216342792266,দেবাশিস পণ্ডা ভারতীয় Debasis Panda Bhartiya West Bengal,Debasis Panda,≤100
156305911727294,Ravinder Singh Negi,Shyam Sunder Singh Negi,≤100
274625602685907,Nayab Saini,Praveen,≤100
521965124995814,Srirangapoopathi Group Of Institutions,Sripathi Poopathi,≤100
105465095794882,Ritu Pawar,Mandar Prasad Gawade,≤100
1116353905141402,Dr. Shivani Matanhelia,Kanushree Matanhelia,≤100
216506801885954,Pankaj Chaudhary,Yash Bagh,≤100
2086778174743779,Pooja's Beauty Zone,These ads ran without a disclaimer,≤100
105870244728334,Lalit Batra,Lalit Batra,≤100
102927112109432,Priyal Bhardwaj,Arun Pratap Singh,≤100
750231501852667,Bhupendra Singh Rawat,Mahat Info Tech,≤100
101247818926544,चौधरी नरेंद्र सिंह ब्लॉक प्रमुख गोंडा,चौधरी नरेंद्र सिंह ब्लॉक प्रमुख गोंडा,≤100
196338294250820,Rohit Gangwal,Modi For PM Organisation,≤100
1171462299729165,Sandeep Singh Deswal,Navdeep Sehrawat,≤100
135657743788459,Amit Chauhan,Amit Kumar,≤100
109761007457435,SriGanesh - Cantonment,Sriganesh Narayanan,≤100
1938673766349210,Girish Dwivedi   BJP,Utsav Kumar Dwivedi,≤100
111697604342383,Monica Rajeev Rajale,Ravindra Kishor Phalke,≤100
1397767487148044,Jaidatta Kshirsagar,Jaydatta Sonajirao Kshirsagar,≤100
110676871419760,Ujjwal Gupta,Ujjwal Gupta,≤100
100250732439696,Rajesh Singh,Rajesh Rambali Singh,≤100
102465501806712,Gunnala Sunithakka Sena,Gunnala Sunithakka Sena,≤100
1479870168717602,Sanjeev Singh Rathore,Sanjeev Singh Rathore,≤100
234910573228520,Chhattisgarh Tourism,Chhattisgarh Tourism,≤100
349273359078396,Rameshappa Karad,Ajay Arjun Daund,≤100
100817349590221,सेवाध्वज - Sevadhwaj,Akash Ramesh Waghchoure,≤100
572314233126823,Nitin Patidar,These ads ran without a disclaimer,≤100
112016070704207,Sadguru Global Infotech,Sadguru Global Infotech,≤100
1966700650252559,Jitendra Sharma,Jitendra Kumar Sharma,≤100
101342226152296,Vinay Mishra,Hemant Singh Baghel,≤100
104122195260035,Bharti Tarun Kaushik Bhaiya Ji,Tarun Kumar Kaushik,≤100
102528681766242,Satya Hunkar News,Satyapal Singh,≤100
974791372549951,Nishant Kumar “Dablu Singh Patel”,Nishant Kumar,≤100
107387140758599,Rahul Gurjar,Balvir Singh,≤100
100287422635991,Anshul Dixit,Anshul Dixit,≤100
100613156173684,पहाड़ आजतक,Hemant,≤100
101538858448134,The Summer News,The Summer News,≤100
103061911920066,ETI Services,These ads ran without a disclaimer,≤100
777771655697023,Aditya Shankar Prasad,Pramender Kumar,≤100
102596542408577,Wommune India,These ads ran without a disclaimer,≤100
2084617151779453,Vikas Singh,Aman Singh,≤100
100591486265018,Different Nazar,Different Nazar,≤100
163190160489585,Vasundhara Raje,Vasundhara Raje,≤100
107801838537744,Rajesh Katara,Rajesh Katara,≤100
111564015060484,Pahad 24×7,Hemant,≤100
1088373891289696,Kamal yadav,Akash Singh,≤100
104160802532063,महाराष्ट्राची विकासगंगा,महाराष्ट्राची विकासगंगा,≤100
110967695146133,Govind Kumar Jain,Ganesh Kumar,≤100
101007589571025,Pandit Pradeep Gaur,Pawan Kumar Sharma,≤100
101357375492571,Vikas Kumar Vyas,Engitech Media,≤100
103371036011107,Ajab Singh Mewada,Tirupati Design,≤100
280250759492293,Samir Gurav,Samir Gurav,≤100
2017235448549095,Gaurav Gautam,GenXCoders Private Limited,≤100
101861046046402,राजनीति उत्तराखण्ड की,Hemant,≤100
111298630628242,Rajvardhan Singh Parmar,These ads ran without a disclaimer,≤100
108991074835056,Archana Rathaur,Archana Rathaur,≤100
106394871443089,Amit Kumar Singh,Amit Kumar Singh,≤100
102370509068053,News Junction,Parveen,≤100
475898282465005,Dr K Laxman,Vijay Kumar Tapadia,≤100
126099078056243,Aachman India,Aachman India,≤100
672509046429068,Brahma Nand,Brahma Nand,≤100
1057919687585402,Krishna Mohan Sharma,Prakash Jaiswal,≤100
981603711956127,Abdul Hafiz Malik,brandprogrammer,≤100
105340265062346,newswithnavya,These ads ran without a disclaimer,≤100
371431979647138,Rajesh Tantri,Rajesh Tantri,≤100
846994962145905,Manoj Kumar Aggarwal,Durga Kumari,≤100
111654838334899,सीताराम पोखरियाल,Akash Singh,≤100
1002191723202473,Suresh Sindal,Suresh Kumar Sindal,≤100
1938002469804247,Jaswant Singh Saini,Sachin Kumar,≤100
2691509044407025,Sankalp Shettar,Sankalp Jagadish Shettar,≤100
112299140114374,Narendra Singh,Arun Pratap Singh,≤100
103307465023661,Madhyom Bangla,These ads ran without a disclaimer,≤100
105015638877507,callmyadvocate,These ads ran without a disclaimer,≤100
100452136229191,Shyam Sundar Verma - Chairman Khalilabad,Nityesh Srivastava,≤100
105793215110310,my.blissful.parenting.life,These ads ran without a disclaimer,≤100
103798018745459,Pravesh Singh chandauli,Arun Pratap Singh,≤100
112098425005049,Uttarakhand Times,Hemant,≤100
1874185392653723,Cabinet Minister Pramod Jain Bhaya,Rupali Sharma,≤100
548452342279333,जनसेवक प्रमोद भाया,Kapil Sain,≤100
109391860938944,DishaShankar,Shankar Disha,≤100
107285471774861,Sumit Rajput,Sumit Rajput,≤100
222719048656244,Ved Prakash Ojha  IMC,Vivek Vashisth,≤100
175767759847352,Janata Dal (United),Janata Dal (United),≤100
1540402816218352,Ch. Krishan Pal Gurjar,Ch. Krishan Pal Gurjar,≤100
103447715984080,Devki Shah Foundation - Regd,Bhawana Negi,≤100
140930379388330,Kishan Reddy Gangapuram,TechnoDigi,≤100
435129856992845,Shailendra Bhargava,Ganesh Thapa,≤100
106854625660268,सुमित खेड़ा,Prajwal Kharbanda,≤100
1003634343005791,Aanand Shukla - आनन्द शुक्ला,Arun Pratap Singh,≤100
767805023307544,Santosh Kumar Singh BJP,Akash Singh,≤100
2370311926329271,Dr. Surendra Singh Shekhawat,Tanuj Singh,≤100
121286572595378,Harendra Ninama हरेंद्र निनामा,Ganesh Thapa,≤100
115931624737211,अमन सिकरवार भवनपुरा,Akash Singh,≤100
102643838573054,Badam Devi Verma,Bhagwan Sahai Shyoran,≤100
103000269288811,aaryaveera,These ads ran without a disclaimer,≤100
101913964674756,Pramod yadav प्रमोद यादव,Rishi Kumar Yadav,≤100
111560924353656,Swetha Reddy,Rajendra Reddy Bhuvanagiri,≤100
115297001468984,Annat Arun Samdani,Engitech Media,≤100
426854497508656,Dr.Phoolchand Bhinda,Phool Chand Bhinda,≤100
102334668505691,Mukesh Kumar Chopra,Mukesh Kumar Chopra,≤100
114573116942399,Apoorva Apoorva,These ads ran without a disclaimer,≤100
109696210400237,Jan Adhikar Morcha.,Akash Singh,≤100
105940537995682,Deepesh Tandel,Bharatiya Janata Party,≤100
912096938897209,Vijay Singh,Vijay Singh,≤100
170741823043489,V6 News,V6 News,≤100
213347729571490,Brown Boy Fitness,Brown Boy Fitness,≤100
105446072160586,Suprabhat Pragati,Akash Singh,≤100
643001122724792,Shambhu Kumar,Punit Kumar Pandav,≤100
100800439394003,callme.emaanx,These ads ran without a disclaimer,≤100
101142299453367,पहाड़ी नारी,Hemant,≤100
747930775373319,Saral Patel,Saral Patel,≤100
1027978147349245,Hukam Singh Apawat,Akash Singh,≤100
276055882936840,"Youth Empowerment Summit, Nagpur",Uday Sanjay Pofali,≤100
100992536219420,Dr Chandrakant Anil Kranti,Akash Singh,≤100
717782638355851,Indian Achievers' Forum,Zeeshan,≤100
107946518029943,Sheelu Sahu,Naveen Singhal,≤100
568129350016176,SolutionBuggy,These ads ran without a disclaimer,≤100
105752301966997,Dr.R.Vishnu Prasath,Vishnu Prasath,≤100
2114964935249734,Sonu Sharma,Arjun Sharma,≤100
176666610656782,Vaishali tomar,Vaishali tomar,≤100
102661499239482,Dattatraya Jeughale,Dattatraya Devrao Jeughale,≤100
101844802427541,Kuldeep Rajput,Kuldip Rajput,≤100
108159201571035,अरविन्द जायसवाल,Avadesh  Kumar,≤100
431454157629297,Mukesh Ahlawat,Nitish Kashyap,≤100
116093271355496,विजय चौधरी खण्डेला,Narendra Singh Pachar,≤100
1336863726383886,Gopal Lal Sharma,Ganesh Thapa,≤100
105352618893717,Shankar yadav,Shankar Lal Yadav,≤100
115999709798889,ETechNxt,These ads ran without a disclaimer,≤100
565714670143123,Ashok Saini,Engitech Media,≤100
104349501516784,Babulal Kumawat,Shiv Charan,≤100
257091654446979,Sangeet Singh Som,Sandeep Kumar Sharma,≤100
106263322188063,Pandit Shiv Guru Unhel,Arjun Sharma,≤100
107545897823033,For Men India,Antara Das,≤100
1247832465228198,Mahendra Singh Rathore,Pramender Kumar,≤100
109041710706538,Shankar Ninama Ghatol,Ganesh Thapa,≤100
112091391736820,NAINA PATIL PATIL,These ads ran without a disclaimer,≤100
1574483566114189,Dr. Mamta Pandey,Akash Singh,≤100
231512217793516,Ashok Goel Mangaliwala,Ashok Kumar Goel,≤100
844489652354544,Ramkaran Jat,Narendra Singh Pachar,≤100
1627002467569119,Prof.Rambhagat,These ads ran without a disclaimer,≤100
107725901457936,New Mother,These ads ran without a disclaimer,≤100
150727778825020,Mobius Foundation,Mobius Foundation,≤100
107257065559692,Devendra Pareek Kekri,Ganesh Kumar,≤100
102323545504609,Rama Chopra जिला प्रमुख जयपुर,Rama Chopra जिला प्रमुख जयपुर,≤100
135180180340322,Jitendra Verma,Arshad Ansari,≤100
112333551648886,Kalpana Bhatnagar,Ganesh Kumar,≤100
102983308949343,Binod jaiswal,Vibhav Pandey,≤100
100189608970240,Pappu Tripathi,Shubham Rajesh Mishra,≤100
101817042688378,M.P. Nagarajan,Pattan Nagarajan,≤100
790034594365926,Prashant chaudhur,Prashant chaudhur,≤100
101404242470572,Taufiq Pradhan,Taufiq Pradhan,≤100
2095140507231761,Valluru Jayaprakash Narayana,Anshika Srivastava,≤100
104418098717773,Navinder Ahluwalia,Navindersingh Daljitsingh Ahluwalia,≤100
103395429127963,Public Guardian,Brijinder Kaur Rai,≤100
140624336584770,Yogender Pal Singh Champawat,Akash Singh,≤100
1443694495872539,Alok Ranjan,Rupesh Kumar,≤100
1610180912621752,Dushyant Chaudhary,Jainendra Agrawal,≤100
106412445020988,Samman afroz khan,Khandagre Sourabh,≤100
373606346379257,Nohar Today,These ads ran without a disclaimer,≤100
105608048991533,Sahityalok,Sahityalok,≤100
101777776171428,Chndrjit Yadv,These ads ran without a disclaimer,≤100
658320740962100,Prakash Mundiyakheda,Danish Khan,≤100
667862236707254,Rohit Kumar Singh,Arshad Ansari,≤100
110157505314549,Bhumireddy Ramagopal Reddy,Bhumireddy Ramagopal Reddy,≤100
930895676948627,Sanjay Kushram,These ads ran without a disclaimer,≤100
101613628900010,Smartway Wellness Pvt. Ltd.,Bhoomi Harendra Mistry,≤100
101089545966133,Sacchidananda S,Sacchidananda S,≤100
100375088975103,Dr vibhav varshney BJP,Vibhav Varshney,≤100
102838152104730,Bjp kisan Morcha punjab,Ashish Soni,≤100
100339002890807,Jagdish Prasad Ray Bhartiya,Jagdish Prasad Ray,≤100
101748565435192,4PM News Network,4PM News Network,≤100
364110820856404,V.P. Nandakumar,These ads ran without a disclaimer,≤100
108397895404330,Vishal Singh,These ads ran without a disclaimer,≤100
100586316299087,Sunit Shukla,These ads ran without a disclaimer,≤100
974205249275606,Beat of Life Entertainment,Piyush Sagar,≤100
467739756942156,Media Nation News,PSST DIGITAL INITIATIVES PRIVATE LIMITED,≤100
1427726914113560,"Suresh Tak, MLA",Rahul Tak,≤100
102625849396266,Jcoder,Sattar Ali,≤100
101187986139218,अंकित सर ग़ाज़ीपुरिया,These ads ran without a disclaimer,≤100
110961585241336,जय प्रकाश निषाद,These ads ran without a disclaimer,≤100
102631354874295,Adv ninad khoche,Ajay Arjun Daund,≤100
100228562992954,Shri Ramkanti Gurukul,Nitin Kumar,≤100
102994271417943,Ashutosh Kumar Tripathi,Shishupal Kumar,≤100
109986065209042,Mera Apna Rahul,Mera Apna Rahul,≤100
265267653816271,Devendraa K Sharma,Pankaj Sharma,≤100
2356943027656538,Pankaj Rahangdale,Uday Sanjay Pofali,≤100
423928144293931,Mahender Pratap Singh,Pankaj Sharma,≤100
295405070641302,Balraj Kundu,Pankaj Sharma,≤100
250007248502240,Golu Shukla,Modi For PM Organization,≤100
102954715347281,Alok jangid,Alok jangid,≤100
430864437043861,D K Brijesh,Devassia Brijeshdkaithakkal,≤100
107148595058269,Adv Harita Mehta,Sandeep Kumar Rana,≤100
102858672688717,Redvale,Akash Singh,≤100
1076603379052813,Maharashtra Desha महाराष्ट्र देशा,Maharashtra Desha,≤100
455697974986681,Bangla Hunt,Bangla Hunt,≤100
219514401576120,SG Suryah,SG Suryah,≤100
110197854912974,Sonu Singh Garg,Pratik Garg,≤100
678876002499539,Mohd Shamim Khan,Shamim Khan,≤100
100283902976041,"श्री महावीर निशुल्क पशु पक्षी चिकित्सालय एवं नस्ल सुधार केंद्र, बड़ा",Kapil Sain,≤100
194927716589,Lovely Professional University - LPU,These ads ran without a disclaimer,≤100
1751148411602073,Dr. Ranganath MLA Kunigal,Dr. Ranganath MLA Kunigal,≤100
607252739670252,Dr. Prannay G Sharma,Kumar Ratnam Sharma,≤100
109412405399633,Bir Singh,PSST Digital Intiatives Pvt. Ltd.,≤100
132806813793938,Paramjit Singh Sarna,Harjap Singh Dhingra,≤100
112604793863524,Dr vikram singh,These ads ran without a disclaimer,≤100
182600871930746,Sujata Paul - India First,Sujata Paul,≤100
604343229676376,Er. Rajkumar Badole,Uday Sanjay Pofali,≤100
791996340811292,Dr Madhuri Borse,Vipul Jayantilal Bafna,≤100
388569701617132,Vemula Prashanth Reddy,Avusharla Raju,≤100
695300434184553,Shashikant Dashora Page,Ganesh Kumar,≤100
1714627758756924,Adv Ashok Singh Rawat Pushkar,Susheel Kumar Garg,≤100
816747015124769,Youth Express,Harish Rasgotra,≤100
1391594011090819,V6 Velugu,V6 Velugu,≤100
109440785244401,Red Pix 24x7,Felix Gerald G,≤100
428523897619076,Anand Shankar Singh INC,Rahul Kumar Srivastava,≤100
104435071446710,Zahida Khan Kaman,Danish Khan,≤100
108876951032986,Ikramuddin Bablu,Danish Khan,≤100
101979826034267,देवभूमि की बातें,Rakesh Kumar Bhardwaj,≤100
104740548657079,Mohd Sarwar Malik,Mohammad Sarwar Malik,≤100
252791995383178,Maharashtra Multimedia Communications,Shubhada Ashish Joshi,≤100
106942281023549,Vinay Vilas Kadam,Vaibhav Vilas Kadam,≤100
100450456113804,Ajay yadav samajwadi,Akash Singh,≤100
102325429272140,AITC Debasish Mukherjee,Arpan Saha,≤100
1549125462051884,BQPrime,Bloomberg Quint,≤100
444825485952597,John.,Vikram Singh John,≤100
105824442271812,John Allen Ranganathan,John Allen Ranganathan,≤100
409347832785034,Momspresso Hindi,These ads ran without a disclaimer,≤100
109341238400050,Vinod Rai,These ads ran without a disclaimer,≤100
106582708292220,Yaduvanshi Amit Yadav,These ads ran without a disclaimer,≤100
2186632974738289,Suprada Phaterpekar - सुप्रदा फातर्पेकर,Sandesh Ramchandra Gurav,≤100
172564046268392,Samiksha Gupta,These ads ran without a disclaimer,≤100
235927540295291,"बलराम सिंह यादव उर्फ ""बल्लू भैया""",JS Infosoft,≤100
100469544979274,Nirav Shah,Nirav Shah,≤100
109135725000095,Aman Deep Singh Bhathal,Aman Deep Singh Bhathal,≤100
107148595058269,Adv Harita Mehta,These ads ran without a disclaimer,≤100
101336485851893,Dr Hanuman Barala,Dr Hanuman Barala,≤100
423874327718687,Vikas Bhagat Fans Page,Sandeep Mishra,≤100
203181590261286,Bhanu Pratap Singh,Pankaj Sharma,≤100
132859090587882,Surajit Datta,Surajit Datta,≤100
103833782263290,Arvind Singh Bhati,Engitech Media,≤100
112195558330382,Uttarakhand Travels,Rakesh Kumar Bhardwaj,≤100
245675895557121,Pawan Goyal,Pawan Kumar Sharma,≤100
108226855399574,उत्तराखण्ड बेरोजगार संघ,Rakesh Kumar Bhardwaj,≤100
103106452526657,P Munuswamy திமுக தெற்கு நகர செயலாளர் மேட்டுப்பாளையம்,P Munuswamy திமுக தெற்கு நகர செயலாளர் மேட்டுப்பாளையம்,≤100
103474661765477,Hem bhatt,These ads ran without a disclaimer,≤100
105813284380310,Dee4unews,Deepak Kumar Bhandari,≤100
113751118247226,sivam_kumar_si,These ads ran without a disclaimer,≤100
105530752376295,"Shiromani Akali Dal, Delhi Unit",Harjap Singh Dhingra,≤100
386839138774109,Rajan Dhiman,Sandeep Kumar Rana,≤100
108721748160943,Sanjay Gupta,Sanjay Gupta,≤100
101461398322435,"Seema Patnaha Singh, Advocate Supreme court of India",Seema Patnaha,≤100
230195174008918,Ajit Damodar Gavhane,Content Factory,≤100
103439354790718,மு. தேவராஜ்   தி மு க -வேலூர் மாவட்டம்,M Devaraj,≤100
1692202267574672,Parshuram Sisodiya,Ajay Nagriya,≤100
111777525150543,Barabar News,Nagarjuna Reddy Kaipa,≤100
704847062939121,Ranbir Nandan,Ranbir Nandan,≤100
1036265223130811,Ashu Gandhi,These ads ran without a disclaimer,≤100
1149375478489344,Harvinder Singh Sarna,Harjap Singh Dhingra,≤100
100467895262186,Dr Premchand Jaysi,Arpit Jain,≤100
111112337095269,Sivasaami Kandasamy,Sivasaamik,≤100
1947865801968156,Jasmeet Singh Pitampura,Harjap Singh Dhingra,≤100
287137498056981,Shailesh Nitin Trivedi,Arpit Jain,≤100
116308369063243,Kambria,These ads ran without a disclaimer,≤100
176971192503108,Chandu Devineni,Vutla Vinod,≤100
117292834599783,भाजपा मीडिया प्रभारी ग्वालियर,These ads ran without a disclaimer,≤100
803324643086846,Vishal Tandel,Vishalchandra Chhaganlal Tandel,≤100
100197199019049,Political Engineer,Political Engineer,≤100
106179841066697,Rajan India,These ads ran without a disclaimer,≤100
101435472683167,Jumla Times,Jumla Times,≤100
795703753787678,Nana Kate-विठ्ठल उर्फ नाना काटे,content factory,≤100
143321459695859,JanaSena Machilipatnam,Ramakrishna Bandi,≤100
115268066924443,Sanjay Kumar Singh,Sudeept Kumar,≤100
101667879399605,Uttarakhand Job Alert,Rakesh Kumar Bhardwaj,≤100
1549882571892798,Gurjeet Singh Aujla,Gauravjeet Singh Chhina,≤100
113251223688490,Ashish Kumar Chhabra,Vivek Kumar Singh,≤100
268900433850095,Sudip Roy Barman,GORILLA TECH SOLUTION,≤100
298838933917947,Yuvraj Prakash,Ashish Kishan Kumar,≤100
105755825772975,बेबाक बातचीत,These ads ran without a disclaimer,≤100
354210368277318,Diwan Singh Bisht MLA,Sandeep Bhardwaj,≤100
118846334443228,TDP Kavali,Nagarjuna Reddy Kaipa,≤100
854256021383031,Vinod Sevan Lal Chandrakar,Vinod Sevan Lal Chandrakar,≤100
103280202582240,Shivanand Karaguppi,These ads ran without a disclaimer,≤100
325602694251353,Rajeev Rai,Rajeev Kumar Rai,≤100
1335462983188401,Nabadal Banik,Nabadal Banik,≤100
256683878023906,Atul Bora  অতুল বৰা,Nipam Kakati,≤100
107192855352262,Satbir Singh Kasana,Jagmohan,≤100
104860424918954,दिल है हिन्दुस्तानी,Abhijit Kumar,≤100
613463412353382,बालकृष्ण पाटीदार,These ads ran without a disclaimer,≤100
560292450806200,Himanshu Krishna Bhardwaj,These ads ran without a disclaimer,≤100
111281678536095,Kavali Jagan,Nagarjuna Reddy Kaipa,≤100
373869479842506,Kuldeep Singh Rathore,These ads ran without a disclaimer,≤100
406604849413562,Pramod Rathod,Pramod Pralhadrao Rathod,≤100
1408837089361736,Banappagari Venkat reddy,Banappagari Naren Sai Reddy,≤100
100908842836334,Pm Shivam Satyarthi,These ads ran without a disclaimer,≤100
149347585097059,Down to Earth,These ads ran without a disclaimer,≤100
574023586326385,"Abhijit Wanjarri, MLC",Zaid Ahmed Khan,≤100
103378849317934,Yuvraj Tripathi,Akash Singh,≤100
295835154285422,Equiliberty,These ads ran without a disclaimer,≤100
866772423405424,国务院新闻办公室,These ads ran without a disclaimer,≤100
1617753965111540,Oil and Gas World/Oil Sands Strong,These ads ran without a disclaimer,≤100
106374871386876,House of weaves,These ads ran without a disclaimer,≤100
123950765818191,joan_oliver_studio,These ads ran without a disclaimer,≤100
107599295548232,Moment W,These ads ran without a disclaimer,≤100
1547313135519851,Dr. Rajwant Singh,These ads ran without a disclaimer,≤100
501402253315190,SavingGanesh.org - ElephantsNow,These ads ran without a disclaimer,≤100
224597158386607,Rosa Luxemburg Foundation,These ads ran without a disclaimer,≤100
112220134851421,Under the Sisterhood,These ads ran without a disclaimer,≤100
986013844824671,In Zhejiang,These ads ran without a disclaimer,≤100
108509964820198,How To Be Podcast,These ads ran without a disclaimer,≤100
31292782350,Deutschland.de,These ads ran without a disclaimer,≤100
47710652725,Goethe-Institut,These ads ran without a disclaimer,≤100
191483281412,U.S. Consulate General Mumbai,These ads ran without a disclaimer,≤100