﻿Page ID,Page name,Disclaimer,Amount spent (USD),Number of ads in Library
103393035778315,Alotofstylewe.com,These ads ran without a disclaimer,≤100,5
1744911689126391,12up,These ads ran without a disclaimer,≤100,1
105686442303512,CTGI,These ads ran without a disclaimer,≤100,1
100732131517309,Female in Africa - Women Of African Nations and Beyond,These ads ran without a disclaimer,≤100,1
1802248836771260,Weird Little Tales,These ads ran without a disclaimer,≤100,1
101034058195232,Road to Vintage,These ads ran without a disclaimer,≤100,1
111679394767549,المشروع القومي لمشتقات البلازما,These ads ran without a disclaimer,≤100,1
31292782350,Deutschland.de,These ads ran without a disclaimer,≤100,1
106842858489193,Cooking Center - Restaurant Game,These ads ran without a disclaimer,≤100,1
132078211584362,About ឈីឈី,These ads ran without a disclaimer,≤100,1
105252884860384,Best Projects,These ads ran without a disclaimer,≤100,1
565225540184937,CGTN,These ads ran without a disclaimer,≤100,1