﻿Page ID,Page name,Disclaimer,Amount spent (TRY)
100910024639566,Ali Babacan,Deva Partisi,≤100
102095934751904,Deva Partisi,Deva Partisi,≤100
111162852275902,Uluslararası Af Örgütü Türkiye Şubesi,Uluslararası Af Örgütü Türkiye Şubesi,≤100
851556338241562,Ayşen Kurt,Ayşen Kurt,≤100
106018278652009,365gunzinde,These ads ran without a disclaimer,≤100
215158578510066,Ümit Özdağ,Mehmet Emin Özbey,≤100
100964136258105,Erdoğan Çiftcioğlu,Erdoğan Çiftcioğlu,≤100
100390712964512,Deli Kadın,kurumsal reklam,≤100
103512145794595,İnsanlık İçin,İnsanlık İçin,≤100
112554187889889,Fatih Adalan Blog,Fatih Adalan,≤100
104720632449919,Tarihte Bugün,Taha Gümüştaş,≤100
108276755484504,Global Engineer Girls,These ads ran without a disclaimer,≤100
114357406669727,ABB TV,Antalya Büyükşehir Belediyesi,≤100
184138575666106,Veri Kaynağı,Veri Kaynağı,≤100
108552928182311,Al Sancak Partisi,Nuri Çelebi,≤100
1218343074909514,Mehmet Ceyhan official,These ads ran without a disclaimer,≤100
100516989042507,Balıkesir Posta TV,Ahmet Namlı,≤100
1883376938386253,Ebedi Başkomutan Atatürk,Huseyin Rahat,≤100
557866130988813,Çiftçi TV,Çiftçi TV,≤100
100665102848993,Gün Gün Kurtuluş,İlker  Tanrıverdi,≤100
1614212022160759,Fehmi Yağlı,Fehmi Yagli,≤100
114712824894406,Emre Topalz,Muhammet Emre Topal,≤100
109307962085625,EmreTopalx,Muhammet Emre Topal,≤100
110010815263548,Gerçek Gündem TV,Bülent Özdoğan,≤100
465887546792664,Halkın Kurtuluş Partisi - HKP,TAYFUR BİN,≤100
167633913392268,Kolejliler,Fırat Yıldız Ahmet,≤100
219031704851494,SAS (Satın Almayın Sahiplenin),Fırat Yıldız Ahmet,≤100
1093516560666635,Asrın Adamları,Huseyin Rahat,≤100
106187277979172,Dijital Gaste,Veysel Karahan,≤100
180404128680446,Dr. Şadi YAZICI,Dr. Şadi YAZICI,≤100
815048841929079,M. Ergün Turan,M. Ergün Turan,≤100
105920312260740,Özgür Köşe Yazarları,Özgür Köşe Yazarları,≤100
108950761694185,GNCZ,GNCZ,≤100
413113452433564,Cengiz Gökçel,Cengiz Gökçel,≤100
107924807410702,Samet Bağcı,Samet Bağcı,≤100
107088348866304,Haberde.com.TR,Murat Ocak,≤100
511707202180465,Kangal Aşkk'tır,Fırat Yıldız Ahmet,≤100
1620080691588973,Serkan SARI,Serkan Sarı,≤100
100930021431743,Gazete Kolektif,Ercan Erdal,≤100
283657205667155,Mustafa Ali Fırtına,Mustafa Ali Firtina,≤100
306491676172909,Gerçek Gazetesi,Gerçek Gazetesi,≤100
306104152918585,Creamaxi Dijital,Creamaxi Dijital,≤100
922594934433874,Kulis Özel,Burak Rahat,≤100
104790481715851,ازجمله,Azjomle,≤100
103285814499773,H. Yalım Halıcı,Kadir Dede,≤100
103693141575878,nVidyo,Birkan Erol,≤100
314386289265240,ALİ ZAFER İKSİR,ALİ ZAFER İKSİR,≤100
1572709256359993,İnternethaber TV,HADİ ÖZIŞIK,≤100
702800386480460,Gerçek Gazetesi,Atacan Özbay,≤100
102649002653356,tanjukaradag.official,These ads ran without a disclaimer,≤100
101198518278121,Mehmet Selim Girbiyanoğlu,Mehmet Selim Girbiyanoglu,≤100
450603291709606,Dava Adamları,Huseyin Rahat,≤100
105376981385020,Referandom,Referandom,≤100
104373561467884,Serhat Servet Dövenci,Serhat Servet Dövenci33,≤100
108390012832175,Fatih Akkentli,Fatih Akkentli,≤100
107184060866156,Limitsiz Bilgi,These ads ran without a disclaimer,≤100
1417646645155415,Özcan Pehlivanoğlu,Melek Tabak,≤100
1479020042365400,Aydın Kent Rehberi,Aydın Kent Rehberi,≤100
120526908105389,AK Gençlik Çorlu,Onur Şen,≤100
101452232253259,Kubilay Çiçek,Kubilay Çiçek,≤100
276652289141318,OSMAN KOZAN,Osman Kozan,≤100
100679968075599,Detay Haberler,Detay Haberler,≤100
183754020921,Saadet Partisi,Saadet Partisi,≤100
101700471513125,Kadir Aydın,Kadir Aydın,≤100
127896160644676,KORAY AYDIN,KORAY AYDIN,≤100
108928264155408,Mehmet Başaran,Mehmet Basaran,≤100
104267921764717,Deva Partisi Trabzon İl Başkanlığı,Kubilay Çiçek,≤100
207365029331110,Ünsal Arik,These ads ran without a disclaimer,≤100