﻿Page ID,Page name,Disclaimer,Amount spent (MXN),Number of ads in Library
209770450386,El Gobierno de Nuevo León,Gobierno del Estado de Nuevo León,237081,9
116039188209698,Presidenta 2024 Mx,Presidenta 2024 Mx,54916,34
105680459199480,La Nueva Nota,La Nueva Nota,50580,53
608771779295909,Estamos Unidos. Que siga López,Estamos Unidos. Que siga López,48374,6
120965900993972,El Escaparate,El Escaparate,46464,69
104745382187531,The Times Mexico,The Times Mexico,44551,37
206323119403212,Mario Delgado Carrillo,Mario Delgado Carrillo,38987,69
100106186455988,De Todo Noticias,De Todo Noticias,34225,41
611053902572622,Focus Mx,Focus Mx,32039,10
120145884414301,MX Al Día,Mx Al Día,31913,7
115942954883881,México Rumbo 2024,México Rumbo 2024,31221,24
108997325555128,México Actúa,México Actúa,28098,33
1520610478183053,Badabun,Badabun,27970,9
110607145423901,Proyecto Transformación 2024,Proyecto Transformación 2024,26015,20
107793448707132,The Guardian Mexico,The Guardian Mexico,24727,36
101498485926583,El Monarca,El Monarca,20809,34
119813324392503,Latitud Cero,Latitud Cero,20016,29
118921468203786,Movimiento Ciudadano,Movimiento Ciudadano,19402,4
116013104730058,México en el Mundo.,México en el Mundo.,18949,13
378957422257023,Bealieversmx,Bealieversmx,18544,6
112686508495467,Información libre,Información libre,18381,31
104502545545325,El Sol de América,El Sol de America,17631,20
110401602060833,Noticias 32,Noticias32,16908,7
116175691755266,Silvano Aureoles Conejo,Silvano Aureoles Conejo,16593,5
264773293005,Marko Cortés,Partido Acción Nacional,15923,8
107023921828322,Diario,Diario,15568,8
56713285274,Greenpeace México,Greenpeace México,14927,116
100450146421198,Origen Noticias,Origen Noticias,14714,10
285058928236909,Mauricio Vila,Mauricio Vila,14460,66
936003293273572,Nexo Político,Nexo Político,13878,11
350508488860,Renán Barrera,Renán Barrera,13766,25
108819392526809,Partido Acción Nacional,Partido Acción Nacional,13312,5
450197489139926,Jalisco Noticias,Sistema Jalisciense de Radio y Televisión,12568,53
154652694604556,Ricardo Gallardo Cardona,Ricardo Gallardo Cardona,12022,13
115754618257305,Mx Al Instante,Mx Al Día,11924,4
120475107640369,La Realidad de hoy,La Realidad de hoy,11658,10
1613868898897076,Waldo Fernández González,Waldo Fernández González,11369,12
354326078079338,Campaigns and Elections Mexico,Campaigns & Elections México,10803,46
1583631301915573,Liborio Vidal,Liborio Vidal Aguilar,10689,64
118242649792200,Noti Zoque,notizoque.com,10555,3
108737448471399,Altavoz Web,Altavoz Web,10081,4
242334769225146,Sergio Salomón Céspedes Peregrina,Sergio Salomón Céspedes Peregrina,9661,7
900777433370449,Luis Cházaro,Luis E. Cházaro,9372,34
102281232785079,Noticias del Mundo,Noticias del Mundo,9180,12
102341426216399,En Campaña Mx 2024,En Campaña Mx 2024,8589,9
120923597592109,Hoy Sí Mx,Consejo de la Comunicación,8130,33
239726076054918,Partido del Trabajo México,Partido del Trabajo México,7848,18
837607596288104,Eliseo Fernández Montufar,Community Manager,7705,6
109014064745197,Juventudesgto,Juventudesgto,7628,16
103769542576820,Quintanarroense Hoy,Quintanarroense Hoy,7352,8
186073704903313,México elige,México Elige,7040,18
146709175702544,Gobierno de Quintana Roo,Gobierno de Quintana Roo,6983,14
102265631123832,Gobierno de Puebla,Gobierno de Puebla,6826,8
112524454757434,MX Informa,Mx Al Día,6816,5
103316939419690,José María Tapia,Chema Tapia,6755,8
109634395756375,Save the Children México,Save the Children México,6318,15
101267031439463,Voz de las Empresas,Consejo de la Comunicación,6225,13
652818185335893,Notidiario Tuxtla,notidiariotuxtla.com,6193,2
195400400486017,Antena San Luis,Antena San Luis S de RL de CV,6046,2
1044005875633479,Manuel Guerra Cavazos,Manuel Guerra Cavazos,6035,11
112057583931467,Morena Campeche,Morena Campeche,5924,6
279469625434543,Paco Cienfuegos,Paco Cienfuegos,5825,34
122923777452275,PolyMetrics,PolyMetrics,5753,18
104612062684147,Por La Cuarta Transformación,Por la 4T,5488,10
151179508344862,Toño Ixtláhuac,Toño Ixtláhuac,5412,5
112193307898373,Electoralia Veracruz,Electoralia Veracruz,5327,32
105097171575007,La LOCAL Mx,La LOCAL Mx,5280,5
102724752608138,Mexiquenses Unidos con Adán,Mexiquenses Unidos con Adán,5271,11
350920255340786,Hablemos bien de México,Hablemos bien de México,5151,6
119850181097405,Tu Capital News,Tu Capital News,5143,18
149012365179945,Pelon Pelo Rico,These ads ran without a disclaimer,5101,1
231602417391989,Janecarlo Lozano,Janecarlo Lozano,4644,3
303184083041100,Gobierno del Estado de Yucatán,Gobierno del Estado de Yucatán,4561,34
111094778258609,Chema Martínez,Chema Martínez,4362,12
107003701683545,Migra Noticias,Migra Noticias,4327,60
1415863341806268,DMC - Music Center,CENTRO DE ENCUENTRO ARTÍSTICO DMC A.C.,4134,44
123842270960929,Walmart de México y Centroamérica,Nueva Walmart de México SRL de CV,4131,7
326761468265085,Miralo Vos Noticias,miralovosnoticias.com,4033,3
104773258848361,Margarita González Saravia,Margarita González Saravia,4033,5
110202035047513,Héctor Castillo,Hector Castillo Olivares,3987,2
465531963489973,Verónica Delgadillo,Verónica Delgadillo,3950,8
183751562214729,David Cortés,David Cortés,3931,2
122404620204,Oxfam México,OXFAM MEXICO AC,3697,2
504375926270136,Noticiero Libre Chiapas,noticierolibrechiapas.com.mx,3518,1
104680124489636,Demoscopia Digital,Demoscopia Digital,3439,15
219668194797769,Encuestas en México,Encuestas en México,3305,5
114249423327281,Los Reporteros MX,Los Reporteros MX,3303,1
110221077952772,Cadenas Noticias,Cadenas Noticias,3214,2
133059550071850,Gobierno de Guadalajara,Gobierno de Guadalajara,3150,20
48966795116,Amnistía Internacional México,Amnistía Internacional México,3126,23
105330142544071,Amigos de Adán Augusto,Los Amigos de Adan Augusto,3101,14
102084795217656,Cuatro T,Cuatro T Noticias,3094,4
362430908370,Aeromexico,Aeromexico,3063,1
108687728744220,Caribe Noticias,Caribe Noticias,3036,6
103182562158410,Ignacio Mier Velazco,Ignacio Mier Velazco,2974,12
322448348374156,AGS media,AGS media,2944,1
308102266010810,Nadia Navarro,Nadia Navarro,2932,15
107459775543951,Pacto Transformación,Pacto Transformación,2872,4
133456004138972,Romina Contreras,Romina Contreras,2849,9
107394585685851,Del Lado De Mario,Del Lado De Mario,2837,10
1577134115646205,Lupita Murguía,Lupita Murguía,2837,8
254852601222832,Cemex México,CEMEX México,2820,24
289568107808375,UVEG Universidad Virtual del Estado de Guanajuato,Ads Project Media,2803,7
1874397736161441,Manuel Gálvez,Manuel Gálvez,2778,15
321000808062549,Chucho Pérez Ballote,Chucho Pérez Ballote,2776,18
162949857103721,Gobierno Colima,Gobierno Colima,2725,28
261548570655865,Juan Angel Flores Bustamante,Juan Angel Flores Bustamante,2680,3
120544204635995,Gobierno de Baja California,Gobierno de Baja California,2627,4
116847481435861,Bdr6,These ads ran without a disclaimer,2580,1
236254476579304,Enrique Vargas Del V.,Enrique Vargas Del V.,2580,9
351692528718078,GobernArte,GobernArte,2504,33
107886665569426,Ignacio Segura Morquecho,Ignacio Segura Morquecho,2482,15
100262824860292,Guayabo Vengador,Guayabo Vengador,2378,5
117808668000040,La Gaceta México,La Gaceta México,2305,2
589484077738887,Jorge Álvarez Máynez,Estudio Bocadillo,2266,2
493453457351145,Coparmex Nacional,Coparmex Nacional,2197,102
458859544909547,DICES,DICES,2175,17
408336229257978,El Ciudadano Jalisco,Movimiento Ciudadano Jalisco,2166,1
161020766408,Gobierno del Estado de Querétaro,Gobierno del Estado de Querétaro,2110,7
171494803269262,Noticias México,Noticias México,2091,2
106730362488445,Corazón Morenista,Corazon Morenista,2085,22
803041666459797,Enrique de la Madrid,Enrique de la Madrid,2071,3
428903227172775,AyuntaMÉRIDA,AyuntaMÉRIDA,2061,14
395853843856495,Pedro Rodríguez Villegas,Pedro Rodríguez Villegas,2055,50
124073640618476,Julio Huerta,Julio Huerta,2051,6
1250751485006046,Secretaría de Seguridad Ciudadana de Q.Roo,Secretaría de Seguridad Ciudadana de Q.Roo,2040,2
180425288675416,Manuel Rodríguez González,Manuel Rodríguez González,1989,23
123382667413696,Estudios de Opinión Pública by Demoscopia Digital,Estudios de Opinión Pública by Demoscopia Digital,1988,21
1861550397441449,Revista32,Revista32,1968,16
509821702820171,24 Horas Quintana Roo,24 Horas Quintana Roo,1873,13
359377594558289,Prensa Asociada,Prensa Asociada,1859,3
148649368616330,Pepe Chedraui,Pepe Chedraui,1814,13
380359428810682,Mexicanos Traidores,Mexicanos Traidores,1805,1
264390613659850,Adrián Rubalcava Suárez,Adrian Rubalcava,1799,3
1519833484991228,Miguel Lechuga,Miguel Lechuga,1799,1
119148906519358,Tuxtlequeando,tuxtlequeando.com,1795,2
105787218926256,Resistencia Obradorista - Lucha y Patria,Resistencia Obradorista - Lucha y Patria,1736,2
669306863144908,Alberto Esquer,Fernando Esquer,1724,5
1431026463848662,Darío Benítez,Jorge Alberto Lopez Jimenez,1709,9
924215500923867,Lucy Meza,Lucy Meza,1691,11
133478060111915,Cemex Impacto Social,CEMEX México,1679,12
110509207026148,De Chingadazo Morelos,De Chingadazo Morelos,1624,4
102864378311529,Hoy en México,Hoy En México,1608,1
751922784866960,Alejandro Armendariz,Alejandro Armendariz,1607,8
109854164270687,México Noticias,México Noticias,1600,1
102107279495045,Las netas,LASNETAS.ORG,1598,7
108691922194941,Convocatorias 2023B,Convocatorias 2023,1546,5
2254153318173594,Informate Campeche,Informa campeche,1523,1
103179794794580,Tuxtla Habla,tuxtlahabla.com,1428,1
208034812558425,Solo-Opiniones,Solo-Opiniones,1416,2
503029186533760,Osoigo México,Osoigo México,1414,39
103520535400756,Jorge Alberto Elias Retes,JORGE ALBERTO ELÍAS RETES,1393,16
180533315991,Guanajuato Gobierno del Estado,Gobierno del Estado de Guanajuato,1356,4
174058432636166,El Deforma,El Deforma,1355,2
669306863144908,Alberto Esquer,Moisés González,1338,3
192366194179807,León Municipio,León Municipio,1323,3
116628764816839,Punto Morena,Punto Morena,1316,3
225805635710,Eduardo Verastegui,Eduardo Verastegui,1280,20
100300525338662,Javier Mendoza Márquez,Javier Mendoza Márquez,1278,1
107536035369123,Capital Noticias,Capital Noticias,1277,4
895963393765649,Montserrat Caballero,Montserrat Caballero,1271,2
102571299059219,Centro de Desarrollo y Actualización de Competencias,Centro de Desarrollo y Actualización de Competencias,1264,3
427137767353498,Clemente Castañeda,Clemente Castañeda H,1255,4
577664992340571,Alfonso Durazo,Alfonso Durazo,1239,6
100242005506001,Medestetic México,Medestetic México,1236,1
107652783975551,CS Medicina Estética,CS Medicina Estética,1234,1
133761830290194,Tere Jiménez,AI MKT,1232,24
1572624442979362,José Luis Garza Ochoa,Jose Luis Garza Ochoa,1214,3
258241614593678,AulaTec,AulaTec,1199,8
697622430420733,Zurda,Zurda,1194,2
105393761496211,Por una Puebla Sin Censura,Por una Puebla Sin Censura,1155,1
620611228034083,Rabindranath Salazar Solorio,Rabindranath Salazar Solorio,1136,40
170761873343298,Tecutli Gómez,Tecutli Gomez,1134,7
102047408511116,Celia Maya,Celia Maya,1131,6
555207734563075,Policía de Guadalajara,Gobierno de Guadalajara,1123,34
163411220385285,PAN Guanajuato,PAN Guanajuato,1121,4
101105352202511,Universidad Mexicana de Educación y Trabajo UMET- CEYT Presencial,Universidad Mexicana de Educación y Trabajo UMET- CEYT Presencial,1119,1
107004808770959,Las Noticias,Las Noticias,1117,3
100215376197287,Guerreros del voto,Guerreros del Voto,1112,7
630661037367142,Futuro,Futuro,1108,14
100186055860121,Proceso,Proceso,1107,34
1527311874184683,Ismael Cabeza de Vaca,Ismael Cabeza de Vaca,1100,2
102467026141414,Playas Mexico,Playas Mexico,1074,4
335598899895433,Luis Aguilar,Luis Aguilar,1070,5
100366512516352,Víctor Mercado,Víctor Mercado,1069,13
108846835200933,Nacion24,Nacion24,1043,8
418039951683898,Hernán Salinas Wolberg,Hernán Salinas Wolberg,1042,3
189131335143204,"Soy Mexicano, Soy Derecho",Soy Mexicano Soy Derecho,1038,11
104805888231365,Mexicano,"Editorial Kino, S.A. de C.V.",1036,2
213693228664478,Cámara de Diputados - H. Congreso de la Unión,Camara de Diputados - H. congreso de la unión,1031,1
116216726453585,Rigoberto Ramos Ordoñez,Rigoberto Ramos Ordoñez,1026,6
284254418310797,Sapal León,Sapal León,1025,5
822100507825923,Secretaría de Turismo de Baja California,Secretaría de Turismo de Baja California,1004,1
109896661873670,Bienestar México,Bienestar México,1000,1
1734951530056727,Carmen Lilia Canturosas,Carmen Lilia Canturosas,983,1
400424903426385,SIMAPAG Guanajuato,Ads Project Media,981,2
428885987164769,Morena CDMX,Morena CDMX,980,1
102180545031800,Jornada Digital,Jornada Digital,980,2
108094781915171,Reinforma Noticias,Reinforma Noticias,979,7
109796011267751,Tlalnepantla Morena,Tlalnepantla Morena,977,1
109730735428359,Pueblo Informado,El AP,977,6
1095948597209125,Grupo Financiero Banorte,Banco Mercantil del Norte,967,38
893730880832707,CEDET,CEDET,957,1
111928025307967,Veracruz al punto,Veracruz al Punto,955,7
164183347562623,Denuncia México,euthenics,955,3
101467245317777,Resistencia Obradorista,Resistencia Obradorista,949,1
101128435630238,Química y Formulación,Química y Formulación,948,28
106337415222005,Tribuna,Tribuna,940,34
351194631568626,Secretaría de Economía Sinaloa,Secretaría de Economía Sinaloa,937,13
182850088467637,Marcos Isleño,Marcos Isleño,936,2
102118215595971,Obradoristxs,Reporte México,936,2
113127738483373,Jóvenes por la democracia,Big Thinker Agency,935,4
108400965357246,Sterl Rowan,These ads ran without a disclaimer,920,1
421877377878288,Municipio de Querétaro,Municipio de Querétaro,914,2
108711377953775,Primero en Acción,Primero en Acción,909,2
834235483357799,Municipio de Navojoa,Municipio de Navojoa,906,9
106355484413773,Diario La República Mexico,MX Comunicaciones,891,3
103959544551197,Dermoter - Capacitación en Medicina Estética y Antiedad,Dermoter - Capacitación en Medicina Estética y Antiedad,888,8
964949426920217,Chepe Guerrero,Josue Guerrero,885,8
291420500968149,Ricardo Mejia Berdeja,Ricardo Mejia Berdeja,884,2
1367416950039551,Morena Morelos,Morena Morelos,880,1
349362031895959,Julián Zacarías Curi,Julián Zacarías Curi,877,9
240658503464659,Christian Agúndez,Christian Agúndez,866,6
237316300021978,Erandi Bermúdez,Erandi Bermúdez,865,1
147750045762452,360 informativo,Campañas,853,1
2238010603111378,UltraMedios MX,UltraMedios MX,853,1
105196101648843,Sergio Gutiérrez Luna Veracruz,Sergio Gutiérrez Luna Veracruz,853,1
2441297875928215,Hazlo Viral GTO,Hazlo Viral GTO,853,14
1070896996438683,No te calles,No te calles,848,2
109092718607958,Carlos Escobar,Carlos Escobar,846,2
124047777702377,Secretaría de Gobierno de Guanajuato,Secretaría de Gobierno de Guanajuato,844,19
1275235792603673,Susana De la Rosa,Susana De la Rosa,843,9
2436451363056084,Noti ZMG,Noti ZMG,839,2
109926551951416,UNNA_Infancia,UNNA_Infancia,839,8
106551728748819,Opinia,Opinia,838,12
326647354840146,Sergio Gutiérrez Luna,Sergio Gutiérrez Luna,836,1
101702578768551,Agencia de Noticias Edomex,Approach,836,2
113126435038124,Los de siempre,Los de siempre,835,1
196705420663884,Código Magenta,Código Magenta,825,6
110292422139858,Digital Noticias,Digital Noticias Mx,824,5
386867534680369,Ernesto Prieto Ortega,Ernesto Prieto Ortega,802,2
126053684120856,Gobierno del Estado de Oaxaca,Gobierno del Estado de Oaxaca,799,6
100295093160684,Xochitlovers Poblanos,Xochilovers Poblanos,798,3
247091415478957,Lorena de la Garza Venecia,Lorena de la Garza Venecia,789,6
105880618899392,Periódico Vallarta,Periódico Vallarta,783,2
327801597360731,Cuestiones de Política Legislativa,Cuestiones de Política Legislativa,780,1
107048135750204,Carlos Soto,Carlos Soto,776,12
111462451849329,Chetumal TV,Chetumal TV,764,14
641245122583059,Soledad Luévano,Soledad Luévano,762,1
101256961352236,"CEDET ""San Nicolas""","CEDET ""San Nicolas""",760,1
1237469239731188,Mexico Times,Mexico Times,756,5
242650699230146,México va con Marcelo,México va con Marcelo,736,5
102351485932912,Contraste Norte,Contraste Norte,734,2
104886002695252,Puebla con Creel,Puebla con Creel,732,3
107732841148576,Esteban Abraham Macari,Esteban Abraham Macari,728,3
648426535772747,24/7,24-7 NoticiasMx,718,6
101520286350041,Yucatán un solo equipo,Yucatán un solo equipo,707,2
349281388432947,Chihuahua Noticias,Chihuahua Noticias,706,8
101116608213214,EducaTijuana,EducaTijuana,703,6
265938437673601,Yo Soy Mi Planeta,Yo Soy Mi Planeta,703,22
306572586738125,H. Ayuntamiento de Manzanillo,H. Ayuntamiento de Manzanillo,700,13
104423741378022,Ocupa MX,Ocupa MX,700,8
106528952132176,RS24,RS24 En Unidad por Morelos A.C.,699,18
102066728517222,Jorge Magaña,Jorge Magaña,695,2
323319651067985,Monitor Nacional,Monitor Nacional,694,1
124631600949535,Yo Influyo,Yo Influyo,693,12
103318515925385,Informe Regio,informe Regio,692,3
222209577812067,UTNGDOLORESHIDALGO,Adsproject Media,687,15
312685741710,H. Ayuntamiento de Puebla,Servicios Profesionales Casimlo,685,15
101305632772604,Morena Amigos,Morena Amigos,681,2
2818718441534332,Es de política mexicana,Es de Política Mexicana,678,3
116026754703659,CEDET Monterrey,CEDET Monterrey,677,1
107511518695730,Fuera prianistas de la CDMX,Fuera prianistas de la CDMX,673,1
105153944962600,El Plural de México,El Plural de México,670,6
105126410860106,Capacitación Superior,These ads ran without a disclaimer,667,1
107802729048578,El Destapador,El Destapador,666,2
100757654634122,Ágora Digital,Ágora Digital,660,3
105733512243982,Es Claudia Tamaulipas,Es Claudia Tamaulipas,653,6
103169108800942,Andrea Tovar,Andrea Tovar Saavedra,651,3
359279754116464,Carolina Viggiano,Carolina Viggiano,643,4
891829804212363,Yucatán volverá a florecer,Yucatán volverá a florecer,643,6
107727682047392,XunMexicodeverdad,XunMexicodeverdad,641,11
147751821930575,Salud Digital Fundación Carlos Slim,Fundación Carlos Slim,636,3
701081426599480,Boletín MX,Boletín MX,635,1
283653271758441,24 Morelos,24 CDMX,625,23
149334611927297,Benjamín Robles,Benjamín Robles,624,8
328781457261320,"Editorial MD - Una Editorial hecha por maestros, para maestros.",These ads ran without a disclaimer,621,1
1540267016299241,Gobierno de Atizapán de Zaragoza,Gobierno de Atizapán de Zaragoza,620,14
102863700463398,Pepe Couttolenc,Pepe Couttolenc,618,2
106322671165769,Nación Morena,MX Noticias,617,2
1553350868260589,Victor Hugo Lozano Poveda,Víctor Hugo Lozano Poveda,615,2
251754506715272,Informado.Mx,Informado.Mx,608,29
122157770785158,Panorama Noticias,Panorama Noticias,607,1
112398010205997,CEDET Santa Catarina,CEDET Santa Catarina,604,1
350508488860,Renán Barrera,These ads ran without a disclaimer,599,2
116248818207420,Xochilovers MXLI,Inteligencia Política,596,1
110127401707360,Teorema,Teorema,593,1
226699804054458,Juan Carlos Barragán Vélez,Juan Carlos Barragán Vélez,589,4
572887279531469,Román Alberto Cepeda,Román Alberto Cepeda,577,9
192680674189566,El Respetable,El Respetable,574,4
634459589898663,Ayuntamiento de Benito Juárez,Ayuntamiento de Benito Juárez,568,3
394579937307087,Marybel Villegas Canché,Marybel Villegas Canché,566,3
395852717192874,Samuel Hidalgo,Samuel Hidalgo,566,2
294591180601746,Dr. Carlos Lomelí Bolaños,Dr. Carlos Lomelí Bolaños,559,1
111554837647079,El Mundo Virtual,El Mundo Virtual,558,2
248216885805092,Conexión,Conexión News,557,17
101896949369261,Justicia Regia,Justicia Regia,555,4
119588441128670,Ferdando Lanota,Efecto Regio,554,4
1585834374966452,Mirza Flores,Mirza Flores,553,4
1035346796611838,Roberto Espinoza,Roberto Espinoza,548,2
108285588456412,Instituto Dasein Meraki,Instituto Dasein Meraki,547,4
108821977711618,Vivamos La Transformación Cuautlancingo,Vivamos La Transformación Cuautlancingo,542,1
116437828394342,Phiten Mexico,Phiten Mexico,529,14
103747299357893,Mario Delgado Fans,Grupo Delgado Fans,529,6
102769894828877,4C News,4C News,527,4
117021274685366,Futuro FEM,FEM MEDIA,525,9
111824851941566,Amigos con Manuel Rodríguez,Amigos con Manuel Rodríguez,524,5
235606900176440,Macronews,Macronews,521,6
361036630742937,La Política Online MX,La Política Online MX,519,6
104427969110522,Jornada Regia,Jornada Regia,514,4
536886746673043,Jóvenes MX,Jóvenes MX,511,14
195815320573612,elmomento.mx,elmomento.mx,511,3
117714788329212,Federación Internacional  de Criminología y Criminalística,These ads ran without a disclaimer,508,1
106230458464254,Marissa Magaña,Marissa Magaña,500,1
820039028079165,Gerardo Pliego,Gerardo Pliego,500,3
245495562137150,Mitofsky,Roy Campos,499,7
100126102820656,Informativo Vallarta Noticias,Informativo Vallarta Noticias,492,1
106379064650791,Edgar Hernandez Dañu,Edgar Hernandez Dañu,484,1
110187414493874,Plataforma Informativa Mexicana #PIM,euthenics,480,5
109175599170805,Cuauhtémoc Ochoa Fernández,Cuauhtémoc Ochoa Fernández,477,7
110433190536865,Colegio Universitario MIIB,Colegio Universitario MIIB,470,4
102141682723260,Panistas con Jorge,Panistas con Jorge Romero,469,3
511703009188988,Azucena Cisneros Coss,Azucena Cisneros Coss,465,3
463489204042534,Secretaría de Obras Públicas y Movilidad de Uruapan,Secretaría de Obras Públicas y Movilidad,462,10
420690148033445,Enrique Galindo Ceballos,Enrique Galindo Ceballos,461,10
105365702386289,Que plan en MTY,Que Plan en MTY,457,2
1452189031676518,Hyundai México,HYUNDAI MEXICO,456,1
101701991930418,UNIDEV,UNIDEV,448,8
106104551569591,Giovani Gutiérrez,GIOVANI GUTIERREZ,447,6
663863843630636,UniverMilenium,These ads ran without a disclaimer,447,2
660297987389094,Educa Oaxaca,Educa Oaxaca,440,2
206604539439888,Luis Nava,Luis Nava,432,7
108847537978757,Noticias Nueva Visión,Noticias Nueva Visión,432,3
364602665328,El Colegio de México - Colmex,"El Colegio de México, A.C.",430,4
1452203061675645,JSP Medios,JSP Medios,429,13
103599104583822,Andrés Mijes,Harman Consultores,427,2
335332698526,Gobierno de Hidalgo,Gobierno del Estado de Hidalgo,425,4
114024430364416,YoXmx,YoXmx,424,3
444122459260988,Raciel Pérez Cruz,Raciel Pérez Cruz,424,1
1518145195110134,Daniel Gutiérrez Gutiérrez,Daniel Gutiérrez Gutiérrez,424,1
100112711344535,Las netas más netas,Las netas más netas,423,1
283843781697888,Marisela Meza,Marisela Meza,422,1
392117881331459,José Flores,José Flores,420,2
100539512991362,Yo con la 4ta,Yo con la 4ta,420,2
108460405435270,Enbroncados,Enbroncados,420,4
105263812088695,Profesor Primitivo Ríos,Profesor Primitivo Ríos,420,4
135355559809749,Partido Verde Guanajuato,Partido Verde Ecologista de México en Guanajuato,418,1
338810152847727,PAN Ciudad de México,PAN Ciudad de México,418,2
449095701815347,Salvador Zamora,Salvador Zamora,417,11
112627505161171,Paty Tere,Tu Vecino Informa,415,3
124929034517289,Raymundo Moreno,Raymundo Moreno,412,2
100714455326317,SD Noticias,SD Noticias,412,2
109082175273502,Tres Sesenta,Tres Sesenta,412,3
230608208921694,Sureste en Números A.C.,Sureste en Números A.C.,411,2
922911071175965,Noticias Tamaulipas,Noticias Tamaulipas,409,2
137309263048418,Poncho Robledo,Poncho Robledo,407,1
264060497093390,Shamir Fernández Hernández,Shamir Fernández Hernández,404,2
806858212689187,Pablo Lemus Navarro,Pablo Lemus Navarro,401,34
130911546991326,Mauricio Tabe Echartea,Mauricio Tabe Echartea,400,6
1548400965478920,Agencia de Movilidad del Estado de Querétaro,Agencia de Movilidad del Estado de Querétaro,399,11
108675754857874,Mariela Morán,Mariela Morán,398,1
695261801312971,Revista Encuentro en Acción,Revista Encuentro en Acción,398,8
548413478648882,Ismael Burgueño,Ismael Burgueño,398,4
109299911597187,CNC Guanajuato,CNC Guanajuato,398,1
105735142357697,Panistas por México,Panistas por México,397,1
100729282998020,IncasoI Original,These ads ran without a disclaimer,397,1
228161003903917,Vallarta en Línea -  Informa en la bahía,Vallarta en Línea -  Informa en la bahía,394,12
121800097513248,Datos Mexico,Datos Mexico,394,1
156639921819,Gii360,Gii360,393,8
106177668923730,El Congresista,PolitiK Consultoría Política y Mediática,387,3
104065375986923,La Politigrería,La Politigrería,384,2
151844091545900,Marcela Guerra,Marcela Guerra,382,1
103847969207185,Frontera Norte,Frontera Norte,382,2
101443926132807,Ahora es Adán Augusto Solidaridad.,Ahora es Adán Augusto Solidaridad.,381,6
1447376292236697,Rommel Pacheco,Rommel Pacheco,380,3
102991431463559,Exilio Periodismo Binacional,Exilio Periodismo Binacional,376,6
108203069029596,Foros Ciudadanos por México y Guerrero,El Noti,374,6
382938232545697,La Política Guanajuatense,La Política Guanajuatense,372,3
288333511342618,"Sánchez, Arellano Abogados",Sanchez Arellano Abogados,371,8
159997884087725,Jorge Luis Preciado,Jorge Luis Preciado,366,5
168661083194412,Claudia Delgadillo,Claudia Delgadillo,365,1
100156532534649,Academia de Ingles MX,These ads ran without a disclaimer,362,1
355435361525943,Jesús Elizondo,Jesús Alberto Elizondo Salazar,359,5
105343929059924,La Silla Regia,La Silla Regia,359,4
156383765015536,Luis Aguilera,TI Social,357,3
298140896258,IEE Chihuahua,IEE Chihuahua,356,15
113388858396961,Prensa Libre Puebla,Prensa Libre Puebla,353,2
404185776425930,Panorama De Nuevo León,Panorama de Nuevo León,353,1
100423322323235,"Morelos, territorio Morena","Morelos, territorio Morena",347,1
105533795460071,Norte Monrealista,Norte Monrealista,346,4
1528235827246797,Yucatán al Momento,Yucatán Al Momento,346,2
115767221394318,Las Primeras Noticias,Las Primeras Noticias,346,3
449018802149520,Teziutlán al Día,Teziutlán al Día,346,3
567633750007609,Geovanna Bañuelos,Geovanna Bañuelos,340,4
1347060645415784,Reyes Flores Hurtado,Reyes Flores Hurtado,337,2
110148773790832,Beto Arias Medrano,Beto Arias Medrano,335,2
113844584874483,La voz de la Experiencia,La Voz de la Experiencia,335,4
104806416043709,morelos_lindoyquerido,These ads ran without a disclaimer,334,1
118834277814626,Fernando Margain,Fernando Margain,334,2
401586323202696,Karina Barrón,Karina Barrón,333,3
110725725196731,Quereyork,Quereyork,333,1
117030144730510,Diario El Expreso,Diario El Expreso,332,4
325192067516383,Diego Avila,Diego Avila,330,1
115592847024547,Iraís Reyes,Iraís Reyes,330,3
904619292907245,Enfoque EiM Noticias Ags,Enfoque EiM Noticias Ags,329,38
1623166597773768,Itzé Camacho,Itzé Camacho,329,3
760338230775180,San Luis Ya Es Verde,San Luis Ya Es Verde,325,15
108906532154758,Encuestas Morena,Encuestas Morena,323,1
540795076057624,Enfoco.mx,Enfoco.mx,322,1
102965142770908,Poder Chairo,Poder Chairo,322,2
309520537353,Fondo Semillas,Fondo Semillas,321,4
104899627988168,Félix Gastelum,Félix Gastelum,320,4
568836736575697,Comunicante,Comunicante,318,1
107718575579977,Roberta Carrillo Zambrano,Roberta Carrillo Zambrano,314,2
108365995414780,Código Regio,Código Regio,314,2
682427185183797,De Política y Algo Más.,De Política y Algo Más.,308,7
114182624983282,Nueva Prensa Puebla,Nueva Prensa Puebla,307,1
890617067728295,Oscar Escobar,Seis Cero Tres Marketing,307,3
335511336631435,Lic. Claudia Garza del Toro,Lic. Claudia Garza del Toro,304,1
108035868803224,Queretaneando,Queretaneando,303,1
106784609151393,Ya se sabe,Ya se sabe,301,1
711119489013117,Chuy Dueñas,Chuy Dueñas,300,1
117504461268974,Fernando Rosique Castillo,Fernando Rosique Castillo,298,3
1415691342026378,Fundación Carlos Slim,Fundación Carlos Slim,296,4
115605928257394,En CDMX estamos con ya sabes cual,Estamos con ya sabes cual,296,3
208424065888755,Gildardo Real Ramírez,Gildardo Real Ramírez,295,1
100353769541167,Bazar Político,Bazar Político,295,4
100269480525872,Data Mexico,Data Mexico,295,2
111810211818158,Carlo González,Carlo González,294,1
409800789114458,Antonio Pelón Cervera,Antonio Pelón Cervera,293,4
107750608839428,Tu Colonia NL,Tu Colonia Nuevo León,292,2
112806673771498,Andrea Chávez,Andrea Chávez,291,1
345995382241686,PODER 360,PODER 360,290,4
104354335992709,Noti Femme Online,Noti Femme Online,290,3
110465284752149,Fernando Hernández,MAD analytics,289,5
698680770292245,YucaFlash,Yucaflash,289,2
109316894778999,Querétaro de Verdad,acierto mx,287,5
107446645712676,Liberador News,Liberador News,286,1
979768502162452,Itzel Balderas,Itzel Balderas,285,6
907647345982471,Cicuta,Cicuta,283,1
113769363761816,Luz Contigo,Luz María García,283,25
1894010420686938,La Lupa,lalupa.mx,283,1
100738919665700,Paloma Silva Olvera,Paloma Silva Olvera,282,3
1896928567294992,Esteban Ramírez Zepeta,Esteban Ramírez Zepeta,278,2
102542454680516,Lupita Oyervides,Lupita Oyervides,277,3
369980863177123,Eder López,Partido Encuentro Solidario,274,21
465777803515977,Poncho Gutiérrez,Poncho Gutiérrez,272,3
1917834671775465,Blanca Merari Puerto Morelos,Blanca Merari Puerto Morelos,272,2
103165569325422,Qromunicando,Qromunicando,271,1
109274195183155,La CDMX que soñamos,La CDMX que soñamos,271,2
114882501607820,Chiapas Sin Censura,Chiapas Sin Censura,270,1
119697281113952,Diario Central,Diario Central,270,18
233652128065243,Goberna México,Goberna Latam,270,8
815584061873097,Jesús Valenciano,Jesús Valenciano,270,1
107442112378074,Madero Hoy,Madero Hoy,269,6
103155352315602,La Razón,La Razón,269,2
386479385435094,Masiosare,Masiosare,267,2
625519684138149,Fuerza Azul México,Fuerza Azul México,267,1
106924712250738,Mexicanos,Mexicanos,267,6
500239473449030,PES Michoacán,Partido Encuentro Solidario,267,26
1879285485657995,Dr. Pepe Cruz,Pepe Cruz,266,8
1862694870637618,Radio SME,Radio SME,266,2
100979508318448,Diputado Francisco Sánchez Villegas,Diputado Francisco Sánchez Villegas,265,3
107059935032296,Color Morena,Color Morena,264,5
465531963489973,Verónica Delgadillo,David Delgadillo,263,1
207628795933903,Mundo Ejecutivo,Mundo Ejecutivo,263,2
100651660028146,Vallarta Online,Vallarta Online,263,6
106711920703067,ConecTam,Así Tamaulipas,263,1
213322302784408,Buenas Noticias QR,Buenas Noticias QR,262,1
338439980329802,Fiscalía General de Querétaro,Fiscalía General de Querétaro,259,2
117455491307964,Al Día,Al Dia Media,259,1
113465758476425,Yucatán Enterado,Yucatán Enterado,257,1
105784844959519,Olson,Olson,257,6
115740298153726,Querétaro rumbo al 2024,Querétaro rumbo al 2024,257,1
100703459244075,En Contexto,En Contexto,256,2
817681994935118,Mariana Benítez Tiburcio,Mariana Benítez Tiburcio,256,7
276385299511967,Yucatan Sigue,Yucatán Sigue,255,1
109856141998075,Diario La Comarca,Diario La Comarca,254,1
177319665650476,ClikiSalud - Fundación Carlos Slim,Fundación Carlos Slim,253,1
102255904996475,Geovanna Campos Vazquez,Geovanna Campos Vazquez,252,3
118902417840531,La Voz de la Calle Puebla,La Voz de la Calle,252,1
2307195646200863,Sin discriminación,Sin discriminación,251,1
617214185047697,Oliva Noticias,Oliva Noticias,251,2
909433945747355,Sandra Pámanes,Sandra Pámanes,251,3
357633994942461,Martha Avila,Martha Avila,250,1
557681577695814,El Cambio de México,El Cambio de México,249,12
109220908916935,Noticias del puerto,Noticia del Puerto,249,2
695396387180076,Jorge Bracamonte Hernandez,Jorge Bracamonte Hernandez,249,1
1103479286344796,Revista de Coahuila,Revista de Coahuila,248,13
106078095519053,Karla Nassar,Karla Nassar,248,1
237670222924527,SABES Bachillerato y Universidad en Guanajuato,SABES Bachillerato y Universidad en Guanajuato,247,1
111354078205125,El Lechero,El Lechero,243,1
105324158951762,Morena TV,Morena TV,243,2
103953484721340,Termina Tu Prepa Con EducaTijuana,EducaTijuana,241,2
110047648041448,Sonora Elige,Diario Sonora,240,1
1637462289838029,Diputadas y Diputados Morena,Diputadas y Diputados Morena,239,2
812361765480663,Pedro Kumamoto,Pedro Kumamoto,238,8
103650262016070,PULSO Público,Pulso Público,238,6
108596547197244,Omar Cervantes Rivera,Omar Cervantes Rivera,237,2
104119559145883,Ninfa Cantú Deándar,Ninfa Cantú Deándar,236,2
235994093744848,Contra Réplica,EDICIONES SAN FRANCISCO S.A. DE C.V.,235,6
405824826113969,IEEG Instituto Electoral del Estado de Guanajuato,IEEG Instituto Electoral del Estado de Guanajuato,234,2
800847896765578,Informativa,Informativa Media,232,1
1024212257622837,Paola Jiménez Hernández,LIPCO,230,3
105848177845789,All Out en español,All Out,228,9
110183974810314,Colmenas,Colmenas,227,1
1096457577073518,Miguel Varela,Miguel Varela,226,2
114848641643972,Corporativo Del Toro,Corporativo Del Toro,226,3
102772291872480,Acá en el Sur,Acá en el Sur,225,1
111645014626326,Politi.com.mx - Las Noticias de Tamaulipas,Politi.com.mx - Las Noticias de Tamaulipasº,225,2
1093163384039096,Ángel García Yáñez,Ángel García Yáñez,224,4
119398071142377,Tapachula en Alerta,Tapachula en Alerta,224,1
103188645496211,Progresando En Mexico,Yo Trabajo Bien,224,1
100968222057689,Acontecer Morena,Acontecer Morena,223,1
112260695120606,TrendTrackers,These ads ran without a disclaimer,223,1
182252948625872,Los Rescatadores,"Refleacciona con Responsabilidad, A.C.",223,2
651805858170081,Movimiento Ciudadano Colima,Movimiento Ciudadano,222,3
259367037801020,Aldo Argueta,Aldo Argueta,220,10
114334086978029,Cronica Digital,Crónica Digital,220,1
1523140624565532,Luis Susarrey,Luis Alberto Susarrey Flores,218,3
379119482562589,Sala de Prensa Michoacán,Sala de Prensa Michoacán,217,2
194020227388552,PT Coahuila,Partido del Trabajo Coahuila,217,1
1434790790107565,Expo Pyme Monterrey Caintra,These ads ran without a disclaimer,216,1
240598816013949,Erick  Reyes,Erick  Reyes,215,4
108738895343989,Capacitaciones en Línea de México,These ads ran without a disclaimer,215,1
106527704042985,Junior Gattas,Junior Gattas,213,3
715651248463911,Sofía Bautista Zambrano,Sofía Bautista Zambrano,212,2
109488981975636,Chicharrón norteño,Chicharrón norteño,212,1
104711288260927,El sendero de la destransformación,Sendero de Transformación,211,1
106649151462700,América García,América García,210,7
2224502900946392,Diplomados UNAM- Congreso.,Diplomados UNAM- Congreso.,210,2
396879004096265,Jorge Argüelles,Jorge Argüelles,209,6
111725588433772,Joel Castillo,MAD analytics,209,1
101266862858593,Sinergia Medios Oficial,Sinergia Medios Oficial,209,1
112191497375193,Estefania Aguilar,MAD analytics,208,1
104546498723247,Mauricio Cantú,Mauricio Cantú,207,11
110638204921704,Voz Laboral,Partners of the Americas,207,4
953657811446042,Conciencia Nacional por la Libertad Religiosa,Fundación en Promoción de la Familia y la Libertad AC,207,3
168829076613304,TvMex,TvMex,206,2
378557675962149,Centro Universitario EAV,These ads ran without a disclaimer,205,1
188610461167639,Énfasis Comunicaciones,Énfasis Comunicaciones,204,1
878654108845351,Armando Tejeda,Armando Tejeda,204,3
101069159489872,Partido Verde Ciudad Juárez,Partido Verde Ciudad Juárez,203,3
2251910481696111,Oscar Vásquez Llamas,Oscar Vásquez Llamas,202,5
100141742704499,Prensa Fifi,Prensa Fifi,202,2
197566660355881,Raúl Paz,Raúl Paz,201,3
200098483383814,Siglo XXI Editores México,Siglo XXI Editores México,201,9
532489630123383,Jaime Dávila Galván,Jaime Dávila Galván,201,1
1877472009244098,Chiautla Informa,Chiautla Informa,201,3
766097073421954,Diario Puntual México,Diario Puntual México,200,4
101600502549312,Diario de Monterrey,Diario de Monterrey,200,1
2044319415808059,Gaby Montoya,Gaby Montoya,200,2
111393928472990,Baches Regios,Baches Regios,200,3
146854998658908,Metropolitano Aguascalientes,Metropolitano Aguascalientes,199,6
103675816117210,Instituto de Política y Gobernanza,Instituto de Política y Gobernanza,199,1
107738917712607,ALA,@alertalibertadaccion,199,2
108083330882827,Iniciativa Climática de México,Iniciativa Climática de México,198,1
422833681635221,México nos une MV,México nos une MV,198,2
374045679337196,Beatriz Marmolejo Rojas,Beatriz Marmolejo,197,1
102321006141131,Info Yucatán,InfoYucatan,195,3
102265891491136,Morenarcos,Pejeland,195,1
346352612235933,Verónica Camino Farjat,Verónica Camino Farjat,195,1
110653741192638,Cadena Ciudadana,Cadena Ciudadana,195,2
100771439692852,México Despierto,México Despierto,193,2
102931335827610,Fans de Jorge Romero - Georgemanía,Georgemanía,193,2
104402255089316,Vigilante,Dreams Engine S.A de C.V.,193,3
134151334075376,Studio Lindavista,These ads ran without a disclaimer,192,1
109927953731014,Espacio Libre México,Espacio Libre México,192,5
1547184221992690,Tehuacán Informativo,Tehuacán Informativo,192,3
130352294189330,Adrián Oseguera,Adrián Oseguera,191,1
534777453303341,Roberto Solís,Roberto Solís,191,2
100100575412667,SDN Noticias,SDN Noticias,191,1
102706669471055,ARS - Academia de estilismo canino profesional,ARS - Academia de estilismo canino profesional,190,3
102048899277334,Dr. Jose G. Alamillo,These ads ran without a disclaimer,190,3
655675484555918,ElMineral.com.mx,El Mineral,189,1
111120672017120,Ranulfo Martinez Valdez,Ranulfo Martinez Valdez,188,3
101233511289765,Coco Martínez Velázquez,Coco Martínez Velázquez,188,1
437616359600178,Fernando Garza Martinez,Fernando Garza Martinez,188,2
2085563958340354,Raúl Torres,Raúl Torres,188,1
105016285925954,Contra la mafia del poder,Contra la mafia del poder,187,2
108545658548440,Frente Informativo,Frente Informativo S.A. de C.V.,187,2
170072680225916,Tlajomulco Unido,Tlajomulco Unido,186,6
113475461707446,4T Noticias y más,4T Noticias y más,184,2
176047519101203,Códice Informativo,Códice Informativo,182,12
102754002375215,Coordinacion Nacional de Becas para el Autoempleo,These ads ran without a disclaimer,182,1
320404528148304,Nacho Campos,Nacho Campos E.,181,2
200670033854796,Jesus Aguilar Díaz “Chuy”,Digital Media,181,2
320349101760473,Inboplast A.C.,Inboplast A.C.,180,6
101202725148632,Armando Zuñiga Salinas,GRUPO IPS,180,2
1721294494766247,Samantha Smith,Samantha Smith,180,3
110106650691896,Cintia Cuevas,MAD analytics,179,2
2330030160374237,Balance 24,Balance 24,179,3
102099595581892,Germán Borja,Germán Borja,179,3
470671390339325,Politburó Digital Noticias,Politburó Digital,179,1
669306863144908,Alberto Esquer,Alberto Esquer,179,2
1614410865470755,Columnas de México,Columnas de México,178,5
1044283188982092,José Carlos Fuentes Ordaz,José Carlos Fuentes Ordaz,178,1
783868651724644,Protección Animal Guadalajara,Gobierno de Guadalajara,176,1
100732580703775,El tiempo Yucatán,El tiempo Yucatán,175,1
707277452803584,PT Campeche Oficial,Partido del Trabajo Campeche,175,2
957262277720945,Carlos Ucán,Producciones Jaguar,173,1
265521856950021,PT Nayarit,Partido Del Trabajo Nayarit,173,2
592495347619799,Mi familia es primero,Mi familia es primero,172,6
101210129467789,Primero Monterrey,Primero Monterrey,170,1
106339247574545,CPI Capital Patrimonial Inmobiliario,These ads ran without a disclaimer,170,1
104361885865291,Buenas Noticias Mexicali,Buenas Noticias Mex,169,2
1117222281664997,Gobierno Municipal de Chihuahua,Gobierno Municipal de Chihuahua,169,1
1524562054451857,Enrique Godinez,Enrique Godínez,169,1
844135105741974,Satelite Travel Services,SATELITE TRAVEL,166,1
110322612382602,Gustavo Granados,Gustavo Granados,166,3
105605635657911,Al día en Monterrey,Al día en Monterrey,166,1
200425670023135,PAN Baja California Sur,PAN  BCS,166,2
1514466245542140,América Rangel,AMERICA RANGEL,165,4
418046408944771,Gonzalo Puerto,Gonzalo Puerto,164,2
597133553772444,LOA,LOA,164,1
1696577493927541,Veritas Noticias MX,Veritas Noticias MX,164,8
111109218436766,Cambiando Monterrey,Cambiando Monterrey,164,1
345156559163874,Norma Mejía Lira,Redboxmex,164,11
252509928131719,Periódico El Nacional,Periódico El Nacional,163,1
129116715379616,La Lotería Del Pueblo,La Lotería Del Pueblo,162,2
524272988105175,La Prensa Verificada,La Prensa Verificada,162,3
120347841057506,Morelos en la 4Transformación,Morelos con la 4Transformacion,162,2
105236341926666,Meridiano News,El Meridiano News,161,2
110343878657573,Clara Cárdenas,Clara Cárdenas,160,2
1377771988996094,Guendaracane,Guendaracane,160,2
252482341462381,Cristina Díaz,Cristina Díaz,159,4
102251265948823,Coahuila está con Ricardo Mejía,Coahuila está con Ricardo Mejía,159,1
434473639950078,Museo Iconográfico del Quijote,Ads Project Media,158,3
106727899162467,Fuerza Marcelo Estado De Campeche,Ligthink mkt,156,2
111012604084848,Profe. Macario Hermosillo,Profe. Macario Hermosillo,156,4
105887635647665,Jóvenes MRG,Jóvenes MRG,155,1
117676694619099,Sala Capitalina,Sala Capitalina Media,155,12
104570837902035,Paco Santos,STREAMING AND NETWORK VISION MEXICO,154,3
178466360506992,Comitán Noticias al Momento,Comitán Noticias al Momento,154,1
138813812948822,Rosa Lilia Torres- Noticias,Rosa Lilia Torres- Noticias,153,3
1048508588499422,Glen V. Zambrano,Glen V. Zambrano,153,1
227921773918913,Visión Chiapas Magazine,Visión Chiapas Magazine,153,3
101506985193828,"Perfil, Revista Social Política","Perfil, Revista Social Política",153,3
149652825193541,Carlos Canturosas,Carlos Canturosas,152,1
116683221399058,En la mira Puebla,En La Mira Puebla,151,1
114933404815809,Hoy Veracruz,Hoy Veracruz,150,1
100451268179161,El Ojo de Acapulco,El Ojo de Acapulco,150,1
992816694189783,José Alam Chávez Jacobo,José Alam Chávez Jacobo,150,2
106155929175245,Los Hechos de Morelos,Los Hechos de Morelos,149,1
149232789409,IECH - Centro de Fertilidad,IECH,149,6
380095382467990,Sabemos Chihuahua,Sabemos Chihuahua,149,2
112901823690886,Toño López Ruiz,Toño López Ruiz,148,2
109586880724431,Info Quintana Roo,Info Quintana Roo,148,5
109158495205659,Eje Noticias,Eje Noticias,148,1
139767742461,Manuel Velasco Coello,Manuel Velasco Coello,148,1
102789852497674,Digital News 24H,Digital News 24H,148,1
358212417554442,Fisiología del Ejercicio,These ads ran without a disclaimer,147,1
2278006102263079,Emsavalles,Emsavalles,146,8
445454469207355,Soy Tamaulipas,Soy Tamaulipas,146,1
110766427433130,Cambio de Rumbo,Cambio de Rumbo,146,3
131356454301711,Agustín Torres,Movimiento Ciudadano,145,2
101504319469656,Grupo del Valle Garbal,Grupo del Valle Garbal,145,1
380869022253135,CEPC Universidad,These ads ran without a disclaimer,145,1
1516531578580598,Movimiento Ciudadano Quintana Roo,Movimiento Ciudadano,143,2
111112453993340,Central de Medios,Central de Medios,143,4
102968934874517,Morena Quintana Roo,Morena Quintana Roo,142,1
694812103862229,Impulso Zapotlanejo,Impulso Zapotlanejo,142,1
215474162361086,Agenda Viral,Agenda Viral,142,2
102995568595429,Defendamos La Esperanza,Defendamos La Esperanza,141,3
127740114598004,El orgullo de Morena,El orgullo de Morena,141,3
870261323044723,Adolfo R. Silva,Adolfo R. Silva,141,3
104422492556187,Andrea Flores,Andrea Flores,140,3
119065701119271,La NETA DEL DÍA,La neta del dia,140,2
140110469912857,Hola Guerrero,Hola Media Content,140,5
538824879501214,Anayeli Muñoz,Movimiento Ciudadano,140,1
347050702310517,Alfredo Chávez,Alfredo Chavez,139,1
103116262558771,Centro de Conciliación Laboral del Estado de Nuevo León,Partners of the Americas,139,1
100542251736413,Liz Arroyo,Liz Arroyo,138,1
212536222854617,Paloma Robles Lacayo,Paloma Robles Lacayo,138,2
111973401843632,Durango con Adán Augusto,Durango con Adán Augusto,138,3
101582248638792,El Vocero,El Vocero,137,2
111202433770726,Peligrosa.mx 1370am Tlx huamantla,Peligrosa.mx 1370am Tlx huamantla,137,3
156432671706750,Te AMLO,Te AMLO,136,3
2000027216902843,Lalo Leal,Lalo Leal,136,2
932347670168225,Lagos Lupa,Lagos Lupa,136,1
111980355074733,Adriana Grajales Gómez,Adriana Grajales Gómez,136,1
395943233826179,Zona Cero Izcalli,Zona Cero Izcalli,136,1
106028511598307,Mujeres Morena,Mujeres Morena,136,3
237408920004557,Martín Vivanco,Martín Vivanco,136,2
103059974648299,Octavio Pineda,Octavio Pineda,135,5
110074918288649,Enfoque,Enfoque,135,1
104169981002558,Hidalgo Decide,Hidalgo Decide,135,7
101396955397342,Mi apoyo a la 4T,Mi apoyo a la 4T,134,3
102625606131962,PREPA CEC MTY,These ads ran without a disclaimer,134,1
109575971718478,Hitzel Bernal,Hitzel Bernal,134,2
1183421698366005,Citlalli Amaya,Citlalli Amaya,134,1
102782229316164,NL Primero,Nuevo León Primero,134,1
112877297846533,El Pulso.com.mx,"El Pulso de la Información, S.A. de C.V.",133,2
561934300901737,H. Ayuntamiento de Tepeaca,H. Ayuntamiento de Tepeaca,133,4
890307837753177,Priscila Benitez Sánchez,Viral Mkt,132,1
640697589424301,Víctor Fuentes Solís,EnRed&Medios,132,3
105880127492594,David Saucedo,David Saucedo,132,1
152877984781441,PARTIDO DEL TRABAJO ENSENADA,Partido del Trabajo Ensenada,132,1
101582525884337,Prensa Libre México,Prensa Libre México,131,1
110973360773894,Daniel Lanz,Daniel Lanz,131,2
978024885551039,Vox Populi Gto,Vox Populi Gto,131,8
107915678385909,Harmon Instituto Internacional,These ads ran without a disclaimer,128,1
104248499384072,La Memeria Yucateca,La memeria yucateca,127,3
750166695144831,Lean Solutions Consultoría,These ads ran without a disclaimer,127,1
104436871547212,Sabrina Morales,Sabrina Morales,126,2
160752503961,EMEEQUIS,EMEEQUIS,126,1
108217588838529,Financiera Intermercado Guerrero,These ads ran without a disclaimer,126,2
355814801505295,José Luis Morales Ibarra,José Luis Morales Ibarra,126,7
1978837242389393,Daniel Serrano Palacios,Daniel Serrano Palacios,125,1
112860341627608,Vecinos Unidos,Vecinos Unidos,125,2
756397431107703,Omar Ortega Álvarez,Omar Ortega Álvarez,125,1
248188822373873,Claudia Rivera Vivanco,Claudia Rivera Vivanco,125,7
156904881585665,De Todo Un Poco,De Todo Un Poco,125,1
201526167017293,Mario Soto Esquer,Mario Soto Esquer,124,1
290163821687964,Rocío Pérez Cruz,Rocío Pérez Cruz,124,1
106180668674220,La Sábana,La Sábana,124,1
108895104624022,Sandra Anaya,Sandra Anaya,123,2
1413963598899301,Instituto Zamorano,These ads ran without a disclaimer,123,1
110076345364968,Pau Peniche,Pau Peniche,123,7
119244891187006,ITEM - Puebla,ITEM,123,3
764586673602024,Archivo Digital Colima,Archivo Digital Colima,123,1
1845950578802614,La hora de guerrero - Noticias,La hora de guerrero - Noticias,123,2
100320139530994,Regio Política,Regio Política,123,1
106763384981876,La Prensa Mx,La Prensa Mx,122,2
1692643974305322,Fabiola Alanís Sámano,Fabiola Alanís Sámano,122,2
108179586301022,Luis Alberto Sosa Castillo,Luis Alberto Sosa Castillo,122,1
100437282603402,De Opinión,De Opinión,122,1
121416220875304,Panorama 360,24  México,122,1
2189022457815479,Cholula Informa,Cholula Informa,122,4
107388102211536,Percepcion Social,Percepcion Social,121,1
1178645915506144,"IDECC, Los Mochis.","IDECC, Los Mochis.",121,4
881256821943743,Armando Ayala Robles,COMUNICACIÓN DIGITAL,121,5
106133419003024,Lo Mejor de Monterrey,Lo mejor de MTY,120,1
101643645307583,Espacio Político,Espacio Político,120,5
113261374924245,Efecto Regio,Efecto Regio,119,1
100963539644688,La Muralla Informativa,La Muralla Informativa,119,3
101295992671758,Libertarismo México,México Libertario,119,2
2340595106035117,Ismael Brito Mazariegos,Ismael Brito Mazariegos,118,2
198328023568183,Jorge G. Castañeda,Jorge G. Castañeda,118,1
107792367807552,Linze Rodríguez González,Only Pro's DM,118,3
1436546763266753,Dany Solís,Dany Solís,117,1
105429555675502,Regiadísticas,Regiadísticas,116,2
285425575555989,Hugo Dávila,Hugo Dávila,116,1
113567778337734,El Informa Mador,El Informamador,115,2
103852349111297,Infórmate y +,Infórmate y +,115,5
929865914025290,Yo Observador,Yo Observador,115,2
365062723639932,The Humane League Latinoamérica,The Humane League Latinoamérica,114,3
241222765955723,HeyBocón,HeyBocón,114,4
104816965803665,Entre Regios,Entre Regios,114,1
106162005636730,Sopa de Coditos,Sopa de Coditos,113,1
109474928114443,Actívate,Actívate,113,2
111034321812074,Regios en México,Regios en México,113,1
1497756133850327,La Revista Peninsular,La Revista Peninsular,113,3
174409593257923,Yucatán en la Web,Yucatán en la Web,113,1
100379829591503,Futurhoy,Futurhoy,112,1
513566888669128,David Saul Guakil,David Saul Guakil,112,1
626100404186854,Tiempo de Michoacan,Tiempo de Michoacan,112,1
318695938319703,Alfonso Ramírez Cuéllar,Alfonso Ramírez Cuéllar,112,1
100479299537613,Regios al Cuadrado,Regios al Cuadrado,112,1
246114539297511,Marisol Becerra,Marisol Becerra,112,1
100965016196133,Capital Regia,Capital Regia,112,1
100343222861450,La Razón NL,La Razón NL,111,1
107132259115678,Xochilove.rs Juárez,Owl Multimedia,111,3
385539594928514,Jak Valle,Jak Valle,110,1
487497511404764,Dysco EPU,These ads ran without a disclaimer,110,1
106008871960971,H. Ayuntamiento Cuautla Morelos 2022-2024,H. Ayuntamiento Cuautla Morelos 2022-2024,109,1
381253882210486,Miguel B Treviño De Hoyos,Miguel B Treviño De Hoyos,109,3
105210229174030,Carlos Ballesteros,Carlos Ballesteros,109,2
1669722269964235,Senadora Alejandra del Carmen León Gastélum,Alejandra León,109,1
111812808446141,,Efraín Hernández,109,2
490426904446625,Lalo Gattás,Lalo Gattás,108,1
675581639228532,Germán Cervantes Vega,Germán Cervantes Vega,108,3
886749764841114,TECNM campus Guanajuato,AdsProject Media,108,2
101798928719130,Noé Castillo Olvera,José Arturo Zamorano Morales,107,4
108092945550211,Top Campeche,Top Campeche,107,1
177515892891362,José Iván  Herrera Villagómez,José Iván  Herrera Villagómez,107,3
1730758870296537,Líder Quintana Roo,Líder Quintana Roo,107,4
102834515632034,Marité Boehm,Marité Boehm,106,1
2045812675540774,Erick Maffassanti,Erick Maffassanti,106,1
1024697394224040,David De La Peña,David De La Peña,106,1
382898808922171,PRD Morelos,PRD Morelos,105,1
149132555116580,Campeche.com.mx,campeche.com.mx,104,2
175026656378469,Sergio Lucero,These ads ran without a disclaimer,104,1
107469761645370,Karim Goudiaby Neximo,These ads ran without a disclaimer,104,1
107543608455014,IDECC Culiacán,IDECC Culiacán,104,4
112418093457017,Tendencia MX,Tendencia MX,104,3
108488044684050,Isabel Posadas,Isabel Posadas,104,1
2092766797405490,Luis Torre Aliyán,Luis Torre Aliyán,104,1
105950984827623,Alianza Patriótica Nacional Baja California,COMINICACIÓN DIGITAL,103,1
106006482764390,Gobierno del Estado de Sinaloa,Gobierno del Estado de Sinaloa,103,4
109440850764097,"PejeLand, “El mundo del kk’s”",Pejeland,103,1
107213894717040,Volumen.com.mx,Volumen Entretenimiento S. A. de C. V.,102,2
779755298706214,Rocío González,Rocío González,102,1
104311122146249,Instituto Municipal de la Juventud de Oaxaca de Juárez,Municipio de Oaxaca de Juárez,102,2
102625652019926,INEVE Instituto Evolución Educativa,These ads ran without a disclaimer,102,1
109583494796084,Veeleaf,These ads ran without a disclaimer,102,1
182721999294956,Postea Mx,PMX,102,1
102215622696643,Visión Informativa del Norte,Visión Informativa del Norte,102,2
115423040376201,Alejandro Cussi,Alejandro Cussi,102,1
106951785589824,Tu Alcalde Regio,Tu Alcalde Regio,101,1
117289934657835,La Noticia de Hoy,La Noticia de Hoy,101,2
102220236184233,La Redacción del Campechano,La Redacción del Campechano,101,1
100990812585535,Servicios Médicos Veterinarios Durango,Servicios Médicos Veterinarios Durango,101,1
282594655502516,El Informador de Oaxaca,El Informador de Oaxaca,101,1
104885305921535,Puebla Al Día Oficial,Puebla al Día Oficial,101,1
101356262092275,Mario Llergo,Mario Llergo,≤100,1
115896348052800,Preparatoria virtual SEP desde casa,UNIDEV Universidad SC,≤100,2
101632762794855,Ciudadanos Seguros,Ciudadanos Seguros,≤100,2
267741596625123,Ingrid Schemelensky,Ingrid Schemelensky,≤100,1
401929583535196,Quadratín Yucatán,Quadratín Yucatán,≤100,1
102219139246608,MarceLovers,Mundo Millenial,≤100,2
366089314095889,PT Baja California,Partido del Trabajo Baja California,≤100,1
432923167438353,Jorge Hernández Aguilera,Jorge Hernández Aguilera,≤100,3
101121142827861,Periodistas Anónimos,Periodistas Anónimos,≤100,5
814262205633579,Poder ciudadano MX,Poder ciudadano MX,≤100,2
103459741890046,Hades Aguilar,Hades Aguilar,≤100,2
126413310795698,Azteca Sonora,Azteca Sonora,≤100,2
731169227024204,Blanca Piña,Senadora Blanca Estela Piña Gudiño,≤100,1
102089447822189,Juventudes Morena CDMX,Juventudes Morena CDMX,≤100,1
361240494286653,Massive Contact,Massive Contact,≤100,1
681291175575804,Visible,Lievant Studio,≤100,4
1683612331919443,Gobierno de Jocotepec,Gobierno de Jocotepec,≤100,1
1151988944878195,Veterinaria Durango,Veterinaria Durango,≤100,1
102960228497630,CEES Plantel Jojutla,These ads ran without a disclaimer,≤100,1
113500061787353,Créditos Vía Nómina,Créditos Vía Nómina,≤100,1
561165674038436,Pedro Hernández Macdonald,Pedro Hernández Macdonald,≤100,4
139181753309784,Justicia Transparente Abogados Penalistas,Justicia Transparente Abogados Penalistas,≤100,4
1899803496995308,Morena La Libertad.,Morena La Libertad.,≤100,2
112293351579108,Mario Jonathan Mendoza Arriaga,Mario Jonathan Mendoza Arriaga,≤100,2
101179015404551,Andrea Gordillo,Andrea Gordillo,≤100,2
173227873302957,Prensa del Norte,Prensa del Norte,≤100,2
102862436222749,Xochitlovers Querétaro,Xochilovers Querétaro AC,≤100,1
1985095215139869,Alejandro Carvajal,Alejandro Carvajal,≤100,2
1096312820453901,5 de Mayo Diario,5 de Mayo Diario,≤100,3
459633917507063,El Periodista MX,El Periodista MX,≤100,4
1103003006390638,Arturo Franco,Arturo Franco,≤100,12
149356031821584,Arena Pública,Arena Pública,≤100,2
101620679196009,aguirremayor1,These ads ran without a disclaimer,≤100,1
123005657776000,Héctor García García,Héctor García García,≤100,2
106950715510480,Luciana Ponce,These ads ran without a disclaimer,≤100,5
640987292668055,Daniel Sibaja,Daniel Sibaja,≤100,1
379501236155049,Benjamín Alfaro,Benjamín Alfaro,≤100,2
101139655205238,Jesús Durán,Jesús Durán,≤100,3
100619665161104,El Pulso de Tamaulipas,El Pulso de Tamaulipas,≤100,1
399659737301108,Kurioseando,Kurioseando,≤100,1
167078136690278,Juan Salgado Brito,These ads ran without a disclaimer,≤100,1
400605063453583,El Pensador,El Pensador,≤100,1
660391554433548,Cristina Ibarra,Cristina Ibarra,≤100,2
482694188600843,Panorama Michoacano,Martha Patricia Escobar García,≤100,2
366089314095889,PT Baja California,PT Baja California,≤100,1
102738898166307,Oswaldo Chiñas Cruz Ixtaltepec,Oswaldo Chiñas Cruz Ixtaltepec,≤100,2
104866149061680,Colectivo Mexicano,Colectivo Mexicano,≤100,2
197558590986305,Sorece. Asociación de psicólogas feministas,Sorece. Asociación de psicólogas feministas A.C.,≤100,2
1470120803203418,Cabecera,Cabecera,≤100,2
101637276299755,Crónica Digital Morelos,Crónica Digital Morelos,≤100,2
1109723182514993,Gobierno Municipal San Martín Texmelucan,Gobierno Municipal San Martín Texmelucan,≤100,2
111379691805222,Secretaría de Mujeres Nacional Morena,Secretaría de Mujeres Nacional Morena,≤100,2
582650362076920,César Ulloa G.,César Ulloa G.,≤100,1
108364860944816,En mi Opinión,En mi Opinión,≤100,2
1713885898940426,"Asesores Legales Laguna, abogados en San Pedro, Coah.","Asesores Legales Laguna, Sociedad Civil de Abogados.",≤100,1
138350596230547,GIRE - Grupo de Información en Reproducción Elegida,Menu Agency,≤100,5
233462580874475,Gaceta News México,Gaceta News México,≤100,2
449578082077519,Huauchi Noticias,Huauchi Noticias,≤100,2
106030041236639,Yayo Van Wormer,Eduardo Van Wormer Castro,≤100,2
1727371490897774,Yoloczin Domínguez Serna,Yoloczin Domínguez Serna,≤100,2
236327629868256,Raúl Pozos,Raúl Pozos,≤100,1
203911472957381,Luis Pérez de Acha,Luis M. Pérez de Acha,≤100,1
875972845793393,Susana Rodríguez,Susana Rodríguez,≤100,1
114889085297701,Ricardo Anaya Cortés,RICARDO ANAYA CORTES,≤100,1
347789446023845,Mty al día,Mty al día,≤100,1
113232271616467,La Sierra Madre,La Sierra Madre,≤100,2
106828772223688,Tu Colonia Regia,Tu Colonia Regia,≤100,2
100705784852191,El Sureste,El Sureste,≤100,1
102372012653306,Movimiento Progresista Nuevo León,Movimiento Progresista Nuevo León,≤100,4
100867972466360,Responsabilidad Civil Daño Moral,Spin BD,≤100,1
1435916926709920,Alejandro Porras Marin,Alejandro Porras Marin,≤100,3
402196160175517,Francisco Patiño Cardona,Francisco Patiño Cardona,≤100,1
190635461685441,Karina Alvarado,Karina Alvarado,≤100,2
651415091544662,Cancún Channel,Cancún Channel,≤100,4
109681131991108,La silla,La silla,≤100,2
1237318119755394,POPLabMx,POPLab Laboratorio de Periodismo y Opinión Pública,≤100,1
100933779468147,NL Urbano,NL Urbano,≤100,2
1855645798066590,Oceana México,Oceana México,≤100,1
104900165108316,Los Alzados de Morelos,Los Alzados de Morelos,≤100,2
2193510434238947,La esperanza de México,La esperanza de México,≤100,1
1390335777932094,Puebla BLA,Puebla BLA,≤100,2
891885224216379,PT Sonora,Partido Del Trabajo Sonora,≤100,1
110176035319790,Si Por México - Ciudad Juárez,Si Por México - Ciudad Juárez,≤100,1
107703141751537,Jonatan Sánchez Peregrina,These ads ran without a disclaimer,≤100,2
534690453306306,DIF Guadalajara,DIF Guadalajara,≤100,1
109380465343668,El Agua en NL,El Agua en NL,≤100,1
111807781533688,El Habanero News,El Habanero News,≤100,1
119607261059919,Orifiel Sainz Escritor,Orifiel Sainz Escritor,≤100,1
107702925471783,El Observador del Norte,El Observador del Norte,≤100,2
1600129433636477,Pensando en Puebla,Pensando en Puebla,≤100,2
1304770176337900,El Sol de García,El Sol de México SA de CV,≤100,2
355435361525943,Jesús Elizondo,These ads ran without a disclaimer,≤100,1
2050449605232628,Cuéntame Más,Cuéntame Más,≤100,1
2170836576562672,Territorial,Sistema Territorial,≤100,1
431562774067966,El Binacional,El Binacional,≤100,4
100110279617162,No al Feminicidio,No al Feminicidio,≤100,1
1708378782713605,Pulmón Urbano A.C.,Pulmón Urbano A.C.,≤100,1
108123761926071,Oli Guzmán,Oli Guzmán,≤100,3
103194864929854,Emysor,Emysor,≤100,1
104654145285377,José Miguel de la Cruz Lima,José Miguel de la Cruz Lima,≤100,2
101301676096544,Salud Regia,Salud Regia,≤100,2
415207145555985,Empresarios,Empresarios,≤100,1
212849769183134,Eréndira Castellanos,Eréndira Castellanos,≤100,2
266763400088630,Arturo Yañez Cuellar,Arturo Yañez Cuellar,≤100,2
110964721419254,Observatorio Legislativo,Observatorio Legislativo,≤100,4
107488000965325,MX,MX NOTICIAS,≤100,1
101223799288234,Tonatiuh Zárate,Tonatiuh Zárate,≤100,1
105071185090292,Vecinos coacalco,Brocca,≤100,1
613289609153409,Impulso Social México A.C. / CNPA,Impulso Social México A.C. / CNPA,≤100,3
857608504308460,Toño Gutiérrez Jardón,Toño Gutiérrez Jardón,≤100,2
105020931678,TODOPUEBLA.com,TODOPUEBLA.COM,≤100,1
590492288110770,De machos a HOMBRES,IDMAH INSTITUTO PARA EL DESARROLLO DE MASCULINIDADES ANTI HEGEMONICAS,≤100,2
122154061801959,Colectivo Mujeres Cabeza de Familia,Colectivo Mujeres Cabeza de Familia,≤100,2
100572689369350,Qro Noticias,QRONOTICIAS,≤100,1
103426025921462,La Sultana Informa,La Sultana Informa,≤100,2
109360475435962,Movimiento Regeneración Digital,Movimiento Regeneración Digital,≤100,1
114818941111142,Cuautla Canal 2,Cuautla Canal 2,≤100,1
107411685612322,MA  & Asociados,MA Asociados,≤100,2
110701633792965,Acapulco Trends,Acapulco Trends,≤100,1
863769470341725,Flugo,These ads ran without a disclaimer,≤100,1
108266887436698,Un Angel para Chiapas,Mk Digital,≤100,3
315695929085407,"Sergio ""Checo"" Pérez Flores","Sergio ""Checo"" Pérez Flores",≤100,4
164602116035,Cuautla Hoy,Cuautla Hoy,≤100,9
112296330592154,Noticias del Golfo,Así Tamaulipas,≤100,1
100982705132785,Centro Federal de Conciliación y Registro Laboral,Partners of the Americas,≤100,1
104327449392386,Red de Jóvenes Ocupa,Inteligencia Política,≤100,1
102842855217815,Stanford Social Innovation Review en Español,Stanford Social Innovation Review en Español,≤100,1
785662604828663,México Empresarial,México Empresarial,≤100,1
103489894866766,Percepción MX,Informativa Media,≤100,1
100200591464162,Redes Ciudadanas,Redes Ciudadanas,≤100,3
113894447125228,Pancho Aceves,Pancho Aceves,≤100,3
117299594600726,La Última Hora.,La Última Hora.,≤100,1
101084949601318,Es Claudia Chihuahua,Es Claudia Chihuahua,≤100,4
105173229158985,Entérate México.,Entérate México.,≤100,1
1653540381625368,Cambio de Tamaulipas,Cambio de Tamaulipas,≤100,1
101662846090152,Chiapas tiene Angel,Mk Digital,≤100,2
369716686400100,Deprimera Noticias,Deprimera Noticias,≤100,2
112154506882378,La Contraparte,La Contraparte,≤100,2
1929823060410879,Mario Luis Ramos Rocha,Mario Luis Ramos Rocha,≤100,1
148709191834718,Alcaldes de México,Alcaldes de México,≤100,3
129545527725771,Homero Martinez Cabrera,Homero Martinez Cabrera,≤100,1
842097955838594,Ruth Olvera Nieto,Ruth Olvera Nieto,≤100,1
104966359233203,Mundo Informativo,Mundo Informativo,≤100,1
108839088700259,Rápido Crédito,These ads ran without a disclaimer,≤100,1
109718987583190,Brighite Granados,Brighite Granados,≤100,3
96637444189,Embajada Estados Unidos en México,Embajada de Estados Unidos en México,≤100,1
105587885876259,Claralovers,Claralovers,≤100,2
104641974451320,Ideagora,Ideagora,≤100,1
326696937457961,El Periódico de Saltillo,El Periódico de Saltillo,≤100,2
142498166535476,Azalea Huitrón Ramírez,Azalea Huitrón Ramírez,≤100,1
110470775150520,Luis Quiroga,Luis Quiroga,≤100,2
101555818455943,"Rafael ""Rafa"" Ramírez","Rafael ""Rafa"" Ramírez",≤100,2
841441875939734,Indagar Estudios de Mercado,Indagar Estudios de Mercado,≤100,1
106003718260702,MR. Barberia Instituto,These ads ran without a disclaimer,≤100,1
430130797730805,Sin Línea Mx,Sin Línea MX,≤100,1
1002570673096480,Jurídico Valle De México,Jurídico Valle De México,≤100,3
108023164423382,Informando 4Tampico,Informando 4Tampico,≤100,1
104147292441684,Criticadn.mx,Criticadn.mx,≤100,3
268185906992829,Acatzingo al Despertar,Acatzingo al Despertar,≤100,1
1678373499079247,Universidad Mexicana de Educación y Trabajo UMET-CEyT,Universidad Mexicana de Educación y Trabajo UMET-CEyT,≤100,1
111219291723377,Ayuntamiento de Gómez Palacio,Ayuntamiento de Gómez Palacio,≤100,1
113157781192753,Nacho Vizcaíno Ramírez,Nacho Vizcaíno,≤100,1
1264317070310329,Portavoz de Tabasco,Portavoz de Tabasco,≤100,1
102621672038749,Morelos Noticias,Morelos Noticias,≤100,2
376946485751065,Adriana Hernández,Adriana Hernández,≤100,1
113421124123363,Informando 4Tamaulipas,Informando 4Tamaulipas,≤100,2
104999965465912,Extramuros,Organización Editorial Extramuros San Luis Potosí,≤100,3
376343715393,GentedeLinares,These ads ran without a disclaimer,≤100,1
108217888382651,Junta De Acción Comunal Barrio El Manantial,These ads ran without a disclaimer,≤100,1
431588506963148,Ana Francis Mor,Ana Francis Mor,≤100,1
317044798793227,Tribunal Estatal Electoral de Guanajuato,Tribunal Estatal Electoral de Guanajuato,≤100,1
101566016143174,Al momento San Fernando,Al momento San Fernando,≤100,1
139065131652312,Natalia Rivera Grijalva,Natalia Rivera Grijalva,≤100,1
100817295667787,Sergio Tamai Regidor,Sergio Tamai Regidor,≤100,1
103444729271774,Asesoría Jurídica Migratoria,These ads ran without a disclaimer,≤100,1
114619240665863,Canal 42,Canal 42,≤100,3
100719492615697,Centro de Conciliación Laboral del Estado de Chihuahua,Partners of the Americas,≤100,1
693227664044746,Escuela De Enfermeria Dorothea E. Orem,These ads ran without a disclaimer,≤100,1
1695296443897447,Monitor Informativo,MONITOR INFORMA,≤100,2
104132698921073,Brujas Mx,¿Qué pasa en Jalisco?,≤100,1
112732867536332,Jesus Juan Rogel Sotelo,Jesus Juan Rogel Sotelo,≤100,1
451328978681177,Saúl Ramírez,Saúl Ramírez,≤100,1
1424057367811413,Ipas México,Ipas México,≤100,2
1844325065852203,Fondo Plata Zacatecas,Fondo Plata Zacatecas,≤100,1
108259318940861,TD_Ln2_Cuidado Cariñoso,These ads ran without a disclaimer,≤100,1
590961247981094,Quién es Quien En Chiapas,RyR Mk Digital,≤100,4
468919593173097,Comude Guadalajara,Gobierno de Guadalajara,≤100,1
338174139686776,Mauricio Kuri,Mauricio Kuri,≤100,4
1282358565145478,Clave Éxito,These ads ran without a disclaimer,≤100,1
2260070977608699,Revista Maat,Revista Maat,≤100,1
543905039006932,David Gama,David Gama,≤100,1
100982001734218,TVS Noticia,TVS Noticia,≤100,2
100148153013993,Suma QR Con Claudia,Suma QR Con Claudia,≤100,3
1854036494830288,Qué Mérida se entere,Qué Mérida se entere,≤100,1
106902489068662,Acción Morenista,AM 2023,≤100,11
616061725124082,Mario Vázquez,Mario Vázquez,≤100,2
1612981602288350,Quinta Fuerza,Quinta Fuerza,≤100,1
105653531918749,Ayuntamiento de Salvador Alvarado 2021-2024,Ayuntamiento de Salvador Alvarado,≤100,2
306881586007009,Los Ángeles Press,Los Ángeles Press,≤100,1
107202739003135,Acción Comunitaria Nacajuca,Acción Comunitaria Nacajuca,≤100,1
103094499409764,El MUNDO HOY,El Mundo Hoy,≤100,1
104364561773822,Oscar Avitia,Oscar Avitia,≤100,1
121434724708770,Turismo León,Turismo León,≤100,2
103015202864178,La Fuente Quintana Roo,La Fuente QR,≤100,2
120487480986361,La voz Joven,La Voz Joven de Yucatán,≤100,1
108854634988888,Ayuntamiento de Agua Dulce 2022-2025,José Arturo Zamorano Morales,≤100,2
109736050805126,El Minutero,El minutero,≤100,1
114955908124845,La reforma news,La reforma news,≤100,1
1427597030818292,Daniel Montiel Abogado de Litigio,Daniel Montiel Abogado de Litigio,≤100,1
395815604512738,Gobierno de San Nicolás de los Ranchos,"H. Ayuntamiento de San Nicolás de los Ranchos, Puebla.",≤100,1
103056022692771,La Ciudad es Clara,La Ciudad es Clara,≤100,2
107169374317497,Ernesto de la portilla,Ernesto de la portilla,≤100,1
105295068026990,Docentes Digitales,Delia Aurora Bernal Orta,≤100,1
1732704043648269,Arturo León,Arturo León,≤100,1
102468786277504,Así Tamaulipas,Así Tamaulipas,≤100,1
116126071482030,V+ Noticias,V+ Noticias,≤100,1
131965550157599,México Evalúa,México Evalúa,≤100,4
454286751428813,Rafael Navarrete Quezada,Rafael Navarrete Quezada,≤100,3
182497359177082,Encuadre Noticias,Encuadre Noticias,≤100,1
112585171778105,Noticias Espectaculares,Noticias Espectaculares,≤100,1
102443011904753,Pantallas pensantes,Pantallas pensantes,≤100,1
467424996724115,Gerardo Estrada,Gerardo Estrada,≤100,1
498428966918503,Clara Brugada,Clara Brugada,≤100,1
262742557114939,Periódico El Decidor,Periódico El Decidor,≤100,2
490111618090895,Motorama Ticul,These ads ran without a disclaimer,≤100,1
233652128065243,Goberna México,Goberna,≤100,3
101534482461321,VAMOS,Vamos Sonora,≤100,1
110030825259454,Somos Jesús María,Somos Jesús María,≤100,1
100389368830182,Carlos García Villaseñor,Carlos García Villaseñor,≤100,2
106911241717147,El Periódico de Querétaro,El Periódico,≤100,1
131160046983979,Radiografía Informativa,Radiografía Informativa,≤100,1
87931782917,Octavio Rodríguez,Octavio Rodríguez,≤100,1
1713497495597064,Pedro Enrique Pérez Díaz,Pedro Enrique Pérez Díaz,≤100,1
279128372120983,PACHUCA INFORMA,PACHUCA INFORMA,≤100,4
100936225386355,La Política Digital,La Política Digital,≤100,3
2384044868499202,EnTlalpan - Periodiventas,EnTlalpan - Periodiventas,≤100,1
714752605293592,Daniel Camargo,Cuesiton de Polémica,≤100,2
1753289634935846,Eventos  México,Eventos  México,≤100,1
1624591081124413,Cuestión de Polémica,Cuestión de Polémica,≤100,2
2021113334590525,Alfredo Quiroz,Alfredo Quiroz,≤100,2
459981687466000,TjNoticias.info,Rudolph y De Regil,≤100,2
108439952221419,Primicia del Sur,Primicia del Sur,≤100,1
147394135966247,Anonymus Ocotlán,Anonymus Mx,≤100,2
216561382207540,Periódico La Encuesta,Periódico La Encuesta,≤100,1
108346657558085,Edmundo Cotero,Edmundo Cotero,≤100,1
101473706280442,SucesosPuebla,SucesosPuebla,≤100,1
707874865918912,ADN Alternativa Democrática Nacional,ADN Alternativa Democrática Nacional,≤100,1
831588320565611,Gobierno de Ciudad Madero 2021 - 2024,Gobierno Ciudad Madero 2021 - 2024,≤100,1
102488789157664,Mtro. Abraham Izoteco Valle,Mtro. Abraham Izoteco Valle,≤100,3
373696682782345,Mario Zepeda,Mario Zepeda,≤100,1
1620058684930876,Horus Garcia,Horus Garcia,≤100,3
192693601460059,Rocio Sarmiento,Rocio Sarmiento,≤100,2
1859577037700640,Juan Antonio González,Juan Antonio González,≤100,7
113867810742159,Sky Media,Sky Media,≤100,3
115027021469288,Revista Transformación,Revista Transformación,≤100,2
113192497472494,Edmy Paz,Edmy Paz,≤100,1
303653106669660,El Informe Diario,El Informe Diario Noticias,≤100,1
101235928847565,Avidel Villarreal,Avidel Villarreal,≤100,1
105752511320932,Hugo Servín,Hugo Servín,≤100,2
1175666559224858,Morelos TV,Morelos TV,≤100,1
562143807159919,Cristabell Zamora Cabrera,Cristabell Zamora Cabrera,≤100,1
1504296876544716,Diario del Oriente de Morelos,Diario del Oriente de Morelos,≤100,2
107516875693784,Por la derecha,Por la derecha,≤100,2
1513440132267556,Jose Luis Lima Morales,Jose Luis Lima Morales,≤100,1
1776223812696913,Daniel Altamirano,Daniel Altamirano,≤100,6
111529875016071,Guillermo Morales,Guillermo Morales,≤100,1
110280934495656,Código Nuevo León,Código Nuevo León,≤100,1
1480642705587590,TMC Noticias,TMC Noticias,≤100,1
101212808784634,República 21,República 21,≤100,2
111747610668938,Nota Online.,Nota Online.,≤100,2
223385014851320,Oaxaca con Xóchitl,Oaxaca con Xóchitl,≤100,1
915126385185274,Muro Político,Muro Político,≤100,2
117725681285297,El Comunicador Maya,El Comunicador Maya,≤100,1
473280473089704,Aurelia Leal López,Aurelia Leal López,≤100,1
109226351931340,Jimena Gonzalez,These ads ran without a disclaimer,≤100,2
100715441561867,Abraham Ponce,Abraham Ponce,≤100,1
196493763808241,CEEY,CENTRO DE ESTUDIOS ESPINOSA YGLESIAS,≤100,3
100683912191785,Carlos Buendía,Carlos Buendia,≤100,1
171435049569865,Victor Hugo Romo de Vivar,Victor Hugo Romo de Vivar,≤100,2
115963924741084,Nortevision.mx,Nortevision.mx,≤100,1
112192653650111,Jorge Ocampo,Jorge Ocampo,≤100,1
229711387059585,Hola Aguascalientes,holaags,≤100,1
109995028720344,Jael Argüelles,Jael Argüelles,≤100,1
1641373199408499,Lety Rubio Montes,Redboxmex,≤100,1
100284049183600,Campeche Central,Campeche Central,≤100,1
954764027880365,PAN Durango,PAN Durango,≤100,1
129605344564248,Adriana Candelario,Adriana Candelario,≤100,2
1749557428403177,Tlaquepaque San Pedro,Tlaquepaque San Pedro,≤100,2
101229719632632,Naucalpan 360º,Naucalpan 360,≤100,1
110598385412925,Roberto Ramos Vázquez,Roberto Ramos Vázquez,≤100,1
1099519360150773,Rubén Acosta Bustillos,Nortenido,≤100,1
492853084519289,Héctor Narváez MX,Héctor Narváez MX,≤100,2
425150540902601,Maya Sin Fronteras,Maya Sin Fronteras,≤100,2
157444728824,Realia Instituto Universitario para la Cultura y las Artes,These ads ran without a disclaimer,≤100,1
1087794331355975,Raúl Cantú,Raúl Cantú,≤100,1
1849711835301602,Secretaría de Desarrollo Agropecuario del Estado de Querétaro,Secretaría de Desarrollo Agropecuario del Estado de Querétaro,≤100,1
102662994838169,Indeleble,El México Indeleble,≤100,1
106026761984289,César Sánchez Coria,Nodo Lab,≤100,1
102106931355195,R a t i p o s t i n g,R a t i p o s t i n g,≤100,4
378783752182669,Casa de Apoyo a la Mujer,Hot Marketing,≤100,1
116488984776235,Josmar Gabriel Canché,Josmar Gabriel Canché,≤100,2
109130204053554,Alas para el Cambio,Alas para el Cambio,≤100,1
710439142491735,Aldo Ruiz,Tintorama Digital,≤100,2
142237832852101,Manuel Rude García,Manuel Rude García,≤100,1
468615836612600,Víctor Martínez Toledo,Víctor Martínez Toledo,≤100,1
103217369457459,Amigos de Rabin - Zacualpan de Amilpas,Amigos de Rabin - Zacualpan de Amilpas,≤100,3
105054429117082,Manuel Alonso García,Manuel Alonso García,≤100,2
642184602596077,Alejandro Villegas Pérez,Alejandro Villegas Pérez,≤100,1
104692184840092,Universidad De los Ángeles Puebla UDEAP,These ads ran without a disclaimer,≤100,1
100261926280943,Camino al 2024,Camino al 2024,≤100,1
988241301372063,Academia Ollin Spa,These ads ran without a disclaimer,≤100,1
100792956368878,Amigos de Rabin - Totolapan,Amigos de Rabin - Totolapan,≤100,2
113224571601559,Lectura obligada,These ads ran without a disclaimer,≤100,2
341318522713097,Periódico 5inco,5inco,≤100,1
122229547538926,Amigos de Rabin - Xoxocotla,Amigos de Rabin - Xoxocotla,≤100,2
101477474723596,TumbaPato,TumbaPato®,≤100,2
109353154135430,E.N. Publishing,These ads ran without a disclaimer,≤100,1
100784341558410,Vecino Radio & Tv,Vecino Radio & Tv,≤100,1
165222107418758,Con Aroma de Café,Con Aroma de Café,≤100,2
1745279865495447,Tiempo de Canallas,Tiempo de Canallas,≤100,1
100446062857669,Cassandra Cámara,Marketing Innovacion,≤100,1
121856860905371,Amigos de Rabin - Jantetelco,Amigos de Rabin - Jantetelco,≤100,2
100194189762784,Amigos de Rabin - Xochitepec,Amigos de Rabin - Xochitepec,≤100,2
108060048966202,Amigos de Rabin - Tepoztlán,Amigos de Rabin - Tepoztlán,≤100,3
555338201187370,Sumario,Sumario,≤100,2
108276755314662,Portal Ciudadano de la Cámara de Diputados,Portal Ciudadano de la Cámara de Diputados,≤100,2
114860884808578,Grupo Insta CDMX,Grupo Insta CDMX,≤100,1
1713497495597064,Pedro Enrique Pérez Díaz,These ads ran without a disclaimer,≤100,1
215364542672368,Javier Cruz,Javier Cruz,≤100,1
104062966041863,,Es De FIFIS,≤100,2
104942525237606,Central Noticiosa,Central Noticiosa,≤100,1
752108654806970,El Bienestar de Coahuila,El Bienestar de Coahuila,≤100,1
345910873108784,Roberto Carreón,Roberto Carreón,≤100,1
100394742608923,Águila Naranja,Águila Naranja,≤100,4
100928595695178,Mónica Fernández Montúfar,Redes Digitales,≤100,1
106161981948753,Trámite Asesoría Pensiones IMSS E Issste,These ads ran without a disclaimer,≤100,1
265425923884336,Rodrigo Castillo Martínez,Rodrigo Castillo Martínez,≤100,1
103092218766865,Pablito Mcfly,Pablito Mcfly,≤100,2
107375648069891,RE Evolución MX,Vecino Revolucionario,≤100,1
106985225296750,Lavadero Grillero,¿Qué pasa en Jalisco?,≤100,2
108171541843428,El mariachi viajero,¿Qué pasa en Jalisco?,≤100,1
105858368819430,Asesor financiero,These ads ran without a disclaimer,≤100,1
830719066962585,Goyo Mendoza,Goyo Mendoza,≤100,1
101115402040966,Pixel News,¿Qué pasa en Jalisco?,≤100,1
1831931877077110,Partido del Trabajo Nuevo León,Partido Del Trabajo Nuevo León,≤100,1
100936432539906,Daniel Montiel Atizapan,Daniel Montiel Atizapan,≤100,1
124755771554540,Daniel Montiel Azcapotzalco,Daniel Montiel Azcapotzalco,≤100,1
264279304177372,Lactarte por Amor,Lactarte por Amor,≤100,2
264773293005,Marko Cortés,Marko Cortés,≤100,1
1052054228168651,Daniel Montiel Luna,Daniel Montiel Luna,≤100,1
106681321254389,Prensa Chiapas,Prensa Chiapas,≤100,1
105215098025200,Marggid,Marggid,≤100,1
261977575681632,Yuliana Gómez Cortés,Yuliana Gómez Cortés,≤100,1
178625645626125,Movimiento Ciudadano Nuevo León,Movimiento Ciudadano NL,≤100,1
891972650989331,Acapulco Revista,Acapulco Revista,≤100,2
100434475633133,Al Filo de la Verdad,Al Filo de la Verdad,≤100,1
186272252121426,Gaceta Ganadera,Gaceta Ganadera,≤100,2
101904945931759,CDMX Informada,CDMX Informada,≤100,1
101755240183038,Proteccion Civil Gobierno Sinaloa,Proteccion Civil Gobierno Sinaloa,≤100,1
1896354887304052,CPE News,CPE News,≤100,1
114047921751104,Aurora Flores - Candidata a Reina de Fresnillo 2023,These ads ran without a disclaimer,≤100,1
102005732024408,DataNoticias Mexico,DataNoticias Mexico,≤100,1
914814878549990,Viri Valencia,Viri Valencia,≤100,1
108726695338295,Aconpol Querétaro,Aconpol Querétaro,≤100,1
214321431930090,UNICEQ,These ads ran without a disclaimer,≤100,1
670524336484763,Montiel y Toro Abogados de Litigio Atizapan,Montiel y Toro Abogados de Litigio Atizapan,≤100,1
106151448516201,Líder Observador,Líder Observador,≤100,3
112306651869350,Amigos de Rabin - Tetela del Volcán,Amigos de Rabin - Tetela del Volcán,≤100,2
122690990825658,Amigos de Rabin - Tlayacapan,Amigos de Rabin - Tlayacapan,≤100,2
103869489385644,Amigos de Rabin - Emiliano Zapata,Amigos de Rabin - Emiliano Zapata,≤100,2
122906174132777,Amigos de Rabin - Huitzilac,Amigos de Rabin - Huitzilac,≤100,2
104706592640349,Amigos de Rabin - Tetecala,Amigos de Rabin - Tetecala,≤100,2
1065133113513939,Noticias Diario Debate,Noticias Diario Debate,≤100,1
1217562751589319,Mujer Renovada A.C.,These ads ran without a disclaimer,≤100,1
100604569721201,Amigos de Rabin - Ocuituco,Amigos de Rabin - Ocuituco,≤100,2
119644344466209,Amigos de Rabin - Mazatepec,Amigos de Rabin - Mazatepec,≤100,2
121038490988401,Amigos de Rabin - Jiutepec,Amigos de Rabin - Jiutepec,≤100,2
282783475136271,Nosotros Por Tí Asociación,Nosotros Por Tí Asociación,≤100,1
448109389340930,Anca-García,Anca-García,≤100,2
119544344476328,Amigos de Rabin - Miacatlán,Amigos de Rabin - Miacatlán,≤100,2
123788470703805,Amigos de Rabin - Zacatepec,Amigos de Rabin - Zacatepec,≤100,2
114723458303412,Fénix de Jojutla,Fénix de Jojutla,≤100,1
106583025783442,Amigos de Rabin - Jonacatepec de Leandro Valle,Amigos de Rabin - Jonacatepec de Leandro Valle,≤100,2
2255982351103661,José Manuel,José Manuel,≤100,1
119090241173370,Amigos de Rabin - Atlatlahucan,Amigos de Rabin - Atlatlahucan,≤100,2
108538235585113,Amigos de Rabin - Coatetelco,Amigos de Rabin - Coatetelco,≤100,2
101926629593415,Puebla con Nacho Mier,Puebla con Nacho Mier,≤100,1
111269638640497,Amigos de Rabin - Puente de Ixtla,Amigos de Rabin - Puente de Ixtla,≤100,2
102465136196617,Amigos de Rabin - Jojutla,Amigos de Rabin - Jojutla,≤100,2
102189719168795,Marisela Martínez,Marisela Martínez,≤100,1
1801668816610518,Noticias en Línea,Noticias en Línea,≤100,1
123462144069728,Amigos de Rabin - Temixco,Amigos de Rabin - Temixco,≤100,2
104690462484933,Hola MTY,Hola Mty,≤100,1
100544969760797,Morelos Desmemoriado,Morelos Desmemoriado,≤100,1
106995441434905,KARLA CRUZ,SamKai,≤100,1
101684182945671,Amigos de Rabin - Yecapixtla,Amigos de Rabin - Yecapixtla,≤100,2
107308034009698,Partido del Trabajo Querétaro Estatal,Partido Del Trabajo Queretaro,≤100,1
102473289532766,Amigos de Rabin - Hueyapan,Amigos de Rabin - Hueyapan,≤100,2
538839339572377,Noticias Al Día,Noticias Al Día,≤100,1
102163012756227,Ana Eugenia Patiño,Ana Eugenia Patiño,≤100,1
745397308820827,Centro Cultural Europeo de Estudios Universitarios,These ads ran without a disclaimer,≤100,1
1922446368082566,Leticia Ortega Máynez,Leticia Ortega Máynez,≤100,3
671351789719351,Ricardo Medina Farfán,Ricardo Medina Farfán,≤100,1
100907309690822,Amigos de Rabin - Temoac,Amigos de Rabin - Temoac,≤100,3
556204284838704,Realidades “Periodismo con verdad”,Realidades “Periodismo con verdad”,≤100,2
519051388241845,Fundación FEMSA,Fundación FEMSA,≤100,3
214305655412488,Noticias CLARO,Noticias CLARO,≤100,1
726148394171347,Macarena Chávez,Macarena Chávez,≤100,1
104226415559995,Proyecto Libres,Proyecto Libres,≤100,1
243093802904996,Aída Féres de Nader,Aída Féres,≤100,2
102640044973992,Lalo Olguín,Lalo Olguín,≤100,1
116678371399741,Mónica Chávez Durán,Mónica Chávez Durán,≤100,1
1394199960834828,Miguel Monraz,Miguel Monraz,≤100,1
100499086398540,Amigos de Rabin - Tepalcingo,Amigos de Rabin - Tepalcingo,≤100,2
104284278416526,ANTI 4T Naucalpan,Anti 4T Naucalpan,≤100,1
100237916232642,CETEC Chetumal Universidad,These ads ran without a disclaimer,≤100,1
103810581443861,Ratio,Ratio,≤100,1
111969565605071,Ríodoce,Ríodoce,≤100,1
105737825661819,Universidad del Valle de Santo Domingo,These ads ran without a disclaimer,≤100,1
110005827023415,Mike Orea,Mike Orea,≤100,2
114093732475631,Nosotros,Nosotros,≤100,1
100469635592581,Necesitas Una Lana?,These ads ran without a disclaimer,≤100,1
288646668294929,Todos Somos Morena,Todos Somos Morena,≤100,2
103712591931960,Bilität - Fisioterapia Integral,Bilität - Fisioterapia Integral,≤100,3
372976776109443,Quintana Roo Ahora - Noticias de Quintana Roo,Quintana Roo Ahora - Noticias de Quintana Roo,≤100,1
910268985780024,Municipios Durango,Municipios Durango,≤100,1
101480295171643,Miguel Pérez Pompa,Miguel Pérez Pompa,≤100,1
106243459192984,Juventudes Morena Valle de Bravo,These ads ran without a disclaimer,≤100,1
122739050816193,Amigos de Rabin - Cuautla,Amigos de Rabin - Cuautla,≤100,2
100255163156070,De cine con Ale,These ads ran without a disclaimer,≤100,1
417755508577250,Canacintra Xalapa,Canacintra Xalapa,≤100,1
348895839272298,Brandon Steve Jimenez,Brandon Steve Jimenez,≤100,1
110559103783903,Luis Castillo,Luis Castillo,≤100,1
115198674908506,Ola de noticias,Ola de noticias,≤100,5
107105688894353,Lic. Ernesto Ortiz,Lic. Ernesto Ortiz,≤100,1
1423911514568185,Jano Segovia,Alejandro Segovia Hernández,≤100,1
101267859361758,Amir Sierra Carrillo,Amir Sierra Carrillo,≤100,1
112519125179398,Amigos de Rabin - Axochiapan,Amigos de Rabin - Axochiapan,≤100,1
100387933071949,Perspectiva informada,Perspectiva informada,≤100,5
155795217859887,Aldo Vega,Video Político,≤100,1
113430831754642,Amigos de Rabin - Amacuzac,Amigos de Rabin - Amacuzac,≤100,1
105564065877446,Diario del Informador,Diario del Informador,≤100,5
703286489702146,Partido del Trabajo Tabasco,Partido Del Trabajo Tabasco,≤100,1
113842657021916,Liliana Olea,Liliana Olea,≤100,1
111550438604208,La Buena Nota,La Buena Nota,≤100,5
106791669087878,Amigos de Rabin - Cuernavaca,Approach,≤100,1
44544358070,Zimbioziz,Zimbioziz,≤100,1
102492928333364,Revista Forja,Revista Forja,≤100,1
111290081772772,Frontera de México,Frontera de México,≤100,5
109722778707952,Tlacolula Tlacolula #conmarcelosi,Tlacolula Tlacolula #conmarcelosi,≤100,1
108531912274164,Ultima Fuente,Ultima Fuente,≤100,1
987088337969201,REVISTA APOLOMX,Revista Apolo,≤100,1
100552466390122,Amigos de Rabin - Ayala,Amigos de Rabin - Ayala,≤100,1
117778684670821,Sitio Informativo,Sitio Informativo,≤100,5
104736105376331,Casillas Negras,Casillas Negras,≤100,1
117997461292724,Eco Noticias,Eco Noticias,≤100,5
111483251487428,Observador Juvenil,Observador Ciudadano,≤100,1
110625008181339,Libo Lovers,Libo Lovers,≤100,1
120115757746350,La Primicia,La Primicia,≤100,5
117843957889399,Morelos Progresa Emiliano Zapata,Morelos Progresa Emiliano Zapata,≤100,1
870261323044723,Adolfo R. Silva,ARS,≤100,1
293707754465943,Toño Mejía,Redboxmex,≤100,1
293609415777501,María Eugenia Castro,María Eugenia Castro,≤100,1
103755478269959,Diario Cubilete,Diario Cubilete,≤100,1
339661106661687,Espacio TI,These ads ran without a disclaimer,≤100,1
182224979243764,Benjamín Carrera,Benjamín Carrera,≤100,1
110361362084439,Expresión Digital,Expresión Digital,≤100,5
440564226315994,Citlali Jaramillo,Citlali Jaramillo,≤100,2
109635785305130,Jaime Aurioles,Jaime Aurioles,≤100,1
784853361549970,Javier Caballero Gaona,Javier Caballero Gaona,≤100,1
1405292199764216,Eugenio Govea,Eugenio Govea Arcos,≤100,2
687577854666386,Con Acento,Con Acento,≤100,1
1826748380880413,ProMorena,ProMorena,≤100,1
101750741426651,Centro de Especialidades Hidalguense,These ads ran without a disclaimer,≤100,1
389759891045187,Soy Naucalpan,SOY NAUCALPAN,≤100,1
105742159026755,GDL Noticias,GDL Noticias,≤100,1
106348013297814,Carlos Ulloa,Carlos Ulloa,≤100,2
118211656255427,Margarita Rionda,Margarita Rionda,≤100,1
115731323312661,Revista Almanaque Puebla,These ads ran without a disclaimer,≤100,1
112570067996436,Brandon Pérez,Brandon Pérez,≤100,3
105038951726217,Enrique Vega,All Comunicación,≤100,1
414612298626475,Instituto Ibarbourou,These ads ran without a disclaimer,≤100,1
1587273468223028,Misaj Becerra,Misaj Becerra,≤100,1
373662519336067,Ruben Guajardo Barrera,Rubén Guajardo Barrera,≤100,1
177144886376990,Martín Larios García,Martín Larios García,≤100,1
100307248541401,Eduardo Reyes Beltrán,Eduardo Reyes Beltrán,≤100,1
105382292158330,Obed Domínguez,Obed Domínguez,≤100,1
220612165082734,Save Democracy,Save Democracy LLC,≤100,1
122384618478903,Paz Ochoa Amador,Paz Ochoa Amador,≤100,4
103736139244309,Coach Mercedez Lerne,These ads ran without a disclaimer,≤100,1
131859463675038,Guajolote Estrangulado,José Luis Morales Ibarra,≤100,1
103144065077709,"Cajeme Cómo Vamos, A.C.","Cajeme Cómo Vamos, A.C.",≤100,4
1711511802449149,Txoro Matutino,El Txoro Matutino,≤100,1
153110135176926,La Ganzúa,La Ganzúa,≤100,1
395865393871916,"Entidad, Noticias de Oaxaca","Entidad, Noticias Oaxaca",≤100,1
1412887172371211,Agencia de Viajes y Excursiones Cruise Querétaro,These ads ran without a disclaimer,≤100,1
101259548948419,BenditaRed,BenditaRed,≤100,1
315326555316183,Aurora Villeda Temoltzin,Aurora Villeda Temoltzin,≤100,1
105522287696898,PRONABE,These ads ran without a disclaimer,≤100,1
1064283593641894,Pueblando Ando,Pueblando Ando,≤100,1
348207231865399,Edgar Salvatierra,Edgar Salvatierra,≤100,1
2201114113482833,Víctor Lucio,Víctor Lucio,≤100,1
111064117402602,Redes ciudadanas,Redes Ciudadanas,≤100,1
1661676774101223,Claudia Agatón,Claudia Agatón,≤100,1
1933898723387668,Noticias Yucatán,Noticias Yucatán,≤100,1
103668889405872,Amigos de Rabin - Coatlán del Río,Amigos de Rabin - Coatlán del Río,≤100,1
265694080118144,MochilerosTV,These ads ran without a disclaimer,≤100,1
115724271579083,alex_fregosor,These ads ran without a disclaimer,≤100,1
101845638901868,Somos Pueblo,Somos Pueblo,≤100,1
1601694430123593,Este es Mi-choacán,Este es Mi-choacán,≤100,1
1579308452283108,Kuali Noticias de Guanajuato,Kuali Noticias de Guanajuato,≤100,1
101374685088787,El Tres Culturas,El Tres Culturas,≤100,1
100751561819522,Diario Imparcial,Diario Imparcial,≤100,1
114682741645034,Anonymus Jocotepec,Anonymus Mx,≤100,2
104072284816550,Isamar Ramírez,Isamar Ramírez,≤100,1
232116984302702,Yucatán Político,Yucatán Político,≤100,1
160989851315826,Mario Camarena,Mario C.,≤100,1
101210135113722,Amanda Rocha Morelos,Amanda Rocha Morelos,≤100,1
102843165746526,Es la Hora de Tabasco,Es la Hora de Tabasco,≤100,3
113207271390710,Librería Nómada Tecate,These ads ran without a disclaimer,≤100,1
105472668219979,Servi Express - Mercado de Insumos,These ads ran without a disclaimer,≤100,1
2321331638145287,Christian Quintana,Christian Quintana,≤100,2
988606484551761,Campestre Media,Campestre Media,≤100,1
255209398581175,Luis Gómez,Luis Gómez,≤100,1
463488603728926,Agenda Setting,Agenda Setting Diario,≤100,1
1974503372613427,Página: Claudia Castello,Página: Claudia Castello,≤100,1
110608528641560,Periódico Córrela,Periódico Córrela,≤100,1
106840724777707,Fundación Pérez Camargo A.C.,Fundación Pérez Camargo A.C.,≤100,1
111994854485962,Consejo Nacional de Pueblos en Lucha - CNPL,Consejo Nacional de Pueblos en Lucha - CNPL,≤100,1
800259993484888,Efekto Informativo,Efekto Informativo,≤100,1
108128587198584,Reciclaje Electrónico Avanzado,"Reciclaje Electrónico Avanzado, S.A. de C.V.",≤100,1
101926695186478,Iván Gatica,Iván Gatica,≤100,1
111158560502189,INSTA Ecatepec,Grupo Insta Las Américas,≤100,1
102841478808221,Juan Andrés Rodriguez,Juan Andrés Rodriguez,≤100,1
236858516331750,RADIOFUSION TV,RADIOFUSION TV,≤100,1
104634357732307,Expo House Plus,These ads ran without a disclaimer,≤100,2
217786198759397,24 México,24 CDMX,≤100,1
100118601779493,The Financial Femme,The Financial Femme,≤100,1
211077289385876,Luz Dary Quevedo Maldonado,Luz Dary Quevedo Maldonado,≤100,1
122984185923902,Valladolid en Movimiento Social A.C.,Valladolid en Movimiento Social A.C.,≤100,1
104620592430694,Morena Sí Yucatán,Morena Sí Yucatán,≤100,1
105492375858816,𝓔𝓬𝓸𝓯𝓲𝓷𝓪𝓷𝔃𝓪 𝓓𝓲𝓰𝓲𝓽𝓪𝓵,These ads ran without a disclaimer,≤100,1
225774331107918,Jonathann Estrada,Jonathann Estrada,≤100,1
222751968617027,Municipio de Oaxaca,Municipio de Oaxaca,≤100,1
115751931524105,Amigos de Rabin - Yautepec,Amigos de Rabin - Yautepec,≤100,3
102212868434888,Aurora Sierra,Aurora Sierra,≤100,1
106771391872401,H. Ayuntamiento de Huatusco 2022-2025,Grupo Comercial Saltamontes,≤100,1
260171391368533,Irene Roman Salgado,These ads ran without a disclaimer,≤100,1
103970418493096,Victoria Guerrero,Victoria Guerrero,≤100,1
599453256787735,Quadratín Guerrero,Quadratín Guerrero,≤100,1
104149335057004,Prensa Cancún,Prensa Cancún,≤100,1
292496132255,Antonio Tello - NTV,Antonio Tello - NTV,≤100,1
100344435204047,Luis Daniel Lopez,Luis Daniel Lopez,≤100,1
375667186608449,El Reportero Purux,El Reportero Purux,≤100,1
100142840161003,Billy Gene Is A.I. & XR Marketing,These ads ran without a disclaimer,≤100,2
108941055559804,Todos somos Cancun Nuevo,Todos somos Cancun Nuevo,≤100,1
106811552699981,Eduardo Rodriguez,Eduardo Rodriguez,≤100,1
110424554200976,Rafaga Informativa,Ráfaga Informativa,≤100,2
105540857558999,RNO Noticias,rno noticias,≤100,1
106194059156796,Amigos de Rabin - Tlalnepantla,Amigos de Rabin - Tlalnepantla,≤100,2
103064252668045,Ingees01,These ads ran without a disclaimer,≤100,1
598121970855178,"Despertando A La Vida""  A.C.",Despertando a la vida,≤100,3
1088842861167560,Gilberto Flores Maldonado,Gilberto Flores Maldonado,≤100,1
110522962130844,Carlos García,These ads ran without a disclaimer,≤100,1
1598705903725096,Secretaría de Economía y del Trabajo,These ads ran without a disclaimer,≤100,1
102196017850358,La Chakota In-Box,La Chakota In-Box,≤100,1
1575264042711262,Edith Aguilar,Edith Aguilar,≤100,1
181815868495275,Noti Arandas,Grupo NotiArandas SA de CV,≤100,1
102726521215798,La Elección De Crear,These ads ran without a disclaimer,≤100,1
101182849662861,Amigos de Rabin - Tlaltizapán de Zapata,Amigos de Rabin - Tlaltizapán de Zapata,≤100,2
170612978451,Manuel Añorve Baños,Manuel Añorve Baños,≤100,1
2060052387540240,Cambio de Pagina,Cambio de Pagina,≤100,1
111152318362490,MasNomina Acapulco,MasNomina Acapulco,≤100,1
475423525889478,Préstamos para Jubilados y Pensionados,Préstamos para Jubilados y Pensionados,≤100,1
1697408507031644,Alex Peña Villa,Atmosfera Virtual,≤100,2
115128504920229,Amigos de Rabin - Tlaquiltenango,Amigos de Rabin - Tlaquiltenango,≤100,2
110267623856515,Metrika Social,Metrika Social,≤100,1
110649598092453,Jaqui Azcona,Jaqui Azcona,≤100,1
227921773918913,Visión Chiapas Magazine,These ads ran without a disclaimer,≤100,1
101303064841146,Mario Vega News Digital,Mario Vega News Digital,≤100,1
1445209245537983,Ricardo Santillán,Ricardo Santillán,≤100,1
121624758232463,EZON México,These ads ran without a disclaimer,≤100,1
102506376166826,Jorge Bueno Quiroz,These ads ran without a disclaimer,≤100,1
2358541921044793,El Diario - Norte,El Diario - Norte,≤100,2
213831719009326,Mexicanos al grito de guerra,MX Noticias,≤100,3
100419715092219,EnBreve,SM3 Comunicación,≤100,1
445357105989777,Ingreso IPN UNAM Comipems 2023,Ingreso IPN UNAM Comipems 2023,≤100,1
106403067788374,Buzz World,These ads ran without a disclaimer,≤100,1
220898724599599,Ação da Cidadania,These ads ran without a disclaimer,≤100,1
176104589110851,IEEE,These ads ran without a disclaimer,≤100,1
450326391674911,Allianz,These ads ran without a disclaimer,≤100,1
402374586906969,DKT WomanCare Global,These ads ran without a disclaimer,≤100,1
114528771557296,The Sneakertoast Grub,These ads ran without a disclaimer,≤100,1
250305668489402,Professor Kenny,These ads ran without a disclaimer,≤100,2
110463704610731,Cute Kiwi,These ads ran without a disclaimer,≤100,1
110415024779810,the_caribbean_zone,These ads ran without a disclaimer,≤100,1
100451933698060,AdVenture Communist,These ads ran without a disclaimer,≤100,2
21474437688,Deloitte,These ads ran without a disclaimer,≤100,1
106170864917317,Aprende y emprende con tus manos,These ads ran without a disclaimer,≤100,1
130467394263248,Dyness,These ads ran without a disclaimer,≤100,1
107349372251848,Jorch el traviesito,Jorch el traviesito,≤100,1
106127822029826,Johnson & Johnson Medical Devices LATAM,These ads ran without a disclaimer,≤100,1
1027626217435226,Richouses,These ads ran without a disclaimer,≤100,1
111979235195228,SaludPública247.com,These ads ran without a disclaimer,≤100,1