﻿Page ID,Page name,Disclaimer,Amount spent (USD)
113249571609702,Hörümçək az,Hörümçək az,≤100
104996789058485,Defence Talks,Defence Talks,≤100
459298240774359,ModeratorAz,Taryel Huseynli,≤100
101706675429426,Karabakh Center,Qarabağ Dirçəliş Fondu,≤100
100202725184190,Caliber.Az,Caliber LLC,≤100
390795057658490,Ruslan İzzətli,Ruslan İzzətli,≤100
101605572118417,Qarabağ Dirçəliş Fondu,Qarabağ Dirçəliş Fondu,≤100
519983814812150,Xeberler,Taryel Huseynli,≤100