﻿Page ID,Page name,Disclaimer,Amount spent (USD)
169799706487474,CGTN Français,These ads ran without a disclaimer,≤100
338109312883186,China Xinhua News,These ads ran without a disclaimer,≤100
995765983772115,Dzair Tube,Dzair Tube,≤100
135227998395,Naseer Shamma  نصير شمه,These ads ran without a disclaimer,≤100
104050689270424,Liberty & Justice,These ads ran without a disclaimer,≤100
102237556148356,وجهة+,These ads ran without a disclaimer,≤100
298861020736,فرانس 24 / FRANCE 24 Arabic,These ads ran without a disclaimer,≤100
296173694467158,Bâti-Est Expo /salon du bâtiment,These ads ran without a disclaimer,≤100
106004665806662,إجتياز النهائي لذوي الخبرة,These ads ran without a disclaimer,≤100
274017972795375,Algerie 24,aljazair24,≤100
104140320927199,قناة الإنتصار TV,قناة الإنتصار TV,≤100
107944608042253,الصفحة الرسمية للنائب الدكتور بوجلطية ناصر,الصفحة الرسمية للنائب الدكتور بوجلطية ناصر,≤100
725946641169344,عبد العالي حساني شريف Abdelaali Hassani Cherif,Abdelaali Hassani Cherif,≤100
100136869328198,Hyosung Worldwide,These ads ran without a disclaimer,≤100
103947371137774,Cabinet Dentaire Spécialisé Dr. Benafla - Résidence Chabani,These ads ran without a disclaimer,≤100