﻿Page ID,Page name,Disclaimer,Amount spent (RON)
207741001672,Speranta pentru Romania,Speranta pentru Romania,≤100
1058116737612843,USR,Uniunea Salvați România,≤100
731035500293728,Siegfried Muresan,Siegfried Muresan,≤100
100850998460894,Rodica Boancă,Rodica Boanca,≤100
108445424173893,Carmen Elena Nastasă,Carmen-Elena Nastasă,≤100
379633622148337,RMDSZ Nőszervezet,RMDSZ Nőszervezet,≤100
106809077982489,"Fundatia ""Perfect Civic""",Fundația „Perfect Civic”,≤100
178362315106,European Parliament,European Parliament,≤100