﻿Page ID,Page name,Disclaimer,Amount spent (USD)
85543026043,Consumers Energy,Consumers Energy,1606
36091862898,The Mackinac Center for Public Policy,The Mackinac Center for Public Policy,1445
103481651030324,Great Lakes. Michigan Jobs.,Great Lakes. Michigan Jobs.,1283
309308412520731,Sandy Hook Promise,Sandy Hook Promise,1260
152759126824,Enbridge,Enbridge Inc.,1257
103838694985581,Representative Lisa McClain,Representative Lisa McClain,1255
314499212242,Pfizer,Pfizer Inc.,706
110948720307431,Americans for a Prosperous Future,WINDWARD FUND,612
121268821249550,World Central Kitchen,World Central Kitchen,562
77130778113,Coalition for Medicare Choices,The Coalition for Medicare Choices,416
127225910653607,PragerU,PragerU,411
580610428636345,Fight for $15,Fight for $15,386
76470053424,TIAA,TEACHERS INSURANCE AND ANNUITY ASSOCIATION OF AMERICA,343
106244251043808,America's Plastic Makers,"AMERICAN CHEMISTRY COUNCIL, INC.",308
113891694102,Energy Citizens,AMERICAN PETROLEUM INSTITUTE,300
18982436812,ACLU,American Civil Liberties Union,288
104224114671958,Energy For Progress,THE AMERICAN PETROLEUM INSTITUTE,283
172758932738142,PhRMA,PHARMACEUTICAL RESEARCH AND MANUFACTURERS OF AMERICA,274
12375354406,USO,United Service Organizations,271
49651563727,Live Action,Live Action,268
385473284886474,Hillsdale College,Hillsdale College,242
13652904180,Michigan League for Public Policy,MICHIGAN LEAGUE FOR PUBLIC POLICY,239
92925746942,Judicial Watch,Judicial Watch,237
203197030603239,8 Billion Trees,8 Billion Trees LLC,230
738063612887865,Alliance for Michigan Power,Alliance for Michigan Power,228
342294162453301,Planned Parenthood,Planned Parenthood Federation of America,227
8047221596,Save the Children US,SAVE THE CHILDREN FEDERATION INC.,223
112425441094454,The Art of the Tweet,The Art of the Tweet LLC,218
1461100540775171,The Tuttle Twins,LIBERTAS INSTITUTE,211
7263476274,Mercy Corps,Mercy Corps,202
32682889528,U.S. Chamber of Commerce,The U.S. Chamber of Commerce,201
149111148441167,Law Center For Social Security Rights,LAW CENTER FOR SOCIAL SECURITY RIGHTS,196
166618413413767,Jay Sekulow,American Center for Law and Justice,194
201248453800242,My Pay My Say,Mackinac Center for Public Policy,192
109599248636777,Consumer Credit Card Protection Coalition,CONSUMER CREDIT CARD PROTECTION COALITION,192
162244692732,Brennan Center for Justice at NYU Law,"WILLIAM J. BRENNAN CENTER FOR JUSTICE, INC.",186
897994503631860,HealthInsurance.net,ASSURANCE IQ INC,184
7030901126,Campaign for Tobacco-Free Kids,TOBACCO-FREE KIDS ACTION FUND,180
102249584960957,Michiganders for Affordable Rx,Michiganders for Affordable Rx,179
102431482417812,American Free Enterprise Action,AMFREEACTION COMMITTEE,177
68634638883,The Salvation Army Great Lakes Division,The Salvation Army Eastern Michigan Division,176
359477377917,American Federation for Children,American Federation for Children,175
8934429638,Planned Parenthood Action,Planned Parenthood Action Fund,174
168876449866088,The Years Project,THE YEARS PROJECT,164
304600892905134,Hillsdale College Online Courses,HILLSDALE COLLEGE,164
92615532510,Amica Insurance,AMICA MUTUAL INSURANCE COMPANY,162
100511632833476,We Believe,We Believe,162
103945768988283,ObamacarePlans.com,Obamacareplans,157
15239367801,The Wilderness Society,"WILDERNESS SOCIETY, THE",152
1678954109069109,Detroit Action,Detroit Action,149
121626482110,Operation Smile,OPERATION SMILE,145
572656369536045,Congressman John Moolenaar,the Office of John Moolenaar,132
2035155006711942,Drug Enforcement Administration - DEA,Drug Enforcement Administration,131
104295601633638,American Cornerstone Institute,American Cornerstone Institute Inc,129
8492293163,Environmental Defense Fund,Environmental Defense Fund,125
85452072376,NEWSMAX,"NEWSMAX MEDIA, INC.",121
181189746518,Forgotten Harvest,Franco,119
67198072267,Michigan Capitol Confidential,The Mackinac Center for Public Policy,112
18709174006,National Audubon Society,"NATIONAL AUDUBON SOCIETY, INC.",111
40217893542,AIPAC,AIPAC,110
1832744013698336,Mahogany Mommies,Mahogany Mommies,109
60182072999,Lila Rose,Live Action,108
104253615152700,America First Legal,America First Legal Foundation,105
1255599717912012,Senator Sean McCann,Senator Sean McCann,104
108774614054683,American Edge Project,American Edge,102
6204742571,Sierra Club,SIERRA CLUB,102
302182941354,AARP Advocates,AARP,≤100
102415355916214,American Heart City,American Heart City,≤100
17364823283,SEIU Healthcare Michigan,SEIU HEALTHCARE,≤100
25372476424,Best Friends Animal Society,BEST FRIENDS ANIMAL SOCIETY,≤100
1534290989956166,Philanthropy Roundtable,"PHILANTHROPY ROUNDTABLE, THE",≤100
108104431853639,Southwest Michigan Solar Project,Southwest Michigan Solar Project,≤100
10803722213,Common Cause,COMMON CAUSE,≤100
1913157478786319,State Senator Jeff Irwin,Senator Jeff Irwin,≤100
102960695956522,Amazing Patriots,Amazing Patriots,≤100
100591845925552,EMILY's List Action,Emily's List Action,≤100
5720973755,Defenders of Wildlife,DEFENDERS OF WILDLIFE,≤100
570092813023833,Matt Walsh,The Daily Wire,≤100
51405613519,Focus on the Family,Focus on the Family,≤100
58433611572,Seventh Generation,SEVENTH GENERATION INC,≤100
22067606728,Allen West,The Association of Mature American Citizens Inc,≤100
108766601760186,Americans for Safe Drugs,Americans for Safe Drugs,≤100
591566840920364,Citizens Energizing Michigan's Economy,Citizens Energizing Michigan's Economy,≤100
30914589895,The International Fellowship of Christians and Jews,INTERNATIONAL FELLOWSHIP OF CHRISTIANS & JEWS INC,≤100
103912059097010,One Real American,One Real American,≤100
8325302025,Friends of the Earth U.S.,Friends of the Earth,≤100
178835922297833,American Clinical Laboratory Association,American Clinical Laboratory Association,≤100
108547455113940,Our America,Our America,≤100
154561574598964,White Coat Waste Project,THE WHITE COAT WASTE PROJECT INC,≤100
687589164666184,MasterClass,MasterClass,≤100
103885799225717,Liberty Protector,Liberty Protector,≤100
866779926670025,Citizens for Tobacco Rights,Citizens for Tobacco Rights,≤100
7263476274,Mercy Corps,These ads ran without a disclaimer,≤100
7976226799,The Daily Show,Comedy Central,≤100
702582586516561,CBN Israel,"The Christian Broadcasting Network, Inc.",≤100
1587641554830791,BenaVest - Individual and Group Insurance Solutions,BENAVEST,≤100
46396911959,Bethany Christian Services,BETHANY CHRISTIAN SERVICE,≤100
19972147679,SEIU,SEIU,≤100
7341997111,Conservation International,Conservation International,≤100
24330467048,Americans for Prosperity,AMERICANS FOR PROSPERITY,≤100
240937060405,Center for Science in the Public Interest (CSPI),Center for Science in the Public Interest,≤100
142957224352,International Medical Corps,International Medical Corps,≤100
518194348194441,RepresentUs,RepresentUs,≤100
23875187730,Feeding America,FEEDING AMERICA,≤100
361960287311696,Better Medicare Alliance,"Better Medicare Alliance, Inc",≤100
34362997676,United States Holocaust Memorial Museum,UNITED STATES HOLOCAUST MEMORIAL MUSEUM,≤100
19972147679,SEIU,SEIU COPE (SERVICE EMPLOYEES INTERNATIONAL UNION COMMITTEE ON POLITICAL EDUCATION),≤100
141774129212238,Michigan Secretary of State's Office,Michigan Department of State,≤100
57259033959,AARP,AARP,≤100
9694956217,Animal Legal Defense Fund,ANIMAL LEGAL DEFENSE FUND,≤100
9538894955,John F. Kennedy Presidential Library and Museum,"John Fitzgerald Kennedy Library Foundation, Inc.",≤100
118303441570966,Homeowner Smart,NATIONAL ASSOCIATION OF REALTORS,≤100
2245766435469741,Beersy,Beersy LLC,≤100
8576093908,AT&T,"AT&T Services, Inc.",≤100
123499639275,National CASA / GAL Association for Children,NATIONAL CASA ASSOCIATION,≤100
925007000949719,ExxonMobil,EXXON MOBIL CORPORATION,≤100
51379424899,Mercy Ships,MERCY SHIPS INTERNATIONAL,≤100
1145019702185006,Alliance for Safety and Justice,Alliance for Safety and Justice,≤100
7357041101,Tammy Baldwin,TAMMY BALDWIN FOR SENATE,≤100
95001097200,National Association of Manufacturers,NATIONAL ASSOCIATION OF MANUFACTURERS OF THE UNITED STATES OF AMERICA INC.,≤100
639796166125261,Rep. Debbie Dingell,Rep. Debbie Dingell,≤100
309541989079465,Libertas Institute,LIBERTAS INSTITUTE,≤100
88660114244,Michigan Department of Natural Resources,Michigan Department of Natural Resources,≤100
29717379728,International Justice Mission,International Justice Mission,≤100
542678889114683,The Coca-Cola Company,The Coca-Cola Company,≤100
592707041080920,Stand Together,Stand Together Chamber of Commerce Inc.,≤100
35169196082,Project HOPE,"PROJECT HOPE-THE PEOPLE-TO-PEOPLE HEALTH FOUNDATION, INC.",≤100
681626158940626,Mission Roll Call,Americas Warrior Partnership,≤100
11055104471,ONE,ONE CAMPAIGN,≤100
1562713090633117,Operation Underground Railroad,OPERATION UNDERGROUND RAI,≤100
111192301727895,Freedom Speaks Up,Freedom Speaks Up,≤100
398178393640710,"Kent County, Michigan",Kent County,≤100
83290028957,Care Net,CARE NET,≤100
130945114804,World Jewish Congress,ATTN: INC.,≤100
104760636770,Vera Institute of Justice,"VERA INSTITUTE OF JUSTICE, INC.",≤100
267180743723148,National Geographic Society,National Geographic Society,≤100
38235851310,USA for UNHCR,UNITED STATES ASSOCIATION FOR UNHCR,≤100
928091877203916,Independent Women's Network,Independent Women's Network,≤100
665345483483486,NRA - National Rifle Association of America,NATIONAL RIFLE ASSN OF AMERICA,≤100
30139072158,CARE,CARE,≤100
338705413478,Planned Parenthood of Michigan,Planned Parenthood of Michigan,≤100
158505287559920,Save the Storks,Save the Storks,≤100
15041226930,Oxfam,"OXFAM AMERICA, INC.",≤100
11791104453,NRDC,Natural Resources Defense Council,≤100
140357056032320,NEA Today,National Education Association,≤100
133845049915,American Highway Users Alliance,American Highway Users Alliance,≤100
27817332304,American Foundation for Suicide Prevention,AMERICAN FOUNDATION FOR SUICIDE PREVENTION,≤100
15771560300,Earthjustice,EARTHJUSTICE,≤100
269348454714,IMB,"INTERNATIONAL MISSION BOARD OF THE SOUTHERN BAPTIST CONVENTION, THE",≤100
367292494407,AJC - American Jewish Committee,AMERICAN JEWISH COMMITTEE,≤100
255305273048938,Health Care Pronto,Home Betterment League,≤100
13885075114,Action Against Hunger USA,ACTION AGAINST HUNGER - USA,≤100
104491841664875,Adam Kinzinger,Future First Leadership PAC,≤100
406456986070332,Matt Gaetz,Friends of Matt Gaetz,≤100
101069505589,American Association of Pro Life OB/GYNS,AAPLOG,≤100
43426724597,Paper Culture,Paper Culture LLC,≤100
100373975829221,Fòs Feminista Org,Fòs Feminista,≤100
2254455051442790,Flag and Cross,Flag & Cross,≤100
1593518174052711,Candace Owens,The Daily Wire,≤100
495170667357093,Electronic Payments Coalition,ELECTRONIC PAYMENTS COALITION INC,≤100
25852730092,Care2,"Care2.com, Inc",≤100
72931140459,Center for Biological Diversity,"CENTER FOR BIOLOGICAL DIVERSITY, INC.",≤100
108268161352786,Stanley M. Herzog Foundation,Herzog Foundation,≤100
443329669123990,USAFacts,USAFacts Institute,≤100
6502038524,First Book,FIRST BOOK,≤100
114765400352270,Kite & Key Media,VMTS EDUCATION INC,≤100
187005858017014,Climate Power,Climate Power,≤100
104933662932387,CreativeFuture,CreativeFuture,≤100
42872222699,Dana Loesch,The Association of Mature American Citizens Inc,≤100
70874333603,CatholicVote,catholicvote.org,≤100
1958912674200535,The Pour Over,Pour Over,≤100
12301006942,Democratic Party,DNC SERVICES CORP./DEM. NAT'L COMMITTEE,≤100
102037309421166,Headland Solar,Headland Solar,≤100
478022368897483,The Ocean Cleanup,The Ocean Cleanup with Facebook Ad Credits,≤100
216311481960,Bill Gates,Bill Gates,≤100
246323280108,American Medical Association,American Medical Association,≤100
6041057841,The Humane Society of the United States,"HUMANE SOCIETY OF THE UNITED STATES, THE",≤100
227764782729,AMERICAN - STRONG!,American Strong LLC,≤100
219242560293,Meals on Wheels America,Meals on Wheels,≤100
106934455593748,American Health Plans,American Health Plans,≤100
203805062990264,Ben Shapiro,The Daily Wire,≤100
7192716362,Amnesty International USA,"AMNESTY INTERNATIONAL OF THE U. S. A., INC.",≤100
56332452163,AMA Patients Action Network,American Medical Association,≤100
102777522115991,Michigan Firearms Association,Michigan Firearms Association,≤100
102748688472759,Parents Defending Education,Parents Defending Education,≤100
106925294739244,Advancing American Freedom,Advancing American Freedom,≤100
106315901551850,The U.S. Concealed Carry Association for Saving Lives,U.S. Concealed Carry Association For Saving Lives. Not Authorized By Any Candidate Or Candidate's Committee.,≤100
107445151903077,Change The Code,GREENPEACE INC,≤100
1435071773455316,Daily Wire,The Daily Wire,≤100
101224002310757,Seven Weeks Coffee,Seven Weeks Coffee,≤100
9785626650,Public Citizen,Public Citizen,≤100
101268598768560,Congresswoman Julia Letlow,Office of Congresswoman Julia Letlow,≤100
513695272011123,The Genesis Prize,GPF NA LLC,≤100
1398927630359711,State Financial Officers Foundation - SFOF,State Financial Officers Foundation,≤100
17203056985,Partners In Health,Partners In Health,≤100
380884168648080,Population Research Institute,POPULATION RESEARCH INSTITUTE,≤100
300992409852,Hoover Institution,Hoover Institution,≤100
182620315479,Plan International USA,Plan International USA,≤100
7962229886,Environmental Working Group,ENVIRONMENTAL WORKING GROUP,≤100
70995214846,Business Roundtable,Business Roundtable,≤100
408250066356,Bill O'Reilly,"Bill Me, Inc.",≤100
154065301986563,GZERO Media,GZERO Media,≤100
541807025833154,Malala Fund,Malala Fund,≤100
7630216751,DoSomething.org,DOSOMETHING.ORG,≤100
696930446991476,Financialadviser.com,"All Phone Leads, Inc.",≤100
153278754738777,Climate Reality,The Climate Reality Project,≤100
6266829799,Sherrod Brown,FRIENDS OF SHERROD BROWN,≤100
50982313030,Food & Water Watch,Food & Water Watch,≤100
323083351064533,The News Literacy Project,The News Literacy Project,≤100
109352563640,Water.org,WATER.ORG INC.,≤100
102784342640570,Better Nation Guide,Hot Review Products,≤100
169597416843751,Stand Up America,Paid for by Stand Up America. Not authorized by any candidate.,≤100
159658557547960,Wall Street Journal Opinion,The Wall Street Journal,≤100
939093556283687,Clean Energy Michigan,Invenergy,≤100
11602044174,Independent Women's Forum,Independent Women's Forum,≤100
100758682697459,Mayday Health,"Mayday Medicines, Inc.",≤100
107999458652964,MyObamacare,Norwegian Financial LLC,≤100
945455208962159,For Everyone Collective,For Everyone Collective,≤100
931317533671151,Mid Mitten Powered by Invenergy,Mid Mitten Powered by Invenergy,≤100
113318901345595,Baby Patriots,Proud Patriots,≤100
107904733908466,Securing Our Future,Securing Our Future,≤100
983629811723932,Home Title Lock,Home Title Lock,≤100
93228695778,Tea Party Patriots,Tea Party Patriots,≤100
5861903849,USA for UNFPA,FRIENDS OF UNFPA INC,≤100
168997603171090,Voices  for Children Advocacy Center,Voices for Children Advocacy Center,≤100
114710126648118,Republican Dogs,Republican Dogs,≤100
1503295233268493,Lebowski Lovers,The Dude's Threads,≤100
102420431749179,Raging Americans,Tomer Barazani,≤100
142432192446984,David Horowitz Freedom Center,David Horowitz Freedom Center,≤100
147368882623027,Black Futures Lab,Black Futures Lab,≤100
101769576791,Health Action Network,Health Action Network,≤100
219612384781411,Bloomberg Philanthropies,Bloomberg Philanthropies,≤100
291102898490822,Conservative Comedy Store,Conservative Comedy Store,≤100
745910525468062,National Center on Sexual Exploitation,National Center on Sexual Exploitation,≤100
431891506856669,Dove,Unilever,≤100
122769839118743,Americans for a Safe Future,WINDWARD FUND,≤100
102580591887804,Climate Action Campaign,Climate Action Campaign,≤100
57615046615,Rainforest Trust,RAINFOREST TRUST INC,≤100
243184199040637,Caring Across Generations,Caring Across Generations,≤100
507070522767934,AACR Foundation,"AMERICAN ASSOCIATION FOR CANCER RESEARCH, INC.",≤100
786167111464006,Woodson Center,The Woodson Center,≤100
118372414848063,UN Women USA,UN Women USA,≤100
21090771700,Gun Owners of America,Gun Owners of America,≤100
250485248333218,Clean Air Task Force,CLEAN AIR TASK FORCE,≤100
61265398450,AmeriCorps NCCC,Corporation for National and Community Service,≤100
26937096101,National Trust for Historic Preservation,These ads ran without a disclaimer,≤100
6240652407,Young America's Foundation,Young America's Foundation Inc,≤100
836826976517252,International Christian Embassy Jerusalem - USA,"International Christian Embassy Jerusalem - USA, Inc.",≤100
100466376050855,Real America Home,Real America Home,≤100
40217893542,AIPAC,American Israel Public Affairs Committee,≤100
284293125336159,Regulatory Transparency Project,FEDERALIST SOCIETY FOR LAW & PUBLIC POLICY STUDIES,≤100
199826043375900,Larry Hogan,An America United,≤100
102592959026,Ocean Conservancy,"OCEAN CONSERVANCY, INC.",≤100
109320440856128,Together Beat Hate,"Foundation to Combat Anti-Semitism, Inc.",≤100
1470540296409810,Fair Fight Action,FAIR FIGHT,≤100
104811701387594,Our Community's Health,TruthNotLies,≤100
57259033959,AARP,These ads ran without a disclaimer,≤100
18079407397,CPAC,AMERICAN CONSERVATIVE UNION,≤100
59393805320,Model D,Issue Media Group,≤100
134452023239984,Human Coalition,Human Coalition,≤100
337038226473839,Trish Regan,"SALEM MEDIA GROUP, INC.",≤100
8473889271,National Parks Conservation Association,National Parks Conservation Association,≤100
24481937944,Theodore Roosevelt Conservation Partnership,"THEODORE ROOSEVELT CONSERVATION PARTNERSHIP, INC",≤100
160630887998827,Let Them Live,Oliver Harrison  Berning,≤100
103565195134756,America First Policy Institute,America First Policy Institute,≤100
1682876188698809,United for Respect,United for Respect,≤100
788559044606908,America Forward,NEW PROFIT INC,≤100
84645912778,Prosperity Now,PROSPERITY NOW,≤100
45393753416,Alliance Defending Freedom,Alliance Defending Freedom,≤100
6316744206,Jon Tester,MONTANANS FOR TESTER,≤100
471928596287830,Brian Mast,Mast for Congress,≤100
107764430968176,Tuttle Twins TV Show,"Tuttle Twins Show, LLC",≤100
126053105675,Save the Redwoods League,Save The Redwoods League,≤100
7145381235,American Jewish World Service - AJWS,"AMERICAN JEWISH WORLD SERVICE, INC.",≤100
10331123781,Special Olympics,Special Olympics Inc,≤100
286999398309679,Enel Green Power,"Enel North America, Inc.",≤100
23790541544,Democrats,DCCC,≤100
228754857151053,House Majority PAC,House Majority PAC,≤100
8321461609,MomsRising.org,MomsRising Together,≤100
1701668183423201,Pandia Health,Pandia Health,≤100
833703819981407,Atlantic Re:think,The Atlantic Monthly Group LLC,≤100
107153355166646,The Protein PACT,NORTH AMERICAN MEAT INSTITUTE,≤100
101090559295696,TPUSA Faith,TURNING POINT USA NFP,≤100
69611504313,Simon & Schuster,Simon and Schuster,≤100
36872302227,Cory Booker,CORY BOOKER FOR SENATE,≤100
6334782252,Oceana,OCEANA INC,≤100
107308698272177,Gas Leaks Action,Gas Leaks Action,≤100
21242962092,ClientEarth,CLIENTEARTH USA INC,≤100
1428755447227803,Defend The Second,Next Level Goods,≤100
106913491375624,Israel War Room,Israel War Room,≤100
110442961603215,Yikes Today,Tomer Barazani,≤100
376776419037747,Turning Point USA,"Turning Point USA, Inc.",≤100
109637125764343,Population Connection,Population Connection,≤100
275947565591,Woods & Woods The Veterans Firm,"Woods & Woods, LLC",≤100
112642477582238,Mericanaf,AAF Nation,≤100
104377641671195,Salem Podcast Network,Salem Media,≤100
662962894077729,The Well News,The Well News,≤100
107168898379486,Speed & Scale,Speed & Scale,≤100
101075276094766,TheHealthy_Mama,These ads ran without a disclaimer,≤100
1375372595977513,UWorld Insurance Group,UWORLD INSURANCE GROUP,≤100
141786816970,Cruise Lines International Association - CLIA,Cruise Lines International Association,≤100
1079789672084038,SimonBooks,Simon & Schuster,≤100
114301413446447,The Climate Initiative,Kennebunkport Climate Initiative,≤100
103531607822207,Noticias para Inmigrantes,"Wise Rock Media, PBC",≤100
201446296572389,Compassion in World Farming (USA),Compassion in World Farming Inc,≤100
149220264647,ADL - Anti-Defamation League,Anti-Defamation League,≤100
111368091748236,Here and Queer Michigan,Real Voices Media,≤100
128113162067507,Travel MICH,Real Voices Media,≤100
115938563481475,Michigan Wine and Brew,Real Voices Media,≤100
105063977608302,A Working Michigan,Real Voices Media,≤100
90022052772,Williams,"WILLIAMS COMPANIES, INC., THE",≤100
106909358810669,Stop RCV,Stop RCV,≤100
1318504964963297,Michigan Works Hard,Real Voices Media,≤100
290548664672,First Liberty,First Liberty Institute,≤100
224919598920494,All Things Downriver,Real Voices Media,≤100
50822254585,Mountain States Legal Foundation,Mountain States Legal Foundation,≤100
112349106922741,Make Lenawee Shine,esaSolar,≤100
8002590959,Rainforest Action Network - RAN,RAINFOREST ACTION NETWORK,≤100
223877166285997,MI Foes of FOX,Real Voices Media,≤100
108180998440229,Save Democracy AZ,Save Democracy Inc.,≤100
243498882520314,FoodFinder,"FOODFINDER, INC.",≤100
343714718985673,Think Wood,Think Wood,≤100
19746387261,Humane Society International,Humane Society International,≤100
431019887282794,Tomorrow's World Today,Flying Cork,≤100
375742685850856,Firearms Policy Coalition,"FIREARMS POLICY COALITION, INC.",≤100
110042181919423,Leading With Greatness,Patriotic Uniting For All,≤100
118626774835274,Medicare Made Clear,Medicare Made Clear from United Healthcare,≤100
108266445888054,Patriot Academy,TORCH OF FREEDOM FOUNDATION,≤100
466164103423147,Thorn,Thorn,≤100
108620667163768,For Our Future,Resource Media,≤100
102413723172970,Nick Adams,Nick Adams,≤100
38882699096,Polaris,POLARIS PROJECT,≤100
47710973068,Voices for Cooperative Power,Voices for Cooperative Power,≤100
102155388790298,Affordable HealthCare,The Burial Solution,≤100
1196196390526965,Facebook Surveys,These ads ran without a disclaimer,≤100
403737406341879,National Women's Health Network,NATIONAL WOMENS HEALTH NETWORK,≤100
407902639235640,JNS.org,Jewish News Syndicate,≤100
95483488591,Democratic Party of Wisconsin,DEMOCRATIC PARTY OF WISCONSIN,≤100
723394465079640,The Lion,Stanley M. Herzog Charitable Foundation,≤100
268672113155656,The Expectations Project,THE EXPECTATIONS PROJECT INC,≤100
102230249080409,Freedom First,Jason Donald Robertson,≤100
110847324610299,The Minister Of Wellness Ministries,The Minister Of Wellness Ministries LLC,≤100
85337666730,Republican Governors Association (RGA),REPUBLICAN GOVERNORS ASSOCIATION,≤100
100221986153813,Lou's Daily News,Jennifer Ann Robertson,≤100
145917588805718,Dr Jordan B Peterson,The Daily Wire,≤100
2321993584737314,The Markin Report,The Markin Report,≤100
290851614930809,Combat AntiSemitism,Combat Hate Foundation,≤100
100519772749954,Obamacare-Pride,Norwegian Financial LLC,≤100
188627788423714,The Scoop Politics,The Scoop Media Inc.,≤100
133649613319094,A Call to Men,A CALL TO MEN,≤100
170169493012341,The Fund for Global Human Rights,FUND FOR GLOBAL HUMAN RIGHTS,≤100
140499052681592,Bank of the West,BANK OF THE WEST,≤100
153678684700451,American Investment Council,AMERICAN INVESTMENT COUNCIL,≤100
72092591211,FBI – Federal Bureau of Investigation,Federal Bureau of Investigation,≤100
110480728196620,Small Business Digital Alliance,Small Business Digital Alliance,≤100
100417168386329,Heal America,Stand Together Chamber of Commerce Inc.,≤100
293807357774812,Run for Something Action Fund,Run For Something,≤100
17414523278,Democracy Now!,DEMOCRACY NOW,≤100
354851377936744,BookTV,NATIONAL CABLE SATELLITE CORPORATION,≤100
1599237673639735,Change Media Group,Change Media Group,≤100
7735858972,Humane Society Legislative Fund,Humane Society Legislative Fund,≤100
1382441768496365,Pentair,PENTAIR,≤100
317284821682168,Messianic Jewish Alliance of America (MJAA),Messianic Jewish Alliance of America,≤100
164966660351345,Hope Outfitters,Hope Outfitters,≤100
24470472733,The Trevor Project,The Trevor Project,≤100
101573474533442,Chronic Care Policy Alliance,The Chronic Care Policy Alliance,≤100
21472760578,C-SPAN,C-SPAN,≤100
389096331144686,Friends of Sinn Féin USA,FRIENDS OF SINN FEIN INC,≤100
18017481462,Acton Institute,Acton Institute,≤100
109716011638325,Jane Fonda Climate PAC,JANE FONDA CLIMATE PAC,≤100
16223832249,RAINN,"RAPE, ABUSE AND INCEST NATIONAL NETWORK (RAINN)",≤100
355783211719644,Veteran Caregivers of America,"Veteran Caregivers, LLC",≤100
108583533855999,NBCLX,NBCLX,≤100
109118211910879,Mr. 45,Green Straw LLC,≤100
125179374733697,Big News Buzz,Resource Media,≤100
7219151423,The Fund for American Studies (TFAS),FUND FOR AMERICAN STUDIES,≤100
124506846628,Agape International Missions,AGAPE INTERNATIONAL MISSIONS,≤100
110420685199238,WeVision EarlyEd,Bainum Family Foundation,≤100
142474049098533,Robert Reich,Inequality Media,≤100
2078647579047586,Project Pulso,Project Pulso,≤100
6040534532,One Acre Fund,ONE ACRE FUND,≤100
245741028804051,Barbara Sinatra Center,Barbara Sinatra Children's Center,≤100
717339155320936,Better Solutions for Healthcare,Better Solutions for Healthcare,≤100
296680801734,Dr. James Dobson's Family Talk,Dr. James Dobson's Family Talk,≤100
100113865706707,ADF Generational Wins Prayer Initiative,ALLIANCE DEFENSE FUND INC,≤100
101922748750414,BRAVE Books,These ads ran without a disclaimer,≤100
182723117043,Chicago Council on Global Affairs,CHICAGO COUNCIL ON GLOBAL AFFAI,≤100
366351973736242,Red Rock Secured,Red Rock Secured,≤100
1476342155924546,Big Rig Threads,Big Rig T-Shirts and Decals LLC,≤100
210357995667559,The National Memo,The National Memo,≤100
473191156175163,EDF Action,Environmental Defense Action Fund,≤100
18983389920,Open Society Foundations,Open Society Foundations,≤100
104396194587918,C3 Solutions,Conservative Coalition for Climate Solutions,≤100
100280805784775,Shine A Light,Kirsh Philanthropies,≤100
345378512258813,Elise Stefanik,ELISE FOR CONGRESS,≤100
233456156850563,The Prisoner Wine Company,"TPWC, Inc.",≤100
77278490877,National Corn Growers Association,National Corn Growers Association,≤100
102176712079037,Daily Floridian,Daily Floridian,≤100
12596759677,RAICES,REFUGEE AND IMMIGRANT CENTER FOR EDUCATION AND LEGAL SERVICES,≤100
1386514144917144,Queer Folk,"Queer Folk, Inc.",≤100
97624620788,American Friends of Magen David Adom,AMERICAN FRIENDS OF MAGEN DAVID ADOM,≤100
1219895884702640,Popcorn for the People,LET'S WORK FOR GOOD,≤100
29423827874,Proclaiming Justice to the Nations,PROCLAIMING JUSTICE TO THE NATIONS INC,≤100
497348647140658,Point Source Youth,Point Source Youth,≤100
1050320055029012,Outrider.org,OUTRIDER FOUNDATION INC,≤100
1015449978587077,Alliance for Youth Action,Alliance for Youth Action,≤100
30618466815,Pacific Legal Foundation,Pacific Legal Foundation,≤100
10498053716,Media Research Center,MEDIA RESEARCH CENTER,≤100
38897314734,Trust for Public Land,"TRUST FOR PUBLIC LAND, THE",≤100
623032001485020,Smart Home Savings,Smart Home Savings,≤100
397207347056799,Voices for Healthy Kids,AMERICAN HEART ASSOCIATION INC,≤100
110316380149,Family Policy Alliance,Family Policy Alliance,≤100
112077148340685,Health Giveback,Health Giveback,≤100
336861789666063,Liberty Fund,LIBERTY FUND INC,≤100
1752689034960996,The Babylon Bee,THE BABYLON BEE LLC,≤100
583258211727279,Shai Fund,These ads ran without a disclaimer,≤100
215830238462422,The LIBRE Initiative,The Libre Initiative,≤100
16317479654,Deseret News,Deseret News,≤100
7292655492,MoveOn,MOVEON.ORG POLITICAL ACTION,≤100
517185715005608,Milbank LLP,Milbank LLP,≤100
6756153498,Mike Bloomberg,Bloomberg Philanthropies,≤100
1681822462040908,DonorsTrust,DONORS TRUST INC,≤100
104255434986319,Teal Crate,Vougs,≤100
769924816419024,Graham Allen,Robert Graham Allen,≤100
259351004139042,Ashbrook Center,Ashbrook Center,≤100
5435784683,Greenpeace USA,"GREENPEACE, INC.",≤100
48994809349,Ms. Foundation for Women,MS FOUNDATION FOR WOMEN INC,≤100
14038292386,Women for Women International,WOMEN FOR WOMEN INTERNATIONAL,≤100
417522508294454,Job Creators Network,Job Creators Network,≤100
299016790922,Bobby Eberle,Bobby Eberle,≤100
292351509697,Jerusalem Prayer Team,Jerusalem Prayer Team,≤100
203583423017526,National Immigration Law Center,National Immigration Law Center,≤100
100284648021034,New Tolerance Campaign,New Tolerance Campaign,≤100
110981884065996,Abortion Finder,Power to Decide,≤100
156496968533805,Explore Beyond,NCTA - The Internet & Television Association,≤100
103277109172874,The Original Lou's News,Jennifer Ann Robertson,≤100
8895898655,Rainforest Alliance,"RAINFOREST ALLIANCE, INC.",≤100
183165025062107,The TESA Collective,"The Toolbox for Education and Social Action, Inc",≤100
936968016365794,The Eric Metaxas Radio Show,Salem Media,≤100
108625789179165,Soi Dog Foundation,These ads ran without a disclaimer,≤100
1370427629741248,Protect Michigan Kids from Abusive Spanking,Thomas William Christopher Johnson,≤100
169042736456594,All Out,All Out Action Fund.,≤100
107592419594,Immigration Equality,IMMIGRATION EQUALITY INCORPORATED,≤100
109819009036381,The New York Sun,NEW YORK SUN COMPANY LLC,≤100
110500431600342,The San Francisco Inquirer,The San Francisco Inquirer,≤100
416913748508616,We Welcome,We Welcome Refugees,≤100
80770833881,Eagles' Wings,EAGLES' WINGS MINISTRIES,≤100
102027764795677,American Wire,BizPac Review,≤100
6787988478,Physicians for Human Rights,"PHYSICIANS FOR HUMAN RIGHTS, INC.",≤100
27478282874,UNITE HERE!,UNITE HERE,≤100
25121889784,Texas Public Policy Foundation,Texas Public Policy Foundation,≤100
271453369908901,FLAG  - Foundation for Liberty and American Greatness,Tomer Barazani,≤100
167974755368,Michigan Statewide Independent Living Council (MISILC),MICHIGAN STATEWIDE INDEPENDENT LIVING COUNCIL,≤100
126893748252841,American Firearms Association,American Firearms Coalition,≤100
59386210330,American Lung Association,AMERICAN LUNG ASSOCIATION,≤100
282728185140429,Rep For Vets,The Rep For Vets,≤100
60261764250,Childhelp,"CHILDHELP, INC.",≤100
269479249997,NSSF—The Firearm Industry Trade Association,National Shooting Sports Foundation,≤100
911828698840246,ReLEntless Defender Apparel,ReLEntless Defender Apparel,≤100
110624565660992,ZOE International,ZOE International,≤100
399060493533519,The Justice Foundation,JUSTICE FOUNDATION,≤100
103916546350474,Stericycle,Stericycle,≤100
101581329115492,Freedom Street,Jason Donald Robertson,≤100
200650357207240,I Love My Freedom,I Love My Freedom,≤100
10150124349775072,"Riddle & Brantley, LLP","RIDDLE & BRANTLEY, LLP",≤100
74470852653,Mike Pompeo,Champion American Values PAC,≤100
197725161093650,The Joseph Project,"THE JOSEPH PROJECT, INC",≤100
39897949829,Texas Watch,TEXAS WATCH,≤100
100692068471118,Explain America,Apse Media LLC,≤100
348973409274904,Velvet Hamster,Velvet Hamster,≤100
169687486427698,Jentezen Franklin,FREE CHAPEL WORSHIP CENTER,≤100
58158120046,ACLJ,American Center for Law and Justice,≤100
106887465438852,Modern Economy Project,PRISM STRATEGY INC,≤100
378084314984,Trane Technologies,Trane Technologies,≤100
190198574334684,FHE Health,THE FLORIDA HOUSE EXPERIENCE M,≤100
109284291894484,American News Stories,Michael Scott Hughes,≤100
67945990059,The American Petroleum Institute,The American Petroleum Institute,≤100
35715544220,Stand.earth,Stand.earth,≤100
11918108948,African Wildlife Foundation,AFRICAN WILDLIFE FOUNDATION,≤100
125120044171675,"City of Lancaster, CA – Government","LANCASTER, CITY OF",≤100
372577693078008,"Saenz-Garcia Law, PLLC","Saenz-Garcia Law, PLLC",≤100
104977525752112,Freedom of Patriots,Freedom of Patriots,≤100
19342050934,Leadership Institute,LEADERSHIP INSTITUTE INC,≤100
1479899112252729,Ukrainian American House,Ukrainian American House,≤100
332975654194277,Vital Care,Jimal Martin Warren,≤100
29934350147,Marketplace Business News,AMERICAN PUBLIC MEDIA,≤100
1163811040367180,Food & Water Action,FOOD & WATER ACTION,≤100
102043555830358,Giving Green,IDinsight,≤100
59783434599,Hasbara Fellowships,HASBARA FELLOWSHIPS,≤100
101391906600,Live Action News,Live Action,≤100
70531357576,Freedom Forum,"FREEDOM FORUM INC, THE",≤100
13867925345,Equality Florida,Equality Florida,≤100
11111618026,Union of Concerned Scientists,"UNION OF CONCERNED SCIENTISTS, INC.",≤100
105561217523274,The Dispatch,"Dispatch Media, Inc.",≤100
130848666099,Business Forward,Business Forward Inc.,≤100
1338822066131069,Women's March,Women's March,≤100
546066468753446,Black Health Matters,BLACK HEALTH MATTERS FOUNDATION INC,≤100
106505370729792,Proudly Served,Real Voices Media,≤100
187741797907314,The American Society of Anesthesiologists (ASA),"AMERICAN SOCIETY OF ANESTHESIOLOGISTS, INC., THE",≤100
358113240871900,Nuclear Energy Institute,"NUCLEAR ENERGY INSTITUTE, INC.",≤100
164389698861,Appalachian Voices,APPALACHIAN VOICES,≤100
312657362217994,Women's Heart Alliance,Women's Heart Alliance,≤100
284852861535887,C-SPAN StudentCam,NATIONAL CABLE SATELLITE CORPORATION,≤100
114128055303516,ProgressNow New Mexico,ProgressNow New Mexico,≤100
173641254524,National Network of Abortion Funds,National Network of Abortion Funds,≤100
279799525443906,HELPS Nonprofit,HELPS Nonprofit Law Firm,≤100
1679521432262834,Physicians Grassroots Network,American Medical Association,≤100
131306317680000,Social Goods,"Social Goods, LLC",≤100
105454117977117,Voices for Consumer Choice,Voices for Consumer Choice,≤100
508887815910815,BPR,BizPac Review,≤100
36634376117,HarperKids Books,HARPERCOLLINS PUBLISHERS LLC,≤100
1914537155242810,Life: Powered,Texas Public Policy Foundation,≤100
103875099042033,DailyWire+,The Daily Wire,≤100
105173311888160,Star and Bar,Star and Bar,≤100
534332363577954,Political scrapbook,David Granville Hough,≤100
256072828435344,Parkmed NYC,Reproductive Health Access Training Center,≤100
59877921429,Lutheran Immigration and Refugee Service,"LUTHERAN IMMIGRATION AND REFUGEE SERVICE, INC.",≤100
111311390623711,2A Daddy,2A Daddy LLC,≤100
114008535880,Foundation for Individual Rights and Expression,FOUNDATION FOR INDIVIDUAL RIGHTS IN EDUCATION,≤100
131023707236064,Applecart,Project Applecart LLC,≤100
151894654697,Save Our States,Save Our States,≤100
93565224474,Mercy For Animals,MERCY FOR ANIMALS,≤100
49275915266,MSI Reproductive Choices,MSI-US,≤100
464998390249008,The Independence Fund,"INDEPENDENCE FUND, INC, THE",≤100
92021268117,Working America,Working America,≤100
109179375151983,Med Plan Coverage,Seniors Today USA,≤100
67626834312,National Women's Law Center,National Women's Law Center,≤100
107766235181961,The Nunn Report,The Nunn Report,≤100
11006419356,The Voice of the Martyrs - USA,"VOICE OF THE MARTYRS, INC., THE",≤100
203294399456,Public Interest Registry,Public Interest Registry,≤100
1575347412785991,cheddar news,Cheddar News,≤100
46347342434,EMILY's List,EMILY'S LIST,≤100
30708742052,FCTRY,FCTRY,≤100
104660195062596,Gen Z Conservative,Michael Scott Hughes,≤100
107008774760761,Color Us United,Color Us United,≤100
7515233409,"Mikey Weinstein, MRFF",MILITARY RELIGIOUS FREEDOM FOUNDATION,≤100
116546288359245,Heritage Action for America,HERITAGE ACTION FOR AMERICA,≤100
143089732792,Marsha Blackburn,Marsha for Senate,≤100
97466887664,Innocence Project,"INNOCENCE PROJECT, INC., THE",≤100
8936818385,Accuracy in Media,Flo Communications,≤100
143173285763,Tenth Amendment Center,Tenth Amendment Center,≤100
74783093812,Just Vision,JUST VISION INC,≤100
1571132936490223,JewBelong,JEWBELONG INC.,≤100
1560959047527920,Solar Rights Alliance,Solar Rights Alliance,≤100
59254639983,Boston Medical Center,BOSTON MEDICAL CENTER,≤100
136362309708243,Restaurant Opportunities Centers United (ROC United),"RESTAURANT OPPORTUNITIES CENTERS (ROC) UNITED, INC.",≤100
195297153841110,American Heart Association - Alabama,"American Heart Association, Inc.",≤100
300341323465160,The Daily Signal,HERITAGE FOUNDATION (THE),≤100
150681061641282,Tri-State G&T,Tri-State Generation Transmission Association Inc,≤100
232467307162583,Farm Action,Family Farm Action Inc,≤100
2070944712939738,American Police Officers Alliance,American Police Officers Alliance,≤100
1348444188555820,Tó Nizhóní Ání,Resource Media,≤100
103328515934791,Take Back 2024,The Blue State Conservative,≤100
413319295350242,Chippewa County Prosecutor Rob Stratton,Chippewa County Prosecutor's Office,≤100
111464544881905,America First News,Tomer Barazani,≤100
224110651893,International African American Museum,IAAM,≤100
105120815642998,Partnership to Address Global Emissions,PARTNERSHIP TO ADDRESS GLOBAL EMISSIONS INC,≤100
310925405807,Citizens Climate Lobby,Citizens' Climate Lobby,≤100
6041057841,The Humane Society of the United States,These ads ran without a disclaimer,≤100
59543893235,National Constitution Center,National Constitution Center,≤100
238348260390644,The Brigid Alliance,"BRIGID ALLIANCE, THE",≤100
6315243665,Faith in Public Life,"FAITH IN PUBLIC LIFE, INC.",≤100
106222134809638,"Elite Noire, Inc.",ELITE NOIRE INC,≤100
103147688330160,Rep. Blake Moore,Office of Congressman Blake Moore,≤100
142474049098533,Robert Reich,Inequality Media Civic Action,≤100
338758899543225,Alan Wilson,Alan Wilson for Attorney General,≤100
43819229306,Minocqua Brewing Company,MINOCQUA BREWING COMPANY LLC,≤100
999556810102061,Signature Seas,Signature Seas,≤100
14226615647,People For the American Way,People For the American Way,≤100
100162215660565,Replace Sinema,Change for Arizona 2024 PAC,≤100
104178704279594,Main St. First,Resource Media,≤100
16900111951,National Organization for Women (NOW),NATIONAL ORGANIZATION FOR WOMEN,≤100
100388729554147,COL Fashion,Culture of Life,≤100
9364828262,Citizens Against Government Waste,CITIZENS AGAINST GOVERNMENT WASTE,≤100
1540589642819718,Essie Justice Group,ESSIE JUSTICE GROUP,≤100
96935476345,Democratic Governors Association (DGA),"Democratic Action, democraticgovernors.org, not authorized by any candidate or candidate's committee.",≤100
100298938781,Robert Wood Johnson Foundation,THE ROBERT WOOD JOHNSON FOUNDATION,≤100
102047517918,The Commonwealth Fund,"COMMONWEALTH FUND, THE",≤100
8446177150,Chosen People Ministries,CHOSEN PEOPLE MINISTRIES INC,≤100
1869687273277265,Run for Something,Run For Something PAC,≤100
116884823952,Vulnerable People Project,HERO Inc.,≤100
250659796824711,asiaculturecenter,These ads ran without a disclaimer,≤100
111044621745187,Liberty News,Michael Scott Hughes,≤100
204626306331350,Up to Us,NET IMPACT,≤100
108258878290014,Stay Well Community Health Fairs,Stay Well Community Health Fairs,≤100
238473269650980,Capital & Main,CAPITAL & MAIN,≤100
103355385129734,The Climate Pledge,The Climate Pledge,≤100
164377647841032,Watch Documentaries,"The 2050 Group, LLC",≤100
236312179825896,Republican Main Street Partnership,REPUBLICAN MAIN STREET PARTNERSHIP INC,≤100
1526736227567131,TrueCoverage,True Coverage,≤100
1756514954650448,Indigenous Energy Initiative - IEI,EARTH ISLAND INSTITUTE INC,≤100
28446275521,Military Officers Association of America (MOAA),Military Officers Association of America,≤100
133937690180,Student Conservation Association,Student Conservation Association,≤100
439271970343,World Help,WORLD HELP,≤100
260713150211,Protect Our Winters,Protect Our Winters,≤100
1425435377743310,Conversations with Bill Kristol,FOUNDATION FOR CONSTITUTI,≤100
100403528653081,Punchbowl News,Punchbowl News,≤100
141461112573139,Ullico Inc.,Ullico Inc.,≤100
61308923432,PolitiFact,Poynter,≤100
255062275778,Tim Tebow Foundation,These ads ran without a disclaimer,≤100
110768725009358,Connecticut Office of Workforce Strategy,CT The Office of Workforce Strategy,≤100
19219803864,Tax Foundation,Tax Foundation,≤100
661744180680367,National Police Association,"NATIONAL POLICE ASSOCIATION, INC.",≤100
23311628592,Heartland Alliance,Heartland Alliance for Human Needs & Human Rights,≤100
690092951180197,TacX Pro Gear,TacX Pro Gear LLC,≤100
104329844668,American Bar Association,American Bar Association,≤100
81755908577,Kids in Need of Defense (KIND),"KIND, Inc.",≤100
122037065517,American Immigration Council,American Immigration Council,≤100
309798029121030,Everytown for Gun Safety,Everytown for Gun Safety Support Fund Inc,≤100
108155598473433,American Patriot News,Krista D Bloch,≤100
16968936858,ANCA,Armenian National Committee of America,≤100
53797383417,The National Urban League,"NATIONAL URBAN LEAGUE, INC.",≤100
181924628560212,SumOfUs,SumOfUs,≤100
103592378623592,Truth Over Tribe,Truth Over Tribe,≤100
104197751646893,Fix The Cost Shift,Fix the Cost Shift,≤100
162069790604,AARP Arizona,AARP,≤100
331037760381749,Sierra Magazine,SIERRA CLUB,≤100
1018654714824453,Maccabee Task Force,Maccabee Task Force Foundation,≤100
139062085972,Illinois Family Institute,"ILLINOIS FAMILY INSTITUTE, THE INC",≤100
139724091163372,SAGE Development Authority,Standing Rock Renewable Energy Power Authority,≤100
111213355160155,United States Liberty,United States Liberty,≤100
106001278558202,For The Love Of News,Krista D Bloch,≤100
700806360047982,CFG Action,Club for Growth Action,≤100
97261063097,Global Fund for Women,"GLOBAL FUND FOR WOMEN, INC., THE",≤100
27461595703,Carbonfund,Carbonfund.org Foundation,≤100
49421708941,Americans for Limited Government,AMERICANS FOR LIMITED GOVERNMENT IN,≤100
109366181861530,President Trump is My Wingman,Jennifer Ann Robertson,≤100
38471053686,Elizabeth Warren,"WARREN DEMOCRATS, INC.",≤100
173080392733432,Elkhart County Sheriff's Office,Jessica June Koscher,≤100
1570082353262795,YIMBY Action,YIMBY ACTION,≤100
106779538059265,Jay Timmons,NATIONAL ASSOCIATION OF MANUFACTURERS OF THE UNITED STATES OF AMERICA INC.,≤100
15503839732,Peter G. Peterson Foundation,Peter G. Peterson Foundation,≤100
107553188401159,Brandon Gill,The Boswell Project,≤100
181385265351965,Mosaic Magazine,Mosaic,≤100
101164855811125,Senior Giveback Plan,Buyertool LLC,≤100
14233429764,the Jane Goodall Institute,"The Jane Goodall Institute for Wildlife Research, Education and Conservation",≤100
6165653060,AFSCME,AMERICAN FEDERATION OF STATE COUNTY & MUNICIPAL EMPLOYEES,≤100
199010435394,Turtle Island Restoration Network,Turtle Island Restoration Network,≤100
108179361951729,Republican Patriots,Tomer Barazani,≤100
69717994787,buildOn,BUILDON INC,≤100
178746337565646,Save Our Allies,Save Our Allies,≤100
1898234727131235,Reel America,BizPac Review,≤100
175403889150682,FindLaw.com,FindLaw Consumer,≤100
210277954204,The Young Turks,"The Young Turks, Inc.",≤100
10234472029,Council on Foreign Relations,Council on Foreign Relations,≤100
104657602040321,Truth Media,Truth Media,≤100
210937299260017,USA Features Media,USA Features Media LLC,≤100
102947668622,Presente.org,Presente.org,≤100
110003135240961,Pride of America,Pride of American,≤100
101312698628642,Ryan Samuels,Ryan Francis Samuels,≤100
101716172441500,Brennan Center en Español,"WILLIAM J. BRENNAN CENTER FOR JUSTICE, INC.",≤100
119216091518705,Protect The Harvest,Karen Elizabeth Glueck,≤100
206238602739505,Taxpayers Protection Alliance,Taxpayers Protection Alliance,≤100
873550809444862,Mighty Earth,MIGHTY EARTH INC,≤100
82223469060,ACN - Aid to the Church in Need,"AID TO THE CHURCH IN NEED, INC.",≤100
103546351703577,Dallas Express,The Dallas Express,≤100
346612865750115,Korea Defense Veterans Association,Korea Defense Veterans Association,≤100
83865976093,Truthout,TRUTHOUT,≤100
50826482890,YWCA Seattle King Snohomish,YWCA OF SEATTLE-KING COUNTY-SNOHOMISH COUNTY,≤100
8924408197,National Partnership for Women & Families,National Partnership for Women & Families,≤100
552580508224925,Chan Zuckerberg Initiative,"CHAN ZUCKERBERG INITIATIVE, LLC",≤100
303374266418976,AFPM,American Fuel & Petrochemical Manufacturers,≤100
124336306355,Pew Research Center,PEW RESEARCH CENTER,≤100
14510925609,Free Press,FREE PRESS,≤100
147422561959715,New American Leaders,New American Leaders,≤100
78120879969,ACLU of Florida,ACLU of Florida,≤100
589658204411894,Office of South Carolina Treasurer Curtis Loftis,Future Scholar. Administered by State Treasurer Curtis Loftis. Not paid for with state funds.,≤100
339432396135584,The Exodus Road,The Exodus Road,≤100
21395843375,Dialysis Patient Citizens,DIALYSIS PATIENT CITIZENS INC,≤100
106862204671108,The Deplorable Americans,Justin Gustafson,≤100
6817268395,Campus Pride,CAMPUS PRIDE INC,≤100
1546952572205770,UAE USA United,The Embassy of the United Arab Emirates,≤100
1449073545419430,The Lone Liberal Republican,Arthur Winter,≤100
192738164073627,A Better Balance,A Better Balance,≤100
999775873528189,Stopping Socialism,The Heartland Institute,≤100
499379343409991,Impact Fund,"IMPACT FUND, THE",≤100
128967667298112,Math4cure,Karen Beth Young,≤100
309798029121030,Everytown for Gun Safety,Everytown for Gun Safety Action Fund Inc,≤100
105861441295494,97Percent,97PERCENT ORG INC,≤100
6954880804,Green America,GREEN AMERICA,≤100
250937275581234,Problk Health,Problk Health LLC,≤100
102245545464309,My Patriot  Post,Krista D Bloch,≤100
199891603386344,Common Ground Committee,Common Ground Committee,≤100
265584563563176,JCRC of Greater Washington,The Jewish Community Relations Council of Greater Washington,≤100
102596355656379,Red Wave News Updates,Michael Scott Hughes,≤100
1425838477503979,Justin Haskins,The Heartland Institute,≤100
100484735718366,The Coalition for Carolina,Coalition for Carolina,≤100
101350839190816,Macro Conservative,Macro Conservative,≤100
44228398202,ONE Community,"ONE Community Media, LLC",≤100
356050017804283,WSPA (Western States Petroleum Association),WESTERN STATES PETROLEUM ASSOCIATION,≤100
201455999908045,United Hatzalah of Israel,These ads ran without a disclaimer,≤100
117592091643709,Tree of Life Ministries｜Evangelism in Israel,Tree of Life Ministries,≤100
146678415405673,FindLaw for Legal Professionals,FindLaw Legal Professionals,≤100
28915909437,American Veterinary Medical Association Congressional Advocacy Network,AMERICAN VETERINARY MEDICAL ASSOCIATION,≤100
92729316952,Covanta,Covanta,≤100
102745147891580,Trump Coolers,Trump Coolers,≤100
407767916003589,U.S. Representative John Carter,Office of U.S. Representative John Carter,≤100
102579112455934,Making The Leap Podcast,Stanley M. Herzog Charitable Foundation,≤100
101640448328956,Al Mayadeen English,These ads ran without a disclaimer,≤100
128334087241432,Todd Starnes,Starnes Media Group LLC,≤100
356431274698532,Ryan Hampton,Ryan Hampton,≤100
128288676833,Rocky Mountain Elk Foundation,"ROCKY MOUNTAIN ELK FOUNDATION, INC.",≤100
1747038068858379,Las Madrinas de los Seguros,"Living Secure Insurance Advisors, Inc.",≤100
192609620649,The University of Chicago,The University of Chicago,≤100
12357407443,American Friends Service Committee,AMERICAN FRIENDS SERVICE COMMITTEE,≤100
243510442756370,Justice Democrats,JUSTICE DEMOCRATS PAC,≤100
506680536015406,HumanProgress.org,"CATO INSTITUTE, INC.",≤100
273546779885377,The Gallant Pelham,"delupton, LLC",≤100
201956993160690,MRCTV,MEDIA RESEARCH CENTER,≤100
436554293150880,Zero Foodprint,Zero Foodprint (Formerly the Perennial Farming Initiative),≤100
17023576156,The Leadership Conference on Civil and Human Rights,The Leadership Conference on Civil and Human Rights,≤100
111296919309406,Empire of Deceit,Amsterdam & Partners LLP,≤100
100806058498601,Long Lead,"Long Lead, LLC",≤100
86071521216,Second Amendment Foundation,These ads ran without a disclaimer,≤100
7558311497,The Ocean Foundation,THE OCEAN FOUNDATION,≤100
101111655405022,The Rationist,Timothy Robert Ferguson,≤100
234142976633158,Wake Up World & Smell the Coffee,Edith Dume Lerner,≤100
984421991732710,Paycheckology,Paycheckology,≤100
16534314739,Facing History and Ourselves,"FACING HISTORY AND OURSELVES NATIONAL FOUNDATION, INC.",≤100
103602275197310,Communist Free - Freedom First,September Group LLC,≤100
226449505034,Jewish Federation of Greater Los Angeles,JEWISH FEDERATION,≤100
103546351703577,Dallas Express,Dallas Express Media,≤100
101810652152706,Ship It Zero,PACIFIC ENVIRONMENT AND RESOURCES CENTER,≤100
73102498136,Children's Health,Children's Health System of Texas,≤100
107722268674706,Cathy Hull,Cathy Hull Originals,≤100
249215512733,Amer Zahr,Amer George Zahr,≤100
602074469965571,Plan C,NATIONAL WOMENS HEALTH NETWORK,≤100
212677670907,American Constitution Society,AMERICAN CONSTITUTION SOCIETY,≤100
103482538845527,Conservative Truth,Home of the Brave Media LLC,≤100
116578878386936,Nazarene Compassionate Ministries,"NAZARENE COMPASSIONATE MINISTRIES, INC.",≤100
111773718421575,3 is Enough,3 is Enough,≤100
386305465057247,Liberty Nation,Liberty Nation,≤100
101803615972593,Innovation Race,"TEA PARTY PATRIOTS ACTION, INC.",≤100
102712325850529,Libratum Press,Libratum Press LLC,≤100
100158948453494,Lars for President,LARS MAPSTEAD FOR PRESIDENT,≤100
254943996005,Catholic Answers,"CATHOLIC ANSWERS, INC.",≤100
261319066080,Americans for Prosperity - Ohio,AMERICANS FOR PROSPERITY,≤100
23978156246,UnidosUS,UnidosUS,≤100
78420171887,Sailors for the Sea,OCEANA INC,≤100
107645227592678,To Which We Belong,Mystic Artists,≤100
101321696174133,Our Rights We Stand,Protecting 2A Rights,≤100
102794658754102,Daily Freedom,Trending Views,≤100
1553978148244954,Build With Strength,Build With Strength,≤100
103832229194223,Market Forces,Market Forces,≤100
105632046170752,East Jordan Family Health Center,EAST JORDAN FAMILY HEALTH CENTER,≤100
664883053648633,Italian Sons and Daughters of America,ITALIAN SONS & DAUGHTERS OF AMERICA INC,≤100
107409909326665,Stephen Wise Free Synagogue,"WISE, STEPHEN FREE SYNAGOGUE",≤100
494259170754224,Keeping IDentities Safe,KEEPING IDENTITIES SAFE,≤100
1835838916635491,Transamerica Institute,Transamerica Center for Health Studies,≤100
107661474402498,Liberty Eagle Apparel,United Patriot,≤100
105334892381660,AmericanTowns Politics,AMERICAN TOWNS,≤100
50513265848,Citizens United,Citizens United,≤100
142932506806,Texas Alliance for Life,"Texas Alliance for Life, Inc.",≤100
101466816025710,Renew Healthcare,Quantum Digital Media Inc.,≤100
108703294887683,The Recycled Rubber Coalition,Kenneth Stratton Kirton,≤100
109475211795252,Freedom From The Press,Michael Scott Hughes,≤100
114209360263932,On Point with Rachel Tourgeman,Rachel Tourgeman,≤100
105941575697608,Conservative,Tomer Barazani,≤100
117437204982602,American Wild Horse Campaign,American Wild Horse Preservation Campaign,≤100
183484875153093,Kim Monson Show,The Kim Monson Show,≤100
1957482924581259,Brad Paquette,Brad Paquette For State Representative,≤100
104377518078467,More Perfect Union,MORE PERFECT UNION FOUNDATION,≤100
480282659170095,Civic Health Project,Civic Health Project,≤100
35677414105,National Kidney Foundation,NATIONAL KIDNEY FOUNDATION INC,≤100
101695465478009,Mobile Voting,"TUSK STRATEGIES, INC.",≤100
163662804426854,Life Advancement Group,Nathan Montgomery Berning,≤100
37442103053,ACLU of New Jersey,AMERICAN CIVIL LIBERTIES UNION OF NJ,≤100
101564054951838,We The Forest,We The Forest,≤100
487569614682924,CAPP USA,Yellow Line Productions LLC,≤100
106746992189224,The State of Women Podcast,POPULATION MEDIA CENTER INC,≤100
102277115688995,Patriot News Headquarters,Krista D Bloch,≤100
191096814260954,HOOAH.com,These ads ran without a disclaimer,≤100
792517730869227,Bellaire Family Health Center,EAST JORDAN FAMILY HEALTH CENTER,≤100
465501220622013,Lift Up the Vulnerable,Lift Up the Vulnerable,≤100
106341454506321,The Bull Moose Party,The Bull Moose Party,≤100
54580146753,Faith in Action,Faith in Action,≤100
126855128568,FEBC (Far East Broadcasting Company),"FAR EAST BROADCASTING COMPANY, INC.",≤100
16988535386,United to Beat Malaria,United to Beat Malaria,≤100
111333413863498,Freedom First Society,FREEDOM FIRST SOCIETY,≤100
137918019584028,Starfish Project,"STARFISH PROJECT, INCORPORATED",≤100
100981815983867,Power For The People,POWER FOR THE PEOPLE LLC,≤100
524399207959953,Truth & Liberty Coalition,Truth & Liberty Coalition,≤100
205795426669644,Facts and Logic about the Middle East,Facts and Logic About the Middle East,≤100
413500232549343,National Vet Help,National Vet Help,≤100
106582384539447,Design for Freedom by Grace Farms,"GRACE FARMS FOUNDATION, INC.",≤100
10524033745,Remote Area Medical - RAM,REMOTE AREA MEDICAL,≤100
105060269781,Premiere Collectibles,"Premiere Marketing, Inc.",≤100
100835322535347,Trump Trading Store,Trump Trading Store,≤100
102221165021408,Law Forward,"Law Forward, Inc.",≤100
154670481249867,PowerSwitch Action,POWERSWITCH ACTION,≤100
39588707067,Pearson,These ads ran without a disclaimer,≤100
154930410085,"Zion Oil and Gas, Inc.","Zion OIl & Gas, Inc.",≤100
352529216413,Institute for Social Policy and Understanding - ISPU,INSTITUTE FOR SOCIAL POLICY AND UNDERSTANDING (ISPU),≤100
277550205502,National Religious Campaign Against Torture,NATIONAL RELIGIOUS CAMPAIGN AGAINST TORTURE,≤100
116204538416735,The AIDS Institute,AIDS INSTITUTE INC,≤100
130130503698358,Eastern European Mission,EASTERN EUROPEAN MISSION,≤100
220538341415523,The Satanic Temple,The Satanic Temple,≤100
108028728590880,CTLPod,POPULATION MEDIA CENTER INC,≤100
915656035153394,Oceanites,OCEANITES INC,≤100
28483858161,Texas Scorecard,ScorecardMedia,≤100
105599502191866,Florida Jolt,"Jolt Media, Inc.",≤100
138492335404,Scott Walker,FORWARD USA FEDERAL POLITICAL ACTION COMMITTEE,≤100
103517308361597,TakeCharge,Take Charge Minnesota,≤100
102254715563026,Paula Avila-Guillen,Women's Equality Center,≤100
102286035642350,Patriots for USA,USA Features Media LLC,≤100
100970501612434,Oregon Small Business Association,Oregon Small Business Association PAC,≤100
64974200999,America-Israel Friendship League,AMERICA-ISRAEL FRIENDSHIP LEAGUE,≤100
100123286264769,Tanner DiBella,American Council for Evangelicals,≤100
85054374416,Nebraska Appleseed,NEBRASKA APPLESEED CENTER FOR LAW IN THE PUBLIC INTEREST,≤100
636093333133893,UCR School of Public Policy,UCR School of Public Policy,≤100
197374340229,E2 - Environmental Entrepreneurs,E2 (Environmental Entrepreneurs),≤100
101626535691142,Tina Blum Cohen for U.S. House of Representatives Texas District 7,TINA BLUM COHEN FOR US HOUSE OF REPRESENTATIVES TEXAS DISTRICT 7,≤100
109324090494408,AU Sine Institute of Policy & Politics,Sine Institute of Policy & Politics,≤100
226999127329906,New York Immigration Lawyer,Law Office of Alena Shautsova,≤100
268868046463126,Beacon Center of Tennessee,BEACON CENTER OF TENNESSEE,≤100
123480204954218,Representative Jay Xiong,Jay Xiong for House,≤100
148731991811588,Baird,Robert W. Baird & Co. Incorporated,≤100
96286403078,iHeartDogs.com,HomeLife Media,≤100
1653885501501009,Propeller,Propeller Enterprises,≤100
6954880804,Green America,Green America,≤100
114226275387369,republicEn,republicEn,≤100
610264146298573,The American Council,The American Council for Evangelicals,≤100
106582544906565,Maine Affordable Energy,Maine Affordable Energy,≤100
106140595341195,Novel-good,These ads ran without a disclaimer,≤100
170591064699,Southern Poverty Law Center,"SOUTHERN POVERTY LAW CENTER, INC., THE",≤100
110094158160834,Red Wave News,Michael Scott Hughes,≤100
14960614435,Ben Jealous,Gilbert Lunsford Jr Eugene,≤100
101761126009518,Patriotic Army,Tomer Barazani,≤100
103337614867523,Azalia Solar,Azalia Solar,≤100
407848989230502,The Rational Middle,"Rational Middle Media Group, LLC",≤100
107637012171564,Southland Marquee,Southland Marquee,≤100
110052089025541,"Tim Clue, Speaker and Comedian",Tim Clue,≤100
95426912609,Paola Gianturco Author,Paola Gianturco Author,≤100
2167057170272290,Commissioner Zylstra,Commissioner Zylstra,≤100
1027702813921248,EmbraceRace,EmbraceRace,≤100
100562019990818,U.S. Term Limits,U.S. Term Limits Inc.,≤100
117507751891,United Poultry Concerns,"UNITED POULTRY CONCERNS, INC",≤100
103316295438939,Lost Debate,Lost Debate,≤100
56661991371,Woods Hole Oceanographic Institution (WHOI),Woods Hole Oceanographic Institution,≤100
186097812110,BioNJ,BIONJ INC,≤100
1832245947018802,Chris Rose for US Senate - WV,ROSE FOR WEST VIRGINIA,≤100
111564223958042,Ending Disease Documentary,Crushed Planet,≤100
111528377844985,Better Capitalism,Partnering LLC,≤100
5878048748,GlobalGiving,"GLOBALGIVING FOUNDATION, INC.",≤100
47393489592,Jew in the City,Jew in the City an NJ nonprofit,≤100
147702172102998,Honeywell,These ads ran without a disclaimer,≤100
123397377677195,"School of International Service, AU","School of International Service, American University",≤100
106244251043808,America's Plastic Makers,These ads ran without a disclaimer,≤100
2099448153445994,Students for Life Action,Students for Life Action,≤100
601472019907779,Latino Victory,Latino Victory Fund,≤100
101989508406927,Mounts Bay Publishing,These ads ran without a disclaimer,≤100
100182009621651,Animals of Ukraine,These ads ran without a disclaimer,≤100
150322194563,PASA Primates: Pan African Sanctuary Alliance,PAN AFRICAN SANCTUARIES ALLIANCE,≤100
240425642652222,South Florida Wildlands Association,South Florida Wildlands Association,≤100
826456714149334,Black Millennials 4 Flint,Black Millennials 4 Flint,≤100
101377889168483,Gumbo Limbo Coastal Stewards,"Gumbo Limbo Coastal Stewards, Inc.",≤100
101791315693,Destiny Rescue,"Destiny Rescue International, Inc.",≤100
169204449790211,Conservative News Today,BizPac Review,≤100
36085812354,Rainforest Foundation US,"Rainforest Foundation, Inc.",≤100
1327559570587836,The Bail Project,"BAIL PROJECT, THE",≤100
1616742801908753,Accountable & Transparent Collin County by Joshua Murray,Joshua Allen Murray,≤100
421661111195530,Spaz,Anthony Parziale,≤100
1444820465547227,Rank the Vote,Rank the Vote,≤100
406581453407625,Advance Minnesota Issue Advocacy,Advance Minnesota Issue Advocacy,≤100
261951940219,Goldman Environmental Prize,Goldman Environmental Foundation,≤100
43853729859,Campaigns & Elections,Political World Communications,≤100
83960796709,Institute for Southern Studies,INSTITUTE FOR SOUTHERN STUDIES INC,≤100
107454490912636,Jewish Future Pledge,These ads ran without a disclaimer,≤100
107326878275017,National Pretrial,National Pretrial,≤100
1669300839823874,Ronnie Mosley for 21st Ward Alderman,Friends of Ronnie Mosley,≤100
105348224679358,The Don't Unfriend Me Show,DONT UNFRIEND ME,≤100
125937197447634,ACTA - American Council of Trustees and Alumni,AMERICAN COUNCIL OF TRUSTEES AND ALUMNI,≤100
174772265869562,The Adventure Project,ADVENTURE PROJECT,≤100
304842759546695,Brooklyn Institute for Social Research,Brooklyn Institute for Social Research,≤100
113341457791145,Voices for Healthy Green Spaces,Voices for Healthy Green Spaces,≤100
104624082385859,Conservative Army,Tomer Barazani,≤100
594519783957655,Citizens for National Security,Citizens For National Security,≤100
416384822549260,A Better Delaware,A Better Delaware,≤100
157521957980788,Reimagining the Civic Commons,Reimagining the Civic Commons,≤100
659878157406228,America's Warrior Partnership,America's Warrior Partnership,≤100
107454490912636,Jewish Future Pledge,Jewish Future Pledge Inc,≤100
939142902771066,The American Leader,THE AMERICAN LEADER,≤100
108731490859583,America's Work Force Union Podcast,"Bortini Management Associates, Inc.",≤100
216052228433696,Arcus Foundation LGBTQ Social Justice,ARCUS FOUNDATION,≤100
795162290631372,Citrus Pregnancy Center,LIFE CHOICE CARE CENTER INC,≤100
1581819558516148,Nunn Bush,Weyco Group,≤100
217187838327836,The Story Exchange,The Story Exchange Foundation,≤100
101745838861028,1819 News,1819 Media,≤100
110026728309807,Strother for Virginia,Philip Strother,≤100
711478725532801,Civiqs,Civiqs,≤100
122671561263552,Committee for Better Banks,"COMMUNICATIONS WORKERS OF AMERICA, AFL-CIO, CLC",≤100
100710759119069,Blue Planet Ecosystem,Blue Planet Ecosystem,≤100
331661123551110,Leadership for Educational Equity,Leadership for Educational Equity,≤100
121710673644,Business Fleet,These ads ran without a disclaimer,≤100
276076196388914,Coffee & Pan Dulce Show,Coffee & Pan Dulce Show,≤100
164771506031,Claremont Institute,"CLAREMONT INSTITUTE FOR THE STUDY OF STATESMANSHIP AND POLITICAL  PHILOSPHY, THE",≤100
101836378085260,Orlando Owens For Wisconsin State Treasurer,Friends of Orlando Owens LLC,≤100
1525472414388476,Better Wyoming,Better Wyoming,≤100
197212467007163,She Should Run,SHE SHOULD RUN,≤100
206202032757114,Nature and Culture International,NATURE AND CULTURE INTERNATIONAL,≤100
1888806214722917,Erie County Anti-Stigma Coalition,Erie County Anti-Stigma Coalition,≤100
145891608810563,Democratic Perspective,Stephen Arthur Williamson,≤100
1666922183524165,ReThink Energy NJ,ReThink Energy NJ,≤100
100124709108034,Patriot One News,Matt Clark Agency,≤100
2007361039550045,"Center for Free, Fair, and Accountable Democracy","CENTER FOR FREE, FAIR, AND ACCOUNTABLE DEMOCRACY, INC.",≤100
50714237985,The Rutherford Institute,RUTHERFORD INSTITUTE,≤100
134275060386,DAV,These ads ran without a disclaimer,≤100
182079698493370,Portside,Portside,≤100
103426858855557,Eyes That Speak by Christy Bowe,Gilbert Lunsford Jr Eugene,≤100
113545460414372,Carter Heyward,Carter Heyward,≤100
427656937297996,Diario Las Americas,LAS AMERICAS MULTIMEDIA GROUP LLC,≤100
142260190351,Comment Magazine,"Cardus, Inc.",≤100
105135940848307,MJ: the musical,These ads ran without a disclaimer,≤100
401240226922554,VoLo Foundation,VoLo Foundation,≤100
108108121456950,Blue States PAC,BLUE STATES PAC,≤100
1376465702586897,Coloradans for Responsible Energy Development,Coloradans for Responsible Energy Development,≤100
48530203934,The American Alpine Club,"AMERICAN ALPINE CLUB, THE",≤100
107439427661844,Accountable Tech,Accountable Tech,≤100
133753583953215,American History in 90 Minutes - The Common-Sense Guide to U.S. History,American History in 90 Minutes,≤100
270826723039149,The Coalition to Protect Americas National Parks,"COALITION OF NATIONAL PARK SERVICE RETIREES, INC.",≤100
103725461407761,Maryorie Pineda Insurance,JM INSURANCE GROUP LLC,≤100
165674110118949,Clearing out the Clutter,Colin D Moore,≤100
100835964690431,Humphreys Capital,Humphreys Capital,≤100
101524032456582,Jammidodger,These ads ran without a disclaimer,≤100
101288259494879,Role Models - The Game of Laughing at Politicians,Dylan Miles Jensen,≤100
514446149038714,The Iowa Standard,The Iowa Standard,≤100
143063095713907,Hep,"CDM PUBLISHING, LLC",≤100
278434943062355,WellBeing International,"WellBeing International, Inc.",≤100
106959920878115,The Well Done Foundation,"WELL DONE FOUNDATION, INC.",≤100
70795936969,Children International,CHILDREN INTERNATIONAL,≤100
101586078357081,Peter Demos,Peter Demos,≤100
102142101657930,OurFight.online,Our Fight Inc,≤100
112364384923739,"McCaskill for Mayor Harvey, IL 60426",Friends of Anthony L McCaskill,≤100
144850842237429,Independentvoting.org,Independent Voting (IndependentVoting.org),≤100
27139120832,Advancing Native Missions,These ads ran without a disclaimer,≤100
106058025408954,Do No Harm Medicine,Do No Harm,≤100
1629348730690095,Protect Students Abroad,These ads ran without a disclaimer,≤100
1449567695260306,"Hexagon’s Safety, Infrastructure & Geospatial division",Hexagon,≤100
12198221489,KABOOM!,These ads ran without a disclaimer,≤100
12489359547,MediaJustice,Media Justice,≤100
306480006853271,Political-Paige.com BLOG,Political-Paige.com,≤100
1021724717913869,Bantam Communications,Bantam Communications,≤100
311575728888244,Building Markets,BUILDING MARKETS LTD.,≤100
172840789857350,American Resilience Project,"AMERICAN RESILIENCE PROJECT, INC.",≤100
78877543601,Milwaukee Jewish Federation,MILWAUKEE JEWISH FEDERATION INC,≤100
299588323424419,Legal Newsline,The Record,≤100
100607179026941,Of Thee I Sing 1776,Harold Gershowitz,≤100
200548226627766,The Progressive Magazine,Norman Joseph Stockwell,≤100
12128466831,Amazon Watch,"AMAZON WATCH, INC.",≤100
110381494770198,United States Hispanic Business Council,United States Hispanic Business Council,≤100
263311807031163,Sasha Issenberg,EmmKay Media,≤100
126379917403141,UnitedHealthcare Empowering Health,Intersport Inc.,≤100
100877032826522,Sustain x US,These ads ran without a disclaimer,≤100
1443878795835012,Personal Care Products Council,PERSONAL CARE PRODUCTS COUNCIL,≤100
562951500544269,Go Finger Lakes,FINGER LAKES LAND TRUST INC,≤100
26668999076,The Cato Institute,"CATO INSTITUTE, INC.",≤100
103170392223156,vargasvirginiad,These ads ran without a disclaimer,≤100
186977768011413,Ironworkers Rising,"International Association of Bridge, Structural, Ornamental, and Reinforcing Iron Workers",≤100
753777097992228,Liberty Hill Publishing,Liberty Hill Publishing,≤100
210455593021382,Health Care Voices,"Health Care Voices, a project of Social Good Fund",≤100
129064750465027,Women's Earth Alliance,Earth Island Institute,≤100
830162603716633,Andy Beshear,Andy Beshear for Governor,≤100
174524179227831,War Toys,WAR TOYS,≤100
254199237944073,Elijah Rising,ELIJAH RISING,≤100
488740674837681,198 Methods,198 methods,≤100
100145644726687,Opportunity For All Floridians,Opportunity For All Floridians,≤100
430869277025501,Dr. Nancy O'Reilly,"WOMEN CONNECT4GOOD, INC.",≤100
77688524017,Truman Library Institute,HARRY S TRUMAN LIBRARY INSTITUTE,≤100
107242815425784,Renewobamacare,"Quantum Digital Media, Inc",≤100
105269625578850,The Public Page for Ohio Physicians for Reproductive Rights,Ohio Physicians for Reproductive Rights,≤100
185561295623272,Move To Help Foundation,These ads ran without a disclaimer,≤100
561970593860027,Emil Guillermo Media,Emil Amok Guillermo,≤100
39119822138,Center for Progressive Reform,Center for Progressive Reform,≤100
372799605421,DeSmog,DeSmog,≤100
2357164884295813,Representative Aimee Adatto Freeman,Aimee Adatto Freeman Campaign,≤100
1256218774533782,Braven Environmental,Braven Environmental,≤100
108782374173191,"Home buying Equation ""HBE""",These ads ran without a disclaimer,≤100
40201530406,American Society of the University of Haifa,James Samuel Fattal,≤100
28126338304,Surfrider Foundation,"SURFRIDER FOUNDATION, INC",≤100
107646992144084,Vincenzo Odoguardi - MAIE,MARCO BALDOCCHI GROUP INC,≤100
109951025170694,Libra Press Books,Libra Press,≤100
1550724111880347,HEAL California,California OneCare Education Fund,≤100
100866752814666,"Bold, Bright, And Brave","Bold, Bright, & Brave",≤100
106386158767588,DOPE Quick Reads,DOPE QUICK READS LLC,≤100
1420200111329836,Alan C. Moore,Alan Christopher Moore,≤100
278052172260101,ZERO TO THREE,ZERO TO THREE,≤100
1713655282191321,Family Justice Resource Center,Family Justice Resource Center,≤100
338218229911752,Integrity First PAC,INTEGRITY FIRST PAC,≤100
111904024679959,Bold Majority,BOLD MAJORITY PAC,≤100
513785465632396,Airline Passengers for Justice,Airline Passengers for Justice,≤100
461530314600399,Common Sense American Politics,Common Sense American Politics,≤100
424443217623488,Clarion Project,"CLARION PROJECT, INC.",≤100
101204378825808,Fight the Right,FIGHT THE RIGHT PAC,≤100
328042268580226,Stories of Antisemitism,Stories Of Antisemitism,≤100
433364950062784,Power Over Energy,Power Over Energy,≤100
163241007045104,a5 Inc.,a5 Branding and Digital,≤100
115489644380953,Build Your Teaching Toolbox,Pubvendo LLC,≤100
249467225254927,The Love > hate Project,LOVE GREATER THAN HATE PROJECT,≤100
314964416195,American Seniors Association,AMERICAN SENIOR ASSOCIATION,≤100
131058900273186,"Quiroga Law Office, PLLC","Quiroga Law Office, PLLC",≤100
117214891638398,Street Grace,Street Grace Inc,≤100
877481359045751,Lets Green CA,ROMERO INSTITUTE,≤100
169710960125365,Curzio Research,Curzio Research,≤100
106986341085385,MLE Of The Maury Seldin LLC,MLE Of The Maury Seldin LLC,≤100
105170744437701,The Reproductive Freedom Fund of New Hampshire,The Reproductive Freedom Fund of New Hampshire,≤100
111424389552999,Refuge for Women,REFUGE FOR WOMEN,≤100
150559895031,Rapha International,"Rapha House International, Inc.",≤100
1406149713044974,Intellectual Judaism,Intellectual Judaism,≤100
103929304678916,Voter Action Project,Integrity First Voter Action Project,≤100
101437432582765,The Center for Infrastructure and Economic Development,Center for Infrastructure and Economic Development Inc.,≤100
568103006940639,Law Office of Gary J. Kim,Law Offices of Gary J. Kim,≤100
183472861249,Point Foundation,Point Foundation,≤100
102315041409283,Horses in our Hands,In our Hands Action Fund,≤100
100427345058411,Deliver Democracy,DELIVER DEMOCRACY,≤100
110502144027644,100% OVER RACISM,Lovar Davis Kidd,≤100
101103254533,SOS International,SOS International,≤100
114625730266879,The Republican Accountability Project,Defending Democracy Together,≤100
112203121682194,Deviate from Denial Book,Pubvendo LLC,≤100
227535924071462,Animal Petitions,AnimalPetitions.org,≤100
562695143908591,Calvert Peace Project,Peace Through Action USA,≤100
27544763621,Prison Fellowship,Prison Fellowship,≤100
104164055811423,Rebecca Janowitz for the 43rd Ward,Friends of Rebecca Janowitz Committee,≤100
107726137669311,B3K Prosperity,B3K Prosperity,≤100
122207534456852,Ayo and Iken,Ayo and Iken,≤100
1448985902033866,Trans Lifeline,Trans Lifeline,≤100
109374912424067,Drew McKissick,DrewMcKissick.com,≤100
227594571444676,Building New York's Best,Carpenter Contractor Alliance of Metropolitan New York,≤100
101773828677066,Brandon Smith Books,Brandon Carn,≤100
140316302771898,Inside Philanthropy,INSIDE PHILANTHROPY INC,≤100
349528025129958,"Brevard County Sheriff's Office, Florida (Official)",Robert Wayne Ivey,≤100
105204571949378,Personal Musings of Bruce Wayne Workman,Bruce Wayne Workman,≤100
99050726344,Phillips Theological Seminary,PHILLIPS THEOLOGICAL SEMINARY,≤100
1406745916238169,NAAMAT INTERNATIONAL,These ads ran without a disclaimer,≤100
193950277300764,Louisiana Mid-Continent Oil & Gas Association (LMOGA),LOUISIANA MID CONTINENT OIL & GAS ASSOCIATION,≤100
502969216761221,Common Sense Civics and Citizenship,Candace Donnelly,≤100
112078117033545,Suffer the Little Children Podcast,Laine E Hissett,≤100
112600915451330,No Labels,No Labels,≤100
113026817019341,Steve Connally's Brain,Steve Connally's Brain,≤100
7757414599,"Denver Climate Action, Sustainability and Resiliency","The Denver Office of Climate Action, Sustainability, and Resiliency",≤100
86711894400,National Write Your Congressman,National Write Your Congressman,≤100
105155545186714,Friends of Orono,Friends of Orono,≤100
111034825665225,GoPhilanthropic,GO PHILANTHROPIC CHARITABLE FUND,≤100
1674259952634958,Kevin Walsh,Kevin Walsh for Kyrene School Board,≤100
109068551731974,Sillychillly,Marc Alan Goldstein,≤100
110040734453977,Breakthrough Ideas,Breakthrogh-ideas,≤100
110340331742946,Lola M Adeyemo,Pubvendo,≤100
118635175464489,uPolitics,"Uinterview, Inc.",≤100
209008303100025,James Peters for Indiana,James Peters for Congress,≤100
103970691374054,Committee to Elect Rafael Wolf - House of Representatives 41st District,COMMITTEE TO ELECT RAFAEL WOLF,≤100
115518893453702,BrightAction,Climate Solutions Net,≤100
993294760683044,Education Reform Now,EDUCATION REFORM NOW ADVOCACY INC,≤100
112912573793125,Rise Up for Justice,Avrom L Altman,≤100
211901856263434,Conservatives for a Clean Energy Future,Paid for by Conservatives for a Clean Energy Future,≤100
139835646030666,Alliance for Aviation Across America,Alliance for Aviation Across America,≤100
531368367387817,Point Blank Political,"Point Blank Political, LLC",≤100
108433238844,CWEB,CWEB Inc.,≤100
548443441866241,Haley2024 The Movement,Haley2024 the Movement,≤100
102165635680839,This Week in Toledo,Sean M Nestor,≤100
193821064126287,Hustle For Humanity,Hustle For Humanity,≤100
609789112559190,Destroying Liberalism 101,Simon Davis,≤100
340000075813,Jewish Cleveland,JEWISH FEDERATION OF CLEVELAND,≤100
659229570848902,Friends of Liberty State Park,Friends of Liberty State Park,≤100
658879504288370,Choose Life Marketing,Choose Life Marketing,≤100
100806242836871,Preservation Pause,University of Arizona Indigenous Peoples Law and Policy Program,≤100
970068126392811,Peace Through Action USA,Peace Through Action USA,≤100
381578445243960,Kristan Hawkins,"STUDENTS FOR LIFE OF AMERICA, INC.",≤100
102698052537483,Guy Padgett,GUY FOR DENVER,≤100
102262718547519,Crazy Uncle Gil,Gilbert Cuevas,≤100
504118316658151,SilencedOrganic,SilencedOrganic.com,≤100
67047720896,Extraordinary Women Ministries,"AMERICAN ASSOCIATION OF CHRISTIAN COUNSELORS, INC.",≤100
103210743084765,Resonate,Resonate,≤100
773432316041673,Calvary South Austin,Calvary South Austin,≤100
106045108638995,UIndy Department of Sociology,UIndy - Department of Sociology,≤100
50498162578,Legal Aid Justice Center,Legal Aid Justice Center,≤100
106095601125529,"Reaching Everyone In Distress Foundation, Inc.",Reaching Everyone in Distress Foundation Inc.,≤100
106608202045609,Marek Cornett for City Council,Marek Cornett for Oklahoma City Council 2022,≤100
104916968538177,TIS 이주공사,TIS VISA CORPORATION,≤100
110322138238412,Back the Blue Line,Front Line Support Inc.,≤100
369069369284,Michigan Corn,Michigan Corn,≤100
262164587131475,Free martial arts material for your own local school teachers to use,Ryan Gilbert,≤100
97332209201,REDF,REDF,≤100
294196590710262,FWD.us,FWD.us,≤100
104775027706678,Assemblywoman Sarah Clark - AD 136,Sarah Clark for Assembly,≤100
214061167976,El Tiempo Latino,MASTV EL PLANETA LLC,≤100
142405795847179,Breathe Project,COMMUNITY FOUNDATION OF GREATER JOHNSTOWN,≤100
207833736045744,MHAction.org,Patrick R. McHugh,≤100
1353722684643583,EPF Media,EPF Media,≤100
112645607233942,Duval County Democratic Environmental Caucus of Florida,Duval County Democratic Environmental Caucus of Florida,≤100
227594571444676,Building New York's Best,"Carpenter Contractor Alliance of Metropolitan New York, Inc.",≤100
1720878078241107,Conservative Move,Conservative Move,≤100
133913826633461,Grassroot Institute of Hawaii,Grassroot Institute of Hawaii,≤100
1204591426371678,Common Courtesy TV,Shawn Nicholas Bryant,≤100
1941595989414032,No More Freeways PDX,No More Freeways,≤100
86937680702,Norton,These ads ran without a disclaimer,≤100
179898892024788,StarTalk,These ads ran without a disclaimer,≤100
286597537859,Global Health Technologies Coalition,Global Health Technologies Coalition,≤100
2310488009211056,Poder Latinx,Poder Latinx,≤100
378383240440,Southern California Gas Company (SoCalGas),Southern California Gas Company,≤100
536562299702134,Put People First - PA,Put People First - PA,≤100
825571424125386,Lighthouse For Life,Lighthouse for Life,≤100
101939781315530,ThePeel.news,ThePeel.news,≤100
161879897191723,EarthX,These ads ran without a disclaimer,≤100
129278807814364,Women of Welcome,Women of Welcome,≤100
1792966030729641,"Wild Project - Leadership, Organizing, & Action",Wisconsin Leadership Development Project,≤100
102579389208198,Country First Academy,Keep Country First Policy Action,≤100
103685595360682,The Miranda Project,The Miranda Project LLC,≤100
912764692168916,Councilmember Luis Chavez,"Councilmember Luis Chavez, City of Fresno",≤100
104382528958356,Jenna Caldwell,Pubvendo,≤100
110175940812643,Joshua Steele Photography,These ads ran without a disclaimer,≤100
79683428354,Animals' Angels USA,ANIMALS ANGELS INCORPORATED,≤100
117049828380915,Horse Network,Horse Network,≤100
102314419375690,Connecticut Fireworks Safety Act,Steven Michael Gelineau,≤100
17382403969,"The Lesbian, Gay, Bisexual & Transgender Community Center","LESBIAN & GAY COMMUNITY SERVICES CENTER, INC.",≤100
109323440966912,Protect Earth from Mars Sample Return,Thomas E Dehel,≤100
103828241312020,Sarasota County Democratic Jewish Caucus,Sarasota County Democratic Party Jewish Caucus,≤100
449746918808701,National Trafficking Sheltered Alliance,"NATIONAL TRAFFICKING SHELTERED ALLIANCE, INC.",≤100
1010664679060500,Voting Rights Brigade,Voting Rights Brigade,≤100
105538688731146,Box Programming,These ads ran without a disclaimer,≤100
103605498122808,Elevate Community Events,Elevate,≤100
312870062895448,StateThugs,StateThugs.com,≤100
453733078116830,Mark Higgins - Centre County Commissioner,Friends of Mark Higgins,≤100
251512801547984,Ken King,Ken King for State Representative,≤100
116500458408878,Antioch University Graduate School of Leadership and Change,These ads ran without a disclaimer,≤100
114160220335768,Hit No More,New York Foundling,≤100
101672329381420,Northeast Wisconsin Patriots,Diane Carol Bast,≤100
106283570973088,Save Austin Now PAC,SAVE AUSTIN NOW PAC,≤100
189044857936094,Americans For Prosperity - Alaska,AMERICANS FOR PROSPERITY,≤100
249557685489132,Spiritual and Practical Socialism,Michael Robert Mccormick,≤100
101239962270235,Bright Future Iowa,Bright Future Iowa,≤100
114301413446447,The Climate Initiative,These ads ran without a disclaimer,≤100
224779851618932,Pickforu,These ads ran without a disclaimer,≤100
44409199155,Amazon Conservation Team,AMAZON CONSERVATION TEAM,≤100
330617944306531,Jerica Richardson,"Jerica for Cobb, Inc",≤100
223938852914655,Matt Vilardebo for SC26,Matt Vilardebo for SC26,≤100
104423658970070,Page Down,These ads ran without a disclaimer,≤100
105148578683703,Kyle Rittenhouse,AAF Nation,≤100
129854197080840,Councilman Scott Bracken,Scott Bracken,≤100
255544808211074,Ward 5 Alderwoman Lakeisha k Purchase,Friends of Lakeisha Purchase,≤100
343921409435899,WordStirs,Timothy Gene Byrne,≤100
110688788383469,abbysaavedraaa,These ads ran without a disclaimer,≤100
109981890907279,Foot Soldiers Park,These ads ran without a disclaimer,≤100
262420521267351,Sony Alpha Female,These ads ran without a disclaimer,≤100
616079045236845,tallyED,tallyED.com,≤100
96306740657,Out Youth,OUT YOUTH,≤100
764759586941054,UCB,These ads ran without a disclaimer,≤100
178710392177780,League of Women Voters  Door County,League of Women Voters of Wisconsin Inc Door County,≤100
137591309457,Legal Aid of Western Missouri,LEGAL AID OF WESTERN MISSOURI,≤100
150127528352944,Food Integrity Campaign,GOVERNMENT ACCOUNTABILITY PROJECT INC,≤100
105244485721816,Claudia Rodriguez For El Paso,Claudia Rodriguez for El Paso City Representative District 6,≤100
108072173995375,End MSOP,End MSOP,≤100
279483268818577,Nada Odeh Studio,These ads ran without a disclaimer,≤100
187713745097888,Save the Alamo,Save The Alamo Committee,≤100
243250049922183,Project bill dynamics,These ads ran without a disclaimer,≤100
110869008082357,Take Back Action Fund,Take Back Action Fund,≤100
107418177702609,Middle America News,Logan Thomas Corson,≤100
770927032923491,Pennsylvania Health Law Project,PENNSYLVANIA HEALTH LAW,≤100
100416560012896,Friends of the Everglades,FRIENDS OF THE EVERGLADES INC,≤100
182586558444730,National Family Farm Coalition,NATIONAL FAMILY FARM COALITION,≤100
449532451834913,Fishers Finery,Fishers Finery,≤100
111111011846702,Magaga2024,Renee Wilsman,≤100
768203756535426,West Virginia Mine Wars Museum,These ads ran without a disclaimer,≤100
188055037943644,North Dakota Family Alliance,North Dakota Family Alliance,≤100
1191336950894416,City of Carlsbad NM Government,Social Media Manager,≤100
758465954287686,Astellas Global Health Foundation,Astellas Global Health Foundation,≤100
38236386996,LSU Press,LSU Press,≤100
127691390582,PHI,"PARAPROFESSIONAL HEALTHCARE INSTITUTE, INC.",≤100
156919701454702,St. Louis Record,The Record,≤100
102728205110465,Rep. Diana Harshbarger,Office of Congresswoman Diana Harshbarger,≤100
120939708684,West Virginia Center on Budget and Policy,WEST VIRGINIA CENTER ON BUDGET AND POLICY,≤100
105495775564367,President Trump Updates,Logan Thomas Corson,≤100
1471192629573866,Brian Livingston for Frisco,Robert Brian Livingston,≤100
1700622986725945,Luke Orlando,Councilman Luke Orlando,≤100
110010433804232,Standing For Freedom Center,Standing for Freedom Center,≤100
458643554482238,Uri Velez La Sra de los Seguros,Euridis Velez,≤100
425771317501061,Michael Knowles,The Daily Wire,≤100
100913694925880,"Akalan Law Firm, PLLC","Akalan Law Firm, PLLC",≤100
674182529399211,Gun Owners Radio,Gun Owners Media LLC,≤100
169840807024913,Jobob,The Jobob Show,≤100
861272160620347,Texas Realtors PAC,Texas Realtors PAC,≤100
205238189588054,"Race, Racism and the Law",Professor Vernellia Randall,≤100
108552601274472,Kathleen Ramel,Kathleen Elaine Ramel,≤100
108180206470137,Iowans for Wind & Solar,270 Strategies,≤100
109430788042590,ROC Against Antisemitism,Daniel R Kinel,≤100
112525447904828,Pittsburgh Racial Justice Summit,MANDY LORRAINE KIVOWITZ-DELFAVER,≤100
85494514323,Urban League of Portland,Urban League of Portland,≤100
140219922694639,Pacoima Beautiful,PACOIMA BEAUTIFUL,≤100
983984624959389,Dear JCPS,"Dear JCPS, LLC",≤100
205448902831467,Idaho Family Policy Center,Idaho Family Policy Center,≤100
110133700706695,2 Queers In A Truck,2 Queers In A Truck,≤100
139058707251,Anera,AMERICAN NEAR EAST REFUGEE AID,≤100
107010494015560,Virginians for Clean Energy,270 Strategies,≤100
109643217946821,Independent Thinkers USA,CLAUDE DAVI9JZZZ BOROWSKY,≤100
728745887260738,Ben Queen,Friends of Ben Queen,≤100
201470373308396,BMO US,BMO Harris Bank,≤100
266602360083204,The Children's Trust,"CHILDREN'S TRUST, INC",≤100
106992736032001,causes.com,COUNTABLE,≤100
103974389650244,Amenders for Federal Spending Control,Mark Albert Meier,≤100
115851611042,The Max Foundation,THE MAX FOUNDATION,≤100
137606354090,South Carolina Republican Party,SOUTH CAROLINA REPUBLICAN PARTY,≤100
123651254408327,Sokolove Law,"Sokolove Law, LLC",≤100
1557434891170862,Derek Green,GREEN FUND,≤100
280569155330326,AFP - Iowa,AMERICANS FOR PROSPERITY,≤100
59512067962,Housing Opportunities Made Equal of Virginia (HOME),"HOUSING OPPORTUNITIES MADE EQUAL OF VIRGINIA, INC",≤100
1883837055193241,Shield Republic,Shield Republic,≤100
64468870451,Premiere Speakers Bureau,Premiere Speakers Bureau,≤100
1759469824070443,Rational Middle: Immigration,"Rational Middle Media Group, LLC",≤100
223922031074790,The Abortion Survivors Network,The Abortion Survivors Network,≤100
101898606040307,Health-USA,HealthUSA Org,≤100
112022491619318,American Apex News,Logan Thomas Corson,≤100
192771954102960,Jordan Sekulow,American Center for Law and Justice,≤100
41137303496,Skindinavia,These ads ran without a disclaimer,≤100
107934381079489,Select Fire Apparel,Mark Anthony Penn,≤100
280002152055400,Untold News,These ads ran without a disclaimer,≤100
102590994772178,Social Democratic Advocacy,These ads ran without a disclaimer,≤100
633469933820382,Marina Martinez Seguros,Marina Martinez,≤100
45372564473,The Mark Twain House & Museum,MARK TWAIN MEMORIAL,≤100
288369791569,SEIU 721,SEIU Local 721,≤100
110582211890855,Hanif Khan Khokhar,These ads ran without a disclaimer,≤100
118248133794875,gunslingersaloon,These ads ran without a disclaimer,≤100
108658308760224,Maxbub Yusuf Mohamuod,These ads ran without a disclaimer,≤100
111204039054580,Konni Burton,Konni Burton,≤100
101623908045515,Marshall County TN GOP,Julie Lynnette Quan,≤100
710460605705480,Dugit Outreach Center,Dugit Messianic Outreach Center,≤100
101930385197156,Alianza Center,"Alianza Center, Inc.",≤100
276656699137,New Mexico Voices for Children,NEW MEXICO VOICES FOR CHILDREN,≤100
110776702403268,Right to Life Northeast Indiana,ALLEN COUNTY RIGHT TO LIFE,≤100
139808836695032,Sage Therapeutics,These ads ran without a disclaimer,≤100
113451652001328,Harvest Rock Church,HARVEST ROCK CHURCH,≤100
12895323492,The Block Museum,"Block Museum of Art, Northwestern University",≤100
107156032037486,Derrick Evans,Jonathan Evans,≤100
395807533962494,CASA of Berks County,CASA OF BERKS COUNTY,≤100
108337961678611,Money PPL,These ads ran without a disclaimer,≤100
584304448344197,Love Wisconsin,These ads ran without a disclaimer,≤100
230180824062538,Councilman Anand Shah,Anand U Shah,≤100
73970658023,International Rescue Committee,International Rescue Committee,≤100
138434734461,CIIS Public Programs,CIIS Public Programs,≤100
143677396827,SAMHSA Minority Fellowship Program at ANA,"American Nurses Association, Inc.",≤100
54744548521,Minnesota Citizens Concerned for Life - MCCL,MINNESOTA CITIZENS CONCERNED FOR LIFE,≤100
161013040611385,Friends of Haiku Stairs,FRIENDS OF HAIKU STAIRS,≤100
111600070708637,Alderwoman Monet S. Wilson,Citizens to Elect Monet S. Wilson,≤100
105990415642100,DeSantis Supporters,Logan Thomas Corson,≤100
19990774371,Delegate Nic Kipke,Friends of Nic Kipke,≤100
164223783681838,Tax Talk Today,"Tax Talk Today, Inc.",≤100
209423929079677,Claims Conference (Conference on Jewish Material Claims Against Germany),These ads ran without a disclaimer,≤100
166928823355401,Protect Wisconsin Families,"A Better Wisconsin Together, Inc.",≤100
106278332334317,jamescyrus00,These ads ran without a disclaimer,≤100
161266363960672,«100% життя» - Мережа ЛЖВ,These ads ran without a disclaimer,≤100
1621211201473752,OKTreasure.com,Oklahoma State Treasurer's Office,≤100
164049599660,Catholic Relief Services en español,CATHOLIC RELIEF SERVICES,≤100
101474672367263,YouthxYouth,These ads ran without a disclaimer,≤100
14660729657,The Christian Science Monitor,These ads ran without a disclaimer,≤100
2165441450136848,"Issues with Mail Order Pharmacy, Corporate Retail Pharmacy, & PBMs",Unite For Safe Medications,≤100
135147466526831,Audacy,"Audacy, Inc.",≤100
66237904047,Marine Fish Conservation Network,Marine Fish Conservation Network,≤100
169668596476550,AFSCME en Español,AMERICAN FEDERATION OF STATE COUNTY & MUNICIPAL EMPLOYEES,≤100
1949064322040283,Principles,"Principles, LLC",≤100
102432685699079,Dr. Sydnee Smirl McElroy for House of Delegates,McElroy for House of Delegates,≤100
713699485494217,UPTheVote901,Earl Jawaune Fisher,≤100
105502959483490,Remember in November,Antonina Rosa Gagliano,≤100
103830044798190,Gregorian Rant,Gregory Richard Schlueter,≤100
104306125086328,Every Day Monkey Latest,These ads ran without a disclaimer,≤100
104308875463441,Liz Ortega for Assembly,Liz Ortega for Assembly,≤100
14182731186,Texas Appleseed,TEXAS APPLESEED,≤100
133545795918,Erie County Democratic Committee,Erie County Democratic Committee,≤100
166384506863088,All Above All,All* Above All,≤100
1005921859473046,Legacy Housing,Legacy Housing,≤100
104251635566376,Soldiers of America,These ads ran without a disclaimer,≤100
308773509473974,ClimbAID,These ads ran without a disclaimer,≤100
56844830907,ESET,These ads ran without a disclaimer,≤100
1352874084790500,Fresenius Kabi,These ads ran without a disclaimer,≤100