﻿Page ID,Page name,Disclaimer,Amount spent (USD)
101605572118417,Qarabağ Dirçəliş Fondu,Qarabağ Dirçəliş Fondu,≤100
1105365056168613,AbzasMedia,AbzasMedia,≤100
643654899036233,İnnovasiyalar Mərkəzi / Innovations Center,İnnovasiyalar Mərkəzi,≤100
104355860955968,Press Klub,Press Klub,≤100
1431548557163783,Caliber News,Caliber LLC,≤100
806234346120161,Toplum TV,Toplum tv,≤100
100202725184190,Caliber.Az,Caliber LLC,≤100
615040838898606,Angry Birds Dream Blast,These ads ran without a disclaimer,≤100
107255097582776,Tərəzi,These ads ran without a disclaimer,≤100
275213021004357,Gündəlik Naxçıvan,These ads ran without a disclaimer,≤100