﻿Page ID,Page name,Disclaimer,Amount spent (USD)
104727611304372,منظمة الشراكة المجتمعية,سفيان الدبيب,≤100
102697318856209,حزب السلام والازدهار,السلام والازدهار,≤100
112437831252270,محمد خالد الغويل,محمد خالد الغويل,≤100
107100225483806,مكتب النائب الأول بالمجلس الأعلى للدولة,Mohammed Alnuwayli,≤100
107571555406575,اللجنة الفرعية لانتخاب المجلس البلدي بني وليد,These ads ran without a disclaimer,≤100
107419398838282,Global Digital Inclusion Partnership,These ads ran without a disclaimer,≤100
270082823183144,Canton Fair,These ads ran without a disclaimer,≤100
31292782350,Deutschland.de,These ads ran without a disclaimer,≤100