﻿Page ID,Page name,Disclaimer,Amount spent (THB)
161651553861945,Amnesty International Thailand,Amnesty International Thailand,138
1105604039583762,Line One สว.นท. ขอเชิญส่งประวัติ ส่วนตัว องค์กร เพื่อเข้ารับรางวัลประจำปี,Line One สว.นท. ขอเชิญส่งประวัติ ส่วนตัว องค์กร เพื่อเข้ารับรางวัลประจำปี,≤100
451864701523507,Infographic Thailand,Infographic Thailand,≤100
345127652279503,มูลนิธิสากลเพื่อคนพิการ,มูลนิธิสากลเพื่อคนพิการ,≤100
651699931624315,Techsauce,Techsauce,≤100
108515294626891,สอบข้าราชการท้องถิ่น By Thurakan,สอบข้าราชการท้องถิ่น By Thurakan,≤100
231701717614410,ชายโช วินเทจ,These ads ran without a disclaimer,≤100
108480414745082,Spotlight,Spotlight,≤100
105992549162758,ข่าวชีวิตติดกระแส,บริษัท เดนิส แอดส์ จำกัด,≤100
172924186944709,GeneusDNA : จีเนียส ดีเอ็นเอ - ดูแลสุขภาพระดับ DNA,These ads ran without a disclaimer,≤100
575650389288407,Toyota Motor Thailand,These ads ran without a disclaimer,≤100
105711950893323,The Modernist,บริษัท โอพีเนียน มีเดีย จำกัด,≤100
622674297897819,Screenshirt2020,Screenshirt2020,≤100
365100400205685,Logitech,These ads ran without a disclaimer,≤100
2046265545683549,เชียร์ลุง,เชียร์ลุง,≤100
106664485191987,EDGE Invest,EDGE Invest,≤100
111341764925564,สำนักสนับสนุนการพัฒนาระบบสุขภาพ - สำนัก 7 สสส.,สำนักสนับสนุนการพัฒนาระบบสุขภาพ - สำนัก 7 สสส.,≤100
104393812499502,ชีทสรุปกฎหมาย สำหรับสอบราชการ พนักงานราชการ by.kantap,ชีทสรุปกฎหมาย สำหรับสอบราชการ พนักงานราชการ by.kantap,≤100
674071462670652,LINE for Business,These ads ran without a disclaimer,≤100
107612328588715,The Voters,The Voters,≤100
107693982363714,เรียนรู้ตลอดชีวิต - Lifelong Learning,These ads ran without a disclaimer,≤100
357567608297722,ดร.สฤษฏ์พงษ์ เกี่ยวข้อง,ดร.สฤษฏ์พงษ์ เกี่ยวข้อง,≤100
106500602280120,เตรียมสอบข้อราชการท้องถิ่น อปท. กพ.,เตรียมสอบข้อราชการท้องถิ่น อปท. กพ.,≤100
103147549226768,ทาวี่ สิ่งที่ดีสำหรับผู้หญิง,These ads ran without a disclaimer,≤100
101903785231136,นายกไก่กังวาล ศักดิ์ชัย พิศาลผล,นายกไก่กังวาล ศักดิ์ชัย พิศาลผล,≤100
110766468644579,อนันต์ ปรีดาสุทธิจิตต์,อนันต์ ปรีดาสุทธิจิตต์,≤100
418729291509368,สถาบันปรีดี พนมยงค์ Pridi Banomyong Institute,สถาบันปรีดี พนมยงค์ Pridi Banomyong Institute,≤100
108876478142078,Maxtive Banana,These ads ran without a disclaimer,≤100
104553005992573,Short Note & Sheet สรุปสอบข้าราชการ และใบงาน,Short Note & Sheet สรุปสอบข้าราชการ และใบงาน,≤100
101876555117469,OT Design รับออกแบบและผลิตเสื้อพิมพ์ลาย เสื้อบริษัท เสื้อกีฬา ราคาโรงงาน,These ads ran without a disclaimer,≤100
1466273283637782,XChange English ติว TOEIC TOEFL,These ads ran without a disclaimer,≤100
190744968374504,British Council Thailand English,These ads ran without a disclaimer,≤100
101596418909602,Nuuw นัว ผงนมซินไบโอติก ที่ไม่ได้มาจากสัตว์ หอม มัน อร่อย ไฟเบอร์เน้นๆ,These ads ran without a disclaimer,≤100
856383837771145,รับสมัครนักศึกษา มหาวิทยาลัยกรุงเทพธนบุรี by ดร.หวาน,These ads ran without a disclaimer,≤100
197893846914616,"NIA : National Innovation Agency, Thailand",These ads ran without a disclaimer,≤100
150271398942624,อัศจรรย์เมืองพุทธ,These ads ran without a disclaimer,≤100
2263098807292933,ทนายศฤงคาร  ข่ายสุวรรณ์,These ads ran without a disclaimer,≤100
114914794432449,กฎหมายใช้สอบราชการ by Æ+,กฎหมายใช้สอบราชการ by Æ+,≤100
134501584479,The 1,These ads ran without a disclaimer,≤100
177948972256358,เอกนัฏ พร้อมพันธุ์ (ขิง),เอกนัฏ พร้อมพันธุ์ (ขิง),≤100
102137021956320,SN 2 HAND เสื้อผ้ามือสอง,These ads ran without a disclaimer,≤100
190923294988741,สอบครูผู้ช่วยนะ,สอบครูผู้ช่วยนะ,≤100
102965485781275,Fashion & Shoes  รองเท้ามือสอง รองเท้าแฟชั่น,These ads ran without a disclaimer,≤100
2147352858864607,เตรียมสอบบรรจุ ข้าราชการท้องถิ่นและครูผู้ช่วย อปท.,These ads ran without a disclaimer,≤100
115169894791381,90นาที,These ads ran without a disclaimer,≤100
189649487736819,IPD Forum - ภาษาไทย,These ads ran without a disclaimer,≤100
101247426389928,Fhkhla.co-6,These ads ran without a disclaimer,≤100