﻿Page ID,Page name,Disclaimer,Amount spent (GTQ)
161800283848513,CREO,CREO,2028
110582257361172,Partido Azul,Partido Azul,1423
436246383083297,TODOS,TODOS,816
167924689961661,Unidad Nacional de la Esperanza,Unidad Nacional de la Esperanza,584
110226594945647,Partido BIEN,Partido BIEN,565
1612828795636861,Movimiento Semilla,Movimiento Semilla,558
331961940541181,Partido Victoria,Partido Político Victoria,458
142373979127061,Partido Unionista,Partido Unionista,412
101555919274873,Mi Familia,Mi Familia,327
587975455360002,MLP Guatemala,Movimiento para la Liberación de los Pueblos,303
1849068175149032,Movimiento Político WINAQ,Movimiento Político WINAQ,240
414127029025760,CABAL,CABAL,225
102762215788405,VOS.gt,VOS.gt,209
187073013532,Partido VIVA,Partido Visión con Valores,199
109189810962889,Comunidad Elefante,Comunidad Elefante,159
101372268406640,Unión Republicana,Unión Republicana,141
268285610002238,FCN Nación,FCN Nación,115
1501486846837742,Renato Marroquín.,Renato Marroquín.,111
104363285138486,Nosotros Guatemala,Partido Político Nosotros,102
142556265766634,Guatemala Visible,Guatemala Visible,≤100
100228912981471,PAN - Partido de Avanzada Nacional,PAN - Partido de Avanzada Nacional,≤100
122407921162127,Roberto González,Roberto González,≤100
468114850661437,Noticias guate,Noticias guate,≤100
103639884893606,PIN,PARTIDO DE INTEGRACIÓN NACIONAL PIN,≤100
108683092124094,Ruta 23,Ruta 23,≤100
96594798704,Movimiento Cívico Nacional - MCN,Movimiento Cívico Nacional,≤100
312457492980456,Opinión Gt,Opinión Gt,≤100
126993096978554,Quiñónez NO cumple,Quiñónez NO cumple,≤100
100567842339226,Noticias URNG Maíz,Noticias URNG Maíz,≤100
115437731462293,WINAQ Jocotenango,WINAQ Jocotenango,≤100
341441999835173,La Plaza 2015,La Plaza 2015,≤100
100169482992019,Sebastián Arzú,Sebastián Arzú,≤100
113365157671290,Unionista Depto. Chimaltenango,Unionista Depto. Chimaltenango,≤100
108582952182028,Guate Decide,Guate Decide,≤100
754661271544464,El Sol de Mixco,El Sol de Mixco,≤100
1404730796454217,Paz Joven Guatemala,Paz Joven Guatemala,≤100
101725222007513,Mixco No Es Un Chiste,Mixco No Es Un Chiste,≤100
281554395331686,República,"Republica GT, S.A.",≤100
174740409237665,TSE Guatemala,TSE Guatemala,≤100
238268799547266,TV Azteca Guatemala,TV Azteca Guatemala,≤100
100747189646660,Política a la Tortrix,Política a la Tortrix,≤100
100787018649683,Más Media,Más Media,≤100
108748214736261,Partido Republicano -PR-,Partido Republicano -PR-,≤100
107390778294561,Lewis Logan-Podemos Escuintla,Lewis Logan-Podemos Escuintla,≤100
111314650348631,Ahora Sí Guatemala,Ahora Sí Guatemala,≤100
124187513936178,Denuncia Chapín,Denuncia Chapín,≤100
101692028646792,El Chisme Guate,El Chisme Guate,≤100
110342054463001,Mientras tanto en Guate,Mientras tanto en Guate,≤100
104932142559955,Femi-Nación,Femi-Nación,≤100
106555824384543,Detrás de la Política,Detrás de la Política,≤100
119274074432076,Ciudad Metrópolis,Ciudad Metrópolis,≤100
107464588969389,Denuncia GT,Denuncia GT,≤100
122577984102328,Cotilleo,Cotilleo,≤100
360533107902022,El Quetzal de la Nación,Quetzal Nación,≤100
107186558438030,GT Noticias Guate,GT Noticias Guate,≤100
101783548637407,Antigua News,Antigua News,≤100
127324563607442,Emerson García,Emerson García,≤100
101220908193802,Toque de queda,Toque de queda,≤100
105602585885874,La Corte de los Chapines,La Corte de los Chapines,≤100
127019003713574,Bukelistas Guate,Bukelistas Guate,≤100
104917155362067,Roberto Arzu García-Granados,Roberto Arzu García-Granados,≤100
101195172935082,AveriGuate,AveriGuate,≤100
1212640285520369,Asociación Política Caminemos,Asociación Política Caminemos,≤100
106046418877955,GuateNoticias,GuateNoticias,≤100
111949081919208,GuaTelevision,GuaTelevision,≤100
114322204614011,Afiliados VALOR Barillas.,These ads ran without a disclaimer,≤100
744048319050593,Partido Humanista de Guatemala -PHG-,Partido Humanista de Guatemala -PHG-,≤100
105805305625744,VALOR San Antonio La Paz,VALOR San Antonio La Paz,≤100
102490342357338,Byron Geovanny Orellana Orellana,Byron Geovanny Orellana Orellana,≤100
115570081554830,No Somos Los Mismos - Elefante,The Advertising Strategists,≤100
109312665510690,Politica Chapin,Politica Chapin,≤100
249889355058521,Red Ciudadana,These ads ran without a disclaimer,≤100
2205029029532409,Peten Vota Consciente Y Decide,Peten Vota Consciente Y Decide,≤100
1404730796454217,Paz Joven Guatemala,These ads ran without a disclaimer,≤100
398016353581399,SOY Mixqueño ¿Y QUE?,These ads ran without a disclaimer,≤100
106908785419555,Goberna Guatemala,Goberna,≤100
249889355058521,Red Ciudadana,Red Ciudadana,≤100
116740217976587,Bartolomé Chocoj Camey,Bartolomé Chocoj Camey,≤100
122916017388418,Salamandra Torres,Salamandra Torres,≤100
115808381519839,Los Niños de Mulet,Los ninos de mulet,≤100
304499560287545,Mariano Portillo,These ads ran without a disclaimer,≤100
121910940906050,Fuera de pajas,These ads ran without a disclaimer,≤100
2566080786769905,HIBS,These ads ran without a disclaimer,≤100
107966695596056,Amigos MIXCO sin fronteras,Amigos MIXCO sin fronteras,≤100
104427078644876,Ojo Ciudadano TV,Ojo Ciudadano TV,≤100
313343692104320,Resistencia y Liberación,These ads ran without a disclaimer,≤100
119057720784594,El Búho,El Búho,≤100
284789371700753,Paco Escobar,These ads ran without a disclaimer,≤100
439669373244263,Yo APOYO A SUGER,Yo APOYO A SUGER,≤100
117622244670758,Celeste Hamm,Celeste Hamm,≤100
379424505547,OACNUDH - Guatemala,Oficina del Alto Comisionado de las Naciones Unidas para los Derechos Humanos en Guatemala,≤100
353485527057,Manuel Antonio Baldizón,These ads ran without a disclaimer,≤100
109375942186612,NUEVO Liberalismo PARA Guatemala,These ads ran without a disclaimer,≤100
116583394634166,Todos Por Escuintla,Todos Por Escuintla,≤100
109725168685982,Juntos Podemos Cobán,These ads ran without a disclaimer,≤100
107592792281275,Valor Nentón,Valor Nentón,≤100
135019416549522,La Hora,La Hora,≤100
765790550460228,Comité Cívico Justicia,Comité Cívico Justicia,≤100
298696726936594,Senacyt/concyt,These ads ran without a disclaimer,≤100
105661345802501,Partido político Victoria Huehue,Partido político Victoria Huehue,≤100