﻿Page ID,Page name,Disclaimer,Amount spent (NGN)
102869596002305,Office Of The Citizen Nigeria,Fix Politics,603
753031955030992,Atiku-Okowa.com,One Nigeria Movement,538
101300476067946,The Northern Umbrella Forum,Northern Umbrella Forum,222
105208365731340,F-SAO4Tinubu/Shettima2023,Emmanuel Oko,211
107659108870484,infolasiama,Osasona Oluwasina,149
660685641036325,Sandeco Group,Vincent Southey Effiong,128
100509629482213,The South-South Umbrella Forum,The South-South Umbrella Forum,120
103018869332378,BantuPage,Ikechukwu Orji,≤100
101075832871727,Progressives For Renewed Hope,Progressives For Renewed Hope,≤100
102846336004998,Abibat Mogaji Beneficiaries Vanguard 4 Bola Ahmed Tinubu-AMBV4BAT,Odunbaku Sodiq Adekunle,≤100
102846336004998,Abibat Mogaji Beneficiaries Vanguard 4 Bola Ahmed Tinubu-AMBV4BAT,Adetunji Salman Akorede,≤100
241499009731835,Ifeanyichukwu Ibezi,Ifeanyichukwu Ibezi,≤100
101622722635138,Advocacy For Good Governance,Nnadi Sunny,≤100
194110890622942,Leadership News,Leadership News,≤100
100202924924063,Page 36,Page 36,≤100
100486959387581,Ada Ogbu Nara,Chisom Okechukwu Kenneth,≤100
119921809408007,Don King Media,Don King Media,≤100
241652942562933,Yomi Idowu,Adfol Global Enterprise,≤100
548855585503561,Panda-tut  Enterprises Limited,Panda-tut Enterprises Limited,≤100
104180761873736,Massive Entertainment.ng,Massive Entertainment,≤100
103479562082984,Frontline Youth Creativity Initiative,Frontline Youth Creativity Initiative,≤100
260451584306863,"Rep. Ogundu Kingsley Chinda, MHR",Hanacho Marvin Chinda,≤100
103004258030272,Imoh Inyangette,Imoh Inyangette,≤100
101075832871727,Progressives For Renewed Hope,These ads ran without a disclaimer,≤100
1924396441113309,Onogwu Muhammed,Martins Onuorah,≤100
110321555118628,Western Spring Television,Adedayo Tolulakin Oderinu,≤100
110094407029443,Hyellagiziya Naiwa Fakuta,Hyellagiziya Naiwa Fakuta,≤100
111271261379124,Effective Campaign Management Media,Effective Campaign Management Media,≤100
103730501658351,Freelance And Independent Broadcasters' Association of Nigeria.,These ads ran without a disclaimer,≤100
101813086045206,Hon. Suleiman Abdulrazak Sariki,Hon. Suleiman Abdulrazak Sariki,≤100
107655665420852,South West Umbrella Forum,South West Umbrella Forum,≤100
107676437643727,Inuwa Media Vanguard,Inuwa Media Vanguard,≤100
109466785028287,Prince Dr Emeka Eze,Michael Obiekwe,≤100
101620952700531,Babandi Ibrahim,Babandi Gumel Ibrahim,≤100
1746241522274014,Hajiya Maryam Mairo Aminu Waziri Tambuwal Online Forum,Amiru Adamu,≤100
280983209099426,Isa Ashiru Kudan,Bamali Surajoddeen Saad,≤100
208685479508187,U-Report Global,These ads ran without a disclaimer,≤100