﻿Page ID,Page name,Disclaimer,Amount spent (COP)
75884689790,Colectivo de Abogados,Colectivo de Abogados,96023
1988052664633312,Maria Fernanda Hidalgo,Edwin Narváez Suarez,31067
499121313802137,Túnel Guillermo Gaviria Echeverri,Túnel Guillermo Gaviria Echeverri,26417
101071764864119,Dulce Veneno,Dulce Veneno,25394
310454127055,Politécnico Grancolombiano,Sergio Fernando Gallo Suarez,18047
130834367164,Red PaPaz,Red PaPaz,11256
2176990602583797,El Politicón,El Politicón,5910
969143216462972,Felipe Cañizalez,Andreina Quintero Correa,5761
630176134073761,La Fuerza De La Paz,La Fuerza De La Paz,4776
106592632188718,Yolanda Rivera Bravo,Yolanda Rivera Bravo,3457
1147318942107929,Todos Somos Una,DEBRAIN LLC,2134
167222580002790,Clara Luz Roldan Gonzalez,Clara Luz Roldán,2093
643513979193133,Unidos por Beatriz,Neuma,1431
103727635426939,Alexandra Vásquez Ochoa,Leider Alexandra Vasquez Ochoa,1243
381464961911270,Cruz Roja Antioquia,Cruz Roja Colombiana Seccional Antioquia,978
765302097170348,Línea Cero,Linea Cero,868
597006313643580,Gobernación del Valle del Cauca,Gobernación Valle del Cauca,864
1383605158583178,Chicho Avanzando Ando,German Dario  Rodríguez Parro,848
105896879028919,MarcosUrrutia,Esteban Danilo Martinez Reyes,791
706214723142462,Oscar David Benavides A,Oscar David Benavides Angulo,679
108123275106289,Politólogos Digitales Colombia,Marbel Dayanna Carvajalino O'meara,619
1823807254333065,Soy Más País,Soy Mas Pais,612
581095835894514,Noticentro 1 CM&,Noticentro 1 CM&,602
96595416468,Lilia Solano,Lilia Solano,567
851680034864966,Proantioquia,FUNDACION PARA EL DESARROLLO DE ANTIOQUIA. ANTIOQUIA POR COLOMBIA,442
109581228202676,Luis Fernando Velazquez Bueno,Luis Fernando Velazquez Bueno,433
102189475407642,Eder Regalado,Eder Luis Regalado Matos,371
290184608374169,Sebastian Calderon,Sebastian Calderón,321
111719385103460,celestial_store,celestial_store,306
796351137185855,Dirección Nacional de Bienestar UNAL,These ads ran without a disclaimer,299
117697916615780,Julián López,Julián David López Tenorio,287
861234197280988,Stefany Gómez Concejala de Armenia,Stefany Gomez Murillo,268
797815127058039,Delighttourscancun,These ads ran without a disclaimer,248
415910721915879,Hector Fabio Velasco Hernandez,Hector Fabio Velasco,242
1400280116941194,Fabian Diaz,Fabian Diaz,224
103018426046275,German es el Man,German Montes,200
179003239458192,Jorge Humberto Rangel,Jorge Rangel,157
838927469815494,Diana Diago,Diana Marcela Diago,136
446016199240073,SERGIO MENDOZA,Sergio Mendoza,122
835710939898329,Paulina Aguinaga,Paulina Aguinaga,112
185965224778568,Diario Occidente,Nuevo Diario Occidente,102
201014753267112,Andrés Fernando Mesa Valencia,Andres Fernando Mesa Valencia,102
237316706446146,Alianza Francesa de Pereira,Alianza Francesa de Pereira,≤100
378127682385944,Julián Peinado Ramírez,Julián Peinado,≤100
1391674454185591,Concejal Kelly Ortiz,Kelly Ortiz,≤100
1529335724037224,Aeropuerto del Café,INTUAL,≤100
2669717723253920,Luis Fernando Llanos,Luis Fernando Llanos Pabon,≤100
1668886976475466,David Gutierrez Mantilla,Jorge Luis,≤100
366815896693520,Milo Claure,These ads ran without a disclaimer,≤100
106883638833589,El Cambio Posible,These ads ran without a disclaimer,≤100
148349507804,El Tiempo,These ads ran without a disclaimer,≤100
101170393279528,Rodrigo Villalba Mosquera,Martha Diaz,≤100
1539026686130981,puentearanda.com,Gio Guerrero,≤100
1649671688486614,Juan Carlos Muñoz Sepulveda,Juan Carlos Sepulveda Muñoz,≤100
102063637989368,Alcaldía De Teruel - Teruel Merece Lo Mejor,Julian Camilo Hidalgo Caliz,≤100
103084375858203,Mi Campaña Aplicación,BJS inversiones,≤100
107703155980813,EarlyRise,These ads ran without a disclaimer,≤100
112860947877990,rpfjacques,These ads ran without a disclaimer,≤100
956534247873612,Red Iberoamericana de Sociología Computacional,These ads ran without a disclaimer,≤100
80400703949,Embajada de los Estados Unidos Colombia,Embajada de los Estados Unidos Colombia,≤100