﻿Page ID,Page name,Disclaimer,Amount spent (ZAR)
6011868110,Democratic Alliance,Democratic Alliance,156
136956534616,Times LIVE,TimesLIVE,153
581475018952196,Good,GOOD Political Party,150
133307190069756,Amnesty International South Africa,Amnesty International South Africa,137
54779960819,United Nations,United Nations with Facebook Ad Credits,103
102765088210163,Action SA,ActionSA,≤100
478479492268974,Sunday Times ZA,Sunday Times,≤100
106172744063430,The Daily Friend,The Daily Friend,≤100
187645864452,Vryheidsfront Plus / Freedom Front Plus,Vryheidsfront Plus / Freedom Front Plus,≤100
2145594122138312,Action Society,Action Society,≤100
119736861394881,Financial Mail,BusinessLIVE,≤100
105758608971668,Free Speech Union South Africa,Free Speech Union South Africa,≤100
107169379305548,TLU SA,TLU SA,≤100
102265308016316,Al Jama-ah,Al Jama-ah,≤100
181204251979581,NEASA,National Employers' Association of South Africa,≤100
109136451414156,Educate Don't Indoctrinate,Educate Don't Indocrinate,≤100
103278761413963,Empowering SA,Empowering SA,≤100
446648162438519,Thisisacumen,Acumen Media Management,≤100
141100792595323,Community Chest Durban,Gordon Mc Donald,≤100
144985128871748,City of Cape Town,Sanelisiwe Owethu Ntabeni,≤100
311936835992045,Dear South Africa,DearSA,≤100
103131862424141,IZWE LETHU PARTY,IZWE LETHU PARTY,≤100
108285465454919,Cllr Tefo Raphadu Office Services Delivery Customer,These ads ran without a disclaimer,≤100
293389669120488,Blushing Brides,These ads ran without a disclaimer,≤100
1556481434584901,Paul Xavier,These ads ran without a disclaimer,≤100