﻿Page ID,Page name,Disclaimer,Amount spent (INR)
54779960819,United Nations,United Nations with Facebook Ad Credits,8295
103704155350118,Gates Foundation India,The Bill & Melinda Gates Foundation,7902
21169267101,Give,Give,737
106381020732219,Kerala Infrastructure Investment Fund Board,KIIFB,405
109707661884154,Indian Compass,theindiancompass.com,353
101850402597215,divyagokulnath,These ads ran without a disclaimer,331
107203148110541,Action Speaks Louder,These ads ran without a disclaimer,331
104189219000551,BOC Global,Webeaz Technologies Pvt Ltd,301
108423747654037,Ismail Moothedam,Ajmal Ali,284
1521106071438318,CMO Chhattisgarh,Clarion IT,236
1488581191158902,Conscious Planet,Isha outreach,220
174283119250672,Save the Children India,Bal Raksha Bharat,204
221187861407118,BabyCare,BabyCare,173
110846984022901,MPIDC,Anand Raj Singh,167
1196196390526965,Facebook Surveys,These ads ran without a disclaimer,165
256454001214776,𝐖𝐞 𝐎𝐧𝐞 𝐍𝐞𝐰𝐬 𝐓𝐡𝐨𝐝𝐮𝐩𝐮𝐳𝐡𝐚,𝐖𝐞 𝐎𝐧𝐞 𝐍𝐞𝐰𝐬 𝐓𝐡𝐨𝐝𝐮𝐩𝐮𝐳𝐡𝐚,153
113125761613615,Namma CM Bommai,Recro Media,143
100735178208398,Udyami India,Samadhan Samiti,133
20386543316,WWF-India,Mukesh Nauhwar,118
1241460589284311,Janaushadhi Medical Store,Arun Kumar G,117
109986065209042,Mera Apna Rahul,Mera Apna Rahul,110
248175202388719,DaMENSCH,These ads ran without a disclaimer,107
132495066874513,GAIL (India) Limited,social cloud ventures,101
100464787986946,Poonoor Diagnostic Centre,Abdul Rashid,≤100
132689140088396,smilefoundation,Smile Foundation,≤100
110540565228341,Ganguly H Kurabathalli,Ganguly H Kurubathalli,≤100
411129449009589,K.C. Venugopal,K.C.Venugopal,≤100
102029621784239,Dhareppa Thakkannavar,Dhareppa Thakkannavar,≤100
180004642020645,IIHMR University,These ads ran without a disclaimer,≤100
101989165801500,Madhya Pradesh Updates,Madhya Pradesh Updates,≤100
103782051383159,School of Politics,School of Politics,≤100
270666596375251,Jhatkaa.org,Jhatkaa.org,≤100
104052753400618,Union Bank of India,Goldmine Advertising Limited,≤100
109986065209042,Mera Apna Rahul,MeraApnaRahul,≤100
101713962007976,Amrit Mahotsav,Amrit Mahotsav,≤100
524665794408050,CASA,Arushi Narchal,≤100
111625317182506,Inayat Ali,DesignBoxed,≤100
100878375837253,Happiesthealth,These ads ran without a disclaimer,≤100
109324341847519,Basavaraj Bommai Fans Club,Recro Media,≤100
103206797721245,Tollygunge Trinamool Congress,Mohammad Azharuddin,≤100
104516512296314,Kartikeya Sharma,Adv Tech,≤100
109064395797060,Bharti Foundation,These ads ran without a disclaimer,≤100
761826677309909,Bhupinder Lather,Book My Promo,≤100
1577756745792850,Kalliyath Group,These ads ran without a disclaimer,≤100
581568278627202,Jitendra Awhad,Mohasin Azad Shaikh,≤100
204318116677554,National Herald,National Herald,≤100
110073434980235,Mera Madhya Pradesh,Mera Madhya Pradesh,≤100
102973272373231,Madhya Pradesh CM Report Card,Madhya Pradesh CM Report Card,≤100
103206797721245,Tollygunge Trinamool Congress,Nargis Khatun,≤100
107572844339420,SunFuel,These ads ran without a disclaimer,≤100
108716531641352,Renewable Energy Expo,Water Today Pvt Ltd,≤100
466642616726169,Parul University,Parul University,≤100
385658441549334,Deepak Bhati Chotiwala,Dipak Bhati,≤100
105671775473178,Jan Suraaj,Jan Suraaj,≤100
224753514204375,Janaagraha,Janaagraha Centre for Citizenship and Democracy,≤100
1510631479236816,Hawa Badlo,social cloud ventures Pvt Ltd,≤100
104448388052782,Sathishsri Raja Tamilnadu BJP State General Secretary Minority,Aruldhas Arul Raja,≤100
647244058952240,Jaypal Singh Chawda,Shakti Singh Rajput,≤100
107113000831690,Dr.Manik Saha,maniksaha.com,≤100
476623509093274,Rajesh Naik U,Rajesh Naik,≤100
605390272841833,Shrirang Appa Barne,Abhay Balu Ahire,≤100
1419109681659828,The Hans Foundation,These ads ran without a disclaimer,≤100
107395897271506,Kutumb,Swatantra Verma,≤100
285029500623,CARE India,CARE India,≤100
243524299157863,Pushkar Singh Dhami,Pushkar Singh Dhami,≤100
953600271404690,BJP Meghalaya,Bharatiya Janata Party,≤100
107802952127524,ICCMO INDIA 2023,ICCMO INDIA 2023,≤100
106126212227764,P Mudar Loan,Mukeshbhai Samatbhai Rathod,≤100
209326756435298,K C Palanisamy,K C Palanisamy.AIADMK,≤100
552159824873262,Kethireddy M.L.A,Venkata Krishna Reddy Kethireddy,≤100
105340265062346,newswithnavya,These ads ran without a disclaimer,≤100
985563114862975,ಮೋಹನ್ ದಾಸರಿ - Mohan Dasari,Mohan Dasari,≤100
2073183832762291,Meri Neta - Priyanka Gandhi,Jitender Kumar Bhardwaj,≤100
408255699307921,Dr. Manoj Rajoria,Saurabh Saini,≤100
165714096933078,Piyush Goyal,Piyush Goyal,≤100
102964555630139,Meghalaya with Conrad,Meghalaya with Conrad,≤100
1874218276157956,Media Trends,These ads ran without a disclaimer,≤100
184278081698180,Ashok Gehlot,Ashok Gehlot,≤100
101091045259649,I.Saravanan,Boopathi Raja,≤100
104867526497,Frontlist,Frontlist,≤100
384000501947350,Devendra Yadav,Think First,≤100
600061223342178,Ghanshyam Tiwari,Aashish Tiwari,≤100
263426780493993,Rajesh Pahalwan Purkhasia,Rajesh Kumar,≤100
224618077692752,Sanjay Tandon,Saraansh Tandon,≤100
339835596096353,Satish Poonia,Choudhary Ramesh Chaudhary,≤100
739221966159227,Rajesh Singh,Adv Tech,≤100
105560431512954,Boopathi Raja K,Boopathi Raja,≤100
100424682431133,sunfuelelectric,These ads ran without a disclaimer,≤100
109440785244401,Red Pix 24x7,Felix Gerald G,≤100
150727778825020,Mobius Foundation,Mobius Foundation,≤100
1785302198354679,Dr. Somendra Tomar,Somendra Singh,≤100
148931718592314,Tarun Chugh,Adv Tech,≤100
1675237799375590,Chandra Mohan Patowary,Jitendra Newatia,≤100
111132015103321,K R Sridhara Reddy,K R Sridhara Reddy,≤100
140930379388330,Kishan Reddy Gangapuram,TechnoDigi,≤100
801476753252217,Rajan Naik,Rajan Naik,≤100
103719915895025,Shri hari finance,Vikas Kumar,≤100
592160907509900,Diya Kumari,Diya Kumari,≤100
104311631954217,Pharma Simplified,Dawa Charcha,≤100
1924627484438235,Arlak Ayurveda,Swati Dhiman,≤100
112496211718538,Rupsing Teron,Rupali Deb,≤100
100475508592062,Sitaram Poswal,Bhagatsingh,≤100
104908641373434,Anukriti Gusain Rawat,Anukriti Gusain,≤100
101652122809974,Sunil Tripathi,Sunil Kumar Tiwari,≤100
104509712524907,Aftab Uddin Mollah,Rupali Deb,≤100
2078242259060363,Kukufm,Mohana Saha,≤100
1644165492504830,Ramoji Gowda,Ramoji Gowda,≤100
105820848944884,Apex India Online Hub,Mukeshbhai Samatbhai Rathod,≤100
276512419511205,Kathi Karthika,Policy Briefcase,≤100
1110178129121993,Ashok Vishnoi IRS,Pawan Kumar Sharma,≤100
449945121742046,Ravi Kumar Yadav,Venkata Satish Chandu,≤100
746568209028564,Dr. Basu Eye Hospital,Dr. Basu Eye Hospital,≤100
102123079337554,International Society for Krishna Consciousness,ISKCON Delhi,≤100
342405536121574,Sachin Kundu,Dheeraj Paneri,≤100
104656344931338,Pravesh Agrawal,Swanit Infotech,≤100
414411056070410,తెలుగు NEWJ,Anant Bhardwaj,≤100
695738973874352,Dr. Sumer Singh Solanki,Sumer Singh Solanki,≤100
1783001841927248,Nutan Odisha,Niti Pollsters Private Limited,≤100
1569852659799372,Nishant Anand,Nishant Anand,≤100
994578073995343,B. L. Verma,Sourabh Arvind Dubey,≤100
1955301821451552,Abhishek Dutta,Abhishek Dutta,≤100
788790804532295,Shihabudeen Sainudeen Kochu Thampi Rawther,Shihabudeen S,≤100
100273285188376,Raijor Dal ৰাইজৰ দল,Pranab Deka,≤100
105629428970283,Raija Solar,Raija Solar,≤100
111986121488075,"भव्य प्रदेश, मध्य प्रदेश","भव्य प्रदेश, मध्य प्रदेश",≤100
102275329396663,GS Shyam,Shyam Gollarahally Siddappa,≤100
617711705242584,Khabarwaale Tv,Parminder Singh Jatpuri,≤100
106462702201006,Dhanvanti Bachan Singh AAP,Dhanvanti Bachan Singh,≤100
100589847991303,English NEWJ,Anant Bhardwaj,≤100
241940555912671,Chandigarh University,Chandigarh University,≤100
219514401576120,SG Suryah,SG Suryah,≤100
849973398377009,Rajesh Udawat Soni,Rajesh Udawat,≤100
511725522329475,Sampurna Samachar Seva,Sampurna Samachar Seva,≤100
105445715480945,Akshay jamatia Official,Akshay Kumar Jamatia,≤100
123751521145637,CSR Times,Zeeshan,≤100
103214551475043,Akhoury Onkar Nath,Kumar Ratnam Sharma,≤100
594141837348790,Assetz Property Group,These ads ran without a disclaimer,≤100
162115051234970,Dharmendra Singh Lodhi mla,Dharmendra Singh Lodhi,≤100
547354238619670,Dr. Ashwath Narayan,Vijay S,≤100
103207392085077,JP Valluru,Anshika Srivastava,≤100
178266039766273,राष्ट्रीय लोकदल जिला अध्यक्ष आगरा महेश कुमार जाटव,Pankaj Kumar,≤100
892715324214105,Nitendra Singh Rathore,Kumar Ratnam Sharma,≤100
447540119348781,Gali Somasekhara Reddy,Venkatesh Hari Krishna,≤100
1932900346831325,Rajesh D Sanghvi,Rajesh Dineshchandra Sanghvi,≤100
113313988300776,Life Care Medical Center,These ads ran without a disclaimer,≤100
295405070641302,Balraj Kundu,Pankaj Sharma,≤100
100146952337442,sukain.ah,These ads ran without a disclaimer,≤100
1559470284286071,M.K.Somashekar,Pranusha Mysore Somashekar,≤100
146177392223532,Indian National Congress - Punjab,Chanpreet Singh Sehgal,≤100
792213974253605,Surendra Patwa,Udaysingh,≤100
146702709146110,Ashu Singh Surpura,Ankit Kumawat,≤100
186199704897466,RD Foundation,RD Foundation,≤100
2095140507231761,Valluru Jayaprakash Narayana,Anshika Srivastava,≤100
415332588877399,Banda Karthika Reddy,Chandra Reddy Banda,≤100
320383098135177,Bharatiya Yuva Shakti Trust - BYST,Bharatiya Yuva Shakti Trust - BYST,≤100
1822357177777568,Bhaiyya Gandhe,Malhar Mahendra Gandhe,≤100
110626895116256,Edugenius Softwares LLP,Edugenius Softwares LLP,≤100
455697974986681,Bangla Hunt,Bangla Hunt,≤100
597390903632465,Sukhminderpal Singh Grewal,Sukhminderpal Singh Grewal,≤100
139329159472557,Amarinder Singh Raja Warring,Chanpreet Singh Sehgal,≤100
107594498397701,Kajer Manush Aroop Biswas-কাজের মানুষ অরূপ বিশ্বাস,Nargis Khatun,≤100
130054720373246,Sopra Steria,These ads ran without a disclaimer,≤100
995582213894808,Kothapalli Geetha,Venkata Satish Chandu,≤100
109066315147120,News Temple,Jainendra Agrawal,≤100
195167817324812,Pawan Khera,Indian National Congress,≤100
108466168739509,story_teller_rc,These ads ran without a disclaimer,≤100
1327351450720146,Pradhan Mantri Bhartiya Janaushadhi Pariyojana,Pharmaceuticals & Medical Devices Bureau of India,≤100
100195048804779,KRJ Bharath,Krishna Raghava Jayendra Bharath,≤100
601714013183183,Bhushan Ashok Bhatt,Bhushan Ashokbhai Bhatt,≤100
102093922778599,reallifestories1324,These ads ran without a disclaimer,≤100
101898422702437,V N Reddy,Vaidyula Narender Reddy,≤100
777771655697023,Aditya Shankar Prasad,Pramender Kumar,≤100
106261054498841,Advocate Rajat Bhargava,Rajat Bhargava,≤100
506874439519016,SANJEEV SINGH,Engitech Media,≤100
794348367359918,Bharath mudiraj,C Bharath Kumar,≤100
642996226201566,Sudhakar Shrangare,Aslam Afroz Kazi,≤100
106033685182984,Basavaraj khot,These ads ran without a disclaimer,≤100
179765292047054,Manickam Tagore,Kathiresan K,≤100
489109204503408,Dr. Snehashish Vardhan Pandey,Abhishek Pathak,≤100
1660883877495922,Gauri Shankar  Verma,Neetesh Verma,≤100
105676375749021,raghy_rajesh,These ads ran without a disclaimer,≤100
108721748160943,Sanjay Gupta,Sanjay Gupta,≤100
1834369746850103,Ankit Bansal,Ankit Bansal,≤100
239901406089455,"Tobacco Kills. Quit Now, India.","Tobacco Kills. Quit Now, India.",≤100
291247477906169,Mahatma Gandhi to Modi,Nanoland Publishers,≤100
388569701617132,Vemula Prashanth Reddy,Avusharla Raju,≤100
105741735593870,MakeMyTrip Foundation,Prashant Raj,≤100
100107282490264,Shoaib Khan AIMIM प्रदेश सचिव,Shoeb Khushal,≤100
1544440205625616,Pradeep Nayar BJP,Arjun Sharma,≤100
216506801885954,Pankaj Chaudhary,Yash Bagh,≤100
163190160489585,Vasundhara Raje,Vasundhara Raje,≤100
2370311926329271,Dr. Surendra Singh Shekhawat,Tanuj Singh,≤100
145235542494307,Vivek Thakur,Vivek Thakur,≤100
1088373891289696,Kamal yadav,Akash Singh,≤100
103088902327676,Dwarka Kunj,Rahul Tiwari,≤100
100229345285857,Basavaraj S Hundri,Mallikarjun Pujari,≤100
106713818593622,Utkarsh Awasthi,Binay Kumar Singh,≤100
528144820729879,Pramod Sehwag,Vikas Kumar,≤100
1433894153522813,Pramod Bhaya,Sharad Sharma,≤100
105564491947115,Y.S Jagan Mohan Reddy AP C.M,Jayarami Reddy,≤100
107153958711155,South First,south Fist,≤100
444000972398140,Dr. Ajay Dharam Singh,Ramkishan Singh Maninder Singh,≤100
282660879067996,Ram Singh Kaira,Ram Singh Kaira,≤100
1360805680600676,Sandeep Kshirsagar,Yogesh Padmakarrao Pawar,≤100
105596701293129,Ayodhya Development Authority,Sandeep Kumar Sharma,≤100
101610392620043,ITS Speciality Dental Clinic,ITS Speciality Dental Clinic,≤100
158165954809176,Sanyam Lodha,Danish Khan,≤100
169359970347416,India Health Wise,India Health Wise,≤100
218519749005654,Dr. Rakesh Singh Jadon,Rakesh Singh Jadon,≤100
112333551648886,Kalpana Bhatnagar,Ganesh Kumar,≤100
109119888137150,Santhosh Kumar V,Santhosh Kumar V,≤100
105666934718238,Ranjit Das,Ranjit Das,≤100
105446072160586,Suprabhat Pragati,Akash Singh,≤100
246558505475210,Bala Ram Choudhary,Mukesh Choudhary,≤100
225066494265078,Adv K K Aneeshkumar,Aneeshkumar K K,≤100
103327465892185,Globle Finance,Dharamraj Singh,≤100
103722118970310,ConfiHope,confihope,≤100
996424897179199,डॉ.अंकुश लाड - Dr.Ankush Lad,Pradeep Munjajirao Ranher,≤100
112063110264634,Satish Ghatge-सतिश घाटगे,Satish Ghatge-सतिश घाटगे,≤100
115669231400730,assetment.in,These ads ran without a disclaimer,≤100
224787738121110,Manan Dani,Mananbhai Jatinkumar Dani,≤100
102106021886833,A K Sharma,Harish Sahrawat,≤100
101613628900010,Smartway Wellness Pvt. Ltd.,Bhoomi Harendra Mistry,≤100
577856385582447,Raghu Sharma,Kanishk Bansal,≤100
108334675402376,Suresh Nayaka-ಸುರೇಶ್ ನಾಯಕ,Byrappa Venugopala,≤100
112711255031443,ielts_with_shiwani,These ads ran without a disclaimer,≤100
1463405053879604,Baldev Alawalpur,Anju  Chaudhary,≤100
112237568331593,Purple Fest Goa,Purple Fest Goa,≤100
2163983083861031,Atul Kapoor,Atul Kapoor,≤100
933478163387389,Ashok Singhal,Jitendra Newatia,≤100
100791178376054,Amarnath Prasad,These ads ran without a disclaimer,≤100
350880081913337,Sahdev Salaria,Rajesh Jaswal,≤100
100769842837662,Dattatray Mahadev Kolhe,Dattatray Mahdev Kolhe,≤100
108497578583588,Janpeace Live,Trishanu Kaushik,≤100
108905905284501,Ranjeet Singh Bhati,Engitech Media,≤100
100485426184353,Rashtriya Uttar Bhartiya Samaj Party - Delhi,Manoj Kumar Singh,≤100
1475773509416144,𝙎𝙖𝙠𝙞𝙡 𝘼𝙝𝙢𝙚𝙙,Engitech Media,≤100
180133898856688,Tulsi Silawat,Siddharth Kashyap,≤100
928448863892029,RK Sinha,RK Sinha,≤100
1247832465228198,Mahendra Singh Rathore,Engitech Media,≤100
111560924353656,Swetha Reddy,Rajendra Reddy Bhuvanagiri,≤100
271711770069401,सुरेश धाकड़ राठखेड़ा,Gajendra Verma,≤100
550287678727831,Bharath Reddy Ravula,Bharath Kumar Ravula,≤100
107257065559692,Devendra Pareek Kekri,Ganesh Kumar,≤100
245528646359816,Vipul Sharma,Engitech Media,≤100
747930775373319,Saral Patel,Saral Patel,≤100
102091768921733,Ashok dubey bjp,Prashant Mahton,≤100
211316456818,Suveg Rathi,Mahat info tech,≤100
216546985351522,Brahm Yadav,TSM,≤100
110115671863420,Kacche Din,Kacche Din,≤100
108609091609138,Praveg TV,Naresh Umashankar Koshti,≤100
110073091814905,लोनी की राजनीती,Umesh Kumar,≤100
1384169104959232,Sardarbhai Chaudhari - BJP,Sardarbhai S Chaudhary,≤100
140624336584770,Yogender Pal Singh Champawat,Akash Singh,≤100
1100583156625229,Dheeraj Gurjar,Dheeraj Gujar,≤100
475898282465005,Dr K Laxman,Vijay Kumar Tapadia,≤100
112061804808512,Sports Development Authority of Bihar - SDAB,Ajit Kumar,≤100
102660044694497,Nitin Gupta Ex Minister,Nitin Gupta,≤100
736338686396054,Rafique Mandelia,Webtix,≤100
643001122724792,Shambhu Kumar,Punit Kumar Pandav,≤100
1874185392653723,Cabinet Minister Pramod Jain Bhaya,Rupali Sharma,≤100
455593117888747,Nagar Singh Chouhan,Nagar Singh Chouhan,≤100
106471270702510,Robit Tiwari,Akash Singh,≤100
183664858422109,Atul Mahajan Ambala,Atul Mahajan,≤100
106319568342699,Seema singh,Priya Sharma,≤100
101951408467014,DATA POINT,Mobarak Hossain,≤100
1706371292942156,"Ministry of Development of North Eastern Region, Government of India",Sourabh Arvind Dubey,≤100
1030516517105920,Bannaram Meena - बन्नाराम मीणा,Mahat info tech,≤100
2051973168244996,Shyam Choudhary,Ganesh Thapa,≤100
121286572595378,Harendra Ninama हरेंद्र निनामा,Ganesh Thapa,≤100
110811074538161,"Conviron ""Conan"" Altatis",These ads ran without a disclaimer,≤100
968675259869606,Shivraj Singh Dabi,Shivraj Singh Dabi,≤100
103697094932100,Dibyajyoti Hazarika,Dibya Jyoti Hazarika,≤100
100381598277258,Ashutosh dwivedi,Suraj Kaul,≤100
260452011000438,Vinod Tiwari,Vinod Tiwari,≤100
182600871930746,Sujata Paul - India First,Sujata Paul,≤100
935503089847466,Pant Path,Pant Path,≤100
389557067910726,Arvind Menon,Pawan Sachan,≤100
104048888857857,Ashish Kumar Verma,These ads ran without a disclaimer,≤100
110041803678379,Kabir Shankar Bose,Kabir Shankar Bose,≤100
1770518973014321,Kuldeep Vats,Click2Public Technologies OPC Pvt. Ltd.,≤100
253778858656895,Javed Ansari,Javed Parve Abdul Samad Ansari,≤100
1335462983188401,Nabadal Banik,Nabadal Banik,≤100
104633612411419,Dr Samir Kagalkar,Dr Samir Kagalkar,≤100
105898378459115,Panney Singh Posana,Ganesh Kumar,≤100
250007248502240,Golu Shukla,Modi For PM Organization,≤100
1032562973494912,Gyankunj,These ads ran without a disclaimer,≤100
2156330694593998,Priyanka Pravin Barse,Mayur Satish Kadav,≤100
216879079078673,Sanjay Singh Yadav,Sanjay Singh Yadav,≤100
102018225696367,वसीम राईन पसमांदा मुस्लिम महाज,Bhupendra Sharma,≤100
1474334219502111,Mahendra Bhatt,Vatsal Kumar,≤100
108015368279979,Solh Wellness,Omlogic consulting pvt. ltd.,≤100
105694514269834,North Eastern Region Community Resource Management Society,Shrinivas Ravichandran Nadar,≤100
109833408519579,राजन नंदन सिंह,Sudhir Kumar,≤100
448636251893672,Sarthak Educational Trust,Sarthak Educational Trust,≤100
113934138208978,Jayavik Patel,Pixatronix,≤100
218018011700658,Narendra Kumar Sharma,These ads ran without a disclaimer,≤100
110967695146133,Govind Kumar Jain,Ganesh Kumar,≤100
102994271417943,Ashutosh Kumar Tripathi,Shishupal Kumar,≤100
104981211821255,रंजन कुमार यादव,These ads ran without a disclaimer,≤100
393951120752155,Malladi Sandeep Kumar,Sandeep Kumar Malladi,≤100
173536432700799,Ahmed Balala,Ahmed Balala,≤100
106306701515836,Ayush Tyagi Kakda,Ayush Tyagi,≤100
108920493878689,Gurmeet Singh Soora,Karandeep Kaur,≤100
1345108368906054,Mla Ashok Uike,Mla Ashok Uike,≤100
981603711956127,Abdul Hafiz Malik,brandprogrammer,≤100
704847062939121,Ranbir Nandan,Ranbir Nandan,≤100
135180180340322,Jitendra Verma,Arshad Ansari,≤100
106412445020988,Samman afroz khan,Khandagre Sourabh,≤100
912096938897209,Vijay Singh,Vijay Singh,≤100
105682815591013,Rajeshwer singh,Rajeshwer Singh,≤100
100362372914387,Mahesh Sathe - महेश साठे,Vaibhav Ganesh Chikhale,≤100
112813480291968,Mahesh singh kinng,Akash Singh,≤100
108320575192752,मजबूत बनता मध्य प्रदेश,मजबूत बनता मध्य प्रदेश,≤100
626040200837891,Ashwini Paranjpe,Trivikram Kashinath Paranjpe,≤100
106651771256029,Pankaj Fatehchandani,Pankaj Fatehchandani,≤100
1802523420012948,Pratap Singh Khachariyawas,Anirudh Sharma,≤100
105999155405710,Pandit Avadh Sharma,Pawan Kumar Sharma,≤100
181418895366896,Ganesh Joshi,Mayank Joshi,≤100
102899812612791,Govind Agarwal BJP,Dipti Sharma,≤100
101897054923377,Arshdeep Samar,Gagandeep Singh,≤100
101989165801500,Madhya Pradesh Updates,These ads ran without a disclaimer,≤100
565714670143123,Ashok Saini,Engitech Media,≤100
100955531352855,Zinitax.in,Tilak Raj Sharma,≤100
101934341160333,प्रमोद नाना भानगिरे - Pramod Nana Bhangire,Clearby Services,≤100
112554440463293,Malkhan Singh Chouhan - BJP,Prashant Mahton,≤100
106825905031150,"Nagar Palika Parishad, Hapur",Nitin Kumar,≤100
283040485772796,Rakesh Singh Yadav,Mahat info tech,≤100
109041710706538,Shankar Ninama Ghatol,Ganesh Thapa,≤100
111979328077139,Pardeep Wazirabad,Mohit Yadav,≤100
100794055492098,Somkant Sharma,Ritik Keer,≤100
115470443479710,Mukesh Mathur,These ads ran without a disclaimer,≤100
152154292012572,Navjivan,Navjivan,≤100
108999335410129,Rangnath Solanke-रंगनाथ सोळंके,Vaibhav Ganesh Chikhale,≤100
572314233126823,Nitin Patidar,Nitin Patidar,≤100
100931599132399,Arun Sharma,Arun Sharma,≤100
110197854912974,Sonu Singh Garg,Pratik Garg,≤100
1444400162538920,Idris Multani - इद्रिस मुलतानी,These ads ran without a disclaimer,≤100
421458761569191,K V Naveen Kiran,C Vishwanath Manjunath,≤100
257916314892663,Kaustubh Narayan Misra,Kaustubh Narayan Misra,≤100
168228334032318,Sat Sharma CA,Naveen Sharma,≤100
100196004828444,North Eastern Council,Sourabh Arvind Dubey,≤100
544607612271308,Surjeet Chaddha,Dheeraj Paneri,≤100
104352017847238,Discover Ananthapuram,Anandpurgogula Anil Kumar,≤100
111654838334899,सीताराम पोखरियाल,Akash Singh,≤100
124355137715451,Dr Ranju Ramawat,Ganesh Thapa,≤100
108327228278136,apnishala,These ads ran without a disclaimer,≤100
1397767487148044,Jaidatta Kshirsagar,Jaydatta Sonajirao Kshirsagar,≤100
1919641618278971,Sachin Chaudhary,Mahat Info tech,≤100
105682567774739,Tajinder Singh Sran,Tajinder Singh,≤100
490167811006821,Neena Vikram Verma,Yuvau Digital,≤100
973751146027048,Vijay Pratap,Karan Singh,≤100
116366541339343,Mudra-Loan,These ads ran without a disclaimer,≤100
114609593652124,Mrs.Uma Khapre - सौ.उमा खापरे,Naveen Singhal,≤100
131605997078,Computer Reseller News (CRN) - Latest IT News & Articles,These ads ran without a disclaimer,≤100
426868484184031,Vimal Katiyar,Sumeet Kumar,≤100
106263322188063,Pandit Shiv Guru Unhel,Arjun Sharma,≤100
109391860938944,DishaShankar,Shankar Disha,≤100
231512217793516,Ashok Goel Mangaliwala,Ashok Kumar Goel,≤100
110762181824589,Janata Dal Secular Again,MG Digital Agency,≤100
1767512533540641,S.P Thakor BJP,Gayatri Suchetkumar Darji,≤100
595750893828921,Cricketnmore,These ads ran without a disclaimer,≤100
245528646359816,Vipul Sharma,Pramender Kumar,≤100
112676663703345,Rakesh Yadav,Arun Kumar Sharma,≤100
1692446997478851,Divy Trivedi,Vikas Acharya,≤100
1929823443694918,Pardeep Lohan,Pardeep Kumar,≤100
100287422635991,Anshul Dixit,Anshul Dixit,≤100
234704393876570,Dr R K Verma,Rkverma,≤100
1194392907305611,Ram Niwass Yadav,E-WEB CULTURE,≤100
106371537830958,Bhishma School of Indic Studies,These ads ran without a disclaimer,≤100
1247889005296675,Vinod Kandari,Ashish Bijalwan,≤100
109138840964904,Mahendra singh,Mahendra Singh,≤100
102684134480899,फिल्मी NEWJ,These ads ran without a disclaimer,≤100
222719048656244,Ved Prakash Ojha  IMC,Vivek Vashisth,≤100
215348045283558,Adv.Ganesh Satpute,Ganesh Bhimrao Satpute,≤100
106543051719826,Kamal kishore trivedi,Arjun Sharma,≤100
114648806633875,"VM Shanmugasundaram M.A.,",Shanmugasundaram Kanimozhi,≤100
111785508429928,Aramane Shankar,Brandraga Marketing Consultants Pvt ltd,≤100
1592265114364332,JP Yadav,Pramender Kumar,≤100
104915615361658,Hamar Bhupesh Kakka - हमर भूपेश कका,Think First,≤100
423874327718687,Vikas Bhagat Fans Page,Sandeep Mishra,≤100
1065727510129084,Datta kulkarni - दत्ता कुलकर्णी,Datta Kashinath Kulkarni,≤100
1610180912621752,Dushyant Chaudhary,Jainendra Agrawal,≤100
403774803137225,Ashutosh Pandey -RBYS,Akash Singh,≤100
103292189067168,Shimla Bawri-शिमला बावरी,Ganesh Thapa,≤100
102366121652150,Dr.Sathish Kumar M,Kamran  Shahid,≤100
110847490543428,Vipul Kumar Salwan,Vipul Kumar Salwan,≤100
107401478435345,News Master SEN,These ads ran without a disclaimer,≤100
764865110238987,Varinder Shah - Bulle Shah,Big Boys Consulting Private Limited,≤100
103004629308904,Vijendradhaker,Anshul Kumar Gupta,≤100
693289664149663,Dr. Shashikant Sharma,Dr. Shashikant Sharma,≤100
577791099023268,Krazy Butterfly,These ads ran without a disclaimer,≤100
825870624112435,Ramesh Chandra Ratn,Arun Sharma,≤100
816288898474925,Naresh Pareek,Pawan Kumar Sharma,≤100
881458738613193,Ajay Kothiyal,Suresh Chandra Kapri,≤100
106378422059330,Himmat Singh Bharatpur,Jainendra Agrawal,≤100
361691194687436,Umesh Sharma,Book My Promo,≤100
100574939255052,Shantaram Katke,Shreeyash Anant Karale,≤100
111717544909328,ChandraPratap Vishwakarma,Chandra Pratap Vishwakarma,≤100
933478163387389,Ashok Singhal,Rajesh Chauhan,≤100
846994962145905,Manoj Kumar Aggarwal,Durga Kumari,≤100
108702908644227,Samprabhu Bharat,Saurabh Singh,≤100
112685817715776,Dr.Manoj Rawat,Manvendra Rana,≤100
100992536219420,Dr Chandrakant Anil Kranti,Akash Singh,≤100
101950355775969,Nilesh Jain,Nilesh Jain,≤100
116997354325105,Wg Cdr Anuma Acharya,Anuma Acharya,≤100
268437163351102,Saurabh Srivastava,Saurabh Srivastava,≤100
105404231474873,Satish Vishwakarma,Udaysingh,≤100
1406676006269693,Kedar Kansana,Arun Kumar Sharma,≤100
148039562030208,सुशील आनंद शुक्ल संचार प्रमुख छत्तीसगढ़ कांग्रेस,Vaibhav Suryawanshi,≤100
1773510082921157,Anand Kothari,Yash Varma,≤100
238446283511990,Hiralal Trivedi,These ads ran without a disclaimer,≤100
108984951723852,Mithlesh Malik,Naresh Kumar Shoeran,≤100
105515161411695,Pankaj Singla,Anil Kumar,≤100
111307246928357,Shri Krishna Janm Bhoomi Mathura,Akash Singh,≤100
183215718834130,Laxmi  Devi Jain,Laxmi Devi Jain,≤100
100766795424041,मोदी योगी समर्थक,Nikhil Aggarwal,≤100
115301803573781,The World Fact,These ads ran without a disclaimer,≤100
643216342792266,দেবাশিস পণ্ডা ভারতীয় Debasis Panda Bhartiya West Bengal,Debasis Panda,≤100
111171624493262,Thakur Abhijeet Jasrotia,Abhijeet Singh Jasrotia,≤100
132806813793938,Paramjit Singh Sarna,Harjap Singh Dhingra,≤100
104139231301149,राजन त्रिपाठी,These ads ran without a disclaimer,≤100
531472047253533,Dr P K Sareen,Akram Ali,≤100
107538390972980,झारखंड प्रदेश यादव महासभा,Bajrangi Prasad Yadav,≤100
115220224403369,Yogesh Shukla,Shreshth Tiwari,≤100
109387391216175,Shweta Tiwari,Shweta,≤100
196338294250820,Rohit Gangwal,Modi For PM Organisation,≤100
104526899199228,B L Rani Samyuktha,Byrappa Venugopala,≤100
113607803769884,Nattasha Sharrma,Nattasha Sharrma,≤100
101569176040527,The News Room,These ads ran without a disclaimer,≤100
108109107598966,Gurugram live news,Hari Shankar Kumar Singh,≤100
100246572087472,Bhupendra Singh Shaktawat,Bhupendra Singh Shaktawat,≤100
1418673848396428,H D Kumaraswamy,Pancharatnayojane,≤100
361718734223966,Yogesh Kumar Tamrakar,Sarika Pandey,≤100
105641591260871,Shyam Singh,Shyam Singh,≤100
988113031199582,Dr. Ramesh Chand Tomar,Ashutosh Mishra,≤100
114606387073785,Deepak Balutia,Deepak Balutia,≤100
269442696723658,Kuldeep kumar 'Deep kamboj Malukpura',Kuldeep Kumar,≤100
236500783397189,Kamlesh Paswan,Kamlesh Paswan,≤100
105110844616542,"भानू प्रताप सिंह ""यादव""",zinka logistics solutions pvt ltd,≤100
743938402322314,Mitendra Darshan Singh,Rahul Ranjan,≤100
106610625404907,The Fame Guru,Sumit Rajput,≤100
100955801920583,Meenakshi Chandela,Luxmi Devi,≤100
268998889945816,Darshana Singh,Darshana Singh,≤100
101564124551795,Rakesh Kaushik advocate,Kavita Kumari,≤100
104835264704460,रघुवीर सहरिया सलेमपुर,Anshul Kumar Gupta,≤100
236135776853694,SP Gurjar Bariyara,Bhagatsingh,≤100
504102159707276,Mahendra Hardia,Rahul Soni,≤100
102152441360906,Prakash Bhakar,Shiv Charan,≤100
1965892256962634,Maharshi Singh,Maharshi Singh,≤100
2237523483238058,Rohit Dalal,These ads ran without a disclaimer,≤100
106456887722695,Adesh Yadav BJP,Anil Kumar,≤100
358089768022150,Vishnu Lata,Krishna Choudhary,≤100
2526986470860607,Subodh Kumar Singh,Subodh Kumar Singh,≤100
700079793418618,J S Patel,Gayatri Suchetkumar Darji,≤100
1116353905141402,Dr. Shivani Matanhelia,Kanushree Matanhelia,≤100
1130157947169551,Bihar Ki Baat,These ads ran without a disclaimer,≤100
1109826479083738,Rajeev Sharma BJP,Puneet Kumar Singh,≤100
707284596737741,P3,The P3,≤100
101575206117414,Indra Shekhar Jha,Digital Salahkar,≤100
231167140371342,Kanhaiya Lal Choudhary,Raghunandan Sharma,≤100
102973272373231,Madhya Pradesh CM Report Card,These ads ran without a disclaimer,≤100
1325597657464869,VAISHNAV INFRATECH,Sukhneet Singh,≤100
101160849457686,Vibhor Rana,Bhupendra Sharma,≤100
863961040416615,Punit Verma पूर्व उपाध्यक्ष विश्व हिन्दू परिषद् काशी प्रान्त,Punit Varma,≤100
963174830406960,Ajit Nandal Indian cowboy,These ads ran without a disclaimer,≤100
605265866309231,जगदीश प्रसाद व्यास,These ads ran without a disclaimer,≤100
427521707672968,Gyana Ram Ranwa Chandpura,Shiv Charan,≤100
624122961126616,Dhanwati Chandela,Luxmi Devi,≤100
105608048991533,Sahityalok,Sahityalok,≤100
103342198327305,Raj Bala Singh,Rahul Tiwari,≤100
324590688063708,Dadu Nagdeve,n r graphics,≤100
104349501516784,Babulal Kumawat,Shiv Charan,≤100
100192339564604,Karunesh Srivastava,These ads ran without a disclaimer,≤100
1655004858162000,Chetan Patel 'कोलाना',These ads ran without a disclaimer,≤100
1978240835728263,Virendra Sharma Hawamahal,Pawan Kumar Sharma,≤100
791996340811292,Dr Madhuri Borse,Vipul Jayantilal Bafna,≤100
329592260433465,Kamal Yadav,Vikas Chopra,≤100
108780928768687,teddydrama4,These ads ran without a disclaimer,≤100
166645017163220,శివశక్తి మంత్ర సాధన,శివశక్తి మంత్ర సాధన,≤100
108850188718272,K M Vinayaka,K M Vinayaka,≤100
108432515473305,stanny._editz,These ads ran without a disclaimer,≤100
85811943077,Dale Carnegie India,These ads ran without a disclaimer,≤100
115038094540564,jsrs_budaun,These ads ran without a disclaimer,≤100
281087312058182,Anand Dubey,Akash Singh,≤100
607252739670252,Dr. Prannay G Sharma,Kumar Ratnam Sharma,≤100
109492058199928,Being Spiritual Foundation,Being Spiritual Foundation,≤100
109666834688109,Saleem Sarang,Saleem Rafik Sarang,≤100
1422722534642965,B Suresh Gowda,Bettaiah Suresh Gowda,≤100
468064866696490,Pratap Jena,Ankit Pratap Jena,≤100
104441248861952,Neelam Aggarwal,Pankaj Sharma,≤100
107229205590576,sweet_farook_302,These ads ran without a disclaimer,≤100
423928144293931,Mahender Pratap Singh,Pankaj Sharma,≤100
1699930400304788,Dr Aditya Pankaj Singh,These ads ran without a disclaimer,≤100
100477611757577,Vikram Chauhan,These ads ran without a disclaimer,≤100
104001385524847,Randhir Jha -  मेयर प्रत्याशी मधुबनी,Anu Jha,≤100
113356014587642,Anupam Sharma,Prashant Sharma,≤100
349594075908636,Syed Salman Ali,Saiyad Salaman Ali,≤100
101765552815741,PMY LOAN,These ads ran without a disclaimer,≤100
167769307277225,Bharat Singh Kushwah,Bharat Singh Kushwah,≤100
409262542574866,Sandeep Sharma,Raghunandan Sharma,≤100
101430871871779,Asha Maurya,These ads ran without a disclaimer,≤100
101283351920876,Rightchoice16.com,Mr Srinivasan,≤100
104590325539529,Adv Harita Mehta Fan Club,Sandeep Kumar Rana,≤100
110231911499260,Prashant Shukla,Prashant Shukla,≤100
1002191723202473,Suresh Sindal,Suresh Kumar Sindal,≤100
107946518029943,Sheelu Sahu,Naveen Singhal,≤100
112702190274060,Cummins India,Cummins India,≤100
100657705794221,Chennai Sangamam,Chennai Sangamam,≤100
391654307564047,Abhinav Rajasthan Party,Ashok Choudhary,≤100
107082375610837,san.deepkumar9373,These ads ran without a disclaimer,≤100
107148595058269,Adv Harita Mehta,Sandeep Kumar Rana,≤100
1935128343433294,"Sri Shyam Sundar Singh ""Dhiraj""",Shyamsunder Singh Dheeraj,≤100
619088371486871,Harnath Singh Yadav,Puneet Kumar Singh,≤100
802311956513987,Rahul Singh,Rahul Singh,≤100
166695303966046,Upendra Verma,Ranjeet Prasad,≤100
111186227273571,Tata Steel Digie-Shala,These ads ran without a disclaimer,≤100
110679913629785,Rajesh Yadav,Akash Singh,≤100
158629388130047,भूरसिंह सी लंगेरा,These ads ran without a disclaimer,≤100
105813284380310,Dee4unews,Deepak Kumar Bhandari,≤100
247608635395894,Amit Murkute,Amit Dnyaneshwar Murkute,≤100
103641339136662,Pushkar Awasthi,Pushkar Awasthi,≤100
360055177344642,Animal Equality India,Animal Equality India,≤100
954749021299617,Rakesh Kumar Singh,These ads ran without a disclaimer,≤100
431454157629297,Mukesh Ahlawat,Nitish Kashyap,≤100
1887212424905834,JB Ecotex- PET Plastic Recycler,JB Ecotex Limited,≤100
1802087953245529,Pavan Singh Rajput,Prakhar Kashyap Singh,≤100
102120932657218,Mudra loan,Sunil Kumar Mandal,≤100
686675931373675,Scroll Punjab,Scroll Punjab,≤100
1803074489795852,Adityasingh,These ads ran without a disclaimer,≤100
1337036716330736,Sankar Lal Kasana,Shiv Charan,≤100
1728445464133553,Subhash Singh,Sidhartha Singh,≤100
108686290902855,Mallikarjun Madal,Mallikarjun Madal,≤100
126080402123301,Ganga Ram Gurjar,Gangaram Gurjar,≤100
1966700650252559,Jitendra Sharma,Jitendra Kumar Sharma,≤100
206102009546126,Kondamadugula  Sudhakar Reddy,K Sudhakar Reddy,≤100
1419839444901034,Pranshu Dutt Dwivedi,Akash Singh,≤100
107866654803432,Shivpratap singh chouhan,Shivpratap Singh Chouhan,≤100
100189608970240,Pappu Tripathi,Shubham Rajesh Mishra,≤100
642379895821472,Neelam Sharma Ambala,Himanshu Punj,≤100
150106531736299,BJP West Bengal,Bharatiya Janata Party (BJP),≤100
346967155652729,Rajveer Diler,Kuldeep Sharma,≤100
366512566862346,PiyushPooja,Piyushbhai Vyas,≤100
109012585412637,Alok Rahul Sharma,Aman Kashyap,≤100
215129697171765,Matrubhoomi Sewa Party,These ads ran without a disclaimer,≤100
112254203542311,Dr Kemparaju K Gauribidanuru Constituency,Ms Sanketh,≤100
100626912687369,Kai Yerisi Karunadigagi - ಕೈ ಏರಿಸಿ ಕರುನಾಡಿಗಾಗಿ,Kai Yerisi  Karunadigagi,≤100
105393362436739,किसान-मजदूर पुत्र राजेन्द्र कुमार निमिवाल,These ads ran without a disclaimer,≤100
116188663565362,Kapil Dua,Mohit Yadav,≤100
100195048804779,KRJ Bharath,Gogireddy Sai Vaibhav Reddy,≤100
159169177775304,प्रयास एक परिवर्तन का,These ads ran without a disclaimer,≤100
103971252589360,Sukhair Bhagat,Anshul Kumar Gupta,≤100
1450201705100781,Vinod Giri Goswami,These ads ran without a disclaimer,≤100
109916533853207,AMIT KUMAR SINGH,Akash Singh,≤100
964271870337650,Surendra Singh Nagar,Karan Singh,≤100
106273044770408,Santosh R Suman,These ads ran without a disclaimer,≤100
112065760634789,Thakur Piyush Pratap Singh - पीयूष दिनेश प्रताप सिंह,Piyoos Prtap Singh,≤100
201156146959026,Mohinder Bhagat,Atul Bhagat,≤100
2879426082131012,Kamal Kishor Katheria,These ads ran without a disclaimer,≤100
138927162813391,Dailyhunt,Verse Innovation Pvt. Ltd.,≤100
1605035726374622,Khatana Bulletin,KHATANA BULLETIN,≤100
108619495153381,Rahul Singh Patel,These ads ran without a disclaimer,≤100
1947865801968156,Jasmeet Singh Pitampura,Harjap Singh Dhingra,≤100
153896938152738,Dr Rutvij Patel,Rutvij Manuprasad Patel,≤100
55757954259,artnet,These ads ran without a disclaimer,≤100
309466402812554,Seen Stories,These ads ran without a disclaimer,≤100
110043131732871,The Third Pole हिन्दी,These ads ran without a disclaimer,≤100
324253041382779,Xavier Cormier,These ads ran without a disclaimer,≤100
100857456175309,epic_queen_o0,These ads ran without a disclaimer,≤100
157929751070689,The Connected Hearts Inc,These ads ran without a disclaimer,≤100