﻿Page ID,Page name,Disclaimer,Amount spent (EUR)
48426568814,Federación Socialista Asturiana FSA-PSOE,Federación Socialista Asturiana  - PSOE,≤100
112538350301638,Ministerio de Igualdad,Ministerio de Igualdad,≤100
178362315106,European Parliament,European Parliament,≤100
133044800622,Greenpeace España,Greenpeace España,≤100
256196396278,UNICEF España,UNICEF Comité Español,≤100
159665490863316,Cepsa,"COMPAÑÍA ESPAÑOLA DE PETRÓLEOS, S.A. (CEPSA)",≤100
171998672850722,REPSOL,REPSOL,≤100
553671758016948,Dewar's,These ads ran without a disclaimer,≤100
57845333112,Save the Children España,Save the Children España,≤100
306840072990831,Socios Cruz Roja,Socios Cruz Roja,≤100
78151799929,Amnistía Internacional España,Amnistía Internacional España,≤100
94118672764,ACNUR Comite español,ACNUR Comite español,≤100
57973661707,WWF España,WWF España,≤100
1440878759561839,WeMove Europe,WeMove Europe,≤100
187991754570725,LaLiga,LaLiga,≤100
20108693880,Oxfam Intermón,Oxfam Intermón,≤100
169915749735403,CEAR,CEAR,≤100
101812872336696,Alivia,Fundación Alivia España,≤100
108001281952845,Cristina Vega Morán,Cristina Vega Moran,≤100
341793479830142,Padrinos por la Discapacidad,FUNDACIÓN JUAN BONAL,≤100
107430297823996,Álvaro Queipo Somoano,Álvaro Queipo Somoano,≤100
11473659787,Educo,Educo,≤100
245741112112300,Ayuda En Acción,Ayuda En Acción,≤100
107100762730502,Grupo Municipal Socialista en el Ayuntamiento de Oviedo/Uviéu,Grupo Municipal Socialista en el Ayuntamiento de Oviedo/Uviéu,≤100
213086312044776,Aldeas Infantiles SOS de España,Aldeas Infantiles SOS de España,≤100
815597255122198,Osoigo,Osoigo,≤100
276999106249,Asociación Española Contra el Cáncer,Asociación Española Contra el Cáncer,≤100
128142261270017,Fundación Repsol,Fundación Repsol,≤100
1566161093633067,Santander Empresas,Santander España,≤100
119316301478161,Institute for Research in Biomedicine (IRB Barcelona),IRB Barcelona,≤100
366619768708,Plan International España,Plan International España,≤100
467925280299505,Médicos Sin Fronteras España,Médicos Sin Fronteras España,≤100
47896270298,Iberostar Beachfront Resorts,Iberostar Hotels & Resorts,≤100
72884181421,apple tree communications,apple tree communications,≤100
115481008480109,LG Global,Good Rebels,≤100
116136108464509,CaixaBank,CaixaBank,≤100
111892984250,Fundación World Vision España,Fundación World Vision International,≤100
104643967668221,endesa,These ads ran without a disclaimer,≤100
111555254734471,Vicente Jiménez Ifergan,Vicente Jimenez Ifergan,≤100
116189118344,Fundación Igualdad Animal,Fundación Igualdad Animal,≤100
101132249298796,HubSocial_fundlacaixa,HubSocial_fundlacaixa,≤100
113760931412,Acción contra el Hambre España,Acción contra el Hambre España,≤100
147468905314265,Partido Por un Mundo más Justo · M+J,Partido Por un Mundo más Justo · M+J,≤100
170506213454467,Aprendemos Juntos 2030,BBVA,≤100
269212336568846,Podemos,Podemos,≤100
176592142419661,Holaluz,HolaLuz.com,≤100
228545230545402,Manos Unidas,Manos Unidas,≤100
120396981322744,Estrella Digital,Estrella Digital Comunicaciones S.L.,≤100
821902454827883,Wave Of Change,Wave of Change,≤100
1035516339843936,Relevo Contigo,Relevo Contigo,≤100
471951929539262,Energia_Vital,Francisco Jose Perez Cuevas,≤100
1772591363067613,Revo Prosperidad Sostenible,Revo Prosperidad Sostenible,≤100
244777995534742,Ayuda a la Iglesia Necesitada - ACN España,Ayuda a la Iglesia Necesitada,≤100
139153867956,Fundació Pasqual Maragall,Fundación Pasqual Maragall,≤100
105484811020545,Ecólatras,Ecólatras,≤100
294106958245,Grandes Amigos ONG,Grandes Amigos ONG,≤100
95878687102,Fundación Vicente Ferrer,Fundación Vicente Ferrer,≤100
741696855903082,Opositatest,Opositatest,≤100
108779735467039,Colegio TS Las Palmas,Colegio Oficial del Trabajo Social de Las Palmas,≤100
57973661707,WWF España,WWF España,≤100
169042736456594,All Out,All Out,≤100
209596949081406,Fundación ANAR,Fundación ANAR,≤100
711070775679625,Huawei Spain,Huawei Spain,≤100
45817335745,Entreculturas,Entreculturas,≤100
120989638051893,Andamur,GP LÍMITE ANDAMUR S.L,≤100
392666127586890,OpenMind,BBVA,≤100
138311156188297,Fundación Cajasol,Fundación Cajasol,≤100
104690619568713,"Yo reciclo vidrio, ¿y tú?",Ecovidrio,≤100
117887575012127,Leche Pascual,Leche Pascual,≤100
106657974847796,Junior Report,Junior Report,≤100
120104454689359,MAPFRE,MAPFRE,≤100
157053154329138,Fundación Vida Sostenible,Fundación Vida Sostenible,≤100
189715157717723,La Región,La Región,≤100
491350377672965,Fundació Carulla,Fundació Carulla,≤100
161916260510295,Òmnium Cultural,Òmnium Cultural,≤100
553983948100016,Músicos por la Salud,Fundación Social District (Músicos por la Salud),≤100
1648768832073060,Ione Belarra,Podemos,≤100
522165734963300,USR Spania și Portugalia,Partidul Uniunea Salvați România,≤100
103822308873567,Flobers,These ads ran without a disclaimer,≤100
128787593816071,TWOTHIRDS,These ads ran without a disclaimer,≤100
128341470548824,BNG - Bloque Nacionalista Galego,Bloque Nacionalista Galego,≤100
796716270345901,Ecoforest,Ecoforest,≤100
111515815585558,Solidaridad Internacional,Solidaridad Internacional,≤100
105664031745,UNRWA.es,UNRWA España,≤100
1540044216258135,"Paco Ferreira, Alcalde Gondomar",Juan Francisco Ferreira Gonzalez,≤100
111171964676399,Antonio Sergio Lloret López,These ads ran without a disclaimer,≤100
1845447639031005,Mayor Bradburn,These ads ran without a disclaimer,≤100
104626078500694,Theramex Spain,Theramex Healthcare Spain SLU,≤100
787267558020320,Més Per Menorca,Més Per Menorca,≤100
674523259328238,Socialistes Paiporta,Socialistes Paiporta,≤100
100398931356264,Antonio Gallardo,Antonio Gallardo Tejeda,≤100
527351247377965,European Committee of the Regions,European Committee of the Regions,≤100
105587705334940,Padrinos,FUNDACIÓN JUAN BONAL,≤100
237015813035884,Fundación Laboral de la Construcción,Fundación Laboral de la Construcción,≤100
103966191842198,Jorge Lahoud Hernández,Jorge Lahoud Hernández,≤100
1383583355250118,Psoe de La Algaba,Psoe de La Algaba,≤100
113682925342285,Misiones Salesianas,Misionessalesianas,≤100
164700433551414,Banco Santander España,Santander España,≤100
101492375692102,Bruno Alcalde Cádiz,Partido Popular de Cádiz,≤100
308111802620768,Why Tenerife,"SPET, Turismo de Tenerife, S.A.",≤100
106104695719906,Antonio Díaz Alías. Alcalde y Candidato a la Alcaldía de Miajadas,Antonio Diaz Alias,≤100
1506521489435790,Asociación Cántabra de Esclerosis Lateral Amiotrófica. Canela,Asociación Cántabra de Esclerosis Lateral Amiotrófica. Canela,≤100
70020937349,SEO/BirdLife,SEO/BirdLife,≤100
173485209352076,PSOE Torrelavega,PSOE Torrelavega,≤100
115467492482553,Alfonso Cabello Mesa,Juan Alfonso Cabello Mesa,≤100
319529068104880,Asociacion Leonesa Simone de Beauvoir,Asociacion Leonesa Simone de Beauvoir,≤100
52339075927,Canal COSMO España,These ads ran without a disclaimer,≤100
104786137989644,Culmia,These ads ran without a disclaimer,≤100
697508400395709,Socialistas de Mos,Vicky Alonso,≤100
106950997364486,Curro Martinez Romero,Juan Antonio Martinez Romero,≤100
1802376200045431,José Pino,José Pino Gálvez,≤100
112890951401343,Alminutonoticias,Alminutonoticias,≤100
1641379322814019,Digital Manacor,Digital Manacor,≤100
106172784661850,ecoguilty,Carmen Horcajada Rodriguez,≤100
204908063581126,Generación SAVIA,Generación SAVIA - Fundación Endesa,≤100
100989498230413,Al Descubierto,Adrián Juste Agulló,≤100
307998825962965,"Protectora Todos los Caballos del Mundo, antiguo CYD Santa María",These ads ran without a disclaimer,≤100
1960056474286424,Adelante El Puerto,Alejandro Gutierrez Garcia,≤100
1457125441239177,Amparo Folgado Tonda,Amparo Folgado Tonda,≤100
1568818586470358,The Book of Kells,These ads ran without a disclaimer,≤100
710421425658959,PSOE Castilla y León,PSOE Castilla y León,≤100
1523303881287229,PSOE Almansa,PSOE Almansa,≤100
139153867956,Fundació Pasqual Maragall,Fundació Pasqual Maragall,≤100
108524245520106,Новости дня,These ads ran without a disclaimer,≤100
101013712733071,mariana.vernieri.autora,These ads ran without a disclaimer,≤100
100121092803750,Home Improvement,These ads ran without a disclaimer,≤100
72149536933,SKF,These ads ran without a disclaimer,≤100