﻿Page ID,Page name,Disclaimer,Amount spent (TND)
141662475911566,Instance Supérieure Indépendante pour les Élections - ISIE,Instance Supérieure Indépendante pour les Élections - ISIE,≤100
102957431109934,نهضة تونس,These ads ran without a disclaimer,≤100
472130523587683,Dhafer Sghiri - ظافر الصغيري,Dhafer Sghiri - ظافر الصغيري,≤100
114714424845037,Fethi Khemissi,الدريدي أنور 11,≤100
187461997935711,Unilever Careers,These ads ran without a disclaimer,≤100