﻿Page ID,Page name,Disclaimer,Amount spent (USD),Number of ads in Library
312681118935845,Présidence de la République Togolaise,Présidence de la République Togolaise,≤100,1
103275029367840,FSPI PAPDT,These ads ran without a disclaimer,≤100,1
200480966638039,Supremacy 1914,These ads ran without a disclaimer,≤100,2
101054365776547,Charming Changzhou,These ads ran without a disclaimer,≤100,1
101179095098420,,These ads ran without a disclaimer,≤100,1
315543515306,Jing Daily,These ads ran without a disclaimer,≤100,1
111160730747637,Trivia Stars,These ads ran without a disclaimer,≤100,1
820262131363591,Arabi21 - عربي21,These ads ran without a disclaimer,≤100,1
1469752156670918,Youth China,These ads ran without a disclaimer,≤100,1
104922675429516,Merge Cooking:Theme Restaurant,These ads ran without a disclaimer,≤100,1
100696586305964,Fine Art Photography Prints by Rico X.,These ads ran without a disclaimer,≤100,1
343786409509707,The East Gate,These ads ran without a disclaimer,≤100,1
224597158386607,Rosa Luxemburg Foundation,These ads ran without a disclaimer,≤100,1
172630432773629,UCA News,These ads ran without a disclaimer,≤100,1
293937480708088,Clement Hii,These ads ran without a disclaimer,≤100,1
17043549797,MIT Technology Review,These ads ran without a disclaimer,≤100,1