﻿Page ID,Page name,Disclaimer,Amount spent (DKK)
38507331439,Danmarks Naturfredningsforening,Danmarks Naturfredningsforening,1197
26458152911,SOS Børnebyerne,SOS Børnebyerne,874
399210657232918,PlanBørnefonden,PlanBørnefonden,860
304554445813,Videncentret Bolius,Videncentret Bolius,784
12860228293,Politiken,Politiken,746
59143726810,Psykiatrifonden,Psykiatrifonden,730
65929129383,Røde Kors,Røde Kors,640
12212835049,Syddansk Universitet – University of Southern Denmark,Syddansk Universitet,580
748887235210811,Obton Forvaltning A/S,Obton A/S,518
5624899398,Mellemfolkeligt Samvirke,Mellemfolkeligt Samvirke,461
116227401722605,Dansk Flygtningehjælp,Dansk Flygtningehjælp,449
167891603415958,Lederne,Lederne,294
100423681446198,Virksomhedsguiden,Erhvervsstyrelsen,287
155596147784577,WWF Verdensnaturfonden,WWF Verdensnaturfonden,281
126543540781090,Ældre Sagen,Ældre Sagen,252
125934997444897,SuperBrugsen,Coop,250
123653695693986,Motatos Danmark,Motatos,249
102031171445921,Grønne Nabofællesskaber,Grønne Nabofællesskaber,249
145392175531068,JydskeVestkysten,JydskeVestkysten,245
1507997959501973,Landbrug & Fødevarer,Landbrug & Fødevarer,241
55365680705,Greenpeace Danmark,Greenpeace Danmark,231
104544224264943,3F Transport,3F Transport,228
12787473132,Berlingske,Berlingske,227
314676938743,DM din akademiske fagforening,DM,222
153151900930,Ungdommens Røde Kors,Ungdommens Røde Kors,200
102154048301476,Lederstof.dk,Lederne,200
1471913586453233,Organdonation - ja tak,Organdonation - ja tak,197
54779960819,United Nations,United Nations with Facebook Ad Credits,183
250994288337708,Sex og Samfund,Sex og Samfund,175
220361474643059,Arla,Arla,172
276145368333,Bedre Psykiatri - Landsforeningen for pårørende,Bedre Psykiatri - Landsforeningen for pårørende,169
304554445813,Videncentret Bolius,Bolius,166
924692171033381,"UNHCR, FN’s Flygtningeorganisation",These ads ran without a disclaimer,148
169918310823,Foreningen Spiseforstyrrelser og Selvskade,Foreningen Spiseforstyrrelser og Selvskade,148
167887506877,AIDS-Fondet,AIDS-Fondet,145
276770505228,Folkekirkens Nødhjælp,Folkekirkens Nødhjælp,142
867877683280051,Weekendavisen,Weekendavisen,140
657491824390744,Spring Copenhagen,Spring Copenhagen,134
142641498926,Fairtrade-mærket Danmark,Fairtrade Danmark,120
116061635098137,Karina Lorentzen Dehnhardt,SF,119
95141502089,Økonomisk Ugebrev,Økonomisk Ugebrev,109
130388840342741,Danske Bank,Danske Bank,107
133716736641210,LandbrugsAvisen,LandbrugsAvisen,≤100
337166195327,BRYD TAVSHEDEN,BRYD TAVSHEDEN,≤100
261599053881378,Fagbevægelsens Hovedorganisation,Fagbevægelsens Hovedorganisation,≤100
105511328705392,HØRT,Børns Vilkår,≤100
138978072648,Dansk Vegetarisk Forening - DVF,Dansk Vegetarisk Forening - DVF,≤100
287306323369,Børnecancerfonden,Børnecancerfonden,≤100
194089010674568,Finansforbundet (DK),Finansforbundet (DK),≤100
1704424023182897,Politiken Historie,Politiken Historie,≤100
390925417751473,Erling Bonnesen,Erling Bonnesen,≤100
181330585392156,Skattestyrelsen,Skattestyrelsen,≤100
63691965101,UNICEF Danmark,UNICEF Danmark,≤100
612493208870006,Kemp & Lauritzen A/S,Kemp & Lauritzen A/S,≤100
599763040213164,Radius Elnet,Radius Elnet,≤100
2319925761607995,Radio4,RADIO FM4 A/S,≤100
108086794971176,Innovationscenter for Økologisk Landbrug,Innovationscenter for Økologisk Landbrug,≤100
246097715413231,Alkohol & Samfund,Alkohol & Samfund,≤100
129940943738051,Odense ser Rødt,Odense ser Rødt,≤100
12212835049,Syddansk Universitet – University of Southern Denmark,These ads ran without a disclaimer,≤100
20303574131,Nationalmuseet,Nationalmuseet,≤100
1684646181850363,TjekDet,TjekDet,≤100
107321098977584,Elisa Rimpler,BUPL,≤100
207401585966233,Inger Støjberg,Jacob Kjerumgaard,≤100
19176473894,IMS (International Media Support),IMS (International Media Support),≤100
153708144675646,PFA,PFA,≤100
350495955072656,Klimabevægelsen i Danmark,Klimabevægelsen i Danmark,≤100
113555862534,SF Ungdom,SF Ungdom,≤100
186645960378,Danwatch,Danwatch,≤100
182121298931589,Odense Kommune,Odense Kommune,≤100
108922334268492,Konservative Studerende Odense,Johan Emil Sevelsted,≤100
183887801641951,Verdens Skove,Verdens Skove,≤100
109440254274204,Sara Darling Jørgensen,SF,≤100
1822254634537356,Nye tider,Nyetider.nu,≤100
494902077334290,Tuborgfondet,Tuborgfondet,≤100
1586697221547052,Røde Kors Genbrug,Røde Kors Genbrug,≤100
688468971281969,Varde Kommune,Varde Kommune,≤100
144965885963,Oxfam IBIS - Sammen mod ulighed,Oxfam IBIS,≤100
101060098045290,Stemman Podcast,Stemman Podcast,≤100
367522986719919,Gastech-Energi,Gastech-Energi A/S,≤100
412665418794113,Claus Jensen,Dansk Metal,≤100
341299649231023,Zetland,Zetland,≤100
305932686202047,Caritas Danmark,Caritas Danmark,≤100
100445466003316,Sofie F. Villadsen,Sofie Falck Villadsen,≤100
74796954245,SF,SF,≤100
217135424459,Karen Blixen Museum,Karen Blixen Museum,≤100
1704812646456237,SEGES i marken,SEGES Innovation P/S,≤100
109261517088528,Fremstillingsindustrien,Dansk Industri,≤100
372025753616,PFA Brug Livet Fonden,PFA Brug Livet Fonden,≤100
1724068710936501,Anja C Jensen,HK Danmark,≤100
103894215328477,Jesper Larsen Byrådsmedlem Sønderborg Kommune 2022-2025,Jesper Larsen,≤100
109252350463401,Træ i Byggeriet,Træ i Byggeriet,≤100
246977185497434,Plastic Change,Plastic Change,≤100
192783424152018,Socialistisk Information,Leif Mikkelsen,≤100
336333896418452,Assens Kommune,Assens Kommune,≤100
100416662311928,Vid&Sans,Tore Bonnerup,≤100
109261517088528,Fremstillingsindustrien,Marie Thorsø Kousgaard,≤100
1541220236121470,Katarina Ammitzbøll,Katarina Ammitzboell,≤100
745999418897542,Europæisk Ungdom Fyn,Elvin Zarrinfar,≤100
178362315106,European Parliament,European Parliament,≤100
107041178342290,Manelleh,These ads ran without a disclaimer,≤100
110166048670012,Intree,Intree,≤100
482695791907139,Danske Vandværker,Danske Vandværker,≤100
645454495955240,Madmødet,Jan Michelsen,≤100
1336828149713722,Mission Uden Grænser,Mission Uden Grænser,≤100
112265080144547,Overlægeforeningen,Lisbeth Dahl,≤100
334571029981175,DM og MA studerende,DM,≤100
108273171366317,Moderaterne,Moderaterne,≤100
17428770950,RÆSON,Clement Kjersgaard,≤100
356590264357569,Palæstinaorientering,Ole Olsen,≤100
115737371820702,DEO - Demokrati i Europa,DEO - Demokrati i Europa Oplysningsforbundet,≤100
153640394698032,Roskilde Kommune,Roskilde Kommune,≤100
194452460650048,Global Aktion,Global Aktion,≤100
771759999508022,Lave K. Broch,Lave K. Broch,≤100
140362986068964,Retten til Liv,Kerstin Hoffmann,≤100
103170447987623,Rosa Lykke Yde - SF,SF Randers,≤100
102514162425194,Frederik Vad,Nielsen Frederik Vad,≤100
1522666927799763,BCG in Denmark,Boston Consulting Group,≤100
154415494575789,IDA,IDA,≤100
216402818434101,Mission Øst,Mission Øst,≤100
1483289798638968,Økonomista,These ads ran without a disclaimer,≤100
107575374711850,SAGA DK,Saga,≤100
1446381202351408,Føljeton,Føljeton,≤100
169223023097339,Liberal Alliance Skanderborg,Linda Christie Andrea,≤100
180519405977219,Frederiksværk Krisecenter,Frederiksværk Krisecenter,≤100
107613021816553,EIVEE,These ads ran without a disclaimer,≤100
114354908248036,NW24,These ads ran without a disclaimer,≤100
188842724507690,مفوضية اللاجئين,These ads ran without a disclaimer,≤100
100510664697134,Frederico Santarém - Investimentos Lucrativos,These ads ran without a disclaimer,≤100