﻿Page ID,Page name,Disclaimer,Amount spent (EUR)
1420588184916754,Aleksa Becic - Demokrate - Demokratska Crna Gora,Aleksa Becic - Demokrate - Demokratska Crna Gora,≤100
100514562572464,Mi Možemo,Mi možemo,≤100
313006358903165,Građanski pokret URA,Građanski pokret URA,≤100
421528787908380,Centar za monitoring i istraživanje - CeMI,Centar za monitoring i istraživanje - CeMI,≤100
58776108439,Socijaldemokratska partija Crne Gore - SDP,Socijaldemokratska partija Crne Gore - SDP,≤100
513531212081016,NVO MANS,NVO MANS,≤100
100312752986062,Nikola Đurašković,Nikola Đurašković,≤100
1676159402708570,Hrvatska građanska inicijativa,Hrvatska građanska inicijativa,≤100
120891932822500,За будућност Црне Горе,Za budućnost Crne Gore,≤100
106620772324031,Vladimir Martinović,Vladimir Martinovic,≤100
101344451991492,Krsto Radović,Krsto Radovic,≤100
75782787032,Pokret za Promjene,Pokret za Promjene,≤100
274469272593718,Gradjanska alijansa,Gradjanska alijansa,≤100
638633769597292,Nik Gjeloshaj,Nik Gjeloshaj,≤100
116109739824845,Vladislav Dajković,Vladislav Dajkovic,≤100
211681129037635,Portal Analitika,Portal Analitika,≤100