﻿Page ID,Page name,Disclaimer,Amount spent (USD)
258911791465071,সত্যাপন জামালপুর - Affirmation Jamalpur,সত্যাপন জামালপুর - Affirmation Jamalpur,≤100
1865638280223884,Rajneeti - রাজনীতি,Rajneeti - রাজনীতি,≤100
353130515348425,Bangladesh Nationalist Party-BNP,Bangladesh Nationalist Party-BNP,≤100
578156405862003,Peoples Voice,Run Ads Agency,≤100
105415618976603,গুজব নয় সত্য জানুন,Marketing Hub,≤100
186948511918618,Positive Bangladesh,My Atlier Group US,≤100
162107741307973,এই বাংলাদেশ আমাদের,My Farmers Marketing,≤100
110674915185692,সবার আগে দেশ,সবার আগে দেশ,≤100
119408644760767,MANUSHER JONNO FOUNDATION,Saiful Hasan,≤100
527402880793569,MAMUN BOOK HOUSE,Md. Salim Prodania,≤100