﻿Page ID,Page name,Disclaimer,Amount spent (USD)
1589154051350606,FOZ - Friends of Zion Museum,These ads ran without a disclaimer,≤100
565225540184937,CGTN,These ads ran without a disclaimer,≤100
117611754686157,Sixty 4 Tribes Press,These ads ran without a disclaimer,≤100
237650313048963,China Admissions,These ads ran without a disclaimer,≤100
1652617388325233,Zdarova Natasha,These ads ran without a disclaimer,≤100
68793499001,UNICEF,These ads ran without a disclaimer,≤100
474588795895313,Getafe C.F.,These ads ran without a disclaimer,≤100
1065631633538453,Physicians Across Continents,These ads ran without a disclaimer,≤100