﻿Page ID,Page name,Disclaimer,Amount spent (HNL)
421574011322217,Alcaldía del Distrito Central,Alcaldía del Distrito Central,1306
114601521910,Jorge Aldana,Jorge  Aldana,503
349524351841734,Cárlenton Dávila,Jose Carlenton Davila Mondragon,467
1392592317738074,Jorge Cálix,Jorge Cálix,394
703368406666619,Vox Populi HN,Vox Populi HN,346
703368406666619,Vox Populi HN,These ads ran without a disclaimer,150
108854322177699,Titanes de la Niñez,Con Mis Hijos No Te Metas HN,133
112724021787834,Por Nuestros Hijos,Con Mis Hijos No Te Metas HN,121
112333800693678,Hugo Noé Pino Diputado F.M,Daniel Andres Casula Salinas,≤100
104599735671754,Goberna Honduras,Goberna Honduras,≤100
153003381515332,Cespad - Centro de Estudio para la Democracia,Centro de Estudio para la Democracia (Cespad),≤100
486382251906084,Honduras El Pais,Diario El  Pais.hn,≤100
856012741442139,Ipas LAC,Astrid Leticia Aguilar Pinell,≤100
459107311130639,Dr. Luther Harry,Dr. Luther Harry,≤100
1286486861452393,Asia World Model United Nations,These ads ran without a disclaimer,≤100
483441215141189,ASJ Honduras,Asociación para una Sociedad más Justa,≤100
105318018396730,HEMOFILIA EN POSITIVO,These ads ran without a disclaimer,≤100
109459948457740,Gustavo Caceres Diputado,Gustavo Alberto Caceres Banegas,≤100