﻿Page ID,Page name,Disclaimer,Amount spent (PEN)
264223880347121,Lampadia Oficial,LAMPADIA,≤100
109019574560600,Aula Gaceta,Joel V. Supo Baldo,≤100
335551357288,Flor de Maria Hurtado Valdez,Flor De Maria Hurtado Valdez,≤100
534284396949027,Ilich López,Renzo Jireh Casas Torres,≤100
108069811069536,Escuela de Gobierno y Política - EGOP,Yuri Cesar Huaynalaya Jayo,≤100
142062936237878,Goberna,Goberna,≤100
104026095957723,MicroRed de Salud Mazamari Gestión 2023-2026,MicroRed de Salud Mazamari Gestión 2023-2026,≤100
104264071546502,Asociación de Regidores del Perú - ARPE,Harvey Lennin Quiñones Patricio,≤100
100330785132565,Saca tu cuenta,Juan Jose Garcia Chau,≤100
100500902383840,Propuestas del Bicentenario,Videnza Fundación,≤100
462790453744032,Sutep,Sindicato Unitario de Trabajadores en la Educación del Perú - SUTEP,≤100
89660988793,Asociación Paz y Esperanza,Asociación Paz y Esperanza,≤100
173144229408518,RENIECPERU,RENIECPERU,≤100
103890681794133,Asociación Nacional de Profesionales de EsSalud,Jimena Vega Cabana,≤100
228448875146,OtraMirada,Otra Mirada,≤100
145605348814317,Centro Cultural Petroperú,Reynaldo Arturo Hermoso Chavez,≤100
113567320391470,Trabajadores frente a la crisis,Trabajadores frente a la crisis,≤100
1630616653863244,Vitae Educación Ejecutiva,Vitae Educación Ejecutiva,≤100
161024241267665,Julio César Silva Meneses - Abogado,Julio César Silva Meneses,≤100
417661094920749,Mas Que Consumidores,Abdon César Augusto Delgado La Cotera,≤100
110495931467309,"Cursos Online certificados, salud, estética y belleza",These ads ran without a disclaimer,≤100
101053675911037,Fabri & Asociados Consultoría Política y de Mercadeo,Whilber Eugenio Huallanca Conde,≤100
104523465807190,Maria Silvestre Vilchez,These ads ran without a disclaimer,≤100
196140697656186,Len Corell,Ricardo Felix Coral,≤100
320377781335977,Grupo de Psicología Política y Social - PUCP,Agustín Pezzia Espinosa,≤100
316564475960113,Estudio Jurídico Tarazona & Asociados,Diego Alberto Isla Yengle,≤100
200561513351250,Municipalidad Provincial de San Martín,Edgar Rios Espinoza,≤100
109877614125610,Komatsu,These ads ran without a disclaimer,≤100
117819994612153,Congresista Flores Ancachi JORGE LUIS,Congresista Flores Ancachi JORGE LUIS,≤100
366195017208611,Instituto Iberoamericano de Desarrollo Integral,Instituto Iberoamericano de Desarrollo Integral,≤100
2408653149412251,Edith Carranza al Decanato,Edith Betzabe Carranza Enríquez,≤100
261393040627329,Universidad Bíblica Latinoamericana,These ads ran without a disclaimer,≤100
94005676787,Hitachi Vantara,These ads ran without a disclaimer,≤100
101726209529539,VI Conferencia Panamericana,These ads ran without a disclaimer,≤100
107706102295108,Wire Tool,These ads ran without a disclaimer,≤100
121759302958701,René Chávez - El Médico del Pueblo,Somos Perú Loreto,≤100
117052698001766,First Wala,These ads ran without a disclaimer,≤100
111402245118997,Centro Integral de Respuesta Médica y Servicios de Salud,These ads ran without a disclaimer,≤100
100427526341454,Active active,These ads ran without a disclaimer,≤100
235551359867840,CooperAcción,CooperAcción,≤100