﻿Page ID,Page name,Disclaimer,Amount spent (USD)
112586745088105,rechtsanwalt.lehner,These ads ran without a disclaimer,≤100
103465465114439,Streaming Asia,These ads ran without a disclaimer,≤100
111945760731718,ຮັບເຮັດ CV ເພື່ອໃຊ້ສະໝັກວຽກ,These ads ran without a disclaimer,≤100
880611255347800,Phoenix TV 鳳凰衛視,These ads ran without a disclaimer,≤100
106256777922958,SEA Today News,These ads ran without a disclaimer,≤100
299227550122220,Radio Cina Internazionale,These ads ran without a disclaimer,≤100
111679394767549,المشروع القومي لمشتقات البلازما,These ads ran without a disclaimer,≤100
247030542656118,Beijing Haidian,These ads ran without a disclaimer,≤100