﻿Page ID,Page name,Disclaimer,Amount spent (USD)
107245640677814,Ақорда жаңалықтары,Ақорда жаңалықтары,≤100
110307253876087,Akorda.news,Akorda.news,≤100
324882354342147,Krivosheev.live,Denis Krivosheyev,≤100
170032706814473,Республика - Kazakhstan 2.0,Юлия Козлова,≤100
110923835328935,Мария Тарасова,These ads ran without a disclaimer,≤100
106607305511065,Выбор Страны - Ел Таңдауы,These ads ran without a disclaimer,≤100
158714780827513,UNFPA,These ads ran without a disclaimer,≤100
195799657105195,SEGi University & Colleges,These ads ran without a disclaimer,≤100