﻿Page ID,Page name,Disclaimer,Amount spent (USD)
172758932738142,PhRMA,PHARMACEUTICAL RESEARCH AND MANUFACTURERS OF AMERICA,973
7030901126,Campaign for Tobacco-Free Kids,Campaign for Tobacco-Free Kids,807
1472549903019349,CCAN Action Fund,"CHESAPEAKE CLIMATE ACTION NETWORK, INC.",709
691761057548436,Maryland Department of Health - Substance Use Disorders,Maryland Department of Health,541
104394262049761,Jeremy's Razors,The Daily Wire,509
101432317199,Blue Cross and Blue Shield Association,BLUE CROSS AND BLUE SHIELD ASSOCIATION,454
97279934919,bp America,BP CORPORATION NORTH AMERICA INC.,377
127225910653607,PragerU,PragerU,358
18982436812,ACLU,American Civil Liberties Union,317
108774614054683,American Edge Project,American Edge,304
85452072376,NEWSMAX,"NEWSMAX MEDIA, INC.",295
6514736316,Walden University,Walden University,291
67945990059,The American Petroleum Institute,The American Petroleum Institute,290
106244251043808,America's Plastic Makers,"AMERICAN CHEMISTRY COUNCIL, INC.",264
199993410020023,Maryland PIRG,"Maryland Public Interest Research Foundation, Inc.",260
542962552402896,Maryland Department of Agriculture,Maryland Department of Agriculture,248
186291828074120,Drexel University,Drexel University,216
54996531380,American Health Care Association/National Center for Assisted Living,American Health Care Association,216
1435071773455316,Daily Wire,The Daily Wire,213
541678832585415,"Analytics Consulting, LLC",ANALYTICS INC,194
2056485407811667,Clean Energy for Maryland,Waldron Strategies,185
156514087702491,Lancôme,L OREAL USA,184
121268821249550,World Central Kitchen,World Central Kitchen,184
244929708853349,Spotify,Spotify USA Inc.,172
112463982125496,Maryland State Education Association,MARYLAND STATE EDUCATION ASSOCIATION,156
87186661244,Johns Hopkins Bloomberg School of Public Health,Johns Hopkins Bloomberg School of Public Health,143
199504650087085,United,"UNITED AIRLINES, INC.",126
103499034671877,Choose Who You Use Maryland,Choose Who You Use Maryland,122
115415064388243,Brett Cooper,The Daily Wire,116
383292061349,Health Facilities Association of Maryland,Health Facilities Association of Maryland,116
238863219889613,1199 SEIU Maryland/DC,1199 SEIU Maryland/DC,116
109092142462587,Adam Schiff,SCHIFF FOR SENATE,113
385473284886474,Hillsdale College,Hillsdale College,112
95483488591,Democratic Party of Wisconsin,DEMOCRATIC PARTY OF WISCONSIN,109
309308412520731,Sandy Hook Promise,Sandy Hook Promise,105
18709174006,National Audubon Society,"NATIONAL AUDUBON SOCIETY, INC.",104
1316372698453411,Alexandria Ocasio-Cortez,Alexandria Ocasio-Cortez for Congress,102
443699995981145,Advance Maryland,Advance Maryland,≤100
592707041080920,Stand Together,Stand Together Chamber of Commerce Inc.,≤100
431891506856669,Dove,Unilever,≤100
150464834999897,Maryland Pesticide Education Network - MPEN,MARYLAND PESTICIDE EDUCATION,≤100
122432537796726,Pharmaceutical Care Management Association (PCMA),PHARMACEUTICAL CARE MANAGEMENT ASSOCIATION,≤100
2353537341582545,Proud Patriots,Proud Patriots,≤100
116064745113092,Neighborhood Sun,Neighborhood Sun Benefit Corp,≤100
92925746942,Judicial Watch,Judicial Watch,≤100
156482079997,Ørsted U.S.,Orsted North America INC,≤100
106722781922757,Housing Choices Now,Consumer Choices Now,≤100
15771560300,Earthjustice,EARTHJUSTICE,≤100
30139072158,CARE,CARE,≤100
162244692732,Brennan Center for Justice at NYU Law,"WILLIAM J. BRENNAN CENTER FOR JUSTICE, INC.",≤100
304600892905134,Hillsdale College Online Courses,HILLSDALE COLLEGE,≤100
167586229923327,World Food Program USA,World Food Program USA,≤100
7341997111,Conservation International,Conservation International,≤100
109715548073236,Renew Arizona,Renew Arizona,≤100
76470053424,TIAA,TEACHERS INSURANCE AND ANNUITY ASSOCIATION OF AMERICA,≤100
80562389320,NARAL Pro-Choice America,NARAL PRO-CHOICE AMERICA CORP,≤100
108547455113940,Our America,Our America,≤100
416881135151093,Montgomery County Republican Party,Montgomery County Republican Central Committee,≤100
47710973068,Voices for Cooperative Power,Voices for Cooperative Power,≤100
1832744013698336,Mahogany Mommies,Mahogany Mommies,≤100
134910449854519,Leaders of a Beautiful Struggle,Leaders of a Beautful Struggle,≤100
1461100540775171,The Tuttle Twins,LIBERTAS INSTITUTE,≤100
361960287311696,Better Medicare Alliance,"Better Medicare Alliance, Inc",≤100
376247475788800,Green & Healthy Homes Initiative,Green & Healthy Homes Initiative,≤100
143784945647421,Death with Dignity,DEATH WITH DIGNITY NATIONAL CENTER,≤100
100403528653081,Punchbowl News,Punchbowl News,≤100
100712889249331,Health Equity Coalition for Chronic Disease,Health Equity Coalition for Chronic Disease,≤100
366741496830,Southern California Edison (SCE),Southern California Edison,≤100
142692869075359,Olney Theatre Center,OLNEY THEATRE CENTER FOR THE ARTS INC,≤100
428821014132730,Katie Porter,KATIE PORTER FOR SENATE,≤100
23875187730,Feeding America,Feeding America,≤100
542678889114683,The Coca-Cola Company,The Coca-Cola Company,≤100
166618413413767,Jay Sekulow,American Center for Law and Justice,≤100
140357056032320,NEA Today,National Education Association,≤100
6041057841,The Humane Society of the United States,"HUMANE SOCIETY OF THE UNITED STATES, THE",≤100
40217893542,AIPAC,AIPAC,≤100
240937060405,Center for Science in the Public Interest (CSPI),Center for Science in the Public Interest,≤100
145034262195374,InSinkErator,InSinkErator_Whirlpool,≤100
19554217292,American Heart Association: You're the Cure,American Heart Association,≤100
100801038449520,Natural Allies for a Clean Energy Future,"Natural Allies, Inc.",≤100
62903684544,Sierra Club Maryland Chapter,Sierra Club,≤100
103375628943529,Adam Frisch,Adam for Colorado,≤100
8492293163,Environmental Defense Fund,Environmental Defense Fund,≤100
113891694102,Energy Citizens,AMERICAN PETROLEUM INSTITUTE,≤100
103807629149771,Working Forests Initiative,"WORKING FOREST INITIATIVE, INC.",≤100
570092813023833,Matt Walsh,The Daily Wire,≤100
297987334762,Jamie Raskin,Jamie Raskin for Congress,≤100
7292655492,MoveOn,MOVEON.ORG CIVIC ACTION,≤100
187005858017014,Climate Power,Climate Power,≤100
104253615152700,America First Legal,America First Legal Foundation,≤100
8501031021,VoteVets.org,VOTEVETS,≤100
104295601633638,American Cornerstone Institute,American Cornerstone Institute Inc,≤100
108483545459412,Jerome Segal,Jerome Segal,≤100
198213743669747,DC Jobs With Justice,DC JOBS WITH JUSTICE,≤100
8325302025,Friends of the Earth U.S.,Friends of the Earth,≤100
49651563727,Live Action,Live Action,≤100
102769134675149,Evergreen Action,Evergreen Collaborative,≤100
114008535880,Foundation for Individual Rights and Expression,FOUNDATION FOR INDIVIDUAL RIGHTS IN EDUCATION,≤100
1958912674200535,The Pour Over,Pour Over,≤100
7263476274,Mercy Corps,Mercy Corps,≤100
209516845093,NRDC Action Fund,NRDC Action Fund,≤100
106568024842114,Rideshare Assault Support,Citizen Ad Network LLC,≤100
13885075114,Action Against Hunger USA,ACTION AGAINST HUNGER - USA,≤100
23790541544,Democrats,DCCC,≤100
142432192446984,David Horowitz Freedom Center,David Horowitz Freedom Center,≤100
121626482110,Operation Smile,OPERATION SMILE,≤100
342294162453301,Planned Parenthood,Planned Parenthood Federation of America,≤100
38471053686,Elizabeth Warren,"WARREN DEMOCRATS, INC.",≤100
83290028957,Care Net,CARE NET,≤100
51379424899,Mercy Ships,MERCY SHIPS INTERNATIONAL,≤100
216311481960,Bill Gates,Bill Gates,≤100
240112514625857,Care Comes First Maryland,1199SEIU United Healthcare Workers East,≤100
182620315479,Plan International USA,Plan International USA,≤100
102960695956522,Amazing Patriots,Amazing Patriots,≤100
12301006942,Democratic Party,DNC SERVICES CORP./DEM. NAT'L COMMITTEE,≤100
232563990196132,ACLU of the District of Columbia,American Civil Liberties Union Fund of the National Capital Area,≤100
11791104453,NRDC,Natural Resources Defense Council,≤100
104760636770,Vera Institute of Justice,"VERA INSTITUTE OF JUSTICE, INC.",≤100
106988501633912,Offshore Wind Alliance of Delaware and Maryland,Offshore Wind Alliance of Delaware and Maryland,≤100
20188298765,ACLU of Maryland,AMERICAN CIVIL LIBERTIES UNION OF MARYLAND INC,≤100
7192716362,Amnesty International USA,"AMNESTY INTERNATIONAL OF THE U. S. A., INC.",≤100
6204742571,Sierra Club,SIERRA CLUB,≤100
183792172090826,Northern Virginia Clean Water Partners,Northern Virginia Regional Commission,≤100
103531607822207,Noticias para Inmigrantes,"Wise Rock Media, PBC",≤100
12375354406,USO,United Service Organizations,≤100
443329669123990,USAFacts,USAFacts Institute,≤100
109428868495649,Christopher Miller for Mayor of Taneytown,Christopher Gehrig Miller,≤100
147422561959715,New American Leaders,New American Leaders,≤100
408526523045391,Mammoth Nation,Mammoth Nation,≤100
95001097200,National Association of Manufacturers,NATIONAL ASSOCIATION OF MANUFACTURERS OF THE UNITED STATES OF AMERICA INC.,≤100
555787351119974,Coalition to Protect America's Health Care,Coalition to Protect America’s Health Care,≤100
265584563563176,JCRC of Greater Washington,The Jewish Community Relations Council of Greater Washington,≤100
191187460289,HP,HP INC.,≤100
7814597100,Jim Jordan for Congress,JIM JORDAN FOR CONGRESS,≤100
203197030603239,8 Billion Trees,8 Billion Trees LLC,≤100
376776419037747,Turning Point USA,"Turning Point USA, Inc.",≤100
314499212242,Pfizer,Pfizer Inc.,≤100
8210266638,93.9 WKYS,Urban1,≤100
72931140459,Center for Biological Diversity,"CENTER FOR BIOLOGICAL DIVERSITY, INC.",≤100
546066468753446,Black Health Matters,BLACK HEALTH MATTERS FOUNDATION INC,≤100
1679521432262834,Physicians Grassroots Network,American Medical Association,≤100
11602044174,Independent Women's Forum,Independent Women's Forum,≤100
38235851310,USA for UNHCR,UNITED STATES ASSOCIATION FOR UNHCR,≤100
260668817346988,Ignite National,IGNITE,≤100
103695769458,United States Mint,United States Mint,≤100
203805062990264,Ben Shapiro,The Daily Wire,≤100
8321461609,MomsRising.org,MomsRising Together,≤100
7860876103,Joe Biden,DNC SERVICES CORP./DEM. NAT'L COMMITTEE,≤100
34362997676,United States Holocaust Memorial Museum,UNITED STATES HOLOCAUST MEMORIAL MUSEUM,≤100
109599248636777,Consumer Credit Card Protection Coalition,CONSUMER CREDIT CARD PROTECTION COALITION,≤100
103588388469410,Disparity Trap,Disparity Trap,≤100
36474716066,Color Of Change,ColorofChange.org,≤100
29717379728,International Justice Mission,International Justice Mission,≤100
15239367801,The Wilderness Society,"WILDERNESS SOCIETY, THE",≤100
109352563640,Water.org,WATER.ORG INC.,≤100
8047221596,Save the Children US,SAVE THE CHILDREN FEDERATION INC.,≤100
681626158940626,Mission Roll Call,Americas Warrior Partnership,≤100
104977525752112,Freedom of Patriots,Freedom of Patriots,≤100
115379705206001,U.S. Department of Homeland Security Blue Campaign,U.S Department of Homeland Security Blue Campaign,≤100
145917588805718,Dr Jordan B Peterson,The Daily Wire,≤100
372577693078008,"Saenz-Garcia Law, PLLC","Saenz-Garcia Law, PLLC",≤100
104491841664875,Break Free,"Country First Action, Inc.",≤100
137400059634429,Gaithersburg Book Festival,City of Gaithersburg,≤100
7735858972,Humane Society Legislative Fund,Humane Society Legislative Fund,≤100
107764430968176,Tuttle Twins TV Show,"Tuttle Twins Show, LLC",≤100
665345483483486,NRA - National Rifle Association of America,NATIONAL RIFLE ASSN OF AMERICA,≤100
129240690441636,The Legal Defense Fund,"N. A. A. C. P. LEGAL DEFENSE AND EDUCATIONAL FUND, INC.",≤100
197760674021143,Indivisible Guide,INDIVISIBLE ACTION,≤100
100711852963449,Team Vivek,VIVEK 2024,≤100
114765400352270,Kite & Key Media,VMTS EDUCATION INC,≤100
103885799225717,Liberty Protector,Liberty Protector,≤100
161183970656851,Ruben Gallego,GALLEGO FOR ARIZONA,≤100
780941275347834,Ilhan Omar,ILHAN FOR CONGRESS,≤100
114710126648118,Republican Dogs,Republican Dogs,≤100
866779926670025,Citizens for Tobacco Rights,Citizens for Tobacco Rights,≤100
267180743723148,National Geographic Society,National Geographic Society,≤100
145973965440671,Carnegie Corporation of New York,CARNEGIE CORPORATION OF NEW YORK,≤100
170756446429578,Othering & Belonging Institute,Othering and Belonging Institute,≤100
700153177010264,Plant Based Products Council,Plant Based Products Council,≤100
319105405194898,Josh Lafazan,Lafazan for Congress,≤100
59543893235,National Constitution Center,National Constitution Center,≤100
140968452585173,92QJams Baltimore,Urban1,≤100
580610428636345,Fight for $15,Fight for $15,≤100
70874333603,CatholicVote,catholicvote.org,≤100
2245766435469741,Beersy,Beersy LLC,≤100
303374266418976,AFPM,American Fuel & Petrochemical Manufacturers,≤100
245741028804051,Barbara Sinatra Center,Barbara Sinatra Children's Center,≤100
1431889706937050,Free & Fair Markets Initiative,"Free and Fair Markets Initiative, Inc.",≤100
103128974521953,Michael Feggans for Delegate,Michael Feggans for Virginia,≤100
11473432254,Cool Hunting,These ads ran without a disclaimer,≤100
100328619530085,Bishop Gold Group,Bishop Gold Group LLC,≤100
1382441768496365,Pentair,PENTAIR,≤100
945455208962159,For Everyone Collective,For Everyone Collective,≤100
102487414911362,Stop AAPI Hate,Stop AAPI Hate,≤100
19437978960,Chris Murphy,FRIENDS OF CHRIS MURPHY,≤100
745304825534862,Steve Scalise,Team Scalise,≤100
104178315156683,Blue Perigon Digital,Blue Perigon Digital,≤100
45393753416,Alliance Defending Freedom,Alliance Defending Freedom,≤100
37461287798,Jesuit Refugee Service/USA,JESUIT REFUGEE SERVICE INC,≤100
21492729544,Catholic Relief Services,CATHOLIC RELIEF SERVICES - UNITED STATES CONFERENCE OF CATHOLIC BISHOPS,≤100
30079936984,CWS,"CHURCH WORLD SERVICE, INC.",≤100
7826953993,SXSW,These ads ran without a disclaimer,≤100
109320440856128,Stand Up to Jewish Hate,"Foundation to Combat Anti-Semitism, Inc.",≤100
19746387261,Humane Society International,Humane Society International,≤100
153278754738777,Climate Reality,The Climate Reality Project,≤100
7145381235,American Jewish World Service - AJWS,"AMERICAN JEWISH WORLD SERVICE, INC.",≤100
108641741851973,Magic Valley Energy,Magic Valley Energy LLC,≤100
101105282464227,Sherwin-Williams Careers,These ads ran without a disclaimer,≤100
108934528580381,Rapid Response Polls,Eric M Manning,≤100
105454117977117,Voices for Consumer Choice,Voices for Consumer Choice,≤100
6502038524,First Book,FIRST BOOK,≤100
132066233534659,Healthcare Education Project,Healthcare Education Project,≤100
61492859575,Americares,"Americares Foundation, Inc.",≤100
431019887282794,Tomorrow's World Today,Flying Cork,≤100
50576707351,Republican State Leadership Committee,Republican State Leadership Committee,≤100
1470540296409810,Fair Fight Action,FAIR FIGHT,≤100
159658557547960,Wall Street Journal Opinion,The Wall Street Journal,≤100
162678203751209,Gilead Sciences,GILEAD SCIENCES INC,≤100
228132537208218,Tammy Duckworth,TAMMY FOR ILLINOIS,≤100
236312179825896,Republican Main Street Partnership,REPUBLICAN MAIN STREET PARTNERSHIP INC,≤100
355783211719644,Veteran Caregivers of America,"Veteran Caregivers, LLC",≤100
583258211727279,Shai Fund,SHAI FUND INC,≤100
101704558574021,Lucas Kunce,Lucas Kunce for Missouri,≤100
100119981671668,Blue Senate,BLUE SENATE PAC,≤100
788559044606908,America Forward,NEW PROFIT INC,≤100
103496691094956,Freespoke,"FREEDOM FRIES, LLC",≤100
100373975829221,Fòs Feminista Org,Fòs Feminista,≤100
123397377677195,"School of International Service, AU","School of International Service, American University",≤100
102592959026,Ocean Conservancy,"OCEAN CONSERVANCY, INC.",≤100
228496330584852,Pete Smith,Friends of Pete Smith,≤100
5720973755,Defenders of Wildlife,DEFENDERS OF WILDLIFE,≤100
302182941354,AARP Advocates,AARP,≤100
110442961603215,Yikes Today,Tomer Barazani,≤100
282728185140429,Rep For Vets,The Rep For Vets,≤100
71393981315,WildAid,"WILDAID, INC",≤100
317284821682168,Messianic Jewish Alliance of America (MJAA),Messianic Jewish Alliance of America,≤100
1476342155924546,Big Rig Threads,Big Rig T-Shirts and Decals LLC,≤100
112600915451330,No Labels,No Labels,≤100
56332452163,AMA Patients Action Network,American Medical Association,≤100
109521013225,Nikki Haley,Nikki Haley for President,≤100
89336510798,American Friends of the Hebrew University,American Friends of Hebrew University,≤100
292351509697,Jerusalem Prayer Team,Jerusalem Prayer Team,≤100
1012679305536045,Elissa Slotkin,Elissa Slotkin for Michigan,≤100
109866370700481,PushBlack Finance,PushBlack,≤100
1338822066131069,Women's March,Women's March,≤100
20787991568,Senate Democrats,DSCC,≤100
74470852653,Mike Pompeo,Champion American Values PAC,≤100
354851377936744,BookTV,NATIONAL CABLE SATELLITE CORPORATION,≤100
458142697588014,AARP Public Policy Institute,AARP,≤100
878935975829857,Healthcare Supply Chain Association,Healthcare Supply Chain Association,≤100
43005439032,American Diabetes Association,American Diabetes Association,≤100
746938465317981,Nuclear Matters,Nuclear Matters,≤100
131023707236064,Applecart,Project Applecart LLC,≤100
10498053716,Media Research Center,MEDIA RESEARCH CENTER,≤100
154561574598964,White Coat Waste Project,THE WHITE COAT WASTE PROJECT INC,≤100
101224002310757,Seven Weeks Coffee,Seven Weeks Coffee,≤100
10606591490,TIME,TIME USA LLC,≤100
786167111464006,Woodson Center,The Woodson Center,≤100
1428755447227803,Defend The Second,Next Level Goods,≤100
141786816970,Cruise Lines International Association - CLIA,Cruise Lines International Association,≤100
309798029121030,Everytown for Gun Safety,Everytown for Gun Safety Action Fund Inc,≤100
936968016365794,The Eric Metaxas Radio Show,Salem Media,≤100
104062973021500,Sony Group - Global,These ads ran without a disclaimer,≤100
125769584126996,Yael Eckstein,"INTERNATIONAL FELLOWSHIP OF CHRISTIANS & JEWS, INC.",≤100
69347890321,2U,"2U, Inc.",≤100
19219803864,Tax Foundation,Tax Foundation,≤100
7606381190,Amy Klobuchar,KLOBUCHAR FOR MINNESOTA,≤100
557051651115624,Stidham Financial Services,Stidham Financial Services,≤100
108268161352786,Stanley M. Herzog Foundation,Herzog Foundation,≤100
305115773870,Adobe,These ads ran without a disclaimer,≤100
21375324480,The Heritage Foundation,HERITAGE FOUNDATION (THE),≤100
101605354952785,Glenn Youngkin,Spirit of Virginia,≤100
1593518174052711,Candace Owens,The Daily Wire,≤100
107661474402498,Liberty Eagle Apparel,United Patriot,≤100
269479249997,NSSF—The Firearm Industry Trade Association,National Shooting Sports Foundation,≤100
111812468884033,W.K. Kellogg Foundation,W. K. KELLOGG FOUNDATION,≤100
1201574069988840,NoFilter with Ana Kasparian,"The Young Turks, Inc.",≤100
408250066356,Bill O'Reilly,"Bill Me, Inc.",≤100
109819009036381,The New York Sun,NEW YORK SUN COMPANY LLC,≤100
142474049098533,Robert Reich,Inequality Media,≤100
395387250536986,Janet for Justice,JANET FOR JUSTICE,≤100
5435784683,Greenpeace USA,"GREENPEACE, INC.",≤100
1832888600167903,JD for Arlington,JD for Arlington,≤100
657708380952174,Voices of the Civil Rights Movement,Comcast,≤100
286487148036558,Rise for Animals,NEW ENGLAND ANTI VIVISECTION SOCIETY,≤100
25852730092,Care2,"Care2.com, Inc",≤100
290548664672,First Liberty,First Liberty Institute,≤100
104107788684988,Tom Klingenstein,TomKlingenstein.com,≤100
38882699096,Polaris,POLARIS PROJECT,≤100
12357407443,American Friends Service Committee,AMERICAN FRIENDS SERVICE COMMITTEE,≤100
315528175667844,Women2Women,Women2Women Conversations Tour,≤100
125179374733697,Big News Buzz,Resource Media,≤100
108769654650598,Backstory Strategies,Backstory Strategies,≤100
108408962542926,Magic 95.9 Baltimore,Urban1,≤100
101090559295696,TPUSA Faith,TURNING POINT USA NFP,≤100
40102638699,J Street,J STREET INC,≤100
110442961603215,Yikes Today,Andrew Chase Behmoiras,≤100
116115111094914,Mirena® (levonorgestrel-releasing intrauterine system) 52 mg,BAYER HEALTHCARE LLC,≤100
19342050934,Leadership Institute,LEADERSHIP INSTITUTE INC,≤100
5970146660,Community Change,Center for Community Change Action,≤100
169687486427698,Jentezen Franklin,FREE CHAPEL WORSHIP CENTER,≤100
106058025408954,Do No Harm Medicine,Do No Harm,≤100
15503839732,Peter G. Peterson Foundation,Peter G. Peterson Foundation,≤100
111380958315889,Secure Financial Future,INVESTMENT COMPANY INSTITUTE,≤100
397207347056799,Voices for Healthy Kids,AMERICAN HEART ASSOCIATION INC,≤100
507070522767934,AACR Foundation,"AMERICAN ASSOCIATION FOR CANCER RESEARCH, INC.",≤100
201446296572389,Compassion in World Farming (USA),Compassion in World Farming Inc,≤100
100278852957949,Katrina Callsen for Delegate,Callsen for Delegate,≤100
281847030270,Sierra Club Virginia Chapter,Sierra Club Virginia Chapter,≤100
1534290989956166,Philanthropy Roundtable,"PHILANTHROPY ROUNDTABLE, THE",≤100
18983389920,Open Society Foundations,Open Society Foundations,≤100
102047517918,The Commonwealth Fund,"COMMONWEALTH FUND, THE",≤100
359477377917,American Federation for Children,American Federation for Children,≤100
497348647140658,Point Source Youth,Point Source Youth,≤100
134452023239984,Human Coalition,Human Coalition,≤100
82223469060,ACN - Aid to the Church in Need,"AID TO THE CHURCH IN NEED, INC.",≤100
331037760381749,Sierra Magazine,SIERRA CLUB,≤100
84177291169,"Dairy Farmers of America, Inc.",DAIRY FARMERS OF AMERICA INC,≤100
250485248333218,Clean Air Task Force,CLEAN AIR TASK FORCE,≤100
84112077638,Greater Good Charities,GREATERGOOD.ORG,≤100
2254455051442790,Flag and Cross,Flag & Cross,≤100
83865976093,Truthout,TRUTHOUT,≤100
17203056985,Partners In Health,Partners In Health,≤100
185886644779524,Public Service Commission of the District of Columbia,Public Service Commission of the District of Columbia,≤100
5644748986,National Wildlife Federation,NATIONAL WILDLIFE FEDERATION,≤100
826456714149334,Black Millennials 4 Flint,Black Millennials 4 Flint,≤100
18813753280,Human Rights Campaign,Human Rights Campaign Foundation,≤100
10524033745,Remote Area Medical - RAM,REMOTE AREA MEDICAL,≤100
219612384781411,Bloomberg Philanthropies,Bloomberg Philanthropies,≤100
1546952572205770,UAE USA United,The Embassy of the United Arab Emirates,≤100
197760674021143,Indivisible Guide,Indivisible Project,≤100
378084314984,Trane Technologies,Trane Technologies,≤100
428330877769054,Ask Anything,Ask Anything,≤100
132669380104415,Blue America,BLUE AMERICA PAC INDEPENDENT EXPENDITURE COMMITTEE,≤100
60261764250,Childhelp,"CHILDHELP, INC.",≤100
49079254653,MOM's Organic Market,These ads ran without a disclaimer,≤100
107414074990650,Defense of Freedom Institute,"Defense of Freedom Institute for Policy Studies, Inc.",≤100
1526736227567131,TrueCoverage,True Coverage,≤100
689547608156721,The Burial Solution,The Burial Solution,≤100
1869687273277265,Run for Something,Run For Something PAC,≤100
591038604304661,Cohen Milstein,Cohen Milstein Sellers & Toll PLLC,≤100
7962229886,Environmental Working Group,ENVIRONMENTAL WORKING GROUP,≤100
105561217523274,The Dispatch,"Dispatch Media, Inc.",≤100
160630887998827,Let Them Live,Oliver Harrison  Berning,≤100
10725413603,Interfaith Alliance,Interfaith Alliance,≤100
106225895742374,American Final Expense Authority,Final Expense Authority LLC,≤100
126305280752104,Slavic Gospel Association,SLAVIC GOSPEL ASSOCIATION,≤100
11911627997,Pancreatic Cancer Action Network,"PANCREATIC CANCER ACTION NETWORK, INC.",≤100
36872302227,Cory Booker,CORY BOOKER FOR SENATE,≤100
57673294024,PRAISE 104.1 FM,Urban1,≤100
21090771700,Gun Owners of America,Gun Owners of America,≤100
144359178921200,Majic 102.3/92.7,Urban1,≤100
112735922758892,Charlie Kirk,"Turning Point USA, Inc.",≤100
114351251909317,MyBGE,BALTIMORE GAS & ELECTRIC COMPANY,≤100
131306317680000,Social Goods,"Social Goods, LLC",≤100
106779538059265,Jay Timmons,NATIONAL ASSOCIATION OF MANUFACTURERS OF THE UNITED STATES OF AMERICA INC.,≤100
113496178208014,Protecting Our Democracy,Protecting Our Democracy,≤100
302111635698,National Association of Tax Professionals (NATP),National Association of Tax Professionals,≤100
113553048669158,Rick Scott,RICK SCOTT FOR FLORIDA,≤100
96935476345,Democratic Governors Association (DGA),"Democratic Action, democraticgovernors.org, not authorized by any candidate or candidate's committee.",≤100
50982313030,Food & Water Watch,Food & Water Watch,≤100
343714718985673,Think Wood,Think Wood,≤100
103648802451237,Fair Courts America,Fair Courts America,≤100
200650357207240,I Love My Freedom,I Love My Freedom,≤100
63240625785,National Immigration Forum,NATIONAL IMMIGRATION FORUM,≤100
48994809349,Ms. Foundation for Women,MS FOUNDATION FOR WOMEN INC,≤100
14957887077,Freedom House,"FREEDOM HOUSE, INC.",≤100
1569253233364184,Praise 106.1 Baltimore,Urban1,≤100
113341457791145,Voices for Healthy Green Spaces,Voices for Healthy Green Spaces,≤100
6787988478,Physicians for Human Rights,"PHYSICIANS FOR HUMAN RIGHTS, INC.",≤100
101771199180498,Conservatives of Kent County MD,Tatiana Tania Croissette,≤100
100388126216021,The Red Onlooker,Gregory Lawrence Burright,≤100
144905742229611,Scientology,Church of Scientology International,≤100
92021268117,Working America,Working America,≤100
367292494407,AJC - American Jewish Committee,AMERICAN JEWISH COMMITTEE,≤100
50822254585,Mountain States Legal Foundation,Mountain States Legal Foundation,≤100
127276773973529,SEVA FOUNDATION,These ads ran without a disclaimer,≤100
11551978516,URGE: Unite for Reproductive & Gender Equity,UNITE FOR REPRODUCTIVE & GENDER EQUITY,≤100
8936818385,Accuracy in Media,Flo Communications,≤100
183230542015806,J Street Baltimore,J STREET INC,≤100
201956993160690,MRCTV,MEDIA RESEARCH CENTER,≤100
29934350147,Marketplace Business News,AMERICAN PUBLIC MEDIA,≤100
101069505589,American Association of Pro Life OB/GYNS,AAPLOG,≤100
407902639235640,JNS.org,Jewish News Syndicate,≤100
101391906600,Live Action News,Live Action,≤100
6334782252,Oceana,Oceana,≤100
191199947570555,Michigan AFL-CIO,Michigan AFL-CIO,≤100
91346559231,Democratic Legislative Campaign Committee - DLCC,Democratic Legislative Campaign Committee,≤100
280704452367167,Jason Crow,JASON CROW FOR CONGRESS,≤100
8002590959,Rainforest Action Network - RAN,RAINFOREST ACTION NETWORK,≤100
42940254353,Human Rights Watch,"HUMAN RIGHTS WATCH, INC.",≤100
100417168386329,Heal America,Stand Together Chamber of Commerce Inc.,≤100
69983322463,Ted Cruz,TED CRUZ FOR SENATE,≤100
1600352356914768,PushBlack,PushBlack,≤100
142957224352,International Medical Corps,International Medical Corps,≤100
42631297765,Hadassah,"HADASSAH, THE WOMEN'S ZIONIST ORGANIZATION OF AMERICA, INC.",≤100
51052893175,Speaker Kevin McCarthy,Speaker Kevin McCarthy,≤100
6165653060,AFSCME,AMERICAN FEDERATION OF STATE COUNTY & MUNICIPAL EMPLOYEES,≤100
129255907131113,NumbersUSA,NUMBERSUSA EDUCATION AND RESEARCH FOUNDATION,≤100
124506846628,Agape International Missions,AGAPE INTERNATIONAL MISSIONS,≤100
103565195134756,America First Policy Institute,America First Policy Institute,≤100
118626774835274,Medicare Made Clear,Medicare Made Clear from United Healthcare,≤100
77130778113,Coalition for Medicare Choices,The Coalition for Medicare Choices,≤100
105407295261035,Sam Stone for Phoenix,Sam for 6,≤100
505653766599222,America First with Dr. Sebastian Gorka,Salem Media,≤100
109118211910879,Mr. 45,Green Straw LLC,≤100
598997096888503,Abramorama,Abramorama,≤100
105173311888160,Star and Bar,Star and Bar,≤100
51405613519,Focus on the Family,Focus on the Family,≤100
100913694925880,"Akalan Law Firm, PLLC","Akalan Law Firm, PLLC",≤100
16534314739,Facing History and Ourselves,"FACING HISTORY AND OURSELVES NATIONAL FOUNDATION, INC.",≤100
6240652407,Young America's Foundation,Young America's Foundation Inc,≤100
105753898811449,Align Us,Align Us,≤100
232467307162583,Farm Action,Family Farm Action,≤100
8524198486,Physicians Committee for Responsible Medicine,"PHYSICIANS COMMITTEE FOR RESPONSIBLE MEDICINE, INC.",≤100
403737406341879,National Women's Health Network,NATIONAL WOMENS HEALTH NETWORK,≤100
252814820267,HIAS,HIAS,≤100
1470540296409810,Fair Fight Action,FAIR FIGHT ACTION INC,≤100
711478725532801,Civiqs,Civiqs,≤100
231233250671092,Boundless Immigration,These ads ran without a disclaimer,≤100
17043549797,MIT Technology Review,These ads ran without a disclaimer,≤100
163684173651518,SEIU Local 2015,SEIU LOCAL 2015,≤100
28446275521,Military Officers Association of America (MOAA),Military Officers Association of America,≤100
794025550637843,Promise Land Men's Ministries,Promise Land Men's Ministries,≤100
100517736205311,MTM,MIKE TER MAAT FOR PRESIDENT,≤100
108620667163768,For Our Future,Resource Media,≤100
745910525468062,National Center on Sexual Exploitation,National Center on Sexual Exploitation,≤100
55160732111,Cystic Fibrosis Foundation,CYSTIC FIBROSIS FOUNDATION,≤100
188627788423714,The Scoop Politics,The Scoop Media Inc.,≤100
109716011638325,Jane Fonda Climate PAC,JANE FONDA CLIMATE PAC,≤100
57259033959,AARP,AARP,≤100
96491683438,"The Friends of Israel Gospel Ministry, Inc.","FRIENDS OF ISRAEL GOSPEL MINISTRY, INC, THE",≤100
109749408609311,Proud Patriots USA,Proud Patriots USA,≤100
115379694797832,WI Takes Action,ORGANIZING EMPOWERMENT PAC,≤100
114437671556648,Health Quotes,These ads ran without a disclaimer,≤100
310925405807,Citizens Climate Lobby,Citizens' Climate Lobby,≤100
417522508294454,Job Creators Network,Job Creators Network,≤100
349800859019034,The 19th News,The 19th,≤100
102413723172970,Nick Adams,Nick Adams,≤100
179513292162226,American History TV,NATIONAL CABLE SATELLITE CORPORATION,≤100
102486559194712,Private Equity Stakeholder Project,Climate Nexus - Rockefeller Philanthropy Advisors Sponsored Project,≤100
104908071917505,Welcome.us,Welcome.us,≤100
100758682697459,Mayday Health,"Mayday Medicines, Inc.",≤100
107454490912636,Jewish Future Pledge,Jewish Future Pledge Inc,≤100
259351004139042,Ashbrook Center,Ashbrook Center,≤100
43934405787,IPPF,International Planned Parenthood Federation Worldwide Inc,≤100
157467947662,Justin Bua,These ads ran without a disclaimer,≤100
58736997707,Marco Rubio,Rubio Victory Committee,≤100
238473269650980,Capital & Main,CAPITAL & MAIN,≤100
1429942950553593,Adipec Official,These ads ran without a disclaimer,≤100
102204903345,The Vilcek Foundation,"VILCEK FOUNDATION, INC., THE",≤100
300992409852,Hoover Institution,Hoover Institution,≤100
2053678114723700,President Trump's Patriot Army,I Love My Freedom,≤100
144218332276139,UnitedHealth Group,These ads ran without a disclaimer,≤100
108266445888054,Patriot Academy,TORCH OF FREEDOM FOUNDATION,≤100
830162603716633,Andy Beshear,Andy Beshear for Governor,≤100
221401431386940,Pramila Jayapal,PRAMILA FOR CONGRESS,≤100
280523953784252,Help An Animal,These ads ran without a disclaimer,≤100
169042736456594,All Out,All Out Action Fund.,≤100
500624383615120,Beacon Impact,Beacon Impact,≤100
513695272011123,The Genesis Prize,GPF NA LLC,≤100
896759427103774,Modern Medicaid Alliance,Modern Medicaid Alliance,≤100
109450205366582,The American Advisory,The American Advisor,≤100
470369419784714,Nick Palmisciano,Nick Palmisciano,≤100
999556810102061,Signature Seas,Signature Seas,≤100
645392368909975,carafem,carafem,≤100
1898234727131235,Reel America,BizPac Review,≤100
97466887664,Innocence Project,"INNOCENCE PROJECT, INC., THE",≤100
286224862049910,Salim Adofo,Salim Kwabena Thandiwe Adofo,≤100
21242962092,ClientEarth,CLIENTEARTH USA INC,≤100
127637620616803,Comcast Newsmakers,Comcast,≤100
429233848012141,The HALO Trust USA,"HALO TRUST (USA), INC. (THE)",≤100
205795426669644,Facts and Logic about the Middle East,Facts and Logic About the Middle East,≤100
84645912778,Prosperity Now,PROSPERITY NOW,≤100
149220264647,ADL - Anti-Defamation League,Anti-Defamation League,≤100
316955281351,APWU - The American Postal Workers Union,AMERICAN POSTAL WORKERS UNION,≤100
10234472029,Council on Foreign Relations,Council on Foreign Relations,≤100
698400060189827,Dan Sullivan,Alaskans for Sullivan,≤100
331834243515149,Harambee Books and Haki Ammi Success Scholar,These ads ran without a disclaimer,≤100
71324717432,National Association of Scholars,NATIONAL ASSOCIATION OF SCHOLARS,≤100
30914589895,The International Fellowship of Christians and Jews,"INTERNATIONAL FELLOWSHIP OF CHRISTIANS & JEWS, INC.",≤100
141461112573139,Ullico Inc.,Ullico Inc.,≤100
119953292796,Jim Banks,BANKS FOR SENATE,≤100
243184199040637,Caring Across Generations,Caring Across Generations,≤100
130945114804,World Jewish Congress,WORLD JEWISH CONGRESS AMERICAN SECTION INC,≤100
552580508224925,Chan Zuckerberg Initiative,"CHAN ZUCKERBERG INITIATIVE, LLC",≤100
16695101734,National Association of Social Workers,NATIONAL ASSOCIATION OF SOCIAL WORKERS,≤100
9364828262,Citizens Against Government Waste,CITIZENS AGAINST GOVERNMENT WASTE,≤100
205671813294,Mountain View Solar,"MOUNTAIN VIEW SOLAR AND WIND, LLC",≤100
120778038066631,EveryLibrary,EveryLibrary,≤100
101626535691142,Tina Blum Cohen for U.S. House of Representatives Texas District 7,TINA BLUM COHEN FOR US HOUSE OF REPRESENTATIVES TEXAS DISTRICT 7,≤100
104614641200137,MeidasTouch,MEIDASTOUCH,≤100
106563958759988,Semafor,Semafor Inc.,≤100
226999127329906,New York Immigration Lawyer,Law Office of Alena Shautsova,≤100
284293125336159,Regulatory Transparency Project,FEDERALIST SOCIETY FOR LAW & PUBLIC POLICY STUDIES,≤100
101869563236902,FreedomFest,FreedomFest,≤100
104134582247672,Anthony D'Esposito,DESPOSITO FOR NEW YORK,≤100
128336777202447,MDLinx,These ads ran without a disclaimer,≤100
417709355647,The Lynde and Harry Bradley Foundation,"LYNDE AND HARRY BRADLEY FOUNDATION, INC., THE",≤100
110856865095475,Albert Vega for Springfield Supervisor,Friends of Albert Vega,≤100
1632814840319802,John Fetterman,Fetterman for PA,≤100
104377641671195,Salem Podcast Network,Salem Media,≤100
23948253723,National Marine Sanctuary Foundation,These ads ran without a disclaimer,≤100
337038226473839,Trish Regan,"SALEM MEDIA GROUP, INC.",≤100
59254639983,Boston Medical Center,BOSTON MEDICAL CENTER,≤100
25121889784,Texas Public Policy Foundation,Texas Public Policy Foundation,≤100
265251610146,Virginia League of Conservation Voters,Virginia League of Conservation Voters,≤100
983629811723932,Home Title Lock,Home Title Lock,≤100
102807748984964,"Crime and Criminal Justice, research by Katie Krumbholz",Katie Marie Krumbholz,≤100
101131749365237,Vote Robin Adams Tioga County Commissioner,Friends of Robin Adams,≤100
101716172441500,Brennan Center en Español,"WILLIAM J. BRENNAN CENTER FOR JUSTICE, INC.",≤100
103875099042033,DailyWire+,The Daily Wire,≤100
124924174551188,Awe Inspired,JILCO,≤100
160005659383,Pre-Born,"MISSION: PRE-BORN, INC.",≤100
1050178538369612,DonorSee,DonorSee,≤100
201395689855,Kinecta,These ads ran without a disclaimer,≤100
93228695778,Tea Party Patriots,Tea Party Patriots,≤100
105120815642998,Partnership to Address Global Emissions,PARTNERSHIP TO ADDRESS GLOBAL EMISSIONS INC,≤100
101674425989138,MIT Economics Survey on Climate Change,"MIT Climate Change Survey, MIT Department of Economics",≤100
464998390249008,The Independence Fund,"INDEPENDENCE FUND, INC, THE",≤100
102658018862855,Salem News Channel,Salem Media Group,≤100
100676654763777,Clarifion,These ads ran without a disclaimer,≤100
33699882778,Dr. Bronner's,Dr. Bronner's,≤100
108028728590880,CTLPod,POPULATION MEDIA CENTER INC,≤100
1196196390526965,Facebook Surveys,These ads ran without a disclaimer,≤100
108247581851552,Democracy Defense Fund,DEMOCRACY DEFENSE FUND,≤100
210357995667559,The National Memo,The National Memo,≤100
164966660351345,Hope Outfitters,Hope Outfitters,≤100
40032861193,ACLU of Indiana,INDIANA CIVIL LIBERTIES UNION INC,≤100
116139428050914,The Retort Report,Todd James Peterson,≤100
90209763480,The Federalist Society,The Federalist Society,≤100
111306298500421,Julie Hartman,Salem Media Group,≤100
16317479654,Deseret News,Deseret News,≤100
102142101657930,OurFight.online,Our Fight Inc,≤100
971668776283950,PolicyEd,Hoover Institution,≤100
1050320055029012,Outrider Foundation,OUTRIDER FOUNDATION INC,≤100
102079592297532,Leftdiculous Card Game,"Right Entertainment, LLC",≤100
299016790922,Bobby Eberle,Bobby Eberle,≤100
101312698628642,Ryan Samuels,Ryan Francis Samuels,≤100
296438217073791,11th Hour Racing,11th Hour Racing,≤100
5720973755,Defenders of Wildlife,These ads ran without a disclaimer,≤100
234142976633158,Wake Up World & Smell the Coffee,Edith Dume Lerner,≤100
104981939210693,Clayton Keirns,I Love My Freedom,≤100
102027764795677,American Wire,BizPac Review,≤100
95135221781,Federal News Network,Hubbard Radio DC,≤100
110589583842808,Union Built Matters NYC,Union Built Matters,≤100
473191156175163,EDF Action,Environmental Defense Action Fund,≤100
6165653060,AFSCME,These ads ran without a disclaimer,≤100
271434569418,HumaneWatch,Center for Consumer Freedom,≤100
60182072999,Lila Rose,Live Action,≤100
170491079663777,The Sentencing Project,"SENTENCING PROJECT INC, THE",≤100
311155110668,Common Sense Society,Common Sense Society,≤100
158505287559920,Save the Storks,Save the Storks,≤100
29423827874,Proclaiming Justice to the Nations,PROCLAIMING JUSTICE TO THE NATIONS INC,≤100
173470656019870,The Daily Yonder,CENTER FOR RURAL STRATEGIES,≤100
524399207959953,Truth & Liberty Coalition,Truth & Liberty Coalition,≤100
168876449866088,The Years Project,THE YEARS PROJECT,≤100
130268756992804,Yale Climate Connections,Yale Climate Connections,≤100
102044622753692,American Potential Podcast,AMERICANS FOR PROSPERITY,≤100
1316372698453411,Alexandria Ocasio-Cortez,THE SQUAD VICTORY FUND,≤100
925007000949719,ExxonMobil,EXXON MOBIL CORPORATION,≤100
312657362217994,Women's Heart Alliance,Women's Heart Alliance,≤100
9324910069,NRSC,NRSC,≤100
46347342434,EMILY's List,EMILY'S LIST,≤100
222539451627775,The Graceful Goose,The Graceful Goose,≤100
126893748252841,American Firearms Association,American Firearms Coalition,≤100
16477459734,League of Conservation Voters,"LEAGUE OF CONSERVATION VOTERS, INC",≤100
108293898875429,President Trump Supporters,I Love My Freedom,≤100
110068881944540,Clarence Cox for Sheriff,Friends of Clarence Cox,≤100
250392878345035,The Focused Pastor,Focus on the Family,≤100
7219151423,The Fund for American Studies (TFAS),FUND FOR AMERICAN STUDIES,≤100
100348269406883,Pride Always,Pride Always,≤100
1000253160054572,Cori Bush,The Squad Victory Fund,≤100
927265317430219,Cara Lanelle,These ads ran without a disclaimer,≤100
138276702894458,Right On Crime,Texas Public Policy Foundation,≤100
700941689954518,Defend Our Future,Defend Our Future,≤100
1590877284560136,Patti Harris,Bloomberg Philanthropies,≤100
8895898655,Rainforest Alliance,"RAINFOREST ALLIANCE, INC.",≤100
279799525443906,HELPS Nonprofit,HELPS Nonprofit Law Firm,≤100
100184235633007,Summit Carbon Solutions,"Summit Carbon Solutions, LLC",≤100
311008185581706,Constellation,These ads ran without a disclaimer,≤100
34348350528,Pulitzer Center on Crisis Reporting,PULITZER CENTER ON CRISIS REPORTING,≤100
589658204411894,Office of South Carolina Treasurer Curtis Loftis,Future Scholar. Administered by State Treasurer Curtis Loftis. Not paid for with state funds.,≤100
345378512258813,Elise Stefanik,TEAM ELISE,≤100
510681319319292,U.S. Civil Rights Trail,US Civil Rights Trail Marketing Alliance INC,≤100
126053105675,Save the Redwoods League,Save The Redwoods League,≤100
1445796818829958,The Nature Conservancy Virginia,NATURE CONSERVANCY,≤100
152264148166020,Moms Clean Air Force,Moms Clean Air Force,≤100
271453369908901,FLAG  - Foundation for Liberty and American Greatness,Tomer Barazani,≤100
102421369434228,Goose's News Daily,Justin Gustafson,≤100
636093333133893,UCR School of Public Policy,UCR School of Public Policy,≤100
78420171887,Sailors for the Sea,OCEANA INC,≤100
156552959916,Chamberlain University,Chamberlain University,≤100
164049599660,Catholic Relief Services en español,CATHOLIC RELIEF SERVICES,≤100
190198574334684,FHE Health,THE FLORIDA HOUSE EXPERIENCE M,≤100
125120044171675,"City of Lancaster, CA – Government","LANCASTER, CITY OF",≤100
508887815910815,BPR,BizPac Review,≤100
103257956511353,Community Foundation for Loudoun and Northern Fauquier Counties,COMMUNITY FOUNDATION FOR LOUDOUN AND NORTHERN FAUQUIER COUNTIES,≤100
132766376763861,I Make America,Association of Equipment Manufacturers,≤100
120189635022,Bitdefender,These ads ran without a disclaimer,≤100
151894654697,Save Our States,Save Our States,≤100
108537340548276,"Haiku, Inc.",Kyle Reyes,≤100
1602846363276801,Chris Winslow,Friends of Chris Winslow,≤100
259212814698356,Democratic Majority for Israel,Democratic Majority for Israel,≤100
64974200999,America-Israel Friendship League,AMERICA-ISRAEL FRIENDSHIP LEAGUE,≤100
37540989546,Power to Decide,Power to Decide,≤100
19420215926,CNSNews.com,MEDIA RESEARCH CENTER,≤100
503499229999618,Serena Gonzales-Gutierrez,Serena for Denver,≤100
312208869424760,Field Team 6,Field Team 6,≤100
290851614930809,Combat AntiSemitism,Combat Hate Foundation,≤100
13867925345,Equality Florida,Equality Florida,≤100
673667436317733,Texas Consumer Association,Texas Consumer Association,≤100
251734676525,Kevin Cramer,CRAMER FOR SENATE,≤100
220873174076,Animal Equality,ANIMAL EQUALITY,≤100
104396194587918,C3 Solutions,Conservative Coalition for Climate Solutions,≤100
32682889528,U.S. Chamber of Commerce,The U.S. Chamber of Commerce,≤100
121039907919,ChatterBlast,ChatterBlast Media,≤100
206238602739505,Taxpayers Protection Alliance,Taxpayers Protection Alliance,≤100
6756153498,Mike Bloomberg,Bloomberg Philanthropies,≤100
1562713090633117,Operation Underground Railroad,OPERATION UNDERGROUND RAI,≤100
183165025062107,The TESA Collective,"The Toolbox for Education and Social Action, Inc",≤100
112114435501106,Hugh Hewitt,Salem Media,≤100
12503116997,Dennis Prager,Salem Media,≤100
988272834701169,Dyson,These ads ran without a disclaimer,≤100
206226362732803,Inspire Clean Energy,"Inspire Energy Holdings, LLC",≤100
107999458652964,MyObamacare,Norwegian Financial LLC,≤100
300341323465160,The Daily Signal,HERITAGE FOUNDATION (THE),≤100
487569614682924,CAPP USA,Yellow Line Productions LLC,≤100
105652832443066,Carbon Titans,CARBON TITANS LLC,≤100
28915909437,American Veterinary Medical Association Congressional Advocacy Network,AMERICAN VETERINARY MEDICAL ASSOCIATION,≤100
2602473023098666,Democratic Polling Center,Democratic Governors Association,≤100
199891603386344,Common Ground Committee,Common Ground Committee,≤100
103047259150209,What I Want to Know with Kevin P. Chavous,"Stride, Inc.",≤100
100700519593180,"Buck Nasty Media. Sports, culture, politics, and the Nasty Truth",Robert Mattox,≤100
182723117043,Chicago Council on Global Affairs,CHICAGO COUNCIL ON GLOBAL AFFAI,≤100
112463811431770,Lora Hernandez,These ads ran without a disclaimer,≤100
104979848524405,Starts With Us,Lubetzky Family Foundation,≤100
9538894955,John F. Kennedy Presidential Library and Museum,"John Fitzgerald Kennedy Library Foundation, Inc.",≤100
60865633726,Love Justice International,TINY HANDS INTERNATIONAL,≤100
103530021364583,Carolina Forward,North Carolina Forward,≤100
150984828444765,Chris McDaniel for Lt. Governor,Committee to Elect Chris McDaniel,≤100
129353084077944,Maebe A. Girl,MAEBE A. GIRL FOR CONGRESS,≤100
102748688472759,Parents Defending Education,Parents Defending Education,≤100
54580146753,Faith in Action,Faith in Action,≤100
234744096655497,Alliance For Early Success,Alliance for Early Success,≤100
104092062075803,PBC Jolt,"Jolt Media, Inc.",≤100
108775318620622,Timmy Knudsen for 43rd Ward Alderman,Friends of Timmy Knudsen,≤100
260933440643373,UltraViolet,UltraViolet Action,≤100
142474049098533,Robert Reich,Inequality Media Civic Action,≤100
1505244559517282,Colin Allred,COLIN ALLRED FOR CONGRESS,≤100
11465191261,JPMorgan Chase & Co.,These ads ran without a disclaimer,≤100
111829490992955,Chiquita Jackson Enterprise,Chiquita Jackson Enterprise,≤100
251657133497,"Equity, Diversity, & Inclusion - University of Utah",These ads ran without a disclaimer,≤100
1599237673639735,Change Media Group,Change Media Group,≤100
342887442508723,Convention of States,Convention of States Action,≤100
291102898490822,Conservative Comedy Store,Conservative Comedy Store,≤100
7515233409,"Mikey Weinstein, MRFF",MILITARY RELIGIOUS FREEDOM FOUNDATION,≤100
2361139837508625,Animal Victory,"One Red Lion, Inc DBA Animal Victory",≤100
2070944712939738,American Police Officers Alliance,American Police Officers Alliance,≤100
103546351703577,Dallas Express,Dallas Express Media,≤100
112735922758892,Charlie Kirk,Salem Media Group,≤100
111910503859549,Justin’s fight for justice,Nancy Lee Riley,≤100
257555958952,American University of the Caribbean School of Medicine,American University of the Caribbean School of Medicine,≤100
80770833881,Eagles' Wings,EAGLES' WINGS MINISTRIES,≤100
27461595703,Carbonfund,Carbonfund.org Foundation,≤100
747783932079184,Jared Golden for Congress,COMMITTEE TO ELECT JARED GOLDEN,≤100
158689780839317,vegan,Eugene Khutoryansky,≤100
149092268446286,Ross University School of Veterinary Medicine,Ross University School of Veterinary Medicine,≤100
102579389208198,Country First Academy,Keep Country First Policy Action,≤100
182079698493370,Portside,Portside,≤100
139835646030666,Alliance for Aviation Across America,Alliance for Aviation Across America,≤100
103001002005081,PublicSq,PublicSq.,≤100
103851532013523,Policyfetch.com,Quantum Digital Media Inc,≤100
186977768011413,Ironworkers Rising,"International Association of Bridge, Structural, Ornamental, and Reinforcing Iron Workers",≤100
101542284893130,Delaware LIVE News,DELAWARE LIVE LLC,≤100
107269094226611,Maryland Education Network,John Edward Huber,≤100
109729861699329,Speak4,Speak4,≤100
107064011602890,The American Idea Podcast,Ashbrook,≤100
260713150211,Protect Our Winters,Protect Our Winters,≤100
105599502191866,Florida Jolt,"Jolt Media, Inc.",≤100
108512875350,The Atlas Society,The Objectivist Center Ltd,≤100
110847698099863,Solarquote.org,solarquote.org,≤100
103328515934791,Take Back 2024,The Blue State Conservative,≤100
16900111951,National Organization for Women (NOW),NATIONAL ORGANIZATION FOR WOMEN,≤100
208876186220,Great Transition Initiative,"TELLUS INSTITUTE, INC.",≤100
43426724597,Paper Culture,Paper Culture LLC,≤100
795162290631372,Citrus Pregnancy Center,LIFE CHOICE CARE CENTER INC,≤100
105892547586690,Swell,Anecure Inc,≤100
41093998634,The Christian Post,The Christian Post,≤100
220538341415523,The Satanic Temple,The Satanic Temple,≤100
134597023235240,Rashida Tlaib,THE SQUAD VICTORY FUND,≤100
143173285763,Tenth Amendment Center,Tenth Amendment Center,≤100
138354569532939,"Tradition, Family, Property - TFP","American Society for the Defense of Tradition, Family and Property",≤100
239452426714,American Action Network,American Action Network,≤100
11111618026,Union of Concerned Scientists,"UNION OF CONCERNED SCIENTISTS, INC.",≤100
111515841026178,Counterspark,"Counterspark, Inc.",≤100
22627435207,Presbyterian Church (U.S.A.),Presbyterian Church (U.S.A.),≤100
1835838916635491,Transamerica Institute,Transamerica Center for Health Studies,≤100
112345611796763,Donald Trump Voters,I Love My Freedom,≤100
161151357262063,Fountain House,"FOUNTAIN HOUSE, INC.",≤100
124249383207,Ross University School of Medicine,Ross University School of Medicine,≤100
50513265848,Citizens United,Citizens United,≤100
126855128568,FEBC (Far East Broadcasting Company),"FAR EAST BROADCASTING COMPANY, INC.",≤100
723394465079640,The Lion,Stanley M. Herzog Charitable Foundation,≤100
116687045596745,Trey Walters,Trey Walters,≤100
14038292386,Women for Women International,WOMEN FOR WOMEN INTERNATIONAL,≤100
399060493533519,The Justice Foundation,JUSTICE FOUNDATION,≤100
108499068397574,Consumer Advantage,These ads ran without a disclaimer,≤100
204295565648,Representative Jason Fischer,Jason Fischer Campaign,≤100
113318901345595,Baby Patriots,Proud Patriots,≤100
69717994787,buildOn,BUILDON INC,≤100
110170005258857,Klicked Digital,DeDonato Enterprises,≤100
399997860992,Educators for Excellence,Educators for Excellence,≤100
517185715005608,Milbank LLP,These ads ran without a disclaimer,≤100
109848795293568,Patriots Kingdom,Patriots Kingdom,≤100
122894447754361,Institute for New Economic Thinking,"INSTITUTE FOR NEW ECONOMIC THINKING, THE",≤100
780941275347834,Ilhan Omar,THE SQUAD VICTORY FUND,≤100
117507751891,United Poultry Concerns,"UNITED POULTRY CONCERNS, INC",≤100
99546661271,Easterseals Delaware & Maryland's Eastern Shore,"EASTER SEALS DELAWARE & MARYLANDS EASTERN SHORE, INC.",≤100
111499465080080,John Tillman,John Tillman,≤100
101239962270235,Bright Future Iowa,Bright Future Iowa,≤100
20603236087,Love146,"LOVE146, INC.",≤100
285017061510900,The Ants and the Grasshopper,Generation Food,≤100
100713516303924,Helpsavelifes,HELPSAVELIFES INC,≤100
19072122251,National Women's History Museum,NATIONAL WOMENS HISTORY MUSEUM,≤100
106072988918406,big.hope.project,These ads ran without a disclaimer,≤100
108379888448176,Crispin4KC,Committee to Elect Crispin Rea,≤100
82609311925,GreenLatinos,GreenLatinos,≤100
782589285112360,Clark for Mayor of Harvey,Citizens for Christopher J Clark,≤100
114226275387369,republicEn,republicEn,≤100
183472861249,Point Foundation,Point Foundation,≤100
110981884065996,Abortion Finder,Power to Decide,≤100
349550772283369,Anglers for Lake Okeechobee,Anglers for Lake Okeechobee,≤100
106524405582141,Settle In for Ukrainians,INTERNATIONAL RESCUE COMMITTEE INC,≤100
178700205665083,FamilyLife Blended,CAMPUS CRUSADE FOR CHRIST INC,≤100
1088879854574157,ARCHd,ARCHd,≤100
499379343409991,Impact Fund,"IMPACT FUND, THE",≤100
121750354532995,Yale Program on Climate Change Communication,Yale Program on Climate Change Communication,≤100
720807754734987,John Edmonds Kozma,These ads ran without a disclaimer,≤100
207833736045744,MHAction.org,Patrick R. McHugh,≤100
649120705235515,Safe Schools South Florida,These ads ran without a disclaimer,≤100
278434943062355,WellBeing International,"WellBeing International, Inc.",≤100
1425435377743310,Conversations with Bill Kristol,FOUNDATION FOR CONSTITUTI,≤100
226158107735831,Minnesotans for Paid Family Leave,Minnesotans for Paid Family Leave,≤100
113814149730,GoBella Design & Planning,These ads ran without a disclaimer,≤100
214061167976,El Tiempo Latino,MASTV EL PLANETA LLC,≤100
1570082353262795,YIMBY Action,YIMBY ACTION,≤100
154930410085,"Zion Oil and Gas, Inc.","Zion OIl & Gas, Inc.",≤100
753777097992228,Liberty Hill Publishing,Liberty Hill Publishing,≤100
107440202610324,Miyamoto International,These ads ran without a disclaimer,≤100
227594571444676,Building New York's Best,Carpenter Contractor Alliance of Metropolitan New York,≤100
101878435993071,Circulationy,These ads ran without a disclaimer,≤100
103747761393271,Lootpress,Lootpress,≤100
149607228384141,America Needs Fatima,"American Society for the Defense of Tradition, Family and Property",≤100
217187838327836,The Story Exchange,The Story Exchange Foundation,≤100
1850752118493392,Kanaeokana,Kanaeokana,≤100
187850809456,PSEA - PA State Education Association,PENNSYLVANIA STATE EDUCATION ASSOCIATION,≤100
109710757964393,Pamela Boggess for Fort Worth City Council,Pamela Boggess Campaign,≤100
1832245947018802,Chris Rose for US Senate - WV,ROSE FOR WEST VIRGINIA,≤100
101791315693,Destiny Rescue,"Destiny Rescue International, Inc.",≤100
101437432582765,The Center for Infrastructure and Economic Development,Center for Infrastructure and Economic Development Inc.,≤100
100295932715908,Morrell For Mayor,Morrell For Mayor,≤100
101930385197156,Alianza Center,"Alianza Center, Inc.",≤100
31597994711,National Apartment Association,NATIONAL APARTMENT ASSOCIATION,≤100
133937690180,Student Conservation Association,Student Conservation Association,≤100
131664893560695,Origins OSU,Origins: Current Events in Historical Perspective,≤100
353237777925,Pennsylvania House Dems,Pennsylvania House Democratic Campaign Committee,≤100
160630887998827,Let Them Live,Let Them Live,≤100
317371771995065,AARP Arizona Hispanic Connection,AARP,≤100
37442103053,ACLU of New Jersey,AMERICAN CIVIL LIBERTIES UNION OF NJ,≤100
143063095713907,Hep,"CDM PUBLISHING, LLC",≤100
100692068471118,Explain America,Apse Media LLC,≤100
1625318647679604,Utah Association of Realtors,Utah Association of REALTORS®,≤100
940653386126953,StandingWithYou.org,Standingwithyou.org,≤100
506680536015406,HumanProgress.org,"CATO INSTITUTE, INC.",≤100
11029708945,World Politics Review,WORLD POLITICS REVIEW LLC,≤100
149551598424903,Boys Town,These ads ran without a disclaimer,≤100
101336828624026,Yes for Parks & Open Space,Yes for Parks and Open Space,≤100
107766235181961,The Nunn Report,The Nunn Report,≤100
269348454714,IMB,"INTERNATIONAL MISSION BOARD OF THE SOUTHERN BAPTIST CONVENTION, THE",≤100
75553755070,Michael Smerconish,Michael Smerconish,≤100
169710960125365,Curzio Research,Curzio Research,≤100
105306835585083,WVCEH Fair Housing,WVCEH Fair Housing,≤100
58158120046,ACLJ,American Center for Law and Justice,≤100
102254715563026,Paula Avila-Guillen,Women's Equality Center,≤100
659878157406228,America's Warrior Partnership,America's Warrior Partnership,≤100
156496968533805,Explore Beyond,NCTA - The Internet & Television Association,≤100
309798029121030,Everytown for Gun Safety,Everytown for Gun Safety Support Fund Inc,≤100
102712325850529,Libratum Press,Libratum Press LLC,≤100
110316380149,Family Policy Alliance,Family Policy Alliance,≤100
523938087747648,Catapult,Catapult,≤100
19972147679,SEIU,SEIU,≤100
2007361039550045,"Center for Free, Fair, and Accountable Democracy","CENTER FOR FREE, FAIR, AND ACCOUNTABLE DEMOCRACY, INC.",≤100
107409909326665,Stephen Wise Free Synagogue,"WISE, STEPHEN FREE SYNAGOGUE",≤100
18017481462,Acton Institute,Acton Institute,≤100
110624247393153,Republican Ads,"Republican Ads, LLC",≤100
61863318139,World Resources Institute,WORLD RESOURCES INSTITUTE,≤100
308210877464,Constituting America,These ads ran without a disclaimer,≤100
108307735495778,Four Sisters Publishing,Four Sisters Publishing,≤100
107645227592678,To Which We Belong,Mystic Artists,≤100
102252122442327,House On Fire,The CLEO Institute,≤100
322945079029,Glory Church International,GLORY CHURCH INTERNATIONAL,≤100
29727753421,New Jersey Education Association,NEW JERSEY EDUCATION ASSOCIATION,≤100
100562019990818,U.S. Term Limits,U.S. Term Limits Inc.,≤100
38812906703,United Friends of the Children,United Friends of the Children,≤100
101350839190816,Macro Conservative,Macro Conservative,≤100
109205371616512,We Stories,These ads ran without a disclaimer,≤100
150127528352944,Food Integrity Campaign,GOVERNMENT ACCOUNTABILITY PROJECT INC,≤100
106022068706327,Tennessee For All,Memphis for All,≤100
710669049286394,Woo the People,Woo the People,≤100
102277115688995,Patriot News Headquarters,I Love My Freedom,≤100
109575145733890,McGuireWoods Consulting,McGuireWoods Consulting LLC,≤100
234873863355500,Yale Alumni Association,Yale Alumni Association,≤100
44409199155,Amazon Conservation Team,AMAZON CONSERVATION TEAM,≤100
881846485242129,Kyle Reyes,Kyle Reyes,≤100
81517275796,UNICEF USA,UNITED STATES FUND FOR UNICEF,≤100
103839541551153,Rep. Eric Morrison,Delaware House Democrats,≤100
100206608965868,Workers Circle College Network,Workers Circle College Network,≤100
430869277025501,Dr. Nancy O'Reilly,"WOMEN CONNECT4GOOD, INC.",≤100
7292655492,MoveOn,MOVEON.ORG POLITICAL ACTION,≤100
103948701221001,Pro-Life Flag Project,Pro-Life Flag Project,≤100
106897088117442,Georgia Baptist Health Care Ministry Foundation,These ads ran without a disclaimer,≤100
134688009878271,Media Education Lab,These ads ran without a disclaimer,≤100
482100658584410,We Stand For Energy,"EDISON ELECTRIC INSTITUTE, INC.",≤100
275947565591,"Woods and Woods, LLC, The Veteran's Firm","Woods & Woods, LLC",≤100
106862204671108,The Deplorable Americans,Justin Gustafson,≤100
427656937297996,Diario Las Americas,LAS AMERICAS MULTIMEDIA GROUP LLC,≤100
117592091643709,Tree of Life Ministries｜Evangelism in Israel,Tree of Life Ministries,≤100
330641537286442,Virginia Constitutional Conservatives,Virginia Constitutional Conservatives,≤100
43853729859,Campaigns & Elections,Political World Communications,≤100
327853590558653,"Agri-Pulse Communications, Inc.","AGRI-PULSE COMMUNICATIONS, INC.",≤100
106335869023259,Edwin Gerace For Town Council,Edwin Francis Gerace,≤100
304842759546695,Brooklyn Institute for Social Research,Brooklyn Institute for Social Research,≤100
227535924071462,Animal Petitions,AnimalPetitions.org,≤100
10766391539,POZ Magazine,"CDM PUBLISHING, LLC",≤100
661744180680367,National Police Association,"NATIONAL POLICE ASSOCIATION, INC.",≤100
839158786226886,Two Party Opera,Brian Thomas Carroll,≤100
108900211919936,Eclipse Feed,These ads ran without a disclaimer,≤100
64206021703,National Committee to Preserve Social Security and Medicare,NATIONAL COMMITTE TO PRESERVE SOCIAL SECURITY AND MEDICARE,≤100
324569504564505,Worker Power,Worker Power,≤100
431339393600191,Newspaper La Informacion,These ads ran without a disclaimer,≤100
497949630282962,Retirement Specialty Group,Retirement Specialty Group,≤100
30866133883,Alaska Wilderness League,ALASKA WILDERNESS LEAGUE,≤100
101903508281567,The Dude's Threads,The Dude's Threads,≤100
106582384539447,Design for Freedom by Grace Farms,"GRACE FARMS FOUNDATION, INC.",≤100
105858001496295,Mattie Parker for Fort Worth Mayor,Mattie Parker For Mayor Campaign,≤100
104916968538177,TIS 이주공사,TIS VISA CORPORATION,≤100
116850341317501,GOP Gear,Red First,≤100
103376804451432,Trending Politics,I Love My Freedom,≤100
348104422491159,UNDIVIDED,UNDIVIDED,≤100
87377228013,Side with Love,UNITARIAN UNIVERSALIST ASSOCIATION,≤100
100243201777347,SHIFT,These ads ran without a disclaimer,≤100
203294399456,Public Interest Registry,Public Interest Registry,≤100
1352308314901529,Lindenhurst Knights of Columbus Council #794 - OLPH,Patrick R Corcoran,≤100
103535788939931,The Border Chronicle,The Border Chronicle,≤100
514446149038714,The Iowa Standard,The Iowa Standard,≤100
742790559090054,Alex Rowan Foundation,David Rowan,≤100
1587320221555150,NAACP Arlington Branch,NATIONAL ASSOCIATION FOR THE ADVANCEMENT OF COLORED PEOPLE,≤100
102297332402084,cheyenne.l.hunt,These ads ran without a disclaimer,≤100
110010433804232,Standing For Freedom Center,Standing for Freedom Center,≤100
208551063368,Dominican Friars of the Province of Saint Joseph,DOMINICAN FOUNDATION,≤100
117461121231786,Rep. Emilia Strong Sykes,Office of Congresswoman Emilia Strong Sykes,≤100
101009565149901,missdiagnosis203,These ads ran without a disclaimer,≤100
104675771663090,Melanin Cafe,These ads ran without a disclaimer,≤100
7035457015,Brave New Films,BRAVE NEW FOUNDATION 501(C)(3),≤100
100419396262201,Correspondcom,Dan Schwartz,≤100
401240226922554,VoLo Foundation,VoLo Foundation,≤100
162069790604,AARP Arizona,AARP,≤100
174793662656828,Colorado Peak Politics,Peak Politics LLC,≤100
197212467007163,She Should Run,SHE SHOULD RUN,≤100
1042560925858683,John Kelly,John Alexander Kelly,≤100
1557434891170862,Derek Green,GREEN FUND,≤100
1731084720451495,Saprea,The Younique Foundation,≤100
258186881053838,Dave Yarnes,Dave Yarnes,≤100
772624976214511,Florida Record,The Record,≤100
915656035153394,Oceanites,OCEANITES INC,≤100
273823172633650,Foundation for Government Accountability,The Foundation for Government Accountability,≤100
192738164073627,A Better Balance,A Better Balance,≤100
109475211795252,Freedom From The Press,Michael Scott Hughes,≤100
163662804426854,Life Advancement Group,Nathan Montgomery Berning,≤100
92729316952,Covanta,Covanta,≤100
1532309590375841,GoPure Skin Care,These ads ran without a disclaimer,≤100
399366360669553,Jamaal Bowman,The Squad Victory Fund,≤100
341513602902369,CALL TO ACTIVISM,CALL TO ACTIVISM,≤100
205883805896,Perkins School for the Blind,These ads ran without a disclaimer,≤100
103837939312191,lostonesongs,These ads ran without a disclaimer,≤100
345751305447288,Daugherty Water for Food Global Institute,Daugherty Water for Food Global Institute,≤100
104821105571303,Danny Becton for Duval County Property Appraiser,"Danny Becton, Republican, for Duval County Property Appraiser",≤100
103443178259625,Iron Light Labs,Iron Light Labs,≤100
397160373708360,Delaware Coalition Against Domestic Violence,DELAWARE COALITION AGAINST DOMESTIC VIOLENCE,≤100
105070129182164,The Wisconsin Independent,American Independent Media,≤100
2099448153445994,Students for Life Action,Students for Life Action,≤100
19036504767,Center for Victims of Torture,"CENTER FOR VICTIMS OF TORTURE, THE",≤100
242845139551348,GVPedia,GVPEDIA INC,≤100
191195674423572,Great Plains Tribal Leaders Health Board,GREAT PLAINS TRIBAL CHAIRMEN'S HEALTH BOARD,≤100
104166981993841,PAC For Justice,PAC For Justice,≤100
198899023478303,Matt Letourneau for Supervisor,Matt Letourneau for Supervisor,≤100
109284291894484,American News Stories,William Gordan Tanner,≤100
127691390582,PHI,"PARAPROFESSIONAL HEALTHCARE INSTITUTE, INC.",≤100
111032923803385,Revitalize Arizona,Revitalize Arizona,≤100
7361892567,Born Free USA,"BORN FREE USA, UNITED WITH ANIMAL PROTECTION INSTITUTE",≤100
346612865750115,Korea Defense Veterans Association,Korea Defense Veterans Association,≤100
112197355094696,Rahman Johnson for Jacksonville City Council District 14,Rahman Johnson for City Council District 14,≤100
106568024842114,Rideshare Assault Support,Injury Match,≤100
735450726543930,Clergy for a New Drug Policy,Clergy for a New Drug Policy,≤100
993294760683044,Education Reform Now,EDUCATION REFORM NOW ADVOCACY INC,≤100
138434734461,CIIS Public Programs,CIIS Public Programs,≤100
276076196388914,Coffee & Pan Dulce Show,Coffee & Pan Dulce Show,≤100
65538457518,The Village Square,TO THE VILLAGE SQUARE INC,≤100
115851611042,The Max Foundation,THE MAX FOUNDATION,≤100
100284648021034,New Tolerance Campaign,New Tolerance Campaign,≤100
254707443080387,Bucks County Beacon,Bucks County Beacon LLC,≤100
1553978148244954,Build With Strength,Build With Strength,≤100
40755480179,Students For Liberty,STUDENTS FOR LIBERTY INC,≤100
100500465282483,Breaking Battlegrounds,September Group LLC,≤100
101990935107917,stewartandrewt,These ads ran without a disclaimer,≤100
97624620788,American Friends of Magen David Adom,AMERICAN FRIENDS OF MAGEN DAVID ADOM,≤100
115533195792,Reston Association,RESTON ASSOCIATION,≤100
338336725397,Jewish Federation of Greater MetroWest NJ,Jewish Federation of Greater Metrowest New Jersey,≤100
1409136279195797,Jackie Hope Glass,Jackie Glass for Norfolk,≤100
170126260000702,Western Journal US News,The Western Journal,≤100
1709657975990391,Colorado Times Recorder,Colorado Times Recorder,≤100
148842188865145,WNY Sustainable Business Roundtable,These ads ran without a disclaimer,≤100
109715331987710,Prue for Lake Forest,Prue for Lake Forest,≤100
102135745811769,The Sky Rains,David John Hild,≤100
182586558444730,National Family Farm Coalition,NATIONAL FAMILY FARM COALITION,≤100
502151103244047,Join RSD,RIVERSIDE COUNTY SHERIFFS DEP,≤100
1223818144299403,DFRLab,"ATLANTIC COUNCIL OF THE UNITED STATES, INC. (THE)",≤100
79820371749,Ayanna Pressley,THE SQUAD VICTORY FUND,≤100
109585095231048,Vote Yes for Unit 5,Yes for  Unit 5,≤100
30618466815,Pacific Legal Foundation,Pacific Legal Foundation,≤100
1527263310925112,AVANGRID,These ads ran without a disclaimer,≤100
278052172260101,ZERO TO THREE,ZERO TO THREE,≤100
127668823933246,The NewDEAL,NEWDEAL,≤100
163662804426854,Life Advancement Group,LIFE ADVANCEMENT GROUP,≤100
621063378058314,Republican Party of McLennan County,McLennan County Republican Party,≤100
2168484930102843,EJ Moonshot,EJ Creations LLC,≤100
254943996005,Catholic Answers,"CATHOLIC ANSWERS, INC.",≤100
95328236543,Georgia Public Policy Foundation,Georgia Public Policy Foundaiton,≤100
76152038707,Michigan Realtors,Michigan Realtors,≤100
117140627918521,Rivera for Cambridge,Rivera for Cambridge,≤100
105334892381660,AmericanTowns Politics,AMERICAN TOWNS,≤100
226489691251,Keep New Hanover Beautiful,Keep New Hanover Beautiful,≤100
644308565682800,Tanya Acker,Tanya Marie Acker,≤100
109292752077520,Kwame Spearman for Denver Mayor,Kwame for Denver,≤100
100924619575756,Cindy Hamilton for Highwood,Elect Cindy Hamilton 2023,≤100
14893370225,Sustainable Harvest International,SUSTAINABLE HARVEST INTERNATIONAL,≤100
101602011596761,Beaches Activists Movement,John Wesley Weldon,≤100
150322194563,PASA Primates: Pan African Sanctuary Alliance,PAN AFRICAN SANCTUARIES ALLIANCE,≤100
104521238896557,June Marie Paintings,June-Marie Paintings,≤100
123651254408327,Sokolove Law,"Sokolove Law, LLC",≤100
109866391899613,Raul Arias for City Council,Raul Arias for City Council,≤100
100269702946834,Neilandersoninnovate,Neil Anderson,≤100
114456680428182,SAGE,Seafood and Gender Equality (SAGE),≤100
102802765956784,Chris Miller for Jacksonville,Chris Miller Campaign,≤100
107622955460520,Lindsey Brock for City Council,Lindsey Brock for City Council,≤100
103739957866477,Zinc8 Energy Solutions,"Vorticom, Inc.",≤100
104377518078467,More Perfect Union,MORE PERFECT UNION FOUNDATION,≤100
337323319689579,Wild Farm Alliance,WILD FARM ALLIANCE,≤100
1785368905093518,PastFactory,These ads ran without a disclaimer,≤100
354329797956187,The Catholic Association,"The Catholic Association, Inc",≤100
111044621745187,Liberty News,William Gordan Tanner,≤100
101377889168483,Gumbo Limbo Coastal Stewards,"Gumbo Limbo Coastal Stewards, Inc.",≤100
103953861725,Population Council,"POPULATION COUNCIL, INC., THE",≤100
108552425507096,USA Savings Info,USA Savings Info,≤100
103210743084765,Resonate,Resonate,≤100
594519783957655,Citizens for National Security,Citizens For National Security,≤100
46093654473,National Republican Congressional Committee,NRCC,≤100
101699619291244,Brad for Denver,Brad for Denver,≤100
17475614410,Hispanic Federation,HISPANIC FEDERATION INC,≤100
193861605858,Buffalo Field Campaign,BUFFALO FIELD CAMPAIGN,≤100
1444820465547227,Rank the Vote,Rank the Vote,≤100
102579112455934,Making The Leap Podcast,Stanley M. Herzog Charitable Foundation,≤100
100806242836871,Preservation Pause,University of Arizona Indigenous Peoples Law and Policy Program,≤100
1448985902033866,Trans Lifeline,Trans Lifeline,≤100
1872586322962840,ThinkTennessee,THINK TENNESSEE,≤100
100598002750811,robertmbannon,These ads ran without a disclaimer,≤100
2436403486378786,Tim Temple,Tim Temple Campaign,≤100
568103006940639,Law Office of Gary J. Kim,Law Offices of Gary J. Kim,≤100
357045667965,Oslo Freedom Forum,These ads ran without a disclaimer,≤100
229574920454629,WARM NYC,These ads ran without a disclaimer,≤100
101401179944527,Mona Foundation,MONA FOUNDATION,≤100
103460651712789,Equity Intersection,Equity Intersection,≤100
929799807078079,CITIZENARTS,CITIZENARTS EDUCATION COMPANY,≤100
102589746451856,American Black Journal,DETROIT EDUCATIONAL TELEVISION FOUNDATION,≤100
131093146936743,Doral Community Coalition,Norberto Horacio Spangaro,≤100
100124709108034,Patriot One News,Matt Clark Agency,≤100
109521013225,Nikki Haley,Team Stand for America,≤100
104237051371667,Fandiem,Fandiem Inc,≤100
112349344988730,Adrian Petrila for Mayor,ADRIAN PETRILA CAMPAIGN,≤100
107356708329311,Conservative News Stories,William Gordan Tanner,≤100
1376465702586897,Coloradans for Responsible Energy Development,Coloradans for Responsible Energy Development,≤100
112171461739652,Vote4huffman,Christopher Huffman,≤100
102596355656379,Red Wave News Updates,Michael Scott Hughes,≤100
114065428253003,Re-Elect Randy White,Randy White Campaign,≤100
103433804692809,Law Offices of James S. Hong & Associates,Law Offices of James S. Hong,≤100
104660195062596,Gen Z Conservative,William Gordan Tanner,≤100
147126507164,ACTwireless,ACTwireless,≤100
299588323424419,Legal Newsline,The Record,≤100
408252582872693,Daniella Levine Cava,"Daniella Levine Cava, Non-Partisan, for Miami-Dade County Mayor",≤100
120915979267,Life In Messiah International,"AMF INTERNATIONAL, INC.",≤100
161107820658032,La Red Hispana,"HISPANIC COMMUNICATIONS NETWORK, LLC",≤100
246633904835,First Unitarian Society of Milwaukee,FIRST UNITARIAN SOCIETY OF,≤100
103338614839717,Peter S. Wenz,Peter S. Wenz,≤100
101810652152706,Ship It Zero,PACIFIC ENVIRONMENT AND RESOURCES CENTER,≤100
101103254533,SOS International,SOS International,≤100
1353722684643583,EPF Media,EPF Media,≤100
108108121456950,Blue States PAC,BLUE STATES PAC,≤100
103860008217959,Check CU,Check CU,≤100
102001643601754,Mónica Alonzo Campaign,Alonzo For Dallas,≤100
320823520454,Enough Is Enough,Enough is Enough,≤100
174601202564464,Jean Quan,These ads ran without a disclaimer,≤100
513785465632396,Airline Passengers for Justice,Airline Passengers for Justice,≤100
633115206829137,Revived Soldiers Ukraine,These ads ran without a disclaimer,≤100
1401678933415357,Blooming Fire,These ads ran without a disclaimer,≤100
81517275796,UNICEF USA,These ads ran without a disclaimer,≤100
103919959114637,Bubble Baby,These ads ran without a disclaimer,≤100
1449073545419430,The Lone Liberal Republican,Arthur Winter,≤100
133913826633461,Grassroot Institute of Hawaii,Grassroot Institute of Hawaii,≤100
103387475108048,Rimm-PODCAST,Igor Spasojevic,≤100
211650575617316,KAT Centre,KAT US INC,≤100
784541655248246,Inspiring Minds NYC,These ads ran without a disclaimer,≤100
1792966030729641,"Wild Project - Leadership, Organizing, & Action",Wisconsin Leadership Development Project,≤100
107010494015560,Virginians for Clean Energy,270 Strategies,≤100
112168888451050,Macy Hill for Fort Worth District 7,Macy Hill for Fort Worth,≤100
100637631678746,Conservative News Daily,Conservative News Daily,≤100
392189600337,Minnesota Nurses Association,Minnesota Nurses Association,≤100
710460605705480,Dugit Outreach Center,Dugit Messianic Outreach Center,≤100
96286403078,iHeartDogs.com,HomeLife Media,≤100
120601996294661,The Geysers,The Geysers - A wholly owned subsidiary of Calpine Corporation,≤100
27544763621,Prison Fellowship,Prison Fellowship,≤100
126037931371545,Law Offices of Jonathan K. Park & Associates,Law Offices of Jonathan K. Park & Associates,≤100
112912573793125,Rise Up for Justice,Avrom L Altman,≤100
109374912424067,Drew McKissick,DrewMcKissick.com,≤100
100416560012896,Friends of the Everglades,FRIENDS OF THE EVERGLADES INC,≤100
270826723039149,The Coalition to Protect Americas National Parks,"COALITION OF NATIONAL PARK SERVICE RETIREES, INC.",≤100
266744843422391,Zoetis,Zoetis Inc.,≤100
101918508386758,𝐁𝐢𝐤𝐞𝐫&𝐎𝐮𝐭𝐝𝐨𝐨𝐫 𝐋𝐢𝐟𝐞 𝐒𝐭𝐨𝐫𝐞,These ads ran without a disclaimer,≤100
77906169595,Texans Care For Children,Texans Care for Children,≤100
105783598806096,Dr. Veirdre Jackson,These ads ran without a disclaimer,≤100
98876727842,Cummins Inc,These ads ran without a disclaimer,≤100
494259170754224,Keeping IDentities Safe,KEEPING IDENTITIES SAFE,≤100
187713745097888,Save the Alamo,Save The Alamo Committee,≤100
101769576791,Health Action Network,Health Action Network,≤100
329155814320463,"Joshua Travis, Community Advocate for Park Forest Trustee",Joshua J Travis,≤100
104555782575909,IncludEd San Diego,These ads ran without a disclaimer,≤100
107142265621370,Arizona Recap,SINEMA FOR ARIZONA,≤100
38236386996,LSU Press,LSU Press,≤100
106426150767053,"Angela Burns for Delray Beach City Commission, Seat 4",Angela Burns for City Commission,≤100
674182529399211,Gun Owners Radio,Gun Owners Media LLC,≤100
101400032438085,The A-Mark Foundation,A MARK FOUNDATION,≤100
1629887997222820,"T. Powers CCDW Training, LLC",T. Powers CCDW Training LLC,≤100
143981748956175,Rural Assembly,Rural Assembly,≤100
104491841664875,Break Free,Future First Leadership PAC,≤100
109316188139938,Ken Miles Films LLC,These ads ran without a disclaimer,≤100
897994503631860,HealthInsurance.net,ASSURANCE IQ INC,≤100
145961088768616,New Friends New Life,New Friends New Life,≤100
270321771073,Nurse Alliance of SEIU PA,Nurse Alliance of SEIU Pennsylvania,≤100
42324160403,BET,VIACOM INC.,≤100
110094158160834,The American Tribune,Michael Scott Hughes,≤100
105050624502564,seguracristy,These ads ran without a disclaimer,≤100
105348224679358,The Don't Unfriend Me Show,DONT UNFRIEND ME,≤100
452797224923658,The Democratic Coalition,THE DEMOCRATIC COALITION,≤100
108171068834875,Ronnie Johnson For Mayor of Burleson,Ronnie June Johnson,≤100
104763894906181,Friends of Joseph Patrick Murphy,Friends of Joseph Patrick Murphy,≤100
105431365768027,Liberal LeAnna Cumber,Building a Better Economy PC,≤100
377572616357769,Russ Vernon-Jones' Blog,"Coming Together: Understanding Racism, Working for Justice & Building Connections",≤100
223922031074790,The Abortion Survivors Network,The Abortion Survivors Network,≤100
1949064322040283,Principles,"Principles, LLC",≤100
101421051897848,Congresswoman Mary Miller,United States House of Representatives,≤100
101358312855909,jarrard.inc,These ads ran without a disclaimer,≤100
70795936969,Children International,CHILDREN INTERNATIONAL,≤100
100710759119069,Blue Planet Ecosystem,Blue Planet Ecosystem,≤100
273546779885377,The Gallant Pelham,"delupton, LLC",≤100
100416829644887,Bossy Beaver Apparel,Bossy Beaver Apparel,≤100
40201530406,American Society of the University of Haifa,James Samuel Fattal,≤100
330408799230,Joe Courtney,Congressman Joe Courtney (CT-02),≤100
108433238844,CWEB,CWEB Inc.,≤100
287419001041,National Black Book Festival,CUSHCITY.COM INC,≤100
104107455066450,Russell Cohen on moderation in public policy,Howard Cohen,≤100
512954815727434,Jake Ellzey,JAKE ELLZEY FOR CONGRESS,≤100
17414523278,Democracy Now!,DEMOCRACY NOW,≤100
103929304678916,Voter Action Project,Integrity First Voter Action Project,≤100
6333396177,NewsBusters.org,MEDIA RESEARCH CENTER,≤100
291838961553129,Louisiana Secretary of State Kyle Ardoin,Kyle Ardoin Campaign,≤100
106636928696502,John Massoud,MASSOUD FOR SENATE,≤100
117214891638398,Street Grace,Street Grace Inc,≤100
200548226627766,The Progressive Magazine,Norman Joseph Stockwell,≤100
481331019059116,The Published Reporter,The Published Reporter,≤100
219224241438635,Compassion & Choices,COMPASSION & CHOICES,≤100
434635993263210,"King County, Washington - Government","King County, WA",≤100
505082913012317,Must Read Alaska,Must Read Alaska LLC,≤100
101939781315530,ThePeel.news,ThePeel.news,≤100
311953269253246,The Box Travels,"Yeht Kitaun Publishing, LLC",≤100
101276739382278,totarawines,These ads ran without a disclaimer,≤100
98514098515,Monument Wealth Management,These ads ran without a disclaimer,≤100
111559311404785,Biquette,These ads ran without a disclaimer,≤100
105489935797822,Nicarol Soto For Hazleton City Council,Nicarol Y. Soto Mateo,≤100
683095228488145,Scott McKnight,The Scott McKnight Campaign,≤100
714966585370725,Dr David Hayes,Dave Hayes,≤100
339432396135584,The Exodus Road,The Exodus Road,≤100
1460967490803132,Carolina Journal,JOHN LOCKE FOUNDATION INC,≤100
116479559899968,Courage & Grow,Courage & Grow,≤100
237002113070739,Walter Kaitz Foundation,These ads ran without a disclaimer,≤100
111131133551811,The Locke Society,Locke Society Inc,≤100
25121889784,Texas Public Policy Foundation,These ads ran without a disclaimer,≤100
306480006853271,Political-Paige.com BLOG,Political-Paige.com,≤100
105709082144949,against_war2022,These ads ran without a disclaimer,≤100
238711349624826,The Wetherall Company Public Service Advertising,The Wetherall Company LLC,≤100
181438572390,Sarasota County Democratic Party,Sarasota County Democratic Party,≤100
1266807373376447,West Virginians For Energy Freedom,West Virginians For Energy Freedom,≤100
349528025129958,"Brevard County Sheriff's Office, Florida (Official)",Robert Wayne Ivey,≤100
106959920878115,The Well Done Foundation,"WELL DONE FOUNDATION, INC.",≤100
575877202900544,12 Tides,These ads ran without a disclaimer,≤100
115045118135002,Mariclare Hayes for District Judge,Friends of Mariclare Hayes,≤100
165858562140,Western Resource Advocates,WESTERN RESOURCE ADVOCATES,≤100
149948038378989,Congregation Beit Simchat Torah - CBST,Congregation Beit Simchat Torah (CBST),≤100
111904024679959,Bold Majority,BOLD MAJORITY PAC,≤100
2152371365037033,Aliados Adelante,AARP,≤100
104905129168065,Let.Live,LET-LIVE,≤100
1868240913423722,"Beth Judy, Author",These ads ran without a disclaimer,≤100
18356619353,The Academy of Natural Sciences,The Academy of Natural Sciences,≤100
417003782372467,Foundation Blue Media,Foundation Blue LLC,≤100
296451777564823,Indiana Environmental Reporter,Indiana Environmental Reporter,≤100
1010664679060500,Voting Rights Brigade,Voting Rights Brigade,≤100
122417236309,Children's Home Society of Virginia,Children's Home Society of Virginia,≤100
102356589314098,Political Comms,Political Comms LLC,≤100
115074531500036,Paxton Motheral for Tarrant Water Board,Paxton Motheral Campaign,≤100
112364384923739,"McCaskill for Mayor Harvey, IL 60426",Friends of Anthony L McCaskill,≤100
124383441363,Connecticut Education Association (CEA),CONNECTICUT EDUCATION ASSOCIATION,≤100
124853147616512,Send2Press,Neotrope dba Send2Press,≤100
101586078357081,Peter Demos,Peter Demos,≤100
137737302951973,Kentucky Center for Economic Policy,Kentucky Center for Economic Policy,≤100
50714237985,The Rutherford Institute,RUTHERFORD INSTITUTE,≤100
103276566048065,Describe your case,These ads ran without a disclaimer,≤100
386305465057247,Liberty Nation,Liberty Nation,≤100
102783605860386,Taniya,These ads ran without a disclaimer,≤100
101204378825808,Fight the Right,FIGHT THE RIGHT PAC,≤100
773432316041673,Calvary South Austin,Calvary South Austin,≤100
60035389681,First Things,INSTITUTE ON RELIGION & AMP PUBLIC LIFE,≤100
174623247813,"Katie K Team, Keller Williams Grand Rapids East",These ads ran without a disclaimer,≤100
100136138903212,A New Species Emerges,William Simpson,≤100
2023114331282570,Florida Daily,Florida Daily,≤100
449532451834913,Fishers Finery,Fishers Finery,≤100
212677670907,American Constitution Society,AMERICAN CONSTITUTION SOCIETY,≤100
338218229911752,Integrity First PAC,INTEGRITY FIRST PAC,≤100
188123211213122,Michigan Coalition for Responsible Gun Owners,MICHIGAN COALITION FOR RESPONSIBLE GUN OWNERS,≤100
701541503526361,Arizona Leadership Coalition,Arizona Leadership Coalition,≤100
102823406000806,Billiondollarconvo,These ads ran without a disclaimer,≤100
108143565283667,Coastal Quest,COASTAL QUEST,≤100
117956368577,Charlie Geren,Charlie Geren Campaign,≤100
110651695290983,wis2pro,These ads ran without a disclaimer,≤100
142260190351,Comment Magazine,"Cardus, Inc.",≤100
197374340229,E2 - Environmental Entrepreneurs,E2 (Environmental Entrepreneurs),≤100
101495782090286,Noah Webster Educational Foundation,Noah Webster Educational Foundation,≤100
100313992666117,Sarah for Denver,Sarah for Denver,≤100
1678616769061606,Southeastern Wind Coalition,Southeastern Wind Coalition,≤100
131677553516197,Citizens,These ads ran without a disclaimer,≤100
36091862898,The Mackinac Center for Public Policy,Mackinac Center for Public Policy,≤100
58043814556,Oklahoma City Memorial Marathon,Oklahoma City Memorial Marathon,≤100
2273201606253899,Terry Lynne for Farmers Branch,Terry Lynne For Farmers Branch,≤100
123500462249,Oregon Food Bank,"OREGON FOOD BANK, INC.",≤100
955218744536566,C-Strategies Inc.,C-Strategies Inc.,≤100
174941115857811,Campaign for Southern Equality,Campaign for Southern Equality,≤100
262164587131475,Free martial arts material for your own local school teachers to use,Ryan Gilbert,≤100
96935476345,Democratic Governors Association (DGA),Democratic Governors Association,≤100
170169493012341,The Fund for Global Human Rights,FUND FOR GLOBAL HUMAN RIGHTS,≤100
461530314600399,Common Sense American Politics,Common Sense American Politics,≤100
102942279249218,Pete for Plainfield,Pete for Plainfield,≤100
101650119286563,Tap Root Asthma Control,These ads ran without a disclaimer,≤100
715439021829110,Mr. Rooter Plumbing of Saint Augustine,These ads ran without a disclaimer,≤100
118635175464489,uPolitics,"Uinterview, Inc.",≤100
109174142078797,mimmikasu,These ads ran without a disclaimer,≤100
104567742223071,sireenas_vintage_gallery,These ads ran without a disclaimer,≤100
142558085923765,State Representative Keith Bell,Keith Bell Campaign,≤100
1914561178824972,Trumped,Christopher Charles Cooper,≤100
101931635812737,Reform Congress,Reform Congress,≤100
503699929651019,Washington Times Opinion,Washington Times,≤100
1998005350416562,The Northeast Maglev,The Northeast Maglev,≤100
249467225254927,The Love > hate Project,LOVE GREATER THAN HATE PROJECT,≤100
28483858161,Texas Scorecard,ScorecardMedia,≤100
1560286300899883,Diabetes Patient Advocacy Coalition,Diabetes Patient Advocacy Coalition,≤100
844928908862648,1 Hotels,These ads ran without a disclaimer,≤100
207350636131948,Urban OG Streetwear,These ads ran without a disclaimer,≤100
272716539512166,Cycle for the Cause,"LESBIAN & GAY COMMUNITY SERVICES CENTER, INC.",≤100
165674110118949,Clearing out the Clutter,Colin D Moore,≤100
116337887738071,Glenn Wassmer HD Energy Solutions,These ads ran without a disclaimer,≤100
6277148057,Doris Matsui,MATSUI FOR CONGRESS,≤100
150786841635929,AFSCME Wisconsin Council 32,AMERICAN FEDERATION OF STATE COUNTY & MUNICIPAL EMPLOYEES,≤100
307577909645,Elizabeth River Project,ELIZABETH RIVER PROJECT,≤100
245481022560114,State Representative John Stefanski,John Stefanski Campaign,≤100
264403673724202,Lucile Packard Foundation for Children's Health,LUCILE PACKARD FOUNDATION FOR CHILDREN'S HEALTH,≤100
438042739570616,Wisconsin Alumni,These ads ran without a disclaimer,≤100
147990048582295,International Green Energy Expo-국제그린에너지엑스포,These ads ran without a disclaimer,≤100
109068551731974,Sillychillly,Marc Alan Goldstein,≤100
728745887260738,Ben Queen,Friends of Ben Queen,≤100
488740674837681,198 Methods,198 methods,≤100
424443217623488,Clarion Project,"CLARION PROJECT, INC.",≤100
104701468590114,"Veronica Quinonez Trainings, LLC",These ads ran without a disclaimer,≤100
100865866147721,Will Lahnen for City Council,Will Lahnen Campaign,≤100
14182731186,Texas Appleseed,TEXAS APPLESEED,≤100
436826960480,Infosys,These ads ran without a disclaimer,≤100
133753583953215,American History in 90 Minutes - The Common-Sense Guide to U.S. History,American History in 90 Minutes,≤100
108505418632952,Climate change is real,Michael Test,≤100
100329535080292,Top Gun '87,Danny Wilson Hamilton,≤100
302103665493,Catholic Charities of New York,Catholic Charities Archdiocese of New York,≤100
1717371818583721,KimberlyKristen Experience,These ads ran without a disclaimer,≤100
189044857936094,Americans For Prosperity - Alaska,AMERICANS FOR PROSPERITY,≤100
103954521867884,"Frederick County, MD",These ads ran without a disclaimer,≤100
9085196023,Medelita,These ads ran without a disclaimer,≤100
107383838486866,Alan Blaylock for Fort Worth City Council,Alan Blaylock for Fort Worth City Council,≤100
251512801547984,Ken King,Ken King for State Representative,≤100
111822028415908,Khari Mosley for City Council,Friends of Khari Mosley,≤100
2165441450136848,"Issues with Mail Order Pharmacy, Corporate Retail Pharmacy, & PBMs",Unite For Safe Medications,≤100
106095601125529,"Reaching Everyone In Distress Foundation, Inc.",Reaching Everyone in Distress Foundation Inc.,≤100
111495005590988,Pattern,Pattern Energy,≤100
155097092254,SciStarter,These ads ran without a disclaimer,≤100
112537070463172,Mega Mega Mega,These ads ran without a disclaimer,≤100
243953166473231,Ditch Digger CEO,These ads ran without a disclaimer,≤100
108292944333886,"Julia Sullivan, Author",Julia E. Sullivan,≤100
1510937552461636,O'LaLa Empanadas,These ads ran without a disclaimer,≤100
117404144611996,Compose & Consult,These ads ran without a disclaimer,≤100
105495775564367,President Trump Updates,Logan Thomas Corson,≤100
102996678004943,Maloneforhd59,"Maloneforhd59, Republican, PO Box 159, Pray, MT 59065",≤100
116616378039585,fashionempireny,These ads ran without a disclaimer,≤100
240425642652222,South Florida Wildlands Association,South Florida Wildlands Association,≤100
108221275336555,uanimals.eng,These ads ran without a disclaimer,≤100
169840807024913,Jobob,The Jobob Show,≤100
66237904047,Marine Fish Conservation Network,Marine Fish Conservation Network,≤100
104168992542940,Campaign HQ Insiders,CampaignHQ,≤100
1584115795135996,AM Med Solutions,These ads ran without a disclaimer,≤100
107569365460918,Trust Money Love Entertainment Group,These ads ran without a disclaimer,≤100
243498882520314,FoodFinder,"FOODFINDER, INC.",≤100
149766845226,Pittsburgh Theological Seminary,These ads ran without a disclaimer,≤100
86711894400,National Write Your Congressman,National Write Your Congressman,≤100
128967667298112,Math4cure,Karen Beth Young,≤100
101754019446990,From the Big House to Your House,Catherine Esther Marinello,≤100
140155342671005,Sempervirens Fund,SEMPERVIRENS FUND,≤100
106783198984724,Chris Drew for Flower Mound Town Council Place 2,Christopher Edward Drew,≤100
38932542633,Rep. Rob Wittman,The Office of Representative Rob Wittman,≤100
205238189588054,"Race, Racism and the Law",Professor Vernellia Randall,≤100
52402386922,Wine Enthusiast,These ads ran without a disclaimer,≤100
589037974528585,"Steuben County, NY","Steuben County, NY",≤100
504118316658151,SilencedOrganic,SilencedOrganic.com,≤100
102762964438534,Prince Rav Yisrael For Sparta,Anayah Yisrael,≤100
109465560444254,Roce Today,I-ROCE LLC,≤100
101388895464004,"Charles County, MD",These ads ran without a disclaimer,≤100
216069038487059,"The Nature Conservancy, Hawaii and Palmyra",NATURE CONSERVANCY,≤100
107618578223660,California Courier,California Courier,≤100
119875179042,Josh Stein,JOSH STEIN FOR NORTH CAROLINA,≤100
363500867116594,Will Metcalf,Will Metcalf,≤100
70420955016,Friends of Boston's Homeless,These ads ran without a disclaimer,≤100
102281724942742,Affordable Energy for New Jersey,Affordable Energy for New Jersey,≤100
1720878078241107,Conservative Move,Conservative Move,≤100
1562872000677004,Марш Немцова,Rolling Wave Productions,≤100
105800435721037,The Right Hour,Logan Thomas Corson,≤100
108239971846756,Belidol,These ads ran without a disclaimer,≤100
101115702875353,Congresswoman Jen Kiggans,Congresswoman Jen Kiggans,≤100
109526232935380,Synthisophy,Synthisophy,≤100
216052228433696,Arcus Foundation LGBTQ Social Justice,ARCUS FOUNDATION,≤100
103176709379659,CryptoHaven,Crypto Haven LLC,≤100
490349377808038,State Representative Justin Holland,Justin Holland Campaign,≤100
887139178003592,The Dean Obeidallah Show,The Dean Obeidallah Show,≤100
101564054951838,We The Forest,We The Forest,≤100
100120674890768,Re-Elect Dr. Monique Thompson LEISD School Board Trustee Place 1,Campaign to Elect Dr Monique Thompson for Little Elm ISD Trustee Place 1,≤100
157596564371710,Americans for Prosperity-New Mexico,AMERICANS FOR PROSPERITY,≤100
106568024842114,Rideshare Assault Support,Select Justice LLC,≤100
103828241312020,Sarasota County Democratic Jewish Caucus,Sarasota County Democratic Party Jewish Caucus,≤100
78367224946,Ventura County Republican Party,Ventura County Republican Party,≤100
106124975682358,Jimmy Fondren for Mississippi House District 111,Committee To Elect Jimmy Fondren,≤100
100470349235347,Save Texas,Texas Campaign for the Environment,≤100
760966834054315,Democratic Party of Brown County Wisconsin,Democratic Party of Brown County,≤100
111416286896380,Institute of National Remembrance,These ads ran without a disclaimer,≤100
19972147679,SEIU,SEIU COPE (SERVICE EMPLOYEES INTERNATIONAL UNION COMMITTEE ON POLITICAL EDUCATION),≤100
114340281602180,kawaiicryptids,These ads ran without a disclaimer,≤100
13187955196,Young Americans for Liberty,Young Americans for Liberty,≤100
103236209042881,Transparency in Education,Transparency In Education,≤100
1883837055193241,Shield Republic,Shield Republic,≤100
22157042654,TheatreWorks Silicon Valley,TheatreWorks Silicon Valley,≤100
100729962707436,Jimmy Monto 5th District Councilor,Friends of Jimmy Monto,≤100
109031318770907,Joanna Weiss for Congress,Joanna Weiss for Congress,≤100
107390235336451,Proud To Be A Cyclist,These ads ran without a disclaimer,≤100
102522135949528,AmWe.Co,These ads ran without a disclaimer,≤100
123185498255,Carsie Blanton,Carsie Blanton Music,≤100
670157783440223,Alliance for a Just Philadelphia,Movement Alliance Project,≤100
105990415642100,DeSantis Supporters,Logan Thomas Corson,≤100
1811054522463877,Michelle Atkinson for Medford School Board,Michelle Atkinson for Medford School Board,≤100
530565677106156,Elect Maurice Brown,Friends of Mo Brown,≤100
101307796168700,Phillips and Bering for Lebanon County Commissioner,Phillips Bering for Commissioner,≤100
105549658370410,"Prince George's County, MD",These ads ran without a disclaimer,≤100
106602704371225,Rob is Right,Rob is Right,≤100
340105854416,AARP Ohio,AARP,≤100
811900825495982,Niskanen Center,The Niskanen Center,≤100
107461545589929,The Gen Z Conservative,Logan Thomas Corson,≤100
111985804683171,Inside Investigator,These ads ran without a disclaimer,≤100
147523538641547,Capitol Ministries,CAPITOL MINISTRIES,≤100
129207622999,One Voice Ministries:  Hank and Brenda Kunneman,These ads ran without a disclaimer,≤100
305730296471268,"Delegate Emily Brewer, 64th District",Friends of Emily Brewer,≤100
113205131621824,WorldOrder.News,WorldOrder.News,≤100
694340911004154,Americans for Intelligence Reform,Americans for Intelligence Reform,≤100
112078117033545,Suffer the Little Children,Laine E Hissett,≤100
101140395736056,"LaKeisha D. Haase, Judicial Candidate",Haase for Judge,≤100
147786295234727,San Francisco Department on the Status of Women,San Francisco Department on the Status of Women,≤100
103384361855818,Keith Kelley,Keith Kelley,≤100
1269485653192452,Tombstone2,Mohammed Nasir Razavi,≤100
272049099472790,"Miles L. Hamrick, Sr, MAI",These ads ran without a disclaimer,≤100
121535694533267,The Money School,DELAWARE COMMUNITY REINVESTMENT ACTION COUNCIL INC,≤100
178705525070,d expósito & Partners,These ads ran without a disclaimer,≤100
101541668799519,Huffines Liberty Foundation,Huffines Liberty Foundation,≤100
273410096527642,Mayor Scott Conger,Scott Conger for Mayor,≤100
110419778975556,South Carolina House Republican Caucus,South Carolina House Republican Caucus,≤100
117476607915549,Will Davis for Delegate,Will Davis for Delegate,≤100
106710822334163,Jenny Jonak for 4J School Board,Friends of Jenny Jonak,≤100
81755908577,Kids in Need of Defense (KIND),"KIND, Inc.",≤100
375543739837794,"Shielding Lives, Inc.",Shielding Lives Inc,≤100
104595142520978,Cody for GJ,Cody for GJ,≤100
108662425498649,McCormick: Point of View,Michael Robert Mccormick,≤100
112008483668940,Insight Myanmar Podcast,These ads ran without a disclaimer,≤100
1420200111329836,Alan C. Moore,Alan Christopher Moore,≤100
107418177702609,Middle America News,Logan Thomas Corson,≤100
100565368017860,Ocean Plastics,These ads ran without a disclaimer,≤100
104413952588277,The Belfry Signal,Matthew Lewis,≤100
109446452014129,Jonathan Dailey - D158 School Board Member,Jonathan Lee Dailey,≤100
102742041890825,BWEV,These ads ran without a disclaimer,≤100
733936229988099,Adriana Bignagni Lesca Mezzo & contralto,These ads ran without a disclaimer,≤100
282664492547273,Net Zero Co.,These ads ran without a disclaimer,≤100
687272838060108,iChoc - vegan chocolate,These ads ran without a disclaimer,≤100
109930355061998,rojashamsart,These ads ran without a disclaimer,≤100
102846075845429,Equitable Education Fund Thailand,These ads ran without a disclaimer,≤100