﻿Page ID,Page name,Disclaimer,Amount spent (USD)
995765983772115,Dzair Tube,Dzair Tube,≤100
299227550122220,Radio Cina Internazionale,These ads ran without a disclaimer,≤100
104140320927199,قناة الإنتصار TV,قناة الإنتصار TV,≤100
1539423449628439,شبكة أصدقاء فلسطين,These ads ran without a disclaimer,≤100
103798737874392,Riady.net,These ads ran without a disclaimer,≤100
111881955207831,Algerie patriot,Algerie patriot,≤100
100521781491273,منتدى الأوراس للتضامن و التنمية,منتدى الأوراس للتضامن و التنمية,≤100
274017972795375,Algerie 24,aljazair24,≤100
309597192497421,Nehemiah Network,These ads ran without a disclaimer,≤100