﻿Page ID,Page name,Disclaimer,Amount spent (USD)
7030901126,Campaign for Tobacco-Free Kids,TOBACCO-FREE KIDS ACTION FUND,3101
10503535682,Fix Democracy First,Fix Democracy First,2019
108774614054683,American Edge Project,American Edge,1867
107255828607892,Future 42,Future 42,1096
7263476274,Mercy Corps,Mercy Corps,882
314499212242,Pfizer,Pfizer Inc.,610
120137368013775,Puget Sound Energy,"PUGET SOUND ENERGY, INC.",583
862811677109104,We Care For WA Cares,Washingtonians for a Responsible Future,451
342294162453301,Planned Parenthood,Planned Parenthood Federation of America,360
18982436812,ACLU,American Civil Liberties Union,355
12375354406,USO,United Service Organizations,319
102431482417812,American Free Enterprise Action,AMFREEACTION COMMITTEE,314
8047221596,Save the Children US,SAVE THE CHILDREN FEDERATION INC.,301
114207363352993,We Are In,We Are In,301
25197207895,Climate Solutions,CLIMATE SOLUTIONS,278
1461100540775171,The Tuttle Twins,LIBERTAS INSTITUTE,275
76470053424,TIAA,TEACHERS INSURANCE AND ANNUITY ASSOCIATION OF AMERICA,235
172758932738142,PhRMA,PHARMACEUTICAL RESEARCH AND MANUFACTURERS OF AMERICA,226
15239367801,The Wilderness Society,"WILDERNESS SOCIETY, THE",223
130186213705658,Columbia Bank,COLUMBIA STATE BANK,216
106244251043808,America's Plastic Makers,"AMERICAN CHEMISTRY COUNCIL, INC.",214
166618413413767,Jay Sekulow,American Center for Law and Justice,214
8934429638,Planned Parenthood Action,Planned Parenthood Action Fund,204
18709174006,National Audubon Society,"NATIONAL AUDUBON SOCIETY, INC.",178
92925746942,Judicial Watch,Judicial Watch,177
8492293163,Environmental Defense Fund,Environmental Defense Fund,174
118303441570966,Homeowner Smart,NATIONAL ASSOCIATION OF REALTORS,174
102592959026,Ocean Conservancy,"OCEAN CONSERVANCY, INC.",168
542678889114683,The Coca-Cola Company,The Coca-Cola Company,166
121626482110,Operation Smile,OPERATION SMILE,166
1832744013698336,Mahogany Mommies,Mahogany Mommies,164
410899325621777,Washington State Charter Schools Association,Washington State Charter Schools Association,162
32682889528,U.S. Chamber of Commerce,The U.S. Chamber of Commerce,160
127225910653607,PragerU,PragerU,138
107500120800840,Partnership for Energy Progress,Partnership for Energy Progress,129
309308412520731,Sandy Hook Promise,Sandy Hook Promise,128
110040150776668,Wabanaki Alliance,Wabanaki Alliance,125
130945114804,World Jewish Congress,ATTN: INC.,125
107624882132271,Win Without War,Win Without War,123
203197030603239,8 Billion Trees,8 Billion Trees LLC,122
81124177592,"Planned Parenthood Great Northwest, Hawaiʻi, Alaska, Indiana, Kentucky","Planned Parenthood Great Northwest, Hawaiʻi, Alaska, Indiana, Kentucky",122
19972147679,SEIU,SEIU COPE (SERVICE EMPLOYEES INTERNATIONAL UNION COMMITTEE ON POLITICAL EDUCATION),119
6204742571,Sierra Club,SIERRA CLUB,119
5720973755,Defenders of Wildlife,DEFENDERS OF WILDLIFE,117
104295601633638,American Cornerstone Institute,American Cornerstone Institute Inc,115
570092813023833,Matt Walsh,The Daily Wire,109
25372476424,Best Friends Animal Society,BEST FRIENDS ANIMAL SOCIETY,109
47710973068,Voices for Cooperative Power,Voices for Cooperative Power,104
51405613519,Focus on the Family,Focus on the Family,103
8325302025,Friends of the Earth U.S.,Friends of the Earth,≤100
58433611572,Seventh Generation,SEVENTH GENERATION INC,≤100
1048486145183452,We Testify,We Testify,≤100
29717379728,International Justice Mission,International Justice Mission,≤100
7341997111,Conservation International,Conservation International,≤100
112425441094454,The Art of the Tweet,The Art of the Tweet LLC,≤100
687589164666184,MasterClass,MasterClass,≤100
85452072376,NEWSMAX,"NEWSMAX MEDIA, INC.",≤100
11791104453,NRDC,Natural Resources Defense Council,≤100
40217893542,AIPAC,AIPAC,≤100
580610428636345,Fight for $15,Fight for $15,≤100
106568024842114,Rideshare Assault Support,Select Justice LLC,≤100
30914589895,The International Fellowship of Christians and Jews,INTERNATIONAL FELLOWSHIP OF CHRISTIANS & JEWS INC,≤100
22067606728,Allen West,The Association of Mature American Citizens Inc,≤100
35169196082,Project HOPE,"PROJECT HOPE-THE PEOPLE-TO-PEOPLE HEALTH FOUNDATION, INC.",≤100
114765400352270,Kite & Key Media,VMTS EDUCATION INC,≤100
51379424899,Mercy Ships,MERCY SHIPS INTERNATIONAL,≤100
114970454531956,CNA Voices,CNA Voices,≤100
7357041101,Tammy Baldwin,TAMMY BALDWIN FOR SENATE,≤100
108471008637861,We Care for WA,SEIU Healthcare 1199NW,≤100
13885075114,Action Against Hunger USA,ACTION AGAINST HUNGER - USA,≤100
72931140459,Center for Biological Diversity,"CENTER FOR BIOLOGICAL DIVERSITY, INC.",≤100
38235851310,USA for UNHCR,UNITED STATES ASSOCIATION FOR UNHCR,≤100
25852730092,Care2,"Care2.com, Inc",≤100
43426724597,Paper Culture,Paper Culture LLC,≤100
104253615152700,America First Legal,America First Legal Foundation,≤100
15771560300,Earthjustice,EARTHJUSTICE,≤100
103807629149771,Working Forests Initiative,Working Forests Initiative,≤100
108766601760186,Americans for Safe Drugs,Americans for Safe Drugs,≤100
6266829799,Sherrod Brown,FRIENDS OF SHERROD BROWN,≤100
592707041080920,Stand Together,Stand Together Chamber of Commerce Inc.,≤100
34362997676,United States Holocaust Memorial Museum,UNITED STATES HOLOCAUST MEMORIAL MUSEUM,≤100
140357056032320,NEA Today,National Education Association,≤100
1470540296409810,Fair Fight Action,FAIR FIGHT,≤100
100373975829221,Fòs Feminista Org,Fòs Feminista,≤100
9694956217,Animal Legal Defense Fund,ANIMAL LEGAL DEFENSE FUND,≤100
1534290989956166,Philanthropy Roundtable,"PHILANTHROPY ROUNDTABLE, THE",≤100
8576093908,AT&T,"AT&T Services, Inc.",≤100
267180743723148,National Geographic Society,National Geographic Society,≤100
6355071377,American Cancer Society Cancer Action Network - ACS CAN,AMERICAN CANCER SOCIETY CANCER ACTION NETWORK INC,≤100
302182941354,AARP Advocates,AARP,≤100
309541989079465,Libertas Institute,LIBERTAS INSTITUTE,≤100
945455208962159,For Everyone Collective,For Everyone Collective,≤100
104933662932387,CreativeFuture,CreativeFuture,≤100
24330467048,Americans for Prosperity,AMERICANS FOR PROSPERITY,≤100
142957224352,International Medical Corps,International Medical Corps,≤100
36474716066,Color Of Change,ColorofChange.org,≤100
940653386126953,StandingWithYou.org,Standingwithyou.org,≤100
361960287311696,Better Medicare Alliance,"Better Medicare Alliance, Inc",≤100
77358532685,Idaho National Laboratory,Idaho National Laboratory,≤100
108547455113940,Our America,Our America,≤100
57259033959,AARP,AARP,≤100
30139072158,CARE,CARE,≤100
578692095955262,Protect the Promise,Protect the Promise,≤100
7192716362,Amnesty International USA,"AMNESTY INTERNATIONAL OF THE U. S. A., INC.",≤100
17203056985,Partners In Health,Partners In Health,≤100
367292494407,AJC - American Jewish Committee,AMERICAN JEWISH COMMITTEE,≤100
154561574598964,White Coat Waste Project,THE WHITE COAT WASTE PROJECT INC,≤100
2245766435469741,Beersy,Beersy LLC,≤100
541807025833154,Malala Fund,Malala Fund,≤100
1593518174052711,Candace Owens,The Daily Wire,≤100
681626158940626,Mission Roll Call,Americas Warrior Partnership,≤100
100485764982266,Only One,Only One,≤100
153278754738777,Climate Reality,The Climate Reality Project,≤100
342418336189136,New Democracy,New Democracy,≤100
109352563640,Water.org,WATER.ORG INC.,≤100
101876202198247,Forbright Bank,Forbright Bank,≤100
117437204982602,American Wild Horse Campaign,American Wild Horse Preservation Campaign,≤100
12301006942,Democratic Party,DNC SERVICES CORP./DEM. NAT'L COMMITTEE,≤100
216311481960,Bill Gates,Bill Gates,≤100
866779926670025,Citizens for Tobacco Rights,Citizens for Tobacco Rights,≤100
15041226930,Oxfam,"OXFAM AMERICA, INC.",≤100
431891506856669,Dove,Unilever,≤100
104760636770,Vera Institute of Justice,"VERA INSTITUTE OF JUSTICE, INC.",≤100
57615046615,Rainforest Trust,RAINFOREST TRUST INC,≤100
1398927630359711,State Financial Officers Foundation - SFOF,State Financial Officers Foundation,≤100
108099365294710,Vision for Washington,The Washington Academy of Eye Physicians & Surgeons,≤100
240937060405,Center for Science in the Public Interest (CSPI),Center for Science in the Public Interest,≤100
6316744206,Jon Tester,MONTANANS FOR TESTER,≤100
1435071773455316,Daily Wire,The Daily Wire,≤100
83290028957,Care Net,CARE NET,≤100
36984629451,Chinook Indian Nation,CONFEDERATED LOWER CHINOOK TRIBES AND BANDS,≤100
90022052772,Williams,"WILLIAMS COMPANIES, INC., THE",≤100
665345483483486,NRA - National Rifle Association of America,NATIONAL RIFLE ASSN OF AMERICA,≤100
203805062990264,Ben Shapiro,The Daily Wire,≤100
106568024842114,Rideshare Assault Support,Citizen Ad Network LLC,≤100
133845049915,American Highway Users Alliance,American Highway Users Alliance,≤100
7962229886,Environmental Working Group,ENVIRONMENTAL WORKING GROUP,≤100
141786816970,Cruise Lines International Association - CLIA,Cruise Lines International Association,≤100
1562713090633117,Operation Underground Railroad,OPERATION UNDERGROUND RAI,≤100
227764782729,AMERICAN - STRONG!,American Strong LLC,≤100
113891694102,Energy Citizens,AMERICAN PETROLEUM INSTITUTE,≤100
478022368897483,The Ocean Cleanup,The Ocean Cleanup with Facebook Ad Credits,≤100
104491841664875,Adam Kinzinger,Future First Leadership PAC,≤100
1682876188698809,United for Respect,United for Respect,≤100
16223832249,RAINN,"RAPE, ABUSE AND INCEST NATIONAL NETWORK (RAINN)",≤100
6041057841,The Humane Society of the United States,"HUMANE SOCIETY OF THE UNITED STATES, THE",≤100
255062275778,Tim Tebow Foundation,TIM TEBOW FOUNDATION,≤100
123499639275,National CASA / GAL Association for Children,NATIONAL CASA ASSOCIATION,≤100
279674488861341,"Van Ackeren, P.S.",Cheryl Lynn Van Ackeren,≤100
745910525468062,National Center on Sexual Exploitation,National Center on Sexual Exploitation,≤100
80562389320,NARAL Pro-Choice America,NARAL PRO-CHOICE AMERICA CORP,≤100
318196171580489,Ron DeSantis,Friends of Ron DeSantis,≤100
102580591887804,Climate Action Campaign,Climate Action Campaign,≤100
192448150001,Jeff Anderson & Associates,Jeffrey R Anderson PA,≤100
1958912674200535,The Pour Over,Pour Over,≤100
408250066356,Bill O'Reilly,"Bill Me, Inc.",≤100
1503295233268493,Lebowski Lovers,The Dude's Threads,≤100
158505287559920,Save the Storks,Save the Storks,≤100
182620315479,Plan International USA,Plan International USA,≤100
103531607822207,Noticias para Inmigrantes,"Wise Rock Media, PBC",≤100
106315901551850,The U.S. Concealed Carry Association for Saving Lives,U.S. Concealed Carry Association For Saving Lives. Not Authorized By Any Candidate Or Candidate's Committee.,≤100
6334782252,Oceana,OCEANA INC,≤100
359477377917,American Federation for Children,American Federation for Children,≤100
23790541544,Democrats,DCCC,≤100
45393753416,Alliance Defending Freedom,Alliance Defending Freedom,≤100
24470472733,The Trevor Project,The Trevor Project,≤100
7145381235,American Jewish World Service - AJWS,"AMERICAN JEWISH WORLD SERVICE, INC.",≤100
108937341961976,Новости Дня,These ads ran without a disclaimer,≤100
108268161352786,Stanley M. Herzog Foundation,Herzog Foundation,≤100
593172347708466,Oregon Forests Forever,OREGON FOREST INDUSTRIES COUNSEL,≤100
1600907069987131,March For Our Lives,March For Our Lives,≤100
107308698272177,Gas Leaks Action,Gas Leaks Action,≤100
50982313030,Food & Water Watch,Food & Water Watch,≤100
8002590959,Rainforest Action Network - RAN,RAINFOREST ACTION NETWORK,≤100
192448150001,Jeff Anderson & Associates,"Jeff Anderson & Associates, P.A.",≤100
114501381952838,Project Access NOW,Project Access NOW,≤100
84645912778,Prosperity Now,PROSPERITY NOW,≤100
9785626650,Public Citizen,Public Citizen,≤100
114105573830669,RANGE,Minefield LLC dba RANGE Media,≤100
403737406341879,National Women's Health Network,NATIONAL WOMENS HEALTH NETWORK,≤100
102784342640570,Better Nation Guide,Hot Review Products,≤100
19746387261,Humane Society International,Humane Society International,≤100
126053105675,Save the Redwoods League,Save The Redwoods League,≤100
161183970656851,Ruben Gallego,GALLEGO FOR ARIZONA,≤100
109320440856128,Together Beat Hate,"Foundation to Combat Anti-Semitism, Inc.",≤100
343714718985673,Think Wood,Think Wood,≤100
6236054211,Brady: United Against Gun Violence,Brady Campaign to Prevent Gun Violence,≤100
109637125764343,Population Connection,Population Connection,≤100
228754857151053,House Majority PAC,House Majority PAC,≤100
102960695956522,Amazing Patriots,Amazing Patriots,≤100
149220264647,ADL - Anti-Defamation League,Anti-Defamation League,≤100
187005858017014,Climate Power,Climate Power,≤100
836826976517252,International Christian Embassy Jerusalem - USA,"International Christian Embassy Jerusalem - USA, Inc.",≤100
24481937944,Theodore Roosevelt Conservation Partnership,"THEODORE ROOSEVELT CONSERVATION PARTNERSHIP, INC",≤100
21472760578,C-SPAN,C-SPAN,≤100
196642367081545,OPEIU Local 8,Office and Professional Employees International Union Local 8,≤100
42872222699,Dana Loesch,The Association of Mature American Citizens Inc,≤100
458142697588014,AARP Public Policy Institute,AARP,≤100
70874333603,CatholicVote,catholicvote.org,≤100
219612384781411,Bloomberg Philanthropies,Bloomberg Philanthropies,≤100
162244692732,Brennan Center for Justice at NYU Law,"WILLIAM J. BRENNAN CENTER FOR JUSTICE, INC.",≤100
2078647579047586,Project Pulso,Project Pulso,≤100
380884168648080,Population Research Institute,POPULATION RESEARCH INSTITUTE,≤100
38897314734,Trust for Public Land,"TRUST FOR PUBLIC LAND, THE",≤100
168876449866088,The Years Project,THE YEARS PROJECT,≤100
56332452163,AMA Patients Action Network,American Medical Association,≤100
154065301986563,GZERO Media,GZERO Media,≤100
134452023239984,Human Coalition,Human Coalition,≤100
50826482890,YWCA Seattle King Snohomish,YWCA OF SEATTLE-KING COUNTY-SNOHOMISH COUNTY,≤100
293807357774812,Run for Something Action Fund,Run For Something,≤100
115436651834465,Save Health Care in Washington,WASHINGTON ASSOCIATION FOR COMMUNITY HEALTH,≤100
101090559295696,TPUSA Faith,TURNING POINT USA NFP,≤100
101224002310757,Seven Weeks Coffee,Seven Weeks Coffee,≤100
101268598768560,Congresswoman Julia Letlow,Office of Congresswoman Julia Letlow,≤100
112642477582238,Mericanaf,AAF Nation,≤100
27817332304,American Foundation for Suicide Prevention,AMERICAN FOUNDATION FOR SUICIDE PREVENTION,≤100
103807629149771,Working Forests Initiative,"WORKING FOREST INITIATIVE, INC.",≤100
7630216751,DoSomething.org,DOSOMETHING.ORG,≤100
518194348194441,RepresentUs,RepresentUs,≤100
169597416843751,Stand Up America,Paid for by Stand Up America. Not authorized by any candidate.,≤100
36872302227,Cory Booker,CORY BOOKER FOR SENATE,≤100
145917588805718,Dr Jordan B Peterson,The Daily Wire,≤100
12596759677,RAICES,REFUGEE AND IMMIGRANT CENTER FOR EDUCATION AND LEGAL SERVICES,≤100
6502038524,First Book,FIRST BOOK,≤100
21242962092,ClientEarth,CLIENTEARTH USA INC,≤100
164966660351345,Hope Outfitters,Hope Outfitters,≤100
199826043375900,Larry Hogan,An America United,≤100
101769576791,Health Action Network,Health Action Network,≤100
110442961603215,Yikes Today,Tomer Barazani,≤100
113318901345595,Baby Patriots,Proud Patriots,≤100
169042736456594,All Out,All Out Action Fund.,≤100
102748688472759,Parents Defending Education,Parents Defending Education,≤100
118372414848063,UN Women USA,UN Women USA,≤100
786167111464006,Woodson Center,The Woodson Center,≤100
10331123781,Special Olympics,Special Olympics Inc,≤100
1163811040367180,Food & Water Action,FOOD & WATER ACTION,≤100
173641254524,National Network of Abortion Funds,National Network of Abortion Funds,≤100
106913491375624,Israel War Room,Israel War Room,≤100
50822254585,Mountain States Legal Foundation,Mountain States Legal Foundation,≤100
2254455051442790,Flag and Cross,Flag & Cross,≤100
107764430968176,Tuttle Twins TV Show,"Tuttle Twins Show, LLC",≤100
38882699096,Polaris,POLARIS PROJECT,≤100
284293125336159,Regulatory Transparency Project,FEDERALIST SOCIETY FOR LAW & PUBLIC POLICY STUDIES,≤100
10524033745,Remote Area Medical - RAM,REMOTE AREA MEDICAL,≤100
246323280108,American Medical Association,American Medical Association,≤100
186977768011413,Ironworkers Rising,"International Association of Bridge, Structural, Ornamental, and Reinforcing Iron Workers",≤100
95483488591,Democratic Party of Wisconsin,DEMOCRATIC PARTY OF WISCONSIN,≤100
14038292386,Women for Women International,WOMEN FOR WOMEN INTERNATIONAL,≤100
8473889271,National Parks Conservation Association,National Parks Conservation Association,≤100
106568024842114,Rideshare Assault Support,Injury Match,≤100
109716011638325,Jane Fonda Climate PAC,JANE FONDA CLIMATE PAC,≤100
833703819981407,Atlantic Re:think,The Atlantic Monthly Group LLC,≤100
1652562908172918,Build a Better Seattle,GREATER SEATTLE CHAMBER OF COMMERCE,≤100
286999398309679,Enel Green Power,"Enel North America, Inc.",≤100
215968684159,AFT - American Federation of Teachers,American Federation of Teachers,≤100
983629811723932,Home Title Lock,Home Title Lock,≤100
159658557547960,Wall Street Journal Opinion,The Wall Street Journal,≤100
471928596287830,Brian Mast,Mast for Congress,≤100
372577693078008,"Saenz-Garcia Law, PLLC","Saenz-Garcia Law, PLLC",≤100
243184199040637,Caring Across Generations,Caring Across Generations,≤100
111978885529632,Catholic Charities of Oregon,Trever Edgar Reed,≤100
275947565591,Woods & Woods The Veterans Firm,"Woods & Woods, LLC",≤100
788559044606908,America Forward,NEW PROFIT INC,≤100
21395843375,Dialysis Patient Citizens,DIALYSIS PATIENT CITIZENS INC,≤100
507070522767934,AACR Foundation,"AMERICAN ASSOCIATION FOR CANCER RESEARCH, INC.",≤100
107252914021978,Skagit Scoop,Skagit Scoop,≤100
8924408197,National Partnership for Women & Families,National Partnership for Women & Families,≤100
290548664672,First Liberty,First Liberty Institute,≤100
103355385129734,The Climate Pledge,The Climate Pledge,≤100
375742685850856,Firearms Policy Coalition,"FIREARMS POLICY COALITION, INC.",≤100
250485248333218,Clean Air Task Force,CLEAN AIR TASK FORCE,≤100
110316380149,Family Policy Alliance,Family Policy Alliance,≤100
183165025062107,The TESA Collective,"The Toolbox for Education and Social Action, Inc",≤100
110480728196620,Small Business Digital Alliance,Small Business Digital Alliance,≤100
259351004139042,Ashbrook Center,Ashbrook Center,≤100
376776419037747,Turning Point USA,"Turning Point USA, Inc.",≤100
201446296572389,Compassion in World Farming (USA),Compassion in World Farming Inc,≤100
18079407397,CPAC,AMERICAN CONSERVATIVE UNION,≤100
6240652407,Young America's Foundation,Young America's Foundation Inc,≤100
108641741851973,Magic Valley Energy,Magic Valley Energy LLC,≤100
108266445888054,Patriot Academy,TORCH OF FREEDOM FOUNDATION,≤100
6040534532,One Acre Fund,ONE ACRE FUND,≤100
14233429764,the Jane Goodall Institute,"The Jane Goodall Institute for Wildlife Research, Education and Conservation",≤100
1348444188555820,Tó Nizhóní Ání,Resource Media,≤100
111076598184105,Organize at MLK Labor,"Martin Luther King, Jr. County Labor Council of Washington, AFL-CIO",≤100
69611504313,Simon & Schuster,Simon and Schuster,≤100
9538894955,John F. Kennedy Presidential Library and Museum,"John Fitzgerald Kennedy Library Foundation, Inc.",≤100
19342050934,Leadership Institute,LEADERSHIP INSTITUTE INC,≤100
114710126648118,Republican Dogs,Republican Dogs,≤100
8895898655,Rainforest Alliance,"RAINFOREST ALLIANCE, INC.",≤100
102420431749179,Raging Americans,Tomer Barazani,≤100
93228695778,Tea Party Patriots,Tea Party Patriots,≤100
107168898379486,Speed & Scale,Speed & Scale,≤100
446813398834728,Mijente,Mijente,≤100
159616034235,Walmart,These ads ran without a disclaimer,≤100
6787988478,Physicians for Human Rights,"PHYSICIANS FOR HUMAN RIGHTS, INC.",≤100
160630887998827,Let Them Live,Oliver Harrison  Berning,≤100
97624620788,American Friends of Magen David Adom,AMERICAN FRIENDS OF MAGEN DAVID ADOM,≤100
473191156175163,EDF Action,Environmental Defense Action Fund,≤100
336861789666063,Liberty Fund,LIBERTY FUND INC,≤100
170169493012341,The Fund for Global Human Rights,FUND FOR GLOBAL HUMAN RIGHTS,≤100
337038226473839,Trish Regan,"SALEM MEDIA GROUP, INC.",≤100
495170667357093,Electronic Payments Coalition,ELECTRONIC PAYMENTS COALITION INC,≤100
105454117977117,Voices for Consumer Choice,Voices for Consumer Choice,≤100
82223469060,ACN - Aid to the Church in Need,"AID TO THE CHURCH IN NEED, INC.",≤100
417522508294454,Job Creators Network,Job Creators Network,≤100
107153355166646,The Protein PACT,NORTH AMERICAN MEAT INSTITUTE,≤100
1428755447227803,Defend The Second,Next Level Goods,≤100
131306317680000,Social Goods,"Social Goods, LLC",≤100
25121889784,Texas Public Policy Foundation,Texas Public Policy Foundation,≤100
100280805784775,Shine A Light,Kirsh Philanthropies,≤100
331037760381749,Sierra Magazine,SIERRA CLUB,≤100
200650357207240,I Love My Freedom,I Love My Freedom,≤100
114301413446447,The Climate Initiative,Kennebunkport Climate Initiative,≤100
55549065733,Voto Latino,VOTO LATINO INC.,≤100
95001097200,National Association of Manufacturers,NATIONAL ASSOCIATION OF MANUFACTURERS OF THE UNITED STATES OF AMERICA INC.,≤100
389096331144686,Friends of Sinn Féin USA,FRIENDS OF SINN FEIN INC,≤100
100162215660565,Replace Sinema,Change for Arizona 2024 PAC,≤100
110420685199238,WeVision EarlyEd,Bainum Family Foundation,≤100
101573474533442,Chronic Care Policy Alliance,The Chronic Care Policy Alliance,≤100
101803615972593,Innovation Race,"TEA PARTY PATRIOTS ACTION, INC.",≤100
7735858972,Humane Society Legislative Fund,Humane Society Legislative Fund,≤100
466164103423147,Thorn,Thorn,≤100
188627788423714,The Scoop Politics,The Scoop Media Inc.,≤100
290851614930809,Combat AntiSemitism,Combat Hate Foundation,≤100
269348454714,IMB,"INTERNATIONAL MISSION BOARD OF THE SOUTHERN BAPTIST CONVENTION, THE",≤100
1752689034960996,The Babylon Bee,THE BABYLON BEE LLC,≤100
103875099042033,DailyWire+,The Daily Wire,≤100
97261063097,Global Fund for Women,"GLOBAL FUND FOR WOMEN, INC., THE",≤100
30618466815,Pacific Legal Foundation,Pacific Legal Foundation,≤100
7292655492,MoveOn,MOVEON.ORG POLITICAL ACTION,≤100
217569858071,Areva Martin,The Areva Martin Corporation,≤100
407902639235640,JNS.org,Jewish News Syndicate,≤100
13867925345,Equality Florida,Equality Florida,≤100
1756514954650448,Indigenous Energy Initiative - IEI,EARTH ISLAND INSTITUTE INC,≤100
104377641671195,Salem Podcast Network,Salem Media,≤100
203294399456,Public Interest Registry,Public Interest Registry,≤100
11111618026,Union of Concerned Scientists,"UNION OF CONCERNED SCIENTISTS, INC.",≤100
723394465079640,The Lion,Stanley M. Herzog Charitable Foundation,≤100
102413723172970,Nick Adams,Nick Adams,≤100
108512875350,The Atlas Society,The Objectivist Center Ltd,≤100
243498882520314,FoodFinder,"FOODFINDER, INC.",≤100
657708380952174,Voices of the Civil Rights Movement,Comcast,≤100
11918108948,African Wildlife Foundation,AFRICAN WILDLIFE FOUNDATION,≤100
443329669123990,USAFacts,USAFacts Institute,≤100
1338822066131069,Women's March,Women's March,≤100
317284821682168,Messianic Jewish Alliance of America (MJAA),Messianic Jewish Alliance of America,≤100
30708742052,FCTRY,FCTRY,≤100
1701668183423201,Pandia Health,Pandia Health,≤100
1050320055029012,Outrider.org,OUTRIDER FOUNDATION INC,≤100
178746337565646,Save Our Allies,Save Our Allies,≤100
431019887282794,Tomorrow's World Today,Flying Cork,≤100
1196196390526965,Facebook Surveys,These ads ran without a disclaimer,≤100
77273593330,Hillel International,HILLEL THE FOUNDATION FOR JEWISH CAMPUS LIFE,≤100
245741028804051,Barbara Sinatra Center,Barbara Sinatra Children's Center,≤100
5861903849,USA for UNFPA,FRIENDS OF UNFPA INC,≤100
111111011846702,Magaga2024,Renee Wilsman,≤100
110624565660992,ZOE International,ZOE International,≤100
39897949829,Texas Watch,TEXAS WATCH,≤100
18983389920,Open Society Foundations,Open Society Foundations,≤100
1015449978587077,Alliance for Youth Action,Alliance for Youth Action,≤100
16317479654,Deseret News,Deseret News,≤100
233456156850563,The Prisoner Wine Company,"TPWC, Inc.",≤100
355783211719644,Veteran Caregivers of America,"Veteran Caregivers, LLC",≤100
59386210330,American Lung Association,AMERICAN LUNG ASSOCIATION,≤100
27478282874,UNITE HERE!,UNITE HERE,≤100
85337666730,Republican Governors Association (RGA),REPUBLICAN GOVERNORS ASSOCIATION,≤100
366351973736242,Red Rock Secured,Red Rock Secured,≤100
345378512258813,Elise Stefanik,ELISE FOR CONGRESS,≤100
100417168386329,Heal America,Stand Together Chamber of Commerce Inc.,≤100
1382441768496365,Pentair,PENTAIR,≤100
300992409852,Hoover Institution,Hoover Institution,≤100
717339155320936,Better Solutions for Healthcare,Better Solutions for Healthcare,≤100
21090771700,Gun Owners of America,Gun Owners of America,≤100
83865976093,Truthout,TRUTHOUT,≤100
517185715005608,Milbank LLP,Milbank LLP,≤100
114008535880,Foundation for Individual Rights and Expression,FOUNDATION FOR INDIVIDUAL RIGHTS IN EDUCATION,≤100
5435784683,Greenpeace USA,"GREENPEACE, INC.",≤100
102230249080409,Freedom First,Jason Donald Robertson,≤100
537534316395916,Students for Trump,Turning Point Action,≤100
29423827874,Proclaiming Justice to the Nations,PROCLAIMING JUSTICE TO THE NATIONS INC,≤100
546066468753446,Black Health Matters,BLACK HEALTH MATTERS FOUNDATION INC,≤100
114128055303516,ProgressNow New Mexico,ProgressNow New Mexico,≤100
238348260390644,The Brigid Alliance,"BRIGID ALLIANCE, THE",≤100
210357995667559,The National Memo,The National Memo,≤100
100221986153813,Lou's Daily News,Jennifer Ann Robertson,≤100
1571132936490223,JewBelong,JEWBELONG INC.,≤100
156496968533805,Explore Beyond,NCTA - The Internet & Television Association,≤100
182723117043,Chicago Council on Global Affairs,CHICAGO COUNCIL ON GLOBAL AFFAI,≤100
105561217523274,The Dispatch,"Dispatch Media, Inc.",≤100
6756153498,Mike Bloomberg,Bloomberg Philanthropies,≤100
100113865706707,ADF Generational Wins Prayer Initiative,ALLIANCE DEFENSE FUND INC,≤100
10498053716,Media Research Center,MEDIA RESEARCH CENTER,≤100
49651563727,Live Action,Live Action,≤100
109599248636777,Consumer Credit Card Protection Coalition,CONSUMER CREDIT CARD PROTECTION COALITION,≤100
124506846628,Agape International Missions,AGAPE INTERNATIONAL MISSIONS,≤100
292351509697,Jerusalem Prayer Team,Jerusalem Prayer Team,≤100
397207347056799,Voices for Healthy Kids,AMERICAN HEART ASSOCIATION INC,≤100
12357407443,American Friends Service Committee,AMERICAN FRIENDS SERVICE COMMITTEE,≤100
911828698840246,ReLEntless Defender Apparel,ReLEntless Defender Apparel,≤100
153678684700451,American Investment Council,AMERICAN INVESTMENT COUNCIL,≤100
133649613319094,A Call to Men,A CALL TO MEN,≤100
269479249997,NSSF—The Firearm Industry Trade Association,National Shooting Sports Foundation,≤100
103916546350474,Stericycle,Stericycle,≤100
497348647140658,Point Source Youth,Point Source Youth,≤100
100284648021034,New Tolerance Campaign,New Tolerance Campaign,≤100
1479899112252729,Ukrainian American House,Ukrainian American House,≤100
59877921429,Lutheran Immigration and Refugee Service,"LUTHERAN IMMIGRATION AND REFUGEE SERVICE, INC.",≤100
17414523278,Democracy Now!,DEMOCRACY NOW,≤100
100591845925552,EMILY's List Action,Emily's List Action,≤100
48994809349,Ms. Foundation for Women,MS FOUNDATION FOR WOMEN INC,≤100
1425435377743310,Conversations with Bill Kristol,FOUNDATION FOR CONSTITUTI,≤100
142432192446984,David Horowitz Freedom Center,David Horowitz Freedom Center,≤100
35715544220,Stand.earth,Stand.earth,≤100
16900111951,National Organization for Women (NOW),NATIONAL ORGANIZATION FOR WOMEN,≤100
220873174076,Animal Equality,ANIMAL EQUALITY,≤100
1476342155924546,Big Rig Threads,Big Rig T-Shirts and Decals LLC,≤100
147368882623027,Black Futures Lab,Black Futures Lab,≤100
378084314984,Trane Technologies,Trane Technologies,≤100
77278490877,National Corn Growers Association,National Corn Growers Association,≤100
6165653060,AFSCME,AMERICAN FEDERATION OF STATE COUNTY & MUNICIPAL EMPLOYEES,≤100
399060493533519,The Justice Foundation,JUSTICE FOUNDATION,≤100
358113240871900,Nuclear Energy Institute,"NUCLEAR ENERGY INSTITUTE, INC.",≤100
8446177150,Chosen People Ministries,CHOSEN PEOPLE MINISTRIES INC,≤100
67626834312,National Women's Law Center,National Women's Law Center,≤100
309798029121030,Everytown for Gun Safety,Everytown for Gun Safety Action Fund Inc,≤100
109819009036381,The New York Sun,NEW YORK SUN COMPANY LLC,≤100
6954880804,Green America,GREEN AMERICA,≤100
282728185140429,Rep For Vets,The Rep For Vets,≤100
58158120046,ACLJ,American Center for Law and Justice,≤100
1914537155242810,Life: Powered,Texas Public Policy Foundation,≤100
13048711555,The Opportunity Agenda,The Opportunity Agenda,≤100
36085812354,Rainforest Foundation US,"Rainforest Foundation, Inc.",≤100
109118211910879,Mr. 45,Green Straw LLC,≤100
105173311888160,Star and Bar,Star and Bar,≤100
104396194587918,C3 Solutions,Conservative Coalition for Climate Solutions,≤100
102027764795677,American Wire,BizPac Review,≤100
169687486427698,Jentezen Franklin,FREE CHAPEL WORSHIP CENTER,≤100
12185972707,350.org,350 ORG,≤100
93565224474,Mercy For Animals,MERCY FOR ANIMALS,≤100
16477459734,League of Conservation Voters,"LEAGUE OF CONSERVATION VOTERS, INC",≤100
61308923432,PolitiFact,Poynter,≤100
118626774835274,Medicare Made Clear,Medicare Made Clear from United Healthcare,≤100
271453369908901,FLAG  - Foundation for Liberty and American Greatness,Tomer Barazani,≤100
36091862898,The Mackinac Center for Public Policy,The Mackinac Center for Public Policy,≤100
197725161093650,The Joseph Project,"THE JOSEPH PROJECT, INC",≤100
102176712079037,Daily Floridian,Daily Floridian,≤100
122671561263552,Committee for Better Banks,"COMMUNICATIONS WORKERS OF AMERICA, AFL-CIO, CLC",≤100
1681822462040908,DonorsTrust,DONORS TRUST INC,≤100
467503009987109,"Healthy Forests, Healthy Communities","Healthy Forests, Healthy Communities",≤100
103277109172874,The Original Lou's News,Jennifer Ann Robertson,≤100
1914246298655769,American Funeral Benefits & Services,Heartwork global,≤100
1570082353262795,YIMBY Action,YIMBY ACTION,≤100
92021268117,Working America,Working America,≤100
458643554482238,Uri Velez La Sra de los Seguros,Euridis Velez,≤100
130848666099,Business Forward,Business Forward Inc.,≤100
15687409793,World Wildlife Fund,World Wildlife Fund,≤100
226999127329906,New York Immigration Lawyer,Law Office of Alena Shautsova,≤100
81755908577,Kids in Need of Defense (KIND),"KIND, Inc.",≤100
94383715886,Metro,METRO,≤100
8936818385,Accuracy in Media,Flo Communications,≤100
279799525443906,HELPS Nonprofit,HELPS Nonprofit Law Firm,≤100
104255434986319,Teal Crate,Vougs,≤100
133937690180,Student Conservation Association,Student Conservation Association,≤100
601472019907779,Latino Victory,Latino Victory Fund,≤100
187741797907314,The American Society of Anesthesiologists (ASA),"AMERICAN SOCIETY OF ANESTHESIOLOGISTS, INC., THE",≤100
12489359547,MediaJustice,Media Justice,≤100
67945990059,The American Petroleum Institute,The American Petroleum Institute,≤100
102047517918,The Commonwealth Fund,"COMMONWEALTH FUND, THE",≤100
142474049098533,Robert Reich,Inequality Media Civic Action,≤100
1869687273277265,Run for Something,Run For Something PAC,≤100
296680801734,Dr. James Dobson's Family Talk,Dr. James Dobson's Family Talk,≤100
339432396135584,The Exodus Road,The Exodus Road,≤100
49275915266,MSI Reproductive Choices,MSI-US,≤100
107008774760761,Color Us United,Color Us United,≤100
999556810102061,Signature Seas,Signature Seas,≤100
60865633726,Love Justice International,TINY HANDS INTERNATIONAL,≤100
10234472029,Council on Foreign Relations,Council on Foreign Relations,≤100
100806242836871,Preservation Pause,University of Arizona Indigenous Peoples Law and Policy Program,≤100
100692068471118,Explain America,Apse Media LLC,≤100
110394924641267,Walden Korea,These ads ran without a disclaimer,≤100
109284291894484,American News Stories,Michael Scott Hughes,≤100
310925405807,Citizens Climate Lobby,Citizens' Climate Lobby,≤100
14226615647,People For the American Way,People For the American Way,≤100
149607228384141,America Needs Fatima,"American Society for the Defense of Tradition, Family and Property",≤100
508887815910815,BPR,BizPac Review,≤100
59783434599,Hasbara Fellowships,HASBARA FELLOWSHIPS,≤100
143089732792,Marsha Blackburn,Marsha for Senate,≤100
416913748508616,We Welcome,We Welcome Refugees,≤100
78420171887,Sailors for the Sea,OCEANA INC,≤100
111812468884033,W.K. Kellogg Foundation,W. K. KELLOGG FOUNDATION,≤100
102043555830358,Giving Green,IDinsight,≤100
181385265351965,Mosaic Magazine,Mosaic,≤100
27461595703,Carbonfund,Carbonfund.org Foundation,≤100
2070944712939738,American Police Officers Alliance,American Police Officers Alliance,≤100
143173285763,Tenth Amendment Center,Tenth Amendment Center,≤100
439271970343,World Help,WORLD HELP,≤100
102947668622,Presente.org,Presente.org,≤100
38471053686,Elizabeth Warren,"WARREN DEMOCRATS, INC.",≤100
143677396827,SAMHSA Minority Fellowship Program at ANA,"American Nurses Association, Inc.",≤100
101581329115492,Freedom Street,Jason Donald Robertson,≤100
28446275521,Military Officers Association of America (MOAA),Military Officers Association of America,≤100
300341323465160,The Daily Signal,HERITAGE FOUNDATION (THE),≤100
97466887664,Innocence Project,"INNOCENCE PROJECT, INC., THE",≤100
46347342434,EMILY's List,EMILY'S LIST,≤100
59543893235,National Constitution Center,National Constitution Center,≤100
59254639983,Boston Medical Center,BOSTON MEDICAL CENTER,≤100
101761126009518,Patriotic Army,Tomer Barazani,≤100
111773718421575,3 is Enough,3 is Enough,≤100
124336306355,Pew Research Center,PEW RESEARCH CENTER,≤100
238473269650980,Capital & Main,CAPITAL & MAIN,≤100
101810652152706,Ship It Zero,PACIFIC ENVIRONMENT AND RESOURCES CENTER,≤100
127637620616803,Comcast Newsmakers,Comcast,≤100
100388126216021,The Red Onlooker,Gregory Lawrence Burright,≤100
102142101657930,OurFight.online,Our Fight Inc,≤100
7219151423,The Fund for American Studies (TFAS),FUND FOR AMERICAN STUDIES,≤100
1679521432262834,Physicians Grassroots Network,American Medical Association,≤100
39171898761,Roy Zimmerman,Metaphor Records,≤100
105120815642998,Partnership to Address Global Emissions,PARTNERSHIP TO ADDRESS GLOBAL EMISSIONS INC,≤100
108179361951729,Republican Patriots,Tomer Barazani,≤100
268672113155656,The Expectations Project,THE EXPECTATIONS PROJECT INC,≤100
80770833881,Eagles' Wings,EAGLES' WINGS MINISTRIES,≤100
359176490437,Oregon Nurses Association,OREGON NURSES ASSOCIATION,≤100
103328515934791,Take Back 2024,The Blue State Conservative,≤100
338758899543225,Alan Wilson,Alan Wilson for Attorney General,≤100
72092591211,FBI – Federal Bureau of Investigation,Federal Bureau of Investigation,≤100
101716172441500,Brennan Center en Español,"WILLIAM J. BRENNAN CENTER FOR JUSTICE, INC.",≤100
102745147891580,Trump Coolers,Trump Coolers,≤100
464998390249008,The Independence Fund,"INDEPENDENCE FUND, INC, THE",≤100
74470852653,Mike Pompeo,Champion American Values PAC,≤100
206202032757114,Nature and Culture International,NATURE AND CULTURE INTERNATIONAL,≤100
36634376117,HarperKids Books,HARPERCOLLINS PUBLISHERS LLC,≤100
236312179825896,Republican Main Street Partnership,REPUBLICAN MAIN STREET PARTNERSHIP INC,≤100
162069790604,AARP Arizona,AARP,≤100
346612865750115,Korea Defense Veterans Association,Korea Defense Veterans Association,≤100
115851611042,The Max Foundation,THE MAX FOUNDATION,≤100
122037065517,American Immigration Council,American Immigration Council,≤100
690092951180197,TacX Pro Gear,TacX Pro Gear LLC,≤100
312657362217994,Women's Heart Alliance,Women's Heart Alliance,≤100
1062963547225217,The Bar-Tur Photo Award,These ads ran without a disclaimer,≤100
739049622841383,Ryan Quarles,RYAN QUARLES FOR GOVERNOR,≤100
23311628592,Heartland Alliance,Heartland Alliance for Human Needs & Human Rights,≤100
873550809444862,Mighty Earth,MIGHTY EARTH INC,≤100
232467307162583,Farm Action,Family Farm Action Inc,≤100
192609620649,The University of Chicago,The University of Chicago,≤100
984421991732710,Paycheckology,Paycheckology,≤100
7515233409,"Mikey Weinstein, MRFF",MILITARY RELIGIOUS FREEDOM FOUNDATION,≤100
111311390623711,2A Daddy,2A Daddy LLC,≤100
193477921051,Oregon Family Council,"OREGON FAMILY COUNCIL, INC.",≤100
7558311497,The Ocean Foundation,THE OCEAN FOUNDATION,≤100
303374266418976,AFPM,American Fuel & Petrochemical Manufacturers,≤100
408526523045391,Mammoth Nation,Mammoth Nation,≤100
85252863415,National Latina Institute for Reproductive Justice,NATIONAL LATINA INSTITUTE FOR REPRODUCTIVE HEALTH,≤100
104660195062596,Gen Z Conservative,Michael Scott Hughes,≤100
163662804426854,Life Advancement Group,Nathan Montgomery Berning,≤100
534332363577954,Political scrapbook,David Granville Hough,≤100
139724091163372,SAGE Development Authority,Standing Rock Renewable Energy Power Authority,≤100
104329844668,American Bar Association,American Bar Association,≤100
108583533855999,NBCLX,NBCLX,≤100
190198574334684,FHE Health,THE FLORIDA HOUSE EXPERIENCE M,≤100
103592378623592,Truth Over Tribe,Truth Over Tribe,≤100
9364828262,Citizens Against Government Waste,CITIZENS AGAINST GOVERNMENT WASTE,≤100
141461112573139,Ullico Inc.,Ullico Inc.,≤100
11602044174,Independent Women's Forum,Independent Women's Forum,≤100
112325855474892,Speak Up For Education and Kids,National Education Association,≤100
662962894077729,The Well News,The Well News,≤100
61265398450,AmeriCorps NCCC,Corporation for National and Community Service,≤100
27544763621,Prison Fellowship,Prison Fellowship,≤100
309798029121030,Everytown for Gun Safety,Everytown for Gun Safety Support Fund Inc,≤100
107766235181961,The Nunn Report,The Nunn Report,≤100
40102638699,J Street,J STREET INC,≤100
111464544881905,America First News,Tomer Barazani,≤100
223922031074790,The Abortion Survivors Network,The Abortion Survivors Network,≤100
104657602040321,Truth Media,Truth Media,≤100
386305465057247,Liberty Nation,Liberty Nation,≤100
356050017804283,WSPA (Western States Petroleum Association),WESTERN STATES PETROLEUM ASSOCIATION,≤100
136362309708243,Restaurant Opportunities Centers United (ROC United),"RESTAURANT OPPORTUNITIES CENTERS (ROC) UNITED, INC.",≤100
17023576156,The Leadership Conference on Civil and Human Rights,The Leadership Conference on Civil and Human Rights,≤100
1018654714824453,Maccabee Task Force,Maccabee Task Force Foundation,≤100
19219803864,Tax Foundation,Tax Foundation,≤100
111044621745187,Liberty News,Michael Scott Hughes,≤100
48530203934,The American Alpine Club,"AMERICAN ALPINE CLUB, THE",≤100
100835322535347,Trump Trading Store,Trump Trading Store,≤100
279890513018,Islamic Networks Group - ING,"ISLAMIC NETWORKS, INC.",≤100
128967667298112,Math4cure,Karen Beth Young,≤100
103546351703577,Dallas Express,Dallas Express Media,≤100
722974807828854,The MORELove Project,These ads ran without a disclaimer,≤100
234142976633158,Wake Up World & Smell the Coffee,Edith Dume Lerner,≤100
18017481462,Acton Institute,Acton Institute,≤100
37442103053,ACLU of New Jersey,AMERICAN CIVIL LIBERTIES UNION OF NJ,≤100
100298938781,Robert Wood Johnson Foundation,THE ROBERT WOOD JOHNSON FOUNDATION,≤100
181924628560212,SumOfUs,SumOfUs,≤100
28483858161,Texas Scorecard,ScorecardMedia,≤100
111298358062755,Wes Moore for Maryland,Wes Moore for Maryland,≤100
56661991371,Woods Hole Oceanographic Institution (WHOI),Woods Hole Oceanographic Institution,≤100
101466816025710,Renew Healthcare,Quantum Digital Media Inc.,≤100
106905656797560,Nia Tero,Nia Tero Foundation,≤100
199891603386344,Common Ground Committee,Common Ground Committee,≤100
74783093812,Just Vision,JUST VISION INC,≤100
304842759546695,Brooklyn Institute for Social Research,Brooklyn Institute for Social Research,≤100
151894654697,Save Our States,Save Our States,≤100
100158948453494,Lars for President,LARS MAPSTEAD FOR PRESIDENT,≤100
83960796709,Institute for Southern Studies,INSTITUTE FOR SOUTHERN STUDIES INC,≤100
170591064699,Southern Poverty Law Center,"SOUTHERN POVERTY LAW CENTER, INC., THE",≤100
610264146298573,The American Council,The American Council for Evangelicals,≤100
106779538059265,Jay Timmons,NATIONAL ASSOCIATION OF MANUFACTURERS OF THE UNITED STATES OF AMERICA INC.,≤100
107409909326665,Stephen Wise Free Synagogue,"WISE, STEPHEN FREE SYNAGOGUE",≤100
49421708941,Americans for Limited Government,AMERICANS FOR LIMITED GOVERNMENT IN,≤100
195297153841110,American Heart Association - Alabama,"American Heart Association, Inc.",≤100
100403528653081,Punchbowl News,Punchbowl News,≤100
108703294887683,The Recycled Rubber Coalition,Kenneth Stratton Kirton,≤100
108155598473433,American Patriot News,Krista D Bloch,≤100
210277954204,The Young Turks,"The Young Turks, Inc.",≤100
110768725009358,Connecticut Office of Workforce Strategy,CT The Office of Workforce Strategy,≤100
1546952572205770,UAE USA United,The Embassy of the United Arab Emirates,≤100
206238602739505,Taxpayers Protection Alliance,Taxpayers Protection Alliance,≤100
5878048748,GlobalGiving,"GLOBALGIVING FOUNDATION, INC.",≤100
109366181861530,President Trump is My Wingman,Jennifer Ann Robertson,≤100
506680536015406,HumanProgress.org,"CATO INSTITUTE, INC.",≤100
15503839732,Peter G. Peterson Foundation,Peter G. Peterson Foundation,≤100
102254715563026,Paula Avila-Guillen,Women's Equality Center,≤100
107722268674706,Cathy Hull,Cathy Hull Originals,≤100
1526736227567131,TrueCoverage,True Coverage,≤100
16968936858,ANCA,Armenian National Committee of America,≤100
354851377936744,BookTV,NATIONAL CABLE SATELLITE CORPORATION,≤100
282488058533444,Heppner Gazette-Times,Gazette Times,≤100
107661474402498,Liberty Eagle Apparel,United Patriot,≤100
915656035153394,Oceanites,OCEANITES INC,≤100
106582384539447,Design for Freedom by Grace Farms,"GRACE FARMS FOUNDATION, INC.",≤100
106001278558202,For The Love Of News,Krista D Bloch,≤100
101111655405022,The Rationist,Timothy Robert Ferguson,≤100
830162603716633,Andy Beshear,Andy Beshear for Governor,≤100
28126338304,Surfrider Foundation,"SURFRIDER FOUNDATION, INC",≤100
169710960125365,Curzio Research,Curzio Research,≤100
102245545464309,My Patriot  Post,Krista D Bloch,≤100
217187838327836,The Story Exchange,The Story Exchange Foundation,≤100
192738164073627,A Better Balance,A Better Balance,≤100
142932506806,Texas Alliance for Life,"Texas Alliance for Life, Inc.",≤100
199010435394,Turtle Island Restoration Network,Turtle Island Restoration Network,≤100
586402784803665,OLÉ NewMexico,"OLE EDUCATION FUND, THE",≤100
1898234727131235,Reel America,BizPac Review,≤100
91142327180,BioLogos,These ads ran without a disclaimer,≤100
107645227592678,To Which We Belong,Mystic Artists,≤100
702582586516561,CBN Israel,"The Christian Broadcasting Network, Inc.",≤100
205795426669644,Facts and Logic about the Middle East,Facts and Logic About the Middle East,≤100
1540589642819718,Essie Justice Group,ESSIE JUSTICE GROUP,≤100
105861441295494,97Percent,97PERCENT ORG INC,≤100
499379343409991,Impact Fund,"IMPACT FUND, THE",≤100
210937299260017,USA Features Media,USA Features Media LLC,≤100
220538341415523,The Satanic Temple,The Satanic Temple,≤100
102579112455934,Making The Leap Podcast,Stanley M. Herzog Charitable Foundation,≤100
589658204411894,Office of South Carolina Treasurer Curtis Loftis,Future Scholar. Administered by State Treasurer Curtis Loftis. Not paid for with state funds.,≤100
131023707236064,Applecart,Project Applecart LLC,≤100
1079789672084038,SimonBooks,Simon & Schuster,≤100
12128466831,Amazon Watch,"AMAZON WATCH, INC.",≤100
204626306331350,Up to Us,NET IMPACT,≤100
936968016365794,The Eric Metaxas Radio Show,Salem Media,≤100
342887442508723,Convention of States,Convention of States Action,≤100
101312698628642,Ryan Samuels,Ryan Francis Samuels,≤100
128288676833,Rocky Mountain Elk Foundation,"ROCKY MOUNTAIN ELK FOUNDATION, INC.",≤100
16534314739,Facing History and Ourselves,"FACING HISTORY AND OURSELVES NATIONAL FOUNDATION, INC.",≤100
111034825665225,GoPhilanthropic,GO PHILANTHROPIC CHARITABLE FUND,≤100
137918019584028,Starfish Project,"STARFISH PROJECT, INCORPORATED",≤100
1553978148244954,Build With Strength,Build With Strength,≤100
154670481249867,PowerSwitch Action,POWERSWITCH ACTION,≤100
226449505034,Jewish Federation of Greater Los Angeles,JEWISH FEDERATION,≤100
103602275197310,Communist Free - Freedom First,September Group LLC,≤100
95426912609,Paola Gianturco Author,Paola Gianturco Author,≤100
494259170754224,Keeping IDentities Safe,KEEPING IDENTITIES SAFE,≤100
110052089025541,"Tim Clue, Speaker and Comedian",Tim Clue,≤100
103546351703577,Dallas Express,The Dallas Express,≤100
664883053648633,Italian Sons and Daughters of America,ITALIAN SONS & DAUGHTERS OF AMERICA INC,≤100
250937275581234,Problk Health,Problk Health LLC,≤100
594519783957655,Citizens for National Security,Citizens For National Security,≤100
101350839190816,Macro Conservative,Macro Conservative,≤100
416384822549260,A Better Delaware,A Better Delaware,≤100
37461287798,Jesuit Refugee Service/USA,JESUIT REFUGEE SERVICE INC,≤100
124047827634,The Greenlining Institute,THE GREENLINING INSTITUTE,≤100
430869277025501,Dr. Nancy O'Reilly,"WOMEN CONNECT4GOOD, INC.",≤100
711478725532801,Civiqs,Civiqs,≤100
106862204671108,The Deplorable Americans,Justin Gustafson,≤100
100388729554147,COL Fashion,Culture of Life,≤100
116204538416735,The AIDS Institute,AIDS INSTITUTE INC,≤100
107592419594,Immigration Equality,IMMIGRATION EQUALITY INCORPORATED,≤100
561970593860027,Emil Guillermo Media,Emil Amok Guillermo,≤100
1444820465547227,Rank the Vote,Rank the Vote,≤100
92729316952,Covanta,Covanta,≤100
105348224679358,The Don't Unfriend Me Show,DONT UNFRIEND ME,≤100
100806058498601,Long Lead,"Long Lead, LLC",≤100
14660729657,The Christian Science Monitor,These ads ran without a disclaimer,≤100
113341457791145,Voices for Healthy Green Spaces,Voices for Healthy Green Spaces,≤100
480282659170095,Civic Health Project,Civic Health Project,≤100
877481359045751,Lets Green CA,ROMERO INSTITUTE,≤100
125500577474317,National LGBT Cancer Network,NATIONAL LGBT CANCER NETW,≤100
1835838916635491,Transamerica Institute,Transamerica Center for Health Studies,≤100
102712325850529,Libratum Press,Libratum Press LLC,≤100
130130503698358,Eastern European Mission,EASTERN EUROPEAN MISSION,≤100
126855128568,FEBC (Far East Broadcasting Company),"FAR EAST BROADCASTING COMPANY, INC.",≤100
101103254533,SOS International,SOS International,≤100
1376465702586897,Coloradans for Responsible Energy Development,Coloradans for Responsible Energy Development,≤100
59473866945,Oregon AFL-CIO,OREGON AFL-CIO,≤100
69717994787,buildOn,BUILDON INC,≤100
1449073545419430,The Lone Liberal Republican,Arthur Winter,≤100
102596355656379,Red Wave News Updates,Michael Scott Hughes,≤100
103316295438939,Lost Debate,Lost Debate,≤100
108091343425,Jewish United Fund of Chicago - JUF,These ads ran without a disclaimer,≤100
105334892381660,AmericanTowns Politics,AMERICAN TOWNS,≤100
115613890351673,Screaming Freedom Apparel,Screaming Freedom Apparel,≤100
273546779885377,The Gallant Pelham,"delupton, LLC",≤100
513695272011123,The Genesis Prize,GPF NA LLC,≤100
1443878795835012,Personal Care Products Council,PERSONAL CARE PRODUCTS COUNCIL,≤100
100710759119069,Blue Planet Ecosystem,Blue Planet Ecosystem,≤100
661744180680367,National Police Association,"NATIONAL POLICE ASSOCIATION, INC.",≤100
106386158767588,DOPE Quick Reads,DOPE QUICK READS LLC,≤100
140316302771898,Inside Philanthropy,INSIDE PHILANTHROPY INC,≤100
54580146753,Faith in Action,Faith in Action,≤100
356431274698532,Ryan Hampton,Ryan Hampton,≤100
1449567695260306,"Hexagon’s Safety, Infrastructure & Geospatial division",Hexagon,≤100
265584563563176,JCRC of Greater Washington,The Jewish Community Relations Council of Greater Washington,≤100
1575347412785991,cheddar news,Cheddar News,≤100
8321461609,MomsRising.org,MomsRising Together,≤100
102277115688995,Patriot News Headquarters,Krista D Bloch,≤100
100562019990818,U.S. Term Limits,U.S. Term Limits Inc.,≤100
2099448153445994,Students for Life Action,Students for Life Action,≤100
100866752814666,"Bold, Bright, And Brave","Bold, Bright, & Brave",≤100
108028728590880,CTLPod,POPULATION MEDIA CENTER INC,≤100
6954880804,Green America,Green America,≤100
102794658754102,Daily Freedom,Trending Views,≤100
6315243665,Faith in Public Life,"FAITH IN PUBLIC LIFE, INC.",≤100
60261764250,Childhelp,"CHILDHELP, INC.",≤100
1832245947018802,Chris Rose for US Senate - WV,ROSE FOR WEST VIRGINIA,≤100
201956993160690,MRCTV,MEDIA RESEARCH CENTER,≤100
1327559570587836,The Bail Project,"BAIL PROJECT, THE",≤100
192738164073627,A Better Balance,A BETTER BALANCE,≤100
114226275387369,republicEn,republicEn,≤100
195000913866371,Nevada Coalition Against the Death Penalty,Nevada Coalition Against the Death Penalty,≤100
216052228433696,Arcus Foundation LGBTQ Social Justice,ARCUS FOUNDATION,≤100
108625789179165,Soi Dog Foundation,These ads ran without a disclaimer,≤100
47393489592,Jew in the City,Jew in the City an NJ nonprofit,≤100
164771506031,Claremont Institute,"CLAREMONT INSTITUTE FOR THE STUDY OF STATESMANSHIP AND POLITICAL  PHILOSPHY, THE",≤100
465501220622013,Lift Up the Vulnerable,Lift Up the Vulnerable,≤100
102286035642350,Patriots for USA,USA Features Media LLC,≤100
524399207959953,Truth & Liberty Coalition,Truth & Liberty Coalition,≤100
109475211795252,Freedom From The Press,Michael Scott Hughes,≤100
73102498136,Children's Health,Children's Health System of Texas,≤100
212677670907,American Constitution Society,AMERICAN CONSTITUTION SOCIETY,≤100
110847324610299,The Minister Of Wellness Ministries,The Minister Of Wellness Ministries LLC,≤100
1941595989414032,No More Freeways PDX,No More Freeways,≤100
100123286264769,Tanner DiBella,American Council for Evangelicals,≤100
103482538845527,Conservative Truth,Home of the Brave Media LLC,≤100
144850842237429,Independentvoting.org,Independent Voting (IndependentVoting.org),≤100
895720774159876,Colquitt County Republican Party,Republican Party Colquitt County,≤100
129064750465027,Women's Earth Alliance,Earth Island Institute,≤100
129599883741118,Pennsylvania House Democrats,Robert William Caton,≤100
609789112559190,Destroying Liberalism 101,Simon Davis,≤100
278434943062355,WellBeing International,"WellBeing International, Inc.",≤100
182079698493370,Portside,Portside,≤100
186097812110,BioNJ,BIONJ INC,≤100
224837426560,CONTRA COSTA SHERIFF-OFFICIAL PAGE,Bonneville International,≤100
70531357576,Freedom Forum,"FREEDOM FORUM INC, THE",≤100
106746992189224,The State of Women Podcast,POPULATION MEDIA CENTER INC,≤100
240425642652222,South Florida Wildlands Association,South Florida Wildlands Association,≤100
1550724111880347,HEAL California,California OneCare Education Fund,≤100
1653885501501009,Propeller,Propeller Enterprises,≤100
700941689954518,Defend Our Future,Defend Our Future,≤100
116578878386936,Nazarene Compassionate Ministries,"NAZARENE COMPASSIONATE MINISTRIES, INC.",≤100
26668999076,The Cato Institute,"CATO INSTITUTE, INC.",≤100
464431280638112,Councilman Aaron Rouse,Rouse for Senate,≤100
175403889150682,FindLaw.com,FindLaw Consumer,≤100
268868046463126,Beacon Center of Tennessee,BEACON CENTER OF TENNESSEE,≤100
311575728888244,Building Markets,BUILDING MARKETS LTD.,≤100
710460605705480,Dugit Outreach Center,Dugit Messianic Outreach Center,≤100
104624082385859,Conservative Army,Tomer Barazani,≤100
200548226627766,The Progressive Magazine,Norman Joseph Stockwell,≤100
1747038068858379,Las Madrinas de los Seguros,"Living Secure Insurance Advisors, Inc.",≤100
424443217623488,Clarion Project,"CLARION PROJECT, INC.",≤100
659878157406228,America's Warrior Partnership,America's Warrior Partnership,≤100
174772265869562,The Adventure Project,ADVENTURE PROJECT,≤100
406581453407625,Advance Minnesota Issue Advocacy,Advance Minnesota Issue Advocacy,≤100
125937197447634,ACTA - American Council of Trustees and Alumni,AMERICAN COUNCIL OF TRUSTEES AND ALUMNI,≤100
567126383373960,New York State Animal Protection Federation,New York State Animal Protection Federation,≤100
138492335404,Scott Walker,FORWARD USA FEDERAL POLITICAL ACTION COMMITTEE,≤100
2721935724545086,Lowell Ryan Projects,These ads ran without a disclaimer,≤100
649662278486235,Stand For Trees,Stand For Trees,≤100
100981815983867,Power For The People,POWER FOR THE PEOPLE LLC,≤100
150322194563,PASA Primates: Pan African Sanctuary Alliance,PAN AFRICAN SANCTUARIES ALLIANCE,≤100
210455593021382,Health Care Voices,"Health Care Voices, a project of Social Good Fund",≤100
109943265120998,Justice For Mary K Ross,These ads ran without a disclaimer,≤100
164049599660,Catholic Relief Services en español,CATHOLIC RELIEF SERVICES,≤100
100970501612434,Oregon Small Business Association,Oregon Small Business Association PAC,≤100
104377518078467,More Perfect Union,MORE PERFECT UNION FOUNDATION,≤100
100741471695626,Lutherans For Racial Justice,Lutherans for Racial Justice,≤100
344224215811,St. Dunstan's Episcopal Church,These ads ran without a disclaimer,≤100
105599502191866,Florida Jolt,"Jolt Media, Inc.",≤100
100607179026941,Of Thee I Sing 1776,Harold Gershowitz,≤100
159963354171168,350PDX,350 PDX,≤100
513695272011123,The Genesis Prize,These ads ran without a disclaimer,≤100
107454490912636,Jewish Future Pledge,Jewish Future Pledge Inc,≤100
111564223958042,Ending Disease Documentary,Crushed Planet,≤100
425771317501061,Michael Knowles,The Daily Wire,≤100
126379917403141,UnitedHealthcare Empowering Health,Intersport Inc.,≤100
100758682697459,Mayday Health,"Mayday Medicines, Inc.",≤100
46396911959,Bethany Christian Services,BETHANY CHRISTIAN SERVICE,≤100
79683428354,Animals' Angels USA,ANIMALS ANGELS INCORPORATED,≤100
449532451834913,Fishers Finery,Fishers Finery,≤100
105060269781,Premiere Collectibles,"Premiere Marketing, Inc.",≤100
233833890695,San Francisco AIDS Foundation,San Francisco AIDS Foundation,≤100
449746918808701,National Trafficking Sheltered Alliance,"NATIONAL TRAFFICKING SHELTERED ALLIANCE, INC.",≤100
44228398202,ONE Community,"ONE Community Media, LLC",≤100
147422561959715,New American Leaders,New American Leaders,≤100
252126914850996,Labor Campaign for Single Payer,Labor for Single-Payer Healthcare,≤100
10150124349775072,"Riddle & Brantley, LLP","RIDDLE & BRANTLEY, LLP",≤100
104811701387594,Our Community's Health,TruthNotLies,≤100
254943996005,Catholic Answers,"CATHOLIC ANSWERS, INC.",≤100
103530021364583,Carolina Forward,North Carolina Forward,≤100
110094158160834,Red Wave News,Michael Scott Hughes,≤100
1581819558516148,Nunn Bush,Weyco Group,≤100
148731991811588,Baird,Robert W. Baird & Co. Incorporated,≤100
1021724717913869,Bantam Communications,Bantam Communications,≤100
169204449790211,Conservative News Today,BizPac Review,≤100
401240226922554,VoLo Foundation,VoLo Foundation,≤100
102203142532073,Camp Lejeune Compensation Database,These ads ran without a disclaimer,≤100
128334087241432,Todd Starnes,Starnes Media Group LLC,≤100
109951025170694,Libra Press Books,Libra Press,≤100
117592091643709,Tree of Life Ministries｜Evangelism in Israel,Tree of Life Ministries,≤100
769924816419024,Graham Allen,Robert Graham Allen,≤100
214061167976,El Tiempo Latino,MASTV EL PLANETA LLC,≤100
107637012171564,Southland Marquee,Southland Marquee,≤100
117507751891,United Poultry Concerns,"UNITED POULTRY CONCERNS, INC",≤100
1027702813921248,EmbraceRace,EmbraceRace,≤100
1666922183524165,ReThink Energy NJ,ReThink Energy NJ,≤100
1599237673639735,Change Media Group,Change Media Group,≤100
227535924071462,Animal Petitions,AnimalPetitions.org,≤100
17043549797,MIT Technology Review,"TECHNOLOGY REVIEW, INC.",≤100
50714237985,The Rutherford Institute,RUTHERFORD INSTITUTE,≤100
270826723039149,The Coalition to Protect Americas National Parks,"COALITION OF NATIONAL PARK SERVICE RETIREES, INC.",≤100
150559895031,Rapha International,"Rapha House International, Inc.",≤100
276076196388914,Coffee & Pan Dulce Show,Coffee & Pan Dulce Show,≤100
123651254408327,Sokolove Law,"Sokolove Law, LLC",≤100
249215512733,Amer Zahr,Amer George Zahr,≤100
100124709108034,Patriot One News,Matt Clark Agency,≤100
174524179227831,War Toys,WAR TOYS,≤100
115489644380953,Build Your Teaching Toolbox,Pubvendo LLC,≤100
352529216413,Institute for Social Policy and Understanding - ISPU,INSTITUTE FOR SOCIAL POLICY AND UNDERSTANDING (ISPU),≤100
101239962270235,Bright Future Iowa,Bright Future Iowa,≤100
85054374416,Nebraska Appleseed,NEBRASKA APPLESEED CENTER FOR LAW IN THE PUBLIC INTEREST,≤100
100399556271291,thequeersol,These ads ran without a disclaimer,≤100
77688524017,Truman Library Institute,HARRY S TRUMAN LIBRARY INSTITUTE,≤100
154930410085,"Zion Oil and Gas, Inc.","Zion OIl & Gas, Inc.",≤100
381578445243960,Kristan Hawkins,"STUDENTS FOR LIFE OF AMERICA, INC.",≤100
263311807031163,Sasha Issenberg,EmmKay Media,≤100
136099883080345,Chocolate.com,These ads ran without a disclaimer,≤100
102929225272616,spencerkobren,These ads ran without a disclaimer,≤100
314964416195,American Seniors Association,AMERICAN SENIOR ASSOCIATION,≤100
50513265848,Citizens United,Citizens United,≤100
109068551731974,Sillychillly,Marc Alan Goldstein,≤100
104382528958356,Jenna Caldwell,Pubvendo,≤100
2357164884295813,Representative Aimee Adatto Freeman,Aimee Adatto Freeman Campaign,≤100
114625730266879,The Republican Accountability Project,Defending Democracy Together,≤100
487569614682924,CAPP USA,Yellow Line Productions LLC,≤100
2007361039550045,"Center for Free, Fair, and Accountable Democracy","CENTER FOR FREE, FAIR, AND ACCOUNTABLE DEMOCRACY, INC.",≤100
7292655492,MoveOn,MOVEON.ORG CIVIC ACTION,≤100
1256218774533782,Braven Environmental,Braven Environmental,≤100
378383240440,Southern California Gas Company (SoCalGas),Southern California Gas Company,≤100
102590994772178,Social Democratic Advocacy,Steven J. Schwartzberg,≤100
207833736045744,MHAction.org,Patrick R. McHugh,≤100
133753583953215,American History in 90 Minutes - The Common-Sense Guide to U.S. History,American History in 90 Minutes,≤100
103929304678916,Voter Action Project,Integrity First Voter Action Project,≤100
758465954287686,Astellas Global Health Foundation,Astellas Global Health Foundation,≤100
1448985902033866,Trans Lifeline,Trans Lifeline,≤100
1571401929773000,North County  Climate Change Alliance,North County Climate Change Alliance,≤100
491628891019351,Emerson Collective,These ads ran without a disclaimer,≤100
154360455137550,Lone Star Justice Alliance,Lone Star Justice Alliance,≤100
514446149038714,The Iowa Standard,The Iowa Standard,≤100
38812906703,United Friends of the Children,United Friends of the Children,≤100
338218229911752,Integrity First PAC,INTEGRITY FIRST PAC,≤100
288369791569,SEIU 721,SEIU Local 721,≤100
101377889168483,Gumbo Limbo Coastal Stewards,"Gumbo Limbo Coastal Stewards, Inc.",≤100
266790296879,Bloomberg,These ads ran without a disclaimer,≤100
371799640309471,Wellkind,"WellKind, LLC",≤100
107017165395295,RDP,These ads ran without a disclaimer,≤100
278052172260101,ZERO TO THREE,ZERO TO THREE,≤100
106959920878115,The Well Done Foundation,"WELL DONE FOUNDATION, INC.",≤100
109323440966912,Protect Earth from Mars Sample Return,Thomas E Dehel,≤100
101695465478009,Mobile Voting,"TUSK STRATEGIES, INC.",≤100
101626535691142,Tina Blum Cohen for U.S. House of Representatives Texas District 7,TINA BLUM COHEN FOR US HOUSE OF REPRESENTATIVES TEXAS DISTRICT 7,≤100
107326878275017,National Pretrial,National Pretrial,≤100
488740674837681,198 Methods,198 methods,≤100
131618273567984,Jeff Landry,Landry for Louisiana,≤100
112203121682194,Deviate from Denial Book,Pubvendo LLC,≤100
109683024840929,Happy Kids Literature,These ads ran without a disclaimer,≤100
379108902583052,Climate Change Truth,CLIMATE CHANGE TRUTH INC.,≤100
1647227788866557,Project Upland Magazine,"Project Upland Media Group, LLC",≤100
100427345058411,Deliver Democracy,DELIVER DEMOCRACY,≤100
188055037943644,North Dakota Family Alliance,North Dakota Family Alliance,≤100
372799605421,DeSmog,DeSmog,≤100
87377228013,Side with Love,UNITARIAN UNIVERSALIST ASSOCIATION,≤100
187713745097888,Save the Alamo,Save The Alamo Committee,≤100
117214891638398,Street Grace,Street Grace Inc,≤100
112091378400087,الدليل للعقار,These ads ran without a disclaimer,≤100
86274915606,Gerald R. Ford School of Public Policy,Gerald R. Ford School of Public Policy,≤100
112912573793125,Rise Up for Justice,Avrom L Altman,≤100
65803739944,Southern California Water Coalition,SOUTHERN CALIFORNIA WATER,≤100
1669300839823874,Ronnie Mosley for 21st Ward Alderman,Friends of Ronnie Mosley,≤100
602074469965571,Plan C,NATIONAL WOMENS HEALTH NETWORK,≤100
45372564473,The Mark Twain House & Museum,MARK TWAIN MEMORIAL,≤100
101838131975089,Wilfred Henry,These ads ran without a disclaimer,≤100
197374340229,E2 - Environmental Entrepreneurs,E2 (Environmental Entrepreneurs),≤100
43853729859,Campaigns & Elections,Political World Communications,≤100
427656937297996,Diario Las Americas,LAS AMERICAS MULTIMEDIA GROUP LLC,≤100
113545460414372,Carter Heyward,Carter Heyward,≤100
452797224923658,The Democratic Coalition,THE DEMOCRATIC COALITION,≤100
40201530406,American Society of the University of Haifa,James Samuel Fattal,≤100
211901856263434,Conservatives for a Clean Energy Future,Paid for by Conservatives for a Clean Energy Future,≤100
103605498122808,Elevate Community Events,Elevate,≤100
547691502395770,RightLife Media,RightLife Media LLC,≤100
122742807774775,Municipal Water District of Orange County,Municipal Water District of Orange County,≤100
111904024679959,Bold Majority,BOLD MAJORITY PAC,≤100
262164587131475,Free martial arts material for your own local school teachers to use,Ryan Gilbert,≤100
41883361077,IPS News Agency,These ads ran without a disclaimer,≤100
101605354952785,Glenn Youngkin,Spirit of Virginia,≤100
249467225254927,The Love > hate Project,LOVE GREATER THAN HATE PROJECT,≤100
110322138238412,Back the Blue Line,Front Line Support Inc.,≤100
172840789857350,American Resilience Project,"AMERICAN RESILIENCE PROJECT, INC.",≤100
96286403078,iHeartDogs.com,HomeLife Media,≤100
101564054951838,We The Forest,We The Forest,≤100
110340331742946,Lola M Adeyemo,Pubvendo,≤100
407848989230502,The Rational Middle,"Rational Middle Media Group, LLC",≤100
1888806214722917,Erie County Anti-Stigma Coalition,Erie County Anti-Stigma Coalition,≤100
105170744437701,The Reproductive Freedom Fund of New Hampshire,The Reproductive Freedom Fund of New Hampshire,≤100
108731490859583,America's Work Force Union Podcast,"Bortini Management Associates, Inc.",≤100
105538688731146,Box Programming,These ads ran without a disclaimer,≤100
251512801547984,Ken King,Ken King for State Representative,≤100
7757414599,"Denver Climate Action, Sustainability and Resiliency","The Denver Office of Climate Action, Sustainability, and Resiliency",≤100
142260190351,Comment Magazine,"Cardus, Inc.",≤100
2310488009211056,Poder Latinx,Poder Latinx,≤100
101745838861028,1819 News,1819 Media,≤100
110010433804232,Standing For Freedom Center,Standing for Freedom Center,≤100
155645630648,West Central Initiative,West Central Initiative,≤100
138434734461,CIIS Public Programs,CIIS Public Programs,≤100
104298954382962,Pets Reporter,These ads ran without a disclaimer,≤100
1406149713044974,Intellectual Judaism,Intellectual Judaism,≤100
106045108638995,UIndy Department of Sociology,UIndy - Department of Sociology,≤100
39119822138,Center for Progressive Reform,Center for Progressive Reform,≤100
192771954102960,Jordan Sekulow,American Center for Law and Justice,≤100
337017506309686,"City of Spartanburg, SC",City of Spartanburg,≤100
461530314600399,Common Sense American Politics,Common Sense American Politics,≤100
70795936969,Children International,CHILDREN INTERNATIONAL,≤100
165674110118949,Clearing out the Clutter,Colin D Moore,≤100
110026728309807,Strother for Virginia,Philip Strother,≤100
340130499529623,Mark Snyder-Radio TV Newspaper Web Writer Editor Host,These ads ran without a disclaimer,≤100
103832229194223,Market Forces,Market Forces,≤100
109430788042590,ROC Against Antisemitism,Daniel R Kinel,≤100
145891608810563,Democratic Perspective,Stephen Arthur Williamson,≤100
50498162578,Legal Aid Justice Center,Legal Aid Justice Center,≤100
99050726344,Phillips Theological Seminary,PHILLIPS THEOLOGICAL SEMINARY,≤100
101204378825808,Fight the Right,FIGHT THE RIGHT PAC,≤100
101791315693,Destiny Rescue,"Destiny Rescue International, Inc.",≤100
363451574868,"Get Money Out - Maryland, Inc.",Get Money Out - Maryland,≤100
60865633726,Love Justice International,These ads ran without a disclaimer,≤100
242845139551348,GVPedia,GVPEDIA INC,≤100
113451652001328,Harvest Rock Church,HARVEST ROCK CHURCH,≤100
331661123551110,Leadership for Educational Equity,Leadership for Educational Equity,≤100
2461172674102540,Lambertfilms,These ads ran without a disclaimer,≤100
183472861249,Point Foundation,Point Foundation,≤100
100913694925880,"Akalan Law Firm, PLLC","Akalan Law Firm, PLLC",≤100
161013040611385,Friends of Haiku Stairs,FRIENDS OF HAIKU STAIRS,≤100
127691390582,PHI,"PARAPROFESSIONAL HEALTHCARE INSTITUTE, INC.",≤100
237052729573,African Diaspora Film Festival (ADFF),Diarah Ndaw Spech,≤100
163241007045104,a5 Inc.,a5 Branding and Digital,≤100
328042268580226,Stories of Antisemitism,Stories Of Antisemitism,≤100
101898606040307,Health-USA,HealthUSA Org,≤100
502969216761221,Common Sense Civics and Citizenship,Candace Donnelly,≤100
1353722684643583,EPF Media,EPF Media,≤100
513785465632396,Airline Passengers for Justice,Airline Passengers for Justice,≤100
107726137669311,B3K Prosperity,B3K Prosperity,≤100
86711894400,National Write Your Congressman,National Write Your Congressman,≤100
111850901704098,The City of Buffalo,These ads ran without a disclaimer,≤100
15146151966,Jewish Partisan Educational Foundation,These ads ran without a disclaimer,≤100
119216091518705,Protect The Harvest,Karen Elizabeth Glueck,≤100
129278807814364,Women of Welcome,Women of Welcome,≤100
139058707251,Anera,AMERICAN NEAR EAST REFUGEE AID,≤100
156919701454702,St. Louis Record,The Record,≤100
110502144027644,100% OVER RACISM,Lovar Davis Kidd,≤100
349528025129958,"Brevard County Sheriff's Office, Florida (Official)",Robert Wayne Ivey,≤100
108924145173273,"Stephanie Gilbert, MFT",These ads ran without a disclaimer,≤100
254199237944073,Elijah Rising,ELIJAH RISING,≤100
108527654799263,Discovery & Lifestyle,These ads ran without a disclaimer,≤100
562695143908591,Calvert Peace Project,Peace Through Action USA,≤100
107378172226064,Operation Salvaged Freedom,These ads ran without a disclaimer,≤100
243510442756370,Justice Democrats,JUSTICE DEMOCRATS PAC,≤100
1720878078241107,Conservative Move,Conservative Move,≤100
1420200111329836,Alan C. Moore,Alan Christopher Moore,≤100
227594571444676,Building New York's Best,"Carpenter Contractor Alliance of Metropolitan New York, Inc.",≤100
100145644726687,Opportunity For All Floridians,Opportunity For All Floridians,≤100
107553188401159,Brandon Gill,The Boswell Project,≤100
993294760683044,Education Reform Now,EDUCATION REFORM NOW ADVOCACY INC,≤100
504118316658151,SilencedOrganic,SilencedOrganic.com,≤100
107934381079489,Select Fire Apparel,Mark Anthony Penn,≤100
1883837055193241,Shield Republic,Shield Republic,≤100
1577089705837768,Simply Earth,Simply Earth,≤100
795162290631372,Citrus Pregnancy Center,LIFE CHOICE CARE CENTER INC,≤100
276656699137,New Mexico Voices for Children,NEW MEXICO VOICES FOR CHILDREN,≤100
102314419375690,Connecticut Fireworks Safety Act,Steven Michael Gelineau,≤100
102262718547519,Crazy Uncle Gil,Gilbert Cuevas,≤100
713699485494217,UPTheVote901,Earl Jawaune Fisher,≤100
107646992144084,Vincenzo Odoguardi - MAIE,MARCO BALDOCCHI GROUP INC,≤100
109374912424067,Drew McKissick,DrewMcKissick.com,≤100
753777097992228,Liberty Hill Publishing,Liberty Hill Publishing,≤100
183484875153093,Kim Monson Show,The Kim Monson Show,≤100
102719065093443,Black Girl Stocks,These ads ran without a disclaimer,≤100
102995269253402,u24.gov.ua,These ads ran without a disclaimer,≤100
105269625578850,The Public Page for Ohio Physicians for Reproductive Rights,Ohio Physicians for Reproductive Rights,≤100
536562299702134,Put People First - PA,Put People First - PA,≤100
103685595360682,The Miranda Project,The Miranda Project LLC,≤100
73970658023,International Rescue Committee,International Rescue Committee,≤100
103974389650244,Amenders for Federal Spending Control,Mark Albert Meier,≤100
354369924642184,Bill Holt's Dreamies,William Holt,≤100
114077270498570,Policy Panda,These ads ran without a disclaimer,≤100
1713655282191321,Family Justice Resource Center,Family Justice Resource Center,≤100
101773828677066,Brandon Smith Books,Brandon Carn,≤100
912764692168916,Councilmember Luis Chavez,"Councilmember Luis Chavez, City of Fresno",≤100
100364578945162,Hablemos Claro - Noticias Locales,Hablemos Claro - Noticias Locales,≤100
103907819245214,wokecatholix,These ads ran without a disclaimer,≤100
118635175464489,uPolitics,"Uinterview, Inc.",≤100
280569155330326,AFP - Iowa,AMERICANS FOR PROSPERITY,≤100
101672329381420,Northeast Wisconsin Patriots,Diane Carol Bast,≤100
103473312608787,theliberalist.us,These ads ran without a disclaimer,≤100
340000075813,Jewish Cleveland,JEWISH FEDERATION OF CLEVELAND,≤100
157521957980788,Reimagining the Civic Commons,Reimagining the Civic Commons,≤100
115506229996657,José Leyva Asesor Integral,JLL BUSINESS & ADVANTAGES LLC,≤100
198119286865213,Austin Interfaith,AUSTIN INTERFAITH,≤100
227594571444676,Building New York's Best,Carpenter Contractor Alliance of Metropolitan New York,≤100
100117949519460,Nathan Steele for City Council,Committee to Elect Nathan Steele Seal Beach City Council 2022,≤100
108433238844,CWEB,CWEB Inc.,≤100
122207534456852,Ayo and Iken,Ayo and Iken,≤100
337819896332291,Ryan Kauffman For Oswego Village President,Ryan Kauffman,≤100
137591309457,Legal Aid of Western Missouri,LEGAL AID OF WESTERN MISSOURI,≤100
96306740657,Out Youth,OUT YOUTH,≤100
101401179944527,Mona Foundation,MONA FOUNDATION,≤100
407767916003589,U.S. Representative John Carter,Office of U.S. Representative John Carter,≤100
104059462440040,One Minute Hacks Magazine,These ads ran without a disclaimer,≤100
101586078357081,Peter Demos,Peter Demos,≤100
100123802878843,nightcast702,These ads ran without a disclaimer,≤100
58654176998,Patrick O'Connor,The O'Connor Committee,≤100
311536622860495,SoCal Daily Pulse,SoCal Daily Pulse,≤100
245064808869530,Bay Area Community Health Advisory Council,COMMUNITY INITIATIVES,≤100
209008303100025,James Peters for Indiana,James Peters for Congress,≤100
108072173995375,End MSOP,End MSOP,≤100
103517308361597,TakeCharge,Take Charge Minnesota,≤100
205238189588054,"Race, Racism and the Law",Professor Vernellia Randall,≤100
111424389552999,Refuge for Women,REFUGE FOR WOMEN,≤100
103210743084765,Resonate,Resonate,≤100
115533195792,Reston Association,RESTON ASSOCIATION,≤100
2369781080013718,Latino Business Foundation Silicon Valley,Latino Business Foundation Silicon Valley,≤100
101012308138321,Guardian Self Defense - GSD,These ads ran without a disclaimer,≤100
109161888279398,Destination Ghana Management Group USA,These ads ran without a disclaimer,≤100
169840807024913,Jobob,The Jobob Show,≤100
105270519007681,dralicehua,These ads ran without a disclaimer,≤100
107034431979369,United24,These ads ran without a disclaimer,≤100
187159485033306,Benjamin Vazquez for Santa Ana,Benjamim Vazquez for City Council 2022,≤100
101939781315530,ThePeel.news,ThePeel.news,≤100
174941115857811,Campaign for Southern Equality,Campaign for Southern Equality,≤100
825571424125386,Lighthouse For Life,Lighthouse for Life,≤100
162026603851694,Colton James,These ads ran without a disclaimer,≤100
157219894855724,Re-Elect Judge Paul Malchesky,Committee to Elect Malchesky for Judge,≤100
970068126392811,Peace Through Action USA,Peace Through Action USA,≤100
105990415642100,DeSantis Supporters,Logan Thomas Corson,≤100
1602846363276801,Chris Winslow,Friends of Chris Winslow,≤100
112364384923739,"McCaskill for Mayor Harvey, IL 60426",Friends of Anthony L McCaskill,≤100
100835964690431,Humphreys Capital,Humphreys Capital,≤100
64974200999,America-Israel Friendship League,AMERICA-ISRAEL FRIENDSHIP LEAGUE,≤100
105800435721037,The Right Hour,Logan Thomas Corson,≤100
17382403969,"The Lesbian, Gay, Bisexual & Transgender Community Center","LESBIAN & GAY COMMUNITY SERVICES CENTER, INC.",≤100
266602360083204,The Children's Trust,"CHILDREN'S TRUST, INC",≤100
281564034037,AARP Hawaii,AARP,≤100
106283570973088,Save Austin Now PAC,SAVE AUSTIN NOW PAC,≤100
1191336950894416,City of Carlsbad NM Government,Social Media Manager,≤100
939142902771066,The American Leader,THE AMERICAN LEADER,≤100
19990774371,Delegate Nic Kipke,Friends of Nic Kipke,≤100
115396346988468,Von Behren City Council,Paul Jay Vonbehren,≤100
108108121456950,Blue States PAC,BLUE STATES PAC,≤100
150012885017436,Justice Not Politics,Justice Not Politics,≤100
70995214846,Business Roundtable,Business Roundtable,≤100
148100825232069,Commissioner Christian Y Leinbach,Leinbach for Commissioner,≤100
100895318189085,wassupgio,These ads ran without a disclaimer,≤100
139835646030666,Alliance for Aviation Across America,Alliance for Aviation Across America,≤100
67047720896,Extraordinary Women Ministries,"AMERICAN ASSOCIATION OF CHRISTIAN COUNSELORS, INC.",≤100
983984624959389,Dear JCPS,"Dear JCPS, LLC",≤100
105495775564367,President Trump Updates,Logan Thomas Corson,≤100
112080401740982,smallthingsstitches,These ads ran without a disclaimer,≤100
5798888989,Edmunds,These ads ran without a disclaimer,≤100
108292944333886,"Julia Sullivan, Author",Julia E. Sullivan,≤100
38236386996,LSU Press,LSU Press,≤100
44409199155,Amazon Conservation Team,AMAZON CONSERVATION TEAM,≤100
133913826633461,Grassroot Institute of Hawaii,Grassroot Institute of Hawaii,≤100
453733078116830,Mark Higgins - Centre County Commissioner,Friends of Mark Higgins,≤100
40217893542,AIPAC,American Israel Public Affairs Committee,≤100
85494514323,Urban League of Portland,Urban League of Portland,≤100
312870062895448,StateThugs,StateThugs.com,≤100
83675416943,"Marty Kiar, Broward County Property Appraiser",Broward County Property Appraiser,≤100
105187402405067,Smart Better Manly,These ads ran without a disclaimer,≤100
110133700706695,2 Queers In A Truck,2 Queers In A Truck,≤100
1621211201473752,OKTreasure.com,Oklahoma State Treasurer's Office,≤100
2165441450136848,"Issues with Mail Order Pharmacy, Corporate Retail Pharmacy, & PBMs",Unite For Safe Medications,≤100
104299831779270,Alamosa Citizen,Christopher Victor Lopez,≤100
102459112663615,Dyllon Fite 2023 Cherokee Council District 3,Dyllon Wyeth Fite,≤100
108552601274472,Kathleen Ramel,Kathleen Elaine Ramel,≤100
541443122858186,Sandy Trading Co.,Sandy Trading Company LLC,≤100
114209360263932,On Point with Rachel Tourgeman,Rachel Tourgeman,≤100
102952692668265,Kalisa M Geofrey,These ads ran without a disclaimer,≤100
54744548521,Minnesota Citizens Concerned for Life - MCCL,MINNESOTA CITIZENS CONCERNED FOR LIFE,≤100
104448827769948,Climate Change Realists,These ads ran without a disclaimer,≤100
107418177702609,Middle America News,Logan Thomas Corson,≤100
108443695861322,The Austin Bulldog,KEN MARTIN,≤100
111594111782766,Larry Cox City Council Member,These ads ran without a disclaimer,≤100
112022491619318,American Apex News,Logan Thomas Corson,≤100
164223783681838,Tax Talk Today,"Tax Talk Today, Inc.",≤100
249557685489132,Spiritual and Practical Socialism,Michael Robert Mccormick,≤100
64468870451,Premiere Speakers Bureau,Premiere Speakers Bureau,≤100
114160220335768,Hit No More,New York Foundling,≤100
459858467436599,ATL All Day,These ads ran without a disclaimer,≤100
104191714491795,Renan braga,These ads ran without a disclaimer,≤100
104611439175607,"Pisaflores, la voz del pueblo",These ads ran without a disclaimer,≤100
107952642129360,Por una Corte Imparcial con Justicia Social,These ads ran without a disclaimer,≤100
550252331793876,Jaza Energy,These ads ran without a disclaimer,≤100
109471814140616,Resistir e Progredir,These ads ran without a disclaimer,≤100