﻿Page ID,Page name,Disclaimer,Amount spent (QAR)
110568011230175,Industrial Equipment And Services Co.,These ads ran without a disclaimer,≤100
111416286896380,Institute of National Remembrance,These ads ran without a disclaimer,≤100
100374392742057,Weregreenly- Magazine,These ads ran without a disclaimer,≤100
405379246524515,DHL Express,These ads ran without a disclaimer,≤100
127757937250301,German Information Centre Arab World - المركز الألماني للإعلام,These ads ran without a disclaimer,≤100
127252545339217,Pieux,These ads ran without a disclaimer,≤100
106327794765026,bambi.rayne,These ads ran without a disclaimer,≤100