﻿Page ID,Page name,Disclaimer,Amount spent (CLP)
102586276093037,Sergio Bitar,Sergio Bitar,59406
1366892303449939,Partido Republicano,Partido Republicano,28503
116879721345459,Roberto Cortez Consejero Constitucional 2023,Roberto Flavio Cortez Rojas,24822
219605241425430,Partido Socialista de Chile,Partido Socialista de Chile,24810
52263787734,Unión Demócrata Independiente,Unión Demócrata Independiente,22797
100702245161627,Norma Córdova,Norma Córdova,22712
103259918760204,Lista negra política La voz de la Muchedumbre.,Cristian Alejandro Vivian Troncoso,7862
418281855197789,Democracia Cristiana,Democracia Cristiana,7742
112350568479579,Romina Ramos Rodríguez,Romina Ramos Rodríguez,7035
104924965916752,Pilar Barrientos,María Del Pilar Barrientos Hernández,7000
28023147497,Partido Comunista de Chile,Partido Comunista de Chile,5087
285417644878678,Red Antofagasta,Diarios en Red,4225
1396460303715065,Carozzi,Carozzi,3964
351583768232100,Red Tarapaca,Diarios en Red,3219
371453409556353,Red Coquimbo,Diarios en Red,3171
307330256067716,Red Atacama,Diarios en Red,3171
373673936059220,Evolución Política,Evópoli,2992
280326368663728,Asociación de Industriales de Iquique,Asociacion de Industriales Iquique,2940
117396934582415,Cuidemos la Infancia,Cuidemos la Infancia,2622
968772086505075,Gerardo Espíndola Rojas,Gerardo Alfredo Espíndola Rojas,2558
173983195992422,Partido Por la Democracia - PPD,Partido Por la Democracia,2378
104189318481439,Minería y Futuro,Mineria y Futuro,2378
107339088943210,Yerko Ljubetic,Yerko Ljubetic,1850
101077969210224,Corporación Clúster Minero Región de Antofagasta,Corporación Cluster Minero Región Antofagasta,1585
305958239880216,Cidere Región de Coquimbo,CIDERE Coquimbo,1585
100521059062916,Mauricio Schmidt Consejero,Gustavo Adolfo Rivera Acuña,1585
337766483715142,Tremendas_cl,TREMENDAS with Facebook ad credits,1519
105783868682878,Asistencia Tesorería,Asistencia Tesoreria,1403
256214294989170,DaleProfe,daleProfe,1301
150331635097423,Servicio Electoral de Chile,Servicio Electoral de Chile,1275
1548643738480723,Asistencia Deudores,Asistencia Deudores,1271
78617029137,Greenpeace Chile,Fundación Greenpeace Pacífico Sur,1160
145648978807373,El Boyaldía,MiVoz.cl,994
108613744354984,Aldo Valle Acevedo,Aldo Salvador Valle Acevedo,985
104260521982245,Carlos González Herrera,Carlos González Herrera,980
111971561872636,Oilprofit,These ads ran without a disclaimer,862
184559421980613,Vlado Mirosevic Diputado,Vlado Mirosevic Verdugo,793
117807634946410,Sociedad de Fomento Fabril (Sofofa),Sofofa,793
112555455065264,Vehículos en Peligro,Vehículos en Peligro,744
100965608750758,Dr. Julio Contreras,Julio Gastón Contreras Muñoz,516
103527991214141,Cero DICOM,Cero Dicom,428
246478779511291,Lex Grupo Abogados,Lex Grupo Abogados,404
245004027412380,Tabita Silva D14,Tabita Sarai Silva Leiva,361
78239901502,Diario Financiero,Grupo DF,325
411851492489649,Somos CMPC,CMPC,324
295886120554128,Polpaico,Cemento Polpaico SA,315
463509033710164,Walmart Chile Vivamos Mejor,Walmart Chile,313
100476318997145,Pablo Verdugo Vergara,Pablo Ignacio Verdugo Vergara,307
335068640271176,Nataly Neira Candidata Consejera Constitucional BioBio,Nataly Neira,278
103030962615298,Chile YAAC,Chile YAAC,269
1140435596103153,Asociación Chilena de Municipalidades,Asociación Chilena de Municipalidades,264
198921630648476,Vidrios Lirquen,Vidrios Lirquen,251
103480862680636,Erna Maldonado Consejera Constitucional,Erna Marjorie Maldonado Casanova,237
214215822426016,Punto Prensa,Punto Prensa SPA,219
251004928252260,Quieroelegir,Quieroelegir,203
106886172345440,Carolina Contreras candidata a Consejera Constitucional,Carolina Contreras Retamal,196
113540781539326,Workmed,Workmed,188
212672485793114,Frank Sauerbaum,Frank Carlos Sauerbaum Muñoz,144
124885510532901,Miguel Littin - Constituyente,Miguel Ernesto Littin Cucumides,133
100510532979740,Pablo Cuevas Biobío,Magda Lena,129
110431750601473,ZapataConstituyente,ZapataConstituyente,122
105893532431148,Carmen Frei Consejera Constitucional,Carmen Frei,114
108139672208391,Josefa Balmaceda Consejera Constitucional Ñuble,Josefa Javiera Balmaceda V,104
856012741442139,Ipas LAC,Neuma,≤100
104224427947088,Circula el Plástico,Metrix,≤100
110405624650830,Chile En La Encrucijada,Juan Antonio Montes Varas,≤100
181208945236608,Patria Progresista,Patria Progresista,≤100
110951722267366,World Vision Chile,World Vision Chile,≤100
115338381476898,Evelyn Zottele candidata a Consejera Constitucional X Región,Alicia Marta Lobos Ojeda,≤100
192316264161697,Agencia de Sostenibilidad Energética,Agencia de Sostenibilidad Energética,≤100
145925692108470,Educación Continua UC Temuco,UNIVERSIDAD CATÓLICA DE TEMUCO,≤100
102713709451980,Gloria Maritza Hurtado Garay,Gloria Maritza Hurtado,≤100
106467527978267,Dr. Fernando Araos Dattoli,Fernando Dattoli,≤100
967151270048795,Ricardo Díaz Cortés,Lizza Alejandra Aravena Briceño,≤100
128647447236348,ricardo rabanal bustos,Ricardo Ignacio Rabanal Bustos,≤100
108390475493550,Belong Communication Lab,Belong Communication Lab,≤100
126170624336,Amnistía Internacional - Chile,Amnistía Internacional Chile,≤100
109416599136825,El Diario de Antofagasta,El Diario de Antofagasta,≤100
113608701652984,Victoria Trapp Moreira,Victoria Trapp Moreira,≤100
1790498094378746,Juan Manuel Carrasco E20,These ads ran without a disclaimer,≤100
293103284121826,Fundación Para el Progreso,Fundación Para el Progreso,≤100
100538472970352,Cristian Cartes Ruz Consejero Constitucional,Cristian Cartes Ruz Consejero Constitucional,≤100
419006974914571,Facultad de Agronomía e Ingeniería Forestal UC,Facultad de Agronomía e Ingeniería Forestal UC,≤100
120044631352096,Diario La Hora,These ads ran without a disclaimer,≤100
101076618579130,"Rodrigo Salazar Jimenez, Concejal por Mariquina",Rodrigo Francisco Salazar Jiménez,≤100
100181076346959,Karen Araya Rojas Consejera Constituyente,Karen Araya Rojas Consejera Constituyente,≤100
118685221161652,Miriam Paola Valdés Zuñiga - Candidata a Consejera Constitucional,Miriam Paola Valdés,≤100
2099771306943553,ACOGE Consultores,ACOGE CONSULTORES,≤100
1715542162000038,Librería En El Blanco,Librería En el Blanco,≤100
108520721594832,Es tu salud Chile,BFLOOW SPA,≤100
1336285853115250,Leslie Briones Rojo,Leslie Briones Rojo,≤100
430339687135332,Sadi Melo,Sadi Melo,≤100
116098628081805,Gonzalo Yuseff Quirós,Gonzalo Yuseff Quirós,≤100
115638851443506,Erwin Sandoval Consejero Constitucional,Erwin Sandoval Consejero Constitucional,≤100
429657563782175,Vlado Mirosevic Verdugo,Vlado Mirosevic Verdugo,≤100
100490729492964,Sebastian Bello,These ads ran without a disclaimer,≤100
121715207861230,Banco Santander Chile,These ads ran without a disclaimer,≤100
1447342118848920,Universidad Adolfo Ibañez,Universidad Adolfo Ibáñez,≤100
154785904692548,SalmonChile,SalmonChile,≤100
100645555080281,Academia Nacional de Litigación,Academia Nacional de Litigación,≤100
1672033609511326,Colores del Norte,These ads ran without a disclaimer,≤100
102257292713372,Alejandra Morales,These ads ran without a disclaimer,≤100