﻿Page ID,Page name,Disclaimer,Amount spent (USD)
271211603304542,Amanat Атырау облысы,Amanat Атырау облысы,128
110920265152036,Kazakh.inform,Kazakh.inform,104
100893452838279,Qaz_press,Qaz_press,≤100
490537527710049,AMANAT,AMANAT,≤100
324882354342147,Krivosheev.live,Denis Krivosheyev,≤100
120414899350215,Бүгінгі Шығыс,Бүгінгі Шығыс,≤100
547780275278528,Матрица.kz,Aygerim  Bolat,≤100
613142792176360,Sotreport.kz,Sotreport.kz,≤100
106764335688279,serj_tastanbek,These ads ran without a disclaimer,≤100
170032706814473,Республика - Kazakhstan 2.0,Юлия Козлова,≤100
202069746933985,Ақ жол партиясы,Ақ жол партиясы,≤100
1945250445581724,Ведомости Казахстана,Валерий Самарец-Сурганов,≤100
102307052800629,Abzal Aidarkhan,Abzal Aidarkhanov,≤100
295944330458293,Фонд Нурсултана Назарбаева,These ads ran without a disclaimer,≤100
111209858290215,Рахимбеков Толеутай Сатаевич,Рахимбеков Толеутай Сатаевич,≤100
1040005229354252,Ukraine.ua,These ads ran without a disclaimer,≤100
104141669082108,pashka100andmore,These ads ran without a disclaimer,≤100
388173881559203,Фонд «Свободная Россия»,These ads ran without a disclaimer,≤100
100643069487986,Благодійна Організація «Благодійний фонд «Україна ЦЕ ТИ»,These ads ran without a disclaimer,≤100