﻿Page ID,Page name,Disclaimer,Amount spent (USD)
107265602249474,الدليل - Aldaleel,Khalil Soleman,≤100
102697318856209,حزب السلام والازدهار,السلام والازدهار,≤100
109980421915382,إيلاف - Elaph Media,elaphmedia,≤100
112437831252270,محمد خالد الغويل,محمد خالد الغويل,≤100
103408078398525,محمد ابولموشه,محمد ابولموشه,≤100
107531925443834,Alash \ علاش,Alash,≤100
109720245220390,وزارة الصحة بالحكومة الليبية - Ministry of Health. Libyan Government,Mabroukah Asrafeel Saeid,≤100
107847177821253,NOW الشرق,These ads ran without a disclaimer,≤100
119111361145914,اللواء عصام ابوزريبة,اللواء عصام ابوزريبة,≤100
1883003128429295,Queer Majority,These ads ran without a disclaimer,≤100
116276158090585,Business & Finances,These ads ran without a disclaimer,≤100
102025631914199,مركز الحقيقة للدراسات السياسية والثقافية,These ads ran without a disclaimer,≤100