﻿Page ID,Page name,Disclaimer,Amount spent (GTQ)
1630952833827354,Armando Castillo,Armando  Damian Castillo Alvarado,≤100
331961940541181,Partido Victoria,Partido Político Victoria,≤100
106908785419555,Goberna Guatemala,Goberna,≤100
107173698926440,Rindiendo en casa,These ads ran without a disclaimer,≤100
473451232707178,Abogado Federico Barrios Aldana,Federico Javier Barrios Aldana,≤100
100990022892856,Movimiento Político WINAQ Totonicapán,Ricardo Mazariegos,≤100
142556265766634,Guatemala Visible,Guatemala Visible,≤100
785619081552089,Federación de Asociaciones de Abogados y Notarios de Guatemala. FaanGuate,These ads ran without a disclaimer,≤100
152914224736727,Banco Mundial,These ads ran without a disclaimer,≤100
131602424169035,Oxfam en Español,These ads ran without a disclaimer,≤100
1552532851481889,Buckner Guatemala,David Torre,≤100