﻿Page ID,Page name,Disclaimer,Amount spent (HUF)
102414628645144,Korondy Tamás,Megafon,35789
109217671008015,A kopasz oszt,Megafon,16853
286759004682537,Tranzit,Kommentár Alapítvány,13988
776079922494181,Apáti Bence hivatalos oldala,Megafon,12718
118152054556475,Deák Dániel,Megafon,12551
503614639975773,Trombitás Kristóf,Megafon,12235
110149601578231,GeriJoca,Megafon,11010
104359131558815,KonVerzió,Megafon,7716
203158929827,Beol.hu Békés vármegyei online,Mediaworks Hungary Zrt.,6985
543788999005363,ORIGO,Mediaworks Hungary Zrt.,6898
169599166463839,Demokratikus Koalíció,Demokratikus Koalíció,6190
191461774219575,hirado.hu,hirado.hu,5801
278117815576023,EU Justice and Consumers,EU Justice and Consumers,5313
503752419992103,Sebők Éva,Momentum Mozgalom,3893
248172631940,Mandiner,Mediaworks Hungary Zrt.,2977
153992771336740,Origo Sport,Mediaworks Hungary Zrt.,2599
1534911313439123,Ripost,Ripost,1568
326635018181862,Magyar Nemzet,Mediaworks Hungary Zrt.,1480
109503892404998,Világgazdaság,Mediaworks Hungary Zrt.,1296
331580946799,Borsonline - Bors Szórakoztató Napilap,Borsonline - Bors Szórakoztató Napilap,1038
47198507012,LMP - Magyarország Zöld Pártja,LMP - Magyarország Zöld Pártja,967
131283758531,HVG,HVG Kiadó ZRt.,944
264517713636590,PestiSracok.hu,PestiSrácok.hu,867
451844608304228,Metropol,Metropol,844
108346693873484,Győrffy Balázs,Győrffy Balázs,753
592204747588011,Momentum Mozgalom,Momentum Mozgalom,735
178362315106,European Parliament,European Parliament,671
265672590604606,Makronóm.Blog,Makronóm.Blog,578
1584646591763647,Kanász-Nagy Máté,LMP - Magyarország Zöld Pártja,576
408924035951553,Körforrás,Körforrás,558
594088897289853,Alapjogokért Központ,Alapjogokért Központ,539
551672728204311,Bányai Gábor országgyűlési képviselő,Fidesz,514
102426795954406,Nobilis Márton,Nobilis Márton,508
506348326210466,Ungár Péter,LMP - Magyarország Zöld Pártja,469
109528965046103,MCC Feszt,Mathias Corvinus Collegium,469
335718666872457,Dankó Béla,Dankó Béla,450
100299381703981,Ps TV,PestiSrácok.hu,439
112694594992064,Mehr Licht,Mehr Licht,438
191815250903223,"Kondoros - Hírek, képek és videók a múltból és a jelenből","Kondoros - Hírek, képek és videók a múltból és a jelenből",418
150219742265121,Bedő Dávid,Bedő Dávid - Momentum,413
851784814892644,Simicskó István,KDNP frakció,410
294815374340858,Donáth Anna,Momentum Mozgalom,408
152408681635243,Hírklikk.hu,Hírklikk.hu,406
887921287887805,Király Nóra,Király Nóra,401
304448239602944,Minden Doboz Visszajár,Minden Doboz Visszajár,387
106280224056208,Gelencsér Ferenc,Momentum Mozgalom,385
447204268797621,RTL.hu,RTL.HU,381
457609140942597,Baptista Tevékeny Szeretet Misszió - BTESZ,Baptista Tevékeny Szeretet Misszió,380
162344823835042,atlatszo.hu,atlatszo.hu,366
222720184518334,Font Sándor,Font Sándor,356
191946490841225,Dúró Dóra,Mi Hazánk Mozgalom,356
103294948505659,Szánthó Miklós,Szánthó Miklós – Alapjogokért Központ,326
76945222898,Startlap,Central Médiacsoport Zrt.,303
108248022589754,Bosch Magyarország,Bosch Magyarország,303
788960034452071,Potápi Árpád János,Potápi Árpád János,290
303640261940,Nemzeti Sport Online,Mediaworks Hungary Zrt.,286
289633770813,UNICEF Magyarország,UNICEF Magyar Bizottság Alapítvány,284
35634348348,Greenpeace Magyarország,Greenpeace Magyarország,278
345496092135627,Hír TV,Mediaworks Hungary Zrt.,272
1239893846155692,Tompos Márton,Momentum Mozgalom,262
1377431695828132,Nagy István,Dr. Nagy István,254
111039861671286,Demokratikus Lendület - DEL,Demokratikus Koalíció,252
274886867487,Origo Tudomány,Mediaworks Hungary Zrt.,251
102186064905787,Zöld Követ Egyesület,Zöld Követ Egyesület,247
191946490841225,Dúró Dóra,Dúró Dóra,232
44847086574,Amnesty International Magyarország,Amnesty International Magyarország,190
287770891404,Jobbik-Konzervatívok,Jobbik Magyarországért Mozgalom,179
215138878595900,Európai Bizottság Magyarországi Képviselete,Európai Bizottság Magyarországi Képviselete,178
143151351544,Színházi Olimpia 2023 / Theatre Olympics 2023,Szinházi Olimpia Nonprofit Kft.,175
490030231058740,444,Magyar Jeti Zrt - 444.hu,175
211156277497,WWF Hungary,WWF Hungary,175
103949707619177,Opauszki Zoltán,Opauszki Zoltán,173
1215492498464496,Angyal Károly,Angyal Károly,172
1408906262689093,Nyitrai Zsolt,Fidesz,153
307618232709851,Hidvéghi Balázs,Fidesz - Magyar Polgári Szövetség,150
1215492498464496,Angyal Károly,LMP - Magyarország Zöld Pártja,144
123910440019,Renew Europe,Renew Europe Group,144
267674610816415,Dóczi Péter,Alternatíva párt,137
102641477991941,bahir.hu - BAHÍR,Zöld Baranya Egyesület,125
109306435499597,Szabad Vonalzó,Humán Platform,118
102401058671244,Készpénzmentes Zóna,Uniomedia Kommunikációs Ügynökség Zártkörűen Működő Részvénytársaság,118
358624704555983,Dr. Hörcsik Richárd,Fidesz,117
108271407361251,Transzparens Újságírásért Alapítvány,Transzparens Újságírásért Alapítvány,114
1920158678081160,Nemzetpolitikai Államtitkárság,Nemzetpolitikai Államtitkárság,112
105774734948091,Hungarian Conservative,Hungarian Conservative,110
221761091331222,Danube Institute,Danube Institute,107
103492610994760,Tetlák Örs,LMP - Magyarország Zöld Pártja,103
237088069704442,Kósa Ádám,"Adam Kosa, Member of the European Parliament",102
423317774385144,Magyar Demokrata hetilap,Demokrata,≤100
100290458877103,Audax Renewables Hungary,Audax Renewables Hungary,≤100
1926735160968885,Válasz Online,Válasz Online,≤100
106236922109249,Hajnal-2026,Hajnal-2026,≤100
113375923695023,Fidesz Budapest,Fidesz Budapest,≤100
76748198685,Budapest Pride,Budapest Pride,≤100
1869511526651884,Zsigmond Barna Pál,Fidesz,≤100
348148758663062,Indahouse Hungary,InDaHouse Hungary Egyesület,≤100
113684438795574,Párbeszéd - Zöldek,Párbeszéd Magyarországért,≤100
131797633528377,Jávor Benedek,Párbeszéd Magyarországért,≤100
159889247536834,Hírstart,Central Médiacsoport Zrt.,≤100
108451157164006,Fejlesztési és Innovációs Tanácsadó Management,These ads ran without a disclaimer,≤100
206829842043,Rétvári Bence,Rétvári Bence,≤100
113183730045421,Momentum Klímakörök,Momentum Mozgalom,≤100
267882727864,Kubatov Gábor,Fidesz,≤100
670269189782610,Ficsak - Fiatal Családosok Klubja,Fiatal Családosok Klubja,≤100
115562461467601,Ferenczi Norbert,Ferenczi Norbert,≤100
268042136672212,Századvég,Századvég Közéleti Tudásközpont Alapítvány,≤100
421262681731198,Vasarnap.hu,Kovács K. Zoltán Alapítvány,≤100
100452852734271,Startlap - Vásárlás tippek,Central Médiacsoport Zrt.,≤100
109565208474856,Startlap - Utazás tippek,Central Médiacsoport Zrt.,≤100
85568463466,Mérce,Mérce,≤100
156847374371871,Szabó Tímea,Párbeszéd Magyarországért,≤100
100609808517630,Drogkutató Intézet,Drogkutató Intézet Nonprofit Korlátolt Felelősségű Társaság,≤100
101256371759076,Corvinák,Mathias Corvinus Collegium Alapítvány,≤100
519279158277826,Szülői Hang,Szülői Hang,≤100
1848441158737473,Szegeder.hu,Szegeder.hu Alapítvány,≤100
105989251030036,Finniskola - sétálva tanulunk,These ads ran without a disclaimer,≤100
150836998898897,aHang,aHang,≤100
107123677458699,Külpologika,Külpologika,≤100
293410494975,Republikon Intézet,Republikon Intézet,≤100
202099276507678,24.hu,24.hu,≤100
149061108240,Kocsis Máté,Fidesz frakció,≤100
132565735893,Policy Solutions,Policy Solutions Nonprofit Kft.,≤100
728260423984010,Böröcz László,Böröcz László,≤100
444813505956441,Hódmezővásárhely Város gyorshír szolgálata,Hódmezővásárhely Megyei Jogú Város Önkormányzata,≤100
159358537423212,KAVOSZ - Széchenyi Kártya Program,These ads ran without a disclaimer,≤100
200615179974476,Tégy az abortusz ellen,Tégy az abortusz ellen,≤100
1443354815880657,Salacz László,Salacz László,≤100
2407809316170057,Szendefy Mária - LMP,LMP - Magyarország Zöld Pártja,≤100
451084968283411,Klímainnovációs Közösség,PANNON Pro Innovációs Kft.,≤100
115388925185513,Magyar Szocialista Párt,MSZP,≤100
320645820787,Haszon magazin,Haszon magazin,≤100
106433095041256,annusistvan,These ads ran without a disclaimer,≤100
18562323874,Élet és Irodalom,Élet és Irodalom,≤100
1693538404064465,Magyar Hang,Magyar Hang - A Túlélő Magazin,≤100
103141961544400,Future of Debrecen,Future of Debrecen Egyesület,≤100
1265353903615539,Oeconomus,Oeconomus,≤100
115230488549915,Political Capital (HU),Political Capital (HU),≤100
177477379482620,MKKP BP XII. kerület,Magyar Kétfarkú Kutya Párt,≤100
14792493292,Magyar Kétfarkú Kutya Párt,Magyar Kétfarkú Kutya Párt,≤100
186937904681332,Szabó Rebeka,Párbeszéd Magyarországért Párt,≤100
128884360624104,Bóna Zoltán,Bóna Zoltán,≤100
1671533653104519,Kele János,Kele János,≤100
267353906619818,Mr. Gugu & Miss Go,These ads ran without a disclaimer,≤100
92932085233,TASZ,TASZ,≤100
294815374340858,Donáth Anna,Donáth Anna - Momentum,≤100
264210363649459,Élő Norbert,Élő Norbert,≤100
375972093010817,Turgonyi Dániel,Turgonyi Dániel,≤100
124991704202615,Magyar Természetvédők Szövetsége- Föld Barátai Magyarország,Magyar Természetvédők Szövetsége- Föld Barátai Magyarország,≤100
105666454157523,Szikra Mozgalom,Szikra Mozgalom,≤100
100636245536038,Societas Szolnok,These ads ran without a disclaimer,≤100
101477871983637,Online Népszavazás,Második Reformkor Alapítvány,≤100
462139203805958,Gelencsér Attila,Gelencsér Attila,≤100
103574552157896,Friot  Yacht,These ads ran without a disclaimer,≤100
108321735570338,Védd A Tényeket,Zachor Alapítvány,≤100
537817739693723,Brain Bar,Brain Bar,≤100
1058271587711326,Farkas Ciprián,Farkas Ciprián,≤100
197203437879379,Szaniszló Sándor,Pestszentlőrinc-Pestszentimre polgármestere,≤100
660102340689086,Szabó Sándor,Szabó Sándor,≤100
116609705085092,BP18,BP18,≤100
1164796266962987,Szabad Pécs,Szabad Pécs,≤100
135049793193159,IH Rendezvényközpont,Green Team Event & Marketing Kft.,≤100
1417693954961034,Nario,These ads ran without a disclaimer,≤100
144709575593854,EESC - European Economic and Social Committee,EESC - European Economic and Social Committee,≤100
305608429284,EU Environment,These ads ran without a disclaimer,≤100
147547541961576,Council of the European Union,Council of the European Union,≤100
177135323668,CEE Bankwatch Network,These ads ran without a disclaimer,≤100
527351247377965,European Committee of the Regions,European Committee of the Regions,≤100