﻿Page ID,Page name,Disclaimer,Amount spent (TND)
111675405238863,el.saydaly,These ads ran without a disclaimer,≤100
517098898323855,Jeunes Leaders de Tunis - القيادات الشّابّة بتــونس,Jeunes Leaders de Tunis - القيادات الشّابّة بتــونس,≤100
1065631633538453,Physicians Across Continents,These ads ran without a disclaimer,≤100
106333873031741,الدكتور معاوية العليوي,These ads ran without a disclaimer,≤100
102111198417413,Amid Vision - وسط رؤية,Jihed Zinoubi,≤100