﻿Page ID,Page name,Disclaimer,Amount spent (IDR)
320858334728047,Partai Solidaritas Indonesia,Partai Solidaritas Indonesia,1414573
23383061178,Prabowo Subianto,indonesia Adil makmur,843797
102793242742002,Jaksapedia,JAKSAPEDIA,649221
104054595928021,Bakti Untuk Rakyat,Bakti Untuk Rakyat,323397
197545083607941,Harian Kompas,Harian Kompas,237166
193237974052689,Partai Keadilan Sejahtera,Partai Keadilan Sejahtera,70286
1408188616062841,Sofitel Bali Nusa Dua,Sofitel Bali Nusa Dua Beach Resort,67280
147555216186069,Christina Aryani,Christina Aryani Foundation,62769
882638978454921,Raja Juli Antoni,Raja Juli Antoni,50573
753113741702235,Tomy Andri Zulpa,Tomy Andri Zulpa,44915
173776079818775,Saiful Mujani,Saidiman,42116
101674375744514,Media Cuan,Ipta Apipah,37591
108511588277325,Galeria Konveksi,Solehudin,35020
104844282389488,Kelas Digital Marketing,Kelas Digital Marketing,34511
312490859193724,mensbatik,Bayu Setayudha,30116
110865154735990,Koran Harian Tanah Air,Muhammad Miftakhunnaim,29046
104830667806476,Melihat Indonesia,Melihat Indonesia,28372
333711983956998,Erwin Aksa,Yayasan Golkar Institute SPKP,27018
314259468955437,ITEX Malaysia,These ads ran without a disclaimer,23019
110314634068233,Fadilah Bisnis,Fadilah Bisnis,21481
106524371346347,NTBSATU.com,NTBSATU.com,16636
111864151754055,Esensi TV,Esensi Tv,15440
102273039070802,Info Terkini,Muhammad Miftakhunnaim,15274
101760624522103,DPP Banteng Muda Indonesia,Farid Wahyudi,14040
105903795626960,Ruangcuan.com,Ruangcuan.com,13287
101679818973699,Sahabat Ganjar Pranowo,John Kamnahas,11973
1500140530273695,Kimia Farma Care,Kimia Farma,11372
105903795626960,Ruangcuan.com,These ads ran without a disclaimer,10534
118734481202493,Prihati Utami,Septian Raharjo,9877
112774545141310,Dialance - Biotek Farmasi,These ads ran without a disclaimer,9719
104899195891472,Berita Ganjar Pranowo,Ganjar Nusantara Indonesia,9352
104427162506872,Fakta Anies,Fakta Anies,7758
143840239716746,Indozone.id,PT. INDOZONE MEDIA INDONESIA,6452
107600565668590,,Yayasan Golkar Institute,6348
106919112303644,Template Kit,Template Kit,6298
111952487159435,Websdigitalpro.com,websdigitalpro.com,4917
106287625764574,Teman Dito,Barry Eko Lesmana,4880
109083348423534,Untuk Rakyat,Muhammad Miftakhunnaim,4877
39253583478,PDI Perjuangan,Muhammad Miftakhunnaim,4720
217841272115804,Kabar Golkar,Yayasan Kabar Golkar,4303
110368964786452,Kemajuan Bersama,Muhammad Miftakhunnaim,4163
108590398254377,Ibnu Abdillah,Ibnu Abdillah,4152
116715223517954,YouSee Indonesia,YouSee Indonesia,4069
101350709331663,G24 News TV,Yayasan Golkar Institut SPKP,3790
582402568517453,Coretan Kehidupan,Haekal Nafis,3522
115139881566445,Gerald Milhan Nahuway,Gerald Milhan Nahuway,3148
110952238516382,Kiki Daliyo,Kiki Daliyo,3095
101403669397488,Nikmatul Sugiyarto,Nikmatul Sugiyarto,2946
248242682390831,IMA MAHDIAH,Bayu Wicaksono,2762
112121101796090,Opini 2024,Opini 2024,2674
108571334357297,Melangkah Lebih Baik,Muhammad Miftakhunnaim,2577
118734481202493,Prihati Utami,Dwi Wantoro,2553
1357693677594211,A Muhaimin Iskandar,Kebangkitan Bangsa,2552
102656349157647,Tugimanisme,Tugimanisme,2539
102626198026698,Rika Sudjiman,Juniar Dwi Harianto,2443
106369021821580,Partai Buruh,Partai Buruh,2376
731046070564929,Informasi dan Komunikasi PMK,Satwiko Vito Waris,2301
100359258525418,Pemulihan Lebih Baik,Muhammad Miftakhunnaim,2225
1547369918837496,Zulkifli Hasan,Media Center PAN,2110
111580301790421,Cak Fauzi JATIM,Cak Fauzi Jatim,1996
103581752405141,Sobar Harahap,Sobar Harahap,1995
1160674184085116,"I G N Kesuma Kelakan,ST.,M.Si",Ign Kesuma Kelakan,1993
110100218339060,Wahai Ibu Pertiwi,Muhammad Miftakhunnaim,1941
102497641558430,Indonesia Tolak HOAX,Muhammad Miftakhunnaim,1897
101076948451651,Masa Depan Kita,Muhammad Miftakhunnaim,1762
642603442612516,Muktar Efendi Harahap,Muktar efendi harahap,1730
107314345341621,Zakiyuddin Harahap,Zakiyuddin harahap,1714
108695584343029,Baik Untuk Kita,Muhammad Miftakhunnaim,1579
104843487722931,Portal Islam id,Portal Islam ID,1503
635425077088293,Sahabat Pak Tengku,Ero Sukarna,1332
112376825007045,Dewi Juliani 2024,Dewi Juliani 2024,1229
367381239359,Abah Qomar - Nurul Qomar,Abah Qomar - Nurul Qomar,1111
106918395489616,Golkar Institute SPKP,Yayasan Golkar Institut SPKP,1035
1419236281714929,Andrei Angouw,Andrei Angouw,835
1419236281714929,Andrei Angouw,Bryan Sumilat,629
271294202980466,Kahar S. Cahyono,Kahar S. Cahyono,598
100284269736120,Suci Amalia,Suci Amalia,557
109804368568963,,Cara edit foto,539
108346535252095,Rindar Mandela,These ads ran without a disclaimer,538
211489955729025,KompasData,Harian Kompas (PT Kompas Media Nusantara),491
292939164731691,Relawan Herviano,Relawan Herviano,446
1570975959815201,PANJI Tabanan,"Anak Agung Ngurah Panji Astika, ST",431
103411659195911,JIMAT,Arik Luviani Putri Yasa,352
107449022231670,Latoko - Cuan Berwirausaha Toko,Ahmad Fauzi,230
107241861191421,Ilmu Tambang,Ilmu Tambang,204
101355948222111,Golkar Indonesia,Golkar Indonesia,183
1537663756289484,Global Mobile Center,These ads ran without a disclaimer,168
338740510222539,"Rohmat Marzuki, S.Hut - Sarjana Kehutanan Mbangun Deso",Rohmat Marzuki,151
112257038176177,Katapedia,Katapedia,≤100
106331474473738,Esport Mobile,These ads ran without a disclaimer,≤100
104948061011963,Alexander Wilyo - AW,These ads ran without a disclaimer,≤100
902672103219521,Dr.Christian Widodo,Christian Widodo,≤100
101801699177654,Muhamad Sodikin,Saepujaman,≤100
371274723582677,Cak Salam,Ranudirjo Adi,≤100
1766105710290235,Dr. Andreas Hugo Pareira,Dr. Andreas Hugo Pareira,≤100
1903557846575402,"Dominikus Okbertus Srikujam, S.Sos,M.Sos",Dominikus Okbertus Srikujam,≤100
1690573611256871,Pemerintah Kota Manado,Pemerintah Kota Manado,≤100
110379374816469,Madeceng Advertising,These ads ran without a disclaimer,≤100
108971878372258,ILHAM AKBAR,Konsultan Strategi Pemenangan Politik,≤100
105162375779431,Bambang Dwijatmiko - BD For Senayan 2024,These ads ran without a disclaimer,≤100
197930674140927,Gerindra Jawa Tengah,Azka Najib,≤100
273454719936085,"Yohanis Fransiskus Lema, S.IP, M.Si","Yohanis Fransiskus Lema, S.IP, M.Si",≤100
544107539358354,"Dr. H. Rusman Ya'qub, SPd, MSi",Rusman Yaqub,≤100
212811572075740,Pemerintah Kota Malang,Ayu Fitria Mandarasari,≤100
107988231519828,Dulur Kang Masduki,Muhamad Laksono,≤100
100374392742057,Weregreenly- Magazine,These ads ran without a disclaimer,≤100
450131485341745,Future Energy Asia,These ads ran without a disclaimer,≤100
188872144758,CCTV,These ads ran without a disclaimer,≤100
668479916637069,NES Fircroft,These ads ran without a disclaimer,≤100
103659765532260,華夏focus,These ads ran without a disclaimer,≤100
156466741102918,Monty Mobile,These ads ran without a disclaimer,≤100