﻿Page ID,Page name,Disclaimer,Amount spent (USD)
214225965275748,وكالة وطن للأنباء,وكالة وطن للأنباء,≤100
686350198502922,حركة فتح التيار الاصلاحي الديمقراطي- اليونان وقبرص,These ads ran without a disclaimer,≤100
107287295245178,YAP Palestine,YAP Palestine,≤100
334231304164582,وصلة,وصلة,≤100
565225540184937,CGTN,These ads ran without a disclaimer,≤100
100912541413695,Más Impulso,These ads ran without a disclaimer,≤100
224597158386607,Rosa Luxemburg Foundation,These ads ran without a disclaimer,≤100