﻿Page ID,Page name,Disclaimer,Amount spent (USD)
192448150001,Jeff Anderson & Associates,Jeffrey R Anderson PA,4113
178602115837123,David Trone,DAVID TRONE FOR MARYLAND,2290
172758932738142,PhRMA,PHARMACEUTICAL RESEARCH AND MANUFACTURERS OF AMERICA,996
122258358636926,Sound of Freedom Movie,"Sound of Freedom, LLC",985
100801038449520,Natural Allies for a Clean Energy Future,"Natural Allies, Inc.",823
106244251043808,America's Plastic Makers,"AMERICAN CHEMISTRY COUNCIL, INC.",761
6514736316,Walden University,Walden University,400
100364185463048,Angel Studios,"Angel Studios, Inc.",287
147368882623027,Black Futures Lab,Black Futures Lab,281
11791104453,NRDC,Natural Resources Defense Council,270
103499034671877,Choose Who You Use Maryland,Choose Who You Use Maryland,253
103875099042033,DailyWire+,The Daily Wire,230
127225910653607,PragerU,PragerU,203
18982436812,ACLU,American Civil Liberties Union,198
1573961272897168,Protect Our Water Heritage Rights,POWHR,195
570092813023833,Matt Walsh,The Daily Wire,183
7030901126,Campaign for Tobacco-Free Kids,Campaign for Tobacco-Free Kids,173
1606780826273282,The Committee to Unleash Prosperity,Committee to Unleash Prosperity Inc.,171
67945990059,The American Petroleum Institute,The American Petroleum Institute,164
18709174006,National Audubon Society,"NATIONAL AUDUBON SOCIETY, INC.",151
57259033959,AARP,AARP,146
267180743723148,National Geographic Society,National Geographic Society,146
107483817554072,WorkMoney,WorkMoney,142
103171994635775,Angela Alsobrooks,Alsobrooks for Senate,139
8492293163,Environmental Defense Fund,Environmental Defense Fund,130
103628476063456,Secure Legacy Financial,Ronnie Emad Salem,123
332381081952,Progressive Maryland,PROGRESSIVE MARYLAND,119
431891506856669,Dove,Unilever,116
385473284886474,Hillsdale College,Hillsdale College,116
76470053424,TIAA,TEACHERS INSURANCE AND ANNUITY ASSOCIATION OF AMERICA,113
1669941646417657,Senior Choice Financial,Senior Choice Financial,107
103807629149771,Working Forests Initiative,"WORKING FOREST INITIATIVE, INC.",104
103315464587143,All Access,LEADN LLC,103
110411398584,NRECA,NRECA,≤100
342294162453301,Planned Parenthood,Planned Parenthood Federation of America,≤100
24470472733,The Trevor Project,The Trevor Project,≤100
12375354406,USO,United Service Organizations,≤100
15771560300,Earthjustice,EARTHJUSTICE,≤100
107581521979054,Help For Our Seniors,Help For Our Seniors,≤100
691761057548436,Maryland Department of Health - Substance Use Disorders,Maryland Department of Health,≤100
6041057841,The Humane Society of the United States,"HUMANE SOCIETY OF THE UNITED STATES, THE",≤100
134687123337151,CDC HIV,Centers for Disease Control and Prevention,≤100
250600588264,Center Maryland,Center Maryland,≤100
691761057548436,Maryland Department of Health - Substance Use Disorders,Maryland Department of Health - Substance Use Disorders,≤100
7341997111,Conservation International,Conservation International with Facebook Ad Credits,≤100
92925746942,Judicial Watch,Judicial Watch,≤100
592707041080920,Stand Together,Stand Together Chamber of Commerce Inc.,≤100
106583555450073,Bidencare Health Plans,Obamacareplans,≤100
7292655492,MoveOn,MOVEON.ORG POLITICAL ACTION,≤100
203197030603239,8 Billion Trees,8 Billion Trees LLC,≤100
8914040942,Chesapeake Bay Foundation,"CHESAPEAKE BAY FOUNDATION, INC., THE",≤100
428821014132730,Katie Porter,KATIE PORTER FOR SENATE,≤100
6204742571,Sierra Club,SIERRA CLUB,≤100
7860876103,Joe Biden,BIDEN VICTORY FUND,≤100
427084097477881,AHIP,America's Health Insurance Plans,≤100
388608874845516,Joy Ofodu,Unilever USA,≤100
1869687273277265,Run for Something,Run For Something PAC,≤100
309308412520731,Sandy Hook Promise,Sandy Hook Promise,≤100
30139072158,CARE,CARE,≤100
179301645517086,Advanced Energy United,Advanced Energy Institute,≤100
121626482110,Operation Smile,OPERATION SMILE,≤100
113891694102,Energy Citizens,AMERICAN PETROLEUM INSTITUTE,≤100
18780321251,American Chemistry,American Chemistry Council,≤100
366741496830,Southern California Edison (SCE),Southern California Edison,≤100
314499212242,Pfizer,Pfizer Inc.,≤100
269479249997,NSSF—The Firearm Industry Trade Association,National Shooting Sports Foundation,≤100
1316372698453411,Alexandria Ocasio-Cortez,Alexandria Ocasio-Cortez for Congress,≤100
318196171580489,Ron DeSantis,Ron DeSantis for President,≤100
100249953038234,Capital Access Alliance,Capital Access Alliance,≤100
72931140459,Center for Biological Diversity,"CENTER FOR BIOLOGICAL DIVERSITY, INC.",≤100
166618413413767,Jay Sekulow,American Center for Law and Justice,≤100
1461100540775171,The Tuttle Twins,LIBERTAS INSTITUTE,≤100
2353537341582545,Proud Patriots,Proud Patriots,≤100
104623832132932,Perry Johnson,PERRY JOHNSON FOR PRESIDENT INC.,≤100
8934429638,Planned Parenthood Action,Planned Parenthood Action Fund,≤100
104760636770,Vera Institute of Justice,Vera Institute of Justice,≤100
907931509251615,Governor Larry Hogan,An America United,≤100
243184199040637,Caring Across Generations,Caring Across Generations,≤100
103375628943529,Adam Frisch,Adam for Colorado,≤100
110526482003219,Committee for Better Government,Committee for Better Government,≤100
155555111125341,The Brooklyn Brewery,THE BROOKLYN BREWERY CORPORATION,≤100
104394262049761,Jeremy's Razors,The Daily Wire,≤100
101432317199,Blue Cross and Blue Shield Association,BLUE CROSS AND BLUE SHIELD ASSOCIATION,≤100
8501031021,VoteVets.org,VOTEVETS,≤100
1520852664890753,Beau Biden Foundation for the Protection of Children,BEAU BIDEN FOUNDATION FOR THE PROTECTION OF CHILDREN INC,≤100
100684991996307,November Coalition,NOVEMBER COALITION,≤100
376776419037747,Turning Point USA,"Turning Point USA, Inc.",≤100
140357056032320,NEA Today,National Education Association,≤100
7341997111,Conservation International,Conservation International,≤100
106925294739244,Advancing American Freedom,Advancing American Freedom Inc,≤100
458292390950199,Start Talking. Stop HIV.,Centers for Disease Control and Prevention,≤100
142432192446984,David Horowitz Freedom Center,David Horowitz Freedom Center,≤100
101064776613325,Charles Tyrwhitt,These ads ran without a disclaimer,≤100
7263476274,Mercy Corps,Mercy Corps,≤100
498221457664032,DHL U.S.,"DHL EXPRESS (USA), INC.",≤100
304600892905134,Hillsdale College Online Courses,HILLSDALE COLLEGE,≤100
13885075114,Action Against Hunger USA,ACTION AGAINST HUNGER - USA,≤100
114008535880,Foundation for Individual Rights and Expression,FOUNDATION FOR INDIVIDUAL RIGHTS IN EDUCATION,≤100
179983352591225,Women Speak Up,These ads ran without a disclaimer,≤100
20787991568,Senate Democrats,DSCC,≤100
215653202574079,Future Majority,"Future Majority, Inc",≤100
110442961603215,Yikes Today,Yikes Today,≤100
10128918116,Gavin Newsom,Campaign for Democracy PAC,≤100
40217893542,AIPAC,AIPAC,≤100
107764430968176,Tuttle Twins TV Show,"Tuttle Twins Show, LLC",≤100
19984154032,Great Performances l PBS,WNET,≤100
51379424899,Mercy Ships,MERCY SHIPS INTERNATIONAL,≤100
100346689495660,Pete's Pranks,Petes Pranks,≤100
100540971962779,Localyst,"Accelerate Change, Inc.",≤100
103715861368344,McCormick & Company,MCCORMICK & COMPANY INC,≤100
34362997676,United States Holocaust Memorial Museum,UNITED STATES HOLOCAUST MEMORIAL MUSEUM,≤100
37461287798,Jesuit Refugee Service/USA,JESUIT REFUGEE SERVICE INC,≤100
6266829799,Sherrod Brown,FRIENDS OF SHERROD BROWN,≤100
111824001908,Hakeem Jeffries,JEFFRIES FOR CONGRESS,≤100
154561574598964,White Coat Waste Project,THE WHITE COAT WASTE PROJECT INC,≤100
114351251909317,MyBGE,BALTIMORE GAS & ELECTRIC COMPANY,≤100
570953166908066,Vivek Ramaswamy,VIVEK 2024,≤100
209516845093,NRDC Action Fund,NRDC Action Fund,≤100
49651563727,Live Action,Live Action,≤100
19746387261,Humane Society International,Humane Society International,≤100
61492859575,Americares,"Americares Foundation, Inc.",≤100
162244692732,Brennan Center for Justice at NYU Law,"WILLIAM J. BRENNAN CENTER FOR JUSTICE, INC.",≤100
196212113748678,Azul,Azul,≤100
43005439032,American Diabetes Association,American Diabetes Association,≤100
1435071773455316,Daily Wire,The Daily Wire,≤100
121646744225694,Americonned Doc,Shine The Light Films Inc.,≤100
167586229923327,World Food Program USA,World Food Program USA,≤100
240937060405,Center for Science in the Public Interest (CSPI),Center for Science in the Public Interest,≤100
96935476345,Democratic Governors Association (DGA),"Democratic Action, democraticgovernors.org, not authorized by any candidate or candidate's committee.",≤100
121268821249550,World Central Kitchen,World Central Kitchen,≤100
103588388469410,Disparity Trap,Disparity Trap,≤100
7357041101,Tammy Baldwin,TAMMY BALDWIN FOR SENATE,≤100
70874333603,CatholicVote,catholicvote.org,≤100
104295601633638,American Cornerstone Institute,American Cornerstone Institute Inc,≤100
73250630864,The Kennedy Center,The John F. Kennedy Center for the Performing Arts,≤100
25852730092,Care2,"Care2.com, Inc",≤100
19554217292,American Heart Association: You're the Cure,American Heart Association,≤100
104659801302856,Anna Kaplan for New York,Anna Kaplan for New York,≤100
1832744013698336,Mahogany Mommies,Mahogany Mommies,≤100
100403528653081,Punchbowl News,Punchbowl News,≤100
38235851310,USA for UNHCR,UNITED STATES ASSOCIATION FOR UNHCR,≤100
102592959026,Ocean Conservancy,"OCEAN CONSERVANCY, INC.",≤100
149220264647,ADL - Anti-Defamation League,Anti-Defamation League,≤100
1382441768496365,Pentair,PENTAIR,≤100
9062006483,REI,"RECREATIONAL EQUIPMENT, INC.",≤100
408526523045391,Mammoth Nation,Mammoth Nation,≤100
580610428636345,Fight for $15,Fight for $15,≤100
443329669123990,USAFacts,USAFacts Institute,≤100
8325302025,Friends of the Earth U.S.,Friends of the Earth,≤100
103478796015358,Neverbackdown,NEVER BACK DOWN INC.,≤100
152264148166020,Moms Clean Air Force,Moms Clean Air Force,≤100
23790541544,Democrats,DCCC,≤100
38471053686,Elizabeth Warren,"WARREN FOR SENATE, INC.",≤100
665345483483486,NRA - National Rifle Association of America,NATIONAL RIFLE ASSN OF AMERICA,≤100
114710126648118,Republican Dogs,Republican Dogs,≤100
45393753416,Alliance Defending Freedom,Alliance Defending Freedom,≤100
153080620724,Donald J. Trump,TRUMP SAVE AMERICA JOINT FUNDRAISING COMMITTEE,≤100
200650357207240,I Love My Freedom,I Love My Freedom,≤100
12527153330,University of Virginia,These ads ran without a disclaimer,≤100
203805062990264,Ben Shapiro,The Daily Wire,≤100
202071006601223,GOOD PARTY,Good Party LLC,≤100
6502038524,First Book,FIRST BOOK,≤100
161183970656851,Ruben Gallego,GALLEGO FOR ARIZONA,≤100
7735858972,Humane Society Legislative Fund,Humane Society Legislative Fund,≤100
103531607822207,Noticias para Inmigrantes,"Wise Rock Media, PBC",≤100
19437978960,Chris Murphy,FRIENDS OF CHRIS MURPHY,≤100
101704558574021,Lucas Kunce,Lucas Kunce for Missouri,≤100
546066468753446,Black Health Matters,BLACK HEALTH MATTERS FOUNDATION INC,≤100
399366360669553,Jamaal Bowman,Bowman For Congress,≤100
367292494407,AJC - American Jewish Committee,AMERICAN JEWISH COMMITTEE,≤100
8047221596,Save the Children US,SAVE THE CHILDREN FEDERATION INC.,≤100
35169196082,Project HOPE,"PROJECT HOPE-THE PEOPLE-TO-PEOPLE HEALTH FOUNDATION, INC.",≤100
197760674021143,Indivisible Guide,INDIVISIBLE ACTION,≤100
115379705206001,U.S. Department of Homeland Security Blue Campaign,U.S Department of Homeland Security Blue Campaign,≤100
60000664446,Alzheimer's Association,"ALZHEIMER'S DISEASE AND RELATED DISORDERS ASSOCIATION, INC.",≤100
225392700899588,Federal Motor Carrier Safety Administration,Federal Motor Carrier Safety Administration,≤100
297987334762,Jamie Raskin,Jamie Raskin for Congress,≤100
252814820267,HIAS,HIAS,≤100
255062275778,Tim Tebow Foundation,TIM TEBOW FOUNDATION,≤100
1942520902707477,Care in Action US,"Care in Action, Inc., 45 Broadway, Suite 320, New York, NY 10006. Not authorized by any candidate or candidate’s committee.",≤100
110594725386545,Tell It Like It Is PAC,Tell It Like It Is PAC,≤100
134910449854519,Leaders of a Beautiful Struggle,Leaders of a Beautful Struggle,≤100
21492729544,Catholic Relief Services,CATHOLIC RELIEF SERVICES - UNITED STATES CONFERENCE OF CATHOLIC BISHOPS,≤100
84112077638,Greater Good Charities,GREATERGOOD.ORG,≤100
106563958759988,Semafor,Semafor Inc.,≤100
103695769458,United States Mint,United States Mint,≤100
219612384781411,Bloomberg Philanthropies,Bloomberg Philanthropies,≤100
1470540296409810,Fair Fight Action,FAIR FIGHT,≤100
117196981332058,Let's Get Loud,Let's Get Loud,≤100
87186661244,Johns Hopkins Bloomberg School of Public Health,Johns Hopkins Bloomberg School of Public Health,≤100
107454490912636,Jewish Future Pledge,Jewish Future Pledge Inc,≤100
8002590959,Rainforest Action Network - RAN,RAINFOREST ACTION NETWORK,≤100
89336510798,American Friends of the Hebrew University,American Friends of Hebrew University,≤100
100728088391862,Delmarva Parent Teacher Coalition,Delmarva Parent Teacher Coalition,≤100
193078140705171,Stavros Niarchos Foundation,"SNF USA, INC.",≤100
557051651115624,Stidham Financial Services,Stidham Financial Services,≤100
93228695778,Tea Party Patriots,Tea Party Patriots,≤100
228132537208218,Tammy Duckworth,TAMMY FOR ILLINOIS,≤100
100373975829221,Fòs Feminista Org,Fòs Feminista,≤100
109599248636777,Consumer Credit Card Protection Coalition,CONSUMER CREDIT CARD PROTECTION COALITION,≤100
349068689306,Tim Scott,Tim Scott for America,≤100
100485764982266,Only One,Only One,≤100
5435784683,Greenpeace USA,"GREENPEACE, INC.",≤100
130945114804,World Jewish Congress,WORLD JEWISH CONGRESS AMERICAN SECTION INC,≤100
109320440856128,Stand Up to Jewish Hate,"Foundation to Combat Anti-Semitism, Inc.",≤100
182620315479,Plan International USA,Plan International USA,≤100
109736674813587,US MADE Coalition,"US Manufacturers Association for Development and Enterprise, Inc.",≤100
80562389320,NARAL Pro-Choice America,NARAL PRO-CHOICE AMERICA CORP,≤100
110483677935904,Team DeSantis,Ron DeSantis for President,≤100
69983322463,Ted Cruz,TED CRUZ FOR SENATE,≤100
29717379728,International Justice Mission,International Justice Mission,≤100
159658557547960,Wall Street Journal Opinion,The Wall Street Journal,≤100
72092591211,FBI – Federal Bureau of Investigation,Federal Bureau of Investigation,≤100
85452072376,NEWSMAX,"NEWSMAX MEDIA, INC.",≤100
109912691682580,Zee Clarke,Zee Clarke,≤100
86071521216,Second Amendment Foundation,SECOND AMENDMENT FOUNDATION INC,≤100
125179374733697,Big News Buzz,Resource Media,≤100
1431889706937050,Free & Fair Markets Initiative,"Free and Fair Markets Initiative, Inc.",≤100
12596759677,RAICES,REFUGEE AND IMMIGRANT CENTER FOR EDUCATION AND LEGAL SERVICES,≤100
24413227922,Kamala Harris,BIDEN VICTORY FUND,≤100
101391906600,Live Action News,Live Action,≤100
101869563236902,FreedomFest,FreedomFest,≤100
112838648421750,Defend Clean Jobs,Defend Clean Jobs,≤100
59543893235,National Constitution Center,National Constitution Center,≤100
140499052681592,Bank of the West,BANK OF THE WEST,≤100
101674425989138,MIT Economics Environmental Survey,"MIT Climate Change Survey, MIT Department of Economics",≤100
211207122251768,Meritus Health,These ads ran without a disclaimer,≤100
141786816970,Cruise Lines International Association - CLIA,Cruise Lines International Association,≤100
5720973755,Defenders of Wildlife,DEFENDERS OF WILDLIFE,≤100
679171239164792,Supermajority,Supermajority,≤100
134452023239984,Human Coalition,Human Coalition,≤100
77278490877,National Corn Growers Association,NATIONAL CORN GROWERS ASSOCIATION INC,≤100
786167111464006,Woodson Center,The Woodson Center,≤100
17203056985,Partners In Health,Partners In Health,≤100
131306317680000,Social Goods,"Social Goods, LLC",≤100
10498053716,Media Research Center,MEDIA RESEARCH CENTER,≤100
144105014310,Panasonic North America,These ads ran without a disclaimer,≤100
83290028957,Care Net,CARE NET,≤100
91346559231,Democratic Legislative Campaign Committee - DLCC,Democratic Legislative Campaign Committee,≤100
213191459362508,Steve Descano,Friends of Steve Descano,≤100
6165653060,AFSCME,AMERICAN FEDERATION OF STATE COUNTY & MUNICIPAL EMPLOYEES,≤100
6355071377,American Cancer Society Cancer Action Network - ACS CAN,AMERICAN CANCER SOCIETY CANCER ACTION NETWORK INC,≤100
53674651369,SBA Pro-Life America,"SUSAN B. ANTHONY LIST, INC.",≤100
1600352356914768,PushBlack,PushBlack,≤100
7833534974,Florida Democratic Party,Florida Democratic Party,≤100
340153562850578,Tim Tebow,TIM TEBOW FOUNDATION,≤100
7192716362,Amnesty International USA,"AMNESTY INTERNATIONAL OF THE U. S. A., INC.",≤100
105561217523274,The Dispatch,"Dispatch Media, Inc.",≤100
110480728196620,Small Business Digital Alliance,Small Business Digital Alliance,≤100
282728185140429,Rep For Vets,The Rep For Vets,≤100
117468878295521,American-Arab Anti-Discrimination Committee (ADC),American-Arab Anti-Discrimination Committee,≤100
1562713090633117,Operation Underground Railroad,OPERATION UNDERGROUND RAI,≤100
941593962677066,Stella Pekarsky,Friends of Stella G Pekarsky,≤100
1679521432262834,Physicians Grassroots Network,American Medical Association,≤100
145034262195374,InSinkErator,InSinkErator_Whirlpool,≤100
108268161352786,Stanley M. Herzog Foundation,Herzog Foundation,≤100
2255535767896743,Mark Robinson,Friends of Mark Robinson,≤100
126211280741703,Midwest Values PAC,Midwest Values PAC,≤100
216311481960,Bill Gates,Bill Gates,≤100
152065518140304,Wildlife Conservation Society,Wildlife Conservation Society,≤100
100992801635617,Conservative-American.org,Conservative American Strategies,≤100
9785626650,Public Citizen,Public Citizen,≤100
154753361224926,CASA in Action,CASA in Action PAC,≤100
50822254585,Mountain States Legal Foundation,Mountain States Legal Foundation,≤100
681626158940626,Mission Roll Call,Americas Warrior Partnership,≤100
936968016365794,The Eric Metaxas Radio Show,Salem Media,≤100
105331908787374,Republican Accountability PAC,REPUBLICAN ACCOUNTABILITY PAC INC,≤100
5647744585,PETA (People for the Ethical Treatment of Animals),"PEOPLE FOR THE ETHICAL TREATMENT OF ANIMALS, INC.",≤100
226999127329906,New York Immigration Lawyer,Law Office of Alena Shautsova,≤100
1526736227567131,TrueCoverage,True Coverage,≤100
111464544881905,America First News,America First News,≤100
130449343291731,Ryan Binkley,BINKLEY FOR PRESIDENT 2024,≤100
110947388286801,Charities for Vets,RAM Veterans Foundation,≤100
145973965440671,Carnegie Corporation of New York,CARNEGIE CORPORATION OF NEW YORK,≤100
8524198486,Physicians Committee for Responsible Medicine,"PHYSICIANS COMMITTEE FOR RESPONSIBLE MEDICINE, INC.",≤100
355783211719644,Veteran Caregivers of America,"Veteran Caregivers, LLC",≤100
108547455113940,Our America,Our America,≤100
18813753280,Human Rights Campaign,"HUMAN RIGHTS CAMPAIGN, INC.",≤100
113731336694,Goldwater Institute,"GOLDWATER INSTITUTE ,THE",≤100
911845658833043,I Am An Immigrant,FWD.us Education Fund,≤100
101330089548224,John Burrows for Congress,John Burrows for Congress,≤100
1599237673639735,Change Media Group,Change Media Group,≤100
340528409646227,Consumer Action for a Strong Economy,CASE for Consumers,≤100
21375324480,The Heritage Foundation,HERITAGE FOUNDATION (THE),≤100
30618466815,Pacific Legal Foundation,Pacific Legal Foundation,≤100
104404554720916,Spring Health,These ads ran without a disclaimer,≤100
10234472029,Council on Foreign Relations,Council on Foreign Relations,≤100
115287058152345,North Beach Dragon Boat Festival to End Hunger,These ads ran without a disclaimer,≤100
145917588805718,Dr Jordan B Peterson,The Daily Wire,≤100
106644838819876,One Great American Solutions,One Great American Solutions,≤100
110099228407333,Chevron Advocacy Network,Chevron Advocacy Network,≤100
284293125336159,Regulatory Transparency Project,FEDERALIST SOCIETY FOR LAW & PUBLIC POLICY STUDIES,≤100
1428755447227803,Defend The Second,Next Level Goods,≤100
100781276221423,Protect Choice Ohio,OHIO PHYSICIANS FOR REPRODUCTIVE RIGHTS PAC,≤100
46093654473,National Republican Congressional Committee,NRCC,≤100
107661474402498,Liberty Eagle Apparel,United Patriot,≤100
25372476424,Best Friends Animal Society,BEST FRIENDS ANIMAL SOCIETY,≤100
386305465057247,Liberty Nation,Liberty Nation,≤100
104253615152700,America First Legal,America First Legal Foundation,≤100
164498676940373,American Masters,WNET,≤100
372577693078008,"Saenz-Garcia Law, PLLC","Saenz-Garcia Law, PLLC",≤100
359477377917,American Federation for Children,American Federation for Children,≤100
197760674021143,Indivisible Guide,Indivisible Project,≤100
583258211727279,Shai Fund,SHAI FUND INC,≤100
109092142462587,Adam Schiff,SCHIFF FOR SENATE,≤100
101771199180498,Conservatives of Kent County MD,Conservatives of Kent County MD,≤100
321088559302,Keep America Beautiful,Keep America Beautiful,≤100
154042277970966,International Refugee Assistance Project,"INTERNATIONAL REFUGEE ASSISTANCE PROJECT, INC.",≤100
117530308000694,Voices With Impact,ART WITH IMPACT,≤100
555787351119974,Coalition to Protect America's Health Care,Coalition to Protect America’s Health Care,≤100
70531357576,Freedom Forum,"FREEDOM FORUM INC, THE",≤100
104491841664875,Country First,"Country First Action, Inc.",≤100
1263210823830523,Wicomico Truth and Reconciliation Initiative,James Gayl Yamakawa,≤100
11111618026,Union of Concerned Scientists,"UNION OF CONCERNED SCIENTISTS, INC.",≤100
116546288359245,Heritage Action for America,HERITAGE ACTION FOR AMERICA,≤100
24330467048,Americans for Prosperity,AMERICANS FOR PROSPERITY,≤100
2602473023098666,Democratic Polling Center,Democratic Governors Association,≤100
1338822066131069,Women's March,Women's March,≤100
332028597354723,National Partnership for Women & Families Action Fund,National Partnership for Woman & Families Action Fund,≤100
205671813294,Mountain View Solar,"MOUNTAIN VIEW SOLAR AND WIND, LLC",≤100
428330877769054,Ask Anything,Ask Anything,≤100
60261764250,Childhelp,"CHILDHELP, INC.",≤100
126305280752104,Slavic Gospel Association,SLAVIC GOSPEL ASSOCIATION,≤100
162678203751209,Gilead Sciences,GILEAD SCIENCES INC,≤100
93692255431,Bread for the World,"BREAD FOR THE WORLD, INC.",≤100
104500097856057,"SunGaze Solar, LLC","SunGaze Solar, L.L.C.",≤100
114301413446447,The Climate Initiative,Kennebunkport Climate Initiative,≤100
466164103423147,Thorn,Thorn,≤100
160630887998827,Let Them Live,Let Them Live,≤100
393076844046051,Progressive Caucus,CONGRESSIONAL PROGRESSIVE CAUCUS PAC,≤100
102047517918,The Commonwealth Fund,The Commonwealth Fund,≤100
12185972707,350.org,350 ORG,≤100
112458455044193,American Memorial Benefits,Final Expense Authority LLC,≤100
111362087093652,Paul Berry,Friends of Paul Berry,≤100
74783093812,Just Vision,JUST VISION INC,≤100
162245191716,LGBTQ Nation,LGBTQ Nation,≤100
248181906078243,National Institute for Civil Discourse,CommonSense American,≤100
11602044174,Independent Women's Forum,Independent Women's Forum,≤100
220873174076,Animal Equality,ANIMAL EQUALITY,≤100
104507259139090,Great American World,Great American World,≤100
6316744206,Jon Tester,MONTANANS FOR TESTER,≤100
38882699096,Polaris,POLARIS PROJECT,≤100
2077297152507222,Trade Alliance to Promote Prosperity - TAPP,Trade Alliance to Promote Prosperity,≤100
309798029121030,Everytown for Gun Safety,Everytown for Gun Safety Action Fund Inc,≤100
408250066356,Bill O'Reilly,"Bill Me, Inc.",≤100
2152371365037033,Aliados Adelante,AARP,≤100
745304825534862,Steve Scalise,Team Scalise,≤100
105753898811449,Align Us,Kyle Reyes,≤100
102989874860962,Financial Guide,These ads ran without a disclaimer,≤100
56349854459,Parkinson's Foundation,Parkinson's Foundation,≤100
36872302227,Cory Booker,CORY BOOKER FOR SENATE,≤100
12357407443,American Friends Service Committee,AMERICAN FRIENDS SERVICE COMMITTEE,≤100
30914589895,The International Fellowship of Christians and Jews,INTERNATIONAL FELLOWSHIP OF CHRISTIANS & JEWS INC,≤100
6756153498,Mike Bloomberg,Bloomberg Philanthropies,≤100
108625789179165,Soi Dog Foundation,These ads ran without a disclaimer,≤100
112642477582238,Mericanaf,AAF Nation,≤100
7606381190,Amy Klobuchar,KLOBUCHAR FOR MINNESOTA,≤100
112735922758892,Charlie Kirk,"Turning Point USA, Inc.",≤100
11918108948,African Wildlife Foundation,AFRICAN WILDLIFE FOUNDATION,≤100
112458455044193,American Memorial Benefits,American Benefits & Services LLC,≤100
46347342434,EMILYs List,EMILY'S LIST,≤100
878935975829857,Healthcare Supply Chain Association,Healthcare Supply Chain Association,≤100
108761895812039,Montgomery College Television - MCTV,Montgomery College Television,≤100
114765400352270,Kite & Key Media,VMTS EDUCATION INC,≤100
107654845035808,Yangmiwa Slim Viên Uống Giảm Cân Số 1 Nhật Bản,These ads ran without a disclaimer,≤100
103552914774916,Science Moms,Potential Energy Coalition Inc,≤100
111101131335,Littleton Coin Company,These ads ran without a disclaimer,≤100
160005659383,PreBorn,"MISSION: PRE-BORN, INC.",≤100
56332452163,AMA Patients Action Network,American Medical Association,≤100
40973310753,Pathfinder International,Pathfinder International,≤100
214061167976,El Tiempo Latino,MASTV EL PLANETA LLC,≤100
103355385129734,The Climate Pledge,The Climate Pledge,≤100
1166660030079480,National Democratic Redistricting Committee,National Democratic Redistricting Committee,≤100
2245766435469741,Beersy,Beersy LLC,≤100
106315901551850,The U.S. Concealed Carry Association for Saving Lives,U.S. Concealed Carry Association For Saving Lives. Not Authorized By Any Candidate Or Candidate's Committee.,≤100
1476342155924546,Big Rig Threads,Big Rig T-Shirts and Decals LLC,≤100
170491079663777,The Sentencing Project,"SENTENCING PROJECT INC, THE",≤100
248539568517772,New Jersey League of Conservation Voters,NJ LEAGUE OF CONSERVATION,≤100
102490504962117,Phade products,Phade products,≤100
102993965562061,Second Amendment Hunters,Gun Owners of America - 2nd Amendment Hunters,≤100
945455208962159,For Everyone Collective,For Everyone Collective,≤100
59386210330,American Lung Association,AMERICAN LUNG ASSOCIATION,≤100
108247581851552,Democracy Defense Fund,DEMOCRACY DEFENSE FUND,≤100
185886644779524,Public Service Commission of the District of Columbia,Public Service Commission of the District of Columbia,≤100
166194476728392,Center Street,"Hachette Book Group, Inc.",≤100
265584563563176,JCRC of Greater Washington,The Jewish Community Relations Council of Greater Washington,≤100
130848666099,Business Forward,Business Forward Inc.,≤100
100119981671668,Blue Senate,BLUE SENATE PAC,≤100
507070522767934,AACR Foundation,"AMERICAN ASSOCIATION FOR CANCER RESEARCH, INC.",≤100
407902639235640,JNS.org,Jewish News Syndicate,≤100
349800859019034,The 19th News,The 19th,≤100
19342050934,Leadership Institute,LEADERSHIP INSTITUTE INC,≤100
632176236951077,Alliance for Justice Action Campaign,Alliance for Justice Action Campaign,≤100
96491683438,"The Friends of Israel Gospel Ministry, Inc.","FRIENDS OF ISRAEL GOSPEL MINISTRY, INC, THE",≤100
105055152148626,Dalio Philanthropies,"Dalio Foundation, Inc.",≤100
108512875350,The Atlas Society,The Objectivist Center Ltd,≤100
105756057589080,The Lincoln Project,THE LINCOLN PROJECT,≤100
192609620649,The University of Chicago,The University of Chicago,≤100
126893748252841,American Firearms Association,American Firearms Coalition,≤100
159964696102,Kevin McCarthy,KEVIN MCCARTHY FOR CONGRESS,≤100
10331123781,Special Olympics,Special Olympics Inc,≤100
33720334139,Queerty,Queerty,≤100
1470540296409810,Fair Fight Action,FAIR FIGHT ACTION INC,≤100
1359505927455440,Global Health NOW,Johns Hopkins Bloomberg School of Public Health,≤100
60182072999,Lila Rose,Live Action,≤100
50982313030,Food & Water Watch,Food & Water Watch,≤100
1163811040367180,Food & Water Action,FOOD & WATER ACTION,≤100
5970146660,Community Change,Center for Community Change Action,≤100
108620667163768,For Our Future,Resource Media,≤100
1560286300899883,Diabetes Patient Advocacy Coalition,Diabetes Patient Advocacy Coalition,≤100
51405613519,Focus on the Family,Focus on the Family,≤100
228754857151053,House Majority PAC,HOUSE MAJORITY PAC,≤100
745910525468062,National Center on Sexual Exploitation,National Center on Sexual Exploitation,≤100
104908071917505,Welcome.us,Welcome.us,≤100
451075468389015,Donald Trump Is My President,Donald Trump Is My President,≤100
107533860975028,Conservative,CONSERVATIVE LLC,≤100
669300699787687,Senator Ron Watson,Friends of Ron Watson,≤100
102204903345,The Vilcek Foundation,"VILCEK FOUNDATION, INC., THE",≤100
281844617168,Jewish Voice Ministries International,Jewish Voice Ministries International,≤100
205795426669644,Facts and Logic about the Middle East,Facts and Logic About the Middle East,≤100
92021268117,Working America,Working America,≤100
266602360083204,The Children's Trust,"CHILDREN'S TRUST, INC",≤100
108649364845367,One Main Street Colorado,One Main Street Colorado,≤100
689908101020054,Unified Patents,Unified Patents LLC,≤100
268742029966978,PowerToFly,These ads ran without a disclaimer,≤100
259351004139042,Ashbrook Center,Ashbrook Center,≤100
317284821682168,Messianic Jewish Alliance of America (MJAA),Messianic Jewish Alliance of America,≤100
84645912778,Prosperity Now,PROSPERITY NOW,≤100
395437707314655,Regeneron,Regeneron,≤100
1593518174052711,Candace Owens,The Daily Wire,≤100
104592541801036,Camden Strong,Camden City Democratic Committee,≤100
458142697588014,AARP Public Policy Institute,AARP,≤100
142474049098533,Robert Reich,Inequality Media,≤100
142957224352,International Medical Corps,International Medical Corps,≤100
108970206976,World Vision USA,WORLD VISION INC.,≤100
8321461609,MomsRising.org,MomsRising Together,≤100
16477459734,League of Conservation Voters,"LEAGUE OF CONSERVATION VOTERS, INC",≤100
7145381235,American Jewish World Service - AJWS,"AMERICAN JEWISH WORLD SERVICE, INC.",≤100
106779538059265,Jay Timmons,NATIONAL ASSOCIATION OF MANUFACTURERS OF THE UNITED STATES OF AMERICA INC.,≤100
567371470277443,The Wilderness Society Action Fund,The Wilderness Society Action Fund,≤100
104214852367107,Friends of the Earth Action,Friends of the Earth Action,≤100
1526707030943680,Phoenix Dream Center,City Help Inc of Phoenix dba Phoenix Dream Center,≤100
190697157619887,Freedom Foundation,Freedom Foundation,≤100
133937690180,Student Conservation Association,Student Conservation Association,≤100
925007000949719,ExxonMobil,EXXON MOBIL CORPORATION,≤100
26082912881,Project On Government Oversight,Project On Government Oversight,≤100
43934405787,IPPF,International Planned Parenthood Federation Worldwide Inc,≤100
238473269650980,Capital & Main,CAPITAL & MAIN,≤100
74470852653,Mike Pompeo,Champion American Values PAC,≤100
114633944922650,"Sunlyt, LLC","Sunlyt, LLC",≤100
524399207959953,Truth & Liberty Coalition,Truth & Liberty Coalition,≤100
6240652407,Young America's Foundation,Young America's Foundation Inc,≤100
138354569532939,"Tradition, Family, Property - TFP","American Society for the Defense of Tradition, Family and Property",≤100
356050017804283,WSPA (Western States Petroleum Association),WESTERN STATES PETROLEUM ASSOCIATION,≤100
510681319319292,U.S. Civil Rights Trail,US Civil Rights Trail Marketing Alliance INC,≤100
106766938480768,The Jennifer Hudson Show,The Jennifer Hudson Show,≤100
105157841248307,No Filter Politics,No Filter Politics,≤100
7191206138,ASPCA,ASPCA,≤100
116204538416735,The AIDS Institute,AIDS INSTITUTE INC,≤100
12301006942,Democratic Party,BIDEN VICTORY FUND,≤100
2254455051442790,Patriot Depot,Flag & Cross,≤100
103565195134756,America First Policy Institute,America First Policy Institute,≤100
102486559194712,Private Equity Stakeholder Project,Climate Nexus - Rockefeller Philanthropy Advisors Sponsored Project,≤100
310925405807,Citizens Climate Lobby,Citizens' Climate Lobby,≤100
110856865095475,Albert Vega for Springfield Supervisor,Friends of Albert Vega,≤100
2022651231358975,Zoe Freedom Center,ZOE FREEDOM CENTER,≤100
269348454714,IMB,"INTERNATIONAL MISSION BOARD OF THE SOUTHERN BAPTIST CONVENTION, THE",≤100
837731992980860,Pero Like,Pero Like,≤100
107366804139578,Zach Cummings for Virginia Senate,The Committee to Back Zach,≤100
309798029121030,Everytown for Gun Safety,Everytown for Gun Safety Support Fund Inc,≤100
109118211910879,Mr. 45,Green Straw LLC,≤100
25121889784,Texas Public Policy Foundation,Texas Public Policy Foundation,≤100
1707505176197284,FREOPP,THE FOUNDATION FOR RESEARCH ON EQUAL OPPORTUNITY,≤100
16695101734,National Association of Social Workers,NATIONAL ASSOCIATION OF SOCIAL WORKERS,≤100
104614641200137,MeidasTouch,MEIDASTOUCH,≤100
23311628592,Heartland Alliance,Heartland Alliance for Human Needs & Human Rights,≤100
2392327931036570,BRIGHTMARK,These ads ran without a disclaimer,≤100
801419943264962,BLM Wild,BLM Wild,≤100
497949630282962,Retirement Specialty Group,Retirement Specialty Group,≤100
6787988478,Physicians for Human Rights,"PHYSICIANS FOR HUMAN RIGHTS, INC.",≤100
378084314984,Trane Technologies,Trane Technologies,≤100
17414523278,Democracy Now!,DEMOCRACY NOW,≤100
1539972792944463,Forge Leadership Network,Forge Leadership Network,≤100
999556810102061,Signature Seas,Signature Seas,≤100
148337431855825,Houghton Mifflin Harcourt,Houghton Mifflin Harcourt,≤100
48994809349,Ms. Foundation for Women,MS FOUNDATION FOR WOMEN INC,≤100
201446296572389,Compassion in World Farming (USA),Compassion in World Farming Inc,≤100
10524033745,Remote Area Medical - RAM,REMOTE AREA MEDICAL,≤100
147344832098401,Maricopa County Sheriff's Office,Maricopa County Sheriff's Office,≤100
1678616769061606,Southeastern Wind Coalition,Southeastern Wind Coalition,≤100
108266445888054,Patriot Academy,TORCH OF FREEDOM FOUNDATION,≤100
103420135020,American Heart Association -  Greater Washington Region,These ads ran without a disclaimer,≤100
111806955195299,Wendy Davis for Congress,WENDY DAVIS FOR CONGRESS,≤100
215968684159,AFT - American Federation of Teachers,American Federation of Teachers,≤100
332671562949,Diversey,"Diversey Holdings, LTD.",≤100
474227102732389,Turning Point Action,Turning Point Action,≤100
104175362696063,Advantage Relief Programs,Advantage Relief Programs,≤100
106568024842114,Rideshare Assault Support,Citizen Ad Network LLC,≤100
104396194587918,C3 Solutions,Conservative Coalition for Climate Solutions,≤100
110441577078497,Future Leaders Fund,Future Leaders Fund,≤100
830162603716633,Andy Beshear,Andy Beshear for Governor,≤100
56680318666,Illinois Policy,Illinois Policy,≤100
105173311888160,Star and Bar,Star and Bar,≤100
14957887077,Freedom House,"FREEDOM HOUSE, INC.",≤100
667406426724032,Cocoa Butter,Cocoa Butter,≤100
397207347056799,Voices for Healthy Kids,AMERICAN HEART ASSOCIATION INC,≤100
105868515591261,WhatIF Foods US,These ads ran without a disclaimer,≤100
102568576103681,TPUSA Events,Turning Point USA,≤100
1445796818829958,The Nature Conservancy Virginia,NATURE CONSERVANCY,≤100
118152441212175,Digital Innovation for America,Digital Innovation for America,≤100
105377404649506,Solidarity Fund by Coworker,COWORKER SOLIDARITY FUND,≤100
223886090958960,Hurst For Mayor,The Committee to Elect Attorney Justin J. Hurst,≤100
7219151423,The Fund for American Studies (TFAS),FUND FOR AMERICAN STUDIES,≤100
788559044606908,America Forward,NEW PROFIT INC,≤100
101374728149342,A Starting Point,A Starting Point LLC,≤100
100758682697459,Mayday Health,"Mayday Medicines, Inc.",≤100
110018833813683,Defend the Senate,SMP,≤100
102961088866702,Sarah Klee Hood for Congress,SARAH KLEE HOOD FOR NY,≤100
143729616392084,Van Drew for Congress,Van Drew for Congress,≤100
101494604796591,Women Against Legal Abuse,Wendy Walther Meigs,≤100
292351509697,Jerusalem Prayer Team,Jerusalem Prayer Team,≤100
28126338304,Surfrider Foundation,"SURFRIDER FOUNDATION, INC",≤100
21090771700,Gun Owners of America,Gun Owners of America,≤100
14038292386,Women for Women International,WOMEN FOR WOMEN INTERNATIONAL,≤100
174941115857811,Campaign for Southern Equality,Campaign for Southern Equality,≤100
102771646440276,Jesus Christ Savior by Beliefnet,"BN Media, LLC",≤100
261951940219,Goldman Environmental Prize,Goldman Environmental Foundation,≤100
101774115001186,Howard Progressive Project,Howard Progressive Project PAC,≤100
58158120046,ACLJ,American Center for Law and Justice,≤100
59877921429,Lutheran Immigration and Refugee Service,"LUTHERAN IMMIGRATION AND REFUGEE SERVICE, INC.",≤100
16900111951,National Organization for Women (NOW),NATIONAL ORGANIZATION FOR WOMEN,≤100
11309713071,Gates Foundation,Bill and Melinda Gates Foundation,≤100
108179361951729,Republican Patriots,Tomer Barazani,≤100
8446177150,Chosen People Ministries,CHOSEN PEOPLE MINISTRIES INC,≤100
186319338839,GLAAD,"GLAAD, INC.",≤100
42940254353,Human Rights Watch,"HUMAN RIGHTS WATCH, INC.",≤100
102663191965686,Salex,Salex Sv,≤100
260933440643373,UltraViolet,UltraViolet Education Fund,≤100
290548664672,First Liberty Institute,First Liberty Institute,≤100
18983389920,Open Society Foundations,Open Society Foundations,≤100
90209763480,The Federalist Society,The Federalist Society,≤100
337038226473839,Trish Regan,"SALEM MEDIA GROUP, INC.",≤100
95135221781,Federal News Network,Federal News Network,≤100
645392368909975,carafem,carafem,≤100
116025928060049,Obamacare Health Plans,These ads ran without a disclaimer,≤100
21898300328,BuzzFeed,BuzzFeed,≤100
47710973068,Voices for Cooperative Power,Voices for Cooperative Power,≤100
456241404585568,Mayor David Suarez,Mayor David Suarez,≤100
8550121410,Free Speech America Project,MEDIA RESEARCH CENTER,≤100
102748688472759,Parents Defending Education,Parents Defending Education,≤100
119938547748319,Navigator Research,Navigator Research,≤100
300992409852,Hoover Institution,Hoover Institution,≤100
9258148868,The New Yorker,These ads ran without a disclaimer,≤100
293225127381200,Patriot Depot,The Patriot Depot,≤100
313723095478950,Daily Citizen,Focus on the Family,≤100
2214875562101794,Andres for Mason,Andres for Supervisor,≤100
123233324372065,Center for Racial Justice in Education,CENTER FOR RACIAL JUSTICE,≤100
43426724597,Paper Culture,Paper Culture LLC,≤100
147126507164,ACTwireless,ACTwireless,≤100
168876449866088,The Years Project,THE YEARS PROJECT,≤100
723394465079640,The Lion,Stanley M. Herzog Charitable Foundation,≤100
1848805358783239,Asa Hutchinson,"ASA FOR AMERICA, INC.",≤100
311901101987,"The Seeing Eye, Inc.",SEEING EYE INC,≤100
103376804451432,Trending Politics,I Love My Freedom,≤100
98828483195,Safe Horizon,Safe Horizon,≤100
100478521938903,"Rozia ""J.R."" Henson",Henson For Virginia,≤100
314121315788033,Stand with Parkland,Stand With Parkland,≤100
102413723172970,Nick Adams,Nick Adams,≤100
380884168648080,Population Research Institute,POPULATION RESEARCH INSTITUTE,≤100
108834685331212,Russet Perry,Friends of Russet Perry,≤100
103126019311610,Jimmy Bierman for Supervisor,Jimmy Bierman for Supervisor,≤100
97544505459,Luther Seminary,These ads ran without a disclaimer,≤100
125120044171675,"City of Lancaster, CA – Government","LANCASTER, CITY OF",≤100
108408962542926,Magic 95.9 Baltimore,Urban1,≤100
122676417488797,Christopher Bae for NYC Council,Christopher Bae for NYC Council,≤100
302111635698,National Association of Tax Professionals (NATP),National Association of Tax Professionals,≤100
1553978148244954,Build With Strength,Build With Strength,≤100
100692068471118,Explain America,Apse Media LLC,≤100
115533195792,Reston Association,RESTON ASSOCIATION,≤100
113986481630469,Trending Patriots,I Love My Freedom,≤100
101224002310757,Seven Weeks Coffee,Seven Weeks Coffee,≤100
210357995667559,The National Memo,The National Memo,≤100
250392878345035,The Focused Pastor,Focus on the Family,≤100
105306835585083,WVCEH Fair Housing,WVCEH Fair Housing,≤100
102420431749179,Raging Americans,Tomer Barazani,≤100
1546952572205770,UAE USA United,The Embassy of the United Arab Emirates,≤100
1864721517082089,Democratic Attorneys General Association,DAGA PAC,≤100
18079407397,CPAC,American Conservative Union,≤100
104873005081197,Repro Legal Defense Fund,IF/WHEN/HOW,≤100
193091432290835,Link Logistics Real Estate,These ads ran without a disclaimer,≤100
1272534336242476,CFR Education,Council on Foreign Relations,≤100
227594571444676,Building New York's Best,Carpenter Contractor Alliance of Metropolitan New York,≤100
100768036281308,Right Our Story,Right Our Story,≤100
97466887664,Innocence Project,"INNOCENCE PROJECT, INC., THE",≤100
104483742449646,CenterClip,"CenterClip, Inc.",≤100
110316380149,Family Policy Alliance,Family Policy Alliance,≤100
113496178208014,Protecting Our Democracy,Protecting Our Democracy,≤100
97624620788,American Friends of Magen David Adom,AMERICAN FRIENDS OF MAGEN DAVID ADOM,≤100
100607179026941,Of Thee I Sing 1776,Harold Gershowitz,≤100
107077981585236,"Debt Elimination NOW, Neeley Law","Debt Elimination NOW, Neeley Law",≤100
183230542015806,J Street Baltimore,J STREET INC,≤100
111008411634430,Cleanpo,These ads ran without a disclaimer,≤100
1428283027462702,Restoration of America,RESTORATION PAC,≤100
114815495852638,Public Rights Project,PUBLIC RIGHTS PROJECT,≤100
102784439507886,"Burzichelli, Simmons, and Bailey for LD-3","Burzichelli, Simmons, and Bailey",≤100
78420171887,Sailors for the Sea,OCEANA INC,≤100
142474049098533,Robert Reich,Inequality Media Civic Action,≤100
103047259150209,What I Want to Know with Kevin P. Chavous,"Stride, Inc.",≤100
124506846628,Agape International Missions,AGAPE INTERNATIONAL MISSIONS,≤100
259212814698356,Democratic Majority for Israel,Democratic Majority for Israel,≤100
115262456592822,Christians Engaged,Christians Engaged,≤100
9324910069,NRSC,NRSC,≤100
168109446538119,St. Martin's Press,Macmillan Publishing,≤100
103001292766800,Kurt Kroemer for Congress,KROEMER FOR CONGRESS,≤100
7515233409,"Mikey Weinstein, MRFF",MILITARY RELIGIOUS FREEDOM FOUNDATION,≤100
125937197447634,ACTA - American Council of Trustees and Alumni,AMERICAN COUNCIL OF TRUSTEES AND ALUMNI,≤100
109521013225,Nikki Haley,Nikki Haley for President,≤100
107766235181961,The Nunn Report,The Nunn Report,≤100
105499769169508,Kenn Knarr for PWC Chair,Friends of Kenn Knarr,≤100
304842759546695,Brooklyn Institute for Social Research,Brooklyn Institute for Social Research,≤100
438987046299274,The First,"The First Digital, Inc",≤100
58736997707,Marco Rubio,Rubio Victory Committee,≤100
1534290989956166,Philanthropy Roundtable,"PHILANTHROPY ROUNDTABLE, THE",≤100
37266625280,Marc Molinaro,MARC FOR US,≤100
92729316952,Covanta,Covanta,≤100
201956993160690,MRCTV,MEDIA RESEARCH CENTER,≤100
71324717432,National Association of Scholars,NATIONAL ASSOCIATION OF SCHOLARS,≤100
896759427103774,Modern Medicaid Alliance,Modern Medicaid Alliance,≤100
384006901653736,The Moore Charitable Foundation,Moore Charitable Foundation,≤100
113603021571102,Jose for Sheriff,Committee to Elect Jose Quiroz Sheriff,≤100
139862256028052,BigIron Auctions,These ads ran without a disclaimer,≤100
6333396177,NewsBusters.org,MEDIA RESEARCH CENTER,≤100
1443127535947107,Save the Children Action Network,Save the Children Action Network,≤100
1914537155242810,Life: Powered,Texas Public Policy Foundation,≤100
141461112573139,Ullico Inc.,Ullico Inc.,≤100
1832888600167903,JD for Arlington,JD for Arlington,≤100
169668596476550,AFSCME en Español,AMERICAN FEDERATION OF STATE COUNTY & MUNICIPAL EMPLOYEES,≤100
106959920878115,The Well Done Foundation,"WELL DONE FOUNDATION, INC.",≤100
156496968533805,Explore Beyond,NCTA - The Internet & Television Association,≤100
279799525443906,HELPS Nonprofit,HELPS Nonprofit Law Firm,≤100
109215858085922,Exploring Hate,WNET,≤100
234744096655497,Alliance For Early Success,Alliance for Early Success,≤100
331661123551110,Leadership for Educational Equity,Leadership for Educational Equity,≤100
1946103095604765,Melinda Katz,Katz NYS,≤100
104913132492367,Maureen Coffey,Friends of Maureen Coffey,≤100
169042736456594,All Out,All Out Action Fund.,≤100
186977768011413,Ironworkers Rising,"International Association of Bridge, Structural, Ornamental, and Reinforcing Iron Workers",≤100
431019887282794,Tomorrow's World Today,Flying Cork,≤100
104377518078467,More Perfect Union,MORE PERFECT UNION FOUNDATION,≤100
1374906906166064,The Policy Circle,The Policy Circle,≤100
107953199261156,ifaw,"INTERNATIONAL FUND FOR ANIMAL WELFARE, INC.",≤100
702582586516561,CBN Israel,The Christian Broadcasting Network,≤100
30914589895,The International Fellowship of Christians and Jews,"INTERNATIONAL FELLOWSHIP OF CHRISTIANS & JEWS, INC.",≤100
194626061640,Republican Party of Orange County,Republican Party of Orange County,≤100
140155342671005,Sempervirens Fund,SEMPERVIRENS FUND,≤100
525697187442438,The Leukemia & Lymphoma Society - Advocacy,"LEUKEMIA & LYMPHOMA SOCIETY, INC., THE",≤100
235039782048,Array of Hope,ARRAY OF HOPE,≤100
164966660351345,Hope Outfitters,Hope Outfitters,≤100
105364682148003,Available To All,Available To All,≤100
100700519593180,"Buck Nasty Media. Sports, culture, politics, and the Nasty Truth",Robert Mattox,≤100
1141564586005238,Angry For Supervisor,Friends of Victor Angry,≤100
118385911198439,Trending Politics News,I Love My Freedom,≤100
114226275387369,republicEn,republicEn,≤100
21813808850,American Battlefield Trust,American Battlefield Trust,≤100
220538341415523,The Satanic Temple,The Satanic Temple,≤100
236312179825896,Republican Main Street Partnership,REPUBLICAN MAIN STREET PARTNERSHIP INC,≤100
1210731362318596,Senator Joe Pennacchio,Senator Joe Pennacchio,≤100
290851614930809,Combat AntiSemitism,Combat Hate Foundation,≤100
121940824138795,North Carolina Association of Health Plans,"North Carolina Association of Health Plans, Inc",≤100
613924535450605,Daniel L. Hatcher,Daniel Landon Hatcher,≤100
300341323465160,The Daily Signal,HERITAGE FOUNDATION (THE),≤100
511735792306612,Utility Dive,These ads ran without a disclaimer,≤100
143173285763,Tenth Amendment Center,Tenth Amendment Center,≤100
110026728309807,Strother for Virginia,Philip Strother,≤100
111653958450620,Lindsay French for KC,Lindsay French for KC,≤100
100434436077546,Discover Health,These ads ran without a disclaimer,≤100
143089732792,Marsha Blackburn,Blackburn Tennessee Victory Fund,≤100
106058025408954,Do No Harm Medicine,Do No Harm,≤100
101658452820749,Elect Deshundra,Deshundra Jefferson,≤100
103082819375063,For a Better Bayou,For a Better Bayou,≤100
27311599342,Preemptive Love,Preemptive Love Coalition,≤100
104092062075803,USA Jolt,"Jolt Media, Inc.",≤100
458643554482238,Uri Velez La Sra de los Seguros,Euridis Velez,≤100
101991652440936,Across Documentary,DIGITAL COAST MEDIA LLC,≤100
50513265848,Citizens United,Citizens United,≤100
123672977396042,Yellowstone TV Fans 2X,These ads ran without a disclaimer,≤100
393795797388359,FOUR PAWS,FOUR PAWS INTERNATIONAL INC,≤100
129278807814364,Women of Welcome,Women of Welcome,≤100
2188424341404612,Project Ready,Project Ready,≤100
107936991746783,A Common Sense America,Common Sense America Inc,≤100
1731084720451495,Saprea,The Younique Foundation,≤100
118626774835274,Medicare Made Clear,Medicare Made Clear from United Healthcare,≤100
130268756992804,Yale Climate Connections,Yale Climate Connections,≤100
268382283265857,ASH: Action on Smoking & Health,Action on Smoking & Health,≤100
102044622753692,American Potential Podcast,AMERICANS FOR PROSPERITY,≤100
76523801829,the Christian Century,CHRISTIAN CENTURY,≤100
123624513983,The Western Journal,The Western Journal,≤100
2070944712939738,American Police Officers Alliance,American Police Officers Alliance,≤100
300476911222,Middlesex County Democratic Organization,Scott for Sheriff and Middlesex Dems 2022,≤100
1438619973099234,Riley Moore,Moore for West Virginia,≤100
138290759549138,Hope Clinic,Hope Clinic for Women,≤100
90022052772,Williams,"WILLIAMS COMPANIES, INC., THE",≤100
499379343409991,Impact Fund,"IMPACT FUND, THE",≤100
110442961603215,Yikes Today,Tomer Barazani,≤100
119171994411266,Center for the Environment and Welfare,Center for Environment and Welfare,≤100
47393489592,Jew in the City,Jew in the City an NJ nonprofit,≤100
176099663659,Armed Services YMCA,ARMED SERVICES YMCA OF THE USA,≤100
109729861699329,Speak4,Speak4,≤100
148205145252473,Backcountry Hunters & Anglers,Backcountry Hunters & Anglers,≤100
102993012523555,Reparations United,Reparations United,≤100
8306841401,Creigh Deeds,Senator R. Creigh Deeds,≤100
219205398922475,Deanna Singh,These ads ran without a disclaimer,≤100
376250065793807,Citizens for Responsible Energy Solutions,CITIZENS FOR RESPONSIBLE ENERGY SOLUTIONS INC,≤100
108571668633498,Always Motivation,These ads ran without a disclaimer,≤100
43527081680,Appalachian Mountain Club,Appalachian Mountain Club,≤100
443056709080055,ReturnToOrder.org,"American Society for the Defense of Tradition, Family and Property",≤100
165566613453452,ERLC,ETHICS AND RELIGIOUS LIBERTY COMMISSION OF THE SOUTHERN BAPTIST,≤100
103530021364583,Carolina Forward,North Carolina Forward,≤100
117132003409216,Andria McClellan,McClellan for VA Senate,≤100
671413332977763,Congressman Alex Mooney,Office of Congressman Alex Mooney,≤100
207985279219826,AARP Rhode Island,AARP,≤100
2327301180622480,Voices for Non-Opioid Choices,Voices for Non-Opioid Choices,≤100
1505244559517282,Colin Allred,COLIN ALLRED FOR SENATE,≤100
2361139837508625,Animal Victory,"One Red Lion, Inc DBA Animal Victory",≤100
102221165021408,Law Forward,"Law Forward, Inc.",≤100
271453369908901,FLAG  - Foundation for Liberty and American Greatness,Tomer Barazani,≤100
162069790604,AARP Arizona,AARP,≤100
85945492130,EnergyBoom,Energy Boom,≤100
106582384539447,Design for Freedom by Grace Farms,"GRACE FARMS FOUNDATION, INC.",≤100
30954968553,Smithsonian’s National Museum of the American Indian,National Museum of the American Indian,≤100
118502801658228,Young Kim,Young Kim for Congress,≤100
104472439287981,Troy Hebert for State Representative District 31,Friends of Troy Hebert,≤100
112529331739946,Validifi,These ads ran without a disclaimer,≤100
603230363139284,Anthony Bompiani,These ads ran without a disclaimer,≤100
14084625156,Susan G. Komen,Susan G. Komen,≤100
101791315693,Destiny Rescue,"Destiny Rescue International, Inc.",≤100
1425435377743310,Conversations with Bill Kristol,FOUNDATION FOR CONSTITUTI,≤100
83865976093,Truthout,TRUTHOUT,≤100
153278754738777,Climate Reality,The Climate Reality Project,≤100
262536810935097,Housing Is A Human Right,AIDS HEALTHCARE FOUNDATION,≤100
38234604057,PEN America,PEN AMERICAN CENTER INC,≤100
174793662656828,Colorado Peak Politics,Peak Politics LLC,≤100
195100614324426,The Freedom Initiative,The Freedom Initiative,≤100
700941689954518,Defend Our Future,Defend Our Future,≤100
48530203934,The American Alpine Club,"AMERICAN ALPINE CLUB, THE",≤100
104762875575526,Final Expense Authority,Final Expense Authority LLC,≤100
929799807078079,CITIZENARTS,CITIZENARTS EDUCATION COMPANY,≤100
111464544881905,America First News,Tomer Barazani,≤100
223608490170,The Ruth Institute,The Ruth Institute,≤100
880743112015199,Community Progress Council,COMMUNITY PROGRESS COUNCIL INC,≤100
36085812354,Rainforest Foundation US,"Rainforest Foundation, Inc.",≤100
102982659268640,Heart & Health,Partner for Heart & Health,≤100
747783932079184,Jared Golden for Congress,COMMITTEE TO ELECT JARED GOLDEN,≤100
659878157406228,America's Warrior Partnership,America's Warrior Partnership,≤100
214061167976,El Tiempo Latino,Center for Community Change Action,≤100
117592091643709,Tree of Life Ministries｜Evangelism in Israel,Tree of Life Ministries,≤100
100158948453494,Lars for President,LARS MAPSTEAD FOR PRESIDENT,≤100
100284648021034,New Tolerance Campaign,New Tolerance Campaign,≤100
105549351284853,Ideaspace: U.S. Immigration Policy,"Ideaspace Project, Inc.",≤100
114982931437267,John Gomes for Mayor,JOHN GOMES FOR MAYOR,≤100
107308698272177,Gas Leaks Action,Gas Leaks Action,≤100
341163402640457,NowThis,"VOX MEDIA, INC.",≤100
117178991272653,Melinda Bourgeois,Melinda Bourgeois,≤100
336080733106545,Moving Traditions,MOVING TRADITIONS,≤100
123857614319417,Texas Nationalist Movement,Texas Nationalist Movement,≤100
122269174199638,USA Journal News,USA Features Media LLC,≤100
181924628560212,Ekō,Ekō,≤100
147799585824838,Ballot PA,COMMITTEE OF SEVENTY,≤100
692143357580562,64 Parishes,Louisiana Endowment for the Humanities,≤100
102392018062460,Delegate A.C. Cordoza,FRIENDS OF AC CORDOZA,≤100
131664893560695,Origins OSU,Origins: Current Events in Historical Perspective,≤100
100652402259075,The Intersect,Accelerate Change Inc,≤100
322945079029,Glory Church International,GLORY CHURCH INTERNATIONAL,≤100
104099512361482,Funnies Now - Magazine,These ads ran without a disclaimer,≤100
497719423723034,Planned Parenthood California Central Coast,Planned Parenthood California Central Coast,≤100
110170005258857,Klicked Digital,DeDonato Enterprises,≤100
108310235885897,Haymarket Books,"CENTER FOR ECONOMIC RESEARCH AND SOCIAL CHANGE, INC. THE",≤100
661744180680367,National Police Association,"NATIONAL POLICE ASSOCIATION, INC.",≤100
125845052150716,Monica De La Cruz,Monica For Congress,≤100
403737406341879,National Women's Health Network,NATIONAL WOMENS HEALTH NETWORK,≤100
104681138248125,Tiny Revival Clothing Co.,Tiny Revival Clothing Co.,≤100
192738164073627,A Better Balance,A Better Balance,≤100
94384779212,Yale University Press,These ads ran without a disclaimer,≤100
104541471632475,Evvy,These ads ran without a disclaimer,≤100
143063095713907,Hep,"CDM PUBLISHING, LLC",≤100
84177291169,"Dairy Farmers of America, Inc.",DAIRY FARMERS OF AMERICA INC,≤100
108731490859583,America's Work Force Union Podcast,"Bortini Management Associates, Inc.",≤100
897994503631860,HealthInsurance.net,ASSURANCE IQ INC,≤100
225422650854192,Election Systems & Software,Election Systems & Software,≤100
82223469060,ACN - Aid to the Church in Need,"AID TO THE CHURCH IN NEED, INC.",≤100
383712021656990,TeachingAmericanHistory.org,TEACHING AMERICAN HISTORY,≤100
106862204671108,The Deplorable Americans,Justin Gustafson,≤100
115851611042,The Max Foundation,THE MAX FOUNDATION,≤100
1658498144427540,Redeemer Church of South Hills,Redeemer Church of South HIlls,≤100
164771506031,Claremont Institute,"CLAREMONT INSTITUTE FOR THE STUDY OF STATESMANSHIP AND POLITICAL  PHILOSPHY, THE",≤100
158689780839317,vegan,vegan,≤100
268868046463126,Beacon Center of Tennessee,BEACON CENTER OF TENNESSEE,≤100
107647258831836,Weregreenly- Magazine Page 3,These ads ran without a disclaimer,≤100
9694956217,Animal Legal Defense Fund,ANIMAL LEGAL DEFENSE FUND,≤100
393932827634250,Dissent Pins,Common Practice,≤100
108448004014806,Tim Anderson For Virginia,Friends of Tim Anderson,≤100
254943996005,Catholic Answers,"CATHOLIC ANSWERS, INC.",≤100
103546351703577,Dallas Express,Dallas Express Media,≤100
291102898490822,Conservative Comedy Store,Conservative Comedy Store,≤100
103629075847121,DIA,DIA LLC,≤100
65538457518,The Village Square,TO THE VILLAGE SQUARE INC,≤100
203805062990264,Ben Shapiro,Daily Wire,≤100
113341457791145,Voices for Healthy Green Spaces,Voices for Healthy Green Spaces,≤100
837305209648863,Rambling Ronnie,Rambling Ronnie,≤100
13867925345,Equality Florida,Equality Florida,≤100
993294760683044,Education Reform Now,EDUCATION REFORM NOW ADVOCACY INC,≤100
120479957688167,"Corrado, DePhillips & Barlas for LD40",Corrado DePhillips Barlas for LD40,≤100
399060493533519,The Justice Foundation,JUSTICE FOUNDATION,≤100
110559892030960,An Army of Normal Folks,An Army of Normal Folks,≤100
203156483151292,PassionLife,PassionLife Ministries,≤100
104605160959720,Leda Health,Leda Health Corporation,≤100
116983848450009,Discovery Institute,DISCOVERY INSTITUTE,≤100
20603236087,Love146,"LOVE146, INC.",≤100
111044621745187,Liberty News,Michael Scott Hughes,≤100
371167644067,Public Welfare Foundation,Public Welfare Foundation,≤100
317371771995065,AARP Arizona Hispanic Connection,AARP,≤100
882431925290123,BookBaby Bookshop,"DIY Media Group, Inc. dba BookBaby",≤100
303374266418976,AFPM,American Fuel & Petrochemical Manufacturers,≤100
127668823933246,The NewDEAL,NEWDEAL,≤100
105735397284,United States Conference of Catholic Bishops,UNITED STATES CONFERENCE OF CATHOLIC BISHOPS,≤100
215479992305641,Becoming Young,Becoming Young,≤100
110227115336586,Jack DeGroot For Sussex County Commissioner,Jack DeGroot For Commissioner,≤100
1620937204819048,Wildlife Trafficking Alliance,American Association of Zoological Parks & Aquariums,≤100
108379888448176,Crispin4KC,Committee to Elect Crispin Rea,≤100
494259170754224,Keeping IDentities Safe,KEEPING IDENTITIES SAFE,≤100
249247419293008,Braxton Mitchell,Tomer Barazani,≤100
97161645884,TASH,TASH,≤100
81839392622,American Century Investments,AMERICAN CENTURY SERVICES CORPORATION,≤100
260713150211,Protect Our Winters,Protect Our Winters,≤100
109284291894484,American News Stories,Michael Scott Hughes,≤100
100416560012896,Friends of the Everglades,FRIENDS OF THE EVERGLADES INC,≤100
104981939210693,Clayton Keirns,I Love My Freedom,≤100
1449073545419430,The Lone Liberal Republican,Arthur Winter,≤100
1977738355807406,Sharice For Congress,SHARICE FOR CONGRESS,≤100
487569614682924,CAPP USA,Yellow Line Productions LLC,≤100
101350839190816,Macro Conservative,Macro Conservative,≤100
102712325850529,Libratum Press,Libratum Press LLC,≤100
163662804426854,Life Advancement Group,Life Advancement Group,≤100
127172090298842,Greg Baka for Supervisor,Greg Baka For Supervisor,≤100
202843900735,1199SEIU Massachusetts,1199SEIU Massachusetts Political Action Fund,≤100
107414074990650,Defense of Freedom Institute,"Defense of Freedom Institute for Policy Studies, Inc.",≤100
186666348590362,Collin County Votes,Collin County Business Alliance,≤100
114833761835,Dan Patrick,Texans For Dan Patrick,≤100
2007361039550045,"Center for Free, Fair, and Accountable Democracy","CENTER FOR FREE, FAIR, AND ACCOUNTABLE DEMOCRACY, INC.",≤100
518194348194441,RepresentUs,RepresentUs,≤100
1038112106230748,Henk Rogers,Blue Planet Alliance Corporation,≤100
163662804426854,Life Advancement Group,Nathan Montgomery Berning,≤100
1729198467311786,G.A. Matiasz,62 Mile Press,≤100
230053303681902,Americans for Prosperity Arizona,AMERICANS FOR PROSPERITY,≤100
2023114331282570,Florida Daily,Florida Daily,≤100
839158786226886,Two Party Opera,Brian Thomas Carroll,≤100
316955281351,APWU - The American Postal Workers Union,AMERICAN POSTAL WORKERS UNION,≤100
101270969436934,Voguare,Voguare,≤100
105169114225957,Coalition for Responsible Exit,Coalition for Responsible Exit,≤100
128103650601995,The Conservative Caucus,The Conservative Caucus,≤100
346612865750115,Korea Defense Veterans Association,Korea Defense Veterans Association,≤100
117819650905617,Red Wave News,Tomer Barazani,≤100
1444820465547227,Rank the Vote,Rank the Vote,≤100
101500922490329,Studio 3,Jamie Moshe Straz,≤100
638342206179066,Isometric Studio,ISOMETRICSTUDIO COM,≤100
121185869582531,Soberlink,These ads ran without a disclaimer,≤100
406581453407625,Advance Minnesota Issue Advocacy,Advance Minnesota Issue Advocacy,≤100
102892555702493,Barack Obama Green Charter Schools,These ads ran without a disclaimer,≤100
172014010476,ACLU of Delaware,"AMERICAN CIVIL LIBERTIES UNION OF DELAWARE, INC.",≤100
29727753421,New Jersey Education Association,NEW JERSEY EDUCATION ASSOCIATION,≤100
110010433804232,Standing For Freedom Center,Standing for Freedom Center,≤100
87377228013,Side with Love,UNITARIAN UNIVERSALIST ASSOCIATION,≤100
103257956511353,Community Foundation for Loudoun and Northern Fauquier Counties,COMMUNITY FOUNDATION FOR LOUDOUN AND NORTHERN FAUQUIER COUNTIES,≤100
553269484686930,Bautista for Commissioner,Bautista for Commissioner,≤100
165734163437699,"Little, Brown and Company","Hachette Book Group, Inc.",≤100
117105788056017,Club30 Podcast,These ads ran without a disclaimer,≤100
101080822634195,Fix It Films,Fix It Healthcare,≤100
105001265921741,Brad Pollack,Brad Pollack For Senate,≤100
108662425498649,Michael McCormick,Michael Robert Mccormick,≤100
601678723294742,The Bill Walton Show,Resolute Protector Foundation,≤100
108524217539937,Lumen Technologies,Lumen Technologies,≤100
112270158446625,Smart Guide,These ads ran without a disclaimer,≤100
109366181861530,President Trump is My Wingman,Michael Scott Hughes,≤100
327853590558653,"Agri-Pulse Communications, Inc.","AGRI-PULSE COMMUNICATIONS, INC.",≤100
100823275891880,Hippen for Virginia House of Delegates District 96,Susan Hippen for Virginia Beach,≤100
291391758252756,Wyoming Coalition for a Healthy Retirement,NATIONAL PUBLIC PENSION COALITION,≤100
103498649279342,narnoc91,These ads ran without a disclaimer,≤100
105791402802932,Democratic Party of Georgia,GEORGIA FEDERAL ELECTIONS COMMITTEE,≤100
138492335404,Scott Walker,FORWARD USA FEDERAL POLITICAL ACTION COMMITTEE,≤100
140338009367872,Options United,Options United,≤100
156216012165,Shenandoah University,These ads ran without a disclaimer,≤100
17382403969,"The Lesbian, Gay, Bisexual & Transgender Community Center",LESBIAN & GAY COMMUNITY SERVICES CENTER INC.,≤100
208551063368,Dominican Friars of the Province of Saint Joseph,DOMINICAN FOUNDATION,≤100
109200595768753,The Christian Left,The Christian Left,≤100
116089224793126,Policyfetch  Short Term Medical Insurance,QUANTUM DIGITAL MEDIA INC,≤100
698400060189827,Dan Sullivan,Alaskans for Sullivan,≤100
206226362732803,Inspire Clean Energy,"Inspire Energy Holdings, LLC",≤100
107214875027152,The First Step,MERIDIAN HILL PICTURES LLC,≤100
401240226922554,VoLo Foundation,VoLo Foundation,≤100
101698126066796,Bullide Solutions,These ads ran without a disclaimer,≤100
55549065733,Voto Latino,VOTO LATINO INC.,≤100
101422986006149,Dyme.Earth,Dyme Digital Inc,≤100
223649167822693,Vox,"VOX MEDIA, INC.",≤100
101880614727765,Alcohol Free Lifestyle,These ads ran without a disclaimer,≤100
217187838327836,The Story Exchange,The Story Exchange Foundation,≤100
100484735718366,The Coalition for Carolina,Coalition for Carolina,≤100
106124975682358,Jimmy Fondren for Mississippi House District 111,Committee To Elect Jimmy Fondren,≤100
2168484930102843,EJ Moonshot,EJ Creations LLC,≤100
100198782057099,Bliaspora,Bliaspora LLC,≤100
203583423017526,National Immigration Law Center,National Immigration Law Center,≤100
16317479654,Deseret News,Deseret News,≤100
145452432841937,Candi CdeBaca,Candi for Council,≤100
299016790922,Bobby Eberle,Bobby Eberle,≤100
100806242836871,Preservation Pause,University of Arizona Indigenous Peoples Law and Policy Program,≤100
300748678230,Tennessee Department of Economic and Community Development,Tennessee Department of Economic and Community Development,≤100
203294399456,Public Interest Registry,Public Interest Registry,≤100
102230249080409,Freedom First,Jennifer Ann Robertson,≤100
307375481705,AARP Maine,AARP,≤100
710460605705480,Dugit Outreach Center,Dugit Messianic Outreach Center,≤100
711909245654048,National Police Support Fund,National Police Support Fund,≤100
100374392742057,Weregreenly- Magazine,These ads ran without a disclaimer,≤100
354377577952993,SEIU Local 105,SERVICE EMPLOYEES INTERNATIONAL UNION LOCAL 105,≤100
103454371495257,Mood Spike,These ads ran without a disclaimer,≤100
121893174244176,amharicos_the_chronicler,These ads ran without a disclaimer,≤100
101377889168483,Gumbo Limbo Coastal Stewards,"Gumbo Limbo Coastal Stewards, Inc.",≤100
64468870451,Premiere Speakers Bureau,Premiere Speakers Bureau,≤100
104891932503484,Congressman Nick LaLota,Congressman Nick LaLota,≤100
100617036135739,Illinois Answers Project,BETTER GOVERNMENT ASSOCIATION,≤100
182574111780105,California Bicycle Coalition,California Bicycle Coalition,≤100
1499191057075106,Chronic Disease Coalition,Chronic Disease Coalition,≤100
58043814556,Oklahoma City Memorial Marathon,Oklahoma City Memorial Marathon,≤100
105599502191866,Florida Jolt,"Jolt Media, Inc.",≤100
137082736338357,1canoe2,These ads ran without a disclaimer,≤100
10606591490,TIME,TIME USA LLC,≤100
114030054949460,Al Barlas for Assembly,Barlas Election Fund,≤100
122417236309,Children's Home Society of Virginia,Children's Home Society of Virginia,≤100
100228622482962,Tracie M. Shelby for Judge 162nd Civil District Court,Tracie Shelby for Judge,≤100
110624247393153,Republican Ads,"Republican Ads, LLC",≤100
101112436344488,Kevin O'Neill for City Council,Kevin O'Neill for City Council,≤100
143981748956175,Rural Assembly,Rural Assembly,≤100
101242238726088,Power for Tomorrow,Power for Tomorrow,≤100
120798810959571,Elect Jake Sullivan For Sheriff,Jake Sullivan For Sheriff,≤100
1226854550711523,Get Biofuel,Get Biofuel,≤100
112330933631,YWCA Delaware,YWCA  DELAWARE,≤100
186225971389257,Keeping the Kansas Promise,NATIONAL PUBLIC PENSION COALITION,≤100
112071038480355,Real News Now,Real News Now,≤100
121617302428,Rhône Valley Vineyards,These ads ran without a disclaimer,≤100
104856814505092,The Kids Guide,The Kids Guide,≤100
27544763621,Prison Fellowship,Prison Fellowship,≤100
449532451834913,Fishers Finery,Fishers Finery,≤100
685932521559148,Representative Frank Burns,Committee to Re-Elect Representative Frank Burns,≤100
104834210883,The Story of Stuff Project,The Story of Stuff Project,≤100
104014811573804,Secretaría de Salvadoreños en el Exterior Nuevas Ideas,123 Digital LLC,≤100
101769576791,Health Action Network,Health Action Network,≤100
170126260000702,Western Journal US News,The Western Journal,≤100
109475211795252,Freedom From The Press,Michael Scott Hughes,≤100
128288676833,Rocky Mountain Elk Foundation,"ROCKY MOUNTAIN ELK FOUNDATION, INC.",≤100
105574258387595,We the Veterans,We the Veterans Foundation,≤100
108131805539170,Dr. David Ciampi for Mayor,Friends to Elect David F Ciampi,≤100
126123797581431,IJC - International Joint Commission,International Joint Commission,≤100
110094158160834,The American Tribune,Michael Scott Hughes,≤100
102347545807982,Lic. Ricardo Ortiz,These ads ran without a disclaimer,≤100
369803630075739,Phillips 66 Aviation,These ads ran without a disclaimer,≤100
105334892381660,AmericanTowns Politics,AMERICAN TOWNS,≤100
51535604750,Maine Center for Economic Policy,MAINE CENTER FOR ECONOMIC POLICY,≤100
5878048748,GlobalGiving,"GLOBALGIVING FOUNDATION, INC.",≤100
7035457015,Brave New Films,BRAVE NEW FOUNDATION 501(C)(3),≤100
111499465080080,John Tillman,John Tillman,≤100
106834545428519,Matt Wiltshire for Mayor,Matt for Mayor,≤100
653918824803452,WCS Newsroom,Wildlife Conservation Society,≤100
102058879152281,Democratic Messaging Project,Democratic Messaging Project,≤100
126855128568,FEBC (Far East Broadcasting Company),"FAR EAST BROADCASTING COMPANY, INC.",≤100
163302087408673,Stop The Donald,Stop the Donald,≤100
116981568944452,Knowledge Bucket,These ads ran without a disclaimer,≤100
113916574964684,Phil Robison for Terrell City Council - District 5,Phil Robison for Terrell City Council - District 5,≤100
273546779885377,The Gallant Pelham,"delupton, LLC",≤100
101581329115492,Freedom Street,Michael Scott Hughes,≤100
101466816025710,Renew Healthcare,Quantum Digital Media Inc.,≤100
110624565660992,ZOE International,ZOE International,≤100
102596355656379,Red Wave News Updates,Michael Scott Hughes,≤100
513695272011123,The Genesis Prize,GPF NA LLC,≤100
482869205100278,Neema Project,Neema Project,≤100
102421369434228,Goose's News Daily,Justin Gustafson,≤100
107269094226611,Maryland Education Network,John Edward Huber,≤100
428173550596440,Rep. Ritchie Torres,Office of Congressman Ritchie Torres,≤100
103277109172874,The Original Lou's News,Michael Scott Hughes,≤100
530565677106156,Elect Maurice Brown,Friends of Mo Brown,≤100
644308565682800,Tanya Acker,Tanya Marie Acker,≤100
103481651030324,Great Lakes. Michigan Jobs.,Great Lakes. Michigan Jobs.,≤100
1448985902033866,Trans Lifeline,Trans Lifeline,≤100
115629791509819,Stateline,States Newsroom,≤100
112912573793125,Rise Up for Justice,Avrom L Altman,≤100
107561768934163,Vote Yes on Libraries Ballot Initiative Committee,"Vote Yes for Libraries"" Ballot Initiative Committee",≤100
1755541921395566,The Million Roses,These ads ran without a disclaimer,≤100
103592378623592,Truth Over Tribe,Truth Over Tribe,≤100
111132794348779,That Happened,These ads ran without a disclaimer,≤100
287939431886940,Mo Nehad For Fort Bend County Sheriff,M. Nehad Campaign,≤100
225879060980,Habitat for Horses,HABITAT FOR HORSES INC,≤100
114367411255959,Families for Irving PAC,FAMILIES FOR IRVING,≤100
117852011575387,Unitarian Universalist Fellowship of Winston-Salem,UNITARIAN UNIVERSALIST FELLOWSHIP,≤100
710949916002636,Standish Democratic Town Committee,Standish Democratic Town Committee,≤100
14893370225,Sustainable Harvest International,SUSTAINABLE HARVEST INTERNATIONAL,≤100
110421395321203,Soy_Feliz_Pq_Papá_Dios_100pre_esta_Conmigo,These ads ran without a disclaimer,≤100
1411009572242964,Christopher Marte,MARTE 2021,≤100
65620964119,Salt Lake County Democratic Party,Salt Lake County Democratic Party,≤100
100669759529540,Resist 46,Resist 46,≤100
109807943719796,Nothing Is Going To Get Better,Nothing Is Going To Get Better,≤100
107409909326665,Stephen Wise Free Synagogue,"WISE, STEPHEN FREE SYNAGOGUE",≤100
1883837055193241,Shield Republic,Shield Republic,≤100
575685225797449,St. Cloud Granite City Days,These ads ran without a disclaimer,≤100
43819229306,Minocqua Brewing Company,MINOCQUA BREWING COMPANY LLC,≤100
110700067011185,No Dem Left Behind PAC,NO DEM LEFT BEHIND PAC,≤100
241560575961951,José Luis Solache,Friends of Solache for Assembly 2024,≤100
216052228433696,Arcus Foundation LGBTQ Social Justice,ARCUS FOUNDATION,≤100
133764907211570,Concerned Citizen,Concerned Citizen,≤100
104916968538177,TIS 이주공사,TIS VISA CORPORATION,≤100
1374400672805665,105.7 The Bull - Augusta's New Country Leader,These ads ran without a disclaimer,≤100
482148685166110,Retirement Housing Foundation,Retirement Housing Foundation,≤100
112345611796763,Donald Trump Voters,I Love My Freedom,≤100
117452054673632,David Fiske for Dranesville Supervisor,David Fiske for Supervisor,≤100
114986274844011,Lee Peters for Delegate,Friends of Lee Peters III,≤100
114513494875415,America's Freedom Page,USA Features Media LLC,≤100
104660195062596,Gen Z Conservative,Michael Scott Hughes,≤100
163273590367943,Elton John AIDS Foundation,These ads ran without a disclaimer,≤100
116289085099210,CASA of The Eastern Panhandle,These ads ran without a disclaimer,≤100
69051454832,Orthodox Christian Laity,ORTHODOX CHRISTIAN LAITY,≤100
616079045236845,tallyED,tallyED.com,≤100
2079490818836627,Emily Larson for Duluth Mayor,Emily Larson for Duluth Mayor,≤100
106159299124846,Dirk Guidry for Parish President,Dirk Guidry for Parish President,≤100
105239511089757,Inmigrantes al Día,Inmigrantes al Dia,≤100
35677414105,National Kidney Foundation,NATIONAL KIDNEY FOUNDATION INC,≤100
127691390582,PHI,"PARAPROFESSIONAL HEALTHCARE INSTITUTE, INC.",≤100
113918325306109,Dallas Holocaust and Human Rights Museum,DALLAS HOLOCAUST AND HUMAN RIGHTS MUSEUM,≤100
107645227592678,To Which We Belong,Mystic Artists,≤100
1643338845983370,Mike Yin,Committee to Elect Mike Yin,≤100
116606411350211,Jeanette Martinez for Fort Worth City Council District 11,Jeanette For Fort Worth,≤100
103433804692809,Law Offices of James S. Hong & Associates,Law Offices of James S. Hong,≤100
2259323457517498,Abolish the Electoral College,Abolish the Electoral College,≤100
200990963441531,Boredom Therapy,These ads ran without a disclaimer,≤100
183770835017050,The Nature Conservancy in Delaware,NATURE CONSERVANCY,≤100
1605295603062909,Hot Seat for Judges,Terri Lynn Day,≤100
278052172260101,ZERO TO THREE,ZERO TO THREE,≤100
424443217623488,Clarion Project,"CLARION PROJECT, INC.",≤100
1545775885684426,Jason Miyares,Miyares for Virginia,≤100
1590877284560136,Patti Harris,Bloomberg Philanthropies,≤100
112420651829327,DeSantis 2024 Quotes Shirt - Make America Florida,world beater brands llc,≤100
105348224679358,The Don't Unfriend Me Show,DONT UNFRIEND ME,≤100
112864228133921,Funnies Now - Stories,These ads ran without a disclaimer,≤100
33110852384,Doctors Without Borders/Médecins Sans Frontières (MSF),These ads ran without a disclaimer,≤100
285896596755,Fight the New Drug,FIGHT THE NEW DRUG INC,≤100
100607179026941,Of Thee I Sing 1776,Of Thee I Sing 1776,≤100
102356589314098,Political Comms,Political Comms LLC,≤100
100637631678746,Conservative News Daily,Conservative News Daily,≤100
108293898875429,President Trump Supporters,I Love My Freedom,≤100
349528025129958,"Brevard County Sheriff's Office, Florida (Official)",Robert Wayne Ivey,≤100
268672113155656,The Expectations Project,THE EXPECTATIONS PROJECT INC,≤100
621668134518008,Global March for Elephants and Rhinos,"Global March for Elephants and Rhinos, Inc.",≤100
480278498670815,Danimer Scientific,Danimer Scientific,≤100
657142061016056,CAMERA on Campus,CAMERA,≤100
109673787962895,We Love This,These ads ran without a disclaimer,≤100
615628355607126,Creative Society,Olga Simakova Schmidt,≤100
513785465632396,Airline Passengers for Justice,Airline Passengers for Justice,≤100
222539451627775,The Graceful Goose,The Graceful Goose,≤100
109504242401933,Morgan Griffith for Congress,MORGAN GRIFFITH FOR CONGRESS,≤100
102307696089436,Every Woman is Worthy,"Every Woman is Worthy, LLC",≤100
1399736660066130,Jews for a Secular Democracy,SOCIETY FOR HUMANISTIC JUDAISM,≤100
488740674837681,198 Methods,198 methods,≤100
64974200999,America-Israel Friendship League,AMERICA-ISRAEL FRIENDSHIP LEAGUE,≤100
284579312463,CHAMPION SADDLERY,These ads ran without a disclaimer,≤100
112077024899370,Comics Stadium,These ads ran without a disclaimer,≤100
239658882763974,Poverty USA by CCHD,UNITED STATES CONFERENCE OF CATHOLIC BISHOPS,≤100
100652402259075,The Intersect,These ads ran without a disclaimer,≤100
205238189588054,"Race, Racism and the Law",Professor Vernellia Randall,≤100
1677111425839949,American Promise,"AMERICAN PROMISE, INC.",≤100
105336568641503,Erika for Loudoun,Erika for Loudoun,≤100
78252502913,Jhpiego,Jhpiego,≤100
198119286865213,Austin Interfaith,AUSTIN INTERFAITH,≤100
177164035838,Congressman Gerry Connolly,Office of Rep. Gerry Connolly,≤100
124383441363,Connecticut Education Association (CEA),CONNECTICUT EDUCATION ASSOCIATION,≤100
104521238896557,June Marie Paintings,June-Marie Paintings,≤100
411639122944044,Heather Mitchell for Treasurer,Friends of Heather Mitchell,≤100
320823520454,Enough Is Enough,Enough is Enough,≤100
1862239787324309,Clean Grid Alliance,Clean Grid Alliance,≤100
1666922183524165,ReThink Energy NJ,ReThink Energy NJ,≤100
111623784847819,samal.live,These ads ran without a disclaimer,≤100
116633631028959,Rob Sebastiano Social Democrat,Robert A Sebastiano,≤100
461530314600399,Common Sense American Politics,Common Sense American Politics,≤100
70795936969,Children International,CHILDREN INTERNATIONAL,≤100
102551828445727,"Preston Leonard, Author",These ads ran without a disclaimer,≤100
100486698765192,Money & Investing,These ads ran without a disclaimer,≤100
107716217248729,The Colour of Beautiful,URBAN POETIK MINISTRIES CORPORATION,≤100
111874252221578,Network for Responsible Public Policy,Network for Responsible Public Policy,≤100
113076673663317,Key Biscayne Independent,Miami Fourth Estate Inc,≤100
107031551357,Appleseed Network,Appleseed Foundation,≤100
100404275591709,Putnam Culture Fest,These ads ran without a disclaimer,≤100
984421991732710,Paycheckology,Paycheckology,≤100
26081741101,WTA,These ads ran without a disclaimer,≤100
126815818975,Global Fund for Children,GLOBAL FUND FOR CHILDREN (THE),≤100
110525900854803,Stenonymous,Christopher Michael Day,≤100
249467225254927,The Love > hate Project,LOVE GREATER THAN HATE PROJECT,≤100
275947565591,"Woods and Woods, LLC, The Veteran's Firm","Woods & Woods, LLC",≤100
20239752285,The American Prospect,"The American Prospect, Inc.",≤100
114019869974920,John Harabedian,John Harabedian for Senate 2024,≤100
10803722213,Common Cause,COMMON CAUSE,≤100
104513414894425,Shanae Williams for Westchester County Legislator,SHANAE FOR THE PEOPLE,≤100
117002277093851,Celeb Insider,These ads ran without a disclaimer,≤100
683095228488145,Scott McKnight,The Scott McKnight Campaign,≤100
101931635812737,Reform Congress,Reform Congress,≤100
586923928036132,"CIPS, Inc.",CHRISTIANS IN PUBLIC SERVICE,≤100
2436403486378786,Tim Temple,Tim Temple Campaign,≤100
452797224923658,The Democratic Coalition,THE DEMOCRATIC COALITION,≤100
34631809525,PP Pennsylvania Advocates,Planned Parenthood Pennsylvania Advocates,≤100
110702331722369,Bountiful Patriot,Bountiful Patriot,≤100
107548752152445,HeraldWeekly Portuguese,These ads ran without a disclaimer,≤100
1013454855413378,Arena Mail + Digital,Arenawins,≤100
1571401929773000,North County  Climate Change Alliance,North County Climate Change Alliance,≤100
1804156426550062,Tim Kennedy for Senate,KENNEDY FOR SENATE,≤100
111347524930561,se7enevans,These ads ran without a disclaimer,≤100
2338482686438142,Friends of SMART,Friends of SMART,≤100
155114994511979,"County of Union, New Jersey",County of Union,≤100
165674110118949,Clearing out the Clutter,Colin David Moore,≤100
129353084077944,Maebe A. Girl,MAEBE A. GIRL FOR CONGRESS,≤100
116854551367023,Hennessy Funds,These ads ran without a disclaimer,≤100
1792966030729641,"Wild Project - Leadership, Organizing, & Action",Wisconsin Leadership Development Project,≤100
103747761393271,Lootpress,Lootpress,≤100
103338614839717,Peter S. Wenz,Peter S. Wenz,≤100
811900825495982,Niskanen Center,The Niskanen Center,≤100
116327368379558,Jackson County Democrats,"Jackson County Democratic Committee, John Comstock, Treasurer",≤100
183989338318281,The American Legion National Headquarters,These ads ran without a disclaimer,≤100
773432316041673,Calvary South Austin,Calvary South Austin,≤100
240541500603,Lone Star Project,Lone Star Project Nonfederal,≤100
338218229911752,Integrity First PAC,INTEGRITY FIRST PAC,≤100
110162251288958,Rob Kovic for Assembly,Rob Kovic for Assembly,≤100
339432396135584,The Exodus Road,The Exodus Road,≤100
124451551318,Rose Community Foundation,ROSE COMMUNITY FOUNDATION,≤100
287419001041,National Black Book Festival,CUSHCITY.COM INC,≤100
127765605534,ASAPtickets,These ads ran without a disclaimer,≤100
122034524157468,aigurlzofmj,These ads ran without a disclaimer,≤100
102286035642350,Patriots for USA,USA Features Media LLC,≤100
142932506806,Texas Alliance for Life,"Texas Alliance for Life, Inc.",≤100
1353722684643583,EPF Media,EPF Media,≤100
104991392543861,Shawn Smith for Delaware County District Attorney,Friends Of Shawn Smith,≤100
103885019204272,Besttime4ever9,These ads ran without a disclaimer,≤100
1449942075261716,Alex Q. Askew,Friends of Alex Askew,≤100
103990965960773,Diane Young for Congress,Diane Young for Congress,≤100
112424721224998,Miangifts - Created With Love,These ads ran without a disclaimer,≤100
67198072267,Michigan Capitol Confidential,Michigan Capitol Confidential,≤100
351193978049,Alaskans Together For Equality,"Alaskans Together For Equality, Inc.",≤100
38236386996,LSU Press,LSU Press,≤100
264403673724202,Lucile Packard Foundation for Children's Health,LUCILE PACKARD FOUNDATION FOR CHILDREN'S HEALTH,≤100
50714237985,The Rutherford Institute,RUTHERFORD INSTITUTE,≤100
793308154072008,The Market Institute,Market Institute,≤100
369757213188769,Learning Geology,These ads ran without a disclaimer,≤100
328592547333385,Muhammad Mansha,These ads ran without a disclaimer,≤100
102827029242630,robertatkinson_nature,These ads ran without a disclaimer,≤100
117214891638398,Street Grace,Street Grace Inc,≤100
186639314701790,Child Care Resource & Referral Network,These ads ran without a disclaimer,≤100
100690044889271,State Attorney Monique H. Worrell - Ninth Judicial Circuit,State Attorney Monique H. Worrell - Ninth Judicial Circuit,≤100
1802248836771260,Weird Little Tales,These ads ran without a disclaimer,≤100
255569824456386,Keep Charlotte Beautiful Florida,Rhonda Christine Harvey,≤100
269908037561,Missourians to Abolish the Death Penalty,Missourians to Abolish the Death Penalty,≤100
102176712079037,Daily Floridian,Daily Floridian,≤100
101759426184502,David Flippo,DAVID FLIPPO FOR NEVADA,≤100
223008867858902,American Action News,American Action News,≤100
100710759119069,Blue Planet Ecosystem,Blue Planet Ecosystem,≤100
141916881186,Chautauqua Institution,Chautauqua Institution,≤100
102262718547519,Crazy Uncle Gil,Gilbert Cuevas,≤100
102431455226232,Time To Run,TIME TO RUN,≤100
183252631711692,Mark Alford,mark Alford For Congress,≤100
103622549148352,Texans Defending Democracy,Texans Defending Democracy,≤100
109465560444254,Roce Today,I-ROCE LLC,≤100
109310697497002,NEGRO DIGEST,NEGRO DIGEST Magazine LLC,≤100
1420200111329836,Alan C. Moore,Alan Christopher Moore,≤100
245620709179868,York County Department of Veterans Affairs,York County Department of Veterans Affairs,≤100
109312588751793,Hannah Vermot,These ads ran without a disclaimer,≤100
537569449711672,Leleka Foundation,These ads ran without a disclaimer,≤100
671704926189978,Dan Benson for NJ,Friends of Dan Benson,≤100
108482942544284,Vermont Right to Life Committee,Vermont Right to Life Committee Inc.,≤100
210937299260017,USA Features Media,USA Features Media LLC,≤100
112443395099439,Jackson For Hobart,Committee to Elect Teddian Jackson,≤100
1940518056178830,The Queen,These ads ran without a disclaimer,≤100
1832245947018802,Chris Rose for US Senate - WV,ROSE FOR WEST VIRGINIA,≤100
205332123261241,Знакомства RusDate,These ads ran without a disclaimer,≤100
111131133551811,The Locke Society,Locke Society Inc,≤100
100798594958887,inseparable,Inseparable Action Inc,≤100
101738888963847,Matt Strickland,FRIENDS OF MATT STRICKLAND,≤100
232467307162583,Farm Action,Family Farm Action,≤100
594519783957655,Citizens for National Security,Citizens For National Security,≤100
111904024679959,Bold Majority,BOLD MAJORITY PAC,≤100
56074851990,Truth Initiative,TRUTH INITIATIVE FOUNDATION,≤100
887139178003592,The Dean Obeidallah Show,The Dean Obeidallah Show,≤100
18356619353,The Academy of Natural Sciences,The Academy of Natural Sciences,≤100
1422030301372510,Long Time Thinking,These ads ran without a disclaimer,≤100
1914561178824972,Trumped,Christopher Charles Cooper,≤100
240425642652222,South Florida Wildlands Association,South Florida Wildlands Association,≤100
101401528499337,"Commissioner Kionne McGhee, District 9",Kionne L. McGhee,≤100
19856390207,LiveBeyond,MOBILE MEDICAL DISASTER RELIEF INC,≤100
734177450055669,Congressman Anthony D'Esposito,Congressman Anthony D'Esposito,≤100
105451942439465,Sabina Covo for Miami,"Sabina Covo, Non-partisan, for City of Miami Commissioner, District 2",≤100
101204378825808,Fight the Right,FIGHT THE RIGHT PAC,≤100
258012354252280,Informing Christians,Debra J M Smith,≤100
330641537286442,Virginia Constitutional Conservatives,Virginia Constitutional Conservatives,≤100
200548226627766,The Progressive Magazine,Norman Joseph Stockwell,≤100
133012286771509,Alaska Family Action,Alaska Family Action,≤100
101291175235213,Congresswoman Ashley Hinson,official funds authorized by the House of Representatives,≤100
109068551731974,Sillychillly,Marc Alan Goldstein,≤100
109712831842243,Regenera Earth,These ads ran without a disclaimer,≤100
261427534218882,we are,WORKING TO EXTEND ANTI-RACIST EDUCATION,≤100
103535788939931,The Border Chronicle,The Border Chronicle,≤100
102086752258918,Daily Apron,These ads ran without a disclaimer,≤100
105420864152784,Child Liberation Theology,Ryan Lee Stollar,≤100
866367833381538,Little Fenders,These ads ran without a disclaimer,≤100
114386721939978,The Made in America Store,Made In America Store,≤100
848655918546699,Joseph Saez,These ads ran without a disclaimer,≤100
142278567941,Massachusetts Teachers Association,Massachusetts Teachers Association,≤100
624956794270316,Jack Heidel,John Willard Heidel,≤100
104458202672431,Gente buena USA,These ads ran without a disclaimer,≤100
101452948577790,M. Ariel Love Foundation,M. Ariel Love Foundation,≤100
114009933764548,The Patriot Club,RightWingGear.com,≤100
506680536015406,HumanProgress.org,"CATO INSTITUTE, INC.",≤100
7191206138,ASPCA,These ads ran without a disclaimer,≤100
45013872425,The Ripon Society,RIPON SOCIETY,≤100
195261533834361,Friends of Animals,"FRIENDS OF ANIMALS, INC.",≤100
398233886974905,Mike Grieco for Miami Beach Mayor,"Mike Grieco for Miami Beach Mayor, non-partisan",≤100
108865738443911,Vincent Casil,These ads ran without a disclaimer,≤100
112965531758860,Jared Randall Author Page,These ads ran without a disclaimer,≤100
105598768268708,Holla At Health,These ads ran without a disclaimer,≤100
115638301834750,Rainbow Democrats,RAINBOW DEMOCRATS INC,≤100
102623776002357,Funnies Now - Magazine Page 2,These ads ran without a disclaimer,≤100
2085563958340354,Raúl Torres,Statera Comunicacion,≤100
100320229472636,Joe From Texas,Joe From Texas,≤100
222795921147122,DHG Dyeing House Gallery,These ads ran without a disclaimer,≤100
147523538641547,Capitol Ministries,CAPITOL MINISTRIES,≤100
103830044798190,Gregorian Rant,Gregory Richard Schlueter,≤100
216069038487059,"The Nature Conservancy, Hawaii and Palmyra",NATURE CONSERVANCY,≤100
139835646030666,Alliance for Aviation Across America,Alliance for Aviation Across America,≤100
108496088917031,Foodisinthe house,These ads ran without a disclaimer,≤100
112390531809872,LCCM Policy Solutions,LCCM Policy Solutions,≤100
108631782216597,Freddy Ramirez for Sheriff,FREDDY RAMIREZ FOR SHERIFF,≤100
101179184760877,Josh Wojehowski,Wojehowski for Cornwall,≤100
577812748950650,Colchester CT Democratic Town Committee,Colchester Democratic Town Committee,≤100
2001831300143832,Conversations with Jim Zirin,Conversations with Jim Zirin,≤100
116374041727027,A New Leaf,"A NEW LEAF, INC.",≤100
117270568319993,NYSUT - A Union of Professionals,New York State United Teachers,≤100
104107455066450,Russell Cohen on moderation in public policy,Russell Cohen on moderation in public policy,≤100
102548262727394,Greater Cincinnati Coalition for Transit and Sustainable Development,"DEVOU GOOD PROJECT, INC.",≤100
305730296471268,"Delegate Emily Brewer, 64th District",Friends of Emily Brewer,≤100
109925215443987,altamirano,These ads ran without a disclaimer,≤100
20612127118,North Carolina Democratic Party,North Carolina Democratic Party,≤100
100194326011841,cheggdotorg,These ads ran without a disclaimer,≤100
1307444549400519,Team Pannullo for East Hanover,Team Pannullo for East Hanover,≤100
19972147679,SEIU,SEIU,≤100
103766225640972,Darrell Watson for Denver,Watson for Denver,≤100
114131299168,Idaho Freedom Foundation,Idaho Freedom Foundation,≤100
207268325970395,Colin Schmitt,Team Schmitt Fund,≤100
230180824062538,Councilman Anand Shah,Anand U. Shah,≤100
88410949777,Population Media Center,"POPULATION MEDIA CENTER, INC.",≤100
147831760644,Ketchmore Kids,These ads ran without a disclaimer,≤100
53764033732,"City of Roswell, Georgia Government","City of Roswell, Georgia",≤100
101564054951838,We The Forest,We The Forest,≤100
393733114026754,POWER 96.1,These ads ran without a disclaimer,≤100
423498968068097,"Strategies for Justice, BWMP LLC",These ads ran without a disclaimer,≤100
186314388125261,National Council of Jewish Women Arizona,National Council of Jewish Women Arizona,≤100
1117926918290293,News Break - Español,These ads ran without a disclaimer,≤100
926608980790166,Chesterfield Township Democrats,Chesterfield Township Democrats,≤100
239210846203565,Life of JEM,These ads ran without a disclaimer,≤100
129207622999,One Voice Ministries:  Hank and Brenda Kunneman,These ads ran without a disclaimer,≤100
102352986087395,Grass Land Analytics,These ads ran without a disclaimer,≤100
288369791569,SEIU 721,SEIU Local 721,≤100
2165441450136848,"Issues with Mail Order Pharmacy, Corporate Retail Pharmacy, & PBMs",Unite For Safe Medications,≤100
101500361547186,Keith Jacobs For President PAC,KEITH JACOBS FOR PRESIDENT,≤100
105792775772623,Tina Hawthorne for West Seneca Town Judge,Friends of Tina Hawthorne,≤100
120945717945722,Uber,Uber,≤100
103929304678916,Voter Action Project,Integrity First Voter Action Project,≤100
227535924071462,Animal Petitions,AnimalPetitions.org,≤100
395183503879395,Jefferson Parish Democratic Executive Committee (JPDEC),Jefferson Parish Democratic Executive Committee,≤100
147532938592963,St. Basil The Great,These ads ran without a disclaimer,≤100
202541596584390,Lincoln County Resource Board,These ads ran without a disclaimer,≤100
97212668056,Cargill Careers,These ads ran without a disclaimer,≤100
444237349074965,GPB News,Georgia Public Telecommunications Commission,≤100
103210743084765,Resonate,Resonate,≤100
122836074546643,Kentucky Senator Chris McDaniel,McDaniel For Senate,≤100
105504198200328,Mercedes Vazquez Simmons - Monroe County Legislator - District 22,Friends of Mercedes Vazquez Simmons,≤100
107418177702609,Middle America News,Logan Thomas Corson,≤100
108755422139163,Vaisforunions,Vaisforunions,≤100
105421802441162,Congressman Mike Ezell,Congressman Mike Ezell,≤100
103045249292781,Funnies Now - Magazine Page 3,These ads ran without a disclaimer,≤100
109095048874356,The Gadsden Revolution,These ads ran without a disclaimer,≤100
266003946905686,Salmon Beyond Borders,SalmonState,≤100
131618273567984,Jeff Landry,Landry for Louisiana,≤100
105990415642100,DeSantis Supporters,Logan Thomas Corson,≤100
116945211276055,Make America Florida,Logan Thomas Corson,≤100
248507065275406,Congressman Matt Cartwright,Congressman Matt Cartwright,≤100
120211601068144,Planes De Prestaciones Para Mayores,These ads ran without a disclaimer,≤100
100608959502332,Andreia Reese - Terrell City Council District 5,Andreia Reese - Terrell City Council District 5,≤100
31867439512,Kiss107,These ads ran without a disclaimer,≤100
114906458240636,Solar4Efficiency,These ads ran without a disclaimer,≤100
105800435721037,The Right Hour,Logan Thomas Corson,≤100
105069050837251,k.w0p_,These ads ran without a disclaimer,≤100
263527537245,Minnesota Governor's Council on Developmental Disabilities,Minnesota Governor's Council on Developmental Disabilities,≤100
1719000921660893,Sabrina Cervantes,Sabrina Cervantes for State Senate 2024,≤100
75273391689,ACLU of Alabama,AMERICAN CIVIL LIBERTIES UNION OF ALABAM,≤100
102666612797740,Kenny Gingles for DeSoto Parish Sheriff,Kenny Gingles for Sheriff,≤100
282159125529675,Fifth Wall,These ads ran without a disclaimer,≤100
728745887260738,Ben Queen,Friends of Ben Queen,≤100
105430894660049,Charter Schools Now,Charter Schools Now PAC,≤100
106012701258688,Zorelis I. Gimenez,These ads ran without a disclaimer,≤100
2093736777530544,Piscataway Progressive Democratic Organization,Piscataway Progressive Democratic Organization,≤100
118490364586036,Horses Not Houses,These ads ran without a disclaimer,≤100
405381432827374,Pierce County,Pierce County,≤100
105707202365510,Save Our Benefits Massachusetts,Save Our Benefits Massachusetts,≤100
108051577394988,Councilmember Thai Viet Phan,Santa Ana Taxpayers Against the Corrupt Recall of Councilmember Thai Viet Phan,≤100
105090535944544,Australia Is One,These ads ran without a disclaimer,≤100
781330622043737,Kruger  Magazine,These ads ran without a disclaimer,≤100
119521264725553,Q21,These ads ran without a disclaimer,≤100
109997062087311,Des logements pour Montreux,These ads ran without a disclaimer,≤100
608650595820049,The Conqueror Challenges,These ads ran without a disclaimer,≤100
104422265388090,Estructura de Comités Estado de México,These ads ran without a disclaimer,≤100
100309832136350,legoodsociety,These ads ran without a disclaimer,≤100