﻿Page ID,Page name,Disclaimer,Amount spent (TRY)
191453580768,Yeni Şafak,Piri Medya Anonim Sirketi,2479
210993622366044,TVNET,TVNET,≤100
1563142747277396,Vecdi Gündoğdu,Vecdi Gundogdu,≤100
100964136258105,Erdoğan Çiftcioğlu,Erdoğan Çiftcioğlu,≤100
326363220894548,Nail Çiler,Nail Çiler,≤100
158829607558395,Milliyetçi Hareket Partisi (MHP),Milliyetçi Hareket Partisi (MHP),≤100
109922274953677,CheckZ,CheckZ,≤100
111494641937651,Sma zümraya umut ol,These ads ran without a disclaimer,≤100
122193617537005,Haberettr,HABERET MEDYA AJANSI VE PRODÜKSİYON LİMİTED ŞİRKETİ,≤100
1539520989621920,AK Parti Gönüllüleri,Woo Medya ve Organizasyon Ltd Şti,≤100
928921137187670,ALİ UÇAK,Volkan Erel,≤100
575755372513811,Muhittin Böcek,Muhittin Böcek,≤100
1014466885240850,Semih Esen,Semih Esen,≤100
890935934274178,Serdar Sandal,Burak Özer,≤100
101504402960025,Seçim Sonrası Beklentiler Araştırması - Sabancı Üniversitesi,Özge Kemahlıoğlu Bayer,≤100
821150371248664,Özgürlük Araştırmaları,Özgürlük Araştırmaları,≤100
462963834529864,Levent Uysal,Levent Uysal,≤100
369391953226531,Eyüp Eroğlu,Akif Yurdakul,≤100
113027408315708,Herkes Duysun,Herkes Duysun,≤100
117043617999159,alpayburakdogru,These ads ran without a disclaimer,≤100
219031704851494,SAS (Satın Almayın Sahiplenin),Fırat Yıldız Ahmet,≤100
146234755411446,Mirasımız Derneği,(MİRASIMIZ) Kudüs ve Civarındaki Osmanlı Mirasını Koruma ve Yaşatma Derneği,≤100
751555011582625,Yeşim KARADAĞ,These ads ran without a disclaimer,≤100
1640129972672216,Gökhan Yılmaz,Gökhan Yılmaz,≤100
220319391464566,Vahap Akay,Utku Yilmaz,≤100
751555011582625,Yeşim KARADAĞ,Yeşim KARADAĞ,≤100
105964842465200,Veteriner Hekim Ziya Yılmaz,Ziya Yılmaz,≤100
511707202180465,Kangal Aşkk'tır,Fırat Yıldız Ahmet,≤100
557866130988813,Çiftçi TV,Çiftçi TV,≤100
427667890724620,Tarkan Akıllı,Tarkan Akıllı,≤100
120266711045676,Başka Açıdan Tv,Başka Açıdan TV,≤100
167633913392268,Kolejliler,Fırat Yıldız Ahmet,≤100
2244264135618666,Bünyamin Çiftçi,Bünyamin Çiftçi,≤100
800603909994685,Gülizar Biçer Karaca,Gülizar Biçer Karaca,≤100
107276120819529,Halk Haber TV,SİRİUS REKLAM ORGANİZASYON SANAYİ VE TİCARET LİMİTED ŞİRKETİ,≤100
100174362936065,ozansenyurekli,These ads ran without a disclaimer,≤100
498108350567415,Nilüfer Deveci,Nilufer Deveci,≤100
220319391464566,Vahap Akay,Vahap Akay,≤100
108855465479915,Halk Haber Ajansı Yerel Gündem,Resul Mesut Büyüksarı,≤100
226410901315304,Areda Survey,Areda Survey,≤100
154012084797126,Yeni Şafak,Piri Medya,≤100
103400816031847,Halkhaberajansı,Sirius Reklam Organizasyon Sanayi ve Ticaret Ltd. Şti,≤100
113944458195273,Rahmi Mete AY,Rahmi Mete Ay,≤100
103285814499773,Hikmet Yalım Halıcı,Kadir Dede,≤100
101192232736297,GLOOB,GLOOB,≤100
101321076075048,Nouvelle Aube - Yeni Şafak Français,Piri Medya,≤100
788593847885854,Nermin Yıldırım KARA,Nermin Yıldırım Kara,≤100
108269755289200,Yaşasın Cumhuriyet,Yaşasın Cumhuriyet,≤100
103984509238399,Halk Haber,Halk Haber,≤100
756997834458624,Türkiye 360,Yamen Elredey,≤100
1776545895921237,Nedersiniz,Nedersiniz,≤100
483256081848072,Ayşe Keşir,Ayşe Keşir,≤100
146581405452633,Yeniden Milli Mücadele,Yeniden Milli Mücadele,≤100
104373561467884,Serhat Servet Dövenci,Serhat Servet Dövenci33,≤100
127896160644676,KORAY AYDIN,KORAY AYDIN,≤100
107272515319025,Son Kale Türkiye,Son Kale Türkiye,≤100
389043784842196,Yenisafak.com/ru,Piri Medya,≤100
529631907372883,İYİ Parti Gaziantep,Erkan Yeşersın,≤100
505992806138474,يني شفق العربية,Piri Medya,≤100
100625766126116,Cominify,Cominify,≤100
442942082484899,Ege Gündem Gazetesi,Ege Gündem Gazetesi,≤100
100254126174703,Mavi Marmara Gazetesi,Mavi Marmara Gazetesi,≤100
115203036969497,Mehmet Yunus Seven,Mehmet Yunus Seven,≤100
103296549385530,harunmhp,These ads ran without a disclaimer,≤100
106508542096563,Ebedi Liderim,Ebedi Liderim,≤100
2028274240749386,Celal Köse,Celal Köse,≤100
104673902279375,Güçlü Lider Güçlü Türkiye,Güçlü Lider Güçlü Türkiye,≤100
110989445340434,İlker Tunca,These ads ran without a disclaimer,≤100
102943712816675,Söz Gençlikte,These ads ran without a disclaimer,≤100
101923999560325,erhanerdoganrp,These ads ran without a disclaimer,≤100
106433519384639,Haber7,Haber7,≤100
298764070816267,Mehmet Tütüncü,Mehmet TÜTÜNCÜ Türkiye Temsilcisi,≤100
100831549358373,Ahmet ERGİN.,Ahmet Ergin,≤100
109617758683507,halil_10_34,These ads ran without a disclaimer,≤100
107924807410702,Samet Bağcı,Samet Bağcı,≤100
1553641634884227,Sosyalizmde Rönesans,Mehmet Cagirici,≤100
112817186078864,Kuvâ-yi Milliye,These ads ran without a disclaimer,≤100
106789305232883,وكالة الشرق الأوسط الإخبارية,وكالة الشرق الأوسط الإخبارية,≤100
815048841929079,M. Ergün Turan,M. Ergün Turan,≤100
382911025766748,AYDIN İnşaat,These ads ran without a disclaimer,≤100
378658475493859,Abdurrahman UZUN,These ads ran without a disclaimer,≤100
1572709256359993,İnternethaber TV,HADİ ÖZIŞIK,≤100
122163480824290,Bayram Önder Akdenizli,Bayram Önder Akdenizli,≤100
101963976252809,spintronic,These ads ran without a disclaimer,≤100
103583814427116,Tolga Arslan,Tolga Arslan,≤100
1525457574346893,Zararsız Deliler Derneği,These ads ran without a disclaimer,≤100
105564428492510,منتدى الحوار الشبابي,مركز الحوار السوري,≤100
389272428349455,Alioğlu group,These ads ran without a disclaimer,≤100
105419499210585,Anavatan Partisi Zonguldak Teşkilatı,These ads ran without a disclaimer,≤100
104828968544497,ahuzar_gul,These ads ran without a disclaimer,≤100
104525768672856,aylnkhrmn10,These ads ran without a disclaimer,≤100
114852474915931,tevfikfikretivgen,These ads ran without a disclaimer,≤100
102851519468177,ahmetarslan054,These ads ran without a disclaimer,≤100
102647626181552,Ani Bona,These ads ran without a disclaimer,≤100
104259381082977,Zat masr - ذات مصر,These ads ran without a disclaimer,≤100
101233446179815,Beytullah Bostancı,These ads ran without a disclaimer,≤100