﻿Page ID,Page name,Disclaimer,Amount spent (CZK)
60516116431,Člověk v tísni,Člověk v tísni o.p.s.,613
278897495559360,Kraj Vysočina,Kraj Vysočina,368
969004136471168,Schlieger.cz,These ads ran without a disclaimer,203
589679421044627,STAN Kraj Vysočina,Starostové a nezávislí,193
210778132327279,Prima,Prima,192
370583064327,Starostové a nezávislí • STAN,Starostové a nezávislí • STAN,160
149945438407451,Svoboda zvířat,"Svoboda zvířat Plzeň, z.s.",153
104768355190287,Sázíme Česko,PlanetWe Rewild s.r.o.,135
101954531415600,Lukáš Vlček • STAN,Starostové a nezávislí,101
487445514669670,Petr Fiala,ODS - Občanská demokratická strana,≤100
127355564021146,Knihkupectví Luxor,"Euromedia Group, a.s.",≤100
34825122262,Časopis Reflex,CZECH NEWS CENTER a. s.,≤100
376809572404232,Kaufland Česká republika,These ads ran without a disclaimer,≤100
1956144064659620,BlueTV,Aliance pro budoucnost,≤100
206407509818,Blesk.cz,CZECH NEWS CENTER a. s.,≤100
251656685576,KDU-ČSL,KDU-ČSL,≤100
30575632699,ODS - Občanská demokratická strana,ODS - Občanská demokratická strana,≤100
137301989386,Aktuálně.cz,Aktuálně.cz,≤100
112174584650686,Pavel Hájek • STAN,Starostové a nezávislí,≤100
43855944703,Svobodní,Svobodní,≤100
211685455639198,Ministerstvo práce a sociálních věcí,Ministerstvo práce a sociálních věcí,≤100
137778619615350,Voyo.cz,TV Nova s. r. o.,≤100
356451014434612,Marian Jurečka,KDU-ČSL,≤100
123858471641,iROZHLAS.cz,Český rozhlas,≤100
394570898000897,Kniha Revoluce - Jakub Trpiš,Jakub Trpis,≤100
197010357446014,Ondřej Prokop,Ondrej Prokop,≤100
58887737763,Hnutí DUHA - Přátelé Země Česká republika,Hnutí DUHA - Přátelé Země Česká republika,≤100
179497582061065,Tomio Okamura - SPD,Svoboda a přímá demokracie - SPD,≤100
106834174877753,Svět hospodářství,"SH media, spol. s r.o.",≤100
176618874475277,Martina Ochodnická - poslankyně z Vysočiny,TOP 09,≤100
693725074166331,Naše zdravotnictví,Naše zdravotnictví,≤100
103430204491217,Robert Šlachta,PŘÍSAHA - občanské hnutí Roberta Šlachty,≤100
264983260329918,Rádio Universum,Kupředu do minulosti s.r.o.,≤100
1469427909957890,Reportér magazín,Reportér magazín,≤100
220814337523,Kurzy.cz,"Kurzy.cz, spol. s r.o.",≤100
424114981002397,Český rozhlas Plus,Český rozhlas,≤100
178362315106,European Parliament,European Parliament,≤100
155406703122,Arnika,Arnika,≤100
90002267161,TOP 09,TOP 09,≤100
553405241527947,Kancelář architekta města Brna - KAM Brno,Kancelář architekta města Brna,≤100
1757913860945739,ORLEN Unipetrol,ORLEN Unipetrol a.s.,≤100
109664387308142,Poradna pro obce,KVB advokátní kancelář s.r.o.,≤100
416190415243,Fakulta životního prostředí - ČZU v Praze,Fakulta životního prostředí,≤100
378827025796132,Peak.cz,Peak.cz,≤100
460558621177512,Zálohujme.cz,Zálohujme,≤100
100955509189359,Redakce NF Svědomí národa,Nadační fond Svědomí národa,≤100
275042429350706,Tomáš Zdechovský,Tomáš Zdechovský,≤100
117823623864,Transparency International ČR,Transparency International ČR,≤100
124152241443,Čmelák - Společnost Přátel Přírody,Čmelák - Společnost přátel přírody,≤100
220953819920676,Ministr Zdraví,Ministr Zdraví Z.U.,≤100
111210916534,Příběhy bezpráví,"Člověk v tísni, o.p.s.",≤100
1104866262972886,Michal Šmarda,Česká strana sociálně demokratická,≤100
125830487980906,Solární asociace,Solární asociace,≤100
284944781875,EURACTIV.cz,EURACTIV.cz,≤100
52479821102,Týdeník Respekt,Týdeník Respekt,≤100
201535993705342,Radim Sršeň,Radim Sršeň,≤100
124212050978293,Kverulant org,Kverulant org,≤100
1824133914469306,Ženy.cz,CZECH NEWS CENTER a. s.,≤100
609246842426009,Rekonstrukce státu,Rekonstrukce státu,≤100
106901094332851,Recykluj - nespaluj,Recykluj - nespaluj hys,≤100
113743658978459,Meltingpot,Meltingpot,≤100
194467420912201,Já volím děti,Já volím děti,≤100
102620981865843,Jana Skopalíková - radní pro životní prostředí a zemědělství,Jana Skopalíková,≤100
102844685102730,Olga Richterová - místopředsedkyně Sněmovny,Česká pirátská strana,≤100
711658465662315,XTV,XTV,≤100
1783607115196268,"AZ LEGAL, advokátní kancelář","AZ LEGAL, advokátní kancelář",≤100
545254525495201,Pravý břeh - Institut Petra Fialy,"Pravý břeh, z.s.",≤100
226207821151572,Marek Novák - poslanec zlínského kraje,Marek Novák,≤100
1701718886552103,Moje Evropa,Moje Evropa,≤100
579215965436046,JSNS,"Člověk v tísni, o.p.s.",≤100
203833483473,Deník Referendum,Denik Referendum,≤100
1900532106849242,Institut H21,Institute H21,≤100
586817644761028,Vladimír Balaš,STAN,≤100
103779080972210,Youradio Talk,Youradio Talk,≤100
1776002445975063,V síti Ivana Langera,RiverSong s.r.o.,≤100
745225392241191,Primagas Česká republika,PRIMAGAS s.r.o.,≤100
106569184915270,Lucie Kantorová,Lucie Kantorova,≤100
317530692148022,Evropa v datech,Evropa v datech,≤100
343857975108,AFS Mezikulturní programy - Czech Republic,AFS Mezikulturní programy o.p.s.,≤100
1962450550674040,TVarchitect.com,Lukáš Trunec,≤100
548487565163265,"Buď Čech, buď laska",Tomáš Rufer,≤100
353349792067181,Institut Paměti národa Brno,Post Bellum,≤100
267806570729225,Národní Noviny,Hrubon Rudolf,≤100
362029244271239,Protext ČTK,ČTK,≤100
111617451012493,Libor Turek,ODS,≤100
413476830191,Prague Security Studies Institute,Prague Security Studies Institute,≤100
594426030604429,Martin Procházka,Martin Procházka,≤100
265056436921261,NOVÁ SÍŤ,Nová síť z.s.,≤100
450976218808166,"Mgr. Milan Halbich, MBA - kandidát do senátu",Milan Halbich,≤100
327500584463162,Filip Hausknecht • Budoucnost,Budoucnost,≤100
100609955039699,Corrency,Corrency,≤100
2508000755881727,Štěpán Juránek,Štěpán Juránek,≤100
101272355932525,Igor Hendrych - poslanec Moravskoslezského kraje,Igor Hendrych,≤100
271054846258904,Praha 3,Městská část Praha 3,≤100
100647378751279,Pavla Pivoňka Vaňková STAN,Pavla Pivoňka Vaňková,≤100
109294536415092,PETROF Gallery,PETROF Gallery,≤100
58864692622,Český rozhlas Vltava,Český rozhlas,≤100
125957534920,Deník Sport,CZECH NEWS CENTER a. s.,≤100
1558359124403846,Každá plechovka se počítá,These ads ran without a disclaimer,≤100
107563435940797,Skanska v ČR a SR,Skanska,≤100
111927411705047,KALT Pneu,These ads ran without a disclaimer,≤100
64676229680,Ayn Rand Institute,These ads ran without a disclaimer,≤100
147547541961576,Council of the European Union,Council of the European Union,≤100
109407832428137,Bauernnetzwerk,These ads ran without a disclaimer,≤100
105411962299479,AEF,These ads ran without a disclaimer,≤100
527351247377965,European Committee of the Regions,European Committee of the Regions,≤100