﻿Page ID,Page name,Disclaimer,Amount spent (PYG),Number of ads in Library
175406365841914,Arnoldo Wiens,Global Agencia,3805941,32
386081914814521,Martin Burt,Martin 2023,3780664,3
1468570519872644,Santiago Peña,PRANA SA,3533406,20
309537729651941,JuanMa Brunetti,Global Agencia,1389236,19
242118359309178,Ricardo Estigarribia,Douglas Mateus Hendges,1118326,20
110447625137045,Pilar Callizo,PautaPY,1007426,3
862862090459595,Seba Villarejo,Juan Sebastian Villarejo Velilla,982973,20
430961180344844,EVER VILLALBA,Ever Federico Villalba Martinez,865486,5
102266292553995,Sucia Política,Diego Ricardo Ramírez,828436,6
286989224667281,Marito Abdo,Marca Py,822435,6
532716330164048,Sole Núñez,Soledad Núñez,556277,10
325540631525675,En La Tecla,En la Tecla,532293,8
109830218400800,Lea Giménez,Lea Raquel Gimenez Duarte,519120,5
100188219465134,Senador Derlis Osorio,Derlis Ariel Alejandro Osorio Nunes,491235,14
111353505103100,Santi Mbatara,Somos Paraguay,440115,11
124625661665046,Patrick Kemper,Patrick Paul Kemper Thiede,368847,7
842985112443215,Ulises Quintana,IMAGEN DE GOBIERNO,368711,10
1813746978719204,Diputado Nacional Pastor Soria Melo,Pastoremilio Soria Melo,365326,9
105587720883344,Bettina Aguilera,Bettina Rosmary Aguilera Paniagua,365305,2
406051639796522,Eduardo Zavala,Eduardo Zavala,361259,23
100617802815343,Orlando Penner Senador 2023,Orlando Penner Dürksen,336140,8
199949073442305,Lilian Samaniego,Adventura,335252,5
105796025619350,Tati Giménez Diputado 2023,Patria Querida,327367,14
613444678793192,Josías Escobar Concejal 2023,Josía Eliezer Escobar Fernandez,308851,5
108246601026063,Derlis Rodríguez Diputado 2023,Derlis Manuel Rodríguez Baez,283104,15
1151984808290856,Hugo Portillo,Hugo Portillo,268962,18
102193762632115,Patricia dos Santos,Patricia Dos Santos,252525,12
1100381323431017,Wilberto Cabañas,Wilberto Cabanas,237112,13
461660720881072,José Rodríguez,Douglas Mateus Hendges,217388,1
725834240910220,Noticiero Paraguay,Noticiero Paraguay,208982,15
105787598141250,Ever Rojas Borja,IMAGEN DE GOBIERNO,206331,1
102467002671611,Jorge Heisecke,Jorge Heisecke,177670,3
107351575426755,Dani Arce Senador,Victor Daniel Arce Gonzalez,174375,2
109071601870453,Leandro Prieto Ruiz,Leandro Jose Prieto Ruiz,173248,2
110311005122985,Guillermo Sosa,Guillermo Sosa,160967,35
118397948223791,Oscar Tuma,Óscar Luis Tuma Bogado,156434,3
299252357224023,Darío Filártiga Opción 23 Senado,Fiorella Maria Sanchez Capurro,154690,4
110060281794994,Luis Talavera Alegre - Presidente 2023,José Emanuel Ruiz Díaz Bogado,152845,3
2033757383511165,Mario Paz Castaing,Rocio Magali Moreno Vera,151138,4
266016903502005,Senador Carlos Gómez Zelada,Senador Carlos Gómez Zelada,144888,1
105902187763083,Edgar A. Colmán - Ministro de la Juventud,Edgar Abdón Colmán Miranda,144300,1
1098840566826770,Gral. Soto Estigarribia,Jeannette Cuevas,143595,2
279495618730067,MANUEL RADICE,Manuel Radice,140400,7
106205982201348,Ernesto Concejal,Ernesto Daniel Mareco Martinez,132926,5
1222077187832207,Gustavo Leite,Gustavo Alfredo Leite Gusinky,129870,2
1094373423935985,German Solinger,Grissel Zárate Sotelo,129870,1
283132325082901,Esperanza Martínez,Esperanza Martinez De Portillo,128012,4
124476131441330,Partido Hagamos,Partido Hagamos,127885,1
106104815567034,Luis Villalba,Cesar Joel Godoy Rojas,125745,4
498022813689642,Oscar González Drakeford,IMAGEN DE GOBIERNO,123449,1
1011833908887463,Atilio Alegre,IMAGEN DE GOBIERNO,123416,1
103114005868340,Rodrigo Rios Coronel,IMAGEN DE GOBIERNO,121446,2
102171848430562,Dr. Noguera 2023,Jacinto Rafael Noguera Arzamendia,119318,11
1964503917155087,Stephan Rasmussen,Stephan Rasmussen Gonzales,116450,2
103759862278474,Victor Miranda Py,Clicnovo,115440,10
141678063114851,Ruben Velazquez,Dalva Natividad Acosta Vallejos,108906,3
180074438672628,Somos Noticias,Somos Paraguay,108225,2
613341488786700,Miguel Del Puerto,Miguel Angel Del Puerto Silva,104228,9
1692624097481207,Mujeres GANAR,Comunicá,101547,1
106981968505171,Adi Vázquez,Aditardo Vázquez Rojas,101453,8
299535480464229,Alejandro Rodriguez,Celso Alejandro Rodriguez Colman,101248,2
297881240653321,Diputado Edgar Acosta Alcaraz,Rosa Teresa Duarte Soto,99658,9
838018169889993,Fernando Ojeda,Fernando Ojeda,98713,3
104096115823278,Tomas Bittar Junta de Gobierno 2023-2028,Tomas Enrique Bittar Navarro,97751,1
105031404894363,Carlos Mercado Rotela,Daniel Elieser Mariño Suarez,95804,5
108220338670232,Arturo Gossen Valdez,Mehssin Arturo Gossen Valdez,94875,2
118756543324306,Marcelo Rojas,Marcelo Rojas,92967,2
578926285590203,Edgar Ibáñez,Edgar Moises Ibañez Baez,91478,17
106257452820864,Tito Saguier,Tito Saguier,86616,1
397931417070426,Tony Apuril,ASP Marketing,85022,2
171222730424081,Michel Flores Fernández,Michel Patricio Flores Fernandez,80918,1
104322032314890,Derli Ramón Santa Cruz,Derli Santa Cruz,79382,5
110426498506779,Javier Martínez,Vanessa Cabrera,71674,8
105386388829016,Martín Presidente,Hugo Ildefonso Espinola Ricardo,70818,3
1674406235935099,Brunno Nizza,Brunno Nizza,69103,4
153958777947957,Paulo Reichardt,Paulo Reichardt,68964,2
105658755623012,Euge Peroni,Nahuel Ayala Gomez,59866,2
405176719648043,Dr. César Meza Bría,Esteban Giovanni Fortunatti,59623,1
1810962229216340,Fidel Zavala,Laura Lorena Meaurio Paniagua,57720,1
132554373464255,La Nación,Nación Media,57720,2
103040788902949,Concertación Nacional 2023,Rocio Magali Moreno Vera,57302,1
104595072917349,Gonzalo Carreras,Ezequiel Carreras,54922,5
107345678780633,Miguel Sosa Cabañas,Miguel Sosa Cabañas,54149,2
1734894683407567,Municipalidad Hernandarias,Eric Fabian Benitez,52104,17
965982976748127,HUGO MOREL,Hugo Milciades Morel Figueredo,51030,2
103553128421427,Antonio Solis Intendente,Jorge Antonio Solis Godoy,50782,3
102316839215739,Hilda Ferras Candidato Político,Hilda Beatriz Arguello,50756,2
1386037631635162,Hugo Ramírez,Nahuel Ayala Gomez,49941,1
397788123735216,Pey Vargas,Pedro Jose Emmanuel Vargas Carnibella,49565,2
420279778178605,Adelaida Diputada 2023,Adelaida Cantero De Torres,48850,1
101132102699195,Cecilio Presidente Seccional Nro 5 - 2023,Alejandro Rafael Colman,48340,2
112866004765581,Taurino González,Elias Escobar Fernández,46719,1
107587622053186,Dra. Vivian Santander 2023,Santander Santander Clinica,45336,6
451746952056165,Gustavo Acosta,Gustavo Joaquin Acosta Fonseca,45208,1
321038114702291,Auda Roig,Auda Roig,45166,1
490637354648727,Ing.Juan Carlos Baruja - Gobernador 2018/2023,Juan Carlos Baruja Fernandez,43841,1
107823568693539,Lucas Aquino Senador,Hugo Ildefonso Espinola Ricardo,42960,4
107301172187291,Gloria de Paredes,Silvana Beatriz Arevalos Piñarez,42349,2
222961017827862,Edgar Olmedo,Edgar Olmedo,41195,3
109549034836418,Mariano Finestra Concejal,Silvana Beatriz Arevalos Piñarez,40674,3
495567100804506,Tito 2023,Federico Rafael Vergara Aguero,40442,3
103283125165555,Rodrigo Cabrera Presidente de Seccional,Rodrigo Esteban Cabrera Rios,38713,1
105162875597097,Marcelo Bedoya Senador 2023,PLRA,38555,3
235526436573168,Ing. Eche Tu Diputado,Adalberto Pastor Echeverría Villasboa,36535,3
109014435330806,El Ujier,These ads ran without a disclaimer,36075,1
1441704549436832,Regina Rios,Regina Rios Irala,35065,1
371997603532027,Haciendo Lío,Enciso Rojas Roberto Daniel,33465,1
646939832039958,Hugo Ibarra - Diputado Nacional,Eladio Ortiz Gayoso,33328,4
100265174952816,Cesarito Sosa,César Luis Sosa Fariña,33205,4
108824810612735,Ing. Jorge Palazón,Jorge Palazon,32437,2
773720583042911,La Verdad Digital Noticias,La Verdad Digital Noticias,32397,1
220307198742892,Sebastian Cheba Remesowski,Victor Daniel Ibañez Miranda,30077,2
534874957445096,Richar Báez Diputado Lista 2 Opción 2,Abel Cabral,30013,2
106438588789107,Luis Palacios Intendente,Viviano Baez Gonzalez,29573,3
1832577620365172,Eusebio Ramón Ayala Senador 2023,Manu Nuñez Franco,29375,2
164912600276129,HUGO,Hugo Ildefonso Espinola Ricardo,29181,1
106270632061579,Edgar Alejandro Fernandez,Edgar Alejandro Fernandez Garcete,28961,2
1073454492740713,Emmanuel Cuevas,Jorge Emmanuel Cuevas Maciel,28913,2
101733759244766,Antonio Resquin Diputado 2023,Antonio Resquin,28559,3
103966462488145,Ulises Martínez - Gobernador,Moises Ulises Martinez Benitez,28199,1
2176116945978444,Christian Valdez,Christian Valdez,27896,3
945217102186450,Vidal Vázquez,Miguel Acosta Benitez,27417,2
110616285054050,Esc. Rubén De Felice - Gobernador,Adilio Gabriel Lezcano Caballero,27088,1
114556537799812,Victor Hugo Forneron Gobernador,Jorge Sanchez,26551,1
1575743279360941,Carlos Cáceres Sarubbi Senador 2023,Carlos Agustin Caceres Sarubbi,26106,1
101536148721873,Edu Chamorro,Ruben Zorrilla Fernandez,24594,1
1594903287420340,Abog. Diosnel Varela,Diosnel Varela Vera,24067,1
952791584824124,Cristhian Ayala - Concejal Departamental Lista 3 opción 7,Miguel Lupiciano Cardozo Contrera,24028,1
1711765125817047,Aldo Florentin,IMAGEN DE GOBIERNO,24027,1
1902370296678570,Carlos Godoy,Carlos Godoy Diputado,23917,3
591005821010442,Raúl Latorre,Derlis Becker,23351,1
625431804238219,Elecciones,Elecciones,23221,1
107768045365051,José María Llano,José María Llano Heyn,23072,2
112692571431064,Jaime Samudio,Maria Irismar Armoa Diaz,22962,2
1391426980934349,Arnaldo Barreto,Ricky Andreoni Acosta,22857,1
112524511206042,Nelson Armoa,DGWorld,22749,5
102141339262288,Eligio Colmán,Mario Alberto Velázquez Duarte,22487,1
107326631853562,Hugo Sosa Pasmor,Maria Alejandra Correa Miño,22485,1
106682318781403,Rafaela Guanes Senadora,Rafaela Guanes,21645,1
348161469739241,Edward Melgarejo,Wilson Armoa,21645,2
108232338616875,María Stela Invernizzi,Alejandro David Fernandez Silva,21645,1
492760257555015,Javito Ocampos 2023,Javier Antonio Ocampos,21294,1
111514131760016,Julio Cabrera,Julio Cesar Cabrera Cabrera,20922,1
109186175052605,Nito Chávez Diputado 2023,María Nelly Chavez Brizuela,19939,2
102940895895901,Victor Herreros Gimenez,Victor Herreros,19848,1
107012315505583,Silvio Gabaglio Senador.,José Amarilla,19812,3
359307964420456,Terere Cómplice,Meli Olavarrieta,19563,2
100353925544688,Oscar Bobadilla Báez,Oscar Fernando Bobadilla Baez,19540,1
550298315040554,Marcelo Soto,Marcelo Soto,18833,1
1380412252091502,Honor Colorado - San Juan Btta.,Rosa Mariana Vargas Rojas,18401,2
113076301637874,Paul Servín-Concejal Departamental,Paul Augusto Servin Vazquez,17705,2
943824938962084,Luis Fernando,Luis Carlos Arce,16565,1
255852854856739,"Marco Augusto Ferreira, Autor",Marco Augusto Ferreira Acuña,16195,1
102961601810205,ARA FM,Zunilda Ramona Yrala Lopez,15132,2
100528208732843,Arnold Andrés Ramirez,Arnold Andrés Ramirez Rodriguez,14915,2
110035698568369,Gustavo Guggiari Senador,Gustavo Adolfo Guggiari Fleytas,14684,1
101936036021020,Milber Ruíz Convencional,Norma Graciela Ávalos Lezcano,14504,1
115692416547495,Jymmy Marconni Torales,Diego Arturo Aquino Montiel,14430,1
110491594962344,Manuel González Concejal 2023,Ana Gisell Bogado Miranda,14246,2
106636844752991,Aníbal Bogado,Anibal Ramon Bogado López,14212,1
401584390395153,Joselo Pereira,Joselo Pereira,13885,2
101396562641495,Diego Fernandez,Diego Fernández,13735,2
2313390342074494,JOSE LIN,Raul Jara,13494,1
103828494451478,Elías Escobar Convencional,Elias Escobar Fernández,12908,1
105872245439208,Pelusa Senadora,Maria Yolanda Del Rosario Moreno de Ruíz,12832,2
104010555837250,Buenojarapy,Juan Ramon Bueno Jara,12248,2
101694278594292,Nelson Cano,Eric Fabian Benitez,12231,8
698974256785676,Bayer Cono Sur,These ads ran without a disclaimer,12193,1
114574908102864,Alianza VAMOS Por Boquerón,Alianza Vamos Por Boquerón,12002,1
263037407490496,Édgar López Gobernador,Christian Guillermo Vazquez Sanchez,11829,1
101875982054464,Tv Campo Py,Edgar Julian Boveda Alcaraz,11557,1
106558471428086,Diego Armando Prieto,Diego Armando Prieto,11088,2
103429818624929,Edu Garay,Eduardo Garay,10641,1
102412925831644,Chabela Arrua,Patricia Cáceres Gamarra,10604,2
110676425107597,Lorena Balbuena - Candidata a diputada - V Departamento Caaguazú,Lorena Balbuena Diputada,10208,2
1614322805515970,Heribel Echeverría Gómez,Heribel Echeverria Gomez,10061,1
102804492578710,Legalmente Hablando,Nueva Tecno,9996,1
101414679433943,Achu - Concejal Departamental Lista 3 Opción 8,Antonio Aguilera Osorio,9922,1
127993621170090,Laura Moreira,Laura Elizabeth Moreira Cabrera,9854,1
484457328277805,Eladio Ortiz,Eladio Ortiz Gayoso,9182,1
105545157610039,Euclides Acevedo,Euclides Roberto Acevedo Candia,8773,1
107106825374681,Jesús Guapi,Jesús Fernando Guapi Narvaez,8302,1
176941749043831,YAMIL ESGAIB,Yamil Esgaib,8080,1
517426394969535,Ricardo Canese,Ricardo Canese,8072,1
101840779897426,Cristian Cardozo,Cristian Antonio Cardozo Villalba,7949,1
1377391305886530,Abog. Enmanuel Gini Orué,Hugo Emilio Caballero Chena,7918,1
101750721716486,Dra. Maria Gloria Rodriguez,Maria Gloria Rodriguez De Fragnaud,7874,1
497878716894775,Jazmín Narváez,Mario Ruben Gomez Fanego,7709,1
104188928409074,Rober Vázquez,Martha Robledo Amarilla,7525,1
100112696093161,Fátima Otazú Cardozo Concejal Departamental Guairá,Fatima Gladys Otazu Cardozo,7514,1
107224942230939,Luis Sosa,Luis Sosa,7332,1
109317014584518,Aurora Amarilla Concejal por Central,Aurora Concepcion Amarilla Romero,7293,1
260505207474088,Libélula Cambio Climático,These ads ran without a disclaimer,7215,3
108982768685910,Cynthia Rios Candidata,Wilson Armoa,7215,1
100566575581065,Ing. Ramón Montanía,Ramón Montania Fernandez,7215,1
106008797475136,Nicolás Verón,Gilberto Nicolas Veron Benitez,7215,1
100486612607448,César Cardozo Diputado 2023. Itapúa.,Claudio César Cardozo Junghanns,7215,1
107463742125824,Wilson Barrios,Juan Andreas Correa Ramirez,6993,1
107869548564725,David Rivas Senador 2023,Hernan David Rivas Roman,6781,1
108714855121830,Lic.Mariela Gómez#2023,Mariela Gomez,6703,1
106738282175655,Fernando Pintos - Concejal Departamental,Fernando Pintos Mereles,6098,1
625431804238219,Elecciones,Elecciones Paraguay,5651,1
101163045981244,Ing. Claudio Piatti,Claudio Guzman  Piatti   Ibarra,5298,1
363306313879750,Marle Chispita Orue,Marlene Tatiana Orue Leon,5221,1
111001751686236,Marilda Alderete,José Del Carmen Alvarez Valdez,5185,1
102584164871830,Rosana Niven,Denis Federico Encina Sanabria,5095,1
218029751909916,Periodico Mentor,José Del Carmen Alvarez Valdez,4926,1
388077265097651,Romualdo Bogado,Romualdo Bogado Quiñonez,4886,1
102887709202228,Pedro Mayor Martinez- Candidato a Senador,Antonio Morinigo,4665,1
105181039022571,Alcides Samudio RAS Diputado,Rumildo Alcides Samudio Peña,4297,1
113076310393725,Diana de Smith,Maria Cecilia Smith Villalba,4185,2
104141339046306,Mutti Presidente,Jose Ramon Mutti Gimenez,3465,2
101359268928132,Dr Juan Benitez,Juan Ramon Benitez Rios,2971,2
108906395391175,Enrique Chavez Caballero,Kike Chavez Caballero,2230,1
106821357930272,Victor Carrera Mereles,Victor Carrera,1749,1
147109888636038,Netafim,These ads ran without a disclaimer,1082,1
107224942230939,Luis Sosa,These ads ran without a disclaimer,684,1
1702138929926817,Mongabay Latam,These ads ran without a disclaimer,433,1
1508684459364082,Tadeo Zarratea,Tadeo Zarratea Davalos,355,1
1575084686074089,Zulma Icassatti Acevedo Concejala,Ricardo Arturo Fassolo Olivera,≤100,1
1001081743257163,Johnnie Walker,These ads ran without a disclaimer,≤100,1
188140874572413,Charles Darwin Foundation,These ads ran without a disclaimer,≤100,1
108584201404731,La Civiltà Cattolica - Edición en español,These ads ran without a disclaimer,≤100,1
113866588689405,Ezra International,These ads ran without a disclaimer,≤100,1
131189377574,MDPI,These ads ran without a disclaimer,≤100,1
104013541845788,Xinchen-Gerald Xu,These ads ran without a disclaimer,≤100,1
109076095187370,Youthoppia,These ads ran without a disclaimer,≤100,1