﻿Page ID,Page name,Disclaimer,Amount spent (MXN)
108819392526809,Partido Acción Nacional,Partido Acción Nacional,24365
109488981975636,Chicharrón norteño,Chicharrón norteño,6830
520075024716940,Movimiento Ciudadano Coahuila,Movimiento Ciudadano Coahuila,6150
837850536243904,UDC - Unidad Democrática de Coahuila,UNIDAD DEMOCRÁTICA DE COAHUILA,4532
117139181310089,Acuña siempre con Lenin,Irma Hernández Rios,3158
103847969207185,Frontera Norte,Frontera Norte,1106
118921468203786,Movimiento Ciudadano,Movimiento Ciudadano,977
203709812204,José Ramón Gómez Leal JR,Jose Ramon Gomez Leal,722
100654361907387,Shopping Online,These ads ran without a disclaimer,642
109856141998075,Diario La Comarca,Diario La Comarca,591
630348770631126,RMB - Movimiento Coahuilense,RMB - Movimiento Coahuilense,511
106909841255869,Mario Dávila Delgado,Mario Alberto Dávila Delgado,500
281125785691978,Saber Votar,Angel Alfredo Solis Lugo,467
186073704903313,México elige,México Elige,465
110802201854701,El Norte de México,El Norte de México,387
345995382241686,PODER 360,PODER 360,325
102251265948823,Coahuila está con Ricardo Mejía,Politburó Digital,304
122404620204,Oxfam México,OXFAM MEXICO AC,196
2143740092603203,Tere Romo,Maria Teresa De Jesus Romo Castillon,193
56713285274,Greenpeace México,Greenpeace México,158
123842270960929,Walmart de México y Centroamérica,Nueva Walmart de México SRL de CV,154
326696937457961,El Periódico de Saltillo,El Periódico de Saltillo,143
258241614593678,AulaTec,Pedro Beristain Flores,136
109634395756375,Save the Children México,Save the Children México,132
102551913153712,Ricardo Monreal A.,Ricardo Monreal Ávila,128
254852601222832,CEMEX México,CEMEX México,122
106901138918730,México en Transformación,México en Transformación,117
104680124489636,Demoscopia Digital,Demoscopia Digital,115
1455020028114688,Jaime Bueno Zertuche,Jaime Bueno Zertuche,≤100
103710145621987,Lizbeth Ogazón Nava,Raymundo Mendoza Arredondo,≤100
165781813528495,Rodolfo Walss,Rodolfo Gerardo Walss Aurioles,≤100
103554995261550,Torreonenses informados,Elena Duran Jimenez,≤100
104581868642900,La Elección,La Elección,≤100
106865972279596,Por amor a México,Por Amor A Mexico,≤100
420622325060579,Consulta & Norte,Consulta & Norte,≤100
285058928236909,Mauricio Vila,Mauricio Vila,≤100
133478060111915,CEMEX Impacto Social,CEMEX México,≤100
107020672147342,José Miguel Martínez Campos,MAD analytics,≤100
100557755099985,Convocatorias 2023,Convocatorias 2023,≤100
182252948625872,Los Rescatadores,"Refleacciona con Responsabilidad, A.C.",≤100
127374167321064,Erick Zapata,Erick Zapata,≤100
101953348953119,Reforma Monreal,Paul Martinez Chavez,≤100
120960044277166,Despertar del Tigre,Raymundo Mendoza Arredondo,≤100
101434928065621,Urbieta fumigaciones,These ads ran without a disclaimer,≤100
108334872107207,El Noticioso de Occidente,El Noticioso de Occidente,≤100
174058432636166,El Deforma,El Deforma,≤100
101701991930418,UNIDEV,UNIDEV,≤100
101267031439463,Voz de las Empresas,Consejo de la Comunicación,≤100
1772086512892206,Revolución Democrática 2.0,Diana Laura Colin Lopez,≤100
133056480769,Gobierno del Estado de Chihuahua,Gobierno del Estado de Chihuahua,≤100
857608504308460,Toño Gutiérrez Jardón,Jose Antonio Gutierrez Jardon,≤100
110350451915834,Taskbox Development,These ads ran without a disclaimer,≤100
109228437096500,Gabriel García Hernández,Gabriel García Hernandez,≤100
351692528718078,GobernArte,GobernArte,≤100
493453457351145,Coparmex Nacional,Coparmex Nacional,≤100
48966795116,Amnistía Internacional México,Amnistía Internacional México,≤100
387796290649,GNP Seguros,GNP Seguros,≤100
458859544909547,DICES,DICES,≤100
196705420663884,Código Magenta,Código Magenta,≤100
1095948597209125,Grupo Financiero Banorte,Banco Mercantil del Norte,≤100
239726076054918,Partido del Trabajo México,Partido del Trabajo México,≤100
1415863341806268,DMC - Music Center,CENTRO DE ENCUENTRO ARTÍSTICO DMC A.C.,≤100
115759524751786,Mujeres Con Claudia,Mariana Granados,≤100
108161667697007,Antonio Castro,Antonio Castro,≤100
953657811446042,Conciencia Nacional por la Libertad Religiosa,Fundación en Promoción de la Familia y la Libertad AC,≤100
233652128065243,Goberna México,Goberna Consultoría Política,≤100
1103003006390638,Arturo Franco,Arturo Franco,≤100
213278699097973,Ángel Mahatma Sánchez,Ángel Mahatma Sánchez,≤100
100539512991362,Yo con Ella,Rosa Eugenia Diaz Biones,≤100
2093065897608125,Competente MENTE,Sergio Adonnay Mora Ramirez,≤100
116437828394342,Phiten Mexico,Phiten Mexico,≤100
643513979193133,Unidos por Beatriz,Neuma,≤100
105548811201437,Luis David Ortiz Salinas,Luis David Ortiz Salinas,≤100
147751821930575,Salud Digital Fundación Carlos Slim,Fundación Carlos Slim,≤100
540795076057624,Enfoco.mx,Enfoco.mx,≤100
107296958535185,U-Report México Uniendo Voces,U-Report México Uniendo Voces,≤100
1812297282329742,Jorge Triana,Jorge Triana Tena,≤100
304633863283188,FNSI México,FNSI México,≤100
107509487815279,Dedogmasyrenuncias,DE DOGMAS Y RENUNCIAS,≤100
109474928114443,Actívate,José Ángel Soubervielle,≤100
108341180995447,4T México,Diana Melissa Leyva Rochin,≤100
110187414493874,Plataforma Informativa Mexicana #PIM,euthenics,≤100
1583631301915573,Liborio Vidal,Liborio Vidal Aguilar,≤100
266763400088630,Arturo Yañez Cuellar,Jose Aurelio Vargas Sandoval,≤100
2059420467624770,El Tecolote Diario,El Tecolote Diario,≤100
1452189031676518,Hyundai México,HYUNDAI MEXICO,≤100
101128435630238,Química y Formulación,Química y Formulación,≤100
105505599062277,Atte.tuamiga,Atte.tuamiga,≤100
134188236725011,Noemi Luna,Noemi Berenice Luna Ayala,≤100
235606900176440,Macronews,Macronews,≤100
336492163428628,José Luis Santos,José Luis Santos,≤100
411235336284306,Empresarios por la Cuarta Transformación,"Empresarios 4T, Asociación Civil",≤100
264060497093390,Shamir Fernández Hernández,Gabriel Francisco Pedro,≤100
115592847024547,Iraís Reyes,Iraís Reyes,≤100
277380886249639,ExxonMobil México,"ExxonMobil México, S. A. de C. V.",≤100
245495562137150,Mitofsky,Roy Campos,≤100
171494803269262,Noticias México,euthenics,≤100
1833738690010980,Hey Coahuila,Edgar Ramirez Hernadez,≤100
109896661873670,Bienestar México,Bienestar México,≤100
1734951530056727,Carmen Lilia Canturosas,Carmen Lilia Canturosas,≤100
101056665941565,Lucero Santana,Lucero Elizabeth Santana Perez,≤100
105533795460071,Norte Monrealista,Norte Monrealista,≤100
107727682047392,XunMexicodeverdad,X UN MÉXICO DE VERDAD,≤100
219168613441556,Abogados México,Jose Miguel Ramirez Valenzuela,≤100
581712335293495,Naturales Ain Spa.,These ads ran without a disclaimer,≤100
1327748667304965,Carlos Peña Ortiz,Carlos Peña Ortiz,≤100
1757489171180671,Massive Caller,Massive Caller,≤100
103395775997425,Prepa en Linea desde casa SEP,UNIDEV Universidad SC,≤100
1415691342026378,Fundación Carlos Slim,Fundación Carlos Slim,≤100
105848177845789,All Out en español,All Out,≤100
104943798608724,Preparatoria en línea SEP México,UNIDEV Universidad SC,≤100
100431071908734,La-Lista,DCS MEDIA & COMMUNICATIONS,≤100
257333027729841,Julieta Ramírez,Julieta Ramirez,≤100
177319665650476,ClikiSalud - Fundación Carlos Slim,Fundación Carlos Slim,≤100
100549545406487,Marco Tulio Sánchez,These ads ran without a disclaimer,≤100
235994093744848,Contra Réplica,EDICIONES SAN FRANCISCO S.A. DE C.V.,≤100
101237389222759,Alfonso Rodríguez Bautista,Morena Huehuetoca,≤100
107732841148576,Esteban Abraham Macari,These ads ran without a disclaimer,≤100
108086911387918,Preparatoria Virtual Unidev,UNIDEV Universidad SC,≤100
1653542234724922,Cristina Salinas,Cristina Salinas,≤100
106307612088667,Preparatoria en Línea SEP,UNIDEV Universidad SC,≤100
117243477978474,Termina tu preparatoria en 4 meses SEP,Unidev Universidad SC,≤100
102849895453455,El nacionalista,Rene Mejia Torres,≤100
266278810773644,El Rincon de Maquiavelo,El Rincon de Maquiavelo,≤100
101740711752535,RUBRUM,Multipoll S.A. de C.V.,≤100
707874865918912,ADN Alternativa Democrática Nacional,Canek Ortega Cano,≤100
915220875259528,Telokwento,TELOKWENTO,≤100
106681135502068,Ismael Carvallo,Ismael Carvallo,≤100
104546498723247,Mauricio Cantú,Mauricio Cantú,≤100
381985873573,Partido de la Revolución Democrática PRD,Partido de la Revolución Democrática,≤100
196493763808241,CEEY,CENTRO DE ESTUDIOS ESPINOSA YGLESIAS,≤100
113696735321509,Pepe y Toño,Consejo de la Comunicación,≤100
109553455415879,Bachillerato desde casa SEP,Unidev Universidad SC,≤100
114643494909381,Bachillerato en 4 meses SEP,Unidev Universidad SC,≤100
409800789114458,Antonio Pelón Cervera,Macronews,≤100
102268952205344,Noticias México,Kimberley Lisset Martinez Alanis,≤100
101461686043880,Centro Certificador de Estudios Especializados.,Abel Ivan Aragon Maldonado,≤100
477874639002114,Joaquín López-Dóriga,PLATAFORMA DIGITAL JOAQUIN LOPEZ DORIGA. S. DE R.L. DE C.V,≤100
138016565116389,Prepa En Linea SEP,UNIDEV Universidad SC,≤100
101243359536311,Preparatoria en línea SEP desde casa,UNIDEV Universidad SC,≤100
320349101760473,Inboplast A.C.,Inboplast A.C.,≤100
104679845738578,La Rebelión de la Clase Media,Velasco & Solá,≤100
113571298344489,Becas Unidev,Unidev Universidad SC,≤100
832837340398211,Codashop,These ads ran without a disclaimer,≤100
519051388241845,Fundación FEMSA,Fundación FEMSA,≤100
308039549662366,Moisés Cedillo Rodríguez,Moises Aaron Cedillo Rodriguez,≤100
182224979243764,Benjamín Carrera,Benjamín Carrera Chavez,≤100
1362899813848288,Cobertura 360 MX,Cobertura 360 MX,≤100
106933042327436,Bachillerato Virtual de Mexico,Unidev Universidad SC,≤100
111016235050841,Revuelta,Revuelta Mx,≤100
203204102812,Fundación Friedrich Naumann para la Libertad México,Alexandra Patricia Arevalo Muñoz,≤100
286051098107613,Fuego Cruzado,Victor Hugo Chavez Luna,≤100
106037864919855,Ana Ayala,Ana Elizabeth Ayala Leyva,≤100
878654108845351,Armando Tejeda,Armando Tejeda,≤100
149356031821584,Arena Pública,Arena Pública,≤100
100905166136342,Preparatoria SEP en línea,Unidev Uiversidad SC,≤100
124631600949535,Yo Influyo,Yoxmex,≤100
118245287128962,Juan Carlos González Romero,Victor R. Benitez,≤100
115896348052800,Preparatoria virtual SEP desde casa,UNIDEV Universidad SC,≤100
172262836190214,Julen Rementeria del Puerto,Julen Rementeria del Puerto,≤100
194885537530704,"Sindicato Minero ""Los Mineros""","Sindicato Minero ""Los Mineros""",≤100
103657085905852,Índigo Energía e Industria,Índigo Energía e Industria,≤100
106034232292980,Preparatoria en línea Mexico,UNIDEV Universidad SC,≤100
108265761978474,Noticias Morelos,Pablo Andres Vega Castro,≤100
465777803515977,Poncho Gutiérrez,Poncho Gutiérrez,≤100
105925314120759,Mario Bracamonte,Julián Reynoso Mazoy,≤100
101295992671758,Libertarismo México,México Libertario,≤100
695261801312971,Revista Encuentro en Acción,Revista Encuentro en Acción,≤100
160752503961,EMEEQUIS,EMEEQUIS,≤100
102840432194160,Somos Tamaulipas,Jose Maria Gamez Torres,≤100
1103479286344796,Revista de Coahuila,Revista de Coahuila,≤100
110703528634325,Bachillerato Unidev SEP,Unidev Universidad SC,≤100
116013091371418,Julio Huerta,Julio Huerta,≤100
437616359600178,Fernando Garza Martinez,Alfonso Adrian Garcia Sevilla,≤100
106645559043162,Bachillerato virtual SEP,Unidev Universidad SC,≤100
107171571317376,El Chairomántico,Poncho Gutiérrez,≤100
100891089041335,Termina tu preparatoria desde casa SEP,Unidev Universidad SC,≤100
113614754985252,Preparatoria 4 meses SEP,Unidev Universidad SC,≤100
105122719100710,Círculo de Formación Académica de Xico,These ads ran without a disclaimer,≤100
283480958685751,Obdulio Ávila M,Obdulio Ávila M,≤100
244524445753966,Armando Contreras Castillo,Armando Contreras Castillo,≤100
1001193589922076,El Clarín De Morelos,grupo clarin,≤100
104198335842437,Preparatoria SEP Virtual,UNIDEV Universidad SC,≤100
102539288557323,Museo de Ciencias Ambientales,Museo de ciencias ambientales,≤100
108285588456412,Instituto Dasein Meraki,Silvia Jazmin Zarate Chong,≤100
104094185438978,Contadores Mexicanos,Contadores Mexicanos,≤100
101632762794855,Ciudadanos Seguros,Ciudadanos Seguros,≤100
112157905031548,Apoyo Regio,Apoyo Regio,≤100
909433945747355,Sandra Pámanes,Sandra Pámanes,≤100
106178698930897,Preparatoria SEP en línea,Unidev Universidad SC,≤100
882120822128618,Patricio Lozano,Patricio Lozano,≤100
1008708972625667,Julieta García Zepeda,Nicolas Gutierrez Garcia,≤100
103005598124076,Escala Legal,ESCALALEGAL,≤100
101555818455943,"Rafael ""Rafa"" Ramírez",Jose Rafael Ramírez Morales,≤100
111811104956211,Vámonos Por Partes,Ammy Bethsua Bañuelos,≤100
281188282215551,José Medina Mora Icaza,José Medina Mora Icaza,≤100
148709191834718,Alcaldes de México,Alcaldes de México,≤100
592495347619799,Mi familia es primero,Yoxmex,≤100
101986141560046,El Yuca Cabezon,El Yuca Cabezon,≤100
109927953731014,Espacio Libre México,Espacio Libre México,≤100
108355680942466,Zuriel Rosas,Zuriel Rosas,≤100
185702296375261,Mexicómo,MEXICOMO,≤100
536886746673043,Jóvenes MX,Yoxmex,≤100
735663383283813,Alfredo Fernández,Alfredo Fernández Arceo,≤100
324931054740429,Jaime Cervantes,Jaime Cervantes Valdez,≤100
246706730601149,Preparatoria desde casa SEP México,UNIDEV Universidad SC,≤100
102111424904950,Fabi y Hernan,These ads ran without a disclaimer,≤100
2224502900946392,Diplomados UNAM- Congreso.,Martin Vera,≤100
106037935750658,Preparatoria Unidev desde casa,Unidev Universidad SC,≤100
102784292264814,Preparatoria en linea México bachillerato,UNIDEV Universidad SC,≤100
136647743847,NIC México,These ads ran without a disclaimer,≤100
316410785381595,Fundación Cendes,Centro Nacional para el Desarrollo Sexual Infantil y Juvenil A.C.,≤100
852694654845166,Paco Turati,Paco Turati,≤100
112252053650029,Preparatoria SEP en Línea,UNIDEV Universidad SC,≤100
302448513146235,Jorge Romero Herrera,JORGE ROMERO,≤100
164856266971710,Es lo Cotidiano,Es lo Cotidiano,≤100
109736050805126,El Minutero,El minutero,≤100
582650362076920,César Ulloa G.,César Ulloa G.,≤100
365624347194039,Karla Almazán,Karla Almazán,≤100
176047519101203,Códice Informativo,Códice Informativo,≤100
1374919246095022,CEDPRO Centro de Educación Deportiva Profesional,These ads ran without a disclaimer,≤100
216561382207540,Periódico La Encuesta,Periódico La Encuesta,≤100
479751765559726,Manuel Hernández Badillo,Manuel Hernández Badillo,≤100
640044982685950,PRD Michoacán,PARTIDO DE LA REVOLUCIÓN DEMOCRÁTICA,≤100
360065277523541,Pedro Estrada,Pedro Estrada Córdova,≤100
101286431308424,Dr. Paco Sánchez,Dr Paco Sánchez,≤100
100439725731012,Preparatoria SEP en línea México,UNIDEV Universidad SC,≤100
114024430364416,YoXmx,Yoxmex,≤100
109575971718478,Hitzel Bernal,Hitzel Bernal,≤100
543589789374296,Memo Toscano,Guillermo Toscano Reyes,≤100
801673763367076,Carlos Cesar Jasso Rodríguez,Carlos Cesar Jasso Rodriguez,≤100
432923167438353,Jorge Hernández Aguilera,Julián Reynoso Mazoy,≤100
100101715679554,ZOE México,ZOE México,≤100
265938437673601,Yo Soy Mi Planeta,Yoxmex,≤100
108099371628440,Diputada  Edi M. Soriano Barrera,Edi Margarita Soriano,≤100
106853071237547,Óscar Gutiérrez Camacho,Óscar Gutiérrez,≤100
110763055151832,Preparatoria en línea SEP,UNIDEV Universidad SC,≤100
186829918250,Ciudadanos en Red,Egresa Eventos y Turismo SA de CV,≤100
155695827908071,Diputadas y Diputados Petistas,Diputadas y Diputados Petistas,≤100
1522195418029530,Político MX,Político MX,≤100
681291175575804,Visible,Lievant Studio,≤100
1856514037937535,SuperMesa,Ramon Jorge Guardado Pérez,≤100
658580710854883,Nueve Arte Urbano,Eduardo Sánchez Becerra,≤100
944823365909303,Medio Serio,Nuria Valenzuela Márquez,≤100
122154061801959,Colectivo Mujeres Cabeza de Familia,Yoxmex,≤100
108754004975276,CIAC Consultoria,These ads ran without a disclaimer,≤100
106338501265771,La punta y el iceberg,La punta y el iceberg,≤100
101014194649283,Soraya Izquierdo,These ads ran without a disclaimer,≤100
371111709616105,Valkiria On Line,Valkiria On Line,≤100
358838008249321,Isidro Vargas,Isidro Vargas,≤100
110470775150520,Luis Quiroga,Luis Quiroga,≤100
2178007585850425,Instituto DPC,These ads ran without a disclaimer,≤100
2271176223117069,Proyecto Sardina,Proyecto Sardina,≤100
100332908733199,Fundación Traxión,Fundación Traxión,≤100
1103479286344796,Revista de Coahuila,Revista de Coahuila,≤100
125915447459526,Ecoosfera,These ads ran without a disclaimer,≤100
107454174761765,Etech Evolving Education,Etech Evolving Education,≤100
102255904996475,Geovanna Campos Vazquez,Julián Reynoso Mazoy,≤100
167853737205938,Arturo Hernández Tapia Diputado Federal,Arturo Roberto Hernández Tapia,≤100
107738917712607,ALA,Alexa Trujillo,≤100
1587273468223028,Misaj Becerra,Misaj Gonzalez Becerra,≤100
109293358009070,Qué rayos con Vladi?,Vladimir Fernández Cabrera,≤100
1871963173033717,Othon Hernández Candanedo,Othon Hernandez Candanedo,≤100
306881586007009,Los Ángeles Press,Ruth Gutiérrez,≤100
111747610668938,Nota Online.,Nota Online.,≤100
108970623801463,Profr Carlos Rea Camacho,Profr Carlos Rea Camacho,≤100
502725876775008,Scientia,Augusto Martín Cedillo López,≤100
178625645626125,Movimiento Ciudadano Nuevo León,Movimiento Ciudadano NL,≤100
357392910954448,Abelina López Rodríguez,Abelina López Rodríguez,≤100
1446817718875425,Aquí Apesta,These ads ran without a disclaimer,≤100
106917395544366,Red Morena Digital,Fabian Ismael Torres Alvarez,≤100
103533465483263,Centro de Estudios y Capacitación Integral en Nutrición,Alfredo Esquivel Villeda,≤100
114086908288868,,These ads ran without a disclaimer,≤100
369781099786031,Omar Castrejón,Omar Alejandro Castrejón Ruiz,≤100
100671096208741,Perfil Fronterizo al Momento,Perfil Fronterizo al Momento,≤100
463358453871269,JuanMa Munguía,JuanMa Munguía,≤100
1630179603893278,Egresados IPADE AC,Zoltan Augusto Braun Casillas,≤100
1772821586329486,Macropolisqr,Alejandro Vargas Gonzalez,≤100
106458614450818,Miguel Dávila,Miguel Angel Davila Treviño,≤100
247091415478957,Lorena de la Garza Venecia,Lorena de la Garza Venecia,≤100
858032527584472,Hiram Rodriguez L,Hiram Rodriguez L,≤100
161578186006,Plan Estratégico de Juárez,Plan Estratégico de Juárez,≤100
107388102211536,Percepcion Social,Percepcion Social,≤100
769717640110340,RAIZ Chiapas,These ads ran without a disclaimer,≤100
101150081313643,La Casa del Koala,These ads ran without a disclaimer,≤100
232336684381335,RED periodismo veraz y objetivo,Ana Cristina Hernández Gallo,≤100
1024212257622837,Paola Jiménez Hernández,LIPCO,≤100
538376106328648,Alberto Viveros Noticias,Alberto Viveros Noticias,≤100
768729776576472,Susy Bermúdez,Susy Bermúdez,≤100
111665134345152,Jesús Abdala Abbud Yepiz,Jesus Abdala Abbud Yepiz,≤100
106811552699981,Eduardo Rodriguez,Jose Eduardo Rodriguez Perez,≤100
140795939947196,Selina Trujillo,Selina Trujillo Arizmendi,≤100
117471941235895,capseorg,These ads ran without a disclaimer,≤100
190394041002546,Nuevo Gráfico,Nuevo Gráfico,≤100
110770031105769,Mennta,Alejandro Cruz Flores,≤100
267560693897156,Sagrario Guzmán,Elizabeth Guzmán Ureña,≤100
108917220989534,Fernando Ferrer,Fernando Ferrer,≤100
100708809014117,Osiris Cv,Osiris Castro Vargas,≤100
114175028689083,Juan José Jiménez Yáñez,Juan José Jiménez Yáñez,≤100
655883411268969,Daniel Barquet,Daniel Alberto Barquet Loeza,≤100
408048623327399,Alternativa Sindical,Beatriz Angélica Toscano de la Torre,≤100
106926388587850,elcuartopoder.mx,elcuartopoder.mx,≤100
111980298454643,Miguel Ángel Sánchez Rivera,Miguel Ángel Sánchez Rivera,≤100
299429370142876,David Sánchez Isidoro,David Sanchez Isidoro,≤100
442196819189449,Noventa Grados,Noventa Grados,≤100
341280256501796,AVeRitas,These ads ran without a disclaimer,≤100
105924582287904,maquillandopermanente,These ads ran without a disclaimer,≤100
151844091545900,Marcela Guerra,Marcela Guerra Castillo,≤100
1614410865470755,Columnas de México,Columnas de México,≤100
101127461297853,Eduardo Vega,Eduardo Vega,≤100
322210114635895,Update México,Update México,≤100
230864580414099,Enfermero Muñoz,Francisco Muñoz,≤100
546659042083174,Periodico La Tiza,These ads ran without a disclaimer,≤100
113491908354424,Yovani de León,These ads ran without a disclaimer,≤100
996060393800265,Betty Rivera al Aire TV,Beatriz Rivera,≤100
496096610569383,Diputados en Acción CDMX,Diputados en Acción,≤100
106175071328194,Karina Lira,Karina Lira Hernandez,≤100
102174535230967,AMLO  El MEJOR Presidente De México,These ads ran without a disclaimer,≤100
1541390972772575,No Memes,No Memes,≤100
1040037946167834,Venta y Renta de Inmuebles a Bajo Costó - CDMX y Edo. México,These ads ran without a disclaimer,≤100
242666444366187,Municipio de Huatabampo  2021-2024,Alberto Ibarra,≤100
383813548439460,PerióMetro,Andrés Vera Díaz,≤100
226699804054458,Juan Carlos Barragán Vélez,Juan Carlos Barragan Velez,≤100
390528021812774,Jorge Luis Llaven Abarca,Jorge Llaven,≤100
762847707140450,CIELO - Federación Indígena Empresarial y Comunidades Locales de México.,These ads ran without a disclaimer,≤100
120728010968132,Lupita Custodio,These ads ran without a disclaimer,≤100
107545877814736,Becas SEP,Kimberley Lisset Martinez Alanis,≤100
1675328686034040,Beto Orobio,Alberto Orobio,≤100
1708378782713605,Pulmón Urbano A.C.,Pulmón Urbano A.C.,≤100
194038677900027,Solar + Storage México,These ads ran without a disclaimer,≤100
109992918158136,Feminanciera,Sandra Sanchez Jauregui,≤100
102048562538345,Todos Unidos Hacemos el Cambio,Jorge Eduardo Bonilla Aguilar,≤100
301653613284149,Periódico de Izcalli,PERIÓDICO DE IZCALLI,≤100
109718987583190,Brighite Granados,Nubia De La Rosa,≤100
106020818387384,Oniceth DeJehova -Oracion Sanadora,These ads ran without a disclaimer,≤100
102382772020688,Inspenet,These ads ran without a disclaimer,≤100
158714780827513,UNFPA,These ads ran without a disclaimer,≤100
122775067736304,POWER magazine,These ads ran without a disclaimer,≤100
101084949601318,Es Claudia Chihuahua,Nubia De La Rosa,≤100
1702138929926817,Mongabay Latam,These ads ran without a disclaimer,≤100
103778518770934,Paulina Aguado Romero,Paulina Aguado Romero,≤100
161666143844859,Sandvik,These ads ran without a disclaimer,≤100
1545555582174942,TResearch,TResearch,≤100
162087891244978,Alexander Hernández Flores,Alexander Hernandez Flores,≤100
2014287688794615,Mr Doctor,These ads ran without a disclaimer,≤100
888507404545826,Chanderpur Group,These ads ran without a disclaimer,≤100