﻿Page ID,Page name,Disclaimer,Amount spent (KES)
277406505978578,E On 3 Group,These ads ran without a disclaimer,136
173516606349429,Hon Wavinya Ndeti,Wavinya Ndeti,≤100
105833652399018,Maina Karobia,Mwangi Godfrey Maina,≤100
1506723769658512,Susan Kihika,Susan Kihika,≤100
484917995035641,"Dtr Owiti Owayo,FDR","Dtr Owiti Owayo,FDR",≤100
194141207389467,Booker Ngesa Omole,Communist Party of Kenya,≤100
112754900441156,DR. Kiarie Badilisha,Moses Ndirangu Badilisha Kiarie,≤100
103408652150397,Hon. Mohamed Soud Machele,Ibrahim Aziz Omar,≤100
113084254966376,Eddie Maestas,These ads ran without a disclaimer,≤100
117039841320523,Big Pink Youth Dialogue,These ads ran without a disclaimer,≤100
107410862226340,Make Africa Great Again,These ads ran without a disclaimer,≤100
983135718420987,Visit Jiangsu,These ads ran without a disclaimer,≤100
105963665254430,魅力台州 Charm of Taizhou,These ads ran without a disclaimer,≤100
105494315161744,talkdiplomacy,These ads ran without a disclaimer,≤100