﻿Page ID,Page name,Disclaimer,Amount spent (USD)
111335631579594,Bernab Bella,These ads ran without a disclaimer,≤100
101605572118417,Qarabağ Dirçəliş Fondu,Qarabağ Dirçəliş Fondu,≤100
178886752255904,APA TV,APA TV,≤100
459298240774359,ModeratorAz,Taryel Huseynli,≤100
806234346120161,Toplum TV,Toplum tv,≤100
104355860955968,Press Klub,Nicat Əliyev,≤100
330940447588598,APA,Azeri Press Agency,≤100
519983814812150,Xeberler,Taryel Huseynli,≤100
305019964396,Lent az,Lent az,≤100
100202725184190,Caliber.Az,Caliber LLC,≤100
100889002674176,Center for Studies of the South Caucasus - CSSC,These ads ran without a disclaimer,≤100
1431548557163783,Caliber News,Caliber LLC,≤100
108272475270673,Göygöl Rayon İcra Hakimiyyəti,Göygöl Rayon İcra Hakimiyyəti/Excutive Power of Goygol District of Azerbaijan,≤100
101122089314458,Artikl 54 İctimai Birliyi,Article 54 PU,≤100
101706675429426,Karabakh Center,Qarabağ Dirçəliş Fondu,≤100
643654899036233,İnnovasiyalar Mərkəzi / Innovations Center,İnnovasiyalar Mərkəzi,≤100