﻿Page ID,Page name,Disclaimer,Amount spent (NOK)
135843375926,UNICEF Norge,UNICEF Norge,722
198148715581,Vestfold og Telemark FrP,Vestfold og Telemark FrP,161
329804540373370,Vestfold og Telemark fylkeskommune,Vestfold og Telemark fylkeskommune,128
623596214494727,Anima - Stopp dyremishandling,Anima - stopp dyremishandling,≤100
132368899297,Framtiden i våre hender,Framtiden i Våre Hender,≤100
20468812735,LO,LO,≤100
108106430662575,Suscon As,Ronny Grindstein,≤100
234659001772,Arbeiderpartiet,Arbeiderpartiet,≤100
2398568533531114,Velferdsmiks,NHO Service og Handel,≤100
44960467949,Greenpeace Norge,Föreningen Greenpeace Norden,≤100
21603349508,NOAH - for dyrs rettigheter,NOAH - for dyrs rettigheter,≤100
119797291429215,RIO - en landsdekkende brukerorganisasjon på rusfeltet,RIO - en landsdekkende brukerorganisasjon på rusfeltet,≤100
119878348024795,ULOBA,Uloba - Independent Living Norge SA,≤100
94140749496,HL-senteret,HL-senteret,≤100
728518604216173,HELT MED,Stiftelsen HELT MED,≤100
417968848252894,Besteforeldrenes klimaaksjon,Besteforeldrenes Klimaaksjon,≤100
380405316155402,Stopp alzheimer og demens,Nasjonalforeningen for folkehelsen,≤100
108203984145752,Kruse Larsen,Kruse Larsen,≤100
284375224934900,ASKO - vi forsyner Norge med mat,Johanne Emilie Brodtkorb,≤100
102560641840786,Preventio,Preventio,≤100
300127442096,Norske Kvinners Sanitetsforening,Norske Kvinners Sanitetsforening,≤100
106716332332281,Njål Vigleik Grene-Johnsen,Njål Vigleik Grene-Johnsen,≤100
126448980866214,Klassekampen,Klassekampen AS,≤100
111036919049229,Offshore Norge,Offshore Norge,≤100
105939782037295,Altinget.no,Altinget AS,≤100
119878348024795,ULOBA,Uloba - Independent Living Norge,≤100
112631767587663,Meninger24,Meninger24,≤100
100722841311675,"Kristiansand Pensjonistparti - Barn, Familie og Pensjonist",Kristiansand Pensjonistparti,≤100
102040431616976,Beaufort Solutions,Beaufort Solutions,≤100
106562262329690,Vestfold Arbeiderparti,Hans Øhre,≤100
291789484748906,Senter for hav og Arktis,Senter for hav og Arktis,≤100
87445018334,Nobel Peace Center,Nobel Peace Center,≤100
935373489846977,Agora Kulturkafe,These ads ran without a disclaimer,≤100
559191674558474,Nortel,These ads ran without a disclaimer,≤100
100885889429302,Verdinytt,Verdinytt AS,≤100
186626994701210,Forbundet for Ledelse og Teknikk (FLT),Forbundet for Ledelse og Teknikk (FLT),≤100
46818767155,Miljøpartiet De Grønne - MDG,Miljøpartiet De Grønne,≤100
178897738805857,HK Norge,These ads ran without a disclaimer,≤100
159084565236,Transit magasin,Transit Media AS,≤100
1514635018793437,Nordmørslista,Nordmørslista,≤100
609322219124074,Bærum MDG,Bærum Miljøpartiet de Grønne,≤100
227688410297,Radio Latin-Amerika,Radio Latin-Amerika,≤100
237560553353971,Ordførar i Time - Andreas Vollsund,Andreas Vollsund,≤100
371106536283235,DAG OG TID,Dag og Tid AS,≤100
316553905027100,Stefanusalliansen,Sindre Røyland,≤100
328734170817962,Milda Sabiene - Holistic Coach,These ads ran without a disclaimer,≤100
100413414896323,Bluebeam Sweden,These ads ran without a disclaimer,≤100
106776559007113,Новости дня,These ads ran without a disclaimer,≤100