﻿Page ID,Page name,Disclaimer,Amount spent (USD)
101090858962676,Mama yuko Kazini,Watanzania,≤100
106411238719021,Tanzania Post,Tanzania Post,≤100
102957431109934,نهضة تونس,These ads ran without a disclaimer,≤100
986309588105328,Africa Schoolhouse Foundation,These ads ran without a disclaimer,≤100
1196196390526965,Facebook Surveys,These ads ran without a disclaimer,≤100
428157337550611,ICMM,These ads ran without a disclaimer,≤100
108741524217559,Mayorspeaks,These ads ran without a disclaimer,≤100