﻿Page ID,Page name,Disclaimer,Amount spent (ARS)
103594282676235,Piensa Distinto,Piensa Distinto,183656
680986725302906,Roberto Mirabella,Hacemos Santa Fe,135638
100616616096642,Notitrece,Notitrece,109707
130929705668,Municipalidad de Córdoba,Municipalidad de Córdoba,31744
108146311912164,Laburen Ladris,www.laburenladris.com,27296
465558466800210,Maxi Pullaro,Maxi Pullaro,20118
136275719722184,Diario El Litoral Santa Fe,El Litoral,18183
107590944370114,Voz de Santa Fe,www.vozdesantafe.com.ar,12356
219074291500100,Hugo Marcucci,Hugo Mar,11327
525334380868858,Martín Lousteau,Martín Lousteau,11259
238608056195754,Leandro Busatto,Leandro Busatto,9862
465558466800210,Maxi Pullaro,Juntos por el Cambio Evolución,8829
1546712922304737,Dionisio Scarpin,Dionisio Scarpin,7885
307661541236,Grupo La Provincia,GLP,7019
269810603537426,Esteban Lenci,Esteban Lenci,7005
234890990763613,Federico Fulini,Federico Fulini,5850
1970489049897070,Emiliano Yacobitti,Emiliano Yacobitti,4632
110492713536,Santa Fe Capital,Santa Fe Capital,4457
1726365124243504,Clara García,Clara Garcia,4436
259111760849274,Federico Angelini,Juntos por el Cambio,3031
101505288317194,Antonella Garcia,Antonella Natacha Garcia,2858
367089004808,Amnistía Internacional Argentina,Amnistía Internacional Argentina,2737
589866887756301,Leandro González,Leandro González,2709
699758330894365,Actualidad Argentina,Actualidad Argentina,2416
103891389084724,Sebastián Julierac Pinasco,Sebastián Julierac Pinasco,2308
118556275460610,Marcelo Lewandowski,Marcelo Nestor Lewandowski,2296
110890318187982,Escucharte Santa Fe,Darret,2280
111017727886118,Chuchi Molina,Chuchi Adriana Molina,2275
260217841057049,Consultora Tendencias,Consultora Tendencias,2026
103088924366000,Noticias d,Noticias d,1973
167878593236712,UNICEF en español,These ads ran without a disclaimer,1961
221792280182,Municipalidad de Rafaela,Municipalidad de Rafaela,1869
543106696185653,Lucas Simoniello,Lucas Simoniello,1843
102452799242114,Diario Metropolis,Diario metropolis,1737
20906273675,Greenpeace Argentina,Greenpeace Argentina,1501
342966532950864,Juan Ignacio Pellegrini,Juan Ignacio Pellegrini,1500
304859109656812,Octavio Crivaro,Frente de Izquierda,1447
103439277924669,Mauricio Maroevich,Mauricio Rodrigo Maroevich,1275
183940131655054,María Eugenia Vidal,María Eugenia Vidal,1211
443594262328472,Lisandro Enrico,Lisandro Enrico,1177
185922194792026,Myriam Bregman,Frente de Izquierda,1158
758240871029547,Adrián Maglia,Adrian Daniel Maglia,1099
113898744658728,El Progreso Web,El Progreso,1088
185382695166196,Joaquín Blanco,Joaquín Blanco,1000
110276628358382,El Autónomo,El Autónomo,949
294784154520177,Caro Piedrabuena,Carolina Piedrabuena,936
107631983989726,Argentina Federal,Argentina Federal,929
100353269043329,Esteban Arico,Construir Ciudad San Lorenzo,832
111840548197413,Marcos Corach,Marcos Corach,801
785879308121052,Leonardo Viotti,Leonardo Gaston Viotti,798
544640985878621,Argentinos Online,Argentinos Online,797
233734300112003,Juan Monteverde,Ciudad Futura,783
452525851510103,Nicolás del Caño,Frente de Izquierda,761
1820323128201668,Mauro Ferrero Datri,Mauro Ferrero Datri,744
101996084777901,Mariela Belski,Mariela Belski,724
105447715646193,Verónica Geese,Veronica Geese,699
1629188167175797,Ale Ambort,Alejandro Jose Ambort,685
238778949515431,El Cronista,El Cronista,678
194536451101529,Erica Hynes,Erica Rut Hynes,674
104147274759706,Periodismo de Izquierda,Periodismo de Izquierda,666
624884470952813,Fernanda Gigliani,Fernanda Gigliani,643
561628140549166,Juan Senn,Juan Alberto Alejandro Senn,588
131381938371647,Corta La Bocha Noticias,Corta La Bocha,564
335926266503071,7D,7D,559
111669735076988,Hora Cero,Hora Cero Noticias,543
108679841853325,Contame Más,Contame Más,527
1672892756263757,Juan Carlos Giordano,Izquierda Socialista,503
622147001149782,ATE Provincia de Santa Fe,Asociación Trabajadores del Estado - Santa Fe,502
163829927003495,Armando Pipi Traferri,Armando Pipi Traferri,498
125183747539071,Noticias Argentinas,Noticias Argentinas,490
2239297522982118,Diego Martín,Diego Martín,484
101069349589481,Identidad Celeste Rafaela,Brote Ad S.A.,484
117782078843803,Juan Argañaraz,VIDA Y FAMILIA,481
459777610743664,Ariel Sujarchuk,HAY ALTERNATIVA PARA EL CAMBIO EN ESCOBAR - HACE,481
105434454484182,Difusión de Prensa Argentina,Difusión de Prensa Argentina,431
125998577978425,Guillermo Jerez,Barrio 88,416
111600998225620,Noticias Zero,Noticias Zero,415
796480967084066,Cele Fierro,MST Movimiento Socialista de los Trabajadores,408
1592347714335353,Marina Magnani,Unidad Ciudadana Rosario,403
325539471476976,Lorena Ulieldin,Lorena Teresita Ulieldin,377
105248585666200,Carlos Piedrabuena,Carlos Eduardo Piedrabuena,372
204959452871502,José Corral,José Manuel Corral,363
109237045323181,Patagonia Noticias,Patagonia Noticias,345
201726565777,El Urbano Digital,El Urbano Digital,333
605540860101596,Diario Criollo,Diario Criollo,324
1405120706440456,Conclusión,Diario Conclusión,313
458384960873948,Alejandro Cacace,Alejandro Cacace,290
204401556350395,Gustavo Valdés,Gustavo Valdés,275
175844725888213,Alejandro Bodart,MST Movimiento Socialista de los Trabajadores,275
102294322808022,Agenda Política,Agenda Politica,237
103021535961289,Cede,Cede,235
1075490039263857,Walter Ghione,Walter Ghione,234
105633261896594,Hola Santa Fe,Hola Santa Fe,233
403416169712996,Fundación para la Investigación Científica y los Estudios Sociales,Fundación para la Investigación Científica y los Estudios Sociales,233
107796462136638,La República Noticias,La República Noticias,230
106716278920168,Noticias Argentinas,Noticias Argentinas Web,228
533640840027437,Ariel Bermúdez,Ariel Esteban Bermúdez,211
418021931693365,Hugo Jesús Rasetto,Hugo Jesus Rasetto,202
441932999309507,Gabriel Real Diputado,Franco Nazareno Vitterbo,194
1408542766063285,Carla Carrizo,Ana Carla Carrizo,193
378225769015907,Fundación Embajada Abierta,Fundación Embajada Abierta,177
105493327767840,Newsweek Argentina,Newsweek Argentina,174
110806461830762,El Sol Web,El Sol Web,164
105455288953338,Esto es Boca,Esto es Boca,162
134557130216408,Jorge Jofré,Jorge Jofre,152
194683810915627,Ariel Báez,Ariel Carlos Baez,145
145806262649419,Fer Miño,Patria de Todos,142
914256738635117,Agustín Romano Norri,Agustin Jose Norri,141
2032671423453584,Mario Vadillo,Diputado Mario Vadillo,138
101349631999937,Noticias para el Cambio,Noticias para el Cambio,133
109337155756466,Norte Grande Federal,NG FEDERAL,127
459777610743664,Ariel Sujarchuk,Ariel Sujarchuk,126
109064367346748,Javier Branca Concejal,Javier Eduardo Branca,121
1477665742536733,FrenteVecinalista,Dario Adolfo Baez,116
104455719146837,El Meridiano,El Meridiano Noticias,115
111509551806903,El Deportivo Web,El deportivo oficial,114
106277608413948,Felipe Biella,Salta Independiente,108
259700217384725,Le Monde diplomatique - Edición Cono Sur,Capital Intelectual S.A.,104
500385270046043,Nox News,Nox News,≤100
1335210643181280,Cristina Berra Senadora,Santi Cinquini,≤100
628498977777284,El Continental,Periodico El Continental,≤100
178501982481850,UCR Misiones,Saul Aaron Maidana,≤100
113384436026702,Caren Tepp,Ciudad Futura,≤100
104919122026034,Revolución,Revolución,≤100
102670562720030,Asociación de Periodistas,Cele Roig,≤100
104135655737522,El Mate Amargo,El Mate Amargo,≤100
1187338514630380,El rincón de Cris,Elizabeth Belen Acevedo,≤100
857382087671921,Maxi Abad,radicalesorg,≤100
498407047269224,Miguel Arias,Miguel Mateo Arias,≤100
705172499580470,Gustavo Martinez,Gustavo Martinez,≤100
258519981604620,Marcos Otaño,Matias Agustin Alvarez Pereyra,≤100
327150604873221,Municipalidad de Puerto Iguazú,Municipalidad de Puerto Iguazú,≤100
174876119204869,Martín Insaurralde,Frente de Todos Lomas,≤100
1120801237931271,Luis Piri Macagno,Luis Piri Macagno,≤100
211047755609903,Anibal Calafell,Anibal Horacio Calafell,≤100
111637981320058,Productivismo - Política Argentina,Sergio Raul Samoilovich,≤100
104646448661838,La Pampa Ahora,La Pampa Ahora,≤100
414147902070636,Políticas para la República,Políticas para la República,≤100
1434280456871325,Ricardo Bravo,These ads ran without a disclaimer,≤100
258101354389715,Santiago E. Lambertucci,Santiago Lambertucci,≤100
413356852758756,Rodolfo Aguiar,Rodolfo Aguiar,≤100
101961091604984,ARGMedios,arg medios,≤100
134751226547299,Joaquín De la Torre,Joaquín de la Torre,≤100
102436695787908,Chubut por el Cambio,Juntos por Chubut,≤100
152914224736727,Banco Mundial,These ads ran without a disclaimer,≤100
304176325478,La Política Online,These ads ran without a disclaimer,≤100
827304387355478,Municipalidad de Ramallo,Municipalidad de Ramallo,≤100
101436018708005,Realidad Catamarca,Realidad Catamarca,≤100
103210325515576,Pablo Mamet,quierotw.ar,≤100
100135086249194,Noticias del Norte,Noticias del Norte,≤100
111311814786954,Facundo M Lopez,Facundo Manuel Lopez,≤100
1114644811920610,HolaSalta.com,HolaSalta Noticias,≤100
227761857237569,Instituto Gestar,Instituto GESTAR,≤100
105868508128629,60 segundos,60 Segundos,≤100
103163212414881,Néstor Fiser,Dahyana Natali Terrier,≤100
477463972361734,Rafa Moyano,Eduardo Dario Pereyra,≤100
428179387610545,Agenda Malvinas,Agenda Malvinas,≤100
103585129347826,Gaston El Kafu,These ads ran without a disclaimer,≤100
752831704894955,Celeste Ruiz Diaz,Maria Celeste Ruiz Díaz,≤100
102225455988133,Ramiro Adanto,Franco Nahuel Adanto,≤100
110039918575012,Noticias Express,Noticias Express,≤100
152281799964719,Krlirus,These ads ran without a disclaimer,≤100
273175230630,CAME - Confederación Argentina de la Mediana Empresa,CAME - Confederación Argentina de la Mediana Empresa,≤100
1631566107132147,Claudia Acevedo Concejal,Bruno Adrian Hernandez,≤100
100513966017836,Noticias del Sur,Noticias del Sur,≤100
110942240303824,German Ojeda,German Enrique Ojeda,≤100
133937418577537,Utopia Urbana,Utopía Urbana,≤100
168606106578096,Municipio Ciudad de Arroyito,Norte Creative SRL,≤100
100272671672857,Carlos Cisneros,Carlos Cisneros,≤100
113923401326706,El país ya,El país ya,≤100
131028307231874,Cristina Britez,Cristina Britez,≤100
146903305519923,Vocacion,Vocacion SRL,≤100
321762458692324,Sergio Castrillón,Mariano Gabriel Aguirre,≤100
821257038266581,Rita Núñez,Rita Vanesa Nuñez,≤100
100932749306130,Noticias Andinas,Noticias Andinas,≤100
1045742742140641,ENREDACCIÓN,Ruben Fabián Garcia,≤100
112932938744107,Archivo Histórico Municipal de Punta Alta,Luciano Facundo Izarra,≤100
348498375215969,Ricardo Buryaile,Jeremias Biglia,≤100
430773770330702,Gripe Prolongada - Dr. Jorge Derna,Gripe Prolongada - Dr. Jorge Derna,≤100
106164408025462,anitaizaguirreiribarne,These ads ran without a disclaimer,≤100
159567030739714,San Luis Informa,These ads ran without a disclaimer,≤100
433136076759972,Edhasa Argentina,Edhasa Argentina,≤100
111842694665173,Entrevistas con el Dr. Jorge Derna,Jorge Alberto Derna,≤100
1426373070912699,Cholila Online Portal de Noticias Digital,Luis Darío Fernández,≤100
101932465248756,Gustavo Piscitello,Gustavo Jorge Piscitello,≤100
177720598950247,La Ciudad Desnuda,Juan Esteban Scoufalos,≤100
105716442346264,Conurnarnia,Conurnarnia,≤100
1613324342277421,Calificadas,Calificadas S.R.L,≤100
105392265680573,Jorge Reale,Jorge Reale,≤100
1596026777305262,Teresita Madera,perfiles productora,≤100
154643514568743,Sergio Abrevaya,Sergio Abrevaya,≤100
1635790410050010,Josefina Mendoza,Josefina Mendoza,≤100
104892088538723,Saladillo Noticias,Saladillo Noticias,≤100
171330806277312,Diego Santilli,Instituto República,≤100
2339859699626643,Hacemos por Córdoba,Hacemos por Córdoba,≤100
648791755133650,Norma López,Norma López,≤100
274883916030955,Pablo Losada,United Business Arg,≤100
903577146395715,Toronto Centre,These ads ran without a disclaimer,≤100
167580079975960,Newnham Associates,These ads ran without a disclaimer,≤100
106450964481055,APsystems LATAM,These ads ran without a disclaimer,≤100
111967013731903,Goldwind,These ads ran without a disclaimer,≤100
124193294267113,Medicable,These ads ran without a disclaimer,≤100
100365208581323,Revolución Eñame,These ads ran without a disclaimer,≤100
102334429405192,descansocreativo,These ads ran without a disclaimer,≤100
121350964566751,DHL Motorsports,These ads ran without a disclaimer,≤100