﻿Page ID,Page name,Disclaimer,Amount spent (GBP)
102639461303190,Fair Pay For All,Fair Pay For All,6268
110861655604080,Friends of the Earth,Friends of the Earth (EWNI),3350
9250349228,Greenpeace UK,Greenpeace UK,3221
7715002593,UNICEF UK,Unicef UK,2932
311627208673,WWF UK,WWF UK,2539
106626487721376,Amazon Europe,Amazon Europe,2255
10677003998,Shelter,Shelter,1922
8807334278,Conservatives,The Conservative Party,1652
186622728032,RSPB,RSPB,1510
799576543492660,The Week Junior,The Week Junior,1348
407834355957354,NatWest Business,NatWest Group plc,1250
45986010500,Barnardo's,Barnardo's,1221
353224381469808,ifaw,IFAW,1129
569834799727730,National Grid UK,National Grid UK,1093
7043497714,Christian Aid,Christian Aid,1004
46074836918,The Trussell Trust,Trussell Trust,951
1450681158291594,Counter Terrorism Policing,UK Counter Terrorism Policing,925
360322167647280,"Mayor of London, Sadiq Khan",The Greater London Authority,885
35671512696,World Animal Protection UK,World Animal Protection UK,870
13533633585,National Trust,National Trust,821
121936349543,World Vision UK,World Vision UK,795
117476785190,Save the Children UK,Save the Children UK,793
34044296391,Surfers Against Sewage,Surfers Against Sewage,745
101958682650112,ESG UK,Energy Saving Grants,705
175338329150218,Help For Heroes,Help for Heroes,682
365948210785448,Criminal Injuries Helpline,Criminal Injuries Helpline,681
177855115588808,The Week UK,The Week UK,640
6406164817,Viva!,Viva! Vegan Charity,623
37981137361,The Children's Society,The Children's Society,622
10114144851,NSPCC,NSPCC,608
91897231853,HOPE not hate,HOPE not hate,544
263162170381168,The Salvation Army United Kingdom and Ireland Territory,The Salvation Army United Kingdom with the Republic of Ireland,534
167898406587045,Holiday Extras,Holiday Extras,518
33268280976,Disasters Emergency Committee (DEC),Disasters Emergency Committee (DEC),513
9110034275,Marie Curie UK,Marie Curie UK,487
200006375787,38 Degrees,38 Degrees,482
54605029793,British Medical Association,British Medical Association,473
7624294394,Amnesty International UK,Amnesty International UK,458
127031794038958,Blue Marine Foundation,Blue Marine Foundation,454
360132447199,Royal College of Nursing,Royal College of Nursing,442
123027101047606,Pancreatic Cancer UK,Pancreatic Cancer UK,418
7527864602,WaterAid UK,WaterAid UK,389
139695000173,Good Energy UK,Good Energy,380
1721275931466984,The Reclaim Party,The Reclaim Party,368
40409120801,Refugee Council,Refugee Council,364
59367068326,The Ramblers,The Ramblers,351
220543443746,International Rescue Committee - UK,International Rescue Committee UK,326
13047522725,Crimestoppers,Crimestoppers,320
158077247591710,Refuge,Refuge,315
18168505158,The Woodland Trust,Woodland Trust,311
246872175166,Action Against Hunger UK,Action Against Hunger UK,310
274651352565844,Oltco Ltd,Oltco Ltd,301
112712550420527,Ekō UK,Ekō,301
1738524969810037,Mission India UK,Mission India UK,287
195754307110390,Right To Life UK,Right To Life UK,279
1382543595173440,Humane Society International - UK,Humane Society International - UK,274
105298484651843,SME Climate Hub,SME Climate Hub,260
18933990398,Stonewall,Stonewall UK,257
135602823147553,Heathrow Airport,Heathrow Airport Limited,257
112712550420527,Ekō UK,SumOfUs,255
212038972186253,Transport for London,Transport for London,243
169042736456594,All Out,All Out,242
8422578815,Soil Association,Soil Association,241
55984857501,Open Doors UK & Ireland,Open Doors with Brother Andrew,233
104677264773039,We Eat Balanced,Agriculture and Horticulture Development Board,229
116851005026898,London Gatwick,Gatwick Airport Ltd,229
25749647410,The Labour Party,The Labour Party,224
106205865302441,Just Stop Oil,Just Stop Oil,222
119681001072,Gloucestershire Wildlife Trust,Gloucestershire Wildlife Trust,212
47612991154,Dignity in Dying,Dignity in Dying,210
104768005247443,Say No To WHO,Say no to WHO,210
603389616739829,Bite Back 2030,Bite Back 2030,208
40952091012,Asthma + Lung UK,Asthma + Lung UK,186
2047806148766050,Animal Equality UK,Animal Equality UK,180
490007667679401,Hugh James,Hugh James,178
1046117708754519,Care4Calais,Care4Calais,177
21038623537,Wellcome Collection,Wellcome Collection,176
290498754454402,European Movement UK,European Movement UK,168
227427673437,Tree Aid,Tree Aid,168
32514078659,Liberty,Liberty,165
112845639376,Refugee Action,Refugee Action,162
2352224541726783,Cancard,Cancard,160
1863944713844924,Best For Britain,Best for Britain,152
111339325988454,The Coders Guild,The Coders Guild,152
238394282845251,The Big Issue,The Big Issue,148
23958741368,Southbank Centre,Southbank Centre,142
208189704820,Ellen MacArthur Foundation,Ellen MacArthur Foundation,140
110538548040758,Care2 UK,John Ayling & Associates,138
241312696375349,National Education Union,National Education Union,138
26698813123,British Red Cross,British Red Cross,137
103222958945190,Reform UK - Mid Bedfordshire,David Holland,136
220513170893,Ripple Effect,Send a Cow,133
346684596111093,KinKind,KinKind Ltd,117
208573062515662,Freedom from Torture,Freedom from Torture,111
10986039307,VSO,VSO,108
713179875369048,London Gov,The Greater London Authority,108
249209468838241,Good Law Project,Good Law Project,106
107509044383300,Médecins Sans Frontières / Doctors Without Borders (MSF),Médecins Sans Frontières / Doctors Without Borders (MSF),103
1586251881644270,Keir Starmer,The Labour Party,102
547761111920012,Anglian Water - Love Every Drop,Anglian Water,102
89151782746,Fauna & Flora,Fauna & Flora International,101
358706239805,Scope,Scope,≤100
103500412781311,Trade Unlocked,Best for Britain,≤100
111503161740182,AGBI,AGBI,≤100
105932165739421,London Digital Jobs & Skills Hub,Generation,≤100
100553032399423,The Fund for Global Human Rights UK,The Fund for Global Human Rights,≤100
107485499287,Reprieve,Reprieve,≤100
49275915266,MSI Reproductive Choices,MSI Reproductive Choices,≤100
135456716565905,Guardian Jobs,Guardian Jobs,≤100
137660096284927,Child Poverty Action Group (UK) - CPAG,Child Poverty Action Group,≤100
112062847102147,Kanda,Kanda Consulting,≤100
1634484040190637,VERSUS,VERSUS,≤100
842468989127757,Premier Property,These ads ran without a disclaimer,≤100
103835971750,Orbis UK,Orbis UK,≤100
198081311536,"Natural History Museum, London","Natural History Museum, London",≤100
114738159729,"Praxis, for Migrants and Refugees","Praxis, for Migrants and Refugees",≤100
1660600037490738,Guardian Labs,Guardian Labs,≤100
73607375435,Open Rights Group,Open Rights Group,≤100
407402162736656,Labour East,The Labour Party,≤100
6366026879,Dogs Trust,Dogs Trust,≤100
152625604758775,Hampshire County Council,Hampshire County Council,≤100
159969930741814,The Wildlife Trusts,The Wildlife Trusts,≤100
113634282150318,Hillingdon Conservatives,Hillingdon Conservatives,≤100
7525251658,Virgin Unite,Virgin Unite,≤100
26321373907,AKT,akt (Albert Kennedy Trust),≤100
102093205997581,Danny Beales for Uxbridge & South Ruislip,London Labour Party,≤100
21517406388,Trees for Cities,Trees for Cities,≤100
63451405593,NFU Online,NFU Online,≤100
101255718164248,350 UK,350.org,≤100
7214031395,Oxfam Great Britain,Oxfam Great Britain,≤100
199098633470668,LADbible,LADbible,≤100
114651147002520,SSE Energy Solutions,SSE,≤100
183578656917,Wellcome Trust,Wellcome Trust,≤100
18366996074,War on Want,War on Want,≤100
100611146042662,Citizen Reach,CAN Digital Solutions Ltd,≤100
110100268235797,Hyphen,Link Media Corporation Ltd,≤100
6574632957,Unlock Democracy,Unlock Democracy,≤100
164362913586214,Womankind Worldwide,Womankind Worldwide,≤100
104117508042217,Spitting Image,Spitting Image,≤100
9695206314,Sustrans,Sustrans,≤100
264444526901270,Human Aid & Advocacy,Human Aid & Advocacy,≤100
5883973269,Liberal Democrats,"and promoted by the Liberal Democrats, 1 Vincent Square, London, SW1P 2PN.",≤100
146549422028829,The TaxPayers' Alliance,The TaxPayers' Alliance,≤100
99745777276,Porchlight,Porchlight,≤100
821260314574468,Bradford Literature Festival,Bradford Literature Festival,≤100
102220332025739,Centre for Ageing Better,Centre for Ageing Better,≤100
143837658998810,WWT,Wildfowl and Wetlands Trust,≤100
105213446201178,International Justice Mission,International Justice Mission,≤100
144289436063611,Drax Group UK,Drax Corporate Limited,≤100
134213516600832,Logistics UK,Logistics UK,≤100
1536244863288071,Terravesta,Terravesta,≤100
303760836322372,Bullen Healthcare,Bullen Healthcare,≤100
19895907944,CAFOD,CAFOD,≤100
125695284110771,Hertfordshire County Council,Hertfordshire County Council,≤100
103216101078525,The LEP,Leeds City Region Enterprise Partnership,≤100
137491719653536,Governors for Schools,Governors for Schools,≤100
349529338419493,Energy and Utilities Jobs,Energy and Utilities Jobs,≤100
1608245282744484,Yorkshire and the Humber Labour Party,The Yorkshire and Humber Labour Party,≤100
2015966338421658,Kids Operating Room,Kids Operating Room,≤100
111803601917868,Dan Korski for London Mayor,Dan Korski,≤100
327118287384388,The Institution of Engineering and Technology (IET),The Institution of Engineering and Technology (IET),≤100
134271016653249,World Jewish Relief,World Jewish Relief,≤100
388650307829032,Rachel Reeves,Rachel Reeves,≤100
165000236850106,Hackney Council,Hackney Council,≤100
148276958538181,The Royal Society,The Royal Society,≤100
46852258376,Anti-Slavery International,Anti-Slavery International,≤100
104732130870119,Slough Borough Council,Slough Borough Council,≤100
166917856704286,Essex County Council,Essex County Council,≤100
126261804063269,Surrey County Council,Surrey County Council,≤100
110490609008782,Crocs,These ads ran without a disclaimer,≤100
157492274367801,Cruelty Free International,Cruelty Free International,≤100
1567955710156124,The Women's Equality Party,Women's Equality Party,≤100
19110072263,FOUR PAWS,FOUR PAWS GB,≤100
108995912015327,Energy Advice London,Energy Advice London,≤100
6707857033,Global Justice Now,Global Justice Now,≤100
124471347603278,Positive Money UK,Positive Money,≤100
16160212611,The Royal Air Force Museum London,The Royal Air Force Museum London,≤100
100795052785246,Taybah Relief UK,Taybah Relief UK,≤100
104945155836223,Ian Wellby,Ian Wellby,≤100
120235764665422,Broxtowe Borough Council,Broxtowe Borough Council,≤100
140445935123,BCP Council,BCP Council,≤100
47496679743,The Climate Coalition,The Climate Coalition,≤100
104255571968810,Save My Vape,Save My Vape,≤100
25040545213,Contact - For families with disabled children,Contact,≤100
114937633750473,Oltco Ltd,Oltco Ltd,≤100
109324415039999,Oltco Ltd,Oltco Ltd,≤100
102881531374140,Oltco Ltd,Oltco Ltd,≤100
105579725420482,Oltco Ltd,Oltco Ltd,≤100
420815354644550,Central Bedfordshire Liberal Democrats,"and promoted by Liberal Democrats, 1 Vincent Square, SW1P 2PN.",≤100
121292038029801,The Passage Charity,The Passage,≤100
276842689093034,Westminster City Council,These ads ran without a disclaimer,≤100
107458721218674,ADF UK,ADF UK,≤100
625464517632792,Andy Street,the Conservatives,≤100
102557931820065,Bishop Auckland and Beyond,Bishop Auckland and Beyond,≤100
601388547012748,Ecologi,Ecologi,≤100
109403712473243,Bristol Energy Cooperative,Bristol Energy Cooperative,≤100
105434212379349,Acorn Bioenergy,Acorn Bioenergy,≤100
106858339345084,North Yorkshire Council,North Yorkshire County Council,≤100
101300172558319,Eco Smart UK,Eco Smart UK,≤100
112213398146270,Jo White for Bassetlaw,Jo White for Bassetlaw,≤100
474613052643462,London Labour Party,The Labour Party,≤100
102157777816071,Anthony Browne MP,Anthony Browne,≤100
20995300784,Green Party of England and Wales,Green Party of England and Wales,≤100
193317391840,London Borough of Richmond upon Thames,London Borough of Richmond upon Thames,≤100
100118448122201,Shaun Bailey MP,Shaun Bailey MP- Member of Parliament for West Bromwich West,≤100
8270524646,Alzheimer's Society,Alzheimer's Society,≤100
102161684540123,Devon Climate Emergency,Devon County Council,≤100
388468641597325,The Political Party with Matt Forde,Fifty Technology,≤100
105057779144316,Balance Power,Balance Power,≤100
106173458965252,Diary of a tree planter,Diary of a tree planter,≤100
107424475417111,Unite For A Workers' Economy,Unite the Union,≤100
246973468695197,Pan Macmillan,Pan Macmillan,≤100
86586411617,The Ecologist,The Resurgence Trust,≤100
363954377093123,Yorkshire Smokefree,Yorkshire Smokefree,≤100
587561007950931,Stephen Hammond MP,Merton Conservatives,≤100
407959605904723,Labour West Lancashire,West Lancashire Labour,≤100
108562495293165,Energy Asia,These ads ran without a disclaimer,≤100
271790429521112,Detention Action,Detention Action,≤100
220543443746,International Rescue Committee - UK,International Rescue Committee - UK,≤100
660016494129478,Hertford and Stortford Liberal Democrats,Hertford & Stortford Liberal Democrats,≤100
101501606073541,SJOG Homes For Ukraine,Saint John of God Hospitaller Services,≤100
183759769950,First News,First News- The Newspaper for Young People,≤100
107582715996851,SPUC (Society for the Protection of Unborn Children),SPUC (Society for the Protection of Unborn Children),≤100
101078319487563,Discovering Quakers,Discovering Quakers,≤100
102563495226123,Oltco Ltd,Oltco Ltd,≤100
39556650565,League Against Cruel Sports,League Against Cruel Sports,≤100
201951136994785,Trafford Conservatives,Trafford Conservatives,≤100
107211874458964,Your Time Pilates,Your Time Pilates,≤100
2443299312347521,Green New Deal Rising,Green New Deal UK,≤100
102959175630065,Net Zero Now,Net Zero Now Ltd,≤100
117592091643709,Tree of Life Ministries｜Evangelism in Israel,Tree of Life Ministires,≤100
149666996584,Federation of Small Businesses - FSB,Federation of Small Businesses,≤100
146393758720939,Cord,Cord,≤100
584574371631157,Derby News,Derby News,≤100
109115441532763,The Eastern Cyber Resilience Centre,Eastern Cyber Resilience Center,≤100
222893987721388,Lancashire Police and Crime Commissioner,Lancashire Police and Crime Commissioner,≤100
100396318770585,Oltco Ltd,Oltco Ltd,≤100
202798122688,Chatham House,Chatham House,≤100
101183108039162,P1vital,P1vital,≤100
103134909350606,Blue Marble Education,Blue Marble Education,≤100
1718863814992513,Three Rivers District Council,Three Rivers District Council,≤100
13655260370,Penguin Books,Penguin Books,≤100
112032793783017,Oltco Ltd,Oltco Ltd,≤100
103098208547214,Oltco Ltd,Oltco Ltd,≤100
85549822738,Peace Direct,Peace Direct,≤100
101915698384428,Eldred Law,Eldred Law,≤100
112586695430577,Visit Czechia,These ads ran without a disclaimer,≤100
101399991321605,Edmonton & Bush Hill Park Conservatives,Edmonton & Bush Hill Park Conservatives,≤100
150421548699317,Poppy Forrest Kraft,These ads ran without a disclaimer,≤100
106671782113015,Oltco Ltd,Oltco Ltd,≤100
198491313659847,Drug Science,Drug Science,≤100
108241274164259,Oltco Ltd,Oltco Ltd,≤100
88685707030,Institut français du Royaume-Uni,Institut français du Royaume-Uni,≤100
345382132326295,Barnet Council,Barnet Council,≤100
2386526881419158,USR Marea Britanie,Uniunea Salvati Romania,≤100
119937274824522,Derbyshire Police and Crime Commissioner,Derbyshire Police and Crime Commissioner,≤100
184323594931922,Bumblebee Conservation Trust,Bumblebee Conservation Trust,≤100
1044234978973335,Factor 8,Factor 8,≤100
534501720220577,Transform Trade,Transform Trade,≤100
104739198696692,Oltco Ltd,Oltco Ltd,≤100
102526548076452,Oltco Ltd,Oltco Ltd,≤100
101633079281292,My World Matters - ASN Family Group,These ads ran without a disclaimer,≤100
108385790816204,Oltco Ltd,Oltco Ltd,≤100
103704906057192,Oltco Ltd,Oltco Ltd,≤100
118705017851733,Free Boiler Grants,Free Boiler Grants,≤100
1565399650433139,Ageism Is Never In Style by The Bias Cut,These ads ran without a disclaimer,≤100
1486841851361953,Power for People,Power for People,≤100
313047925491394,Healthwatch Birmingham,Healthwatch Birmingham,≤100
25010947137,ShelterBox,These ads ran without a disclaimer,≤100
108177494656552,Oltco Ltd,Oltco Ltd,≤100
107711180963923,Oltco Ltd,Oltco Ltd,≤100
101093902975815,The Trouble Club,The Trouble Club,≤100
106073211531467,Oltco Ltd,Oltco Ltd.,≤100
104440175326817,Oltco Ltd,Oltco Ltd,≤100
112009230934869,Oltco Ltd,Oltco Ltd,≤100
115046068217276,Ben Coleman for Chelsea & Fulham,Ben Coleman for Chelsea & Fulham,≤100
105104184679053,Oltco Ltd,Oltco Ltd,≤100
453886531300267,Playnetball London,These ads ran without a disclaimer,≤100
116625838402686,FareShare,FareShare,≤100
1544601488897440,Eddie Hughes MP,Eddie Hughes MP,≤100
110765533789683,Saltash Town Council,Saltash Town Council,≤100
1665116146911023,Pet Hates Toys,Pet Hates Toys,≤100
100460115820499,Recork,Recork,≤100
201332166610351,Birmingham City Council,These ads ran without a disclaimer,≤100
114267173635820,Oltco Ltd,Oltco Ltd,≤100
109165895431377,Jake Richards - Fighting for Rother Valley,The Labour Party,≤100
1163506110445846,Protect Our Winters UK,Protect Our Winters UK,≤100
2998477143711696,Cllr Gareth Staples-Jones,Cllr Gareth Staples-Jones,≤100
111746800963231,Oltco Ltd,Oltco Ltd,≤100
106047871132787,Oltco Ltd,Oltco Ltd,≤100
104857788730575,Oltco Ltd,Oltco Ltd,≤100
106838537836466,Oltco Ltd,Oltco Ltd,≤100
100756152797363,Oltco Ltd,Oltco Ltd,≤100
1731766737063825,Greenspark,Greenspark,≤100
174701239354403,Cirio UK,Cirio UK,≤100
515866621928950,Bedford Borough Liberal Democrats,Bedford Borough Liberal Democrats,≤100
189062924509477,Rt Hon Robert Buckland KC MP,The Conservative Party,≤100
438347929534725,NewsPrints,NewsPrints,≤100
112097104891095,Organise Now,Organise Now!,≤100
1104950682971888,Community Lighthouse Foundation,Community Lighthouse Foundation,≤100
168304173200432,Kent Wildlife Trust,Kent Wildlife Trust,≤100
278256552212142,Ed Davey,"and promoted by the Liberal Democrats, 1 Vincent Square, London, SW1P 2PN.",≤100
214780638706884,Manchester Trades Council,Manchester TUC,≤100
202480635550,Care,CARE,≤100
104783564567494,The Disability Union,The Disability Union,≤100
100234258667107,Strike Map,Strike Map UK,≤100
107095708915479,Support Jimmy Lai,Electica ltd,≤100
1392092044365417,London Borough of Waltham Forest,London Borough of Waltham Forest,≤100
100205498096939,Dean Russell MP,The Conservative Party,≤100
102007794962125,Oltco Ltd,Oltco Ltd,≤100
108571731889600,Oltco Ltd,Oltco Ltd,≤100
222893987721388,Lancashire Police and Crime Commissioner,Lancashire Police and Crime Commissioner,≤100
230932560266298,Cumbria Action for Sustainability (CAfS),Cumbria Action for Sustainability,≤100
103132065651601,Oltco Ltd,Oltco Ltd,≤100
1536907409957635,Matt Vickers MP,Stockton Conservatives,≤100
303381303198329,Local Government Boundary Commission for England,LGBCE,≤100
102737585451729,One Decision Podcast,These ads ran without a disclaimer,≤100
102749999423262,Save the Shire,Shared Voice,≤100
543502699091214,Kevin Foster,"Kevin Foster on behalf of Torbay Conservatives, 299 Torquay Road, Paignton, TQ3 2EY",≤100
686077084751385,Lee Rowley MP,North Derbyshire Conservatives,≤100
121263291253273,United Response,United Response,≤100
177718542316637,Renault Trucks UK,Renault Trucks UK,≤100
108384955117755,Oltco Ltd,Oltco Ltd,≤100
504137872944421,Staffordshire Commissioner,Staffordshire Commissioner's Office,≤100
199554967331381,Oltco Ltd,Oltco Ltd,≤100
85279240474,Pirate FM,Pirate FM,≤100
106785868360598,Oltco Ltd,Oltco Ltd,≤100
110287661855740,The Climate,The Climate,≤100
103913918848529,Project CÜRV,Project CÜRV,≤100
8038902385,"Little, Brown Book Group","Little, Brown Book Group",≤100
106552981733110,Project Better Energy,Simplicity Digital Marketing,≤100
100683069449483,Oltco Ltd,Oltco Ltd,≤100
301436096943410,Beavan 4 Suffolk,Beavan 4 Suffolk,≤100
97708339756,Action for Children,Action for Children,≤100
188863377824978,Muslim Aid,Muslim Aid,≤100
103779359700137,Mission Without Borders UK,Mission Without Borders UK,≤100
110261735032051,7000 Acres Group,7000 Acres Group,≤100
868639796596609,Taunton Deane Liberal Democrats,Taunton Deane Liberal Democrats,≤100
118266457865458,Reform UK Rother Valley,Reform UK Rother Valley,≤100
101134691707170,Fight The Lies,Fight The Lies,≤100
548151318728538,NUPAS,NUPAS,≤100
103445312478137,British Farming Union,These ads ran without a disclaimer,≤100
1517535045204083,Our West Lancashire,Our West Lancashire,≤100
140009939843382,Bristol West Labour Party,Labour Party,≤100
375473822930283,Winchester Conservatives,Winchester Conservative Association,≤100
100271789776569,Free renewables,These ads ran without a disclaimer,≤100
397367290369272,Project Solar UK,Project Solar UK,≤100
141193355899365,Alabaré,Alabaré Christian Care & Support,≤100
111033680330777,Transport for the North,Transport for the North,≤100
273467342787874,Michelle Donelan MP,Michelle Donelan MP,≤100
616680599141607,"Cllr John Cope, Walton Conservatives","Cllr John Cope, Walton Conservatives",≤100
932644876819173,Shabana Mahmood,Shabana Mahmood,≤100
107070978657106,Cozy & Green,Cozy And Green Ltd,≤100
103533791723105,Sky SCAPE NI,These ads ran without a disclaimer,≤100
399509303582784,Jonathan Reynolds MP,Jonathan Reynolds MP,≤100
1243222025739706,West Midlands Labour,The Labour Party,≤100
102855029506315,Clean Air Northampton,Umbrella Fair Organisation,≤100
112714651408327,Government Events,Government Events,≤100
126261804063269,Surrey County Council,These ads ran without a disclaimer,≤100
336056186430690,Hull Labour Party,Hull Labour Party,≤100
2375299949384184,Extinction Rebellion Winchester,Extinction Rebellion Winchester,≤100
103729021772400,Oltco Ltd,Oltco Ltd,≤100
1056162421085650,Research Features,Research Features,≤100
107688868638037,Alice Macdonald,The Labour Party. Promoted by David Fullman on behalf of Alice Macdonald.,≤100
1458932041051269,Sarah Champion,Sarah Champion,≤100
112489031472827,Redcar Labour,Redcar Constituency Labour Party,≤100
107036345404271,Rachel Blake for Cities of London and Westminster,Rachel Blake for Cities of London and Westminster,≤100
169752493036356,Forestry England,Forestry England,≤100
157136240296,Marie Claire UK,These ads ran without a disclaimer,≤100
509463175850525,Salisbury Liberal Democrats,Salisbury Liberal Democrats,≤100
109985918603967,South Devon Primary,South Devon Primary,≤100
100571668374237,Cllr Lyall Reed for St Michael's Ward,Sunderland Conservatives,≤100
112458932138950,"Normanton, Pontefract & Castleford CLP",The Labour Party,≤100
104846432509283,Steve Yemm for Mansfield,East Midlands Labour Party,≤100
349596960793,Leeds City Council,Leeds City Council,≤100
101469099437237,Labour Media Bishop Auckland,Labour Media Bishop Auckland,≤100
594208197624290,Dominic Raab,Dominic Raab,≤100
111664924700805,Forum Press,Forum Press,≤100
1442985082585337,Three Acres And A Cow,Three Acres And A Cow,≤100
113644964560552,Bankside London,These ads ran without a disclaimer,≤100
104497312230019,Роман Боднар,These ads ran without a disclaimer,≤100
122063008481777,Charlotte Holloway,Charlotte Holloway,≤100
78436661801,The Christian Institute,The Christian Institute,≤100
101447691250941,Marco Longhi MP,Marco Longhi & Dudley North Conservatives,≤100
366410157157016,Migrant Help,Migrant Help,≤100
110173697302280,CarbonStore,CarbonStore,≤100
224127077611833,JDG Estate Agents. Selling and letting homes in  Lancaster and Morecambe,JDG Estate Agents. Selling and letting homes in  Lancaster and Morecambe,≤100
433758463400561,Equation,Equation,≤100
1638609769780621,Arts Connect,These ads ran without a disclaimer,≤100
100817094976193,Open Table Liverpool,Open Table Liverpool,≤100
1172350986275928,Andy Carter MP,The Conservative Party,≤100
103036917789821,The Rasoi Tarporley,These ads ran without a disclaimer,≤100
109877185105724,Insight Sustained,These ads ran without a disclaimer,≤100
168770194550,New Forest District Council,These ads ran without a disclaimer,≤100
585215901661894,Osborne,These ads ran without a disclaimer,≤100
302913953146880,"Office of the North Yorkshire Police, Fire & Crime Commissioner","Office of the North Yorkshire Police, Fire and Crime Commissioner",≤100
247788055365599,Blandford Forum Town Council,BLANDFORD FORUM TOWN COUNCIL,≤100
1822257547991832,Somerton and Frome Liberal Democrats,Somerton and Frome Liberal Democrats,≤100
108289788007047,Let Us Pray,The Christian Institute,≤100
105606098592153,jasonwardcreative,These ads ran without a disclaimer,≤100
141543002709690,Grant Shapps,Grant Shapps MP,≤100
102746579407341,Cllr Ian McAlpine,Cllr Ian McAlpine,≤100
173093439496116,Labour Party - Dorchester & District Branch,Labour Party - Dorchester & District Branch,≤100
880164842016819,Rugby Conservatives,Rugby Conservatives,≤100
310169038993349,Action on Poverty,Action on Poverty,≤100
1542563086027567,Gillian Keegan,Gillian Keegan,≤100
267353906619818,Mr. Gugu & Miss Go,These ads ran without a disclaimer,≤100
481456668536042,Actually Rather Good Comedy Festival,These ads ran without a disclaimer,≤100
108561054279208,The Little Telegraph Pole Gallery,These ads ran without a disclaimer,≤100
113863131194,Dartford Living,Dartford Living,≤100
176267409201041,Cheltenham Liberal Democrats,Cheltenham Liberal Democrats,≤100
1670551139849279,Barnett Survivors Limited,Barnett Survivors Limited,≤100
272074739624371,All Male G & S,These ads ran without a disclaimer,≤100
409428949131246,Cllr Laura James,Cllr Laura James,≤100
97116898596,Sightsavers,Sightsavers,≤100
1802248836771260,Weird Little Tales,These ads ran without a disclaimer,≤100
108951391565231,Help to Heat,Help to Heat,≤100
330826974479247,Live Ocean,These ads ran without a disclaimer,≤100
1798435463807088,John Healey MP,John Healey MP,≤100
105993975479521,Simon Opher for Stroud,Simon For Stroud,≤100
556389197810785,Maria Caulfield,Maria Caulfield,≤100
114612673270510,Cumberland Liberal Democrats,Carlisle Liberal Democrats,≤100
178834628826252,Stroud District Green Party,Stroud District Green Party,≤100
100636905333544,Chesterfield and North Derbyshire SWP,Chesterfield and North Derbyshire SWP,≤100
105103852424415,yurt_community,These ads ran without a disclaimer,≤100
644525922365534,Richmondshire Today,Richmondshire Today,≤100
104826008287385,Cllr Peter Holmes - Heath Ward MBC,Cllr Peter Holmes - Heath Ward MBC,≤100
120647877641071,Guardian Angel Accessories,Guardian Angel Accessories,≤100
185753331435143,Roots by Sunita,These ads ran without a disclaimer,≤100
102448636145023,Anna Walker - Non Elected Independent - Berwick Hills and Pallister,Anna Walker - Non Elected Independent - Berwick Hills and Pallister,≤100
105011708789735,Emsworth Matters with Cllr Richard Kennett,These ads ran without a disclaimer,≤100
235935286742928,Real Life Lore,These ads ran without a disclaimer,≤100
232614013754086,Gloucester Liberal Democrats,Gloucester Liberal Democrats,≤100
1498881147066399,Alan Mak MP,Alan Mak,≤100
105596034195533,Kind Community,Kind Community,≤100
432600603766052,Bim Afolami MP,Bim Afolami MP,≤100
187961674572467,Kirklees,Kirklees,≤100
931247067086455,Eurowings,These ads ran without a disclaimer,≤100
88211771707,Forest Stewardship Council (FSC),These ads ran without a disclaimer,≤100
248614481874426,Breast Cancer UK,Breast Cancer UK,≤100
109237412175788,All Creations Are Equal,These ads ran without a disclaimer,≤100
101294992763730,Humble Bee's Life Hacks,These ads ran without a disclaimer,≤100
109306968814115,Ourswardrobe,These ads ran without a disclaimer,≤100
732058510314979,بهائیان ایران,These ads ran without a disclaimer,≤100
116981568944452,Knowledge Bucket,These ads ran without a disclaimer,≤100
113168878061266,Gosport Focus,Gosport Focus,≤100
100795806663614,The Hope Foundation UK,The Hope Foundation UK,≤100
848938305316075,The National College,National Education Group Ltd,≤100
217519028785017,Nature Research Custom Media,These ads ran without a disclaimer,≤100
1846526838930401,Iain Duncan Smith MP,Chingford and Woodford Green Conservatives,≤100
112403793494016,healthandcare.scot,Healthcare News Scotland,≤100
121863964566067,Policybazaar,These ads ran without a disclaimer,≤100
250305668489402,Professor Kenny,These ads ran without a disclaimer,≤100
116071636438144,Belper & Duffield Labour Councillors,Belper & Duffield Labour Councillors,≤100
333442350466017,Jack Sargeant MS,The Office of Jack Sargeant,≤100
113773095068058,Hydronair,These ads ran without a disclaimer,≤100
141545352554899,Fabeha Fashion,These ads ran without a disclaimer,≤100
106673529354993,Norsk Hydro,These ads ran without a disclaimer,≤100
231872596997527,Vattenfall,Vattenfall UK,≤100
110010982106675,Spire Corporation,These ads ran without a disclaimer,≤100
114881916870213,Shop Dingmun.com,These ads ran without a disclaimer,≤100
549272711875454,Intis Telecom,These ads ran without a disclaimer,≤100
1505333196415332,Côte d'Azur - школа французької мови,These ads ran without a disclaimer,≤100
101605722976637,Global Muslim Aid,These ads ran without a disclaimer,≤100
200990963441531,Boredom Therapy,These ads ran without a disclaimer,≤100
100362052940730,U-shirt,These ads ran without a disclaimer,≤100
149647671720061,HARTMANN GROUP,These ads ran without a disclaimer,≤100
681614015247190,Caribbean National Weekly,These ads ran without a disclaimer,≤100
1883003128429295,Queer Majority,These ads ran without a disclaimer,≤100
1517088885216557,AIG,These ads ran without a disclaimer,≤100
105204708947943,More FS stories,These ads ran without a disclaimer,≤100
314687429173912,Traveler Door,These ads ran without a disclaimer,≤100
110834314440892,Saudi Green Initiative,These ads ran without a disclaimer,≤100
102588329216023,More FS,These ads ran without a disclaimer,≤100
106875925506577,Formula XN Ecommerce,These ads ran without a disclaimer,≤100
463270330407009,Kasen Fitness,These ads ran without a disclaimer,≤100
112757083778788,"Economic Daily, China",These ads ran without a disclaimer,≤100
205332123261241,Знакомства RusDate,These ads ran without a disclaimer,≤100
109834054543701,SolarButterfly,These ads ran without a disclaimer,≤100
1517641984928299,Docsville: Documentaries on Demand,These ads ran without a disclaimer,≤100
566100246781163,UniFor,These ads ran without a disclaimer,≤100
106877665406382,NGO “Prosperous Ukraine”,These ads ran without a disclaimer,≤100
101812251815461,Traveler Door - Magazine,These ads ran without a disclaimer,≤100
102454232541769,masquebobagem,These ads ran without a disclaimer,≤100
107411195436988,Brain System,These ads ran without a disclaimer,≤100
1615193542097610,Searching For Camelot:  The Quest for Camelot,These ads ran without a disclaimer,≤100