﻿Page ID,Page name,Disclaimer,Amount spent (HUF)
135049793193159,IH Rendezvényközpont,Green Team Event & Marketing Kft.,12023
109637397268775,Nyugati Pályán,Splendidea Communications Kft,9999
543788999005363,ORIGO,Mediaworks Hungary Zrt.,6945
142116653162328,Márki-Zay Péter,Márki-Zay Péter,6151
1880809845328535,Dobrev Klára,Demokratikus Koalíció,6069
187280168720178,NE HAGYD,International Organization for Migration (IOM) Hungary,4436
331580946799,Borsonline - Bors Szórakoztató Napilap,Borsonline - Bors Szórakoztató Napilap,4394
178362315106,European Parliament,European Parliament,4164
248172631940,Mandiner,Mediaworks Hungary Zrt.,3921
258636010813346,Delmagyar.hu,Mediaworks Hungary Zrt.,3508
1534911313439123,Ripost,Ripost,3413
191461774219575,hirado.hu,hirado.hu,3212
211156277497,WWF Hungary,WWF Hungary,2900
294815374340858,Donáth Anna,Donáth Anna - Momentum,2820
592204747588011,Momentum Mozgalom,Momentum Mozgalom,2530
106280224056208,Gelencsér Ferenc,Momentum Mozgalom,2426
153992771336740,Origo Sport,Mediaworks Hungary Zrt.,2057
594088897289853,Alapjogokért Központ,Alapjogokért Központ,1931
326635018181862,Magyar Nemzet,Mediaworks Hungary Zrt.,1833
109503892404998,Világgazdaság,Mediaworks Hungary Zrt.,1781
264517713636590,PestiSracok.hu,PestiSrácok.hu,1494
103294948505659,Szánthó Miklós,Szánthó Miklós – Alapjogokért Központ,1431
128573907819549,Fekete-Győr András,Momentum Mozgalom,1120
537817739693723,Brain Bar,Brain Bar,1009
131283758531,HVG,HVG Kiadó ZRt.,965
47198507012,LMP - Magyarország Zöld Pártja,LMP - Magyarország Zöld Pártja,913
35634348348,Greenpeace Magyarország,Greenpeace Magyarország,827
132593883577930,Dr. Keresztes László Lóránt,LMP - Magyarország Zöld Pártja,815
44847086574,Amnesty International Magyarország,Amnesty International Magyarország,756
108346693873484,Győrffy Balázs,Balazs Gyorffy,747
135049793193159,IH Rendezvényközpont,IH Rendezvényközpont,730
408924035951553,Körforrás,Körforrás,726
100299381703981,Ps TV,PestiSrácok.hu,696
191946490841225,Dúró Dóra,Mi Hazánk Mozgalom,662
113684438795574,Párbeszéd Magyarországért,Párbeszéd Magyarországért,615
103581448930725,Szeretlek Csongrád-Csanád,Genesis Médiacsoport Kft.,590
851784814892644,Simicskó István,KDNP frakció,552
734217673259088,Ujhelyi István dr.,Ujhelyi István EP-képviselő,552
1584646591763647,Kanász-Nagy Máté,LMP - Magyarország Zöld Pártja,535
136387873164491,Csárdi Antal,LMP - Magyarország Zöld Pártja,530
92932085233,TASZ,TASZ,503
143151351544,Színházi Olimpia 2023 / Theatre Olympics 2023,Szinházi Olimpia Nonprofit Kft.,495
451844608304228,Metropol,Metropol,490
237088069704442,Kósa Ádám,"Adam Kosa, Member of the European Parliament",478
108248022589754,Bosch Magyarország,Bosch Magyarország,471
376436808069,Eventim - Ticket Express Hungary,TEX Hungary Kft.,458
365977046868250,Nemzeti Agrárgazdasági Kamara - NAK,Nemzeti Agrárgazdasági Kamara,399
303640261940,Nemzeti Sport Online,Mediaworks Hungary Zrt.,380
682682745174254,Napitender.hu,These ads ran without a disclaimer,356
104138247651205,No Fluff Jobs Hungary,These ads ran without a disclaimer,298
270741976461920,Farkas Éva Erzsébet,Farkas Éva Erzsébet Hivatalos Oldala,283
105774734948091,Hungarian Conservative,Hungarian Conservative,283
221761091331222,Danube Institute,Danube Institute,283
135889536506991,Design Terminal,Design Terminal Nonprofit Kft.,275
132601530109047,Eötvös Károly Közpolitikai Intézet / Eötvös Károly Policy Institute,Eötvös Károly Közpolitikai Intézet,269
623719727672871,Nestlé,Nestlé Hungária Kft.,268
1983509825309480,Tóth Endre,Momentum Mozgalom,261
1408906262689093,Nyitrai Zsolt,Fidesz,260
102426795954406,Nobilis Márton,Nobilis Márton,248
109400335280737,Dóka Milán,Milán Dóka,243
268042136672212,Századvég,Századvég Közéleti Tudásközpont Alapítvány,239
188002774639,Mesterházy Attila,These ads ran without a disclaimer,233
102474542009609,Megafilm,MEGA FILM Kft.,224
209438606076,Emberség Erejével,Emberség Erejével Alapítvány,223
222720184518334,Font Sándor,Font Sándor,219
1215492498464496,Angyal Károly,Angyal Károly Tibor,218
76748198685,Budapest Pride,Budapest Pride,217
102203505677256,Fenntartható Városok,Fenntartható Közösségek Központja,215
506348326210466,Ungár Péter,LMP - Magyarország Zöld Pártja,207
14792493292,Magyar Kétfarkú Kutya Párt,Magyar Kétfarkú Kutya Párt,201
107091838808265,AccorInvest Hotels Hungary,These ads ran without a disclaimer,199
244669668913278,Ökopolisz Alapítvány,Ökopolisz Alapítvány,187
219432394845493,MFB - Magyar Fejlesztési Bank,These ads ran without a disclaimer,174
156847374371871,Szabó Tímea,Párbeszéd Magyarországért,169
100452852734271,Startlap - Vásárlás tippek,Central Médiacsoport Zrt.,164
206829842043,Rétvári Bence,Rétvári Bence,160
142684465906231,Üdvhadsereg Salvation Army Hungary,Üdvhadsereg Szabadegyház Magyarország,156
177477379482620,MKKP BP XII. kerület,Magyar Kétfarkú Kutya Párt,154
85568463466,Mérce,Mérce,143
286146221590937,Direkt36,Direkt36,139
887921287887805,Király Nóra,Király Nóra,136
162344823835042,atlatszo.hu,atlatszo.hu,136
102877499117068,Pálfalvi Milán Nézőpontja,Nézőpont,134
115295915203476,Európa Pont,Európai Bizottság Magyarországi Képviselete,125
876772425797119,Hölvényi György,Hölvényi György,123
1003381886396194,Zsuffa Tünde,Zsuffa Tünde,121
190624800967882,NANE Egyesület,NANE Egyesület,120
611728525606243,CIB Bank,CIB Bank Zrt.,114
100609808517630,Drogkutató Intézet,Drogkutató Intézet Nonprofit Korlátolt Felelősségű Társaság,109
105129068891221,Frisshirek.hu,Genesis Médiacsoport Kft.,107
270300439972751,Szemlélek,Szemlélek Alapítvány,104
109983377136210,Polgári Magyarországért Alapítvány,Polgári Magyarországért Alapítvány,102
170187966339475,Life.hu,Mediaworks Hungary Zrt.,101
348148758663062,Indahouse Hungary,InDaHouse Hungary Egyesület,≤100
109237039114861,MEDIAPIAC.COM,Médiapiac Kft.,≤100
1869511526651884,Zsigmond Barna Pál,Fidesz,≤100
161746613987047,Állampolgári Bizottság az Emberi Jogokért,Állampolgári Bizottság az Emberi Jogokért,≤100
102641477991941,bahir.hu - BAHÍR,Zöld Baranya Egyesület,≤100
1786913124951020,Mráz Ágoston Nézőpontja,Nézőpont Intézet,≤100
701742836629725,Életvirága Kör - Hendéné Veres Ildikóval,These ads ran without a disclaimer,≤100
801555379989101,IDBC Creative Solutions,Barta Ákos,≤100
243470906428319,Juhász Hajnalka,Juhász Hajnalka,≤100
320701218553533,Alternatíva Párt,Alternatíva párt,≤100
788960034452071,Potápi Árpád János,Potápi Árpád János,≤100
111032325184666,Beautycle,Beautycle,≤100
1232913973409781,Provident Pénzügyi Zrt.,These ads ran without a disclaimer,≤100
113375923695023,Fidesz Budapest,Fidesz Budapest,≤100
100841853324112,Képmás magazin,These ads ran without a disclaimer,≤100
103478164920832,Rubicon Intézet,Rubicon Intézet,≤100
1640736922828484,Sermer Ádám,Adam Sermer,≤100
545872002109034,Matkovich Ilona,Matkovich Ilona Zsuzsanna,≤100
421262681731198,Vasarnap.hu,Kovács K. Zoltán Alapítvány,≤100
109565208474856,Startlap - Utazás tippek,Central Médiacsoport Zrt.,≤100
1059773170712510,Őri László,Dr. Őri László Szabolcs,≤100
1377431695828132,Nagy István,Dr. Nagy István,≤100
113183730045421,Momentum Klímakörök,Momentum Mozgalom,≤100
200615179974476,Tégy az abortusz ellen,Karácsonyi Zoltán,≤100
510078013063912,Rózsa László Péter,Rózsa László Péter,≤100
1595121247382392,DK Nyíregyháza,\tDemokratikus Koalíció,≤100
202099276507678,24.hu,24.hu,≤100
107123677458699,Külpologika,Tamás Novák,≤100
105133802519509,Jobbra fel-Ez a mi otthonunk,Rajna István,≤100
320645820787,Haszon magazin,Haszon magazin,≤100
278992483155,Tordai Bence,Párbeszéd Magyarországért,≤100
481510085233995,Tarjáni Fészek,Tarjáni Fészek,≤100
571986950139979,Koi Norbert,Koi Norbert István,≤100
103607814480517,Kovács Alex Gábor,Kovács Alex Gábor,≤100
103481535351120,Kramp Hungary,These ads ran without a disclaimer,≤100
267674610816415,Dóczi Péter,Alternatíva párt,≤100
781030738624077,Gyöngyösi Márton,Jobbik Magyarországért Mozgalom,≤100
644419442322200,Magyar Cetelem Bank,Magyar Cetelem Zrt.,≤100
103156659242486,Orbán Viktor az európai civilizáció megmentője/kövesd az oldalt/,László Jozsef Szigeti,≤100
183723231644096,Szita Károly,Szita Károly,≤100
110292211697859,Erdélyi Rezső Krisztián Nézőpontja,Nézőpont,≤100
186937904681332,Szabó Rebeka,Párbeszéd Magyarországért Párt,≤100
1863991710304983,Rácz Norbert,Rácz Norbert,≤100
116925790432558,Lehoczki Ádám,Lehoczki Àdám János,≤100
102216681857791,Xiaomi Magyarország,These ads ran without a disclaimer,≤100
264210363649459,Élő Norbert,Élő Norbert,≤100
228919710581213,Kislábnyom - Small Footprint,GreenDependent Intézet Kft.,≤100
345496092135627,Hír TV,Mediaworks Hungary Zrt.,≤100
124442815810276,Modern Férfipolitikáért Mozgalom,Szujó Flórián Zoltán,≤100
804685603241491,Czuczor Gergely,Fidesz - Magyar Polgári Szövetség,≤100
197203437879379,Szaniszló Sándor,Szaniszló Sándor,≤100
106072821290123,"Rigó Balázs, alpolgármester - Tatáért",Rigó Balázs,≤100
663275900445898,Ragány Misa,These ads ran without a disclaimer,≤100
350338649023047,Kecsup hírek,KecsUP,≤100
107796998410631,Ésik Árpád,Ésik Árpád,≤100
520804294719829,Trippon Norbert,Dr. Trippon Norbert,≤100
297694457107800,Disszidens,These ads ran without a disclaimer,≤100
1065713933504228,Új Egyenlőség,Új Egyenlőség,≤100
246118245550928,Kopping Rita,These ads ran without a disclaimer,≤100
544036838955328,Hamu és Gyémánt Magazin,These ads ran without a disclaimer,≤100
1563386420380633,Megmondó,Megmondó,≤100
106928465483650,DHL Express Hungary,These ads ran without a disclaimer,≤100
245094455536925,FOUR PAWS,These ads ran without a disclaimer,≤100
144709575593854,EESC - European Economic and Social Committee,EESC - European Economic and Social Committee,≤100
527351247377965,European Committee of the Regions,European Committee of the Regions,≤100
110386941246941,PowMr,These ads ran without a disclaimer,≤100
502938426404635,Kirman Hotels,These ads ran without a disclaimer,≤100