﻿Page ID,Page name,Disclaimer,Amount spent (VND)
102020819549993,Văn Phòng BẰNG CẤP GIẤY TỜ - Mr: Đoàn,These ads ran without a disclaimer,23459
108530718699692,Thầy Thuốc Phạm Văn Thanh,These ads ran without a disclaimer,17279
539189292915191,Trường Tiểu Học - THCS - THPT Nam Việt,These ads ran without a disclaimer,8466
102833359215349,Chủ.Tịch Vũ Nga,These ads ran without a disclaimer,2907
1741991366079209,Doslink Migration & Investment,These ads ran without a disclaimer,146
102340827805597,Hội Nghiền Game Mobile,These ads ran without a disclaimer,≤100
130267600362955,DpiCENTER,These ads ran without a disclaimer,≤100