﻿Page ID,Page name,Disclaimer,Amount spent (EUR)
425362784214772,"Casino Admiral, Ptuj - igralni salon",Agencija DAMN,≤100
2008118369496327,Trajnostna energija,Trajnostna energija,≤100
114597496654474,necenzurirano.si,Necenzurirano.si,≤100
1838954599722440,Matej Tonin,NSi,≤100
474693835926598,STOP Birokraciji,Smart AD,≤100
135419383441,Žurnal24,Žurnal24,≤100
98358327274,Pirati,Piratska stranka Slovenije,≤100
178362315106,European Parliament,European Parliament,≤100
173553236019440,ŠOU v Ljubljani,Študentska organizacija Univerze v Ljubljani,≤100
642148249206716,Matjaž Nemec,Socialni demokrati (SD),≤100
100821395351013,Originalno Budweiser Budvar pivo,Smart AD,≤100
122029977844167,SD Slovenske Konjice,Socialni demokrati (SD),≤100
1783104185252620,Metropolitan Slovenija,"Adria Media Ljubljana, založništvo in trženje, d.o.o.",≤100
192073444151547,Fakulteta za pravo in poslovne vede,Fakulteta za pravo in poslovne vede,≤100
305608429284,EU Environment,These ads ran without a disclaimer,≤100
195028880931733,O vinu.si,These ads ran without a disclaimer,≤100
152400648234312,Novice Svet24,Novice Svet24,≤100
527351247377965,European Committee of the Regions,European Committee of the Regions,≤100
110136878650577,Svet Živali,These ads ran without a disclaimer,≤100
147547541961576,Council of the European Union,Council of the European Union,≤100
144709575593854,EESC - European Economic and Social Committee,EESC - European Economic and Social Committee,≤100
108625789179165,Soi Dog Foundation,These ads ran without a disclaimer,≤100