﻿Page ID,Page name,Disclaimer,Amount spent (USD)
352718345110736,مؤسسة الضمير لرعاية الأسير وحقوق الانسان,These ads ran without a disclaimer,≤100
214225965275748,وكالة وطن للأنباء,وكالة وطن للأنباء,≤100
102498564631055,Asharq News الشرق للأخبار,These ads ran without a disclaimer,≤100
192092260811678,AlCircle Pte Ltd,These ads ran without a disclaimer,≤100
327115907736300,Asia Global Institute,These ads ran without a disclaimer,≤100
104763178714577,Gels MDPI,These ads ran without a disclaimer,≤100