﻿Page ID,Page name,Disclaimer,Amount spent (USD)
103977222642903,Eltagdyry,Республиканское общественное объединение «Республиканская политическая партия «Ел тағдыры»,≤100
2329940843948537,Клуб «Polyton»,Дмитрий Тихонов,≤100
209953059873414,Азаматхан Әміртай,Азаматхан Амиртаев,≤100
170032706814473,Республика - Kazakhstan 2.0,Юлия Козлова,≤100
106607305511065,Выбор Страны - Ел Таңдауы,These ads ran without a disclaimer,≤100
254153404625528,Деловой портал Капитал.kz,Деловой портал Капитал.kz,≤100
104101425885394,elmira.mustafanova,These ads ran without a disclaimer,≤100