﻿Page ID,Page name,Disclaimer,Amount spent (THB)
101673076131930,พรรคเปลี่ยน,พรรคเปลี่ยน,7725
101315696177023,พรรณธนู วรรณกางซ้าย - ลอน - Pantanu Wannakangzay,พรรณธนู วรรณกางซ้าย - ลอน - Pantanu Wannakangzay,2642
101535845426970,พรรคไทยสร้างไทย,พรรคไทยสร้างไทย,2539
101915462311238,พรรคไทยชนะ - พรรคการเมืองของประชาชน,พรรคไทยชนะ,723
100206651558734,พรรคชาติพัฒนากล้า - ChartpattanaKLA Party,พรรคชาติพัฒนากล้า - ChartpattanaKLA Party,674
346599819488408,ปรัญชญา ตรีกาญจนา,ปรัญชญา ตรีกาญจนา,661
283908908680102,พรรคพลังธรรมใหม่,พรรคพลังธรรมใหม่,438
183238185051108,อรรถวิชช์ สุวรรณภักดี,อรรถวิชช์ สุวรรณภักดี,360
241115389300595,คุณหญิงสุดารัตน์ เกยุราพันธุ์ Sudarat Keyuraphan,คุณหญิงสุดารัตน์ เกยุราพันธุ์ Sudarat Keyuraphan,331
182657125936067,พรรคภูมิใจไทย,พรรคภูมิใจไทย,321
149079361791677,พรรคเพื่อไทย,พรรคเพื่อไทย,231
100432269282004,สมศักดิ์  บุญเสริฐ - Somsak  Boonsert,สมศักดิ์  บุญเสริฐ - Somsak  Boonsert,221
107878701895152,ธนัญญา แท่นแก้ว - Tananya Tankaew,พรรคก้าวไกล,215
101392419586040,นิกร โสมกลาง - Nikorn Soemklang,Phanupong Tan-aim,200
113468581742331,ไทยชนะ FC,พรรคไทยชนะ FC,180
2259432067709591,พรรคประชาธิปัตย์ ภาคกลาง,พรรคประชาธิปัตย์ ภาคกลาง,168
109239188766815,ดร. วิทยา อินาลา พรรคไทยพร้อม,Klod Sawadputsra,152
2230596726985945,ฮาย ปวิศรัฐฐ์ ติยะไพรัช,บริษัท เวิร์ค 360 จำกัด,128
102807719039442,พรรครวมไทยสร้างชาติ United Thai Nation Party,พรรครวมไทยสร้างชาติ United Thai Nation Party,108
161651553861945,Amnesty International Thailand,Amnesty International Thailand,102
617620494922400,PPTV HD 36,PPTV HD 36,≤100
1023078414531349,The People,Kityanggul Phadungkarn,≤100
746280992139796,LINE MAN,These ads ran without a disclaimer,≤100
101503812475360,ครูพรีมมี่ นรเสฏฐ์ เธียรประสิทธิ์,ครูพรีมมี่ นรเสฏฐ์ เธียรประสิทธิ์,≤100
161059271100,Double A Club,Double A Club,≤100
111485468432921,พรรคเปลี่ยนอนาคต Changefuture party,พรรคเปลี่ยนอนาคต Changefuture party,≤100
161052211196800,พรรคเสรีรวมไทย,พรรคเสรีรวมไทย,≤100
1635406246730420,วรงค์ เดชกิจวิกรม - Warong Dechgitvigrom,วรงค์ เดชกิจวิกรม - Warong Dechgitvigrom,≤100
307513345840,SpringNews,SpringNews,≤100
1632492300342371,สยามนิวส์,Sue Siam Company Limited,≤100
100165239168253,โกหนึ่ง กิตติ กิตติธรกุล,โกหนึ่ง กิตติ กิตติธรกุล,≤100
109027265795454,ThaiNews – ไทยนิวส์,ThaiNews – ไทยนิวส์,≤100
243465416352138,พรรคเพื่อชาติ,พรรคเพื่อชาติ,≤100
137188693021815,สืบจากข่าว,สืบจากข่าว,≤100
101504656149099,Peace Sasipatra  - พีซ ศศิร์ภัทรา,Peace Sasipatra  - พีซ ศศิร์ภัทรา,≤100
111680063837704,สหัสวัต คุ้มคง,สหัสวัต คุ้มคง,≤100
113023081702937,ธีระ สลักเพชร,ธีระ สลักเพชร,≤100
112073738279329,สิงโต - ศักดิ์สิทธิ์ ขาวทอง,สิงโต - ศักดิ์สิทธิ์ ขาวทอง,≤100
105546651850693,วีรนันท์ ฮวดศรี-Weeranan Huadsri-ทนายป๊อก,Weeranan Huadsri,≤100
103111685371171,อัคร ทองใจสด - Akara Tongjaisod,Ad-cha Tongjaisod,≤100
100761582502948,จารุพล เรืองสุวรรณ - อาจารย์จา,Charupol Ruangsuwan,≤100
107415288736977,ไคฟงสยาม,These ads ran without a disclaimer,≤100
102803105638809,ประชาธิปไตยกินได้,ประชาธิปไตยกินได้,≤100
71254499739,กรณ์ จาติกวณิช - Korn Chatikavanij,กรณ์ จาติกวณิช - Korn Chatikavanij,≤100
567028733726812,ต่อศักดิ์  อัศวเหม,ต่อศักดิ์  อัศวเหม,≤100
118757751143686,อิทธิพล ชลธราศิริ - Itthiphon Chontharasiri - แบงค์ชัย,Itthiphon Chontharasiri,≤100
113053042064880,Kapook,Kapook,≤100
206170396080634,Business Today Thai,Business Today Thai,≤100
221139347953872,อภิมุข ฉันทวานิช - Apimuk Xanthavanij,อภิมุข ฉันทวานิช - Apimuk Xanthavanij,≤100
104321752173970,สมเกียรติ ขุนบุญจันทร์,สมเกียรติ ขุนบุญจันทร์,≤100
104963151112166,การเมือง kanmuang.com,การเมือง kanmuang.com,≤100
110925395241605,พรรครักษ์ผืนป่าประเทศไทย,พรรครักษ์ผืนป่าประเทศไทย,≤100
877369462441031,ปูอัด ไชยามพวาน ผู้สมัคร ส.ส. เขตจอมทอง-บางขุนเทียน-ท่าข้าม พรรคก้าวไกล,Chaiyamparwaan Manpianjit,≤100
740804862675970,นิติภูมิธณัฐ มิ่งรุจิราลัย,นิติภูมิธณัฐ มิ่งรุจิราลัย,≤100
1566210340310088,โพธิธวัช พัฒนาพงษ์ไชย - Potitawat Pattanapongchai,พรรคก้าวไกล (สำนักงานใหญ่),≤100
101925392689432,พรรคก้าวไกล ห้วยแถลง,Jarunan Napratansuk,≤100
1405057026441619,Bright TV,Theepakorn Suwanmanee,≤100
362673720528997,พรรครวมแผ่นดิน,พรรครวมแผ่นดิน,≤100
414100949350619,ณัฐนันท์ กัลยาศิริ - ทนายบอน,ณัฐนันท์ กัลยาศิริ,≤100
546416699215073,ห้องสื่อครูคอม,Krisada Khamma,≤100
159570997481890,พลตำรวจเอกเสรีพิศุทธ์ เตมียเวส,พลตำรวจเอกเสรีพิศุทธ์ เตมียเวส,≤100
118563167838903,พรรคถิ่นกาขาวชาววิไล l Thinkakaochaovilai Party,Prawta Khongto,≤100
2046265545683549,เชียร์ลุง,เชียร์ลุง,≤100
117849264601668,วิษณุ กรองกันภัย พรรคไทยพร้อม เบอร์ 28,ลลดา อมาตยกุล,≤100
369326170305129,เทวัญ ลิปตพัลลภ Tewan Liptapallop,เทวัญ ลิปตพัลลภ Tewan Liptapallop,≤100
414252935319150,สมหญิง บัวบุตร-ทีมงาน,สมหญิง บัวบุตร-ทีมงาน,≤100
157659344260788,จุรินทร์ ลักษณวิศิษฏ์ Aoodda,Jurin Laksanawisit,≤100
204016840519336,ศ.ดร.นฤมล ภิญโญสินวัฒน์,ศ.ดร.นฤมล ภิญโญสินวัฒน์,≤100
454523585079183,ภาดาท์ วรกานนท์ Pada Vorakanon,ภาดาท์ วรกานนท์ Pada Vorakanon,≤100
111192548290482,กมนทรรศน์ กิตติสุนทรสกุล - เอิร์ธ -,Kamonthas Kittisoonthornsakul,≤100
110051621873826,พลอย พลอยนภัส โจววณิชย์,These ads ran without a disclaimer,≤100
115922723434700,ครูเจพีสรุปย่อ for Teacher,ครูเจพีสรุปย่อ for Teacher,≤100
322329881713130,ขวัญเลิศ พานิชมาท - Kwanlerd Panichmath,ขวัญเลิศ พานิชมาท - Kwanlerd Panichmath,≤100
104179515944602,ประชาธิปัตย์ จันทบุรี-ตราด,Unicronet - Digital Marketing Solution,≤100
109890411945719,นพ.ญาณกิตติ์ ห่วงทรัพย์,นพ.ญาณกิตติ์ ห่วงทรัพย์,≤100
119422981093998,วื้อวึน,วื้อวึน,≤100
111067427367211,กิตติพล รวยฟูพันธ์ เบอร์ 14 ผู้สมัคร สส เขตทุ่งครุ ราษฎร์บูรณะ พรรคเพื่อไทย,กิตติพล รวยฟูพันธ์ เบอร์ 14 ผู้สมัคร สส เขตทุ่งครุ ราษฎร์บูรณะ พรรคเพื่อไทย,≤100
111298031674697,นเรศ ธำรงค์ทิพยคุณ,นเรศ ธำรงค์ทิพยคุณ,≤100
104645182578478,นิรันดร์ วัฒนศาสตร์สาธร,Supakit Ngoenkaew,≤100
230353517736423,Nan Niamvanichkul,Nan Niamvanichkul,≤100
841504069272304,รชตะ ซี ด่านกุล,รชตะ ด่านกุล,≤100
594876047285284,ดร.วรสุดา สุขารมณ์,ดร.วรสุดา สุขารมณ์,≤100
102949686071401,ทศพล แก้วทิมา ราชบุรีต้องดีกว่าเดิม,ทศพล แก้วทิมา ราชบุรีต้องดีกว่าเดิม,≤100
105955949137073,ติดตามกระแสคนดัง,Narat Thanyaratmetee,≤100
103863149219273,นิธิกร วุฒินันชัย เอก พรรคเพื่อไทย,เอก นิธิกร วุฒินันชัย,≤100
115970968131874,พีระพันธุ์ สาลีรัฐวิภาค FC,Sue Siam Company Limited,≤100
110119978657999,นพ.พลวิทย์ เจริญพงศ์,นพ.พลวิทย์ เจริญพงศ์,≤100
106891138382189,ประมวล สีแสง - ศรีสะเกษ เขต 2,ประมวล สีแสง - ศรีสะเกษ เขต 2,≤100
165333600203890,คฑาเพชร แก่นแก้ว-เพชรบูรณ์บ้านเฮา,คฑาเพชร แก่นแก้ว-เพชรบูรณ์บ้านเฮา,≤100
2105350112863264,ร้อยเอก ดร.จองชัย วงศ์ทรายทอง - ผู้กองเบิร์ด,ร้อยเอก ดร.จองชัย วงศ์ทรายทอง - ผู้กองเบิร์ด,≤100
286272814717790,Phuket Times ภูเก็ตไทม์,Phuket Times ภูเก็ตไทม์,≤100
1105604039583762,Line One สว.นท. ขอเชิญส่งประวัติ ส่วนตัว องค์กร เพื่อเข้ารับรางวัลประจำปี,Suksan Booran,≤100
112562765084856,หนึ่ง ธนิท กิตติจารุรักษ์,Sueb Supachai,≤100
110325891388981,พิมพกาญจน์ พลสมัคร,พิมพกาญจน์ พลสมัคร,≤100
324861724225604,อายุน้อยร้อยล้าน,Akarat Nitibhon,≤100
106018291054558,พลังประชารัฐ ภูเก็ต สุทา ประทีป ณ ถลาง,พลังประชารัฐ ภูเก็ต สุทา ประทีป ณ ถลาง,≤100
1632492300342371,สยามนิวส์,These ads ran without a disclaimer,≤100
2086963124904186,พรรคก้าวไกล แม่ฮ่องสอน,พรรคก้าวไกล แม่ฮ่องสอน,≤100
111331191880453,วินัย วิจิตรโสภณ - Winai Wijitsophon,วินัย วิจิตรโสภณ - Winai Wijitsophon,≤100
2222987881148969,อดีต ส.ส. กรณิศ งามสุคนธ์รัตนา เขตวัฒนา เขตคลองเตย เบอร์ 1 บัตร สีม่วง,อดีต ส.ส. กรณิศ งามสุคนธ์รัตนา เขตวัฒนา เขตคลองเตย เบอร์ 1 บัตร สีม่วง,≤100
296508406790,"Democrat Party, Thailand พรรคประชาธิปัตย์","Democrat Party, Thailand พรรคประชาธิปัตย์",≤100
224559081073575,Mono 29,Mono 29,≤100
399190156841695,อนุวัตร์ ชาติพัฒนากล้า สุราษฎร์ธานี,อนุวัตร์ ชาติพัฒนากล้า สุราษฎร์ธานี,≤100
381748525190733,สร้างสรรค์โอกาส,Panas Poomriew,≤100
2147269921986413,ธนัญญา พันธุ์การรุ่ง พรรคเพื่อไทย นครปฐมเขต2,Pang Thanakulchotikan,≤100
100454798870209,พรรคเส้นด้าย - Zendai Party,พรรคเส้นด้าย - Zendai Party,≤100
933748876827175,ปิยะมาศ บัวแก้ว,ปิยะมาศ บัวแก้ว,≤100
264065496937763,My Chavapol (ชวพล วัฒนพรมงคล),My Chavapol (ชวพล วัฒนพรมงคล),≤100
105600099161637,อาทิตย์ สุวิทย์,อาทิตย์ สุวิทย์,≤100
110672681521491,พรรคชาติรุ่งเรือง - Chat Rung Rueang Party,พรรคชาติรุ่งเรือง - Chat Rung Rueang Party,≤100
109008738745779,2ต,Bunsong Rodyo,≤100
108518372157738,จักรพรรณ พลอยพานิชย์ Fanpage,Pao Geadtoum,≤100
2207592052842230,ทวีชัย วงศ์ไพโรจน์กุล - เบสท์,Veerapat Sinpattrwongse,≤100
105960788419458,ทอม ภัทรดนัย ใหม่พระเนตร,ทอม ภัทรดนัย ใหม่พระเนตร,≤100
100545119426784,พีระพันธุ์ FC,Bunsong Rodyo,≤100
318392915554883,ภิญโญ กิจเลิศไพโรจน์ - Pinyo Kitlertphairoj,ภิญโญ กิจเลิศไพโรจน์ - Pinyo Kitlertphairoj,≤100
111350351903826,ดร.ประเสริฐ เพื่อไทยสมุทรปราการ,Surasak Puangthong,≤100
106592249064812,เธียรสิน จิตพงค์ศรี,Naruecha Saedan,≤100
103815855888467,โกหม่อง เพื่อไทย ภูเก็ต,โกหม่อง เพื่อไทย ภูเก็ต,≤100
2016719421775944,พิเชษฐ์ สุทธิศิริวัฒนะ,Tanapakorn Tongyoo,≤100
102575216109563,สยาม หัตถสงเคราะห์,Pichamon Insai,≤100
111341764925564,สำนักสนับสนุนการพัฒนาระบบสุขภาพ - สำนัก 7 สสส.,สำนักสนับสนุนการพัฒนาระบบสุขภาพ - สำนัก 7 สสส.,≤100
104062279288492,สมศักดิ์ กุลาวาไชย - แดน ศรีราชา,กฤษณา เลิศวรากรชัย,≤100
114287438158688,อรรถวิทย์ เซะวิเศษ - Attawit Saewiset,Bunsong Rodyo,≤100
100156488333982,ศุภชัย นพขำ ปทุมธานี พรรคเพื่อไทย,ศุภชัย นพขำ ปทุมธานี พรรคเพื่อไทย,≤100
104342402244178,อารุม ตุ้มน้อย - Arum Tumnoi,อารุม ตุ้มน้อย - Arum Tumnoi,≤100
100486988544567,ไกด์ - วุฒิรักษ์ เเพงตาแก้ว - Wuttirak Pangthakaew,Wuttirak Pangthakaew,≤100
110210164838183,พิชัย ชมภูพล,พิชัย ชมภูพล,≤100
107304892093610,Vote62,Vote62,≤100
101386439318479,วรัญญา แอนดาริส - ช่างแอนโยธา,วรัญญา แอนดาริส - ช่างแอนโยธา,≤100
108201828409912,ณัฐวัฒน์ พอใช้ได้,Atirit Dechasiniwat,≤100
103465462538992,ภูมิใจไทย ภูเก็ต,ภูมิใจไทย ภูเก็ต,≤100
375004049738389,มานะศักดิ์ จันทร์ประสงค์,Manasak Chanprasong,≤100
116668478038395,โด่ง ชัชวาล พรอมรธรรม เพื่อไทย เขต 1 ขอนแก่น เบอร์ 6,โด่ง ชัชวาล พรอมรธรรม,≤100
100418296100492,Nutri Diabet Thailand,These ads ran without a disclaimer,≤100
104057718063482,สิทธิพล ภูธรณ์ ก้าวไกล ชัยภูมิ เขต4,นายสิทธิพล ภูธรณ์,≤100
190923294988741,สอบครูผู้ช่วยนะ,สอบครูผู้ช่วยนะ,≤100
112332525119611,เอกภาพ หงสกุล ผู้สมัคร ส.ส.พรรคเพื่อไทย เขตสายไหม,เอกภาพ หงสกุล ผู้สมัคร ส.ส.พรรคเพื่อไทย เขตสายไหม,≤100
102544175903371,เบ๊นซ์ นิธิพล  เพื่อคนสมุทรปราการ,เบ๊นซ์ นิธิพล  เพื่อคนสมุทรปราการ,≤100
110954691955005,ณภัสนันท์ อรินทคุณวงษ์ - Napassanan Arintakunawong,ninety two tech ads,≤100
111981083759952,พรรคก้าวไกล ตราด,Pannasate Numnoo,≤100
1633051440333187,FTE หลักสูตรเพื่อพัฒนาเจ้าของธุรกิจรุ่นใหม่ ครบเครื่อง ทันใจ แบบเร่งรัด,"VP group infinity Co.,Ltd.",≤100
113001706909463,สส.เป้ นภาพร เพ็ชร์จินดา Dr.Napaporn Petchinda,สส.เป้ นภาพร เพ็ชร์จินดา Dr.Napaporn Petchinda,≤100
283155375658667,"จ่าสิบเอกพัฒณปกรณ์   ดอนตุ้มไพร ""จ่าเจี๊ยบ""",Sueb Supachai,≤100
384722702090581,นิกม์ แสงศิรินาวิน - เบอร์ 8 สส. กทม. หนองจอก คลองสามวา - พรรคภูมิใจไทย,นิกม์ แสงศิรินาวิน - เบอร์ 8 สส. กทม. หนองจอก คลองสามวา - พรรคภูมิใจไทย,≤100
345127652279503,มูลนิธิสากลเพื่อคนพิการ,มูลนิธิสากลเพื่อคนพิการ,≤100
119181906609798,หมอเฉลิมชัย กุลาเลิศ ผู้สมัคร ส.ส. พรรคก้าวไกล เขตห้วยขวาง วังทองหลาง,Chalermchai Kulalert,≤100
372784973480653,ธวัชชวิน โกพัฒน์ตา,ธวัชชวิน โกพัฒน์ตา,≤100
1954791021245891,นิรมิต สุจารี,Vasinee Jitherm,≤100
221185565356113,วิชาญ มีนชัยนันท์,วิชาญ มีนชัยนันท์,≤100
235330857168942,โอเล่ ปิยวัฒน พันธ์สายเชื้อ,โอเล่ ปิยวัฒน พันธ์สายเชื้อ,≤100
110325275488,efinanceThai,efinanceThai,≤100
418729291509368,สถาบันปรีดี พนมยงค์ Pridi Banomyong Institute,สถาบันปรีดี พนมยงค์ Pridi Banomyong Institute,≤100
106561034744198,ลอรี่ - พงศ์พล ยอดเมืองเจริญ,ลอรี่ - พงศ์พล ยอดเมืองเจริญ,≤100
112343717773740,Betapetonline,ชัชญา พานิช,≤100
106875995299953,ธวัชชัย ทรงพัฒนาศิลป์,ธวัชชัย ทรงพัฒนาศิลป์,≤100
556036731395297,News Indie คุยนอกกรอบ,News Indie คุยนอกกรอบ,≤100
100985972856061,ธนพจน์ ทรัพย์ยอดแก้ว - Thanapoj Subyodkaew,Thanapoj Subyodkaew,≤100
108515294626891,สอบข้าราชการท้องถิ่น By Thurakan,Chiraphorn Thuree,≤100
101861489530398,มณีรัตน์ ลิมป์รัตนกาญจน์,มณีรัตน์ ลิมป์รัตนกาญจน์,≤100
490715381426766,บิลลี่ - Jirawat Arunyakanon - จิรวัฒน์ อรัณยกานนท์,บิลลี่ - Jirawat Arunyakanon - จิรวัฒน์ อรัณยกานนท์,≤100
103493019318704,เพิ่มพงศ์ วงศ์ทรายทอง - เบลล์,เพิ่มพงศ์ วงศ์ทรายทอง,≤100
613689015307999,ส.ส.แมน ฉัตรพันธ์ เดชกิจสุนทร,ส.ส.แมน ฉัตรพันธ์ เดชกิจสุนทร,≤100
261630974453006,ดร.แป้ง เดือนเต็มดวง ณ เชียงใหม่,ดร.แป้ง เดือนเต็มดวง ณ เชียงใหม่,≤100
108635927540997,เทมส์ ไกรทัศน์ - ภูเก็ต,เทมส์ ไกรทัศน์ - ภูเก็ต,≤100
340110720173014,SaveThaiCuts,SaveThaiCuts,≤100
100624122148338,โรงพยาบาลรวมใจรักษ์ สุขุมวิท 62 Ruamjairak Hospital Sukhumvit 62,โรงพยาบาลรวมใจรักษ์ สุขุมวิท 62 Ruamjairak Hospital Sukhumvit 62,≤100
102108535240880,สมบัติ ยะสินธุ์,สมบัติ ยะสินธุ์,≤100
101529018228824,รวมไทยสร้างชาติ นครศรี เขต 9,สุวิทย์ ช่วยขุน,≤100
113067400607487,กันตพงศ์ ดีชัยยะ - แมพ,กันตพงศ์ ดีชัยยะ - แมพ,≤100
114323247935240,ดร.อาร์ เธียรทัศน์ เอี่ยมตระกูล,ดร.อาร์ เธียรทัศน์ เอี่ยมตระกูล,≤100
342127689673755,บักยอช - สยมพร วรรณูปถัมภ์,Patchamon Fukumnerd,≤100
277320192288594,โอม จิรชาติ,โอม จิรชาติ,≤100
105424342138261,หมอแมน  อรรถเวช กองนักวงษ์,หมอแมน  อรรถเวช กองนักวงษ์,≤100
101429565962919,ณัฏฐณิชา สารบรรณ - Nattanicha Saraban,ณัฏฐณิชา สารบรรณ - Nattanicha Saraban,≤100
1298558836966562,นายสัตวแพทย์ อนันต์ ฤกษ์ดี,อนันต์ ฤกษ์ดี,≤100
146711388711295,Muslimthaipost,Hasmin Hohma,≤100
113516956981172,ขจรศักดิ์ ประดิษฐาน,ขจรศักดิ์ ประดิษฐาน,≤100
106712599066987,รักเมืองหาดใหญ่9,Parawan Kuaseng,≤100
266046550746989,บุญลือ ประเสริฐโสภา,บุญลือ ประเสริฐโสภา,≤100
106895275690265,อั๋น อรรถพล วงษ์ประยูร,อั๋น อรรถพล วงษ์ประยูร,≤100
107945618934003,ธนูชยานันท์ ปั้นบริสุทธิ์,ธนูชยานันท์ ปั้นบริสุทธิ์,≤100
104393812499502,ชีทสรุปกฎหมาย สำหรับสอบราชการ พนักงานราชการ by.kantap,ชีทสรุปกฎหมาย สำหรับสอบราชการ พนักงานราชการ by.kantap,≤100
106603599085478,ตุ้ย นพดล ลัดดาแย้ม ปทุมธานี เขต2 เบอร์3,Worakit Chitrman,≤100
110668021506069,เพื่อเทอทั้งสองใบ,เพื่อเทอทั้งสองใบ,≤100
118384374541874,มงคล ศรีคำแหง พรรคเพื่อไทย,มงคล ศรีคำแหง,≤100
1930282217268558,ดร.ส้ม พัชรินทร์ ซำศิริพงษ์ เขต 2 กทม ปทุมวัน สาทร ราชเทวี พรรคภูมิใจไทย,ดร.ส้ม พัชรินทร์ ซำศิริพงษ์ เขต 2 กทม ปทุมวัน สาทร ราชเทวี พรรคภูมิใจไทย,≤100
2232486313631668,อนุรักษ์ จุรีมาศ,ธวัชชานลล์ ทำขุรู,≤100
104297969298793,สุรชัย  อนุตธโต,สุรชัย อนุตธโต,≤100
273953703307472,ธกร เลาหพงศ์ชนะ - Takorn Laohapongchana,ธกร เลาหพงศ์ชนะ - Takorn Laohapongchana,≤100
107612328588715,The Voters,สันติสุข กาญจนประกร,≤100
109307425431243,ซอลีฮีน อิสมาแอล,ซอลีฮีน อิสมาแอล,≤100
681918321922813,ดร.ตั้น กฤชนนท์ อัยยปัญญา,ดร.ตั้น กฤชนนท์ อัยยปัญญา,≤100
108374188845283,พันตำรวจโทอัครพงษ์ วรรณพงษ์ - ทนายสารวัตรตุ๋ย,ภัทรพงษ์ วรรณพงษ์,≤100
113705587638009,น้องหมอขอตอบ,Phunna Songprasert,≤100
102450935821483,พชร จันทรรวงทอง,พชร จันทรรวงทอง,≤100
101274425792459,กิตติพงศ์ รวยฟูพันธ์ - ส.ก.ไอซ์ เขตทุ่งครุ,กิตติพงศ์ รวยฟูพันธ์ - ส.ก.ไอซ์ เขตทุ่งครุ,≤100
104809958598855,อั้ม อดุลวิทย์ วิวัฒน์ธนาฒย์,อั้ม อดุลวิทย์ วิวัฒน์ธนาฒย์,≤100
572592940087101,คณพลคนกันเอง,Kanapon Senabunyaritthi,≤100
109890411945719,นพ.ญาณกิตติ์ ห่วงทรัพย์,Natthavut Damtongsuk,≤100
317911298372936,อรอนงค์  กาญจนชูศักดิ์,อรอนงค์  กาญจนชูศักดิ์,≤100
112667281187463,ถิรเดช ตั้งมั่นก่อกิจ สจ.ม้อ,ถิรเดช ตั้งมั่นก่อกิจ สจ.ม้อ,≤100
1782458952011705,HERO ต้านโกง,HERO ต้านโกง,≤100
2071055443224881,พงษ์วริษฐ์  วงศ์หนองแวง คนของประชาชน,พงษ์วริษฐ์  วงศ์หนองแวง คนของประชาชน,≤100
106461847961914,ประสิทธิ์ ปัทมผดุงศักดิ์ - Prasit Puttamapadungsak,ประสิทธิ์ ปัทมผดุงศักดิ์ - Prasit Puttamapadungsak,≤100
105747868776184,สริญทิพญ ทัพมงคลทรัพย์,สริญทิพญ ทัพมงคลทรัพย์,≤100
110362667973472,สรวิศ เดชเสน - Sorawit Dessen,สรวิศ เดชเสน - Sorawit Dessen,≤100
107543695506457,ธนชัย สินธุไพร,Orf Thanachai Sindhuprai,≤100
109231584984294,ดร.แจ๊ค พงศ์พัฒน์ จิตตานุรักษ์,ดร.แจ๊ค พงศ์พัฒน์ จิตตานุรักษ์,≤100
103922074311610,ของใช้ในบ้าน ราคาถูก,These ads ran without a disclaimer,≤100
104631481718361,ศราพงศ์ ปรินซ์ อิศรศักดิ์ ณ อยุธยา,Sarapong Itsarasak Na Ayudhya,≤100
103519619366975,รวมไทยสร้างชาติ ชลบุรี,รวมไทยสร้างชาติ ชลบุรี,≤100
101805447867778,"แม็ค องอาจ ""เบอร์ 6"" บัตรสีม่วง","แม็ค องอาจ ""เบอร์ 6"" บัตรสีม่วง",≤100
789991318125212,พงศกร รัตนเรืองวัฒนา,พงศกร รัตนเรืองวัฒนา,≤100
352318098651383,โตโต้ ปิยรัฐ - Piyarat Chongthep,โตโต้ ปิยรัฐ - Piyarat Chongthep,≤100
111203087295386,ดร.ทวนชัย นิยมชาติ ผู้สมัคร สส เขตจอมทอง เขตบางบอน เขตหนองแขม เบอร์ 8,Thuanchai Niyomchart,≤100
112953064222988,อั๋น ภูวดล วงษ์โสภณากุล,อั๋น ภูวดล วงษ์โสภณากุล,≤100
118262094560156,ทนายสมชัย คำเพราะ เบอร์7 เขต1 ยโสธร,Tittaya Lueapjumroen,≤100
120566510971339,พรรคเพื่อไทยจังหวัดชลบุรี,Aready ads,≤100
258984171484737,นนท์ นนทิวรรธน์,วรรณชัย เรือนแก้ว,≤100
108433038831402,เดือนดารา อินทรกำแหง เดือน,These ads ran without a disclaimer,≤100
103290836047096,พี่เอกจาตุรันต์#เพื่อนกันสมุทรปราการเขต 3,Pharonnawat Sueangamiam,≤100
102661302788490,กานต์ กฤตินี รุณแสง,วรรณชัย เรือนแก้ว,≤100
106359684674462,MTCCD_camp,These ads ran without a disclaimer,≤100
100744192938954,Nattapong Sumanotham - ณัฐพงษ์ สุมโนธรรม,Nattapong Sumanotham - ณัฐพงษ์ สุมโนธรรม,≤100
100568038658864,อธิวัฒน์ สอนเนย,Athiwat Sornnoey,≤100
105460725392279,คนรักนิยม,คนรักนิยม,≤100
101903785231136,นายกไก่กังวาล ศักดิ์ชัย พิศาลผล,Thanachit Phraemuang,≤100
101755712680612,รัก ณิชาภา โกวิทานนท์ ผู้สมัคร ส.ส.สมุทรสงคราม พรรคเพื่อไทย,รัก ณิชาภา โกวิทานนท์ ผู้สมัคร ส.ส.สมุทรสงคราม พรรคเพื่อไทย,≤100
107668691460508,ดรุณี พูนประสิทธิ์ อดีต สจ.สระแก้ว,Narong Thongphantha,≤100
103346939405544,ปรีติ เจริญศิลป์ เบอร์ 1 ก้าวไกล นนทบุรี เขต 5,Preeti Charoensilp,≤100
104879999243950,พลชัย พิพิธวรกุล เบอร์ 2 เขต 4 ขอนแก่น พรรคประชาธิปัตย์,Ponchai Pipitvorakul,≤100
484830871527961,ภาควัต ศรีสุรพล ซัน พรรคเพื่อไทย,ภาควัต ศรีสุรพล ซัน พรรคเพื่อไทย,≤100
109263155401195,นายกประเทศ บุญยงค์,นายกประเทศ บุญยงค์,≤100
114043631615331,ชานิสรา ภูวิจิตร บอสโอ๋เพื่อไทย,ชานิสรา,≤100
2245605448891362,จักรวี วิสุทธิผล,Jakravee Visutipol,≤100
383969052150419,ชาญชัย อิสระเสนารักษ์,Assawin Issarasenarak,≤100
105711950893323,The Modernist,บริษัท โอพีเนียน มีเดีย จำกัด,≤100
239251023642201,Kevarin Clinic,These ads ran without a disclaimer,≤100
804181579762028,จิรายุ ห่วงทรัพย์,จิรายุ ห่วงทรัพย์,≤100
873902519623943,พงศพัศ  กตคุณวิสิทธิ์,พงศพัศ  กตคุณวิสิทธิ์,≤100
101225802154967,คลองไทย พัทยา ชลบุรี,คลองไทย พัทยา ชลบุรี,≤100
1551751431783222,The Momentum,The Momentum,≤100
598951253533198,คริส โปตระนันทน์ - Chris Potranandana,คริส โปตระนันทน์ - Chris Potranandana,≤100
104014285798198,กานต์ กิตติอำพน,กานต์ กิตติอำพน,≤100
172057439546202,พันโท สินธพ แก้วพิจิตร (เสธ.แก้ว),พันโท สินธพ แก้วพิจิตร (เสธ.แก้ว),≤100
253380768713576,ดร.จักรพันธ์ พรนิมิตร,ดร.จักรพันธ์ พรนิมิตร,≤100
382558248956531,กมลพัฒน์  ปุงบางกะดี่  เขตบางขุนเทียน,กมลพัฒน์  ปุงบางกะดี่  เขตบางขุนเทียน,≤100
100318392379880,ณัฐพงศ์ เปรมพูลสวัสดิ์ - Nuttapong Premphunsawad,ณัฐพงศ์ เปรมพูลสวัสดิ์,≤100
596724453707731,Kittikorn Lohsoonthorn กิตติกร โล่ห์สุนทร,Kittikorn Lohsoonthorn,≤100
108162861512775,อัครแสนคีรี โล่ห์วีระ - แสน,อัครแสนคีรี โล่ห์วีระ - แสน,≤100
109821032053736,สุพจน์ ฤกษ์ดี,สุพจน์ ฤกษ์ดี,≤100
126520920405,a day,a day,≤100
335978833560634,เอ้ สุชัชวีร์,เอ้ สุชัชวีร์,≤100
103647078796818,วันทิต ตั้งรักษาสัตย์ จันทบุรี เขต 2 พรรคเพื่อไทย,วันทิต ตั้งรักษาสัตย์ จันทบุรี เขต 2 พรรคเพื่อไทย,≤100
102206278613304,อรไพลิน อัครเลิศวรปรีชา,อรไพลิน อัครเลิศวรปรีชา,≤100
103742482695590,เจมส์ สรรเพ็ชญ ศรีสวัสดิ์ - James Sanphet Srisawat,Jiramit Gaysorn,≤100
142756472518931,สุภาภรณ์ คงวุฒิปัญญา,สุภาภรณ์ คงวุฒิปัญญา,≤100
100188869702970,ทนายวิเชียร สุขพันธุ์ ทนายประชาชน,Kittipon Sujiwan,≤100
622674297897819,Screenshirt2020,Screenshirt2020,≤100
108261230583781,เอิร์ธ พงศกร ขวัญเมือง - Earth Pongsakorn Kwanmuang,เอิร์ธ พงศกร ขวัญเมือง - Earth Pongsakorn Kwanmuang,≤100
107449532000210,ธิติวัฐ อดิศรพันธ์กุล - Thitiwat Adisornphankul,ธิติวัฐ อดิศรพันธ์กุล - Thitiwat Adisornphankul,≤100
538633149666112,กวีวงศ์ อยู่วิจิตร-ผู้สมัคร ส.ส. เขตบางนา พระโขนง พรรคเพื่อไทย เบอร์ 3,กวีวงศ์ เบิด อยู่วิจิตร,≤100
101557482461926,วรายุทธ จงอักษร - บุ๊ค ไทยสร้างไทย ยโสธร เขต 2,Warayoot Jongugsorn,≤100
110863091226908,เสวก ประเสริฐสุข,เสวก ประเสริฐสุข,≤100
2083379161750953,ชัยยศ ปัญญาไวย ประชาธิปัตย์ภูเก็ต,ชัยยศ ปัญญาไวย ประชาธิปัตย์ภูเก็ต,≤100
392520858044712,กัณตภณ ดวงอัมพร แรมโบ้ ก้าวไกล พญาไท ดินแดง,กัณตภณ ดวงอัมพร แรมโบ้ ก้าวไกล พญาไท ดินแดง,≤100
177438153830567,พลอยทะเล ลักษมีแสงจันทร์,พลอยทะเล ลักษมีแสงจันทร์,≤100
225483931284436,ณัฐวรันธร ทองคำ  - อาทิตย์ บางใหญ่รถยก,ยุทธวีร์ ทองคำ,≤100
100707529597990,พรรคเพื่อไทย จังหวัดตราด,พรรคเพื่อไทย จังหวัดตราด,≤100
2267484126705684,บอย อิทธิพัทธ์ เศรษฐยุกานนท์,บอย อิทธิพัทธ์ เศรษฐยุกานนท์,≤100
109420251938390,"ชณทัต ปัทะมะภูวดล ""แม็ค""","ชณทัต ปัทะมะภูวดล ""แม็ค""",≤100
101813058138277,อนาวิล รัตนสถาพร,อนาวิล รัตนสถาพร,≤100
281449469423502,สจ สถาพร กล่อมเจริญ นักต่อสู้สิทธิเพื่อประชาชน เขต4 สุราษฎร์ธานี,Phadungsak Sawasdee,≤100
1423854681069294,สาคร เกี่ยวข้อง,สาคร เกี่ยวข้อง,≤100
109216354265447,อัษฎางค์  แสวงการ,อัษฎางค์  แสวงการ,≤100
115195181447846,อ้อ ศิรินันท์ ศิริพานิช,อ้อ ศิรินันท์ ศิริพานิช,≤100
230353517736423,Nan Niamvanichkul,These ads ran without a disclaimer,≤100
2126516294040344,ธีรพงศ์ เย็นใจ,ธีรพงศ์ เย็นใจ,≤100
116679231319335,ตุ๊ก - กานสินี,Dunyawat  Bamrungchan,≤100
105308564750704,ณัฏฐ์ มงคลนาวิน,ณัฏฐ์ มงคลนาวิน,≤100
129602281218084,Pongwat T. - ผู้สมัคร สส กทม เขต 2 ราชเทวี ปทุมวัน สาทร พรรคเสรีรวมไทย,Pongwat Tunnukul,≤100
109374672107915,อาร์มมี่ พชร ภูมิจิตร,Panuchai Sakanuchaichan,≤100
268066420751113,บ่าวนิก - สิรภพ สมผล,Sirapob Somphol,≤100
329083600579850,เอกภัทร ภัทร์รัศมี,Krittin Maneerat,≤100
197431367819037,กลุ่มรักพิษณุโลก - บวรเดช,บวรเดช ปาล์ม หล้าแหล่ง,≤100
1241410716007401,ทศพล เพ็งส้ม,Thosaphol Pengsom,≤100
601953326929372,ธัญวัจน์ กมลวงศ์วัฒน์ - Tunyawaj Kamolwongwat,Tunyawaj Kamolwongwat,≤100
100239615243582,จารุพรรณ เพชรดี,จารุพรรณ เพชรดี,≤100
2252271524986341,คิดไม่ออกบอกกวินนาถ - กวินนาถ ตาคีย์,กวินนาถ ตาคีย์,≤100
111872548439787,เพื่อนอุทัย,Attapon  Mingkwan,≤100
115968991450725,Piyasak Dechtongtip - ปิยะศักดิ์ เดชทองทิพย์,Chetsada Paochanthuek,≤100
100580028332640,,Parawan Kuaseng,≤100
100298682713615,เสื้อวินเทจ ลายมัน ผ้าดำ,เสื้อวินเทจ ลายมัน ผ้าดำ,≤100
100152313003832,จิตราภรณ์ กล้าแท้,Parit Patanee,≤100
114185228265574,ดร.เทอดเกียรติ  ชินสรนันท์,ดร.เทอดเกียรติ  ชินสรนันท์,≤100
626952517700280,ลิ้ม ศรัณยสัณฑ์ วีรกุลสุนทร ว่าที่ผู้สมัคร ส.ส. เขตจอมทอง พรรคเพื่อไทย,ลิ้ม ศรัณยสัณฑ์ วีรกุลสุนทร ว่าที่ผู้สมัคร ส.ส. เขตจอมทอง พรรคเพื่อไทย,≤100
107628191145278,คลองสามวา เขต17 Fcเพื่อไทย,คลองสามวา เขต17 Fcเพื่อไทย,≤100
103210705400269,ธนา เฉยปัญญา-Thana Choeipanya,Thanik Intarat,≤100
115905241390909,เนเน่ รัดเกล้า สุวรรณคีรี,Rudklao Intawong Suwankiri,≤100
333851820592868,ยุทธนา โพธสุธน,ยุทธนา โพธสุธน,≤100
103627788763030,พรรคก้าวไกล นนทบุรี เขต 5,พรรคก้าวไกล นนทบุรี เขต 5,≤100
109072381002767,คงพัชร ไขรัศมี,คงพัชร ไขรัศมี,≤100
1297193787090107,โชคดี สายนำพามีลาภ ผู้สมัคร ส.ส.เขต 3 พิษณุโลก พรรคก้าวไกล,โชคดี สายนำพามีลาภ ผู้สมัคร ส.ส.เขต 3 พิษณุโลก พรรคก้าวไกล,≤100
539119526485380,ทนายใหญ่ ธิมาชัย,ใหญ่ ธิมาชัย,≤100
113348094971856,โกขุน พูดแล้วทำ,โกขุน พูดแล้วทำ,≤100
173554381039604,กุลชร มีสัมฤทธิ์ - สจ.ช้าง,กุลชร มีสัมฤทธิ์ - สจ.ช้าง,≤100
962818234084161,จิม จักรพันธ์ จินตนาพากานนท์,Chatchai Boonmee,≤100
106918887836105,ศรราม ภูมิไชย_แฟ้ม,ศรราม ภูมิไชย_แฟ้ม,≤100
515031131965252,Arnon FC - อานนท์ นุ่นสุข,Arnon FC - อานนท์ นุ่นสุข,≤100
109253101480638,วรท ศิริรักษ์ - Warot Sirirak,วรท ศิริรักษ์ - Warot Sirirak,≤100
2131398436998925,ชนินทร์ รุ่งแสง ปชป.,ชนินทร์ รุ่งแสง ปชป.,≤100
1476977969108613,จิ๊บ ศศิกานต์ วัฒนะจันทร์,Sasikarn Watthanachan,≤100
104355192139176,วิฑูร ลี้ธีระนานนท์,วิฑูร ลี้ธีระนานนท์,≤100
105289818586883,ปวิตรา จิตตกิจ - Pavitra Jittakit,Phongsak Puttala,≤100
102119372069250,สจ. ธานินท์ นวลวัฒน์,Studio415,≤100
107448364979874,ศิริพงศ์ นานคงแนบ - Siripong Nankongnab,Siripong Nankongnab,≤100
107368818238731,Phattarapong Leelaphat - ภัทรพงษ์ ลีลาภัทร์,Phattarapong Leelaphat,≤100
277143792910800,เฉลิมพงศ์ แสงดี - Chalermpong Saengdee,เฉลิมพงศ์ แสงดี - Chalermpong Saengdee,≤100
115808517005660,นฤมล รัตนาภิบาล พี่บะฮ์,These ads ran without a disclaimer,≤100
101164632678987,อุดม กันม่วง - กำนันเผ่น,Sombat Khrutsing,≤100
110346468668262,แมนแมนทำแทนคุณ,ศุภกิจ ตังทัตสวัสดิ์,≤100
102264295456894,Sirin Sanguansin - สิริน สงวนสิน,Sirin Sanguansin,≤100
110935788614032,เพจ สมพงษ์ ภูพานเพชร,สมพงษ์ ภูพานเพชร,≤100
103943018154038,บุญสืบ จันทร์แจ่มศรี ปุ๊,บุญสืบ จันทร์แจ่มศรี,≤100
746897038728067,นพ.บัญญัติ เจตนจันทร์,นพ.บัญญัติ เจตนจันทร์,≤100
522718414543268,สุทธิ ปัญญาสกุลวงศ์,สุทธิ ปัญญาสกุลวงศ์,≤100
109794888685584,สมเจตน์ เกตุวัตถา,สมเจตน์ เกตุวัตถา,≤100
102341789244455,นายไชยวัฒน์ พัฒนเจริญวงศ์ษา เบอร์11 พรรคทางเลือกใหม่ เขต1,นายไชยวัฒน์ พัฒนเจริญวงศ์ษา เบอร์11 พรรคทางเลือกใหม่ เขต1,≤100
103453355440094,สมชาติ เตชถาวรเจริญ - พรรคก้าวไกล,Jiraporn Wongkulluck,≤100
1756789451111192,นายทัศนัย สุขประสาร,Thatsanai Sukprasan,≤100
116903218021802,ลิขิต อัศวจารุวรรณ-พรรคประชาธิปัตย์,ลิขิต อัศวจารุวรรณ,≤100
112232937794418,ยีชาย สมชาย เล่งหลัก,ยีชาย สมชาย เล่งหลัก,≤100
103664342715792,ชูศักดิ์ แม้นทิม,จตุพร เลียวรัศมี,≤100
207416296817756,พรรคก้าวไกลราชบุรี - Move Forward Party,Unnop Sricharoenchai,≤100
102086178653943,วรวุธ ลีลานภาศักดิ์-Worawut Leelanapasak,วรวุธ ลีลานภาศักดิ์-Worawut Leelanapasak,≤100
111513141852939,หรั่ง-วีระยุทธ ใยวังหน้า Weerayut Yaiwangnar,หรั่ง-วีระยุทธ ใยวังหน้า Weerayut Yaiwangnar,≤100
100281742774712,อำนาจ วิชัย พะเยา,อำนาจ วิชัย พะเยา,≤100
105505101947250,ปัญญารัตน์ นันทภูษิตานนท์ - Panyarut Nuntapusitanon,ปัญญารัตน์ นันทภูษิตานนท์ - Panyarut Nuntapusitanon,≤100
103742482695590,เจมส์ สรรเพ็ชญ ศรีสวัสดิ์ - James Sanphet Srisawat,เกริกกฤษดา ทองแก้วสวัสดิ์,≤100
110954691955005,ณภัสนันท์ อรินทคุณวงษ์ - Napassanan Arintakunawong,ณภัสนันท์ อรินทคุณวงษ์ - Napassanan Arintakunawong,≤100
368356080442700,กำนันพงษ์ศักดิ์ จ่าแก้ว - คนรักสุราษฎร์,Chadapon Maksuwan,≤100
109132222106497,เอฟ ชนัตถ์ นันทปัญญา,Katakorn Phukhaow,≤100
118029627900492,กัณฐณัฏฐ์ สุวรรณประภา,กัณฐณัฏฐ์ สุวรรณประภา,≤100
113862788272954,ทรงชัยแอมบูแลนซ์,ทรงชัยแอมบูแลนซ์,≤100
106872458897954,ระพีพัฒน์ สุเมธโชติเมธา,ระพีพัฒน์ สุเมธโชติเมธา,≤100
2356323297757923,พัลลภ เสนาดี,These ads ran without a disclaimer,≤100
380016005493733,ไม่ธรรมดา,Akarat Nitibhon,≤100
166420290494333,สายไหมบ้านเรา - ดร.สมชาย เวสารัชตระกูล,สายไหมบ้านเรา - ดร.สมชาย เวสารัชตระกูล,≤100
177948972256358,เอกนัฏ พร้อมพันธุ์ (ขิง),Chonticha Mahachai,≤100
104996498994841,NetZeroCarbon,NetZeroCarbon,≤100
104596302550566,สุรพงศ์ นำชัยรุจิพงศ์ - ชลบุรี,สุรพงศ์ นำชัยรุจิพงศ์ - ชลบุรี,≤100
103450342680650,อนุสรณ์ ปั้นทอง : เพื่อไทยบางเขน,อนุสรณ์ ปั้นทอง : เพื่อไทยบางเขน,≤100
141739712586,ตรีรัตน์ ศิริจันทโรภาส - Treerat Sirichantaropas,ตรีรัตน์ ศิริจันทโรภาส - Treerat Sirichantaropas,≤100
114279207156319,สุพิชญ์ชญา กิตติ์พรศิริกุล พราว,Supitchaya Kittpornsirikul,≤100
101794231527425,สุภกร ตันติไพบูลย์ธนะ - Supakon Tangtiphaiboontana,สุภกร ตันติไพบูลย์ธนะ,≤100
104060547853700,หมอรักษ์ พรรคภูมิใจไทย,Nawarat Dilokkunanant,≤100
112967547280040,เก่ง ชัยณรงค์ ภู่พิสิฐ,Tharit Naksawat,≤100
114437394843299,หนุ่ม เจษฎา เอี่ยมปุ่น - Jatsada Aiempun,หนุ่ม เจษฎา เอี่ยมปุ่น - Jatsada Aiempun,≤100
480222865705980,สรรเพชญ บุญญามณี,สรรเพชญ บุญญามณี,≤100
105350562517378,นายแพทย์ภาณุ พรวัฒนา,These ads ran without a disclaimer,≤100
107595118575384,แพร - ธัญธารีย์ สันตพันธุ์,แพร - ธัญธารีย์ สันตพันธุ์,≤100
111065324140385,กวิน เตียวเจริญโสภา,These ads ran without a disclaimer,≤100
110730818172510,ดร.ต่อพงษ์ วรกุล - Dr.Toapong worakul,Toapong Worakul,≤100
100575398533433,ฉัตร สุภัทรวณิชย์ - Chatr Supatwanich,ฉัตร สุภัทรวณิชย์ - Chatr Supatwanich,≤100
107648367788852,วงศกร ชนะกิจ,Wongsakorn Chanakit,≤100
105564202863465,Wan ubumrung,Wan ubumrung,≤100
105765928998102,เสมอกัน เที่ยงธรรม,เสมอกัน เที่ยงธรรม,≤100
101493419239768,สุรธัช เณรภักดี - เณรปอน ไทยภักดี นครศรีธรรมราช,สุรธัช เณรภักดี - เณรปอน ไทยภักดี นครศรีธรรมราช,≤100
111119268085115,อนงค์นาถ จ่าแก้ว,Chadapon Maksuwan,≤100
124219557271300,นพพร ขาวขำ,Thitipun Chaichewanon,≤100
110881428552956,ทิสรัตน์ เลาหพล - เพ้น,ทิสรัตน์ เลาหพล - เพ้น,≤100
103705249333714,โกเมท เกิดสมบัติ รุ่งอรุณสู่การเปลี่ยนแปลง,โกเมท เกิดสมบัติ รุ่งอรุณสู่การเปลี่ยนแปลง,≤100
2009054229181721,Nattacha Boonchaiinsawat - ณัฐชา บุญไชยอินสวัสดิ์,ณัฐชา บุญไชยอินสวัสดิ์,≤100
428096527993425,Itsaraporn Duangupa - อิศราพร ดวงอุปะ,Thanik Intarat,≤100
107597078770351,Marion Owens,Ekkachai Wichien,≤100
119032984485426,รัฐกร เบ้ เจนกิจณรงค์,รัฐกร เบ้ เจนกิจณรงค์,≤100
101372342567471,ต้นกล้า จรยุทธ จตุรพรประสิทธิ์ - TonKla Chorayuth Chaturapornprasit,Chorayuth Chaturapornprasit,≤100
2001637323285040,อรพินทร์ เพชรทัต,อรพินทร์ เพชรทัต,≤100
103528932296276,พรชัย วงศ์ล้อมนิล,Phurin Wonglomnil,≤100
832313780304887,สุริยา ขันอาสา นักพัฒนาของแผ่นดิน,These ads ran without a disclaimer,≤100
112012931540773,ผอ.ปั๋น - ชิตวัน ชินอนุวัฒน์,Chittawan Chinanuvat,≤100
103080625934922,ดร. พินิจ จันทรสุรินทร์ - Dr. Pinich Chandrasurin,ดร. พินิจ จันทรสุรินทร์ - Dr. Pinich Chandrasurin,≤100
100808236254749,ทรงพล ชูศิลป์กุล - Songphon Chusilkul,ทรงพล ชูศิลป์กุล - Songphon Chusilkul,≤100
105782438913837,มีศักดิ์ ภักดีคง,มีศักดิ์ ภักดีคง,≤100
103345439310956,ณปภัช เสโนฤทธิ์ - เฟิร์ส - Napaphach Senorit,ณปภัช เสโนฤทธิ์ - เฟิร์ส - Napaphach Senorit,≤100
602399360188164,ดร.ไพร พัฒโน,ดร.ไพร พัฒโน,≤100
114801263602635,กฤช ศิลปชัย - Krit Silapachai,Krit Silpachai,≤100
107878395325726,ดร.พันธุ์ปิติ โพธิ์วิจิตร,ดร.พันธุ์ปิติ โพธิ์วิจิตร,≤100
119235304481580,เกื้อกูล ด่านชัยวิจิตร,เอกชัย มงคลสมัย,≤100
101636186123234,ไชยพล เดชตระกูล,ไชยพล เดชตระกูล,≤100
103503346076459,สมเกียรติ ตันตระกูล,8898PRODUCTION COMPANY LIMITED,≤100
932183796986158,เนวินธุ์ ช่อชัยทิพฐ์,เนวินธุ์ ช่อชัยทิพฐ์,≤100
102862692566940,อนัญญา สวัสดิสาร,อนัญญา สวัสดิสาร,≤100
110204590612663,ธีรัจชัย พันธุมาศ - Teerajchai Phunthumas,ธีรัจชัย พันธุมาศ,≤100
112706641077875,สจ.ดนุภัทร์ เชียงชุม,สจ.ดนุภัทร์ เชียงชุม,≤100
109679621565028,นครชัย ขุนณรงค์ - พรรคก้าวไกล ระยอง เขต 3 ไอซ์ ระยอง,Yo Pongsathon Sonpechnarintr,≤100
229178137856991,ประเสริฐศรี ฮ้อแสงชัย ปทุมธานี,ประเสริฐศรี ฮ้อแสงชัย ปทุมธานี,≤100
107664694510311,อริย์ธัช ชาติอาริยะพงศ์,Arithach Chartariyapong,≤100
106876765669721,เอกภพ สายไหม,เอกภพ สายไหม,≤100
1703627159765622,ณัฐทรัชต์ ชามพูนท ใหม่,ณัฐทรัชต์ ชามพูนท,≤100
112969264517494,เพ็ญพิสุทธิ์ จินตโสภณ - Penpisut Jintasophon,เพ็ญพิสุทธิ์ จินตโสภณ - Penpisut Jintasophon,≤100
111734427310816,พณิชย์ วิทยาภัทร์ - แป๊บ,พณิชย์ วิทยาภัทร์ - แป๊บ,≤100
100533802887381,ทองคำ หลงเปลี่ยว - พรรคไทยสร้างไทย จ.สมุทรสาคร,Thongchai Potard,≤100
109960305368979,ฐานุพงศ์ รังสิไตรพงศ์ - โจ๊ย,Pimmada Rangsitaiphong,≤100
106325291501353,วิเวียน จุลมนต์,Vivian Chullamon,≤100
101466499528676,ปราณี เชื้อเกตุ,ปราณี เชื้อเกตุ,≤100
276537859877842,FC ผู้ใหญ่ตาน คนบ้านเรา,FC ผู้ใหญ่ตาน คนบ้านเรา,≤100
106337912336664,ปั้น ณัทกร แก้วพิจิตร,ปั้น ณัทกร แก้วพิจิตร,≤100
108281895579200,บุญฤทธิ์ พาณิชย์รุ่งเรือง - รองจอห์น เขต1,Warin Ekburin,≤100
100813082276696,สมบูรณ์วรรณ ตรีสินธุ์ไชย,Somboonwan Nong Treesinchai,≤100
159926697949888,ทันข่าว Today,These ads ran without a disclaimer,≤100
100301042076812,นพพล ธนิกุล,นพพล ธนิกุล,≤100
107938394191198,สิริลภัส กองตระการ,วรันธร กองแก้ว,≤100
111102121566092,พลช กฤษณะราช แกลง เขาชะเมา กาเบอร์ 3,พลช กฤษณะราช,≤100
109466785419773,นักรบ ณ ถลาง,Katmachom Jah,≤100
105968381109614,สมชาติ ประดิษฐพร “อ้อย”,สมชาติ ประดิษฐพร “อ้อย”,≤100
105267429124868,Tip Ruchaitrakul ทิพย์ ฤาชัยตระกูล,Apisit Ruchaitrakul,≤100
2322489704448400,"ณัฐพงษ์ ""KEN"" พิพัฒน์ไชยศิริ","ณัฐพงษ์ ""KEN"" พิพัฒน์ไชยศิริ",≤100
110398018491526,สุทิน นพขำ พรรคเพื่อไทย จังหวัดปทุมธานี,สุทิน นพขำ พรรคเพื่อไทย จังหวัดปทุมธานี,≤100
112801548095347,กาญจนา ภวัครานนท์ - ฟลุ๊ค,These ads ran without a disclaimer,≤100
387331004621422,นรพล ตันติมนตรี เชียงใหม่สายใต้,นรพล ตันติมนตรี เชียงใหม่สายใต้,≤100
151732248189077,The Public Post,Ekawat Paduka,≤100
113855987049534,โอเล่ เอกชัย ผ่องจิตร์,โอเล่ เอกชัย ผ่องจิตร์,≤100
104809958598855,อั้ม อดุลวิทย์ วิวัฒน์ธนาฒย์,These ads ran without a disclaimer,≤100
106779942110654,พิเชฐ เดชอรัญ,พิเชฐ เดชอรัญ,≤100
112151181255165,สมยศ พลายด้วง,Nichapha Sriwilai,≤100
115915941396979,อุ้ม อัชญา จุลชาต,These ads ran without a disclaimer,≤100
106538958796488,กิตพล เชิดชูกิจกุล,กิตพล เชิดชูกิจกุล,≤100
108162078413935,capitalread.co,capitalread.co,≤100
103313682290308,ดิษฐ์ธนิน ภาคย์อิชณน์ FC,ดิษฐ์ธนิน ภาคย์อิชณน์ FC,≤100
109866475168448,สิทธิศักดิ์ พุ้ยมอม,Theeraphat Laotula,≤100
103617699379174,แก้วเยติพร้อมเลเซอร์ฟรี งานคุณภาพราคาถูก PJ,ทศวรรษ คงรอด,≤100
111397721856987,สุรชัย ทวีคูณ,สุรชัย ทวีคูณ,≤100
106114681299032,ชูเกียรติ จีนาภักดิ์,ชูเกียรติ จีนาภักดิ์,≤100
108508377637861,มุ้งจีบพระราม2 โรงงานผลิตมุ้งจีบ มุ้งลวด เหล็ดดัดทุกชนิด,กุหลาบ บัวสด,≤100
109426527988876,ดร ปรเมษฐ์ จินา อดีตรองนายก อบจ.สุราษฎร์ธานี,ปรเมษฐ์ จินา,≤100
116210858097279,เปิ้ล ประภาภรณ์ เชยวัดเกาะ,ประภาภรณ์ เชยวัดเกาะ,≤100
2042187966059264,ก่อเกียรติ สิริยะเสถียร,ก่อเกียรติ สิริยะเสถียร,≤100
715838732136310,ธนเดช เพ็งสุข - Tanadej Pengsuk,Tanadej Pengsuk,≤100
2126012024327620,สมบูรณ์ หนูนวล,Thanchanok Sornkaew,≤100
121117164293823,คลองไทย เชียงใหม่ เขต 5 เบอร์ 12,These ads ran without a disclaimer,≤100
105289357813967,ปุณณ์สิริ บุณยเกียรติ - บีท - Punsiri Boonyakiat,ปุณณ์สิริ บุณยเกียรติ - บีท - Punsiri Boonyakiat,≤100
1880289705617051,ธนกร อุดรพิมพ์,Anuruk Anuan,≤100
104909135396165,Phuthita Chaianun - พุธิตา ชัยอนันต์,Phuthita Chaianun,≤100
101831726085555,พรรครวมแผ่นดิน,พรรครวมแผ่นดิน,≤100
113782578365416,รวมไทยสร้างชาติ เชียงใหม่,ปรีชาพล รัตนมณี,≤100
101929529546197,อ้วน อนุชาญ,Koranin Joongleak,≤100
111569458579487,รัตนประภา ดิศวัฒน์,8898PRODUCTION COMPANY LIMITED,≤100