﻿Page ID,Page name,Disclaimer,Amount spent (USD),Number of ads in Library
823788047675556,Call of War,These ads ran without a disclaimer,≤100,2
200480966638039,Supremacy 1914,These ads ran without a disclaimer,≤100,1
845039715506074,Anything Canada,These ads ran without a disclaimer,≤100,1
19746387261,Humane Society International,These ads ran without a disclaimer,≤100,2
110395948439396,المجلس العربي الاعلى للمنح  الدراسية,These ads ran without a disclaimer,≤100,1
725505594135727,Adventure Escape,These ads ran without a disclaimer,≤100,1
1598373943801358,Nabaa نبأ,These ads ran without a disclaimer,≤100,1
17043549797,MIT Technology Review,These ads ran without a disclaimer,≤100,4
439440096133537,Sick Noise,These ads ran without a disclaimer,≤100,1
427747764026807,ShanghaiEye,These ads ran without a disclaimer,≤100,1
285530825204,Klitschko,These ads ran without a disclaimer,≤100,1
106386158767588,DOPE Quick Reads,These ads ran without a disclaimer,≤100,1
423670114403144,Trending in China,These ads ran without a disclaimer,≤100,1
132952406828601,NCS Group,These ads ran without a disclaimer,≤100,1
351671375760473,The GCCA,These ads ran without a disclaimer,≤100,1