﻿Page ID,Page name,Disclaimer,Amount spent (HUF)
102414628645144,Korondy Tamás,Megafon,21236
776079922494181,Apáti Bence hivatalos oldala,Megafon,16201
169599166463839,Demokratikus Koalíció,Demokratikus Koalíció,10194
109217671008015,A kopasz oszt,Megafon,8177
503614639975773,Trombitás Kristóf,Megafon,8048
694941900537141,Ágh Péter,Fidesz,7490
296310837699,vaol.hu,Mediaworks Hungary Zrt.,6177
224274995688487,Bohár Dániel - Riporter,Megafon,5810
543788999005363,ORIGO,Mediaworks Hungary Zrt.,4918
118152054556475,Deák Dániel,Megafon,4801
286759004682537,Tranzit,Kommentár Alapítvány,4227
278117815576023,EU Justice and Consumers,EU Justice and Consumers,4088
248172631940,Mandiner,Mediaworks Hungary Zrt.,3111
191461774219575,hirado.hu,hirado.hu,2921
109503892404998,Világgazdaság,Mediaworks Hungary Zrt.,2239
326635018181862,Magyar Nemzet,Mediaworks Hungary Zrt.,2166
1534911313439123,Ripost,Ripost,1977
331580946799,Borsonline - Bors Szórakoztató Napilap,Borsonline - Bors Szórakoztató Napilap,1814
110149601578231,GeriJoca,Megafon,1470
153992771336740,Origo Sport,Mediaworks Hungary Zrt.,1297
178362315106,European Parliament,European Parliament,1118
264517713636590,PestiSracok.hu,PestiSrácok.hu,1005
408924035951553,Körforrás,Körforrás,964
1321667124617769,Dr. Kovács Zoltán,Dr. Kovács Zoltán,926
107714692006327,Szájensz Szeánsz,Szájensz Szeánsz,857
193702058028595,Lázár János,Lázár János hivatalos oldala,756
131283758531,HVG,HVG Kiadó ZRt.,675
108346693873484,Győrffy Balázs,Győrffy Balázs,544
1265353903615539,Oeconomus,Oeconomus,523
594088897289853,Alapjogokért Központ,Alapjogokért Központ,445
265672590604606,Makronóm.Blog,Makronóm.Blog,416
124351424727220,MKKP Vas megye,Magyar Kétfarkú Kutya Párt,353
451844608304228,Metropol,Metropol,340
191946490841225,Dúró Dóra,Mi Hazánk Mozgalom,296
851784814892644,Simicskó István,KDNP frakció,287
447204268797621,RTL.hu,RTL.HU,283
345496092135627,Hír TV,Mediaworks Hungary Zrt.,276
289633770813,UNICEF Magyarország,UNICEF Magyar Bizottság Alapítvány,271
109528965046103,MCC Feszt,Mathias Corvinus Collegium,265
102426795954406,Nobilis Márton,Nobilis Márton,264
287770891404,Jobbik-Konzervatívok,Jobbik Magyarországért Mozgalom,257
150219742265121,Bedő Dávid,Bedő Dávid - Momentum,246
162344823835042,atlatszo.hu,atlatszo.hu,242
103294948505659,Szánthó Miklós,Szánthó Miklós – Alapjogokért Központ,224
35634348348,Greenpeace Magyarország,Greenpeace Magyarország,212
123910440019,Renew Europe,Renew Europe Group,212
108248022589754,Bosch Magyarország,Bosch Magyarország,206
76748198685,Budapest Pride,Budapest Pride,199
307618232709851,Hidvéghi Balázs,Fidesz - Magyar Polgári Szövetség,188
195739270444269,Széchenyi István Egyetem,These ads ran without a disclaimer,178
191946490841225,Dúró Dóra,Dúró Dóra,170
211156277497,WWF Hungary,WWF Hungary,166
44847086574,Amnesty International Magyarország,Amnesty International Magyarország,158
670269189782610,Ficsak - Fiatal Családosok Klubja,Fiatal Családosok Klubja,139
1215492498464496,Angyal Károly,Angyal Károly,131
303640261940,Nemzeti Sport Online,Mediaworks Hungary Zrt.,130
143151351544,Színházi Olimpia 2023 / Theatre Olympics 2023,Szinházi Olimpia Nonprofit Kft.,129
206829842043,Rétvári Bence,Rétvári Bence,114
490030231058740,444,Magyar Jeti Zrt - 444.hu,110
1926735160968885,Válasz Online,Válasz Online,104
113684438795574,Párbeszéd - Zöldek,Párbeszéd Magyarországért,≤100
1408906262689093,Nyitrai Zsolt,Fidesz,≤100
109306435499597,Szabad Vonalzó,Humán Platform,≤100
221761091331222,Danube Institute,Danube Institute,≤100
161957537171267,Schmidt Mária,Schmidt Mária,≤100
112694594992064,Mehr Licht,Mehr Licht,≤100
102641477991941,bahir.hu - BAHÍR,Zöld Baranya Egyesület,≤100
170834092937469,K-Monitor,K-Monitor,≤100
237088069704442,Kósa Ádám,"Adam Kosa, Member of the European Parliament",≤100
106236922109249,Hajnal-2026,Hajnal-2026,≤100
887921287887805,Király Nóra,Király Nóra,≤100
1239893846155692,Tompos Márton,Momentum Mozgalom,≤100
421262681731198,Vasarnap.hu,Kovács K. Zoltán Alapítvány,≤100
304448239602944,Minden Doboz Visszajár,Minden Doboz Visszajár,≤100
106280224056208,Gelencsér Ferenc,Momentum Mozgalom,≤100
113375923695023,Fidesz Budapest,Fidesz Budapest,≤100
113183730045421,Momentum Klímakörök,Momentum Mozgalom,≤100
104352305708088,Elemi.hu,Elemi.hu,≤100
451084968283411,Klímainnovációs Közösség,PANNON Pro Innovációs Kft.,≤100
131797633528377,Jávor Benedek,Párbeszéd Magyarországért,≤100
102186064905787,Zöld Követ Egyesület,Zöld Követ Egyesület,≤100
76945222898,Startlap,Central Médiacsoport Zrt.,≤100
1869511526651884,Zsigmond Barna Pál,Fidesz,≤100
1671533653104519,Kele János,Kele János,≤100
100452852734271,Startlap - Vásárlás tippek,Central Médiacsoport Zrt.,≤100
527351247377965,European Committee of the Regions,European Committee of the Regions,≤100
159889247536834,Hírstart,Central Médiacsoport Zrt.,≤100
1215492498464496,Angyal Károly,LMP - Magyarország Zöld Pártja,≤100
320645820787,Haszon magazin,Haszon magazin,≤100
144284472334021,Cseresnyés Péter,Cseresnyés Péter,≤100
103758242266301,Boldizsár Tamás,Boldizsár Tamás,≤100
102401058671244,Készpénzmentes Zóna,Uniomedia Kommunikációs Ügynökség Zártkörűen Működő Részvénytársaság,≤100
267674610816415,Dóczi Péter,Alternatíva párt,≤100
107123677458699,Külpologika,Külpologika,≤100
105774734948091,Hungarian Conservative,Hungarian Conservative,≤100
105666454157523,Szikra Mozgalom,Szikra Mozgalom,≤100
386132578063762,Balaicz Zoltán,Balaicz Zoltán,≤100
18562323874,Élet és Irodalom,Élet és Irodalom,≤100
108087758588692,Talabér Krisztián Nézőpontja,Nézőpont,≤100
156847374371871,Szabó Tímea,Párbeszéd Magyarországért,≤100
2407809316170057,Szendefy Mária - LMP,LMP - Magyarország Zöld Pártja,≤100
1693538404064465,Magyar Hang,Magyar Hang - A Túlélő Magazin,≤100
103141961544400,Future of Debrecen,Future of Debrecen Egyesület,≤100
120800934626447,United Way Magyarország,United Way Magyarország,≤100
202099276507678,24.hu,24.hu,≤100
109565208474856,Startlap - Utazás tippek,Central Médiacsoport Zrt.,≤100
320701218553533,Alternatíva Párt,Alternatíva párt,≤100
481510085233995,Tarjáni Fészek,Tarjáni Fészek,≤100
128884360624104,Bóna Zoltán,Bóna Zoltán,≤100
267882727864,Kubatov Gábor,Fidesz,≤100
519279158277826,Szülői Hang,Szülői Hang,≤100
104292121912254,Zöldgyőr  ÖKO Értékteremtés,Zöldgyőr  ÖKO Értékteremtés,≤100
108321735570338,Védd A Tényeket,Zachor Alapítvány,≤100
200615179974476,Tégy az abortusz ellen,Tégy az abortusz ellen,≤100
215551471947529,Sajómente,Sajómente,≤100
132565735893,Policy Solutions,Policy Solutions Nonprofit Kft.,≤100
173492029430371,A magyar a nyerő,These ads ran without a disclaimer,≤100
268042136672212,Századvég,Századvég Közéleti Tudásközpont Alapítvány,≤100
186937904681332,Szabó Rebeka,Párbeszéd Magyarországért Párt,≤100
897497500592621,Gyuricza László polgármester,Gyuricza László polgármester,≤100
92932085233,TASZ,TASZ,≤100
348148758663062,Indahouse Hungary,InDaHouse Hungary Egyesület,≤100
1443354815880657,Salacz László,Salacz László,≤100
462139203805958,Gelencsér Attila,Gelencsér Attila,≤100
1377431695828132,Nagy István,Dr. Nagy István,≤100
115562461467601,Ferenczi Norbert,Ferenczi Norbert,≤100
105028021624856,Kárpáti Zoltán,These ads ran without a disclaimer,≤100
100609808517630,Drogkutató Intézet,Drogkutató Intézet Nonprofit Korlátolt Felelősségű Társaság,≤100
1567420900021321,Kara Ákos,Kara Ákos,≤100
103574552157896,Friot  Yacht,These ads ran without a disclaimer,≤100
105989251030036,Finniskola - sétálva tanulunk,These ads ran without a disclaimer,≤100
135049793193159,IH Rendezvényközpont,Green Team Event & Marketing Kft.,≤100
264210363649459,Élő Norbert,Élő Norbert,≤100
197203437879379,Szaniszló Sándor,Pestszentlőrinc-Pestszentimre polgármestere,≤100
437674733429219,Unger Tamás,Unger Tamás alpolgármester,≤100
124442815810276,Modern Férfipolitikáért Mozgalom,Modern Férfipolitikáért Mozgalom,≤100
116609705085092,BP18,BP18,≤100
375972093010817,Turgonyi Dániel,Turgonyi Dániel,≤100
1417693954961034,Nario,These ads ran without a disclaimer,≤100
147547541961576,Council of the European Union,Council of the European Union,≤100
267353906619818,Mr. Gugu & Miss Go,These ads ran without a disclaimer,≤100
144709575593854,EESC - European Economic and Social Committee,EESC - European Economic and Social Committee,≤100