﻿Page ID,Page name,Disclaimer,Amount spent (SAR)
101266249141558,هيئة تطوير محمية الملك سلمان بن عبدالعزيز الملكية,هيئة تطوير محمية الملك سلمان بن عبدالعزيز الملكية,≤100
175590267993,Al Majalla,These ads ran without a disclaimer,≤100
72149536933,SKF,These ads ran without a disclaimer,≤100
101460842681784,TRT Afrika,These ads ran without a disclaimer,≤100
1136117829854042,Pure Blue of Norway,These ads ran without a disclaimer,≤100
100082986559771,,These ads ran without a disclaimer,≤100
100386342622682,Studerende på Københavns Universitet,These ads ran without a disclaimer,≤100