﻿Page ID,Page name,Disclaimer,Amount spent (EUR),Number of ads in Library
1420588184916754,Aleksa Becic - Demokrate - Demokratska Crna Gora,Aleksa Becic - Demokrate - Demokratska Crna Gora,810,16
120891932822500,За будућност Црне Горе,Za budućnost Crne Gore,639,43
100514562572464,Mi Možemo,Mi možemo,307,9
1496330687264500,Dritan Abazović,Dritan Abazović,154,13
313006358903165,Građanski pokret URA,Građanski pokret URA,134,18
102730115711909,Pokret Evropa sad,Pokret Evropa sad,120,7
638633769597292,Nik Gjeloshaj,Nik Gjeloshaj,116,4
421528787908380,Centar za monitoring i istraživanje - CeMI,Centar za monitoring i istraživanje - CeMI,103,1
819639921464707,Socijaldemokrate Crne Gore,Socijaldemokrate Crne Gore,≤100,8
75782787032,Pokret za Promjene,Pokret za Promjene,≤100,6
101788005008282,Marko Milačić - Prava Crna Gora,Marko Milačić,≤100,14
116109739824845,Vladislav Dajković,Vladislav Dajkovic,≤100,3
513531212081016,NVO MANS,NVO MANS,≤100,3
1676159402708570,Hrvatska građanska inicijativa,Hrvatska građanska inicijativa,≤100,9
100204913096283,Aleanca Shqiptare MNE,Forca e Re Demokratike,≤100,7
100312752986062,Nikola Đurašković,Nikola Đurašković,≤100,2
108894298039380,Milojko Spajić,Milojko Spajić - Pokret Evropa sad,≤100,2
100445002726288,Omer Bajraktari,Omer Bajraktari,≤100,3
236694586475080,Standard,Standard,≤100,3
1508488476138038,Forca E Re Demokratike,Forca e Re Demokratike,≤100,1
106620772324031,Vladimir Martinović,Vladimir Martinovic,≤100,2
100579424975484,Ammar Borančić,Ammar Borančić,≤100,1
101098685886235,Preokret,Preokret,≤100,1
139420946128519,Centar za demokratsku tranziciju - CDT,Centar za demokratsku tranziciju - CDT,≤100,1
195320253848601,Liberalna partija Crne Gore - LPCG,Liberalna partija Crne Gore - LPCG,≤100,1
109846813775161,Glas Mrkojevića,Glas Mrkojevića,≤100,1
339810463063059,Conflict Of Nations : World War 3,These ads ran without a disclaimer,≤100,1
106519341307340,Inicijativa Direktne Demokratije-IDD,Borislav Đurišić,≤100,1
103585292124869,Slobodna Crna Gora,Slobodna Crna Gora,≤100,1
103588975196889,Stevan Katić - Demokrate Herceg Novi,Stevan Katic,≤100,1
1777952132237071,Slované v obrazech a poezii / Slavs in pictures and poetry,These ads ran without a disclaimer,≤100,1
1656590977890066,IDEO U,These ads ran without a disclaimer,≤100,1
131189377574,MDPI,These ads ran without a disclaimer,≤100,1
115575820139019,Af Fhyf,These ads ran without a disclaimer,≤100,1
218798922334223,COFCO,These ads ran without a disclaimer,≤100,1
1883003128429295,Queer Majority,These ads ran without a disclaimer,≤100,1
101715608808670,Judgment Day: Angel of God,These ads ran without a disclaimer,≤100,1
105981818870595,Myanmar Defense Force - Shwebo,These ads ran without a disclaimer,≤100,1