﻿Location name,Amount spent (PYG)
Alto Paraguay Department,606
Alto Paraná Department,219703
Amambay Department,9712
Asunción,309184
Boquerón department,1374
Caaguazú Department,113026
Caazapá Department,2413
Canindeyú Department,14915
Central Department,1118839
Concepción Department (Paraguay),16630
Cordillera Department,23783
Guairá Department,26041
Itapúa Department,32656
Misiones Department,55991
Paraguarí Department,11892
Presidente Hayes Department,14214
San Pedro Department,11966
Unknown,≤100
Ñeembucú Department,23661