﻿Page ID,Page name,Disclaimer,Amount spent (USD),Number of ads in Library
490537527710049,AMANAT,AMANAT,512,34
657779317764978,Amanat партиясы Түркістан облыстық филиалы,Amanat партиясы Түркістан облыстық филиалы,283,51
271211603304542,Amanat Атырау облысы,Amanat Атырау облысы,252,50
110920265152036,Kazakh.inform,Kazakh.inform,250,1
580652392144260,Amanat партиясы Солтүстік Қазақстан облысы,Amanat партиясы Солтүстік Қазақстан облысы,205,61
1761465517499771,Amanat партиясы Актөбе облыстық филиалы,Amanat партиясы Актөбе облыстық филиалы,197,69
1882118935398476,Amanat партиясы Маңғыстау облыстық филиалы,Amanat партиясы Маңғыстау облыстық филиалы,196,20
2020111184883247,Amanat Шығыс Қазақстан облысы,Amanat Шығыс Қазақстан облысы,194,59
913146795478521,AMANAT партиясы Алматы қалалық филиалы,AMANAT партиясы Алматы қалалық филиалы,194,39
115515608097291,Amanat Партиясы Астана қалалық филиалы,Amanat Партиясы Астана қалалық филиалы,184,37
1346759552051549,Amanat Павлодар облысы,Amanat Павлодар облысы,183,71
428542784340635,Amanat партиясы Шымкент қалалық филиалы,Amanat партиясы Шымкент қалалық филиалы,182,30
306915726566102,Amanat партиясы Жамбыл облыстық филиалы,Amanat партиясы Жамбыл облыстық филиалы,182,62
998389413592713,Amanat партиясы Батыс Қазақстан облыстық филиалы,Amanat партиясы Батыс Қазақстан облыстық филиалы,181,69
1811344202415686,Amanat партиясының Ақмола облыстық филиалы,Amanat партиясының Ақмола облыстық филиалы,179,22
1541070159298387,Amanat Алматы облысы,Amanat Алматы облысы,177,48
111385478077643,«Amanat» партиясының Абай облыстық филиалы,«Amanat» партиясының Абай облыстық филиалы,175,50
1756876291006118,Amanat Қарағанды облысы,Amanat Қарағанды облысы,160,34
287857001626817,Amanat Қызылорда облысы,Amanat Қызылорда облысы,125,23
116277931350959,Amanat  partiyasy Ulytau oblystyk filialy,Amanat  partiyasy Ulytau oblystyk filialy,124,15
103460506005425,Amanat Партиясы Жетісу облыстық филиалы,Amanat Партиясы Жетісу облыстық филиалы,102,18
1209694105814132,Amanat Қостанай облысы,Amanat Қостанай облысы,≤100,13
239662758001551,Sergeyev Vladislav,Sergeyev Vladislav,≤100,6
104161494669237,Azamat Omurzakov,Azamat Omurzakov,≤100,4
100820366275182,ADAL BIZ,These ads ran without a disclaimer,≤100,2
324882354342147,Krivosheev.live,Denis Krivosheyev,≤100,1
748425485249215,Ерлан Стамбеков,Yerlan Stambekov,≤100,2
2143772719195836,Ляйля Абдрахманова,Ляйля Абдрахманова,≤100,2
110559735291651,Куреш Солсанов,Куреш Солсанов,≤100,2
113399854332655,Tiger Films,These ads ran without a disclaimer,≤100,1
106979528988831,Магулов Манас,Манас Магулов,≤100,6
1209694105814132,Amanat Қостанай облысы,These ads ran without a disclaimer,≤100,2
547780275278528,Матрица.kz,Aygerim  Bolat,≤100,2
106345892390362,Тимур Печенкин,Riza Kids,≤100,2
113236901690881,Александр Бочаров,Александр Бочаров,≤100,1
1945250445581724,Ведомости Казахстана,Валерий Самарец-Сурганов,≤100,1
170032706814473,Республика - Kazakhstan 2.0,Юлия Козлова,≤100,3
110647840532680,Merge Mayor,These ads ran without a disclaimer,≤100,1
102882402725627,vernopravd,These ads ran without a disclaimer,≤100,1
109020372113485,Karashash,Карашаш Джузеева,≤100,1
104594634241568,Abay Academy,These ads ran without a disclaimer,≤100,1
633402743837105,VladaWellness,These ads ran without a disclaimer,≤100,1
105218735834752,makhmudallipbergenov,These ads ran without a disclaimer,≤100,1
2329940843948537,Клуб «Polyton»,Дмитрий Тихонов,≤100,1
108625789179165,Soi Dog Foundation,These ads ran without a disclaimer,≤100,1
100810806170805,Politics_kz,These ads ran without a disclaimer,≤100,1
159655254060987,zChocolat.com,These ads ran without a disclaimer,≤100,1
725505594135727,Adventure Escape,These ads ran without a disclaimer,≤100,1
101715608808670,Judgment Day: Angel of God,These ads ran without a disclaimer,≤100,1
345840486219924,Energy China,These ads ran without a disclaimer,≤100,1