﻿Page ID,Page name,Disclaimer,Amount spent (USD)
617890781586440,យគក / CYCPP - យុវជនគណបក្សប្រជាជនកម្ពុជាថ្នាក់កណ្តាល / Central Youth CPP,យុវជនគណបក្សប្រជាជនកម្ពុជាថ្នាក់កណ្តាល Central Youth CPP,≤100
271082999713221,Cri ccfr,Cri ccfr,≤100
206984670430,Cambodian Center for Human Rights l មជ្ឈមណ្ឌលសិទ្ធិមនុស្សកម្ពុជា,Cambodian Center for Human Rights l មជ្ឈមណ្ឌលសិទ្ធិមនុស្សកម្ពុជា,≤100
783660018410989,H.E. Oknha Datuk Othsman Hassan,Roya Mat,≤100
106374614548737,ខេមបូចា ព័ត៌មាន,ខេមបូចា ព័ត៌មាន,≤100
110372271312240,ក្រុមការងារអភិវឌ្ឍយុវជនខេត្តព្រៃវែង,Dyna Moeung,≤100
558050957660331,ព្រឹទ្ធសភាកម្ពុជា Senate of Cambodia,Kok Vay,≤100
409568979238195,"Dr. Sok Prasith, Secretary of State Ministry of Information","Dr. Sok Prasith, Secretary of State Ministry of Information",≤100
102149901154440,Man Navy,Man Navy,≤100
146649842083645,COMFREL,COMFREL,≤100
102634158304415,Phsarfb,Roi Sha,≤100
981102818602934,គណៈកម្មាធិការជាតិរៀបចំការបោះឆ្នោត National Election Committee,National Election Committee,≤100
2260430647540976,កម្ពុជា ៤.០ - Cambodia 4.0,Reun Daro,≤100
659352814515613,Khmer Krom Man Journalist,Kampuchea Krom Media Center,≤100
104551434922860,ក្រុមការងារជនសកម្ម ក្រុងបាត់ដំបង,Dyna Moeung,≤100
1582014712074227,គណបក្សប្រជាជនកម្ពុជា Cambodian People's Party,David Than,≤100
844603092353014,ជា ពិសី - Chea Pisey,ជា ពិសី - Chea Pisey,≤100
1995251780700007,បណ្ឌិត ងិន បាណាល់ - Dr. NGIN Banal,Dyna Moeung,≤100
543230525840908,Asianerial Advisory Int.,Asianerial Advisory Int.,≤100
1653709768184867,ជ្រុន ថេរ៉ាវ៉ាត - Chrun Theravat,Ry Vannroth,≤100
1309741899186397,CamboJANews,CamboJANews,≤100
102452069374975,មន្ទីរសេដ្ឋកិច្ច និងហិរញ្ញវត្ថុខេត្តកំពង់ស្ពឺ,San Sovann,≤100
106743048030651,ក្រុមការងារគណបក្សប្រជាជនកម្ពុជា ក្រុងបាត់ដំបង,Dyna Moeung,≤100
1129900250496858,EBo_Bookstore,EBo_Bookstore,≤100
103056885764876,Khmer-Korean Interpreter/Translator 캄한 통번역사,Panha Pheartarakyuth,≤100