﻿Page ID,Page name,Disclaimer,Amount spent (RON)
318417928527284,Lucian N. Romascanu,Partidul Social Democrat,128
490181697757865,Antal Lóránt,Birou Senatorial Antal Lóránt Szenátori Iroda,≤100
1058116737612843,USR,Uniunea Salvați România,≤100
215328865181171,Borboly Csaba,Borboly Csaba,≤100
291177524360702,Partidul Social Democrat,Partidul Social Democrat,≤100
178362315106,European Parliament,European Parliament,≤100
675042232534141,Vincze Loránt,Vincze Loránt,≤100
1395939193764858,Marcel Ciolacu,Partidul Social Democrat,≤100
381949782211328,Erdélyi Magyar Látássérültekért Alapítvány,These ads ran without a disclaimer,≤100
105150728833477,Iulian-Alexandru Badea,Iulian Alexandru,≤100
102601499822802,RMDSZ,RMDSZ,≤100
106601982707612,Fundatia Vodafone Romania,Fundatia Vodafone Romania,≤100
176989973158138,Guvernare.net,Guvernare.net,≤100
1560147330888040,Winkler Gyula,Winkler Gyula,≤100
109260655301896,Dezvaluiri,Dezvaluiri,≤100
747983061916032,Átlátszó Erdély,Átlátszó Erdély,≤100
102220615037058,Hajdu Gábor,Hajdu Gábor,≤100
175293925828191,Kelemen Hunor,RMDSZ,≤100
303255258106,Magyar Ifjúsági Értekezlet - MIÉRT,MIERT,≤100
1769713886444816,Râsu Plânsu,Râsu Plânsu,≤100
188113901227053,Maszol.ro,Maszol.ro,≤100
159027940804196,Consiliul Superior al Magistraturii,Complete media,≤100
104460459000110,SLC-Colectare Deseuri Electrice/Elektromos hulladékgyűjtés,sc sistem de colectare slc suceava,≤100
104217171285776,Asociația Industriei Lemnului - Prolemn,Asociația Industriei Lemnului - Prolemn,≤100
731035500293728,Siegfried Muresan,Siegfried Muresan,≤100
220579784732993,Daniel Buda,Buda Daniel,≤100
144709575593854,EESC - European Economic and Social Committee,EESC - European Economic and Social Committee,≤100
123910440019,Renew Europe,Renew Europe Group,≤100
149371012371397,Newsweek Romania,Newsweek Romania,≤100
112664490103704,Salvăm România,Salvăm România,≤100
108295090637741,ASAP România,Fundatia The Institute,≤100
106087515621317,Ora de Stiri,Ora de Stiri,≤100
181375448581167,Partidul Naţional Liberal,Partidul Național Liberal,≤100
1491544234239734,Forța Dreptei,Forta-Dreptei,≤100
207741001672,Speranta pentru Romania,Speranta pentru Romania,≤100
108081489261937,UIET - Udvarhelyszéki Ifjúsági Egyeztető Tanács,These ads ran without a disclaimer,≤100
338465666278028,Cristian Niculescu Țâgârlaș,PNL Maramureş,≤100
686190454826244,Declic,Declic,≤100
101170469166841,Florian Sirca,Florian Sirca,≤100
360828814115641,Asociatia Slujire Crestina,Asociatia Slujire Crestina,≤100
112599703659958,Green News,ASOCIATIA GREEN ACADEMY,≤100
321890494859228,Vlad Gheorghe,GHEORGHE VLAD-DAN,≤100
2443020582586584,Romania Eficienta,Romania Eficienta,≤100
364457997442201,Iskola Alapítvány,Iskola Alapítvány,≤100
338416500146655,USR PLUS Agigea,USR Constanța,≤100
101340741758468,Radu Pescar,Pescar Radu Mircea,≤100
227578001357165,Ionel Dancă,Romanii trebuie sa stie,≤100
1157480384268430,Partidul Umanist Social Liberal PUSL Sediul Central,Partidul Umanist Social Liberal,≤100
163950740830769,Gaz De Romania,Gaz De Romania,≤100
114319753592403,AFACERI.news,Horia-Marius Bogdan,≤100
107509398854964,Știri pe Bune,StiriPeBune,≤100
101643545586108,Alianța Pentru Patrie,Alianța Pentru Patrie,≤100
988607871174850,Grupul de Investigatii Politice,Grupul de Investigatii Politice,≤100
1024698440918384,Gheorghe Valentin Rotar - Primar,Gheorghe Valentin Rotar,≤100
2546711162025064,Politice.net,politice.net,≤100
207255636351408,Dan Barna,Dan Barna,≤100
237099069721573,Impact Hub Bucharest,Impact Hub Bucharest,≤100
104417752138292,Claudiu Târziu,Claudiu Târziu,≤100
201920416986321,EM360 Studio,EM360 cu Adi Maniutiu,≤100
101161965173287,Ropres.RO,ROPRES.RO,≤100
509479962851716,Alexandru Kocsis,Romanii trebuie sa stie,≤100
137651470305528,Federația Patronală Petrol și Gaze,Federatia Patronală Petrol și Gaze,≤100
169962753021439,A.L.E.G.,A.L.E.G.,≤100
122480165084642,Curierul Românesc,Curierul Românesc,≤100
291132089193,Greenpeace Romania,Greenpeace Romania,≤100
104484254797326,Laura Vicol,Deputat Laura Vicol,≤100
109445158308624,De fapt,DeFapt.ro,≤100
1796777377209154,Regia Nationala a Padurilor - Romsilva,Regia Nationala a Padurilor - Romsilva,≤100
283727512100172,USR Mangalia,Uniunea Salvați România filiala Constanța,≤100
517482925279703,Mara Togănel,TOGANEL CRISTINA-MARA,≤100
163943696987223,Ziarul Puterea,Ziarul Puterea,≤100
101050491593899,Mihai Birsan,Mihai Birsan,≤100
101983854866860,DigiPres,DigiPRES.RO,≤100
799949990211564,Ioana Ramona Bruynseels,Ioana Ramona Bruynseels,≤100
101763692272709,Avocat Ciuchi Elena-Corina,Cabinet de Avocat CIUCHI Elena-Corina,≤100
1164341813627057,Maria Gabriela Horga,Gabriela Horga,≤100
168243139877442,BZI,BZI,≤100
341037705981172,Humanitas,Humanitas,≤100
103640708229788,Laurențiu Marin,Laurentiu-Daniel Marin,≤100
111190480252428,Radu Molnar,Radu Iulian Molnar,≤100
100850998460894,Rodica Boancă,Rodica Boanca,≤100
102410783138358,Anuntul Telefonic,Anuntul Telefonic SRL,≤100
106363661265043,Daniel Gheba,USR - Uniunea Salvați România,≤100
107126744527532,Farcaș Mihai-Dan,FARCAS MIHAI DAN,≤100
105999601301943,Ana Cătăuță,Ana-Maria Catauta,≤100
1190871690932388,New Star Online TV,NewStarOnlineTV,≤100
125895557433232,evz.ro,evz.ro,≤100
108343004906657,Lulea Marius Dorin,Lulea Marius Dorin,≤100
102336085229363,News Moldova,News Moldova,≤100
109696355048205,Sens Politic,Fundația Corneliu Coposu,≤100
100821965221766,Sfatul Țării,Sfatul Țării,≤100
181221645364365,Carmen Avram,Carmen Avram,≤100
103383915623247,Mișcarea pentru Democrație Directă,Mișcarea pentru Democrație Directă,≤100
502514186907494,Apa Noastră,Mihnea Eugen Pospai,≤100
1670006939937225,Mircea Minea,These ads ran without a disclaimer,≤100
102791064640802,Ionuț Sorin Banciu,Ionut Banciu,≤100
741115212683860,Astrolog Adrian Chelariu,Adrian Chelariu,≤100
135903460570651,OameniPutereRomania,Cornel Brad,≤100
100348189494015,Robert Vitoș,Robert Vitos,≤100
106098884636145,ADI Deșeuri Bistrița-Năsăud,ADI Deseuri Bistrita-Nasaud,≤100
658668994510595,Norofert Group,Norofert Group,≤100
103742842531634,Agentiadeinformatii.ro,Agentiadeinformatii.ro,≤100
106739977698088,Marius Eugen Ostaficiuc,Marius Eugen Ostaficiuc,≤100
104477911460614,Adrian Giurgiu,Adrian Giurgiu,≤100
261202277284497,Theodor Paleologu,Ioana Prândurel,≤100
113510423782476,Diana Baciuna,DIANA-STEFANA BACIUNA,≤100
1179862085498279,Panțîru Mihai - USR Berzunți,PANTIRU SORIN-MIHAI,≤100
107371358270680,Plastic Call,ALPLA PACKAGING ROMANIA S.A.,≤100
112130176975380,Radu Ghidău,Radu Ghidau,≤100
104204950975526,Casa Joseph Zoller,Bianca Daniela Stefan,≤100
105860297893714,Alin Prunean,ALIN-COSTEL PRUNEAN,≤100
185582988821530,Cătălin Teniță,Cabinet Parlamentar Dragoș-Cătălin Teniță,≤100
600025356762034,Carina Pflege Locuri de munca Germania,Olimpia Schugar,≤100
110087748506406,Marius Lazăr,Marius-Vicentio Lazar,≤100
1029958020423567,Agro-Est Muntenia,Agro-Est,≤100
106282087882731,Dinu Gheorghe,Dinu Nicolae Gheorghe,≤100
105499701737811,Animale hoinare,These ads ran without a disclaimer,≤100
383515009116438,Daniela Popa,Daniela Popa,≤100
165467823513147,Alin Tișe,Alin Tișe,≤100
106161408045919,Acțiunea.RO,Acțiunea.RO,≤100
117699898246474,Centrul Roman de Politici Europene - CRPE,Centrul Roman de Politici Europene - CRPE,≤100
106146792303158,StireaVerde.ro,StireaVerde.ro,≤100
109485238372885,Economistii.RO,Economistii.RO,≤100
784605865010605,Eugen Nae Consilier Judetean,Nae Eugen,≤100
202099276507678,24.hu,These ads ran without a disclaimer,≤100
110857127387870,Iulian Balaj,These ads ran without a disclaimer,≤100
486358554821325,Sergiu Bîlcea,Sergiu Bîlcea,≤100
200813406761691,Corina Cretu,Marina Alin-Constantin,≤100
107218531444421,Alin Gojgărea,Marian-Alin Gojgarea,≤100
239145286500903,Sorin Năcuță,Birou Parlamentar - Deputat PNL Iași Sorin Năcuță,≤100
204564332928305,National Geographic Magazin Magyarország,These ads ran without a disclaimer,≤100
102339891508937,ONG-uri pentru Cetățean,ONG-uri pentru Cetățean,≤100
164624876574,Avocat Porosnicu Gianina Vera,Bianca Daniela Stefan,≤100
213870799525885,Iancu Ungureanu,Iancu Ungureanu,≤100
106710377634053,Andrei Patru,Andrei Georgian Patru,≤100
200770877132,Federatia Coalitia Natura2000 Romania,Webshake SRL,≤100
527351247377965,European Committee of the Regions,European Committee of the Regions,≤100
187935071639,RFI Romania,These ads ran without a disclaimer,≤100
158714780827513,UNFPA,These ads ran without a disclaimer,≤100
107769311147747,Thiago Doria - Consultor em Tecnologia,These ads ran without a disclaimer,≤100
1087491177963859,EU vs Disinformation,These ads ran without a disclaimer,≤100