﻿Page ID,Page name,Disclaimer,Amount spent (NOK)
111345183340,Fagforbundet,Fagforbundet,250
109668258634924,Fylkesordførerkandidat Per Olav Skurdal Hopsø,Trøndelag Arbeiderparti,215
144754334087,Trøndelag Arbeiderparti,Trøndelag Arbeiderparti,155
234659001772,Arbeiderpartiet,Arbeiderpartiet,126
10953652930,Høyre,Høyre,114
275389322558295,LOs sommerpatrulje,LO,103
44960467949,Greenpeace Norge,Föreningen Greenpeace Norden,≤100
135843375926,UNICEF Norge,UNICEF Norge,≤100
458126690922579,Rødt Trøndelag,Rødt Trøndelag,≤100
46818767155,Miljøpartiet De Grønne - MDG,Miljøpartiet De Grønne,≤100
380405316155402,Stopp alzheimer og demens,Nasjonalforeningen for folkehelsen,≤100
198148715581,Vestfold og Telemark FrP,Vestfold og Telemark FrP,≤100
21603349508,NOAH - for dyrs rettigheter,NOAH - for dyrs rettigheter,≤100
20468812735,LO,LO,≤100
2398568533531114,Velferdsmiks,NHO Geneo,≤100
179717228781217,Moss Arbeiderparti,Moss Arbeiderparti,≤100
11526489541,Senterpartiet,Senterpartiet,≤100
153710294662597,Human-Etisk Forbund,Human-Etisk Forbund,≤100
113275862050709,Næringslivets Hovedorganisasjon,Næringslivets Hovedorganisasjon,≤100
322525743444,Get Inspired,These ads ran without a disclaimer,≤100
102040431616976,Beaufort Solutions,Beaufort Solutions,≤100
623596214494727,Anima - Stopp dyremishandling,Anima - stopp dyremishandling,≤100
798750773559841,Bufdir,"Barne-, ungdoms-, og familiedirektoratet",≤100
157803497575876,NHO Reiseliv,NHO Reiseliv,≤100
132368899297,Framtiden i våre hender,Framtiden i våre hender,≤100
417968848252894,Besteforeldrenes klimaaksjon,Besteforeldrenes Klimaaksjon,≤100
298357179829,Trondheim Arbeiderparti,Trondheim Arbeiderparti,≤100
119787264706852,Trondheim FrP,Trondheim FrP,≤100
120374971332864,Kagge Forlag,Kagge Forlag,≤100
300127442096,Norske Kvinners Sanitetsforening,Norske Kvinners Sanitetsforening,≤100
387075338568282,Pressure,Pressure,≤100
111036919049229,Offshore Norge,Offshore Norge,≤100
189828081044593,MS-forbundet i Norge,Ms-forbundet,≤100
105939782037295,Altinget.no,Altinget AS,≤100
10254410675,Venstre,Venstre,≤100
119797291429215,RIO - en landsdekkende brukerorganisasjon på rusfeltet,RIO - en landsdekkende brukerorganisasjon på rusfeltet,≤100
173739506066242,LO Internasjonalt,LO,≤100
120815981305897,KS Kommunesektorens organisasjon,KS Kommunesektorens organisasjon,≤100
117989936839,OsloMet - Oslo Metropolitan University,OsloMet - Oslo Metropolitan University,≤100
53828343371,Epilepsiforbundet,Epilepsiforbundet,≤100
106716332332281,Njål Vigleik Grene-Johnsen,Njål Vigleik Grene-Johnsen,≤100
126448980866214,Klassekampen,Klassekampen AS,≤100
227438343945838,Forum for utvikling og miljø,Forum for utvikling og miljø,≤100
119878348024795,ULOBA,Uloba - Independent Living Norge SA,≤100
54603926197,Finnmark SV,Troms og Finnmark SV,≤100
227191093978100,Bømlo Arbeiderparti,Bømlo Arbeiderparti,≤100
100885889429302,Verdinytt,Verdinytt AS,≤100
101517431718355,Generasjonspartiet,Generasjonspartiet,≤100
189196954458836,Klar Tale,Stiftelsen Klar Tale,≤100
173034686082674,UiO - Det humanistiske fakultet,"Det humanistiske fakultet, Universitetet i Oslo",≤100
504462853625184,Aure Høyre,Aure Høyre,≤100
112631767587663,Meninger24,Meninger24,≤100
157932564240522,Lørenskog FrP,Lørenskog FrP,≤100
1583324988565868,Stortinget,Stortinget,≤100
171540532874418,Arbeiderpartiet i Bergen,Arbeiderpartiet i Bergen,≤100
158517320882189,Ålesund SV,Ålesund SV,≤100
91007335905,Aurskog-Høland Arbeiderparti,Akershus Arbeiderparti,≤100
159084565236,Transit magasin,Transit Media AS,≤100
107005018213171,Heia Nord-Norge,Heia Nord-Norge AS,≤100
189935113070,KLP,These ads ran without a disclaimer,≤100
1374337129548933,Bremanger Arbeidarparti,Bremanger Arbeidarparti,≤100
330056561320,Changemaker Norge,Changemaker Norge,≤100
201766586502981,"Homonettverket- lesbiske, homofile, bifile, transpersoner i Arbeiderpartiet","Homonettverket- lesbiske, homofile, bifile, transpersoner i Arbeiderpartiet",≤100
217610311592724,Bærum Arbeiderparti,Bærum Arbeiderparti,≤100
182709078487500,Sex og Politikk,Sex og Politikk,≤100
217519028785017,Nature Research Custom Media,These ads ran without a disclaimer,≤100
267353906619818,Mr. Gugu & Miss Go,These ads ran without a disclaimer,≤100