﻿Page ID,Page name,Disclaimer,Amount spent (EUR)
148427235188637,СДСМ - Социјалдемократски сојуз на Македонија,СДСМ,≤100
101754962766151,Рацин.мк,Рацин.мк,≤100
1482737048633478,Институт за комуникациски студии ИКС / Institute of Communication Studies,Институт за комуникациски студии,≤100
100746718435265,Fatmir Bytyqi,Fatmir Bytyqi,≤100
101519168409673,Dimitar Kovacevski,СДСМ,≤100
400497373674524,СамоПрашај.мк,Institut za komunikaciski studii,≤100
192483774872658,Демократи,Демократи,≤100
106304005787156,Солуција / Solution,Solucija,≤100
829371753904952,Hristijan Mickoski,ВМРО-ДПМНЕ,≤100
971176269757392,Дома,Институт за комуникациски студии ИКС / Institute of Communication Studies,≤100
1677572455714659,Јорго Огненовски,Jorgo Ognenovski,≤100
216014178764093,Timco Mucunski,Timco Mucunski,≤100
100954761298205,frontline.mk,frontline.mk,≤100
454462491290302,Maja Morachanin,ДОМ,≤100
111589528018591,Parliament Support Programme,Parliament Support Programme,≤100
206557729800319,Türk Hareket Partisi,Enes İbrahim,≤100