﻿Page ID,Page name,Disclaimer,Amount spent (COP)
1622001728047397,Harman Alcalde,Harman Alcalde,25842
101071764864119,Dulce Veneno,Dulce Veneno,13644
100537461368132,Elkin Zapata Valencia Concejal,Jeferson Morales,3418
101769386141297,Congreso Nacional de Actualización Tributaria y Laboral,Julian Chuchoque,1160
1823807254333065,Soy Más País,Soy Mas Pais,942
2308381916109967,Libardo Asprilla,Jaimer Cantillo Bello,859
295277256700,Concejal María Victoria Vargas Silva,Carmen Pumarejo,822
252640334936797,Skandia Colombia,Kelly Vanessa Cuellar Garces,645
201504926957834,Luis M. Carvajalino,Luis Manuel Carvajalino Quin,573
108946084100541,Alcaldía Cartagena Del Chairá,Tuto Gonzalez,544
796134277395174,Luis Francisco Ruiz Aguilar,Luis Francisco Ruiz Aguilar,496
765302097170348,Línea Cero,Linea Cero,471
1119413181474050,El Avispero Mov,Movilizatorio,459
1548934708483807,Didier Lobo,Didier Lobo,382
108459260282,Universidad La Gran Colombia,Universidad La Gran Colombia,294
109810958651903,Daniel Duarte Pabón candidato a Representante de los Egresados UIS 2023,Daniel F Duarte Pabón,262
108875804858437,Antimilitantes,Antimilitantes,260
204435366254477,IETA - Instituto de Estudios Técnicos Aeronáuticos,William Guillermo Delgado Lopez,260
835710939898329,Paulina Aguinaga,Paulina Aguinaga,257
1400280116941194,Fabian Diaz,Fabian Diaz,181
179003239458192,Jorge Humberto Rangel,Jorge Rangel,153
112469341494599,mauricioflorezfotomultas3,These ads ran without a disclaimer,133
105788042199348,James Urrego,Tuto Gonzalez,123
381464961911270,Cruz Roja Antioquia,Cruz Roja Colombiana Seccional Antioquia,123
237316706446146,Alianza Francesa de Pereira,Alianza Francesa de Pereira,123
1668886976475466,David Gutierrez Mantilla,Jorge Luis,≤100
101170393279528,Rodrigo Villalba Mosquera,Martha Diaz,≤100
1147318942107929,Todos Somos Una,DEBRAIN LLC,≤100
1379933302305788,Colegio Gimnasio Americano,Colegio Gimnasio Americano,≤100
105068200842316,Edilberto Molina,Tuto Gonzalez,≤100
194315573916010,Norma Hurtado Sanchez,Norma Hurtado Sánchez,≤100
351633895540830,Cristhian Fernandez Concejal,Cristhian Camilo Fernandez Morales,≤100
1529335724037224,Aeropuerto del Café,INTUAL,≤100
108489893822657,Alcaldía De Guasca 2020-2023.,Alcaldía De Guasca 2020-2023.,≤100
2264189320285082,Juan Javier Baena,Juan Javier Baena,≤100
385385178182941,SIGNUS Ecovalor,These ads ran without a disclaimer,≤100
382882368520781,People Performance International,These ads ran without a disclaimer,≤100
102527209215235,Viviane Olívia,These ads ran without a disclaimer,≤100