﻿Page ID,Page name,Disclaimer,Amount spent (USD),Number of ads in Library
327804570952589,Partido Alianza,Partido Alianza,297,4
313868125775887,Universidad Hosanna,Universidad Hosanna,≤100,2
106775568769729,Goberna Panamá,Goberna Panamá,≤100,5
200480966638039,Supremacy 1914,These ads ran without a disclaimer,≤100,2
1998079943602873,Espacio Cívico,Maria Gabriela Fong Ali,≤100,1
100490729492964,Sebastian Bello,These ads ran without a disclaimer,≤100,16
621062861431881,Maxwell Leadership Español,These ads ran without a disclaimer,≤100,1
100979089555293,Jose Bedoya,These ads ran without a disclaimer,≤100,12
104444729065513,Victoria Segovia,These ads ran without a disclaimer,≤100,12
100520825048827,Movant Connection,These ads ran without a disclaimer,≤100,2
494354027360929,Dirección de Educación Continua Pontificia Universidad Javeriana Bogotá,These ads ran without a disclaimer,≤100,1
114053828319874,HL Connection #3,These ads ran without a disclaimer,≤100,1
104038811536831,CertifiedKetodiet.com,These ads ran without a disclaimer,≤100,1
1585145738370333,VEPA Colombia,These ads ran without a disclaimer,≤100,1
101289218907718,Web News,These ads ran without a disclaimer,≤100,2
128460617656602,eeDesignIt,These ads ran without a disclaimer,≤100,2
105890128155344,Hidroponía Completo,These ads ran without a disclaimer,≤100,1
122451030781641,Ywj-044,These ads ran without a disclaimer,≤100,1
100617472209320,La Guachafita,These ads ran without a disclaimer,≤100,1
102415047928145,Shanghai Electric,These ads ran without a disclaimer,≤100,1
191367330892004,UBC Engineering,These ads ran without a disclaimer,≤100,1
112757083778788,"Economic Daily, China",These ads ran without a disclaimer,≤100,1
103843752435966,Morehackz - The R Page,These ads ran without a disclaimer,≤100,1
112019995188029,Yu-221,These ads ran without a disclaimer,≤100,1
102611082776377,Youwei-05,These ads ran without a disclaimer,≤100,1