﻿Page ID,Page name,Disclaimer,Amount spent (COP)
75884689790,Colectivo de Abogados,Colectivo de Abogados,20262
499121313802137,Túnel Guillermo Gaviria Echeverri,Túnel Guillermo Gaviria Echeverri,15817
101071764864119,Dulce Veneno,Dulce Veneno,10333
310454127055,Politécnico Grancolombiano,Sergio Fernando Gallo Suarez,6809
105085547902204,Mohousehold Now,These ads ran without a disclaimer,4661
264386463968386,Nubia Stella Martínez,Centro Democrático - Comunidad Oficial,1748
130834367164,Red PaPaz,Red PaPaz,1365
1147318942107929,Todos Somos Una,DEBRAIN LLC,1067
103727635426939,Alexandra Vásquez Ochoa,Leider Alexandra Vasquez Ochoa,833
643513979193133,Unidos por Beatriz,Neuma,694
797815127058039,Delighttourscancun,These ads ran without a disclaimer,496
114778278552099,Octavio Cardona León,Octavio Cardona León,366
581095835894514,Noticentro 1 CM&,Noticentro 1 CM&,341
765302097170348,Línea Cero,Linea Cero,321
1668886976475466,David Gutierrez Mantilla,Jorge Luis,284
370267297019304,Marco Hincapié,Marco Emilio Hincapie Ramirez,167
378127682385944,Julián Peinado Ramírez,Julián Peinado,148
100860802065599,LyN BioLearning,These ads ran without a disclaimer,121
838927469815494,Diana Diago,Diana Marcela Diago,111
237316706446146,Alianza Francesa de Pereira,Alianza Francesa de Pereira,103
835710939898329,Paulina Aguinaga,Paulina Aguinaga,≤100
1823807254333065,Soy Más País,Soy Mas Pais,≤100
267198759973201,Bairon Enrique Muñoz Lizarazo,Bairon Enrique Muñoz Lizarazo,≤100
2203948933156649,Oriana Zambrano Montoya,Oriana Teotiste Zambrano Montoya,≤100
194315573916010,Norma Hurtado Sanchez,Norma Hurtado Sánchez,≤100
2068245743232990,Cesar Augusto Guzman,Cesar Augusto Guzman,≤100
494354027360929,Dirección de Educación Continua Pontificia Universidad Javeriana Bogotá,These ads ran without a disclaimer,≤100
1400280116941194,Fabian Diaz,Fabian Diaz,≤100
832764363485573,Roberto Rodríguez Z.,Oscar Alexander Garcia Lopez,≤100
446016199240073,SERGIO MENDOZA,Sergio Mendoza,≤100
85147586731,Julio César Triana,Julio César Triana,≤100
706214723142462,Oscar David Benavides A,Oscar David Benavides Angulo,≤100
200207836752561,Opinión Caribe,Opinión Caribe,≤100
106640878493249,Omar Marín Reyes,Omar Marin Reyes,≤100
104542552452795,Shirley Charris,Shirley Charris,≤100
138634813014016,"Alvaro Múnera, grupo de amigos del Diputado Animalista","Alvaro Múnera, grupo de amigos del Diputado Animalista",≤100
111434052282853,Litigiovirtual,These ads ran without a disclaimer,≤100
923399918049853,Alcaldía de San Agustín,Luis Fernando Llanos Pabon,≤100
1391674454185591,Concejal Kelly Ortiz,Kelly Ortiz,≤100
466445923412524,Miguel Ángel Barreto,Joshua Escobar Rengifo,≤100
116780567115083,Tissue Online Latinoamérica,These ads ran without a disclaimer,≤100
218049944872507,Noivinhos Topo de Bolo,These ads ran without a disclaimer,≤100
1594044310858453,Caring | Church of Jesus Christ,These ads ran without a disclaimer,≤100
208338536239798,This Is Beijing,These ads ran without a disclaimer,≤100
101163591558152,PTC Therapeutics SAM,These ads ran without a disclaimer,≤100
100304338642614,Toro Digital 1972,Joseph Ferney Galvis Gonzalez,≤100