﻿Page ID,Page name,Disclaimer,Amount spent (EUR)
148427235188637,СДСМ - Социјалдемократски сојуз на Македонија,СДСМ,≤100
101519168409673,Dimitar Kovacevski,СДСМ,≤100
111506215108612,Градска.мк,Градска.мк,≤100
324459714339171,Civil MK,Civil MK,≤100
114716014845582,Портал,Портал,≤100
192483774872658,Демократи,Демократи,≤100
109452208789335,Трн.мк,Трн.мк,≤100
66035312931,Zoran Zaev,Zoran Zaev,≤100
971176269757392,Дома,Институт за комуникациски студии ИКС / Institute of Communication Studies,≤100
101754962766151,Рацин.мк,Рацин.мк,≤100
100954761298205,frontline.mk,frontline.mk,≤100
1677572455714659,Јорго Огненовски,Jorgo Ognenovski,≤100
829371753904952,Hristijan Mickoski,ВМРО-ДПМНЕ,≤100
1482737048633478,Институт за комуникациски студии ИКС / Institute of Communication Studies,Институт за комуникациски студии,≤100
489378444428334,Brif.mk,Brif.mk,≤100
100746718435265,Fatmir Bytyqi,Fatmir Bytyqi,≤100
101694005032101,Bojan Maricik,Bojan Maricik,≤100
216014178764093,Timco Mucunski,Timco Mucunski,≤100
297442363746752,Цветан Трипуновски,Cvetan Tripunovski,≤100
248423295202678,Македонски институт за медиуми - МИМ / Macedonian Institute for Media - MIM,Македонски институт за медиуми - МИМ / Macedonian Institute for Media - MIM,≤100
400497373674524,СамоПрашај.мк,Institut za komunikaciski studii,≤100
1492262604426519,Орце Ѓорѓиевски - Orce Gjorgjievski,Орце Ѓорѓиевски,≤100