﻿Page ID,Page name,Disclaimer,Amount spent (THB)
101673076131930,พรรคเปลี่ยน,พรรคเปลี่ยน,9589
2105350112863264,ร้อยเอก ดร.จองชัย วงศ์ทรายทอง - ผู้กองเบิร์ด,ร้อยเอก ดร.จองชัย วงศ์ทรายทอง - ผู้กองเบิร์ด,5195
103519619366975,รวมไทยสร้างชาติ ชลบุรี,รวมไทยสร้างชาติ ชลบุรี,3018
707294083039692,เบียร์ พนธกร,เบียร์ พนธกร,2628
110954691955005,ณภัสนันท์ อรินทคุณวงษ์ - Napassanan Arintakunawong,ninety two tech ads,2445
103493019318704,เพิ่มพงศ์ วงศ์ทรายทอง - เบลล์,เพิ่มพงศ์ วงศ์ทรายทอง,1897
107637862235181,แอ้ สุภีพันธุ์ หอมหวล,แอ้ สุภีพันธุ์ หอมหวล,1729
110146992036788,ภานุพงศ์ คำมูลอามาตย์,Phanuphong Kammoonarmart,1011
109794888685584,สมเจตน์ เกตุวัตถา,สมเจตน์ เกตุวัตถา,807
120566510971339,พรรคเพื่อไทยจังหวัดชลบุรี,Aready ads,794
109072381002767,คงพัชร ไขรัศมี,คงพัชร ไขรัศมี,680
146007617136671,พลสิทธิ์ พงศ์พัฒนะกิจ -Ponlasit Pongpattanakit,พลสิทธิ์ พงศ์พัฒนะกิจ -Ponlasit Pongpattanakit,593
104062279288492,สมศักดิ์ กุลาวาไชย - แดน ศรีราชา,กฤษณา เลิศวรากรชัย,463
161651553861945,Amnesty International Thailand,Amnesty International Thailand,453
104596302550566,สุรพงศ์ นำชัยรุจิพงศ์ - ชลบุรี,สุรพงศ์ นำชัยรุจิพงศ์ - ชลบุรี,411
111680063837704,สหัสวัต คุ้มคง,สหัสวัต คุ้มคง,375
137188693021815,สืบจากข่าว,สืบจากข่าว,350
109253101480638,วรท ศิริรักษ์ - Warot Sirirak,วรท ศิริรักษ์ - Warot Sirirak,303
102807719039442,พรรครวมไทยสร้างชาติ United Thai Nation Party,พรรครวมไทยสร้างชาติ United Thai Nation Party,272
101535845426970,พรรคไทยสร้างไทย,พรรคไทยสร้างไทย,239
104963151112166,การเมือง kanmuang.com,การเมือง kanmuang.com,223
101225802154967,คลองไทย พัทยา ชลบุรี,คลองไทย พัทยา ชลบุรี,222
109239188766815,ดร. วิทยา อินาลา พรรคไทยพร้อม,Klod Sawadputsra,197
103528932296276,พรชัย วงศ์ล้อมนิล,Phurin Wonglomnil,159
283908908680102,พรรคพลังธรรมใหม่,พรรคพลังธรรมใหม่,137
157659344260788,จุรินทร์ ลักษณวิศิษฏ์ Aoodda,Jurin Laksanawisit,135
105955949137073,ติดตามกระแสคนดัง,Narat Thanyaratmetee,118
118563167838903,พรรคถิ่นกาขาวชาววิไล l Thinkakaochaovilai Party,Prawta Khongto,117
183238185051108,อรรถวิชช์ สุวรรณภักดี,อรรถวิชช์ สุวรรณภักดี,108
1295058060513854,เต้ ทินภัทร ปัญจมหาลาภ Tinnapat Punjamahalap,These ads ran without a disclaimer,≤100
116903218021802,ลิขิต อัศวจารุวรรณ-พรรคประชาธิปัตย์,ลิขิต อัศวจารุวรรณ,≤100
2131398436998925,ชนินทร์ รุ่งแสง ปชป.,ชนินทร์ รุ่งแสง ปชป.,≤100
101504656149099,Peace Sasipatra  - พีซ ศศิร์ภัทรา,Peace Sasipatra  - พีซ ศศิร์ภัทรา,≤100
110925395241605,พรรครักษ์ผืนป่าประเทศไทย,พรรครักษ์ผืนป่าประเทศไทย,≤100
182657125936067,พรรคภูมิใจไทย,พรรคภูมิใจไทย,≤100
108261230583781,เอิร์ธ พงศกร ขวัญเมือง - Earth Pongsakorn Kwanmuang,เอิร์ธ พงศกร ขวัญเมือง - Earth Pongsakorn Kwanmuang,≤100
2230596726985945,ฮาย ปวิศรัฐฐ์ ติยะไพรัช,บริษัท เวิร์ค 360 จำกัด,≤100
149079361791677,พรรคเพื่อไทย,พรรคเพื่อไทย,≤100
109073018122172,บัญชา สะและวงษ์ Buncha Salaewong,Ratchamon Thanapattanadusit,≤100
296508406790,"Democrat Party, Thailand พรรคประชาธิปัตย์","Democrat Party, Thailand พรรคประชาธิปัตย์",≤100
103983981304937,พรรคเสมอภาค-Equality Party,Nalinphas Ongkunaruk,≤100
103003377726705,เสื้อผ้าแฟชั่นNaPa,Threeramate Artkongharn,≤100
2086963124904186,พรรคก้าวไกล แม่ฮ่องสอน,พรรคก้าวไกล แม่ฮ่องสอน,≤100
513741371997112,Amarin TV,อมรินทร์ เทเลวิชั่น,≤100
204016840519336,ศ.ดร.นฤมล ภิญโญสินวัฒน์,ศ.ดร.นฤมล ภิญโญสินวัฒน์,≤100
2046265545683549,เชียร์ลุง,เชียร์ลุง,≤100
116668478038395,โด่ง ชัชวาล พรอมรธรรม เพื่อไทย ขอนแก่น เขต 1,โด่ง ชัชวาล พรอมรธรรม,≤100
117849264601668,วิษณุ กรองกันภัย พรรคไทยพร้อม เบอร์ 28,ลลดา อมาตยกุล,≤100
241115389300595,คุณหญิงสุดารัตน์ เกยุราพันธุ์ Sudarat Keyuraphan,คุณหญิงสุดารัตน์ เกยุราพันธุ์ Sudarat Keyuraphan,≤100
104879999243950,พลชัย พิพิธวรกุล เบอร์ 2 เขต 4 ขอนแก่น พรรคประชาธิปัตย์,Ponchai Pipitvorakul,≤100
101963962655058,พรรคพลังสหกรณ์,These ads ran without a disclaimer,≤100
407194015987067,Ch7HD News,Ch7HD News,≤100
115653434840464,พรรคประชาธิปัตย์ นาย ไพบูลย์ ศิริมา เบอร์ 7 จ.สุรินทร์ เขต 8,Pooky Kham-Oun,≤100
159570997481890,พลตำรวจเอกเสรีพิศุทธ์ เตมียเวส,พลตำรวจเอกเสรีพิศุทธ์ เตมียเวส,≤100
113023081702937,ธีระ สลักเพชร,ธีระ สลักเพชร,≤100
194806671454828,นายศาสตรา ศรีปาน - Sarttra Sripan,นายศาสตรา ศรีปาน - Sarttra Sripan,≤100
115922723434700,ครูเจพีสรุปย่อ for Teacher,ครูเจพีสรุปย่อ for Teacher,≤100
1633051440333187,FTE หลักสูตรเพื่อพัฒนาเจ้าของธุรกิจรุ่นใหม่ ครบเครื่อง ทันใจ แบบเร่งรัด,"VP group infinity Co.,Ltd.",≤100
118757751143686,อิทธิพล ชลธราศิริ - Itthiphon Chontharasiri - แบงค์ชัย,Itthiphon Chontharasiri,≤100
383969052150419,ชาญชัย อิสระเสนารักษ์,Assawin Issarasenarak,≤100
1105604039583762,Line One สว.นท. ขอเชิญส่งประวัติ ส่วนตัว องค์กร เพื่อเข้ารับรางวัลประจำปี,Suksan Booran,≤100
112343717773740,Betapetonline,ชัชญา พานิช,≤100
345127652279503,มูลนิธิสากลเพื่อคนพิการ,มูลนิธิสากลเพื่อคนพิการ,≤100
622674297897819,Screenshirt2020,Screenshirt2020,≤100
283155375658667,"จ่าสิบเอกพัฒณปกรณ์   ดอนตุ้มไพร ""จ่าเจี๊ยบ""",Sueb Supachai,≤100
111341764925564,สำนักสนับสนุนการพัฒนาระบบสุขภาพ - สำนัก 7 สสส.,สำนักสนับสนุนการพัฒนาระบบสุขภาพ - สำนัก 7 สสส.,≤100
110672681521491,พรรคชาติรุ่งเรือง - Chat Rung Rueang Party,พรรคชาติรุ่งเรือง - Chat Rung Rueang Party,≤100
2232486313631668,อนุรักษ์ จุรีมาศ,ธวัชชานลล์ ทำขุรู,≤100
109132222106497,เอฟ ชนัตถ์ นันทปัญญา,Katakorn Phukhaow,≤100
108515294626891,สอบข้าราชการท้องถิ่น By Thurakan,Chiraphorn Thuree,≤100
104342402244178,อารุม ตุ้มน้อย - Arum Tumnoi,อารุม ตุ้มน้อย - Arum Tumnoi,≤100
111331191880453,วินัย วิจิตรโสภณ - Winai Wijitsophon,วินัย วิจิตรโสภณ - Winai Wijitsophon,≤100
107448364979874,ศิริพงศ์ นานคงแนบ - Siripong Nankongnab,Siripong Nankongnab,≤100
789991318125212,พงศกร รัตนเรืองวัฒนา,พงศกร รัตนเรืองวัฒนา,≤100
972019486321939,บู้ จเด็ศ จันทรา,จเด็ด จันทรา,≤100
1145461482239023,SMART ENERGY,These ads ran without a disclaimer,≤100
107612328588715,The Voters,สันติสุข กาญจนประกร,≤100
111485468432921,พรรคเปลี่ยนอนาคต Changefuture party,พรรคเปลี่ยนอนาคต Changefuture party,≤100
131777330175392,MGR Online Politics,MGR Online Politics,≤100
102108535240880,สมบัติ ยะสินธุ์,สมบัติ ยะสินธุ์,≤100
101831726085555,พรรครวมแผ่นดิน,พรรครวมแผ่นดิน,≤100
451864701523507,Infographic Thailand,Infographic Thailand,≤100
109610832073772,ประมูลธงสไตล์วินเทจ u.s.a,These ads ran without a disclaimer,≤100
206494963551681,สุนทรี ชัยวิรัตนะ,These ads ran without a disclaimer,≤100
113067400607487,กันตพงศ์ ดีชัยยะ - แมพ,กันตพงศ์ ดีชัยยะ - แมพ,≤100
161052211196800,พรรคเสรีรวมไทย,พรรคเสรีรวมไทย,≤100
102949686071401,ทศพล แก้วทิมา ราชบุรีต้องดีกว่าเดิม,ทศพล แก้วทิมา ราชบุรีต้องดีกว่าเดิม,≤100
108201828409912,ณัฐวัฒน์ พอใช้ได้,Atirit Dechasiniwat,≤100
104393812499502,ชีทสรุปกฎหมาย สำหรับสอบราชการ พนักงานราชการ by.kantap,ชีทสรุปกฎหมาย สำหรับสอบราชการ พนักงานราชการ by.kantap,≤100
105308564750704,ณัฏฐ์ มงคลนาวิน,ณัฏฐ์ มงคลนาวิน,≤100
401831669848423,MGROnline Live,These ads ran without a disclaimer,≤100
2147269921986413,ธนัญญา พันธุ์การรุ่ง พรรคเพื่อไทย นครปฐมเขต2,Pang Thanakulchotikan,≤100
275507006405211,Padipat Suntiphada - ปดิพัทธ์ สันติภาดา,Padipat Suntiphada - ปดิพัทธ์ สันติภาดา,≤100
101101409529887,พรรคเพื่อไทย ระยอง เขต5,Aditap Nernplod,≤100
104908418629549,EnableSurvey,"Excellent Digital Development Co.,Ltd.",≤100
112667281187463,ถิรเดช ตั้งมั่นก่อกิจ สจ.ม้อ,ถิรเดช ตั้งมั่นก่อกิจ สจ.ม้อ,≤100
102544175903371,เบ๊นซ์ นิธิพล  เพื่อคนสมุทรปราการ,เบ๊นซ์ นิธิพล  เพื่อคนสมุทรปราการ,≤100
102137678251258,เกษตรกรรมร่ำรวย,These ads ran without a disclaimer,≤100
111119268085115,อนงค์นาถ จ่าแก้ว,Chadapon Maksuwan,≤100
1635406246730420,วรงค์ เดชกิจวิกรม - Warong Dechgitvigrom,วรงค์ เดชกิจวิกรม - Warong Dechgitvigrom,≤100
109263155401195,นายกประเทศ บุญยงค์,นายกประเทศ บุญยงค์,≤100
107945618934003,ธนูชยานันท์ ปั้นบริสุทธิ์,ธนูชยานันท์ ปั้นบริสุทธิ์,≤100
2151302718520482,ธิดารัตน์ ยิ่งเจริญ Tidarat Yingcharoen,ธิดารัตน์ ยิ่งเจริญ Tidarat Yingcharoen,≤100
1241410716007401,ทศพล เพ็งส้ม,Thosaphol Pengsom,≤100
105125715202609,ส.ส.ไผ่ ลิกค์,ส.ส.ไผ่ ลิกค์,≤100
112706641077875,สจ.ดนุภัทร์ เชียงชุม,สจ.ดนุภัทร์ เชียงชุม,≤100
101755712680612,รัก ณิชาภา โกวิทานนท์ ผู้สมัคร ส.ส.สมุทรสงคราม พรรคเพื่อไทย,รัก ณิชาภา โกวิทานนท์ ผู้สมัคร ส.ส.สมุทรสงคราม พรรคเพื่อไทย,≤100
463442610504113,ติดปีกนักขาย,These ads ran without a disclaimer,≤100
117756427935556,อนุชา ขวัญคาวิน,Sunisa Phanklang,≤100
112073738279329,สิงโต - ศักดิ์สิทธิ์ ขาวทอง,สิงโต - ศักดิ์สิทธิ์ ขาวทอง,≤100
106561034744198,ลอรี่ - พงศ์พล ยอดเมืองเจริญ,ลอรี่ - พงศ์พล ยอดเมืองเจริญ,≤100
114003274990542,ยศพนธ์  อ่อนตา,These ads ran without a disclaimer,≤100
1803047169945046,หรอยหาดใหญ่,These ads ran without a disclaimer,≤100
102960556126347,ปราบปรามโจรเสื้อกาวน์.,These ads ran without a disclaimer,≤100
100761582502948,จารุพล เรืองสุวรรณ - อาจารย์จา,Charupol Ruangsuwan,≤100
117701131250245,อารี สุขโข - Aree Sukkho,These ads ran without a disclaimer,≤100
100915662043252,Denis Ads.,บริษัท เดนิส แอดส์ จำกัด,≤100
111852360177624,วิวัฒน์ จินดาพล สจ.ต้อม,วิวัฒน์ จินดาพล สจ.ต้อม,≤100
101289896276961,ทีมปากนครพัฒนา,These ads ran without a disclaimer,≤100
109417504253592,มาดามส้ม - พิมไหมทอง ศักดิพัตโภคิน,These ads ran without a disclaimer,≤100
601953326929372,ธัญวัจน์ กมลวงศ์วัฒน์ - Tunyawaj Kamolwongwat,Tunyawaj Kamolwongwat,≤100
106114681299032,ชูเกียรติ จีนาภักดิ์,ชูเกียรติ จีนาภักดิ์,≤100
107016601863148,ยุทธศักดิ์ ชูประเสริฐ - จ่ายุทธ,ยุทธศักดิ์ ชูประเสริฐ - จ่ายุทธ,≤100
265353773483546,O.k. Chic shop strawberry,These ads ran without a disclaimer,≤100
102869035843440,อนุชา ขวัญคาวิน เขต 2 นครศรีธรรมราช,Sunisa Phanklang,≤100
106611748784439,นัสชัย มูลสาย,These ads ran without a disclaimer,≤100
102846075845429,Equitable Education Fund Thailand,These ads ran without a disclaimer,≤100
100454798870209,พรรคเส้นด้าย - Zendai Party,พรรคเส้นด้าย - Zendai Party,≤100
110688558670229,Forever Legend,These ads ran without a disclaimer,≤100
107434565618800,มานพ คำหวาน-Manop Khamwhan,มานพ คำหวาน-Manop Khamwhan,≤100
110863091226908,เสวก ประเสริฐสุข,เสวก ประเสริฐสุข,≤100
103897829119782,เพจแสนคม จันทบุรี,Peerawit Kaewmuang,≤100
277320192288594,โอม จิรชาติ,โอม จิรชาติ,≤100
105204072554893,พจนารถ ศรียารัณย,8898PRODUCTION COMPANY LIMITED,≤100
104299218601490,กระชังบก อธิวัฒน์ การประมง,These ads ran without a disclaimer,≤100
113733861652856,อธิวัฒน์  ช่อผูก,These ads ran without a disclaimer,≤100
109890411945719,นพ.ญาณกิตติ์ ห่วงทรัพย์,นพ.ญาณกิตติ์ ห่วงทรัพย์,≤100
804181579762028,จิรายุ ห่วงทรัพย์,จิรายุ ห่วงทรัพย์,≤100
104179515944602,ประชาธิปัตย์ จันทบุรี-ตราด,Unicronet - Digital Marketing Solution,≤100
112332525119611,เอกภาพ หงสกุล ผู้สมัคร ส.ส.พรรคเพื่อไทย เขตสายไหม,เอกภาพ หงสกุล ผู้สมัคร ส.ส.พรรคเพื่อไทย เขตสายไหม,≤100
484830871527961,ภาควัต ศรีสุรพล ซัน พรรคเพื่อไทย,ภาควัต ศรีสุรพล ซัน พรรคเพื่อไทย,≤100
100533802887381,ทองคำ หลงเปลี่ยว - พรรคไทยสร้างไทย จ.สมุทรสาคร,Thongchai Potard,≤100
111872548439787,เพื่อนอุทัย,Attapon  Mingkwan,≤100
105546651850693,วีรนันท์ ฮวดศรี-Weeranan Huadsri-ทนายป๊อก,Weeranan Huadsri,≤100