﻿Page ID,Page name,Disclaimer,Amount spent (THB)
101673076131930,พรรคเปลี่ยน,พรรคเปลี่ยน,2700
241115389300595,คุณหญิงสุดารัตน์ เกยุราพันธุ์ Sudarat Keyuraphan,คุณหญิงสุดารัตน์ เกยุราพันธุ์ Sudarat Keyuraphan,927
110325891388981,พิมพกาญจน์ พลสมัคร,พิมพกาญจน์ พลสมัคร,621
404324999681547,ดร. ศุภชัย ศรีหล้า,Narit Kanjana-asawa,608
104963151112166,การเมือง kanmuang.com,การเมือง kanmuang.com,426
101535845426970,พรรคไทยสร้างไทย,พรรคไทยสร้างไทย,282
109239188766815,ดร. วิทยา อินาลา พรรคไทยพร้อม,Klod Sawadputsra,259
161651553861945,Amnesty International Thailand,Amnesty International Thailand,207
157659344260788,จุรินทร์ ลักษณวิศิษฏ์ Aoodda,Jurin Laksanawisit,164
102807719039442,พรรครวมไทยสร้างชาติ United Thai Nation Party,พรรครวมไทยสร้างชาติ United Thai Nation Party,153
137188693021815,สืบจากข่าว,สืบจากข่าว,151
1008069346052207,วีระ รูปคม-weera roopkom,วีระ รูปคม-weera roopkom,136
183238185051108,อรรถวิชช์ สุวรรณภักดี,อรรถวิชช์ สุวรรณภักดี,130
182657125936067,พรรคภูมิใจไทย,พรรคภูมิใจไทย,105
118563167838903,พรรคถิ่นกาขาวชาววิไล l Thinkakaochaovilai Party,Prawta Khongto,≤100
283908908680102,พรรคพลังธรรมใหม่,พรรคพลังธรรมใหม่,≤100
149079361791677,พรรคเพื่อไทย,พรรคเพื่อไทย,≤100
118757751143686,อิทธิพล ชลธราศิริ - Itthiphon Chontharasiri - แบงค์ชัย,Itthiphon Chontharasiri,≤100
105955949137073,ติดตามกระแสคนดัง,Narat Thanyaratmetee,≤100
2230596726985945,ฮาย ปวิศรัฐฐ์ ติยะไพรัช,บริษัท เวิร์ค 360 จำกัด,≤100
101504656149099,Peace Sasipatra  - พีซ ศศิร์ภัทรา,Peace Sasipatra  - พีซ ศศิร์ภัทรา,≤100
101636186123234,ไชยพล เดชตระกูล,ไชยพล เดชตระกูล,≤100
513741371997112,Amarin TV,อมรินทร์ เทเลวิชั่น,≤100
296508406790,"Democrat Party, Thailand พรรคประชาธิปัตย์","Democrat Party, Thailand พรรคประชาธิปัตย์",≤100
106891138382189,ประมวล สีแสง - ศรีสะเกษ เขต 2,ประมวล สีแสง - ศรีสะเกษ เขต 2,≤100
110925395241605,พรรครักษ์ผืนป่าประเทศไทย,พรรครักษ์ผืนป่าประเทศไทย,≤100
117849264601668,วิษณุ กรองกันภัย พรรคไทยพร้อม เบอร์ 28,ลลดา อมาตยกุล,≤100
204016840519336,ศ.ดร.นฤมล ภิญโญสินวัฒน์,ศ.ดร.นฤมล ภิญโญสินวัฒน์,≤100
115653434840464,พรรคประชาธิปัตย์ นาย ไพบูลย์ ศิริมา เบอร์ 7 จ.สุรินทร์ เขต 8,Pooky Kham-Oun,≤100
104879999243950,พลชัย พิพิธวรกุล เบอร์ 2 เขต 4 ขอนแก่น พรรคประชาธิปัตย์,Ponchai Pipitvorakul,≤100
101963962655058,พรรคพลังสหกรณ์,These ads ran without a disclaimer,≤100
2086963124904186,พรรคก้าวไกล แม่ฮ่องสอน,พรรคก้าวไกล แม่ฮ่องสอน,≤100
102137678251258,เกษตรกรรมร่ำรวย,These ads ran without a disclaimer,≤100
1633051440333187,FTE หลักสูตรเพื่อพัฒนาเจ้าของธุรกิจรุ่นใหม่ ครบเครื่อง ทันใจ แบบเร่งรัด,"VP group infinity Co.,Ltd.",≤100
115922723434700,ครูเจพีสรุปย่อ for Teacher,ครูเจพีสรุปย่อ for Teacher,≤100
116668478038395,โด่ง ชัชวาล พรอมรธรรม เพื่อไทย ขอนแก่น เขต 1,โด่ง ชัชวาล พรอมรธรรม,≤100
103003377726705,เสื้อผ้าแฟชั่นNaPa,Threeramate Artkongharn,≤100
407194015987067,Ch7HD News,Ch7HD News,≤100
108261230583781,เอิร์ธ พงศกร ขวัญเมือง - Earth Pongsakorn Kwanmuang,เอิร์ธ พงศกร ขวัญเมือง - Earth Pongsakorn Kwanmuang,≤100
103983981304937,พรรคเสมอภาค-Equality Party,Nalinphas Ongkunaruk,≤100
113023081702937,ธีระ สลักเพชร,ธีระ สลักเพชร,≤100
159570997481890,พลตำรวจเอกเสรีพิศุทธ์ เตมียเวส,พลตำรวจเอกเสรีพิศุทธ์ เตมียเวส,≤100
383969052150419,ชาญชัย อิสระเสนารักษ์,Assawin Issarasenarak,≤100
206494963551681,สุนทรี ชัยวิรัตนะ,These ads ran without a disclaimer,≤100
2232486313631668,อนุรักษ์ จุรีมาศ,ธวัชชานลล์ ทำขุรู,≤100
101557482461926,วรายุทธ จงอักษร - บุ๊ค ไทยสร้างไทย ยโสธร เขต 2,Warayoot Jongugsorn,≤100
111341764925564,สำนักสนับสนุนการพัฒนาระบบสุขภาพ - สำนัก 7 สสส.,สำนักสนับสนุนการพัฒนาระบบสุขภาพ - สำนัก 7 สสส.,≤100
2046265545683549,เชียร์ลุง,เชียร์ลุง,≤100
110672681521491,พรรคชาติรุ่งเรือง - Chat Rung Rueang Party,พรรคชาติรุ่งเรือง - Chat Rung Rueang Party,≤100
275507006405211,Padipat Suntiphada - ปดิพัทธ์ สันติภาดา,Padipat Suntiphada - ปดิพัทธ์ สันติภาดา,≤100
108515294626891,สอบข้าราชการท้องถิ่น By Thurakan,Chiraphorn Thuree,≤100
102108535240880,สมบัติ ยะสินธุ์,สมบัติ ยะสินธุ์,≤100
111331191880453,วินัย วิจิตรโสภณ - Winai Wijitsophon,วินัย วิจิตรโสภณ - Winai Wijitsophon,≤100
2147269921986413,ธนัญญา พันธุ์การรุ่ง พรรคเพื่อไทย นครปฐมเขต2,Pang Thanakulchotikan,≤100
107945618934003,ธนูชยานันท์ ปั้นบริสุทธิ์,ธนูชยานันท์ ปั้นบริสุทธิ์,≤100
108310705018773,เพจ ตุงคะวารีศรีวนาลัย ไตรสิกขาฯ,These ads ran without a disclaimer,≤100
789991318125212,พงศกร รัตนเรืองวัฒนา,พงศกร รัตนเรืองวัฒนา,≤100
1105604039583762,Line One สว.นท. ขอเชิญส่งประวัติ ส่วนตัว องค์กร เพื่อเข้ารับรางวัลประจำปี,Suksan Booran,≤100
131777330175392,MGR Online Politics,MGR Online Politics,≤100
283155375658667,"จ่าสิบเอกพัฒณปกรณ์   ดอนตุ้มไพร ""จ่าเจี๊ยบ""",Sueb Supachai,≤100
972019486321939,บู้ จเด็ศ จันทรา,จเด็ด จันทรา,≤100
161052211196800,พรรคเสรีรวมไทย,พรรคเสรีรวมไทย,≤100
111119268085115,อนงค์นาถ จ่าแก้ว,Chadapon Maksuwan,≤100
194806671454828,นายศาสตรา ศรีปาน - Sarttra Sripan,นายศาสตรา ศรีปาน - Sarttra Sripan,≤100
109263155401195,นายกประเทศ บุญยงค์,นายกประเทศ บุญยงค์,≤100
105308564750704,ณัฏฐ์ มงคลนาวิน,ณัฏฐ์ มงคลนาวิน,≤100
104342402244178,อารุม ตุ้มน้อย - Arum Tumnoi,อารุม ตุ้มน้อย - Arum Tumnoi,≤100
101831726085555,พรรครวมแผ่นดิน,พรรครวมแผ่นดิน,≤100
104393812499502,ชีทสรุปกฎหมาย สำหรับสอบราชการ พนักงานราชการ by.kantap,ชีทสรุปกฎหมาย สำหรับสอบราชการ พนักงานราชการ by.kantap,≤100
106561034744198,ลอรี่ - พงศ์พล ยอดเมืองเจริญ,ลอรี่ - พงศ์พล ยอดเมืองเจริญ,≤100
451864701523507,Infographic Thailand,Infographic Thailand,≤100
117756427935556,อนุชา ขวัญคาวิน,Sunisa Phanklang,≤100
112343717773740,Betapetonline,ชัชญา พานิช,≤100
108201828409912,ณัฐวัฒน์ พอใช้ได้,Atirit Dechasiniwat,≤100
112706641077875,สจ.ดนุภัทร์ เชียงชุม,สจ.ดนุภัทร์ เชียงชุม,≤100
113067400607487,กันตพงศ์ ดีชัยยะ - แมพ,กันตพงศ์ ดีชัยยะ - แมพ,≤100
111485468432921,พรรคเปลี่ยนอนาคต Changefuture party,พรรคเปลี่ยนอนาคต Changefuture party,≤100
107612328588715,The Voters,สันติสุข กาญจนประกร,≤100
1145461482239023,SMART ENERGY,These ads ran without a disclaimer,≤100
345127652279503,มูลนิธิสากลเพื่อคนพิการ,มูลนิธิสากลเพื่อคนพิการ,≤100
2151302718520482,ธิดารัตน์ ยิ่งเจริญ Tidarat Yingcharoen,ธิดารัตน์ ยิ่งเจริญ Tidarat Yingcharoen,≤100
112667281187463,ถิรเดช ตั้งมั่นก่อกิจ สจ.ม้อ,ถิรเดช ตั้งมั่นก่อกิจ สจ.ม้อ,≤100
100761582502948,จารุพล เรืองสุวรรณ - อาจารย์จา,Charupol Ruangsuwan,≤100
401831669848423,MGROnline Live,These ads ran without a disclaimer,≤100
102949686071401,ทศพล แก้วทิมา ราชบุรีต้องดีกว่าเดิม,ทศพล แก้วทิมา ราชบุรีต้องดีกว่าเดิม,≤100
102544175903371,เบ๊นซ์ นิธิพล  เพื่อคนสมุทรปราการ,เบ๊นซ์ นิธิพล  เพื่อคนสมุทรปราการ,≤100
107448364979874,ศิริพงศ์ นานคงแนบ - Siripong Nankongnab,Siripong Nankongnab,≤100
114003274990542,ยศพนธ์  อ่อนตา,These ads ran without a disclaimer,≤100
101289896276961,ทีมปากนครพัฒนา,These ads ran without a disclaimer,≤100
112073738279329,สิงโต - ศักดิ์สิทธิ์ ขาวทอง,สิงโต - ศักดิ์สิทธิ์ ขาวทอง,≤100
1241410716007401,ทศพล เพ็งส้ม,Thosaphol Pengsom,≤100
105125715202609,ส.ส.ไผ่ ลิกค์,ส.ส.ไผ่ ลิกค์,≤100
622674297897819,Screenshirt2020,Screenshirt2020,≤100
109132222106497,เอฟ ชนัตถ์ นันทปัญญา,Katakorn Phukhaow,≤100
101673076131930,พรรคเปลี่ยน,นอท พันธ์ธวัช นาควิสุทธิ์,≤100
463442610504113,ติดปีกนักขาย,These ads ran without a disclaimer,≤100
102869035843440,อนุชา ขวัญคาวิน เขต 2 นครศรีธรรมราช,Sunisa Phanklang,≤100
1635406246730420,วรงค์ เดชกิจวิกรม - Warong Dechgitvigrom,วรงค์ เดชกิจวิกรม - Warong Dechgitvigrom,≤100
111852360177624,วิวัฒน์ จินดาพล สจ.ต้อม,วิวัฒน์ จินดาพล สจ.ต้อม,≤100
110362667973472,สรวิศ เดชเสน - Sorawit Dessen,สรวิศ เดชเสน - Sorawit Dessen,≤100
107543695506457,ธนชัย สินธุไพร,Orf Thanachai Sindhuprai,≤100
101755712680612,รัก ณิชาภา โกวิทานนท์ ผู้สมัคร ส.ส.สมุทรสงคราม พรรคเพื่อไทย,รัก ณิชาภา โกวิทานนท์ ผู้สมัคร ส.ส.สมุทรสงคราม พรรคเพื่อไทย,≤100
107016601863148,ยุทธศักดิ์ ชูประเสริฐ - จ่ายุทธ,ยุทธศักดิ์ ชูประเสริฐ - จ่ายุทธ,≤100
104908418629549,EnableSurvey,"Excellent Digital Development Co.,Ltd.",≤100
104299218601490,กระชังบก อธิวัฒน์ การประมง,These ads ran without a disclaimer,≤100
110688558670229,Forever Legend,These ads ran without a disclaimer,≤100
102960556126347,ปราบปรามโจรเสื้อกาวน์.,These ads ran without a disclaimer,≤100
106114681299032,ชูเกียรติ จีนาภักดิ์,ชูเกียรติ จีนาภักดิ์,≤100
1803047169945046,หรอยหาดใหญ่,These ads ran without a disclaimer,≤100
106611748784439,นัสชัย มูลสาย,These ads ran without a disclaimer,≤100
102846075845429,Equitable Education Fund Thailand,These ads ran without a disclaimer,≤100
110863091226908,เสวก ประเสริฐสุข,เสวก ประเสริฐสุข,≤100
414252935319150,สมหญิง บัวบุตร-ทีมงาน,สมหญิง บัวบุตร-ทีมงาน,≤100
107434565618800,มานพ คำหวาน-Manop Khamwhan,มานพ คำหวาน-Manop Khamwhan,≤100
109417504253592,มาดามส้ม - พิมไหมทอง ศักดิพัตโภคิน,These ads ran without a disclaimer,≤100
277320192288594,โอม จิรชาติ,โอม จิรชาติ,≤100
100985972856061,ธนพจน์ ทรัพย์ยอดแก้ว - Thanapoj Subyodkaew,Thanapoj Subyodkaew,≤100
111680063837704,สหัสวัต คุ้มคง,สหัสวัต คุ้มคง,≤100
109610832073772,ประมูลธงสไตล์วินเทจ u.s.a,These ads ran without a disclaimer,≤100
100454798870209,พรรคเส้นด้าย - Zendai Party,พรรคเส้นด้าย - Zendai Party,≤100
111872548439787,เพื่อนอุทัย,Attapon  Mingkwan,≤100
100915662043252,Denis Ads.,บริษัท เดนิส แอดส์ จำกัด,≤100
109404485235732,ศิริวัฒน์ ขจรประศาสน์-ยอด,Supharat Sirisawat,≤100
601953326929372,ธัญวัจน์ กมลวงศ์วัฒน์ - Tunyawaj Kamolwongwat,Tunyawaj Kamolwongwat,≤100
109890411945719,นพ.ญาณกิตติ์ ห่วงทรัพย์,นพ.ญาณกิตติ์ ห่วงทรัพย์,≤100
107648367788852,วงศกร ชนะกิจ,Wongsakorn Chanakit,≤100
100533802887381,ทองคำ หลงเปลี่ยว - พรรคไทยสร้างไทย จ.สมุทรสาคร,Thongchai Potard,≤100
100156488333982,ศุภชัย นพขำ ปทุมธานี พรรคเพื่อไทย,ศุภชัย นพขำ ปทุมธานี พรรคเพื่อไทย,≤100
110119978657999,นพ.พลวิทย์ เจริญพงศ์,นพ.พลวิทย์ เจริญพงศ์,≤100
101466499528676,ปราณี เชื้อเกตุ,ปราณี เชื้อเกตุ,≤100
105546651850693,วีรนันท์ ฮวดศรี-Weeranan Huadsri-ทนายป๊อก,Weeranan Huadsri,≤100
111350351903826,ดร.ประเสริฐ เพื่อไทยสมุทรปราการ,Surasak Puangthong,≤100