﻿Page ID,Page name,Disclaimer,Amount spent (USD)
225385184188101,ქართული ოცნება / Georgian Dream,ქართული ოცნება / Georgian Dream,≤100
651534988375338,POSTV - ანალიტიკა,POSTV LLC,≤100
1159313984168136,europop,Popsport,≤100
110768738297837,ქართული ოცნების ქალთა ორგანიზაცია / GD Women,Georgian Dream,≤100
749989348701035,ეს ქვეყანა შენია • This country is yours,Civil Society Institute,≤100
1577443435885416,მამუკა მდინარაძე / Mamuka Mdinaradze,Georgian Dream,≤100
179300065451916,საქართველოს იუსტიციის სამინისტრო,საქართველოს იუსტიციის სამინისტრო,≤100
276733003042772,Levan Ioseliani,ალეკო ელისაშვილი - მოქალაქეები,≤100
113991509974808,მამუკა ხაზარაძე Mamuka Khazaradze,მამუკა ხაზარაძე Mamuka Khazaradze,≤100
114735666574826,Formula • ფორმულა,TV Formula,≤100
353943391364252,TV Imedi,TV Imedi,≤100
480323335835739,მაუწყებელი • Mautskebeli,მაუწყებელი • Mautskebeli,≤100
1573747949592975,არჩილ თალაკვაძე I Archil Talakvadze,Georgian Dream - Democratic Georgia,≤100
1746063075610569,საფარი/Sapari,Union Sapari,≤100
2136963033183230,თორნიკე რიჟვაძე • Tornike Rijvadze,თორნიკე რიჟვაძე • Tornike Rijvadze,≤100
406949709352265,Giorgi Vashadze / გიორგი ვაშაძე,Giorgi vashadze / გიორგი ვაშაძე,≤100
427385817405121,Association Anika • ასოციაცია ანიკა,Salome Geguchadze,≤100
104544911468291,შალვა პაპუაშვილი • Shalva Papuashvili,Georgian Dream,≤100
107490771649032,GeoPress,GeoPress,≤100
105294965729965,საქართველო უპირველეს ყოვლისა  • Georgia First,Georgia First,≤100
414248619353564,საქართველოს დაბადება,გირჩი • Girchi,≤100
108394195167957,Ilia Darchiashvili / ილია დარჩიაშვილი,Ilia Darchiashvili / ილია დარჩიაშვილი,≤100
212371088796021,საქართველოს რეგიონული განვითარებისა და ინფრასტრუქტურის სამინისტრო,საქართველოს რეგიონული განვითარებისა და ინფრასტრუქტურის სამინისტრო,≤100
691251661323712,თავისუფალი ბაზარი,გირჩი • Girchi,≤100
137044499682910,საბჭოთა წარსულის კვლევის ლაბორატორია Soviet Past Research Laboratory,Irakli Khvadagiani,≤100
277709595710849,სოფლის განვითარების სააგენტო - Rural Development Agency,სოფლის განვითარების სააგენტო / Rda,≤100
536906143912475,RealPolitika • რეალპოლიტიკა,Gmc • მმართველობის მონიტორინგის ცენტრი,≤100
101724814542858,Diplomatic Representations of Georgia / საქართველოს დიპლომატიური მისიები,საქართველოს საგარეო საქმეთა სამინისტრო / MFA of Georgia,≤100
107212234052832,მედიაკრიტიკა / Mediacritic,მედიაკრიტიკა / Mediacritic,≤100
106696602753341,ეკონომიკისა და მდგრადი განვითარების სამინისტრო,MINISTRY OF ECONOMY AND SUSTAINABLE DEVELOPMENT OF GEORGIA,≤100
133052760057128,Tabula - ტაბულა,Tabula - ტაბულა,≤100
103844525823875,პოლიტიკური აბსურდი,Ramaz Beridze,≤100
180568365331697,შერიგებისა და სამოქალაქო თანასწორობის საკითხებში სახელმწიფო მინისტრის აპარატი,SMR Georgia,≤100
112698110523947,7- მოქალაქეები/Citizens,ალეკო ელისაშვილი - მოქალაქეები,≤100
766565596708923,ალექსანდრე ელისაშვილი / Alexander Elisashvili,ალეკო ელისაშვილი - მოქალაქეები,≤100
297075367343408,BTU • ბიზნესისა და ტექნოლოგიების უნივერსიტეტი,BTU • ბიზნესისა და ტექნოლოგიების უნივერსიტეტი,≤100
105513718835653,"მეცნიერების, განათლებისა და კულტურის პროფკავშირი - SEC Workers Union",Nikoloz Tsikaridze,≤100
1886767171598724,ფლანგვის დეტექტორი,ფლანგვის დეტექტორი,≤100
136827876490842,საინფორმაციო ცენტრი ნატოსა და ევროკავშირის შესახებ • NATO & EU Info Center,საინფორმაციო ცენტრი ნატოსა და ევროკავშირის შესახებ • NATO & EU Info Center,≤100
621059661576199,ავთანდილ თალაკვაძე / Avtandil Talakvadze,Georgian Dream,≤100
106116218389057,გამზირი • Gamziri,Nini Jalabadze,≤100
1396827330340895,გოგი მეშველიანი / Gogi Meshveliani,გოგი მეშველიანი,≤100
100408609431054,BISC Partners,"BISC Partners (Behavioral Insights, Strategy and Communication Partners)",≤100
286830838117088,droa.ge - თვითმმართველობის დროა,Magda Popiashvili,≤100
497425910290053,სოციალური სამართლიანობის ცენტრი• Social Justice Center,Emc • ადამიანის უფლებების სწავლებისა და მონიტორინგის ცენტრი,≤100
493781037467461,Sova,Sova,≤100
101545558591952,დავით ფაცაცია / David Patsatsia,დავით ფაცაცია/Davit Patsatsia,≤100
146485005422635,საქართველოს ხელოვნების სასახლე-კულტურის ისტორიის მუზეუმი,საქართველოს ხელოვნების სასახლე-კულტურის ისტორიის მუზეუმი,≤100
1031485756902883,გირჩი • Girchi,გირჩი • Girchi,≤100
168226130026484,ჰოლონი •  Holon,ირაკლი წულაია,≤100
102355928774989,საინფორმაციო ცენტრი ნატოსა და ევროკავშირის შესახებ - რეგიონები,საინფორმაციო ცენტრი ნატოსა და ევროკავშირის შესახებ - რეგიონები,≤100
1556481434584901,Paul Xavier,These ads ran without a disclaimer,≤100