﻿Page ID,Page name,Disclaimer,Amount spent (COP)
267198759973201,Bairon Enrique Muñoz Lizarazo,Bairon Enrique Muñoz Lizarazo,111905
108311872210328,Fernando Romero Herrera,Fernando Romero Herrera,31313
101672785855145,Irina Salas,Irina Salas,30006
101036275822842,Omar Gualteros,Agency Rockets,11558
366661700340694,Carlos Javier Navas M,Carlos Javier Navas Murillo,10031
308580499200723,Alcaldía de Medellín,Alcaldia de Medellìn,8044
104328067049129,Niñez YA - Sociedad civil por la niñez y la adolescencia,NiñezYA - Sociedad civil por la niñez y la adolescencia,6683
1622001728047397,Harman Alcalde,Harman Alcalde,6657
100537461368132,Elkin Zapata Valencia Concejal,Jeferson Morales,3987
101192158762604,DASTE,DASTE,3737
1791953117701952,Villavonoticias.com,Dumar Alecides Parra Fandiño,3286
301364506594738,Cumbre Mundial de Comunicación Política,Cumbre Mundial de Comunicación Política,3110
913316352080733,Jhonny Giraldo,Jhonny Stevenson Giraldo Aragon,3080
109023772053741,Movil Consultores Academy,Movil Consultores Academy,2684
969143216462972,Felipe Cañizalez,Andreina Quintero Correa,2541
112155252163421,Sebastián López V.,Sebastian Lopez Valencia,1830
370492339735164,Centro Democrático - Comunidad Oficial,Centro Democrático - Comunidad Oficial,1681
1147318942107929,Todos Somos Una,DEBRAIN LLC,1600
970724039744092,Rene Escobar,Rene Escobar,1383
1832438050403942,Amin Losada,Waidi Mesa Losada,769
1482897701997453,Paloma Valencia,Paloma Valencia,728
101046256286876,Antimilitantes,Linea Cero,708
179003239458192,Jorge Humberto Rangel,Jorge Rangel,686
106640878493249,Omar Marín Reyes,Omar Marin Reyes,654
581095835894514,Noticentro 1 CM&,Noticentro 1 CM&,621
102143071616787,Goberna Colombia,Goberna,606
109799108388155,El Cuarto Poder,El Cuarto Poder,603
108061471650955,SoluTec,These ads ran without a disclaimer,594
105848177845789,All Out en español,All Out Action Fund,563
357353037620018,UVirtual,These ads ran without a disclaimer,467
184350595671778,Innopolítica,Santiago Gutierrez Murillo,384
2068245743232990,Cesar Augusto Guzman,Cesar Augusto Guzman,340
765302097170348,Línea Cero,Linea Cero,335
1400280116941194,Fabian Diaz,Fabian Diaz,329
1857540077811459,Movilizatorio,Movilizatorio,311
143057523068134,Jorge Camacho,Jorge Camacho,304
96595416468,Lilia Solano,Lilia Solano,260
190649367660431,Orlando Benítez,Orlando David Benitez Mora,257
1823807254333065,Soy Más País,Soy Mas Pais,255
1319410371405224,Marketing Político,Mauricio Florez-Morris,252
103833791361048,El Legado de Álvaro Uribe Vélez,Centro Democrático - Comunidad Oficial,241
1529335724037224,Aeropuerto del Café,INTUAL,236
569978373130700,Andrés Lizarralde Henao,Andrés Lizarralde Henao,219
103445938692040,Sebastián Morales,Sebastian Morales,210
1624019677843685,Consuerte,These ads ran without a disclaimer,193
108202298520665,LaDigital.co,La Digital,174
185965224778568,Diario Occidente,Nuevo Diario Occidente,165
100507235515368,Consultorio Jurídico Virtual,These ads ran without a disclaimer,133
117050711322214,María Paola Álvarez,Maria Paola Alvarez Puerta,132
1815626541807349,Agencia de Periodismo Investigativo,Norbey Quevedo Hernandez,125
1670687776515651,Tachi Nieto,Tachi Nieto,125
194315573916010,Norma Hurtado Sanchez,Norma Hurtado Sánchez,113
994154957311674,Eliécer Arteaga Vargas,Eliecer Arteaga Vargas,111
1519006894853848,El Quindiano,EL QUINDIANO SAS,≤100
288171914629124,Alcaldía de Buenaventura,Alcaldía de Buenaventura,≤100
119601731104438,Felix Cruz Garcia,Eliecer Cruz Rojas,≤100
101188681678160,Salomon Figueroa,Salomon Figueroa,≤100
122989028111811,Alexander Ruiz,Edgar Alexander Ruiz Garcia,≤100
779497978844485,Ing Benjamin Agrado Restrepo,Gabriel Benjamin Agrado Restrepo,≤100
108637132149790,Jaime Antonio Villa,Jaime Antonio Villa Hernandez,≤100
423124458019519,Café Y Petróleo,Café Y Petróleo,≤100
1648417351861251,Cristian Mestra,Cristian Mestra,≤100
170276379775886,Instituto de Ciencia Política Hernán Echavarría Olózaga,Instituto de Ciencia Política Hernán Echavarría Olózaga (ICP),≤100
104575245899789,Sofia Gómez Cabrera,Maria Camila Medina Guerrero,≤100
490805864681694,Foro Nacional Por Colombia - Capítulo Región Central,Deisy Viviana Arevalo Sotelo,≤100
106422131485518,Harbey Hurtado Guerrero,Jose Harbey Hurtado Guerrero,≤100
416201871913815,Adolfo Romero,Adolfo Romero,≤100
282609205261913,Soy Rico,These ads ran without a disclaimer,≤100
101170393279528,Rodrigo Villalba Mosquera,Martha Diaz,≤100
110678160534214,Magde Mogollón,Magde Mogollón,≤100
1668886976475466,David Gutierrez Mantilla,Jorge Luis,≤100
106083021215996,Todos por Medellín,Todos por Medellín,≤100
377334062304350,Secretaría de Educación de Bogotá,Secretaría de Educación de Bogotá,≤100
107931315531505,Camilo Pinza,Camilo Pinza,≤100
102382772020688,Inspenet,These ads ran without a disclaimer,≤100
101092639094951,namysto_lialka,These ads ran without a disclaimer,≤100
63306224439,Trip.com,These ads ran without a disclaimer,≤100
102368071158002,Solis Latam,These ads ran without a disclaimer,≤100
111542721915368,Naturalmente bella,These ads ran without a disclaimer,≤100
109888808553507,Neol,These ads ran without a disclaimer,≤100
146822255731958,Fast Travel Games,These ads ran without a disclaimer,≤100
1465646276779035,Los Secretos Judíos,These ads ran without a disclaimer,≤100