﻿Page ID,Page name,Disclaimer,Amount spent (USD)
247768972007283,Tribunal Electoral de Panamá,Tribunal Electoral de Panamá,≤100
103615842756513,Meliton Arrocha,Medios Estrategicos SA,≤100
480207675408012,Fundación para el Desarrollo de la Libertad Ciudadana,Fundación para el Desarrollo de la Libertad Ciudadana,≤100
114166553658738,Olmedo E Guillén,Olmedo E Guillén,≤100
327804570952589,Partido Alianza,Partido Alianza,≤100
106775568769729,Goberna Panamá,Goberna Panamá,≤100
348141796374674,Apprendo Academy,Apprendo Academy,≤100
229859588389712,romanportugal15,These ads ran without a disclaimer,≤100
116603861327799,alex_sa.c,These ads ran without a disclaimer,≤100
131754096573157,Serena Vamvas,Serena Vamvas,≤100
1306086469482572,Ricardo Miranda,These ads ran without a disclaimer,≤100