﻿Page ID,Page name,Disclaimer,Amount spent (PEN)
101665683225827,José Luna Gálvez - Pepe Luna,Laidy Diana Peceros Espinoza,266
317113615022843,César Acuña,Cesar Acuña Peralta,≤100
109019574560600,Aula Gaceta,Joel V. Supo Baldo,≤100
264223880347121,Lampadia Oficial,LAMPADIA,≤100
113857973395461,Luis Angel Aragón - Congresista de la República,Diego Alonzo Alvarez Guevara,≤100
167878593236712,UNICEF en español,These ads ran without a disclaimer,≤100
110084835426195,Tarotista de ayuda espiritual,Sebastian Sanchez,≤100
462790453744032,Sutep,Sindicato Unitario de Trabajadores en la Educación del Perú - SUTEP,≤100
534284396949027,Ilich López,Renzo Jireh Casas Torres,≤100
101053675911037,Fabri & Asociados Consultoría Política y de Mercadeo,Whilber Eugenio Huallanca Conde,≤100
316564475960113,Estudio Jurídico Tarazona & Asociados,Diego Alberto Isla Yengle,≤100
109808225725403,DAR Perú,DAR Perú,≤100
1805183599788143,Silvia Monteza,Héctor Melgar Sandoval,≤100
282609205261913,Soy Rico,These ads ran without a disclaimer,≤100
311493179348947,Los Expertos en Negocios,These ads ran without a disclaimer,≤100
100868325382148,Elizabeth Taipe Coronado - Congresista,Daniel Franklin Quispe Aguilar,≤100
118733394545067,Victor Raul Solorio Neira,These ads ran without a disclaimer,≤100
110017409083497,"""Area Para el Desarrollo en Valores Humanos"" (Instituto Sai Peru)",Juan Carlos Ponce de León Aguirre,≤100
200857600643943,Intercambio,Compañía de Jesús Provincia Del Perú,≤100
501011359923743,IDL-Instituto de Defensa Legal,Jose Del Carmen Rojas Chuya,≤100
196140697656186,Len Corell,Ricardo Felix Coral,≤100
253518258580731,Pucallpa 2.0 - Noticias,Pucallpa 2.0 - Noticias,≤100
104723341438240,EnRumbo Noticias,EnRumbo Noticias,≤100
107113751924466,Energía solar - CIA,These ads ran without a disclaimer,≤100
621812997939276,Partido Morado,Partido Morado,≤100
106992228110513,AyMamucha,These ads ran without a disclaimer,≤100
112155317356530,Miguel Salcedo,Miguel Angel Salcedo Ugalde,≤100
110409148102552,Nilza Chacón Trujillo,Nilza Chacón Trujillo,≤100
417661094920749,Mas Que Consumidores,Abdon César Augusto Delgado La Cotera,≤100
141796229342716,Comexperu,These ads ran without a disclaimer,≤100
115558841819514,IEP - Instituto Europeo de Posgrado,These ads ran without a disclaimer,≤100
101068718301342,Lecturas Con Propósito,These ads ran without a disclaimer,≤100
101349122508290,Dr Sanquetta,These ads ran without a disclaimer,≤100
2535216276502759,Beeok,These ads ran without a disclaimer,≤100
152914224736727,Banco Mundial,These ads ran without a disclaimer,≤100
131189377574,MDPI,These ads ran without a disclaimer,≤100
100613652687537,Cohesión,Chani Mejia,≤100
1473321922884514,Chińskie Radio Międzynarodowe,These ads ran without a disclaimer,≤100