﻿Page ID,Page name,Disclaimer,Amount spent (AUD)
102292348146435,The Uluru Statement from the Heart,"Indigenous Law Centre, UNSW",≤100
514475628623089,Our Watch,Our Watch,≤100
10113538711,WWF-Australia,WWF-Australia,≤100
9480502970,Greenpeace Australia Pacific,Greenpeace Australia Pacific,≤100
92824008332,Plan International Australia,Plan International Australia,≤100
447447719391089,Health Care Providers Association,Health Care Providers Association,≤100
710266392358023,Future Super,Future Super,≤100
1776727752614025,Glencore,Glencore Australia,≤100