﻿Page ID,Page name,Disclaimer,Amount spent (EUR)
122344957784863,Amnistia Internacional Portugal,Amnistia Internacional Portugal,≤100
123061614692,Nestlé,Nestlé,≤100
197936253581591,Fundação Francisco Manuel dos Santos,Fundação Francisco Manuel dos Santos,≤100
833033333450772,BPI Solidariedade,Banco BPI,≤100
103539582320797,Soluções Sustentáveis EDP,"EDP - Energias de Portugal, S.A.",≤100
178362315106,European Parliament,European Parliament,≤100
863284277093093,Pingo Doce,Pingo Doce,≤100
480077632487005,Daikin Portugal,Daikin Portugal S.A.,≤100
111079005616846,Danone PT,These ads ran without a disclaimer,≤100
100383085133476,Chiesi Global Rare Diseases,These ads ran without a disclaimer,≤100
412322482264070,Nespresso,Nespresso,≤100
1601186910118928,Banco BPI,Banco BPI,≤100
604331369992722,Deputados do PCP no PE,Sandra Maria De Brito Pereira,≤100
347829038571812,Aldeias de Crianças SOS Portugal,Aldeias de Crianças SOS Portugal,≤100
180704148611351,APAV | Associação Portuguesa de Apoio à Vítima,Associação Portuguesa Apoio à Vítima,≤100
110920243943820,DECO Associação,DECO - Associação Portuguesa para a Defesa do Consumidor,≤100
107898832590939,European Commission,European Commission,≤100
147547541961576,Council of the European Union,Council of the European Union,≤100
112242341523891,Impacto Vaporoso,These ads ran without a disclaimer,≤100
1040873502644920,ZERO - Associação Sistema Terrestre Sustentável,ZERO - Associação Sistema Terrestre Sustentável,≤100
71969543864,Casa da Música,Fundação Casa da Música,≤100
108383397178648,Bokay,Tiago Gomes,≤100
568028987050017,Livros com História,Cátia Inês Fernandes,≤100
203781509658756,Technal Portugal,These ads ran without a disclaimer,≤100
102783325087924,Revolta dos Livros,Helder Coelho Dias,≤100
100584101427459,A Libraria,These ads ran without a disclaimer,≤100
101920814806371,Casa dos livros,Eduardo Monteiro,≤100
85728663404,Standvirtual,Standvirtual,≤100
154972731206609,Pizzarte,These ads ran without a disclaimer,≤100
144709575593854,EESC - European Economic and Social Committee,EESC - European Economic and Social Committee,≤100
101920814806371,Casa dos livros,Manuel Augusto Monteiro,≤100
163880252839,Deco Proteste,Deco Proteste,≤100
114652980388567,KINTO,These ads ran without a disclaimer,≤100
243441285691925,Católica Lisbon School of Business & Economics,These ads ran without a disclaimer,≤100
587845577964346,Médicos Sem Fronteiras,These ads ran without a disclaimer,≤100
75019832667,AMI - Assistência Médica Internacional,AMI - Assistência Médica Internacional,≤100
108136025206096,Nem Mais Uma Palmada,Nem mais uma palmada,≤100
391346758158809,Livros aos molhos,Victor Neves Coelho,≤100
112857423489214,Ajuda em Ação,Ajuda em Ação,≤100
104260388124109,HYDAC Group,These ads ran without a disclaimer,≤100
100521345762709,Miguel Fernandes,Alfredo Miguel Pires Fernandes,≤100
582360601854799,Manuseado,João Miguel Méndez Fernandes,≤100
146427908881902,PS Moita,PS Moita,≤100
937560123015996,saudeonline.pt,SaudeOnline,≤100
157097544330187,ASPP / PSP,Luís Miguel Pinheiro Neto,≤100
2247331172262052,TDV Group - Transportes do Valado,TDV Group - Transportes do Valado,≤100
195045053891648,Master D Portugal,These ads ran without a disclaimer,≤100
382133885143274,Porro S.p.A.,These ads ran without a disclaimer,≤100
132265010511379,Livros & Mythos,Florbela Barreto,≤100
1441518592776681,Cabelos Brancos,Cabelos Brancos,≤100
1809714036021581,ProVeg International,These ads ran without a disclaimer,≤100
206659582582,Associação Portuguesa para a Igualdade Parental e Direitos dos Filhos,Associação Portuguesa para a Igualdade Parental e Direitos dos Filhos,≤100
153887384672062,Doctors Without Borders / Médecins Sans Frontières,These ads ran without a disclaimer,≤100
155438574470276,DW українською,These ads ran without a disclaimer,≤100
127552306804,Alliance Healthcare Portugal,These ads ran without a disclaimer,≤100
1564344927175199,European Summer School Prague,These ads ran without a disclaimer,≤100
126472130743436,GE HealthCare,These ads ran without a disclaimer,≤100
95775573753,Frontiers,These ads ran without a disclaimer,≤100