﻿Page ID,Page name,Disclaimer,Amount spent (EUR)
189701254384965,Eneco,Eneco,234
57729029960,Amnesty International Nederland,Amnesty International Nederland,128
164448196903465,Simavi,Simavi,115
133687759997528,ASN Bank,ASN Bank,≤100
428670174395114,Vattenfall,Vattenfall Nederland,≤100
83439828234,Milieudefensie,Milieudefensie,≤100
120184871378246,Aidsfonds,Aidsfonds,≤100
288295911466,Greenpeace Nederland,Greenpeace Nederland,≤100
93833638834,Plan International NL,Plan International NL,≤100
153072008228906,Kieskompas - Election Compass,Kieskompas B.V.,≤100
132031878648,Natuurmonumenten,Vereniging tot Behoud van Natuurmonumenten in Nederland,≤100
118754531489898,Artsen zonder Grenzen,Artsen zonder Grenzen Nederland,≤100
1830425247191865,Cordaid,Cordaid,≤100
120034538112114,Stichting Vluchteling,Stichting Vluchteling,≤100
165625476919894,CNV Vakmensen,CNV Vakmensen,≤100
159449970751999,Save the Children Nederland,Save the Children Nederland,≤100
201751609836046,Dokters van de Wereld (NL),Dokters van de Wereld,≤100
349312760804,World Vision Nederland,World Vision NL,≤100
170725579702314,ActionAid Nederland,ActionAid,≤100
285512534937,Terre des Hommes Nederland,Terre des Hommes Nederland,≤100
171605059556434,World Animal Protection Nederland,World Animal Protection Nederland,≤100
288295911466,Greenpeace Nederland,These ads ran without a disclaimer,≤100
160001040736183,Fairtrade Nederland,Fairtrade Nederland,≤100
198486356863605,Longfonds,Longfonds,≤100
108588405832078,Amref Flying Doctors NL,Amref Flying Doctors NL,≤100
488054904564547,ifaw,Stichting IFAW,≤100
142080576837,Vrij Nederland,Vrij Nederland,≤100
121264564551002,VVD,VVD,≤100
122620689140585,Ongehoord Nederland TV,Ongehoord Nederland,≤100
138716512980750,Europa in Nederland,De Vertegenwoordiging van de Europese Commissie,≤100
404247949634770,CARE Nederland,CARE Nederland,≤100
514814491878400,NVVE,NVVE,≤100
107872495911431,VluchtelingenWerk Nederland,VluchtelingenWerk Nederland,≤100
93833638834,Plan International NL,These ads ran without a disclaimer,≤100
128393027527,SP,SP,≤100
101701619359166,GOUD Nederland,Fractie den Haan = Goud,≤100
114824741963035,Kom over en help,St. Kom over en help,≤100
115027651906533,Wakker Dier,Wakker Dier,≤100
117483088313381,CIWF Nederland,CIWF Nederland,≤100
1637965639787416,Nacht van de Vluchteling,Nacht van de Vluchteling,≤100
145580068834607,Veteranendag,Veteranendag,≤100
121719834601889,FNV Vakbond,FNV Vakbond,≤100
100160149099313,Justice Initiative,Justice Initiative,≤100
106370071810105,Cultuur onder Vuur NL,Stichting Civitas Christiana,≤100
436101979807727,Pointer (KRO-NCRV),KRO-NCRV,≤100
269793629749221,ZOA,ZOA,≤100
106310819107347,TBI Klimaattrein,yoreM,≤100
473492249475971,Stirezo Pro-life,Stichting Civitas Christiana,≤100
143686555666670,Trees for All,Trees for All,≤100
208250375865238,Woord en Daad,Stichting Woord en Daad,≤100
148404651881567,VNO-NCW,VNO-NCW,≤100
244496714142,Humanistisch Verbond,Humanistisch Verbond,≤100
105539054523015,Futureproof NL,Futureproof,≤100
124564577597743,Ministerie van Economische Zaken en Klimaat,Ministerie van Economische Zaken en Klimaat,≤100
105339817717917,Gezin in Gevaar,Stichting Civitas Christiana,≤100
212763862068531,Dier&Recht,Dier&Recht,≤100
106020448037192,JA21,JA21.nl,≤100
275725382472738,Gemeente Nijmegen,gemeente Nijmegen,≤100
403772503084759,Rijksdienst voor Ondernemend Nederland - RVO,Rijksdienst voor Ondernemend Nederland - RVO,≤100
347109699457,Wemos,Wemos,≤100
192132804134442,Technische Unie,These ads ran without a disclaimer,≤100
147683725284795,Mercy Ships Holland,Mercy Ships Holland,≤100
2326697260991619,Kim van Sparrentak,GroenLinks,≤100
318502745709789,NoMorePlastic,NoMorePlastic,≤100
256330771194175,Iedereen mediawijs,Iedereen mediawijs,≤100
197259153703330,Waterschap Rijn en IJssel,Waterschap Rijn en IJssel,≤100
573092182893804,Nederlandse Stichting Over Gewicht-Life long support overgewicht & obesitas,Nederlandse Stichting Over Gewicht,≤100
301641784038642,Strong Babies,Strong Babies,≤100
141801972540083,EW Magazine,EW Magazine,≤100
112597635531005,Royal HaskoningDHV,These ads ran without a disclaimer,≤100
480539702005665,DE VERLEIDERS,DE VERLEIDERS,≤100
107074255523711,VVD Europa,VVD Europa,≤100
235212870368719,JEU de boules bar,These ads ran without a disclaimer,≤100
203753056314055,Varkens in Nood,Varkens in Nood,≤100
113656218388556,,These ads ran without a disclaimer,≤100
844559615710915,Lilian Marijnissen,SP,≤100
1586038428202115,Siriz,Stichting Siriz,≤100
205242676331332,ChristenUnie  West Betuwe,ChristenUnie West Betuwe,≤100
165125706913810,Kadera aanpak huiselijk geweld,Kadera,≤100
629572440488406,UvA Faculteit der Rechtsgeleerdheid,These ads ran without a disclaimer,≤100
105843785825241,Werken bij Delektro,These ads ran without a disclaimer,≤100
130015911059089,Samen om,om | nieuwe energie,≤100
112597635531005,Royal HaskoningDHV,Royal HaskoningDHV,≤100
105653235845219,,SP,≤100
397927193614702,Lionsclubs Nederland,Lionsclubs Nederland,≤100
976825745813543,Partij voor de Dieren Gemeente Groningen,Partij voor de Dieren Gemeente Groningen,≤100
105955311154401,Onlinestemtool.nl,Onlinestemtool.nl,≤100
105497601663519,MarianneKimmel.nl,Sunflower Communicatie,≤100
102523116490167,NJR,NJR,≤100
486293704724646,Krnwtr+ / Zereau Drinks,KRNWTR,≤100
267353906619818,Mr. Gugu & Miss Go,These ads ran without a disclaimer,≤100
103642448204563,Choose Paste,These ads ran without a disclaimer,≤100
178362315106,European Parliament,European Parliament,≤100
243150892444116,Ministerie van Infrastructuur en Waterstaat,These ads ran without a disclaimer,≤100
393631714068016,Hoogheemraadschap van Schieland en de Krimpenerwaard,Hoogheemraadschap van Schieland en de Krimpenerwaard,≤100
323597857784791,Micha Nederland,Micha Nederland,≤100
210985745676244,Asik Can Ali Resmi sayfası,These ads ran without a disclaimer,≤100
129932463689142,Uitgeverij Aspekt,Uitgeverij Aspekt,≤100
107880037304918,Radboud Fonds,Stichting Radboud Fonds,≤100
288700097949818,Mijn Stem,Citisens,≤100
458631057562860,Gemeente Zeist,Gemeente Zeist,≤100
152841728120488,Gemeente De Bilt,Gemeente De Bilt,≤100
527351247377965,European Committee of the Regions,European Committee of the Regions,≤100
139858509373289,UNICEF Nederland,Unicef Nederland,≤100
313228288806437,Motivaction International,Motivaction International B.V.,≤100
108625789179165,Soi Dog Foundation,These ads ran without a disclaimer,≤100
101442025614806,Chancellor,These ads ran without a disclaimer,≤100
690150857719925,الجمهورية.نت AlJumhuriya.net,These ads ran without a disclaimer,≤100