﻿Page ID,Page name,Disclaimer,Amount spent (USD)
604009266788505,T-House,These ads ran without a disclaimer,≤100
427787940590188,Радио Китай,These ads ran without a disclaimer,≤100
163431977114538,Teleflex,These ads ran without a disclaimer,≤100
106683901323122,Janaki Television HD,Rahmat Rain,≤100
131189377574,MDPI,These ads ran without a disclaimer,≤100
130369030334301,KidsRights,These ads ran without a disclaimer,≤100
164432246934163,Chopard,These ads ran without a disclaimer,≤100