﻿Page ID,Page name,Disclaimer,Amount spent (EUR)
194278021265803,Michal Šimečka • Progresívne Slovensko,Progresívne Slovensko,≤100
111165370750,Amnesty International Slovakia,Amnesty International Slovakia,≤100
1928247723902365,Humánny pokrok,Humánny pokrok,≤100
100554928586712,Dominika Vážna,Dominika Vážna,≤100
557862947737785,Progresívne Slovensko,Progresívne Slovensko,≤100
178362315106,European Parliament,European Parliament,≤100
288680881434,Iniciatíva Inakosť,Iniciatíva Inakosť,≤100
873391256051903,PEPCO Slovensko,PEPCO Slovensko,≤100
107898832590939,European Commission,European Commission,≤100