﻿Page ID,Page name,Disclaimer,Amount spent (VEF)
105428965854403,Comisión Nacional de Primaria VE,an advertiser in Venezuela,2500000
102909028767557,Nabil Maalouf,an advertiser in Venezuela,250000
1786224525008587,Jose Vicente Alcalde,an advertiser in Venezuela,250000
563081907400260,Ronal Romero Photo,These ads ran without a disclaimer,≤100
116093674518,César Pérez Vivas,an advertiser in Venezuela,≤100
110415024779810,the_caribbean_zone,These ads ran without a disclaimer,≤100
111979235195228,SaludPública247.com,These ads ran without a disclaimer,≤100
110522962130844,Carlos García,These ads ran without a disclaimer,≤100
103064252668045,Ingees01,These ads ran without a disclaimer,≤100