﻿Page ID,Page name,Disclaimer,Amount spent (USD),Number of ads in Library
410572096369317,Gwendolyn Myers-thepeacemessenger,Gwendolyn Myers,≤100,1
102130771750567,Kokou Edem Tengue,These ads ran without a disclaimer,≤100,1
187461997935711,Unilever Careers,These ads ran without a disclaimer,≤100,1
345840486219924,Energy China,These ads ran without a disclaimer,≤100,1
1473321922884514,Chińskie Radio Międzynarodowe,These ads ran without a disclaimer,≤100,1
1883003128429295,Queer Majority,These ads ran without a disclaimer,≤100,1
274400273295605,Programa Papo de Bola,These ads ran without a disclaimer,≤100,1
106321962111925,taboo_empower,These ads ran without a disclaimer,≤100,1
212864082137,Mike Manning,These ads ran without a disclaimer,≤100,1