﻿Page ID,Page name,Disclaimer,Amount spent (USD),Number of ads in Library
274138756817,Architonic,These ads ran without a disclaimer,≤100,1
513491955397746,Pacific Energy,These ads ran without a disclaimer,≤100,1
986013844824671,In Zhejiang,These ads ran without a disclaimer,≤100,2
1352874084790500,Fresenius Kabi,These ads ran without a disclaimer,≤100,1
501402253315190,SavingGanesh.org - ElephantsNow,These ads ran without a disclaimer,≤100,1
1617753965111540,Oil and Gas World/Oil Sands Strong,These ads ran without a disclaimer,≤100,1