﻿Page ID,Page name,Disclaimer,Amount spent (USD)
101287179530814,Donate Life Nepal,Donate Life Nepal,≤100
102938735204801,Nagarik Patra,These ads ran without a disclaimer,≤100
105348115739379,HARRY KI प्यारी,HARRY KI प्यारी,≤100
821430017924241,Sungrow,These ads ran without a disclaimer,≤100
1414802032117321,South Asian Regional Trade Union Council,South Asian Regional Trade Union Council,≤100
114848461468011,Hamro Bahini,Hamro Bahini,≤100
635947956441355,Unofficial Capital FM,Unofficial Capital FM,≤100
1107005629310630,American English for Educators,These ads ran without a disclaimer,≤100
249235665239846,Capital TV HD,Capital TV HD,≤100
478298539278988,Kanchan Jha,Kanchan Jha,≤100
102089678252706,Rotary Club for Global Action,These ads ran without a disclaimer,≤100
864316016923530,Jesus Anoints Ministries,These ads ran without a disclaimer,≤100
224597158386607,Rosa Luxemburg Foundation,These ads ran without a disclaimer,≤100
11949538375,chinadialogue,These ads ran without a disclaimer,≤100
178343122212676,Deafblind International (DbI),These ads ran without a disclaimer,≤100
245105287402836,Sheikh Anis Musa,These ads ran without a disclaimer,≤100
109452985104987,Officialjombo1,These ads ran without a disclaimer,≤100
207268042645317,Macquarie Group,These ads ran without a disclaimer,≤100