﻿Page ID,Page name,Disclaimer,Amount spent (USD)
19437978960,Chris Murphy,FRIENDS OF CHRIS MURPHY,934
232829990066140,AFT Nurses & Health Professionals,AFT Nurses & Health Professionals,787
121268821249550,World Central Kitchen,World Central Kitchen,446
144727732260970,Care We Can Count On,Care We Can Count On,299
103175021296846,Save Our Planet,Sahak Nalbandyan,291
85452072376,NEWSMAX,"NEWSMAX MEDIA, INC.",285
309308412520731,Sandy Hook Promise,Sandy Hook Promise,216
124383441363,Connecticut Education Association (CEA),CONNECTICUT EDUCATION ASSOCIATION,207
396429050545032,"James ""Jimmy"" Sanchez",Sanchez for 2023,181
18982436812,ACLU,American Civil Liberties Union,179
1534290989956166,Philanthropy Roundtable,"PHILANTHROPY ROUNDTABLE, THE",148
6514736316,Walden University,Walden University,132
127225910653607,PragerU,PragerU,120
110322801968638,Obamacare-Plans,Obamacareplans,113
18780321251,American Chemistry,American Chemistry Council,106
1302410613110458,Telemundo Nueva Inglaterra Directo Al Consumidor,NBCUniversal,101
106244251043808,America's Plastic Makers,"AMERICAN CHEMISTRY COUNCIL, INC.",≤100
6266829799,Sherrod Brown,FRIENDS OF SHERROD BROWN,≤100
330280744268309,CT Examiner,CT Examiner LLC,≤100
112635215061752,Deb Kleckowski,DebKforCT,≤100
7030901126,Campaign for Tobacco-Free Kids,Campaign for Tobacco-Free Kids,≤100
114351444912378,Olga Anastos,Olga4Stamford,≤100
63932534024,The Chamber of Commerce of Eastern Connecticut,Chamber of Commerce of Eastern Connecticut,≤100
1316372698453411,Alexandria Ocasio-Cortez,Alexandria Ocasio-Cortez for Congress,≤100
7341997111,Conservation International,Conservation International,≤100
385473284886474,Hillsdale College,Hillsdale College,≤100
121735358063,Yankee Institute,The Yankee Institute for Public Policy,≤100
100168566232753,IRS Helper,Leads Team LLC,≤100
18709174006,National Audubon Society,"NATIONAL AUDUBON SOCIETY, INC.",≤100
110847698099863,Solarquote.org,solarquote.org,≤100
92925746942,Judicial Watch,Judicial Watch,≤100
1012679305536045,Elissa Slotkin,Elissa Slotkin for Michigan,≤100
76470053424,TIAA,TEACHERS INSURANCE AND ANNUITY ASSOCIATION OF AMERICA,≤100
7192716362,Amnesty International USA,"AMNESTY INTERNATIONAL OF THE U. S. A., INC.",≤100
592707041080920,Stand Together,Stand Together Chamber of Commerce Inc.,≤100
570092813023833,Matt Walsh,The Daily Wire,≤100
209516845093,NRDC Action Fund,NRDC Action Fund,≤100
1012679305536045,Elissa Slotkin,ELISSA SLOTKIN FOR CONGRESS,≤100
15771560300,Earthjustice,EARTHJUSTICE,≤100
6500552187,Hulu,"HULU, LLC",≤100
30139072158,CARE,CARE,≤100
38235851310,USA for UNHCR,UNITED STATES ASSOCIATION FOR UNHCR,≤100
113891694102,Energy Citizens,AMERICAN PETROLEUM INSTITUTE,≤100
304600892905134,Hillsdale College Online Courses,HILLSDALE COLLEGE,≤100
7263476274,Mercy Corps,Mercy Corps,≤100
72931140459,Center for Biological Diversity,"CENTER FOR BIOLOGICAL DIVERSITY, INC.",≤100
6041057841,The Humane Society of the United States,"HUMANE SOCIETY OF THE UNITED STATES, THE",≤100
95483488591,Democratic Party of Wisconsin,DEMOCRATIC PARTY OF WISCONSIN,≤100
428821014132730,Katie Porter,KATIE PORTER FOR SENATE,≤100
80562389320,NARAL Pro-Choice America,NARAL PRO-CHOICE AMERICA CORP,≤100
103875099042033,DailyWire+,The Daily Wire,≤100
106121804986003,Best Health Tips,Seniors Today USA,≤100
12301006942,Democratic Party,DNC SERVICES CORP./DEM. NAT'L COMMITTEE,≤100
479697025386367,Pennsylvania Coalition Against Domestic Violence,PENNSYLVANIA COALITION AGAINST DOMESTIC VIOLENCE,≤100
1832744013698336,Mahogany Mommies,Mahogany Mommies,≤100
104394262049761,Jeremy's Razors,The Daily Wire,≤100
342294162453301,Planned Parenthood,Planned Parenthood Federation of America,≤100
1435071773455316,Daily Wire,The Daily Wire,≤100
114008535880,Foundation for Individual Rights and Expression,FOUNDATION FOR INDIVIDUAL RIGHTS IN EDUCATION,≤100
108547455113940,Our America,Our America,≤100
23875187730,Feeding America,Feeding America,≤100
443329669123990,USAFacts,USAFacts Institute,≤100
84177291169,"Dairy Farmers of America, Inc.",DAIRY FARMERS OF AMERICA INC,≤100
1470540296409810,Fair Fight Action,FAIR FIGHT,≤100
110768725009358,Connecticut Office of Workforce Strategy,CT The Office of Workforce Strategy,≤100
109092142462587,Adam Schiff,SCHIFF FOR SENATE,≤100
1461100540775171,The Tuttle Twins,LIBERTAS INSTITUTE,≤100
106965415629355,America Strong and Free PAC,America Strong and Free PAC,≤100
161183970656851,Ruben Gallego,GALLEGO FOR ARIZONA,≤100
2353537341582545,Proud Patriots,Proud Patriots,≤100
314499212242,Pfizer,Pfizer Inc.,≤100
246737888784902,Filling in the Blanks,FILLING IN THE BLANKS,≤100
21492729544,Catholic Relief Services,CATHOLIC RELIEF SERVICES - UNITED STATES CONFERENCE OF CATHOLIC BISHOPS,≤100
109179375151983,Med Plan Coverage,Seniors Today USA,≤100
1602934239990008,CCM CT,Connecticut Conference of Municipalities,≤100
113318901345595,Baby Patriots,Proud Patriots,≤100
399997860992,Educators for Excellence,Educators for Excellence,≤100
5720973755,Defenders of Wildlife,DEFENDERS OF WILDLIFE,≤100
100373975829221,Fòs Feminista Org,Fòs Feminista,≤100
42002969352,Center on Budget and Policy Priorities,Center on Budget and Policy Priorities,≤100
82609311925,GreenLatinos,GREENLATINOS,≤100
1632814840319802,John Fetterman,Fetterman for PA,≤100
145917588805718,Dr Jordan B Peterson,The Daily Wire,≤100
154561574598964,White Coat Waste Project,THE WHITE COAT WASTE PROJECT INC,≤100
140357056032320,NEA Today,National Education Association,≤100
203805062990264,Ben Shapiro,The Daily Wire,≤100
15239367801,The Wilderness Society,"WILDERNESS SOCIETY, THE",≤100
104253615152700,America First Legal,America First Legal Foundation,≤100
518194348194441,RepresentUs,RepresentUs,≤100
40217893542,AIPAC,AIPAC,≤100
100314172867011,American Memorial,Final Expense Authority LLC,≤100
100712889249331,Health Equity Coalition for Chronic Disease,Health Equity Coalition for Chronic Disease,≤100
1958912674200535,The Pour Over,Pour Over,≤100
8492293163,Environmental Defense Fund,Environmental Defense Fund,≤100
11791104453,NRDC,Natural Resources Defense Council,≤100
13885075114,Action Against Hunger USA,ACTION AGAINST HUNGER - USA,≤100
104491841664875,Break Free,"Country First Action, Inc.",≤100
49651563727,Live Action,Live Action,≤100
7735858972,Humane Society Legislative Fund,Humane Society Legislative Fund,≤100
100328619530085,Bishop Gold Group,Bishop Gold Group LLC,≤100
408521599592643,PNHSource,These ads ran without a disclaimer,≤100
216311481960,Bill Gates,Bill Gates,≤100
542678889114683,The Coca-Cola Company,The Coca-Cola Company,≤100
104295601633638,American Cornerstone Institute,American Cornerstone Institute Inc,≤100
153278754738777,Climate Reality,The Climate Reality Project,≤100
240937060405,Center for Science in the Public Interest (CSPI),Center for Science in the Public Interest,≤100
203197030603239,8 Billion Trees,8 Billion Trees LLC,≤100
8047221596,Save the Children US,SAVE THE CHILDREN FEDERATION INC.,≤100
1316372698453411,Alexandria Ocasio-Cortez,THE SQUAD VICTORY FUND,≤100
166618413413767,Jay Sekulow,American Center for Law and Justice,≤100
1943411209238675,"Garrison, Levin-Epstein, Fitzgerald & Pirrotti, PC","Garrison, Levin-Epstein, Fitzgerald & Pirrotti, P.C.",≤100
103807629149771,Working Forests Initiative,"WORKING FOREST INITIATIVE, INC.",≤100
172196636150714,"William F. Buckley, Jr. Program at Yale","William F. Buckley, Jr. Program",≤100
102960695956522,Amazing Patriots,Amazing Patriots,≤100
219612384781411,Bloomberg Philanthropies,Bloomberg Philanthropies,≤100
26414222930,"Community Health Center, Inc.",COMMUNITY HEALTH CENTER OF CONNECTICUT INC,≤100
61492859575,Americares,"Americares Foundation, Inc.",≤100
7357041101,Tammy Baldwin,TAMMY BALDWIN FOR SENATE,≤100
100684991996307,November Coalition,NOVEMBER COALITION,≤100
17203056985,Partners In Health,Partners In Health,≤100
19746387261,Humane Society International,Humane Society International,≤100
57774720835,RESOLVE: The National Infertility Association,RESOLVE THE NATIONAL INFERTILITY ASSOCIATION (USED IN VA BY: RESOLVE INCORPORATED),≤100
12375354406,USO,United Service Organizations,≤100
127637620616803,Comcast Newsmakers,Comcast,≤100
83290028957,Care Net,CARE NET,≤100
70874333603,CatholicVote,catholicvote.org,≤100
141902213148762,aHUS Source,These ads ran without a disclaimer,≤100
186805048171120,U.S. LawShield,U.S. LawShield,≤100
580610428636345,Fight for $15,Fight for $15,≤100
100104419147228,Do Good Chicken,DO GOOD FOODS LLC,≤100
111247808542707,Yusef Salaam For The People,Yusef Salaam For The People,≤100
129240690441636,The Legal Defense Fund,"N. A. A. C. P. LEGAL DEFENSE AND EDUCATIONAL FUND, INC.",≤100
108641741851973,Magic Valley Energy,Magic Valley Energy LLC,≤100
103695769458,United States Mint,United States Mint,≤100
309798029121030,Everytown for Gun Safety,Everytown for Gun Safety Action Fund Inc,≤100
84112077638,Greater Good Charities,GREATERGOOD.ORG,≤100
2245766435469741,Beersy,Beersy LLC,≤100
115379705206001,U.S. Department of Homeland Security Blue Campaign,U.S Department of Homeland Security Blue Campaign,≤100
546066468753446,Black Health Matters,BLACK HEALTH MATTERS FOUNDATION INC,≤100
23790541544,Democrats,DCCC,≤100
139525763310375,Bridgeport Generation Now Votes,Bridgeport Generation Now Votes Incorporated,≤100
118271677096,CLIF Bar,CLIF BAR & COMPANY,≤100
8934429638,Planned Parenthood Action,Planned Parenthood Action Fund,≤100
645392368909975,carafem,carafem,≤100
866779926670025,Citizens for Tobacco Rights,Citizens for Tobacco Rights,≤100
1593518174052711,Candace Owens,The Daily Wire,≤100
25852730092,Care2,"Care2.com, Inc",≤100
8325302025,Friends of the Earth U.S.,Friends of the Earth,≤100
143089732792,Marsha Blackburn,Marsha for Senate,≤100
361960287311696,Better Medicare Alliance,"Better Medicare Alliance, Inc",≤100
100417168386329,Heal America,Stand Together Chamber of Commerce Inc.,≤100
103531607822207,Noticias para Inmigrantes,"Wise Rock Media, PBC",≤100
20787991568,Senate Democrats,DSCC,≤100
172758932738142,PhRMA,PHARMACEUTICAL RESEARCH AND MANUFACTURERS OF AMERICA,≤100
42940254353,Human Rights Watch,"HUMAN RIGHTS WATCH, INC.",≤100
665345483483486,NRA - National Rifle Association of America,NATIONAL RIFLE ASSN OF AMERICA,≤100
51379424899,Mercy Ships,MERCY SHIPS INTERNATIONAL,≤100
20876805343,March of Dimes,MARCH OF DIMES INC.,≤100
101704558574021,Lucas Kunce,Lucas Kunce for Missouri,≤100
681626158940626,Mission Roll Call,Americas Warrior Partnership,≤100
6165653060,AFSCME,AMERICAN FEDERATION OF STATE COUNTY & MUNICIPAL EMPLOYEES,≤100
36872302227,Cory Booker,CORY BOOKER FOR SENATE,≤100
96935476345,Democratic Governors Association (DGA),"Democratic Action, democraticgovernors.org, not authorized by any candidate or candidate's committee.",≤100
7030901126,Campaign for Tobacco-Free Kids,TOBACCO-FREE KIDS ACTION FUND,≤100
82223469060,ACN - Aid to the Church in Need,"AID TO THE CHURCH IN NEED, INC.",≤100
114982931437267,John Gomes for Mayor,JOHN GOMES FOR MAYOR,≤100
583258211727279,Shai Fund,SHAI FUND INC,≤100
317298685315281,Hartford 311,City of Hartford,≤100
102592959026,Ocean Conservancy,"OCEAN CONSERVANCY, INC.",≤100
7145381235,American Jewish World Service - AJWS,"AMERICAN JEWISH WORLD SERVICE, INC.",≤100
7292655492,MoveOn,MOVEON.ORG CIVIC ACTION,≤100
6787988478,Physicians for Human Rights,"PHYSICIANS FOR HUMAN RIGHTS, INC.",≤100
121626482110,Operation Smile,OPERATION SMILE,≤100
112134538464796,ErcAccess,Leads Team LLC,≤100
110267835279432,Senior Savings,The Daily Savings Journal,≤100
406456986070332,Matt Gaetz,Friends of Matt Gaetz,≤100
110589583842808,Union Built Matters NYC,Union Built Matters,≤100
107764430968176,Tuttle Twins TV Show,"Tuttle Twins Show, LLC",≤100
745304825534862,Steve Scalise,Team Scalise,≤100
101903508281567,The Dude's Threads,The Dude's Threads,≤100
6316744206,Jon Tester,MONTANANS FOR TESTER,≤100
34362997676,United States Holocaust Memorial Museum,UNITED STATES HOLOCAUST MEMORIAL MUSEUM,≤100
104977525752112,Freedom of Patriots,Freedom of Patriots,≤100
114720264544782,Moving Forward,Seniors Today USA,≤100
228132537208218,Tammy Duckworth,TAMMY FOR ILLINOIS,≤100
408526523045391,Mammoth Nation,Mammoth Nation,≤100
780941275347834,Ilhan Omar,ILHAN FOR CONGRESS,≤100
16451727998,National Museum of Women in the Arts,These ads ran without a disclaimer,≤100
109320440856128,Together Beat Hate,"Foundation to Combat Anti-Semitism, Inc.",≤100
297987334762,Jamie Raskin,Jamie Raskin for Congress,≤100
201446296572389,Compassion in World Farming (USA),Compassion in World Farming Inc,≤100
115345921479296,Katrina Booth,These ads ran without a disclaimer,≤100
7860876103,Joe Biden,DNC SERVICES CORP./DEM. NAT'L COMMITTEE,≤100
907931509251615,Governor Larry Hogan,An America United,≤100
118626774835274,Medicare Made Clear,Medicare Made Clear from United Healthcare,≤100
376776419037747,Turning Point USA,"Turning Point USA, Inc.",≤100
114710126648118,Republican Dogs,Republican Dogs,≤100
142432192446984,David Horowitz Freedom Center,David Horowitz Freedom Center,≤100
5435784683,Greenpeace USA,"GREENPEACE, INC.",≤100
267180743723148,National Geographic Society,National Geographic Society,≤100
318196171580489,Ron DeSantis,Friends of Ron DeSantis,≤100
314121315788033,Stand with Parkland,Stand With Parkland,≤100
153446658100252,Lumina Foundation,Lumina Foundation,≤100
102944619008819,1 Million Strong,Stand Together Chamber of Commerce Inc.,≤100
786167111464006,Woodson Center,The Woodson Center,≤100
1869687273277265,Run for Something,Run For Something PAC,≤100
197760674021143,Indivisible Guide,INDIVISIBLE ACTION,≤100
45393753416,Alliance Defending Freedom,Alliance Defending Freedom,≤100
971668776283950,PolicyEd,Hoover Institution,≤100
408250066356,Bill O'Reilly,"Bill Me, Inc.",≤100
131306317680000,Social Goods,"Social Goods, LLC",≤100
1201574069988840,NoFilter with Ana Kasparian,"The Young Turks, Inc.",≤100
7606381190,Amy Klobuchar,KLOBUCHAR FOR MINNESOTA,≤100
197760674021143,Indivisible Guide,Indivisible Project,≤100
50982313030,Food & Water Watch,Food & Water Watch,≤100
458142697588014,AARP Public Policy Institute,AARP,≤100
355783211719644,Veteran Caregivers of America,"Veteran Caregivers, LLC",≤100
1382441768496365,Pentair,PENTAIR,≤100
103565195134756,America First Policy Institute,America First Policy Institute,≤100
577812748950650,Colchester CT Democratic Town Committee,Colchester Democratic Town Committee,≤100
8501031021,VoteVets.org,VOTEVETS,≤100
104107788684988,Tom Klingenstein,TomKlingenstein.com,≤100
110442961603215,Yikes Today,Tomer Barazani,≤100
116115111094914,Mirena® (levonorgestrel-releasing intrauterine system) 52 mg,These ads ran without a disclaimer,≤100
945455208962159,For Everyone Collective,For Everyone Collective,≤100
245741028804051,Barbara Sinatra Center,Barbara Sinatra Children's Center,≤100
126176114084894,QueensLatino.com,Queens Latino Corp,≤100
125769584126996,Yael Eckstein,"INTERNATIONAL FELLOWSHIP OF CHRISTIANS & JEWS, INC.",≤100
2221239651245614,Young Conservatives for Carbon Dividends,Young Conservatives for Carbon Dividends Inc,≤100
250485248333218,Clean Air Task Force,CLEAN AIR TASK FORCE,≤100
315528175667844,Women2Women,Women2Women Conversations Tour,≤100
126305280752104,Slavic Gospel Association,SLAVIC GOSPEL ASSOCIATION,≤100
111380958315889,Secure Financial Future,INVESTMENT COMPANY INSTITUTE,≤100
102769134675149,Evergreen Action,Evergreen Collaborative,≤100
159658557547960,Wall Street Journal Opinion,The Wall Street Journal,≤100
372577693078008,"Saenz-Garcia Law, PLLC","Saenz-Garcia Law, PLLC",≤100
145973965440671,Carnegie Corporation of New York,CARNEGIE CORPORATION OF NEW YORK,≤100
8524198486,Physicians Committee for Responsible Medicine,"PHYSICIANS COMMITTEE FOR RESPONSIBLE MEDICINE, INC.",≤100
7219151423,The Fund for American Studies (TFAS),FUND FOR AMERICAN STUDIES,≤100
43287633515,Action for the Climate Emergency,Action for the Climate Emergency,≤100
56332452163,AMA Patients Action Network,American Medical Association,≤100
108268161352786,Stanley M. Herzog Foundation,Herzog Foundation,≤100
507070522767934,AACR Foundation,"AMERICAN ASSOCIATION FOR CANCER RESEARCH, INC.",≤100
7962229886,Environmental Working Group,ENVIRONMENTAL WORKING GROUP,≤100
38882699096,Polaris,POLARIS PROJECT,≤100
1613516851999536,Sunrise Movement,Sunrise,≤100
302111635698,National Association of Tax Professionals (NATP),National Association of Tax Professionals,≤100
29717379728,International Justice Mission,International Justice Mission,≤100
160389977329803,ATTN:,ATTN: INC.,≤100
395387250536986,Janet for Justice,JANET FOR JUSTICE,≤100
478022368897483,The Ocean Cleanup,The Ocean Cleanup with Facebook Ad Credits,≤100
1476342155924546,Big Rig Threads,Big Rig T-Shirts and Decals LLC,≤100
6756153498,Mike Bloomberg,Bloomberg Philanthropies,≤100
6240652407,Young America's Foundation,Young America's Foundation Inc,≤100
112735922758892,Charlie Kirk,"Turning Point USA, Inc.",≤100
331037760381749,Sierra Magazine,SIERRA CLUB,≤100
21090771700,Gun Owners of America,Gun Owners of America,≤100
243184199040637,Caring Across Generations,Caring Across Generations,≤100
1600352356914768,PushBlack,PushBlack,≤100
378084314984,Trane Technologies,Trane Technologies,≤100
284293125336159,Regulatory Transparency Project,FEDERALIST SOCIETY FOR LAW & PUBLIC POLICY STUDIES,≤100
182620315479,Plan International USA,Plan International USA,≤100
201956993160690,MRCTV,MEDIA RESEARCH CENTER,≤100
2361139837508625,Animal Victory,"One Red Lion, Inc DBA Animal Victory",≤100
134452023239984,Human Coalition,Human Coalition,≤100
109521013225,Nikki Haley,Nikki Haley for President,≤100
21375324480,The Heritage Foundation,HERITAGE FOUNDATION (THE),≤100
1679521432262834,Physicians Grassroots Network,American Medical Association,≤100
100403528653081,Punchbowl News,Punchbowl News,≤100
817567028361575,The Halcyon Movement,The halcyon movement,≤100
282728185140429,Rep For Vets,The Rep For Vets,≤100
859142114232628,CARE - Californians for Affordable & Reliable Energy,Californians for Affordable and Reliable Energy,≤100
101391906600,Live Action News,Live Action,≤100
57259033959,AARP,AARP,≤100
5970146660,Community Change,Center for Community Change Action,≤100
75774105475,Knights of Columbus,Knights of Columbus,≤100
111864390208579,NF1 with PN,These ads ran without a disclaimer,≤100
417522508294454,Job Creators Network,Job Creators Network,≤100
259212814698356,Democratic Majority for Israel,Democratic Majority for Israel,≤100
471928596287830,Brian Mast,Mast for Congress,≤100
100758682697459,Mayday Health,"Mayday Medicines, Inc.",≤100
83865976093,Truthout,TRUTHOUT,≤100
525250180928707,Anthony Gulluni for District Attorney,The Committee to Elect Anthony Gulluni,≤100
106563958759988,Semafor,Semafor Inc.,≤100
43426724597,Paper Culture,Paper Culture LLC,≤100
397207347056799,Voices for Healthy Kids,AMERICAN HEART ASSOCIATION INC,≤100
108934528580381,Rapid Response Polls,Eric M Manning,≤100
102748688472759,Parents Defending Education,Parents Defending Education,≤100
160630887998827,Let Them Live,Oliver Harrison  Berning,≤100
102413723172970,Nick Adams,Nick Adams,≤100
226999127329906,New York Immigration Lawyer,Law Office of Alena Shautsova,≤100
77278490877,National Corn Growers Association,National Corn Growers Association,≤100
104000815284407,Iglesia que Sufre ACN - US,"AID TO THE CHURCH IN NEED, INC.",≤100
15503839732,Peter G. Peterson Foundation,Peter G. Peterson Foundation,≤100
311901101987,"The Seeing Eye, Inc.",SEEING EYE INC,≤100
13867925345,Equality Florida,Equality Florida,≤100
69983322463,Ted Cruz,TED CRUZ FOR SENATE,≤100
210277954204,The Young Turks,"The Young Turks, Inc.",≤100
100388126216021,The Red Onlooker,Gregory Lawrence Burright,≤100
317284821682168,Messianic Jewish Alliance of America (MJAA),Messianic Jewish Alliance of America,≤100
12044622723,"Museum of Science, Boston",MUSEUM OF SCIENCE,≤100
16477459734,League of Conservation Voters,"LEAGUE OF CONSERVATION VOTERS, INC",≤100
19342050934,Leadership Institute,LEADERSHIP INSTITUTE INC,≤100
60261764250,Childhelp,"CHILDHELP, INC.",≤100
43934405787,IPPF,International Planned Parenthood Federation Worldwide Inc,≤100
1338822066131069,Women's March,Women's March,≤100
58043814556,Oklahoma City Memorial Marathon,Oklahoma City Memorial Marathon,≤100
8002590959,Rainforest Action Network - RAN,RAINFOREST ACTION NETWORK,≤100
16991655875,Stand Up To Cancer,These ads ran without a disclaimer,≤100
11465191261,JPMorgan Chase & Co.,These ads ran without a disclaimer,≤100
169687486427698,Jentezen Franklin,FREE CHAPEL WORSHIP CENTER,≤100
745910525468062,National Center on Sexual Exploitation,National Center on Sexual Exploitation,≤100
367292494407,AJC - American Jewish Committee,AMERICAN JEWISH COMMITTEE,≤100
407902639235640,JNS.org,Jewish News Syndicate,≤100
30914589895,The International Fellowship of Christians and Jews,"INTERNATIONAL FELLOWSHIP OF CHRISTIANS & JEWS, INC.",≤100
21242962092,ClientEarth,CLIENTEARTH USA INC,≤100
46347342434,EMILY's List,EMILY'S LIST,≤100
349800859019034,The 19th News,The 19th,≤100
782589285112360,Clark for Mayor of Harvey,Citizens for Christopher J Clark,≤100
983629811723932,Home Title Lock,Home Title Lock,≤100
188627788423714,The Scoop Politics,The Scoop Media Inc.,≤100
262680017949612,Quincy Institute for Responsible Statecraft,Quincy Institute,≤100
222539451627775,The Graceful Goose,The Graceful Goose,≤100
20603236087,Love146,"LOVE146, INC.",≤100
290548664672,First Liberty,First Liberty Institute,≤100
345378512258813,Elise Stefanik,ELISE FOR CONGRESS,≤100
30079936984,CWS,"CHURCH WORLD SERVICE, INC.",≤100
104979848524405,Starts With Us,Lubetzky Family Foundation,≤100
72092591211,FBI – Federal Bureau of Investigation,Federal Bureau of Investigation,≤100
109819009036381,The New York Sun,NEW YORK SUN COMPANY LLC,≤100
5644748986,National Wildlife Federation,NATIONAL WILDLIFE FEDERATION,≤100
142957224352,International Medical Corps,International Medical Corps,≤100
107454490912636,Jewish Future Pledge,Jewish Future Pledge Inc,≤100
255486647814076,Penguin Kids,Penguin Random House,≤100
103316295438939,Lost Debate,Lost Debate,≤100
152264148166020,Moms Clean Air Force,Moms Clean Air Force,≤100
19972147679,SEIU,SEIU COPE (SERVICE EMPLOYEES INTERNATIONAL UNION COMMITTEE ON POLITICAL EDUCATION),≤100
273034872734554,"Massachusetts Unclaimed Property Division, State Treasurer Deborah Goldberg",MA State Treasurer’s Office – Unclaimed Property Division,≤100
10498053716,Media Research Center,MEDIA RESEARCH CENTER,≤100
657708380952174,Voices of the Civil Rights Movement,Comcast,≤100
50822254585,Mountain States Legal Foundation,Mountain States Legal Foundation,≤100
126893748252841,American Firearms Association,American Firearms Coalition,≤100
2254455051442790,Flag and Cross,Flag & Cross,≤100
182723117043,Chicago Council on Global Affairs,CHICAGO COUNCIL ON GLOBAL AFFAI,≤100
50576707351,Republican State Leadership Committee,Republican State Leadership Committee,≤100
109352563640,Water.org,WATER.ORG INC.,≤100
108247581851552,Democracy Defense Fund,DEMOCRACY DEFENSE FUND,≤100
94595460445,Personal PAC,PERSONAL PAC INC,≤100
101224002310757,Seven Weeks Coffee,Seven Weeks Coffee,≤100
104908071917505,Welcome.us,Welcome.us,≤100
417709355647,The Lynde and Harry Bradley Foundation,"LYNDE AND HARRY BRADLEY FOUNDATION, INC., THE",≤100
176099663659,Armed Services YMCA,ARMED SERVICES YMCA OF THE USA,≤100
299295363912730,New Politics Leadership Academy,New Politics Leadership Academy,≤100
25121889784,Texas Public Policy Foundation,Texas Public Policy Foundation,≤100
124506846628,Agape International Missions,AGAPE INTERNATIONAL MISSIONS,≤100
169042736456594,All Out,All Out Action Fund.,≤100
35169196082,Project HOPE,"PROJECT HOPE-THE PEOPLE-TO-PEOPLE HEALTH FOUNDATION, INC.",≤100
48530203934,The American Alpine Club,"AMERICAN ALPINE CLUB, THE",≤100
110480728196620,Small Business Digital Alliance,Small Business Digital Alliance,≤100
101041998305221,The Proud Republicans,Tomer Barazani,≤100
290851614930809,Combat AntiSemitism,Combat Hate Foundation,≤100
8936818385,Accuracy in Media,Flo Communications,≤100
27461595703,Carbonfund,Carbonfund.org Foundation,≤100
883795848342468,Westbrook CT Democratic Town Committee,Westbrook Democratic Town Committee,≤100
130130503698358,Eastern European Mission,EASTERN EUROPEAN MISSION,≤100
109118211910879,Mr. 45,Green Straw LLC,≤100
203294399456,Public Interest Registry,Public Interest Registry,≤100
40217893542,AIPAC,American Israel Public Affairs Committee,≤100
93228695778,Tea Party Patriots,Tea Party Patriots,≤100
1050320055029012,Outrider Foundation,OUTRIDER FOUNDATION INC,≤100
101090559295696,TPUSA Faith,TURNING POINT USA NFP,≤100
542968069983885,HappeningNow,HappeningNow America,≤100
105120815642998,Partnership to Address Global Emissions,PARTNERSHIP TO ADDRESS GLOBAL EMISSIONS INC,≤100
109716011638325,Jane Fonda Climate PAC,JANE FONDA CLIMATE PAC,≤100
1581066988819381,Alums for Campus Fairness,Alums for Campus Fairness,≤100
497348647140658,Point Source Youth,Point Source Youth,≤100
104614641200137,MeidasTouch,MEIDASTOUCH,≤100
109749408609311,Proud Patriots USA,Proud Patriots USA,≤100
130945114804,World Jewish Congress,WORLD JEWISH CONGRESS AMERICAN SECTION INC,≤100
36474716066,Color Of Change,ColorofChange.org,≤100
292351509697,Jerusalem Prayer Team,Jerusalem Prayer Team,≤100
51405613519,Focus on the Family,Focus on the Family,≤100
100913694925880,"Akalan Law Firm, PLLC","Akalan Law Firm, PLLC",≤100
200650357207240,I Love My Freedom,I Love My Freedom,≤100
111306298500421,Julie Hartman,Salem Media Group,≤100
60182072999,Lila Rose,Live Action,≤100
105173311888160,Star and Bar,Star and Bar,≤100
63240625785,National Immigration Forum,NATIONAL IMMIGRATION FORUM,≤100
7191206138,ASPCA,ASPCA,≤100
113337660435521,Legal Action Network,These ads ran without a disclaimer,≤100
107661474402498,Liberty Eagle Apparel,United Patriot,≤100
28446275521,Military Officers Association of America (MOAA),Military Officers Association of America,≤100
116853658346802,Evangelical Environmental Network,EVANGELICAL ENVIRONMENTAL NETWORK,≤100
95135221781,Federal News Network,Hubbard Radio DC,≤100
71324717432,National Association of Scholars,NATIONAL ASSOCIATION OF SCHOLARS,≤100
100298938781,Robert Wood Johnson Foundation,THE ROBERT WOOD JOHNSON FOUNDATION,≤100
164966660351345,Hope Outfitters,Hope Outfitters,≤100
20225782952,LifeLock,These ads ran without a disclaimer,≤100
206238602739505,Taxpayers Protection Alliance,Taxpayers Protection Alliance,≤100
108266445888054,Patriot Academy,TORCH OF FREEDOM FOUNDATION,≤100
380884168648080,Population Research Institute,POPULATION RESEARCH INSTITUTE,≤100
125120044171675,"City of Lancaster, CA – Government","LANCASTER, CITY OF",≤100
78420171887,Sailors for the Sea,OCEANA INC,≤100
2070944712939738,American Police Officers Alliance,American Police Officers Alliance,≤100
59543893235,National Constitution Center,National Constitution Center,≤100
2321993584737314,The Markin Report,The Markin Report,≤100
1679603728947883,"Town of East Hartford, CT – Government",Town of East Hartford,≤100
936968016365794,The Eric Metaxas Radio Show,Salem Media,≤100
442553959494293,Center for Climate Integrity,Center for Climate Integrity,≤100
133937690180,Student Conservation Association,Student Conservation Association,≤100
116139428050914,The Retort Report,Todd James Peterson,≤100
608578919186659,World Vision International,WORLD VISION INTERNATIONAL,≤100
310925405807,Citizens Climate Lobby,Citizens' Climate Lobby,≤100
60865633726,Love Justice International,TINY HANDS INTERNATIONAL,≤100
102079592297532,Leftdiculous Card Game,"Right Entertainment, LLC",≤100
110468488981853,UNRWA USA,UNRWA USA,≤100
84645912778,Prosperity Now,PROSPERITY NOW,≤100
234142976633158,Wake Up World & Smell the Coffee,Edith Dume Lerner,≤100
108179361951729,Republican Patriots,Tomer Barazani,≤100
113496178208014,Protecting Our Democracy,Protecting Our Democracy,≤100
134307742932,The New York Landmarks Conservancy,NEW YORK LANDMARKS CONSERVANCY INC,≤100
102421369434228,Goose's News Daily,Justin Gustafson,≤100
505653766599222,America First with Dr. Sebastian Gorka,Salem Media,≤100
113341457791145,Voices for Healthy Green Spaces,Voices for Healthy Green Spaces,≤100
102579389208198,Country First Academy,Keep Country First Policy Action,≤100
102176712079037,Daily Floridian,Daily Floridian,≤100
1898234727131235,Reel America,BizPac Review,≤100
428330877769054,Ask Anything,Ask Anything,≤100
9785626650,Public Citizen,Public Citizen,≤100
101400032438085,The A-Mark Foundation,A MARK FOUNDATION,≤100
8895898655,Rainforest Alliance,"RAINFOREST ALLIANCE, INC.",≤100
104377641671195,Salem Podcast Network,Salem Media,≤100
105753898811449,Align Us,Align Us,≤100
96491683438,"The Friends of Israel Gospel Ministry, Inc.","FRIENDS OF ISRAEL GOSPEL MINISTRY, INC, THE",≤100
217187838327836,The Story Exchange,The Story Exchange Foundation,≤100
107716217248729,The Colour of Beautiful,URBAN POETIK MINISTRIES CORPORATION,≤100
117270568319993,NYSUT - A Union of Professionals,New York State United Teachers,≤100
123778085411,American Society of Radiologic Technologists,ASRT,≤100
162678203751209,Gilead Sciences,GILEAD SCIENCES INC,≤100
337038226473839,Trish Regan,"SALEM MEDIA GROUP, INC.",≤100
227674247386543,Schleich,These ads ran without a disclaimer,≤100
1731084720451495,Saprea,The Younique Foundation,≤100
999556810102061,Signature Seas,Signature Seas,≤100
279799525443906,HELPS Nonprofit,HELPS Nonprofit Law Firm,≤100
342887442508723,Convention of States,Convention of States Action,≤100
299016790922,Bobby Eberle,Bobby Eberle,≤100
105561217523274,The Dispatch,"Dispatch Media, Inc.",≤100
205795426669644,Facts and Logic about the Middle East,Facts and Logic About the Middle East,≤100
101626535691142,Tina Blum Cohen for U.S. House of Representatives Texas District 7,TINA BLUM COHEN FOR US HOUSE OF REPRESENTATIVES TEXAS DISTRICT 7,≤100
150984828444765,Chris McDaniel for Lt. Governor,Committee to Elect Chris McDaniel,≤100
1605970202751501,"Enfield Congregational, United Church of Christ",Thomas Gregory Thomas Gregory,≤100
100562019990818,U.S. Term Limits,U.S. Term Limits Inc.,≤100
1461359247295079,Daily-Choices,These ads ran without a disclaimer,≤100
132066233534659,Healthcare Education Project,Healthcare Education Project,≤100
102027764795677,American Wire,BizPac Review,≤100
18079407397,CPAC,AMERICAN CONSERVATIVE UNION,≤100
10234472029,Council on Foreign Relations,Council on Foreign Relations,≤100
508887815910815,BPR,BizPac Review,≤100
700941689954518,Defend Our Future,Defend Our Future,≤100
700806360047982,CFG Action,Club for Growth Action,≤100
109599248636777,Consumer Credit Card Protection Coalition,CONSUMER CREDIT CARD PROTECTION COALITION,≤100
85252863415,National Latina Institute for Reproductive Justice,NATIONAL LATINA INSTITUTE FOR REPRODUCTIVE HEALTH,≤100
105035598744025,State Street Research LLC,State Street Research LLC,≤100
114301413446447,The Climate Initiative,Kennebunkport Climate Initiative,≤100
102204903345,The Vilcek Foundation,"VILCEK FOUNDATION, INC., THE",≤100
116128215081925,ADL Education,ANTI-DEFAMATION LEAGUE,≤100
2015694278685641,Fox Nation,These ads ran without a disclaimer,≤100
106582384539447,Design for Freedom by Grace Farms,"GRACE FARMS FOUNDATION, INC.",≤100
167586229923327,World Food Program USA,World Food Program USA,≤100
345751305447288,Daugherty Water for Food Global Institute,Daugherty Water for Food Global Institute,≤100
18983389920,Open Society Foundations,Open Society Foundations,≤100
89336510798,American Friends of the Hebrew University,American Friends of Hebrew University,≤100
19420215926,CNSNews.com,MEDIA RESEARCH CENTER,≤100
252814820267,HIAS,HIAS,≤100
111464544881905,America First News,Tomer Barazani,≤100
162244692732,Brennan Center for Justice at NYU Law,"WILLIAM J. BRENNAN CENTER FOR JUSTICE, INC.",≤100
102486559194712,Private Equity Stakeholder Project,Climate Nexus - Rockefeller Philanthropy Advisors Sponsored Project,≤100
300992409852,Hoover Institution,Hoover Institution,≤100
221877564921566,Litchfield Democrats,Litchfield Democratic Town Committee,≤100
98828483195,Safe Horizon,Safe Horizon,≤100
287406281315655,California Nurses Association,California Nurses Association,≤100
210357995667559,The National Memo,The National Memo,≤100
1526736227567131,TrueCoverage,True Coverage,≤100
115195631833717,NAHREP The National Association of Hispanic Real Estate Professionals,NATIONAL ASSOCIATION OF HISPANIC REAL ESTATE PROFESSIONALS,≤100
130848666099,Business Forward,Business Forward Inc.,≤100
111333413863498,Freedom First Society,FREEDOM FIRST SOCIETY,≤100
18017481462,Acton Institute,Acton Institute,≤100
74783093812,Just Vision,JUST VISION INC,≤100
107014711872980,TUSK,"Virtual World Computing, LLC",≤100
343714718985673,Think Wood,Think Wood,≤100
103648802451237,Fair Courts America,Fair Courts America,≤100
119783268094729,OER Project,These ads ran without a disclaimer,≤100
40755480179,Students For Liberty,STUDENTS FOR LIBERTY INC,≤100
159937287765742,CityHealth,CityHealth,≤100
234873863355500,Yale Alumni Association,Yale Alumni Association,≤100
16534314739,Facing History and Ourselves,"FACING HISTORY AND OURSELVES NATIONAL FOUNDATION, INC.",≤100
169710960125365,Curzio Research,Curzio Research,≤100
106984788261107,argenxglobal,These ads ran without a disclaimer,≤100
487569614682924,CAPP USA,Yellow Line Productions LLC,≤100
271453369908901,FLAG  - Foundation for Liberty and American Greatness,Tomer Barazani,≤100
1653885501501009,Propeller,Propeller Enterprises,≤100
108537340548276,"Haiku, Inc.",Kyle Reyes,≤100
10606591490,TIME,TIME USA LLC,≤100
464998390249008,The Independence Fund,"INDEPENDENCE FUND, INC, THE",≤100
105745804689287,Athletes for Freedom Foundation,ATHLETES FOR FREEDOM FOUNDATION,≤100
552580508224925,Chan Zuckerberg Initiative,"CHAN ZUCKERBERG INITIATIVE, LLC",≤100
312657362217994,Women's Heart Alliance,Women's Heart Alliance,≤100
130234313704399,United We Dream,UNITED WE DREAM NETWORK INC,≤100
794490553914304,Dr. Nina Ansary,These ads ran without a disclaimer,≤100
262902450432,TeachKind,PEOPLE FOR ETHICAL TREATMENT OF ANIMALS INC,≤100
131023707236064,Applecart,Project Applecart LLC,≤100
91346559231,Democratic Legislative Campaign Committee - DLCC,Democratic Legislative Campaign Committee,≤100
304842759546695,Brooklyn Institute for Social Research,Brooklyn Institute for Social Research,≤100
524399207959953,Truth & Liberty Coalition,Truth & Liberty Coalition,≤100
15286367777,Healthcare Association of New York State,"Healthcare Association of New York State, Inc.",≤100
168876449866088,The Years Project,THE YEARS PROJECT,≤100
125937197447634,ACTA - American Council of Trustees and Alumni,AMERICAN COUNCIL OF TRUSTEES AND ALUMNI,≤100
1527263310925112,AVANGRID,"AVANGRID, INC.",≤100
830162603716633,Andy Beshear,Andy Beshear for Governor,≤100
1018654714824453,Maccabee Task Force,Maccabee Task Force Foundation,≤100
103546351703577,Dallas Express,Dallas Express Media,≤100
130268756992804,Yale Climate Connections,Yale Climate Connections,≤100
149607228384141,America Needs Fatima,"American Society for the Defense of Tradition, Family and Property",≤100
101691358819949,John K. Amanchukwu Sr.,"John Amanchukwu, Sr.",≤100
181924628560212,Ekō,Ekō,≤100
149745555082419,Pioneer Institute for Public Policy Research,"Pioneer Institute, Inc.",≤100
186291828074120,Drexel University,Drexel University,≤100
122791001191184,Colorado Office of Economic Development and International Trade,Colorado Office of Economic Development and International Trade,≤100
170491079663777,The Sentencing Project,"SENTENCING PROJECT INC, THE",≤100
589658204411894,Office of South Carolina Treasurer Curtis Loftis,Future Scholar. Administered by State Treasurer Curtis Loftis. Not paid for with state funds.,≤100
312208869424760,Field Team 6,Field Team 6,≤100
102047517918,The Commonwealth Fund,"COMMONWEALTH FUND, THE",≤100
163684173651518,SEIU Local 2015,SEIU LOCAL 2015,≤100
1443127535947107,Save the Children Action Network,Save the Children Action Network,≤100
101542998168377,Douglas Sadownick,These ads ran without a disclaimer,≤100
431019887282794,Tomorrow's World Today,Flying Cork,≤100
19972147679,SEIU,These ads ran without a disclaimer,≤100
238473269650980,Capital & Main,CAPITAL & MAIN,≤100
139034619493222,CUNY Citizenship Now,CUNY Citizenship Now!,≤100
291102898490822,Conservative Comedy Store,Conservative Comedy Store,≤100
170169493012341,The Fund for Global Human Rights,FUND FOR GLOBAL HUMAN RIGHTS,≤100
105416238669867,Searchconnect.net,These ads ran without a disclaimer,≤100
50513265848,Citizens United,Citizens United,≤100
128167457221813,Public Transportation,Voices for Public Transit,≤100
113768033675093,Greater New York Hospital Association,"GREATER NEW YORK HOSPITAL ASSOCIATION, INC",≤100
106300061200130,Assange Defense,People Power Initiatives,≤100
950685078464558,Center for a Humane Economy,Center For A Humane Economy,≤100
129353084077944,Maebe A. Girl,MAEBE A. GIRL FOR CONGRESS,≤100
110413484971344,The Frugal Saver,The Frugal Saver,≤100
403737406341879,National Women's Health Network,NATIONAL WOMENS HEALTH NETWORK,≤100
100700519593180,"Buck Nasty Media. Sports, culture, politics, and the Nasty Truth",Robert Mattox,≤100
8321461609,MomsRising.org,MomsRising Together,≤100
112114435501106,Hugh Hewitt,Salem Media,≤100
303374266418976,AFPM,American Fuel & Petrochemical Manufacturers,≤100
118283728182293,SEIU Healthcare IL & IN,SEIU Healthcare Illinois Indiana PAC,≤100
158505287559920,Save the Storks,Save the Storks,≤100
104092062075803,PBC Jolt,"Jolt Media, Inc.",≤100
1425435377743310,Conversations with Bill Kristol,FOUNDATION FOR CONSTITUTI,≤100
37442103053,ACLU of New Jersey,AMERICAN CIVIL LIBERTIES UNION OF NJ,≤100
250392878345035,The Focused Pastor,Focus on the Family,≤100
1546952572205770,UAE USA United,The Embassy of the United Arab Emirates,≤100
115742024767525,Liberty Solutions,Joshua Newmark,≤100
105060269781,Premiere Collectibles,"Premiere Marketing, Inc.",≤100
186977768011413,Ironworkers Rising,"International Association of Bridge, Structural, Ornamental, and Reinforcing Iron Workers",≤100
109710757964393,Pamela Boggess for Judge,Pamela Boggess Campaign,≤100
151894654697,Save Our States,Save Our States,≤100
494259170754224,Keeping IDentities Safe,KEEPING IDENTITIES SAFE,≤100
77130778113,Coalition for Medicare Choices,The Coalition for Medicare Choices,≤100
16900111951,National Organization for Women (NOW),NATIONAL ORGANIZATION FOR WOMEN,≤100
192738164073627,A Better Balance,A Better Balance,≤100
108028728590880,CTLPod,POPULATION MEDIA CENTER INC,≤100
348104422491159,UNDIVIDED,UNDIVIDED,≤100
105861441295494,97Percent,97PERCENT ORG INC,≤100
114226275387369,republicEn,republicEn,≤100
105821059090461,Working Families for Chicago,Working Families for Chicago,≤100
12357407443,American Friends Service Committee,AMERICAN FRIENDS SERVICE COMMITTEE,≤100
1021724717913869,Bantam Communications,Bantam Communications,≤100
269348454714,IMB,"INTERNATIONAL MISSION BOARD OF THE SOUTHERN BAPTIST CONVENTION, THE",≤100
112735922758892,Charlie Kirk,Salem Media Group,≤100
250852758452201,Becca Balint for Congress,Becca for Vermont,≤100
100682452573500,Echo Stories,These ads ran without a disclaimer,≤100
102757624532911,NYC Mayor's Public Engagement Unit,City of New York,≤100
101761126009518,Patriotic Army,Tomer Barazani,≤100
12503116997,Dennis Prager,Salem Media,≤100
8550121410,Free Speech America Project,MEDIA RESEARCH CENTER,≤100
138354569532939,"Tradition, Family, Property - TFP","American Society for the Defense of Tradition, Family and Property",≤100
49275915266,MSI Reproductive Choices,MSI-US,≤100
248262725706461,Power The Future,Power The Future Inc,≤100
251734676525,Kevin Cramer,CRAMER FOR SENATE,≤100
513695272011123,The Genesis Prize,GPF NA LLC,≤100
138276702894458,Right On Crime,Texas Public Policy Foundation,≤100
138492335404,Scott Walker,FORWARD USA FEDERAL POLITICAL ACTION COMMITTEE,≤100
101674425989138,MIT Economics Survey on Climate Change,"MIT Climate Change Survey, MIT Department of Economics",≤100
109038822049737,The Yonkers Ledger,Yonkers Ledger Incorporated,≤100
259351004139042,Ashbrook Center,Ashbrook Center,≤100
90209763480,The Federalist Society,The Federalist Society,≤100
102075811887387,Chocolate.com - Images,These ads ran without a disclaimer,≤100
97624620788,American Friends of Magen David Adom,AMERICAN FRIENDS OF MAGEN DAVID ADOM,≤100
9364828262,Citizens Against Government Waste,CITIZENS AGAINST GOVERNMENT WASTE,≤100
1359505927455440,Global Health NOW,Johns Hopkins Bloomberg School of Public Health,≤100
106715055591359,David Imamura for County Legislator,David Imamura for County Legislator,≤100
101930385197156,Alianza Center,"Alianza Center, Inc.",≤100
6333396177,NewsBusters.org,MEDIA RESEARCH CENTER,≤100
104377518078467,More Perfect Union,MORE PERFECT UNION FOUNDATION,≤100
129255907131113,NumbersUSA,NUMBERSUSA EDUCATION AND RESEARCH FOUNDATION,≤100
710460605705480,Dugit Outreach Center,Dugit Messianic Outreach Center,≤100
499379343409991,Impact Fund,"IMPACT FUND, THE",≤100
2602473023098666,Democratic Polling Center,Democratic Governors Association,≤100
107645227592678,To Which We Belong,Mystic Artists,≤100
143173285763,Tenth Amendment Center,Tenth Amendment Center,≤100
67945990059,The American Petroleum Institute,The American Petroleum Institute,≤100
103328515934791,Take Back 2024,The Blue State Conservative,≤100
11111618026,Union of Concerned Scientists,"UNION OF CONCERNED SCIENTISTS, INC.",≤100
875653915822271,Dream.Org,Dream.Org,≤100
108731490859583,America's Work Force Union Podcast,"Bortini Management Associates, Inc.",≤100
182410241857768,Get Back Up Today,These ads ran without a disclaimer,≤100
82106496620,AARP New York,AARP,≤100
69717994787,buildOn,BUILDON INC,≤100
173470656019870,The Daily Yonder,CENTER FOR RURAL STRATEGIES,≤100
102420431749179,Raging Americans,Tomer Barazani,≤100
503499229999618,Serena Gonzales-Gutierrez,Serena for Denver,≤100
190198574334684,FHE Health,THE FLORIDA HOUSE EXPERIENCE M,≤100
199891603386344,Common Ground Committee,Common Ground Committee,≤100
154930410085,"Zion Oil and Gas, Inc.","Zion OIl & Gas, Inc.",≤100
100184235633007,Summit Carbon Solutions,"Summit Carbon Solutions, LLC",≤100
39910576365,National Alliance for Public Charter Schools,NATIONAL ALLIANCE FOR PUBLIC CHARTER SCHOOLS,≤100
903512083029207,Verena Cordeiro,These ads ran without a disclaimer,≤100
1553978148244954,Build With Strength,Build With Strength,≤100
1559869170796821,Team Nubian,These ads ran without a disclaimer,≤100
101791315693,Destiny Rescue,"Destiny Rescue International, Inc.",≤100
112754121658768,Speechify Audiobooks,These ads ran without a disclaimer,≤100
102142101657930,OurFight.online,Our Fight Inc,≤100
101103254533,SOS International,SOS International,≤100
47710973068,Voices for Cooperative Power,Voices for Cooperative Power,≤100
107925603976843,Protect App-Based Drivers and Services,Protect App-Based Drivers and Services,≤100
121750354532995,Yale Program on Climate Change Communication,Yale Program on Climate Change Communication,≤100
104134582247672,Anthony D'Esposito,DESPOSITO FOR NEW YORK,≤100
227535924071462,Animal Petitions,AnimalPetitions.org,≤100
105599502191866,Florida Jolt,"Jolt Media, Inc.",≤100
192609620649,The University of Chicago,The University of Chicago,≤100
220538341415523,The Satanic Temple,The Satanic Temple,≤100
110316380149,Family Policy Alliance,Family Policy Alliance,≤100
300341323465160,The Daily Signal,HERITAGE FOUNDATION (THE),≤100
150322194563,PASA Primates: Pan African Sanctuary Alliance,PAN AFRICAN SANCTUARIES ALLIANCE,≤100
208551063368,Dominican Friars of the Province of Saint Joseph,DOMINICAN FOUNDATION,≤100
103426858855557,Eyes That Speak by Christy Bowe,Gilbert Lunsford Jr Eugene,≤100
105788460873,Southwest Florida Water Management District,Southwest Florida Water Management District,≤100
23852173291,Community Environmental Council (CEC),COMMUNITY ENVIRONMENTAL COUNCIL,≤100
124336306355,Pew Research Center,PEW RESEARCH CENTER,≤100
97466887664,Innocence Project,"INNOCENCE PROJECT, INC., THE",≤100
19992349706,Taxpayers for Common Sense,TAXPAYERS FOR COMMON SENSE,≤100
156496968533805,Explore Beyond,NCTA - The Internet & Television Association,≤100
40102638699,J Street,J STREET INC,≤100
915656035153394,Oceanites,OCEANITES INC,≤100
103867445930527,"Shayne Singleton - Candidate for Board of Alderman in Wentzville, MO.",Singleton Campaign,≤100
162069790604,AARP Arizona,AARP,≤100
105652832443066,Carbon Titans,CARBON TITANS LLC,≤100
227594571444676,Building New York's Best,Carpenter Contractor Alliance of Metropolitan New York,≤100
58158120046,ACLJ,American Center for Law and Justice,≤100
74133834464,Communities In Schools,These ads ran without a disclaimer,≤100
30618466815,Pacific Legal Foundation,Pacific Legal Foundation,≤100
1444820465547227,Rank the Vote,Rank the Vote,≤100
896759427103774,Modern Medicaid Alliance,Modern Medicaid Alliance,≤100
220873174076,Animal Equality,ANIMAL EQUALITY,≤100
1759614564297707,MIT Climate,MIT Environmental Solutions Initiative,≤100
59254639983,Boston Medical Center,BOSTON MEDICAL CENTER,≤100
11602044174,Independent Women's Forum,Independent Women's Forum,≤100
14660729657,The Christian Science Monitor,These ads ran without a disclaimer,≤100
142474049098533,Robert Reich,Inequality Media Civic Action,≤100
506101152803296,Jay Heritage Center,These ads ran without a disclaimer,≤100
169668596476550,AFSCME en Español,AMERICAN FEDERATION OF STATE COUNTY & MUNICIPAL EMPLOYEES,≤100
594519783957655,Citizens for National Security,Citizens For National Security,≤100
24481937944,Theodore Roosevelt Conservation Partnership,"THEODORE ROOSEVELT CONSERVATION PARTNERSHIP, INC",≤100
234744096655497,Alliance For Early Success,Alliance for Early Success,≤100
381280648241,Wake Forest Center for the Study of Capitalism,Wake Forest Center for the Study of Capitalism,≤100
214061167976,El Tiempo Latino,MASTV EL PLANETA LLC,≤100
211650575617316,KAT Centre,KAT US INC,≤100
102712325850529,Libratum Press,Libratum Press LLC,≤100
142932506806,Texas Alliance for Life,"Texas Alliance for Life, Inc.",≤100
104834210883,The Story of Stuff Project,The Story of Stuff Project,≤100
323725548525314,ECOccasion,Ecoccasion,≤100
101069505589,American Association of Pro Life OB/GYNS,AAPLOG,≤100
170126260000702,Western Journal US News,The Western Journal,≤100
346612865750115,Korea Defense Veterans Association,Korea Defense Veterans Association,≤100
17414523278,Democracy Now!,DEMOCRACY NOW,≤100
103948701221001,Pro-Life Flag Project,Pro-Life Flag Project,≤100
100123286264769,Tanner DiBella,American Council for Evangelicals,≤100
117348464962280,Living on Earth,These ads ran without a disclaimer,≤100
82609311925,GreenLatinos,GreenLatinos,≤100
647380495652111,The Oxygen Project,Oxygen Short Inc,≤100
100710759119069,Blue Planet Ecosystem,Blue Planet Ecosystem,≤100
399060493533519,The Justice Foundation,JUSTICE FOUNDATION,≤100
102252122442327,House On Fire,The CLEO Institute,≤100
104821105571303,Danny Becton for Duval County Property Appraiser,"Danny Becton, Republican, for Duval County Property Appraiser",≤100
106189002368830,Mike Wilkie For St Marys City Council,Michael Glenn Wilkie,≤100
101377889168483,Gumbo Limbo Coastal Stewards,"Gumbo Limbo Coastal Stewards, Inc.",≤100
29423827874,Proclaiming Justice to the Nations,PROCLAIMING JUSTICE TO THE NATIONS INC,≤100
122671561263552,Committee for Better Banks,"COMMUNICATIONS WORKERS OF AMERICA, AFL-CIO, CLC",≤100
64206021703,National Committee to Preserve Social Security and Medicare,NATIONAL COMMITTE TO PRESERVE SOCIAL SECURITY AND MEDICARE,≤100
29727753421,New Jersey Education Association,NEW JERSEY EDUCATION ASSOCIATION,≤100
598997096888503,Abramorama,These ads ran without a disclaimer,≤100
100692068471118,Explain America,Apse Media LLC,≤100
673667436317733,Texas Consumer Association,Texas Consumer Association,≤100
482100658584410,We Stand For Energy,"EDISON ELECTRIC INSTITUTE, INC.",≤100
136319820561312,Erika Yalowitz for Virginia State Senate,Erika for Virginia,≤100
104479311225240,Your Lovable Lawyer,These ads ran without a disclaimer,≤100
41093998634,The Christian Post,These ads ran without a disclaimer,≤100
101350839190816,Macro Conservative,Macro Conservative,≤100
96286403078,iHeartDogs.com,HomeLife Media,≤100
143063095713907,Hep,"CDM PUBLISHING, LLC",≤100
43853729859,Campaigns & Elections,Political World Communications,≤100
87377228013,Side with Love,UNITARIAN UNIVERSALIST ASSOCIATION,≤100
924098007641423,Guardian Labs,These ads ran without a disclaimer,≤100
1449073545419430,The Lone Liberal Republican,Arthur Winter,≤100
105858001496295,Mattie Parker for Fort Worth Mayor,Mattie Parker For Mayor Campaign,≤100
107310358783,Global Zero,GLOBAL ZERO,≤100
5593944035,Competitive Enterprise Institute,COMPETITIVE ENTERPRISE INSTITUTE,≤100
137536815395,Crystal Blanton,These ads ran without a disclaimer,≤100
109526232935380,Synthisophy,Synthisophy,≤100
174998999194943,NALC Truth Page,David Watson Noble,≤100
101292045857358,The Party of the Second Amendment,James Frett,≤100
2099448153445994,Students for Life Action,Students for Life Action,≤100
539618616234937,GateWay Second Chance Foundation,GateWay Second Chance Foundation,≤100
307930162724,California Faculty Association,California Faculty Association,≤100
36085812354,Rainforest Foundation US,"Rainforest Foundation, Inc.",≤100
163662804426854,Life Advancement Group,LIFE ADVANCEMENT GROUP,≤100
183472861249,Point Foundation,Point Foundation,≤100
6954880804,Green America,GREEN AMERICA,≤100
497949630282962,Retirement Specialty Group,Retirement Specialty Group,≤100
103381269276717,Votedog2024,Votedog2024,≤100
106058025408954,Do No Harm Medicine,Do No Harm,≤100
136362309708243,Restaurant Opportunities Centers United (ROC United),"RESTAURANT OPPORTUNITIES CENTERS (ROC) UNITED, INC.",≤100
443329669123990,USAFacts,These ads ran without a disclaimer,≤100
221401431386940,Pramila Jayapal,PRAMILA FOR CONGRESS,≤100
107396738937463,Sanity For America,Louis Arocho,≤100
109715331987710,Prue for Lake Forest,Prue for Lake Forest,≤100
19774119425,Habitat for Humanity,Habitat for Humanity International,≤100
101239962270235,Bright Future Iowa,Bright Future Iowa,≤100
102579112455934,Making The Leap Podcast,Stanley M. Herzog Charitable Foundation,≤100
44164653347,Safer States,Safer States,≤100
14960614435,Ben Jealous,Gilbert Lunsford Jr Eugene,≤100
103047259150209,What I Want to Know with Kevin P. Chavous,"Stride, Inc.",≤100
160630887998827,Let Them Live,Let Them Live,≤100
529063607264758,Indigo Ag,These ads ran without a disclaimer,≤100
9423488774,American Clean Power Association,AMERICAN CLEAN POWER ASSOCIATION,≤100
108946708355033,usualxsuspect,These ads ran without a disclaimer,≤100
610264146298573,The American Council,The American Council for Evangelicals,≤100
107766235181961,The Nunn Report,The Nunn Report,≤100
140155342671005,Sempervirens Fund,SEMPERVIRENS FUND,≤100
658879504288370,Choose Life Marketing,Choose Life Marketing,≤100
70795936969,Children International,CHILDREN INTERNATIONAL,≤100
109366181861530,President Trump is My Wingman,Jason Donald Robertson,≤100
109475211795252,Freedom From The Press,Michael Scott Hughes,≤100
22157042654,TheatreWorks Silicon Valley,TheatreWorks Silicon Valley,≤100
307577909645,Elizabeth River Project,ELIZABETH RIVER PROJECT,≤100
9324910069,NRSC,NRSC,≤100
93534862768,Georgia Conservation Voters,Georgia Conservation Voters,≤100
302103665493,Catholic Charities of New York,Catholic Charities Archdiocese of New York,≤100
112364384923739,"McCaskill for Mayor Harvey, IL 60426",Friends of Anthony L McCaskill,≤100
102089225507692,Dr. Bob Lorinser,FRIENDS OF DR BOB,≤100
106333152164020,United24 Media,United24,≤100
178700205665083,FamilyLife Blended,CAMPUS CRUSADE FOR CHRIST INC,≤100
1223818144299403,DFRLab,"ATLANTIC COUNCIL OF THE UNITED STATES, INC. (THE)",≤100
100798399617825,Jude Sincoskie For Sanibel City Council,Jude Sincoskie for Sanibel City Council,≤100
106507979018667,Patti Thanos for Orland District 135 Board of Education,Patricia B Thanos,≤100
401240226922554,VoLo Foundation,VoLo Foundation,≤100
120601996294661,The Geysers,The Geysers - A wholly owned subsidiary of Calpine Corporation,≤100
104099074492299,Derrick Van Orden,VAN ORDEN FOR CONGRESS,≤100
2282192471851540,CHIP NYC,Community Housing Improvement Program,≤100
1196196390526965,Facebook Surveys,These ads ran without a disclaimer,≤100
454521561557159,Reckon,These ads ran without a disclaimer,≤100
104320435875702,Veticare Insurance,Veticare Insurance LLC,≤100
103828241312020,Sarasota County Democratic Jewish Caucus,Sarasota County Democratic Party Jewish Caucus,≤100
114307901581467,Families for Affordable Food,Families for Affordable Food,≤100
65538457518,The Village Square,TO THE VILLAGE SQUARE INC,≤100
108637775120481,vitaminamy,These ads ran without a disclaimer,≤100
111833201704,Faith and Freedom Coalition,Faith & Freedom Coalition,≤100
119711458659611,Restore Health,These ads ran without a disclaimer,≤100
327853590558653,"Agri-Pulse Communications, Inc.","AGRI-PULSE COMMUNICATIONS, INC.",≤100
2152371365037033,Aliados Adelante,AARP,≤100
193861605858,Buffalo Field Campaign,BUFFALO FIELD CAMPAIGN,≤100
112425184542774,Kevin Robinson For Phoenix City Council,Kevin Robinson For Phoenix City Council District 6. Authorized by Kevin Robinson.,≤100
106862204671108,The Deplorable Americans,Justin Gustafson,≤100
338218229911752,Integrity First PAC,INTEGRITY FIRST PAC,≤100
240914282958205,Rob Long for Delray Beach City Commission Seat 2,Rob Long for City Commission,≤100
107119637688502,Western Justice,Western Justice Legislative Fund,≤100
761930047342763,Catholic Conference of Oklahoma,Catholic Conference of Oklahoma INC,≤100
106426150767053,"Angela Burns for Delray Beach City Commission, Seat 4",Angela Burns for City Commission,≤100
409590122888732,Connecticut Local News - News Break,These ads ran without a disclaimer,≤100
2168484930102843,EJ Moonshot,EJ Creations LLC,≤100
101437432582765,The Center for Infrastructure and Economic Development,Center for Infrastructure and Economic Development Inc.,≤100
110427588564584,whatsupcv,whatsupcv llc,≤100
1399099193667071,WP Creative Group,These ads ran without a disclaimer,≤100
108512875350,The Atlas Society,The Objectivist Center Ltd,≤100
17382403969,"The Lesbian, Gay, Bisexual & Transgender Community Center","LESBIAN & GAY COMMUNITY SERVICES CENTER, INC.",≤100
143981748956175,Rural Assembly,Rural Assembly,≤100
111213355160155,United States Liberty,United States Liberty,≤100
103575659314424,Casper for Council,Blake J Casper Campaign,≤100
102596355656379,Red Wave News Updates,Michael Scott Hughes,≤100
108503659576,National Coalition for Public School Options,National Coalition for Public School Options,≤100
107326878275017,National Pretrial,National Pretrial,≤100
7035457015,Brave New Films,BRAVE NEW FOUNDATION 501(C)(3),≤100
112897365044685,Mark Greer for Mayor,Friends of Mark Greer,≤100
276076196388914,Coffee & Pan Dulce Show,Coffee & Pan Dulce Show,≤100
128288676833,Rocky Mountain Elk Foundation,"ROCKY MOUNTAIN ELK FOUNDATION, INC.",≤100
41093998634,The Christian Post,The Christian Post,≤100
126815818975,Global Fund for Children,GLOBAL FUND FOR CHILDREN (THE),≤100
105146514184166,RISE INDY,RISE INDY PAC,≤100
110831838562715,James Peewee Craig Supervisor District 2 2023,James Patrick Craig,≤100
137662367278,League of Women Voters of the US,LEAGUE OF WOMEN VOTERS OF THE UNITED STATES,≤100
6558353050,Illinois Alumni,These ads ran without a disclaimer,≤100
105348224679358,The Don't Unfriend Me Show,DONT UNFRIEND ME,≤100
104178315156683,Blue Perigon Digital,Blue Perigon Digital,≤100
159422384079137,UCSB Interdisciplinary Humanities Center,UCSB Interdisciplinary Humanities Center,≤100
106012960870435,Wall Street Rebel,These ads ran without a disclaimer,≤100
1663301430650007,Michael Kimelman,"Dekryption, LLC",≤100
102784342640570,Better Nation Guide,Hot Review Products,≤100
1811054522463877,Michelle Atkinson for Medford School Board,Michelle Atkinson for Medford School Board,≤100
425677887526239,NYSERDA,NYSERDA,≤100
12185972707,350.org,350 ORG,≤100
10897453188,Operation Mobilization - OM USA,"OPERATION MOBILIZATION USA, INC.",≤100
104355145867842,"Yes on Z: Great Teachers, Great Orinda Schools",Orinda Community for Excellent Schools Yes on Z,≤100
110010433804232,Standing For Freedom Center,Standing for Freedom Center,≤100
110052089025541,"Tim Clue, Speaker and Comedian",Tim Clue,≤100
148439128199,Massachusetts Down Syndrome Congress (MDSC),MA DOWN SYNDROME CONGRESS,≤100
103433804692809,Law Offices of James S. Hong & Associates,Law Offices of James S. Hong,≤100
103744092617832,Repatriots,Khairock Digital AI In,≤100
451945511677873,Coconut Bowls,These ads ran without a disclaimer,≤100
110314058492565,Rep. Pat Ryan,Representative Pat Ryan,≤100
254943996005,Catholic Answers,"CATHOLIC ANSWERS, INC.",≤100
101581329115492,Freedom Street,Jason Donald Robertson,≤100
114128055303516,ProgressNow New Mexico,ProgressNow New Mexico,≤100
160256933988781,National Black Cultural Information Trust,Our Legaci Press,≤100
268868046463126,Beacon Center of Tennessee,BEACON CENTER OF TENNESSEE,≤100
832398280203517,Republican Party of South Florida - SWBRO,Republican Party of South Florida SWBRO,≤100
50714237985,The Rutherford Institute,RUTHERFORD INSTITUTE,≤100
208876186220,Great Transition Initiative,"TELLUS INSTITUTE, INC.",≤100
100541212886660,Veganography,These ads ran without a disclaimer,≤100
102254715563026,Paula Avila-Guillen,Women's Equality Center,≤100
112912573793125,Rise Up for Justice,Avrom L Altman,≤100
473191156175163,EDF Action,Environmental Defense Action Fund,≤100
102658018862855,Salem News Channel,Salem Media Group,≤100
122894447754361,Institute for New Economic Thinking,"INSTITUTE FOR NEW ECONOMIC THINKING, THE",≤100
223922031074790,The Abortion Survivors Network,The Abortion Survivors Network,≤100
678363045674180,Florida Realtors PAC,Realtors® Political Advocacy Committee,≤100
126053105675,Save the Redwoods League,Save The Redwoods League,≤100
179610235833,City of Charlotte Government,City of Charlotte,≤100
64974200999,America-Israel Friendship League,AMERICA-ISRAEL FRIENDSHIP LEAGUE,≤100
1832245947018802,Chris Rose for US Senate - WV,ROSE FOR WEST VIRGINIA,≤100
257555958952,American University of the Caribbean School of Medicine,American University of the Caribbean School of Medicine,≤100
101769576791,Health Action Network,Health Action Network,≤100
117214891638398,Street Grace,Street Grace Inc,≤100
38236386996,LSU Press,LSU Press,≤100
122742807774775,Municipal Water District of Orange County,Municipal Water District of Orange County,≤100
103885799225717,Liberty Protector,Liberty Protector,≤100
607339103061292,Jody Owens Hinds County District Attorney,Friends of Jody Owens,≤100
101393349503381,Economic Sentinel,"EconomicSentinel.com, LLC",≤100
272716539512166,Cycle for the Cause,"LESBIAN & GAY COMMUNITY SERVICES CENTER, INC.",≤100
795162290631372,Citrus Pregnancy Center,LIFE CHOICE CARE CENTER INC,≤100
164049599660,Catholic Relief Services en español,CATHOLIC RELIEF SERVICES,≤100
764759586941054,UCB,These ads ran without a disclaimer,≤100
73234973898,Stages,Stages,≤100
216052228433696,Arcus Foundation LGBTQ Social Justice,ARCUS FOUNDATION,≤100
926608980790166,Chesterfield Township Democrats,Chesterfield Township Democrats,≤100
102044622753692,American Potential Podcast,AMERICANS FOR PROSPERITY,≤100
1949064322040283,Principles,"Principles, LLC",≤100
110170005258857,Klicked Digital,DeDonato Enterprises,≤100
28915909437,American Veterinary Medical Association Congressional Advocacy Network,AMERICAN VETERINARY MEDICAL ASSOCIATION,≤100
506680536015406,HumanProgress.org,"CATO INSTITUTE, INC.",≤100
119216091518705,Protect The Harvest,Karen Elizabeth Glueck,≤100
106160454878601,Alex Bucelo for Coral Gables Commission,Alex Bucelo Campaign,≤100
111044621745187,Liberty News,William Gordan Tanner,≤100
102616019340799,"Aimee Kelley for Boynton Beach City Commission, District 4",Aimee Kelley for Boynton Beach City Commission,≤100
110094158160834,The American Tribune,Michael Scott Hughes,≤100
653918824803452,WCS Newsroom,Wildlife Conservation Society,≤100
199010435394,Turtle Island Restoration Network,Turtle Island Restoration Network,≤100
212677670907,American Constitution Society,AMERICAN CONSTITUTION SOCIETY,≤100
226830347447361,NordVPN,These ads ran without a disclaimer,≤100
103639379254898,Building a Better Economy,Building a Better Economy PC,≤100
11024050756,Bioneers,Bioneers,≤100
115856618521532,Great Lakes Now,DETROIT EDUCATIONAL TELEVISION FOUNDATION,≤100
106568024842114,Rideshare Assault Support,Injury Match,≤100
235398367137204,Aida Flores,Aida Flores,≤100
773432316041673,Calvary South Austin,Calvary South Austin,≤100
104247599619628,Paperwater,These ads ran without a disclaimer,≤100
243498882520314,FoodFinder,"FOODFINDER, INC.",≤100
104660195062596,Gen Z Conservative,William Gordan Tanner,≤100
81755908577,Kids in Need of Defense (KIND),"KIND, Inc.",≤100
710669049286394,Woo the People,Woo the People,≤100
103517308361597,TakeCharge,Take Charge Minnesota,≤100
224684514243482,Tom Cotton,"COTTON FOR SENATE, INC.",≤100
698400060189827,Dan Sullivan,Alaskans for Sullivan,≤100
1353722684643583,EPF Media,EPF Media,≤100
143784945647421,Death with Dignity,DEATH WITH DIGNITY NATIONAL CENTER,≤100
128967667298112,Math4cure,Karen Beth Young,≤100
109284291894484,American News Stories,William Gordan Tanner,≤100
138434734461,CIIS Public Programs,CIIS Public Programs,≤100
100221986153813,Lou's Daily News,Michael Scott Hughes,≤100
110724264951914,___hardin___,These ads ran without a disclaimer,≤100
895720774159876,Colquitt County Republican Party,Republican Party Colquitt County,≤100
103338614839717,Peter S. Wenz,Peter S. Wenz,≤100
689547608156721,The Burial Solution,The Burial Solution,≤100
107356708329311,Conservative News Stories,William Gordan Tanner,≤100
512954815727434,Jake Ellzey,JAKE ELLZEY FOR CONGRESS,≤100
174179219354091,Udacity,These ads ran without a disclaimer,≤100
839158786226886,Two Party Opera,Brian Thomas Carroll,≤100
1448985902033866,Trans Lifeline,Trans Lifeline,≤100
554518314571405,Mass Retirees,"Retired State, County and Municipal Employees Association of Massachusetts",≤100
104916968538177,TIS 이주공사,TIS VISA CORPORATION,≤100
111904024679959,Bold Majority,BOLD MAJORITY PAC,≤100
452797224923658,The Democratic Coalition,THE DEMOCRATIC COALITION,≤100
273546779885377,The Gallant Pelham,"delupton, LLC",≤100
503699929651019,Washington Times Opinion,Washington Times,≤100
100357348516487,States United Democracy Center,States United Democracy Center Inc.,≤100
109167948622194,Ed Bannon for 38,Friends of Ed Bannon,≤100
424443217623488,Clarion Project,"CLARION PROJECT, INC.",≤100
191199947570555,Michigan AFL-CIO,Michigan AFL-CIO,≤100
109031318770907,Joanna Weiss for Congress,Joanna Weiss for Congress,≤100
161107820658032,La Red Hispana,"HISPANIC COMMUNICATIONS NETWORK, LLC",≤100
280251328757956,Xavier Law Firm,Xavier Law Firm,≤100
96935476345,Democratic Governors Association (DGA),Democratic Governors Association,≤100
102230249080409,Freedom First,Jason Donald Robertson,≤100
711478725532801,Civiqs,Civiqs,≤100
649662278486235,Stand For Trees,Stand For Trees,≤100
100653549442327,League of Women Voters Martin County,League of Women Voters Martin County,≤100
118231994497054,Tommy4PISD • Tommy Van Wolfe for Prosper ISD School Board - Place 5,"Tommy4PISD - Tommy Van Wolfe for Prosper ISD School Board, Place 5",≤100
723394465079640,The Lion,Stanley M. Herzog Charitable Foundation,≤100
7515233409,"Mikey Weinstein, MRFF",MILITARY RELIGIOUS FREEDOM FOUNDATION,≤100
349528025129958,"Brevard County Sheriff's Office, Florida (Official)",Robert Wayne Ivey,≤100
373235096030149,California Biotech Foundation,California Biotech Foundation,≤100
1443878795835012,Personal Care Products Council,These ads ran without a disclaimer,≤100
270826723039149,The Coalition to Protect Americas National Parks,"COALITION OF NATIONAL PARK SERVICE RETIREES, INC.",≤100
273823172633650,Foundation for Government Accountability,The Foundation for Government Accountability,≤100
113040395040856,2A Tee Party,These ads ran without a disclaimer,≤100
110068881944540,Clarence Cox for Sheriff,Friends of Clarence Cox,≤100
147126507164,ACTwireless,ACTwireless,≤100
449532451834913,Fishers Finery,Fishers Finery,≤100
106959920878115,The Well Done Foundation,"WELL DONE FOUNDATION, INC.",≤100
110448240540370,Rainbow of Hope Texas,These ads ran without a disclaimer,≤100
108108121456950,Blue States PAC,BLUE STATES PAC,≤100
50498162578,Legal Aid Justice Center,Legal Aid Justice Center,≤100
100416560012896,Friends of the Everglades,FRIENDS OF THE EVERGLADES INC,≤100
100607179026941,Of Thee I Sing 1776,Harold Gershowitz,≤100
127668823933246,The NewDEAL,NEWDEAL,≤100
1586243961681194,Kings & Generals,These ads ran without a disclaimer,≤100
100846459372363,Loyalty Gear LLC,These ads ran without a disclaimer,≤100
337323319689579,Wild Farm Alliance,WILD FARM ALLIANCE,≤100
2007361039550045,"Center for Free, Fair, and Accountable Democracy","CENTER FOR FREE, FAIR, AND ACCOUNTABLE DEMOCRACY, INC.",≤100
111602851812461,Dr. BCW - Beyond Clinical Walls,These ads ran without a disclaimer,≤100
568103006940639,Law Office of Gary J. Kim,Law Offices of Gary J. Kim,≤100
109199781349570,Entertainment Twist,These ads ran without a disclaimer,≤100
100637631678746,Conservative News Daily,Conservative News Daily,≤100
747783932079184,Jared Golden for Congress,COMMITTEE TO ELECT JARED GOLDEN,≤100
258186881053838,Dave Yarnes,Dave Yarnes,≤100
100124709108034,Patriot One News,Matt Clark Agency,≤100
296451777564823,Indiana Environmental Reporter,Indiana Environmental Reporter,≤100
106714686034838,LiberalViewer,Allen Asch,≤100
111265763982792,Austin Arthur of West Orange,Austin Arthur,≤100
328421240138,Rachel Barnhart,Barnhart for County Legislature,≤100
101586078357081,Peter Demos,Peter Demos,≤100
107142265621370,Arizona Recap,SINEMA FOR ARIZONA,≤100
1470151473238140,Save the Boundary Waters,Northeastern MInnesotans for Wilderness,≤100
1165122570296957,Phoenix Zones Initiative,Phoenix Zones Initiative,≤100
22560886676,Ché Ahn,Che Ahn Ministries,≤100
1720878078241107,Conservative Move,Conservative Move,≤100
291838961553129,Louisiana Secretary of State Kyle Ardoin,Kyle Ardoin Campaign,≤100
100978046207814,Ryan Chamberlin for State House District 24 - Florida,Ryan Chamberlin Campaign,≤100
187713745097888,Save the Alamo,Save The Alamo Committee,≤100
993294760683044,Education Reform Now,EDUCATION REFORM NOW ADVOCACY INC,≤100
372799605421,DeSmog,DeSmog,≤100
112019855107729,Holt Persinger for State House,Holt Persinger for State House,≤100
1883837055193241,Shield Republic,Shield Republic,≤100
109450205366582,The American Advisory,The American Advisor,≤100
133753583953215,American History in 90 Minutes - The Common-Sense Guide to U.S. History,American History in 90 Minutes,≤100
1658498144427540,Redeemer Church of South Hills,Redeemer Church of South HIlls,≤100
1428755447227803,Defend The Second,Next Level Goods,≤100
294508332028,Lakota People's Law Project,ROMERO INSTITUTE,≤100
101808226125075,Yes on A for Quality Novato Schools,Yes for Novato Schools,≤100
56431624743,Ceres,Ceres,≤100
115809944767306,The glam pharmacy YouTube,These ads ran without a disclaimer,≤100
106137965200119,Indian River News,"Indian River News, LLC",≤100
149948038378989,Congregation Beit Simchat Torah - CBST,Congregation Beit Simchat Torah (CBST),≤100
194354700701808,Rep. Andrew Farmer,Friends of Andrew Farmer,≤100
102065992732608,PA Leaders Action Fund,PA Leaders Action Fund,≤100
204295565648,Representative Jason Fischer,Jason Fischer Campaign,≤100
83960796709,Institute for Southern Studies,INSTITUTE FOR SOUTHERN STUDIES INC,≤100
105721882460779,svitlomary,These ads ran without a disclaimer,≤100
240425642652222,South Florida Wildlands Association,South Florida Wildlands Association,≤100
118178241651488,DSPolitical,"DSPolitical, LLC",≤100
249467225254927,The Love > hate Project,LOVE GREATER THAN HATE PROJECT,≤100
107010494015560,Virginians for Clean Energy,270 Strategies,≤100
103929304678916,Voter Action Project,Integrity First Voter Action Project,≤100
117956368577,Charlie Geren,Charlie Geren Campaign,≤100
248986568895243,Speechify,These ads ran without a disclaimer,≤100
861536073897961,Leslie Herod,LHFM LESLIE FOR MAYOR,≤100
618833904922048,LEAD Filipino,These ads ran without a disclaimer,≤100
701541503526361,Arizona Leadership Coalition,Arizona Leadership Coalition,≤100
109423992070926,Reaching Care,Reaching Care,≤100
1571401929773000,North County  Climate Change Alliance,North County Climate Change Alliance,≤100
111131133551811,The Locke Society,Locke Society Inc,≤100
1138048899572104,Ja'Mal Green,Go Green Chicago,≤100
2085563958340354,Raúl Torres,Statera Comunicacion,≤100
275947565591,"Woods and Woods, LLC, The Veteran's Firm","Woods & Woods, LLC",≤100
238711349624826,The Wetherall Company Public Service Advertising,The Wetherall Company LLC,≤100
242845139551348,GVPedia,GVPEDIA INC,≤100
161151357262063,Fountain House,"FOUNTAIN HOUSE, INC.",≤100
79743808136,NAIS -- National Association of Independent Schools,"NATIONAL ASSOCIATION OF INDEPENDENT SCHOOLS, INC.",≤100
14893370225,Sustainable Harvest International,SUSTAINABLE HARVEST INTERNATIONAL,≤100
109127185832380,Centro Politécnico del Norte,These ads ran without a disclaimer,≤100
144429905313,AFSCME Council 31,AMERICAN FEDERATION OF STATE COUNTY AND MUNICIPAL EMPLOYEES COUNCIL 31,≤100
119587905278355,Denver Gap Year,These ads ran without a disclaimer,≤100
183484875153093,Kim Monson Show,The Kim Monson Show,≤100
44228398202,ONE Community,"ONE Community Media, LLC",≤100
126037931371545,Law Offices of Jonathan K. Park & Associates,Law Offices of Jonathan K. Park & Associates,≤100
810011189047098,COPE2Thrive LLC,These ads ran without a disclaimer,≤100
101204378825808,Fight the Right,FIGHT THE RIGHT PAC,≤100
100741471695626,Lutherans For Racial Justice,Lutherans for Racial Justice,≤100
100579122808698,tpusastudents,These ads ran without a disclaimer,≤100
481331019059116,The Published Reporter,The Published Reporter,≤100
439271970343,World Help,WORLD HELP,≤100
349702751902673,Hereditary Angioedema Association - HAEA,HEREDITARY ANGIOEDEMA ASSOCIATION INC.,≤100
655525871323390,BreeganJane,These ads ran without a disclaimer,≤100
297560039529,David Platt,These ads ran without a disclaimer,≤100
103890642536849,Dan Cuevas for Harrison County Supervisor DIST 1,Dan Cuevas for Harrison County Supervisor DIST 1,≤100
1376465702586897,Coloradans for Responsible Energy Development,Coloradans for Responsible Energy Development,≤100
112258312240526,Con Edison,"CONSOLIDATED EDISON COMPANY OF NEW YORK, INC.",≤100
1914537155242810,Life: Powered,Texas Public Policy Foundation,≤100
461530314600399,Common Sense American Politics,Common Sense American Politics,≤100
105800435721037,The Right Hour,Logan Thomas Corson,≤100
103387475108048,Rimm-PODCAST,Igor Spasojevic,≤100
105155545186714,Friends of Orono,Friends of Orono,≤100
66908246324,Omega Institute,"OMEGA INSTITUTE FOR HOLISTIC STUDIES, INC.",≤100
108813425157763,"Hoyt Prindle for Tampa City Council, District 6","Hoyt Prindle, non-partisan candidate for Tampa City Council (District 6)",≤100
102201169034543,True Patriot Shops,True Patriot Shops,≤100
109374912424067,Drew McKissick,DrewMcKissick.com,≤100
647380495652111,The Oxygen Project,These ads ran without a disclaimer,≤100
105334892381660,AmericanTowns Politics,AMERICAN TOWNS,≤100
27544763621,Prison Fellowship,Prison Fellowship,≤100
81391603670,Carson City  Republican Party,Carson City Republican Central Committee,≤100
112349344988730,Adrian Petrila for Mayor,ADRIAN PETRILA CAMPAIGN,≤100
106914145511790,Family Unit,These ads ran without a disclaimer,≤100
114337090330435,Tint,Robert R Rose,≤100
103210743084765,Resonate,Resonate,≤100
928091877203916,Independent Women's Network,Independent Women's Network,≤100
127691390582,PHI,"PARAPROFESSIONAL HEALTHCARE INSTITUTE, INC.",≤100
490349377808038,State Representative Justin Holland,Justin Holland Campaign,≤100
106133648227693,Greg Zoller,These ads ran without a disclaimer,≤100
627535420942916,Kelly Gallaher for Village President,Friends of Kelly Gallaher,≤100
143784945647421,Death with Dignity,These ads ran without a disclaimer,≤100
101452022677460,Nathan Focht - for Mayor of Minneola,Nathan Focht Campaign,≤100
104760932430136,"Lamont Robinson, for 4th Ward Alderman",Lamont Robinson for Alderman,≤100
1787149304864079,Mike McKell,Mike McKell for State Senate,≤100
2310488009211056,Poder Latinx,Poder Latinx,≤100
203583423017526,National Immigration Law Center,National Immigration Law Center,≤100
20188298765,ACLU of Maryland,AMERICAN CIVIL LIBERTIES UNION OF MARYLAND INC,≤100
118635175464489,uPolitics,"Uinterview, Inc.",≤100
108292944333886,"Julia Sullivan, Author",Julia E. Sullivan,≤100
111578690662426,Goddess Vibes Health & Beauty,These ads ran without a disclaimer,≤100
37461287798,Jesuit Refugee Service/USA,JESUIT REFUGEE SERVICE INC,≤100
116943805583378,The Republican Standard,The Republican Standard,≤100
940653386126953,StandingWithYou.org,Standingwithyou.org,≤100
103739957866477,Zinc8 Energy Solutions,"Vorticom, Inc.",≤100
844306012261691,Generation Yonkers,The City of Yonkers,≤100
104521238896557,June Marie Paintings,June-Marie Paintings,≤100
106095601125529,"Reaching Everyone In Distress Foundation, Inc.",Reaching Everyone in Distress Foundation Inc.,≤100
100313992666117,Sarah for Denver,Sarah for Denver,≤100
1269485653192452,Tombstone2,Mohammed Nasir Razavi,≤100
162484593815230,DefeatDD,These ads ran without a disclaimer,≤100
108307735495778,Four Sisters Publishing,Four Sisters Publishing,≤100
109848795293568,Patriots Kingdom,Patriots Kingdom,≤100
119388253264855,Tocqueville Lecture Series,Benjamin Isaak Gross,≤100
103648168940978,Help Ukrainian Hospitals,"Help Ukrainian Hospitals, Inc",≤100
108725508673742,Fire Dan Munsey,"San Bernardino County Professional Firefighters, Local 935 Political Action Committee",≤100
317990588295540,Governor Tom,Thomas Mills Wood Ii,≤100
100352189644054,On Omar's Watch,These ads ran without a disclaimer,≤100
31597994711,National Apartment Association,NATIONAL APARTMENT ASSOCIATION,≤100
106124975682358,Jimmy Fondren for Mississippi House District 111,Committee To Elect Jimmy Fondren,≤100
5633824547,FreedomWorks,"FREEDOMWORKS, INC.",≤100
513785465632396,Airline Passengers for Justice,Airline Passengers for Justice,≤100
245481022560114,State Representative John Stefanski,John Stefanski Campaign,≤100
9538894955,John F. Kennedy Presidential Library and Museum,"John Fitzgerald Kennedy Library Foundation, Inc.",≤100
28483858161,Texas Scorecard,ScorecardMedia,≤100
105791128214287,Joce Bedard,These ads ran without a disclaimer,≤100
866367833381538,Little Fenders,These ads ran without a disclaimer,≤100
1083640291817360,Julie Kirsch Artist,These ads ran without a disclaimer,≤100
86711894400,National Write Your Congressman,National Write Your Congressman,≤100
164595420872,Sachs Media,Sachs Media Group,≤100
102762964438534,Prince Rav Yisrael For Sparta,Anayah Yisrael,≤100
109035554162766,Mountain State Spotlight,Mountain State Spotlight,≤100
100707966240243,hancockbanks,These ads ran without a disclaimer,≤100
36091862898,The Mackinac Center for Public Policy,Mackinac Center for Public Policy,≤100
129278807814364,Women of Welcome,Women of Welcome,≤100
106834402278227,hp.station,These ads ran without a disclaimer,≤100
131058900273186,"Quiroga Law Office, PLLC","Quiroga Law Office, PLLC",≤100
101939781315530,ThePeel.news,ThePeel.news,≤100
207833736045744,MHAction.org,Patrick R. McHugh,≤100
126855128568,FEBC (Far East Broadcasting Company),"FAR EAST BROADCASTING COMPANY, INC.",≤100
108775318620622,Timmy Knudsen for 43rd Ward Alderman,Friends of Timmy Knudsen,≤100
887139178003592,The Dean Obeidallah Show,The Dean Obeidallah Show,≤100
104310075898159,Botsford For Alderman,Botsford for Alderman,≤100
110666398605350,"Edgar ""Edek"" Esparza for 25th Police District Council","Friends of Edgar ""Edek"" Esparza",≤100
102802765956784,Chris Miller for Jacksonville,Chris Miller Campaign,≤100
112727107713063,Manuel Trevino for Sheriff 2024,Manuel Trevino,≤100
112116485020472,Donna Varner Barney,These ads ran without a disclaimer,≤100
1599237673639735,Change Media Group,Change Media Group,≤100
103001002005081,PublicSq,PublicSq.,≤100
108505418632952,Climate change is real,Michael Test,≤100
2165441450136848,"Issues with Mail Order Pharmacy, Corporate Retail Pharmacy, & PBMs",Unite For Safe Medications,≤100
7227987111,GAIN POWER,"GAIN Power, LLC",≤100
104571188687767,Chill Read,These ads ran without a disclaimer,≤100
30500779658,Interfaith Power & Light,Interfaith Power & Light,≤100
107143638874957,Congressional Integrity Project,Congressional Integrity Project,≤100
200548226627766,The Progressive Magazine,Norman Joseph Stockwell,≤100
103745465414835,বাগবুল কালাম মুন্সী Official,These ads ran without a disclaimer,≤100
718254898306045,Illinois Economic Policy Institute,Illinois Economic Policy Institute,≤100
111311390623711,2A Daddy,2A Daddy LLC,≤100
443908256041631,Free the States,Free the States Action Fund,≤100
210214622426593,Nexus Family Healing,NEXUS,≤100
105990415642100,DeSantis Supporters,Logan Thomas Corson,≤100
150127528352944,Food Integrity Campaign,GOVERNMENT ACCOUNTABILITY PROJECT INC,≤100
109465560444254,Roce Today,I-ROCE LLC,≤100
157514920959721,Pines Wheat Grass,These ads ran without a disclaimer,≤100
80100802880,MaleSurvivor,MaleSurvivor,≤100
103236092537897,Rosa Hernandez 4 Joliet City Council District 4,FRIENDS OF ROSA HERNANDEZ,≤100
158337134192979,Career Education Colleges and Universities,Career Education Colleges and Universities,≤100
34661411150,AIDS Healthcare Foundation,AIDS HEALTHCARE FOUNDATION,≤100
363500867116594,Will Metcalf,Will Metcalf,≤100
262164587131475,Free martial arts material for your own local school teachers to use,Ryan Gilbert,≤100
407767916003589,U.S. Representative John Carter,Office of U.S. Representative John Carter,≤100
40201530406,American Society of the University of Haifa,James Samuel Fattal,≤100
103974389650244,Amenders for Federal Spending Control,Mark Albert Meier,≤100
110257040443043,National Network of Consultants to Grantmakers,These ads ran without a disclaimer,≤100
535768979883099,At Home Independent Living,These ads ran without a disclaimer,≤100
188337131340205,Tajniki Ameryki,These ads ran without a disclaimer,≤100
102356589314098,Political Comms,Political Comms LLC,≤100
104916225788666,Art Against War,These ads ran without a disclaimer,≤100
466613330068156,بەڕێوەبەرایەتى گشتى شارەوانیەکانى گەرمیان,These ads ran without a disclaimer,≤100
644308565682800,Tanya Acker,Tanya Marie Acker,≤100
167721133253158,The White House Historical Association,These ads ran without a disclaimer,≤100
100527076247985,ien_earth,These ads ran without a disclaimer,≤100
287419001041,National Black Book Festival,CUSHCITY.COM INC,≤100
102693612110382,California Local,CALIFORNIA LOCAL,≤100
312870062895448,StateThugs,StateThugs.com,≤100
101476262702066,Mi Luz,These ads ran without a disclaimer,≤100
1191336950894416,City of Carlsbad NM Government,Social Media Manager,≤100
674182529399211,Gun Owners Radio,Gun Owners Media LLC,≤100
108180206470137,Iowans for Wind & Solar,270 Strategies,≤100
101803615972593,Innovation Race,"TEA PARTY PATRIOTS ACTION, INC.",≤100
182034571982073,Dade Phelan,Texans for Dade,≤100
101817559219953,theyluvchass,These ads ran without a disclaimer,≤100
156362631095762,Secular Pro-Life,Secular Pro-Life,≤100
169840807024913,Jobob,The Jobob Show,≤100
108193211867422,From Pepperdine To Prison,These ads ran without a disclaimer,≤100
111018434842258,Vaughn2024,EMORY VAUGHN FOR PRESIDENT 2024,≤100
117059814602664,Smiling World Inc,These ads ran without a disclaimer,≤100
114861784821386,Zahra hosseini,These ads ran without a disclaimer,≤100
753777097992228,Liberty Hill Publishing,Liberty Hill Publishing,≤100
683095228488145,Scott McKnight,The Scott McKnight Campaign,≤100
110011515353067,Tim&Lightning,These ads ran without a disclaimer,≤100
106706714469410,For AR People,For AR People,≤100
116945211276055,Make America Florida,Logan Thomas Corson,≤100
232467307162583,Farm Action,Family Farm Action,≤100
107418177702609,Middle America News,Logan Thomas Corson,≤100
120597324633465,West Virginians for Affordable Health Care,These ads ran without a disclaimer,≤100
1510580548993166,Chautauqua County Land Bank,These ads ran without a disclaimer,≤100
458643554482238,Uri Velez La Sra de los Seguros,Euridis Velez,≤100
104358825161315,mars_solar,These ads ran without a disclaimer,≤100
1955953381348064,State Representative Trent Ashby,Texans for Trent Ashby,≤100
103176709379659,CryptoHaven,Crypto Haven LLC,≤100
306480006853271,Political-Paige.com BLOG,Political-Paige.com,≤100
504118316658151,SilencedOrganic,SilencedOrganic.com,≤100
101047916207763,All Quiet on the Western Front - Netflix,These ads ran without a disclaimer,≤100
100329535080292,Top Gun '87,Danny Wilson Hamilton,≤100
390079948412508,Angry Dad,Nathan Roberts,≤100
107344338471443,Jordan Faircloth for Judge,Jordan Faircloth for Judge,≤100
163662804426854,Life Advancement Group,Nathan Montgomery Berning,≤100
282728185140429,Rep For Vets,These ads ran without a disclaimer,≤100
1914561178824972,Trumped,Christopher Charles Cooper,≤100
2203907813182007,Joseph Trahan,Joseph Trahan,≤100
1153947761302254,Sue Serino,Friends of Sue Serino,≤100
66237904047,Marine Fish Conservation Network,Marine Fish Conservation Network,≤100
262741493751666,The Pew Charitable Trusts,"PEW CHARITABLE TRUSTS, THE",≤100
1420200111329836,Alan C. Moore,Alan Christopher Moore,≤100
117428850086366,"1848 Project, Inc.",1848 Project Inc,≤100
117476607915549,Will Davis for Delegate,Will Davis for Delegate,≤100
197374340229,E2 - Environmental Entrepreneurs,E2 (Environmental Entrepreneurs),≤100
108433238844,CWEB,CWEB Inc.,≤100
110745068617071,HappyEase,These ads ran without a disclaimer,≤100
112022491619318,American Apex News,Logan Thomas Corson,≤100
488740674837681,198 Methods,198 methods,≤100
104237314310390,Director Doerder • Bettendorf School Board,These ads ran without a disclaimer,≤100
102262718547519,Crazy Uncle Gil,Gilbert Cuevas,≤100
1755568161347548,Wes Climer,Climer for Senate,≤100
306044752760514,Congress of Bosniaks of North America - Kongres Bošnjaka Sjeverne Amerike,These ads ran without a disclaimer,≤100
101541668799519,Huffines Liberty Foundation,Huffines Liberty Foundation,≤100
76523801829,the Christian Century,CHRISTIAN CENTURY,≤100
532041296868382,Kimberly Jackson Photography,These ads ran without a disclaimer,≤100
109729861699329,Speak4,Speak4,≤100
270783906443632,MOAS,These ads ran without a disclaimer,≤100
114000988277129,Turkey & Syria,These ads ran without a disclaimer,≤100
148551616293,The Australian National University,These ads ran without a disclaimer,≤100
109462045383836,Kipper,These ads ran without a disclaimer,≤100
108128581551902,The Beekeeper House - Treatment Centre,These ads ran without a disclaimer,≤100
100643069487986,Благодійна Організація «Благодійний фонд «Україна ЦЕ ТИ»,These ads ran without a disclaimer,≤100
107547811873727,Почуй Левицький,These ads ran without a disclaimer,≤100