﻿Page ID,Page name,Disclaimer,Amount spent (VEF)
564188034075673,Roberto Enriquez,an advertiser in Venezuela,1390002
148231808588187,Gatorade Venezuela,an advertiser in Venezuela,347501
333721726763601,Darwin Gonzalez,an advertiser in Venezuela,250000
11449543593,Carlos Ocariz,an advertiser in Venezuela,172500
956534247873612,Red Iberoamericana de Sociología Computacional,These ads ran without a disclaimer,13298
100409275308764,jessi.massuco,These ads ran without a disclaimer,1350
1708788089341925,Polaris Awards,These ads ran without a disclaimer,≤100
110868035202065,Camino recto,These ads ran without a disclaimer,≤100
1082964091802622,La vida de Nos,These ads ran without a disclaimer,≤100
102135745811769,The Sky Rains,These ads ran without a disclaimer,≤100
1727280190891954,FRANCE 24 Español,These ads ran without a disclaimer,≤100
102515798398539,Cartas de amor De Dios,These ads ran without a disclaimer,≤100