﻿Page ID,Page name,Disclaimer,Amount spent (HTG),Number of ads in Library
100268118833988,luckoshow,These ads ran without a disclaimer,145,1
200480966638039,Supremacy 1914,These ads ran without a disclaimer,≤100,2
198454000189884,REW.ca,These ads ran without a disclaimer,≤100,1
435381440344317,Dylan Ogline,These ads ran without a disclaimer,≤100,1
31292782350,Deutschland.de,These ads ran without a disclaimer,≤100,2
112220134851421,Under the Sisterhood,These ads ran without a disclaimer,≤100,1
142329112477770,البنك الدولي,These ads ran without a disclaimer,≤100,1