﻿Page ID,Page name,Disclaimer,Amount spent (USD),Number of ads in Library
163629387105042,APS (Agence de Presse Sénégalaise),APS (Agence de Presse Sénégalaise),≤100,14
100215025601701,Moussa Baldé,Yaya Baldé,≤100,4
1501570506768598,Ministre Moustapha Diop,Elaj Toure,≤100,1
110986297266758,Mamadou Saliou Sow,Raissa Bindia,≤100,1
1297262943720616,Fuqing China,These ads ran without a disclaimer,≤100,1
17973644177,Global Peace Foundation,These ads ran without a disclaimer,≤100,1
103806092588576,T1215-3,These ads ran without a disclaimer,≤100,1
173254003362613,WE ARE CHINA,These ads ran without a disclaimer,≤100,1
110584791401665,GeneZation Show,These ads ran without a disclaimer,≤100,2
108814005377784,1111_tc,These ads ran without a disclaimer,≤100,1
104980492469454,T1215-4,These ads ran without a disclaimer,≤100,1
101158816191470,T1215-6,These ads ran without a disclaimer,≤100,1
492984144218541,Morning Worship Moment,These ads ran without a disclaimer,≤100,1
105257432441286,T1215-7,These ads ran without a disclaimer,≤100,1
101715608808670,Judgment Day: Angel of God,These ads ran without a disclaimer,≤100,1
108674205383901,Esx-mh-8,These ads ran without a disclaimer,≤100,1
101785182596599,Guy Loando Mboyo,These ads ran without a disclaimer,≤100,1