﻿Page ID,Page name,Disclaimer,Amount spent (EUR)
6891149895,Concern Worldwide,Concern Worldwide,335
116458968941226,Bord na Móna,Bord Na Móna,267
291934661006674,HSE Ireland,HSE Ireland,217
149890191689087,Bord Gáis Energy,Bord Gáis Energy,163
148726998530273,Sinn Féin Ireland,Sinn Féin,107
1410175299237713,AIB,AIB,106
212716455604784,EirGrid,EirGrid,≤100
18135444535,Trocaire,Trocaire,≤100
1772885396319952,ESB Careers,ESB Careers,≤100
158961023733,Amnesty International-Ireland,Amnesty International-Ireland,≤100
260630414430823,Department of Social Protection,Department of Social Protection,≤100
247809738564793,Belong To,BeLonG To Youth Services,≤100
88243924389,Depaul Ireland. Ending Homelessness.,Depaul Ireland,≤100
395121633857254,SEAI,SEAI,≤100
156701534946054,My Waste Ireland,My Waste Ireland,≤100
201612129410,Oxfam,Oxfam Ireland,≤100
164027949687,Labour Party,Labour Party,≤100
178362315106,European Parliament,European Parliament,≤100
512028555814283,Senator Pat Casey,Casey Patrick,≤100
580763859048353,Gript,Gript,≤100
450136775025476,Gino Kenny TD,Johansson Madeleine Britt,≤100
626896357368870,Cllr John Walsh,John Mark Walsh,≤100
122938653695,Wind Energy Ireland,Wind Energy Ireland,≤100
376225562978212,Michael Clark,Clark Michael Douglas,≤100
222629035132,Fianna Fáil,Fianna Fáil,≤100
911248388996518,Jim O'Callaghan TD,Jim O'Callaghan,≤100
1568818586470358,The Book of Kells,These ads ran without a disclaimer,≤100
600382190167174,CreativeIrl,Creative Ireland,≤100
156398467784136,Ruth Coppinger,The Socialist Party,≤100
112289898015469,Fair Seas,Fair Seas,≤100
719890584766018,Paul Murphy TD,Paul Murphy TD,≤100
1353131934798813,Neasa Hourigan Green Party,Neasa Hourigan,≤100
447814251923553,National Women's Council of Ireland,National Women's Council of Ireland,≤100
280965412440,National Youth Council of Ireland,National Youth Council of Ireland,≤100
137357969666256,GCN,GCN,≤100
103880909673865,SVP - Society of St. Vincent de Paul Ireland,SVP - Society of St. Vincent de Paul Ireland,≤100
193629300835,VOICE - Voice of Irish Concern for the Environment,VOICE - Voice of Irish Concern for the Environment,≤100
137859686237383,Family & Life,Family & Life,≤100
1391579564451396,Dreamblazers Academy,These ads ran without a disclaimer,≤100
105638992321013,Safe_DNS,These ads ran without a disclaimer,≤100
110589871834509,vip.magazine,These ads ran without a disclaimer,≤100
765507346939121,Rebel Telly,Johansson Madeleine Britt,≤100
981755825189671,Dublin Vegfest,These ads ran without a disclaimer,≤100
111705295179070,Новости Дня,These ads ran without a disclaimer,≤100
1486666311655495,Chris MacManus MEP,Chris Macmanus,≤100
128787593816071,TWOTHIRDS,These ads ran without a disclaimer,≤100
1558338911091097,Harbour.Space,These ads ran without a disclaimer,≤100
112526221789510,Wasteful Virtuous,These ads ran without a disclaimer,≤100
108524245520106,Новости дня,These ads ran without a disclaimer,≤100
291521767725059,People Before Profit - Waterford,Dunphy Una,≤100
956414094412480,PaliRoots - جذور فلسطين,These ads ran without a disclaimer,≤100
564319380254013,Human Appeal - Ireland,These ads ran without a disclaimer,≤100
101916036008159,Oxyennhok,These ads ran without a disclaimer,≤100
102226902810275,GoldenAge Motivation,These ads ran without a disclaimer,≤100
110386941246941,PowMr,These ads ran without a disclaimer,≤100