﻿Page ID,Page name,Disclaimer,Amount spent (USD)
271082999713221,Cri ccfr,Cri ccfr,≤100
104153948698371,ការិយាល័យនគរបាលទេសចរណ៍នៃស្នងការដ្ឋាននគរបាលរាជធានីភ្នំពេញ Tourism Police,These ads ran without a disclaimer,≤100
648941691867874,Kroko ក្រគរ កែវ រតនៈ,Kroko ក្រគរ ជួយ ក្រគរ,≤100
206984670430,Cambodian Center for Human Rights l មជ្ឈមណ្ឌលសិទ្ធិមនុស្សកម្ពុជា,Cambodian Center for Human Rights l មជ្ឈមណ្ឌលសិទ្ធិមនុស្សកម្ពុជា,≤100
2260430647540976,កម្ពុជា ៤.០ - Cambodia 4.0,Reun Daro,≤100
117473362451544,Pheng Vannak News,Chy Yam,≤100
105866705100869,Khmer Tech Market,Khmer Tech Market,≤100
1653709768184867,ជ្រុន ថេរ៉ាវ៉ាត - Chrun Theravat,Ry Vannroth,≤100
409568979238195,"Dr. Sok Prasith, Secretary of State Ministry of Information","Dr. Sok Prasith, Secretary of State Ministry of Information",≤100
146649842083645,COMFREL,COMFREL,≤100
1309741899186397,CamboJANews,CamboJANews,≤100
558050957660331,ព្រឹទ្ធសភាកម្ពុជា Senate of Cambodia,Kok Vay,≤100
844603092353014,ជា ពិសី - Chea Pisey,ជា ពិសី - Chea Pisey,≤100
106374614548737,ខេមបូចា ព័ត៌មាន,ខេមបូចា ព័ត៌មាន,≤100
1118529501568378,មន្ទីរសាធារណការ និងដឹកជញ្ជូន ខេត្តបាត់ដំបង,មន្ទីរសាធារណការ និងដឹកជញ្ជូន ខេត្តបាត់ដំបង,≤100