﻿Page ID,Page name,Disclaimer,Amount spent (BOB)
1404045426527172,Tribunal Supremo Electoral,Tribunal Supremo Electoral,≤100
279677395908479,Virginio Lema Trigo,Walter Agustin Zambrana Arze,≤100
964080723662055,Carlos Subirana Responde,Editorial CSS,≤100
565643756889694,Viceministerio de Deportes del Estado Plurinacional de Bolivia,Viceministerio de Deportes del Estado Plurinacional de Bolivia,≤100
106403237850347,Goberna Bolivia,Goberna,≤100
1947703858861720,Mayra Zalles - Diputada,Mayra Ingrid Zalles Trigo,≤100
636958269681223,Mauricio Lea Plaza P.,Mauricio Adolfo Lea Plaza Peláez,≤100
113376820321312,Tierra Digna,Coordenada Digital,≤100
107585134511680,Jaime Mamani Espíndola,Wilmer Rivero Nino,≤100
152914224736727,Banco Mundial,These ads ran without a disclaimer,≤100
1531952323492366,REVALIDAR,These ads ran without a disclaimer,≤100
111456533751878,BeHealth,These ads ran without a disclaimer,≤100
101457766031847,A dos pasos del cielo,These ads ran without a disclaimer,≤100