﻿Page ID,Page name,Disclaimer,Amount spent (USD)
102992285280678,الصفحة الرسمية للسيد النائب نوري سفيان,الصفحة الرسمية للسيد النائب نوري سفيان,≤100
104557275823271,Islamic Coin,These ads ran without a disclaimer,≤100
100889389518021,معتز الشناوى,These ads ran without a disclaimer,≤100
415438789051284,"حزب سياسي جديد ""الحراك الجزائري العالمي سلمي من أجل الجزائر والقدس",These ads ran without a disclaimer,≤100
995765983772115,Dzair Tube,Dzair Tube,≤100
195799657105195,SEGi University & Colleges,These ads ran without a disclaimer,≤100
107944608042253,الصفحة الرسمية للنائب الدكتور بوجلطية ناصر,الصفحة الرسمية للنائب الدكتور بوجلطية ناصر,≤100
196189887094436,Reset DOC Dialogues on Civilizations,These ads ran without a disclaimer,≤100