﻿Page ID,Page name,Disclaimer,Amount spent (EUR)
22541752487,Greenpeace Deutschland,Greenpeace Deutschland,≤100
341486659645594,FDP Fraktion Bundestag,Fraktion der Freien Demokraten im Deutschen Bundestag,≤100
101121402521751,Vitsche Berlin,These ads ran without a disclaimer,≤100
101572272876583,Rügen gegen LNG,Binzer Bucht Tourismus,≤100
102169625710148,ClimaClic,Burda Direct GmbH,≤100
56497026719,SOS-Kinderdörfer weltweit,SOS-Kinderdörfer weltweit Hermann-Gmeiner-Fonds Deutschland e.V.,≤100
511785248971976,"Bundesministerium für Familie, Senioren, Frauen und Jugend","Bundesministerium für Familie, Senioren, Frauen und Jugend",≤100
13479664941,JUNGE FREIHEIT,Junge Freiheit Verlag GmbH & Co. KG,≤100
331832984040,LichtBlick,LichtBlick,≤100
478399422560922,KadeFungin,DR. KADE,≤100
105537757585128,Freie Demokraten im Thüringer Landtag,Freie Demokraten im Thüringer Landtag,≤100
273454591804,SOS-Kinderdorf Deutschland,SOS-Kinderdorf e.V.,≤100
111501317017740,Motatos Deutschland,Motatos,≤100
218786540044,WWF Deutschland,WWF Deutschland,≤100
161273245888,Save the Children Deutschland,Save the Children Deutschland,≤100
151974798719373,AfD-Fraktion im Deutschen Bundestag,AfD-Fraktion im Deutschen Bundestag,≤100
163581483776364,Konrad-Adenauer-Stiftung Politisches Bildungsforum Thüringen,Konrad-Adenauer-Stiftung e.V.,≤100
44511549119,Konrad-Adenauer-Stiftung,Konrad-Adenauer-Stiftung e.V.,≤100
144380008933707,SPD-Fraktion im Bundestag,SPD-Bundestagsfraktion,≤100
147245511963527,DGB,Deutscher Gewerkschaftsbund (DGB),≤100
170688644503,UNICEF Deutschland,UNICEF Deutschland,≤100
118776688142153,enviaM,envia Mitteldeutsche Energie AG,≤100
1173504606112676,Bundesministerium für Bildung und Forschung,Bundesministerium für Bildung und Forschung,≤100
123292927706635,junge Welt,junge Welt,≤100
1440878759561839,WeMove Europe,WeMove Europe,≤100
102898544642459,The Pioneer,Media Pioneer Publishing AG,≤100
322461041522123,Stadt der Städte,Regionalverband Ruhr,≤100
108857518813391,Quisofirm,These ads ran without a disclaimer,≤100
718677004826671,Deutsche Umwelthilfe,Deutsche Umwelthilfe,≤100
108051069259615,Werner & Mertz GmbH,Werner & Mertz GmbH,≤100
171844246207985,taz,TAZ Verlags- und Vertriebs GmbH,≤100
116335026590900,Mülltrennung wirkt,die dualen Systeme,≤100
236934790401,UNO-Flüchtlingshilfe,UNO-Flüchtlingshilfe,≤100
201065353264638,yello,yello,≤100
164014383647221,BARMER,BARMER,≤100
1508446642792459,Vattenfall,Vattenfall Deutschland,≤100
200752383293733,International Justice Mission,International Justice Mission,≤100
234719636709452,Andreas Bühl,Andreas Bühl,≤100
1093989863995799,hep,hep global GmbH,≤100
582382331851756,Prometheus - Das Freiheitsinstitut,Prometheus - Das Freiheitsinstitut,≤100
102616273110279,Börsen-Zeitung,WM Gruppe,≤100
1565754943752371,Robert Farle,Robert Farle,≤100
112369170621210,Deutschland spricht über 5G,"Dialoginitiative ""Deutschland spricht über 5G""",≤100
109573920927141,Ichwillfair,Initiative für nachhaltige Agrarlieferketten,≤100
82734241364,Campact e.V.,Campact e.V.,≤100
169367889785454,Arbeitgeberverband Gesamtmetall,Arbeitgeberverband Gesamtmetall,≤100
294494163510,Europäisches Parlament - Verbindungsbüro in Deutschland,Europäisches Parlament - Verbindungsbüro in Deutschland,≤100
141410219264688,SENEC,SENEC GmbH,≤100
214526595274349,BSH GmbH & Co.KG,BSH GmbH & Co. KG,≤100
105196990914241,Dr. Gunnar Beck,Gunnar Günter Beck,≤100
109268274798247,E-Fuels-Forum,CLASSIC Tankstellen GmbH & Co. KG,≤100
165629350137468,Schaebens,Schaebens,≤100
101827656153779,Volksbegehren Thüringen 2023,Dr. Ute Bergner,≤100
1200588670058774,LAND.SCHAFFT.WERTE,LAND.SCHAFFT.WERTE,≤100
1062482463795133,Liebesleben,Bundeszentrale für gesundheitliche Aufklärung (BZgA),≤100
107085727344683,Mein Schlüssel zur Welt,Bundesministerium für Bildung und Forschung,≤100
205407872835976,Gabor Steingart,Media Pioneer Publishing AG,≤100
111698888335211,Daskannkunststoff,ALPLA Werke Alwin Lehner GmbH & Co KG,≤100
21242962092,ClientEarth,ClientEarth Deutschland,≤100
156449679027,Renovabis,Renovabis e.V.,≤100
1790920000965539,CDU CSU Europa,CDU/CSU-Gruppe in der EVP-Fraktion im Europäischen Parlament,≤100
263503200272,Welthungerhilfe,Welthungerhilfe,≤100
133306764192,NABU Bundesverband,NABU Bundesverband,≤100
105276867893427,Sonnenstrom-Seifarth,Sonnenstrom-Seifarth,≤100
259770724096761,Animal Equality Germany,Animal Equality Germany e.V.,≤100
248913988520756,Union Investment,Union Investment Privatfonds GmbH,≤100
152650658523697,Sepp Müller,Sepp Müller MdB,≤100
104351635002082,Deutschland erkennt Sepsis,Deutschland erkennt Sepsis,≤100
846335975484709,The Generation Forest,The Generation Forest eG,≤100
103453699750,ROBIN WOOD e.V.,ROBIN WOOD e.V.,≤100
103919417972272,Unabhängige Beauftragte für Fragen des sexuellen Kindesmissbrauchs,Unabhängiger Beauftragter für Fragen des sexuellen Kindesmissbrauchs,≤100
139968284118,terre des hommes,terre des hommes,≤100
109316361840166,Climony For Future,climony,≤100
108633728581883,Rettet Biokraftstoffe,OVID Verband,≤100
100468876017523,Welcoming Out,Welcoming Out gUG (haftungsbeschränkt),≤100
727919300619241,KNAPPSCHAFT,These ads ran without a disclaimer,≤100
147547541961576,Council of the European Union,Council of the European Union,≤100
139198812763279,Misereor,Misereor,≤100
103919417972272,Unabhängige Beauftragte für Fragen des sexuellen Kindesmissbrauchs,Unabhängige Beauftragte für Fragen des sexuellen Kindesmissbrauchs,≤100
104142195614715,My Way. My Choice.,Bundesverband der Tabakwirtschaft und neuartiger Erzeugnisse,≤100
21289227249,FDP,FDP,≤100
1078884028800904,AfD-Fraktion Sachsen-Anhalt,Ronny Kumpf,≤100
1855211144766647,Migrando,Graske Rechtsanwälte,≤100
2211978065729846,Bundesministerium für Ernährung und Landwirtschaft - BMEL,Bundesministerium für Ernährung und Landwirtschaft,≤100
117738101626747,GP JOULE,GP JOULE GmbH,≤100
343364921106,Caritas international,Caritas international,≤100
1659664900789880,KWS Deutschland,KWS SAAT SE & Co. KGaA,≤100
1578640155687393,Sea-Watch,Sea-Watch,≤100
106557304106077,Plan E,stiftung elektro-altgeräte register,≤100
223829854355699,Frosch,Frosch,≤100
512403718895902,Wildtierschutz Deutschland e.V.,Wildtierschutz Deutschland e.V.,≤100
675589985972309,HateAid,HateAid gGmbH,≤100
236044090111,VDI Verein Deutscher Ingenieure,VDI Verein Deutscher Ingenieure e.V.,≤100
1393167744264822,Bundesministerium für Digitales und Verkehr,Bundesministerium für Digitales und Verkehr,≤100
284524533339913,Kleinwasserkraft,Arbeitsgemeinschaft Wasserkraftwerke Baden-Württemberg (AWK) e.V.,≤100
145944615464920,Polarstern Energie,Polarstern Energie,≤100
114360055263804,LVZ Leipziger Volkszeitung,MADSACK Market Solutions GmbH,≤100
116064499060160,Dirk Brandes - Für Niedersachsen im Bundestag,Dirk Brandes,≤100
134483979119,Rosa-Luxemburg-Stiftung,Rosa-Luxemburg-Stiftung,≤100
294772850956765,Green Forest Fund e.V.,GREEN FOREST FUND e.V.,≤100
101274842793956,Greenpeace grad jetzt,Greenpeace e.V.,≤100
614408642007931,Zurich,Zürich Beteiligungs-Aktiengesellschaft (Deutschland),≤100
121678260974,Initiative Neue Soziale Marktwirtschaft (INSM),Initiative Neue Soziale Marktwirtschaft,≤100
40874340559,Mehr Demokratie e.V.,Mehr Demokratie e.V.,≤100
369255482574,TARGOBANK,These ads ran without a disclaimer,≤100
646147258733066,Deutschland steigt ein,Deutschland mobil 2030 GmbH,≤100
1176675472454246,CAPinside.com,CAPinside GmbH,≤100
102722502036493,Basis-Verlag,basis-verlag,≤100
839249709578255,CrowdFarming,These ads ran without a disclaimer,≤100
1110204782371616,Die Moderne Landwirtschaft,Forum Moderne Landwirtschaft e.V.,≤100
1509790395958123,Aktion gegen den Hunger,Aktion gegen den Hunger,≤100
100334279287899,Christian Frölich,Christian Frölich,≤100
104389425384135,Arbeitgeber Land Hessen,Hessisches Ministerium des Innern und für Sport,≤100
100345702834585,All Out Deutschland,All Out,≤100
233415031098291,1komma5grad Göttingen,These ads ran without a disclaimer,≤100
53848679944,Laut gegen Nazis,Laut gegen Nazis e. V.,≤100
146221668771106,wbg Wissen verbindet,wbg Wissen verbindet,≤100
101683398140023,Salus,Salus,≤100
1004883576238809,GoodJobs,GoodJobs GmbH,≤100
122226247803363,Caparol,DAW SE,≤100
303855196900,Paradigma,Ritter Energie- und Umwelttechnik GmbH & Co. KG,≤100
116449375528,foodwatch,foodwatch e.V.,≤100
101326131878243,GP Prüfservice,Marcus Pauli,≤100
225499161202327,"Peter Felser, AfD",Michaela Luise Schuster,≤100
1739138546404072,iwd,IW Medien,≤100
456442717841951,HarperCollins Deutschland,Verlagsgruppe HarperCollins Deutschland GmbH,≤100
287620881589935,Klimaschutzministerium RLP,Umweltministerium RLP,≤100
200862356620805,GegenStandpunkt,GegenStandpunkt Verlagsgesellschaft mbH,≤100
206584163580,Stiftung Mercator,Stiftung Mercator,≤100
572530603230497,AfD-Fraktion im Hessischen Landtag,AfD-Fraktion im Hessischen Landtag,≤100
320748971641029,"Martin Böhm, MdL",Martin Böhm,≤100
106274755392015,"Robert Farle Mansfeld-Südharz, Saalekreis",Robert Farle,≤100
1077260675704647,Wohnglück,Impleco GmbH,≤100
593476900673774,ifaw,ifaw,≤100
107898832590939,European Commission,European Commission,≤100
1540045636302649,Arolsen Archives,Arolsen Archives,≤100
1801672130156352,Auslandsinformationen / International Reports,Konrad-Adenauer-Stiftung,≤100
2158012137543502,AfD-Fraktion im Bayerischen Landtag,AfD-Fraktion im Bayerischen Landtag,≤100
260106687889118,Kopp Verlag,Kopp Verlag,≤100
134662743239116,academics.de,academics GmbH,≤100
112743275430520,International Campaign for Tibet Deutschland e.V.,International Campaign for Tibet Deutschland e.V.,≤100
127143338110,missio,missio,≤100
117534528257937,Bund für Umwelt und Naturschutz Deutschland,Bund für Umwelt und Naturschutz Deutschland,≤100
450712981662234,Markus Ferber,Markus Ferber,≤100
442641152463575,EGIS,EGIS VERWALTUNGS GMBH,≤100
300225473377094,indeon magazin,Medienhaus der Evangelischen Kirche in Hessen und Nassau GmbH,≤100
1505198643073430,Matthias Lieschke AfD,Matthias Lieschke,≤100
114554831934355,Tierschutzbund,Deutscher Tierschutzbund e.V.,≤100
630172117364339,POST von GEHRKE,Elmar Gehrke,≤100
291047031608523,USR Germania,Partidul Uniunea Salvați România,≤100
101124947919410,GermanZero,GermanZero e.V.,≤100
102488152777056,Gegen das Verbrennerverbot in Europa,Mobil in Deutschland e.V.,≤100
249296718436,IG Metall,IG Metall,≤100
198244400189055,Entega,ENTEGA Plus GmbH,≤100
382618135271450,Dreluso Pharmazeutika,DRELUSO Pharmazeutika,≤100
850743671661412,Kirche im NDR,Kirche im NDR,≤100
1967019790197412,Markus Wagner,"Markus Wagner, MdL",≤100
1695216187437098,Albrecht Glaser,Albrecht Glaser,≤100
133878906642545,BASECAMP digital,BASECAMP digital,≤100
130495620339740,Wintershall Dea,Wintershall Dea AG,≤100
164513593594332,Deutsche Aidshilfe,Deutsche Aidshilfe,≤100
183448258342806,Angelika Niebler,EVP-Fraktion im Europäischen Parlament,≤100
1783417735277557,Martin Reichardt,Martin Reichardt,≤100
105987068154008,Nadja Sthamer,"Für Leipzig im Bundestag - Nadja Sthamer, MdB",≤100
274393199630147,Matthias Nölke,Matthias Nölke,≤100
135984139804495,SoVD - Sozialverband Deutschland e.V.,SoVD - Sozialverband Deutschland e.V.,≤100
117065414989292,IKK classic,IKK classic,≤100
567366010021216,Bundesministerium der Justiz,Bundesministerium der Justiz,≤100
111668221306759,Climate Campaigners,Climate Campaigners,≤100
416471345591053,CDU-Gemeindeverband Rosdorf,CDU-Gemeindeverband Rosdorf,≤100
135591596484147,ABDA - Bundesvereinigung Deutscher Apothekerverbände e. V.,ABDA - Bundesvereinigung Deutscher Apothekerverbände e. V.,≤100
101939306149779,Grünwelt Energie,These ads ran without a disclaimer,≤100
157935946201,co2online,co2online gemeinnützige Beratungsgesellschaft mbH,≤100
110328191845942,DieParusie.de,André Oswald Hartmann,≤100
178362315106,European Parliament,European Parliament,≤100
332923170220,ONE Deutschland,ONE Deutschland,≤100
140889782312,Friedrich-Naumann-Stiftung für die Freiheit,These ads ran without a disclaimer,≤100
338599714529,CSU Bayreuth-Stadt,CSU-Kreisverband Bayreuth-Stadt,≤100
99923813221,vorwärts,Berliner vorwärts Verlagsgesellschaft mbH vorwärts,≤100
194436357268781,Deutsche Atlantische Gesellschaft,Deutsche Atlantische Gesellschaft e.V.,≤100
104895582101538,"Barbara Lenk, Mitglied des Bundestages",Barbara Lenk,≤100
415367309037687,Klaus Esser,Klaus Esser,≤100
104394848165830,snooglee.networks,These ads ran without a disclaimer,≤100
225012151032427,Bürgerwerke,Bürgerwerke,≤100
181535349099426,"Jörn König, MdB",Jörn König,≤100
158059954364490,Das Prinzip Apfelbaum,Das Prinzip Apfelbaum,≤100
680341992382788,Raimond Scheirich,Raimond Christian Scheirich,≤100
174118102615738,Brot für die Welt,Brot für die Welt,≤100
100243055493546,Animal Society e.V.,Animal Society e.V.,≤100
101788562637808,Gina Sonia 194,These ads ran without a disclaimer,≤100
100363378760233,via bonum,via bonum AG,≤100
101376581567145,Spielfeld Gesellschaft,Nds. Lotto-Sport-Stiftung,≤100
1947378708884004,Initiative Frosch,Initiative Frosch,≤100
193902536304,Aufbau Verlage,Aufbau Verlag GmbH & Co.KG,≤100
2264160857188955,Kachelofenwelt,GVOB – GesamtVerband OfenBau e.V.,≤100
100202601987964,KlimazukunftWald,Deutscher Forstwirtschaftsrat e. V.,≤100
169412026440818,CDU Heiligenhaus,CDU Heiligenhaus,≤100
137521576294353,Deutsche Kinderhilfe - Die ständige Kindervertretung e.V.,Deutsche Kinderhilfe - Die ständige Kindervertretung e.V.,≤100
103958091556809,Du Land der Bayern,Du Land der Bayern,≤100
828592350541836,Bildungswerk für Kommunalpolitik Sachsen e.V.,Lutz Barthel,≤100
368169643204974,Deutsche Bank Schüler-Karriere,Deutsche Bank Schüler-Karriere,≤100
108766202103136,HARMlose Fragen,Harm Rykena,≤100
110976485656573,Junge Liberale JuLis,Junge Liberale,≤100
322096293815,zrce.eu,Zrce.eu,≤100
102537995024835,Jörg Feuerbacher,Jörg Feuerbacher - Alternative für Deutschland,≤100
110056008288031,Rechtsanwaltskanzlei Matthias Prinz - Mainz,Matthias Prinz,≤100
182170223513,Göttinger Tageblatt,MADSACK Market Solutions GmbH,≤100
848908368459075,André Wendt,André Wendt,≤100
369808499805109,Melanie Huml,Melanie Huml,≤100
100572773318575,Ärzte der Welt,Ärzte der Welt e.V.,≤100
110802954153447,Klim,Klim GmbH,≤100
252217071494195,Inklusives Arbeitsleben,LWL-Inklusionsamt Arbeit,≤100
107389761091734,WooDu,WooDu GmbH,≤100
108790714228260,EPS BHKW GmbH,EPS BHKW GmbH,≤100
260335584433785,Mehmet Yildiz,Mehmet Yildiz,≤100
114979738194136,graflauenstein,These ads ran without a disclaimer,≤100
121097790490,Albert Schweitzer Stiftung für unsere Mitwelt,Albert Schweitzer Stiftung für unsere Mitwelt,≤100
128007397258208,Internationaler Bund,Internationaler Bund (IB),≤100
132505256799678,Linksfraktion Berlin,Linksfraktion Berlin,≤100
123695861022292,Schwarzesocke Mailorder,Schwarzesocke Mailorder,≤100
1124641927546813,Hoffnungsträger,Hoffnungsträger,≤100
306829362712575,FDP Flensburg,FDP Flensburg,≤100
104524625500438,Birgit Heitland,Birgit Heitland,≤100
111233810781057,Niko Reith,Nikolai Alexander Reith,≤100
488618544560392,Marx-bloggt - Autor und Lektor,Christoph Marx,≤100
275440721974,ting,ting Beratungs-GmbH,≤100
108878475476392,Mission Female,Mission Female GmbH,≤100
153450038061323,SPD Barsinghausen,SPD Ortsverein Barsinghausen,≤100
102372211623711,AfD Stadtratsfraktion Augsburg,AfD-Fraktion im Augsburger Stadtrat,≤100
563753786980536,Kathrin Vogler,Kathrin Vogler,≤100
112005127912585,"Michael Tryzna Partei -MTP ""Verband Stadt und Landkreis Kassel""",Michael Tryzna,≤100
337490039624409,Leibniz-Gemeinschaft,Leibniz-Gemeinschaft,≤100
1060248910727859,"Thomas Seitz, MdB","Thomas Seitz, MdB",≤100
112127710187776,LEA Hessen,LandesEnergieAgentur Hessen,≤100
116544291761495,Kindernothilfe E.V.,Kindernothilfe E.V.,≤100
120796590921150,Jana Witschetzky,Jana Witschetzky,≤100
677376205783261,AfD Fraktion Stadt und Kreis Gifhorn,AfD Fraktion Gifhorn,≤100
130374060326405,Diakonie RWL,Diakonisches Werk Rheinland-Westfalen-Lippe e.V.,≤100
860326440798596,Energas BHKW GmbH,These ads ran without a disclaimer,≤100
101840738760650,Arteee12465,These ads ran without a disclaimer,≤100
157315174298307,DAK-Gesundheit,DAK-Gesundheit,≤100
104473015548015,Theblood.io,These ads ran without a disclaimer,≤100
132487070765352,Stiftung Familienunternehmen,Stiftung Familienunternehmen,≤100
107407945980041,Deutsches Kinderhilfswerk e.V.,Deutsches Kinderhilfswerk e.V.,≤100
259870778893,ARAG Versicherungen,These ads ran without a disclaimer,≤100
822829164435431,Die Politische Meinung,Konrad-Adenauer-Stiftung e.V.,≤100
993853507487978,Freunde und Förderer des Tierpark Wolgast,Daniel Staufenbiel,≤100
118933654471323,DeinSolarpartner.com,These ads ran without a disclaimer,≤100
109144388198985,Susanne Rößner - FW,Susanne Rößner,≤100
159118690814535,ME Ausbildung NRW,These ads ran without a disclaimer,≤100
2282761148661410,Fritz Bauer Forum,BUXUS Stiftung gGmbH,≤100
104914122509208,Spaceclipse,These ads ran without a disclaimer,≤100
106851554076303,alpha innotec Deutschland,These ads ran without a disclaimer,≤100
233154695304698,hp.p.gruppe,These ads ran without a disclaimer,≤100
1119942894694068,Hamburger Hilfskonvoi,Christian Großeholz,≤100
100916505475436,Living Berlin,These ads ran without a disclaimer,≤100
141345402562251,DGB Jugend,DGB Jugend,≤100
610147385724902,Jamila & The Other Heroes,These ads ran without a disclaimer,≤100
111577075092362,impact.one.initiative,These ads ran without a disclaimer,≤100
106390065596967,Stadtklima Halle,Stadtklima Halle,≤100
380730255365908,S-Küche,These ads ran without a disclaimer,≤100
112499268411777,Svidok - Voices of the War in Ukraine,These ads ran without a disclaimer,≤100
100578766311929,Chroma Druckerei,These ads ran without a disclaimer,≤100
474330529388223,Sigr,These ads ran without a disclaimer,≤100
279224236093475,İyi Dünya Derneği,These ads ran without a disclaimer,≤100