﻿Page ID,Page name,Disclaimer,Amount spent (CLP)
429657563782175,Vlado Mirosevic Verdugo,Vlado Mirosevic Verdugo,16478
855311658006240,Jorge Díaz Ibarra,Jorge Elias Gregorio Diaz Ibarra,7458
580663538777736,Consejo Minero,Feedback Comunicaciones,2583
401014659983460,El Morrocotudo,MiVoz.cl,1505
78239901502,Diario Financiero,Grupo DF,827
105783868682878,Asistencia Tesorería,Asistencia Tesoreria,747
104189318481439,Minería y Futuro,Mineria y Futuro,629
386634201382499,Marco Enriquez-Ominami,Marco Antonio Enríquez-Ominami Gumucio,515
246478779511291,Lex Grupo Abogados,Lex Grupo Abogados,436
78617029137,Greenpeace Chile,Fundación Greenpeace Pacífico Sur,344
103030962615298,Chile YAAC,Chile YAAC,331
293103284121826,Fundación Para el Progreso,Fundación Para el Progreso,191
110405624650830,Chile En La Encrucijada,Juan Antonio Montes Varas,139
1436530563295625,El Líbero,Sociedad Periodística El Líbero S.A,119
339548319447427,Pillin,These ads ran without a disclaimer,118
435283973477326,DER Ediciones,These ads ran without a disclaimer,110
145925692108470,Educación Continua UC Temuco,UNIVERSIDAD CATÓLICA DE TEMUCO,106
1434475783438153,Magical,These ads ran without a disclaimer,≤100
105216102185508,Cvr_abogados,Cvr_abogados,≤100
103866015917333,KM Abogada,These ads ran without a disclaimer,≤100
187686168544096,Praderas de Frutillar,These ads ran without a disclaimer,≤100
104817242476208,Raku Consultores,"Sociedad De Asesorías, Consultorías y Capacitaciones RAKU SpA",≤100
108557574347706,Fundación Conecta Mayor,Fundación Conecta Mayor,≤100
109320915130439,Adipa Seminarios,These ads ran without a disclaimer,≤100
228557190541436,BancoEstado,These ads ran without a disclaimer,≤100
102571976107819,el_tren_corporacion_,These ads ran without a disclaimer,≤100
391942677830037,Henry Leal Bizama,Henry Leal Bizama,≤100
114622924012704,vector_clothing84,These ads ran without a disclaimer,≤100
103367755528810,contraretorica,These ads ran without a disclaimer,≤100
100645555080281,Academia Nacional de Litigación,Academia Nacional de Litigación,≤100
1727280190891954,FRANCE 24 Español,These ads ran without a disclaimer,≤100
130550720303550,DuocUC,Duoc UC,≤100