﻿Page ID,Page name,Disclaimer,Amount spent (BOB)
381920638544893,Soy Santa Cruz Bolivia,Soy Santa Cruz Bolivia,274
103466912684381,Reforma Judicial SCZ,JMS.COM.BO,≤100
130336323685885,Gobernación de Santa Cruz,Gobernación de Santa Cruz,≤100
109201057318552,JCSV,Fernando Omar Rosales Perez,≤100
964080723662055,Carlos Subirana Responde,Editorial CSS,≤100
102536645161497,Pierre Chain - C O N C E J A L,Pierre Chain - C O N C E J A L,≤100
279677395908479,Virginio Lema Trigo,Walter Agustin Zambrana Arze,≤100
106403237850347,Goberna Bolivia,Goberna,≤100
101824857848955,Enrique Urquidi - Diputado,Enrique Fernando Urquidi Daza,≤100
102652851097134,Oscar Balderas Diputado,Oscar Alberto Balderas Montaño,≤100
1947703858861720,Mayra Zalles - Diputada,Mayra Ingrid Zalles Trigo,≤100
107585134511680,Jaime Mamani Espíndola,Wilmer Rivero Nino,≤100
331406083686277,Vladimir Peña,Vladimir Ariel Peña Virhuez,≤100
102362426181246,Bicentenario de Bolivia 1825-2025,These ads ran without a disclaimer,≤100
370615526396567,Pablo Arízaga Ruiz,Walter Pablo Arizaga Ruiz,≤100
1494149867545673,Cesar Mormontoy,These ads ran without a disclaimer,≤100
111585510603603,Elena Pachacute - Diputada Nacional,María Elena Pachacute Ticona,≤100
105894621469686,Coordenada Digital,Coordenada Digital,≤100
636958269681223,Mauricio Lea Plaza P.,Mauricio Adolfo Lea Plaza Peláez,≤100
101443721586040,lacasa8astrologia,These ads ran without a disclaimer,≤100
747420075340256,El Agricultor Primero,These ads ran without a disclaimer,≤100
100374392742057,Weregreenly- Magazine,These ads ran without a disclaimer,≤100
307682176615916,ACT2gether,These ads ran without a disclaimer,≤100
109888808553507,Neol,These ads ran without a disclaimer,≤100
1582097658746272,safe2choose,These ads ran without a disclaimer,≤100
111196441899324,Casas Solares,These ads ran without a disclaimer,≤100