﻿Page ID,Page name,Disclaimer,Amount spent (UYU)
857096944310280,Ismael Blanco,Ismael Blanco Martino,≤100
308762172579887,Rodrigo Goñi Reyes,Maria Florencia Porro,≤100
225968600759645,Andrés Lima,Ernesto Dario Castro Rodriguez,≤100
292074670808351,Frente Amplio,Frente Amplio,≤100
127563343937400,Ágora Consultores | Investigación Social Aplicada,Ágora Consultores: Investigación Social Aplicada,≤100
102658895494661,Irene Gonçalvez Mautone,Irene Gonçalvez Mautone,≤100
104376759188069,Agsky-scrape,These ads ran without a disclaimer,≤100