﻿Page ID,Page name,Disclaimer,Amount spent (USD)
857378244370245,BanEcuador,BanEcuador,≤100
108657847619569,Goberna Ecuador,Goberna Ecuador,≤100
105539772365757,Mentordemy,Mentordemy,≤100
323805931445,Nature's Garden,Nature´s Garden,≤100
2221570604786246,Primicias,Primicias,≤100
101056676141616,Asesoría Política - Goberna Ecuador,Goberna Ecuador S.A.S,≤100
109400701825446,Spartan International Academy,Spartan International Academy,≤100
177272335650177,Crecimiento Empresarial,Crecimiento Empresarial,≤100
120138160331599,EDUCATICS,Educatics,≤100
495225060514172,Degso,Gabriela Veronica Chango Hermoza,≤100
575635632522264,Dr. Roberto Gilbert Febres Cordero,Felipe Sojos,≤100
195488207272178,Ciudadanía y Desarrollo,Ciudadanía y Desarrollo,≤100
423012001497916,Darwin Pereira,Darwin Pereira,≤100
148963240630570,Tomas Zevallos,Tomás Tupacyupanqui Zevallos Vera,≤100
118592938221174,ZTE Corporation,These ads ran without a disclaimer,≤100
110559431842448,Academia de Danza Maria Isabel Angel,These ads ran without a disclaimer,≤100
101765851519633,Martha Escobar Carbonelly,Martha Escobar Carbonelly,≤100
109322002082471,"Blog de marxismo tercermundista científico, heterodoxo y anti-neocolonial",These ads ran without a disclaimer,≤100
596858787607676,Ciudades Verdes,These ads ran without a disclaimer,≤100