﻿Page ID,Page name,Disclaimer,Amount spent (USD),Number of ads in Library
105677932242653,Lecteurs du Mali,an advertiser in Mali,≤100,1
110569738072660,Seydou Mamadou Coulibaly,an advertiser in Mali,≤100,1
101777382488065,Jfashtv,These ads ran without a disclaimer,≤100,1
299227550122220,Radio Cina Internazionale,These ads ran without a disclaimer,≤100,1
669307523469574,EveryJew,These ads ran without a disclaimer,≤100,4
1096538887134446,Reuters Plus,These ads ran without a disclaimer,≤100,1
101715608808670,Judgment Day: Angel of God,These ads ran without a disclaimer,≤100,1
200480966638039,Supremacy 1914,These ads ran without a disclaimer,≤100,1
488965394532508,CRI日本語,These ads ran without a disclaimer,≤100,1
725505594135727,Adventure Escape,These ads ran without a disclaimer,≤100,1
758349691019660,"Zhangjiagang, China",These ads ran without a disclaimer,≤100,1