﻿Page ID,Page name,Disclaimer,Amount spent (EUR)
101519168409673,Dimitar Kovacevski,СДСМ,≤100
100954761298205,frontline.mk,frontline.mk,≤100
192483774872658,Демократи,Демократи,≤100
148427235188637,СДСМ - Социјалдемократски сојуз на Македонија,СДСМ,≤100
1677572455714659,Јорго Огненовски,Jorgo Ognenovski,≤100
255990845327431,Левица,Левица / E majta / Levica,≤100
101754962766151,Рацин.мк,Рацин.мк,≤100
102860779377395,Само кажувам,Само кажувам,≤100
152995591517845,Novatv Web,Novatv Web,≤100
211084826136102,Јанко Бачев,Единствена Македонија,≤100
101694005032101,Bojan Maricik,Bojan Maricik,≤100
219453054891896,Vesti +,Vestiplus.mk,≤100
400497373674524,СамоПрашај.мк,Institut za komunikaciski studii,≤100
149032011830930,Centar.mk,Centar.mk,≤100
100746718435265,Fatmir Bytyqi,Fatmir Bytyqi,≤100
461034264336817,24инфо.мк,24инфо.мк,≤100
191683947531941,medium.edu.mk,Институт за комуникациски студии,≤100
106175234344995,Зоран Коцевски,Zoran Kocevski,≤100
324459714339171,Civil MK,Civil MK,≤100
1482737048633478,Институт за комуникациски студии ИКС / Institute of Communication Studies,Институт за комуникациски студии,≤100
869754339830023,Maski magazin/Машки магазин powered by Faktor.mk,Faktor Portal DOO,≤100
2256986231246548,Левица - Сектор Економија,Левица / E majta / Levica,≤100
108888435328642,Glasot na Evropa,These ads ran without a disclaimer,≤100