﻿Page ID,Page name,Disclaimer,Amount spent (NGN)
102169824695398,Rero TV,Oghenebrorhie Okotie,4524
11055104471,ONE,These ads ran without a disclaimer,3114
54779960819,United Nations,United Nations with Facebook Ad Credits,1911
191066234648103,Shehu Musa Yar'Adua Foundation,Shehu Musa Yar'Adua Foundation,890
14312764639,Atiku Abubakar,The Atiku Campaign,482
1813961455356524,Ewhrudjakpo Lawrence,Akinyemi Opeyemi Oluwaseun,444
106116418976309,Support Obi-Datti,Chinaza Somtochukwu Ibeofokile,238
113312051377035,Professor Christopher Imumolen,Irene Christopher Imumolen,204
106955635517175,Petroleum Industry Act and You,The Nigerian Upstream Petroleum Regulator Commission,178
1089641091059109,Hon. Kelechi Nwogu,Fabia Benibo,148
105208365731340,F-SAO4Tinubu/Shettima2023,Emmanuel Oko,137
1924396441113309,Onogwu Muhammed,Martins Onuorah,≤100
241499009731835,Ifeanyichukwu Ibezi,Ifeanyichukwu Ibezi,≤100
101633582008609,The Fidelinfo News,Fafoluyi Olayinka Micheal,≤100
565225540184937,CGTN,These ads ran without a disclaimer,≤100
107241665289643,Nigeria 4 Peter Obi,Ajibola Adeboye,≤100
316575672459262,Hon.Dr Ekene Augustine Aghasiefo,Hon.Dr Ekene Augustine Aghasiefo,≤100
106746234702890,E.D.O TV,John Obijeme Ii,≤100
171885956874687,Because Of Our Tomorrow,BOOT Party,≤100
654180731859809,T-Police,T-Police,≤100
105827948663647,Within Nigeria,WITHIN NIGERIA MEDIA LTD,≤100
266906487061241,Y Monitor,The Future Project,≤100
102126542194217,Reps Aspirants Forum -RAF,Reps Aspirants Forum -RAF,≤100
1600094170320323,Enormous FACTS,Enormous FACTS Magazine by MediaMall,≤100
102450809270806,Kangiwa 360,Yusuf Salisu Funtua,≤100
101622722635138,Advocacy For Good Governance,Nnadi Sunny,≤100
102801582460165,SIM Media Volunteers,SIM Media Volunteers,≤100
660685641036325,Sandeco Group,Vincent Southey Effiong,≤100
113634478203726,garbamusa4senate,garbamusa4senate,≤100
101953642559043,NewsWorld,newsworld,≤100
103004258030272,Imoh Inyangette,Imoh Inyangette,≤100
192143371158350,Toby Jug Foundation.,Johnmartins Ijere,≤100
1598205703573433,Senator Uba Sani,Uba Sani Media,≤100
101813086045206,Hon. Suleiman Abdulrazak Sariki,Hon. Suleiman Abdulrazak Sariki,≤100
119723736100630,Ala - Delight Publicity Services,Moses Oyinkuro,≤100
102915965804953,Lagos Professionals for Sanwo-olu,Leke David,≤100
101620952700531,Babandi Ibrahim,Babandi Gumel Ibrahim,≤100
1056162421085650,Research Features,These ads ran without a disclaimer,≤100
661065317375273,Beyond Clothing Nigeria,Beyond Clothing Ltd,≤100
223287104715778,Oxfam,These ads ran without a disclaimer,≤100
1199020920114389,EOS Data Analytics,These ads ran without a disclaimer,≤100
326770580739640,Revive Israel Tikkun Global,These ads ran without a disclaimer,≤100
100311291847776,Gender-Based Violence Area of Responsibility,These ads ran without a disclaimer,≤100
102835755970763,NN19,NN19,≤100
158714780827513,UNFPA,UNFPA,≤100
109466785028287,Prince Dr Emeka Eze,Michael Obiekwe,≤100