﻿Page ID,Page name,Disclaimer,Amount spent (TRY)
102095934751904,Deva Partisi,Deva Partisi,≤100
370802392936678,Antalya Muratpaşa Belediyesi,Antalya Muratpaşa Belediyesi,≤100
111162852275902,Uluslararası Af Örgütü Türkiye Şubesi,Uluslararası Af Örgütü Türkiye Şubesi,≤100
166842100042016,Standard Chartered Great City Race,These ads ran without a disclaimer,≤100
107677442072156,Bakış Açısı,Mustafa İlhan,≤100
180404128680446,Dr. Şadi YAZICI,Dr. Şadi YAZICI,≤100
104843984227456,Mehmet Özışık,Mehmet Ozisik,≤100
105376981385020,Referandom,Referandom,≤100
107924807410702,Samet Bağcı,Samet Bağcı,≤100
117491812983397,Yurttan Sesler,Yurttan Sesler,≤100
1104153776387884,Halk Haber Ajansı,Resul Mesut Büyüksarı,≤100
100516989042507,Balıkesir Posta TV,Ahmet Namlı,≤100
103167881182863,Temiz Enerji Haber Portalı,Temiz Enerji Haber Portalı,≤100
109407151806354,İsmail İnlidere,Ismail Inlidere,≤100
102266545907696,esrataskinofficial,These ads ran without a disclaimer,≤100
911466802392220,Nezih Yalçın - Akdağmadeni Belediye Başkanı,Nezih Yalçın,≤100
890935934274178,Serdar Sandal,Burak Özer,≤100
1439683329600228,Ümit Uysal,Ümit Uysal,≤100
107160395294253,Füsun Çevik Karaman,Füsun Çevik Karaman,≤100
759960337453594,Reis Erdoğan,Huseyin Rahat,≤100
103022227870586,Naim MAKAS,Naim Makas,≤100
101703364865964,Mustafa Durmus,Talha ŞEŞKA,≤100
107164761330974,Cengizhan YILDIZ,Cengizhan Yildiz,≤100
498108350567415,Nilüfer Deveci,Nilufer Deveci,≤100
108675144970867,7/24 Gündem,7/24 Gündem,≤100
112167498263549,ozlem.andiz,These ads ran without a disclaimer,≤100
105424640803008,TRT World Forum,These ads ran without a disclaimer,≤100
620603084728688,Dr. Diş Hekimi Hüseyin Özkahraman,Dr. Diş Hekimi Hüseyin Özkahraman,≤100
110010815263548,Gerçek Gündem TV,Bülent Özdoğan,≤100
532775093532626,Yücel Bulut,Yucel Bulut,≤100
188735457815836,Emekçi Hareket Partisi (EHP),Emekçi Hareket Partisi,≤100
1883376938386253,Ebedi Başkomutan Atatürk,Huseyin Rahat,≤100
104143732237595,Sürekli Haber,Sürekli Haber,≤100
102637135553641,Serhat Uçak'la Şimdi Haberler,Serhat Uçak,≤100
463215923715177,Mehmet Yiğiner,Bekir Koyuncu,≤100
106789305232883,وكالة الشرق الأوسط الإخبارية,وكالة الشرق الأوسط الإخبارية,≤100
1614212022160759,Fehmi Yağlı,Fehmi Yagli,≤100
103728271055286,Selçuk Kılıçaslan,Selcuk Kilicaslan,≤100
100183629572435,Gün Gün Kurtuluş Savaşı,İlker  Tanrıverdi,≤100
815048841929079,M. Ergün Turan,M. Ergün Turan,≤100
429226354299015,Tek Haber Gazetesi,Basbay Hasan Murat,≤100
1553641634884227,Sosyalizmde Rönesans,Mehmet Cagirici,≤100
283657205667155,Mustafa Ali Fırtına,Mustafa Ali Firtina,≤100
588319621318434,Samsun Gümüşhane Dernekleri Federasyonu,Mustafa Seven,≤100
298764070816267,Mehmet Tütüncü,Mehmet TÜTÜNCÜ Türkiye Temsilcisi,≤100
506107706201274,Antalya Esnaf ve Sanatkarlar Odaları Birliği,Antalya Esnaf ve Sanatkarlar Odaları Birliği,≤100
465887546792664,Halkın Kurtuluş Partisi - HKP,TAYFUR BİN,≤100
106550082262332,Sensational Tech,These ads ran without a disclaimer,≤100
1386832938211808,Doç. Dr. Necmettin Çalışkan,Beyzade Fm & Tv ile anlaşmalı,≤100
2171025259612438,Tufan Akan,Tufan Akan,≤100
549579538907553,Erhan ÖZHAN I Bünyan I Kayseri,Erhan Ozhan,≤100
100268645491516,İsra Akademi,These ads ran without a disclaimer,≤100
104720632449919,Tbt Tarihte Bugün,Taha Gümüştaş,≤100
111399085107544,yilm_azde,These ads ran without a disclaimer,≤100
179646438723540,Ince Topuk,These ads ran without a disclaimer,≤100
2122382917784550,Şeref Albayrak Halfeti Belediye Başkanı,Şeref Albayrak Halfeti Belediye Başkanı,≤100
135743791692611,Bağımsız Türkiye Partisi Trabzon İl Başkanlığı,Ali Hekimoğlu,≤100
276652289141318,OSMAN KOZAN,Osman Kozan,≤100
107928985447483,Hakan Kayacı,These ads ran without a disclaimer,≤100
100457416077040,Santeroll Sağlık,Sevda Gumus,≤100
104373561467884,Serhat Servet Dövenci,Serhat Servet Dövenci33,≤100
104133894339338,Anaar Urban Fashion,These ads ran without a disclaimer,≤100
954298964703081,Abbott FreeStyle,These ads ran without a disclaimer,≤100
1834313933459789,BBC StoryWorks,These ads ran without a disclaimer,≤100