﻿Page ID,Page name,Disclaimer,Amount spent (EGP)
113432613540693,وزارة الصحة والسكان المصرية,وزارة الصحة والسكان المصرية,160
102513686183312,ياسر القماش Yasser El Kamash,ياسر القماش Yasser El Kamash,≤100
550280998481446,Rasha Kelej,Rasha Kelej,≤100
100835565731657,Ahmed Amin Massoud - أحمد أمين مسعود,Ahmed Amin Massoud - أحمد أمين مسعود,≤100
273900239400893,نقابة المحامين المصرية,نقابة المحامين المصرية,≤100
113390001735261,حزب مصر أكتوبر - الإسكندرية,حزب مصر أكتوبر - الإسكندرية,≤100
181524565276709,الهلال الأحمر المصري - Egyptian Red Crescent,الهلال الأحمر المصري - Egyptian Red Crescent,≤100
102521556232446,أساس ميديا مصر - Asas Media Egypt,asasmedia,≤100
137375666332415,Paper Middle East Exhibition,These ads ran without a disclaimer,≤100
103745798627292,المستشار ماهر ميلاد اسكندر,المستشار ماهر ميلاد اسكندر,≤100
104864037834748,المستشار شعبان رأفت عبداللطيف,المستشار شعبان رأفت عبداللطيف,≤100
192320965049184,الإعلامية نيفين منصور,الإعلامية نيفين منصور,≤100
121565980915958,سلسلة تأسيس The best start,These ads ran without a disclaimer,≤100
110877857406073,المهندس حسام لبن,المهندس حسام لبن,≤100
100391255098382,Amal Ramzy,Amal Ramzy,≤100
106450555171099,مجدي البري - Magdy Elbery,مجدي البري - Magdy Elbery,≤100
105872082337085,النائب أحمد عبدالجواد,النائب أحمد عبدالجواد,≤100
127757937250301,German Information Centre Arab World - المركز الألماني للإعلام,These ads ran without a disclaimer,≤100
535371883202755,Freddy Elbaiady  صفحة فريدي البياضي,Freddy Elbaiady  صفحة فريدي البياضي,≤100
103291013528894,Dr.Mokhtar Gomaa,Dr.Mokhtar Gomaa,≤100
117690156743688,النائب حافظ عمران,النائب حافظ عمران,≤100
109967521786747,أغانى  الانتخابات,أغانى  الانتخابات,≤100
101586878327765,Hassanein Tawfiq - حسانين توفيق,Hassanein Tawfiq - حسانين توفيق,≤100
106719921012688,Ahmed Bahaa Shalaby-أحمد بهاء شلبي,Integrated Marketing Communications For Media.IMC,≤100
112161944845807,Nevein Basiouny,Nevein Basiouny,≤100
595025640685644,النائبة شيرين عبد العزيز - Sherin abdelaziz,النائبة شيرين عبد العزيز - Sherin abdelaziz,≤100
165525366896608,Soka Gakkai,These ads ran without a disclaimer,≤100
692939830826213,Mohamed Badran  محمد بدران,Mohamed Badran  محمد بدران,≤100
608650595820049,The Conqueror Challenges,These ads ran without a disclaimer,≤100
102498564631055,Asharq News الشرق للأخبار,These ads ran without a disclaimer,≤100
471863683008000,الشبكة العربية للمؤسسات الوطنية لحقوق الإنسان,These ads ran without a disclaimer,≤100
105962834688766,Lea Kotche femme Leader.,These ads ran without a disclaimer,≤100
112978328496085,نيوز,These ads ran without a disclaimer,≤100
298861020736,فرانس 24 / FRANCE 24 Arabic,These ads ran without a disclaimer,≤100
104050689270424,Liberty & Justice,These ads ran without a disclaimer,≤100
104682499190796,7 R لاجود انواع طقم المكتب,These ads ran without a disclaimer,≤100
117710657862170,BelArabiyah بالعربية,These ads ran without a disclaimer,≤100