﻿Page ID,Page name,Disclaimer,Amount spent (USD)
110611058416081,Amazing Educational Consultancy-HO,These ads ran without a disclaimer,≤100
115357894958425,शिक्षा अधिकार नेपाल,These ads ran without a disclaimer,≤100
802090139805877,Tony Marioghae,These ads ran without a disclaimer,≤100
1096538887134446,Reuters Plus,These ads ran without a disclaimer,≤100
119498774447228,Out & Proud Clothing Co.,These ads ran without a disclaimer,≤100
118163594574234,D Majumder,These ads ran without a disclaimer,≤100