﻿Page ID,Page name,Disclaimer,Amount spent (INR)
1742889082665547,BJP Mizoram,Bharatiya Janata Party,1806
118837474478228,Northeast With NaMo,Northeast With NaMo,277
1434753153489234,"DIPR, Department of Information & Public Relations, Rajasthan",DIPR,102
479998865355592,Aditya Birla Group,Aditya Birla Group,≤100
1954072204870360,NEWJ,NEWJ,≤100
109937650579639,discovery+,discovery+,≤100
100146859467552,Pirojsha Godrej Foundation,Pirojsha Godrej Foundation,≤100
30290552843,Greenpeace India,Greenpeace India Society,≤100
133493680681261,Borra Gnaneshwer Mudhiraj,Borra Gnaneshwer Mudhiraj,≤100
142752549111246,Construction World,Asapp Info Global Services Pvt. Ltd.,≤100
270666596375251,Jhatkaa.org,Jhatkaa.org,≤100
106650475483675,The Borderlens,The Borderlens,≤100
103782051383159,School of Politics,School of Politics,≤100
106753539042848,Values 20 Group,Brand Balance,≤100
333426070147135,Benny Kuriakose Associates,Benny Kuriakose Associates,≤100
21169267101,Give,Give,≤100
578878525639991,Telangana Congress,Telangana Congress,≤100
100735178208398,Udyami India,Samadhan Samiti,≤100
524665794408050,CASA,CASA India,≤100
174283119250672,Bal Raksha Bharat,Bal Raksha Bharat,≤100
204318116677554,National Herald,National Herald,≤100
109545244848137,Crafto,Kutumb App,≤100
446315955838127,New India Junction,New India Junction,≤100
369063569936141,Lung Care Foundation,Lung Care Foundation,≤100
101437656247049,Modi Quotes,Modi Quotes,≤100
102585599142804,Baatein Unlocked,Baatein Unlocked,≤100
392150647910803,Bharat Lok Shiksha Parishad,Bharat Lok Shiksha Parishad,≤100
132689140088396,smilefoundation,smilefoundation,≤100
317463093373,The Akshaya Patra Foundation,These ads ran without a disclaimer,≤100
2431806523558570,Aditya Bhagat,Aditya Bhagat,≤100
112314771829803,NorthEast Global Investors Summit,NorthEast Global Investors Summit,≤100
21169267101,Give,These ads ran without a disclaimer,≤100
101713962007976,Amrit Mahotsav,Amrit Mahotsav,≤100
150727778825020,Mobius Foundation,Mobius Foundation,≤100
586574801848194,Sunil Mendhe,Sunil Mendhe,≤100
108015368279979,Solh Wellness,Solh Wellness,≤100
107334185444129,Charitism Global,Charitism Global,≤100
1510631479236816,Hawa Badlo,These ads ran without a disclaimer,≤100
1327351450720146,Pradhan Mantri Bhartiya Janaushadhi Pariyojana,Pharmaceuticals & Medical Devices Bureau of India,≤100
520949671329992,Indian School of Democracy,Indian School of Democracy,≤100
592160907509900,Diya Kumari,Diya Kumari,≤100
186199704897466,RD Foundation,RD Foundation,≤100
797927846899300,Flag Foundation of India,Flag Foundation of India,≤100
111849888629598,Natraj pen home working Job 30000 monthly salary 15000 advance,These ads ran without a disclaimer,≤100
329145898982,Himanta Biswa Sarma,Himanta Biswa Sarma,≤100
106579659123221,ICWF World,ICWF Events & Exhibitions LLP,≤100
1541549386059854,Watermark Event Solutions LLP,Watermark Event Solutions LLP,≤100
108310592149005,Maharashtra Jayate,Futuready Media India Pvt Ltd.,≤100
132689140088396,smilefoundation,Smile Foundation,≤100
103206797721245,Tollygunge Trinamool Congress,Tollygunge Trinamool Congress,≤100
109674051919920,Gaga for Raga,Gaga for Raga,≤100
256278471555187,Baat Janta Ki,Baat Janta Ki,≤100
165714096933078,Piyush Goyal,Piyush Goyal,≤100
433382980078113,Gudur Narayana Reddy,Kalyan Chandra Consulting,≤100
698096280212576,Bhatti Vikramarka Mallu,Bhatti Vikramarka Mallu,≤100
243524299157863,Pushkar Singh Dhami,Pushkar Singh Dhami,≤100
535293583268635,Kailash Choudhary,Kailash Choudhary,≤100
116822768068808,The Big Bench,Futuready Media Pvt Ltd,≤100
1785302198354679,Dr. Somendra Tomar,Dr. Somendra Tomar,≤100
107594063255738,Ankur Warikoo,These ads ran without a disclaimer,≤100
384000501947350,Devendra Yadav,Think First,≤100
100549119644561,Jo Ram Ko Laye Hain Hum Unko Layenge 2024,Jo Ram Ko Laye Hain Hum Unko Layenge 2024,≤100
282198256011533,PM Narendra Swamy,PM Narendra Swamy,≤100
1644165492504830,Anekal Ramoji Gowda,Anekal Ramoji Gowda,≤100
203181590261286,Bhanu Pratap Singh,Bhanu Pratap Singh,≤100
116861874793427,Amitabh bachchan Narendra modi,These ads ran without a disclaimer,≤100
289085061102499,Sukhwinder Singh Bindra,Sukhwinder Singh Bindra,≤100
101641709033319,Dude is laughing,These ads ran without a disclaimer,≤100
106513368217532,Kento Jini,Kento Jini,≤100
565959223554906,Glass Bulletin,These ads ran without a disclaimer,≤100
1807761416182426,Kamal Midha,Kamal Midha,≤100
449378495112356,Swades Foundation,Swades Foundation,≤100
110854654991177,Bangla Hunt Shorts,Banglahunt Digital Media Pvt. Ltd.,≤100
421179061356837,Eknath Shinde - एकनाथ संभाजी शिंदे,Eknath Shinde - एकनाथ संभाजी शिंदे,≤100
224618077692752,Sanjay Tandon,CosMark Media Pvt Ltd,≤100
746568209028564,Dr. Basu Eye Hospital,Dr. Basu Eye Hospital,≤100
113736628186529,"भीती नाही कशाची, भाजपा तुमच्या पाठीशी","भीती नाही कशाची, भाजपा तुमच्या पाठीशी",≤100
103361481323931,Canadian Visa News,Canadian Visa News,≤100
1675237799375590,Chandra Mohan Patowary,Chandra Mohan Patowary,≤100
1937229199904146,Universal Diplomatic Affairs of Human Rights,Universal Diplomatic Affairs of Human Rights,≤100
100279188306944,Amrish rai,Amrish rai,≤100
110041803678379,Kabir Shankar Bose,Kabir Shankar Bose,≤100
108992338707380,Ankur Warikoo Courses,These ads ran without a disclaimer,≤100
350558792662542,Neeru Yadav,Neeru Yadav,≤100
195069364726665,Dr. Shishupal Yadav,Dr. Shishupal Yadav,≤100
101473421271430,Girish Krushnrao Pandav,Girish Krushnrao Pandav,≤100
469433939826906,GVL Narasimha Rao,GVL Narasimha Rao,≤100
112326528253527,Apex Online Solution,Apex Online Solution,≤100
101934341160333,प्रमोद नाना भानगिरे - Pramod Nana Bhangire,प्रमोद नाना भानगिरे - Pramod Nana Bhangire,≤100
841171029605948,India News,India News,≤100
103719915895025,Shri hari finance,Shri hari finance,≤100
397012043647456,Biharilal Bishnoi,Biharilal Bishnoi,≤100
347000259057520,Sangita Talmale,Sangita Talmale,≤100
1748666768770943,Umakant Sharma MLA,Umakant Sharma MLA,≤100
152154292012572,Navjivan,Navjivan,≤100
103088902327676,Dwarka Kunj,Dwarka Kunj,≤100
100146429815171,Coin Bazaar Mumbai Maharashtra D L,These ads ran without a disclaimer,≤100
1088373891289696,Kamal Yadav,AAJNEETI ADVERTISING,≤100
103784118675658,Education For All,Education For All,≤100
365797377098776,Nityanand Rai,Luna Creatives Pvt Ltd,≤100
101024828934975,Anti Corruption Federation India,These ads ran without a disclaimer,≤100
113484060843656,The Unmute,The Unmute,≤100
411129449009589,K.C. Venugopal,K.C. Venugopal,≤100
490132364411397,Sunil Dutt Dwivedi,Sunil Dutt Dwivedi,≤100
100901583063250,old coins company,These ads ran without a disclaimer,≤100
176162586315764,Bhagaban Das,bhagabandas,≤100
102715296085726,Neta Ji,Awesomebyte,≤100
104633612411419,Dr Samir Kagalkar,Dr Samir Kagalkar,≤100
101946872945637,Best One,These ads ran without a disclaimer,≤100
106357939119286,Himanshu Dubey,These ads ran without a disclaimer,≤100
102123079337554,International Society for Krishna Consciousness,ISKCON Delhi,≤100
113274327055947,Bhajpa Ki Baat,Bhajpa Ki Baat,≤100
488445034624008,Saawan Sonkar,Saawan Sonkar,≤100
632518450236186,Sudarshan Bhagat,Sudarshan Bhagat,≤100
182930571856964,Aatmaram Tarad,Aatmaram Tarad,≤100
1799519200160117,Jugaadkings.com,jugaadkings.com,≤100
106221212494987,Bhaskar Majumder,These ads ran without a disclaimer,≤100
117287858054145,Wazir Dhanda,Spsm Digital,≤100
221612254538521,You and I,These ads ran without a disclaimer,≤100
108935364979003,Ragidi Laxma Reddy,Ragidi Laxma Reddy,≤100
102010991748513,Ashish Patel,Ashish Patel,≤100
100688762829586,గొల్లపల్లి షీబా,These ads ran without a disclaimer,≤100
104906318581645,Amit Gadge,Amit Gadge,≤100
395658807511230,International Automobile Centre of Excellence,International Automobile Centre of Excellence (iACE),≤100
1623593404522945,Subhash Maharia,Subhash Maharia,≤100
111306044387629,Vishambhar Poonia,Vishambhar Poonia,≤100
103608785465727,TechLeela Solutions Pvt. Ltd,TechLeela Solutions Pvt. Ltd,≤100
103307465023661,Madhyom Bangla,MADHYOM COMMUNICATIONS PRIVATE LIMITED,≤100
107660828589805,Dr K.R. Daukiya,Dr K.R. Daukiya,≤100
104071715577392,SK International Sainik School Retharedharan - Sangli,SK International Sainik School Retharedharan - Sangli,≤100
106387320904644,Narsareddy Bhoopathireddy,Narsareddy Bhoopathireddy,≤100
293842994291928,Devendra Bishnoi,These ads ran without a disclaimer,≤100
115043848247022,old coin company,These ads ran without a disclaimer,≤100
858612907672344,टीम प्रकाश चौधरी बड़ी सादड़ी,टीम प्रकाश चौधरी बड़ी सादड़ी,≤100
102226072877033,vradhi Chand Gurjar dysp,vradhi Chand Gurjar dysp,≤100
406554676628011,Game On,Game On,≤100
390976557590103,I Support Narendra Modi,I Support Narendra Modi,≤100
1806741026226045,Ramawatar Bijarnia,Ramawatar Bijarnia,≤100
109141098395573,Inclusive Minds,Inclusive Minds,≤100
110900615241269,Ramanuj Sharma,Ramanuj Sharma,≤100
110194685265228,Praveen Jha,Praveen Jha,≤100
107011868950890,মোদীৰ সৈতে অসম,মোদীৰ সৈতে অসম,≤100
521087391666842,Dr.Rajesh Babal,Dr.Rajesh Babal,≤100
716724752429364,Dr. Ashutosh Jhalani,Dr. Ashutosh Jhalani,≤100
105509102573069,Surendra Jalandhra,These ads ran without a disclaimer,≤100
112836015725391,Gautam Chakrabarty,These ads ran without a disclaimer,≤100
1696518780601167,Mahendra Chandwa,Mahendra Chandwa,≤100
2252744158291401,Ram Bhojane,Ram Bhojane,≤100
316365575140365,Rozana Spokesman,Rozana Spokesman,≤100
101993345514230,Dhakad Dhami,Dhakad Dhami,≤100
678876002499539,Mohd Shamim Khan,MEGA TRENDS ADVERTISING LTD,≤100
108523897667788,কামপুৰ দ্ৰুত খবৰ,These ads ran without a disclaimer,≤100
110772737414872,SambadSamakal,sambadsamakal,≤100
101227173040196,Coin for sell Mumbai Maharashtra,These ads ran without a disclaimer,≤100
109351925209952,Fir Se Aapno Ashok,Fir Se Aapno Ashok,≤100
532323443916706,Dr Shazad Malik Fan CLUB,Dr Shazad Malik Fan CLUB,≤100
1592265114364332,JP Yadav,Engitech Media,≤100
2191179560900130,Prashant Mahton,Prashant Mahton,≤100
470458233479120,Aparajita Sarangi,Reach Digitally,≤100
256262684721365,Kalyan Agrawal,Kalyan Agrawal,≤100
713416382011902,Sahil Shivaji Kedari,Sahil Shivaji Kedari,≤100
102631354874295,Adv ninad khoche,Adv ninad khoche,≤100
375141272567406,Ravindra Chavan,Ravindra Chavan,≤100
565714670143123,Ashok Saini,Engitech Media,≤100
106323818662108,Dwarikadhish Yadav,Dwarikadhish Yadav,≤100
1412877062133423,Nayan Pal Rawat,Nayan Pal Rawat,≤100
114592314849721,Sunil Maheshwari,Sunil Maheshwari,≤100
108531050841926,Shanu Yadav,Shanu Yadav,≤100
102218576103904,Badlaav ki Aandhi Priyanka Gandhi,Badlaav Ki Aandhi Priyanka Gandhi,≤100
389650371058949,Unique 24 CG,unique24,≤100
301482743520742,Aseem Gupta,Aseem Gupta,≤100
116757744675686,Olkha Pahu,Futuready Media Pvt Ltd.,≤100
1176347162398086,Guru Nanak Naam Leva,Guru Nanak Naam Leva,≤100
774085386059198,Voice Of Healthcare,Voice Of Healthcare,≤100
115157785246484,Dr. Vikas Choudhary,These ads ran without a disclaimer,≤100
107250704737912,CA Sushil Bandpatte,CA Sushil Bandpatte,≤100
2362229027338767,బీజేపీ వైపు ప్రజల చూపు,బీజేపీ వైపు ప్రజల చూపు,≤100
2082424261866450,Vii Media,Vii Media,≤100
105560431512954,Boopathi Raja K,Boopathi Raja K,≤100
1873726816178376,Gaurav Singh Chauhan,Delhi Info Media,≤100
433130516821224,Umang Singhar,Umang Singhar,≤100
1660545834170889,Bhaskar Sharma ভাস্কৰ শৰ্মা,Xpec Innovations Pvt ltd,≤100
648392601873373,Ashok Chandna,Ashok Chandna,≤100
107320495533795,Parati Ventures,These ads ran without a disclaimer,≤100
352171861622734,Roji M John,Roji M John,≤100
1003634343005791,Aanand Shukla - आनन्द शुक्ला,Aanand Shukla - आनन्द शुक्ला,≤100
543596058995303,"Dr. Param Navdeep Singh Doctor, Social Activist, Politician","Dr. Param Navdeep Singh Doctor, Social Activist, Politician",≤100
33497111948,Child Rights and You,Child Rights and You,≤100
102819906211377,Home jobs all India pen pencil jobs,These ads ran without a disclaimer,≤100
112907815093852,Suresh Giri BJP,Suresh Giri BJP,≤100
873749909487724,Baleshwar Sahu,Baleshwar Sahu,≤100
516576275094648,BJP Assam Pradesh,Bharatiya Janata Party (BJP),≤100
918399108198720,Ankush Narang,Ankush Narang,≤100
1427079930877756,Chintala Ramachandra Reddy,Chintala Ramachandra Reddy,≤100
988113031199582,Dr. Ramesh Chand Tomar,Dr. Ramesh Chand Tomar,≤100
109823137335957,नासमझ हिंदुस्तानी,नासमझ हिंदुस्तानी,≤100
224163281073368,BJP Arunachal Pradesh,BJP Arunachal Pradesh,≤100
103842718195433,"State Water and Sanitation Mission, Uttar Pradesh",These ads ran without a disclaimer,≤100
116822768068808,The Big Bench,Future Ready Media,≤100
165041173532416,Sakshi,Sakshi,≤100
102766972054067,Pradeep Yadav,Pradeep Yadav,≤100
108497578583588,Janpeace Live,Janpeace Live,≤100
153891144797146,Uttam Kumar Reddy,Uttam Kumar Reddy,≤100
319885348387397,Subhash Shirodkar,These ads ran without a disclaimer,≤100
100634658966164,Earthonomic,These ads ran without a disclaimer,≤100
1819997541592243,Imran Qureshi,Imran Qureshi,≤100
268437163351102,Saurabh Srivastava,Saurabh Srivastava,≤100
103538059176881,Sudhanshu Gupta,Sudhanshu Gupta,≤100
109897448624145,Yolo Health,Yolo Health,≤100
104889532431683,Jagdish Verma sangaria,digital computer classes,≤100
103842706079845,Antiquity Ami,These ads ran without a disclaimer,≤100
441249902634004,Baba Siddique,Baba Siddique,≤100
537021156329658,Sukhbir Singh Jaunapuria,Sukhbir Singh Jaunapuria,≤100
2035669320006585,प्रभाती लाल जाट RAS,प्रभाती लाल जाट RAS,≤100
1031693853543948,Gundu Aashritha Vijay Raj,Gundu Aashritha Vijay Raj,≤100
897056127025640,InKhabar,InKhabar,≤100
114171067020328,Malreddy Ramreddy,Malreddy Ramreddy,≤100
276512419511205,Kathi Karthika,Policy Briefcase,≤100
111585761769703,Pinaki Barman,Pinaki Barman,≤100
177924969696841,Rajendra Tiwari,Rajendra Tiwari,≤100
862013793830152,Jawahar Mangwani,Jawahar Mangwani,≤100
110115671863420,Kacche Din,Kacche Din,≤100
643001122724792,Shambhu Kumar,Shambhu Kumar,≤100
667862236707254,Rohit Kumar Singh,Rohit Kumar Singh,≤100
101856965136828,BJP VIBES,BJP VIBES,≤100
108962658092309,Vinay Bhagat,Vinay Bhagat,≤100
577856385582447,Raghu Sharma,Raghu Sharma,≤100
113948485072105,Ibc Rahul miah,These ads ran without a disclaimer,≤100
132495066874513,GAIL (India) Limited,These ads ran without a disclaimer,≤100
395910177835208,Vijay Kumar Singh Congress,Vijay Kumar Singh Congress,≤100
105530752376295,"Shiromani Akali Dal, Delhi Unit","Shiromani Akali Dal, Delhi Unit",≤100
102465501806712,Gunnala Sunithakka Sena,Gunnala Sunithakka Sena,≤100
152731019948401,Deepak saran,Deepak saran,≤100
330228123709826,Sonu Singh,Sonu Singh,≤100
115680538243212,Kavita For Neemkathana,TSM,≤100
109352055422391,Aditya Vikram Jaswal,Aditya Vikram Jaswal,≤100
112883947067169,Citizen Action Party - Sikkim,Citizen Action Party - Sikkim,≤100
30702412762,NewsX,NewsX,≤100
107125012440847,दीपक कांबळे_भावी आमदार देगलूर बिलोली मतदारसंघ,These ads ran without a disclaimer,≤100
108159201571035,अरविन्द जायसवाल,अरविन्द जायसवाल,≤100
109666834688109,Saleem Sarang,Saleem Sarang,≤100
550287678727831,Bharath Reddy Ravula,Bharath Reddy Ravula,≤100
644489942266226,Yadram Jangal BJP,Yadram Jangal BJP,≤100
1194392907305611,Ram Niwass Yadav,Ram Niwass Yadav,≤100
168545223213479,Omprakash Hudla,Omprakash Hudla,≤100
2000748703530324,Apna Nagaur,These ads ran without a disclaimer,≤100
137192210235379,देशभक्त भारतीय,Adv Tech,≤100
1433894153522813,Pramod Bhaya,Pramod Bhaya,≤100
107680954849478,Election Advisor App,Election Advisor App,≤100
220653521461677,CPIM West Bengal,CPIM West Bengal,≤100
109883681967997,Dr. Shrawan Kumar Barala,Dr. Shrawan Kumar Barala,≤100
168228334032318,Sat Sharma CA,Sat Sharma CA,≤100
116383754696955,Antardhwani - The Inner Voice,Antardhwani,≤100
105311899249332,CorruptionNath - करप्शननाथ,corruptionnath.com,≤100
140624336584770,Yogender Pal Singh Champawat,Yogender Pal Singh Champawat,≤100
145460489340297,Khushboo Icecream,Khushboo Icecream,≤100
2291287841194456,Vishal Singh Bhojak,Vishal Singh Bhojak,≤100
105813284380310,Dee4unews,Dee4unews,≤100
1263109480456697,Ratna Kumari Shahpura,Ratna Kumari Shahpura,≤100
112758448504548,Bandi Ramesh BRS,Keyblocks Strategy Consulting,≤100
321228061382932,Pt. Shekhar Dixit,Websofy Software Private Limited,≤100
1561939470716058,Kuldeep Kumar,D P ENTERPRISES,≤100
204886208223455,Shubhendra Singh Gaur,Swanit Infotech,≤100
106400092516519,TDS,These ads ran without a disclaimer,≤100
389557067910726,Arvind Menon,Arvind Menon,≤100
101206052272845,Devi Singh Shekhawat,Devi Singh Shekhawat,≤100
103857572574387,I Support Yogi Maharaj,I Support Yogi Maharaj,≤100
104321448836243,टीम आशुसिंह सूरपुरा,टीम आशुसिंह सूरपुरा,≤100
419318464900338,Rajveer Singh - Raju Bhaiya,Rajveer Singh - Raju Bhaiya,≤100
107741828978621,Bharatbhushan Verma,These ads ran without a disclaimer,≤100
104554615870523,Dr Rajesh Mishra,Dr Rajesh Mishra,≤100
2334883250163881,Teekhi Mirchi India News,Teekhi Mirchi India News,≤100
103740287951933,Jan Samwad,Jan Samwad,≤100
167922447430348,Rajesh Verma,Labhanya Technologies,≤100
102323545504609,Rama Devi Chopra,Rama Devi Chopra,≤100
106796608970657,मुकेश रैकवार चंदेरी,These ads ran without a disclaimer,≤100
103443372396602,MLA Dr Raghu Sharma,MLA Dr Raghu Sharma,≤100
385303288239154,Raghuveer Singh Tanwar,Raghuveer Singh Tanwar,≤100
103497809458589,Pushpendra Singh,These ads ran without a disclaimer,≤100
109058654923540,सब का साथ सब का विकास,सब का साथ सब का विकास,≤100
1686469684965077,"सुखेन्द्र सिंह ""बन्ना""",GOIMCONSULTANCY LLP,≤100
1638967673052084,Narendra Budania,Engitech Media,≤100
110907065232642,Team Shyam Mali Bhakri,Team Shyam Mali Bhakri,≤100
147413192425469,Harish Bhandirge,These ads ran without a disclaimer,≤100
103377136023452,Dhiraj Yadav AAP,Dhiraj Yadav AAP,≤100
668808673207412,Harpal Singh Bhamra,D P ENTERPRISES,≤100
144981609477408,Sardar Jasbir Singh,Sardar Jasbir Singh,≤100
1774130362804630,Indian Team Fans,Adv Tech,≤100
110796095070897,Sumathi Suratani BJP,Sumathi Suratani BJP,≤100
105793772014419,Dr. Binod Kumar Bind,These ads ran without a disclaimer,≤100
1102369233109531,Pooja Bharti Chhabra,Pooja Bharti Chhabra,≤100
109330784267142,NDN24 News Network,NDN24 News Network,≤100
103365539201305,Madan Tanwar,These ads ran without a disclaimer,≤100
108961510680625,Dheeraj Thakur,Swanit Infotech,≤100
102091768921733,Ashok dubey bjp,Ashok dubey bjp,≤100
323775678347648,Prem Singh Patel,Prem Singh Patel,≤100
135657743788459,Amit Chauhan,Amit Chauhan,≤100
214875725850773,Wehindustan News,Wehindustan News,≤100
130485577594855,जय माता दी,Adv Tech,≤100
283160581797691,Narendra Modi for PM,Modi For PM Organisation,≤100
2054085351341244,Filmy - Bihar,Filmy - Bihar,≤100
107409802039383,Har Haath Shakti,Har Haath Shakti,≤100
102744141863451,Deepak Dandoriya,Deepak Dandoriya,≤100
197197950629401,Kal Se Padhai Shuru,Kal Se Padhai Shuru,≤100
113298644483287,Surendra Singh Rathore,Surendra Singh Rathore,≤100
1149375478489344,Harvinder Singh Sarna,Harvinder Singh Sarna,≤100
256050398281355,MD Chopdar,WEBTIX,≤100
102732686211415,Parrad India,"PROPORTIONAL AND RATIONAL REPRESENTATIVES' ALLIANCE OF DEMOCRATES [""PARRAD""]",≤100
1656810004631832,Youth 4 BJP,Adv Tech,≤100
1955301821451552,Abhishek Dutta,Abhishek Dutta,≤100
287137498056981,Shailesh Nitin Trivedi,Shailesh Nitin Trivedi,≤100
405946399503906,Vishnu Chetani BJP,Vishnu Chetani BJP,≤100
367693910079524,Mohit Jaswant Yadav Page,Mohit Jaswant Yadav Page,≤100
374173429450248,Insist Post,Adv Tech,≤100
102435908872240,Hari Prasad Baliwal,Hari Prasad Baliwal,≤100
106261054498841,Advocate Rajat Bhargava,Advocate Rajat Bhargava,≤100
339835596096353,Satish Poonia,Satish Poonia,≤100
962196203794480,Aditya Chauhan BJP,Aditya Chauhan BJP,≤100
1753796244634358,We Support Yogi Adityanath,Adv Tech,≤100
124445681499363,महाराष्ट्र लाइव्ह,These ads ran without a disclaimer,≤100
304794613213995,Rajiv Yadav,Rajiv Yadav,≤100
160698524545308,Marriott Bonvoy,These ads ran without a disclaimer,≤100
110634034101506,Emmygold De Comedian,These ads ran without a disclaimer,≤100
773930079432097,Fashion Farmers,These ads ran without a disclaimer,≤100
411678622607999,China International Import Expo,These ads ran without a disclaimer,≤100
205485333631517,Vikram Kumar,These ads ran without a disclaimer,≤100
1235427949924691,beatrice branca��,These ads ran without a disclaimer,≤100