﻿Page ID,Page name,Disclaimer,Amount spent (PLN)
511908632322302,Artur Chojecki - Wojewoda Warmińsko-Mazurski,Artur Chojecki - Wojewoda Warmińsko-Mazurski,974
102931488739,Platforma Obywatelska,Platforma Obywatelska,196
122074554119,EU Social,EU Social,159
102811109411234,Do:łącz,Dołącz,120
105636040979969,Polska 2050,Polska 2050 Szymona Hołowni,110
178362315106,European Parliament,European Parliament,≤100
237466786344157,European Movement,European Movement International with Facebook ad credits,≤100
698495676960463,Błażej Poboży,Błażej Poboży,≤100
157458232131,Prawo i Sprawiedliwość,Prawo i Sprawiedliwość,≤100
160978464020426,Sławomir Nitras,Sławomir Nitras,≤100
851597268265842,Telewizja Kopernik,TELEWIZJA KOPERNIK,≤100
2028095107457320,Maciej Wróbel,Maciej Wróbel,≤100
111465470197991,Mateusz Morawiecki,Mateusz Morawiecki,≤100
104884392877324,Alivia,Alivia - Fundacja Onkologiczna,≤100
975407059183853,Robert Gontarz - Poseł na Sejm RP,Robert Gontarz (PiS),≤100
57544755889,Amnesty International Polska,Amnesty International Polska,≤100
237466786344157,European Movement,European Movement International,≤100
1402012100098838,Twój Kurier Olsztyński - TKO.pl,WAMA Media Group sp. z o.o.,≤100
107099115544539,Zostań Dłużej,Euvic Media,≤100
142614625077,WWF Polska,WWF Polska,≤100
228168274881,wysokieobcasy,wysokieobcasy,≤100
164968446888637,Ministerstwo Sprawiedliwości,Ministerstwo Sprawiedliwości,≤100
104581499325617,Wybory bez picu,Obywatelska Kontrola Wyborów,≤100
202473923251760,Wojewódzki Fundusz Ochrony Środowiska i Gospodarki Wodnej w Gdańsku,Wojewódzki Fundusz Ochrony Środowiska i Gospodarki Wodnej w Gdańsku,≤100
255204804904226,Fundacja Rozwoju Kinematografii,Fundacja Rozwoju Kinematografii,≤100
339855706171439,Dobra Fabryka,Dobra Fabryka,≤100
181104811991414,Nasza Ostróda,Nasza Ostróda,≤100
224590780918572,Paweł Papke - Poseł na Sejm RP,Paweł Papke - Poseł na Sejm RP,≤100
618179678235315,wschód,wschód,≤100
959387840744974,Bezpartyjni Samorządowcy,Fundacja Bezpartyjni i Samorządowcy,≤100
106570071335499,Dariusz Kiński,Dariusz Kiński,≤100
63563473556,Gazeta Wyborcza,Gazeta Wyborcza,≤100
513969188677442,Compassion Polska,Compassion Polska,≤100
105849852557018,Centrum Analiz Wyborczych,Akademia Jagiellońska w Toruniu,≤100
335107452998,"InPost - Paczkomat, Kurier","InPost - Paczkomat, Kurier",≤100
1581518611867021,Zbigniew Ziobro,Zbigniew Ziobro,≤100
520444618035778,Grupa EPL w Parlamencie Europejskim,EPP Group in the European Parliament,≤100
101861849611988,Nie dla Tuska,Nie dla Tuska,≤100
2273340699395517,Tomasz Frankowski,Tomasz Frankowski,≤100
123910440019,Renew Europe,Renew Europe Group,≤100
107478768563531,Andrzej ŚLIWKA - Wiceminister Aktywów Państwowych,Andrzej ŚLIWKA - Wiceminister Aktywów Państwowych,≤100
178415208919146,Suwerenna Polska,Solidarna Polska,≤100
312204349288060,Mariusz Gosek,Mariusz Gosek,≤100
267353906619818,Mr. Gugu & Miss Go,These ads ran without a disclaimer,≤100
108301418501661,Odszkodowania Za Represje 1944-1989,Odszkodowania Za Represje 1944-1989,≤100
257593184447834,Władysław Kosiniak-Kamysz,Władysław Kosiniak-Kamysz,≤100
100758976350452,LubBezpośrednio.PL - Instytut Demokracji Bezpośredniej,"Fundacja ""Potrafisz Polsko""",≤100
1489158561337371,Dariusz Olszewski,Dariusz Olszewski,≤100
391098174296294,Super Express,se.pl,≤100
110491392351511,LINK4,LINK4,≤100
939974829402356,Centralne Wojskowe Centrum Rekrutacji,These ads ran without a disclaimer,≤100
102577288350341,Super Biznes,se.pl,≤100
109269485083516,Krzysztof Szczucki,Krzysztof Szczucki,≤100
514735281965536,Demagog,Stowarzyszenie Demagog,≤100
104061062331637,Pałac Saski,Pałac Saski Sp. z o.o.,≤100
297486841148102,Ius Memoriae - Prawo Pamięci,Ius Memoriae,≤100
104997021319572,FSC Polska,FSC Polska,≤100
662892093824152,Fundacja Małych Stópek,Fundacja Małych Stópek,≤100
106416337982425,"Indyk z certyfikatem QAFP - gwarantujemy, nie obiecujemy",Proben,≤100
194585893914848,Fundacja Rozwoju Demokracji Lokalnej,Fundacja Rozwoju Demokracji Lokalnej,≤100
69153026654,Jerzy Buzek,Jerzy Buzek,≤100
107553079931346,Miłosz Motyka,Miłosz Motyka Polskie Stronnictwo Ludowe,≤100
721840757922469,Isover.pl,WELLNET SP. Z. O. O.,≤100
141867542519750,Murator plus,MURATOR,≤100
177473808919,Polskie Stronnictwo Ludowe,Polskie Stronnictwo Ludowe,≤100
1821361227955255,Magazyn Aptekarski,Magazyn Aptekarski,≤100
198196133533089,Polska Misja Medyczna / Polish Medical Mission,Polska Misja Medyczna / Polish Medical Mission,≤100
286672948180163,Tomasz Trela,Poseł Tomasz Trela,≤100
109649700417909,Piotr Sak,Poseł na Sejm RP Piotr Sak,≤100
195591907176717,Grzegorz Piechowiak - Wiceminister Rozwoju i Technologii,Biuro Posła Grzegorza Piechowiaka,≤100
26479200307,Polska Akcja Humanitarna (PAH),Polska Akcja Humanitarna (PAH),≤100
959387840744974,Bezpartyjni Samorządowcy,Ogólnopolska Federacja Bezpartyjni i Samorządowcy,≤100
2320275388297228,Marcin Romanowski,Marcin Romanowski,≤100
1435687536687711,Bartosz Kownacki,Bartosz Kownacki,≤100
1937461523203000,Fundacja Promocji Pojazdów Elektrycznych FPPE,Fundacja Promocji Pojazdów Elektrycznych,≤100
105039892358886,FURPO - Świadczenie Pielęgnacyjne,FURPO GROUP SP. Z O.O.,≤100
371981706755861,Kierunek na EKO,OS3 Sp. z o. o.,≤100
108567461681538,"Polska Katolicka, nie laicka",Fundacja Instytut Edukacji Społecznej i Religijnej im. Ks. Piotra Skargi,≤100
330644215221,Bankier.pl,Bankier.pl,≤100
115651338097958,Krzysztof Dziwisz - Starosta Powiatu Żyrardowskiego,Krzysztof Dziwisz - Starosta Powiatu Żyrardowskiego,≤100
110898338585970,Mgboardy,MGBoardy.pl,≤100
505864632777215,Tygodnik Lisickiego,Orle Pióro sp. z o.o.,≤100
814991668621838,Norbert Kaczmarczyk,Norbert Kaczmarczyk,≤100
181020632309,Wydawnictwo Znak,Wydawnictwo Znak,≤100
388121531771974,Enexon,Enexon,≤100
134909373729723,Tetra Pak Polska,Tetra Pak Polska,≤100
300745193630,Fundacja Pro - Prawo do Życia,Fundacja Pro – Prawo do życia,≤100
114162133618547,Kancelaria Finansowo-Prawna DEXTO,Kancelaria finansowo prawna DEXTO,≤100
137358556439286,Ośrodek Monitorowania Zachowań Rasistowskich i Ksenofobicznych,Ośrodek Monitorowania Zachowań Rasistowskich i Ksenofobicznych,≤100
1683534065241470,OKO.press,OKO.press,≤100
1884681241647994,Anna Gembicka,Biuro Poselskie Posła Na Sejm RP Anny Gembickiej,≤100
725994874500554,Nasz Las Miejski Gajewo k.Giżycka,Nasz Las Miejski Gajewo k.Giżycka,≤100
469702339755768,Paweł Tanajno Polska Liberalna Strajk Przedsiębiorców,Paweł Tanajno Polska Liberalna Strajk Przedsiębiorców,≤100
1867484190208107,Fundacja Równanie,Fundacja Równanie,≤100
2152832788271473,Agnieszka Kurzawa - Radna Miasta Szczecin,Agnieszka Kurzawa - Radna Miasta Szczecin,≤100
578864425792499,Ośrodek Monitorowania Antypolonizmu,Fundacja Ośrodek Monitorowania Antypolonizmu,≤100
110533370636562,Jacek Osuch - Wiceminister Sportu i Turystyki,Jacek Osuch - Wiceminister Sportu i Turystyki,≤100
1015463015167840,Grupa NEUCA,Grupa NEUCA,≤100
109218848183780,Marek Woźniak,UMWW,≤100
199877710116314,Patryk Jaki,Patryk Jaki,≤100
521216701360487,MURATOR,MURATOR,≤100
306978473587775,Ruch Samorządowy Tak Dla Polski,Ruch Samorządowy Tak Dla Polski,≤100
543549142748221,Magdalena Sroka,Magdalena Sroka,≤100
100363112049746,Dbamy o wodę,FleishmanHillard,≤100
312816688890250,Dariusz Matecki,Dariusz Matecki Radny Miasta Szczecin,≤100
102191794893729,Łukasz Kopeć,Łukasz Kopeć,≤100
139229279425115,Witold Szabłowski - Notatnik Reportera,Witold Szabłowski - Notatnik Reportera,≤100
106552182752379,Fortum Polska,Fortum Power and Heat Polska Sp. z o.o.,≤100
190536713845,Fundacja JiM,Fundacja JiM,≤100
868599633152789,Koncept - magazyn akademicki,Fundacja Inicjatyw Młodzieżowych,≤100
1863743663893316,Fundusz Obywatelski im. Henryka Wujca,Fundacja dla Polski,≤100
107396187476330,LUX MED Stomatologia,"LUX MED Sp. z o.o.,",≤100
167053496770977,Fundacja Redemptoris Missio,Fundacja Pomocy Humanitarnej Redemptoris Missio,≤100
1437227889827328,Fundacja Dobrych Inicjatyw,Fundacja Dobrych Inicjatyw,≤100
108887131372926,Fundacja Nowej Wspólnoty,Fundacja Nowej Wspólnoty,≤100
182038191908977,Ministerstwo Cyfryzacji,Ministerstwo Cyfryzacji,≤100
1052302484796466,Axpo Polska,Axpo Polska,≤100
125185964281959,Centrum Edukacji Obywatelskiej (CEO),Centrum Edukacji Obywatelskiej (CEO),≤100
483707668473229,Piotr Uruski,Piotr Uruski,≤100
115717012114477,Graal,These ads ran without a disclaimer,≤100
81885462442,Histmag.org,Histmag.org,≤100
100507332348221,Liberfor,Liberfor,≤100
199877710116314,Patryk Jaki,Grupa EKR - Patryk Jaki MEP,≤100
104478192409591,co_jadlem,These ads ran without a disclaimer,≤100
145481822175715,Otodom,Grupa OLX sp. z o.o.,≤100
112055027022643,Legal Marine,Legal Marine - Mateusz Romowicz,≤100
258394024199313,Centrum Mieroszewskiego,Centrum Dialogu im. Juliusza Mieroszewskiego,≤100
106708966025605,Wydawnictwo W.A.B.,Grupa Wydawnicza Foksal,≤100
962336330622994,Michał Gzowski,Michał Gzowski,≤100
1495480087399256,Jacek Ozdoba,Jacek Ozdoba,≤100
205950160250231,FUNDACJA AIRO GROM INTERNATIONAL im. Eugeniusza Jana Pietrzyk,FUNDACJA AIRO GROM INTERNATIONAL im. Eugeniusza Jana Pietrzyk,≤100
114453729684,gazetaprawna.pl,gazetaprawna.pl,≤100
1643686859194259,Sebastian Kaleta,Sebastian Kaleta,≤100
176619537364977,Grodno S.A.,Grodno S.A.,≤100
186543124707583,ISSA Prevent Plastic Pollution,Biuro wykonawcze ISSA w Polsce,≤100
106274574675288,Instytut Prawa Ustrojowego - Fundacja,Fundacja Instytut Prawa Ustrojowego,≤100
70837178426,Architektura-murator,Grupa ZPR Media,≤100
410280139007930,Projekty Domów - Murator,Projekty Domów - Murator,≤100
446669732036628,Murator FINANSE,Murator FINANSE,≤100
621959344553367,DNA Rynków - merytorycznie o giełdach i gospodarkach,DNA Rynków,≤100
1890490954532482,Dziennik Gazeta Prawna,Infor.pl,≤100
852871474902416,Tomasz Frączak,Tomasz Frączak,≤100
1771722023118604,Wydawnictwo Aktywa,Wydawnictwo Aktywa Sp. z o.o.,≤100
653937168081792,PZU,Powszechny Zakład Ubezpieczeń Spółka Akcyjna (PZU SA),≤100
118870758152104,audioteka.pl,audioteka.pl,≤100
285512891655753,Artur Szałabawka,Biuro Poselskie Prawo i Sprawiedliwość Artur Szałabawka,≤100
543555309157965,Fundacja Życie i Rodzina - Polska,Fundacja Życie i Rodzina,≤100
371359310400318,Janusz Kowalski,Janusz Kowalski,≤100
127619873953536,Stefczyk.info,Stefczyk.info,≤100
205945942802470,Polska Agencja Rozwoju Przedsiębiorczości,Polska Agencja Rozwoju Przedsiębiorczości,≤100
1479047189015939,Polski Cement,Stowarzyszenie Producentów Cementu,≤100
138488399556331,Politechnika Lubelska,Politechnika Lubelska,≤100
173086948664,Infor.pl,Infor.pl,≤100
117245845115595,TALEX,These ads ran without a disclaimer,≤100
143951191449,Profinfo.pl,Wolters Kluwer PL,≤100
100153153026665,Szymon Gajda,Szymon Gajda,≤100
107489448850542,Piotr Kisiel Radny Miasta Kielce,Piotr Kisiel Radny Miasta Kielce,≤100
102792325966064,Kopalnia kitu,Kopalnia Kitu (DoubleD Marketing),≤100
355335447987852,"Katarzyna Stachowicz - samorządowiec, działaczka społeczna","Katarzyna Stachowicz - samorządowiec, działaczka społeczna",≤100
74863922834,Krytyka Polityczna,Krytyka Polityczna,≤100
110623255132084,Wiceprezydent Wrocławia Jakub Mazur,Wiceprezydent Wrocławia Jakub Mazur,≤100
108856022056129,Prawo i Sprawiedliwość Okręg 67 Kwidzyn Malbork Sztum Nowy Dwór Gd.,These ads ran without a disclaimer,≤100
818457621539495,Poseł Mejza,Poseł Mejza,≤100
276860619087002,Sylwester Tułajew,Sylwester Tułajew,≤100
109322024122568,Dagmara Adamiak,Dagmara Adamiak,≤100
104291779009388,Pojęcie małżeństwa w pryzmacie teorii wymogów imperatywnych,Fundacja Instytut Prawa Ustrojowego,≤100
865376446813310,Chidusz,Fundacja Żydowska Chidusz,≤100
100136179489064,Krystian Okoń,Krystian Okoń,≤100
100806916248860,Katarzyna Groenke,Katarzyna Groenke,≤100
67202672014,Fairtrade Polska,Fundacja „Koalicja Sprawiedliwego Handlu” Fairtrade Polska,≤100
1425264934431305,Polski Instytut Księgowości,Polski Instytut Księgowości,≤100
108731657156411,Mariusz Gromko - Senator RP,Mariusz Gromko - Senator RP,≤100
106357050731361,Maciej Kopiec,Maciej Kopiec,≤100
152434611621823,Instytut Geofizyki PAN,Semstart sp. z o. o.,≤100
132731836864646,Freedom Publishing,Freedom Publishing Sp. z o.o.,≤100
1517531151827376,Henryk Dębowski - Radny Miasta Białystok,Henryk Dębowski - Radny Miasta Białystok,≤100
213034562642258,Dariusz Smoliński,Dariusz Smoliński,≤100
102461305793815,Jenprace.info,These ads ran without a disclaimer,≤100
165777611804942,Niezastąpieni - Rodziny Zastępcze,Niezastąpieni - Rodziny Zastępcze,≤100
1660290804264612,Instytut Bezpieczeństwa i Rozwoju Międzynarodowego,Instytut Bezpieczeństwa i Rozwoju Międzynarodowego,≤100
105428171456904,BWT Polska - Best Water Technology,BWT Polska,≤100
1385442168407390,RehaIntegro-Kursy,RehaIntegro-Kursy,≤100
182568875086544,Prószyński i S-ka,Prószyński i S-ka,≤100
180185019111,Tygodnik Powszechny,Tygodnik Powszechny,≤100
102638134457547,Magdalena Łośko - Poseł na Sejm RP,Magdalena Łośko - Poseł na Sejm RP,≤100
117626114951734,Fair Trade 100% - Polskie Stowarzyszenie Sprawiedliwego Handlu,Fair Trade 100% - Polskie Stowarzyszenie Sprawiedliwego Handlu,≤100
109254508891340,"Nie śpię, bo mieszkam w Polsce",GRUPA ZPR MEDIA,≤100
100508029392556,Obywatelu Masz Prawo,Fundacja Instytut Prawa Ustrojowego,≤100
114018974889363,Stop Lie,Stop Lie,≤100
1752318511650368,Akamai Poland,More Bananas,≤100
1490825114573569,Anna Ewa Cicholska,Anna Ewa Cicholska,≤100
455692291187558,Przetargi Publiczne,Presscom,≤100
108243994205438,R&D Hub,R&D HUB Sp. z o. o.,≤100
187613920648,Mazowiecka Wspólnota Samorządowa - Bezpartyjni Samorządowcy,Mazowiecka Wspólnota Samorządowa,≤100
101283291180,dziennik.pl,dziennik.pl,≤100
1629946500626448,To Tylko Astma,OS3 Sp. z o.o.,≤100
110107190365634,Maciej Pilny,Maciej Pilny,≤100
187178294672651,Muzeum Narodowe w Lublinie,Muzeum Narodowe w Lublinie,≤100
272943063320341,Bartłomiej Czaja - Radny Miasta Chorzów,Bartłomiej Czaja - Radny Miasta Chorzów,≤100
100744511467634,Burbonik,Burbonik,≤100
934929276593605,Jerzy Janoska - Radny MiG Ogrodzieniec,Jerzy Janoska - Radny MiG Ogrodzieniec,≤100
414032578791702,Mirosław Suchoń - poseł na Sejm RP,Mirosław Suchoń - poseł na Sejm RP,≤100
110943354729190,Mateusz Gieryga,Mateusz Gieryga,≤100
495995863791948,Andrzej Kosztowniak,Biuro Poselskie Posła na Sejm RP Andrzeja Kosztowniaka,≤100
893685610645878,Tomasz Olichwer poseł na Sejm RP,Tomasz Olichwer poseł na Sejm RP,≤100
1480642642217482,Marcin Dmowski,Marcin Dmowski,≤100
103618529291473,Jakub Trzeciak,Jakub Trzeciak,≤100
102262978631607,Busnex Poland,Busnex Poland,≤100
316810098501611,Miasto2077 / Green is Good,Miasto2077 / Green is Good,≤100
366513693549844,Dr Witold Czarnecki - Poseł z Wielkopolski,Dr Witold Czarnecki - Poseł z Wielkopolski,≤100
385089454873900,Wyższa Szkoła Biznesu - National-Louis University,Wyższa Szkoła Biznesu - National-Louis University,≤100
1917429285232776,Anna Sobolak Radna Rady Powiatu Wrocławskiego,Anna Sobolak Radna Rady Powiatu Wrocławskiego,≤100
280696342731,Ministerstwo Klimatu i Środowiska,Ministerstwo Klimatu i Środowiska,≤100
104873974773853,rePETujemy,Repetujemy,≤100
199739460042641,Zdrowie w stylu LUX MED,Zdrowie w stylu LUX MED,≤100
272943063320341,Bartłomiej Czaja - Radny Miasta Chorzów,These ads ran without a disclaimer,≤100
567066860335135,Błękitny Węgiel,Błękitny Węgiel,≤100
100505861830228,MiliczInfo,MiliczInfo,≤100
116443344812917,Czarownice na stosach historii feminizmu,These ads ran without a disclaimer,≤100
821489871370233,Rafał Romanowski - Poseł na Sejm RP,Romanowski Rafał,≤100
109296420615761,Synergy Consulting Group,Synergy Consulting Group,≤100
173873282095,Forsal.pl,Forsal.pl,≤100
106038948775287,Dostępna Polska,4 REAL Sp. z o.o.,≤100
530684193733422,Marcin Skonieczka,Marcin Skonieczka,≤100
164184896961884,Cezary Tomczyk,Cezary Tomczyk,≤100
182038191908977,Ministerstwo Cyfryzacji,Kancelaria Prezesa Rady Ministrów,≤100
1454333274894957,Małgorzata Tracz,Biuro Poselskie Posłanki na Sejm RP Małgorzaty Tracz,≤100
113062566721422,Piotr Rzeszotarski - Radny Rady Miejskiej Sierpca,Piotr Rzeszotarski - Radny Rady Miejskiej Sierpca,≤100
7783116506,Animals Asia,These ads ran without a disclaimer,≤100
615040838898606,Angry Birds Dream Blast,These ads ran without a disclaimer,≤100