﻿Page ID,Page name,Disclaimer,Amount spent (TND)
162201717132679,CFT Ariana,These ads ran without a disclaimer,≤100
299227550122220,Radio Cina Internazionale,These ads ran without a disclaimer,≤100
108625789179165,Soi Dog Foundation,These ads ran without a disclaimer,≤100
107630964765853,Tunigate - PLAY,These ads ran without a disclaimer,≤100
248547585333443,قناة الغد Alghad TV,These ads ran without a disclaimer,≤100
318382658290059,Oxygene Tunisie,These ads ran without a disclaimer,≤100
102733605975526,Adnane Belhajamor,These ads ran without a disclaimer,≤100