﻿Page ID,Page name,Disclaimer,Amount spent (USD)
871659792906041,الحضارات,الحضارات,≤100
101364338154987,سيف الحجيمي,سيف الحجيمي,≤100
108087198273009,جمعية اهل الكويت لحقوق المبعدين,جمعية اهل الكويت لحقوق المبعدين,≤100
104886081432069,حركة البشائر الشبابية,حركة البشائر الشبابية,≤100
107461271287114,ملتقى البشائر,ملتقى البشائر,≤100
626596557359682,حركة الصادقون,حركة الصادقون,≤100
1066183836729650,محمد توفيق علاوي,محمد توفيق علاوي,≤100
437746180142399,واثقون - Wathiqoon,واثقون - Wathiqoon,≤100
104601685777488,النائب سعود الساعدي,النائب سعود الساعدي,≤100
100598373069311,بالتسعين BIL 90,بالتسعين BIL 90,≤100
105697295699748,واحد رئاسة,واحد رئاسة,≤100
104614759018251,سبق,سبق,≤100
335161733930749,محافظة المثنى,محافظة المثنى,≤100
381497365537157,R.C.D مركز الرافدين للحوار,R.C.D مركز الرافدين للحوار,≤100
104081694467489,ريان الكلداني Rian Chaldean,ريان الكلداني Rian Chaldean,≤100
109855073976416,المكتب الإعلامي لنائب الاول لرئيس مجلس النواب محسن المندلاوي,المكتب الإعلامي لنائب الاول لرئيس مجلس النواب محسن المندلاوي,≤100
111763060956749,قلم دولة القانون,قلم دولة القانون,≤100
108770412175717,مظهر جاسم الشايع,مظهر جاسم الشايع,≤100
100808482283903,النائب داود العيدان,النائب داود العيدان,≤100
103079074842359,مع المالكي,مع المالكي,≤100
109447781346241,النائب ياسر المالكي,النائب ياسر المالكي,≤100
392025818242405,مصطفى لطيف - Mustafa Latif,مصطفى لطيف - Mustafa Latif,≤100
159370874867950,محمود حسين القيسي,محمود حسين القيسي,≤100
103721784528052,رجل الصولات,رجل الصولات,≤100
103394661564021,الوطن محتاجك,الوطن محتاجك,≤100
108314488369210,Dr. Muhannad Al-khazraji / د.مهند الـخزرجي,Dr. Muhannad Al-khazraji / د.مهند الـخزرجي,≤100
203265660007239,الزعيم,الزعيم,≤100
102581416014304,واحد حكومة,واحد حكومة,≤100
102686885395256,مشاريع محافظة المثنى,مشاريع محافظة المثنى,≤100
103050829487547,حلوة العراق,حلوة العراق,≤100
744796209310234,سيادة العراق - Sovereignty of Iraq,سيادة العراق - Sovereignty of Iraq,≤100
101720101436979,وكالة عين الراصدالاخبارية,These ads ran without a disclaimer,≤100
101170409596885,واحد برلمان,واحد برلمان,≤100
418944648163190,باقر جبر الزبيدي,باقر جبر الزبيدي,≤100
503530246416243,النائب احمد المشهداني,النائب احمد المشهداني,≤100
100333398208632,ابن الفرات ودجلة,ابن الفرات ودجلة,≤100
112948751821206,عراق التنمية,طريق التنمية,≤100
267078350122003,الدكتور ماجد شنكالي,الدكتور ماجد شنكالي,≤100
100790616417850,أساس ميديا عراق - Asas Media Iraq,Asas Media,≤100
360786361371369,كربلاء الافضل,كربلاء الافضل,≤100
101102885457535,جهينة - Juhaina,جهينة - Juhaina,≤100
102708061990212,تقدم,تقدم,≤100
575392822639354,محبي الرئيس محمد الحلبوسي,محبي الرئيس محمد الحلبوسي,≤100
106053335295019,AYM - ايم,AYM,≤100
102972181270368,رئيس مسلفن,رئيس مسلفن,≤100
101135808120964,بس خل أفهمك,بس خل أفهمك,≤100
112159297197008,حكم العوائل,حكم العوائل,≤100
1050530551717230,Qabas News القبس نيوز,Qabas News القبس نيوز,≤100
100209315108237,محبين النائب الأول محسن المندلاوي,محبين النائب الأول محسن المندلاوي,≤100
104738227873528,هيا بغداد - Haya Baghdad,هيا بغداد - Haya Baghdad,≤100
100514884851258,عاجل فقط,عاجل فقط,≤100
102557409560285,نبهان احمد الشلمة,نبهان احمد الشلمة,≤100
754878457919560,النائب عادل خميس المحلاوي,النائب عادل خميس المحلاوي,≤100
109925760537408,علاء الحدادي Alaa Al-Haddadi,علاء الحدادي Alaa Al-Haddadi,≤100
113416848442222,مكتبة المتنبي,These ads ran without a disclaimer,≤100
2003953506544982,ائتلاف النصر,Al-Nasar,≤100
108153498939891,Mohammed Abdulhammed,Mohammed Abdulhammed,≤100
100474832918847,الشيخ ابراهيم الدليمي,الشيخ ابراهيم الدليمي,≤100
1534502189991202,النائب طه المجمعي,النائب طه المجمعي,≤100
112675444991226,وزير الفقراء,وزير الفقراء,≤100
711506772983323,Raz Press,Raz Press,≤100
1914388412119889,مركز اعلاميون بلا حدود,مركز اعلاميون بلا حدود,≤100
102245045980907,السيد العام,السيد العام,≤100
111437828674633,فريق التواصل الالكتروني / واحد حكومة,freetimecompany,≤100
851899361610242,كتاب الميزان,كتاب الميزان,≤100
335087470495241,Bra Gawra برا گەورە,Bra Gawra برا گەورە,≤100
972006819608926,صحيفة الشرق الدولية,صحيفة الشرق الدولية,≤100
467222586811080,شێخەی مەمەند ئاغای ھەمەوەند,شێخەی مەمەند ئاغای ھەمەوەند,≤100
115098733693590,سلام الشمري,سلام الشمري,≤100
109673504099004,گهوة وبرلمان,گهوة وبرلمان,≤100
102293958597480,حركة إنجاز,حركة إنجاز,≤100
107350600709380,ابطال المطعم التركي,ابطال المطعم التركي,≤100
108017945650711,واحد صحة,واحد صحة,≤100
101643555790443,همام علي مهدي  التميمي,همام علي مهدي  التميمي,≤100
107251590860491,7ROJ,7ROJ,≤100
407001929890342,الاعلامي بهاء المستشار,الاعلامي بهاء المستشار,≤100
2081677978789797,العراق انترناشيونال Iraq International,العراق انترناشيونال Iraq International,≤100
111743597035339,Yasin Shex Salah,These ads ran without a disclaimer,≤100
668246513252365,المهندس نصيف جاسم الخطابي محافظ كربلاء المقدسة,المهندس نصيف جاسم الخطابي محافظ كربلاء المقدسة,≤100
2200025410238656,مركز نداء الرافدين للبحوث والدراسات الإستراتيجية,مركز نداء الرافدين للبحوث والدراسات الإستراتيجية,≤100
382364165660465,عادل فرج الحلبوسي,عادل فرج الحلبوسي,≤100
100379242141990,عراق فوكس نيوز,عراق فوكس نيوز,≤100
103248742838100,مطرقة العدالة,مطرقة العدالة,≤100
276686282715100,وزارة العدل العراقية,وزارة العدل العراقية,≤100
114491311536369,Mil-ميل,Mil-ميل,≤100
157533901579726,راكان سعيد الجبوري,راكان سعيد الجبوري,≤100
1759874114075884,السيد صفوان بشير الجرجري,السيد صفوان بشير الجرجري,≤100
103333991742643,ائتلاف دولة القانون / مكتب الهندية,ائتلاف دولة القانون / مكتب الهندية,≤100
103874355183167,التحالف العربي في كركوك,التحالف العربي في كركوك,≤100
1732236487044791,بەڕێوبەرایەتی گشتی ڕەگەزنامەی هەرێمی كوردستان,These ads ran without a disclaimer,≤100
101981652107485,ثقة الزعيم في كربلاء,ثقة الزعيم في كربلاء,≤100
103536798476434,مركز فانوس للتسوق,These ads ran without a disclaimer,≤100
107350002200364,فريق الجهد الخدمي والهندسي,فريق الجهد الخدمي والهندسي,≤100
113572453532430,عواجل عراقية,عواجل عراقية,≤100
399110903587431,دژه تیرۆری کوردستان Kurdistan CT,دژه تیرۆری کوردستان Kurdistan CT,≤100
492511684171110,الغد برس,الغد,≤100
109415448370637,الفريق الوطني - National Team,These ads ran without a disclaimer,≤100
100242432740414,منصة الرأي العام - Rpnews,الرأي العام,≤100
2383265178621061,Meyser Obaid Nheli,Meyser Obaid Nheli,≤100
102482024863105,من الانبار,من الانبار,≤100
355786234434317,Pshtiwan Sadq,Pshtiwan Sadq,≤100
102583638492555,اعلام الدكتورة هند القيسي,اعلام الدكتورة هند القيسي,≤100
105916454238981,Rifaat smo rasho - رفعت سمو رشو,Rifaat smo rasho - رفعت سمو رشو,≤100
104718359275012,مكتب تنظيم محافظة نينوى pdk,These ads ran without a disclaimer,≤100
467031937098779,شبكة الزقورة الاخبارية,شبكة الزقورة الاخبارية,≤100
536916006441728,النائبة ناهدة الدايني,النائبة ناهدة الدايني,≤100
103910766109689,مكتب النائب عزيز المياحي / الخدمي /شؤون المواطنين,These ads ran without a disclaimer,≤100
113467921643916,الدكتور مشعان الخزرجي,الدكتور مشعان الخزرجي,≤100
107424440982021,Eekad - إيكاد,These ads ran without a disclaimer,≤100
116375508149091,Watch Mix,These ads ran without a disclaimer,≤100
105162662646710,المكتب الاعلامي للمرشح المهندس زياد نوري العيساوي,These ads ran without a disclaimer,≤100