﻿Page ID,Page name,Disclaimer,Amount spent (MYR)
103627275288286,Lumi News Malaysia,Lumi Global Sdn Bhd,≤100
104583751158392,Pustaka Permata Ummah,Pustaka Permata Ummah,≤100
479387615411779,Pemuda PAS Malaysia,Dewan Pemuda PAS Malaysia,≤100
221159141657466,Newswav,Newswav - Malaysia Latest News,≤100
109567768566893,Dakwah Pedalaman,Portal Mudah,≤100
413417772151030,NH ONLINE,Nor Hamzie Bin Md Hambali,≤100
103406462160763,Nat Market,VIDARA SDN BHD,≤100
195105060510135,Kementerian Dalam Negeri (KDN),Aiman Hakim Bin Mohd Yusof,≤100
202159623191198,Kosmo Online,Kosmo Online,≤100
11726505964,Astro AWANI,Astro AWANI,≤100
1130669147012110,Syed Saddiq Syed Abdul Rahman,Syed Saddiq Syed Abdul Rahman,≤100
155707591143880,Prof. Dr Zainur Rashid Zainuddin,Yayasan Ikhlas,≤100
87363369882,Sinar Harian,Sinar Harian,≤100
101948845952442,Amyleakainsedap,Evan Mcclarance Gundi Anak Kelvin Renggan,≤100
211591442051,Harian Metro,Rev Media Group,≤100
112512589548367,Bersih dan Stabil : BEST,Bersih dan Stabil : BEST,≤100
157791694829873,Manndzri,Manndzri,≤100
358755581658775,Benny Kuok 郭嘉荣,Chan Weng Kuok,≤100
164492150267814,Dewan Muslimat PAS Melaka,Dewan Muslimat PAS Melaka,≤100
663424353704332,sinarplus,SinarPlus,≤100
517210464961612,刘华才博士,PGRM,≤100
211156152806443,房地产资讯中心,These ads ran without a disclaimer,≤100
144912392365553,Dato' Ahmad Yakob,Dato' Ahmad Yakob,≤100
233238730629575,Na'im Brundage,Na'im Bin Brundage,≤100
232346716925403,Majalah Forex Malaysia,MAJALAH FOREX MALAYSIA,≤100
100568264621061,Eugene.HakuHaku By Kaerus,These ads ran without a disclaimer,≤100
108213478238644,AllSight Malaysia,AllSight Malaysia,≤100
107382207626058,R.Yuneswaran,Yuneswaran A/L Ramaraj,≤100
174298466127,Utusan TV,Utusan Binders Sdn. Bhd,≤100
204588107159019,Projek Imarah Masjid,These ads ran without a disclaimer,≤100
106478931501976,Caricarz.com 找车吧,These ads ran without a disclaimer,≤100
511561258941414,Bong Jenn Fonng 黄振峰,Bong Jenn Fonng,≤100
230445633883,Jabatan Penerangan Malaysia,Jabatan Penerangan Malaysia,≤100
107047938456392,Jam2u.com,VIDARA SDN BHD,≤100
401340596873929,The True Net,Yoke Har Ng,≤100
330750857632133,Che'GuBard Original,Ahmad Anwar Asyraf Bin Ismail,≤100
2295203480751898,DUN N.59 TAMIN,These ads ran without a disclaimer,≤100
108380465291758,Yong Teck Lee Official,Yong Teck Lee Official,≤100
112210295510027,World Zionist Organization - ההסתדרות הציונית העולמית,These ads ran without a disclaimer,≤100
503443566392334,Zurich,These ads ran without a disclaimer,≤100
1556481434584901,Paul Xavier,These ads ran without a disclaimer,≤100
232274357168259,小老板榴莲 Durian xiao lao ban-taukey kecil,These ads ran without a disclaimer,≤100
109918387978015,沒有中間商賺差價,These ads ran without a disclaimer,≤100