﻿Page ID,Page name,Disclaimer,Amount spent (EUR)
86874647886,Net.hr,Net.hr,≤100
1665775650371580,Gradonačelnik.hr,Gradonačelnik.hr,≤100
1781165065440754,N1 Hrvatska,N1 Hrvatska,≤100
122081620813,DNEVNIK.hr,NOVA TV,≤100
129634970518,SDP Hrvatske,SDP Hrvatske,≤100
688325737947866,Telegram.hr,Telegram Media Grupa,≤100
482597361772021,Sunčana Glavak,MEP Sunčana Glavak,≤100
877431458966305,Zagreb.info,Motus d.o.o.,≤100
54779960819,United Nations,United Nations with Facebook Ad Credits,≤100
178362315106,European Parliament,European Parliament,≤100
326373464600,Liberali - HSLS,Liberali - HSLS,≤100
106928174232844,Domovinski pokret,Domovinski pokret,≤100
102285721646246,Ilčić Ladislav,Ladislav Ilčić,≤100
585411648152023,Peđa Grbin,SDP Hrvatske,≤100
174578582607398,Udruga Franak,Udruga Franak,≤100
290157866338,Eurokonzalting - EU fondovi,Eurokonzalting - EU fondovi,≤100
1064762700374086,Možemo - politička platforma,Možemo - politička platforma,≤100
1654693614793888,Geopolitika.news,Motus media d.o.o.,≤100
210627425725812,Studentski.hr,Studentski.hr,≤100
63044235866,UN Climate Change,UN Climate Change with Facebook Ad Credits,≤100
102198203158768,AgroKlub.com,Agroklub d.o.o.,≤100
110933407315208,Hrvatski-glasnik,hrvatski glasnik,≤100
1876346589246887,Čudovišta iz Platonove špilje,Čudovišta iz Platonove špilje,≤100
109420188426263,VIDA,Vida produkcija,≤100
111584317974017,MetalProdukt.hr,Sebastijan Ćuk,≤100
603906399629215,Državni zavod za statistiku,Državni zavod za statistiku,≤100
176565220704,Zelena akcija / FoE Croatia,Zelena akcija / FoE Croatia,≤100
1774280616174279,OPG Trgovec - aronija i jabuka,Nedeljko Trgovec,≤100
245094455536925,FOUR PAWS,These ads ran without a disclaimer,≤100
113001768735420,IDE3 IT,IDE3,≤100
1747126668848581,Veljko Kajtazi,Veljko Kajtazi,≤100
105129271272621,Vesna Vučemilović,HRVATSKI SUVERENISTI,≤100
410274919036976,Vigilare,Vigilare,≤100
356583437751487,EU Climate Action,These ads ran without a disclaimer,≤100
110367919014958,ERGO,These ads ran without a disclaimer,≤100
102409151592858,ZGRADOnačelnik.hr,Zgradonačelnik.hr,≤100
124275457632741,ElectronicSpecifier,These ads ran without a disclaimer,≤100
107115464214054,ASK,These ads ran without a disclaimer,≤100