﻿Page ID,Page name,Disclaimer,Amount spent (INR)
54779960819,United Nations,United Nations with Facebook Ad Credits,8475
109354741887336,Udhay Anna - உதய் அண்ணா,Politicode,4430
109485930750665,Agni Herbbals,C Rajivkannu,3458
103704155350118,Gates Foundation India,The Bill & Melinda Gates Foundation,2764
158714780827513,UNFPA,UNFPA,1792
209326756435298,K C Palanisamy,K C Palanisamy.AIADMK,1788
161214324393440,Muthamil Public School,Muthamil Public School,1494
30290552843,Greenpeace India,Greenpeace India Society,1129
107183428120144,Dr C Saraswathi,Dr. C. Saraswathi,1063
458160568040747,APR official,These ads ran without a disclaimer,1012
109888271582555,Be The Change For TB,Johnson & Johnson India Private Limited,836
21169267101,Give,Give,826
109707661884154,Indian Compass,theindiancompass.com,586
20386543316,WWF-India,Mukesh Nauhwar,452
294493857651676,Rahul Gandhi,Indian National Congress,440
103495822523586,Dr V Muthuraja MLA,Asarudeenm,382
109986065209042,Mera Apna Rahul,Mera Apna Rahul,329
1614689125343644,SILAII,SILAII,327
107623755386793,Pernati Syam Prasad Reddy,Kiran Kota,298
103782051383159,School of Politics,School of Politics,245
318205675275285,APL Apollo Tubes Limited,APL Apollo Tubes,235
369780283211302,Dr. Sudhakar K,Dr. K Sudhakar,198
103811841768684,Mannachanallur S. Kathiravan MLA,Lokesh R,191
393917674321211,G. Iyappan MLA,Iyappan,187
959179977571273,USI Party - India,Ramanadar Selvaganesan,163
369248413429725,YS Sharmila Reddy,Cloud & Loud Communications Pvt Ltd,155
219514401576120,SG Suryah,SG Suryah,136
441249902634004,Baba Siddique,Baba Siddique,102
107543961968895,Tamil Manila Congress - Trichy - Urban,Angamuthu Thirumoorthy,≤100
161789877175634,Science at Taylor & Francis,These ads ran without a disclaimer,≤100
101173695668947,K. Antony Vinoth Kumar,M Visuwath Kumar,≤100
101460125428339,World Council for Women Rights - WCWR,Ramanadar Selvaganesan,≤100
178705962537053,OurDemocracy India,OurDemocracy India,≤100
520949671329992,Indian School of Democracy,Amit Kumar Singh,≤100
685707864866321,Lion Dr D.மோசஸ் ஜோஷ்வா,Mosses,≤100
158714780827513,UNFPA,These ads ran without a disclaimer,≤100
528307847248802,Indian National Congress -  Madhya Pradesh,Abhay Kumar Tiwari,≤100
109141098395573,Inclusive Minds,Inclusive Minds,≤100
1513964588900738,Swaabhi,Swaroopa Devdatta Utgi,≤100
101169975741947,Brandscouncil Ratings,Council for Brand Business Promotions & Research,≤100
102671072683513,Poolavari J Yoganathan,Ashok Kumar K,≤100
2078242259060363,Kukufm,Mohana Saha,≤100
102375669367135,MANU PATEL - BJP,Raj Tulsirambhai Pakhale,≤100
206756829376811,BJP Delhi,BJP Delhi,≤100
122532731244653,K.S Alagiri,Praveen Kumar,≤100
107395897271506,Kutumb,Swatantra Verma,≤100
108569778323608,MedilinksIndia,Medilinks India,≤100
1510631479236816,Hawa Badlo,social cloud ventures Pvt Ltd,≤100
132480390432415,Jindal Stainless Solutions,Chariot Media,≤100
101380718273876,"J.S.Tradeus -""financial system""",Manish Singh,≤100
959860307481002,Kasu Mahesh Reddy,Thulasiram Banduchode,≤100
107153958711155,South First,south Fist,≤100
702279983471744,Olympic Council of Asia,These ads ran without a disclaimer,≤100
110431218358189,Take Back Bengaluru,Take Back  Bengaluru,≤100
484694901661075,2baconil,ZERO GRAVITY COMMUNICATIONS,≤100
103704155350118,Gates Foundation India,These ads ran without a disclaimer,≤100
1427079930877756,Chintala Ramachandra Reddy,Anilkumar Sadula,≤100
105671775473178,Jan Suraaj,Jan Suraaj,≤100
112907224183292,Socio Legal Corp,These ads ran without a disclaimer,≤100
466642616726169,Parul University,Parul University,≤100
107113000831690,Dr.Manik Saha,maniksaha.com,≤100
888268528001414,N.Venkate Gowda,Gogireddy Sai Vaibhav Reddy,≤100
108859771892572,Ek dhoko Kejriwalne - એક ધોકો કેજરીવાલને,Paltu Express,≤100
100759562473479,dharanivendhan_,These ads ran without a disclaimer,≤100
104516512296314,Kartik Sharma,Adv Tech,≤100
1521487944736293,Factly,Factly Media & Research,≤100
103432662353884,Chuntli Express - ચૂંટલી એક્સપ્રેસ,ChuntliExpress.com,≤100
100999115433831,The Crowd Wave Trust,CrowdWave Trust,≤100
105338571259716,Dineshsinh Mahida,Dineshshih Ganpatshih Mahida,≤100
385658441549334,Deepak Bhati Chotiwala,Dipak Bhati,≤100
802102426587623,Dilipkumar Viraji Thakor,Saurabh Bhupendrakumar Patel,≤100
184278081698180,Ashok Gehlot,Ashok Gehlot,≤100
842665649135167,FairGaze,FairGaze,≤100
140930379388330,Kishan Reddy Gangapuram,TechnoDigi,≤100
424429107582290,BJP Gujarat,BJP Gujarat,≤100
57174592895,Gujarat Tourism,Rahul Tiwari,≤100
111155775135826,Bhikhu Dave 108,Krutarth Maulin Dave,≤100
105004671156096,Bengaluru Moving,These ads ran without a disclaimer,≤100
104311631954217,Pharma Simplified,Dawa Charcha,≤100
105810534344510,Free Training Placement,BBR Services,≤100
224753514204375,Janaagraha Centre for Citizenship and Democracy,Janaagraha Centre for Citizenship and Democracy,≤100
541191682746522,Samarveer Kaushik,Samarvir Kaushik,≤100
169674900373227,The Mohua Show,These ads ran without a disclaimer,≤100
105124865726721,Medapati Prakash Reddy,Medapati Prakash Reddy,≤100
243524299157863,Pushkar Singh Dhami,Pushkar Singh Dhami,≤100
263560423714979,Dr. Mahesh Sharma,Subham Singh,≤100
326102339565,Oxfam India,Oxfam India,≤100
100735178208398,Udyami India,Samadhan Samiti,≤100
270666596375251,Jhatkaa.org,Jhatkaa.org,≤100
1433075113609108,Rakhee Rathore,Mukesh Kumar Yadav,≤100
104920508866115,Bengaluru Design Festival,Sreekala Krishnakumar,≤100
164017073736433,Jagmal Vala,Jagmalbhai Jadavbhai Vala,≤100
103214551475043,Akhoury Onkar Nath,Kumar Ratnam Sharma,≤100
102123079337554,International Society for Krishna Consciousness,ISKCON Delhi,≤100
101730022772513,Dhananjaya Gangadharaiah,Dhananjaya Gangadharaiah,≤100
1675237799375590,Chandra Mohan Patowary,Jitendra Newatia,≤100
1045477442195385,Hirabhai Jotva Fan Club,Hirabhai Jotva Fan Club,≤100
1069260329941259,Shashi Yadav,Anmol Ratan,≤100
103694149070984,Kantilal Amrutiya,Nayan Durlabhjibhai Gadhiya,≤100
33497111948,Child Rights and You,Child Rights and You,≤100
105918132279967,DM Online Service,Chandra Pratap Singh,≤100
255127379719425,Sarita Phogat,Kuldeep,≤100
606877419792314,Amit Chaudhary,Karan Singh,≤100
390976557590103,I Support Narendra Modi,Adv Tech,≤100
108015368279979,Solh Wellness,Omlogic consulting pvt. ltd.,≤100
108545095423498,Anubhav Dhir BJP,Nagesh Kumar,≤100
695738973874352,Dr. Sumer Singh Solanki,Sumer Singh Solanki,≤100
417955518281067,Saurabh Singh,Sangyaa PR Consultants,≤100
101423475985650,A Babuchak - એ બબુચક,A Babuchak,≤100
104264108977681,Esperanza Global,Esperanza Global Eco Solutions,≤100
106261054498841,Advocate Rajat Bhargava,Rajat Bhargava,≤100
636170280176759,Sunder Naagar,Shubham Chaturvedi,≤100
1643093292576953,अर्चना घारे - Archana Ghare,Nutan Sampatrao Jadhav,≤100
365389330603692,TIP Sessions : Coastal Edit,TIP SESSIONS,≤100
108896145203983,AAP na Paap,AAP NA PAAP,≤100
112337648164178,Surya Samachar,Ajit Kumar,≤100
110041803678379,Kabir Shankar Bose,Kabir Shankar Bose,≤100
105920094384672,Naveen E Gulagannavar,Veereshkumar Rajashekhar Gudarad,≤100
104941712391895,d71academy_official,These ads ran without a disclaimer,≤100
219839024870824,Dr. Ramesh Chennamaneni,Dr. Ramesh Chennamaneni,≤100
101544022769040,வேங்கையின் மைந்தன்,Avinash P,≤100
224618077692752,Sanjay Tandon,Saraansh Tandon,≤100
273332066175444,Abhinandan Educational and Welfare Society,Ashish  Chauhan,≤100
100900109027623,જય સરદાર - Jay Sardar,Jay Sardar,≤100
1924627484438235,Arlak Ayurveda,Swati Dhiman,≤100
108335282107234,DharmJeet,Karan Singh,≤100
1569852659799372,Nishant Anand,Nishant Anand,≤100
104052753400618,Union Bank of India,Goldmine Advertising Limited,≤100
186199704897466,RD Foundation,RD Foundation,≤100
103631669180195,aditiamok,These ads ran without a disclaimer,≤100
1088373891289696,Kamal yadav Page,Akash Singh,≤100
103298848218762,Prakash Nedungadi,Prakash Pitamber Nedungadi,≤100
108437191907485,Replanet,Prabhindar Singh Chopra,≤100
295405070641302,Balraj Kundu,Pankaj Sharma,≤100
132495066874513,GAIL (India) Limited,social cloud ventures,≤100
105058285717594,Team Vijayananda Reddy,Kuppireddy Venkataramana Reddy Kushal,≤100
107533605102536,Panchanagouda Dyamanagoudar Official,Sangmesh Kallappa Modi,≤100
102927112109432,Priyal Bhardwaj,Subham Singh,≤100
101613628900010,Smartway Wellness Pvt. Ltd.,Bhoomi Harendra Mistry,≤100
107545897823033,For Men India,Antara Das,≤100
106065442029919,Himani Ambawta Aap,ChunavNeeti,≤100
393768164105774,Parimal Nathwani,Parimal Nathwani,≤100
1331545046906640,Gottumukkala Venkateshwara Rao,Venkateswar Rao Gottumukkala,≤100
250310275863131,Scrap Minder,Scrapminder,≤100
462642084085070,GUNVANTRAY PARMAR,Gunvantray Parmar,≤100
108500111075991,Mizoram Pradesh Congress Committee,Lallianchhunga,≤100
104800952455774,Shahin Parveen शाहिन परवीन,Shaad Ahmad Kabir,≤100
103719915895025,Shri hari finance,Vikas Kumar,≤100
112959218061339,Team Imaginers - Rotary International District 3150,Anil Kumar Chakravarthy Isunooru,≤100
150727778825020,Mobius Foundation,Mobius Foundation,≤100
102848075943324,Health-e,These ads ran without a disclaimer,≤100
107265272005040,Girdhari Lal Indoria,Surendra Sharma,≤100
107844612055062,Surbhi ghai,Raushan Raj Shrivastava,≤100
102219508788916,Umed Singh phogat AAP,ChunavNeeti,≤100
339835596096353,Satish Poonia,Choudhary Ramesh Chaudhary,≤100
509680612544315,Dr.Sanjeev Kumar,Dr.Sanjeev Kumar,≤100
340539892805520,Lahu Balwadkar,Shamal Hiralal Khairnar,≤100
988113031199582,Dr. Ramesh Chand Tomar,Ashutosh Mishra,≤100
794348367359918,Bharath mudiraj,C Bharath Kumar,≤100
215348045283558,Adv.Ganesh Satpute,Ganesh Bhimrao Satpute,≤100
162115051234970,Dharmendra Singh Lodhi mla,Dharmendra Singh Lodhi,≤100
1027943173963724,Renuukaa Sinngh,TheVoloPV,≤100
367693910079524,Mohit Jaswant Yadav Page,Mohit Yadav,≤100
112867380444214,Rajvardhan Singh Dattigaon,Shailendra Sial,≤100
475898282465005,Dr K Laxman,Vijay Kumar Tapadia,≤100
1360805680600676,Sandeep Kshirsagar,Yogesh Padmakarrao Pawar,≤100
847408585328193,Mukesh goel,ChunavNeeti,≤100
213947398791863,Dhananjai Singh Khimsar,Dhananjai Singh,≤100
675268652538693,Dr Dhan Singh Rawat,secureo,≤100
551959658561415,PK Fan Club,These ads ran without a disclaimer,≤100
1684418781793319,Balkrishna Patel,Ankur Mehta,≤100
110256607025712,Munsi Nazbul Karim,Kazi Amir Soyel,≤100
112061804808512,Sports Development Authority of Bihar - SDAB,Ajit Kumar,≤100
324894657848557,Chanderkant Giri,Pranav Chaudhary,≤100
218519749005654,Dr. Rakesh Singh Jadon,Rakesh Singh Jadon,≤100
104569618054081,Vikas Arya,Arya Vikas,≤100
994578073995343,B. L. Verma,Sourabh Arvind Dubey,≤100
1626663520906810,NbliK,Abhishek Yadav,≤100
101840249362114,Ps Qucik Advisor Online Solution,Maniram Ramu Dhurwe,≤100
374951950026418,Kanti Sodha MLA Anand,Ankit Sharma,≤100
214875725850773,Wehindustan News,FASCINATE WEB SOLUTION PRIVATE LIMITED,≤100
425924920775129,India Didactics Association,Akhilesh Singh,≤100
1559470284286071,M.K.Somashekar,Pranusha Mysore Somashekar,≤100
113849551321116,Telangana Galam,Telangana_Galam,≤100
704315853046156,DesignBoxed,DesignBoxed,≤100
159095781468113,"Tripura Urban Livelihoods Mission- UD Dept, Govt. Of Tripura",Pratim Deb,≤100
347754176313316,Shagufta Chaudhary Zubair,Shaad Ahmad Kabir,≤100
1955301821451552,Abhishek Dutta,Abhishek Dutta,≤100
323533675176475,Jitendra Vaidya,Aarti Seth,≤100
674757045920691,Jayadev Galla,Aditya Vemulapalli,≤100
104552767743888,दिनेश सहारण,These ads ran without a disclaimer,≤100
104473875561391,Brown Paper,These ads ran without a disclaimer,≤100
1901998206505522,Jansewak Bharat Bhushan Madaan,Rahul Yadav,≤100
708844685796745,OP Choudhary,OP Choudhary,≤100
103384352468278,Bharat Aaj,Shubham Garg,≤100
127932930638411,Adoor Prakash,Jiji T Jacob,≤100
104050985586417,Dharmendra Bhardwaj,Harish Sahrawat,≤100
106239365651585,અલ્પેશ સૌના છે,Nikhil Aggarwal,≤100
2164040393828753,Galla Gossip,Adarsh Pandey,≤100
103760102031014,Rajeshwar Singh,Medevento Planner,≤100
241940555912671,Chandigarh University,Chandigarh University,≤100
105629428970283,Raija Solar,Raija Solar,≤100
108984951723852,Mithlesh Malik,Naresh Kumar Shoeran,≤100
101481566142053,Dr. K Srinivasamurthy,Extricate Strategies,≤100
912978008770734,MLC Virendra Narayan Yadav,Virendra Narayan Yadav,≤100
109133858644134,Jayesh Murkute,Anup Bhalchandra Deodhar,≤100
110116401723193,Narendra Bhupendra - નરેન્દ્ર ભૂપેન્દ્ર,gujarat2022.com,≤100
100195048804779,KRJ Bharath,Gogireddy Sai Vaibhav Reddy,≤100
113934138208978,Jayavik Patel,Pixatronix,≤100
311434032669676,Bhikhabhai Joshi,Bhikhabhai Joshi,≤100
1538706756395389,Naresh sankla,PSST Digital Intiatives Pvt Ltd,≤100
724948084950742,Ramaa Vineet Tokas,Adarsh Pandey,≤100
109779231360891,Sanjay Mori,Siddharth Kantilal Chhodavadiya,≤100
1502736986697992,Rakesh Joshi AAP,ChunavNeeti,≤100
607252739670252,Dr. Prannay G Sharma,Kumar Ratnam Sharma,≤100
455697974986681,Bangla Hunt,Bangla Hunt,≤100
432385290200109,Shambhu Singh Khetasar,Engitech Media,≤100
108497578583588,Janpeace Live,Trishanu Kaushik,≤100
1545884642352465,Mahendrasinhvaghela,Navnit,≤100
753616211443025,Ramanbhai Patel - Starline,Ankit Sharma,≤100
528144820729879,Pramod Sehwag,Vikas Kumar,≤100
1764533767120960,Arun Rajwade - अरुण राजवाडे,Omkar Ramesh Bibave,≤100
315088035610998,Tulsi Joshi BJP,Vivek Kumar,≤100
103147041246895,Kumari Amrita Jha,Vivek Kumar,≤100
100337069543286,పల్నాడు జిల్లా కృష్ణన్న యువసేన,Gottimukkala Surendra,≤100
100284852406288,Janata Dal United - Muzaffarpur,Janata Dal (United),≤100
179765292047054,Manickam Tagore,Kathiresan K,≤100
1919641618278971,Sachin Chaudhary,Satish Kumar,≤100
234704393876570,Dr R K Verma,Rkverma,≤100
100534132896380,Sumita Malik,Sumita Malik,≤100
304168753787735,Mohan Singh Rathore,Mohan Singh Rathod,≤100
317384182331947,Manish Chaudhary मनीष चौधरी,Vivek Kumar,≤100
1932819150326652,MLA Kanu Patel,Ankit Sharma,≤100
1382300511994686,Bhupendra Singh,Entertainment Chacha,≤100
119794208060798,Ramon Magsaysay Award,These ads ran without a disclaimer,≤100
108239700872557,R L shivapraksh fans club,Sumit Kumar,≤100
110514054052927,I’m Safe - Women Safety App,These ads ran without a disclaimer,≤100
112831441641080,യൂത്ത് കോൺഗ്രസ് കുമളി മണ്ഡലം,These ads ran without a disclaimer,≤100
112538875003943,Dr Pramod Uniyal,Balram Singh,≤100
182600871930746,Sujata Paul - India First,Sujata Paul,≤100
246558505475210,Bala Ram Choudhary,Mukesh Choudhary,≤100
105940537995682,Deepesh Tandel,Bharatiya Janata Party,≤100
928448863892029,RK Sinha,RK Sinha,≤100
1529124300469667,Nelluri Eswar Ranjith,These ads ran without a disclaimer,≤100
1414919838742386,Nandhikanti Sridhar,Rakesh Bimanagoni,≤100
1422722534642965,B Suresh Gowda,Bettaiah Suresh Gowda,≤100
2163983083861031,Atul Kapoor,Atul Kapoor,≤100
115136550288881,Devender Kumar,Devendra Kumar,≤100
213839668641820,Dr. Anil Jain,Deepak Pal,≤100
101850588512201,Awaz -The Voice हिन्दी,These ads ran without a disclaimer,≤100
708994425878702,Sandeep Namdev BJP,Sandeep Namdev,≤100
711397795590368,"Rahul Chimanbhai Mehta , Right to Recall Party",Rahul Chimanbhai Mehta,≤100
1433894153522813,Pramod Bhaya,Sharad Sharma,≤100
103360694372255,Namma BNP,Synergos Tech Consulting Services Pvt. Ltd.,≤100
1822357177777568,Bhaiyya Gandhe,Malhar Mahendra Gandhe,≤100
502940219791637,Vaidya Academy,Vaidya Academy,≤100
103770101132380,Mohan Singh,Mohan Singh,≤100
207125856006664,VNM TV,Gayatri Arvindbhai Vyas,≤100
643001122724792,Shambhu Kumar,Punit Kumar Pandav,≤100
791996340811292,Dr Madhuri Borse,Vipul Jayantilal Bafna,≤100
100452136229191,Shyam Sundar Verma - Chairman Khalilabad,Nityesh Srivastava,≤100
117383421787100,Pushpa Surender Solanki,These ads ran without a disclaimer,≤100
101160849457686,Vibhor Rana,Bhupendra Sharma,≤100
110115671863420,Kacche Din,Kacche Din,≤100
1578558702356487,Shantanu chauhan,Shantanu Chauhan,≤100
1325597657464869,VAISHNAV INFRATECH,Sukhneet Singh,≤100
110120115042838,Ramesh Choudhary,GRIP AMATYA PVT. LTD.,≤100
442621916181334,Chattar Singh Rachhoya,Manjeet,≤100
2089546314695980,Savita Pawan Sharma,Mahender Pratap,≤100
103618388224409,Dr. Omkar Herlekar,Magicwork Inc,≤100
108432861353908,Karan Singh Yadav,Mukesh Kumar Yadav,≤100
283366758968671,Kumbh Singh Patawat Luna,Engitech Media,≤100
269761569864265,Rao Padma,Kushal Reddy Rao,≤100
100488601295720,Leena Sanjay Jain MLA,Yashraj Vyas,≤100
101516772793240,Preeti Gupta,Vivek Kumar,≤100
103498668364101,Sudesh Wati,Mahender Pratap,≤100
189279028569667,K P Tripathi,Krishne Pati Tripathi,≤100
101940905390018,Abul Fazal Enclave Ward no 188,Charan Singh,≤100
616601668522378,Nirmal Dhayal,Pankaj Sharma,≤100
101610392620043,ITS Speciality Dental Clinic,ITS Speciality Dental Clinic,≤100
1427017750928273,WhiteMirchi.Com,Shakun Shivram Raghuvanshi,≤100
101140398468343,Gajendra Jadhav - गजेंद्र जाधव,Gajendra Rajendra Jadhav,≤100
292954404384524,Gajendra Singh Patel,Gajendra Singh Patel,≤100
107053331023520,Anita Baisoya,Mihir Kalita,≤100
169704047052778,Bakhar Abbas Abid,Bakhar Abbas Abid,≤100
108276178401559,Netta D'Souza,Policy Briefcase,≤100
110255340549866,B.NARAYAN,Chandrashekar Nagashettyhalli Channappa,≤100
431454157629297,Mukesh Ahlawat,Nitish Kashyap,≤100
138636842959151,Gyasuddin Shaikh,Navnit,≤100
1644165492504830,Ramoji Gowda,Ramoji Gowda,≤100
105596701293129,Ayodhya Development Authority,Sandeep Kumar Sharma,≤100
238190696338655,Himmatsingh Patel MLA,Dhyan Sunilbhai Raval,≤100
102616298277409,Afaque ahmad,Afaque Ahmad,≤100
104162075818505,Om Prakash Agrawal - ओम प्रकाश अग्रवाल ' बाबूजी ',Puneet Kumar Singh,≤100
565714670143123,Ashok Saini,Engitech Media,≤100
525608184132449,Harivansh Singh BJP,Suyash Singh,≤100
816288898474925,Naresh Pareek,Pawan Kumar Sharma,≤100
1571167366231304,Ramakant Bhargava,Saket Bhargava,≤100
1327351450720146,Pradhan Mantri Bhartiya Janaushadhi Pariyojana,Pharmaceuticals & Medical Devices Bureau of India,≤100
106239365651585,અલ્પેશ સૌના છે,Kuldip Manubhai Patel,≤100
342786780244656,Mission Modi 2024,Vivek Patidar,≤100
105664065641044,सरकारी योजनाएं एवं नौकरियां,These ads ran without a disclaimer,≤100
1978240835728263,Virendra Sharma Hawamahal,Pawan Kumar Sharma,≤100
103833782263290,Arvind Singh Bhati,Engitech Media,≤100
833671193439526,Siddharth Tiwari - Raj,Shivam Singh,≤100
108748388715685,Sangramsinh Rathwa,Kripa Shanker Dubey,≤100
104413831647263,Jeevan Kumar,Sandeep Kumar,≤100
762140683939582,Shyam Sharma,Aditya Nath Jha,≤100
100179215257432,Hardwar Dubey,Pranshu Dubey,≤100
108132065348327,NaMo Story,Deepak Pal,≤100
550287678727831,Bharath Reddy Ravula,Bharath Kumar Ravula,≤100
648392601873373,Ashok Chandna,Mukesh Kumar Yadav,≤100
100894859451988,नागेन्द्र साह सभापति प्रतिनिधि रामनगर,Nagendra Sah,≤100
216879079078673,Sanjay Singh Yadav,Sanjay Singh Yadav,≤100
106976385494588,Ps Quick Online Services,Jotiram Shivaji Jadhav,≤100
102160134578645,Kapil Dev Garg,Kapil Dev,≤100
385303288239154,Raghuveer Singh Tanwar,Raghuveer Singh Tanwar,≤100
715413968601904,Yelahanka  Constituency BJP supporter's,Prashanth B,≤100
924791427628665,Sunil Kelanka,Shivendra Shailendra Tiwari,≤100
1446366615417004,Shyam Sharma Bijaipur,Engitech Media,≤100
102271685994623,અમારા ઈન્દ્રનીલ ભાઈ - Amara Indranil Bhai,Politicode,≤100
518698335171946,Pratap Singh Mehrawar Mission Vidhansabha Deeg - Kumher,Jainendra Agrawal,≤100
107510764917560,Yogesh Alipur BJP,Kuldeep,≤100
105222094270542,Dalbir Singh,Rahul Kumar,≤100
108761297540419,Ishwar Yogi,Ishwar Yogi,≤100
1116353905141402,Dr. Shivani Matanhelia,Kanushree Matanhelia,≤100
1874185392653723,Cabinet Minister Pramod Jain Bhaya,Rupali Sharma,≤100
104648038359459,Ajay Phore,Ranjan Singh,≤100
105682567774739,Tajinder Singh Sran,Tajinder Singh,≤100
113123373786875,MLA Devender Nim,Anshul Sharma,≤100
846994962145905,Manoj Kumar Aggarwal,Durga Kumari,≤100
100530147194094,Mission Green Mumbai,These ads ran without a disclaimer,≤100
103268102584075,Oh Ex-Change,These ads ran without a disclaimer,≤100
103416644440871,arun.kumar.56027281,These ads ran without a disclaimer,≤100
294529347608828,Rishikesh Upadhyay,Rishikesh Upadhyay,≤100
100156322804104,India Positive,Saurabh Tyagi,≤100
100502312031923,Surendra Pathare,Maithili B Godbole,≤100
107780781368053,GeetudineshSabharwal,Ranjan Singh,≤100
108025552116652,Saba Gazi,Rahat Ali,≤100
1691244377838256,Nathabhai Patel,Mukeshbhai Sujabhai Chaudhary,≤100
238629133729053,Manphool Choudhary,Chauhan Singh Jaideep,≤100
1785302198354679,Dr. Somendra Tomar,Chirag Aggarwal,≤100
126824866260694,Susheel Mishra,Mahesh Kumar,≤100
1607404612875963,Shankar Gora,Engitech Media,≤100
245345792846821,Sushil Sunny Agrawal,Prashant Singh,≤100
1435320706742345,Pawan Pandey,Ankaj Tiwari,≤100
100281328549915,Shakilur Rahman,Shakilur Rahman,≤100
104211439033799,Jagane Kavali,Jagane Kavali,≤100
104797988966910,Santosh Raghunath Nalawade,Santosh Raghunath Nalawade,≤100
114717553693865,Liberal TV,Liberal TV Punjabi,≤100
1781479445448595,Rajnish Kumar Singh,Vaibhav Suryawanshi,≤100
1932900346831325,Rajesh D Sanghvi,Rajesh Dineshchandra Sanghvi,≤100
103324308499191,Naam Kharab Hai,Satish Kumar,≤100
101495058060084,Punam Singh,Hemant Singh Parihar,≤100
116029359800919,Biju Yuva Janata Dal,R Santosh Kumar Reddy,≤100
103428619189012,Ps Qucik Service,Jotiram Shivaji Jadhav,≤100
111879810337797,Pankaj Prahlad Singh Rana,Vijender Singh,≤100
1839204416403215,Arjun Trehan,Arjun Trehan,≤100
100246572087472,Bhupendra Singh Shaktawat,Bhupendra Singh Shaktawat,≤100
1680555098937949,Hemant Khava,Jasvantiben Bhogayata,≤100
104349501516784,Babulal Kumawat,Shiv Charan,≤100
396244111077748,Pramod Vishwakarma - BJP,Divyansh Vishwakarma,≤100
112076118079574,भारत की राजनीति,Hemant,≤100
113356014587642,Anupam Sharma,Prashant Sharma,≤100
102818307824921,Sunil Jindal - BJP Vikaspuri Vidhan Sabha,Gulshan Soni,≤100
10150110302115599,Genesis Foundation,Genesis Foundation,≤100
626040200837891,Ashwini Paranjpe,Trivikram Kashinath Paranjpe,≤100
715515095146698,Gandra Venkataramana Reddy,Goutham Reddy Gandra,≤100
107192855352262,Satbir Singh Kasana,Jagmohan,≤100
100485426184353,Rashtriya Uttar Bhartiya Samaj Party - Delhi,Manoj Kumar Singh,≤100
100163446023101,Ritendra Chaudhary BJP,Pawan Sachan,≤100
1149375478489344,Harvinder Singh Sarna,Harjap Singh Dhingra,≤100
104445745820995,Devendra Yadav - Supporters,Arpit Jain,≤100
745732168802118,Rakesh Prasad,Rakesh Prasad,≤100
305470186750646,Shakuntala Sahu,Arpit Jain,≤100
100499412892393,ಡಾ.ರಮೇಶ್ ಬಾಬು ವಿ.ಎಂ,Venkataswamy Sunil,≤100
108130151800219,Anil Yadav Pappal,Ranjan Singh,≤100
110959113087090,Telangana Jana Samithi Party,Md Rahul Jahangeer,≤100
446114139224512,Dr.Rahul Tyagi,Vipin Kumar,≤100
1601094433447847,Ganesh Deshmukh,Ganesh Bapusaheb Deshmukh,≤100
108742684077976,Kunwar Abhishek Singh,Vidhi Agrawal,≤100
108442995434014,its_babulal_garhwal,These ads ran without a disclaimer,≤100
113221617135066,Prerna Kalra,Prerna Kalra,≤100
105999155405710,Pandit Avadh Sharma,Pawan Kumar Sharma,≤100
112363415023333,Priyanka Saxena,Rahat Ali,≤100
100417006046204,Nayan Kumar,Nayan Kumar,≤100
100260324675920,Dr. Archana Majumdar,ARCHANA DAS(MAJUMDAR),≤100
761174950735198,Rajendra Singh Dholia,Prakash Jaiswal,≤100
113369900454663,Jagan choudhary,Jagan Choudhary,≤100
1574483566114189,Dr. Mamta Pandey,Akash Singh,≤100
1190373854366805,Maharashtra Today,Maharashtra Today,≤100
964271870337650,Surendra Singh Nagar,Badri Narayan Jangid,≤100
105211528341692,उत्तर प्रदेश की राजनीति,Hemant,≤100
103372474893184,Rajpal Garg BJP,Vivek Kumar,≤100
103475174496565,Rao Satvir Singh,Mamta Tyagi,≤100
1656810004631832,Youth 4 BJP,Adv Tech,≤100
345351849716061,Nimesh Pathak,Bhupendra Sharma,≤100
104485492096797,Hemant Pujari,TSM,≤100
101001688648152,RBR,Bharath Kumar Ravula,≤100
785060428216759,Jagmohan Mehlawat,Mahender Pratap,≤100
110679913629785,Rajesh Yadav,Akash Singh,≤100
1642717489328594,Ankita Anil Vidhate,Anil Keshav Vidhate,≤100
102010991748513,Ashish Patel,Ashish Natwarlal Patel,≤100
114003928190066,Gopal Patil,Margik Patel,≤100
863961040416615,Punit Verma पूर्व उपाध्यक्ष विश्व हिन्दू परिषद् काशी प्रान्त,Punit Varma,≤100
111670955104915,Kanubhai Patel Fan Club,Ankit Sharma,≤100
159111004444064,NACO India,Naco India,≤100
325602694251353,Rajeev Rai,Rajeev Kumar Rai,≤100
126455024584757,Randeep Deol,Randeep Singh,≤100
109138840964904,Mahendra singh,Mahendra Singh,≤100
104525071773121,Climato Reformers,Shaurya Shreeansh Bakshi,≤100
102166629391128,Deepak Barot,Ravi Sapariya,≤100
100448598417985,KHONJ 24,Sanjoy Kumar Dutta,≤100
112132937023603,Nandlal Chauhan,Nandlal Chauhan,≤100
100282061994360,Prem Od Ramdevra,Prema Ram,≤100
865684863462852,Sharad Sharma,Sharad Sharma,≤100
145554128849446,Chintala Ramachandra Reddy,Gogireddy Sai Vaibhav Reddy,≤100
106256564506749,Tarun Devi Das,Tarun,≤100
231512217793516,Ashok Goel Mangaliwala,Ashok Kumar Goel,≤100
111830653485918,Badal kulkarni,These ads ran without a disclaimer,≤100
112203243580573,Kusumlata Ramesh,Anshumaan Singh,≤100
1434690276755183,P C Sharma,Arpit Jain,≤100
103278762601531,Dr Shiv Kumar Dahariya - Supporter,Arpit Jain,≤100
106606755536103,Doddanagouda H Patil,Veereshkumar Rajashekhar Gudarad,≤100
100766795424041,मोदी योगी समर्थक,Nikhil Aggarwal,≤100
104293308423576,Alaknanda TMT Bar,These ads ran without a disclaimer,≤100
158304157570734,Mahindra Group,These ads ran without a disclaimer,≤100
109743693783773,TDC Technologies Pvt Ltd,Salman Siddiqui,≤100
102488514550471,Shyam Mishra Bjp,Election Fight,≤100
1745109715768038,Pravesh ratn,Kartikesh Sharma,≤100
104016732397984,Raghvendra Singh Yadav,These ads ran without a disclaimer,≤100
761826677309909,Bhupinder Lather,Book My Promo,≤100
104077558071957,Manoj Sorathiya,Manoj Sorathiya,≤100
106292624520619,Atul Publicity Pvt. Ltd.,These ads ran without a disclaimer,≤100
269442696723658,"Kuldeep kumar ""Deep kamboj malukpura""",Kuldeep Kumar,≤100
1805949176373381,अलोक कुमार,Mayank Kumar,≤100
1436418516569943,Dr. Ashishrao R. Deshmukh,Swapnil Sudhakar Narad,≤100
103894321342814,Shubham Kumar Tripathi,Shubham Kumar Tripathi,≤100
599440336916536,Lalit Kagathara,Md Masud Sk,≤100
702157376600034,Prints Publications,OmLogic Consulting Pvt. Ltd.,≤100
105512231492166,Narender Kumar Singh,Vivek Kumar,≤100
101164882828086,B.R. NAYAK,Balvir Singh,≤100
485798311796335,Patel Prabhat Verma MLA,Ankaj Tiwari,≤100
268998889945816,Darshana Singh,Darshana Singh,≤100
825870624112435,Ramesh Chandra Ratn,Arun Sharma,≤100
832173120268465,Rajpal Singh,Kushagra Pandey,≤100
101310291557528,Voice of New India,Hemant,≤100
103006332640336,Ariba Khan,Syed Mohd Haris Mobeen,≤100
1822196704770409,Priya Chandela,Luxmi Devi,≤100
1692446997478851,Divy Trivedi,Vikas Acharya,≤100
103088902327676,Dwarka Kunj,Rahul Tiwari,≤100
105134585596379,अमित पुरुषोत्तम रांगणेकर - मनसे,Amit P Ranganekar,≤100
777771655697023,Aditya Shankar Prasad,Pramender Kumar,≤100
105641591260871,Shyam Singh,Shyam Singh,≤100
1780820742138870,Mindray India,These ads ran without a disclaimer,≤100
866084103402820,Krishan Gahlot,Prateek Gahlot,≤100
101038361392185,Dharmender Kumar,Naveen Kumar Verma,≤100
1415956002031967,Kumar Raja,These ads ran without a disclaimer,≤100
421458761569191,K V Naveen Kiran,C Vishwanath Manjunath,≤100
110044260470271,Vinay Jangid Sharma Vidhansabha Suwasra,Narendra Singh Pachar,≤100
110740294873531,Gagan Kasana,Chetan Joshi,≤100
130257431040130,Harshad Ribadiya,Parthiv Solanki,≤100
178109602592348,Anil Kumar Sharma,Webtix,≤100
101707996005805,Aditya Kothari,Vatsal Kumar,≤100
646663075769662,Vinod Chandrakar Supporters,Arpit Jain,≤100
1018666794878235,Kr. Raj Rajeshwar Singh BJP,These ads ran without a disclaimer,≤100
187816558508200,Jagdish Sharma,Jagdish Sharma,≤100
551959658561415,PK Fan Club,Team PK,≤100
962944467067839,Sandeep Saini,Sandeep Kumar Saini,≤100
423928144293931,Mahender Pratap Singh,Pankaj Sharma,≤100
1213611285396775,Nitin Bhansali,Arpit Jain,≤100
389650371058949,Unique 24 CG,These ads ran without a disclaimer,≤100
105181495761972,Pinki Jain Sadar Bazar,Sandeep Kumar Rana,≤100
100614352313120,Ajeet Singh Sengar,Ashish Sharma,≤100
105898378459115,Panney Singh Posana,Ganesh Kumar,≤100
101244839355000,Balbir Singh Nishad,Balvir Singh,≤100
299444897457971,Subasini Jena,Utpan Kumar,≤100
101731302783757,Bharat Just Abhi,These ads ran without a disclaimer,≤100
110176845242022,Divyesh Akbari,These ads ran without a disclaimer,≤100
183176388540530,Manish Yadav,Manish Yadav,≤100
103455038940976,Kamal Yadav,Election Fight,≤100
313259842689696,IAS Vishal Singh,Sandeep Kumar Sharma,≤100
2222875324603544,Ram Kumar,Prakash Jaiswal,≤100
1346291785426106,Rita Choudhary,Ganesh Thapa,≤100
100313208217752,अखिलेश सिंह लोजपा बक्सर,Akhilesh Kumar Singh,≤100
111974655026737,Sushil Singh Yadav,Shushil Singh Yadav,≤100
111405061793222,कुसुम राजीव वर्मा,Ravi Kant Mathur,≤100
605390272841833,Shrirang Appa Barne,Abhay Balu Ahire,≤100
1934691169911634,Tukesh Ratre,Arpit Jain,≤100
1397767487148044,Jaidatta Kshirsagar,Jaydatta Sonajirao Kshirsagar,≤100
101828872765297,Pooja Rani,Ranjan Singh,≤100
108134157370493,Tarun Raj Page,Pravesh Kumar Rajput,≤100
105989862344265,Ashish Tyagi AAP,Naresh Kumar Shoeran,≤100
411881455838266,Harshwardhan Deepak Mankar,Sayali Dhananjay Nalawade,≤100
323768478326741,Ved pal lohia,Adarsh Pandey,≤100
1610180912621752,Dushyant Chaudhary,Jainendra Agrawal,≤100
109389741738340,Ganpat Singh Rathore,Rahul Rathi,≤100
113521106733862,Ramesh Ambawta AAP,ChunavNeeti,≤100
321228061382932,Pt. Shekhar Dixit,Websofy Software Private Limited,≤100
102268366062473,Vishal Baisla,Karan Singh,≤100
109400273976649,Baat Bihar Ki,Baat Bihar Ki,≤100
361691194687436,Umesh Sharma,Book My Promo,≤100
102981324982997,Imran Qureshi Fans Club,Imran Qureshi,≤100
1819164655012159,BJP Deepali Kapoor,Ankit Tiwari,≤100
1055801694535372,Adv. Kameshwar Gumber - Aman,Kameshwar Gumber,≤100
108850188718272,Vinayaka KM,Vinayaka K M,≤100
217563402339878,Safe Zindagi,These ads ran without a disclaimer,≤100
1742108602693359,Niket Kumar Sinha,Digitroops Services Private Limited,≤100
104918521224442,Deepak Vohra,Shaad Ahmad Kabir,≤100
101844802427541,Kuldeep Rajput,Kuldip Rajput,≤100
146702709146110,Ashu Singh Surpura,Ankit Kumawat,≤100
103128038354073,NRI CELL BJP Haryana,Navdeep Sehrawat,≤100
327120054405346,Jagananna ki Thoduga,Jagan Anna ki Thoduga,≤100
110401617341907,Balvant Gadhavi,Digital branding Agency,≤100
100806966207574,Mahindra finance loan,These ads ran without a disclaimer,≤100
107680954849478,Election Advisor App,Brij Mohan Duggal,≤100
103714028518672,Umang Bajaj,Ankit Tiwari,≤100
109916533853207,AMIT KUMAR SINGH,Akash Singh,≤100
115220224403369,Yogesh Shukla,Shreshth Tiwari,≤100
263901690694136,Akshay Sharma,Rahul Kumar Srivastava,≤100
113562826874484,Harish kumar verma,These ads ran without a disclaimer,≤100
106806095100566,Abhishek Jain inc,Abhishek Jain,≤100
427724428076206,EvmHatao2,Rahul Chimanbhai Mehta VoteVapsi,≤100
106284308987529,dhirendra_singh_roda7773,These ads ran without a disclaimer,≤100
2082424261866450,Vii Media,Bhalinder Singh,≤100
2005689009648067,Dr. Dinesh Vashishtha BJP,Rahul Tiwari,≤100
247087585331294,Jodhpur Polo (JoPolo),These ads ran without a disclaimer,≤100
111409665094033,Public Opinion Live,Ranjeet Kumar,≤100
112333551648886,Kalpana Bhatnagar,Ganesh Kumar,≤100
1806466166242152,Rahul Raj Rastogi,Chetan Singh Kanyal,≤100
1171462299729165,Sandeep Singh Deswal,Navdeep Sehrawat,≤100
874964115867447,Amod Kr Bidhuri,Amod Kumar Bidhuri,≤100
367203836657399,Rajendra Singh Shekhawat,Ganesh Thapa,≤100
103565085575234,Namrata Jha,Nikhil Kumar Jha,≤100
100931599132399,Arun Sharma,Arun Kumar Sharma,≤100
105331745445757,Omprakash Khichar Advocate,Rohit Githala,≤100
1570443916567165,Jitendra Kumar Sonkar,Jitendra Kumar Sonkar,≤100
108528118544338,Amader Pabiacherra,drugsfree,≤100
107946518029943,Sheelu Sahu,Naveen Singhal,≤100
126275820728403,Balu Shukla,Khushbu S Shah,≤100
102157409392910,Arjun Singh Marwah BJP,Anand Raj Singh,≤100
179688265916126,श्रावण पाटील भिलवंडे,These ads ran without a disclaimer,≤100
100935642733964,Hindi Khabar Digital,The Narrative Builders,≤100
101636799071929,Suraj das,Aparna Das Roy,≤100
100294672142198,Punjabi Dhaba - पंजाबी ढाबा,Abhay Kumar Tiwari,≤100
110772737414872,SambadSamakal,Joymalya Deshmukh,≤100
109345811730415,आपका तरुण गुप्ता आजसू,Sudhir Kumar Sharma,≤100
139020712818344,Ajay Chandrakar,Ajay Chandrakar,≤100
1929823443694918,Pardeep Lohan,Pardeep Kumar,≤100
103244395945301,Naveen Garg,Tarundeb,≤100
108939271272352,"Hindu Ankit Bhatnagar  प्रदेश अध्यक्ष,अखिल भारत हिंदू महासभा",Ankit Bhatnagar,≤100
1689373261361383,Saurabh Bahuguna,Vikas Singh Bisht,≤100
739221966159227,Rajesh Singh,Adv Tech,≤100
104333802379265,Pol Khol - પોલ ખોલ,Deepak Pal,≤100
104860424918954,दिल है हिन्दुस्तानी,Abhijit Kumar,≤100
111276250676310,Pradeep Rai,Vivek Kumar Singh,≤100
107016547398529,Dushyant Yadav,Abhishek Sarkar,≤100
110021430607714,Phir Ek Baar Yogi Sarkar,Hemant,≤100
111473091445002,Mamta Yadav BJP,Mamta Yadav,≤100
111334093631633,Ramniwas Gahlot Bjp,Aditya Nath Jha,≤100
700079793418618,J S Patel Fan Club,Ankitkumar Dineshbhai Patel,≤100
264905000377104,Sunil Shelke,Raju Baban Doundkar,≤100
117383421787100,Pushpa Surender Solanki,Hitesh  Bhutani,≤100
105813284380310,Dee4unews,Deepak Kumar Bhandari,≤100
110544034755205,Nirmala sharma aap,Ranjan Singh,≤100
103179388878130,Dayaram Kookna,Dayaram Kookna,≤100
100282511512680,Sanjay Sutar - संजय सुतार,Sanjay Vilas Sutar,≤100
112833777225413,Tanushree Roy,Sayan Das,≤100
100184016274982,baba hacking,These ads ran without a disclaimer,≤100
100307808451377,Ankur Raj Tiwari,Gautam Singh,≤100
1780378335513078,Sandeep Singh,Sandeep Kumar Singh,≤100
104638524883328,Ashwin Patel BJP,Right Business Avenues LLP,≤100
106901781497453,भाजपा देपालपुर इंदौर,Karan Bakshi,≤100
101627069426608,Arpan Banerjee,These ads ran without a disclaimer,≤100
168228334032318,Sat Sharma CA,Naveen Sharma,≤100
445541289194245,Dhiren senapaty,Aditya Tiwary,≤100
491580774286451,Suryakanth Nagamarapalli,Vilas Vijay Kulkarni,≤100
108156992053327,BYBIndia- India's Best Video Marketing Company,Sunita Singh,≤100
109118451420406,Pukhraj Choudhary,Pukhraj Choudhary,≤100
105530752376295,"Shiromani Akali Dal, Delhi Unit",Harjap Singh Dhingra,≤100
129952997339452,Rajendra Maske,Rajendra Tukaram Maske,≤100
104634791483747,Sukhbir Shokeen,Poliarc Media,≤100
1743147019302453,Parminder singh sandhu,Parminder Singh,≤100
100764935994274,Mukesh Sharma,Mukesh Kumar Sharma,≤100
526222491203445,The Chaupal,Adv Tech,≤100
107976162144731,Ltd loan finance,These ads ran without a disclaimer,≤100
542975576226588,My Leaders,MYLEADERS TECHNOLOGIES,≤100
678876002499539,Mohd Shamim Khan,Shamim Khan,≤100
371431979647138,Rajesh Tantri,Rajesh Tantri,≤100
101585554679985,Pravin Musadiya MLA,Parmar Vishal,≤100
102468964785730,Thaniniram,Harikuamr Unnikrishnan Nair,≤100
1870103126382695,Sisyphus Rollingstone,Vipin N P,≤100
101460484949823,Ajeet Singh,Ajeet Singh,≤100
109587931825857,climatechange1.5,These ads ran without a disclaimer,≤100
109258424539134,Adv Ratan Tyagi - AAP,Ratan Tyagi,≤100
1416312818600708,Adv Manoj Nyangli,Amit Kumar Sharma,≤100
2300402240284352,Sadhvi Prachi,Amar Khandelwal,≤100
373333970059893,Ravi Raushan,These ads ran without a disclaimer,≤100
102220672717953,Er. Aditya Chaudhary,Acwits Solutions LLP,≤100
230195174008918,Ajit Damodar Gavhane,Ajit Damodar Gavhane,≤100
278423842321236,BJP Rajasthan,BJP Rajasthan,≤100
677570115978570,Paltu Aadmi Party,paltuaadmiparty.com,≤100
106233358808991,बीरेंद्र सिंह MLA - Wazirganj,Sukhneet Singh,≤100
1947865801968156,Jasmeet Singh Pitampura,Harjap Singh Dhingra,≤100
204886208223455,Shubhendra Singh Gaur,Shashikant Joshi,≤100
1687357367955761,Jalaj Kumar Chaudhary AAP,Naveen Kumar Verma,≤100
115251519914648,Manvaadhikar Prahri News,These ads ran without a disclaimer,≤100
111016951378962,Abhinav Thapar,Abhinav Thapar,≤100
251467211588756,Kanaram Jat,Kana Ram Jat,≤100
912978008770734,MLC Virendra Narayan Yadav,Manoj Kumar,≤100
349594075908636,Syed Salman Ali,Saiyad Salaman Ali,≤100
1757441471197224,Hardik Patel,Chauhan Singh Jaideep,≤100
103792101269125,DuniyaDari News,Lokender Rana,≤100
101068759508571,Ganesh Kumar Agarwal,Ganesh Kumar Agarwal,≤100
104413831647263,Jeevan Kumar,Nishant Kumar,≤100
108482655070359,Ishan Tyagi,Rahul Kumar Srivastava,≤100
103267942537100,Rajkumar rana -राजकुमार राणा,These ads ran without a disclaimer,≤100
102152441360906,Prakash Bhakar Makrana,Shiv Charan,≤100
1453788318187947,Maninder Pal Singh,Maninder Pal Singh,≤100
489815867840647,Tilottma Chowdhary,Dilshad Khan,≤100
260884307676122,Kuldeep Indora,Pawan Kumar Sharma,≤100
2308874506058535,Kantanu Kundu,Kantanu Kundu,≤100
102059219403068,Shikha Tyagi,Mahesh Dawara,≤100
103721258668587,Baldev Raj AAP,Kavita Kumari,≤100
444825485952597,John.,Vikram Singh John,≤100
802311956513987,Rahul Singh,Rahul Singh,≤100
1109826479083738,Rajeev Sharma BJP,Puneet Kumar Singh,≤100
103508215084500,Chhapu,Deepak Pal,≤100
106319568342699,Seema singh,Priya Sharma,≤100
116029248570217,Yash Godha,Kuldeep Jat,≤100
230936203735648,Satyam hindu,Abhay Mishra,≤100
1030516517105920,Bannaram Meena- बन्ना राम मीणा,Sunil Kumar,≤100
298094417762087,Mukesh Patel Gandhinagar,Mihir Kalita,≤100
654799441648548,AAP Positive,Kamran  Shahid,≤100
1897365957147252,मैथिल पुनर्जागरण प्रकाश राष्ट्रीय मैथिली दैनिक,These ads ran without a disclaimer,≤100
110740294873531,Gagan Kasana,These ads ran without a disclaimer,≤100
108088074367367,Sunayna Prakash - Soul 2 Soul with Sunayna,Amit Prakash,≤100
101538858448134,The Summer News,Gagandeep Singh,≤100
101556365243260,Kachhadiya Jitendrabhai,Kachhadiya Jitendrabhai,≤100
111367415126231,MY PRIDE MY PM,These ads ran without a disclaimer,≤100
104079554824761,Kandamkulathy Prasava Raksha,Kandamkulathy Ayursoukhyam Ayurveda Hospital,≤100
437736246329765,Anand Sagar,Daksh Dhankhar,≤100
531472047253533,Dr P K Sareen,Akram Ali,≤100
110881150763450,District Congress Committee Doda J&K,Vijay Hitaishi,≤100
283040485772796,Rakesh Singh Yadav,Sunil Kumar,≤100
138927162813391,Dailyhunt,Verse Innovation Pvt. Ltd.,≤100
521008221441347,Agri Expo India,Yuva Udaan Events Pvt. Ltd,≤100
103395429127963,Public Guardian,Brijinder Kaur Rai,≤100
391871947689517,Dipak Gangani AAP,Dipakbhai Ramnikbhai Gangani,≤100
1176292075857668,Brajesh Kumar Jalan,Brajesh Kumar Jalan,≤100
113002117048769,Ashok Maanu,ChunavNeeti,≤100
106657231959376,हिन्दुस्तान की राजनीति,Hemant,≤100
714482812004246,Sumit Hridayesh,Vikas Singh Bisht,≤100
104352017847238,Discover Ananthapuram,Anandpurgogula Anil Kumar,≤100
104474582461971,Ravi Shankar,Ravi Shankar,≤100
108585708310520,अखिल भारतीय तिवारी कांग्रेस पार्टी,These ads ran without a disclaimer,≤100
102099855874205,40% ಸರ್ಕಾರ,40percentsarkara,≤100
110231911499260,Prashant Shukla,Prashant Shukla,≤100
156952354853555,Alok Chandrakar,Alok Kumarchandrakar,≤100
100276188144654,News 43,Akhilesh Kumar Sharma,≤100
224597158386607,Rosa Luxemburg Foundation,These ads ran without a disclaimer,≤100
102058329113370,American Tourister Asia,These ads ran without a disclaimer,≤100
1096538887134446,Reuters Plus,These ads ran without a disclaimer,≤100
565225540184937,CGTN,These ads ran without a disclaimer,≤100
1312255355476106,The Dreaming Tree of Life Sisterhood,These ads ran without a disclaimer,≤100
646840102051900,Cheena Sinhala Handa,These ads ran without a disclaimer,≤100
181924095217958,BASF Agricultural Solutions,These ads ran without a disclaimer,≤100
106859752119249,Mega Minds Tech,These ads ran without a disclaimer,≤100
105700105094834,Backpacking kids,These ads ran without a disclaimer,≤100
211444925538162,Socially Tuned,These ads ran without a disclaimer,≤100
428157337550611,ICMM,These ads ran without a disclaimer,≤100
297115847031767,Get Deen,These ads ran without a disclaimer,≤100
191347651290,China Daily,These ads ran without a disclaimer,≤100
174669949315709,U.S. Embassy India,These ads ran without a disclaimer,≤100
105101134933400,Finance World,These ads ran without a disclaimer,≤100
196640437055417,Woman Scream Festival,These ads ran without a disclaimer,≤100
45413563867,The Free and Equal Elections Foundation,These ads ran without a disclaimer,≤100