﻿Page ID,Page name,Disclaimer,Amount spent (EUR)
1805726386405532,WatchDog.MD,WatchDog.MD,≤100
105894735799685,Евгения Гуцул,These ads ran without a disclaimer,≤100
109697622032117,Актуaльнные новости,aktualnienovosti.md,≤100
160625514692148,StopFals.md,Asociația Presei Independente (API),≤100
160625514692148,StopFals.md,StopFals.md,≤100
1721605464824193,2% in Republica Moldova,2% in Republica Moldova,≤100
112352651471410,Morari.live,Morari.live,≤100
103784048493772,Partidul Dezvoltării și Consolidării Moldovei,PDCM,≤100
110652151837931,Coaliția pentru Unitate și Bunăstare,Coaliția pentru Unitate și Bunăstare,≤100
384273702007560,Nokta,Mihail Sirkeli,≤100
245924195553948,NOI.md на русском,NOI.md на русском,≤100
104049842993150,NOI.md,NOI.md,≤100
103263731362230,Insolvabilitate.md,Biroul administratorului autorizat Bunescu Oleg,≤100
597470323744357,Primăria Mea,Primaria Mea,≤100
110044717135044,Ion Chicu,Ion Chicu,≤100
148909798467913,Partidul Social Democrat European,Partidul Social Democrat European,≤100
108924778677337,Liga Orașelor și Comunelor,Liga Orașelor și Comunelor,≤100
223647077681853,Asociatia Presei Independente,API,≤100
581144555407685,CPR Moldova - Centrul de Politici și Reforme,CPR Moldova - Centrul de Politici și Reforme,≤100
372333869501795,Centrul pentru Jurnalism Independent Moldova,Centrul pentru Jurnalism Independent,≤100
102660755351912,mesaj.md,CENTRAL GROUP S.R.L,≤100
1827162984186887,Вячеслав Платон: за свободную Молдову.,TigerMedia,≤100
101289218907718,Web News,These ads ran without a disclaimer,≤100