﻿Page ID,Page name,Disclaimer,Amount spent (EUR)
101519168409673,Dimitar Kovacevski,СДСМ,≤100
148427235188637,СДСМ - Социјалдемократски сојуз на Македонија,СДСМ,≤100
101754962766151,Рацин.мк,Рацин.мк,≤100
1482737048633478,Институт за комуникациски студии ИКС / Institute of Communication Studies,Институт за комуникациски студии,≤100
100954761298205,frontline.mk,frontline.mk,≤100
829371753904952,Hristijan Mickoski,ВМРО-ДПМНЕ,≤100
1677572455714659,Јорго Огненовски,Jorgo Ognenovski,≤100
971176269757392,Дома,Институт за комуникациски студии ИКС / Institute of Communication Studies,≤100
192483774872658,Демократи,Демократи,≤100
100746718435265,Fatmir Bytyqi,Fatmir Bytyqi,≤100
216014178764093,Timco Mucunski,Timco Mucunski,≤100
149032011830930,Centar.mk,Centar.mk,≤100
1431650310475334,Vlado Misajlovski,Vlado Misajlovski,≤100
191683947531941,medium.edu.mk,Институт за комуникациски студии,≤100
454462491290302,Maja Morachanin,ДОМ,≤100
196420997043730,ДОМ,ДОМ,≤100
108008540777637,Левица - Куманово,Левица / E majta / Levica,≤100
1723716297849902,Ljupcho Nikolovski,Ljupcho Nikolovski,≤100
400497373674524,СамоПрашај.мк,Institut za komunikaciski studii,≤100
445469652211682,Bujar Osmani,Bujar Osmani,≤100