﻿Page ID,Page name,Disclaimer,Amount spent (ARS)
100975902971250,La Libertad Avanza en San Juan,La Libertad Avanza en San Juan,137946
102858281496444,Argentinos hoy,Argentinos hoy,93516
112200072188893,Eduardo Cáceres,Eduardo Cáceres,52068
107252148848573,Eduardo Cáceres,Eduardo Cáceres,39478
104046341137293,Panorama Pais,Panorama Pais,29385
138406616275954,Marcelo Orrego,Producción y Trabajo,18384
103774184778864,Alejandra Venerando,Alejandra Venerando,18284
129799846687423,Levantémonos,Levantemonos,15932
862393870465260,Fabian Martin,Fabian Martin Intendente,12923
103371005775934,Carlos Lorenzo,Carlos Lorenzo,12161
114466054858948,Eduardo Cerimedo,Eduardo Cerimedo,11514
1064807416890278,Emilio Baistrocchi,Emilio Baistrocchi,10615
113288233452533,Nancy Picón,Nancy Picón,9978
1605180749766737,Sergio Miodowsky,Sergio David Miodowsky,8213
59772763998,Mauricio Ibarra,Eduardo Mauricio Ibarra,5062
109819601940472,Eduardo Camus,Eduardo Camus,3904
101084180600854,Juan Jose Orrego,Juan Jose Orrego,3865
1173314802698852,Gabriel Castro,Gabriel Castro,3502
2098620480455130,Belén Barboza,Maria De Belen Barboza Grimalt,3231
545934848883805,Susana Laciar,Susana Laciar,2730
111397701828101,Sergio Vallejos,Sergio Guillermo Vallejos Mini,2715
604575512919532,Cristian  Andino,Cristian  Andino,2634
101124492234921,Rodrigo Galván,Rodrigo Alberto Galvan Fernandez,2508
879513872091792,Romina Rosas,Romina Rosas,2379
1600611986887238,Martin Sassul,Martin Sassul,2306
2327114977572273,Gustavo Fernández,Gustavo Emilio Fernandez,1800
181731659317346,Rubén García,Rubén García,1711
793493827424692,Mauricio Camacho,Mauricio Camacho,1684
126008370393673,Marcelo García,Marcelo Ramon Garcia,1680
755993527765325,Franco Aranda,Franco Aranda,1492
101734714847563,Emanuel Castro Perez,Erik Emanuel Castro,1490
1759332011020864,Facundo Perrone Bode,Facundo Perrone Bode,1478
113956666672324,Gerardo Torrent Cuart,Gerardo Torrent,1303
591630090979869,Miguel Arancibia,Miguel Humberto Arancibia,1240
107345009001730,Juan Pablo Teja Godoy,Juan Pablo Teja Godoy,1191
432716433933307,Despertar San Juan,Despertar San Juan,1165
886667964679142,Fabián Gramajo,Fabián Gramajo,1154
114364621598017,Vamos San Juan,Vamos San Juan,1072
119508597771703,San Juan Opina,Cristian Javier Garay,1067
103048591208756,Daniela Rodríguez de Gramajo,Daniela Rodríguez,1066
1499357633665032,IVAN KADI,Ivan Eduardo Kadi Sarich,1061
107103051067583,Mario Gaitán,Mario Ramon Gaitan,1057
101342586037212,Republicanos Unidos  SJ,Maria Belen Varela,1041
116110411432140,Jorge Márquez,Jorge Favio Marquez,1039
105207265845422,Sebastian Carbajal,Sebastián Carbajal,841
453252135056007,Partido Obrero San Juan - en el Frente de Izquierda,Frente de Izquierda,817
235562809979334,Daniela Castro,Daniela Castro,800
113686738612,Gobierno de la Ciudad de Buenos Aires,Gobierno de la Ciudad de Buenos Aires,687
194915524789483,Emiliano Paradiso,Emiliano Paradiso,626
103041002026373,Raul Ibaceta,Rauljesus  Ibaceta,625
164548264112013,Alejandro Riveros,Alejandro Riveros,577
100120102809604,Jose Antonio Bernal,Jose Antonio Bernal,573
1397668493777947,Dignidad Ciudadana,Dignidad Ciudadana,534
103453568539556,Emanuel Arranz,These ads ran without a disclaimer,523
119198871133312,José Luis Flaco Furió,Jose Luis Flaco Furió,501
1466924390221774,Lucio Gonzalez,Lucio Gonzalez,492
1836305199944010,SI SAN JUAN,Servicio informativo Gobierno de San Juan,455
104505749273119,Miguel Fernandez Valle Fértil,Marcelo Lara,429
958750317533178,Manuela Castañeira,Nuevo MAS,411
1497442173871476,Facundo Bustos,Facundo Agustin Bustos Bentancor,376
103906831909733,Luciana Cuk,Acción San Juan,333
107492908656019,Carolina Gianinetto,Carolina Gianinetto,322
601094853743555,Silvina Elizondo,Silvina Elizondo,317
100447288160336,Verónica Benedetto,Pedro Ernesto Calvo Ranea,308
940518472631584,José Castro,José Castro,300
110673408360783,Seciti,"Secretaría de Ciencia, Tecnología e Innovación",261
183940131655054,María Eugenia Vidal,María Eugenia Vidal,259
1511994382431813,MST Nueva Izquierda San Juan,MST Movimiento Socialista de los Trabajadores,233
110290595363726,Carlos Fernandez,Carlos Fernandez,228
106436675746097,vicentemut.ok,Marcelo Lara,225
233826440281987,Ministerio de Gobierno,Ministerio de Gobierno,224
2034925836802001,Oscar Alberto Rodriguez,Oscar Alberto Rodriguez,206
101996084777901,Mariela Belski,Mariela Belski,188
102007812840437,Jóvenes con Wado,Jóvenes con Wado,135
109554821547169,CPC Jardín MuniCba,municipalidad de córdoba,122
1632364173709710,Juan Cruz Curá,Juan Cruz Curá,104
175844725888213,Alejandro Bodart,MST Movimiento Socialista de los Trabajadores,≤100
61279025897,Gerardo Morales,Gobierno De Jujuy,≤100
628834470825985,Martín Olivero,Martin Olivero,≤100
1030058910343698,Federico Javier Cacace,Federico Javier Cacace Estrada,≤100
107022228690687,Jornada Nacional,Jornada Nacional,≤100
105166715290140,Momento Uno,Momento Uno,≤100
238778949515431,El Cronista,El Cronista,≤100
367089004808,Amnistía Internacional Argentina,Amnistía Internacional Argentina,≤100
274062822714291,Sergio Uñac,Servicio informativo Gobierno de San Juan,≤100
378225769015907,Fundación Embajada Abierta,Fundación Embajada Abierta,≤100
105868508128629,60 segundos,60 Segundos,≤100
112595328432641,Wado 2023,Jóvenes con Wado,≤100
372330399898184,Mario Lara,Mario Ernesto Lara,≤100
101349631999937,Noticias para el Cambio,Noticias para el Cambio,≤100
113945651294246,Guillermo Velasco,Guillermo Velasco,≤100
103021535961289,Cede,Cede,≤100
824347377653895,Guillermo Galvan,Guillermo Galvan,≤100
335926266503071,7D,7D,≤100
985257904886548,Gaston Esperanza,Jonatan Gaston Esperanza,≤100
1728102587411460,Dr. Claudio Diaz Prats Concejal,Alicia Viviana Leon,≤100
1433465323625731,Armando Vera Diputado 2023,Armando Vera,≤100
100645365125529,Civilidad,Fundación Civilidad,≤100
358162257947051,Ricardo Bussi,Ricardo Matias Mercado,≤100
113716435000884,Frejupa Eduardo Castex,Hebelen Soledad Montelongo,≤100
1359136157453700,Bere Ramos,These ads ran without a disclaimer,≤100
355798051672544,Iñaki Aldasoro,Iñaki Aldasoro,≤100
104838940899300,Memo,El Memo,≤100
856012741442139,Ipas LAC,Neuma,≤100
110890318187982,Escucharte Santa Fe,Escucharte Santa Fe,≤100
561406917374121,Raúl Pellegrini,Raúl Pellegrini,≤100
100370865976735,Reporte del Valle,Reporte del Valle,≤100
2251397431784810,InfoArgentina,Comunicarg,≤100
101987167812727,Juan Carlos Alderete,Anabella Molinari Fernández,≤100
291254690958520,Gobierno de Corrientes,Gobierno de Corrientes,≤100
544640985878621,Argentinos Online,Argentinos Online,≤100
255425604594790,Itai Hagman,Itai Hagman,≤100
1873194886282596,Francisco Mondotte,Daniel Mondotte,≤100
100704519381881,Unidos por Casares,Silvio Fernandez,≤100
102296947917534,Ramiro Ortega,Ricardo Matias Mercado,≤100
428179387610545,Agenda Malvinas,Agenda Malvinas,≤100
105493327767840,Newsweek Argentina,Newsweek Argentina,≤100
106277608413948,Felipe Biella,Salta Independiente,≤100
508042719277404,Fabricio Bolatti,FABRICIO BOLATTI,≤100
145806262649419,Fer Miño,Patria de Todos,≤100
259700217384725,Le Monde diplomatique - Edición Cono Sur,Capital Intelectual S.A.,≤100
335782610419372,Walter Cardozo,Walter Alberto Cardozo,≤100
134557130216408,Jorge Jofré,Jorge Jofre,≤100
301506776559902,Gobierno de Córdoba,Gobierno de Córdoba,≤100
1408542766063285,Carla Carrizo,Ana Carla Carrizo,≤100
857382087671921,Maxi Abad,radicalesorg,≤100
110749667974847,Edgar Dominguez,Edgar Gonzalo Dominguez,≤100
104365527708467,Pilar Municipalidad,Pilar Municipalidad,≤100
104373848008745,Dr Armando Felipe Cabrera,Armando Felipe Cabrera,≤100
100272671672857,Carlos Cisneros,Carlos Cisneros,≤100
104147274759706,Periodismo de Izquierda,Periodismo de Izquierda,≤100
102225455988133,Ramiro Adanto,Franco Nahuel Adanto,≤100
1018409418303450,Dra. Veronica Sikora,Veronica Sofia Sikora,≤100
104244112075130,Newsba.ar,Alejandro Matias Cabrera Miglionico,≤100
106548558037239,Corte media.,Corte Media,≤100
147542145441233,Rodolfo Colombo,Rodolfo Guillermo Colombo,≤100
101961091604984,ARGMedios,arg medios,≤100
479723775425449,Mario Ernesto Sabbatella,Mario Ernesto Sabbatella,≤100
114623621541798,Luis Collio,Luis Collio,≤100
104728892306082,Cristian Illesca 2023,Nadia Gimena Guzman,≤100
446554012132946,Cien Barrios,These ads ran without a disclaimer,≤100
715950208845383,Política Obrera - Tucumán,Política Obrera - Tucumán,≤100
100857546278276,David Layús,David Layús,≤100
111476147282884,Micaela Román,Micaela Roman,≤100
1541428379519312,Luciano Demarco,Luciano Demarco,≤100
111492845540608,Fondo de Cultura Económica Argentina,Fondo de Cultura Económica Argentina,≤100
126165920400701,Daniel Hoffmann Intendente 2023,Fabián Horacio Leguizamón,≤100
177720598950247,La Ciudad Desnuda,Juan Esteban Scoufalos,≤100
615479571992156,Juan Cardozo Traillou,Juan Cardozo Traillou,≤100
105103454321860,Valente Veronica,Veronica Virginia Valente,≤100
214639252017640,Nahuel Segovia,Nahuel Mariano Segovia,≤100
149619018406294,Siglo XXI Editores Argentina,Siglo XXI Editores Argentina S.A.,≤100
670817623346264,Agustin Celi,Agustin Jose Celi,≤100
304176325478,La Política Online,La Política Online,≤100
642047375905348,Gastón di Castelnuovo,Gaston Di Castelnuovo,≤100
108759087283040,Liliana Leiva,Ricardo Matias Mercado,≤100
1896291893794933,Vanessa Cacho Devincenzi,Mario Ernesto Sabbatella,≤100
2316138265096150,Marcelo.escritos,These ads ran without a disclaimer,≤100
1187338514630380,El rincón de Cris,Elizabeth Belen Acevedo,≤100
233734300112003,Juan Monteverde,Ciudad Futura,≤100
781928915296113,Carlos Ale,Juan Carlos Ale,≤100
106001645787751,Zibba.arg,These ads ran without a disclaimer,≤100
101202436262517,Clara Pistan,Clara Pistan,≤100
112649870393407,Nelson Acuña,Nelson Acuña,≤100
193671924033178,El Argentino,Estudio AMBA SRL,≤100
103163212414881,Néstor Fiser,Dahyana Natali Terrier,≤100
967512253279966,Martin Medrano,Martin Medrano,≤100
275605539768250,Partido Social Por El Bien Común,Partido Social Por El Bien Común,≤100
108763250706433,Frente Santa Maria con Vos,Frente Santa Maria con Vos,≤100
102570774863673,LOBBY,LOBBYEscuela,≤100
1439672939588656,Arto Kalciyan,Leonardo Gabriel Forgia,≤100
1821508358130546,BAVSA,Buenos Aires Valores SA,≤100
100470839461360,Pablo Di Fonzo,Pablo Di Fonzo,≤100
273175230630,CAME - Confederación Argentina de la Mediana Empresa,CAME - Confederación Argentina de la Mediana Empresa,≤100
113084151709967,Mariano Sangalli,Mariano Jesus Sangalli,≤100
461048704010133,Fundación Andes,Fundación Andes,≤100
1405120706440456,Conclusión,Diario Conclusión,≤100
1515080865176797,Barbara Drake,Barbara Drake,≤100
110079031997390,Con Larreta,Con Larreta,≤100
454784648604570,José Ignacio Scotto,Jose Ignacio Scotto,≤100
117802747946282,Sentir Tolhuin,Norberto Fernando Davila,≤100
810080482399261,Striptease del Poder,Francisco Javier Llorens,≤100
1210193529040046,LIBRES DEL SUR Corrientes,Mariano Andres Ojeda,≤100
101069349589481,Identidad Celeste Rafaela,Brote Ad S.A.,≤100
996641350724959,Urgente Mendoza,Pablo Nathaniel Malagoli Morales,≤100
2351045021780928,Domy Orquera,Ricardo Matias Mercado,≤100
1420904314883935,El Puntano,El Puntano,≤100
101114804806282,Lucas Vega,Lucas Alan Vega Duarte,≤100
815464485157134,Roberto Righi,Roberto Righi,≤100
536422233176416,Misionesacoplados,These ads ran without a disclaimer,≤100
263571907867101,Jorge Scala,Jorge Scala,≤100
107445247737598,Agrupación Por Siempre Evita,Agrupación Por Siempre Evita,≤100
133937418577537,Utopia Urbana,Utopía Urbana,≤100
111637981320058,Productivismo - Política Argentina,Sergio Raul Samoilovich,≤100
375850199231138,Pablo Garate,Somos Tres Arroyos,≤100
104698592564035,Compromiso Por Lanús,Sol Arias,≤100
103665608847016,Juntos por el Cambio San Lorenzo Salta,Juntos por el Cambio San Lorenzo Salta,≤100
113384436026702,Caren Tepp,Ciudad Futura,≤100
137982309546526,Aida Ayala,Aida Ayala,≤100
114612168267324,Radio Municipal SG,These ads ran without a disclaimer,≤100
795202843959456,El Disenso,El Disenso,≤100
103702342314817,Nico Brizuela,Niicolas Briizuela,≤100
106022882033350,Puntopolitico,PuntoPolitico,≤100
498407047269224,Miguel Arias,Miguel Mateo Arias,≤100
128790434458390,Movimiento Popular Veinticinqueño,These ads ran without a disclaimer,≤100
105392265680573,Jorge Reale,Jorge Reale,≤100
101525192240036,La Libertad Avanza La Rioja Capital,These ads ran without a disclaimer,≤100
100769012776712,elanuranefesol,These ads ran without a disclaimer,≤100