﻿Page ID,Page name,Disclaimer,Amount spent (INR)
109937650579639,discovery+,discovery+,4478
1041070232620031,Sesame Workshop - India,Sesame Workshop India,4448
100341472149543,Naveen Goyal,Shamsher Singh,2627
21169267101,Give,Give,1243
178425049020153,Ramniwas Ghorela,Ramniwas Ghorela,827
107395897271506,Kutumb,Swatantra Verma,797
922534064468145,Capt. Meenu Beniwal,Jasvinder,793
109545244848137,Crafto,Kutumb App,684
1770518973014321,Kuldeep Vats,Click2Public Technologies OPC Pvt. Ltd.,572
1170127696364395,Anil Maan Nalwa,Sezal Maan,567
108531050841926,Shanu Yadav,Shanu Yadav,561
107377891768160,CanWinn Foundation,Aman Sharma,491
395217057599276,Gaurav Singh,Gaurav Singh,471
172627932901770,Gurdeep Singh Shahpini,Gurdeep Singh Shahpini,456
649263601760932,Rahul Rana,Kanav Kathuria,442
574079826086251,Phir Ek Baar Modi Sarkar,phirekbaarmodisarkar.com,436
578430339598121,Lalit Panwar,Kanav Kathuria,389
101643472679550,Ravinder Machhrauli,Kanav Kathuria,378
174283119250672,Bal Raksha Bharat,Bal Raksha Bharat,364
498056623561562,Prof Sampat Singh,Sampat Singh,352
797927846899300,Flag Foundation of India,Flag Foundation of India,351
30290552843,Greenpeace India,Greenpeace Environment Trust,343
113207704780878,Anurag Dhanda,Anurag Dhanda,322
2205544183064603,Surender Panwar,Ashish Sakhuja,305
117922984575871,Baljit Singh Redhu,Baljit Singh,278
103702839094687,Times Special,These ads ran without a disclaimer,277
704315853046156,DesignBoxed,DesignBoxed,275
102766972054067,Pradeep Yadav,Pradeep Yadav,258
103782051383159,School of Politics,School of Politics,256
115319398191031,Pt Bhoop Singh Sharma,Click2Public Technologies OPC Pvt. Ltd.,255
1987488401557504,Mahathugbandhan - महाठगबंधन,Mahathugbandhan - महाठगबंधन,252
113428030200426,Naveen Dahiya,Naveen Dahiya,240
746568209028564,Dr. Basu Eye Hospital,Dr. Basu Eye Hospital,235
2610079412396734,Amaresh Rai,Amaresh Kumar Rai,222
479998865355592,Aditya Birla Group,Aditya Birla Group,221
1423768791189124,Yashpal Batra,Yashpal Batra,218
103643226004293,Shree Krishan Kalanaur,Arpit Gupta,216
100951761411382,Andy Mhara Haryana,Pinki Devi,213
342405536121574,Sachin Kundu,Dheeraj Paneri,210
1108242266050014,Mohan Lal,Kanav Kathuria,209
74713936682,PETA India,These ads ran without a disclaimer,206
239011076226054,"फतेहाबाद शहर - Fatehabad City,",Rajender Kumar,202
1498081060418833,Anil Dhantori,Click2Public Technologies OPC Pvt. Ltd.,200
102288061192895,Youth Transformers,Youth Transformers,192
761826677309909,Bhupinder Lather,Book My Promo,185
163577014441724,Subhash Gangoli MLA,Dinesh,180
109076322510196,Saviour Education Abroad,Saviour Education Abroad OPC Pvt Ltd,178
445621318807521,Chander Parkash Kathuria,Dheeraj Kalra,177
165714096933078,Piyush Goyal,Piyush Goyal,176
843778465758037,Pt. Kanwarpal Karora,Kanwar Pal,170
102390179465087,Satpal Arora-सत्ते,Arpit Gupta,166
149805168540709,TheYashHegde,These ads ran without a disclaimer,164
565225540184937,CGTN,These ads ran without a disclaimer,164
200447686806046,Amandeep Singh Chawla,Kanav Kathuria,161
123405501008524,Mercedes-Benz India,Mercedes-Benz India,141
104224979066687,The Unmute AUS NZ,The Unmute AUS NZ,138
132689140088396,smilefoundation,smilefoundation,137
772416126145703,PACE - IIT & Medical,These ads ran without a disclaimer,136
685881558130468,Kamal Nath,Kamal Nath,135
805526169610318,Shubhashray Housing India,shubhashray housing india,132
427428084040490,Rajkumar Saini Bishangarh,fs findscope consultancy,130
102174422894156,Ravindra Singh Matru,Dinesh Kumar,129
667560657014524,Mahendra Singh Solanki,Swanit Infotech,126
102715296085726,Neta Ji,Deepak Mehla,124
1578232839160827,Narender Raaj Gagarwas,Engitech Media,123
112746651611392,Jasbir Panjeta,FS findscope Consultancy LLP,118
113358511675853,Tarlochan Singh,Book My Promo,117
796727237089860,Action India,Rakesh Bhardwaj,112
1791132360944156,JG News National,Sukhpreet Singh,112
107334185444129,Charitism Global,Charitism Global,109
140930379388330,Kishan Reddy Gangapuram,Kishan Reddy Gangapuram,108
2192634230999357,Sohan Dhill,Ajay Kumar,108
361691194687436,Umesh Sharma,Book My Promo,108
1433526693616228,Himachali Rishta - हिमाचली रिश्ता डॉट कॉम,Himachali Rishta - हिमाचली रिश्ता डॉट कॉम,107
103377136023452,Dhiraj Yadav AAP,Kavita Kumari,105
174953884087142,Priyanka Penchi,Varun Shivpuriya,≤100
1453970298190671,Balwan Singh Doulatpuria,Naresh Kumar,≤100
101437656247049,Modi Quotes,Modi Quotes,≤100
380538272769313,Bharat Bhushan Kapoor,Kanav Kathuria,≤100
105671775473178,Jan Suraaj,Jan Suraaj,≤100
213534312160326,Sukhbir Kataria,Anuj Kumar Bamal,≤100
404746486258732,Project Nanhi Kali,Project Nanhi Kali,≤100
168545223213479,Omprakash Hudla,Pankaj Sharma,≤100
104736419210593,PACE INDIA,PACE INDIA,≤100
100563631339612,Sushil Rana,FS Findscope Consultancy,≤100
118227367824577,Garuda Aerospace Pvt Ltd,Garuda Aerospace Pvt Ltd,≤100
101100226061226,Rajender Bainsla,Rajender Bainsla,≤100
105870244728334,Lalit Batra,Lalit Batra,≤100
841171029605948,India News,India News,≤100
515733388449554,Sunil Parihar,Divyesh Parihar,≤100
102123079337554,International Society for Krishna Consciousness,ISKCON Delhi,≤100
104553391731207,Mahender Singh,Lekhraj Kumawat,≤100
105079445808554,Mahadev Balali,WMB,≤100
270666596375251,Jhatkaa.org,Jhatkaa.org,≤100
110671738529679,Nishit Kataria,Anuj Kumar Bamal,≤100
350558792662542,Neeru Yadav,Pankaj Singh,≤100
136804713571547,Nilkanth Singh Munda,Nilkanth Singh Munda,≤100
170406447891376,Dr. Koteswara Rao,These ads ran without a disclaimer,≤100
329592260433465,Kamal Yadav,Vikas Chopra,≤100
466835200043903,उमेद अभियान - Maharashtra State Rural Livelihoods Mission,MASRLM,≤100
499923680082155,Dr K V Singh,Ranvijay Lamba,≤100
411129449009589,K.C. Venugopal,K.C. Venugopal,≤100
380840428761274,Niranjan Hiranandani,Niranjan Hiranandani,≤100
103543627702628,Arun Kumar Punjabi,Book My Promo,≤100
102573082840274,Shambhawi Peethadhishwar,Aditya Nath Jha,≤100
611316058890322,Metro Hospitals,These ads ran without a disclaimer,≤100
102343199208180,Kutumb Retreat: De-Addiction Rehabilitation Centre,Sneha Gupta,≤100
1068762883209737,Molitics,Sandeep Singh,≤100
350558792662542,Neeru Yadav,Manish Yadav,≤100
104264108977681,Esperanza Global,Esperanza Global,≤100
282198256011533,PM Narendra Swamy,PM Narendra Swamy,≤100
564340420252773,Amit Sihag,Ranvijay Lamba,≤100
101571686227986,Fans of ਦੀਪ ਸਿੱਧੂ - Deep Sidhu,Real Social,≤100
457739581061552,लवलीन टुटेजा लवली आम आदमी पार्टी हरियाणा,लवलीन टुटेजा लवली आम आदमी पार्टी हरियाणा,≤100
103160252130430,Raghumani for Uripok,Churchill Khwairakpam,≤100
110057595343289,Ramrattan Hooda,Kavita Kumari,≤100
112709838355954,Prachar99,Prachar99,≤100
412599206019337,सुनील फोगाट,Ankur Kumar,≤100
796872737016939,Jitendra Sharma Bansur,Ujjval Jain,≤100
122672260821443,Rajasthan Wale,Goldy Tyagi,≤100
510838172378770,Rajnath Singh Lucknow,Pragya Net Technology,≤100
414181298705433,Dr. Brij Mohan Saharan,Jaswinder Singh,≤100
318181832137114,Shamsher Singh Gogi,Book My Promo,≤100
897056127025640,InKhabar,InKhabar,≤100
163751763980552,Radheshyam Upadhyay,Radhey Shyam Upadhyay,≤100
104441165999273,E-Mudra Capital,Pravinbhai Sindha,≤100
108935364979003,Ragidi Laxma Reddy,Laxmareddy Ragidi,≤100
2238940452991193,Adv. Santosh Pandey,Kunal Jitendra Ajmera,≤100
2082424261866450,Vii Media,Bhalinder Singh,≤100
243524299157863,Pushkar Singh Dhami,Pushkar Singh Dhami,≤100
1009889015815725,Virender Singh,Sumit Ahuja,≤100
1807761416182426,Kamal Midha,Kamal Midha,≤100
224618077692752,Sanjay Tandon,CosMark Media Pvt Ltd,≤100
100974976268078,Thp Gift,Lata Vani,≤100
112758630512600,Sahil Sharma,Book My Promo,≤100
532582040125177,Polkhol Maharashtra - Kantikumar Jain,Kantikumar Harakchandji Jain,≤100
529298577561300,Naveen Dagar BJP,Naveen Dagar BJP,≤100
827495487267419,Amin Pathan,Amin Pathan,≤100
866373827037447,Pradeep Narwal,Saurabh Narwal,≤100
336841356426708,रोहताश भीमरोट,Rohtash Kumar,≤100
1932900346831325,Rajesh D Sanghvi,Rajesh Dineshchandra Sanghvi,≤100
30702412762,NewsX,NewsX,≤100
220803731286272,Panasonic India,Amit Chauhan,≤100
102696789439866,Satpal Singh,Vivek Vashisth,≤100
107760062318468,E-Mudra Loan,Ajay Tiwari,≤100
113858681342028,Dr. Anjali Yadav,Shiv Charan,≤100
114123981687375,diamond_loss_cover_casino,These ads ran without a disclaimer,≤100
102110417889823,Dr Krishan Jha,Krishan Varun Kumar,≤100
865561586896058,Sushil Singh,Prakhar Kashyap Singh,≤100
103205695784211,Vandana Verma,Vandana Verma,≤100
892110527476687,Rajendra Singh Yadav,Riyaz Ahmad,≤100
100285383061313,The world of beauty,These ads ran without a disclaimer,≤100
122325584193131,HHN MEDIA,Mohit Johari,≤100
108787958887792,Casino73,These ads ran without a disclaimer,≤100
562410290526813,Sanjay Shailkumar Sharma,Hitarth Sharma,≤100
155418314920954,Orchid HRD Trainings भाषणकला व राजकीय नेतृत्व कौशल्य प्रशिक्षण,Ganesh Subhashrao Lomte,≤100
102528681766242,Satya Hunkar News,Satyapal Singh,≤100
285029500623,CARE India,CARE India,≤100
100764189169523,Focus 360,Yatendra Sukla,≤100
318205675275285,APL Apollo Tubes Limited,APL Apollo Tubes,≤100
216506801885954,Pankaj Chaudhary,Yash Bagh,≤100
347337386104390,Rama Chandra Yadav,B Ramachandra,≤100
153192418171615,जनेऊँ क्रांति Janeu Kranti,Chandra Mohan,≤100
186199704897466,RD Foundation,RD Foundation,≤100
2083370235035165,Yogender Singh Chhonker,Karan Singh,≤100
338791202812647,Earth Care Awards,Prabhindar Singh Chopra,≤100
231512217793516,Ashok Goel Mangaliwala,Ashok Kumar Goel,≤100
107797718803049,Harisingh Dhangar BJP,Hitarth Sharma,≤100
109189744695292,Hardip Singh Mundian,Hardip Singh,≤100
686675931373675,Scroll Punjab,Scroll Punjab,≤100
102218576103904,Badlaav ki Aandhi Priyanka Gandhi,Badlaav Ki Aandhi Priyanka Gandhi,≤100
1469646599969390,Qaumi Awaz,QAUMI AWAZ,≤100
33497111948,Child Rights and You,Child Rights and You,≤100
112399491818085,अविरल चल अनुराग,अविरल चल अनुराग,≤100
375376069232445,The Posh Bihari,These ads ran without a disclaimer,≤100
552159824873262,Kethireddy M.L.A,Venkata Krishna Reddy Kethireddy,≤100
747930775373319,Saral Patel,Saral Patel,≤100
648392601873373,Ashok Chandna,Mukesh Kumar Yadav,≤100
113004318452052,Uday Sherawat,These ads ran without a disclaimer,≤100
110920074005712,Ungli News,Anugrah Singh,≤100
100196004828444,North Eastern Council,Sourabh Arvind Dubey,≤100
385303288239154,Raghuveer Singh Tanwar,Raghuveer Singh Tanwar,≤100
105872358721092,Vikash Bhalothia,Ujjval Jain,≤100
177924969696841,Rajendra Tiwari,Shivam Dubey,≤100
878515282172996,Shri Dutt Sharma MLA,Sushil Kumar Kashyap,≤100
105025249233764,Congress Prachar,Brij Mohan Duggal,≤100
389557067910726,Arvind Menon,Arvind Menon,≤100
100735178208398,Udyami India,Samadhan Samiti,≤100
102584546049699,Kamal Nahi Kamalnath,Kamal Nahi Kamalnath,≤100
103719915895025,Shri hari finance,Vikas Kumar,≤100
152154292012572,Navjivan,Navjivan,≤100
927522240625937,Pukhraj Suthar Rlp,Pukhraj Choudhary,≤100
103220529266172,कृति गुप्ता,कृति गुप्ता,≤100
526222491203445,The Chaupal,The Chaupal,≤100
642581262461206,Hemant Singh Phogat,Hemant Singh Phogat,≤100
333426070147135,Benny Kuriakose Associates,Benny Kuriakose Associates,≤100
108035561152933,Maha Awaas,Maha Awaas,≤100
111311881061077,"Jaspreet Singh karamsar , Chairman Dharm Parchar Committee",Karamsar,≤100
107192855352262,Satbir Singh Kasana,Jagmohan,≤100
116383754696955,Antardhwani - The Inner Voice,Antardhwani,≤100
110335041989364,महाराष्ट्राचे भविष्य एकनाथ,महाराष्ट्राचे भविष्य एकनाथ,≤100
105682567774739,Tajinder Singh Sran,Tajinder Singh,≤100
1802523420012948,Pratap Singh Khachariyawas,Anirudh Sharma,≤100
263560423714979,Dr. Mahesh Sharma,Subham Singh,≤100
114233898263244,Indian Compass Videos,theindiancompass.com,≤100
390976557590103,I Support Narendra Modi,I Support Narendra Modi,≤100
994578073995343,B. L. Verma,Sourabh Arvind Dubey,≤100
543596058995303,"Dr. Param Navdeep Singh Doctor, Social Activist, Politician","Dr. Param Navdeep Singh Doctor, Social Activist, Politician",≤100
156305911727294,Ravinder Singh Negi,Shyam Sunder Singh Negi,≤100
680923035433709,Chowna Mein,Zakti Digital Services Pvt Ltd,≤100
103563862732329,Wave City Ghaziabad,AdsMediums,≤100
123204638367845,Dr.Saurabh Rathore Hanumangarh,Saurabh Singh,≤100
973189589455249,Thakur Jaivir Singh,Thakur Jaivir Singh,≤100
301902473766068,முதல்வன் OPS,M Mahalakshmi,≤100
642379895821472,Neelam Sharma Ambala,Himanshu Punj,≤100
132806813793938,Paramjit Singh Sarna,Harjap Singh Dhingra,≤100
698096280212576,Bhatti Vikramarka Mallu,Bhatti Vikramarka Mallu,≤100
713416382011902,Sahil Shivaji Kedari,Sahil Shivaji Kedari,≤100
114592314849721,Sunil Maheshwari,Sunil Maheshwari,≤100
121042204317274,AnkitSapre,Prateek Malhotra,≤100
108997041783722,The Unmute Special,The Unmute Special,≤100
100578959345573,GHR INFRA,These ads ran without a disclaimer,≤100
195167817324812,Pawan Khera,Pawan Khera,≤100
114513331559241,Viral Edgy,Yatendra Sukla,≤100
1706371292942156,"Ministry of Development of North Eastern Region, Government of India","Ministry of Development of North Eastern Region, Government of India",≤100
694622163885355,Devender singh babli,Devender Singh Babli,≤100
846994962145905,Manoj Kumar Aggarwal,Durga Kumari,≤100
1464107573864436,Lalit Yadav,Lalit Yadav,≤100
106681545350233,The Sunday Guardian,The Sunday Guardian,≤100
504536583266546,Tilak Raj Sharma,Tilak Raj Sharma,≤100
106600387541566,Kamal Chib,Kamal Chib,≤100
1433894153522813,Pramod Bhaya,Kapil Sain,≤100
105824457802200,The Khabarsaar,Amandeep Singh,≤100
1360805680600676,Sandeep Kshirsagar,Yogesh Padmakarrao Pawar,≤100
105617485464172,Manoj Ghumariya,Rakesh Kumar Gurjar,≤100
339835596096353,Satish Poonia,Satish Poonia,≤100
263184511206857,Poonam Soni,Poonam Soni,≤100
113123373786875,Devender Nim,Anshul Sharma,≤100
558095644313561,Manish Rawat,Manish Rawat,≤100
103040206040226,Dr. B S Ajaikumar's Thought Leadership,Dr. B S Ajaikumar's Thought Leadership,≤100
361031561139301,Rakesh Jangir,Saurabh Singh,≤100
116855094744421,Harbeer Singh Panwar,Akash Chaudhary,≤100
109916533853207,AMIT KUMAR SINGH,Akash Singh,≤100
647353902009584,Dr. Nilam Yadav,Nilam Yadav,≤100
268437163351102,Saurabh Srivastava,Saurabh Srivastava,≤100
289085061102499,Sukhwinder Singh Bindra,Sukhwinder Pal Singh,≤100
918414611597115,Amar Prasad Reddy,Venkata Satish Chandu,≤100
918012775255465,Abhimanyu Singh,Abhimanyu Singh  अभिमन्यु सिंह,≤100
162115051234970,Dharmendra Singh Lodhi mla,Dharmendra Singh Lodhi,≤100
100328978216424,"Fight Pollution, Not Plastics",Nitesh Singh,≤100
140206666732942,हिंदुस्तान मेरी जान,हिंदुस्तान मेरी जान,≤100
256683878023906,Atul Bora  অতুল বৰা,Atish Mitra,≤100
103218729271141,NLC Bharat,These ads ran without a disclaimer,≤100
100662373032985,themallikamethod_,These ads ran without a disclaimer,≤100
111290177766785,Pramod kumar Lic of india,These ads ran without a disclaimer,≤100
696055677109053,Neeraj Kundan,Deepak Khatri,≤100
1675237799375590,Chandra Mohan Patowary,Jitendra Newatia,≤100
292216604197270,Harsh Sanghavi,Piyush Mantri,≤100
327435757385465,Jaisingh Agrawal,Jaisingh Agrawal,≤100
556874051089992,Tilak Raj Sharma,Tilak Raj Sharma,≤100
1400922716824148,Ameet Satam,Kunal Jitendra Ajmera,≤100
367693910079524,Mohit Jaswant Yadav Page,Mohit Yadav,≤100
1612012092202484,Bharat patwari,Bharat patwari,≤100
104051531611577,CV Ganesan,J Arunkumar,≤100
103520868780371,VIKAS Paswan,Anupama Rai,≤100
381937732180611,Vineet Joshi,Vineet Joshi,≤100
644400709346753,Adv.Uma Shanker Sharma,Adv.Uma Shanker Sharma,≤100
679159028834779,ममता मीना,Mamta Meena,≤100
427521707672968,Gyana Ram Ranwa Chandpura,Shiv Charan,≤100
105280679246525,Rudra casino expert,These ads ran without a disclaimer,≤100
112061804808512,Bihar State Sports Authority - BSSA,Ajit Kumar,≤100
1149375478489344,Harvinder Singh Sarna,Harjap Singh Dhingra,≤100
112314771829803,NorthEast Global Investors Summit,Sourabh Arvind Dubey,≤100
106630711343439,O News हिंदी,Anand Shankar Jha,≤100
105547865434916,Code Elections,Code Elections,≤100
102861739422105,Kuldeep Rai Sharma,Policy Briefcase,≤100
897491920274533,Sandeep Rathore,Sandeep Rathore,≤100
107183605667962,Dev Narayan Latala,Rakesh Kumar Gurjar,≤100
393768164105774,Parimal Nathwani,Parimal Nathwani,≤100
102197312670602,विधायक भेंट मुलाकात - Vidhayak Bhet Mulakat,Krishna Pandey,≤100
1731493857081536,Dr. Kuldeep Bhandari,Dr. Kuldeep Bhandari,≤100
120420451049261,Sahara India,loknayakeducation.com,≤100
106227055800259,Mission 2031,Rajendar Parsad Jain,≤100
121936820894514,Apna Rajasthan,Goldy Tyagi,≤100
101964264562944,Sanjay Singh Gangwar,Sanjay Singh Gangwar,≤100
695738973874352,Dr. Sumer Singh Solanki,Sumer Singh Solanki,≤100
142752549111246,Construction World Magazine,Asapp Info Global Services Pvt. Ltd,≤100
2248485428700495,Global Leaders Awards,Anikesh Singh,≤100
1397767487148044,Jaidatta Kshirsagar,Jaydatta Sonajirao Kshirsagar,≤100
112783684949168,Vikram Singh Gondiya - भेरुगढ़,Shubham Arendiya,≤100
103960295837535,Satyanarayan Khoiwal,Shubham Arendiya,≤100
105343811139075,शर्मिला सिंह सभासद-अशोक कुमार सिंह “मुन्ना सिंह”,Shivaya Clinic & Hospital,≤100
102576955846347,என்னடா பண்ணி வச்சிருக்கீங்க,M Mahalakshmi,≤100
150727778825020,Mobius Foundation,Mobius Foundation,≤100
248587271966546,Lachha Ram  Badarda,Lachha Ram  Badarda,≤100
285403455681355,Railway Children India,Railway Children India,≤100
1651727365046605,Pukh Raj Parashar,Pukh Raj Parashar,≤100
106995762752939,Ramesh Chand Khandelwal,Ramesh Chand Khandelwal,≤100
108755307695610,Dr. Harsh Kumar Doulat,Harsh Kumar Doulat,≤100
100948094985536,Humaid Shakeel,Sunil Kumar Prajapat,≤100
1403961939859432,Bhanwar Jitendra Singh,Politics Simplified,≤100
1466957313555107,AJAY SAHU,Suraj Sharma,≤100
104412674561203,Hitesh Yadav Ru,Surendra Raigar,≤100
110194685265228,Praveen Jha,Praveen Jha,≤100
114096208260045,astrologer_afroj_khan786,These ads ran without a disclaimer,≤100
278319216361879,D S R Patil,D S R Patil,≤100
1716214961979807,Dr Sarvesh S Joshi,Pawan Kumar Sharma,≤100
1834369746850103,Ankit Bansal,Ankit Bansal,≤100
1100583156625229,Dheeraj Gurjar,Dheeraj Gujar,≤100
103542485852046,Swami Vivekanand Gujarat Rajya Yuva Board,Swami Vivekanand Gujarat Rajya Yuva Board,≤100
105666722085928,Dhanraj Kundu AAP,Naresh Kumar Shoeran,≤100
376088749187854,Office Of Dr.Saurabh Rathore,Saurabh Singh,≤100
106477475650941,Mulubhai Bera,Piyush Mantri,≤100
378362679001615,Manoj Shukla,Manoj Shukla,≤100
995582213894808,Kothapalli Geetha,Venkata Satish Chandu,≤100
112273238527259,holder packing company home work job 28000 salary 18000 advance,These ads ran without a disclaimer,≤100
108785447311988,Nagesh Gupta,Nageshwar Rao Kotike,≤100
104633612411419,Dr Samir Kagalkar,Dr Samir Kagalkar,≤100
1774130362804630,Indian Team Fans,Adv Tech,≤100
1337036716330736,Shankar Lal Kasana,Shiv Charan,≤100
101038879308594,Abhijeet Deshmukh,Abhijeet Deshmukh,≤100
103925079299337,Online Apply Now Loan,These ads ran without a disclaimer,≤100
207343709721346,Harbhajan Singh ETO,Harshjit Singh,≤100
100374392742057,Weregreenly- Magazine,These ads ran without a disclaimer,≤100
100104899572027,Indian National Congress Kasumpti,Indian National Congress Kasumpti,≤100
163190160489585,Vasundhara Raje,Vasundhara Raje,≤100
110847490543428,Vipul Kumar Salwan,Vipul Kumar Salwan,≤100
204318116677554,National Herald,National Herald,≤100
109193781650185,Arun Kumar,Pranjal D Rai,≤100
1644165492504830,Anekal Ramoji Gowda,Ramoji Gowda,≤100
621054018262029,"डॉ. अवधेश कुमार वर्मा, सामाजिक कार्यकर्ता एवं शिक्षाविद, सचिव-भवदीय ग्रुप","डॉ. अवधेश कुमार वर्मा, सामाजिक कार्यकर्ता एवं शिक्षाविद, सचिव-भवदीय ग्रुप",≤100
108432861353908,Karan Singh Yadav,Mukesh Kumar Yadav,≤100
1496424467320334,Bhagirath Yadav,Pukhraj Choudhary,≤100
105530752376295,"Shiromani Akali Dal, Delhi Unit",Harjap Singh Dhingra,≤100
114445738281774,Mukesh Sharma,Himanshu Goel,≤100
835481029818511,Rahul Tiwari,Shivam Dubey,≤100
416058801922933,Bharat News,Bharat News,≤100
106480475566850,Kaushal Dave,Kaushal Dave,≤100
103018412796200,all India holder packing 28000 salary 16000 advance call mi,These ads ran without a disclaimer,≤100
253778858656895,Javed Ansari,Javed Parve Abdul Samad Ansari,≤100
678876002499539,Mohd Shamim Khan,Shamim Khan,≤100
137192210235379,देशभक्त भारतीय,Adv Tech,≤100
1263109480456697,Ratna Kumari Shahpura,Ganesh Kumar,≤100
637579153363871,Urmila Jain Bhaya,Kapil Sain,≤100
101295712462130,Anmol Sovit,Prashant Kumar,≤100
107183428120144,Dr C Saraswathi,Dr. C. Saraswathi,≤100
811055169008794,Dr. Bonthu Rammohan,Ram Mohan Bontu,≤100
107402542356423,Dhanlaxmi financial,These ads ran without a disclaimer,≤100
105238319248618,Rocky Cassino Hacker,These ads ran without a disclaimer,≤100
1893540457545685,Virendra Singh Tomar,Virendra Singh Tomar,≤100
132689140088396,smilefoundation,Smile Foundation,≤100
103719669313108,Rajkumari Gurjar,Pankaj Sharma,≤100
421962034490470,Dhananjay Mahadik MP Kolhapur,Ashwamedha Media,≤100
490587811385953,Shailendra Singh Gurjar,Saurabh Singh,≤100
1935128343433294,"Sri Shyam Sundar Singh ""Dhiraj""",Shyamsunder Singh Dheeraj,≤100
1494643030667329,Akhilesh Shukla - अखिलेश शुक्ला,Deepak Tripathi,≤100
520589794984505,Ved Prakash,These ads ran without a disclaimer,≤100
1571167366231304,Ramakant Bhargava,Saket Bhargava,≤100
104020309373652,Raza Bhai,These ads ran without a disclaimer,≤100
107250704737912,CA Sushil Bandpatte,Sushil Chandu Bandpatte,≤100
110197854912974,Sonu Singh Garg,Pratik Garg,≤100
317042561720861,Sunil Deodhar,Dharmendrasing Narendrasing Rajput,≤100
408032679785089,Ravinder Dabas Rocky,Ravinder Kumar,≤100
102225236051736,श्री परशुराम फाउंडेशन,These ads ran without a disclaimer,≤100
105040639000304,Political Junction India,Sunita Singh,≤100
107111968590006,रामनिवास सारस्वत,These ads ran without a disclaimer,≤100
112282978117982,Ashish Sambaria,Ashish Sambaria,≤100
144981609477408,Sardar Jasbir Singh AAP CG,Naresh Kumar Shoeran,≤100
425594447573893,BJP4Palamuru,Mayurnath Matam,≤100
106917495262631,Arvind Kejriwal ಬೆಂಗಳೂರು,Kamran  Shahid,≤100
385658441549334,Deepak Bhati Chotiwala,Dipak Bhati,≤100
453884384661528,Brijendra Singh Yadav,Devendra Ahirwar,≤100
109034074092751,Rakesh dayma alote,Rakesh dayma alote,≤100
116997354325105,Wg Cdr Anuma Acharya,Wg Cdr Anuma Acharya,≤100
112326528253527,Apex Online Solution,Ajay Tiwari,≤100
374173429450248,Insist Post,Adv Tech,≤100
1088373891289696,Kamal Yadav,Akash Singh,≤100
103833782263290,Arvind Singh Bhati,Engitech Media,≤100
101692065299062,Hyma Reddy BJP,Hymavathi Neeradi,≤100
109735351891742,Apex India service,Ajay Tiwari,≤100
256050398281355,MD Chopdar,WEBTIX,≤100
1652675041670519,Troopel,Atul Malikram,≤100
271711770069401,सुरेश धाकड़ राठखेड़ा,Gajendra Verma,≤100
110703178205501,Vikas Surana,Vinayak Sharma,≤100
130485577594855,जय माता दी,Adv Tech,≤100
105073542218128,जगद्गुरु शंकराचार्य स्वामी श्री अधोक्षजानंद देवतीर्थ जी महाराज गोवर्धनपीठ,shree adhya shankaracharya dharmotthan sansad,≤100
102746949480962,KBC online 7,These ads ran without a disclaimer,≤100
649481611827403,Shri Mahaveer Gaushala Kalyan Sansthan,Kapil Sain,≤100
105813284380310,Dee4unews,Deepak Kumar Bhandari,≤100
100935642733964,Hindi Khabar Digital,The Narrative Builders,≤100
2054085351341244,Filmy - Bihar,Filmy - Bihar,≤100
324431637935197,We Support Narendra Modi,Adv Tech,≤100
1592265114364332,JP Yadav,Pramender Kumar,≤100
1406676006269693,Kedar Kansana,Kedar Kansana,≤100
105625338928748,DR. Ramkishor choudhary,DR. Ramkishor choudhary,≤100
470458233479120,Aparajita Sarangi,Reach Digitally,≤100
611302915912099,Vikash Pachar,Vikash Pachar,≤100
109027442133819,Dr. Sanjay Singh,Naveen Singhal,≤100
1656810004631832,Youth 4 BJP,Adv Tech,≤100
105694514269834,North Eastern Region Community Resource Management Society,Shrinivas Ravichandran Nadar,≤100
103544656778013,Dr Akhilesh Prasad Singh,Akhiles Prasad Singh,≤100
174239349897920,Samadhanabhiyan Ngo,These ads ran without a disclaimer,≤100
511725522329475,Sampurna Samachar Seva,Sampurna Samachar Seva,≤100
615440561843630,Pusp Jain,Bharat P. Talaisha,≤100
734717033361425,Kamla Athwal,Kamla Athwal,≤100
111560924353656,Swetha Reddy,Rajendra Reddy Bhuvanagiri,≤100
1672687666360628,Jai Mata Di,adv-tech,≤100
109561335477859,Tonny Casino07,These ads ran without a disclaimer,≤100
104482765699216,मेजर सिंह चौहान,These ads ran without a disclaimer,≤100
105646032180920,Vaddiraju RaviChandra,Vaddiraju RaviChandra,≤100
205278732829897,Prem Prakash Pandey,TheVOLOPV,≤100
352171861622734,Roji M John,Roji M John,≤100
101581199393219,The Newz Radar,The Newz Radar,≤100
196338294250820,Rohit Gangwal,Modi For PM Organisation,≤100
115303184883991,Vishesh Meena INC,Ganesh Kumar,≤100
1856074367972717,Mukesh Yadav,Mukesh Kumar Yadav,≤100
103125628674152,Dushyant Raj Singh Chundawat Chittorgarh,Tanuj Nandwana,≤100
577856385582447,Raghu Sharma,Sunil Maan,≤100
612629662420991,Ankit Sharma,Sunil Kumar Prajapat,≤100
101854318835394,Abdur Razzak,Injamul Hoque,≤100
109830814975379,Raghu Parmar,Rinkesh Namdev,≤100
1850402531956182,सपने जो सोने न दें,Adv Tech,≤100
301600333956877,Rajendra vinayka bjp,Ganesh Kumar,≤100
321228061382932,Pt. Shekhar Dixit,Websofy Software Private Limited,≤100
107336164119124,Ashvani Singh Little,Akash Singh,≤100
104889532431683,Jagdish Verma sangaria,digital computer classes,≤100
104349501516784,Babulal Kumawat,Shiv Charan,≤100
1176347162398086,Guru Nanak Naam Leva,Guru Nanak Naam Leva,≤100
1753796244634358,We Support Yogi Adityanath,Adv Tech,≤100
1526917110732627,Beti Foundation,Beti Foundation,≤100
108497578583588,Janpeace Live,Trishanu Kaushik,≤100
474995622600131,Diliprao Deshmukh,Diliprao Deshmukh,≤100
109179291985422,Adavalli Krishna,Sateesh Vinjam,≤100
107618782040426,Nagendra singh dodiya,Nagendra Singh Dodiya,≤100
103100085360996,Madho Singh Udat,Akash Singh,≤100
360055177344642,Animal Equality India,Animal Equality India,≤100
1706371292942156,"Ministry of Development of North Eastern Region, Government of India",Arshad Ali,≤100
101736992424085,Md Imteyaz Akhtar,Md Imteyaz Akhtar,≤100
140624336584770,Yogender Pal Singh Champawat,Akash Singh,≤100
111135334049877,Rakesh Thakur,Vikrant Shukla,≤100
283050962056557,Rohit Sardana and Sudhir Chaudhary Fan Club,Adv Tech,≤100
102275329396663,GS Shyam,Shyam Gollarahally Siddappa,≤100
104725784613400,Jila Champaran,These ads ran without a disclaimer,≤100
345702226193796,Premshankar Verma MLA,Harsh Verma,≤100
105220221871757,Minesh Pandya,Minesh Pandya,≤100
935503089847466,Pant Path,Pant Path,≤100
126455024584757,Randeep Singh Deol,Randeep Singh,≤100
106663122432147,"नटराज कंपनी पेन पेंसिल होम वर्क जॉब सैलरी 30,000 एडवांस 15000",These ads ran without a disclaimer,≤100
807729982669771,Chaudhary jeetandra singh jatav,Akash Singh,≤100
111527111467505,Rupesh Chaudhary,Rupesh Chaudhary,≤100
105860667985163,Badeti Radhakrishnayya,Radhakrishnayya Badeti,≤100
490136707814474,Sharwan Singh Bagadi,Sharwan Singh Bagadi,≤100
109801588758607,Sanjay Tamboli,Sanjay Tamboli,≤100
367203836657399,Rajendra Singh Surpura,Prakash Jaiswal,≤100
108135281515107,kitchen__zayka,These ads ran without a disclaimer,≤100
241940555912671,Chandigarh University,Chandigarh University,≤100
806210639465448,Jitender Fulara - AAP,Kavita Kumari,≤100
114099648349304,Gopal Sahu,Vivek Banchhor,≤100
105919999093332,Varta24/वार्ता 24,Varta24/वार्ता 24,≤100
643216342792266,দেবাশিস পণ্ডা ভারতীয় Debasis Panda Bhartiya West Bengal,Debasis Panda,≤100
169851583485696,Chhotu Singh Bhati,Engitech Media,≤100
107813374962437,gags_dhatt,YOUTH VOICE FOUNDATION,≤100
203181590261286,Bhanu Pratap Singh,Pankaj Sharma,≤100
889810991147251,Nyamar Karbak,Nyamar Karbak,≤100
695443630505890,Ravipreet Singh Sidhu,Ravipreet Singh Sidhu,≤100
473607736156010,Kunal Marathe - कुणाल मराठे,Kunal Nitin Marathe,≤100
767805023307544,Santosh Kumar Singh BJP,Akash Singh,≤100
2100849650146359,Ramarao Patil Pawar,Venkata Satish Chandu,≤100
115672001487908,The Green Pillar,Stuti Singh,≤100
565714670143123,Ashok Saini,Engitech Media,≤100
269761569864265,Rao Padma,Kushal Reddy Rao,≤100
605390272841833,Shrirang Appa Barne,Abhay Balu Ahire,≤100
1964648457141458,Shanthi Kumar,Mayurnath Matam,≤100
109074230801626,Er Hansraj Baloti,Anshul Kumar Gupta,≤100
175720976444661,PRO India,PRO India,≤100
122929377464922,Sanjay Singh,These ads ran without a disclaimer,≤100
423928144293931,Mahender Pratap Singh,Pankaj Sharma,≤100
105354058906524,Bjp Shekhar Sharma,Shekhar Sharma,≤100
825870624112435,Ramesh Chandra Ratn,Arun Sharma,≤100
138118806735924,Pradeep Tiwari,Pradeep Tiwari,≤100
102323545504609,Rama Devi Chopra,Rama Devi Chopra,≤100
111678684790364,APP Live Rajsthan,APP Live Rajsthan,≤100
2362229027338767,బీజేపీ వైపు ప్రజల చూపు,Bharath Kumar Ravula,≤100
106325972403053,mudra finance loan,These ads ran without a disclaimer,≤100
105352618893717,Shankar yadav,Shankar yadav,≤100
150142102022817,Namo Supporter,Adv Tech,≤100
105971422010681,Kumar Gautam AAP,Kumar Gautam AAP,≤100
101328314869205,Atal Amrit Abhiyan Society,Atal Amrit Abhiyan Society,≤100
105440195897131,Coin selling company mein,These ads ran without a disclaimer,≤100
102838152104730,Bjp kisan Morcha punjab,Ashish Soni,≤100
109046802169655,Rahul Jagdish Nayar,Click2Public Technologies OPC Pvt. Ltd.,≤100
101033646254647,National Press Times,Sandeep Kumar Rana,≤100
322531835234894,Mohinder Goyal,Kanav Kathuria,≤100
1970648246506605,Jitu Goswami,Bharatdwaj Pingal Baruah,≤100
100294672142198,Punjabi Dhaba - पंजाबी ढाबा,Punjabi Dhaba - पंजाबी ढाबा,≤100
151402265453863,Gurpreet brar,Gurpreet brar,≤100
509680612544315,Dr.Sanjeev Kumar,Saket Kumar,≤100
102805532259807,"Khalsa Sen. Sec. School, Bir Baba Budha Sahib, Thatta, Tarn Taran",These ads ran without a disclaimer,≤100
115787714760392,Jan Jagaran Yatra,Dharmendra Chhonkar,≤100
1947794792150993,Piyush Dosi,Anuj Vyas,≤100
101610392620043,ITS Speciality Dental Clinic,ITS Speciality Dental Clinic,≤100
2159484957646626,Mahant Daleep Rawat,Daleep,≤100
168345423237875,Santosh Surendra Ahlawat,Santosh Surendra Ahlawat,≤100
184848438961199,Surya Singh,Surya Singh,≤100
168228334032318,Sat Sharma CA,Naveen Sharma,≤100
181418895366896,Ganesh Joshi,Mayank Joshi,≤100
415864998753953,Ravinder Singh Paniyala,Nitin Panwar,≤100
111956450138945,Amara Ram Beniwal,Amara Ram Beniwal,≤100
135657743788459,Amit Chauhan,Amit Kumar,≤100
106456887722695,Adesh Yadav BJP,Anil Kumar,≤100
1088373891289696,Kamal Yadav,Kamal Yadav,≤100
236500783397189,Kamlesh Paswan,Kamlesh Paswan,≤100
132689140088396,smilefoundation,These ads ran without a disclaimer,≤100
102543802472630,Egniol Financial Services Private Limited,These ads ran without a disclaimer,≤100
102435908872240,Hari Prasad Baliwal,Mohan Lal Baliwal,≤100
250007248502240,Golu Shukla,Modi For PM Organization,≤100
105556632483422,Jyoti Soni,Udaysingh,≤100
110612608603334,Qurious Ninja,These ads ran without a disclaimer,≤100
632518450236186,Sudarshan Bhagat,Sudarshan Bhagat,≤100
550287678727831,Bharath Reddy Ravula,Bharath Kumar Ravula,≤100
103088902327676,Dwarka Kunj,Rahul Tiwari,≤100
103919196053348,indiabooks1,These ads ran without a disclaimer,≤100
647244058952240,Jaypal Singh Chawda,Jaypal Singh Chawda,≤100
101008368044874,Dr.Amanpreet Singh Brar,Amanpreet Singh Brar,≤100
431454157629297,Mukesh Ahlawat,Nitish Kashyap,≤100
108293074221501,Dr Ajay Singh - ज़िलाध्यक्ष भाजपा रीवा,Udaysingh,≤100
1955301821451552,Abhishek Dutta,Abhishek Dutta,≤100
236364486833201,Bjp help center india,Rajat Kumar Prjapti,≤100
455447354644551,Sabir Ali,Sabir Ali,≤100
2025252410936193,Shivaendra Pratap Singh,Shivendra Singh,≤100
112783995126450,Dr. Saket Bhargava,Saket Bhargava,≤100
104071715577392,SK International Sainik School Retharedharan - Sangli,Sanket Vinodkumar Surana,≤100
102102622351285,Raghuvir Singh Meena IPS,Akash Meena,≤100
103784118675658,Education For All,Krishna Kumar Sinha,≤100
115438731524636,Imandari Ek MahanGa Shok Hai Jo Har KisiKe Bas Ki Bat Nahi,These ads ran without a disclaimer,≤100
101121682998651,Coin Shop online selling,These ads ran without a disclaimer,≤100
1489647731256741,Dr Jitendra Singh,Ayush Deshpande,≤100
102053352746188,Rajesh Ramkishan Jaiswal,Chetan Patel,≤100
105824442271812,John Allen Ranganathan,John Allen Ranganathan,≤100
2238647176463048,Dr.Vijender Singh,Anshul Kumar Gupta,≤100
382073148521371,EG classes for IAS,Prakhar Kashyap Singh,≤100
152596918263474,Desh Bhagat University,These ads ran without a disclaimer,≤100
111977025063739,Mushaib,These ads ran without a disclaimer,≤100
322549821209837,"Jitendra K Daga- ""Mannu""",Kumar Ratnam Sharma,≤100
106981122409010,shivam.razzpurohit,These ads ran without a disclaimer,≤100
216953671779092,Kedarnath Shukla,Kedarnath Shukla,≤100
106697569030382,Shankar Lal Sharma,TSM,≤100
132859090587882,Surajit Datta,Surajit Datta,≤100
111861104315866,Prateek Kalia,Prateek Kalia,≤100
109116792191550,Old coin company,These ads ran without a disclaimer,≤100
643001122724792,Shambhu Kumar,Punit Kumar Pandav,≤100
716085012115556,Today Bhaskar,Yashvi Goyal,≤100
103594169212880,Dr. Veerpal Singh Shekhawat,Vishvajeet Singh Shekhawat,≤100
109253634221142,Dr Abhishek  Ramadhin,Abhishek Kumar Ramadhin,≤100
110120115042838,Ramesh Choudhary,GRIP AMATYA PVT. LTD.,≤100
116417198030973,Adv Avinash jeengar,Ganesh Kumar,≤100
934604696634324,Hitesh Khandor,Pande Mohini Kamleshbhai,≤100
1753510778289435,शायरी,शायरी,≤100
1496417093971777,Inder Singh,Inder Pal Singh,≤100
107461545681999,Ramesh Kumar,Ramesh Kumar,≤100
1958673024455049,Sattu Mallesh,Sattu Mallesh,≤100
108024168621568,Dev Palsaniya,Rohit Githala,≤100
394168494317389,MIT World Peace University,MIT World Peace University,≤100
104932949009307,Bandaru Vijaya laxmi,Bandaru Vijaya laxmi,≤100
101368382935282,merciless.predators,These ads ran without a disclaimer,≤100
448636251893672,Sarthak Educational Trust,Sarthak Educational Trust,≤100
278423842321236,BJP Rajasthan,Bharatiya Janata Party (BJP),≤100
1949802628682701,Rana Sujeet Singh,Rana Sujeet Singh,≤100
113073133805731,Desh Ki Baat Foundation,Krishna Kumar Yadav,≤100
912096938897209,Vijay Singh,Vijay Singh,≤100
876699415772381,Rakesh Visheshwar Ojha,Rakesh Ranjan,≤100
296002831234834,Swapnil Kothari,Swapnil Kothari,≤100
496051140875194,बाबुलाल महाजन,Chetan Patel,≤100
1109826479083738,Rajeev Sharma BJP,Puneet Kumar Singh,≤100
102632652751968,Team Dr Ajay Meena,Punit Agarwal,≤100
111276250676310,Pradeep Rai,Vivek Kumar Singh,≤100
750064438340852,Suresh Modi,Rakesh Natwariya,≤100
109478065061495,DilipSinh Gohil - BAPU,Vikas Acharya,≤100
104001385524847,Randhir Jha -  मेयर प्रत्याशी मधुबनी,Anu Jha,≤100
104906185574109,Monica Garkhel,These ads ran without a disclaimer,≤100
101950355775969,Nilesh Jain,Nilesh Jain,≤100
106577052229355,Rakesh Choudhary,Shiv Charan,≤100
988113031199582,Dr. Ramesh Chand Tomar,Ashutosh Mishra,≤100
109709397316526,Dr. Ashraf Ali,Aameer Aazam,≤100
102190549528434,Tumpa Dey,These ads ran without a disclaimer,≤100
342300295978073,Syed Afzal Abbas,Syed Afzal Abbas,≤100
104982108521618,Jogani Mahendra,Mahendrabhai Jogani,≤100
421898971593294,Irfan Ali Choudhri,These ads ran without a disclaimer,≤100
102994271417943,Ashutosh Kumar Tripathi,Shishupal Kumar,≤100
108266022181947,jssranofficial,These ads ran without a disclaimer,≤100
2118803388399006,Click2Public,Click2Public Technologies OPC Pvt. Ltd.,≤100
106350182297165,maleema.in,These ads ran without a disclaimer,≤100
256262684721365,Kalyan Agrawal,Chetan Patel,≤100
808248039220230,Neel rao,Barai Khushali,≤100
1320392914728501,साईं भक्त,साईं भक्त,≤100
104418341762895,Anjishnu Chakraborty,Snehasis Chakraborty,≤100
492533841092196,KP Vivekanand,KP Vivekanand,≤100
1692446997478851,Divy Trivedi,Vikas Acharya,≤100
1919704441684688,Rakesh Sachan,Manvendra Sachan,≤100
190291601797928,Bimlesh Tiwari,Bimlesh Tiwari,≤100
104587555602306,Indian National Congress Shimla-Urban,Megha Sharma,≤100
102482515373415,Liladhar saini,These ads ran without a disclaimer,≤100
109546308136398,Sankar Dutta - শংকর দত্ত,Bholanath Dey,≤100
104860424918954,दिल है हिन्दुस्तानी,Abhijit Kumar,≤100
118552134469003,Raju Batham Official,Raju Batham,≤100
833671193439526,Siddharth Tiwari - Raj,Shivam Singh,≤100
201156146959026,Mohinder Bhagat,Mohinder Paul,≤100
102616298277409,Afaque ahmad,Afaque ahmad,≤100
106419995801207,Preeti Singh Chauhan,These ads ran without a disclaimer,≤100
203795313615859,PDTV News,Nagarjuna Reddy Kaipa,≤100
172054106182392,LEADTECH,Yash Bagh,≤100
554419301646094,Ajay Dhandia,Prakash Jaiswal,≤100
1947794792150993,Piyush Dosi,These ads ran without a disclaimer,≤100
622412417896753,Shiromani Akali Dal Delhi,Harjap Singh Dhingra,≤100
119073691133396,जज़्बात..अजय के अहसास।,जज़्बात..अजय के अहसास।,≤100
107594063255738,Ankur Warikoo,These ads ran without a disclaimer,≤100
173536432700799,Ahmed Balala,Ahmed Balala,≤100
107818905651125,Dr. Sunil Panndit,Manish Yadav,≤100
104648555630705,Ravinder Singh Chouhan,These ads ran without a disclaimer,≤100
101934341160333,प्रमोद नाना भानगिरे - Pramod Nana Bhangire,Bhangire Pramod Vasant,≤100
389557067910726,Arvind Menon,Abhishek Shukla,≤100
380886545745747,Narayan Meena,Punit Agarwal,≤100
104269632292088,Abhinav Times,Vikas Acharya,≤100
189271178483352,Five Lotus Indo German,Five Lotus Indo German,≤100
102339448282189,विवेक कुमार वर्मा,Alok Verma,≤100
115756041499187,islamtalkbysaimah,These ads ran without a disclaimer,≤100
354210368277318,Diwan Singh Bisht MLA,Sandeep Bhardwaj,≤100
105515161411695,Pankaj Singla,Anil Kumar,≤100
143261639167841,Manish Pareek jaipur,Rajesh Goutam,≤100
804940142947809,Aftab Azim Urf Pappu Azim,Mohammad Iftekhar Alam,≤100
104911017685384,Abhay Singh,These ads ran without a disclaimer,≤100
1584395508448696,Manash Borah,Manash Borah,≤100
115809608145737,arman.malik086,These ads ran without a disclaimer,≤100
107547661857152,Nimisha Mehta,Gopal Jha,≤100
100198063064112,Rupam Mishra,Rupam Mishra,≤100
100925916175723,ABN Khabar,These ads ran without a disclaimer,≤100
100628949640718,Abhishek Gupta Bus Service,Pranav Kumar,≤100
103443372396602,MLA Dr Raghu Sharma,Sunil Maan,≤100
373196746110010,MADAN DILAWAR,MADAN DILAWAR,≤100
114325728232178,Sandeep Kumar,These ads ran without a disclaimer,≤100
524397084312241,N Hari BJP,Aneesh V,≤100
106176825112716,Kamalesh Adhikary Official,These ads ran without a disclaimer,≤100
106537674450366,Ajay Singh 'Tunnu' - अजय सिंह 'टुन्नू',Harsh Ajay,≤100
472844082918408,Atik Kapadia,Krunal Ravindra Dalvi,≤100
426881010719758,Soumik Hossain,Angur Shaikh,≤100
102068462651632,GOEC,These ads ran without a disclaimer,≤100
123139077696318,VIBGYOR Group of Schools,These ads ran without a disclaimer,≤100
954557594630192,Shubham Pailwee,Subham Pailwee,≤100
107769887504585,Liton Chakraborty,These ads ran without a disclaimer,≤100
324574464414720,ਅਦਬ,These ads ran without a disclaimer,≤100
103000629471196,Jhunjhunu Ki Hunkar - Bhamboo Is Baar,Aman Sharma,≤100
113173565094040,Shailesh Reddy,These ads ran without a disclaimer,≤100
107801838537744,Rajesh Katara,Rajesh Katara,≤100
1532586743711584,Om Prakash Singh Patel O.P.,Om Prakash Singh,≤100
1313299512032863,"पुष्कर तेली उप जिला प्रमुख,उदयपुर",Kailash Vaishnav,≤100
1757441471197224,Hardik Patel,Hardik Patel,≤100
120761181017554,rahulsinghss8181,These ads ran without a disclaimer,≤100
108015368279979,Solh Wellness,Solh Wellness,≤100
192327827624662,The Citizen,The Citizen,≤100
106713842045571,"Pollution Control Board, Assam","Pollution Control Board, Assam",≤100
111088432286226,Convergence India,These ads ran without a disclaimer,≤100
176666610656782,Vaishali tomar,Vaishali tomar,≤100
252023092136537,Dinesh Pratap Singh,Dinesh Pratap Singh,≤100
453985838705208,बस यूँ ही - आनंद प्रकाश,Sandarbh Anand Sharma,≤100
600608150069458,Rawal Jani Bhojakor,Rajendra Prasad,≤100
492895627910922,Mukul singh khichar,Rohit Githala,≤100
985813238273906,Sribharat Mathukumilli,Politics for Impact,≤100
110885944401522,चंपारण डिजिटल प्रिंटिंग प्रेस ढाका,These ads ran without a disclaimer,≤100
1718123505168458,K.K. Vishnoi,Engitech Media,≤100
363810233822217,Vikramjit Sahney,Gurdeep Singh,≤100
824462611015420,Palle Laxman Rao Goud  State President of Telangana Goud Sangham,Palle Laxman Rao Goud  State President of Telangana Goud Sangham,≤100
136606847752,Bar & Bench,These ads ran without a disclaimer,≤100
109986065209042,Mera Apna Rahul,MeraApnaRahul,≤100
153896938152738,Dr Rutvij Patel,Rutvij Manuprasad Patel,≤100
704847062939121,Ranbir Nandan,Ranbir Nandan,≤100
164559610778586,Indrasharan Singh Chauhan,Suraj Kaul,≤100
109666834688109,Saleem Sarang,Saleem Rafik Sarang,≤100
791996340811292,Dr Madhuri Borse Patil,Vipul Jayantilal Bafna,≤100
101575206117414,Indra Shekhar Jha,Indra Shekhar Jha,≤100
322264694590327,अतुल वशिष्ठ,These ads ran without a disclaimer,≤100
379025882952276,Harshit Pandey Meja,Harshit Pandey,≤100
121648164260624,Arman_raja,These ads ran without a disclaimer,≤100
100604554884726,Vinay Tiwari chillupar,These ads ran without a disclaimer,≤100
102446801464120,Anubhav Gupta,Shivam Agarwal,≤100
435124759989017,Yogendra Singh Mandloi,Yajuvendra Singh Mandloi,≤100
1591396634302477,Debarjyoti Banik,Sumitra Majhi,≤100
2078242259060363,Kukufm,Mohana Saha,≤100
153244061700150,Uttar pardesh & uttrakhand Rajput sena,These ads ran without a disclaimer,≤100
103772441125596,Swarup Biswas,Anirban Paul,≤100
105940717778089,Dr. Priti Rajpurohit,Priti Rajpurohit,≤100
117125027956079,Ganesh Raj Bansal,Sumit Ahuja,≤100
2273371876211531,Friend of Friends,These ads ran without a disclaimer,≤100
111778141766797,Erodin  Udhay Anna - ஈரோட்டின் உதய் அண்ணா,Erodin  Udhay Anna - ஈரோட்டின் உதய் அண்ணா,≤100
106249364579506,DrShraddha Rajput,DrShraddha Rajput,≤100
1471581409720618,BJP Uttar Pradesh,Bharatiya Janata Party (BJP),≤100
438039076647417,Dr. Anirban Ganguly,Dr. Anirban Ganguly,≤100
105331745445757,Omprakash Khichar Advocate,Rohit Githala,≤100
230195174008918,Ajit Damodar Gavhane,Content Factory,≤100
202117206500635,HarperCollins India,These ads ran without a disclaimer,≤100
354099855163058,Anurag Srivastava,Anurag Srivastava,≤100
113736628186529,"भीती नाही कशाची, भाजपा तुमच्या पाठीशी",Mahesh Dattatray Bhendekar,≤100
405946399503906,Vishnu Chetani BJP,Vishnu Chetani BJP,≤100
295639383836442,Agewell Foundation,Aanchal Gupta,≤100
113553441706676,Sandeep kumar,These ads ran without a disclaimer,≤100
117276964607765,S B Ghatage,S B Ghatage,≤100
203795313615859,PDTV News,Sandeep Gowda Undrakonda,≤100
1879092478989809,Idam Valam,Idam Valam,≤100
102822679137454,Shaktirath Singh “शक्ति”,Ujjval Jain,≤100
1493026180982588,Amit Thaker,These ads ran without a disclaimer,≤100
468064866696490,Pratap Jena,Ankit Pratap Jena,≤100
111734600644064,MLA Ajitpal Singh Kohli,Ajitpal Singh Kohli,≤100
1401117106783618,Bjp Chhattisgarh,Bharatiya Janata Party,≤100
100473756790047,Dungar Ram Gedar,Dungar Ram Gedar,≤100
102863719166036,मुकेश महरावर,मुकेश महरावर,≤100
108402914265460,Vikas Sharma BJP,Jitin Muteja,≤100
19595510126,Annual Reviews,These ads ran without a disclaimer,≤100
249425191947,GIGABYTE,These ads ran without a disclaimer,≤100
133223738568337,BMC News LIVE,These ads ran without a disclaimer,≤100
203294399456,Public Interest Registry,These ads ran without a disclaimer,≤100
110455255136167,Rahimal001,These ads ran without a disclaimer,≤100
1990880717882519,The China Current,These ads ran without a disclaimer,≤100
102560051924559,InfoMigrants - বাংলা,These ads ran without a disclaimer,≤100
104831642163209,blendenfleck_ig,These ads ran without a disclaimer,≤100
1390745591150821,NRC - Norwegian Refugee Council,These ads ran without a disclaimer,≤100
376756849036232,Survival Instincts,These ads ran without a disclaimer,≤100
105336055090792,Luisa Chimá,These ads ran without a disclaimer,≤100
108689865117517,Essential 7/7,These ads ran without a disclaimer,≤100