﻿Page ID,Page name,Disclaimer,Amount spent (USD)
1477517792294489,Ilir Meta,Ilir Meta,≤100
2651942768365394,Lexo.al Politikë,Lexo,≤100
226703677454155,Grigels Muçollari,Grigels Muçollari,≤100
165747223634454,Nisma #Thurje,Endrit Shabani,≤100
975204015836064,Belind Këlliçi,Belind Këlliçi,≤100
660927020684889,KQZ Shqiperi,OMD Albania,≤100
117170505075144,Lëvizja BASHKË,Organizata Politike,≤100
497474187302750,Bardh Spahia,Bardh Spahia,≤100
660927020684889,KQZ Shqiperi,KQZ Shqiperi,≤100
111067424397101,Atird Hoxha,Atird Hoxha,≤100
100744046188498,Voto Belindin,Voto Belindin,≤100
109684488750969,PDDP,These ads ran without a disclaimer,≤100
1272430732865665,Vullnet Ruzhdi Sinaj,Vullnet Sinaj,≤100
101400625384681,Hysni Sharra,Hysni Sharra,≤100
100499642559983,International Workcamps,These ads ran without a disclaimer,≤100
154923374536050,LKAB,These ads ran without a disclaimer,≤100
345846188901445,Reporter.al,BIRN Albania,≤100
1687918801434010,Qëndresa Qytetare,Qendresa Qytetare,≤100
427787940590188,Радио Китай,These ads ran without a disclaimer,≤100
163431977114538,Teleflex,These ads ran without a disclaimer,≤100
126376977448682,GEP Worldwide,These ads ran without a disclaimer,≤100
123546032572,Eppendorf Group,These ads ran without a disclaimer,≤100
114247604036354,Инфограф,These ads ran without a disclaimer,≤100
615058398626084,Ludo Aequitas,These ads ran without a disclaimer,≤100
28312410177,World Food Programme,These ads ran without a disclaimer,≤100
164432246934163,Chopard,These ads ran without a disclaimer,≤100
131189377574,MDPI,These ads ran without a disclaimer,≤100