﻿Page ID,Page name,Disclaimer,Amount spent (USD),Number of ads in Library
101090858962676,Mama yuko Kazini,Watanzania,271,11
102657886079408,Cheche Times,Cheche Times,≤100,1
200480966638039,Supremacy 1914,These ads ran without a disclaimer,≤100,1
435761629822155,Commonwealth Foundation,These ads ran without a disclaimer,≤100,2
110537290867442,Art by Omar Hassib,These ads ran without a disclaimer,≤100,1
371227786709544,Refund Express LLC,These ads ran without a disclaimer,≤100,1
101634658533828,Sisters Talk About Race -STAR,These ads ran without a disclaimer,≤100,1
305116906990763,Sahelia Solar Officiel,These ads ran without a disclaimer,≤100,1
725505594135727,Adventure Escape,These ads ran without a disclaimer,≤100,1
103789762224168,Xender emmanuel the  Internet Analyst,These ads ran without a disclaimer,≤100,1
112757083778788,"Economic Daily, China",These ads ran without a disclaimer,≤100,1
114472221580450,Momocam,These ads ran without a disclaimer,≤100,1
669307523469574,EveryJew,These ads ran without a disclaimer,≤100,2
101715608808670,Judgment Day: Angel of God,These ads ran without a disclaimer,≤100,1
104946538596646,Márcio Oliveira - Administração de Condomínios,These ads ran without a disclaimer,≤100,1