﻿Page ID,Page name,Disclaimer,Amount spent (USD)
1448903671990351,China.org.cn,These ads ran without a disclaimer,≤100
995765983772115,Dzair Tube,Dzair Tube,≤100
101335125357095,Czapp,These ads ran without a disclaimer,≤100
103018869332378,BantuPage,These ads ran without a disclaimer,≤100
1689461781368857,Overcoming Autism,These ads ran without a disclaimer,≤100
100904822517086,Non-trivial,These ads ran without a disclaimer,≤100
104140320927199,قناة الإنتصار TV,قناة الإنتصار TV,≤100