﻿Page ID,Page name,Disclaimer,Amount spent (INR)
479998865355592,Aditya Birla Group,Aditya Birla Group,6108
109545244848137,Crafto,Kutumb App,5307
574079826086251,Phir Ek Baar Modi Sarkar,phirekbaarmodisarkar.com,5247
109937650579639,discovery+,discovery+,4324
117221101343678,Kharge Fan Club,INC,2519
107395897271506,Kutumb,Swatantra Verma,2366
1521106071438318,CMO Chhattisgarh,IVS Corporation,2334
106144702311596,Councilman Mickey Corbin,These ads ran without a disclaimer,1948
109470364774303,Ellorum Nammudan,Ellorum Nammudan,1711
797927846899300,Flag Foundation of India,Flag Foundation of India,1309
21169267101,Give,Give,1299
1785302198354679,Dr. Somendra Tomar,Somendra Singh,1152
105671775473178,Jan Suraaj,Jan Suraaj,1072
216506801885954,Pankaj Chaudhary,Yash Bagh,1004
165714096933078,Piyush Goyal,Piyush Goyal,924
30290552843,Greenpeace India,Greenpeace Environment Trust,921
112709838355954,Prachar99,Prachar99,899
113819783860759,Dinesh Khatik,Harish Sahrawat,876
100904822517086,Non-trivial,These ads ran without a disclaimer,817
510838172378770,Rajnath Singh Lucknow,Pragya Net Technology,789
685881558130468,Kamal Nath,Kamal Nath,788
108122258569992,Keshari Singh Azad,Rohit Githala,774
772416126145703,PACE - IIT & Medical,These ads ran without a disclaimer,750
739221966159227,Rajesh Singh,Rajesh Singh,710
1327351450720146,Pradhan Mantri Bhartiya Janaushadhi Pariyojana,Pharmaceuticals & Medical Devices Bureau of India,701
746568209028564,Dr. Basu Eye Hospital,Dr. Basu Eye Hospital,688
109470364774303,Ellorum Nammudan,DMK,673
102715296085726,Neta Ji,Deepak Mehla,625
806181806121459,Harshvardhan NandKumar Singh Chouhan,Ishan Mishra,583
555009411337356,Sanjeev Goel Sikka,Sandeep Kumar Sharma,558
174283119250672,Bal Raksha Bharat,Bal Raksha Bharat,520
268437163351102,Saurabh Srivastava,Saurabh Srivastava,515
351633781843801,Ashok Katariya,Vivek Sharma,504
114518447059786,Santosh Singh,Ankaj Tiwari,491
547446695324625,Vijay Laxmi Gautam,Madan Mohan Tiwari,475
102304296142266,Happy Semwal BJP,Pankaj Thapliyal,447
667560657014524,Mahendra Singh Solanki,Swanit Infotech,443
1695552157394567,Virat Chaudhary,Vikas Mani,438
107217890971938,Tanu Yadav,Tanu Yadav,436
537021156329658,Sukhbir Singh Jaunapuria,Pankaj Sharma,419
243524299157863,Pushkar Singh Dhami,Pushkar Singh Dhami,407
155418314920954,Orchid HRD Trainings भाषणकला व राजकीय नेतृत्व कौशल्य प्रशिक्षण,Ganesh Subhashrao Lomte,405
318205675275285,APL Apollo Tubes Limited,APL Apollo Tubes,396
811055169008794,Dr. Bonthu Rammohan,Ram Mohan Bontu,382
217420718388492,Vivek Vikram Singh,Vivek Vikram Singh,323
112813480291968,Mahesh singh kinng,Akash Singh,320
994578073995343,B. L. Verma,Sourabh Arvind Dubey,319
104537962616170,BJP Prachar,BJP Prachar,317
411129449009589,K.C. Venugopal,K.C. Venugopal,311
115369948216654,शासन आपल्या दारी - Shasan Aaplya Dari,Inuxu Digital Media Technologies Private Limited,309
104390600970428,Sunil Musepur Yadav,Navdeep Yadav,308
102973272373231,Madhya Pradesh CM Report Card,Ayush Gupta,305
140930379388330,Kishan Reddy Gangapuram,Kishan Reddy Gangapuram,298
1956036351343539,Amar Parwani,The VoloPV,291
1296730893678209,Rooparam Saran Bmr,Rupa Ram Saran,291
572119322946420,Manish Kumar Singh,Manish Kumar Singh,290
102112294844241,Hemlata Diwakar Kushwaha,Puneet Kumar Singh,289
247643145268753,Aashirvaad,These ads ran without a disclaimer,285
132689140088396,smilefoundation,Smile Foundation,284
1740554842848760,Ajay Shankar Dubey,Abhishek Yadav,278
103782051383159,School of Politics,School of Politics,277
270666596375251,Jhatkaa.org,Jhatkaa.org,274
108926738786643,Abhishek Vijay Laxmi Gautam,Madan Mohan Tiwari,274
102218576103904,Badlaav ki Aandhi Priyanka Gandhi,Badlaav Ki Aandhi Priyanka Gandhi,268
101610392620043,ITS Speciality Dental Clinic,ITS Speciality Dental Clinic,263
2664755710417121,Narayan Singh Patta INC,Narayan Singh Patta INC,262
132689140088396,smilefoundation,smilefoundation,255
33497111948,Child Rights and You,Child Rights and You,252
1659432747661383,Purnanshu Ojha,Ankaj Tiwari,251
1260752167386562,Chhatrabali Singh,Rajnandini Singh,249
110160672054807,Golden Avenue Mawana,Vaibhav Mittal,248
1503707146617340,Ram Chandra Singh Pradhan,Ankaj Tiwari,248
836445993379766,Ram Pratap Verma MLA,Ankaj Tiwari,242
1629092507416340,Dilpreet Singh DP,Ankaj Tiwari,237
321228061382932,Pt. Shekhar Dixit,Websofy Software Private Limited,233
389557067910726,Arvind Menon,Abhishek Shukla,232
1821265158148261,Parag Shah,Kunal Jitendra Ajmera,231
186199704897466,RD Foundation,RD Foundation,229
112236865145394,Amit Pandey,These ads ran without a disclaimer,221
2238940452991193,Adv. Santosh Pandey,Kunal Jitendra Ajmera,210
1231746830170210,Ajay Pratap Singh Yadav,Ajay Pratap Singh Yadav,208
100196004828444,North Eastern Council,Sourabh Arvind Dubey,206
1065631633538453,Physicians Across Continents,These ads ran without a disclaimer,205
105858349017237,Mukesh Maheshwari,Mukesh Maheshwari,199
100735178208398,Udyami India,Samadhan Samiti,198
1181723095335007,Kapil Anjane,Ashvin Gadle,193
108465062169299,Vishal Singh Yadav,Utkarsh Srivastava,191
389557067910726,Arvind Menon,Arvind Menon,189
301058180261039,Kunwar Brijesh Singh,Kunwar Brijesh Singh,188
1932900346831325,Rajesh D Sanghvi,Rajesh Dineshchandra Sanghvi,188
889810991147251,Nyamar Karbak,Nyamar Karbak,188
1660883877495922,Gauri Shankar  Verma,Neetesh Verma,187
20386543316,WWF-India,WWF-India,187
204599692918446,Rajesh Ranjan,Rajesh Ranjan,184
106170024115749,Anand Singh Yadav,Vikas Mani,184
234948470673688,Rakesh kumar Deepu Srivasatav,Ankaj Tiwari,181
316365575140365,Rozana Spokesman,Anish Singh,178
142752549111246,Construction World Magazine,Asapp Info Global Services Pvt. Ltd,176
109843661980082,Bringa Adivasi Herbals,These ads ran without a disclaimer,176
108212761540499,दिग्विजय नारायण 'जय चौबे',Atul Kumar Giri,175
1807761416182426,Kamal Midha,Kamal Midha,172
100974976268078,Thp Gift,Lata Vani,171
276512419511205,Kathi Karthika,Policy Briefcase,171
184848438961199,Surya Singh,Surya Singh,170
102422599121326,Sanjay Kumar,Arya Tyagi,170
106713442221677,Ram Yadav,Ram Yadav,168
435124759989017,Yogendra Singh Mandloi,Yajuvendra Singh Mandloi,165
252023092136537,Dinesh Pratap Singh,Dinesh Pratap Singh,165
119324884471716,Kuldeep Thakur SKM,Puneet Kumar Singh,165
104264108977681,Esperanza Global,Esperanza Global,160
1108242266050014,Mohan Lal,Kanav Kathuria,160
100848838931597,Tikam singh Ranawat,Kamlesh Kumar,160
177924969696841,Rajendra Tiwari,Shivam Dubey,159
108366798238330,Haryana Affordable Housing Scheme,Arpit Mittal,159
201156146959026,Mohinder Bhagat,Mohinder Paul,158
2024443171107004,मनोज शर्मा,मनोज शर्मा,158
110900615241269,Ramanuj Sharma,Ramanuj Sharma,155
183635768462259,Madan Kaushik,Abhimanyu Singh,155
106360817568437,Daulat Singh Faujdar Nadbai,Daulat Singh Faujdar Nadbai,149
558095644313561,Manish Rawat,Manish Rawat,149
1088373891289696,Kamal Yadav,Akash Singh,144
597500637275718,Vikrant Singh Rishu,Vikrant Singh Rishu,143
295639383836442,Agewell Foundation,Aanchal Gupta,142
1537144593251043,Vijaypal Singh Tomar,Puneet Kumar Singh,142
340874983036021,Rajni Tiwari,Arvind Shukla,141
109916533853207,AMIT KUMAR SINGH,Akash Singh,138
995902327142587,Bharat Sharma INC,Bharat Kumar Sharma,137
647353902009584,Dr. Nilam Yadav,Nilam Yadav,137
101172242346540,Prince Chaudhary,Nitin Kumar,134
100366675965601,Jaya Alimchandani,Jaya Alimchandani,134
621054018262029,"डॉ. अवधेश कुमार वर्मा, सामाजिक कार्यकर्ता एवं शिक्षाविद, सचिव-भवदीय ग्रुप","डॉ. अवधेश कुमार वर्मा, सामाजिक कार्यकर्ता एवं शिक्षाविद, सचिव-भवदीय ग्रुप",132
111347144653824,Krishna Kumar Singh,Puneet Kumar Singh,132
108935364979003,Ragidi Laxma Reddy,Laxmareddy Ragidi,132
659375834198752,Badar Ali,Shadab Ali Khan,131
285029500623,CARE India,CARE India,131
106457631018661,Harimohan Soni,Pawan Sachan,130
102123079337554,International Society for Krishna Consciousness,ISKCON Delhi,130
321228038534596,MLA Sunil Kamble,Vora Harshad Narendra,130
623384268030608,Pradeep Lariya,Shivendra Singh Kushwah,129
256544464528433,Virendra Singh,Deepak Mishra,128
109835227509180,Upendra Pal Singh,AAJneeti Advertising,125
302211316810005,Sabke Armaan- सबके अरमान,Arman Khan,124
112314771829803,NorthEast Global Investors Summit,Sourabh Arvind Dubey,124
119321147825608,Balwan Singh Yadav,Rajasthan Magazine,124
110073434980235,Mera Madhya Pradesh,Mera Madhya Pradesh,124
100878375837253,Happiesthealth,These ads ran without a disclaimer,122
1144287285628693,Om Prakash Mathur,Choudhary Ramesh Chaudhary,122
2049813425070602,We Support Virender Rathore,We Support Virender Rathore,120
120664870949610,Punit Kumar shahi,Punit Kumar Shahi,120
108091173926988,Mrityunjay Sharma - BJP,Mrityunjay Sharma,120
116822768068808,The Big Bench,Future Ready Media,120
101437656247049,Modi Quotes,Modi Quotes,119
104740548657079,Mohd Sarwar Malik,Mohammad Sarwar Malik,116
338791202812647,Earth Care Awards,Prabhindar Singh Chopra,116
108006512204175,Rahul Yadav,Rahul Yadav,116
918414611597115,Amar Prasad Reddy,Venkata Satish Chandu,116
162115051234970,Dharmendra Singh Lodhi mla,Dharmendra Singh Lodhi,115
393768164105774,Parimal Nathwani,Parimal Nathwani,115
114590514979027,casino haking work,These ads ran without a disclaimer,114
123405501008524,Mercedes-Benz India,Mercedes-Benz India,113
110811442011187,Business Consultant Dharmendra,These ads ran without a disclaimer,112
774085386059198,Voice Of Healthcare,Voice Of Healthcare,112
105025249233764,Congress Prachar,Brij Mohan Duggal,112
112065760634789,Thakur Piyush Pratap Singh - पीयूष दिनेश प्रताप सिंह,Piyoos Prtap Singh,111
102348064576804,Deepanshu Gaur,Deepanshu Gaur,111
107192855352262,Satbir Singh Kasana,Jagmohan,111
174953884087142,Priyanka Penchi,Varun Shivpuriya,111
403015529809070,Pradeep Jain Aditya,GOIMCONSULTANCYLLP,110
194201037852617,Indira Meena,DESIGNHOPES,110
110822130490378,Abhijeet Singh Sanga,Vivek Kumar Singh,109
103508232188098,Karunesh Garg,Karunesh Garg,108
110470334428541,Dr. Dhirendra Pratap Singh - Dheeru Singh,Anupam Singh,107
300939330540177,Dushyant Ashok Sharma,Priyadarshan Singh,107
973189589455249,Thakur Jaivir Singh,Thakur Jaivir Singh,106
458921050845532,Dr. Kailash Verma,Dr. Kailash Verma,106
100145749740613,Yogendra Dubey,Rahul Dubey,106
326163764866656,Ajay Jewellers,Rahul Tiwari,105
871657666317323,Prarang हिंदी,Prarang,105
257401561101990,Ravindra Jaiswal,Vijay Kumar Singh,105
375141272567406,Ravindra Chavan,Ravindra Chavan,105
113267668414911,Harpal Singh Budania - Tohana,Harpal Singh,104
2163983083861031,Atul Kapoor,Atul Kapoor,103
102343199208180,Kutumb Retreat: De-Addiction Rehabilitation Centre,Sneha Gupta,102
695738973874352,Dr. Sumer Singh Solanki,Sumer Singh Solanki,102
102903058990807,Chaudhary Mohit Yadav,Shubham Tiwari,102
1990248287670848,Shashank Mani शशांक मणि,Shashank Mani,101
100711645985105,Selja welfare society,Jainendra Agrawal,≤100
100764935994274,Mukesh Sharma,Rupali Sharma,≤100
648392601873373,Ashok Chandna,Mukesh Kumar Yadav,≤100
2610079412396734,Amaresh Rai,Amaresh Kumar Rai,≤100
644400709346753,Adv.Uma Shanker Sharma,Adv.Uma Shanker Sharma,≤100
110679913629785,Rajesh Yadav,Akash Singh,≤100
146482327551882,Ramesh Singh Yadav,Utkarsh Srivastava,≤100
152154292012572,Navjivan,Navjivan,≤100
1464107573864436,Lalit Yadav,Lalit Yadav,≤100
2051492865096870,Er.Praveen Nishad,Akshay Anand,≤100
109888271582555,Be The Change For TB,Johnson & Johnson India Private Limited,≤100
1360805680600676,Sandeep Kshirsagar,Yogesh Padmakarrao Pawar,≤100
106477475650941,Mulubhai Bera,Piyush Mantri,≤100
725962877786349,Bhajanlal Jatav,DESIGNHOPES,≤100
1690944744512702,Dr. Mahendra Singh,Abhishek Shukla,≤100
2329601563973283,"Jagdish Prasad Maurya ""गप्पू""",Jagdish Prasad Maurya,≤100
115552954882582,टीम राम यादव - किशनगढ़बास,Riyaz Ahmad,≤100
1797504590527714,Subodh Singh Aligarh,Subodh Kumar Singh,≤100
106995762752939,Ramesh Chand Khandelwal,Ramesh Chand Khandelwal,≤100
220398531664595,Sandeep Santokh Singh Sandhu,Nikhil Kumar Mishra,≤100
286094071469577,VINCI Energies,These ads ran without a disclaimer,≤100
405379246524515,DHL Express,These ads ran without a disclaimer,≤100
679159028834779,ममता मीना,Mamta Meena,≤100
101557958777565,Gujarat Herald News,Gujarat Herald News,≤100
747930775373319,Saral Patel,Saral Patel,≤100
105451621518974,Arvind dhakad,Sumit Choudhary,≤100
107780781368053,GeetudineshSabharwal,GeetudineshSabharwal,≤100
1629895220373258,Dr. Manoj Kumar Shah,Kaustubh Bhatt,≤100
183215718834130,Laxmi  Devi Jain,Laxmi Devi Jain,≤100
156425398497719,Amarpal Maurya,Arun Pratap Singh,≤100
326243404670820,Mohammad Shariq,Shariq  Mohd,≤100
1374690562667769,MLC Dr. NK Yadav,Nilay Krishna,≤100
453985838705208,बस यूँ ही - आनंद प्रकाश,Sandarbh Anand Sharma,≤100
102597425311635,Surya Pratap Singh,Surya Pratap Singh,≤100
802311956513987,Rahul Singh,Rahul Singh,≤100
213839668641820,Dr. Anil Jain,Brand Recourse Technologies,≤100
110137135193206,Akhilesh Yadav ' Aksh',Akhilesh Yadav ' Aksh',≤100
1731493857081536,Dr. Kuldeep Bhandari,Dr. Kuldeep Bhandari,≤100
466642616726169,Parul University,Parul University,≤100
107946518029943,Sheelu Sahu,Naveen Singhal,≤100
363810233822217,Vikramjit Sahney,Gurdeep Singh,≤100
1728445464133553,Subhash Singh,Sidhartha Singh,≤100
113835487876503,Nandan Jain,The VoloPV,≤100
180117106127331,अभय सैनी एड्वोकेट,Bugal Singh Saini,≤100
102861739422105,Kuldeep Rai Sharma,Policy Briefcase,≤100
231512217793516,Ashok Goel Mangaliwala,Ashok Kumar Goel,≤100
470929816335236,Veer Sen Yadav,Veer Sen Singh,≤100
101044202966917,casino_hacker_72,These ads ran without a disclaimer,≤100
204318116677554,National Herald,National Herald,≤100
103292795931731,Rihasat khan,Akash Singh,≤100
195167817324812,Pawan Khera,Pawan Khera,≤100
582862721815388,"Ashwani Srivastava, Youth Leader",Jamesons Info Solutions,≤100
1623266867990179,Bharat beniwal,Prakash Jaiswal,≤100
347337386104390,Ramachandra Yadav,B Ramachandra,≤100
102312392079508,Girish Chandra Tiwari,Madan Mohan Tiwari,≤100
105646032180920,Vaddiraju RaviChandra,Vaddiraju RaviChandra,≤100
924854307698923,Radheshyam patel,Radheshyam patel,≤100
694622163885355,Devender singh babli,Devender Singh Babli,≤100
2025274010873024,Thokala Srinivas Reddy,Sanvi Kreations,≤100
339835596096353,Satish Poonia,Satish Poonia,≤100
995582213894808,Kothapalli Geetha,Venkata Satish Chandu,≤100
101934341160333,प्रमोद नाना भानगिरे - Pramod Nana Bhangire,Bhangire Pramod Vasant,≤100
168545223213479,Omprakash Hudla,Pankaj Sharma,≤100
112061804808512,Bihar State Sports Authority - BSSA,Ajit Kumar,≤100
104932949009307,Bandaru Vijaya laxmi,Bandaru Vijaya laxmi,≤100
918012775255465,Abhimanyu Singh,Abhimanyu Singh  अभिमन्यु सिंह,≤100
109859348794625,casino_software_hacker__,These ads ran without a disclaimer,≤100
1706371292942156,"Ministry of Development of North Eastern Region, Government of India","Ministry of Development of North Eastern Region, Government of India",≤100
100934349693622,casino_hacking_id_hub_,These ads ran without a disclaimer,≤100
105016928817311,राजदीप सिंह राठौर,GOIM CONSULTANCY,≤100
101621645438471,R A Motors Pvt Ltd,Rahul Tiwari,≤100
552159824873262,Kethireddy M.L.A,Venkata Krishna Reddy Kethireddy,≤100
263560423714979,Dr. Mahesh Sharma,Subham Singh,≤100
118104047951855,Rishi Raj Singh Yadav,Radhey Shyam Puri,≤100
112063110264634,Satish Ghatge-सतिश घाटगे,Satish Ghatge-सतिश घाटगे,≤100
899602043443131,Jiwan Singh Sangowal,Jiwan Singh,≤100
384157085509071,Rishikesh Meena,Rishikesh Meena,≤100
199054525493819,Chennai South Dmk-IT Wing,Pushparaj Suresh,≤100
827495487267419,Amin Pathan,Amin Pathan,≤100
2205544183064603,Surender Panwar,Ashish Sakhuja,≤100
153891144797146,Uttam Kumar Reddy,Ashutosh Mishra,≤100
364856597306123,Rupesh Sinha,Pankaj Srivastava,≤100
2248485428700495,Global Leaders Awards,Anikesh Singh,≤100
515733388449554,Sunil Parihar,Divyesh Parihar,≤100
114858423646889,Manohar Publishers and Distributors,These ads ran without a disclaimer,≤100
108871665289487,Sunita Sah,Sunita Sah,≤100
112399491818085,अविरल चल अनुराग,अविरल चल अनुराग,≤100
111159741577463,ShivamYadav SP,These ads ran without a disclaimer,≤100
175198709532974,Bhabesh kalita ভৱেশ কলিতা,Suryanetram,≤100
1591165924493137,Kuldeep Chaudhary,Kuldeep Chaudhary,≤100
107122882389023,Rajveer casino expert,These ads ran without a disclaimer,≤100
1100583156625229,Dheeraj Gurjar,Dheeraj Gujar,≤100
101913964674756,Pramod yadav प्रमोद यादव,Rishi Kumar Yadav,≤100
111697604342383,Monica Rajeev Rajale,Ravindra Kishor Phalke,≤100
2267419496850318,ANB National,Yohannan Mathew,≤100
106221618695395,Aryan Tyagi,Sharma Rohit,≤100
102090122419129,Typeone,These ads ran without a disclaimer,≤100
114233898263244,Indian Compass Videos,theindiancompass.com,≤100
1949802628682701,Rana Sujeet Singh,Rana Sujeet Singh,≤100
385658441549334,Deepak Bhati Chotiwala,Dipak Bhati,≤100
966262716743015,अभिषेक पटेल,Abhishek Patel,≤100
1802523420012948,Pratap Singh Khachariyawas,Anirudh Sharma,≤100
135657743788459,Amit Chauhan,Amit Kumar,≤100
100260324675920,Dr. Archana Majumdar,ARCHANA DAS(MAJUMDAR),≤100
2043030032584454,Rahul Chaturvedi,Rahul Ramprasad Chaturvedi,≤100
103206797721245,Tollygunge Trinamool Congress,Mohammad Azharuddin,≤100
243546349788322,Sunil Sharma,Sunil Sharma,≤100
502732839896761,Dr Neeraj Bora,Pranjal Gupta,≤100
108551425313079,RINKU MEENA,These ads ran without a disclaimer,≤100
108806482228634,Gubnen bhai,These ads ran without a disclaimer,≤100
104513162414797,Sanghmitra Maurya,Click2Public Technologies OPC Pvt. Ltd.,≤100
1954072204870360,NEWJ,Anant Bhardwaj,≤100
103414219441649,CPC Chugh pen company,These ads ran without a disclaimer,≤100
106480475566850,Kaushal Dave,Kaushal Dave,≤100
611302915912099,Vikash Pachar,Vikash Pachar,≤100
104633612411419,Dr Samir Kagalkar,Dr Samir Kagalkar,≤100
2220246844871054,Anil Pandey BJP,Anil Kumar Pandey,≤100
108638702066665,Deepak Ajeet Khatri,Deepak Khatri,≤100
391264174731673,Anita Yogendra Sharma,Anita Yogendra Sharma,≤100
108402978392398,Prashant Harishchandra Jadhav,Prashanth Jadhav,≤100
642581262461206,Hemant Singh Phogat,Hemant Singh Phogat,≤100
1427678110829525,Ranjeet Singh,Neeraj Mehta,≤100
861051680588658,Prem singh malik,Dheeraj Paneri,≤100
156305911727294,Ravinder Singh Negi,Shyam Sunder Singh Negi,≤100
743418359142684,Bajrangi Prasad Yadav,Bajrangi Prasad Yadav,≤100
101781252334419,Brandscouncil Ratings,Council for Brand Business Promotions & Research,≤100
112032145227557,Maharashtra9 News,These ads ran without a disclaimer,≤100
1469646599969390,Qaumi Awaz,QAUMI AWAZ,≤100
578430339598121,Lalit Panwar,Kanav Kathuria,≤100
1439585499636363,Aseem Goel,Neeraj Mehta,≤100
102822679137454,Shaktirath Singh “शक्ति”,Ujjval Jain,≤100
418953654897992,Jitender Gothwal,Ganesh Kumar,≤100
110389452013856,Shailesh Trivedi Fan Club,The VoloPV,≤100
304794613213995,Rajiv Yadav,Bhuwan Yadav,≤100
112070846940727,RAHUL DWIVEDI,Rahul Dwivedi,≤100
256050398281355,MD Chopdar,WEBTIX,≤100
490655081043247,राजपुताना रियासत,Krishna Suryansh Singh,≤100
1397767487148044,Jaidatta Kshirsagar,Jaydatta Sonajirao Kshirsagar,≤100
455447354644551,Sabir Ali,Sabir Ali,≤100
106697569030382,Shankar Lal Sharma,TSM,≤100
102111112713801,Daman Sethi,Utkarsh Srivastava,≤100
107153958711155,South First,south Fist,≤100
2009423802461842,Devendra Singh,Sarika Pandey,≤100
1651727365046605,Pukh Raj Parashar,Pukh Raj Parashar,≤100
110194685265228,Praveen Jha,Praveen Jha,≤100
106261054498841,Advocate Rajat Bhargava,Rajat Bhargava,≤100
115303184883991,Vishesh Meena INC,Ganesh Kumar,≤100
218612418536093,Sandeep Singh Thakur,Utkarsh Srivastava,≤100
113731397885523,Chandraprakash Chauhan,Utkarsh Srivastava,≤100
1263109480456697,Ratna Kumari Shahpura,Ganesh Kumar,≤100
105040639000304,Political Junction India,Sunita Singh,≤100
236500783397189,Kamlesh Paswan,Kamlesh Paswan,≤100
109034074092751,Rakesh dayma alote,Rakesh dayma alote,≤100
532582040125177,Polkhol Maharashtra - Kantikumar Jain,Kantikumar Harakchandji Jain,≤100
263613904560987,Parveen Narang,Aftab Khan,≤100
1433894153522813,Pramod Bhaya,Kapil Sain,≤100
1644165492504830,Anekal Ramoji Gowda,Ramoji Gowda,≤100
102152441360906,Prakash Bhakar,Shiv Charan,≤100
110847490543428,Vipul Kumar Salwan,Vipul Kumar Salwan,≤100
118704897860896,Gulliyan,These ads ran without a disclaimer,≤100
119240367779153,sodi_sarpanch,These ads ran without a disclaimer,≤100
1315063298610876,टीम अशोक पाठक,Digital Computer Classes,≤100
112552897745539,सुभाष चन्द्र गुप्ता सूरतगढ़,सुभाष चन्द्र गुप्ता सूरतगढ़,≤100
189279028569667,K P Tripathi,Krishne Pati Tripathi,≤100
2159484957646626,Mahant Daleep Rawat,Daleep,≤100
529881643856534,Bhanuben Babariya,Piyush Mantri,≤100
110566778536236,Mahabali Singh,Bal Krishna Prasad,≤100
935503089847466,Pant Path,Pant Path,≤100
355739144465220,BJP Madhya Pradesh,Bharatiya Janata Party (BJP),≤100
1612012092202484,Bharat patwari,Bharat patwari,≤100
150727778825020,Mobius Foundation,Mobius Foundation,≤100
292954404384524,Gajendra Singh Patel,Gajendra Singh Patel,≤100
719456094734999,Ramesh Agrahari,Utkarsh Srivastava,≤100
846994962145905,Manoj Kumar Aggarwal,Durga Kumari,≤100
101726242702714,ये नया बिहार है,Summit Polcom,≤100
301902473766068,முதல்வன் OPS,M Mahalakshmi,≤100
835481029818511,Rahul Tiwari,Shivam Dubey,≤100
109046802169655,Adv Rahul Nayar Valmiki,Click2Public Technologies OPC Pvt. Ltd.,≤100
1028339093900354,Shailender Singh Monti,Shailender Singh,≤100
108068114783234,Priyanka Tiwari,Priyanka Tiwari,≤100
352171861622734,Roji M John,Roji M John,≤100
426895610773497,The Logical Indian,Ankur Kumar,≤100
1731493857081536,Dr. Kuldeep Bhandari,These ads ran without a disclaimer,≤100
113607803769884,Nattasha Sharrma,Policy Briefcase,≤100
109479962142576,Sai Tex,Akash Singh,≤100
111560924353656,Swetha Reddy,Rajendra Reddy Bhuvanagiri,≤100
1706371292942156,"Ministry of Development of North Eastern Region, Government of India",Arshad Ali,≤100
101934364973378,SUNIL YADAV BJP,Sunil Kumar,≤100
101643472679550,Ravinder Machhrauli,Kanav Kathuria,≤100
105515161411695,Pankaj Singla,Anil Kumar,≤100
333426070147135,Benny Kuriakose Associates,Benny Kuriakose Associates,≤100
112079348195872,Vishvendra Singh Mandloi,Vishvendra Singh Mandloi,≤100
433382980078113,Gudur Narayana Reddy,Kalyan Chandra Consulting,≤100
116675788109251,Pen pencil packing job 30000saliry advance 15000,These ads ran without a disclaimer,≤100
109315571913497,Harrow International School Bengaluru,These ads ran without a disclaimer,≤100
101725179390221,Jay Prakash Sharma,Jay Prakash Sharma,≤100
1696518780601167,Mahendra Chandwa,Mahendra Chandwa,≤100
2221499791511001,Amit Chachan,Bharat Bhusan Chachan,≤100
107801838537744,Rajesh Katara,Rajesh Katara,≤100
449999198837986,Nayan Dubey,Nayan Dubey,≤100
2236732276586632,Kiran Ahirwar,Arun Kumar Sharma,≤100
101571686227986,Fans of ਦੀਪ ਸਿੱਧੂ - Deep Sidhu,Real Social,≤100
996424897179199,डॉ.अंकुश लाड - Dr.Ankush Lad,Pradeep Munjajirao Ranher,≤100
108497578583588,Janpeace Live,Trishanu Kaushik,≤100
108518277501006,Radhe Ram Godara,Prakash Jaiswal,≤100
927522240625937,Pukhraj Suthar Rlp,Pukhraj Choudhary,≤100
113298644483287,Surendra Singh Rathore,Mukesh Kumar Yadav,≤100
514261878998979,Om Patel,Om Patel,≤100
103403614933648,M Raghunath Yadav,Ram Subhash Bayanaboina,≤100
106163284605046,Sanjay Singh,Sanjay Singh,≤100
145259365920844,WNS Cares Foundation,These ads ran without a disclaimer,≤100
113600070339320,WWE Kavita Devi,Naresh Kumar Shoeran,≤100
1652675041670519,Troopel,Atul Malikram,≤100
121008249502193,Ramkhelawan Patel,Anju,≤100
405744396649440,"Brij Mishra, विकास मिश्र, ब्लॉक प्रमुख औराई",Brij Mohan Mishra,≤100
163577014441724,Subhash Gangoli MLA,Dinesh,≤100
1872658602966622,Flavours Of Food,These ads ran without a disclaimer,≤100
107618782040426,Nagendra singh dodiya,Nagendra Singh Dodiya,≤100
1761412117203626,Rajesh Vitekar,Rajesh Vitekar,≤100
100955531352855,Zinitax.in,Tilak Raj Sharma,≤100
205278732829897,Prem Prakash Pandey,TheVOLOPV,≤100
104605707770674,Shravan Mishra,Shravan Mishra,≤100
104531692457409,Vipin Jain,These ads ran without a disclaimer,≤100
367693910079524,Mohit Jaswant Yadav Page,Mohit Yadav,≤100
104889532431683,Jagdish Verma sangaria,digital computer classes,≤100
2100849650146359,Ramarao Patil Pawar,Venkata Satish Chandu,≤100
117649376358978,भाई मनोज चौधरी  ढ़ाका,These ads ran without a disclaimer,≤100
269761569864265,Rao Padma,Kushal Reddy Rao,≤100
378362679001615,Manoj Shukla,Manoj Shukla,≤100
734717033361425,Kamla Athwal,Kamla Athwal,≤100
111311881061077,"Jaspreet Singh karamsar , Chairman Dharm Parchar Committee",Karamsar,≤100
838899916140678,Dr. Veena Pandey,VEENA PAN‍DEY,≤100
100473756790047,Dungar Ram Gedar,Dungar Ram Gedar,≤100
285403455681355,Railway Children India,Railway Children India,≤100
238476340024097,Rajni Kant,Amrish Kant Srivastava,≤100
1571167366231304,Ramakant Bhargava,Saket Bhargava,≤100
1955301821451552,Abhishek Dutta,Abhishek Dutta,≤100
109830814975379,Raghu Parmar,Rinkesh Namdev,≤100
241940555912671,Chandigarh University,Chandigarh University,≤100
390976557590103,I Support Narendra Modi,I Support Narendra Modi,≤100
1935128343433294,"Sri Shyam Sundar Singh ""Dhiraj""",Shyamsunder Singh Dheeraj,≤100
103594169212880,Dr. Veerpal Singh Shekhawat,Vishvajeet Singh Shekhawat,≤100
103833782263290,Arvind Singh Bhati,Engitech Media,≤100
100331279582054,"मधुबनी नगरसेवक "" महंत रत्नेश्वर दास उर्फ -बब्बू सिंह",Hariwansh Kumar,≤100
1613686538669654,Ashok Singhal Foundation,Digital Xplode,≤100
100948094985536,Humaid Shakeel,Sunil Kumar Prajapat,≤100
360055177344642,Animal Equality India,Animal Equality India,≤100
521034828342719,Harshita Swami Baghel,Arshad Ansari,≤100
474995622600131,Diliprao Deshmukh,Diliprao Deshmukh,≤100
1664830783747289,सहदेव सिंह,Vijay Choudhary,≤100
1938673766349210,Girish Dwivedi   BJP,Utsav Kumar Dwivedi,≤100
110197854912974,Sonu Singh Garg,Pratik Garg,≤100
577856385582447,Raghu Sharma,Sunil Maan,≤100
111498591591996,Sachhai Tak,These ads ran without a disclaimer,≤100
113207704780878,Anurag Dhanda,Anurag Dhanda,≤100
110177418491589,A10 News,Ashish Sapolia,≤100
1718123505168458,K.K. Vishnoi,Engitech Media,≤100
1947794792150993,Piyush Dosi,Anuj Vyas,≤100
713416382011902,Sahil Shivaji Kedari,Sahil Shivaji Kedari,≤100
104276995280287,Masala Talks,These ads ran without a disclaimer,≤100
1923088424569789,अक्षय कुमार फैन क्लब,अक्षय कुमार फैन क्लब,≤100
262327200933058,Sumit Kumar,Sumit Kumar,≤100
106256564506749,Tarun Devi Das,Tarun,≤100
102983308949343,Binod jaiswal,Vibhav Pandey,≤100
111765571515490,Manish Narayan Chaurasia,Manish Narayan Chaurasia,≤100
404313106414266,Skadooosh,These ads ran without a disclaimer,≤100
102766972054067,Pradeep Yadav,Pradeep Yadav,≤100
330228123709826,Sonu Singh,Arun Pratap Singh,≤100
104765761522667,Pankaj Dawar,The Social Prachar,≤100
271420283032553,Harish Rawat,Harish Rawat,≤100
105560431512954,Boopathi Raja K,Boopathi Raja,≤100
181418895366896,Ganesh Joshi,Mayank Joshi,≤100
100109866233757,Shri Rawatpura Sarkar Official,These ads ran without a disclaimer,≤100
105860667985163,Badeti Radhakrishnayya,Radhakrishnayya Badeti,≤100
1494643030667329,Akhilesh Shukla - अखिलेश शुक्ला,Deepak Tripathi,≤100
256683878023906,Atul Bora  অতুল বৰা,Atish Mitra,≤100
762140683939582,Shyam Sharma,Shyam Sharma,≤100
125610988142789,Krishna Pal Singh Yadav,atlytic,≤100
145890299544514,क्रिकेट के दीवाने,क्रिकेट के दीवाने,≤100
416058801922933,Bharat News,Bharat News,≤100
511725522329475,Sampurna Samachar Seva,Sampurna Samachar Seva,≤100
105666722085928,Dhanraj Kundu AAP,Naresh Kumar Shoeran,≤100
115268066924443,Sanjay Kumar Singh,Sudeept Kumar,≤100
151640195016242,Madhusudan Bhinda,Suman,≤100
470458233479120,Aparajita Sarangi,Reach Digitally,≤100
101562311348243,Ashok Sharma Bhartiya Naujawan Sabha,FS findscope Consultancy LLP,≤100
685080418508716,Mohd.AsifZaki,Mohd.AsifZaki,≤100
101360135651552,Uttarakhand Skill Development Mission,Reetesh Maheshwari,≤100
100935642733964,Hindi Khabar Digital,The Narrative Builders,≤100
106176825112716,Kamalesh Adhikary Official,These ads ran without a disclaimer,≤100
2082424261866450,Vii Media,Bhalinder Singh,≤100
331957037268757,भजनलाल शर्मा फैन्स टीम,भजनलाल शर्मा फैन्स टीम,≤100
108141294888035,USTV INDIA,Hradesh Yadav,≤100
306142473539454,Yuvau Digital,Yuvau Digital,≤100
694910440580332,Renu Bisht,Aman Bisht,≤100
145703105530196,Brahmachari Chaitanyanand Ji,Prashant Gupta,≤100
524665794408050,CASA,Arushi Narchal,≤100
528144820729879,Pramod Sehwag,Vikas Kumar,≤100
121936820894514,Apna Rajasthan,Goldy Tyagi,≤100
105522892460788,सच्चे हैं सत्यनारायण- Sache Hai Satyanarayan,Amit Kumar Singh,≤100
101367849097907,Hindutva,Hindutva,≤100
168228334032318,Sat Sharma CA,Naveen Sharma,≤100
103482636062393,Shaheen Bano,Shaheen Bano,≤100
196338294250820,Rohit Gangwal,Modi For PM Organisation,≤100
843778465758037,Pt. Kanwarpal Karora,Kanwar Pal,≤100
367203836657399,Rajendra Singh Surpura,Prakash Jaiswal,≤100
207343709721346,Harbhajan Singh ETO,Harshjit Singh,≤100
100771155148458,Bhuwan Yadav,Bhuwan Yadav,≤100
140624336584770,Yogender Pal Singh Champawat,Akash Singh,≤100
105744041610071,Dhirendra Singh Raghav,Vinod Kumar Meena,≤100
308445836521750,மனநல மருத்துவர் ஆனந்தன்,Anandhan Panneer Selvam,≤100
426854497508656,Dr.Phoolchand Bhinda,Phool Chand Bhinda,≤100
996730467059281,Abhinav Rai,Jamesons Info Solutions,≤100
1406676006269693,Kedar Kansana,Kedar Kansana,≤100
107719788648968,Roshan Khan Chaniya,These ads ran without a disclaimer,≤100
100788579004959,अटल बिहारी वाजपेयी हिंदी विवि भोपाल मध्य प्रदेश अध्ययन केंद्र,Shivam Kumar Choubey,≤100
1458730737539532,चन्द्रकला फैन्स,चन्द्रकला फैन्स,≤100
1526917110732627,Beti Foundation,Beti Foundation,≤100
1056763281147239,Sooraj Bishnoi Harda,Sooraj Bishnoi Harda,≤100
111527111467505,Rupesh Chaudhary,Rupesh Chaudhary,≤100
462131483977400,Dr Pritam Gopinath Munde,Rajesh Shrihari Munde,≤100
200447686806046,Amandeep Singh Chawla,Kanav Kathuria,≤100
550287678727831,Bharath Reddy Ravula,Bharath Kumar Ravula,≤100
691332014395165,Vicky Rizvi,These ads ran without a disclaimer,≤100
101190319658763,insightpulsetrends,These ads ran without a disclaimer,≤100
107792554485544,Dr. Amit Singh Chauhan,VC infotech,≤100
107336164119124,Ashvani Singh Little,Akash Singh,≤100
110907065232642,Team Shyam Mali Bhakri,Akash Singh,≤100
1446657182259724,Mangesh Kudalkar - मंगेश कुडाळकर,Mangesh Kudalkar,≤100
704847062939121,Ranbir Nandan,Ranbir Nandan,≤100
180794721947171,Helios - The Watch Store,These ads ran without a disclaimer,≤100
140206666732942,हिंदुस्तान मेरी जान,हिंदुस्तान मेरी जान,≤100
102323545504609,Rama Devi Chopra,Rama Devi Chopra,≤100
103242568933744,भारत विकास,Akash Deep,≤100
318993741790950,Kartik Tiwari Shailu,Ankaj Tiwari,≤100
105694514269834,North Eastern Region Community Resource Management Society,Shrinivas Ravichandran Nadar,≤100
106600387541566,Kamal Chib,Kamal Chib,≤100
109224525478310,कोमल महावर वैर विधानसभा की आवाज़,Komal Mahawar,≤100
589090144442248,Dr.Mallikarjun Reddy Aleti,Dr.Mallikarjun Reddy Aleti,≤100
527713340733138,Ashish Choudhery,Ashish Choudhery,≤100
113369900454663,Jagan choudhary,Jagan Choudhary,≤100
101100226061226,Rajender Bainsla,Rajender Bainsla,≤100
102497059315779,VVIP News,Punita Tyagi,≤100
732690090169334,Girdhari Lal Khichar,Girdhari Lal Khichar,≤100
107206469958851,Lokendra Singh Yadav,Lokendra Singh Yadav,≤100
692941134057968,Dushyant Chautala,Dushyant Chautala,≤100
115672001487908,The Green Pillar,Stuti Singh,≤100
105354058906524,Bjp Shekhar Sharma,Shekhar Sharma,≤100
102102622351285,Raghuvir Singh Meena IPS,Akash Meena,≤100
120952064322761,Smt. Kiran Singh,Jamesons Info Solutions,≤100
100925725462310,News of Gwalior,News of Gwalior,≤100
955423581222600,Ashutosh Pandey Bjp,Vivek Kumar Singh,≤100
1882711862044371,Er. Shashi Bhushan Rai - Gappu rai,Shashi Bhushan Rai,≤100
185624521923986,Sandeep Tanwar,Sandeep Tanwar,≤100
164559610778586,Indrasharan Singh Chauhan,Suraj Kaul,≤100
1660545834170889,Bhaskar Sharma ভাস্কৰ শৰ্মা,Pronoy Jyoti Boruah,≤100
144981609477408,Sardar Jasbir Singh AAP CG,Naresh Kumar Shoeran,≤100
2362229027338767,బీజేపీ వైపు ప్రజల చూపు,Bharath Kumar Ravula,≤100
102010991748513,Ashish Patel,Ashish Natwarlal Patel,≤100
108015368279979,Solh Wellness,Solh Wellness,≤100
1403961939859432,Bhanwar Jitendra Singh,Politics Simplified,≤100
100294672142198,Punjabi Dhaba - पंजाबी ढाबा,Punjabi Dhaba - पंजाबी ढाबा,≤100
103100085360996,Madho Singh Udat,Akash Singh,≤100
1039557042789139,BJP Dadra & Nagar Haveli,Ashish Natwarlal Patel,≤100
408032679785089,Ravinder Dabas Rocky,Ravinder Kumar,≤100
2078769008829362,Ashish Sand,Raghunandan Sharma,≤100
449378495112356,Swades Foundation,Swades Foundation,≤100
108711685305283,Manish Mishra “Ravi Ranjan”,Digital Kumbh Pvt. LTD.,≤100
108785447311988,Nagesh Gupta,Nageshwar Rao Kotike,≤100
250007248502240,Golu Shukla,Modi For PM Organization,≤100
106456887722695,Adesh Yadav BJP,Anil Kumar,≤100
173605583219720,Manoj Pathak,Suraj Goswami,≤100
473704146362126,मुबारक हो बेटी हुयी है,मुबारक हो बेटी हुयी है,≤100
104071715577392,SK International Sainik School Retharedharan - Sangli,Sanket Vinodkumar Surana,≤100
111861104315866,Prateek Kalia,Prateek Kalia,≤100
103449629356420,Rameshwar Gudda Patel,Deepak Rathore,≤100
1604942646463981,Vivek Choudhary Lalana,Vivek Choudhary Lalana,≤100
1753796244634358,We Support Yogi Adityanath,Adv Tech,≤100
2431806523558570,Aditya Bhagat,Aditya Bhagat,≤100
109546308136398,Sankar Dutta - শংকর দত্ত,Bholanath Dey,≤100
113257915080217,KBC,These ads ran without a disclaimer,≤100
104628424533031,Thapar School of Liberal Arts and Sciences,Thapar School of Liberal Arts and Sciences,≤100
467687645161,YourStory,These ads ran without a disclaimer,≤100
102353365768457,Digital Samvad,Tukesh Kumar Ratre,≤100
108903808756780,Team Mukesh Sharma,Rupali Sharma,≤100
632518450236186,Sudarshan Bhagat,Sudarshan Bhagat,≤100
126455024584757,Randeep Singh Deol,Randeep Singh,≤100
1014089075388866,Arvind Pandey,Pradeep Anand,≤100
1608357802795355,Pravin singh BJP,Jamesons Info Solutions,≤100
109352055422391,Aditya Vikram Jaswal,Aditya Vikram Jaswal,≤100
565714670143123,Ashok Saini,Engitech Media,≤100
431454157629297,Mukesh Ahlawat,Nitish Kashyap,≤100
107856848972051,Vishan singh Deora Kailash Nagar,Akash Singh,≤100
114334576957367,Rameshwar prasad yadav,Balvir Singh,≤100
317042561720861,Sunil Deodhar,Dharmendrasing Narendrasing Rajput,≤100
105641591260871,Shyam Singh,Shyam Singh,≤100
361031561139301,Rakesh Jangir,Saurabh Singh,≤100
169851583485696,Chhotu Singh Bhati,Engitech Media,≤100
726835570708315,INFJ Refuge,These ads ran without a disclaimer,≤100
108203925545157,marriage buro UK,These ads ran without a disclaimer,≤100
612629662420991,Ankit Sharma,Sunil Kumar Prajapat,≤100
269174147050795,महेंद्र सिंह किरार सामरसिंगा,महेंद्र सिंह किरार सामरसिंगा,≤100
103858322283790,रविंद्र चव्हाण For BJP महाराष्ट्र,Bhajahari Pandit,≤100
111356268113325,Bhupal Ram Tamta MLA,Manvendra Rana,≤100
170431489751616,WAE,These ads ran without a disclaimer,≤100
100835619365958,Nisha Parulekar - निशा परुळेकर,Nisha Parulekar - निशा परुळेकर,≤100
100118076448329,casino games,These ads ran without a disclaimer,≤100
112291655141502,Arpit Das Ji Maharaj,Utkarsh Srivastava,≤100
109396994667229,Vikrant Chandrahas Tawde,Vikrant Chandrahas Tawde,≤100
108225902282175,supermacysurviva24,These ads ran without a disclaimer,≤100
112132937023603,Nandlal Chauhan,Nandlal Chauhan,≤100
105461195562047,Bjp Gurdaspur Lok Sabha,Bjp Gurdaspur Lok Sabha,≤100
104831868860974,Narender Ghintala,Webtix,≤100
211316456818,Suveg Rathi,Suveg Rathi,≤100
863961040416615,Punit Verma पूर्व उपाध्यक्ष विश्व हिन्दू परिषद् काशी प्रान्त,Punit Varma,≤100
1176347162398086,Guru Nanak Naam Leva,Guru Nanak Naam Leva,≤100
168345423237875,Santosh Surendra Ahlawat,Santosh Surendra Ahlawat,≤100
102844052454200,Dinesh singh rathore,Yadvendra Singh Shekhawat,≤100
504536583266546,Tilak Raj Sharma,Tilak Raj Sharma,≤100
626040200837891,Ashwini Paranjpe,Trivikram Kashinath Paranjpe,≤100
1149375478489344,Harvinder Singh Sarna,Harjap Singh Dhingra,≤100
101197658636724,Dharamveer Singh Dhillon,Narendra Mohani,≤100
108531050841926,Shanu Yadav,Shanu Yadav,≤100
254518708709265,Morarji Desai National Institute of Yoga,These ads ran without a disclaimer,≤100
767805023307544,Santosh Kumar Singh BJP,Akash Singh,≤100
102325429272140,AITC Debasish Mukherjee,Arpan Saha,≤100
104110975291105,Kaveesh Rana BJP,Rahul Tiwari,≤100
1181211801943489,Vishnu Dayal Ram,Nisant Kumar,≤100
116439848132037,Devnath Singh Paikra,Balram Singh,≤100
1003634343005791,Aanand Shukla - आनन्द शुक्ला,Arun Pratap Singh,≤100
109253634221142,Dr Abhishek  Ramadhin,Abhishek Kumar Ramadhin,≤100
103784118675658,Education For All,Krishna Kumar Sinha,≤100
114725851627345,कामेश्वरी कुमारी,Amit Raj,≤100
414822692663213,Anurag Vishwanath Sharma,Yogesh Raikwar,≤100
796727237089860,Action India,Rakesh Bhardwaj,≤100
1772249123015789,Pradeep Negi,Laxmi Datt Pujari,≤100
132806813793938,Paramjit Singh Sarna,Harjap Singh Dhingra,≤100
105663103099250,Vinay upadhyay,GOIM CONSULTANCY,≤100
101817042688378,M.P. Nagarajan,Pattan Nagarajan,≤100
107186238324557,Mahendra Chanda,Tanuj Singh,≤100
2218902201680311,RAVI RAI,Utkarsh Srivastava,≤100
410134216379605,Dr. Omprakash Shete,Omprakash Sadashiv Shete,≤100
103088902327676,Dwarka Kunj,Rahul Tiwari,≤100
100467895262186,Dr Premchand Jaysi,Tukesh Kumar Ratre,≤100
1471581409720618,BJP Uttar Pradesh,Bharatiya Janata Party (BJP),≤100
593762164105179,Ganesh Shankar Pandey,Ganesh Shankar Pandey,≤100
105352618893717,Shankar yadav,Shankar yadav,≤100
2118803388399006,Click2Public,Click2Public Technologies OPC Pvt. Ltd.,≤100
892715324214105,Nitendra Singh Rathore,Rituraj Tomar,≤100
110705500292841,Ramkishan Ojha,Nishant M Solanki,≤100
118693334569931,old coin sikke sabhi prakar ke buyer 9064210493,These ads ran without a disclaimer,≤100
104521050914326,Baliram Siraskar,Baliram Siraskar,≤100
1138013239686127,Manish Shukla,Ankaj Tiwari,≤100
141491449241356,Ranjitsinh Mohite Patil,Ranjitsinh Mohite Patil,≤100
112222955182776,The Live tv24,The Live tv24,≤100
962706860466550,Ruchi Kaur Bawa,Sahibgun Singh,≤100
101613628900010,Smartway Wellness Pvt. Ltd.,Bhoomi Harendra Mistry,≤100
639608359763720,Rajesh Pateriya,AAJneeit Advertising,≤100
102465501806712,Gunnala Sunithakka Sena,Gunnala Sunithakka Sena,≤100
108689704852720,Mahalakshmi Sreenivas,Mahalakshmi Sreenivasulu,≤100
322531835234894,Mohinder Goyal,Kanav Kathuria,≤100
111930615072343,Food Gallery,These ads ran without a disclaimer,≤100
293842994291928,Devendra Bishnoi,Yashpal Bishnoi,≤100
109027442133819,Dr. Sanjay Singh,Naveen Singhal,≤100
116997354325105,Wg Cdr Anuma Acharya,Wg Cdr Anuma Acharya,≤100
112333551648886,Kalpana Bhatnagar,Ganesh Kumar,≤100
102032992784587,Dharmender Deepak Sharma,These ads ran without a disclaimer,≤100
577438402335738,Bhanwar Singh Bhati,Bhanwar Singh Bhati,≤100
1228687227253469,Digisharks Communications Pvt. Ltd,These ads ran without a disclaimer,≤100
358089768022150,Vishnu Lata,Krishna Choudhary,≤100
114697697026290,DI News,Krishnakant Singh,≤100
115568911451889,Garge Srinivas,Upasi Kiran Kumar,≤100
102602204809923,तारा देवी,These ads ran without a disclaimer,≤100
108637275212344,Deshraj Kharera advocate,Deshraj Kharera advocate,≤100
1437843416510255,पंकज भैय्या आंबेगांवकर मित्र मंडळ ता.मानवत,पंकज भैय्या आंबेगांवकर मित्र मंडळ ता.मानवत,≤100
102052075499237,Anand Dubey,Anand Kumar Dubey,≤100
149347585097059,Down to Earth,These ads ran without a disclaimer,≤100
1725007397758468,Carry Your Bottle,These ads ran without a disclaimer,≤100
419318464900338,Rajveer Singh - Raju Bhaiya,Saurabh Singh Verma,≤100
677343712304968,Ramcharan Bohra,Ramcharan Bohra,≤100
1094998887291468,Ganga Singh Kathadi गंगा सिंह काठाडी,Ganga Singh Kathadi गंगा सिंह काठाडी,≤100
113853364943824,Anupam Ranjan,These ads ran without a disclaimer,≤100
1336863726383886,Gopal Lal Sharma,Prakash Jaiswal,≤100
107461545681999,Ramesh Kumar,Ramesh Kumar,≤100
101719745754840,Business Guru Bharat,Akash Deep,≤100
104030002327269,Cervicheck by Pragmatech,Pragmatech Healthcare Solutions Pvt. Ltd.,≤100
107594063255738,Ankur Warikoo,These ads ran without a disclaimer,≤100
430864437043861,D K Brijesh,Devassia Brijeshdkaithakkal,≤100
109901908733431,anushkasharma8749087887,These ads ran without a disclaimer,≤100
1877498618981855,Rajesh Bhaida,Rajesh Kumar Meena,≤100
172564046268392,Samiksha Gupta,Samiksha Gupta,≤100
376393132712527,Asit Sarkar,Asit Sarkar,≤100
110693301897502,Chandan Kumar soni,These ads ran without a disclaimer,≤100
878515282172996,Shri Dutt Sharma MLA,Sushil Kumar Kashyap,≤100
1856074367972717,Mukesh Yadav,Mukesh Kumar Yadav,≤100
101231645143177,Biresh kumar,Biresh kumar,≤100
100951042205996,H Tovihoto Ayemi,Pronoy Jyoti Boruah,≤100
113489571350909,Amit Karwasra,These ads ran without a disclaimer,≤100
103544656778013,Dr Akhilesh Prasad Singh,Akhiles Prasad Singh,≤100
1879092478989809,Idam Valam,Idam Valam,≤100
107512861394623,MainCross,MainCross Systems Pvt Ltd,≤100
105084614186952,Amit Verma,Amit Verma,≤100
903686923059603,Anuragsunilnayak Ramji,Anurag Nayak,≤100
394168494317389,MIT World Peace University,MIT World Peace University,≤100
100882521819883,Janmanch News,Devendra Kumar,≤100
741969505923396,SEWA,Bibek Bora,≤100
582059248497587,Ashish Sood,Ashish Sood,≤100
142192792597549,Ramshiromani Shahwal,Vikash Kumar Rathour,≤100
107942234105956,IEA Book of World Records,These ads ran without a disclaimer,≤100
269442696723658,Kuldeep kumar 'Deep kamboj Malukpura',Kuldeep Kumar,≤100
114592314849721,Sunil Maheshwari,Sunil Maheshwari,≤100
1449783501993758,Anbu Kundadam,Sathyamoorthy -,≤100
1412877062133423,Nayan Pal Rawat,Nayan Pal Rawat,≤100
1363796297036989,বর্ধমান বিশ্ববিদ্যালয় ছাত্র সংসদ,Animesh Nayek,≤100
120256594412995,I love india,These ads ran without a disclaimer,≤100
100341472149543,Naveen Goyal,Shamsher Singh,≤100
106650475483675,The Borderlens,The Borderlens,≤100
103622348327178,ஆலடி எழில்வாணன்,ஆலடி எழில்வாணன்,≤100
100408622352310,Mohit Yadav,Mohit Yadav,≤100
317042561720861,Sunil Deodhar,Sunil Deodhar,≤100
111437185188325,Devpal Yadav Tijara,Devpal Yadav Tijara,≤100
115995104725806,Maadhava Reddy,Reddy,≤100
112053926911766,Navnit Kumar Jha,Navneet Kumar,≤100
635414896555761,Bhairavi Jani,These ads ran without a disclaimer,≤100
101239669520176,Jitendrasinh Solanki Education,These ads ran without a disclaimer,≤100
115454178213366,switchonindia,These ads ran without a disclaimer,≤100
253492488640122,AdultBook,These ads ran without a disclaimer,≤100
103290325768311,Er Chandni Prakash,Er Chandni Prakash,≤100
100802346198052,Lekhraj singh,These ads ran without a disclaimer,≤100
107784174934961,Tarun Raina,These ads ran without a disclaimer,≤100
102576955846347,என்னடா பண்ணி வச்சிருக்கீங்க,M Mahalakshmi,≤100
2401953910031682,Raman Gulati,Raman Gulati,≤100
805526169610318,Shubhashray Housing India,shubhashray housing india,≤100
151402265453863,Gurpreet brar,Gurpreet brar,≤100
109736847861651,Premendra Pal Singh 'Guddu',Premendra Pal Singh,≤100
102097379561782,AJAY SINGH,Ajay Singh,≤100
109108857431254,Citizen Saikat Chatterjee,Pratima Barman,≤100
104596981253393,Ankur Gupta,These ads ran without a disclaimer,≤100
1463405053879604,Baldev Alawalpur,Anju  Chaudhary,≤100
114298774840258,Kasir Khan,These ads ran without a disclaimer,≤100
543596058995303,"Dr. Param Navdeep Singh Doctor, Social Activist, Politician","Dr. Param Navdeep Singh Doctor, Social Activist, Politician",≤100
1742715635746647,Subhash sharma,Subhash sharma,≤100
110384152071059,Rishav Motors,These ads ran without a disclaimer,≤100
105079445808554,Mahadev Balali,WMB,≤100
554668164714801,Varun Pratap Singh Bhakuni,Varun Pratap Singh Bhakuni,≤100
100628949640718,Abhishek Gupta Bus Service,Pranav Kumar,≤100
410451215667220,Socio Economic Development Trust,These ads ran without a disclaimer,≤100
526222491203445,The Chaupal,The Chaupal,≤100
1656810004631832,Youth 4 BJP,Adv Tech,≤100
1774130362804630,Indian Team Fans,Adv Tech,≤100
805526169610318,Shubhashray Housing India,These ads ran without a disclaimer,≤100
673005229495862,Pehchaan The Street School,These ads ran without a disclaimer,≤100
137192210235379,देशभक्त भारतीय,Adv Tech,≤100
1757441471197224,Hardik Patel,Hardik Patel,≤100
315949908850311,Sandeep Pathak Bathinda,Sandeep Pathak Bathinda,≤100
426881010719758,Soumik Hossain,Angur Shaikh,≤100
114717553693865,Liberal TV,Liberal TV Punjabi,≤100
106378422059330,Himmat Singh Bharatpur,Jainendra Agrawal,≤100
322406674571533,Jonnalagadda Padmavathy,Aluru Erriswami Reddy,≤100
118874757371106,Srikanth Bhima,Srikanth Bhima,≤100
105530752376295,"Shiromani Akali Dal, Delhi Unit",Harjap Singh Dhingra,≤100
150142102022817,Namo Supporter,Adv Tech,≤100
203795313615859,PDTV News,Nagarjuna Reddy Kaipa,≤100
761826677309909,Bhupinder Lather,Book My Promo,≤100
104962875476962,Shashank rajesh khare,Shashankbhai Rajeshbhai Khare,≤100
1537168819849714,Rajesh Sambhaji Pawar,Ajay Arjun Daund,≤100
105813284380310,Dee4unews,Deepak Kumar Bhandari,≤100
109700157097894,Krishna Bhagwan - Krishna Soni,These ads ran without a disclaimer,≤100
101981582605159,Kumar Raghavendra Raghav,Kumar Raghavendra Raghav,≤100
100213638230083,Yogendra Singh Tomar 'Pintu',GOIM CONSULTANCY,≤100
107200572239702,sunnysep2014,These ads ran without a disclaimer,≤100
107572844339420,SunFuel,These ads ran without a disclaimer,≤100
119050494469574,Ajeet Singh,Ajeet Singh,≤100
892110527476687,Rajendra Singh Yadav,Rajendra Singh Yadav,≤100
177278814067350,IDream R Murthy MLA,Manoj Kumar,≤100
108046308608481,अपना राज्य अपना उत्तराखंड,Surya Kant Sharma,≤100
105124865726721,Medapati Prakash Reddy,Nukana Bhanu Prakash,≤100
107995995579503,Neelam Kadian Ahlawat Chairperson,These ads ran without a disclaimer,≤100
877336255717207,Newstrack,These ads ran without a disclaimer,≤100
985813238273906,Sribharat Mathukumilli,Politics for Impact,≤100
115581696797257,Suresh Raje,Suresh Kumar Raje,≤100
100740282107366,Rahul Yadav,SABERLING TECHNOLOGY PRIVATE LIMITED,≤100
104184495899739,Vivek Bagri,Yash Bagh,≤100
2126394520953435,Mula Ram Bhadu,Mula Ram Bhadu,≤100
791996340811292,Dr Madhuri Borse Patil,Vipul Jayantilal Bafna,≤100
250217725567015,Sumer Singh Garha,NBI Digital,≤100
1401117106783618,Bjp Chhattisgarh,Bharatiya Janata Party,≤100
334499340051533,Sudhir Yadav - Politician,These ads ran without a disclaimer,≤100
640369399392914,Baijayant 'Jay' Panda,Baijayant Panda,≤100
111397805268915,Dr Ramdev Choudhary,Ramdev Choudhary,≤100
101528805191590,Dr. Inigo Irudayaraj - Trichy East MLA,Stanislaus Inigo Irudayaraj,≤100
111330898643139,MeowCoder,Aasim Abdul Wahid Sheikh,≤100
104563331661985,Hansika Gurjar,Sakshi Goyal,≤100
113009775145132,Natraj pencil packing limited company work from job=8982762827,These ads ran without a disclaimer,≤100
105873921457157,Manpreet Kaur,Manpreet Kaur,≤100
109179291985422,Adavalli Krishna,Sateesh Vinjam,≤100
113024921612467,Dr.Challagundla Srinivas,Gottimukkala Surendra,≤100
787962211249299,Khabar Samay,These ads ran without a disclaimer,≤100
100487962326621,Er Satyanarayan Bagri,Er Satyanarayan Bagri,≤100
337091703042531,Colour Media,Hemant Kumar,≤100
102123419539115,Amit Shah Fan Army,Hemant,≤100
100198063064112,Rupam Mishra,Rupam Mishra,≤100
101753581291355,Lokesh Manchanda,Lokesh Manchanda,≤100
216879079078673,Sanjay Singh Yadav,Sanjay Singh Yadav,≤100
100311556238782,the_marathi_vyangchitrakar,These ads ran without a disclaimer,≤100
821027488002818,Focal Skill,These ads ran without a disclaimer,≤100
113850920931537,Halchal Music,Prem Pritam Ray,≤100
603697863301609,Vivek Singh Bohra,Karmanya Singh,≤100
468064866696490,Pratap Jena,Ankit Pratap Jena,≤100
2519612528072101,POLL TALK,Ram Ji Tiwari,≤100
100784414729765,Bhuma Kishore Reddy,Kishore Reddy Bhuma,≤100
113358511675853,Tarlochan Singh,Book My Promo,≤100
361691194687436,Umesh Sharma,Book My Promo,≤100
703726259672921,BJP Telangana,Bharatiya Janata Party (BJP),≤100
112726124957030,Sanjay Dubey,These ads ran without a disclaimer,≤100
203795313615859,PDTV News,Sandeep Gowda Undrakonda,≤100
278423842321236,BJP Rajasthan,Bharatiya Janata Party (BJP),≤100
2078242259060363,Kukufm,Mohana Saha,≤100
117122002079339,Shailendra Sengar,Shailendra Sengar,≤100
132837333432238,Rushi Vekariya.,These ads ran without a disclaimer,≤100
110046725117316,Safeer Choudhary,Ashish Sapolia,≤100
102976016109737,AP With Lokesh,Politics for Impact,≤100
224163281073368,BJP Arunachal Pradesh,BJP Arunachal Pradesh,≤100
1481089885514193,Virtual Campaign Solutions,Pankaj Sharma,≤100
796872737016939,Jitendra Sharma Bansur,Ujjval Jain,≤100
386527885265821,Sankalpam,These ads ran without a disclaimer,≤100
318181832137114,Shamsher Singh Gogi,Book My Promo,≤100
104860424918954,दिल है हिन्दुस्तानी,Abhijit Kumar,≤100
1727859277354436,Bhuwan Vikram भुवन विक्रम,Bhuwan Vikram Singh,≤100
118703124492953,मुरारी लाल धाकड़,Manish Kumar Vats,≤100
103395429127963,Public Guardian,Brijinder Kaur Rai,≤100
206694249914736,Kalpana Verma,Kalpana Verma,≤100
126080402123301,Ganga Ram Gurjar,Gangaram Gurjar,≤100
299758707359729,Jakka Venkat Reddy,These ads ran without a disclaimer,≤100
1634904646816392,Ashok Singh Bhadoria / अशोक सिंह भदौरिया,Ashok Singh Bhadoria / अशोक सिंह भदौरिया,≤100
110960077698828,Deepak Kumar दीपक कुमार,Rahul Kumar,≤100
114266178337740,jaivardhan Singh fans club,GOIMCONSULTANCY,≤100
1689461781368857,Overcoming Autism,These ads ran without a disclaimer,≤100
111283271603417,Taicang Entdecken,These ads ran without a disclaimer,≤100
104099512361482,Funnies Now - Magazine,These ads ran without a disclaimer,≤100
249425191947,GIGABYTE,These ads ran without a disclaimer,≤100
45413563867,The Free and Equal Elections Foundation,These ads ran without a disclaimer,≤100
207413206526377,Girl Power Talk,These ads ran without a disclaimer,≤100
145301255772,Global Alliance for Incinerator Alternatives (GAIA),These ads ran without a disclaimer,≤100
145521742161580,International Association for the Study of Lung Cancer,These ads ran without a disclaimer,≤100
103018869332378,BantuPage,These ads ran without a disclaimer,≤100
1882160755422758,Edgar Boshart,These ads ran without a disclaimer,≤100
100605062428891,The Warrior Queen Project,These ads ran without a disclaimer,≤100
112220134851421,Under the Sisterhood,These ads ran without a disclaimer,≤100
109760064978390,Kiwanis Connects,These ads ran without a disclaimer,≤100
119521264725553,Q21,These ads ran without a disclaimer,≤100
150793518281117,Covestro,These ads ran without a disclaimer,≤100
133223738568337,BMC News LIVE,These ads ran without a disclaimer,≤100