﻿Page ID,Page name,Disclaimer,Amount spent (GBP)
1645963095654688,Healthier Scotland,The Scottish Government,1394
166335402260,Scottish Water,Scottish Water,1248
101558386889,Shelter Scotland,Shelter Scotland,908
311627208673,WWF UK,WWF UK,885
220543443746,International Rescue Committee - UK,International Rescue Committee UK,774
7715002593,UNICEF UK,Unicef UK,601
102639461303190,Fair Pay For All,Fair Pay For All,483
97708339756,Action for Children,Action for Children,413
9250349228,Greenpeace UK,Greenpeace UK,399
159100234275780,UK Government Scotland,Office of the Secretary of State for Scotland,358
7624294394,Amnesty International UK,Amnesty International UK,254
158077247591710,Refuge,Refuge,182
105325515394672,Local Recovery,Local Recovery,164
21242962092,ClientEarth,ClientEarth,159
208573062515662,Freedom from Torture,Freedom from Torture,158
353803611446846,WB Debtcare,Wylie & Bisset,150
26698813123,British Red Cross,British Red Cross,136
105135382234851,Warm This Winter,Warm This Winter,122
799576543492660,The Week Junior,The Week Junior,117
121936349543,World Vision UK,World Vision UK,103
35671512696,World Animal Protection UK,World Animal Protection UK,102
7527864602,WaterAid UK,WaterAid UK,102
348366988862054,Oxfam Campaigns,Oxfam Great Britain,101
37981137361,The Children's Society,The Children's Society,≤100
30349161852,Eden Project,Eden Project,≤100
397986050296687,Scottish Liberal Democrats,"and promoted by the Scottish Liberal Democrats, 4 Clifton Terrace, Edinburgh, EH12 5DR.",≤100
7715002593,UNICEF UK,UNICEF UK with Facebook Ad Credits,≤100
353224381469808,ifaw,IFAW,≤100
126686317362835,The HALO Trust,The Halo Trust,≤100
39605200520,ActionAid UK,ActionAid UK,≤100
1660600037490738,Guardian Labs,Guardian Labs,≤100
103835971750,Orbis UK,Orbis UK,≤100
722939897742608,The Co-operative Bank,The Co-operative Bank,≤100
117476785190,Save the Children UK,Save the Children UK,≤100
18044497940,Plan International UK,Plan International UK,≤100
1046117708754519,Care4Calais,Care4Calais,≤100
442816382865338,Social Security Scotland,Social Security Scotland,≤100
116625838402686,FareShare,FareShare,≤100
13047522725,Crimestoppers,Crimestoppers,≤100
40409120801,Refugee Council,Refugee Council,≤100
328457661378085,Humanity & Inclusion UK,Humanity & Inclusion UK,≤100
230343220395979,NOW,Mediacom UK,≤100
106946654868342,Water's Worth Saving,Water UK,≤100
249209468838241,Good Law Project,Good Law Project,≤100
177855115588808,The Week UK,The Week UK,≤100
198081311536,"Natural History Museum, London",The Trustees of the Natural History Museum,≤100
110934940687948,"Sharon Graham - General Secretary, Unite the Union",Unite Sharon Graham,≤100
290498754454402,European Movement UK,European Movement UK,≤100
7569385657,Co-operative Party,Co-operative Party,≤100
246872175166,Action Against Hunger UK,Action Against Hunger UK,≤100
101255718164248,350 UK,350.org,≤100
103662352102391,Family Debt Help,Ian Keith Parsons,≤100
2558329857727118,Families In Debt,Families in debt,≤100
8539814909,International Animal Rescue,International Animal Rescue with Facebook Ad Credits,≤100
298509560234948,Bethany Christian Trust,Bethany Christian Trust,≤100
313376249090900,The Humane League UK,The Humane League UK,≤100
6233536938,War Child UK,War Child UK,≤100
18168505158,The Woodland Trust,Woodland Trust,≤100
310039442421596,Scottish Labour Party,Scottish Labour Party,≤100
490007667679401,Hugh James,Hugh James,≤100
1634484040190637,VERSUS,VERSUS,≤100
7043497714,Christian Aid,Christian Aid,≤100
103559634900519,Oltco Ltd,Oltco Ltd,≤100
10986039307,VSO,VSO,≤100
2279278499016921,Scottish Business UK - SBUK,Scottish Business UK,≤100
196603287038373,Edinburgh Children's Hospital Charity,Edinburgh Children’s Hospital Charity,≤100
97116898596,Sightsavers,Sightsavers,≤100
112712550420527,Sumofus UK,SumOfUs,≤100
110538548040758,Care2 UK,John Ayling & Associates,≤100
139695000173,Good Energy,Good Energy,≤100
6708565748,CBM UK,CBM UK,≤100
6707857033,Global Justice Now,Global Justice Now,≤100
170911309781648,Veganuary,Veganuary,≤100
195754307110390,Right To Life UK,Right To Life UK,≤100
248887561894779,Home Energy Scotland,Energy Saving Trust,≤100
886540824807022,Switch Off And Breathe,West Lothian Council,≤100
135456716565905,Guardian Jobs,Guardian Jobs,≤100
6040534532,One Acre Fund,One Acre Fund,≤100
7214031395,Oxfam Great Britain,Oxfam Great Britain,≤100
97283538614,Cool Earth,Cool Earth,≤100
358706239805,Scope,Scope,≤100
97955320269,MAG (Mines Advisory Group),MAG (Mines Advisory Group),≤100
114651147002520,SSE Energy Solutions,SSE,≤100
319465674441,Game & Wildlife Conservation Trust (GWCT),Game & Wildlife Conservation Trust (GWCT),≤100
112845639376,Refugee Action,Refugee Action,≤100
175067939218623,Mercy Corps - Europe,Mercy Corps Europe,≤100
100553032399423,The Fund for Global Human Rights UK,The Fund for Global Human Rights,≤100
10499876484,Compassion in World Farming,These ads ran without a disclaimer,≤100
514212165305248,Leigh Day,Leigh Day,≤100
949047155159569,ConnectFutures,ConnectFutures with Facebook Ad Credits,≤100
873550809444862,Mighty Earth,Mighty Earth,≤100
329002307237063,Providence Row Housing Association,Sirman and Lee,≤100
105780677377,Equality Network,Equality Network,≤100
358531814192900,Bloomsbury Publishing UK,Bloomsbury Publishing UK,≤100
208259529191152,Aid to the Church in Need UK,Aid to the Church in Need UK,≤100
1682367945366856,POWER Film,Power Film,≤100
3190660567626119,Dad’s In Debt.,Dadsindebt,≤100
303760836322372,Bullen Healthcare,Bullen Healthcare,≤100
103638401212311,Amazon Operations Life,These ads ran without a disclaimer,≤100
102985662305446,Cllr Emma Farquhar,Emma Clare Lamb Farquhar,≤100
603389616739829,Bite Back 2030,Bite Back 2030,≤100
569834799727730,National Grid UK,National Grid UK,≤100
47612991154,Dignity in Dying,Dignity in Dying,≤100
2047806148766050,Animal Equality UK,Animal Equality UK,≤100
55984857501,Open Doors UK & Ireland,Open Doors with Brother Andrew,≤100
462400447302313,NOW: Pensions,These ads ran without a disclaimer,≤100
1721275931466984,The Reclaim Party,The Reclaim Party,≤100
163273590367943,Elton John AIDS Foundation,Elton John AIDS Foundation,≤100
552921854718028,Pyramid Analytics,These ads ran without a disclaimer,≤100
1450681158291594,Counter Terrorism Police UK,Counter Terrorism Police UK,≤100
8422578815,Soil Association,Soil Association,≤100
100854403381908,Pay Justice,Pay Justice,≤100
346684596111093,KinKind,KinKind Ltd,≤100
617476271637848,Usdaw Union,"the Union of Shop, Distributive and Allied Workers",≤100
18366996074,War on Want,War on Want,≤100
25749647410,The Labour Party,The Labour Party,≤100
361903630674786,City to Sea,City to Sea,≤100
107310464728068,Britain Remade,BRM Futures Limited,≤100
101886255290758,SNP Pentlands West,Dylan James Roberts,≤100
183831360784,Theirworld,Theirworld,≤100
103763599243675,Aiko,The Real Aiko,≤100
211614899544570,Long Live The Local,British Beer & Pub Association,≤100
18933990398,Stonewall,Stonewall UK,≤100
134271016653249,World Jewish Relief,World Jewish Relief,≤100
113728932022446,Internet Watch Foundation,Internet Watch Foundation,≤100
108625789179165,Soi Dog Foundation,These ads ran without a disclaimer,≤100
105213446201178,International Justice Mission,International Justice Mission with Facebook Ad Credits,≤100
295803323870555,Earthwatch Europe,Earthwatch Europe,≤100
290658214934530,Nature Friendly Farming Network,Nature Friendly Farming Network,≤100
157492274367801,Cruelty Free International,Cruelty Free International,≤100
49275915266,MSI Reproductive Choices,MSI Reproductive Choices,≤100
59367068326,The Ramblers,The Ramblers,≤100
1486841851361953,Power for People,Corinna Quinn Miller,≤100
25010947137,ShelterBox,ShelterBox,≤100
104677264773039,We Eat Balanced,Agriculture and Horticulture Development Board,≤100
179455805474037,"Fife Properties, Mitchell Street, Leven",James Johnstone Parker,≤100
101915698384428,Eldred Law,Eldred Law,≤100
8807334278,Conservatives,The Conservative Party,≤100
220543443746,International Rescue Committee - UK,International Rescue Committee - UK,≤100
105213446201178,International Justice Mission,International Justice Mission,≤100
6574632957,Unlock Democracy,Unlock Democracy,≤100
112403793494016,healthandcare.scot,Healthcare News Scotland,≤100
146393758720939,Cord,Cord,≤100
64955332909,Sage,Sage,≤100
234881964773,Vintage Books,Vintage Books,≤100
388650307829032,Rachel Reeves,Office of Rachel Reeves MP,≤100
46852258376,Anti-Slavery International,Anti-Slavery International,≤100
123300991051802,ActionAid,ActionAid International,≤100
5662929773,openDemocracy,openDemocracy,≤100
85549822738,Peace Direct,Peace Direct,≤100
365948210785448,Criminal Injuries Helpline,Criminal Injuries Helpline,≤100
109500543281,Hope for Justice,Hope for Justice,≤100
1503185916668051,Left Book Club,Left Book Club,≤100
230191600425222,Moray Labour,Moray Constituency Labour Party,≤100
222263521198042,"No Knives, Better Lives","No Knives, Better Lives",≤100
1422817667967727,Rainbow Migration,Rainbow Migration,≤100
101183108039162,P1vital,P1vital,≤100
21517406388,Trees for Cities,Trees for Cities,≤100
104777753526688,Level Up,Level Up,≤100
26806660922,Humanists UK,Humanists UK,≤100
29976850080,Sense,Sense,≤100
166289303844685,Action on Sectarianism,Action on Sectarianism,≤100
124471347603278,Positive Money UK,Positive Money,≤100
234697749901505,Cara-Friend,Cara-Friend,≤100
100651718058538,The Commitment,The Commitment,≤100
2443299312347521,Green New Deal Rising,Green New Deal UK,≤100
110133689018711,Prostate Cancer Research,Prostate Cancer Research,≤100
208371683037269,NBCU Catalyst,CNBC Catalyst,≤100
100460115820499,Recork,Recork,≤100
349529338419493,Energy and Utilities Jobs,Joanne Hill,≤100
5883973269,Liberal Democrats,"and promoted by the Liberal Democrats, 1 Vincent Square, London, SW1P 2PN.",≤100
122826161959107,Fly The Flag,Fly The Flag c/o The Cogency,≤100
100375849312830,Tax Claims,Tax Claims,≤100
112774080139591,Joint Forum of CCs in West Lothian,Donald Stavert,≤100
117592091643709,Tree of Life Ministries｜Evangelism in Israel,Tree of Life Ministires,≤100
117663840670,Global Care,Global Care,≤100
366410157157016,Migrant Help,Migrant Help,≤100
103804555563918,Cllr Tommy Macpherson - a strong new voice for Campbeltown & South Kintyre,Mr Thomas Macpherson,≤100
124471347603278,Positive Money UK,Positive Money UK,≤100
269383906869137,VERCIDA,Vercida,≤100
1731766737063825,Greenspark,Greenspark,≤100
106390138646799,Global Cooksafe Coalition,These ads ran without a disclaimer,≤100
183026535040943,International Tree Foundation,International Tree Foundation,≤100
119114834837077,Victim Support,Victim Support,≤100
107667846010490,EMERGENCY NGO,EMERGENCY UK,≤100
134077510212,Aberlour Children's Charity,"Aberlour Child Care Trust,",≤100
107968922565701,Lil-Lets,These ads ran without a disclaimer,≤100
266790296879,Bloomberg,These ads ran without a disclaimer,≤100
155710354774360,Momentum,Momentum,≤100
130723600338585,Ethex,Ethex UK,≤100
105279899060069,Aghosh UK - AlKhidmat Foundation,Adeel Riaz,≤100
280798438717656,Solent Plastics - Plastic Boxes and Storage Containers,Solent Plastics,≤100
156922821011409,Timberland,These ads ran without a disclaimer,≤100
102761222633421,The Wake Up Movement,The Wake Up Movement,≤100
984203991753488,Research Outreach,Research Outreach,≤100
73621126187,Rosa,Rosa UK,≤100
8270524646,Alzheimer's Society,Alzheimer's Society,≤100
9126080923,Show Racism the Red Card,Show Racism the Red Card,≤100
215907465093956,Somerset County Council,Somerset County Council,≤100
6406164817,Viva!,Viva! Vegan Charity,≤100
126878947381288,Angling Trust,Angling Trust,≤100
102987482444835,Heidi Alexander for South Swindon,Heidi Alexander,≤100
822901467919618,OceanSaver,OceanSaver,≤100
47752736789,Humanists International,Humanists International,≤100
227427673437,Tree Aid,Tree Aid,≤100
110173697302280,CarbonStore,CarbonStore,≤100
106865171796144,Washington East Labour,Sunderland Labour,≤100
10114144851,NSPCC,NSPCC,≤100
113389667191398,ROOT ZERO,Puffin Produce,≤100
289690716457,Christian Concern,Christian Concern,≤100
108289788007047,Let Us Pray,The Christian Institute,≤100
1056162421085650,Research Features,Research Features,≤100
368147760350619,Northwich Car Finance Ltd,Northwich Car Finance Ltd,≤100
191388894239685,We Believe in Israel,We Believe In Israel,≤100
582560091776654,Iron & Velvet - Plastic Free Cleaning Products,Iron & Velvet - Plastic Free Cleaning Products,≤100
210061839896543,Born Offside,These ads ran without a disclaimer,≤100
138385936213569,Northern Ireland Water,Northern Ireland Water,≤100
407919473335354,Furniture Rental Online,Mr James Stephen Chesson,≤100
1021604384624531,NHC Medspa,Neda Jafari,≤100
1798435463807088,John Healey MP,John Healey MP,≤100
260365460647855,Mircea Geoana,Mircea Geoana,≤100
831443820211334,Cheshire East Conservatives,Janet Christine Clowes,≤100
106144018144344,Running at 40 Plus,These ads ran without a disclaimer,≤100
103953245540676,Mobile Education Partnerships Projects,Mobile Education Partnerships,≤100
2185781521490288,ONE TRIBE,One Tribe,≤100
248614481874426,Breast Cancer UK,Breast Cancer UK,≤100
106552981733110,Project Better Energy,Simplicity Digital Marketing,≤100
368194657215717,Times Higher Education Connect,THE Connect,≤100
32514078659,Liberty,Liberty,≤100
367006363463686,Chris Webb,Chris Webb,≤100
135962813151731,Doctors Worldwide,Doctors Worldwide,≤100
39556650565,League Against Cruel Sports,League Against Cruel Sports,≤100
112881537158018,One Voice Against The Far Right.,These ads ran without a disclaimer,≤100
110861655604080,Friends of the Earth,Friends of the Earth (EWNI),≤100
321249061618806,Cllr Louise Gittins - Leader of Cheshire West,Cheshire West Labour,≤100
111654016067,Staffordshire University,Staffordshire University,≤100
100185801695335,Great UK products you can buy,Patrick Antony Harrington,≤100
106205865302441,Just Stop Oil,Just Stop Oil,≤100
868639796596609,Taunton Deane Liberal Democrats,Taunton Deane Liberal Democrats,≤100
685018844928882,Labour North,The Labour Party,≤100
107095708915479,Support Jimmy Lai,Electica ltd,≤100
102935489195233,ally.lbf,These ads ran without a disclaimer,≤100
317156988374684,Inmarsat,These ads ran without a disclaimer,≤100
112492724669417,Paulette Hamilton MP,Paulette Hamilton,≤100
105104184679053,Oltco Ltd,Oltco Ltd,≤100
106217729013246,carl_wilson012,These ads ran without a disclaimer,≤100
1556481434584901,Paul Xavier,These ads ran without a disclaimer,≤100
103148025357949,Château de Malengin,These ads ran without a disclaimer,≤100
107034431979369,United24,These ads ran without a disclaimer,≤100