﻿Page ID,Page name,Disclaimer,Amount spent (USD)
101832562588339,ويكليكس صلاح الدين,ويكليكس صلاح الدين,≤100
102750359160656,بلاس نيوز,بلاس نيوز,≤100
104081694467489,ريان الكلداني Rian Chaldean,ريان الكلداني Rian Chaldean,≤100
107794285545259,عاصمة الشمال,عاصمة الشمال,≤100
381497365537157,R.C.D مركز الرافدين للحوار,R.C.D مركز الرافدين للحوار,≤100
101957286018717,ضاربين news,jiball,≤100
580593188967461,حراك الجيل الجديد,NGM,≤100
111995495119585,شبكة صلاح الدين,شبكة صلاح الدين,≤100
186155201748058,الهيئة العليا للحج والعمرة,الهيئة العليا للحج والعمرة,≤100
108448645342531,BAZ PLUS,BAZ PLUS,≤100
121598610877183,عزالدين العلي سليمان,عزالدين العلي سليمان,≤100
104886081432069,حركة البشائر الشبابية,حركة البشائر الشبابية,≤100
104085139388250,سحاب بنت عبد الله بن عبدالعزيز آل سعود,These ads ran without a disclaimer,≤100
101643555790443,همام علي مهدي  التميمي,همام علي مهدي  التميمي,≤100
720944991294083,د. قتيبة ابراهيم الجبوري,د. قتيبة ابراهيم الجبوري,≤100
150253531687373,أخبار الآن - Akhbar Al Aan,These ads ran without a disclaimer,≤100
107461271287114,ملتقى البشائر,ملتقى البشائر,≤100
111547498496423,طباعه صور1,These ads ran without a disclaimer,≤100
106995204835895,سوالف Plus,سوالف Plus,≤100
107857542003566,Kurdistany Nwe,Kurdistany Nwe,≤100
503530246416243,النائب احمد المشهداني,النائب احمد المشهداني,≤100
104591929317569,احمد الكريم - Ahmed al kareem,اكانا,≤100
668246513252365,المهندس نصيف جاسم الخطابي محافظ كربلاء المقدسة,المهندس نصيف جاسم الخطابي محافظ كربلاء المقدسة,≤100
110452055224657,احنه بخدمتكم,احنه بخدمتكم,≤100
105835761935325,حسين العوادي,حسين العوادي,≤100
418944648163190,باقر جبر الزبيدي,باقر جبر الزبيدي,≤100
2452514564770158,المكتب الإعلامي لوزير الداخلية,المكتب الإعلامي لوزير الداخلية,≤100
152131781906555,وزارة النفط العراقية,وزارة النفط العراقية,≤100
276686282715100,وزارة العدل العراقية,وزارة العدل العراقية,≤100
107713992218075,الشرق العراقي,الشرق العراقي,≤100
267078350122003,الدكتور ماجد شنكالي,الدكتور ماجد شنكالي,≤100
110035949016294,Masrour Barzani,ASO,≤100
390577224661893,النائب علي جاسم الحميداوي,النائب علي جاسم الحميداوي,≤100
2200025410238656,مركز نداء الرافدين للبحوث والدراسات الإستراتيجية,مركز نداء الرافدين للبحوث والدراسات الإستراتيجية,≤100
105349854354740,موسوعة الرافدين الإخبارية,موسوعة الرافدين الإخبارية,≤100
104043631791120,النائب علي حاتم المكصوصي,النائب علي حاتم المكصوصي,≤100
1467421263528149,Iraqi Private Banks League رابطة المصارف الخاصة في العراق IPBL,Iraqi Private Banks League,≤100
117411464290585,Nabaz Abdulhamid,Nabaz Abdulhamid,≤100
100777926142279,عمار موسى كاظم,عمار موسى كاظم,≤100
100189906189221,ابو نعال بلس,jiboallco,≤100
170375086953470,صالح الحسناويّ :: Salih Al hasnawi,صالح الحسناويّ :: Salih Al hasnawi,≤100
278700685844841,وكالة الحواتم نيوز,وكالة الحواتم نيوز,≤100
104712351082170,دەستەی گشتی ناوچە کوردستانییەکانی دەرەوەی ئیدارەی هەرێم,دەستەی گشتی ناوچە کوردستانییەکانی دەرەوەی ئیدارەی هەرێم,≤100
437591407047522,Rewaq Baghdad Center For Public Policy- مركز رواق بغداد للسياسات العامة,Rewaq Baghdad Center For Public Policy,≤100
1298625980153968,Tech 4 Peace التقنية من اجل السلام,Tech For Peace,≤100
103148919323302,Mosul.net,Mosul.net,≤100
106300961651448,القصر الجمهوري,jiball,≤100
115052014874181,الاعلامي ماهر موحي -maher moih,الاعلامي ماهر موحي -maher moih,≤100
107381740996535,هۆزی هەمەوەند لەگەرمیان,هۆزی هەمەوەند لەگەرمیان,≤100
110735054899289,Lapere,Lapere,≤100
103172575423396,تقارير بلس,JIBOALL,≤100
682366622631433,النائب محمد نوري عزيز,النائب محمد نوري عزيز,≤100
234315270085663,Yerdili - يردلي,JIBALL,≤100
115425586772946,بيت الجنابيين,These ads ran without a disclaimer,≤100
103800424740910,BAZ باز,BAZ باز,≤100
100493126010974,"پـ ""زلمان"" HD",jibol,≤100
407001929890342,الاعلامي بهاء المستشار,الاعلامي بهاء المستشار,≤100
107361218100874,Dw Der - دوو دێر,Dw Der - دوو دێر,≤100
1534502189991202,النائب طه المجمعي,النائب طه المجمعي,≤100
633721240064832,الاقتصاد نيوز  Economy News,economy news,≤100
105239245168999,النائب فاطمة عباس الحاوي,النائب فاطمة عباس الحاوي,≤100
382364165660465,عادل فرج الحلبوسي,عادل فرج الحلبوسي,≤100
147161912626120,شـيروان الدوبـرداني,شـيروان الدوبـرداني,≤100
116831387964200,ديالى ميتر,ديالى ميتر,≤100
102682039247529,الیقین,الیقین,≤100
107350600709380,ابطال المطعم التركي,ابطال المطعم التركي,≤100
638540889641531,Xwakurk  - خواكورك,Xwakurk  - خواكورك,≤100
143435839066780,د.خالد شواني,Dashti Salam Saeed,≤100
721595564641442,خان جغان,خان جغان,≤100
102293958597480,حركة إنجاز,حركة إنجاز,≤100
467222586811080,شێخەی مەمەند ئاغای ھەمەوەند,شێخەی مەمەند ئاغای ھەمەوەند,≤100
110534435683482,Kurdistan Democratic Party,KDPinfo,≤100
106731608777296,DGK RADIO,DGK,≤100
335161733930749,محافظة المثنى,محافظة المثنى,≤100
101741622757697,Chaw+,Chaw+,≤100
486820705424112,سيروان روژبیاني Sirwan  Rozhbayani,سيروان روژبیاني Sirwan  Rozhbayani,≤100
112048801639488,Zoom News,Zoom News,≤100
203265660007239,الزعيم,الزعيم,≤100
101561802405974,الصندوق اسود,الصندوق اسود,≤100
544132379058771,مؤسسة المدى,مؤسسة المدى,≤100
111974723884916,الشارع العراقي,These ads ran without a disclaimer,≤100
100784915976771,گەنجانی ھەمەوەند,گەنجانی ھەمەوەند,≤100
101188889361939,ابواب,ابواب,≤100
102220024489751,كلنا كركوك,كلنا كركوك,≤100
103560309271906,کتلة الحزب الديمقراطي الكوردستاني في مجلس النواب العراقي,کتلة الحزب الديمقراطي الكوردستاني في مجلس النواب العراقي,≤100
108073001676806,مقراب الشرق,مقراب الشرق,≤100
107099748527093,أ.د. حامد يونس الزوبعي - وكيل وزارة النفط,أ.د. حامد يونس الزوبعي - وكيل وزارة النفط,≤100
1408758399401580,Dearborn.org / موقع ديربورن,These ads ran without a disclaimer,≤100
111679394767549,المشروع القومي لمشتقات البلازما,These ads ran without a disclaimer,≤100
100857675472522,ScreeN+,These ads ran without a disclaimer,≤100