﻿Page ID,Page name,Disclaimer,Amount spent (USD),Number of ads in Library
102407559822494,Training Centre in Communication (TCC Africa),These ads ran without a disclaimer,≤100,1
176104589110851,IEEE,These ads ran without a disclaimer,≤100,1
250305668489402,Professor Kenny,These ads ran without a disclaimer,≤100,1
112858587224498,Presenters Analyzer Tv,These ads ran without a disclaimer,≤100,1
101793669214903,Lili Almeida,These ads ran without a disclaimer,≤100,1
193394557345243,Devex,These ads ran without a disclaimer,≤100,1
106950715510480,Luciana Ponce,These ads ran without a disclaimer,≤100,1
102839468523186,APEX อันดับหนึ่งเลเซอร์ขน,These ads ran without a disclaimer,≤100,2
169947043036031,Câmara Municipal da Praia,Câmara Municipal da Praia,≤100,1
450326391674911,Allianz,These ads ran without a disclaimer,≤100,1