﻿Page ID,Page name,Disclaimer,Amount spent (VND)
101988816062279,Miễnphívip-27,These ads ran without a disclaimer,23459
108390095364515,Phạm Văn Thanh- Đặc Trị Xương Khớp,These ads ran without a disclaimer,21594
118163025303922,Bệnh Viện Răng Hàm Mặt Sài Gòn,These ads ran without a disclaimer,11507
112333804853338,Cửa Sổ Vàng - Nguyễn Duy Cương,These ads ran without a disclaimer,1314
105536822279236,Huyền phi spa- mỹ phẩm chính hãng,These ads ran without a disclaimer,218
105310469026814,Nhật Bản Chờ Tôi Nhé,These ads ran without a disclaimer,≤100