﻿Page ID,Page name,Disclaimer,Amount spent (COP)
1267275856714996,Diputado Yamith Vanegas,Diputado Yamith Vanegas,20949
267198759973201,Bairon Enrique Muñoz Lizarazo,Bairon Enrique Muñoz Lizarazo,1940
370492339735164,Centro Democrático - Comunidad Oficial,Centro Democrático - Comunidad Oficial,200
194315573916010,Norma Hurtado Sanchez,Norma Hurtado Sánchez,≤100
102143071616787,Goberna Colombia,Goberna,≤100
569978373130700,Andrés Lizarralde Henao,Andrés Lizarralde Henao,≤100
104472845840664,Juan Carlos Corrales,Juan Carlos Corrales,≤100
1147318942107929,Todos Somos Una,DEBRAIN LLC,≤100
581095835894514,Noticentro 1 CM&,Noticentro 1 CM&,≤100
2179680032345809,Cesar Augusto Torres Ríos,Cesar Augusto Torres Ríos,≤100
105848177845789,All Out en español,All Out Action Fund,≤100
1668886976475466,David Gutierrez Mantilla,Jorge Luis,≤100
103445938692040,Sebastián Morales,Sebastian Morales,≤100
264386463968386,Nubia Stella Martínez,Centro Democrático - Comunidad Oficial,≤100
1482897701997453,Paloma Valencia,Paloma Valencia,≤100
494354027360929,Dirección de Educación Continua Pontificia Universidad Javeriana Bogotá,These ads ran without a disclaimer,≤100
838927469815494,Diana Diago,Diana Marcela Diago,≤100
1159690094156924,En La Mira,Zulma Acosta Barrios,≤100
1584499998299846,Movimiento Juvenil Giganteño,Movimiento Juvenil Giganteño,≤100
861234197280988,Stefany Gómez Concejala de Armenia,Stefany Gomez Murillo,≤100
103596816009903,Voy con Leo,Voy con Leo,≤100
319527888151975,Revista La Injusticia,Ronald Rangel,≤100
1400280116941194,Fabian Diaz,Fabian Diaz,≤100
170276379775886,Instituto de Ciencia Política Hernán Echavarría Olózaga,Instituto de Ciencia Política Hernán Echavarría Olózaga (ICP),≤100
546893098752272,concursaconexito.com,These ads ran without a disclaimer,≤100
896046427178402,O'Farrell S.R.L,These ads ran without a disclaimer,≤100
106646738623961,El Tico TV,These ads ran without a disclaimer,≤100
1569688113329878,Evony - The King's Return,These ads ran without a disclaimer,≤100
789907401124930,Partido Humanista De Colombia,David Nassar Moor,≤100