﻿Page ID,Page name,Disclaimer,Amount spent (BRL)
301774903545521,Brasil Paralelo,Brasil Paralelo,602
1894520370802455,Governo do Brasil,Secretaria Especial de Comunicação Social -Governo do Brasil,457
104625758942119,Siga Antenado,"ASSOCIACAO ADMINISTRADORA DA FAIXA DE 3,5 GHZ - EAF",221
465235726843103,Ambev,Ambev,205
112830251033781,Tiger,GRUPO HEINEKEN,179
425350744240843,Comitê Internacional da Cruz Vermelha,Comitê Internacional da Cruz Vermelha,170
137389166280413,Estácio,Estácio,141
255804437808407,Vale,Vale,131
175804982467404,Safernet Brasil,Safernet Brasil pago com créditos de anúncio do Facebook,121
69488070826,Fundação Abrinq,Fundação Abrinq,106
171169022896525,Guaraná Antarctica,Ambev,≤100
121116005943892,Saúde Não Se Pesa,NOVO NORDISK FARMACÊUTICA DO BRASIL LTDA,≤100
198849783539777,Buscofem,These ads ran without a disclaimer,≤100
159103797542,Greenpeace Brasil,Greenpeace Brasil,≤100
112021296931600,Mônica Lopes,IBPOM,≤100
389743524537330,Dr. Jarques,Jarques Da Silva Ii,≤100
101230328792183,Portal Concursos & OAB,PORTAL CURSOS PREPARATORIOS E OAB LTDA,≤100
422665284772249,Fernando Ulrich,Liberta Agentes Autonomos de Investimentos S/s LTDA,≤100
105527742878890,Prefeitura do Recife,Prefeitura do Recife,≤100
367468876929300,Instituto Avon,AVON COSMETICOS LTDA,≤100
165175370206522,Citi Brasil,Citi Brasil,≤100
100998125359876,ivonetevereadora,Ivonete Barros,≤100
113165042099382,Brasil 61,Brasil 61,≤100
330379553673497,Oxfam Brasil,Oxfam Brasil,≤100
2117844631766178,ABIA - Associação Brasileira da Indústria de Alimentos,These ads ran without a disclaimer,≤100
170238043113891,Professor Rômulo Passos,Romulo Silva Passos,≤100
105933125105087,Aqui Pela Saúde Dela,Organon,≤100
224777780881144,Visão Mundial,Visão Mundial,≤100
172704309442326,Liberty Seguros,These ads ran without a disclaimer,≤100
252724831483239,EBEC,EBEC,≤100
111241944518289,Legislativo na Prática,Instituto Dankemo,≤100
468241373195655,Luciano Cartaxo,Luciano Cartaxo,≤100
258088921369,TOTVS,TOTVS,≤100
115558703488480,IDP Online,Instituto Brasiliense de Direito Publico,≤100
188019017925352,Fundação Lemann,Fundação Lemann,≤100
185875761943,MDB Nacional,MOVIMENTO DEMOCRÁTICO BRASILEIRO,≤100
163893463708223,Marcelo Vitorino,Vitorino & Mendonça,≤100
201878973201295,Republicanos10,Republicanos10,≤100
111186368956008,Academia Brasileira de Direito Constitucional,ABDConst,≤100
125056230917537,TIM Brasil,These ads ran without a disclaimer,≤100
501423583268967,Vivix Vidros Planos,These ads ran without a disclaimer,≤100
111498884648739,Instituto Cultural Vale,Instituto Cultural Vale,≤100
239977579362882,Blue3,Blue3 Investimentos,≤100
109918909035681,Cerveja Brahma Oficial,Ambev,≤100
110418455214538,Bernardo K.,Filhos do Trovão,≤100
110225312350543,Nova Escola,Associação Nova Escola,≤100
111293325168874,convicta_adm,These ads ran without a disclaimer,≤100
101189854802059,Revista Oeste,Revista Oeste,≤100
137389166280413,Estácio,These ads ran without a disclaimer,≤100
1498647100170828,Prefeitos do Futuro,Prefeitos do Futuro Cursos e Treinamentos LTDA,≤100
109272165397476,Gerson Aragao,SCIREJUS APLICATIVOS JURIDICOS LTDA,≤100
108742321417244,Gerson Aragão,SCIREJUS APLICATIVOS JURIDICOS LTDA,≤100
7970426802,WWF-Brasil,WWF-Brasil,≤100
107809564197704,Cetur - Conselho Empresarial de Turismo da CNC,"CONFEDERACAO NACIONAL DO COMERCIO DE BENS, SERVICOS E TURISMO - CNC",≤100
691350010910586,Mercedes-Benz Ônibus,These ads ran without a disclaimer,≤100
104111275943289,Paula Ribeiro,These ads ran without a disclaimer,≤100
193185607843864,Weliton Prado,Weliton Prado,≤100
103802363017083,PEPSICO BRASIL,These ads ran without a disclaimer,≤100
100176829596208,pollyanemendestv,These ads ran without a disclaimer,≤100
106308415121143,Politique - Detalhamento de Votos,PRATIC SERVIÇOS EM TECNOLOGIA DA INFORMAÇÃO LTDA,≤100
337834286345988,Fundação Milton Campos,Fundação Milton Campos,≤100
483630874998954,Mauro Mendes,Mauro Mendes Ferreira,≤100
274009866483276,Hub BMD,These ads ran without a disclaimer,≤100
319356418132318,Gestos,Gestos Soropositividade Comunicação e Gênero,≤100
304040639690361,Renato Cariello,Renato Cariello,≤100
645690912454954,SailGP,These ads ran without a disclaimer,≤100
222565664437771,Ana Flavia (page officielle),Ana Flavia De Farias Zenaide,≤100
105816162409720,G5News/Goiás,Rafael Pereira Da Costa,≤100
1016014891780524,Estratégia Carreira Jurídica,ESTRATEGIA CONCURSOS SA,≤100
242062609325601,Agenda 227,ANDI AGENCIA DE NOTICIAS DOS DIREITOS DA INFANCIA,≤100
352746774769940,Mercedes-Benz Caminhões,These ads ran without a disclaimer,≤100
103222252564490,Método de Aprovação,SCIREJUS APLICATIVOS JURIDICOS LTDA,≤100
912816368849445,Pamplona & Honjoya Advogados,These ads ran without a disclaimer,≤100
145608108896911,Frente Parlamentar da Agropecuária - FPA,Instituto Pensar Agropecuária,≤100
118558464851986,ACTbr,These ads ran without a disclaimer,≤100
108015435927747,FAS - Fundação Amazônia Sustentável,Fundação Amazonia Sustentável,≤100
390714917933200,Elton Cristo,Elton Cristo Da Silva Da Silva,≤100
108147365877214,Canal Futura,Fundação Roberto Marinho,≤100
107625143949627,Mariana Brito Soares,Mariana Brito Soares,≤100
2027104210849317,Geraldinho Prefeito do Povo,Geraldo Pinto De Camargo Filho,≤100
1767220630177139,Animal Equality Brasil,Animal Equality Brasil,≤100
175072079887754,Sindicatos Online,Sindicatos Online - SON,≤100
109789152161,Sou da Paz,Instituto Sou da Paz,≤100
128802790469337,Todos Pela Educação,Todos Pela Educação,≤100
139007399495933,Fundação SOS Mata Atlântica,FUNDACAO S.O.S. PRO-MATA ATLANTICA,≤100
171342419582453,"CNC - Confederação Nacional do Comércio de Bens, Serviços e Turismo","CONFEDERACAO NACIONAL DO COMERCIO DE BENS, SERVICOS E TURISMO - CNC",≤100
103809779034193,Valeriote Cursos e Consultoria,Valeriote Cursos e Consultoria,≤100
446733592386057,Mais Inclusão no Mundo,Mais Inclusão no Mundo,≤100
239624862864871,Relatório Reservado,Hush Comunicação,≤100
107318201742773,Gerador de Votos,Carlos Bomfim,≤100
190833037616321,Jornal Extra,Jornal Extra,≤100
173480706086444,The Nature Conservancy Brasil,The Nature Conservancy Brasil,≤100
962615323779536,Progressistas,Progressistas,≤100
144522665592650,DevMedia,DevMedia,≤100
111130822268479,IDP,"Instituto Brasileiro de Ensino, Desenvolvimento e Pesquisa IDP - LTDA",≤100
1632845003624410,Lúcio Sorge,Lucio Sorge,≤100
111498884648739,Instituto Cultural Vale,These ads ran without a disclaimer,≤100
406134689987808,Janssen Brasil,These ads ran without a disclaimer,≤100
241839765912021,Estratégia Concursos,ESTRATÉGIA CONCURSOS SA,≤100
263199020531986,JOTA,JOTA,≤100
163893463708223,Marcelo Vitorino,IDP,≤100
104486751876738,Tenente Coronel Zucco,Luciano Zucco,≤100
386384768194437,Agenda em Foco,Agenda em Foco,≤100
112804988334325,Bioma Eco Project,Bioma Eco Project,≤100
100762202653610,Millerkalil,Millerkalil,≤100
118678938210868,SIMPI,SIMPI,≤100
147258388715323,Fundação Luterana de Diaconia (FLD),Fundação Luterana de Diaconia,≤100
330379553673497,Oxfam Brasil,These ads ran without a disclaimer,≤100
172444996112900,Fundo Brasil,Fundo Brasil,≤100
123884341029248,João Jorge,JOÃO JORGE DE SOUZA,≤100
114248903470049,Frente Parlamentar Mista da Medicina,Frente Parlamentar de Medicina,≤100
515414628526119,Federação Brasileira de Hospedagem e Alimentação,These ads ran without a disclaimer,≤100
695972200586897,Vereador Tenente Marcelo Berneira,Marcelo Berneira,≤100
193719533998484,Fundação Fernando Henrique Cardoso,Fundação FHC,≤100
114545680471703,Pedro Quintanilha - Mentalidade Empreendedora,Eduardo Lima Ferreira,≤100
107524188734462,"Crédito Popular Empréstimos FGTS, LOAS e INSS",These ads ran without a disclaimer,≤100
106511987371835,Base.Lab,BaseLab Consultoria Política,≤100
187869627968575,Roberto Tripoli,Roberto Tripoli,≤100
534805630341699,Idecan Oficial,"INSTITUTO DE DESENVOLVIMENTO EDUCACIONAL, CULTURAL E ASSISTENCIAL NACIONAL",≤100
1821633118060995,Batista Neves Advogados 71 3042-6955,These ads ran without a disclaimer,≤100
1700227383437806,OC Advogados,Oliveira e Carneiro Sociedade de Advogados,≤100
101687831462814,"Rodrigo Andrade, A Real Mudança",Rodrigo Andrade,≤100
420207241325309,Plumasul,These ads ran without a disclaimer,≤100
1623079434589666,Memed,Memed,≤100
165175370206522,Citi Brasil,These ads ran without a disclaimer,≤100
518031775303071,Erika Hilton,Erika Hilton,≤100
100344766120531,Construnível Energias,Construnível Energias,≤100
101223071616706,Insight Inteligência,Insight Comunicação,≤100
282802611759257,MidiaJur - Jornalismo Plural,Midiajur,≤100
170773429643671,"Rádio Alvorada FM 94,9",Rádio Alvorada,≤100
1024840290996769,Lucas Pimenta,Lucas Pimenta,≤100
1448454082145788,Saab Brasil,These ads ran without a disclaimer,≤100
174217422747805,Humberto Costa,Humberto Sérgio Costa Lima,≤100
107605055187924,Unicpharma,These ads ran without a disclaimer,≤100
100142585993921,imd.laboratorio,These ads ran without a disclaimer,≤100
112669577540652,A Tenda das Candidatas,Tenda das Candidatas,≤100
233143398658128,Bruna Barrada Psicóloga,These ads ran without a disclaimer,≤100
100446268563602,Mais Automotive,These ads ran without a disclaimer,≤100
115172553721431,Perfil Brasil,Grupo Perfil,≤100
109597815616,VEJA,Revista Veja,≤100
104514725151901,a hora do dinheiro,Victor Pinto Amatucci,≤100
1504580766531518,Mulheres Progressistas,PROGRESSISTAS - BRASIL - BR - NACIONAL,≤100
101933305564897,Promic,Riole,≤100
101041069299708,congressoibgr,These ads ran without a disclaimer,≤100
107063348442736,Cultura Jurídica,FMR - CURSOS ONLINE LTDA,≤100
410655005626777,Deputado Federal Lincoln Portela,Lincoln Portela,≤100
114649949892108,Sumitomo Chemical Brasil,These ads ran without a disclaimer,≤100
187970114581051,Anistia Internacional Brasil,Anistia Internacional Brasil,≤100
102275945221840,Portal Tucumã,Portal Tucumã,≤100
135611223190336,ClimaInfo,Instituto ClimaInfo,≤100
525677587582250,Torabit,These ads ran without a disclaimer,≤100
344484892246127,CCE - PUC- Rio,FACULDADES CATOLICAS,≤100
104376435786548,suelmarosa,These ads ran without a disclaimer,≤100
340544929359751,IllustrationX,These ads ran without a disclaimer,≤100
1313633058744565,Impulsiona,Instituto Península,≤100
1490922331155430,Unicursos Curitiba,UNICURSOS CAPACITAÇAO E TREINAMENTOS LTDA,≤100
104161123005913,Fundação Tide Setubal,Fundação Tide Azevedo Setubal,≤100
111600583709247,Quartopoderalagoas,Quarto Poder Alagoas,≤100
446633805423159,Instituto Vera Cruz,Instituto Vera Cruz,≤100
105530232413405,Duck Paper - Papelaria,Duck Paper - Papelaria,≤100
1533448900308002,"CM Advocacia, Consultoria & Mediação.",These ads ran without a disclaimer,≤100
1788797064722263,Juarez Lopes,Juarez Lopes,≤100
108411864207887,Portal Mulheres Sábias,These ads ran without a disclaimer,≤100
111006700550820,Cenarium Amazônia,CENARIUM AGENCIA DE NOTICIAS EIRELI,≤100
108828235460637,Universidade Faveni,Guilherme Campos De Almeida,≤100
170166996524709,Orlando Morando,Orlando Morando Junior,≤100
103779715064518,Uma Concertação pela Amazônia,Instituto Arapyaú de Educação e Desenvolvimento Sustentável,≤100
103039778175459,Hospitais PROADI-SUS,HCor,≤100
540824719452324,Pasta Garofalo,These ads ran without a disclaimer,≤100
2323904661180742,All Out Brasil,All Out,≤100
197587446941661,Valor Econômico,Editora Globo,≤100
149518311835447,Renata Bueno,Renata Bueno,≤100
104553347942750,Eder Borges,Eder Fabiano Borges Adao,≤100
358687161234,Proteção Animal Mundial,Sociedade Mundial de Proteção Animal - WSPA BRASIL,≤100
1085882971496519,Cristiano Teixeira Dantas,CRISTIANO DANTAS SOCIEDADE INDIVIDUAL DE ADVOCACIA,≤100
100940462936670,Cine Plural,Barco Agência Digital,≤100
500679196780578,Instituto Ekos Brasil,Instituto Ekos Brasil,≤100
104222175708043,robsonluiz765,These ads ran without a disclaimer,≤100
454225234639209,Vereadora Edir Sales,Edir Sales,≤100
753107608127141,Allcare - Gestora de Saúde,These ads ran without a disclaimer,≤100
106206361334270,Marketing Político de Conteúdo,Samuel Jacques,≤100
1523331824624642,Rui De Rosis,These ads ran without a disclaimer,≤100
172154116311925,Sindserv Santos,Sindserv Santos - Sindicato dos Servidores Públicos Municipais de Santos,≤100
104857135881014,impressao.cientifica,These ads ran without a disclaimer,≤100
108525900491125,Miltinho,Miltinho,≤100
177581372270155,Abraji,Abraji,≤100
104225195639978,Euskera,Euskera,≤100
1805476649710465,Nacionalidade Espanhola,JOSÉ ALBERTO ARAÚJO DE JESUS,≤100
452725301439526,Bruno Salsa,These ads ran without a disclaimer,≤100
1008846355811866,Lincoln Reis,Lincoln Reis,≤100
315024489149064,Jackeline Monteiro,These ads ran without a disclaimer,≤100
363140553718136,Epoch Times Brasil,EPOCH TIMES BRASIL LTDA,≤100
101861558220747,One Passion Mission,One Passion Mission,≤100
102116182790071,Aléferson Menez,Direito Do Titular,≤100
359871157981726,Decorando a Lei Seca,Decorando a Lei Seca,≤100
109785372399873,IAB - Instituto dos Advogados Brasileiros,Instituto dos Advogados Brasileiros,≤100
169741593052769,DogSolution - Mais que Daycare,These ads ran without a disclaimer,≤100
115760839830076,Blog Entre Aventuras e Livros,These ads ran without a disclaimer,≤100
101375021653852,andrecarneiro,These ads ran without a disclaimer,≤100
495092323929282,Fernanda Cunha Yoga,These ads ran without a disclaimer,≤100
104655492553362,psi.saralatorraca,These ads ran without a disclaimer,≤100
109110994173276,DR. Fernando Marcondes,Fernando Jose Sibila Marcondes,≤100
105626049508683,Fundação Heinrich Böll Brasil,These ads ran without a disclaimer,≤100
108209012592343,Zema,These ads ran without a disclaimer,≤100
106617988251761,A Máquina Pública,Bernardo Matos,≤100
106588971387593,Camila Mundell,These ads ran without a disclaimer,≤100
1304553112997097,Renata Zabeu,Renata Zabeu Luz,≤100
101783059162683,palhares.lilian,These ads ran without a disclaimer,≤100
105383346220289,APUFPR-SSind - Associação dos Professores da UFPR,APUFPR,≤100
419943148364718,Gabriela Souza - Advocacia para Mulheres,These ads ran without a disclaimer,≤100
100355246100586,Teachpedia,These ads ran without a disclaimer,≤100
600114750155454,Braulio Lara,Braulio Lara,≤100
1890511691240948,Roberto Pereira,Roberto Pereira,≤100
1641991982711846,CBIC Brasil,Câmara Brasileira da Indústria da Construção,≤100
1020988767956150,Escola do Bairro,These ads ran without a disclaimer,≤100
103586255620966,Portal O Judiciário,Interativa Serviços de Marketing Ltda,≤100
1556090657778249,Fabiano Dalloca,Fabiano Dalloca De Paula,≤100
377863228916835,Volvo Construction Equipment Brasil,These ads ran without a disclaimer,≤100
480219919031611,Oliveira Netto Advocacia,These ads ran without a disclaimer,≤100
139675174499499,Yan Lopes de Almeida,Yan Lopes de Almeida,≤100
110093441333711,Anita Silva,These ads ran without a disclaimer,≤100
265312144321652,Patriarca-Cidadania Italiana,Giuliana Callia,≤100
104639868022439,Henrique Alves,Henrique Manoel Alves,≤100
210467206143608,Portal de Prefeitura,Portal de prefeitura,≤100
176647804472684,Sungrow Brasil,These ads ran without a disclaimer,≤100
102248571167551,Delegada Gleide Ângelo,Gleide Nascimento Angelo,≤100
107625143949627,Mariana Brito Soares,These ads ran without a disclaimer,≤100
350364462249922,Voice of The Oceans - Voz dos Oceanos,These ads ran without a disclaimer,≤100
458277337547143,Umiharu Produções Culturais e Cinematográficas,These ads ran without a disclaimer,≤100
173698339802515,Rafael Brito,Rafael Brito,≤100
704332496288174,Exposição Cidade Acessivel,Folguedo,≤100
1435914996697376,Politize,These ads ran without a disclaimer,≤100
106063862426200,nelsoncanedoadvogado,These ads ran without a disclaimer,≤100
109767071425567,Fresenius Kabi Brasil,These ads ran without a disclaimer,≤100
110649900786735,Cursinho Nubo,These ads ran without a disclaimer,≤100
108782560755928,Movimento Colabora Educação,Victor Pinto Amatucci,≤100
102064022603342,Clara Lilian Boff,These ads ran without a disclaimer,≤100
100940462936670,Cine Plural,These ads ran without a disclaimer,≤100
196548557024498,FACESP - Federação das Associações Comerciais do Estado de São Paulo,Facesp,≤100
109354687306376,Instituto Conhecimento Liberta,Instituto Conhecimento Liberta,≤100
132804480113814,PwC Brasil,Pedro Martins,≤100
109359807904005,Movimento Pessoas à Frente,Movimento Pessoas à Frente,≤100
605340699585450,Frank Bi Garcia,These ads ran without a disclaimer,≤100
101015445984625,angelicarodriguesn,These ads ran without a disclaimer,≤100
489012484462741,Abrasel,Abrasel,≤100
294895254000647,RH Mello Comportamento Humano,RH MELLO COMPORTAMENTO HUMANO LTDA,≤100
554323118068722,AES Brasil,These ads ran without a disclaimer,≤100
700360840056005,Robertinho Mendonça,JOSE MENDONÇA,≤100
102130795515446,Matheus Guimarães,Matheus Guimarães,≤100
101321981647613,Instituto Montese,Instituto Montese,≤100
100521282649454,profarafaellamatni,These ads ran without a disclaimer,≤100
301814029885718,Deputado Toninho Wandscheer,Deputado Toninho Wandscheer,≤100
397602156963190,Marcio Zanetti,Marcio Callegari Zanetti,≤100
106544121525446,Diogo Machado MPP,These ads ran without a disclaimer,≤100
259732727482578,Sheila Costa,These ads ran without a disclaimer,≤100
658557104292465,Luciana Boiteux,Luciana Boiteux,≤100
277485815922898,Thomas Giulliano,These ads ran without a disclaimer,≤100
721562007887887,Brascool,These ads ran without a disclaimer,≤100
321102601376588,Abdala Fraxe,Abdala Habib Fraxe Junior,≤100
111564907208638,Maju Rocha,These ads ran without a disclaimer,≤100
610036125809616,Portal Lunetas,These ads ran without a disclaimer,≤100
104256551950166,Portal Política,These ads ran without a disclaimer,≤100
102931332483878,jandessonsilvaoficial,These ads ran without a disclaimer,≤100
473612396127747,Drª Kátia Regina Botelho,These ads ran without a disclaimer,≤100
322544891473259,Vice Prefeito Weube Febronio,These ads ran without a disclaimer,≤100
1578235319127195,Seiko Brasil,ORIENT RELOGIOS DA AMAZONIA LTDA,≤100
107517451830923,edinardo_filho12,These ads ran without a disclaimer,≤100
287006461447958,Prosas,These ads ran without a disclaimer,≤100
752997198113948,PPA - Portas e Portões Automáticos,These ads ran without a disclaimer,≤100
325350964855759,Psicóloga Juliana Cardoso,These ads ran without a disclaimer,≤100
110676695156023,Professor Augusto Vieira,Augusto Cesar De Almeida Vieira,≤100
104087619217089,maridepadua.adv,These ads ran without a disclaimer,≤100
101016136096995,Orb.tz,These ads ran without a disclaimer,≤100
456485074374104,Sindipetro SP,SINDICATO DOS TR NAS IN DE EX PE PR RE DE AR DI E TRA ATRAVES DE DU E IM DE PE DE E SI DOS EST DE SP GO E D FEDERAL,≤100
320741841325616,ZonaCurva,Fernando Do Valle Barbosa,≤100
161505424041819,Mahindra Brasil,These ads ran without a disclaimer,≤100
844613652360617,Osmar Teixeira,Osmar Anibal Teixeira Junior,≤100
1774471096117189,Julia Caminha,These ads ran without a disclaimer,≤100
360125334431298,Renova BR,ASSOCIAÇÃO RENOVA BR,≤100
649566832145349,Informe Digital,Interativa Serviços de Marketing Ltda,≤100
1431719646851969,Abel Lumer,Abel Lumer,≤100
610122915776889,Cinese Audiovisual,These ads ran without a disclaimer,≤100
104410508217400,corsino.neto,These ads ran without a disclaimer,≤100
102529859430804,Método Fast IA,Método Fast IA,≤100
100575307986322,Deputado Fernando Santana,Fernando Santana,≤100
116199673155595,Instituto de Estudos Jurídicos Aplicados - IEJA,These ads ran without a disclaimer,≤100
102551538798020,Historiadelas,Historiadelas,≤100
344990182510037,Mitsidi,Mitsidi,≤100
106385298993758,Thiago Alixandre,These ads ran without a disclaimer,≤100
106228427932382,Aura Minerals,These ads ran without a disclaimer,≤100
206638783048519,Celio Fagundes,These ads ran without a disclaimer,≤100
103290062160029,augustocamrocha,These ads ran without a disclaimer,≤100
113197840331191,Comunikey - Agência de Marketing e Publicidade,Iveson Gabriel Basileu De Oliveira Lima,≤100
109334208598559,Gisele da Saúde,These ads ran without a disclaimer,≤100
289800141965927,Pablo Kleinau,These ads ran without a disclaimer,≤100
234546913590066,Amilton Camelo,These ads ran without a disclaimer,≤100
102301102731429,UPAs Guarulhos,These ads ran without a disclaimer,≤100
106939508454498,ocircoaceuabertosana,These ads ran without a disclaimer,≤100
279273035429342,Vet Medical Brasil,These ads ran without a disclaimer,≤100
1482248675391872,JornaLink,These ads ran without a disclaimer,≤100
108428892197290,RJ Empreendimentos ltda 1,RJ EMPREENDIMENTOS DIGITAIS LTDA,≤100
1630358030390125,Viagens da Cah,These ads ran without a disclaimer,≤100
291310395567,Revista Reticências,These ads ran without a disclaimer,≤100
101229682879877,psi_lisandraoliveira,These ads ran without a disclaimer,≤100
104738421003389,InvestNews BR,Easynvest,≤100
105597915799384,RJ Empreendimentos 1,RJ EMPREENDIMENTOS DIGITAIS LTDA,≤100
105830294740129,Projeto CITinova,Social Comunicação,≤100
127789930632668,Conectas Direitos Humanos,Conectas Direitos Humanos,≤100
103000722665702,Nasil Concursos,These ads ran without a disclaimer,≤100
540774879289725,Vereador Daniel Carvalho,Daniel Flávio de Moura Carvalho,≤100
312346012193237,Profª Luci Tia da Moto,Profª Luci Tia da Moto,≤100
100174935021505,belizeoliveira,These ads ran without a disclaimer,≤100
100235331338575,Operação Milhas pela Vida das Mulheres,These ads ran without a disclaimer,≤100
104014265967270,Joao Bigode,JB Midia,≤100
113162645050401,prof.giselellima,These ads ran without a disclaimer,≤100
633578433500190,Rede Essent Jus,ESSENT JUS CONTABILIDADE E CONSULTORIA LTDA,≤100
198406750259381,UMA Produtora,These ads ran without a disclaimer,≤100
101726456024688,Trato Treinamentos,These ads ran without a disclaimer,≤100
107179881759808,Prô Ju Rubio,These ads ran without a disclaimer,≤100
853406584714149,Grupo Kallas,These ads ran without a disclaimer,≤100
395182067161315,MAG Seguros,These ads ran without a disclaimer,≤100
175321705851059,Associação Cidade Escola Aprendiz,These ads ran without a disclaimer,≤100
101714635665855,Quarto Poder Paraná,Quarto Poder PR,≤100
429309847129487,Instituto de Arquitetos do Brasil,INSTITUTO DE ARQUITETOS DO BRASIL – IAB,≤100
1032715603539066,SOS  Brasil Soberano,Sindicato dos Engenheiros no Estado do Rio de Janeiro,≤100
104299962343616,debora.vieira.798,These ads ran without a disclaimer,≤100
101306309444547,analauragiacon,These ads ran without a disclaimer,≤100
269113243200682,Darlene Braga,These ads ran without a disclaimer,≤100
267146793788529,Sem Parar Empresas,Sem Parar Empresas,≤100
113075480390936,Igor Hungaro,Igor Hungaro,≤100
108068228869630,psicologa_adriana_tavares,These ads ran without a disclaimer,≤100
107687624996683,claupersonal,These ads ran without a disclaimer,≤100
186796778032047,Cummins Brasil,These ads ran without a disclaimer,≤100
107794742248141,Mariana Jimenez,Santiago Botero Jimenez,≤100
170797776305287,Brasilprev,These ads ran without a disclaimer,≤100
107203245146984,José Nei Mendes Confidencial,JOSÉ MENDES,≤100
106896372083988,Mapas Históricos,Diogo Rodrigues,≤100
103856425969967,abreu.criminalista,These ads ran without a disclaimer,≤100
1491681474458343,Bancários Rio,Sindicato dos Bancários do Rio de Janeiro,≤100
116287168050684,mexemundo,These ads ran without a disclaimer,≤100
100718422964767,Alicia Jimenez,Cacau Tech,≤100
101469849151944,Pediatra Mariana Leite,These ads ran without a disclaimer,≤100
106084098344364,Raimundo Rego  - Defensor do Meio Ambiente,Expedito Raimundo Do Rego,≤100
111112315254918,Larissa Michely,JB Midia,≤100
184233611668077,Sofia Cavedon,Sofia Cavedon Nunes,≤100
1580964928714085,Berenice Boutique e Brechó,These ads ran without a disclaimer,≤100
122602639139467,Flashcards Jurídicos,These ads ran without a disclaimer,≤100
108840808012101,Quality Stetic Center,These ads ran without a disclaimer,≤100
1347323285284021,Fenamp,FENAMP,≤100
102606434420775,Humaniza,Rodrigo Badaro De Carvalho,≤100
1459364967727482,Comunidade de Silvicultura,Comunidade de Silvicultura,≤100
109202115446884,Mariana Melo,Sobrenome Oliveira,≤100
103370505798848,Político Online,Abel Ribeiro,≤100
426383670820652,Hospital Sírio-Libanês,These ads ran without a disclaimer,≤100
209787532993741,Consultor,These ads ran without a disclaimer,≤100
1513585108888249,Syngenta,Syngenta,≤100
232586427384289,Ian Behring Jiu-Jitsu,These ads ran without a disclaimer,≤100
143802322361532,Capec - Casa de Apoio às Pessoas com Câncer,These ads ran without a disclaimer,≤100
415540188621036,Marco Jean de Oliveira Teixeira - Advogado,Marco Jean de Oliveira Teixeira,≤100
1259020840795661,Photografia Karina Perin,These ads ran without a disclaimer,≤100
1511920399076213,Dr. Guilherme Scheibel,These ads ran without a disclaimer,≤100
105296302512089,corban_connect_raul,These ads ran without a disclaimer,≤100
100113528953319,Movimento Expansão,These ads ran without a disclaimer,≤100
382559942506891,Alicerce Educação,These ads ran without a disclaimer,≤100
102383864835415,Minha Pequena Feminista,These ads ran without a disclaimer,≤100
105520569004820,Absolar Comunica,Associação Brasileira de Energia Solar Fotovoltaica,≤100
103302802379571,jeep.asousa,These ads ran without a disclaimer,≤100
465508674236677,Edmar Ptak,Edmar Ptak Guimaraes,≤100
111219325100659,draluanaconcha,These ads ran without a disclaimer,≤100
104202962384264,República dos Patos,Rafael Ribeiro Do Nascimento,≤100
570644179782931,Carlos Du,CARLOS AUGUSTO SOARES DO NASCIMENTO,≤100
481885258528763,Atvos,These ads ran without a disclaimer,≤100
961018944025871,EPPO Cidades Inteligentes,EPPO Cidades Inteligentes,≤100
111761710509470,Louzada Advogados,These ads ran without a disclaimer,≤100
110899248610700,Mateus Oliver,Mateus Costa De Oliveira,≤100
632661123412005,Acrimat Associação,These ads ran without a disclaimer,≤100
507788736046835,Movimento Brasil Futuro,These ads ran without a disclaimer,≤100
170773429643671,"Rádio Alvorada FM 94,9",These ads ran without a disclaimer,≤100
1161631017181808,Christiana Mitsi Laterça - Psicoterapeuta Cognitivo-Comportamental,These ads ran without a disclaimer,≤100
103676772108307,Xerife da Obra,These ads ran without a disclaimer,≤100
628622147781114,Julia Porto,These ads ran without a disclaimer,≤100
102248392771165,Guilherme Skvira,Guilherme Skvira,≤100
107796345194452,Portal Amazonas Virtual,Interativa Serviços de Marketing Ltda,≤100
106808219012603,maikmota,These ads ran without a disclaimer,≤100
101401045874234,dicasfernandaribeiro,These ads ran without a disclaimer,≤100
2799314323627367,Monique Ferreira �,Sobrenome Oliveira,≤100
1740024736224489,Humberto Freire,Humberto Freire Pereira,≤100
215741313109145,Shop Litoral Store,Shop Litoral Store,≤100
109315408055828,Maria Eduarda,Jean Carlos Lemos Da Silva,≤100
272315807960703,reniserafini,These ads ran without a disclaimer,≤100
108746021507167,Dinheiro Sim Soluções Financeiras,These ads ran without a disclaimer,≤100
355766845394909,printsuart_,These ads ran without a disclaimer,≤100
497541047417004,Luiz Crestani,These ads ran without a disclaimer,≤100
104523482299696,adv.deborahfurtado,These ads ran without a disclaimer,≤100
101223071616706,Insight Inteligência,These ads ran without a disclaimer,≤100
106471855476461,Vereador Calebe,These ads ran without a disclaimer,≤100
111795075036211,cybercomuna,These ads ran without a disclaimer,≤100
104496445814444,jrtamujunto,These ads ran without a disclaimer,≤100
638441486241975,Paulistana Academia de Tênis,These ads ran without a disclaimer,≤100
111589253726386,Dra. Lhuba Batuli,These ads ran without a disclaimer,≤100
249430285118049,Vivência Espírita,These ads ran without a disclaimer,≤100
107922328793129,Marô Dornellas,These ads ran without a disclaimer,≤100
180846746087562,CDD - Crônicos do Dia a Dia,These ads ran without a disclaimer,≤100
1704120426502588,Helena Luz,These ads ran without a disclaimer,≤100
103134051607601,Lima Vendedor,These ads ran without a disclaimer,≤100
252618518084219,Itatiaia - A Rádio de Minas,These ads ran without a disclaimer,≤100
104093735883210,UPAs Osasco,These ads ran without a disclaimer,≤100
746238952182619,Val de Alex,Genivalda Pinto Da Silva,≤100
1061149334034437,Sputnik - Cursos In Company,These ads ran without a disclaimer,≤100
102297362209557,bianca_fontana,These ads ran without a disclaimer,≤100
106558185227603,BP Select,Brasil Paralelo Entretenimento e Educação S/A,≤100
113995364654240,Àwa Educadoras,These ads ran without a disclaimer,≤100
100853759578293,uruacu_24h,These ads ran without a disclaimer,≤100
1828441143871445,Movimento Bem Maior,These ads ran without a disclaimer,≤100
102630102457341,Brilhem como Estrelas,These ads ran without a disclaimer,≤100
198244687300451,Radio Aurora,Germando Santos,≤100
102414661775555,Rádio TV Regional,Carla De Jorge Insauralde,≤100
114226724945261,RJ Empreendimentos 1,RJ EMPREENDIMENTOS DIGITAIS LTDA,≤100
109315408055828,Maria Eduarda,JAQUÉLIA VIEIRA RODRIGUES,≤100
123009854411968,Rumo,These ads ran without a disclaimer,≤100
107916432068550,ricardoramos.br,These ads ran without a disclaimer,≤100
197107233772222,Inflor,These ads ran without a disclaimer,≤100
469869739758453,Delegado Antonio Resende,ANTONIO GABRIEL HONORATO RESENDE,≤100
117918967904829,Correio Curitibano,These ads ran without a disclaimer,≤100
107865902098531,sheylacostaofc,These ads ran without a disclaimer,≤100
103223408957755,mayaracastro,These ads ran without a disclaimer,≤100
103601355459137,institutomovad,These ads ran without a disclaimer,≤100
103931058858605,É papo de garota,These ads ran without a disclaimer,≤100
427485404018425,Catho Empresas,These ads ran without a disclaimer,≤100
787219221656034,Biofábrica de Corais,Biofábrica de Corais,≤100
706558786400969,Escalar Comunicação,Escalar Comunicação,≤100
1406675216273261,Controladoria-Geral do Distrito Federal,These ads ran without a disclaimer,≤100
1394660817471704,MAB São Paulo,These ads ran without a disclaimer,≤100
2051084185112233,Curso Sobredireito,W Akerman Serviços Educacionais Ltda,≤100
109081688540443,ridingforimpact,These ads ran without a disclaimer,≤100
143668009023877,Itaú Social,These ads ran without a disclaimer,≤100
1840055949555538,Sargento Simões,Anderson Simoes,≤100
103798629251189,g1contralula,These ads ran without a disclaimer,≤100
116476578043485,renanklautau,These ads ran without a disclaimer,≤100
469754539772694,Dalila Ateliê Têxtil,These ads ran without a disclaimer,≤100
102796602719318,curiosidades.do.cosmos,These ads ran without a disclaimer,≤100
669131069828716,Gustavo Henrique,Gustavo Henrique Leite Feijo,≤100
100839879624710,oegoeeu,These ads ran without a disclaimer,≤100
552825958142445,Jonga Lima,These ads ran without a disclaimer,≤100
1732023947072573,Vereador César Oliva,Vereador César Oliva,≤100
104807052460800,jvamaraltv,These ads ran without a disclaimer,≤100
100637391777367,giuliafc,These ads ran without a disclaimer,≤100
228845440464112,Rondoniaovivo,These ads ran without a disclaimer,≤100
104293039274169,Arthur Lira,APPROVED EMPREENDIMENTOS DIGITAIS LTDA,≤100
106800955606118,execucaopenalcgms,These ads ran without a disclaimer,≤100
109009651439645,Air Liquide Brasil,These ads ran without a disclaimer,≤100
101006798940262,Hall das Marcas e Patentes,These ads ran without a disclaimer,≤100
108711257204487,lauragoncardoso,These ads ran without a disclaimer,≤100
2082525232032299,m.be,These ads ran without a disclaimer,≤100
109389912096957,gabrielmggarcia.adv,These ads ran without a disclaimer,≤100
1915028175242169,Ana Paula Freiberger,These ads ran without a disclaimer,≤100
105653068992978,carolnakaboxe,These ads ran without a disclaimer,≤100
1953027961381305,Felipe Savassi,These ads ran without a disclaimer,≤100
2093019170718787,Vereador Cordeiro,Antonio Cordeiro Dos Santos,≤100
110141154085783,Danilo Santos DS,Carlos Danilo Dos Santos,≤100
178288385546977,Informe Manaus - Deixando tudo a um clique de distância,Interativa Serviços de Marketing Ltda,≤100
102871027744138,Cardoso de Oliveira Advogados,Cardoso de Oliveira Advogados,≤100
109262125360001,edgar.otelak,These ads ran without a disclaimer,≤100
106670505267397,O Diário da Capital,DIARIO DA CAPITAL PUBLICIDADE E COMUNICACAO LTDA,≤100
105356572264452,Brito Soluções Financeiras,Brito Soluções Financeiras,≤100
251565088803687,DRD Advogados,DRD Advogado,≤100
113650866857533,Diversitera,Diversitera,≤100
107057775645394,RJ Empreendimentos ltda 1,RJ EMPREENDIMENTOS DIGITAIS LTDA,≤100
104252235810744,jamiliearanha,These ads ran without a disclaimer,≤100
104025632356923,larissagomes.psi,These ads ran without a disclaimer,≤100
105309334800846,Ultima Ratio,These ads ran without a disclaimer,≤100
105179742439903,Hospital Municipal da Criança,These ads ran without a disclaimer,≤100
203183283123762,Empiricus,These ads ran without a disclaimer,≤100
115577953687831,wagnerbangemann,These ads ran without a disclaimer,≤100
591243227649564,Direito Penal,These ads ran without a disclaimer,≤100
269116656508331,Faaftech Soluções Inteligentes,These ads ran without a disclaimer,≤100
1990589534564935,CMP Brasil,CMP Central de Movimentos Populares,≤100
107840108119937,jusfeminina,These ads ran without a disclaimer,≤100
127279944041291,Cidadão Alerta,Ivo Araujo,≤100
100373922655146,arianivitoriano,These ads ran without a disclaimer,≤100
102512655970706,Catharine Caldeira Antifeminismo,These ads ran without a disclaimer,≤100
117075081320722,Junior Nascimento,Antonio Marques Do Nascimento Junior,≤100
100118802941669,psifabiana_maria,These ads ran without a disclaimer,≤100
165905086806939,Mega Model Sul,These ads ran without a disclaimer,≤100
106421940835951,raquel.maedegemeos,These ads ran without a disclaimer,≤100
103468585811386,Gaiofato e Galvão,These ads ran without a disclaimer,≤100
105545599103242,redacaofacil.ebook,These ads ran without a disclaimer,≤100
1509794265819118,AB Plast Manufaturados Plásticos Ltda,These ads ran without a disclaimer,≤100
109568008027638,Teacher Adri,These ads ran without a disclaimer,≤100
102444809267083,Podmais,These ads ran without a disclaimer,≤100
105395909150123,Mag Cavalcante,These ads ran without a disclaimer,≤100
110966505155325,Instituto Fiscal Recuperação Tributária,These ads ran without a disclaimer,≤100
1412250662388911,Sismmac,Sismmac,≤100
396626607095420,Magda Mofatto,Magda Mofatto,≤100
103049525842534,Danielle Cambaúva - Advocacia e  Consultoria Jurídica,These ads ran without a disclaimer,≤100
139961289505697,Sodexo Brasil,These ads ran without a disclaimer,≤100
461115387636043,Convergência Social,These ads ran without a disclaimer,≤100
106448511902628,PodNext,These ads ran without a disclaimer,≤100
102943948063748,Cia Intimista de Teatro,These ads ran without a disclaimer,≤100
415691905429699,Bebeto,These ads ran without a disclaimer,≤100
106432404560163,Mãe Afro,These ads ran without a disclaimer,≤100
104991921855269,advocaciapedrocosta,These ads ran without a disclaimer,≤100
112401753479132,Italo Figueiredo,These ads ran without a disclaimer,≤100
232778311995637,Prosperidade e Honra,Alex Trigueira,≤100
212786612536370,IDEAL Energia Solar,These ads ran without a disclaimer,≤100
277497455606149,INTRA - Cursos Online,These ads ran without a disclaimer,≤100
110604041967977,monycacarmo_barros,These ads ran without a disclaimer,≤100
104925715701769,Jorge Roque,Jorge Roque,≤100
106541821961874,Ju Alencar,These ads ran without a disclaimer,≤100
876536549047685,Criacionando,These ads ran without a disclaimer,≤100
767023926786549,FEAAC SP,Federação dos Empregados de Agentes Autônomos do Comércio do Estado de São Paulo,≤100
107152622326582,Nepgens campus Vitória,These ads ran without a disclaimer,≤100
353733418116854,Costa Plus Corretora de Seguros,These ads ran without a disclaimer,≤100
1953582014892986,Radiologia com Camila Araujo,These ads ran without a disclaimer,≤100
103939625965558,RJ Empreendimentos ltda,RJ EMPREENDIMENTOS DIGITAIS LTDA,≤100
1703010579956133,Eleições 2024 - Cursos Online,Curso Eleitoral,≤100
886767204741660,Mesac de Almeida,These ads ran without a disclaimer,≤100
2041949362701307,Carolina Avila Oporto,These ads ran without a disclaimer,≤100
103684232557739,Alex Oliveira,These ads ran without a disclaimer,≤100
100941469293887,livia_scopel,These ads ran without a disclaimer,≤100
700360840056005,Robertinho Mendonça,These ads ran without a disclaimer,≤100
101015162759934,Ekologikus,These ads ran without a disclaimer,≤100
108883708553332,Multicon Contabilidade,These ads ran without a disclaimer,≤100
239756803177345,Fred Linhares Brasília,These ads ran without a disclaimer,≤100
106537248314817,Programa 4 por 4,Brasil Media House,≤100
490701078098794,Vera Lins,These ads ran without a disclaimer,≤100
111660598113541,Pastora Juliana,These ads ran without a disclaimer,≤100
240913689741519,Atriz Selma Braga,These ads ran without a disclaimer,≤100
111480137210874,raquelsilvamartinsadv,These ads ran without a disclaimer,≤100
309385199139330,ABATERJ,These ads ran without a disclaimer,≤100
476012199439532,Dr. George Lins,These ads ran without a disclaimer,≤100
1087471917938156,Sistema Fecomércio RJ,Fecomércio RJ,≤100
114389004866888,saadv.oficial,These ads ran without a disclaimer,≤100
108079888798677,solearte_01,These ads ran without a disclaimer,≤100
278067489533332,Cardapex,These ads ran without a disclaimer,≤100
101186786165615,Notícias 365º,These ads ran without a disclaimer,≤100
1036211266544632,Patrick Machado - Advogado,These ads ran without a disclaimer,≤100
159964797461128,Lions Clube Guarulhos Norte,These ads ran without a disclaimer,≤100
235673169866141,Grupo Zago,These ads ran without a disclaimer,≤100
102220682231600,Wilson Namen,These ads ran without a disclaimer,≤100
101733421680228,Fetrabens - Federação dos Caminhoneiros Autônomos de Carga em Geral,These ads ran without a disclaimer,≤100
103870891423149,Goedert Group,These ads ran without a disclaimer,≤100
103962755674135,Summer Breeze Brasil,These ads ran without a disclaimer,≤100
1318595854926714,Vereador Edison Ribeiro,Edison Ribeiro,≤100
104688708379355,Diana Cardoso Soares,These ads ran without a disclaimer,≤100
661331133943530,Laila Braghero,These ads ran without a disclaimer,≤100
1080345815468659,Veronique,These ads ran without a disclaimer,≤100
159394350833983,Diário do Comércio,Vinicius Morais,≤100
1292775294143649,Consultório de Psicologia Soraya Ferreira,These ads ran without a disclaimer,≤100
261381354510105,Dandara Suburbana,These ads ran without a disclaimer,≤100
520477801297913,Centro Educacional Durval Borges,These ads ran without a disclaimer,≤100
103285502362717,maracanavoador,These ads ran without a disclaimer,≤100
1737308239666824,Janad Valcari,Janad Marques De Freitas Valcari,≤100
100723151791837,rodrigosacuno,These ads ran without a disclaimer,≤100
101928459402878,Show Money,NATURALE HEALTH PRODUTOS NATURAIS,≤100
101472396014942,"Você Sabia, sobre isso ?",These ads ran without a disclaimer,≤100
106644241260120,Leiaflj,These ads ran without a disclaimer,≤100
101924887912509,Instituto Princesa Benedikte,These ads ran without a disclaimer,≤100
107884138907678,Guilherme Rosa,These ads ran without a disclaimer,≤100
529741837114868,Professor Alcides,Professor Alcides,≤100
100574095996088,cr.etes,These ads ran without a disclaimer,≤100
110608908627404,Eliene Gomes Barros Moraes,These ads ran without a disclaimer,≤100
1735848266671414,Imaginath,These ads ran without a disclaimer,≤100
1632211580342871,Arayara,Instituto Internacional Arayara de Educação e Cultura,≤100
105952858830955,Maria Isabel Carusi,These ads ran without a disclaimer,≤100
101698949133179,Thais Cassano - Bequal,Thais Cassano - Bequal,≤100
101359215530767,raimundoholanda,These ads ran without a disclaimer,≤100
112675036769821,Uelinton Valente Sociedade Individual de Advocacia,These ads ran without a disclaimer,≤100
102778276088999,miaoficial.14,These ads ran without a disclaimer,≤100
112782031672969,joaofabricio__,These ads ran without a disclaimer,≤100
1844354342465170,Professora Tatiana Ferraz,These ads ran without a disclaimer,≤100
132804480113814,PwC Brasil,PwC Brasil,≤100
100440424845197,Advocacia Previdenciária do zero - Prof. Thony Rennan,These ads ran without a disclaimer,≤100
342960176224870,Accento Incentives,These ads ran without a disclaimer,≤100
104606432904082,"Democratic Initiatives Foundation-Фонд ""Демократичні Ініціативи""",These ads ran without a disclaimer,≤100
792504127533645,VfL Wolfsburg,These ads ran without a disclaimer,≤100
110381447224074,Editor X,These ads ran without a disclaimer,≤100
198182270223092,Dr. Michelle Corral,These ads ran without a disclaimer,≤100
100258569655273,life_of_svj,These ads ran without a disclaimer,≤100
106024436403328,Grupo Unipar,These ads ran without a disclaimer,≤100
345324292309306,AdVenture Capitalist Community,These ads ran without a disclaimer,≤100