﻿Page ID,Page name,Disclaimer,Amount spent (USD)
427787940590188,Радио Китай,These ads ran without a disclaimer,≤100
113850851219092,China Chat,These ads ran without a disclaimer,≤100
129012103887386,The Online Library of Liberty,These ads ran without a disclaimer,≤100
107774402707635,Wuhan University,These ads ran without a disclaimer,≤100
995765983772115,Dzair Tube,Dzair Tube,≤100
106413107529607,Info Maghreb,These ads ran without a disclaimer,≤100
324648538032886,Dzair Tube tv دزاير توب,Dzair Tube tv دزاير توب,≤100
103175548153206,China Huaneng in Cambodia,These ads ran without a disclaimer,≤100
156850176567,المجلة,These ads ran without a disclaimer,≤100
104140320927199,قناة الإنتصار TV,قناة الإنتصار TV,≤100
100857675472522,ScreeN+,These ads ran without a disclaimer,≤100
131189377574,MDPI,These ads ran without a disclaimer,≤100
209260229112443,Greenpeace غرينبيس,These ads ran without a disclaimer,≤100
164432246934163,Chopard,These ads ran without a disclaimer,≤100
28312410177,World Food Programme,These ads ran without a disclaimer,≤100
648762659075859,مكتبة المركز الجزائري للتوثيق,These ads ran without a disclaimer,≤100
1724847890883088,Sheikh Saud bin Saqr Al Qasimi Foundation for Policy Research,These ads ran without a disclaimer,≤100