﻿Page ID,Page name,Disclaimer,Amount spent (USD),Number of ads in Library
386469311494240,Իրազեկ քաղաքացիների միավորում - Union of Informed Citizens,Union of Informed Citizens NGO,≤100,1
2279083155664551,New Armenia Blog/Նոր Հայաստան Բլոգ,These ads ran without a disclaimer,≤100,1
179916515749362,FIP - Փաստերի ստուգման հարթակ,Union of Informed Citizens NGO,≤100,2
257834634268733,Ամերիկայի Ձայն,These ads ran without a disclaimer,≤100,1
108837171601077,Վալոդյա Գրիգորյան/Valodya Grigoryan,Country to live party,≤100,1
1861523410747574,Reebok Sports Club Armenia,These ads ran without a disclaimer,≤100,1
111302905139517,your.n_ewstyle,These ads ran without a disclaimer,≤100,1
330537565808,Tert.am,Tert.am LLC,≤100,1
102627988652548,Bambini.am,These ads ran without a disclaimer,≤100,1
111140845160140,zelenayalenta,These ads ran without a disclaimer,≤100,1
17043549797,MIT Technology Review,These ads ran without a disclaimer,≤100,1
101715608808670,Judgment Day: Angel of God,These ads ran without a disclaimer,≤100,1
105494315161744,talkdiplomacy,These ads ran without a disclaimer,≤100,1
565225540184937,CGTN,These ads ran without a disclaimer,≤100,1
203857292983532,AviationCV.com,These ads ran without a disclaimer,≤100,2