﻿Page ID,Page name,Disclaimer,Amount spent (EUR)
239059192856378,parapolitika.gr,parapolitika.gr,≤100
12224403053,Alexis Tsipras,ΣΥ.ΡΙΖ.Α.,≤100
325604665061611,MSD Greece,MSD Greece,≤100
91877963116,WWF Greece,WWF Greece,≤100
114838584829721,Απογευματινή,Η Απογευματινή,≤100
100771372008093,powergame.gr,POWERGAME,≤100
1252297824884184,Νίκος Λυσιγάκης,Νίκος Λυσιγάκης,≤100
178362315106,European Parliament,European Parliament,≤100
145547352134137,Mag24 Online Magazine,MAG24,≤100
117261614999869,Γραφείο του Ευρωπαϊκού Κοινοβουλίου στην Ελλάδα,Γραφείο του Ευρωπαϊκού Κοινοβουλίου στην Ελλάδα,≤100
192906947432657,Protagon.gr (official),Protagon.gr (official),≤100
31895177275,ΣΥ.ΡΙΖ.Α.,ΣΥ.ΡΙΖ.Α.,≤100
1637375619619220,Άγγελος Αγραφιώτης,Άγγελος Αγραφιώτης,≤100
103057864872953,Radar,Radar.gr,≤100
110893015189195,Χρήστος Κουτσούκος - Christos Koutsoukos,Christos Koutsoukos,≤100
103003561922627,MotorOne.gr,MotorOne.gr,≤100
102791782369775,U-Report Greece,UNICEF Greece Country Office,≤100
103754084863302,Εκδόσεις Επίκεντρο,Εκδόσεις Επίκεντρο,≤100
1438293789797221,ecoelastika,ecoelastika,≤100
216089191899991,Νίκος Ανδρουλάκης,ΠΑΣΟΚ - Κίνημα Αλλαγής,≤100
2212837805653569,Χριστίνα Τσιλιγκίρη / Christina Tsiligkiri,Christina Tsiligkiri,≤100
104692221824082,Energymag.gr,Energymag,≤100
1748153855406537,vradini.gr,vradini.gr,≤100
1645903788996329,liberal.gr,liberal.gr,≤100
107718178601878,Banks.com.gr Business News,ETHOS MEDIA,≤100
2428107534084155,DailyPost.gr,ΝΟΗΣΙΣ ΙΚΕ,≤100
108183264211965,UNICEF Greece,UNICEF Greece,≤100
1004900052864353,mononews.gr,mononews.gr,≤100
105845878599873,Πατριωτική Ένωση - Πρόδρομος Εμφιετζόγλου,Πανελλήνια Πατριωτική Ένωση,≤100
88027997208,Διεθνής Αμνηστία - Ελληνικό Τμήμα,Amnesty International Greece,≤100
117037629671698,BusinessDaily,Business Daily,≤100
159977541380043,The President,The President,≤100
91654723211,Mihalis Katrinis,Mihalis Katrinis,≤100
219634128212269,Ασφαλιστική Αγορά,Asfalistiki Agora,≤100
196882087005924,Παύλος Γερουλάνος,Παύλος Γερουλάνος,≤100
1435774093378846,HuffPost Greece,Antonios Fourlis,≤100
123836729361,New York College,New York College,≤100
1867952363274780,economico.gr,Theodoros Kaloudis,≤100
134135906635470,newsbomb.gr,newsbomb.gr,≤100
104027679003176,Νίκος Παπάζογλου Υποψήφιος Βουλευτής Νοτίου Τομέα Β'3,Νίκος Παπάζογλου Υποψήφιος Βουλευτής Νοτίου Τομέα Β'3,≤100
359612061446497,iEidiseis.gr,NEWSROOM Α.Ε.,≤100
346050625443767,Χρίστος Δήμας - Christos Dimas,Χρίστος Δήμας - Christos Dimas,≤100
440131953481694,Χρήστος Τριαντόπουλος - Christos Triantopoulos,Χρήστος Τριαντόπουλος - Christos Triantopoulos,≤100
1803155206621023,Documento,Documento Media,≤100
109075108422260,Δημοκρατική Άμυνα,Δημοκρατική Άμυνα,≤100
294443673994778,Lykavitos,HT PRESS ONLINE IKE,≤100
782442791937028,Κωστας Γκαβογιαννης,Γκαβογιαννης,≤100
115093111866664,Νίκος Χαρδαλιάς,Νίκος Χαρδαλιάς,≤100
468820193302597,Κινήσεις Πολιτών Για Τη Σοσιαλδημοκρατία,ΚΙΝΗΣΕΙΣ ΠΟΛΙΤΩΝ ΓΙΑ ΤΗ ΣΟΣΙΑΛΔΗΜΟΚΡΑΤΙΑ,≤100
1416763645264032,Χριστίνα Σταρακά - Christina Staraka,Christina Staraka,≤100
107098807881409,Political.gr,POLITICAL,≤100
31324524225,Greenpeace Greece,Greenpeace,≤100
791103951054350,Yanis Varoufakis - Γιάνης Βαρουφάκης,Yanis Varoufakis - Γιάνης Βαρουφάκης,≤100
1083717278496452,tomanifesto.gr,tomanifesto.gr,≤100
104172728093075,TERNA ENERGY,Terna Energy,≤100
287878625015994,Reader.gr,Reader.gr,≤100
111151151051341,Debater,debater,≤100
165508056809834,Το Παρασκήνιο,Νικόλαος Καραμανλής,≤100
101504432557377,Συλλογος Εθελοντων Δασοπροστασίας Γαλατακιου,Συλλογος Εθελοντων Δασοπροστασίας Γαλατακιου,≤100
758221251055720,Athens Bookstore Publications,ATHENS BOOKSTORE PUBLICATIONS,≤100
508932629200198,Ελληνική Επιστημονική Ένωση Αιολικής Ενέργειας - ΕΛΕΤΑΕΝ,ΕΛΕΤΑΕΝ-Ελληνική Επιστημονική Ένωση Αιολικής Ενέργειας,≤100
368217916600933,Αγγειοχειρουργός  Νίκος Παρασκευάς,Αγγειοχειρουργός  Νίκος Παρασκευάς,≤100
1960918037457211,Christoforos Boutsikakis - Χριστόφορος Μπουτσικάκης,Christoforos Boutsikakis - Χριστόφορος Μπουτσικάκης,≤100
187536188017430,Άγγελος Τσιγκρής,Angelos Cigris,≤100
427461580226,iatronet,Iatronet Ltd,≤100
547657922328871,Consortis,Consortis,≤100
108950054276789,GEK TERNA Group of Companies,GEK TERNA GROUP,≤100
42792631889,Rallia Christidou,Ραλλία Χρηστίδου,≤100
113111105003048,Epikrateia.gr,Dimitrios Kontarakis,≤100
551917914903015,ekriti.gr,ekriti.gr,≤100
526882294515877,Νίκος Παπαθανάσης - Nikos Papathanasis,Nikos Papathanasis,≤100
59097279644,Μπάμπης Καραθάνος,Karathanos Charalampos,≤100
793736633995612,Μαυραγάνης Νικόλαος - Πρόεδρος ΕΝΩΝΩ,Νικόλαος Μαυραγάνης,≤100
2046213278991687,Genderhood,Genderhood,≤100
147547541961576,Council of the European Union,Council of the European Union,≤100
369692537582,Εμπορικό και Βιομηχανικό Επιμελητήριο Αθηνών (ΕΒΕΑ),ΕΒΕΑ,≤100
150398005058111,ASD Account Financial Advisor SA,A.S.D. FINANCIAL CONSULTANTS SA,≤100
633964833608956,dikastiko.gr,Dikastiko.gr,≤100
1651084981816691,Boobam,Boobam,≤100
105456051168158,Μπάμπης Παπαδόπουλος,Χαραλαμπος Παπαδοπουλος,≤100
105249502133823,Election Leaders - Πολιτικό Marketing,Election Leaders,≤100
439046506142516,Αλέξανδρος Μεϊκόπουλος • Alexandros Meikopoulos,Alexandros Meikopoulos,≤100
1375259192718674,The TOC,The TOC,≤100
273196480036822,Δημήτρης Καλογερόπουλος,Dimitris Kalogeropoulos,≤100
104299506270374,Euro2day,Euro2day,≤100
1632988056952632,Ιωάννης Σαρακιώτης • Ioannis Sarakiotis,Ιωάννης Σαρακιώτης • Ioannis Sarakiotis,≤100
102857431526747,Ecopots Greece,Garden Experts AE,≤100
1584288081801850,Χρήστος Μπουκώρος Βουλευτής Ν.Μαγνησίας,Christos Boukoros,≤100
674103179323981,Μίνα Καούνη & Συνεργάτες,Μίνα Καούνη & Συνεργάτες,≤100
627330267312880,Vouliwatch,Stefanos Loukopoulos,≤100
114363450250261,Γενική Γραμματεία Συντονισμού Διαχείρισης Αποβλήτων,Γενική Γραμματεία Συντονισμού Διαχείρισης Αποβλήτων,≤100
1392901947655284,Αλέξης Σταυρούλιας - Alexis Stavroulias,Αλέξης Σταυρούλιας,≤100
101011924607948,Δόμνα Μιχαηλίδου - Domna Michailidou,Δόμνα Μιχαηλίδου - Domna Michailidou,≤100
106553811545931,Μαρία Συρεγγέλα - Maria Syrengela,Maria Syrengela,≤100
352726181581226,Φρόσω Καρασαρλίδου,Effrosyni Karasarlidou,≤100
590556791403274,OsteoStrong Greece,OsteoStrong Greece,≤100
305998399465211,Νίκος Δένδιας,Νίκος Δένδιας,≤100
461382171072085,Κωνσταντίνος Μπογδάνος / Konstantinos Bogdanos,Κωνσταντίνος Μπογδάνος,≤100
1524805504319812,Βάσια Αναστασίου,Β. Αναστασιου,≤100
110131647938040,Μάριος Διονέλλης - Πίσω Σελίδες,Marios Dionellis,≤100
393542154022051,HellasFin,HellasFin investment services SA,≤100
109057218424485,Δώσε αξία - ΕΔΣΝΑ,Ειδικός Διαβαθμιδικός Σύνδεσμος Νομού Αττικής (ΕΔΣΝΑ),≤100
105475882182783,Ναυτικό Επιμελητήριο Ελλάδος,Ναυτικό Επιμελητήριο της Ελλάδος,≤100
186848962521,www.capital.gr,www.capital.gr,≤100
224388351254587,Σωκράτης Βαρδάκης - Βουλευτής Συριζα Ηρακλείου,Σωκράτης Βαρδάκης,≤100
107453529357258,Γιάννης Κωνσταντάτος,Κωνσταντατος Ιωαννης,≤100
1903473413254089,Vagelis Papakonstantinou,Vagelis Papakonstantinou,≤100
1542864729142802,Πράσινο Κίνημα,Konstantinos Kalogranis,≤100
149484091761204,"Κιντής Χρήστος ""The  Gortynian""",Χρήστος Κιντής,≤100
315780725795287,Χρυσάνθη Αυλωνίτου Περιφερειακή Σύμβουλος Αττικής Δυτική Αθήνα,Χρυσανθη Αυλωνιτου,≤100
453995434738581,ethos EVENTS,ETHOS MEDIA ΑΝΩΝΥΜΗ ΕΤΑΙΡΕΙΑ ΕΚΔΟΤΙΚΗ ΣΥΝΕΔΡΙΑΚΗ,≤100
888431871219457,Θεόδωρος Φορτσάκης  Theodore Fortsakis,Θεοδωρος Φορτσακης,≤100
1805480266395293,ENA Institute for Alternative Policies,ENA Institute for Alternative Policies,≤100
344852685631225,Βιβλιοπωλείο Πατάκη,These ads ran without a disclaimer,≤100
136031709900775,Φωτεινή Βρύνα,Φωτεινή Βρύνα,≤100
1655684741382814,Delphi Economic Forum,Delphi Economic Forum NPO,≤100
101662444592903,E-ota.gr,e-ota.gr,≤100
105045055812496,Παρία Λίθος,Παρία Λίθος,≤100
134552316636,Λευτέρης Αυγενάκης,Λευτέρης Αυγενάκης,≤100
2113568635597685,Βασίλης Βιλιάρδος,Βασιλειος Βιλιαρδος,≤100
197766903578854,ΕΚΔΟΣΕΙΣ ΚΛΕΙΔΑΡΙΘΜΟΣ,ΕΚΔΟΣΕΙΣ ΚΛΕΙΔΑΡΙΘΜΟΣ ΕΠΕ,≤100
650432894993478,Stavros Kalafatis,Stavros Kalafatis,≤100
197154300621371,Milena Apostolaki,Milena Apostolaki,≤100
1200465556797225,Θανάσης Παπαθανάσης,Αθανασιος Παπαθανασης,≤100
323456224972682,Στέλιος Κυμπουρόπουλος,Στέλιος Κυμπουρόπουλος,≤100
550426935090718,Focus στις Αχαρνές,Focus Web Tv,≤100
114104023638775,Παρατηρητήριο Ποιότητας Περιβάλλοντος Σύρου,Παρατηρητήριο Ποιότητας Περιβάλλοντος Σύρου,≤100
113671911607144,Σύγχρονη Πόλη-Στέφανος Γατσούλης,Σύγχρονη Πόλη,≤100
2250439728530985,Δημήτρης Οικονόμου - Δημοτικός Σύμβουλος,Paraskevi Bouzani,≤100
106234265674423,Σωτηρία Μπακαλάκου,Σωτηρία Μπακαλάκου,≤100
381919489336474,Tonia Antoniou / Τόνια Αντωνίου,Antonia Antoniou,≤100
108201527612821,2045.gr,2045.gr,≤100
2285806268350464,Όλγα Άρτεμις Πολίτη - Αντιδήμαρχος Παιδείας,Όλγα Άρτεμις Πολίτη - Αντιδήμαρχος Παιδείας,≤100
521845371622559,Μανόλης Καλαμπόκας - Αντιδήμαρχος Υγείας Δήμου Αθηναίων,Μανόλης Καλαμπόκας,≤100
405482076845129,Θεοδώρα Τζάκρη,Θεοδώρα ΤΖάκρη,≤100
121702599228573,Κατερινα Ανδρικοπουλου - Σακοραφα / Katerina Andrikopoulou Sakorafa,Αικατερινη Ανδρικοπουλου,≤100
2140957882645467,Αλεξοπούλου Χριστίνα,Αλεξοπούλου Χριστίνα,≤100
139666286225597,Euranet Plus - Official,These ads ran without a disclaimer,≤100
226397774096827,Δημιουργία Ξανά,Δημιουργία Ξανά,≤100
103413627729937,Τάκης Αλεξανδράκης,Panagiotis Alexandrakis,≤100
191184131653102,IloveVouliagmeni,Panagiotis Konsoulas,≤100
350513272399933,Παρασκευή Κουτρολού - Ειδική Καρδιολόγος,Παρασκευή Κουτρολού - Ειδική Καρδιολόγος,≤100
1706637282946540,Πανελλήνιο Κέντρο Οικολογικών Ερευνών - ΠΑΚΟΕ,Παναγιωτης Χριστοδουλακης,≤100
136154393771099,Επιμένουμε Πεδίο του Αρεως,Dimitrios Tsiampouris,≤100
795737207122308,Ignatios Kaitezidis - Ιγνάτιος Καϊτεζίδης,Ignatios Kaitezidis - Ιγνάτιος Καϊτεζίδης,≤100
305855589763152,Λαέρτης Ανταλόπουλος - Νότιος Τομέας Αθηνών,Λαερτης Ανταλοπουλος,≤100
495613237937576,Point MEDIA,POINT MEDIA GROUP ΑΝΩΝΥΜΗ ΕΤΑΙΡΕΙΑ,≤100
2246107578840730,Vēja enerģijas asociācija,These ads ran without a disclaimer,≤100
1407405476194965,Thomas Chrisohoidis,These ads ran without a disclaimer,≤100
1591696034493477,Τάσος Γαϊτάνης,Anastasios Gaitanis,≤100
10423517786,Harvard Business Review,These ads ran without a disclaimer,≤100