﻿Page ID,Page name,Disclaimer,Amount spent (VND)
108228572046403,Nguồn Đầu Tư Mới 4.0,These ads ran without a disclaimer,10509
108390095364515,Phạm Văn Thanh- Đặc Trị Xương Khớp,These ads ran without a disclaimer,7415
108287864810729,Living For House - Nhà Sản Xuất Kệ Tivi & Vách Ngăn Theo Yêu Cầu,These ads ran without a disclaimer,5144
102654808090612,Lương Y Phạm Văn Thanh - Việc Tử Tế VTV1,These ads ran without a disclaimer,2348
108715314693314,Tài Liệu Thi Viên Chức Giáo Dục TP.HCM - Bình Dương,Tài Liệu Thi Viên Chức Giáo Dục TP.HCM - Bình Dương,≤100
105159369188048,Hotelex Shanghai,These ads ran without a disclaimer,≤100