﻿Page ID,Page name,Disclaimer,Amount spent (EUR)
101519168409673,Dimitar Kovacevski,Димитар Ковачевски,≤100
148427235188637,СДСМ - Социјалдемократски сојуз на Македонија,СДСМ - Социјалдемократски сојуз на Македонија,≤100
100746718435265,Fatmir Bytyqi,Fatmir Bytyqi,≤100
1482737048633478,Институт за комуникациски студии ИКС / Institute of Communication Studies,Институт за комуникациски студии,≤100
112780560440684,Соња Михаиловска,Sonja Mihailovska,≤100
829371753904952,Hristijan Mickoski,ВМРО-ДПМНЕ,≤100
255990845327431,Левица,Левица / E majta / Levica,≤100
248423295202678,Македонски институт за медиуми - МИМ / Macedonian Institute for Media - MIM,Македонски институт за медиуми - МИМ / Macedonian Institute for Media - MIM,≤100