﻿Page ID,Page name,Disclaimer,Amount spent (PLN)
102759805294356,Dariusz Matecki - Radny Miasta Szczecin,Dariusz Matecki Radny Miasta Szczecin,173
101675557899435,Wiadomości Szczecin,Gmina Miasto Szczecin,111
106658984378489,Gra Paczka,Stowarzyszenie WIOSNA,≤100
111465470197991,Mateusz Morawiecki,Mateusz Morawiecki,≤100
196334343778888,Polskie Centrum Pomocy Międzynarodowej (PCPM),PCPM with Facebook ad credits,≤100
102931488739,Platforma Obywatelska,Platforma Obywatelska,≤100
57544755889,Amnesty International Polska,Amnesty International Polska,≤100
380485532115847,Ministerstwo Rodziny i Polityki Społecznej,Ministerstwo Rodziny i Polityki Społecznej,≤100
294676812478,IKEA,These ads ran without a disclaimer,≤100
101168698130881,Suwerenna Polska Zachodniopomorskie,Dariusz Matecki,≤100
63563473556,Gazeta Wyborcza,Gazeta Wyborcza,≤100
107590839282206,BNP Paribas Bank Polska,BNP Paribas Bank Polska S.A.,≤100
135490949986411,Pomorze Zachodnie,Pomorze Zachodnie,≤100
104884392877324,Alivia,Alivia - Fundacja Onkologiczna,≤100
137877409609952,Lewica,Nowa Lewica,≤100
104187288930729,Wspólnota Samorządowa Gminy Dobra,Wspólnota Samorządowa Gminy Dobra,≤100
228168274881,wysokieobcasy,wysokieobcasy,≤100
469702339755768,Paweł Tanajno Polska Liberalna Strajk Przedsiębiorców,Paweł Tanajno Polska Liberalna Strajk Przedsiębiorców,≤100
195591907176717,Grzegorz Piechowiak - Wiceminister Rozwoju i Technologii,Biuro Posła Grzegorza Piechowiaka,≤100
101995462097618,Dajcie Żyć,Stowarzyszenie Kultury Chrześcijańskiej im. Ks. Piotra Skargi,≤100
111275624780972,Erase Indifference,Erase Indifference,≤100
182038191908977,Ministerstwo Cyfryzacji,Kancelaria Prezesa Rady Ministrów,≤100
144808095552639,ING Polska,ING Polska,≤100
618179678235315,wschód,wschód,≤100
178362315106,European Parliament,European Parliament,≤100
1772430066381898,Zachodniopomorska Agencja Rozwoju Regionalnego S.A.,ZARR S.A.,≤100
1675309959355515,Super Express Szczecin,Super Express Szczecin,≤100
339855706171439,Dobra Fabryka,Dobra Fabryka,≤100
276860619087002,Sylwester Tułajew,Sylwester Tułajew,≤100
328956034420247,Marcin Pawlicki - Radny Miasta Szczecin,Marcin Pawlicki - Radny Miasta Szczecin,≤100
391098174296294,Super Express,se.pl,≤100
164968446888637,Ministerstwo Sprawiedliwości,Ministerstwo Sprawiedliwości,≤100
1937461523203000,Fundacja Promocji Pojazdów Elektrycznych FPPE,Fundacja Promocji Pojazdów Elektrycznych,≤100
102811109411234,Do:łącz,Dołącz,≤100
108301418501661,Odszkodowania Za Represje 1944-1989,Odszkodowania Za Represje 1944-1989,≤100
178415208919146,Suwerenna Polska,Solidarna Polska,≤100
959387840744974,Bezpartyjni Samorządowcy,Bezpartyjni Samorządowcy,≤100
136884656519145,IOM Poland,International Organization for Migration,≤100
513969188677442,Compassion Polska,Compassion Polska,≤100
312307042766736,Łukasz Młynarczyk,These ads ran without a disclaimer,≤100
157458232131,Prawo i Sprawiedliwość,Prawo i Sprawiedliwość,≤100
164331793767355,Gmina Dobra,Gmina Dobra,≤100
105466814319826,Paweł Wnukowski,Paweł Wnukowski,≤100
100569026183717,W Obronie Zdrowia,W Obronie Zdrowia,≤100
381003278691136,Szymon Hołownia,Szymon Hołownia,≤100
360359771045419,Krzysztof Romianowski - Radny Miasta Szczecin,Krzysztof Romianowski - Radny Miasta Szczecin,≤100
578864425792499,Ośrodek Monitorowania Antypolonizmu,Fundacja Ośrodek Monitorowania Antypolonizmu,≤100
137358556439286,Ośrodek Monitorowania Zachowań Rasistowskich i Ksenofobicznych,Ośrodek Monitorowania Zachowań Rasistowskich i Ksenofobicznych,≤100
107396187476330,LUX MED Stomatologia,"LUX MED Sp. z o.o.,",≤100
371981706755861,Kierunek na EKO,OS3 Sp. z o. o.,≤100
497763940682921,Damian Dobrucki,Damian Dobrucki,≤100
1589289514631651,Mariański Group Kancelaria Prawno-Podatkowa,Mariański Group Kancelaria Prawno-Podatkowa Sp.K.,≤100
514735281965536,Demagog,Stowarzyszenie Demagog,≤100
475584852475176,Pozytron,POZYTRON Radiologia Medyczna,≤100
1432065937006559,Polski Związek Tenisa Stołowego,Polski Związek Tenisa Stołowego,≤100
257593184447834,Władysław Kosiniak-Kamysz,Władysław Kosiniak-Kamysz,≤100
1581518611867021,Zbigniew Ziobro,Zbigniew Ziobro,≤100
1181684038602267,Niepodległa,"BIURO PROGRAMU ""NIEPODLEGŁA""",≤100
123910440019,Renew Europe,Renew Europe Group,≤100
213034562642258,Dariusz Smoliński,Dariusz Smoliński,≤100
106510924950573,ESKA Piła News,ESKA Piła News,≤100
1683534065241470,OKO.press,OKO.press,≤100
1935310329931736,Damian Walczak - Radny Miasta Police,Damian Walczak - Radny Miasta Police,≤100
145382618855042,Muzeum Sztuki w Łodzi,Muzeum Sztuki w Łodzi,≤100
276474826293767,Olivia Garden,Olivia Garden,≤100
174361176251040,Łukasz Kadłubowski,Łukasz Kadłubowski,≤100
1575243016027595,Małgorzata Wleklak - Radna Osiedla,Małgorzata Wleklak - Radna Osiedla,≤100
130220166122,Kupuj odpowiedzialnie,Kupuj odpowiedzialnie,≤100
180185019111,Tygodnik Powszechny,Tygodnik Powszechny,≤100
2320275388297228,Marcin Romanowski,Marcin Romanowski,≤100
104050691485416,Strefa Alergii,Strefa Alergii,≤100
1425264934431305,Polski Instytut Księgowości,Polski Instytut Księgowości,≤100
297486841148102,Ius Memoriae - Prawo Pamięci,Ius Memoriae,≤100
335107452998,"InPost - Paczkomat, Kurier","InPost - Paczkomat, Kurier",≤100
194585893914848,Fundacja Rozwoju Demokracji Lokalnej,Fundacja Rozwoju Demokracji Lokalnej,≤100
113905148397308,Portal Obronny,Se.pl,≤100
203627442993022,Portal Oświatowy,Wiedza i Praktyka,≤100
520444618035778,Grupa EPL w Parlamencie Europejskim,EPP Group in the European Parliament,≤100
104061062331637,Pałac Saski,Pałac Saski Sp. z o.o.,≤100
662892093824152,Fundacja Małych Stópek,Fundacja Małych Stópek,≤100
1495480087399256,Jacek Ozdoba,Jacek Ozdoba,≤100
198196133533089,Polska Misja Medyczna / Polish Medical Mission,Polska Misja Medyczna / Polish Medical Mission,≤100
300745193630,Fundacja Pro - Prawo do Życia,Fundacja Pro – Prawo do życia,≤100
2181927062073055,Paweł Malinowski - Radny Gminy Dobra,Paweł Malinowski - Radny Gminy Dobra,≤100
117930759609640,Platforma Przemysłu Przyszłości,Fundacja Platforma Przemysłu Przyszłości,≤100
1971966879776579,Konfederacja,Konfederacja Wolność i Niepodległość,≤100
357956401415876,momox Polska,momox Polska,≤100
292640324174614,Hellozdrowie.pl,Redakcja Hello Zdrowie,≤100
231653686850519,Ustka na fali,Ustka na fali,≤100
109231571984405,Accelera,These ads ran without a disclaimer,≤100
199401584696,Konfederacja Lewiatan,Konfederacja Lewiatan,≤100
199877710116314,Patryk Jaki,Patryk Jaki,≤100
105039892358886,FURPO - Świadczenie Pielęgnacyjne,FURPO GROUP SP. Z O.O.,≤100
173086948664,Infor.pl,Infor.pl,≤100
990533821012595,Nierealnie,Nierealnie.pl,≤100
258716330911,Instytut Sobieskiego,Instytut Sobieskiego,≤100
177473808919,Polskie Stronnictwo Ludowe,Polskie Stronnictwo Ludowe,≤100
127619873953536,Stefczyk.info,Stefczyk.info,≤100
131511477684330,Znak Horyzont,Społeczny Instytut Wydawniczy Znak sp. z o.o.,≤100
330644215221,Bankier.pl,Bankier.pl,≤100
1629946500626448,To Tylko Astma,OS3 Sp. z o.o.,≤100
393084100793680,Wiedza i Praktyka,Wiedza i Praktyka,≤100
129626970836,inFakt,inFakt,≤100
108494929216934,Marcin Kierwiński,Marcin Kierwiński,≤100
102577288350341,Super Biznes,se.pl,≤100
316810098501611,Miasto2077 / Green is Good,Miasto2077 / Green is Good,≤100
170894632966683,Warszawski Instytut Bankowości,Sektorowa Rada ds. Kompetencji Sektora Finansowego,≤100
258394024199313,Centrum Mieroszewskiego,Centrum Dialogu im. Juliusza Mieroszewskiego,≤100
1465965073732774,Łukasz Kohut,Łukasz Kohut,≤100
108567461681538,"Polska Katolicka, nie laicka",Fundacja Instytut Edukacji Społecznej i Religijnej im. Ks. Piotra Skargi,≤100
505864632777215,Tygodnik Lisickiego,Orle Pióro sp. z o.o.,≤100
110533370636562,Jacek Osuch - Wiceminister Sportu i Turystyki,Jacek Osuch - Wiceminister Sportu i Turystyki,≤100
312204349288060,Mariusz Gosek,Mariusz Gosek,≤100
143951191449,Profinfo.pl,Wolters Kluwer PL,≤100
103005732799739,Kamila Maj,Kamila Maj,≤100
353030510177,Centrum Nauki Kopernik,Centrum Nauki Kopernik,≤100
1884681241647994,Anna Gembicka,Biuro Poselskie Posła Na Sejm RP Anny Gembickiej,≤100
312816688890250,Dariusz Matecki,Dariusz Matecki Radny Miasta Szczecin,≤100
1531160263787101,Fundacja HerStory,Fundacja HerStory,≤100
205945942802470,Polska Agencja Rozwoju Przedsiębiorczości,Polska Agencja Rozwoju Przedsiębiorczości,≤100
101070361361998,FEGA,Hurtownia Elektryczna Fega,≤100
133112726750279,M jak Mama,Grupa ZPR Media,≤100
104873974773853,rePETujemy,Repetujemy,≤100
285003478504209,Fundacja im. Janusza Kurtyki,Fundacja im. Janusza Kurtyki,≤100
104313762397672,PolitykaRolna.eu - Nowa Wspólna Polityka Rolna projekt Infocap PL,Plantpress Sp. z o. o.,≤100
110368408309408,Jerzy Niedźwiecki - Radny Sejmiku Województwa Opolskiego,Jerzy Niedźwiecki - Radny Sejmiku Województwa Opolskiego,≤100
371359310400318,Janusz Kowalski,Janusz Kowalski,≤100
123234977337474,Відновлення добробуту_Польша,Відновлення добробуту_Польша,≤100
239574985661,Akademia Górniczo-Hutnicza w Krakowie,Akademia Górniczo-Hutnicza w Krakowie,≤100
653937168081792,PZU,Powszechny Zakład Ubezpieczeń Spółka Akcyjna (PZU SA),≤100
125185964281959,Centrum Edukacji Obywatelskiej (CEO),Centrum Edukacji Obywatelskiej (CEO),≤100
342536459089859,Beata Kempa,Grupa EKR - Beata Kempa MEP,≤100
186543124707583,ISSA Prevent Plastic Pollution,Biuro wykonawcze ISSA w Polsce,≤100
100363112049746,Dbamy o wodę,FleishmanHillard,≤100
388121531771974,Enexon,Enexon,≤100
320289978035326,Poradnik Zdrowie,Poradnik Zdrowie,≤100
2152832788271473,Agnieszka Kurzawa - Radna Miasta Szczecin,Agnieszka Kurzawa - Radna Miasta Szczecin,≤100
105428171456904,BWT Polska - Best Water Technology,BWT Polska,≤100
112055027022643,Legal Marine,Legal Marine - Mateusz Romowicz,≤100
267686749910602,Piotr Müller,Piotr Müller - Poseł na Sejm RP,≤100
1643686859194259,Sebastian Kaleta,Sebastian Kaleta,≤100
112070508557219,Adam Fabian,Adam Fabian,≤100
521216701360487,MURATOR,MURATOR,≤100
163064650412661,Teatr Powszechny w Łodzi,Teatr Powszechny w Łodzi,≤100
101450702962039,Paweł de Dydyński,Paweł de Dydyński,≤100
333409683428621,Nowa Konfederacja,Nowa Konfederacja,≤100
110600210285711,Księgarnia Foksal,Grupa Wydawnicza Foksal,≤100
110898338585970,Mgboardy,MGBoardy.pl,≤100
108731657156411,Mariusz Gromko - Senator RP,Mariusz Gromko - Senator RP,≤100
236099419850036,Galeria EMKA,These ads ran without a disclaimer,≤100
694438127592755,Dariusz Standerski,Dariusz Standerski,≤100
370497223497656,Medica Centrum,Lucyna Kowzan,≤100
106552182752379,Fortum Polska,Fortum Power and Heat Polska Sp. z o.o.,≤100
1756392918011290,Poleco - Targi Ochrony Środowiska,Grupa MTP,≤100
184234908266647,EURACTIV.pl,EURACTIV.pl,≤100
621959344553367,DNA Rynków - merytorycznie o giełdach i gospodarkach,DNA Rynków,≤100
106357050731361,Maciej Kopiec,Maciej Kopiec,≤100
101263522893711,Cichowlas Polskie Warzywa,Cichowlas Polskie Warzywa,≤100
1608832986037147,Super Express Warszawa,Super Express Warszawa,≤100
668616343189054,Towarzystwo na rzecz Ziemi,Towarzystwo na rzecz Ziemi,≤100
109218848183780,Marek Woźniak,UMWW,≤100
543555309157965,Fundacja Życie i Rodzina - Polska,Fundacja Życie i Rodzina,≤100
102262978631607,Busnex Poland,Busnex Poland,≤100
286672948180163,Tomasz Trela,Poseł Tomasz Trela,≤100
1437227889827328,Fundacja Dobrych Inicjatyw,Fundacja Dobrych Inicjatyw,≤100
1752318511650368,Akamai Poland,More Bananas,≤100
81885462442,Histmag.org,Histmag.org,≤100
199739460042641,Zdrowie w stylu LUX MED,Zdrowie w stylu LUX MED,≤100
283996612400,Fundacja Nasza Ziemia,Fundacja Nasza Ziemia,≤100
150617698324166,Polska Fundacja im. Roberta Schumana,Polska Fundacja im. Roberta Schumana,≤100
104313512663017,Marcin Buchali - I Wicewojewoda Łódzki,Marcin Buchali - I Wicewojewoda Łódzki,≤100
108243994205438,R&D Hub,R&D HUB Sp. z o. o.,≤100
100633471749669,Krzysiek vs Siły of Darkness,These ads ran without a disclaimer,≤100
100321262116794,Kongres Katoliczek i Katolików,Fundacja na rzecz Kongresu Katoliczek i Katolików,≤100
181020632309,Wydawnictwo Znak,Wydawnictwo Znak,≤100
106274574675288,Instytut Prawa Ustrojowego - Fundacja,Fundacja Instytut Prawa Ustrojowego,≤100
110239025687291,Credit Agricole Bank Polska,These ads ran without a disclaimer,≤100
105928075825104,NGO-EXPO,NGO-EXPO,≤100
114926988144112,SOS dla Edukacji,These ads ran without a disclaimer,≤100
153679474688551,Wydawnictwo Fronda,Wydawnictwo Fronda,≤100
100153153026665,Szymon Gajda,Szymon Gajda,≤100
714444251904179,Wavin Polska,These ads ran without a disclaimer,≤100
109296420615761,Synergy Consulting Group,Synergy Consulting Group,≤100
102638134457547,Magdalena Łośko - Poseł na Sejm RP,Magdalena Łośko - Poseł na Sejm RP,≤100
242532599998275,Zielona Dolina,TDJ Estate,≤100
104386447842029,Spectrum.direct,Konwersatorium im. Josepha von Eichendorffa - Portal internetowy Spectrum.direct,≤100
100508029392556,Obywatelu Masz Prawo,Fundacja Instytut Prawa Ustrojowego,≤100
152434611621823,Instytut Geofizyki PAN,Semstart sp. z o. o.,≤100
117626114951734,Fair Trade 100% - Polskie Stowarzyszenie Sprawiedliwego Handlu,Fair Trade 100% - Polskie Stowarzyszenie Sprawiedliwego Handlu,≤100
544319209354145,Edukacja Domowa,Sławomir Przemysław Jazienicki,≤100
567066860335135,Błękitny Węgiel,Błękitny Węgiel,≤100
102191794893729,Łukasz Kopeć,Łukasz Kopeć,≤100
603295086483883,Łukasz Schreiber - Poseł na Sejm RP,Łukasz Schreiber - Poseł na Sejm RP,≤100
172072556230721,medme,These ads ran without a disclaimer,≤100
114453729684,gazetaprawna.pl,gazetaprawna.pl,≤100
100528444310,Uniwersytet Mikołaja Kopernika w Toruniu,Uniwersytet Mikołaja Kopernika w Toruniu,≤100
141867542519750,Murator plus,MURATOR,≤100
1771722023118604,Wydawnictwo Aktywa,Wydawnictwo Aktywa Sp. z o.o.,≤100
104291779009388,Pojęcie małżeństwa w pryzmacie teorii wymogów imperatywnych,Fundacja Instytut Prawa Ustrojowego,≤100
1479047189015939,Polski Cement,Stowarzyszenie Producentów Cementu,≤100
267686749910602,Piotr Müller,Piotr Müller,≤100
116580465063718,Marcin Meller,Grupa Wydawnicza Foksal,≤100
226162158731337,Jacek Szaran - radny Rady Miejskiej w Słupsku,Jacek Szaran - radny Rady Miejskiej w Słupsku,≤100
893685610645878,Tomasz Olichwer poseł na Sejm RP,Tomasz Olichwer poseł na Sejm RP,≤100
696622867467853,Polska Morska,Polska Morska,≤100
200404253354944,Bartłomiej Wróblewski,Bartłomiej Wróblewski,≤100
207398195946921,Instytut Spraw Obywatelskich,Fundacja Instytut Spraw Obywatelskich,≤100
311766890555,Fundacja Batorego,Fundacja Batorego,≤100
109719194540240,Fundacja Błękitna,Fundacja Błękitna,≤100
1608898765820336,Vogue Polska,Vogue Polska,≤100
2208424889407254,Young Sail Event,These ads ran without a disclaimer,≤100
74863922834,Krytyka Polityczna,Krytyka Polityczna,≤100
187178294672651,Muzeum Narodowe w Lublinie,Muzeum Narodowe w Lublinie,≤100
571645086194796,Klub Radnych PiS w Grudziądzu,Klub Radnych PiS w Grudziądzu,≤100
111688685220417,Koło Naukowe Badań nad Izraelem,Koło Naukowe Badań nad Izraelem,≤100
1483938021891274,Piotr Soćko - Radny Rady Powiatu w Kętrzynie,Piotr Soćko - Radny Rady Powiatu w Kętrzynie,≤100
170500696298873,Parada Równości,Parada Równości,≤100
243106509975711,ALL POLAND DOCUMENTS,These ads ran without a disclaimer,≤100
305401181544,UNICEF Poland,UNICEF Poland,≤100
285512891655753,Artur Szałabawka,Biuro Poselskie Prawo i Sprawiedliwość Artur Szałabawka,≤100
181039691931794,Instytut Grotowskiego,These ads ran without a disclaimer,≤100
106038948775287,Dostępna Polska,4 REAL Sp. z o.o.,≤100
362731483842344,Agro Trust - Skup i  #𝐖𝐢𝐚𝐝𝐨𝐦𝐨ś𝐜𝐢𝐙𝐛𝐨ż𝐨𝐰𝐞,Agro Trust Mateusz Tołczyk,≤100
281607769340438,Fundacja imienia Stefana Artwińskiego,Fundacja imienia Stefana Artwińskiego,≤100
1052302484796466,Axpo Polska,Axpo Polska,≤100
946445192119512,Krajowy Sztab Ratownictwa SKSR,Społeczna Krajowa Sieć Ratunkowa,≤100
157186140963158,Green Parrot,Evergreen_Group sp. z o.o. sp.k.,≤100
358712600898007,Ogólnopolska Federacja na rzecz Rozwiązywania Problemu Bezdomności,Ogólniopolska Federacja na rzecz Rozwiązywania Problemu Bezdomności,≤100
115059335307623,Zupełnie Inna Opowieść,These ads ran without a disclaimer,≤100
108811353007260,FestivALT,FestivALT,≤100
514245432058229,Piotr Kandyba - Radny Sejmiku Województwa Mazowieckiego,Piotr Kandyba - Radny Sejmiku Województwa Mazowieckiego,≤100
159546574381832,Paulina Hennig-Kloska,Paulina Hennig-Kloska,≤100
110623255132084,Wiceprezydent Wrocławia Jakub Mazur,Wiceprezydent Wrocławia Jakub Mazur,≤100
444844953009780,NaszePomorskie,NaszePomorskie,≤100
255100403945,Polityka,Polityka,≤100
163837620300534,Stowarzyszenie Praktyków Dramy STOP-KLATKA,These ads ran without a disclaimer,≤100
776465829065987,Mateusz Maciejczyk Radny Miasta Rzeszowa,Mateusz Maciejczyk,≤100
1590841411198586,Iwona Michałek Poseł na Sejm RP,Iwona Michałek Poseł na Sejm RP,≤100
106467175749558,Dorota Bojemska - Przewodnicząca Rady Rodziny,Dorota Bojemska - Przewodnicząca Rady Rodziny,≤100
2112537838971804,Irena Chmielowska Radna Rady Miasta Świeradów-Zdrój,These ads ran without a disclaimer,≤100
698522113529153,ADAMED SmartUP,ADAMED SmartUP,≤100
1414703345491996,Zbigniew Konwiński,Zbigniew Konwiński,≤100
118437553322377,Wejherowo - Miasto do Życia,Wejherowo - Miasto do Życia,≤100
239707429833080,EDP España,These ads ran without a disclaimer,≤100
144709575593854,EESC - European Economic and Social Committee,EESC - European Economic and Social Committee,≤100
365685333954209,Eastwest European Institute,These ads ran without a disclaimer,≤100
667945100028789,Natasha Fishchenko Parfumer,These ads ran without a disclaimer,≤100
107898832590939,European Commission,European Commission,≤100