﻿Location name,Amount spent (JPY)
Aichi Prefecture,43137
Akita Prefecture,9539
Aomori Prefecture,2392
Chiba Prefecture,38026
Ehime Prefecture,3604
Fukui Prefecture,1681
Fukuoka Prefecture,108485
Fukushima Prefecture,2573
Gifu Prefecture,4820
Gunma Prefecture,7537
Hiroshima Prefecture,5171
Hokkaido,14369
Hyōgo Prefecture,57633
Ibaraki Prefecture,6748
Ishikawa Prefecture,4744
Iwate Prefecture,1627
Kagawa Prefecture,4817
Kagoshima Prefecture,2165
Kanagawa Prefecture,73407
Kumamoto Prefecture,7064
Kyoto Prefecture,18722
Kōchi Prefecture,1961
Mie Prefecture,4818
Miyagi Prefecture,14565
Miyazaki Prefecture,4518
Nagano Prefecture,5978
Nagasaki Prefecture,10946
Nara Prefecture,6447
Niigata Prefecture,7376
Okayama Prefecture,3156
Okinawa Prefecture,6128
Osaka Prefecture,67534
Saga Prefecture,7619
Saitama Prefecture,42536
Shiga Prefecture,6087
Shimane Prefecture,1826
Shizuoka Prefecture,22373
Tochigi Prefecture,7020
Tokushima Prefecture,2747
Tokyo,288638
Tottori Prefecture,1067
Toyama Prefecture,2320
Unknown,≤100
Wakayama Prefecture,5140
Yamagata Prefecture,2941
Yamaguchi Prefecture,2929
Yamanashi Prefecture,1976
Ōita Prefecture,14245