﻿Page ID,Page name,Disclaimer,Amount spent (INR)
103704155350118,Gates Foundation India,The Bill & Melinda Gates Foundation,56969
791496597580042,Miracles Academy Of Arts & Media Pvt.Ltd.,Miracles Academy Of Arts & Media Pvt.Ltd.,20269
21169267101,Give,Give,13712
270666596375251,Jhatkaa.org,Jhatkaa.org,4543
110115671863420,Kacche Din,Kacche Din,4469
294493857651676,Rahul Gandhi,Indian National Congress,4354
2078242259060363,Kukufm,Mohana Saha,3882
104516512296314,Kartikeya Sharma,Adv Tech,3265
102112998968049,भाषण कला स्पेशल,Pavankumar Dadasaheb Jadhav,3247
324028025130690,Raju Parwe,Vinay Bhimrao Patil,2902
605390272841833,Shrirang Appa Barne,Abhay Balu Ahire,2865
1235786446534273,Ajeet Patil Kavhekar,Rahul Rajendra Birajdar,2621
326102339565,Oxfam India,Oxfam India,2602
568928239883450,The Times Of A Better India,The Times Of A Better India,2578
155418314920954,Orchid HRD Trainings भाषणकला व राजकीय नेतृत्व कौशल्य प्रशिक्षण,Ganesh Subhashrao Lomte,2396
574023586326385,"Abhijit Wanjarri, MLC",Zaid Ahmed Khan,2377
106621365518121,Shyam Prajapati,Shyam Prajapati,2231
107395897271506,Kutumb,Swatantra Verma,2218
109986065209042,Mera Apna Rahul,MeraApnaRahul,2031
174283119250672,Save the Children India,Bal Raksha Bharat,1946
1549125462051884,BQPrime,Bloomberg Quint,1792
2131431707147401,AgriCentral,JIVA AGSERVICES PRIVATE LIMITED,1750
105671775473178,Jan Suraaj,Jan Suraaj,1562
559874610769875,Ganpat Gaikwad - गणपत गायकवाड,Amit Ashok Dhanji,1384
1749700788640515,Sanjay Kaka Patil,Sanjay Kaka Patil,1329
532582040125177,Polkhol Maharashtra - Kantikumar Jain,Kantikumar Harakchandji Jain,1047
101727051728960,Naadbramha Idli,Gaurav Dinesh Patil,1038
30290552843,Greenpeace India,Greenpeace India Society,1008
347422238753453,Sandeep Lele,Abhishek Amarsinh Mane,959
103782051383159,School of Politics,School of Politics,946
147699975283367,Ranajagjitsinha Patil,Trimurti Techserv Pvt. Ltd.,899
586574801848194,Sunil Mendhe,Sharada Consultancy Services,828
184037471806795,Om Rajenimbalkar - ओम राजेनिंबाळकर,Sagar Sarangdhar Randive,826
33497111948,Child Rights and You,Child Rights and You,821
298361834441412,Marathi Viral League,Marathi Viral League,818
109707661884154,Indian Compass,theindiancompass.com,816
1557990974281776,गावरानं वादळ,Shamal Hiralal Khairnar,776
669523683117614,Dr. Sanjay Kute,Laxman Pandurang Mandole,776
225469604484322,"GI Tagged - Geographical Indications, India",GiTAGGED,761
285029500623,CARE India,CARE India,739
392666127586890,OpenMind,These ads ran without a disclaimer,712
105915151834417,Budget Hospital,Budget Hospital,681
381955135781255,Distoy Farak Shivshahi Parat,shivshahiparat.com,653
132689140088396,smilefoundation,Smile Foundation,638
466642616726169,Parul University,Parul University,624
165714096933078,Piyush Goyal,Piyush Goyal,600
339775390012345,धीरज रामचंद्र घाटे समर्थक,prolifique media pvt.ltd,593
109420791502943,Adv. Avaneesh Tirthraj Singh,Pulse Digital Marketing,555
102218576103904,Badlaav ki Aandhi Priyanka Gandhi,Badlaav Ki Aandhi Priyanka Gandhi,542
100817349590221,सेवाध्वज - Sevadhwaj,Akash Ramesh Waghchoure,516
132309676835568,Lokmat,Pranoti Vasant Dalvi,514
233934940299506,Sanjay Kakade,Sanjay Kakade,511
522943498076698,Amit Gorkhe,Amit Gorkhe,490
1724487151134092,Vinod Patil,Vinod Patil,488
108861325372008,Bharat Bhagya Vidhata,BharatBhagyaVidhata,450
1345108368906054,Mla Ashok Uike,Mla Ashok Uike,424
104160802532063,महाराष्ट्राची विकासगंगा,महाराष्ट्राची विकासगंगा,407
107250704737912,CA Sushil Bandpatte,Sushil Chandu Bandpatte,400
104979212427874,Shrikant Joshi,Shrikant Anant Joshi,393
313061472906942,Ramesh M. Rajurkar,Mukul Ramesh Rajurkar,390
2252744158291401,Ram Bhojane,Kishor Kisanrao Hinge,378
112290388372786,Shubham Yadav,Shubham Yadav,376
310486349764921,Dr. Meenal Patil Khatgaonkar,Yash Bagh,372
696682427199877,Udaysing Rajput - उदयसिंग राजपूत,Udaysing Sardarsing Rajput,344
1493467387573959,Ghulam Nabi Azad,Advertiseyouonline,340
111184051858591,Shindeshahi - शिंदेशाही,Akshaykumar Shesherao Barve,336
411129449009589,K.C. Venugopal,K.C.Venugopal,324
710582525667586,Virendra Kukreja B.J.P,Virendra Ghanshyamdas Kukreja,323
151608504893523,CNBC Awaaz,These ads ran without a disclaimer,316
103613201036897,Manish Naresh Vaidya,Vaidya Manish Naresh,300
394208647274977,Mahesh Landge,Shrikant Gopalrao Patil,295
996424897179199,डॉ.अंकुश लाड - Dr.Ankush Lad,Pradeep Munjajirao Ranher,284
430647477039880,ACREX India,These ads ran without a disclaimer,280
825425780803214,Shrinath Bhimale,Navanath Sitaram Pawar,278
101380718273876,"J.S.Tradeus -""financial system""",Manish Singh,262
1271259876358363,Adv Bindu Dubey,Bindu Kamlesh Dubey,256
100735178208398,Udyami India,Samadhan Samiti,254
101713962007976,Amrit Mahotsav,Amrit Mahotsav,252
1234043973365624,"Saisamrat Institute Of Hotel Management and Chef Arts - Pune, Kolhapur",Sublize Technology,247
113125761613615,Namma CM Bommai,Recro Media,243
103360725007421,Mahesh Pawale,Nagesh Kulkarni,243
109735351891742,Apex India service,Ajay Tiwari,238
1360805680600676,Sandeep Kshirsagar,Yogesh Padmakarrao Pawar,230
105516187864250,Bhausaheb Bhoir,Bhausaheb Bhoir,229
148931718592314,Tarun Chugh,Adv Tech,228
100499375752339,आपला शेखर शेरे - Shekhar Shere,Daulat Hemant Meher,222
104569618054081,Vikas Arya,Arya Vikas,221
1785302198354679,Dr. Somendra Tomar,Somendra Singh,217
265195530302394,Balasaheb Thorat,Inspire,210
105875965749447,Sangeeta Chendvankar MNS,Chaitanya Prakash Shinde,208
108698488368474,Shankar Jagtap,Nilesh Ramchandra Hadmode,200
103686168843616,Vinayak Bitla MNS,Chaitanya Prakash Shinde,199
589797617804653,Kishor Jorgewar,Karansingh Sanjaysingh Bais,198
306410429539844,Sudhir Alias Dhananjay Hari Gadgil,Sudhir Alias Dhananjay Hari Gadgil,198
238969169627523,Jagdish Mulik,Mulik Jagdish Tukaram,196
108068685368006,Krunnal Gharre,Krunnal Narayan Gharre,195
2108726996065900,Bhawani Singh Rundal,Pawan Kumar Sharma,187
1569852659799372,Nishant Anand,Nishant Anand,186
375141272567406,Ravindra Chavan,Rushikesh Abhijit More,183
102352615977169,Baban Kishan Jagtap,Baban Kishan Jagtap,182
506140783198430,Sonia Doohan,Zaid Ahmed Khan,178
102076624850199,Adv. Swati Shinde - ॲड. स्वाती शिंदे,Swati Nitin Shinde,176
104355998196394,प्रकाश सदाशिव राऊत,Laxman Pandurang Mandole,174
1252824434844737,Abhijit Sapkal,Zaid Ahmed Khan,171
629892770538849,Kailas Patil - कैलास पाटील,Sagar Sarangdhar Randive,169
102123079337554,International Society for Krishna Consciousness,ISKCON Delhi,168
109354741887336,Udhay Anna - உதய் அண்ணா,Politicode,162
129952997339452,Rajendra Maske,Rajendra Tukaram Maske,162
109773291920927,Rohan Survase Patil,Sudhir Maruti Bondre,153
107395897271506,Kutumb,Kutumb App,152
155184094662465,Kesineni Nani,Srinivas Kesineni,151
102608619253290,Dr Kundan Sudhakar Phegade,Akash Singh,149
101657601467250,Gandhi Jewellers,Suraj Suresh Wankhede,148
154547468079438,Mahendra Pandharinath Pathare,Pune Media,145
746568209028564,Dr. Basu Eye Hospital,Dr. Basu Eye Hospital,145
665335126916343,Sushil Mengade,Susheel Shivram Mengade,142
389498414421755,Salil Deshmukh,Salil Anil Deshmukh,142
577856385582447,Raghu Sharma,Kanishk Bansal,141
667560657014524,Mahendra Singh Solanki,Nitesh Tiwari,141
104628274863598,भाजपा येणार मुंबई घडवणार,Mahesh Dattatray Bhendekar,140
385658441549334,Deepak Bhati Chotiwala,Dipak Bhati,140
10150110302115599,Genesis Foundation,Genesis Foundation,140
1955301821451552,Abhishek Dutta,Abhishek Dutta,138
825425780803214,Shrinath Bhimale,Pawar Ashwini Navnath,137
138266643524627,National People's Party,NPP India,136
107180972114487,"Chandrakant Dada - Vision, Mission and Values",GRIP AMATYA PVT LTD,136
105131972468053,Dr.Rajesh Banavanna,Rohit Sadanand Indulkar,133
104633612411419,Dr Samir Kagalkar,Dr Samir Kagalkar,129
109916533853207,AMIT KUMAR SINGH,Akash Singh,129
103206797721245,Tollygunge Trinamool Congress,Nargis Khatun,128
256786777695561,Anil Deshmukh,Vaibhav Gajendra Tumane,127
102710804961947,Patanjali Nutrela Products,Saura Bh Sin Gh,127
108564890698720,Dhairryasheel Vijaysingh Patil,Sublize Technology,124
1651727365046605,Pukh Raj Parashar,Pukh Raj Parashar,123
1833063973597290,Amol Shinde,Akshay Nagesh Bhosale,123
104529019060883,Manoj Dandge - मनोज दांडगे,Zaid Ahmed Khan,119
321228061382932,Pt. Shekhar Dixit,Websofy Software Private Limited,118
168926709808825,Rahul Bondre,Arpit Jain,117
102749268302788,Vishwas Kashid - विश्वास काशिद,Shivray Production,113
106379398894085,डिजीप्रचारक - डिजिटल प्रचार यंत्रणा,Rahul Mahadev Rasve,110
524665794408050,CASA,Arushi Narchal,105
109024531917635,Vaishali Suryawanshi - वैशाली सुर्यवंशी,Sunny Dilip Shirode,104
101484752749501,Yajnavalkya Shrikant Jichkar,Zaid Ahmed Khan,104
280250759492293,Samir Gurav,Samir Gurav,104
107672224047064,Rajkaran - राजकारण,Akshaykumar Shesherao Barve,102
247386955899374,May Marathi - माय मराठी,Akshaykumar Shesherao Barve,102
105803568927444,Shinde Sarkar - शिंदे सरकार,Akshaykumar Shesherao Barve,102
428465600694050,Archana Ranajagjitsinha Patil,Mangesh T Chaudhari,101
631788120242478,गर्जा महाराष्ट्र,Akshaykumar Shesherao Barve,101
103872282435840,समदं ओक्के मध्ये आहे,Pravin Keraba Pawar,≤100
106115058183925,Capt Parag Patkar,Gaurav Ganesh Tibe,≤100
718246468212498,Gajanan Ghuge - गजानन घुगे,Kalpesh Balasaheb Patil,≤100
101564641386325,Anand Bharose,Anand Sheshrao Bharose,≤100
678853252178113,Bhushan kasliwal - भूषण कासलीवाल,Bhushan Jaichand Kasliwal,≤100
108853645419746,Mayur Vaidya - मयूर वैद्य,Harshal Subhash Wani,≤100
2156330694593998,Priyanka Pravin Barse,Priyanka Pravin Barse,≤100
784341871657561,Chandrakant Anna Nakhate,Hitesh Vilas More,≤100
1691192341172352,Yashwant Bhau Bhosale,Sushant Sayaji Salunkhe,≤100
243524299157863,Pushkar Singh Dhami,Pushkar Singh Dhami,≤100
328153847848599,Dr. Sarvan Baghel,Ankit Tiwari,≤100
303843923430261,Shivshankar Ghuge - शिवशंकर गजाननराव घुगे,Shivshankar Ghuge - शिवशंकर गजाननराव घुगे,≤100
216506801885954,Pankaj Chaudhary,Yash Bagh,≤100
111622410196045,State of Youth,These ads ran without a disclaimer,≤100
112326528253527,Apex Online Solution,Ajay Tiwari,≤100
108776888018439,Kolhapur Real Estate Properties,Prashant Prakash Sawant,≤100
100261681984666,S P Tyagi Pintu,Mahesh Dawara,≤100
109750051369903,Vikas Gajanan Mhatre,Sanket Vinodkumar Surana,≤100
592160907509900,Diya Kumari,Diya Kumari,≤100
103070819279011,"Dadarao Dolharkar - मुख्याधिकारी,नगरपरिषद,यवतमाळ",Atique Arif Rahman,≤100
100196004828444,North Eastern Council,Sourabh Arvind Dubey,≤100
107520521116938,Pratibha Raghunath Jawalkar - प्रतिभा रघुनाथ जवळकर,Pratibha Raghunath Jawalkar - प्रतिभा रघुनाथ जवळकर,≤100
600061223342178,Ghanshyam Tiwari,Bhanu Pratap Singh,≤100
113338681581166,NICT Technology Csp Pvt Ltd,Abhishek Kumar,≤100
106126212227764,P Mudar Loan,Mukeshbhai Samatbhai Rathod,≤100
102247648189554,Political महाराष्ट्र,Shamal Hiralal Khairnar,≤100
103206797721245,Tollygunge Trinamool Congress,Mohammad Azharuddin,≤100
108209555020383,B somashekar,RMT,≤100
112063110264634,Satish Ghatge-सतिश घाटगे,Satish Ghatge-सतिश घाटगे,≤100
104380522522154,Durgveda Rohit Jadhav - दुर्गवेडा रोहित जाधव,Durgveda Rohit Jadhav - दुर्गवेडा रोहित जाधव,≤100
115485096526495,Delhi MSW Solutions Ltd,Delhi MSW Solutions Ltd,≤100
104311631954217,Pharma Simplified,Dawa Charcha,≤100
343731449001203,Dainik Savera,Mohit Johari,≤100
404746486258732,Project Nanhi Kali,Project Nanhi Kali,≤100
252791995383178,Maharashtra Multimedia Communications,Shubhada Ashish Joshi,≤100
270111243000982,Harsimrat Kaur Badal,Harsimrat Kaur Badal,≤100
287137498056981,Shailesh Nitin Trivedi,Arpit Jain,≤100
184278081698180,Ashok Gehlot,Ashok Gehlot,≤100
1397767487148044,Jaidatta Kshirsagar,Jaydatta Sonajirao Kshirsagar,≤100
112323910564569,Choice Pill,These ads ran without a disclaimer,≤100
278319216361879,D S R Patil,D S R Patil,≤100
339835596096353,Satish Poonia,Choudhary Ramesh Chaudhary,≤100
1519532211704707,Ramesh Gaikwad-रमेश गायकवाड,Ramesh Gaikwad-रमेश गायकवाड,≤100
548207961952860,Atul Save,Trimurti TechServ Pvt. Ltd.,≤100
273332066175444,Abhinandan Educational and Welfare Society,Ashish  Chauhan,≤100
385303288239154,Raghuveer Singh Tanwar,Raghuveer Singh Tanwar,≤100
107871612172059,punam,These ads ran without a disclaimer,≤100
317042561720861,Sunil Deodhar,Sunil Deodhar,≤100
100389844707830,Mahesh Tilakdhari,Mahesh Dawara,≤100
108517975461746,SushmaTai - The Iron Lady Of Maharashtra,Vipul Nagnath Jadhav,≤100
101066972834332,CA Vitthal Nawandhar,Vitthal Nawandhar,≤100
1932900346831325,Rajesh D Sanghvi,Rajesh Dineshchandra Sanghvi,≤100
195167817324812,Pawan Khera,Indian National Congress,≤100
112984114620013,Kandi Srinivasa Reddy,Srinivasa Reddy Kandi,≤100
109919117088960,Vivek Shrikant Pandey,Vivek Shrikant Pandey,≤100
281087312058182,Anand Dubey,Akash Singh,≤100
173536432700799,Ahmed Balala,Ahmed Balala,≤100
260284714611584,Mahesh Gangane,Zaid Ahmed Khan,≤100
811330598995413,Jagadeesh Gudagunti,Jagadeesh Gudagunti,≤100
106261054498841,Advocate Rajat Bhargava,Rajat Bhargava,≤100
100423322637137,Kawasi lakhma,Dhaval Kumar Jain,≤100
648392601873373,Ashok Chandna,Mukesh Kumar Yadav,≤100
369063569936141,Lung Care Foundation,Lung Care Foundation,≤100
1783001841927248,Nutan Odisha,Niti Pollsters Private Limited,≤100
275323192533622,Mad over Marketing (M.O.M),These ads ran without a disclaimer,≤100
846994962145905,Manoj Kumar Aggarwal,Durga Kumari,≤100
110925871860032,Kumar gul,These ads ran without a disclaimer,≤100
528144820729879,Pramod Sehwag,Vikas Kumar,≤100
103673315495075,Shakeel Khan Kaman,Mohd Shakeel Khan,≤100
127511739040748,Babasaheb D Patil,Babasaheb D Patil,≤100
123900254903525,Rahul Singh Lodhi,Rahul Singh Lodhi,≤100
1510631479236816,Hawa Badlo,social cloud ventures Pvt Ltd,≤100
804538566410307,Sudhindar Moond,Prakash Jaiswal,≤100
162115051234970,Dharmendra Singh Lodhi mla,Dharmendra Singh Lodhi,≤100
994578073995343,B. L. Verma,Sourabh Arvind Dubey,≤100
104867526497,Frontlist,Frontlist,≤100
100321805910320,Jamesons Info Solutions,Jamesons Info Solutions,≤100
244392172424463,Annasaheb S. Jolle,Pandurang Appanna Patil,≤100
350880081913337,Sahdev Salaria,Rajesh Jaswal,≤100
100386762910841,Pankaj Srivastava - JIS,Pankaj Srivastava - JIS,≤100
113188955003281,Raj Shaikh-राज शेख,Vaibhav Ganesh Chikhale,≤100
112709838355954,Prachar99,Prachar99,≤100
105211528341692,उत्तर प्रदेश की राजनीति,Hemant,≤100
241940555912671,Chandigarh University,Chandigarh University,≤100
834432743328746,Prakash Dwivedi,Prakash Chandra Dwivedi,≤100
381937732180611,Vineet Joshi,Vineet Joshi,≤100
708844685796745,OP Choudhary,OP Choudhary,≤100
263426780493993,Rajesh Pahalwan Purkhasia,Rajesh Kumar,≤100
100113008488735,Eknath Shinde FC,Eknath Shinde FC,≤100
146702709146110,Ashu Singh Surpura,Ankit Kumawat,≤100
511725522329475,Sampurna Samachar Seva,Sampurna Samachar Seva,≤100
695738973874352,Dr. Sumer Singh Solanki,Sumer Singh Solanki,≤100
1706371292942156,"Ministry of Development of North Eastern Region, Government of India",Sourabh Arvind Dubey,≤100
111425948307719,शेतकरी संकटमोचन संघटना,Akash Singh,≤100
108558100489665,IHW Council,IHW Council,≤100
112061804808512,Sports Development Authority of Bihar - SDAB,Ajit Kumar,≤100
1924627484438235,Arlak Ayurveda,Swati Dhiman,≤100
1714627758756924,अशोक सिंह रावत -भाजपा,Susheel Kumar Garg,≤100
109066315147120,News Temple,Jainendra Agrawal,≤100
102161921182493,Ram Niwas Garg,Ram Niwas Garg,≤100
1613686538669654,Ashok Singhal Foundation,Digital Xplode,≤100
108536391949423,जनसेवक मंच,Pankaj Sharma,≤100
163190160489585,Vasundhara Raje,Vasundhara Raje,≤100
1088373891289696,Kamal yadav,Akash Singh,≤100
189271178483352,Five Lotus Indo German,Five Lotus Indo German,≤100
693289664149663,Dr. Shashikant Sharma,Dr. Shashikant Sharma,≤100
104211439033799,Jagane Kavali,Jagane Kavali,≤100
109022618722480,Prof. Nasir Ahmed,Prof. Nasir Ahmed,≤100
224618077692752,Sanjay Tandon,Saraansh Tandon,≤100
101964264562944,Sanjay Singh Gangwar,Sanjay Singh Gangwar,≤100
100195048804779,KRJ Bharath,Krishna Raghava Jayendra Bharath,≤100
100557946286634,BJP_Luni Vidhansabha,These ads ran without a disclaimer,≤100
1398644300372038,Kalakarah,These ads ran without a disclaimer,≤100
110120115042838,Ramesh Choudhary,GRIP AMATYA PVT. LTD.,≤100
268437163351102,Saurabh Srivastava,Saurabh Srivastava,≤100
1479086895672584,Sureshkumar Jethliya-सुरेशकुमार जेथलिया,Vaibhav Ganesh Chikhale,≤100
1770518973014321,Kuldeep Vats,Click2Public Technologies OPC Pvt. Ltd.,≤100
292954404384524,Gajendra Singh Patel,Gajendra Singh Patel,≤100
104789674877474,Office Of Prajakt Tanpure,Sharad Raybhan Tanpure,≤100
674757045920691,Jayadev Galla,Aditya Vemulapalli,≤100
157300124326821,Arlak Biotech,Swati Dhiman,≤100
113533034939339,Bharat K Gupta,Aksh Bhargava,≤100
107538390972980,झारखंड प्रदेश यादव महासभा,Bajrangi Prasad Yadav,≤100
105354058906524,Bjp Shekhar Sharma,Shekhar Sharma,≤100
106313415317403,Shobhit Jaiswal,Sarvesh Shukla,≤100
615440561843630,Pusp Jain,Bharat P. Talaisha,≤100
107796941073051,Appasaheb Kothule Adhikrut,Aappasaheb Madhukar Kothule,≤100
102918578396128,LivAyur,These ads ran without a disclaimer,≤100
103251851710926,Akula Srivani,Anjan Kumar Akula,≤100
111898381574605,spritualpage2022,These ads ran without a disclaimer,≤100
579070728906826,Prabhasakshi,Gautam Radheshyam Morarka,≤100
743418359142684,Bajrangi Prasad Yadav,Bajrangi Prasad Yadav,≤100
179765292047054,Manickam Tagore,Kathiresan K,≤100
101810851917422,Atul Agrawal,Atul Kumar Agrawal,≤100
186199704897466,RD Foundation,RD Foundation,≤100
283778738935226,Indian Steel Association,Sanjay Sinha,≤100
116826024635173,slspmun,These ads ran without a disclaimer,≤100
100485426184353,AJP,Manoj Kumar Singh,≤100
2610079412396734,Amaresh Rai,Amaresh Kumar Rai,≤100
621175231596918,Ketan Naik,Abhishek Arun Gaikwad,≤100
110132160741768,Polstrat,Polstrat Communication,≤100
200996173940413,Md Shakir Ali,Mohammad Salman,≤100
764865110238987,Varinder Shah - Bulle Shah,Big Boys Consulting Private Limited,≤100
1384169104959232,Sardarbhai Chaudhari - BJP,Sardarbhai S Chaudhary,≤100
1374690562667769,MLC Dr. NK Yadav,Nilay Krishna,≤100
1203697573031051,RK Imo Singh,Rajkumar Imo Singh,≤100
111560924353656,Swetha Reddy,Rajendra Reddy Bhuvanagiri,≤100
103200525802861,Pradip Patil - प्रदीप पाटील,Pradip Baliram Patil,≤100
156305911727294,Ravinder Singh Negi,Shyam Sunder Singh Negi,≤100
371431979647138,Rajesh Tantri,Rajesh Tantri,≤100
168545223213479,Omprakash Hudla,Pankaj Sharma,≤100
550287678727831,Bharath Reddy Ravula,Bharath Kumar Ravula,≤100
101962059420509,The Covid Voices,Pi Consulting,≤100
110073091814905,लोनी की राजनीती,Umesh Kumar,≤100
150727778825020,Mobius Foundation,Mobius Foundation,≤100
415332588877399,Banda Karthika Reddy,Chandra Reddy Banda,≤100
102298649446564,Akhilendra Paratp Singh,Arun Pratap Singh,≤100
758732480809533,Marri Adithya Reddy,Ramesh Tamannagari,≤100
102616298277409,Afaque ahmad,Afaque Ahmad,≤100
617711705242584,Khabarwaale Tv,Parminder Singh Jatpuri,≤100
112416208401531,Sanjay Tamboli,These ads ran without a disclaimer,≤100
127370751263395,Govind Ram Meghwal,Danish Khan,≤100
108317665490916,Satyen Srivastava,Naveen Singhal,≤100
102106021886833,A K Sharma,Harish Sahrawat,≤100
103447715984080,Devki Shah Foundation - Regd,Bhawana Negi,≤100
108010988655573,We R News,Kushagra Pathak,≤100
100935642733964,Hindi Khabar Digital,The Narrative Builders,≤100
626040200837891,Ashwini Paranjpe,Trivikram Kashinath Paranjpe,≤100
102018225696367,वसीम राईन पसमांदा मुस्लिम महाज,Bhupendra Sharma,≤100
219184559533331,Buyofuel,These ads ran without a disclaimer,≤100
112475780481777,Bahadur Singh Chouhan,Manoj,≤100
102578861852952,Naresh Chavda,Akash Chavda,≤100
100467895262186,Dr Premchand Jaysi,Arpit Jain,≤100
148039562030208,सुशील आनंद शुक्ल संचार प्रमुख छत्तीसगढ़ कांग्रेस,Arpit Jain,≤100
105660452148988,kingmaqsoodahmed,These ads ran without a disclaimer,≤100
859062124477780,WSM KHAN,These ads ran without a disclaimer,≤100
102335115041934,Nara Bharath Reddy,Sunil K S,≤100
1395097470761321,Vanga Madhusudhan Reddy,Gogireddy Sai Vaibhav Reddy,≤100
447456022283373,Amit Agarwal,Vaibhav Mittal,≤100
880061088804589,Sameer Bhati,Adv Tech,≤100
102091768921733,Ashok dubey bjp,Prashant Mahton,≤100
103123778911207,CSC Id Provider,Satyam Kumar Sahni,≤100
1954072204870360,NEWJ,Anant Bhardwaj,≤100
113123373786875,Devender Nim,Anshul Sharma,≤100
169704047052778,Bakhar Abbas Abid,Bakhar Abbas Abid,≤100
105682567774739,Tajinder Singh Sran,Tajinder Singh,≤100
747930775373319,Saral Patel,Saral Patel,≤100
2163983083861031,Atul Kapoor,Atul Kapoor,≤100
100488601295720,Leena Sanjay Jain MLA,Yashraj Vyas,≤100
643216342792266,দেবাশিস পণ্ডা ভারতীয় Debasis Panda Bhartiya West Bengal,Debasis Panda,≤100
326243404670820,Mohammad Shariq,Shariq  Mohd,≤100
322406674571533,Jonnalagadda Padmavathy,Aluru Erriswami Reddy,≤100
854256021383031,Vinod Sevan Lal Chandrakar,Vinod Sevan Lal Chandrakar,≤100
104835264704460,रघुवीर सहरिया सलेमपुर,Anshul Kumar Gupta,≤100
1989559438006318,قاضي محمد عبدل وهاب,These ads ran without a disclaimer,≤100
2082424261866450,Vii Media,Bhalinder Singh,≤100
114606387073785,Deepak Balutia,Deepak Balutia,≤100
390976557590103,I Support Narendra Modi,I Support Narendra Modi,≤100
928448863892029,RK Sinha,RK Sinha,≤100
106471270702510,Robit Tiwari,Akash Singh,≤100
102465501806712,Gunnala Sunithakka Sena,Gunnala Sunithakka Sena,≤100
1027978147349245,Hukam Singh Apawat,Akash Singh,≤100
101313702138643,Krushna Harzani,Akash Singh,≤100
2370311926329271,Dr. Surendra Singh Shekhawat,Tanuj Singh,≤100
137957159747076,Tarun Rathi,Rajesh Madanlal Agarwal,≤100
221443512623900,Dr N Goutham Rao,Gaddam Vinaykumar,≤100
978736438816607,Neha Sarrvesh shukla,Sarvesh Shukla,≤100
100969128340893,Vivek Mishra Bina,Vivek Mishra,≤100
435129856992845,Shailendra Bhargava,Ganesh Thapa,≤100
104937075674394,The Narrative Builders,The Narrative Builders,≤100
579724758737630,Gagan Kamboj,Raj Kumar,≤100
110679913629785,Rajesh Yadav,Akash Singh,≤100
111349604061149,Amaresh Dwivedi Bajrangi Page,These ads ran without a disclaimer,≤100
107327848484865,राजस्थान की राजनीति,Hemant,≤100
231512217793516,Ashok Goel Mangaliwala,Ashok Kumar Goel,≤100
274625602685907,Nayab Saini,Praveen,≤100
103938718132710,Telangana Digital Media Wing,Telangana Digital Media Wing,≤100
1849504638653413,Khabar Info,Sarvesh Shukla,≤100
802311956513987,Rahul Singh,Rahul Singh,≤100
109113120512808,हरियाणवी STAGE,These ads ran without a disclaimer,≤100
794348367359918,Bharath mudiraj,C Bharath Kumar,≤100
116997354325105,Wg Cdr Anuma Acharya,Anuma Acharya,≤100
269761569864265,Rao Padma,Kushal Reddy Rao,≤100
103045744642221,Dinesh Joshi,Vijendra Singh,≤100
490167811006821,Neena Vikram Verma,Yuvau Digital,≤100
222719048656244,Ved Prakash Ojha  IMC,Vivek Vashisth,≤100
1433894153522813,Pramod Bhaya,Kapil Sain,≤100
102297601605813,Uttampal Singh Purni,Uttampal Singh Purni,≤100
105446072160586,Suprabhat Pragati,Akash Singh,≤100
110847490543428,Vipul Kumar Salwan,Vipul Kumar Salwan,≤100
250007248502240,Golu Shukla,Modi For PM Organization,≤100
374624255968280,Lokender Singh Rajawat,Kapil Sain,≤100
109391860938944,DishaShankar,Shankar Disha,≤100
423874327718687,Vikas Bhagat Fans Page,Sandeep Mishra,≤100
114888728154370,Network Marketing Minister,These ads ran without a disclaimer,≤100
101484635299482,Shashi Kant,Shashi Kant,≤100
444000972398140,Dr. Ajay Dharam Singh,Ramkishan Singh Maninder Singh,≤100
1874185392653723,Cabinet Minister Pramod Jain Bhaya,Rupali Sharma,≤100
354210368277318,Diwan Singh Bisht MLA,Sandeep Bhardwaj,≤100
104435349144216,Nara Bharath Reddy Fanpage,Nara Bharath Reddy Fanpage,≤100
107594498397701,Kajer Manush Aroop Biswas-কাজের মানুষ অরূপ বিশ্বাস,Nargis Khatun,≤100
519296628180189,K. Manik Rao,Mithun Raj Koninty,≤100
108256145228951,hanumangadi_tikarmafi_amethi,These ads ran without a disclaimer,≤100
100246572087472,Bhupendra Singh Shaktawat,Bhupendra Singh Shaktawat,≤100
327009747444640,Ayushi Shrimali,Akash Singh,≤100
106949818442504,The Water Chronicles,Prithviraj Nath,≤100
109276898694757,Manorath Nirala AAP,Kavita Kumari,≤100
220763285057394,Upkar Singh Sandhu,Shiba Luthra,≤100
446802242369953,Dr Shazad Ahmed Malik,Shahzad Ahmed,≤100
105927372228070,युवा बंजारा क्रांती - यवतमाळ,Akash Ramesh Waghchoure,≤100
114692509200057,चंद्रशेखर मालवीय मित्र मंडल,चंद्रशेखर मालवीय मित्र मंडल,≤100
565714670143123,Ashok Saini,Engitech Media,≤100
1996352967067410,Tealogy,Tealogy Cafe Pvt. Ltd.,≤100
527713340733138,Ashish Choudhery,Ashish Choudhery,≤100
104119764974972,BM Sukumara Shetty Kollur,BM Sukumara Shetty Kollur,≤100
196338294250820,Rohit Gangwal,Modi For PM Organisation,≤100
102597425311635,Surya Pratap Singh,Surya Pratap Singh,≤100
172182742974160,Chunni Lal Sahu,Chunni Lal Sahu,≤100
105981875724337,B K Anil Kumar,Gallileo Ms,≤100
140930379388330,Kishan Reddy Gangapuram,TechnoDigi,≤100
103125628674152,Dushyant Raj Singh Chundawat Chittorgarh,Tanuj Nandwana,≤100
100465918662286,Netafy,Prutha Umeshkumar Pandya,≤100
326102339565,Oxfam India,These ads ran without a disclaimer,≤100
393768164105774,Parimal Nathwani,Parimal Nathwani,≤100
667862236707254,Rohit Kumar Singh,Arshad Ansari,≤100
181418895366896,Ganesh Joshi,Mayank Joshi,≤100
307988255894298,Abhimanyu Singh Rajvi,Puneet Kumar Bulwani,≤100
658320740962100,Prakash Mundiyakheda,Danish Khan,≤100
111654838334899,सीताराम पोखरियाल,Akash Singh,≤100
234704393876570,Dr R K Verma,Rkverma,≤100
1408837089361736,Banappagari Venkat reddy,Banappagari Naren Sai Reddy,≤100
107307305300554,Karagiri Mallikarjuna Reddy,Mallikarjuna Reddy Karagiri,≤100
455697974986681,Bangla Hunt,Bangla Hunt,≤100
1605228336405086,Pankaj Choudhary,Pramender Kumar,≤100
109986065209042,Mera Apna Rahul,Mera Apna Rahul,≤100
2159484957646626,Mahant Daleep Rawat,Daleep,≤100
541307662707328,Dr. Bhajanlal Rollan,Narendra Singh Pachar,≤100
1336863726383886,Gopal Lal Sharma,Ganesh Thapa,≤100
105694514269834,North Eastern Region Community Resource Management Society,Shrinivas Ravichandran Nadar,≤100
251971332383556,Yashveer Shoora,Mukesh Kumar Yadav,≤100
112076118079574,भारत की राजनीति,Hemant,≤100
1766396313424327,Hahnemann Charitable Mission Society,These ads ran without a disclaimer,≤100
1479870168717602,Sanjeev Singh Rathore  - Apna Dal - S,Sanjeev Singh Rathore,≤100
1171462299729165,Sandeep Singh Deswal,Navdeep Sehrawat,≤100
111872195073358,Kusum Sharma - Mona,Vcsmedia,≤100
298838933917947,Yuvraj Prakash,Ashish Kishan Kumar,≤100
1974146329541025,Vinit Malviya,These ads ran without a disclaimer,≤100
108340957720877,Sameer Shaikh Mamsoori समीर शेख मंसूरी,Dilshad,≤100
1116353905141402,Dr. Shivani Matanhelia,Kanushree Matanhelia,≤100
218135701590915,Little NAP Recliners,These ads ran without a disclaimer,≤100
108984951723852,Mithlesh Malik,Naresh Kumar Shoeran,≤100
107545897823033,For Men India,Antara Das,≤100
121286572595378,Harendra Ninama हरेंद्र निनामा,Ganesh Thapa,≤100
22390992794,Deepender Singh Hooda,Abhishek Bhadaoriya,≤100
113369900454663,Jagan choudhary,Jagan Choudhary,≤100
298337847184190,Sumeet Singh,These ads ran without a disclaimer,≤100
104261531073590,Harshvardhan Singh Khuri,These ads ran without a disclaimer,≤100
1802087953245529,Pavan Singh Rajput,Prakhar Kashyap Singh,≤100
107947775357104,बंजारा टायगर - जालना,Akash Ramesh Waghchoure,≤100
100992536219420,Dr Chandrakant Anil Kranti,Akash Singh,≤100
112299140114374,Narendra Singh,Arun Pratap Singh,≤100
796039790602213,Prakash Goud - MLA - Rajendranagar,Prakash Goud Tolkanti,≤100
1856398661143683,Parveen Sarwar Khan,Faraz Sarwar Khan,≤100
652494751574762,Pramod Jaiswal,Sarvesh Shukla,≤100
106825905031150,"Nagar Palika Parishad, Hapur",Nitin Kumar,≤100
182600871930746,Sujata Paul - India First,Sujata Paul,≤100
988113031199582,Dr. Ramesh Chand Tomar,Ashutosh Mishra,≤100
109041710706538,Shankar Ninama Ghatol,Ganesh Thapa,≤100
1040170316105348,Sanjay M.L. Dhakar,Harishanker Dhaker,≤100
224787738121110,Manan Dani,Mananbhai Jatinkumar Dani,≤100
101521235940655,Mukesh Tatwal,Chetan Joshi,≤100
110656905220206,Seema Misra,Nitin Kumar,≤100
1802523420012948,Pratap Singh Khachariyawas,Anirudh Sharma,≤100
108015368279979,Solh Wellness,Omlogic consulting pvt. ltd.,≤100
102010991748513,Ashish Patel,Ashish Natwarlal Patel,≤100
106412445020988,Samman afroz khan,Khandagre Sourabh,≤100
102751837801969,Vijendra Singh Bhamu,Narendra Singh Pachar,≤100
112420847190684,Bijay Kumar Yadav,Bijay Kumar Yadav,≤100
113356014587642,Anupam Sharma,Prashant Sharma,≤100
268998889945816,Darshana Singh,Darshana Singh,≤100
102120932657218,Mudra loan,Sunil Kumar Mandal,≤100
109736847861651,Premendra Pal Singh 'Guddu',Premendra Pal Singh,≤100
135180180340322,Jitendra Verma,Arshad Ansari,≤100
267367763756862,Aditya Birla World Academy,These ads ran without a disclaimer,≤100
100366996109057,Er Manoj Kumar patel,Er Manoj Kumar patel,≤100
105352618893717,Shankar yadav,Shankar Lal Yadav,≤100
108531050841926,Shanu Yadav,Shanu Yadav,≤100
717183008424427,Dalimss Sunbeam Schools,These ads ran without a disclaimer,≤100
245345792846821,Sushil Sunny Agrawal,Prashant Singh,≤100
111362581856611,Mohit Taing Bhardwaj अधिवक्ता श्री कृष्ण जन्मभूमि,Akash Singh,≤100
788299501517767,Vijay Revnath Choure,Shivendra Singh,≤100
863961040416615,Punit Verma पूर्व उपाध्यक्ष विश्व हिन्दू परिषद् काशी प्रान्त,Punit Varma,≤100
105641591260871,Shyam Singh,Shyam Singh,≤100
105870244728334,Lalit Batra,Lalit Batra,≤100
475898282465005,Dr K Laxman,Vijay Kumar Tapadia,≤100
103088902327676,Dwarka Kunj,Rahul Tiwari,≤100
101462126199846,Ravichand - Raja Thakur,Chaitanya Prakash Shinde,≤100
109108857431254,Citizen Saikat Chatterjee,Pratima Barman,≤100
106095411621229,Manoj Aruchamy,Manoj Aruchamy,≤100
106954364654183,Hansraj Gunjal जिला परिषद सदस्य टोंक,Badri Narayan Jangid,≤100
426868484184031,Vimal Katiyar,Sumeet Kumar,≤100
1882711862044371,Er. Shashi Bhushan Rai - Gappu rai,Shashi Bhushan Rai,≤100
274842592677222,Shri Chhotelal,Prakhar Kashyap Singh,≤100
102295672688620,Abhishek Singh,These ads ran without a disclaimer,≤100
552491995227278,Dr. Biplab Siladitya,Biplab Siladitya,≤100
411581785652009,Karamjit Singh Rintu,Karamjit Singh Sandhu,≤100
276512419511205,Kathi Karthika,Policy Briefcase,≤100
107153958711155,South First,south Fist,≤100
102625849396266,Jcoder,Sattar Ali,≤100
106460850969551,News Linkers,These ads ran without a disclaimer,≤100
108577948561269,Deepak Guptaa,These ads ran without a disclaimer,≤100
1493864140639421,Saw Dust,These ads ran without a disclaimer,≤100
101538858448134,The Summer News,Gagandeep Singh,≤100
265267653816271,Devendraa K Sharma,Pankaj Sharma,≤100
109440785244401,Red Pix 24x7,Felix Gerald G,≤100
1757441471197224,Hardik Patel,Hardik Patel,≤100
1293675640776488,गोरेयाकोठी विधानसभा,Alok Verma,≤100
100452136229191,Shyam Sundar Verma - Chairman Khalilabad,Nityesh Srivastava,≤100
212545768837564,Genesis Global School,These ads ran without a disclaimer,≤100
112333551648886,Kalpana Bhatnagar,Ganesh Kumar,≤100
102152441360906,Prakash Bhakar,Shiv Charan,≤100
112676663703345,Rakesh Yadav,Arun Kumar Sharma,≤100
403774803137225,Ashutosh Pandey -RBYS,Akash Singh,≤100
529881643856534,Bhanuben Babariya,Piyush Mantri,≤100
109430072041300,New Sewa Foundation Official,These ads ran without a disclaimer,≤100
105608048991533,Sahityalok,Sahityalok,≤100
111307246928357,Shri Krishna Janm Bhoomi Mathura,Akash Singh,≤100
431454157629297,Mukesh Ahlawat,Nitish Kashyap,≤100
174283059928528,Vijay Baghel,Vijay Baghel,≤100
924791427628665,Sunil Kelanka,Shivendra Shailendra Tiwari,≤100
104418341762895,Anjishnu Chakraborty,Snehasis Chakraborty,≤100
110197854912974,Sonu Singh Garg,Pratik Garg,≤100
1285431401561405,Dev Ansh Foundation,These ads ran without a disclaimer,≤100
912096938897209,Vijay Singh,Vijay Singh,≤100
112132937023603,Nandlal Chauhan,Nandlal Chauhan,≤100
106610625404907,The Fame Guru,Sumit Rajput,≤100
105898378459115,Panney Singh Posana,Ganesh Kumar,≤100
166543968411238,JAN Express,Kamlesh Kumar,≤100
1002191723202473,Suresh Sindal,Suresh Kumar Sindal,≤100
865561586896058,Sushil Singh,Prakhar Kashyap Singh,≤100
1008679835869143,Satish Chandra Dubey,Satish Chandra Dubey,≤100
365136584238569,Shiv Deswal Degana,Brand Balance Private Limited,≤100
110051547152845,The Newswala Network,Akhilesh Kumar Gupta,≤100
105502424787874,Vijendra Saini,Prakash Jaiswal,≤100
224753514204375,Janaagraha,Janaagraha Centre for Citizenship and Democracy,≤100
423928144293931,Mahender Pratap Singh,Pankaj Sharma,≤100
114715311524580,bairagisumit502,These ads ran without a disclaimer,≤100
871859353163525,छिगन लाल यादव,These ads ran without a disclaimer,≤100
104542468470903,Navnath Baban Moze - नवनाथ बबन मोझे,Sagar Subhash Bhalerao,≤100
1406676006269693,Kedar Kansana,Arun Kumar Sharma,≤100
105489569123231,Sunil Shinde,These ads ran without a disclaimer,≤100
111171624493262,Thakur Abhijeet Jasrotia,Abhijeet Singh Jasrotia,≤100
107594498397701,Kajer Manush Aroop Biswas-কাজের মানুষ অরূপ বিশ্বাস,Mohammad Azharuddin,≤100
145235542494307,Vivek Thakur,Vivek Thakur,≤100
607252739670252,Dr. Prannay G Sharma,Kumar Ratnam Sharma,≤100
104955472418465,SLN Manjunath,SLN Manjunath,≤100
176666610656782,Vaishali tomar,Vaishali tomar,≤100
106394871443089,Amit Kumar Singh,Amit Kumar Singh,≤100
100420712601186,Kuldeep Sharma BJYM,Kuldeep Sharma BJYM,≤100
107946518029943,Sheelu Sahu,Naveen Singhal,≤100
339897016435360,LITON GHOSH,LITON GHOSH,≤100
107081225202487,Dr.Anil Dabbu,Unikudos Software,≤100
102616298277409,Afaque ahmad,These ads ran without a disclaimer,≤100
106456887722695,Adesh Yadav BJP,Anil Kumar,≤100
1863083083985484,Kangaro-kgoc,These ads ran without a disclaimer,≤100
110967695146133,Govind Kumar Jain,Ganesh Kumar,≤100
485973368124928,RV Devraj,RV Devraj,≤100
1719133328376872,Yuva Hind News युवा हिन्द न्यूज़,Alok Verma,≤100
1786699921407004,Zia Ur Rehman,These ads ran without a disclaimer,≤100
105222094270542,Dalbir Singh,Shankar Prasad Thakur,≤100
391654307564047,Abhinav Rajasthan Party,Ashok Choudhary,≤100
1039557042789139,BJP Dadra & Nagar Haveli,Ashish Natwarlal Patel,≤100
833013117032671,Bhuwan Joshi,Bhuwan Joshi,≤100
101949365856845,Shri shetal das Gau raksha seva samiti,Akash Singh,≤100
295405070641302,Balraj Kundu,Pankaj Sharma,≤100
502343073431636,Imran gandhi  kichhauchhavi,Prakhar Kashyap Singh,≤100
103004629308904,Vijendradhaker,Anshul Kumar Gupta,≤100
349594075908636,Syed Salman Ali,Saiyad Salaman Ali,≤100
704847062939121,Ranbir Nandan,Ranbir Nandan,≤100
100557221979355,जसवंत सिंह थाटा,These ads ran without a disclaimer,≤100
102339448282189,विवेक कुमार वर्मा,Alok Verma,≤100
397757653699879,धर्मेंद्र कुमार वर्मा उर्फ़  मुन्ना वर्मा,Alok Verma,≤100
297229797104524,Nishank Tripathi BJP,Nishank Tripathi,≤100
115666318501392,HDFC securities,These ads ran without a disclaimer,≤100
103833782263290,Arvind Singh Bhati,Engitech Media,≤100
101898422702437,V N Reddy,Vaidyula Narender Reddy,≤100
1057919687585402,Krishna Mohan Sharma,Prakash Jaiswal,≤100
111698660757765,Dhiraj Prasad Sahu,Anshul Kumar Gupta,≤100
2100849650146359,Ramarao Patil Pawar,Adwings Digital Media Pvt Ltd,≤100
104149467952,SMC Global,These ads ran without a disclaimer,≤100
219839024870824,Dr. Ramesh Chennamaneni,Dr. Ramesh Chennamaneni,≤100
1518866631735090,MLA Jarnail Singh,MLA Jarnail Singh,≤100
616572395111604,Mahendra Singh Ralawata,Mahendra Singh Ralawata,≤100
111697604342383,Monica Rajeev Rajale,Ravindra Kishor Phalke,≤100
116308369063243,Kambria,These ads ran without a disclaimer,≤100
104210551728075,राजस्थान कांग्रेस आईटी सेल,Sandeep Saini,≤100
286497461870410,नूतन देवी राजद,Alok Verma,≤100
107540595411022,Shreechand Khichar,These ads ran without a disclaimer,≤100
898286727215266,Webstruck Stream Solutions Pvt. Ltd,Kanav Kathuria,≤100
624122961126616,Dhanwati Chandela,Luxmi Devi,≤100
1605035726374622,Khatana Bulletin,KHATANA BULLETIN,≤100
702157376600034,Prints Publications,OmLogic Consulting Pvt. Ltd.,≤100
587008988138630,Dinesh Desai,Pixatronix,≤100
2263725767193025,Gulmohar Maitri,These ads ran without a disclaimer,≤100
113947913694086,अनुरुद्ध कुमार,These ads ran without a disclaimer,≤100
1450629991853191,Arvind Gupta,Arvind Gupta,≤100
405744396649440,"Brij Mishra, विकास मिश्र, ब्लॉक प्रमुख औराई",Brij Mohan Mishra,≤100
110323734128375,Anupam Mishra Rld,SYED. MOHD. FUZAIL,≤100
313259842689696,IAS Vishal Singh,Sandeep Kumar Sharma,≤100
114321278197936,Dhanraj Talampally,Gaurish Akki Studio,≤100
2146194495652513,Adv Rajesh Goutam,Rajesh Goutam,≤100
480722652051480,"Sunil Chadha, Ward 97 Chaukhandi Nagar",Jitin Chadha,≤100
1463018893991151,Prabhat Prakashan,These ads ran without a disclaimer,≤100
109870714480863,80 20 Karthikeyan,These ads ran without a disclaimer,≤100
480167365508228,Sheetal Singh Sengar,These ads ran without a disclaimer,≤100
777771655697023,Aditya Shankar Prasad,Pramender Kumar,≤100
111777525150543,Barabar News,Nagarjuna Reddy Kaipa,≤100
170741823043489,V6 News,V6 News,≤100
100375088975103,Dr vibhav varshney BJP,Vibhav Varshney,≤100
715413968601904,Yelahanka  Constituency BJP supporter's,Prashanth B,≤100
141796253017351,Rohit Sehrawat - BJP,Luxmi Devi,≤100
498274733580556,IndoSpace,These ads ran without a disclaimer,≤100
744510998926282,Vinod Agarwal,Rahul Tiwari,≤100
373495509407731,Vriksham - Pregnancy Care Education,These ads ran without a disclaimer,≤100
108159201571035,अरविन्द जायसवाल,Avadesh  Kumar,≤100
301058180261039,Kunwar Brijesh Singh,TechnoDigi,≤100
1992834947595641,महेंद्रपाल चौधरी,Kishan Sankhala,≤100
423924598022376,Shankar Lalwani,Mayur Sethi,≤100
715515095146698,Gandra Venkataramana Reddy,Goutham Reddy Gandra,≤100
113858681342028,Dr. Anjali Yadav,Shiv Charan,≤100
1692202267574672,Parshuram Sisodiya,Ajay Nagriya,≤100
176666610656782,Vaishali tomar,These ads ran without a disclaimer,≤100
441249902634004,Baba Siddique,Baba Siddique,≤100
1822196704770409,Priya Chandela,Luxmi Devi,≤100
105515161411695,Pankaj Singla,Anil Kumar,≤100
1947865801968156,Jasmeet Singh Pitampura,Harjap Singh Dhingra,≤100
2055792651317396,ദുബായ് വാർത്ത - Dubai Vartha,Asiavision,≤100
104517216271689,Rakesh Singh,Rakesh Singh Thakur,≤100
104441248861952,Neelam Aggarwal,Pankaj Sharma,≤100
2156330694593998,Priyanka Pravin Barse,Mayur Satish Kadav,≤100
678876002499539,Mohd Shamim Khan,Shamim Khan,≤100
100955801920583,Meenakshi Chandela,Luxmi Devi,≤100
121008249502193,Ramkhelawan Patel,Ankul Mishra,≤100
1444400162538920,Idris Multani - इद्रिस मुलतानी,Rahul Digambarrao Borole,≤100
1743147019302453,Parminder singh sandhu,Parminder Singh,≤100
103342198327305,Raj Bala Singh,Rahul Tiwari,≤100
120284196268494,Dr. Rajan Jaiswal,Vivek Kumar Poddar,≤100
213947398791863,Dhananjai Singh Khimsar,Dhananjai Singh,≤100
219514401576120,SG Suryah,SG Suryah,≤100
101817042688378,M.P. Nagarajan,Pattan Nagarajan,≤100
1693947314166830,Khoji Narad,Khoji Narad,≤100
1978240835728263,Virendra Sharma Hawamahal,Pawan Kumar Sharma,≤100
101007589571025,Pt. Pradeep Gaur,Pawan Kumar Sharma,≤100
103696795792464,Akhilchaurasiya Akhilchaurasiya,These ads ran without a disclaimer,≤100
100953465306537,Navin Kumar,Raman Raaz,≤100
149347585097059,Down to Earth,These ads ran without a disclaimer,≤100
110115488634351,Inner Light,These ads ran without a disclaimer,≤100
262327200933058,Sumit Kumar,These ads ran without a disclaimer,≤100
804538566410307,Sudhindar Moond,These ads ran without a disclaimer,≤100
367203836657399,Rajendra Singh Surpura,Prakash Jaiswal,≤100
716085012115556,Today Bhaskar,Yashvi Goyal,≤100
106359681831413,Atal_yug,Nishit Jayantilal Kansagara,≤100
132806813793938,Paramjit Singh Sarna,Harjap Singh Dhingra,≤100
100893018993447,Bhavishyat.org,Sachin Khare,≤100
103391399174127,Anand Singh Gorakhpur,These ads ran without a disclaimer,≤100
104524905036336,Voice of Sikh,Voice of Sikh,≤100
110157505314549,Bhumireddy Ramagopal Reddy,Bhumireddy Ramagopal Reddy,≤100
155184094662465,Kesineni Nani,These ads ran without a disclaimer,≤100
851121628345199,Kr. Kaushal Kishore,These ads ran without a disclaimer,≤100
112930025020675,कप्तान भगौर,These ads ran without a disclaimer,≤100
111180954846520,Actusmemus,These ads ran without a disclaimer,≤100
1167147710109064,Vijay Malik,These ads ran without a disclaimer,≤100
104352017847238,Discover Ananthapuram,Anandpurgogula Anil Kumar,≤100
190558061514426,Sharath Krishnamurthy,Vikas C V,≤100
455695858513825,Riyasatnama,Kumar Ratnam Sharma,≤100
109068627682978,Divyanshu Mishra - Anshu,Krishna Chandr Chouhan,≤100
108991704082864,बुंदेलखंड किसान सेवा समिति,These ads ran without a disclaimer,≤100
101152561972974,Priyanka Gandhi,These ads ran without a disclaimer,≤100
105999155405710,Pandit Avadh Sharma,Pawan Kumar Sharma,≤100
589552354835671,Vivekananda Hospital,These ads ran without a disclaimer,≤100
102203675975731,Balli Dada,These ads ran without a disclaimer,≤100
104590325539529,Adv Harita Mehta Fan Club,Sandeep Kumar Rana,≤100
981146398754617,Chingari,Sumit Ghosh,≤100
537742199682221,Sanjeev Jha,Naresh Kumar Shoeran,≤100
1393081727423694,Chandrupatla Sunil Reddy,Sunil Kumar Chandrupatla,≤100
868454096604929,Ujjval Jain,Ujjval Jain,≤100
816288898474925,Naresh Pareek,Pawan Kumar Sharma,≤100
696662543693222,Manjunath Rajajinagar,Manjunatha,≤100
107192855352262,Satbir Singh Kasana,Jagmohan,≤100
100364516129824,बंजारा समाज - किनवट माहूर,Akash Ramesh Waghchoure,≤100
106567158347049,प्रमुख समाचार,Niraj Pandey,≤100
469374213129239,Trehan Iris,These ads ran without a disclaimer,≤100
1463405053879604,Baldev Alawalpur,Anju  Chaudhary,≤100
468618699957192,S R Patil - Shivanagouda R Patil,Tejraj Patil,≤100
1149375478489344,Harvinder Singh Sarna,Harjap Singh Dhingra,≤100
1530456743864870,Dr Subedar shahapur,Shubham Kumar Gupta,≤100
104718829110553,News17,These ads ran without a disclaimer,≤100
112833777225413,Tanushree Roy,Sayan Das,≤100
110173821877863,Vipin Gour,Deepak,≤100
104860424918954,दिल है हिन्दुस्तानी,Abhijit Kumar,≤100
112420847190684,Bijay Kumar Yadav,These ads ran without a disclaimer,≤100
1402611393331912,Nachhatar Singh Virk,Nachhatar Singh,≤100
389557067910726,Arvind Menon,Pawan Sachan,≤100
106477475650941,Mulubhai Bera,Piyush Mantri,≤100
105741735593870,MakeMyTrip Foundation,Prashant Raj,≤100
196446730523811,Nallapareddy Prasanna Kumar Reddy,Nallapareddy Prasanna Kumar Reddy,≤100
112761230468015,J S Akhil,Akhil,≤100
110845431461736,Parsadi Lal Meena,Ayush Bhardwaj,≤100
246558505475210,Bala Ram Choudhary,Mukesh Choudhary,≤100
245675895557121,Pawan Goyal,Pawan Kumar Sharma,≤100
876110252511996,Santosh Sikarwar,Nitin Sikarwar,≤100
257916314892663,Kaustubh Narayan Misra,Kaustubh Narayan Misra,≤100
1422722534642965,B Suresh Gowda,Bettaiah Suresh Gowda,≤100
335178763340082,Bansidhar & Ila Panda Foundation-BIPF,These ads ran without a disclaimer,≤100
111409665094033,Public Opinion Live,Ranjeet Kumar,≤100
106240464785356,Anna Rambabu,Vutla Vinod,≤100
1738702909766330,Basavaraj  Mattimadu,Nataraja,≤100
108702460616096,Nikhilkant Sahu,Mandy Sahu,≤100
385066518260726,Advocate Ishant Gupta,Ishant Gupta,≤100
107063541054115,HT Manju,Gallileo Ms,≤100
107893638574706,Digi Hind News,These ads ran without a disclaimer,≤100
100214898257722,Bhak Budbak - भक बुड़बक,bhakbudbak.com,≤100
116476584663869,Sirikonda Madhusudanachary,Aparna Shere,≤100
103674705306078,Trinkerr,These ads ran without a disclaimer,≤100
101068212898978,ಭೀಮಪ್ಪಾ ಹಂದಿಗುಂದ,Click Digital Marketing Services,≤100
108497578583588,Janpeace Live,Trishanu Kaushik,≤100
105078967734288,"திருமதி.சுபத்ரா இராஜ்குமார் BCom, ஊராட்சி மன்ற தலைவர் காக்களூர்.",R Raj Kumar,≤100
105915229076498,Rruz Design & Illustration,These ads ran without a disclaimer,≤100
75608370019,United States Institute of Peace,These ads ran without a disclaimer,≤100
9394693002,Bloomberg,These ads ran without a disclaimer,≤100
260465258053095,Ron Thotakuri,These ads ran without a disclaimer,≤100
31292782350,Deutschland.de,These ads ran without a disclaimer,≤100
152292984850728,International Monetary Fund,These ads ran without a disclaimer,≤100
124285820927337,Durham University Business School,These ads ran without a disclaimer,≤100
100162365059856,मुख्यचर्चा,These ads ran without a disclaimer,≤100
115714223158581,Jurnal Koh Wang Xin,These ads ran without a disclaimer,≤100
110333931764735,Smile Papers,These ads ran without a disclaimer,≤100
104025197797640,Matthew John - Short Story Teller,These ads ran without a disclaimer,≤100
2099740663477643,Present-day,These ads ran without a disclaimer,≤100