﻿Page ID,Page name,Disclaimer,Amount spent (BSD),Number of ads in Library
137651823623470,Office of the Prime Minister - The Bahamas,The Office of The Prime Minister Bahamas,290,4
114606549484,Philip Brave Davis,The Office of The Prime Minister Bahamas,255,4
110510071864172,"Deputy Prime Minister of The Bahamas, Chester Cooper","Deputy Prime Minister of The Bahamas, Chester Cooper",≤100,1
1025152104235573,Team Cooper - Chester Cooper,Isaac Chester Cooper,≤100,1
108785284600576,"J. Kwasi Thompson, MP East Grand Bahama",Kwasi Malik Thompson,≤100,1
223866858074475,This TIME McAlpine,Frederick Antonio Mcalpine,≤100,2
187766727949541,Deportivo Alavés,These ads ran without a disclaimer,≤100,2
100912541413695,Más Impulso,These ads ran without a disclaimer,≤100,2