﻿Page ID,Page name,Disclaimer,Amount spent (VEF)
112759588312679,cesaralmeida2024,an advertiser in Venezuela,6392564
110530401611698,real.termometronacional,an advertiser in Venezuela,3750000
11449543593,Carlos Ocariz,an advertiser in Venezuela,2500000
564188034075673,Roberto Enriquez,an advertiser in Venezuela,1250000
161707728106607,BayWa r.e. Global,These ads ran without a disclaimer,258113
747420075340256,El Agricultor Primero,These ads ran without a disclaimer,310
111537877830688,alejorozco1,These ads ran without a disclaimer,≤100
105971132265220,Luis Fernando Guerra O,an advertiser in Venezuela,≤100
31292782350,Deutschland.de,These ads ran without a disclaimer,≤100