﻿Page ID,Page name,Disclaimer,Amount spent (MXN)
101781255389017,La Mañanera,La Mañanera,1842
1604225183208432,Heraldo de México Aguascalientes,Aguascalientes,1321
903141280075341,El Bunker Político,El Bunker Político,853
107860171089781,Medios AGS,Medios AGS,540
100920035441653,El Neutral,El Neutral,503
102353627980078,Del Merito Ags,Del Merito Ags,423
100320426220425,Colima con C de Claudia,Colima con C de Claudia S.A DE C.V,254
104066812502973,La raíz del cambio,LA RAÍZ DEL CAMBIO S.A DE C.V,238
118921468203786,Movimiento Ciudadano,Movimiento Ciudadano,222
146854998658908,Metropolitano Aguascalientes,Metropolitano Aguascalientes,216
101586941848171,Gil Gutiérrez,Gil Gutiérrez,196
446770845424711,Fernando Herrera Ávila,Fernando Herrera Ávila,172
354326078079338,Campaigns and Elections Mexico,Campaigns & Elections México,161
133761830290194,Tere Jiménez,AI MKT,135
100261186230213,El cambio es juntxs,El Cambio es Juntos S.a de C.v,122
101301916123086,Transformarte,transformarteconlat.com,118
113990284949467,Avance y Progreso,avanceyprogreso.com,116
108075988755990,Nayaritas con la transformación,Nayaritas con la transformación,112
104868202533100,Café y Noticias Mx,cafeynoticiasmx.com,110
923633637651202,Morena Sí,Morena Sí,105
237286396650510,Enkoll Inteligencia de Mercados,Enkoll,≤100
107123832200376,El Valor de Transformar,EL VALOR DE TRANSFORMAR S.A DE C.V,≤100
100483239526430,Con ella Sí avanzamos,conellasiavanzamos.com,≤100
111300295094359,Baja Sur piel morena,BCS de piel morena,≤100
109004905332009,El corazón de la transformación,El corazón de la transformación,≤100
114728268088874,El más Grande va con la Mejor,El más Grande va con la Mejor,≤100
345995382241686,PODER 360,PODER 360,≤100
122404620204,Oxfam México,OXFAM MEXICO AC,≤100
710439142491735,Aldo Ruiz,Erik Soto Becerril,≤100
103130615522708,Revolución3.0 Aguascalientes,DEGI,≤100
101090286010719,Gestoría Social Para el Bienestar Baja California Sur,Luis Felipe Benitez Gomez,≤100
229711387059585,Hola Aguascalientes,holaags,≤100
56713285274,Greenpeace México,Greenpeace México,≤100
105728245738079,Andan Agusto,Que Siga López,≤100
171334067016396,Daniel Gutiérrez Castorena,Daniel Gutiérrez Castorena,≤100
104680124489636,Demoscopia Digital,Demoscopia Digital,≤100
340702356593042,A Criterio,Medialog México,≤100
105179348735917,Gestoría Social para el Bienestar,Luis Felipe Benitez Gomez,≤100
100295832888456,Con Claudia Si,conclaudiasi.net,≤100
100242005506001,Medestetic México,Medestetic México,≤100
101418072088431,Marylupe Arellano,Alfonso López,≤100
109634395756375,Save the Children México,Save the Children México,≤100
102551913153712,Ricardo Monreal A.,Ricardo Monreal Ávila,≤100
493453457351145,Coparmex Nacional,Coparmex Nacional,≤100
106295648496570,Infiltrados Tamaulipas,Estamos Unidos Mexicanos,≤100
107652783975551,CS Medicina Estética,CS Medicina Estética,≤100
140242770250742,La Cuarta Transformación,La Cuarta Transformación,≤100
147751821930575,Salud Digital Fundación Carlos Slim,Fundación Carlos Slim,≤100
174058432636166,El Deforma,El Deforma,≤100
924089080977210,Tumbaburross,Tumbaburross,≤100
177319665650476,ClikiSalud - Fundación Carlos Slim,Fundación Carlos Slim,≤100
108950188713101,Memes Derechos Laborales,SUB Inteligencia de marca S de RL de CV,≤100
101128435630238,Química y Formulación,Química y Formulación,≤100
458859544909547,DICES,DICES,≤100
114024430364416,YoXmx,Yoxmex,≤100
584627115000239,Mexican News,The Mexican News,≤100
915220875259528,Telokwento,TELOKWENTO,≤100
701081426599480,Boletín MX,Boletín MX,≤100
100557755099985,Convocatorias 2023,Convocatorias 2023,≤100
107987827999009,Beneficios en México Independiente,Edith Martinez Orta,≤100
300012556733023,Católicas México,Mario Bernal Gomez Llanos,≤100
309520537353,Fondo Semillas,Fondo Semillas,≤100
102909764870211,Parlamento Digital,Retos y Logros,≤100
124631600949535,Yo Influyo,Yoxmex,≤100
1545159435758992,Ideas México,Ideas México,≤100
1415691342026378,Fundación Carlos Slim,Fundación Carlos Slim,≤100
48966795116,Amnistía Internacional México,Amnistía Internacional México,≤100
171494803269262,Noticias México,euthenics,≤100
107634672145424,Defiendo la Transformación,Defendiendo la Transformación S.A de C.V,≤100
1095948597209125,Grupo Financiero Banorte,Banco Mercantil del Norte,≤100
112193307898373,Electoralia Veracruz,José Ramón Rodriguez Romero,≤100
109896661873670,Bienestar México,Bienestar México,≤100
101701991930418,UNIDEV,UNIDEV,≤100
512970635509057,Memo Flores,Guillermo Flores,≤100
105735178930957,Centro de Especialización y Desarrollo Profesional CEDEP,Wilber Daniel Gonzalez,≤100
106307612088667,Preparatoria en Línea SEP,UNIDEV Universidad SC,≤100
1452189031676518,Hyundai México,HYUNDAI MEXICO,≤100
463358453871269,JuanMa Munguía,JuanMa Munguía,≤100
103395775997425,Prepa en Linea desde casa SEP,UNIDEV Universidad SC,≤100
105505599062277,Atte.tuamiga,Atte.tuamiga,≤100
102842448953539,SOFIA GDB,Sofia Gdb,≤100
254852601222832,CEMEX México,CEMEX México,≤100
164183347562623,Denuncia México,euthenics,≤100
107727682047392,XunMexicodeverdad,X UN MÉXICO DE VERDAD,≤100
160752503961,EMEEQUIS,EMEEQUIS,≤100
283674865910754,Reporteros Sin Censura,Tresa Publicidad,≤100
111810526917005,Leticia Olivares Jiménez,Faustino Damian Claudio,≤100
1772086512892206,Revolución Democrática 2.0,Canek Ortega Cano,≤100
105278152331161,Becas y Convocatorias,Becas y Convocatorias,≤100
1082836978406151,OCNFeminicidio México,Mario Bernal Gomez Llanos,≤100
105848177845789,All Out en español,All Out,≤100
2224502900946392,Diplomados UNAM- Congreso.,Martin Vera,≤100
101447142098051,Marisol Hernández,Larisa Castañeda Hernandez,≤100
113262081569264,Observatorio Mexicano de Emisiones de Metano,Observatorio Mexicano de Emisiones de Metano,≤100
320349101760473,Inboplast A.C.,Inboplast A.C.,≤100
536886746673043,Jóvenes MX,Yoxmex,≤100
133478060111915,CEMEX Impacto Social,CEMEX México,≤100
1545555582174942,TResearch,TResearch,≤100
104647970984817,"Universidad Pedagógica del Caribe, S.C.","Universidad Pedagógica del Caribe, S.C.",≤100
164119290359519,Marcelo Torres Cofiño,Marcelo Torres Cofiño,≤100
115592847024547,Iraís Reyes,Iraís Reyes,≤100
138016565116389,Prepa En Linea SEP,UNIDEV Universidad SC,≤100
102772032731489,Plataforma Verde,Plataforma Verde,≤100
239726076054918,Partido del Trabajo México,Partido del Trabajo México,≤100
756397431107703,Omar Ortega Álvarez,Omar Ortega Álvarez,≤100
707874865918912,ADN Alternativa Democrática Nacional,Canek Ortega Cano,≤100
331303163575225,Red Familia,Red Familia,≤100
122154061801959,Colectivo Mujeres Cabeza de Familia,Yoxmex,≤100
115896348052800,Preparatoria virtual SEP desde casa,UNIDEV Universidad SC,≤100
233652128065243,Goberna México,Goberna Consultoría Política,≤100
470671390339325,Politburó Digital Noticias,Politburó Digital,≤100
245495562137150,Mitofsky,Roy Campos,≤100
772916632876835,Instituto Nacional de Estandarización y Certificación,Instituto Nacional de Estandarización y certificación,≤100
110223761694157,Admin Project Technology,Williams Rodriguez Constantinho,≤100
265938437673601,Yo Soy Mi Planeta,Yoxmex,≤100
101243359536311,Preparatoria en línea SEP desde casa,UNIDEV Universidad SC,≤100
189131335143204,"Soy Mexicano, Soy Derecho",Soy Mexicano Soy Derecho,≤100
219168613441556,Abogados México,Jose Miguel Ramirez Valenzuela,≤100
366287743992291,Dr. Javier Nares,Transgender Surgery,≤100
592495347619799,Mi familia es primero,Yoxmex,≤100
110187414493874,Plataforma Informativa Mexicana #PIM,euthenics,≤100
2340595106035117,Ismael Brito Mazariegos,Ismael Brito Mazariegos,≤100
116437828394342,Phiten Mexico,Phiten Mexico,≤100
105533795460071,Norte Monrealista,Norte Monrealista,≤100
107738917712607,ALA,Alexa Trujillo,≤100
2330030160374237,Balance 24,Balance 24,≤100
196493763808241,CEEY,CENTRO DE ESTUDIOS ESPINOSA YGLESIAS,≤100
540795076057624,Enfoco.mx,Enfoco.mx,≤100
233652128065243,Goberna México,Goberna,≤100
411235336284306,Empresarios por la Cuarta Transformación,"Empresarios 4T, Asociación Civil",≤100
101121142827861,Periodistas Anónimos,Periodistas Anónimos,≤100
138350596230547,GIRE - Grupo de Información en Reproducción Elegida,Menu Agency,≤100
106178698930897,Preparatoria SEP en línea,Unidev Universidad SC,≤100
106853071237547,Óscar Gutiérrez Camacho,Hector Daniel Sanchez Moreno,≤100
110659484594616,Preparatoria en línea SEP,Luis Javier Hernandez Rodriguez,≤100
101904945931759,CDMX Informada,CDMX Informada,≤100
109742824103020,Psicoterapia Rosalba Barrera,These ads ran without a disclaimer,≤100
561348627320564,Rocío Abreu Artiñano,Rocío Abreu Artiñano,≤100
112252053650029,Preparatoria SEP en Línea,UNIDEV Universidad SC,≤100
100905166136342,Preparatoria SEP en línea,Unidev Uiversidad SC,≤100
909433945747355,Sandra Pámanes,Sandra Pámanes,≤100
176047519101203,Códice Informativo,Códice Informativo,≤100
803041666459797,Enrique de la Madrid,Enrique de la Madrid,≤100
109610531312367,Preparatoria Desde Casa SEP,UNIDEV Universidad SC,≤100
114446736763359,Yesica Rojas,Yesica Yenet Rojas Hernandez,≤100
164856266971710,Es lo Cotidiano,Es lo Cotidiano,≤100
103188645496211,Progresando En Mexico,Yo Trabajo Bien,≤100
101555818455943,"Rafael ""Rafa"" Ramírez",Jose Rafael Ramírez Morales,≤100
111380984736739,Biblioteca Digital,These ads ran without a disclaimer,≤100
108128157347207,Pollsmx,Diego Sotelo,≤100
354326078079338,Campaigns and Elections Mexico,Mario Alberto Rivera Lagarreta,≤100
230864580414099,Enfermero Muñoz,Francisco Muñoz,≤100
582650362076920,César Ulloa G.,César Ulloa G.,≤100
988116677966281,CTM Vallarta,María Karina Macías Aguirre,≤100
113172138322078,Mara_detallescreativos,These ads ran without a disclaimer,≤100
543830382749706,Compromiso Social Mx,Compromiso Social Mx,≤100
109443503917063,Hort Americas Mexico,Karla Patricia Garcia Cabello,≤100
104194908706490,Preparatoria México SEP en línea,UNIDEV Universidad SC,≤100
246706730601149,Preparatoria desde casa SEP México,UNIDEV Universidad SC,≤100
229051704232453,Enrique David Ogaz Diaz,OGAZ Y ASOCIADOS,≤100
235606900176440,Macronews,Macronews,≤100
953657811446042,Conciencia Nacional por la Libertad Religiosa,Fundación en Promoción de la Familia y la Libertad AC,≤100
110638674071997,N79.news,N79.NEWS,≤100
105925314120759,Mario Bracamonte,Julián Reynoso Mazoy,≤100
109293358009070,Qué rayos con Vladi?,Vladimir Fernández Cabrera,≤100
191616721335211,Diego Echevarria,Diego Echevarría Ibarra,≤100
465777803515977,Poncho Gutiérrez,Poncho Gutiérrez,≤100
107509487815279,Dedogmasyrenuncias,DE DOGMAS Y RENUNCIAS,≤100
636669016755546,Librería “La Cháchara Periférica”,Emilio Ivan Montaño Pereda,≤100
102539288557323,Museo de Ciencias Ambientales,Museo de ciencias ambientales,≤100
215474162361086,Agenda Viral,Agenda Viral,≤100
268579708326323,Georgina Solorio García,Georgina Solorio García,≤100
102373588651567,Arturo Perez Flores,Arturo Pérez Flores,≤100
1449954901943995,Pixels 3000 noticias,Ana Yasha Hernández,≤100
107566212208826,Preparatoria desde casa SEP,UNIDEV Universidad SC,≤100
509821702820171,24 Horas Quintana Roo,24 Horas Quintana Roo,≤100
264060497093390,Shamir Fernández Hernández,Gabriel Francisco Pedro,≤100
1514466245542140,América Rangel,AMERICA RANGEL,≤100
116200591402618,Futuro feminista Tecate,These ads ran without a disclaimer,≤100
105305824542310,Estuardo Dodero,Estuardo Dodero,≤100
102428026076286,Preparatoria desde casa SEP,UNIDEV Universidad SC,≤100
409800789114458,Antonio Pelón Cervera,Macronews,≤100
185702296375261,Mexicómo,MEXICOMO,≤100
107750608839428,Tu Colonia NL,Tu Colonia Nuevo León,≤100
109474928114443,Actívate,José Ángel Soubervielle,≤100
1896928567294992,Esteban Ramírez Zepeta,Esteban Ramirez,≤100
2271176223117069,Proyecto Sardina,Proyecto Sardina,≤100
111616981538217,Ana Cristina Morales,Ana Cristina Morales Villar,≤100
108276755314662,Portal Ciudadano de la Cámara de Diputados,These ads ran without a disclaimer,≤100
174229585991829,Periódico Libre en el Sur,Francisco Ortiz Pinchetti,≤100
502725876775008,Scientia,Augusto Martín Cedillo López,≤100
106521845216893,Preparatoria en línea México SEP,UNIDEV Universidad SC,≤100
306881586007009,Los Ángeles Press,Ruth Gutiérrez,≤100
1522195418029530,Político MX,Político MX,≤100
106384187570336,Personalidades Revista,Revista Personalidades,≤100
109664480588050,Mujeres Libres,Francisco Diaz,≤100
111811104956211,Vámonos Por Partes,Ammy Bethsua Bañuelos,≤100
225774331107918,Jonathann Estrada,David Jonathan Estrada Castillo,≤100
437616359600178,Fernando Garza Martinez,Alfonso Adrian Garcia Sevilla,≤100
369716686400100,Deprimera Noticias,Deprimera Noticias,≤100
104334484292373,MONA Joyería Mexicana,These ads ran without a disclaimer,≤100
1815088522093467,Favio Castellanos,Favio Castellanos Polanco,≤100
101187632235881,Involve.RH,These ads ran without a disclaimer,≤100
102784292264814,Preparatoria en linea México bachillerato,UNIDEV Universidad SC,≤100
1583631301915573,Liborio Vidal,Liborio Vidal Aguilar,≤100
101740711752535,RUBRUM,Multipoll S.A. de C.V.,≤100
106162005636730,Sopa de Coditos,Sopa de Coditos,≤100
111112453993340,Central de Medios,Luciano Moreno Cuatecatl,≤100
112062751813437,Bachillerato en línea,Unidev Universidad SC,≤100
100353769541167,Bazar Político,Jesus Reyes,≤100
101295992671758,Libertarismo México,México Libertario,≤100
100951752835721,Lupa Ciudadana,Lupa Ciudadana,≤100
110763055151832,Preparatoria en línea SEP,UNIDEV Universidad SC,≤100
182224979243764,Benjamín Carrera,Benjamín Carrera Chavez,≤100
1768914636668990,Andrés Atayde,Andrés Atayde Rubiolo,≤100
2818718441534332,Es de política mexicana,Es de Política Mexicana,≤100
651415091544662,Cancún Channel,David Jonathan Estrada Castillo,≤100
111584804058981,Monkey Blue,These ads ran without a disclaimer,≤100
105662921480760,Álvaro González Alvarado,Gobierno de Chiquilistlan,≤100
113685655793633,Chuy de León,Chuy de León,≤100
102849895453455,El nacionalista,Rene Mejia Torres,≤100
113338548317991,Preparatoria SEP en línea,UNIDEV Universidad SC,≤100
104056498339154,Carlos Mendoza Álvarez,Carlos Alejandro Mendoza Álvarez,≤100
185015962014734,El Sol de México,El Sol de México,≤100
655869398123685,Haydeé Reyes,Haydee Reyes,≤100
102782229316164,NL Primero,Nuevo León Primero,≤100
458070297649993,El Pípila.mx,El Pípila.mx,≤100
109193625116615,México Ahora Noticias,México Ahora,≤100
790122277825560,Sentido Común,Sentido Común Medios,≤100
444690128958139,Certeza Política,Certeza Política,≤100
103008312077513,Juventud Morena,Miguel Angel Echeverria Trujeque,≤100
194020227388552,PT Coahuila,Partido del Trabajo Coahuila,≤100
123706374310822,Lo de Hoy México,LCC Mkt,≤100
105515971127843,Larousse Magazine,These ads ran without a disclaimer,≤100
858032527584472,Hiram Rodriguez L,Hiram Rodriguez L,≤100
216885775036004,Bios: Participación Política y Desarrollo A.C.,These ads ran without a disclaimer,≤100
92465443899,Reporte Índigo,Capital Media,≤100
83115073660,ExaUDEM,These ads ran without a disclaimer,≤100
451789328220614,UBLA Universidad Benemérito de las Américas,These ads ran without a disclaimer,≤100
107511518695730,Fuera prianistas de la CDMX,Fuera prianistas de la CDMX,≤100
359279754116464,Carolina Viggiano,Alma Carolin Austria Viggiano,≤100
113232271616467,La Sierra Madre,La Sierra Madre,≤100
109674462059708,ocnfeminicidiomexico,These ads ran without a disclaimer,≤100
105343929059924,La Silla Regia,La Silla Regia,≤100
1559213997687989,Partido del Trabajo Zacatecas,Partido del Trabajo Zacatecas,≤100
622948811053558,Early Institute,Victor Velasco,≤100
681291175575804,Visible,Lievant Studio,≤100
1614410865470755,Columnas de México,Columnas de México,≤100
109927953731014,Espacio Libre México,Espacio Libre México,≤100
238760906255396,UDAL Plantel Xalapa,UNIVERSIDAD DE AMÉRICA LATINA,≤100
104500292498221,Ciatsoftware Automatización,These ads ran without a disclaimer,≤100
923994957653139,Luisa Gutiérrez Ureña,Luisa Adriana Gutiérrez Ureña,≤100
333932057250036,Alejandro Rojas Díaz Durán,ARDD,≤100
232610576753278,Universidad Montrer,Guadalupe Guerrero Garcia,≤100
105084060977192,Rosa María Hernández Espejo,Rosa Hernández Espejo,≤100
112601320562830,Grupo OHANA,These ads ran without a disclaimer,≤100
432923167438353,Jorge Hernández Aguilera,Julián Reynoso Mazoy,≤100
107699114281500,Amir Dmorena,Jgreg Morales,≤100
104943798608724,Preparatoria en línea SEP México,UNIDEV Universidad SC,≤100
102141682723260,Panistas con Jorge Romero,Panistas con Jorge Romero,≤100
109359471206321,DEGEnergy,These ads ran without a disclaimer,≤100
870827476399789,Carlos Guerrero,These ads ran without a disclaimer,≤100
104621811930420,Ricardo I. Cázares,Ricardo Ibarra Cázares,≤100
875752815945508,Ifreedoms,These ads ran without a disclaimer,≤100
100439725731012,Preparatoria SEP en línea México,UNIDEV Universidad SC,≤100
281188282215551,José Medina Mora Icaza,José Medina Mora Icaza,≤100
103409118535868,Obradoristas de la 4T,Pedro Perez Luna,≤100
220612165082734,Save Democracy,Save Democracy,≤100
103555368118277,Tijuana en La Noticia,Bulmaro Reyes,≤100
103716792578310,Primero las Mujeres,Primero las mujeres,≤100
103533465483263,Centro de Estudios y Capacitación Integral en Nutrición,Alfredo Esquivel Villeda,≤100
263257667031111,Illux,These ads ran without a disclaimer,≤100
101798928719130,Noé Castillo Olvera,Jose Arturo Zamorano Morales,≤100
111356791665420,El Radar,Hector Daniel Sanchez Moreno,≤100
105384605716867,"Movimiento Ciudadano Torreón, Coahuila",Rodrigo Lumbreras Machado,≤100
857608504308460,Toño Gutiérrez Jardón,Jose Antonio Gutierrez Jardon,≤100
257333027729841,Julieta Ramírez,Julieta Ramirez,≤100
569211433439752,Reflexiones en voz alta por Francisco Javier Pizarro,Zaira Angelina Pizarro Valenzuela,≤100
108818012092969,PT Caborca,PT Caborca,≤100
111980355074733,Adriana Grajales Gómez,Adriana Grajales Gómez,≤100
1773177236335336,Comunicación e imagen,Anna Montiel,≤100
1856514037937535,SuperMesa,Ramon Jorge Guardado Pérez,≤100
285690871462237,Luz María Beristain Navarrete,Luz María Beristain Navarrete,≤100
526524330743264,JULIO LONG,Julio Iván Long Hernández,≤100
905324146270805,Carlos Quintana,Tropa Marketing,≤100
978024885551039,Vox Populi Gto,Vox Populi Gto,≤100
104436871547212,Sabrina Morales,Sabrina Morales Chávez,≤100
100110279617162,No al Feminicidio,No al Feminicidio,≤100
244524445753966,Armando Contreras Castillo,Armando Contreras Castillo,≤100
1024212257622837,Paola Jiménez Hernández,LIPCO,≤100
102062714511980,Atmósfera,Atmósfera,≤100
302448513146235,Jorge Romero Herrera,JORGE ROMERO,≤100
1864159143867800,Sateliteonline22.mx,sateliteonline22.mx,≤100
592766164162636,Afición Política,Aficion Politica,≤100
110509664946224,Verónica Meléndez,Pedro David Villordo Melendez,≤100
1453035258301900,Carol Antonio Altamirano,Carol Antonio Altamirano,≤100
510663815758947,Mike Peñaflor,Aldo Dario Torres Lopez,≤100
107511424314165,Certificados Avalados por la SEP,These ads ran without a disclaimer,≤100
423398675060880,Estado 32,Marcelino Marcial Carrillo,≤100
102488789157664,Mtro. Abraham Izoteco Valle,Abraham Izoteco Valle,≤100
1587273468223028,Misaj Becerra,Misaj Gonzalez Becerra,≤100
637202699799385,Diputado González Romo,Ernesto González Romo,≤100
232336684381335,RED periodismo veraz y objetivo,Ana Cristina Hernández Gallo,≤100
101493924570259,Cescorp Transportation,These ads ran without a disclaimer,≤100
2344098265820938,Departamento de Atención a la Juventud Alcaldia Iztacalco,Jose Alejandro Mosqueda Valdez,≤100
111747610668938,Nota Online.,Nota Online.,≤100
112483147755566,Dra Jazmín Jasso Arenas,These ads ran without a disclaimer,≤100
100343222861450,La Razón NL,La Razón NL,≤100
102255904996475,Geovanna Campos Vazquez,Julián Reynoso Mazoy,≤100
105409565326997,El Transformador MX,Julián Reynoso Mazoy,≤100
1151988944878195,Veterinaria Durango,Veterinaria Durango,≤100
110498244888276,Armando Najera,These ads ran without a disclaimer,≤100
123509737666219,Librerías El Sótano,These ads ran without a disclaimer,≤100
655883411268969,Daniel Barquet,Daniel Alberto Barquet Loeza,≤100
1834107960160586,Marco A. Mendoza Bustamante,Marco Antonio Mendoza Bustamante,≤100
103311889228780,La Tribu Durangueña,These ads ran without a disclaimer,≤100
1871963173033717,Othon Hernández Candanedo,Othon Hernandez Candanedo,≤100
1776223812696913,Daniel Altamirano,Daniel Altamirano,≤100
625822217504525,Francisco Javier Garza de Coss,Francisco Javier Garza de Coss,≤100
109575971718478,Hitzel Bernal,Hitzel Bernal,≤100
130349327043810,Iton Gadol,These ads ran without a disclaimer,≤100
111811104956211,Vámonos Por Partes,These ads ran without a disclaimer,≤100
104830061476144,viendovioleta,These ads ran without a disclaimer,≤100
124193294267113,Medicable,These ads ran without a disclaimer,≤100
1867419566868703,Rodrigo Cornejo,Rodrigo Cornejo,≤100
1539553442840857,Liberan,These ads ran without a disclaimer,≤100
279812220541657,David Martínez Mendizábal,David Martínez Mendizábal,≤100
242759183072411,Claudia Salas Diputada,Clau Salas,≤100
340258032732908,Altorre Foto Periodismo Michoacan,Altorre Foto Periodismo Michoacan,≤100
209756585798494,La Jornada Zacatecas,La Jornada Zacatecas,≤100
109677401918538,Tocando Vidas con Talina Salinas A.C.,These ads ran without a disclaimer,≤100
197566660355881,Raúl Paz,Raúl Paz,≤100
190394041002546,Nuevo Gráfico,Nuevo Gráfico,≤100
104335988963439,Therealdrplayadelcarmen,These ads ran without a disclaimer,≤100
107892878693676,finanzasparachingonxs,These ads ran without a disclaimer,≤100
101938677136208,Christopher Santos El Gallo,Christopher Alan Santos Castillo,≤100
144969959396436,Jonathan Avalos Rodríguez,These ads ran without a disclaimer,≤100
1734951530056727,Carmen Lilia Canturosas,Carmen Lilia Canturosas,≤100
400944940098750,Fundacion Pisa Stella Vega,These ads ran without a disclaimer,≤100
216561382207540,Periódico La Encuesta,Periódico La Encuesta,≤100
496096610569383,Diputados en Acción CDMX,Diputados en Acción,≤100
100992392634137,Secretaría  de Bienestar y Desarrollo Sustentable de Sinaloa,Cecilia Maria Cota Carrasco,≤100
631188077022801,Contrapunto Noticias,David Jonathan Estrada Castillo,≤100
103097495510908,Dirección de Derechos Humanos del Municipio de Juárez,Jaqueline Franco Pizaña,≤100
584159151722389,Pavel López Gómez,Pavel López Gómez,≤100
1675328686034040,Beto Orobio,Alberto Orobio,≤100
750087008465869,Adolfina Nava,José Arturo Zamorano Morales,≤100
102879212499274,Ocho Ochenta Noticias,Norte Ocho,≤100
344306145954089,Administradora De Talentos Hgvl Sc,These ads ran without a disclaimer,≤100
107431848417697,Psic. Karitina Gutiérrez,These ads ran without a disclaimer,≤100
106808151691367,Yesbeth Román,These ads ran without a disclaimer,≤100
103367755528810,contraretorica,These ads ran without a disclaimer,≤100
640044982685950,PRD Michoacán,PARTIDO DE LA REVOLUCIÓN DEMOCRÁTICA,≤100
101259548948419,BenditaRed,BenditaRed,≤100
107122501042733,Expo RH,These ads ran without a disclaimer,≤100
1648597332040019,Mary Telma Guajardo,PRD Coahuila,≤100
173301789523871,Gay Traveler's Guide,These ads ran without a disclaimer,≤100
551674951650662,Comisarios Unidos Del Oriente AC CNPA MN,Jesus Enrique Sanchez Santos,≤100
747420075340256,El Agricultor Primero,These ads ran without a disclaimer,≤100
280927511972014,La Orquesta,La Orquesta,≤100
188872144758,CCTV,These ads ran without a disclaimer,≤100
109718987583190,Brighite Granados,Nubia De La Rosa,≤100
104364561773822,Oscar Avitia,Nubia De La Rosa,≤100
110189490806716,4Geeks Academy Latam,These ads ran without a disclaimer,≤100
105896849068225,Great job,These ads ran without a disclaimer,≤100
104074658029603,INF3RNUSs,These ads ran without a disclaimer,≤100