﻿Page ID,Page name,Disclaimer,Amount spent (VND)
101914358044085,Tài Liệu Ôn Thi Viên Chức Giáo Dục,Tài Liệu Ôn Thi Viên Chức Giáo Dục,71161
192195994956428,Tài Liệu Thi Viên Chức Giáo Viên,Tài Liệu Thi Viên Chức Giáo Viên,48951
111831663772285,BOMvn,BOMvn,982
105062615490802,Thượng Tọa Thích Đức Thiện,Thượng Tọa Thích Đức Thiện,904
105845511087981,TRUYỀN HÌNH AN VIÊN,TRUYỀN HÌNH AN VIÊN,684
100584342403453,Chùa Long Hương - Thượng Tọa Thầy Thích Tuệ Hải,These ads ran without a disclaimer,683
919479674872321,Báo Nghệ An,Báo Nghệ An,341
1517088885216557,AIG,These ads ran without a disclaimer,≤100