﻿Page ID,Page name,Disclaimer,Amount spent (PLN)
102931488739,Platforma Obywatelska,Platforma Obywatelska,1656
237466786344157,European Movement,European Movement International with Facebook ad credits,499
122074554119,EU Social,EU Social,454
157458232131,Prawo i Sprawiedliwość,Prawo i Sprawiedliwość,272
114699243232023,Paweł Jabłoński,Paweł Jabłoński,208
104884392877324,Alivia,Alivia - Fundacja Onkologiczna,204
57544755889,Amnesty International Polska,Amnesty International Polska,180
469702339755768,Paweł Tanajno Polska Liberalna Strajk Przedsiębiorców,Paweł Tanajno Polska Liberalna Strajk Przedsiębiorców,132
111465470197991,Mateusz Morawiecki,Mateusz Morawiecki,120
178362315106,European Parliament,European Parliament,119
387124011444132,Wojciech Saługa Poseł na Sejm,Wojciech Saługa Poseł na Sejm,117
63563473556,Gazeta Wyborcza,Gazeta Wyborcza,112
339855706171439,Dobra Fabryka,Dobra Fabryka,108
103008026032250,Piotr Strach,Piotr Strach,102
578864425792499,Ośrodek Monitorowania Antypolonizmu,Fundacja Ośrodek Monitorowania Antypolonizmu,102
228168274881,wysokieobcasy,wysokieobcasy,≤100
959387840744974,Bezpartyjni Samorządowcy,Ogólnopolska Federacja Bezpartyjni i Samorządowcy,≤100
199446073725474,BohaterON,Fundacja Sensoria,≤100
1227194230675141,Pratia,Pratia SA,≤100
254609585192595,Prof. Marek GZIK,Prof. Marek GZIK,≤100
287198384770456,Grzegorz Matusiak - Poseł na Sejm RP,Grzegorz Matusiak - Poseł na Sejm RP,≤100
102297229546532,Referendum bytomskie 2023,Biuro Referendalne,≤100
1723800101226131,Jakub Mierzejewski,Nowa Nadzieja,≤100
104581499325617,Wybory bez picu,Obywatelska Kontrola Wyborów,≤100
1069582526398860,Adam Kurpas,Adam Kurpas,≤100
341803579195956,Dom Współpracy Polsko-Niemieckiej,Dom Współpracy Polsko-Niemieckiej,≤100
105224125776444,Karol Szymura - Radny Rybnika,Karol Szymura - Radny Miasta Rybnika,≤100
107099115544539,Zostań Dłużej,Euvic Media,≤100
1436010186518712,Fundacja Pamięci o Bohaterach Powstania Warszawskiego,Fundacja Pamięci o Bohaterach Powstania Warszawskiego,≤100
513969188677442,Compassion Polska,Compassion Polska,≤100
170090736374301,Tomasz Głogowski Poseł na Sejm RP,Tomasz Głogowski Poseł na Sejm RP,≤100
178415208919146,Suwerenna Polska,Solidarna Polska,≤100
868291693180881,Małgorzata Mańka-Szulik,Małgorzata Mańka-Szulik,≤100
1465965073732774,Łukasz Kohut,Łukasz Kohut,≤100
1581518611867021,Zbigniew Ziobro,Zbigniew Ziobro,≤100
100758976350452,LubBezpośrednio.PL - Instytut Demokracji Bezpośredniej,"Fundacja ""Potrafisz Polsko""",≤100
230754547069436,Michał Woś,Michał Woś Poseł na Sejm RP,≤100
145040892212618,Ministerstwo Obrony Narodowej,Ministerstwo Obrony Narodowej,≤100
1683534065241470,OKO.press,OKO.press,≤100
100569026183717,W Obronie Zdrowia,W Obronie Zdrowia,≤100
442472155895958,Życie Bytomskie,ŻYCIE BYTOMSKIE Sp. z o.o.,≤100
1087980284697533,Beata Białowąs,Beata Białowąs,≤100
2085710635079080,Kuchnia Vikinga  - Catering dietetyczny,These ads ran without a disclaimer,≤100
257593184447834,Władysław Kosiniak-Kamysz,Władysław Kosiniak-Kamysz,≤100
475584852475176,Pozytron,POZYTRON Radiologia Medyczna,≤100
137358556439286,Ośrodek Monitorowania Zachowań Rasistowskich i Ksenofobicznych,Ośrodek Monitorowania Zachowań Rasistowskich i Ksenofobicznych,≤100
104997021319572,FSC Polska,FSC Polska,≤100
105636040979969,Polska 2050,Polska 2050 Szymona Hołowni,≤100
146599018696771,NATO,NATO,≤100
171404836251745,Marcin Koza Shogun,Polska Liberalna Strajk Przedsiębiorców,≤100
107590839282206,BNP Paribas Bank Polska,BNP Paribas Bank Polska S.A.,≤100
300745193630,Fundacja Pro - Prawo do Życia,Fundacja Pro – Prawo do życia,≤100
934929276593605,Jerzy Janoska - Radny MiG Ogrodzieniec,Jerzy Janoska - Radny MiG Ogrodzieniec,≤100
1440678182628407,Invest in Pomerania,Euvic Media sp. z o.o.,≤100
458609627490170,Pałac Schoena - Muzeum w Sosnowcu,Pałac Schoena - Muzeum w Sosnowcu,≤100
371359310400318,Janusz Kowalski,Janusz Kowalski,≤100
1528030200840040,Muzeum Ziemi Wiśnickiej w Nowym Wiśniczu,Muzeum Ziemi Wiśnickiej w Nowym Wiśniczu,≤100
110491392351511,LINK4,LINK4,≤100
203627442993022,Portal Oświatowy,Wiedza i Praktyka,≤100
182038191908977,Ministerstwo Cyfryzacji,Kancelaria Prezesa Rady Ministrów,≤100
107010907929210,Praca w Allegro,Allegro,≤100
156745028300456,Patryk Jaskulski - Radny Miasta Szczecin,Patryk Jaskulski - Radny Miasta Szczecin,≤100
114018974889363,Stop Lie,Stop Lie,≤100
113143203693,Santander Bank Polska,Santander Bank Polska,≤100
190536713845,Fundacja JiM,Fundacja JiM,≤100
104386447842029,Spectrum.direct,Konwersatorium im. Josepha von Eichendorffa - Portal internetowy Spectrum.direct,≤100
1705052356444845,Miejskie Centrum Kultury w Tomaszowie Mazowieckim,These ads ran without a disclaimer,≤100
520680305046665,Łukasz Kolada,Łukasz Kolada,≤100
404204229595992,Arte Creatura Teatr Muzyczny,These ads ran without a disclaimer,≤100
312204349288060,Mariusz Gosek,Mariusz Gosek,≤100
104061062331637,Pałac Saski,Pałac Saski Sp. z o.o.,≤100
275129712626527,"Przegląd Amatorskich Zespołów Muzycznych ""Żubrowisko""","Przegląd Amatorskich Zespołów Muzycznych ""Żubrowisko""",≤100
134214926657042,Radosław Sikorski,Radosław Sikorski,≤100
221563444883035,"Tropdogrzybka -  zawodowy treser psów, zoopsycholog, behawiorysta, hotel","Tropdogrzybka -  zawodowy treser psów, zoopsycholog, behawiorysta, hotel",≤100
316810098501611,Miasto2077 / Green is Good,Miasto2077 / Green is Good,≤100
267353906619818,Mr. Gugu & Miss Go,These ads ran without a disclaimer,≤100
280696342731,Ministerstwo Klimatu i Środowiska,Ministerstwo Klimatu i Środowiska,≤100
108301418501661,Odszkodowania Za Represje 1944-1989,Odszkodowania Za Represje 1944-1989,≤100
2320275388297228,Marcin Romanowski,Marcin Romanowski,≤100
814991668621838,Norbert Kaczmarczyk,Norbert Kaczmarczyk,≤100
363474570925082,Jolanta Milas KP,Jolanta Milas KP,≤100
330644215221,Bankier.pl,Bankier.pl,≤100
117343634684132,Nasze MAKi,Nasze MAKi,≤100
106357050731361,Maciej Kopiec,Maciej Kopiec,≤100
113905148397308,Portal Obronny,Se.pl,≤100
1435687536687711,Bartosz Kownacki,Bartosz Kownacki,≤100
198196133533089,Polska Misja Medyczna / Polish Medical Mission,Polska Misja Medyczna / Polish Medical Mission,≤100
127619873953536,Stefczyk.info,Stefczyk.info,≤100
934704640017108,ORLEN,ORLEN S.A.,≤100
182641961933584,Grzegorz Puda,Grzegorz Puda,≤100
108567461681538,"Polska Katolicka, nie laicka",Fundacja Instytut Edukacji Społecznej i Religijnej im. Ks. Piotra Skargi,≤100
662892093824152,Fundacja Małych Stópek,Fundacja Małych Stópek,≤100
312816688890250,Dariusz Matecki,Dariusz Matecki Radny Miasta Szczecin,≤100
648495745485275,Adrian Witczak - radny Tomaszowa Mazowieckiego,Adrian Witczak - radny Tomaszowa Mazowieckiego,≤100
199877710116314,Patryk Jaki,Grupa EKR - Patryk Jaki MEP,≤100
100276763090939,Star33. Concert agency,These ads ran without a disclaimer,≤100
108137288741362,Gliwicka kartka z kalendarza,Gliwicka kartka z kalendarza,≤100
297486841148102,Ius Memoriae - Prawo Pamięci,Ius Memoriae,≤100
109834711930663,"Fundacja ""Z sercem do Pacjenta""","Fundacja ""Z sercem do Pacjenta""",≤100
108730188308114,SIPE Śląski Instytut Edukacji Politycznej,These ads ran without a disclaimer,≤100
101406175131917,Wierzejki z certyfikatem,IT3,≤100
122629304433369,Myslowice.Net,Myslowice.Net,≤100
102577288350341,Super Biznes,se.pl,≤100
505864632777215,Tygodnik Lisickiego,Orle Pióro sp. z o.o.,≤100
989567757830453,WIEŚci z Mazowsza,Urząd Marszałkowski Województwa Mazowieckiego,≤100
101861849611988,Nie dla Tuska,Nie dla Tuska,≤100
114162133618547,Kancelaria Finansowo-Prawna DEXTO,Kancelaria finansowo prawna DEXTO,≤100
562637337464327,Popieramy Premiera Mateusza Morawieckiego,Popieramy Premiera Mateusza Morawieckiego,≤100
181020632309,Wydawnictwo Znak,Wydawnictwo Znak,≤100
195591907176717,Grzegorz Piechowiak - Wiceminister Rozwoju i Technologii,Biuro Posła Grzegorza Piechowiaka,≤100
102635655320437,Number Match - Logic Puzzle Game,These ads ran without a disclaimer,≤100
112559801071084,kwaśni-BIO-haterowie,AMPLUS sp. z o.o.,≤100
1935634136663192,"Nie Zapomnij O Nas, Powstańcach Warszawskich","Nie Zapomnij O Nas, Powstańcach Warszawskich",≤100
483104905124765,Tomasz Brzezina,Nowa Nadzieja,≤100
154596731319540,Arkadiusz Myrcha,Arkadiusz Myrcha,≤100
101070361361998,FEGA,Hurtownia Elektryczna Fega,≤100
108470777303042,Robert Popkowski,Robert Popkowski,≤100
105242644355072,Donum Corde,These ads ran without a disclaimer,≤100
514735281965536,Demagog,Stowarzyszenie Demagog,≤100
110628809591185,Alan Wolny,Alan Wolny,≤100
618179678235315,wschód,wschód,≤100
180185019111,Tygodnik Powszechny,Tygodnik Powszechny,≤100
306978473587775,Ruch Samorządowy Tak Dla Polski,Ruch Samorządowy Tak Dla Polski,≤100
106552182752379,Fortum Polska,Fortum Power and Heat Polska Sp. z o.o.,≤100
199877710116314,Patryk Jaki,Patryk Jaki,≤100
1493760307522390,CityFit,CityFit,≤100
2450702021643342,Maciej Stanek - Radny Rady Miejskiej w Jaworznie,Maciej Stanek - Radny Rady Miejskiej w Jaworznie,≤100
194585893914848,Fundacja Rozwoju Demokracji Lokalnej,Fundacja Rozwoju Demokracji Lokalnej,≤100
255100403945,Polityka,Polityka,≤100
286672948180163,Tomasz Trela,Poseł Tomasz Trela,≤100
1437227889827328,Fundacja Dobrych Inicjatyw,Fundacja Dobrych Inicjatyw,≤100
119638956091071,Zdzisław Smoliński,Zdzisław Smoliński,≤100
959387840744974,Bezpartyjni Samorządowcy,Bezpartyjni Samorządowcy,≤100
1863743663893316,Fundusz Obywatelski im. Henryka Wujca,Fundacja dla Polski,≤100
722625777782250,Joachim Brudziński,Joachim Brudziński,≤100
750462061697041,Jan Warzecha,Poseł na Sejm RP Jan Warzecha,≤100
1387886618156982,Barbara Wnęk-Gabor - Radna Miasta Katowice,Barbara Wnęk-Gabor - Radna Miasta Katowice,≤100
521216701360487,MURATOR,MURATOR,≤100
1576591379231457,Paweł Kobyliński - Poseł na Sejm RP VIII kadencji,Paweł Kobyliński - Poseł na Sejm RP VIII kadencji,≤100
285003478504209,Fundacja im. Janusza Kurtyki,Fundacja im. Janusza Kurtyki,≤100
1867484190208107,Fundacja Równanie,Fundacja Równanie,≤100
26479200307,Polska Akcja Humanitarna (PAH),Polska Akcja Humanitarna (PAH),≤100
658695000844495,Adam Andruszkiewicz,Adam Andruszkiewicz,≤100
111272361996754,Europejskie Forum Regionalnego Sportu,Fundacja na Rzecz Rozwoju Polskiego Sportu,≤100
102792325966064,Kopalnia kitu,Kopalnia Kitu (DoubleD Marketing),≤100
1884681241647994,Anna Gembicka,Biuro Poselskie Posła Na Sejm RP Anny Gembickiej,≤100
81885462442,Histmag.org,Histmag.org,≤100
173086948664,Infor.pl,Infor.pl,≤100
621959344553367,DNA Rynków - merytorycznie o giełdach i gospodarkach,DNA Rynków,≤100
110533370636562,Jacek Osuch - Wiceminister Sportu i Turystyki,Jacek Osuch - Wiceminister Sportu i Turystyki,≤100
962336330622994,Michał Gzowski,Michał Gzowski,≤100
355335447987852,"Katarzyna Stachowicz - samorządowiec, działaczka społeczna","Katarzyna Stachowicz - samorządowiec, działaczka społeczna",≤100
1752318511650368,Akamai Poland,More Bananas,≤100
344620515579640,Fundacja Równość.org.pl,Fundacja Równość.org.pl,≤100
203675933025899,Ministerstwo Kultury i Dziedzictwa Narodowego,Ministerstwo Kultury i Dziedzictwa Narodowego,≤100
113356018705476,Rzeczpospolita,Rzeczpospolita,≤100
434217760420716,Michał Zasucha,Michał Zasucha,≤100
110943354729190,Mateusz Gieryga,Mateusz Gieryga,≤100
105428171456904,BWT Polska - Best Water Technology,BWT Polska,≤100
1389403614657474,Wizjoner- Jarosław Krężel,Wizjoner- Jarosław Krężel,≤100
502878356721710,Praca na zdrowie,Praca na zdrowie,≤100
205950160250231,FUNDACJA AIRO GROM INTERNATIONAL im. Eugeniusza Jana Pietrzyk,FUNDACJA AIRO GROM INTERNATIONAL im. Eugeniusza Jana Pietrzyk,≤100
186543124707583,ISSA Prevent Plastic Pollution,Biuro wykonawcze ISSA w Polsce,≤100
139229279425115,Witold Szabłowski - Notatnik Reportera,Witold Szabłowski - Notatnik Reportera,≤100
102800456094413,Piotr Wawrzyniak,Piotr Wawrzyniak,≤100
144669885596418,Śląsko-Dąbrowska Solidarność,"NSZZ ""Solidarność"" Region Śląsko-Dąbrowski",≤100
1771722023118604,Wydawnictwo Aktywa,Wydawnictwo Aktywa Sp. z o.o.,≤100
118870758152104,audioteka.pl,audioteka.pl,≤100
1052302484796466,Axpo Polska,Axpo Polska,≤100
543555309157965,Fundacja Życie i Rodzina - Polska,Fundacja Życie i Rodzina,≤100
557936277656318,Igrzyska Wolności,Fundacja Liberte!,≤100
809371925859194,"Nieodpłatna pomoc prawna, poradnictwo obywatelskie i mediacje",H4PEOPLE,≤100
143951191449,Profinfo.pl,Wolters Kluwer PL,≤100
178518745540464,Paweł Szkatuła - Radny. Wiceprzewodniczący Rady Miasta Knurów,Paweł Szkatuła - Radny. Wiceprzewodniczący Rady Miasta Knurów,≤100
276860619087002,Sylwester Tułajew,Sylwester Tułajew,≤100
102461305793815,Jenprace.info,These ads ran without a disclaimer,≤100
173873282095,Forsal.pl,Forsal.pl,≤100
2082007105406716,Grzegorz Małodobry Radny Powiatu Krakowskiego,Grzegorz Małodobry Radny Powiatu Krakowskiego,≤100
110773358740666,Susza Polska,These ads ran without a disclaimer,≤100
653937168081792,PZU,Powszechny Zakład Ubezpieczeń Spółka Akcyjna (PZU SA),≤100
182038191908977,Ministerstwo Cyfryzacji,Ministerstwo Cyfryzacji,≤100
105853151551859,Alicja Adamczuk Kosmetologia Estetyczna,These ads ran without a disclaimer,≤100
101283291180,dziennik.pl,dziennik.pl,≤100
139571536092978,Bielskie Centrum Kultury im. Marii Koterbskiej,These ads ran without a disclaimer,≤100
340765409708087,Ryszard Madziar,Ryszard Madziar,≤100
1425264934431305,Polski Instytut Księgowości,Polski Instytut Księgowości,≤100
109322024122568,Dagmara Adamiak,Dagmara Adamiak,≤100
419885311534823,Jarosław Gonciarz - Poseł na Sejm RP,Jarosław Gonciarz - Poseł na Sejm RP,≤100
1629946500626448,To Tylko Astma,OS3 Sp. z o.o.,≤100
527351247377965,European Committee of the Regions,European Committee of the Regions,≤100
109254508891340,"Nie śpię, bo mieszkam w Polsce",GRUPA ZPR MEDIA,≤100
103888468615390,Farmaceuta_w_międzyczasie,These ads ran without a disclaimer,≤100
117245845115595,TALEX,These ads ran without a disclaimer,≤100
1385442168407390,RehaIntegro-Kursy,RehaIntegro-Kursy,≤100
102262978631607,Busnex Poland,Busnex Poland,≤100
110623255132084,Wiceprezydent Wrocławia Jakub Mazur,Wiceprezydent Wrocławia Jakub Mazur,≤100
74863922834,Krytyka Polityczna,Krytyka Polityczna,≤100
213034562642258,Dariusz Smoliński,Dariusz Smoliński,≤100
176619537364977,Grodno S.A.,Grodno S.A.,≤100
108731657156411,Mariusz Gromko - Senator RP,Mariusz Gromko - Senator RP,≤100
132731836864646,Freedom Publishing,Freedom Publishing Sp. z o.o.,≤100
105849852557018,Centrum Analiz Wyborczych,Akademia Jagiellońska w Toruniu,≤100
437629353091694,Tadeusz Woźniak - Poseł na Sejm RP,Tadeusz Woźniak - Poseł na Sejm RP,≤100
165777611804942,Niezastąpieni - Rodziny Zastępcze,Niezastąpieni - Rodziny Zastępcze,≤100
100744511467634,Burbonik,Burbonik,≤100
218642824935096,Jakub O. Pietrzak,Jakub O. Pietrzak,≤100
114453729684,gazetaprawna.pl,gazetaprawna.pl,≤100
2152832788271473,Agnieszka Kurzawa - Radna Miasta Szczecin,Agnieszka Kurzawa - Radna Miasta Szczecin,≤100
515725191889934,Zmieniamy Łódzkie,Zmieniamy Łódzkie,≤100
109218848183780,Marek Woźniak,UMWW,≤100
285512891655753,Artur Szałabawka,Biuro Poselskie Prawo i Sprawiedliwość Artur Szałabawka,≤100
410280139007930,Projekty Domów - Murator,Projekty Domów - Murator,≤100
967826593231012,Emil Krawczyk,Nowa Nadzieja,≤100
852871474902416,Tomasz Frączak,Tomasz Frączak,≤100
725994874500554,Nasz Las Miejski Gajewo k.Giżycka,Nasz Las Miejski Gajewo k.Giżycka,≤100
203217923025182,Księgarnia Artystyczna Bookoff,Księgarnia Artystyczna Bookoff,≤100
388396651745077,Jestem z Pruszkowa,Jestem z Pruszkowa,≤100
107741584286830,Studio Częstochowa,Studio Częstochowa,≤100
755363824547489,Violetta Porowska,Violetta Porowska,≤100
328956034420247,Marcin Pawlicki - Radny Miasta Szczecin,Marcin Pawlicki - Radny Miasta Szczecin,≤100
100806916248860,Katarzyna Groenke,Katarzyna Groenke,≤100
2060246567399214,Drzewo Franciszka,Drzewo Franciszka,≤100
199739460042641,Zdrowie w stylu LUX MED,Zdrowie w stylu LUX MED,≤100
710703949021669,Marcin Pietras,Marcin Pietras,≤100
101246981301199,Kombucha Karate,These ads ran without a disclaimer,≤100
108243994205438,R&D Hub,R&D HUB Sp. z o. o.,≤100
110988546918361,Fundusz dla Odmiany,Fundusz dla Odmiany,≤100
244042602356455,Rzeszowska Agencja Rozwoju Regionalnego,Rzeszowska Agnecja Rozwoju Regionalnego,≤100
744637755619292,Orkiestra Sygnał z Radziszowa,These ads ran without a disclaimer,≤100
165484540781721,Robert Szewczyk - Przewodniczący Rady Miasta Olsztyna,Robert Szewczyk - Przewodniczący Rady Miasta Olsztyna,≤100
1660290804264612,Instytut Bezpieczeństwa i Rozwoju Międzynarodowego,Instytut Bezpieczeństwa i Rozwoju Międzynarodowego,≤100
103618529291473,Jakub Trzeciak,Jakub Trzeciak,≤100
102243919597111,Rami Chochowski,Rami Chochowski,≤100
114492721558262,Fundacja Kamraci,These ads ran without a disclaimer,≤100
112919645452925,Artur Gierada,Artur Gierada,≤100
446669732036628,Murator FINANSE,Murator FINANSE,≤100
192608494083516,Queerowy Maj,Queerowy Maj,≤100
182568875086544,Prószyński i S-ka,These ads ran without a disclaimer,≤100
1480642642217482,Marcin Dmowski,Marcin Dmowski,≤100
177473808919,Polskie Stronnictwo Ludowe,Polskie Stronnictwo Ludowe,≤100
150617698324166,Polska Fundacja im. Roberta Schumana,Polska Fundacja im. Roberta Schumana,≤100
946445192119512,Krajowy Sztab Ratownictwa SKSR,Społeczna Krajowa Sieć Ratunkowa,≤100
1086360811435644,More Bananas,More Bananas,≤100
107453264212232,Fundacja Historyczna im. Mariana Rejewskiego,Fundacja Historyczna im. Mariana Rejewskiego,≤100
101043859648818,Gmina Obywatelska Suchy Las,These ads ran without a disclaimer,≤100
103920789018474,KGW Ciotusza Stara,These ads ran without a disclaimer,≤100
204903786190980,Żydowskie Muzeum Galicja,Fundacja Galicia Jewish Heritage Institute,≤100
377734895631299,Polsko-Ukraińska Izba Gospodarcza,Polsko-Ukraińska Izba Gospodarcza,≤100
191915794152593,Mniejszość Niemiecka w Opolu / Deutsche Minderheit in Oppeln,Towarzystwo Społeczno-Kulturalne Niemców na Śląsku Opolskim,≤100
514245432058229,Piotr Kandyba - Radny Sejmiku Województwa Mazowieckiego,Piotr Kandyba - Radny Sejmiku Województwa Mazowieckiego,≤100
112055027022643,Legal Marine,Legal Marine - Mateusz Romowicz,≤100
1590841411198586,Iwona Michałek Poseł na Sejm RP,Iwona Michałek Poseł na Sejm RP,≤100
1465180570478399,Waldemar Utecht,Waldemar Utecht,≤100
1221619051205439,Tomasz Daros - Radny Miasta Krakowa,Tomasz Daros - Radny Miasta Krakowa,≤100
565173106853484,Klub Karate Shinkyokushin Kazoku,These ads ran without a disclaimer,≤100
100167905289201,Szymon Folp,Szymon Folp,≤100
336145549780616,Paczkowo,JeyBi design,≤100
110107190365634,Maciej Pilny,Maciej Pilny,≤100
336438736394843,Wydawnictwo AGORA,These ads ran without a disclaimer,≤100
107280785612581,Krakowskie Centrum Edukacji Klimatycznej,Krakowskie Centrum Edukacji Klimatycznej,≤100
118437553322377,Wejherowo - Miasto do Życia,Wejherowo - Miasto do Życia,≤100
450326391674911,Allianz,These ads ran without a disclaimer,≤100
902664933169474,SICC - Scientific International Conference on CBRNe,These ads ran without a disclaimer,≤100
550751965021284,Success Resources,These ads ran without a disclaimer,≤100
109353154135430,E.N. Publishing,These ads ran without a disclaimer,≤100
101159883042946,greatprague,These ads ran without a disclaimer,≤100