﻿Page ID,Page name,Disclaimer,Amount spent (USD)
100524251686344,Gustavo Acevedo,Gustavo Jose Acevedo Berganza,≤100
108447974942666,Instituto de Bienestar Animal - El Salvador,Instituto de Bienestar Animal,≤100
147858435252169,Embajada de los Estados Unidos en El Salvador,Embajada de Estados Unidos en El Salvador,≤100
107660984785868,LPT Noticias,Rodrigo Alejandro,≤100
643513979193133,Unidos por Beatriz,Neuma,≤100
100456328373090,Samuel Martínez,Erick Erazo,≤100
111684638235538,Soyapango UNIDO,Jacob Josafat Benitez Carrillo,≤100
101710084928516,Dr. Bryan Orellana,Dr. Bryan Orellana,≤100
222084368153140,Medicinas Ancestrales El Salvador,These ads ran without a disclaimer,≤100
421104621589691,Cristian Flores,Presidencia de la República de El Salvador,≤100
102681318100638,Juan Carlos Zepeda Marroquín,Juan Carlos Zepeda Marroquin,≤100
102527209215235,Viviane Olívia,These ads ran without a disclaimer,≤100