﻿Page ID,Page name,Disclaimer,Amount spent (EUR)
341486659645594,FDP Fraktion Bundestag,Fraktion der Freien Demokraten im Deutschen Bundestag,≤100
201065353264638,yello,yello,≤100
105664798388099,Make.org,Make.org,≤100
263503200272,Welthungerhilfe,Welthungerhilfe,≤100
273454591804,SOS-Kinderdorf Deutschland,SOS-Kinderdorf e.V.,≤100
166760213476486,AfD Thüringen,AfD Thüringen,≤100
102169625710148,ClimaClic,Burda Direct GmbH,≤100
22541752487,Greenpeace Deutschland,Greenpeace Deutschland,≤100
218786540044,WWF Deutschland,WWF Deutschland,≤100
1173504606112676,Bundesministerium für Bildung und Forschung,Bundesministerium für Bildung und Forschung,≤100
56497026719,SOS-Kinderdörfer weltweit,SOS-Kinderdörfer weltweit Hermann-Gmeiner-Fonds Deutschland e.V.,≤100
633435833736795,Klimaneustart Berlin,Klimaneustart Berlin,≤100
111501317017740,Motatos Deutschland,Motatos,≤100
1508446642792459,Vattenfall,Vattenfall Deutschland,≤100
2135010219947091,MINTmagie,Bundesministerium für Bildung und Forschung,≤100
1062482463795133,Liebesleben,Bundeszentrale für gesundheitliche Aufklärung (BZgA),≤100
82734241364,Campact e.V.,Campact e.V.,≤100
478399422560922,KadeFungin,DR. KADE,≤100
121678260974,Initiative Neue Soziale Marktwirtschaft (INSM),Initiative Neue Soziale Marktwirtschaft,≤100
161273245888,Save the Children Deutschland,Save the Children Deutschland,≤100
116335026590900,Mülltrennung wirkt,die dualen Systeme,≤100
144380008933707,SPD-Fraktion im Bundestag,SPD-Bundestagsfraktion,≤100
171844246207985,taz,TAZ Verlags- und Vertriebs GmbH,≤100
170688644503,UNICEF Deutschland,UNICEF Deutschland,≤100
147245511963527,DGB,Deutscher Gewerkschaftsbund (DGB),≤100
118776688142153,enviaM,envia Mitteldeutsche Energie AG,≤100
248913988520756,Union Investment,Union Investment Privatfonds GmbH,≤100
106896292163793,mehr-schutz.de,AstraZeneca GmbH,≤100
100356622303494,Frank Ullrich,Frank Ullrich,≤100
252085013582,ver.di,ver.di,≤100
102898544642459,The Pioneer,Media Pioneer Publishing AG,≤100
1440878759561839,WeMove Europe,WeMove Europe,≤100
497732847700651,Harz Energie,Harz Energie GmbH & Co. KG,≤100
150793518281117,Covestro,Covestro,≤100
54779960819,United Nations,United Nations with Facebook Ad Credits,≤100
1947378708884004,Initiative Frosch,Initiative Frosch,≤100
135591596484147,ABDA - Bundesvereinigung Deutscher Apothekerverbände e. V.,ABDA - Bundesvereinigung Deutscher Apothekerverbände e. V.,≤100
236934790401,UNO-Flüchtlingshilfe,UNO-Flüchtlingshilfe,≤100
200229763665425,Rheinhessische,Rheinhessische Energie- und Wasserversorgungs-GmbH,≤100
109573920927141,Ichwillfair,Initiative für nachhaltige Agrarlieferketten,≤100
105276867893427,Sonnenstrom-Seifarth,Sonnenstrom-Seifarth,≤100
136260152219,World Vision Deutschland e.V.,World Vision Deutschland e.V.,≤100
139065632780165,Monika Hohlmeier,Monika Hohlmeier,≤100
511785248971976,"Bundesministerium für Familie, Senioren, Frauen und Jugend","Bundesministerium für Familie, Senioren, Frauen und Jugend",≤100
969753549706725,AfD-Fraktion im Thüringer Landtag,AfD-Fraktion im Thüringer Landtag,≤100
13479664941,JUNGE FREIHEIT,Junge Freiheit Verlag GmbH & Co. KG,≤100
1393167744264822,Bundesministerium für Digitales und Verkehr,Bundesministerium für Digitales und Verkehr,≤100
102616273110279,Börsen-Zeitung,WM Gruppe,≤100
145944615464920,Polarstern Energie,Polarstern Energie,≤100
846335975484709,The Generation Forest,The Generation Forest eG,≤100
168113884409,JUGEND für Europa,JUGEND für Europa - Nationale Agentur Erasmus+ Jugend und Europäisches Solidaritätskorps,≤100
100468876017523,Welcoming Out,Welcoming Out gUG (haftungsbeschränkt),≤100
334931334040,CDU-Fraktion im Thüringer Landtag,CDU-Fraktion im Thüringer Landtag,≤100
111698888335211,Daskannkunststoff,ALPLA Werke Alwin Lehner GmbH & Co KG,≤100
106992799003254,Sisettdun,These ads ran without a disclaimer,≤100
1093989863995799,hep,hep global GmbH,≤100
75492447764,GLS Bank,GLS Bank,≤100
2211978065729846,Bundesministerium für Ernährung und Landwirtschaft - BMEL,Bundesministerium für Ernährung und Landwirtschaft,≤100
23216224900,Plan International Deutschland,Plan International Deutschland e.V.,≤100
103919417972272,Unabhängige Beauftragte für Fragen des sexuellen Kindesmissbrauchs,Unabhängiger Beauftragter für Fragen des sexuellen Kindesmissbrauchs,≤100
21242962092,ClientEarth,ClientEarth Deutschland,≤100
1783417735277557,Martin Reichardt,Martin Reichardt,≤100
205407872835976,Gabor Steingart,Media Pioneer Publishing AG,≤100
100345702834585,All Out Deutschland,All Out,≤100
108633728581883,Rettet Biokraftstoffe,OVID Verband,≤100
107085727344683,Mein Schlüssel zur Welt,Bundesministerium für Bildung und Forschung,≤100
200752383293733,International Justice Mission,International Justice Mission,≤100
259770724096761,Animal Equality Germany,Animal Equality Germany e.V.,≤100
718677004826671,Deutsche Umwelthilfe,Deutsche Umwelthilfe,≤100
1110204782371616,Die Moderne Landwirtschaft,Forum Moderne Landwirtschaft e.V.,≤100
21289227249,FDP,FDP,≤100
593476900673774,ifaw,ifaw,≤100
169367889785454,Arbeitgeberverband Gesamtmetall,Arbeitgeberverband Gesamtmetall,≤100
104641917753059,Forschung ist die beste Medizin,Verband Forschender Arzneimittelhersteller e.V.,≤100
123292927706635,junge Welt,junge Welt,≤100
702470219848687,CDU Stadtratsfraktion Erfurt,CDU-Fraktion im Erfurter Stadtrat,≤100
2665513323462858,Hendrik Hamel,These ads ran without a disclaimer,≤100
763910583697170,FDP Jena-Saale-Holzland,FDP Jena-Saale-Holzland,≤100
503345659690341,hsp,hsp - Die Fundraiser,≤100
114554831934355,Tierschutzbund,Deutscher Tierschutzbund e.V.,≤100
614408642007931,Zurich,Zürich Beteiligungs-Aktiengesellschaft (Deutschland),≤100
134483979119,Rosa-Luxemburg-Stiftung,Rosa-Luxemburg-Stiftung,≤100
214526595274349,BSH GmbH & Co.KG,BSH GmbH & Co. KG,≤100
722613791172825,BRALE Bau GmbH,BRALE Bau GmbH,≤100
160355334000102,PLANT-MY-TREE,PLANT-MY-TREE,≤100
108051069259615,Werner & Mertz GmbH,Werner & Mertz GmbH,≤100
389053494880517,Buderus Deutschland,Buderus Deutschland,≤100
144827455697988,asphericon,asphericon GmbH,≤100
539968076139979,IVPU Verband,IVPU Industrieverband Polyurethan-Hartschaum e.V.,≤100
214065808453,SPD Saar,SPD Saar,≤100
165629350137468,Schaebens,Schaebens,≤100
217786668379580,350.org Deutschland,350.org Deutschland,≤100
1176675472454246,CAPinside.com,CAPinside GmbH,≤100
1096099377140176,karlsruhe.digital,Initiative karlsruhe.digital,≤100
103453699750,ROBIN WOOD e.V.,ROBIN WOOD e.V.,≤100
1200588670058774,LAND.SCHAFFT.WERTE,LAND.SCHAFFT.WERTE,≤100
109316361840166,Climony For Future,climony,≤100
1509790395958123,Aktion gegen den Hunger,Aktion gegen den Hunger,≤100
105220712376554,Greifswald Moor Centrum,Succow Stiftung,≤100
512403718895902,Wildtierschutz Deutschland e.V.,Wildtierschutz Deutschland e.V.,≤100
101274842793956,Greenpeace grad jetzt,Greenpeace e.V.,≤100
1790920000965539,CDU CSU Europa,CDU/CSU-Gruppe in der EVP-Fraktion im Europäischen Parlament,≤100
284524533339913,Kleinwasserkraft,Arbeitsgemeinschaft Wasserkraftwerke Baden-Württemberg (AWK) e.V.,≤100
135984139804495,SoVD - Sozialverband Deutschland e.V.,SoVD - Sozialverband Deutschland e.V.,≤100
510117665830401,Hilfetelefon Gewalt gegen Frauen,"Hilfetelefon ""Gewalt gegen Frauen""",≤100
303855196900,Paradigma,Ritter Energie- und Umwelttechnik GmbH & Co. KG,≤100
133306764192,NABU Bundesverband,NABU Bundesverband,≤100
223829854355699,Frosch,Frosch,≤100
206584163580,Stiftung Mercator,Stiftung Mercator,≤100
102722502036493,Basis-Verlag,basis-verlag,≤100
1078884028800904,AfD-Fraktion Sachsen-Anhalt,Ronny Kumpf,≤100
140889782312,Friedrich-Naumann-Stiftung für die Freiheit,Friedrich-Naumann-Stiftung für die Freiheit,≤100
141410219264688,SENEC,SENEC GmbH,≤100
109493261676726,Langen Müller Verlag,Langen Müller Verlags GmbH,≤100
109268274798247,E-Fuels-Forum,CLASSIC Tankstellen GmbH & Co. KG,≤100
114186703597807,VIER PFOTEN,VIER PFOTEN,≤100
217005450337839,ooblee.de,ooblee.de,≤100
116064499060160,Dirk Brandes - Für Niedersachsen im Bundestag,Dirk Brandes,≤100
260554787321422,TEEKANNE,TEEKANNE,≤100
104389425384135,Arbeitgeber Land Hessen,Hessisches Ministerium des Innern und für Sport,≤100
117738101626747,GP JOULE,GP JOULE GmbH,≤100
237087969829041,"Karton, natürlich",Fachverband Kartonverpackungen für flüssige Nahrungsmittel e.V. (FKN),≤100
116449375528,foodwatch,foodwatch e.V.,≤100
2043149952612291,Bvlb,BvLB Bundesverband der Lehrkräfte für Berufsbildung e.V.,≤100
294772850956765,Green Forest Fund e.V.,GREEN FOREST FUND e.V.,≤100
444096578976263,Die Familienunternehmer/Die Jungen Unternehmer Bremen,Peter Bollhagen,≤100
104840074825135,Frank Rinck,Frank Rinck,≤100
233415031098291,1komma5grad Göttingen,These ads ran without a disclaimer,≤100
295607594795,Ärzte gegen Tierversuche e.V.,Ärzte gegen Tierversuche e.V.,≤100
828592350541836,Bildungswerk für Kommunalpolitik Sachsen e.V.,Lutz Barthel,≤100
1967019790197412,Markus Wagner,"Markus Wagner, MdL",≤100
130534873659391,Green Planet Energy,Green Planet Energy eG,≤100
343364921106,Caritas international,Caritas international,≤100
127143338110,missio,missio,≤100
110541501801364,Not Just Celsius,Interactive Media Foundation gGmbH,≤100
567366010021216,Bundesministerium der Justiz,Bundesministerium der Justiz,≤100
49017107028,Svenja Schulze,Svenja Schulze,≤100
102488152777056,Gegen das Verbrennerverbot in Europa,Mobil in Deutschland e.V.,≤100
108209480522423,Dr. Sylvia Limmer,Dr. Sylvia Limmer,≤100
572530603230497,AfD-Fraktion im Hessischen Landtag,AfD-Fraktion im Hessischen Landtag,≤100
117534528257937,Bund für Umwelt und Naturschutz Deutschland,Bund für Umwelt und Naturschutz Deutschland,≤100
112743275430520,International Campaign for Tibet Deutschland e.V.,International Campaign for Tibet Deutschland e.V.,≤100
260106687889118,Kopp Verlag,Kopp Verlag,≤100
101041762923601,Kickdilea,These ads ran without a disclaimer,≤100
92576009043,Jens Spahn,Jens Spahn,≤100
2158012137543502,AfD-Fraktion im Bayerischen Landtag,AfD-Fraktion im Bayerischen Landtag,≤100
1565754943752371,Robert Farle,Robert Farle,≤100
332923170220,ONE Deutschland,ONE Deutschland,≤100
106274755392015,"Robert Farle Mansfeld-Südharz, Saalekreis",Robert Farle,≤100
1399389286871402,AfD  Ortsverband Neu Wulmstorf,Wolfgang Joachim König,≤100
1077260675704647,Wohnglück,Impleco GmbH,≤100
352736338253081,Futurium,Futurium,≤100
101124947919410,GermanZero,GermanZero e.V.,≤100
168504623205787,Stadtportal Wernigerode,Stadt Wernigerode,≤100
300225473377094,indeon magazin,Medienhaus der Evangelischen Kirche in Hessen und Nassau GmbH,≤100
1393167744264822,Bundesministerium für Digitales und Verkehr,Bundesministerium für Verkehr und digitale Infrastruktur,≤100
105537757585128,Freie Demokraten im Thüringer Landtag,Freie Demokraten im Thüringer Landtag,≤100
142130669982573,IG Med,IG Med e.V.,≤100
450345241685505,Welttierschutzgesellschaft - WTG e.V.,Welttierschutzgesellschaft - WTG e.V.,≤100
997341353721766,AFD Landkreis Wunsiedel,Christian Wolfgang Engel,≤100
120519827980254,Karsten Klein,Karsten Klein,≤100
1606725526229201,Johannes Steiniger,Johannes Steiniger,≤100
259870778893,ARAG Versicherungen,ARAG SE,≤100
191851397669230,VETO – Tierschutz,VETO - Tierschutz,≤100
107389761091734,WooDu,WooDu GmbH,≤100
100363378760233,via bonum,via bonum AG,≤100
399241730563,Quarks,Westdeutscher Rundfunk Köln,≤100
655866611703957,Bürgerinitiative BIENE,BIENE Krefeld,≤100
120479081330563,Körber-Stiftung,Körber-Stiftung,≤100
53848679944,Laut gegen Nazis,Laut gegen Nazis e. V.,≤100
875054569220633,Länderbüro Hessen und Rheinland-Pfalz der Friedrich Naumann-Stiftung,Länderbüro Hessen/RLP der Friedrich-Naumann-Stiftung für die Freiheit,≤100
157935946201,co2online,co2online gemeinnützige Beratungsgesellschaft mbH,≤100
274000059331698,DEMO - Die Fachzeitschrift für Kommunalpolitik,DEMO - Die Fachzeitschrift für Kommunalpolitik,≤100
1889496344625839,"Jürgen Braun, MdB",Jürgen Braun MdB,≤100
178362315106,European Parliament,European Parliament,≤100
99923813221,vorwärts,Berliner vorwärts Verlagsgesellschaft mbH vorwärts,≤100
980745905389116,Angehörige pflegen,Bibliomed Medizinische Verlagsgesellschaft mbH,≤100
1433133016766839,AfD Fulda,AfD Kreisverband Fulda,≤100
104524645800839,Alternative für Siegen - AfS-Fraktion,Alternative für Siegen - AfS-Fraktion,≤100
110056008288031,Rechtsanwaltskanzlei Matthias Prinz - Mainz,Matthias Prinz,≤100
242641809484926,Joana Cotar,Joana Cotar,≤100
198244400189055,Entega,ENTEGA Plus GmbH,≤100
110328191845942,DieParusie.de,André Oswald Hartmann,≤100
1658048027843237,Dr. Stefan Scheil,Dr. Stefan Scheil,≤100
106555315128607,"Eugen Schmidt, MdB","Eugen Schmidt, MdB",≤100
364100578376,SODI,Solidaritätsdienst International e.V.,≤100
411097566409046,AfD Fraktion Rathaus Offenbach,Christine Margarete Thüne,≤100
320901934918482,AfD KV Erding,AfD Kreisverband Erding,≤100
2264160857188955,Kachelofenwelt,GVOB – GesamtVerband OfenBau e.V.,≤100
276040002549416,FREIE WÄHLER Bayern,Freie Wähler Bayern,≤100
90523314133,"Sozialistische Gleichheitspartei, IV Internationale - SGP","Sozialistische Gleichheitspartei, Vierte Internationale",≤100
2212570568810784,JES.Group,These ads ran without a disclaimer,≤100
193357367900275,Business-Pendel-Bus,Tobias Franz Schemmel,≤100
905423736276067,Xella Deutschland,These ads ran without a disclaimer,≤100
139198812763279,Misereor,Misereor,≤100
100202601987964,KlimazukunftWald,Deutscher Forstwirtschaftsrat e. V.,≤100
103434879342703,Kein Bock auf Grüne,These ads ran without a disclaimer,≤100
286350444716030,UN-Dekade Wiederherstellung von Ökosystemen,UN-Dekade-Büro c/o nova-Institut GmbH,≤100
459860747420467,We are Europe,Jens Eugen Baganz,≤100
450712981662234,Markus Ferber,Markus Ferber,≤100
201417363210028,Deutsches Hygiene-Museum,Stiftung Deutsches Hygiene-Museum,≤100
108141357768918,PRIO1 - Das Klima-Netzwerk,Klimastiftung für Bürger,≤100
100173382819685,Report-W.de,Report-w.de,≤100
105018555000761,Soziale Republik,Verein für konstruktiven Sozialismus e.V.,≤100
105411962299479,AEF,AUDI AG,≤100
427867583942519,Freunde für Deutschland FfD,Freunde für Deutschland FfD,≤100
137521576294353,Deutsche Kinderhilfe - Die ständige Kindervertretung e.V.,Deutsche Kinderhilfe - Die ständige Kindervertretung e.V.,≤100
164513593594332,Deutsche Aidshilfe,Deutsche Aidshilfe,≤100
112127710187776,LEA Hessen,LandesEnergieAgentur Hessen,≤100
141345402562251,DGB Jugend,DGB Jugend,≤100
116897208384893,Grüne Jugend Kassel,Grüne Jugend Kassel,≤100
161098417272968,CDU Büdingen,CDU Stadtverband Büdingen,≤100
337490039624409,Leibniz-Gemeinschaft,Leibniz-Gemeinschaft,≤100
102492129806270,Waschbär Umweltversand,Waschbär GmbH,≤100
484121271605387,McKinsey & Company Karriere,These ads ran without a disclaimer,≤100
322096293815,zrce.eu,Zrce.eu,≤100
848908368459075,André Wendt,André Wendt,≤100
417517061951550,Einfach da für dich,ABDA - Bundesvereinigung Deutscher Apothekerverbände e. V.,≤100
102567474880701,Talent Lift,These ads ran without a disclaimer,≤100
110605451455234,deepwave_ocean_org,These ads ran without a disclaimer,≤100
141015715922682,Richtungswechsel,Klaus Werner Fricke,≤100
118445328784907,Prof. Dr. Harald Weyel,Prof. Harald Weyel,≤100
112429881365845,bjoerni_lessons,These ads ran without a disclaimer,≤100
415367309037687,Klaus Esser,Klaus Esser,≤100
110802954153447,Klim,Klim GmbH,≤100
112758740470061,LMT Innovations,These ads ran without a disclaimer,≤100
121097790490,Albert Schweitzer Stiftung für unsere Mitwelt,Albert Schweitzer Stiftung für unsere Mitwelt,≤100
325891628804,Investment Punk,These ads ran without a disclaimer,≤100
875209602502336,AfD Kreisverband Vogelsberg,AfD Kreisverband Vogelsberg,≤100
120285481321029,Lehramt in NRW-Fit ins Referendariat!,Stefan Reimer,≤100
720206555013629,Laufen macht glücklich,Laufen macht glücklich GbR,≤100
334672670226546,CDU Göttingen,CDU Göttingen,≤100
298084226912717,Château Quintus,These ads ran without a disclaimer,≤100
161990010584761,Stiftung Demokratie Saarland,Stiftung Demokratie Saarland,≤100
107407945980041,Deutsches Kinderhilfswerk e.V.,Deutsches Kinderhilfswerk e.V.,≤100
234719636709452,Andreas Bühl,Andreas Bühl,≤100
108431103901464,Zentralverband des Deutschen Dachdeckerhandwerks e. V.,"Zentralverband des Deutschen Dachdeckerhandwerks Fachverband Dach-, Wand- und Abdichtungstechn. e.V.",≤100
369567809754486,Open Society Roma Initiatives,the Open Society Foundations,≤100
101023868033254,Markus Klaus,Markus Klaus,≤100
110833205042092,dschissy647,These ads ran without a disclaimer,≤100
101326131878243,GP Prüfservice,Marcus Pauli,≤100
178972122459776,SPD Hünfeld,SPD Hünfeld,≤100
669724479773081,Bürger Für Heiligenhafen,Simon Schulz,≤100
112805818310639,Wiаdоmоśсi krаjоwе,These ads ran without a disclaimer,≤100
113959368688613,SPD-Landtagsfraktion Saarland,SPD-Landtagsfraktion Saarland,≤100
331622844197016,Robert Lambrou,Athanasios Robert Lambrou,≤100
101034666025687,Paul Georg Wandrey,CDU Darmstadt,≤100
100145196311130,Dr. Recht,These ads ran without a disclaimer,≤100
105561877824767,Julian Müller - Bürgermeisterkandidat 2023 Sand a. Main,Julian Philipp Müller,≤100
141241042715703,Original Unverpackt,These ads ran without a disclaimer,≤100
108451318499292,Paul Schild - Ihr Bürgermeister für Zimmern,Paul Schild - Ihr Bürgermeister für Zimmern,≤100
1837165769911040,Revolution in Deutschland 1918-23,Revolution in Deutschland 1918-23,≤100
117065414989292,IKK classic,IKK classic,≤100
340811472964473,Christen an der Seite Israels,Christen an der Seite Israels e.V.,≤100
185890618101849,Romero Initiative - CIR,Christliche Initiative Romero,≤100
1062165823986025,Netzwerk junge Bürgermeisterinnen und Bürgermeister,Netzwerk Junge Bürgermeister*innen,≤100
198882567359885,Dostal & Partner,dostal & partner management-beratung gmbh,≤100
109380177388705,38rebelism,These ads ran without a disclaimer,≤100
138278273527013,Klimawerkstatt Ginnheim,These ads ran without a disclaimer,≤100
436826960480,Infosys,These ads ran without a disclaimer,≤100
561953460655717,Social Media Ads,Alexander Dietrich,≤100
116310878056949,Mandy Wong Chatgpt,These ads ran without a disclaimer,≤100
104128235902076,dein_geldexperte,These ads ran without a disclaimer,≤100
101152096022679,Reilly Todd,These ads ran without a disclaimer,≤100
117612978065,Глобальный еврейский онлайн центр,These ads ran without a disclaimer,≤100
101580536103938,mr.impawssible.pet.shop,These ads ran without a disclaimer,≤100
166379546745372,Washington Post Live,These ads ran without a disclaimer,≤100