﻿Page ID,Page name,Disclaimer,Amount spent (EGP)
798673866859390,ETC TV,ETC TV,106
366309956781525,Ahmed Helmy أحمد حلمى,Ahmed Helmy أحمد حلمى,≤100
145505648808327,Resala Charity Organization - جمعية رسالة للاعمال الخيرية,Resala Charity Organization - جمعية رسالة للاعمال الخيرية,≤100
108415793910402,أشرف نبيل - المحامى بالنقض و الانتربول الدولى - محامى جنائي,These ads ran without a disclaimer,≤100
102883459081121,Mohamed Taher - محمد طاهر,Mohamed Taher - محمد طاهر,≤100
181524565276709,الهلال الأحمر المصري - Egyptian Red Crescent,الهلال الأحمر المصري - Egyptian Red Crescent,≤100
550280998481446,Rasha Kelej,Rasha Kelej,≤100
101659122186565,حزب مصر أكتوبر,حزب مصر أكتوبر,≤100
101516486048536,CDIS - Egypt Cybersecurity & Data Intelligence Systems Conference & Expo,CDIS Cybersecurity and Data Intelligence Conference and Expo,≤100
108210648333964,محمود طاهر -Mahmoud Taher,محمود طاهر -Mahmoud Taher,≤100
106450555171099,مجدي البري - Magdy Elbery,مجدي البري - Magdy Elbery,≤100
105096455624550,Tamer abdelhamid - تامر عبد الحميد,Tamer abdelhamid - تامر عبد الحميد,≤100
255364564480829,Abdelmonem Emam -  عبد المنعم إمام,Abdelmonem Emam -  عبد المنعم إمام,≤100
192320965049184,الإعلامية نيفين منصور,Nivine Mansour,≤100
532134937722830,النائبة أميرة بهاء الدين أبو شقة,Gehad Ali,≤100
1424610401122573,هاني العتال - Hany Alattal,محمد السيد عبد الستار,≤100
106719921012688,Ahmed Bahaa Shalaby-أحمد بهاء شلبي,Integrated Marketing Communications For Media.IMC,≤100
101361307958442,Mohamad ElGarhy,محمد السيد عبد الستار,≤100
103571604973098,هشام حسين - Hesham Hussein,هشام حسين - Hesham Hussein,≤100
104570177893410,أحمد علي الألفي,أحمد علي الألفي,≤100
103745798627292,المستشار ماهر ميلاد اسكندر,المستشار ماهر ميلاد اسكندر,≤100
110813720486720,Roomba SPORT,These ads ran without a disclaimer,≤100
114656270386906,النائب الصافي عبد العال الصغير,النائب الصافي عبد العال الصغير,≤100
105872082337085,النائب أحمد عبدالجواد,ابراهيم احمد ابراهيم محمد,≤100
354968941204659,الدكتور أيمن أبو العلا عضو مجلس النواب,الدكتور أيمن أبو العلا عضو مجلس النواب,≤100
101586878327765,Hassanein Tawfiq - حسانين توفيق,Hassanein Tawfiq - حسانين توفيق,≤100
111086937788265,موقع تحيا مصر - Tahiamasr News,موقع تحيا مصر - Tahiamasr News,≤100
108927510969680,الصفحة الرسمية للنائبة د. صبورة السيد,الصفحة الرسمية للنائبة د. صبورة السيد,≤100
103291013528894,Dr.Mokhtar Gomaa,Ahmed Zaatar,≤100
308088503057656,النائب محمود عصام,النائب محمود عصام,≤100
1632636017007559,Mohamed Mostafa Elsallab محمد مصطفي السلاب,Mohamed Mostafa Elsallab محمد مصطفي السلاب,≤100
110877857406073,المهندس حسام لبن,المهندس حسام لبن,≤100
1934139156895621,د.خالد قنديل Dr.Khaled Kandel,Basel Noufal,≤100
380937009024559,Kashqol كشكول التعليمى,Kareem Ahmed Abdul Ghani,≤100
282421105588262,Alraees News- الرئيس نيوز,Kareem Ahmed Abdul Ghani,≤100
118992379972310,Fatmah Selim - فاطمة سليم,Fatmah Selim - فاطمة سليم,≤100
104421931606476,النائب أحمد دياب,النائب أحمد دياب,≤100
535371883202755,Freddy Elbaiady  صفحة فريدي البياضي,Freddy Elbaiady  صفحة فريدي البياضي,≤100
595025640685644,النائبة شيرين عبد العزيز - Sherin abdelaziz,النائبة شيرين عبد العزيز - Sherin abdelaziz,≤100
115103188511385,Fineart sector,These ads ran without a disclaimer,≤100
118932207798163,Rehab Eltehewy - رحاب التحيوي,Rehab Eltehewy - رحاب التحيوي,≤100
104086968164275,فيديوهات حب ندى,These ads ran without a disclaimer,≤100
103086629281243,محمد الشنراوي,محمد الشنراوي,≤100
104980215815272,حزب حماة المستقبل - تحت التاسيس,These ads ran without a disclaimer,≤100
832943380103448,Ahmed Bakr,These ads ran without a disclaimer,≤100
127757937250301,German Information Centre Arab World - المركز الألماني للإعلام,These ads ran without a disclaimer,≤100
111393504057042,د/ مها عبد الناصر,د/ مها عبد الناصر,≤100
101978821273549,حزب الجيل الديمقراطي,حزب الجيل الديمقراطي,≤100
1579361805610086,أحمد بلال البرلسي - عضو مجلس النواب المصري,أحمد بلال البرلسي - عضو مجلس النواب المصري,≤100
102074394995118,محمود عز Mahmoud Ezz,محمود عز Mahmoud Ezz,≤100
121502487925668,د/ محمد الجندي - Mohamed Elgendy,د/ محمد الجندي - Mohamed Elgendy,≤100
123465590650551,Allied Health Group USA,These ads ran without a disclaimer,≤100
1062126860561994,B20,These ads ran without a disclaimer,≤100
142329112477770,البنك الدولي,These ads ran without a disclaimer,≤100
102342290388576,Daizy Gedeon,These ads ran without a disclaimer,≤100
113909224980171,Gihad Hamza,These ads ran without a disclaimer,≤100