﻿Page ID,Page name,Disclaimer,Amount spent (USD)
103825585697482,ASBL  Fondation Angèle Musasa,These ads ran without a disclaimer,≤100
106114729003155,,These ads ran without a disclaimer,≤100
1669288836550501,Christian Kumakinga,These ads ran without a disclaimer,≤100
299227550122220,Radio Cina Internazionale,These ads ran without a disclaimer,≤100
110807991869620,Trempoline formation,These ads ran without a disclaimer,≤100
103018869332378,BantuPage,These ads ran without a disclaimer,≤100
150716517121878,LS2EC Training,These ads ran without a disclaimer,≤100
31292782350,Deutschland.de,These ads ran without a disclaimer,≤100
804097853063851,Congo RDC Tourisme,These ads ran without a disclaimer,≤100
306300179766947,À Coeur Ouvert by : Siramory Production,These ads ran without a disclaimer,≤100