﻿Page ID,Page name,Disclaimer,Amount spent (EUR)
85475456459,Vodafone España,Vodafone España,262
213159705740032,Círculo Podemos Ponferrada,Círculo Podemos Ponferrada,116
57845333112,Save the Children España,Save the Children España,≤100
178362315106,European Parliament,European Parliament,≤100
133044800622,Greenpeace España,Greenpeace España,≤100
78151799929,Amnistía Internacional España,Amnistía Internacional España,≤100
11473659787,Educo,Educo,≤100
57973661707,WWF España,WWF España,≤100
169915749735403,CEAR,CEAR,≤100
276999106249,Asociación Española Contra el Cáncer,Asociación Española Contra el Cáncer,≤100
809505719086057,Fundación Personas Valladolid - Asprona,Fundación Personas Valladolid - Asprona,≤100
20108693880,Oxfam Intermón,Oxfam Intermón,≤100
94118672764,ACNUR Comite español,ACNUR Comite español,≤100
467925280299505,Médicos Sin Fronteras España,Médicos Sin Fronteras España,≤100
100160149099313,Justice Initiative,Justice Initiative,≤100
815597255122198,Osoigo,Osoigo,≤100
101812872336696,Alivia,Fundación Alivia España,≤100
407573742780370,IU Segovia,IU Segovia,≤100
213086312044776,Aldeas Infantiles SOS de España,Aldeas Infantiles SOS de España,≤100
245741112112300,Ayuda En Acción,Ayuda En Acción,≤100
111892984250,Fundación World Vision España,Fundación World Vision International,≤100
116136108464509,CaixaBank,CaixaBank,≤100
47896270298,Iberostar Hotels & Resorts,Iberostar Hotels & Resorts,≤100
1549407258706617,"Fundación ""la Caixa""","Fundación ""la Caixa""",≤100
128142261270017,Fundación Repsol,Fundación Repsol,≤100
107898832590939,European Commission,European Commission,≤100
821902454827883,Wave Of Change,Wave of Change,≤100
6258728420,BBVA,BBVA,≤100
251020021637315,Iberdrola,Iberdrola,≤100
170506213454467,Aprendemos Juntos 2030,BBVA,≤100
147547541961576,Council of the European Union,Council of the European Union,≤100
131231529742,Fundación Anesvad,Fundación Anesvad,≤100
366619768708,Plan International España,Plan International España,≤100
1772591363067613,Revo Prosperidad Sostenible,Revo Prosperidad Sostenible,≤100
95878687102,Fundación Vicente Ferrer,Fundación Vicente Ferrer,≤100
244777995534742,Ayuda a la Iglesia Necesitada - ACN España,Ayuda a la Iglesia Necesitada,≤100
176592142419661,Holaluz,HolaLuz.com,≤100
175357075823543,CRIS contra el Cancer,CRIS contra el Cancer,≤100
312648286085678,Remember Live Show,These ads ran without a disclaimer,≤100
159665490863316,Cepsa,"COMPAÑÍA ESPAÑOLA DE PETRÓLEOS, S.A. (CEPSA)",≤100
115944275248057,PSOE Sahagún,PSOE Shagún,≤100
179666655404875,Comisión Europea en España,Comisión Europea en España,≤100
105484811020545,Ecólatras,Ecólatras,≤100
117887575012127,Leche Pascual,Leche Pascual,≤100
710421425658959,PSOE Castilla y León,PSOE Castilla y León,≤100
107586119439370,CEPSA Corporate,Cepsa,≤100
711070775679625,Huawei Spain,Huawei Spain,≤100
70020937349,SEO/BirdLife,SEO/BirdLife,≤100
1716846438609314,Haz Testamento Solidario,"DARYL UPSALL & ASSOCIATES, S.L.",≤100
189715157717723,La Región,La Región,≤100
103804202650797,Nadiesinlomínimo,Nadiesinlomínimo,≤100
34042575517,Familia Torres,These ads ran without a disclaimer,≤100
932178776827335,Ayuntamiento de Alcalá de Henares,Ayuntamiento de Alcalá de Henares,≤100
209596949081406,Fundación ANAR,Fundación ANAR,≤100
216290708406257,Alianza por la Solidaridad,Alianza por la Solidaridad,≤100
106657974847796,Junior Report,Junior Report,≤100
553983948100016,Músicos por la Salud,Fundación Social District (Músicos por la Salud),≤100
104690619568713,"Yo reciclo vidrio, ¿y tú?",Ecovidrio,≤100
259065950870033,Multiservicio Rural,Multiservicio Rural,≤100
1424686754503767,VOX Villaviciosa de Odón,VOX Villaviciosa de Odon,≤100
341793479830142,Padrinos por la Discapacidad,FUNDACIÓN JUAN BONAL,≤100
471951929539262,Energia_Vital,Francisco Jose Perez Cuevas,≤100
45817335745,Entreculturas,Entreculturas,≤100
139153867956,Fundació Pasqual Maragall,Fundación Pasqual Maragall,≤100
105901480793722,TotalEnergies,TOTALENERGIES MARKETING ESPAÑA SAU,≤100
1811935085732429,Fiet Gratia,ONG DE DESARROLLO FIET GRATIA,≤100
107807375625725,Partido Popular de Pedrajas de San Esteban,Pablo Merino Del Valle,≤100
129614120033592,Gurea Geroa,Gurea Geroa,≤100
131917366935150,Zurich,Zurich,≤100
139153867956,Fundació Pasqual Maragall,Fundació Pasqual Maragall,≤100
174696652583261,Fundación Aladina,Fundación Aladina,≤100
178168275528158,Secretaría General Iberoamericana (SEGIB),Secretaría General Iberoamericana,≤100
1464779663812914,Springer Nature,These ads ran without a disclaimer,≤100
183202371808498,EH Bildu,EH Bildu,≤100
158287010886289,Hay Derecho,Hay Derecho,≤100
289383587742465,Por Talento,Por Talento,≤100
392666127586890,OpenMind,BBVA,≤100
105848177845789,All Out en español,All Out en español,≤100
161616883888862,Parlamento Europeo - Oficina en España,Parlamento Europeo - Oficina en España,≤100
105587705334940,Padrinos,FUNDACIÓN JUAN BONAL,≤100
138311156188297,Fundación Cajasol,Fundación Cajasol,≤100
538335562943894,Laboratorios KIN,These ads ran without a disclaimer,≤100
796716270345901,Ecoforest,Ecoforest,≤100
1540044216258135,"Paco Ferreira, Alcalde Gondomar",Juan Francisco Ferreira Gonzalez,≤100
400445143359153,Fundació Silvestre,Fundació Silvestre,≤100
440366853393169,Jordi Jordan,Movem Tortosa,≤100
228545230545402,Manos Unidas,Manos Unidas,≤100
134590246581400,Parlament Europeu a Barcelona,Parlament Europeu a Barcelona,≤100
1035516339843936,Relevo Contigo,Relevo Contigo,≤100
104626078500694,Theramex Spain,Theramex Healthcare Spain SLU,≤100
308111802620768,Why Tenerife,"SPET, Turismo de Tenerife, S.A.",≤100
57973661707,WWF España,WWF España,≤100
101047098432525,Tuvatio,TUVATIO,≤100
329468130687,Kids&Us School of English,These ads ran without a disclaimer,≤100
340569499642887,In Género,In Género,≤100
106950997364486,Curro Martinez Romero,Juan Antonio Martinez Romero,≤100
105664031745,UNRWA.es,UNRWA España,≤100
113627897008527,Fernández Asesores Lanzarote,Jose Feliciano Fernandez Alvarez,≤100
341682625914628,Tu Gran Viaje,These ads ran without a disclaimer,≤100
144709575593854,EESC - European Economic and Social Committee,EESC - European Economic and Social Committee,≤100
120104454689359,MAPFRE,MAPFRE,≤100
114378921629080,Per Xeraco,Iván De Los Ángeles Company,≤100
111171964676399,Antonio Sergio Lloret López,Antonio Sergio Lloret López,≤100
175922049091923,Universidad Internacional de Valencia - VIU,These ads ran without a disclaimer,≤100
1466972970287113,Vecinos por Navalcarnero,Vecinos por Navalcarnero,≤100
100526459549301,Populares de Olivenza,Populares de Olivenza,≤100
106172784661850,ecoguilty,Carmen Horcajada Rodriguez,≤100
395835694526130,Jesús López,Jesús López,≤100
204908063581126,Generación SAVIA,Generación SAVIA - Fundación Endesa,≤100
100564039361614,Chuango España,These ads ran without a disclaimer,≤100
1544235595856626,Socialistas de La Rinconada,Agrupación PSOE de La Rinconada,≤100
154348324578346,Brother España,These ads ran without a disclaimer,≤100
115534801980127,Fertinyect,These ads ran without a disclaimer,≤100
1383583355250118,Psoe de La Algaba,Psoe de La Algaba,≤100
1025088064216533,Ligando- LGD Miño,Organización política LiGanDo,≤100
106320592288784,asesoresgallegoojeda,These ads ran without a disclaimer,≤100
105642658653843,Mïmare Natural Cosmetics,These ads ran without a disclaimer,≤100
329713827887867,Dantza,These ads ran without a disclaimer,≤100
80161254850,European Youth Forum,These ads ran without a disclaimer,≤100
100989498230413,Al Descubierto,Adrián Juste Agulló,≤100
256196396278,UNICEF España,These ads ran without a disclaimer,≤100
101443721586040,lacasa8astrologia,These ads ran without a disclaimer,≤100
1139136822817643,Gente Yold,These ads ran without a disclaimer,≤100
1433048236994020,Cs Lugo,Cs Lugo,≤100
174224036002361,Diputación de Málaga,Diputación de Málaga,≤100
177971792541224,CNRS News,These ads ran without a disclaimer,≤100
110193702339241,Fountaine Pajot,These ads ran without a disclaimer,≤100
101653285444113,SK텔레콤 뉴스룸,These ads ran without a disclaimer,≤100
144580066134672,Economist Impact,These ads ran without a disclaimer,≤100
984203991753488,Research Outreach,These ads ran without a disclaimer,≤100
104548622209357,ecoshika,These ads ran without a disclaimer,≤100
109357474725736,Bluetti Europe,These ads ran without a disclaimer,≤100
100374392742057,Weregreenly- Magazine,These ads ran without a disclaimer,≤100
354154019404,Polygiene,These ads ran without a disclaimer,≤100
478605875679827,Regus,These ads ran without a disclaimer,≤100
111040628633702,TSL 1,These ads ran without a disclaimer,≤100
109231571984405,Accelera,These ads ran without a disclaimer,≤100
105548031768,Novo Nordisk,These ads ran without a disclaimer,≤100