﻿Page ID,Page name,Disclaimer,Amount spent (USD)
102697318856209,حزب السلام والازدهار,السلام والازدهار,≤100
268133679872094,الديوان-Aldiwan,الديوان-Aldiwan,≤100
103408078398525,محمد ابولموشه,محمد ابولموشه,≤100
102093112700975,مكتب الإعلام الأمني بوزارة الداخلية الليبية,مكتب الإعلام الأمني بوزارة الداخلية الليبية,≤100
112437831252270,محمد خالد الغويل,محمد خالد الغويل,≤100
100966479502524,أبعاد +,These ads ran without a disclaimer,≤100