﻿Page ID,Page name,Disclaimer,Amount spent (BOB)
964080723662055,Carlos Subirana Responde,Editorial CSS,≤100
106403237850347,Goberna Bolivia,Goberna,≤100
167878593236712,UNICEF en español,These ads ran without a disclaimer,≤100
1404045426527172,Tribunal Supremo Electoral,Tribunal Supremo Electoral,≤100
816640765136234,ChildFund Bolivia,ChildFund Bolivia,≤100
279677395908479,Virginio Lema Trigo,Walter Agustin Zambrana Arze,≤100
636958269681223,Mauricio Lea Plaza P.,Mauricio Adolfo Lea Plaza Peláez,≤100
110596804906174,Carlos Alarcón,Carlos Silvestre Alarcon Mondonio,≤100
107585134511680,Jaime Mamani Espíndola,Wilmer Rivero Nino,≤100
565643756889694,Viceministerio de Deportes del Estado Plurinacional de Bolivia,Viceministerio de Deportes del Estado Plurinacional de Bolivia,≤100
937026286638878,Daniel Lopez Pantoja,Daniel Lopez por Tarija,≤100
113376820321312,Tierra Digna,Coordenada Digital,≤100
222490514559847,Comunicación del Estado Plurinacional de Bolivia,These ads ran without a disclaimer,≤100
282609205261913,Soy Rico,These ads ran without a disclaimer,≤100
1065631633538453,Physicians Across Continents,These ads ran without a disclaimer,≤100
1867064700099759,Alianza por la Solidaridad Andina,These ads ran without a disclaimer,≤100
105793275669540,Abner Ribai,These ads ran without a disclaimer,≤100
101068718301342,Lecturas Con Propósito,These ads ran without a disclaimer,≤100
100696535974513,Somos U'wa,These ads ran without a disclaimer,≤100
105653850798015,Marcelo Pedrazas,Erick Marcelo Pedrazas Lopez,≤100
1473321922884514,Chińskie Radio Międzynarodowe,These ads ran without a disclaimer,≤100
152914224736727,Banco Mundial,These ads ran without a disclaimer,≤100
101349122508290,Dr Sanquetta,These ads ran without a disclaimer,≤100
131189377574,MDPI,These ads ran without a disclaimer,≤100