﻿Page ID,Page name,Disclaimer,Amount spent (THB)
161651553861945,Amnesty International Thailand,Amnesty International Thailand,≤100
102807719039442,พรรครวมไทยสร้างชาติ United Thai Nation Party,พรรครวมไทยสร้างชาติ United Thai Nation Party,≤100
104427797605274,ดร.เฉลิมชัย ศรีอ่อน รัฐมนตรีว่าการกระทรวงเกษตรและสหกรณ์,ดร.เฉลิมชัย ศรีอ่อน รัฐมนตรีว่าการกระทรวงเกษตรและสหกรณ์,≤100
157659344260788,จุรินทร์ ลักษณวิศิษฏ์ Aoodda,Jurin Laksanawisit,≤100
103668907891539,การเมือง Kanmuang,การเมือง Kanmuang,≤100
102530815945359,องอาจ วชิรพงศ์,Areeya Namdokmai,≤100
296508406790,"Democrat Party, Thailand พรรคประชาธิปัตย์","Democrat Party, Thailand พรรคประชาธิปัตย์",≤100
103074628240336,Sound Screen  Solution โปรเจคเตอร์ จอ LED   บริการดี จัดส่งไว,กฤติกานต์ ทองหอม,≤100
115922723434700,ครูเจพีสรุปย่อ for Teacher,ครูเจพีสรุปย่อ for Teacher,≤100
216147078543372,สำนักงานคณะกรรมการการเลือกตั้ง,สำนักงานคณะกรรมการการเลือกตั้ง,≤100
345127652279503,มูลนิธิสากลเพื่อคนพิการ,มูลนิธิสากลเพื่อคนพิการ,≤100
204016840519336,ศ.ดร.นฤมล ภิญโญสินวัฒน์,ศ.ดร.นฤมล ภิญโญสินวัฒน์,≤100
105125715202609,ส.ส.ไผ่ ลิกค์,ส.ส.ไผ่ ลิกค์,≤100
111341764925564,สำนักสนับสนุนการพัฒนาระบบสุขภาพ - สำนัก 7 สสส.,สำนักสนับสนุนการพัฒนาระบบสุขภาพ - สำนัก 7 สสส.,≤100
107612328588715,The Voters,สันติสุข กาญจนประกร,≤100
113001706909463,สส.เป้ นภาพร เพ็ชร์จินดา Dr.Napaporn Petchinda,สส.เป้ นภาพร เพ็ชร์จินดา Dr.Napaporn Petchinda,≤100
103815855888467,โกหม่อง เพื่อไทย ภูเก็ต,โกหม่อง เพื่อไทย ภูเก็ต,≤100
190923294988741,สอบครูผู้ช่วยนะ,สอบครูผู้ช่วยนะ,≤100
2151302718520482,ธิดารัตน์ ยิ่งเจริญ Tidarat Yingcharoen,ธิดารัตน์ ยิ่งเจริญ Tidarat Yingcharoen,≤100
108515294626891,สอบข้าราชการท้องถิ่น By Thurakan,Chiraphorn Thuree,≤100
152665702176493,Ringsideการเมือง,Ringsideการเมือง,≤100
877369462441031,ปูอัด ไชยามพวาน ว่าที่ผู้สมัคร ส.ส. เขตจอมทอง พรรคก้าวไกล,Chaiyamparwaan Manpianjit,≤100
985820164804495,ธนาคารพัฒนาวิสาหกิจขนาดกลางและขนาดย่อมแห่งประเทศไทย,ธนาคารพัฒนาวิสาหกิจขนาดกลางและขนาดย่อมแห่งประเทศไทย,≤100
183063271732202,BIOTHAI,These ads ran without a disclaimer,≤100
111473605682964,Center of Excellence for Public Policy and Good Governance,These ads ran without a disclaimer,≤100
100530401779420,พรรคไทยภักดี,พรรคไทยภักดี,≤100
279417352523067,กฤษณ สุนทรกิจพาณิชย์,Narong Thongphantha,≤100
114914794432449,กฎหมายใช้สอบราชการ by Æ+,กฎหมายใช้สอบราชการ by Æ+,≤100
2105350112863264,ร้อยเอก ดร.จองชัย วงศ์ทรายทอง - ผู้กองเบิร์ด,ร้อยเอก ดร.จองชัย วงศ์ทรายทอง - ผู้กองเบิร์ด,≤100
298594606886874,ศูนย์อนุรักษ์ช้างไทย จ.ลำปาง The Thai Elephant Conservation Center Lampang,These ads ran without a disclaimer,≤100
601953326929372,ธัญวัจน์ กมลวงศ์วัฒน์ - Tunyawaj Kamolwongwat,Tunyawaj Kamolwongwat,≤100
106561034744198,ลอรี่ - พงศ์พล ยอดเมืองเจริญ,ลอรี่ - พงศ์พล ยอดเมืองเจริญ,≤100
102477654678259,Givegoody,Pitiphat Sangngam,≤100
116679231319335,ตุ๊ก - กานสีนี,Dunyawat  Bamrungchan,≤100
2091153520919518,อนุทิน ชาญวีรกูล,อนุทิน ชาญวีรกูล,≤100
105782438913837,มีศักดิ์ ภักดีคง,มีศักดิ์ ภักดีคง,≤100
110144991464196,กรอบลอยไวนิล แคนวาส บอร์ดไดคัท 99 บาท มีเก็บปลายทาง,Sakawtip Utha,≤100
622674297897819,Screenshirt2020,Screenshirt2020,≤100
613689015307999,ส.ส.แมน ฉัตรพันธ์ เดชกิจสุนทร,ส.ส.แมน ฉัตรพันธ์ เดชกิจสุนทร,≤100
101202512868425,เดอะคีย์ไขการเมืองเรื่องใกล้ตัว,These ads ran without a disclaimer,≤100