﻿Page ID,Page name,Disclaimer,Amount spent (CLP)
756450494522524,Andrés Jouannet Diputado,Andrés Alfonso Jouannet Valderrama,38051
337766483715142,Tremendas_cl,TREMENDAS with Facebook ad credits,8247
1548643738480723,Asistencia Deudores,Asistencia Deudores,7475
105783868682878,Asistencia Tesorería,Asistencia Tesoreria,7311
106423590853145,Fundación Ciudadanos en Acción,Fundacion Ciudadanos en accion,4963
78239901502,Diario Financiero,Grupo DF,4558
247284741960102,Corporación Humanas,HUMANAS with Facebook ads credits,4010
386634201382499,Marco Enriquez-Ominami,Marco Antonio Enríquez-Ominami Gumucio,2737
280326368663728,Asociación de Industriales de Iquique,Asociacion de Industriales Iquique,2482
371453409556353,Red Coquimbo,Diarios en Red,2482
115447711895370,Good Neighbors Chile,ONG Good Neighbors Chile,1862
103527991214141,Cero DICOM,Cero Dicom,1808
285417644878678,Red Antofagasta,Diarios en Red,1778
351583768232100,Red Tarapaca,Diarios en Red,1762
307330256067716,Red Atacama,Diarios en Red,1654
104189318481439,Minería y Futuro,Mineria y Futuro,1654
246478779511291,Lex Grupo Abogados,Lex Grupo Abogados,1356
78617029137,Greenpeace Chile,Fundación Greenpeace Pacífico Sur,1230
11005572919,La Opiñón,MiVoz.cl,1099
1436530563295625,El Líbero,Sociedad Periodística El Líbero S.A,964
103030962615298,Chile YAAC,Chile YAAC,864
130550720303550,DuocUC,Duoc UC,827
100645555080281,Academia Nacional de Litigación,Academia Nacional de Litigación,827
103788115244726,"Partido Liberal, Región de La Araucanía",Carlos Manuel Fuentes Del Valle,748
181208945236608,Patria Progresista,Patria Progresista,587
110951722267366,World Vision Chile,World Vision Chile,509
293103284121826,Fundación Para el Progreso,Fundación Para el Progreso,429
105216102185508,Cvr_abogados,Cvr_abogados,405
112863284811655,Partido Alianza Verde Popular,Partido Alianza Verde Popular,376
1637457636467958,Salesianos Chile - www.boletinsalesiano.cl,Congregación Salesiana,276
110405624650830,Chile En La Encrucijada,Juan Antonio Montes Varas,272
101180752297383,Gustavo Benavente Diputado,Gustavo Adolfo Alberto Benavente Vergara,215
108557574347706,Fundación Conecta Mayor,Fundación Conecta Mayor,214
614225382038057,Alvaro Elizalde,Álvaro Elizalde Soto,179
145925692108470,Educación Continua UC Temuco,UNIVERSIDAD CATÓLICA DE TEMUCO,134
111323908481002,Comando de voz,Mario Andrés Vilches Alcaíno,114
106294378574590,Análisis con Patricio Altamirano,Pablo Ignacio Güiza Illanes,108
1637457636467958,Salesianos Chile - www.boletinsalesiano.cl,These ads ran without a disclaimer,101
105998861901374,UPL - LATAM,These ads ran without a disclaimer,≤100
104817242476208,Raku Consultores,"Sociedad De Asesorías, Consultorías y Capacitaciones RAKU SpA",≤100
968772086505075,Gerardo Espíndola Rojas,Gerardo Alfredo Espíndola Rojas,≤100
120295334652273,Enrique Van Rysselberghe Herrera,Enrique Van Rysselberghe Herrera,≤100
221901754840837,Acciona.Chile,ACCIONA Chile,≤100
301968603152459,Xylem,These ads ran without a disclaimer,≤100
1715542162000038,Librería En El Blanco,Librería En el Blanco,≤100
228557190541436,BancoEstado,These ads ran without a disclaimer,≤100
211625929000469,Jaime Escudero,Jaime Escudero,≤100
112075035083264,to.encomunidad,These ads ran without a disclaimer,≤100
997590300304234,La Loica,These ads ran without a disclaimer,≤100
108369301325470,contigobienestar,These ads ran without a disclaimer,≤100
101971945439065,"Psicología, Plenitud y Vida",These ads ran without a disclaimer,≤100
102950734436744,entel_corporaciones,These ads ran without a disclaimer,≤100
342069352483789,Doritos,These ads ran without a disclaimer,≤100
101099148467660,BookMad Promotions,These ads ran without a disclaimer,≤100