﻿Page ID,Page name,Disclaimer,Amount spent (USD)
687089684739095,Vermont Gas Systems,VERMONT GAS SYSTEMS INC,≤100
101261956262408,New England Fishermen Stewardship Association,New England Fishermen Stewardship Association,≤100
10128918116,Gavin Newsom,Campaign for Democracy PAC,≤100
122258358636926,Sound of Freedom Movie,"Sound of Freedom, LLC",≤100
570092813023833,Matt Walsh,The Daily Wire,≤100
103875099042033,DailyWire+,The Daily Wire,≤100
131159566895612,Rethink Runoff Stream Team,CHITTENDEN COUNTY  REGIONAL PLANNING COMMISSION,≤100
18982436812,ACLU,American Civil Liberties Union,≤100
100638816262725,Rep. Becca Balint,Representative Becca Balint,≤100
18709174006,National Audubon Society,"NATIONAL AUDUBON SOCIETY, INC.",≤100
107483817554072,WorkMoney,WorkMoney,≤100
15771560300,Earthjustice,EARTHJUSTICE,≤100
100364185463048,Angel Studios,"Angel Studios, Inc.",≤100
342294162453301,Planned Parenthood,Planned Parenthood Federation of America,≤100
106244251043808,America's Plastic Makers,"AMERICAN CHEMISTRY COUNCIL, INC.",≤100
54736059724,Vermont Fish & Wildlife,Vermont Fish & Wildlife,≤100
7860876103,Joe Biden,BIDEN VICTORY FUND,≤100
1316372698453411,Alexandria Ocasio-Cortez,Alexandria Ocasio-Cortez for Congress,≤100
6204742571,Sierra Club,SIERRA CLUB,≤100
851220855030432,J.P. Morgan,"JPMORGAN CHASE BANK, NA",≤100
431891506856669,Dove,Unilever,≤100
203197030603239,8 Billion Trees,8 Billion Trees LLC,≤100
592707041080920,Stand Together,Stand Together Chamber of Commerce Inc.,≤100
6041057841,The Humane Society of the United States,"HUMANE SOCIETY OF THE UNITED STATES, THE",≤100
114008535880,Foundation for Individual Rights and Expression,FOUNDATION FOR INDIVIDUAL RIGHTS IN EDUCATION,≤100
57259033959,AARP,AARP,≤100
7341997111,Conservation International,Conservation International with Facebook Ad Credits,≤100
110483677935904,Team DeSantis,Ron DeSantis for President,≤100
7030901126,Campaign for Tobacco-Free Kids,Campaign for Tobacco-Free Kids,≤100
92925746942,Judicial Watch,Judicial Watch,≤100
388608874845516,Joy Ofodu,Unilever USA,≤100
385473284886474,Hillsdale College,Hillsdale College,≤100
7263476274,Mercy Corps,Mercy Corps,≤100
7292655492,MoveOn,MOVEON.ORG POLITICAL ACTION,≤100
72931140459,Center for Biological Diversity,"CENTER FOR BIOLOGICAL DIVERSITY, INC.",≤100
309308412520731,Sandy Hook Promise,Sandy Hook Promise,≤100
30139072158,CARE,CARE,≤100
8492293163,Environmental Defense Fund,Environmental Defense Fund,≤100
144105014310,Panasonic North America,Panasonic North America,≤100
6514736316,Walden University,Walden University,≤100
104394262049761,Jeremy's Razors,The Daily Wire,≤100
1562713090633117,Operation Underground Railroad,OPERATION UNDERGROUND RAI,≤100
140357056032320,NEA Today,National Education Association,≤100
100684991996307,November Coalition,NOVEMBER COALITION,≤100
103375628943529,Adam Frisch,Adam for Colorado,≤100
24470472733,The Trevor Project,The Trevor Project,≤100
23875187730,Feeding America,Feeding America,≤100
113891694102,Energy Citizens,AMERICAN PETROLEUM INSTITUTE,≤100
11791104453,NRDC,Natural Resources Defense Council,≤100
6266829799,Sherrod Brown,FRIENDS OF SHERROD BROWN,≤100
314499212242,Pfizer,Pfizer Inc.,≤100
2353537341582545,Proud Patriots,Proud Patriots,≤100
103478796015358,Neverbackdown,NEVER BACK DOWN INC.,≤100
84177291169,"Dairy Farmers of America, Inc.",DAIRY FARMERS OF AMERICA INC,≤100
7341997111,Conservation International,Conservation International,≤100
201248453800242,My Pay My Say,Mackinac Center for Public Policy,≤100
1461100540775171,The Tuttle Twins,LIBERTAS INSTITUTE,≤100
104623832132932,Perry Johnson,PERRY JOHNSON FOR PRESIDENT INC.,≤100
76470053424,TIAA,TEACHERS INSURANCE AND ANNUITY ASSOCIATION OF AMERICA,≤100
166618413413767,Jay Sekulow,American Center for Law and Justice,≤100
121268821249550,World Central Kitchen,World Central Kitchen,≤100
127225910653607,PragerU,PragerU,≤100
209516845093,NRDC Action Fund,NRDC Action Fund,≤100
100540971962779,Localyst,"Accelerate Change, Inc.",≤100
49651563727,Live Action,Live Action,≤100
243184199040637,Caring Across Generations,Caring Across Generations,≤100
9062006483,REI,"RECREATIONAL EQUIPMENT, INC.",≤100
1470540296409810,Fair Fight Action,FAIR FIGHT,≤100
200650357207240,I Love My Freedom,I Love My Freedom,≤100
106583555450073,Bidencare Health Plans,Obamacareplans,≤100
109092142462587,Adam Schiff,SCHIFF FOR SENATE,≤100
121626482110,Operation Smile,OPERATION SMILE,≤100
580610428636345,Fight for $15,Fight for $15,≤100
267180743723148,National Geographic Society,National Geographic Society,≤100
155555111125341,The Brooklyn Brewery,THE BROOKLYN BREWERY CORPORATION,≤100
38471053686,Elizabeth Warren,"WARREN FOR SENATE, INC.",≤100
240937060405,Center for Science in the Public Interest (CSPI),Center for Science in the Public Interest,≤100
167586229923327,World Food Program USA,World Food Program USA,≤100
160630887998827,Let Them Live,Let Them Live,≤100
8934429638,Planned Parenthood Action,Planned Parenthood Action Fund,≤100
12375354406,USO,United Service Organizations,≤100
20787991568,Senate Democrats,DSCC,≤100
104760636770,Vera Institute of Justice,Vera Institute of Justice,≤100
103715861368344,McCormick & Company,MCCORMICK & COMPANY INC,≤100
109204565830500,"SB Signs, Inc.","SB Signs, Inc",≤100
7735858972,Humane Society Legislative Fund,Humane Society Legislative Fund,≤100
103807629149771,Working Forests Initiative,"WORKING FOREST INITIATIVE, INC.",≤100
219612384781411,Bloomberg Philanthropies,Bloomberg Philanthropies,≤100
43005439032,American Diabetes Association,American Diabetes Association,≤100
318196171580489,Ron DeSantis,Ron DeSantis for President,≤100
110594725386545,Tell It Like It Is PAC,Tell It Like It Is PAC,≤100
100652668612020,Essential Plastics Coalition,"CENTER FOR CONSUMER FREEDOM, THE",≤100
111824001908,Hakeem Jeffries,JEFFRIES FOR CONGRESS,≤100
114710126648118,Republican Dogs,Republican Dogs,≤100
13885075114,Action Against Hunger USA,ACTION AGAINST HUNGER - USA,≤100
197760674021143,Indivisible Guide,INDIVISIBLE ACTION,≤100
1435071773455316,Daily Wire,The Daily Wire,≤100
45393753416,Alliance Defending Freedom,Alliance Defending Freedom,≤100
115379705206001,U.S. Department of Homeland Security Blue Campaign,U.S Department of Homeland Security Blue Campaign,≤100
35169196082,Project HOPE,"PROJECT HOPE-THE PEOPLE-TO-PEOPLE HEALTH FOUNDATION, INC.",≤100
117530308000694,Voices With Impact,ART WITH IMPACT,≤100
7192716362,Amnesty International USA,"AMNESTY INTERNATIONAL OF THE U. S. A., INC.",≤100
203805062990264,Ben Shapiro,The Daily Wire,≤100
50982313030,Food & Water Watch,Food & Water Watch,≤100
428821014132730,Katie Porter,KATIE PORTER FOR SENATE,≤100
219242560293,Meals on Wheels America,Meals On Wheels America,≤100
149220264647,ADL - Anti-Defamation League,Anti-Defamation League,≤100
393076844046051,Progressive Caucus,CONGRESSIONAL PROGRESSIVE CAUCUS PAC,≤100
2053678114723700,President Trump's Patriot Army,I Love My Freedom,≤100
100346689495660,Pete's Pranks,Petes Pranks,≤100
61492859575,Americares,"Americares Foundation, Inc.",≤100
342699155740189,Matt Maltese,These ads ran without a disclaimer,≤100
114765400352270,Kite & Key Media,VMTS EDUCATION INC,≤100
8325302025,Friends of the Earth U.S.,Friends of the Earth,≤100
495170667357093,Electronic Payments Coalition,ELECTRONIC PAYMENTS COALITION INC,≤100
129820983708027,American Heart Association - New York State,AMERICAN HEART ASSOCIATION INC,≤100
1338822066131069,Women's March,Women's March,≤100
38235851310,USA for UNHCR,UNITED STATES ASSOCIATION FOR UNHCR,≤100
929096003945397,Free Legal Reviews,These ads ran without a disclaimer,≤100
104526338457716,Renewable Energy Future,NEFI,≤100
126211280741703,Midwest Values PAC,Midwest Values PAC,≤100
104175362696063,Advantage Relief Programs,Advantage Relief Programs,≤100
100373975829221,Fòs Feminista Org,Fòs Feminista,≤100
104977525752112,Freedom of Patriots,Freedom of Patriots,≤100
1163811040367180,Food & Water Action,FOOD & WATER ACTION,≤100
110442961603215,Yikes Today,Yikes Today,≤100
1832744013698336,Mahogany Mommies,Mahogany Mommies,≤100
100403528653081,Punchbowl News,Punchbowl News,≤100
103588388469410,Disparity Trap,Disparity Trap,≤100
86071521216,Second Amendment Foundation,SECOND AMENDMENT FOUNDATION INC,≤100
106608038931801,Loyal Patriots,Loyal Patriots,≤100
70874333603,CatholicVote,catholicvote.org,≤100
570953166908066,Vivek Ramaswamy,VIVEK 2024,≤100
40217893542,AIPAC,AIPAC,≤100
19746387261,Humane Society International,Humane Society International,≤100
60000664446,Alzheimer's Association,"ALZHEIMER'S DISEASE AND RELATED DISORDERS ASSOCIATION, INC.",≤100
443329669123990,USAFacts,USAFacts Institute,≤100
665345483483486,NRA - National Rifle Association of America,NATIONAL RIFLE ASSN OF AMERICA,≤100
162244692732,Brennan Center for Justice at NYU Law,"WILLIAM J. BRENNAN CENTER FOR JUSTICE, INC.",≤100
131306317680000,Social Goods,"Social Goods, LLC",≤100
304600892905134,Hillsdale College Online Courses,HILLSDALE COLLEGE,≤100
48485058304,Pachamama Alliance,"PACHAMAMA ALLIANCE, THE",≤100
104659801302856,Anna Kaplan for New York,Anna Kaplan for New York,≤100
228132537208218,Tammy Duckworth,TAMMY FOR ILLINOIS,≤100
101704558574021,Lucas Kunce,Lucas Kunce for Missouri,≤100
19984154032,Great Performances l PBS,WNET,≤100
349068689306,Tim Scott,Tim Scott for America,≤100
162245191716,LGBTQ Nation,LGBTQ Nation,≤100
356431274698532,Ryan Hampton,Ryan Hampton,≤100
24413227922,Kamala Harris,BIDEN VICTORY FUND,≤100
109320440856128,Stand Up to Jewish Hate,"Foundation to Combat Anti-Semitism, Inc.",≤100
8524198486,Physicians Committee for Responsible Medicine,"PHYSICIANS COMMITTEE FOR RESPONSIBLE MEDICINE, INC.",≤100
95581248016,Connecticut River Conservancy,Connecticut River Watershed Council d.b.a. Connecticut River Conservancy,≤100
102592959026,Ocean Conservancy,"OCEAN CONSERVANCY, INC.",≤100
1012679305536045,Elissa Slotkin,Elissa Slotkin for Michigan,≤100
145917588805718,Dr Jordan B Peterson,The Daily Wire,≤100
161183970656851,Ruben Gallego,GALLEGO FOR ARIZONA,≤100
106563958759988,Semafor,Semafor Inc.,≤100
19554217292,American Heart Association: You're the Cure,American Heart Association,≤100
255062275778,Tim Tebow Foundation,TIM TEBOW FOUNDATION,≤100
51379424899,Mercy Ships,MERCY SHIPS INTERNATIONAL,≤100
126305280752104,Slavic Gospel Association,SLAVIC GOSPEL ASSOCIATION,≤100
1539972792944463,Forge Leadership Network,Forge Leadership Network,≤100
96935476345,Democratic Governors Association (DGA),"Democratic Action, democraticgovernors.org, not authorized by any candidate or candidate's committee.",≤100
19437978960,Chris Murphy,FRIENDS OF CHRIS MURPHY,≤100
142474049098533,Robert Reich,Inequality Media,≤100
152264148166020,Moms Clean Air Force,Moms Clean Air Force,≤100
102993965562061,Second Amendment Hunters,Gun Owners of America - 2nd Amendment Hunters,≤100
332028597354723,National Partnership for Women & Families Action Fund,National Partnership for Woman & Families Action Fund,≤100
6316744206,Jon Tester,MONTANANS FOR TESTER,≤100
134452023239984,Human Coalition,Human Coalition,≤100
5435784683,Greenpeace USA,"GREENPEACE, INC.",≤100
801419943264962,BLM Wild,BLM Wild,≤100
56643412732,Chicken of the Sea,Chicken of the Sea,≤100
80562389320,NARAL Pro-Choice America,NARAL PRO-CHOICE AMERICA CORP,≤100
745304825534862,Steve Scalise,Team Scalise,≤100
8047221596,Save the Children US,SAVE THE CHILDREN FEDERATION INC.,≤100
248181906078243,National Institute for Civil Discourse,CommonSense American,≤100
13673457388,Penguin Random House,Penguin Random House LLC,≤100
297987334762,Jamie Raskin,Jamie Raskin for Congress,≤100
91346559231,Democratic Legislative Campaign Committee - DLCC,Democratic Legislative Campaign Committee,≤100
108268161352786,Stanley M. Herzog Foundation,Herzog Foundation,≤100
711478725532801,Civiqs,Civiqs,≤100
101584489634833,Liberty Society,NICKEL LIMITS LLC,≤100
6502038524,First Book,FIRST BOOK,≤100
105561217523274,The Dispatch,"Dispatch Media, Inc.",≤100
148283301869985,Many Hopes,ONE HOME MANY HOPES INC,≤100
70484114314,National Multiple Sclerosis Society,These ads ran without a disclaimer,≤100
197760674021143,Indivisible Guide,Indivisible Project,≤100
23790541544,Democrats,DCCC,≤100
1682876188698809,United for Respect,United for Respect,≤100
103695769458,United States Mint,United States Mint,≤100
42940254353,Human Rights Watch,"HUMAN RIGHTS WATCH, INC.",≤100
105331908787374,Republican Accountability PAC,REPUBLICAN ACCOUNTABILITY PAC INC,≤100
101716172441500,Brennan Center en Español,"WILLIAM J. BRENNAN CENTER FOR JUSTICE, INC.",≤100
7357041101,Tammy Baldwin,TAMMY BALDWIN FOR SENATE,≤100
8501031021,VoteVets.org,VOTEVETS,≤100
103885799225717,Liberty Protector,Liberty Protector,≤100
18813753280,Human Rights Campaign,"HUMAN RIGHTS CAMPAIGN, INC.",≤100
153080620724,Donald J. Trump,TRUMP SAVE AMERICA JOINT FUNDRAISING COMMITTEE,≤100
12596759677,RAICES,REFUGEE AND IMMIGRANT CENTER FOR EDUCATION AND LEGAL SERVICES,≤100
101432317199,Blue Cross and Blue Shield Association,BLUE CROSS AND BLUE SHIELD ASSOCIATION,≤100
38882699096,Polaris,POLARIS PROJECT,≤100
12185972707,350.org,350 ORG,≤100
104856814505092,The Kids Guide,These ads ran without a disclaimer,≤100
253312980194,Community Catalyst,COMMUNITY CATALYST INC,≤100
5720973755,Defenders of Wildlife,DEFENDERS OF WILDLIFE,≤100
69983322463,Ted Cruz,TED CRUZ FOR SENATE,≤100
290851614930809,Combat AntiSemitism,Combat Hate Foundation,≤100
220873174076,Animal Equality,ANIMAL EQUALITY,≤100
583258211727279,Shai Fund,SHAI FUND INC,≤100
101064776613325,Charles Tyrwhitt,These ads ran without a disclaimer,≤100
50822254585,Mountain States Legal Foundation,Mountain States Legal Foundation,≤100
2255535767896743,Mark Robinson,Friends of Mark Robinson,≤100
24330467048,Americans for Prosperity,AMERICANS FOR PROSPERITY,≤100
681626158940626,Mission Roll Call,Americas Warrior Partnership,≤100
100992801635617,Conservative-American.org,Conservative American Strategies,≤100
17203056985,Partners In Health,Partners In Health,≤100
7191206138,ASPCA,ASPCA,≤100
309798029121030,Everytown for Gun Safety,Everytown for Gun Safety Action Fund Inc,≤100
507070522767934,AACR Foundation,"AMERICAN ASSOCIATION FOR CANCER RESEARCH, INC.",≤100
112642477582238,Mericanaf,AAF Nation,≤100
100119981671668,Blue Senate,BLUE SENATE PAC,≤100
399366360669553,Jamaal Bowman,Bowman For Congress,≤100
104295601633638,American Cornerstone Institute,American Cornerstone Institute Inc,≤100
46347342434,EMILYs List,EMILY'S LIST,≤100
284293125336159,Regulatory Transparency Project,FEDERALIST SOCIETY FOR LAW & PUBLIC POLICY STUDIES,≤100
108970206976,World Vision USA,WORLD VISION INC.,≤100
107661474402498,Liberty Eagle Apparel,United Patriot,≤100
376776419037747,Turning Point USA,"Turning Point USA, Inc.",≤100
343714718985673,Think Wood,Think Wood,≤100
104491841664875,Country First,"Country First Action, Inc.",≤100
101330089548224,John Burrows for Congress,John Burrows for Congress,≤100
83865976093,Truthout,TRUTHOUT,≤100
1470540296409810,Fair Fight Action,FAIR FIGHT ACTION INC,≤100
405781729459233,Billy Jones,Friends of Billy Jones,≤100
7606381190,Amy Klobuchar,KLOBUCHAR FOR MINNESOTA,≤100
216311481960,Bill Gates,Bill Gates,≤100
11111618026,Union of Concerned Scientists,"UNION OF CONCERNED SCIENTISTS, INC.",≤100
2245766435469741,Beersy,Beersy LLC,≤100
154042277970966,International Refugee Assistance Project,"INTERNATIONAL REFUGEE ASSISTANCE PROJECT, INC.",≤100
36872302227,Cory Booker,CORY BOOKER FOR SENATE,≤100
310925405807,Citizens Climate Lobby,Citizens' Climate Lobby,≤100
8321461609,MomsRising.org,MomsRising Together,≤100
679171239164792,Supermajority,Supermajority,≤100
431744650466,Chevron,These ads ran without a disclaimer,≤100
100758682697459,Mayday Health,"Mayday Medicines, Inc.",≤100
555787351119974,Coalition to Protect America's Health Care,Coalition to Protect America’s Health Care,≤100
105157841248307,No Filter Politics,No Filter Politics,≤100
321088559302,Keep America Beautiful,Keep America Beautiful,≤100
6240652407,Young America's Foundation,Young America's Foundation Inc,≤100
458142697588014,AARP Public Policy Institute,AARP,≤100
8002590959,Rainforest Action Network - RAN,RAINFOREST ACTION NETWORK,≤100
215653202574079,Future Majority,"Future Majority, Inc",≤100
116546288359245,Heritage Action for America,HERITAGE ACTION FOR AMERICA,≤100
164498676940373,American Masters,WNET,≤100
109736674813587,US MADE Coalition,"US Manufacturers Association for Development and Enterprise, Inc.",≤100
130449343291731,Ryan Binkley,BINKLEY FOR PRESIDENT 2024,≤100
53674651369,SBA Pro-Life America,"SUSAN B. ANTHONY LIST, INC.",≤100
152065518140304,Wildlife Conservation Society,Wildlife Conservation Society,≤100
182620315479,Plan International USA,Plan International USA,≤100
302182941354,AARP Advocates,AARP,≤100
228754857151053,House Majority PAC,HOUSE MAJORITY PAC,≤100
93692255431,Bread for the World,"BREAD FOR THE WORLD, INC.",≤100
105756057589080,The Lincoln Project,THE LINCOLN PROJECT,≤100
5647744585,PETA (People for the Ethical Treatment of Animals),"PEOPLE FOR THE ETHICAL TREATMENT OF ANIMALS, INC.",≤100
26082912881,Project On Government Oversight,Project On Government Oversight,≤100
159658557547960,Wall Street Journal Opinion,The Wall Street Journal,≤100
154561574598964,White Coat Waste Project,THE WHITE COAT WASTE PROJECT INC,≤100
260713150211,Protect Our Winters,Protect Our Winters,≤100
1869687273277265,Run for Something,Run For Something PAC,≤100
7833534974,Florida Democratic Party,Florida Democratic Party,≤100
85452072376,NEWSMAX,"NEWSMAX MEDIA, INC.",≤100
51405613519,Focus on the Family,Focus on the Family,≤100
359477377917,American Federation for Children,American Federation for Children,≤100
466164103423147,Thorn,Thorn,≤100
6355071377,American Cancer Society Cancer Action Network - ACS CAN,AMERICAN CANCER SOCIETY CANCER ACTION NETWORK INC,≤100
323083351064533,The News Literacy Project,The News Literacy Project,≤100
33720334139,Queerty,Queerty,≤100
104908071917505,Welcome.us,Welcome.us,≤100
110099228407333,Chevron Advocacy Network,Chevron Advocacy Network,≤100
201446296572389,Compassion in World Farming (USA),Compassion in World Farming Inc,≤100
1428755447227803,Defend The Second,Next Level Goods,≤100
34362997676,United States Holocaust Memorial Museum,UNITED STATES HOLOCAUST MEMORIAL MUSEUM,≤100
83290028957,Care Net,CARE NET,≤100
130945114804,World Jewish Congress,WORLD JEWISH CONGRESS AMERICAN SECTION INC,≤100
1443127535947107,Save the Children Action Network,Save the Children Action Network,≤100
498221457664032,DHL U.S.,"DHL EXPRESS (USA), INC.",≤100
945455208962159,For Everyone Collective,For Everyone Collective,≤100
7558311497,The Ocean Foundation,THE OCEAN FOUNDATION,≤100
689908101020054,Unified Patents,Unified Patents LLC,≤100
518194348194441,RepresentUs,RepresentUs,≤100
17414523278,Democracy Now!,DEMOCRACY NOW,≤100
226999127329906,New York Immigration Lawyer,Law Office of Alena Shautsova,≤100
111464544881905,America First News,America First News,≤100
408250066356,Bill O'Reilly,"Bill Me, Inc.",≤100
133937690180,Student Conservation Association,Student Conservation Association,≤100
30618466815,Pacific Legal Foundation,Pacific Legal Foundation,≤100
138354569532939,"Tradition, Family, Property - TFP","American Society for the Defense of Tradition, Family and Property",≤100
786167111464006,Woodson Center,The Woodson Center,≤100
8914040942,Chesapeake Bay Foundation,"CHESAPEAKE BAY FOUNDATION, INC., THE",≤100
5970146660,Community Change,Center for Community Change Action,≤100
153278754738777,Climate Reality,The Climate Reality Project,≤100
126893748252841,American Firearms Association,American Firearms Coalition,≤100
314121315788033,Stand with Parkland,Stand With Parkland,≤100
142474049098533,Robert Reich,Inequality Media Civic Action,≤100
104253615152700,America First Legal,America First Legal Foundation,≤100
101674425989138,MIT Economics Environmental Survey,"MIT Climate Change Survey, MIT Department of Economics",≤100
78420171887,Sailors for the Sea,OCEANA INC,≤100
788559044606908,America Forward,NEW PROFIT INC,≤100
21375324480,The Heritage Foundation,HERITAGE FOUNDATION (THE),≤100
141786816970,Cruise Lines International Association - CLIA,Cruise Lines International Association,≤100
106315901551850,The U.S. Concealed Carry Association for Saving Lives,U.S. Concealed Carry Association For Saving Lives. Not Authorized By Any Candidate Or Candidate's Committee.,≤100
1526707030943680,Phoenix Dream Center,City Help Inc of Phoenix dba Phoenix Dream Center,≤100
6726182861,Mike Pence,Mike Pence for President,≤100
106766938480768,The Jennifer Hudson Show,The Jennifer Hudson Show,≤100
355783211719644,Veteran Caregivers of America,"Veteran Caregivers, LLC",≤100
102221165021408,Law Forward,"Law Forward, Inc.",≤100
702582586516561,CBN Israel,The Christian Broadcasting Network,≤100
100692068471118,Explain America,Apse Media LLC,≤100
1600352356914768,PushBlack,PushBlack,≤100
153678684700451,American Investment Council,AMERICAN INVESTMENT COUNCIL,≤100
58736997707,Marco Rubio,Rubio Victory Committee,≤100
77278490877,National Corn Growers Association,NATIONAL CORN GROWERS ASSOCIATION INC,≤100
145034262195374,InSinkErator,InSinkErator_Whirlpool,≤100
93228695778,Tea Party Patriots,Tea Party Patriots,≤100
911845658833043,I Am An Immigrant,FWD.us Education Fund,≤100
43934405787,IPPF,International Planned Parenthood Federation Worldwide Inc,≤100
186319338839,GLAAD,"GLAAD, INC.",≤100
10331123781,Special Olympics,Special Olympics Inc,≤100
56332452163,AMA Patients Action Network,American Medical Association,≤100
837731992980860,Pero Like,Pero Like,≤100
169042736456594,All Out,All Out Action Fund.,≤100
438987046299274,The First,"The First Digital, Inc",≤100
101869563236902,FreedomFest,FreedomFest,≤100
108266445888054,Patriot Academy,TORCH OF FREEDOM FOUNDATION,≤100
147368882623027,Black Futures Lab,Black Futures Lab,≤100
7145381235,American Jewish World Service - AJWS,"AMERICAN JEWISH WORLD SERVICE, INC.",≤100
25372476424,Best Friends Animal Society,BEST FRIENDS ANIMAL SOCIETY,≤100
103565195134756,America First Policy Institute,America First Policy Institute,≤100
999556810102061,Signature Seas,Signature Seas,≤100
159964696102,Kevin McCarthy,KEVIN MCCARTHY FOR CONGRESS,≤100
162678203751209,Gilead Sciences,GILEAD SCIENCES INC,≤100
25852730092,Care2,"Care2.com, Inc",≤100
97544505459,Luther Seminary,These ads ran without a disclaimer,≤100
190198574334684,FHE Health,THE FLORIDA HOUSE EXPERIENCE M,≤100
106058025408954,Do No Harm Medicine,Do No Harm,≤100
1590877284560136,Patti Harris,Bloomberg Philanthropies,≤100
101391906600,Live Action News,Live Action,≤100
2152371365037033,Aliados Adelante,AARP,≤100
21492729544,Catholic Relief Services,CATHOLIC RELIEF SERVICES - UNITED STATES CONFERENCE OF CATHOLIC BISHOPS,≤100
192609620649,The University of Chicago,The University of Chicago,≤100
349800859019034,The 19th News,The 19th,≤100
60182072999,Lila Rose,Live Action,≤100
105257485893022,Wesley Bell,Bell for Missouri,≤100
259351004139042,Ashbrook Center,Ashbrook Center,≤100
632176236951077,Alliance for Justice Action Campaign,Alliance for Justice Action Campaign,≤100
27311599342,Preemptive Love,Preemptive Love Coalition,≤100
367292494407,AJC - American Jewish Committee,AMERICAN JEWISH COMMITTEE,≤100
74470852653,Mike Pompeo,Champion American Values PAC,≤100
108512875350,The Atlas Society,The Objectivist Center Ltd,≤100
107454490912636,Jewish Future Pledge,Jewish Future Pledge Inc,≤100
103355385129734,The Climate Pledge,The Climate Pledge,≤100
7292655492,MoveOn,MOVEON.ORG CIVIC ACTION,≤100
88410949777,Population Media Center,"POPULATION MEDIA CENTER, INC.",≤100
102748688472759,Parents Defending Education,Parents Defending Education,≤100
1166660030079480,National Democratic Redistricting Committee,National Democratic Redistricting Committee,≤100
29717379728,International Justice Mission,International Justice Mission,≤100
11309713071,Gates Foundation,Bill and Melinda Gates Foundation,≤100
107764430968176,Tuttle Twins TV Show,"Tuttle Twins Show, LLC",≤100
667406426724032,Cocoa Butter,Cocoa Butter,≤100
16900111951,National Organization for Women (NOW),NATIONAL ORGANIZATION FOR WOMEN,≤100
163148530407080,Captain Mark Kelly,MARK KELLY FOR SENATE,≤100
105753898811449,Align Us,Kyle Reyes,≤100
201956993160690,MRCTV,MEDIA RESEARCH CENTER,≤100
43426724597,Paper Culture,Paper Culture LLC,≤100
160005659383,PreBorn,"MISSION: PRE-BORN, INC.",≤100
205795426669644,Facts and Logic about the Middle East,Facts and Logic About the Middle East,≤100
107936991746783,A Common Sense America,Common Sense America Inc,≤100
105055152148626,Dalio Philanthropies,"Dalio Foundation, Inc.",≤100
1593518174052711,Candace Owens,The Daily Wire,≤100
1864721517082089,Democratic Attorneys General Association,DAGA PAC,≤100
18079407397,CPAC,American Conservative Union,≤100
10234472029,Council on Foreign Relations,Council on Foreign Relations,≤100
408526523045391,Mammoth Nation,Mammoth Nation,≤100
130268756992804,Yale Climate Connections,Yale Climate Connections,≤100
87186661244,Johns Hopkins Bloomberg School of Public Health,Johns Hopkins Bloomberg School of Public Health,≤100
2602473023098666,Democratic Polling Center,Democratic Governors Association,≤100
317284821682168,Messianic Jewish Alliance of America (MJAA),Messianic Jewish Alliance of America,≤100
340153562850578,Tim Tebow,TIM TEBOW FOUNDATION,≤100
293225127381200,Patriot Depot,The Patriot Depot,≤100
11911627997,Pancreatic Cancer Action Network,"PANCREATIC CANCER ACTION NETWORK, INC.",≤100
830162603716633,Andy Beshear,Andy Beshear for Governor,≤100
7219151423,The Fund for American Studies (TFAS),FUND FOR AMERICAN STUDIES,≤100
174941115857811,Campaign for Southern Equality,Campaign for Southern Equality,≤100
81517275796,UNICEF USA,These ads ran without a disclaimer,≤100
1534290989956166,Philanthropy Roundtable,"PHILANTHROPY ROUNDTABLE, THE",≤100
309798029121030,Everytown for Gun Safety,Everytown for Gun Safety Support Fund Inc,≤100
1679521432262834,Physicians Grassroots Network,American Medical Association,≤100
70531357576,Freedom Forum,"FREEDOM FORUM INC, THE",≤100
524399207959953,Truth & Liberty Coalition,Truth & Liberty Coalition,≤100
10498053716,Media Research Center,MEDIA RESEARCH CENTER,≤100
102047517918,The Commonwealth Fund,The Commonwealth Fund,≤100
113986481630469,Trending Patriots,I Love My Freedom,≤100
103001292766800,Kurt Kroemer for Congress,KROEMER FOR CONGRESS,≤100
46093654473,National Republican Congressional Committee,NRCC,≤100
48994809349,Ms. Foundation for Women,MS FOUNDATION FOR WOMEN INC,≤100
112735922758892,Charlie Kirk,"Turning Point USA, Inc.",≤100
1162286517277297,Canvass America,Canvass America,≤100
395437707314655,Regeneron,Regeneron,≤100
723394465079640,The Lion,Stanley M. Herzog Charitable Foundation,≤100
114301413446447,The Climate Initiative,Kennebunkport Climate Initiative,≤100
12357407443,American Friends Service Committee,AMERICAN FRIENDS SERVICE COMMITTEE,≤100
58158120046,ACLJ,American Center for Law and Justice,≤100
21898300328,BuzzFeed,BuzzFeed,≤100
2392327931036570,BRIGHTMARK,These ads ran without a disclaimer,≤100
190697157619887,Freedom Foundation,Freedom Foundation,≤100
1848805358783239,Asa Hutchinson,"ASA FOR AMERICA, INC.",≤100
738104740277586,News Browser,The Survival Guide,≤100
170491079663777,The Sentencing Project,"SENTENCING PROJECT INC, THE",≤100
1382441768496365,Pentair,PENTAIR,≤100
6165653060,AFSCME,AMERICAN FEDERATION OF STATE COUNTY & MUNICIPAL EMPLOYEES,≤100
168876449866088,The Years Project,THE YEARS PROJECT,≤100
403737406341879,National Women's Health Network,NATIONAL WOMENS HEALTH NETWORK,≤100
113731336694,Goldwater Institute,"GOLDWATER INSTITUTE ,THE",≤100
440141996098983,North Country Community College,These ads ran without a disclaimer,≤100
198119286865213,Austin Interfaith,AUSTIN INTERFAITH,≤100
43527081680,Appalachian Mountain Club,Appalachian Mountain Club,≤100
24481937944,Theodore Roosevelt Conservation Partnership,"THEODORE ROOSEVELT CONSERVATION PARTNERSHIP, INC",≤100
337038226473839,Trish Regan,"SALEM MEDIA GROUP, INC.",≤100
11602044174,Independent Women's Forum,Independent Women's Forum,≤100
21090771700,Gun Owners of America,Gun Owners of America,≤100
417709355647,The Lynde and Harry Bradley Foundation,"LYNDE AND HARRY BRADLEY FOUNDATION, INC., THE",≤100
268742029966978,PowerToFly,These ads ran without a disclaimer,≤100
407902639235640,JNS.org,Jewish News Syndicate,≤100
2254455051442790,Patriot Depot,Flag & Cross,≤100
384006901653736,The Moore Charitable Foundation,Moore Charitable Foundation,≤100
103255375067070,Supervisor Terra Lawson-Remer,Supervisor Terra Lawson-Remer,≤100
1428283027462702,Restoration of America,RESTORATION PAC,≤100
645392368909975,carafem,carafem,≤100
220538341415523,The Satanic Temple,The Satanic Temple,≤100
106568024842114,Rideshare Assault Support,Citizen Ad Network LLC,≤100
142432192446984,David Horowitz Freedom Center,David Horowitz Freedom Center,≤100
1546952572205770,UAE USA United,The Embassy of the United Arab Emirates,≤100
103338614839717,Peter S. Wenz,Peter S. Wenz,≤100
282728185140429,Rep For Vets,The Rep For Vets,≤100
96491683438,"The Friends of Israel Gospel Ministry, Inc.","FRIENDS OF ISRAEL GOSPEL MINISTRY, INC, THE",≤100
121093970983472,Heat Pump Nation,Heat Pump Nation,≤100
15726030300,American Cancer Society,These ads ran without a disclaimer,≤100
109118211910879,Mr. 45,Green Straw LLC,≤100
214536049346,VPIRG,VERMONT PUBLIC INTEREST RESEARCH GROUP,≤100
145973965440671,Carnegie Corporation of New York,CARNEGIE CORPORATION OF NEW YORK,≤100
122894447754361,Institute for New Economic Thinking,"INSTITUTE FOR NEW ECONOMIC THINKING, THE",≤100
16317479654,Deseret News,Deseret News,≤100
176099663659,Armed Services YMCA,ARMED SERVICES YMCA OF THE USA,≤100
6333396177,NewsBusters.org,MEDIA RESEARCH CENTER,≤100
104265135212143,Walden Mutual Bank,These ads ran without a disclaimer,≤100
20603236087,Love146,"LOVE146, INC.",≤100
431019887282794,Tomorrow's World Today,Flying Cork,≤100
331661123551110,Leadership for Educational Equity,Leadership for Educational Equity,≤100
104377518078467,More Perfect Union,MORE PERFECT UNION FOUNDATION,≤100
55549065733,Voto Latino,VOTO LATINO INC.,≤100
60261764250,Childhelp,"CHILDHELP, INC.",≤100
103376804451432,Trending Politics,I Love My Freedom,≤100
546066468753446,Black Health Matters,BLACK HEALTH MATTERS FOUNDATION INC,≤100
393795797388359,FOUR PAWS,FOUR PAWS INTERNATIONAL INC,≤100
6787988478,Physicians for Human Rights,"PHYSICIANS FOR HUMAN RIGHTS, INC.",≤100
105377404649506,Solidarity Fund by Coworker,COWORKER SOLIDARITY FUND,≤100
341163402640457,NowThis,"VOX MEDIA, INC.",≤100
9694956217,Animal Legal Defense Fund,ANIMAL LEGAL DEFENSE FUND,≤100
661744180680367,National Police Association,"NATIONAL POLICE ASSOCIATION, INC.",≤100
128288676833,Rocky Mountain Elk Foundation,"ROCKY MOUNTAIN ELK FOUNDATION, INC.",≤100
215968684159,AFT - American Federation of Teachers,American Federation of Teachers,≤100
105173311888160,Star and Bar,Star and Bar,≤100
252814820267,HIAS,HIAS,≤100
378084314984,Trane Technologies,Trane Technologies,≤100
210357995667559,The National Memo,The National Memo,≤100
108247581851552,Democracy Defense Fund,DEMOCRACY DEFENSE FUND,≤100
249247419293008,Braxton Mitchell,Tomer Barazani,≤100
141461112573139,Ullico Inc.,Ullico Inc.,≤100
299016790922,Bobby Eberle,Bobby Eberle,≤100
118385911198439,Trending Politics News,I Love My Freedom,≤100
356050017804283,WSPA (Western States Petroleum Association),WESTERN STATES PETROLEUM ASSOCIATION,≤100
202843900735,1199SEIU Massachusetts,1199SEIU Massachusetts Political Action Fund,≤100
100652402259075,The Intersect,Accelerate Change Inc,≤100
1654550184799326,RetireSafe,RetireSafe,≤100
89336510798,American Friends of the Hebrew University,American Friends of Hebrew University,≤100
269348454714,IMB,"INTERNATIONAL MISSION BOARD OF THE SOUTHERN BAPTIST CONVENTION, THE",≤100
102413723172970,Nick Adams,Nick Adams,≤100
14038292386,Women for Women International,WOMEN FOR WOMEN INTERNATIONAL,≤100
140155342671005,Sempervirens Fund,SEMPERVIRENS FUND,≤100
474227102732389,Turning Point Action,Turning Point Action,≤100
95780532483,"Lutheran Church Extension Fund, LCEF",These ads ran without a disclaimer,≤100
9785626650,Public Citizen,Public Citizen,≤100
103481651030324,Great Lakes. Michigan Jobs.,Great Lakes. Michigan Jobs.,≤100
104614641200137,MeidasTouch,MEIDASTOUCH,≤100
138290759549138,Hope Clinic,Hope Clinic for Women,≤100
227594571444676,Building New York's Best,Carpenter Contractor Alliance of Metropolitan New York,≤100
38234604057,PEN America,PEN AMERICAN CENTER INC,≤100
1140702179421474,Lolahemp for Pets,These ads ran without a disclaimer,≤100
106426522447112,Club Parents,Club Parents,≤100
102044622753692,American Potential Podcast,AMERICANS FOR PROSPERITY,≤100
118152441212175,Digital Innovation for America,Digital Innovation for America,≤100
143173285763,Tenth Amendment Center,Tenth Amendment Center,≤100
110316380149,Family Policy Alliance,Family Policy Alliance,≤100
104913132492367,Maureen Coffey,Friends of Maureen Coffey,≤100
71324717432,National Association of Scholars,NATIONAL ASSOCIATION OF SCHOLARS,≤100
236312179825896,Republican Main Street Partnership,REPUBLICAN MAIN STREET PARTNERSHIP INC,≤100
248539568517772,New Jersey League of Conservation Voters,NJ LEAGUE OF CONSERVATION,≤100
101374728149342,A Starting Point,A Starting Point LLC,≤100
106010984337545,Accessibility.com,These ads ran without a disclaimer,≤100
103552914774916,Science Moms,Potential Energy Coalition Inc,≤100
8446177150,Chosen People Ministries,CHOSEN PEOPLE MINISTRIES INC,≤100
97624620788,American Friends of Magen David Adom,AMERICAN FRIENDS OF MAGEN DAVID ADOM,≤100
84645912778,Prosperity Now,PROSPERITY NOW,≤100
115262456592822,Christians Engaged,Christians Engaged,≤100
268868046463126,Beacon Center of Tennessee,BEACON CENTER OF TENNESSEE,≤100
107533860975028,Conservative,CONSERVATIVE LLC,≤100
1881318482138137,Home Renew Pro,These ads ran without a disclaimer,≤100
107645227592678,To Which We Belong,Mystic Artists,≤100
166194476728392,Center Street,"Hachette Book Group, Inc.",≤100
1862239787324309,Clean Grid Alliance,Clean Grid Alliance,≤100
207985279219826,AARP Rhode Island,AARP,≤100
485068924838758,EARN - Employer Assistance and Resource Network on Disability Inclusion,Employer Assistance and Resource Network on Disability Employment,≤100
1272534336242476,CFR Education,Council on Foreign Relations,≤100
1599237673639735,Change Media Group,Change Media Group,≤100
101302035789036,Lost Island Wind,"Lost Island Wind Energy, LLC",≤100
109599248636777,Consumer Credit Card Protection Coalition,CONSUMER CREDIT CARD PROTECTION COALITION,≤100
100700519593180,"Buck Nasty Media. Sports, culture, politics, and the Nasty Truth",Robert Mattox,≤100
101991652440936,Across Documentary,DIGITAL COAST MEDIA LLC,≤100
104979848524405,Starts With Us,Lubetzky Family Foundation,≤100
147126507164,ACTwireless,ACTwireless,≤100
140338009367872,Options United,Options United,≤100
168109446538119,St. Martin's Press,Macmillan Publishing,≤100
366741496830,Southern California Edison (SCE),Southern California Edison,≤100
567371470277443,The Wilderness Society Action Fund,The Wilderness Society Action Fund,≤100
499379343409991,Impact Fund,"IMPACT FUND, THE",≤100
165674110118949,Clearing out the Clutter,Colin David Moore,≤100
108179361951729,Republican Patriots,Tomer Barazani,≤100
1676844315869073,AirBrush,These ads ran without a disclaimer,≤100
182586558444730,National Family Farm Coalition,NATIONAL FAMILY FARM COALITION,≤100
181924628560212,Ekō,Ekō,≤100
225422650854192,Election Systems & Software,Election Systems & Software,≤100
104766211232210,Feel Good Action,Feel Good Action,≤100
156496968533805,Explore Beyond,NCTA - The Internet & Television Association,≤100
1141564586005238,Angry For Supervisor,Friends of Victor Angry,≤100
376250065793807,Citizens for Responsible Energy Solutions,CITIZENS FOR RESPONSIBLE ENERGY SOLUTIONS INC,≤100
1425435377743310,Conversations with Bill Kristol,FOUNDATION FOR CONSTITUTI,≤100
164771506031,Claremont Institute,"CLAREMONT INSTITUTE FOR THE STUDY OF STATESMANSHIP AND POLITICAL  PHILOSPHY, THE",≤100
140499052681592,Bank of the West,BANK OF THE WEST,≤100
110856865095475,Albert Vega for Springfield Supervisor,Friends of Albert Vega,≤100
297556050347902,Patrick Keefe For Revere Mayor,Keefe Committee,≤100
109352563640,Water.org,WATER.ORG INC.,≤100
7515233409,"Mikey Weinstein, MRFF",MILITARY RELIGIOUS FREEDOM FOUNDATION,≤100
525697187442438,The Leukemia & Lymphoma Society - Advocacy,"LEUKEMIA & LYMPHOMA SOCIETY, INC., THE",≤100
100801038449520,Natural Allies for a Clean Energy Future,"Natural Allies, Inc.",≤100
397207347056799,Voices for Healthy Kids,AMERICAN HEART ASSOCIATION INC,≤100
1731084720451495,Saprea,The Younique Foundation,≤100
114633944922650,"Sunlyt, LLC","Sunlyt, LLC",≤100
97466887664,Innocence Project,"INNOCENCE PROJECT, INC., THE",≤100
213191459362508,Steve Descano,Friends of Steve Descano,≤100
71393981315,WildAid,"WILDAID, INC",≤100
601678723294742,The Bill Walton Show,Resolute Protector Foundation,≤100
238473269650980,Capital & Main,CAPITAL & MAIN,≤100
139862256028052,BigIron Auctions,These ads ran without a disclaimer,≤100
101204378825808,Fight the Right,FIGHT THE RIGHT PAC,≤100
102993012523555,Reparations United,Reparations United,≤100
205693312974273,Tyler Servant,Servant Campaign Fund,≤100
102420431749179,Raging Americans,Tomer Barazani,≤100
36085812354,Rainforest Foundation US,"Rainforest Foundation, Inc.",≤100
70090474914,American Farmland Trust,"AMERICAN FARMLAND TRUST, INC",≤100
59877921429,Lutheran Immigration and Refugee Service,"LUTHERAN IMMIGRATION AND REFUGEE SERVICE, INC.",≤100
1210731362318596,Senator Joe Pennacchio,Senator Joe Pennacchio,≤100
28126338304,Surfrider Foundation,"SURFRIDER FOUNDATION, INC",≤100
163662804426854,Life Advancement Group,Nathan Montgomery Berning,≤100
27591534505,SPIRIT 105.3,CRISTA Media,≤100
101791315693,Destiny Rescue,"Destiny Rescue International, Inc.",≤100
271453369908901,FLAG  - Foundation for Liberty and American Greatness,Tomer Barazani,≤100
195100614324426,The Freedom Initiative,The Freedom Initiative,≤100
120102651346136,Nevada State Treasurer’s Office,STATE TREASURER NEVADA OFFICE OF,≤100
1802248836771260,Weird Little Tales,These ads ran without a disclaimer,≤100
1707505176197284,FREOPP,THE FOUNDATION FOR RESEARCH ON EQUAL OPPORTUNITY,≤100
16695101734,National Association of Social Workers,NATIONAL ASSOCIATION OF SOCIAL WORKERS,≤100
122269174199638,USA Journal News,USA Features Media LLC,≤100
169146362683,Nieman Foundation for Journalism at Harvard,These ads ran without a disclaimer,≤100
941593962677066,Stella Pekarsky,Friends of Stella G Pekarsky,≤100
266003946905686,Salmon Beyond Borders,SalmonState,≤100
1476342155924546,Big Rig Threads,Big Rig T-Shirts and Decals LLC,≤100
75273391689,ACLU of Alabama,AMERICAN CIVIL LIBERTIES UNION OF ALABAM,≤100
259212814698356,Democratic Majority for Israel,Democratic Majority for Israel,≤100
103047259150209,What I Want to Know with Kevin P. Chavous,"Stride, Inc.",≤100
30079936984,CWS,"CHURCH WORLD SERVICE, INC.",≤100
12044622723,"Museum of Science, Boston",MUSEUM OF SCIENCE,≤100
102486559194712,Private Equity Stakeholder Project,Climate Nexus - Rockefeller Philanthropy Advisors Sponsored Project,≤100
104092062075803,USA Jolt,"Jolt Media, Inc.",≤100
234142976633158,Wake Up World & Smell the Coffee,Edith Dume Lerner,≤100
113496178208014,Protecting Our Democracy,Protecting Our Democracy,≤100
104605160959720,Leda Health,Leda Health Corporation,≤100
125937197447634,ACTA - American Council of Trustees and Alumni,AMERICAN COUNCIL OF TRUSTEES AND ALUMNI,≤100
103531607822207,Noticias para Inmigrantes,"Wise Rock Media, PBC",≤100
115285031512606,Cory Reeves for Mayor,Cory Reeves for Mayor,≤100
659229570848902,Friends of Liberty State Park,Friends of Liberty State Park,≤100
380884168648080,Population Research Institute,POPULATION RESEARCH INSTITUTE,≤100
386305465057247,Liberty Nation,Liberty Nation,≤100
90209763480,The Federalist Society,The Federalist Society,≤100
30914589895,The International Fellowship of Christians and Jews,INTERNATIONAL FELLOWSHIP OF CHRISTIANS & JEWS INC,≤100
250392878345035,The Focused Pastor,Focus on the Family,≤100
101224002310757,Seven Weeks Coffee,Seven Weeks Coffee,≤100
125120044171675,"City of Lancaster, CA – Government","LANCASTER, CITY OF",≤100
16477459734,League of Conservation Voters,"LEAGUE OF CONSERVATION VOTERS, INC",≤100
354377577952993,SEIU Local 105,SERVICE EMPLOYEES INTERNATIONAL UNION LOCAL 105,≤100
487569614682924,CAPP USA,Yellow Line Productions LLC,≤100
110700067011185,No Dem Left Behind PAC,NO DEM LEFT BEHIND PAC,≤100
610264146298573,The American Council,The American Council for Evangelicals,≤100
1526736227567131,TrueCoverage,True Coverage,≤100
300341323465160,The Daily Signal,HERITAGE FOUNDATION (THE),≤100
142957224352,International Medical Corps,International Medical Corps,≤100
267757110537958,The House,These ads ran without a disclaimer,≤100
717339155320936,Better Solutions for Healthcare,Better Solutions for Healthcare,≤100
100158948453494,Lars for President,LARS MAPSTEAD FOR PRESIDENT,≤100
123651254408327,Sokolove Law,"Sokolove Law, LLC",≤100
103546351703577,Dallas Express,Dallas Express Media,≤100
1678616769061606,Southeastern Wind Coalition,Southeastern Wind Coalition,≤100
186028878381,The Eden's Rose Foundation,These ads ran without a disclaimer,≤100
15041226930,Oxfam,"OXFAM AMERICA, INC.",≤100
223608490170,The Ruth Institute,The Ruth Institute,≤100
103830044798190,Gregorian Rant,Gregory Richard Schlueter,≤100
105735397284,United States Conference of Catholic Bishops,UNITED STATES CONFERENCE OF CATHOLIC BISHOPS,≤100
102320431813901,Chuckles & Bleu,These ads ran without a disclaimer,≤100
37266625280,Marc Molinaro,MARC FOR US,≤100
327853590558653,"Agri-Pulse Communications, Inc.","AGRI-PULSE COMMUNICATIONS, INC.",≤100
115629791509819,Stateline,States Newsroom,≤100
126855128568,FEBC (Far East Broadcasting Company),"FAR EAST BROADCASTING COMPANY, INC.",≤100
103277109172874,The Original Lou's News,Michael Scott Hughes,≤100
346612865750115,Korea Defense Veterans Association,Korea Defense Veterans Association,≤100
452797224923658,The Democratic Coalition,THE DEMOCRATIC COALITION,≤100
164966660351345,Hope Outfitters,Hope Outfitters,≤100
59386210330,American Lung Association,AMERICAN LUNG ASSOCIATION,≤100
143089732792,Marsha Blackburn,Blackburn Tennessee Victory Fund,≤100
107214875027152,The First Step,MERIDIAN HILL PICTURES LLC,≤100
291102898490822,Conservative Comedy Store,Conservative Comedy Store,≤100
104169086566,RGISC Rio Grande International Study Center,Rio Grande International Study Center,≤100
342294162453301,Planned Parenthood,These ads ran without a disclaimer,≤100
35677414105,National Kidney Foundation,NATIONAL KIDNEY FOUNDATION INC,≤100
105169114225957,Coalition for Responsible Exit,Coalition for Responsible Exit,≤100
936968016365794,The Eric Metaxas Radio Show,Salem Media,≤100
316955281351,APWU - The American Postal Workers Union,AMERICAN POSTAL WORKERS UNION,≤100
685932521559148,Representative Frank Burns,Committee to Re-Elect Representative Frank Burns,≤100
300992409852,Hoover Institution,Hoover Institution,≤100
50513265848,Citizens United,Citizens United,≤100
154899547637,TechnoServe,"TechnoServe, Inc",≤100
1666922183524165,ReThink Energy NJ,ReThink Energy NJ,≤100
192730325307,TobaccoFreeNYS,Tobacco Free New York State,≤100
170169493012341,The Fund for Global Human Rights,FUND FOR GLOBAL HUMAN RIGHTS,≤100
304953186983,Planned Parenthood of Greater New York,Planned Parenthood of Greater New York,≤100
12301006942,Democratic Party,BIDEN VICTORY FUND,≤100
399060493533519,The Justice Foundation,JUSTICE FOUNDATION,≤100
124249383207,Ross University School of Medicine,Ross University School of Medicine,≤100
18079407397,CPAC,AMERICAN CONSERVATIVE UNION,≤100
107405645708720,Wonderful News,Wonderful News,≤100
165858562140,Western Resource Advocates,WESTERN RESOURCE ADVOCATES,≤100
107916324441467,elevateprize,These ads ran without a disclaimer,≤100
266602360083204,The Children's Trust,"CHILDREN'S TRUST, INC",≤100
117819650905617,Red Wave News,Tomer Barazani,≤100
260287179188370,Darwin Bunny,These ads ran without a disclaimer,≤100
223886090958960,Hurst For Mayor,The Committee to Elect Attorney Justin J. Hurst,≤100
664883053648633,Italian Sons and Daughters of America,ITALIAN SONS & DAUGHTERS OF AMERICA INC,≤100
111044621745187,Liberty News,Michael Scott Hughes,≤100
72092591211,FBI – Federal Bureau of Investigation,Federal Bureau of Investigation,≤100
110803888202851,Blu Reading,These ads ran without a disclaimer,≤100
261951940219,Goldman Environmental Prize,Goldman Environmental Foundation,≤100
49059279814,Institute for Justice,INSTITUTE FOR JUSTICE,≤100
219205398922475,Deanna Singh,These ads ran without a disclaimer,≤100
10524033745,Remote Area Medical - RAM,REMOTE AREA MEDICAL,≤100
107401187375757,Airpurifiers.com,These ads ran without a disclaimer,≤100
115694638103079,Biosafety Now,These ads ran without a disclaimer,≤100
14084625156,Susan G. Komen,Susan G. Komen,≤100
92729316952,Covanta,Covanta,≤100
10803722213,Common Cause,COMMON CAUSE,≤100
117507751891,United Poultry Concerns,"UNITED POULTRY CONCERNS, INC",≤100
102763296131905,Post News,Post News,≤100
118975781468362,Equality Michigan,EQUALITY MICHIGAN,≤100
102712325850529,Libratum Press,Libratum Press LLC,≤100
101939781315530,History Behind News Podcast,ThePeel.news,≤100
109807943719796,Nothing Is Going To Get Better,Nothing Is Going To Get Better,≤100
104396194587918,C3 Solutions,Conservative Coalition for Climate Solutions,≤100
11029708945,World Politics Review,WORLD POLITICS REVIEW LLC,≤100
104981939210693,Clayton Keirns,I Love My Freedom,≤100
1560286300899883,Diabetes Patient Advocacy Coalition,Diabetes Patient Advocacy Coalition,≤100
151577215422581,Zioness Movement,"Zioness Movement, Inc.",≤100
1444820465547227,Rank the Vote,Rank the Vote,≤100
102230249080409,Freedom First,Jennifer Ann Robertson,≤100
102286035642350,Patriots for USA,USA Features Media LLC,≤100
811900825495982,Niskanen Center,The Niskanen Center,≤100
103611511548891,Clean Energy,These ads ran without a disclaimer,≤100
85252863415,National Latina Institute for Reproductive Justice,NATIONAL LATINA INSTITUTE FOR REPRODUCTIVE HEALTH,≤100
121185869582531,Soberlink,These ads ran without a disclaimer,≤100
482869205100278,Neema Project,Neema Project,≤100
104660195062596,Gen Z Conservative,Michael Scott Hughes,≤100
1628922377207463,Randy Feenstra,FEENSTRA FOR CONGRESS,≤100
881846485242129,Kyle Reyes,Kyle Reyes,≤100
116981568944452,Knowledge Bucket,These ads ran without a disclaimer,≤100
149092268446286,Ross University School of Veterinary Medicine,Ross University School of Veterinary Medicine,≤100
313723095478950,Daily Citizen,Focus on the Family,≤100
615628355607126,Creative Society,Olga Simakova Schmidt,≤100
6756153498,Mike Bloomberg,Bloomberg Philanthropies,≤100
113447613420674,Waterfall Security Solutions,These ads ran without a disclaimer,≤100
121940824138795,North Carolina Association of Health Plans,"North Carolina Association of Health Plans, Inc",≤100
1449942075261716,Alex Q. Askew,Friends of Alex Askew,≤100
102596355656379,Red Wave News Updates,Michael Scott Hughes,≤100
101028166332001,YCLUB Superyacht Management,These ads ran without a disclaimer,≤100
110624247393153,Republican Ads,"Republican Ads, LLC",≤100
1553978148244954,Build With Strength,Build With Strength,≤100
38812906703,United Friends of the Children,United Friends of the Children,≤100
109521013225,Nikki Haley,Nikki Haley for President,≤100
311901101987,"The Seeing Eye, Inc.",SEEING EYE INC,≤100
174793662656828,Colorado Peak Politics,Peak Politics LLC,≤100
128103650601995,The Conservative Caucus,The Conservative Caucus,≤100
111132794348779,That Happened,These ads ran without a disclaimer,≤100
105348224679358,The Don't Unfriend Me Show,DONT UNFRIEND ME,≤100
106862204671108,The Deplorable Americans,Justin Gustafson,≤100
308453857248,Govans Presbyterian Church,GOVANS PRESBYTERIAN CHURCH,≤100
102503307914865,Avery for Plattsburgh,Jacob W Avery,≤100
734177450055669,Congressman Anthony D'Esposito,Congressman Anthony D'Esposito,≤100
81517275796,UNICEF USA,UNITED STATES FUND FOR UNICEF,≤100
100726436061460,Celebrity Gossip,These ads ran without a disclaimer,≤100
200990963441531,Boredom Therapy,These ads ran without a disclaimer,≤100
108482942544284,Vermont Right to Life Committee,Vermont Right to Life Committee Inc.,≤100
223649167822693,Vox,"VOX MEDIA, INC.",≤100
1605295603062909,Hot Seat for Judges,Terri Lynn Day,≤100
286154848114062,Advocates for Surrogacy,Advocates for Surrogacy,≤100
273546779885377,The Gallant Pelham,"delupton, LLC",≤100
123857614319417,Texas Nationalist Movement,Texas Nationalist Movement,≤100
111806955195299,Wendy Davis for Congress,WENDY DAVIS FOR CONGRESS,≤100
2233816963514962,NH School Funding Fairness Project,NH SCHOOL FUNDING FAIRNESS PROJECT,≤100
19342050934,Leadership Institute,LEADERSHIP INSTITUTE INC,≤100
163302087408673,Stop The Donald,Stop the Donald,≤100
388076585284592,SalmonState,SalmonState,≤100
393932827634250,Dissent Pins,Common Practice,≤100
101494604796591,Women Against Legal Abuse,Wendy Walther Meigs,≤100
110441577078497,Future Leaders Fund,Future Leaders Fund,≤100
109465560444254,Roce Today,I-ROCE LLC,≤100
292351509697,Jerusalem Prayer Team,Jerusalem Prayer Team,≤100
307577909645,Elizabeth River Project,ELIZABETH RIVER PROJECT,≤100
372577693078008,"Saenz-Garcia Law, PLLC","Saenz-Garcia Law, PLLC",≤100
50714237985,The Rutherford Institute,RUTHERFORD INSTITUTE,≤100
111131133551811,The Locke Society,Locke Society Inc,≤100
131664893560695,Origins OSU,Origins: Current Events in Historical Perspective,≤100
102356589314098,Political Comms,Political Comms LLC,≤100
29727753421,New Jersey Education Association,NEW JERSEY EDUCATION ASSOCIATION,≤100
190990064264722,YWCA Evanston/North Shore,YWCA Evanston North Shore,≤100
48530203934,The American Alpine Club,"AMERICAN ALPINE CLUB, THE",≤100
100835851981677,Reprieve US,REPRIEVE US INC,≤100
1758430311050309,Carmella Mantello for Troy,Carmella Mantello for Troy,≤100
104541471632475,Evvy,These ads ran without a disclaimer,≤100
300748678230,Tennessee Department of Economic and Community Development,Tennessee Department of Economic and Community Development,≤100
100484735718366,The Coalition for Carolina,Coalition for Carolina,≤100
7035457015,Brave New Films,BRAVE NEW FOUNDATION 501(C)(3),≤100
17382403969,"The Lesbian, Gay, Bisexual & Transgender Community Center",LESBIAN & GAY COMMUNITY SERVICES CENTER INC.,≤100
102982659268640,Heart & Health,Partner for Heart & Health,≤100
170126260000702,Western Journal US News,The Western Journal,≤100
74783093812,Just Vision,JUST VISION INC,≤100
225879060980,Habitat for Horses,HABITAT FOR HORSES INC,≤100
480431055723397,Speaking Society,These ads ran without a disclaimer,≤100
262328690573306,Friends of Baxter State Park,FRIENDS OF BAXTER STATE PARK,≤100
1946103095604765,Melinda Katz,Katz NYS,≤100
217187838327836,The Story Exchange,The Story Exchange Foundation,≤100
87377228013,Side with Love,UNITARIAN UNIVERSALIST ASSOCIATION,≤100
102176712079037,Daily Floridian,Daily Floridian,≤100
102526782038723,Road to Vintage - Celebs,These ads ran without a disclaimer,≤100
338218229911752,Integrity First PAC,INTEGRITY FIRST PAC,≤100
114513494875415,America's Freedom Page,USA Features Media LLC,≤100
254943996005,Catholic Answers,"CATHOLIC ANSWERS, INC.",≤100
5878048748,GlobalGiving,"GLOBALGIVING FOUNDATION, INC.",≤100
102204903345,The Vilcek Foundation,"VILCEK FOUNDATION, INC., THE",≤100
1448985902033866,Trans Lifeline,Trans Lifeline,≤100
102440322847835,Get U.S Citizenship,Get U.S Citizenship,≤100
109215858085922,Exploring Hate,WNET,≤100
102490504962117,Phade products,Phade products,≤100
210937299260017,USA Features Media,USA Features Media LLC,≤100
2321993584737314,The Markin Report,The Markin Report,≤100
443056709080055,ReturnToOrder.org,"American Society for the Defense of Tradition, Family and Property",≤100
112345611796763,Donald Trump Voters,I Love My Freedom,≤100
123460781200,Alon Ben-Meir,Alon Ben-Meir Inc,≤100
143981748956175,Rural Assembly,Rural Assembly,≤100
1449073545419430,The Lone Liberal Republican,Arthur Winter,≤100
320823520454,Enough Is Enough,Enough is Enough,≤100
230053303681902,Americans for Prosperity Arizona,AMERICANS FOR PROSPERITY,≤100
114815495852638,Public Rights Project,PUBLIC RIGHTS PROJECT,≤100
109366181861530,President Trump is My Wingman,Michael Scott Hughes,≤100
232467307162583,Farm Action,Family Farm Action,≤100
104270689175131,System Update,These ads ran without a disclaimer,≤100
114963026546549,Basketball.com,These ads ran without a disclaimer,≤100
100710759119069,Blue Planet Ecosystem,Blue Planet Ecosystem,≤100
839158786226886,Two Party Opera,Brian Thomas Carroll,≤100
1832888600167903,JD for Arlington,JD for Arlington,≤100
103535788939931,The Border Chronicle,The Border Chronicle,≤100
165734163437699,"Little, Brown and Company","Hachette Book Group, Inc.",≤100
119953292796,Jim Banks,BANKS FOR SENATE,≤100
101761126009518,Patriotic Army,Tomer Barazani,≤100
711909245654048,National Police Support Fund,National Police Support Fund,≤100
268672113155656,The Expectations Project,THE EXPECTATIONS PROJECT INC,≤100
497719423723034,Planned Parenthood California Central Coast,Planned Parenthood California Central Coast,≤100
302111635698,National Association of Tax Professionals (NATP),National Association of Tax Professionals,≤100
1677111425839949,American Promise,"AMERICAN PROMISE, INC.",≤100
16512617979,The Real News Network,"INDEPENDENT WORLD TELEVISION, INC.",≤100
106959920878115,The Well Done Foundation,"WELL DONE FOUNDATION, INC.",≤100
100607179026941,Of Thee I Sing 1776,Harold Gershowitz,≤100
480278498670815,Danimer Scientific,Danimer Scientific,≤100
95001097200,National Association of Manufacturers,NATIONAL ASSOCIATION OF MANUFACTURERS OF THE UNITED STATES OF AMERICA INC.,≤100
262536810935097,Housing Is A Human Right,AIDS HEALTHCARE FOUNDATION,≤100
143063095713907,Hep,"CDM PUBLISHING, LLC",≤100
109200595768753,The Christian Left,The Christian Left,≤100
119183187854195,Asia Wild,Asia Wild,≤100
107409909326665,Stephen Wise Free Synagogue,"WISE, STEPHEN FREE SYNAGOGUE",≤100
11918108948,African Wildlife Foundation,AFRICAN WILDLIFE FOUNDATION,≤100
14660729657,The Christian Science Monitor,These ads ran without a disclaimer,≤100
10606591490,TIME,TIME USA LLC,≤100
110010433804232,Standing For Freedom Center,Standing for Freedom Center,≤100
102262718547519,Crazy Uncle Gil,Gilbert Cuevas,≤100
209423929079677,Claims Conference (Conference on Jewish Material Claims Against Germany),These ads ran without a disclaimer,≤100
106905656797560,Nia Tero,Nia Tero Foundation,≤100
51533142540,Public Advocate of the U.S.,PUBLIC ADVOCATE OF THE US,≤100
123624513983,The Western Journal,The Western Journal,≤100
105241441562595,Bob's Hideout - Stories,These ads ran without a disclaimer,≤100
513695272011123,The Genesis Prize,GPF NA LLC,≤100
461530314600399,Common Sense American Politics,Common Sense American Politics,≤100
106148648799051,Funny News,These ads ran without a disclaimer,≤100
102317745465306,Females Power,These ads ran without a disclaimer,≤100
425677887526239,NYSERDA,NYSERDA,≤100
125845052150716,Monica De La Cruz,Monica For Congress,≤100
1832245947018802,Chris Rose for US Senate - WV,ROSE FOR WEST VIRGINIA,≤100
984421991732710,Paycheckology,Paycheckology,≤100
104873005081197,Repro Legal Defense Fund,IF/WHEN/HOW,≤100
101267705869524,OLAS Media,OLAS Media,≤100
401240226922554,VoLo Foundation,VoLo Foundation,≤100
100491875339274,Chocolate.com - Celebrities,These ads ran without a disclaimer,≤100
109284291894484,American News Stories,Michael Scott Hughes,≤100
837305209648863,Rambling Ronnie,Rambling Ronnie,≤100
110519061420262,Fox Chill,These ads ran without a disclaimer,≤100
95135221781,Federal News Network,Federal News Network,≤100
208551063368,Dominican Friars of the Province of Saint Joseph,DOMINICAN FOUNDATION,≤100
235039782048,Array of Hope,ARRAY OF HOPE,≤100
13867925345,Equality Florida,Equality Florida,≤100
16534314739,Facing History & Ourselves,Facing History & Ourselves,≤100
638342206179066,Isometric Studio,ISOMETRICSTUDIO COM,≤100
162069790604,AARP Arizona,AARP,≤100
105707202365510,Save Our Benefits Massachusetts,Save Our Benefits Massachusetts,≤100
43819229306,Minocqua Brewing Company,MINOCQUA BREWING COMPANY LLC,≤100
186225971389257,Keeping the Kansas Promise,NATIONAL PUBLIC PENSION COALITION,≤100
109475211795252,Freedom From The Press,Michael Scott Hughes,≤100
756835201085500,Hope For Ukraine,These ads ran without a disclaimer,≤100
111266936889272,Every Day Monkey,These ads ran without a disclaimer,≤100
103126019311610,Jimmy Bierman for Supervisor,Jimmy Bierman for Supervisor,≤100
100198782057099,Bliaspora,Bliaspora LLC,≤100
214061167976,El Tiempo Latino,MASTV EL PLANETA LLC,≤100
116943805583378,The Republican Standard,The Republican Standard,≤100
147344832098401,Maricopa County Sheriff's Office,Maricopa County Sheriff's Office,≤100
424443217623488,Clarion Project,"CLARION PROJECT, INC.",≤100
882431925290123,BookBaby Bookshop,"DIY Media Group, Inc. dba BookBaby",≤100
104521238896557,June Marie Paintings,June-Marie Paintings,≤100
110094158160834,The American Tribune,Michael Scott Hughes,≤100
30914589895,The International Fellowship of Christians and Jews,"INTERNATIONAL FELLOWSHIP OF CHRISTIANS & JEWS, INC.",≤100
1914561178824972,Trumped,Christopher Charles Cooper,≤100
154670481249867,PowerSwitch Action,PowerSwitch Action,≤100
896759427103774,Modern Medicaid Alliance,Modern Medicaid Alliance,≤100
270427406385906,IDI - Israel Democracy Institute,Israel Democracy Institute,≤100
100240139358017,Exposing Systems of Anti-Jewishness,Earon Scott Davis,≤100
488270467889488,Blake Miguez,Friends of Blake Miguez,≤100
108285168924742,Victoria Masika for Town Board,Victoria Masika for Town Board,≤100
427084097477881,AHIP,America's Health Insurance Plans,≤100
102392018062460,Delegate A.C. Cordoza,FRIENDS OF AC CORDOZA,≤100
287939431886940,Mo Nehad For Fort Bend County Sheriff,M. Nehad Campaign,≤100
126123797581431,IJC - International Joint Commission,International Joint Commission,≤100
266097110983882,Preface Project,These ads ran without a disclaimer,≤100
103728861917891,Mayor Jamie D. Watts,Jamie D. Watts,≤100
106771527759675,T'Challa the Survivor,These ads ran without a disclaimer,≤100
9324910069,NRSC,NRSC,≤100
172758932738142,PhRMA,PHARMACEUTICAL RESEARCH AND MANUFACTURERS OF AMERICA,≤100
428330877769054,Ask Anything,Ask Anything,≤100
114833761835,Dan Patrick,Texans For Dan Patrick,≤100
9749769125,1035 KISS FM,These ads ran without a disclaimer,≤100
1788530101402591,Rep. John McCravy,McCravy for House,≤100
117852011575387,Unitarian Universalist Fellowship of Winston-Salem,UNITARIAN UNIVERSALIST FELLOWSHIP,≤100
101350839190816,Macro Conservative,Macro Conservative,≤100
108615842526079,The Ronald Reagan Presidential Foundation and Institute,The Ronald Reagan Presidential Foundation and Institute,≤100
103444668834273,Fox Wave,These ads ran without a disclaimer,≤100
45901308455,MAP International,MAP INTERNATIONAL (INC.),≤100
45013872425,The Ripon Society,RIPON SOCIETY,≤100
109912691682580,Zee Clarke,Zee Clarke,≤100
381578445243960,Kristan Hawkins,"STUDENTS FOR LIFE OF AMERICA, INC.",≤100
745910525468062,National Center on Sexual Exploitation,National Center on Sexual Exploitation,≤100
142932506806,Texas Alliance for Life,"Texas Alliance for Life, Inc.",≤100
400013980059152,Coworker.org,Coworker.org,≤100
19992349706,Taxpayers for Common Sense,TAXPAYERS FOR COMMON SENSE,≤100
111384071876588,Sarah Weinberg for Dallas ISD,SARAH WEINBERG CAMPAIGN,≤100
234744096655497,Alliance For Early Success,Alliance for Early Success,≤100
692143357580562,64 Parishes,Louisiana Endowment for the Humanities,≤100
110480728196620,Small Business Digital Alliance,Small Business Digital Alliance,≤100
109471618838529,parkcitypride,These ads ran without a disclaimer,≤100
107437118393153,Little Piece of Sunshine,These ads ran without a disclaimer,≤100
1126334064055034,Harrison County Utility Authority,"Focus Group, Inc.",≤100
747783932079184,Jared Golden for Congress,COMMITTEE TO ELECT JARED GOLDEN,≤100
102421369434228,Goose's News Daily,Justin Gustafson,≤100
103071178941123,Help Haiti NGO,Save The Earth ECO Center Inc,≤100
103929304678916,Voter Action Project,Integrity First Voter Action Project,≤100
657142061016056,CAMERA on Campus,CAMERA,≤100
27544763621,Prison Fellowship,Prison Fellowship,≤100
1353722684643583,EPF Media,EPF Media,≤100
106095601125529,"Reaching Everyone In Distress Foundation, Inc.",Reaching Everyone in Distress Foundation Inc.,≤100
105334892381660,AmericanTowns Politics,AMERICAN TOWNS,≤100
101377889168483,Gumbo Limbo Coastal Stewards,"Gumbo Limbo Coastal Stewards, Inc.",≤100
279799525443906,HELPS Nonprofit,HELPS Nonprofit Law Firm,≤100
258012354252280,Informing Christians,Debra J M Smith,≤100
117592091643709,Tree of Life Ministries｜Evangelism in Israel,Tree of Life Ministries,≤100
907931509251615,Governor Larry Hogan,An America United,≤100
196212113748678,Azul,Azul,≤100
107431775196753,Maine Labor Climate Council,Maine Labor Climate Council,≤100
148183925283127,Oregon Head Start Association,Oregon Head Start Association,≤100
105599502191866,Florida Jolt,"Jolt Media, Inc.",≤100
109484472066825,Jonathan Berry for State Representative,Jonathan Berry for State Senate,≤100
2079490818836627,Emily Larson for Duluth Mayor,Emily Larson for Duluth Mayor,≤100
1499191057075106,Chronic Disease Coalition,Chronic Disease Coalition,≤100
239658882763974,Poverty USA by CCHD,UNITED STATES CONFERENCE OF CATHOLIC BISHOPS,≤100
103622549148352,Texans Defending Democracy,Texans Defending Democracy,≤100
106267229067013,Chris Laye for Scott County Sheriff,Chris Laye for Sheriff,≤100
278052172260101,ZERO TO THREE,ZERO TO THREE,≤100
398233886974905,Mike Grieco for Miami Beach Mayor,"Mike Grieco for Miami Beach Mayor, non-partisan",≤100
107340988692561,Moms for Liberty Bay County FL,These ads ran without a disclaimer,≤100
131618273567984,Jeff Landry,Landry for Louisiana,≤100
108811775114324,Simmy's Polish Express,These ads ran without a disclaimer,≤100
1729198467311786,G.A. Matiasz,62 Mile Press,≤100
100543782934850,Congressman Greg Casar,Office of Congressman Greg Casar,≤100
120211601068144,Planes De Prestaciones Para Mayores,These ads ran without a disclaimer,≤100
100607179026941,Of Thee I Sing 1776,Of Thee I Sing 1776,≤100
698400060189827,Dan Sullivan,Alaskans for Sullivan,≤100
38236386996,LSU Press,LSU Press,≤100
210214622426593,Nexus Family Healing,NEXUS,≤100
12683623041,SHRM,These ads ran without a disclaimer,≤100
1013454855413378,Arena Mail + Digital,Arenawins,≤100
100768036281308,Right Our Story,Right Our Story,≤100
127668823933246,The NewDEAL,NEWDEAL,≤100
117775254544895,Rep. Matt Gergely,Rep. Matt Gergely,≤100
503699929651019,Washington Times Opinion,Washington Times,≤100
114226275387369,republicEn,republicEn,≤100
709520239412346,PAC+,POWERPACPLUS,≤100
205238189588054,"Race, Racism and the Law",Professor Vernellia Randall,≤100
281844617168,Jewish Voice Ministries International,Jewish Voice Ministries International,≤100
67198072267,Michigan Capitol Confidential,Michigan Capitol Confidential,≤100
121039907919,ChatterBlast,ChatterBlast Media,≤100
246633904835,First Unitarian Society of Milwaukee,FIRST UNITARIAN SOCIETY OF,≤100
2168484930102843,EJ Moonshot,EJ Creations LLC,≤100
14417384293,Sport Fishing Magazine,These ads ran without a disclaimer,≤100
103460651712789,Equity Intersection,Equity Intersection,≤100
58043814556,Oklahoma City Memorial Marathon,Oklahoma City Memorial Marathon,≤100
381280648241,Wake Forest Center for the Study of Capitalism,Wake Forest Center for the Study of Capitalism,≤100
227535924071462,Animal Petitions,AnimalPetitions.org,≤100
107461545589929,The Gen Z Conservative,Logan Thomas Corson,≤100
848655918546699,Joseph Saez,These ads ran without a disclaimer,≤100
1399736660066130,Jews for a Secular Democracy,SOCIETY FOR HUMANISTIC JUDAISM,≤100
107308698272177,Gas Leaks Action,Gas Leaks Action,≤100
133545795918,Erie County Democratic Committee,Erie County Democratic Committee,≤100
112912573793125,Rise Up for Justice,Avrom L Altman,≤100
2001831300143832,Conversations with Jim Zirin,Conversations with Jim Zirin,≤100
126472371267520,Trump Store,These ads ran without a disclaimer,≤100
174665813003584,Mission Partners for Christ,Mission Partners for Christ,≤100
115851611042,The Max Foundation,THE MAX FOUNDATION,≤100
183178002499514,Niamh M Middleton,Niamh M Middleton,≤100
117214891638398,Street Grace,Street Grace Inc,≤100
138492335404,Scott Walker,FORWARD USA FEDERAL POLITICAL ACTION COMMITTEE,≤100
111904024679959,Bold Majority,BOLD MAJORITY PAC,≤100
101769576791,Health Action Network,Health Action Network,≤100
102589746451856,American Black Journal,DETROIT EDUCATIONAL TELEVISION FOUNDATION,≤100
659878157406228,America's Warrior Partnership,America's Warrior Partnership,≤100
180230069923,American Life League,American Life League,≤100
1038112106230748,Henk Rogers,Blue Planet Alliance Corporation,≤100
2259323457517498,Abolish the Electoral College,Abolish the Electoral College,≤100
22898109808,Grist.org,These ads ran without a disclaimer,≤100
133764907211570,Concerned Citizen,Concerned Citizen,≤100
182574111780105,California Bicycle Coalition,California Bicycle Coalition,≤100
105549351284853,Ideaspace: U.S. Immigration Policy,"Ideaspace Project, Inc.",≤100
613924535450605,Daniel L. Hatcher,Daniel Landon Hatcher,≤100
106629208629356,American Battle Monuments Foundation -ABMF,These ads ran without a disclaimer,≤100
100637631678746,Conservative News Daily,Conservative News Daily,≤100
109297185808748,Alabama Republican Party,ALABAMA REPUBLICAN PARTY,≤100
103160425988307,Vanie Kay,These ads ran without a disclaimer,≤100
107766235181961,The Nunn Report,The Nunn Report,≤100
101581329115492,Freedom Street,Michael Scott Hughes,≤100
25121889784,Texas Public Policy Foundation,Texas Public Policy Foundation,≤100
26573965003,Bowling Green State University,These ads ran without a disclaimer,≤100
109526232935380,Synthisophy,Synthisophy,≤100
993294760683044,Education Reform Now,EDUCATION REFORM NOW ADVOCACY INC,≤100
109616752034038,Marisa Alcaraz for City Council,Marisa Alcaraz for City Council 2023 General,≤100
488740674837681,198 Methods,198 methods,≤100
192738164073627,A Better Balance,A Better Balance,≤100
339711549372518,Hertz Philippines,These ads ran without a disclaimer,≤100
112903600367597,Money Awaits,These ads ran without a disclaimer,≤100
104906609102724,Partanna,These ads ran without a disclaimer,≤100
1621692424754301,Minderoo Foundation,These ads ran without a disclaimer,≤100
100318731865940,Motor Searches,These ads ran without a disclaimer,≤100
101712612956630,John Maddox,These ads ran without a disclaimer,≤100