﻿Page ID,Page name,Disclaimer,Amount spent (CZK)
122074554119,EU Social,EU Social,388
314038193269,211 - Zdravotní pojišťovna ministerstva vnitra ČR,Zdravotní pojišťovna ministerstva vnitra ČR,290
120343698070515,Liberální institut,Liberální institut,287
470593056405865,Kde fondy EU pomáhají,"IMAGE CZ, a.s.",264
179497582061065,Tomio Okamura - SPD,Svoboda a přímá demokracie - SPD,228
118719801252410,Národní plán obnovy,Národní plán obnovy,223
55876739776,Greenpeace Česká republika,Greenpeace Česká republika,217
60516116431,Člověk v tísni,"Člověk v tísni, o.p.s.",142
712663148755957,Krajská hospodářská komora Karlovarského kraje,Krajská hospodářská komora Karlovarského kraje,103
178362315106,European Parliament,European Parliament,≤100
120461304659141,O2 CZ,O2 Czech republic,≤100
487445514669670,Petr Fiala,ODS - Občanská demokratická strana,≤100
159935454034044,Pirátská strana - Karlovarský kraj,Česká pirátská strana,≤100
109787574497667,Aliance pro budoucnost,Aliance pro budoucnost,≤100
1956144064659620,BlueTV,Aliance pro budoucnost,≤100
197010357446014,Ondřej Prokop,Ondrej Prokop,≤100
55408246161,Amnesty International ČR,Amnesty International ČR,≤100
137301989386,Aktuálně.cz,Aktuálně.cz,≤100
251656685576,KDU-ČSL,KDU-ČSL,≤100
1075381212481051,Nikal - Cestovní kancelář,These ads ran without a disclaimer,≤100
103430204491217,Robert Šlachta,PŘÍSAHA - občanské hnutí Roberta Šlachty,≤100
115106741622257,Roman Ďurčo,Roman Ďurčo,≤100
257529307701966,Jiří Pospíšil,TOP 09,≤100
117823623864,Transparency International ČR,Transparency International ČR,≤100
264983260329918,Rádio Universum,Kupředu do minulosti s.r.o.,≤100
106008800769282,KHNP,Bistro Social s.r.o.,≤100
424114981002397,Český rozhlas Plus,Český rozhlas,≤100
111041662264882,Sociální demokracie,ČSSD,≤100
278451599256,"Má to smysl, třídím odpad!","EKO KOM, a.s.",≤100
124152241443,Čmelák - Společnost Přátel Přírody,Čmelák - Společnost přátel přírody,≤100
214827221987263,Andrej Babiš,Andrej Babiš,≤100
111108757492137,Libor Vondráček • Svobodní,Libor Vondráček • Svobodní,≤100
356451014434612,Marian Jurečka,KDU-ČSL,≤100
139768309509688,Liberecký kraj,Liberecký kraj,≤100
109323929038,Česká pirátská strana,Česká pirátská strana,≤100
275042429350706,Tomáš Zdechovský,Tomáš Zdechovský,≤100
693725074166331,Naše zdravotnictví,Naše zdravotnictví,≤100
711658465662315,XTV,XTV,≤100
728495140691300,Milion chvilek pro demokracii,"Milion Chvilek, z. s.",≤100
137778619615350,Voyo.cz,TV Nova s. r. o.,≤100
298789466930469,KSČM - Komunistická strana Čech a Moravy,Komunistická strana Čech a Moravy,≤100
106834174877753,Svět hospodářství,"SH media, spol. s r.o.",≤100
139379141293,Paměť národa,"Post Bellum, z.ú.",≤100
952005618247538,Martin Červíček,Martin Červíček,≤100
424700165133,Diakonie ČCE,Diakonie ČCE,≤100
1469427909957890,Reportér magazín,Reportér magazín,≤100
90002267161,TOP 09,TOP 09,≤100
532219183564760,Stanislav Polčák,Stanislav Polčák,≤100
163914317133681,Jana Hanzlíková - poslankyně,Jana Hanzlíková - poslankyně,≤100
154406721315692,Zlaťáky,These ads ran without a disclaimer,≤100
191727927231,Ekologický institut Veronica,ZO ČSOP Veronica,≤100
123858471641,iROZHLAS.cz,Český rozhlas,≤100
745225392241191,Primagas Česká republika,PRIMAGAS s.r.o.,≤100
110945610569821,Odchod.eu,Hnutí Odchod,≤100
343987063337791,CyberBlog,Cyber Security Solutions s.r.o.,≤100
378827025796132,Peak.cz,Peak.cz,≤100
822146574595819,Agrární komora České republiky,Agrární komora České republiky,≤100
1416733788557863,Pravda o vodě a voda lidem,Pravda o vodě a voda lidem,≤100
312595399092921,Bez frází,These ads ran without a disclaimer,≤100
284944781875,EURACTIV.cz,EURACTIV.cz,≤100
103567498863549,Ecoista,Ecoista,≤100
275383259179951,Tepelná čerpadla IVT,Tepelná čerpadla IVT,≤100
301480404671,Lunchmeat Festival,Lunchmeat,≤100
106901094332851,Recykluj - nespaluj,Recykluj - nespaluj hys,≤100
101134762378681,Michaela Šebelová,STAROSTOVÉ A NEZÁVISLÍ,≤100
1104866262972886,Michal Šmarda • Sociální demokracie,Česká strana sociálně demokratická,≤100
50309511751,Český rozhlas - Radiožurnál,Český rozhlas,≤100
1776002445975063,V síti Ivana Langera,RiverSong s.r.o.,≤100
101912608033407,Petra Prokšanová,Petra Prokšanová,≤100
733410133337387,Michaela Šojdrová,Michaela Šojdrová,≤100
1410403182565683,Petr Hladík,KDU-ČSL,≤100
34825122262,Časopis Reflex,CZECH NEWS CENTER a. s.,≤100
105264601661209,Jan Kuchař - politik,Petr Nutil,≤100
176173883021695,Robert Stržínek,Robert Stržínek,≤100
189520154425807,Ministerstvo životního prostředí,Ministerstvo životního prostředí,≤100
344542362982337,Heroine.cz,"NextPage Media, s.r.o.",≤100
52479821102,Týdeník Respekt,Týdeník Respekt,≤100
102620981865843,Jana Skopalíková - radní pro životní prostředí a zemědělství,Jana Skopalíková - radní pro životní prostředí a zemědělství,≤100
116550511463097,Ondřej Mikmek_jaderný venkovan,Ondřej Mikmek_jaderný venkovan,≤100
162620837267478,Jan Bartošek,Jan Bartošek,≤100
100647378751279,Pavla Pivoňka Vaňková STAN,Pavla Pivoňka Vaňková STAN,≤100
548487565163265,"Buď Čech, buď laska","Buď Čech, buď laska",≤100
100617488241201,Magazín Proboha,Magazín Proboha,≤100
100528438562922,Oznam.to,Lexnova s.r.o.,≤100
113743658978459,Meltingpot,Meltingpot,≤100
1060889564019324,Tomáš Prouza,Commpanions,≤100
1701718886552103,Moje Evropa,Moje Evropa,≤100
104398128891546,Jan Hrušovský,Jan Hrušovský,≤100
164024787880257,Adapterra,Nadace Partnerství,≤100
106691471931611,PRAHA 2 SOBĚ,PRAHA SOBĚ,≤100
863066993754032,LOCIKA - centrum pro děti ohrožené domácím násilím,Centrum LOCIKA,≤100
227416910669250,Komora daňových poradců ČR,Komora daňových poradců ČR,≤100
220814337523,Kurzy.cz,"Kurzy.cz, spol. s r.o.",≤100
58864692622,Český rozhlas Vltava,Český rozhlas,≤100
100609955039699,Corrency,Corrency,≤100
105002754733933,Matěj Gregor,Odchod z.s.,≤100
191487317696220,Vladimír Barák - novinář,Vladimír Barák - novinář,≤100
124212050978293,Kverulant org,Kverulant org,≤100
1408993342760508,Město Louny,Město Louny,≤100
748102388688733,Gastrofestival Frýdek≈Místek plný chutí,These ads ran without a disclaimer,≤100
106445939132194,SPD Brno - Kohoutovice,SPD Brno - Kohoutovice,≤100
1201085733241671,Café Evropa,EUROPEUM Institute for European Policy,≤100
1395881230682843,Luděk Niedermayer,Luděk Niedermayer,≤100
118843734554059,Republicans Overseas Czech Republic,Republicans Overseas Czech Republic,≤100
105469582432222,Odstraňte symbol okupace v Litoměřicích,Iniciativa za odstranění sochy Sovětského okupanta,≤100
1909508402643576,Pavel Pavlík,Občanská demokratická strana,≤100
609246842426009,Rekonstrukce státu,Rekonstrukce státu,≤100
385939388500265,Domácí péče Včelka,Domácí péče Včelka,≤100
103408539284904,klaudia__barber,These ads ran without a disclaimer,≤100
1468464403368393,Herbert Pavera - Váš senátor na Opavsku,PRodukujeme s. r. o.,≤100
578342809023884,Jsme fér,Prague Pride,≤100
146599018696771,NATO,NATO,≤100
111456000620617,Jeremy Harry Harris,These ads ran without a disclaimer,≤100
107898832590939,European Commission,European Commission,≤100
267353906619818,Mr. Gugu & Miss Go,These ads ran without a disclaimer,≤100
118356801554598,EU Food & Farming,These ads ran without a disclaimer,≤100
1087491177963859,EU vs Disinformation,These ads ran without a disclaimer,≤100