﻿Page ID,Page name,Disclaimer,Amount spent (CHF)
103977239013757,CARA,Association CARA,≤100
103550668590403,Mieux vivre sa vie,Mieux Vivre Sa Vie,≤100
291359247729208,PS Suisse,PS Suisse,≤100
175478195846132,Les Vert·e·s suisses,Grüne Schweiz,≤100
97220294896,SP Schweiz,SP Schweiz,≤100
218538701651843,Union suisse des arts et métiers usam,Schweizerischer Gewerbeverband sgv,≤100
1483343695307824,Campax,Campax,≤100
169510248558,Die Mitte - Le Centre,Die Mitte,≤100
110533229026103,EVP / PEV,EVP Schweiz,≤100
257497631736082,Gletscher-Initiative,Verein Klimaschutz Schweiz,≤100
1092252917594218,Initiative pour les glaciers,Association suisse pour la protection du climat,≤100
169752569742293,Schweizerischer Gewerbeverband sgv,Schweizerischer Gewerbeverband sgv,≤100
194790813901953,Grüne Schweiz,Grüne Schweiz,≤100
124498360945767,VCS Verkehrs-Club der Schweiz,These ads ran without a disclaimer,≤100
102014399307738,Direkt,direkt,≤100
48980326364,Public Eye,Public Eye,≤100
692001657599783,Vincent Arlettaz,Vincent Arlettaz,≤100
109631699204193,Swiss Life Select Schweiz,These ads ran without a disclaimer,≤100
103269145789541,Stop au blackout,Initiative populaire « De l’électricité pour tous en tout temps (Stop au blackout) »,≤100
111081131629685,Blackout stoppen,Volksinitiative «Jederzeit Strom für alle (Blackout stoppen)»,≤100
784812424962943,Tele Z,TELE Z,≤100
97721121385,Public Eye,Public Eye,≤100
216444012216,EDU - UDF (Eidgenössisch-Demokratische Union),Eidgenössisch-Demokratische Union Schweiz,≤100
158820214312321,Citations Ron Hubbard,Mieux Vivre Sa Vie,≤100
109605484115257,Delphine Klopfenstein Broggini,Delphine Klopfenstein Broggini,≤100
230522120377463,FDP Allschwil-Schönenbuch,FDP Allschwil-Schönenbuch,≤100
1526697364280066,Partito Socialista Ticino,Partito Socialista Ticino,≤100
8524198486,Physicians Committee for Responsible Medicine,These ads ran without a disclaimer,≤100
103018575932204,Finance-News-TV,These ads ran without a disclaimer,≤100
763722197034246,En Développement,These ads ran without a disclaimer,≤100
122276294503722,Viessmann Sport,These ads ran without a disclaimer,≤100
103061592394639,Flor Liz,These ads ran without a disclaimer,≤100
100551646021298,Gualberto,These ads ran without a disclaimer,≤100