﻿Page ID,Page name,Disclaimer,Amount spent (USD)
112477522422248,David Collado,David Collado,≤100
106687624223989,Rescate Democratico,Rescate Democratico,≤100
123397997671209,Listín Diario,Alejandro Jose Madera Rodriguez,≤100
339085486274571,Alexis Victoria Yeb,Alexis Victoria Yeb,≤100
104931575750756,Altagracia González,Altagracia González,≤100
532600796858736,Jean Luis Rodriguez,Jean Luis Rodriguez Jimenez,≤100
430008757208257,Dr. Iván Silva,Ivan Jose Silva Fernandez,≤100
100710379656333,Movimiento Más Luis,Movimiento Más Luis,≤100
401144539898661,Fondo Marena,Nicolás Enrique Grullón Ubinas,≤100
103984154814135,malejandrocastillo,Manuel Alejandro Castillo,≤100
102818037883913,Wander Medina,Wander Medina,≤100
108232398915955,,Jeremy Encarnacion Joga,≤100
1482174305394430,el pupitre de Pilu,These ads ran without a disclaimer,≤100