﻿Page ID,Page name,Disclaimer,Amount spent (USD)
104140320927199,قناة الإنتصار TV,قناة الإنتصار TV,≤100
107847177821253,NOW الشرق,These ads ran without a disclaimer,≤100
367649046908008,Growatt New Energy,These ads ran without a disclaimer,≤100
788946838102912,Jazairplus,These ads ran without a disclaimer,≤100
1583364068639643,أميرة بدر - Amira Badr,These ads ran without a disclaimer,≤100
171522852874952,Juventus,These ads ran without a disclaimer,≤100
109282494882570,مزيد - Mazid,These ads ran without a disclaimer,≤100
106877299035889,1.2.3 viva l'algérie,aljazair24,≤100
102496369478555,Multi Nation Day,These ads ran without a disclaimer,≤100