﻿Page ID,Page name,Disclaimer,Amount spent (USD)
305019964396,Lent az,Lent az,≤100
459298240774359,ModeratorAz,Taryel Huseynli,≤100
103352172518635,Time to play,These ads ran without a disclaimer,≤100
643654899036233,İnnovasiyalar Mərkəzi / Innovations Center,İnnovasiyalar Mərkəzi,≤100
280772835787181,Media.Az,Media.az,≤100
108272475270673,Göygöl Rayon İcra Hakimiyyəti,Göygöl Rayon İcra Hakimiyyəti/Excutive Power of Goygol District of Azerbaijan,≤100
104355860955968,Press Klub,Nicat Əliyev,≤100
100202725184190,Caliber.Az,Caliber LLC,≤100
101605572118417,Qarabağ Dirçəliş Fondu,Qarabağ Dirçəliş Fondu,≤100