﻿Page ID,Page name,Disclaimer,Amount spent (USD)
103352172518635,Time to play,These ads ran without a disclaimer,≤100
100202725184190,Caliber.Az,Caliber LLC,≤100
280772835787181,Media.Az,Media.az,≤100
161579680559076,Vesti az,Vesti az,≤100
330940447588598,APA,Azeri Press Agency,≤100
101605572118417,Qarabağ Dirçəliş Fondu,Qarabağ Dirçəliş Fondu,≤100
1683459665128094,Minval.az,Minval.az MMC,≤100
1431548557163783,Caliber News,Caliber LLC,≤100
177856385592294,Kulis az,Kulis az,≤100
763939106969035,Report.az,These ads ran without a disclaimer,≤100
643654899036233,İnnovasiyalar Mərkəzi / Innovations Center,İnnovasiyalar Mərkəzi,≤100
178886752255904,APA TV,APA TV,≤100