﻿Page ID,Page name,Disclaimer,Amount spent (JPY)
1904070096535109,スマート選挙,株式会社センキョ,2234
209054035789108,Under Armour アンダーアーマー,These ads ran without a disclaimer,1692
129771470382318,KENCHIKU,These ads ran without a disclaimer,1420
475681929154100,国連UNHCR協会,国連UNHCR協会,541
239558679475625,株式会社トマス技術研究所,Kenji Fukutomi,416
579187028792625,社長と会社の手元現金を増やす仕組みづくりの専門家,社長と会社の手元現金を増やす仕組みづくりの専門家,241
544991069308243,日本投資機構株式会社,These ads ran without a disclaimer,206
103914976352692,選挙ドットコム,イチニ株式会社,153
208661552479830,日本財団,Shigeru Fujita,137
116519890473491,いわて自民党,いわて自民党,127
104533215755145,ZOE_Japan,ZOE Japan,111
113420448389622,Gxns,These ads ran without a disclaimer,≤100
108118195355006,N'yulang,These ads ran without a disclaimer,≤100
102563926160700,プライムマリッジ 理想の結婚を叶える恋愛術,These ads ran without a disclaimer,≤100
100240212529743,米国株 成長株投資 Oxford クラブ,These ads ran without a disclaimer,≤100
100199881840737,Minghui Japan（ミンフイ　ジャパン）ー明慧日本,明慧日本,≤100
1407941346087379,自民党遊説局,自民党遊説局,≤100
289931618238873,法輪功は素晴らしいですが、なぜ迫害されたのか,Luu Nga,≤100
115247946520017,電波オークションを実現する会,Mitsumasa Kato,≤100
1672330153015605,透明アクリル業者票,アドアチーブ株式会社,≤100
108821185534955,,These ads ran without a disclaimer,≤100
1336600076482846,LEGAL JOB BOARD,These ads ran without a disclaimer,≤100
100199396277710,nihon_keisoku1111,These ads ran without a disclaimer,≤100
106705804357319,Bluetti Global,These ads ran without a disclaimer,≤100