﻿Page ID,Page name,Disclaimer,Amount spent (JPY)
1904070096535109,スマート選挙,株式会社センキョ,1186
129771470382318,KENCHIKU,These ads ran without a disclaimer,362
475681929154100,国連UNHCR協会,国連UNHCR協会,225
239558679475625,株式会社トマス技術研究所,Kenji Fukutomi,204
579187028792625,社長と会社の手元現金を増やす仕組みづくりの専門家,社長と会社の手元現金を増やす仕組みづくりの専門家,179
103914976352692,選挙ドットコム,イチニ株式会社,≤100
104533215755145,ZOE_Japan,ZOE Japan,≤100
243143172757375,情報ドットコム（K.Oshima）,大島 和彦,≤100
208661552479830,日本財団,Shigeru Fujita,≤100
116519890473491,いわて自民党,いわて自民党,≤100
544991069308243,日本投資機構株式会社,These ads ran without a disclaimer,≤100
102563926160700,プライムマリッジ 理想の結婚を叶える恋愛術,These ads ran without a disclaimer,≤100
100240212529743,米国株 成長株投資 Oxford クラブ,These ads ran without a disclaimer,≤100
108118195355006,N'yulang,These ads ran without a disclaimer,≤100
115247946520017,電波オークションを実現する会,Mitsumasa Kato,≤100
100199881840737,Minghui Japan（ミンフイ　ジャパン）ー明慧日本,明慧日本,≤100
1407941346087379,自民党遊説局,自民党遊説局,≤100
289931618238873,法輪功は素晴らしいですが、なぜ迫害されたのか,Luu Nga,≤100
108821185534955,,These ads ran without a disclaimer,≤100
100199396277710,nihon_keisoku1111,These ads ran without a disclaimer,≤100
1672330153015605,透明アクリル業者票,アドアチーブ株式会社,≤100
113420448389622,Gxns,These ads ran without a disclaimer,≤100
106705804357319,Bluetti Global,These ads ran without a disclaimer,≤100