﻿Page ID,Page name,Disclaimer,Amount spent (USD),Number of ads in Library
100524251686344,Gustavo Acevedo,Gustavo Jose Acevedo Berganza,214,4
108447974942666,Instituto de Bienestar Animal - El Salvador,Instituto de Bienestar Animal,≤100,2
643513979193133,Unidos por Beatriz,Neuma,≤100,3
1935947973198237,Alcaldía El Paraíso Chalatenango,Alexi Antonio Escalante Galdamez,≤100,1
211001456327934,Walter Alemán,Erick Rico,≤100,1
648516805765721,Alexi Escalante,Alexi Antonio Escalante Galdamez,≤100,1
100568368335023,Fatima Esmeralda Ascencio,Esmeralda Asencio,≤100,1
105073207967492,CTG Perú,These ads ran without a disclaimer,≤100,1
101715608808670,Judgment Day: Angel of God,These ads ran without a disclaimer,≤100,1
100661818730059,Judgement Day: Decide It,These ads ran without a disclaimer,≤100,1
31292782350,Deutschland.de,These ads ran without a disclaimer,≤100,2
319739671441859,Floripa Mil Grau,These ads ran without a disclaimer,≤100,1
101769325674257,naseartsconsortium,These ads ran without a disclaimer,≤100,1
1900502890185321,MMA Fighter,These ads ran without a disclaimer,≤100,1