﻿Page ID,Page name,Disclaimer,Amount spent (NGN)
681779338505564,Yiaga Africa,Yiaga Africa with Facebook Ad Credits,4933
971769479677563,Gbenga Olawepo-Hashim,Olushola Oni,456
102399141248203,Chief Edward David Onoja,Isaac Ukpahiu'ojo Agene,206
903423006458068,Orodata Science,Orodata Science,161
1567614746869354,Daily Shopping,Awotidebe Oluwaseyifunmi,114
318527089023089,Legacy Project,Damian Osafile,112
104180761873736,Massive Entertainment.ng,Massive Entertainment,≤100
654180731859809,T-Police,T-Police,≤100
102908838246744,Enugu Think Outside The Box,Bolaji Adedotun Adeshokan,≤100
100202924924063,Page 36,Page 36,≤100
474949016032212,Akin Fadeyi Foundation,Akin Fadeyi Foundation,≤100
548855585503561,Panda-tut  Enterprises Limited,Panda-tut Enterprises Limited,≤100
101018389512733,Hon Dr. Ghali Mustapha Tijjani,Ahmad Muazu,≤100
103937487661032,Readytoleadafrica,ReadyToLeadAfrica,≤100
116248814706806,Vote4climateng,Adebiyi Agnes,≤100
100383154696053,Lukaconfu vocal,Lukaconfu vocal,≤100
913242715449176,Prophet Ekong Ituen Ministries,Ekong Ituen,≤100
605599926578140,Distinguished Senator Yakubu Oseni Media Crew,Hamzat Amoto Muhammedjamiu,≤100
102169824695398,Rero TV,Rero TV,≤100
115798340116713,Ogouniquetv,Ogouniquetv,≤100
581327535671884,MAAI,MAAI,≤100
606800679765375,Voice2RepNg,Accountability Lab Nigeria,≤100
1408418179203719,Who’s Talking With Adesuwa Lato,Shedrack Seledesaghabofa Edon,≤100
114066748273802,Lets Save Enugu State,These ads ran without a disclaimer,≤100
104238252286926,Nwankwo Promise Chibuzo,Mboo Augustine Uchenna,≤100
241499009731835,Ifeanyichukwu Ibezi,Ifeanyichukwu Ibezi,≤100
109366762070994,Emodah,Emodah,≤100
505188466251605,Huridac,Huridac,≤100
103056309161921,Meksmedia,Meksmedia,≤100
100087163514257,,These ads ran without a disclaimer,≤100
412352106043613,DEAL HQ Partners,These ads ran without a disclaimer,≤100
355399445235927,WE Accord,WE Accord,≤100
191066234648103,Shehu Musa Yar'Adua Foundation,Shehu Musa Yar'Adua Foundation,≤100
1617885935139653,The Liberator,The Liberator,≤100
101620952700531,Babandi Ibrahim,Babandi Gumel Ibrahim,≤100
109562720823279,CGTN Sports Scene,These ads ran without a disclaimer,≤100
106064468251927,Community Initiatives to Promote Peace,ARDA DCI,≤100
102860875465067,New Marco Polo,These ads ran without a disclaimer,≤100