﻿Page ID,Page name,Disclaimer,Amount spent (EGP)
192320965049184,الإعلامية نيفين منصور,الإعلامية نيفين منصور,≤100
1074622426005708,Ahmed Lotfy - Men's Suits,These ads ran without a disclaimer,≤100
100835565731657,Ahmed Amin Massoud - أحمد أمين مسعود,Ahmed Amin Massoud - أحمد أمين مسعود,≤100
106450555171099,مجدي البري - Magdy Elbery,مجدي البري - Magdy Elbery,≤100
308088503057656,النائب محمود عصام,النائب محمود عصام,≤100
273900239400893,نقابة المحامين المصرية,نقابة المحامين المصرية,≤100
181524565276709,الهلال الأحمر المصري - Egyptian Red Crescent,الهلال الأحمر المصري - Egyptian Red Crescent,≤100
106633301506504,النائب الدكتور علي مهران,النائب الدكتور علي مهران,≤100
900337800058784,برنامج الو مكملين,These ads ran without a disclaimer,≤100
560418354025009,محمد هنداوى Mohamed Hendawy,محمد هنداوى Mohamed Hendawy,≤100
103745798627292,المستشار ماهر ميلاد اسكندر,المستشار ماهر ميلاد اسكندر,≤100
111601691526415,The Legacy Investments,These ads ran without a disclaimer,≤100
479089242836482,عبدالباسط بن هامل,عبدالباسط بن هامل,≤100
666470146818916,مؤسسة جبر القلوب - GabrAlqulub,مؤسسة جبر القلوب - GabrAlqulub,≤100
106719921012688,Ahmed Bahaa Shalaby-أحمد بهاء شلبي,Integrated Marketing Communications For Media.IMC,≤100
354968941204659,الدكتور أيمن أبو العلا عضو مجلس النواب,الدكتور أيمن أبو العلا عضو مجلس النواب,≤100
104570177893410,أحمد علي الألفي,أحمد علي الألفي,≤100
112884131660592,أسامة جاويش-Osama Gaweesh,These ads ran without a disclaimer,≤100
102478281118292,مكتب الدكتور محمود رجب فتح الله دكتور القانون الجنائي والمحامي بالجنايات,These ads ran without a disclaimer,≤100
176956519017843,الحزب المصري الديمقراطي الاجتماعي,الحزب المصري الديمقراطي الاجتماعي,≤100
101586878327765,Hassanein Tawfiq - حسانين توفيق,Hassanein Tawfiq - حسانين توفيق,≤100
535371883202755,Freddy Elbaiady  صفحة فريدي البياضي,Freddy Elbaiady  صفحة فريدي البياضي,≤100
103291013528894,Dr.Mokhtar Gomaa,Dr.Mokhtar Gomaa,≤100
121565980915958,سلسلة تأسيس The best start,These ads ran without a disclaimer,≤100
110117941114440,Emirates Loves Egypt - الإمارات تُحبْ مصر,These ads ran without a disclaimer,≤100
137375666332415,Paper Middle East Exhibition,These ads ran without a disclaimer,≤100
109219350934165,النائب محمود هشام توشكى,النائب محمود هشام توشكى,≤100
102698288269357,د.نانسي نعيم  عضو مجلس النواب,د.نانسي نعيم  عضو مجلس النواب,≤100
105872082337085,النائب أحمد عبدالجواد,النائب أحمد عبدالجواد,≤100
118932207798163,Rehab Eltehewy - رحاب التحيوي,Rehab Eltehewy - رحاب التحيوي,≤100
114656270386906,النائب الصافي عبد العال الصغير,النائب الصافي عبد العال الصغير,≤100
117197414641940,أحمد سمير - الصفحــة الرسمية,These ads ran without a disclaimer,≤100
298138254162621,النادي الليبرالي بالقاهرة,النادي الليبرالي بالقاهرة,≤100
110877857406073,المهندس حسام لبن,المهندس حسام لبن,≤100
102765221685871,كشف فساد مجلس اداره قريه ذهبيه,كشف فساد مجلس اداره قريه ذهبيه,≤100
105096455624550,Tamer abdelhamid - تامر عبد الحميد,Tamer abdelhamid - تامر عبد الحميد,≤100
595025640685644,النائبة شيرين عبد العزيز - Sherin abdelaziz,النائبة شيرين عبد العزيز - Sherin abdelaziz,≤100
112161944845807,Nevein Basiouny,Nevein Basiouny,≤100
158643697625854,محمد تيسير مطر - Mohamed Tayser Mattar,Aplus,≤100
2102862883129084,حجازى للاستشارات القانونية,حجازى للاستشارات القانونية,≤100
901379033263425,Al saadany -  وزير السعادة السعدني,These ads ran without a disclaimer,≤100
104970975483783,مدام شلاطه,These ads ran without a disclaimer,≤100
103869539305915,Al Roaa,These ads ran without a disclaimer,≤100
597559790371644,نادى الزهور الرياضى,نادى الزهور الرياضى,≤100
114079190450834,النائب/ محمد رضا البنا,النائب/ محمد رضا البنا,≤100
112709551678127,الصفحة الرسمية لبرنامج آخر كلام,These ads ran without a disclaimer,≤100
1517088885216557,AIG,These ads ran without a disclaimer,≤100
102204844701925,الشرق للأخبار - سوريا,These ads ran without a disclaimer,≤100
100857675472522,ScreeN+,These ads ran without a disclaimer,≤100
908878692509737,العين الإخبارية,These ads ran without a disclaimer,≤100
1732871583597515,Rodrigo,These ads ran without a disclaimer,≤100
132078211584362,About ឈីឈី,These ads ran without a disclaimer,≤100
106842858489193,Cooking Center - Restaurant Game,These ads ran without a disclaimer,≤100
145028549003137,Shoman Foundation مؤسسة عبد الحميد شومان,These ads ran without a disclaimer,≤100