﻿Page ID,Page name,Disclaimer,Amount spent (USD)
112477522422248,David Collado,David Collado,≤100
100151225919146,Homero Figueroa G,Le Black Room,≤100
167878593236712,UNICEF en español,UNICEF con créditos publicitarios de Facebook,≤100
123397997671209,Listín Diario,Alejandro Jose Madera Rodriguez,≤100
106687624223989,Rescate Democratico,Rescate Democratico,≤100
532600796858736,Jean Luis Rodriguez,Jean Luis Rodriguez Jimenez,≤100
109833958271703,Bancada de Centro,Bancada de Centro,≤100
68793499001,UNICEF,UNICEF with Facebook Ad Credits,≤100
492966110748093,Su Mundo TV,Penelope Canario Herrera,≤100
124252504303223,UNICEF (FR),UNICEF avec des crédits publicitaires Facebook,≤100
100829795929706,Diario Informal RD,Diario Informal,≤100
465691517186469,Noticias Nacionales RD,Angel Miguel Rivera Rijo,≤100
102739112342896,masluis2024,Junior Bernavel Poche Mariñez,≤100
106050769450765,UNICEF República Dominicana,UNICEF República Dominicana,≤100
100357715349653,Noticias del Oso,These ads ran without a disclaimer,≤100
1727280190891954,FRANCE 24 Español,These ads ran without a disclaimer,≤100