﻿Page ID,Page name,Disclaimer,Amount spent (GBP)
1645963095654688,Healthier Scotland,The Scottish Government,1243
311627208673,WWF UK,WWF UK,931
102639461303190,Fair Pay For All,Fair Pay For All,523
7715002593,UNICEF UK,Unicef UK,460
248887561894779,Home Energy Scotland,Home Energy Scotland,453
47612991154,Dignity in Dying,Dignity in Dying,359
97708339756,Action for Children,Action for Children,355
101558386889,Shelter Scotland,Shelter Scotland,339
9250349228,Greenpeace UK,Greenpeace,286
105325515394672,Local Recovery,Local Recovery,271
722939897742608,The Co-operative Bank,The Co-operative Bank,268
208573062515662,Freedom from Torture,Freedom from Torture,212
7624294394,Amnesty International UK,Amnesty International UK,195
158077247591710,Refuge,Refuge,186
1380677218829457,TSB,TSB Bank plc.,173
35671512696,World Animal Protection UK,World Animal Protection UK,148
442816382865338,Social Security Scotland,Social Security Scotland,139
8539814909,International Animal Rescue,International Animal Rescue with Facebook Ad Credits,122
121936349543,World Vision UK,World Vision UK,116
117476785190,Save the Children UK,Save the Children UK,112
123027101047606,Pancreatic Cancer UK,Pancreatic Cancer UK,108
220543443746,International Rescue Committee - UK,International Rescue Committee UK,103
115190606920,Great Ormond Street Hospital and Children's Charity,Great Ormond Street Hospital Children's Charity,≤100
103662352102391,Family Debt Help,Ian Keith Parsons,≤100
26698813123,British Red Cross,British Red Cross,≤100
1382543595173440,Humane Society International - UK,Humane Society International/UK,≤100
157191900962245,"Platform -  activism, education and the arts","Platform -  activism, education and the arts",≤100
101255718164248,350 UK,350.org,≤100
143664152344192,WWF Scotland,WWF Scotland,≤100
7715002593,UNICEF UK,UNICEF UK with Facebook Ad Credits,≤100
397986050296687,Scottish Liberal Democrats,"and promoted by the Scottish Liberal Democrats, 4 Clifton Terrace, Edinburgh, EH12 5DR.",≤100
320344981331677,Net Zero Scotland,The Scottish Government,≤100
1660600037490738,Guardian Labs,Guardian Labs,≤100
353803611446846,WB Debtcare,Wylie & Bisset,≤100
6040534532,One Acre Fund,One Acre Fund,≤100
13047522725,Crimestoppers,Crimestoppers,≤100
353224381469808,ifaw,IFAW,≤100
21242962092,ClientEarth,ClientEarth,≤100
310039442421596,Scottish Labour Party,Scottish Labour Party,≤100
799576543492660,The Week Junior,The Week Junior,≤100
177855115588808,The Week UK,The Week UK,≤100
39605200520,ActionAid UK,ActionAid UK,≤100
358706239805,Scope,Scope,≤100
246872175166,Action Against Hunger UK,Action Against Hunger UK,≤100
365948210785448,Criminal Injuries Helpline,Criminal Injuries Helpline,≤100
290498754454402,European Movement UK,European Movement UK,≤100
37981137361,The Children's Society,The Children's Society,≤100
116625838402686,FareShare,FareShare,≤100
59367068326,The Ramblers,The Ramblers,≤100
34341434454,Comic Relief,Comic Relief,≤100
7527864602,WaterAid UK,WaterAid UK,≤100
97116898596,Sightsavers,Sightsavers,≤100
249209468838241,Good Law Project,Good Law Project,≤100
2047806148766050,Animal Equality UK,Animal Equality UK,≤100
18168505158,The Woodland Trust,Woodland Trust,≤100
134077510212,Aberlour Children's Charity,"Aberlour Child Care Trust,",≤100
7043497714,Christian Aid,Christian Aid,≤100
103835971750,Orbis UK,Orbis UK,≤100
6708565748,CBM UK,CBM UK,≤100
6233536938,War Child UK,War Child UK,≤100
106946654868342,Water's Worth Saving,Water UK,≤100
1046117708754519,Care4Calais,Care4Calais,≤100
2279278499016921,Scottish Business UK - SBUK,Scottish Business UK,≤100
298509560234948,Bethany Christian Trust,Bethany Christian Trust,≤100
88845925295,Fairtrade Foundation,Fairtrade Foundation,≤100
227427673437,Tree Aid,Tree Aid,≤100
105213446201178,International Justice Mission,International Justice Mission with Facebook Ad Credits,≤100
1682367945366856,POWER Film,Power Film,≤100
135456716565905,Guardian Jobs,Guardian Jobs,≤100
13695746395,Guide Dogs UK,Guide Dogs,≤100
103559634900519,Oltco Ltd,Oltco Ltd,≤100
196603287038373,Edinburgh Children's Hospital Charity,Edinburgh Children’s Hospital Charity,≤100
107424475417111,Unite For A Workers' Economy,Unite the Union,≤100
110538548040758,Care2 UK,John Ayling & Associates,≤100
6366026879,Dogs Trust,Dogs Trust,≤100
328457661378085,Humanity & Inclusion UK,Humanity & Inclusion UK,≤100
185677149392,HM Armed Forces,Ministry of Defence,≤100
175067939218623,Mercy Corps - Europe,Mercy Corps Europe,≤100
100553032399423,The Fund for Global Human Rights UK,The Fund for Global Human Rights,≤100
169042736456594,All Out,All Out,≤100
112712550420527,Sumofus UK,SumOfUs,≤100
886540824807022,Switch Off And Breathe,West Lothian Council,≤100
192046384225479,Mermaids,Mermaids,≤100
112845639376,Refugee Action,Refugee Action,≤100
248887561894779,Home Energy Scotland,Energy Saving Trust,≤100
195754307110390,Right To Life UK,Right To Life UK,≤100
204984049549968,Eat Haggis and Ceilidh On,Allistair James Burt,≤100
11965205188,Practical Action,Practical Action,≤100
514212165305248,Leigh Day,Leigh Day,≤100
112482371099301,NUS UK - National Union of Students Campaigns,National Union of Students (United Kingdom),≤100
949047155159569,ConnectFutures,ConnectFutures with Facebook Ad Credits,≤100
358531814192900,Bloomsbury Publishing UK,Bloomsbury Publishing UK,≤100
124471347603278,Positive Money UK,Positive Money,≤100
63451405593,NFU Online,NFU Online,≤100
1422817667967727,Rainbow Migration,Rainbow Migration,≤100
569834799727730,National Grid UK,National Grid UK,≤100
183831360784,Theirworld,Theirworld,≤100
25010947137,ShelterBox,ShelterBox,≤100
693990677314288,Royal London,These ads ran without a disclaimer,≤100
10986039307,VSO,VSO,≤100
114651147002520,SSE Energy Solutions,SSE,≤100
106995620950700,Platform 67,Platform 67,≤100
7214031395,Oxfam Great Britain,Oxfam Great Britain,≤100
103458012300068,Renters' Reform Coalition,Renters Reform Coalition,≤100
346684596111093,KinKind,KinKind Ltd,≤100
1863944713844924,Best For Britain,Best for Britain,≤100
6707857033,Global Justice Now,Global Justice Now,≤100
319465674441,Game & Wildlife Conservation Trust (GWCT),Game & Wildlife Conservation Trust (GWCT),≤100
127031794038958,Blue Marine Foundation,Blue Marine Foundation,≤100
64955332909,Sage,Sage,≤100
208259529191152,Aid to the Church in Need UK,Aid to the Church in Need UK,≤100
794490553914304,Dr. Nina Ansary,These ads ran without a disclaimer,≤100
109068935780411,Versus Arthritis,Versus Arthritis,≤100
326115837721445,GUNNA,Gunna,≤100
873550809444862,Mighty Earth,Mighty Earth,≤100
1738524969810037,Mission India UK,Mission India UK,≤100
108012178438704,Workers Can Win: A Guide to Organising at Work,Workers Can Win,≤100
91484672241,Toilet Twinning,Toilet Twinning,≤100
53108467689,National Lottery Good Causes,The National Lottery,≤100
8422578815,Soil Association,Soil Association,≤100
149666996584,Federation of Small Businesses - FSB,Federation of Small Businesses,≤100
303760836322372,Bullen Healthcare,Bullen Healthcare,≤100
603389616739829,Bite Back 2030,Bite Back 2030,≤100
218711018144616,Chris Packham,Wild Justice,≤100
41819722370,CAP - Christians Against Poverty UK,Christians Against Poverty,≤100
103549865856547,Justice United,Justice United,≤100
476831022340101,John Lamont MP,John Lamont,≤100
18366996074,War on Want,War on Want,≤100
163862575762,Embrace the Middle East,Embrace the Middle East,≤100
8270524646,Alzheimer's Society,Alzheimer's Society,≤100
109658928490636,Angus South SNP,Lloyd Alexander Melville,≤100
89151782746,Fauna & Flora International,Fauna & Flora International,≤100
97900717388,Gingerbread,Gingerbread,≤100
107676248812547,"Vote Chris Horne, Independent, #1",Christopher Michael Horne,≤100
101886255290758,SNP Pentlands West,Dylan James Roberts,≤100
105247661026106,Believe in Scotland,Believe in Scotland,≤100
46852258376,Anti-Slavery International,Anti-Slavery International,≤100
113728932022446,Internet Watch Foundation,Internet Watch Foundation,≤100
265565040237871,USPG,USPG,≤100
108262985158906,Cllr Sam Payne,Samuel Finlay Payne,≤100
1721275931466984,The Reclaim Party,The Reclaim Party,≤100
1382619538645569,CARES at Local Energy Scotland,Local Energy Scotland,≤100
211614899544570,Long Live The Local,British Beer & Pub Association,≤100
126761694007536,Samsung,These ads ran without a disclaimer,≤100
2386526881419158,USR Marea Britanie,Uniunea Salvati Romania,≤100
116183696884118,Mothers In Debt,Mums In Debt.,≤100
143837658998810,WWT,Wildfowl and Wetlands Trust,≤100
1486841851361953,Power for People,Corinna Quinn Miller,≤100
295803323870555,Earthwatch Europe,Earthwatch Europe,≤100
349283725457163,Councillor Kenneth Duffy,Kenneth Gareth Duffy,≤100
101915698384428,Eldred Law,Eldred Law,≤100
104677264773039,We Eat Balanced,Agriculture and Horticulture Development Board,≤100
234881964773,Vintage Books,Vintage Books,≤100
443229142391648,BRITA United Kingdom,These ads ran without a disclaimer,≤100
274651352565844,Oltco Ltd,Oltco Ltd,≤100
107310464728068,Britain Remade,BRM Futures Limited,≤100
202798122688,Chatham House,Chatham House,≤100
102959175630065,Net Zero Now,Net Zero Now Ltd,≤100
353883835297870,Engage Britain,Engage Britain,≤100
804183016314747,Robertson Homes,Robertson Homes,≤100
179455805474037,"Fife Properties, Mitchell Street, Leven",James Johnstone Parker,≤100
2558329857727118,Families In Debt,Families in debt,≤100
6574632957,Unlock Democracy,Unlock Democracy,≤100
55984857501,Open Doors UK & Ireland,Open Doors with Brother Andrew,≤100
100375849312830,Tax Claims,Tax Claims,≤100
110350658170998,Shetland Fuel Poverty,SSD Group,≤100
222893987721388,Lancashire Police and Crime Commissioner,Lancashire Police and Crime Commissioner,≤100
2443299312347521,Green New Deal Rising,Green New Deal UK,≤100
157492274367801,Cruelty Free International,Cruelty Free International,≤100
361903630674786,City to Sea,City to Sea,≤100
85549822738,Peace Direct,Peace Direct,≤100
523883237746457,2050 Climate Group,2050 Climate Group,≤100
1414985198733772,Jim Allister,Traditional Unionist Voice,≤100
11055104471,ONE,These ads ran without a disclaimer,≤100
104777753526688,Level Up,Level Up,≤100
107284742098398,Regenera UK,Regenera,≤100
1180118942166367,Dalia Mogahed,These ads ran without a disclaimer,≤100
904819546225376,Drew Hendry MP,Drew Hendry MP,≤100
117592091643709,Tree of Life Ministries｜Evangelism in Israel,Tree of Life Ministires,≤100
26806660922,Humanists UK,Humanists UK,≤100
1731766737063825,Greenspark,Greenspark,≤100
101183108039162,P1vital,P1vital,≤100
5883973269,Liberal Democrats,"and promoted by the Liberal Democrats, 1 Vincent Square, London, SW1P 2PN.",≤100
100651718058538,The Commitment,The Commitment,≤100
10114144851,NSPCC,NSPCC,≤100
97116898596,Sightsavers,Sightsavers,≤100
174188482788412,ELSG Ltd,ELSG Ltd,≤100
6406164817,Viva!,Viva! Vegan Charity,≤100
397367290369272,Project Solar UK,Project Solar UK,≤100
73621126187,Rosa,Rosa UK,≤100
124471347603278,Positive Money UK,Positive Money UK,≤100
111064870140,Prisoners Abroad,Prisoners Abroad,≤100
104400178979295,Aye Hawick,Colin Douglas Hope,≤100
42553600437,The Rainforest Foundation UK,The Rainforest Foundation UK,≤100
183026535040943,International Tree Foundation,International Tree Foundation,≤100
191388894239685,We Believe in Israel,We Believe In Israel,≤100
87478906009,Vet Times,Vet Times,≤100
469738460027551,EnergiseAfrica,Energise Africa,≤100
104363568449775,Job in United Kingdom,These ads ran without a disclaimer,≤100
105494702186780,Conversations on Climate,These ads ran without a disclaimer,≤100
105279899060069,Aghosh UK - AlKhidmat Foundation,Adeel Riaz,≤100
200006375787,38 Degrees,38 Degrees,≤100
1056162421085650,Research Features,Research Features,≤100
233835056663993,Plastic Soup Foundation,These ads ran without a disclaimer,≤100
1503185916668051,Left Book Club,Left Book Club,≤100
105011708789735,Richard Kennett for Emsworth,Richard Johnc Kennett,≤100
155710354774360,Momentum,Momentum,≤100
112403793494016,healthandcare.scot,Healthcare News Scotland,≤100
105725474748369,Adam4Suffolk,"East Suffolk Liberal Democrats, and Promoted by Liberal Democrats, 10-12 Great George Street, London, SW1P 3AE",≤100
113011225470543,Ocean Magic,Justin James Clarke,≤100
269383906869137,VERCIDA,Vercida,≤100
109521288484771,Best of Enemies,SINE Digital,≤100
490007667679401,Hugh James,Hugh James,≤100
117663840670,Global Care,Global Care,≤100
110934940687948,"Sharon Graham - General Secretary, Unite the Union",Unite Sharon Graham,≤100
102761222633421,The Wake Up Movement,The Wake Up Movement,≤100
111654016067,Staffordshire University,Staffordshire University,≤100
268801635305,Breast Cancer Now,Breast Cancer Now,≤100
100460115820499,Recork,Recork,≤100
130723600338585,Ethex,Ethex UK,≤100
349529338419493,Energy and Utilities Jobs,Joanne Hill,≤100
220543443746,International Rescue Committee - UK,International Rescue Committee - UK,≤100
108438342071509,Samantha Dixon,The Labour Party,≤100
123239567701557,RAF News,Edwin John Rodrigues,≤100
219947610085,Marine Conservation Society,Marine Conservation Society,≤100
266790296879,Bloomberg,These ads ran without a disclaimer,≤100
656462304404326,Служба розшуку дітей,These ads ran without a disclaimer,≤100
1021604384624531,NHC Medspa,Neda Jafari,≤100
102567371548459,Bin Twinning,Toilet Twinning,≤100
101661172477407,Artaiku,Mr Neil Robert Arthur,≤100
102008471272490,Claudia Webbe MP,Claudia Naomi Webbe,≤100
368147760350619,Northwich Car Finance Ltd,Northwich Car Finance Ltd,≤100
582560091776654,Iron & Velvet - Plastic Free Cleaning Products,Iron & Velvet - Plastic Free Cleaning Products,≤100
101501606073541,SJOG Homes For Ukraine,SAINT JOHN OF GOD HOSPITALLER SERVICES,≤100
523852671440088,Scribe,Scribe Accounts,≤100
289541331085998,Communities Housing Trust,Communities Housing Trust,≤100
386646754850062,Scottish Borders Greens,Catriona Isabella Hamilton,≤100
2120886978187969,Bosla Arts,Bosla Arts,≤100
110173697302280,CarbonStore,CarbonStore,≤100
120741424644971,Street Child,These ads ran without a disclaimer,≤100
264444526901270,Human Aid UK,Human Aid UK,≤100
217519028785017,Nature Research Custom Media,These ads ran without a disclaimer,≤100
135962813151731,Doctors Worldwide,Doctors Worldwide,≤100
113927554834048,camilla.frederick.somerset,These ads ran without a disclaimer,≤100
445142002188801,Andrea Jenkyns,Andrea Jenkyns MP,≤100
96128889770,RNIB,RNIB,≤100
113634282150318,Hillingdon Conservatives,Hillingdon Conservatives,≤100
107667846010490,EMERGENCY NGO,EMERGENCY UK,≤100
8807334278,Conservatives,The Conservative Party,≤100
241312696375349,National Education Union,National Education Union,≤100
397986050296687,Scottish Liberal Democrats,"and promoted by the Liberal Democrats, 4 Clifton Terrace, Edinburgh, EH12 5DR.",≤100
1606924052877618,Chris Hazzard MP,South Down Sinn Féin,≤100
102436989341855,Phillip Ullmann,These ads ran without a disclaimer,≤100
1415676925427803,West Oxfordshire Conservatives,West Oxfordshire Conservatives,≤100
100574382093839,South Hams Climate Action Network,South Hams Climate Action Network,≤100
106552981733110,Project Better Energy,Simplicity Digital Marketing,≤100
108851294806661,Accessibility Project UK,These ads ran without a disclaimer,≤100
169753760561644,Goldington Liberal Democrats,Bedford Liberal Democrats,≤100
793311897446399,GlasgowCampaign WelcomeRefugees,These ads ran without a disclaimer,≤100
61950489543,Labour North West,The Labour Party,≤100
101332948404450,Birley Ward Labour Councillors,Wayne Michael Rhodes,≤100
101260375974379,Alex︱50 Ways to Cook,These ads ran without a disclaimer,≤100
105960941598024,Gemma Brolly,Gemma Elizabeth Brolly,≤100
100760668674946,Cllr Tyler Hawkins,Tyler Cain Hawkins,≤100
111033680330777,Transport for the North,Transport for the North,≤100
109964181768029,Mantyna,These ads ran without a disclaimer,≤100
107485499287,Reprieve,Reprieve,≤100
1683406031911751,Brighton & Hove Unison,Brighton & Hove Unison,≤100
407402162736656,Labour East,The Labour Party,≤100
193539124003317,The Royal College of Psychiatrists,The Royal College of Psychiatrists,≤100
101894244975919,Obywatelstwo Brytyjskie Paszport UK,Paszport.UK,≤100
235597449861947,British Asian Christian Association,These ads ran without a disclaimer,≤100
48243507113,Darlington Borough Council,Darlington Borough Council,≤100
110800343644019,"Claire Vibert, Labour Party",Claire Vibert for High Peak,≤100
104379998876234,Diane Forsythe MLA,Diane Jane Forsythe,≤100
1412704338970348,Revolutionary Socialism in the 21st Century - rs21,Revolutionary Socialism in the 21st Century - rs21,≤100
254386464687916,University of Bristol Law School,These ads ran without a disclaimer,≤100
258263369410922,Collingwood Ward Labour Party,Tynemouth Constituency Labour Party,≤100
110403551879925,uk.divar,These ads ran without a disclaimer,≤100
175584152579855,Unite the union,Unite the union,≤100
100112839562687,Eddie Izzard for Sheffield Central,Eddie Izzard for Sheffield Central,≤100
184431868628156,Hortons,Hortons Estate Agents,≤100
101958682650112,ESG UK,Energy Saving Grants,≤100
106164274454421,Flamigel RT,These ads ran without a disclaimer,≤100
114890771946393,British Asian Christian Association,These ads ran without a disclaimer,≤100
248614481874426,Breast Cancer UK,Breast Cancer UK,≤100
108068075463998,muscogeeoya,These ads ran without a disclaimer,≤100
193488666400,McMaster University,These ads ran without a disclaimer,≤100
127187187348820,Kaspersky,These ads ran without a disclaimer,≤100
101941281738252,socialselfie.se,These ads ran without a disclaimer,≤100
186691125128189,Air Liquide,These ads ran without a disclaimer,≤100
54779960819,United Nations,United Nations with Facebook Ad Credits,≤100