﻿Page ID,Page name,Disclaimer,Amount spent (TRY)
1085457468132635,DEV MADEN SEN,DEV MADEN SEN,≤100
100964136258105,Erdoğan Çiftcioğlu,Erdoğan Çiftcioğlu,≤100
462963834529864,Levent Uysal,Levent Uysal,≤100
146234755411446,Mirasımız Derneği,(MİRASIMIZ) Kudüs ve Civarındaki Osmanlı Mirasını Koruma ve Yaşatma Derneği,≤100
226410901315304,Areda Survey,Areda Survey,≤100
103375823077684,Kurukahveci Mehmet Efendi Mahdumları 1871,Evren Noyan Kalay,≤100
210993622366044,TVNET,TVNET,≤100
122193617537005,Haberettr,HABERET MEDYA AJANSI VE PRODÜKSİYON LİMİTED ŞİRKETİ,≤100
890935934274178,Serdar Sandal,Burak Özer,≤100
100675732413915,Anketci.Net,Anketci.Net,≤100
115219274900927,Smatip1_cinar,Emrah Bilaloglu,≤100
101070136283751,sifanurhamit,These ads ran without a disclaimer,≤100
111162852275902,Uluslararası Af Örgütü Türkiye Şubesi,Uluslararası Af Örgütü Türkiye Şubesi,≤100
316355873466,EKOMAX YAKIT TASARRUF VE PERFORMANS SİSTEMLERİ,These ads ran without a disclaimer,≤100
191453580768,Yeni Şafak,Yeni Şafak,≤100
426339260809702,Oğul Aktuna,Oğul Aktuna,≤100
105376981385020,Referandom,Referandom,≤100
109648772104972,NNC MEDYA I nnchaber.com.tr,Kağan Onaran,≤100
498108350567415,Nilüfer Deveci,Nilufer Deveci,≤100
100701695747178,Usta Kasap,Şenpiliç Gıda Sanayi A.Ş.,≤100
1776545895921237,Nedersiniz,Nedersiniz,≤100
103285814499773,Hikmet Yalım Halıcı,Kadir Dede,≤100
1620080691588973,Serkan SARI,Serkan Sarı,≤100
146581405452633,Yeniden Milli Mücadele,Yeniden Milli Mücadele,≤100
107122245207761,Mert Köksüren/Personal Trainer,These ads ran without a disclaimer,≤100
108552928182311,Al Sancak Partisi,Nuri Çelebi,≤100
1706624339582436,Tüsiar Araştırma Danışmanlık Ltd.Şti,TÜSİAR ARAŞTIRMA DANIŞMANLIK LTD ŞTİ,≤100
815048841929079,M. Ergün Turan,M. Ergün Turan,≤100
101315571670453,Webagron Tarımsal İçerik Platformu,Webagron Tarımsal İçerik Platformu,≤100
1572709256359993,İnternethaber TV,HADİ ÖZIŞIK,≤100
266201880725418,Dini tasavvuf,These ads ran without a disclaimer,≤100
119909314408721,Yenilmeyen Lider,Yenilmeyen Lider,≤100
833329183349879,Ahmet YELİS,Ahmet Yelis,≤100
120968624324630,Ebru Korkmaz,These ads ran without a disclaimer,≤100
115203036969497,Mehmet Yunus Seven,Mehmet Yunus Seven,≤100
104843984227456,Mehmet Özışık,Mehmet Ozisik,≤100
283345415854103,Necip Topuz,Karataş Belediyesi,≤100
108390012832175,Fatih Akkentli,Fatih Akkentli,≤100
791541570931021,CHT Medya,CHT Medya,≤100
171344059591404,Bolu Gündem,Bolu Gündem,≤100
2291169097838019,Pınarhisar Belediye Başkanı İhsan Talay,Ihsan Talay,≤100
104691722197784,صحيفة الاستقلال - العربية,صحيفة الاستقلال,≤100
298764070816267,Mehmet Tütüncü,Mehmet TÜTÜNCÜ Türkiye Temsilcisi,≤100
219031704851494,SAS (Satın Almayın Sahiplenin),Fırat Yıldız Ahmet,≤100
113944458195273,Rahmi Mete AY,Rahmi Mete Ay,≤100
101192232736297,GLOOB,GLOOB,≤100
104790481715851,ازجمله,Azjomle,≤100
107272515319025,Son Kale Türkiye,Son Kale Türkiye,≤100
602991949754369,BursaMuhalif Gazetesi,BursaMuhalif.com,≤100
206303789506349,Tekirdağ Saadet,These ads ran without a disclaimer,≤100
167633913392268,Kolejliler,Fırat Yıldız Ahmet,≤100