﻿Page ID,Page name,Disclaimer,Amount spent (USD)
81089852182,U.S. Embassy Ecuador,Embassies: U.S. Embassy Ecuador,≤100
1655058734779946,Consorcio de Municipios Amazónicos y Galápagos,Guillermo Geovanny Granda Tovar,≤100
109400701825446,Spartan International Academy,Spartan International Academy,≤100
105539772365757,Mentordemy,Mentordemy,≤100
857378244370245,BanEcuador,BanEcuador,≤100
101056676141616,Asesoría Política - Goberna Ecuador,Goberna Ecuador S.A.S,≤100
108657847619569,Goberna Ecuador,Goberna Ecuador,≤100
112981504211534,Luis Zambrano - Servicios de Ingeniería & Compras Públicas.,Luis Zambrano - Servicios de Ingeniería & Compras Públicas.,≤100
495225060514172,Degso,Gabriela Veronica Chango Hermoza,≤100
2221570604786246,Primicias,Primicias,≤100
195488207272178,Ciudadanía y Desarrollo,Ciudadanía y Desarrollo,≤100
2497449046945249,El Purgatorio,Denisse Murillo Alvarado,≤100
107735775460492,Infórmate Ecuador,Informate Ecuador,≤100
112722277076987,Tambo de Lectura CAI & HQ Sur,These ads ran without a disclaimer,≤100
965218816913719,Producciones Román,Manuel Alejandro Roman Loor,≤100
323805931445,Nature's Garden,Nature´s Garden,≤100
343584129176395,La Posta,Andersson Alejandro Boscan Pico,≤100
1830246137025534,Spartan Academy,Leonardo Yépez,≤100