﻿Page ID,Page name,Disclaimer,Amount spent (ARS)
1470809306572155,Armando Luis Gay,Armando Luis Gay,84289
454694298006068,Ayelen Acosta,Ayelen Acosta,21102
215127935173119,Emanuel Gainza,Emanuel Gainza,16014
101089933000633,Es con Rossi,Es con Rossi,9191
624986924234661,Gustavo Bordet,Partido Justicialista Entre Ríos,9128
455934264436675,Rogelio Frigerio,Organización ERA,7190
1558028877808328,Lucía Varisco,Lucia Varisco,5121
576544536128107,Nico Navarro,Nico Navarro,4650
434310316685752,Gabriela Lena,Gabriela Lena,3989
110079031997390,Con Larreta,Con Larreta,3709
112161968547691,Realidad Federal,REALIDAD FEDERAL,2981
105792915475105,Osvaldo Fernández,Osvaldo Fernández,2836
779826208737546,Eduardo Asueta,Eduardo Asueta,2634
565207773588736,Nicolas Mathieu,Nicolas Mathieu,2550
364414190955256,Virginia Coudannes,Virginia Coudannes,2417
174545086044880,Gobierno de Santa Fe,Brote AD S.A.,2174
103088924366000,Noticias d,Noticias d,2172
106560742263098,Noticias El Portal,Noticias El Portal,2067
442285665919263,Enrique Cresto,equipo digital,2014
1600624873516197,Pedro Galimberti,Pedro Galimberti,1813
636160423513968,Natalia Armas Belavi,Prensa ARMAS BELAVI,1783
514765002204911,Nacho Laurenti,Nacho Laurenti,1749
113686738612,Gobierno de la Ciudad de Buenos Aires,Gobierno de la Ciudad de Buenos Aires,1710
640722522699699,Sergio Checho Basile,Sergio Checho Basile,1670
1503182319966594,Juan Ruiz Orrico,Juan Ruiz Orrico,1667
104417732484057,El Independiente Noticias,El Independiente,1649
706932616082912,Angel Giano,Angel Giano,1493
113898744658728,El Progreso Web,El Progreso,1435
367089004808,Amnistía Internacional Argentina,Amnistía Internacional Argentina,1389
112090455034177,El Portavoz Oficial,El Portavoz,1378
102187456039094,Enterate Ya,Enterate Ya!,1359
230878237252224,Alfredo Francolini,Alfredo Francolini,1276
1383679141758544,Total República,Total República,1220
149721655226597,Oscar Cachi Martinez,Oscar Martínez,1198
110806461830762,El Sol Web,El Sol Web,1175
102007812840437,Jóvenes con Wado,Jóvenes con Wado,1167
112595328432641,Wado 2023,Jóvenes con Wado,1066
231169830377923,Gabriel Solano,Frente de Izquierda,1058
414147902070636,Políticas para la República,Políticas para la República,976
342005489233184,Martin Gainza,Martin Gainza,942
102947759383010,Juan Carlos Ortega 2023,Juan Carlos Ortega 2023,908
544986472243896,Data Diario,Data Diario,872
131381938371647,Corta La Bocha Noticias,Corta La Bocha,759
610065179346397,NotiBaires,Comunicarg,748
111600998225620,Noticias Zero,Noticias Zero,738
110276628358382,El Autónomo,El Autónomo,662
675523912809682,Tiempo de Provincia,Comunicarg,661
2339859699626643,Hacemos Unidos por Córdoba,Hacemos Unidos por Córdoba,640
1702262799853946,José Luis Walser,José Luis Walser,639
2251397431784810,InfoArgentina,Comunicarg,622
104733589113258,La Gaceta Nacional,La Gaceta Nacional,608
104147274759706,Periodismo de Izquierda,Periodismo de Izquierda,591
108679841853325,Contame Más,Contame Más,578
1412192242433307,Franco Ponce de León,Espacio CREO,542
113336095101146,Martin Paniagua,Martin Paniagua,537
102534516011045,La Gloria Noticias,La Gloria Noticias,501
20906273675,Greenpeace Argentina,Greenpeace Argentina,453
107631983989726,Argentina Federal,Argentina Federal,411
1541309082818851,Municipio de Viale,Municipio de Viale,362
103740369249125,El Provinciano,El Provinciano,360
335926266503071,7D,7D,323
314748251973356,Eduardo Toniolli,Eduardo Toniolli,313
174274645952525,Facundo Manes,Facundo Manes,309
111064391804839,Argentina Productiva,Argentina Productiva,279
155264264515547,Secretaría de Turismo de Santa Fe,Brote AD S.A.,278
253898394637965,Luciana Echevarría,MST,274
102289782502796,Prensa Digital,Prensa Digital,241
101156029356650,Gise Martinelli Concejal 2023,These ads ran without a disclaimer,240
238778949515431,El Cronista,El Cronista,239
391359140978849,Carolina Losada,Carolina Losada,238
112187658155714,Francisco Pasinatto,Francisco Pasinatto,236
1431888320420117,La Izquierda Diario,La Izquierda Diario,227
117606737986312,Elba Hoyos,Elba Hoyos,223
107756622140473,El Litoral Web,El Litoral Web,211
730231177082132,"Enrique  ""Quique""  Ramirez",PRO Formosa,205
103322152538185,La Verdad Noticias,La verdad noticias,203
103614925354077,Politólogos Digitales Argentina,Politólogos Digitales Argentina,200
605540860101596,Diario Criollo,Diario Criollo,176
145806262649419,Fer Miño,Patria de Todos,172
134557130216408,Jorge Jofré,Jorge Jofre,171
227469003952751,Mario Raúl Negri,Mario Negri,171
103948405867129,El Confidencial Noticias,El Confidencial Noticias,167
398675146900419,José Luis Gioja,SAN JUAN POR TODOS,163
113395874909201,Punto Noticias,Punto Noticias Web,163
104480845106839,LiBooksAR,These ads ran without a disclaimer,162
106335465504631,Concordia Digital,Concordia Digital,162
544640985878621,Argentinos Online,Argentinos Online,160
344610702849281,Guillermo Moyano,Guillermo Moyano,159
172125036134436,ConVocación por San Isidro,ConVocación por San Isidro,153
330826974479247,Live Ocean,These ads ran without a disclaimer,143
111669735076988,Hora Cero,Hora Cero Noticias,140
105070965806033,Académia épica,Académia épica,138
101349631999937,Noticias para el Cambio,Noticias para el Cambio,131
194659330554017,Mónica Fein,Monica Fein,125
940994859245169,Jimena Sosa,MST Movimiento Socialista de los Trabajadores,115
1453769238278093,Gastón Castagneto,Gastón Castagneto,115
589866887756301,Leandro González,Leandro González,112
1653293061570409,Federico Alesandri,Federico Alesandri,107
1605796496319696,Mariano Granato,Más para Santa Fe,107
378225769015907,Fundación Embajada Abierta,Fundación Embajada Abierta,105
1436040176529904,Noticias de Acá,comunicarg,103
392233100894603,Progresistas - Frente Amplio Progresista,Progresistas - Frente Amplio Progresista,103
125183747539071,Noticias Argentinas,Noticias Argentinas,103
113966001646171,Juan Pablo Poletti,Asociación Civil Crecer Santa Fe,101
441212389961966,Rita Sallaberry,Rita Sallaberry,101
103846469204203,La Ola Noticias,La Ola Noticias,≤100
101961091604984,Argmediosok,arg medios,≤100
109325525287424,Federico Reutemann,Federico Reutemann,≤100
113347327938892,Bullrichmania Argentina,Me&Bo Consultora,≤100
122115704210281,Maria Aparecida VS,These ads ran without a disclaimer,≤100
573018649750585,Ana Clara Romero,Ana Clara Romero,≤100
103021535961289,Cede,Cede,≤100
1408542766063285,Carla Carrizo,Carla Carrizo,≤100
106316152470254,Mariano Soria Senador,Mariano Soria,≤100
114163574254864,Fabio Ponce,These ads ran without a disclaimer,≤100
100551438373315,Gabriela Carpineti,Gabriela Carpineti,≤100
2030814540534311,Eduardo Solari,Eduardo Solari,≤100
115110241989476,Plus Informacion Noticias,Plus Informacion Noticias,≤100
114633994980734,La Libertad Avanza en Santa Fe,La Libertad Avanza,≤100
111492845540608,Fondo de Cultura Económica Argentina,Fondo de Cultura Económica Argentina,≤100
119518424464209,Recuperar Lanús,Recuperar Lanús,≤100
1605762606377464,Raúl Quintero 2023,Raúl Quintero 2023,≤100
106198024083548,César Simino,Cesar Simino,≤100
543106696185653,Lucas Simoniello,Lucas Simoniello,≤100
580745548972311,Política Funcional,Política Funcional,≤100
113384436026702,Caren Tepp,Ciudad Futura,≤100
572672609527991,Ramiro Fernández Patri,Ramiro Fernández Patri,≤100
104889931451565,Roberto José Notari,Roberto José Notari,≤100
219074291500100,Hugo Marcucci,Hugo Marcucci,≤100
555621834505567,Mara Amarilla,Mara Amarilla,≤100
149619018406294,Siglo XXI Editores Argentina,Siglo XXI Editores Argentina S.A.,≤100
106439208799632,Leandro Matilla,Leandro Matilla,≤100
564830380326427,Juan Carlos Polini,Polini,≤100
705172499580470,Gustavo Martinez,Gustavo Martinez,≤100
394167657275049,Mirtha Saenz Posticeria,These ads ran without a disclaimer,≤100
259700217384725,Le Monde diplomatique - Edición Cono Sur,Capital Intelectual S.A.,≤100
100801415767740,Ministerio Público Fiscal de Tucumán,Ministerio Publico Fiscal de Tucumán,≤100
233454334261427,Enzo Cornejo,Enzo Cornejo,≤100
193671924033178,El Argentino,Estudio AMBA SRL,≤100
108680032230430,Jorge Andrés Fernández,Elijo Hacer Santa Fe,≤100
857382087671921,Maxi Abad,radicalesorg,≤100
107796462136638,La República Noticias,La República Noticias,≤100
107533132202263,Paola Forcada,Paola Forcada,≤100
301506776559902,Gobierno de Córdoba,Gobierno de Córdoba,≤100
580745548972311,Política Funcional,Politica Funcional,≤100
133937418577537,Utopia Urbana,Utopía Urbana,≤100
233734300112003,Juan Monteverde,Ciudad Futura,≤100
428179387610545,Agenda Malvinas,Agenda Malvinas,≤100
218683311587619,Jorge Alberto Giorno,Jorge Alberto Giorno,≤100
142859462585480,Miguel Cappiello,Miguel Cappiello,≤100
628498977777284,El Continental,Periodico El Continental,≤100
795202843959456,El Disenso,El Disenso,≤100
100272671672857,Carlos Cisneros,Carlos Cisneros,≤100
105868508128629,60 segundos,60 Segundos,≤100
1454187574612516,Nazareno La Gamba,Nazareno La Gamba,≤100
827304387355478,Municipalidad de Ramallo,Municipalidad de Ramallo,≤100
304176325478,La Política Online,La Política Online,≤100
565548733496177,Álvaro González,Alvaro Gonzalez,≤100
104046341137293,Panorama Pais,Panorama Pais,≤100
106496695060694,Juntos UCR - Colón B.A.,Juntos UCR - Colón B.A.,≤100
295726953884916,OEI Argentina,OEI Argentina,≤100
102056511679155,José Voytenco,UATRE,≤100
858677804173509,Confederacion Intercooperativa Coninagro,Confederacion Intercooperativa Coninagro,≤100
143733009490022,Laburo por mi Barrio,Laburo por mi Barrio,≤100
316162098526825,Paso de la Patria Turismo,Municipalidad de Paso de la Patria,≤100
101134276336012,Fulvio Monti,Fulvio Monti,≤100
1592347714335353,Marina Magnani,Unidad Ciudadana Rosario,≤100
90148244993,Patricia Bullrich,Pro Nacional,≤100
1821508358130546,BAVSA,Buenos Aires Valores SA,≤100
102858281496444,Argentinos hoy,Argentinos hoy,≤100
211047755609903,Anibal Calafell,Anibal Calafell,≤100
109153788856285,OPM Consultora,OPM Consultora,≤100
110765275030031,Pedro Uliambre,Pedro Uliambre,≤100
1187338514630380,El rincón de Cris,El rincón de Cris,≤100
113945651294246,Guillermo Velasco,Guillermo Velasco,≤100
102242281637572,Luis Lopez ok,Luis Lopez ok,≤100
612685328766206,Brenda Austin,Brenda Austin,≤100
1523276221296810,Polo Obrero,Polo Obrero,≤100
1426373070912699,Cholila Online Portal de Noticias Digital,Cholila Online,≤100
710189803134791,Federico López,Federico López,≤100
1243208795706598,Diputado Eduardo Valdés,Diputado Eduardo Valdés,≤100
106467837769719,Andy Genna,Andy Genna,≤100
105166715290140,Momento Uno,Momento Uno,≤100
322851251594084,Partido Ciudadanos a Gobernar Chaco,Partido Ciudadanos a Gobernar Chaco,≤100
563327423719873,"Ernesto ""Tatú"" Bernabey","Ernesto ""Tatú"" Bernabey",≤100
111088925308367,Sergio Ontivero,Sergio Ontivero,≤100
433136076759972,Edhasa Argentina,Edhasa Argentina,≤100
178919202140944,Francisco Quintana,Francisco Quintana,≤100
370000636528251,Lucas Ventoso,Lucas Ventoso,≤100
1864777740419268,Facundo Barrios,Facundo Barrios,≤100
497026667090587,Darío Capitani,Darío Capitani,≤100
102570774863673,LOBBY,LOBBYEscuela,≤100
137071079685429,Secretaría de Turismo Villa Gesell,Secretaria de Turismo de Villa Gesell,≤100
1726365124243504,Clara García,Clara Garcia,≤100
279606178843976,Sebastián Artola,Sebastián Artola,≤100
100362469760809,Peronismo Catamarqueño,Peronismo en Catamarca,≤100
120578057709956,La Libertad Avanza en La Plata,La Libertad Avanza,≤100
111968678312534,Martin Carranza Torres,Martin Carranza Torres,≤100
112649870393407,Nelson Acuña,Nelson Acuña,≤100
1405120706440456,Conclusión,Diario Conclusión,≤100
104455719146837,El Meridiano,El Meridiano Noticias,≤100
112568371218904,cotycordobaacosta,These ads ran without a disclaimer,≤100
1420888611271339,Proyecto Deporte Solidario,Deporte Solidario,≤100
341154072731043,Naranja Telefonica,Naranja Telefonica,≤100
110020147835074,Muy Lanús,Muy Lanús,≤100
110619710625408,Marisa Carrillo,Marisa Carrillo,≤100
105166494637599,Tres60.travel,Tres60.travel,≤100
102261522451741,PJ Quilmes,PJ Quilmes,≤100
243046757636090,Malec.Digital,These ads ran without a disclaimer,≤100
348498375215969,Ricardo Buryaile,These ads ran without a disclaimer,≤100
1246840395341536,Organización Política Fe y Esperanza,Organización Política Fe y Esperanza,≤100
190356261138005,Leandro Zdero,Leandro Zdero,≤100
272580532767996,Cáritas Argentina,These ads ran without a disclaimer,≤100
154165617977336,El Destape,These ads ran without a disclaimer,≤100
109775248779722,Edgardo Julio Di Salvo,These ads ran without a disclaimer,≤100
233792609964941,Municipio de Esteban Echeverría,Municipio de Esteban Echeverría,≤100
348498375215969,Ricardo Buryaile,Ricardo Buryaile,≤100
105986212475496,Cecilia Carauni,Cecilia Carauni,≤100
137982309546526,Aida Ayala,Aida Ayala,≤100
120924647642888,Jorge Gabriel Guia,These ads ran without a disclaimer,≤100
2012521629032275,Luciana Rached,Luciana Rached,≤100
110632548677567,Juan Angel Almada,Juan Angel Almada,≤100
258209047989929,Fede Galeano,Fede Galeano,≤100
106473229131057,Osvaldo Biaggiotti,Osvaldo Biaggiotti,≤100
216505168500668,Juan Alvarez Pinto,Juan Alvarez Pinto,≤100
106716278920168,Noticias Argentinas,Noticias Argentinas Web,≤100
108079067629612,Jose Javier Galan,These ads ran without a disclaimer,≤100
525334380868858,Martín Lousteau,Fundación Lebensohn,≤100
103054299496218,Unión por la Patria Quilmes,Unión por la Patria - Quilmes,≤100
109084304251350,Javier Pascale,Javier Pascale,≤100
1538001533133129,Formosa tu Ciudad,Formosa tu Ciudad,≤100
114299924620455,Andrés Antonietti,Andrés Antonietti,≤100
699254193487823,Sebastián Cáceres,Sebastián Cáceres,≤100
1503926843230917,Cecilio Intendente,Cecilio Intendente,≤100
375850199231138,Pablo Garate,Somos Tres Arroyos,≤100
119783024456548,La Libertad Avanza en Rosario,La Libertad Avanza,≤100
109082455525604,Vanina Procopio,Procopio,≤100
105278792107500,Martin Rivas,Martin Rivas,≤100
115264534799880,Patricia Moreno,Patricia Moreno,≤100
112741258468553,juansmayor,These ads ran without a disclaimer,≤100
134762503224216,ABBRobotics,These ads ran without a disclaimer,≤100
208371683037269,NBCU Catalyst,These ads ran without a disclaimer,≤100
129265661330371,Daniel Vico,These ads ran without a disclaimer,≤100
101607198167304,Medthority,These ads ran without a disclaimer,≤100
199183900150149,Platzi,These ads ran without a disclaimer,≤100