﻿Page ID,Page name,Disclaimer,Amount spent (USD),Number of ads in Library
331095246920291,Sylvia Olayinka Blyden,Blyden Sylvia Olayinka,≤100,2
107410862226340,Make Africa Great Again,These ads ran without a disclaimer,≤100,1
107189862343343,Restoring Lives Liberia,These ads ran without a disclaimer,≤100,1
983135718420987,Visit Jiangsu,These ads ran without a disclaimer,≤100,1
200480966638039,Supremacy 1914,These ads ran without a disclaimer,≤100,2
117039841320523,Big Pink Youth Dialogue,These ads ran without a disclaimer,≤100,1
17043549797,MIT Technology Review,These ads ran without a disclaimer,≤100,1
576690225840098,Contending Modernities,These ads ran without a disclaimer,≤100,1
104151925811127,Mario Cartaya,These ads ran without a disclaimer,≤100,1
113084254966376,Eddie Maestas,These ads ran without a disclaimer,≤100,2
138756620064262,Fanack.com of the Middle East and North Africa,These ads ran without a disclaimer,≤100,1
106540078687090,Curiosity Mind,These ads ran without a disclaimer,≤100,1
105963665254430,魅力台州 Charm of Taizhou,These ads ran without a disclaimer,≤100,1
876457109153657,PMNCH,These ads ran without a disclaimer,≤100,1