﻿Page ID,Page name,Disclaimer,Amount spent (EUR)
1420588184916754,Aleksa Becic - Demokrate - Demokratska Crna Gora,Aleksa Becic - Demokrate - Demokratska Crna Gora,231
1437529949875716,Ujedinjena Crna Gora - Zvanična stranica,Ujedinjena Crna Gora - Zvanična stranica,227
100672909484442,Jakov Milatović,Jakov Milatovic,185
107633972588243,Milo Đukanović,DPS Crne Gore,157
100919256271184,Андрија Мандић - Andrija Mandić,Andrija Mandic,155
421528787908380,Centar za monitoring i istraživanje - CeMI,Centar za monitoring i istraživanje - CeMI,109
1262559373876915,Draginja Vuksanović,Socijaldemokratska partija Crne Gore - SDP CG,≤100
102730115711909,Pokret Evropa sad,Pokret Evropa sad,≤100
103656618479791,SNP CG - Socijalistička narodna partija Crne Gore,Marija Radinović,≤100
103757002580383,Sindikat Telekoma CRNE GORE,Sindikat Telekoma CRNE GORE,≤100
139420946128519,Centar za demokratsku tranziciju - CDT,Centar za demokratsku tranziciju - CDT,≤100
104932168863313,SkyShowtime,These ads ran without a disclaimer,≤100
106519341307340,Inicijativa Direktne Demokratije-IDD,Borislav Đurišić,≤100
313006358903165,Građanski pokret URA,Građanski pokret URA,≤100
103645778920740,Portal Dnevno,Portal Dnevno,≤100
252814308920994,Digital Forensic Center - DFC,Digital Forensic Center,≤100
291831471242238,Damir Šehović,Damir Šehović,≤100
106620772324031,Vladimir Martinović,Vladimir Martinovic,≤100
819639921464707,Socijaldemokrate Crne Gore,Socijaldemokrate Crne Gore,≤100
103575562072435,Raško Konjević,Socijaldemokratska partija Crne Gore,≤100
100628711754140,Nihad Canović,Nihad Canović,≤100
211681129037635,Portal Analitika,Portal Analitika,≤100
103588975196889,Stevan Katić - Demokrate Herceg Novi,Stevan Katic,≤100
463772493979276,Anuga FoodTec,These ads ran without a disclaimer,≤100
105527368523220,Anuga Horizon,These ads ran without a disclaimer,≤100
176104589110851,IEEE,These ads ran without a disclaimer,≤100