﻿Page ID,Page name,Disclaimer,Amount spent (PEN)
317113615022843,César Acuña,César Acuña,293
101665683225827,José Luna Gálvez - Pepe Luna,José Luna Gálvez - Pepe Luna,≤100
109019574560600,Aula Gaceta,Gaceta Consultores S.A.,≤100
264223880347121,Lampadia Oficial,LAMPADIA,≤100
103355117865907,Lo Que Está Pasando En Iquitos,Lo Que Está Pasando En Iquitos,≤100
462790453744032,Sutep,Sindicato Unitario de Trabajadores en la Educación del Perú - SUTEP,≤100
474392346103738,RCR Red de Comunicación Regional,Red de Comunicación Regional,≤100
321371311530345,Josue Figueroa,Josue Figueroa,≤100
104723341438240,EnRumbo Noticias,EnRumbo Noticias,≤100
576975992378878,Politicos Voluntarios DEL PERU,These ads ran without a disclaimer,≤100
104658568146925,Sindicato Nacional Unificado De Trabajadores De Derrama Magisterial,Sindicato Nacional Unificado De Trabajadores De Derrama Magisterial,≤100
102821341221925,CIED PERU Online,These ads ran without a disclaimer,≤100
112755042067857,Instituto Peruano de Economía - IPE,Instituto Peruano de Economía - IPE,≤100
109808225725403,DAR Perú,DAR Perú,≤100
150242128346693,SURA Latam,These ads ran without a disclaimer,≤100
121920741157559,Real Valladolid C.F. S.A.D,These ads ran without a disclaimer,≤100
125508350804506,Universidad Continental Posgrado,These ads ran without a disclaimer,≤100
121759302958701,René Chávez - El Médico del Pueblo,Somos Perú Loreto,≤100
103420486409595,SAMBITO,These ads ran without a disclaimer,≤100
457161944345756,Sawa Organization مؤسسة سوا,These ads ran without a disclaimer,≤100
142062936237878,Goberna,Goberna,≤100
235551359867840,CooperAcción,CooperAcción,≤100
106291508952013,Amigos de Palestina,These ads ran without a disclaimer,≤100