﻿Page ID,Page name,Disclaimer,Amount spent (EUR)
103176464853931,,Samira Birca,≤100
1827162984186887,Вячеслав Платон: за свободную Молдову.,TigerMedia,≤100
546014418784909,Renato Usatii-Ренато Усатый,Blocul Electoral Renato Usatii,≤100
1805726386405532,WatchDog.MD,WatchDog.MD,≤100
908402452570843,Partidul Acțiune și Solidaritate,Partidul Acțiune și Solidaritate,≤100
539563939519396,ASIST,ASIST,≤100
100816701776057,PAS Cahul,Partidul Politic Acțiune și Solidaritate,≤100
384273702007560,Nokta,Mihail Sirkeli,≤100
148909798467913,Partidul Social Democrat European,Partidul Social Democrat European,≤100
112352651471410,Morari.live,Morari.live,≤100
107157447604489,Ciobanu Vasile,Glada Bakesu,≤100
111916258189115,Poștașul,Postasul,≤100
160625514692148,StopFals.md,StopFals.md,≤100
1641823949368794,Partidul Național Moldovenesc,Partidul National Moldovenesc,≤100
101981982093235,AVA - TV,Andrei Andrievski,≤100
739189706285160,De facto: Ne apărăm de propagandă,De facto: Ne apărăm de propagandă,≤100
1697149123885498,Noi.md / Interviuri și analitica,NOI.md,≤100
160625514692148,StopFals.md,Asociația Presei Independente (API),≤100
229102168462310,Sondaje.md,Sondaje.md,≤100
155438574470276,DW українською,These ads ran without a disclaimer,≤100
214724523901,Asociatia ADEPT,ADEPT,≤100
114247604036354,Инфограф,These ads ran without a disclaimer,≤100