﻿Page ID,Page name,Disclaimer,Amount spent (TND)
107410862226340,Make Africa Great Again,These ads ran without a disclaimer,≤100
107847177821253,NOW الشرق,These ads ran without a disclaimer,≤100
146822255731958,Fast Travel Games,These ads ran without a disclaimer,≤100
472130523587683,Dhafer Sghiri - ظافر الصغيري,Dhafer Sghiri - ظافر الصغيري,≤100
103759516011919,Pierrelouispompanon.fr,These ads ran without a disclaimer,≤100
110486684822674,بلاصة لنادي باريس - Blassa L Club De Paris,These ads ran without a disclaimer,≤100
103553614349757,Hafryat plus,These ads ran without a disclaimer,≤100