﻿Page ID,Page name,Disclaimer,Amount spent (TND)
289397611132,Working Ranch Magazine,These ads ran without a disclaimer,≤100
100994765608411,INN WORD Revival Now,These ads ran without a disclaimer,≤100
127757937250301,German Information Centre Arab World - المركز الألماني للإعلام,These ads ran without a disclaimer,≤100
769095856453652,Axel Arigato,These ads ran without a disclaimer,≤100
1000192780013661,Imed Aouled Jebril,These ads ran without a disclaimer,≤100
517098898323855,Jeunes Leaders de Tunis - القيادات الشّابّة بتــونس,Jeunes Leaders de Tunis - القيادات الشّابّة بتــونس,≤100