﻿Page ID,Page name,Disclaimer,Amount spent (USD)
114008535880,Foundation for Individual Rights and Expression,FOUNDATION FOR INDIVIDUAL RIGHTS IN EDUCATION,2718
172758932738142,PhRMA,PHARMACEUTICAL RESEARCH AND MANUFACTURERS OF AMERICA,1865
113496178208014,Protecting Our Democracy,Protecting Our Democracy,1483
130268756992804,Yale Climate Connections,Yale Climate Connections with Facebook Ad Credits,867
309798029121030,Everytown for Gun Safety,Everytown for Gun Safety Action Fund Inc,699
6514736316,Walden University,Walden University,501
309308412520731,Sandy Hook Promise,Sandy Hook Promise,327
7030901126,Campaign for Tobacco-Free Kids,TOBACCO-FREE KIDS ACTION FUND,308
7030901126,Campaign for Tobacco-Free Kids,Campaign for Tobacco-Free Kids,279
262444352805,NJ Clean Energy,New Jersey Board of Public Utilities,262
85452072376,NEWSMAX,"NEWSMAX MEDIA, INC.",259
303374266418976,AFPM,American Fuel & Petrochemical Manufacturers,249
199504650087085,United,"UNITED AIRLINES, INC.",241
18982436812,ACLU,American Civil Liberties Union,230
108547455113940,Our America,Our America,224
57259033959,AARP,AARP,211
131730790498,Take Down Tobacco,Campaign for Tobacco-Free Kids,201
2353537341582545,Proud Patriots,Proud Patriots,198
314499212242,Pfizer,Pfizer Inc.,197
1669941646417657,Senior Choice Financial,Senior Choice Financial,185
100104419147228,Do Good Chicken,DO GOOD FOODS LLC,183
127225910653607,PragerU,PragerU,177
38471053686,Elizabeth Warren,"WARREN FOR SENATE, INC.",173
290142351936889,Patient Rights Advocate,PATIENT RIGHTS ADVOCATE INC,170
102281724942742,Affordable Energy for New Jersey,Affordable Energy for New Jersey,170
110126461838942,Jersey City Make It Better,Jersey City Make it Better,150
215968684159,AFT - American Federation of Teachers,American Federation of Teachers,144
92925746942,Judicial Watch,Judicial Watch,133
248539568517772,New Jersey League of Conservation Voters,NJ LEAGUE OF CONSERVATION,132
304600892905134,Hillsdale College Online Courses,HILLSDALE COLLEGE,131
385473284886474,Hillsdale College,Hillsdale College,130
1316372698453411,Alexandria Ocasio-Cortez,Alexandria Ocasio-Cortez for Congress,127
103175021296846,Save Our Planet,Sahak Nalbandyan,119
6041057841,The Humane Society of the United States,"HUMANE SOCIETY OF THE UNITED STATES, THE",109
15771560300,Earthjustice,EARTHJUSTICE,105
76470053424,TIAA,TEACHERS INSURANCE AND ANNUITY ASSOCIATION OF AMERICA,104
1973349156035030,New Jersey Children's Foundation,NJ Childrens Foundation,104
113891694102,Energy Citizens,AMERICAN PETROLEUM INSTITUTE,≤100
166618413413767,Jay Sekulow,American Center for Law and Justice,≤100
111106258469664,Sexual Abuse Claim Center,Tort Group LLC,≤100
8492293163,Environmental Defense Fund,Environmental Defense Fund,≤100
431891506856669,Dove,Unilever,≤100
7341997111,Conservation International,Conservation International,≤100
120778038066631,EveryLibrary,EveryLibrary,≤100
25852730092,Care2,"Care2.com, Inc",≤100
342294162453301,Planned Parenthood,Planned Parenthood Federation of America,≤100
153080620724,Donald J. Trump,TRUMP SAVE AMERICA JOINT FUNDRAISING COMMITTEE,≤100
570092813023833,Matt Walsh,The Daily Wire,≤100
104394262049761,Jeremy's Razors,The Daily Wire,≤100
10128918116,Gavin Newsom,Campaign for Democracy PAC,≤100
7292655492,MoveOn,MOVEON.ORG POLITICAL ACTION,≤100
38235851310,USA for UNHCR,UNITED STATES ASSOCIATION FOR UNHCR,≤100
659229570848902,Friends of Liberty State Park,Friends of Liberty State Park,≤100
109320440856128,Stand Up to Jewish Hate,"Foundation to Combat Anti-Semitism, Inc.",≤100
30139072158,CARE,CARE,≤100
9423488774,American Clean Power Association,American Clean Power Association,≤100
1210731362318596,Senator Joe Pennacchio,Senator Joe Pennacchio,≤100
338336725397,Jewish Federation of Greater MetroWest NJ,Jewish Federation of Greater Metrowest New Jersey,≤100
203197030603239,8 Billion Trees,8 Billion Trees LLC,≤100
1461100540775171,The Tuttle Twins,LIBERTAS INSTITUTE,≤100
18709174006,National Audubon Society,"NATIONAL AUDUBON SOCIETY, INC.",≤100
592707041080920,Stand Together,Stand Together Chamber of Commerce Inc.,≤100
408526523045391,Mammoth Nation,Mammoth Nation,≤100
333710103706307,GIFFORDS,Giffords,≤100
167555906615100,The Voice,"NBCUniversal, LLC",≤100
116434944725603,Margate Deserves Better,Margate Deserves Better,≤100
19746387261,Humane Society International,Humane Society International,≤100
23875187730,Feeding America,Feeding America,≤100
515208202285132,The Kelly Clarkson Show,"NBCUniversal, LLC",≤100
12566691349,Today Show,"NBCUniversal, LLC",≤100
161183970656851,Ruben Gallego,GALLEGO FOR ARIZONA,≤100
49651563727,Live Action,Live Action,≤100
72931140459,Center for Biological Diversity,"CENTER FOR BIOLOGICAL DIVERSITY, INC.",≤100
11791104453,NRDC,Natural Resources Defense Council,≤100
6204742571,Sierra Club,SIERRA CLUB,≤100
104895792494295,Josh Aikens for Assembly,JOSH AIKENS FOR ASSEMBLY,≤100
209516845093,NRDC Action Fund,NRDC Action Fund,≤100
40217893542,AIPAC,AIPAC,≤100
13885075114,Action Against Hunger USA,ACTION AGAINST HUNGER - USA,≤100
100992801635617,Conservative-American.org,Conservative American Strategies,≤100
925007000949719,ExxonMobil,EXXON MOBIL CORPORATION,≤100
1632814840319802,John Fetterman,Fetterman for PA,≤100
104809459160835,Queens Future,Queens Future,≤100
6236054211,Brady: United Against Gun Violence,Brady Campaign to Prevent Gun Violence,≤100
109092142462587,Adam Schiff,SCHIFF FOR SENATE,≤100
155363124486736,Steven Fulop,Election Fund of Steven Fulop 2021,≤100
121626482110,Operation Smile,OPERATION SMILE,≤100
1424003277893336,Allan Domb,Allan Domb for Philadelphia,≤100
47981429937,Jay Webber,Webber for Assembly,≤100
252814820267,HIAS,HIAS,≤100
15239367801,The Wilderness Society,"WILDERNESS SOCIETY, THE",≤100
70874333603,CatholicVote,catholicvote.org,≤100
200650357207240,I Love My Freedom,I Love My Freedom,≤100
2053678114723700,President Trump's Patriot Army,I Love My Freedom,≤100
159658557547960,Wall Street Journal Opinion,The Wall Street Journal,≤100
22067606728,Allen West,The Association of Mature American Citizens Inc,≤100
23875187730,Feeding America,FEEDING AMERICA,≤100
107764430968176,Tuttle Twins TV Show,"Tuttle Twins Show, LLC",≤100
8325302025,Friends of the Earth U.S.,Friends of the Earth,≤100
68680511262,NFL,NFL PROPERTIES LLC,≤100
100652668612020,Essential Plastics Coalition,"CENTER FOR CONSUMER FREEDOM, THE",≤100
106568024842114,Rideshare Assault Support,Citizen Ad Network LLC,≤100
51379424899,Mercy Ships,MERCY SHIPS INTERNATIONAL,≤100
315011462434889,Mike Testa,Testa for Senate,≤100
5647744585,PETA (People for the Ethical Treatment of Animals),"PEOPLE FOR THE ETHICAL TREATMENT OF ANIMALS, INC.",≤100
197760674021143,Indivisible Guide,INDIVISIBLE ACTION,≤100
104295601633638,American Cornerstone Institute,American Cornerstone Institute Inc,≤100
108925252480631,Echoes & Reflections,ANTI-DEFAMATION LEAGUE,≤100
7192716362,Amnesty International USA,"AMNESTY INTERNATIONAL OF THE U. S. A., INC.",≤100
29727753421,New Jersey Education Association,NEW JERSEY EDUCATION ASSOCIATION,≤100
689547608156721,The Burial Solution,The Burial Solution,≤100
103375628943529,Adam Frisch,Adam for Colorado,≤100
162678203751209,Gilead Sciences,GILEAD SCIENCES INC,≤100
108234044674806,Tom Mastrangelo,Friends of Tom Mastrangelo for Senator,≤100
19437978960,Chris Murphy,FRIENDS OF CHRIS MURPHY,≤100
7735858972,Humane Society Legislative Fund,Humane Society Legislative Fund,≤100
147368882623027,Black Futures Lab,Black Futures Lab,≤100
103588388469410,Disparity Trap,Disparity Trap,≤100
12375354406,USO,United Service Organizations,≤100
142432192446984,David Horowitz Freedom Center,David Horowitz Freedom Center,≤100
203805062990264,Ben Shapiro,The Daily Wire,≤100
216311481960,Bill Gates,Bill Gates,≤100
455362921562545,American Exploration & Production Council,American Exploration & Production Council Inc,≤100
580610428636345,Fight for $15,Fight for $15,≤100
376776419037747,Turning Point USA,"Turning Point USA, Inc.",≤100
103531607822207,Noticias para Inmigrantes,"Wise Rock Media, PBC",≤100
253115052027730,Trenton Water Works,Trenton Water Works,≤100
8934429638,Planned Parenthood Action,Planned Parenthood Action Fund,≤100
103695769458,United States Mint,United States Mint,≤100
154561574598964,White Coat Waste Project,THE WHITE COAT WASTE PROJECT INC,≤100
1435071773455316,Daily Wire,The Daily Wire,≤100
12301006942,Democratic Party,DNC SERVICES CORP./DEM. NAT'L COMMITTEE,≤100
21375324480,The Heritage Foundation,HERITAGE FOUNDATION (THE),≤100
105011228482985,"Zwicker, Freiman, and Drulis for the 16th Legislative District",16 District Democrats,≤100
40217893542,AIPAC,American Israel Public Affairs Committee,≤100
372577693078008,"Saenz-Garcia Law, PLLC","Saenz-Garcia Law, PLLC",≤100
103355385129734,The Climate Pledge,The Climate Pledge,≤100
61492859575,Americares,"Americares Foundation, Inc.",≤100
2245766435469741,Beersy,Beersy LLC,≤100
297987334762,Jamie Raskin,Jamie Raskin for Congress,≤100
23790541544,Democrats,DCCC,≤100
219242560293,Meals on Wheels America,Meals On Wheels America,≤100
104129018193122,Atalaya Armstrong the Advocate,Atalaya T Armstrong,≤100
104977525752112,Freedom of Patriots,Freedom of Patriots,≤100
34362997676,United States Holocaust Memorial Museum,UNITED STATES HOLOCAUST MEMORIAL MUSEUM,≤100
114710126648118,Republican Dogs,Republican Dogs,≤100
211227062315,The Rebovich Institute for New Jersey Politics,These ads ran without a disclaimer,≤100
149607228384141,America Needs Fatima,"American Society for the Defense of Tradition, Family and Property",≤100
120945717945722,Uber,Uber,≤100
106563958759988,Semafor,Semafor Inc.,≤100
6502038524,First Book,FIRST BOOK,≤100
1600352356914768,PushBlack,PushBlack,≤100
331037760381749,Sierra Magazine,SIERRA CLUB,≤100
104253615152700,America First Legal,America First Legal Foundation,≤100
25372476424,Best Friends Animal Society,BEST FRIENDS ANIMAL SOCIETY,≤100
2152371365037033,Aliados Adelante,AARP,≤100
428821014132730,Katie Porter,KATIE PORTER FOR SENATE,≤100
106315901551850,The U.S. Concealed Carry Association for Saving Lives,U.S. Concealed Carry Association For Saving Lives. Not Authorized By Any Candidate Or Candidate's Committee.,≤100
633318986770616,Rocket Money,These ads ran without a disclaimer,≤100
115497954825224,Galloway for District Judge,John Galloway,≤100
100403528653081,Punchbowl News,Punchbowl News,≤100
18356619353,The Academy of Natural Sciences,The Academy of Natural Sciences,≤100
11309713071,Gates Foundation,Bill and Melinda Gates Foundation,≤100
570953166908066,Vivek Ramaswamy,VIVEK 2024,≤100
292351509697,Jerusalem Prayer Team,Jerusalem Prayer Team,≤100
1196196390526965,Facebook Surveys,These ads ran without a disclaimer,≤100
107661474402498,Liberty Eagle Apparel,United Patriot,≤100
102232311550486,Equally Informed Philly,"Resolve Philadelphia, Inc",≤100
8047221596,Save the Children US,SAVE THE CHILDREN FEDERATION INC.,≤100
332979816450,Derek Armstead Mayor of Linden,Derek Armstead,≤100
29717379728,International Justice Mission,International Justice Mission,≤100
115379705206001,U.S. Department of Homeland Security Blue Campaign,U.S Department of Homeland Security Blue Campaign,≤100
126545090842652,Sean M. Spiller,Election Fund of Sean M. Spiller,≤100
86071521216,Second Amendment Foundation,SECOND AMENDMENT FOUNDATION INC,≤100
408250066356,Bill O'Reilly,"Bill Me, Inc.",≤100
100684991996307,November Coalition,NOVEMBER COALITION,≤100
108641741851973,Magic Valley Energy,Magic Valley Energy LLC,≤100
443329669123990,USAFacts,USAFacts Institute,≤100
1382441768496365,Pentair,PENTAIR,≤100
43005439032,American Diabetes Association,American Diabetes Association,≤100
145973965440671,Carnegie Corporation of New York,CARNEGIE CORPORATION OF NEW YORK,≤100
103496691094956,Freespoke,"FREEDOM FRIES, LLC",≤100
2188424341404612,Project Ready,Project Ready,≤100
103885799225717,Liberty Protector,Liberty Protector,≤100
107483817554072,WorkMoney,WorkMoney,≤100
27544763621,Prison Fellowship,Prison Fellowship,≤100
108268161352786,Stanley M. Herzog Foundation,Herzog Foundation,≤100
118903025362,FLOR,"FLOR, Inc.",≤100
83290028957,Care Net,CARE NET,≤100
100758682697459,Mayday Health,"Mayday Medicines, Inc.",≤100
112258312240526,Con Edison,"CONSOLIDATED EDISON COMPANY OF NEW YORK, INC.",≤100
1832744013698336,Mahogany Mommies,Mahogany Mommies,≤100
1338822066131069,Women's March,Women's March,≤100
15503839732,Peter G. Peterson Foundation,Peter G. Peterson Foundation,≤100
50982313030,Food & Water Watch,Food & Water Watch,≤100
125179374733697,Big News Buzz,Resource Media,≤100
36474716066,Color Of Change,ColorofChange.org,≤100
255062275778,Tim Tebow Foundation,TIM TEBOW FOUNDATION,≤100
112735922758892,Charlie Kirk,"Turning Point USA, Inc.",≤100
1012679305536045,Elissa Slotkin,Elissa Slotkin for Michigan,≤100
117437204982602,American Wild Horse Campaign,American Wild Horse Preservation Campaign,≤100
1476342155924546,Big Rig Threads,Big Rig T-Shirts and Decals LLC,≤100
1422313304490122,Madison Democratic Committee,Madison Democratic Committee,≤100
8501031021,VoteVets.org,VOTEVETS,≤100
110995164716250,Pitman Democratic Party,Pitman Democratic Party,≤100
5644748986,National Wildlife Federation,NATIONAL WILDLIFE FEDERATION,≤100
111318204826632,"Chila, Jefferson, Weng & Gattinelli for Gloucester County",Gloucester County Democratic Committee,≤100
6422138883,92nd Street Y,YOUNG MEN & YOUNG WOMENS HEBREW ASSOCIATION,≤100
1526736227567131,TrueCoverage,True Coverage,≤100
940653386126953,StandingWithYou.org,Standingwithyou.org,≤100
102487414911362,Stop AAPI Hate,Stop AAPI Hate,≤100
395387250536986,Janet for Justice,JANET FOR JUSTICE,≤100
1470540296409810,Fair Fight Action,FAIR FIGHT,≤100
163148530407080,Captain Mark Kelly,MARK KELLY FOR SENATE,≤100
45393753416,Alliance Defending Freedom,Alliance Defending Freedom,≤100
100122508275880,Manny Grova,Cristina Coll,≤100
1195497510633238,Maria for Philly,Friends of Maria,≤100
681626158940626,Mission Roll Call,Americas Warrior Partnership,≤100
583258211727279,Shai Fund,SHAI FUND INC,≤100
34661411150,AIDS Healthcare Foundation,AIDS HEALTHCARE FOUNDATION,≤100
267180743723148,National Geographic Society,National Geographic Society,≤100
201446296572389,Compassion in World Farming (USA),Compassion in World Farming Inc,≤100
24481937944,Theodore Roosevelt Conservation Partnership,"THEODORE ROOSEVELT CONSERVATION PARTNERSHIP, INC",≤100
214591635786953,Rx Access NJ,RX Access NJ,≤100
125769584126996,Yael Eckstein,"INTERNATIONAL FELLOWSHIP OF CHRISTIANS & JEWS, INC.",≤100
10498053716,Media Research Center,MEDIA RESEARCH CENTER,≤100
1428755447227803,Defend The Second,Next Level Goods,≤100
20787991568,Senate Democrats,DSCC,≤100
36872302227,Cory Booker,CORY BOOKER FOR SENATE,≤100
149220264647,ADL - Anti-Defamation League,Anti-Defamation League,≤100
104491841664875,Country First,"Country First Action, Inc.",≤100
100661921869056,New Yorkers for Responsible Gaming Inc.,New Yorkers for Responsible Gaming Inc.,≤100
89336510798,American Friends of the Hebrew University,American Friends of Hebrew University,≤100
786167111464006,Woodson Center,The Woodson Center,≤100
363451900358298,Phillips 66,Phillips 66 Company,≤100
140357056032320,NEA Today,National Education Association,≤100
148742625279219,BlocPower,"BlocPower, LLC",≤100
153446658100252,Lumina Foundation,Lumina Foundation,≤100
152264148166020,Moms Clean Air Force,Moms Clean Air Force,≤100
131306317680000,Social Goods,"Social Goods, LLC",≤100
124661730912889,Federal Law Enforcement Officers Association,Federal Law Enforcement Officers Association,≤100
555787351119974,Coalition to Protect America's Health Care,Coalition to Protect America’s Health Care,≤100
7145381235,American Jewish World Service - AJWS,"AMERICAN JEWISH WORLD SERVICE, INC.",≤100
142957224352,International Medical Corps,International Medical Corps,≤100
105561217523274,The Dispatch,"Dispatch Media, Inc.",≤100
105331908787374,Republican Accountability PAC,REPUBLICAN ACCOUNTABILITY PAC INC,≤100
197760674021143,Indivisible Guide,Indivisible Project,≤100
1163811040367180,Food & Water Action,FOOD & WATER ACTION,≤100
195620754724,Helping Hand USA,These ads ran without a disclaimer,≤100
108247581851552,Democracy Defense Fund,DEMOCRACY DEFENSE FUND,≤100
102420431749179,Raging Americans,Tomer Barazani,≤100
243184199040637,Caring Across Generations,Caring Across Generations,≤100
109819009036381,The New York Sun,NEW YORK SUN COMPANY LLC,≤100
945455208962159,For Everyone Collective,For Everyone Collective,≤100
105329414143779,Millennials for NJ,Millennials for NJ,≤100
711220648957902,Carly Paoli,These ads ran without a disclaimer,≤100
50822254585,Mountain States Legal Foundation,Mountain States Legal Foundation,≤100
100373975829221,Fòs Feminista Org,Fòs Feminista,≤100
110442961603215,Yikes Today,Tomer Barazani,≤100
1070343826414078,Lead Locally,Lead Locally,≤100
300992409852,Hoover Institution,Hoover Institution,≤100
107414074990650,Defense of Freedom Institute,"Defense of Freedom Institute for Policy Studies, Inc.",≤100
359477377917,American Federation for Children,American Federation for Children,≤100
19554217292,American Heart Association: You're the Cure,American Heart Association,≤100
393076844046051,Progressive Caucus,CONGRESSIONAL PROGRESSIVE CAUCUS PAC,≤100
102357696106202,Sarnoski for Assembly,Sarnoski for State Assembly,≤100
281844617168,Jewish Voice Ministries International,Jewish Voice Ministries International,≤100
134452023239984,Human Coalition,Human Coalition,≤100
101377869531038,Shirley For U.S. Senate,SHIRLEY FOR US SENATE,≤100
105454117977117,Voices for Consumer Choice,Voices for Consumer Choice,≤100
250485248333218,Clean Air Task Force,CLEAN AIR TASK FORCE,≤100
539236759575992,Lateefah Simon,Lateefah for Congress,≤100
102490504962117,Phade products,Phade products,≤100
101704558574021,Lucas Kunce,Lucas Kunce for Missouri,≤100
1958912674200535,The Pour Over,Pour Over,≤100
5720973755,Defenders of Wildlife,DEFENDERS OF WILDLIFE,≤100
107825281781412,finessedbysteve,These ads ran without a disclaimer,≤100
206052849902620,Intermountain Immigration,"Intermountain Immigration, LLC",≤100
936968016365794,The Eric Metaxas Radio Show,Salem Media,≤100
109352563640,Water.org,WATER.ORG INC.,≤100
102592959026,Ocean Conservancy,"OCEAN CONSERVANCY, INC.",≤100
226999127329906,New York Immigration Lawyer,Law Office of Alena Shautsova,≤100
115031433563622,Leading Ladies,BizPac Review,≤100
514359752072648,Assemblywoman Vicky Flynn,Vicky Flynn for Assembly,≤100
101432317199,Blue Cross and Blue Shield Association,BLUE CROSS AND BLUE SHIELD ASSOCIATION,≤100
95483488591,Democratic Party of Wisconsin,DEMOCRATIC PARTY OF WISCONSIN,≤100
355783211719644,Veteran Caregivers of America,"Veteran Caregivers, LLC",≤100
2321993584737314,The Markin Report,The Markin Report,≤100
108620667163768,For Our Future,Resource Media,≤100
1898234727131235,Reel America,BizPac Review,≤100
21242962092,ClientEarth,CLIENTEARTH USA INC,≤100
471928596287830,Brian Mast,Mast for Congress,≤100
182723117043,Chicago Council on Global Affairs,CHICAGO COUNCIL ON GLOBAL AFFAI,≤100
110624565660992,ZOE International,ZOE International,≤100
176099663659,Armed Services YMCA,ARMED SERVICES YMCA OF THE USA,≤100
24425672689,Museum of the City of New York,Museum of the City of New York,≤100
102027764795677,American Wire,BizPac Review,≤100
1475741622690913,New Jersey Organizing Project,New Jersey Organizing Project,≤100
711478725532801,Civiqs,Civiqs,≤100
576141372589729,Rebecca for Philadelphia,Rebecca for Philadelphia,≤100
7860876103,Joe Biden,DNC SERVICES CORP./DEM. NAT'L COMMITTEE,≤100
507070522767934,AACR Foundation,"AMERICAN ASSOCIATION FOR CANCER RESEARCH, INC.",≤100
645392368909975,carafem,carafem,≤100
104614641200137,MeidasTouch,MEIDASTOUCH,≤100
220873174076,Animal Equality,ANIMAL EQUALITY,≤100
508887815910815,BPR,BizPac Review,≤100
101090559295696,TPUSA Faith,TURNING POINT USA NFP,≤100
205795426669644,Facts and Logic about the Middle East,Facts and Logic About the Middle East,≤100
124924174551188,Awe Inspired,JILCO,≤100
102413723172970,Nick Adams,Nick Adams,≤100
8524198486,Physicians Committee for Responsible Medicine,"PHYSICIANS COMMITTEE FOR RESPONSIBLE MEDICINE, INC.",≤100
100388126216021,The Red Onlooker,Gregory Lawrence Burright,≤100
111824001908,Hakeem Jeffries,JEFFRIES FOR CONGRESS,≤100
169204449790211,Conservative News Today,BizPac Review,≤100
6240652407,Young America's Foundation,Young America's Foundation Inc,≤100
1731084720451495,Saprea,The Younique Foundation,≤100
108184308894653,Campaign for Democracy,Campaign for Democracy PAC,≤100
108293898875429,President Trump Supporters,I Love My Freedom,≤100
96935476345,Democratic Governors Association (DGA),"Democratic Action, democraticgovernors.org, not authorized by any candidate or candidate's committee.",≤100
101336841260036,The Christie Institute for Public Policy,The Christie Institute for Public Policy Inc.,≤100
118626774835274,Medicare Made Clear,Medicare Made Clear from United Healthcare,≤100
384006901653736,The Moore Charitable Foundation,Moore Charitable Foundation,≤100
113817908310335,Gene Talarico for Ocean Township Council,Eugene J Talarico,≤100
284293125336159,Regulatory Transparency Project,FEDERALIST SOCIETY FOR LAW & PUBLIC POLICY STUDIES,≤100
111356535223117,Ocean United,Ocean United,≤100
227594571444676,Building New York's Best,Carpenter Contractor Alliance of Metropolitan New York,≤100
19984154032,Great Performances l PBS,WNET,≤100
2602473023098666,Democratic Polling Center,Democratic Governors Association,≤100
111464544881905,America First News,Tomer Barazani,≤100
69983322463,Ted Cruz,TED CRUZ FOR SENATE,≤100
546066468753446,Black Health Matters,BLACK HEALTH MATTERS FOUNDATION INC,≤100
29934350147,Marketplace Business News,AMERICAN PUBLIC MEDIA,≤100
18079407397,CPAC,AMERICAN CONSERVATIVE UNION,≤100
240937060405,Center for Science in the Public Interest (CSPI),Center for Science in the Public Interest,≤100
8321461609,MomsRising.org,MomsRising Together,≤100
7962229886,Environmental Working Group,ENVIRONMENTAL WORKING GROUP,≤100
79125112926,Students for Life of America,"STUDENTS FOR LIFE OF AMERICA, INC.",≤100
367292494407,AJC - American Jewish Committee,AMERICAN JEWISH COMMITTEE,≤100
104142590938144,Jersey City Times,Jersey City Times LLC,≤100
100648379522602,Councilwoman Jaime Levine,Levine for Council,≤100
32682889528,U.S. Chamber of Commerce,The U.S. Chamber of Commerce,≤100
101069505589,American Association of Pro Life OB/GYNS,AAPLOG,≤100
21492729544,Catholic Relief Services,CATHOLIC RELIEF SERVICES - UNITED STATES CONFERENCE OF CATHOLIC BISHOPS,≤100
83865976093,Truthout,TRUTHOUT,≤100
18813753280,Human Rights Campaign,"HUMAN RIGHTS CAMPAIGN, INC.",≤100
101041998305221,The Proud Republicans,Tomer Barazani,≤100
407902639235640,JNS.org,Jewish News Syndicate,≤100
100739938987627,Kristen Pedersen for WWRSD Board of Education,Kristen Leigh Pedersen,≤100
182620315479,Plan International USA,Plan International USA,≤100
1546952572205770,UAE USA United,The Embassy of the United Arab Emirates,≤100
102047517918,The Commonwealth Fund,"COMMONWEALTH FUND, THE",≤100
102658018862855,Salem News Channel,Salem Media Group,≤100
5435784683,Greenpeace USA,"GREENPEACE, INC.",≤100
101391906600,Live Action News,Live Action,≤100
127276773973529,SEVA FOUNDATION,Seva Foundation,≤100
340528409646227,Consumer Action for a Strong Economy,CASE for Consumers,≤100
101330089548224,John Burrows for Congress,John Burrows for Congress,≤100
102748688472759,Parents Defending Education,Parents Defending Education,≤100
112339644228184,Next Chapter Podcasts,"Next Chapter Podcasts, LLC",≤100
40102638699,J Street,J STREET INC,≤100
282728185140429,Rep For Vets,The Rep For Vets,≤100
299295363912730,New Politics Leadership Academy,New Politics Leadership Academy,≤100
428330877769054,Ask Anything,Ask Anything,≤100
28446275521,Military Officers Association of America (MOAA),Military Officers Association of America,≤100
1313225945390991,Jefferson Township Democratic Committee,Jefferson Township Democratic Committee,≤100
160630887998827,Let Them Live,Oliver Harrison  Berning,≤100
238473269650980,Capital & Main,CAPITAL & MAIN,≤100
43934405787,IPPF,International Planned Parenthood Federation Worldwide Inc,≤100
128167457221813,Public Transportation,Voices for Public Transit,≤100
1013304945470529,My Pride Apparel,My Pride Apparel,≤100
102204903345,The Vilcek Foundation,"VILCEK FOUNDATION, INC., THE",≤100
147236955390302,Best Lawyers,BL RANKINGS LLC,≤100
100119981671668,Blue Senate,BLUE SENATE PAC,≤100
201956993160690,MRCTV,MEDIA RESEARCH CENTER,≤100
110712318266293,Jess Blubaugh for KC,Jess Blubaugh for KC,≤100
17382403969,"The Lesbian, Gay, Bisexual & Transgender Community Center","LESBIAN & GAY COMMUNITY SERVICES CENTER, INC.",≤100
109812555237073,Diana For Denver,Diana For Denver,≤100
137918019584028,Starfish Project,"STARFISH PROJECT, INCORPORATED",≤100
107008774760761,Color Us United,Color Us United,≤100
265763397472,Duo Security,These ads ran without a disclaimer,≤100
357750373755,National Domestic Workers Alliance,National Domestic Workers Alliance,≤100
6787988478,Physicians for Human Rights,"PHYSICIANS FOR HUMAN RIGHTS, INC.",≤100
101716172441500,Brennan Center en Español,"WILLIAM J. BRENNAN CENTER FOR JUSTICE, INC.",≤100
101538212187943,National Basketball Social Justice Coalition,National Basketball Social Justice Coalition,≤100
310925405807,Citizens Climate Lobby,Citizens' Climate Lobby,≤100
6165653060,AFSCME,AMERICAN FEDERATION OF STATE COUNTY & MUNICIPAL EMPLOYEES,≤100
58736997707,Marco Rubio,Rubio Victory Committee,≤100
115415064388243,Brett Cooper,The Daily Wire,≤100
524399207959953,Truth & Liberty Coalition,Truth & Liberty Coalition,≤100
100740713805855,Carla Spalding for Congress,Carla Spalding for Congress,≤100
21090771700,Gun Owners of America,Gun Owners of America,≤100
48994809349,Ms. Foundation for Women,MS FOUNDATION FOR WOMEN INC,≤100
153278754738777,Climate Reality,The Climate Reality Project,≤100
82106496620,AARP New York,AARP,≤100
317284821682168,Messianic Jewish Alliance of America (MJAA),Messianic Jewish Alliance of America,≤100
199891603386344,Common Ground Committee,Common Ground Committee,≤100
85273022315,NAMI,NAMI,≤100
999556810102061,Signature Seas,Signature Seas,≤100
109118211910879,Mr. 45,Green Straw LLC,≤100
466164103423147,Thorn,Thorn,≤100
166060673456299,League of Women Voters of Wisconsin,LEAGUE OF WOMEN VOTERS OF WISCONSIN INC,≤100
105627742460145,Tobacco Kills NY,TOBACCO-FREE KIDS ACTION FUND,≤100
106756325309633,Carlos Santos,Carlos for commissioner,≤100
106608038931801,Loyal Patriots,Loyal Patriots,≤100
89773793450,Conference on Crimes Against Women,"CONFERENCE ON CRIMES AGAINST WOMEN, INC.",≤100
15041226930,Oxfam,"OXFAM AMERICA, INC.",≤100
24330467048,Americans for Prosperity,AMERICANS FOR PROSPERITY,≤100
690457604737953,Independent Colleges and Universities of Florida - ICUF,ICUF,≤100
108266445888054,Patriot Academy,TORCH OF FREEDOM FOUNDATION,≤100
51405613519,Focus on the Family,Focus on the Family,≤100
160005659383,PreBorn,"MISSION: PRE-BORN, INC.",≤100
116546288359245,Heritage Action for America,HERITAGE ACTION FOR AMERICA,≤100
130945114804,World Jewish Congress,WORLD JEWISH CONGRESS AMERICAN SECTION INC,≤100
63147166713,Proverb,These ads ran without a disclaimer,≤100
173896102623920,Old Row,Old Row,≤100
1883837055193241,Shield Republic,Shield Republic,≤100
102136396059924,Parks Over Politics,Carmella A Eldridge,≤100
104657602040321,Truth Media,Truth Media,≤100
63240625785,National Immigration Forum,NATIONAL IMMIGRATION FORUM,≤100
8895898655,Rainforest Alliance,"RAINFOREST ALLIANCE, INC.",≤100
100625769477485,Border Security Alliance,Border Security Alliance,≤100
14957887077,Freedom House,"FREEDOM HOUSE, INC.",≤100
124506846628,Agape International Missions,AGAPE INTERNATIONAL MISSIONS,≤100
104908071917505,Welcome.us,Welcome.us,≤100
104721922541733,Nuclear Now,Nuclear Now,≤100
97624620788,American Friends of Magen David Adom,AMERICAN FRIENDS OF MAGEN DAVID ADOM,≤100
1593518174052711,Candace Owens,The Daily Wire,≤100
788559044606908,America Forward,NEW PROFIT INC,≤100
158505287559920,Save the Storks,Save the Storks,≤100
143096702428076,"Orange and Rockland Utilities, Inc.",Orange & Rockland Utilities Inc,≤100
302103665493,Catholic Charities of New York,Catholic Charities Archdiocese of New York,≤100
103648802451237,Fair Courts America,Fair Courts America,≤100
323083351064533,The News Literacy Project,The News Literacy Project,≤100
18983389920,Open Society Foundations,Open Society Foundations,≤100
458142697588014,AARP Public Policy Institute,AARP,≤100
6756153498,Mike Bloomberg,Bloomberg Philanthropies,≤100
261951940219,Goldman Environmental Prize,Goldman Environmental Foundation,≤100
112062103882377,Florida Consumer Alliance,Florida Consumer Alliance,≤100
518194348194441,RepresentUs,RepresentUs,≤100
102680472744564,EasyHealth,EasyHealth,≤100
168876449866088,The Years Project,THE YEARS PROJECT,≤100
105173311888160,Star and Bar,Star and Bar,≤100
238348260390644,The Brigid Alliance,"BRIGID ALLIANCE, THE",≤100
318691681482265,Liberty Justice Center,Liberty Justice Center,≤100
657708380952174,Voices of the Civil Rights Movement,Comcast,≤100
104631299194819,Love Loyalty Honor,Love Loyalty Honor,≤100
1226257404067392,Floridians for Government Accountability,"FLORIDIANS FOR GOVERNMENT ACCOUNTABILITY, INC.",≤100
503499229999618,Serena Gonzales-Gutierrez,Serena for Denver,≤100
60261764250,Childhelp,"CHILDHELP, INC.",≤100
114301413446447,The Climate Initiative,Kennebunkport Climate Initiative,≤100
16900111951,National Organization for Women (NOW),NATIONAL ORGANIZATION FOR WOMEN,≤100
1165715730222155,Consumer Choice Center,Consumer Choice Center,≤100
5943727453,American Humane,American Humane,≤100
102747582433733,Shared Influence,THE PUBLIC GOOD PROJECTS INC,≤100
108118933908193,Next Level Goods,NextlevelGoods LLC,≤100
11602044174,Independent Women's Forum,Independent Women's Forum,≤100
109866370700481,PushBlack Finance,PushBlack,≤100
168109446538119,St. Martin's Press,Macmillan Publishing,≤100
147523538641547,Capitol Ministries,CAPITOL MINISTRIES,≤100
301297096644634,UIC Urban Forum,University of Illinois Chicago,≤100
1526707030943680,Phoenix Dream Center,City Help Inc of Phoenix dba Phoenix Dream Center,≤100
108179361951729,Republican Patriots,Tomer Barazani,≤100
100357453023661,Stephen Reid for Point Pleasant Beach Mayor,Committee to Elect Stephen Reid Mayor,≤100
8002590959,Rainforest Action Network - RAN,RAINFOREST ACTION NETWORK,≤100
121268821249550,World Central Kitchen,World Central Kitchen,≤100
118510457803652,Images we see,Aruna Sankaranarayanan,≤100
101224002310757,Seven Weeks Coffee,Seven Weeks Coffee,≤100
165987503528599,Lindsey Graham,"TEAM GRAHAM, INC.",≤100
16317479654,Deseret News,Deseret News,≤100
104979848524405,Starts With Us,Lubetzky Family Foundation,≤100
104981939210693,Clayton Keirns,I Love My Freedom,≤100
169687486427698,Jentezen Franklin,FREE CHAPEL WORSHIP CENTER,≤100
69347890321,2U,"2U, Inc.",≤100
100712889249331,Health Equity Coalition for Chronic Disease,Health Equity Coalition for Chronic Disease,≤100
13867925345,Equality Florida,Equality Florida,≤100
16534314739,Facing History and Ourselves,"FACING HISTORY AND OURSELVES NATIONAL FOUNDATION, INC.",≤100
169042736456594,All Out,All Out Action Fund.,≤100
1341543769290478,Kathy Manning,Kathy Manning for Congress,≤100
125937197447634,ACTA - American Council of Trustees and Alumni,AMERICAN COUNCIL OF TRUSTEES AND ALUMNI,≤100
337038226473839,Trish Regan,"SALEM MEDIA GROUP, INC.",≤100
417522508294454,Job Creators Network,Job Creators Network,≤100
12357407443,American Friends Service Committee,AMERICAN FRIENDS SERVICE COMMITTEE,≤100
290548664672,First Liberty Institute,First Liberty Institute,≤100
59543893235,National Constitution Center,National Constitution Center,≤100
107454490912636,Jewish Future Pledge,Jewish Future Pledge Inc,≤100
983629811723932,Home Title Lock,Home Title Lock,≤100
164049599660,Catholic Relief Services en español,CATHOLIC RELIEF SERVICES,≤100
349800859019034,The 19th News,The 19th,≤100
103648168940978,Help Ukrainian Hospitals,"Help Ukrainian Hospitals, Inc",≤100
345378512258813,Elise Stefanik,TEAM ELISE,≤100
181924628560212,Ekō,Ekō,≤100
464998390249008,The Independence Fund,"INDEPENDENCE FUND, INC, THE",≤100
290851614930809,Combat AntiSemitism,Combat Hate Foundation,≤100
49275915266,MSI Reproductive Choices,MSI-US,≤100
103875099042033,DailyWire+,The Daily Wire,≤100
186977768011413,Ironworkers Rising,"International Association of Bridge, Structural, Ornamental, and Reinforcing Iron Workers",≤100
389096331144686,Friends of Sinn Féin USA,FRIENDS OF SINN FEIN INC,≤100
7606381190,Amy Klobuchar,KLOBUCHAR FOR MINNESOTA,≤100
183178002499514,Niamh M Middleton,Niamh M Middleton,≤100
134307742932,The New York Landmarks Conservancy,NEW YORK LANDMARKS CONSERVANCY INC,≤100
126893748252841,American Firearms Association,American Firearms Coalition,≤100
497348647140658,Point Source Youth,Point Source Youth,≤100
271453369908901,FLAG  - Foundation for Liberty and American Greatness,Tomer Barazani,≤100
100913694925880,"Akalan Law Firm, PLLC","Akalan Law Firm, PLLC",≤100
40755480179,Students For Liberty,STUDENTS FOR LIBERTY INC,≤100
20082123510,The New York Jewish Week,JTA-MJL NEW CORP.,≤100
2254455051442790,Flag and Cross,Flag & Cross,≤100
21400489905,Venice Family Clinic,Venice Family Clinic,≤100
112040085538227,Denver Elections,Denver Elections Division,≤100
132766376763861,I Make America,Association of Equipment Manufacturers,≤100
1534290989956166,Philanthropy Roundtable,"PHILANTHROPY ROUNDTABLE, THE",≤100
101717572423510,Protect Your Pay RI,Protect Your Pay RI,≤100
632148123662174,Vineland City,City of Vineland,≤100
100844218662982,Respect The Look Trends,Respect The Look Trends,≤100
199628561213,Nicholas J. Sacco,Nick Sacco for Mayor,≤100
16477459734,League of Conservation Voters,"LEAGUE OF CONSERVATION VOTERS, INC",≤100
109599248636777,Consumer Credit Card Protection Coalition,CONSUMER CREDIT CARD PROTECTION COALITION,≤100
109716011638325,Jane Fonda Climate PAC,JANE FONDA CLIMATE PAC,≤100
2070944712939738,American Police Officers Alliance,American Police Officers Alliance,≤100
304842759546695,Brooklyn Institute for Social Research,Brooklyn Institute for Social Research,≤100
128904330509898,The University of Chicago Harris School of Public Policy,The University of Chicago Harris School of Public Policy,≤100
801419943264962,BLM Wild,BLM Wild,≤100
107108722266297,Stephen Baratta for Northampton County District Attorney,Friends of Stephen Baratta,≤100
215479992305641,Becoming Young,Becoming Young,≤100
105070129182164,The Wisconsin Independent,American Independent Media,≤100
276436719261,Riverkeeper,RIVERKEEPER INC,≤100
105861441295494,97Percent,97PERCENT ORG INC,≤100
313723095478950,Daily Citizen,Focus on the Family,≤100
46347342434,EMILY's List,EMILY'S LIST,≤100
111380958315889,Secure Financial Future,INVESTMENT COMPANY INSTITUTE,≤100
101783516125013,Jodi Habush Sinykin for State Senate,Jodi for Senate,≤100
74470852653,Mike Pompeo,Champion American Values PAC,≤100
108913648781152,Hardworking Americans,Hardworking Americans Inc,≤100
505653766599222,America First with Dr. Sebastian Gorka,Salem Media,≤100
9694956217,Animal Legal Defense Fund,ANIMAL LEGAL DEFENSE FUND,≤100
108195782209609,Pennsylvania Rising,Pennsylvania Rising,≤100
417709355647,The Lynde and Harry Bradley Foundation,"LYNDE AND HARRY BRADLEY FOUNDATION, INC., THE",≤100
458643554482238,Uri Velez La Sra de los Seguros,Euridis Velez,≤100
103552914774916,Science Moms,Potential Energy Coalition Inc,≤100
132066233534659,Healthcare Education Project,Healthcare Education Project,≤100
349068689306,Tim Scott,Tim Scott for Senate,≤100
259351004139042,Ashbrook Center,Ashbrook Center,≤100
34401444206,Socially Responsible Agriculture Project,SOCIALLY RESPONSIBLE AGRICULTURAL PROJECT,≤100
6333396177,NewsBusters.org,MEDIA RESEARCH CENTER,≤100
397207347056799,Voices for Healthy Kids,AMERICAN HEART ASSOCIATION INC,≤100
130268756992804,Yale Climate Connections,Yale Climate Connections,≤100
19342050934,Leadership Institute,LEADERSHIP INSTITUTE INC,≤100
187850809456,PSEA - PA State Education Association,PENNSYLVANIA STATE EDUCATION ASSOCIATION,≤100
101674425989138,MIT Economics Survey on Climate Change,"MIT Climate Change Survey, MIT Department of Economics",≤100
451075468389015,Donald Trump Is My President,Donald Trump Is My President,≤100
112364384923739,"McCaskill for Mayor Harvey, IL 60426",Friends of Anthony L McCaskill,≤100
164966660351345,Hope Outfitters,Hope Outfitters,≤100
71324717432,National Association of Scholars,NATIONAL ASSOCIATION OF SCHOLARS,≤100
470369419784714,Nick Palmisciano,Nick Palmisciano,≤100
100607179026941,Of Thee I Sing 1776,Harold Gershowitz,≤100
101791315693,Destiny Rescue,"Destiny Rescue International, Inc.",≤100
175403889150682,FindLaw.com,FindLaw Consumer,≤100
14038292386,Women for Women International,WOMEN FOR WOMEN INTERNATIONAL,≤100
661744180680367,National Police Association,"NATIONAL POLICE ASSOCIATION, INC.",≤100
101670979560788,Reel Police,BizPac Review,≤100
101294929460167,Missourians for Fair Legal Funding,Missourians for Fair Legal Funding,≤100
104092062075803,USA Jolt,"Jolt Media, Inc.",≤100
170491079663777,The Sentencing Project,"SENTENCING PROJECT INC, THE",≤100
104377641671195,Salem Podcast Network,Salem Media,≤100
102868946106278,Reel Congress,BizPac Review,≤100
102690866011279,Meghna Bansal,Meghna for Council,≤100
279890513018,Islamic Networks Group - ING,"ISLAMIC NETWORKS, INC.",≤100
635038436602528,Helen Gym,FRIENDS OF HELEN GYM,≤100
164498676940373,American Masters,WNET,≤100
105522602483398,Breaking News Alert,VIP Ad Solutions LLC,≤100
108512875350,The Atlas Society,The Objectivist Center Ltd,≤100
115884638480227,Committee for Frank Pintabone,Committee for Frank Pintabone,≤100
60182072999,Lila Rose,Live Action,≤100
110291618597474,Asma Akhras for D86,Asma Akhras for D86,≤100
1590877284560136,Patti Harris,Bloomberg Philanthropies,≤100
125120044171675,"City of Lancaster, CA – Government","LANCASTER, CITY OF",≤100
8550121410,Free Speech America Project,MEDIA RESEARCH CENTER,≤100
90209763480,The Federalist Society,The Federalist Society,≤100
19420215926,CNSNews.com,MEDIA RESEARCH CENTER,≤100
429851780486352,Old Astoria Neighborhood Association,OLD ASTORIA NEIGHBORHOOD ASSOCIATION INC.,≤100
91346559231,Democratic Legislative Campaign Committee - DLCC,Democratic Legislative Campaign Committee,≤100
1557434891170862,Derek Green,GREEN FUND,≤100
80060992758,Center for Food Safety,"CENTER FOR FOOD SAFETY, THE",≤100
97466887664,Innocence Project,"INNOCENCE PROJECT, INC., THE",≤100
108537340548276,"Haiku, Inc.",Kyle Reyes,≤100
234744096655497,Alliance For Early Success,Alliance for Early Success,≤100
314964416195,American Seniors Association,AMERICAN SENIOR ASSOCIATION,≤100
291102898490822,Conservative Comedy Store,Conservative Comedy Store,≤100
104237051371667,Fandiem,Fandiem Inc,≤100
294508332028,Lakota People's Law Project,ROMERO INSTITUTE,≤100
142474049098533,Robert Reich,Inequality Media,≤100
100158948453494,Lars for President,LARS MAPSTEAD FOR PRESIDENT,≤100
97279934919,bp America,BP CORPORATION NORTH AMERICA INC.,≤100
102142101657930,OurFight.online,Our Fight Inc,≤100
667568823434660,Bikers CARE,"BIKERS C.A.R.E., INC.",≤100
109526232935380,Synthisophy,Synthisophy,≤100
108922835804179,Christian Healthcare Ministries,These ads ran without a disclaimer,≤100
109287838373543,Shannon Loves District 10,Shannon Loves D10,≤100
896759427103774,Modern Medicaid Alliance,Modern Medicaid Alliance,≤100
105636298430333,MVPD PBA President,Nicholas Mastrogiorgio,≤100
103851532013523,Policyfetch.com,Quantum Digital Media Inc,≤100
42590232694,CAIR,"CAIR-FOUNDATION, INC.",≤100
108733284000016,Oklahoma Families for Affordable Health Care,Oklahoma Families for Affordable Health Care,≤100
251734676525,Kevin Cramer,CRAMER FOR SENATE,≤100
431019887282794,Tomorrow's World Today,Flying Cork,≤100
112775848387955,Data for Society Research,The University of Chicago,≤100
103546351703577,Dallas Express,Dallas Express Media,≤100
166451843389178,Maryland CASA Association,MARYLAND CASA ASSOCIATES,≤100
101930385197156,Alianza Center,"Alianza Center, Inc.",≤100
110316380149,Family Policy Alliance,Family Policy Alliance,≤100
20603236087,Love146,"LOVE146, INC.",≤100
104396194587918,C3 Solutions,Conservative Coalition for Climate Solutions,≤100
169668596476550,AFSCME en Español,AMERICAN FEDERATION OF STATE COUNTY & MUNICIPAL EMPLOYEES,≤100
7515233409,"Mikey Weinstein, MRFF",MILITARY RELIGIOUS FREEDOM FOUNDATION,≤100
332671562949,Diversey,"Diversey Holdings, LTD.",≤100
302111635698,National Association of Tax Professionals (NATP),National Association of Tax Professionals,≤100
133937690180,Student Conservation Association,Student Conservation Association,≤100
113299417183014,Sai Bhargavi Akiri for BH Board of Ed,Saibharga Akiri,≤100
300341323465160,The Daily Signal,HERITAGE FOUNDATION (THE),≤100
106222134809638,"Elite Noire, Inc.",ELITE NOIRE INC,≤100
106582384539447,Design for Freedom by Grace Farms,"GRACE FARMS FOUNDATION, INC.",≤100
111081704411633,Vince Polistina,Polistina for Senate,≤100
106893981453425,Future of Cities,FOC FUND MANAGER QOZB LLC,≤100
1050320055029012,Outrider Foundation,OUTRIDER FOUNDATION INC,≤100
401240226922554,VoLo Foundation,VoLo Foundation,≤100
1949064322040283,Principles,"Principles, LLC",≤100
114513494875415,America's Freedom Page,USA Features Media LLC,≤100
101159132929750,Civic Roots Foundation,Civic Roots Foundation Inc.,≤100
101761126009518,Patriotic Army,Tomer Barazani,≤100
1715411108562631,Laflore Paris,These ads ran without a disclaimer,≤100
118385911198439,Trending Politics News,I Love My Freedom,≤100
110141585152783,Mike Eulitz City Council District 1,Committee to Elect Mike Eulitz,≤100
100806242836871,Preservation Pause,University of Arizona Indigenous Peoples Law and Policy Program,≤100
64974200999,America-Israel Friendship League,AMERICA-ISRAEL FRIENDSHIP LEAGUE,≤100
7219151423,The Fund for American Studies (TFAS),FUND FOR AMERICAN STUDIES,≤100
107982435348903,Cody Hendricks for Bloomington Ward 6,Friends of Cody Hendricks,≤100
118283728182293,SEIU Healthcare IL & IN,SEIU Healthcare Illinois Indiana PAC,≤100
331216390906913,Betterbrand,These ads ran without a disclaimer,≤100
17203056985,Partners In Health,Partners In Health,≤100
96935476345,Democratic Governors Association (DGA),Democratic Governors Association,≤100
84645912778,Prosperity Now,PROSPERITY NOW,≤100
11111618026,Union of Concerned Scientists,"UNION OF CONCERNED SCIENTISTS, INC.",≤100
673667436317733,Texas Consumer Association,Texas Consumer Association,≤100
142474049098533,Robert Reich,Inequality Media Civic Action,≤100
104728131848361,Offshore Wind For North Carolina,Southeastern Wind Coalition,≤100
40032861193,ACLU of Indiana,INDIANA CIVIL LIBERTIES UNION INC,≤100
80770833881,Eagles' Wings,EAGLES' WINGS MINISTRIES,≤100
30914589895,The International Fellowship of Christians and Jews,INTERNATIONAL FELLOWSHIP OF CHRISTIANS & JEWS INC,≤100
183165025062107,The TESA Collective,"The Toolbox for Education and Social Action, Inc",≤100
6334782252,Oceana,OCEANA INC,≤100
38882699096,Polaris,POLARIS PROJECT,≤100
59200185321,Missouri National Education Association,Missouri National Education Association,≤100
109521013225,Nikki Haley,Nikki Haley for President,≤100
103376804451432,Trending Politics,I Love My Freedom,≤100
108379888448176,Crispin4KC,Committee to Elect Crispin Rea,≤100
178700205665083,FamilyLife Blended,CAMPUS CRUSADE FOR CHRIST INC,≤100
105941575697608,Conservative,Tomer Barazani,≤100
497949630282962,Retirement Specialty Group,Retirement Specialty Group,≤100
9364828262,Citizens Against Government Waste,CITIZENS AGAINST GOVERNMENT WASTE,≤100
257045211013828,San Antonio Spurs Pro,These ads ran without a disclaimer,≤100
30618466815,Pacific Legal Foundation,Pacific Legal Foundation,≤100
108731490859583,America's Work Force Union Podcast,"Bortini Management Associates, Inc.",≤100
112345611796763,Donald Trump Voters,I Love My Freedom,≤100
107064011602890,The American Idea Podcast,Ashbrook,≤100
103001002005081,PublicSq,PublicSq.,≤100
27311599342,Preemptive Love,Preemptive Love Coalition,≤100
333202116772916,Passaic County Democrats,Passaic County Democratic Committee,≤100
109585095231048,Vote Yes for Unit 5,Yes for  Unit 5,≤100
104107455066450,Russell Cohen on moderation in public policy,Howard Cohen,≤100
2361139837508625,Animal Victory,"One Red Lion, Inc DBA Animal Victory",≤100
117592091643709,Tree of Life Ministries｜Evangelism in Israel,Tree of Life Ministries,≤100
339432396135584,The Exodus Road,The Exodus Road,≤100
232467307162583,Farm Action,Family Farm Action,≤100
287754774569171,Americans for Prosperity-Montana,AMERICANS FOR PROSPERITY,≤100
193861605858,Buffalo Field Campaign,BUFFALO FIELD CAMPAIGN,≤100
359560497939415,Re-Elect Chief Hoskin and Deputy Chief Warner,Hoskin Warner,≤100
94595460445,Personal PAC,PERSONAL PAC INC,≤100
830162603716633,Andy Beshear,Andy Beshear for Governor,≤100
628423320573742,Vote Run Lead,VOTERUNLEAD,≤100
190037676426,Women's Advocates,Women's Advocates,≤100
1374906906166064,The Policy Circle,The Policy Circle,≤100
107409909326665,Stephen Wise Free Synagogue,"WISE, STEPHEN FREE SYNAGOGUE",≤100
588493257914732,Dennis Teehan Dedham Selectboard,Committee To Elect Dennis Teehan,≤100
101590744657599,Kim Walz for 46th Ward Alderwoman,Friends of Kimberly Walz,≤100
18017481462,Acton Institute,Acton Institute,≤100
181189746518,Forgotten Harvest,Franco,≤100
85252863415,National Latina Institute for Reproductive Justice,NATIONAL LATINA INSTITUTE FOR REPRODUCTIVE HEALTH,≤100
116139428050914,The Retort Report,Todd James Peterson,≤100
102579112455934,Making The Leap Podcast,Stanley M. Herzog Charitable Foundation,≤100
158689780839317,vegan,Eugene Khutoryansky,≤100
108282964389713,"Greater St. Louis, Inc.","Greater St. Louis, Inc.",≤100
1418081008242531,Hey Alma,JTA-MJL NEW CORP.,≤100
19992349706,Taxpayers for Common Sense,TAXPAYERS FOR COMMON SENSE,≤100
14084625156,Susan G. Komen,Susan G. Komen,≤100
110170005258857,Klicked Digital,DeDonato Enterprises,≤100
1050178538369612,DonorSee,DonorSee,≤100
105599502191866,Florida Jolt,"Jolt Media, Inc.",≤100
346612865750115,Korea Defense Veterans Association,Korea Defense Veterans Association,≤100
54580146753,Faith in Action,Faith in Action,≤100
208551063368,Dominican Friars of the Province of Saint Joseph,DOMINICAN FOUNDATION,≤100
839158786226886,Two Party Opera,Brian Thomas Carroll,≤100
250392878345035,The Focused Pastor,Focus on the Family,≤100
95135221781,Federal News Network,Hubbard Radio DC,≤100
143173285763,Tenth Amendment Center,Tenth Amendment Center,≤100
113523628340571,Funding Just The Pill,Just The Pill,≤100
170126260000702,Western Journal US News,The Western Journal,≤100
546121142120651,Dawn Bukaj DV School Board Director,Dawn A Bukaj,≤100
103948701221001,Pro-Life Flag Project,Pro-Life Flag Project,≤100
151842578182359,Racine County Republican Party,Racine County Republican Party,≤100
192738164073627,A Better Balance,A Better Balance,≤100
101570842807695,Walsh for Mayor,Michael Wayne Ford,≤100
220538341415523,The Satanic Temple,The Satanic Temple,≤100
102712325850529,Libratum Press,Libratum Press LLC,≤100
865570390139870,Cara Spencer,Spencer for Alderman,≤100
1117698914923696,Nurx,These ads ran without a disclaimer,≤100
154930410085,"Zion Oil and Gas, Inc.","Zion OIl & Gas, Inc.",≤100
312657362217994,Women's Heart Alliance,Women's Heart Alliance,≤100
121207007584368,Ariel Wright,Ariel Theresa Wright,≤100
1914537155242810,Life: Powered,Texas Public Policy Foundation,≤100
107378738962999,Justin’s Solar Solutions,These ads ran without a disclaimer,≤100
100284648021034,New Tolerance Campaign,New Tolerance Campaign,≤100
199010435394,Turtle Island Restoration Network,Turtle Island Restoration Network,≤100
103530021364583,Carolina Forward,North Carolina Forward,≤100
219612384781411,Bloomberg Philanthropies,Bloomberg Philanthropies,≤100
36085812354,Rainforest Foundation US,"Rainforest Foundation, Inc.",≤100
636093333133893,UCR School of Public Policy,UCR School of Public Policy,≤100
135529136463262,BronxConnect,These ads ran without a disclaimer,≤100
143063095713907,Hep,"CDM PUBLISHING, LLC",≤100
109877501934583,Marty for Denver,Marty Zimmerman Campaign Fund,≤100
141461112573139,Ullico Inc.,Ullico Inc.,≤100
95335385742,National Fish and Wildlife Foundation,National Fish and Wildlife Foundation,≤100
30914589895,The International Fellowship of Christians and Jews,"INTERNATIONAL FELLOWSHIP OF CHRISTIANS & JEWS, INC.",≤100
1116310091796865,Imelda Padilla for Los Angeles City Council District 6,Imelda Padilla for LA City Council ID #1456180,≤100
371167644067,Public Welfare Foundation,Public Welfare Foundation,≤100
37461287798,Jesuit Refugee Service/USA,JESUIT REFUGEE SERVICE INC,≤100
279799525443906,HELPS Nonprofit,HELPS Nonprofit Law Firm,≤100
17414523278,Democracy Now!,DEMOCRACY NOW,≤100
103047259150209,What I Want to Know with Kevin P. Chavous,"Stride, Inc.",≤100
109588255360218,Ken Greene for Easton,Ken Greene for Easton,≤100
75553755070,Michael Smerconish,Michael Smerconish,≤100
43853729859,Campaigns & Elections,Political World Communications,≤100
349550772283369,Anglers for Lake Okeechobee,Anglers for Lake Okeechobee,≤100
111992025051929,SEIU IL State Council,SEIU Il State Council,≤100
210357995667559,The National Memo,The National Memo,≤100
1186891087992163,Eddie Melton,Melton for Mayor of Gary,≤100
182574111780105,California Bicycle Coalition,California Bicycle Coalition,≤100
100700519593180,"Buck Nasty Media. Sports, culture, politics, and the Nasty Truth",Robert Mattox,≤100
1040965162589549,SecondMuse,SECONDMUSE LLC,≤100
106862204671108,The Deplorable Americans,Justin Gustafson,≤100
278434943062355,WellBeing International,"WellBeing International, Inc.",≤100
108662425498649,Michael McCormick,Michael Robert Mccormick,≤100
1359505927455440,Global Health NOW,Johns Hopkins Bloomberg School of Public Health,≤100
100221986153813,Lou's Daily News,Michael Scott Hughes,≤100
427656937297996,Diario Las Americas,LAS AMERICAS MULTIMEDIA GROUP LLC,≤100
85273022315,NAMI,These ads ran without a disclaimer,≤100
208872873173211,Truckers.com,"Small Business in Transportation Coalition, Inc.",≤100
100692068471118,Explain America,Apse Media LLC,≤100
106559819003491,Isaac Kim - Los Angeles CD6,Isaac Kim for LA City Council 2023,≤100
101350839190816,Macro Conservative,Macro Conservative,≤100
110537227535547,Gays against Dorchester Towers,Wing Ming Infante,≤100
103953861725,Population Council,"POPULATION COUNCIL, INC., THE",≤100
523938087747648,Catapult,Catapult,≤100
101873176185334,Meenal Dewan For D211 School Board,FRIENDS AND FAMILY OF MEENAL DEWAN,≤100
103845675717480,Powher by Brittney Canter Barbe,These ads ran without a disclaimer,≤100
341513602902369,CALL TO ACTIVISM,CALL TO ACTIVISM,≤100
217187838327836,The Story Exchange,The Story Exchange Foundation,≤100
126855128568,FEBC (Far East Broadcasting Company),"FAR EAST BROADCASTING COMPANY, INC.",≤100
117507751891,United Poultry Concerns,"UNITED POULTRY CONCERNS, INC",≤100
163662804426854,Life Advancement Group,LIFE ADVANCEMENT GROUP,≤100
403737406341879,National Women's Health Network,NATIONAL WOMENS HEALTH NETWORK,≤100
111653958450620,Lindsay French for KC,Lindsay French for KC,≤100
111333413863498,Freedom First Society,FREEDOM FIRST SOCIETY,≤100
254943996005,Catholic Answers,"CATHOLIC ANSWERS, INC.",≤100
260668817346988,Ignite National,IGNITE,≤100
83960796709,Institute for Southern Studies,INSTITUTE FOR SOUTHERN STUDIES INC,≤100
102421369434228,Goose's News Daily,Justin Gustafson,≤100
644308565682800,Tanya Acker,Tanya Marie Acker,≤100
134571176638205,One Tree Planted,One Tree Planted,≤100
82223469060,ACN - Aid to the Church in Need,"AID TO THE CHURCH IN NEED, INC.",≤100
165711686804303,Alliance for Quality Education of New York,ALLIANCE FOR QUALITY EDUCATION,≤100
102277115688995,Patriot News Headquarters,I Love My Freedom,≤100
330913244022724,NJ Education Report,NJ Education Report,≤100
174793662656828,Colorado Peak Politics,Peak Politics LLC,≤100
111602135111487,WNY Forward,West New York Forward,≤100
114226275387369,republicEn,republicEn,≤100
246491525549550,Ed Post,Education Post,≤100
1444820465547227,Rank the Vote,Rank the Vote,≤100
1425435377743310,Conversations with Bill Kristol,FOUNDATION FOR CONSTITUTI,≤100
146678415405673,FindLaw for Legal Professionals,FindLaw Legal Professionals,≤100
1654550184799326,RetireSafe,RetireSafe,≤100
655863184553154,Christian Hanley,Christian Michael Hanley,≤100
307169626019197,Wiley's Finest,These ads ran without a disclaimer,≤100
152554251431318,Voces de la Frontera Action,Voces de la Frontera Action,≤100
100216259255576,Tampa Bay Today,SOCIAL POWER AD GROUP INC,≤100
44948378512,Destiny Image Publishers,"DESTINY IMAGE, INC.",≤100
259212814698356,Democratic Majority for Israel,Democratic Majority for Israel,≤100
114583664846523,Travis Yanke for Village Trustee,Travis Yanke for Village Trustee,≤100
758584494291735,Lt Steven Rogers,Steven Rogers,≤100
105473891510930,Republicans for Toms River,Republicans for Toms River,≤100
454663890502,Alliance for Patient Access,ALLIANCE FOR PATIENT ACCESS,≤100
1821609834721994,Otis Elevator Co,OTIS ELEVATOR COMPANY,≤100
222539451627775,The Graceful Goose,The Graceful Goose,≤100
103543655840463,Story Blitz,These ads ran without a disclaimer,≤100
203294399456,Public Interest Registry,Public Interest Registry,≤100
106058025408954,Do No Harm Medicine,Do No Harm,≤100
239658882763974,Poverty USA by CCHD,UNITED STATES CONFERENCE OF CATHOLIC BISHOPS,≤100
1271463226269367,Texans for Affordable Health Care,American Coalition for Affordable Healthcare,≤100
87777747127,Greg Palast,Palast Investigative Fund,≤100
138934736151182,Kveller.com,JTA-MJL NEW CORP.,≤100
121750354532995,Yale Program on Climate Change Communication,Yale Program on Climate Change Communication,≤100
747783932079184,Jared Golden for Congress,COMMITTEE TO ELECT JARED GOLDEN,≤100
2168484930102843,EJ Moonshot,EJ Creations LLC,≤100
7035457015,Brave New Films,BRAVE NEW FOUNDATION 501(C)(3),≤100
598865763613819,Institute for Zen Leadership,These ads ran without a disclaimer,≤100
32686688214,Texas Association of School Boards,"TEXAS ASSOCIATION OF SCHOOL BOARDS, INC.",≤100
103277109172874,The Original Lou's News,Michael Scott Hughes,≤100
1545775885684426,Jason Miyares,Miyares for Virginia,≤100
101103254533,SOS International,SOS International,≤100
197374340229,E2 - Environmental Entrepreneurs,E2 (Environmental Entrepreneurs),≤100
101581329115492,Freedom Street,Jason Donald Robertson,≤100
102230249080409,Freedom First,Jason Donald Robertson,≤100
58158120046,ACLJ,American Center for Law and Justice,≤100
720943967965149,AFSCME Retirees,AMERICAN FEDERATION OF STATE COUNTY & MUNICIPAL EMPLOYEES,≤100
115851611042,The Max Foundation,THE MAX FOUNDATION,≤100
352570422310568,Secured Health Benefits,These ads ran without a disclaimer,≤100
101336828624026,Yes for Parks & Open Space,Yes for Parks and Open Space,≤100
139835646030666,Alliance for Aviation Across America,Alliance for Aviation Across America,≤100
2085563958340354,Raúl Torres,Statera Comunicacion,≤100
110835881955083,Candidates with Proven Leadership for Continued Excellence - McHenry D156,Roberta Marie Baehne,≤100
109284291894484,American News Stories,Michael Scott Hughes,≤100
105692311896010,Positive Money US,Positive Money US,≤100
19990774371,Delegate Nic Kipke,Friends of Nic Kipke,≤100
106959920878115,The Well Done Foundation,"WELL DONE FOUNDATION, INC.",≤100
100562019990818,U.S. Term Limits,U.S. Term Limits Inc.,≤100
59254639983,Boston Medical Center,BOSTON MEDICAL CENTER,≤100
108256908572243,Adam Estroff for Denver City Council District 7,Estroff for Denver,≤100
487571108071357,Affordable Healthcare Coalition of NC,Affordable Healthcare Coalition of NC,≤100
100353033398790,Citizens For Isaiah Thomas,Citizens For Isaiah Thomas,≤100
102100655278909,Robert J. Tomei Jr. for CLC Board of Trustees,Citizens for Tomei,≤100
613924535450605,Daniel L. Hatcher,Daniel Landon Hatcher,≤100
101377889168483,Gumbo Limbo Coastal Stewards,"Gumbo Limbo Coastal Stewards, Inc.",≤100
206226362732803,Inspire Clean Energy,"Inspire Energy Holdings, LLC",≤100
101614359545446,Prosperity Prayers,Prosperity Prayers,≤100
110010433804232,Standing For Freedom Center,Standing for Freedom Center,≤100
65538457518,The Village Square,TO THE VILLAGE SQUARE INC,≤100
96286403078,iHeartDogs.com,HomeLife Media,≤100
568103006940639,Law Office of Gary J. Kim,Law Offices of Gary J. Kim,≤100
2099448153445994,Students for Life Action,Students for Life Action,≤100
309798029121030,Everytown for Gun Safety,Everytown for Gun Safety Support Fund Inc,≤100
312657362217994,Women's Heart Alliance,These ads ran without a disclaimer,≤100
102372176123022,Rick Russell For Saginaw City Council,Rick Russell For Saginaw City Council,≤100
103115672580581,Video Day Magazine,These ads ran without a disclaimer,≤100
64206021703,National Committee to Preserve Social Security and Medicare,NATIONAL COMMITTE TO PRESERVE SOCIAL SECURITY AND MEDICARE,≤100
260713150211,Protect Our Winters,Protect Our Winters,≤100
723394465079640,The Lion,Stanley M. Herzog Charitable Foundation,≤100
1662317660757785,Great American Syndicate,Great American Syndicate,≤100
1599237673639735,Change Media Group,Change Media Group,≤100
2061354117416043,Friends of Lisa Evans,Lisa Louise Evans,≤100
271434569418,HumaneWatch,Center for Consumer Freedom,≤100
397160373708360,Delaware Coalition Against Domestic Violence,DELAWARE COALITION AGAINST DOMESTIC VIOLENCE,≤100
147126507164,ACTwireless,ACTwireless,≤100
182079698493370,Portside,Portside,≤100
238711349624826,The Wetherall Company Public Service Advertising,The Wetherall Company LLC,≤100
41093998634,The Christian Post,The Christian Post,≤100
327853590558653,"Agri-Pulse Communications, Inc.","AGRI-PULSE COMMUNICATIONS, INC.",≤100
659878157406228,America's Warrior Partnership,America's Warrior Partnership,≤100
107645227592678,To Which We Belong,Mystic Artists,≤100
151485624911761,NYC Mayor's Office,City of New York,≤100
386305465057247,Liberty Nation,Liberty Nation,≤100
105707202365510,Save Our Benefits Massachusetts,Save Our Benefits Massachusetts,≤100
198062237680310,Kevin Jackson,GovCloud Network LLC,≤100
290407811074653,Friends of Tiffani L. Graham for Park Forest Village Trustee,These ads ran without a disclaimer,≤100
101312698628642,Ryan Samuels,Ryan Francis Samuels,≤100
50513265848,Citizens United,Citizens United,≤100
137662367278,League of Women Voters of the US,LEAGUE OF WOMEN VOTERS OF THE UNITED STATES,≤100
105383531133271,Nancy Young for Tracy Mayor,Nancy Young for Tracy Mayor 2020,≤100
424443217623488,Clarion Project,"CLARION PROJECT, INC.",≤100
710669049286394,Woo the People,Woo the People,≤100
105334892381660,AmericanTowns Politics,AMERICAN TOWNS,≤100
399060493533519,The Justice Foundation,JUSTICE FOUNDATION,≤100
993294760683044,Education Reform Now,EDUCATION REFORM NOW ADVOCACY INC,≤100
2243799109168123,Mandie Landry,Mandie Landry Campaign Committee,≤100
100637631678746,Conservative News Daily,Conservative News Daily,≤100
391795904891314,Friends of Andrea Bonds,Adam Shorter,≤100
38234604057,PEN America,PEN AMERICAN CENTER INC,≤100
104916968538177,TIS 이주공사,TIS VISA CORPORATION,≤100
128938860609787,MHC Corporation,"MUSIC 4 HIGHER CONSCIOUSNESS, LLC",≤100
189823834389266,JTA News,JTA-MJL NEW CORP.,≤100
101542284893130,Delaware LIVE News,DELAWARE LIVE LLC,≤100
134910449854519,Leaders of a Beautiful Struggle,Leaders of a Beautful Struggle,≤100
216609005609,New Jersey Natural Gas,New Jersey Natural Gas,≤100
100416560012896,Friends of the Everglades,FRIENDS OF THE EVERGLADES INC,≤100
103592025044272,Penn State Forward,BOARDING SCHOOL INC,≤100
430869277025501,Dr. Nancy O'Reilly,"WOMEN CONNECT4GOOD, INC.",≤100
104134582247672,Anthony D'Esposito,DESPOSITO FOR NEW YORK,≤100
104660195062596,Gen Z Conservative,Michael Scott Hughes,≤100
102447628100658,Putting Alaskans First Committee,Putting Alaskans First Committee,≤100
126815818975,Global Fund for Children,GLOBAL FUND FOR CHILDREN (THE),≤100
163662804426854,Life Advancement Group,Nathan Montgomery Berning,≤100
461530314600399,Common Sense American Politics,Common Sense American Politics,≤100
87377228013,Side with Love,UNITARIAN UNIVERSALIST ASSOCIATION,≤100
227535924071462,Animal Petitions,AnimalPetitions.org,≤100
710460605705480,Dugit Outreach Center,Dugit Messianic Outreach Center,≤100
57615046615,Rainforest Trust,RAINFOREST TRUST INC,≤100
108503659576,National Coalition for Public School Options,National Coalition for Public School Options,≤100
46530484629,Idaho Conservation League,The Idaho Conservation League,≤100
113767461337387,Wakeupstitches,These ads ran without a disclaimer,≤100
105549351284853,Ideaspace: U.S. Immigration Policy,"Ideaspace Project, Inc.",≤100
117237894968826,SunPower,These ads ran without a disclaimer,≤100
1553978148244954,Build With Strength,Build With Strength,≤100
286487148036558,Rise for Animals,NEW ENGLAND ANTI VIVISECTION SOCIETY,≤100
1729198467311786,G.A. Matiasz,62 Mile Press,≤100
104041445946911,Elizabeth Cassidy for Warwick Justice,Friends of Elizabeth Cassidy,≤100
143136716398629,"Live, Work, Shop, Play in Florida","Mullins Companies, LLC",≤100
121341950882334,Our Own Backyards Texas,Our Own Backyards Texas,≤100
584247395437589,Principles First,"Principles First for America, Ltd.",≤100
193565924590677,"Ramos James Law, PLLC",These ads ran without a disclaimer,≤100
235039782048,Array of Hope,ARRAY OF HOPE,≤100
212677670907,American Constitution Society,AMERICAN CONSTITUTION SOCIETY,≤100
5878048748,GlobalGiving,"GLOBALGIVING FOUNDATION, INC.",≤100
511229578900828,"Greater Bergen Community Action, Inc. - GBCA","Greater Bergen Community Action, Inc.",≤100
104381195853727,Kevin Michael for D25 Board of Education,Committee to Elect Kevin Michael,≤100
110094158160834,The American Tribune,Michael Scott Hughes,≤100
33860907121,FunTimes Magazine,"FUNTIMES MAGAZINE, LLC",≤100
313214702055743,National Public Pension Coalition,National Public Pension Coalition,≤100
127668823933246,The NewDEAL,NEWDEAL,≤100
102044622753692,American Potential Podcast,AMERICANS FOR PROSPERITY,≤100
131385910227393,Catholic Mobilizing Network,CATHOLIC MOBILIZING NETWORK,≤100
594519783957655,Citizens for National Security,Citizens For National Security,≤100
1578341329151121,Shefvckinbad,Shefvckinbad,≤100
103983379801,Texas Democratic Party,Texas Democratic Party,≤100
100617036135739,Illinois Answers Project,BETTER GOVERNMENT ASSOCIATION,≤100
142405795847179,Breathe Project,COMMUNITY FOUNDATION OF GREATER JOHNSTOWN,≤100
167586229923327,World Food Program USA,These ads ran without a disclaimer,≤100
811900825495982,Niskanen Center,The Niskanen Center,≤100
29464444855,Loyola University Chicago,Loyola University Chicago,≤100
113389318277626,Judge Fred Strampe For Waukesha County Circuit Court,Judge Fred Strampe for Waukesha County,≤100
328042268580226,Stories of Antisemitism,Stories Of Antisemitism,≤100
249467225254927,The Love > hate Project,LOVE GREATER THAN HATE PROJECT,≤100
887139178003592,The Dean Obeidallah Show,The Dean Obeidallah Show,≤100
210937299260017,USA Features Media,USA Features Media LLC,≤100
137332930294201,Citizen Brain with Josh Kornbluth,Global Brain Health Institute,≤100
103433804692809,Law Offices of James S. Hong & Associates,Law Offices of James S. Hong,≤100
104760932430136,"Lamont Robinson, for 4th Ward Alderman",Lamont Robinson for Alderman,≤100
113028887202008,Paramount+,These ads ran without a disclaimer,≤100
2007361039550045,"Center for Free, Fair, and Accountable Democracy","CENTER FOR FREE, FAIR, AND ACCOUNTABLE DEMOCRACY, INC.",≤100
1450561161828089,Henry Perez 4 Racine,Henry Perez,≤100
148342611858906,MyJewishLearning.com,JTA-MJL NEW CORP.,≤100
243498882520314,FoodFinder,"FOODFINDER, INC.",≤100
108305698731234,Hetzel For Judge,Hetzel for Judge,≤100
106335869023259,Edwin Gerace For Town Council,Edwin Francis Gerace,≤100
101769576791,Health Action Network,Health Action Network,≤100
109197448748289,Shana Peterson for Katy ISD Board,Shana Peterson for Katy ISD Board,≤100
240975973009586,Air Doctor Pro,These ads ran without a disclaimer,≤100
103661562527229,Ravenargizo.fashion,These ads ran without a disclaimer,≤100
60865633726,Love Justice International,TINY HANDS INTERNATIONAL,≤100
116433028023130,Vote YES Orland Park,Vote Yes Orland Park,≤100
40201530406,American Society of the University of Haifa,James Samuel Fattal,≤100
316955281351,APWU - The American Postal Workers Union,AMERICAN POSTAL WORKERS UNION,≤100
163302087408673,Stop The Donald,Stop the Donald,≤100
14182731186,Texas Appleseed,TEXAS APPLESEED,≤100
1553454814909830,Krush Bar & Night Club,These ads ran without a disclaimer,≤100
397054531024452,COPS Training Portal,These ads ran without a disclaimer,≤100
101810652152706,Ship It Zero,PACIFIC ENVIRONMENT AND RESOURCES CENTER,≤100
104969222289292,DeSantis 2024,Apse Media LLC,≤100
165674110118949,Clearing out the Clutter,Colin David Moore,≤100
11029708945,World Politics Review,WORLD POLITICS REVIEW LLC,≤100
166693743541403,Temeka Borden - Positivity Inspires,These ads ran without a disclaimer,≤100
195261533834361,Friends of Animals,"FRIENDS OF ANIMALS, INC.",≤100
513695272011123,The Genesis Prize,GPF NA LLC,≤100
482869205100278,Neema Project,Neema Project,≤100
2404468096286251,Commissioner John King,Georgians For John King,≤100
113517690426751,Roy West for Mayor of Beaumont,Roy West for Mayor of Beaumont,≤100
7191206138,ASPCA,ASPCA,≤100
110762178628199,Accountable SC,"Accountable SC, LLC",≤100
100640881848449,Hoffman Estates Forward,Hoffman Estates Forward Committee,≤100
96628277610,Visit Park City,These ads ran without a disclaimer,≤100
1021724717913869,Bantam Communications,Bantam Communications,≤100
269479249997,NSSF—The Firearm Industry Trade Association,National Shooting Sports Foundation,≤100
108198112173908,Scott Harmon for Bristol Kendall Fire Protection District Trustee,David Scott Harmon,≤100
81755908577,Kids in Need of Defense (KIND),"KIND, Inc.",≤100
133913826633461,Grassroot Institute of Hawaii,Grassroot Institute of Hawaii,≤100
2436403486378786,Tim Temple,Tim Temple Campaign,≤100
112570011736202,Roland Rainey for Colorado Springs City Council,Roland Rainey for Colorado Springs City Council,≤100
117140627918521,Rivera for Cambridge,Rivera for Cambridge,≤100
108765166453167,Tanya Bamford for Commissioner,Friends of Tanya Bamford,≤100
22627435207,Presbyterian Church (U.S.A.),Presbyterian Church (U.S.A.),≤100
1677111425839949,American Promise,"AMERICAN PROMISE, INC.",≤100
865099700332025,TeePublic.com,These ads ran without a disclaimer,≤100
488740674837681,198 Methods,198 methods,≤100
107766235181961,The Nunn Report,The Nunn Report,≤100
102596355656379,Red Wave News Updates,Michael Scott Hughes,≤100
1653885501501009,Propeller,Propeller Enterprises,≤100
100556638397151,Terrance Roberts for Mayor,Terrance Roberts for Denver Save Our City Campaign LLC,≤100
140155342671005,Sempervirens Fund,SEMPERVIRENS FUND,≤100
130130503698358,Eastern European Mission,EASTERN EUROPEAN MISSION,≤100
284538339034727,"Re-Elect Jim Gardiner, 45th Ward Alderman",Paid for by Friends to Elect Jim Gardiner,≤100
913674978645759,Beloved Way,Beloved Christian Church Disciples of Christ,≤100
513785465632396,Airline Passengers for Justice,Airline Passengers for Justice,≤100
308951099800432,WW2 Biographies & Memoirs,These ads ran without a disclaimer,≤100
108408962542926,Magic 95.9 Baltimore,Urban1,≤100
1622623701337280,Latah Republicans,Latah County Republicans,≤100
597866343974179,Anchorage Coalition to End Homelessness,Anchorage Coalition to End Homelessness,≤100
558416317525208,For the Many,For the Many,≤100
103929304678916,Voter Action Project,Integrity First Voter Action Project,≤100
104108351691845,Nag Jaiswal for Naperville,FRIENDS OF NAG JAISWAL,≤100
105106239171118,defbulletin,These ads ran without a disclaimer,≤100
419172532191894,Beyond Plastics,Beyond Plastics,≤100
102442966144100,Padilla for Los Angeles,Laborers Local 300 Small Contributor Committee FPPC ID No.  950674,≤100
100340099632821,Luci Welsh For MDJ,Patrick Andrew Welsh,≤100
226158107735831,Minnesotans for Paid Family Leave,Minnesota AFL-CIO,≤100
108814472077361,Andy Byars for Normal Town Council,Friends of Andy Byars,≤100
142260190351,Comment Magazine,"Cardus, Inc.",≤100
111150358588290,Project Offset,Project Offset,≤100
105336665489967,Tiffany Caudill - Candidate for Denver City Council District 2,Tiffany Caudill for City Council,≤100
123460781200,Alon Ben-Meir,Alon Ben-Meir Inc,≤100
165252883611737,Wildsam Field Guides,These ads ran without a disclaimer,≤100
101882882493702,Flavors Hook Oregon Kids,Flavors Hook Oregon Kids,≤100
272716539512166,Cycle for the Cause,"LESBIAN & GAY COMMUNITY SERVICES CENTER, INC.",≤100
124115965454,Cornerstone Action,Cornerstone Action,≤100
109374912424067,Drew McKissick,DrewMcKissick.com,≤100
145452432841937,Candi CdeBaca,Candi for Council,≤100
1448985902033866,Trans Lifeline,Trans Lifeline,≤100
103426858855557,Eyes That Speak by Christy Bowe,Gilbert Lunsford Jr Eugene,≤100
505082913012317,Must Read Alaska,Must Read Alaska LLC,≤100
381578445243960,Kristan Hawkins,"STUDENTS FOR LIFE OF AMERICA, INC.",≤100
2259323457517498,Abolish the Electoral College,Abolish the Electoral College,≤100
101700638824989,Councilwoman Kassandra Timothe,District 2 City of North Miami,≤100
449532451834913,Fishers Finery,Fishers Finery,≤100
16223832249,RAINN,"RAPE, ABUSE AND INCEST NATIONAL NETWORK (RAINN)",≤100
69717994787,buildOn,BUILDON INC,≤100
223922031074790,The Abortion Survivors Network,The Abortion Survivors Network,≤100
142932506806,Texas Alliance for Life,"Texas Alliance for Life, Inc.",≤100
338218229911752,Integrity First PAC,INTEGRITY FIRST PAC,≤100
110256832032102,Louisiana Legislative Solutions,Louisiana Legislative Solutions,≤100
106656848965472,John Anthony Hashem for District Judge,Friends of John Hashem,≤100
111076598184105,Organize at MLK Labor,"Martin Luther King, Jr. County Labor Council of Washington, AFL-CIO",≤100
275058263386389,Lake County News Dispatch,Lake County News Dispatch,≤100
105959115327125,Statement Apparel Co.,Statement Apparel,≤100
36091862898,The Mackinac Center for Public Policy,Mackinac Center for Public Policy,≤100
104168992542940,Campaign HQ Insiders,CampaignHQ,≤100
108307735495778,Four Sisters Publishing,Four Sisters Publishing,≤100
1581700732145378,Rasheen Aldridge For 14th Ward Alderman,Citizens for Rasheen Aldridge,≤100
111051575264758,Jack Murphy,I Love My Freedom,≤100
287789785155313,State Representative Danny McCormick,Elect Danny Mccormick,≤100
104099381626180,thewarcloset,These ads ran without a disclaimer,≤100
101204378825808,Fight the Right,FIGHT THE RIGHT PAC,≤100
268672113155656,The Expectations Project,THE EXPECTATIONS PROJECT INC,≤100
225879060980,Habitat for Horses,HABITAT FOR HORSES INC,≤100
102663191965686,Salex,Salex Sv,≤100
112155425127936,Vote Spring-Ford,Vote Spring-Ford,≤100
28483858161,Texas Scorecard,ScorecardMedia,≤100
430433890432226,Asthma Inspiration,These ads ran without a disclaimer,≤100
220873174076,Animal Equality,These ads ran without a disclaimer,≤100
269348454714,IMB,"INTERNATIONAL MISSION BOARD OF THE SOUTHERN BAPTIST CONVENTION, THE",≤100
113777814993349,Support our Schools,Support Our Schools LLC,≤100
105166539168796,Jim Arlington - Alaskans for Arlington,Alaskans for Arlington,≤100
288369791569,SEIU 721,SEIU Local 721,≤100
100711852963449,Team Vivek,VIVEK 2024,≤100
101939781315530,ThePeel.news,ThePeel.news,≤100
103080889223431,"Brutal, bizarre, and boozy podcast",These ads ran without a disclaimer,≤100
482240615220089,Wisconsin Family Council,Wisconsin Family Council,≤100
1099089066943112,MAGA Louisiana,MAGA Louisiana,≤100
109729861699329,Speak4,Speak4,≤100
108108121456950,Blue States PAC,BLUE STATES PAC,≤100
243817589318225,STEM Greenhouse,These ads ran without a disclaimer,≤100
1616728165212478,Environmental Voter Project,"Environmental Voter Project, Inc.",≤100
100710759119069,Blue Planet Ecosystem,Blue Planet Ecosystem,≤100
173470656019870,The Daily Yonder,CENTER FOR RURAL STRATEGIES,≤100
100825462654789,New South Politics,Matt O'Hern Marketing LLC,≤100
101564054951838,We The Forest,We The Forest,≤100
601472019907779,Latino Victory,Latino Victory Fund,≤100
106124975682358,Jimmy Fondren for Mississippi House District 111,Committee To Elect Jimmy Fondren,≤100
187713745097888,Save the Alamo,Save The Alamo Committee,≤100
19166292960,Trend Micro,These ads ran without a disclaimer,≤100
105348224679358,The Don't Unfriend Me Show,DONT UNFRIEND ME,≤100
109766423984149,Kayla Hull dog trainer,These ads ran without a disclaimer,≤100
106299185623786,"Vivek Seth ""मोनू""",These ads ran without a disclaimer,≤100
102653925597061,Get Pow,These ads ran without a disclaimer,≤100
276076196388914,Coffee & Pan Dulce Show,Coffee & Pan Dulce Show,≤100
111369171859541,Dan Barrios for Richardson City Council,Dan Barrios for Richardson,≤100
226489691251,Keep New Hanover Beautiful,Keep New Hanover Beautiful,≤100
112602535494455,The Reporters Inc,REPORTERS INC,≤100
1397329273657037,Adam C. Welteroth For Lycoming County Commissioner,Adam C. Welteroth For Lycoming County Commissioner,≤100
407767916003589,U.S. Representative John Carter,Office of U.S. Representative John Carter,≤100
106422508278960,Unsung History,Kelly T Pollock,≤100
101305185887434,Foundations Podcast,Feet on the Rock Ministries,≤100
144429905313,AFSCME Council 31,AMERICAN FEDERATION OF STATE COUNTY AND MUNICIPAL EMPLOYEES COUNCIL 31,≤100
101853479470366,Weregreenly,These ads ran without a disclaimer,≤100
109807943719796,Nothing Is Going To Get Better,Nothing Is Going To Get Better,≤100
203898753741138,Henry Dorvil,These ads ran without a disclaimer,≤100
133753583953215,American History in 90 Minutes - The Common-Sense Guide to U.S. History,American History in 90 Minutes,≤100
452797224923658,The Democratic Coalition,THE DEMOCRATIC COALITION,≤100
105495775564367,President Trump Updates,Logan Thomas Corson,≤100
75198195635,Machinists Union,GRAND LODGE INTERNATIONAL ASSOCIATION OF MACHINISTS AND AEROSPACE WORKERS,≤100
554518314571405,Mass Retirees,"Retired State, County and Municipal Employees Association of Massachusetts",≤100
395700337484869,STAND UP Nashville,These ads ran without a disclaimer,≤100
38236386996,LSU Press,LSU Press,≤100
220275251463025,Pastor Kelly Lohrke,These ads ran without a disclaimer,≤100
111904024679959,Bold Majority,BOLD MAJORITY PAC,≤100
113522578342068,Save Our Benefits Arizona,Save Our Benefits AZ,≤100
117002277093851,Celeb Insider,These ads ran without a disclaimer,≤100
103155516069498,Sharon Zook for County Commissioner of Lebanon,These ads ran without a disclaimer,≤100
183484875153093,Kim Monson Show,The Kim Monson Show,≤100
102254715563026,Paula Avila-Guillen,Women's Equality Center,≤100
225244284245133,Chicago Votes,Chicago Votes Action Fund,≤100
103228475513073,Better Tomorrow In Tennessee,Better Tomorrow In Tennessee,≤100
392189600337,Minnesota Nurses Association,Minnesota Nurses Association,≤100
123185498255,Carsie Blanton,Carsie Blanton Music,≤100
103126019311610,Jimmy Bierman for Supervisor,Jimmy Bierman for Supervisor,≤100
102356589314098,Political Comms,Political Comms LLC,≤100
101821715981622,Samantha Gasca for School Board District 122,Samantha Gasca for School Board District 122,≤100
275947565591,"Woods and Woods, LLC, The Veteran's Firm","Woods & Woods, LLC",≤100
405209453580678,Proud Trump Supporters,Proud Right Winger,≤100
100375252347692,u14news,These ads ran without a disclaimer,≤100
273546779885377,The Gallant Pelham,"delupton, LLC",≤100
109727968707427,Vidal for Moraine,Friends of Vidal,≤100
102509711718411,Upendo United Foundation,UPENDO UNITED FOUNDATION INC,≤100
103830044798190,Gregorian Rant,Gregory Richard Schlueter,≤100
100857452868200,Adore You Salon,These ads ran without a disclaimer,≤100
106897088117442,Georgia Baptist Health Care Ministry Foundation,These ads ran without a disclaimer,≤100
1042560925858683,John Kelly,John Alexander Kelly,≤100
107142265621370,Arizona Recap,SINEMA FOR ARIZONA,≤100
640409866142742,Fair Districts PA - NEPA,Fair Districts PA,≤100
100417866307506,Travis Szanto for Alaska,Committee to Elect Travis Szanto,≤100
108588701950679,Idaho Moms,Idaho Moms,≤100
570808702965953,A Continuous Charity,These ads ran without a disclaimer,≤100
101104705968503,Revive App,These ads ran without a disclaimer,≤100
14893370225,Sustainable Harvest International,SUSTAINABLE HARVEST INTERNATIONAL,≤100
172683773493,CornerHouse,CORNER HOUSE,≤100
100801038449520,Natural Allies for a Clean Energy Future,"Natural Allies, Inc.",≤100
102590994772178,Social Democratic Advocacy,Steven J. Schwartzberg,≤100
336551593173218,Walter Hudson for State Representative,Hudson for Minnesota,≤100
114167064918661,Suzan Atallah For Palos School District #118,Citizens for Suzan,≤100
1817346558513692,Keith Pekau,Keith for Mayor,≤100
150159881697318,Councilman Don Harrison,Ronald Glen Harrison,≤100
111224265048861,Nicole Lee for 11th Ward Alderman,Friends of Nicole Lee,≤100
111131133551811,The Locke Society,Locke Society Inc,≤100
205238189588054,"Race, Racism and the Law",Professor Vernellia Randall,≤100
103210743084765,Resonate,Resonate,≤100
162076961537,CA Charter Schools Association,CALIFORNIA CHARTER SCHOOLS ASSOCIATION,≤100
102031892811648,Craig Lambert for Judge,Craig Lambert for Judge,≤100
116479559899968,Courage & Grow,Courage & Grow,≤100
112912573793125,Rise Up for Justice,Avrom L Altman,≤100
108180206470137,Iowans for Wind & Solar,270 Strategies,≤100
316013772159678,Childcare Chronicles 1,These ads ran without a disclaimer,≤100
217883735809022,Daily Giving,These ads ran without a disclaimer,≤100
230180824062538,Councilman Anand Shah,Anand U Shah,≤100
103373882543276,Josh McBroom for Naperville City Council,Friends of Josh McBroom,≤100
1420200111329836,Alan C. Moore,Alan Christopher Moore,≤100
102730622425719,Larry Boven for Louisville Fire Protection District Board,Joe Boven,≤100
203583423017526,National Immigration Law Center,National Immigration Law Center,≤100
408252582872693,Daniella Levine Cava,"Daniella Levine Cava, Non-Partisan, for Miami-Dade County Mayor",≤100
98828483195,Safe Horizon,Safe Horizon,≤100
2214875562101794,Andres for Mason,Andres for Supervisor,≤100
103860008217959,Check CU,Check CU,≤100
122787467408862,Save Ohio STRS,"Save Ohio STRS, Inc.",≤100
106341454506321,The Bull Moose Party,The Bull Moose Party,≤100
336765184920,Matthew Dowling,Friends of Matthew Dowling,≤100
490349377808038,State Representative Justin Holland,Justin Holland Campaign,≤100
28531478218,Illinois Realtors,ILLINOIS ASSOCIATION OF REALTORS,≤100
86711894400,National Write Your Congressman,National Write Your Congressman,≤100
773432316041673,Calvary South Austin,Calvary South Austin,≤100
315918558746270,True Crime Cases w. Lanie,These ads ran without a disclaimer,≤100
105574258387595,We the Veterans,We the Veterans Foundation,≤100
111213101887148,Basics For All,Basics For All LLC,≤100
82520235833,Bedford Democratic Committee,Bedford Democratic Committee,≤100
176907899017180,Holocaust Memorial Resource and Education Center of Florida,Holocaust Memorial Resource and Education Center of Florida,≤100
113520171602725,Chris Wright 4 MO Governor,Chris Wright 4 MO Governor,≤100
57843647345,Committee of Seventy,COMMITTEE OF SEVENTY,≤100
102060345569988,mrjquijada,These ads ran without a disclaimer,≤100
70795936969,Children International,CHILDREN INTERNATIONAL,≤100
100237139581322,Desmon Yancy for the 5th Ward,Friends of Desmon Yancy,≤100
674182529399211,Gun Owners Radio,Gun Owners Media LLC,≤100
111499465080080,John Tillman,John Tillman,≤100
109031318770907,Joanna Weiss for Congress,Joanna Weiss for Congress,≤100
1720878078241107,Conservative Move,Conservative Move,≤100
541678832585415,"Analytics Consulting, LLC",ANALYTICS INC,≤100
100313992666117,Sarah for Denver,Sarah for Denver,≤100
100415018077931,"Camden, NJ Local - News Break",These ads ran without a disclaimer,≤100
81372493950,POET,"POET, LLC",≤100
264403673724202,Lucile Packard Foundation for Children's Health,LUCILE PACKARD FOUNDATION FOR CHILDREN'S HEALTH,≤100
118272737869195,Martin Ruiz,These ads ran without a disclaimer,≤100
50714237985,The Rutherford Institute,RUTHERFORD INSTITUTE,≤100
741880229535624,Help an Animal In Need,These ads ran without a disclaimer,≤100
101677447975662,mapamota.xo,These ads ran without a disclaimer,≤100
117214891638398,Street Grace,Street Grace Inc,≤100
115997714761143,No Name No Face,These ads ran without a disclaimer,≤100
102701052593327,Jodi for Naperville City Council,Friends for Jodi,≤100
169840807024913,Jobob,The Jobob Show,≤100
311367366937,Republican Party of Rock County,Republican Party of Rock County,≤100
165587560847520,Fair Districts PA - Luzerne County,Fair Districts PA,≤100
189764987822613,Arcane Treasures Antique Store WWII Items And Other Oddities,Christopher Jarom Vitrano,≤100
104623399104370,Noah Kaplan for Denver,Kaplan for Denver,≤100
129516457130685,Al Jadid Magazine,Al Jadid Magazine,≤100
101384961651764,Louisiana Policy Review,Louisiana Policy Review,≤100
100729962707436,Jimmy Monto 5th District Councilor,Friends of Jimmy Monto,≤100
1570082353262795,YIMBY Action,YIMBY ACTION,≤100
109068551731974,Sillychillly,Marc Alan Goldstein,≤100
1804156426550062,Tim Kennedy for Senate,KENNEDY FOR SENATE,≤100
683095228488145,Scott McKnight,The Scott McKnight Campaign,≤100
162069790604,AARP Arizona,AARP,≤100
168285796519335,Lancaster County Democratic Party,Lancaster County Democratic Party,≤100
244286338925347,Republican Party of Duval County,Republican Party of Duval County,≤100
112912320530647,John for Aurora,John for Aurora,≤100
101005388841706,Lemu,These ads ran without a disclaimer,≤100
2434831043213741,D-1 Beats,These ads ran without a disclaimer,≤100
110942971930622,Irondale Auto Classic,These ads ran without a disclaimer,≤100
489028831496182,Healthcare Workers Rising,Healthcare Workers Rising New York,≤100
143981748956175,Rural Assembly,Rural Assembly,≤100
2520094108003505,Jamie Levy for Magisterial District Judge,Jamie Levy for Magisterial District Judge,≤100
112727107713063,Manuel Trevino for Sheriff 2024,Manuel Trevino,≤100
110633928987530,CaveLight Films,These ads ran without a disclaimer,≤100
114657621506286,Jeff Wilhite,Friends of Wilhite,≤100
1399115913720560,Julia For Fitchburg,Friends of Julia Arata Fratta,≤100
116943805583378,The Republican Standard,The Republican Standard,≤100
147786295234727,San Francisco Department on the Status of Women,San Francisco Department on the Status of Women,≤100
100993219547386,Patty Knepp for Judge,Committee to Elect Patty Leopardi Knepp for Judge,≤100
101239962270235,Bright Future Iowa,Bright Future Iowa,≤100
177738085711308,Hunger Solutions New York,Hunger Solutions New York,≤100
123651254408327,Sokolove Law,"Sokolove Law, LLC",≤100
330408799230,Joe Courtney,Congressman Joe Courtney (CT-02),≤100
118160994516734,Natasha Leap for Pocono Township Commissioner,Natasha Leap,≤100
111271327200512,The Deal with Ed Clark,Vincent Edward Clark,≤100
110336220802020,The Poetry of S.A. Gerber,These ads ran without a disclaimer,≤100
849751118462732,The Education Trust—NY,The Education Trust New York,≤100
101322195192409,David Harrison: Our Unfinished Work,David Sprague Harrison,≤100
88410949777,Population Media Center,"POPULATION MEDIA CENTER, INC.",≤100
102961048478150,Center for Renewing America,CENTER FOR RENEWING AMERICA INC,≤100
101754019446990,From the Big House to Your House,Catherine Esther Marinello,≤100
121071814580845,YWCA Lancaster,YWCA Lancaster,≤100
109963448662523,Roots for Mayor,Roots for Chester,≤100
111453151592849,Permanent Majority,PERMANENT MAJORITY,≤100
103176709379659,CryptoHaven,Crypto Haven LLC,≤100
108292944333886,"Julia Sullivan, Author",Julia E. Sullivan,≤100
268271896588240,Rebel Thriver,These ads ran without a disclaimer,≤100
164819738970,by rosie jane,These ads ran without a disclaimer,≤100
305730296471268,"Delegate Emily Brewer, 64th District",Friends of Emily Brewer,≤100
2456431797711183,Wyatt for Lincoln,Wyatt for Lincoln,≤100
103894382634097,Tim Guerrette for Collier County Supervisor of Elections,Tim Guerrette for Collier County Supervisor of Elections,≤100
104384642612768,Students First NY,StudentsFirstNY,≤100
146777902058421,True Refrigeration,These ads ran without a disclaimer,≤100
105560158193877,Tina Sweet-T Pihl - 17th Ward Alderwoman,Citizens For Tina Sweet-T Pihl,≤100
105990415642100,DeSantis Supporters,Logan Thomas Corson,≤100
108966404699566,Free For ALL Podcast,Michael D Mccoy,≤100
181438572390,Sarasota County Democratic Party,Sarasota County Democratic Party,≤100
106787592203715,Jim Hasher for City Council At-Large,Hasher for City Council,≤100
162599893848,Texas Public Charter Schools Association,Texas Charter Schools Association,≤100
43821078871,Transport Workers Union (TWU),Transport Workers Union of America,≤100
100900616250083,Evelin Lisset Puccio,These ads ran without a disclaimer,≤100
7361892567,Born Free USA,These ads ran without a disclaimer,≤100
392166157467017,Happy Paw,These ads ran without a disclaimer,≤100
1630589287171625,City-County Councillor David Ray,Committee to Elect David Ray,≤100
114442674066845,National Crimes Against Children Investigators Association,National Crimes Against Children Investigators Association,≤100
116945211276055,Make America Florida,Logan Thomas Corson,≤100
129255907131113,NumbersUSA,NUMBERSUSA EDUCATION AND RESEARCH FOUNDATION,≤100
102431455226232,Time To Run,TIME TO RUN,≤100
718254898306045,Illinois Economic Policy Institute,Illinois Economic Policy Institute,≤100
899843763521678,Call Center Workers United,"COMMUNICATIONS WORKERS OF AMERICA, AFL-CIO, CLC",≤100
103913471081871,"Marcus C. Evans, Jr.","Citizens for Marcus C. Evans, Jr",≤100
118283728182293,SEIU Healthcare IL & IN,SEIU Illinois State Council,≤100
236682687005525,Inola church of Christ,Billy Mac Keele,≤100
321305751402030,Edelman Financial Engines,"EDELMAN FINANCIAL ENGINES, LLC",≤100
105800435721037,The Right Hour,Logan Thomas Corson,≤100
216052228433696,Arcus Foundation LGBTQ Social Justice,ARCUS FOUNDATION,≤100
66237904047,Marine Fish Conservation Network,Marine Fish Conservation Network,≤100
39522334958,MarketPlace: Handwork of India,These ads ran without a disclaimer,≤100
312870062895448,StateThugs,StateThugs.com,≤100
116472304662312,Matt Varble for Irving City Council Place 5,Matthew James Varble,≤100
434635993263210,"King County, Washington - Government","King County, WA",≤100
287419001041,National Black Book Festival,CUSHCITY.COM INC,≤100
930614256987306,Fair Districts PA,Fair Districts PA,≤100
8291852604,Tobacco Free Florida,Florida Department of Health Bureau of Tobacco Free Florida,≤100
113365561685040,Luva Store,These ads ran without a disclaimer,≤100
100380268833174,Gagarin News,These ads ran without a disclaimer,≤100
25121889784,Texas Public Policy Foundation,Texas Public Policy Foundation,≤100
378823865585630,The Virginia Flaggers,These ads ran without a disclaimer,≤100
108775318620622,Timmy Knudsen for 43rd Ward Alderman,Friends of Timmy Knudsen,≤100
13187955196,Young Americans for Liberty,Young Americans for Liberty,≤100
107411195436988,Brain System,These ads ran without a disclaimer,≤100
103129215108257,Apollo Q Jackson,These ads ran without a disclaimer,≤100
108433238844,CWEB,CWEB Inc.,≤100
257334551382567,Friends And Families For VVSD 365U,Citizens for Steven Quigley,≤100
110133700706695,2 Queers In A Truck,2 Queers In A Truck,≤100
109465560444254,Roce Today,I-ROCE LLC,≤100
140499052681592,Bank of the West,These ads ran without a disclaimer,≤100
5633824547,FreedomWorks,FREEDOMWORKS FOR AMERICA,≤100
105566855513100,Tim Hoffman for Denver,Committee to Elect Tim Hoffman,≤100
1165122570296957,Phoenix Zones Initiative,Phoenix Zones Initiative,≤100
157219894855724,Re-Elect Judge Paul Malchesky,Committee to Elect Malchesky for Judge,≤100
330617944306531,Jerica Richardson,"Jerica for Cobb, Inc",≤100
104308875463441,Liz Ortega for Assembly,Liz Ortega for Assembly,≤100
1021363541384039,Congresswoman Susan Wild,Congresswoman Susan Wild,≤100
390280917663416,Palmetto Gun Rights,Palmetto Gun Rights LLC,≤100
105433068107986,"निधि मेहरा ग्राम प्रधान, पंचायत जस्सागांजा",These ads ran without a disclaimer,≤100
504118316658151,SilencedOrganic,SilencedOrganic.com,≤100
102262718547519,Crazy Uncle Gil,Gilbert Cuevas,≤100
361017927370179,Amy Bird Astrology,These ads ran without a disclaimer,≤100
104433869117288,venitadimos,These ads ran without a disclaimer,≤100
127831886126123,Africa Health ExCon,These ads ran without a disclaimer,≤100
1662707464035562,Foodie Coaches,These ads ran without a disclaimer,≤100
113079975378944,Mike Ball Dive Expeditions,These ads ran without a disclaimer,≤100
145943778806799,롯데월드타워·롯데월드몰,These ads ran without a disclaimer,≤100
103266179197686,marinadarklight,These ads ran without a disclaimer,≤100
112231348496956,point_in_our_heart,These ads ran without a disclaimer,≤100
103497027790225,Fonos,These ads ran without a disclaimer,≤100
117422347902507,Matheus Alexandre - Assessoria jurídica,These ads ran without a disclaimer,≤100