﻿Page ID,Page name,Disclaimer,Amount spent (COP)
787232315012598,Cristian Barragán Correcha - Tol,Cristhian Andres Barragán Correcha,23919
101071764864119,Dulce Veneno,Dulce Veneno,8136
317121325155720,Sin Editar,Oscar Orlando Borja Moreno,6896
108158921672438,Llener Borja,Alvaro Jose Gomez Ramirez,6097
213798789191992,Partido de la U Col,Partido Social de la Unidad Nacional,3545
362827957704531,Marco Adrián Artunduaga Gómez,Carlos Alberto Carrillo Perez,2683
170633243101916,Alexander Serrato Fonseca,Fernando Alexander Serrato Fonseca,2079
101769386141297,Congreso Nacional de Actualización Tributaria y Laboral,Julian Chuchoque,1893
969143216462972,Felipe Cañizalez,Andreina Quintero Correa,1555
966430316788791,Colombia Compra Eficiente,Digital Synergy SAS,1396
187347485170138,Secretaría de Hacienda del Cauca,Juan Sebastian Fuentes Campos,1355
1823807254333065,Soy Más País,Soy Mas Pais,1100
113149344929527,Loly Montañez,Loly Montañez,986
765302097170348,Línea Cero,Linea Cero,983
418155555015037,Germán Escobar Cundinamarca,German Mauricio Escobar,956
108875804858437,Antimilitantes,Antimilitantes,875
140451182823675,Edwin Palma Egea,Edwin Palma Egea,753
179003239458192,Jorge Humberto Rangel,Jorge Rangel,627
2158318667815480,Nancy Henao Concejal Verde Pereira,Nancy Concejal Verde,386
466445923412524,Miguel Ángel Barreto,Joshua Escobar Rengifo,383
571909563291966,Dagoberto Tejada Torres,Dagoberto Tejada Torres,302
1622001728047397,Harman Alcalde,Harman Alcalde,301
2347968758813268,Julito Romero,Julito Romero,291
1529335724037224,Aeropuerto del Café,INTUAL,238
1400280116941194,Fabian Diaz,Fabian Diaz,212
194315573916010,Norma Hurtado Sanchez,Norma Hurtado Sanchez,211
861234197280988,Stefany Gómez Concejala de Armenia,Stefany Gomez Murillo,206
381464961911270,Cruz Roja Antioquia,Cruz Roja Colombiana Seccional Antioquia,169
1832438050403942,Amin Losada,Ginna Tatiana Piragauta Guzman,161
351633895540830,Cristhian Fernandez Concejal,Cristhian Camilo Fernandez Morales,148
108459260282,Universidad La Gran Colombia,Universidad La Gran Colombia,137
293468087920176,Adriana Perez,These ads ran without a disclaimer,115
734195543347719,Javier Julio Bejarano,Javier Julio Bejarano,110
851680034864966,Proantioquia,FUNDACION PARA EL DESARROLLO DE ANTIOQUIA. ANTIOQUIA POR COLOMBIA,≤100
2341225942579432,Edwin Marín Concejal,Edwin Fabian Marin Marin,≤100
1961087004115019,Zijin-Continental Gold Colombia,Zijin-Continental Gold,≤100
53177129367,Dilian Francisca Toro Torres,Dilian Francisca Toro,≤100
204435366254477,IETA - Instituto de Estudios Técnicos Aeronáuticos,William Guillermo Delgado Lopez,≤100
237316706446146,Alianza Francesa de Pereira,Alianza Francesa de Pereira,≤100
482843431735019,INDER Bello,Instituto Municipal de Deporte y Recreación de Bello - INDER Bello,≤100
188371488749555,Mauro Marquez,Mauricio Marquez Valencia,≤100
122989028111811,Alexander Ruiz,Edgar Alexander Ruiz Garcia,≤100
106125295156311,Jose Elner Gonzalez,Jose Elner Gonzalez Azcarate,≤100
2339056213025539,Concejal juan rivera,Giselle Borda Escobar,≤100
101801685891012,Revista Knowable,These ads ran without a disclaimer,≤100
85147586731,Julio César Triana,Julio César Triana,≤100
492984144218541,Morning Worship Moment,These ads ran without a disclaimer,≤100
109376494661183,Aliaxis Latam,These ads ran without a disclaimer,≤100