﻿Page ID,Page name,Disclaimer,Amount spent (BRL)
286861344662855,Stella Artois,Ambev,2029
224950980894382,Fred Costa,Frederico Borges Da Costa,1903
141627992572943,Budweiser,Ambev,1654
425350744240843,Comitê Internacional da Cruz Vermelha,Comitê Internacional da Cruz Vermelha,1299
176740279057602,CDL De Belo Horizonte,CAMARA DE DIRIGENTES LOJISTAS DE BELO HORIZONTE,898
810484929045349,BNDES,BANCO NACIONAL DE DESENVOLVIMENTO ECONÔMICO E SOCIAL,868
157982450937286,Senador Carlos Viana,Carlos Alberto Dias Viana,809
2209636419286152,Elismar Prado,Elismar Prado,789
416907625028840,Governo do Estado de Minas Gerais,Governo de Minas Gerais,722
425215080864180,Pfizer Brasil,Pfizer,676
109770755848061,Suzano,Suzano SA,620
110627197066277,Leandra Prefeita,Leandra Guedes Ferreira,428
63044235866,UN Climate Change,UN Climate Change with Facebook Ad Credits,407
333720355130,Petrobras,Petrobras,381
769891416403599,Câmara Municipal - Varginha,Câmara Municipal - Varginha,310
109354687306376,Instituto Conhecimento Liberta,Instituto Conhecimento Liberta,297
1127498110791820,EducaMídia,EducaMídia com créditos para anúncios do Facebook,291
128802790469337,Todos Pela Educação,Todos Pela Educação,290
391540320944905,Prefeitura de Uberlândia,Secretaria Municipal de Governo e Comunicação - SMGC,244
224777780881144,Visão Mundial,Visão Mundial,197
239977579362882,Blue3,Blue3 Investimentos,188
159103797542,Greenpeace Brasil,Greenpeace Brasil,171
105806795144292,EducaMídia 60+,EducaMídia 60+ com créditos para anúncios do Facebook,152
197587446941661,Valor Econômico,Editora Globo,128
604486089747468,Prefeitura de Monte Carmelo,Prefeitura de Monte Carmelo,119
103049939296677,Paulo Santiago,Approved Empreendimentos Digitais,117
1107156412729069,Câmara Municipal de Itabira,Câmara Municipal de Itabira,111
422953044564958,DMAE - Uberlândia,DMAE Uberlândia,107
198849783539777,Buscofem,Buscofem,106
101189854802059,Revista Oeste,Revista Oeste,104
104648831582042,Prefeitura de Tupaciguara,Prefeitura de Tupaciguara,101
343935282289497,Junynho Martins,Moacir Martins Da Costa Junior,≤100
1578235319127195,Seiko Brasil,ORIENT RELOGIOS DA AMAZONIA LTDA,≤100
201991609984528,Odair Cunha,Odair José da Cunha,≤100
165175370206522,Citi Brasil,Citi Brasil,≤100
146666362391479,Wagner Ferreira,Wagner Ferreira,≤100
483630874998954,Mauro Mendes,Mauro Mendes Ferreira,≤100
104738421003389,InvestNews BR,Easynvest,≤100
197698930267127,Alana,Instituto Alana,≤100
843985505628610,Órigo Energia,Órigo Energia,≤100
1535438430007461,Fábio Avelar,Fábio José de Oliveira,≤100
121016455967353,Transparência Eleitoral Brasil,TRANSPARENCIA ELEITORAL BRASIL,≤100
1443539549309168,Marcela Trópia,Marcela Trópia,≤100
611112112239401,Dr. Mário Heringer,MARIO LUCIO HERINGER,≤100
1336134043206295,Câmara Municipal de Nova Lima,Câmara Municipal de Nova Lima,≤100
364555187431146,Imove BR,iMOVE,≤100
115230991849922,O Globo,Editora Globo,≤100
106933371867327,Caderno Mapeado,These ads ran without a disclaimer,≤100
172444996112900,Fundo Brasil,Fundo Brasil,≤100
234254407089314,Professor Davi Ferraz,These ads ran without a disclaimer,≤100
257474324428139,Prefeitura de Itapagipe,Município de Itapagipe,≤100
295301523904650,Irlan Melo,Irlan Chaves de Oliveira Melo,≤100
193640871262,CLAUDIA Online,Kauira Grillo,≤100
366691953705757,Prefeitura Buritizeiro,Prefeitura de Buritizeiro,≤100
1773723042958335,Prefeitura de São Gonçalo do Rio Abaixo,PREFEITURA MUNICIPAL DE SAO GONCALO DO RIO ABAIXO,≤100
108953490968588,Gustavo Rodrigenes,Gustavo Henrique Rodrigenes Ferreira,≤100
360125334431298,Renova BR,ASSOCIAÇÃO RENOVA BR,≤100
1767220630177139,Animal Equality Brasil,Animal Equality Brasil,≤100
330379553673497,Oxfam Brasil,Oxfam Brasil,≤100
851328134910897,Deltan Dallagnol,Deltan Martinazzo Dallagnol,≤100
1533303356759820,Igor Timo,Igor Timo,≤100
170238043113891,Professor Rômulo Passos,Romulo Silva Passos,≤100
306378149952222,Matheus Utsch Vereador PL,Matheus Utsch De Oliveira,≤100
2109548659331951,Cursinho da Glória,Cursinho da Glória Eireli ME,≤100
108907578040742,Arnaldo Silva,Arnaldo Silva Junior,≤100
490602331026753,Franco Cartafina,Franco Cartafina,≤100
266812276714551,Prefeitura De Pouso Alegre,Prefeitura Municipal de Pouso Alegre,≤100
656106874424485,ArcelorMittal Brasil,These ads ran without a disclaimer,≤100
398383446886003,Fernando Breno,Fernando Breno Valadares Vieira,≤100
139640876082234,Pés Sem Dor,These ads ran without a disclaimer,≤100
288912644461718,Diário Do Rio Doce,These ads ran without a disclaimer,≤100
110225312350543,Nova Escola,Associação Nova Escola,≤100
7970426802,WWF-Brasil,WWF-Brasil,≤100
187970114581051,Anistia Internacional Brasil,Anistia Internacional Brasil,≤100
256377031769953,Casa Sapucaí,These ads ran without a disclaimer,≤100
101906326044232,Supervisora Rafaela Frizzo,Rafaela Petroli Frizzo,≤100
2323904661180742,All Out Brasil,All Out,≤100
130406304335750,ArcelorMittal Tubarão,These ads ran without a disclaimer,≤100
260205817453415,Cássio Soares,Cássio Soares,≤100
132804480113814,PwC Brasil,Pedro Martins,≤100
340099566052198,OAB MG Oficial,OAB Minas Gerais,≤100
197641483663137,Deputado Antonio Carlos Arantes,Dep. Est. Antonio Carlos Arantes,≤100
100616882690814,Evandro Pereira Advogados e Associados,Jose Brender Nascimento De Jesus,≤100
103346132413249,Projeto Capacitar,ASSOCIACAO A CASA DE HELENA ANTIPOFF - ADAV,≤100
108147365877214,Canal Futura,Fundação Roberto Marinho,≤100
228301373863551,Agência Pública,Agência Pública,≤100
215299685306830,Liza Prado,Liza Prado,≤100
258088921369,TOTVS,TOTVS,≤100
104315834773211,Fernando Linhares,Fernando Linhares Pereira,≤100
123884341029248,João Jorge,JOÃO JORGE DE SOUZA,≤100
101179625001334,Fernanda Pereira Altoé,Fernanda Elisa Pereira Altoe,≤100
104553347942750,Eder Borges,Eder Fabiano Borges Adao,≤100
914115575302130,Fundação Toyota do Brasil,Fundação Toyota do Brasil,≤100
117696002951936,Professor Wander,Wander Araujo De Freitas,≤100
103636484873759,uaiglam,These ads ran without a disclaimer,≤100
699334503504978,Instituto Desiderata,INS DESIDERATA,≤100
1073094749432841,Vereador Fred Piau,Frederico Alves,≤100
105867922383745,MedMil Rede Center Nunes,Marcia Dias Silva,≤100
291969064306588,Método de Aprovação,SCIREJUS APLICATIVOS JURIDICOS LTDA,≤100
106110870974653,Coronel Gedir Rocha,Gedir Christian Rocha,≤100
106279534857211,Juliana Jaber,Juliana Jaber Queiroz,≤100
1727879050847176,Caio Valace,CAIO LUCIUS VALACE DE OLIVEIRA SILVA,≤100
109944254174008,Alex Freitas,Alex Freitas,≤100
107100172245969,Brasil em Foco,Limpemeunome,≤100
103371341399241,Matias Fonseca,Matias Ebeneser Villa Fonseca,≤100
316177968823393,tinis.natureza,Instituto Alana,≤100
107620502120509,Vereador Valdmix Silva,Valdir Pereira Da Silva,≤100
115558703488480,IDP Online,Instituto Brasiliense de Direito Publico,≤100
109755887393846,Rochelle Gutierrez,Rochelle Bazaga,≤100
240089273143655,AAAPV,Andrew Patric Simek Da Silva,≤100
201878973201295,Republicanos10,Republicanos10,≤100
103509291457794,Pedrinho Salete,Pedro Ulisses Coimbra Vieira,≤100
104703999160949,Adega Corleone - Senador Amaral-MG,These ads ran without a disclaimer,≤100
143586369038919,Silva Freire Advogados,SILVA FREIRE ADVOGADOS,≤100
1700227383437806,OC Advogados,Oliveira e Carneiro Sociedade de Advogados,≤100
114341201261601,Expressão Brasil,Expressão Brasil,≤100
601350339912094,No Dice,These ads ran without a disclaimer,≤100
109789152161,Sou da Paz,Instituto Sou da Paz,≤100
104901368008698,edimarvereadorvespasiano,Edimar Da Silva,≤100
127789930632668,Conectas Direitos Humanos,Conectas Direitos Humanos,≤100
555593844558092,Julinho Fuzari,Julio Fuzari,≤100
105043501325850,Renata Borges,Renata Borges,≤100
110130805137999,Robô Reacionário,Alétheia Brasil,≤100
1075197569236018,Marcelo Monteiro,Marcelo Monteiro,≤100
69488070826,Fundação Abrinq,Fundação Abrinq,≤100
365719144012035,Dudu Braga,EDUARDO LÚCIO ÁSSIMOS BRAGA,≤100
103222252564490,Método de Aprovação,SCIREJUS APLICATIVOS JURIDICOS LTDA,≤100
185875761943,MDB Nacional,MOVIMENTO DEMOCRÁTICO BRASILEIRO,≤100
117691720031724,Hey Nude,Nude.,≤100
100645801775860,Douglas Cham,Douglas Amaral,≤100
458245938056642,LIMPA MEU NOME,Andre Serra,≤100
667798913593800,Sicoob Sertão Minas,Sicoob Sertão Minas,≤100
139007399495933,Fundação SOS Mata Atlântica,FUNDACAO S.O.S. PRO-MATA ATLANTICA,≤100
480633332051098,Sávio Souza Cruz,Sávio Souza Cruz,≤100
187869627968575,Roberto Tripoli,Roberto Tripoli,≤100
205853192909813,Igor Dias,These ads ran without a disclaimer,≤100
103654108205888,Fonasefe,CAJUINA PRODUÇÕES E MÍDIA DIGITAL,≤100
177812687354339,Raony Bourscheidt Rossetti,These ads ran without a disclaimer,≤100
214148498625473,João Vítor Xavier,João Vítor Xavier,≤100
118678938210868,SIMPI,Simpi,≤100
108555800869440,Sleeping Giants Brasil,Sleeping Giants Brasil,≤100
263199020531986,JOTA,JOTA,≤100
305405126987059,Thomaz Henrique,Thomaz Henrique Barbosa Da Silva,≤100
105928277775208,FRED Studio Produtora De Jingles,Frede Santos,≤100
358687161234,Proteção Animal Mundial,Proteção Animal Mundial,≤100
319356418132318,Gestos,Gestos Soropositividade Comunicação e Gênero,≤100
114478867907889,GRS - Defesa Médica,Samir Coelho Marques,≤100
100868962285299,Personal Marcelo Schroeder,Personal Marcelo Schroeder,≤100
101952348338520,agilecredito,Ágile Crédito & Capital,≤100
1806199256369336,Luis Henrique,Luis Henrique dos Santos Moreira,≤100
103261402533596,Professora Mariene Vereadora,Mariene Patricia Rodrigues,≤100
100710735473325,IDP - SP,"Instituto Brasileiro de Ensino, Desenvolvimento e Pesquisa Idp - LTDA",≤100
184233611668077,Sofia Cavedon,Sofia Cavedon Nunes,≤100
105486315127671,Lulagiganteoficial,ADONIS CESAR ALFONÇO TEIXEIRA,≤100
207518726005432,PSTU Nacional,PSTU,≤100
617032792036484,Prefeitura de João Monlevade,Prefeitura Municipal de João Monlevade,≤100
454225234639209,Vereadora Edir Sales,Edir Sales,≤100
105933125105087,Aqui Pela Saúde Dela,Organon,≤100
103779715064518,Uma Concertação pela Amazônia,Instituto Arapyaú de Educação e Desenvolvimento Sustentável,≤100
172271576134185,Habitat para a Humanidade Brasil,Habitat para a Humanidade Brasil,≤100
100616882690814,Evandro Pereira Advogados e Associados,Jose Evandro Pereira Da Silva,≤100
110714539970,Beats,Ambev,≤100
112840021044820,lilian_brasil_reis_,These ads ran without a disclaimer,≤100
105303991516916,Índigo Instituto,Fundação Instituto de Inovação e Governança,≤100
687020998102569,Vereador Lucas Bob,Lucas Vicente,≤100
105520569004820,Absolar Comunica,Associação Brasileira de Energia Solar Fotovoltaica,≤100
109385301299638,Score Subindo,Matheus Henrique Teixbira,≤100
100328766978187,Câmara Municipal de Guaxupé,Câmara Municipal de Guaxupé,≤100
1632845003624410,Lúcio Sorge,Lucio Sorge,≤100
103179011534802,Vanja,Vanja Honorina Aguiar Albino,≤100
170166996524709,Orlando Morando,Orlando Morando Junior,≤100
742859855830690,IRELGOV,IRELGOV,≤100
463296457107409,Grupo de Teatro Armatrux,These ads ran without a disclaimer,≤100
333776090315,Moon BH,Moon BH,≤100
101698949133179,Thais Cassano - Bequal,Thais Cassano - Bequal,≤100
104827392475350,Célia Almeida,Celia Bibiana De Almeida,≤100
314916388685112,Deputado Val Ceasa,Roosevelt Barcelos,≤100
106295375230090,Amigo do Clima,WAYCARBON SOLUCOES AMBIENTAIS E PROJETOS DE CARBONO S.A.,≤100
107063348442736,Cultura Jurídica,FMR - CURSOS ONLINE LTDA,≤100
282802611759257,MidiaJur - Jornalismo Plural,Midiajur,≤100
80591352579,Revista Superinteressante,Revista Superinteressante,≤100
193719533998484,Fundação Fernando Henrique Cardoso,Fundação FHC,≤100
101933305564897,Promic,Riole,≤100
109785372399873,IAB - Instituto dos Advogados Brasileiros,Instituto dos Advogados Brasileiros,≤100
127071000710022,Cenpec,Cenpec,≤100
383685571779039,Lucas Calil,Lucas Calil,≤100
103483818151512,Janaina Castro,Sobrenome Janaina Silva De Castro,≤100
127508364097375,Sindsep-Mg,SINDSEP-MG,≤100
101719672728750,Juca Andrade nutri,These ads ran without a disclaimer,≤100
835813059780644,Valdir Cobalchini,Valdir Cobalchini,≤100
903012169897213,Alex Bruno,Alex Ferreira,≤100
242062609325601,Agenda 227,ANDI AGENCIA DE NOTICIAS DOS DIREITOS DA INFANCIA,≤100
103281755716294,ctdomarketingpolitico,Thiago Tenorio,≤100
158779925464,Época NEGÓCIOS,Editora Globo,≤100
104738421003389,InvestNews BR,These ads ran without a disclaimer,≤100
1221955744599494,Walmir Pinto,Walmir Pinto,≤100
103039778175459,Hospitais PROADI-SUS,BP – A Beneficência Portuguesa de São Paulo,≤100
1550563871888480,Frank Costa,Vereador Frank Costa,≤100
506417589696816,Asbraf,ASBRAF,≤100
387146431355916,Bibo Nunes,Alcibio Mesquita Bibo Nunes,≤100
211156985614423,Unacon Sindical (Oficial),Unacon,≤100
115172553721431,Perfil Brasil,Grupo Perfil,≤100
106654458202376,ONG Jardim das Borboletas,ONG Jardim das Borboletas,≤100
465508674236677,Edmar Ptak,Edmar Ptak Guimaraes,≤100
101398528595814,dialogossobreofeminino,These ads ran without a disclaimer,≤100
196452727048562,Governo do Rio Grande do Sul,SECRETARIA DE COMUNICAÇÃO,≤100
109055221354055,Esfera Brasil,ESFERA ᴮᴿ,≤100
534805630341699,Idecan Oficial,"INSTITUTO DE DESENVOLVIMENTO EDUCACIONAL, CULTURAL E ASSISTENCIAL NACIONAL",≤100
143803862450980,Célio Studart,Célio Studart Barbosa,≤100
104657561883136,Cláudia Botelho,Heitor Dutra,≤100
103768438180017,Lab Criação,Lab Criação,≤100
481960978885807,Paula Belmonte,PAULA MORENO PARO BELMONTE,≤100
100475615641105,PHVox,PHVox LTDA,≤100
468698729854984,Jornal Andradas Hoje Regional,These ads ran without a disclaimer,≤100
599004516880467,ABRIG - Associação Brasileira de Relações Institucionais e Governamentais,Associação Brasileira de Relações Institucionais e Governamentais,≤100
615819488571542,TODXS,ASSOCIAÇÃO TODXS,≤100
109585864559527,Gustavo & Victor Infoprodutos,Gustavo & Victor Infoprodutos,≤100
103536864945166,Jornal Brasil Popular,Cielito Rebelatto Júnior,≤100
219942481388896,CIEDS,These ads ran without a disclaimer,≤100
104941785786172,Anjux Resultado Digital,Anjux Resultado Digital,≤100
1024840290996769,Lucas Pimenta,Lucas Pimenta,≤100
359871157981726,Decorando a Lei Seca,Decorando a Lei Seca,≤100
111006700550820,Cenarium Amazônia,CENARIUM AGENCIA DE NOTICIAS EIRELI,≤100
1860840190807777,Rodrigo Marrone,Rodrigo Martins De Sena,≤100
665498620499336,"O Novo Legislativo, por Renata Cunha",Instituto Renata Cunha,≤100
347742876973,ADPF - Associação Nacional dos Delegados de Polícia Federal,Associação Nacional dos Delegados de Polícia Federal,≤100
113005112093720,Aldo Solar,Aldo Solar,≤100
295671627286592,Criativos da Escola,Instituto Alana,≤100
201044363357878,Aliel Machado,Aliel Machado,≤100
112176991134924,Anna Lyvia Ribeiro,These ads ran without a disclaimer,≤100
109361464176820,Roberta Leitão,Roberta Leitão,≤100
1990589534564935,CMP Brasil,CMP Central de Movimentos Populares,≤100
182347542377356,Leandro Grespan,Leandro Flora Grespan,≤100
1164910073641031,Paulo Litro,Paulo Litro,≤100
326797144544,Partido Verde,Partido Verde,≤100
656965247684115,Zequinha Marinho,Zequinha Marinho,≤100
109950435163202,Ana Neves 1,These ads ran without a disclaimer,≤100
107034951094024,Zé,Jose Luiz Eroles Freire,≤100
239084452772926,IDS,IDS - Instituto Democracia e Sustentabilidade,≤100
114331956621307,kelly_couto_oficial,These ads ran without a disclaimer,≤100
103586255620966,Portal O Judiciário,Interativa Serviços de Marketing Ltda,≤100
265312144321652,Patriarca-Cidadania Italiana,Giuliana Callia,≤100
360148920704249,Sinpro Sindicato Dos Professores,Sindicato dos Professores no DF,≤100
100273286283063,Anita Silva,These ads ran without a disclaimer,≤100
337834286345988,Fundação Milton Campos,Fundação Milton Campos,≤100
269116656508331,Faaftech Soluções Inteligentes,These ads ran without a disclaimer,≤100
109652994015325,Dr. Breno - Vereador,Breno Oliveira,≤100
113650866857533,Diversitera,Diversitera,≤100
172154116311925,Sindserv Santos,Sindserv Santos - Sindicato dos Servidores Públicos Municipais de Santos,≤100
649566832145349,Informe Digital,Interativa Serviços de Marketing Ltda,≤100
1008846355811866,Lincoln Reis,Lincoln Reis,≤100
101931602624260,alinepereiraoficial,These ads ran without a disclaimer,≤100
108174580813437,Fresh People,Press Pass,≤100
541675135971541,Revista AzMina,Instituto AzMina,≤100
292876781067377,Ricardo Verpa,Denis Santos,≤100
147258388715323,Fundação Luterana de Diaconia (FLD),Fundação Luterana de Diaconia,≤100
123738945005630,Legisla Brasil,ASSOC LEGISLA BRASIL,≤100
195633240461905,Amcham Brasil,AMERICAN CHAMBER OF COMMERCE FOR BRAZIL SAO PAULO,≤100
844549288949778,IBPAD - Instituto Brasileiro de Pesquisa e Análise de Dados,IBPAD - INSTITUTO BRASILEIRO DE PESQUISA E ANALISE DE DADOS LTDA - ME,≤100
114248903470049,Frente Parlamentar Mista da Medicina,Frente Parlamentar de Medicina,≤100
103209655661357,Tilda Acessórios,Juliana Cardoso,≤100
111130822268479,IDP,"Instituto Brasileiro de Ensino, Desenvolvimento e Pesquisa IDP - LTDA",≤100
390724748409385,Voz do Amazonas,GLEYDSON AYDEM MESQUITA,≤100
101321981647613,Instituto Montese,Instituto Montese,≤100
1498647100170828,Prefeitos do Futuro,Prefeitos do Futuro Cursos e Treinamentos LTDA,≤100
507230282804571,Thiago Damaceno,Thiago Damaceno,≤100
419228248099705,Oassessor.com,O Assessor Serviços em Tecnologia da Informação Ltda,≤100
112600551688066,Bolsonaro Sincero,Alda Moraes,≤100
213048568820524,Vereador Paulo Frange,Rodrigo Carvalho,≤100
142073912632259,Carlos Giannazi,Deputado Carlos Giannazi,≤100
181618255580100,Palhaços Sem Fronteiras Brasil,Palhaços Sem Fronteiras Brasil,≤100
103244688005332,Ana Carolina Tedoldi,Melquesedeque Da Silva,≤100
108742321417244,Gerson Aragão,SCIREJUS APLICATIVOS JURIDICOS LTDA,≤100
100684735451074,ukinbrazil,These ads ran without a disclaimer,≤100
100430452902022,salamaleico.store,These ads ran without a disclaimer,≤100
1188994537783502,Tribunal Regional Eleitoral de São Paulo,Tribunal Regional Eleitoral de São Paulo,≤100
100957468899397,marcelaprest,These ads ran without a disclaimer,≤100
1429991283952332,Tadeu Martins Leite,Tadeu Martins Leite,≤100
101825239196134,seguidores_de_christus,These ads ran without a disclaimer,≤100
104388542528050,Rita Souza,Paulo Rita Estado,≤100
109597815616,VEJA,Revista Veja,≤100
101377912820413,Seminário Reboot,Agência Nuvem,≤100
210467206143608,Portal de Prefeitura,Portal de prefeitura,≤100
159394350833983,Diário do Comércio,Vinicius Morais,≤100
103039778175459,Hospitais PROADI-SUS,Hospital Israelita Albert Einstein,≤100
163372447147733,Cidade de Assis,Prefeitura de Assis,≤100
180288108842781,Vereador Vander Luiz,Vander Luiz,≤100
106308415121143,Politique - Detalhamento de Votos,PRATIC SERVIÇOS EM TECNOLOGIA DA INFORMAÇÃO LTDA,≤100
1435540446680839,Anadem - Sociedade Brasileira de Direito Médico e Bioética,Sociedade Brasileira de Direito Médico e Bioética - ANADEM,≤100
696682877030294,Marcos Damasio,Deputado Marcos Damasio,≤100
207683096063608,Oecojornal,These ads ran without a disclaimer,≤100
136775633154402,Plan International Brasil,Plan International,≤100
1667390606866174,Amores Potentes,These ads ran without a disclaimer,≤100
206508853221615,Educação Consciencial,These ads ran without a disclaimer,≤100
1012400938779084,Juventino Silva,Juventino Silva,≤100
271242366375666,Edson Giriboni,Edson Giriboni,≤100
152305031470133,Hypeness,Hypeness,≤100
1550461761891234,Grupo Indusparquet,These ads ran without a disclaimer,≤100
101928459402878,Show Money,NATURALE HEALTH PRODUTOS NATURAIS,≤100
177796722633925,Abraão da Melgil,Abraão da Melgil,≤100
297286634167323,Elienai Mailson,Elienai Mailson Almeida De Souza I,≤100
102421802720677,edson_0001,These ads ran without a disclaimer,≤100
314201762284041,Fundação Friedrich Ebert - Brasil,These ads ran without a disclaimer,≤100
106896372083988,Mapas Históricos,Diogo Rodrigues,≤100
1689806274677603,Um Sorriso do Tamanho do Brasil,These ads ran without a disclaimer,≤100
2483489071886154,Negritude e Sindicalismo,Eduardo Rosa,≤100
112782417180090,Serra Negra em Foco - Gabriela Zelante,Gabriela Zelante Lambert,≤100
1597172553761116,Vereadora Ana Claudia Lesnik,Ana Lesnik,≤100
479463895572323,MultCred,Mateus Costa Da Silva,≤100
314172511971892,Sinpro Campinas,These ads ran without a disclaimer,≤100
112838245012711,lizzfgomes,These ads ran without a disclaimer,≤100
105450367833689,otonielvereador,These ads ran without a disclaimer,≤100
1641234622618194,leonardoabrahao.psi,LEONARDO ABRAHÃO PIRES REZENDE,≤100
1491681474458343,Bancários Rio,Sindicato dos Bancários do Rio de Janeiro,≤100
1066040830147255,Daniel Lemos,Daniel Lemos,≤100
104161123005913,Fundação Tide Setubal,Fundação Tide Azevedo Setubal,≤100
110141154085783,Danilo Santos DS,Carlos Danilo Dos Santos,≤100
617925624964284,CUT Rio,CUT-RIO,≤100
153278282047297,Portal Vade News,Eduardo Fuccia,≤100
195963903782252,Revista seLecT,These ads ran without a disclaimer,≤100
456485074374104,Sindipetro SP,SINDICATO DOS TR NAS IN DE EX PE PR RE DE AR DI E TRA ATRAVES DE DU E IM DE PE DE E SI DOS EST DE SP GO E D FEDERAL,≤100
251565088803687,DRD Advogados,DRD Advogado,≤100
106400324934183,Roncali da Farmácia,Roncali Coelho Soares,≤100
1424817660887533,Armária,Armária - Cerejeira Comércio e Serviços LTDA,≤100
338576246223389,Tatiana Amaral,These ads ran without a disclaimer,≤100
108891514083852,Buiu do Povo,Nazareno Da Silva,≤100
271292143368224,Parola comunicação,Parola Comunicação,≤100
231205407443360,Denise Furman,These ads ran without a disclaimer,≤100
177870362290375,GAPC - Grupo de Apoio a Pessoas com Câncer,G.A.P.C - Grupo de Apoio a Pessoas com Câncer,≤100
101784872659738,Profissionais da Saúde,Gianny Cesconetto,≤100
219281048248677,Barros Munhoz,ROGÉRIO TEIXEIRA,≤100
100548542663502,fabiovbgaspar,These ads ran without a disclaimer,≤100
1481955922032563,Conselho Comunitário de Segurança de Cristalina-Go,These ads ran without a disclaimer,≤100
110850077739613,Conexão Magé,Leandro Da Silva Lugao,≤100
109110994173276,DR. Fernando Marcondes,Fernando Jose Sibila Marcondes,≤100
108866551994799,fabianaceri,These ads ran without a disclaimer,≤100
109385301299638,Score Subindo,These ads ran without a disclaimer,≤100
389743524537330,Dr. Jarques,Jarques Da Silva Ii,≤100
415540188621036,Marco Jean de Oliveira Teixeira - Advogado,Marco Jean de Oliveira Teixeira,≤100
233054513488150,Instituto Refazer,Instituto Refazer,≤100
94759429645,Fundação Telefônica Vivo,These ads ran without a disclaimer,≤100
237788013583648,"Direito da Saúde, Direito de Família e Sucessões",These ads ran without a disclaimer,≤100
197556540255499,Fundação de Educação Artística - FEA,These ads ran without a disclaimer,≤100
109412635100533,tony.investe,These ads ran without a disclaimer,≤100
474659352681433,Scaff,JOSE ANTONIO SCAFF FILHO,≤100
520803328039440,Recicla Sampa,Eco Urbis e Loga,≤100
187655821301660,Almedina Brasil,These ads ran without a disclaimer,≤100
107645247495177,euricoribeiro80,These ads ran without a disclaimer,≤100
179889306006859,Psicóloga Klariza da Silva,These ads ran without a disclaimer,≤100
2325585304387012,Nosso Impacto,Nosso Impacto,≤100
394833640588468,Pipoca Palomithas,These ads ran without a disclaimer,≤100
124632230915020,Luciana Genro,Luciana Krebs Genro,≤100
616575655188976,Prof. Dilmo Resende,Prof. Dilmo Resende,≤100
475140119340608,Rafael Alan,Rafael Romeiro,≤100
102115322161439,CineWeedding,These ads ran without a disclaimer,≤100
1750572711917405,Sérgio Bittencourt,These ads ran without a disclaimer,≤100
423455604726575,ChicoFlores,These ads ran without a disclaimer,≤100
109837888589658,abaporuoficial_,These ads ran without a disclaimer,≤100
201968370268696,Orquestra Jovem Circuito das Águas,Giovani Alves Loner,≤100
500679196780578,Instituto Ekos Brasil,Instituto Ekos Brasil,≤100
409733062460769,Beth Sahão,Elisabeth Sahao,≤100
310956322415289,Val Marques,Aldivino Marques Da Cruz Neto,≤100
458055717567581,Márcio Bernardes,Rafael Seabra Santos Giannella,≤100
386613051435067,TOTO ARTES,Tanielton Lopes Pereira J,≤100
1013875378734814,Márllon Maciel,Marllon Mendes Maciel,≤100
100919162757554,Falsos Mestres,Samuel Silva,≤100
100695025072922,Igreja Paz e Reino,Joao Pereira,≤100
106761888793255,Vapo e-Sports,These ads ran without a disclaimer,≤100
102382249298643,GAJS Moda Evangélica PdD,These ads ran without a disclaimer,≤100
111479418410660,filosofia.pela.democracia,These ads ran without a disclaimer,≤100
1463458067229810,Zenaide Senadora,Zenaide Maia Calado Pereira Dos Santos,≤100
522298594640876,Vereador Junior,Djalma Pires Leal Junior,≤100
1561397794177163,Assibge/SN - Sindicato nacional dos trabalhadores do IBGE,ASSIBGE SN,≤100
203173856752001,Santiago Lucas,Santiago De Lucas Angelo,≤100
426383670820652,Hospital Sírio-Libanês,These ads ran without a disclaimer,≤100
513050435473755,Jatobá,Jailton Jatoba Dos Santos,≤100
1713118635614009,"Victória, Uma Saga Italiana no Interior do Rio Grande",These ads ran without a disclaimer,≤100
204332286337317,Renato Assis Advogados Associados,These ads ran without a disclaimer,≤100
1943461812591225,Francês Ativo Avec Elisa,These ads ran without a disclaimer,≤100
105459025106310,fernandosibila,Fernando Jose Sibila Marcondes,≤100
961171580741502,Vereador Gordinho Do Povo,Rodrigo Penasso Da Silva,≤100
190489027690419,Jornal Midiamax,Jornal Midiamax,≤100
367980806622995,Bruna Furlan Deputada Estadual,Bruna Furlan,≤100
2419372891669210,MS em Brasília,MS em Brasília,≤100
100675561333761,Renata Gil,Renata Gil Alcantara Videira,≤100
109858521636947,planoconsultoriacontabil,These ads ran without a disclaimer,≤100
1469607286616029,Vereador Marcio Lago,Claudio Lago,≤100
620314628044090,Marcio Alvino,Deputado Federal Marcio Alvino,≤100
554033821400794,BLITZ PNEUS Continental,These ads ran without a disclaimer,≤100
102574314439871,Robson Santos,Robson Dos Santos,≤100
2013572278735852,Henrique Geaquinto Herkenhoff,These ads ran without a disclaimer,≤100
108103767571743,Escola Nacional da Magistratura,These ads ran without a disclaimer,≤100
199629846863073,Telma de Souza,Telma Sandra Augusto de Souza,≤100
1385523878422010,Dr. Vicente Caropreso,Dr. Vicente Caropreso,≤100
436336693077946,Caio Cunha,Caio Cunha,≤100
1435540446680839,Anadem - Sociedade Brasileira de Direito Médico e Bioética,These ads ran without a disclaimer,≤100
380752075612906,Deputado Cezar,Antonio Da Rocha Marmo Cezar,≤100
104486751876738,Tenente Coronel Zucco,Luciano Zucco,≤100
104116765856909,BM+,These ads ran without a disclaimer,≤100
346024818936949,Agência e-Plan,These ads ran without a disclaimer,≤100
1915028175242169,Ana Paula Freiberger,These ads ran without a disclaimer,≤100
186029714861523,Dr. Valdomiro Lopes,Valdomiro Lopes,≤100
610899749070975,Pura Energia Positiva,These ads ran without a disclaimer,≤100
611990522637907,Lgbtqi+ Regional,These ads ran without a disclaimer,≤100
110219725175316,Maísa Martins Brito,These ads ran without a disclaimer,≤100
442625245948189,Marcus Pessoa,Marcus Pessoa,≤100
1881193815243030,Prêmio Espírito Público,These ads ran without a disclaimer,≤100
104392297781554,Piteri,These ads ran without a disclaimer,≤100
111684038222902,Azzu Masterbatch,These ads ran without a disclaimer,≤100
1219414094752155,Aliança Resíduo Zero Brasil,Andrea Castro Soares,≤100
149949182164825,Vereador Elber Correa,Elber Correa Da Silva,≤100
317140004548,FGVces,These ads ran without a disclaimer,≤100
998620913587874,TC,TC TRADERS CLUB SA,≤100
110531927317644,Prof. Huelder - Vereador,Huelder Donizete Malagutti Ferreira,≤100
294204511116975,Vereadora Sônia Patas da Amizade,These ads ran without a disclaimer,≤100
566330050152679,Vereador Alex Purkote,Alex Purkote,≤100
102546529312534,_welliiingtoon,These ads ran without a disclaimer,≤100
344898319691456,Narcóticos Anônimos,Associação Brasileira de Narcóticos Anônimos,≤100
103620172561473,Divi Ta na Moda,These ads ran without a disclaimer,≤100
454363287967300,Elvis Cezar,These ads ran without a disclaimer,≤100
1594613884123934,IDIB,INSTITUTO DE DESENVOLVIMENTO INSTITUCIONAL BRASILEIRO - IDIB,≤100
1644171465899885,Ilma do Nenéo,These ads ran without a disclaimer,≤100
110130805137999,Robô Reacionário,These ads ran without a disclaimer,≤100
174471285940778,Nelson Trad Filho,Nelson Trad Filho,≤100
110839298285111,Portal Mel Cajuina,These ads ran without a disclaimer,≤100
1660998400857540,Pedro Roberto,Pedro Roberto,≤100
154038584654886,Hotel Cabreúva Resort,Hotel Cabreúva Resort,≤100
1168808356551035,Vereador Dr. Rodrigo Furtado,Rodrigo Cezar Furtado De Almeida,≤100
111908588405230,alecaronipsi,These ads ran without a disclaimer,≤100
111443310672818,Psicóloga Sirlei Lourenço,These ads ran without a disclaimer,≤100
932908963423378,Luciano do Secom,LUCIANO ALVES RIBEIRO,≤100
100417379468020,Agronomy MDPI,These ads ran without a disclaimer,≤100
106918888863637,Veterinary Sciences MDPI,These ads ran without a disclaimer,≤100
131189377574,MDPI,These ads ran without a disclaimer,≤100
526079487415848,XCMG Group,These ads ran without a disclaimer,≤100
100902265208852,Veganuary Brasil,These ads ran without a disclaimer,≤100
100432322646591,Magnom Properties,These ads ran without a disclaimer,≤100
104997838513523,Antônio Caiado,These ads ran without a disclaimer,≤100