﻿Page ID,Page name,Disclaimer,Amount spent (USD)
101605572118417,Qarabağ Dirçəliş Fondu,Qarabağ Dirçəliş Fondu,≤100
113249571609702,Hörümçək az,Khadija Hamidi,≤100
108272475270673,Göygöl Rayon İcra Hakimiyyəti,Göygöl Rayon İcra Hakimiyyəti/Excutive Power of Goygol District of Azerbaijan,≤100
104355860955968,Press Klub,Nicat Əliyev,≤100
806234346120161,Toplum TV,Toplum tv,≤100
177856385592294,Kulis az,Kulis az,≤100
1431548557163783,Caliber News,Caliber LLC,≤100
101706675429426,Karabakh Center,Qarabağ Dirçəliş Fondu,≤100
519983814812150,Xeberler,Taryel Huseynli,≤100
161579680559076,Vesti az,Vesti az,≤100