﻿Page ID,Page name,Disclaimer,Amount spent (USD)
268133679872094,الديوان-Aldiwan,الديوان-Aldiwan,≤100
112437831252270,محمد خالد الغويل,محمد خالد الغويل,≤100
102697318856209,حزب السلام والازدهار,السلام والازدهار,≤100
231575013948636,الحكومة الليبية - The Libyan Government,الحكومة الليبية - The Libyan Government,≤100
103408078398525,محمد ابولموشه,محمد ابولموشه,≤100
101262239238670,بولوتيكا - Polotica,These ads ran without a disclaimer,≤100