﻿Page ID,Page name,Disclaimer,Amount spent (USD)
179167545479394,Салідарнасць,Онлайн-медиа «Салiдарнасць»,≤100
105497721784216,Филин. Оперативная аналитика и публицистика,Филин. Оперативная аналитика и публицистика,≤100
114247604036354,Инфограф,These ads ran without a disclaimer,≤100
435908906573766,ASER,These ads ran without a disclaimer,≤100
154923374536050,LKAB,These ads ran without a disclaimer,≤100
615058398626084,Ludo Aequitas,These ads ran without a disclaimer,≤100
164432246934163,Chopard,These ads ran without a disclaimer,≤100
190992343324,BBC News Russian,These ads ran without a disclaimer,≤100