﻿Page ID,Page name,Disclaimer,Amount spent (EUR)
115544808144133,Tere Moldova,Tere Moldova,≤100
119613531125997,Moldova вперед,Moldova вперед,≤100
107268481041226,PAS Anenii Noi,Partidul Acțiune și Solidaritate,≤100
112352651471410,Morari.live,Morari.live,≤100
183586548468420,Dorin Recean,Dorin Recean,≤100
319803971471711,Guvernul Republicii Moldova,Cancelaria de Stat,≤100
106535802709949,Vlad Filat,Vlad Filat,≤100
1805726386405532,WatchDog.MD,WatchDog.MD,≤100
160625514692148,StopFals.md,StopFals.md,≤100
119955864353882,toți pentru Moldova / все за Молдову,toți pentru Moldova / все за Молдову,≤100
101786405377420,maib business,maib,≤100
489275994741865,Sergiu Burlacu,Sergiu Burlacu,≤100
739189706285160,De facto: Ne apărăm de propagandă,De facto: Ne apărăm de propagandă,≤100
597470323744357,Primăria Mea,Primăria Mea,≤100
1827162984186887,Вячеслав Платон: за свободную Молдову.,Вячеслав Платон: за свободную Молдову.,≤100
107921621820045,Platforma pentru Inițiative de Securitate și Apărare,Platforma pentru Inițiative de Securitate și Apărare,≤100
111718006853689,Radar Politic,Radar Politic,≤100
223647077681853,Asociatia Presei Independente,API,≤100
188592694525762,Fundația Soros Moldova,Fundația Soros Moldova,≤100
107314328262973,Provocarea Schimbării în Agricultura din Moldova,Provocarea Schimbării în Agricultura din Moldova,≤100
1641823949368794,Partidul Național Moldovenesc,Partidul National Moldovenesc,≤100
615040838898606,Angry Birds Dream Blast,These ads ran without a disclaimer,≤100
101842212936338,Ruttor,These ads ran without a disclaimer,≤100