﻿Page ID,Page name,Disclaimer,Amount spent (EUR)
101519168409673,Dimitar Kovacevski,СДСМ,≤100
101754962766151,Рацин.мк,Рацин.мк,≤100
330217683655885,Lokalno,Lokalno,≤100
192483774872658,Демократи,Демократи,≤100
1677572455714659,Јорго Огненовски,Демократи,≤100
829371753904952,Hristijan Mickoski,ВМРО-ДПМНЕ,≤100
400497373674524,СамоПрашај.мк,Institut za komunikaciski studii,≤100
109355605764049,Radio Mreza Kanal 77,Радио Канал 77,≤100
191683947531941,medium.edu.mk,Институт за комуникациски студии,≤100
971176269757392,Дома,Институт за комуникациски студии ИКС / Institute of Communication Studies,≤100
287369438092961,Бојан Стојаноски,Бојан Стојаноски,≤100