﻿Page ID,Page name,Disclaimer,Amount spent (USD)
248547585333443,قناة الغد Alghad TV,These ads ran without a disclaimer,≤100
995765983772115,Dzair Tube,Dzair Tube,≤100
105277668572695,عماد الوزير,These ads ran without a disclaimer,≤100
430258463820053,International School of Ministry with Pastor Chris,These ads ran without a disclaimer,≤100
100521781491273,منتدى الأوراس للتضامن و التنمية,منتدى الأوراس للتضامن و التنمية,≤100