﻿Page ID,Page name,Disclaimer,Amount spent (USD),Number of ads in Library
111160730747637,Trivia Stars,These ads ran without a disclaimer,≤100,1
155174084508744,Banque mondiale,These ads ran without a disclaimer,≤100,1
102245370126806,Luis Felipe Tilleria,These ads ran without a disclaimer,≤100,1
1883003128429295,Queer Majority,These ads ran without a disclaimer,≤100,1
102300279228311,MadeinChina,These ads ran without a disclaimer,≤100,1
1486199311596755,عقارات باغی شقلاوە,These ads ran without a disclaimer,≤100,1
106170661628518,香港V,These ads ran without a disclaimer,≤100,1
101981918812659,Sindjus,These ads ran without a disclaimer,≤100,1
155438574470276,DW українською,These ads ran without a disclaimer,≤100,1
131664893560695,Origins OSU,These ads ran without a disclaimer,≤100,1