﻿Page ID,Page name,Disclaimer,Amount spent (EUR)
1827162984186887,Вячеслав Платон: за свободную Молдову.,Вячеслав Платон: за свободную Молдову.,≤100
105271302559847,Summitul EPC 2023 în Moldova,Ministerul Afacerilor Externe și Integrării Europene,≤100
101786405377420,maib business,maib,≤100
148909798467913,Partidul Social Democrat European,Partidul Social Democrat European,≤100
160625514692148,StopFals.md,StopFals.md,≤100
100374961512104,Партия Действие и Cолидарность,Partidul Acțiune și Solidaritate,≤100
1805726386405532,WatchDog.MD,WatchDog.MD,≤100
739189706285160,De facto: Ne apărăm de propagandă,De facto: Ne apărăm de propagandă,≤100
101786405377420,maib business,These ads ran without a disclaimer,≤100
165158373553979,UNDP Moldova,PNUD Moldova,≤100
348313861992116,UN Women Moldova,SerAd Plus SRL,≤100
1641823949368794,Partidul Național Moldovenesc,Partidul National Moldovenesc,≤100
111718006853689,Radar Politic,Radar Politic,≤100
908402452570843,Partidul Acțiune și Solidaritate,Partidul Acțiune și Solidaritate,≤100
1697149123885498,Noi.md / Interviuri și analitica,NOI.md,≤100
356890387771563,Monitor Hate Speech Moldova,Promo-LEX,≤100
166795108357,Mediapoint,Mediapoint,≤100
644806275636506,CGTN Magyarul,These ads ran without a disclaimer,≤100
340577086006224,CRI German,These ads ran without a disclaimer,≤100