﻿Page ID,Page name,Disclaimer,Amount spent (THB)
546416699215073,ห้องสื่อครูคอม,ห้องสื่อครูคอม,≤100
294479601137068,Vintage Highschool,These ads ran without a disclaimer,≤100
104427797605274,พี่ต่อ ดร.เฉลิมชัย ศรีอ่อน “คำไหน-คำนั้น”,พี่ต่อ ดร.เฉลิมชัย ศรีอ่อน “คำไหน-คำนั้น”,≤100
108515294626891,สอบข้าราชการท้องถิ่น By Thurakan,สอบข้าราชการท้องถิ่น By Thurakan,≤100
622674297897819,Screenshirt2020,Screenshirt2020,≤100
102748462101589,เราจะสร้างช่องว่างในจักรวาล โลกของคนเท่ากัน,These ads ran without a disclaimer,≤100
100188792560525,เฟอร์นิเจอร์ตกแต่งบ้านราคาถูก,These ads ran without a disclaimer,≤100
105992549162758,ข่าวชีวิตติดกระแส,บริษัท เดนิส แอดส์ จำกัด,≤100
115922723434700,ครูเจพีสรุปย่อ for Teacher,ครูเจพีสรุปย่อ for Teacher,≤100
104393812499502,ชีทสรุปกฎหมาย สำหรับสอบราชการ พนักงานราชการ by.kantap,ชีทสรุปกฎหมาย สำหรับสอบราชการ พนักงานราชการ by.kantap,≤100
418729291509368,สถาบันปรีดี พนมยงค์ Pridi Banomyong Institute,สถาบันปรีดี พนมยงค์ Pridi Banomyong Institute,≤100
1105604039583762,Line One สว.นท. ขอเชิญส่งประวัติ ส่วนตัว องค์กร เพื่อเข้ารับรางวัลประจำปี,Line One สว.นท. ขอเชิญส่งประวัติ ส่วนตัว องค์กร เพื่อเข้ารับรางวัลประจำปี,≤100
104414891596686,Studio Photo Story,These ads ran without a disclaimer,≤100
106028831878217,JW Clinic คลินิคผิวหนัง ความงาม,These ads ran without a disclaimer,≤100
110766468644579,อนันต์ ปรีดาสุทธิจิตต์,อนันต์ ปรีดาสุทธิจิตต์,≤100
117202611369933,ป้ายชื่อเครื่องแบบด่วน,These ads ran without a disclaimer,≤100
107612328588715,The Voters,The Voters,≤100
105546651850693,วีรนันท์ ฮวดศรี-Weeranan Huadsri-ทนายป๊อก,วีรนันท์ ฮวดศรี-Weeranan Huadsri-ทนายป๊อก,≤100
100771725640770,พุทธกัลยา,These ads ran without a disclaimer,≤100
106326640734371,เสื้อกั๊กกรมการปกครองหรือกระทรวงต่างๆ มีบริการเก็บเงินปลายทาง,These ads ran without a disclaimer,≤100
333794970138725,Gen.Bunchon - บัญชร ชวาลศิลป์,Gen.Bunchon - บัญชร ชวาลศิลป์,≤100
418729291509368,สถาบันปรีดี พนมยงค์ Pridi Banomyong Institute,These ads ran without a disclaimer,≤100
108625789179165,Soi Dog Foundation,These ads ran without a disclaimer,≤100
174738095989909,Pichai Naripthaphan,These ads ran without a disclaimer,≤100