﻿Page ID,Page name,Disclaimer,Amount spent (ARS)
130929705668,Municipalidad de Córdoba,Municipalidad de Córdoba,26794
63044235866,UN Climate Change,UN Climate Change with Facebook Ad Credits,3786
723789384402976,Municipalidad de Juana Koslay,Juana Koslay,2249
631005016932969,Gabriela González Riollo,Gabriela Gonzalez Riollo,2203
386830351387514,InfoSanLuis.com,InfoSanLuis.com,2121
118736245504093,TOTI  Intendente,TOTI  Intendente,1825
947520791967929,Claudio Poggi,Claudio Javier Poggi,1058
367089004808,Amnistía Internacional Argentina,Amnistía Internacional Argentina,780
1727280190891954,FRANCE 24 Español,These ads ran without a disclaimer,344
101996084777901,Mariela Belski,Mariela Belski,212
108679841853325,Contame Más,Contame Más,200
1120123988007891,Gobierno de San Luis,Gobierno de la provincia de San Luis,186
20906273675,Greenpeace Argentina,Greenpeace Argentina,160
122008198196943,Revolución Popular,Revolución Popular,132
459777610743664,Ariel Sujarchuk,Ariel Sujarchuk,121
110276628358382,El Autónomo,El Autónomo,115
110806461830762,El Sol Web,El Sol Web,≤100
102534516011045,La Gloria Noticias,La Gloria Noticias,≤100
304176325478,La Política Online,La Política Online,≤100
131381938371647,Corta La Bocha Noticias,Corta La Bocha,≤100
705172499580470,Gustavo Martinez,Gustavo Martinez,≤100
317140548314140,San Fernando Municipio,San Fernando Municipio,≤100
1323405841047508,Laura Mondino,Laura Mondino,≤100
238778949515431,El Cronista,El Cronista,≤100
103948405867129,El Confidencial Noticias,El Confidencial Noticias,≤100
378225769015907,Fundación Embajada Abierta,Fundación Embajada Abierta,≤100
125183747539071,Noticias Argentinas,Noticias Argentinas,≤100
335926266503071,7D,7D,≤100
111064391804839,Argentina Productiva,Argentina Productiva,≤100
362315123823816,Municipalidad de San Miguel de Tucumán,Municipalidad de SM de Tucumán,≤100
59772763998,Mauricio Ibarra,Eduardo Mauricio Ibarra,≤100
573018649750585,Ana Clara Romero,Ana Clara Romero,≤100
107278443174,Mundo D,La Voz del Interior,≤100
112090455034177,El Portavoz Oficial,El Portavoz,≤100
103846469204203,La Ola Noticias,La Ola Noticias,≤100
796480967084066,Cele Fierro,MST Movimiento Socialista de los Trabajadores,≤100
104147274759706,Periodismo de Izquierda,Periodismo de Izquierda,≤100
441932999309507,Gabriel Real Diputado,Franco Nazareno Vitterbo,≤100
111669735076988,Hora Cero,Hora Cero Noticias,≤100
175844725888213,Alejandro Bodart,MST Movimiento Socialista de los Trabajadores,≤100
605540860101596,Diario Criollo,Diario Criollo,≤100
445691695763603,Eber W. Solis,Eber Wilson Solis,≤100
105493327767840,Newsweek Argentina,Newsweek Argentina,≤100
628498977777284,El Continental,Periodico El Continental,≤100
643513979193133,Unidos por Beatriz,Neuma,≤100
134557130216408,Jorge Jofré,Jorge Jofre,≤100
145806262649419,Fer Miño,Patria de Todos,≤100
699758330894365,Actualidad Argentina,Actualidad Argentina,≤100
103163212414881,Néstor Fiser,Dahyana Natali Terrier,≤100
857382087671921,Maxi Abad,radicalesorg,≤100
100496104983370,Jeremías Rodríguez,Ulises Jeremias Rodriguez,≤100
271357293358897,Javier Fernandez,Javier Omar Fernandez,≤100
316056528999754,Periodistas x el planeta,Periodistas por el Planeta,≤100
102570774863673,LOBBY,LOBBYEscuela,≤100
1465312150186084,Argentinos por la Educación,Argentinos por la Educación,≤100
103021535961289,Cede,Cristian Emiliano Ynglada,≤100
914256738635117,Agustín Romano Norri,Agustin Jose Norri,≤100
544640985878621,Argentinos Online,Argentinos Online,≤100
1431888320420117,La Izquierda Diario,La Izquierda Diario,≤100
103553635446983,Plan B Misiones,Martin Boerr,≤100
643850145752196,Herrajesanjose.com.ar - Distribuidor de Cerrajerías,Herrajes San Jose,≤100
101349631999937,Noticias para el Cambio,Noticias para el Cambio,≤100
113384436026702,Caren Tepp,Ciudad Futura,≤100
178919202140944,Francisco Quintana,Francisco Quintana,≤100
110176434056950,UNIR Santa Cruz,Diego Bavio,≤100
428179387610545,Agenda Malvinas,Marco Federico Correa,≤100
405238159584328,Hector Herrera,Cristian Francisco Jerez,≤100
219074291500100,Hugo Marcucci,Hugo Mar,≤100
1192374014146549,María Emilia Abdelnabe,Maria Emilia Abdelnabe,≤100
259700217384725,Le Monde diplomatique - Edición Cono Sur,Capital Intelectual S.A.,≤100
699853426735213,Gustavo Solis,Gustavo Solis Monico,≤100
886667964679142,Fabián Gramajo,Fabián Gramajo,≤100
565548733496177,Álvaro González,Alvaro Gonzalez,≤100
1567154286880194,Marcelo Albaca,Marcelo Albaca,≤100
101486892149690,Secretaría de Gobierno Las Heras,Roxana Elizabeth Chacon,≤100
100921729540545,Andres Horacio Ibarra,Andres Horacio Ibarra,≤100
110328824557658,Coronel Pringles Frente Renovador,Maximiliano Gaston Elormendi,≤100
101170626194622,Ciudadania Italiana urgente,Sebastian Miguel Angel Villalobos,≤100
413356852758756,Rodolfo Aguiar,Rodolfo Aguiar,≤100
1408542766063285,Carla Carrizo,Ana Carla Carrizo,≤100
157158714332099,CELS - Centro de Estudios Legales y Sociales,Centro de Estudios Legales y Sociales,≤100
110673408360783,Seciti,"Secretaría de Ciencia, Tecnología e Innovación",≤100
233734300112003,Juan Monteverde,Ciudad Futura,≤100
1541428379519312,Luciano Demarco,Luciano Demarco,≤100
496728270512125,Nuevos Papeles,Nuevos Papeles,≤100
108735120874242,Andrés Melis,Andres Melis,≤100
177720598950247,La Ciudad Desnuda,Juan Esteban Scoufalos,≤100
105683075525564,CANAL MUTUO,These ads ran without a disclaimer,≤100
899602563465823,Maximiliano Mascheroni,Maximiliano Martin Mascheroni,≤100
101961091604984,ARGMedios,arg medios,≤100
133937418577537,Utopia Urbana,Utopía Urbana,≤100
109287948479430,Diario 9️⃣,diario 9,≤100
258546478015654,Laura Jure,Laura Jure,≤100
1405120706440456,Conclusión,Diario Conclusión,≤100
111492845540608,Fondo de Cultura Económica Argentina,Fondo de Cultura Económica Argentina,≤100
137071079685429,Secretaría de Turismo Villa Gesell,Secretaria de Turismo de Villa Gesell,≤100
1744262295791445,Osjera,OSJERA,≤100
1439672939588656,Arto Kalciyan,Leonardo Gabriel Forgia,≤100
296125587732930,Guillermo Rey Leyes,Guillermo Jose Rey Leyes,≤100
106716278920168,Noticias Argentinas,Noticias Argentinas Web,≤100
113923401326706,El país ya,El país ya,≤100
100932749306130,Noticias Andinas,Noticias Andinas,≤100
1330549033627468,Juan Martín,Juan Carlos Martin,≤100
109224395155761,Pic,Revista Pic!,≤100
163829927003495,Armando Pipi Traferri,Armando Pipi Traferri,≤100
101302041450958,Secretaría Energía y Minería La Pampa,Secretaría de Energía y Minería de La Pampa,≤100
109237045323181,Patagonia Noticias,Patagonia Noticias,≤100
102531515432792,Espacio Audiovisual Nacional,DAC - Directores Argentinos Cinbematográficos,≤100
234867507040535,Carlos Cacho Luna,Florencia Belen Narváez,≤100
114191719953779,Falun Dafa Latam,Colón es para Shen Yun,≤100
425208234739953,Que Te Pasa TDF,Que Te Pasa TDF,≤100
100513966017836,Noticias del Sur,Noticias del Sur,≤100
499141756879767,Federico Achával,De Tu Lado Siempre,≤100
292129440851133,CropLife Latin America,These ads ran without a disclaimer,≤100
100272671672857,Carlos Cisneros,Carlos Cisneros,≤100
625328660976925,Laura Velasco,Laura Gonzalez Velasco,≤100
101124492234921,Rodrigo Galván,Rodrigo Alberto Galvan Fernandez,≤100
131189377574,MDPI,These ads ran without a disclaimer,≤100
100432322646591,Magnom Properties,These ads ran without a disclaimer,≤100
1713118635614009,"Victória, Uma Saga Italiana no Interior do Rio Grande",These ads ran without a disclaimer,≤100