﻿Page ID,Page name,Disclaimer,Amount spent (HNL),Number of ads in Library
114601521910,Jorge Aldana,Jorge  Aldana,3034,15
349524351841734,Cárlenton Dávila,Jose Carlenton Davila Mondragon,955,1
1619479898324505,Partido Liberal de Honduras,Partido Liberal de Honduras,837,3
1392592317738074,Jorge Cálix,Jorge Cálix,433,8
486382251906084,Honduras El Pais,Diario El  Pais.hn,298,7
104599735671754,Goberna Honduras,Goberna Honduras,279,10
153003381515332,Cespad - Centro de Estudio para la Democracia,Centro de Estudio para la Democracia (Cespad),206,2
112333800693678,Hugo Noé Pino Diputado F.M,Daniel Andres Casula Salinas,148,1
109926928389181,Gabriel Nunes,These ads ran without a disclaimer,≤100,7
100520825048827,Movant Connection,These ads ran without a disclaimer,≤100,2
105645202272681,Migración Hoy,These ads ran without a disclaimer,≤100,1
110818941452003,Morehackz Stories,These ads ran without a disclaimer,≤100,2
100374392742057,Weregreenly- Magazine,These ads ran without a disclaimer,≤100,2
95775573753,Frontiers,These ads ran without a disclaimer,≤100,1
110242431205971,,These ads ran without a disclaimer,≤100,1
200480966638039,Supremacy 1914,These ads ran without a disclaimer,≤100,1