﻿Page ID,Page name,Disclaimer,Amount spent (USD)
361960287311696,Better Medicare Alliance,"Better Medicare Alliance, Inc",762
77130778113,Coalition for Medicare Choices,The Coalition for Medicare Choices,488
404794256289847,Americans for Prosperity - West Virginia,AMERICANS FOR PROSPERITY,264
85452072376,NEWSMAX,"NEWSMAX MEDIA, INC.",234
127225910653607,PragerU,PragerU,110
57774720835,RESOLVE: The National Infertility Association,RESOLVE THE NATIONAL INFERTILITY ASSOCIATION (USED IN VA BY: RESOLVE INCORPORATED),≤100
2353537341582545,Proud Patriots,Proud Patriots,≤100
172758932738142,PhRMA,PHARMACEUTICAL RESEARCH AND MANUFACTURERS OF AMERICA,≤100
18982436812,ACLU,American Civil Liberties Union,≤100
304600892905134,Hillsdale College Online Courses,HILLSDALE COLLEGE,≤100
92925746942,Judicial Watch,Judicial Watch,≤100
40217893542,AIPAC,AIPAC,≤100
103633935970260,Alex Walsh,The Patriotic Uniting For All,≤100
122432537796726,Pharmaceutical Care Management Association (PCMA),PHARMACEUTICAL CARE MANAGEMENT ASSOCIATION,≤100
156514087702491,Lancôme,L OREAL USA,≤100
95001097200,National Association of Manufacturers,NATIONAL ASSOCIATION OF MANUFACTURERS OF THE UNITED STATES OF AMERICA INC.,≤100
385473284886474,Hillsdale College,Hillsdale College,≤100
104253615152700,America First Legal,America First Legal Foundation,≤100
54996531380,American Health Care Association/National Center for Assisted Living,American Health Care Association,≤100
541678832585415,"Analytics Consulting, LLC",ANALYTICS INC,≤100
113891694102,Energy Citizens,AMERICAN PETROLEUM INSTITUTE,≤100
104394262049761,Jeremy's Razors,The Daily Wire,≤100
111213355160155,United States Liberty,United States Liberty,≤100
106244251043808,America's Plastic Makers,"AMERICAN CHEMISTRY COUNCIL, INC.",≤100
166618413413767,Jay Sekulow,American Center for Law and Justice,≤100
49651563727,Live Action,Live Action,≤100
140357056032320,NEA Today,National Education Association,≤100
1461100540775171,The Tuttle Twins,LIBERTAS INSTITUTE,≤100
109035554162766,Mountain State Spotlight,Mountain State Spotlight,≤100
76470053424,TIAA,TEACHERS INSURANCE AND ANNUITY ASSOCIATION OF AMERICA,≤100
408526523045391,Mammoth Nation,Mammoth Nation,≤100
570092813023833,Matt Walsh,The Daily Wire,≤100
80562389320,NARAL Pro-Choice America,NARAL PRO-CHOICE AMERICA CORP,≤100
101769576791,Health Action Network,Health Action Network,≤100
7030901126,Campaign for Tobacco-Free Kids,Campaign for Tobacco-Free Kids,≤100
555787351119974,Coalition to Protect America's Health Care,Coalition to Protect America’s Health Care,≤100
23875187730,Feeding America,Feeding America,≤100
18709174006,National Audubon Society,"NATIONAL AUDUBON SOCIETY, INC.",≤100
115379705206001,U.S. Department of Homeland Security Blue Campaign,U.S Department of Homeland Security Blue Campaign,≤100
108547455113940,Our America,Our America,≤100
15771560300,Earthjustice,EARTHJUSTICE,≤100
112134538464796,ErcAccess,Leads Team LLC,≤100
431891506856669,Dove,Unilever,≤100
114194528248221,The Health Giveback,JADE Computer Services,≤100
113329274896399,Connecting Kids to Coverage WV,"THINK KIDS, INC.",≤100
110267835279432,Senior Savings,The Daily Savings Journal,≤100
109179375151983,Med Plan Coverage,Seniors Today USA,≤100
105306835585083,WVCEH Fair Housing,WVCEH Fair Housing,≤100
103496691094956,Freespoke,"FREEDOM FRIES, LLC",≤100
57259033959,AARP,AARP,≤100
1899019520365670,Caleb L. Hanna,Caleb Lee Hanna,≤100
209516845093,NRDC Action Fund,NRDC Action Fund,≤100
102960695956522,Amazing Patriots,Amazing Patriots,≤100
8492293163,Environmental Defense Fund,Environmental Defense Fund,≤100
302182941354,AARP Advocates,AARP,≤100
203197030603239,8 Billion Trees,8 Billion Trees LLC,≤100
866779926670025,Citizens for Tobacco Rights,Citizens for Tobacco Rights,≤100
30139072158,CARE,CARE,≤100
6041057841,The Humane Society of the United States,"HUMANE SOCIETY OF THE UNITED STATES, THE",≤100
134549270080908,Consumers' Research,Consumers Research,≤100
1435071773455316,Daily Wire,The Daily Wire,≤100
11602044174,Independent Women's Forum,Independent Women's Forum,≤100
110442961603215,Yikes Today,Tomer Barazani,≤100
19554217292,American Heart Association: You're the Cure,American Heart Association,≤100
592707041080920,Stand Together,Stand Together Chamber of Commerce Inc.,≤100
104977525752112,Freedom of Patriots,Freedom of Patriots,≤100
1958912674200535,The Pour Over,Pour Over,≤100
7341997111,Conservation International,Conservation International,≤100
104760636770,Vera Institute of Justice,"VERA INSTITUTE OF JUSTICE, INC.",≤100
273168429458189,Center for Western Priorities,Center for Western Priorities,≤100
6514736316,Walden University,Walden University,≤100
70874333603,CatholicVote,catholicvote.org,≤100
101432317199,Blue Cross and Blue Shield Association,BLUE CROSS AND BLUE SHIELD ASSOCIATION,≤100
8325302025,Friends of the Earth U.S.,Friends of the Earth,≤100
240937060405,Center for Science in the Public Interest (CSPI),Center for Science in the Public Interest,≤100
428821014132730,Katie Porter,KATIE PORTER FOR SENATE,≤100
106568024842114,Rideshare Assault Support,Citizen Ad Network LLC,≤100
665345483483486,NRA - National Rifle Association of America,NATIONAL RIFLE ASSN OF AMERICA,≤100
309308412520731,Sandy Hook Promise,Sandy Hook Promise,≤100
103807629149771,Working Forests Initiative,"WORKING FOREST INITIATIVE, INC.",≤100
425771317501061,Michael Knowles,The Daily Wire,≤100
100279129644164,Health Saving Tips,Seniors Today USA,≤100
110018833813683,Defend the Senate,SMP,≤100
111284971885768,Joe Earley for Congress - WV02,CAMPAIGN TO ELECT JOE EARLEY,≤100
6204742571,Sierra Club,SIERRA CLUB,≤100
50576707351,Republican State Leadership Committee,Republican State Leadership Committee,≤100
314499212242,Pfizer,Pfizer Inc.,≤100
728745887260738,Ben Queen,Friends of Ben Queen,≤100
105454117977117,Voices for Consumer Choice,Voices for Consumer Choice,≤100
12375354406,USO,United Service Organizations,≤100
340528409646227,Consumer Action for a Strong Economy,CASE for Consumers,≤100
114008535880,Foundation for Individual Rights and Expression,FOUNDATION FOR INDIVIDUAL RIGHTS IN EDUCATION,≤100
1832245947018802,Chris Rose for US Senate - WV,ROSE FOR WEST VIRGINIA,≤100
114710126648118,Republican Dogs,Republican Dogs,≤100
1316372698453411,Alexandria Ocasio-Cortez,Alexandria Ocasio-Cortez for Congress,≤100
203805062990264,Ben Shapiro,The Daily Wire,≤100
104295601633638,American Cornerstone Institute,American Cornerstone Institute Inc,≤100
103885799225717,Liberty Protector,Liberty Protector,≤100
82609311925,GreenLatinos,GreenLatinos,≤100
47710973068,Voices for Cooperative Power,Voices for Cooperative Power,≤100
100168566232753,IRS Helper,Leads Team LLC,≤100
292351509697,Jerusalem Prayer Team,Jerusalem Prayer Team,≤100
11791104453,NRDC,Natural Resources Defense Council,≤100
21472760578,C-SPAN,C-SPAN,≤100
681626158940626,Mission Roll Call,Americas Warrior Partnership,≤100
115415064388243,Brett Cooper,The Daily Wire,≤100
1476342155924546,Big Rig Threads,Big Rig T-Shirts and Decals LLC,≤100
2245766435469741,Beersy,Beersy LLC,≤100
376776419037747,Turning Point USA,"Turning Point USA, Inc.",≤100
1632814840319802,John Fetterman,Fetterman for PA,≤100
51052893175,Speaker Kevin McCarthy,Speaker Kevin McCarthy,≤100
101605354952785,Glenn Youngkin,Spirit of Virginia,≤100
112600915451330,No Labels,No Labels,≤100
7735858972,Humane Society Legislative Fund,Humane Society Legislative Fund,≤100
342294162453301,Planned Parenthood,Planned Parenthood Federation of America,≤100
125769584126996,Yael Eckstein,"INTERNATIONAL FELLOWSHIP OF CHRISTIANS & JEWS, INC.",≤100
45393753416,Alliance Defending Freedom,Alliance Defending Freedom,≤100
179513292162226,American History TV,NATIONAL CABLE SATELLITE CORPORATION,≤100
1201574069988840,NoFilter with Ana Kasparian,"The Young Turks, Inc.",≤100
161183970656851,Ruben Gallego,GALLEGO FOR ARIZONA,≤100
25852730092,Care2,"Care2.com, Inc",≤100
154561574598964,White Coat Waste Project,THE WHITE COAT WASTE PROJECT INC,≤100
199504650087085,United,"UNITED AIRLINES, INC.",≤100
580610428636345,Fight for $15,Fight for $15,≤100
72931140459,Center for Biological Diversity,"CENTER FOR BIOLOGICAL DIVERSITY, INC.",≤100
108641741851973,Magic Valley Energy,Magic Valley Energy LLC,≤100
21090771700,Gun Owners of America,Gun Owners of America,≤100
102592959026,Ocean Conservancy,"OCEAN CONSERVANCY, INC.",≤100
100328619530085,Bishop Gold Group,Bishop Gold Group LLC,≤100
197760674021143,Indivisible Guide,INDIVISIBLE ACTION,≤100
1922946564434289,Jackson County Republican Executive Committee,Natasha Lemley,≤100
151686754920712,The West Virginia Record,The Record,≤100
147368882623027,Black Futures Lab,Black Futures Lab,≤100
216311481960,Bill Gates,Bill Gates,≤100
107661474402498,Liberty Eagle Apparel,United Patriot,≤100
101903508281567,The Dude's Threads,The Dude's Threads,≤100
84177291169,"Dairy Farmers of America, Inc.",DAIRY FARMERS OF AMERICA INC,≤100
134452023239984,Human Coalition,Human Coalition,≤100
1428755447227803,Defend The Second,Next Level Goods,≤100
67945990059,The American Petroleum Institute,The American Petroleum Institute,≤100
87186661244,Johns Hopkins Bloomberg School of Public Health,Johns Hopkins Bloomberg School of Public Health,≤100
15239367801,The Wilderness Society,"WILDERNESS SOCIETY, THE",≤100
290548664672,First Liberty,First Liberty Institute,≤100
746938465317981,Nuclear Matters,Nuclear Matters,≤100
786167111464006,Woodson Center,The Woodson Center,≤100
200650357207240,I Love My Freedom,I Love My Freedom,≤100
12301006942,Democratic Party,DNC SERVICES CORP./DEM. NAT'L COMMITTEE,≤100
104491841664875,Country First,"Country First Action, Inc.",≤100
267180743723148,National Geographic Society,National Geographic Society,≤100
100758682697459,Mayday Health,"Mayday Medicines, Inc.",≤100
108268161352786,Stanley M. Herzog Foundation,Herzog Foundation,≤100
103355385129734,The Climate Pledge,The Climate Pledge,≤100
103695769458,United States Mint,United States Mint,≤100
103375628943529,Adam Frisch,Adam for Colorado,≤100
100388126216021,The Red Onlooker,Gregory Lawrence Burright,≤100
40217893542,AIPAC,American Israel Public Affairs Committee,≤100
471928596287830,Brian Mast,Mast for Congress,≤100
1832744013698336,Mahogany Mommies,Mahogany Mommies,≤100
6240652407,Young America's Foundation,Young America's Foundation Inc,≤100
197760674021143,Indivisible Guide,Indivisible Project,≤100
7192716362,Amnesty International USA,"AMNESTY INTERNATIONAL OF THE U. S. A., INC.",≤100
86071521216,Second Amendment Foundation,SECOND AMENDMENT FOUNDATION INC,≤100
788559044606908,America Forward,NEW PROFIT INC,≤100
110749446963570,Courier,"Courier Newsroom, Inc.",≤100
101391906600,Live Action News,Live Action,≤100
105561217523274,The Dispatch,"Dispatch Media, Inc.",≤100
112345611796763,Donald Trump Voters,I Love My Freedom,≤100
100684991996307,November Coalition,NOVEMBER COALITION,≤100
38471053686,Elizabeth Warren,"WARREN DEMOCRATS, INC.",≤100
107414074990650,Defense of Freedom Institute,"Defense of Freedom Institute for Policy Studies, Inc.",≤100
60182072999,Lila Rose,Live Action,≤100
108913648781152,Hardworking Americans,Hardworking Americans Inc,≤100
116850341317501,GOP Gear,Red First,≤100
150984828444765,Chris McDaniel for Lt. Governor,Committee to Elect Chris McDaniel,≤100
308353252483,Kristi Noem,Kristi for Governor,≤100
74470852653,Mike Pompeo,Champion American Values PAC,≤100
23790541544,Democrats,DCCC,≤100
160630887998827,Let Them Live,Oliver Harrison  Berning,≤100
103747761393271,Lootpress,Lootpress,≤100
105331908787374,Republican Accountability PAC,REPUBLICAN ACCOUNTABILITY PAC INC,≤100
101716172441500,Brennan Center en Español,"WILLIAM J. BRENNAN CENTER FOR JUSTICE, INC.",≤100
36872302227,Cory Booker,CORY BOOKER FOR SENATE,≤100
105652832443066,Carbon Titans,CARBON TITANS LLC,≤100
220873174076,Animal Equality,ANIMAL EQUALITY,≤100
93228695778,Tea Party Patriots,Tea Party Patriots,≤100
16317479654,Deseret News,Deseret News,≤100
281844617168,Jewish Voice Ministries International,Jewish Voice Ministries International,≤100
19746387261,Humane Society International,Humane Society International,≤100
780941275347834,Ilhan Omar,ILHAN FOR CONGRESS,≤100
355783211719644,Veteran Caregivers of America,"Veteran Caregivers, LLC",≤100
7292655492,MoveOn,MOVEON.ORG CIVIC ACTION,≤100
299295363912730,New Politics Leadership Academy,New Politics Leadership Academy,≤100
359477377917,American Federation for Children,American Federation for Children,≤100
1443127535947107,Save the Children Action Network,Save the Children Action Network,≤100
143329509024,Citizens Against Lawsuit Abuse,Citizens Against Lawsuit Abuse,≤100
2083412251928861,My Buckhannon,My Town WV,≤100
1679521432262834,Physicians Grassroots Network,American Medical Association,≤100
20787991568,Senate Democrats,DSCC,≤100
38235851310,USA for UNHCR,UNITED STATES ASSOCIATION FOR UNHCR,≤100
1526736227567131,TrueCoverage,True Coverage,≤100
443329669123990,USAFacts,USAFacts Institute,≤100
30914589895,The International Fellowship of Christians and Jews,"INTERNATIONAL FELLOWSHIP OF CHRISTIANS & JEWS, INC.",≤100
63240625785,National Immigration Forum,NATIONAL IMMIGRATION FORUM,≤100
60449667441,Family Research Council,FAMILY RESEARCH COUNCIL,≤100
101455082463577,Digital First Project,Digital First Project,≤100
1600352356914768,PushBlack,PushBlack,≤100
13885075114,Action Against Hunger USA,ACTION AGAINST HUNGER - USA,≤100
27817332304,American Foundation for Suicide Prevention,AMERICAN FOUNDATION FOR SUICIDE PREVENTION,≤100
101041998305221,The Proud Republicans,Tomer Barazani,≤100
7814597100,Jim Jordan for Congress,JIM JORDAN FOR CONGRESS,≤100
507070522767934,AACR Foundation,"AMERICAN ASSOCIATION FOR CANCER RESEARCH, INC.",≤100
107764430968176,Tuttle Twins TV Show,"Tuttle Twins Show, LLC",≤100
121626482110,Operation Smile,OPERATION SMILE,≤100
1252619618221320,Mayor Robert Shafer,Shauna Sue Shafer,≤100
141786816970,Cruise Lines International Association - CLIA,Cruise Lines International Association,≤100
58736997707,Marco Rubio,Rubio Victory Committee,≤100
103648802451237,Fair Courts America,Fair Courts America,≤100
106563958759988,Semafor,Semafor Inc.,≤100
21375324480,The Heritage Foundation,HERITAGE FOUNDATION (THE),≤100
102413723172970,Nick Adams,Nick Adams,≤100
38882699096,Polaris,POLARIS PROJECT,≤100
102487414911362,Stop AAPI Hate,Stop AAPI Hate,≤100
228132537208218,Tammy Duckworth,TAMMY FOR ILLINOIS,≤100
245741028804051,Barbara Sinatra Center,Barbara Sinatra Children's Center,≤100
109092142462587,Adam Schiff,SCHIFF FOR SENATE,≤100
56332452163,AMA Patients Action Network,American Medical Association,≤100
589658204411894,Office of South Carolina Treasurer Curtis Loftis,Future Scholar. Administered by State Treasurer Curtis Loftis. Not paid for with state funds.,≤100
101704558574021,Lucas Kunce,Lucas Kunce for Missouri,≤100
711478725532801,Civiqs,Civiqs,≤100
69983322463,Ted Cruz,TED CRUZ FOR SENATE,≤100
109320440856128,Stand Up to Jewish Hate,"Foundation to Combat Anti-Semitism, Inc.",≤100
698400060189827,Dan Sullivan,Alaskans for Sullivan,≤100
2053678114723700,President Trump's Patriot Army,I Love My Freedom,≤100
408250066356,Bill O'Reilly,"Bill Me, Inc.",≤100
118626774835274,Medicare Made Clear,Medicare Made Clear from United Healthcare,≤100
108179361951729,Republican Patriots,Tomer Barazani,≤100
158020364262665,Dominion Energy,Dominion Energy,≤100
162678203751209,Gilead Sciences,GILEAD SCIENCES INC,≤100
167586229923327,World Food Program USA,World Food Program USA,≤100
191199947570555,Michigan AFL-CIO,Michigan AFL-CIO,≤100
100711852963449,Team Vivek,VIVEK 2024,≤100
239452426714,American Action Network,American Action Network,≤100
252814820267,HIAS,HIAS,≤100
113341457791145,Voices for Healthy Green Spaces,Voices for Healthy Green Spaces,≤100
106058025408954,Do No Harm Medicine,Do No Harm,≤100
106126855532018,Americans For Hope And Progress Group,Americans for Hope and Progress,≤100
132066233534659,Healthcare Education Project,Healthcare Education Project,≤100
54779960819,United Nations,United Nations with Facebook Ad Credits,≤100
18813753280,Human Rights Campaign,"HUMAN RIGHTS CAMPAIGN, INC.",≤100
583258211727279,Shai Fund,SHAI FUND INC,≤100
101069505589,American Association of Pro Life OB/GYNS,AAPLOG,≤100
5644748986,National Wildlife Federation,NATIONAL WILDLIFE FEDERATION,≤100
546066468753446,Black Health Matters,BLACK HEALTH MATTERS FOUNDATION INC,≤100
109749408609311,Proud Patriots USA,Proud Patriots USA,≤100
282728185140429,Rep For Vets,The Rep For Vets,≤100
108512875350,The Atlas Society,The Objectivist Center Ltd,≤100
201956993160690,MRCTV,MEDIA RESEARCH CENTER,≤100
367292494407,AJC - American Jewish Committee,AMERICAN JEWISH COMMITTEE,≤100
103565195134756,America First Policy Institute,America First Policy Institute,≤100
7219151423,The Fund for American Studies (TFAS),FUND FOR AMERICAN STUDIES,≤100
1534290989956166,Philanthropy Roundtable,"PHILANTHROPY ROUNDTABLE, THE",≤100
255062275778,Tim Tebow Foundation,TIM TEBOW FOUNDATION,≤100
164966660351345,Hope Outfitters,Hope Outfitters,≤100
83290028957,Care Net,CARE NET,≤100
169687486427698,Jentezen Franklin,FREE CHAPEL WORSHIP CENTER,≤100
51379424899,Mercy Ships,MERCY SHIPS INTERNATIONAL,≤100
104107788684988,Tom Klingenstein,TomKlingenstein.com,≤100
109118211910879,Mr. 45,Green Straw LLC,≤100
1898234727131235,Reel America,BizPac Review,≤100
925007000949719,ExxonMobil,EXXON MOBIL CORPORATION,≤100
109819009036381,The New York Sun,NEW YORK SUN COMPANY LLC,≤100
101312698628642,Ryan Samuels,Ryan Francis Samuels,≤100
105786419101183,Mike Aubele for District Attorney,Mike Aubele for District Attorney,≤100
317284821682168,Messianic Jewish Alliance of America (MJAA),Messianic Jewish Alliance of America,≤100
100373975829221,Fòs Feminista Org,Fòs Feminista,≤100
104981939210693,Clayton Keirns,I Love My Freedom,≤100
119953292796,Jim Banks,BANKS FOR SENATE,≤100
29717379728,International Justice Mission,International Justice Mission,≤100
284293125336159,Regulatory Transparency Project,FEDERALIST SOCIETY FOR LAW & PUBLIC POLICY STUDIES,≤100
105120815642998,Partnership to Address Global Emissions,PARTNERSHIP TO ADDRESS GLOBAL EMISSIONS INC,≤100
7860876103,Joe Biden,DNC SERVICES CORP./DEM. NAT'L COMMITTEE,≤100
345378512258813,Elise Stefanik,TEAM ELISE,≤100
83865976093,Truthout,TRUTHOUT,≤100
673667436317733,Texas Consumer Association,Texas Consumer Association,≤100
337038226473839,Trish Regan,"SALEM MEDIA GROUP, INC.",≤100
108266445888054,Patriot Academy,TORCH OF FREEDOM FOUNDATION,≤100
236312179825896,Republican Main Street Partnership,REPUBLICAN MAIN STREET PARTNERSHIP INC,≤100
7263476274,Mercy Corps,Mercy Corps,≤100
6502038524,First Book,FIRST BOOK,≤100
109521013225,Nikki Haley,Nikki Haley for President,≤100
55160732111,Cystic Fibrosis Foundation,CYSTIC FIBROSIS FOUNDATION,≤100
50822254585,Mountain States Legal Foundation,Mountain States Legal Foundation,≤100
109352563640,Water.org,WATER.ORG INC.,≤100
102420431749179,Raging Americans,Tomer Barazani,≤100
201446296572389,Compassion in World Farming (USA),Compassion in World Farming Inc,≤100
6334782252,Oceana,Oceana,≤100
508887815910815,BPR,BizPac Review,≤100
11551978516,URGE: Unite for Reproductive & Gender Equity,UNITE FOR REPRODUCTIVE & GENDER EQUITY,≤100
34362997676,United States Holocaust Memorial Museum,UNITED STATES HOLOCAUST MEMORIAL MUSEUM,≤100
101090559295696,TPUSA Faith,TURNING POINT USA NFP,≤100
33699882778,Dr. Bronner's,Dr. Bronner's,≤100
102027764795677,American Wire,BizPac Review,≤100
6756153498,Mike Bloomberg,Bloomberg Philanthropies,≤100
458142697588014,AARP Public Policy Institute,AARP,≤100
130945114804,World Jewish Congress,WORLD JEWISH CONGRESS AMERICAN SECTION INC,≤100
107454490912636,Jewish Future Pledge,Jewish Future Pledge Inc,≤100
2254455051442790,Flag and Cross,Flag & Cross,≤100
116139428050914,The Retort Report,Todd James Peterson,≤100
315528175667844,Women2Women,Women2Women Conversations Tour,≤100
170756446429578,Othering & Belonging Institute,Othering and Belonging Institute,≤100
109599248636777,Consumer Credit Card Protection Coalition,CONSUMER CREDIT CARD PROTECTION COALITION,≤100
191187460289,HP,HP INC.,≤100
297987334762,Jamie Raskin,Jamie Raskin for Congress,≤100
1470540296409810,Fair Fight Action,FAIR FIGHT,≤100
108293898875429,President Trump Supporters,I Love My Freedom,≤100
101224002310757,Seven Weeks Coffee,Seven Weeks Coffee,≤100
102421369434228,Goose's News Daily,Justin Gustafson,≤100
15503839732,Peter G. Peterson Foundation,Peter G. Peterson Foundation,≤100
132766376763861,I Make America,Association of Equipment Manufacturers,≤100
104092062075803,PBC Jolt,"Jolt Media, Inc.",≤100
310925405807,Citizens Climate Lobby,Citizens' Climate Lobby,≤100
58158120046,ACLJ,American Center for Law and Justice,≤100
349550772283369,Anglers for Lake Okeechobee,Anglers for Lake Okeechobee,≤100
51405613519,Focus on the Family,Focus on the Family,≤100
219612384781411,Bloomberg Philanthropies,Bloomberg Philanthropies,≤100
102252271834291,"Danielle Trumble, Deputy Mayor and 5th Ward City Councilor",Trumble For Council,≤100
436287566440567,Delegate Dave LaRock,Dave LaRock for Delegate,≤100
8524198486,Physicians Committee for Responsible Medicine,"PHYSICIANS COMMITTEE FOR RESPONSIBLE MEDICINE, INC.",≤100
309798029121030,Everytown for Gun Safety,Everytown for Gun Safety Action Fund Inc,≤100
5720973755,Defenders of Wildlife,DEFENDERS OF WILDLIFE,≤100
8936818385,Accuracy in Media,Flo Communications,≤100
271453369908901,FLAG  - Foundation for Liberty and American Greatness,Tomer Barazani,≤100
103875099042033,DailyWire+,The Daily Wire,≤100
689547608156721,The Burial Solution,The Burial Solution,≤100
96491683438,"The Friends of Israel Gospel Ministry, Inc.","FRIENDS OF ISRAEL GOSPEL MINISTRY, INC, THE",≤100
36474716066,Color Of Change,ColorofChange.org,≤100
163684173651518,SEIU Local 2015,SEIU LOCAL 2015,≤100
142957224352,International Medical Corps,International Medical Corps,≤100
8047221596,Save the Children US,SAVE THE CHILDREN FEDERATION INC.,≤100
100700519593180,"Buck Nasty Media. Sports, culture, politics, and the Nasty Truth",Robert Mattox,≤100
342887442508723,Convention of States,Convention of States Action,≤100
183792172090826,Northern Virginia Clean Water Partners,Northern Virginia Regional Commission,≤100
108537340548276,"Haiku, Inc.",Kyle Reyes,≤100
80770833881,Eagles' Wings,EAGLES' WINGS MINISTRIES,≤100
417522508294454,Job Creators Network,Job Creators Network,≤100
19420215926,CNSNews.com,MEDIA RESEARCH CENTER,≤100
50982313030,Food & Water Watch,Food & Water Watch,≤100
104134582247672,Anthony D'Esposito,DESPOSITO FOR NEW YORK,≤100
102807748984964,"Crime and Criminal Justice, research by Katie Krumbholz",Katie Marie Krumbholz,≤100
945455208962159,For Everyone Collective,For Everyone Collective,≤100
181924628560212,Ekō,Ekō,≤100
417709355647,The Lynde and Harry Bradley Foundation,"LYNDE AND HARRY BRADLEY FOUNDATION, INC., THE",≤100
111380958315889,Secure Financial Future,INVESTMENT COMPANY INSTITUTE,≤100
7606381190,Amy Klobuchar,KLOBUCHAR FOR MINNESOTA,≤100
1546952572205770,UAE USA United,The Embassy of the United Arab Emirates,≤100
6787988478,Physicians for Human Rights,"PHYSICIANS FOR HUMAN RIGHTS, INC.",≤100
524399207959953,Truth & Liberty Coalition,Truth & Liberty Coalition,≤100
275562462868659,Resource UMC,United Methodist Communications,≤100
112735922758892,Charlie Kirk,"Turning Point USA, Inc.",≤100
6333396177,NewsBusters.org,MEDIA RESEARCH CENTER,≤100
159658557547960,Wall Street Journal Opinion,The Wall Street Journal,≤100
152264148166020,Moms Clean Air Force,Moms Clean Air Force,≤100
542678889114683,The Coca-Cola Company,The Coca-Cola Company,≤100
142432192446984,David Horowitz Freedom Center,David Horowitz Freedom Center,≤100
92021268117,Working America,Working America,≤100
40032861193,ACLU of Indiana,INDIANA CIVIL LIBERTIES UNION INC,≤100
309798029121030,Everytown for Gun Safety,Everytown for Gun Safety Support Fund Inc,≤100
19437978960,Chris Murphy,FRIENDS OF CHRIS MURPHY,≤100
5435784683,Greenpeace USA,"GREENPEACE, INC.",≤100
100417168386329,Heal America,Stand Together Chamber of Commerce Inc.,≤100
570953166908066,Vivek Ramaswamy,VIVEK 2024,≤100
60261764250,Childhelp,"CHILDHELP, INC.",≤100
71324717432,National Association of Scholars,NATIONAL ASSOCIATION OF SCHOLARS,≤100
19972147679,SEIU,SEIU COPE (SERVICE EMPLOYEES INTERNATIONAL UNION COMMITTEE ON POLITICAL EDUCATION),≤100
105753898811449,Align Us,Align Us,≤100
14957887077,Freedom House,"FREEDOM HOUSE, INC.",≤100
32682889528,U.S. Chamber of Commerce,The U.S. Chamber of Commerce,≤100
2321993584737314,The Markin Report,The Markin Report,≤100
1869687273277265,Run for Something,Run For Something PAC,≤100
10498053716,Media Research Center,MEDIA RESEARCH CENTER,≤100
105599502191866,Florida Jolt,"Jolt Media, Inc.",≤100
118385911198439,Trending Politics News,I Love My Freedom,≤100
142474049098533,Robert Reich,Inequality Media,≤100
169042736456594,All Out,All Out Action Fund.,≤100
8501031021,VoteVets.org,VOTEVETS,≤100
29934350147,Marketplace Business News,AMERICAN PUBLIC MEDIA,≤100
7962229886,Environmental Working Group,ENVIRONMENTAL WORKING GROUP,≤100
100104419147228,Do Good Chicken,DO GOOD FOODS LLC,≤100
727206667381234,Qlarant,"QLARANT, INC.",≤100
8002590959,Rainforest Action Network - RAN,RAINFOREST ACTION NETWORK,≤100
316955281351,APWU - The American Postal Workers Union,AMERICAN POSTAL WORKERS UNION,≤100
6316744206,Jon Tester,MONTANANS FOR TESTER,≤100
1012679305536045,Elissa Slotkin,Elissa Slotkin for Michigan,≤100
226999127329906,New York Immigration Lawyer,Law Office of Alena Shautsova,≤100
30866133883,Alaska Wilderness League,ALASKA WILDERNESS LEAGUE,≤100
6231686654,Compassion International,These ads ran without a disclaimer,≤100
602074469965571,Plan C,NATIONAL WOMENS HEALTH NETWORK,≤100
61492859575,Americares,"Americares Foundation, Inc.",≤100
126893748252841,American Firearms Association,American Firearms Coalition,≤100
116064745113092,Neighborhood Sun,Neighborhood Sun Benefit Corp,≤100
1590877284560136,Patti Harris,Bloomberg Philanthropies,≤100
124506846628,Agape International Missions,AGAPE INTERNATIONAL MISSIONS,≤100
25121889784,Texas Public Policy Foundation,Texas Public Policy Foundation,≤100
108719455457746,Peter Brown for Columbia City Council,Peter Brown for Columbia City Council,≤100
780941275347834,Ilhan Omar,THE SQUAD VICTORY FUND,≤100
41093998634,The Christian Post,The Christian Post,≤100
2361139837508625,Animal Victory,"One Red Lion, Inc DBA Animal Victory",≤100
312657362217994,Women's Heart Alliance,Women's Heart Alliance,≤100
7145381235,American Jewish World Service - AJWS,"AMERICAN JEWISH WORLD SERVICE, INC.",≤100
464998390249008,The Independence Fund,"INDEPENDENCE FUND, INC, THE",≤100
111824001908,Hakeem Jeffries,JEFFRIES FOR CONGRESS,≤100
266744843422391,Zoetis,Zoetis Inc.,≤100
19984154032,Great Performances l PBS,WNET,≤100
138354569532939,"Tradition, Family, Property - TFP","American Society for the Defense of Tradition, Family and Property",≤100
1341543769290478,Kathy Manning,Kathy Manning for Congress,≤100
96935476345,Democratic Governors Association (DGA),"Democratic Action, democraticgovernors.org, not authorized by any candidate or candidate's committee.",≤100
112735922758892,Charlie Kirk,Salem Media Group,≤100
100607179026941,Of Thee I Sing 1776,Harold Gershowitz,≤100
8550121410,Free Speech America Project,MEDIA RESEARCH CENTER,≤100
100500465282483,Breaking Battlegrounds,September Group LLC,≤100
700941689954518,Defend Our Future,Defend Our Future,≤100
114765400352270,Kite & Key Media,VMTS EDUCATION INC,≤100
85252863415,National Latina Institute for Reproductive Justice,NATIONAL LATINA INSTITUTE FOR REPRODUCTIVE HEALTH,≤100
29423827874,Proclaiming Justice to the Nations,PROCLAIMING JUSTICE TO THE NATIONS INC,≤100
112171461739652,Vote4huffman,Christopher Huffman,≤100
250485248333218,Clean Air Task Force,CLEAN AIR TASK FORCE,≤100
8895898655,Rainforest Alliance,"RAINFOREST ALLIANCE, INC.",≤100
102142101657930,OurFight.online,Our Fight Inc,≤100
100119981671668,Blue Senate,BLUE SENATE PAC,≤100
17203056985,Partners In Health,Partners In Health,≤100
158505287559920,Save the Storks,Save the Storks,≤100
110010433804232,Standing For Freedom Center,Standing for Freedom Center,≤100
21242962092,ClientEarth,CLIENTEARTH USA INC,≤100
43005439032,American Diabetes Association,American Diabetes Association,≤100
1470540296409810,Fair Fight Action,FAIR FIGHT ACTION INC,≤100
505653766599222,America First with Dr. Sebastian Gorka,Salem Media,≤100
108247581851552,Democracy Defense Fund,DEMOCRACY DEFENSE FUND,≤100
100540971962779,Localyst,"Accelerate Change, Inc.",≤100
151894654697,Save Our States,Save Our States,≤100
59386210330,American Lung Association,AMERICAN LUNG ASSOCIATION,≤100
1593518174052711,Candace Owens,The Daily Wire,≤100
395387250536986,Janet for Justice,JANET FOR JUSTICE,≤100
89336510798,American Friends of the Hebrew University,American Friends of Hebrew University,≤100
149092268446286,Ross University School of Veterinary Medicine,Ross University School of Veterinary Medicine,≤100
127637620616803,Comcast Newsmakers,Comcast,≤100
915656035153394,Oceanites,OCEANITES INC,≤100
470369419784714,Nick Palmisciano,Nick Palmisciano,≤100
327853590558653,"Agri-Pulse Communications, Inc.","AGRI-PULSE COMMUNICATIONS, INC.",≤100
557051651115624,Stidham Financial Services,Stidham Financial Services,≤100
100221986153813,Lou's Daily News,Michael Scott Hughes,≤100
111306298500421,Julie Hartman,Salem Media Group,≤100
12503116997,Dennis Prager,Salem Media,≤100
102579389208198,Country First Academy,Keep Country First Policy Action,≤100
454663890502,Alliance for Patient Access,ALLIANCE FOR PATIENT ACCESS,≤100
16477459734,League of Conservation Voters,"LEAGUE OF CONSERVATION VOTERS, INC",≤100
1196196390526965,Facebook Surveys,These ads ran without a disclaimer,≤100
116546288359245,Heritage Action for America,HERITAGE ACTION FOR AMERICA,≤100
105173311888160,Star and Bar,Star and Bar,≤100
106862204671108,The Deplorable Americans,Justin Gustafson,≤100
255158071851860,Tate for Denver City Council At Large,Tate for Council At Large,≤100
372577693078008,"Saenz-Garcia Law, PLLC","Saenz-Garcia Law, PLLC",≤100
9324910069,NRSC,NRSC,≤100
300341323465160,The Daily Signal,HERITAGE FOUNDATION (THE),≤100
103001002005081,PublicSq,PublicSq.,≤100
291102898490822,Conservative Comedy Store,Conservative Comedy Store,≤100
129255907131113,NumbersUSA,NUMBERSUSA EDUCATION AND RESEARCH FOUNDATION,≤100
104631299194819,Love Loyalty Honor,Love Loyalty Honor,≤100
278876378889211,Armenian Museum of America,"ARMENIAN MUSEUM OF AMERICA, INC.",≤100
250392878345035,The Focused Pastor,Focus on the Family,≤100
50513265848,Citizens United,Citizens United,≤100
113318901345595,Baby Patriots,Proud Patriots,≤100
46347342434,EMILY's List,EMILY'S LIST,≤100
101350839190816,Macro Conservative,Macro Conservative,≤100
48994809349,Ms. Foundation for Women,MS FOUNDATION FOR WOMEN INC,≤100
104178315156683,Blue Perigon Digital,Blue Perigon Digital,≤100
160630887998827,Let Them Live,Let Them Live,≤100
101581329115492,Freedom Street,Jason Donald Robertson,≤100
102047517918,The Commonwealth Fund,"COMMONWEALTH FUND, THE",≤100
2070944712939738,American Police Officers Alliance,American Police Officers Alliance,≤100
27461595703,Carbonfund,Carbonfund.org Foundation,≤100
19342050934,Leadership Institute,LEADERSHIP INSTITUTE INC,≤100
403737406341879,National Women's Health Network,NATIONAL WOMENS HEALTH NETWORK,≤100
101614359545446,Prosperity Prayers,Prosperity Prayers,≤100
107766235181961,The Nunn Report,The Nunn Report,≤100
386305465057247,Liberty Nation,Liberty Nation,≤100
243184199040637,Caring Across Generations,Caring Across Generations,≤100
431019887282794,Tomorrow's World Today,Flying Cork,≤100
339432396135584,The Exodus Road,The Exodus Road,≤100
97624620788,American Friends of Magen David Adom,AMERICAN FRIENDS OF MAGEN DAVID ADOM,≤100
101388092768922,The Urban Option,URBAN OPTION,≤100
101323306620534,Oxford Summer Courses,These ads ran without a disclaimer,≤100
153278754738777,Climate Reality,The Climate Reality Project,≤100
983629811723932,Home Title Lock,Home Title Lock,≤100
107084502280437,CA Union Careers,Protect Our Construction Careers,≤100
317371771995065,AARP Arizona Hispanic Connection,AARP,≤100
104979848524405,Starts With Us,Lubetzky Family Foundation,≤100
112114435501106,Hugh Hewitt,Salem Media,≤100
10606591490,TIME,TIME USA LLC,≤100
109716011638325,Jane Fonda Climate PAC,JANE FONDA CLIMATE PAC,≤100
129240690441636,The Legal Defense Fund,"N. A. A. C. P. LEGAL DEFENSE AND EDUCATIONAL FUND, INC.",≤100
11465191261,JPMorgan Chase & Co.,These ads ran without a disclaimer,≤100
97279934919,bp America,BP CORPORATION NORTH AMERICA INC.,≤100
160005659383,Pre-Born,"MISSION: PRE-BORN, INC.",≤100
59543893235,National Constitution Center,National Constitution Center,≤100
103546351703577,Dallas Express,Dallas Express Media,≤100
246726805376617,O-I Glass,These ads ran without a disclaimer,≤100
102277115688995,Patriot News Headquarters,I Love My Freedom,≤100
18983389920,Open Society Foundations,Open Society Foundations,≤100
12357407443,American Friends Service Committee,AMERICAN FRIENDS SERVICE COMMITTEE,≤100
110624247393153,Republican Ads,"Republican Ads, LLC",≤100
206238602739505,Taxpayers Protection Alliance,Taxpayers Protection Alliance,≤100
107645227592678,To Which We Belong,Mystic Artists,≤100
234142976633158,Wake Up World & Smell the Coffee,Edith Dume Lerner,≤100
18813753280,Human Rights Campaign,Human Rights Campaign Foundation,≤100
999556810102061,Signature Seas,Signature Seas,≤100
100123286264769,Tanner DiBella,American Council for Evangelicals,≤100
153718778006865,CDC VetoViolence,CDC VetoViolence,≤100
97466887664,Innocence Project,"INNOCENCE PROJECT, INC., THE",≤100
107849095503622,Jedlink for Judge,Committee to Elect Randall Jedlink Judge,≤100
122282414450601,Charlie Banana,These ads ran without a disclaimer,≤100
43934405787,IPPF,International Planned Parenthood Federation Worldwide Inc,≤100
345751305447288,Daugherty Water for Food Global Institute,Daugherty Water for Food Global Institute,≤100
142474049098533,Robert Reich,Inequality Media Civic Action,≤100
17414523278,Democracy Now!,DEMOCRACY NOW,≤100
40102638699,J Street,J STREET INC,≤100
104770457523,DreamWorks Animation,These ads ran without a disclaimer,≤100
1338822066131069,Women's March,Women's March,≤100
20603236087,Love146,"LOVE146, INC.",≤100
170491079663777,The Sentencing Project,"SENTENCING PROJECT INC, THE",≤100
610264146298573,The American Council,The American Council for Evangelicals,≤100
143173285763,Tenth Amendment Center,Tenth Amendment Center,≤100
69347890321,2U,"2U, Inc.",≤100
102748688472759,Parents Defending Education,Parents Defending Education,≤100
205795426669644,Facts and Logic about the Middle East,Facts and Logic About the Middle East,≤100
103277109172874,The Original Lou's News,Michael Scott Hughes,≤100
1545775885684426,Jason Miyares,Miyares for Virginia,≤100
346612865750115,Korea Defense Veterans Association,Korea Defense Veterans Association,≤100
378084314984,Trane Technologies,Trane Technologies,≤100
131306317680000,Social Goods,"Social Goods, LLC",≤100
103376804451432,Trending Politics,I Love My Freedom,≤100
204295565648,Representative Jason Fischer,Jason Fischer Campaign,≤100
147126507164,ACTwireless,ACTwireless,≤100
102254715563026,Paula Avila-Guillen,Women's Equality Center,≤100
500260710093115,Strong Mind,These ads ran without a disclaimer,≤100
399060493533519,The Justice Foundation,JUSTICE FOUNDATION,≤100
102044622753692,American Potential Podcast,AMERICANS FOR PROSPERITY,≤100
710669049286394,Woo the People,Woo the People,≤100
881846485242129,Kyle Reyes,Kyle Reyes,≤100
269348454714,IMB,"INTERNATIONAL MISSION BOARD OF THE SOUTHERN BAPTIST CONVENTION, THE",≤100
95135221781,Federal News Network,Hubbard Radio DC,≤100
348104422491159,UNDIVIDED,UNDIVIDED,≤100
102230249080409,Freedom First,Jason Donald Robertson,≤100
103531607822207,Noticias para Inmigrantes,"Wise Rock Media, PBC",≤100
664883053648633,Italian Sons and Daughters of America,ITALIAN SONS & DAUGHTERS OF AMERICA INC,≤100
108668858578908,Médico Cubierto,JADE Computer Services LLC,≤100
156496968533805,Explore Beyond,NCTA - The Internet & Television Association,≤100
81517275796,UNICEF USA,UNITED STATES FUND FOR UNICEF,≤100
100419396262201,Correspondcom,Dan Schwartz,≤100
199891603386344,Common Ground Committee,Common Ground Committee,≤100
259351004139042,Ashbrook Center,These ads ran without a disclaimer,≤100
503499229999618,Serena Gonzales-Gutierrez,Serena for Denver,≤100
11111618026,Union of Concerned Scientists,"UNION OF CONCERNED SCIENTISTS, INC.",≤100
107925603976843,Protect App-Based Drivers and Services,Protect App-Based Drivers and Services,≤100
154930410085,"Zion Oil and Gas, Inc.","Zion OIl & Gas, Inc.",≤100
102079592297532,Leftdiculous Card Game,"Right Entertainment, LLC",≤100
163662804426854,Life Advancement Group,LIFE ADVANCEMENT GROUP,≤100
42940254353,Human Rights Watch,"HUMAN RIGHTS WATCH, INC.",≤100
103948701221001,Pro-Life Flag Project,Pro-Life Flag Project,≤100
106568024842114,Rideshare Assault Support,Injury Match,≤100
322945079029,Glory Church International,GLORY CHURCH INTERNATIONAL,≤100
319105405194898,Josh Lafazan,Lafazan for Congress,≤100
191195674423572,Great Plains Tribal Leaders Health Board,GREAT PLAINS TRIBAL CHAIRMEN'S HEALTH BOARD,≤100
109729861699329,Speak4,Speak4,≤100
801419943264962,BLM Wild,BLM Wild,≤100
598997096888503,Abramorama,Abramorama,≤100
896759427103774,Modern Medicaid Alliance,Modern Medicaid Alliance,≤100
1070343826414078,Lead Locally,Lead Locally,≤100
145973965440671,Carnegie Corporation of New York,CARNEGIE CORPORATION OF NEW YORK,≤100
153446658100252,Lumina Foundation,Lumina Foundation,≤100
303374266418976,AFPM,American Fuel & Petrochemical Manufacturers,≤100
105070129182164,The Wisconsin Independent,American Independent Media,≤100
341513602902369,CALL TO ACTIVISM,CALL TO ACTIVISM,≤100
302111635698,National Association of Tax Professionals (NATP),National Association of Tax Professionals,≤100
72092591211,FBI – Federal Bureau of Investigation,Federal Bureau of Investigation,≤100
156552959916,Chamberlain University,Chamberlain University,≤100
331037760381749,Sierra Magazine,SIERRA CLUB,≤100
244286338925347,Republican Party of Duval County,Republican Party of Duval County,≤100
111812468884033,W.K. Kellogg Foundation,W. K. KELLOGG FOUNDATION,≤100
830162603716633,Andy Beshear,Andy Beshear for Governor,≤100
51533142540,Public Advocate of the U.S.,PUBLIC ADVOCATE OF THE US,≤100
747783932079184,Jared Golden for Congress,COMMITTEE TO ELECT JARED GOLDEN,≤100
101466816025710,Renew Healthcare,Quantum Digital Media Inc.,≤100
106559819003491,Isaac Kim - Los Angeles CD6,Isaac Kim for LA City Council 2023,≤100
579929718814187,Hospital Workers Rising,SEIU HEALTHCARE PENNSYLVANIA,≤100
114128055303516,ProgressNow New Mexico,ProgressNow New Mexico,≤100
6236054211,Brady: United Against Gun Violence,Brady Campaign to Prevent Gun Violence,≤100
123651254408327,Sokolove Law,"Sokolove Law, LLC",≤100
1316372698453411,Alexandria Ocasio-Cortez,THE SQUAD VICTORY FUND,≤100
1143610592478888,Mel Anthony Dotcom,Mel Anthony Dotcom,≤100
487569614682924,CAPP USA,Yellow Line Productions LLC,≤100
111822028415908,Khari Mosley for City Council,Friends of Khari Mosley,≤100
513695272011123,The Genesis Prize,GPF NA LLC,≤100
742790559090054,Alex Rowan Foundation,David Rowan,≤100
101103254533,SOS International,SOS International,≤100
300992409852,Hoover Institution,Hoover Institution,≤100
104821105571303,Danny Becton for Duval County Property Appraiser,"Danny Becton, Republican, for Duval County Property Appraiser",≤100
232467307162583,Farm Action,Family Farm Action,≤100
100692068471118,Explain America,Apse Media LLC,≤100
78420171887,Sailors for the Sea,OCEANA INC,≤100
18017481462,Acton Institute,Acton Institute,≤100
324558475104607,United We Dream Action,United We Dream Action,≤100
1382441768496365,Pentair,PENTAIR,≤100
104908071917505,Welcome.us,Welcome.us,≤100
205671813294,Mountain View Solar,"MOUNTAIN VIEW SOLAR AND WIND, LLC",≤100
170126260000702,Western Journal US News,The Western Journal,≤100
37442103053,ACLU of New Jersey,AMERICAN CIVIL LIBERTIES UNION OF NJ,≤100
240203263118328,Elissa McBride,AMERICAN FEDERATION OF STATE COUNTY & MUNICIPAL EMPLOYEES,≤100
1272534336242476,CFR Education,Council on Foreign Relations,≤100
349800859019034,The 19th News,The 19th,≤100
109710757964393,Pamela Boggess for Fort Worth City Council,Pamela Boggess Campaign,≤100
1731084720451495,Saprea,The Younique Foundation,≤100
330641537286442,Virginia Constitutional Conservatives,Virginia Constitutional Conservatives,≤100
22627435207,Presbyterian Church (U.S.A.),Presbyterian Church (U.S.A.),≤100
8321461609,MomsRising.org,MomsRising Together,≤100
303650489667435,Restaurant365,These ads ran without a disclaimer,≤100
107064011602890,The American Idea Podcast,Ashbrook,≤100
275947565591,"Woods and Woods, LLC, The Veteran's Firm","Woods & Woods, LLC",≤100
11029708945,World Politics Review,WORLD POLITICS REVIEW LLC,≤100
115953428069461,Tim Sansone for Louisa County Sheriff,FRIENDS OF TIM SANSONE FOR SHERIFF,≤100
102802765956784,Chris Miller for Jacksonville,Chris Miller Campaign,≤100
40755480179,Students For Liberty,STUDENTS FOR LIBERTY INC,≤100
84645912778,Prosperity Now,PROSPERITY NOW,≤100
138276702894458,Right On Crime,Texas Public Policy Foundation,≤100
1835838916635491,Transamerica Institute,Transamerica Center for Health Studies,≤100
210277954204,The Young Turks,"The Young Turks, Inc.",≤100
313723095478950,Daily Citizen,Focus on the Family,≤100
49275915266,MSI Reproductive Choices,MSI-US,≤100
102490504962117,Phade products,Phade products,≤100
111963961516377,OUTWest,These ads ran without a disclaimer,≤100
1444820465547227,Rank the Vote,Rank the Vote,≤100
723394465079640,The Lion,Stanley M. Herzog Charitable Foundation,≤100
1505244559517282,Colin Allred,COLIN ALLRED FOR CONGRESS,≤100
179610235833,City of Charlotte Government,City of Charlotte,≤100
113388530380921,ReImagine Appalachia,KEYSTONE RESEARCH CENTER INC,≤100
2602473023098666,Democratic Polling Center,Democratic Governors Association,≤100
112775848387955,Data for Society Research,The University of Chicago,≤100
449532451834913,Fishers Finery,Fishers Finery,≤100
37540989546,Power to Decide,Power to Decide,≤100
936968016365794,The Eric Metaxas Radio Show,Salem Media,≤100
259351004139042,Ashbrook Center,Ashbrook Center,≤100
1042560925858683,John Kelly,John Alexander Kelly,≤100
21492729544,Catholic Relief Services,CATHOLIC RELIEF SERVICES - UNITED STATES CONFERENCE OF CATHOLIC BISHOPS,≤100
865099700332025,TeePublic.com,These ads ran without a disclaimer,≤100
950685078464558,Center for a Humane Economy,Center For A Humane Economy,≤100
117592091643709,Tree of Life Ministries｜Evangelism in Israel,Tree of Life Ministries,≤100
104614641200137,MeidasTouch,MEIDASTOUCH,≤100
143981748956175,Rural Assembly,Rural Assembly,≤100
108524217539937,Lumen Technologies,Lumen Technologies,≤100
114226275387369,republicEn,republicEn,≤100
147523538641547,Capitol Ministries,CAPITOL MINISTRIES,≤100
2168484930102843,EJ Moonshot,EJ Creations LLC,≤100
129353084077944,Maebe A. Girl,MAEBE A. GIRL FOR CONGRESS,≤100
87777747127,Greg Palast,Palast Investigative Fund,≤100
107356708329311,Conservative News Stories,William Gordan Tanner,≤100
320823520454,Enough Is Enough,Enough is Enough,≤100
1573514862764092,Speech First,Speech First,≤100
163662804426854,Life Advancement Group,Nathan Montgomery Berning,≤100
108181938134781,The House O'clock,These ads ran without a disclaimer,≤100
109866370700481,PushBlack Finance,PushBlack,≤100
290851614930809,Combat AntiSemitism,Combat Hate Foundation,≤100
28483858161,Texas Scorecard,ScorecardMedia,≤100
1666922183524165,ReThink Energy NJ,ReThink Energy NJ,≤100
108614184659534,The House Editorial,These ads ran without a disclaimer,≤100
103851532013523,Policyfetch.com,Quantum Digital Media Inc,≤100
124924174551188,Awe Inspired,JILCO,≤100
138492335404,Scott Walker,FORWARD USA FEDERAL POLITICAL ACTION COMMITTEE,≤100
1449073545419430,The Lone Liberal Republican,Arthur Winter,≤100
105348224679358,The Don't Unfriend Me Show,DONT UNFRIEND ME,≤100
102579112455934,Making The Leap Podcast,Stanley M. Herzog Charitable Foundation,≤100
81755908577,Kids in Need of Defense (KIND),"KIND, Inc.",≤100
210357995667559,The National Memo,The National Memo,≤100
1553978148244954,Build With Strength,Build With Strength,≤100
103535788939931,The Border Chronicle,The Border Chronicle,≤100
83960796709,Institute for Southern Studies,INSTITUTE FOR SOUTHERN STUDIES INC,≤100
21559454473,FAIR,FEDERATION FOR AMERICAN IMMIGRATION REFORM,≤100
400505623360875,SEIU Virginia 512,SEIU Virginia 512,≤100
1374906906166064,The Policy Circle,These ads ran without a disclaimer,≤100
24481937944,Theodore Roosevelt Conservation Partnership,"THEODORE ROOSEVELT CONSERVATION PARTNERSHIP, INC",≤100
101542284893130,Delaware LIVE News,DELAWARE LIVE LLC,≤100
110981884065996,Abortion Finder,Power to Decide,≤100
102596355656379,Red Wave News Updates,Michael Scott Hughes,≤100
710460605705480,Dugit Outreach Center,Dugit Messianic Outreach Center,≤100
338218229911752,Integrity First PAC,INTEGRITY FIRST PAC,≤100
104377518078467,More Perfect Union,MORE PERFECT UNION FOUNDATION,≤100
133937690180,Student Conservation Association,Student Conservation Association,≤100
279799525443906,HELPS Nonprofit,HELPS Nonprofit Law Firm,≤100
38812906703,United Friends of the Children,United Friends of the Children,≤100
70795936969,Children International,CHILDREN INTERNATIONAL,≤100
103443178259625,Iron Light Labs,Iron Light Labs,≤100
105936441686885,The House Love,These ads ran without a disclaimer,≤100
1376465702586897,Coloradans for Responsible Energy Development,Coloradans for Responsible Energy Development,≤100
133913826633461,Grassroot Institute of Hawaii,Grassroot Institute of Hawaii,≤100
110094158160834,The American Tribune,Michael Scott Hughes,≤100
376801102416184,Rep. Scott Perry,Office of Congressman Scott Perry (PA-10),≤100
532564690525398,Jess Royer,Vote Yes for Jess,≤100
197212467007163,She Should Run,SHE SHOULD RUN,≤100
139835646030666,Alliance for Aviation Across America,Alliance for Aviation Across America,≤100
100124709108034,Patriot One News,Matt Clark Agency,≤100
161479560620769,Kellogg School Center for Nonprofit Management at Northwestern University,These ads ran without a disclaimer,≤100
126815818975,Global Fund for Children,GLOBAL FUND FOR CHILDREN (THE),≤100
499379343409991,Impact Fund,"IMPACT FUND, THE",≤100
104721922541733,Nuclear Now,Nuclear Now,≤100
28446275521,Military Officers Association of America (MOAA),Military Officers Association of America,≤100
659229570848902,Friends of Liberty State Park,Friends of Liberty State Park,≤100
182620315479,Plan International USA,Plan International USA,≤100
506680536015406,HumanProgress.org,"CATO INSTITUTE, INC.",≤100
16900111951,National Organization for Women (NOW),NATIONAL ORGANIZATION FOR WOMEN,≤100
137332930294201,Citizen Brain with Josh Kornbluth,Global Brain Health Institute,≤100
104623399104370,Noah Kaplan for Denver,Kaplan for Denver,≤100
227594571444676,Building New York's Best,Carpenter Contractor Alliance of Metropolitan New York,≤100
6334782252,Oceana,OCEANA INC,≤100
108198112173908,Scott Harmon for Bristol Kendall Fire Protection District Trustee,David Scott Harmon,≤100
10897453188,Operation Mobilization - OM USA,"OPERATION MOBILIZATION USA, INC.",≤100
102533032327499,Protect and Serve PAC - Texas,Protect and Serve Texas GPAC,≤100
100918042944186,Modern Aura,These ads ran without a disclaimer,≤100
101791315693,Destiny Rescue,"Destiny Rescue International, Inc.",≤100
120778038066631,EveryLibrary,EveryLibrary,≤100
153704007991524,Women's Earth and Climate Action Network,Women's Earth and Climate Action Network (WECAN) International,≤100
65538457518,The Village Square,TO THE VILLAGE SQUARE INC,≤100
414460489293669,Celeste Friend for Mayor of Utica,Celeste M Friend,≤100
109021568309875,Derek Petteys for State Auditor,Derek Leonard Petteys,≤100
369212363162244,Van Nuys Neighborhood Council,Van Nuys Neighborhood Council,≤100
100562019990818,U.S. Term Limits,U.S. Term Limits Inc.,≤100
109575145733890,McGuireWoods Consulting,McGuireWoods Consulting LLC,≤100
218042444987,ASU Online,These ads ran without a disclaimer,≤100
100284648021034,New Tolerance Campaign,New Tolerance Campaign,≤100
103219361026915,PsychNews,These ads ran without a disclaimer,≤100
76152038707,Michigan Realtors,Michigan Realtors,≤100
91346559231,Democratic Legislative Campaign Committee - DLCC,Democratic Legislative Campaign Committee,≤100
2099448153445994,Students for Life Action,Students for Life Action,≤100
103338614839717,Peter S. Wenz,Peter S. Wenz,≤100
104396194587918,C3 Solutions,Conservative Coalition for Climate Solutions,≤100
594519783957655,Citizens for National Security,Citizens For National Security,≤100
225902781414,William Gheen President of Americans for Legal Immigration,AMERICANS FOR LEGAL IMMIGRATION PAC,≤100
104660195062596,Gen Z Conservative,William Gordan Tanner,≤100
16534314739,Facing History and Ourselves,These ads ran without a disclaimer,≤100
103047259150209,What I Want to Know with Kevin P. Chavous,"Stride, Inc.",≤100
214061167976,El Tiempo Latino,Center for Community Change Action,≤100
106779538059265,Jay Timmons,NATIONAL ASSOCIATION OF MANUFACTURERS OF THE UNITED STATES OF AMERICA INC.,≤100
16695101734,National Association of Social Workers,NATIONAL ASSOCIATION OF SOCIAL WORKERS,≤100
210937299260017,USA Features Media,USA Features Media LLC,≤100
1570082353262795,YIMBY Action,YIMBY ACTION,≤100
109284291894484,American News Stories,William Gordan Tanner,≤100
466164103423147,Thorn,Thorn,≤100
143063095713907,Hep,"CDM PUBLISHING, LLC",≤100
109538040853404,Alexa99,These ads ran without a disclaimer,≤100
38236386996,LSU Press,LSU Press,≤100
542278672821145,Carterville Ward 2 Alderman - Tom Harness,Thomas J Harness,≤100
103426858855557,Eyes That Speak by Christy Bowe,Gilbert Lunsford Jr Eugene,≤100
102755122513941,Americans Against Qualified Immunity,INSTITUTE FOR JUSTICE,≤100
543055672532190,ConnecticutEast,Brian Scott-Smith - Broadcaster,≤100
182079698493370,Portside,Portside,≤100
735450726543930,Clergy for a New Drug Policy,Clergy for a New Drug Policy,≤100
360026581051085,Jonathon Hansen for De Pere City Council,Hansen for De Pere,≤100
102712325850529,Libratum Press,Libratum Press LLC,≤100
645392368909975,carafem,carafem,≤100
799539910084929,Shaun King,These ads ran without a disclaimer,≤100
134910449854519,Leaders of a Beautiful Struggle,Leaders of a Beautful Struggle,≤100
111044621745187,Liberty News,William Gordan Tanner,≤100
103860008217959,Check CU,Check CU,≤100
101400032438085,The A-Mark Foundation,A MARK FOUNDATION,≤100
306480006853271,Political-Paige.com BLOG,Political-Paige.com,≤100
249467225254927,The Love > hate Project,LOVE GREATER THAN HATE PROJECT,≤100
100710759119069,Blue Planet Ecosystem,Blue Planet Ecosystem,≤100
162069790604,AARP Arizona,AARP,≤100
985300748301017,Sabai Design,These ads ran without a disclaimer,≤100
217187838327836,The Story Exchange,The Story Exchange Foundation,≤100
113026817019341,Steve Connally's Brain,Steve Connally's Brain,≤100
503699929651019,Washington Times Opinion,Washington Times,≤100
110856865095475,Albert Vega for Springfield Supervisor,Friends of Albert Vega,≤100
174665813003584,Mission Partners for Christ,Mission Partners for Christ,≤100
714966585370725,Dr David Hayes,Dave Hayes,≤100
174793662656828,Colorado Peak Politics,Peak Politics LLC,≤100
102356589314098,Political Comms,Political Comms LLC,≤100
149607228384141,America Needs Fatima,"American Society for the Defense of Tradition, Family and Property",≤100
1578341329151121,Shefvckinbad,Shefvckinbad,≤100
254943996005,Catholic Answers,"CATHOLIC ANSWERS, INC.",≤100
461530314600399,Common Sense American Politics,Common Sense American Politics,≤100
273823172633650,Foundation for Government Accountability,The Foundation for Government Accountability,≤100
110170005258857,Klicked Digital,DeDonato Enterprises,≤100
113496178208014,Protecting Our Democracy,Protecting Our Democracy,≤100
188123211213122,Michigan Coalition for Responsible Gun Owners,MICHIGAN COALITION FOR RESPONSIBLE GUN OWNERS,≤100
96286403078,iHeartDogs.com,HomeLife Media,≤100
126855128568,FEBC (Far East Broadcasting Company),"FAR EAST BROADCASTING COMPANY, INC.",≤100
221401431386940,Pramila Jayapal,PRAMILA FOR CONGRESS,≤100
104595142520978,Cody for GJ,Cody for GJ,≤100
485980975070908,Abigail Spanberger,SPANBERGER FOR CONGRESS,≤100
260713150211,Protect Our Winters,Protect Our Winters,≤100
276076196388914,Coffee & Pan Dulce Show,Coffee & Pan Dulce Show,≤100
110316380149,Family Policy Alliance,Family Policy Alliance,≤100
480278498670815,Danimer Scientific,Danimer Scientific,≤100
110589583842808,Union Built Matters NYC,Union Built Matters,≤100
121168721998854,Tony Pigford for Denver,Tony Pigford for Denver,≤100
1420200111329836,Alan C. Moore,Alan Christopher Moore,≤100
279890513018,Islamic Networks Group - ING,"ISLAMIC NETWORKS, INC.",≤100
396436403713176,Mark D. Obenshain,Friends of Mark Obenshain,≤100
165674110118949,Clearing out the Clutter,Colin D Moore,≤100
125937197447634,ACTA - American Council of Trustees and Alumni,AMERICAN COUNCIL OF TRUSTEES AND ALUMNI,≤100
75553755070,Michael Smerconish,Michael Smerconish,≤100
1821609834721994,Otis Elevator Co,OTIS ELEVATOR COMPANY,≤100
134597023235240,Rashida Tlaib,THE SQUAD VICTORY FUND,≤100
43426724597,Paper Culture,Paper Culture LLC,≤100
102262718547519,Crazy Uncle Gil,Gilbert Cuevas,≤100
107118754820874,The House History,These ads ran without a disclaimer,≤100
351450241620398,Bryan Shupe Delaware,Bryan William Shupe,≤100
58043814556,Oklahoma City Memorial Marathon,Oklahoma City Memorial Marathon,≤100
1842341652707472,Legit Politic,Legit Politic,≤100
43853729859,Campaigns & Elections,Political World Communications,≤100
110968652261329,Klinedinst PC,Klinedinst PC,≤100
772624976214511,Florida Record,The Record,≤100
220538341415523,The Satanic Temple,The Satanic Temple,≤100
227535924071462,Animal Petitions,AnimalPetitions.org,≤100
290266131048154,Kurt Ohlson,These ads ran without a disclaimer,≤100
117214891638398,Street Grace,Street Grace Inc,≤100
96935476345,Democratic Governors Association (DGA),Democratic Governors Association,≤100
1532204373696989,Detroit is Different,"DETROIT IS DIFFERENT, INC.",≤100
1050178538369612,DonorSee,DonorSee,≤100
60035389681,First Things,INSTITUTE ON RELIGION & AMP PUBLIC LIFE,≤100
349528025129958,"Brevard County Sheriff's Office, Florida (Official)",Robert Wayne Ivey,≤100
208551063368,Dominican Friars of the Province of Saint Joseph,DOMINICAN FOUNDATION,≤100
424443217623488,Clarion Project,"CLARION PROJECT, INC.",≤100
111942238498439,Volition America Brand,These ads ran without a disclaimer,≤100
323847085675,TCOYD,TAKING CONTROL OF YOUR DIABETES,≤100
14038292386,Women for Women International,WOMEN FOR WOMEN INTERNATIONAL,≤100
101890411955576,The Appalachian Podcast,William Benjamin Riddle,≤100
222797534462862,Peter Boghossian,National Progress Alliance,≤100
40201530406,American Society of the University of Haifa,James Samuel Fattal,≤100
7515233409,"Mikey Weinstein, MRFF",MILITARY RELIGIOUS FREEDOM FOUNDATION,≤100
106582384539447,Design for Freedom by Grace Farms,"GRACE FARMS FOUNDATION, INC.",≤100
111131133551811,The Locke Society,Locke Society Inc,≤100
1425435377743310,Conversations with Bill Kristol,FOUNDATION FOR CONSTITUTI,≤100
116606411350211,Jeanette Martinez for Fort Worth City Council District 11,Jeanette For Fort Worth,≤100
318956284903870,James Bergida,Bergida for Virginia,≤100
112746031741570,Big Government Al Ferraro,Building a Better Economy PC,≤100
488740674837681,198 Methods,198 methods,≤100
105858001496295,Mattie Parker for Fort Worth Mayor,Mattie Parker For Mayor Campaign,≤100
105431365768027,Liberal LeAnna Cumber,Building a Better Economy PC,≤100
207833736045744,MHAction.org,Patrick R. McHugh,≤100
101377889168483,Gumbo Limbo Coastal Stewards,"Gumbo Limbo Coastal Stewards, Inc.",≤100
103520838222542,Piano By Pictures,These ads ran without a disclaimer,≤100
109374912424067,Drew McKissick,DrewMcKissick.com,≤100
497348647140658,Point Source Youth,Point Source Youth,≤100
107622955460520,Lindsey Brock for City Council,Lindsey Brock for City Council,≤100
273546779885377,The Gallant Pelham,"delupton, LLC",≤100
224526160899111,Life Impact International,These ads ran without a disclaimer,≤100
226158107735831,Minnesotans for Paid Family Leave,Minnesotans for Paid Family Leave,≤100
1602846363276801,Chris Winslow,Friends of Chris Winslow,≤100
103728861917891,Mayor Jamie D. Watts,Jamie D. Watts,≤100
187713745097888,Save the Alamo,Save The Alamo Committee,≤100
129587677234115,Immigration Law & Justice Network,National Justice for Our Neighbors,≤100
276656699137,New Mexico Voices for Children,NEW MEXICO VOICES FOR CHILDREN,≤100
187850809456,PSEA - PA State Education Association,PENNSYLVANIA STATE EDUCATION ASSOCIATION,≤100
216052228433696,Arcus Foundation LGBTQ Social Justice,ARCUS FOUNDATION,≤100
102135745811769,The Sky Rains,David John Hild,≤100
577268509361380,League of Women Voters of Missouri,LEAGUE OF WOMEN VOTERS OF MISSOURI,≤100
36085812354,Rainforest Foundation US,"Rainforest Foundation, Inc.",≤100
222539451627775,The Graceful Goose,The Graceful Goose,≤100
107430158925524,Elizabeth Township Democratic Committee,Dylan Anthony Altemara,≤100
108433238844,CWEB,CWEB Inc.,≤100
103639379254898,Building a Better Economy,Building a Better Economy PC,≤100
105495775564367,President Trump Updates,Logan Thomas Corson,≤100
392189600337,Minnesota Nurses Association,Minnesota Nurses Association,≤100
240425642652222,South Florida Wildlands Association,South Florida Wildlands Association,≤100
110133700706695,2 Queers In A Truck,2 Queers In A Truck,≤100
102589746451856,American Black Journal,DETROIT EDUCATIONAL TELEVISION FOUNDATION,≤100
117956368577,Charlie Geren,Charlie Geren Campaign,≤100
50714237985,The Rutherford Institute,RUTHERFORD INSTITUTE,≤100
431019887282794,Tomorrow's World Today,These ads ran without a disclaimer,≤100
186977768011413,Ironworkers Rising,"International Association of Bridge, Structural, Ornamental, and Reinforcing Iron Workers",≤100
1424003277893336,Allan Domb,Allan Domb for Philadelphia,≤100
102686002236187,GirlyBurly,These ads ran without a disclaimer,≤100
2436403486378786,Tim Temple,Tim Temple Campaign,≤100
199010435394,Turtle Island Restoration Network,Turtle Island Restoration Network,≤100
105629509109985,Cherry Kitten,These ads ran without a disclaimer,≤100
153565184671427,Advantage Technology,These ads ran without a disclaimer,≤100
251734676525,Kevin Cramer,CRAMER FOR SENATE,≤100
100340099632821,Luci Welsh For MDJ,Patrick Andrew Welsh,≤100
249557685489132,Spiritual and Practical Socialism,Michael Robert Mccormick,≤100
82223469060,ACN - Aid to the Church in Need,"AID TO THE CHURCH IN NEED, INC.",≤100
163148530407080,Captain Mark Kelly,MARK KELLY FOR SENATE,≤100
330408799230,Joe Courtney,Congressman Joe Courtney (CT-02),≤100
481331019059116,The Published Reporter,The Published Reporter,≤100
108660385319253,Heatmap News,These ads ran without a disclaimer,≤100
112372941240164,Colorado Center Party,Colorado Center Party,≤100
148082431868458,Bisnow,These ads ran without a disclaimer,≤100
105533718089189,Moms for Liberty,Moms for Liberty,≤100
112602535494455,The Reporters Inc,REPORTERS INC,≤100
100913694925880,"Akalan Law Firm, PLLC","Akalan Law Firm, PLLC",≤100
270826723039149,The Coalition to Protect Americas National Parks,"COALITION OF NATIONAL PARK SERVICE RETIREES, INC.",≤100
59473866945,Oregon AFL-CIO,OREGON AFL-CIO,≤100
246491525549550,Ed Post,Education Post,≤100
177725632972150,Matt Towne,Matthew D Towne,≤100
116479559899968,Courage & Grow,Courage & Grow,≤100
104377641671195,Salem Podcast Network,Salem Media,≤100
30079936984,CWS,"CHURCH WORLD SERVICE, INC.",≤100
100184235633007,Summit Carbon Solutions,"Summit Carbon Solutions, LLC",≤100
101590744657599,Kim Walz for 46th Ward Alderwoman,Friends of Kimberly Walz,≤100
312870062895448,StateThugs,StateThugs.com,≤100
10234472029,Council on Foreign Relations,Council on Foreign Relations,≤100
106095601125529,"Reaching Everyone In Distress Foundation, Inc.",Reaching Everyone in Distress Foundation Inc.,≤100
64206021703,National Committee to Preserve Social Security and Medicare,NATIONAL COMMITTE TO PRESERVE SOCIAL SECURITY AND MEDICARE,≤100
78877543601,Milwaukee Jewish Federation,MILWAUKEE JEWISH FEDERATION INC,≤100
8111949161,ProgressNow Colorado,ProgressNow Colorado,≤100
14893370225,Sustainable Harvest International,SUSTAINABLE HARVEST INTERNATIONAL,≤100
173470656019870,The Daily Yonder,CENTER FOR RURAL STRATEGIES,≤100
121750354532995,Yale Program on Climate Change Communication,Yale Program on Climate Change Communication,≤100
107142265621370,Arizona Recap,SINEMA FOR ARIZONA,≤100
114815495852638,Public Rights Project,PUBLIC RIGHTS PROJECT,≤100
100637631678746,Conservative News Daily,Conservative News Daily,≤100
104107455066450,Russell Cohen on moderation in public policy,Howard Cohen,≤100
108028728590880,CTLPod,POPULATION MEDIA CENTER INC,≤100
87377228013,Side with Love,UNITARIAN UNIVERSALIST ASSOCIATION,≤100
163241007045104,a5 Inc.,a5 Branding and Digital,≤100
887139178003592,The Dean Obeidallah Show,The Dean Obeidallah Show,≤100
101204378825808,Fight the Right,FIGHT THE RIGHT PAC,≤100
452797224923658,The Democratic Coalition,THE DEMOCRATIC COALITION,≤100
110068881944540,Clarence Cox for Sheriff,Friends of Clarence Cox,≤100
109848795293568,Patriots Kingdom,Patriots Kingdom,≤100
107933371562044,Park Road Studios,These ads ran without a disclaimer,≤100
107010494015560,Virginians for Clean Energy,270 Strategies,≤100
69717994787,buildOn,BUILDON INC,≤100
100200743016288,Randell Connelly for Sheriff of Fulton County,Randell Morris Connelly,≤100
262164587131475,Free martial arts material for your own local school teachers to use,Ryan Gilbert,≤100
30500779658,Interfaith Power & Light,Interfaith Power & Light,≤100
236501477037258,Southern EVALS,These ads ran without a disclaimer,≤100
30618466815,Pacific Legal Foundation,Pacific Legal Foundation,≤100
1955953381348064,State Representative Trent Ashby,Texans for Trent Ashby,≤100
173263326992,Healthline,These ads ran without a disclaimer,≤100
259212814698356,Democratic Majority for Israel,Democratic Majority for Israel,≤100
670157783440223,Alliance for a Just Philadelphia,Movement Alliance Project,≤100
214061167976,El Tiempo Latino,MASTV EL PLANETA LLC,≤100
102252122442327,House On Fire,The CLEO Institute,≤100
234744096655497,Alliance For Early Success,Alliance for Early Success,≤100
147786295234727,San Francisco Department on the Status of Women,San Francisco Department on the Status of Women,≤100
142558085923765,State Representative Keith Bell,Keith Bell Campaign,≤100
113580465338014,MetroHealth,These ads ran without a disclaimer,≤100
112078117033545,Suffer the Little Children,Laine E Hissett,≤100
268868046463126,Beacon Center of Tennessee,BEACON CENTER OF TENNESSEE,≤100
742355036144332,Education Workers United,Education Workers United,≤100
192738164073627,A Better Balance,A Better Balance,≤100
112912573793125,Rise Up for Justice,Avrom L Altman,≤100
238473269650980,Capital & Main,CAPITAL & MAIN,≤100
178700205665083,FamilyLife Blended,CAMPUS CRUSADE FOR CHRIST INC,≤100
112339644228184,Next Chapter Podcasts,"Next Chapter Podcasts, LLC",≤100
128904330509898,The University of Chicago Harris School of Public Policy,The University of Chicago Harris School of Public Policy,≤100
103552914774916,Science Moms,"Potential Energy Coalition, Inc. with Facebook ad credits",≤100
445640168934708,Senator Chad McMahan,Chad Mcmahan,≤100
110650027024574,Broadleaf Books,These ads ran without a disclaimer,≤100
375543739837794,"Shielding Lives, Inc.",Shielding Lives Inc,≤100
170169493012341,The Fund for Global Human Rights,FUND FOR GLOBAL HUMAN RIGHTS,≤100
101564054951838,We The Forest,We The Forest,≤100
86711894400,National Write Your Congressman,National Write Your Congressman,≤100
463577513811129,David Suetterlein,Suetterlein for Senate,≤100
10524033745,Remote Area Medical - RAM,REMOTE AREA MEDICAL,≤100
245481022560114,John Stefanski,John Stefanski Campaign,≤100
7707979947,Raúl Grijalva,A WHOLE LOT OF PEOPLE FOR GRIJALVA CONGRESSIONAL COMMITTEE,≤100
105047195812499,rmc_crimsonpride,These ads ran without a disclaimer,≤100
103257956511353,Community Foundation for Loudoun and Northern Fauquier Counties,COMMUNITY FOUNDATION FOR LOUDOUN AND NORTHERN FAUQUIER COUNTIES,≤100
168876449866088,The Years Project,THE YEARS PROJECT,≤100
108775318620622,Timmy Knudsen for 43rd Ward Alderman,Friends of Timmy Knudsen,≤100
7035457015,Brave New Films,BRAVE NEW FOUNDATION 501(C)(3),≤100
109900178285313,4Corners K-9 Search and Rescue,These ads ran without a disclaimer,≤100
125202280894112,Mark Peake,Peake for Senate,≤100
28126338304,Surfrider Foundation,"SURFRIDER FOUNDATION, INC",≤100
110419778975556,South Carolina House Republican Caucus,South Carolina House Republican Caucus,≤100
114673441898183,True North Reports,True North Reports,≤100
101810652152706,Ship It Zero,PACIFIC ENVIRONMENT AND RESOURCES CENTER,≤100
114065428253003,Re-Elect Randy White,Randy White Campaign,≤100
101336828624026,Yes for Parks & Open Space,Yes for Parks and Open Space,≤100
343714718985673,Think Wood,Think Wood,≤100
504118316658151,SilencedOrganic,SilencedOrganic.com,≤100
103210743084765,Resonate,Resonate,≤100
161107820658032,La Red Hispana,"HISPANIC COMMUNICATIONS NETWORK, LLC",≤100
28915909437,American Veterinary Medical Association Congressional Advocacy Network,AMERICAN VETERINARY MEDICAL ASSOCIATION,≤100
106124975682358,Jimmy Fondren for Mississippi House District 111,Committee To Elect Jimmy Fondren,≤100
104696289211144,wellreadredhead18,These ads ran without a disclaimer,≤100
111904024679959,Bold Majority,BOLD MAJORITY PAC,≤100
226489691251,Keep New Hanover Beautiful,Keep New Hanover Beautiful,≤100
114665075250432,The Zalkin Law Firm,"The Zalkin Law Firm, P.C.",≤100
264403673724202,Lucile Packard Foundation for Children's Health,LUCILE PACKARD FOUNDATION FOR CHILDREN'S HEALTH,≤100
27544763621,Prison Fellowship,Prison Fellowship,≤100
5970146660,Community Change,Center for Community Change Action,≤100
109068551731974,Sillychillly,Marc Alan Goldstein,≤100
434635993263210,"King County, Washington - Government","King County, WA",≤100
110830853730734,Shenandoah Dems VA,Shenandoah County Democratic Committee,≤100
2023114331282570,Florida Daily,Florida Daily,≤100
37461287798,Jesuit Refugee Service/USA,JESUIT REFUGEE SERVICE INC,≤100
101586078357081,Peter Demos,Peter Demos,≤100
104491841664875,Country First,Future First Leadership PAC,≤100
100741471695626,Lutherans For Racial Justice,Lutherans for Racial Justice,≤100
101239962270235,Bright Future Iowa,Bright Future Iowa,≤100
108180206470137,Iowans for Wind & Solar,270 Strategies,≤100
6165653060,AFSCME,AMERICAN FEDERATION OF STATE COUNTY & MUNICIPAL EMPLOYEES,≤100
101099279062885,Optimistic American,These ads ran without a disclaimer,≤100
1731458707172809,Charters for Change,Elevate Chicago,≤100
1269485653192452,Tombstone2,Mohammed Nasir Razavi,≤100
142260190351,Comment Magazine,"Cardus, Inc.",≤100
363500867116594,Will Metcalf,Will Metcalf,≤100
428330877769054,Ask Anything,Ask Anything,≤100
129207622999,One Voice Ministries:  Hank and Brenda Kunneman,These ads ran without a disclaimer,≤100
611974239137381,Papa Forge,These ads ran without a disclaimer,≤100
304842759546695,Brooklyn Institute for Social Research,Brooklyn Institute for Social Research,≤100
795162290631372,Citrus Pregnancy Center,LIFE CHOICE CARE CENTER INC,≤100
108043717529159,Specialsiy,These ads ran without a disclaimer,≤100
2273201606253899,Terry Lynne for Farmers Branch,Terry Lynne For Farmers Branch,≤100
108379888448176,Crispin4KC,Committee to Elect Crispin Rea,≤100
39439581510,Blue Bottle Coffee,These ads ran without a disclaimer,≤100
2007361039550045,"Center for Free, Fair, and Accountable Democracy","CENTER FOR FREE, FAIR, AND ACCOUNTABLE DEMOCRACY, INC.",≤100
104139712624157,Live Weather: Radar & Quake,These ads ran without a disclaimer,≤100
1448985902033866,Trans Lifeline,Trans Lifeline,≤100
148283301869985,Many Hopes,ONE HOME MANY HOPES INC,≤100
104413952588277,The Belfry Signal,Matthew Lewis,≤100
223922031074790,The Abortion Survivors Network,These ads ran without a disclaimer,≤100
103584579337783,Solar Installation Services66904,These ads ran without a disclaimer,≤100
109379602045517,Ron Jefferson for Delegate,Friends of Ron Jefferson,≤100
2332258203674043,The PAS Report Podcast,The P.A.S. Report,≤100
1088879854574157,ARCHd,ARCHd,≤100
102304718985935,Myovant Sciences,These ads ran without a disclaimer,≤100
130268756992804,Yale Climate Connections,Yale Climate Connections,≤100
286224862049910,Salim Adofo,Salim Kwabena Thandiwe Adofo,≤100
103983379801,Texas Democratic Party,Texas Democratic Party,≤100
111357897876676,Scotty Moore for Congress,Scotty Moore for Congrss,≤100
523938087747648,Catapult,Catapult,≤100
101602011596761,Beaches Activists Movement,John Wesley Weldon,≤100
102204903345,The Vilcek Foundation,"VILCEK FOUNDATION, INC., THE",≤100
107461545589929,The Gen Z Conservative,Logan Thomas Corson,≤100
123323833895,"Chris Johnson, writer & humorist",Kudzu Kid Press,≤100
411566892619897,Shaking Up Science,David Toby Nabhan,≤100
92729316952,Covanta,Covanta,≤100
101384961651764,Louisiana Policy Review,Louisiana Policy Review,≤100
291838961553129,Louisiana Secretary of State Kyle Ardoin,Kyle Ardoin Campaign,≤100
181438572390,Sarasota County Democratic Party,Sarasota County Democratic Party,≤100
117476607915549,Will Davis for Delegate,Will Davis for Delegate,≤100
515836221808061,Project Sleep,These ads ran without a disclaimer,≤100
223922031074790,The Abortion Survivors Network,The Abortion Survivors Network,≤100
104521238896557,June Marie Paintings,June-Marie Paintings,≤100
100416560012896,Friends of the Everglades,FRIENDS OF THE EVERGLADES INC,≤100
1883837055193241,Shield Republic,Shield Republic,≤100
54580146753,Faith in Action,Faith in Action,≤100
307930162724,California Faculty Association,California Faculty Association,≤100
106636928696502,John Massoud,MASSOUD FOR SENATE,≤100
657142061016056,CAMERA on Campus,CAMERA,≤100
116945211276055,Make America Florida,Logan Thomas Corson,≤100
43005439032,American Diabetes Association,These ads ran without a disclaimer,≤100
162026603851694,Colton James,These ads ran without a disclaimer,≤100
123500462249,Oregon Food Bank,"OREGON FOOD BANK, INC.",≤100
298522426886102,Election Integrity Watch,Daniel Patrick Mcgrath,≤100
136362309708243,Restaurant Opportunities Centers United (ROC United),"RESTAURANT OPPORTUNITIES CENTERS (ROC) UNITED, INC.",≤100
43821078871,Transport Workers Union (TWU),Transport Workers Union of America,≤100
399997860992,Educators for Excellence,Educators for Excellence,≤100
46530484629,Idaho Conservation League,The Idaho Conservation League,≤100
115074531500036,Paxton Motheral for Tarrant Water Board,Paxton Motheral Campaign,≤100
84534657954,VPM,VPM Media Corporation,≤100
1625318647679604,Utah Association of Realtors,Utah Association of REALTORS®,≤100
513785465632396,Airline Passengers for Justice,Airline Passengers for Justice,≤100
90209763480,The Federalist Society,The Federalist Society,≤100
773432316041673,Calvary South Austin,Calvary South Austin,≤100
138434734461,CIIS Public Programs,CIIS Public Programs,≤100
103192259339267,Antonio Johnson for Pearland City Council Position 7,Antonio Johnson for Pearland City Council Position 7,≤100
105334892381660,AmericanTowns Politics,AMERICAN TOWNS,≤100
80060992758,Center for Food Safety,"CENTER FOR FOOD SAFETY, THE",≤100
80100802880,MaleSurvivor,MaleSurvivor,≤100
1599237673639735,Change Media Group,Change Media Group,≤100
100972386246897,"Michael J. Girardi, ESQ. for Magisterial District Judge","Michael J. Girardi, ESQ. for Magisterial District Judge",≤100
430869277025501,Dr. Nancy O'Reilly,"WOMEN CONNECT4GOOD, INC.",≤100
102176712079037,Daily Floridian,Daily Floridian,≤100
278434943062355,WellBeing International,"WellBeing International, Inc.",≤100
103929304678916,Voter Action Project,Integrity First Voter Action Project,≤100
114897884851330,Yes4MHS,Yes4MHS,≤100
70373038195,FairVote Minnesota,Fairvote Minnesota,≤100
993294760683044,Education Reform Now,EDUCATION REFORM NOW ADVOCACY INC,≤100
274975862998213,Profs and Pints,Profs and Pints,≤100
120601996294661,The Geysers,The Geysers - A wholly owned subsidiary of Calpine Corporation,≤100
592709147899703,Councilman Michael Berlucchi,Friends of Michael Berlucchi,≤100
200548226627766,The Progressive Magazine,Norman Joseph Stockwell,≤100
102281724942742,Affordable Energy for New Jersey,Affordable Energy for New Jersey,≤100
109465560444254,Roce Today,I-ROCE LLC,≤100
112041018476471,The Healthy Spot,These ads ran without a disclaimer,≤100
13187955196,Young Americans for Liberty,Young Americans for Liberty,≤100
110063731899559,Vetsty.com,These ads ran without a disclaimer,≤100
304681559681090,Yes Theory,These ads ran without a disclaimer,≤100
110383114569788,The House Dessert,These ads ran without a disclaimer,≤100
156362631095762,Secular Pro-Life,Secular Pro-Life,≤100
102996678004943,Maloneforhd59,"Maloneforhd59, Republican, PO Box 159, Pray, MT 59065",≤100
1800178023416373,Bob Courtenay for Town Supervisor,These ads ran without a disclaimer,≤100
238711349624826,The Wetherall Company Public Service Advertising,The Wetherall Company LLC,≤100
161151357262063,Fountain House,"FOUNTAIN HOUSE, INC.",≤100
112022491619318,American Apex News,Logan Thomas Corson,≤100
1406149713044974,Intellectual Judaism,Intellectual Judaism,≤100
2071460382939728,Pat Herrity,Friends of Pat Herrity,≤100
480249382057633,House of Hope,These ads ran without a disclaimer,≤100
272716539512166,Cycle for the Cause,"LESBIAN & GAY COMMUNITY SERVICES CENTER, INC.",≤100
108108121456950,Blue States PAC,BLUE STATES PAC,≤100
77906169595,Texans Care For Children,Texans Care for Children,≤100
106959920878115,The Well Done Foundation,"WELL DONE FOUNDATION, INC.",≤100
115399231452334,Brandon Sakbun for Mayor,Brandon Christopher Sakbun,≤100
112168888451050,Macy Hill for Fort Worth District 7,Macy Hill for Fort Worth,≤100
106422508278960,Unsung History,Kelly T Pollock,≤100
113382260499042,Cedars-Sinai Academic Medicine,These ads ran without a disclaimer,≤100
107383838486866,Alan Blaylock for Fort Worth City Council,Alan Blaylock for Fort Worth City Council,≤100
644308565682800,Tanya Acker,Tanya Marie Acker,≤100
105990415642100,DeSantis Supporters,Logan Thomas Corson,≤100
104168992542940,Campaign HQ Insiders,CampaignHQ,≤100
103373882543276,Josh McBroom for Naperville City Council,Friends of Josh McBroom,≤100
100313992666117,Sarah for Denver,Sarah for Denver,≤100
14182731186,Texas Appleseed,TEXAS APPLESEED,≤100
105023768642,U.S. Chamber Institute for Legal Reform,US Chamber Institute for Legal Reform,≤100
103739957866477,Zinc8 Energy Solutions,"Vorticom, Inc.",≤100
188607107843102,Texas Values,TEXAS VALUES,≤100
194743010571911,Renogy,These ads ran without a disclaimer,≤100
251512801547984,Ken King,Ken King for State Representative,≤100
264397446915075,Texas Infrastructure Now,Texas Infrastructure Now,≤100
106119299072087,Sisters of Ukraine,These ads ran without a disclaimer,≤100
100269702946834,Neilandersoninnovate,Neil Anderson,≤100
579546249116949,Pasco Straight Talk,Brian Sherburn Staver,≤100
305730296471268,"Delegate Emily Brewer, 64th District",Friends of Emily Brewer,≤100
105383532206151,Yoder for Lancaster,Yoder for Lancaster,≤100
432373350174612,The Nature Conservancy in Minnesota,NATURE CONSERVANCY,≤100
100947188402866,Aura Drawings with Ashley,These ads ran without a disclaimer,≤100
157521957980788,Reimagining the Civic Commons,Reimagining the Civic Commons,≤100
133753583953215,American History in 90 Minutes - The Common-Sense Guide to U.S. History,American History in 90 Minutes,≤100
141450443014677,Caracal Reports,Caracal Reports Inc,≤100
104077761323735,letstalklawenforcementperiod,These ads ran without a disclaimer,≤100
105800435721037,The Right Hour,Logan Thomas Corson,≤100
106568024842114,Rideshare Assault Support,Select Justice LLC,≤100
839158786226886,Two Party Opera,Brian Thomas Carroll,≤100
490349377808038,State Representative Justin Holland,Justin Holland Campaign,≤100
107418177702609,Middle America News,Logan Thomas Corson,≤100
105166539168796,Jim Arlington - Alaskans for Arlington,Alaskans for Arlington,≤100
1399736660066130,Jews for a Secular Democracy,SOCIETY FOR HUMANISTIC JUDAISM,≤100
107034431979369,United24,These ads ran without a disclaimer,≤100
117507751891,United Poultry Concerns,"UNITED POULTRY CONCERNS, INC",≤100
101783516125013,Jodi Habush Sinykin for State Senate,Jodi for Senate,≤100
257555958952,American University of the Caribbean School of Medicine,American University of the Caribbean School of Medicine,≤100
100206608965868,Workers Circle College Network,Workers Circle College Network,≤100
113079975378944,Mike Ball Dive Expeditions,These ads ran without a disclaimer,≤100
33645936253,GIO BIKES,These ads ran without a disclaimer,≤100
106874254592730,Boredom Police,These ads ran without a disclaimer,≤100
294837634511305,24/7 Mirror,These ads ran without a disclaimer,≤100
730128206999668,Miel de Botton,These ads ran without a disclaimer,≤100
111112738438927,rdhbuildingscience,These ads ran without a disclaimer,≤100