﻿Page ID,Page name,Disclaimer,Amount spent (USD),Number of ads in Library
263299207654443,Moussa Sanogo,Konan Arsène Yao,≤100,5
400259033450192,Ministère du Budget-CI,Konan Arsène Yao,≤100,4
102041141286748,Sénateur Vassiriki DIABY,Sénateur Vassiriki DIABY,≤100,2
103695537865434,DJE BI DJE Olivier Vamy,Olivier Dje Bi Dje,≤100,1
188890236551284,Solange Fatima MABRI,Solange Fatima MABRI,≤100,1
244922065530890,Gouvernement de Côte d'Ivoire,Gouvernement de Côte d'Ivoire,≤100,3
302183990175912,Haute Autorité pour la Bonne Gouvernance,Haute Autorité pour la Bonne Gouvernance,≤100,1
808119029346832,Amédé Koffi Kouakou,Malan Abraham-Wilfried  N'djorey,≤100,1
214640851992725,Primature Côte d'Ivoire,Primature Côte d'Ivoire,≤100,2
1189722894544062,Mohamed Coulibaly,Alpha Berthe,≤100,1
101231651820095,"Fondation l'univers des livres,  de la lecture et de la dictée",Sonia Boguifo,≤100,1
109453422064225,Lia Gnan Ferdinand,These ads ran without a disclaimer,≤100,1
103684835915330,TTH le Rassembleur,Ibrahim Bamba,≤100,1
434522397048552,Sarahadam,Sarahadam,≤100,1
200480966638039,Supremacy 1914,These ads ran without a disclaimer,≤100,2
115917591469669,Caravane De La PAIX Dans La Région Du PORO,These ads ran without a disclaimer,≤100,2
287842647957979,EU International Partnerships,These ads ran without a disclaimer,≤100,1
155174084508744,Banque mondiale,These ads ran without a disclaimer,≤100,1
241664783089008,Xin,These ads ran without a disclaimer,≤100,1
371171589575669,China.org.cn,These ads ran without a disclaimer,≤100,1
153371894688575,World Bank,These ads ran without a disclaimer,≤100,1
179989282086901,Warriors of the Divine,These ads ran without a disclaimer,≤100,1
102416722029565,"Innovate4Climate, I4C 2023 - Bilbao",These ads ran without a disclaimer,≤100,1
421002731270405,swisspeace,These ads ran without a disclaimer,≤100,1
101822272617934,Network Booster,These ads ran without a disclaimer,≤100,1
104130261736132,Étoile de Bethléem SMB,These ads ran without a disclaimer,≤100,1
101289218907718,Web News,These ads ran without a disclaimer,≤100,1
110463704610731,Cute Kiwi,These ads ran without a disclaimer,≤100,1
115602001493333,Z-50-pro,These ads ran without a disclaimer,≤100,1
150793518281117,Covestro,These ads ran without a disclaimer,≤100,2
102342747923923,Researchpod,These ads ran without a disclaimer,≤100,1
17043549797,MIT Technology Review,These ads ran without a disclaimer,≤100,1
114793458167821,T110-24,These ads ran without a disclaimer,≤100,1
105743361735500,New to Money Português,These ads ran without a disclaimer,≤100,1