﻿Page ID,Page name,Disclaimer,Amount spent (EUR),Number of ads in Library
122344957784863,Amnistia Internacional Portugal,Amnistia Internacional Portugal,1202,91
347829038571812,Aldeias de Crianças SOS Portugal,Aldeias de Crianças SOS Portugal,310,36
122074554119,EU Social,EU Social,233,7
103539582320797,Soluções Sustentáveis EDP,"EDP - Energias de Portugal, S.A.",221,1
197936253581591,Fundação Francisco Manuel dos Santos,Fundação Francisco Manuel dos Santos,201,29
183548702301753,CIM do Tâmega e Sousa,CIM do Tâmega e Sousa,165,7
107898832590939,European Commission,European Commission,102,1
163880252839,Deco Proteste,DECO PROTESTE,≤100,5
163143573724799,Adagietto,These ads ran without a disclaimer,≤100,1
604331369992722,Deputados do PCP no PE,Deputados do PCP no PE,≤100,8
412322482264070,Nespresso,Nespresso,≤100,3
587845577964346,Médicos Sem Fronteiras,Médicos Sem Fronteiras,≤100,73
145359705502132,Pordata,PORDATA,≤100,8
1571730739515611,Plataforma Gaia com Norte,Plataforma Gaia com Norte,≤100,1
169926916451285,Continental Pneus,Continental Pneus,≤100,1
112857423489214,Ajuda em Ação,Ajuda em Ação,≤100,4
480077632487005,Daikin Portugal,Daikin Portugal S.A.,≤100,4
103760316035467,Arbor,Arbor,≤100,2
527351247377965,European Committee of the Regions,European Committee of the Regions,≤100,3
339810463063059,Conflict Of Nations : World War 3,These ads ran without a disclaimer,≤100,1
101920814806371,Casa dos livros,Casa dos livros,≤100,6
108914128833603,Abraça o Sonho,Abraça o Sonho,≤100,1
798351403875776,Sara Cerdas,Gabinete da Europa,≤100,1
105930235490595,Provedora do Animal,Provedora do Animal,≤100,7
650784288333281,Lisb-On #jardimsonoro,These ads ran without a disclaimer,≤100,1
104503542616570,Sharity ABO+- Aveiro,Sharity ABO+- Aveiro,≤100,1
748172598653051,Nuno Carvalho,Nuno Carvalho,≤100,1
108383397178648,Bokay,Bokay,≤100,1
193697864002162,UNICEF Portugal,UNICEF Portugal,≤100,2
179851552092632,Manuel Portugal Lage,Manuel Portugal Lage,≤100,2
158714780827513,UNFPA,These ads ran without a disclaimer,≤100,3
103930608502,Real Associação de Lisboa,Real Associação de Lisboa,≤100,2
133459506667211,Sidul - Doces Momentos,These ads ran without a disclaimer,≤100,1
969629536474187,Roman Stelmakh,These ads ran without a disclaimer,≤100,1
568028987050017,Livros com História,Livros com História,≤100,3
919232861444360,European Youth Event,These ads ran without a disclaimer,≤100,1
529885530685658,Olhar Loures,Olhares de Lisboa,≤100,1
123051634390412,Partido Social Democrata,Partido Social Democrata,≤100,1
117438281668652,NIVEA,These ads ran without a disclaimer,≤100,5
1709939012603940,Ricardo Baptista Leite,Ricardo Baptista Leite,≤100,1
113909354993178,Amor com 4 Patas,Amor com 4 Patas,≤100,1
85728663404,Standvirtual,Standvirtual,≤100,4
104707758085303,Roche,Roche,≤100,1
105440292535677,Diversity & Inclusion Journey,Share Your World,≤100,1
1070620006324316,Frederico Lourenço,These ads ran without a disclaimer,≤100,1
218028718210072,Gradiva Publicações,"Gradiva Publicações, S.A.",≤100,1
107252064043989,Luís Montenegro,Partido Social Democrata,≤100,3
109307658490005,"Plataforma, PRS de Dr. Kumba Yalá",PRS - Partido da Renovação Social,≤100,3
481847405755917,Teva Portugal,Teva Portugal,≤100,2
112348268013956,USF Modelo A,These ads ran without a disclaimer,≤100,1
166220000072022,Carlos Eduardo Reis,Carlos Eduardo Reis,≤100,3
225083420873500,Hugo Oliveira,Hugo Oliveira,≤100,2
413110028708018,Uniarea,Uniarea,≤100,2
119814981366887,Câmara Municipal do Funchal,Câmara Municipal do Funchal,≤100,2
863284277093093,Pingo Doce,These ads ran without a disclaimer,≤100,1
156244977755673,Torres Vedras CM,Município de Torres Vedras,≤100,1
129586383695,Município de Oeiras,Município de Oeiras,≤100,1
121315743153,Município da Moita,Câmara Municipal da Moita,≤100,1
391346758158809,Livros aos molhos,Livros aos molhos,≤100,1
100540912157837,Palácio da Leitura,Palácio da Leitura,≤100,1
582360601854799,Manuseado,Manuseado,≤100,2
771876069610385,Central Pharma Group,Central Pharma Group,≤100,3
106496518935775,Manamiga,Manamiga,≤100,3
202907266393447,FGS I Fundação Gonçalo da Silveira,FGS I Fundação Gonçalo da Silveira,≤100,1
119444396122388,Are you R Portuguese,These ads ran without a disclaimer,≤100,1
220749221837897,Francisco Jesus,Francisco Jesus,≤100,1
146427908881902,PS Moita,PS Moita,≤100,1
357797675290443,Movimento Cuidar de Évora,Movimento Cuidar de Évora,≤100,1
101991058085799,Chega Açores,Chega Açores,≤100,1
105922794642896,Assembleias de Cidadãos Portugal,Fórum dos Cidadãos,≤100,1
101360765001943,Iniciativa Liberal - Gondomar,Iniciativa Liberal Gondomar,≤100,1
100451933698060,AdVenture Communist,These ads ran without a disclaimer,≤100,2
115415594383277,FUTURO,Futuro,≤100,1
109255545367351,ancestralhabits,These ads ran without a disclaimer,≤100,1
117035361363639,dr.andersongama,These ads ran without a disclaimer,≤100,1
101155489545190,Mrs Book,Mrs Book,≤100,1
1656590977890066,IDEO U,These ads ran without a disclaimer,≤100,1
267353906619818,Mr. Gugu & Miss Go,These ads ran without a disclaimer,≤100,4
901697383231864,Contas Connosco,Contas Connosco,≤100,1
1241606822611843,Grupo do PS na Assembleia de Freguesia da Guarda,Grupo do PS na Assembleia de Freguesia da Guarda,≤100,1
109963231792025,camillademelo.psi,These ads ran without a disclaimer,≤100,1
128050063917913,ISF (International School Sport Federation),These ads ran without a disclaimer,≤100,1
618086438391102,Taiwan in the EU and Belgium,These ads ran without a disclaimer,≤100,1
95775573753,Frontiers,These ads ran without a disclaimer,≤100,1
116934494636757,Nifty News,These ads ran without a disclaimer,≤100,4
112211411890415,Будь в Курсе,These ads ran without a disclaimer,≤100,1
218798922334223,COFCO,These ads ran without a disclaimer,≤100,1
152914224736727,Banco Mundial,These ads ran without a disclaimer,≤100,1
452149835294255,Alessandro Moises,These ads ran without a disclaimer,≤100,1
111160730747637,Trivia Stars,These ads ran without a disclaimer,≤100,1
109102194947189,CinemAbruzzo,These ads ran without a disclaimer,≤100,1
131189377574,MDPI,These ads ran without a disclaimer,≤100,1
105729552522702,social.talks1,These ads ran without a disclaimer,≤100,1
110333931764735,Smile Papers,These ads ran without a disclaimer,≤100,1
1883003128429295,Queer Majority,These ads ran without a disclaimer,≤100,1