﻿Page ID,Page name,Disclaimer,Amount spent (USD)
244922065530890,Gouvernement de Côte d'Ivoire,Gouvernement de Côte d'Ivoire,≤100
225928324099954,Patrick Achi,Patrick Achi,≤100
102112536004062,Cabinet d’Ingénierie du Droit et de la Gouvernance -CIDG,Pregnon Claude Nahi,≤100
101231651820095,"Fondation l'univers des livres,  de la lecture et de la dictée",Sonia Boguifo,≤100
214640851992725,Primature Côte d'Ivoire,Primature Côte d'Ivoire,≤100
1189722894544062,Mohamed Coulibaly,Alpha Berthe,≤100
1048338425180638,Adjaratou Traoré,Patrick Franck Moreau,≤100
103972089633572,Dr Abdallah Toikeusse MABRI,Dr Abdallah Toikeusse MABRI,≤100
808119029346832,Amédé Koffi Kouakou,Malan Abraham-Wilfried  N'djorey,≤100