﻿Page ID,Page name,Disclaimer,Amount spent (USD),Number of ads in Library
100614015463456,Othniel News,Othniel News,≤100,2
343780273395073,"Hon. George Mireku Duker - MP, Tarkwa-Nsuaem.","Gomashie, Wisdom",≤100,1
153599544688611,Alan John Kwadwo Kyerematen,Alan John Kwadwo Kyerematen,≤100,1
100620409068196,Alhaji Zubairu Kassim,These ads ran without a disclaimer,≤100,2
259498284391389,Sidii Abubakar Musah,Sidii Abubakar Musah,≤100,2
111510587862957,Herbert Krapa,Herbert Krapa,≤100,1
104483818944592,Kwadwo Poku for President,Kwadwo Poku,≤100,1
1885114401706195,Dr. Matthew Opoku Prempeh,Dr. Matthew Opoku Prempeh,≤100,1
1196196390526965,Facebook Surveys,These ads ran without a disclaimer,≤100,4
565225540184937,CGTN,These ads ran without a disclaimer,≤100,1
570916476413920,Daybreak newspaper,These ads ran without a disclaimer,≤100,1
158714780827513,UNFPA,These ads ran without a disclaimer,≤100,7
102415047928145,Shanghai Electric,These ads ran without a disclaimer,≤100,1
223287104715778,Oxfam,These ads ran without a disclaimer,≤100,9
1883003128429295,Queer Majority,These ads ran without a disclaimer,≤100,1
191347651290,China Daily,These ads ran without a disclaimer,≤100,1
635280273327399,Africa SANTE  EXPO ex: Pharmafrica Expo,These ads ran without a disclaimer,≤100,1
110387038264357,Viral In World,These ads ran without a disclaimer,≤100,1
101493902773017,SPIC-Turkey,These ads ran without a disclaimer,≤100,1
1182128755219778,Japan Forward,These ads ran without a disclaimer,≤100,1
1626877920864508,Vodafone Foundation,These ads ran without a disclaimer,≤100,1
100311291847776,Gender-Based Violence Area of Responsibility,These ads ran without a disclaimer,≤100,1
500895353689021,Africa's Business Heroes,These ads ran without a disclaimer,≤100,1