﻿Page ID,Page name,Disclaimer,Amount spent (EGP)
113432613540693,وزارة الصحة والسكان المصرية,وزارة الصحة والسكان المصرية,1130
798673866859390,ETC TV,ETC TV,162
1440732656173900,EDU Gate,These ads ran without a disclaimer,161
550280998481446,Rasha Kelej,Rasha Kelej,110
103283332669003,مؤسسة جمال الجارحي للتنمية المجتمعية,مؤسسة جمال الجارحي للتنمية المجتمعية,≤100
102752291431181,المهندس حازم الجندي - Hazem ElGendy,المهندس حازم الجندي - Hazem ElGendy,≤100
106088658611833,المرشح الرئاسى احمد الفضالى,المرشح الرئاسى احمد الفضالى,≤100
112955485159674,مدحت الكمار ــ Medhat Al.Kammar,مدحت محمد عطية الكمار,≤100
963424467011784,أحمد فتحي - Ahmed Fathy,أحمد فتحي - Ahmed Fathy,≤100
181524565276709,الهلال الأحمر المصري - Egyptian Red Crescent,الهلال الأحمر المصري - Egyptian Red Crescent,≤100
106450555171099,مجدي البري - Magdy Elbery,مجدي البري - Magdy Elbery,≤100
110877857406073,المهندس حسام لبن,المهندس حسام لبن,≤100
199703440927711,Print Shop,These ads ran without a disclaimer,≤100
308088503057656,النائب محمود عصام,النائب محمود عصام,≤100
101009088774421,حزب حماة الوطن,حزب حماة الوطن,≤100
109093158038193,Mohamed El Manzalawi - محمد المنزلاوي,Mohamed El Manzalawi - محمد المنزلاوي,≤100
732845453568357,Dr. Diae Diab - aacseg - Anglo American Cosmetic Surgery in Egypt,These ads ran without a disclaimer,≤100
100835565731657,Ahmed Amin Massoud - أحمد أمين مسعود,Ahmed Amin Massoud - أحمد أمين مسعود,≤100
1424610401122573,هاني العتال - Hany Alattal,هاني العتال - Hany Alattal,≤100
101490162995269,محمد مصطفى فؤاد,These ads ran without a disclaimer,≤100
100369079577438,نقابة المحامين المصرية,نقابة المحامين المصرية,≤100
101361307958442,Mohamad ElGarhy,Mohamad ElGarhy,≤100
116162031437395,Ali Elshraee - على الشريعي,Ali Elshraee - على الشريعي,≤100
103291013528894,Dr.Mokhtar Gomaa,Dr.Mokhtar Gomaa,≤100
104570177893410,أحمد علي الألفي,أحمد علي الألفي,≤100
273900239400893,نقابة المحامين المصرية,نقابة المحامين المصرية,≤100
279224125621229,قناة مكملين - الرسمية,These ads ran without a disclaimer,≤100
100120566230975,دوائر,دوائر,≤100
102513686183312,ياسر القماش Yasser El Kamash,ياسر القماش Yasser El Kamash,≤100
103395314662888,حزب الشعب الجمهوري - مصر,حزب الشعب الجمهوري - مصر,≤100
102880171396088,TECCO Global Education,TECCO Global Education,≤100
192320965049184,الإعلامية نيفين منصور,الإعلامية نيفين منصور,≤100
104421931606476,النائب أحمد دياب,النائب أحمد دياب,≤100
2035593490055091,النائب عمرو القطامي,النائب عمرو القطامي,≤100
109913371278291,المتحدة للطباعة,These ads ran without a disclaimer,≤100
106586485351141,أشرف الشبراوي أبو العلا - Ashraf Abo Elela,أشرف الشبراوي أبو العلا - Ashraf Abo Elela,≤100
105872082337085,النائب أحمد عبدالجواد,النائب أحمد عبدالجواد,≤100
900337800058784,برنامج الو مكملين,These ads ran without a disclaimer,≤100
683158581703412,"نقل عفش ,شركات نقل اثاث ب500جنية فى مصر 01144202080 شركة فرعون لنقل العفش",These ads ran without a disclaimer,≤100
102765221685871,كشف فساد مجلس اداره قريه ذهبيه,كشف فساد مجلس اداره قريه ذهبيه,≤100
103563626109746,EG Journal - إيجى جورنال,EG Journal - إيجى جورنال,≤100
595025640685644,النائبة شيرين عبد العزيز - Sherin abdelaziz,النائبة شيرين عبد العزيز - Sherin abdelaziz,≤100
354968941204659,الدكتور أيمن أبو العلا عضو مجلس النواب,الدكتور أيمن أبو العلا عضو مجلس النواب,≤100
118932207798163,Rehab Eltehewy - رحاب التحيوي,Rehab Eltehewy - رحاب التحيوي,≤100
111086937788265,موقع تحيا مصر - Tahiamasr News,موقع تحيا مصر - Tahiamasr News,≤100
535371883202755,Freddy Elbaiady  صفحة فريدي البياضي,Freddy Elbaiady  صفحة فريدي البياضي,≤100
2809651402593222,Sodic Stone,These ads ran without a disclaimer,≤100
109967521786747,أغانى  الانتخابات,أغانى  الانتخابات,≤100
111393504057042,د/ مها عبد الناصر,د/ مها عبد الناصر,≤100
692939830826213,Mohamed Badran  محمد بدران,Mohamed Badran  محمد بدران,≤100
105096455624550,Tamer abdelhamid - تامر عبد الحميد,Tamer abdelhamid - تامر عبد الحميد,≤100
103086629281243,محمد الشنراوي,محمد الشنراوي,≤100
108927510969680,الصفحة الرسمية للنائبة د. صبورة السيد,الصفحة الرسمية للنائبة د. صبورة السيد,≤100
102427269421406,للتشطيبات والمقاولات العامة Maysra Group,These ads ran without a disclaimer,≤100
2008955655869297,FoxBooks - كتابك لبابك,These ads ran without a disclaimer,≤100
666470146818916,مؤسسة جبر القلوب - GabrAlqulub,مؤسسة جبر القلوب - GabrAlqulub,≤100
1990924021001531,ثانويه عامه,These ads ran without a disclaimer,≤100
282421105588262,Alraees News- الرئيس نيوز,Alraees News- الرئيس نيوز,≤100
100432829564678,Mohamed Fouda,These ads ran without a disclaimer,≤100
231155190348988,AlHadath Alyoum - الحدث اليوم,These ads ran without a disclaimer,≤100
112414251083829,Doria Feminist Fund,These ads ran without a disclaimer,≤100
116232578055472,SBH Education,These ads ran without a disclaimer,≤100