﻿Page ID,Page name,Disclaimer,Amount spent (EUR)
80124492882,Reformierakond,Eesti Reformierakond,≤100
112544832109986,Teeviit,Teeviit,≤100
115634898452178,Postimees,Postimees Grupp,≤100
556961957722998,TV3 Play Eesti,These ads ran without a disclaimer,≤100
102161268031662,Levila,Levila,≤100
204385319601031,Logistikauudised,AS Äripäev,≤100
231298983701361,pollumajandus.ee,Äripäev AS,≤100
114004685304193,Raamatupidaja.ee,Raamatupidaja.ee,≤100
192452274114132,"Stockholmi Keskkonnainstituudi Tallinna Keskus, SEI Tallinn","Stockholmi Keskkonnainstituudi Tallinna Keskus, SEI Tallinn",≤100
468873137208405,Fermi Energia,Fermi Energia,≤100
233123435884,Eestimaa Looduse Fond,Eestimaa Looduse Fond,≤100
102556191461116,Parempoolsed,Erakond Parempoolsed,≤100
1738848436345970,FinanceEstonia,FinanceEstonia,≤100
1473173919576991,Tööstusuudised.ee,AS Äripäev,≤100
178362315106,European Parliament,European Parliament,≤100
143433035688531,Rus.Postimees,AS Postimees Grupp,≤100
2217643278496367,Riho Terras,Isamaa Erakond,≤100
165505543854570,Edasi.org,Edasi.org,≤100
162244807165070,RMK по-русски,RMK,≤100
197121006967212,Diplomaatia,Diplomaatia magazine,≤100
609033342446932,kinnisvarauudised.ee,AS Äripäev,≤100
109605679062900,Eestimaa Rohelised,Eestimaa Rohelised,≤100
104416784453155,FoundME,FoundME,≤100
405367699805160,Nähtamatud Loomad,Nähtamatud Loomad,≤100
204245693255250,Personaliuudised.ee,Personaliuudised.ee,≤100
1626356987611766,Ehitusuudised,AS Äripäev,≤100
117610381595276,Reforminoored,Eesti Reformierakond,≤100
117730514578220,Наши в Европе,These ads ran without a disclaimer,≤100
101152096022679,Reilly Todd,These ads ran without a disclaimer,≤100