﻿Page ID,Page name,Disclaimer,Amount spent (EGP),Number of ads in Library
101516486048536,CDIS - Egypt Cybersecurity & Data Intelligence Systems Conference & Expo,CDIS Cybersecurity and Data Intelligence Conference and Expo,15931,8
798673866859390,ETC TV,ETC TV,1662,20
181524565276709,الهلال الأحمر المصري - Egyptian Red Crescent,الهلال الأحمر المصري - Egyptian Red Crescent,1276,4
102883459081121,Mohamed Taher - محمد طاهر,Mohamed Taher - محمد طاهر,1082,7
108210648333964,محمود طاهر -Mahmoud Taher,محمود طاهر -Mahmoud Taher,1046,4
100835565731657,Ahmed Amin Massoud - أحمد أمين مسعود,Ahmed Amin Massoud - أحمد أمين مسعود,863,2
106450555171099,مجدي البري - Magdy Elbery,مجدي البري - Magdy Elbery,507,4
707511176015990,علاء حمدى قريطم - Alaa Hamdy Koraitem,علاء حمدى قريطم - Alaa Hamdy Koraitem,470,4
663508057123324,جمعية رسالة للأعمال الخيرية بالدقهلية,جمعية رسالة للأعمال الخيرية بالدقهلية,452,13
200480966638039,Supremacy 1914,These ads ran without a disclaimer,425,2
28312410177,World Food Programme,These ads ran without a disclaimer,402,2
107767437680846,أحمد صلاح الطاروطي,Suzie Raafat,402,1
166420296805460,حزب المحافظين,حزب المحافظين,359,4
319044774889435,المركز الإعلامي للنائب هاني خضر,النائب هاني خضر,354,2
104198795953934,جمعية أصدقاء مرضى الأورام بالشرقية,Mohamed Basher,303,1
110877857406073,المهندس حسام لبن,المهندس حسام لبن,299,4
927829383900542,وزارة التخطيط والتنمية الاقتصادية,وزارة التخطيط والتنمية الاقتصادية,267,1
666470146818916,مؤسسة جبر القلوب,Mohamed Elsafty,213,4
110734497396339,محمود سامي - 𝐌𝐚𝐡𝐦𝐨𝐮𝐝 𝐒𝐚𝐦𝐲,Mahmoud Samy,205,1
103745798627292,المستشار ماهر ميلاد اسكندر,المستشار ماهر ميلاد اسكندر,149,4
354968941204659,الدكتور أيمن أبو العلا عضو مجلس النواب,الدكتور أيمن أبو العلا عضو مجلس النواب,140,4
105872082337085,الصفحه الرسمية للنائب أحمد عبدالجواد,ابراهيم احمد ابراهيم محمد,119,1
1915226258692328,النائب طه الناظر,النائب طه الناظر,115,1
101586878327765,Hassanein Tawfiq - حسانين توفيق,Hassanein Tawfiq - حسانين توفيق,115,6
1720882541553191,حسن عمار - Hassan Ammar,حسن عمار,104,1
1934139156895621,د.خالد قنديل Dr.Khaled Kandel,Basel Noufal,≤100,1
192320965049184,الإعلامية نيفين منصور,Nivine Mansour,≤100,1
118932207798163,Rehab Eltehewy - رحاب التحيوي,حسين السيد,≤100,3
145505648808327,Resala Charity Organization - جمعية رسالة للاعمال الخيرية,These ads ran without a disclaimer,≤100,1
1012904038778488,سامح فتحي حبيب,سامح فتحي حبيب,≤100,1
535371883202755,Freddy Elbaiady  صفحة فريدي البياضي,Freddy Elbaiady  صفحة فريدي البياضي,≤100,1
380937009024559,Kashqol كشكول التعليمى,Kareem Ahmed Abdul Ghani,≤100,1
100391255098382,Amal Ramzy,Basem Ragab,≤100,1
308088503057656,النائب محمود عصام,النائب محمود عصام,≤100,2
113101433777546,Essam Diab - عصام دياب,Mahmoud Mostafa Ghorab,≤100,1
103204975886755,البديوي السيد - الصفحة الرسمية,Mohamed Elbedewy,≤100,3
113174613652731,CVS - MASH Premiere,These ads ran without a disclaimer,≤100,1
1424610401122573,هاني العتال - Hany Alattal,محمد السيد عبد الستار,≤100,1
111393504057042,د/ مها عبد الناصر,د/ مها عبد الناصر,≤100,1
102703968944759,مصر الآن,مصر الآن,≤100,1
101361307958442,Mohamad ElGarhy,محمد السيد عبد الستار,≤100,1
1724847890883088,Sheikh Saud bin Saqr Al Qasimi Foundation for Policy Research,These ads ran without a disclaimer,≤100,1
273900239400893,نقابة المحامين المصرية,نقابة المحامين المصرية,≤100,1
2298420967037841,النائب محمد عزت عرفات,النائب محمد عزت عرفات,≤100,1
103291013528894,Dr.Mokhtar Gomaa,Ahmed Zaatar,≤100,1
2298420967037841,النائب محمد عزت عرفات,فاضل ابراهيم,≤100,1
112161944845807,Nevein Basiouny,Muhammad Nash'at,≤100,1
282421105588262,Alraees News- الرئيس نيوز,Kareem Ahmed Abdul Ghani,≤100,2
668701066598159,مجلس حكماء المسلمين,These ads ran without a disclaimer,≤100,1
550280998481446,Rasha Kelej,These ads ran without a disclaimer,≤100,1
459384307440544,Andersen in Egypt,Andersen in Egypt,≤100,1
105096455624550,Tamer abdelhamid - تامر عبد الحميد,Tamer abdelhamid - تامر عبد الحميد,≤100,1
595025640685644,النائبة شيرين عبد العزيز - Sherin abdelaziz,النائبة شيرين عبد العزيز - Sherin abdelaziz,≤100,1
103591834853142,Hamoda Mohamed Hamoda - حموده محمد حموده,Mahmoud Raafat Idris,≤100,1
107096734501088,النائبة منى عمر عضو مجلس النواب,Shymaa Adel,≤100,1
131189377574,MDPI,These ads ran without a disclaimer,≤100,1
1916894871881712,يونس عبدالرازق - Younes abdelrazek,يونس عبدالرازق - Younes abdelrazek,≤100,1
154348311414039,BEM STAMIDIYA,These ads ran without a disclaimer,≤100,1
100816598623127,Ahmed Magdy Abbas - أحمد مجدى عباس,Ahmed Magdy Abbas - أحمد مجدى عباس,≤100,1
1994786354105727,النائب أحمد فرغلى,احمد فرغلى,≤100,1
106719921012688,Ahmed Bahaa Shalaby-أحمد بهاء شلبي,Integrated Marketing Communications For Media.IMC,≤100,1
103315778193642,الصفقة,Kareem Ahmed Abdul Ghani,≤100,1
103429981452280,Hesham ElhagAly - هشام الحاج علي,Hesham Elhagaly,≤100,1
292473967602416,مصر ٢٠٣٠,أسواق للمعلومات,≤100,2
532134937722830,النائبة أميرة بهاء الدين أبو شقة,Gehad Ali,≤100,1
108930284828225,Matrouh Tourist,These ads ran without a disclaimer,≤100,1
192879477427518,دار زهران للنشر والتوزيع,These ads ran without a disclaimer,≤100,1
102752291431181,المهندس حازم الجندي - Hazem ElGendy,المهندس حازم الجندي - Hazem ElGendy,≤100,2
104109145373508,Muhamed Atef-محمد عاطف,These ads ran without a disclaimer,≤100,1
100840835443000,Manchette - مانشيت,These ads ran without a disclaimer,≤100,1
114247604036354,Инфограф,These ads ran without a disclaimer,≤100,1
111868143990428,احذرو من هذا النصاب والحرامى,These ads ran without a disclaimer,≤100,1
123546032572,Eppendorf Group,These ads ran without a disclaimer,≤100,1
31292782350,Deutschland.de,These ads ran without a disclaimer,≤100,1
103175548153206,China Huaneng in Cambodia,These ads ran without a disclaimer,≤100,1
100857675472522,ScreeN+,These ads ran without a disclaimer,≤100,1
427787940590188,Радио Китай,These ads ran without a disclaimer,≤100,1
345840486219924,Energy China,These ads ran without a disclaimer,≤100,1
820262131363591,Arabi21 - عربي21,These ads ran without a disclaimer,≤100,1
209260229112443,Greenpeace غرينبيس,These ads ran without a disclaimer,≤100,1
130369030334301,KidsRights,These ads ran without a disclaimer,≤100,1
476525353116795,الأممية,These ads ran without a disclaimer,≤100,2
107847177821253,NOW الشرق,These ads ran without a disclaimer,≤100,2
2121017098130376,Star Pump Alliance,These ads ran without a disclaimer,≤100,1
312232296237968,Musaala for Human Rights - منظمة مساءلة لحقوق الانسان,These ads ran without a disclaimer,≤100,1
907478086066710,The Stephen 3 •Influencers•,These ads ran without a disclaimer,≤100,1
144917422286846,Al Sharq Strategic Research,These ads ran without a disclaimer,≤100,1
164432246934163,Chopard,These ads ran without a disclaimer,≤100,2
107774402707635,Wuhan University,These ads ran without a disclaimer,≤100,1
109093158038193,Mohamed El Manzalawi - محمد المنزلاوي,Mohamed El Manzalawi - محمد المنزلاوي,≤100,1
565225540184937,CGTN,These ads ran without a disclaimer,≤100,1
2313147522035152,جريدة ايتاي,These ads ran without a disclaimer,≤100,1
142329112477770,البنك الدولي,These ads ran without a disclaimer,≤100,2
129012103887386,The Online Library of Liberty,These ads ran without a disclaimer,≤100,1
156850176567,المجلة,These ads ran without a disclaimer,≤100,1
107810794432774,المعهد العربي لعلوم السلامة - Aiss,These ads ran without a disclaimer,≤100,1
102270139151158,Social market economy,These ads ran without a disclaimer,≤100,1
102425295855791,Malak Ismail,These ads ran without a disclaimer,≤100,1