﻿Page ID,Page name,Disclaimer,Amount spent (JPY)
1499433430322568,個別指導なら森塾,These ads ran without a disclaimer,7352
265075920177069,陸上自衛隊 Japan Ground Self-Defense Force,陸上自衛隊 Japan Ground Self-Defense Force,6721
475681929154100,国連UNHCR協会,国連UNHCR協会,3595
1904070096535109,スマート選挙,株式会社センキョ,3367
103307385856246,美容Lab,These ads ran without a disclaimer,957
116040223513724,Jay Abraham Japan,These ads ran without a disclaimer,879
108136530968730,おねがい社長！,These ads ran without a disclaimer,844
148562291987208,ザ・ホワイトデンタルクリニック,These ads ran without a disclaimer,766
110058508784307,ライズ・アップ・ジャパン,株式会社経営科学出版,735
968050086653224,ベルエポック美容専門学校,These ads ran without a disclaimer,726
172980666081766,Seminars セミナーズ,These ads ran without a disclaimer,661
1677419399148240,たはら亮 後援会（朝霞市）,たはら亮 後援会（朝霞市）,626
281777375260988,オッズパーク,These ads ran without a disclaimer,490
116049224856217,CashCanyon0621-L4,These ads ran without a disclaimer,332
298060150283457,大分県日出町,大分県日出町,294
106529381794760,丸善ジュンク堂書店オンラインイベント,These ads ran without a disclaimer,191
231714123553902,株式会社アスマーク,株式会社アスマーク,≤100
118751321160814,復刻版 日本列島改造論,These ads ran without a disclaimer,≤100
1812425055659979,介護ワーカー,These ads ran without a disclaimer,≤100
816089188468769,株式会社ラン・リグ,These ads ran without a disclaimer,≤100
111525504324119,Ceo online 吉本興業認定 プロジェクト総代理店 OAナイン,These ads ran without a disclaimer,≤100
104331362680222,都知事杯オープンデータ・ハッカソン 事務局,These ads ran without a disclaimer,≤100
104533215755145,ZOE_Japan,ZOE Japan,≤100
153022271418684,日経メディカル,These ads ran without a disclaimer,≤100
107330748591952,miya_moneyplan,These ads ran without a disclaimer,≤100
111202268629253,橘オンラインコンシェルジュ,These ads ran without a disclaimer,≤100
544991069308243,日本投資機構株式会社,These ads ran without a disclaimer,≤100
1566073946957306,衆議院議員 さかい学 （横浜市戸塚区・泉区・瀬谷区）,自由民主党神奈川県第五選挙区支部（衆議院議員さかい学事務所）,≤100
119587295427882,Soji Shimada （島田荘司）,These ads ran without a disclaimer,≤100
256504371891671,the-issues.jp,the-issues.jp,≤100
102635962805733,弁護士/司法修習生キャリア支援｜リーガルジョブボード,These ads ran without a disclaimer,≤100
100653206423046,Astation JP,These ads ran without a disclaimer,≤100
425742864543901,GMOあおぞらネット銀行,These ads ran without a disclaimer,≤100
101620186107874,Jun Matsuzaki,These ads ran without a disclaimer,≤100
184171115401679,ichinose-engineering,ichinose-engineering,≤100
1518530858452837,病気は“心理学×言語学×脳科学”で消していく時代,These ads ran without a disclaimer,≤100
676655469036670,松下政経塾,松下政経塾,≤100
196303913732193,タマホーム株式会社,These ads ran without a disclaimer,≤100
1672330153015605,透明アクリル業者票,アドアチーブ株式会社,≤100
213447792088172,葬儀経営.com（船井総研）,These ads ran without a disclaimer,≤100
1399750283620746,Hidden City,These ads ran without a disclaimer,≤100
108625789179165,Soi Dog Foundation,These ads ran without a disclaimer,≤100
113977728360568,Dinosaur Fight Għidli,These ads ran without a disclaimer,≤100
100129379814995,株式投資情報センター,These ads ran without a disclaimer,≤100