﻿Page ID,Page name,Disclaimer,Amount spent (INR)
103704155350118,Gates Foundation India,The Bill & Melinda Gates Foundation,10293
294493857651676,Rahul Gandhi,Indian National Congress,6992
108366798238330,Haryana Affordable Housing Scheme,Arpit Mittal,1817
100341472149543,Naveen Goyal,Shamsher Singh,1629
231732180327751,Bhupinder Singh Hooda,Abhishek Bhadaoriya,1531
628655763835583,Indian National Congress - Haryana,Abhishek Bhadaoriya,1270
107395897271506,Kutumb,Swatantra Verma,1057
1108242266050014,Mohan Lal,Kanav Kathuria,945
805526169610318,Shubhashray Housing India,shubhashray housing india,894
1987488401557504,Mahathugbandhan - महाठगबंधन,Mahathugbandhan - महाठगबंधन,826
1488581191158902,Conscious Planet,Isha outreach,790
1770518973014321,Kuldeep Vats,Click2Public Technologies OPC Pvt. Ltd.,640
578184622269378,Dr Manveer Chhillar,Dr Manveer Singh Chhillar,587
295405070641302,Balraj Kundu,Pankaj Sharma,581
158714780827513,UNFPA,UNFPA,570
174283119250672,Save the Children India,Bal Raksha Bharat,531
105671775473178,Jan Suraaj,Jan Suraaj,506
109986065209042,Mera Apna Rahul,Mera Apna Rahul,506
104516512296314,Kartik Sharma,Adv Tech,481
694622163885355,Devender singh babli,Devender Singh Babli,448
184278081698180,Ashok Gehlot,Ashok Gehlot,440
107377891768160,CanWinn Foundation,Aman Sharma,406
200447686806046,Amandeep Singh Chawla,Kanav Kathuria,381
22390992794,Deepender Singh Hooda,Abhishek Bhadaoriya,365
1992523267495172,Bakasura Forever,These ads ran without a disclaimer,326
574079826086251,Phir Ek Baar Modi Sarkar,phirekbaarmodisarkar.com,310
109986065209042,Mera Apna Rahul,MeraApnaRahul,310
649263601760932,Rahul Rana,Kanav Kathuria,298
104718025267304,Adore Prima,Arpit Mittal,295
243524299157863,Pushkar Singh Dhami,Pushkar Singh Dhami,292
132689140088396,smilefoundation,Smile Foundation,279
109888271582555,Be The Change For TB,Johnson & Johnson India Private Limited,268
537021156329658,Sukhbir Singh Jaunapuria,Pankaj Sharma,262
187668288312583,Otrivin,Haleon India,248
362113381001487,Avneet Kaur - Mayor Panipat,Manpreet Singh,247
103782051383159,School of Politics,School of Politics,233
2205544183064603,Surender Panwar,Ashish Sakhuja,228
224618077692752,Sanjay Tandon,Saraansh Tandon,225
578430339598121,Lalit Panwar,Kanav Kathuria,213
163577014441724,Subhash Gangoli MLA,Dinesh,210
181272722632311,Vipul Shah,Big Boys Consulting Private Limited,208
1994051540868487,BPTP Ltd.,These ads ran without a disclaimer,206
30290552843,Greenpeace India,Greenpeace India Society,196
101713962007976,Amrit Mahotsav,Amrit Mahotsav,193
1182641851767516,JP Dalal,Jai Prkash Dalal,189
365136584238569,Shiv Deswal Degana,Brand Balance Private Limited,174
761826677309909,Bhupinder Lather,Book My Promo,172
138927162813391,Dailyhunt,Verse Innovation Pvt. Ltd.,170
922534064468145,Capt. Meenu Beniwal,Jasvinder,164
606877419792314,Amit Chaudhary,Karan Singh,163
112337648164178,Surya Samachar,Ajit Kumar,157
107192855352262,Satbir Singh Kasana,Jagmohan,155
103040249328479,Asdfg,These ads ran without a disclaimer,138
1605035726374622,Khatana Bulletin,KHATANA BULLETIN,137
1433049703588889,BJYM Haryana,Mahesh Dawara,128
108015368279979,Solh Wellness,Omlogic consulting pvt. ltd.,124
165714096933078,Piyush Goyal,Piyush Goyal,114
107662551383404,Adore happy homes Pride,Aggarwal Buildtech,106
1454918114726395,Bachan Singh Arya,Big Boys Consulting Private Limited,102
380538272769313,Bharat Bhushan Kapoor,Kanav Kathuria,102
112355991437883,Rajan Mehta,Sachin Kumar,101
108766515060352,Parveen Yadav Manesar BJYM,Vishal,101
132495066874513,GAIL (India) Limited,social cloud ventures,101
104441248861952,Neelam Aggarwal,Pankaj Sharma,≤100
168125940677887,Wow Skin Science India,These ads ran without a disclaimer,≤100
1427079930877756,Chintala Ramachandra Reddy,Anilkumar Sadula,≤100
2118803388399006,Click2Public,Click2Public Technologies OPC Pvt. Ltd.,≤100
1578232839160827,Narender Raaj Gagarwas,Engitech Media,≤100
746568209028564,Dr. Basu Eye Hospital,Dr. Basu Eye Hospital,≤100
105515161411695,Pankaj Singla,Anil Kumar,≤100
1433075113609108,Rakhee Rathore,Rohit Githala,≤100
20386543316,WWF-India,Mukesh Nauhwar,≤100
105741735593870,MakeMyTrip Foundation,Prashant Raj,≤100
169218193115587,CNBC-TV18,These ads ran without a disclaimer,≤100
109354741887336,Udhay Anna - உதய் அண்ணா,Politicode,≤100
108536391949423,जनसेवक मंच,Pankaj Sharma,≤100
357315174671360,Wazir Singh Dahiya,Wazir Singh Dahiya,≤100
623402877855129,1965 - Spirit Of Victory,These ads ran without a disclaimer,≤100
457739581061552,लवलीन टुटेजा लवली आम आदमी पार्टी हरियाणा,Parveen Kumar Batra,≤100
708090369570460,Nitasha Rakesh Sihag,Harish Jakhar,≤100
109545244848137,Crafto,Kutumb App,≤100
110431218358189,Take Back Bengaluru,Take Back  Bengaluru,≤100
218519749005654,Dr. Rakesh Singh Jadon,Rakesh Singh Jadon,≤100
265992950099792,Panchjanya,Bharat Prakashan (Delhi) Limited,≤100
156952354853555,Alok Chandrakar,Alok Kumarchandrakar,≤100
1510631479236816,Hawa Badlo,social cloud ventures Pvt Ltd,≤100
111126541054276,Harpreet Singh,Shaan Chona,≤100
101172242346540,Prince Chaudhary,Nitin Kumar,≤100
111872195073358,Kusum Sharma - Mona,Vcsmedia,≤100
1785302198354679,Dr. Somendra Tomar,Somendra Singh,≤100
113533034939339,Bharat K Gupta,Aksh Bhargava,≤100
101533225745017,dhillonabhay,These ads ran without a disclaimer,≤100
100735178208398,Udyami India,Samadhan Samiti,≤100
106126212227764,P Mudar Loan,Mukeshbhai Samatbhai Rathod,≤100
100328978216424,"Fight Pollution, Not Plastics",Nitesh Singh,≤100
254700884880281,Mahesh Yadav BJP,Mahesh Kumar Yadav,≤100
111347144653824,Krishna Kumar Singh,Puneet Kumar Singh,≤100
285029500623,CARE India,CARE India,≤100
220915357934024,Arvind Sangal,Bharat Sangal,≤100
1569852659799372,Nishant Anand,Nishant Anand,≤100
146702709146110,Ashu Singh Surpura,Ankit Kumawat,≤100
113338681581166,NICT Technology Csp Pvt Ltd,Abhishek Kumar,≤100
843778465758037,Pt. Kanwarpal Karora,Kanwar Pal,≤100
346730812039504,Sanjeev Beniwal,Rohit Githala,≤100
102123079337554,International Society for Krishna Consciousness,ISKCON Delhi,≤100
105918132279967,DM Online Service,Chandra Pratap Singh,≤100
1469646599969390,Qaumi Awaz,QAUMI AWAZ,≤100
667560657014524,Mahendra Singh Solanki,Nitesh Tiwari,≤100
148931718592314,Tarun Chugh,Adv Tech,≤100
1327351450720146,Pradhan Mantri Bhartiya Janaushadhi Pariyojana,Pharmaceuticals & Medical Devices Bureau of India,≤100
317742301767208,Sonu Yadav,Rahul Kumar Srivastava,≤100
959860307481002,Kasu Mahesh Reddy,Thulasiram Banduchode,≤100
719658791440653,Swami Sumedhanand Saraswati,Dharmendra Chhonkar,≤100
2237523483238058,Rohit Dalal,These ads ran without a disclaimer,≤100
449538358418368,GE,These ads ran without a disclaimer,≤100
321228061382932,Pt. Shekhar Dixit,Websofy Software Private Limited,≤100
1433526693616228,Himachali Rishta - हिमाचली रिश्ता डॉट कॉम,Himachali Rishta - हिमाचली रिश्ता डॉट कॉम,≤100
330760810293224,HelpAge India,These ads ran without a disclaimer,≤100
398130620306151,Raj Bahadur Chauhan,Raj Bahadur Chauhan,≤100
351616078284404,Indian National Congress,Indian National Congress,≤100
1433894153522813,Pramod Bhaya,Sharad Sharma,≤100
110516100698136,Ram Feran Pandey,Vivek Kumar Singh,≤100
339835596096353,Satish Poonia,Choudhary Ramesh Chaudhary,≤100
109707661884154,Indian Compass,theindiancompass.com,≤100
928448863892029,RK Sinha,RK Sinha,≤100
1521106071438318,CMO Chhattisgarh,IVS Corporation,≤100
100485426184353,Rashtriya Uttar Bhartiya Samaj Party - Delhi,Manoj Kumar Singh,≤100
101059166038577,Amit Mahindru,Yash Bagh,≤100
301058180261039,Kunwar Brijesh Singh,TechnoDigi,≤100
110846984022901,MPIDC,Anand Raj Singh,≤100
104052753400618,Union Bank of India,Goldmine Advertising Limited,≤100
112326528253527,Apex Online Solution,Ajay Tiwari,≤100
985108821675494,Hari Singh Sapre,Prateek Malhotra,≤100
525464697504061,Sardar VM Singh,Virinder Mohan Singh,≤100
530430777143893,Punjab Youth Development Board - Ex. Chairman Sukhwinder Singh Bindra,Punjab Youth Development Board - Chairman Sukhwinder Singh Bindra,≤100
109735351891742,Apex India service,Ajay Tiwari,≤100
100848838931597,Tikam singh Ranawat,Kamlesh Kumar,≤100
182259782314592,BJYM Faridabad,BJYM Faridabad,≤100
973189589455249,Thakur Jaivir Singh,Thakur Jaivir Singh,≤100
106600387541566,Kamal Chib,Kamal Chib,≤100
947787442099218,Dr. Kapil Kakar Reforms in India,Kapil Kakar,≤100
101840249362114,Ps Qucik Advisor Online Solution,Maniram Ramu Dhurwe,≤100
373901913010299,Kalu Bhai,Kalu Yadav,≤100
107045342050995,Kesineni Sivanath,Raju Karangula,≤100
2082424261866450,Vii Media,Bhalinder Singh,≤100
100160502759995,Narendra Chauhan- नुदल भैया,Prakhar Kashyap Singh,≤100
110132160741768,Polstrat,Prem Shankar,≤100
104908641373434,Anukriti Gusain Rawat,Anukriti Gusain,≤100
816288898474925,Naresh Pareek,Pawan Kumar Sharma,≤100
109141098395573,Inclusive Minds,Inclusive Minds,≤100
103719915895025,Shri hari finance,Vikas Kumar,≤100
1805911539637384,Jaaibir godara,Datacube Softech Private limited,≤100
106070285658502,Haridwar Naresh Sharma,Subodh Prasad,≤100
2078242259060363,Kukufm,Mohana Saha,≤100
577856385582447,Raghu Sharma,Kanishk Bansal,≤100
107265272005040,Girdhari Lal Indoria,Surendra Sharma,≤100
1433894153522813,Pramod Bhaya,Kapil Sain,≤100
109696210400237,Jan Adhikar Morcha.,Akash Singh,≤100
111730805079076,Suresh Kumar Tripathi,Digital Dreams Systems,≤100
1110178129121993,Ashok Vishnoi IRS,Pawan Kumar Sharma,≤100
241940555912671,Chandigarh University,Chandigarh University,≤100
108670588419963,"उपेन्द्र पासवान, भावी युवा प्रत्याशी महापौर/मेयर, गया नगर निगम, गया",Upendra Kumar,≤100
416058801922933,Bharat News,Bharat News,≤100
994578073995343,B. L. Verma,Sourabh Arvind Dubey,≤100
528144820729879,Pramod Sehwag,Vikas Kumar,≤100
107680954849478,Election Advisor App,Brij Mohan Duggal,≤100
111298630628242,Rajvardhan Singh Parmar,Dharmendra Chhonkar,≤100
441249902634004,Baba Siddique,Baba Siddique,≤100
109066315147120,News Temple,Jainendra Agrawal,≤100
152154292012572,Navjivan,Navjivan,≤100
1009889015815725,Virender Singh,Sumit Ahuja,≤100
466642616726169,Parul University,Parul University,≤100
484694901661075,2baconil,ZERO GRAVITY COMMUNICATIONS,≤100
106982987754816,Kumari Kalpana,Vivek Kumar,≤100
110846984022901,MPIDC,Abhishek Shukla,≤100
106256564506749,Tarun Devi Das,Tarun,≤100
800513560077511,ZEE5,These ads ran without a disclaimer,≤100
100196004828444,North Eastern Council,Sourabh Arvind Dubey,≤100
1932900346831325,Rajesh D Sanghvi,Rajesh Dineshchandra Sanghvi,≤100
329592260433465,Kamal Yadav,Vikas Chopra,≤100
417955518281067,Saurabh Singh,Sangyaa PR Consultants,≤100
103102022564374,PS Quick Service Adviros Hub,Chandra Pratap Singh,≤100
363810233822217,Vikramjit Sahney,Gurdeep Singh,≤100
1507954916102954,Shree Chintaman Ganesh,Arjun Sharma,≤100
103205695784211,Vandana Verma,Prem Shankar,≤100
391654307564047,Abhinav Rajasthan Party,Ashok Choudhary,≤100
307988255894298,Abhimanyu Singh Rajvi,Puneet Kumar Bulwani,≤100
520949671329992,Indian School of Democracy,Indian School of Democracy,≤100
186199704897466,RD Foundation,RD Foundation,≤100
385303288239154,Raghuveer Singh Tanwar,Raghuveer Singh Tanwar,≤100
369063569936141,Lung Care Foundation,Lung Care Foundation,≤100
878515282172996,Shri Dutt Sharma MLA,Hemanth Purohit,≤100
109583018672698,Hii,These ads ran without a disclaimer,≤100
107183428120144,Dr C Saraswathi,Dr. C. Saraswathi,≤100
204318116677554,National Herald,National Herald,≤100
283366758968671,Kumbh Singh Patawat,Engitech Media,≤100
1929823443694918,Pardeep Lohan,Pardeep Kumar,≤100
180117106127331,अभय सैनी एड्वोकेट,Bugal Singh Saini,≤100
102447714973094,Yusuf Salahuddin,Yusuf Salahuddin,≤100
109916533853207,AMIT KUMAR SINGH,Akash Singh,≤100
104618464826047,Sanjay Sangharsh Singh,Sanjay Kumar Singh,≤100
231167140371342,Kanhaiya Lal Choudhary,Raghunandan Sharma,≤100
739221966159227,Rajesh Singh,Adv Tech,≤100
216879079078673,Sanjay Singh Yadav,Sanjay Singh Yadav,≤100
101989165801500,Madhya Pradesh Updates,Abhishek Shukla,≤100
103040252649768,Environment Protection Technology Exhibition,WATER TODAY PVT LTD,≤100
1098055100247295,Umesh Dwivedi,Arun Pratap Singh,≤100
103123778911207,CSC Id Provider,Satyam Kumar Sahni,≤100
326102339565,Oxfam India,Oxfam India,≤100
107922322082002,Books Bundle,Dheeraj Paneri,≤100
667862236707254,Rohit Kumar Singh,Arshad Ansari,≤100
107999948316591,Khema Ram Bana,Mahesh Kumar,≤100
103125628674152,Dushyant Raj Singh Chundawat Chittorgarh,Tanuj Nandwana,≤100
162115051234970,Dharmendra Singh Lodhi mla,Dharmendra Singh Lodhi,≤100
100116961890601,Sidh ponahari 24 news,These ads ran without a disclaimer,≤100
110656905220206,Seema Misra,Nitin Kumar,≤100
224787738121110,Manan Dani,Mananbhai Jatinkumar Dani,≤100
1360805680600676,Sandeep Kshirsagar,Yogesh Padmakarrao Pawar,≤100
101302046075743,Dr. Ashish Kr Sinha,Dr. Ashish Kr Sinha,≤100
408425192906941,Hill Mail,These ads ran without a disclaimer,≤100
257534317633750,Adv Jayant Moond,Datacube Softech Pvt Ltd,≤100
108604604217261,HR 04 Naraingarh,These ads ran without a disclaimer,≤100
1924627484438235,Arlak Ayurveda,Swati Dhiman,≤100
395910177835208,Vijay Kumar Singh Congress,Rahul Shrivastwa,≤100
102351648972541,Ravi Kumar Mishra,Ravi Kumar Mishra,≤100
289085061102499,Sukhwinder Singh Bindra,Sukhwinder Pal Singh,≤100
115220224403369,Yogesh Shukla,Shreshth Tiwari,≤100
112813480291968,Mahesh singh kinng,Akash Singh,≤100
1706371292942156,"Ministry of Development of North Eastern Region, Government of India",Sourabh Arvind Dubey,≤100
105124745347378,Rajasthan Khadi and Village Industries Board,Rohit Githala,≤100
100931599132399,Arun Sharma,Arun Kumar Sharma,≤100
109400273976649,Baat Bihar Ki,Baat Bihar Ki,≤100
102304777868305,Prem Pankaj,Chandan Kumar,≤100
100389844707830,Mahesh Tilakdhari,Mahesh Dawara,≤100
110073091814905,लोनी की राजनीती,Umesh Kumar,≤100
1559470284286071,M.K.Somashekar,Pranusha Mysore Somashekar,≤100
479998865355592,Aditya Birla Group,These ads ran without a disclaimer,≤100
100543192637806,N1 Live,Suraj Mukhi Sharma,≤100
2425906077438656,Anil kumar patil,Akshay Balakrishna Habib,≤100
108497578583588,Janpeace Live,Trishanu Kaushik,≤100
112676663703345,Rakesh Yadav,Arun Kumar Sharma,≤100
1607404612875963,Shankar Gora,Engitech Media,≤100
1406676006269693,Kedar Kansana,Arun Kumar Sharma,≤100
695738973874352,Dr. Sumer Singh Solanki,Sumer Singh Solanki,≤100
426881010719758,Soumik Hossain,Angur Shaikh,≤100
1629895220373258,Dr. Manoj Kumar Shah,Kaustubh Bhatt,≤100
106263485565009,Aaradhayam Infra Builders Pvt. Ltd,Aaradhayam Infra Builders Pvt. Ltd,≤100
1336863726383886,Gopal Lal Sharma,Bright infocomp services pvt. ltd.,≤100
674757045920691,Jayadev Galla,Aditya Vemulapalli,≤100
102161921182493,Ram Niwas Garg,Ram Niwas Garg,≤100
106217671329032,Aditya Dhankhar,Aditya Dhankhar,≤100
415332588877399,Banda Karthika Reddy,Chandra Reddy Banda,≤100
104897397548712,YV Care,These ads ran without a disclaimer,≤100
831467126988134,Sudesh Rai,Sambhav Parashar,≤100
103760102031014,Rajeshwar Singh,Medevento Planner,≤100
1436053929837684,Dr. Mahendra Singh Shekhawat,Rakesh Kumar Sharma,≤100
108209555020383,B somashekar,RMT,≤100
693289664149663,Dr. Shashikant Sharma,DIMPLE.R,≤100
1088373891289696,Kamal yadav Page,Akash Singh,≤100
385658441549334,Deepak Bhati Chotiwala,Dipak Bhati,≤100
217420718388492,Vivek Vikram Singh,Vivek Vikram Singh,≤100
112061804808512,Sports Development Authority of Bihar - SDAB,Ajit Kumar,≤100
1464107573864436,Lalit Yadav - Mundawar,Lekhraj Kumawat,≤100
509680612544315,Dr.Sanjeev Kumar,Dr.Sanjeev Kumar,≤100
135657743788459,Amit Chauhan,Amit Kumar,≤100
103088902327676,Dwarka Kunj,Rahul Tiwari,≤100
1559524440800397,Krutarth Dave,Krutarth Maulin Dave,≤100
100882521819883,Janmanch News,Devendra Kumar,≤100
1592265114364332,JP Yadav,Engitech Media,≤100
111986121488075,"भव्य प्रदेश, मध्य प्रदेश",Ayush Gupta,≤100
132806813793938,Paramjit Singh Sarna,Harjap Singh Dhingra,≤100
533127850230386,Bright Future I.A.A,These ads ran without a disclaimer,≤100
1919641618278971,Sachin Chaudhary,Satish Kumar,≤100
1610180912621752,Dushyant Chaudhary,Jainendra Agrawal,≤100
268045647126411,Rookie USA,These ads ran without a disclaimer,≤100
107043071684284,Hari. R,Hari R,≤100
350880081913337,Sahdev Salaria,Rajesh Jaswal,≤100
110671738529679,Nishit Kataria,Anuj Kumar Bamal,≤100
1850064485271092,Vijay Kaushik,Kanav Kathuria,≤100
270312230266936,Jasvinder Yadav Behror,Lekhraj Kumawat,≤100
1444400162538920,Idris Multani - इद्रिस मुलतानी,Rahul Digambarrao Borole,≤100
213947398791863,Dhananjai Singh Khimsar,Dhananjai Singh,≤100
1302805103085212,Subhash Kumar Singh Kushwaha,These ads ran without a disclaimer,≤100
106212075006367,yashkool07,These ads ran without a disclaimer,≤100
108698488368474,Shankar Jagtap,Nilesh Ramchandra Hadmode,≤100
446488535543932,Bhupinder Singh Ginny,Bhupinder Singh Ginny,≤100
100417006046204,Nayan Kumar,Nayan Kumar,≤100
1247832465228198,Mahendra Singh Rathore,Engitech Media,≤100
100250732439696,Rajesh Singh,Rajesh Rambali Singh,≤100
109291958464020,Professor H D Bhartiya,These ads ran without a disclaimer,≤100
139020712818344,Ajay Chandrakar,Ajay Chandrakar,≤100
777771655697023,Aditya Shankar Prasad,Pramender Kumar,≤100
361691194687436,Umesh Sharma,Book My Promo,≤100
104856915714512,Jayrajsinh Parmar,Parmar Jayrajsinhji P,≤100
898286727215266,Webstruck Stream Solutions Pvt. Ltd,Kanav Kathuria,≤100
106138622320464,Venigandla Ramu,Raju Karangula,≤100
259991992544394,Arjun Jaiswal,Chandan Vishwakarma,≤100
101206052272845,Devi Singh Shekhawat,Lekhraj Kumawat,≤100
846994962145905,Manoj Kumar Aggarwal,Durga Kumari,≤100
102018225696367,वसीम राईन पसमांदा मुस्लिम महाज,Bhupendra Sharma,≤100
100472584999687,चेतन चोटया हरमाड़ा,Mathar Khan,≤100
101160849457686,Vibhor Rana,Bhupendra Sharma,≤100
213839668641820,Dr. Anil Jain,Deepak Pal,≤100
108010988655573,We R News,Rajeev Pathak,≤100
2043030032584454,Rahul Chaturvedi,Rahul Ramprasad Chaturvedi,≤100
111672313815571,Suresh Kumar Yadav,Sunil Kumar,≤100
111959363556300,Omkar Singh Markam,Arpit Jain,≤100
101610392620043,ITS Speciality Dental Clinic,ITS Speciality Dental Clinic,≤100
101173629461730,प्रशांत पांडे,These ads ran without a disclaimer,≤100
1100583156625229,Dheeraj Gurjar,Dheeraj Gujar,≤100
102275329396663,GS Shyam,Shyam Gollarahally Siddappa,≤100
112867380444214,Rajvardhan Singh Dattigaon,Shailendra Sial,≤100
105717162026502,PropXperts,PropXperts,≤100
294787978097959,Rakesh kumar Chattree,Arun Pratap Singh,≤100
1325597657464869,VAISHNAV INFRATECH,Sukhneet Singh,≤100
2228755934115725,Chandan Vishwakarma,Chandan Vishwakarma,≤100
360055177344642,Animal Equality India,Animal Equality India,≤100
300308250038382,Devbhoomi Media,Devbhoomi Media,≤100
408032679785089,Ravinder Dabas Rocky,Ravinder Kumar,≤100
114470916778688,INS24 News हिन्दी,Mohd Nehal Aziz,≤100
1537144593251043,Vijaypal Singh Tomar,Puneet Kumar Singh,≤100
108132065348327,NaMo Story,Deepak Pal,≤100
106991181696755,Gaurav chaudhary,Vaibhav Mittal,≤100
110679913629785,Rajesh Yadav,Akash Singh,≤100
10150110302115599,Genesis Foundation,Genesis Foundation,≤100
834432743328746,Prakash Dwivedi,Prakash Chandra Dwivedi,≤100
101311586081402,"खेतसिंह मेड़तिया बोलागुड़ा , पाली",Khetsingh Takhatsingh Medtiya,≤100
255040845056495,Shikha Mishra,Arun Pratap Singh,≤100
100617028762023,Argumentative Indians,These ads ran without a disclaimer,≤100
106456887722695,Adesh Yadav BJP,Anil Kumar,≤100
231512217793516,Ashok Goel Mangaliwala,Ashok Kumar Goel,≤100
106610625404907,The Fame Guru,Sumit Rajput,≤100
105530752376295,"Shiromani Akali Dal, Delhi Unit",Harjap Singh Dhingra,≤100
1008679835869143,Satish Chandra Dubey,Satish Chandra Dubey,≤100
104650345077917,Pratibha Singh,Pratibha Singh,≤100
1100194563332064,P J Chaudhary,Parthibhai Jethabhai Chaudhary,≤100
736338686396054,Rafique Mandelia,Webtix,≤100
268437163351102,Saurabh Srivastava,Saurabh Srivastava,≤100
334991907010438,Dr. Om Patel,Ankit Patel,≤100
108500111075991,Mizoram Pradesh Congress Committee,Lallianchhunga,≤100
113123373786875,MLA Devender Nim,Anshul Sharma,≤100
103206797721245,Tollygunge Trinamool Congress,Nargis Khatun,≤100
112475901509092,Daily Samvad Punjabi,These ads ran without a disclaimer,≤100
408255699307921,Dr. Manoj Rajoria,Saurabh Saini,≤100
411581785652009,Karamjit Singh Rintu,Karamjit Singh Sandhu,≤100
108742684077976,Kunwar Abhishek Singh,Vidhi Agrawal,≤100
393768164105774,Parimal Nathwani,Parimal Nathwani,≤100
292954404384524,Gajendra Singh Patel,Gajendra Singh Patel,≤100
113264630480256,Sanchaar news,Mansi Arora,≤100
106711265261864,Rajeshwar for Youth,SureLocal Supply Chain Pvt Ltd,≤100
110861521871409,हुल्लड़,Ajit Kumar,≤100
155418314920954,Orchid HRD Trainings भाषणकला व राजकीय नेतृत्व कौशल्य प्रशिक्षण,Ganesh Subhashrao Lomte,≤100
106806095100566,Abhishek Jain inc,Abhishek Jain,≤100
865561586896058,Sushil Singh,Prakhar Kashyap Singh,≤100
864391150326989,Vishal Singh Chanchal,Prakhar Kashyap Singh,≤100
112132937023603,Nandlal Chauhan,Nandlal Chauhan,≤100
108482655070359,Ishan Tyagi,Rahul Kumar Srivastava,≤100
1346291785426106,Rita Choudhary,Ganesh Thapa,≤100
1397767487148044,Jaidatta Kshirsagar,Jaydatta Sonajirao Kshirsagar,≤100
116195263454938,Career Drive,These ads ran without a disclaimer,≤100
208820469701116,गौरव सिंह पारधी,These ads ran without a disclaimer,≤100
106589030995220,Election Fight,Surbhi Kumari,≤100
269442696723658,"Kuldeep kumar ""Deep kamboj malukpura""",Kuldeep Kumar,≤100
323533675176475,Jitendra Vaidya,Aarti Seth,≤100
103004629308904,Vijendradhaker,Anshul Kumar Gupta,≤100
100488601295720,Leena Sanjay Jain MLA,Yashraj Vyas,≤100
112550331564123,E-prachar,FASCINATE WEB SOLUTION PRIVATE LIMITED,≤100
615440561843630,Pusp Jain,Bharat P. Talaisha,≤100
103618388224409,Dr. Omkar Herlekar,Magicwork Inc,≤100
924412661005391,Jeet Pratap Singh,Sandeep Mishra,≤100
124355137715451,Dr Ranju Ramawat,Ganesh Thapa,≤100
114697697026290,DI News,Krishnakant Singh,≤100
1427678110829525,Ranjeet Singh,Sachin Kumar,≤100
100766795424041,मोदी योगी समर्थक,Nikhil Aggarwal,≤100
1935128343433294,"Sri Shyam Sundar Singh ""Dhiraj""",Shyamsunder Singh Dheeraj,≤100
246558505475210,Bala Ram Choudhary,Mukesh Choudhary,≤100
219588748935061,Sandeep Pandey,sandesh foundation,≤100
101460484949823,Ajeet Singh,Ajeet Singh,≤100
105813284380310,Dee4unews,Deepak Kumar Bhandari,≤100
101740998655526,SUN Charitable Trust,SUN Charitable Trust,≤100
109654533765932,Ayodhya Nagar Nigam,Sandeep Kumar Sharma,≤100
142752549111246,Construction World Magazine,Asapp Info Global Services Pvt. Ltd,≤100
102061952537848,Dr.Akanksha Tyagi Dager - BJP,Akanksha Dager,≤100
1102369233109531,Pooja Bharti Chhabra,Suraj Bharti Chhabra,≤100
100764935994274,Mukesh Sharma,Mukesh Kumar Sharma,≤100
1955301821451552,Abhishek Dutta,Abhishek Dutta,≤100
831772496945461,Rajiv yadav,Rajiv Yadav,≤100
290438368064409,Umanatha Kotian,Dheeresh Kolya,≤100
113241531613131,Nawnit Niraj,Rahul Shrivastwa,≤100
269761569864265,Rao Padma,Kushal Reddy Rao,≤100
109108857431254,Citizen Saikat Chatterjee,Pratima Barman,≤100
1371217389629971,Neelanshu Chaturvedi,Hemant Singh Baghel,≤100
815327455147976,Dalpatgiri Goswami,Dalpat Giri,≤100
105641591260871,Shyam Singh,Shyam Singh,≤100
112215324565703,नगर रामलीला समिति - आरा,Kordinate,≤100
106840062199325,Geeta Kushwaha,Ranjan Kumar,≤100
367203836657399,Rajendra Singh Surpura,Ganesh Thapa,≤100
106261054498841,Advocate Rajat Bhargava,Rajat Bhargava,≤100
1149375478489344,Harvinder Singh Sarna,Harjap Singh Dhingra,≤100
106713842045571,"Pollution Control Board, Assam","Pollution Control Board, Assam",≤100
245528646359816,Vipul Sharma,Pramender Kumar,≤100
105898378459115,Panney Singh Posana,Ganesh Kumar,≤100
486818768523911,Anil Sharda,Arpit Jain,≤100
214875725850773,Wehindustan News,Wehindustan News,≤100
794348367359918,Bharath mudiraj,C Bharath Kumar,≤100
111016951378962,Abhinav Thapar,Abhinav Thapar,≤100
103206797721245,Tollygunge Trinamool Congress,Mohammad Azharuddin,≤100
105682567774739,Tajinder Singh Sran,Tajinder Singh,≤100
104272295772832,Pallavi Gupta,Pallavi Gupta,≤100
100766449455880,Naveen Mishra,Harish Reddy,≤100
268998889945816,Darshana Singh,Darshana Singh,≤100
1116353905141402,Dr. Shivani Matanhelia,Kanushree Matanhelia,≤100
1023251731037223,Bhavdeepsinh Gohil,Bhavdiprajsinh Natvarsinh Gohil,≤100
101342226152296,Vinay Mishra,Hemant Singh Baghel,≤100
222719048656244,Ved Prakash Ojha  IMC,Vivek Vashisth,≤100
565714670143123,Ashok Saini,Engitech Media,≤100
104498238671609,Rajiv Ranjan Singh  Lalan Singh,Janata Dal (United),≤100
409262542574866,Sandeep Sharma,Raghunandan Sharma,≤100
234704393876570,Dr R K Verma,Rkverma,≤100
102848075943324,Health-e,These ads ran without a disclaimer,≤100
1592265114364332,JP Yadav,Pramender Kumar,≤100
105627508208086,Sultan Khan,SUL‍TAN KHAN,≤100
104413831647263,Jeevan Kumar,Sandeep Kumar,≤100
100614352313120,Ajeet Singh Sengar,Ashish Sharma,≤100
325602694251353,Rajeev Rai,Rajeev Kumar Rai,≤100
658320740962100,Prakash Mundiyakheda,Danish Khan,≤100
2202748353387524,Bibi Jagir Kaur,Rahul Kumar,≤100
108939271272352,"Hindu Ankit Bhatnagar  प्रदेश अध्यक्ष,अखिल भारत हिंदू महासभा",Ankit Bhatnagar,≤100
104715141421719,Malati Singh,Mithilesh  Kumar,≤100
935503089847466,Pant Path,Pant Path,≤100
103386132570701,Vikram Singh,These ads ran without a disclaimer,≤100
102764644438225,Pushpinder Verma,Pushpinder,≤100
110918958196244,Rajasthan Government Health Scheme - RGHS,Rajasthan Government Health Scheme - RGHS,≤100
666990533754186,Niranjan Kushwaha,Vivek Kumar,≤100
101612006057342,Dr.Basundhara Lal,Naveen Singhal,≤100
1803180416641643,Mahendra Singh Bhati,Engitech Media,≤100
652895074820721,Priyanka Tibrewal,Priyanka Tibrewal,≤100
100450456113804,Ajay yadav samajwadi,Akash Singh,≤100
112512191696033,Shailesh Nitin Trivedi - Baloda Bazar,Arpit Jain,≤100
475898282465005,Dr K Laxman,Vijay Kumar Tapadia,≤100
143265376532822,Ground Report,Pallav Jain,≤100
833671193439526,Siddharth Tiwari - Raj,Shivam Singh,≤100
132430276857604,Muralidhar Rao,Bipin,≤100
112290388372786,Shubham Yadav,Shubham Yadav,≤100
107257065559692,Devendra Pareek Kekri,Ganesh Kumar,≤100
1601406430168052,Santosh Bhegade - संतोष भेगडे,Pauras Vilas Dukare,≤100
103667284605471,B P Singh Rawat,Akash Singh,≤100
109466418562516,Rohan anil jain mani,Arjun Sharma,≤100
112333551648886,Kalpana Bhatnagar,Ganesh Kumar,≤100
1947865801968156,Jasmeet Singh Pitampura,Harjap Singh Dhingra,≤100
358089768022150,Vishnu Lata,Krishna Choudhary,≤100
108606622007661,Anita Devi,These ads ran without a disclaimer,≤100
105388472151022,_team_raja_bhaiya_0001,These ads ran without a disclaimer,≤100
105124865726721,Medapati Prakash Reddy,Medapati Prakash Reddy,≤100
135931567029484,Aditya Ranjan,Aditya Ranjan,≤100
364919796998558,Ambica Durbar Bathi,Beyond Technologies,≤100
103114495424832,Alok Ranjan IAS,Saurabh Lall,≤100
294703864386320,Rashtriya Kisan Manch,Rashtriya Kisan Manch,≤100
360275907488693,Kapil Mahendru,These ads ran without a disclaimer,≤100
256050398281355,MD Chopdar,WEBTIX,≤100
110044260470271,Vinay Jangid Sharma Vidhansabha Suwasra,Narendra Singh Pachar,≤100
266081536770237,Kavi Sumit Orchha,These ads ran without a disclaimer,≤100
431454157629297,Mukesh Ahlawat,Nitish Kashyap,≤100
1384169104959232,Sardarbhai Chaudhari - BJP,Sardarbhai S Chaudhary,≤100
1822196704770409,Priya Chandela,Luxmi Devi,≤100
1030516517105920,Bannaram Meena - बन्नाराम मीणा,Mahat info tech,≤100
912096938897209,Vijay Singh,Vijay Singh,≤100
974791372549951,Nishant Kumar “Dablu Singh Patel”,Nishant Kumar,≤100
106914210870983,Modi Supporters Palakurthi Constituency,Bharath Kumar Ravula,≤100
428523897619076,Anand Shankar Singh INC,Rahul Kumar Srivastava,≤100
107946518029943,Sheelu Sahu,Naveen Singhal,≤100
1479103082361100,"Swachh Bharat Mission, India",Prashant Kumar,≤100
105596701293129,Ayodhya Development Authority,Sandeep Kumar Sharma,≤100
803324643086846,Vishal Tandel,Vishalchandra Chhaganlal Tandel,≤100
100307808451377,Ankur Raj Tiwari,Gautam Singh,≤100
108716531641352,Renewable Energy Expo,Water Today Pvt Ltd,≤100
1978240835728263,Virendra Sharma Hawamahal,Pawan Kumar Sharma,≤100
313259842689696,IAS Vishal Singh,Sandeep Kumar Sharma,≤100
107864648831408,Nammavar Kamal Haasan,Nammavar kamal hassan,≤100
924791427628665,Sunil Kelanka,Shivendra Shailendra Tiwari,≤100
345351849716061,Nimesh Pathak,Bhupendra Sharma,≤100
104605707770674,Shravan Mishra,Arpit Jain,≤100
183176388540530,Manish Yadav,Manish Yadav,≤100
114961101456858,Om Nagar- Lalit,Nitish Kashyap,≤100
181418895366896,Ganesh Joshi,Mayank Joshi,≤100
100347116184149,"Indra singh,Khinwara",Akshay Nagesh Bhosale,≤100
113934138208978,Jayavik Patel,Pixatronix,≤100
761174950735198,Rajendra Singh Dholia,Prakash Jaiswal,≤100
111715128377489,सवर्ण महासंघ फॉउंडेशन -मुख्यालय,Vishal Singh,≤100
107545897823033,For Men India,Antara Das,≤100
113369900454663,Jagan choudhary,Jagan Choudhary,≤100
114065598220113,junaidkhan_garnet19,These ads ran without a disclaimer,≤100
110967695146133,Govind Kumar Jain,Ganesh Kumar,≤100
119434281453609,ABB,Weber Shandwick,≤100
167229880115630,Nadeem Javed,Satish Kumar,≤100
490167811006821,Neena Vikram Verma,Yuvau Digital,≤100
159442577894089,Kanwrajsingh chouhan,Engitech Media,≤100
106011965650083,Rambir yadav,Rambir Yadav,≤100
1644165492504830,Ramoji Gowda,Ramoji Gowda,≤100
608527139616454,Anant Bharti,Anant Bharti,≤100
105999155405710,Pandit Avadh Sharma,Pawan Kumar Sharma,≤100
107196692233094,Puneet Kumar Sharma BJP,LCA Digi,≤100
449166198915836,Bijender Antil Rai,These ads ran without a disclaimer,≤100
514610422407086,Daniels Menstore PVT. LTD.,Eldhose N Daniel,≤100
1642717489328594,Ankita Anil Vidhate,Anil Keshav Vidhate,≤100
113865792102958,PEARL ACADEMY,These ads ran without a disclaimer,≤100
168228334032318,Sat Sharma CA,Naveen Sharma,≤100
182600871930746,Sujata Paul - India First,Sujata Paul,≤100
321849925071414,Dr. Parthasarathi,P V Parthasarathi,≤100
573351156495120,Siddhant Sharma,Siddhant Sharma,≤100
100403478865013,Indian Politics,Rakesh Kumar Bhardwaj,≤100
101844802427541,Kuldeep Rajput,Kuldip Rajput,≤100
112454965016733,Manindra Jain,Naveen Singhal,≤100
988113031199582,Dr. Ramesh Chand Tomar,Ashutosh Mishra,≤100
108159201571035,अरविन्द जायसवाल,Avadesh  Kumar,≤100
1331545046906640,Gottumukkala Venkateshwara Rao,Venkateswar Rao Gottumukkala,≤100
103723208008804,Rita Baviskar,Rita Bhupendra Baviskar,≤100
100773847969624,Wright,These ads ran without a disclaimer,≤100
446802242369953,Dr Shazad Ahmed Malik,Shahzad Ahmed,≤100
108832928526072,Vikas nagar ward 16,These ads ran without a disclaimer,≤100
108721748160943,Sanjay Gupta,Sanjay Gupta,≤100
107519398868608,Lanka Dinakar,K Sai Bharath,≤100
764865110238987,Varinder Shah - Bulle Shah,Big Boys Consulting Private Limited,≤100
568675259997108,City Headlines News,Aftab Kamar Khan,≤100
105995325484858,Zylocrush,Sangyaa PR Consultants,≤100
110120115042838,Ramesh Choudhary,GRIP AMATYA PVT. LTD.,≤100
104058855804292,Vishal Kumar- विशाल कुमार,Sarvagya Kumar,≤100
465836170626706,Suman Biswas,Suman Biswas,≤100
106455458688118,Mehbub Ahmed Laskar,Mehbub Ahmed Laskar,≤100
704293193007955,Indiaisus,These ads ran without a disclaimer,≤100
108285178765242,Ashok Kundanpura - Bagru,These ads ran without a disclaimer,≤100
791996340811292,Dr Madhuri Borse,Vipul Jayantilal Bafna,≤100
138959221683611,Devinder Singh Bajwa-Roadmajra,Devinder Singh Bajwa,≤100
110847701760646,Abul Kalam Rasheed Alam,Mehbub Ahmed Laskar,≤100
110170735174939,राजीव कुमार  प्रत्याशी वार्ड 27,Kumar Shashank,≤100
791163914582075,Dhananjai Tripathi,Kautilya Kant Dwivedi,≤100
181068529175415,Shaban Ali,Saban Ali,≤100
1503248346639879,Sudesh Mahto,Hemant Jain,≤100
713416382011902,Sahil Shivaji Kedari,These ads ran without a disclaimer,≤100
256077368493011,Girl Up India,These ads ran without a disclaimer,≤100
111560924353656,Swetha Reddy,Rajendra Reddy Bhuvanagiri,≤100
1806466166242152,Rahul Raj Rastogi,Chetan Singh Kanyal,≤100
2156330694593998,Priyanka Pravin Barse,Mayur Satish Kadav,≤100
102609449177416,Havana Digital,Havana Digital,≤100
446114139224512,Dr.Rahul Tyagi,Vipin Kumar,≤100
183215718834130,Laxmi  Devi Jain,Laxmi Devi Jain,≤100
101763291591410,Dr. B. Jha Mrinal,These ads ran without a disclaimer,≤100
678876002499539,Mohd Shamim Khan,Shamim Khan,≤100
102134791334894,उमेश यादव नि0 M.L.C प्रत्याशी समाजवादी पार्टी वाराणसी,Jaiprakash Singh Yadav,≤100
106949818442504,The Water Chronicles,Prithviraj Nath,≤100
107447638883710,Ashutosh Kumar,Md Shakeel Anwar,≤100
111425948307719,शेतकरी संकटमोचन संघटना,Akash Singh,≤100
110068088617140,Naresh Singh,Amit Kumar Singh,≤100
455697974986681,Bangla Hunt,Bangla Hunt,≤100
135180180340322,Jitendra Verma,Arshad Ansari,≤100
170484126349815,Indian Cancer Society,Indian Cancer Society,≤100
643001122724792,Shambhu Kumar,Punit Kumar Pandav,≤100
702157376600034,Prints Publications,OmLogic Consulting Pvt. Ltd.,≤100
102010991748513,Ashish Patel,Ashish Natwarlal Patel,≤100
1773786362922549,Indra Choudhary Gathala,Indra  Choudhary,≤100
390976557590103,I Support Narendra Modi,Adv Tech,≤100
101613628900010,Smartway Wellness Pvt. Ltd.,Bhoomi Harendra Mistry,≤100
1190373854366805,Maharashtra Today,Maharashtra Today,≤100
357016611315216,पूर्व महापौर विभा कुमारी पुर्णिया,Abhay Kumar,≤100
103697094932100,Dibyajyoti Hazarika,Dibya Jyoti Hazarika,≤100
101877108326679,Subodh Adhikary,Subodh Adhikary,≤100
1271259876358363,Adv Bindu Dubey,Bindu Kamlesh Dubey,≤100
842820219077694,Yogesh Bhoir - योगेश भोईर,Sandesh Ramchandra Gurav,≤100
105532649038580,शामली की जनता,Kanav Kathuria,≤100
216506801885954,Pankaj Chaudhary,Yash Bagh,≤100
104352017847238,Discover Ananthapuram,Anandpurgogula Anil Kumar,≤100
107250704737912,CA Sushil Bandpatte,Sushil Chandu Bandpatte,≤100
630955390420927,Amitabh Bajpai,Hari Om Tripathi,≤100
150727778825020,Mobius Foundation,Mobius Foundation,≤100
154514751235352,Women's Web,These ads ran without a disclaimer,≤100
423928144293931,Mahender Pratap Singh,Pankaj Sharma,≤100
103833782263290,Arvind Singh Bhati,Engitech Media,≤100
1109826479083738,Rajeev Sharma BJP,Puneet Kumar Singh,≤100
600061223342178,Ghanshyam Tiwari,Aashish Tiwari,≤100
1823139324450081,Preeti Gajendrra Singh Shaktawat,Abhay Singh Rao,≤100
213618532742157,ਨਸ਼ੇ ਤੋਂ ਮੁੱਕਤੀ ਪਾਉ ਜੀਵਨ ਸਫ਼ਲ ਬਣਾਓ,Harjit Singh,≤100
107618782040426,Nagendra singh dodiya,Nagendra Singh Dodiya,≤100
484952278510471,Avdhesh Chandra Gupta,Umesh Chandra Gupta,≤100
100784414729765,Bhuma Kishore Reddy,Kishore Reddy Bhuma,≤100
802311956513987,Rahul Singh,Rahul Singh,≤100
1430063227225725,Gaurav Goel,Sarthak Goel,≤100
306533526129048,Abhishek Choudhary,These ads ran without a disclaimer,≤100
110041803678379,Kabir Shankar Bose,Kabir Shankar Bose,≤100
1745109715768038,Pravesh ratn,Kartikesh Sharma,≤100
113858681342028,Dr. Anjali Yadav,Shiv Charan,≤100
103049595969555,snehanikambhoite,These ads ran without a disclaimer,≤100
825870624112435,Ramesh Chandra Ratn,Arun Sharma,≤100
267594743799475,Neetu Chaudhary,These ads ran without a disclaimer,≤100
369780283211302,Dr. Sudhakar K,Divya Gowda,≤100
116997354325105,Wg Cdr Anuma Acharya,Anuma Acharya,≤100
109546308136398,Sankar Dutta - শংকর দত্ত,Bholanath Dey,≤100
105331745445757,Omprakash Khichar Advocate,Rohit Githala,≤100
169704047052778,Bakhar Abbas Abid,Bakhar Abbas Abid,≤100
117246415622563,Monu Patel,These ads ran without a disclaimer,≤100
113914497400326,Baba Gazi Dass Ji Club Register Roper-PUNJAB,Devinder Singh Bajwa,≤100
103832615850799,Sanjeev Shrivastava,These ads ran without a disclaimer,≤100
102080808172821,CA Mohan Kala,These ads ran without a disclaimer,≤100
842665649135167,FairGaze,FairGaze,≤100
104349501516784,Babulal Kumawat,Shiv Charan,≤100
1934076883480916,Rajpal Singh Rawat,Rajpal Singh Rawat,≤100
105560431512954,Boopathi Raja K,Boopathi Raja,≤100
106233358808991,बीरेंद्र सिंह MLA - Wazirganj,Sukhneet Singh,≤100
331544177050160,Adv. Rahul Subhash Kool,Rahul Subhash Kool,≤100
219514401576120,SG Suryah,SG Suryah,≤100
102881635959815,Bhisham sharma ex mla,Bhisham Sharma,≤100
105738865727011,The Rjnews,Dinesh Kumar,≤100
104418341762895,Anjishnu Chakraborty,Snehasis Chakraborty,≤100
100152102962954,बिहार और यूपी में फ्री लैपटॉप योजना के तहत लैपटॉप मिल रहा है,These ads ran without a disclaimer,≤100
110068088617140,Naresh Singh,Akash Singh,≤100
469343139809648,Rajendra Rathore,Engitech Media,≤100
112702703516659,Ragini singh,Ragini Singh,≤100
103214551475043,Akhoury Onkar Nath,Kumar Ratnam Sharma,≤100
100229345285857,Basavaraj S Hundri,Mallikarjun Pujari,≤100
113367904125545,Sayan das,Sayan Das,≤100
453985838705208,बस यूँ ही - आनंद प्रकाश,Sandarbh Anand Sharma,≤100
103874652235936,Dhan Singh Negi,Dhan Singh Negi,≤100
103495822523586,Dr V Muthuraja MLA,Asarudeenm,≤100
1511829065618821,Om Prakash Rai,Om Prakash Rai,≤100
362309980970515,Afsaana-Poets Column,Anmolika Watal,≤100
109440785244401,Red Pix 24x7,Felix Gerald G,≤100
115581696797257,Suresh Raje,Suresh Kumar Raje,≤100
280250759492293,Samir Gurav,Ankit Tiwari,≤100
116188663565362,Kapil Dua,Mohit Yadav,≤100
744615822251779,Surendra Mahicha,Surendra Mahicha,≤100
100260324675920,Dr. Archana Majumdar,ARCHANA DAS(MAJUMDAR),≤100
127932930638411,Adoor Prakash,Jiji T Jacob,≤100
112420847190684,Bijay Kumar Yadav,These ads ran without a disclaimer,≤100
1493467387573959,Ghulam Nabi Azad,Advertiseyouonline,≤100
863961040416615,Punit Verma पूर्व उपाध्यक्ष विश्व हिन्दू परिषद् काशी प्रान्त,Punit Varma,≤100
426954117660096,Indian National Congress - Tripura,Indian National Congress - Tripura,≤100
1655860444435528,Jindal Stainless,These ads ran without a disclaimer,≤100
685707864866321,Lion Dr D.மோசஸ் ஜோஷ்வா,Mosses,≤100
107594498397701,Kajer Manush Aroop Biswas-কাজের মানুষ অরূপ বিশ্বাস,Nargis Khatun,≤100
174013889434573,Asian Granito India Ltd.,These ads ran without a disclaimer,≤100
101840844650511,Rajkumar Choudhary,These ads ran without a disclaimer,≤100
1094998887291468,Ganga Singh Kathadi,These ads ran without a disclaimer,≤100
111425948307719,शेतकरी संकटमोचन संघटना,Amit Kumar Singh,≤100
269174147050795,महेंद्र सिंह किरार सामरसिंगा,Nitin Raghuwanshi,≤100
1578558702356487,Shantanu chauhan,Shantanu Chauhan,≤100
367203836657399,Rajendra Singh Surpura,Prakash Jaiswal,≤100
114717553693865,Liberal TV,Liberal TV Punjabi,≤100
285575245349725,"Hemanga Thakuria,MLA Assam",Aimani Sarmah,≤100
102361432147841,Lorri Driver Northeast,These ads ran without a disclaimer,≤100
106742218548480,Aabhishek Mishra,Saurabh Saini,≤100
2102757233344392,Monash University India,These ads ran without a disclaimer,≤100
559757160829105,ASEFEdu,These ads ran without a disclaimer,≤100
477385565779582,How to use abortion pill,These ads ran without a disclaimer,≤100
131189377574,MDPI,These ads ran without a disclaimer,≤100
115506534489978,alesha_vo,These ads ran without a disclaimer,≤100
179370212712433,Suivera,These ads ran without a disclaimer,≤100