﻿Page ID,Page name,Disclaimer,Amount spent (PHP)
257830240980106,Ronnie Dadivas,Roxas City United,3319
739629346154083,BJ Biron,Prometheus,1020
1840292579606063,Jam Jam Baronda,Jam Jam Baronda,491
197727873578501,Senator Migz Zubiri,Senator Migz Zubiri,287
1759941490758280,Jerry Treñas,Ma. Ruthmar Ignacio Gabileo,246
109322002065194,EKIS,EKIS,245
404729389612751,"Teodorico ""Nonong"" T Haresco, Jr",BIHA-MPC,196
142802334452,INQUIRER.net,"Inquirer Interactive, Inc",166
701517253228758,DOSTv,DOSTv,136
156752721080952,Sonny Angara,Sonny Angara,133
1674692332785202,"Miguel ""Migz"" Zayco",Miguel Montinola Zayco,125
104955062184489,BBM Movement,UEEI Consorcia Inc,109
100258655377645,SP Mark Vega Quimpo,Mark Vega Quimpo,109
163550757135020,News5,News5,106
263066651005055,"Ramon Bong Revilla, Jr.","Ramon Bong Revilla, Jr.",≤100
109755128094975,CaSaMa,CaSaMa,≤100
154519977908138,Department of Social Welfare and Development,Department of Social Welfare and Development,≤100
495629064258114,Lolita Karen Javier,Amor U. Nacional,≤100
101382091400564,Atty. Tony Roman,Sulong Pilipinas,≤100
242562552438872,DOST-STARBOOKS,DOST-STARBOOKS,≤100
705660422953865,About Metro Pacific,WFPH,≤100
220125414691980,Philusa Corporation,Philusa Corporation,≤100
105159369188048,Hotelex Shanghai,These ads ran without a disclaimer,≤100
104853645903563,Excellent Book,These ads ran without a disclaimer,≤100
1566478310240623,Francis Tolentino,Francis Tolentino PH,≤100
105929115643626,Caroline Tanchay,Caroline Tanchay,≤100
106521875779947,RISE Of ELVES,These ads ran without a disclaimer,≤100
684717488321242,Future Bridging Leaders Program,Future Bridging Leaders Program,≤100
107768512296982,Century Tuna Saving Our Seas,Jessa Charvie Gomez Ganongan,≤100
1871757276390999,Cong. Mannix Dalipe - Page,Manuel Jose M. Dalipe,≤100
223618785182273,Pilipinas,WFPH,≤100
109988295130495,NGA 911 PH,NGA 911 PH,≤100
547821942058909,Pilipinas Today,WFPH,≤100
1111819189015891,DNX News,DNX News,≤100
374004705980904,Philippine Business for Education,Philippine Business for Education,≤100
112952897079549,Energy Development Corporation,Energy Development Corporation,≤100
104291395914077,Nuclear Supporters PH,Nuclear Supporters PH,≤100
115419768085260,Lokal,Lokal,≤100
166107624078770,Camanava News,Camanava News,≤100
1512452085732585,Stratbase ADR Institute,Stratbase ADR Institute,≤100
121096004646927,"Pablo John ""PJ"" Garcia",Friends of PJ Garcia,≤100
774149009339209,The Climate Reality Project Philippines,The Climate Reality Project Philippines,≤100
110529111699411,PhilNews24,Polsure IT Services,≤100
1030706640379655,Pilipinas: Coal Free by 2030,Coal Free Philippines,≤100
100305568984268,EdukNaman,Philippine Business for Education Inc.,≤100
248113532485940,Alexie B. Tutor,Marjorie Galagar Escuadro,≤100
1116221978549618,Team Eddiebong,Mark Larry Jabuen Chua,≤100
537843086665379,City Inquirer,City Inquirer,≤100
109077978397777,Philippine General Hospital,These ads ran without a disclaimer,≤100
2103172176611007,Aksyon Demokratiko,Aksyon Demokratiko,≤100
1669303526443380,Trendsuertres Customized Promotional Items Baller Wrist Band Keychains etc.,Diomar Dizon Lagunero,≤100
325780477966356,Geo 24/7,Energy Development Corporation,≤100
366797844060990,Now You Know,These ads ran without a disclaimer,≤100
282619263537551,I Choose #MalayaAkongMaging,I Choose #MalayaAkongMaging,≤100
105530902042738,Alpha Phi Omega - Alpha Gamma Chapter,Geneva Benice Perez Lapeña,≤100
319488142121,Jinggoy Estrada,Anak Ng Masa,≤100
108644901632249,KIENT's - The Key To Success,Laica D. Jarandilla,≤100
107677344496516,Taytay Public Information Office,Taytay Public Information Office,≤100
342074396877,IRRI,IRRI,≤100
105969951219886,Sibika.ph,Philippine Business for Education Inc.,≤100
104988244674974,Mobility Awards,The Climate Reality Project Philippines,≤100
107463358538636,planetGOLD Philippines,planetGOLD Philippines,≤100
106190085258387,"Congressman Simeon Garcia, Jr.",Rosalino Mendoza Garcia,≤100
100108226244136,PH 24 ORAS,Message Doctor PH Company,≤100
101178932348592,Office of the Municipal Mayor - Atty. Philip A. Dacayo,Tyrone Joy Galasinao Dagdag,≤100
104001402372027,Vice Mayor Mark Villaluna Galsim,Mark Francis Villaluna Galsim,≤100
100562967966954,Radyo BAHIN,WFPH,≤100
1674692332785202,"Miguel ""Migz"" Zayco",These ads ran without a disclaimer,≤100
247331620535579,Mike Defensor,The Mike Defensor Organization,≤100
118888011184460,"JRC Famous Fishball-Sampaloc,Manila",These ads ran without a disclaimer,≤100
104894502421974,PH Biz Forum,Message Doctor PH Company,≤100
269175894020945,Pilipinas Today,WFPH,≤100
102280614938876,Bently Roxas,Bently Dadula Roxas,≤100
388689438381348,Mike Defensor,The Mike Defensor Organization,≤100
428054697234720,Institute for Climate and Sustainable Cities,Institute for Climate and Sustainable Cities,≤100
186667502068528,Larry De Costa,WFPH,≤100
154386154617,WWF-Philippines,WWF-Philippines,≤100
102974578564677,Kap Bobot Matutino,Conster Agunod Matutino,≤100
100136438865259,Ako Volunteer - BBM SARA,Volunteerism Initiative,≤100
110865933824068,United San Isidro,United San Isidro,≤100
104595105786231,Pinoy OFW Network,Message Doctor PH Company,≤100
483430665076578,Edukasyon.ph,Edukasyon.ph,≤100
147975588597216,Stratbase,Stratbase,≤100
102149044584904,Iparush kay Paras,Iparush kay Paras,≤100
111324628476603,REact PH: Choose Renewables,REact PH: Choose Renewables,≤100
108285398860955,Evolve Republic,Evolve Republic,≤100
105691871912480,Joel B. Tingbaoen Jr.,Joel B. Tingbaoen,≤100
480552092150213,Malayang Quezon City,Message Doctor PH Company,≤100
103485755951862,EDCOM 2 - Second Congressional Commission on Education,Education Commission II,≤100
102907729290658,Pilipinas Kong Mahal,Message Doctor PH Company,≤100
100173486265813,Malayang Pilipinas,Message Doctor PH Company,≤100
401812333925645,Malayang Quezon City,Message Doctor PH Company,≤100
103111869101787,Best Baby,These ads ran without a disclaimer,≤100
104084935695718,Digital Pinoys,Digital Pinoys,≤100
101329642785264,Alyansa,Message Doctor PH Company,≤100
114800534893965,Ligtas na Pilipinas,Message Doctor PH Company,≤100
103679252545648,Obrero Pilipino,Message Doctor PH Company,≤100
113192036820162,Prof. Soc Anthony del Rosario,We Care Incorporated,≤100
1058962734159503,"Gov. Rogelio ""Ruel"" D. Pacquiao - Sarangani Province",Chris Yurong Perpetua,≤100
1922749344643532,The World Tonight,The World Tonight,≤100
122572870817792,Fa Chai Win,These ads ran without a disclaimer,≤100
111303025104461,Yarn ang Pinoy,Message Doctor PH Company,≤100
2078120019132500,"Bernadette ""Badette"" Balbas","Bernadette ""Badette"" Balbas",≤100
332536503771530,Vice Governor Karen Agapay,Edgar Habana Ruado,≤100
161724383883802,SB Naphy Facunla,Napholion C. Facunla,≤100
100912541413695,Más Impulso,These ads ran without a disclaimer,≤100
565225540184937,CGTN,These ads ran without a disclaimer,≤100
102023009327901,Global Compassion Coalition,These ads ran without a disclaimer,≤100
1397405843841104,Ines de la Fressange Paris,These ads ran without a disclaimer,≤100
559675381076622,Bisyo Sen. Bong Go - Magserbisyo.,These ads ran without a disclaimer,≤100