﻿Page ID,Page name,Disclaimer,Amount spent (PYG)
242259253120490,Igualdad de Genero SÍ,Igualdad de Genero SÍ,41933
324985181285275,Ever Delvalle Intendente 2023,Ever Delvalle Intendente 2023,5779
386347895204722,Fepasidias,Fepasidias,3773
278226125974096,El Paraguayo Independiente,Paraguayo Independiente,2906
104226655226040,Revota,Revota,1880
347341592056826,Sergio Estigarribia.,Sergio Estigarribia.,1672
111912341409356,Centinela del Norte,Centinela del Norte,598
118397948223791,Oscar Tuma,These ads ran without a disclaimer,506
107706177740738,Periodismo 29,Periodismo 29,228
1365651890238610,Soberanía Paraguay,Prensa_Py,227
101209788723937,Dr. Omar Gonzalez,Dr. Omar Gonzalez,193
599371683431175,Cooperativa Cumbre de la Cordillera,Cooperativa Cumbre de la Cordillera,≤100
102394066042691,japukafesticircopy,These ads ran without a disclaimer,≤100
100520825048827,Movant Connection,These ads ran without a disclaimer,≤100
116603861327799,alex_sa.c,These ads ran without a disclaimer,≤100
113089085119982,elpendulodenewton,These ads ran without a disclaimer,≤100
304971412943967,Instituto de Zumpango en Estudios Superiores en Criminalística IZESC,These ads ran without a disclaimer,≤100
107674934088892,Enex Paraguay,Enex Paraguay,≤100
103390494439121,Podcast Domovina,These ads ran without a disclaimer,≤100