﻿Page ID,Page name,Disclaimer,Amount spent (USD)
225385184188101,ქართული ოცნება / Georgian Dream,ქართული ოცნება / Georgian Dream,269
353943391364252,TV Imedi,TV Imedi,≤100
1577443435885416,მამუკა მდინარაძე / Mamuka Mdinaradze,Georgian Dream,≤100
177657096172822,სირცხვილია • Shame Movement,სირცხვილია • Shame Movement,≤100
194165114388891,ევროპული საქართველო • European Georgia,ევროპული საქართველო,≤100
198164676867952,განათლებისა და მეცნიერების სამინისტრო,საქართველოს განათლებისა და მეცნიერების სამინისტრო,≤100
1037692123012971,კახა ოქრიაშვილი / Kakha Okriashvili,კახა ოქრიაშვილი / Kakha Okriashvili,≤100
197243066983672,ერთიანი ნაციონალური მოძრაობა • United National Movement,ერთიანი ნაციონალური მოძრაობა • United National Movement,≤100
285690758154568,გარემოს დაცვისა და სოფლის მეურნეობის სამინისტრო,გარემოს დაცვისა და სოფლის მეურნეობის სამინისტრო,≤100
749989348701035,ეს ქვეყანა შენია • This country is yours,Civil Society Institute,≤100
691251661323712,თავისუფალი ბაზარი,გირჩი • Girchi,≤100
106696602753341,ეკონომიკისა და მდგრადი განვითარების სამინისტრო,MINISTRY OF ECONOMY AND SUSTAINABLE DEVELOPMENT OF GEORGIA,≤100
1886767171598724,ფლანგვის დეტექტორი,ფლანგვის დეტექტორი,≤100
1159313984168136,europop,Popsport,≤100
104479205280663,გიორგი ნონიაშვილი / Giorgi Noniashvili,European Georgia,≤100
414248619353564,საქართველოს დაბადება,გირჩი • Girchi,≤100
107079819324769,საქართველოს თავდაცვის სამინისტრო / Ministry of Defence of Georgia,საქართველოს თავდაცვის სამინისტრო / Ministry of Defence of Georgia,≤100
107709478476649,თამარ ჩერგოლეიშვილი / Tamar Chergoleishvili,European Georgia,≤100
536906143912475,RealPolitika • რეალპოლიტიკა,Gmc • მმართველობის მონიტორინგის ცენტრი,≤100
106116218389057,გამზირი • Gamziri,Nini Jalabadze,≤100
109261804792205,გიორგი კალანდარიშვილი - Giorgi Kalandarishvili,ELECTION ADMINISTRATION OF GEORGIA,≤100
480323335835739,მაუწყებელი • Mautskebeli,მაუწყებელი • Mautskebeli,≤100
373058439451905,Irakli Garibashvili,Irakli Garibashvili,≤100
497425910290053,სოციალური სამართლიანობის ცენტრი• Social Justice Center,Emc • ადამიანის უფლებების სწავლებისა და მონიტორინგის ცენტრი,≤100
651534988375338,POSTV - ანალიტიკა,POSTV LLC,≤100
262575877222080,ეროვნული სატყეო სააგენტო,ეროვნული სატყეო სააგენტო,≤100
105294965729965,საქართველო უპირველეს ყოვლისა  • Georgia First,Georgia First,≤100
1386065384959039,სოლიდარობა მშვიდობისთვის - ახალი სივრცე,Solidarity For Peace,≤100
104544911468291,შალვა პაპუაშვილი • Shalva Papuashvili,Georgian Dream,≤100
108652531483661,ქართული ოცნება ჩემი არჩევანია,ქართული ოცნება ჩემი არჩევანია,≤100
107692938260573,არქივი - Archive,არქივი - Archive,≤100
107034578358462,პოლიტიკური სატირა / Political Satire,პოლიტიკური სატირა / Political Satire,≤100
101567864590599,კვლევითი ინსტიტუტი Gnomon Wise,Gnomon Wise,≤100
114191964091743,"საქართველოს კულტურის, სპორტისა და ახალგაზრდობის სამინისტრო",სიმონა ცალანი,≤100
100904612181810,საქართველოსთვის / For Georgia,საქართველოსთვის / For Georgia,≤100
104745128534842,64,64,≤100
105232394364997,გახარია,გახარია,≤100
144606052272674,დაცული ტერიტორიების სააგენტო / Agency of Protected Areas (Georgia),დაცული ტერიტორიების სააგენტო,≤100
471759786227198,Factcheck.ge,Factcheck.ge,≤100
101533539409791,პოლიტიკური რენტგენი / Political X-ray,Davit Gureshidze,≤100
103608307719308,EuroClub Kvareli • ყვარლის ევროკლუბი,EuroClub Kvareli,≤100
221812481191218,საქართველოს ახალგაზრდა იურისტთა ასოციაცია,საქართველოს ახალგაზრდა იურისტთა ასოციაცია,≤100
648795978915557,დამოუკიდებელი იურისტების ჯგუფი/ Group of Independent Lawyers,დამოუკიდებელი იურისტების ჯგუფი/ Group of Independent Lawyers,≤100
110044894712197,ქართული ჟურნალისტიკის მარგალიტები / journalist fails,Ramaz Beridze,≤100
107336238433922,PrimeNews.Ge,PrimeNews.Ge,≤100
112698110523947,7- მოქალაქეები/Citizens,ალეკო ელისაშვილი - მოქალაქეები,≤100
103965262533554,არ აგარევინებთ,არ აგარევინებთ,≤100
103844525823875,პოლიტიკური აბსურდი,Ramaz Beridze,≤100
766565596708923,ალექსანდრე ელისაშვილი / Alexander Elisashvili,ალეკო ელისაშვილი - მოქალაქეები,≤100
108814147570520,The Margaret Thatcher Centre of Georgia / მარგარეტ ტეტჩერის ცენტრი,The Margaret Thatcher Centre of Georgia,≤100
104215699175844,ანტირუსული პლატფორმა - AntiRussian Platform,AntiRussianPlatform,≤100
1436499703296575,მითების დეტექტორი,მითების დეტექტორი,≤100
120503386897589,თერჯოლის საოლქო საარჩევნო კომისია,Election Administration of Georgia,≤100
135235855396964,ცაგერის საოლქო საარჩევნო კომისია,Election Administration of Georgia,≤100
1545848578984351,საქართველოს კონკურენციის ეროვნული სააგენტო •  gnca,Georgian National Competition Agency,≤100
1713757032234192,ჯემნიუსი - JAMnews Georgian,Go Grouop,≤100
114709020848644,ახალციხის საოლქო საარჩევნო კომისია / Akhaltsikhe DEC,Election Administration of Georgia,≤100
2136963033183230,თორნიკე რიჟვაძე • Tornike Rijvadze,თორნიკე რიჟვაძე • Tornike Rijvadze,≤100
117573843867583,თიანეთის საოლქო საარჩევნო კომისია,Election Administration of Georgia,≤100
136827876490842,საინფორმაციო ცენტრი ნატოსა და ევროკავშირის შესახებ • NATO & EU Info Center,საინფორმაციო ცენტრი ნატოსა და ევროკავშირის შესახებ • NATO & EU Info Center,≤100
106328688419407,ფოთის საოლქო საარჩევნო კომისია,Election Administration of Georgia,≤100
102689205025480,ქეთი თურაზაშვილი - Keti Turazashvili,ალეკო ელისაშვილი - მოქალაქეები,≤100
101692518891124,ხობის საოლქო საარჩევნო კომისია,Election Administration of Georgia,≤100
117297670589776,გურჯაანის საოლქო საარჩევნო კომისია,Election Administration of Georgia,≤100
195600981002208,გიორგი მელაშვილი / George Melashvili,Europe-Georgia Institute,≤100
100723411774247,Euassimilation,These ads ran without a disclaimer,≤100
260471031303890,Chavchavadze Center / ჭავჭავაძის ცენტრი,Chavchavadze Center,≤100
1713757032234192,ჯემნიუსი - JAMnews Georgian,These ads ran without a disclaimer,≤100
2434819306746322,Public Radio of Armenia  სომხეთის საზოგადოებრივი რადიო,These ads ran without a disclaimer,≤100
1318618354917262,Zaza Bibilashvili,Zaza Bibilashvili,≤100
100806236158832,Maria,These ads ran without a disclaimer,≤100
102263001696586,גרין אקדמי- בית ספר מקוון ללימודי קיימות וסביבה,These ads ran without a disclaimer,≤100