﻿Page ID,Page name,Disclaimer,Amount spent (EGP)
798673866859390,ETC TV,ETC TV,≤100
181524565276709,الهلال الأحمر المصري - Egyptian Red Crescent,الهلال الأحمر المصري - Egyptian Red Crescent,≤100
555470847990930,سبق الإخبارية  - Sabaq News,سبق الإخبارية  - Sabaq News,≤100
100835565731657,Ahmed Amin Massoud - أحمد أمين مسعود,Ahmed Amin Massoud - أحمد أمين مسعود,≤100
2102862883129084,حجازى للاستشارات القانونية,حجازى للاستشارات القانونية,≤100
927829383900542,وزارة التخطيط والتنمية الاقتصادية,وزارة التخطيط والتنمية الاقتصادية,≤100
535371883202755,Freddy Elbaiady  صفحة فريدي البياضي,Freddy Elbaiady  صفحة فريدي البياضي,≤100
105322721599496,الدكتور محمد زكي الوحش,الدكتور محمد زكي الوحش,≤100
273900239400893,نقابة المحامين المصرية,نقابة المحامين المصرية,≤100
103204975886755,البديوي السيد - الصفحة الرسمية,Mohamed Elbedewy,≤100
1632636017007559,Mohamed Mostafa Elsallab محمد مصطفي السلاب,Mohamed Mostafa Elsallab محمد مصطفي السلاب,≤100
101361307958442,Mohamad ElGarhy,محمد السيد عبد الستار,≤100
595025640685644,النائبة شيرين عبد العزيز - Sherin abdelaziz,النائبة شيرين عبد العزيز - Sherin abdelaziz,≤100
103745798627292,المستشار ماهر ميلاد اسكندر,المستشار ماهر ميلاد اسكندر,≤100
106450555171099,مجدي البري - Magdy Elbery,مجدي البري - Magdy Elbery,≤100
110877857406073,المهندس حسام لبن,المهندس حسام لبن,≤100
1934139156895621,د.خالد قنديل Dr.Khaled Kandel,Basel Noufal,≤100
101516486048536,CDIS - Egypt Cybersecurity & Data Intelligence Systems Conference & Expo,CDIS Cybersecurity and Data Intelligence Conference and Expo,≤100
103571604973098,هشام حسين - Hesham Hussein,حسين السيد,≤100
105872082337085,الصفحه الرسمية للنائب أحمد عبدالجواد,ابراهيم احمد ابراهيم محمد,≤100
532134937722830,النائبة أميرة بهاء الدين أبو شقة,Gehad Ali,≤100
102703968944759,مصر الآن,مصر الآن,≤100
103429981452280,Hesham ElhagAly - هشام الحاج علي,Hesham Elhagaly,≤100
192320965049184,الإعلامية نيفين منصور,Nivine Mansour,≤100
354968941204659,الدكتور أيمن أبو العلا عضو مجلس النواب,الدكتور أيمن أبو العلا عضو مجلس النواب,≤100
103571604973098,هشام حسين - Hesham Hussein,هشام حسين - Hesham Hussein,≤100
101586878327765,Hassanein Tawfiq - حسانين توفيق,Hassanein Tawfiq - حسانين توفيق,≤100
103291013528894,Dr.Mokhtar Gomaa,Ahmed Zaatar,≤100
282421105588262,Alraees News- الرئيس نيوز,Kareem Ahmed Abdul Ghani,≤100
380937009024559,Kashqol كشكول التعليمى,Kareem Ahmed Abdul Ghani,≤100
104421931606476,النائب أحمد دياب,Mariam Ahmed Hamouda,≤100
118932207798163,Rehab Eltehewy - رحاب التحيوي,حسين السيد,≤100
371617103038549,Network and system solutions,These ads ran without a disclaimer,≤100
110031078652299,جمعية البر والتقوى المصرية - الصعيد,جمعية البر والتقوى المصرية - الصعيد,≤100
112161944845807,Nevein Basiouny,Muhammad Nash'at,≤100
105096455624550,Tamer abdelhamid - تامر عبد الحميد,Tamer abdelhamid - تامر عبد الحميد,≤100
100064255503952,,These ads ran without a disclaimer,≤100
1474951776051906,مركز الترجمة المعتمد Translaita,These ads ran without a disclaimer,≤100
270076210418807,جمال بن حويرب,These ads ran without a disclaimer,≤100
196591740366631,The School of Global Affairs and Public Policy at AUC,These ads ran without a disclaimer,≤100
1724148267695799,بيت الحكمة 2.0,These ads ran without a disclaimer,≤100
1486257551621366,Master Gold,These ads ran without a disclaimer,≤100