﻿Page ID,Page name,Disclaimer,Amount spent (NOK)
234659001772,Arbeiderpartiet,Arbeiderpartiet,790
46818767155,Miljøpartiet De Grønne - MDG,Miljøpartiet De Grønne,645
275389322558295,LOs sommerpatrulje,LO,115
305434298719,Norges Bondelag,Norges Bondelag,≤100
10953652930,Høyre,Høyre,≤100
135843375926,UNICEF Norge,UNICEF Norge,≤100
198148715581,Vestfold og Telemark FrP,Vestfold og Telemark FrP,≤100
113275862050709,Næringslivets Hovedorganisasjon,Næringslivets Hovedorganisasjon,≤100
44960467949,Greenpeace Norge,Föreningen Greenpeace Norden,≤100
21603349508,NOAH - for dyrs rettigheter,NOAH - for dyrs rettigheter,≤100
313753051208,Norsk Landbruksrådgiving,Norsk Landbruksrådgiving,≤100
380405316155402,Stopp alzheimer og demens,Nasjonalforeningen for folkehelsen,≤100
179717228781217,Moss Arbeiderparti,Moss Arbeiderparti,≤100
11526489541,Senterpartiet,Senterpartiet,≤100
182722095112422,Målselv Arbeiderparti,Målselv Arbeiderparti,≤100
110247258111750,Get Inspired Man,These ads ran without a disclaimer,≤100
132368899297,Framtiden i våre hender,Framtiden i våre hender,≤100
2398568533531114,Velferdsmiks,NHO Geneo,≤100
1878112455548367,Utøya - Et sted som engasjerer,Utøya AS,≤100
623596214494727,Anima - Stopp dyremishandling,Anima - stopp dyremishandling,≤100
153710294662597,Human-Etisk Forbund,Human-Etisk Forbund,≤100
277788629092,Med Israel for fred (MIFF),Med Israel for fred (MIFF),≤100
157803497575876,NHO Reiseliv,NHO Reiseliv,≤100
102040431616976,Beaufort Solutions,Beaufort Solutions,≤100
798750773559841,Bufdir,"Barne-, ungdoms-, og familiedirektoratet",≤100
60540214886,Lederne,These ads ran without a disclaimer,≤100
20468812735,LO,LO,≤100
120374971332864,Kagge Forlag,Kagge Forlag,≤100
417968848252894,Besteforeldrenes klimaaksjon,Besteforeldrenes Klimaaksjon,≤100
133640403364515,Næringsforeningen Haugalandet,Næringsforeningen Haugalandet,≤100
54603926197,Finnmark SV,Troms og Finnmark SV,≤100
120815981305897,KS Kommunesektorens organisasjon,KS Kommunesektorens organisasjon,≤100
173739506066242,LO Internasjonalt,LO,≤100
322525743444,Get Inspired,These ads ran without a disclaimer,≤100
126448980866214,Klassekampen,Klassekampen AS,≤100
226417544192807,Tankesmien Agenda,Tankesmien Agenda,≤100
10254410675,Venstre,Venstre,≤100
1875902792622658,Øygarden Arbeidarparti,Øygarden Arbeidarparti,≤100
189196954458836,Klar Tale,Stiftelsen Klar Tale,≤100
53828343371,Epilepsiforbundet,Epilepsiforbundet,≤100
119878348024795,ULOBA,Uloba - Independent Living Norge SA,≤100
179839425383047,Yrkestrafikkforbundet - YTF,Yrkestrafikkforbundet,≤100
119797291429215,RIO - en landsdekkende brukerorganisasjon på rusfeltet,RIO - en landsdekkende brukerorganisasjon på rusfeltet,≤100
227438343945838,Forum for utvikling og miljø,Forum for utvikling og miljø,≤100
91007335905,Aurskog-Høland Arbeiderparti,Akershus Arbeiderparti,≤100
128566103830426,Civita,Civita AS,≤100
106716332332281,Njål Vigleik Grene-Johnsen,Njål Vigleik Grene-Johnsen,≤100
158517320882189,Ålesund SV,Ålesund SV,≤100
504462853625184,Aure Høyre,Aure Høyre,≤100
112631767587663,Meninger24,Meninger24,≤100
182709078487500,Sex og Politikk,Sex og Politikk,≤100
102426916209178,Kristian Eilertsen - FrP,Harstad FrP,≤100
100885889429302,Verdinytt,Verdinytt AS,≤100
307525272933,Humanist forlag,Humanist forlag,≤100
118470544845764,Moss SV,Moss SV,≤100
111930338491892,Ordførerkandidat Adelheid Frost Mykland,Ordførerkandidat Adelheid Frost Mykland,≤100
28312410177,World Food Programme,These ads ran without a disclaimer,≤100
171540532874418,Arbeiderpartiet i Bergen,Arbeiderpartiet i Bergen,≤100
1583324988565868,Stortinget,Stortinget,≤100
201766586502981,"Homonettverket- lesbiske, homofile, bifile, transpersoner i Arbeiderpartiet","Homonettverket- lesbiske, homofile, bifile, transpersoner i Arbeiderpartiet",≤100
159084565236,Transit magasin,Transit Media AS,≤100
730770907052378,Aurskog-Høland Senterparti,Aurskog-Høland Senterparti,≤100
119878348024795,ULOBA,Uloba - Independent Living Norge,≤100
224521330900884,Bergen SV,Bergen SV,≤100
200983583270624,NHO Service og Handel,NHO Service og Handel,≤100
216398705057225,Enebakk Arbeiderparti,Enebakk Arbeiderparti,≤100
352782288790,Stavanger Venstre,Venstre,≤100
118339071290748,EuroToday,These ads ran without a disclaimer,≤100
119591011098917,Tomorrow.Mobility,These ads ran without a disclaimer,≤100
864782036884201,Akademia Wychowania,These ads ran without a disclaimer,≤100
114464063529974,CleverPips - Best Trading Signals,These ads ran without a disclaimer,≤100