﻿Page ID,Page name,Disclaimer,Amount spent (USD)
103323581486845,النائب سليمان موسى ابو يحيى,Sleman Abuyahia,≤100
521303771314889,وزارة الصناعة و التجارة و التموين الاردنية Mit.gov.jo,Muhanad Alomyan,≤100
102282351838800,صوت الكرك للأدب والتراث,These ads ran without a disclaimer,≤100
107141858896307,Rewell Society,Rewell Society,≤100
664477853670759,المكتب الاعلامي للنائب معتز ابورمان,Moutaz Abu Rumman,≤100
316496640057,7iber,These ads ran without a disclaimer,≤100
583180212191519,Artohake,These ads ran without a disclaimer,≤100
1157903831033932,مؤسسة شباب المتوسط - Mediterranean Youth Foundation,These ads ran without a disclaimer,≤100