﻿Page ID,Page name,Disclaimer,Amount spent (IDR)
104054595928021,Bakti Untuk Rakyat,Bakti Untuk Rakyat,218335
320858334728047,Partai Solidaritas Indonesia,Partai Solidaritas Indonesia,186845
23383061178,Prabowo Subianto,indonesia Adil makmur,185151
106767125434048,Rumah GP Sumatra Barat,Ganjar Nusantara Indonesia,91896
197545083607941,Harian Kompas,Harian Kompas,33610
148475051852754,Rockefeller Foundation,These ads ran without a disclaimer,29991
102712985995817,Sobat Airlangga Hartarto,Sobat Airlangga Hartarto,19240
110192468241688,Rumah Subsidi oleh Taman Asri Group,These ads ran without a disclaimer,18486
103013484811323,Jangan Lupa Sejarah,John Kamnahas,8168
882638978454921,Raja Juli Antoni,Raja Juli Antoni,6557
105818752347206,Teman Airlangga Hartarto,Teman Airlangga Hartarto,5436
112376825007045,Dewi Juliani 2024,Dewi Juliani 2024,4300
173996829810061,Ryan Fahrichsan Kono,"Ryan Fahrichsan Kono, B.Com",3995
143840239716746,Indozone.id,PT. INDOZONE MEDIA INDONESIA,3092
113573424921049,Kokok Dirgantoro,Partai Solidaritas Indonesia,3082
101760624522103,DPP Banteng Muda Indonesia,Farid Wahyudi,2688
112365180213139,Kampus Langit,These ads ran without a disclaimer,1304
111852080939563,Baruna Airlangga,These ads ran without a disclaimer,992
104899195891472,Berita Ganjar Pranowo,Ganjar Nusantara Indonesia,891
104830667806476,Melihat Indonesia,Ganjar Nusantara Indonesia,806
109083348423534,Untuk Rakyat,Muhammad Miftakhunnaim,789
39253583478,PDI Perjuangan,Muhammad Miftakhunnaim,718
335546226915564,Generasi Melek Politik,Generasi Melek Politik,613
110865154735990,Koran Harian Tanah Air,Muhammad Miftakhunnaim,536
107314345341621,Zakiyuddin Harahap,Zakiyuddin harahap,513
173776079818775,Saiful Mujani,Saidiman,494
110368964786452,Kemajuan Bersama,Muhammad Miftakhunnaim,463
121947964172532,Sehat Bersama,These ads ran without a disclaimer,449
112121101796090,Opini 2024,Juniar Dwi Harianto,439
102626198026698,Rika Sudjiman,Juniar Dwi Harianto,396
101403669397488,Nikmatul Sugiyarto,Ganjar Nusantara Indonesia,370
110750361762052,Pikiran Rakyat,Pikiran Rakyat,347
103581752405141,Sobar Harahap,Ganjar Nusantara Indonesia,335
106039172449976,Semesta,These ads ran without a disclaimer,306
100359258525418,Pemulihan Lebih Baik,Muhammad Miftakhunnaim,284
102656349157647,Tugimanisme,Ganjar Nusantara Indonesia,277
1376974779256826,Saiful Mujani Research and Consulting SMRC,Saidiman,259
102497641558430,Indonesia Tolak HOAX,Muhammad Miftakhunnaim,253
110952238516382,Kiki Daliyo,Dwi Wantoro,242
110100218339060,Wahai Ibu Pertiwi,Muhammad Miftakhunnaim,228
108571334357297,Melangkah Lebih Baik,Muhammad Miftakhunnaim,196
105313791512717,Jateng Sentris,Bayu Wicaksono,189
102114435036822,Filosofi Jatim,Dwi Wantoro,184
114113221595465,SatuViral,These ads ran without a disclaimer,179
106920001531083,Filosofi Jateng,Bayu Wicaksono,174
108695584343029,Baik Untuk Kita,Muhammad Miftakhunnaim,172
101076948451651,Masa Depan Kita,Muhammad Miftakhunnaim,148
110037828037739,Jateng Pedia,Bayu Wicaksono,128
104533848318771,Pemalang Today,Bayu Wicaksono,119
111261231404843,Mileanies - Relawan Milenial Anies Baswedan,Asri Tadda,≤100
195487390483853,IPD Forum - Bahasa Indonesia,These ads ran without a disclaimer,≤100
102415047928145,Shanghai Electric,These ads ran without a disclaimer,≤100
101236075978217,Alex Murgueitio,These ads ran without a disclaimer,≤100
118562497812908,People's Daily Online_BM,These ads ran without a disclaimer,≤100