﻿Page ID,Page name,Disclaimer,Amount spent (SEK)
371791194529,Världsnaturfonden WWF,Världsnaturfonden WWF,3880
126567104406,Hyresgästföreningen,Hyresgästföreningen,663
122854408319,Hjärt-Lungfonden,Hjärt-Lungfonden,663
608975645850217,Vattenfall,Vattenfall Sverige,635
151159271594797,Systembolaget,Systembolaget,613
161213770567846,Operation Smile Sverige,Operation Smile Sverige,314
111630258867610,Röda Korset,Röda Korset,300
68115370786,Läkare Utan Gränser (MSF),Läkare Utan Gränser/ Médecins sans Frontières (MSF Sweden),195
95735961890,Greenpeace Sverige,Greenpeace Sverige,172
72659261793,Rädda Barnen,Rädda Barnen,169
643137272398136,Sverige för UNHCR,Sverige för UNHCR,169
578953655567499,Jörgen Astonson,ETC Media AB,161
114262485262083,Konsumentverket,Konsumentverket,154
109886133732943,RESCUE - Sverige,RESCUE - Sverige,145
162985227114132,Skellefteå Kraft,Skellefteå Kraft,145
130927360876045,Tidningen Näringslivet,Tidningen Näringslivet,132
382243262003,Plan International Sverige,Plan International Sverige,117
101341883359561,Matsmart Sverige,Matsmart,110
90882504375,Svenskt Näringsliv,Svenskt Näringsliv,≤100
59324455950,UNICEF Sverige,UNICEF Sverige,≤100
188616781161573,World Animal Protection Sverige,World Animal Protection Sverige,≤100
369122343101775,e.on,These ads ran without a disclaimer,≤100
194584990588253,Vattenfall,Vattenfall,≤100
369582590803,Dagens ETC,ETC-tidningarna,≤100
186513678039755,Fortum,Fortum Sverige,≤100
42676805259,Diakonia,Diakonia,≤100
230255653832332,Al-Ayn for Social Care Sweden,Al Ayn For Social Care Sweden,≤100
440459709390224,Hitachi Energy,KSMG,≤100
115756055102646,Kura Omsorg  i Sverige AB,Kura Omsorg  i Sverige AB,≤100
293678655099,Europaparlamentets kontor i Sverige,Europaparlamentets kontor i Sverige,≤100
195379633820701,Svenskt Kött,Svenskt Kött,≤100
276108117859,Svenska Afghanistankommittén,Svenska Afghanistankommittén,≤100
153028052500,Kvinna till Kvinna,Stiftelsen Kvinna till Kvinna,≤100
153270724787,Amnesty International Sverige,Amnesty International Sverige,≤100
236221570038,BRIS: Barnens Rätt I Samhället,BRIS: Barnens Rätt I Samhället,≤100
314872662206,Ekonomifakta,Ekonomifakta,≤100
72832167834,Skattebetalarnas Förening,Skattebetalarnas Förening,≤100
576845979156129,Techarenan,Techarenan,≤100
249195615122371,Sara Skyttedal,Sara Skyttedal Dihang,≤100
146593541117,nwt.se,NWT Media AB,≤100
257888154669865,Conscia Sverige,Conscia Sverige AB,≤100
614939535271869,Tobias Baudin,Socialdemokraterna,≤100
328754490337,Vårdförbundet,Vårdförbundet,≤100
387421644643053,Hyresgästföreningen BohusÄlvsborg-Skaraborg,Hyresgästföreningen BohusÄlvsborg-Skaraborg,≤100
588111131243298,Sverigedemokraterna Hässleholm,Sverigedemokraterna Hässleholm,≤100
181590825305317,COWI Sverige,COWI Sverige,≤100
163305633746125,Karneval förlag,Holviks,≤100
312084019369,Dagens Medicin,Dagens Medicin,≤100
407290589320311,ABF Örebro län,Mikael Runesson,≤100
231705333633358,Göteborgs stift Svenska kyrkan,Göteborgs stift Svenska kyrkan,≤100
103296115466644,Skattenytta,Kommissionen för Skattenytta,≤100
1402657726653154,Hallå konsument,Konsumentverket,≤100
212604496324,Fackförbundet ST,Fackförbundet ST,≤100
237146235237,Timbro,Tankesmedjan Timbro,≤100
1531320107133721,Syre,Dagens O2 AB,≤100
624844364247833,Svenskt Näringsliv Värmland,Svenskt Näringsliv Värmland,≤100
18880778360,ActionAid Sweden,ActionAid Sweden,≤100
188821514474911,Preem,Preem AB,≤100
107898832590939,European Commission,European Commission,≤100
412192732132640,ECPAT Sverige,ECPAT Sverige,≤100
766962160096580,Vi Omsorg i Sverige AB,Vi Omsorg i Sverige AB,≤100
100941935326134,RekonstruktionsGruppen,Rekonstruktionsgruppen Sverige AB,≤100
217391588404948,Katalys,Katalys,≤100
339278619472500,Fredrika Bremer-förbundet,These ads ran without a disclaimer,≤100
2002046333202650,Bli nämndeman,Bli nämndeman,≤100
226810677402741,Centerpartiet i Jönköpings län,Centerpartiet Jönköpings län,≤100
356032977210,Vi-skogen,Vi-skogen,≤100
234172635050,Forum för levande historia,Forum för levande historia,≤100
105345278410827,Frälsningsarméns sociala arbete,Frälsningsarmén,≤100
235650011981,SPF Seniorerna,SPF Seniorerna,≤100
132934600111301,Skogsstyrelsen,Skogsstyrelsen,≤100
8040892957,Socialdemokraterna,Socialdemokraterna,≤100
273053169937029,ClimateHero,ClimateHero,≤100
105832442784541,Ny Generation,Ny Generation,≤100
129016447116122,Aktuell Hållbarhet,Aktuell Hållbarhet,≤100
539297539496434,Dagens Samhälle,Dagens Samhälle,≤100
175656912484553,Unionen,Unionen,≤100
379686162129542,Svea Bank,Svea Ekonomi,≤100
147547541961576,Council of the European Union,Council of the European Union,≤100
166406746310,Resumé,Resumé,≤100
129841741852473,Folkhälsodalen,Folkhälsodalen,≤100
421347121246692,Konstnärernas Riksorganisation,Konstnärernas Riksorganisation,≤100
1261907310611511,Segerstedtinstitutet vid Göteborgs universitet,Richard Millings,≤100
212284955495610,Elektrikerna,Elektrikerna,≤100
239855722130,Nyhetsmagasinet Fokus,Fokus,≤100
965458110149319,Byggindustrin,Byggindustrin,≤100
171919835807,TCO,TCO,≤100
216625221784563,Alkompis  الكومبس,Alkompis  الكومبس,≤100
266170183550491,Nya Kompisbyrån,Nya Kompisbyrån,≤100
253510692370,Arbetaren,Arbetaren,≤100
767749640051136,Heléne Fritzon,Socialdemokraterna i Europaparlamentet,≤100
1633181116933852,SvD Junior,SvD Junior (SvD),≤100
109609604086656,Vejpkollen.se,Vejpkollen.se,≤100
175873745789190,Vänsterpartiet Göteborg,Vänsterpartiet Göteborg,≤100
547965058654664,MyRight - Empowers people with disabilities,MyRight - Empowers people with disabilities,≤100
261455205686,LRF,LRF,≤100
1540294046226139,Feministsmeden,Feministsmeden,≤100
100154266829621,Kyrkans Tidning,Kyrkans Tidning,≤100
133867976608,Naturskyddsföreningen,Naturskyddsföreningen,≤100
152085291138,Aktuellt i Politiken,Aktuellt i Politiken,≤100
212049035488183,The Hunger Project Sverige,The Hunger Project Sverige,≤100
217897918243937,Socialdemokraterna i Värmdö,Julia Ekedahl,≤100
19746853632,Djurens Rätt,Djurens Rätt,≤100
296423575695,Afrikagrupperna,Afrikagrupperna,≤100
120216874723147,Svenskt Sigill,Svenskt Sigill,≤100
139047112785592,Centerpartiet Linköping,Felix Grönqvist,≤100
128452220525979,CIVIL RIGHTS DEFENDERS,CIVIL RIGHTS DEFENDERS,≤100
316462188971,Flamman,Tidningsföreningen Norrskensflamman,≤100
150453111655854,Folkbildningsrådet,Elin Sundling,≤100
118090278221826,Erikshjälpen,Erikshjälpen,≤100
347852331958080,En Företagares Vardag,En Företagares Vardag,≤100
329452290816078,Tidningen Market,Tidningen Market,≤100
103065692733960,Öis,Skövde kommun,≤100
342952129133948,Kultur i Malmö,Kultur i Malmö,≤100
114033205273395,Svenska Burmakommittén,Svenska Burmakommittén,≤100
1829725353928210,Tomas Tobé,Tomas Tobé,≤100
434357663256684,Student i Vision,Vision,≤100
183959274989548,Landsbygdsnätverket,Landsbygdsnätverket,≤100
171732326218384,Handelsanställdas förbund,Handelsanställdas förbund,≤100
106146814673420,Gotland Originals,These ads ran without a disclaimer,≤100
323156205347,Vänsterpartiet,Vänsterpartiet,≤100
379717152211944,Säkra Kvinnor Styrelsebalans AB,These ads ran without a disclaimer,≤100
103953609645359,SCB - Statistiska centralbyrån,Statistiska centralbyrån,≤100
150909028299502,Jernkontoret,Jernkontoret,≤100
208751565805849,Stiftelsen Expo,Stiftelsen Expo,≤100
355819811185620,Arba Kokalari,Moderaterna,≤100
337086006951883,Jessica Polfjärd,Moderaterna,≤100
127535893942048,Folkhögskolorna,Folkhögskolorna,≤100
1432591790382295,ByMartinsdotter,By Martinsdotter,≤100
108878133830874,Grön flygplats,Projektet Grön Flygplats; finansierat av Svenska Regionala Flygplatser och Europeiska Regionala Utvecklingsfonden,≤100
324914190902686,Magasinet Paragraf,Magasinet Paragraf,≤100
273402369438867,By Billgren,By Billgren AB,≤100
394687000597592,Barnombudet i Uppsala län - BOiU,Barnombudet i Uppsala län,≤100
1042091032500520,Kvartal,Kvartal,≤100
178042775588482,Reportrar utan gränser,Reportrar utan gränser,≤100
62185934430,Olof Palmes Internationella Center,Olof Palmes Internationella Center,≤100
237000919761618,Stjärnjouren - Sundbybergs trans- och tjejjour,Hannah Sörbom,≤100
120477444659925,Svensk Handel,Svensk Handel,≤100
298201844237927,Riksföreningen Äldres Hälsa,These ads ran without a disclaimer,≤100
899603916845362,JAG Personlig assistans,JAG Personlig assistans,≤100
112644953916525,Facklig Vänster,Vänsterpartiet,≤100
101320658099429,Renoveringsraseriet,Renoveringsraseriet,≤100
293031380766852,Vänsterpartiet i EU,Vänsterpartiet i EU,≤100
268608766607208,Svensk Tidskrift,Svensk Tidskrift,≤100
289125034540204,Socialdemokraterna Sörmland,Sörmlands socialdemokratiska partidistrikt,≤100
127063960674693,Svenska Freds- och Skiljedomsföreningen,Svenska Freds- och Skiljedomsföreningen,≤100
138449739649621,Synskadades Riksförbund,Synskadades Riksförbund,≤100
1177885685706745,Partiet Nyans,Partiet Nyans,≤100
390479295816,Socialdemokraterna i Jönköpings län,Socialdemokraterna i Jönköpings län,≤100
113710601984970,Barnfonden,Barnfonden,≤100
100253435575183,EPHI - Environment and Public Health Institute,Environment and Public Health Institute,≤100
110813562940,Vision,Vision,≤100
182933185135,Skogsindustrierna,Skogsindustrierna,≤100
637235366608588,studietid,#studietid,≤100
386694205083795,Liberalerna Nykvarn,Liberalerna Nykvarn,≤100
113257525466571,Friskolornas riksförbund,Friskolornas riksförbund,≤100
349041299054769,Kungl. Vetenskapsakademien,Kungl. Vetenskapsakademien,≤100
1370664169670708,Sara Heelge Vikmång,Socialdemokraterna Huddinge,≤100
255288010153,Sida - Styrelsen för Internationellt Utvecklingssamarbete,Sida - Styrelsen för Internationellt Utvecklingssamarbete,≤100
1522679411362377,Lighthouse - Swedish Maritime RD&I collaboration platform,Lars Nicklason,≤100
162523667123095,Utvecklingsmagasinet,Föreningen för Utvecklingsfrågor,≤100
152953178070559,Kommunistiska Partiet,Kommunistiska Partiet,≤100
45101268520,SSU,SSU,≤100
108492218918,IF Metall,IF Metall,≤100
699733880123060,Tjejjouren i Lund - en transinkluderande jour,Tjejjouren i Lund,≤100
135062563176874,Utrikespolitiska Institutet,Utrikespolitiska Institutet,≤100
106424948513158,Riksorganisationen för fortbildning om Förintelsen,Riksorganisationen för fortbildning för förintelsen,≤100
273254886116655,Motargument,Motargument,≤100
305349186301095,Liberalerna Skellefteå,Soldan Christina,≤100
293679875824,Svenska FN-förbundet,Svenska FN-förbundet,≤100
108216678020301,CGH & Jobbfrågan,Svensk Jobbdemokrati,≤100
735108653195373,Vänsterpartiet Haninge,Olofsson Lars-Johan Patrik,≤100
452279731455423,Röda Nördar,These ads ran without a disclaimer,≤100
108795227704477,ألوان أوروبا Alwan Europe,ألوان أوروبا Alwan Europe,≤100
1230018870391467,Medborgerlig Samling Uppsala,Medborgerlig Samling Uppsala Län,≤100
951217261634608,Naturvårdsverket,Naturvårdsverket,≤100
162466473776556,Klimataktion,Klimataktion,≤100
182726910344,Hela Sverige Ska Leva,Hela Sverige Ska Leva,≤100
106459258633326,Vänsterpartiet Trelleborg,Vänsterpartiet Trelleborg,≤100
103835119648706,Socialdemokraterna i Emmaboda,Jarkko Pekkala,≤100
268593563268202,Kristdemokraterna Tyresö,Kennerberg Leif Robert,≤100
287880713020478,Rörelsen,Peter Gustavsson,≤100
987676224611140,Demokrati utan gränser,Demokrati utan gränser,≤100
108606768485583,Vuksan Rovčanin,Vuksan Rovcanin,≤100
536156530105433,Demokratibygget,Demokratibygget,≤100
1386443368256974,Sverigedemokraterna Härryda,SD Härryda,≤100
165737720134388,Bergmark,Björn Stefan Bergmark,≤100
17775970938,Cancerfonden,Cancerfonden,≤100
502392236527740,Socialdemokraterna i Vaggeryds kommun,Socialdemokraterna i Vaggeryds kommun,≤100
435633199945731,Miret,These ads ran without a disclaimer,≤100
98673036962,ROLDA,These ads ran without a disclaimer,≤100
102197532218107,Regal Springs Europe,These ads ran without a disclaimer,≤100
178362315106,European Parliament,European Parliament,≤100
102767259461496,EU News,These ads ran without a disclaimer,≤100
1220981994590364,FT Partner Content,These ads ran without a disclaimer,≤100
104099512361482,Funnies Now - Magazine,These ads ran without a disclaimer,≤100