﻿Page ID,Page name,Disclaimer,Amount spent (INR)
21169267101,Give,Give,189
113914497400326,Baba Gazi Dass Ji Club Register Roper-PUNJAB,Devinder Singh Bajwa,132
541191682746522,Samarveer Kaushik,Samarvir Kaushik,121
104516512296314,Kartikeya Sharma,Adv Tech,121
326102339565,Oxfam India,Oxfam India,107
110115671863420,Kacche Din,Kacche Din,≤100
30290552843,Greenpeace India,Greenpeace India Society,≤100
103782051383159,School of Politics,School of Politics,≤100
105671775473178,Jan Suraaj,Jan Suraaj,≤100
294493857651676,Rahul Gandhi,Indian National Congress,≤100
1433526693616228,Himachali Rishta - हिमाचली रिश्ता डॉट कॉम,Himachali Rishta - हिमाचली रिश्ता डॉट कॉम,≤100
109986065209042,Mera Apna Rahul,MeraApnaRahul,≤100
174283119250672,Save the Children India,Bal Raksha Bharat,≤100
108402914265460,Vikas Sharma BJP,Jitin Muteja,≤100
270666596375251,Jhatkaa.org,Jhatkaa.org,≤100
107395897271506,Kutumb,Swatantra Verma,≤100
272910416146030,McCain Foods India,These ads ran without a disclaimer,≤100
109076322510196,Saviour Education Abroad,Saviour Education Abroad OPC Pvt Ltd,≤100
285029500623,CARE India,CARE India,≤100
457851894657063,BYOH Rishta - Uttarakhand Matrimonial Service  ब्योह रिश्ता,PSL SOLUTIONS,≤100
102218576103904,Badlaav ki Aandhi Priyanka Gandhi,Badlaav Ki Aandhi Priyanka Gandhi,≤100
263613904560987,Parveen Narang,Aftab Khan,≤100
33497111948,Child Rights and You,Child Rights and You,≤100
109707661884154,Indian Compass,theindiancompass.com,≤100
132689140088396,smilefoundation,Smile Foundation,≤100
171538063001636,Global Punjab TV,Navdeep Singh,≤100
108861325372008,Bharat Bhagya Vidhata,BharatBhagyaVidhata,≤100
101538858448134,The Summer News,Gagandeep Singh,≤100
101038215243427,Youth Voice Foundation,Gagandeep Singh Dhatt,≤100
107813374962437,gags_dhatt,YOUTH VOICE FOUNDATION,≤100
105824457802200,The Khabarsaar,Amandeep Singh,≤100
101135371593428,Voice of 5aab TV,Brijinder Kaur Rai,≤100
2108726996065900,Bhawani Singh Rundal,Pawan Kumar Sharma,≤100
746568209028564,Dr. Basu Eye Hospital,Dr. Basu Eye Hospital,≤100
343731449001203,Dainik Savera,Mohit Johari,≤100
102123079337554,International Society for Krishna Consciousness,ISKCON Delhi,≤100
100735178208398,Udyami India,Samadhan Samiti,≤100
107395897271506,Kutumb,Kutumb App,≤100
694622163885355,Devender singh babli,Devender Singh Babli,≤100
104569618054081,Vikas Arya,Arya Vikas,≤100
1535221630039925,Dr. Bhagwat Karad,Bhagvat Kisanrao Karad,≤100
112290388372786,Shubham Yadav,Shubham Yadav,≤100
112475780481777,Bahadur Singh Chouhan,Manoj,≤100
605390272841833,Shrirang Appa Barne,Abhay Balu Ahire,≤100
1493467387573959,Ghulam Nabi Azad,Advertiseyouonline,≤100
148931718592314,Tarun Chugh,Adv Tech,≤100
224618077692752,Sanjay Tandon,Saraansh Tandon,≤100
1834369746850103,Ankit Bansal,Ankit Bansal,≤100
404746486258732,Project Nanhi Kali,Project Nanhi Kali,≤100
1785302198354679,Dr. Somendra Tomar,Somendra Singh,≤100
216506801885954,Pankaj Chaudhary,Yash Bagh,≤100
103719915895025,Shri hari finance,Vikas Kumar,≤100
140049632739723,Manjit Singh GK,Bhupinder Pal Singh,≤100
577856385582447,Raghu Sharma,Kanishk Bansal,≤100
102710804961947,Patanjali Nutrela Products,Saura Bh Sin Gh,≤100
165714096933078,Piyush Goyal,Piyush Goyal,≤100
241940555912671,Chandigarh University,Chandigarh University,≤100
10150110302115599,Genesis Foundation,Genesis Foundation,≤100
385658441549334,Deepak Bhati Chotiwala,Dipak Bhati,≤100
100196004828444,North Eastern Council,Sourabh Arvind Dubey,≤100
113109768337513,akashdeep_kahlon_7,These ads ran without a disclaimer,≤100
1947865801968156,Jasmeet Singh Pitampura,Harjap Singh Dhingra,≤100
804538566410307,Sudhindar Moond,Prakash Jaiswal,≤100
466642616726169,Parul University,Parul University,≤100
328153847848599,Dr. Sarvan Baghel,Ankit Tiwari,≤100
321228061382932,Pt. Shekhar Dixit,Websofy Software Private Limited,≤100
132309676835568,Lokmat,Pranoti Vasant Dalvi,≤100
385303288239154,Raghuveer Singh Tanwar,Raghuveer Singh Tanwar,≤100
101225706214179,ਭਾਈ ਅੰਮ੍ਰਿਤਪਾਲ ਸਿੰਘ,Amritpal Singh,≤100
109141098395573,Inclusive Minds,Inclusive Minds,≤100
109022618722480,Prof. Nasir Ahmed,Prof. Nasir Ahmed,≤100
1706371292942156,"Ministry of Development of North Eastern Region, Government of India",Sourabh Arvind Dubey,≤100
263426780493993,Rajesh Pahalwan Purkhasia,Rajesh Kumar,≤100
1748666768770943,Umakant Sharma MLA,Prateek Malhotra,≤100
1518866631735090,MLA Jarnail Singh,MLA Jarnail Singh,≤100
600061223342178,Ghanshyam Tiwari,Bhanu Pratap Singh,≤100
108437191907485,Replanet,Prabhindar Singh Chopra,≤100
101613628900010,Smartway Wellness Pvt. Ltd.,Bhoomi Harendra Mistry,≤100
105211528341692,उत्तर प्रदेश की राजनीति,Hemant,≤100
674757045920691,Jayadev Galla,Aditya Vemulapalli,≤100
252791995383178,Maharashtra Multimedia Communications,Shubhada Ashish Joshi,≤100
1556599364655942,Antariksha Sanchar,These ads ran without a disclaimer,≤100
273332066175444,Abhinandan Educational and Welfare Society,Ashish  Chauhan,≤100
132806813793938,Paramjit Singh Sarna,Harjap Singh Dhingra,≤100
695738973874352,Dr. Sumer Singh Solanki,Sumer Singh Solanki,≤100
106651771256029,Pankaj Fatehchandani,Pankaj Fatehchandani,≤100
1714627758756924,अशोक सिंह रावत -भाजपा,Susheel Kumar Garg,≤100
111096401719569,Colors of Life 色彩．人生,These ads ran without a disclaimer,≤100
1932900346831325,Rajesh D Sanghvi,Rajesh Dineshchandra Sanghvi,≤100
104052753400618,Union Bank of India,Goldmine Advertising Limited,≤100
195167817324812,Pawan Khera,Indian National Congress,≤100
155184094662465,Kesineni Nani,Srinivas Kesineni,≤100
1770518973014321,Kuldeep Vats,Click2Public Technologies OPC Pvt. Ltd.,≤100
108209555020383,B somashekar,RMT,≤100
283778738935226,Indian Steel Association,Sanjay Sinha,≤100
146702709146110,Ashu Singh Surpura,Ankit Kumawat,≤100
328392384265218,Hasmukh Gehlot,Hasmukh Mohanlal Gehlot,≤100
157300124326821,Arlak Biotech,Swati Dhiman,≤100
152154292012572,Navjivan,Navjivan,≤100
115485096526495,Delhi MSW Solutions Ltd,Delhi MSW Solutions Ltd,≤100
101810851917422,Atul Agrawal,Atul Kumar Agrawal,≤100
106217671329032,Aditya Dhankhar,Aditya Dhankhar,≤100
1924627484438235,Arlak Ayurveda,Swati Dhiman,≤100
101713962007976,Amrit Mahotsav,Amrit Mahotsav,≤100
104765761522667,Pankaj Dawar,The Social Prachar,≤100
1613686538669654,Ashok Singhal Foundation,Digital Xplode,≤100
204318116677554,National Herald,National Herald,≤100
1384169104959232,Sardarbhai Chaudhari - BJP,Sardarbhai S Chaudhary,≤100
326102339565,Oxfam India,These ads ran without a disclaimer,≤100
105354058906524,Bjp Shekhar Sharma,Shekhar Sharma,≤100
381937732180611,Vineet Joshi,Vineet Joshi,≤100
101964264562944,Sanjay Singh Gangwar,Sanjay Singh Gangwar,≤100
109916533853207,AMIT KUMAR SINGH,Akash Singh,≤100
369063569936141,Lung Care Foundation,Lung Care Foundation,≤100
100321805910320,Jamesons Info Solutions,Jamesons Info Solutions,≤100
617711705242584,Khabarwaale Tv,Parminder Singh Jatpuri,≤100
108015368279979,Solh Wellness,Omlogic consulting pvt. ltd.,≤100
1510631479236816,Hawa Badlo,social cloud ventures Pvt Ltd,≤100
708844685796745,OP Choudhary,OP Choudhary,≤100
100386762910841,Pankaj Srivastava - JIS,Pankaj Srivastava - JIS,≤100
102161921182493,Ram Niwas Garg,Ram Niwas Garg,≤100
2082424261866450,Vii Media,Bhalinder Singh,≤100
350880081913337,Sahdev Salaria,Rajesh Jaswal,≤100
295405070641302,Balraj Kundu,Pankaj Sharma,≤100
112063110264634,Satish Ghatge-सतिश घाटगे,Satish Ghatge-सतिश घाटगे,≤100
106313415317403,Shobhit Jaiswal,Sarvesh Shukla,≤100
173536432700799,Ahmed Balala,Ahmed Balala,≤100
648392601873373,Ashok Chandna,Mukesh Kumar Yadav,≤100
256050398281355,MD Chopdar,WEBTIX,≤100
107947445537479,Wear Your Support,Manoj Pathak,≤100
289085061102499,Sukhwinder Singh Bindra,Sukhwinder Pal Singh,≤100
104835264704460,रघुवीर सहरिया सलेमपुर,Anshul Kumar Gupta,≤100
105694514269834,North Eastern Region Community Resource Management Society,Shrinivas Ravichandran Nadar,≤100
1479086895672584,Sureshkumar Jethliya-सुरेशकुमार जेथलिया,Vaibhav Ganesh Chikhale,≤100
276512419511205,Kathi Karthika,Policy Briefcase,≤100
426868484184031,Vimal Katiyar,Sumeet Kumar,≤100
104160802532063,महाराष्ट्राची विकासगंगा,महाराष्ट्राची विकासगंगा,≤100
100485426184353,AJP,Manoj Kumar Singh,≤100
106261054498841,Advocate Rajat Bhargava,Rajat Bhargava,≤100
100467895262186,Dr Premchand Jaysi,Arpit Jain,≤100
1088373891289696,Kamal yadav,Akash Singh,≤100
326243404670820,Mohammad Shariq,Shariq  Mohd,≤100
112061804808512,Sports Development Authority of Bihar - SDAB,Ajit Kumar,≤100
100935642733964,Hindi Khabar Digital,The Narrative Builders,≤100
511725522329475,Sampurna Samachar Seva,Sampurna Samachar Seva,≤100
112024038463574,the_rajnesh_gurjar,These ads ran without a disclaimer,≤100
102018225696367,वसीम राईन पसमांदा मुस्लिम महाज,Bhupendra Sharma,≤100
528144820729879,Pramod Sehwag,Vikas Kumar,≤100
2163983083861031,Atul Kapoor,Atul Kapoor,≤100
103123778911207,CSC Id Provider,Satyam Kumar Sahni,≤100
114606387073785,Deepak Balutia,Deepak Balutia,≤100
693289664149663,Dr. Shashikant Sharma,Dr. Shashikant Sharma,≤100
268437163351102,Saurabh Srivastava,Saurabh Srivastava,≤100
105641591260871,Shyam Singh,Shyam Singh,≤100
110132160741768,Polstrat,Polstrat Communication,≤100
834432743328746,Prakash Dwivedi,Prakash Chandra Dwivedi,≤100
1783001841927248,Nutan Odisha,Niti Pollsters Private Limited,≤100
113123373786875,Devender Nim,Anshul Sharma,≤100
317042561720861,Sunil Deodhar,Sunil Deodhar,≤100
2610079412396734,Amaresh Rai,Amaresh Kumar Rai,≤100
1149375478489344,Harvinder Singh Sarna,Harjap Singh Dhingra,≤100
242008575965467,Tasleem Uddin,Tasleem Uddin,≤100
109891647040056,Shashank Shekhar Joshi,These ads ran without a disclaimer,≤100
107545897823033,For Men India,Antara Das,≤100
107327848484865,राजस्थान की राजनीति,Hemant,≤100
103447715984080,Devki Shah Foundation - Regd,Bhawana Negi,≤100
116997354325105,Wg Cdr Anuma Acharya,Anuma Acharya,≤100
148039562030208,सुशील आनंद शुक्ल संचार प्रमुख छत्तीसगढ़ कांग्रेस,Arpit Jain,≤100
283949002064065,চার নম্বর প্ল্যাটফর্ম,Atreyee Kar,≤100
106462702201006,Dhanvanti Bachan Singh AAP,Dhanvanti Bachan Singh,≤100
104985694729728,Bheem Patel,Akash Singh,≤100
103251851710926,Akula Srivani,Anjan Kumar Akula,≤100
2370311926329271,Dr. Surendra Singh Shekhawat,Tanuj Singh,≤100
101313702138643,Krushna Harzani,Akash Singh,≤100
108558100489665,IHW Council,IHW Council,≤100
1152324574944565,Indian Army,Hemant,≤100
101376066195241,Shakur khan,Kapil Sain,≤100
374624255968280,Lokender Singh Rajawat,Kapil Sain,≤100
652494751574762,Pramod Jaiswal,Sarvesh Shukla,≤100
2078242259060363,Kukufm,Mohana Saha,≤100
101962059420509,The Covid Voices,Pi Consulting,≤100
101204816034338,Law Academy Bhopal,These ads ran without a disclaimer,≤100
110679913629785,Rajesh Yadav,Akash Singh,≤100
222719048656244,Ved Prakash Ojha  IMC,Vivek Vashisth,≤100
1874185392653723,Cabinet Minister Pramod Jain Bhaya,Rupali Sharma,≤100
172182742974160,Chunni Lal Sahu,Chunni Lal Sahu,≤100
142752549111246,Construction World Magazine,These ads ran without a disclaimer,≤100
111654838334899,सीताराम पोखरियाल,Akash Singh,≤100
104937075674394,The Narrative Builders,The Narrative Builders,≤100
186199704897466,RD Foundation,RD Foundation,≤100
140930379388330,Kishan Reddy Gangapuram,TechnoDigi,≤100
111362581856611,Mohit Taing Bhardwaj अधिवक्ता श्री कृष्ण जन्मभूमि,Akash Singh,≤100
100567516270205,flying_shuttlers,These ads ran without a disclaimer,≤100
444000972398140,Dr. Ajay Dharam Singh,Ramkishan Singh Maninder Singh,≤100
643216342792266,দেবাশিস পণ্ডা ভারতীয় Debasis Panda Bhartiya West Bengal,Debasis Panda,≤100
102323545504609,Rama Chopra जिला प्रमुख जयपुर,Rama Devi,≤100
224753514204375,Janaagraha,Janaagraha Centre for Citizenship and Democracy,≤100
104867526497,Frontlist,Frontlist,≤100
243524299157863,Pushkar Singh Dhami,Pushkar Singh Dhami,≤100
101310291557528,Voice of New India,Hemant,≤100
181418895366896,Ganesh Joshi,Mayank Joshi,≤100
107257065559692,Devendra Pareek Kekri,Ganesh Kumar,≤100
108159201571035,अरविन्द जायसवाल,Avadesh  Kumar,≤100
102298649446564,Akhilendra Paratp Singh,Arun Pratap Singh,≤100
1433894153522813,Pramod Bhaya,Kapil Sain,≤100
213947398791863,Dhananjai Singh Khimsar,Dhananjai Singh,≤100
197799933601096,Pujya Shashi Prabha Ji,Madan Mohan Tiwari,≤100
112333551648886,Kalpana Bhatnagar,Ganesh Kumar,≤100
162115051234970,Dharmendra Singh Lodhi mla,Dharmendra Singh Lodhi,≤100
411581785652009,Karamjit Singh Rintu,Karamjit Singh Sandhu,≤100
112954563902271,S K Editor - #Søűŕàv,These ads ran without a disclaimer,≤100
179765292047054,Manickam Tagore,Kathiresan K,≤100
112299140114374,Narendra Singh,Arun Pratap Singh,≤100
250007248502240,Golu Shukla,Modi For PM Organization,≤100
327009747444640,Ayushi Shrimali,Akash Singh,≤100
100366996109057,Er Manoj Kumar patel,Er Manoj Kumar patel,≤100
106412445020988,Samman afroz khan,Khandagre Sourabh,≤100
1692202267574672,Parshuram Sisodiya,Ajay Nagriya,≤100
1430063227225725,Gaurav Goel,Sarthak Goel,≤100
1651727365046605,Pukh Raj Parashar,Pukh Raj Parashar,≤100
113188955003281,Raj Shaikh-राज शेख,Vaibhav Ganesh Chikhale,≤100
102106021886833,A K Sharma,Harish Sahrawat,≤100
103434492387110,BJP Karnataka Raita Morcha,Mohan Vidhyadhar Lohar,≤100
176666610656782,Vaishali tomar,Vaishali tomar,≤100
607252739670252,Dr. Prannay G Sharma,Kumar Ratnam Sharma,≤100
150727778825020,Mobius Foundation,Mobius Foundation,≤100
218937918273828,Kavita Patidar,Kavita Patidar,≤100
371431979647138,Rajesh Tantri,Rajesh Tantri,≤100
269761569864265,Rao Padma,Kushal Reddy Rao,≤100
1027978147349245,Hukam Singh Apawat,Akash Singh,≤100
287137498056981,Shailesh Nitin Trivedi,Arpit Jain,≤100
444407545581102,Imarticus Learning,These ads ran without a disclaimer,≤100
101152561972974,Priyanka Gandhi,These ads ran without a disclaimer,≤100
265267653816271,Devendraa K Sharma,Pankaj Sharma,≤100
104590325539529,Adv Harita Mehta Fan Club,Sandeep Kumar Rana,≤100
108920493878689,Gurmeet Singh Soora,Karandeep Kaur,≤100
111307246928357,Shri Krishna Janm Bhoomi Mathura,Akash Singh,≤100
163190160489585,Vasundhara Raje,Vasundhara Raje,≤100
102010991748513,Ashish Patel,Ashish Natwarlal Patel,≤100
1002191723202473,Suresh Sindal,Suresh Kumar Sindal,≤100
104149467952,SMC Global,These ads ran without a disclaimer,≤100
794348367359918,Bharath mudiraj,C Bharath Kumar,≤100
115581696797257,Suresh Raje,Suresh Kumar Raje,≤100
105999155405710,Pandit Avadh Sharma,Pawan Kumar Sharma,≤100
106949818442504,The Water Chronicles,Prithviraj Nath,≤100
100992536219420,Dr Chandrakant Anil Kranti,Akash Singh,≤100
846994962145905,Manoj Kumar Aggarwal,Durga Kumari,≤100
103200525802861,Pradip Patil - प्रदीप पाटील,Pradip Baliram Patil,≤100
151567962213919,Deepak Gupta,Deepak Gupta,≤100
1849504638653413,Khabar Info,Sarvesh Shukla,≤100
109415625359200,kapgup,These ads ran without a disclaimer,≤100
106825905031150,"Nagar Palika Parishad, Hapur",Nitin Kumar,≤100
1954072204870360,NEWJ,Anant Bhardwaj,≤100
110967695146133,Govind Kumar Jain,Ganesh Kumar,≤100
106471270702510,Robit Tiwari,Akash Singh,≤100
102597425311635,Surya Pratap Singh,Surya Pratap Singh,≤100
108317665490916,Satyen Srivastava,Naveen Singhal,≤100
110051547152845,The Newswala Network,Akhilesh Kumar Gupta,≤100
156305911727294,Ravinder Singh Negi,Shyam Sunder Singh Negi,≤100
106394871443089,Amit Kumar Singh,Amit Kumar Singh,≤100
108536391949423,जनसेवक मंच,Pankaj Sharma,≤100
109066315147120,News Temple,Jainendra Agrawal,≤100
592160907509900,Diya Kumari,Diya Kumari,≤100
105940537995682,Deepesh Tandel,Bharatiya Janata Party,≤100
102625849396266,Jcoder,Sattar Ali,≤100
107081225202487,Dr.Anil Dabbu,Unikudos Software,≤100
231512217793516,Ashok Goel Mangaliwala,Ashok Kumar Goel,≤100
764865110238987,Varinder Shah - Bulle Shah,Big Boys Consulting Private Limited,≤100
105898378459115,Panney Singh Posana,Ganesh Kumar,≤100
110207550453811,Morok,These ads ran without a disclaimer,≤100
572608223125372,Vikas Rana,Shankar Prasad Thakur,≤100
281087312058182,Anand Dubey,Akash Singh,≤100
1065727510129084,Datta kulkarni - दत्ता कुलकर्णी,Datta Kashinath Kulkarni,≤100
103004629308904,Vijendradhaker,Anshul Kumar Gupta,≤100
196338294250820,Rohit Gangwal,Modi For PM Organisation,≤100
274625602685907,Nayab Saini,Praveen,≤100
304580107099066,खबर सीमांचल सेव,Md Farhan Alam,≤100
105446072160586,Suprabhat Pragati,Akash Singh,≤100
912096938897209,Vijay Singh,Vijay Singh,≤100
579724758737630,Gagan Kamboj,Raj Kumar,≤100
2308874506058535,Kantanu Kundu,Kantanu Kundu,≤100
101484635299482,Shashi Kant,Shashi Kant,≤100
854256021383031,Vinod Sevan Lal Chandrakar,Vinod Sevan Lal Chandrakar,≤100
108984951723852,Mithlesh Malik,Naresh Kumar Shoeran,≤100
260452011000438,Vinod Tiwari,Vinod Tiwari,≤100
1057919687585402,Krishna Mohan Sharma,Prakash Jaiswal,≤100
550287678727831,Bharath Reddy Ravula,Bharath Kumar Ravula,≤100
129952997339452,Rajendra Maske,Rajendra Tukaram Maske,≤100
103088902327676,Dwarka Kunj,Rahul Tiwari,≤100
978736438816607,Neha Sarrvesh shukla,Sarvesh Shukla,≤100
106095411621229,Manoj Aruchamy,Manoj Aruchamy,≤100
100113008488735,Eknath Shinde FC,Eknath Shinde FC,≤100
876110252511996,Santosh Sikarwar,Nitin Sikarwar,≤100
435129856992845,Shailendra Bhargava,Ganesh Thapa,≤100
100495518670867,Much Much Spectrum,These ads ran without a disclaimer,≤100
924791427628665,Sunil Kelanka,Shivendra Shailendra Tiwari,≤100
297229797104524,Nishank Tripathi BJP,Nishank Tripathi,≤100
102465501806712,Gunnala Sunithakka Sena,Gunnala Sunithakka Sena,≤100
106456887722695,Adesh Yadav BJP,Anil Kumar,≤100
109276898694757,Manorath Nirala AAP,Kavita Kumari,≤100
109440785244401,Red Pix 24x7,Felix Gerald G,≤100
112076118079574,भारत की राजनीति,Hemant,≤100
135180180340322,Jitendra Verma,Arshad Ansari,≤100
1396007407299588,Deepak Prakash,Udit Kumar,≤100
102335115041934,Nara Bharath Reddy,Sunil K S,≤100
565714670143123,Ashok Saini,Engitech Media,≤100
110847490543428,Vipul Kumar Salwan,Vipul Kumar Salwan,≤100
1040170316105348,Sanjay M.L. Dhakar,Harishanker Dhaker,≤100
423928144293931,Mahender Pratap Singh,Pankaj Sharma,≤100
1116353905141402,Dr. Shivani Matanhelia,Kanushree Matanhelia,≤100
362309980970515,Afsaana-Poets Column,Anmolika Watal,≤100
109733898560355,Krishan Karwa,Rahul,≤100
583062225710968,Surender Kumar,Gangaram Gurjar,≤100
110323734128375,Anupam Mishra Rld,SYED. MOHD. FUZAIL,≤100
587008988138630,Dinesh Desai,Pixatronix,≤100
928448863892029,RK Sinha,RK Sinha,≤100
111560924353656,Swetha Reddy,Rajendra Reddy Bhuvanagiri,≤100
137957159747076,Tarun Rathi,Rajesh Madanlal Agarwal,≤100
102787901628635,Kunti Deora Parihar,Anshul Kumar Gupta,≤100
101007589571025,Pt. Pradeep Gaur,Pawan Kumar Sharma,≤100
106423622362941,Manish Yadav,These ads ran without a disclaimer,≤100
100195048804779,KRJ Bharath,Krishna Raghava Jayendra Bharath,≤100
286368661955817,Dr. Anureesh Rajora,Shahrukh Khan,≤100
102137166124401,Qudrat,These ads ran without a disclaimer,≤100
747930775373319,Saral Patel,Saral Patel,≤100
224787738121110,Manan Dani,Mananbhai Jatinkumar Dani,≤100
1427017750928273,WhiteMirchi.Com,Shakun Shivram Raghuvanshi,≤100
1479870168717602,Sanjeev Singh Rathore  - Apna Dal - S,Sanjeev Singh Rathore,≤100
138266643524627,National People's Party,NPP India,≤100
251971332383556,Yashveer Shoora,Mukesh Kumar Yadav,≤100
453884384661528,Brijendra Singh Yadav,Devendra Ahirwar,≤100
385066518260726,Advocate Ishant Gupta,Ishant Gupta,≤100
106453702174921,बंजारा समाज - दिग्रस दारव्हा  नेर,Akash Ramesh Waghchoure,≤100
108497578583588,Janpeace Live,Trishanu Kaushik,≤100
166543968411238,JAN Express,Kamlesh Kumar,≤100
415332588877399,Banda Karthika Reddy,Chandra Reddy Banda,≤100
280250759492293,Samir Gurav,Samir Gurav,≤100
105870244728334,Lalit Batra,Lalit Batra,≤100
105608048991533,Sahityalok,Sahityalok,≤100
111974434579878,Mukesh Sharma amer vidhansabha,These ads ran without a disclaimer,≤100
102152441360906,Prakash Bhakar,Shiv Charan,≤100
1802523420012948,Pratap Singh Khachariyawas,Anirudh Sharma,≤100
105646025650612,Gopal Digital Media,These ads ran without a disclaimer,≤100
107384755600061,PLOTS IN Dholera Sir,These ads ran without a disclaimer,≤100
107648861401368,IBN 24x7 World,Rahul Beri,≤100
102120932657218,Mudra loan,Sunil Kumar Mandal,≤100
104441248861952,Neelam Aggarwal,Pankaj Sharma,≤100
107946518029943,Sheelu Sahu,Naveen Singhal,≤100
100423322637137,Kawasi lakhma,Dhaval Kumar Jain,≤100
101817042688378,M.P. Nagarajan,Pattan Nagarajan,≤100
537742199682221,Sanjeev Jha,Naresh Kumar Shoeran,≤100
859062124477780,WSM KHAN,These ads ran without a disclaimer,≤100
469374213129239,Trehan Iris,These ads ran without a disclaimer,≤100
103887965829795,Kushwaha Vinay Kumar Singh,These ads ran without a disclaimer,≤100
112420847190684,Bijay Kumar Yadav,Bijay Kumar Yadav,≤100
101342226152296,Vinay Mishra,Hemant Singh Baghel,≤100
234704393876570,Dr R K Verma,Rkverma,≤100
102751837801969,Vijendra Singh Bhamu,Narendra Singh Pachar,≤100
802311956513987,Rahul Singh,Rahul Singh,≤100
102091768921733,Ashok dubey bjp,Prashant Mahton,≤100
245675895557121,Pawan Goyal,Pawan Kumar Sharma,≤100
109736847861651,Premendra Pal Singh 'Guddu',Premendra Pal Singh,≤100
541307662707328,Dr. Bhajanlal Rollan,Narendra Singh Pachar,≤100
105822318185359,Girish Bhardwaj Ballabhgarh,These ads ran without a disclaimer,≤100
111872195073358,Kusum Sharma - Mona,Vcsmedia,≤100
301058180261039,Kunwar Brijesh Singh,TechnoDigi,≤100
403774803137225,Ashutosh Pandey -RBYS,Akash Singh,≤100
115931624737211,ईजी.अमन सिकरवार भवनपुरा,Akash Singh,≤100
519296628180189,K. Manik Rao,Mithun Raj Koninty,≤100
1336863726383886,Gopal Lal Sharma,Ganesh Thapa,≤100
667862236707254,Rohit Kumar Singh,Arshad Ansari,≤100
110197854912974,Sonu Singh Garg,Pratik Garg,≤100
102846725499846,Ankit Gupta,Ankit Gupta,≤100
527713340733138,Ashish Choudhery,Ashish Choudhery,≤100
109659927995133,Sumit Sharma,These ads ran without a disclaimer,≤100
1978240835728263,Virendra Sharma Hawamahal,Pawan Kumar Sharma,≤100
104261531073590,Harshvardhan Singh Khuri,These ads ran without a disclaimer,≤100
104352017847238,Discover Ananthapuram,Anandpurgogula Anil Kumar,≤100
104831868860974,Narender Ghintala,Webtix,≤100
863961040416615,Punit Verma पूर्व उपाध्यक्ष विश्व हिन्दू परिषद् काशी प्रान्त,Punit Varma,≤100
105352618893717,Shankar yadav,Shankar Lal Yadav,≤100
110073091814905,लोनी की राजनीती,Umesh Kumar,≤100
112132937023603,Nandlal Chauhan,Nandlal Chauhan,≤100
2156330694593998,Priyanka Pravin Barse,Mayur Satish Kadav,≤100
102339448282189,विवेक कुमार वर्मा,Alok Verma,≤100
367203836657399,Rajendra Singh Surpura,Prakash Jaiswal,≤100
196270147224582,M R Murali,These ads ran without a disclaimer,≤100
113736628186529,"भीती नाही कशाची, भाजपा तुमच्या पाठीशी",Mahesh Dattatray Bhendekar,≤100
103435855606119,Sajid Khan INC,Danish Khan,≤100
104418341762895,Anjishnu Chakraborty,Snehasis Chakraborty,≤100
1765025467136388,Poem Dalmia,These ads ran without a disclaimer,≤100
104119764974972,BM Sukumara Shetty Kollur,BM Sukumara Shetty Kollur,≤100
1360805680600676,Sandeep Kshirsagar,Yogesh Padmakarrao Pawar,≤100
268998889945816,Darshana Singh,Darshana Singh,≤100
1463018893991151,Prabhat Prakashan,These ads ran without a disclaimer,≤100
106732451990988,Ajay Nagariya,Ajay Nagriya,≤100
365136584238569,Shiv Deswal Degana,Brand Balance Private Limited,≤100
437736246329765,Anand Sagar,Daksh Dhankhar,≤100
105502424787874,Vijendra Saini,Prakash Jaiswal,≤100
349594075908636,Syed Salman Ali,Saiyad Salaman Ali,≤100
168228334032318,Sat Sharma CA,Naveen Sharma,≤100
455697974986681,Bangla Hunt,Bangla Hunt,≤100
418299601867116,Youth For Nation,Mahesh Kumar Sharma,≤100
103512128192965,Ayep Zaki,These ads ran without a disclaimer,≤100
816288898474925,Naresh Pareek,Pawan Kumar Sharma,≤100
112414770280026,HindAyan Cycling Race,Kishor Kisanrao Hinge,≤100
102072732776615,Nareshbhai,These ads ran without a disclaimer,≤100
109041710706538,Shankar Ninama Ghatol,Ganesh Thapa,≤100
419305594841863,Business Insider India,These ads ran without a disclaimer,≤100
1397767487148044,Jaidatta Kshirsagar,Jaydatta Sonajirao Kshirsagar,≤100
1171462299729165,Sandeep Singh Deswal,Navdeep Sehrawat,≤100
988113031199582,Dr. Ramesh Chand Tomar,Ashutosh Mishra,≤100
121286572595378,Harendra Ninama हरेंद्र निनामा,Ganesh Thapa,≤100
107153958711155,South First,south Fist,≤100
104920312318498,Archana Bhushan Patil BJP,Archana Bhushan Patil BJP,≤100
1450629991853191,Arvind Gupta,Arvind Gupta,≤100
105026275829143,teamindiaoficialfan,These ads ran without a disclaimer,≤100
102616298277409,Afaque ahmad,Afaque ahmad,≤100
109986065209042,Mera Apna Rahul,Mera Apna Rahul,≤100
391737747598762,Raja Pathak - B.J.P,Akash Singh,≤100
103389906003256,Shumna shabeer,These ads ran without a disclaimer,≤100
103299131730772,Er. Navin Kumar,These ads ran without a disclaimer,≤100
105981875724337,B K Anil Kumar,Gallileo Ms,≤100
105761171319750,Yuva Awaz News,Raghubir Singh,≤100
111171624493262,Thakur Abhijeet Jasrotia,Abhijeet Singh Jasrotia,≤100
116308369063243,Kambria,These ads ran without a disclaimer,≤100
744510998926282,Vinod Agarwal,Rahul Tiwari,≤100
149347585097059,Down to Earth,These ads ran without a disclaimer,≤100
100512571627874,Surendra Dotar - सुरेन्द्र दौतड़,Webtix,≤100
626040200837891,Ashwini Paranjpe,Trivikram Kashinath Paranjpe,≤100
109391860938944,DishaShankar,Shankar Disha,≤100
103609511145569,Jet digital brand management,Varun Shivpuriya,≤100
298337847184190,Sumeet Singh,These ads ran without a disclaimer,≤100
109564921854786,Foms Academy,These ads ran without a disclaimer,≤100
101898422702437,V N Reddy,Vaidyula Narender Reddy,≤100
316066412277473,Satish Sharma,Satish Sharma,≤100
108348050624566,Vinay sen,These ads ran without a disclaimer,≤100
102616298277409,Afaque ahmad,Afaque Ahmad,≤100
301482743520742,Aseem Gupta,Rani Devi,≤100
107521542251871,Pawan artainment,Subodh Prasad,≤100
100465918662286,Netafy,Prutha Umeshkumar Pandya,≤100
350558792662542,Neeru Yadav,Parveen,≤100
1293675640776488,गोरेयाकोठी विधानसभा,Alok Verma,≤100
178296506258740,Govind Malinda,Badri Narayan Jangid,≤100
114726744853616,Rajesh Kancharla,These ads ran without a disclaimer,≤100
109703124688172,Team Prakash - The Fight Against Corruption,Prakash Nagaraj,≤100
1996352967067410,Tealogy,Tealogy Cafe Pvt. Ltd.,≤100
235202393675750,नरेन्द्र पाटीदार मन्दसौर,Vinayak Sharma,≤100
100586185279003,Iris Broadway,These ads ran without a disclaimer,≤100
170741823043489,V6 News,V6 News,≤100
1690493867873189,Pushpa M,Pushpha M,≤100
475898282465005,Dr K Laxman,Vijay Kumar Tapadia,≤100
423924598022376,Shankar Lalwani,Mayur Sethi,≤100
103674705306078,Trinkerr,These ads ran without a disclaimer,≤100
716085012115556,Today Bhaskar,Yashvi Goyal,≤100
184278081698180,Ashok Gehlot,Ashok Gehlot,≤100
110925871860032,Kumar gul,These ads ran without a disclaimer,≤100
392666127586890,OpenMind,These ads ran without a disclaimer,≤100
102975892028221,ShreyaaSumi,These ads ran without a disclaimer,≤100
105887005733091,People Eye Media,These ads ran without a disclaimer,≤100