﻿Page ID,Page name,Disclaimer,Amount spent (INR)
107414168269023,Telangana Atma Gouravam,telanganaatmagouravam.com,3690
105509495777453,సాలు దొర సెలవు దొర,selavudora.com,2796
1331545046906640,Gottumukkala Venkateshwara Rao,Venkateswar Rao Gottumukkala,2357
219203331862161,Siddu Patil,saksham consultancy services,2096
109761007457435,SriGanesh - Cantonment,Sriganesh Narayanan,2059
110157505314549,Bhumireddy Ramagopal Reddy,Bhumireddy Ramagopal Reddy,1677
1399553863632546,Kolan Hanmanth Reddy,Kolan Hanmanth Reddy,1397
21169267101,Give,Give,1346
112649491677030,Mohan Rao Patel Bhosle,Mohan Rao Patel Bhosle,1172
219839024870824,Dr. Ramesh Chennamaneni,Dr. Ramesh Chennamaneni,1065
288147017999361,Naini Rajender Reddy,Naini Rajender Reddy,1026
101031682657397,Koppula Mahesh Reddy,K Mahesh Reddy,992
640256746104553,Business Mentor,Srinivas S,857
1427079930877756,Chintala Ramachandra Reddy,Anilkumar Sadula,850
105209472211637,Voice of Andhra,Voice of Andhra,823
347337386104390,Rama Chandra Yadav,B Ramachandra,728
174283119250672,Save the Children India,Bal Raksha Bharat,711
2025274010873024,Thokala Srinivas Reddy,Sanvi Kreations,665
1864961120413256,Srinivas Reddy Cheruku,Srinivas Reddy Cheruku,633
568928239883450,The Times Of A Better India,The Times Of A Better India,632
326102339565,Oxfam India,Oxfam India,614
1559211387686845,Log 9 Materials,Log 9 Materials Scientific Private Limited,614
294493857651676,Rahul Gandhi,Indian National Congress,542
107395897271506,Kutumb,Swatantra Verma,528
103782051383159,School of Politics,School of Politics,480
607483269682857,Shahadat Khan Supporters,Shahadat Khan,467
112523771474083,Vuppala Venkatesh,Pullakanti Sai Sharan,450
103938718132710,Telangana Digital Media Wing,Telangana Digital Media Wing,445
104516512296314,Kartikeya Sharma,Adv Tech,437
160271429148070,Vikram Goud,Vikram Goud,412
225469604484322,"GI Tagged - Geographical Indications, India",GiTAGGED,396
545854542516790,Sama Ranga Reddy,Durga Prasad Krishnamaraju,388
173536432700799,Ahmed Balala,Ahmed Balala,332
571167629925037,Ravi Boseraju,Somchandra Penumatcha,312
523982041025646,Rakesh Reddy Anugula,Rakesh Reddy Anugula,306
30290552843,Greenpeace India,Greenpeace India Society,306
33497111948,Child Rights and You,Child Rights and You,298
108419407701493,Sravan Vurapalli,Sravan Vurapalli,273
110115671863420,Kacche Din,Kacche Din,235
107307305300554,Karagiri Mallikarjuna Reddy,Mallikarjuna Reddy Karagiri,228
104597921600791,Mana Telangana Kosam,Ramesh Tamannagari,199
415332588877399,Banda Karthika Reddy,Chandra Reddy Banda,198
116400054677478,Pappu Pulakesh,Pappu Pulakesh,188
170741823043489,V6 News,V6 News,178
106842235006487,HyderabadyouDeserve,Ramesh Tamannagari,168
2362229027338767,బీజేపీ వైపు ప్రజల చూపు,Bharath Kumar Ravula,167
116476584663869,Sirikonda Madhusudanachary,Aparna Shere,152
758732480809533,Marri Adithya Reddy,Ramesh Tamannagari,131
109707661884154,Indian Compass,theindiancompass.com,131
103251851710926,Akula Srivani,Anjan Kumar Akula,130
132689140088396,smilefoundation,Smile Foundation,121
285029500623,CARE India,CARE India,102
269761569864265,Rao Padma,Kushal Reddy Rao,101
253298788099181,Banda Chandra Reddy,Chandra Reddy Banda,≤100
270666596375251,Jhatkaa.org,Jhatkaa.org,≤100
100347739638465,బిజెపి కార్యకర్త,Sadanandam Kandula,≤100
155184094662465,Kesineni Nani,Srinivas Kesineni,≤100
109986065209042,Mera Apna Rahul,MeraApnaRahul,≤100
2188648214712555,BJP సైన్యం,BJP సైన్యం,≤100
750044468343181,STAR HINDU,STAR HINDU,≤100
756591544507020,Kandula Sadanandam,Sadanandam Kandula,≤100
100498115486477,Terraglass,Terraglass India,≤100
105671775473178,Jan Suraaj,Jan Suraaj,≤100
102077145202809,Sanny Sandeep,Sandeep Varkala,≤100
102218576103904,Badlaav ki Aandhi Priyanka Gandhi,Badlaav Ki Aandhi Priyanka Gandhi,≤100
106793072059605,Police Chandra Shekhar Reddy - Makthal Constituency,Morthala Rajesh,≤100
113125761613615,Namma CM Bommai,Recro Media,≤100
594856377269199,Dandem Ram Reddy,Dandem Ram Reddy,≤100
524665794408050,CASA,Arushi Narchal,≤100
605390272841833,Shrirang Appa Barne,Abhay Balu Ahire,≤100
112290388372786,Shubham Yadav,Shubham Yadav,≤100
404746486258732,Project Nanhi Kali,Project Nanhi Kali,≤100
10150110302115599,Genesis Foundation,Genesis Foundation,≤100
272910416146030,McCain Foods India,These ads ran without a disclaimer,≤100
100196004828444,North Eastern Council,Sourabh Arvind Dubey,≤100
102123079337554,International Society for Krishna Consciousness,ISKCON Delhi,≤100
1535221630039925,Dr. Bhagwat Karad,Bhagvat Kisanrao Karad,≤100
112475780481777,Bahadur Singh Chouhan,Manoj,≤100
466642616726169,Parul University,Parul University,≤100
112984114620013,Kandi Srinivasa Reddy,Srinivasa Reddy Kandi,≤100
674757045920691,Jayadev Galla,Aditya Vemulapalli,≤100
2100849650146359,Ramarao Patil Pawar,Adwings Digital Media Pvt Ltd,≤100
100735178208398,Udyami India,Samadhan Samiti,≤100
108861325372008,Bharat Bhagya Vidhata,BharatBhagyaVidhata,≤100
1785302198354679,Dr. Somendra Tomar,Somendra Singh,≤100
519296628180189,K. Manik Rao,Mithun Raj Koninty,≤100
111096401719569,Colors of Life 色彩．人生,These ads ran without a disclaimer,≤100
1706371292942156,"Ministry of Development of North Eastern Region, Government of India",Sourabh Arvind Dubey,≤100
2078242259060363,Kukufm,Mohana Saha,≤100
504083879942228,Hamsa Devineni,Vutla Vinod,≤100
1783001841927248,Nutan Odisha,Niti Pollsters Private Limited,≤100
104311631954217,Pharma Simplified,Dawa Charcha,≤100
107395897271506,Kutumb,Kutumb App,≤100
2108726996065900,Bhawani Singh Rundal,Pawan Kumar Sharma,≤100
1556599364655942,Antariksha Sanchar,These ads ran without a disclaimer,≤100
110431391756649,PV Shyamsunder Rao,Upender Goud Kondam,≤100
148931718592314,Tarun Chugh,Adv Tech,≤100
796039790602213,Prakash Goud - MLA - Rajendranagar,Prakash Goud Tolkanti,≤100
1493467387573959,Ghulam Nabi Azad,Advertiseyouonline,≤100
105646032180920,Vaddiraju RaviChandra,Adwings Digital Media Pvt Ltd,≤100
165714096933078,Piyush Goyal,Piyush Goyal,≤100
746568209028564,Dr. Basu Eye Hospital,Dr. Basu Eye Hospital,≤100
101613628900010,Smartway Wellness Pvt. Ltd.,Bhoomi Harendra Mistry,≤100
103719915895025,Shri hari finance,Vikas Kumar,≤100
322406674571533,Jonnalagadda Padmavathy,Aluru Erriswami Reddy,≤100
106240464785356,Anna Rambabu,Vutla Vinod,≤100
216506801885954,Pankaj Chaudhary,Yash Bagh,≤100
100195048804779,KRJ Bharath,Krishna Raghava Jayendra Bharath,≤100
104569618054081,Vikas Arya,Arya Vikas,≤100
328392384265218,Hasmukh Gehlot,Hasmukh Mohanlal Gehlot,≤100
104052753400618,Union Bank of India,Goldmine Advertising Limited,≤100
343731449001203,Dainik Savera,Mohit Johari,≤100
104160802532063,महाराष्ट्राची विकासगंगा,महाराष्ट्राची विकासगंगा,≤100
102710804961947,Patanjali Nutrela Products,Saura Bh Sin Gh,≤100
1924627484438235,Arlak Ayurveda,Swati Dhiman,≤100
2287198564853830,Raghu Rama Krishna Raju,Ganga Prasad Degala,≤100
204318116677554,National Herald,National Herald,≤100
339835596096353,Satish Poonia,Choudhary Ramesh Chaudhary,≤100
196446730523811,Nallapareddy Prasanna Kumar Reddy,Nallapareddy Prasanna Kumar Reddy,≤100
111777525150543,Barabar News,Nagarjuna Reddy Kaipa,≤100
104352017847238,Discover Ananthapuram,Anandpurgogula Anil Kumar,≤100
115485096526495,Delhi MSW Solutions Ltd,Delhi MSW Solutions Ltd,≤100
101713962007976,Amrit Mahotsav,Amrit Mahotsav,≤100
1690493867873189,Pushpa M,Pushpha M,≤100
108437191907485,Replanet,Prabhindar Singh Chopra,≤100
105694514269834,North Eastern Region Community Resource Management Society,Shrinivas Ravichandran Nadar,≤100
102578861852952,Naresh Chavda,Akash Chavda,≤100
109141098395573,Inclusive Minds,Inclusive Minds,≤100
112061804808512,Sports Development Authority of Bihar - SDAB,Ajit Kumar,≤100
385658441549334,Deepak Bhati Chotiwala,Dipak Bhati,≤100
317042561720861,Sunil Deodhar,Sunil Deodhar,≤100
273332066175444,Abhinandan Educational and Welfare Society,Ashish  Chauhan,≤100
109066315147120,News Temple,Jainendra Agrawal,≤100
1360805680600676,Sandeep Kshirsagar,Yogesh Padmakarrao Pawar,≤100
108209555020383,B somashekar,RMT,≤100
103434492387110,BJP Karnataka Raita Morcha,Mohan Vidhyadhar Lohar,≤100
104275168551176,Dr Kashetty kumar MBA BL,These ads ran without a disclaimer,≤100
162115051234970,Dharmendra Singh Lodhi mla,Dharmendra Singh Lodhi,≤100
241940555912671,Chandigarh University,Chandigarh University,≤100
252791995383178,Maharashtra Multimedia Communications,Shubhada Ashish Joshi,≤100
321228061382932,Pt. Shekhar Dixit,Websofy Software Private Limited,≤100
695738973874352,Dr. Sumer Singh Solanki,Sumer Singh Solanki,≤100
163190160489585,Vasundhara Raje,Vasundhara Raje,≤100
114321278197936,Dhanraj Talampally,Gaurish Akki Studio,≤100
600061223342178,Ghanshyam Tiwari,Bhanu Pratap Singh,≤100
615440561843630,Pusp Jain,Bharat P. Talaisha,≤100
385303288239154,Raghuveer Singh Tanwar,Raghuveer Singh Tanwar,≤100
1714627758756924,अशोक सिंह रावत -भाजपा,Susheel Kumar Garg,≤100
834432743328746,Prakash Dwivedi,Prakash Chandra Dwivedi,≤100
132359904160882,Rajesh Inturi TDP,Vutla Vinod,≤100
2308874506058535,Kantanu Kundu,Kantanu Kundu,≤100
276512419511205,Kathi Karthika,Policy Briefcase,≤100
283778738935226,Indian Steel Association,Sanjay Sinha,≤100
105682567774739,Tajinder Singh Sran,Tajinder Singh,≤100
1748666768770943,Umakant Sharma MLA,Prateek Malhotra,≤100
169704047052778,Bakhar Abbas Abid,Bakhar Abbas Abid,≤100
328153847848599,Dr. Sarvan Baghel,Ankit Tiwari,≤100
242008575965467,Tasleem Uddin,Tasleem Uddin,≤100
111560924353656,Swetha Reddy,Rajendra Reddy Bhuvanagiri,≤100
105940537995682,Deepesh Tandel,Bharatiya Janata Party,≤100
511725522329475,Sampurna Samachar Seva,Sampurna Samachar Seva,≤100
1384169104959232,Sardarbhai Chaudhari - BJP,Sardarbhai S Chaudhary,≤100
107384755600061,PLOTS IN Dholera Sir,These ads ran without a disclaimer,≤100
804538566410307,Sudhindar Moond,Prakash Jaiswal,≤100
369063569936141,Lung Care Foundation,Lung Care Foundation,≤100
109022618722480,Prof. Nasir Ahmed,Prof. Nasir Ahmed,≤100
100567516270205,flying_shuttlers,These ads ran without a disclaimer,≤100
577856385582447,Raghu Sharma,Kanishk Bansal,≤100
1489030594484813,Nagesh Bantaram,Bantaram Nagesh,≤100
187873361569866,Nand Ghar,Aman Prakash,≤100
102161921182493,Ram Niwas Garg,Ram Niwas Garg,≤100
105981875724337,B K Anil Kumar,Gallileo Ms,≤100
708844685796745,OP Choudhary,OP Choudhary,≤100
263426780493993,Rajesh Pahalwan Purkhasia,Rajesh Kumar,≤100
444000972398140,Dr. Ajay Dharam Singh,Ramkishan Singh Maninder Singh,≤100
176666610656782,Vaishali tomar,Vaishali tomar,≤100
109440785244401,Red Pix 24x7,Felix Gerald G,≤100
100386762910841,Pankaj Srivastava - JIS,Pankaj Srivastava - JIS,≤100
112063110264634,Satish Ghatge-सतिश घाटगे,Satish Ghatge-सतिश घाटगे,≤100
132309676835568,Lokmat,Pranoti Vasant Dalvi,≤100
2610079412396734,Amaresh Rai,Amaresh Kumar Rai,≤100
184278081698180,Ashok Gehlot,Ashok Gehlot,≤100
268437163351102,Saurabh Srivastava,Saurabh Srivastava,≤100
648392601873373,Ashok Chandna,Mukesh Kumar Yadav,≤100
794348367359918,Bharath mudiraj,C Bharath Kumar,≤100
176971192503108,Chandu Devineni,Vutla Vinod,≤100
146702709146110,Ashu Singh Surpura,Ankit Kumawat,≤100
912096938897209,Vijay Singh,Vijay Singh,≤100
104867526497,Frontlist,Frontlist,≤100
304580107099066,खबर सीमांचल सेव,Md Farhan Alam,≤100
108015368279979,Solh Wellness,Omlogic consulting pvt. ltd.,≤100
101962059420509,The Covid Voices,Pi Consulting,≤100
1510631479236816,Hawa Badlo,social cloud ventures Pvt Ltd,≤100
110132160741768,Polstrat,Polstrat Communication,≤100
100321805910320,Jamesons Info Solutions,Jamesons Info Solutions,≤100
106949818442504,The Water Chronicles,Prithviraj Nath,≤100
102137166124401,Qudrat,These ads ran without a disclaimer,≤100
186199704897466,RD Foundation,RD Foundation,≤100
283949002064065,চার নম্বর প্ল্যাটফর্ম,Atreyee Kar,≤100
195167817324812,Pawan Khera,Indian National Congress,≤100
1066296153480975,BBG,These ads ran without a disclaimer,≤100
157300124326821,Arlak Biotech,Swati Dhiman,≤100
108558100489665,IHW Council,IHW Council,≤100
106651771256029,Pankaj Fatehchandani,Pankaj Fatehchandani,≤100
107545897823033,For Men India,Antara Das,≤100
150727778825020,Mobius Foundation,Mobius Foundation,≤100
928448863892029,RK Sinha,RK Sinha,≤100
179765292047054,Manickam Tagore,Kathiresan K,≤100
213947398791863,Dhananjai Singh Khimsar,Dhananjai Singh,≤100
224787738121110,Manan Dani,Mananbhai Jatinkumar Dani,≤100
289085061102499,Sukhwinder Singh Bindra,Sukhwinder Pal Singh,≤100
152154292012572,Navjivan,Navjivan,≤100
109750051369903,Vikas Gajanan Mhatre,Sanket Vinodkumar Surana,≤100
138266643524627,National People's Party,NPP India,≤100
113123373786875,Devender Nim,Anshul Sharma,≤100
430647477039880,ACREX India,These ads ran without a disclaimer,≤100
106802937934432,Padma venkat reddy,Banappagari Naren Sai Reddy,≤100
110073091814905,लोनी की राजनीती,Umesh Kumar,≤100
181418895366896,Ganesh Joshi,Mayank Joshi,≤100
105211528341692,उत्तर प्रदेश की राजनीति,Hemant,≤100
102465501806712,Gunnala Sunithakka Sena,Gunnala Sunithakka Sena,≤100
137957159747076,Tarun Rathi,Rajesh Madanlal Agarwal,≤100
100532582801390,MOHAN NAYAK BJYM,These ads ran without a disclaimer,≤100
102335115041934,Nara Bharath Reddy,Sunil K S,≤100
589797617804653,Kishor Jorgewar,Karansingh Sanjaysingh Bais,≤100
550287678727831,Bharath Reddy Ravula,Bharath Kumar Ravula,≤100
101964264562944,Sanjay Singh Gangwar,Sanjay Singh Gangwar,≤100
106462702201006,Dhanvanti Bachan Singh AAP,Dhanvanti Bachan Singh,≤100
102846725499846,Ankit Gupta,Ankit Gupta,≤100
165227637400043,Mahant Balaknath Yogi,TrendyFeeds,≤100
165227637400043,Mahant Balaknath Yogi,TrendyFeeds,≤100
455697974986681,Bangla Hunt,Bangla Hunt,≤100
381937732180611,Vineet Joshi,Vineet Joshi,≤100
1932900346831325,Rajesh D Sanghvi,Rajesh Dineshchandra Sanghvi,≤100
1088373891289696,Kamal yadav,Akash Singh,≤100
196270147224582,M R Murali,These ads ran without a disclaimer,≤100
105354058906524,Bjp Shekhar Sharma,Shekhar Sharma,≤100
118486457802712,Hemagirish Havinal,Giridhar Hiremath,≤100
1613686538669654,Ashok Singhal Foundation,Digital Xplode,≤100
107576091720317,Kanumuri Subba Raju and Team,Subba Raju Kanumuri,≤100
106825905031150,"Nagar Palika Parishad, Hapur",Nitin Kumar,≤100
978736438816607,Neha Sarrvesh shukla,Sarvesh Shukla,≤100
1530456743864870,Dr Subedar shahapur,Shubham Kumar Gupta,≤100
354083481984201,DeccanDigest BIDAR,DeccanDigest BIDAR,≤100
1397767487148044,Jaidatta Kshirsagar,Jaydatta Sonajirao Kshirsagar,≤100
1954072204870360,NEWJ,Anant Bhardwaj,≤100
102010991748513,Ashish Patel,Ashish Natwarlal Patel,≤100
101817042688378,M.P. Nagarajan,Pattan Nagarajan,≤100
617711705242584,Khabarwaale Tv,Parminder Singh Jatpuri,≤100
103389906003256,Shumna shabeer,These ads ran without a disclaimer,≤100
475898282465005,Dr K Laxman,Vijay Kumar Tapadia,≤100
592160907509900,Diya Kumari,Diya Kumari,≤100
350880081913337,Sahdev Salaria,Rajesh Jaswal,≤100
218937918273828,Kavita Patidar,Kavita Patidar,≤100
109415625359200,kapgup,These ads ran without a disclaimer,≤100
1783001841927248,Nutan Odisha,Cloud & Loud Communications,≤100
1479086895672584,Sureshkumar Jethliya-सुरेशकुमार जेथलिया,Vaibhav Ganesh Chikhale,≤100
102018225696367,वसीम राईन पसमांदा मुस्लिम महाज,Bhupendra Sharma,≤100
256683878023906,Atul Bora  অতুল বৰা,Nipam Kakati,≤100
1027978147349245,Hukam Singh Apawat,Akash Singh,≤100
286368661955817,Dr. Anureesh Rajora,Shahrukh Khan,≤100
626040200837891,Ashwini Paranjpe,Trivikram Kashinath Paranjpe,≤100
102120932657218,Mudra loan,Sunil Kumar Mandal,≤100
1463405053879604,Baldev Alawalpur,Anju  Chaudhary,≤100
528144820729879,Pramod Sehwag,Vikas Kumar,≤100
307325726364403,Bhuma Brahmananda Reddy,Vutla Vinod,≤100
105352618893717,Shankar yadav,Shankar Lal Yadav,≤100
112414770280026,HindAyan Cycling Race,Kishor Kisanrao Hinge,≤100
109703124688172,Team Prakash - The Fight Against Corruption,Prakash Nagaraj,≤100
2163983083861031,Atul Kapoor,Atul Kapoor,≤100
101204816034338,Law Academy Bhopal,These ads ran without a disclaimer,≤100
104119764974972,BM Sukumara Shetty Kollur,BM Sukumara Shetty Kollur,≤100
444407545581102,Imarticus Learning,These ads ran without a disclaimer,≤100
106095411621229,Manoj Aruchamy,Manoj Aruchamy,≤100
101313702138643,Krushna Harzani,Akash Singh,≤100
112954563902271,S K Editor - #Søűŕàv,These ads ran without a disclaimer,≤100
100935642733964,Hindi Khabar Digital,The Narrative Builders,≤100
1806466166242152,Rahul Raj Rastogi,Chetan Singh Kanyal,≤100
109986065209042,Mera Apna Rahul,Mera Apna Rahul,≤100
105026275829143,teamindiaoficialfan,These ads ran without a disclaimer,≤100
295405070641302,Balraj Kundu,Pankaj Sharma,≤100
156305911727294,Ravinder Singh Negi,Shyam Sunder Singh Negi,≤100
101152561972974,Priyanka Gandhi,These ads ran without a disclaimer,≤100
104261531073590,Harshvardhan Singh Khuri,These ads ran without a disclaimer,≤100
541307662707328,Dr. Bhajanlal Rollan,Narendra Singh Pachar,≤100
102597425311635,Surya Pratap Singh,Surya Pratap Singh,≤100
109736847861651,Premendra Pal Singh 'Guddu',Premendra Pal Singh,≤100
112076118079574,भारत की राजनीति,Hemant,≤100
667862236707254,Rohit Kumar Singh,Arshad Ansari,≤100
112333551648886,Kalpana Bhatnagar,Ganesh Kumar,≤100
108497578583588,Janpeace Live,Trishanu Kaushik,≤100
107081225202487,Dr.Anil Dabbu,Unikudos Software,≤100
108317665490916,Satyen Srivastava,Naveen Singhal,≤100
110051547152845,The Newswala Network,Akhilesh Kumar Gupta,≤100
643216342792266,দেবাশিস পণ্ডা ভারতীয় Debasis Panda Bhartiya West Bengal,Debasis Panda,≤100
101810851917422,Atul Agrawal,Atul Kumar Agrawal,≤100
747930775373319,Saral Patel,Saral Patel,≤100
1065727510129084,Datta kulkarni - दत्ता कुलकर्णी,Datta Kashinath Kulkarni,≤100
1770518973014321,Kuldeep Vats,Click2Public Technologies OPC Pvt. Ltd.,≤100
105870244728334,Lalit Batra,Lalit Batra,≤100
1002191723202473,Suresh Sindal,Suresh Kumar Sindal,≤100
104985694729728,Bheem Patel,Akash Singh,≤100
1171462299729165,Sandeep Singh Deswal,Navdeep Sehrawat,≤100
243524299157863,Pushkar Singh Dhami,Pushkar Singh Dhami,≤100
1651727365046605,Pukh Raj Parashar,Pukh Raj Parashar,≤100
100282305463071,Aditya Narayan Tiwari,These ads ran without a disclaimer,≤100
182600871930746,Sujata Paul - India First,Sujata Paul,≤100
104418341762895,Anjishnu Chakraborty,Snehasis Chakraborty,≤100
101538858448134,The Summer News,Gagandeep Singh,≤100
102091768921733,Ashok dubey bjp,Prashant Mahton,≤100
863961040416615,Punit Verma पूर्व उपाध्यक्ष विश्व हिन्दू परिषद् काशी प्रान्त,Punit Varma,≤100
371431979647138,Rajesh Tantri,Rajesh Tantri,≤100
326243404670820,Mohammad Shariq,Shariq  Mohd,≤100
285575245349725,"Hemanga Thakuria,MLA Assam","Hemanga Thakuria,MLA Assam",≤100
116308369063243,Kambria,These ads ran without a disclaimer,≤100
108159201571035,अरविन्द जायसवाल,Avadesh  Kumar,≤100
102751837801969,Vijendra Singh Bhamu,Narendra Singh Pachar,≤100
693289664149663,Dr. Shashikant Sharma,Dr. Shashikant Sharma,≤100
135180180340322,Jitendra Verma,Arshad Ansari,≤100
105502424787874,Vijendra Saini,Prakash Jaiswal,≤100
1964648457141458,Shanthi Kumar,Mayurnath Matam,≤100
1430063227225725,Gaurav Goel,Sarthak Goel,≤100
104937075674394,The Narrative Builders,The Narrative Builders,≤100
565714670143123,Ashok Saini,Engitech Media,≤100
1802523420012948,Pratap Singh Khachariyawas,Anirudh Sharma,≤100
106732451990988,Ajay Nagariya,Ajay Nagriya,≤100
106313415317403,Shobhit Jaiswal,Sarvesh Shukla,≤100
113188955003281,Raj Shaikh-राज शेख,Vaibhav Ganesh Chikhale,≤100
113369900454663,Jagan choudhary,Jagan Choudhary,≤100
102323545504609,Rama Chopra जिला प्रमुख जयपुर,Rama Devi,≤100
102072732776615,Nareshbhai,These ads ran without a disclaimer,≤100
854256021383031,Vinod Sevan Lal Chandrakar,Vinod Sevan Lal Chandrakar,≤100
1518866631735090,MLA Jarnail Singh,MLA Jarnail Singh,≤100
1152324574944565,Indian Army,Hemant,≤100
113736628186529,"भीती नाही कशाची, भाजपा तुमच्या पाठीशी",Mahesh Dattatray Bhendekar,≤100
106412445020988,Samman afroz khan,Khandagre Sourabh,≤100
327009747444640,Ayushi Shrimali,Akash Singh,≤100
374624255968280,Lokender Singh Rajawat,Kapil Sain,≤100
219514401576120,SG Suryah,SG Suryah,≤100
148039562030208,सुशील आनंद शुक्ल संचार प्रमुख छत्तीसगढ़ कांग्रेस,Arpit Jain,≤100
114606387073785,Deepak Balutia,Deepak Balutia,≤100
102298649446564,Akhilendra Paratp Singh,Arun Pratap Singh,≤100
107327848484865,राजस्थान की राजनीति,Hemant,≤100
196338294250820,Rohit Gangwal,Modi For PM Organisation,≤100
104435349144216,Nara Bharath Reddy Fanpage,Nara Bharath Reddy Fanpage,≤100
140930379388330,Kishan Reddy Gangapuram,TechnoDigi,≤100
106261054498841,Advocate Rajat Bhargava,Rajat Bhargava,≤100
104765761522667,Pankaj Dawar,The Social Prachar,≤100
110967695146133,Govind Kumar Jain,Ganesh Kumar,≤100
106423622362941,Manish Yadav,These ads ran without a disclaimer,≤100
107257065559692,Devendra Pareek Kekri,Ganesh Kumar,≤100
222719048656244,Ved Prakash Ojha  IMC,Vivek Vashisth,≤100
110207550453811,Morok,These ads ran without a disclaimer,≤100
112024038463574,the_rajnesh_gurjar,These ads ran without a disclaimer,≤100
1057919687585402,Krishna Mohan Sharma,Prakash Jaiswal,≤100
105446072160586,Suprabhat Pragati,Akash Singh,≤100
1692202267574672,Parshuram Sisodiya,Ajay Nagriya,≤100
287137498056981,Shailesh Nitin Trivedi,Arpit Jain,≤100
263613904560987,Parveen Narang,Aftab Khan,≤100
100992536219420,Dr Chandrakant Anil Kranti,Akash Singh,≤100
151567962213919,Deepak Gupta,Deepak Gupta,≤100
579724758737630,Gagan Kamboj,Raj Kumar,≤100
108920493878689,Gurmeet Singh Soora,Karandeep Kaur,≤100
274625602685907,Nayab Saini,Praveen,≤100
110847490543428,Vipul Kumar Salwan,Vipul Kumar Salwan,≤100
112132937023603,Nandlal Chauhan,Nandlal Chauhan,≤100
297229797104524,Nishank Tripathi BJP,Nishank Tripathi,≤100
108536391949423,जनसेवक मंच,Pankaj Sharma,≤100
100485426184353,AJP,Manoj Kumar Singh,≤100
411581785652009,Karamjit Singh Rintu,Karamjit Singh Sandhu,≤100
100366996109057,Er Manoj Kumar patel,Er Manoj Kumar patel,≤100
105999155405710,Pandit Avadh Sharma,Pawan Kumar Sharma,≤100
100512571627874,Surendra Dotar - सुरेन्द्र दौतड़,Webtix,≤100
109108857431254,Citizen Saikat Chatterjee,Pratima Barman,≤100
106394871443089,Amit Kumar Singh,Amit Kumar Singh,≤100
101898422702437,V N Reddy,Vaidyula Narender Reddy,≤100
101376066195241,Shakur khan,Kapil Sain,≤100
431777926842375,Axis Mutual Fund,These ads ran without a disclaimer,≤100
104441248861952,Neelam Aggarwal,Pankaj Sharma,≤100
111872195073358,Kusum Sharma - Mona,Vcsmedia,≤100
245675895557121,Pawan Goyal,Pawan Kumar Sharma,≤100
224753514204375,Janaagraha,Janaagraha Centre for Citizenship and Democracy,≤100
2156330694593998,Priyanka Pravin Barse,Mayur Satish Kadav,≤100
2370311926329271,Dr. Surendra Singh Shekhawat,Tanuj Singh,≤100
100113008488735,Eknath Shinde FC,Eknath Shinde FC,≤100
924791427628665,Sunil Kelanka,Shivendra Shailendra Tiwari,≤100
250007248502240,Golu Shukla,Modi For PM Organization,≤100
102625849396266,Jcoder,Sattar Ali,≤100
100467895262186,Dr Premchand Jaysi,Arpit Jain,≤100
802311956513987,Rahul Singh,Rahul Singh,≤100
453884384661528,Brijendra Singh Yadav,Devendra Ahirwar,≤100
111654838334899,सीताराम पोखरियाल,Akash Singh,≤100
101007589571025,Pt. Pradeep Gaur,Pawan Kumar Sharma,≤100
197799933601096,Pujya Shashi Prabha Ji,Madan Mohan Tiwari,≤100
100495518670867,Much Much Spectrum,These ads ran without a disclaimer,≤100
101852578201434,Sandeep Deshpande,Sandeep Deshpande,≤100
349594075908636,Syed Salman Ali,Saiyad Salaman Ali,≤100
572608223125372,Vikas Rana,Shankar Prasad Thakur,≤100
1874185392653723,Cabinet Minister Pramod Jain Bhaya,Rupali Sharma,≤100
281087312058182,Anand Dubey,Akash Singh,≤100
101310291557528,Voice of New India,Hemant,≤100
102106021886833,A K Sharma,Harish Sahrawat,≤100
268998889945816,Darshana Singh,Darshana Singh,≤100
103200525802861,Pradip Patil - प्रदीप पाटील,Pradip Baliram Patil,≤100
106456887722695,Adesh Yadav BJP,Anil Kumar,≤100
251971332383556,Yashveer Shoora,Mukesh Kumar Yadav,≤100
859062124477780,WSM KHAN,These ads ran without a disclaimer,≤100
112299140114374,Narendra Singh,Arun Pratap Singh,≤100
313259842689696,IAS Vishal Singh,Sandeep Kumar Sharma,≤100
527713340733138,Ashish Choudhery,Ashish Choudhery,≤100
114726744853616,Rajesh Kancharla,These ads ran without a disclaimer,≤100
110197854912974,Sonu Singh Garg,Pratik Garg,≤100
280250759492293,Samir Gurav,Samir Gurav,≤100
114383104869399,javeedsid,These ads ran without a disclaimer,≤100
301058180261039,Kunwar Brijesh Singh,TechnoDigi,≤100
172182742974160,Chunni Lal Sahu,Chunni Lal Sahu,≤100
1427338450838340,Thopudurthi Prakash Reddy,Settipalli Ravindra Reddy,≤100
105641591260871,Shyam Singh,Shyam Singh,≤100
109391860938944,DishaShankar,Shankar Disha,≤100
316066412277473,Satish Sharma,Satish Sharma,≤100
2082424261866450,Vii Media,Bhalinder Singh,≤100
365136584238569,Shiv Deswal Degana,Brand Balance Private Limited,≤100
104835264704460,रघुवीर सहरिया सलेमपुर,Anshul Kumar Gupta,≤100
115581696797257,Suresh Raje,Suresh Kumar Raje,≤100
110041803678379,Kabir Shankar Bose,Kabir Shankar Bose,≤100
116997354325105,Wg Cdr Anuma Acharya,Anuma Acharya,≤100
106670062283470,Shosil Shada,These ads ran without a disclaimer,≤100
715413968601904,Yelahanka  Constituency BJP supporter's,Prashanth B,≤100
112420847190684,Bijay Kumar Yadav,Bijay Kumar Yadav,≤100
102787901628635,Kunti Deora Parihar,Anshul Kumar Gupta,≤100
437736246329765,Anand Sagar,Daksh Dhankhar,≤100
1396007407299588,Deepak Prakash,Udit Kumar,≤100
764865110238987,Varinder Shah - Bulle Shah,Big Boys Consulting Private Limited,≤100
111362581856611,Mohit Taing Bhardwaj अधिवक्ता श्री कृष्ण जन्मभूमि,Akash Singh,≤100
1116353905141402,Dr. Shivani Matanhelia,Kanushree Matanhelia,≤100
110679913629785,Rajesh Yadav,Akash Singh,≤100
103609511145569,Jet digital brand management,Varun Shivpuriya,≤100
104831868860974,Narender Ghintala,Webtix,≤100
260452011000438,Vinod Tiwari,Vinod Tiwari,≤100
102339448282189,विवेक कुमार वर्मा,Alok Verma,≤100
426868484184031,Vimal Katiyar,Sumeet Kumar,≤100
103833782263290,Arvind Singh Bhati,Engitech Media,≤100
107521542251871,Pawan artainment,Subodh Prasad,≤100
100465918662286,Netafy,Prutha Umeshkumar Pandya,≤100
105646025650612,Gopal Digital Media,These ads ran without a disclaimer,≤100
367203836657399,Rajendra Singh Surpura,Prakash Jaiswal,≤100
1040170316105348,Sanjay M.L. Dhakar,Harishanker Dhaker,≤100
234704393876570,Dr R K Verma,Rkverma,≤100
106471270702510,Robit Tiwari,Akash Singh,≤100
113109768337513,akashdeep_kahlon_7,These ads ran without a disclaimer,≤100
109916533853207,AMIT KUMAR SINGH,Akash Singh,≤100
1479870168717602,Sanjeev Singh Rathore  - Apna Dal - S,Sanjeev Singh Rathore,≤100
108984951723852,Mithlesh Malik,Naresh Kumar Shoeran,≤100
696662543693222,Manjunath Rajajinagar,Manjunatha,≤100
102616298277409,Afaque ahmad,Afaque ahmad,≤100
103447715984080,Devki Shah Foundation - Regd,Bhawana Negi,≤100
105898378459115,Panney Singh Posana,Ganesh Kumar,≤100
1978240835728263,Virendra Sharma Hawamahal,Pawan Kumar Sharma,≤100
100586185279003,Iris Broadway,These ads ran without a disclaimer,≤100
102616298277409,Afaque ahmad,Afaque Ahmad,≤100
100423322637137,Kawasi lakhma,Dhaval Kumar Jain,≤100
435129856992845,Shailendra Bhargava,Ganesh Thapa,≤100
419305594841863,Business Insider India,These ads ran without a disclaimer,≤100
607252739670252,Dr. Prannay G Sharma,Kumar Ratnam Sharma,≤100
142752549111246,Construction World Magazine,These ads ran without a disclaimer,≤100
109666834688109,Saleem Sarang,Saleem Rafik Sarang,≤100
1427017750928273,WhiteMirchi.Com,Shakun Shivram Raghuvanshi,≤100
2146194495652513,Adv Rajesh Goutam,Rajesh Goutam,≤100
256050398281355,MD Chopdar,WEBTIX,≤100
469374213129239,Trehan Iris,These ads ran without a disclaimer,≤100
1433894153522813,Pramod Bhaya,Kapil Sain,≤100
1882711862044371,Er. Shashi Bhushan Rai - Gappu rai,Shashi Bhushan Rai,≤100
423924598022376,Shankar Lalwani,Mayur Sethi,≤100
265267653816271,Devendraa K Sharma,Pankaj Sharma,≤100
102152441360906,Prakash Bhakar,Shiv Charan,≤100
107946518029943,Sheelu Sahu,Naveen Singhal,≤100
105608048991533,Sahityalok,Sahityalok,≤100
109041710706538,Shankar Ninama Ghatol,Ganesh Thapa,≤100
129952997339452,Rajendra Maske,Rajendra Tukaram Maske,≤100
106513778728580,solnaki_satish,These ads ran without a disclaimer,≤100
103512128192965,Ayep Zaki,These ads ran without a disclaimer,≤100
816288898474925,Naresh Pareek,Pawan Kumar Sharma,≤100
1336863726383886,Gopal Lal Sharma,Ganesh Thapa,≤100
115931624737211,ईजी.अमन सिकरवार भवनपुरा,Akash Singh,≤100
568675259997108,City Headlines News,Aftab Kamar Khan,≤100
109564921854786,Foms Academy,These ads ran without a disclaimer,≤100
1996352967067410,Tealogy,Tealogy Cafe Pvt. Ltd.,≤100
587008988138630,Dinesh Desai,Pixatronix,≤100
101342226152296,Vinay Mishra,Hemant Singh Baghel,≤100
574023586326385,"Abhijit Wanjarri, MLC",Zaid Ahmed Khan,≤100
105761171319750,Yuva Awaz News,Raghubir Singh,≤100
178296506258740,Govind Malinda,Badri Narayan Jangid,≤100
109659927995133,Sumit Sharma,These ads ran without a disclaimer,≤100
777771655697023,Aditya Shankar Prasad,Pramender Kumar,≤100
103004629308904,Vijendradhaker,Anshul Kumar Gupta,≤100
168228334032318,Sat Sharma CA,Naveen Sharma,≤100
109733898560355,Krishan Karwa,Rahul,≤100
107648861401368,IBN 24x7 World,Rahul Beri,≤100
652494751574762,Pramod Jaiswal,Sarvesh Shukla,≤100
103435855606119,Sajid Khan INC,Danish Khan,≤100
104955472418465,SLN Manjunath,SLN Manjunath,≤100
537742199682221,Sanjeev Jha,Naresh Kumar Shoeran,≤100
231512217793516,Ashok Goel Mangaliwala,Ashok Kumar Goel,≤100
391737747598762,Raja Pathak - B.J.P,Akash Singh,≤100
111307246928357,Shri Krishna Janm Bhoomi Mathura,Akash Singh,≤100
107153958711155,South First,south Fist,≤100
301482743520742,Aseem Gupta,Rani Devi,≤100
103299131730772,Er. Navin Kumar,These ads ran without a disclaimer,≤100
166543968411238,JAN Express,Kamlesh Kumar,≤100
529881643856534,Bhanuben Babariya,Piyush Mantri,≤100
988113031199582,Dr. Ramesh Chand Tomar,Ashutosh Mishra,≤100
100189608970240,Pappu Tripathi,Shubham Rajesh Mishra,≤100
104590325539529,Adv Harita Mehta Fan Club,Sandeep Kumar Rana,≤100
105822318185359,Girish Bhardwaj Ballabhgarh,These ads ran without a disclaimer,≤100
101190032891964,vm07795,These ads ran without a disclaimer,≤100
101484635299482,Shashi Kant,Shashi Kant,≤100
149347585097059,Down to Earth,These ads ran without a disclaimer,≤100
671924312945697,Swami Sharabheshwara Nand Bhairava,These ads ran without a disclaimer,≤100
106453702174921,बंजारा समाज - दिग्रस दारव्हा  नेर,Akash Ramesh Waghchoure,≤100
403774803137225,Ashutosh Pandey -RBYS,Akash Singh,≤100
423928144293931,Mahender Pratap Singh,Pankaj Sharma,≤100
166645017163220,శివశక్తి మంత్ర సాధన,శివశక్తి మంత్ర సాధన,≤100
335178763340082,Bansidhar & Ila Panda Foundation-BIPF,These ads ran without a disclaimer,≤100
100387141559791,Bharatnirmatrisamaj,These ads ran without a disclaimer,≤100
111974434579878,Mukesh Sharma amer vidhansabha,These ads ran without a disclaimer,≤100
106856891802602,Ankush Saha,Ankush Saha,≤100
846994962145905,Manoj Kumar Aggarwal,Durga Kumari,≤100
1027893000689561,Jatindar Singh Athwal,These ads ran without a disclaimer,≤100
1849504638653413,Khabar Info,Sarvesh Shukla,≤100
110995908503333,भावी मुख्यमंत्री दुष्यंत चौटाला,These ads ran without a disclaimer,≤100
658320740962100,Prakash Mundiyakheda,Danish Khan,≤100
716085012115556,Today Bhaskar,Yashvi Goyal,≤100
744510998926282,Vinod Agarwal,Rahul Tiwari,≤100
362309980970515,Afsaana-Poets Column,Anmolika Watal,≤100
121286572595378,Harendra Ninama हरेंद्र निनामा,Ganesh Thapa,≤100
455695858513825,Riyasatnama,Kumar Ratnam Sharma,≤100
103088902327676,Dwarka Kunj,Rahul Tiwari,≤100
2156330694593998,Priyanka Pravin Barse,Priyanka Pravin Barse,≤100
1765025467136388,Poem Dalmia,These ads ran without a disclaimer,≤100
101844802427541,Kuldeep Rajput,Kuldip Rajput,≤100
1450629991853191,Arvind Gupta,Arvind Gupta,≤100
1293675640776488,गोरेयाकोठी विधानसभा,Alok Verma,≤100
110323734128375,Anupam Mishra Rld,SYED. MOHD. FUZAIL,≤100
104920312318498,Archana Bhushan Patil BJP,Archana Bhushan Patil BJP,≤100
109276898694757,Manorath Nirala AAP,Kavita Kumari,≤100
111171624493262,Thakur Abhijeet Jasrotia,Abhijeet Singh Jasrotia,≤100
1395097470761321,Vanga Madhusudhan Reddy,Gogireddy Sai Vaibhav Reddy,≤100
103045744642221,Dinesh Joshi,Vijendra Singh,≤100
101225706214179,ਭਾਈ ਅੰਮ੍ਰਿਤਪਾਲ ਸਿੰਘ,Amritpal Singh,≤100
1463018893991151,Prabhat Prakashan,These ads ran without a disclaimer,≤100
391654307564047,Abhinav Rajasthan Party,Ashok Choudhary,≤100
132806813793938,Paramjit Singh Sarna,Harjap Singh Dhingra,≤100
350558792662542,Neeru Yadav,Parveen,≤100
2054594301284380,Choudhary Jasveer Singh,These ads ran without a disclaimer,≤100
616572395111604,Mahendra Singh Ralawata,Mahendra Singh Ralawata,≤100
104149467952,SMC Global,These ads ran without a disclaimer,≤100
1947865801968156,Jasmeet Singh Pitampura,Harjap Singh Dhingra,≤100
1949994445242062,Dr. Dineshanand Goswami,Sudhir Kumar,≤100
102247648189554,Political महाराष्ट्र,Shamal Hiralal Khairnar,≤100
104860424918954,दिल है हिन्दुस्तानी,Abhijit Kumar,≤100
103674705306078,Trinkerr,These ads ran without a disclaimer,≤100
103887965829795,Kushwaha Vinay Kumar Singh,These ads ran without a disclaimer,≤100
326102339565,Oxfam India,These ads ran without a disclaimer,≤100
203181590261286,Bhanu Pratap Singh,Pankaj Sharma,≤100
232760680606249,Irfan Basha,Irfan Basha Shaik,≤100
235202393675750,नरेन्द्र पाटीदार मन्दसौर,Vinayak Sharma,≤100
108348050624566,Vinay sen,These ads ran without a disclaimer,≤100
260284714611584,Mahesh Gangane,Zaid Ahmed Khan,≤100
892715324214105,Nitendra Singh Rathore,These ads ran without a disclaimer,≤100
285530825204,Klitschko,These ads ran without a disclaimer,≤100
111014922285371,Transparency International,These ads ran without a disclaimer,≤100
237647452933504,BBC News हिन्दी,These ads ran without a disclaimer,≤100
105955335714645,Exsprout-store,These ads ran without a disclaimer,≤100
103113119155897,Libin Theatre Medical,These ads ran without a disclaimer,≤100
222957571664804,StudentHub,These ads ran without a disclaimer,≤100
392666127586890,OpenMind,These ads ran without a disclaimer,≤100
338205530623,قناة الحوار - Alhiwar TV,These ads ran without a disclaimer,≤100
124285820927337,Durham University Business School,These ads ran without a disclaimer,≤100
110925871860032,Kumar gul,These ads ran without a disclaimer,≤100
113112724916083,Clean Air Fund,These ads ran without a disclaimer,≤100
102975892028221,ShreyaaSumi,These ads ran without a disclaimer,≤100