﻿Page ID,Page name,Disclaimer,Amount spent (TND),Number of ads in Library
1745861032185440,alqatiba - الكَتيبة,Walid Mejri,≤100,2
823788047675556,Call of War,These ads ran without a disclaimer,≤100,2
200480966638039,Supremacy 1914,These ads ran without a disclaimer,≤100,1
102062252685161,Turkey Campus,These ads ran without a disclaimer,≤100,1
423670114403144,Trending in China,These ads ran without a disclaimer,≤100,4
19746387261,Humane Society International,These ads ran without a disclaimer,≤100,1
108301621007688,Girl Now Woman Later Inc,These ads ran without a disclaimer,≤100,1
192879477427518,دار زهران للنشر والتوزيع,These ads ran without a disclaimer,≤100,1
298861020736,فرانس 24 / FRANCE 24 Arabic,These ads ran without a disclaimer,≤100,1
725505594135727,Adventure Escape,These ads ran without a disclaimer,≤100,1
111622410196045,State of Youth,These ads ran without a disclaimer,≤100,1
1539423449628439,شبكة أصدقاء فلسطين,These ads ran without a disclaimer,≤100,1
684480475094920,Discover Inner Mongolia,These ads ran without a disclaimer,≤100,1
17043549797,MIT Technology Review,These ads ran without a disclaimer,≤100,1
111258158483882,feminicides.maroc,These ads ran without a disclaimer,≤100,1
575492683148162,파송송,These ads ran without a disclaimer,≤100,1
121860194580271,Vladimir Zakharov,These ads ran without a disclaimer,≤100,1
285530825204,Klitschko,These ads ran without a disclaimer,≤100,1
531929043662333,Al Sharq Youth الشرق الشبابي,These ads ran without a disclaimer,≤100,1
299227550122220,Radio Cina Internazionale,These ads ran without a disclaimer,≤100,1
360408823991223,Ĉina Radio Internacia,These ads ran without a disclaimer,≤100,1
1484566378531473,Yadea,These ads ran without a disclaimer,≤100,1
338109312883186,China Xinhua News,These ads ran without a disclaimer,≤100,2