﻿Page ID,Page name,Disclaimer,Amount spent (USD)
113748535044059,Move CO2 Pipeline,Creative Treatment,415
201248453800242,My Pay My Say,Mackinac Center for Public Policy,≤100
122258358636926,Sound of Freedom Movie,"Sound of Freedom, LLC",≤100
809836039361670,Congressman Kelly Armstrong,Office of Congressman Kelly Armstrong,≤100
107483817554072,WorkMoney,WorkMoney,≤100
851220855030432,J.P. Morgan,"JPMORGAN CHASE BANK, NA",≤100
570092813023833,Matt Walsh,The Daily Wire,≤100
106244251043808,America's Plastic Makers,"AMERICAN CHEMISTRY COUNCIL, INC.",≤100
140357056032320,NEA Today,National Education Association,≤100
404165106317928,Minnesota Action Network,Minnesota Action Network,≤100
103875099042033,DailyWire+,The Daily Wire,≤100
12375354406,USO,United Service Organizations,≤100
92925746942,Judicial Watch,Judicial Watch,≤100
592707041080920,Stand Together,Stand Together Chamber of Commerce Inc.,≤100
100346689495660,Pete's Pranks,Petes Pranks,≤100
602074469965571,Plan C,NATIONAL WOMENS HEALTH NETWORK,≤100
18982436812,ACLU,American Civil Liberties Union,≤100
127225910653607,PragerU,PragerU,≤100
8492293163,Environmental Defense Fund,Environmental Defense Fund,≤100
1461100540775171,The Tuttle Twins,LIBERTAS INSTITUTE,≤100
76470053424,TIAA,TEACHERS INSURANCE AND ANNUITY ASSOCIATION OF AMERICA,≤100
15771560300,Earthjustice,EARTHJUSTICE,≤100
57259033959,AARP,AARP,≤100
104507259139090,Great American World,Great American World,≤100
2353537341582545,Proud Patriots,Proud Patriots,≤100
103715861368344,McCormick & Company,MCCORMICK & COMPANY INC,≤100
243184199040637,Caring Across Generations,Caring Across Generations,≤100
203197030603239,8 Billion Trees,8 Billion Trees LLC,≤100
7860876103,Joe Biden,BIDEN VICTORY FUND,≤100
6514736316,Walden University,Walden University,≤100
104623832132932,Perry Johnson,PERRY JOHNSON FOR PRESIDENT INC.,≤100
101627649182986,Affordable Healthcare Now,"ZAN Media, Inc.",≤100
145917588805718,Dr Jordan B Peterson,The Daily Wire,≤100
2053678114723700,President Trump's Patriot Army,I Love My Freedom,≤100
40217893542,AIPAC,AIPAC,≤100
104760636770,Vera Institute of Justice,Vera Institute of Justice,≤100
152759126824,Enbridge,Enbridge Inc.,≤100
103885799225717,Liberty Protector,Liberty Protector,≤100
314499212242,Pfizer,Pfizer Inc.,≤100
114008535880,Foundation for Individual Rights and Expression,FOUNDATION FOR INDIVIDUAL RIGHTS IN EDUCATION,≤100
85452072376,NEWSMAX,"NEWSMAX MEDIA, INC.",≤100
7030901126,Campaign for Tobacco-Free Kids,Campaign for Tobacco-Free Kids,≤100
7341997111,Conservation International,Conservation International with Facebook Ad Credits,≤100
342294162453301,Planned Parenthood,Planned Parenthood Federation of America,≤100
49651563727,Live Action,Live Action,≤100
702582586516561,CBN Israel,The Christian Broadcasting Network,≤100
203805062990264,Ben Shapiro,Daily Wire,≤100
203805062990264,Ben Shapiro,The Daily Wire,≤100
111824001908,Hakeem Jeffries,JEFFRIES FOR CONGRESS,≤100
38471053686,Elizabeth Warren,"WARREN FOR SENATE, INC.",≤100
106568024842114,Rideshare Assault Support,Citizen Ad Network LLC,≤100
106563958759988,Semafor,Semafor Inc.,≤100
6041057841,The Humane Society of the United States,"HUMANE SOCIETY OF THE UNITED STATES, THE",≤100
428821014132730,Katie Porter,KATIE PORTER FOR SENATE,≤100
109092142462587,Adam Schiff,SCHIFF FOR SENATE,≤100
115379705206001,U.S. Department of Homeland Security Blue Campaign,U.S Department of Homeland Security Blue Campaign,≤100
110442961603215,Yikes Today,Yikes Today,≤100
46093654473,National Republican Congressional Committee,NRCC,≤100
104394262049761,Jeremy's Razors,The Daily Wire,≤100
1958912674200535,The Pour Over,Pour Over,≤100
23875187730,Feeding America,Feeding America,≤100
8321461609,MomsRising.org,MomsRising Together,≤100
18709174006,National Audubon Society,"NATIONAL AUDUBON SOCIETY, INC.",≤100
1435071773455316,Daily Wire,The Daily Wire,≤100
19554217292,American Heart Association: You're the Cure,American Heart Association,≤100
1012679305536045,Elissa Slotkin,Elissa Slotkin for Michigan,≤100
102568576103681,TPUSA Events,Turning Point USA,≤100
45393753416,Alliance Defending Freedom,Alliance Defending Freedom,≤100
10128918116,Gavin Newsom,Campaign for Democracy PAC,≤100
100466376050855,Real America Home,Real America Home,≤100
91741597496,The Bob Woodruff Foundation,BOB WOODRUFF FAMILY FOUNDATION INC,≤100
113891694102,Energy Citizens,AMERICAN PETROLEUM INSTITUTE,≤100
103807629149771,Working Forests Initiative,"WORKING FOREST INITIATIVE, INC.",≤100
187005858017014,Climate Power,Climate Power,≤100
570953166908066,Vivek Ramaswamy,VIVEK 2024,≤100
112864158462165,Smart American Lifestyle,Smart American Lifestyle,≤100
101204839475983,PennySaver USA,These ads ran without a disclaimer,≤100
219242560293,Meals on Wheels America,Meals On Wheels America,≤100
155645630648,West Central Initiative,West Central Initiative,≤100
69983322463,Ted Cruz,TED CRUZ FOR SENATE,≤100
20787991568,Senate Democrats,DSCC,≤100
665345483483486,NRA - National Rifle Association of America,NATIONAL RIFLE ASSN OF AMERICA,≤100
1593518174052711,Candace Owens,The Daily Wire,≤100
6204742571,Sierra Club,SIERRA CLUB,≤100
408250066356,Bill O'Reilly,"Bill Me, Inc.",≤100
376776419037747,Turning Point USA,"Turning Point USA, Inc.",≤100
130945114804,World Jewish Congress,ATTN: INC.,≤100
103912059097010,One Real American,One Real American,≤100
153080620724,Donald J. Trump,TRUMP SAVE AMERICA JOINT FUNDRAISING COMMITTEE,≤100
104253615152700,America First Legal,America First Legal Foundation,≤100
711478725532801,Civiqs,Civiqs,≤100
80562389320,NARAL Pro-Choice America,NARAL PRO-CHOICE AMERICA CORP,≤100
309308412520731,Sandy Hook Promise,Sandy Hook Promise,≤100
681626158940626,Mission Roll Call,Americas Warrior Partnership,≤100
15650561930,Conservation Minnesota,CONSERVATION MINNESOTA,≤100
53674651369,SBA Pro-Life America,"SUSAN B. ANTHONY LIST, INC.",≤100
103695769458,United States Mint,United States Mint,≤100
200650357207240,I Love My Freedom,I Love My Freedom,≤100
83290028957,Care Net,CARE NET,≤100
100809736190174,American Promises,American Promises,≤100
580610428636345,Fight for $15,Fight for $15,≤100
23311628592,Heartland Alliance,Heartland Alliance for Human Needs & Human Rights,≤100
1316372698453411,Alexandria Ocasio-Cortez,Alexandria Ocasio-Cortez for Congress,≤100
349068689306,Tim Scott,Tim Scott for America,≤100
142148422542873,Dakota Boys and Girls Ranch,DAKOTA BOYS AND GIRLS RANCH,≤100
51379424899,Mercy Ships,MERCY SHIPS INTERNATIONAL,≤100
103375628943529,Adam Frisch,Adam for Colorado,≤100
19984154032,Great Performances l PBS,WNET,≤100
7341997111,Conservation International,Conservation International,≤100
100992801635617,Conservative-American.org,Conservative American Strategies,≤100
166618413413767,Jay Sekulow,American Center for Law and Justice,≤100
107661474402498,Liberty Eagle Apparel,United Patriot,≤100
86071521216,Second Amendment Foundation,SECOND AMENDMENT FOUNDATION INC,≤100
8325302025,Friends of the Earth U.S.,Friends of the Earth,≤100
30139072158,CARE,CARE,≤100
209516845093,NRDC Action Fund,NRDC Action Fund,≤100
114710126648118,Republican Dogs,Republican Dogs,≤100
125769584126996,Yael Eckstein,"INTERNATIONAL FELLOWSHIP OF CHRISTIANS & JEWS, INC.",≤100
8501031021,VoteVets.org,VOTEVETS,≤100
101903508281567,The Dude's Threads,The Dude's Threads,≤100
145973965440671,Carnegie Corporation of New York,CARNEGIE CORPORATION OF NEW YORK,≤100
24413227922,Kamala Harris,BIDEN VICTORY FUND,≤100
6266829799,Sherrod Brown,FRIENDS OF SHERROD BROWN,≤100
2245766435469741,Beersy,Beersy LLC,≤100
100403528653081,Punchbowl News,Punchbowl News,≤100
359477377917,American Federation for Children,American Federation for Children,≤100
283481148338685,Fight For The Future,Fight for the Future Inc,≤100
130449343291731,Ryan Binkley,BINKLEY FOR PRESIDENT 2024,≤100
7192716362,Amnesty International USA,"AMNESTY INTERNATIONAL OF THE U. S. A., INC.",≤100
255062275778,Tim Tebow Foundation,TIM TEBOW FOUNDATION,≤100
7292655492,MoveOn,MOVEON.ORG POLITICAL ACTION,≤100
70874333603,CatholicVote,catholicvote.org,≤100
120605354356054,The Retired Americans PAC,Retired Americans PAC,≤100
43005439032,American Diabetes Association,American Diabetes Association,≤100
11791104453,NRDC,Natural Resources Defense Council,≤100
151894654697,Save Our States,Save Our States,≤100
5720973755,Defenders of Wildlife,DEFENDERS OF WILDLIFE,≤100
134452023239984,Human Coalition,Human Coalition,≤100
106583555450073,Bidencare Health Plans,Obamacareplans,≤100
169597416843751,Stand Up America,Stand Up America,≤100
788559044606908,America Forward,NEW PROFIT INC,≤100
111464544881905,America First News,America First News,≤100
105157841248307,No Filter Politics,No Filter Politics,≤100
107394202272763,And To The Republic,AND TO THE REPUBLIC,≤100
100713609680802,United Patriots,United Patriots,≤100
8934429638,Planned Parenthood Action,Planned Parenthood Action Fund,≤100
1600352356914768,PushBlack,PushBlack,≤100
108268161352786,Stanley M. Herzog Foundation,Herzog Foundation,≤100
72931140459,Center for Biological Diversity,"CENTER FOR BIOLOGICAL DIVERSITY, INC.",≤100
6240652407,Young America's Foundation,Young America's Foundation Inc,≤100
102079592297532,Leftdiculous Card Game,"Right Entertainment, LLC",≤100
309798029121030,Everytown for Gun Safety,Everytown for Gun Safety Action Fund Inc,≤100
7735858972,Humane Society Legislative Fund,Humane Society Legislative Fund,≤100
100684991996307,November Coalition,NOVEMBER COALITION,≤100
106608038931801,Loyal Patriots,Loyal Patriots,≤100
1470540296409810,Fair Fight Action,FAIR FIGHT,≤100
507070522767934,AACR Foundation,"AMERICAN ASSOCIATION FOR CANCER RESEARCH, INC.",≤100
102592959026,Ocean Conservancy,"OCEAN CONSERVANCY, INC.",≤100
107764430968176,Tuttle Twins TV Show,"Tuttle Twins Show, LLC",≤100
121357307598451,Shut The Fossils Up,Win Climate,≤100
83865976093,Truthout,TRUTHOUT,≤100
92021268117,Working America,Working America,≤100
141786816970,Cruise Lines International Association - CLIA,Cruise Lines International Association,≤100
110442961603215,Yikes Today,Tomer Barazani,≤100
1587042581548247,Chasing the Dream: Poverty and Opportunity in America,WNET,≤100
332028597354723,National Partnership for Women & Families Action Fund,National Partnership for Woman & Families Action Fund,≤100
1562713090633117,Operation Underground Railroad,OPERATION UNDERGROUND RAI,≤100
8936818385,Accuracy in Media,Flo Communications,≤100
47710973068,Voices for Cooperative Power,Voices for Cooperative Power,≤100
160005659383,PreBorn,"MISSION: PRE-BORN, INC.",≤100
100540971962779,Localyst,"Accelerate Change, Inc.",≤100
408526523045391,Mammoth Nation,Mammoth Nation,≤100
118152441212175,Digital Innovation for America,Digital Innovation for America,≤100
399366360669553,Jamaal Bowman,Bowman For Congress,≤100
112735922758892,Charlie Kirk,"Turning Point USA, Inc.",≤100
160630887998827,Let Them Live,Let Them Live,≤100
120189635022,Bitdefender,These ads ran without a disclaimer,≤100
149220264647,ADL - Anti-Defamation League,Anti-Defamation League,≤100
6502038524,First Book,FIRST BOOK,≤100
124506846628,Agape International Missions,AGAPE INTERNATIONAL MISSIONS,≤100
71393981315,WildAid,"WILDAID, INC",≤100
162678203751209,Gilead Sciences,GILEAD SCIENCES INC,≤100
19437978960,Chris Murphy,FRIENDS OF CHRIS MURPHY,≤100
15503839732,Peter G. Peterson Foundation,Peter G. Peterson Foundation,≤100
161994493811699,Conservation Lands Foundation,Conservation Lands Foundation,≤100
109320440856128,Stand Up to Jewish Hate,"Foundation to Combat Anti-Semitism, Inc.",≤100
105454117977117,Voices for Consumer Choice,Voices for Consumer Choice,≤100
49978948774,Scripps News,Newsy,≤100
102524572552258,Breast Feeding Infant Development Support Alliance,Breastfeeding & Infant Development Support Alliance,≤100
101391906600,Live Action News,Live Action,≤100
96935476345,Democratic Governors Association (DGA),"Democratic Action, democraticgovernors.org, not authorized by any candidate or candidate's committee.",≤100
248181906078243,National Institute for Civil Discourse,CommonSense American,≤100
118303441570966,Homeowner Smart,NATIONAL ASSOCIATION OF REALTORS,≤100
100758682697459,Mayday Health,"Mayday Medicines, Inc.",≤100
24330467048,Americans for Prosperity,AMERICANS FOR PROSPERITY,≤100
13885075114,Action Against Hunger USA,ACTION AGAINST HUNGER - USA,≤100
20528438720,Microsoft,These ads ran without a disclaimer,≤100
159658557547960,Wall Street Journal Opinion,The Wall Street Journal,≤100
6355071377,American Cancer Society Cancer Action Network - ACS CAN,AMERICAN CANCER SOCIETY CANCER ACTION NETWORK INC,≤100
167586229923327,World Food Program USA,World Food Program USA,≤100
168109446538119,St. Martin's Press,Macmillan Publishing,≤100
19746387261,Humane Society International,Humane Society International,≤100
103588388469410,Disparity Trap,Disparity Trap,≤100
101704558574021,Lucas Kunce,Lucas Kunce for Missouri,≤100
60261764250,Childhelp,"CHILDHELP, INC.",≤100
154561574598964,White Coat Waste Project,THE WHITE COAT WASTE PROJECT INC,≤100
1575347412785991,cheddar news,Cheddar,≤100
197760674021143,Indivisible Guide,INDIVISIBLE ACTION,≤100
23790541544,Democrats,DCCC,≤100
101869563236902,FreedomFest,FreedomFest,≤100
1590877284560136,Patti Harris,Bloomberg Philanthropies,≤100
102993965562061,Second Amendment Hunters,Gun Owners of America - 2nd Amendment Hunters,≤100
340153562850578,Tim Tebow,TIM TEBOW FOUNDATION,≤100
60182072999,Lila Rose,Live Action,≤100
126305280752104,Slavic Gospel Association,SLAVIC GOSPEL ASSOCIATION,≤100
8002590959,Rainforest Action Network - RAN,RAINFOREST ACTION NETWORK,≤100
160440710691438,If You See Wisdom In These Facts You Are Addicted To Knowledge,These ads ran without a disclaimer,≤100
51405613519,Focus on the Family,Focus on the Family,≤100
309798029121030,Everytown for Gun Safety,Everytown for Gun Safety Support Fund Inc,≤100
111799778514526,American Relief Initiative,American Relief Initiative,≤100
105753898811449,Align Us,Kyle Reyes,≤100
100249953038234,Capital Access Alliance,Capital Access Alliance,≤100
201956993160690,MRCTV,MEDIA RESEARCH CENTER,≤100
17203056985,Partners In Health,Partners In Health,≤100
284293125336159,Regulatory Transparency Project,FEDERALIST SOCIETY FOR LAW & PUBLIC POLICY STUDIES,≤100
2254455051442790,Patriot Depot,Flag & Cross,≤100
1443127535947107,Save the Children Action Network,Save the Children Action Network,≤100
7606381190,Amy Klobuchar,KLOBUCHAR FOR MINNESOTA,≤100
38235851310,USA for UNHCR,UNITED STATES ASSOCIATION FOR UNHCR,≤100
106315901551850,The U.S. Concealed Carry Association for Saving Lives,U.S. Concealed Carry Association For Saving Lives. Not Authorized By Any Candidate Or Candidate's Committee.,≤100
292351509697,Jerusalem Prayer Team,Jerusalem Prayer Team,≤100
293225127381200,Patriot Depot,The Patriot Depot,≤100
101674425989138,MIT Economics Survey on Climate Change,"MIT Climate Change Survey, MIT Department of Economics",≤100
219612384781411,Bloomberg Philanthropies,Bloomberg Philanthropies,≤100
161183970656851,Ruben Gallego,GALLEGO FOR ARIZONA,≤100
109736674813587,US MADE Coalition,"US Manufacturers Association for Development and Enterprise, Inc.",≤100
101432317199,Blue Cross and Blue Shield Association,BLUE CROSS AND BLUE SHIELD ASSOCIATION,≤100
105173311888160,Star and Bar,Star and Bar,≤100
25852730092,Care2,"Care2.com, Inc",≤100
24481937944,Theodore Roosevelt Conservation Partnership,"THEODORE ROOSEVELT CONSERVATION PARTNERSHIP, INC",≤100
42940254353,Human Rights Watch,"HUMAN RIGHTS WATCH, INC.",≤100
116546288359245,Heritage Action for America,HERITAGE ACTION FOR AMERICA,≤100
317284821682168,Messianic Jewish Alliance of America (MJAA),Messianic Jewish Alliance of America,≤100
290548664672,First Liberty Institute,First Liberty Institute,≤100
290851614930809,Combat AntiSemitism,Combat Hate Foundation,≤100
80770833881,Eagles' Wings,ROBERT STEARNS INTERNATIONAL INC,≤100
107533860975028,Conservative,CONSERVATIVE LLC,≤100
416913748508616,We Welcome,We Welcome Refugees,≤100
24470472733,The Trevor Project,The Trevor Project,≤100
126211280741703,Midwest Values PAC,Midwest Values PAC,≤100
215968684159,AFT - American Federation of Teachers,American Federation of Teachers,≤100
25372476424,Best Friends Animal Society,BEST FRIENDS ANIMAL SOCIETY,≤100
928091877203916,Independent Women's Network,Independent Women's Network,≤100
524399207959953,Truth & Liberty Coalition,Truth & Liberty Coalition,≤100
557051651115624,Stidham Financial Services,Stidham Financial Services,≤100
8524198486,Physicians Committee for Responsible Medicine,"PHYSICIANS COMMITTEE FOR RESPONSIBLE MEDICINE, INC.",≤100
114009933764548,The Patriot Club,RightWingGear.com,≤100
103546351703577,Dallas Express,Dallas Express Media,≤100
70484114314,National Multiple Sclerosis Society,These ads ran without a disclaimer,≤100
27817332304,American Foundation for Suicide Prevention,AMERICAN FOUNDATION FOR SUICIDE PREVENTION,≤100
121626482110,Operation Smile,OPERATION SMILE,≤100
104107788684988,Tom Klingenstein,TomKlingenstein.com,≤100
6333396177,NewsBusters.org,MEDIA RESEARCH CENTER,≤100
68680511262,NFL,NFL PROPERTIES LLC,≤100
57774720835,RESOLVE: The National Infertility Association,RESOLVE THE NATIONAL INFERTILITY ASSOCIATION (USED IN VA BY: RESOLVE INCORPORATED),≤100
289185555043843,Conservative Texans for Energy Innovation Foundation,Conservative Texans For Energy Innovation,≤100
355783211719644,Veteran Caregivers of America,"Veteran Caregivers, LLC",≤100
50822254585,Mountain States Legal Foundation,Mountain States Legal Foundation,≤100
786167111464006,Woodson Center,The Woodson Center,≤100
119953292796,Jim Banks,BANKS FOR SENATE,≤100
443329669123990,USAFacts,USAFacts Institute,≤100
971668776283950,PolicyEd,Hoover Institution,≤100
107008774760761,Color Us United,Color Us United,≤100
117196981332058,Let's Get Loud,Let's Get Loud,≤100
16534314739,Facing History & Ourselves,"FACING HISTORY AND OURSELVES NATIONAL FOUNDATION, INC.",≤100
103355385129734,The Climate Pledge,The Climate Pledge,≤100
555787351119974,Coalition to Protect America's Health Care,Coalition to Protect America’s Health Care,≤100
2602473023098666,Democratic Polling Center,Democratic Governors Association,≤100
100500465282483,Breaking Battlegrounds,September Group LLC,≤100
77278490877,National Corn Growers Association,NATIONAL CORN GROWERS ASSOCIATION INC,≤100
197760674021143,Indivisible Guide,Indivisible Project,≤100
91346559231,Democratic Legislative Campaign Committee - DLCC,Democratic Legislative Campaign Committee,≤100
1679521432262834,Physicians Grassroots Network,American Medical Association,≤100
10498053716,Media Research Center,MEDIA RESEARCH CENTER,≤100
108293898875429,President Trump Supporters,I Love My Freedom,≤100
102961048478150,Center for Renewing America,CENTER FOR RENEWING AMERICA INC,≤100
58158120046,ACLJ,American Center for Law and Justice,≤100
313723095478950,Daily Citizen,Focus on the Family,≤100
110981884065996,AbortionFinder,Power to Decide,≤100
41093998634,The Christian Post,The Christian Post,≤100
74470852653,Mike Pompeo,Champion American Values PAC,≤100
745304825534862,Steve Scalise,Team Scalise,≤100
46347342434,EMILYs List,EMILY'S LIST,≤100
6756153498,Mike Bloomberg,Bloomberg Philanthropies,≤100
2321993584737314,The Markin Report,The Markin Report,≤100
111806955195299,Wendy Davis for Congress,WENDY DAVIS FOR CONGRESS,≤100
337038226473839,Trish Regan,"SALEM MEDIA GROUP, INC.",≤100
145034262195374,InSinkErator,InSinkErator_Whirlpool,≤100
1610588429176105,Oil & Gas Workers Association,"Oil & Gas Workers Association, Inc",≤100
10234472029,Council on Foreign Relations,Council on Foreign Relations,≤100
34362997676,United States Holocaust Memorial Museum,UNITED STATES HOLOCAUST MEMORIAL MUSEUM,≤100
205795426669644,Facts and Logic about the Middle East,Facts and Logic About the Middle East,≤100
108266445888054,Patriot Academy,TORCH OF FREEDOM FOUNDATION,≤100
115876737768237,Cas Stories,These ads ran without a disclaimer,≤100
108547455113940,Our America,Our America,≤100
104979848524405,Starts With Us,Lubetzky Family Foundation,≤100
105561217523274,The Dispatch,"Dispatch Media, Inc.",≤100
474227102732389,Turning Point Action,Turning Point Action,≤100
97466887664,Innocence Project,"INNOCENCE PROJECT, INC., THE",≤100
70531357576,Freedom Forum,"FREEDOM FORUM INC, THE",≤100
5644748986,National Wildlife Federation,NATIONAL WILDLIFE FEDERATION,≤100
164966660351345,Hope Outfitters,Hope Outfitters,≤100
142161905817424,AMAC - The Association of Mature American Citizens,The Association of Mature American Citizens Inc,≤100
11111618026,Union of Concerned Scientists,"UNION OF CONCERNED SCIENTISTS, INC.",≤100
380884168648080,Population Research Institute,POPULATION RESEARCH INSTITUTE,≤100
376250065793807,Citizens for Responsible Energy Solutions,CITIZENS FOR RESPONSIBLE ENERGY SOLUTIONS INC,≤100
148731991811588,Baird,Robert W. Baird & Co. Incorporated,≤100
126855128568,FEBC (Far East Broadcasting Company),"FAR EAST BROADCASTING COMPANY, INC.",≤100
8550121410,Free Speech America Project,MEDIA RESEARCH CENTER,≤100
679171239164792,Supermajority,Supermajority,≤100
110316380149,Family Policy Alliance,Family Policy Alliance,≤100
6334782252,Oceana,Oceana,≤100
102044622753692,American Potential Podcast,AMERICANS FOR PROSPERITY,≤100
100700519593180,"Buck Nasty Media. Sports, culture, politics, and the Nasty Truth",Robert Mattox,≤100
169042736456594,All Out,All Out Action Fund.,≤100
299016790922,Bobby Eberle,Bobby Eberle,≤100
113986481630469,Trending Patriots,I Love My Freedom,≤100
11918108948,African Wildlife Foundation,AFRICAN WILDLIFE FOUNDATION,≤100
357750373755,National Domestic Workers Alliance,National Domestic Workers Alliance,≤100
407902639235640,JNS.org,Jewish News Syndicate,≤100
147368882623027,Black Futures Lab,Black Futures Lab,≤100
109118211910879,Mr. 45,Green Straw LLC,≤100
96491683438,"The Friends of Israel Gospel Ministry, Inc.","FRIENDS OF ISRAEL GOSPEL MINISTRY, INC, THE",≤100
110003135240961,Pride of America,Pride of American,≤100
1470540296409810,Fair Fight Action,FAIR FIGHT ACTION INC,≤100
182620315479,Plan International USA,Plan International USA,≤100
101064776613325,Charles Tyrwhitt,These ads ran without a disclaimer,≤100
911828698840246,ReLEntless Defender Apparel,ReLEntless Defender Apparel,≤100
7219151423,The Fund for American Studies (TFAS),FUND FOR AMERICAN STUDIES,≤100
1526707030943680,Phoenix Dream Center,City Help Inc of Phoenix dba Phoenix Dream Center,≤100
608578919186659,World Vision International,WORLD VISION INTERNATIONAL,≤100
466164103423147,Thorn,Thorn,≤100
282728185140429,Rep For Vets,The Rep For Vets,≤100
7962229886,Environmental Working Group,ENVIRONMENTAL WORKING GROUP,≤100
281844617168,Jewish Voice Ministries International,Jewish Voice Ministries International,≤100
103376804451432,Trending Politics,I Love My Freedom,≤100
108970206976,World Vision USA,WORLD VISION INC.,≤100
21090771700,Gun Owners of America,Gun Owners of America,≤100
267180743723148,National Geographic Society,National Geographic Society,≤100
9324910069,NRSC,NRSC,≤100
1848805358783239,Asa Hutchinson,"ASA FOR AMERICA, INC.",≤100
1165715730222155,Consumer Choice Center,Consumer Choice Center,≤100
93228695778,Tea Party Patriots,Tea Party Patriots,≤100
310925405807,Citizens Climate Lobby,Citizens' Climate Lobby,≤100
50513265848,Citizens United,Citizens United,≤100
226999127329906,New York Immigration Lawyer,Law Office of Alena Shautsova,≤100
100692068471118,Explain America,Apse Media LLC,≤100
11602044174,Independent Women's Forum,Independent Women's Forum,≤100
386305465057247,Liberty Nation,Liberty Nation,≤100
100974392544079,RussiLeaks,"RussiLeaks USA, LLC",≤100
17414523278,Democracy Now!,DEMOCRACY NOW,≤100
8047221596,Save the Children US,SAVE THE CHILDREN FEDERATION INC.,≤100
60000664446,Alzheimer's Association,"ALZHEIMER'S DISEASE AND RELATED DISORDERS ASSOCIATION, INC.",≤100
152264148166020,Moms Clean Air Force,Moms Clean Air Force,≤100
104491841664875,Country First,"Country First Action, Inc.",≤100
109866370700481,PushBlack Finance,PushBlack,≤100
104295601633638,American Cornerstone Institute,American Cornerstone Institute Inc,≤100
397054531024452,COPS Training Portal,COPS Training Portal,≤100
1869687273277265,Run for Something,Run For Something PAC,≤100
349800859019034,The 19th News,The 19th,≤100
180381489134,Chris Christie,Chris Christie,≤100
323083351064533,The News Literacy Project,The News Literacy Project,≤100
351310239372,Associated Republicans of Texas,Associated Republicans of Texas,≤100
118626774835274,Medicare Made Clear,Medicare Made Clear from United Healthcare,≤100
6787988478,Physicians for Human Rights,"PHYSICIANS FOR HUMAN RIGHTS, INC.",≤100
153446658100252,Lumina Foundation,Lumina Foundation,≤100
297987334762,Jamie Raskin,Jamie Raskin for Congress,≤100
61492859575,Americares,"Americares Foundation, Inc.",≤100
16695101734,National Association of Social Workers,NATIONAL ASSOCIATION OF SOCIAL WORKERS,≤100
111856128304198,Pow Wow shop,These ads ran without a disclaimer,≤100
112538350301638,Ministerio de Igualdad,These ads ran without a disclaimer,≤100
153678684700451,American Investment Council,AMERICAN INVESTMENT COUNCIL,≤100
107454490912636,Jewish Future Pledge,Jewish Future Pledge Inc,≤100
12357407443,American Friends Service Committee,AMERICAN FRIENDS SERVICE COMMITTEE,≤100
102771646440276,Jesus Christ Savior by Beliefnet,"BN Media, LLC",≤100
1632814840319802,John Fetterman,Fetterman for PA,≤100
259351004139042,Ashbrook Center,Ashbrook Center,≤100
128288676833,Rocky Mountain Elk Foundation,"ROCKY MOUNTAIN ELK FOUNDATION, INC.",≤100
103531607822207,Noticias para Inmigrantes,"Wise Rock Media, PBC",≤100
372577693078008,"Saenz-Garcia Law, PLLC","Saenz-Garcia Law, PLLC",≤100
105377404649506,Solidarity Fund by Coworker,COWORKER SOLIDARITY FUND,≤100
16900111951,National Organization for Women (NOW),NATIONAL ORGANIZATION FOR WOMEN,≤100
140499052681592,Bank of the West,BANK OF THE WEST,≤100
142474049098533,Robert Reich,Inequality Media,≤100
97624620788,American Friends of Magen David Adom,AMERICAN FRIENDS OF MAGEN DAVID ADOM,≤100
300341323465160,The Daily Signal,HERITAGE FOUNDATION (THE),≤100
2070944712939738,American Police Officers Alliance,American Police Officers Alliance,≤100
1546952572205770,UAE USA United,The Embassy of the United Arab Emirates,≤100
111380958315889,Secure Financial Future,INVESTMENT COMPANY INSTITUTE,≤100
100119981671668,Blue Senate,BLUE SENATE PAC,≤100
248539568517772,New Jersey League of Conservation Voters,NJ LEAGUE OF CONSERVATION,≤100
115262456592822,Christians Engaged,Christians Engaged,≤100
142432192446984,David Horowitz Freedom Center,David Horowitz Freedom Center,≤100
168876449866088,The Years Project,THE YEARS PROJECT,≤100
89855016270,National Conference of State Legislatures,National Conference of State Legislatures,≤100
14038292386,Women for Women International,WOMEN FOR WOMEN INTERNATIONAL,≤100
220873174076,Animal Equality,ANIMAL EQUALITY,≤100
100158948453494,Lars for President,LARS MAPSTEAD FOR PRESIDENT,≤100
131306317680000,Social Goods,"Social Goods, LLC",≤100
107150944064036,Winning for Alabama,Winning for Alabama,≤100
359560497939415,Re-Elect Chief Hoskin and Deputy Chief Warner,Hoskin Warner,≤100
104908071917505,Welcome.us,Welcome.us,≤100
1499191057075106,Chronic Disease Coalition,Chronic Disease Coalition,≤100
105756057589080,The Lincoln Project,THE LINCOLN PROJECT,≤100
43426724597,Paper Culture,Paper Culture LLC,≤100
105364682148003,Available To All,Available To All,≤100
1628922377207463,Randy Feenstra,FEENSTRA FOR CONGRESS,≤100
56332452163,AMA Patients Action Network,American Medical Association,≤100
71324717432,National Association of Scholars,NATIONAL ASSOCIATION OF SCHOLARS,≤100
108703294887683,The Recycled Rubber Coalition,Kenneth Stratton Kirton,≤100
101224002310757,Seven Weeks Coffee,Seven Weeks Coffee,≤100
2041048129469900,"Otsuka America Pharmaceutical, Inc.",These ads ran without a disclaimer,≤100
240937060405,Center for Science in the Public Interest (CSPI),Center for Science in the Public Interest,≤100
6316744206,Jon Tester,MONTANANS FOR TESTER,≤100
101791315693,Destiny Rescue,"Destiny Rescue International, Inc.",≤100
321088559302,Keep America Beautiful,Keep America Beautiful,≤100
112642477582238,Mericanaf,AAF Nation,≤100
58736997707,Marco Rubio,Rubio Victory Committee,≤100
156496968533805,Explore Beyond,NCTA - The Internet & Television Association,≤100
327853590558653,"Agri-Pulse Communications, Inc.","AGRI-PULSE COMMUNICATIONS, INC.",≤100
190697157619887,Freedom Foundation,Freedom Foundation,≤100
378084314984,Trane Technologies,Trane Technologies,≤100
1864721517082089,Democratic Attorneys General Association,DAGA PAC,≤100
945455208962159,For Everyone Collective,For Everyone Collective,≤100
50982313030,Food & Water Watch,Food & Water Watch,≤100
103267797893374,Black Feminist Future,These ads ran without a disclaimer,≤100
113731336694,Goldwater Institute,"GOLDWATER INSTITUTE ,THE",≤100
1338822066131069,Women's March,Women's March,≤100
38882699096,Polaris,POLARIS PROJECT,≤100
109352563640,Water.org,WATER.ORG INC.,≤100
127637620616803,Comcast Newsmakers,COMCAST CORPORATION,≤100
103082819375063,For a Better Bayou,For a Better Bayou,≤100
104396194587918,C3 Solutions,Conservative Coalition for Climate Solutions,≤100
210357995667559,The National Memo,The National Memo,≤100
109716011638325,Jane Fonda Climate PAC,JANE FONDA CLIMATE PAC,≤100
157667060993359,Robert Garcia,ROBERT GARCIA FOR CONGRESS,≤100
169687486427698,Jentezen Franklin,FREE CHAPEL WORSHIP CENTER,≤100
710460605705480,Dugit Outreach Center,Dugit Messianic Outreach Center,≤100
103481651030324,Great Lakes. Michigan Jobs.,Great Lakes. Michigan Jobs.,≤100
103565195134756,America First Policy Institute,America First Policy Institute,≤100
1707505176197284,FREOPP,THE FOUNDATION FOR RESEARCH ON EQUAL OPPORTUNITY,≤100
268742029966978,PowerToFly,These ads ran without a disclaimer,≤100
1230571136989811,Top of Mind,Top of Mind,≤100
399067003454888,Sudan Relief Fund,These ads ran without a disclaimer,≤100
100298938781,Robert Wood Johnson Foundation,THE ROBERT WOOD JOHNSON FOUNDATION,≤100
190198574334684,FHE Health,THE FLORIDA HOUSE EXPERIENCE M,≤100
126893748252841,American Firearms Association,American Firearms Coalition,≤100
30914589895,The International Fellowship of Christians and Jews,INTERNATIONAL FELLOWSHIP OF CHRISTIANS & JEWS INC,≤100
427084097477881,AHIP,America's Health Insurance Plans,≤100
36872302227,Cory Booker,CORY BOOKER FOR SENATE,≤100
453146328539290,HealthPlans,Obamacareplans,≤100
113341457791145,Voices for Healthy Green Spaces,Voices for Healthy Green Spaces,≤100
546066468753446,Black Health Matters,BLACK HEALTH MATTERS FOUNDATION INC,≤100
393076844046051,Progressive Caucus,CONGRESSIONAL PROGRESSIVE CAUCUS PAC,≤100
250392878345035,The Focused Pastor,Focus on the Family,≤100
366119653930669,"IMO Legal, LLC- US Immigration Attorney","IMO LEGAL, LLC",≤100
130268756992804,Yale Climate Connections,Yale Climate Connections,≤100
138290759549138,Hope Clinic,Hope Clinic for Women,≤100
458142697588014,AARP Public Policy Institute,AARP,≤100
51533142540,Public Advocate of the U.S.,PUBLIC ADVOCATE OF THE US,≤100
130234313704399,United We Dream,UNITED WE DREAM NETWORK INC,≤100
109599248636777,Consumer Credit Card Protection Coalition,CONSUMER CREDIT CARD PROTECTION COALITION,≤100
104977525752112,Freedom of Patriots,Freedom of Patriots,≤100
138354569532939,"Tradition, Family, Property - TFP","American Society for the Defense of Tradition, Family and Property",≤100
138492335404,Scott Walker,FORWARD USA FEDERAL POLITICAL ACTION COMMITTEE,≤100
87186661244,Johns Hopkins Bloomberg School of Public Health,Johns Hopkins Bloomberg School of Public Health,≤100
102712325850529,Libratum Press,Libratum Press LLC,≤100
100781258379575,SOAA - Special Operations Association of America,Special Operations Association of America,≤100
8446177150,Chosen People Ministries,CHOSEN PEOPLE MINISTRIES INC,≤100
780941275347834,Ilhan Omar,ILHAN FOR CONGRESS,≤100
203156483151292,PassionLife,PassionLife Ministries,≤100
936968016365794,The Eric Metaxas Radio Show,Salem Media,≤100
104681138248125,Tiny Revival Clothing Co.,Tiny Revival Clothing Co.,≤100
747004618667089,Belev Echad,BELEV ECHAD INC,≤100
9364828262,Citizens Against Government Waste,CITIZENS AGAINST GOVERNMENT WASTE,≤100
100373975829221,Fòs Feminista Org,Fòs Feminista,≤100
30914589895,The International Fellowship of Christians and Jews,"INTERNATIONAL FELLOWSHIP OF CHRISTIANS & JEWS, INC.",≤100
103552914774916,Science Moms,Potential Energy Coalition Inc,≤100
170491079663777,The Sentencing Project,"SENTENCING PROJECT INC, THE",≤100
114226275387369,republicEn,republicEn,≤100
1946103095604765,Melinda Katz,Katz NYS,≤100
118385911198439,Trending Politics News,I Love My Freedom,≤100
162244692732,Brennan Center for Justice at NYU Law,"WILLIAM J. BRENNAN CENTER FOR JUSTICE, INC.",≤100
499379343409991,Impact Fund,"IMPACT FUND, THE",≤100
18983389920,Open Society Foundations,Open Society Foundations,≤100
254943996005,Catholic Answers,"CATHOLIC ANSWERS, INC.",≤100
1553978148244954,Build With Strength,Build With Strength,≤100
100781276221423,Protect Choice Ohio,OHIO PHYSICIANS FOR REPRODUCTIVE RIGHTS PAC,≤100
104092062075803,USA Jolt,"Jolt Media, Inc.",≤100
142474049098533,Robert Reich,Inequality Media Civic Action,≤100
1534290989956166,Philanthropy Roundtable,"PHILANTHROPY ROUNDTABLE, THE",≤100
106862204671108,The Deplorable Americans,Justin Gustafson,≤100
140338009367872,Options United,Options United,≤100
1050320055029012,Outrider Foundation,OUTRIDER FOUNDATION INC,≤100
700941689954518,Defend Our Future,Defend Our Future,≤100
101103254533,SOS International,SOS International,≤100
123857614319417,Texas Nationalist Movement,Texas Nationalist Movement,≤100
147702172102998,Honeywell,These ads ran without a disclaimer,≤100
103648802451237,Fair Courts America,Fair Courts America,≤100
173470656019870,The Daily Yonder,CENTER FOR RURAL STRATEGIES,≤100
102204903345,The Vilcek Foundation,"VILCEK FOUNDATION, INC., THE",≤100
181924628560212,Ekō,Ekō,≤100
234142976633158,Wake Up World & Smell the Coffee,Edith Dume Lerner,≤100
102221165021408,Law Forward,"Law Forward, Inc.",≤100
312657362217994,Women's Heart Alliance,Women's Heart Alliance,≤100
106909358810669,Stop RCV,Stop RCV,≤100
43934405787,IPPF,International Planned Parenthood Federation Worldwide Inc,≤100
393932827634250,Dissent Pins,Common Practice,≤100
105549351284853,Ideaspace: U.S. Immigration Policy,"Ideaspace Project, Inc.",≤100
480278498670815,Danimer Scientific,Danimer Scientific,≤100
116821227998416,Protect Women Ohio,Protect Women Ohio,≤100
104377518078467,More Perfect Union,MORE PERFECT UNION FOUNDATION,≤100
474062436008137,Team McCaul,"McCaul for Congress, Inc.",≤100
18813753280,Human Rights Campaign,"HUMAN RIGHTS CAMPAIGN, INC.",≤100
497719423723034,Planned Parenthood California Central Coast,Planned Parenthood California Central Coast,≤100
108024335231493,Tower Climbers Union/CWA,"COMMUNICATIONS WORKERS OF AMERICA, AFL-CIO, CLC",≤100
1428283027462702,Restoration of America,RESTORATION PAC,≤100
110099228407333,Chevron Advocacy Network,Chevron Advocacy Network,≤100
1476342155924546,Big Rig Threads,Big Rig T-Shirts and Decals LLC,≤100
114368811967421,ComEd,COMMONWEALTH EDISON COMPANY,≤100
134627757978,Common Cause Texas,Common Cause Education,≤100
1428755447227803,Defend The Second,Next Level Goods,≤100
710669049286394,Woo the People,Woo the People,≤100
107323051758635,Josh Riley,Josh Riley for Congress,≤100
106959920878115,The Well Done Foundation,"WELL DONE FOUNDATION, INC.",≤100
207985279219826,AARP Rhode Island,AARP,≤100
7263476274,Mercy Corps,Mercy Corps,≤100
91529332807,Congresswoman Chellie Pingree,Congresswoman Chellie Pingree,≤100
195100614324426,The Freedom Initiative,The Freedom Initiative,≤100
1832888600167903,JD for Arlington,JD for Arlington,≤100
48994809349,Ms. Foundation for Women,MS FOUNDATION FOR WOMEN INC,≤100
77278490877,National Corn Growers Association,These ads ran without a disclaimer,≤100
84112077638,Greater Good Charities,GREATERGOOD.ORG,≤100
100484735718366,The Coalition for Carolina,Coalition for Carolina,≤100
343714718985673,Think Wood,Think Wood,≤100
213191459362508,Steve Descano,Friends of Steve Descano,≤100
228132537208218,Tammy Duckworth,TAMMY FOR ILLINOIS,≤100
11029708945,World Politics Review,WORLD POLITICS REVIEW LLC,≤100
106682692418223,Raise Run,High Street LLC DBA Raise Run,≤100
341513602902369,CALL TO ACTIVISM,CALL TO ACTIVISM,≤100
111044621745187,Liberty News,Michael Scott Hughes,≤100
645392368909975,carafem,carafem,≤100
112071038480355,Real News Now,Real News Now,≤100
240719919410268,Elect Ellington,Elect Ellington,≤100
601678723294742,The Bill Walton Show,Resolute Protector Foundation,≤100
163662804426854,Life Advancement Group,Nathan Montgomery Berning,≤100
367292494407,AJC - American Jewish Committee,AMERICAN JEWISH COMMITTEE,≤100
140155342671005,Sempervirens Fund,SEMPERVIRENS FUND,≤100
110124925319299,Save Our Stoves,FLORIDA NATURAL GAS ASSOCIATION INC,≤100
169204449790211,Conservative News Today,BizPac Review,≤100
143173285763,Tenth Amendment Center,Tenth Amendment Center,≤100
29717379728,International Justice Mission,International Justice Mission,≤100
392189600337,Minnesota Nurses Association,"MINNESOTA NURSES' ASSOCIATION, THE",≤100
104659801302856,Anna Kaplan for New York,Anna Kaplan for New York,≤100
1731084720451495,Saprea,The Younique Foundation,≤100
268868046463126,Beacon Center of Tennessee,BEACON CENTER OF TENNESSEE,≤100
18929506878,Maine Women's Lobby,MAINE WOMENS LOBBY,≤100
93565224474,Mercy For Animals,MERCY FOR ANIMALS,≤100
104660195062596,Gen Z Conservative,Michael Scott Hughes,≤100
107084502280437,CA Union Careers,Protect Our Construction Careers,≤100
122269174199638,USA Journal News,USA Features Media LLC,≤100
123624513983,The Western Journal,The Western Journal,≤100
19575923823,Farm Sanctuary,"Farm Sanctuary, Inc.",≤100
225879060980,Habitat for Horses,HABITAT FOR HORSES INC,≤100
93692255431,Bread for the World,"BREAD FOR THE WORLD, INC.",≤100
59572733353,GREY2K USA,GREY2K USA,≤100
117749317947168,I Love USA,These ads ran without a disclaimer,≤100
100284648021034,New Tolerance Campaign,New Tolerance Campaign,≤100
102217212615859,Authur Gorman,These ads ran without a disclaimer,≤100
100346704811820,repurpose_recycling,Repurpose Recycling,≤100
615628355607126,Creative Society,Olga Simakova Schmidt,≤100
176099663659,Armed Services YMCA,ARMED SERVICES YMCA OF THE USA,≤100
89336510798,American Friends of the Hebrew University,American Friends of Hebrew University,≤100
366741496830,Southern California Edison (SCE),Southern California Edison,≤100
108179361951729,Republican Patriots,Tomer Barazani,≤100
208551063368,Dominican Friars of the Province of Saint Joseph,DOMINICAN FOUNDATION,≤100
103766225640972,Darrell Watson for Denver,Watson for Denver,≤100
101759426184502,David Flippo,DAVID FLIPPO FOR NEVADA,≤100
1163811040367180,Food & Water Action,FOOD & WATER ACTION,≤100
487569614682924,CAPP USA,Yellow Line Productions LLC,≤100
1272534336242476,CFR Education,Council on Foreign Relations,≤100
567371470277443,The Wilderness Society Action Fund,The Wilderness Society Action Fund,≤100
291102898490822,Conservative Comedy Store,Conservative Comedy Store,≤100
49059279814,Institute for Justice,INSTITUTE FOR JUSTICE,≤100
780130468736396,McGraw Hill Higher Ed,These ads ran without a disclaimer,≤100
1539972792944463,Forge Leadership Network,Forge Leadership Network,≤100
81517275796,UNICEF USA,These ads ran without a disclaimer,≤100
291391758252756,Wyoming Coalition for a Healthy Retirement,NATIONAL PUBLIC PENSION COALITION,≤100
164498676940373,American Masters,WNET,≤100
103047259150209,What I Want to Know with Kevin P. Chavous,"Stride, Inc.",≤100
2168484930102843,EJ Moonshot,EJ Creations LLC,≤100
50714237985,The Rutherford Institute,RUTHERFORD INSTITUTE,≤100
178806305466196,PANA (Pennsylvania Association of Nurse Anesthetists),PANA (Pennsylvania Association of Nurse Anesthetists),≤100
336442420497121,Consciously,Big Sister Corp.,≤100
269348454714,IMB,"INTERNATIONAL MISSION BOARD OF THE SOUTHERN BAPTIST CONVENTION, THE",≤100
130945114804,World Jewish Congress,WORLD JEWISH CONGRESS AMERICAN SECTION INC,≤100
1406149713044974,Intellectual Judaism,Intellectual Judaism,≤100
506680536015406,HumanProgress.org,"CATO INSTITUTE, INC.",≤100
58043814556,Oklahoma City Memorial Marathon,Oklahoma City Memorial Marathon,≤100
100496342965430,Small Business Financial Group Refunds,These ads ran without a disclaimer,≤100
170116833810081,Eden Green Technology,These ads ran without a disclaimer,≤100
260713150211,Protect Our Winters,Protect Our Winters,≤100
105348224679358,The Don't Unfriend Me Show,DONT UNFRIEND ME,≤100
107936991746783,A Common Sense America,Common Sense America Inc,≤100
114301413446447,The Climate Initiative,Kennebunkport Climate Initiative,≤100
7515233409,"Mikey Weinstein, MRFF",MILITARY RELIGIOUS FREEDOM FOUNDATION,≤100
583258211727279,Shai Fund,SHAI FUND INC,≤100
497949630282962,Retirement Specialty Group,Retirement Specialty Group,≤100
192738164073627,A Better Balance,A Better Balance,≤100
143981748956175,Rural Assembly,Rural Assembly,≤100
104614641200137,MeidasTouch,MEIDASTOUCH,≤100
104981939210693,Clayton Keirns,I Love My Freedom,≤100
19459912688,StandWithUs,StandWithUs,≤100
165734163437699,"Little, Brown and Company","Hachette Book Group, Inc.",≤100
342887442508723,Convention of States,These ads ran without a disclaimer,≤100
147126507164,ACTwireless,ACTwireless,≤100
939960396036229,Greenily - Your Family Only Greener,"Greenily, LLC",≤100
108288858743920,Save More Waste Less,These ads ran without a disclaimer,≤100
12301006942,Democratic Party,BIDEN VICTORY FUND,≤100
323092041667359,I Am James: The Thinking Contractor,These ads ran without a disclaimer,≤100
117819650905617,Red Wave News,Tomer Barazani,≤100
114720264544782,Moving Forward,Seniors Today USA,≤100
102490504962117,Phade products,Phade products,≤100
192609620649,The University of Chicago,The University of Chicago,≤100
346612865750115,Korea Defense Veterans Association,Korea Defense Veterans Association,≤100
84645912778,Prosperity Now,PROSPERITY NOW,≤100
303374266418976,AFPM,American Fuel & Petrochemical Manufacturers,≤100
261951940219,Goldman Environmental Prize,Goldman Environmental Foundation,≤100
304842759546695,Brooklyn Institute for Social Research,Brooklyn Institute for Social Research,≤100
734177450055669,Congressman Anthony D'Esposito,Congressman Anthony D'Esposito,≤100
105861441295494,97Percent,97PERCENT ORG INC,≤100
143089732792,Marsha Blackburn,Blackburn Tennessee Victory Fund,≤100
59877921429,Lutheran Immigration and Refugee Service,"LUTHERAN IMMIGRATION AND REFUGEE SERVICE, INC.",≤100
103277109172874,The Original Lou's News,Michael Scott Hughes,≤100
269150413103084,Xulon Press,These ads ran without a disclaimer,≤100
101204378825808,Fight the Right,FIGHT THE RIGHT PAC,≤100
320823520454,Enough Is Enough,Enough is Enough,≤100
109475211795252,Freedom From The Press,Michael Scott Hughes,≤100
316955281351,APWU - The American Postal Workers Union,AMERICAN POSTAL WORKERS UNION,≤100
449532451834913,Fishers Finery,Fishers Finery,≤100
1425435377743310,Conversations with Bill Kristol,FOUNDATION FOR CONSTITUTI,≤100
113193773704017,Select-Justice,"Select Justice, LLC",≤100
984421991732710,Paycheckology,Paycheckology,≤100
117214891638398,Street Grace,Street Grace Inc,≤100
102875587947942,Our President Forever,Our President Forever,≤100
232467307162583,Farm Action,Family Farm Action,≤100
213604395372399,ABWE,These ads ran without a disclaimer,≤100
55549065733,Voto Latino,VOTO LATINO INC.,≤100
101350839190816,Macro Conservative,Macro Conservative,≤100
101452022677460,Nathan Focht - for Mayor of Minneola,Nathan Focht Campaign,≤100
1835838916635491,Transamerica Institute,Transamerica Center for Health Studies,≤100
19342050934,Leadership Institute,LEADERSHIP INSTITUTE INC,≤100
10606591490,TIME,TIME USA LLC,≤100
28483858161,Texas Scorecard,ScorecardMedia,≤100
163662804426854,Life Advancement Group,Life Advancement Group,≤100
100710759119069,Blue Planet Ecosystem,Blue Planet Ecosystem,≤100
109366181861530,President Trump is My Wingman,Michael Scott Hughes,≤100
78420171887,Sailors for the Sea,OCEANA INC,≤100
27544763621,Prison Fellowship,Prison Fellowship,≤100
106282390902223,PHCA,PHCA,≤100
1654550184799326,RetireSafe,RetireSafe,≤100
142932506806,Texas Alliance for Life,"Texas Alliance for Life, Inc.",≤100
109284291894484,American News Stories,Michael Scott Hughes,≤100
92729316952,Covanta,Covanta,≤100
104483742449646,CenterClip,"CenterClip, Inc.",≤100
38234604057,PEN America,PEN AMERICAN CENTER INC,≤100
186977768011413,Ironworkers Rising,"International Association of Bridge, Structural, Ornamental, and Reinforcing Iron Workers",≤100
101374728149342,A Starting Point,A Starting Point LLC,≤100
100768036281308,Right Our Story,Right Our Story,≤100
116952797951576,Fiveo Finder,These ads ran without a disclaimer,≤100
95135221781,Federal News Network,Federal News Network,≤100
108774614054683,American Edge Project,American Edge,≤100
1382441768496365,Pentair,PENTAIR,≤100
105169114225957,Coalition for Responsible Exit,Coalition for Responsible Exit,≤100
107645227592678,To Which We Belong,Mystic Artists,≤100
1602846363276801,Chris Winslow,Friends of Chris Winslow,≤100
107414074990650,Defense of Freedom Institute,"Defense of Freedom Institute for Policy Studies, Inc.",≤100
101178056237537,Alaska Public Pension Coalition,Alaska Public Pension Coalition,≤100
104588042638574,"Healing Minds, Powering Communities","FOUNTAIN HOUSE, INC.",≤100
442369942871531,Michelle McKissack,COMMITTEE TO ELECT MICHELLE MCKISSACK,≤100
112608961563185,Revival Foundation DC,These ads ran without a disclaimer,≤100
110094158160834,The American Tribune,Michael Scott Hughes,≤100
487571108071357,Affordable Healthcare Coalition of NC,Affordable Healthcare Coalition of NC,≤100
431019887282794,Tomorrow's World Today,Flying Cork,≤100
102230249080409,Freedom First,Jennifer Ann Robertson,≤100
1505244559517282,Colin Allred,COLIN ALLRED FOR SENATE,≤100
85945492130,EnergyBoom,Energy Boom,≤100
227594571444676,Building New York's Best,Carpenter Contractor Alliance of Metropolitan New York,≤100
999556810102061,Signature Seas,Signature Seas,≤100
161151357262063,Fountain House,"FOUNTAIN HOUSE, INC.",≤100
502151103244047,Join RSO,RIVERSIDE COUNTY SHERIFFS DEP,≤100
249467225254927,The Love > hate Project,LOVE GREATER THAN HATE PROJECT,≤100
494259170754224,Keeping IDentities Safe,KEEPING IDENTITIES SAFE,≤100
300748678230,Tennessee Department of Economic and Community Development,Tennessee Department of Economic and Community Development,≤100
162069790604,AARP Arizona,AARP,≤100
107409909326665,Stephen Wise Free Synagogue,"WISE, STEPHEN FREE SYNAGOGUE",≤100
137662367278,League of Women Voters of the US,LEAGUE OF WOMEN VOTERS OF THE UNITED STATES,≤100
103478796015358,Neverbackdown,NEVER BACK DOWN INC.,≤100
212377122105873,Chubbies,These ads ran without a disclaimer,≤100
20603236087,Love146,"LOVE146, INC.",≤100
106905656797560,Nia Tero,Nia Tero Foundation,≤100
101670979560788,Reel Police,BizPac Review,≤100
102420431749179,Raging Americans,Tomer Barazani,≤100
106991680977880,B'Nai Or Congregation,These ads ran without a disclaimer,≤100
1448985902033866,Trans Lifeline,Trans Lifeline,≤100
7357041101,Tammy Baldwin,TAMMY BALDWIN FOR SENATE,≤100
345653475580468,Don Huffines,Don Huffines,≤100
142260190351,Comment Magazine,"Cardus, Inc.",≤100
111602851812461,Dr. BCW - Beyond Clinical Walls,These ads ran without a disclaimer,≤100
102027764795677,American Wire,BizPac Review,≤100
2012750189007245,Liquid Death,These ads ran without a disclaimer,≤100
266602360083204,The Children's Trust,"CHILDREN'S TRUST, INC",≤100
223608490170,The Ruth Institute,The Ruth Institute,≤100
107766235181961,The Nunn Report,The Nunn Report,≤100
142957224352,International Medical Corps,International Medical Corps,≤100
108537340548276,"Haiku, Inc.",Kyle Reyes,≤100
403737406341879,National Women's Health Network,NATIONAL WOMENS HEALTH NETWORK,≤100
101377889168483,Gumbo Limbo Coastal Stewards,"Gumbo Limbo Coastal Stewards, Inc.",≤100
214061167976,El Tiempo Latino,MASTV EL PLANETA LLC,≤100
7268844551,Rotary International,ROTARY INTERNATIONAL,≤100
430869277025501,Dr. Nancy O'Reilly,"WOMEN CONNECT4GOOD, INC.",≤100
104521238896557,June Marie Paintings,June-Marie Paintings,≤100
262610761306,Counterpoint Press,Counterpoint Press,≤100
102596355656379,Red Wave News Updates,Michael Scott Hughes,≤100
107308698272177,Gas Leaks Action,Gas Leaks Action,≤100
1444820465547227,Rank the Vote,Rank the Vote,≤100
238473269650980,Capital & Main,CAPITAL & MAIN,≤100
55708608675,RAND Corporation,"RAND CORPORATION, THE",≤100
234744096655497,Alliance For Early Success,Alliance for Early Success,≤100
508887815910815,BPR,BizPac Review,≤100
133764907211570,Concerned Citizen,Concerned Citizen,≤100
111160625114619,Semi Bird For Governor Of Washington,Bird For Governor,≤100
829204870577450,The Revolution of Love,The Revolution of Love,≤100
1918045064956046,English To Dream - Онлайн Классы Английского Языка,These ads ran without a disclaimer,≤100
20239752285,The American Prospect,"The American Prospect, Inc.",≤100
1832744013698336,Mahogany Mommies,Mahogany Mommies,≤100
147523538641547,Capitol Ministries,CAPITOL MINISTRIES,≤100
103924366317577,"United American Indian Involvement, Inc.",Joseph Angel Quintana,≤100
114513494875415,America's Freedom Page,USA Features Media LLC,≤100
399060493533519,The Justice Foundation,JUSTICE FOUNDATION,≤100
497348647140658,Point Source Youth,Point Source Youth,≤100
349528025129958,"Brevard County Sheriff's Office, Florida (Official)",Robert Wayne Ivey,≤100
100374392742057,Weregreenly- Magazine,These ads ran without a disclaimer,≤100
101769576791,Health Action Network,Health Action Network,≤100
110624247393153,Republican Ads,"Republican Ads, LLC",≤100
1560105467624797,Generation180,Generation180,≤100
154670481249867,PowerSwitch Action,PowerSwitch Action,≤100
104873005081197,Repro Legal Defense Fund,IF/WHEN/HOW,≤100
47429735799,Miami-Dade County Government,Miami-Dade County,≤100
157916567589272,Greater Capital Area Association of Realtors (GCAAR),Greater Capital Area Association of REALTORS®,≤100
110010433804232,Standing For Freedom Center,Standing for Freedom Center,≤100
113496178208014,Protecting Our Democracy,Protecting Our Democracy,≤100
839158786226886,Two Party Opera,Brian Thomas Carroll,≤100
131664893560695,Origins OSU,Origins: Current Events in Historical Perspective,≤100
252814820267,HIAS,HIAS,≤100
1907921789531594,The History of Black Philadelphia,Gregory L Johnson,≤100
35677414105,National Kidney Foundation,NATIONAL KIDNEY FOUNDATION INC,≤100
239452426714,American Action Network,American Action Network,≤100
101581329115492,Freedom Street,Michael Scott Hughes,≤100
172758932738142,PhRMA,PHARMACEUTICAL RESEARCH AND MANUFACTURERS OF AMERICA,≤100
105421802441162,Congressman Mike Ezell,Congressman Mike Ezell,≤100
101716172441500,Brennan Center en Español,"WILLIAM J. BRENNAN CENTER FOR JUSTICE, INC.",≤100
5647744585,PETA (People for the Ethical Treatment of Animals),"PEOPLE FOR THE ETHICAL TREATMENT OF ANIMALS, INC.",≤100
77485293762,Associated General Contractors of Maine,Associated General Contractors of Maine,≤100
54820342268,National Association of Secondary School Principals (NASSP),These ads ran without a disclaimer,≤100
154899547637,TechnoServe,"TechnoServe, Inc",≤100
143784945647421,Death with Dignity,DEATH WITH DIGNITY NATIONAL CENTER,≤100
109807943719796,Nothing Is Going To Get Better,Nothing Is Going To Get Better,≤100
174941115857811,Campaign for Southern Equality,Campaign for Southern Equality,≤100
225422650854192,Election Systems & Software,Election Systems & Software,≤100
112912573793125,Rise Up for Justice,Avrom L Altman,≤100
5878048748,GlobalGiving,"GLOBALGIVING FOUNDATION, INC.",≤100
101586078357081,Peter Demos,Peter Demos,≤100
100637631678746,Conservative News Daily,Conservative News Daily,≤100
174467403129304,Townhall USA,Yoopine Inc.,≤100
100723032929470,Fiveo Hints,These ads ran without a disclaimer,≤100
1605295603062909,Hot Seat for Judges,Terri Lynn Day,≤100
260950614010259,Sandra Cano,Sandra Cano for Congress,≤100
103747761393271,Lootpress,Lootpress,≤100
105599502191866,Florida Jolt,"Jolt Media, Inc.",≤100
102421369434228,Goose's News Daily,Justin Gustafson,≤100
102868946106278,Reel Congress,BizPac Review,≤100
341163402640457,NowThis,These ads ran without a disclaimer,≤100
1731753830377840,Districts Make the Difference,CALIFORNIA SPECIAL DISTRICTS ASSOCIATION,≤100
624956794270316,Jack Heidel,John Willard Heidel,≤100
2361139837508625,Animal Victory,"One Red Lion, Inc DBA Animal Victory",≤100
205474322799982,DC Black Pride,Kenya Anthony Hutton,≤100
270826723039149,The Coalition to Protect Americas National Parks,"COALITION OF NATIONAL PARK SERVICE RETIREES, INC.",≤100
302111635698,National Association of Tax Professionals (NATP),National Association of Tax Professionals,≤100
225902781414,William Gheen President of Americans for Legal Immigration,AMERICANS FOR LEGAL IMMIGRATION PAC,≤100
123460781200,Alon Ben-Meir,Alon Ben-Meir Inc,≤100
1382031428685910,John Whitmire,John Whitmire Campaign,≤100
165674110118949,Clearing out the Clutter,Colin David Moore,≤100
109465560444254,Roce Today,I-ROCE LLC,≤100
13867925345,Equality Florida,Equality Florida,≤100
1526736227567131,TrueCoverage,True Coverage,≤100
830162603716633,Andy Beshear,Andy Beshear for Governor,≤100
215479992305641,Becoming Young,Becoming Young,≤100
899843763521678,Call Center Workers United,"COMMUNICATIONS WORKERS OF AMERICA, AFL-CIO, CLC",≤100
108913648781152,Hardworking Americans,Hardworking Americans Inc,≤100
338218229911752,Integrity First PAC,INTEGRITY FIRST PAC,≤100
117592091643709,Tree of Life Ministries｜Evangelism in Israel,Tree of Life Ministries,≤100
101901309495041,"Juvenile Court Injustices, Cuyahoga County Edition",Job Michael Lesko,≤100
106058025408954,Do No Harm Medicine,Do No Harm,≤100
101346504622557,TAPTP - Texas Association of Property Tax Professionals,Texas Association of Property Tax Professionals,≤100
217187838327836,The Story Exchange,The Story Exchange Foundation,≤100
296451777564823,Indiana Environmental Reporter,Indiana Environmental Reporter,≤100
268672113155656,The Expectations Project,THE EXPECTATIONS PROJECT INC,≤100
116945211276055,Make America Florida,Logan Thomas Corson,≤100
37461287798,Jesuit Refugee Service/USA,JESUIT REFUGEE SERVICE INC,≤100
296451777564823,Indiana Environmental Reporter,These ads ran without a disclaimer,≤100
6334782252,Oceana,OCEANA INC,≤100
106124975682358,Jimmy Fondren for Mississippi House District 111,Committee To Elect Jimmy Fondren,≤100
67945990059,The American Petroleum Institute,The American Petroleum Institute,≤100
183484875153093,Kim Monson Show,The Kim Monson Show,≤100
142914269087072,Cornell Lab of Ornithology,Cornell Lab of Ornithology,≤100
275947565591,"Woods and Woods, LLC, The Veteran's Firm","Woods & Woods, LLC",≤100
273546779885377,The Gallant Pelham,"delupton, LLC",≤100
248389312777,AANA / American Association of Nurse Anesthesiology,American Association of Nurse Anesthetists,≤100
101330089548224,John Burrows for Congress,John Burrows for Congress,≤100
513695272011123,The Genesis Prize,GPF NA LLC,≤100
113026817019341,Steve Connally's Brain,Steve Connally's Brain,≤100
723394465079640,The Lion,Stanley M. Herzog Charitable Foundation,≤100
114890944848624,Will Murphy for Congress,William Murphy,≤100
89234192992,American Heritage Education Foundation,"AMERICAN HERITAGE FILMS, LLC",≤100
110752528341901,Brian Nietzel,Brian Bates Nietzel,≤100
133937690180,Student Conservation Association,Student Conservation Association,≤100
428330877769054,Ask Anything,Ask Anything,≤100
102286035642350,Patriots for USA,USA Features Media LLC,≤100
189764987822613,Arcane Treasures Antique Store WWII Items And Other Oddities,Christopher Jarom Vitrano,≤100
100806242836871,Preservation Pause,University of Arizona Indigenous Peoples Law and Policy Program,≤100
208070503032,Beltrami Electric Cooperative,BELTRAMI ELECTRIC CO-OP INC,≤100
107214875027152,The First Step,MERIDIAN HILL PICTURES LLC,≤100
107461545589929,The Gen Z Conservative,Logan Thomas Corson,≤100
773432316041673,Calvary South Austin,Calvary South Austin,≤100
115629791509819,Stateline,States Newsroom,≤100
114440734963600,Reel Tucker,BizPac Review,≤100
220538341415523,The Satanic Temple,The Satanic Temple,≤100
282445231921531,Stop the Trafficking 5K Walk/Run,"GRACE CHURCH OF MINNESOTA, INC",≤100
103929304678916,Voter Action Project,Integrity First Voter Action Project,≤100
269908037561,Missourians to Abolish the Death Penalty,Missourians to Abolish the Death Penalty,≤100
105459502486597,Patrick Reeder for Huntingdon County Commissioner,Patrick Reeder for Huntingdon County Commissioner,≤100
150720154976207,Protect My Public Media,"APTS Action, Inc.",≤100
1359505927455440,Global Health NOW,Johns Hopkins Bloomberg School of Public Health,≤100
125631244115483,The Colleges of Law,These ads ran without a disclaimer,≤100
452797224923658,The Democratic Coalition,THE DEMOCRATIC COALITION,≤100
10524033745,Remote Area Medical - RAM,REMOTE AREA MEDICAL,≤100
82223469060,ACN - Aid to the Church in Need,"AID TO THE CHURCH IN NEED, INC.",≤100
398233886974905,Mike Grieco for Miami Beach Mayor,"Mike Grieco for Miami Beach Mayor, non-partisan",≤100
65538457518,The Village Square,TO THE VILLAGE SQUARE INC,≤100
102476542756766,Congregación . mx fe y esperanza,These ads ran without a disclaimer,≤100
103326878194320,New Americans for Biden-Harris,These ads ran without a disclaimer,≤100
148205145252473,Backcountry Hunters & Anglers,Backcountry Hunters & Anglers,≤100
116358734788984,souls_not_for_sale,These ads ran without a disclaimer,≤100
40973310753,Pathfinder International,Pathfinder International,≤100
116959684607868,Patriots in Beatrice & Gage County,These ads ran without a disclaimer,≤100
111131133551811,The Locke Society,Locke Society Inc,≤100
103169859372598,Brown Girls Health,These ads ran without a disclaimer,≤100
109343231965723,Better PA Roads & Bridges,Better Pennsylvania Roads and Bridges,≤100
261427534218882,we are,WORKING TO EXTEND ANTI-RACIST EDUCATION,≤100
319590394914645,"Valhalla Iron Company, LLC",These ads ran without a disclaimer,≤100
240425642652222,South Florida Wildlands Association,South Florida Wildlands Association,≤100
133294620046953,Mission India,MISSION INDIA INC,≤100
262536810935097,Housing Is A Human Right,AIDS HEALTHCARE FOUNDATION,≤100
59543893235,National Constitution Center,National Constitution Center,≤100
1593207630901165,"DeWitt Law Firm, PLLC","DeWitt Law Firm, PLLC",≤100
401240226922554,VoLo Foundation,VoLo Foundation,≤100
115766315101175,"Phillips Farms of Cary, NC",These ads ran without a disclaimer,≤100
111027456985128,Lavinia Goodell,Nancy A Kopp,≤100
2001831300143832,Conversations with Jim Zirin,Conversations with Jim Zirin,≤100
37266625280,Marc Molinaro,MARC FOR US,≤100
39813692310,Michigan Democratic Party,MICHIGAN DEMOCRATIC STATE CENTRAL COMMITTEE,≤100
121093970983472,Heat Pump Nation,Heat Pump Nation,≤100
109068551731974,Sillychillly,Marc Alan Goldstein,≤100
122894447754361,Institute for New Economic Thinking,"INSTITUTE FOR NEW ECONOMIC THINKING, THE",≤100
102415608852755,Settle In,INTERNATIONAL RESCUE COMMITTEE INC,≤100
108448004014806,Tim Anderson For Virginia,Friends of Tim Anderson,≤100
311901101987,"The Seeing Eye, Inc.",SEEING EYE INC,≤100
613924535450605,Daniel L. Hatcher,Daniel Landon Hatcher,≤100
384006901653736,The Moore Charitable Foundation,Moore Charitable Foundation,≤100
101564054951838,We The Forest,We The Forest,≤100
15041226930,Oxfam,"OXFAM AMERICA, INC.",≤100
109910955394246,JC Trujillo for Mayor,JC for Socorro Mayor,≤100
193570347796177,IBD Social Circle,These ads ran without a disclaimer,≤100
105334892381660,AmericanTowns Politics,AMERICAN TOWNS,≤100
101466816025710,Renew Healthcare,Quantum Digital Media Inc.,≤100
113205131621824,WorldOrder.News,WorldOrder.News,≤100
929799807078079,CITIZENARTS,CITIZENARTS EDUCATION COMPANY,≤100
108055422558370,Black Rose Writing,These ads ran without a disclaimer,≤100
36085812354,Rainforest Foundation US,"Rainforest Foundation, Inc.",≤100
110026728309807,Strother for Virginia,Philip Strother,≤100
594519783957655,Citizens for National Security,Citizens For National Security,≤100
112586460435003,Dj Mac-KYSFM,Kossi Azoumaro,≤100
106524405582141,Settle In for Ukrainians,INTERNATIONAL RESCUE COMMITTEE INC,≤100
105060269781,Premiere Collectibles,"Premiere Marketing, Inc.",≤100
1374906906166064,The Policy Circle,The Policy Circle,≤100
1914537155242810,Life: Powered,Texas Public Policy Foundation,≤100
235039782048,Array of Hope,ARRAY OF HOPE,≤100
108632725501088,Star-M Study,These ads ran without a disclaimer,≤100
129064750465027,Women's Earth Alliance,Earth Island Institute,≤100
45013872425,The Ripon Society,RIPON SOCIETY,≤100
711909245654048,National Police Support Fund,National Police Support Fund,≤100
584565811652765,Missouri Rural Crisis Center,Missouri Rural Crisis Center,≤100
78252502913,Jhpiego,Jhpiego,≤100
351611071549668,Post and Courier Columbia,Post and Courier Columbia,≤100
478363116268504,Teamsters United Local 700,Benjamin Perez,≤100
59473866945,Oregon AFL-CIO,OREGON AFL-CIO,≤100
115031433563622,Leading Ladies,BizPac Review,≤100
2321993911380376,Dr. Patricia Campos Medina,Cristina Coll,≤100
56074851990,Truth Initiative,TRUTH INITIATIVE FOUNDATION,≤100
21813808850,American Battlefield Trust,American Battlefield Trust,≤100
34631809525,PP Pennsylvania Advocates,Planned Parenthood Pennsylvania Advocates,≤100
2259323457517498,Abolish the Electoral College,Abolish the Electoral College,≤100
5637143257,The Boston Globe,These ads ran without a disclaimer,≤100
300992409852,Hoover Institution,Hoover Institution,≤100
143063095713907,Hep,"CDM PUBLISHING, LLC",≤100
102356589314098,Political Comms,Political Comms LLC,≤100
112040085538227,Denver Elections,Denver Elections Division,≤100
105364689143415,WTFP Today,These ads ran without a disclaimer,≤100
67198072267,Michigan Capitol Confidential,Michigan Capitol Confidential,≤100
2188424341404612,Project Ready,Project Ready,≤100
141165705140,Veteran Feminists of America,These ads ran without a disclaimer,≤100
100690044889271,State Attorney Monique H. Worrell - Ninth Judicial Circuit,State Attorney Monique H. Worrell - Ninth Judicial Circuit,≤100
180230069923,American Life League,American Life League,≤100
114665075250432,The Zalkin Law Firm,"The Zalkin Law Firm, P.C.",≤100
278052172260101,ZERO TO THREE,ZERO TO THREE,≤100
114760971563756,RJ Now,These ads ran without a disclaimer,≤100
103535788939931,The Border Chronicle,The Border Chronicle,≤100
252126914850996,Labor Campaign for Single Payer,Labor for Single-Payer Healthcare,≤100
43853729859,Campaigns & Elections,Political World Communications,≤100
120438970989312,View Finder Arts,These ads ran without a disclaimer,≤100
115270001513468,Stitch for Sheriff,Stitch for Sheriff,≤100
671704926189978,Dan Benson for NJ,Friends of Dan Benson,≤100
1021724717913869,Bantam Communications,Bantam Communications,≤100
523938087747648,Catapult,Catapult,≤100
96315553086,Crop Insurance Keeps America Growing,Crop Insurance Keeps America Growing,≤100
106173954441209,badasstran,These ads ran without a disclaimer,≤100
1166660030079480,National Democratic Redistricting Committee,National Democratic Redistricting Committee,≤100
100722946373498,The Freedom Factory,These ads ran without a disclaimer,≤100
2436403486378786,Tim Temple,Tim Temple Campaign,≤100
102486559194712,Private Equity Stakeholder Project,Climate Nexus - Rockefeller Philanthropy Advisors Sponsored Project,≤100
104006848444116,Australian Lyme Crimes the Global Disgrace,These ads ran without a disclaimer,≤100
115121535188191,Economist Impact events,These ads ran without a disclaimer,≤100
100318731865940,Motor Searches,These ads ran without a disclaimer,≤100