﻿Page ID,Page name,Disclaimer,Amount spent (NZD)
337477311451,New Zealand Labour Party,NZ Parliamentary Service on behalf of New Zealand Labour Party,≤100
111699101849124,Ōu Huatau Hauora | Your Views On Health,Ministry of Health,≤100
11870725774,Greenpeace Aotearoa,Greenpeace NZ,≤100
106194579030381,Doctors Without Borders / Médecins Sans Frontières NZ,Doctors Without Borders / Médecins Sans Frontières NZ,≤100
92043134118,ACT,ACT,≤100
183355881680015,New Zealand National Party,New Zealand National Party,≤100
116362033529,Amnesty International Aotearoa New Zealand,Amnesty International Aotearoa New Zealand,≤100
103294052679561,Kiwis Backing Farmers,Beef + Lamb NZ,≤100
37547788323,UNICEF Aotearoa,UNICEF Aotearoa,≤100
173912362663564,Electoral Commission NZ,Electoral Commission NZ,≤100
175954932952,WWF New Zealand,WWF New Zealand,≤100
376006035816016,Storyworth,These ads ran without a disclaimer,≤100
165702023478421,Family First New Zealand,Family First New Zealand,≤100
451907931984042,Speak Up For Women NZ,Speak Up For Women NZ,≤100
19648092895,Tearfund New Zealand,Tearfund New Zealand,≤100
109145321007464,Groundswell NZ,Groundswell NZ,≤100
110909661534199,The Common Room NZ,The Common Room NZ,≤100
100432998389927,Karen Chhour MP,ACT,≤100
118841047834260,Silenced Documentary NZ,These ads ran without a disclaimer,≤100
147902845293390,New Zealander of the Year Awards,New Zealander of the Year Awards,≤100
1846207688941551,Ministry for the Environment,Ministry for the Environment,≤100
23625700722,Oxfam,Oxfam Aotearoa,≤100
123674487757196,New Zealand Nurses Organisation - NZNO,New Zealand Nurses Organisation - NZNO,≤100
305655596286980,Paul Goldsmith,NZ Parliamentary Service on behalf of Paul Goldsmith MP,≤100
196967540964595,Mindful Money,Mindful Money,≤100
110910531830985,David MacLeod for New Plymouth,"David MacLeod, National Party Candidate for the New Plymouth Electorate",≤100
109439615316279,Just Say No,Just Say No,≤100
371913763842,Te Kāhui Tika Tangata Human Rights Commission,Te Kāhui Tika Tangata Human Rights Commission,≤100
1281262645251755,Hobson's Pledge,Hobson's Pledge,≤100
213708008642996,Pink Shirt Day Aotearoa,Mental Health Foundation of New Zealand,≤100
110077017479600,One Sun in the Sky,Ewen Frank Mcqueen,≤100
185590638873,NZHL Home Loans / Insurance,NZHL Home Loans / Insurance,≤100
105681068874945,Ag Matters,New Zealand Agricultural Greenhouse Gas Research Centre,≤100
103549809343092,Miles Anderson for Waitaki,Miles Anderson for Waitaki,≤100
1609645495950424,James Shaw,The NZ Parliamentary Service on behalf of the Green Party,≤100
104501819255827,Vanessa Weenink for Banks Peninsula,Vanessa Weenink for Banks Peninsula,≤100
112431991697294,Animal Justice Party Aotearoa NZ,Animal Justice Party Aotearoa NZ,≤100
134871109877812,Save the Children New Zealand,Save the Children New Zealand,≤100
224272831430679,Voice for Life Dunedin,Voice for Life Dunedin,≤100
110725517909213,Future Sure,These ads ran without a disclaimer,≤100
28312410177,World Food Programme,These ads ran without a disclaimer,≤100
104099512361482,Funnies Now - Magazine,These ads ran without a disclaimer,≤100