﻿Page ID,Page name,Disclaimer,Amount spent (EUR)
101962028006886,ΕΣΠΑ,ΕΣΠΑ - Υπουργείο Ανάπτυξης και Επενδύσεων,≤100
1637375619619220,Άγγελος Αγραφιώτης,Άγγελος Αγραφιώτης,≤100
721977794806332,Mikelis Chatzigakis - Μικέλης Χατζηγάκης,Mikelis Chatzigakis,≤100
182135109370647,Φώτης Βρέκος,Φώτης Βρέκος,≤100
440131953481694,Χρήστος Τριαντόπουλος - Christos Triantopoulos,Χρήστος Τριαντόπουλος - Christos Triantopoulos,≤100
110365908640075,,Νίκος Παπαπέτρος - Υποψήφιος Δήμαρχος Βόλου,≤100
34848567724,Kyriakos Mitsotakis,ΝΕΑ ΔΗΜΟΚΡΑΤΙΑ,≤100
178362315106,European Parliament,European Parliament,≤100
2015741128732441,Χρήστος Δ. Καπετάνος,CHRISTOS KAPETANOS,≤100
239059192856378,parapolitika.gr,parapolitika.gr,≤100
108584652164002,Απόστoλoς Πέκας,Apostolos Pekas,≤100
641412085923105,Ρένα Καραλαριώτου - Rena Karalariotou,Ρένα Καραλαριώτου - Rena Karalariotou,≤100
192906947432657,Protagon.gr (official),Protagon.gr (official),≤100
102174082694672,Αγγελική Τεντολούρη,Αγγελική Τεντολούρη,≤100
100771372008093,powergame.gr,POWERGAME,≤100
117072912198,protothema.gr,Protothema.gr,≤100
117261614999869,Γραφείο του Ευρωπαϊκού Κοινοβουλίου στην Ελλάδα,Γραφείο του Ευρωπαϊκού Κοινοβουλίου στην Ελλάδα,≤100
115783488126895,Ματθαίος Δραμητινός - Υποψήφιος Βουλευτής Μαγνησίας,Matthaios Dramitinos,≤100
91877963116,WWF Greece,WWF Greece,≤100
161391173874660,"Tetra Pak - Προστατεύει Ό,τι Είναι Καλό",Tetra Pak Hellas,≤100
103638701019189,Pavlos Marinakis,Pavlos Marinakis,≤100
526882294515877,Νίκος Παπαθανάσης - Nikos Papathanasis,Nikos Papathanasis,≤100
121140287553719,,George Vaira,≤100
363043533801771,Grant Thornton Greece,Grant Thornton Greece,≤100
1438293789797221,ecoelastika,ecoelastika,≤100
159977541380043,The President,The President,≤100
345120415540164,Mama365,Mama365.gr,≤100
104299506270374,Euro2day,Euro2day,≤100
82362291274,ΝΕΑ ΔΗΜΟΚΡΑΤΙΑ,ΝΕΑ ΔΗΜΟΚΡΑΤΙΑ,≤100
139872412072,Coca-Cola 3E,COCA-COLA ΤΡΙΑ ΕΨΙΛΟΝ ΕΛΛΑΔΟΣ Α.Β.Ε.Ε.,≤100
261088024606426,"Κωνσταντίνος Μαραβέγιας, Βουλευτής Νομού Μαγνησίας - Νέα Δημοκρατία",These ads ran without a disclaimer,≤100
104871439107989,Justice Initiative Greece,Justice Initiative Greece,≤100
102994662682693,Σωτήρης Βούλγαρης-Sotiris Voulgaris,Σωτήρης Βούλγαρης-Sotiris Voulgaris,≤100
104692221824082,Energymag.gr,Energymag,≤100
105845878599873,Πατριωτική Ένωση - Πρόδρομος Εμφιετζόγλου,Πανελλήνια Πατριωτική Ένωση,≤100
103003561922627,MotorOne.gr,MotorOne.gr,≤100
108183264211965,UNICEF Greece,UNICEF Greece,≤100
117037629671698,BusinessDaily,Business Daily,≤100
142786442458509,Onassis Stegi,ONASSIS STEGI,≤100
2428107534084155,DailyPost.gr,ΝΟΗΣΙΣ ΙΚΕ,≤100
224407310782,Εκδόσεις Διόπτρα - Dioptra Publications,Εκδόσεις Διόπτρα,≤100
103057864872953,Radar,Radar.gr,≤100
782442791937028,Κωστας Γκαβογιαννης,Γκαβογιαννης,≤100
111151151051341,Debater,debater,≤100
103754084863302,Εκδόσεις Επίκεντρο,Εκδόσεις Επίκεντρο,≤100
2131206810510315,George Vrettakos,Γεωργιος Βρεττακος,≤100
129641880407509,Βασίλης Σπανάκης,Βασίλης Σπανάκης,≤100
134135906635470,newsbomb.gr,newsbomb.gr,≤100
1784302725130457,Ahmadiyya Muslim Community Greece,Atta Ul Naseer,≤100
1375259192718674,The TOC,The TOC,≤100
639821096138707,Αντιδημαρχία Πολιτισμού και Επιστημών Δήμου Λαρισαίων,Panagiotis Sapkas,≤100
1867952363274780,economico.gr,Theodoros Kaloudis,≤100
1149049031856207,Followgreen,FOLLOWGREEN IKE,≤100
177019799011347,Médecins du Monde Greece - Γιατροί του Κόσμου,Γιατροί του Κόσμου,≤100
101011924607948,Δόμνα Μιχαηλίδου - Domna Michailidou,Δόμνα Μιχαηλίδου - Domna Michailidou,≤100
10348684611,Esquire Greece,Esquire Greece,≤100
107718178601878,Banks.com.gr Business News,ETHOS MEDIA,≤100
427461580226,iatronet,Iatronet Ltd,≤100
187536188017430,Άγγελος Τσιγκρής,Angelos Cigris,≤100
416108978726501,Ανδρέας Σπυρόπουλος,Ανδρέας Σπυρόπουλος,≤100
294443673994778,Lykavitos,HT PRESS ONLINE IKE,≤100
91654723211,Mihalis Katrinis,Mihalis Katrinis,≤100
111425493668770,Θανάσης Οικονόμου,Αθανασιος Οικονομου,≤100
105249502133823,Election Leaders - Πολιτικό Marketing,Election Leaders,≤100
108950054276789,GEK TERNA Group of Companies,GEK TERNA GROUP,≤100
31324524225,Greenpeace Greece,Greenpeace,≤100
186848962521,capital.gr,www.capital.gr,≤100
1748153855406537,vradini.gr,vradini.gr,≤100
484835391675652,Ahepa Hellas,Ahepa Hellas,≤100
359612061446497,iEidiseis.gr,NEWSROOM Α.Ε.,≤100
551917914903015,ekriti.gr,ekriti.gr,≤100
330287487812887,Κώστας Πετρίδης,Konstantinos Petridis,≤100
173581639736734,Elpedison,These ads ran without a disclaimer,≤100
1632988056952632,Ιωάννης Σαρακιώτης • Ioannis Sarakiotis,Ιωάννης Σαρακιώτης • Ioannis Sarakiotis,≤100
107098807881409,Political.gr,POLITICAL,≤100
165508056809834,Το Παρασκήνιο,Νικόλαος Καραμανλής,≤100
104172728093075,TERNA ENERGY,Terna Energy,≤100
368217916600933,Αγγειοχειρουργός  Νίκος Παρασκευάς,Αγγειοχειρουργός  Νίκος Παρασκευάς,≤100
758221251055720,Athens Bookstore Publications,ATHENS BOOKSTORE PUBLICATIONS,≤100
104027679003176,Νίκος Παπάζογλου Υποψήφιος βουλευτής Νοτίου Τομέα Β’3 Αθηνών,Νίκος Παπάζογλου Υποψήφιος βουλευτής Νοτίου Τομέα Β’3 Αθηνών,≤100
769783649800742,insider.gr,insider.gr,≤100
31324524225,Greenpeace Greece,Greenpeace Greece,≤100
468820193302597,Κινήσεις Πολιτών Για Τη Σοσιαλδημοκρατία,ΚΙΝΗΣΕΙΣ ΠΟΛΙΤΩΝ ΓΙΑ ΤΗ ΣΟΣΙΑΛΔΗΜΟΚΡΑΤΙΑ,≤100
1004900052864353,mononews.gr,mononews.gr,≤100
577211082779892,Πράσινη Αριστερά - ΜΑΖΙ,Πράσινη Αριστερά - ΜΑΖΙ,≤100
113085294483845,Eteron,eteron,≤100
489700481134251,Νεολαία Συριζα - Youth of Syriza,Νεολαία Συριζα,≤100
2051879855080785,TEXAN SA,ΤΕΧΑΝ A.B.E.E.,≤100
2212837805653569,Χριστίνα Τσιλιγκίρη / Christina Tsiligkiri,Christina Tsiligkiri,≤100
1453465951584091,Eurolife FFH,Eurolife FFH,≤100
287878625015994,Reader.gr,Reader.gr,≤100
527351247377965,European Committee of the Regions,European Committee of the Regions,≤100
1268432853310286,Πέτρος Παππάς- Υποψήφιος Βουλευτής Κιλκίς- Σύριζα Προοδευτική Συμμαχία,Petros Pappas,≤100
142786442458509,Onassis Stegi,These ads ran without a disclaimer,≤100
114363450250261,Γενική Γραμματεία Συντονισμού Διαχείρισης Αποβλήτων,Γενική Γραμματεία Συντονισμού Διαχείρισης Αποβλήτων,≤100
107453529357258,Γιάννης Κωνσταντάτος,Κωνσταντατος Ιωαννης,≤100
674103179323981,Μίνα Καούνη & Συνεργάτες,Μίνα Καούνη & Συνεργάτες,≤100
107822342225787,Δύναμη Ελπίδας - Γιώργος Τσουρουνάκης,Δύναμη Ελπίδας - Γιώργος Τσουρουνάκης,≤100
1435774093378846,HuffPost Greece,Antonios Fourlis,≤100
2282987855084741,Αντώνης Γκουντάρας - Antonis Gountaras,These ads ran without a disclaimer,≤100
1903473413254089,Vagelis Papakonstantinou,Vagelis Papakonstantinou,≤100
88027997208,Διεθνής Αμνηστία - Ελληνικό Τμήμα,Amnesty International Greece,≤100
626390247462884,Γκαρά Αναστασία,Αναστασια Γκαρα,≤100
633964833608956,dikastiko.gr,Dikastiko.gr,≤100
102347986156382,,Konstantinos Koufatzidis,≤100
107964744451079,Το Μανιφέστο της Ύπαρξης,Ioannis Fotiadis,≤100
1842193576012736,Αργύρης Ντινόπουλος,Argyrios Ntinopoulos,≤100
101652196118089,Radio Me,Radio Me,≤100
105475882182783,Ναυτικό Επιμελητήριο Ελλάδος,Ναυτικό Επιμελητήριο της Ελλάδος,≤100
150398005058111,ASD Account Financial Advisor SA,A.S.D. FINANCIAL CONSULTANTS SA,≤100
115093111866664,Νίκος Χαρδαλιάς,Νίκος Χαρδαλιάς,≤100
273196480036822,Δημήτρης Καλογερόπουλος,Dimitris Kalogeropoulos,≤100
217053575040532,Sms-Marketing.gr  - Μαζική Αποστολή SMS,JK MEDIA GROUP OE,≤100
1727608780803972,Λογιστικός Σύλλογος Αθηνών,Σοφία Κομηνού,≤100
226397774096827,Εθνική Δημιουργία - Δημιουργία Ξανά,Δημιουργία Ξανά,≤100
1651084981816691,Boobam,Boobam,≤100
1655684741382814,Delphi Economic Forum,Delphi Economic Forum NPO,≤100
124101785656945,Greek Vegan Magazine,Greek Vegan Magazine,≤100
102857431526747,Ecopots Greece,Garden Experts AE,≤100
106553811545931,Μαρία Συρεγγέλα - Maria Syrengela,Maria Syrengela,≤100
2336604626358423,Γιάννης Μελάς,Yiannis Melas,≤100
668804566601196,Giorgos Patoulis,Georgios Patoulis,≤100
109239332055070,Δήμητρα Αντωνίου - Δικηγόρος,These ads ran without a disclaimer,≤100
2176318779356508,Κέντρο Βιογενετικής,Κέντρο Βιογενετικής,≤100
217735864956455,ΠεΣυΔΑΠ,Γρηγοριος Γουρδομιχαλης,≤100
1822155781362301,Δημήτρης Μήτρου : Νέα-ιδέες-προτάσεις για τον τεχνικό κόσμο.,Δημητριος Μητρου,≤100
866133810396691,Βενετία Κουμπή - Ποιότητα Ζωής,Βενετια Κουμπη,≤100
135877696485772,Marie Skłodowska-Curie Actions,These ads ran without a disclaimer,≤100
293492044073929,Το Κουτί της Πανδώρας,Το Κουτί της Πανδώρας - HotDoc,≤100
103413627729937,Τάκης Αλεξανδράκης,Panagiotis Alexandrakis,≤100
590556791403274,OsteoStrong Greece,OsteoStrong Greece,≤100
224388351254587,Σωκράτης Βαρδάκης - Βουλευτής Συριζα Ηρακλείου,Σωκράτης Βαρδάκης,≤100
108236298613080,Αλέξανδρος Θεοδώρου,Alexandros Theodorou,≤100
2113568635597685,Βασίλης Βιλιάρδος,Βασιλειος Βιλιαρδος,≤100
111176762297235,Φραγκίσκος Παρασύρης - Freddy Parasiris,Freddy Parasiris,≤100
124304350570156,,Dimitrios Tountopoulos Kaisaritis,≤100
309332882604066,Νεφέλη Εκδόσεις,Νεφέλη Εκδόσεις,≤100
807576826281770,Interlaw,Interlaw,≤100
103183105863094,Fani Giotaki-Φανή Γιωτάκη,Fani Giotaki,≤100
176516995782300,Digital Skills EU,These ads ran without a disclaimer,≤100
101145635135174,ΝΙΚΗ,These ads ran without a disclaimer,≤100
352726181581226,Φρόσω Καρασαρλίδου,Effrosyni Karasarlidou,≤100
115984454748148,Ζήσης Ζάννας Υπ. Βουλευτής Πιερίας Σύριζα,Zisis Zannas,≤100
219186174848156,Φώντας Μπαραλιάκος,Fontas Baraliakos,≤100
1569676276638959,Retro-junkee,These ads ran without a disclaimer,≤100
131551513470,Γιάννης Πλακιωτάκης - Giannis Plakiotakis,Aris Chalkias,≤100
550426935090718,Focus στις Αχαρνές,Focus Web Tv,≤100
103613662423922,Θανάσης Τάρτης,Θανάσης Τάρτης,≤100
1651084981816691,Boobam,These ads ran without a disclaimer,≤100
118645197793123,room.unreal,These ads ran without a disclaimer,≤100
136031709900775,Φωτεινή Βρύνα,Φωτεινή Βρύνα,≤100
1805480266395293,ENA Institute for Alternative Policies,ENA Institute for Alternative Policies,≤100
123546032572,Eppendorf Group,These ads ran without a disclaimer,≤100
266294520081135,karfitsa.gr,Karfitsa,≤100
103232991982116,Travel Ferry,These ads ran without a disclaimer,≤100
2250439728530985,Δημήτρης Οικονόμου - Υποψήφιος Δήμαρχος Παπάγου-Χολαργού,Paraskevi Bouzani,≤100
103278301437680,,These ads ran without a disclaimer,≤100
89151782746,Fauna & Flora International,These ads ran without a disclaimer,≤100
114247604036354,Инфограф,These ads ran without a disclaimer,≤100
206993976720507,Βελονισμός Μελίνα Σταματίου Acupuncture Melina Stamatiou,These ads ran without a disclaimer,≤100