﻿Page ID,Page name,Disclaimer,Amount spent (USD)
109092142462587,Adam Schiff,SCHIFF FOR CONGRESS,659
309308412520731,Sandy Hook Promise,Sandy Hook Promise,595
114165568146695,BeInTheKnowCT,State of Connecticut Department of Mental Health and Addiction Services,480
124383441363,Connecticut Education Association (CEA),CONNECTICUT EDUCATION ASSOCIATION,233
304600892905134,Hillsdale College Online Courses,HILLSDALE COLLEGE,232
103175021296846,Save Our Planet,Sahak Nalbandyan,225
106244251043808,America's Plastic Makers,"AMERICAN CHEMISTRY COUNCIL, INC.",166
214023138992973,Norwich Democratic Town Committee,Norwich DTC,155
1585422425039915,School and State Finance Project,School and State Finance Project,152
85452072376,NEWSMAX,"NEWSMAX MEDIA, INC.",136
103834625068376,CT Wine Now,CT Wine Now,128
18982436812,ACLU,American Civil Liberties Union,128
6514736316,Walden University,Walden University,106
108547455113940,Our America,Our America,106
161183970656851,Ruben Gallego,GALLEGO FOR ARIZONA,103
121268821249550,World Central Kitchen,World Central Kitchen,≤100
107483817554072,WorkMoney,WorkMoney,≤100
63932534024,The Chamber of Commerce of Eastern Connecticut,Chamber of Commerce of Eastern Connecticut,≤100
100289406783527,Dan Carter,Dan For Bethel,≤100
7341997111,Conservation International,Conservation International,≤100
103123092539994,Solar-Gurus.com,Solar-Gurus.com,≤100
115379705206001,U.S. Department of Homeland Security Blue Campaign,U.S Department of Homeland Security Blue Campaign,≤100
399997860992,Educators for Excellence,Educators for Excellence,≤100
7030901126,Campaign for Tobacco-Free Kids,TOBACCO-FREE KIDS ACTION FUND,≤100
30139072158,CARE,CARE,≤100
40217893542,AIPAC,AIPAC,≤100
92925746942,Judicial Watch,Judicial Watch,≤100
108380923919757,Health Insurance Hero,Health Insurance Hero,≤100
1316372698453411,Alexandria Ocasio-Cortez,Alexandria Ocasio-Cortez for Congress,≤100
15771560300,Earthjustice,EARTHJUSTICE,≤100
309798029121030,Everytown for Gun Safety,Everytown for Gun Safety Action Fund Inc,≤100
592707041080920,Stand Together,Stand Together Chamber of Commerce Inc.,≤100
6500552187,Hulu,"HULU, LLC",≤100
6041057841,The Humane Society of the United States,"HUMANE SOCIETY OF THE UNITED STATES, THE",≤100
103875099042033,DailyWire+,The Daily Wire,≤100
2035155006711942,Drug Enforcement Administration - DEA,Drug Enforcement Administration,≤100
109179375151983,Med Plan Coverage,Seniors Today USA,≤100
159658557547960,Wall Street Journal Opinion,The Wall Street Journal,≤100
127225910653607,PragerU,PragerU,≤100
18709174006,National Audubon Society,"NATIONAL AUDUBON SOCIETY, INC.",≤100
114720264544782,Moving Forward,Seniors Today USA,≤100
342294162453301,Planned Parenthood,Planned Parenthood Federation of America,≤100
8492293163,Environmental Defense Fund,Environmental Defense Fund,≤100
140357056032320,NEA Today,National Education Association,≤100
318196171580489,Ron DeSantis,Friends of Ron DeSantis,≤100
38235851310,USA for UNHCR,UNITED STATES ASSOCIATION FOR UNHCR,≤100
23875187730,Feeding America,Feeding America,≤100
106368962201094,My Healthcare Options,"ZAN Media, Inc.",≤100
106437025609079,Unify Ukraine,MikeWorldWide on behalf of the Polish government through Bank Gospodarstwa Krajowego,≤100
1461100540775171,The Tuttle Twins,LIBERTAS INSTITUTE,≤100
6204742571,Sierra Club,SIERRA CLUB,≤100
100652668612020,Essential Plastics Coalition,"CENTER FOR CONSUMER FREEDOM, THE",≤100
113891694102,Energy Citizens,AMERICAN PETROLEUM INSTITUTE,≤100
22067606728,Allen West,The Association of Mature American Citizens Inc,≤100
8325302025,Friends of the Earth U.S.,Friends of the Earth,≤100
114008535880,Foundation for Individual Rights and Expression,FOUNDATION FOR INDIVIDUAL RIGHTS IN EDUCATION,≤100
385473284886474,Hillsdale College,Hillsdale College,≤100
6266829799,Sherrod Brown,FRIENDS OF SHERROD BROWN,≤100
167586229923327,World Food Program USA,World Food Program USA,≤100
42872222699,Dana Loesch,The Association of Mature American Citizens Inc,≤100
45372564473,The Mark Twain House & Museum,MARK TWAIN MEMORIAL,≤100
5435784683,Greenpeace USA,"GREENPEACE, INC.",≤100
178775455479279,Connecticut HRCC,Connecticut  House Republican Campaign Committee,≤100
106121804986003,Best Health Tips,Seniors Today USA,≤100
103807629149771,Working Forests Initiative,"WORKING FOREST INITIATIVE, INC.",≤100
570092813023833,Matt Walsh,The Daily Wire,≤100
112729281557830,Affordable Health Options,"ZAN Media, Inc.",≤100
12375354406,USO,United Service Organizations,≤100
166618413413767,Jay Sekulow,American Center for Law and Justice,≤100
181924628560212,SumOfUs,SumOfUs,≤100
246323280108,American Medical Association,American Medical Association,≤100
1943411209238675,"Garrison, Levin-Epstein, Fitzgerald & Pirrotti, PC","Garrison, Levin-Epstein, Fitzgerald & Pirrotti, P.C.",≤100
542678889114683,The Coca-Cola Company,The Coca-Cola Company,≤100
518194348194441,RepresentUs,RepresentUs,≤100
109049247545664,CT Paid Leave,Paid Family and Medical Leave insurance authority,≤100
100104419147228,Do Good Chicken,DO GOOD FOODS LLC,≤100
111812468884033,W.K. Kellogg Foundation,W. K. KELLOGG FOUNDATION,≤100
111164801685573,Behavioral Health Center Abuse,Tort Group LLC,≤100
376776419037747,Turning Point USA,"Turning Point USA, Inc.",≤100
13885075114,Action Against Hunger USA,ACTION AGAINST HUNGER - USA,≤100
102592959026,Ocean Conservancy,"OCEAN CONSERVANCY, INC.",≤100
100992801635617,Conservative-American.org,Conservative American Strategies,≤100
11551978516,URGE: Unite for Reproductive & Gender Equity,UNITE FOR REPRODUCTIVE & GENDER EQUITY,≤100
111824001908,Hakeem Jeffries,JEFFRIES FOR CONGRESS,≤100
15239367801,The Wilderness Society,"WILDERNESS SOCIETY, THE",≤100
203197030603239,8 Billion Trees,8 Billion Trees LLC,≤100
203805062990264,Ben Shapiro,The Daily Wire,≤100
12301006942,Democratic Party,DNC SERVICES CORP./DEM. NAT'L COMMITTEE,≤100
57259033959,AARP,AARP,≤100
49651563727,Live Action,Live Action,≤100
7735858972,Humane Society Legislative Fund,Humane Society Legislative Fund,≤100
106568024842114,Rideshare Assault Support,Select Justice LLC,≤100
195530355493,Chicks On The Right,The Association of Mature American Citizens Inc,≤100
1593518174052711,Candace Owens,The Daily Wire,≤100
172758932738142,PhRMA,PHARMACEUTICAL RESEARCH AND MANUFACTURERS OF AMERICA,≤100
102158938576727,Our Funny Little Site Tips,These ads ran without a disclaimer,≤100
102769134675149,Evergreen Action,Evergreen Collaborative,≤100
361960287311696,Better Medicare Alliance,"Better Medicare Alliance, Inc",≤100
17475614410,Hispanic Federation,HISPANIC FEDERATION INC,≤100
109320440856128,Together Beat Hate,"Foundation to Combat Anti-Semitism, Inc.",≤100
104295601633638,American Cornerstone Institute,American Cornerstone Institute Inc,≤100
580610428636345,Fight for $15,Fight for $15,≤100
7192716362,Amnesty International USA,"AMNESTY INTERNATIONAL OF THE U. S. A., INC.",≤100
19746387261,Humane Society International,Humane Society International,≤100
707842972692825,IAMJetBlue,James A. Carlson,≤100
7145381235,American Jewish World Service - AJWS,"AMERICAN JEWISH WORLD SERVICE, INC.",≤100
130945114804,World Jewish Congress,ATTN: INC.,≤100
757754000983566,New Haven Republicans,New Haven Republican Town Committee,≤100
23790541544,Democrats,DCCC,≤100
314499212242,Pfizer,Pfizer Inc.,≤100
186805048171120,U.S. LawShield,U.S. LawShield,≤100
1398927630359711,State Financial Officers Foundation - SFOF,State Financial Officers Foundation,≤100
36474716066,Color Of Change,ColorofChange.org,≤100
121626482110,Operation Smile,OPERATION SMILE,≤100
34362997676,United States Holocaust Memorial Museum,UNITED STATES HOLOCAUST MEMORIAL MUSEUM,≤100
114982931437267,John Gomes for Mayor,JOHN GOMES FOR MAYOR,≤100
100485764982266,Only One,Only One,≤100
110768725009358,Connecticut Office of Workforce Strategy,CT The Office of Workforce Strategy,≤100
1832744013698336,Mahogany Mommies,Mahogany Mommies,≤100
443329669123990,USAFacts,USAFacts Institute,≤100
104394262049761,Jeremy's Razors,The Daily Wire,≤100
72931140459,Center for Biological Diversity,"CENTER FOR BIOLOGICAL DIVERSITY, INC.",≤100
145917588805718,Dr Jordan B Peterson,The Daily Wire,≤100
103531607822207,Noticias para Inmigrantes,"Wise Rock Media, PBC",≤100
1589261434655726,Advocate Alliance Group,Advocate Alliance Group LLC,≤100
278052172260101,ZERO TO THREE,ZERO TO THREE,≤100
35169196082,Project HOPE,"PROJECT HOPE-THE PEOPLE-TO-PEOPLE HEALTH FOUNDATION, INC.",≤100
226129494122932,SEIU District 1199 New England,"The New England Health Care Employees Union, District 1199, SEIU",≤100
6236054211,Brady: United Against Gun Violence,Brady Campaign to Prevent Gun Violence,≤100
69983322463,Ted Cruz,TED CRUZ FOR SENATE,≤100
665345483483486,NRA - National Rifle Association of America,NATIONAL RIFLE ASSN OF AMERICA,≤100
7263476274,Mercy Corps,Mercy Corps,≤100
205395906412,UAW International Union,"INTERNATIONAL UNION, UNITED AUTOMOBILE, AEROSPACE AND AGRICULTURAL IMPLEMENT WORKERS OF AM",≤100
100162215660565,Replace Sinema,Change for Arizona 2024 PAC,≤100
102960695956522,Amazing Patriots,Amazing Patriots,≤100
408526523045391,Mammoth Nation,Mammoth Nation,≤100
51052893175,Speaker Kevin McCarthy,Speaker Kevin McCarthy,≤100
216311481960,Bill Gates,Bill Gates,≤100
106656845034469,Smarter NY Energy,Smarter NY Energy,≤100
267180743723148,National Geographic Society,National Geographic Society,≤100
111985804683171,Inside Investigator,Connecticut Inside Investigator,≤100
359477377917,American Federation for Children,American Federation for Children,≤100
118626774835274,Medicare Made Clear,Medicare Made Clear from United Healthcare,≤100
114765400352270,Kite & Key Media,VMTS EDUCATION INC,≤100
83290028957,Care Net,CARE NET,≤100
103885799225717,Liberty Protector,Liberty Protector,≤100
101704558574021,Lucas Kunce,Lucas Kunce for Missouri,≤100
36872302227,Cory Booker,CORY BOOKER FOR SENATE,≤100
125769584126996,Yael Eckstein,"INTERNATIONAL FELLOWSHIP OF CHRISTIANS & JEWS, INC.",≤100
8047221596,Save the Children US,SAVE THE CHILDREN FEDERATION INC.,≤100
5943727453,American Humane,American Humane,≤100
1602934239990008,CCM CT,Connecticut Conference of Municipalities,≤100
187005858017014,Climate Power,Climate Power,≤100
15041226930,Oxfam,"OXFAM AMERICA, INC.",≤100
5720973755,Defenders of Wildlife,DEFENDERS OF WILDLIFE,≤100
127637620616803,Comcast Newsmakers,Comcast,≤100
25852730092,Care2,"Care2.com, Inc",≤100
292351509697,Jerusalem Prayer Team,Jerusalem Prayer Team,≤100
6502038524,First Book,FIRST BOOK,≤100
425771317501061,Michael Knowles,The Daily Wire,≤100
17911165812,Covenant House International,Covenant House,≤100
70874333603,CatholicVote,catholicvote.org,≤100
1600352356914768,PushBlack,PushBlack,≤100
6165653060,AFSCME,AMERICAN FEDERATION OF STATE COUNTY & MUNICIPAL EMPLOYEES,≤100
201446296572389,Compassion in World Farming (USA),Compassion in World Farming Inc,≤100
124506846628,Agape International Missions,AGAPE INTERNATIONAL MISSIONS,≤100
8446177150,Chosen People Ministries,CHOSEN PEOPLE MINISTRIES INC,≤100
1435071773455316,Daily Wire,The Daily Wire,≤100
1413858742171052,Melinda French Gates,Melinda French Gates,≤100
20787991568,Senate Democrats,DSCC,≤100
21375324480,The Heritage Foundation,HERITAGE FOUNDATION (THE),≤100
110847698099863,Solarquote.org,solarquote.org,≤100
6072343558,Center for American Progress,CENTER FOR AMERICAN PROGRESS,≤100
42940254353,Human Rights Watch,"HUMAN RIGHTS WATCH, INC.",≤100
142957224352,International Medical Corps,International Medical Corps,≤100
194633817214366,Connecticut Democratic Party,CONNECTICUT DEMOCRATIC STATE CENTRAL COMMITTEE,≤100
290851614930809,Combat AntiSemitism,Combat Hate Foundation,≤100
148494598849,Milken Educator Awards,MILKEN FAMILY FOUNDATION,≤100
546066468753446,Black Health Matters,BLACK HEALTH MATTERS FOUNDATION INC,≤100
11111618026,Union of Concerned Scientists,"UNION OF CONCERNED SCIENTISTS, INC.",≤100
709046012792616,National Audubon Society Action Fund,National Audubon Society Action Fund,≤100
2053678114723700,President Trump's Patriot Army,I Love My Freedom,≤100
2353537341582545,Proud Patriots,Proud Patriots,≤100
97466887664,Innocence Project,"INNOCENCE PROJECT, INC., THE",≤100
681626158940626,Mission Roll Call,Americas Warrior Partnership,≤100
945455208962159,For Everyone Collective,For Everyone Collective,≤100
16317479654,Deseret News,Deseret News,≤100
367292494407,AJC - American Jewish Committee,AMERICAN JEWISH COMMITTEE,≤100
153278754738777,Climate Reality,The Climate Reality Project,≤100
188627788423714,The Scoop Politics,The Scoop Media Inc.,≤100
227594571444676,Building New York's Best,Carpenter Contractor Alliance of Metropolitan New York,≤100
8524198486,Physicians Committee for Responsible Medicine,"PHYSICIANS COMMITTEE FOR RESPONSIBLE MEDICINE, INC.",≤100
74470852653,Mike Pompeo,Champion American Values PAC,≤100
43426724597,Paper Culture,Paper Culture LLC,≤100
100402942245904,Connecticut Parents • Unmask Our Kids CT,Jonathan Milon Johnson,≤100
2245766435469741,Beersy,Beersy LLC,≤100
126893748252841,American Firearms Association,American Firearms Coalition,≤100
199826043375900,Larry Hogan,An America United,≤100
337038226473839,Trish Regan,"SALEM MEDIA GROUP, INC.",≤100
169597416843751,Stand Up America,Stand Up America,≤100
269479249997,NSSF—The Firearm Industry Trade Association,National Shooting Sports Foundation,≤100
110471938085477,Constellation Brands,"CONSTELLATION BRANDS, INC.",≤100
331037760381749,Sierra Magazine,SIERRA CLUB,≤100
110003135240961,Pride of America,Pride of American,≤100
156496968533805,Explore Beyond,NCTA - The Internet & Television Association,≤100
200650357207240,I Love My Freedom,I Love My Freedom,≤100
142432192446984,David Horowitz Freedom Center,David Horowitz Freedom Center,≤100
240937060405,Center for Science in the Public Interest (CSPI),Center for Science in the Public Interest,≤100
107308698272177,Gas Leaks Action,Gas Leaks Action,≤100
10498053716,Media Research Center,MEDIA RESEARCH CENTER,≤100
108268161352786,Stanley M. Herzog Foundation,Herzog Foundation,≤100
108641741851973,Magic Valley Energy,Magic Valley Energy LLC,≤100
315528175667844,Women2Women,Women2Women Conversations Tour,≤100
8002590959,Rainforest Action Network - RAN,RAINFOREST ACTION NETWORK,≤100
51405613519,Focus on the Family,Focus on the Family,≤100
51379424899,Mercy Ships,MERCY SHIPS INTERNATIONAL,≤100
343714718985673,Think Wood,Think Wood,≤100
300992409852,Hoover Institution,Hoover Institution,≤100
110500431600342,The San Francisco Inquirer,The San Francisco Inquirer,≤100
372577693078008,"Saenz-Garcia Law, PLLC","Saenz-Garcia Law, PLLC",≤100
107414074990650,Defense of Freedom Institute,"Defense of Freedom Institute for Policy Studies, Inc.",≤100
162678203751209,Gilead Sciences,GILEAD SCIENCES INC,≤100
105825945425760,Yon Stories,These ads ran without a disclaimer,≤100
106568024842114,Rideshare Assault Support,Citizen Ad Network LLC,≤100
145973965440671,Carnegie Corporation of New York,CARNEGIE CORPORATION OF NEW YORK,≤100
100373975829221,Fòs Feminista Org,Fòs Feminista,≤100
16072035449,Charter Oak Cultural Center,Jacques Charles Lamarre,≤100
233456156850563,The Prisoner Wine Company,"TPWC, Inc.",≤100
583258211727279,Shai Fund,SHAI FUND INC,≤100
1382441768496365,Pentair,PENTAIR,≤100
35715544220,Stand.earth,Stand.earth,≤100
162244692732,Brennan Center for Justice at NYU Law,"WILLIAM J. BRENNAN CENTER FOR JUSTICE, INC.",≤100
38882699096,Polaris,POLARIS PROJECT,≤100
507070522767934,AACR Foundation,"AMERICAN ASSOCIATION FOR CANCER RESEARCH, INC.",≤100
282728185140429,Rep For Vets,The Rep For Vets,≤100
7962229886,Environmental Working Group,ENVIRONMENTAL WORKING GROUP,≤100
137918019584028,Starfish Project,"STARFISH PROJECT, INCORPORATED",≤100
166384506863088,All Above All,All* Above All,≤100
33110852384,Doctors Without Borders/Médecins Sans Frontières (MSF),Doctors Without Borders/Médecins Sans Frontières (MSF),≤100
12044622723,"Museum of Science, Boston",MUSEUM OF SCIENCE,≤100
471928596287830,Brian Mast,Mast for Congress,≤100
786167111464006,Woodson Center,The Woodson Center,≤100
100168566232753,IRS Helper,Leads Team LLC,≤100
100113541464939,Start Early,Start Early,≤100
104614641200137,MeidasTouch,MEIDASTOUCH,≤100
406456986070332,Matt Gaetz,Friends of Matt Gaetz,≤100
109352563640,Water.org,WATER.ORG INC.,≤100
431019887282794,Tomorrow's World Today,Flying Cork,≤100
102748688472759,Parents Defending Education,Parents Defending Education,≤100
104491841664875,Adam Kinzinger,Future First Leadership PAC,≤100
149607228384141,America Needs Fatima,"American Society for the Defense of Tradition, Family and Property",≤100
29717379728,International Justice Mission,International Justice Mission,≤100
290548664672,First Liberty,First Liberty Institute,≤100
8936818385,Accuracy in Media,Flo Communications,≤100
97279934919,bp America,BP CORPORATION NORTH AMERICA INC.,≤100
106460071184871,Bayer U.S. Crop Science,These ads ran without a disclaimer,≤100
50982313030,Food & Water Watch,Food & Water Watch,≤100
101224002310757,Seven Weeks Coffee,Seven Weeks Coffee,≤100
131306317680000,Social Goods,"Social Goods, LLC",≤100
103648802451237,Fair Courts America,Fair Courts America,≤100
160630887998827,Let Them Live,Oliver Harrison  Berning,≤100
109716011638325,Jane Fonda Climate PAC,JANE FONDA CLIMATE PAC,≤100
259351004139042,Ashbrook Center,Ashbrook Center,≤100
6240652407,Young America's Foundation,Young America's Foundation Inc,≤100
40217893542,AIPAC,American Israel Public Affairs Committee,≤100
323083351064533,The News Literacy Project,The News Literacy Project,≤100
109819009036381,The New York Sun,NEW YORK SUN COMPANY LLC,≤100
1869687273277265,Run for Something,Run For Something PAC,≤100
104977525752112,Freedom of Patriots,Freedom of Patriots,≤100
147368882623027,Black Futures Lab,Black Futures Lab,≤100
112642477582238,Mericanaf,AAF Nation,≤100
30708742052,FCTRY,FCTRY,≤100
105561217523274,The Dispatch,"Dispatch Media, Inc.",≤100
106012960870435,Wall Street Rebel,These ads ran without a disclaimer,≤100
745910525468062,National Center on Sexual Exploitation,National Center on Sexual Exploitation,≤100
134452023239984,Human Coalition,Human Coalition,≤100
107168898379486,Speed & Scale,Speed & Scale,≤100
243510442756370,Justice Democrats,JUSTICE DEMOCRATS PAC,≤100
226999127329906,New York Immigration Lawyer,Law Office of Alena Shautsova,≤100
275947565591,Woods & Woods The Veterans Firm,"Woods & Woods, LLC",≤100
120778038066631,EveryLibrary,EveryLibrary,≤100
336861789666063,Liberty Fund,LIBERTY FUND INC,≤100
875653915822271,Dream.Org,Dream.Org,≤100
102413723172970,Nick Adams,Nick Adams,≤100
2015694278685641,Fox Nation,These ads ran without a disclaimer,≤100
428821014132730,Katie Porter,KATIE PORTER FOR SENATE,≤100
105173311888160,Star and Bar,Star and Bar,≤100
50822254585,Mountain States Legal Foundation,Mountain States Legal Foundation,≤100
242845139551348,GVPedia,GVPEDIA INC,≤100
103565195134756,America First Policy Institute,America First Policy Institute,≤100
8473889271,National Parks Conservation Association,National Parks Conservation Association,≤100
152264148166020,Moms Clean Air Force,Moms Clean Air Force,≤100
407902639235640,JNS.org,Jewish News Syndicate,≤100
657708380952174,Voices of the Civil Rights Movement,Comcast,≤100
106913491375624,Israel War Room,Israel War Room,≤100
318691681482265,Liberty Justice Center,Liberty Justice Center,≤100
141786816970,Cruise Lines International Association - CLIA,Cruise Lines International Association,≤100
375742685850856,Firearms Policy Coalition,"FIREARMS POLICY COALITION, INC.",≤100
42631297765,Hadassah,"HADASSAH, THE WOMEN'S ZIONIST ORGANIZATION OF AMERICA, INC.",≤100
1546952572205770,UAE USA United,The Embassy of the United Arab Emirates,≤100
114301413446447,The Climate Initiative,Kennebunkport Climate Initiative,≤100
201956993160690,MRCTV,MEDIA RESEARCH CENTER,≤100
464998390249008,The Independence Fund,"INDEPENDENCE FUND, INC, THE",≤100
7219151423,The Fund for American Studies (TFAS),FUND FOR AMERICAN STUDIES,≤100
6756153498,Mike Bloomberg,Bloomberg Philanthropies,≤100
219612384781411,Bloomberg Philanthropies,Bloomberg Philanthropies,≤100
17203056985,Partners In Health,Partners In Health,≤100
101391906600,Live Action News,Live Action,≤100
169687486427698,Jentezen Franklin,FREE CHAPEL WORSHIP CENTER,≤100
72092591211,FBI – Federal Bureau of Investigation,Federal Bureau of Investigation,≤100
45393753416,Alliance Defending Freedom,Alliance Defending Freedom,≤100
106315901551850,The U.S. Concealed Carry Association for Saving Lives,U.S. Concealed Carry Association For Saving Lives. Not Authorized By Any Candidate Or Candidate's Committee.,≤100
102047517918,The Commonwealth Fund,"COMMONWEALTH FUND, THE",≤100
403737406341879,National Women's Health Network,NATIONAL WOMENS HEALTH NETWORK,≤100
399067003454888,Sudan Relief Fund,These ads ran without a disclaimer,≤100
134307742932,The New York Landmarks Conservancy,NEW YORK LANDMARKS CONSERVANCY INC,≤100
107764430968176,Tuttle Twins TV Show,"Tuttle Twins Show, LLC",≤100
999556810102061,Signature Seas,Signature Seas,≤100
417522508294454,Job Creators Network,Job Creators Network,≤100
108247581851552,Democracy Defense Fund,DEMOCRACY DEFENSE FUND,≤100
126305280752104,Slavic Gospel Association,SLAVIC GOSPEL ASSOCIATION,≤100
101090559295696,TPUSA Faith,TURNING POINT USA NFP,≤100
104738851769938,For What It's Worth - FWIW,FOR WHAT ITS WORTH LLC,≤100
250485248333218,Clean Air Task Force,CLEAN AIR TASK FORCE,≤100
408250066356,Bill O'Reilly,"Bill Me, Inc.",≤100
83865976093,Truthout,TRUTHOUT,≤100
661744180680367,National Police Association,"NATIONAL POLICE ASSOCIATION, INC.",≤100
355783211719644,Veteran Caregivers of America,"Veteran Caregivers, LLC",≤100
1571132936490223,JewBelong,JEWBELONG INC.,≤100
100328619530085,Bishop Gold Group,Bishop Gold Group LLC,≤100
112258312240526,Con Edison,"CONSOLIDATED EDISON COMPANY OF NEW YORK, INC.",≤100
260668817346988,Ignite National,IGNITE,≤100
430869277025501,Dr. Nancy O'Reilly,"WOMEN CONNECT4GOOD, INC.",≤100
29423827874,Proclaiming Justice to the Nations,PROCLAIMING JUSTICE TO THE NATIONS INC,≤100
9694956217,Animal Legal Defense Fund,ANIMAL LEGAL DEFENSE FUND,≤100
6787988478,Physicians for Human Rights,"PHYSICIANS FOR HUMAN RIGHTS, INC.",≤100
227764782729,AMERICAN - STRONG!,American Strong LLC,≤100
21090771700,Gun Owners of America,Gun Owners of America,≤100
454663890502,Alliance for Patient Access,ALLIANCE FOR PATIENT ACCESS,≤100
91346559231,Democratic Legislative Campaign Committee - DLCC,Democratic Legislative Campaign Committee,≤100
345378512258813,Elise Stefanik,ELISE FOR CONGRESS,≤100
211951165807,Americans for Financial Reform,Americans for Financial Reform,≤100
106582384539447,Design for Freedom by Grace Farms,"GRACE FARMS FOUNDATION, INC.",≤100
12357407443,American Friends Service Committee,AMERICAN FRIENDS SERVICE COMMITTEE,≤100
2254455051442790,Flag and Cross,Flag & Cross,≤100
114710126648118,Republican Dogs,Republican Dogs,≤100
1632814840319802,John Fetterman,Fetterman for PA,≤100
1925027940842417,Sara A. Carter,The Association of Mature American Citizens Inc,≤100
1476342155924546,Big Rig Threads,Big Rig T-Shirts and Decals LLC,≤100
109729861699329,Speak4,Speak4,≤100
1316372698453411,Alexandria Ocasio-Cortez,THE SQUAD VICTORY FUND,≤100
100758682697459,Mayday Health,"Mayday Medicines, Inc.",≤100
317284821682168,Messianic Jewish Alliance of America (MJAA),Messianic Jewish Alliance of America,≤100
96491683438,"The Friends of Israel Gospel Ministry, Inc.","FRIENDS OF ISRAEL GOSPEL MINISTRY, INC, THE",≤100
109118211910879,Mr. 45,Green Straw LLC,≤100
378084314984,Trane Technologies,Trane Technologies,≤100
342887442508723,Convention of States,Convention of States Action,≤100
380884168648080,Population Research Institute,POPULATION RESEARCH INSTITUTE,≤100
106918967700048,Lobby For Climate ⋆ Change The Chamber,Change the Chamber*Lobby for Climate,≤100
271453369908901,FLAG  - Foundation for Liberty and American Greatness,Tomer Barazani,≤100
102176712079037,Daily Floridian,Daily Floridian,≤100
93228695778,Tea Party Patriots,Tea Party Patriots,≤100
203294399456,Public Interest Registry,Public Interest Registry,≤100
18657179701,Jennifer McClellan,McClellan for Congress,≤100
299016790922,Bobby Eberle,Bobby Eberle,≤100
137072070869,Investment Company Institute,INVESTMENT COMPANY INSTITUTE,≤100
1704683609848735,Sister District Project,Sister District Project Inc,≤100
243498882520314,FoodFinder,"FOODFINDER, INC.",≤100
84177291169,"Dairy Farmers of America, Inc.",These ads ran without a disclaimer,≤100
113341457791145,Voices for Healthy Green Spaces,Voices for Healthy Green Spaces,≤100
100388126216021,The Red Onlooker,Gregory Lawrence Burright,≤100
12596759677,RAICES,REFUGEE AND IMMIGRANT CENTER FOR EDUCATION AND LEGAL SERVICES,≤100
524399207959953,Truth & Liberty Coalition,Truth & Liberty Coalition,≤100
132066233534659,Healthcare Education Project,Healthcare Education Project,≤100
9538894955,John F. Kennedy Presidential Library and Museum,"John Fitzgerald Kennedy Library Foundation, Inc.",≤100
60261764250,Childhelp,"CHILDHELP, INC.",≤100
178746337565646,Save Our Allies,Save Our Allies,≤100
59783434599,Hasbara Fellowships,HASBARA FELLOWSHIPS,≤100
107698564046392,Lauren Boebert for Congress,LAUREN BOEBERT FOR CONGRESS,≤100
38897314734,Trust for Public Land,"TRUST FOR PUBLIC LAND, THE",≤100
18780321251,American Chemistry,American Chemistry Council,≤100
102579389208198,Country First Academy,Keep Country First Policy Action,≤100
116546288359245,Heritage Action for America,HERITAGE ACTION FOR AMERICA,≤100
113318901345595,Baby Patriots,Proud Patriots,≤100
205795426669644,Facts and Logic about the Middle East,Facts and Logic About the Middle East,≤100
133937690180,Student Conservation Association,Student Conservation Association,≤100
102142101657930,OurFight.online,Our Fight Inc,≤100
234142976633158,Wake Up World & Smell the Coffee,Edith Dume Lerner,≤100
270623392879,San Francisco Foundation,"SAN FRANCISCO FOUNDATION, THE",≤100
936968016365794,The Eric Metaxas Radio Show,Salem Media,≤100
109599248636777,Consumer Credit Card Protection Coalition,CONSUMER CREDIT CARD PROTECTION COALITION,≤100
110267835279432,Senior Savings,The Daily Savings Journal,≤100
108266445888054,Patriot Academy,TORCH OF FREEDOM FOUNDATION,≤100
105120815642998,Partnership to Address Global Emissions,PARTNERSHIP TO ADDRESS GLOBAL EMISSIONS INC,≤100
239983672577,Momtrends,These ads ran without a disclaimer,≤100
18079407397,CPAC,AMERICAN CONSERVATIVE UNION,≤100
21492729544,Catholic Relief Services,CATHOLIC RELIEF SERVICES - UNITED STATES CONFERENCE OF CATHOLIC BISHOPS,≤100
2070944712939738,American Police Officers Alliance,American Police Officers Alliance,≤100
158505287559920,Save the Storks,Save the Storks,≤100
340517598174,Law Offices of Mark E. Salomone & Morelli,These ads ran without a disclaimer,≤100
126176114084894,QueensLatino.com,Queens Latino Corp,≤100
542968069983885,HappeningNow,HappeningNow America,≤100
89336510798,American Friends of the Hebrew University,American Friends of Hebrew University,≤100
552580508224925,Chan Zuckerberg Initiative,"CHAN ZUCKERBERG INITIATIVE, LLC",≤100
144105014310,Panasonic North America,Panasonic North America,≤100
101626535691142,Tina Blum Cohen for U.S. House of Representatives Texas District 7,TINA BLUM COHEN FOR US HOUSE OF REPRESENTATIVES TEXAS DISTRICT 7,≤100
101984508321127,Climate Realism,HEARTLAND INSTITUTE,≤100
107454490912636,Jewish Future Pledge,Jewish Future Pledge Inc,≤100
27544763621,Prison Fellowship,Prison Fellowship,≤100
19219803864,Tax Foundation,Tax Foundation,≤100
29727753421,New Jersey Education Association,NEW JERSEY EDUCATION ASSOCIATION,≤100
18983389920,Open Society Foundations,Open Society Foundations,≤100
1562713090633117,Operation Underground Railroad,OPERATION UNDERGROUND RAI,≤100
104000815284407,Iglesia que Sufre ACN - US,"AID TO THE CHURCH IN NEED, INC.",≤100
466164103423147,Thorn,Thorn,≤100
102027764795677,American Wire,BizPac Review,≤100
1809078699219595,Fat Tire,"NEW BELGIUM BREWING COMPANY, INC.",≤100
182620315479,Plan International USA,Plan International USA,≤100
514167322309353,Dan Crenshaw,Dan Crenshaw for Congress,≤100
37442103053,ACLU of New Jersey,AMERICAN CIVIL LIBERTIES UNION OF NJ,≤100
33699882778,Dr. Bronner's,Dr. Bronner's,≤100
113339508777388,PCOS Challenge: The National Polycystic Ovary Syndrome Association,"PCOS Challenge, Inc.",≤100
131023707236064,Applecart,Project Applecart LLC,≤100
21218780346,Foreign Policy,FOREIGN POLICY,≤100
112824416194,United Steelworkers,United Steelworkers,≤100
109526232935380,Synthisophy,Synthisophy,≤100
924098007641423,Guardian Labs,These ads ran without a disclaimer,≤100
165566613453452,ERLC,ETHICS AND RELIGIOUS LIBERTY COMMISSION OF THE SOUTHERN BAPTIST,≤100
817567028361575,The Halcyon Movement,The halcyon movement,≤100
166781487335366,Chris Hollins,Chris Hollins Campaign,≤100
508887815910815,BPR,BizPac Review,≤100
210357995667559,The National Memo,The National Memo,≤100
190198574334684,FHE Health,THE FLORIDA HOUSE EXPERIENCE M,≤100
28446275521,Military Officers Association of America (MOAA),Military Officers Association of America,≤100
102204903345,The Vilcek Foundation,"VILCEK FOUNDATION, INC., THE",≤100
1338822066131069,Women's March,Women's March,≤100
1425435377743310,Conversations with Bill Kristol,FOUNDATION FOR CONSTITUTI,≤100
108512875350,The Atlas Society,The Objectivist Center Ltd,≤100
18017481462,Acton Institute,Acton Institute,≤100
1432766956987952,iF International Forum Design,These ads ran without a disclaimer,≤100
60182072999,Lila Rose,Live Action,≤100
169042736456594,All Out,All Out Action Fund.,≤100
25121889784,Texas Public Policy Foundation,Texas Public Policy Foundation,≤100
139034619493222,CUNY Citizenship Now,CUNY Citizenship Now!,≤100
15503839732,Peter G. Peterson Foundation,Peter G. Peterson Foundation,≤100
69717994787,buildOn,BUILDON INC,≤100
506680536015406,HumanProgress.org,"CATO INSTITUTE, INC.",≤100
78871789265,New Jersey Institute for Social Justice,NEW JERSEY INSTITUTE FOR SOCIAL JUSTICE,≤100
107409909326665,Stephen Wise Free Synagogue,"WISE, STEPHEN FREE SYNAGOGUE",≤100
59543893235,National Constitution Center,National Constitution Center,≤100
114226275387369,republicEn,republicEn,≤100
265584563563176,JCRC of Greater Washington,The Jewish Community Relations Council of Greater Washington,≤100
105334892381660,AmericanTowns Politics,AMERICAN TOWNS,≤100
110442961603215,Yikes Today,Tomer Barazani,≤100
101971725795534,eCoalition,These ads ran without a disclaimer,≤100
15087023444,Nike,"NIKE, Inc",≤100
194115677277113,A21,A21 with Facebook Ad Credits,≤100
104396194587918,C3 Solutions,Conservative Coalition for Climate Solutions,≤100
105060269781,Premiere Collectibles,"Premiere Marketing, Inc.",≤100
494259170754224,Keeping IDentities Safe,KEEPING IDENTITIES SAFE,≤100
21472760578,C-SPAN,C-SPAN,≤100
27461595703,Carbonfund,Carbonfund.org Foundation,≤100
497348647140658,Point Source Youth,Point Source Youth,≤100
97624620788,American Friends of Magen David Adom,AMERICAN FRIENDS OF MAGEN DAVID ADOM,≤100
302111635698,National Association of Tax Professionals (NATP),National Association of Tax Professionals,≤100
56431624743,Ceres,Ceres,≤100
164966660351345,Hope Outfitters,Hope Outfitters,≤100
291102898490822,Conservative Comedy Store,Conservative Comedy Store,≤100
1534290989956166,Philanthropy Roundtable,"PHILANTHROPY ROUNDTABLE, THE",≤100
1526707030943680,Phoenix Dream Center,City Help Inc of Phoenix dba Phoenix Dream Center,≤100
16534314739,Facing History and Ourselves,"FACING HISTORY AND OURSELVES NATIONAL FOUNDATION, INC.",≤100
700806360047982,CFG Action,Club for Growth Action,≤100
589658204411894,Office of South Carolina Treasurer Curtis Loftis,Future Scholar. Administered by State Treasurer Curtis Loftis. Not paid for with state funds.,≤100
192609620649,The University of Chicago,The University of Chicago,≤100
1741377942853471,Chad Robichaux,Chad Robichaux,≤100
118737467661,New York State Department of Labor,New York State Department of Labor,≤100
101930385197156,Alianza Center,"Alianza Center, Inc.",≤100
105556965345057,SmarterSafer,SmarterSafer,≤100
216311481960,Bill Gates,These ads ran without a disclaimer,≤100
247323358691293,The Rothenberg Law Firm LLP,These ads ran without a disclaimer,≤100
136362309708243,Restaurant Opportunities Centers United (ROC United),"RESTAURANT OPPORTUNITIES CENTERS (ROC) UNITED, INC.",≤100
139375155037,Severin Films,These ads ran without a disclaimer,≤100
232467307162583,Farm Action,Family Farm Action Inc,≤100
101791315693,Destiny Rescue,"Destiny Rescue International, Inc.",≤100
309798029121030,Everytown for Gun Safety,Everytown for Gun Safety Support Fund Inc,≤100
43934405787,IPPF,International Planned Parenthood Federation Worldwide Inc,≤100
304842759546695,Brooklyn Institute for Social Research,Brooklyn Institute for Social Research,≤100
103047259150209,What I Want to Know with Kevin P. Chavous,"Stride, Inc.",≤100
1731084720451495,Saprea,The Younique Foundation,≤100
6333396177,NewsBusters.org,MEDIA RESEARCH CENTER,≤100
103452279103881,Ambassador Gordon Sondland,Gilbert Lunsford Jr Eugene,≤100
160895567289272,Huskies For Israel,These ads ran without a disclaimer,≤100
103546351703577,Dallas Express,Dallas Express Media,≤100
345751305447288,Daugherty Water for Food Global Institute,Daugherty Water for Food Global Institute,≤100
238473269650980,Capital & Main,CAPITAL & MAIN,≤100
103022295501840,Springfield International Charter School,Springfield International Charter School,≤100
366119653930669,"IMO Legal, LLC- US Immigration Attorney","IMO LEGAL, LLC",≤100
100544569620910,Super groceries,These ads ran without a disclaimer,≤100
82223469060,ACN - Aid to the Church in Need,"AID TO THE CHURCH IN NEED, INC.",≤100
101335812671085,PB Evanston,PB Evanston,≤100
896759427103774,Modern Medicaid Alliance,Modern Medicaid Alliance,≤100
409201242470903,Matthew Vines,Matthew Ross Vines,≤100
125937197447634,ACTA - American Council of Trustees and Alumni,AMERICAN COUNCIL OF TRUSTEES AND ALUMNI,≤100
102286035642350,Patriots for USA,USA Features Media LLC,≤100
175403889150682,FindLaw.com,FindLaw Consumer,≤100
30618466815,Pacific Legal Foundation,Pacific Legal Foundation,≤100
227535924071462,Animal Petitions,AnimalPetitions.org,≤100
262902450432,TeachKind,PEOPLE FOR ETHICAL TREATMENT OF ANIMALS INC,≤100
9364828262,Citizens Against Government Waste,CITIZENS AGAINST GOVERNMENT WASTE,≤100
78420171887,Sailors for the Sea,OCEANA INC,≤100
100913694925880,"Akalan Law Firm, PLLC","Akalan Law Firm, PLLC",≤100
700941689954518,Defend Our Future,Defend Our Future,≤100
36085812354,Rainforest Foundation US,"Rainforest Foundation, Inc.",≤100
1692686027722136,Devotv,These ads ran without a disclaimer,≤100
186977768011413,Ironworkers Rising,"International Association of Bridge, Structural, Ornamental, and Reinforcing Iron Workers",≤100
110981884065996,Abortion Finder,Power to Decide,≤100
109284291894484,American News Stories,William Gordan Tanner,≤100
101716172441500,Brennan Center en Español,"WILLIAM J. BRENNAN CENTER FOR JUSTICE, INC.",≤100
106959920878115,The Well Done Foundation,"WELL DONE FOUNDATION, INC.",≤100
1898234727131235,Reel America,BizPac Review,≤100
101769576791,Health Action Network,Health Action Network,≤100
100113865706707,ADF Generational Wins Prayer Initiative,ALLIANCE DEFENSE FUND INC,≤100
6954880804,Green America,GREEN AMERICA,≤100
84645912778,Prosperity Now,PROSPERITY NOW,≤100
269348454714,IMB,"INTERNATIONAL MISSION BOARD OF THE SOUTHERN BAPTIST CONVENTION, THE",≤100
60035389681,First Things,INSTITUTE ON RELIGION & AMP PUBLIC LIFE,≤100
49275915266,MSI Reproductive Choices,MSI-US,≤100
104107788684988,Tom Klingenstein,TomKlingenstein.com,≤100
104377518078467,More Perfect Union,MORE PERFECT UNION FOUNDATION,≤100
103747761393271,Lootpress,Lootpress,≤100
346612865750115,Korea Defense Veterans Association,Korea Defense Veterans Association,≤100
199891603386344,Common Ground Committee,Common Ground Committee,≤100
59572733353,GREY2K USA,GREY2K USA,≤100
77278490877,National Corn Growers Association,National Corn Growers Association,≤100
240054842698973,Arkansas Good Roads,Arkansas Good Roads Foundation,≤100
100692068471118,Explain America,Apse Media LLC,≤100
183165025062107,The TESA Collective,"The Toolbox for Education and Social Action, Inc",≤100
143173285763,Tenth Amendment Center,Tenth Amendment Center,≤100
795162290631372,Citrus Pregnancy Center,LIFE CHOICE CARE CENTER INC,≤100
110170005258857,Klicked Digital,DeDonato Enterprises,≤100
7292655492,MoveOn,MOVEON.ORG CIVIC ACTION,≤100
338758899543225,Alan Wilson,Alan Wilson for Attorney General,≤100
499379343409991,Impact Fund,"IMPACT FUND, THE",≤100
110178605122851,Fun Magazine Net,These ads ran without a disclaimer,≤100
170169493012341,The Fund for Global Human Rights,FUND FOR GLOBAL HUMAN RIGHTS,≤100
111004586952707,Elevate Prize Foundation,Elevate Prize Foundation Inc,≤100
107645227592678,To Which We Belong,Mystic Artists,≤100
141395226689,New York State Nurses Association,"NEW YORK STATE NURSES ASSOCIATION, THE",≤100
101103254533,SOS International,SOS International,≤100
458142697588014,AARP Public Policy Institute,AARP,≤100
104500055741029,The Free Press,These ads ran without a disclaimer,≤100
103316295438939,Lost Debate,Lost Debate,≤100
386305465057247,Liberty Nation,Liberty Nation,≤100
348104422491159,UNDIVIDED,UNDIVIDED,≤100
279799525443906,HELPS Nonprofit,HELPS Nonprofit Law Firm,≤100
117592091643709,Tree of Life Ministries｜Evangelism in Israel,Tree of Life Ministries,≤100
102712325850529,Libratum Press,Libratum Press LLC,≤100
103966991229588,Frank Bojazi,Trending Views,≤100
356050017804283,WSPA (Western States Petroleum Association),WESTERN STATES PETROLEUM ASSOCIATION,≤100
360277610554,Planned Parenthood Action Fund of New Jersey,Planned Parenthood Action Fund of New Jersey,≤100
50513265848,Citizens United,Citizens United,≤100
103517308361597,TakeCharge,Take Charge Minnesota,≤100
115613890351673,Screaming Freedom Apparel,Screaming Freedom Apparel,≤100
40399561583,Friends Journal,FRIENDS PUBLISHING CORP,≤100
1553978148244954,Build With Strength,Build With Strength,≤100
303374266418976,AFPM,American Fuel & Petrochemical Manufacturers,≤100
272321759583178,Conservatives for Responsible Stewardship,Conservatives for Responsible Stewardship,≤100
104657602040321,Truth Media,Truth Media,≤100
20603236087,Love146,"LOVE146, INC.",≤100
110316380149,Family Policy Alliance,Family Policy Alliance,≤100
106862204671108,The Deplorable Americans,Justin Gustafson,≤100
40201530406,American Society of the University of Haifa,James Samuel Fattal,≤100
1947525322184514,One Fair Wage,One Fair Wage,≤100
117270568319993,NYSUT - A Union of Professionals,New York State United Teachers,≤100
130848666099,Business Forward,Business Forward Inc.,≤100
302103665493,Catholic Charities of New York,Catholic Charities Archdiocese of New York,≤100
485068924838758,EARN - Employer Assistance and Resource Network on Disability Inclusion,Employer Assistance and Resource Network on Disability Inclusion (EARN),≤100
537534316395916,Students for Trump,Turning Point Action,≤100
169282116541956,El Nuevo Georgia,New Georgia Media Inc dba El Nuevo Georgia Newspaper,≤100
111306298500421,Julie Hartman,Salem Media Group,≤100
300341323465160,The Daily Signal,The Daily Signal,≤100
1018654714824453,Maccabee Task Force,Maccabee Task Force Foundation,≤100
7035457015,Brave New Films,BRAVE NEW FOUNDATION 501(C)(3),≤100
157521957980788,Reimagining the Civic Commons,Reimagining the Civic Commons,≤100
106058025408954,Do No Harm Medicine,Do No Harm,≤100
10524033745,Remote Area Medical - RAM,REMOTE AREA MEDICAL,≤100
839158786226886,Two Party Opera,Brian Thomas Carroll,≤100
107844354359568,Our Funny Little Site Feed,These ads ran without a disclaimer,≤100
591975150932241,PBS Books,DETROIT EDUCATIONAL TELEVISION FOUNDATION,≤100
239658882763974,Poverty USA by CCHD,UNITED STATES CONFERENCE OF CATHOLIC BISHOPS,≤100
7515233409,"Mikey Weinstein, MRFF",MILITARY RELIGIOUS FREEDOM FOUNDATION,≤100
110657815238231,Northwest Gas Association,NORTHWEST GAS ASSOCIATION,≤100
915656035153394,Oceanites,OCEANITES INC,≤100
240112514625857,Care Comes First Maryland,1199SEIU United Healthcare Workers East,≤100
100788752120743,The House Magazine,These ads ran without a disclaimer,≤100
877481359045751,Lets Green CA,ROMERO INSTITUTE,≤100
109954608456111,Bor Hit,These ads ran without a disclaimer,≤100
106050588962760,Citizens for Better Government,Citizens for Better Government,≤100
747783932079184,Jared Golden for Congress,COMMITTEE TO ELECT JARED GOLDEN,≤100
112203121682194,Deviate from Denial Book,Pubvendo LLC,≤100
117507751891,United Poultry Concerns,"UNITED POULTRY CONCERNS, INC",≤100
110589583842808,Union Built Matters NYC,Union Built Matters,≤100
424443217623488,Clarion Project,"CLARION PROJECT, INC.",≤100
108433238844,CWEB,CWEB Inc.,≤100
166785838989,American Veterinary Medical Association (AVMA),AMERICAN VETERINARY MEDICAL ASSOCIATION,≤100
106909358810669,Stop RCV,Stop RCV,≤100
101350839190816,Macro Conservative,Macro Conservative,≤100
105442191724004,Your Patriot Store,EZPole Flagpoles,≤100
75774105475,Knights of Columbus,Knights of Columbus,≤100
406581453407625,Advance Minnesota Issue Advocacy,Advance Minnesota Issue Advocacy,≤100
169710960125365,Curzio Research,Curzio Research,≤100
107931151953032,Kodie Kulp,Wesley Allen,≤100
100184235633007,Summit Carbon Solutions,"Summit Carbon Solutions, LLC",≤100
130130503698358,Eastern European Mission,EASTERN EUROPEAN MISSION,≤100
166785838989,American Veterinary Medical Association (AVMA),These ads ran without a disclaimer,≤100
109035554162766,Mountain State Spotlight,Mountain State Spotlight,≤100
106103081911844,Green Reading,These ads ran without a disclaimer,≤100
100978046207814,Ryan Chamberlin for State House District 24 - Florida,Ryan Chamberlin Campaign,≤100
339432396135584,The Exodus Road,The Exodus Road,≤100
285896596755,Fight the New Drug,FIGHT THE NEW DRUG INC,≤100
103381269276717,Votedog2024,Votedog2024,≤100
100562019990818,U.S. Term Limits,U.S. Term Limits Inc.,≤100
1550724111880347,HEAL California,California OneCare Education Fund,≤100
19420215926,CNSNews.com,MEDIA RESEARCH CENTER,≤100
399060493533519,The Justice Foundation,JUSTICE FOUNDATION,≤100
356431274698532,Ryan Hampton,Ryan Hampton,≤100
19774119425,Habitat for Humanity,Habitat for Humanity International,≤100
102610995908048,Dave for Lawrence,Committee to Elect Dave Hofmann,≤100
103328515934791,Take Back 2024,The Blue State Conservative,≤100
401240226922554,VoLo Foundation,VoLo Foundation,≤100
105861441295494,97Percent,97PERCENT ORG INC,≤100
1138048899572104,Ja'Mal Green,Go Green Chicago,≤100
1560286300899883,Diabetes Patient Advocacy Coalition,Diabetes Patient Advocacy Coalition,≤100
87377228013,Side with Love,UNITARIAN UNIVERSALIST ASSOCIATION,≤100
364773250335035,UpVote Virginia,OneVirginia2021,≤100
505082913012317,Must Read Alaska,Must Read Alaska LLC,≤100
673667436317733,Texas Consumer Association,Texas Consumer Association,≤100
220873174076,Animal Equality,ANIMAL EQUALITY,≤100
29727753421,New Jersey Education Association,These ads ran without a disclaimer,≤100
58158120046,ACLJ,American Center for Law and Justice,≤100
101377889168483,Gumbo Limbo Coastal Stewards,"Gumbo Limbo Coastal Stewards, Inc.",≤100
480282659170095,Civic Health Project,Civic Health Project,≤100
102757624532911,NYC Mayor's Public Engagement Unit,City of New York,≤100
138535527380,The New York Immigration Coalition,New York Immigration Coalition,≤100
115110208147507,artlabb,These ads ran without a disclaimer,≤100
108725508673742,Fire Dan Munsey,Inland Empire Taxpayers Association,≤100
101241435849797,Tot Reading,These ads ran without a disclaimer,≤100
163662804426854,Life Advancement Group,Nathan Montgomery Berning,≤100
87777747127,Greg Palast,Palast Investigative Fund,≤100
114167895375664,Cherokee Nation,"CHEROKEE NATION, THE",≤100
131664893560695,Origins OSU,Origins: Current Events in Historical Perspective,≤100
150322194563,PASA Primates: Pan African Sanctuary Alliance,PAN AFRICAN SANCTUARIES ALLIANCE,≤100
610264146298573,The American Council,The American Council for Evangelicals,≤100
487569614682924,CAPP USA,Yellow Line Productions LLC,≤100
170126260000702,Western Journal US News,The Western Journal,≤100
105348224679358,The Don't Unfriend Me Show,DONT UNFRIEND ME,≤100
101466816025710,Renew Healthcare,Quantum Digital Media Inc.,≤100
210937299260017,USA Features Media,USA Features Media LLC,≤100
230180824062538,Councilman Anand Shah,Anand U Shah,≤100
64206021703,National Committee to Preserve Social Security and Medicare,NATIONAL COMMITTE TO PRESERVE SOCIAL SECURITY AND MEDICARE,≤100
24330467048,Americans for Prosperity,AMERICANS FOR PROSPERITY,≤100
102044622753692,American Potential Podcast,AMERICANS FOR PROSPERITY,≤100
1540045636302649,Arolsen Archives,These ads ran without a disclaimer,≤100
108367678367599,Mok Reading,These ads ran without a disclaimer,≤100
102261795813334,Tes Stories,These ads ran without a disclaimer,≤100
217065848349725,Bay Area Anti-Trafficking Coalition,Bay Area Anti-Trafficking Coalition,≤100
100158948453494,Lars for President,LARS MAPSTEAD FOR PRESIDENT,≤100
10606591490,TIME,These ads ran without a disclaimer,≤100
43853729859,Campaigns & Elections,Political World Communications,≤100
268868046463126,Beacon Center of Tennessee,BEACON CENTER OF TENNESSEE,≤100
327853590558653,"Agri-Pulse Communications, Inc.","AGRI-PULSE COMMUNICATIONS, INC.",≤100
1527499704232460,Virginia Interfaith Power & Light,Virginia Interfaith Power and Light,≤100
101390336151927,Culver for State Senate,Citizens for Lynda Schlegel Culver,≤100
111333413863498,Freedom First Society,FREEDOM FIRST SOCIETY,≤100
58736997707,Marco Rubio,Marco Rubio for Senate,≤100
100123286264769,Tanner DiBella,American Council for Evangelicals,≤100
101564054951838,We The Forest,We The Forest,≤100
101960885328177,Odessa Headlines,Odessa Headlines,≤100
110001788441827,Read Mind,These ads ran without a disclaimer,≤100
59473866945,Oregon AFL-CIO,OREGON AFL-CIO,≤100
1881534942159746,Comedian Jeremy Nunes,Front Porch Entertainment Inc,≤100
109344554681167,The House Class,These ads ran without a disclaimer,≤100
221401431386940,Pramila Jayapal,PRAMILA FOR CONGRESS,≤100
44357672795,Independent Institute,"INDEPENDENT INSTITUTE, THE",≤100
1021724717913869,Bantam Communications,Bantam Communications,≤100
5878048748,GlobalGiving,"GLOBALGIVING FOUNDATION, INC.",≤100
101586078357081,Peter Demos,Peter Demos,≤100
110863931866111,VA Loves RX Savings,VA Loves RX Savings,≤100
101581329115492,Freedom Street,Jason Donald Robertson,≤100
12185972707,350.org,350 ORG,≤100
1569691439814810,The Damage Report,"The Young Turks, Inc.",≤100
109366181861530,President Trump is My Wingman,Jason Donald Robertson,≤100
1958912674200535,The Pour Over,Pour Over,≤100
594519783957655,Citizens for National Security,Citizens For National Security,≤100
711478725532801,Civiqs,Civiqs,≤100
102559441486011,Betty Cárdenas,Betty Cardenas,≤100
207833736045744,MHAction.org,Patrick R. McHugh,≤100
108310235885897,Haymarket Books,"CENTER FOR ECONOMIC RESEARCH AND SOCIAL CHANGE, INC. THE",≤100
525737620880722,The White Dress Project: We CAN Wear White,These ads ran without a disclaimer,≤100
108625789179165,Soi Dog Foundation,These ads ran without a disclaimer,≤100
143063095713907,Hep,"CDM PUBLISHING, LLC",≤100
23362993101,Center for Immigration Studies,CENTER FOR IMMIGRATION STUDIES,≤100
101430009344347,Net Fun Magazine,These ads ran without a disclaimer,≤100
126855128568,FEBC (Far East Broadcasting Company),"FAR EAST BROADCASTING COMPANY, INC.",≤100
210455593021382,Health Care Voices,"Health Care Voices, a project of Social Good Fund",≤100
281835005264380,Eric Swalwell,SWALWELL FOR CONGRESS,≤100
273546779885377,The Gallant Pelham,"delupton, LLC",≤100
1444820465547227,Rank the Vote,Rank the Vote,≤100
73234973898,Stages,Stages,≤100
288369791569,SEIU 721,SEIU Local 721,≤100
49421708941,Americans for Limited Government,AMERICANS FOR LIMITED GOVERNMENT IN,≤100
113450827503674,The House News,These ads ran without a disclaimer,≤100
103653034325640,Watching TV Now,These ads ran without a disclaimer,≤100
122531741163825,American Liver Foundation,AMERICAN LIVER FOUNDATION,≤100
210277954204,The Young Turks,"The Young Turks, Inc.",≤100
107925603976843,Protect App-Based Drivers and Services,Protect App-Based Drivers and Services,≤100
101578105893812,Yoy Stories,These ads ran without a disclaimer,≤100
225902781414,William Gheen President of Americans for Legal Immigration,AMERICANS FOR LEGAL IMMIGRATION PAC,≤100
96286403078,iHeartDogs.com,HomeLife Media,≤100
103083211820527,Our Funny Little Site Family,These ads ran without a disclaimer,≤100
64974200999,America-Israel Friendship League,AMERICA-ISRAEL FRIENDSHIP LEAGUE,≤100
100710759119069,Blue Planet Ecosystem,Blue Planet Ecosystem,≤100
316955281351,APWU - The American Postal Workers Union,AMERICAN POSTAL WORKERS UNION,≤100
103224845843699,American Association of Psychiatric Pharmacists - AAPP,These ads ran without a disclaimer,≤100
100886506017618,Lee Runyon for CCSD School Board,Lee Runyon for School Board,≤100
110052089025541,"Tim Clue, Speaker and Comedian",Tim Clue,≤100
104916968538177,TIS 이주공사,TIS VISA CORPORATION,≤100
169668596476550,AFSCME en Español,AMERICAN FEDERATION OF STATE COUNTY & MUNICIPAL EMPLOYEES,≤100
76523801829,the Christian Century,CHRISTIAN CENTURY,≤100
106739082030876,Ker Stories,These ads ran without a disclaimer,≤100
109475211795252,Freedom From The Press,Michael Scott Hughes,≤100
110010433804232,Standing For Freedom Center,Standing for Freedom Center,≤100
103338614839717,Peter S. Wenz,Peter S. Wenz,≤100
425677887526239,NYSERDA,NYSERDA,≤100
135147466526831,Audacy,"Audacy, Inc.",≤100
1015449978587077,Alliance for Youth Action,Alliance for Youth Action,≤100
258186881053838,Dave Yarnes,Dave Yarnes,≤100
109729614556385,The House Guidance,These ads ran without a disclaimer,≤100
138492335404,Scott Walker,FORWARD USA FEDERAL POLITICAL ACTION COMMITTEE,≤100
70795936969,Children International,CHILDREN INTERNATIONAL,≤100
101022822539478,Bino Reading,These ads ran without a disclaimer,≤100
105697008764438,Pik Reading,These ads ran without a disclaimer,≤100
109575145733890,McGuireWoods Consulting,McGuireWoods Consulting LLC,≤100
123651254408327,Sokolove Law,"Sokolove Law, LLC",≤100
323798354307768,Unbossed,"The Young Turks, Inc.",≤100
123097641881,Feminists for Life,FEMINISTS FOR LIFE OF AMERICA,≤100
249467225254927,The Love > hate Project,LOVE GREATER THAN HATE PROJECT,≤100
100682452573500,Echo Stories,These ads ran without a disclaimer,≤100
109649844854542,Alligator Terminator,These ads ran without a disclaimer,≤100
129278807814364,Women of Welcome,Women of Welcome,≤100
710460605705480,Dugit Outreach Center,Dugit Messianic Outreach Center,≤100
143981748956175,Rural Assembly,Rural Assembly,≤100
254943996005,Catholic Answers,"CATHOLIC ANSWERS, INC.",≤100
107040767505537,603 Forward,603 Forward,≤100
100221986153813,Lou's Daily News,Michael Scott Hughes,≤100
723394465079640,The Lion,Stanley M. Herzog Charitable Foundation,≤100
101256095868048,Code Stories,These ads ran without a disclaimer,≤100
154930410085,"Zion Oil and Gas, Inc.","Zion OIl & Gas, Inc.",≤100
110094158160834,The American Tribune,Michael Scott Hughes,≤100
100284648021034,New Tolerance Campaign,New Tolerance Campaign,≤100
101734509129533,Mid Reading,These ads ran without a disclaimer,≤100
111044621745187,Liberty News,William Gordan Tanner,≤100
100599845565702,The House Dear,These ads ran without a disclaimer,≤100
107324914853946,The Current: Exhibitions & Education,These ads ran without a disclaimer,≤100
271434569418,HumaneWatch,Center for Consumer Freedom,≤100
103739957866477,Zinc8 Energy Solutions,"Vorticom, Inc.",≤100
45169169993,Planned Parenthood Minnesota Advocate,"Planned Parenthood Minnesota, North Dakota, South Dakota Action Fund",≤100
1237910926236507,"Nick Schroer, State Senate","Friends of Nick Schroer - Josh Murphy, Treasurer",≤100
112019855107729,Holt Persinger for State House,Holt Persinger for State House,≤100
83960796709,Institute for Southern Studies,INSTITUTE FOR SOUTHERN STUDIES INC,≤100
410809436013820,Gedony Fontil,Gedony Fontil,≤100
114255973742725,Proxy Law Firm,These ads ran without a disclaimer,≤100
102999202588213,maleficent5.0,These ads ran without a disclaimer,≤100
1832888600167903,JD for Arlington,JD for Arlington,≤100
543055672532190,ConnecticutEast,Brian Scott-Smith - Broadcaster,≤100
105208458849768,Zav Reading,These ads ran without a disclaimer,≤100
100182009621651,Animals of Ukraine - Searching for Nika,Howard and Cooper Consulting,≤100
2168484930102843,EJ Moonshot,EJ Creations LLC,≤100
103948701221001,Pro-Life Flag Project,Pro-Life Flag Project,≤100
1439168163008159,Dominicanos USA,DOMINICANOS USA INC NY,≤100
218217951617390,New Mexico For Equine Rights & Open Government,Nancy Lou Henry,≤100
411566892619897,Shaking Up Science,David Toby Nabhan,≤100
110796885597052,School the World,These ads ran without a disclaimer,≤100
105046435119207,Every Day Koala Pets,These ads ran without a disclaimer,≤100
114209360263932,On Point with Rachel Tourgeman,Rachel Tourgeman,≤100
101396929347025,Fun Magazine World,These ads ran without a disclaimer,≤100
221304365015968,Dave Min,Dave Min for Congress,≤100
22560886676,Ché Ahn,Che Ahn Ministries,≤100
110965698291554,The Daily Smart,These ads ran without a disclaimer,≤100
108929675184859,Fun by Day,These ads ran without a disclaimer,≤100
106386158767588,DOPE Quick Reads,DOPE QUICK READS LLC,≤100
103063425028781,Every Day Monkey Lifestyle,These ads ran without a disclaimer,≤100
165674110118949,Clearing out the Clutter,Colin D Moore,≤100
105269625578850,The Public Page for Ohio Physicians for Reproductive Rights,Ohio Physicians for Reproductive Rights,≤100
1406149713044974,Intellectual Judaism,Intellectual Judaism,≤100
196642367081545,OPEIU Local 8,Office and Professional Employees International Union Local 8,≤100
137662367278,League of Women Voters of the US,LEAGUE OF WOMEN VOTERS OF THE UNITED STATES,≤100
100416560012896,Friends of the Everglades,FRIENDS OF THE EVERGLADES INC,≤100
102230249080409,Freedom First,Jason Donald Robertson,≤100
101437432582765,The Center for Infrastructure and Economic Development,Center for Infrastructure and Economic Development Inc.,≤100
103896262089697,Cool mule,These ads ran without a disclaimer,≤100
107726137669311,B3K Prosperity,B3K Prosperity,≤100
104113672186734,David Sheppard for School Board Dist. 124,David Sheppard,≤100
36091862898,The Mackinac Center for Public Policy,Mackinac Center for Public Policy,≤100
237477017606,Club for Growth,"CLUB FOR GROWTH, INC",≤100
349702751902673,Hereditary Angioedema Association - HAEA,HEREDITARY ANGIOEDEMA ASSOCIATION INC.,≤100
106563958759988,Semafor,These ads ran without a disclaimer,≤100
81755908577,Kids in Need of Defense (KIND),"KIND, Inc.",≤100
108965298031726,The House Ideas,These ads ran without a disclaimer,≤100
65538457518,The Village Square,TO THE VILLAGE SQUARE INC,≤100
309541989079465,Libertas Institute,LIBERTAS INSTITUTE,≤100
101064482556554,Dvi Stories,These ads ran without a disclaimer,≤100
222797534462862,Peter Boghossian,National Progress Alliance,≤100
107356708329311,Conservative News Stories,William Gordan Tanner,≤100
102252122442327,House On Fire,The CLEO Institute,≤100
186475038061809,Our Children's Trust,Our Children's Trust,≤100
349528025129958,"Brevard County Sheriff's Office, Florida (Official)",Robert Wayne Ivey,≤100
77906169595,Texans Care For Children,Texans Care for Children,≤100
1448985902033866,Trans Lifeline,Trans Lifeline,≤100
117165741681229,International Crane Foundation,"INTERNATIONAL CRANE FOUNDATION, INC.",≤100
105451942439465,Sabina Covo for Miami,"Sabina Covo, Non-partisan, for City of Miami Commissioner, District 2",≤100
844306012261691,Generation Yonkers,The City of Yonkers,≤100
77130778113,Coalition for Medicare Choices,The Coalition for Medicare Choices,≤100
104396194587918,C3 Solutions,These ads ran without a disclaimer,≤100
104521238896557,June Marie Paintings,June-Marie Paintings,≤100
2165441450136848,"Issues with Mail Order Pharmacy, Corporate Retail Pharmacy, & PBMs",Unite For Safe Medications,≤100
1401751556610553,Political Civilian,Jason Byrd Marshall,≤100
273223673607541,Sandy Springs Together,Sandy Springs Together,≤100
122207534456852,Ayo and Iken,Ayo and Iken,≤100
458643554482238,Uri Velez La Sra de los Seguros,Euridis Velez,≤100
312533068780133,New Jersey Firefighters PFANJ,"Professional Firefighters Association of New Jersey - ""PFANJ""",≤100
263311807031163,Sasha Issenberg,EmmKay Media,≤100
102579112455934,Making The Leap Podcast,Stanley M. Herzog Charitable Foundation,≤100
107326878275017,National Pretrial,National Pretrial,≤100
789675921090841,Brookhaven Town Democratic Committee,BROOKHAVEN DEMOCRATIC COMMITTEE,≤100
100983515068287,"Justice For Greenwood Foundation, Inc.",Justice for Greenwood Foundation Inc,≤100
307930162724,California Faculty Association,California Faculty Association,≤100
104491905401448,Lion Reading,These ads ran without a disclaimer,≤100
461530314600399,Common Sense American Politics,Common Sense American Politics,≤100
102589746451856,American Black Journal,DETROIT EDUCATIONAL TELEVISION FOUNDATION,≤100
142932506806,Texas Alliance for Life,"Texas Alliance for Life, Inc.",≤100
30079936984,CWS,"CHURCH WORLD SERVICE, INC.",≤100
110322138238412,Back the Blue Line,Front Line Support Inc.,≤100
178700205665083,FamilyLife Blended,CAMPUS CRUSADE FOR CHRIST INC,≤100
107707808559941,State Rep. Jay Kilmartin,Jay Kilmartin for State House,≤100
50714237985,The Rutherford Institute,RUTHERFORD INSTITUTE,≤100
108180998440229,Save Democracy AZ,Save Democracy Inc.,≤100
101312698628642,Ryan Samuels,Ryan Francis Samuels,≤100
220538341415523,The Satanic Temple,The Satanic Temple,≤100
246491525549550,Ed Post,Education Post,≤100
486123405130007,100 Percent Campaign,100% Action,≤100
115856618521532,Great Lakes Now,DETROIT EDUCATIONAL TELEVISION FOUNDATION,≤100
100403528653081,Punchbowl News,Punchbowl News,≤100
100124709108034,Patriot One News,Matt Clark Agency,≤100
416384822549260,A Better Delaware,A Better Delaware,≤100
1376465702586897,Coloradans for Responsible Energy Development,Coloradans for Responsible Energy Development,≤100
171114412933,Earth Island Journal,These ads ran without a disclaimer,≤100
340189316121405,Bronx Arts and Science Charter School,These ads ran without a disclaimer,≤100
223922031074790,The Abortion Survivors Network,The Abortion Survivors Network,≤100
7361892567,Born Free USA,"BORN FREE USA, UNITED WITH ANIMAL PROTECTION INSTITUTE",≤100
102596355656379,Red Wave News Updates,Michael Scott Hughes,≤100
103426858855557,Eyes That Speak by Christy Bowe,Gilbert Lunsford Jr Eugene,≤100
112245814913016,renemoawadfoundation,These ads ran without a disclaimer,≤100
155131494544162,"Center for the Study of White American Culture, Inc.",CENTER FOR THE STUDY OF WHITE AMERICAN CULTURE,≤100
8321461609,MomsRising.org,MomsRising Together,≤100
107726931747049,Dino read,These ads ran without a disclaimer,≤100
107683771761996,Read bid,These ads ran without a disclaimer,≤100
262164587131475,Free martial arts material for your own local school teachers to use,Ryan Gilbert,≤100
895720774159876,Colquitt County Republican Party,Republican Party Colquitt County,≤100
2310488009211056,Poder Latinx,Poder Latinx,≤100
249789687311,Virginia Senate Republican Caucus,Virginia Senate Republican Caucus,≤100
182034571982073,Dade Phelan,Texans for Dade,≤100
102590994772178,Social Democratic Advocacy,Steven J. Schwartzberg,≤100
119388253264855,Tocqueville Lecture Series,Benjamin Isaak Gross,≤100
106746992189224,The State of Women Podcast,POPULATION MEDIA CENTER INC,≤100
43949868082,Outright International,These ads ran without a disclaimer,≤100
607339103061292,Jody Owens Hinds County District Attorney,Friends of Jody Owens,≤100
109374912424067,Drew McKissick,DrewMcKissick.com,≤100
115130094783303,Lior Halabi for Miami,Lior Halabi for City of Miami Commissioner District 2,≤100
106216399027995,Charlie Stone for Florida House,"Charlie Stone, Republican, for Florida House, District 24",≤100
38812906703,United Friends of the Children,United Friends of the Children,≤100
1343854048973873,Global X ETFs,These ads ran without a disclaimer,≤100
19036504767,Center for Victims of Torture,"CENTER FOR VICTIMS OF TORTURE, THE",≤100
74470852653,Mike Pompeo,PREMIERE MARKETING,≤100
188441263945,Laboratory to Combat Human Trafficking,LCHT,≤100
710669049286394,Woo the People,Woo the People,≤100
104979848524405,Starts With Us,Lubetzky Family Foundation,≤100
118975781468362,Equality Michigan,EQUALITY MICHIGAN,≤100
102590976067142,Rep. Greg Landsman,Representative Greg Landsman,≤100
128595617222254,Arcus Foundation - Great Ape Conservation,ARCUS FOUNDATION,≤100
206543410178686,Travis Chappell,These ads ran without a disclaimer,≤100
119216091518705,Protect The Harvest,Karen Elizabeth Glueck,≤100
115489644380953,Build Your Teaching Toolbox,Pubvendo LLC,≤100
108387384771008,The House Back,These ads ran without a disclaimer,≤100
1804156426550062,Tim Kennedy for Senate,KENNEDY FOR SENATE,≤100
104355145867842,"Yes on Z: Great Teachers, Great Orinda Schools",Orinda Community for Excellent Schools Yes on Z,≤100
940653386126953,StandingWithYou.org,Standingwithyou.org,≤100
101686835011266,HIRE OC,H.I.R.E.,≤100
101609915994057,Fun Magazine Hub,These ads ran without a disclaimer,≤100
101934808214473,KushThru,Antoine D Avery,≤100
103433804692809,Law Offices of James S. Hong & Associates,Law Offices of James S. Hong,≤100
161331700649595,Broome Republicans,Broome County Republican Committee,≤100
1215009278515650,"Funding Democracy, the economics of freedom",These ads ran without a disclaimer,≤100
2099448153445994,Students for Life Action,Students for Life Action,≤100
407848989230502,The Rational Middle,"Rational Middle Media Group, LLC",≤100
513785465632396,Airline Passengers for Justice,Airline Passengers for Justice,≤100
106568024842114,Rideshare Assault Support,Injury Match,≤100
104763894906181,Friends of Joseph Patrick Murphy,Friends of Joseph Patrick Murphy,≤100
108812115318757,JuanPablo Prieto for 30th Ward Alderperson,Friends of JuanPablo Prieto,≤100
149948038378989,Congregation Beit Simchat Torah - CBST,Congregation Beit Simchat Torah (CBST),≤100
100388729554147,COL Fashion,Culture of Life,≤100
482100658584410,We Stand For Energy,"EDISON ELECTRIC INSTITUTE, INC.",≤100
1488634158025371,Project Horizon,These ads ran without a disclaimer,≤100
1835838916635491,Transamerica Institute,Transamerica Center for Health Studies,≤100
111904024679959,Bold Majority,BOLD MAJORITY PAC,≤100
183484875153093,Kim Monson Show,The Kim Monson Show,≤100
110068881944540,Clarence Cox for Sheriff,Friends of Clarence Cox,≤100
210214622426593,Nexus Family Healing,NEXUS,≤100
118510457803652,Images we see,Aruna Sankaranarayanan,≤100
133753583953215,American History in 90 Minutes - The Common-Sense Guide to U.S. History,American History in 90 Minutes,≤100
2366527573570929,No-Nonsense Round Table,Dominic P Genova,≤100
102836085669220,Sosa Stories,These ads ran without a disclaimer,≤100
106422508278960,Unsung History,Kelly T Pollock,≤100
108852344988490,anondabellart,These ads ran without a disclaimer,≤100
101855485803198,Cod Stories,These ads ran without a disclaimer,≤100
293504781510576,Congresswoman Veronica Escobar,Congresswoman Veronica Escobar,≤100
103463984649960,Capitalism versus Socialism:  What Does the Bible Have to Say?,Cynthia Ellen Simpson,≤100
577434802366161,Health Agent,These ads ran without a disclaimer,≤100
249557685489132,Spiritual and Practical Socialism,Michael Robert Mccormick,≤100
127691390582,PHI,"PARAPROFESSIONAL HEALTHCARE INSTITUTE, INC.",≤100
2052968585000306,Kristie Goforth,Friends of Kristie Goforth,≤100
205793342812043,Love Light + Melody,Love Light + Melody,≤100
101125812557848,Nov Stories,These ads ran without a disclaimer,≤100
101080822634195,Fix It Films,Fix It Healthcare,≤100
240425642652222,South Florida Wildlands Association,South Florida Wildlands Association,≤100
196886653740209,UCLA Center for Health Policy Research,UCLA Center for Health Policy Research,≤100
216052228433696,Arcus Foundation LGBTQ Social Justice,ARCUS FOUNDATION,≤100
674182529399211,Gun Owners Radio,Gun Owners Media LLC,≤100
112552187080266,Protecting Every Future,American Council of Life Insurers,≤100
105495775564367,President Trump Updates,Logan Thomas Corson,≤100
171524666565192,Dave Stauffer for Governor,David William Stauffer,≤100
123410814394512,Gun Facts,Gun Facts,≤100
148942695133440,Northern Plains Resource Council,NORTHERN PLAINS RESOURCE COUNCIL,≤100
276076196388914,Coffee & Pan Dulce Show,Coffee & Pan Dulce Show,≤100
7933888572,Network Lobby,THE NETWORK,≤100
104821105571303,Danny Becton for Duval County Property Appraiser,"Danny Becton, Republican, for Duval County Property Appraiser",≤100
181438572390,Sarasota County Democratic Party,Sarasota County Democratic Party,≤100
1420200111329836,Alan C. Moore,Alan Christopher Moore,≤100
1353722684643583,EPF Media,EPF Media,≤100
106333152164020,United24 Media,These ads ran without a disclaimer,≤100
823175264430441,Sussex Gop,Sussex County Republican Committee,≤100
127744561336445,Players Coalition,These ads ran without a disclaimer,≤100
452797224923658,The Democratic Coalition,THE DEMOCRATIC COALITION,≤100
187713745097888,Save the Alamo,Save The Alamo Committee,≤100
314964416195,American Seniors Association,AMERICAN SENIOR ASSOCIATION,≤100
100187822111272,Our Funny Little Site Online,These ads ran without a disclaimer,≤100
162069790604,AARP Arizona,AARP,≤100
103974389650244,Amenders for Federal Spending Control,Mark Albert Meier,≤100
113205131621824,WorldOrder.News,WorldOrder.News,≤100
904237053259176,Women Campaign,WOMEN CAMPAIGN,≤100
112912573793125,Rise Up for Justice,Avrom L Altman,≤100
338218229911752,Integrity First PAC,INTEGRITY FIRST PAC,≤100
189262227767934,Cultural Survival,These ads ran without a disclaimer,≤100
86711894400,National Write Your Congressman,National Write Your Congressman,≤100
190936020954489,MADE FREE,These ads ran without a disclaimer,≤100
102055722655896,Nonstop Nostalgia Entertainment,These ads ran without a disclaimer,≤100
118635175464489,uPolitics,"Uinterview, Inc.",≤100
104569341322280,Kendall Rae,These ads ran without a disclaimer,≤100
9423488774,American Clean Power Association,These ads ran without a disclaimer,≤100
154269528015922,Byron Donalds,Byron Donalds for Congress,≤100
104908587794475,Mind The Gap Festival,These ads ran without a disclaimer,≤100
100894356245240,Miss Wentzville's OT 2023 - Romy Taylor,These ads ran without a disclaimer,≤100
169840807024913,Jobob,The Jobob Show,≤100
7427054686,Secular Student Alliance,SECULAR STUDENT ALLIANCE,≤100
173470656019870,The Daily Yonder,CENTER FOR RURAL STRATEGIES,≤100
50523077697,Tommy Norment,Friends of Tommy Norment,≤100
782924635435040,Tender Octopi,These ads ran without a disclaimer,≤100
371657130275,The Bra Recyclers,These ads ran without a disclaimer,≤100
825571424125386,Lighthouse For Life,Lighthouse for Life,≤100
100440371438615,Vice Mayor Chris Faraldi,Faraldi for Lynchburg,≤100
103929304678916,Voter Action Project,Integrity First Voter Action Project,≤100
109715331987710,Prue for Lake Forest,Prue for Lake Forest,≤100
107344338471443,Jordan Faircloth for Judge,Jordan Faircloth for Judge,≤100
73970658023,International Rescue Committee,International Rescue Committee,≤100
147523538641547,Capitol Ministries,CAPITOL MINISTRIES,≤100
262426394701,Move United Sport,These ads ran without a disclaimer,≤100
548443441866241,Haley2024 The Movement,Haley2024 the Movement,≤100
108028728590880,CTLPod,POPULATION MEDIA CENTER INC,≤100
383095491885484,Vice Mayor Anna Hochkammer,Anna Marsh Hochkammer,≤100
113823987882761,"Eden Village of Richmond, Inc.",Cathy Ritter,≤100
116945211276055,Make America Florida,Logan Thomas Corson,≤100
270826723039149,The Coalition to Protect Americas National Parks,"COALITION OF NATIONAL PARK SERVICE RETIREES, INC.",≤100
2007361039550045,"Center for Free, Fair, and Accountable Democracy","CENTER FOR FREE, FAIR, AND ACCOUNTABLE DEMOCRACY, INC.",≤100
110802194853022,a.eortega,These ads ran without a disclaimer,≤100
192730325307,TobaccoFreeNYS,Tobacco Free New York State,≤100
1505244559517282,Colin Allred,COLIN ALLRED FOR CONGRESS,≤100
100806242836871,Preservation Pause,University of Arizona Indigenous Peoples Law and Policy Program,≤100
317990588295540,Governor Tom,Thomas Mills Wood Ii,≤100
1165122570296957,Phoenix Zones Initiative,Phoenix Zones Initiative,≤100
243605012672167,Greg Casar,GREG CASAR FOR CONGRESS,≤100
208876186220,Great Transition Initiative,"TELLUS INSTITUTE, INC.",≤100
307577909645,Elizabeth River Project,ELIZABETH RIVER PROJECT,≤100
246633904835,First Unitarian Society of Milwaukee,FIRST UNITARIAN SOCIETY OF,≤100
164223783681838,Tax Talk Today,"Tax Talk Today, Inc.",≤100
644308565682800,Tanya Acker,Tanya Marie Acker,≤100
104410598893696,Bar Reading,These ads ran without a disclaimer,≤100
312870062895448,StateThugs,StateThugs.com,≤100
100200559172333,Readox,These ads ran without a disclaimer,≤100
120915979267,Life In Messiah International,"AMF INTERNATIONAL, INC.",≤100
138434734461,CIIS Public Programs,CIIS Public Programs,≤100
110812087868882,The House Recipes,These ads ran without a disclaimer,≤100
6808755897,Governing,e.Republic,≤100
101131749365237,Vote Robin Adams Tioga County Commissioner,Friends of Robin Adams,≤100
173044876043386,Safe Voices,SAFE VOICES,≤100
1191336950894416,City of Carlsbad NM Government,Social Media Manager,≤100
488740674837681,198 Methods,198 methods,≤100
104791672517219,National Coverage Helpline,These ads ran without a disclaimer,≤100
91396988467,Republican Party of Texas,Republican Party of Texas,≤100
108035902010688,Servicios Migratorios Vicent,These ads ran without a disclaimer,≤100
111833201704,Faith and Freedom Coalition,Faith & Freedom Coalition,≤100
104851545693021,Carmelia Taylor Esq,These ads ran without a disclaimer,≤100
14960614435,Ben Jealous,Gilbert Lunsford Jr Eugene,≤100
503153973388666,W. Michael Galliher for Roanoke County Circuit Court Clerk,Supporters of Galliher for Clerk,≤100
104223804734775,Freedom Virginia,Freedom Virginia,≤100
127387720639778,Kantola Training Solutions,These ads ran without a disclaimer,≤100
106341454506321,The Bull Moose Party,The Bull Moose Party,≤100
85494514323,Urban League of Portland,Urban League of Portland,≤100
1256218774533782,Braven Environmental,Braven Environmental,≤100
108108121456950,Blue States PAC,BLUE STATES PAC,≤100
100119154666844,Zonta USA,Zonta USA Caucus,≤100
1883837055193241,Shield Republic,Shield Republic,≤100
123518401984,Family Water Alliance,These ads ran without a disclaimer,≤100
449532451834913,Fishers Finery,Fishers Finery,≤100
134486075205,New York Post,These ads ran without a disclaimer,≤100
100461704650569,Jevas Combativas,These ads ran without a disclaimer,≤100
107418177702609,Middle America News,Logan Thomas Corson,≤100
111910503859549,Justin’s fight for justice,Nancy Lee Riley,≤100
110507567453005,KG Lotto,These ads ran without a disclaimer,≤100
262741493751666,The Pew Charitable Trusts,"PEW CHARITABLE TRUSTS, THE",≤100
108750688649665,samu.elle.strie,These ads ran without a disclaimer,≤100
30866133883,Alaska Wilderness League,ALASKA WILDERNESS LEAGUE,≤100
49651563727,Live Action,These ads ran without a disclaimer,≤100
1720878078241107,Conservative Move,Conservative Move,≤100
224837426560,CONTRA COSTA SHERIFF-OFFICIAL PAGE,Bonneville International,≤100
105239511089757,Inmigrantes al Día,Inmigrantes al Dia,≤100
107014711872980,TUSK,These ads ran without a disclaimer,≤100
109214692066458,Vote Perez for Racine,Joshua Vollendorf,≤100
431409220394183,The Ward 8 Democrats,"Ward Eight Democrats, Inc",≤100
105425642156608,Bon Reading,These ads ran without a disclaimer,≤100
143027005905095,"C. A. Goldberg, PLLC",Crisp,≤100
296451777564823,Indiana Environmental Reporter,Indiana Environmental Reporter,≤100
502969216761221,Common Sense Civics and Citizenship,Candace Donnelly,≤100
124115965454,Cornerstone Action,Cornerstone Action,≤100
240914282958205,Rob Long for Delray Beach City Commission Seat 2,Rob Long for City Commission,≤100
105990415642100,DeSantis Supporters,Logan Thomas Corson,≤100
133913826633461,Grassroot Institute of Hawaii,Grassroot Institute of Hawaii,≤100
504118316658151,SilencedOrganic,SilencedOrganic.com,≤100
7292655492,MoveOn,MOVEON.ORG POLITICAL ACTION,≤100
108505418632952,Climate change is real,Michael Test,≤100
110490923932652,Caramel&Cream,Yolanda Pena Kennedy,≤100
22297132269,United Way for Southeastern Michigan,These ads ran without a disclaimer,≤100
107622955460520,Lindsey Brock for City Council,Lindsey Brock for City Council,≤100
512954815727434,Jake Ellzey,JAKE ELLZEY FOR CONGRESS,≤100
112078117033545,Suffer the Little Children Podcast,Laine E Hissett,≤100
336442420497121,Consciously,Big Sister Corp.,≤100
105800435721037,The Right Hour,Logan Thomas Corson,≤100
151042751741340,Stuzo clothing,These ads ran without a disclaimer,≤100
108966404699566,Free For ALL Podcast,Michael D Mccoy,≤100
101204378825808,Fight the Right,FIGHT THE RIGHT PAC,≤100
670671859746779,Allie + Jesse,These ads ran without a disclaimer,≤100
1571401929773000,North County  Climate Change Alliance,North County Climate Change Alliance,≤100
107514541536074,The House Glaze,These ads ran without a disclaimer,≤100
100897732376481,Magnolia Moonshot 2030,These ads ran without a disclaimer,≤100
116053251360379,Sukata,These ads ran without a disclaimer,≤100
103414978950691,zelafrica_backup,These ads ran without a disclaimer,≤100
101488552496485,Ok Stories,These ads ran without a disclaimer,≤100
2484608718477370,Little Things Matter International,These ads ran without a disclaimer,≤100