﻿Page ID,Page name,Disclaimer,Amount spent (USD)
309798029121030,Everytown for Gun Safety,Everytown for Gun Safety Action Fund Inc,2380
309308412520731,Sandy Hook Promise,Sandy Hook Promise,2322
6236054211,Brady: United Against Gun Violence,Brady Campaign to Prevent Gun Violence,549
172758932738142,PhRMA,PHARMACEUTICAL RESEARCH AND MANUFACTURERS OF AMERICA,514
109217467244059,Health Justice Recovery Alliance,Oregon Health Justice Recovery Alliance,456
18982436812,ACLU,American Civil Liberties Union,361
104294461919852,People For Portland,People For Portland,244
593172347708466,Oregon Forests Forever,OREGON FOREST INDUSTRIES COUNSEL,239
428821014132730,Katie Porter,KATIE PORTER FOR SENATE,227
127225910653607,PragerU,PragerU,211
187922701657919,Stable Homes for Oregon Families,SERVICE EMPLOYEES INTERNATIONAL UNION LOCAL 49,205
239452426714,American Action Network,American Action Network,189
385473284886474,Hillsdale College,Hillsdale College,186
186108419168,SEIU Local 503,SEIU,186
1668829900099443,Hospitality is Working,Hospitality is Working,155
304600892905134,Hillsdale College Online Courses,HILLSDALE COLLEGE,148
130268756992804,Yale Climate Connections,Yale Climate Connections with Facebook Ad Credits,118
15771560300,Earthjustice,EARTHJUSTICE,110
333710103706307,GIFFORDS,Giffords,109
72931140459,Center for Biological Diversity,"CENTER FOR BIOLOGICAL DIVERSITY, INC.",106
107500120800840,Partnership for Energy Progress,Partnership for Energy Progress,105
92925746942,Judicial Watch,Judicial Watch,103
161183970656851,Ruben Gallego,GALLEGO FOR ARIZONA,103
110267835279432,Senior Savings,The Daily Savings Journal,102
1316372698453411,Alexandria Ocasio-Cortez,Alexandria Ocasio-Cortez for Congress,≤100
106244251043808,America's Plastic Makers,"AMERICAN CHEMISTRY COUNCIL, INC.",≤100
780941275347834,Ilhan Omar,ILHAN FOR CONGRESS,≤100
40217893542,AIPAC,AIPAC,≤100
38471053686,Elizabeth Warren,"WARREN FOR SENATE, INC.",≤100
30079936984,CWS,"CHURCH WORLD SERVICE, INC.",≤100
2353537341582545,Proud Patriots,Proud Patriots,≤100
109092142462587,Adam Schiff,SCHIFF FOR SENATE,≤100
342294162453301,Planned Parenthood,Planned Parenthood Federation of America,≤100
1632814840319802,John Fetterman,Fetterman for PA,≤100
113891694102,Energy Citizens,AMERICAN PETROLEUM INSTITUTE,≤100
18709174006,National Audubon Society,"NATIONAL AUDUBON SOCIETY, INC.",≤100
580610428636345,Fight for $15,Fight for $15,≤100
1461100540775171,The Tuttle Twins,LIBERTAS INSTITUTE,≤100
203197030603239,8 Billion Trees,8 Billion Trees LLC,≤100
570092813023833,Matt Walsh,The Daily Wire,≤100
101882882493702,Flavors Hook Oregon Kids,Flavors Hook Oregon Kids,≤100
7341997111,Conservation International,Conservation International,≤100
18780321251,American Chemistry,American Chemistry Council,≤100
221401431386940,Pramila Jayapal,PRAMILA FOR CONGRESS,≤100
209516845093,NRDC Action Fund,NRDC Action Fund,≤100
114517875225866,The Other 98%,OTHER 98 PERCENT ACTION,≤100
57259033959,AARP,AARP,≤100
140357056032320,NEA Today,National Education Association,≤100
112325855474892,Speak Up For Education and Kids,National Education Association,≤100
8492293163,Environmental Defense Fund,Environmental Defense Fund,≤100
101204839475983,PennySaver USA,These ads ran without a disclaimer,≤100
6514736316,Walden University,Walden University,≤100
131730790498,Take Down Tobacco,Campaign for Tobacco-Free Kids,≤100
100652668612020,Essential Plastics Coalition,"CENTER FOR CONSUMER FREEDOM, THE",≤100
5720973755,Defenders of Wildlife,DEFENDERS OF WILDLIFE,≤100
167555906615100,The Voice,"NBCUniversal, LLC",≤100
114008535880,Foundation for Individual Rights and Expression,FOUNDATION FOR INDIVIDUAL RIGHTS IN EDUCATION,≤100
23875187730,Feeding America,Feeding America,≤100
592707041080920,Stand Together,Stand Together Chamber of Commerce Inc.,≤100
104394262049761,Jeremy's Razors,The Daily Wire,≤100
143784945647421,Death with Dignity,DEATH WITH DIGNITY NATIONAL CENTER,≤100
314499212242,Pfizer,Pfizer Inc.,≤100
199504650087085,United,"UNITED AIRLINES, INC.",≤100
8325302025,Friends of the Earth U.S.,Friends of the Earth,≤100
104979848524405,Starts With Us,Lubetzky Family Foundation,≤100
101330089548224,John Burrows for Congress,John Burrows for Congress,≤100
12566691349,Today Show,"NBCUniversal, LLC",≤100
50576707351,Republican State Leadership Committee,Republican State Leadership Committee,≤100
82609311925,GreenLatinos,GreenLatinos,≤100
103912059097010,One Real American,One Real American,≤100
2053678114723700,President Trump's Patriot Army,I Love My Freedom,≤100
7030901126,Campaign for Tobacco-Free Kids,Campaign for Tobacco-Free Kids,≤100
106568024842114,Rideshare Assault Support,Citizen Ad Network LLC,≤100
103588388469410,Disparity Trap,Disparity Trap,≤100
111824001908,Hakeem Jeffries,JEFFRIES FOR CONGRESS,≤100
123500462249,Oregon Food Bank,"OREGON FOOD BANK, INC.",≤100
108641741851973,Magic Valley Energy,Magic Valley Energy LLC,≤100
103375628943529,Adam Frisch,Adam for Colorado,≤100
49651563727,Live Action,Live Action,≤100
1435071773455316,Daily Wire,The Daily Wire,≤100
114431968228930,,Kids for Success,≤100
30139072158,CARE,CARE,≤100
555787351119974,Coalition to Protect America's Health Care,Coalition to Protect America’s Health Care,≤100
38235851310,USA for UNHCR,UNITED STATES ASSOCIATION FOR UNHCR,≤100
166618413413767,Jay Sekulow,American Center for Law and Justice,≤100
7292655492,MoveOn,MOVEON.ORG POLITICAL ACTION,≤100
23790541544,Democrats,DCCC,≤100
19554217292,American Heart Association: You're the Cure,American Heart Association,≤100
19437978960,Chris Murphy,FRIENDS OF CHRIS MURPHY,≤100
542678889114683,The Coca-Cola Company,The Coca-Cola Company,≤100
22067606728,Allen West,The Association of Mature American Citizens Inc,≤100
203805062990264,Ben Shapiro,The Daily Wire,≤100
1669941646417657,Senior Choice Financial,Senior Choice Financial,≤100
7192716362,Amnesty International USA,"AMNESTY INTERNATIONAL OF THE U. S. A., INC.",≤100
104295601633638,American Cornerstone Institute,American Cornerstone Institute Inc,≤100
12301006942,Democratic Party,DNC SERVICES CORP./DEM. NAT'L COMMITTEE,≤100
7814597100,Jim Jordan for Congress,JIM JORDAN FOR CONGRESS,≤100
6204742571,Sierra Club,SIERRA CLUB,≤100
8321461609,MomsRising.org,MomsRising Together,≤100
50822254585,Mountain States Legal Foundation,Mountain States Legal Foundation,≤100
109320440856128,Stand Up to Jewish Hate,"Foundation to Combat Anti-Semitism, Inc.",≤100
102415355916214,American Heart City,American Heart City,≤100
104760636770,Vera Institute of Justice,"VERA INSTITUTE OF JUSTICE, INC.",≤100
105454117977117,Voices for Consumer Choice,Voices for Consumer Choice,≤100
109923482368640,Jackson County Oregon USA,"Jackson County, Oregon",≤100
85452072376,NEWSMAX,"NEWSMAX MEDIA, INC.",≤100
431891506856669,Dove,Unilever,≤100
1832744013698336,Mahogany Mommies,Mahogany Mommies,≤100
292351509697,Jerusalem Prayer Team,Jerusalem Prayer Team,≤100
103355385129734,The Climate Pledge,The Climate Pledge,≤100
102592959026,Ocean Conservancy,"OCEAN CONSERVANCY, INC.",≤100
154561574598964,White Coat Waste Project,THE WHITE COAT WASTE PROJECT INC,≤100
340528409646227,Consumer Action for a Strong Economy,CASE for Consumers,≤100
29717379728,International Justice Mission,International Justice Mission,≤100
216311481960,Bill Gates,Bill Gates,≤100
518194348194441,RepresentUs,RepresentUs,≤100
80562389320,NARAL Pro-Choice America,NARAL PRO-CHOICE AMERICA CORP,≤100
12375354406,USO,United Service Organizations,≤100
267180743723148,National Geographic Society,National Geographic Society,≤100
7263476274,Mercy Corps,Mercy Corps,≤100
21375324480,The Heritage Foundation,HERITAGE FOUNDATION (THE),≤100
104253615152700,America First Legal,America First Legal Foundation,≤100
163148530407080,Captain Mark Kelly,MARK KELLY FOR SENATE,≤100
108547455113940,Our America,Our America,≤100
15239367801,The Wilderness Society,"WILDERNESS SOCIETY, THE",≤100
302182941354,AARP Advocates,AARP,≤100
876218862710390,Gordon Lafer for 4J,Gordon Lafer for 4J,≤100
76470053424,TIAA,TEACHERS INSURANCE AND ANNUITY ASSOCIATION OF AMERICA,≤100
1540549669581410,Voices for Affordable Health,Voices for Affordable Health,≤100
54779960819,United Nations,United Nations with Facebook Ad Credits,≤100
116204538416735,The AIDS Institute,AIDS INSTITUTE INC,≤100
153080620724,Donald J. Trump,TRUMP SAVE AMERICA JOINT FUNDRAISING COMMITTEE,≤100
107217018915339,Rep. Lori Chavez-DeRemer,Rep. Lori Chavez-DeRemer,≤100
101605354952785,Glenn Youngkin,Spirit of Virginia,≤100
252814820267,HIAS,HIAS,≤100
6316744206,Jon Tester,MONTANANS FOR TESTER,≤100
281844617168,Jewish Voice Ministries International,Jewish Voice Ministries International,≤100
1070343826414078,Lead Locally,Lead Locally,≤100
945455208962159,For Everyone Collective,For Everyone Collective,≤100
142914269087072,Cornell Lab of Ornithology,Cornell Lab of Ornithology,≤100
101704558574021,Lucas Kunce,Lucas Kunce for Missouri,≤100
7735858972,Humane Society Legislative Fund,Humane Society Legislative Fund,≤100
1476342155924546,Big Rig Threads,Big Rig T-Shirts and Decals LLC,≤100
109450205366582,The American Advisory,The American Advisor,≤100
107764430968176,Tuttle Twins TV Show,"Tuttle Twins Show, LLC",≤100
13885075114,Action Against Hunger USA,ACTION AGAINST HUNGER - USA,≤100
201446296572389,Compassion in World Farming (USA),Compassion in World Farming Inc,≤100
168876449866088,The Years Project,THE YEARS PROJECT,≤100
95001097200,National Association of Manufacturers,NATIONAL ASSOCIATION OF MANUFACTURERS OF THE UNITED STATES OF AMERICA INC.,≤100
1811054522463877,Michelle Atkinson for Medford School Board,Michelle Atkinson for Medford School Board,≤100
681626158940626,Mission Roll Call,Americas Warrior Partnership,≤100
115379705206001,U.S. Department of Homeland Security Blue Campaign,U.S Department of Homeland Security Blue Campaign,≤100
83290028957,Care Net,CARE NET,≤100
36984629451,Chinook Indian Nation,CONFEDERATED LOWER CHINOOK TRIBES AND BANDS,≤100
100403528653081,Punchbowl News,Punchbowl News,≤100
11791104453,NRDC,Natural Resources Defense Council,≤100
1958912674200535,The Pour Over,Pour Over,≤100
376776419037747,Turning Point USA,"Turning Point USA, Inc.",≤100
1201574069988840,NoFilter with Ana Kasparian,"The Young Turks, Inc.",≤100
1470540296409810,Fair Fight Action,FAIR FIGHT,≤100
36474716066,Color Of Change,ColorofChange.org,≤100
61492859575,Americares,"Americares Foundation, Inc.",≤100
132066233534659,Healthcare Education Project,Healthcare Education Project,≤100
27544763621,Prison Fellowship,Prison Fellowship,≤100
110442961603215,Yikes Today,Tomer Barazani,≤100
1012679305536045,Elissa Slotkin,Elissa Slotkin for Michigan,≤100
101105339578936,,Building Our Future Together,≤100
583258211727279,Shai Fund,SHAI FUND INC,≤100
83865976093,Truthout,TRUTHOUT,≤100
297987334762,Jamie Raskin,Jamie Raskin for Congress,≤100
44864548719,Cascade Policy Institute,Cascade Policy Institute,≤100
102487414911362,Stop AAPI Hate,Stop AAPI Hate,≤100
86071521216,Second Amendment Foundation,SECOND AMENDMENT FOUNDATION INC,≤100
100119981671668,Blue Senate,BLUE SENATE PAC,≤100
1600352356914768,PushBlack,PushBlack,≤100
443329669123990,USAFacts,USAFacts Institute,≤100
149220264647,ADL - Anti-Defamation League,Anti-Defamation League,≤100
95483488591,Democratic Party of Wisconsin,DEMOCRATIC PARTY OF WISCONSIN,≤100
25852730092,Care2,"Care2.com, Inc",≤100
408526523045391,Mammoth Nation,Mammoth Nation,≤100
111876491849854,,Friends of Julia Brim-Edwards,≤100
1869687273277265,Run for Something,Run For Something PAC,≤100
7860876103,Joe Biden,DNC SERVICES CORP./DEM. NAT'L COMMITTEE,≤100
121626482110,Operation Smile,OPERATION SMILE,≤100
103885799225717,Liberty Protector,Liberty Protector,≤100
372577693078008,"Saenz-Garcia Law, PLLC","Saenz-Garcia Law, PLLC",≤100
70874333603,CatholicVote,catholicvote.org,≤100
103531607822207,Noticias para Inmigrantes,"Wise Rock Media, PBC",≤100
34362997676,United States Holocaust Memorial Museum,UNITED STATES HOLOCAUST MEMORIAL MUSEUM,≤100
103122892725887,Senior Daily Guide,Senior daily guide,≤100
219612384781411,Bloomberg Philanthropies,Bloomberg Philanthropies,≤100
103695769458,United States Mint,United States Mint,≤100
100373975829221,Fòs Feminista Org,Fòs Feminista,≤100
290548664672,First Liberty,First Liberty Institute,≤100
108268161352786,Stanley M. Herzog Foundation,Herzog Foundation,≤100
47710973068,Voices for Cooperative Power,Voices for Cooperative Power,≤100
6787988478,Physicians for Human Rights,"PHYSICIANS FOR HUMAN RIGHTS, INC.",≤100
45393753416,Alliance Defending Freedom,Alliance Defending Freedom,≤100
240937060405,Center for Science in the Public Interest (CSPI),Center for Science in the Public Interest,≤100
6502038524,First Book,FIRST BOOK,≤100
1156676274461345,Mikie Sherrill,MIKIE SHERRILL FOR CONGRESS,≤100
51379424899,Mercy Ships,MERCY SHIPS INTERNATIONAL,≤100
197760674021143,Indivisible Guide,Indivisible Project,≤100
109352563640,Water.org,WATER.ORG INC.,≤100
21090771700,Gun Owners of America,Gun Owners of America,≤100
2245766435469741,Beersy,Beersy LLC,≤100
10498053716,Media Research Center,MEDIA RESEARCH CENTER,≤100
281835005264380,Eric Swalwell,SWALWELL FOR CONGRESS,≤100
102748688472759,Parents Defending Education,Parents Defending Education,≤100
395387250536986,Janet for Justice,JANET FOR JUSTICE,≤100
91346559231,Democratic Legislative Campaign Committee - DLCC,Democratic Legislative Campaign Committee,≤100
570953166908066,Vivek Ramaswamy,VIVEK 2024,≤100
1338822066131069,Women's March,Women's March,≤100
125179374733697,Big News Buzz,Resource Media,≤100
108293898875429,President Trump Supporters,I Love My Freedom,≤100
36872302227,Cory Booker,CORY BOOKER FOR SENATE,≤100
10606591490,TIME,TIME USA LLC,≤100
318691681482265,Liberty Justice Center,Liberty Justice Center,≤100
243184199040637,Caring Across Generations,Caring Across Generations,≤100
30866133883,Alaska Wilderness League,ALASKA WILDERNESS LEAGUE,≤100
43005439032,American Diabetes Association,American Diabetes Association,≤100
160630887998827,Let Them Live,Oliver Harrison  Berning,≤100
110749446963570,Courier,"Courier Newsroom, Inc.",≤100
134452023239984,Human Coalition,Human Coalition,≤100
408250066356,Bill O'Reilly,"Bill Me, Inc.",≤100
114710126648118,Republican Dogs,Republican Dogs,≤100
48994809349,Ms. Foundation for Women,MS FOUNDATION FOR WOMEN INC,≤100
153278754738777,Climate Reality,The Climate Reality Project,≤100
240203263118328,Elissa McBride,AMERICAN FEDERATION OF STATE COUNTY & MUNICIPAL EMPLOYEES,≤100
107661474402498,Liberty Eagle Apparel,United Patriot,≤100
18813753280,Human Rights Campaign,"HUMAN RIGHTS CAMPAIGN, INC.",≤100
108620667163768,For Our Future,Resource Media,≤100
102680472744564,EasyHealth,EasyHealth,≤100
786167111464006,Woodson Center,The Woodson Center,≤100
104657602040321,Truth Media,Truth Media,≤100
21242962092,ClientEarth,CLIENTEARTH USA INC,≤100
7962229886,Environmental Working Group,ENVIRONMENTAL WORKING GROUP,≤100
255062275778,Tim Tebow Foundation,TIM TEBOW FOUNDATION,≤100
63240625785,National Immigration Forum,NATIONAL IMMIGRATION FORUM,≤100
259351004139042,Ashbrook Center,Ashbrook Center,≤100
6240652407,Young America's Foundation,Young America's Foundation Inc,≤100
107414074990650,Defense of Freedom Institute,"Defense of Freedom Institute for Policy Studies, Inc.",≤100
100684991996307,November Coalition,NOVEMBER COALITION,≤100
1050320055029012,Outrider Foundation,OUTRIDER FOUNDATION INC,≤100
2333817276873990,Melissa Barnes Dholakia - Bend-La Pine Schools Board Director,Melissa for Bend La Pine,≤100
8895898655,Rainforest Alliance,"RAINFOREST ALLIANCE, INC.",≤100
125769584126996,Yael Eckstein,"INTERNATIONAL FELLOWSHIP OF CHRISTIANS & JEWS, INC.",≤100
105561217523274,The Dispatch,"Dispatch Media, Inc.",≤100
200650357207240,I Love My Freedom,I Love My Freedom,≤100
220873174076,Animal Equality,ANIMAL EQUALITY,≤100
355783211719644,Veteran Caregivers of America,"Veteran Caregivers, LLC",≤100
282488058533444,Heppner Gazette-Times,Gazette Times,≤100
5644748986,National Wildlife Federation,NATIONAL WILDLIFE FEDERATION,≤100
317284821682168,Messianic Jewish Alliance of America (MJAA),Messianic Jewish Alliance of America,≤100
104134582247672,Anthony D'Esposito,DESPOSITO FOR NEW YORK,≤100
105627742460145,Tobacco Kills NY,TOBACCO-FREE KIDS ACTION FUND,≤100
101455082463577,Digital First Project,Digital First Project,≤100
25121889784,Texas Public Policy Foundation,Texas Public Policy Foundation,≤100
245741028804051,Barbara Sinatra Center,Barbara Sinatra Children's Center,≤100
1590877284560136,Patti Harris,Bloomberg Philanthropies,≤100
50982313030,Food & Water Watch,Food & Water Watch,≤100
115415064388243,Brett Cooper,The Daily Wire,≤100
357750373755,National Domestic Workers Alliance,National Domestic Workers Alliance,≤100
104933662932387,CreativeFuture,CreativeFuture,≤100
5647744585,PETA (People for the Ethical Treatment of Animals),"PEOPLE FOR THE ETHICAL TREATMENT OF ANIMALS, INC.",≤100
1593518174052711,Candace Owens,The Daily Wire,≤100
101069505589,American Association of Pro Life OB/GYNS,AAPLOG,≤100
359560497939415,Re-Elect Chief Hoskin and Deputy Chief Warner,Hoskin Warner,≤100
104614641200137,MeidasTouch,MEIDASTOUCH,≤100
1316372698453411,Alexandria Ocasio-Cortez,THE SQUAD VICTORY FUND,≤100
58736997707,Marco Rubio,Rubio Victory Committee,≤100
5435784683,Greenpeace USA,"GREENPEACE, INC.",≤100
100388126216021,The Red Onlooker,Gregory Lawrence Burright,≤100
101391906600,Live Action News,Live Action,≤100
16534314739,Facing History and Ourselves,"FACING HISTORY AND OURSELVES NATIONAL FOUNDATION, INC.",≤100
20787991568,Senate Democrats,DSCC,≤100
17203056985,Partners In Health,Partners In Health,≤100
51405613519,Focus on the Family,Focus on the Family,≤100
43934405787,IPPF,International Planned Parenthood Federation Worldwide Inc,≤100
1534290989956166,Philanthropy Roundtable,"PHILANTHROPY ROUNDTABLE, THE",≤100
19984154032,Great Performances l PBS,WNET,≤100
359477377917,American Federation for Children,American Federation for Children,≤100
367292494407,AJC - American Jewish Committee,AMERICAN JEWISH COMMITTEE,≤100
983629811723932,Home Title Lock,Home Title Lock,≤100
106563958759988,Semafor,Semafor Inc.,≤100
16317479654,Deseret News,Deseret News,≤100
711478725532801,Civiqs,Civiqs,≤100
106012960870435,Wall Street Rebel,These ads ran without a disclaimer,≤100
74470852653,Mike Pompeo,Champion American Values PAC,≤100
6756153498,Mike Bloomberg,Bloomberg Philanthropies,≤100
197760674021143,Indivisible Guide,INDIVISIBLE ACTION,≤100
8002590959,Rainforest Action Network - RAN,RAINFOREST ACTION NETWORK,≤100
152264148166020,Moms Clean Air Force,Moms Clean Air Force,≤100
280704452367167,Jason Crow,JASON CROW FOR CONGRESS,≤100
131306317680000,Social Goods,"Social Goods, LLC",≤100
282728185140429,Rep For Vets,The Rep For Vets,≤100
104977525752112,Freedom of Patriots,Freedom of Patriots,≤100
104491841664875,Country First,"Country First Action, Inc.",≤100
133937690180,Student Conservation Association,Student Conservation Association,≤100
700941689954518,Defend Our Future,Defend Our Future,≤100
182620315479,Plan International USA,Plan International USA,≤100
427888447606826,AB Korkor Foundation for Mental Health,These ads ran without a disclaimer,≤100
12185972707,350.org,350 ORG,≤100
109716011638325,Jane Fonda Climate PAC,JANE FONDA CLIMATE PAC,≤100
160005659383,Pre-Born,"MISSION: PRE-BORN, INC.",≤100
1573514862764092,Speech First,Speech First,≤100
8047221596,Save the Children US,SAVE THE CHILDREN FEDERATION INC.,≤100
56332452163,AMA Patients Action Network,American Medical Association,≤100
466164103423147,Thorn,Thorn,≤100
628423320573742,Vote Run Lead,VOTERUNLEAD,≤100
15503839732,Peter G. Peterson Foundation,Peter G. Peterson Foundation,≤100
102047517918,The Commonwealth Fund,"COMMONWEALTH FUND, THE",≤100
105070129182164,The Wisconsin Independent,American Independent Media,≤100
119953292796,Jim Banks,BANKS FOR SENATE,≤100
8524198486,Physicians Committee for Responsible Medicine,"PHYSICIANS COMMITTEE FOR RESPONSIBLE MEDICINE, INC.",≤100
1196196390526965,Facebook Surveys,These ads ran without a disclaimer,≤100
250485248333218,Clean Air Task Force,CLEAN AIR TASK FORCE,≤100
328065780936817,Forest Fire Facts,Forest Fire Facts,≤100
2321993584737314,The Markin Report,The Markin Report,≤100
546066468753446,Black Health Matters,BLACK HEALTH MATTERS FOUNDATION INC,≤100
2602473023098666,Democratic Polling Center,Democratic Governors Association,≤100
107008774760761,Color Us United,Color Us United,≤100
407902639235640,JNS.org,Jewish News Syndicate,≤100
547694159068385,Indus Health Network,These ads ran without a disclaimer,≤100
7606381190,Amy Klobuchar,KLOBUCHAR FOR MINNESOTA,≤100
112735922758892,Charlie Kirk,"Turning Point USA, Inc.",≤100
1470540296409810,Fair Fight Action,FAIR FIGHT ACTION INC,≤100
119852034871640,Diversity News,Diverse Eugene,≤100
471928596287830,Brian Mast,Mast for Congress,≤100
93228695778,Tea Party Patriots,Tea Party Patriots,≤100
169042736456594,All Out,All Out Action Fund.,≤100
101041998305221,The Proud Republicans,Tomer Barazani,≤100
507070522767934,AACR Foundation,"AMERICAN ASSOCIATION FOR CANCER RESEARCH, INC.",≤100
103648802451237,Fair Courts America,Fair Courts America,≤100
108266445888054,Patriot Academy,TORCH OF FREEDOM FOUNDATION,≤100
84177291169,"Dairy Farmers of America, Inc.",DAIRY FARMERS OF AMERICA INC,≤100
228132537208218,Tammy Duckworth,TAMMY FOR ILLINOIS,≤100
1526707030943680,Phoenix Dream Center,City Help Inc of Phoenix dba Phoenix Dream Center,≤100
443111702425065,Labaton Sucharow LLP,These ads ran without a disclaimer,≤100
6334782252,Oceana,Oceana,≤100
205795426669644,Facts and Logic about the Middle East,Facts and Logic About the Middle East,≤100
9324910069,NRSC,NRSC,≤100
788559044606908,America Forward,NEW PROFIT INC,≤100
116546288359245,Heritage Action for America,HERITAGE ACTION FOR AMERICA,≤100
16900111951,National Organization for Women (NOW),NATIONAL ORGANIZATION FOR WOMEN,≤100
100328619530085,Bishop Gold Group,Bishop Gold Group LLC,≤100
69983322463,Ted Cruz,TED CRUZ FOR SENATE,≤100
458142697588014,AARP Public Policy Institute,AARP,≤100
163684173651518,SEIU Local 2015,SEIU LOCAL 2015,≤100
103565195134756,America First Policy Institute,America First Policy Institute,≤100
113523628340571,Funding Just The Pill,Just The Pill,≤100
102413723172970,Nick Adams,Nick Adams,≤100
67945990059,The American Petroleum Institute,The American Petroleum Institute,≤100
147368882623027,Black Futures Lab,Black Futures Lab,≤100
1428755447227803,Defend The Second,Next Level Goods,≤100
126893748252841,American Firearms Association,American Firearms Coalition,≤100
109819009036381,The New York Sun,NEW YORK SUN COMPANY LLC,≤100
1679521432262834,Physicians Grassroots Network,American Medical Association,≤100
13867925345,Equality Florida,Equality Florida,≤100
2254455051442790,Flag and Cross,Flag & Cross,≤100
96935476345,Democratic Governors Association (DGA),"Democratic Action, democraticgovernors.org, not authorized by any candidate or candidate's committee.",≤100
8501031021,VoteVets.org,VOTEVETS,≤100
100128412565559,,Peace and Conflict Neuroscience Lab,≤100
101224002310757,Seven Weeks Coffee,Seven Weeks Coffee,≤100
397207347056799,Voices for Healthy Kids,AMERICAN HEART ASSOCIATION INC,≤100
123344354000398,Workers United Facts,CENTER FOR UNION FACTS,≤100
210277954204,The Young Turks,"The Young Turks, Inc.",≤100
100758682697459,Mayday Health,"Mayday Medicines, Inc.",≤100
92021268117,Working America,Working America,≤100
109599248636777,Consumer Credit Card Protection Coalition,CONSUMER CREDIT CARD PROTECTION COALITION,≤100
85494514323,Urban League of Portland,Urban League of Portland,≤100
159658557547960,Wall Street Journal Opinion,The Wall Street Journal,≤100
102079592297532,Leftdiculous Card Game,"Right Entertainment, LLC",≤100
130945114804,World Jewish Congress,WORLD JEWISH CONGRESS AMERICAN SECTION INC,≤100
93692255431,Bread for the World,"BREAD FOR THE WORLD, INC.",≤100
145973965440671,Carnegie Corporation of New York,CARNEGIE CORPORATION OF NEW YORK,≤100
310925405807,Citizens Climate Lobby,Citizens' Climate Lobby,≤100
129240690441636,The Legal Defense Fund,"N. A. A. C. P. LEGAL DEFENSE AND EDUCATIONAL FUND, INC.",≤100
102579389208198,Country First Academy,Keep Country First Policy Action,≤100
37442103053,ACLU of New Jersey,AMERICAN CIVIL LIBERTIES UNION OF NJ,≤100
124506846628,Agape International Missions,AGAPE INTERNATIONAL MISSIONS,≤100
111380958315889,Secure Financial Future,INVESTMENT COMPANY INSTITUTE,≤100
109616784557111,The Greater Idaho movement,Move Oregons Border - Malheur,≤100
71324717432,National Association of Scholars,NATIONAL ASSOCIATION OF SCHOLARS,≤100
645392368909975,carafem,carafem,≤100
108179361951729,Republican Patriots,Tomer Barazani,≤100
60182072999,Lila Rose,Live Action,≤100
153446658100252,Lumina Foundation,Lumina Foundation,≤100
18983389920,Open Society Foundations,Open Society Foundations,≤100
1526736227567131,TrueCoverage,True Coverage,≤100
80770833881,Eagles' Wings,EAGLES' WINGS MINISTRIES,≤100
125252240500821,,These ads ran without a disclaimer,≤100
153718778006865,CDC VetoViolence,These ads ran without a disclaimer,≤100
126053105675,Save the Redwoods League,Save The Redwoods League,≤100
201286839881472,Go Social,These ads ran without a disclaimer,≤100
32682889528,U.S. Chamber of Commerce,The U.S. Chamber of Commerce,≤100
103875099042033,DailyWire+,The Daily Wire,≤100
698400060189827,Dan Sullivan,Alaskans for Sullivan,≤100
485754644838324,Lane County Tribune,Lane County Tribune,≤100
109866370700481,PushBlack Finance,PushBlack,≤100
104908071917505,Welcome.us,Welcome.us,≤100
164966660351345,Hope Outfitters,Hope Outfitters,≤100
142432192446984,David Horowitz Freedom Center,David Horowitz Freedom Center,≤100
971668776283950,PolicyEd,Hoover Institution,≤100
134597023235240,Rashida Tlaib,THE SQUAD VICTORY FUND,≤100
142474049098533,Robert Reich,Inequality Media,≤100
29934350147,Marketplace Business News,AMERICAN PUBLIC MEDIA,≤100
16695101734,National Association of Social Workers,NATIONAL ASSOCIATION OF SOCIAL WORKERS,≤100
19342050934,Leadership Institute,LEADERSHIP INSTITUTE INC,≤100
138354569532939,"Tradition, Family, Property - TFP","American Society for the Defense of Tradition, Family and Property",≤100
78420171887,Sailors for the Sea,OCEANA INC,≤100
100781258379575,SOAA - Special Operations Association of America,Special Operations Association of America,≤100
124924174551188,Awe Inspired,JILCO,≤100
1143610592478888,Mel Anthony Dotcom,Mel Anthony Dotcom,≤100
105331908787374,Republican Accountability PAC,REPUBLICAN ACCOUNTABILITY PAC INC,≤100
85252863415,National Latina Institute for Reproductive Justice,NATIONAL LATINA INSTITUTE FOR REPRODUCTIVE HEALTH,≤100
105173311888160,Star and Bar,Star and Bar,≤100
417522508294454,Job Creators Network,Job Creators Network,≤100
220538341415523,The Satanic Temple,The Satanic Temple,≤100
539236759575992,Lateefah Simon,Lateefah for Congress,≤100
226999127329906,New York Immigration Lawyer,Law Office of Alena Shautsova,≤100
8550121410,Free Speech America Project,MEDIA RESEARCH CENTER,≤100
114765400352270,Kite & Key Media,VMTS EDUCATION INC,≤100
106779538059265,Jay Timmons,NATIONAL ASSOCIATION OF MANUFACTURERS OF THE UNITED STATES OF AMERICA INC.,≤100
142957224352,International Medical Corps,International Medical Corps,≤100
50513265848,Citizens United,Citizens United,≤100
284293125336159,Regulatory Transparency Project,FEDERALIST SOCIETY FOR LAW & PUBLIC POLICY STUDIES,≤100
6165653060,AFSCME,AMERICAN FEDERATION OF STATE COUNTY & MUNICIPAL EMPLOYEES,≤100
349800859019034,The 19th News,The 19th,≤100
1382441768496365,Pentair,PENTAIR,≤100
331037760381749,Sierra Magazine,SIERRA CLUB,≤100
104721922541733,Nuclear Now,Nuclear Now,≤100
112071038480355,Real News Now,Real News Now,≤100
661744180680367,National Police Association,"NATIONAL POLICE ASSOCIATION, INC.",≤100
485980975070908,Abigail Spanberger,SPANBERGER FOR CONGRESS,≤100
181924628560212,Ekō,Ekō,≤100
342887442508723,Convention of States,Convention of States Action,≤100
1890460624378949,"Wright & Schulte, LLC",These ads ran without a disclaimer,≤100
271487666283601,Eugene Neighborhoods Forum,Eugene Neighborhoods Forum,≤100
1066028990105772,Pacific Remote Islands Coalition,RESOURCES LEGACY FUND,≤100
299016790922,Bobby Eberle,Bobby Eberle,≤100
168109446538119,St. Martin's Press,Macmillan Publishing,≤100
464998390249008,The Independence Fund,"INDEPENDENCE FUND, INC, THE",≤100
100162215660565,Replace Sinema,Change for Arizona 2024 PAC,≤100
118626774835274,Medicare Made Clear,Medicare Made Clear from United Healthcare,≤100
103875412096157,Продължаваме Промяната - САЩ и Канада,Evgeny Vladimiron Bogomolov,≤100
126855128568,FEBC (Far East Broadcasting Company),"FAR EAST BROADCASTING COMPANY, INC.",≤100
113758261621962,ObamacarePlans.,These ads ran without a disclaimer,≤100
101783516125013,Jodi Habush Sinykin for State Senate,Jodi for Senate,≤100
141786816970,Cruise Lines International Association - CLIA,Cruise Lines International Association,≤100
79820371749,Ayanna Pressley,THE COMMITTEE TO ELECT AYANNA PRESSLEY,≤100
176099663659,Armed Services YMCA,ARMED SERVICES YMCA OF THE USA,≤100
875653915822271,Dream.Org,Dream.Org,≤100
162373073824096,EdSurge,These ads ran without a disclaimer,≤100
167586229923327,World Food Program USA,World Food Program USA,≤100
723394465079640,The Lion,Stanley M. Herzog Charitable Foundation,≤100
103552914774916,Science Moms,Potential Energy Coalition Inc,≤100
169687486427698,Jentezen Franklin,FREE CHAPEL WORSHIP CENTER,≤100
107084502280437,CA Union Careers,Protect Our Construction Careers,≤100
467503009987109,"Healthy Forests, Healthy Communities","Healthy Forests, Healthy Communities",≤100
104275165508177,,These ads ran without a disclaimer,≤100
143173285763,Tenth Amendment Center,Tenth Amendment Center,≤100
138276702894458,Right On Crime,Texas Public Policy Foundation,≤100
9364828262,Citizens Against Government Waste,CITIZENS AGAINST GOVERNMENT WASTE,≤100
830162603716633,Andy Beshear,Andy Beshear for Governor,≤100
107533860975028,Conservative,CONSERVATIVE LLC,≤100
132766376763861,I Make America,Association of Equipment Manufacturers,≤100
260713150211,Protect Our Winters,Protect Our Winters,≤100
108733284000016,Oklahoma Families for Affordable Health Care,Oklahoma Families for Affordable Health Care,≤100
114301413446447,The Climate Initiative,Kennebunkport Climate Initiative,≤100
17414523278,Democracy Now!,DEMOCRACY NOW,≤100
142474049098533,Robert Reich,Inequality Media Civic Action,≤100
170491079663777,The Sentencing Project,"SENTENCING PROJECT INC, THE",≤100
97466887664,Innocence Project,"INNOCENCE PROJECT, INC., THE",≤100
105522602483398,,VIP Ad Solutions LLC,≤100
211129648950315,Western Native Voice,These ads ran without a disclaimer,≤100
102420431749179,Raging Americans,Tomer Barazani,≤100
524399207959953,Truth & Liberty Coalition,Truth & Liberty Coalition,≤100
409414052489654,Young Mountain Tea,These ads ran without a disclaimer,≤100
7357041101,Tammy Baldwin,TAMMY BALDWIN FOR SENATE,≤100
271453369908901,FLAG  - Foundation for Liberty and American Greatness,Tomer Barazani,≤100
1546952572205770,UAE USA United,The Embassy of the United Arab Emirates,≤100
1144991158851043,Dead & Company,These ads ran without a disclaimer,≤100
5970146660,Community Change,Center for Community Change Action,≤100
313723095478950,Daily Citizen,Focus on the Family,≤100
1341543769290478,Kathy Manning,Kathy Manning for Congress,≤100
111357897876676,Scotty Moore for Congress,Scotty Moore for Congrss,≤100
81517275796,UNICEF USA,UNITED STATES FUND FOR UNICEF,≤100
55160732111,Cystic Fibrosis Foundation,CYSTIC FIBROSIS FOUNDATION,≤100
120778038066631,EveryLibrary,EveryLibrary,≤100
77273593330,Hillel International,HILLEL THE FOUNDATION FOR JEWISH CAMPUS LIFE,≤100
100625769477485,,Border Security Alliance,≤100
115827378042852,,These ads ran without a disclaimer,≤100
27311599342,Preemptive Love,Preemptive Love Coalition,≤100
2070944712939738,American Police Officers Alliance,American Police Officers Alliance,≤100
107454490912636,Jewish Future Pledge,Jewish Future Pledge Inc,≤100
289226762068,St. Joseph's Indian School,These ads ran without a disclaimer,≤100
104981939210693,Clayton Keirns,I Love My Freedom,≤100
30618466815,Pacific Legal Foundation,Pacific Legal Foundation,≤100
109118211910879,Mr. 45,Green Straw LLC,≤100
201956993160690,MRCTV,MEDIA RESEARCH CENTER,≤100
60261764250,Childhelp,"CHILDHELP, INC.",≤100
12357407443,American Friends Service Committee,AMERICAN FRIENDS SERVICE COMMITTEE,≤100
349068689306,Tim Scott,Tim Scott for Senate,≤100
101432317199,Blue Cross and Blue Shield Association,BLUE CROSS AND BLUE SHIELD ASSOCIATION,≤100
107925603976843,Protect App-Based Drivers and Services,Protect App-Based Drivers and Services,≤100
19072122251,National Women's History Museum,NATIONAL WOMENS HISTORY MUSEUM,≤100
29423827874,Proclaiming Justice to the Nations,PROCLAIMING JUSTICE TO THE NATIONS INC,≤100
14957887077,Freedom House,"FREEDOM HOUSE, INC.",≤100
11111618026,Union of Concerned Scientists,"UNION OF CONCERNED SCIENTISTS, INC.",≤100
300341323465160,The Daily Signal,HERITAGE FOUNDATION (THE),≤100
158505287559920,Save the Storks,Save the Storks,≤100
24481937944,Theodore Roosevelt Conservation Partnership,"THEODORE ROOSEVELT CONSERVATION PARTNERSHIP, INC",≤100
104178704279594,Main St. First,Resource Media,≤100
100607179026941,Of Thee I Sing 1776,Harold Gershowitz,≤100
417709355647,The Lynde and Harry Bradley Foundation,"LYNDE AND HARRY BRADLEY FOUNDATION, INC., THE",≤100
500260710093115,Strong Mind,These ads ran without a disclaimer,≤100
89151782746,Fauna & Flora International,These ads ran without a disclaimer,≤100
7219151423,The Fund for American Studies (TFAS),FUND FOR AMERICAN STUDIES,≤100
999556810102061,Signature Seas,Signature Seas,≤100
19420215926,CNSNews.com,MEDIA RESEARCH CENTER,≤100
112577918783959,Hotels.com,These ads ran without a disclaimer,≤100
104092062075803,PBC Jolt,"Jolt Media, Inc.",≤100
113341457791145,Voices for Healthy Green Spaces,Voices for Healthy Green Spaces,≤100
103851532013523,Policyfetch.com,Quantum Digital Media Inc,≤100
300992409852,Hoover Institution,Hoover Institution,≤100
183165025062107,The TESA Collective,"The Toolbox for Education and Social Action, Inc",≤100
101564054951838,We The Forest,We The Forest,≤100
1571132936490223,JewBelong,These ads ran without a disclaimer,≤100
673667436317733,Texas Consumer Association,Texas Consumer Association,≤100
115031433563622,Leading Ladies,BizPac Review,≤100
72092591211,FBI – Federal Bureau of Investigation,Federal Bureau of Investigation,≤100
304842759546695,Brooklyn Institute for Social Research,Brooklyn Institute for Social Research,≤100
80060992758,Center for Food Safety,"CENTER FOR FOOD SAFETY, THE",≤100
129353084077944,Maebe A. Girl,MAEBE A. GIRL FOR CONGRESS,≤100
108537340548276,"Haiku, Inc.",Kyle Reyes,≤100
199891603386344,Common Ground Committee,Common Ground Committee,≤100
57763739560,Blizzard Ski,These ads ran without a disclaimer,≤100
40755480179,Students For Liberty,STUDENTS FOR LIBERTY INC,≤100
102747582433733,Shared Influence,THE PUBLIC GOOD PROJECTS INC,≤100
337038226473839,Trish Regan,"SALEM MEDIA GROUP, INC.",≤100
339432396135584,The Exodus Road,The Exodus Road,≤100
133913826633461,Grassroot Institute of Hawaii,Grassroot Institute of Hawaii,≤100
101590744657599,Kim Walz for 46th Ward Alderwoman,Friends of Kimberly Walz,≤100
27461595703,Carbonfund,Carbonfund.org Foundation,≤100
11602044174,Independent Women's Forum,Independent Women's Forum,≤100
589658204411894,Office of South Carolina Treasurer Curtis Loftis,Future Scholar. Administered by State Treasurer Curtis Loftis. Not paid for with state funds.,≤100
87777747127,Greg Palast,Palast Investigative Fund,≤100
236312179825896,Republican Main Street Partnership,REPUBLICAN MAIN STREET PARTNERSHIP INC,≤100
1654550184799326,RetireSafe,RetireSafe,≤100
102421369434228,Goose's News Daily,Justin Gustafson,≤100
349550772283369,Anglers for Lake Okeechobee,Anglers for Lake Okeechobee,≤100
497348647140658,Point Source Youth,Point Source Youth,≤100
217187838327836,The Story Exchange,The Story Exchange Foundation,≤100
11465191261,JPMorgan Chase & Co.,These ads ran without a disclaimer,≤100
84645912778,Prosperity Now,PROSPERITY NOW,≤100
59200185321,Missouri National Education Association,Missouri National Education Association,≤100
108303495451043,The Final War,These ads ran without a disclaimer,≤100
386305465057247,Liberty Nation,Liberty Nation,≤100
105861441295494,97Percent,97PERCENT ORG INC,≤100
1376465702586897,Coloradans for Responsible Energy Development,Coloradans for Responsible Energy Development,≤100
121750354532995,Yale Program on Climate Change Communication,Yale Program on Climate Change Communication,≤100
487571108071357,Affordable Healthcare Coalition of NC,Affordable Healthcare Coalition of NC,≤100
151577215422581,Zioness Movement,"Zioness Movement, Inc.",≤100
208633333000593,Red Road Institute,Peter Shawn Little Horn,≤100
345378512258813,Elise Stefanik,TEAM ELISE,≤100
7145381235,American Jewish World Service - AJWS,"AMERICAN JEWISH WORLD SERVICE, INC.",≤100
111833201704,Faith and Freedom Coalition,Faith & Freedom Coalition,≤100
348104422491159,UNDIVIDED,UNDIVIDED,≤100
106058025408954,Do No Harm Medicine,Do No Harm,≤100
101103254533,SOS International,SOS International,≤100
112345611796763,Donald Trump Voters,I Love My Freedom,≤100
59386210330,American Lung Association,AMERICAN LUNG ASSOCIATION,≤100
115851611042,The Max Foundation,THE MAX FOUNDATION,≤100
138492335404,Scott Walker,FORWARD USA FEDERAL POLITICAL ACTION COMMITTEE,≤100
101312698628642,Ryan Samuels,Ryan Francis Samuels,≤100
309798029121030,Everytown for Gun Safety,Everytown for Gun Safety Support Fund Inc,≤100
100700519593180,"Buck Nasty Media. Sports, culture, politics, and the Nasty Truth",Robert Mattox,≤100
151894654697,Save Our States,Save Our States,≤100
102490504962117,Phade products,Phade products,≤100
118385911198439,Trending Politics News,I Love My Freedom,≤100
58158120046,ACLJ,American Center for Law and Justice,≤100
116139428050914,The Retort Report,Todd James Peterson,≤100
403737406341879,National Women's Health Network,NATIONAL WOMENS HEALTH NETWORK,≤100
64206021703,National Committee to Preserve Social Security and Medicare,NATIONAL COMMITTE TO PRESERVE SOCIAL SECURITY AND MEDICARE,≤100
40032861193,ACLU of Indiana,INDIANA CIVIL LIBERTIES UNION INC,≤100
16477459734,League of Conservation Voters,"LEAGUE OF CONSERVATION VOTERS, INC",≤100
1424003277893336,Allan Domb,Allan Domb for Philadelphia,≤100
598997096888503,Abramorama,Abramorama,≤100
1898234727131235,Reel America,BizPac Review,≤100
102027764795677,American Wire,BizPac Review,≤100
690457604737953,Independent Colleges and Universities of Florida - ICUF,ICUF,≤100
646977975481930,Indivisible Greater Vancouver,Indivisible Greater Vancouver,≤100
279799525443906,HELPS Nonprofit,HELPS Nonprofit Law Firm,≤100
508887815910815,BPR,BizPac Review,≤100
109877501934583,Marty for Denver,Marty Zimmerman Campaign Fund,≤100
103546351703577,Dallas Express,Dallas Express Media,≤100
431019887282794,Tomorrow's World Today,Flying Cork,≤100
348878658851448,FIRST SHOT with Chris Welch,Christopher Joseph Welch,≤100
103098488893466,Stop Idaho RINOs,Stop Idaho RINOs,≤100
30914589895,The International Fellowship of Christians and Jews,INTERNATIONAL FELLOWSHIP OF CHRISTIANS & JEWS INC,≤100
1867508750191335,Monuments For All,Monuments for All,≤100
103535788939931,The Border Chronicle,The Border Chronicle,≤100
59254639983,Boston Medical Center,BOSTON MEDICAL CENTER,≤100
108524217539937,Lumen Technologies,Lumen Technologies,≤100
100778916315841,,These ads ran without a disclaimer,≤100
97624620788,American Friends of Magen David Adom,AMERICAN FRIENDS OF MAGEN DAVID ADOM,≤100
226489691251,Keep New Hanover Beautiful,Keep New Hanover Beautiful,≤100
104396194587918,C3 Solutions,Conservative Coalition for Climate Solutions,≤100
839073729808623,Hillary Scholten,SCHOLTEN FOR CONGRESS,≤100
104042452981815,AARP Black Community,These ads ran without a disclaimer,≤100
1272534336242476,CFR Education,Council on Foreign Relations,≤100
156552959916,Chamberlain University,Chamberlain University,≤100
28446275521,Military Officers Association of America (MOAA),Military Officers Association of America,≤100
251734676525,Kevin Cramer,CRAMER FOR SENATE,≤100
273632713155709,Megha City Gas Distribution Private Limited,These ads ran without a disclaimer,≤100
106862204671108,The Deplorable Americans,Justin Gustafson,≤100
69347890321,2U,"2U, Inc.",≤100
101401179944527,Mona Foundation,MONA FOUNDATION,≤100
102204903345,The Vilcek Foundation,"VILCEK FOUNDATION, INC., THE",≤100
103426858855557,Eyes That Speak by Christy Bowe,Gilbert Lunsford Jr Eugene,≤100
108913648781152,Hardworking Americans,Hardworking Americans Inc,≤100
38234604057,PEN America,PEN AMERICAN CENTER INC,≤100
59543893235,National Constitution Center,National Constitution Center,≤100
291102898490822,Conservative Comedy Store,Conservative Comedy Store,≤100
227594571444676,Building New York's Best,Carpenter Contractor Alliance of Metropolitan New York,≤100
105599502191866,Florida Jolt,"Jolt Media, Inc.",≤100
103001002005081,PublicSq,PublicSq.,≤100
169204449790211,Conservative News Today,BizPac Review,≤100
140155342671005,Sempervirens Fund,SEMPERVIRENS FUND,≤100
156496968533805,Explore Beyond,NCTA - The Internet & Television Association,≤100
109812555237073,Diana For Denver,Diana For Denver,≤100
747783932079184,Jared Golden for Congress,COMMITTEE TO ELECT JARED GOLDEN,≤100
164498676940373,American Masters,WNET,≤100
940653386126953,StandingWithYou.org,Standingwithyou.org,≤100
250392878345035,The Focused Pastor,Focus on the Family,≤100
287754774569171,Americans for Prosperity-Montana,AMERICANS FOR PROSPERITY,≤100
1731084720451495,Saprea,The Younique Foundation,≤100
314964416195,American Seniors Association,AMERICAN SENIOR ASSOCIATION,≤100
89336510798,American Friends of the Hebrew University,American Friends of Hebrew University,≤100
18079407397,CPAC,AMERICAN CONSERVATIVE UNION,≤100
112775848387955,Data for Society Research,The University of Chicago,≤100
206052849902620,Intermountain Immigration,"Intermountain Immigration, LLC",≤100
115262456592822,Christians Engaged,Christians Engaged,≤100
102044622753692,American Potential Podcast,AMERICANS FOR PROSPERITY,≤100
100562019990818,U.S. Term Limits,U.S. Term Limits Inc.,≤100
49275915266,MSI Reproductive Choices,MSI-US,≤100
14038292386,Women for Women International,WOMEN FOR WOMEN INTERNATIONAL,≤100
137332930294201,Citizen Brain with Josh Kornbluth,Global Brain Health Institute,≤100
101716172441500,Brennan Center en Español,"WILLIAM J. BRENNAN CENTER FOR JUSTICE, INC.",≤100
183178002499514,Niamh M Middleton,Niamh M Middleton,≤100
290142351936889,Patient Rights Advocate,PATIENT RIGHTS ADVOCATE INC,≤100
106582384539447,Design for Freedom by Grace Farms,"GRACE FARMS FOUNDATION, INC.",≤100
710669049286394,Woo the People,Woo the People,≤100
110316380149,Family Policy Alliance,Family Policy Alliance,≤100
18813753280,Human Rights Campaign,Human Rights Campaign Foundation,≤100
210357995667559,The National Memo,The National Memo,≤100
384006901653736,The Moore Charitable Foundation,Moore Charitable Foundation,≤100
266602360083204,The Children's Trust,"CHILDREN'S TRUST, INC",≤100
610264146298573,The American Council,The American Council for Evangelicals,≤100
216052228433696,Arcus Foundation LGBTQ Social Justice,ARCUS FOUNDATION,≤100
162069790604,AARP Arizona,AARP,≤100
101400032438085,The A-Mark Foundation,A MARK FOUNDATION,≤100
390737588131691,Spy & Survival Briefing,These ads ran without a disclaimer,≤100
65538457518,The Village Square,TO THE VILLAGE SQUARE INC,≤100
100913694925880,"Akalan Law Firm, PLLC","Akalan Law Firm, PLLC",≤100
117957137899832,,Working Power LLC,≤100
51533142540,Public Advocate of the U.S.,PUBLIC ADVOCATE OF THE US,≤100
290851614930809,Combat AntiSemitism,Combat Hate Foundation,≤100
458643554482238,Uri Velez La Sra de los Seguros,Euridis Velez,≤100
276379069892534,Spotlight Initiative,Spotlight Initiative,≤100
117592091643709,Tree of Life Ministries｜Evangelism in Israel,Tree of Life Ministries,≤100
1066913043322986,Sandra Day O'Connor Institute For American Democracy,These ads ran without a disclaimer,≤100
782589285112360,Clark for Mayor of Harvey,Citizens for Christopher J Clark,≤100
112339644228184,Next Chapter Podcasts,"Next Chapter Podcasts, LLC",≤100
341513602902369,CALL TO ACTIVISM,CALL TO ACTIVISM,≤100
163662804426854,Life Advancement Group,Nathan Montgomery Berning,≤100
173896102623920,Old Row,Old Row,≤100
114226275387369,republicEn,republicEn,≤100
192738164073627,A Better Balance,A Better Balance,≤100
110010433804232,Standing For Freedom Center,Standing for Freedom Center,≤100
101350839190816,Macro Conservative,Macro Conservative,≤100
226158107735831,Minnesotans for Paid Family Leave,Minnesotans for Paid Family Leave,≤100
214061167976,El Tiempo Latino,Center for Community Change Action,≤100
36085812354,Rainforest Foundation US,"Rainforest Foundation, Inc.",≤100
230180824062538,Councilman Anand Shah,Anand U Shah,≤100
172683773493,CornerHouse,CORNER HOUSE,≤100
106101022397480,,COMMITTEE TO ELECT COULTER TO CITY COUNCIL,≤100
11029708945,World Politics Review,WORLD POLITICS REVIEW LLC,≤100
118283728182293,SEIU Healthcare IL & IN,SEIU Healthcare Illinois Indiana PAC,≤100
613924535450605,Daniel L. Hatcher,Daniel Landon Hatcher,≤100
108028728590880,CTLPod,POPULATION MEDIA CENTER INC,≤100
109710757964393,Pamela Boggess for Fort Worth City Council,Pamela Boggess Campaign,≤100
103482539071664,Integrity in Government Fund,Integrity In Government Fund,≤100
101791315693,Destiny Rescue,"Destiny Rescue International, Inc.",≤100
10524033745,Remote Area Medical - RAM,REMOTE AREA MEDICAL,≤100
103376804451432,Trending Politics,I Love My Freedom,≤100
101336828624026,Yes for Parks & Open Space,Yes for Parks and Open Space,≤100
106942425422981,,These ads ran without a disclaimer,≤100
1545775885684426,Jason Miyares,Miyares for Virginia,≤100
470369419784714,Nick Palmisciano,Nick Palmisciano,≤100
720943967965149,AFSCME Retirees,AMERICAN FEDERATION OF STATE COUNTY & MUNICIPAL EMPLOYEES,≤100
1761695770819172,Accountable Iowa,IOWA ASSOCIATION FOR JUSTICE,≤100
164049599660,Catholic Relief Services en español,CATHOLIC RELIEF SERVICES,≤100
6333396177,NewsBusters.org,MEDIA RESEARCH CENTER,≤100
186977768011413,Ironworkers Rising,"International Association of Bridge, Structural, Ornamental, and Reinforcing Iron Workers",≤100
108703294887683,The Recycled Rubber Coalition,Kenneth Stratton Kirton,≤100
100806242836871,Preservation Pause,University of Arizona Indigenous Peoples Law and Policy Program,≤100
1050178538369612,DonorSee,DonorSee,≤100
70795936969,Children International,CHILDREN INTERNATIONAL,≤100
100692068471118,Explain America,Apse Media LLC,≤100
6334782252,Oceana,OCEANA INC,≤100
104115245610026,Gusto Shirt Fashion,These ads ran without a disclaimer,≤100
117507751891,United Poultry Concerns,"UNITED POULTRY CONCERNS, INC",≤100
102590994772178,Social Democratic Advocacy,Steven J. Schwartzberg,≤100
20603236087,Love146,"LOVE146, INC.",≤100
108256908572243,,Estroff for Denver,≤100
346612865750115,Korea Defense Veterans Association,Korea Defense Veterans Association,≤100
513695272011123,The Genesis Prize,GPF NA LLC,≤100
139835646030666,Alliance for Aviation Across America,Alliance for Aviation Across America,≤100
125937197447634,ACTA - American Council of Trustees and Alumni,AMERICAN COUNCIL OF TRUSTEES AND ALUMNI,≤100
584247395437589,Principles First,"Principles First for America, Ltd.",≤100
83960796709,Institute for Southern Studies,INSTITUTE FOR SOUTHERN STUDIES INC,≤100
238473269650980,Capital & Main,CAPITAL & MAIN,≤100
101886952638461,Temu,These ads ran without a disclaimer,≤100
487569614682924,CAPP USA,Yellow Line Productions LLC,≤100
170169493012341,The Fund for Global Human Rights,FUND FOR GLOBAL HUMAN RIGHTS,≤100
107766235181961,The Nunn Report,The Nunn Report,≤100
102277115688995,Patriot News Headquarters,I Love My Freedom,≤100
265584563563176,JCRC of Greater Washington,The Jewish Community Relations Council of Greater Washington,≤100
1444820465547227,Rank the Vote,Rank the Vote,≤100
100844218662982,Respect The Look Trends,Respect The Look Trends,≤100
936968016365794,The Eric Metaxas Radio Show,Salem Media,≤100
19219803864,Tax Foundation,Tax Foundation,≤100
102142101657930,OurFight.online,Our Fight Inc,≤100
18017481462,Acton Institute,Acton Institute,≤100
112062103882377,Florida Consumer Alliance,Florida Consumer Alliance,≤100
38882699096,Polaris,POLARIS PROJECT,≤100
103547307917744,The Completed Life Initiative,These ads ran without a disclaimer,≤100
102230249080409,Freedom First,Jason Donald Robertson,≤100
87186661244,Johns Hopkins Bloomberg School of Public Health,Johns Hopkins Bloomberg School of Public Health,≤100
100710759119069,Blue Planet Ecosystem,Blue Planet Ecosystem,≤100
203294399456,Public Interest Registry,Public Interest Registry,≤100
81755908577,Kids in Need of Defense (KIND),"KIND, Inc.",≤100
222539451627775,The Graceful Goose,The Graceful Goose,≤100
182574111780105,California Bicycle Coalition,California Bicycle Coalition,≤100
128904330509898,The University of Chicago Harris School of Public Policy,The University of Chicago Harris School of Public Policy,≤100
1271463226269367,Texans for Affordable Health Care,American Coalition for Affordable Healthcare,≤100
667568823434660,Bikers CARE,"BIKERS C.A.R.E., INC.",≤100
28483858161,Texas Scorecard,ScorecardMedia,≤100
100221986153813,Lou's Daily News,Michael Scott Hughes,≤100
107645227592678,To Which We Belong,Mystic Artists,≤100
461530314600399,Common Sense American Politics,Common Sense American Politics,≤100
101810652152706,Ship It Zero,PACIFIC ENVIRONMENT AND RESOURCES CENTER,≤100
102447628100658,Putting Alaskans First Committee,Putting Alaskans First Committee,≤100
100284648021034,New Tolerance Campaign,New Tolerance Campaign,≤100
300992409852,Hoover Institution,These ads ran without a disclaimer,≤100
1470151473238140,Save the Boundary Waters,Northeastern MInnesotans for Wilderness,≤100
147523538641547,Capitol Ministries,CAPITOL MINISTRIES,≤100
110019337015716,Inspiring Young Heroes,Young Heroes Project,≤100
173470656019870,The Daily Yonder,CENTER FOR RURAL STRATEGIES,≤100
1116310091796865,Imelda Padilla for Los Angeles City Council District 6,Imelda Padilla for LA City Council ID #1456180,≤100
100123286264769,Tanner DiBella,American Council for Evangelicals,≤100
428330877769054,Ask Anything,Ask Anything,≤100
22627435207,Presbyterian Church (U.S.A.),Presbyterian Church (U.S.A.),≤100
10234472029,Council on Foreign Relations,Council on Foreign Relations,≤100
103517308361597,TakeCharge,Take Charge Minnesota,≤100
111992025051929,SEIU IL State Council,SEIU Il State Council,≤100
225879060980,Habitat for Horses,HABITAT FOR HORSES INC,≤100
44948378512,Destiny Image Publishers,"DESTINY IMAGE, INC.",≤100
1425435377743310,Conversations with Bill Kristol,FOUNDATION FOR CONSTITUTI,≤100
156802024655451,Colorado Care Workers Unite,Colorado Care Workers Unite,≤100
101294929460167,Missourians for Fair Legal Funding,Missourians for Fair Legal Funding,≤100
102712325850529,Libratum Press,Libratum Press LLC,≤100
2007361039550045,"Center for Free, Fair, and Accountable Democracy","CENTER FOR FREE, FAIR, AND ACCOUNTABLE DEMOCRACY, INC.",≤100
505653766599222,America First with Dr. Sebastian Gorka,Salem Media,≤100
50078734284,Nevada Policy,NEVADA POLICY RESEARCH INSTITUTE,≤100
424443217623488,Clarion Project,"CLARION PROJECT, INC.",≤100
505082913012317,Must Read Alaska,Must Read Alaska LLC,≤100
143063095713907,Hep,"CDM PUBLISHING, LLC",≤100
657708380952174,Voices of the Civil Rights Movement,Comcast,≤100
320823520454,Enough Is Enough,Enough is Enough,≤100
101873176185334,Meenal Dewan For D211 School Board,FRIENDS AND FAMILY OF MEENAL DEWAN,≤100
101614359545446,Prosperity Prayers,Prosperity Prayers,≤100
103948701221001,Pro-Life Flag Project,Pro-Life Flag Project,≤100
108379888448176,Crispin4KC,Committee to Elect Crispin Rea,≤100
170126260000702,Western Journal US News,The Western Journal,≤100
101769576791,Health Action Network,Health Action Network,≤100
399060493533519,The Justice Foundation,JUSTICE FOUNDATION,≤100
96286403078,iHeartDogs.com,HomeLife Media,≤100
160881790617720,Mt. Wheeler Power,"MT. WHEELER POWER, INC.",≤100
2168484930102843,EJ Moonshot,EJ Creations LLC,≤100
331216390906913,Betterbrand,These ads ran without a disclaimer,≤100
279890513018,Islamic Networks Group - ING,"ISLAMIC NETWORKS, INC.",≤100
1834313933459789,BBC StoryWorks,These ads ran without a disclaimer,≤100
110291618597474,Asma Akhras for D86,Asma Akhras for D86,≤100
129064750465027,Women's Earth Alliance,Earth Island Institute,≤100
63808549011,Maryland Association of CPAs - MACPA,These ads ran without a disclaimer,≤100
163662804426854,Life Advancement Group,LIFE ADVANCEMENT GROUP,≤100
223922031074790,The Abortion Survivors Network,The Abortion Survivors Network,≤100
214061167976,El Tiempo Latino,MASTV EL PLANETA LLC,≤100
210214622426593,Nexus Family Healing,NEXUS,≤100
101377889168483,Gumbo Limbo Coastal Stewards,"Gumbo Limbo Coastal Stewards, Inc.",≤100
102533032327499,Protect and Serve PAC - Texas,Protect and Serve Texas GPAC,≤100
118283728182293,SEIU Healthcare IL & IN,SEIU Healthcare Illinois & Indiana,≤100
755052671370244,Daily-Stuff.com,These ads ran without a disclaimer,≤100
136362309708243,Restaurant Opportunities Centers United (ROC United),"RESTAURANT OPPORTUNITIES CENTERS (ROC) UNITED, INC.",≤100
108719455457746,Peter Brown for Columbia City Council,Peter Brown for Columbia City Council,≤100
113496178208014,Protecting Our Democracy,Protecting Our Democracy,≤100
105348224679358,The Don't Unfriend Me Show,DONT UNFRIEND ME,≤100
735450726543930,Clergy for a New Drug Policy,Clergy for a New Drug Policy,≤100
103277109172874,The Original Lou's News,Michael Scott Hughes,≤100
257555958952,American University of the Caribbean School of Medicine,American University of the Caribbean School of Medicine,≤100
183484875153093,Kim Monson Show,The Kim Monson Show,≤100
82223469060,ACN - Aid to the Church in Need,"AID TO THE CHURCH IN NEED, INC.",≤100
392189600337,Minnesota Nurses Association,Minnesota Nurses Association,≤100
107409909326665,Stephen Wise Free Synagogue,"WISE, STEPHEN FREE SYNAGOGUE",≤100
75198195635,Machinists Union,GRAND LODGE INTERNATIONAL ASSOCIATION OF MACHINISTS AND AEROSPACE WORKERS,≤100
234744096655497,Alliance For Early Success,Alliance for Early Success,≤100
316955281351,APWU - The American Postal Workers Union,AMERICAN POSTAL WORKERS UNION,≤100
111653958450620,,Lindsay French for KC,≤100
594519783957655,Citizens for National Security,Citizens For National Security,≤100
145452432841937,Candi CdeBaca,Candi for Council,≤100
100124709108034,Patriot One News,Matt Clark Agency,≤100
30914589895,The International Fellowship of Christians and Jews,"INTERNATIONAL FELLOWSHIP OF CHRISTIANS & JEWS, INC.",≤100
826456714149334,Black Millennials 4 Flint,Black Millennials 4 Flint,≤100
101581329115492,Freedom Street,Jason Donald Robertson,≤100
20959866432,Whitney Museum of American Art,These ads ran without a disclaimer,≤100
370524966300882,Careers In Government,Michael David Hurwitz,≤100
1461359247295079,Daily-Choices,These ads ran without a disclaimer,≤100
110094158160834,The American Tribune,Michael Scott Hughes,≤100
127691390582,PHI,"PARAPROFESSIONAL HEALTHCARE INSTITUTE, INC.",≤100
111226785159816,Zac Johnson for Anchorage Assembly,Zac for Alaska,≤100
92729316952,Covanta,Covanta,≤100
101466816025710,Renew Healthcare,Quantum Digital Media Inc.,≤100
303374266418976,AFPM,American Fuel & Petrochemical Manufacturers,≤100
119388253264855,Tocqueville Lecture Series,Benjamin Isaak Gross,≤100
801419943264962,BLM Wild,BLM Wild,≤100
109179375151983,Med Plan Coverage,Seniors Today USA,≤100
1251572271595505,The Institute for Human Ecology,Institute for Human Ecology - Catholic University of America,≤100
100637631678746,Conservative News Daily,Conservative News Daily,≤100
95135221781,Federal News Network,Hubbard Radio DC,≤100
43426724597,Paper Culture,Paper Culture LLC,≤100
2099448153445994,Students for Life Action,Students for Life Action,≤100
689547608156721,The Burial Solution,The Burial Solution,≤100
104377518078467,More Perfect Union,MORE PERFECT UNION FOUNDATION,≤100
123315732585,Anderson Power Products,These ads ran without a disclaimer,≤100
110762178628199,,"Accountable SC, LLC",≤100
1124522697567672,bioGraphic,These ads ran without a disclaimer,≤100
523938087747648,Catapult,Catapult,≤100
56680318666,Illinois Policy,Illinois Policy,≤100
266744843422391,Zoetis,Zoetis Inc.,≤100
334833683229560,National Performance Network,NATIONAL PERFORMANCE NETWORK INC,≤100
254943996005,Catholic Answers,"CATHOLIC ANSWERS, INC.",≤100
8936818385,Accuracy in Media,Flo Communications,≤100
104660195062596,Gen Z Conservative,William Gordan Tanner,≤100
169668596476550,AFSCME en Español,AMERICAN FEDERATION OF STATE COUNTY & MUNICIPAL EMPLOYEES,≤100
1821609834721994,Otis Elevator Co,OTIS ELEVATOR COMPANY,≤100
915656035153394,Oceanites,OCEANITES INC,≤100
100990842647491,Mountain States Policy Center,"Mountain States Policy Center, Inc.",≤100
1553978148244954,Build With Strength,Build With Strength,≤100
103125155237168,Evaless,These ads ran without a disclaimer,≤100
108305698731234,Hetzel For Judge,Hetzel for Judge,≤100
116998754625254,loveunityliberation,These ads ran without a disclaimer,≤100
117140627918521,Rivera for Cambridge,Rivera for Cambridge,≤100
1088879854574157,ARCHd,ARCHd,≤100
1835838916635491,Transamerica Institute,Transamerica Center for Health Studies,≤100
109284291894484,American News Stories,William Gordan Tanner,≤100
246491525549550,Ed Post,Education Post,≤100
40217893542,AIPAC,American Israel Public Affairs Committee,≤100
234142976633158,Wake Up World & Smell the Coffee,Edith Dume Lerner,≤100
1165715730222155,Consumer Choice Center,Consumer Choice Center,≤100
305283975264,Pulmonary Hypertension Association,"PULMONARY HYPERTENSION ASSOCIATION, INC.",≤100
839158786226886,Two Party Opera,Brian Thomas Carroll,≤100
102252122442327,House On Fire,The CLEO Institute,≤100
142260190351,Comment Magazine,"Cardus, Inc.",≤100
130268756992804,Yale Climate Connections,Yale Climate Connections,≤100
106318047674762,Liz Terwilliger for Congress,Liz Terwilliger for Congress,≤100
501848263164423,The Commonwealth Policy Center,"Commonwealth Policy Center, Inc.",≤100
110589583842808,Union Built Matters NYC,Union Built Matters,≤100
104350457912993,Answer Tree,These ads ran without a disclaimer,≤100
109256028252137,The Money Time - News,These ads ran without a disclaimer,≤100
1448985902033866,Trans Lifeline,Trans Lifeline,≤100
389400744463126,SE Asia Foundation,These ads ran without a disclaimer,≤100
116670223573920,Shopping,These ads ran without a disclaimer,≤100
1013304945470529,My Pride Apparel,My Pride Apparel,≤100
104728131848361,Offshore Wind For North Carolina,Southeastern Wind Coalition,≤100
1949064322040283,Principles,"Principles, LLC",≤100
108415345023341,Stand With Production,These ads ran without a disclaimer,≤100
482240615220089,Wisconsin Family Council,Wisconsin Family Council,≤100
102158435548074,In The Light Of The Crop,These ads ran without a disclaimer,≤100
724665580887075,Planned Parenthood Texas Votes,Planned Parenthood Texas Votes,≤100
174793662656828,Colorado Peak Politics,Peak Politics LLC,≤100
149092268446286,Ross University School of Veterinary Medicine,Ross University School of Veterinary Medicine,≤100
270826723039149,The Coalition to Protect Americas National Parks,"COALITION OF NATIONAL PARK SERVICE RETIREES, INC.",≤100
510681319319292,U.S. Civil Rights Trail,US Civil Rights Trail Marketing Alliance INC,≤100
76152038707,Michigan Realtors,Michigan Realtors,≤100
101930385197156,Alianza Center,"Alianza Center, Inc.",≤100
452797224923658,The Democratic Coalition,THE DEMOCRATIC COALITION,≤100
249467225254927,The Love > hate Project,LOVE GREATER THAN HATE PROJECT,≤100
102596355656379,Red Wave News Updates,Michael Scott Hughes,≤100
46530484629,Idaho Conservation League,The Idaho Conservation League,≤100
1715411108562631,Laflore Paris,These ads ran without a disclaimer,≤100
1117698914923696,Nurx,These ads ran without a disclaimer,≤100
227535924071462,Animal Petitions,AnimalPetitions.org,≤100
107064011602890,The American Idea Podcast,Ashbrook,≤100
110609665286159,Unpotted Plants & Co,These ads ran without a disclaimer,≤100
158689780839317,vegan,Eugene Khutoryansky,≤100
126815818975,Global Fund for Children,GLOBAL FUND FOR CHILDREN (THE),≤100
100357348516487,States United Democracy Center,States United Democracy Center Inc.,≤100
726899364153426,RPM,These ads ran without a disclaimer,≤100
100713516303924,Helpsavelifes,HELPSAVELIFES INC,≤100
1677111425839949,American Promise,"AMERICAN PROMISE, INC.",≤100
111044621745187,Liberty News,William Gordan Tanner,≤100
103047259150209,What I Want to Know with Kevin P. Chavous,"Stride, Inc.",≤100
232467307162583,Farm Action,Family Farm Action,≤100
451075468389015,Donald Trump Is My President,Donald Trump Is My President,≤100
112797907026302,Eric Skeldon,These ads ran without a disclaimer,≤100
134910449854519,Leaders of a Beautiful Struggle,Leaders of a Beautful Struggle,≤100
101204378825808,Fight the Right,FIGHT THE RIGHT PAC,≤100
197212467007163,She Should Run,SHE SHOULD RUN,≤100
154930410085,"Zion Oil and Gas, Inc.","Zion OIl & Gas, Inc.",≤100
42259314582,Esperanza United,Casa de Esperanza,≤100
1570082353262795,YIMBY Action,YIMBY ACTION,≤100
275947565591,"Woods and Woods, LLC, The Veteran's Firm","Woods & Woods, LLC",≤100
164427643612907,Futures Without Violence,These ads ran without a disclaimer,≤100
655863184553154,Christian Hanley,Christian Michael Hanley,≤100
267757110537958,The House,These ads ran without a disclaimer,≤100
109729861699329,Speak4,Speak4,≤100
111904024679959,Bold Majority,BOLD MAJORITY PAC,≤100
102219092680498,rebel_venus_astrology,These ads ran without a disclaimer,≤100
108282964389713,"Greater St. Louis, Inc.","Greater St. Louis, Inc.",≤100
2456431797711183,Wyatt for Lincoln,Wyatt for Lincoln,≤100
123097641881,Feminists for Life,FEMINISTS FOR LIFE OF AMERICA,≤100
100617036135739,Illinois Answers Project,BETTER GOVERNMENT ASSOCIATION,≤100
399997860992,Educators for Excellence,Educators for Excellence,≤100
41093998634,The Christian Post,The Christian Post,≤100
108471008637861,We Care for WA,SEIU Healthcare 1199NW,≤100
208876186220,Great Transition Initiative,"TELLUS INSTITUTE, INC.",≤100
105068652230687,WeAreDirectv,These ads ran without a disclaimer,≤100
278434943062355,WellBeing International,"WellBeing International, Inc.",≤100
144429905313,AFSCME Council 31,AMERICAN FEDERATION OF STATE COUNTY AND MUNICIPAL EMPLOYEES COUNCIL 31,≤100
103983379801,Texas Democratic Party,Texas Democratic Party,≤100
105297075604928,,These ads ran without a disclaimer,≤100
312657362217994,Women's Heart Alliance,Women's Heart Alliance,≤100
327853590558653,"Agri-Pulse Communications, Inc.","AGRI-PULSE COMMUNICATIONS, INC.",≤100
302111635698,National Association of Tax Professionals (NATP),National Association of Tax Professionals,≤100
107034431979369,United24,These ads ran without a disclaimer,≤100
165551260479306,Lifting Hands International,These ads ran without a disclaimer,≤100
102579112455934,Making The Leap Podcast,Stanley M. Herzog Charitable Foundation,≤100
1599237673639735,Change Media Group,Change Media Group,≤100
50714237985,The Rutherford Institute,RUTHERFORD INSTITUTE,≤100
1662317660757785,Great American Syndicate,Great American Syndicate,≤100
112912573793125,Rise Up for Justice,Avrom L Altman,≤100
100313992666117,Sarah for Denver,Sarah for Denver,≤100
138434734461,CIIS Public Programs,CIIS Public Programs,≤100
7035457015,Brave New Films,BRAVE NEW FOUNDATION 501(C)(3),≤100
108108121456950,Blue States PAC,BLUE STATES PAC,≤100
108662425498649,McCormick: Point of View,Michael Robert Mccormick,≤100
185205491516217,TDK Corporation / TDK 株式会社,These ads ran without a disclaimer,≤100
108151962218949,Auto Quizc,These ads ran without a disclaimer,≤100
206226362732803,Inspire Clean Energy,"Inspire Energy Holdings, LLC",≤100
97279934919,bp America,BP CORPORATION NORTH AMERICA INC.,≤100
147786295234727,San Francisco Department on the Status of Women,San Francisco Department on the Status of Women,≤100
207833736045744,MHAction.org,Patrick R. McHugh,≤100
371167644067,Public Welfare Foundation,Public Welfare Foundation,≤100
107010494015560,Virginians for Clean Energy,270 Strategies,≤100
103860008217959,Check CU,Check CU,≤100
108503659576,National Coalition for Public School Options,National Coalition for Public School Options,≤100
165674110118949,Clearing out the Clutter,Colin David Moore,≤100
96935476345,Democratic Governors Association (DGA),Democratic Governors Association,≤100
1971892773117029,Citizen Media,Citizen Media News,≤100
199010435394,Turtle Island Restoration Network,Turtle Island Restoration Network,≤100
273546779885377,The Gallant Pelham,These ads ran without a disclaimer,≤100
273278399425330,Dignity Coconuts,These ads ran without a disclaimer,≤100
161107820658032,La Red Hispana,"HISPANIC COMMUNICATIONS NETWORK, LLC",≤100
100600696291888,Walthers & Sinclair Publishing,These ads ran without a disclaimer,≤100
200548226627766,The Progressive Magazine,Norman Joseph Stockwell,≤100
103739957866477,Zinc8 Energy Solutions,"Vorticom, Inc.",≤100
101647259395520,Project on Constitutional Originalism and CIT,Project on Constitutional Originalism and CIT - Catholic University of America,≤100
178700205665083,FamilyLife Blended,CAMPUS CRUSADE FOR CHRIST INC,≤100
103236092537897,Rosa Hernandez 4 Joliet City Council District 4,FRIENDS OF ROSA HERNANDEZ,≤100
896759427103774,Modern Medicaid Alliance,Modern Medicaid Alliance,≤100
430869277025501,Dr. Nancy O'Reilly,"WOMEN CONNECT4GOOD, INC.",≤100
168285796519335,Lancaster County Democratic Party,Lancaster County Democratic Party,≤100
1581700732145378,Rasheen Aldridge For 14th Ward Alderman,Citizens for Rasheen Aldridge,≤100
533826820093244,Resource Recovery Coalition of California,Resource Recovery Coalition of California,≤100
1578341329151121,Shefvckinbad,Shefvckinbad,≤100
644308565682800,Tanya Acker,Tanya Marie Acker,≤100
43821078871,Transport Workers Union (TWU),Transport Workers Union of America,≤100
90209763480,The Federalist Society,The Federalist Society,≤100
100380268833174,Gagarin News,These ads ran without a disclaimer,≤100
115436651834465,Save Health Care in Washington,WASHINGTON ASSOCIATION FOR COMMUNITY HEALTH,≤100
1571401929773000,North County  Climate Change Alliance,North County Climate Change Alliance,≤100
513785465632396,Airline Passengers for Justice,Airline Passengers for Justice,≤100
109521013225,Nikki Haley,Nikki Haley for President,≤100
1042560925858683,John Kelly,John Alexander Kelly,≤100
117214891638398,Street Grace,Street Grace Inc,≤100
338218229911752,Integrity First PAC,INTEGRITY FIRST PAC,≤100
38236386996,LSU Press,LSU Press,≤100
113946511288271,Reimagine Resilience,These ads ran without a disclaimer,≤100
104140687825197,VOTE YES for East Troy Schools,Anna Catherine Janusz,≤100
208551063368,Dominican Friars of the Province of Saint Joseph,DOMINICAN FOUNDATION,≤100
105824958181601,American Quittance Society,Joel Wilborn,≤100
58043814556,Oklahoma City Memorial Marathon,Oklahoma City Memorial Marathon,≤100
101047869571236,Freedomlei Apothecary Studio,These ads ran without a disclaimer,≤100
653918824803452,WCS Newsroom,Wildlife Conservation Society,≤100
1107432399287902,Barbara Lane,Barbara Lane LLC,≤100
202165530960,Mr. Jason McFarlane,These ads ran without a disclaimer,≤100
102941209383465,Kent O'Brien for Lakeway,Kent For Lakeway,≤100
593488424182088,OWYN,These ads ran without a disclaimer,≤100
378848072927455,The dream of every child,These ads ran without a disclaimer,≤100
506680536015406,HumanProgress.org,"CATO INSTITUTE, INC.",≤100
43853729859,Campaigns & Elections,Political World Communications,≤100
116039621785804,First Focus on Children,FIRST FOCUS,≤100
1472333452894859,"Chris Hinds, candidate for Denver City Council, District 10",Chris for Denver,≤100
101541668799519,Huffines Liberty Foundation,Huffines Liberty Foundation,≤100
1359505927455440,Global Health NOW,Johns Hopkins Bloomberg School of Public Health,≤100
75553755070,Michael Smerconish,Michael Smerconish,≤100
104168992542940,Campaign HQ Insiders,CampaignHQ,≤100
105336665489967,Tiffany Caudill - Candidate for Denver City Council District 2,Tiffany Caudill for City Council,≤100
104377641671195,Salem Podcast Network,Salem Media,≤100
112364384923739,"McCaskill for Mayor Harvey, IL 60426",Friends of Anthony L McCaskill,≤100
126037931371545,Law Offices of Jonathan K. Park & Associates,Law Offices of Jonathan K. Park & Associates,≤100
481331019059116,The Published Reporter,The Published Reporter,≤100
101717572423510,Protect Your Pay RI,Protect Your Pay RI,≤100
36091862898,The Mackinac Center for Public Policy,Mackinac Center for Public Policy,≤100
597866343974179,Anchorage Coalition to End Homelessness,Anchorage Coalition to End Homelessness,≤100
591038604304661,Cohen Milstein,Cohen Milstein Sellers & Toll PLLC,≤100
103338614839717,Peter S. Wenz,Peter S. Wenz,≤100
106335869023259,Edwin Gerace For Town Council,Edwin Francis Gerace,≤100
891586070909976,Endangered Species Foundation of New Zealand,These ads ran without a disclaimer,≤100
114570545240850,Who Gives A Crap,These ads ran without a disclaimer,≤100
102176712079037,Daily Floridian,Daily Floridian,≤100
273546779885377,The Gallant Pelham,"delupton, LLC",≤100
245718418797138,Bethel Leaders Network,These ads ran without a disclaimer,≤100
111839087214971,Vot-ER,VotER,≤100
106568024842114,Rideshare Assault Support,Injury Match,≤100
116606411350211,Jeanette Martinez for Fort Worth City Council District 11,Jeanette For Fort Worth,≤100
104479212493294,thirty.thr3,These ads ran without a disclaimer,≤100
116898711341010,Raven Soiree,These ads ran without a disclaimer,≤100
131664893560695,Origins OSU,Origins: Current Events in Historical Perspective,≤100
102001643601754,Mónica Alonzo Campaign,Alonzo For Dallas,≤100
2259323457517498,Abolish the Electoral College,Abolish the Electoral College,≤100
107582203192,Deputy Sheriff's Association of Bexar County,DEPUTY SHERIFFS ASSOCIATION OF BEXAR COUNTY,≤100
109374912424067,Drew McKissick,DrewMcKissick.com,≤100
1804156426550062,Tim Kennedy for Senate,KENNEDY FOR SENATE,≤100
1666922183524165,ReThink Energy NJ,ReThink Energy NJ,≤100
104521238896557,June Marie Paintings,June-Marie Paintings,≤100
151842578182359,Racine County Republican Party,Racine County Republican Party,≤100
100416829644887,Bossy Beaver Apparel,Bossy Beaver Apparel,≤100
101459448649428,Suri Reddy Oak Brook,Citizens for Dr. Reddy,≤100
37461287798,Jesuit Refugee Service/USA,JESUIT REFUGEE SERVICE INC,≤100
7515233409,"Mikey Weinstein, MRFF",MILITARY RELIGIOUS FREEDOM FOUNDATION,≤100
1720878078241107,Conservative Move,Conservative Move,≤100
286487148036558,Rise for Animals,NEW ENGLAND ANTI VIVISECTION SOCIETY,≤100
197374340229,E2 - Environmental Entrepreneurs,E2 (Environmental Entrepreneurs),≤100
278052172260101,ZERO TO THREE,ZERO TO THREE,≤100
111131133551811,The Locke Society,Locke Society Inc,≤100
111051575264758,Jack Murphy,I Love My Freedom,≤100
19992349706,Taxpayers for Common Sense,TAXPAYERS FOR COMMON SENSE,≤100
317371771995065,AARP Arizona Hispanic Connection,AARP,≤100
86711894400,National Write Your Congressman,National Write Your Congressman,≤100
103929304678916,Voter Action Project,Integrity First Voter Action Project,≤100
101276616234996,thatsa_goodword,These ads ran without a disclaimer,≤100
104792901799738,natali_raw_,These ads ran without a disclaimer,≤100
105511668706944,Elect Campbell For District 3 Zionsville,Campbell for town Council,≤100
171984109397,GEO,These ads ran without a disclaimer,≤100
1374906906166064,The Policy Circle,The Policy Circle,≤100
112912320530647,John for Aurora,John for Aurora,≤100
106959920878115,The Well Done Foundation,"WELL DONE FOUNDATION, INC.",≤100
114167064918661,Suzan Atallah For Palos School District #118,Citizens for Suzan,≤100
100450812990290,samiranks_music,These ads ran without a disclaimer,≤100
1714632911933752,John Kiehne for Missouri,Kiehne for Missouri,≤100
108307735495778,Four Sisters Publishing,Four Sisters Publishing,≤100
103978379269196,Gilbert Graim - City Council Candidate Place 2,Graim Campaign 2023 DesotoGraim,≤100
107142265621370,Arizona Recap,SINEMA FOR ARIZONA,≤100
101437432582765,The Center for Infrastructure and Economic Development,Center for Infrastructure and Economic Development Inc.,≤100
635038436602528,Helen Gym,FRIENDS OF HELEN GYM,≤100
68025637757,A+ Education Partnership,"A+ EDUCATION PARTNERSHIP, THE",≤100
64943530753,National Council for Mental Wellbeing,These ads ran without a disclaimer,≤100
127276773973529,SEVA FOUNDATION,Seva Foundation,≤100
236682687005525,Inola church of Christ,Billy Mac Keele,≤100
235039782048,Array of Hope,ARRAY OF HOPE,≤100
108198112173908,Scott Harmon for Bristol Kendall Fire Protection District Trustee,David Scott Harmon,≤100
121168721998854,Tony Pigford for Denver,Tony Pigford for Denver,≤100
123185498255,Carsie Blanton,Carsie Blanton Music,≤100
187713745097888,Save the Alamo,Save The Alamo Committee,≤100
376894299775656,"John Nelson for Mayor of Franklin, WI",Friends of John R. Nelson,≤100
268868046463126,Beacon Center of Tennessee,BEACON CENTER OF TENNESSEE,≤100
2184356211626595,The Daily Homeschooler,The Daily Homeschooler,≤100
239658882763974,Poverty USA by CCHD,UNITED STATES CONFERENCE OF CATHOLIC BISHOPS,≤100
276132242902006,Western Digital,These ads ran without a disclaimer,≤100
108660385319253,Heatmap News,These ads ran without a disclaimer,≤100
243605012672167,Greg Casar,GREG CASAR FOR CONGRESS,≤100
105858001496295,Mattie Parker for Fort Worth Mayor,Mattie Parker For Mayor Campaign,≤100
66237904047,Marine Fish Conservation Network,Marine Fish Conservation Network,≤100
276076196388914,Coffee & Pan Dulce Show,Coffee & Pan Dulce Show,≤100
157521957980788,Reimagining the Civic Commons,Reimagining the Civic Commons,≤100
17475614410,Hispanic Federation,HISPANIC FEDERATION INC,≤100
106568024842114,Rideshare Assault Support,Select Justice LLC,≤100
182974459306802,Bijoux Boutiques,These ads ran without a disclaimer,≤100
403737406341879,National Women's Health Network,These ads ran without a disclaimer,≤100
150786841635929,AFSCME Wisconsin Council 32,AMERICAN FEDERATION OF STATE COUNTY & MUNICIPAL EMPLOYEES,≤100
149607228384141,America Needs Fatima,"American Society for the Defense of Tradition, Family and Property",≤100
188607107843102,Texas Values,TEXAS VALUES,≤100
349702751902673,Hereditary Angioedema Association - HAEA,HEREDITARY ANGIOEDEMA ASSOCIATION INC.,≤100
1605295603062909,Hot Seat for Judges,These ads ran without a disclaimer,≤100
127637620616803,Comcast Newsmakers,Comcast,≤100
102262718547519,Crazy Uncle Gil,Gilbert Cuevas,≤100
659878157406228,America's Warrior Partnership,America's Warrior Partnership,≤100
77130778113,Coalition for Medicare Choices,The Coalition for Medicare Choices,≤100
114209501580971,Elect Julian J. Rios for San Benito CISD Pl. 4,Julian Joseph Rios,≤100
101421051897848,Congresswoman Mary Miller,United States House of Representatives,≤100
1630589287171625,City-County Councillor David Ray,Committee to Elect David Ray,≤100
312870062895448,StateThugs,StateThugs.com,≤100
345653475580468,Don Huffines,Don Huffines,≤100
14893370225,Sustainable Harvest International,SUSTAINABLE HARVEST INTERNATIONAL,≤100
1914561178824972,Trumped,Christopher Charles Cooper,≤100
212677670907,American Constitution Society,AMERICAN CONSTITUTION SOCIETY,≤100
109727968707427,Vidal for Moraine,Friends of Vidal,≤100
109031318770907,Joanna Weiss for Congress,Joanna Weiss for Congress,≤100
1916108188466958,Elad Gross For Missouri,Elad Gross For Missouri,≤100
462676617214921,Sawtooth Valley Gathering,These ads ran without a disclaimer,≤100
101680189279549,stevenomerta,These ads ran without a disclaimer,≤100
103128974521953,Michael Feggans for Delegate,Michael Feggans for Virginia,≤100
1420200111329836,Alan C. Moore,Alan Christopher Moore,≤100
102949055827945,House Sky,These ads ran without a disclaimer,≤100
502151103244047,Join RSD,RIVERSIDE COUNTY SHERIFFS DEP,≤100
104916968538177,TIS 이주공사,TIS VISA CORPORATION,≤100
110170005258857,Klicked Digital,DeDonato Enterprises,≤100
124115965454,Cornerstone Action,Cornerstone Action,≤100
103058019394072,Steinhauer for Rosholt School Board,Angela Marie Steinhauer,≤100
114761248163589,,Committee to Elect Shawn Vogel,≤100
112897365044685,Mark Greer for Mayor,Friends of Mark Greer,≤100
111076598184105,Organize at MLK Labor,"Martin Luther King, Jr. County Labor Council of Washington, AFL-CIO",≤100
142558085923765,State Representative Keith Bell,Keith Bell Campaign,≤100
1436129040048603,Lone Candle,Aaron Jerard Kurz,≤100
103433804692809,Law Offices of James S. Hong & Associates,Law Offices of James S. Hong,≤100
105765804461325,Jacob Brisbin for Pekin City Council,Friends of Jacob Brisbin,≤100
143136716398629,"Live, Work, Shop, Play in Florida","Mullins Companies, LLC",≤100
105166539168796,Jim Arlington - Alaskans for Arlington,Alaskans for Arlington,≤100
112078117033545,Suffer the Little Children,Laine E Hissett,≤100
29464444855,Loyola University Chicago,Loyola University Chicago,≤100
306480006853271,Political-Paige.com BLOG,Political-Paige.com,≤100
159960044025031,American Heritage Magazine,American Heritage Publishing,≤100
268672113155656,The Expectations Project,THE EXPECTATIONS PROJECT INC,≤100
107383838486866,Alan Blaylock for Fort Worth City Council,Alan Blaylock for Fort Worth City Council,≤100
21218780346,Foreign Policy,FOREIGN POLICY,≤100
104631299194819,Love Loyalty Honor,Love Loyalty Honor,≤100
102994269347251,Immovablem.fans,These ads ran without a disclaimer,≤100
100277632982639,The Protecting Children From Sexual Predators Act,The Protecting Children From Sexual Predators Act,≤100
107485788834971,The Rose Petal Project,The Rose Petal Project,≤100
106559819003491,Isaac Kim - Los Angeles CD6,Isaac Kim for LA City Council 2023,≤100
106427755617199,Allowancu,These ads ran without a disclaimer,≤100
221304365015968,Dave Min,Dave Min for Congress,≤100
109465560444254,Roce Today,I-ROCE LLC,≤100
40201530406,American Society of the University of Haifa,James Samuel Fattal,≤100
182079698493370,Portside,Portside,≤100
123323833895,"Chris Johnson, writer & humorist",Kudzu Kid Press,≤100
353237777925,Pennsylvania House Dems,Pennsylvania House Democratic Campaign Committee,≤100
269348454714,IMB,"INTERNATIONAL MISSION BOARD OF THE SOUTHERN BAPTIST CONVENTION, THE",≤100
251512801547984,Ken King,Ken King for State Representative,≤100
273205087827354,Citizens Alliance of Idaho,Citizens Alliance of Idaho,≤100
116472304662312,Matt Varble for Irving City Council Place 5,Matthew James Varble,≤100
568103006940639,Law Office of Gary J. Kim,Law Offices of Gary J. Kim,≤100
102431455226232,Time To Run,TIME TO RUN,≤100
683095228488145,Scott McKnight,The Scott McKnight Campaign,≤100
438219759663409,Citizens for Elizabeth Davies,Friends for Elizabeth Davies,≤100
127243158514,Heart to Heart International,"HEART TO HEART INTERNATIONAL, INCORPORATED",≤100
234883080791381,Greene County Sentinel News,John M Stafford,≤100
339062250282389,Gay Pride Apparel,These ads ran without a disclaimer,≤100
90710744308,The Steamboat Institute,These ads ran without a disclaimer,≤100
449532451834913,Fishers Finery,Fishers Finery,≤100
375543739837794,"Shielding Lives, Inc.",Shielding Lives Inc,≤100
497949630282962,Retirement Specialty Group,Retirement Specialty Group,≤100
674182529399211,Gun Owners Radio,Gun Owners Media LLC,≤100
100063587170431,,These ads ran without a disclaimer,≤100
263527537245,Minnesota Governor's Council on Developmental Disabilities,Minnesota Governor's Council on Developmental Disabilities,≤100
117956368577,Charlie Geren,Charlie Geren Campaign,≤100
115074531500036,Paxton Motheral for Tarrant Water Board,Paxton Motheral Campaign,≤100
117654727894984,Jason for Junction,Jason Nguyen for Grand Junction City Council,≤100
243498882520314,FoodFinder,"FOODFINDER, INC.",≤100
1914537155242810,Life: Powered,Texas Public Policy Foundation,≤100
133753583953215,American History in 90 Minutes - The Common-Sense Guide to U.S. History,American History in 90 Minutes,≤100
105495775564367,President Trump Updates,Logan Thomas Corson,≤100
112168888451050,Macy Hill for Fort Worth District 7,Macy Hill for Fort Worth,≤100
186202051430213,Community Solutions,These ads ran without a disclaimer,≤100
2436403486378786,Tim Temple,Tim Temple Campaign,≤100
105421802441162,,Congressman Mike Ezell,≤100
414744565241871,Elect Paul Akinjo Lathrop City Council,Elect Paul Akinjo for Lathrop City Council,≤100
104308875463441,Liz Ortega for Assembly,Liz Ortega for Assembly,≤100
1756938131232274,Relato,These ads ran without a disclaimer,≤100
1653885501501009,Propeller,Propeller Enterprises,≤100
222575382925,Dogwood Alliance,Dogwood Alliance Inc,≤100
104815938999745,Dan Coffey for JTHS 204 Board,Dan Coffey for JTHS 204 Board,≤100
694340911004154,Americans for Intelligence Reform,Americans for Intelligence Reform,≤100
651261041683994,The Frontier,These ads ran without a disclaimer,≤100
245481022560114,John Stefanski,John Stefanski Campaign,≤100
101239962270235,Bright Future Iowa,Bright Future Iowa,≤100
105566855513100,Tim Hoffman for Denver,Committee to Elect Tim Hoffman,≤100
101586078357081,Peter Demos,Peter Demos,≤100
69717994787,buildOn,BUILDON INC,≤100
156919701454702,St. Louis Record,The Record,≤100
501580066569064,MagiCore Learning,These ads ran without a disclaimer,≤100
102712608756135,,These ads ran without a disclaimer,≤100
954634048065929,Wooten for 6th Ward Alderman,Friends of Richard A. Wooten,≤100
284538339034727,"Re-Elect Jim Gardiner, 45th Ward Alderman",Paid for by Friends to Elect Jim Gardiner,≤100
551328948361758,For Our Future WI,For Our Future Action Fund,≤100
198712963629207,Hewn Spirits,These ads ran without a disclaimer,≤100
1269485653192452,Tombstone2,Mohammed Nasir Razavi,≤100
105334892381660,AmericanTowns Politics,AMERICAN TOWNS,≤100
106423032274176,Timothy C. Lamb,These ads ran without a disclaimer,≤100
1886927881621153,"C4 - Chris, Carbon County Commissioner",Chris L Lukasevich,≤100
115634814785522,"Shawn Harvey for Huron, SD City Commissioner",Shawn Harvey,≤100
116945211276055,Make America Florida,Logan Thomas Corson,≤100
264403673724202,Lucile Packard Foundation for Children's Health,LUCILE PACKARD FOUNDATION FOR CHILDREN'S HEALTH,≤100
104623399104370,Noah Kaplan for Denver,Kaplan for Denver,≤100
100416560012896,Friends of the Everglades,FRIENDS OF THE EVERGLADES INC,≤100
109068551731974,Sillychillly,Marc Alan Goldstein,≤100
105574258387595,,We the Veterans Foundation,≤100
113417134335063,The Radical Independent,Christopher William Jerome,≤100
205238189588054,"Race, Racism and the Law",Professor Vernellia Randall,≤100
363500867116594,Will Metcalf,Will Metcalf,≤100
105990415642100,DeSantis Supporters,Logan Thomas Corson,≤100
60322911346,Life at Aspen Dental,These ads ran without a disclaimer,≤100
58401218435,National Pork Producers Council,National Pork Producers Council,≤100
478268635928072,"Christian Wassana - I am, I can, I will",These ads ran without a disclaimer,≤100
710460605705480,Dugit Outreach Center,Dugit Messianic Outreach Center,≤100
111213101887148,Basics For All,Basics For All LLC,≤100
13187955196,Young Americans for Liberty,Young Americans for Liberty,≤100
2273201606253899,Terry Lynne for Farmers Branch,Terry Lynne For Farmers Branch,≤100
488740674837681,198 Methods,198 methods,≤100
913674978645759,Beloved San Diego,Beloved Christian Church Disciples of Christ,≤100
109658035401713,The U.B. Store,These ads ran without a disclaimer,≤100
291838961553129,Louisiana Secretary of State Kyle Ardoin,Kyle Ardoin Campaign,≤100
64974200999,America-Israel Friendship League,AMERICA-ISRAEL FRIENDSHIP LEAGUE,≤100
142405795847179,Breathe Project,COMMUNITY FOUNDATION OF GREATER JOHNSTOWN,≤100
103828241312020,Sarasota County Democratic Jewish Caucus,Sarasota County Democratic Party Jewish Caucus,≤100
704907916216552,Fox Cities Advocates for Public Education,Fox Cities Advocates for Public Education,≤100
137662367278,League of Women Voters of the US,LEAGUE OF WOMEN VOTERS OF THE UNITED STATES,≤100
104108351691845,Nag Jaiswal for Naperville,FRIENDS OF NAG JAISWAL,≤100
572204396259408,Rachel Martin Homeland Security Chairman,These ads ran without a disclaimer,≤100
1955953381348064,State Representative Trent Ashby,Texans for Trent Ashby,≤100
107461545589929,The Gen Z Conservative,Logan Thomas Corson,≤100
6808755897,Governing,e.Republic,≤100
105522952153462,Sức Mạnh Quân Sự Mỹ 2,These ads ran without a disclaimer,≤100
110231578648730,Tom Duden for Lincoln City Council,Tom Duden for Lincoln,≤100
106757388737489,,These ads ran without a disclaimer,≤100
1122745701241304,Parlier4Oswego,Friends of Troy Parlier,≤100
272716539512166,Cycle for the Cause,"LESBIAN & GAY COMMUNITY SERVICES CENTER, INC.",≤100
370783806625168,Alliance for Housing Justice,PUBLIC ADVOCATES INC,≤100
101336841260036,The Christie Institute for Public Policy,The Christie Institute for Public Policy Inc.,≤100
205448902831467,Idaho Family Policy Center,Idaho Family Policy Center,≤100
174665813003584,Mission Partners for Christ,Mission Partners for Christ,≤100
98758122254,Labor Education Service,These ads ran without a disclaimer,≤100
1719000921660893,Sabrina Cervantes,Sabrina Cervantes or State Senate 2024,≤100
581471195248691,Well With Tiffany,These ads ran without a disclaimer,≤100
107510905364669,simba.lyuk,These ads ran without a disclaimer,≤100
28916340215,Obesity Action Coalition (OAC),These ads ran without a disclaimer,≤100
408252582872693,Daniella Levine Cava,"Daniella Levine Cava, Non-Partisan, for Miami-Dade County Mayor",≤100
482869205100278,Neema Project,Neema Project,≤100
109287838373543,Shannon Loves District 10,Shannon Loves D10,≤100
504118316658151,SilencedOrganic,SilencedOrganic.com,≤100
292281798294447,Shammas Malik,Malik for Akron,≤100
175895508186,North Dakota Women's Network,These ads ran without a disclaimer,≤100
127668823933246,The NewDEAL,NEWDEAL,≤100
107103892730039,Louisville Climate Action Network,These ads ran without a disclaimer,≤100
107418177702609,Middle America News,Logan Thomas Corson,≤100
934075040119713,Malcolm Berch for Forrest County Tax Collector,Malcolm Berch for Forrest County Tax Collector,≤100
1401753023408728,"1199 SEIU in Westchester, Hudson Valley, Capital Region",1199SEIU United Healthcare Workers East,≤100
789328634438488,Edwardsville School District #7,EDWARDSVILLE COMMUNITY SCHOOL DISTRICT,≤100
106928095028120,Kate Erickson for Cedarburg School Board,Kate Erickson For School Board,≤100
110167501976029,Noah Becker for Green Bay School Board,Noah Patrick Becker,≤100
157596564371710,Americans for Prosperity-New Mexico,AMERICANS FOR PROSPERITY,≤100
101377869531038,Shirley For U.S. Senate,SHIRLEY FOR US SENATE,≤100
105800435721037,The Right Hour,Logan Thomas Corson,≤100
105023768642,U.S. Chamber Institute for Legal Reform,US Chamber Institute for Legal Reform,≤100
887139178003592,The Dean Obeidallah Show,The Dean Obeidallah Show,≤100
117270568319993,NYSUT - A Union of Professionals,New York State United Teachers,≤100
26536368451,Latino Public Broadcasting,LATINO PUBLIC BROADCASTING,≤100
395458410860707,Gust,These ads ran without a disclaimer,≤100
186314388125261,National Council of Jewish Women Arizona,National Council of Jewish Women Arizona,≤100
225244284245133,Chicago Votes,Chicago Votes Action Fund,≤100
498931033507875,Delegate Robin Grammer,Friends of Robin L. Grammer Jr.,≤100
102100655278909,,Citizens for Tomei,≤100
110419778975556,South Carolina House Republican Caucus,South Carolina House Republican Caucus,≤100
741175809362330,Lamont Bagby for State Senate,Friends of Lamont Bagby,≤100
1436411979792918,Oregon Local News,These ads ran without a disclaimer,≤100
104107455066450,Russell Cohen on moderation in public policy,Howard Cohen,≤100
46347342434,EMILY's List,EMILY'S LIST,≤100
103411455756594,Arizona Food Freedom,The Institute for Justice,≤100
105452181898784,Girard Sharp LLP,These ads ran without a disclaimer,≤100
150127528352944,Food Integrity Campaign,GOVERNMENT ACCOUNTABILITY PROJECT INC,≤100
102281724942742,Affordable Energy for New Jersey,Affordable Energy for New Jersey,≤100
490349377808038,State Representative Justin Holland,Justin Holland Campaign,≤100
846996508759200,Actitud Femenina,These ads ran without a disclaimer,≤100
105692311896010,Positive Money US,Positive Money US,≤100
993294760683044,Education Reform Now,EDUCATION REFORM NOW ADVOCACY INC,≤100
243776010057,Geothermal Greenhouse Partnership,These ads ran without a disclaimer,≤100
179753158722736,Shanti Bhavan Children's Project,Shanti Bhavan Children's Project,≤100
112022491619318,American Apex News,Logan Thomas Corson,≤100
220772098010352,Gimetal USA,These ads ran without a disclaimer,≤100
102356589314098,Political Comms,Political Comms LLC,≤100
106652695620718,"J & L Innovations, LLC","J & L INNOVATIONS, LLC",≤100
114247604036354,Инфограф,These ads ran without a disclaimer,≤100
102425269424229,Corporativos Badillo,These ads ran without a disclaimer,≤100
113079975378944,Mike Ball Dive Expeditions,These ads ran without a disclaimer,≤100
322734158356065,Welcome to the Lemon Age,These ads ran without a disclaimer,≤100
106321962111925,taboo_empower,These ads ran without a disclaimer,≤100
100725611563534,Eastory,These ads ran without a disclaimer,≤100
803254906434033,Reflexión y Acción Feminista,These ads ran without a disclaimer,≤100
53855227667,Porsche,These ads ran without a disclaimer,≤100
524391507943845,BOLD,These ads ran without a disclaimer,≤100
235941946748020,Nelson Sussumu Shikicima Advogados Associados,These ads ran without a disclaimer,≤100