﻿Page ID,Page name,Disclaimer,Amount spent (EUR)
101519168409673,Dimitar Kovacevski,СДСМ,≤100
148427235188637,СДСМ - Социјалдемократски сојуз на Македонија,СДСМ,≤100
445469652211682,Bujar Osmani,Bujar Osmani,≤100
100746718435265,Fatmir Bytyqi,Fatmir Bytyqi,≤100
159831317696909,Локално.мк,Локално.мк,≤100
829371753904952,Hristijan Mickoski,ВМРО-ДПМНЕ,≤100
101754962766151,Рацин.мк,Рацин.мк,≤100
330217683655885,Lokalno,Lokalno,≤100
192483774872658,Демократи,Демократи,≤100
400497373674524,СамоПрашај.мк,Institut za komunikaciski studii,≤100
1980705965582959,Afrim Gashi,Alternativa,≤100
207681736096529,Љупчо Пренџов / Ljupco Prendjov,Љупчо Пренџов,≤100
971176269757392,Дома,Институт за комуникациски студии ИКС / Institute of Communication Studies,≤100
255990845327431,Левица,Левица / E majta / Levica,≤100
100751933349940,Институт за европска политика (ЕПИ)/European Policy Institute - EPI,Институт за европска политика (ЕПИ)/European Policy Institute - EPI,≤100
100954761298205,frontline.mk,frontline.mk,≤100
1677572455714659,Јорго Огненовски,Jorgo Ognenovski,≤100
461034264336817,24инфо.мк,24инфо.мк,≤100
112622660371058,Гласни идеи,Гласни идеи,≤100
111589528018591,Parliament Support Programme,Parliament Support Programme,≤100
1482737048633478,Институт за комуникациски студии ИКС / Institute of Communication Studies,Институт за комуникациски студии,≤100
109157008010513,Alveda,These ads ran without a disclaimer,≤100