﻿Page ID,Page name,Disclaimer,Amount spent (USD)
102931605845722,تيار وطني يهدف لتأسيس حزب باسم العمل,حزب العمل,≤100
126668827387504,SmartBuy,SmartBuy,≤100
664477853670759,المكتب الاعلامي للنائب معتز ابورمان,المكتب الاعلامي للنائب معتز ابورمان,≤100
109854728594212,برنامج تحديث القطاع العام,برنامج تحديث القطاع العام,≤100
103323581486845,النائب سليمان موسى ابو يحيى,Sleman Abuyahia,≤100
354945232030231,حزب الإتحاد Etihad Party,حزب الإتحاد Etihad Party,≤100
110979045373651,Brouyxshop3,These ads ran without a disclaimer,≤100
107141858896307,Rewell Society,Rewell Society,≤100
112735854756328,حزب الائتلاف الوطني,National Coalition Party - حزب الائتلاف الوطني,≤100
117010914733674,Juri embroidered مطرزات جوري,These ads ran without a disclaimer,≤100
102461698150869,مركز الشريف لفحص السيارات Alshareef Car Test Center,These ads ran without a disclaimer,≤100
521303771314889,وزارة الصناعة و التجارة و التموين الاردنية Mit.gov.jo,وزارة الصناعة و التجارة و التموين الاردنية Mit.gov.jo,≤100
905208189574429,We Rise Center for Sustainable development- مركز نحن ننهض للتنمية المستدامة,We Rise Center for Sustainable development- مركز نحن ننهض للتنمية المستدامة,≤100
225567641545438,برنامج نشامى ونشميات,These ads ran without a disclaimer,≤100
512436282119834,الأستاذ محمد عودة اللغة العربية التخصّص والمهارات,These ads ran without a disclaimer,≤100
248547585333443,قناة الغد Alghad TV,These ads ran without a disclaimer,≤100
392163164895746,Awan - أوان,These ads ran without a disclaimer,≤100
101749039638378,tahdithjo,These ads ran without a disclaimer,≤100
102442766236106,مجلس التطوير التربوي محافظة مادبا,These ads ran without a disclaimer,≤100