﻿Page ID,Page name,Disclaimer,Amount spent (COP)
910025949090028,César Rojas Ayala,César Rojas Ayala,253445
286568181368830,Jhon Ortega,Jhon Ortega,153780
256488875025665,Juan Bocanegra,Juan Bocanegra,125375
1975883486014350,David Fajardo,David fajardo,49763
130834367164,Red PaPaz,Red PaPaz,32701
114364994987203,Sergio Maldonado,Sergio Maldonado,29997
113504950417359,Jose Ignacio Rangel Andrade,Jose Ignacio Rangel Andrade,27318
101875106251616,Partido Verde Oxígeno,Partido Verde Oxigeno,25484
118514924593739,Tanque Seco,Tanque seco,8523
1668929590004327,Avanzoft Software Avanzado,Avanzoft Software Avanzado,7351
300766243837310,Cristhiam Jimenez Arévalo,Cristhiam Jimenez Arévalo,7351
102260352816985,Maribel Ortiz Olejua,Maribel Ortiz Olejua,6575
814872645274595,Alicia Peñaranda - La POPlitóloga,Alicia Peñaranda - La POPlitóloga,6151
110036132129269,Alerta Noticias,Alerta Noticias,5358
159514754069267,Partido Cambio Radical,Partido Cambio Radical,4904
101391859627743,Colombia sin miedo,Colombia sin miedo,4063
131753023639902,Aldemar Alfaro,Aldemar Alfaro Rivero,3608
102143071616787,Goberna Colombia,Goberna,2817
167222580002790,Clara Luz Roldan Gonzalez,Clara Luz Roldán,2583
1757189487920543,Subversite,Subversite,2510
107405449071319,Con la suya,Con la suya,2317
100207228040743,Secretaria de cultura de Neiva,Secretaria de cultura de Neiva,2299
1913101528996718,Congreso Nacional de Marketing Político,Congreso Nacional de Marketing Político,2277
482002058626250,Surany Arboleda Arias,Surany Arboleda Arias,2173
438113889610097,Hosman Yaith Martínez Moreno,Hosman Yaith Martínez Moreno,1877
217858818623920,Hospital Local Álvaro Ramírez González ESE,These ads ran without a disclaimer,1435
1400280116941194,Fabian Diaz,Fabian Diaz,1420
105777765621622,miguelgalindoc_,These ads ran without a disclaimer,1327
597006313643580,Gobernación del Valle del Cauca,Gobernación Valle del Cauca,1102
101642839569704,Javier Marulanda,Dr Javier Marulanda,1059
110633531919902,El Empresario De Moda,El Empresario De Moda,968
838927469815494,Diana Diago,Diana Diago,916
114778278552099,Octavio Cardona León,Octavio Cardona León,710
1737937156478529,Carlos Felipe López López,Carlos Felipe López López,559
338089203596822,Santinarvaezl,Santiago Narváez Lombana,505
576586942728605,Jorge  Fuerbringer FanPage,Jorge  Fuerbringer FanPage,496
1529335724037224,Aeropuerto del Café,INTUAL,495
106358785760398,Movimiento Cívico: La Barichara Que Soñamos,These ads ran without a disclaimer,425
111119903933383,Pipemusik,These ads ran without a disclaimer,388
509529099396147,Héctor Rangel,Héctor Rangel,386
1519510178128827,Carlos Andrés Hernández Zuluaga,Carlos Andrés Hernández Zuluaga,375
103596816009903,Voy con Leo,Voy con Leo,374
103428739334753,"José Alfredo ""El Cura"" Ordóñez","José Alfredo ""El Cura"" Ordóñez",324
321582221272701,UNIMINUTO,These ads ran without a disclaimer,298
112155252163421,Sebastián López V.,Sebastián López V.,271
803708179715377,Alcaldía de Jardín: Por Amor a Jardín - Bienestar para Todos,These ads ran without a disclaimer,250
304971412943967,Instituto de Zumpango en Estudios Superiores en Criminalística IZESC,These ads ran without a disclaimer,243
112586565091697,Fuerza Ciudadana,Fuerza Ciudadana,234
569978373130700,Andrés Lizarralde Henao,Andrés Lizarralde Henao,227
108576731393581,Juliana Enciso,Juliana Enciso,188
100563549504491,Juan Torres Ortega,Pacto por el Cambio,170
188821215070922,Ernesto Orozco Durán,Ernesto Orozco Durán,169
1766366823576506,La Paz Querida,La Paz Querida,142
1431824383809561,Camilo Torres,Camilo Torres,132
1966684743593773,Chucho Limonada,Chucho Limonada,129
117823701712681,Cedinsi Escuela de Entrenamiento en Herramientas Digitales,These ads ran without a disclaimer,119
458923757608866,Mauricio Otero Avilez,Mauricio Otero Avilez,114
1428408544046887,Flacso Uruguay,These ads ran without a disclaimer,112
626538870727500,Felipe Urrea,Felipe Urrea,111
120137021029235,Prolicores,These ads ran without a disclaimer,≤100
116544396862942,Unión Legal y Tributaria S. A. S,Unión Legal y Tributaria S. A. S,≤100
106988892039690,Ferney Gómez Medina,Ferney Gómez Medina,≤100
100290576434328,Rafael Ivan Gonzalez Figueroa,These ads ran without a disclaimer,≤100
107235559062650,Esu.clic,IOT LATAM S A S,≤100
329654257484790,Angel De Jesus Becerra,Angel De Jesus Becerra,≤100
100801257933323,Jesus Trujillo Torres,Jesus Trujillo Torres,≤100
110605941407413,orenda.lectora,These ads ran without a disclaimer,≤100
108202298520665,Tatiana Safar,La Digital,≤100
112670251785208,Luis Emilio Bustos Morales,These ads ran without a disclaimer,≤100
113389547103519,LATAM RADIO,Thomas Balaguera,≤100
101170393279528,Rodrigo Villalba Mosquera,Rodrigo Villalba Mosquera,≤100
111310940455631,Alex López,Alex López,≤100
356101551695420,James Ducuara.,James Ducuara.,≤100
102795885694138,milokibullz,These ads ran without a disclaimer,≤100
106470558935271,Mundo Deportivo,These ads ran without a disclaimer,≤100
73970658023,International Rescue Committee,These ads ran without a disclaimer,≤100
102256156169065,Carol Martinez,These ads ran without a disclaimer,≤100
103005468773328,Crypto Network,These ads ran without a disclaimer,≤100
80280158995,STEP International Global,These ads ran without a disclaimer,≤100
987563698019371,Duván Murillo Diputado,Duván Murillo Diputado,≤100