﻿Page ID,Page name,Disclaimer,Amount spent (USD)
101605572118417,Qarabağ Dirçəliş Fondu,Qarabağ Dirçəliş Fondu,≤100
101706675429426,Karabakh Center,Qarabağ Dirçəliş Fondu,≤100
103801662696418,Tips for Marketing Your Business,These ads ran without a disclaimer,≤100
112731948507408,Միջանցքի Ապաշրջափակման Ժողովրդական  Շարժման Շտաբ,These ads ran without a disclaimer,≤100
100202725184190,Caliber.Az,Caliber LLC,≤100
106650547994034,Nicatinsaat.az,These ads ran without a disclaimer,≤100
108790850598992,Akif Gurbanov,Akif Gurbanov,≤100
104355860955968,Press Klub,Press Klub,≤100
178886752255904,APA TV,APA TV,≤100