﻿Page ID,Page name,Disclaimer,Amount spent (EUR)
6891149895,Concern Worldwide,Concern Worldwide,≤100
291934661006674,HSE Ireland,HSE Ireland,≤100
148726998530273,Sinn Féin Ireland,Sinn Féin,≤100
158961023733,Amnesty International-Ireland,Amnesty International-Ireland,≤100
18135444535,Trocaire,Trocaire,≤100
105374762485355,We Consent,DRCC,≤100
1065942253417902,Billy Kelleher MEP,Billy Kelleher (European Parliament),≤100
201612129410,Oxfam,Oxfam Ireland,≤100
156701534946054,My Waste Ireland,My Waste Ireland,≤100
222629035132,Fianna Fáil,Fianna Fáil,≤100
107898832590939,European Commission,European Commission,≤100
224615650378,Pro Life Campaign Ireland,Pro Life Campaign,≤100
112289898015469,Fair Seas,Fair Seas,≤100
260630414430823,Department of Social Protection,Department of Social Protection,≤100
88243924389,Depaul Ireland. Ending Homelessness.,Depaul Ireland,≤100
455196627967510,Gas Networks Ireland,Gas Networks Ireland,≤100
395121633857254,SEAI,SEAI,≤100
118151521564978,SSE Airtricity,SSE Airtricity,≤100
995539950504041,Go Vegan World,Go Vegan World,≤100
165050580250025,Development Perspectives,Development Perspectives,≤100
102251318064432,Organon,These ads ran without a disclaimer,≤100
109487449881,Repak,Repak Limited,≤100
122938653695,Wind Energy Ireland,Wind Energy Ireland,≤100
1772885396319952,ESB Careers,ESB Careers,≤100
247809738564793,Belong To,BeLonG To Youth Services,≤100
147547541961576,Council of the European Union,Council of the European Union,≤100
158325247540273,Life Institute,Life Institute,≤100
120955917993217,St. Patrick's Mental Health Services,St Patrick's Mental Health Services,≤100
178362315106,European Parliament,European Parliament,≤100
248058041983365,Councillor Daryl Barron,Daryl James Barron,≤100
103508859693611,AfrI: Action From Ireland,Afri,≤100
2013340148967588,Sen. Róisín Garvey,Roisin Garvey,≤100
211804668860181,Frylite Solutions,These ads ran without a disclaimer,≤100
541250599362726,Protect Life,Family & Life,≤100
367182798860,Organico Bantry,Organico Bantry,≤100
171361752906540,Veritas,These ads ran without a disclaimer,≤100
125000696175464,Irish Business News,These ads ran without a disclaimer,≤100
109231571984405,Accelera,These ads ran without a disclaimer,≤100
104281381774959,University of Cambridge Online,These ads ran without a disclaimer,≤100
185095311610804,Nerve Centre,These ads ran without a disclaimer,≤100
105743361735500,New to Money Português,These ads ran without a disclaimer,≤100
99866535074,CRC Press,These ads ran without a disclaimer,≤100