﻿Page ID,Page name,Disclaimer,Amount spent (USD)
100857675472522,ScreeN+,These ads ran without a disclaimer,≤100
427648547297783,Hasan Ismaik - حسن إسميك,These ads ran without a disclaimer,≤100
101616782888805,Travel Away,These ads ran without a disclaimer,≤100
995765983772115,Dzair Tube,Dzair Tube,≤100
565225540184937,CGTN,These ads ran without a disclaimer,≤100
104140320927199,قناة الإنتصار TV,قناة الإنتصار TV,≤100
772854679419443,Karl Roussel,These ads ran without a disclaimer,≤100