﻿Page ID,Page name,Disclaimer,Amount spent (USD)
427648547297783,Hasan Ismaik - حسن إسميك,These ads ran without a disclaimer,≤100
995765983772115,Dzair Tube,Dzair Tube,≤100
101616782888805,Travel Away,These ads ran without a disclaimer,≤100
100857675472522,ScreeN+,These ads ran without a disclaimer,≤100
104140320927199,قناة الإنتصار TV,قناة الإنتصار TV,≤100
1443904622515750,Egytronix Design and Automation,These ads ran without a disclaimer,≤100
101440298537703,وكالة العالم,These ads ran without a disclaimer,≤100