﻿Page ID,Page name,Disclaimer,Amount spent (USD)
109854728594212,برنامج تحديث القطاع العام,برنامج تحديث القطاع العام,≤100
103323581486845,النائب سليمان موسى ابو يحيى,Sleman Abuyahia,≤100
664477853670759,المكتب الاعلامي للنائب معتز ابورمان,Moutaz Abu Rumman,≤100
116246111397687,الرواد _ Alrawad,These ads ran without a disclaimer,≤100
107141858896307,Rewell Society,Rewell Society,≤100
102931605845722,تيار وطني يهدف لتأسيس حزب باسم العمل,حزب العمل,≤100
111934298458280,مجموعة القبة الإعلامية,مجموعة القبة الإعلامية,≤100
104343205670775,حزب إرادة Eradah Party,حزب إرادة Eradah Party,≤100
521303771314889,وزارة الصناعة و التجارة و التموين الاردنية Mit.gov.jo,Muhanad Alomyan,≤100
313469818835592,أكيد,These ads ran without a disclaimer,≤100