﻿Page ID,Page name,Disclaimer,Amount spent (USD)
102992285280678,الصفحة الرسمية للسيد النائب نوري سفيان,الصفحة الرسمية للسيد النائب نوري سفيان,≤100
606117676714191,Yoyoasema,These ads ran without a disclaimer,≤100
248547585333443,قناة الغد Alghad TV,These ads ran without a disclaimer,≤100
104140320927199,قناة الإنتصار TV,قناة الإنتصار TV,≤100
1834313933459789,BBC StoryWorks,These ads ran without a disclaimer,≤100
224597158386607,Rosa Luxemburg Foundation,These ads ran without a disclaimer,≤100
110586438604369,المحقق dz,These ads ran without a disclaimer,≤100