﻿Page ID,Page name,Disclaimer,Amount spent (EGP)
319854961407257,الحزب المصري الديمقراطي الاجتماعي امانة اسيوط,These ads ran without a disclaimer,≤100
101009088774421,حزب حماة الوطن,محمد السيد عبد الستار,≤100
798673866859390,ETC TV,ETC TV,≤100
101516486048536,CDIS - Egypt Cybersecurity & Data Intelligence Systems Conference & Expo,CDIS Cybersecurity and Data Intelligence Conference and Expo,≤100
100835565731657,Ahmed Amin Massoud - أحمد أمين مسعود,Ahmed Amin Massoud - أحمد أمين مسعود,≤100
100847434858198,T h o u g h t s,محمد السيد عبد الستار,≤100
102883459081121,Mohamed Taher - محمد طاهر,Mohamed Taher - محمد طاهر,≤100
181524565276709,الهلال الأحمر المصري - Egyptian Red Crescent,الهلال الأحمر المصري - Egyptian Red Crescent,≤100
192320965049184,الإعلامية نيفين منصور,Nivine Mansour,≤100
2078786752154383,11:11 Δ,محمد السيد عبد الستار,≤100
110877857406073,المهندس حسام لبن,المهندس حسام لبن,≤100
108210648333964,محمود طاهر -Mahmoud Taher,محمود طاهر -Mahmoud Taher,≤100
154267278321057,Seen √,محمد السيد عبد الستار,≤100
273900239400893,نقابة المحامين المصرية,نقابة المحامين المصرية,≤100
102837117757192,Pak,محمد السيد عبد الستار,≤100
106450555171099,مجدي البري - Magdy Elbery,مجدي البري - Magdy Elbery,≤100
1934139156895621,د.خالد قنديل Dr.Khaled Kandel,Basel Noufal,≤100
666470146818916,مؤسسة جبر القلوب,Mohamed Elsafty,≤100
1480252372233398,سامح عاشور Sameh ashour,سامح عاشور Sameh ashour,≤100
555470847990930,سبق الإخبارية  - Sabaq News,سبق الإخبارية  - Sabaq News,≤100
105872082337085,الصفحه الرسمية للنائب أحمد عبدالجواد,ابراهيم احمد ابراهيم محمد,≤100
282421105588262,Alraees News- الرئيس نيوز,Kareem Ahmed Abdul Ghani,≤100
118932207798163,Rehab Eltehewy - رحاب التحيوي,حسين السيد,≤100
354968941204659,الدكتور أيمن أبو العلا عضو مجلس النواب,الدكتور أيمن أبو العلا عضو مجلس النواب,≤100
532134937722830,النائبة أميرة بهاء الدين أبو شقة,Gehad Ali,≤100
535371883202755,Freddy Elbaiady  صفحة فريدي البياضي,Freddy Elbaiady  صفحة فريدي البياضي,≤100
1632636017007559,Mohamed Mostafa Elsallab محمد مصطفي السلاب,Mohamed Mostafa Elsallab محمد مصطفي السلاب,≤100
102703968944759,مصر الآن,مصر الآن,≤100
106719921012688,Ahmed Bahaa Shalaby-أحمد بهاء شلبي,Integrated Marketing Communications For Media.IMC,≤100
2102862883129084,حجازى للاستشارات القانونية,حجازى للاستشارات القانونية,≤100
108312491417155,Panorama Economy,Sally Mazroua,≤100
101978821273549,حزب الجيل الديمقراطي,حزب الجيل الديمقراطي,≤100
103745798627292,المستشار ماهر ميلاد اسكندر,المستشار ماهر ميلاد اسكندر,≤100
595025640685644,النائبة شيرين عبد العزيز - Sherin abdelaziz,النائبة شيرين عبد العزيز - Sherin abdelaziz,≤100
103291013528894,Dr.Mokhtar Gomaa,Ahmed Zaatar,≤100
101586878327765,Hassanein Tawfiq - حسانين توفيق,Hassanein Tawfiq - حسانين توفيق,≤100
308088503057656,النائب محمود عصام,النائب محمود عصام,≤100
2005871762787043,Hello -.-,محمد السيد عبد الستار,≤100
459384307440544,Andersen in Egypt,Andersen in Egypt,≤100
105096455624550,Tamer abdelhamid - تامر عبد الحميد,Tamer abdelhamid - تامر عبد الحميد,≤100
104802299213779,مين قال؟,These ads ran without a disclaimer,≤100
746210718817176,فتحى عبد الغنى,فتحى عبدالغنى حامد عبدالشافى,≤100
470599159677235,Syria Direct سوريا على طول,These ads ran without a disclaimer,≤100
2204594589791982,A H M E D   K I K A R,These ads ran without a disclaimer,≤100