﻿Page ID,Page name,Disclaimer,Amount spent (PEN),Number of ads in Library
101665683225827,José Luna Gálvez - Pepe Luna,Laidy Diana Peceros Espinoza,7074,2
317113615022843,César Acuña,Cesar Acuña Peralta,2569,13
109019574560600,Aula Gaceta,Joel V. Supo Baldo,339,3
264223880347121,Lampadia Oficial,LAMPADIA,257,39
167878593236712,UNICEF en español,These ads ran without a disclaimer,≤100,1
140765589379192,Pedro Spadaro,El Callao Contigo Pedro Spadaro,≤100,2
534284396949027,Ilich López,Renzo Jireh Casas Torres,≤100,2
1629211737145398,Dr. José Carlos Ordoñez,Jose Carlos Ordoñez Castro,≤100,1
462790453744032,Sutep,Sindicato Unitario de Trabajadores en la Educación del Perú - SUTEP,≤100,11
107885935525274,Municipalidad Distrital de El Algarrobal 2023-2026,Municipalidad Distrital de El Algarrobal 2023-2026,≤100,1
235551359867840,CooperAcción,CooperAcción,≤100,1
1805183599788143,Silvia Monteza,Héctor Melgar Sandoval,≤100,2
316564475960113,Estudio Jurídico Tarazona & Asociados,Diego Alberto Isla Yengle,≤100,2
621812997939276,Partido Morado,Partido Morado,≤100,4
141796229342716,Comexperu,These ads ran without a disclaimer,≤100,1
1729728707258166,Gabriel Antonio Madrid Orue,Gabriel Antonio Madrid Orue,≤100,3
110084835426195,Tarotista de ayuda espiritual,Sebastian Sanchez,≤100,2
687691121319854,Ernesto Álvarez Miranda,Ernesto Julio Alvarez Miranda,≤100,2
101389508553116,Joel Chinchazo,Eber Elias Pari Paccori,≤100,1
250852305414229,Revista VOZ - Perú,Ramon Herrera,≤100,4
342664855864,Consorcio de Investigación Económica y Social,Consorcio de Investigación Económica y Social,≤100,2
253518258580731,Pucallpa 2.0 - Noticias,Pucallpa 2.0 - Noticias,≤100,1
109808225725403,DAR Perú,DAR Perú,≤100,1
1650216218535063,Oceana Perú,Oceana Perú,≤100,1
330308820924985,Joshie,Joshie,≤100,2
102471834787899,Manuel Encalada,Manuel Alfonso Encalada Oncihuay,≤100,2
115516621418371,Municipalidad de Independencia,Municipalidad de Independencia,≤100,1
108287168612672,Anapaola Bendezu Consejera Regional,Anapaola Bendezu Consejera Regional,≤100,1
270194287073872,Beatriz Madrid,Beatriz Madrid Amayo,≤100,1
101053675911037,Fabri & Asociados Consultoría Política y de Mercadeo,Whilber Eugenio Huallanca Conde,≤100,1
233907653731511,Fuego Cruzado en Chincha,Enzo Antolin Seminario Mendez,≤100,2
108226268491370,ValCorp Inmobiliaria,ValCorp Inmobiliaria,≤100,1
118733394545067,Victor Raul Solorio Neira,These ads ran without a disclaimer,≤100,1
110017409083497,"""Area Para el Desarrollo en Valores Humanos"" (Instituto Sai Peru)",Juan Carlos Ponce de León Aguirre,≤100,1
282609205261913,Soy Rico,These ads ran without a disclaimer,≤100,2
501011359923743,IDL-Instituto de Defensa Legal,Jose Del Carmen Rojas Chuya,≤100,1
113857973395461,Luis Angel Aragón - Congresista de la República,Diego Alonzo Alvarez Guevara,≤100,2
100868325382148,Elizabeth Taipe Coronado - Congresista,Daniel Franklin Quispe Aguilar,≤100,1
131189377574,MDPI,These ads ran without a disclaimer,≤100,2
196140697656186,Len Corell,Ricardo Felix Coral,≤100,1
100613652687537,Cohesión,Chani Mejia,≤100,1
104723341438240,EnRumbo Noticias,EnRumbo Noticias,≤100,1
110409148102552,Nilza Chacón Trujillo,Nilza Chacón Trujillo,≤100,1
311493179348947,Los Expertos en Negocios,These ads ran without a disclaimer,≤100,1
200857600643943,Intercambio,Compañía de Jesús Provincia Del Perú,≤100,1
494683000983271,Dr. Marco Ramos,Marco Ramos,≤100,1
200561513351250,Municipalidad Provincial de San Martín,Edgar Rios Espinoza,≤100,1
107113751924466,Energía solar - CIA,These ads ran without a disclaimer,≤100,1
112155317356530,Miguel Salcedo,Miguel Angel Salcedo Ugalde,≤100,1
101068718301342,Lecturas Con Propósito,These ads ran without a disclaimer,≤100,1
417661094920749,Mas Que Consumidores,Abdon César Augusto Delgado La Cotera,≤100,1
113433565101542,Partidoliberaldemocrataperuano,These ads ran without a disclaimer,≤100,1
115558841819514,IEP - Instituto Europeo de Posgrado,These ads ran without a disclaimer,≤100,1
106992228110513,AyMamucha,These ads ran without a disclaimer,≤100,1
100696535974513,Somos U'wa,These ads ran without a disclaimer,≤100,1
1065631633538453,Physicians Across Continents,These ads ran without a disclaimer,≤100,3
861112583913833,Centro Médico,These ads ran without a disclaimer,≤100,1
105793275669540,Abner Ribai,These ads ran without a disclaimer,≤100,1
2535216276502759,Beeok,These ads ran without a disclaimer,≤100,1
155174084508744,Banque mondiale,These ads ran without a disclaimer,≤100,1
149290745229517,Online Antisemitism Task Force,These ads ran without a disclaimer,≤100,1
115649862149219,Francisco Lo Presti,These ads ran without a disclaimer,≤100,1
250305668489402,Professor Kenny,These ads ran without a disclaimer,≤100,2
105073207967492,CTG Perú,These ads ran without a disclaimer,≤100,1
100374392742057,Weregreenly- Magazine,These ads ran without a disclaimer,≤100,1
299227550122220,Radio Cina Internazionale,These ads ran without a disclaimer,≤100,1
101349122508290,Dr Sanquetta,These ads ran without a disclaimer,≤100,1
1473321922884514,Chińskie Radio Międzynarodowe,These ads ran without a disclaimer,≤100,1
175519314009317,Emoji Editor,These ads ran without a disclaimer,≤100,2
608650595820049,The Conqueror Challenges,These ads ran without a disclaimer,≤100,1
565225540184937,CGTN,These ads ran without a disclaimer,≤100,1
149421481734737,"ACNUR, la Agencia de la ONU para los Refugiados",These ads ran without a disclaimer,≤100,1
237650313048963,China Admissions,These ads ran without a disclaimer,≤100,1
124252504303223,UNICEF (FR),These ads ran without a disclaimer,≤100,1
116498648031809,Vmp-zz-p07,These ads ran without a disclaimer,≤100,1
100399056233121,Maisa Paiva,These ads ran without a disclaimer,≤100,1
247814622457831,Zucami Poultry Equipment,These ads ran without a disclaimer,≤100,1
358442097543367,Materia,These ads ran without a disclaimer,≤100,1
112957186910938,Brain Games,These ads ran without a disclaimer,≤100,1
405379246524515,DHL Express,These ads ran without a disclaimer,≤100,1
106191587594901,Bowmasters,These ads ran without a disclaimer,≤100,2
117243838035985,Vmp-us-032,These ads ran without a disclaimer,≤100,1
106023561360444,Retailgroup,These ads ran without a disclaimer,≤100,1
106235325741468,Fce-gl-028,These ads ran without a disclaimer,≤100,1
984203991753488,Research Outreach,These ads ran without a disclaimer,≤100,1
106031405749393,Cvx-gl-004,These ads ran without a disclaimer,≤100,1
1702138929926817,Mongabay Latam,These ads ran without a disclaimer,≤100,1
152914224736727,Banco Mundial,These ads ran without a disclaimer,≤100,1
135073411731685,BBBgamers LiveShow,These ads ran without a disclaimer,≤100,1