﻿Page ID,Page name,Disclaimer,Amount spent (TRY)
100910024639566,Ali Babacan,Deva Partisi,737
407370093070640,Kemal Bilal ÖNER,Markam Reklam,390
427667890724620,Tarkan Akıllı,Tarkan Akıllı,239
102095934751904,Deva Partisi,Deva Partisi,141
107320531927896,clinicmedal,These ads ran without a disclaimer,≤100
105376981385020,Referandom,Referandom,≤100
506107706201274,Antalya Esnaf ve Sanatkarlar Odaları Birliği,Antalya Esnaf ve Sanatkarlar Odaları Birliği,≤100
191453580768,Yeni Şafak,Piri Medya Anonim Sirketi,≤100
1439683329600228,Ümit Uysal,Ümit Uysal,≤100
100345912204104,Nuri Cengiz,Cumhuriyet Halk Partisi,≤100
111162852275902,Uluslararası Af Örgütü Türkiye Şubesi,Uluslararası Af Örgütü Türkiye Şubesi,≤100
100665102848993,Gün Gün Kurtuluş,İlker  Tanrıverdi,≤100
148710035692101,akdeniztelgraf.com,Deniz Demirel,≤100
180404128680446,Dr. Şadi YAZICI,Dr. Şadi YAZICI,≤100
105964802425581,Dr Sabri Metin-İYİ Parti Antalya Milletvekili Aday Adayı,Sabri Metin,≤100
108552928182311,Al Sancak Partisi,Nuri Çelebi,≤100
106879338020716,Halk Ajans,Resul Mesut Büyüksarı,≤100
1104153776387884,Halk Haber Ajansı,Resul Mesut Büyüksarı,≤100
314386289265240,Ali Zafer İksir,ALİ ZAFER İKSİR,≤100
101770559346670,Emre Topal,Emre Topal,≤100
100516989042507,Balıkesir Posta TV,Ahmet Namlı,≤100
100930021431743,Gazete Kolektif,Ercan Erdal,≤100
144096473392,Yeşil Gazete,Yeşil Gazete,≤100
103167881182863,Temiz Enerji Haber Portalı,Temiz Enerji Haber Portalı,≤100
107924807410702,Samet Bağcı,Samet Bağcı,≤100
283657205667155,Mustafa Ali Fırtına,Mustafa Ali Firtina,≤100
755201084826878,Aşkın Tören,Aşkın Tören,≤100
104267921764717,Deva Partisi Trabzon İl Başkanlığı,Kubilay Çiçek,≤100
104691722197784,صحيفة الاستقلال - العربية,صحيفة الاستقلال,≤100
107088348866304,Haberde.com.TR,Murat Ocak,≤100
1614212022160759,Fehmi Yağlı,Fehmi Yagli,≤100
167633913392268,Kolejliler,Fırat Yıldız Ahmet,≤100
511707202180465,Kangal Aşkk'tır,Fırat Yıldız Ahmet,≤100
106789305232883,وكالة الشرق الأوسط الإخبارية,وكالة الشرق الأوسط الإخبارية,≤100
319374238130637,Osman Gürün,Osman Gurun,≤100
737340966376001,Metin Kala,Metin Kala,≤100
413113452433564,Cengiz Gökçel,Cengiz Gökçel,≤100
108390012832175,Fatih Akkentli,Atacan Özbay,≤100
103098904742608,Murat Serdar Koç,Murat Serdar Koc,≤100
298764070816267,Mehmet Tütüncü,Mehmet TÜTÜNCÜ Türkiye Temsilcisi,≤100
834954409860187,Gamze Akkuş İlgezdi,Gamze Akkuş İlgezdi,≤100
465887546792664,Halkın Kurtuluş Partisi - HKP,TAYFUR BİN,≤100
219031704851494,SAS (Satın Almayın Sahiplenin),Fırat Yıldız Ahmet,≤100
104720632449919,Tarihte Bugün,Taha Gümüştaş,≤100
113229965003082,AK Parti/MHP/BBP Cumhur İttifakı,Erol Cihangir,≤100
104373561467884,Serhat Servet Dövenci,Serhat Servet Dövenci33,≤100
1572709256359993,İnternethaber TV,HADİ ÖZIŞIK,≤100
1028368393892777,Mehmet Ali Özkan,Mehmet Ali ÖZKAN,≤100
104790481715851,ازجمله,Azjomle,≤100
276652289141318,OSMAN KOZAN,Osman Kozan,≤100
210201242899593,Ayhan Demircioğlu,Ayhan Demicioglu,≤100
107184060866156,Limitsiz Bilgi,These ads ran without a disclaimer,≤100
190217144502606,Av. Sinan Tekin,Sinan Tekin,≤100
101315571670453,Webagron Tarımsal İçerik Platformu,Webagron Tarımsal İçerik Platformu,≤100
106813058910369,Kayserigazetesi,These ads ran without a disclaimer,≤100
463215923715177,Mehmet Yiğiner,Bekir Koyuncu,≤100
1952748275030916,Kürşad Mithat ÖZKAN,Kursad Mithat Ozkan,≤100
103242465883835,Ulusal Teknokrasi,These ads ran without a disclaimer,≤100
106134709001342,interhaber24istanbul,These ads ran without a disclaimer,≤100
100946038506009,Lincoln Global Partners,These ads ran without a disclaimer,≤100
102178899406051,balkanbooks,These ads ran without a disclaimer,≤100
106475102381122,T.C͏ M͏a͏l͏iy͏e B͏a͏k͏a͏n͏l͏ıg͏ı,These ads ran without a disclaimer,≤100