﻿Page ID,Page name,Disclaimer,Amount spent (USD)
104774488921639,Urur Siyaasadeedka Barwaaqo,Barwaaqo Party,≤100
565225540184937,CGTN,These ads ran without a disclaimer,≤100
2837764189598956,Kayd Media Pro,These ads ran without a disclaimer,≤100
169687486427698,Jentezen Franklin,These ads ran without a disclaimer,≤100
33575580843,Microsoft Research,These ads ran without a disclaimer,≤100
108655461411377,Valter Studio,These ads ran without a disclaimer,≤100
101474672367263,YouthxYouth,These ads ran without a disclaimer,≤100
1352874084790500,Fresenius Kabi,These ads ran without a disclaimer,≤100
229584730414018,VenSai Enterprises Inc.,These ads ran without a disclaimer,≤100
1509413712605916,ICAO - International Civil Aviation Organization,These ads ran without a disclaimer,≤100