﻿Page ID,Page name,Disclaimer,Amount spent (RON)
291177524360702,Partidul Social Democrat,Partidul Social Democrat,102
1395939193764858,Marcel Ciolacu,Partidul Social Democrat,≤100
990747367737692,Cătălin Drulă,Uniunea Salvați România,≤100
275621429636078,Fără Penali în Funcții Publice,Fără Penali în Funcții Publice,≤100
181375448581167,Partidul Naţional Liberal,Partidul Național Liberal,≤100
116657837994402,Partidul Câmpina Curată,Partidul Câmpina Curată,≤100
697451833786949,Mihai Polițeanu,Mihai Polițeanu,≤100
178362315106,European Parliament,European Parliament,≤100
121759081312663,Cătălina Bozianu,PMP Prahova,≤100
321890494859228,Vlad Gheorghe,Vlad Gheorghe,≤100
107369645508297,Partidul Forța Dreptei Vâlcănești,Partidul Forța Dreptei Vâlcănești,≤100
114319753592403,AFACERI.news,Trend Communication,≤100
146599018696771,NATO,NATO,≤100
147547541961576,Council of the European Union,Council of the European Union,≤100
149371012371397,Newsweek Romania,Newsweek Romania,≤100
686190454826244,Declic,Declic,≤100
1157480384268430,Partidul Umanist Social Liberal PUSL Sediul Central,Partidul Umanist Social Liberal,≤100
100169172537158,Forța Dreptei - Prahova,Forța Dreptei - Prahova,≤100
333606539787,UNICEF Romania,UNICEF Romania,≤100
163943696987223,Ziarul Puterea,Ziarul Puterea,≤100
2064288360250441,Andres Speditions,ANDRES SPEDITIONS SRL,≤100
278117815576023,EU Justice and Consumers,EU Justice and Consumers,≤100
106658920962277,Cotinescu Aurelian,Cotinescu Aurelian,≤100
731035500293728,Siegfried Muresan,Siegfried Muresan,≤100
104369154745548,Diana Stoica,Diana Stoica,≤100
102743169253473,Reciclăm în România,Reciclăm în România,≤100
105478525821976,Gheorghe Cârciu,Partidul Social Democrat,≤100
364996840328403,Asociația Liga Albanezilor din România,ALAR,≤100
109445158308624,De fapt,DeFapt.ro,≤100
100253672075886,Madalina Preda Lash Academy & Salon,These ads ran without a disclaimer,≤100
108295090637741,ASAP România,Fundatia The Institute,≤100
186612088034700,Facias - Fundatia pentru Apararea Cetatenilor Impotriva Abuzurilor Statului,FACIAS,≤100
138896782840976,Biroul Parlamentului European în România,Biroul Parlamentului European în România,≤100
104417752138292,Claudiu Târziu,Claudiu Târziu,≤100
114237203329659,Lucian Sova,Lucian Sova,≤100
1156150484398630,MozaiQ,MozaiQ,≤100
156340704384115,Aspen Institute Romania,Aspen Institute Romania,≤100
100984538456634,Florin Barbu,Florin Barbu,≤100
360828814115641,Asociatia Slujire Crestina,Asociatia Slujire Crestina,≤100
181221645364365,Carmen Avram,Carmen Avram,≤100
111105537419564,Oana Murariu,Oana Murariu,≤100
110401986983638,Daniel Blaga,Daniel Blaga,≤100
360184320712594,Raluca Turcan,Partidul Naţional Liberal,≤100
260365460647855,Mircea Geoana,Mircea Geoana,≤100
527351247377965,European Committee of the Regions,European Committee of the Regions,≤100
121357538490187,Tineri Europeni / Young Europeans Romania,Junimea Europeană Federalistă,≤100
211931302217969,Organizația Umanitară CONCORDIA,Organizația Umanitară CONCORDIA,≤100
110410867220680,Raoul Trifan,USR Timiș,≤100
1190871690932388,New Star Online TV,NewStarOnlineTV,≤100
162507013765047,Editura Spandugino,SC EDITURA SPANDUGINO SRL,≤100
109983011774065,Proiectul Romania 2030,Sociallite Media Solutions,≤100
1128229287275038,Silvia Dinică,Silvia Dinică,≤100
205001282852200,Milvus Group,Asociatia GRUPUL MILVUS,≤100
100652609752169,Proiect PROeducatie,Webshake SRL,≤100
220579784732993,Daniel Buda,Daniel Buda,≤100
341037705981172,Humanitas,Humanitas,≤100
1750327845246533,USR Maramureș,USR Maramureș,≤100
1145522045624751,Filip Havarneanu,Filip Havarneanu,≤100
289324877762564,Expert Forum (EFOR),Expert Forum (EFOR),≤100
101462959574536,Agrocentrala,Agrocentrala,≤100
104550061381109,Political.RO,Political.RO,≤100
109219267650851,Patriciu Achimaș-Cadariu,Patriciu Achimaș-Cadariu,≤100
102410783138358,Anuntul Telefonic,Anuntul Telefonic SRL,≤100
102106432515274,Partidul Patriotilor,Partidul Patriotilor,≤100
2443020582586584,Romania Eficienta,Romania Eficienta,≤100
821269587938298,Alina Gorghiu,Alina Gorghiu,≤100
104321838832682,10TV România,10TV România,≤100
1559885467641191,Râul Alb,Râul Alb,≤100
117322552293013,Volt România,Volt Romania,≤100
137651470305528,Federația Patronală Petrol și Gaze,Federatia Patronală Petrol și Gaze,≤100
100491781650498,Premierul Nostru,Premierul Nostru,≤100
344517529430253,Senatul Științific,Senatul Stiintific,≤100
189728367297,WWF Romania,WWF Romania,≤100
1214971831975446,Upgrade 100,Upgrade 100,≤100
100750288081463,Partidul România în Acțiune,Partidul Romania in Actiune,≤100
494469087244449,Eugen Tomac,Eugen Tomac,≤100
584344544984686,Constructii Erbasu,These ads ran without a disclaimer,≤100
101254968456255,Călin Gheorghe Maties-senator,Călin Gheorghe Maties-senator,≤100
109849657256655,60m.RO,60M.RO,≤100
552203444833617,e.on,These ads ran without a disclaimer,≤100
174794259264098,FDP - Protagoniști în educație,Asociația FDP - Protagoniști în Educație,≤100
582876612392374,Hotel Ceres Pucioasa,Hotel Ceres Pucioasa,≤100
100283236029049,Scutul.ro,Scutul.ro,≤100
600025356762034,Carina Pflege Locuri de munca Germania,Olimpia Schugar,≤100
201920416986321,EM360 Studio,EM360 cu Adi Maniutiu,≤100
103720355096432,ProPublica.RO,ProPublica.RO,≤100
708954802458499,Partidul Miscarea Populara Turda,These ads ran without a disclaimer,≤100
174434106304018,USR Galați,USR Galați,≤100
153754291326316,Calea Europeană,European Media Connections,≤100
169962753021439,A.L.E.G.,A.L.E.G.,≤100
163950740830769,Gaz De Romania,Gaz De Romania,≤100
106987571095480,Alcalia Romania,These ads ran without a disclaimer,≤100
1161590740517881,Tomis News,Tomis News,≤100
101763692272709,Avocat Ciuchi Elena-Corina,Cabinet de Avocat CIUCHI Elena-Corina,≤100
111683464064929,Sergiu Mihalcea,Sergiu Mihalcea,≤100
109097618335138,Eduard Mititelu,Eduard Mititelu,≤100
420715668274767,LARICS - Laborator pentru Analiza Războiului Informaţional,LARICS,≤100
106487191290704,Constanta 100% - CT100.ro,Constanta 100%,≤100
103485715128042,Gazetarii.RO,Gazetarii.RO,≤100
116634326439880,Mindcraft Stories,Mindcraft Stories,≤100
1560147330888040,Winkler Gyula,Winkler Gyula,≤100
219945448554768,Ministerul Investitiilor si Proiectelor Europene,Ministerul Investitiilor si Proiectelor Europene,≤100
502514186907494,Apa Noastră,Apa Noastră,≤100
100752815283032,Anchetatorii.ro,Anchetatorii.RO,≤100
1724781964475116,Lavinia Cosma,Lavinia Cosma,≤100
321896004518929,Ioan Mang,Ioan Mang,≤100
101161965173287,Ropres.RO,Ropres.ro,≤100
110714784883015,Bogdan Dumea,Bogdan Dumea,≤100
653818844660160,In prima linie,These ads ran without a disclaimer,≤100
103742842531634,Agentiadeinformatii.ro,AgentiadeInformatii.ro,≤100
360605380321,Mai bine,These ads ran without a disclaimer,≤100
105860297893714,Alin Prunean,Alin Prunean,≤100
1046576302107963,Ciprian Serban,Ciprian Serban,≤100
103164392708198,Alexandru Neagu,Alexandru Neagu,≤100
103050792433624,Andrei Cristinel Negru,Acn Insurance Srl,≤100
101983854866860,DigiPres,DIGIPRES.RO,≤100
114178404899781,Volt București,Volt București,≤100
1802656310012700,Constantin Şovăială,Constantin Şovăială,≤100
675042232534141,Vincze Loránt,Vincze Loránt,≤100
699756933795757,VoxiKids & VoxiClinic,These ads ran without a disclaimer,≤100
1634415100191327,Oana Marciana Özmen,Oana Marciana Özmen,≤100
945290092249958,Marius Horia Țuțuianu,Marius Horia Țuțuianu,≤100
106977887628728,Alianța pentru Unirea Romanilor Ialomița,SustinatoriiAUR,≤100
144709575593854,EESC - European Economic and Social Committee,EESC - European Economic and Social Committee,≤100
123223250756707,Stamp out War,These ads ran without a disclaimer,≤100
141820739329241,UNHCR România,These ads ran without a disclaimer,≤100
111300113903116,The Solomon Effect,These ads ran without a disclaimer,≤100
1417693954961034,Nario,These ads ran without a disclaimer,≤100
108046788363445,Apuseni Spirit,These ads ran without a disclaimer,≤100
103359025738044,Justice Initiative Romania,These ads ran without a disclaimer,≤100
363188807102,AXN Romania,These ads ran without a disclaimer,≤100