﻿Page ID,Page name,Disclaimer,Amount spent (NIO)
101995169082388,Embajada de China en Nicaragua,Lino Alvarado,102
856012741442139,Ipas LAC,Neuma,≤100
131602424169035,Oxfam en Español,These ads ran without a disclaimer,≤100
123279176118,DHgate,These ads ran without a disclaimer,≤100
106917315589954,Vera Alfaro,These ads ran without a disclaimer,≤100
102368071158002,Solis Latam,These ads ran without a disclaimer,≤100
1509413712605916,ICAO - International Civil Aviation Organization,These ads ran without a disclaimer,≤100
108625789179165,Soi Dog Foundation,These ads ran without a disclaimer,≤100