﻿Page ID,Page name,Disclaimer,Amount spent (CLP)
231350380299380,Las Últimas Noticias (LUN),Las Últimas Noticias (LUN),19239
109615570880157,Luciano Rivas Stepke,Luciano Rivas,18131
103527991214141,Cero DICOM,Cero Dicom,9249
106404409149887,Fundación Redecap,Fundación Redecap,7826
580663538777736,Consejo Minero,Feedback Comunicaciones,7818
256214294989170,DaleProfe,daleProfe,4093
105783868682878,Asistencia Tesorería,Asistencia Tesoreria,3526
1548643738480723,Asistencia Deudores,Asistencia Deudores,3261
386423238164424,Enel Chile,Enel Chile,2500
1409821842658101,Merlín Research,Merlín Research,2129
228557190541436,BancoEstado,BancoEstado,1740
558224964238853,Anglo American,Anglo American,1506
78617029137,Greenpeace Chile,Fundación Greenpeace Pacífico Sur,1338
246478779511291,Lex Grupo Abogados,Lex Grupo Abogados,1078
78239901502,Diario Financiero,Grupo DF,802
200033693376679,Norte Verde,Inmobiliaria Norte Verde Spa,802
184559421980613,Vlado Mirosevic,Vlado Mirosevic,802
419006974914571,Facultad de Agronomía e Ingeniería Forestal UC,Facultad de Agronomía e Ingeniería Forestal UC,744
922533087852291,Luis Malla Diputado,Luis Malla Diputado,702
100645555080281,Academia Nacional de Litigación,Academia Nacional de Litigación,689
112414063439760,DeliBest Chile,Brecha Digital Consultores,489
386634201382499,Marco Enriquez-Ominami,Marco Enríquez-Ominami,473
106876844324420,kws.chile,Semillas KWS Chile Ltda,473
198921630648476,Vidrios Lirquén,Vidrios Lirquen,426
295886120554128,Polpaico,Cemento Polpaico SA,421
112807428278414,Vivamos Lautaro,These ads ran without a disclaimer,261
181189911970230,Alberto Undurraga V,Alberto Undurraga V,154
110405624650830,Chile En La Encrucijada,Chile En La Encrucijada,153
160041474192578,Bernardo Berger,Bernardo Berger Fett,104
120295334652273,Enrique Van Rysselberghe Herrera,Enrique Van Rysselberghe Herrera,104
221901754840837,Acciona.Chile,ACCIONA Chile,104
1101427233255754,Christopher White,Christopher White Bahamondes,≤100
101180752297383,Gustavo Benavente Diputado,Gustavo Benavente Diputado,≤100
968772086505075,Gerardo Espíndola Rojas,Gerardo Espíndola Rojas,≤100
1384455488528563,Sociedad Nacional de Minería,Sociedad Nacional de Minería,≤100
220236561437105,Fundación MERI,Fundación Caserta,≤100
1051257695025495,PacificBlu,These ads ran without a disclaimer,≤100
496466783840953,Alejandra Sepúlveda Mujer de Trabajo,Alejandra Sepúlveda Mujer de Trabajo,≤100
103030962615298,Chile YAAC,Chile YAAC,≤100
101443865184651,Marianella Benavides Concejala Los Andes,Marianella Benavides Concejala Los Andes,≤100
329983507923908,Psicologa Consuelo Mujica,These ads ran without a disclaimer,≤100
109935484803442,elalvarofuentes,These ads ran without a disclaimer,≤100
100925928305320,SOMOS,SOMOS,≤100
108523631002340,Loreta Villegas- Consejera Regional Aysen,Loreta Villegas- Consejera Regional Aysen,≤100
94340934765,LarrainVial,These ads ran without a disclaimer,≤100
107276001017097,Libros al Paso,These ads ran without a disclaimer,≤100
294017310722101,Senador Dupont,These ads ran without a disclaimer,≤100
572161723127136,Copsa Chile,COPSA Chile,≤100
100522329780892,Secretaría de Salud,These ads ran without a disclaimer,≤100
209448929103954,Ministerio de Educación,These ads ran without a disclaimer,≤100
112089607203762,Consejo del Salmón,Consejo del Salmón,≤100
105409475569811,AO Recon Latin America,These ads ran without a disclaimer,≤100
154785904692548,SalmonChile,SalmonChile,≤100
107151211758954,Investing Revista,These ads ran without a disclaimer,≤100
107756041807121,oxfam_es,These ads ran without a disclaimer,≤100
105725594737658,Biosfera Austral,These ads ran without a disclaimer,≤100
1306086469482572,Ricardo Miranda,These ads ran without a disclaimer,≤100