﻿Page ID,Page name,Disclaimer,Amount spent (USD)
293384094915450,جريدة الحراك الإخباري,جريدة الحراك الإخباري,≤100
102992285280678,الصفحة الرسمية للسيد النائب نوري سفيان,الصفحة الرسمية للسيد النائب نوري سفيان,≤100
985246578276059,هشام صفر Hichem Sifer,هشام صفر Hichem Sifer,≤100
385373441546595,Patrick Blessinger,These ads ran without a disclaimer,≤100
995765983772115,Dzair Tube,Dzair Tube,≤100
427787940590188,Радио Китай,These ads ran without a disclaimer,≤100
1539423449628439,شبكة أصدقاء فلسطين,These ads ran without a disclaimer,≤100
151409322217001,Berlin School of Business & Innovation - BSBI,These ads ran without a disclaimer,≤100
405379246524515,DHL Express,These ads ran without a disclaimer,≤100