﻿Page ID,Page name,Disclaimer,Amount spent (USD)
196147304347721,Prime Times HD,Anil Dhamala,≤100
133482878886388,Digital House Nepal,These ads ran without a disclaimer,≤100
104614299337071,Earth Savers,These ads ran without a disclaimer,≤100
104955681237722,Global Peace Chain - Team Nepal,These ads ran without a disclaimer,≤100
111679394767549,المشروع القومي لمشتقات البلازما,These ads ran without a disclaimer,≤100
281353738575820,International Compliance Association,These ads ran without a disclaimer,≤100
9179830029,Queen Mary University of London,These ads ran without a disclaimer,≤100
107710532130419,नयाँ समाचार नेपाल,These ads ran without a disclaimer,≤100
227337655573,Radio Pulpit / Radiokansel,These ads ran without a disclaimer,≤100