﻿Page ID,Page name,Disclaimer,Amount spent (USD)
102992285280678,الصفحة الرسمية للسيد النائب نوري سفيان,الصفحة الرسمية للسيد النائب نوري سفيان,≤100
100521781491273,منتدى الأوراس للتضامن و التنمية,منتدى الأوراس للتضامن و التنمية,≤100
175590267993,Al Majalla,These ads ran without a disclaimer,≤100
995765983772115,Dzair Tube,Dzair Tube,≤100
103659765532260,華夏focus,These ads ran without a disclaimer,≤100
410216845762795,Ground Level Ministries,These ads ran without a disclaimer,≤100
31292782350,Deutschland.de,These ads ran without a disclaimer,≤100