﻿Page ID,Page name,Disclaimer,Amount spent (USD)
293384094915450,جريدة الحراك الإخباري,جريدة الحراك الإخباري,≤100
340577086006224,CRI German,These ads ran without a disclaimer,≤100
995765983772115,Dzair Tube,Dzair Tube,≤100
104140320927199,قناة الإنتصار TV,قناة النصر TV,≤100
103445618976184,مدرسة المهن مستغانم,مدرسة المهن مستغانم,≤100
107329544831360,Commission on Human Rights Region 02,These ads ran without a disclaimer,≤100