﻿Page ID,Page name,Disclaimer,Amount spent (EUR)
413481085342507,Lidl Hellas,These ads ran without a disclaimer,≤100
91654723211,Mihalis Katrinis,Mihalis Katrinis,≤100
187177148001601,Κωνσταντίνος Καραγκούνης,Κωνσταντίνος Καραγκούνης,≤100
534857483700841,Πέτρος Ψωμάς - σπιράλ δημοτική παράταξη,Psomas Petros,≤100
100989056256058,Νέα Εποχή - Νέα Αρχή - Δύναμη Ευθύνης,Νέα Εποχή Νέα Αρχή,≤100
192906947432657,Protagon.gr (official),Protagon.gr (official),≤100
139872412072,Coca-Cola 3E,COCA-COLA ΤΡΙΑ ΕΨΙΛΟΝ ΕΛΛΑΔΟΣ Α.Β.Ε.Ε.,≤100
101645014635556,Εξ-όρμηση,Εξ-όρμηση,≤100
159977541380043,The President,The President,≤100
100594876298378,Θανάσης Λύρος - Υποψήφιος Δήμαρχος Ι. Π. Μεσολογγίου,Θανάσης Λύρος - Υποψήφιος Δήμαρχος Ι. Π. Μεσολογγίου,≤100
178362315106,European Parliament,European Parliament,≤100
227289347288526,Bodossaki Foundation - Ίδρυμα Μποδοσάκη,BODOSSAKI FOUNDATION,≤100
68078766209,Public,Public,≤100
91877963116,WWF Greece,WWF Greece,≤100
102175189751,gazzetta.gr,Gazzetta,≤100
404183552993057,newmoney.gr,newmoney.gr,≤100
31324524225,Greenpeace Greece,Greenpeace,≤100
104692221824082,Energymag.gr,Energymag,≤100
287878625015994,Reader.gr,Reader.gr,≤100
107822342225787,Δύναμη Ελπίδας - Γιώργος Τσουρουνάκης,Δύναμη Ελπίδας - Γιώργος Τσουρουνάκης,≤100
1438293789797221,ecoelastika,ecoelastika,≤100
1784302725130457,Ahmadiyya Muslim Community Greece,Ahmadiyya Muslim Community Greece,≤100
1435774093378846,HuffPost Greece,HuffPost Greece,≤100
117037629671698,BusinessDaily,Business Daily,≤100
2219917241402396,Γιάννης Μαντζουράνης,Γιάννης Μαντζουράνης,≤100
108950054276789,GEK TERNA Group of Companies,GEK TERNA GROUP,≤100
103057864872953,Radar,Radar.gr,≤100
103754084863302,Εκδόσεις Επίκεντρο,Εκδόσεις Επίκεντρο,≤100
186848962521,capital.gr,www.capital.gr,≤100
104299506270374,Euro2day,Euro2day,≤100
1748153855406537,vradini.gr,vradini.gr,≤100
134135906635470,newsbomb.gr,newsbomb.gr,≤100
2428107534084155,DailyPost.gr,ΝΟΗΣΙΣ ΙΚΕ,≤100
106166152026060,olafaq.gr,olafaq.gr,≤100
106166152026060,olafaq.gr,olafaq.gr,≤100
109167905361203,UNIC Greece,These ads ran without a disclaimer,≤100
103565049156233,"Όλγα Δασκαλή - Ισχυρός Δήμος, Δυνατές Κοινότητες, Ευημερία Πολιτών","Όλγα Δασκαλή - Ισχυρός Δήμος, Δυνατές Κοινότητες, Ευημερία Πολιτών",≤100
117072912198,protothema.gr,protothema.gr,≤100
585204998167664,Ευρωπαϊκό Πολιτιστικό Κέντρο Δελφών / European Cultural Centre of Delphi,European Cultural Centre of Delphi,≤100
407314116092988,Πέτη Πέρκα,Πέτη Πέρκα,≤100
111151151051341,Debater,debater,≤100
104871439107989,Justice Initiative Greece,Justice Initiative Greece,≤100
2127727860849871,Σπύρος Ριζόπουλος,Σπύρος Ριζόπουλος,≤100
103632234476485,Digital Mall,PROothisi,≤100
224407310782,Εκδόσεις Διόπτρα - Dioptra Publications,Εκδόσεις Διόπτρα,≤100
551917914903015,ekriti.gr,ekriti.gr,≤100
100506899670585,Exit-poll.gr,EXIT-POLL.GR,≤100
1375259192718674,The TOC,The TOC,≤100
359612061446497,iEidiseis.gr,NEWSROOM Α.Ε.,≤100
381289095967251,Panos Reppas - Παναγιώτης Ρέππας,Panos Reppas - Παναγιώτης Ρέππας,≤100
240199722469,The Best Portal,THE BEST net I.K.E. (ΕΝΗΜΕΡΩΣΗ ΕΠΙΚΟΙΝΩΝΙΑ THE BEST I.K.E.),≤100
527351247377965,European Committee of the Regions,European Committee of the Regions,≤100
10348684611,Esquire Greece,Esquire Greece,≤100
678055682365338,Allianz Greece,These ads ran without a disclaimer,≤100
107098807881409,Political.gr,POLITICAL,≤100
191397164262410,Foreign Affairs Hellenic Edition,Foreign Affairs Hellenic Edition,≤100
1727608780803972,Λογιστικός Σύλλογος Αθηνών,Λογιστικός Σύλλογος Αθηνών,≤100
1796286800600041,Mobile Info Team for refugees in Greece - الفريق المتنقل لمعلومات اللاجئين,Mobile Info Team for refugees in Greece - الفريق المتنقل لمعلومات اللاجئين,≤100
165508056809834,Το Παρασκήνιο,Το Παρασκήνιο,≤100
1392597604345375,Άννα Ραφτοπούλου Υποψήφια Δήμαρχος Σπάτων - Αρτέμιδας Ανασσα,Άννα Ραφτοπούλου Υποψήφια Δήμαρχος Σπάτων - Αρτέμιδας,≤100
1004900052864353,mononews.gr,mononews.gr,≤100
1903473413254089,Vagelis Papakonstantinou,Vagelis Papakonstantinou,≤100
109468948773265,Capitol17 Athens Office,Concept Labs,≤100
105249502133823,Election Leaders - Πολιτικό Marketing,Election Leaders,≤100
1803155206621023,Documento,Documento Media,≤100
210169075756340,newsauto.gr,newsauto.gr,≤100
674103179323981,Μίνα Καούνη & Συνεργάτες,Μίνα Καούνη & Συνεργάτες,≤100
104172728093075,TERNA ENERGY,Terna Energy,≤100
109564841620815,Localwatch,Localwatch,≤100
427461580226,iatronet,Iatronet Ltd,≤100
107718178601878,Banks.com.gr Business News,ETHOS MEDIA,≤100
368217916600933,Αγγειοχειρουργός  Νίκος Παρασκευάς,Αγγειοχειρουργός  Νίκος Παρασκευάς,≤100
102620666010969,Astydama,Astydama,≤100
113762708304468,energyinvest.gr,energyinvest.gr,≤100
108183264211965,UNICEF Greece,UNICEF Greece,≤100
1557160734539215,KMOP,KMOP,≤100
252445531591454,aisthisi.net,These ads ran without a disclaimer,≤100
115093111866664,Νίκος Χαρδαλιάς,Νίκος Χαρδαλιάς,≤100
590556791403274,OsteoStrong Greece,OsteoStrong Greece,≤100
2036642163261209,Orthos Logos News,Orthos Logos News,≤100
112395696848373,Εταιρεία για τον Ελληνισμό και Φιλελληνισμό,ΕΤΑΙΡΕΙΑ ΓΙΑ ΤΟΝ ΕΛΛΗΝΙΣΜΟ ΚΑΙ ΦΙΛΕΛΛΗΝΙΣΜΟ,≤100
157703317611224,Agroza Agrotechnical Ltd,These ads ran without a disclaimer,≤100
1917062451674007,Πεντέλη 2020 - Πράσινη Έξυπνη Δημοκρατική πόλη,Πεντέλη 2020 - Πράσινη Έξυπνη Δημοκρατική πόλη,≤100
105214919169668,Θεμιστοκλής - Ανδρέας Μπάκας • Υποψήφιος Βουλευτής Σύριζα-ΠΣ  Ν. Αχαΐας,Θεμιστοκλής - Ανδρέας Μπάκας • Υποψήφιος Βουλευτής Σύριζα-ΠΣ  Ν. Αχαΐας,≤100
107099331174332,STAND Up Med,These ads ran without a disclaimer,≤100
107964744451079,Το Μανιφέστο της Ύπαρξης,Το Μανιφέστο της Ύπαρξης,≤100
101986622709441,Δήμος Πρωταγωνιστής - Λευτέρης Αλεξανδρίδης,Δήμος Πρωταγωνιστής - Λευτέρης Αλεξανδρίδης,≤100
102857431526747,Ecopots Greece,Garden Experts AE,≤100
107993708884648,Σαρωνικός Δύναμη Πνοής,Σαρωνικός Δύναμη Πνοής,≤100
1434688373417133,ΕΝΩΣΗ ΚΕΝΤΡΩΩΝ,ΕΝΩΣΗ ΚΕΝΤΡΩΩΝ,≤100
105475882182783,Ναυτικό Επιμελητήριο Ελλάδος,Ναυτικό Επιμελητήριο της Ελλάδος,≤100
393542154022051,HellasFin,HellasFin investment services SA,≤100
758030680986722,Kedisa,KEDISA,≤100
294443673994778,Lykavitos,HT PRESS ONLINE IKE,≤100
150398005058111,ASD Account Financial Advisor SA,A.S.D. FINANCIAL CONSULTANTS SA,≤100
610130059162707,FACT,FACT,≤100
795737207122308,Ignatios Kaitezidis - Ιγνάτιος Καϊτεζίδης,Ignatios Kaitezidis - Ιγνάτιος Καϊτεζίδης,≤100
292582594513653,Workenter,These ads ran without a disclaimer,≤100
319859041765749,Eurobank,These ads ran without a disclaimer,≤100
189447644411220,Antivirus magazine,Antivirus magazine,≤100
633964833608956,dikastiko.gr,Dikastiko.gr,≤100
102495036220487,Νικόλαος Κέφης,Election Leaders,≤100
124340177284061,TomorrowBuilding,These ads ran without a disclaimer,≤100
365685333954209,Eastwest European Institute,These ads ran without a disclaimer,≤100
107347318124916,EUCannaJobs,These ads ran without a disclaimer,≤100
155438574470276,DW українською,These ads ran without a disclaimer,≤100
108816371461461,The Society Art,These ads ran without a disclaimer,≤100
101494836092130,Χαλάνδρι στο Φως,Χαλάνδρι στο Φως,≤100
488218854548148,Φαίνη Χατζηαθανασιάδου-Feni Chatziathanasiadou,Φαίνη Χατζηαθανασιάδου-Feni Chatziathanasiadou,≤100
716811695006895,Συμμαχία Πολιτών,Συμμαχία Πολιτών,≤100
212732770186,Tom MacDonald,These ads ran without a disclaimer,≤100
1272228262930516,Women Advance,These ads ran without a disclaimer,≤100