﻿Page ID,Page name,Disclaimer,Amount spent (USD),Number of ads in Library
103583955836259,Tout sur l'Afrique,These ads ran without a disclaimer,≤100,1
160041747501730,MOSSE Abdoulaye,Abdoulaye Mosse,≤100,1
216311481960,Bill Gates,These ads ran without a disclaimer,≤100,3
173254003362613,WE ARE CHINA,These ads ran without a disclaimer,≤100,1
117008325013306,Translators without Borders,These ads ran without a disclaimer,≤100,1
104763178714577,Gels MDPI,These ads ran without a disclaimer,≤100,1
110919974897108,SH,These ads ran without a disclaimer,≤100,1
103055062602529,tomasiniavocats,These ads ran without a disclaimer,≤100,1
112757083778788,"Economic Daily, China",These ads ran without a disclaimer,≤100,1
192092260811678,AlCircle Pte Ltd,These ads ran without a disclaimer,≤100,1
110839298285111,Portal Mel Cajuina,These ads ran without a disclaimer,≤100,1
189232005248268,CTG,These ads ran without a disclaimer,≤100,1
436621137103518,Huawei Northern Africa,These ads ran without a disclaimer,≤100,1
382377315238468,"Educational Research Center, Inc.",These ads ran without a disclaimer,≤100,3
791943710959735,EPOP,These ads ran without a disclaimer,≤100,1
101321076075048,Nouvelle Aube,These ads ran without a disclaimer,≤100,1