﻿Page ID,Page name,Disclaimer,Amount spent (TRY)
483282718428036,Meral Akşener,İYİ Parti,≤100
105376981385020,Referandom,Referandom,≤100
1677525365597858,Türkiye SMA Vakfı,Fatih Mehmet Akdan,≤100
111162852275902,Uluslararası Af Örgütü Türkiye Şubesi,Uluslararası Af Örgütü Türkiye Şubesi,≤100
180404128680446,Dr. Şadi YAZICI,Dr. Şadi YAZICI,≤100
101700471513125,Kadir Aydın,Kadir Aydın,≤100
2291169097838019,Pınarhisar Belediye Başkanı İhsan Talay,Ihsan Talay,≤100
924417247738396,İsmet Tokdemir,Ismet Tokdemir,≤100
355906905169362,M.Erkut Ekinci,Kemal Afşin Ekinci,≤100
103167881182863,Temiz Enerji Haber Portalı,Temiz Enerji Haber Portalı,≤100
112868328334173,Turgut Özal,Rahmi Mete Ay,≤100
113944458195273,Rahmi Mete AY,Rahmi Mete Ay,≤100
429226354299015,Tek Haber Gazetesi,Basbay Hasan Murat,≤100
759960337453594,Reis Erdoğan,Huseyin Rahat,≤100
100359402506732,Oğuz Gevrekçi,Oğuz Gevrekçi,≤100
1604958276192112,Alper Taban,Alper Taban,≤100
111751313846537,Hülya Erdem,Hülya Erdem,≤100
1607756506152025,Ahmet AYDIN,Ahmet AYDIN,≤100
100431406701471,Internethaber,Internethaber,≤100
100781979560771,Adnan Menderes,Rahmi Mete Ay,≤100
254579061905181,Dr. Bilal Okudan,Dr. Bilal Okudan,≤100
103635305942024,Adnan Kahveci,Rahmi Mete Ay,≤100
105483149085389,Selahattin Uzun,Selahattin Uzun,≤100
115203036969497,Mehmet Yunus Seven,Mehmet Yunus Seven,≤100
276652289141318,OSMAN KOZAN,Osman Kozan,≤100
104720632449919,Tbt Tarihte Bugün,Taha Gümüştaş,≤100
109514177857013,Yeniden Refah Partisi Simav,Yeniden Refah Partisi Simav İlçe Başkanlığı,≤100
1572709256359993,İnternethaber TV,HADİ ÖZIŞIK,≤100
102191762736431,Murat Toycan Selçuk,Digivizyon Reklamcılık,≤100
1104153776387884,Halk Haber Ajansı,Resul Mesut Büyüksarı,≤100
423750631370649,Ali Mutlu Köylüoğlu,ALİ MUTLU KÖYLÜOĞLU,≤100
102095934751904,Deva Partisi,Deva Partisi,≤100
465887546792664,Halkın Kurtuluş Partisi - HKP,TAYFUR BİN,≤100
1028368393892777,Mehmet Ali Özkan,Mehmet Ali ÖZKAN,≤100
1883376938386253,Ebedi Başkomutan Atatürk,Huseyin Rahat,≤100
298764070816267,Mehmet Tütüncü,Mehmet TÜTÜNCÜ Türkiye Temsilcisi,≤100
106789305232883,وكالة الشرق الأوسط الإخبارية,وكالة الشرق الأوسط الإخبارية,≤100
463215923715177,Mehmet Yiğiner,Bekir Koyuncu,≤100
109632007076932,Türkiye Müteahhitler Birliği,TÜRKİYE MÜTEAHHİTLER BİRLİĞİ,≤100
319374238130637,Osman Gürün,Osman Gurun,≤100
1767659223506926,Vatandaşlık Temel Geliri - VTG,ALİ MUTLU KÖYLÜOĞLU,≤100
100729588398227,Ak Parti/MHP/BBP Cumhur İttifakı,Erol Cihangir,≤100
103098904742608,Murat Serdar Koç,Murat Serdar Koc,≤100
834954409860187,Gamze Akkuş İlgezdi,Gamze Akkuş İlgezdi,≤100
283657205667155,Mustafa Ali Fırtına,Mustafa Ali Firtina,≤100
189962161189070,İsmailağa Camii,İsmailağa camii,≤100
699656173479980,Yörem Gazetesi,Murat Özyıldırım,≤100
106073539039977,anatolianhaber,These ads ran without a disclaimer,≤100
244547120816628,bahcelievlerbelediyesi,These ads ran without a disclaimer,≤100
141372482598678,Heritage Fine Jewelry,These ads ran without a disclaimer,≤100
106904622236202,허니루,These ads ran without a disclaimer,≤100
327115907736300,Asia Global Institute,These ads ran without a disclaimer,≤100