﻿Page ID,Page name,Disclaimer,Amount spent (USD)
110456411440371,Doh Hlay,an advertiser in Myanmar,≤100
2074476209434546,Happy Healthy Myanmar  ပျော်ရွှင်ကျန်းမာ တို့မြန်မာ,an advertiser in Myanmar,≤100
104511348661456,အေးဆေးပါ,an advertiser in Myanmar,≤100
393412505386,Offshore Technology Conference (OTC),These ads ran without a disclaimer,≤100
1569688113329878,Evony - The King's Return,These ads ran without a disclaimer,≤100
104702955874004,အရှင် ဝိလာသ,These ads ran without a disclaimer,≤100