﻿Page ID,Page name,Disclaimer,Amount spent (USD)
304600892905134,Hillsdale College Online Courses,HILLSDALE COLLEGE,≤100
105150995640877,With Many Hands,With Many Hands,≤100
385473284886474,Hillsdale College,Hillsdale College,≤100
106244251043808,America's Plastic Makers,"AMERICAN CHEMISTRY COUNCIL, INC.",≤100
100184235633007,Summit Carbon Solutions,"Summit Carbon Solutions, LLC",≤100
628591707795256,Dakotans for Health,Dakotans for Health,≤100
109179375151983,Med Plan Coverage,Seniors Today USA,≤100
127225910653607,PragerU,PragerU,≤100
92925746942,Judicial Watch,Judicial Watch,≤100
1461100540775171,The Tuttle Twins,LIBERTAS INSTITUTE,≤100
85452072376,NEWSMAX,"NEWSMAX MEDIA, INC.",≤100
40217893542,AIPAC,AIPAC,≤100
108547455113940,Our America,Our America,≤100
57940793932,AARP South Dakota,AARP,≤100
121268821249550,World Central Kitchen,World Central Kitchen,≤100
570092813023833,Matt Walsh,The Daily Wire,≤100
592707041080920,Stand Together,Stand Together Chamber of Commerce Inc.,≤100
18982436812,ACLU,American Civil Liberties Union,≤100
47710973068,Voices for Cooperative Power,Voices for Cooperative Power,≤100
23875187730,Feeding America,Feeding America,≤100
1316372698453411,Alexandria Ocasio-Cortez,Alexandria Ocasio-Cortez for Congress,≤100
108380923919757,Health Insurance Hero,Health Insurance Hero,≤100
193066840870,Brandon Valley Area Chamber of Commerce,BRANDON VALLEY AREA CHAMBER OF COMMERCE,≤100
166618413413767,Jay Sekulow,American Center for Law and Justice,≤100
18709174006,National Audubon Society,"NATIONAL AUDUBON SOCIETY, INC.",≤100
113891694102,Energy Citizens,AMERICAN PETROLEUM INSTITUTE,≤100
428821014132730,Katie Porter,Katie Porter For Congress,≤100
6514736316,Walden University,Walden University,≤100
103912059097010,One Real American,One Real American,≤100
49651563727,Live Action,Live Action,≤100
145917588805718,Dr Jordan B Peterson,The Daily Wire,≤100
7030901126,Campaign for Tobacco-Free Kids,TOBACCO-FREE KIDS ACTION FUND,≤100
542678889114683,The Coca-Cola Company,The Coca-Cola Company,≤100
102415355916214,American Heart City,American Heart City,≤100
25852730092,Care2,"Care2.com, Inc",≤100
203805062990264,Ben Shapiro,The Daily Wire,≤100
172758932738142,PhRMA,PHARMACEUTICAL RESEARCH AND MANUFACTURERS OF AMERICA,≤100
100992801635617,Conservative-American.org,Conservative American Strategies,≤100
1593518174052711,Candace Owens,The Daily Wire,≤100
102960695956522,Amazing Patriots,Amazing Patriots,≤100
101069505589,American Association of Pro Life OB/GYNS,AAPLOG,≤100
42872222699,Dana Loesch,The Association of Mature American Citizens Inc,≤100
6041057841,The Humane Society of the United States,"HUMANE SOCIETY OF THE UNITED STATES, THE",≤100
8492293163,Environmental Defense Fund,Environmental Defense Fund,≤100
318196171580489,Ron DeSantis,Friends of Ron DeSantis,≤100
15771560300,Earthjustice,EARTHJUSTICE,≤100
104295601633638,American Cornerstone Institute,American Cornerstone Institute Inc,≤100
22067606728,Allen West,The Association of Mature American Citizens Inc,≤100
51405613519,Focus on the Family,Focus on the Family,≤100
110442961603215,Yikes Today,Tomer Barazani,≤100
1145019702185006,Alliance for Safety and Justice,Alliance for Safety and Justice,≤100
12301006942,Democratic Party,DNC SERVICES CORP./DEM. NAT'L COMMITTEE,≤100
200650357207240,I Love My Freedom,I Love My Freedom,≤100
342294162453301,Planned Parenthood,Planned Parenthood Federation of America,≤100
443329669123990,USAFacts,USAFacts Institute,≤100
542968069983885,HappeningNow,HappeningNow America,≤100
1398927630359711,State Financial Officers Foundation - SFOF,State Financial Officers Foundation,≤100
6204742571,Sierra Club,SIERRA CLUB,≤100
106568024842114,Rideshare Assault Support,Select Justice LLC,≤100
30139072158,CARE,CARE,≤100
1435071773455316,Daily Wire,The Daily Wire,≤100
1562713090633117,Operation Underground Railroad,OPERATION UNDERGROUND RAI,≤100
21375324480,The Heritage Foundation,HERITAGE FOUNDATION (THE),≤100
203197030603239,8 Billion Trees,8 Billion Trees LLC,≤100
7341997111,Conservation International,Conservation International,≤100
83290028957,Care Net,CARE NET,≤100
101704558574021,Lucas Kunce,Lucas Kunce for Missouri,≤100
57259033959,AARP,AARP,≤100
114765400352270,Kite & Key Media,VMTS EDUCATION INC,≤100
408250066356,Bill O'Reilly,"Bill Me, Inc.",≤100
270965199371,Tom's Of Maine,Tom's Of Maine,≤100
106568024842114,Rideshare Assault Support,Citizen Ad Network LLC,≤100
267180743723148,National Geographic Society,National Geographic Society,≤100
361960287311696,Better Medicare Alliance,"Better Medicare Alliance, Inc",≤100
580610428636345,Fight for $15,Fight for $15,≤100
23790541544,Democrats,DCCC,≤100
195530355493,Chicks On The Right,The Association of Mature American Citizens Inc,≤100
8934429638,Planned Parenthood Action,Planned Parenthood Action Fund,≤100
101564054951838,We The Forest,We The Forest,≤100
6072343558,Center for American Progress,CENTER FOR AMERICAN PROGRESS,≤100
121626482110,Operation Smile,OPERATION SMILE,≤100
8325302025,Friends of the Earth U.S.,Friends of the Earth,≤100
2053678114723700,President Trump's Patriot Army,I Love My Freedom,≤100
110141605284447,Extraordinary Catholics / Católicos Extraordinarios,Extraordinary Catholics,≤100
15239367801,The Wilderness Society,"WILDERNESS SOCIETY, THE",≤100
12375354406,USO,United Service Organizations,≤100
104977525752112,Freedom of Patriots,Freedom of Patriots,≤100
513695272011123,The Genesis Prize,GPF NA LLC,≤100
110431415026491,The American Enthusiasm,The American Enthusiasm,≤100
199826043375900,Larry Hogan,An America United,≤100
103807629149771,Working Forests Initiative,"WORKING FOREST INITIATIVE, INC.",≤100
6266829799,Sherrod Brown,FRIENDS OF SHERROD BROWN,≤100
194115677277113,A21,A21 with Facebook Ad Credits,≤100
100758682697459,Mayday Health,"Mayday Medicines, Inc.",≤100
102748688472759,Parents Defending Education,Parents Defending Education,≤100
108118933908193,Next Level Goods,NextlevelGoods LLC,≤100
114008535880,Foundation for Individual Rights and Expression,FOUNDATION FOR INDIVIDUAL RIGHTS IN EDUCATION,≤100
160630887998827,Let Them Live,Oliver Harrison  Berning,≤100
112642477582238,Mericanaf,AAF Nation,≤100
101391906600,Live Action News,Live Action,≤100
118626774835274,Medicare Made Clear,Medicare Made Clear from United Healthcare,≤100
108268161352786,Stanley M. Herzog Foundation,Herzog Foundation,≤100
1679521432262834,Physicians Grassroots Network,American Medical Association,≤100
111812468884033,W.K. Kellogg Foundation,W. K. KELLOGG FOUNDATION,≤100
681626158940626,Mission Roll Call,Americas Warrior Partnership,≤100
309308412520731,Sandy Hook Promise,Sandy Hook Promise,≤100
337038226473839,Trish Regan,"SALEM MEDIA GROUP, INC.",≤100
141786816970,Cruise Lines International Association - CLIA,Cruise Lines International Association,≤100
104491841664875,Adam Kinzinger,Future First Leadership PAC,≤100
1925027940842417,Sara A. Carter,The Association of Mature American Citizens Inc,≤100
70874333603,CatholicVote,catholicvote.org,≤100
665345483483486,NRA - National Rifle Association of America,NATIONAL RIFLE ASSN OF AMERICA,≤100
7292655492,MoveOn,MOVEON.ORG POLITICAL ACTION,≤100
10498053716,Media Research Center,MEDIA RESEARCH CENTER,≤100
406456986070332,Matt Gaetz,Friends of Matt Gaetz,≤100
367292494407,AJC - American Jewish Committee,AMERICAN JEWISH COMMITTEE,≤100
2254455051442790,Flag and Cross,Flag & Cross,≤100
19746387261,Humane Society International,Humane Society International,≤100
156496968533805,Explore Beyond,NCTA - The Internet & Television Association,≤100
107483817554072,WorkMoney,WorkMoney,≤100
15087023444,Nike,"NIKE, Inc",≤100
216311481960,Bill Gates,Bill Gates,≤100
2245766435469741,Beersy,Beersy LLC,≤100
557051651115624,Stidham Financial Services,Stidham Financial Services,≤100
93228695778,Tea Party Patriots,Tea Party Patriots,≤100
1428283027462702,Restoration of America,RESTORATION PAC,≤100
745910525468062,National Center on Sexual Exploitation,National Center on Sexual Exploitation,≤100
179513292162226,American History TV,NATIONAL CABLE SATELLITE CORPORATION,≤100
7192716362,Amnesty International USA,"AMNESTY INTERNATIONAL OF THE U. S. A., INC.",≤100
696930446991476,Financialadviser.com,"All Phone Leads, Inc.",≤100
108512875350,The Atlas Society,The Objectivist Center Ltd,≤100
50822254585,Mountain States Legal Foundation,Mountain States Legal Foundation,≤100
518194348194441,RepresentUs,RepresentUs,≤100
149607228384141,America Needs Fatima,"American Society for the Defense of Tradition, Family and Property",≤100
104107788684988,Tom Klingenstein,TomKlingenstein.com,≤100
6240652407,Young America's Foundation,Young America's Foundation Inc,≤100
507070522767934,AACR Foundation,"AMERICAN ASSOCIATION FOR CANCER RESEARCH, INC.",≤100
134452023239984,Human Coalition,Human Coalition,≤100
275947565591,Woods & Woods The Veterans Firm,"Woods & Woods, LLC",≤100
107168898379486,Speed & Scale,Speed & Scale,≤100
18079407397,CPAC,AMERICAN CONSERVATIVE UNION,≤100
103531607822207,Noticias para Inmigrantes,"Wise Rock Media, PBC",≤100
1316372698453411,Alexandria Ocasio-Cortez,THE SQUAD VICTORY FUND,≤100
97279934919,bp America,BP CORPORATION NORTH AMERICA INC.,≤100
156296274419595,HarperCollins,HARPERCOLLINS PUBLISHERS L.L.C.,≤100
5435784683,Greenpeace USA,"GREENPEACE, INC.",≤100
100485764982266,Only One,Only One,≤100
110003135240961,Pride of America,Pride of American,≤100
1338822066131069,Women's March,Women's March,≤100
113496178208014,Protecting Our Democracy,Protecting Our Democracy,≤100
240374499491346,HeForShe,UN Women,≤100
38235851310,USA for UNHCR,UNITED STATES ASSOCIATION FOR UNHCR,≤100
227764782729,AMERICAN - STRONG!,American Strong LLC,≤100
152899141888,Loud American Roadhouse,Loud American Roadhouse,≤100
102413723172970,Nick Adams,Nick Adams,≤100
1526736227567131,TrueCoverage,True Coverage,≤100
108266445888054,Patriot Academy,TORCH OF FREEDOM FOUNDATION,≤100
290548664672,First Liberty,First Liberty Institute,≤100
983629811723932,Home Title Lock,Home Title Lock,≤100
201956993160690,MRCTV,MEDIA RESEARCH CENTER,≤100
25121889784,Texas Public Policy Foundation,Texas Public Policy Foundation,≤100
657708380952174,Voices of the Civil Rights Movement,Comcast,≤100
45393753416,Alliance Defending Freedom,Alliance Defending Freedom,≤100
897994503631860,HealthInsurance.net,ASSURANCE IQ INC,≤100
471928596287830,Brian Mast,Mast for Congress,≤100
1832744013698336,Mahogany Mommies,Mahogany Mommies,≤100
102592959026,Ocean Conservancy,"OCEAN CONSERVANCY, INC.",≤100
32682889528,U.S. Chamber of Commerce,The U.S. Chamber of Commerce,≤100
240937060405,Center for Science in the Public Interest (CSPI),Center for Science in the Public Interest,≤100
105561217523274,The Dispatch,"Dispatch Media, Inc.",≤100
103875099042033,DailyWire+,The Daily Wire,≤100
159658557547960,Wall Street Journal Opinion,The Wall Street Journal,≤100
142432192446984,David Horowitz Freedom Center,David Horowitz Freedom Center,≤100
106315901551850,The U.S. Concealed Carry Association for Saving Lives,U.S. Concealed Carry Association For Saving Lives. Not Authorized By Any Candidate Or Candidate's Committee.,≤100
20787991568,Senate Democrats,DSCC,≤100
300992409852,Hoover Institution,Hoover Institution,≤100
1600352356914768,PushBlack,PushBlack,≤100
1050320055029012,Outrider.org,OUTRIDER FOUNDATION INC,≤100
408526523045391,Mammoth Nation,Mammoth Nation,≤100
336861789666063,Liberty Fund,LIBERTY FUND INC,≤100
6333396177,NewsBusters.org,MEDIA RESEARCH CENTER,≤100
6578860909,Dave Matthews Band,These ads ran without a disclaimer,≤100
96491683438,"The Friends of Israel Gospel Ministry, Inc.","FRIENDS OF ISRAEL GOSPEL MINISTRY, INC, THE",≤100
2321993584737314,The Markin Report,The Markin Report,≤100
127637620616803,Comcast Newsmakers,Comcast,≤100
342887442508723,Convention of States,Convention of States Action,≤100
127225910653607,PragerU,These ads ran without a disclaimer,≤100
51379424899,Mercy Ships,MERCY SHIPS INTERNATIONAL,≤100
5720973755,Defenders of Wildlife,DEFENDERS OF WILDLIFE,≤100
43426724597,Paper Culture,Paper Culture LLC,≤100
6502038524,First Book,FIRST BOOK,≤100
583258211727279,Shai Fund,SHAI FUND INC,≤100
315528175667844,Women2Women,Women2Women Conversations Tour,≤100
140357056032320,NEA Today,National Education Association,≤100
375742685850856,Firearms Policy Coalition,"FIREARMS POLICY COALITION, INC.",≤100
896759427103774,Modern Medicaid Alliance,Modern Medicaid Alliance,≤100
201446296572389,Compassion in World Farming (USA),Compassion in World Farming Inc,≤100
8047221596,Save the Children US,SAVE THE CHILDREN FEDERATION INC.,≤100
7145381235,American Jewish World Service - AJWS,"AMERICAN JEWISH WORLD SERVICE, INC.",≤100
271453369908901,FLAG  - Foundation for Liberty and American Greatness,Tomer Barazani,≤100
167586229923327,World Food Program USA,World Food Program USA,≤100
786167111464006,Woodson Center,The Woodson Center,≤100
372577693078008,"Saenz-Garcia Law, PLLC","Saenz-Garcia Law, PLLC",≤100
1526707030943680,Phoenix Dream Center,City Help Inc of Phoenix dba Phoenix Dream Center,≤100
711478725532801,Civiqs,Civiqs,≤100
60182072999,Lila Rose,Live Action,≤100
21492729544,Catholic Relief Services,CATHOLIC RELIEF SERVICES - UNITED STATES CONFERENCE OF CATHOLIC BISHOPS,≤100
158505287559920,Save the Storks,Save the Storks,≤100
290851614930809,Combat AntiSemitism,Combat Hate Foundation,≤100
114710126648118,Republican Dogs,Republican Dogs,≤100
101626535691142,Tina Blum Cohen for U.S. House of Representatives Texas District 7,TINA BLUM COHEN FOR US HOUSE OF REPRESENTATIVES TEXAS DISTRICT 7,≤100
111662625117202,Utkarsh Singh,These ads ran without a disclaimer,≤100
269348454714,IMB,"INTERNATIONAL MISSION BOARD OF THE SOUTHERN BAPTIST CONVENTION, THE",≤100
8550121410,Free Speech America Project,MEDIA RESEARCH CENTER,≤100
126305280752104,Slavic Gospel Association,SLAVIC GOSPEL ASSOCIATION,≤100
96935476345,Democratic Governors Association (DGA),"Democratic Action, democraticgovernors.org, not authorized by any candidate or candidate's committee.",≤100
97624620788,American Friends of Magen David Adom,AMERICAN FRIENDS OF MAGEN DAVID ADOM,≤100
103565195134756,America First Policy Institute,America First Policy Institute,≤100
48485058304,Pachamama Alliance,"PACHAMAMA ALLIANCE, THE",≤100
106913491375624,Israel War Room,Israel War Room,≤100
154561574598964,White Coat Waste Project,THE WHITE COAT WASTE PROJECT INC,≤100
8446177150,Chosen People Ministries,CHOSEN PEOPLE MINISTRIES INC,≤100
7735858972,Humane Society Legislative Fund,Humane Society Legislative Fund,≤100
34362997676,United States Holocaust Memorial Museum,UNITED STATES HOLOCAUST MEMORIAL MUSEUM,≤100
100388126216021,The Red Onlooker,Gregory Lawrence Burright,≤100
91346559231,Democratic Legislative Campaign Committee - DLCC,Democratic Legislative Campaign Committee,≤100
7515233409,"Mikey Weinstein, MRFF",MILITARY RELIGIOUS FREEDOM FOUNDATION,≤100
104546085034181,Legislator Ben Geller,Tomer Barazani,≤100
29717379728,International Justice Mission,International Justice Mission,≤100
43934405787,IPPF,International Planned Parenthood Federation Worldwide Inc,≤100
17911165812,Covenant House International,Covenant House,≤100
378084314984,Trane Technologies,Trane Technologies,≤100
359477377917,American Federation for Children,American Federation for Children,≤100
137072070869,Investment Company Institute,INVESTMENT COMPANY INSTITUTE,≤100
107698564046392,Lauren Boebert for Congress,LAUREN BOEBERT FOR CONGRESS,≤100
21090771700,Gun Owners of America,Gun Owners of America,≤100
355783211719644,Veteran Caregivers of America,"Veteran Caregivers, LLC",≤100
251542931536626,Children's Wisconsin,"CHILDREN'S HOSPITAL AND HEALTH SYSTEM, INC.",≤100
188627788423714,The Scoop Politics,The Scoop Media Inc.,≤100
407902639235640,JNS.org,Jewish News Syndicate,≤100
6756153498,Mike Bloomberg,Bloomberg Philanthropies,≤100
30708742052,FCTRY,FCTRY,≤100
13885075114,Action Against Hunger USA,ACTION AGAINST HUNGER - USA,≤100
7263476274,Mercy Corps,Mercy Corps,≤100
59783434599,Hasbara Fellowships,HASBARA FELLOWSHIPS,≤100
11791104453,NRDC,Natural Resources Defense Council,≤100
417522508294454,Job Creators Network,Job Creators Network,≤100
431019887282794,Tomorrow's World Today,Flying Cork,≤100
1741377942853471,Chad Robichaux,Chad Robichaux,≤100
30618466815,Pacific Legal Foundation,Pacific Legal Foundation,≤100
345378512258813,Elise Stefanik,ELISE FOR CONGRESS,≤100
928091877203916,Independent Women's Network,Independent Women's Network,≤100
151894654697,Save Our States,Save Our States,≤100
416913748508616,We Welcome,We Welcome Refugees,≤100
100113865706707,ADF Generational Wins Prayer Initiative,ALLIANCE DEFENSE FUND INC,≤100
1809715209318581,Marjorie Taylor Greene,GREENE FOR CONGRESS,≤100
110863931866111,VA Loves RX Savings,VA Loves RX Savings,≤100
102027764795677,American Wire,BizPac Review,≤100
101481584557260,Help Asheville Bears-HAB,Heather Christina Williams,≤100
380884168648080,Population Research Institute,POPULATION RESEARCH INSTITUTE,≤100
162244692732,Brennan Center for Justice at NYU Law,"WILLIAM J. BRENNAN CENTER FOR JUSTICE, INC.",≤100
60261764250,Childhelp,"CHILDHELP, INC.",≤100
243510442756370,Justice Democrats,JUSTICE DEMOCRATS PAC,≤100
109118211910879,Mr. 45,Green Straw LLC,≤100
219612384781411,Bloomberg Philanthropies,Bloomberg Philanthropies,≤100
113351505349955,The Christian Broadcasting Network,The Christian Broadcasting Network Inc,≤100
139525422724404,North Dakota Right to Life,North Dakota Right to Life,≤100
38882699096,Polaris,POLARIS PROJECT,≤100
284293125336159,Regulatory Transparency Project,FEDERALIST SOCIETY FOR LAW & PUBLIC POLICY STUDIES,≤100
100652402259075,The Intersect,Accelerate Change Inc,≤100
309798029121030,Everytown for Gun Safety,Everytown for Gun Safety Support Fund Inc,≤100
110316380149,Family Policy Alliance,Family Policy Alliance,≤100
1731084720451495,Saprea,The Younique Foundation,≤100
1534290989956166,Philanthropy Roundtable,"PHILANTHROPY ROUNDTABLE, THE",≤100
116546288359245,Heritage Action for America,HERITAGE ACTION FOR AMERICA,≤100
101437432582765,The Center for Infrastructure and Economic Development,Center for Infrastructure and Economic Development Inc.,≤100
317284821682168,Messianic Jewish Alliance of America (MJAA),Messianic Jewish Alliance of America,≤100
103885799225717,Liberty Protector,Liberty Protector,≤100
723394465079640,The Lion,Stanley M. Herzog Charitable Foundation,≤100
35169196082,Project HOPE,"PROJECT HOPE-THE PEOPLE-TO-PEOPLE HEALTH FOUNDATION, INC.",≤100
101090559295696,TPUSA Faith,TURNING POINT USA NFP,≤100
945455208962159,For Everyone Collective,For Everyone Collective,≤100
16317479654,Deseret News,Deseret News,≤100
508887815910815,BPR,BizPac Review,≤100
169687486427698,Jentezen Franklin,FREE CHAPEL WORSHIP CENTER,≤100
102420431749179,Raging Americans,Tomer Barazani,≤100
233456156850563,The Prisoner Wine Company,"TPWC, Inc.",≤100
144105014310,Panasonic North America,Panasonic North America,≤100
259351004139042,Ashbrook Center,Ashbrook Center,≤100
110981884065996,Abortion Finder,Power to Decide,≤100
234142976633158,Wake Up World & Smell the Coffee,Edith Dume Lerner,≤100
589658204411894,Office of South Carolina Treasurer Curtis Loftis,Future Scholar. Administered by State Treasurer Curtis Loftis. Not paid for with state funds.,≤100
27461595703,Carbonfund,Carbonfund.org Foundation,≤100
145973965440671,Carnegie Corporation of New York,CARNEGIE CORPORATION OF NEW YORK,≤100
58158120046,ACLJ,American Center for Law and Justice,≤100
125769584126996,Yael Eckstein,"INTERNATIONAL FELLOWSHIP OF CHRISTIANS & JEWS, INC.",≤100
1869687273277265,Run for Something,Run For Something PAC,≤100
602074469965571,Plan C,NATIONAL WOMENS HEALTH NETWORK,≤100
104396194587918,C3 Solutions,Conservative Coalition for Climate Solutions,≤100
314499212242,Pfizer,Pfizer Inc.,≤100
109320440856128,Together Beat Hate,"Foundation to Combat Anti-Semitism, Inc.",≤100
111213355160155,United States Liberty,United States Liberty,≤100
9538894955,John F. Kennedy Presidential Library and Museum,"John Fitzgerald Kennedy Library Foundation, Inc.",≤100
17203056985,Partners In Health,Partners In Health,≤100
70795936969,Children International,CHILDREN INTERNATIONAL,≤100
6787988478,Physicians for Human Rights,"PHYSICIANS FOR HUMAN RIGHTS, INC.",≤100
108583533855999,NBCLX,NBCLX,≤100
111044621745187,Liberty News,William Gordan Tanner,≤100
169597416843751,Stand Up America,Paid for by Stand Up America. Not authorized by any candidate.,≤100
109284291894484,American News Stories,William Gordan Tanner,≤100
109352563640,Water.org,WATER.ORG INC.,≤100
1980217022255856,Atticus,These ads ran without a disclaimer,≤100
210357995667559,The National Memo,The National Memo,≤100
82223469060,ACN - Aid to the Church in Need,"AID TO THE CHURCH IN NEED, INC.",≤100
702582586516561,CBN Israel,"The Christian Broadcasting Network, Inc.",≤100
119216091518705,Protect The Harvest,Karen Elizabeth Glueck,≤100
111839087214971,Vot-ER,VotER,≤100
1449073545419430,The Lone Liberal Republican,Arthur Winter,≤100
114301413446447,The Climate Initiative,Kennebunkport Climate Initiative,≤100
487569614682924,CAPP USA,Yellow Line Productions LLC,≤100
291102898490822,Conservative Comedy Store,Conservative Comedy Store,≤100
1449261928703911,Lux & Lush,These ads ran without a disclaimer,≤100
1382441768496365,Pentair,PENTAIR,≤100
139599847972,National Nurses United,National Nurses United,≤100
243498882520314,FoodFinder,"FOODFINDER, INC.",≤100
105120815642998,Partnership to Address Global Emissions,PARTNERSHIP TO ADDRESS GLOBAL EMISSIONS INC,≤100
100692068471118,Explain America,Apse Media LLC,≤100
203294399456,Public Interest Registry,Public Interest Registry,≤100
135604563174542,Lancaster County Sheriff's Office,Lancaster County Sheriff's Office,≤100
228754857151053,House Majority PAC,House Majority PAC,≤100
104660195062596,Gen Z Conservative,William Gordan Tanner,≤100
154065301986563,GZERO Media,GZERO Media,≤100
114250430692,Unchainedtv,JANE UNCHAINED NEWS NETWORK,≤100
1571132936490223,JewBelong,JEWBELONG INC.,≤100
105173311888160,Star and Bar,Star and Bar,≤100
110471938085477,Constellation Brands,"CONSTELLATION BRANDS, INC.",≤100
309541989079465,Libertas Institute,LIBERTAS INSTITUTE,≤100
120778038066631,EveryLibrary,EveryLibrary,≤100
625717610882456,Willie Wilson,WILLIE WILSON FOR MAYOR,≤100
102075811887387,Chocolate.com - Images,These ads ran without a disclaimer,≤100
29423827874,Proclaiming Justice to the Nations,PROCLAIMING JUSTICE TO THE NATIONS INC,≤100
72931140459,Center for Biological Diversity,"CENTER FOR BIOLOGICAL DIVERSITY, INC.",≤100
1196196390526965,Facebook Surveys,These ads ran without a disclaimer,≤100
386305465057247,Liberty Nation,Liberty Nation,≤100
318691681482265,Liberty Justice Center,Liberty Justice Center,≤100
166384506863088,All Above All,All* Above All,≤100
254943996005,Catholic Answers,"CATHOLIC ANSWERS, INC.",≤100
104255434986319,Teal Crate,Vougs,≤100
458142697588014,AARP Public Policy Institute,AARP,≤100
153446658100252,Lumina Foundation,Lumina Foundation,≤100
376776419037747,Turning Point USA,"Turning Point USA, Inc.",≤100
153278754738777,Climate Reality,The Climate Reality Project,≤100
104377518078467,More Perfect Union,MORE PERFECT UNION FOUNDATION,≤100
103546351703577,Dallas Express,Dallas Express Media,≤100
16968936858,ANCA,Armenian National Committee of America,≤100
103890001426406,Invest In WA Now,Invest in Washington Now,≤100
1752689034960996,The Babylon Bee,THE BABYLON BEE LLC,≤100
205795426669644,Facts and Logic about the Middle East,Facts and Logic About the Middle East,≤100
101224002310757,Seven Weeks Coffee,Seven Weeks Coffee,≤100
312657362217994,Women's Heart Alliance,Women's Heart Alliance,≤100
302111635698,National Association of Tax Professionals (NATP),National Association of Tax Professionals,≤100
7962229886,Environmental Working Group,ENVIRONMENTAL WORKING GROUP,≤100
524399207959953,Truth & Liberty Coalition,Truth & Liberty Coalition,≤100
300771948461,County Health Rankings & Roadmaps,County Health Rankings & Roadmaps,≤100
106568024842114,Rideshare Assault Support,Injury Match,≤100
164966660351345,Hope Outfitters,Hope Outfitters,≤100
226999127329906,New York Immigration Lawyer,Law Office of Alena Shautsova,≤100
1476342155924546,Big Rig Threads,Big Rig T-Shirts and Decals LLC,≤100
100403528653081,Punchbowl News,Punchbowl News,≤100
392189600337,Minnesota Nurses Association,Minnesota Nurses Association,≤100
50513265848,Citizens United,Citizens United,≤100
110589583842808,Union Built Matters NYC,Union Built Matters,≤100
346612865750115,Korea Defense Veterans Association,Korea Defense Veterans Association,≤100
102579112455934,Making The Leap Podcast,Stanley M. Herzog Charitable Foundation,≤100
1018654714824453,Maccabee Task Force,Maccabee Task Force Foundation,≤100
136362309708243,Restaurant Opportunities Centers United (ROC United),"RESTAURANT OPPORTUNITIES CENTERS (ROC) UNITED, INC.",≤100
103948701221001,Pro-Life Flag Project,Pro-Life Flag Project,≤100
49275915266,MSI Reproductive Choices,MSI-US,≤100
110010433804232,Standing For Freedom Center,Standing for Freedom Center,≤100
101103254533,SOS International,SOS International,≤100
190198574334684,FHE Health,THE FLORIDA HOUSE EXPERIENCE M,≤100
97466887664,Innocence Project,"INNOCENCE PROJECT, INC., THE",≤100
464998390249008,The Independence Fund,"INDEPENDENCE FUND, INC, THE",≤100
182620315479,Plan International USA,Plan International USA,≤100
331037760381749,Sierra Magazine,SIERRA CLUB,≤100
339432396135584,The Exodus Road,The Exodus Road,≤100
9694956217,Animal Legal Defense Fund,ANIMAL LEGAL DEFENSE FUND,≤100
116270408400111,Minnesota Power an ALLETE Company,These ads ran without a disclaimer,≤100
102947668622,Presente.org,Presente.org,≤100
38897314734,Trust for Public Land,"TRUST FOR PUBLIC LAND, THE",≤100
102044622753692,American Potential Podcast,AMERICANS FOR PROSPERITY,≤100
999556810102061,Signature Seas,Signature Seas,≤100
77675748950,New Israel Fund,"NEW ISRAEL FUND, THE",≤100
142957224352,International Medical Corps,International Medical Corps,≤100
100389512764589,Scribble Blog,These ads ran without a disclaimer,≤100
250485248333218,Clean Air Task Force,CLEAN AIR TASK FORCE,≤100
124451551318,Rose Community Foundation,ROSE COMMUNITY FOUNDATION,≤100
162069790604,AARP Arizona,AARP,≤100
107645227592678,To Which We Belong,Mystic Artists,≤100
309798029121030,Everytown for Gun Safety,Everytown for Gun Safety Action Fund Inc,≤100
110094158160834,The American Tribune,Michael Scott Hughes,≤100
8524198486,Physicians Committee for Responsible Medicine,"PHYSICIANS COMMITTEE FOR RESPONSIBLE MEDICINE, INC.",≤100
14960614435,Ben Jealous,Gilbert Lunsford Jr Eugene,≤100
499379343409991,Impact Fund,"IMPACT FUND, THE",≤100
1898234727131235,Reel America,BizPac Review,≤100
269479249997,NSSF—The Firearm Industry Trade Association,National Shooting Sports Foundation,≤100
322728757761954,Victor Marx,These ads ran without a disclaimer,≤100
279799525443906,HELPS Nonprofit,HELPS Nonprofit Law Firm,≤100
537534316395916,Students for Trump,Turning Point Action,≤100
109366181861530,President Trump is My Wingman,Jason Donald Robertson,≤100
102142101657930,OurFight.online,Our Fight Inc,≤100
546066468753446,Black Health Matters,BLACK HEALTH MATTERS FOUNDATION INC,≤100
101791315693,Destiny Rescue,"Destiny Rescue International, Inc.",≤100
49421708941,Americans for Limited Government,AMERICANS FOR LIMITED GOVERNMENT IN,≤100
101647259395520,Project on Constitutional Originalism and CIT,Project on Constitutional Originalism and CIT - Catholic University of America,≤100
232467307162583,Farm Action,Family Farm Action Inc,≤100
381578445243960,Kristan Hawkins,"STUDENTS FOR LIFE OF AMERICA, INC.",≤100
115379705206001,U.S. Department of Homeland Security Blue Campaign,These ads ran without a disclaimer,≤100
1425435377743310,Conversations with Bill Kristol,FOUNDATION FOR CONSTITUTI,≤100
44357672795,Independent Institute,"INDEPENDENT INSTITUTE, THE",≤100
430869277025501,Dr. Nancy O'Reilly,"WOMEN CONNECT4GOOD, INC.",≤100
103426858855557,Eyes That Speak by Christy Bowe,Gilbert Lunsford Jr Eugene,≤100
125120044171675,"City of Lancaster, CA – Government","LANCASTER, CITY OF",≤100
8321461609,MomsRising.org,MomsRising Together,≤100
102286035642350,Patriots for USA,USA Features Media LLC,≤100
165674110118949,Clearing out the Clutter,Colin D Moore,≤100
110307935276199,Stand Against Monopolies,"Stand Against Monopolies, LLC",≤100
102596355656379,Red Wave News Updates,Michael Scott Hughes,≤100
494259170754224,Keeping IDentities Safe,KEEPING IDENTITIES SAFE,≤100
83960796709,Institute for Southern Studies,INSTITUTE FOR SOUTHERN STUDIES INC,≤100
263311807031163,Sasha Issenberg,EmmKay Media,≤100
170126260000702,Western Journal US News,The Western Journal,≤100
50982313030,Food & Water Watch,Food & Water Watch,≤100
9364828262,Citizens Against Government Waste,CITIZENS AGAINST GOVERNMENT WASTE,≤100
106012960870435,Wall Street Rebel,These ads ran without a disclaimer,≤100
366351973736242,Red Rock Secured,Red Rock Secured,≤100
106862204671108,The Deplorable Americans,Justin Gustafson,≤100
303374266418976,AFPM,American Fuel & Petrochemical Manufacturers,≤100
1503295233268493,Lebowski Lovers,The Dude's Threads,≤100
131306317680000,Social Goods,"Social Goods, LLC",≤100
109819009036381,The New York Sun,NEW YORK SUN COMPANY LLC,≤100
142260190351,Comment Magazine,"Cardus, Inc.",≤100
101107088856925,Frank McCormick,Francis J Mccormick,≤100
262902450432,TeachKind,PEOPLE FOR ETHICAL TREATMENT OF ANIMALS INC,≤100
36872302227,Cory Booker,CORY BOOKER FOR SENATE,≤100
125937197447634,ACTA - American Council of Trustees and Alumni,AMERICAN COUNCIL OF TRUSTEES AND ALUMNI,≤100
28446275521,Military Officers Association of America (MOAA),Military Officers Association of America,≤100
100388729554147,COL Fashion,Culture of Life,≤100
153718778006865,CDC VetoViolence,CDC VetoViolence,≤100
102745147891580,Trump Coolers,Trump Coolers,≤100
7630216751,DoSomething.org,DOSOMETHING.ORG,≤100
610264146298573,The American Council,The American Council for Evangelicals,≤100
100182009621651,Animals of Ukraine - Searching for Nika,Howard and Cooper Consulting,≤100
15503839732,Peter G. Peterson Foundation,Peter G. Peterson Foundation,≤100
100123286264769,Tanner DiBella,American Council for Evangelicals,≤100
163662804426854,Life Advancement Group,Nathan Montgomery Berning,≤100
74470852653,Mike Pompeo,Champion American Values PAC,≤100
210937299260017,USA Features Media,USA Features Media LLC,≤100
174793662656828,Colorado Peak Politics,Peak Politics LLC,≤100
101239962270235,Bright Future Iowa,Bright Future Iowa,≤100
79125112926,Students for Life of America,"STUDENTS FOR LIFE OF AMERICA, INC.",≤100
143173285763,Tenth Amendment Center,Tenth Amendment Center,≤100
142932506806,Texas Alliance for Life,"Texas Alliance for Life, Inc.",≤100
143981748956175,Rural Assembly,Rural Assembly,≤100
246491525549550,Ed Post,Education Post,≤100
11918108948,African Wildlife Foundation,AFRICAN WILDLIFE FOUNDATION,≤100
164049599660,Catholic Relief Services en español,CATHOLIC RELIEF SERVICES,≤100
100158948453494,Lars for President,LARS MAPSTEAD FOR PRESIDENT,≤100
102794658754102,Daily Freedom,Trending Views,≤100
101581329115492,Freedom Street,Jason Donald Robertson,≤100
102711341886833,Forever Scholars,These ads ran without a disclaimer,≤100
223922031074790,The Abortion Survivors Network,The Abortion Survivors Network,≤100
1406149713044974,Intellectual Judaism,Intellectual Judaism,≤100
139835646030666,Alliance for Aviation Across America,Alliance for Aviation Across America,≤100
304842759546695,Brooklyn Institute for Social Research,Brooklyn Institute for Social Research,≤100
103316295438939,Lost Debate,Lost Debate,≤100
103328515934791,Take Back 2024,The Blue State Conservative,≤100
72092591211,FBI – Federal Bureau of Investigation,Federal Bureau of Investigation,≤100
100854669301305,Matt Hoggatt for Justice Court Judge - District 3,Matthew Hoggatt,≤100
399060493533519,The Justice Foundation,JUSTICE FOUNDATION,≤100
2168484930102843,EJ Moonshot,EJ Creations LLC,≤100
238437272883519,Houston Arts Alliance,Houston Arts Alliance,≤100
6165653060,AFSCME,AMERICAN FEDERATION OF STATE COUNTY & MUNICIPAL EMPLOYEES,≤100
169710960125365,Curzio Research,Curzio Research,≤100
83865976093,Truthout,TRUTHOUT,≤100
108433238844,CWEB,CWEB Inc.,≤100
77130778113,Coalition for Medicare Choices,The Coalition for Medicare Choices,≤100
101204378825808,Fight the Right,FIGHT THE RIGHT PAC,≤100
153704007991524,Women's Earth and Climate Action Network,Women's Earth and Climate Action Network (WECAN) International,≤100
90022052772,Williams,"WILLIAMS COMPANIES, INC., THE",≤100
192609620649,The University of Chicago,The University of Chicago,≤100
100607179026941,Of Thee I Sing 1776,Harold Gershowitz,≤100
110847324610299,The Minister Of Wellness Ministries,The Minister Of Wellness Ministries LLC,≤100
2188424341404612,Project Ready,Project Ready,≤100
87777747127,Greg Palast,Palast Investigative Fund,≤100
1835838916635491,Transamerica Institute,Transamerica Center for Health Studies,≤100
181924628560212,SumOfUs,SumOfUs,≤100
164427643612907,Futures Without Violence,FUTURES WITHOUT VIOLENCE,≤100
130130503698358,Eastern European Mission,EASTERN EUROPEAN MISSION,≤100
191247007554047,Center of the American Experiment,Center of the American Experiment,≤100
1553978148244954,Build With Strength,Build With Strength,≤100
105348224679358,The Don't Unfriend Me Show,DONT UNFRIEND ME,≤100
258186881053838,Dave Yarnes,Dave Yarnes,≤100
1013304945470529,My Pride Apparel,My Pride Apparel,≤100
100669759529540,Resist 46,Resist 46,≤100
109475211795252,Freedom From The Press,Michael Scott Hughes,≤100
113341457791145,Voices for Healthy Green Spaces,Voices for Healthy Green Spaces,≤100
249557685489132,Spiritual and Practical Socialism,Michael Robert Mccormick,≤100
1428755447227803,Defend The Second,Next Level Goods,≤100
101312698628642,Ryan Samuels,Ryan Francis Samuels,≤100
107356708329311,Conservative News Stories,William Gordan Tanner,≤100
107764430968176,Tuttle Twins TV Show,"Tuttle Twins Show, LLC",≤100
169042736456594,All Out,All Out Action Fund.,≤100
102176712079037,Daily Floridian,Daily Floridian,≤100
250937275581234,Problk Health,Problk Health LLC,≤100
101308925134403,BlackPush Inc.,BlackPush Inc,≤100
105334892381660,AmericanTowns Politics,AMERICAN TOWNS,≤100
59254639983,Boston Medical Center,BOSTON MEDICAL CENTER,≤100
45372564473,The Mark Twain House & Museum,MARK TWAIN MEMORIAL,≤100
111333413863498,Freedom First Society,FREEDOM FIRST SOCIETY,≤100
50225580752,Library Love Fest,HARPERCOLLINS PUBLISHERS L.L.C.,≤100
2353537341582545,Proud Patriots,Proud Patriots,≤100
2070944712939738,American Police Officers Alliance,American Police Officers Alliance,≤100
105442191724004,Your Patriot Store,EZPole Flagpoles,≤100
152264148166020,Moms Clean Air Force,Moms Clean Air Force,≤100
497348647140658,Point Source Youth,Point Source Youth,≤100
238473269650980,Capital & Main,CAPITAL & MAIN,≤100
108180206470137,Iowans for Wind & Solar,270 Strategies,≤100
166194476728392,Center Street,"Hachette Book Group, Inc.",≤100
198062237680310,Kevin Jackson,GovCloud Network LLC,≤100
936968016365794,The Eric Metaxas Radio Show,Salem Media,≤100
100562019990818,U.S. Term Limits,U.S. Term Limits Inc.,≤100
110768725009358,Connecticut Office of Workforce Strategy,CT The Office of Workforce Strategy,≤100
28483858161,Texas Scorecard,ScorecardMedia,≤100
102047517918,The Commonwealth Fund,"COMMONWEALTH FUND, THE",≤100
276076196388914,Coffee & Pan Dulce Show,Coffee & Pan Dulce Show,≤100
1376465702586897,Coloradans for Responsible Energy Development,Coloradans for Responsible Energy Development,≤100
108028728590880,CTLPod,POPULATION MEDIA CENTER INC,≤100
1448985902033866,Trans Lifeline,Trans Lifeline,≤100
106050588962760,Citizens for Better Government,Citizens for Better Government,≤100
108108121456950,Blue States PAC,BLUE STATES PAC,≤100
106582384539447,Design for Freedom by Grace Farms,"GRACE FARMS FOUNDATION, INC.",≤100
115489644380953,Build Your Teaching Toolbox,Pubvendo LLC,≤100
103929304678916,Voter Action Project,Integrity First Voter Action Project,≤100
126855128568,FEBC (Far East Broadcasting Company),"FAR EAST BROADCASTING COMPANY, INC.",≤100
154930410085,"Zion Oil and Gas, Inc.","Zion OIl & Gas, Inc.",≤100
117507751891,United Poultry Concerns,"UNITED POULTRY CONCERNS, INC",≤100
113318901345595,Baby Patriots,Proud Patriots,≤100
114456680428182,SAGE,Seafood and Gender Equality (SAGE),≤100
126037931371545,Law Offices of Jonathan K. Park & Associates,Law Offices of Jonathan K. Park & Associates,≤100
304492001817,Emma's Revolution,Sandra Elaine Opatow,≤100
1581819558516148,Nunn Bush,Weyco Group,≤100
512954815727434,Jake Ellzey,JAKE ELLZEY FOR CONGRESS,≤100
106909358810669,Stop RCV,Stop RCV,≤100
111824001908,Hakeem Jeffries,JEFFRIES FOR CONGRESS,≤100
2099448153445994,Students for Life Action,Students for Life Action,≤100
17414523278,Democracy Now!,DEMOCRACY NOW,≤100
130848666099,Business Forward,Business Forward Inc.,≤100
543055672532190,ConnecticutEast,Brian Scott-Smith - Broadcaster,≤100
7219151423,The Fund for American Studies (TFAS),FUND FOR AMERICAN STUDIES,≤100
217187838327836,The Story Exchange,The Story Exchange Foundation,≤100
104657602040321,Truth Media,Truth Media,≤100
101350839190816,Macro Conservative,Macro Conservative,≤100
118283728182293,SEIU Healthcare IL & IN,SEIU Healthcare Illinois & Indiana,≤100
93893978573,National Council on Problem Gambling,NATIONAL COUNCIL ON PROBLEM GAMBLING,≤100
117592091643709,Tree of Life Ministries｜Evangelism in Israel,Tree of Life Ministries,≤100
43853729859,Campaigns & Elections,Political World Communications,≤100
338218229911752,Integrity First PAC,INTEGRITY FIRST PAC,≤100
227594571444676,Building New York's Best,Carpenter Contractor Alliance of Metropolitan New York,≤100
102230249080409,Freedom First,Jason Donald Robertson,≤100
113338060505262,The Record by Recorded Future,These ads ran without a disclaimer,≤100
102712325850529,Libratum Press,Libratum Press LLC,≤100
109068551731974,Sillychillly,Marc Alan Goldstein,≤100
356431274698532,Ryan Hampton,Ryan Hampton,≤100
416384822549260,A Better Delaware,A Better Delaware,≤100
101769576791,Health Action Network,Health Action Network,≤100
19219803864,Tax Foundation,Tax Foundation,≤100
107726137669311,B3K Prosperity,B3K Prosperity,≤100
102262718547519,Crazy Uncle Gil,Gilbert Cuevas,≤100
293587294678559,Bienvenido,"Bienvenido, USA",≤100
96931493939,Californians Against Higher Taxes,Californians Against Higher Taxes,≤100
101377889168483,Gumbo Limbo Coastal Stewards,"Gumbo Limbo Coastal Stewards, Inc.",≤100
109575145733890,McGuireWoods Consulting,McGuireWoods Consulting LLC,≤100
100113541464939,Start Early,Start Early,≤100
118737467661,New York State Department of Labor,New York State Department of Labor,≤100
270826723039149,The Coalition to Protect Americas National Parks,"COALITION OF NATIONAL PARK SERVICE RETIREES, INC.",≤100
238278610822,aish.com,These ads ran without a disclaimer,≤100
1527499704232460,Virginia Interfaith Power & Light,Virginia Interfaith Power and Light,≤100
701541503526361,Arizona Leadership Coalition,Arizona Leadership Coalition,≤100
102204903345,The Vilcek Foundation,"VILCEK FOUNDATION, INC., THE",≤100
101674425989138,MIT Economics Survey on Climate Change,"MIT Climate Change Survey, MIT Department of Economics",≤100
143063095713907,Hep,"CDM PUBLISHING, LLC",≤100
103151299277448,House Accountability War Room,House Accountability War Room,≤100
106058025408954,Do No Harm Medicine,Do No Harm,≤100
101466816025710,Renew Healthcare,Quantum Digital Media Inc.,≤100
1409136279195797,Jackie Hope Glass,Jackie Glass for Norfolk,≤100
261951940219,Goldman Environmental Prize,Goldman Environmental Foundation,≤100
10524033745,Remote Area Medical - RAM,REMOTE AREA MEDICAL,≤100
164910997030997,Bayer U.S.,These ads ran without a disclaimer,≤100
22560886676,Ché Ahn,Che Ahn Ministries,≤100
169282116541956,El Nuevo Georgia,New Georgia Media Inc dba El Nuevo Georgia Newspaper,≤100
352299403906,Oxygen Plus,These ads ran without a disclaimer,≤100
119049414803510,The American Spectator,These ads ran without a disclaimer,≤100
104521238896557,June Marie Paintings,June-Marie Paintings,≤100
100221986153813,Lou's Daily News,Michael Scott Hughes,≤100
106602704371225,Rob is Right,Rob is Right,≤100
36091862898,The Mackinac Center for Public Policy,Mackinac Center for Public Policy,≤100
77278490877,National Corn Growers Association,National Corn Growers Association,≤100
240674232719676,Compassion Games: Survival of the Kindest,These ads ran without a disclaimer,≤100
207833736045744,MHAction.org,Patrick R. McHugh,≤100
436554293150880,Zero Foodprint,Zero Foodprint (Formerly the Perennial Farming Initiative),≤100
8473889271,National Parks Conservation Association,National Parks Conservation Association,≤100
100124709108034,Patriot One News,Matt Clark Agency,≤100
131664893560695,Origins OSU,Origins: Current Events in Historical Perspective,≤100
102693612110382,California Local,CALIFORNIA LOCAL,≤100
227535924071462,Animal Petitions,AnimalPetitions.org,≤100
1838334079594344,UPS Teamsters United,Teamsters for a Democratic Union (TDU),≤100
1747038068858379,Las Madrinas de los Seguros,"Living Secure Insurance Advisors, Inc.",≤100
1444820465547227,Rank the Vote,Rank the Vote,≤100
262164587131475,Free martial arts material for your own local school teachers to use,Ryan Gilbert,≤100
111904024679959,Bold Majority,BOLD MAJORITY PAC,≤100
273546779885377,The Gallant Pelham,"delupton, LLC",≤100
915656035153394,Oceanites,OCEANITES INC,≤100
110581815133122,Ty Tybx,These ads ran without a disclaimer,≤100
186977768011413,Ironworkers Rising,"International Association of Bridge, Structural, Ornamental, and Reinforcing Iron Workers",≤100
106746992189224,The State of Women Podcast,POPULATION MEDIA CENTER INC,≤100
285896596755,Fight the New Drug,FIGHT THE NEW DRUG INC,≤100
102590994772178,Social Democratic Advocacy,Steven J. Schwartzberg,≤100
104614641200137,MeidasTouch,MEIDASTOUCH,≤100
1560286300899883,Diabetes Patient Advocacy Coalition,Diabetes Patient Advocacy Coalition,≤100
100978046207814,Ryan Chamberlin for State House District 24 - Florida,Ryan Chamberlin Campaign,≤100
773432316041673,Calvary South Austin,Calvary South Austin,≤100
109374912424067,Drew McKissick,DrewMcKissick.com,≤100
103880631874223,Larry Silver Jr for Mayor of  Greenfield Indiana,Larry Wayne Silver,≤100
133937690180,Student Conservation Association,Student Conservation Association,≤100
100983515068287,"Justice For Greenwood Foundation, Inc.",Justice for Greenwood Foundation Inc,≤100
594519783957655,Citizens for National Security,Citizens For National Security,≤100
662962894077729,The Well News,The Well News,≤100
75774105475,Knights of Columbus,Knights of Columbus,≤100
114822851867896,"Stop Abuse, Inc.",These ads ran without a disclaimer,≤100
630051837148432,"NaTasha Aramis, Realtor",These ads ran without a disclaimer,≤100
102287322041963,Joe McKenney - Great Falls City Commissioner,Joseph Edward Mckenney,≤100
488740674837681,198 Methods,198 methods,≤100
1390234607928421,"Lieber & Lieber Law Group, LLP",These ads ran without a disclaimer,≤100
1191336950894416,City of Carlsbad NM Government,Social Media Manager,≤100
157596564371710,Americans for Prosperity-New Mexico,AMERICANS FOR PROSPERITY,≤100
139034619493222,CUNY Citizenship Now,CUNY Citizenship Now!,≤100
401240226922554,VoLo Foundation,VoLo Foundation,≤100
220538341415523,The Satanic Temple,The Satanic Temple,≤100
562951500544269,Go Finger Lakes,FINGER LAKES LAND TRUST INC,≤100
7292655492,MoveOn,MOVEON.ORG CIVIC ACTION,≤100
217137015152702,National Sikh Campaign,National Sikh Campaign,≤100
568103006940639,Law Office of Gary J. Kim,Law Offices of Gary J. Kim,≤100
138492335404,Scott Walker,FORWARD USA FEDERAL POLITICAL ACTION COMMITTEE,≤100
50714237985,The Rutherford Institute,RUTHERFORD INSTITUTE,≤100
7757414599,"Denver Climate Action, Sustainability and Resiliency","The Denver Office of Climate Action, Sustainability, and Resiliency",≤100
64206021703,National Committee to Preserve Social Security and Medicare,NATIONAL COMMITTE TO PRESERVE SOCIAL SECURITY AND MEDICARE,≤100
403737406341879,National Women's Health Network,NATIONAL WOMENS HEALTH NETWORK,≤100
109353448580477,Trust Consulting Services,These ads ran without a disclaimer,≤100
505082913012317,Must Read Alaska,Must Read Alaska LLC,≤100
503699929651019,Washington Times Opinion,Washington Times,≤100
1505244559517282,Colin Allred,COLIN ALLRED FOR CONGRESS,≤100
85252863415,National Latina Institute for Reproductive Justice,NATIONAL LATINA INSTITUTE FOR REPRODUCTIVE HEALTH,≤100
110869008082357,Take Back Action Fund,Take Back Action Fund,≤100
107326878275017,National Pretrial,National Pretrial,≤100
338758899543225,Alan Wilson,Alan Wilson for Attorney General,≤100
18017481462,Acton Institute,Acton Institute,≤100
156639744364486,NCTA: The Internet and Television Association,These ads ran without a disclaimer,≤100
2310488009211056,Poder Latinx,Poder Latinx,≤100
210455593021382,Health Care Voices,"Health Care Voices, a project of Social Good Fund",≤100
110519061420262,Fox Chill,These ads ran without a disclaimer,≤100
101390336151927,Culver for State Senate,Citizens for Lynda Schlegel Culver,≤100
534332363577954,Political scrapbook,David Granville Hough,≤100
1881534942159746,Comedian Jeremy Nunes,Front Porch Entertainment Inc,≤100
10606591490,TIME,These ads ran without a disclaimer,≤100
114128055303516,ProgressNow New Mexico,ProgressNow New Mexico,≤100
265584563563176,JCRC of Greater Washington,The Jewish Community Relations Council of Greater Washington,≤100
110173334559864,I NEED BLUE,These ads ran without a disclaimer,≤100
117165741681229,International Crane Foundation,"INTERNATIONAL CRANE FOUNDATION, INC.",≤100
168260443209245,WAKE,These ads ran without a disclaimer,≤100
5878048748,GlobalGiving,"GLOBALGIVING FOUNDATION, INC.",≤100
100806242836871,Preservation Pause,University of Arizona Indigenous Peoples Law and Policy Program,≤100
104916968538177,TIS 이주공사,TIS VISA CORPORATION,≤100
103047259150209,What I Want to Know with Kevin P. Chavous,"Stride, Inc.",≤100
101384961651764,Louisiana Policy Review,Louisiana Policy Review,≤100
255486647814076,Penguin Kids,Penguin Random House,≤100
14084625156,Susan G. Komen,Susan G. Komen,≤100
76523801829,the Christian Century,CHRISTIAN CENTURY,≤100
658879504288370,Choose Life Marketing,Choose Life Marketing,≤100
104178088892414,Yemi Mobolade,FRIENDS OF YEMI,≤100
18780321251,American Chemistry,American Chemistry Council,≤100
150127528352944,Food Integrity Campaign,GOVERNMENT ACCOUNTABILITY PROJECT INC,≤100
452797224923658,The Democratic Coalition,THE DEMOCRATIC COALITION,≤100
481331019059116,The Published Reporter,The Published Reporter,≤100
105800435721037,The Right Hour,Logan Thomas Corson,≤100
1720878078241107,Conservative Move,Conservative Move,≤100
653918824803452,WCS Newsroom,Wildlife Conservation Society,≤100
98912141410,American Forests,These ads ran without a disclaimer,≤100
265422574342229,Life Equip Global,Life Equip Global,≤100
480278498670815,Danimer Scientific,Danimer Scientific,≤100
102198238720918,Every Day Koala Travel,These ads ran without a disclaimer,≤100
168997603171090,Voices  for Children Advocacy Center,Voices for Children Advocacy Center,≤100
112203121682194,Deviate from Denial Book,Pubvendo LLC,≤100
106422508278960,Unsung History,Kelly T Pollock,≤100
122171757830704,Travel Research Online,Travel Research Online,≤100
101686835011266,HIRE OC,H.I.R.E.,≤100
199891603386344,Common Ground Committee,Common Ground Committee,≤100
485068924838758,EARN - Employer Assistance and Resource Network on Disability Inclusion,Employer Assistance and Resource Network on Disability Inclusion (EARN),≤100
169840807024913,Jobob,The Jobob Show,≤100
1341928059269714,Delano King Foundation,These ads ran without a disclaimer,≤100
216141775201723,Priorities for Iowa,"Priorities for Iowa, Inc",≤100
231149424460133,End It For Good,"END IT FOR GOOD, INC.",≤100
311536622860495,SoCal Daily Pulse,SoCal Daily Pulse,≤100
112022491619318,American Apex News,Logan Thomas Corson,≤100
427894554064855,TurboTenant,These ads ran without a disclaimer,≤100
24844979499,Heartbeat International,HEARTBEAT INTERNATIONAL INC,≤100
157521957980788,Reimagining the Civic Commons,Reimagining the Civic Commons,≤100
65727594614,Brandon Creighton,Friends of Brandon Creighton,≤100
112832788362015,oleksii_prokopenko,These ads ran without a disclaimer,≤100
102762964438534,Prince Rav Yisrael For Sparta,Anayah Yisrael,≤100
2007361039550045,"Center for Free, Fair, and Accountable Democracy","CENTER FOR FREE, FAIR, AND ACCOUNTABLE DEMOCRACY, INC.",≤100
74261463421,AFSCME Council 28 WFSE,"WASHINGTON FEDERATION OF STATE EMPLOYEES, AFL-CIO",≤100
112602535494455,The Reporters Inc,REPORTERS INC,≤100
55594396641,AARP Texas,AARP,≤100
109210280997827,xdeltabravodelta,These ads ran without a disclaimer,≤100
1883837055193241,Shield Republic,Shield Republic,≤100
19774119425,Habitat for Humanity,Habitat for Humanity International,≤100
100710759119069,Blue Planet Ecosystem,Blue Planet Ecosystem,≤100
131023707236064,Applecart,Project Applecart LLC,≤100
110421204597623,No B.S with Jamie,James Wilber Hough,≤100
104295302511939,Troy Smith for Panola County Coroner,Troy Smith for Panola County Coroner,≤100
475778355919914,Simbaly,These ads ran without a disclaimer,≤100
1381639055238172,Hippie and a Veteran,Lauren Marie Feringa,≤100
459338700775529,QuakerSpeak,FRIENDS PUBLISHING CORP,≤100
337017506309686,"City of Spartanburg, SC",City of Spartanburg,≤100
263527537245,Minnesota Governor's Council on Developmental Disabilities,Minnesota Governor's Council on Developmental Disabilities,≤100
251542931536626,Children's Wisconsin,These ads ran without a disclaimer,≤100
102252122442327,House On Fire,The CLEO Institute,≤100
251512801547984,Ken King,Ken King for State Representative,≤100
993294760683044,Education Reform Now,EDUCATION REFORM NOW ADVOCACY INC,≤100
495784017277318,21st Century Civics,Montie Morris Rainey,≤100
133753583953215,American History in 90 Minutes - The Common-Sense Guide to U.S. History,American History in 90 Minutes,≤100
109866370700481,PushBlack Finance,PushBlack,≤100
170169493012341,The Fund for Global Human Rights,FUND FOR GLOBAL HUMAN RIGHTS,≤100
100440371438615,Vice Mayor Chris Faraldi,Faraldi for Lynchburg,≤100
110270970151,Slow Food USA,SLOW FOOD USA,≤100
164223783681838,Tax Talk Today,"Tax Talk Today, Inc.",≤100
105502959483490,Remember in November,Antonina Rosa Gagliano,≤100
349528025129958,"Brevard County Sheriff's Office, Florida (Official)",Robert Wayne Ivey,≤100
128967667298112,Math4cure,Karen Beth Young,≤100
106095601125529,"Reaching Everyone In Distress Foundation, Inc.",Reaching Everyone in Distress Foundation Inc.,≤100
170004579701070,RootsAction,Action For A Progressive Future,≤100
187713745097888,Save the Alamo,Save The Alamo Committee,≤100
1599237673639735,Change Media Group,Change Media Group,≤100
166060673456299,League of Women Voters of Wisconsin,LEAGUE OF WOMEN VOTERS OF WISCONSIN INC,≤100
44228398202,ONE Community,"ONE Community Media, LLC",≤100
107931151953032,Kodie Kulp,Wesley Allen,≤100
1420200111329836,Alan C. Moore,Alan Christopher Moore,≤100
230215873834062,Norfolk County Republican Committee,Norfolk County Republican Committee,≤100
150559895031,Rapha International,"Rapha House International, Inc.",≤100
110752871069652,Ohio Conservatives PAC,Ohio Conservatives PAC,≤100
99050726344,Phillips Theological Seminary,PHILLIPS THEOLOGICAL SEMINARY,≤100
105495775564367,President Trump Updates,Logan Thomas Corson,≤100
33699882778,Dr. Bronner's,Dr. Bronner's,≤100
113205131621824,WorldOrder.News,WorldOrder.News,≤100
359176490437,Oregon Nurses Association,OREGON NURSES ASSOCIATION,≤100
1700346616875396,Bienvenido Action,BIENVENIDO IN ACTION,≤100
273467783533952,"Amourence Lee, San Mateo Mayor",Amourence M Lee,≤100
103592378623592,Truth Over Tribe,Truth Over Tribe,≤100
59145902115,Good Jobs First,Good Jobs First,≤100
108072173995375,End MSOP,End MSOP,≤100
87377228013,Side with Love,UNITARIAN UNIVERSALIST ASSOCIATION,≤100
108292944333886,"Julia Sullivan, Author",Julia E. Sullivan,≤100
362669097171780,Americans for Prosperity Foundation New Mexico,Americans for Prosperity Foundation,≤100
110322138238412,Back the Blue Line,Front Line Support Inc.,≤100
96286403078,iHeartDogs.com,HomeLife Media,≤100
1226854550711523,Get Biofuel,Get Biofuel,≤100
102212201598080,Texans for Fiscal Responsibility,Texans for Fiscal Responsibility,≤100
111204039054580,Konni Burton,Konni Burton,≤100
277550205502,National Religious Campaign Against Torture,NATIONAL RELIGIOUS CAMPAIGN AGAINST TORTURE,≤100
449532451834913,Fishers Finery,Fishers Finery,≤100
107622955460520,Lindsey Brock for City Council,Lindsey Brock for City Council,≤100
86711894400,National Write Your Congressman,National Write Your Congressman,≤100
100441048861843,LaborLab,These ads ran without a disclaimer,≤100
513785465632396,Airline Passengers for Justice,Airline Passengers for Justice,≤100
102846075845429,Equitable Education Fund Thailand,These ads ran without a disclaimer,≤100
102296279249999,To_Preserve_,These ads ran without a disclaimer,≤100
107291192257664,FSU Merignac.,These ads ran without a disclaimer,≤100
1929961157257985,Nostalgic Daily Feed,These ads ran without a disclaimer,≤100
100409456255192,neptunianglitterball,These ads ran without a disclaimer,≤100