﻿Page ID,Page name,Disclaimer,Amount spent (GBP)
7715002593,UNICEF UK,Unicef UK,≤100
102639461303190,Fair Pay For All,Fair Pay For All,≤100
311627208673,WWF UK,WWF UK,≤100
106626487721376,Amazon Europe,Amazon Europe,≤100
9250349228,Greenpeace UK,Greenpeace UK,≤100
110861655604080,Friends of the Earth,Friends of the Earth (EWNI),≤100
799576543492660,The Week Junior,The Week Junior,≤100
7527864602,WaterAid UK,WaterAid UK,≤100
167898406587045,Holiday Extras,Holiday Extras,≤100
117476785190,Save the Children UK,Save the Children UK,≤100
18168505158,The Woodland Trust,Woodland Trust,≤100
569834799727730,National Grid UK,National Grid UK,≤100
107509044383300,Médecins Sans Frontières / Doctors Without Borders (MSF),Médecins Sans Frontières / Doctors Without Borders (MSF),≤100
55984857501,Open Doors UK & Ireland,Open Doors with Brother Andrew,≤100
220543443746,International Rescue Committee - UK,International Rescue Committee UK,≤100
101602743218479,Stop It Now! UK and Ireland,"Stop It Now! UK and Ireland, The Lucy Faithfull Foundation",≤100
190330747706140,UNISON,UNISON,≤100
177855115588808,The Week UK,The Week UK,≤100
103662352102391,Family Debt Help,Ian Keith Parsons,≤100
121936349543,World Vision UK,World Vision UK,≤100
490007667679401,Hugh James,Hugh James,≤100
290498754454402,European Movement UK,European Movement UK,≤100
105298484651843,SME Climate Hub,SME Climate Hub,≤100
1660600037490738,Guardian Labs,Guardian Labs,≤100
348366988862054,Oxfam Campaigns,Oxfam Great Britain,≤100
601388547012748,Ecologi,Ecologi,≤100
107818238902501,Ocean Census,Ocean Census,≤100
183578656917,Wellcome Trust,Wellcome Trust,≤100
10677003998,Shelter,Shelter,≤100
169042736456594,All Out,All Out,≤100
7624294394,Amnesty International UK,Amnesty International UK,≤100
35671512696,World Animal Protection UK,World Animal Protection UK,≤100
111439015547005,Masdar,These ads ran without a disclaimer,≤100
164362913586214,Womankind Worldwide,Womankind Worldwide,≤100
102419351480447,Budweiser Brewing Group UK&I,AB InBev,≤100
13655260370,Penguin Books,Penguin Books,≤100
106205865302441,Just Stop Oil,Just Stop Oil,≤100
19110072263,FOUR PAWS,FOUR PAWS GB,≤100
705825476138789,Hubbub,Hubbub,≤100
3190660567626119,Dad’s In Debt.,Dadsindebt,≤100
246872175166,Action Against Hunger UK,Action Against Hunger UK,≤100
342479172537927,The Tree Council,The Tree Council,≤100
98673036962,ROLDA,These ads ran without a disclaimer,≤100
353224381469808,ifaw,IFAW,≤100
124471347603278,Positive Money UK,Positive Money,≤100
114651147002520,SSE Energy Solutions,SSE,≤100
241312696375349,National Education Union,National Education Union,≤100
208573062515662,Freedom from Torture,Freedom from Torture,≤100
112845639376,Refugee Action,Refugee Action,≤100
227427673437,Tree Aid,Tree Aid,≤100
104804655677262,Know Violence Against Women,Cambridgeshire Constabulary HQ,≤100
365948210785448,Criminal Injuries Helpline,Criminal Injuries Helpline,≤100
148276958538181,The Royal Society,The Royal Society,≤100
104487412566017,Green_Energy_Assist,Green_Energy_Assist,≤100
220543443746,International Rescue Committee - UK,International Rescue Committee - UK,≤100
281470843253,Dying Matters,Hospice UK,≤100
70847349631,Whale and Dolphin Conservation,Whale and Dolphin Conservation,≤100
101255718164248,350 UK,350.org,≤100
89151782746,Fauna & Flora International,Fauna & Flora International,≤100
112712550420527,Ekō UK,Ekō,≤100
1701849696765542,Prysmian UK,Prysmian UK,≤100
149666996584,Federation of Small Businesses - FSB,Federation of Small Businesses,≤100
107458721218674,ADF UK,ADF UK,≤100
349529338419493,Energy and Utilities Jobs,Joanne Hill,≤100
26698813123,British Red Cross,British Red Cross,≤100
100553032399423,The Fund for Global Human Rights UK,The Fund for Global Human Rights,≤100
101078319487563,Discovering Quakers,Discovering Quakers,≤100
10114144851,NSPCC,NSPCC,≤100
327118287384388,The Institution of Engineering and Technology (IET),The Institution of Engineering and Technology (IET),≤100
18044497940,Plan International UK,Plan International UK,≤100
264444526901270,Human Aid & Advocacy,Human Aid & Advocacy,≤100
2443299312347521,Green New Deal Rising,Green New Deal UK,≤100
46852258376,Anti-Slavery International,Anti-Slavery International,≤100
281925178567,Our Walsall,Our Walsall,≤100
1046117708754519,Care4Calais,Care4Calais,≤100
26806660922,Humanists UK,Humanists UK,≤100
47496679743,The Climate Coalition,The Climate Coalition,≤100
110538548040758,Care2 UK,John Ayling & Associates,≤100
9695206314,Sustrans,Sustrans,≤100
249209468838241,Good Law Project,Good Law Project,≤100
45599299724,Atlantic Books,Atlantic Books Ltd,≤100
19746387261,Humane Society International,These ads ran without a disclaimer,≤100
100460115820499,Recork,Recork,≤100
141193355899365,Alabaré,Alabaré Christian Care & Support,≤100
1503185916668051,Left Book Club,Left Book Club,≤100
19895907944,CAFOD,CAFOD,≤100
112714651408327,Government Events,Government Events,≤100
183759769950,First News,First News- The Newspaper for Young People,≤100
1731766737063825,Greenspark,Greenspark,≤100
303760836322372,Bullen Healthcare,Bullen Healthcare,≤100
346684596111093,KinKind,KinKind Ltd,≤100
104255571968810,Save My Vape,Save My Vape,≤100
113389667191398,ROOT ZERO,Puffin Produce,≤100
124792554387280,Sterling Law,Sterling Law,≤100
33337561833,Galapagos Conservation Trust,Galapagos Conservation Trust,≤100
159969930741814,The Wildlife Trusts,The Wildlife Trusts,≤100
25040545213,Contact - For families with disabled children,Contact,≤100
97708339756,Action for Children,Action for Children,≤100
46074836918,The Trussell Trust,Trussell Trust,≤100
175067939218623,Mercy Corps - Europe,Mercy Corps Europe,≤100
39195572726,Republic,Republic,≤100
134213516600832,Logistics UK,Logistics UK,≤100
49275915266,MSI Reproductive Choices,MSI Reproductive Choices,≤100
361903630674786,City to Sea,City to Sea,≤100
26321373907,AKT,akt (Albert Kennedy Trust),≤100
25010947137,ShelterBox,ShelterBox,≤100
106552981733110,Project Better Energy,Simplicity Digital Marketing,≤100
158365557945,Unseen & the Modern Slavery Helpline,Unseen UK,≤100
174701239354403,Cirio UK,Cirio UK,≤100
313376249090900,The Humane League UK,The Humane League UK,≤100
534501720220577,Transform Trade,Transform Trade,≤100
32514078659,Liberty,Liberty,≤100
110173697302280,CarbonStore,CarbonStore,≤100
225633950806054,Winchester Action on the Climate Crisis,Winchester Action on Climate Change Ltd,≤100
102749999423262,Save the Shire,Shared Voice,≤100
102959175630065,Net Zero Now,Net Zero Now Ltd,≤100
404114017051274,The Proud Trust,The Proud Trust,≤100
25749647410,The Labour Party,The Labour Party,≤100
97116898596,Sightsavers,Sightsavers,≤100
313047925491394,Healthwatch Birmingham,Healthwatch Birmingham,≤100
105596034195533,Kind Community,Kind Community,≤100
1613703312177789,Remembering Srebrenica - Scotland,Remembering Srebrenica (Scotland),≤100
38877517657,Ecotricity,Ecotricity,≤100
237948976106,The Clapham Grand,These ads ran without a disclaimer,≤100
157492274367801,Cruelty Free International,Cruelty Free International,≤100
102558229408508,Planet Protection Project,Planet Protection Project CIC,≤100
111339325988454,The Coders Guild,The Coders Guild,≤100
146124312762966,Muslim Relief,These ads ran without a disclaimer,≤100
642342482452992,Green Party in Northern Ireland,Green Party Northern Ireland,≤100
753817134629896,"Smith & Pinching, Chartered Financial Planners",Smith & Pinching,≤100
7231383046,RSPCA (England & Wales),RSPCA (England & Wales),≤100
272007306339348,Sutton Liberal Democrats,Sutton Liberal Democrats,≤100
456020261119733,Sound Matters,These ads ran without a disclaimer,≤100
37981137361,The Children's Society,The Children's Society,≤100
2169351726630738,Refill HQ,City to Sea,≤100
1604656329784407,Healthwatch Brent,Healthwatch Brent,≤100
7214031395,Oxfam Great Britain,Oxfam Great Britain,≤100
107715257293611,Certified Sustainable,Certified Sustainable,≤100
104452385073827,Rother Valley Labour Party,Jamie Turner,≤100
97955320269,MAG (Mines Advisory Group),MAG (Mines Advisory Group),≤100
1308172849235040,Hucclecote Parish Council,Hucclecote Parish Council,≤100
59367068326,The Ramblers,The Ramblers,≤100
102962406443212,WWF Cymru,WWF Cymru,≤100
34044296391,Surfers Against Sewage,Surfers Against Sewage,≤100
1863944713844924,Best For Britain,Best for Britain,≤100
1572851269642117,Make Votes Matter,Make Votes Matter,≤100
104783564567494,The Disability Union,The Disability Union,≤100
730993880393394,Michelle O'Neill,Sinn Féin,≤100
105247661026106,Believe in Scotland,Believe in Scotland,≤100
101183108039162,P1vital,P1vital,≤100
102220332025739,Centre for Ageing Better,Centre for Ageing Better,≤100
202480635550,Care,CARE,≤100
104739198696692,Oltco Ltd,Oltco Ltd,≤100
109240734136840,SeriousFeather,Serious Feather,≤100
106073211531467,Oltco Ltd,Oltco Ltd.,≤100
360322167647280,"Mayor of London, Sadiq Khan",The Greater London Authority,≤100
103098208547214,Oltco Ltd,Oltco Ltd,≤100
100172476278127,Easy Study,These ads ran without a disclaimer,≤100
232265193848519,Lynette Marie,These ads ran without a disclaimer,≤100
100947632798825,Kami no Michi,These ads ran without a disclaimer,≤100
116355337718182,Moli lulu,These ads ran without a disclaimer,≤100
108625789179165,Soi Dog Foundation,These ads ran without a disclaimer,≤100
103349656043637,srta_h_30,These ads ran without a disclaimer,≤100
103934207741083,Selena Ryan,These ads ran without a disclaimer,≤100
158714780827513,UNFPA,UNFPA,≤100
105016885359360,Up to Us powered by Veolia,These ads ran without a disclaimer,≤100
107647258831836,Weregreenly- Magazine Page 3,These ads ran without a disclaimer,≤100
106667257481619,re.alemos,These ads ran without a disclaimer,≤100
123870807655407,LARVOL,These ads ran without a disclaimer,≤100
117472767972069,Julia Sousa,These ads ran without a disclaimer,≤100