﻿Page ID,Page name,Disclaimer,Amount spent (USD),Number of ads in Library
102415047928145,Shanghai Electric,These ads ran without a disclaimer,≤100,2
107410862226340,Make Africa Great Again,These ads ran without a disclaimer,≤100,1
565225540184937,CGTN,These ads ran without a disclaimer,≤100,1
200480966638039,Supremacy 1914,These ads ran without a disclaimer,≤100,2
606117676714191,Yoyoasema,These ads ran without a disclaimer,≤100,1
105962808801596,IZZY - Stream Israel,These ads ran without a disclaimer,≤100,1
333141140132864,China.org.cn,These ads ran without a disclaimer,≤100,1
1439846809634792,Christians & Muslims Conversations,These ads ran without a disclaimer,≤100,1
118562497812908,People's Daily Online_BM,These ads ran without a disclaimer,≤100,1
287842647957979,EU International Partnerships,These ads ran without a disclaimer,≤100,2