﻿Page ID,Page name,Disclaimer,Amount spent (NGN)
681779338505564,Yiaga Africa,Yiaga Africa with Facebook Ad Credits,4177
1572089193014869,DUMO Lulu-Briggs Recommended,DUMO Lulu-Briggs Recommended,2305
257077681149008,Stanley Nsemo-Livingstone,Stanley Nsemo-Livingstone,2013
102022562383716,"Efiom ""Papa"" Okokon","Efiom ""Papa"" Okokon",922
112349224687773,Kufre Ekpoh,Kufre Imo Ekpoh,731
106961441665136,DAW EMPIRE,GRV Lagos,373
1567614746869354,Daily Shopping,Awotidebe Oluwaseyifunmi,242
1483156181977342,Precious Eze's Blog,Precious Eze's Blog,125
913242715449176,Prophet Ekong Ituen Ministries,Ekong Ituen,≤100
102399141248203,Chief Edward David Onoja,Isaac Ukpahiu'ojo Agene,≤100
100202924924063,Page 36,Page 36,≤100
590202251174437,Interfaith Dialogue Forum for Peace,Interfaith Dialogue Forum for Peace,≤100
100252756217389,Future Pathways Development Initiative- FPDI,Future Pathways Development Initiative- FPDI,≤100
116248814706806,Vote4climateng,Adebiyi Agnes,≤100
104180761873736,Massive Entertainment.ng,Massive Entertainment,≤100
474949016032212,Akin Fadeyi Foundation,Akin Fadeyi Foundation,≤100
654180731859809,T-Police,T-Police,≤100
355399445235927,WE Accord,WE Accord,≤100
115798340116713,Ogouniquetv,Ogouniquetv,≤100
103018869332378,BantuPage,Ikechukwu Orji,≤100
105208365731340,F-SAO4Tinubu/Shettima2023,Emmanuel Oko,≤100
100383154696053,Lukaconfu vocal,Lukaconfu vocal,≤100
102578661312289,The G-Role Africa Network,These ads ran without a disclaimer,≤100
1663913513914881,English Cameroon for a United Cameroon,English Cameroon for a United Cameroon,≤100
106953365348107,Ifesim Tv,Ifesim Tv,≤100
102908838246744,Enugu Think Outside The Box,Bolaji Adedotun Adeshokan,≤100
1472931979612061,Frakas Mo'fire,These ads ran without a disclaimer,≤100
106064468251927,Community Initiatives to Promote Peace,ARDA DCI,≤100
109035224042637,Emmanuel Inyang,Afangi,≤100
2092924957605425,Solis,These ads ran without a disclaimer,≤100
526079487415848,XCMG Group,These ads ran without a disclaimer,≤100
258810957658900,Adamu A. Babale Makera,Adamu A. Babale Makera,≤100
102395884844650,CAPPA,Corporate Accountability and Public Participation Africa,≤100