﻿Page ID,Page name,Disclaimer,Amount spent (TWD)
148475335184300,Greenpeace 綠色和平 (台灣網站),Greenpeace 綠色和平 (台灣網站),113
693907914395620,良杯製所 Oolab,良杯製所 Oolab,≤100
238507146264909,國際特赦組織 台灣分會 Amnesty International Taiwan,國際特赦組織 台灣分會 Amnesty International Taiwan,≤100
286487218798,遠見雜誌,遠見雜誌,≤100
219315794887869,聯合報,聯合報股份有限公司,≤100
820612794778213,渣打銀行 Taiwan,渣打國際商業銀行,≤100
547129002067069,杜文中,文中 杜,≤100
241284961029,udn.com 聯合新聞網,udn.com 聯合新聞網,≤100
136185963597716,Cheap,Cheap,≤100
467933563234921,南門書局-網路圖書名店、也有實體店面，誠信可靠！,玉河 孫,≤100
201785650801,亞洲大學(Asia University Taiwan),亞洲大學,≤100
112364983768638,司法院,These ads ran without a disclaimer,≤100
186593071836,商業周刊（商周.com）,商業周刊（商周.com）,≤100
105556085524776,Twpca-台灣野良犬照護協會,Twpca-台灣野良犬照護協會,≤100
436843193180529,Unipapa,Unipapa,≤100
1212271885604995,社團法人愛的延續公益協會,庭 溢 張,≤100
188358792124,聯經出版,聯經出版,≤100
215213505975,FUNDAY英語教育,FUNDAY英語教育,≤100
106801464127093,目目非營利 MUVE NPO,目目非營利,≤100
1649523455281990,遠山呼喚,遠山呼喚國際貧童教育組織,≤100
1855418728011324,鏡週刊,鏡週刊,≤100
211730475524462,大陸委員會,大陸委員會,≤100
119282744754924,台灣人權促進會 Taiwan Association for Human Rights,台灣人權促進會 Taiwan Association for Human Rights,≤100
439632663513867,Mapless Vision 新趨勢影視產業報,Mapless Vision 新趨勢影視產業報,≤100
101662265434180,消防安全有法可管,消防安全有法可管,≤100
100714476220256,永續金融先行者聯盟,永續金融先行者聯盟,≤100
1629474157289221,小牛頓,小牛頓科學教育有限公司,≤100
177161918975981,基督教芥菜種會,基督教芥菜種會,≤100
191690867518507,江啟臣,江啟臣,≤100
124473380937123,勵馨基金會 The Garden of Hope Foundation,勵馨基金會 The Garden of Hope Foundation,≤100
1621835121361449,陳超明-阿明哥粉絲團,超明 陳,≤100
101355918337667,地天泰國際顧問有限公司,地天泰國際顧問有限公司,≤100
100542399525802,生寶國際,These ads ran without a disclaimer,≤100
1649151078446134,卓冠廷,冠廷卓,≤100
779960838880307,蔡蕥鍹,蕥鍹 蔡,≤100
353801478448258,Ørsted 沃旭能源,These ads ran without a disclaimer,≤100
122825514432837,黃健豪-北屯漸好,健豪 黃,≤100
112571907179969,玩霸教育,思揚 蘇,≤100
109462390640602,企業勞動法務管理顧問-勞動契約、勞資爭議、勞務健檢、教育訓練、法律事務、法律風險控管,芸廷 林,≤100
1535242033367738,台灣知識種子計畫,台灣知識種子計畫,≤100
157825744293951,The Garden of Hope Foundation- International Affairs 勵馨基金會國際事務,The Garden of Hope Foundation- International Affairs 勵馨基金會國際事務,≤100
101297638763256,識媒體,識媒體,≤100
276861822357066,高金素梅(吉娃斯．阿麗),智葟 陳,≤100
390569611008641,願景工程基金會 Vision Project,願景工程基金會,≤100
101718182459153,天秤座戰士,Companionship Digital,≤100
158025223269,今周刊,今周刊,≤100
101576862144790,工程師看政治,玄超 黃,≤100
171759036215066,創世紀不動產教育訓練中心,Micky  Wu,≤100
105742975534267,吳明宜,吳明宜,≤100
104303444906468,Haier海爾全球廚衛家電專家,Haier海爾全球廚衛家電專家,≤100
106118168971467,債務人權益協會 扣薪 協商 更生 清算,傢宇 吳,≤100
569626243213799,生鮮時書,生鮮時書,≤100
679518422104905,民視全球新聞,民視新聞,≤100
110699089014688,三立新聞,三立新聞,≤100
465616346853075,RE-THINK 重新思考,RE-THINK 重新思考,≤100
810120492410745,全國教育產業總工會,全國教育產業總工會,≤100
195094157238158,好立委 楊瓊瓔,宛儀林,≤100
104624290080479,張育美,翊斌黃,≤100
111048064504149,珊騰天下 姜百珊律師,易宏謝,≤100
100506478473780,公視主題之夜 SHOW,公視主題之夜SHOW,≤100
108696572024879,民視佮你講（Bîn-sī kah lí kóng）,民視新聞,≤100
2007669522817003,達摩跆拳道館-楠梓右昌館,于雋 陳,≤100
1503745219913314,"孫大千Sun, Ta-Chien","孫大千Sun, Ta-Chien",≤100
241403045973,IC 之音 FM97.5,IC 之音 FM97.5,≤100
791870507594526,利樂創新界,利樂創新界,≤100
521176024619313,花輪哥,傑齊 黃,≤100
354149841356884,哈本咖啡 Happen Coffee,林奕丞,≤100
113761234998842,温宗諭,博盛侯,≤100
127628276929,天下雜誌,天下雜誌,≤100
103469901828540,挖貝 WaBay,挖貝 WaBay,≤100
241744040079991,春山出版,甘彩蓉,≤100
117249274645993,必勝！最強補習班,These ads ran without a disclaimer,≤100