﻿Page ID,Page name,Disclaimer,Amount spent (CAD)
633812813408377,Elections Canada,Elections Canada,≤100
371986909582435,Government of Yukon,Government of Yukon,≤100
1590219921201770,Élections Canada,Élections Canada,≤100
452717428256026,"Ranj Pillai, MLA for Porter Creek South","Ranj Pillai, MLA for Porter Creek South",≤100
416169538729792,Mapping the Way,Government of Yukon Aboriginal Relations,≤100
103263668345348,Safe At Home,Safe at Home,≤100
923668587779818,Training Policy Committee,Training Policy Committee,≤100
103805636333615,Quality Canadian Milk - Lait canadien de qualité,Dairy Farmers of Canada,≤100
95521099719,PSAC North,Public Service Alliance of Canada,≤100
113297740077607,Canadian Energy Centre,Canadian Energy Centre,≤100
139019864276,Oxfam Canada,Oxfam Canada,≤100
163336718421,PSAC - AFPC,PSAC - AFPC,≤100
1097840090260804,National Police Federation,National Police Federation,≤100
632493333805962,Environment and Climate Change,Environment and Climate Change Canada,≤100
115835521825983,UNHCR Canada,UNHCR Canada,≤100
197337921788,Dying With Dignity Canada,Dying With Dignity Canada,≤100
105168452865235,Bell Aliant,Bell,≤100
6095483909,Canadian Taxpayers Federation,Canadian Taxpayers Federation,≤100
394745970602999,The Council of Canadians,The Council of Canadians,≤100
27234020592,UNICEF Canada,UNICEF Canada,≤100
100999094747422,Land Needs Guardians,Land Needs Guardians,≤100
6319213302,Heart & Stroke,Heart & Stroke,≤100
35715544220,Stand.earth,Stand.earth,≤100
465152633548835,Generation Squeeze,Generation Squeeze,≤100
868589909847623,Action Canada for Sexual Health and Rights,Action Canada for Sexual Health and Rights,≤100
123235041462,The Fraser Institute,Fraser Institute,≤100
1562700347383830,Chef Craig Wong,Ivy Lam,≤100
136772905237,Historica Canada,Historica Canada,≤100
190502667652613,Canada’s NDP / Le NPD du Canada,Canada’s NDP / Le NPD du Canada,≤100
5794733873,David Suzuki Foundation,David Suzuki Foundation,≤100
21751825648,Justin Trudeau,Liberal Party of Canada | Parti libéral du Canada,≤100
5661704203,Conservative Party of Canada - Parti conservateur du Canada,Conservative Party of Canada - Parti conservateur du Canada,≤100
116486331729420,350 Canada,350 Canada,≤100
1522162571382952,Oceana Canada,Oceana Canada,≤100
901776976544599,RBC Wealth Management,RBC Wealth Management,≤100
172424676165115,Canadian Alliance to End Homelessness,Canadian Alliance to End Homelessness,≤100
281999881613,World Vision Canada,World Vision Canada,≤100
103655764654302,Indigenous Leadership Initiative,The Indigenous Leadership Initiative,≤100
121681904511500,CMHA National / ACSM National,Canadian Mental Health Association,≤100
19750184960,Greenpeace Canada,Greenpeace Canada,≤100
263417217038472,Forest Products Association of Canada,Forest Products Association of Canada,≤100
202220023130891,Bell Canada,Bell Canada,≤100
143249880633,World Animal Protection Canada,World Animal Protection Canada,≤100
114849617772737,Care2 Canada,Press Pause Collective,≤100
52543970197,Environmental Defence Canada,Environmental Defence,≤100
111404328067824,Friends of Land Use Planning,Friends of Land Use Planning,≤100
107385241806,Plan International Canada,Plan International Canada,≤100
652812671407912,Selam Debs,Selam Debs,≤100
101898551911387,The Hub Canada,Hub Canada Media,≤100
138482239524787,Canada Foundation for Innovation,Canada Foundation for Innovation,≤100
336963316348550,Ucore Rare Metals Inc.,Ucore Rare Metals Inc.,≤100
60266912006,Liberal Party of Canada | Parti libéral du Canada,Liberal Party of Canada | Parti libéral du Canada,≤100
121222984568561,Amnesty International Canada,Amnesty International Canada,≤100
190035081047277,International Fellowship of Christians and Jews of Canada,International Fellowship of Christians and Jews of Canada,≤100
39168823065,Sierra Club Canada Foundation,Sierra Club Canada Foundation,≤100
26394435211,Canadian Cancer Society,Canadian Cancer Society,≤100
367461053332566,Community-Based Research Centre - CBRC,Community-Based Research Centre,≤100
105288666168351,SOS Children's Villages Canada,SOS Children's Villages Canada,≤100
1589839557920915,National Disability Credit Alliance,National Disability Credit Alliance,≤100
152059575576,World University Service of Canada (WUSC-EUMC),WUSC - EUMC,≤100
590117937780756,Oil Sands Action,Canada Action,≤100
600590880095254,Women and Gender Equality Canada,These ads ran without a disclaimer,≤100
250592478295316,C2C Journal,C2C Journal,≤100
510183342342621,Bell MTS,Lavanya Rajaian,≤100
115023341897487,BellAliantFR,Bell,≤100
121099651233937,RAVEN,RAVEN Trust,≤100
184856436064,Canadian Centre for Child Protection,Canadian Centre for Child Protection,≤100
321351607970406,The Narwhal,The Narwhal,≤100
586362242026180,Radio-Canada OHdio,Radio-Canada,≤100
985797494956599,The News Forum,The News Forum,≤100
106778228968844,all.4.iran,all.4.iran,≤100
106525114423416,,These ads ran without a disclaimer,≤100
133690690015346,USJE - SESJ,USJE - SESJ,≤100
111231197686977,The Breach,The Breach,≤100
100696195532512,Banking on a Better Future,Banking on a Better Future,≤100
105754167560390,Ekō Canada,Ekō,≤100
172923782752077,Tree Canada / Arbres Canada,Tree Canada / Arbres Canada,≤100
101263555813789,NorthernBeat News,Northbeat News,≤100
111388610360309,L'Étoile Cosmétiques,These ads ran without a disclaimer,≤100
148668741848610,JSpaceCanada,Press Pause Collective,≤100
106764462731658,Honest Reporting Canada,Honest Reporting Canada,≤100
169042736456594,All Out,ConnectAd,≤100
869127933125944,Indigenous Link,Karri Ellen Tougas,≤100
203485052997041,Hospital Employees' Union,Hospital Employees' Union,≤100
108623238800454,Big River Analytics,Big River Analytics,≤100
109210999137883,Canada's History,Canada's History,≤100
33532707807,Acfas,Acfas,≤100
232894981968,Nature Conservancy of Canada / Conservation de la nature Canada,Nature Conservancy of Canada / Conservation de la nature Canada,≤100
674109146110155,Debunk Inc,Debunk Inc,≤100
728747700517089,Michael Barrett,Michael Barrett,≤100
206962006904247,Le Grand Marché de Québec,Le Grand Marché de Québec,≤100
259282224084288,The Munk Debates,Munk Debates,≤100
214839395204315,Centre canadien de protection de l'enfance,Canadian Centre for Child Protection,≤100
49530722523,Ecojustice,Ecojustice,≤100
189126317766547,Melitta Canada,These ads ran without a disclaimer,≤100
693633537373267,FMWC - FFMC,These ads ran without a disclaimer,≤100
103953098817,The Stephen Lewis Foundation,The Stephen Lewis Foundation,≤100
152467601467262,BMO Groupe financier,BMO Financial Group,≤100
102397052731578,Quick Train,These ads ran without a disclaimer,≤100
102136459052072,ICI Grand Nord,Radio-Canada,≤100
134455149912301,Seva Canada,Seva Canada,≤100
109326068361556,Centre Ice Canadians,Centre Ice Canadians,≤100
242109115885979,Canadian Light Source,Canadian Light Source,≤100
184906186150,The Toronto Star,The Toronto Star,≤100
300711017564,EverythingZoomer,Zoomer Magazine,≤100
1662424300678700,Montreal Economic Institute,Montreal Economic Institute,≤100
1671097993122619,Children Believe,Children Believe,≤100
181799528533269,Ville de Mont-Tremblant,Ville de Mont-Tremblant,≤100
156774011943056,Efficiency Canada,Efficiency Canada,≤100
102533697778225,Earth Day Canada,Jour de la Terre Canada,≤100
111582684014878,Ryan Williams MP Bay of Quinte,Bay of Quinte Conservative Association,≤100
316302965122489,Clean Energy Canada,Clean Energy Canada,≤100
325227794269092,"Rachael Thomas, MP","Rachael Thomas, MP",≤100
138139866215606,Veterinarians without Borders,Veterinarians Without Borders / Vétérinaires Sans Frontières – Canada (VWB/VSF),≤100
102641588585816,Victoria Rumble Room,JOHNY 0 JURICIC,≤100
1437389476529988,Elevate Aviation,These ads ran without a disclaimer,≤100
101576379323416,seblime_developments,These ads ran without a disclaimer,≤100
261752512263,Canadian Red Cross,Canadian Red Cross,≤100
174825455862031,University of Calgary Students' Union,University of Calgary Students' Union,≤100
101797702165861,H&H Floral Fields,These ads ran without a disclaimer,≤100
174662149255918,Vivre en Ville,Vivre en Ville,≤100
12101479244,B'nai Brith Canada,B'nai Brith Canada,≤100
568938803293644,True North,True North,≤100
101338721267802,BTT - Bourgault Tillage Tools,These ads ran without a disclaimer,≤100
100410943362728,Crew Marketing Partners,These ads ran without a disclaimer,≤100
714595698939267,TPC - Therapeutic Psilocybin for Canadians,Therapsil,≤100
1750529691887719,Portail linguistique du Canada,Bureau de la traduction,≤100
453989538009903,Pregnancy Care Canada,Pregnancy Care Canada,≤100
149529379528,ICI Colombie-Britannique,Radio-Canada,≤100
104321259649840,CATIE,CATIE,≤100
104826880905722,EnviroMuslims,These ads ran without a disclaimer,≤100
10150095427915144,Ceasefire.ca,Rideau Institute,≤100
292838667412961,Abbey Gardens - A Growing Experience,These ads ran without a disclaimer,≤100
280042975447279,The Fellowship,The Fellowship,≤100
19277141685,KAIROS: Canadian Ecumenical Justice Initiatives,Fahira Golich,≤100
1242717912408041,Stephanie Kusie,"the Office of Stephanie Kusie, MP",≤100
155609655007428,United Conservative Party of Alberta,United Conservative Party of Alberta,≤100
144941987247,UNICEF Canada FR,UNICEF Canada,≤100
1027156310748344,Commons,These ads ran without a disclaimer,≤100
101919325776268,K+S,These ads ran without a disclaimer,≤100
161666143844859,Sandvik,These ads ran without a disclaimer,≤100
110516790590355,Pure Culture Beauty,These ads ran without a disclaimer,≤100
106427755617199,Allowancu,These ads ran without a disclaimer,≤100