﻿Page ID,Page name,Disclaimer,Amount spent (THB)
161651553861945,Amnesty International Thailand,Amnesty International Thailand,≤100
100385865858225,D-vote,These ads ran without a disclaimer,≤100
345127652279503,มูลนิธิสากลเพื่อคนพิการ,มูลนิธิสากลเพื่อคนพิการ,≤100
172057439546202,พันโท สินธพ แก้วพิจิตร (เสธ.แก้ว),พันโท สินธพ แก้วพิจิตร (เสธ.แก้ว),≤100
101903785231136,นายกไก่กังวาล ศักดิ์ชัย พิศาลผล,Thanachit Phraemuang,≤100
546416699215073,ห้องสื่อครูคอม,Krisada Khamma,≤100
266172157730,คนค้นฅน,คนค้นฅน,≤100
106337912336664,ปั้น ณัทกร แก้วพิจิตร,ปั้น ณัทกร แก้วพิจิตร,≤100
651699931624315,Techsauce,Techsauce,≤100
296508406790,"Democrat Party, Thailand พรรคประชาธิปัตย์","Democrat Party, Thailand พรรคประชาธิปัตย์",≤100
622674297897819,Screenshirt2020,Screenshirt2020,≤100
107793217420111,Kloset Glory,These ads ran without a disclaimer,≤100
3080161418691131,Thailand FACT Today,Thailand FACT Today,≤100
115922723434700,ครูเจพีสรุปย่อ for Teacher,ครูเจพีสรุปย่อ for Teacher,≤100
105955949137073,ติดตามกระแสคนดัง,Narat Thanyaratmetee,≤100
111341764925564,สำนักสนับสนุนการพัฒนาระบบสุขภาพ - สำนัก 7 สสส.,สำนักสนับสนุนการพัฒนาระบบสุขภาพ - สำนัก 7 สสส.,≤100
114517608647869,กรุงเทพมหานคร,กรุงเทพมหานคร,≤100
1105604039583762,Line One สว.นท. ขอเชิญส่งประวัติ ส่วนตัว องค์กร เพื่อเข้ารับรางวัลประจำปี,Suksan Booran,≤100
109014815183627,DAOL LIFE,These ads ran without a disclaimer,≤100
108515294626891,สอบข้าราชการท้องถิ่น By Thurakan,Chiraphorn Thuree,≤100
204016840519336,ศ.ดร.นฤมล ภิญโญสินวัฒน์,ศ.ดร.นฤมล ภิญโญสินวัฒน์,≤100
107069795450052,CaseUp,These ads ran without a disclaimer,≤100
103982486029989,วินเอก นิมิตรปัญญา ทีมฅนทำงาน,These ads ran without a disclaimer,≤100
100337482330481,เจ่เจ้ สินค้านำเข้าทุกชนิด,These ads ran without a disclaimer,≤100
190923294988741,สอบครูผู้ช่วยนะ,สอบครูผู้ช่วยนะ,≤100
107612328588715,The Voters,สันติสุข กาญจนประกร,≤100
365923533756876,Kleens อกไก่ปั่น,สันตยุต ทองวิลาศ,≤100
102143428856085,เอ้ วีรธัชช์,These ads ran without a disclaimer,≤100
152665702176493,Ringsideการเมือง,Ringsideการเมือง,≤100
104393812499502,ชีทสรุปกฎหมาย สำหรับสอบราชการ พนักงานราชการ by.kantap,ชีทสรุปกฎหมาย สำหรับสอบราชการ พนักงานราชการ by.kantap,≤100
418729291509368,สถาบันปรีดี พนมยงค์ Pridi Banomyong Institute,สถาบันปรีดี พนมยงค์ Pridi Banomyong Institute,≤100
110211428730977,พรรค ก้าวไกล,These ads ran without a disclaimer,≤100
105309689540966,Photos to Cartoons,These ads ran without a disclaimer,≤100
109316932096944,ดร.พร้อมพงศ์ นพฤทธิ์ - Dr.Prompong Nopparit,Prompong Nopparit,≤100
106804542303183,สำนักงานกฎหมายทนายใหญ่,สำนักงานกฎหมายทนายใหญ่,≤100
101301282856760,แมวเล้า,These ads ran without a disclaimer,≤100
123120700769997,ร้านอาทิมังกรฟ้า,พงศกร บุบผาทอง,≤100
111368353990858,แค่พูดมันออกมา - Just say it,These ads ran without a disclaimer,≤100
101928621340287,Think Curve - คิดไซด์โค้ง,These ads ran without a disclaimer,≤100
114914794432449,กฎหมายใช้สอบราชการ by Æ+,กฎหมายใช้สอบราชการ by Æ+,≤100
125659527494022,WonderfulPackage.com เราจะเที่ยวให้ทั่วโลก,These ads ran without a disclaimer,≤100
104018418393229,เบค่อนยูช้อป,These ads ran without a disclaimer,≤100
110579851528245,T3 Arena,These ads ran without a disclaimer,≤100
396737097158770,DemonsAreCrazy,These ads ran without a disclaimer,≤100
128050063917913,ISF (International School Sport Federation),These ads ran without a disclaimer,≤100