﻿Page ID,Page name,Disclaimer,Amount spent (THB)
104427797605274,ดร.เฉลิมชัย ศรีอ่อน รัฐมนตรีว่าการกระทรวงเกษตรและสหกรณ์,ดร.เฉลิมชัย ศรีอ่อน รัฐมนตรีว่าการกระทรวงเกษตรและสหกรณ์,≤100
157659344260788,จุรินทร์ ลักษณวิศิษฏ์ Aoodda,Jurin Laksanawisit,≤100
161651553861945,Amnesty International Thailand,Amnesty International Thailand,≤100
102807719039442,พรรครวมไทยสร้างชาติ United Thai Nation Party,พรรครวมไทยสร้างชาติ United Thai Nation Party,≤100
133395383349061,โคตรฮิต,These ads ran without a disclaimer,≤100
2230596726985945,ฮาย ปวิศรัฐฐ์ ติยะไพรัช,Kanyachan Sasom,≤100
105347558390671,นริสสร แสงแก้ว,Attaporn Pohkaew,≤100
2105350112863264,ร้อยเอก ดร.จองชัย วงศ์ทรายทอง - ผู้กองเบิร์ด,ร้อยเอก ดร.จองชัย วงศ์ทรายทอง - ผู้กองเบิร์ด,≤100
115922723434700,ครูเจพีสรุปย่อ for Teacher,ครูเจพีสรุปย่อ for Teacher,≤100
104668064974489,อ๋อง ภวฤทธิ์ - ไทยสร้างไทยเชียงใหม่ เขต1,อ๋อง ภวฤทธิ์ - ไทยสร้างไทยเชียงใหม่ เขต1,≤100
172057439546202,พันโท สินธพ แก้วพิจิตร (เสธ.แก้ว),พันโท สินธพ แก้วพิจิตร (เสธ.แก้ว),≤100
296508406790,"Democrat Party, Thailand พรรคประชาธิปัตย์","Democrat Party, Thailand พรรคประชาธิปัตย์",≤100
101535845426970,พรรคไทยสร้างไทย,พรรคไทยสร้างไทย,≤100
102530815945359,องอาจ วชิรพงศ์,Areeya Namdokmai,≤100
1105604039583762,Line One สว.นท. ขอเชิญส่งประวัติ ส่วนตัว องค์กร เพื่อเข้ารับรางวัลประจำปี,Suksan Booran,≤100
216147078543372,สำนักงานคณะกรรมการการเลือกตั้ง,สำนักงานคณะกรรมการการเลือกตั้ง,≤100
100460666140804,ห้องเรียนครูกาย,Krunontipat Katpradit,≤100
256562988507540,Like Anutin,Like Anutin,≤100
104908418629549,EnableSurvey,"Excellent Digital Development Co.,Ltd.",≤100
204016840519336,ศ.ดร.นฤมล ภิญโญสินวัฒน์,ศ.ดร.นฤมล ภิญโญสินวัฒน์,≤100
2091153520919518,อนุทิน ชาญวีรกูล,อนุทิน ชาญวีรกูล,≤100
111341764925564,สำนักสนับสนุนการพัฒนาระบบสุขภาพ - สำนัก 7 สสส.,สำนักสนับสนุนการพัฒนาระบบสุขภาพ - สำนัก 7 สสส.,≤100
108515294626891,สอบข้าราชการท้องถิ่น By Thurakan,Chiraphorn Thuree,≤100
197506433714730,Our History: เรื่อง เล่า เรา โลก,Kanyachan Sasom,≤100
109404485235732,ศิริวัฒน์ ขจรประศาสน์-ยอด,Supharat Sirisawat,≤100
107612328588715,The Voters,สันติสุข กาญจนประกร,≤100
190923294988741,สอบครูผู้ช่วยนะ,สอบครูผู้ช่วยนะ,≤100
2263098807292933,ทนายศฤงคาร  ข่ายสุวรรณ์,Saringkan Khaisuwon,≤100
116679231319335,ตุ๊ก - กานสินี,Dunyawat  Bamrungchan,≤100
103074628240336,Sound Screen  Solution โปรเจคเตอร์ จอ LED   บริการดี จัดส่งไว,กฤติกานต์ ทองหอม,≤100
876168575848382,U-Report Thailand,UNICEF Thailand,≤100
279417352523067,กฤษณ สุนทรกิจพาณิชย์,Narong Thongphantha,≤100
102477654678259,Givegoody,Pitiphat Sangngam,≤100
365923533756876,Kleens อกไก่ปั่น,สันตยุต ทองวิลาศ,≤100
105826292451688,พลตำรวจตรี วัฒนา วงศ์จันทร์,Jirapiwat Wongchun,≤100
100240152175449,ป้าโส FC by Tacina,Dunyawat  Bamrungchan,≤100
114914794432449,กฎหมายใช้สอบราชการ by Æ+,กฎหมายใช้สอบราชการ by Æ+,≤100
110144991464196,กรอบลอยไวนิล แคนวาส บอร์ดไดคัท 99 บาท มีเก็บปลายทาง,Sakawtip Utha,≤100
418729291509368,สถาบันปรีดี พนมยงค์ Pridi Banomyong Institute,สถาบันปรีดี พนมยงค์ Pridi Banomyong Institute,≤100
622674297897819,Screenshirt2020,Screenshirt2020,≤100
106561034744198,ลอรี่ - พงศ์พล ยอดเมืองเจริญ,ลอรี่ - พงศ์พล ยอดเมืองเจริญ,≤100
601953326929372,ธัญวัจน์ กมลวงศ์วัฒน์ - Tunyawaj Kamolwongwat,Tunyawaj Kamolwongwat,≤100
2131398436998925,ชนินทร์ รุ่งแสง ปชป.,ชนินทร์ รุ่งแสง ปชป.,≤100
112706641077875,สจ.ดนุภัทร์ เชียงชุม,สจ.ดนุภัทร์ เชียงชุม,≤100
2083628355256115,ชมรมSTRONGต้านทุจริต จังหวัดสุราษฎร์ธานี,These ads ran without a disclaimer,≤100
113760903498944,Beyond City Thailand,These ads ran without a disclaimer,≤100
105275398809695,อารยะ โรจนวณิชชากร ปชป.ชลบุรี,These ads ran without a disclaimer,≤100
113023081702937,ธีระ สลักเพชร,Thanchita Sakharet,≤100