﻿Page ID,Page name,Disclaimer,Amount spent (VND)
173028766706985,Xuất Khẩu Lao Động Nhật Bản Kaigo - Bộ Lao Động Thương Binh Xã Hội,These ads ran without a disclaimer,34170
104658635998536,Khởi Nghiệp Online 2023,These ads ran without a disclaimer,5200
111267731617802,Lương Y Phạm Văn Thanh - Người Thầy Y Đức,These ads ran without a disclaimer,2538
1594005334231968,Daedong Korea Ginseng,These ads ran without a disclaimer,1941
231483033583144,RMIT University Vietnam,These ads ran without a disclaimer,1488
100642569492416,Ng.Thị Thu Thảo,These ads ran without a disclaimer,959
110166420768078,Khánh Nhi - Thời Trang Đẹp,These ads ran without a disclaimer,655
108685817326606,Truther Piece Official,These ads ran without a disclaimer,542
105473397490741,Phạm Thị Nga,These ads ran without a disclaimer,484
108035415198297,Phạm Văn Thanh - Lương Y Vùng Cao,These ads ran without a disclaimer,120
102283302096463,Trường học Công nghệ MindX,These ads ran without a disclaimer,≤100
160698524545308,Marriott Bonvoy,These ads ran without a disclaimer,≤100
101291915685026,Thầy Thuốc Nhân Dân Phạm Văn Thanh,These ads ran without a disclaimer,≤100