﻿Page ID,Page name,Disclaimer,Amount spent (NGN)
681779338505564,Yiaga Africa,Yiaga Africa with Facebook Ad Credits,14293
312632449480846,Governor Ifeanyi A. Okowa,Governor Ifeanyi A. Okowa,6916
1572089193014869,DUMO Lulu-Briggs Recommended,DUMO Lulu-Briggs Recommended,4643
102169824695398,Rero TV,Rero TV,2007
105675572013946,Sapele Mirror News,Oghenebrorhie Okotie,1574
600402833721886,Erumura David 4 DTHA Uvwie Constituency,David Erumura Enawore,1035
1917868968529177,Education NOW 9ja,Kolo Jessa Ndaisa,765
102908838246744,Enugu Think Outside The Box,Bolaji Adedotun Adeshokan,758
1567614746869354,Daily Shopping,Awotidebe Oluwaseyifunmi,717
1483156181977342,Precious Eze's Blog,Precious Eze's Blog,289
205279466743027,Lux Terra Leadership Foundation,Lux Terra Leadership Foundation,209
105756478574505,Stears,Stears,195
106953365348107,Ifesim Tv,Ifesim Tv,≤100
105971529455847,Lagos Talks,Lagos Talks,≤100
115798340116713,Ogouniquetv,Ogouniquetv,≤100
108349704046047,Mbalki WORLD  correspondence,These ads ran without a disclaimer,≤100
100202924924063,Page 36,Page 36,≤100
103018869332378,BantuPage,Ikechukwu Orji,≤100
110043258402172,Hon. Habibu Abubakar Sambo -Imamu,Habibu Sambo Abubakar,≤100
241499009731835,Ifeanyichukwu Ibezi,Ifeanyichukwu Ibezi,≤100
102583598812487,Talk_Odoziani,David Adebayo Ajifolokun,≤100
474949016032212,Akin Fadeyi Foundation,Akin Fadeyi Foundation,≤100
110151371700778,Bishop Dr. Sunday Ndukwo Onuoha,Bishop Dr. Sunday Ndukwo Onuoha,≤100
590202251174437,Interfaith Dialogue Forum for Peace,Interfaith Dialogue Forum for Peace,≤100
117645434555342,Majio Dut Com,These ads ran without a disclaimer,≤100
355399445235927,WE Accord,WE Accord,≤100
104180761873736,Massive Entertainment.ng,Massive Entertainment,≤100
971769479677563,Gbenga Olawepo-Hashim,Olushola Oni,≤100
100383154696053,Lukaconfu vocal,Lukaconfu vocal,≤100
275932466581893,Being Terence Obaoghe,Being Terence Obaoghe,≤100
1387963034623606,Senator Magnus Ngei Abe,Tamar Forteta,≤100
109807362029408,White ANGEL Comedy,These ads ran without a disclaimer,≤100
605599926578140,Distinguished Senator Yakubu Oseni Media Crew,Hamzat Amoto Muhammedjamiu,≤100
1598185900266723,Emeka Igwe Campaign Organization,Emeka Igwe,≤100
101075832871727,Progressives For Renewed Hope,Progressives For Renewed Hope,≤100
113837258295570,Global Gist,These ads ran without a disclaimer,≤100
1663913513914881,English Cameroon for a United Cameroon,English Cameroon for a United Cameroon,≤100
110688948350356,Olalere Odusote,These ads ran without a disclaimer,≤100
101499822617109,Project August,These ads ran without a disclaimer,≤100
107676437643727,Inuwa Media Vanguard,Inuwa Media Vanguard,≤100
131189377574,MDPI,These ads ran without a disclaimer,≤100
148548965168926,NSF,These ads ran without a disclaimer,≤100
101054365776547,Charming Changzhou,These ads ran without a disclaimer,≤100
107059821434486,Ruz.Hoff,These ads ran without a disclaimer,≤100
258810957658900,Adamu A. Babale Makera,Adamu A. Babale Makera,≤100
103895044564421,Cheryl N Hlabane,These ads ran without a disclaimer,≤100
126460284139483,Nigerianeye,NigerianEye,≤100
1607908952807237,Parker Phillips,These ads ran without a disclaimer,≤100
142205772542022,Accountability Lab,These ads ran without a disclaimer,≤100
101620952700531,Babandi Ibrahim,Babandi Gumel Ibrahim,≤100
111901560465601,Jaha Dukureh,These ads ran without a disclaimer,≤100
107014728957216,Wild Africa Fund,These ads ran without a disclaimer,≤100
1841994102729383,D.S. Belcon Limited,These ads ran without a disclaimer,≤100
423670114403144,Trending in China,These ads ran without a disclaimer,≤100