﻿Page ID,Page name,Disclaimer,Amount spent (USD),Number of ads in Library
158797450823192,UNICEF Malawi,These ads ran without a disclaimer,≤100,1
102998939765184,Persian bms,These ads ran without a disclaimer,≤100,1
110020365338801,The Silk Road-Shaanxi,These ads ran without a disclaimer,≤100,1
224597158386607,Rosa Luxemburg Foundation,These ads ran without a disclaimer,≤100,1
111679394767549,المشروع القومي لمشتقات البلازما,These ads ran without a disclaimer,≤100,1
409388396198516,Freeda ES,These ads ran without a disclaimer,≤100,1