﻿Page ID,Page name,Disclaimer,Amount spent (COP)
1523434004376549,Renzo García,Renzo García,50230
130834367164,Red PaPaz,Red PaPaz,45649
159514754069267,Partido Cambio Radical,Partido Cambio Radical,25832
103275982777231,Camilo Delgado,Camilo Delgado,24595
451588681677173,Eduardo Contreras R,Eduardo Contreras R,17714
186850511364615,Presidencia de la República de Colombia,Presidencia de la República de Colombia,13418
1147318942107929,Todos Somos Una,DEBRAIN LLC,11022
814872645274595,Alicia Peñaranda - La POPlitóloga,Alicia Peñaranda - La POPlitóloga,9990
191210184867688,Julián Serna Concejal,Julian Andres Serna Ruíz,9538
286568181368830,Jhon Ortega,Jhon Ortega,7182
356101551695420,James Ducuara.,James Ducuara.,5052
1588561874548381,Carlos Alfredo García - Abogado,Carlos Alfredo García - Abogado,5041
1668929590004327,Avanzoft Software Avanzado,Avanzoft Software Avanzado,4460
167222580002790,Clara Luz Roldan Gonzalez,Clara Luz Roldán,4201
251292808253299,Canadian College,Canadian College,4174
102143071616787,Goberna Colombia,Goberna,4113
118514924593739,Tanque Seco,Tanque seco,3755
969143216462972,Felipe Cañizalez,Felipe Cañizalez,2992
110036132129269,Alerta Noticias,Alerta Noticias,2471
812165288875574,Jaime Pumarejo,Toro Digital 1972,2300
504307236411761,Lucas Cañas,Lucas Cañas,2253
597006313643580,Gobernación del Valle del Cauca,Gobernación Valle del Cauca,2066
1913101528996718,Congreso Nacional de Marketing Político,Congreso Nacional de Marketing Político,1826
101391859627743,Colombia sin miedo,Colombia sin miedo,1817
177418580619724,Lado a Lado,Lado a Lado,1509
116761207989138,William Andrés Cruz Sánchez,William Andrés Cruz Sánchez,1415
141361183156268,Juan Carlos Upegui,Juan Carlos Upegui,1415
331374390939420,Esteban Duarte Mesa,Esteban Duarte Mesa,1270
101353136059344,filantropiacortessolari,These ads ran without a disclaimer,1114
1400280116941194,Fabian Diaz,Fabian Diaz,1104
1668886976475466,David Gutierrez Mantilla,David Gutierrez Mantilla,902
105848177845789,All Out en español,All Out Action Fund,849
626538870727500,Felipe Urrea,Felipe Urrea,813
112155252163421,Sebastián López V.,Sebastián López V.,804
101642839569704,Javier Marulanda,Dr Javier Marulanda,779
838927469815494,Diana Diago,Diana Diago,737
120137021029235,Prolicores,These ads ran without a disclaimer,733
101386258791625,Fedeseguridad,Fedeseguridad,715
107405449071319,Con la suya,Con la suya,674
734195543347719,Javier Julio Bejarano,Javier Julio Bejarano,614
295277256700,María Victoria Vargas,María Victoria Vargas,580
319527888151975,Revista La Injusticia,Voz caribe,539
194315573916010,Norma Hurtado Sanchez,Norma Hurtado Sánchez,529
101036275822842,Omar Gualteros,Omar Gualteros,468
1983094071788444,Brum Digital,Brum Digital,458
111310940455631,Alex López,Alex López,427
482002058626250,Surany Arboleda Arias,Surany Arboleda Arias,386
2068245743232990,Cesar Augusto Guzman,Cesar Augusto Guzman,377
949224605208608,Leonardo Parra Olarte,Leonardo Parra Olarte,366
2156874387878167,Yilber Leandro Saavedra,Yilber Leandro Saavedra,357
116544396862942,Unión Legal y Tributaria S. A. S,Unión Legal y Tributaria S. A. S,311
1663401877211989,Jaime Andrés Pérez Cotrino,Jaime Andrés Pérez Cotrino,306
33735247931,Néstor Brugés,These ads ran without a disclaimer,301
1037508046302965,Griselda Janeth Restrepo Gallego,Griselda Janeth Restrepo Gallego,300
907831492641684,Noticias Dia a Dia,Noticias Dia a Dia,293
321582221272701,UNIMINUTO,These ads ran without a disclaimer,286
1383605158583178,Chicho Avanzando Ando,Chicho Avanzando Ando,239
318008542032268,Representante Alexander Bermudez,Congreso de la República,172
170633243101916,Alexander Serrato,Alexander Serrato,138
569978373130700,Andrés Lizarralde Henao,Andrés Lizarralde Henao,135
111078468407795,Verde oxigeno Huila,Verde oxigeno Huila,132
117823701712681,Cedinsi Escuela de Entrenamiento en Herramientas Digitales,These ads ran without a disclaimer,114
1737937156478529,Carlos Felipe López López,Carlos Felipe López López,110
1529335724037224,Aeropuerto del Café,INTUAL,≤100
114963445355770,Jackzuly Rueda,Jackzuly Rueda,≤100
166059236849588,G Garcia Realpe,G Garcia Realpe,≤100
102846859295853,Alejandro Escobar,Sectorial,≤100
366661700340694,Carlos Javier Navas M,Carlos Javier Navas M,≤100
351633895540830,Cristhian Fernandez Concejal,Cristhian Fernandez Concejal,≤100
174235299412685,Cinep Programa Por la Paz,Fundación Centro de Investigación y Educación Popular CINEP,≤100
103251192670694,manuelortizsilvera,These ads ran without a disclaimer,≤100
458923757608866,Mauricio Otero Avilez,Mauricio Otero Avilez,≤100
108730902055743,Denuncias De Mi Barrio,These ads ran without a disclaimer,≤100
664142747350164,Tatiana López Saldarriaga,Tatiana López Saldarriaga,≤100
107659344462703,Nelson Guevara Farfán,Yo Quiero a Suba,≤100
605236949886245,Ferney Silva Idrobo,Digital Tech Ideas,≤100
113811658704127,Previred Colombia,Previred Colombia,≤100
105745084834647,Somos Más Noticias Colombia,These ads ran without a disclaimer,≤100
248473265619098,El Pereirano,El Pereirano,≤100
100139849723703,EducaciÒn Financiera 5.0,These ads ran without a disclaimer,≤100
570407616735156,Ramiro Luna,Ramiro Luna,≤100
126890277346299,El Isleño.com,These ads ran without a disclaimer,≤100
101772341304724,HUILA Digital,HUILA Digital,≤100
138607826160070,Shaktili Aromaterapia,These ads ran without a disclaimer,≤100
999778296791529,Las Voces Internas,These ads ran without a disclaimer,≤100
610541935945465,FH PERU,These ads ran without a disclaimer,≤100
103084375858203,Mi Campaña Aplicación,Mi Campaña Aplicación,≤100
101375582509907,Juan Barahona,These ads ran without a disclaimer,≤100
118998646608157,Para El Camino,These ads ran without a disclaimer,≤100
105409475569811,AO Recon Latin America,These ads ran without a disclaimer,≤100
107933395010670,Cuidemos la Naturaleza,These ads ran without a disclaimer,≤100
102795885694138,milokibullz,These ads ran without a disclaimer,≤100
118243354513028,camilosernabetulia,These ads ran without a disclaimer,≤100