﻿Page ID,Page name,Disclaimer,Amount spent (HTG)
410809436013820,Gedony Fontil,These ads ran without a disclaimer,280
1835085710042192,Haifa Group México,These ads ran without a disclaimer,≤100
908878692509737,العين الإخبارية,These ads ran without a disclaimer,≤100
152914224736727,Banco Mundial,These ads ran without a disclaimer,≤100
111679394767549,المشروع القومي لمشتقات البلازما,These ads ran without a disclaimer,≤100
681614015247190,Caribbean National Weekly,These ads ran without a disclaimer,≤100