﻿Page ID,Page name,Disclaimer,Amount spent (TRY)
107016703996605,Bilal Demir,Bilal Demir,140
314386289265240,ALİ ZAFER İKSİR,ALİ ZAFER İKSİR,≤100
102095934751904,Deva Partisi,Deva Partisi,≤100
111162852275902,Uluslararası Af Örgütü Türkiye Şubesi,Uluslararası Af Örgütü Türkiye Şubesi,≤100
103512145794595,İnsanlık İçin,İnsanlık İçin,≤100
100390712964512,Deli Kadın,kurumsal reklam,≤100
851556338241562,Ayşen Kurt,Ayşen Kurt,≤100
191453580768,Yeni Şafak,Piri Medya Anonim Sirketi,≤100
1400784460197321,Abdullah Baba Vakfı,ABDULLAH BABA VAKFI,≤100
1952748275030916,Kürşad Mithat ÖZKAN,Kursad Mithat Ozkan,≤100
100930021431743,Gazete Kolektif,Ercan Erdal,≤100
557866130988813,Çiftçi TV,Çiftçi TV,≤100
106879338020716,Halk Ajans,Resul Mesut Büyüksarı,≤100
1104153776387884,Halk Haber Ajansı,Resul Mesut Büyüksarı,≤100
100516989042507,Balıkesir Posta TV,Ahmet Namlı,≤100
108376020766134,Metin Bolat,Metin Bolat,≤100
219031704851494,SAS (Satın Almayın Sahiplenin),Fırat Yıldız Ahmet,≤100
106187277979172,Dijital Gaste,Veysel Karahan,≤100
104267921764717,Deva Partisi Trabzon İl Başkanlığı,Kubilay Çiçek,≤100
180404128680446,Dr. Şadi YAZICI,Dr. Şadi YAZICI,≤100
1093516560666635,Asrın Adamları,Huseyin Rahat,≤100
922594934433874,Kulis Özel,Burak Rahat,≤100
127896160644676,KORAY AYDIN,KORAY AYDIN,≤100
450603291709606,Dava Adamları,Huseyin Rahat,≤100
1883376938386253,Ebedi Başkomutan Atatürk,Huseyin Rahat,≤100
1721346424767273,Mehmet GÜZELMANSUR,Mehmet Güzelmansur,≤100
2171025259612438,Tufan Akan,Tufan Akan,≤100
1620080691588973,Serkan SARI,Serkan Sarı,≤100
283657205667155,Mustafa Ali Fırtına,Mustafa Ali Firtina,≤100
511707202180465,Kangal Aşkk'tır,Fırat Yıldız Ahmet,≤100
413113452433564,Cengiz Gökçel,Cengiz Gökçel,≤100
167633913392268,Kolejliler,Fırat Yıldız Ahmet,≤100
103693141575878,nVidyo,Birkan Erol,≤100
105203589027932,Medyum Fikret Hoca,These ads ran without a disclaimer,≤100
306491676172909,Gerçek Gazetesi,Gerçek Gazetesi,≤100
815048841929079,M. Ergün Turan,M. Ergün Turan,≤100
103285814499773,H. Yalım Halıcı,Kadir Dede,≤100
1614212022160759,Fehmi Yağlı,Fehmi Yagli,≤100
107088348866304,Haberde.com.TR,Murat Ocak,≤100
107924807410702,Samet Bağcı,Samet Bağcı,≤100
120526908105389,AK Gençlik Çorlu,Onur Şen,≤100
108552928182311,Al Sancak Partisi,Nuri Çelebi,≤100
463215923715177,Mehmet Yiğiner,Bekir Koyuncu,≤100
1572709256359993,İnternethaber TV,HADİ ÖZIŞIK,≤100
101452232253259,Kubilay Çiçek,Kubilay Çiçek,≤100
114357406669727,ABB TV,Antalya Büyükşehir Belediyesi,≤100
108390012832175,Fatih Akkentli,Fatih Akkentli,≤100
101770559346670,Emre Topal,Emre Topal,≤100
575755372513811,Muhittin Böcek,Antalya Büyükşehir Belediyesi,≤100
101700471513125,Kadir Aydın,Kadir Aydın,≤100
110010815263548,Gerçek Gündem TV,Bülent Özdoğan,≤100
299205017684100,İyi Parti Gaziemir İlçe Başkanlığı,Mehmet Boyaci,≤100
103098904742608,Murat Serdar Koç,Murat Serdar Koc,≤100
184138575666106,Veri Kaynağı,Veri Kaynağı,≤100
298764070816267,Mehmet Tütüncü,Mehmet TÜTÜNCÜ Türkiye Temsilcisi,≤100
113229965003082,AK Parti/MHP/BBP Cumhur İttifakı,Erol Cihangir,≤100
106789305232883,وكالة الشرق الأوسط الإخبارية,وكالة الشرق الأوسط الإخبارية,≤100
104790481715851,ازجمله,Azjomle,≤100
465887546792664,Halkın Kurtuluş Partisi - HKP,TAYFUR BİN,≤100
144096473392,Yeşil Gazete,Yeşil Gazete,≤100
104373561467884,Serhat Servet Dövenci,Serhat Servet Dövenci33,≤100
114712824894406,Emre Topalz,Muhammet Emre Topal,≤100
109453424137168,Galip Uzun,Galip Uzun,≤100
116306208032983,GastroTravel,These ads ran without a disclaimer,≤100
197750943681205,Antalya Büyükşehir Belediyesi,Antalya Büyükşehir Belediyesi,≤100
111759765129397,ceyizpaketimankara,These ads ran without a disclaimer,≤100
101315571670453,Webagron Tarımsal İçerik Platformu,Webagron Tarımsal İçerik Platformu,≤100
100679968075599,Detay Haberler,Detay Haberler,≤100
104691722197784,صحيفة الاستقلال - العربية,صحيفة الاستقلال,≤100
107618338523613,bekirkirarr,These ads ran without a disclaimer,≤100
1093710237307888,TV 9,Numan Zeliha Ölmez,≤100
261075507431404,Afyon,Oktay Yuksel,≤100
107184060866156,Limitsiz Bilgi,These ads ran without a disclaimer,≤100
105920312260740,Özgür Köşe Yazarları,Özgür Köşe Yazarları,≤100
1407759386141852,Ahmet Akın,Ahmet Akin,≤100
104564748790874,tc_mka_cm,These ads ran without a disclaimer,≤100
114645601565956,Uğur Karaca,Uğur Karaca,≤100
2326044340975736,ŞİFRE HABER,ŞİFRE HABER MEDYA YAYINCILIK SAN. TİC. LTD. ŞTİ,≤100
118618834502656,senacelik98,These ads ran without a disclaimer,≤100
364737534025103,Bora Yörükoğlu İYİ Parti,Bora Yörükoğlu İYİ Parti,≤100
1668169733465490,مركز الحوار السوري,مركز الحوار السوري,≤100
276652289141318,OSMAN KOZAN,Osman Kozan,≤100
106197277802679,H24,H24,≤100
342960176224870,Accento Incentives,These ads ran without a disclaimer,≤100
285530825204,Klitschko,These ads ran without a disclaimer,≤100
306008616854,Filmfestival Türkei Deutschland - Türkiye Almanya Film Festivali Nürnberg,These ads ran without a disclaimer,≤100
684480475094920,Discover Inner Mongolia,These ads ran without a disclaimer,≤100