﻿Page ID,Page name,Disclaimer,Amount spent (THB)
546416699215073,ห้องสื่อครูคอม,ห้องสื่อครูคอม,≤100
188107458258082,Mono News - ข่าวโมโน,Mono News - ข่าวโมโน,≤100
108515294626891,สอบข้าราชการท้องถิ่น By Thurakan,สอบข้าราชการท้องถิ่น By Thurakan,≤100
105650394954220,ตรีนุช เทียนทอง Treenuch Thienthong,ตรีนุช เทียนทอง Treenuch Thienthong,≤100
104427797605274,พี่ต่อ ดร.เฉลิมชัย ศรีอ่อน “คำไหน-คำนั้น”,พี่ต่อ ดร.เฉลิมชัย ศรีอ่อน “คำไหน-คำนั้น”,≤100
105992549162758,ข่าวชีวิตติดกระแส,บริษัท เดนิส แอดส์ จำกัด,≤100
1105604039583762,Line One สว.นท. ขอเชิญส่งประวัติ ส่วนตัว องค์กร เพื่อเข้ารับรางวัลประจำปี,Line One สว.นท. ขอเชิญส่งประวัติ ส่วนตัว องค์กร เพื่อเข้ารับรางวัลประจำปี,≤100
109554115470973,ซงเล Station,These ads ran without a disclaimer,≤100
111341764925564,สำนักสนับสนุนการพัฒนาระบบสุขภาพ - สำนัก 7 สสส.,สำนักสนับสนุนการพัฒนาระบบสุขภาพ - สำนัก 7 สสส.,≤100
110325275488,efinanceThai,efinanceThai,≤100
104393812499502,ชีทสรุปกฎหมาย สำหรับสอบราชการ พนักงานราชการ by.kantap,ชีทสรุปกฎหมาย สำหรับสอบราชการ พนักงานราชการ by.kantap,≤100
104475082514245,น้องชายขายรองเท้า,These ads ran without a disclaimer,≤100
107612328588715,The Voters,The Voters,≤100
365616250592503,ตัวตึงกีฬาไทย,These ads ran without a disclaimer,≤100
150271398942624,อัศจรรย์เมืองพุทธ,These ads ran without a disclaimer,≤100
115922723434700,ครูเจพีสรุปย่อ for Teacher,ครูเจพีสรุปย่อ for Teacher,≤100
104414891596686,Studio Photo Story,These ads ran without a disclaimer,≤100
788176884663635,Banpu NEXT,These ads ran without a disclaimer,≤100
494189467277672,Agenda,บริษัท ดิ อาเจนด้า จำกัด,≤100
572592940087101,คณพลคนกันเอง,คณพลคนกันเอง,≤100
109379855054015,Bundle.Bit.Store,These ads ran without a disclaimer,≤100
104240334953784,ชีทสรุป สอบราชการ x งานกฎหมาย,These ads ran without a disclaimer,≤100
190923294988741,สอบครูผู้ช่วยนะ,สอบครูผู้ช่วยนะ,≤100
622674297897819,Screenshirt2020,Screenshirt2020,≤100
112248763465922,The Youngster,The Youngster,≤100
333794970138725,Gen.Bunchon - บัญชร ชวาลศิลป์,Gen.Bunchon - บัญชร ชวาลศิลป์,≤100
100552841679923,ณรงค์เครื่องหมาย,These ads ran without a disclaimer,≤100
105583991831514,Social Study Story,These ads ran without a disclaimer,≤100
101903785231136,นายกไก่กังวาล ศักดิ์ชัย พิศาลผล,นายกไก่กังวาล ศักดิ์ชัย พิศาลผล,≤100
974821245864874,แจ็ค รัสเซล Jack Russell.th Classy Records Thawichaya Tungsaharangsee,These ads ran without a disclaimer,≤100
112534107540691,Cariber,These ads ran without a disclaimer,≤100
110766468644579,อนันต์ ปรีดาสุทธิจิตต์,อนันต์ ปรีดาสุทธิจิตต์,≤100
103630761982428,Probiotics Club - มนุษย์เฮลตี้,These ads ran without a disclaimer,≤100
601953326929372,ธัญวัจน์ กมลวงศ์วัฒน์ - Tunyawaj Kamolwongwat,ธัญวัจน์ กมลวงศ์วัฒน์ - Tunyawaj Kamolwongwat,≤100
102376312258745,ริชแมน เกษตรบ้านนาโปรดักท์ ปุ๋ย ยา ฮอร์โมนพืช,These ads ran without a disclaimer,≤100
108084530549795,"ป้ายชื่อคุณครู ""สวยทุกป้าย""ทำด่วน",These ads ran without a disclaimer,≤100
1858556974395193,อธิปบูรพา,These ads ran without a disclaimer,≤100
108625789179165,Soi Dog Foundation,These ads ran without a disclaimer,≤100
174738095989909,Pichai Naripthaphan,These ads ran without a disclaimer,≤100