﻿Page ID,Page name,Disclaimer,Amount spent (USD)
47710973068,Voices for Cooperative Power,Voices for Cooperative Power,638
102965601744910,Congresswoman Nancy Mace,Congresswoman Nancy Mace,283
132914570126743,Conservation Voters of South Carolina,Conservation Voters of South Carolina,229
931229006969702,Jump Start Ministry,JUMPSTART South Carolina,197
76470053424,TIAA,TEACHERS INSURANCE AND ANNUITY ASSOCIATION OF AMERICA,196
106244251043808,America's Plastic Makers,"AMERICAN CHEMISTRY COUNCIL, INC.",191
49651563727,Live Action,Live Action,187
12375354406,USO,United Service Organizations,187
897994503631860,HealthInsurance.net,ASSURANCE IQ INC,178
166618413413767,Jay Sekulow,American Center for Law and Justice,171
172758932738142,PhRMA,PHARMACEUTICAL RESEARCH AND MANUFACTURERS OF AMERICA,165
255305273048938,Health Care Pronto,Home Betterment League,154
542678889114683,The Coca-Cola Company,The Coca-Cola Company,130
113891694102,Energy Citizens,AMERICAN PETROLEUM INSTITUTE,114
92925746942,Judicial Watch,Judicial Watch,111
1461100540775171,The Tuttle Twins,LIBERTAS INSTITUTE,107
110373865639447,Chris Sununu,Friends of Chris Sununu,104
74470852653,Mike Pompeo,Champion American Values PAC,≤100
32682889528,U.S. Chamber of Commerce,The U.S. Chamber of Commerce,≤100
127225910653607,PragerU,PragerU,≤100
7030901126,Campaign for Tobacco-Free Kids,TOBACCO-FREE KIDS ACTION FUND,≤100
7263476274,Mercy Corps,Mercy Corps,≤100
102431482417812,American Free Enterprise Action,AMFREEACTION COMMITTEE,≤100
8047221596,Save the Children US,SAVE THE CHILDREN FEDERATION INC.,≤100
18982436812,ACLU,American Civil Liberties Union,≤100
589658204411894,Office of South Carolina Treasurer Curtis Loftis,Future Scholar. Administered by State Treasurer Curtis Loftis. Not paid for with state funds.,≤100
102720325921846,Watts Huckabee for York County Council,Watts Huckabee for County Council,≤100
314499212242,Pfizer,Pfizer Inc.,≤100
30914589895,The International Fellowship of Christians and Jews,INTERNATIONAL FELLOWSHIP OF CHRISTIANS & JEWS INC,≤100
102415355916214,American Heart City,American Heart City,≤100
1587641554830791,BenaVest - Individual and Group Insurance Solutions,BENAVEST,≤100
25852730092,Care2,"Care2.com, Inc",≤100
13885075114,Action Against Hunger USA,ACTION AGAINST HUNGER - USA,≤100
22067606728,Allen West,The Association of Mature American Citizens Inc,≤100
109999331898234,My Affordable Care Act,The Burial Solution,≤100
18709174006,National Audubon Society,"NATIONAL AUDUBON SOCIETY, INC.",≤100
341036202607871,Americans for Prosperity - South Carolina,AMERICANS FOR PROSPERITY,≤100
85452072376,NEWSMAX,"NEWSMAX MEDIA, INC.",≤100
104295601633638,American Cornerstone Institute,American Cornerstone Institute Inc,≤100
40217893542,AIPAC,AIPAC,≤100
121626482110,Operation Smile,OPERATION SMILE,≤100
51405613519,Focus on the Family,Focus on the Family,≤100
687589164666184,MasterClass,MasterClass,≤100
342294162453301,Planned Parenthood,Planned Parenthood Federation of America,≤100
269348454714,IMB,"INTERNATIONAL MISSION BOARD OF THE SOUTHERN BAPTIST CONVENTION, THE",≤100
108766601760186,Americans for Safe Drugs,Americans for Safe Drugs,≤100
1048486145183452,We Testify,We Testify,≤100
203197030603239,8 Billion Trees,8 Billion Trees LLC,≤100
8934429638,Planned Parenthood Action,Planned Parenthood Action Fund,≤100
60182072999,Lila Rose,Live Action,≤100
570092813023833,Matt Walsh,The Daily Wire,≤100
15239367801,The Wilderness Society,"WILDERNESS SOCIETY, THE",≤100
321424962053199,MetroConnects,Metro Connects,≤100
25372476424,Best Friends Animal Society,BEST FRIENDS ANIMAL SOCIETY,≤100
853995724683916,Jewish Community Relations Council of Greater Charleston,CHARLESTON JEWISH FEDERATION,≤100
106568024842114,Rideshare Assault Support,Select Justice LLC,≤100
104253615152700,America First Legal,America First Legal Foundation,≤100
309308412520731,Sandy Hook Promise,Sandy Hook Promise,≤100
6204742571,Sierra Club,SIERRA CLUB,≤100
8492293163,Environmental Defense Fund,Environmental Defense Fund,≤100
112425441094454,The Art of the Tweet,The Art of the Tweet LLC,≤100
6355071377,American Cancer Society Cancer Action Network - ACS CAN,AMERICAN CANCER SOCIETY CANCER ACTION NETWORK INC,≤100
35169196082,Project HOPE,"PROJECT HOPE-THE PEOPLE-TO-PEOPLE HEALTH FOUNDATION, INC.",≤100
318196171580489,Ron DeSantis,Friends of Ron DeSantis,≤100
7341997111,Conservation International,Conservation International,≤100
473191156175163,EDF Action,Environmental Defense Action Fund,≤100
1747038068858379,Las Madrinas de los Seguros,"Living Secure Insurance Advisors, Inc.",≤100
6514736316,Walden University,Walden University,≤100
5720973755,Defenders of Wildlife,DEFENDERS OF WILDLIFE,≤100
106568024842114,Rideshare Assault Support,Citizen Ad Network LLC,≤100
61492859575,Americares,"Americares Foundation, Inc.",≤100
57259033959,AARP,AARP,≤100
1832744013698336,Mahogany Mommies,Mahogany Mommies,≤100
592707041080920,Stand Together,Stand Together Chamber of Commerce Inc.,≤100
431891506856669,Dove,Unilever,≤100
108547455113940,Our America,Our America,≤100
1534290989956166,Philanthropy Roundtable,"PHILANTHROPY ROUNDTABLE, THE",≤100
142957224352,International Medical Corps,International Medical Corps,≤100
133845049915,American Highway Users Alliance,American Highway Users Alliance,≤100
154561574598964,White Coat Waste Project,THE WHITE COAT WASTE PROJECT INC,≤100
19972147679,SEIU,SEIU,≤100
681626158940626,Mission Roll Call,Americas Warrior Partnership,≤100
866779926670025,Citizens for Tobacco Rights,Citizens for Tobacco Rights,≤100
2245766435469741,Beersy,Beersy LLC,≤100
544052145765432,Beacon Community Bank,Momentum Marketing,≤100
51379424899,Mercy Ships,MERCY SHIPS INTERNATIONAL,≤100
147368882623027,Black Futures Lab,Black Futures Lab,≤100
123499639275,National CASA / GAL Association for Children,NATIONAL CASA ASSOCIATION,≤100
580610428636345,Fight for $15,Fight for $15,≤100
101069505589,American Association of Pro Life OB/GYNS,AAPLOG,≤100
361960287311696,Better Medicare Alliance,"Better Medicare Alliance, Inc",≤100
100758682697459,Mayday Health,"Mayday Medicines, Inc.",≤100
110799871814504,Health PLUS,Health Plus Official,≤100
67945990059,The American Petroleum Institute,The American Petroleum Institute,≤100
8325302025,Friends of the Earth U.S.,Friends of the Earth,≤100
141786816970,Cruise Lines International Association - CLIA,Cruise Lines International Association,≤100
250485248333218,Clean Air Task Force,CLEAN AIR TASK FORCE,≤100
102784342640570,Better Nation Guide,Hot Review Products,≤100
21472760578,C-SPAN,C-SPAN,≤100
376776419037747,Turning Point USA,"Turning Point USA, Inc.",≤100
110442961603215,Yikes Today,Tomer Barazani,≤100
12301006942,Democratic Party,DNC SERVICES CORP./DEM. NAT'L COMMITTEE,≤100
29717379728,International Justice Mission,International Justice Mission,≤100
255062275778,Tim Tebow Foundation,TIM TEBOW FOUNDATION,≤100
102748688472759,Parents Defending Education,Parents Defending Education,≤100
90022052772,Williams,"WILLIAMS COMPANIES, INC., THE",≤100
102825094533,South Carolina Environmental Law Project,South Carolina Environmental Law Project,≤100
219612384781411,Bloomberg Philanthropies,Bloomberg Philanthropies,≤100
58433611572,Seventh Generation,SEVENTH GENERATION INC,≤100
130945114804,World Jewish Congress,ATTN: INC.,≤100
102020478712493,Thomas Sowell,Ever Wonder Why LLC,≤100
104933662932387,CreativeFuture,CreativeFuture,≤100
118303441570966,Homeowner Smart,NATIONAL ASSOCIATION OF REALTORS,≤100
27817332304,American Foundation for Suicide Prevention,AMERICAN FOUNDATION FOR SUICIDE PREVENTION,≤100
203805062990264,Ben Shapiro,The Daily Wire,≤100
121268821249550,World Central Kitchen,World Central Kitchen,≤100
85945492130,EnergyBoom,Energy Boom,≤100
15771560300,Earthjustice,EARTHJUSTICE,≤100
1958912674200535,The Pour Over,Pour Over,≤100
237882817461,THE NERVE,SOUTH CAROLINA POLICY COUNCIL EDUCATION FOUNDATION,≤100
104760636770,Vera Institute of Justice,"VERA INSTITUTE OF JUSTICE, INC.",≤100
34362997676,United States Holocaust Memorial Museum,UNITED STATES HOLOCAUST MEMORIAL MUSEUM,≤100
275947565591,Woods & Woods The Veterans Firm,"Woods & Woods, LLC",≤100
227764782729,AMERICAN - STRONG!,American Strong LLC,≤100
343714718985673,Think Wood,Think Wood,≤100
7357041101,Tammy Baldwin,TAMMY BALDWIN FOR SENATE,≤100
7976226799,The Daily Show,Comedy Central,≤100
836826976517252,International Christian Embassy Jerusalem - USA,"International Christian Embassy Jerusalem - USA, Inc.",≤100
367292494407,AJC - American Jewish Committee,AMERICAN JEWISH COMMITTEE,≤100
111169528134900,The Black Boom by Jason L. Riley,Ever Wonder Why LLC,≤100
129240690441636,The Legal Defense Fund,"N. A. A. C. P. LEGAL DEFENSE AND EDUCATIONAL FUND, INC.",≤100
267180743723148,National Geographic Society,National Geographic Society,≤100
1593518174052711,Candace Owens,The Daily Wire,≤100
696930446991476,Financialadviser.com,"All Phone Leads, Inc.",≤100
17203056985,Partners In Health,Partners In Health,≤100
42872222699,Dana Loesch,The Association of Mature American Citizens Inc,≤100
108268161352786,Stanley M. Herzog Foundation,Herzog Foundation,≤100
1435071773455316,Daily Wire,The Daily Wire,≤100
5861903849,USA for UNFPA,FRIENDS OF UNFPA INC,≤100
80562389320,NARAL Pro-Choice America,NARAL PRO-CHOICE AMERICA CORP,≤100
11791104453,NRDC,Natural Resources Defense Council,≤100
201446296572389,Compassion in World Farming (USA),Compassion in World Farming Inc,≤100
158505287559920,Save the Storks,Save the Storks,≤100
103531607822207,Noticias para Inmigrantes,"Wise Rock Media, PBC",≤100
103912059097010,One Real American,One Real American,≤100
507070522767934,AACR Foundation,"AMERICAN ASSOCIATION FOR CANCER RESEARCH, INC.",≤100
97466887664,Innocence Project,"INNOCENCE PROJECT, INC., THE",≤100
309541989079465,Libertas Institute,LIBERTAS INSTITUTE,≤100
154065301986563,GZERO Media,GZERO Media,≤100
56332452163,AMA Patients Action Network,American Medical Association,≤100
478022368897483,The Ocean Cleanup,The Ocean Cleanup with Facebook Ad Credits,≤100
70874333603,CatholicVote,catholicvote.org,≤100
380884168648080,Population Research Institute,POPULATION RESEARCH INSTITUTE,≤100
246323280108,American Medical Association,American Medical Association,≤100
9694956217,Animal Legal Defense Fund,ANIMAL LEGAL DEFENSE FUND,≤100
117437204982602,American Wild Horse Campaign,American Wild Horse Preservation Campaign,≤100
101571285180758,Meeting Street Scholarship Fund,Meeting Street Scholarship Fund,≤100
83290028957,Care Net,CARE NET,≤100
6266829799,Sherrod Brown,FRIENDS OF SHERROD BROWN,≤100
38235851310,USA for UNHCR,UNITED STATES ASSOCIATION FOR UNHCR,≤100
113318901345595,Baby Patriots,Proud Patriots,≤100
8002590959,Rainforest Action Network - RAN,RAINFOREST ACTION NETWORK,≤100
408250066356,Bill O'Reilly,"Bill Me, Inc.",≤100
106934455593748,American Health Plans,American Health Plans,≤100
833703819981407,Atlantic Re:think,The Atlantic Monthly Group LLC,≤100
9785626650,Public Citizen,Public Citizen,≤100
100373975829221,Fòs Feminista Org,Fòs Feminista,≤100
187005858017014,Climate Power,Climate Power,≤100
107324200941300,Scott Cambers for Georgia 129,CAMBERS ELECTION COMMITTEE,≤100
100485764982266,Only One,Only One,≤100
223938852914655,Matt Vilardebo for SC26,Matt Vilardebo for SC26,≤100
159937287765742,CityHealth,CityHealth,≤100
107999458652964,MyObamacare,Norwegian Financial LLC,≤100
19972147679,SEIU,SEIU COPE (SERVICE EMPLOYEES INTERNATIONAL UNION COMMITTEE ON POLITICAL EDUCATION),≤100
8576093908,AT&T,"AT&T Services, Inc.",≤100
72931140459,Center for Biological Diversity,"CENTER FOR BIOLOGICAL DIVERSITY, INC.",≤100
6041057841,The Humane Society of the United States,"HUMANE SOCIETY OF THE UNITED STATES, THE",≤100
140357056032320,NEA Today,National Education Association,≤100
6502038524,First Book,FIRST BOOK,≤100
1788530101402591,Rep. John McCravy,McCravy for House,≤100
137855609584310,TBN,TRINITY CHRISTIAN CENTER OF SANTA ANA INC,≤100
104491841664875,Adam Kinzinger,Future First Leadership PAC,≤100
45393753416,Alliance Defending Freedom,Alliance Defending Freedom,≤100
240374499491346,HeForShe,UN Women,≤100
106913491375624,Israel War Room,Israel War Room,≤100
102203142532073,Camp Lejeune Compensation Database,These ads ran without a disclaimer,≤100
6240652407,Young America's Foundation,Young America's Foundation Inc,≤100
466164103423147,Thorn,Thorn,≤100
102420431749179,Raging Americans,Tomer Barazani,≤100
745910525468062,National Center on Sexual Exploitation,National Center on Sexual Exploitation,≤100
143089732792,Marsha Blackburn,Marsha for Senate,≤100
15041226930,Oxfam,"OXFAM AMERICA, INC.",≤100
13187955196,Young Americans for Liberty,Young Americans for Liberty,≤100
657708380952174,Voices of the Civil Rights Movement,Comcast,≤100
1375372595977513,UWorld Insurance Group,UWORLD INSURANCE GROUP,≤100
134452023239984,Human Coalition,Human Coalition,≤100
786167111464006,Woodson Center,The Woodson Center,≤100
36872302227,Cory Booker,CORY BOOKER FOR SENATE,≤100
8321461609,MomsRising.org,MomsRising Together,≤100
23790541544,Democrats,DCCC,≤100
113011138085478,USA Funeral Benefits & Services,Heartwork global,≤100
108512875350,The Atlas Society,The Objectivist Center Ltd,≤100
101090559295696,TPUSA Faith,TURNING POINT USA NFP,≤100
1575347412785991,cheddar news,Cheddar News,≤100
216311481960,Bill Gates,Bill Gates,≤100
109352563640,Water.org,WATER.ORG INC.,≤100
110420685199238,WeVision EarlyEd,Bainum Family Foundation,≤100
106112718912512,Ryan Stephens For York County Council District 6,Ryan Stephens For York County Council,≤100
98673036962,ROLDA,These ads ran without a disclaimer,≤100
199826043375900,Larry Hogan,An America United,≤100
1470540296409810,Fair Fight Action,FAIR FIGHT,≤100
1713983962155278,Pickens County Observer,Pickens County Observer,≤100
114008535880,Foundation for Individual Rights and Expression,FOUNDATION FOR INDIVIDUAL RIGHTS IN EDUCATION,≤100
109637125764343,Population Connection,Population Connection,≤100
355783211719644,Veteran Caregivers of America,"Veteran Caregivers, LLC",≤100
290548664672,First Liberty,First Liberty Institute,≤100
182620315479,Plan International USA,Plan International USA,≤100
7630216751,DoSomething.org,DOSOMETHING.ORG,≤100
145917588805718,Dr Jordan B Peterson,The Daily Wire,≤100
160630887998827,Let Them Live,Oliver Harrison  Berning,≤100
471928596287830,Brian Mast,Mast for Congress,≤100
114301413446447,The Climate Initiative,Kennebunkport Climate Initiative,≤100
541807025833154,Malala Fund,Malala Fund,≤100
162244692732,Brennan Center for Justice at NYU Law,"WILLIAM J. BRENNAN CENTER FOR JUSTICE, INC.",≤100
9538894955,John F. Kennedy Presidential Library and Museum,"John Fitzgerald Kennedy Library Foundation, Inc.",≤100
10331123781,Special Olympics,Special Olympics Inc,≤100
200650357207240,I Love My Freedom,I Love My Freedom,≤100
1590877284560136,Patti Harris,Bloomberg Philanthropies,≤100
1682876188698809,United for Respect,United for Respect,≤100
142432192446984,David Horowitz Freedom Center,David Horowitz Freedom Center,≤100
337038226473839,Trish Regan,"SALEM MEDIA GROUP, INC.",≤100
788559044606908,America Forward,NEW PROFIT INC,≤100
102960695956522,Amazing Patriots,Amazing Patriots,≤100
102230249080409,Freedom First,Jason Donald Robertson,≤100
102413723172970,Nick Adams,Nick Adams,≤100
93228695778,Tea Party Patriots,Tea Party Patriots,≤100
240937060405,Center for Science in the Public Interest (CSPI),Center for Science in the Public Interest,≤100
101224002310757,Seven Weeks Coffee,Seven Weeks Coffee,≤100
1562713090633117,Operation Underground Railroad,OPERATION UNDERGROUND RAI,≤100
101319825565305,Lacayo Group Inc,LACAYO GROUP INC,≤100
24481937944,Theodore Roosevelt Conservation Partnership,"THEODORE ROOSEVELT CONSERVATION PARTNERSHIP, INC",≤100
1428755447227803,Defend The Second,Next Level Goods,≤100
100280805784775,Shine A Light,Kirsh Philanthropies,≤100
1526736227567131,TrueCoverage,True Coverage,≤100
164966660351345,Hope Outfitters,Hope Outfitters,≤100
104377641671195,Salem Podcast Network,Salem Media,≤100
112077148340685,Health Giveback,Health Giveback,≤100
100466376050855,Real America Home,Real America Home,≤100
153678684700451,American Investment Council,AMERICAN INVESTMENT COUNCIL,≤100
18079407397,CPAC,AMERICAN CONSERVATIVE UNION,≤100
107153355166646,The Protein PACT,NORTH AMERICAN MEAT INSTITUTE,≤100
2035155006711942,Drug Enforcement Administration - DEA,Drug Enforcement Administration,≤100
1503295233268493,Lebowski Lovers,The Dude's Threads,≤100
57615046615,Rainforest Trust,RAINFOREST TRUST INC,≤100
106315901551850,The U.S. Concealed Carry Association for Saving Lives,U.S. Concealed Carry Association For Saving Lives. Not Authorized By Any Candidate Or Candidate's Committee.,≤100
101769576791,Health Action Network,Health Action Network,≤100
702582586516561,CBN Israel,"The Christian Broadcasting Network, Inc.",≤100
983629811723932,Home Title Lock,Home Title Lock,≤100
168876449866088,The Years Project,THE YEARS PROJECT,≤100
108620667163768,For Our Future,Resource Media,≤100
293807357774812,Run for Something Action Fund,Run For Something,≤100
100221986153813,Lou's Daily News,Jennifer Ann Robertson,≤100
282728185140429,Rep For Vets,The Rep For Vets,≤100
290851614930809,Combat AntiSemitism,Combat Hate Foundation,≤100
125179374733697,Big News Buzz,Resource Media,≤100
403737406341879,National Women's Health Network,NATIONAL WOMENS HEALTH NETWORK,≤100
50982313030,Food & Water Watch,Food & Water Watch,≤100
169687486427698,Jentezen Franklin,FREE CHAPEL WORSHIP CENTER,≤100
127691390582,PHI,"PARAPROFESSIONAL HEALTHCARE INSTITUTE, INC.",≤100
108266445888054,Patriot Academy,TORCH OF FREEDOM FOUNDATION,≤100
105120815642998,Partnership to Address Global Emissions,PARTNERSHIP TO ADDRESS GLOBAL EMISSIONS INC,≤100
21090771700,Gun Owners of America,Gun Owners of America,≤100
7145381235,American Jewish World Service - AJWS,"AMERICAN JEWISH WORLD SERVICE, INC.",≤100
1196196390526965,Facebook Surveys,These ads ran without a disclaimer,≤100
259351004139042,Ashbrook Center,Ashbrook Center,≤100
100591845925552,EMILY's List Action,Emily's List Action,≤100
1600907069987131,March For Our Lives,March For Our Lives,≤100
19746387261,Humane Society International,Humane Society International,≤100
2254455051442790,Flag and Cross,Flag & Cross,≤100
7962229886,Environmental Working Group,ENVIRONMENTAL WORKING GROUP,≤100
133649613319094,A Call to Men,A CALL TO MEN,≤100
109849005245589,American Family Benefits & Services,Heartwork global,≤100
109320440856128,Together Beat Hate,"Foundation to Combat Anti-Semitism, Inc.",≤100
6040534532,One Acre Fund,ONE ACRE FUND,≤100
911828698840246,ReLEntless Defender Apparel,ReLEntless Defender Apparel,≤100
110431415026491,The American Enthusiasm,The American Enthusiasm,≤100
103945768988283,ObamacarePlans.com,Obamacareplans,≤100
104811701387594,Our Community's Health,TruthNotLies,≤100
546066468753446,Black Health Matters,BLACK HEALTH MATTERS FOUNDATION INC,≤100
342887442508723,Convention of States,Convention of States Action,≤100
84645912778,Prosperity Now,PROSPERITY NOW,≤100
106568024842114,Rideshare Assault Support,Injury Match,≤100
69611504313,Simon & Schuster,Simon and Schuster,≤100
103355385129734,The Climate Pledge,The Climate Pledge,≤100
149220264647,ADL - Anti-Defamation League,Anti-Defamation League,≤100
243184199040637,Caring Across Generations,Caring Across Generations,≤100
108258878290014,Stay Well Community Health Fairs,Stay Well Community Health Fairs,≤100
431019887282794,Tomorrow's World Today,Flying Cork,≤100
1398927630359711,State Financial Officers Foundation - SFOF,State Financial Officers Foundation,≤100
97624620788,American Friends of Magen David Adom,AMERICAN FRIENDS OF MAGEN DAVID ADOM,≤100
107168898379486,Speed & Scale,Speed & Scale,≤100
159658557547960,Wall Street Journal Opinion,The Wall Street Journal,≤100
245741028804051,Barbara Sinatra Center,Barbara Sinatra Children's Center,≤100
100113865706707,ADF Generational Wins Prayer Initiative,ALLIANCE DEFENSE FUND INC,≤100
110316380149,Family Policy Alliance,Family Policy Alliance,≤100
101391906600,Live Action News,Live Action,≤100
103328515934791,Take Back 2024,The Blue State Conservative,≤100
243498882520314,FoodFinder,"FOODFINDER, INC.",≤100
85337666730,Republican Governors Association (RGA),REPUBLICAN GOVERNORS ASSOCIATION,≤100
602074469965571,Plan C,NATIONAL WOMENS HEALTH NETWORK,≤100
203294399456,Public Interest Registry,Public Interest Registry,≤100
21395843375,Dialysis Patient Citizens,DIALYSIS PATIENT CITIZENS INC,≤100
1163811040367180,Food & Water Action,FOOD & WATER ACTION,≤100
127637620616803,Comcast Newsmakers,Comcast,≤100
95001097200,National Association of Manufacturers,NATIONAL ASSOCIATION OF MANUFACTURERS OF THE UNITED STATES OF AMERICA INC.,≤100
375742685850856,Firearms Policy Coalition,"FIREARMS POLICY COALITION, INC.",≤100
118372414848063,UN Women USA,UN Women USA,≤100
107764430968176,Tuttle Twins TV Show,"Tuttle Twins Show, LLC",≤100
945455208962159,For Everyone Collective,For Everyone Collective,≤100
53797383417,The National Urban League,"NATIONAL URBAN LEAGUE, INC.",≤100
6334782252,Oceana,OCEANA INC,≤100
24470472733,The Trevor Project,The Trevor Project,≤100
12596759677,RAICES,REFUGEE AND IMMIGRANT CENTER FOR EDUCATION AND LEGAL SERVICES,≤100
233456156850563,The Prisoner Wine Company,"TPWC, Inc.",≤100
10498053716,Media Research Center,MEDIA RESEARCH CENTER,≤100
42940254353,Human Rights Watch,"HUMAN RIGHTS WATCH, INC.",≤100
300992409852,Hoover Institution,Hoover Institution,≤100
151894654697,Save Our States,Save Our States,≤100
319485334803281,COPA90,These ads ran without a disclaimer,≤100
58158120046,ACLJ,American Center for Law and Justice,≤100
372577693078008,"Saenz-Garcia Law, PLLC","Saenz-Garcia Law, PLLC",≤100
336861789666063,Liberty Fund,LIBERTY FUND INC,≤100
48994809349,Ms. Foundation for Women,MS FOUNDATION FOR WOMEN INC,≤100
118626774835274,Medicare Made Clear,Medicare Made Clear from United Healthcare,≤100
103277109172874,The Original Lou's News,Jennifer Ann Robertson,≤100
156496968533805,Explore Beyond,NCTA - The Internet & Television Association,≤100
317284821682168,Messianic Jewish Alliance of America (MJAA),Messianic Jewish Alliance of America,≤100
723394465079640,The Lion,Stanley M. Herzog Charitable Foundation,≤100
517185715005608,Milbank LLP,Milbank LLP,≤100
8473889271,National Parks Conservation Association,National Parks Conservation Association,≤100
269479249997,NSSF—The Firearm Industry Trade Association,National Shooting Sports Foundation,≤100
100519772749954,Obamacare-Pride,Norwegian Financial LLC,≤100
6756153498,Mike Bloomberg,Bloomberg Philanthropies,≤100
114710126648118,Republican Dogs,Republican Dogs,≤100
407902639235640,JNS.org,Jewish News Syndicate,≤100
72092591211,FBI – Federal Bureau of Investigation,Federal Bureau of Investigation,≤100
6236054211,Brady: United Against Gun Violence,Brady Campaign to Prevent Gun Violence,≤100
417522508294454,Job Creators Network,Job Creators Network,≤100
103875099042033,DailyWire+,The Daily Wire,≤100
103331558424923,Invest in America,Economic Security Project Action Inc.,≤100
104178704279594,Main St. First,Resource Media,≤100
77278490877,National Corn Growers Association,National Corn Growers Association,≤100
105561217523274,The Dispatch,"Dispatch Media, Inc.",≤100
102027764795677,American Wire,BizPac Review,≤100
286999398309679,Enel Green Power,"Enel North America, Inc.",≤100
7229514244,Drug Policy Alliance,DRUG POLICY ALLIANCE,≤100
1752689034960996,The Babylon Bee,THE BABYLON BEE LLC,≤100
6316744206,Jon Tester,MONTANANS FOR TESTER,≤100
201956993160690,MRCTV,MEDIA RESEARCH CENTER,≤100
296680801734,Dr. James Dobson's Family Talk,Dr. James Dobson's Family Talk,≤100
50822254585,Mountain States Legal Foundation,Mountain States Legal Foundation,≤100
102176712079037,Daily Floridian,Daily Floridian,≤100
82223469060,ACN - Aid to the Church in Need,"AID TO THE CHURCH IN NEED, INC.",≤100
114765400352270,Kite & Key Media,VMTS EDUCATION INC,≤100
25121889784,Texas Public Policy Foundation,Texas Public Policy Foundation,≤100
102592959026,Ocean Conservancy,"OCEAN CONSERVANCY, INC.",≤100
284293125336159,Regulatory Transparency Project,FEDERALIST SOCIETY FOR LAW & PUBLIC POLICY STUDIES,≤100
169597416843751,Stand Up America,Paid for by Stand Up America. Not authorized by any candidate.,≤100
508887815910815,BPR,BizPac Review,≤100
271453369908901,FLAG  - Foundation for Liberty and American Greatness,Tomer Barazani,≤100
497348647140658,Point Source Youth,Point Source Youth,≤100
443329669123990,USAFacts,USAFacts Institute,≤100
557051651115624,Stidham Financial Services,Stidham Financial Services,≤100
345378512258813,Elise Stefanik,ELISE FOR CONGRESS,≤100
124506846628,Agape International Missions,AGAPE INTERNATIONAL MISSIONS,≤100
38882699096,Polaris,POLARIS PROJECT,≤100
1681822462040908,DonorsTrust,DONORS TRUST INC,≤100
7735858972,Humane Society Legislative Fund,Humane Society Legislative Fund,≤100
77273593330,Hillel International,HILLEL THE FOUNDATION FOR JEWISH CAMPUS LIFE,≤100
30618466815,Pacific Legal Foundation,Pacific Legal Foundation,≤100
36474716066,Color Of Change,ColorofChange.org,≤100
7515233409,"Mikey Weinstein, MRFF",MILITARY RELIGIOUS FREEDOM FOUNDATION,≤100
378084314984,Trane Technologies,Trane Technologies,≤100
187741797907314,The American Society of Anesthesiologists (ASA),"AMERICAN SOCIETY OF ANESTHESIOLOGISTS, INC., THE",≤100
1914246298655769,American Funeral Benefits & Services,Heartwork global,≤100
537534316395916,Students for Trump,Turning Point Action,≤100
109284291894484,American News Stories,Michael Scott Hughes,≤100
115440234486895,Lucy Davis,These ads ran without a disclaimer,≤100
36634376117,HarperKids Books,HARPERCOLLINS PUBLISHERS LLC,≤100
100692068471118,Explain America,Apse Media LLC,≤100
105173311888160,Star and Bar,Star and Bar,≤100
100284648021034,New Tolerance Campaign,New Tolerance Campaign,≤100
7192716362,Amnesty International USA,"AMNESTY INTERNATIONAL OF THE U. S. A., INC.",≤100
999556810102061,Signature Seas,Signature Seas,≤100
360424321432255,Doha Debates,Doha Debates,≤100
111111011846702,Magaga2024,Renee Wilsman,≤100
359477377917,American Federation for Children,American Federation for Children,≤100
107592419594,Immigration Equality,IMMIGRATION EQUALITY INCORPORATED,≤100
101581329115492,Freedom Street,Jason Donald Robertson,≤100
299016790922,Bobby Eberle,Bobby Eberle,≤100
415337508976139,Brandon Upson,Brandon Upson,≤100
38897314734,Trust for Public Land,"TRUST FOR PUBLIC LAND, THE",≤100
102142101657930,OurFight.online,Our Fight Inc,≤100
103916546350474,Stericycle,Stericycle,≤100
386073618077090,Welvista,These ads ran without a disclaimer,≤100
366351973736242,Red Rock Secured,Red Rock Secured,≤100
397207347056799,Voices for Healthy Kids,AMERICAN HEART ASSOCIATION INC,≤100
8446177150,Chosen People Ministries,CHOSEN PEOPLE MINISTRIES INC,≤100
21242962092,ClientEarth,CLIENTEARTH USA INC,≤100
30139072158,CARE,CARE,≤100
331037760381749,Sierra Magazine,SIERRA CLUB,≤100
15041226930,Oxfam,These ads ran without a disclaimer,≤100
70795936969,Children International,CHILDREN INTERNATIONAL,≤100
1679521432262834,Physicians Grassroots Network,American Medical Association,≤100
936968016365794,The Eric Metaxas Radio Show,Salem Media,≤100
292351509697,Jerusalem Prayer Team,Jerusalem Prayer Team,≤100
100388126216021,The Red Onlooker,Gregory Lawrence Burright,≤100
236312179825896,Republican Main Street Partnership,REPUBLICAN MAIN STREET PARTNERSHIP INC,≤100
8895898655,Rainforest Alliance,"RAINFOREST ALLIANCE, INC.",≤100
101761126009518,Patriotic Army,Tomer Barazani,≤100
142474049098533,Robert Reich,Inequality Media,≤100
112642477582238,Mericanaf,AAF Nation,≤100
104255434986319,Teal Crate,Vougs,≤100
103482538845527,Conservative Truth,Home of the Brave Media LLC,≤100
14233429764,the Jane Goodall Institute,"The Jane Goodall Institute for Wildlife Research, Education and Conservation",≤100
268672113155656,The Expectations Project,THE EXPECTATIONS PROJECT INC,≤100
27478282874,UNITE HERE!,UNITE HERE,≤100
232467307162583,Farm Action,Family Farm Action Inc,≤100
105952584448503,Old Gays,These ads ran without a disclaimer,≤100
114822851867896,"Stop Abuse, Inc.",These ads ran without a disclaimer,≤100
464998390249008,The Independence Fund,"INDEPENDENCE FUND, INC, THE",≤100
108179361951729,Republican Patriots,Tomer Barazani,≤100
105673382393727,Mint Hill Information,Stephen Charles Shlakman,≤100
110981884065996,Abortion Finder,Power to Decide,≤100
210357995667559,The National Memo,The National Memo,≤100
104396194587918,C3 Solutions,Conservative Coalition for Climate Solutions,≤100
19342050934,Leadership Institute,LEADERSHIP INSTITUTE INC,≤100
67626834312,National Women's Law Center,National Women's Law Center,≤100
108583533855999,NBCLX,NBCLX,≤100
197725161093650,The Joseph Project,"THE JOSEPH PROJECT, INC",≤100
24330467048,Americans for Prosperity,AMERICANS FOR PROSPERITY,≤100
104660195062596,Gen Z Conservative,Michael Scott Hughes,≤100
7292655492,MoveOn,MOVEON.ORG POLITICAL ACTION,≤100
2152371365037033,Aliados Adelante,AARP,≤100
300341323465160,The Daily Signal,HERITAGE FOUNDATION (THE),≤100
59386210330,American Lung Association,AMERICAN LUNG ASSOCIATION,≤100
1550724111880347,HEAL California,California OneCare Education Fund,≤100
16223832249,RAINN,"RAPE, ABUSE AND INCEST NATIONAL NETWORK (RAINN)",≤100
29423827874,Proclaiming Justice to the Nations,PROCLAIMING JUSTICE TO THE NATIONS INC,≤100
100403528653081,Punchbowl News,Punchbowl News,≤100
111044621745187,Liberty News,Michael Scott Hughes,≤100
107308698272177,Gas Leaks Action,Gas Leaks Action,≤100
105454117977117,Voices for Consumer Choice,Voices for Consumer Choice,≤100
104042452981815,AARP Black Community,These ads ran without a disclaimer,≤100
59877921429,Lutheran Immigration and Refugee Service,"LUTHERAN IMMIGRATION AND REFUGEE SERVICE, INC.",≤100
109118211910879,Mr. 45,Green Straw LLC,≤100
115613890351673,Screaming Freedom Apparel,Screaming Freedom Apparel,≤100
1079789672084038,SimonBooks,Simon & Schuster,≤100
153278754738777,Climate Reality,The Climate Reality Project,≤100
439271970343,World Help,WORLD HELP,≤100
178746337565646,Save Our Allies,Save Our Allies,≤100
110042181919423,Leading With Greatness,Patriotic Uniting For All,≤100
102043555830358,Giving Green,IDinsight,≤100
1015449978587077,Alliance for Youth Action,Alliance for Youth Action,≤100
107008774760761,Color Us United,Color Us United,≤100
398821303519625,Childhood Sexual Abuse Lawyers,"Corsiglia, McMahon & Allard",≤100
111812468884033,W.K. Kellogg Foundation,W. K. KELLOGG FOUNDATION,≤100
8936818385,Accuracy in Media,Flo Communications,≤100
163662804426854,Life Advancement Group,Nathan Montgomery Berning,≤100
111311390623711,2A Daddy,2A Daddy LLC,≤100
1479899112252729,Ukrainian American House,Ukrainian American House,≤100
17414523278,Democracy Now!,DEMOCRACY NOW,≤100
346612865750115,Korea Defense Veterans Association,Korea Defense Veterans Association,≤100
137072070869,Investment Company Institute,INVESTMENT COMPANY INSTITUTE,≤100
101803615972593,Innovation Race,"TEA PARTY PATRIOTS ACTION, INC.",≤100
322945079029,Glory Church International,GLORY CHURCH INTERNATIONAL,≤100
133937690180,Student Conservation Association,Student Conservation Association,≤100
83960796709,Institute for Southern Studies,INSTITUTE FOR SOUTHERN STUDIES INC,≤100
18813753280,Human Rights Campaign,"HUMAN RIGHTS CAMPAIGN, INC.",≤100
2070944712939738,American Police Officers Alliance,American Police Officers Alliance,≤100
312657362217994,Women's Heart Alliance,Women's Heart Alliance,≤100
226999127329906,New York Immigration Lawyer,Law Office of Alena Shautsova,≤100
13867925345,Equality Florida,Equality Florida,≤100
100417168386329,Heal America,Stand Together Chamber of Commerce Inc.,≤100
513695272011123,The Genesis Prize,GPF NA LLC,≤100
109599248636777,Consumer Credit Card Protection Coalition,CONSUMER CREDIT CARD PROTECTION COALITION,≤100
23311628592,Heartland Alliance,Heartland Alliance for Human Needs & Human Rights,≤100
36091862898,The Mackinac Center for Public Policy,The Mackinac Center for Public Policy,≤100
28446275521,Military Officers Association of America (MOAA),Military Officers Association of America,≤100
279799525443906,HELPS Nonprofit,HELPS Nonprofit Law Firm,≤100
61265398450,AmeriCorps NCCC,Corporation for National and Community Service,≤100
102579112455934,Making The Leap Podcast,Stanley M. Herzog Charitable Foundation,≤100
111954788847971,Charlotte-Mecklenburg Storm Water Services,Charlotte-Mecklenburg Storm Water Services,≤100
106066242355680,Seguro De Salud,Coreykirchen,≤100
110480728196620,Small Business Digital Alliance,Small Business Digital Alliance,≤100
1571132936490223,JewBelong,JEWBELONG INC.,≤100
105809475695694,MyObamacare Rates,These ads ran without a disclaimer,≤100
100298938781,Robert Wood Johnson Foundation,THE ROBERT WOOD JOHNSON FOUNDATION,≤100
106001278558202,For The Love Of News,Krista D Bloch,≤100
93565224474,Mercy For Animals,MERCY FOR ANIMALS,≤100
80770833881,Eagles' Wings,EAGLES' WINGS MINISTRIES,≤100
143173285763,Tenth Amendment Center,Tenth Amendment Center,≤100
131306317680000,Social Goods,"Social Goods, LLC",≤100
106222134809638,"Elite Noire, Inc.",ELITE NOIRE INC,≤100
60261764250,Childhelp,"CHILDHELP, INC.",≤100
92021268117,Working America,Working America,≤100
1869687273277265,Run for Something,Run For Something PAC,≤100
103725461407761,Maryorie Pineda Insurance,JM INSURANCE GROUP LLC,≤100
10234472029,Council on Foreign Relations,Council on Foreign Relations,≤100
101716172441500,Brennan Center en Español,"WILLIAM J. BRENNAN CENTER FOR JUSTICE, INC.",≤100
399060493533519,The Justice Foundation,JUSTICE FOUNDATION,≤100
219224241438635,Compassion & Choices,COMPASSION & CHOICES,≤100
323083351064533,The News Literacy Project,The News Literacy Project,≤100
30708742052,FCTRY,FCTRY,≤100
70531357576,Freedom Forum,"FREEDOM FORUM INC, THE",≤100
181385265351965,Mosaic Magazine,Mosaic,≤100
108155598473433,American Patriot News,Krista D Bloch,≤100
16317479654,Deseret News,Deseret News,≤100
169042736456594,All Out,All Out Action Fund.,≤100
35715544220,Stand.earth,Stand.earth,≤100
16477459734,League of Conservation Voters,"LEAGUE OF CONSERVATION VOTERS, INC",≤100
1018654714824453,Maccabee Task Force,Maccabee Task Force Foundation,≤100
59254639983,Boston Medical Center,BOSTON MEDICAL CENTER,≤100
135147466526831,Audacy,"Audacy, Inc.",≤100
338758899543225,Alan Wilson,Alan Wilson for Attorney General,≤100
55549065733,Voto Latino,VOTO LATINO INC.,≤100
416913748508616,We Welcome,We Welcome Refugees,≤100
28483858161,Texas Scorecard,ScorecardMedia,≤100
109819009036381,The New York Sun,NEW YORK SUN COMPANY LLC,≤100
664883053648633,Italian Sons and Daughters of America,ITALIAN SONS & DAUGHTERS OF AMERICA INC,≤100
195297153841110,American Heart Association - Alabama,"American Heart Association, Inc.",≤100
175600805783743,SCAI - The Society for Cardiovascular Angiography and Interventions,SCAI,≤100
111464544881905,America First News,Tomer Barazani,≤100
101312698628642,Ryan Samuels,Ryan Francis Samuels,≤100
623032001485020,Smart Home Savings,Smart Home Savings,≤100
105643199068303,Healthy lifestyle,These ads ran without a disclaimer,≤100
102245545464309,My Patriot  Post,Krista D Bloch,≤100
233459603339630,Mortgage Bankers Association,These ads ran without a disclaimer,≤100
610264146298573,The American Council,The American Council for Evangelicals,≤100
339432396135584,The Exodus Road,The Exodus Road,≤100
101573474533442,Chronic Care Policy Alliance,The Chronic Care Policy Alliance,≤100
408526523045391,Mammoth Nation,Mammoth Nation,≤100
19219803864,Tax Foundation,Tax Foundation,≤100
1540589642819718,Essie Justice Group,ESSIE JUSTICE GROUP,≤100
114809338677,UT Jackson School of Geosciences,These ads ran without a disclaimer,≤100
9364828262,Citizens Against Government Waste,CITIZENS AGAINST GOVERNMENT WASTE,≤100
2321993584737314,The Markin Report,The Markin Report,≤100
27544763621,Prison Fellowship,Prison Fellowship,≤100
102745147891580,Trump Coolers,Trump Coolers,≤100
6279167307,Easterseals,Easterseals,≤100
109366181861530,President Trump is My Wingman,Jennifer Ann Robertson,≤100
49275915266,MSI Reproductive Choices,MSI-US,≤100
181992728495227,Archangel Ancient Tree Archive,ARCHANGEL ANCIENT TREE ARCHIVE,≤100
103592378623592,Truth Over Tribe,Truth Over Tribe,≤100
136362309708243,Restaurant Opportunities Centers United (ROC United),"RESTAURANT OPPORTUNITIES CENTERS (ROC) UNITED, INC.",≤100
59783434599,Hasbara Fellowships,HASBARA FELLOWSHIPS,≤100
130848666099,Business Forward,Business Forward Inc.,≤100
104329844668,American Bar Association,American Bar Association,≤100
140471979488965,Paul Bettencourt,Friends of Paul Bettencourt,≤100
61308923432,PolitiFact,Poynter,≤100
228754857151053,House Majority PAC,House Majority PAC,≤100
2361139837508625,Animal Victory,"One Red Lion, Inc DBA Animal Victory",≤100
238473269650980,Capital & Main,CAPITAL & MAIN,≤100
710460605705480,Dugit Outreach Center,Dugit Messianic Outreach Center,≤100
16900111951,National Organization for Women (NOW),NATIONAL ORGANIZATION FOR WOMEN,≤100
15503839732,Peter G. Peterson Foundation,Peter G. Peterson Foundation,≤100
122037065517,American Immigration Council,American Immigration Council,≤100
102769134675149,Evergreen Action,Evergreen Collaborative,≤100
1443878795835012,Personal Care Products Council,PERSONAL CARE PRODUCTS COUNCIL,≤100
100123286264769,Tanner DiBella,American Council for Evangelicals,≤100
102596355656379,Red Wave News Updates,Michael Scott Hughes,≤100
181924628560212,SumOfUs,SumOfUs,≤100
109716011638325,Jane Fonda Climate PAC,JANE FONDA CLIMATE PAC,≤100
110768725009358,Connecticut Office of Workforce Strategy,CT The Office of Workforce Strategy,≤100
105874504263958,H-Rod Insurance Corp,Carlos Silvestre Higgins Rodriguez,≤100
83865976093,Truthout,TRUTHOUT,≤100
101658459277850,Will Lehman for UAW President,William Lehman Iv,≤100
386305465057247,Liberty Nation,Liberty Nation,≤100
287011828006562,Nashville Tea Party,Nashville Tea Party,≤100
278876378889211,Armenian Museum of America,"ARMENIAN MUSEUM OF AMERICA, INC.",≤100
14038292386,Women for Women International,WOMEN FOR WOMEN INTERNATIONAL,≤100
1546952572205770,UAE USA United,The Embassy of the United Arab Emirates,≤100
105060269781,Premiere Collectibles,"Premiere Marketing, Inc.",≤100
109923480914937,North Carolina Education Corps,NC Education Corps,≤100
1898234727131235,Reel America,BizPac Review,≤100
18017481462,Acton Institute,Acton Institute,≤100
103602275197310,Communist Free - Freedom First,September Group LLC,≤100
204626306331350,Up to Us,NET IMPACT,≤100
185362080579,NCSE: The National Center for Science Education,"NATIONAL CENTER FOR SCIENCE EDUCATION, INC., THE",≤100
1570082353262795,YIMBY Action,YIMBY ACTION,≤100
700941689954518,Defend Our Future,Defend Our Future,≤100
210937299260017,USA Features Media,USA Features Media LLC,≤100
49059279814,Institute for Justice,INSTITUTE FOR JUSTICE,≤100
102712325850529,Libratum Press,Libratum Press LLC,≤100
103316295438939,Lost Debate,Lost Debate,≤100
12185972707,350.org,350 ORG,≤100
101111655405022,The Rationist,Timothy Robert Ferguson,≤100
499379343409991,Impact Fund,"IMPACT FUND, THE",≤100
220873174076,Animal Equality,ANIMAL EQUALITY,≤100
191330044224349,Inland Fair Housing and Mediation Board,These ads ran without a disclaimer,≤100
552580508224925,Chan Zuckerberg Initiative,"CHAN ZUCKERBERG INITIATIVE, LLC",≤100
154930410085,"Zion Oil and Gas, Inc.","Zion OIl & Gas, Inc.",≤100
103546351703577,Dallas Express,The Dallas Express,≤100
142932506806,Texas Alliance for Life,"Texas Alliance for Life, Inc.",≤100
108703294887683,The Recycled Rubber Coalition,Kenneth Stratton Kirton,≤100
149607228384141,America Needs Fatima,"American Society for the Defense of Tradition, Family and Property",≤100
1021724717913869,Bantam Communications,Bantam Communications,≤100
103546351703577,Dallas Express,Dallas Express Media,≤100
7292655492,MoveOn,MOVEON.ORG CIVIC ACTION,≤100
105861441295494,97Percent,97PERCENT ORG INC,≤100
124047827634,The Greenlining Institute,THE GREENLINING INSTITUTE,≤100
1476342155924546,Big Rig Threads,Big Rig T-Shirts and Decals LLC,≤100
696009167187917,Uber Eats,These ads ran without a disclaimer,≤100
126855128568,FEBC (Far East Broadcasting Company),"FAR EAST BROADCASTING COMPANY, INC.",≤100
162069790604,AARP Arizona,AARP,≤100
464431280638112,Councilman Aaron Rouse,Rouse for Senate,≤100
107645227592678,To Which We Belong,Mystic Artists,≤100
106052485447004,ecosapiens.xyz,These ads ran without a disclaimer,≤100
303374266418976,AFPM,American Fuel & Petrochemical Manufacturers,≤100
107409909326665,Stephen Wise Free Synagogue,"WISE, STEPHEN FREE SYNAGOGUE",≤100
661744180680367,National Police Association,"NATIONAL POLICE ASSOCIATION, INC.",≤100
106862204671108,The Deplorable Americans,Justin Gustafson,≤100
102277115688995,Patriot News Headquarters,Krista D Bloch,≤100
15687409793,World Wildlife Fund,World Wildlife Fund,≤100
154670481249867,PowerSwitch Action,POWERSWITCH ACTION,≤100
105599502191866,Florida Jolt,"Jolt Media, Inc.",≤100
199010435394,Turtle Island Restoration Network,Turtle Island Restoration Network,≤100
101350839190816,Macro Conservative,Macro Conservative,≤100
413500232549343,National Vet Help,National Vet Help,≤100
28126338304,Surfrider Foundation,"SURFRIDER FOUNDATION, INC",≤100
105556965345057,SmarterSafer,SmarterSafer,≤100
12489359547,MediaJustice,Media Justice,≤100
14226615647,People For the American Way,People For the American Way,≤100
110624565660992,ZOE International,ZOE International,≤100
309798029121030,Everytown for Gun Safety,Everytown for Gun Safety Support Fund Inc,≤100
1835838916635491,Transamerica Institute,Transamerica Center for Health Studies,≤100
108471008637861,We Care for WA,SEIU Healthcare 1199NW,≤100
106909358810669,Stop RCV,Stop RCV,≤100
173641254524,National Network of Abortion Funds,National Network of Abortion Funds,≤100
110094158160834,Red Wave News,Michael Scott Hughes,≤100
506680536015406,HumanProgress.org,"CATO INSTITUTE, INC.",≤100
16988535386,United to Beat Malaria,United to Beat Malaria,≤100
49421708941,Americans for Limited Government,AMERICANS FOR LIMITED GOVERNMENT IN,≤100
79683428354,Animals' Angels USA,ANIMALS ANGELS INCORPORATED,≤100
92729316952,Covanta,Covanta,≤100
108731490859583,America's Work Force Union Podcast,"Bortini Management Associates, Inc.",≤100
174941115857811,Campaign for Southern Equality,Campaign for Southern Equality,≤100
534332363577954,Political scrapbook,David Granville Hough,≤100
104721201111500,Grassroots Law Project,Grassroots Law Project,≤100
234142976633158,Wake Up World & Smell the Coffee,Edith Dume Lerner,≤100
101466816025710,Renew Healthcare,Quantum Digital Media Inc.,≤100
895720774159876,Colquitt County Republican Party,Republican Party Colquitt County,≤100
50826482890,YWCA Seattle King Snohomish,YWCA OF SEATTLE-KING COUNTY-SNOHOMISH COUNTY,≤100
1832245947018802,Chris Rose for US Senate - WV,ROSE FOR WEST VIRGINIA,≤100
210277954204,The Young Turks,"The Young Turks, Inc.",≤100
102286035642350,Patriots for USA,USA Features Media LLC,≤100
114226275387369,republicEn,republicEn,≤100
169204449790211,Conservative News Today,BizPac Review,≤100
169710960125365,Curzio Research,Curzio Research,≤100
105334892381660,AmericanTowns Politics,AMERICAN TOWNS,≤100
145973965440671,Carnegie Corporation of New York,CARNEGIE CORPORATION OF NEW YORK,≤100
100158948453494,Lars for President,LARS MAPSTEAD FOR PRESIDENT,≤100
50513265848,Citizens United,Citizens United,≤100
125120044171675,"City of Lancaster, CA – Government","LANCASTER, CITY OF",≤100
17023576156,The Leadership Conference on Civil and Human Rights,The Leadership Conference on Civil and Human Rights,≤100
103426858855557,Eyes That Speak by Christy Bowe,Gilbert Lunsford Jr Eugene,≤100
1348444188555820,Tó Nizhóní Ání,Resource Media,≤100
265584563563176,JCRC of Greater Washington,The Jewish Community Relations Council of Greater Washington,≤100
104657602040321,Truth Media,Truth Media,≤100
116204538416735,The AIDS Institute,AIDS INSTITUTE INC,≤100
102794658754102,Daily Freedom,Trending Views,≤100
103452279103881,Ambassador Gordon Sondland,Gilbert Lunsford Jr Eugene,≤100
97261063097,Global Fund for Women,"GLOBAL FUND FOR WOMEN, INC., THE",≤100
40217893542,AIPAC,American Israel Public Affairs Committee,≤100
711478725532801,Civiqs,Civiqs,≤100
109475211795252,Freedom From The Press,Michael Scott Hughes,≤100
131023707236064,Applecart,Project Applecart LLC,≤100
217569858071,Areva Martin,The Areva Martin Corporation,≤100
100562019990818,U.S. Term Limits,U.S. Term Limits Inc.,≤100
128288676833,Rocky Mountain Elk Foundation,"ROCKY MOUNTAIN ELK FOUNDATION, INC.",≤100
101705885941024,Dover Solar Project,Enel,≤100
107766235181961,The Nunn Report,The Nunn Report,≤100
170591064699,Southern Poverty Law Center,"SOUTHERN POVERTY LAW CENTER, INC., THE",≤100
138492335404,Scott Walker,FORWARD USA FEDERAL POLITICAL ACTION COMMITTEE,≤100
494259170754224,Keeping IDentities Safe,KEEPING IDENTITIES SAFE,≤100
100849012894610,Seguro Medico,THE BURIAL SOLUTION,≤100
1756514954650448,Indigenous Energy Initiative - IEI,EARTH ISLAND INSTITUTE INC,≤100
268868046463126,Beacon Center of Tennessee,BEACON CENTER OF TENNESSEE,≤100
148731991811588,Baird,Robert W. Baird & Co. Incorporated,≤100
109297388592738,One Health Plus,One Health Plus,≤100
407767916003589,U.S. Representative John Carter,Office of U.S. Representative John Carter,≤100
95483488591,Democratic Party of Wisconsin,DEMOCRATIC PARTY OF WISCONSIN,≤100
106746992189224,The State of Women Podcast,POPULATION MEDIA CENTER INC,≤100
101810652152706,Ship It Zero,PACIFIC ENVIRONMENT AND RESOURCES CENTER,≤100
27461595703,Carbonfund,Carbonfund.org Foundation,≤100
142474049098533,Robert Reich,Inequality Media Civic Action,≤100
174772265869562,The Adventure Project,ADVENTURE PROJECT,≤100
106058025408954,Do No Harm Medicine,Do No Harm,≤100
16534314739,Facing History and Ourselves,"FACING HISTORY AND OURSELVES NATIONAL FOUNDATION, INC.",≤100
254199237944073,Elijah Rising,ELIJAH RISING,≤100
117049828380915,Horse Network,Horse Network,≤100
356431274698532,Ryan Hampton,Ryan Hampton,≤100
337017506309686,"City of Spartanburg, SC",City of Spartanburg,≤100
110607104761521,Shellfish Growers Climate Coalition,NATURE CONSERVANCY,≤100
11918108948,African Wildlife Foundation,AFRICAN WILDLIFE FOUNDATION,≤100
1425435377743310,Conversations with Bill Kristol,FOUNDATION FOR CONSTITUTI,≤100
458643554482238,Uri Velez La Sra de los Seguros,Euridis Velez,≤100
116578878386936,Nazarene Compassionate Ministries,"NAZARENE COMPASSIONATE MINISTRIES, INC.",≤100
101745838861028,1819 News,1819 Media,≤100
101626535691142,Tina Blum Cohen for U.S. House of Representatives Texas District 7,TINA BLUM COHEN FOR US HOUSE OF REPRESENTATIVES TEXAS DISTRICT 7,≤100
43934405787,IPPF,International Planned Parenthood Federation Worldwide Inc,≤100
16968936858,ANCA,Armenian National Committee of America,≤100
117592091643709,Tree of Life Ministries｜Evangelism in Israel,Tree of Life Ministries,≤100
100806058498601,Long Lead,"Long Lead, LLC",≤100
1888806214722917,Erie County Anti-Stigma Coalition,Erie County Anti-Stigma Coalition,≤100
129599883741118,Pennsylvania House Democrats,Robert William Caton,≤100
279890513018,Islamic Networks Group - ING,"ISLAMIC NETWORKS, INC.",≤100
69717994787,buildOn,BUILDON INC,≤100
199891603386344,Common Ground Committee,Common Ground Committee,≤100
310925405807,Citizens Climate Lobby,Citizens' Climate Lobby,≤100
110052089025541,"Tim Clue, Speaker and Comedian",Tim Clue,≤100
659878157406228,America's Warrior Partnership,America's Warrior Partnership,≤100
104377518078467,More Perfect Union,MORE PERFECT UNION FOUNDATION,≤100
19387377544,The Animal Rescue Site by GreaterGood,These ads ran without a disclaimer,≤100
311575728888244,Building Markets,BUILDING MARKETS LTD.,≤100
111773718421575,3 is Enough,3 is Enough,≤100
100981815983867,Power For The People,POWER FOR THE PEOPLE LLC,≤100
286597537859,Global Health Technologies Coalition,Global Health Technologies Coalition,≤100
233833890695,San Francisco AIDS Foundation,San Francisco AIDS Foundation,≤100
349528025129958,"Brevard County Sheriff's Office, Florida (Official)",Robert Wayne Ivey,≤100
128334087241432,Todd Starnes,Starnes Media Group LLC,≤100
238348260390644,The Brigid Alliance,"BRIGID ALLIANCE, THE",≤100
416384822549260,A Better Delaware,A Better Delaware,≤100
106582384539447,Design for Freedom by Grace Farms,"GRACE FARMS FOUNDATION, INC.",≤100
95426912609,Paola Gianturco Author,Paola Gianturco Author,≤100
17043549797,MIT Technology Review,"TECHNOLOGY REVIEW, INC.",≤100
1553978148244954,Build With Strength,Build With Strength,≤100
5878048748,GlobalGiving,"GLOBALGIVING FOUNDATION, INC.",≤100
186097812110,BioNJ,BIONJ INC,≤100
739049622841383,Ryan Quarles,RYAN QUARLES FOR GOVERNOR,≤100
102047517918,The Commonwealth Fund,"COMMONWEALTH FUND, THE",≤100
114209360263932,On Point with Rachel Tourgeman,Rachel Tourgeman,≤100
107722268674706,Cathy Hull,Cathy Hull Originals,≤100
223922031074790,The Abortion Survivors Network,The Abortion Survivors Network,≤100
758465954287686,Astellas Global Health Foundation,Astellas Global Health Foundation,≤100
121710673644,Business Fleet,These ads ran without a disclaimer,≤100
273546779885377,The Gallant Pelham,"delupton, LLC",≤100
224837426560,CONTRA COSTA SHERIFF-OFFICIAL PAGE,Bonneville International,≤100
127225910653607,PragerU,These ads ran without a disclaimer,≤100
186977768011413,Ironworkers Rising,"International Association of Bridge, Structural, Ornamental, and Reinforcing Iron Workers",≤100
192609620649,The University of Chicago,The University of Chicago,≤100
254943996005,Catholic Answers,"CATHOLIC ANSWERS, INC.",≤100
649662278486235,Stand For Trees,Stand For Trees,≤100
137918019584028,Starfish Project,"STARFISH PROJECT, INCORPORATED",≤100
114128055303516,ProgressNow New Mexico,ProgressNow New Mexico,≤100
130130503698358,Eastern European Mission,EASTERN EUROPEAN MISSION,≤100
37442103053,ACLU of New Jersey,AMERICAN CIVIL LIBERTIES UNION OF NJ,≤100
105348224679358,The Don't Unfriend Me Show,DONT UNFRIEND ME,≤100
6954880804,Green America,GREEN AMERICA,≤100
102947668622,Presente.org,Presente.org,≤100
100145644726687,Opportunity For All Floridians,Opportunity For All Floridians,≤100
101791315693,Destiny Rescue,"Destiny Rescue International, Inc.",≤100
115137755498,Mott Foundation,"MOTT, CHARLES STEWART FOUNDATION",≤100
10524033745,Remote Area Medical - RAM,REMOTE AREA MEDICAL,≤100
114625730266879,The Republican Accountability Project,Defending Democracy Together,≤100
126893748252841,American Firearms Association,American Firearms Coalition,≤100
100806242836871,Preservation Pause,University of Arizona Indigenous Peoples Law and Policy Program,≤100
191371171409,Southern Group of State Foresters,Southern Group of State Foresters,≤100
352529216413,Institute for Social Policy and Understanding - ISPU,INSTITUTE FOR SOCIAL POLICY AND UNDERSTANDING (ISPU),≤100
873550809444862,Mighty Earth,MIGHTY EARTH INC,≤100
217187838327836,The Story Exchange,The Story Exchange Foundation,≤100
46396911959,Bethany Christian Services,BETHANY CHRISTIAN SERVICE,≤100
126379917403141,UnitedHealthcare Empowering Health,Intersport Inc.,≤100
389096331144686,Friends of Sinn Féin USA,FRIENDS OF SINN FEIN INC,≤100
77130778113,Coalition for Medicare Choices,The Coalition for Medicare Choices,≤100
100416560012896,Friends of the Everglades,FRIENDS OF THE EVERGLADES INC,≤100
170169493012341,The Fund for Global Human Rights,FUND FOR GLOBAL HUMAN RIGHTS,≤100
119216091518705,Protect The Harvest,Karen Elizabeth Glueck,≤100
85252863415,National Latina Institute for Reproductive Justice,NATIONAL LATINA INSTITUTE FOR REPRODUCTIVE HEALTH,≤100
249789687311,Virginia Senate Republican Caucus,Virginia Senate Republican Caucus,≤100
12128466831,Amazon Watch,"AMAZON WATCH, INC.",≤100
465501220622013,Lift Up the Vulnerable,Lift Up the Vulnerable,≤100
43853729859,Campaigns & Elections,Political World Communications,≤100
480282659170095,Civic Health Project,Civic Health Project,≤100
115489644380953,Build Your Teaching Toolbox,Pubvendo LLC,≤100
1653885501501009,Propeller,Propeller Enterprises,≤100
100388729554147,COL Fashion,Culture of Life,≤100
1666922183524165,ReThink Energy NJ,ReThink Energy NJ,≤100
125937197447634,ACTA - American Council of Trustees and Alumni,AMERICAN COUNCIL OF TRUSTEES AND ALUMNI,≤100
40102638699,J Street,J STREET INC,≤100
1027702813921248,EmbraceRace,EmbraceRace,≤100
150322194563,PASA Primates: Pan African Sanctuary Alliance,PAN AFRICAN SANCTUARIES ALLIANCE,≤100
47393489592,Jew in the City,Jew in the City an NJ nonprofit,≤100
112325855474892,Speak Up For Education and Kids,National Education Association,≤100
1444820465547227,Rank the Vote,Rank the Vote,≤100
107242815425784,Renewobamacare,"Quantum Digital Media, Inc",≤100
96286403078,iHeartDogs.com,HomeLife Media,≤100
106959920878115,The Well Done Foundation,"WELL DONE FOUNDATION, INC.",≤100
795162290631372,Citrus Pregnancy Center,LIFE CHOICE CARE CENTER INC,≤100
157219894855724,Re-Elect Judge Paul Malchesky,Committee to Elect Malchesky for Judge,≤100
594519783957655,Citizens for National Security,Citizens For National Security,≤100
206202032757114,Nature and Culture International,NATURE AND CULTURE INTERNATIONAL,≤100
424443217623488,Clarion Project,"CLARION PROJECT, INC.",≤100
26668999076,The Cato Institute,"CATO INSTITUTE, INC.",≤100
939142902771066,The American Leader,THE AMERICAN LEADER,≤100
81517275796,UNICEF USA,UNITED STATES FUND FOR UNICEF,≤100
56661991371,Woods Hole Oceanographic Institution (WHOI),Woods Hole Oceanographic Institution,≤100
110026728309807,Strother for Virginia,Philip Strother,≤100
143981748956175,Rural Assembly,Rural Assembly,≤100
98912141410,American Forests,These ads ran without a disclaimer,≤100
78420171887,Sailors for the Sea,OCEANA INC,≤100
150559895031,Rapha International,"Rapha House International, Inc.",≤100
38471053686,Elizabeth Warren,"WARREN DEMOCRATS, INC.",≤100
46347342434,EMILY's List,EMILY'S LIST,≤100
164771506031,Claremont Institute,"CLAREMONT INSTITUTE FOR THE STUDY OF STATESMANSHIP AND POLITICAL  PHILOSPHY, THE",≤100
102254715563026,Paula Avila-Guillen,Women's Equality Center,≤100
36085812354,Rainforest Foundation US,"Rainforest Foundation, Inc.",≤100
110471938085477,Constellation Brands,These ads ran without a disclaimer,≤100
6315243665,Faith in Public Life,"FAITH IN PUBLIC LIFE, INC.",≤100
6954880804,Green America,Green America,≤100
103830044798190,Gregorian Rant,Gregory Richard Schlueter,≤100
1669300839823874,Ronnie Mosley for 21st Ward Alderman,Friends of Ronnie Mosley,≤100
1327559570587836,The Bail Project,"BAIL PROJECT, THE",≤100
1581819558516148,Nunn Bush,Weyco Group,≤100
161151357262063,Fountain House,"FOUNTAIN HOUSE, INC.",≤100
100427345058411,Deliver Democracy,DELIVER DEMOCRACY,≤100
407848989230502,The Rational Middle,"Rational Middle Media Group, LLC",≤100
103832229194223,Market Forces,Market Forces,≤100
173470656019870,The Daily Yonder,CENTER FOR RURAL STRATEGIES,≤100
2099448153445994,Students for Life Action,Students for Life Action,≤100
101586078357081,Peter Demos,Peter Demos,≤100
38812906703,United Friends of the Children,United Friends of the Children,≤100
100607179026941,Of Thee I Sing 1776,Harold Gershowitz,≤100
1338822066131069,Women's March,Women's March,≤100
107326878275017,National Pretrial,National Pretrial,≤100
105269625578850,The Public Page for Ohio Physicians for Reproductive Rights,Ohio Physicians for Reproductive Rights,≤100
67047720896,Extraordinary Women Ministries,"AMERICAN ASSOCIATION OF CHRISTIAN COUNSELORS, INC.",≤100
14440196673,Teamsters,INTERNATIONAL BROTHERHOOD OF TEAMSTERS,≤100
984421991732710,Paycheckology,Paycheckology,≤100
17382403969,"The Lesbian, Gay, Bisexual & Transgender Community Center","LESBIAN & GAY COMMUNITY SERVICES CENTER, INC.",≤100
401240226922554,VoLo Foundation,VoLo Foundation,≤100
338218229911752,Integrity First PAC,INTEGRITY FIRST PAC,≤100
77688524017,Truman Library Institute,HARRY S TRUMAN LIBRARY INSTITUTE,≤100
106608202045609,Marek Cornett for City Council,Marek Cornett for Oklahoma City Council 2022,≤100
108028728590880,CTLPod,POPULATION MEDIA CENTER INC,≤100
308722216564771,Lindsey Olson,These ads ran without a disclaimer,≤100
192738164073627,A Better Balance,A Better Balance,≤100
278434943062355,WellBeing International,"WellBeing International, Inc.",≤100
65727594614,Brandon Creighton,Friends of Brandon Creighton,≤100
111424389552999,Refuge for Women,REFUGE FOR WOMEN,≤100
449532451834913,Fishers Finery,Fishers Finery,≤100
113545460414372,Carter Heyward,Carter Heyward,≤100
140316302771898,Inside Philanthropy,INSIDE PHILANTHROPY INC,≤100
111333413863498,Freedom First Society,FREEDOM FIRST SOCIETY,≤100
108552601274472,Kathleen Ramel,Kathleen Elaine Ramel,≤100
64974200999,America-Israel Friendship League,AMERICA-ISRAEL FRIENDSHIP LEAGUE,≤100
561970593860027,Emil Guillermo Media,Emil Amok Guillermo,≤100
485098371699919,Aris Antoniades,These ads ran without a disclaimer,≤100
406581453407625,Advance Minnesota Issue Advocacy,Advance Minnesota Issue Advocacy,≤100
547691502395770,RightLife Media,RightLife Media LLC,≤100
100710759119069,Blue Planet Ecosystem,Blue Planet Ecosystem,≤100
2007361039550045,"Center for Free, Fair, and Accountable Democracy","CENTER FOR FREE, FAIR, AND ACCOUNTABLE DEMOCRACY, INC.",≤100
100866752814666,"Bold, Bright, And Brave","Bold, Bright, & Brave",≤100
753777097992228,Liberty Hill Publishing,Liberty Hill Publishing,≤100
227535924071462,Animal Petitions,AnimalPetitions.org,≤100
101695465478009,Mobile Voting,"TUSK STRATEGIES, INC.",≤100
150012885017436,Justice Not Politics,Justice Not Politics,≤100
104382528958356,Jenna Caldwell,Pubvendo,≤100
240425642652222,South Florida Wildlands Association,South Florida Wildlands Association,≤100
113341457791145,Voices for Healthy Green Spaces,Voices for Healthy Green Spaces,≤100
128967667298112,Math4cure,Karen Beth Young,≤100
5435784683,Greenpeace USA,"GREENPEACE, INC.",≤100
340000075813,Jewish Cleveland,JEWISH FEDERATION OF CLEVELAND,≤100
304842759546695,Brooklyn Institute for Social Research,Brooklyn Institute for Social Research,≤100
101762312289025,DAN for Seymour,Dan for Seymour,≤100
39897949829,Texas Watch,TEXAS WATCH,≤100
1674259952634958,Kevin Walsh,Kevin Walsh for Kyrene School Board,≤100
126053105675,Save the Redwoods League,Save The Redwoods League,≤100
50498162578,Legal Aid Justice Center,Legal Aid Justice Center,≤100
131618273567984,Jeff Landry,Landry for Louisiana,≤100
207833736045744,MHAction.org,Patrick R. McHugh,≤100
111162281777362,The Framers' Toolkit,Joseph Francis Salerno,≤100
50714237985,The Rutherford Institute,RUTHERFORD INSTITUTE,≤100
109408825351141,Matthew Barton,Matthew Barton for District Attorney,≤100
205795426669644,Facts and Logic about the Middle East,Facts and Logic About the Middle East,≤100
111080414130743,blakfitness_,These ads ran without a disclaimer,≤100
163241007045104,a5 Inc.,a5 Branding and Digital,≤100
100124709108034,Patriot One News,Matt Clark Agency,≤100
66237904047,Marine Fish Conservation Network,Marine Fish Conservation Network,≤100
1256218774533782,Braven Environmental,Braven Environmental,≤100
109575145733890,McGuireWoods Consulting,McGuireWoods Consulting LLC,≤100
2357164884295813,Representative Aimee Adatto Freeman,Aimee Adatto Freeman Campaign,≤100
270826723039149,The Coalition to Protect Americas National Parks,"COALITION OF NATIONAL PARK SERVICE RETIREES, INC.",≤100
7558311497,The Ocean Foundation,THE OCEAN FOUNDATION,≤100
85054374416,Nebraska Appleseed,NEBRASKA APPLESEED CENTER FOR LAW IN THE PUBLIC INTEREST,≤100
117214891638398,Street Grace,Street Grace Inc,≤100
276656699137,New Mexico Voices for Children,NEW MEXICO VOICES FOR CHILDREN,≤100
100755859429133,Guidehouse Consulting,These ads ran without a disclaimer,≤100
452797224923658,The Democratic Coalition,THE DEMOCRATIC COALITION,≤100
187713745097888,Save the Alamo,Save The Alamo Committee,≤100
107934381079489,Select Fire Apparel,Mark Anthony Penn,≤100
940653386126953,StandingWithYou.org,Standingwithyou.org,≤100
166194476728392,Center Street,"Hachette Book Group, Inc.",≤100
252126914850996,Labor Campaign for Single Payer,Labor for Single-Payer Healthcare,≤100
39171898761,Roy Zimmerman,Metaphor Records,≤100
425771317501061,Michael Knowles,The Daily Wire,≤100
107553188401159,Brandon Gill,The Boswell Project,≤100
449746918808701,National Trafficking Sheltered Alliance,"NATIONAL TRAFFICKING SHELTERED ALLIANCE, INC.",≤100
2310488009211056,Poder Latinx,Poder Latinx,≤100
172840789857350,American Resilience Project,"AMERICAN RESILIENCE PROJECT, INC.",≤100
524399207959953,Truth & Liberty Coalition,Truth & Liberty Coalition,≤100
487569614682924,CAPP USA,Yellow Line Productions LLC,≤100
103460651712789,Equity Intersection,Equity Intersection,≤100
609789112559190,Destroying Liberalism 101,Simon Davis,≤100
157521957980788,Reimagining the Civic Commons,Reimagining the Civic Commons,≤100
1949064322040283,Principles,"Principles, LLC",≤100
107659528840513,Alexander Gaaserud for WV,GAASERUD FOR WV,≤100
157810487611661,Freethink,Freethink,≤100
138276702894458,Right On Crime,Texas Public Policy Foundation,≤100
103219792219193,WTW,These ads ran without a disclaimer,≤100
12357407443,American Friends Service Committee,AMERICAN FRIENDS SERVICE COMMITTEE,≤100
156919701454702,St. Louis Record,The Record,≤100
111034825665225,GoPhilanthropic,GO PHILANTHROPIC CHARITABLE FUND,≤100
111298358062755,Wes Moore for Maryland,Wes Moore for Maryland,≤100
122207534456852,Ayo and Iken,Ayo and Iken,≤100
115851611042,The Max Foundation,THE MAX FOUNDATION,≤100
1376465702586897,Coloradans for Responsible Energy Development,Coloradans for Responsible Energy Development,≤100
174524179227831,War Toys,WAR TOYS,≤100
101377889168483,Gumbo Limbo Coastal Stewards,"Gumbo Limbo Coastal Stewards, Inc.",≤100
112203121682194,Deviate from Denial Book,Pubvendo LLC,≤100
165674110118949,Clearing out the Clutter,Colin D Moore,≤100
87377228013,Side with Love,UNITARIAN UNIVERSALIST ASSOCIATION,≤100
830162603716633,Andy Beshear,Andy Beshear for Governor,≤100
912764692168916,Councilmember Luis Chavez,"Councilmember Luis Chavez, City of Fresno",≤100
175056969179074,Carson River Watershed,These ads ran without a disclaimer,≤100
227594571444676,Building New York's Best,Carpenter Contractor Alliance of Metropolitan New York,≤100
141395226689,New York State Nurses Association,"NEW YORK STATE NURSES ASSOCIATION, THE",≤100
108292944333886,"Julia Sullivan, Author",Julia E. Sullivan,≤100
139835646030666,Alliance for Aviation Across America,Alliance for Aviation Across America,≤100
7361892567,Born Free USA,"BORN FREE USA, UNITED WITH ANIMAL PROTECTION INSTITUTE",≤100
182079698493370,Portside,Portside,≤100
1406149713044974,Intellectual Judaism,Intellectual Judaism,≤100
141461112573139,Ullico Inc.,Ullico Inc.,≤100
109374912424067,Drew McKissick,DrewMcKissick.com,≤100
103517308361597,TakeCharge,Take Charge Minnesota,≤100
220538341415523,The Satanic Temple,The Satanic Temple,≤100
142260190351,Comment Magazine,"Cardus, Inc.",≤100
103860008217959,Check CU,Check CU,≤100
110010433804232,Standing For Freedom Center,Standing for Freedom Center,≤100
102590994772178,Social Democratic Advocacy,Steven J. Schwartzberg,≤100
107726137669311,B3K Prosperity,B3K Prosperity,≤100
242845139551348,GVPedia,GVPEDIA INC,≤100
118635175464489,uPolitics,"Uinterview, Inc.",≤100
101564054951838,We The Forest,We The Forest,≤100
100835964690431,Humphreys Capital,Humphreys Capital,≤100
430869277025501,Dr. Nancy O'Reilly,"WOMEN CONNECT4GOOD, INC.",≤100
314964416195,American Seniors Association,AMERICAN SENIOR ASSOCIATION,≤100
183472861249,Point Foundation,Point Foundation,≤100
107010494015560,Virginians for Clean Energy,270 Strategies,≤100
6165653060,AFSCME,AMERICAN FEDERATION OF STATE COUNTY & MUNICIPAL EMPLOYEES,≤100
108433238844,CWEB,CWEB Inc.,≤100
50711133250,The Rose,These ads ran without a disclaimer,≤100
372799605421,DeSmog,DeSmog,≤100
124336306355,Pew Research Center,PEW RESEARCH CENTER,≤100
212677670907,American Constitution Society,AMERICAN CONSTITUTION SOCIETY,≤100
58654176998,Patrick O'Connor,The O'Connor Committee,≤100
110394924641267,Walden Korea,These ads ran without a disclaimer,≤100
129278807814364,Women of Welcome,Women of Welcome,≤100
567126383373960,New York State Animal Protection Federation,New York State Animal Protection Federation,≤100
117270568319993,NYSUT - A Union of Professionals,New York State United Teachers,≤100
1586243961681194,Kings & Generals,These ads ran without a disclaimer,≤100
1420200111329836,Alan C. Moore,Alan Christopher Moore,≤100
101437432582765,The Center for Infrastructure and Economic Development,Center for Infrastructure and Economic Development Inc.,≤100
101103254533,SOS International,SOS International,≤100
59512067962,Housing Opportunities Made Equal of Virginia (HOME),"HOUSING OPPORTUNITIES MADE EQUAL OF VIRGINIA, INC",≤100
101204378825808,Fight the Right,FIGHT THE RIGHT PAC,≤100
200548226627766,The Progressive Magazine,Norman Joseph Stockwell,≤100
109951025170694,Libra Press Books,Libra Press,≤100
732542517121757,GadgeTree,These ads ran without a disclaimer,≤100
110322138238412,Back the Blue Line,Front Line Support Inc.,≤100
107056661921434,The Secret Chronicle,The Secret Chronicle,≤100
134042406666556,Muddy Branch Alliance,These ads ran without a disclaimer,≤100
101939781315530,ThePeel.news,ThePeel.news,≤100
954635164557731,Domestic Violence Hurts Animals and People,These ads ran without a disclaimer,≤100
773432316041673,Calvary South Austin,Calvary South Austin,≤100
86711894400,National Write Your Congressman,National Write Your Congressman,≤100
100913694925880,"Akalan Law Firm, PLLC","Akalan Law Firm, PLLC",≤100
210455593021382,Health Care Voices,"Health Care Voices, a project of Social Good Fund",≤100
1647227788866557,Project Upland Magazine,"Project Upland Media Group, LLC",≤100
266602360083204,The Children's Trust,"CHILDREN'S TRUST, INC",≤100
1602846363276801,Chris Winslow,Friends of Chris Winslow,≤100
70484114314,National Multiple Sclerosis Society,These ads ran without a disclaimer,≤100
102728205110465,Rep. Diana Harshbarger,Office of Congresswoman Diana Harshbarger,≤100
106386158767588,DOPE Quick Reads,DOPE QUICK READS LLC,≤100
690092951180197,TacX Pro Gear,TacX Pro Gear LLC,≤100
1234390983256574,Senator Jeff Pittman,Jeff Pittman for Kansas,≤100
251512801547984,Ken King,Ken King for State Representative,≤100
1599237673639735,Change Media Group,Change Media Group,≤100
735450726543930,Clergy for a New Drug Policy,Clergy for a New Drug Policy,≤100
930614256987306,Fair Districts PA,Fair Districts PA,≤100
371799640309471,Wellkind,"WellKind, LLC",≤100
427656937297996,Diario Las Americas,LAS AMERICAS MULTIMEDIA GROUP LLC,≤100
109461998379622,Chris Obenshain for Delegate,Friends of Chris Obenshain,≤100
123651254408327,Sokolove Law,"Sokolove Law, LLC",≤100
354369924642184,Bill Holt's Dreamies,William Holt,≤100
313924995630520,Meat the Future Film,Fever Content LLC,≤100
635038436602528,Helen Gym,FRIENDS OF HELEN GYM,≤100
825571424125386,Lighthouse For Life,Lighthouse for Life,≤100
164049599660,Catholic Relief Services en español,CATHOLIC RELIEF SERVICES,≤100
983984624959389,Dear JCPS,"Dear JCPS, LLC",≤100
60865633726,Love Justice International,TINY HANDS INTERNATIONAL,≤100
109068551731974,Sillychillly,Marc Alan Goldstein,≤100
1448985902033866,Trans Lifeline,Trans Lifeline,≤100
247123225317858,Orant Charities,These ads ran without a disclaimer,≤100
101930385197156,Alianza Center,"Alianza Center, Inc.",≤100
502969216761221,Common Sense Civics and Citizenship,Candace Donnelly,≤100
1191336950894416,City of Carlsbad NM Government,Social Media Manager,≤100
104066015749395,Colleen Redpath Feger for City Treasurer,Friends for Colleen Redpath Feger,≤100
536562299702134,Put People First - PA,Put People First - PA,≤100
112729794990647,Michael McCormick,These ads ran without a disclaimer,≤100
106374938915331,Tommy Green,These ads ran without a disclaimer,≤100
103605498122808,Elevate Community Events,Elevate,≤100
993294760683044,Education Reform Now,EDUCATION REFORM NOW ADVOCACY INC,≤100
633469933820382,Marina Martinez Seguros,Marina Martinez,≤100
541443122858186,Sandy Trading Co.,Sandy Trading Company LLC,≤100
100387865966725,Josh Alpert Community Advocate for LVUSD Parents,Josh Alpert,≤100
108072173995375,End MSOP,End MSOP,≤100
263311807031163,Sasha Issenberg,EmmKay Media,≤100
83675416943,"Marty Kiar, Broward County Property Appraiser",Broward County Property Appraiser,≤100
467481990335910,Fair Districts PA - Blair County,Fair Districts PA,≤100
104593244368424,Ben Moss NC House,BEN MOSS NC HOUSE,≤100
227594571444676,Building New York's Best,"Carpenter Contractor Alliance of Metropolitan New York, Inc.",≤100
105170744437701,The Reproductive Freedom Fund of New Hampshire,The Reproductive Freedom Fund of New Hampshire,≤100
110623461892189,rolemodels4christ,These ads ran without a disclaimer,≤100
111904024679959,Bold Majority,BOLD MAJORITY PAC,≤100
1571401929773000,North County  Climate Change Alliance,North County Climate Change Alliance,≤100
106095601125529,"Reaching Everyone In Distress Foundation, Inc.",Reaching Everyone in Distress Foundation Inc.,≤100
262164587131475,Free martial arts material for your own local school teachers to use,Ryan Gilbert,≤100
211901856263434,Conservatives for a Clean Energy Future,Paid for by Conservatives for a Clean Energy Future,≤100
1353722684643583,EPF Media,EPF Media,≤100
112912573793125,Rise Up for Justice,Avrom L Altman,≤100
105239511089757,Inmigrantes al Día,Inmigrantes al Dia,≤100
461530314600399,Common Sense American Politics,Common Sense American Politics,≤100
513785465632396,Airline Passengers for Justice,Airline Passengers for Justice,≤100
237052729573,African Diaspora Film Festival (ADFF),Diarah Ndaw Spech,≤100
104299831779270,Alamosa Citizen,Christopher Victor Lopez,≤100
169840807024913,Jobob,The Jobob Show,≤100
104921052197921,Awadallah for Hawthorne Mayor 2024,Muhamad Awadallah,≤100
107454490912636,Jewish Future Pledge,Jewish Future Pledge Inc,≤100
100970501612434,Oregon Small Business Association,Oregon Small Business Association PAC,≤100
110340331742946,Lola M Adeyemo,Pubvendo,≤100
276076196388914,Coffee & Pan Dulce Show,Coffee & Pan Dulce Show,≤100
359176490437,Oregon Nurses Association,OREGON NURSES ASSOCIATION,≤100
105990415642100,DeSantis Supporters,Logan Thomas Corson,≤100
1577089705837768,Simply Earth,Simply Earth,≤100
19990774371,Delegate Nic Kipke,Friends of Nic Kipke,≤100
144850842237429,Independentvoting.org,Independent Voting (IndependentVoting.org),≤100
53214848444,Wisconsin Family Action,Wisconsin Family Action,≤100
101239962270235,Bright Future Iowa,Bright Future Iowa,≤100
103929304678916,Voter Action Project,Integrity First Voter Action Project,≤100
48530203934,The American Alpine Club,"AMERICAN ALPINE CLUB, THE",≤100
37461287798,Jesuit Refugee Service/USA,JESUIT REFUGEE SERVICE INC,≤100
115856618521532,Great Lakes Now,DETROIT EDUCATIONAL TELEVISION FOUNDATION,≤100
514446149038714,The Iowa Standard,The Iowa Standard,≤100
7757414599,"Denver Climate Action, Sustainability and Resiliency","The Denver Office of Climate Action, Sustainability, and Resiliency",≤100
64468870451,Premiere Speakers Bureau,Premiere Speakers Bureau,≤100
133753583953215,American History in 90 Minutes - The Common-Sense Guide to U.S. History,American History in 90 Minutes,≤100
116456763527931,Frontier Institute,Frontier Institute,≤100
122742807774775,Municipal Water District of Orange County,Municipal Water District of Orange County,≤100
108180206470137,Iowans for Wind & Solar,270 Strategies,≤100
1269485653192452,Tombstone2,Mohammed Nasir Razavi,≤100
45372564473,The Mark Twain House & Museum,MARK TWAIN MEMORIAL,≤100
38236386996,LSU Press,LSU Press,≤100
103974389650244,Amenders for Federal Spending Control,Mark Albert Meier,≤100
101401179944527,Mona Foundation,MONA FOUNDATION,≤100
110502144027644,100% OVER RACISM,Lovar Davis Kidd,≤100
115506229996657,José Leyva Asesor Integral,JLL BUSINESS & ADVANTAGES LLC,≤100
150127528352944,Food Integrity Campaign,GOVERNMENT ACCOUNTABILITY PROJECT INC,≤100
101898606040307,Health-USA,HealthUSA Org,≤100
192771954102960,Jordan Sekulow,American Center for Law and Justice,≤100
102187424580889,brianduty77,These ads ran without a disclaimer,≤100
216052228433696,Arcus Foundation LGBTQ Social Justice,ARCUS FOUNDATION,≤100
123323833895,"Chris Johnson, writer & humorist",Kudzu Kid Press,≤100
486788474854637,Jewish Parent Academy,These ads ran without a disclaimer,≤100
105720247851314,"Kristen Arrington, Florida House of Representatives",Kristen Arrington Campaign,≤100
249467225254927,The Love > hate Project,LOVE GREATER THAN HATE PROJECT,≤100
112022491619318,American Apex News,Logan Thomas Corson,≤100
488740674837681,198 Methods,198 methods,≤100
110500431600342,The San Francisco Inquirer,The San Francisco Inquirer,≤100
73970658023,International Rescue Committee,International Rescue Committee,≤100
674182529399211,Gun Owners Radio,Gun Owners Media LLC,≤100
85494514323,Urban League of Portland,Urban League of Portland,≤100
176553989023506,I am Style-ish: Stylish Mom Deals,These ads ran without a disclaimer,≤100
178710392177780,League of Women Voters  Door County,League of Women Voters of Wisconsin Inc Door County,≤100
173744130973,RevBilly & Stop Shopping Choir,These ads ran without a disclaimer,≤100
548443441866241,Haley2024 The Movement,Haley2024 the Movement,≤100
40201530406,American Society of the University of Haifa,James Samuel Fattal,≤100
102262718547519,Crazy Uncle Gil,Gilbert Cuevas,≤100
614106935456447,Parkville Women's Clinic Friends,Parkville Women's Clinic,≤100
109430788042590,ROC Against Antisemitism,Daniel R Kinel,≤100
102459112663615,Dyllon Fite 2023 Cherokee Council District 3,Dyllon Wyeth Fite,≤100
110133700706695,2 Queers In A Truck,2 Queers In A Truck,≤100
100364578945162,Hablemos Claro - Noticias Locales,Hablemos Claro - Noticias Locales,≤100
105800435721037,The Right Hour,Logan Thomas Corson,≤100
1792966030729641,"Wild Project - Leadership, Organizing, & Action",Wisconsin Leadership Development Project,≤100
59473866945,Oregon AFL-CIO,OREGON AFL-CIO,≤100
110490815245756,The Truth About Plastic,Simeon Nikolov,≤100
101773828677066,Brandon Smith Books,Brandon Carn,≤100
138434734461,CIIS Public Programs,CIIS Public Programs,≤100
228808853819068,Metromode,These ads ran without a disclaimer,≤100
182723117043,Chicago Council on Global Affairs,CHICAGO COUNCIL ON GLOBAL AFFAI,≤100
106045108638995,UIndy Department of Sociology,UIndy - Department of Sociology,≤100
586402784803665,OLÉ NewMexico,"OLE EDUCATION FUND, THE",≤100
115533195792,Reston Association,RESTON ASSOCIATION,≤100
328042268580226,Stories of Antisemitism,Stories Of Antisemitism,≤100
101672329381420,Northeast Wisconsin Patriots,Diane Carol Bast,≤100
129064750465027,Women's Earth Alliance,Earth Island Institute,≤100
108443695861322,The Austin Bulldog,KEN MARTIN,≤100
113451652001328,Harvest Rock Church,HARVEST ROCK CHURCH,≤100
113766519151713,The African Middle Eastern Leadership Project - AMEL,These ads ran without a disclaimer,≤100
568103006940639,Law Office of Gary J. Kim,Law Offices of Gary J. Kim,≤100
1805642669732730,Colton Moore,MOORE FOR GEORGIA,≤100
1652562908172918,Build a Better Seattle,GREATER SEATTLE CHAMBER OF COMMERCE,≤100
122417236309,Children's Home Society of Virginia,Children's Home Society of Virginia,≤100
107646992144084,Vincenzo Odoguardi - MAIE,MARCO BALDOCCHI GROUP INC,≤100
102221165021408,Law Forward,"Law Forward, Inc.",≤100
608827745948562,The American Homefront Project,These ads ran without a disclaimer,≤100
100369326112728,Daily Grind,These ads ran without a disclaimer,≤100
504118316658151,SilencedOrganic,SilencedOrganic.com,≤100
183484875153093,Kim Monson Show,The Kim Monson Show,≤100
187159485033306,Benjamin Vazquez for Santa Ana,Benjamim Vazquez for City Council 2022,≤100
2165441450136848,"Issues with Mail Order Pharmacy, Corporate Retail Pharmacy, & PBMs",Unite For Safe Medications,≤100
180185858984039,The Forest Fleur,These ads ran without a disclaimer,≤100
106283570973088,Save Austin Now PAC,SAVE AUSTIN NOW PAC,≤100
108505418632952,Climate change is real,Michael Test,≤100
109465560444254,Roce Today,I-ROCE LLC,≤100
101944538748986,"Newberry County, SC",These ads ran without a disclaimer,≤100
108108121456950,Blue States PAC,BLUE STATES PAC,≤100
164223783681838,Tax Talk Today,"Tax Talk Today, Inc.",≤100
108003795457054,Ukraine: Essays on a Nation's Fight for Survival,These ads ran without a disclaimer,≤100
96306740657,Out Youth,OUT YOUTH,≤100
6787988478,Physicians for Human Rights,"PHYSICIANS FOR HUMAN RIGHTS, INC.",≤100
713454756128516,"Cornell Dantzler for Alderman, 21st Ward",Citizens for Cornell Dantzler,≤100
240914282958205,Rob Long for Delray Beach City Commission Seat 2,Rob Long for City Commission,≤100
104243792943104,Saybrook University,These ads ran without a disclaimer,≤100
387052284815817,Bryan Slaton,Bryan Slaton Campaign,≤100
101308925134403,BlackPush Inc.,BlackPush Inc,≤100
311536622860495,SoCal Daily Pulse,SoCal Daily Pulse,≤100
214061167976,El Tiempo Latino,MASTV EL PLANETA LLC,≤100
112712493805232,A Better Glynn,Elijah Bobby Henderson,≤100
44228398202,ONE Community,"ONE Community Media, LLC",≤100
133913826633461,Grassroot Institute of Hawaii,Grassroot Institute of Hawaii,≤100
205238189588054,"Race, Racism and the Law",Professor Vernellia Randall,≤100
201248453800242,My Pay My Say,Mackinac Center for Public Policy,≤100
126037931371545,Law Offices of Jonathan K. Park & Associates,Law Offices of Jonathan K. Park & Associates,≤100
1700622986725945,Luke Orlando,Councilman Luke Orlando,≤100
1801359303436872,Revel Prints Clothing,These ads ran without a disclaimer,≤100
245064808869530,Bay Area Community Health Advisory Council,COMMUNITY INITIATIVES,≤100
213487615878744,Manderson PR,These ads ran without a disclaimer,≤100
108497995443841,Tobeendurance,These ads ran without a disclaimer,≤100
104495725156968,"Colleton County, SC",These ads ran without a disclaimer,≤100
1687316384824468,Providence Outreach Ministries,These ads ran without a disclaimer,≤100
240054842698973,Arkansas Good Roads,Arkansas Good Roads Foundation,≤100
107418177702609,Middle America News,Logan Thomas Corson,≤100
887139178003592,The Dean Obeidallah Show,The Dean Obeidallah Show,≤100
100240856286283,P. K. Sharma,These ads ran without a disclaimer,≤100
554495211302930,Shade Owens,These ads ran without a disclaimer,≤100
102147742729782,Por Amor Al Mar Documental,These ads ran without a disclaimer,≤100
101162666036281,Laseudu,These ads ran without a disclaimer,≤100
114196666974856,Road to 2022,These ads ran without a disclaimer,≤100