﻿Page ID,Page name,Disclaimer,Amount spent (USD),Number of ads in Library
104996789058485,Defence Talks,Defence Talks,≤100,1
100202725184190,Caliber.Az,Caliber LLC,≤100,6
459298240774359,ModeratorAz,ModeratorAz,≤100,2
330940447588598,APA,Azeri Press Agency,≤100,2
643654899036233,İnnovasiyalar Mərkəzi / Innovations Center,İnnovasiyalar Mərkəzi,≤100,2
104355860955968,Press Klub,Nicat Əliyev,≤100,5
806234346120161,Toplum TV,Toplum tv,≤100,6
305019964396,Lent az,Lent az,≤100,4
161579680559076,Vesti az,Vesti az,≤100,2
1683459665128094,Minval.az,Minval.az MMC,≤100,3
177856385592294,Kulis az,Kulis az,≤100,4
108272475270673,Göygöl Rayon İcra Hakimiyyəti,Göygöl Rayon İcra Hakimiyyəti/Excutive Power of Goygol District of Azerbaijan,≤100,4
390795057658490,Ruslan İzzətli,Ruslan İzzətli,≤100,1
101605572118417,Qarabağ Dirçəliş Fondu,Qarabağ Dirçəliş Fondu,≤100,2
280772835787181,Media.Az,Media.az,≤100,1
10423517786,Harvard Business Review,These ads ran without a disclaimer,≤100,1
107315028933018,Narmin / English Teacher,These ads ran without a disclaimer,≤100,1
1473321922884514,Chińskie Radio Międzynarodowe,These ads ran without a disclaimer,≤100,1
136515966360349,BBTV,These ads ran without a disclaimer,≤100,1
128985777176957,Church Life Journal,These ads ran without a disclaimer,≤100,1
17043549797,MIT Technology Review,These ads ran without a disclaimer,≤100,2
285530825204,Klitschko,These ads ran without a disclaimer,≤100,2
156788224389897,University of Toronto Scarborough (UTSC),These ads ran without a disclaimer,≤100,1