﻿Page ID,Page name,Disclaimer,Amount spent (UYU)
2229936167288652,Juan Sartori,Equipo Juan Sartori,≤100
308762172579887,Rodrigo Goñi Reyes,Maria Florencia Porro,≤100
102337244995366,Prudencia Uruguay,Santiago Raffo Arias,≤100
103988995047541,Diputada Nancy Nuñez Soler,Nancy Estela del Pilar Nuñez Soler,≤100
225968600759645,Andrés Lima,Ernesto Dario Castro Rodriguez,≤100
860395507438977,Compromiso con el cambio,Santiago Raffo Arias,≤100
448577818540347,Tatiana Schapiro,These ads ran without a disclaimer,≤100
596858787607676,Ciudades Verdes,These ads ran without a disclaimer,≤100
106155822122127,Bindi.World,These ads ran without a disclaimer,≤100
769095856453652,Axel Arigato,These ads ran without a disclaimer,≤100
104332872591412,Turismo Alagoas,These ads ran without a disclaimer,≤100
1424003061235730,Asociación Autismo en Uruguay,Arlene Raquel Navarro Aguiar,≤100