﻿Page ID,Page name,Disclaimer,Amount spent (CAD)
167800183238142,YourAlberta (Government of Alberta),Government of Alberta,4611
544846182381424,United Conservative Caucus,United Conservative Caucus,2481
155609655007428,United Conservative Party of Alberta,United Conservative Party of Alberta,1929
184257548280251,Alberta's NDP,Alberta's NDP,735
105833301076507,CUPE Local 38,CUPE Local 38,605
447980405253906,Public Service Alliance of Canada - Prairie Region,Public Service Alliance of Canada - Prairie Region,523
113297740077607,Canadian Energy Centre,Canadian Energy Centre,489
124239144255718,City of Calgary – Your Local Government,City of Calgary – Your Local Government,463
103805636333615,Quality Canadian Milk - Lait canadien de qualité,Dairy Farmers of Canada,348
136772905237,Historica Canada,Historica Canada,344
109045051805492,Made The Canadian Way,Canadian Energy Centre,267
632493333805962,Environment and Climate Change,Environment and Climate Change Canada,241
113707256426,Rachel Notley,Alberta's NDP Caucus,238
163336718421,PSAC - AFPC,PSAC - AFPC,209
113707256426,Rachel Notley,Alberta's NDP,165
294663684004138,Boyle Street Community Services,Boyle Street Community Services,150
129706287121817,Shannon Phillips,Shannon Phillips,150
139019864276,Oxfam Canada,Oxfam Canada,148
689157954518219,Danielle Smith,United Conservative Party,142
115835521825983,UNHCR Canada,UNHCR Canada,136
1422057448099551,Spirits Canada,Spirits Canada,131
179488658767581,ICI Alberta,Radio-Canada,125
5661704203,Conservative Party of Canada - Parti conservateur du Canada,Conservative Party of Canada - Parti conservateur du Canada,116
633812813408377,Elections Canada,Elections Canada,112
108635379686,CNIB,CNIB,101
133429097213380,Lois Hole Hospital Women's Society,Lois Hole Hospital Women's Society,≤100
6095483909,Canadian Taxpayers Federation,Canadian Taxpayers Federation,≤100
544846182381424,United Conservative Caucus,United Conservative Party Caucus,≤100
394745970602999,The Council of Canadians,The Council of Canadians,≤100
844239722367708,Innovative Medicines Canada / Médicaments novateurs Canada,Innovative Medicines Canada / Médicaments novateurs Canada,≤100
107385241806,Plan International Canada,Plan International Canada,≤100
109053478784742,The Alberta Retailers Coalition,The Alberta Retailers Coalition,≤100
1456690611311640,Canadian Health Coalition,Canadian Health Coalition,≤100
111442683994284,The National Telegraph,Wyatt Jackson Claypool,≤100
105168452865235,Bell Aliant,Bell,≤100
516401211852429,ICBA - Independent Contractors and Businesses Association,Independent Contractors and Businesses Association of BC,≤100
165627610306482,Happy Cities,Office of the Advocate for Persons with Disabilities,≤100
405377872902754,Canada Action,Canada Action,≤100
1097840090260804,National Police Federation,National Police Federation,≤100
123235041462,The Fraser Institute,Fraser Institute,≤100
121818350969,AUPE - Alberta Union of Provincial Employees,Alberta Union of Provincial Employees,≤100
35715544220,Stand.earth,Stand.earth,≤100
106231507615280,Delivering Community Power - Vers des collectivités durables,Canadian Union of Postal Workers,≤100
321351607970406,The Narwhal,The Narwhal,≤100
184983851544640,London Abused Women's Centre,London Abused Women's Centre,≤100
114849617772737,Care2 Canada,Press Pause Collective,≤100
323357211657180,Matt Jones,Matthew Jones,≤100
281999881613,World Vision Canada,World Vision Canada,≤100
568938803293644,True North,True North,≤100
110676918090127,Kayande For Calgary Elbow NDP,Samir Kayande,≤100
171838976178751,Canadian Women's Foundation,Canadian Women's Foundation,≤100
480690348805429,Proud To Be Canadian,Proud To Be Canadian,≤100
105754167560390,Ekō Canada,Ekō,≤100
19750184960,Greenpeace Canada,Greenpeace Canada,≤100
109789375773145,Jeremy Nixon,UCP Calgary-Klein Constituency Association,≤100
106764462731658,Honest Reporting Canada,Honest Reporting Canada,≤100
198789580154483,Project Democracy,Project Democracy,≤100
100999094747422,Land Needs Guardians,Land Needs Guardians,≤100
104436885869755,"Rob Miyashiro, Lethbridge East NDP","Rob Miyashiro, Lethbridge East NDP",≤100
106360778489053,Fuelling Canada,Canadian Gas Association,≤100
901776976544599,RBC Wealth Management,RBC Wealth Management,≤100
235872037238940,She Is Indigenous,Les Femmes Michif Otipemisiwak / Women of the Métis Nation,≤100
184856436064,Canadian Centre for Child Protection,Canadian Centre for Child Protection,≤100
103712604817590,Paramount+,These ads ran without a disclaimer,≤100
218916525819,Canadian Association of Physicians for the Environment (CAPE),Canadian Association of Physicians for the Environment,≤100
114286393699596,The Peak,The Peak Media Collective Inc.,≤100
143249880633,World Animal Protection Canada,World Animal Protection Canada,≤100
1820321018091000,Parmeet Singh-NDP Calgary-Falconridge,Parmeet Singh Boparai,≤100
158469129085,TVO,TVO Today,≤100
659207274119133,Banff-Kananaskis Alberta NDP Constituency Association,Banff Kananaskis NDP,≤100
21751825648,Justin Trudeau,Liberal Party of Canada | Parti libéral du Canada,≤100
103290118198670,Alberta Women's Health Foundation,Alberta Women's Health Foundation,≤100
107369918304369,Dr. Luanne Metz for Calgary-Varsity NDP,Alberta NDP,≤100
174825455862031,University of Calgary Students' Union,University of Calgary Students' Union,≤100
52543970197,Environmental Defence Canada,Environmental Defence,≤100
597902120327040,"Martin Shields, MP","House of Commons, Office of Martin Shields MP",≤100
31912359596,University of Saskatchewan,University of Saskatchewan,≤100
1653239508044799,Edmonton-Castle Downs UCP Constituency Association,Edmonton Castle Downs UCP Constituency Association,≤100
207054872801742,Demetrios Nicolaides,Demetrios Nicolaides,≤100
85291563763,ICNA Relief Canada,ICNA Relief Canada,≤100
254245404682417,C.D. Howe Institute,C.D. Howe Institute,≤100
169042736456594,All Out,ConnectAd,≤100
367171987944,Teamsters Canada,Teamsters Canada,≤100
1590219921201770,Élections Canada,Élections Canada,≤100
161576757217190,City of Lethbridge- City Hall,City of Lethbridge- City Hall,≤100
8260742627,CPAC - Cable Public Affairs Channel,CPAC,≤100
190035081047277,International Fellowship of Christians and Jews of Canada,International Fellowship of Christians and Jews of Canada,≤100
263417217038472,Forest Products Association of Canada,Forest Products Association of Canada,≤100
133690690015346,USJE - SESJ,USJE - SESJ,≤100
154462904588700,Enbridge Gas,Enbridge Gas,≤100
658318450979357,Globe Content Studio,Globe Content Studio,≤100
1150994581612673,Conservative Journal of Canada,Conservative Journal of Canada,≤100
111231197686977,The Breach,The Breach,≤100
1671097993122619,Children Believe,Children Believe,≤100
1917715138510680,Follow Your Legend,These ads ran without a disclaimer,≤100
113172037678971,"Francesca ""Frankie"" Ward for Mayor of Slave Lake",Francesca Alexandra Ward,≤100
108408942182690,Alberta Identity Study,Department of Resource Economics and Environmental Sociology,≤100
184906186150,The Toronto Star,The Toronto Star,≤100
102586125587511,Canadian Trucking Alliance,Canadian Trucking Alliance,≤100
113305766875943,SIDE-Sommet international de l'écocitoyenneté,SIDE-Sommet international de l'écocitoyenneté,≤100
121222984568561,Amnesty International Canada,Amnesty International Canada,≤100
5794733873,David Suzuki Foundation,David Suzuki Foundation,≤100
105288666168351,SOS Children's Villages Canada,SOS Children's Villages Canada,≤100
1395790247377471,Canadian Shooting Sports Association,Canadian Shooting Sports Association,≤100
118026037852167,Jason Heistad NDP Innisfail/Sylvan Candidate,Innisfail-Sylvan Lake NDP Constituency Association,≤100
60266912006,Liberal Party of Canada | Parti libéral du Canada,Liberal Party of Canada | Parti libéral du Canada,≤100
159713615718,WWF-Canada,WWF-Canada,≤100
370233926766473,Environnement et Changement climatique,Environnement et Changement climatique Canada,≤100
863298240496439,Peter Guthrie,Peter Frank Guthrie,≤100
101263555813789,NorthernBeat News,Northbeat News,≤100
1771820039731500,Al-Ayn Social Care Foundation - Canada,Al-Ayn Social Care Foundation Canada,≤100
796418163759235,GreenPAC,GreenPAC,≤100
149725101896137,Stepping Stones Crisis Society,Stepping Stones Crisis Society,≤100
130291281110782,Wendover Productions,These ads ran without a disclaimer,≤100
1196196390526965,Facebook Surveys,These ads ran without a disclaimer,≤100
261752512263,Canadian Red Cross,Canadian Red Cross,≤100
134455149912301,Seva Canada,Seva Canada,≤100
103655764654302,Indigenous Leadership Initiative,The Indigenous Leadership Initiative,≤100
1846441248912094,Dyslexia Canada,Dyslexia Canada,≤100
925033857594085,SureHealth Canada,SureHealth,≤100
868589909847623,Action Canada for Sexual Health and Rights,Action Canada for Sexual Health and Rights,≤100
107189712285793,Children of Heroes,These ads ran without a disclaimer,≤100
120681634616917,94.5 KSMB,These ads ran without a disclaimer,≤100
316302965122489,Clean Energy Canada,Clean Energy Canada,≤100
143506185718140,Alberta Ecotrust Foundation,These ads ran without a disclaimer,≤100
728747700517089,Michael Barrett,Michael Barrett,≤100
243435756499271,Dan Mazier,"Dan Mazier, MP",≤100
510183342342621,Bell MTS,Lavanya Rajaian,≤100
1602582443382188,Clear Seas,Clear Seas,≤100
1242717912408041,Stephanie Kusie,"the Office of Stephanie Kusie, MP",≤100
1716180271929272,FORED BC,FORED BC Society,≤100
259282224084288,The Munk Debates,Munk Debates,≤100
177075442332123,Experiences Canada,Experiences Canada,≤100
183212951743526,PEI Liberals,PEI Liberals,≤100
202220023130891,Bell Canada,Bell Canada,≤100
104258727963565,Centre For Intellectual Excellence,Centre For Intellectual Excellence,≤100
674109146110155,Debunk Inc,Debunk Inc,≤100
718120548335694,Canadians for Responsible Food Policy,Canadians for Responsible Food Policy,≤100
129240983771044,Tennis Canada,Tennis Canada,≤100
1589839557920915,National Disability Credit Alliance,National Disability Credit Alliance,≤100
254985577276,Humanitarian Coalition/ Coalition Humanitaire,Humanitarian Coalition/ Coalition Humanitaire,≤100
37523552825,One Drop,One Drop,≤100
668530856624185,My Custom Sports Chair,These ads ran without a disclaimer,≤100
250225271678009,Canadian Generic Pharmaceutical Association,Lina Botyrius,≤100
232442346800828,Return to Reason with Leon Fontaine,These ads ran without a disclaimer,≤100
1401645180072600,Accessibility Advisory Committee,Accessibility Advisory Committee,≤100
985797494956599,The News Forum,The News Forum,≤100
279870685422915,Eviance,These ads ran without a disclaimer,≤100
1512400782371519,Women's Advocacy Voice of Edmonton,Women's Advocacy Voice of Edmonton,≤100
214839395204315,Centre canadien de protection de l'enfance,Canadian Centre for Child Protection,≤100
2349053895373277,Kyle Seeback,Kyle Seeback,≤100
152467601467262,BMO Groupe financier,BMO Financial Group,≤100
177681485609462,Radio-Canada,Radio-Canada,≤100
238222619555992,Climate Reality Canada / Réalité climatique Canada,The Climate Reality Project,≤100
254553621598771,Shelter Movers,Shelter Movers,≤100
110189480848486,Unique Flags,These ads ran without a disclaimer,≤100
110851115277904,Bhullar Reads,These ads ran without a disclaimer,≤100
49530722523,Ecojustice,Ecojustice,≤100
106067398844149,,These ads ran without a disclaimer,≤100
101521614692017,Ditch Plastic Packaging,Hartmann North America,≤100
1698373080245187,Safe Salmon: Defend our Wild Salmon,Watershed Watch Salmon Society,≤100
109259964070785,Skeena Strong,The Skeena,≤100
2388772758004802,Josephine Pon,Calgary-Beddington Constituency Office,≤100
150303078397686,UVic Native Students Union,These ads ran without a disclaimer,≤100
101340695368899,Our Line in the Sand Campaign Manitoba,Our Line in the Sand Inc.,≤100
1551116875101061,Canadian Medical Association,Canadian Medical Association,≤100
39168823065,Sierra Club Canada Foundation,Sierra Club Canada Foundation,≤100
106943012017267,StrategX Elements Corp,StrategX Elements Corp,≤100
12101479244,B'nai Brith Canada,B'nai Brith Canada,≤100
108812052149743,Greg J Arsenault,Gregory John Arsenault,≤100
456272014582906,Change for Climate Edmonton,Change for Climate Edmonton,≤100
106185439068777,Cowboybay,These ads ran without a disclaimer,≤100
107365731133251,Advantage St. John's,These ads ran without a disclaimer,≤100
103506452323122,Alberta Association of Nurses,These ads ran without a disclaimer,≤100
10150095427915144,Ceasefire.ca,Rideau Institute,≤100
586362242026180,Radio-Canada OHdio,Radio-Canada,≤100
102641588585816,Victoria Rumble Room,JOHNY 0 JURICIC,≤100
103350612362345,Strong Coast,Strong Coast,≤100
163765883653829,Watershed Watch Salmon Society,Watershed Watch Salmon Society,≤100
149359161748927,Inuit Tapiriit Kanatami,Inuit Tapiriit Kanatami,≤100
182452388854875,Goodman Commercial,Goodman Commercial,≤100
168889579973,Fondation David Suzuki,Fondation David Suzuki,≤100
1753011664915351,Queen's University Certificate in Law,These ads ran without a disclaimer,≤100
106167157811166,Irving K. Barber Faculty of Arts and Social Sciences,These ads ran without a disclaimer,≤100
132125293547127,Animal Alliance of Canada,Animal Alliance of Canada,≤100
115023341897487,BellAliantFR,Bell,≤100
106365669977985,Unpointcinq,Unpointcinq,≤100
280042975447279,The Fellowship,The Fellowship,≤100
156774011943056,Efficiency Canada,Efficiency Canada,≤100
714595698939267,TPC - Therapeutic Psilocybin for Canadians,Therapsil,≤100
121425476395384,Nova Royalty,Nova Royalty,≤100
250592478295316,C2C Journal,C2C Journal,≤100
107758090070,Vancouver School of Theology,Vancouver School of Theology,≤100
111404328067824,Friends of Land Use Planning,Friends of Land Use Planning,≤100
1750529691887719,Portail linguistique du Canada,Bureau de la traduction,≤100
183372245032529,Sierra Club Atlantic Canada Chapter,Sierra Club Canada Atlantic Chapter,≤100
1562316127378550,Faye Peterson House,Faye Peterson House,≤100
100330355462020,EnviroGold Global,Envirogold Global Limited,≤100
173411266748521,Michael Pratt,Michael Vincent Pratt,≤100
605582973434788,Doctors Without Borders/Medecins Sans Frontieres (MSF),Doctors Without Borders/Médecins Sans Frontières (MSF) Canada,≤100
105959207887251,Whistleblowing Canada,Whistleblowing Canada Research Society,≤100
256967407720183,LEO,Léger,≤100
503316016380131,Acadia Northwest Mechanical,Acadia Northwest Mechanical Inc,≤100
174662149255918,Vivre en Ville,Vivre en Ville,≤100
563611467082128,Rachel Bendayan,Bureau de Rachel Bendayan,≤100
114632184171471,MP Jenna Sudds,"Jenna Sudds, MP",≤100
215304981972670,The Ocean Legacy Foundation,The Ocean Legacy Foundation,≤100
190717337657599,Alpha-Nicolet,Veronique Mainguy,≤100
104186872489970,Marion Willis,These ads ran without a disclaimer,≤100
106199152742714,Histoire Canada,Histoire Canada,≤100
179856868725723,Chief Glenn Hudson,Chief Glenn Hudson,≤100
2001371366850854,Festi Guinée-Canada,Festi Guinée-Canada,≤100
268400032839,Croix-Rouge canadienne,Croix-Rouge canadienne,≤100
214041735277533,CIBLES - Carrefour international bas-laurentien pour l'engagement social,SARAH CHARLAND-FAUCHER,≤100
248281845216826,Bell Canada (Français),Bell Canada,≤100
692490067551493,Arpan Khanna,the Arpan Khanna Campaign,≤100
1176462102499800,École ensemble,Mouvement L'école ensemble,≤100
113451888040685,KW Energy Home Services,KW Energy Home Services,≤100
102533697778225,Earth Day Canada,Jour de la Terre Canada,≤100
565688503775086,Agence du revenu du Canada,These ads ran without a disclaimer,≤100
176846545697061,,These ads ran without a disclaimer,≤100
106312839522865,ELA JAMBO,These ads ran without a disclaimer,≤100
105494497462556,Mentor Me Healthcare,These ads ran without a disclaimer,≤100
101254104704365,ProEcolo,ProÉcolo,≤100
367461053332566,Community-Based Research Centre - CBRC,Community-Based Research Centre,≤100
103461849690140,CV Land Trust & Conservation Partnership,These ads ran without a disclaimer,≤100
203652059653094,Government of British Columbia,Government of British Columbia,≤100
2916417941732228,Manitoba's Climate Action Team,Manitoba's Climate Action Team,≤100
102136459052072,ICI Grand Nord,Radio-Canada,≤100
149529379528,ICI Colombie-Britannique,Radio-Canada,≤100
294239010660184,Ligue des Droits et Libertés,Ligue des droits et libertés,≤100
112340511783250,,These ads ran without a disclaimer,≤100
108097242188299,ImprovedProcesses.com,These ads ran without a disclaimer,≤100
14209292613,NetApp,These ads ran without a disclaimer,≤100
741880229535624,Help an Animal In Need,These ads ran without a disclaimer,≤100
104475419118580,Еurо News,These ads ran without a disclaimer,≤100
215479992305641,Becoming Young,These ads ran without a disclaimer,≤100
771462172882741,OnePath Network,These ads ran without a disclaimer,≤100
106013411050217,MSC Cruises,These ads ran without a disclaimer,≤100
102719695730284,Liberty Ukraine Foundation,These ads ran without a disclaimer,≤100
110304924585889,The Searial Cleaners,These ads ran without a disclaimer,≤100
198454000189884,REW.ca,These ads ran without a disclaimer,≤100
101236935303293,Trivia.com - Trivia,These ads ran without a disclaimer,≤100