﻿Page ID,Page name,Disclaimer,Amount spent (KES)
103644672731725,Amb. Nancy Karigithu,Arkinst Limited,≤100
100907326779190,Kaileys Consortium LTD,These ads ran without a disclaimer,≤100
112754900441156,DR. Kiarie Badilisha,Moses Ndirangu Badilisha Kiarie,≤100
100593659226383,Jubilee Mbele Pamoja,Jubilee Mbele Pamoja,≤100
121892191231546,Евразийский банк развития,These ads ran without a disclaimer,≤100
103211351965821,Abraham Maina Kironji,Abraham Maina,≤100
619717741838306,Vigo Chemicals,These ads ran without a disclaimer,≤100
509725492464019,Hon Simon Ng'ang'a King'ara - SK,Simon Nganga Kingara,≤100
108778728813521,Angok Chol,These ads ran without a disclaimer,≤100
107753052287432,bcncurrencyyy,These ads ran without a disclaimer,≤100