﻿Page ID,Page name,Disclaimer,Amount spent (USD)
100202725184190,Caliber.Az,Caliber LLC,≤100
161579680559076,Vesti az,Vesti az,≤100
1683459665128094,Minval.az,Minval.az MMC,≤100
330940447588598,APA,Azeri Press Agency,≤100
101605572118417,Qarabağ Dirçəliş Fondu,Qarabağ Dirçəliş Fondu,≤100
806234346120161,Toplum TV,Toplum tv,≤100
101286118673417,sherenemelania,These ads ran without a disclaimer,≤100
280772835787181,Media.Az,Media.az,≤100
536001309821838,European Link Coalition,These ads ran without a disclaimer,≤100
104355860955968,Press Klub,Nicat Əliyev,≤100
172802309398509,European Jewish Congress,These ads ran without a disclaimer,≤100