﻿Page ID,Page name,Disclaimer,Amount spent (USD)
109854728594212,برنامج تحديث القطاع العام,برنامج تحديث القطاع العام,≤100
109219087226819,مكتب النائب محمد يحيى المحارمة الاعلامي,مكتب النائب محمد يحيى المحارمة الاعلامي,≤100
101624672498880,حزب الشراكة والإنقاذ  Partnership and Salvation Party,حزب الشراكة والإنقاذ  Partnership and Salvation Party,≤100
107141858896307,Rewell Society,Rewell Society,≤100
109577148318593,عضو مجلس أمانة عمان لمنطقة بدر - أحمد زايد النوباني,Suliman Shawawreh,≤100
111361091313,NICABM,These ads ran without a disclaimer,≤100
521303771314889,وزارة الصناعة و التجارة و التموين الاردنية Mit.gov.jo,Muhanad Alomyan,≤100
10250877124,Arab News,These ads ran without a disclaimer,≤100
101326998419906,صوتك مهم,These ads ran without a disclaimer,≤100
108271242164727,مجلة المجتمع,These ads ran without a disclaimer,≤100