﻿Page ID,Page name,Disclaimer,Amount spent (EUR)
323245001172018,Bundesministerium für Gesundheit,Bundesministerium für Gesundheit,171
170688644503,UNICEF Deutschland,UNICEF Deutschland,125
120479081330563,Körber-Stiftung,Körber-Stiftung,≤100
1578640155687393,Sea-Watch,Sea-Watch,≤100
341486659645594,FDP Fraktion Bundestag,Fraktion der Freien Demokraten im Deutschen Bundestag,≤100
236934790401,UNO-Flüchtlingshilfe,UNO-Flüchtlingshilfe,≤100
511785248971976,"Bundesministerium für Familie, Senioren, Frauen und Jugend","Bundesministerium für Familie, Senioren, Frauen und Jugend",≤100
223130221114945,Arla,Arla Foods Deutschland GmbH,≤100
161273245888,Save the Children Deutschland,Save the Children Deutschland,≤100
263503200272,Welthungerhilfe,Welthungerhilfe,≤100
23216224900,Plan International Deutschland,Plan International Deutschland e.V.,≤100
218786540044,WWF Deutschland,WWF Deutschland,≤100
56497026719,SOS-Kinderdörfer weltweit,SOS-Kinderdörfer weltweit Hermann-Gmeiner-Fonds Deutschland e.V.,≤100
718677004826671,Deutsche Umwelthilfe,Deutsche Umwelthilfe,≤100
111501317017740,Motatos Deutschland,Motatos,≤100
484950398505596,IRC Deutschland,IRC Deutschland,≤100
111789447030484,Bundesfinanzministerium,Bundesfinanzministerium,≤100
102169625710148,ClimaClic,Burda Direct GmbH,≤100
22541752487,Greenpeace Deutschland,Greenpeace Deutschland,≤100
331832984040,LichtBlick,LichtBlick,≤100
846335975484709,The Generation Forest,The Generation Forest eG,≤100
343364921106,Caritas international,Caritas international,≤100
103919417972272,Unabhängige Beauftragte für Fragen des sexuellen Kindesmissbrauchs,Unabhängiger Beauftragter für Fragen des sexuellen Kindesmissbrauchs,≤100
675589985972309,HateAid,HateAid gGmbH,≤100
478399422560922,KadeFungin,DR. KADE,≤100
104631508042587,one4good,one4good,≤100
136260152219,World Vision Deutschland e.V.,World Vision Deutschland e.V.,≤100
130018647016828,Mall - Umweltsysteme,Mall GmbH,≤100
850743671661412,Kirche im NDR,Kirche im NDR,≤100
133306764192,NABU Bundesverband,NABU Bundesverband,≤100
27352749603,Amnesty International Deutschland,Amnesty International Deutschland,≤100
103453699750,ROBIN WOOD e.V.,ROBIN WOOD e.V.,≤100
478198785559583,HUK-COBURG,HUK-COBURG VVaG,≤100
206027936242899,Altonaer Museum,Stiftung Historische Museen Hamburg,≤100
768905426534529,Bundesregierung,Bundesregierung,≤100
125531730824714,dbb beamtenbund und tarifunion,dbb beamtenbund und tarifunion,≤100
1508446642792459,Vattenfall,Vattenfall Deutschland,≤100
593476900673774,ifaw,ifaw,≤100
189184071108491,FDP Hamburg,Freie Demokratische Partei (FDP) Landesverband Hamburg,≤100
123292927706635,junge Welt,junge Welt,≤100
295607594795,Ärzte gegen Tierversuche e.V.,Ärzte gegen Tierversuche e.V.,≤100
101285651990166,Planted,I Planted GmbH,≤100
261985647756704,AfD im EU-Parlament,AfD im EU-Parlament,≤100
1509790395958123,Aktion gegen den Hunger,Aktion gegen den Hunger,≤100
82734241364,Campact e.V.,Campact e.V.,≤100
116544291761495,Kindernothilfe E.V.,Kindernothilfe E.V.,≤100
103837382005203,KTN-Elektrotechnik GmbH,KTN-Elektrotechnik GmbH,≤100
109703417823774,Freie Wähler Elbmarsch,Freie Wählergemeinschaft Elbmarsch e.V.,≤100
259770724096761,Animal Equality Germany,Animal Equality Germany e.V.,≤100
921326477983554,Verband der Chemischen Industrie e.V.,Chemie Wirtschaftsförderungs-GmbH,≤100
1062482463795133,Liebesleben,Bundeszentrale für gesundheitliche Aufklärung (BZgA),≤100
108268845888673,Bundesministerium für Arbeit und Soziales,Bundesministerium für Arbeit und Soziales,≤100
197033803641924,UN Women Deutschland,UN Women Nationales Komitee Deutschland e.V.,≤100
134278719946186,Bayer,Bayer AG,≤100
273454591804,SOS-Kinderdorf Deutschland,SOS-Kinderdorf e.V.,≤100
231124757051226,Shen Yun - Deutsch,These ads ran without a disclaimer,≤100
955766184451957,Das Handwerk,Deutscher Handwerkskammertag (DHKT) e. V.,≤100
114554831934355,Tierschutzbund,Deutscher Tierschutzbund e.V.,≤100
107514721572444,Stop Fake Renewables,Stop Fake Renewables,≤100
200752383293733,International Justice Mission,International Justice Mission,≤100
102608544969110,AproPo by Posterisan & FAKTUlind,DR. KADE,≤100
1393167744264822,Bundesministerium für Digitales und Verkehr,Bundesministerium für Verkehr und digitale Infrastruktur,≤100
116335026590900,Mülltrennung wirkt,die dualen Systeme,≤100
109573920927141,Ichwillfair,Initiative für nachhaltige Agrarlieferketten,≤100
187685374535,Reporter ohne Grenzen Deutschland,"'Paid for by [Reporter ohne Grenzen, deutsche Sektion e.V.] with Facebook ad credits’",≤100
294772850956765,Green Forest Fund e.V.,GREEN FOREST FUND e.V.,≤100
100345702834585,All Out Deutschland,All Out,≤100
1790920000965539,CDU CSU Europa,CDU/CSU-Gruppe in der EVP-Fraktion im Europäischen Parlament,≤100
145944615464920,Polarstern Energie,Polarstern Energie,≤100
104683266866,Friedrich-Ebert-Stiftung,Friedrich-Ebert-Stiftung,≤100
81386795687,CSU (Christlich-Soziale Union),CSU (Christlich-Soziale Union),≤100
382186268590822,ADF International,ADF International Deutschland e.V.,≤100
1603501656570339,Gunnar Kessler,Gunnar Ronald Keßler,≤100
157315174298307,DAK-Gesundheit,DAK-Gesundheit,≤100
121678260974,Initiative Neue Soziale Marktwirtschaft (INSM),Initiative Neue Soziale Marktwirtschaft,≤100
1399389286871402,AfD  Ortsverband Neu Wulmstorf,Wolfgang Joachim König,≤100
156449679027,Renovabis,Renovabis e.V.,≤100
223829854355699,Frosch,Frosch,≤100
237087969829041,"Karton, natürlich",Fachverband Kartonverpackungen für flüssige Nahrungsmittel e.V. (FKN),≤100
144380008933707,SPD-Fraktion im Bundestag,SPD-Bundestagsfraktion,≤100
13479664941,JUNGE FREIHEIT,Junge Freiheit Verlag GmbH & Co. KG,≤100
110671535192763,Planet Restart e.V.,These ads ran without a disclaimer,≤100
127143338110,missio,missio,≤100
44511549119,Konrad-Adenauer-Stiftung,Konrad-Adenauer-Stiftung e.V.,≤100
1563759740356396,AfD Bezirk Hamburg-Eimsbüttel,Bezirk AfD Hamburg-Eimsbüttel,≤100
2665513323462858,Hendrik Hamel,Hendrik Hamel e.K.,≤100
156733414463449,SAUBER ENERGIE,SE SAUBER ENERGIE GmbH & Co. KG,≤100
109268274798247,E-Fuels-Forum,CLASSIC Tankstellen GmbH & Co. KG,≤100
146221668771106,wbg Wissen verbindet,wbg Wissen verbindet,≤100
1947378708884004,Initiative Frosch,Initiative Frosch,≤100
114186703597807,VIER PFOTEN,VIER PFOTEN,≤100
130039690359915,Aktionsgemeinschaft Solidarische Welt,Aktionsgemeinschaft Solidarische Welt,≤100
102902027852676,ForTomorrow,ForTomorrow gGmbH with Facebook ad credits,≤100
481033845692472,Entschieden. Gegen Krebs.,ENTSCHIEDEN. Gegen Krebs.,≤100
2188342231399828,HSI/Deutschland,HSI Europe,≤100
117212120095864,Lebenswald,Lebenswald,≤100
105664798388099,Make.org,Make.org,≤100
832762216805769,Anna von Treuenfels-Frowein,Anna von Treuenfels-Frowein,≤100
111698888335211,Daskannkunststoff,ALPLA Werke Alwin Lehner GmbH & Co KG,≤100
1093989863995799,hep,hep global GmbH,≤100
1540045636302649,Arolsen Archives,Arolsen Archives,≤100
425785410801477,Dove,Unilever Deutschland GmbH,≤100
105231872947887,GU - Willkommen im Leben,Gräfe und Unzer Verlag GmbH,≤100
134483979119,Rosa-Luxemburg-Stiftung,Rosa-Luxemburg-Stiftung,≤100
614408642007931,Zurich,Zürich Beteiligungs-Aktiengesellschaft (Deutschland),≤100
101683398140023,Salus,Salus,≤100
314428179245339,Dennis Josef Meseg,Dennis Josef Meseg,≤100
186706861370824,Antidiskriminierungsstelle des Bundes (ADS),Antidiskriminierungsstelle des Bundes (ADS),≤100
101625628755262,PRIDE TALK,Hagen und Ritter GbR,≤100
108550857143852,Environmental Justice Foundation Deutschland,Environmental Justice Foundation Charitable Trust Deutschland gGmbH,≤100
1063265547106239,Amal berlin news farsi-dari,"Amal, Berlin!",≤100
169367889785454,Arbeitgeberverband Gesamtmetall,Arbeitgeberverband Gesamtmetall,≤100
101274842793956,Greenpeace grad jetzt,Greenpeace e.V.,≤100
107085727344683,Mein Schlüssel zur Welt,Bundesministerium für Bildung und Forschung,≤100
511324618972373,e.on,e.on,≤100
1124641927546813,Hoffnungsträger,Hoffnungsträger,≤100
191851397669230,VETO – Tierschutz,VETO - Tierschutz,≤100
117534528257937,Bund für Umwelt und Naturschutz Deutschland,Bund für Umwelt und Naturschutz Deutschland,≤100
164513593594332,Deutsche Aidshilfe,Deutsche Aidshilfe,≤100
101124947919410,GermanZero,GermanZero e.V.,≤100
512403718895902,Wildtierschutz Deutschland e.V.,Wildtierschutz Deutschland e.V.,≤100
112600052161770,Samaritan’s Purse DACH,Samaritan’s Purse DACH,≤100
206584163580,Stiftung Mercator,Stiftung Mercator,≤100
127925800618165,Socialists and Democrats Group in the European Parliament,Socialists and Democrats Group in the European Parliament,≤100
142563135763871,DGVN - Deutsche Gesellschaft für die Vereinten Nationen e.V.,DGVN - Deutsche Gesellschaft für die Vereinten Nationen e.V.,≤100
1004883576238809,GoodJobs,GoodJobs GmbH,≤100
214526595274349,BSH GmbH & Co.KG,BSH GmbH & Co. KG,≤100
533449653783649,Impfopoint,Impfopoint – einer Initiative des Landesapothekerverband Baden-Württemberg e.V,≤100
413826305343387,Krautreporter,Krautreporter,≤100
510117665830401,Hilfetelefon Gewalt gegen Frauen,"Hilfetelefon ""Gewalt gegen Frauen""",≤100
100354762415568,BitteWas - Kontern gegen Fake und Hass,Landesmedienzentrum Baden-Württemberg Standort Stuttgart,≤100
157935946201,co2online,co2online gemeinnützige Beratungsgesellschaft mbH,≤100
117738101626747,GP JOULE,GP JOULE GmbH,≤100
105196990914241,Dr. Gunnar Beck,Gunnar Günter Beck,≤100
109456506282009,E.ON Inhouse Consulting,E.ON Inhouse Consulting,≤100
258796296044,Handicap International - Humanity & Inclusion,Handicap International - Humanity & Inclusion,≤100
53848679944,Laut gegen Nazis,Laut gegen Nazis e. V.,≤100
112743275430520,International Campaign for Tibet Deutschland e.V.,International Campaign for Tibet Deutschland e.V.,≤100
102896132170251,Molkerei Weihenstephan,Molkerei Weihenstephan GmbH & Co. KG,≤100
837029206665363,Tabakquartier Bremen,Tabakquartier,≤100
232874490208891,Bundesagentur für Arbeit - Das bringt mich weiter.,Bundesagentur für Arbeit,≤100
260335584433785,Mehmet Yildiz,Mehmet Yildiz,≤100
1176675472454246,CAPinside.com,CAPinside GmbH,≤100
278010994414,ICH WEISS WAS ICH TU,ICH WEISS WAS ICH TU,≤100
200229763665425,Rheinhessische,Rheinhessische Energie- und Wasserversorgungs-GmbH,≤100
126866220711392,MDM Deutsche Münze,MDM Münzhandelsgesellschaft mbH & Co. KG Deutsche Münze,≤100
100429829183634,Klimaschänder das Buch,Andreas Markowsky,≤100
178362315106,European Parliament,European Parliament,≤100
7783116506,Animals Asia,These ads ran without a disclaimer,≤100
289446947817747,Global Citizen,These ads ran without a disclaimer,≤100
102701695287696,Haufe Steuerberatung,These ads ran without a disclaimer,≤100
169748501321,Friedrichstadt-Palast Berlin,These ads ran without a disclaimer,≤100
102042018624623,Initiative Chefsache,Initiative Chefsache,≤100
102745548272095,The German Review,Jörg Malcolm Otto Luyken,≤100
100322788072812,The Closest Loop,The Closest Loop GmbH,≤100
139968284118,terre des hommes,terre des hommes,≤100
108633728581883,Rettet Biokraftstoffe,OVID Verband,≤100
240059669356624,Aktion Hilfe für Kinder,These ads ran without a disclaimer,≤100
179649492694260,AfD Hamburg-Bergedorf,Eugen Seiler,≤100
777901452303455,dbb bundesfrauenvertretung,dbb beamtenbund und tarifunion,≤100
105202642419481,Plant-My-Tree. Die Stiftung.,PLANT-MY-TREE. Die Stiftung.,≤100
948945635150056,AfD-Fraktion Hamburg,AfD-Fraktion Hamburg,≤100
209697875758716,DIE JUNGEN UNTERNEHMER,Die Jungen Unternehmer,≤100
399241730563,Quarks,Westdeutscher Rundfunk Köln,≤100
1834313933459789,BBC StoryWorks,These ads ran without a disclaimer,≤100
144527739568157,Searchtalent,Searchtalent,≤100
1200588670058774,LAND.SCHAFFT.WERTE,LAND.SCHAFFT.WERTE e.V.,≤100
104959658833469,Verfolgte im Nationalsozialismus,Bundesverband Information & Beratung für NS-Verfolgte e.V.,≤100
1739138546404072,iwd,These ads ran without a disclaimer,≤100
107619991821245,Die Zeytenwantler - Alte Zeyt trifft Neue Zeit - Gesundheit ganzheitlich,Birgit Wilma Schilling,≤100
16697124481,Amerikahaus München,Amerikahaus München,≤100
611910082337980,VerbraucherCheck.net,Caesar Richard Reinhold Ludwig  Schütz,≤100
102680605973914,AB InBev Germany,These ads ran without a disclaimer,≤100
379948958841070,Weinstube Löchle,These ads ran without a disclaimer,≤100
521512268012838,Kindernetzwerk e.V.,Kindernetzwerk e.V.,≤100
110288477351423,Blut Hilft Forschen,in.vent DIAGNOSTICA GMBH,≤100
102492129806270,Waschbär Umweltversand,Waschbär GmbH,≤100
2222058774520045,AWSH - Abfallwirtschaft Südholstein,Abfallwirtschaft Südholstein GmbH,≤100
373673517230,Lübecker Nachrichten Online,MADSACK Market Solutions GmbH,≤100
112617308346786,European news,These ads ran without a disclaimer,≤100
135591596484147,ABDA - Bundesvereinigung Deutscher Apothekerverbände e. V.,ABDA - Bundesvereinigung Deutscher Apothekerverbände e. V.,≤100
40874340559,Mehr Demokratie e.V.,Mehr Demokratie e.V.,≤100
1565754943752371,Robert Farle,Robert Farle,≤100
198244400189055,Entega,ENTEGA Plus GmbH,≤100
205407872835976,Gabor Steingart,Media Pioneer Publishing AG,≤100
527351247377965,European Committee of the Regions,European Committee of the Regions,≤100
1733491446954051,Design Democracy,Design Democracy,≤100
377553032425904,KRF,KRF KinderRechteForum gemeinnützige GmbH,≤100
213148952141497,SPD-Henstedt-Ulzburg,Martina Kunzendorf,≤100
260106687889118,Kopp Verlag,Kopp Verlag,≤100
1077260675704647,Wohnglück,Impleco GmbH,≤100
514480748740424,FES KommunalAkademie,"Friedrich-Ebert-Stiftung, KommunalAkademie",≤100
344190642723095,Schwertfeger & Kollegen GmbH,Schwertfeger & Kollegen GmbH,≤100
357029895386,FDP-Landtagsfraktion NRW,FDP-Landtagsfraktion Nordrhein-Westfalen,≤100
105065074517009,Politisches Bildungsforum Hessen der Konrad-Adenauer-Stiftung,Konrad-Adenauer-Stiftung e.V.,≤100
116061881782325,Bundesarbeitskreis Arbeit und Leben e.V.,Bundesarbeitskreis Arbeit und Leben e.V.,≤100
103089845274389,InVenture,inVenture Capital iVC GmbH,≤100
22646353052,Bertelsmann Stiftung,Bertelsmann Stiftung,≤100
100202601987964,KlimazukunftWald,Deutscher Forstwirtschaftsrat e. V.,≤100
156304484388194,DIE LINKE. Berlin,DIE LINKE. Berlin,≤100
90523314133,"Sozialistische Gleichheitspartei, IV Internationale - SGP","Sozialistische Gleichheitspartei, Vierte Internationale",≤100
110328191845942,DieParusie.de,André Oswald Hartmann,≤100
21289227249,FDP,FDP,≤100
276040002549416,FREIE WÄHLER Bayern,Freie Wähler Bayern,≤100
1509620576000837,"Martin Sichert, MdB",Martin Sichert,≤100
110056008288031,Rechtsanwaltskanzlei Matthias Prinz - Mainz,Matthias Prinz,≤100
107389761091734,WooDu,WooDu GmbH,≤100
1790885824313860,Fidelity International DE,FIL Investment Services GmbH,≤100
147547541961576,Council of the European Union,Council of the European Union,≤100
882321835275858,BDH Bundesverband Rehabilitation,BDH Bundesverband Rehabilitation,≤100
1889496344625839,"Jürgen Braun, MdB",Jürgen Braun MdB,≤100
572530603230497,AfD-Fraktion im Hessischen Landtag,AfD-Fraktion im Hessischen Landtag,≤100
910790398984963,AfD Schleswig-Holstein,AfD - Landesverband Schleswig-Holstein,≤100
102898544642459,The Pioneer,Media Pioneer Publishing AG,≤100
110257067566418,Ruppert Stüwe,SPD Steglitz-Zehlendorf,≤100
1801672130156352,Auslandsinformationen / International Reports,Konrad-Adenauer-Stiftung,≤100
291827134170637,Capgemini Deutschland,These ads ran without a disclaimer,≤100
105845231718268,Light for the World Deutschland,Light for the World - Licht für die Welt e.V.,≤100
459830674207433,International Bankers Forum e.V.,International Bankers Forum e. V.,≤100
137521576294353,Deutsche Kinderhilfe - Die ständige Kindervertretung e.V.,Deutsche Kinderhilfe - Die ständige Kindervertretung e.V.,≤100
1206348496067700,NAEB e.V. Stromverbraucherschutz,Heinrich Konrad Düpmann,≤100
1810088999013118,Kölner Presseclub e.V.,Kölner Presseclub,≤100
1659664900789880,KWS Deutschland,KWS SAAT SE & Co. KGaA,≤100
116064499060160,Dirk Brandes - Für Niedersachsen im Bundestag,Dirk Brandes,≤100
121097790490,Albert Schweitzer Stiftung für unsere Mitwelt,Albert Schweitzer Stiftung für unsere Mitwelt,≤100
280002472792336,Bredstedt - unsere kleine Stadt,Stadt Bredstedt,≤100
100572773318575,Ärzte der Welt,Ärzte der Welt e.V.,≤100
139198812763279,Misereor,Misereor,≤100
415367309037687,Klaus Esser,Klaus Esser,≤100
164513593594332,Deutsche Aidshilfe,These ads ran without a disclaimer,≤100
100111276101721,Mighty Deutschland,These ads ran without a disclaimer,≤100
103077625910474,mehdi.eghtedari1,These ads ran without a disclaimer,≤100
1804341666550708,PAYONE,These ads ran without a disclaimer,≤100
120519827980254,Karsten Klein,Karsten Klein,≤100
249296718436,IG Metall,IG Metall,≤100
630172117364339,POST von GEHRKE,Elmar Gehrke,≤100
101312931306442,Life is Business,Mediaplanet Verlag Deutschland GmbH,≤100
1110204782371616,Die Moderne Landwirtschaft,Forum Moderne Landwirtschaft e.V.,≤100
807830549388333,Gebäude Energieberater,Alfons W. Gentner Verlag GmbH & Co. KG,≤100
161990010584761,Stiftung Demokratie Saarland,Stiftung Demokratie Saarland,≤100
102372211623711,AfD Stadtratsfraktion Augsburg,AfD-Fraktion im Augsburger Stadtrat,≤100
228618550513119,sagwas,sagwas,≤100
151649145006,Citizens of Europe,Citizens of Europe e.V.,≤100
101988526051905,Tag der Selbstbestimmung,Susan Stephanie Tsomakaeva,≤100
448671251848783,DIE LINKE.Main-Taunus,Thomas Völker,≤100
578990648975282,Kay Gottschalk,"Kay Gottschalk, MdB",≤100
181535349099426,"Jörn König, MdB",Jörn König,≤100
185890618101849,Romero Initiative - CIR,Christliche Initiative Romero,≤100
268673200306678,Freie Wähler Neumünster,Holger Steffen,≤100
112743324394800,FDP-Fraktion Sachsen-Anhalt,FDP-Landtagsfraktion Sachsen-Anhalt,≤100
100363378760233,via bonum,via bonum AG,≤100
334120300419,CDU Saar,CDU Saar,≤100
168935129793863,Dr. Mark Benecke,These ads ran without a disclaimer,≤100
54779960819,United Nations,United Nations with Facebook Ad Credits,≤100
100173382819685,Report-W.de,Report-w.de,≤100
160954957393014,Kieler Nachrichten,MADSACK Market Solutions GmbH,≤100
101034177178,Cleanthinking.de - Sauber in die Zukunft,Martin Ulrich Jendrischik,≤100
217879838339082,Bundesministerium für Wirtschaft und Klimaschutz,These ads ran without a disclaimer,≤100
659320797543272,Gunnar Lindemann MdA,Gunnar Norbert Lindemann,≤100
106070272780541,SPD-Ortsverein Königs Wusterhausen,SPD-Ortsverein Königs Wusterhausen,≤100
101536899276878,Simon Andrei,Andrei-Mihai Simon,≤100
116000986793106,Klima,Climate Labs GmbH,≤100
104209635082335,DIE LINKE. Regensburg-Land,Klaus-Dieter Heinz Nebl,≤100
128787593816071,TWOTHIRDS,These ads ran without a disclaimer,≤100
114554831934355,Tierschutzbund,These ads ran without a disclaimer,≤100
207883566663395,Tj,These ads ran without a disclaimer,≤100
101326131878243,GP Prüfservice,Marcus Pauli,≤100
105018555000761,Soziale Republik,Verein für konstruktiven Sozialismus e.V.,≤100
620493278128163,Anja Butschkau,Anja Butschkau MdL,≤100
184575191383,medico international,medico international,≤100
100733885641078,Anne Monika Spallek,Anne Monika Spallek,≤100
107140025016889,ELMAR GEHRKE,Elmar Gehrke,≤100
242343555837158,Männer,blu media network GmbH,≤100
848908368459075,André Wendt,André Wendt,≤100
427867583942519,Freunde für Deutschland FfD,Freunde für Deutschland FfD,≤100
105352218828015,Einskommafuenfgrad,These ads ran without a disclaimer,≤100
241862166689810,AfD Kreisverband Neustadt an der Weinstraße,AfD Kreisverband Neustadt an der Weinstraße,≤100
531406603573530,SPD Wilhelmstadt,SPD Wilhelmstadt,≤100
166842100042016,Standard Chartered Great City Race,These ads ran without a disclaimer,≤100
100894679528751,destroyingtheillusion.pt1,These ads ran without a disclaimer,≤100
144709575593854,EESC - European Economic and Social Committee,EESC - European Economic and Social Committee,≤100
149743311749655,Dein Hilden,Dein Hilden,≤100
74602991332,StepStone.de,These ads ran without a disclaimer,≤100
705394482959403,Handbook Germany,Neue deutsche Medienmacher e.V. with ad credits,≤100
152934608113175,FDP Bremen,FDP Bremen,≤100
332481974287,Die Rote Fahne,Die Rote Fahne,≤100
223078917757220,GEW Saarland,GEW,≤100
107285167377732,SOS Balkanroute,These ads ran without a disclaimer,≤100
1439163392818750,Żaklin Nastic,Zaklin Nastic,≤100
279808529194,Stefan Berger,Stefan Berger MdEP,≤100
112993930579267,Friedenskanal Hamburg,Marco Gasch,≤100
103204458635909,Ralf Schönborn,Ralf Schönborn (MdL) Alternative für Deutschland (AfD),≤100
483471921769289,Jens Gieseke,Jens Gieseke MdEP,≤100
1415439555351343,Life Forestry,These ads ran without a disclaimer,≤100
1220117934702141,Français à distance - Французский с Дарьей Петренко,These ads ran without a disclaimer,≤100
1967019790197412,Markus Wagner,"Markus Wagner, MdL",≤100
706758859393635,AfD Fraktion Sachsen,AfD Fraktion Sachsen,≤100
102500518635499,ENTR en,These ads ran without a disclaimer,≤100
2364480720249551,Erik RCT - Filmproduktion Rhein-Neckar,RCT,≤100
351744732333754,SPD Kreis Düren,SPD-Kreisverband Düren/Jülich,≤100
442474682778346,Gerd Mannes,"Gerd Mannes, MdL",≤100
118776688142153,enviaM,envia Mitteldeutsche Energie AG,≤100
110024890555729,Rund um Nürnberg,Rund um Nürnberg,≤100
2390058227950123,Alexander Kotz,Alexander Kotz,≤100
189617674514883,Rheinland-Pfalz,Rheinland-Pfalz,≤100
181572105511783,CDU Oestrich-Winkel,CDU Oestrich-Winkel,≤100
954298964703081,Abbott FreeStyle,These ads ran without a disclaimer,≤100
209423929079677,Claims Conference (Conference on Jewish Material Claims Against Germany),These ads ran without a disclaimer,≤100
122724759129541,Veganuary Deutschland,These ads ran without a disclaimer,≤100
181468871863143,Deutsches Bergbau-Museum Bochum,These ads ran without a disclaimer,≤100
106750994048802,Perspectiva,These ads ran without a disclaimer,≤100
95775573753,Frontiers,These ads ran without a disclaimer,≤100
114382096768097,Syngenta Group,These ads ran without a disclaimer,≤100
577844275656260,Inprime,These ads ran without a disclaimer,≤100
234994743222396,Interlegal,These ads ran without a disclaimer,≤100