﻿Page ID,Page name,Disclaimer,Amount spent (THB)
161651553861945,Amnesty International Thailand,Amnesty International Thailand,≤100
108515294626891,สอบข้าราชการท้องถิ่น By Thurakan,สอบข้าราชการท้องถิ่น By Thurakan,≤100
105992549162758,ข่าวชีวิตติดกระแส,บริษัท เดนิส แอดส์ จำกัด,≤100
107480552415822,สวยครบในงบ 290.- นารีญาพลัส,These ads ran without a disclaimer,≤100
1105604039583762,Line One สว.นท. ขอเชิญส่งประวัติ ส่วนตัว องค์กร เพื่อเข้ารับรางวัลประจำปี,Line One สว.นท. ขอเชิญส่งประวัติ ส่วนตัว องค์กร เพื่อเข้ารับรางวัลประจำปี,≤100
465289266970751,กองทุน-Trading,These ads ran without a disclaimer,≤100
651699931624315,Techsauce,Techsauce,≤100
111341764925564,สำนักสนับสนุนการพัฒนาระบบสุขภาพ - สำนัก 7 สสส.,สำนักสนับสนุนการพัฒนาระบบสุขภาพ - สำนัก 7 สสส.,≤100
345127652279503,มูลนิธิสากลเพื่อคนพิการ,มูลนิธิสากลเพื่อคนพิการ,≤100
104553005992573,Short Note & Sheet สรุปสอบข้าราชการ และใบงาน,Short Note & Sheet สรุปสอบข้าราชการ และใบงาน,≤100
104770617920248,Dr.Pong Hypoallergenic ดอกเตอร์พงศ์ เวชสำอางสำหรับผิวแพ้ง่าย,These ads ran without a disclaimer,≤100
101903785231136,นายกไก่กังวาล ศักดิ์ชัย พิศาลผล,นายกไก่กังวาล ศักดิ์ชัย พิศาลผล,≤100
104393812499502,ชีทสรุปกฎหมาย สำหรับสอบราชการ พนักงานราชการ by.kantap,ชีทสรุปกฎหมาย สำหรับสอบราชการ พนักงานราชการ by.kantap,≤100
106500602280120,เตรียมสอบข้อราชการท้องถิ่น อปท. กพ.,เตรียมสอบข้อราชการท้องถิ่น อปท. กพ.,≤100
494189467277672,Agenda,บริษัท ดิ อาเจนด้า จำกัด,≤100
451864701523507,Infographic Thailand,Infographic Thailand,≤100
101876555117469,OT Design รับออกแบบและผลิตเสื้อพิมพ์ลาย เสื้อบริษัท เสื้อกีฬา ราคาโรงงาน,These ads ran without a disclaimer,≤100
1443478292598907,Skinsista,These ads ran without a disclaimer,≤100
418729291509368,สถาบันปรีดี พนมยงค์ Pridi Banomyong Institute,สถาบันปรีดี พนมยงค์ Pridi Banomyong Institute,≤100
107612328588715,The Voters,The Voters,≤100
190923294988741,สอบครูผู้ช่วยนะ,สอบครูผู้ช่วยนะ,≤100
109968945220121,เก่งได้ อะคาเดมี่,These ads ran without a disclaimer,≤100
110766468644579,อนันต์ ปรีดาสุทธิจิตต์,อนันต์ ปรีดาสุทธิจิตต์,≤100
114914794432449,กฎหมายใช้สอบราชการ by Æ+,กฎหมายใช้สอบราชการ by Æ+,≤100
344838563349739,14Mar.Clothes,These ads ran without a disclaimer,≤100
197893846914616,"NIA : National Innovation Agency, Thailand",These ads ran without a disclaimer,≤100
333794970138725,Gen.Bunchon - บัญชร ชวาลศิลป์,Gen.Bunchon - บัญชร ชวาลศิลป์,≤100
107501497800874,Shi-Tori Thailand,These ads ran without a disclaimer,≤100
365100400205685,Logitech,These ads ran without a disclaimer,≤100
1466273283637782,XChange English ติว TOEIC TOEFL,These ads ran without a disclaimer,≤100
108876478142078,Maxtive Banana,These ads ran without a disclaimer,≤100
622674297897819,Screenshirt2020,Screenshirt2020,≤100
856383837771145,รับสมัครนักศึกษา มหาวิทยาลัยกรุงเทพธนบุรี by ดร.หวาน,These ads ran without a disclaimer,≤100
190744968374504,British Council Thailand English,These ads ran without a disclaimer,≤100
305834849464113,เทใจ - TaejaiDotcom,These ads ran without a disclaimer,≤100
174738095989909,Pichai Naripthaphan,These ads ran without a disclaimer,≤100