﻿Page ID,Page name,Disclaimer,Amount spent (USD)
244922065530890,Gouvernement de Côte d'Ivoire,Gouvernement de Côte d'Ivoire,≤100
263299207654443,Moussa Sanogo,Konan Arsène Yao,≤100
400259033450192,Ministère du Budget-CI,Konan Arsène Yao,≤100
102112536004062,Cabinet d’Ingénierie du Droit et de la Gouvernance -CIDG,Pregnon Claude Nahi,≤100
100340844911269,Ensemble pour le Développement du Bafing,Konan Arsène Yao,≤100
332130298037209,Fondation Paix et Unité en Afrique,Cassoum Hardinan Konate,≤100
1189722894544062,Mohamed Coulibaly,Alpha Berthe,≤100
214640851992725,Primature Côte d'Ivoire,Primature Côte d'Ivoire,≤100
100684645113879,Kouamé Marcel DIETO,Baudouin Kouakou Baudouin,≤100
808119029346832,Amédé Koffi Kouakou,Malan Abraham-Wilfried  N'djorey,≤100