﻿Page ID,Page name,Disclaimer,Amount spent (USD)
578156405862003,Peoples Voice,Peoples Voice,≤100
229443881058540,BD Peoples Voice,BD Peoples Voice,≤100
2207468469513727,নৌকা মানেই,নৌকা মানেই,≤100
104932235697118,Amader Gazipur - আমাদের গাজীপুর,Amader Gazipur - আমাদের গাজীপুর,≤100
101014292265016,অপ্রতিরোধ্য অগ্রযাত্রা,অপ্রতিরোধ্য অগ্রযাত্রা,≤100
1865638280223884,Rajneeti - রাজনীতি,Rajneeti - রাজনীতি,≤100
254138648026636,সফল বাংলাদেশ,Effective Lead Gen,≤100
353130515348425,Bangladesh Nationalist Party-BNP,Bangladesh Nationalist Party-BNP,≤100
2178258972197731,Jashorer Alo - যশোরের আলো,Marketing Hub,≤100
100421296207429,ক্রাইম স্টেশন-Crime Station,ক্রাইম স্টেশন-Crime Station,≤100
105510682188939,Booster Dose-বুস্টার ডোজ,Tach Marketings,≤100
1783170038388917,আমাদের গাজীপুর,Royalties Ads,≤100
111251941065959,বাংলার সমাচার,Think Digital Way,≤100
751027245059930,Shihedul Islam Bakul MP,Md Abu Toha,≤100
101535476116814,DAAO-Defending Against All Odds,DAAO-Defending Against All Odds,≤100
105415618976603,গুজব নয় সত্য জানুন,Marketing Hub,≤100
116167389784568,আমার নেত্রী আমার অহংকার,Flix Marketing,≤100
2147496625474821,MartSector.com,MartSector.com,≤100
112249340649600,Dinbodol BD,Dinbodol BD,≤100
1637850026472872,বঙ্গবন্ধু অনলাইন আর্কাইভ,Flix Marketing,≤100
527402880793569,MAMUN BOOK HOUSE,Md. Salim Prodania,≤100
418263542033269,Bangladesher Kotha - বাংলাদেশের কথা,Bangladesher Kotha - বাংলাদেশের কথা,≤100
105655592268453,বৈশাখী ঝড়,Tek Mark Online,≤100
107579682072496,নাগরিক বার্তা,Httr Ads,≤100
166064673583399,Bangladesh Awami League,Bangladesh Awami League,≤100
421525621216889,Md. Zahid Ahsan Russel,Md. Zahid Ahsan Russel,≤100
286894751473503,Central Procurement Technical Unit,Central Procurement Technical Unit,≤100
260485101489192,Go Bangladesh,All Marketing Center,≤100
110794058401010,Mohammad Jahangir Kabir,Mohammad Jahangir Kabir,≤100
111768425244624,Voice of the Displaced People,Reality Media US,≤100
103157219806,U.S. Embassy Dhaka,U.S. Embassy Dhaka,≤100
108617938808376,ষড়যন্ত্রের আড়ালে,Flrida Marketing,≤100
336386199810482,Md Abu Zahir MP,Md Abu Zahir MP,≤100
105035929098779,Politic Society,Politic Society,≤100
103564102653807,জাগ্রত জনতা,Centrals Marketing,≤100
376099195859305,BEXIMCO Group,BEXIMCO Group,≤100
271488460472541,Bponi,Bponi Global Limited,≤100
101904779388952,ভালোর পথে-Bhalor Pothe,ভালোর পথে-Bhalor Pothe,≤100
110831108510024,Smart Bangladesh,Smart Bangladesh,≤100
186948511918618,Positive Bangladesh,My Atlier Group US,≤100
154980965129452,Dhaka Television,Dhaka Television,≤100
155185439618881,বিদ্যাবাড়ি অনলাইন বুকশপ,Md Rozoan,≤100
103242132373483,Sheikh Hasina : Our Pride,Sheikh Hasina : Our Pride,≤100
100378182327522,SM Vocal Gallery,These ads ran without a disclaimer,≤100
114145004520203,Islamic Shop BD,These ads ran without a disclaimer,≤100
106284182272238,আহবান - Ahoban,আহবান - Ahoban,≤100
102521466020383,আমি বাংলার,আমি বাংলার,≤100
102154792727399,Barishalprotidin.com,Barishalprotidin.com,≤100
433659713676324,Daily Bangladesh,Daily Bangladesh,≤100
113142841677963,রুপসী বাংলা,High Reach Market,≤100
100662781542829,Shaikh Rabiul Alam - শেখ রবিউল আলম,Shaikh Rabiul Alam,≤100
1930781123914291,আবিজা,All Marketing Center,≤100
2120667158192427,আলহাজ্ব মোহাম্মদ ইমরান,আলহাজ্ব মোহাম্মদ ইমরান,≤100
347135082762359,Salman F Rahman,Salman F Rahman,≤100
720416484761822,Canadian University of Bangladesh,Canadian University of Bangladesh,≤100
100630886361292,খুলনার খবর,Royalties Ads,≤100
700607727470079,বইয়ের আড্ডা /Boiyer Adda,These ads ran without a disclaimer,≤100
1910583609067515,প্রগতির মানিকগঞ্জ-Progotir Manikganj,My Solution Blog,≤100
101040939369645,Maruf Rahman Masud - মারুফ রহমান মাসুদ,Maruf Rahman Masud - মারুফ রহমান মাসুদ,≤100
194499271272155,আমাদের রাজশাহী,Royalties Ads,≤100
253047365570333,gazipurkotha.com,gazipurkotha.com,≤100
287553968526434,Dikdorpon - দিকদর্পন,Dikdorpon - দিকদর্পন,≤100
184405109132256,দুর্বার টাংগাইল - Unstoppable Tangail,দুর্বার টাংগাইল - Unstoppable Tangail,≤100
116727611307181,রুখে দাও ষড়যন্ত্র,Royalties Ads,≤100
195369264691245,দৈনিক খাগড়াছড়ি   Dainik Khagrachari,Creati Campaign,≤100
658677457494816,Mohammad Abdus Salam,Mohammad Abdus Salam,≤100
759927010802304,বীরমুক্তিযোদ্ধা আলহাজ্ব এড. মোঃ সুলতান আহমেদ মৃধা,My Atlier Group US,≤100
2010148635707437,Cox's Bazar Barta - কক্সবাজার বার্তা,Bright Agency UK,≤100
269704510100247,বাংলার বাঘ,Centrals Marketing,≤100
195123041072338,নাশকতা - Nashokota,All Marketing Center,≤100
385200605556790,OLD Collection,Md Rozoan,≤100
117271574600947,বিএনপি পাড়া,বিএনপি পাড়া,≤100
2048704288508984,বর্ণিল নবাবগঞ্জ-Bornil Nobabgonj,Auto App Inc,≤100
110233305051874,Our BNP,Our BNP,≤100
107095365535113,Sadek Mahmud,These ads ran without a disclaimer,≤100
720542491349738,Golam Rabbani MP,Golam Rabbani MP,≤100
105009155821106,Rhythm Studio - রিদম স্টুডিও,Rhythm Studio,≤100
103869114960968,Insta Solution,Insta Solution,≤100
282615038816349,A.M. Naimur Rahman Durjoy MP,A.M. Naimur Rahman Durjoy MP,≤100
102914145806568,শাপ মোচন,শাপ মোচন,≤100
378866836224660,কেরানীগঞ্জের আলো-Keraniganjer Alo,Marketing Solution,≤100
116409404692629,Faisal Shovon,These ads ran without a disclaimer,≤100
105900108952087,বিসমিল্লাহ রেকর্ডিং ষ্টুডিও,বিসমিল্লাহ রেকর্ডিং ষ্টুডিও,≤100
101715608106975,ভাওয়ালের কণ্ঠ,ভাওয়ালের কণ্ঠ,≤100
102755799245494,Bangla Insider News,Mahabubur Rahaman,≤100
1753112384907305,Abu Sayed Khan,Mohammad Abu Sayed Khan,≤100
258911791465071,সত্যাপন জামালপুর - Affirmation Jamalpur,সত্যাপন জামালপুর - Affirmation Jamalpur,≤100
692126324506258,Padma silker rajshahi  পদ্মা সিল্কের রাজশাহী,Padma silker rajshahi  পদ্মা সিল্কের রাজশাহী,≤100
212925649313449,সুরমাপারের গান,High Reach Market,≤100
118836341508913,নেত্রী মোদের শেখ হাসিনা,Think Digital Way,≤100
103146419330272,asiantv.com.bd,asiantv.com.bd,≤100
537617023847365,Digital voter slip,Mohammad Enamul Haque,≤100
109623025461330,Vote For Azmat,Md. Atiqul Islam,≤100
188416711889702,Prisons Under Austerity,These ads ran without a disclaimer,≤100