﻿Page ID,Page name,Disclaimer,Amount spent (EUR)
46590675335,Save the Children Italia,Save the Children Italia,≤100
40433567307,UNICEF Italia,UNICEF Italia,≤100
117045374710806,Stefania Passarelli,Stefania Passarelli,≤100
55616421923,Massimiliano Scarabeo,Massimiliano Scarabeo,≤100
249838955068000,Micaela Fanelli,Micaela Fanelli,≤100
183047736356,EMERGENCY,EMERGENCY,≤100
122074554119,EU Social,EU Social,≤100
132512863839317,TVi Molise,TVi Molise,≤100
73493613024,ActionAid Italia,ActionAid Italia,≤100
53347533412,LAV,LAV Onlus,≤100
39993728498,Amnesty International - Italia,Amnesty International Italia,≤100
101809911384599,Flowe,Flowe,≤100
178362315106,European Parliament,European Parliament,≤100
107558008343092,Cosmo Tedeschi,Cosmo Tedeschi,≤100
106512109042716,Andrea Montesanto,Andrea Montesanto,≤100
70212282110,Altroconsumo,Altroconsumo,≤100
68826971281,Edison,Edison Spa,≤100
1675937735981041,Zurich,Zurich,≤100
299584710061488,WeWorld Onlus,WeWorld Onlus,≤100
65737832194,Medici Senza Frontiere,Medici Senza Frontiere,≤100
48677844864,Amref Health Africa - Italia,Amref Health Africa - Italia,≤100
309618843020,Fondazione Ronald McDonald,Fondazione per l'Infanzia Ronald McDonald Italia,≤100
103903979291473,Viminale - Ministero dell'Interno,Viminale - Ministero dell'Interno,≤100
88997912868,WWF Italia,WWF Italia,≤100
693492780985618,HSI/Italia,HSI/Italia,≤100
622450334886617,Fondazione Policlinico Universitario Agostino Gemelli IRCCS,Fondazione Policlinico Universitario Agostino Gemelli IRCCS,≤100
284515247529,Corriere della Sera,Corriere della Sera,≤100
295129913955200,Aboca,Aboca,≤100
141019746076225,Sorgenia,Sorgenia,≤100
598765886892277,Forever Bambù Società Benefit,Forever Bambù,≤100
542186902560698,Unione Buddhista Italiana,Unione Buddhista Italiana,≤100
312933172093226,Associazione Luca Coscioni,Associazione Luca Coscioni,≤100
1843691212524792,ASviS - Alleanza Italiana per lo Sviluppo Sostenibile,ASviS - Alleanza Italiana per lo Sviluppo Sostenibile,≤100
101158695138594,SOS Climate Change,UNHCR,≤100
309840349048638,e.on,E.ON Energia,≤100
116674114654565,Chiudi col gas,Chiudi col gas,≤100
104398884619766,Ministero dell'Economia e delle Finanze,Ministero dell'Economia e delle Finanze,≤100
870268356345640,Helpcode - Il diritto di essere bambini,Helpcode - Il diritto di essere bambini,≤100
190837724659552,Consulcesi,Consulcesi,≤100
196610140321,FAI - Fondo per l'Ambiente Italiano,FAI - Fondo per l'Ambiente Italiano,≤100
634243093317092,Amoro srl,Amoro Srl,≤100
1093222784082778,World Vision Italia,World Vision Italia Onlus,≤100
104398884619766,Ministero dell'Economia e delle Finanze,These ads ran without a disclaimer,≤100
100896914607046,dejan_cetnikovic,Karaoke Reporter,≤100
431324813546160,Otto per Mille Valdese,Otto per Mille Valdese,≤100
45408828511,OIPA Italia,OIPA,≤100
441812505843728,Corepla,Corepla,≤100
201484606557114,Fotovoltaico per Te,Fotovoltaico per Te,≤100
289752771388757,Culligan Italiana,Culligan Italiana,≤100
169013663273776,Alleanza Assicurazioni,Alleanza Assicurazioni,≤100
313559438694166,VIDAS - Assistenza ai Malati inguaribili,VIDAS - Assistenza ai Malati inguaribili,≤100
253657775240887,Pulsee,Axpo Italia,≤100
1410474395723679,Petizioni.it,Petizioni.it,≤100
887405791294493,Scuola Greco Pittella,Scuola Greco Pittella S.r.l.,≤100
109491080460389,Bambine Non Spose,WeWorld Onlus,≤100
210270519580762,Francesco Italia Sindaco,Francesco Italia Sindaco,≤100
421539548423434,SOS Rifugiati,UNHCR Italia - Agenzia ONU per i Rifugiati,≤100
123782404856741,Giuffrè Francis Lefebvre,Giuffrè Francis Lefebvre,≤100
31893742684,Banca Sella,BANCA SELLA SPA,≤100
587213524737852,WebSalute - Vvox,WebSalute,≤100
171795872872353,ISPI - Istituto per gli studi di politica internazionale,ISPI - Istituto per gli studi di politica internazionale,≤100
519490478135836,Wolters Kluwer Italia,Wolters Kluwer Italia,≤100
865166100210938,Bosch Italia,Bosch Italia,≤100
1014207595271736,Azione contro la Fame Italia,Azione contro la Fame Italia,≤100
123495291012482,Salone Internazionale del Libro,Salone del Libro,≤100
106199837902239,Innesti,Caviro sca,≤100
851927164832967,Colussi GranTurchese,Colussi,≤100
48677844864,Amref Health Africa - Italia,Amref Health Africa,≤100
113071918732530,Animal Equality Italia,Animal Equality Italia,≤100
181620625266947,Antonio Padellaro,SEIF Società Editoriale Il Fatto Spa,≤100
105517781627039,RM scuola - Università,RM Scuola Campus,≤100
92505448987,CGIL Confederazione Generale Italiana del Lavoro,CGIL Confederazione Generale Italiana del Lavoro,≤100
2259577060934800,Huawei Italia,Huawei Italia,≤100
179082995487557,SOS Villaggi dei Bambini - Italia,SOS Villaggi dei Bambini - Italia,≤100
91261353336,Terre des Hommes Italia,Terre des Hommes Italia,≤100
314813895237426,Fondazione Bracco,Fondazione Bracco,≤100
96235894379,Teknoring,Wolters Kluwer Italia S.r.l.,≤100
100128926330298,Cirfood District,CIRFOOD sc,≤100
153574674705426,AVSI,AVSI,≤100
110372232331805,Mission Bambini,Mission Bambini,≤100
267617064117828,Plastic Free,Plastic Free Odv Onlus,≤100
150200761667597,Oxfam Italia,Oxfam Italia,≤100
80761643174,Fondazione Umberto Veronesi,Fondazione Umberto Veronesi,≤100
102000366519353,EIPASS,Certipass srl,≤100
1486718904933717,Fondazione Compagnia di San Paolo,Compagnia di San Paolo,≤100
124450774313284,Etica Sgr,Etica Sgr,≤100
107944488881412,Ministero del Lavoro e delle Politiche Sociali,Ministero del Lavoro e delle Politiche Sociali,≤100
162764457111560,Dynamo Camp,Fondazione Dynamo Camp Onlus,≤100
1814545205425619,BEEing,Beeing,≤100
102075069519023,MetaCometa,MetaCometa APS,≤100
410043459011308,Fondazione IEO Monzino,Fondazione IEO-MONZINO,≤100
136888059662453,Mani Tese Ong Onlus,Mani Tese Ong Onlus,≤100
1538926219695299,Genova che osa,Genova che osa,≤100
222461425147,Nuovi Orizzonti,Nuovi Orizzonti,≤100
100964541456650,Will Media,Will Media,≤100
526901760669684,Partito Animalista Europeo,Partito Animalista Europeo,≤100
105000058993069,Andrea Crisanti,Andrea Crisanti,≤100
126578555602,Skuola.net,Skuola.net,≤100
112221911380832,InvEu,Agrifondi srl,≤100
104727538126958,The Watcher Post,The Watcher Post,≤100
478247465671732,TotalEnergies,TotalEnergies,≤100
1673669186277733,Freeda,AG Digital Media,≤100
1176999669002221,Performer,Performer Srl,≤100
107356064962347,Hai Prenotato Vero?,casiraghi greco srl,≤100
218932788177609,Soleterre Onlus,Soleterre Onlus,≤100
120380341313167,Sinistra Italiana,Sinistra Italiana,≤100
557773551234843,Schroders Italy,Schroder Investment Management (Europe) S.A. - Succursale Italiana,≤100
1439514556290274,Nicola Caputo,Nicola Caputo,≤100
1506899926282450,Fondazione UNA,Fondazione UNA Onlus,≤100
104048831252,Carlo Fidanza,Carlo Fidanza,≤100
118241586064,Fondazione Patrizio Paoletti,Fondazione Patrizio Paoletti,≤100
100735859683862,Referendum Ripudia la Guerra,Associazione Comitato Referendum Ripudia la Guerra,≤100
101866495232330,Cristian Trio,Cristian Trio,≤100
232017336910584,Rivista Il Borghese,Casa Editrice Pagine,≤100
158631584189136,Fondazione UniVerde,Fondazione Univerde,≤100
160406350666170,Eurodeputati PD,EurodeputatiPD,≤100
197449616933013,Le edizioni del Mulino,Le edizioni del Mulino,≤100
150738452145624,BASF Italia,Basf Italia S.p.a.,≤100
180275292801010,Fratelli d'Italia Camera,"Gruppo Parlamentare della Camera dei Deputati ""Fratelli D'Italia""",≤100
875419312564350,GranoSalus. Produttori in difesa del  Consumatore,Saverio De Bonis,≤100
104800568170989,Chora Media,Chora Media,≤100
1448101522079687,Onlymoso,Onlymoso,≤100
106244379404657,Learning Cities,Learning Cities Impresa Sociale ETS,≤100
320759861854034,Giuseppe Pignatiello Sindaco di Castano Primo,Giuseppe Pignatiello Sindaco di Castano Primo,≤100
153967571694403,Led Italia,LED Italia S.r.l,≤100
105516089470922,CBM Italia Onlus,CBM Italia Onlus,≤100
583229838437691,Conflavoro PMI,Conflavoro PMI,≤100
107492342616216,Legambiente Onlus,Legambiente Onlus,≤100
35346524498,Greenpeace Italia,Greenpeace Italia,≤100
111215267090745,Re Soil Foundation,ReSoilFoundation,≤100
104525187934033,Specchio d'Italia,Specchio d'Italia,≤100
647837585241405,I Wonder Pictures,I Wonder Pictures,≤100
103087182795870,KP Group,These ads ran without a disclaimer,≤100
618013698348617,Animal Law Italia,Animal Law Italia,≤100
2076186002612788,Forum Disuguaglianze Diversità,Forum Disuguaglianze Diversità,≤100
117266648305733,LifeGate,LifeGate,≤100
101216323253423,Italcementi,Italcementi S.p.A.,≤100
142331079621154,RESET,RESET S.r.l.,≤100
1429383923849615,Fondo FASDA,Fondo FASDA,≤100
1585369755090498,Mediobanca,Mediobanca,≤100
106609584287802,Facta,Facta,≤100
103221808122706,inspiringirls_italia,inspiringirls_italia,≤100
142589879147197,Europa Verde - Verdi,Europa Verde,≤100
1000392486681830,Italia Viva,Italia Viva,≤100
476098022442147,The Good Lobby Italia,The Good Lobby Italia,≤100
331092066942114,Fondazione Italia Uganda,Fondazione Italia Uganda Onlus,≤100
182120865170178,Gianluigi Paragone,Gianluigi Paragone,≤100
329374603934329,NET ITALY ETS Associazione italiana Pazienti Tumore Neuroendocrino,NET ITALY ETS,≤100
169273149780864,My-personaltrainer.it,my-personaltrainer.it,≤100
377901329389619,Ener2Crowd,Ener2Crowd,≤100
576664002355828,CIWF Italia,CIWF Italia Onlus,≤100
73842934441,CIAI,CIAI,≤100
101360778321507,Co Ma Ri Srl,CMS S.p.A.,≤100
441790842571175,Filctem-Cgil Nazionale,Filctem-Cgil Nazionale,≤100
667483386685540,Silvia Sardone,Silvia Sardone,≤100
112450034440882,La plastica è cambiata,Alpla,≤100
102808527862361,Uniti per la Siria,WeWorld Onlus,≤100
793211171059364,Francescani per la Vita,Francescani per la Vita,≤100
59374667427,Alice for Children,Alice for Children,≤100
673109029772554,Marco Campomenosi,Marco Campomenosi,≤100
272801896733406,USR PLUS Italia,Partidul Uniunea Salvati Romania,≤100
230738230802831,Federazione Nazionale dei Cavalieri del Lavoro,Federazione Nazionale dei Cavalieri del Lavoro,≤100
375882802451994,Capitalfin,Capitalfin,≤100
134931073377586,European Conservatives and Reformists Party,ECR Party,≤100
100160149099313,Justice Initiative,Purpose Europe Limited,≤100
180329672596502,Fratelli d'Italia Senato,Fratelli d'Italia Senato,≤100
104476412377983,De Luca per Ragusa - Cassì Sindaco,Saverio Buscemi,≤100
247705175335084,ReCommon,Re:Common,≤100
157463237749900,Olmedo Mobility Division,Olmedo Special Vehicles S.p.A,≤100
584708468315842,Artemisia Fondazione,Artemisia Fondazione,≤100
103546574756191,Fondo Pensione Priamo,Fondo Priamo,≤100
112777008752391,Valori.it,Valori.it,≤100
347006748786906,AIEF,AIEF Associazione Italiana Educatori Finanziari,≤100
112231411542422,Davide Vasta • Deputato all’Assemblea Regionale Siciliana,Davide Vasta,≤100
77616581723,Smile House Fondazione ETS,Smile House Fondazione ETS,≤100
427045550656152,Fondazione TOG,Fondazione TOG,≤100
268911749952654,Alfonso Luigi Marra,Alfonso Luigi Marra,≤100
169042736456594,All Out,All Out,≤100
279254145570834,Monini,Monini s.p.a.,≤100
423472904417850,Gianantonio Da Re,Gianantonio Da Re,≤100
653488368406074,Mario Furore,Mario Furore,≤100
101732063293364,Istituto Toniolo,Istituto Toniolo,≤100
451419891563905,Pro Vita & Famiglia Onlus,Pro Vita & Famiglia Onlus,≤100
1710827805727348,Fondazione Libellula,Fondazione Libellula,≤100
103478991969884,Organon Italia,Organon Italia,≤100
115218755162436,ABC Associazione Bambini Chirurgici del Burlo,A.B.C. Associazione per i Bambini Chirurgici del Burlo onlus,≤100
1603966533257308,Maria Cristina Pisani,Maria Cristina Pisani,≤100
268976423121377,Essere Animali,Essere Animali,≤100
192209717630141,First Cisl nazionale,First Cisl,≤100
1835853853222010,ULTRASOUNDtech,ULTRASOUNDtech,≤100
105796680963553,Gruppo Editoriale La Scuola SEI,Editrice La Scuola,≤100
182760498490334,infoConcorsi,EdiSES Edizioni Srl,≤100
155970757773137,ISDE - Associazione Medici per l'Ambiente,ISDE Italia - Associazione Medici per l'Ambiente,≤100
127839944083908,Robby Giusti,Robby Giusti,≤100
88560025038,Federconsumatori,Federconsumatori,≤100
203065183038056,Edizioni Centro Studi Erickson,Edizioni Centro Studi Erickson,≤100
258755651183,Alfonso Pecoraro Scanio,Alfonso Pecoraro Scanio,≤100
100644409468543,Fondazione Operation Smile Italia ETS,Fondazione Operation Smile Italia ETS,≤100
129078800535,Rinnovabili.it,Rinnovabili.it,≤100
437240109669063,Autonomi e Partite Iva - Eugenio Filograna,Autonomi e Partite Iva - Eugenio Filograna,≤100
535609693464890,OFFSide Fest Italia,Offside Italia,≤100
101538465927126,Emotional&More,Emotional Studio & More SRLS,≤100
2270196856358992,PHYD,PHYD,≤100
105703889174360,Ferdinando Messina Sindaco,Marta Messina,≤100
45193527235,CPP Centro Psicopedagogico per la Pace e la gestione dei conflitti,CPP - Centro Psicopedagogico per l'educazione e la gestione dei conflitti,≤100
412537312142759,Marevivo Onlus,Marevivo Onlus,≤100
109501905005319,Massimo Vita,Massimo Vita,≤100
556039361581037,Withub,Withub,≤100
1978323772189377,Ambiente Mare Italia,Ambiente Mare Italia,≤100
229483187248340,Automazione Industriale Ferrazza,Ferrazza S.r.l.,≤100
195895477096555,Cefa - Il seme della solidarietà,Cefa- Il seme della solidarietà- Onlus,≤100
311252102703548,Progettiamo Santa Ninfa - Carlo Ferreri Sindaco,Progettiamo Santa Ninfa - Carlo Ferreri Sindaco,≤100
370124820863,Sightsavers Italia Onlus,Sightsavers International Italia Onlus,≤100
201344863274720,USB Pubblico Impiego,USB Pubblico Impiego,≤100
1494770570823635,Pippi Mellone Sindaco,"Pippi Mellone, Sindaco del Comune di Nardò",≤100
457987864331790,GIME Gruppo Italiano Mesotelioma ONLUS,GIMe,≤100
19050847431,Terra,Terra_aps,≤100
56755731998,Codacons,Codacons,≤100
101047321724796,Semplicità,Semplicità,≤100
1393266557641903,Africa Rivista,Africa Rivista,≤100
104980721725834,Associazione DONNEXSTRADA,Associazione DONNEXSTRADA,≤100
2613707698646326,Pop Edizioni,POP EDIZIONI SRL SRL,≤100
79128475979,FUNIMA International Onlus,FUNIMA International Onlus,≤100
155869317820754,Il Commercialista - la tribù dei Commercialisti,Il Commercialista - la tribù dei Commercialisti,≤100
464256556936524,Iacopo Melio,Iacopo Melio,≤100
111810305178033,Dario Costantini,CNA Nazionale,≤100
54943073948,Il Giornale del Cibo,Il Giornale del Cibo,≤100
310674329409996,Fondazione Marcegaglia Onlus,Fondazione Marcegaglia Onlus,≤100
67527694280,Arché,Arché,≤100
395165287247949,A Sud,A Sud Onlus,≤100
109094031594910,Luigi Pinto,Luigi Pinto,≤100
404600599728488,Pefc Italia,PEFC Italia,≤100
105137288606752,Vincenza Palmieri Ambasciatrice per i Diritti Umani,Vincenza Palmieri Ambasciatrice per i Diritti Umani,≤100
160132570689280,Arcigay,Arcigay,≤100
910094602531391,Dott.ssa Chiara Granato - Biologa della Riproduzione,Dott.ssa Chiara Granato - Biologa della Riproduzione,≤100
53333471319,Fondazione L'Albero della Vita - onlus,Fondazione L'Albero della Vita - onlus,≤100
1280128282137797,Enzo Amich,Enzo Amich,≤100
220203151473509,Progetto Noemi,Progetto Noemi,≤100
315367685226096,Marche Tourism,Fondazione Marche Cultura,≤100
260528934107037,Luci sull'Est,Luci sull'Est,≤100
366568029646,COOPI,COOPI,≤100
156980270981618,Fondazione Mondo Digitale,Fondazione Mondo Digitale,≤100
114508601509170,Francofonte Futura,Francofonte Futura,≤100
132707500076838,Il Fatto Quotidiano,SEIF S.p.A. – Società Editoriale Il Fatto Spa,≤100
117785844904053,Antoniano onlus,Antoniano onlus,≤100
103843386353847,Studio Pagano & Partners,Studio Pagano & Partners,≤100
621188454669130,I Diavoli,I Diavoli,≤100
119200734774774,Radicali,Radicali,≤100
392924770773761,Giulio Terzi,Reputation Management S.r.l,≤100
107792215572487,Video Corso 231,Vibracci Ctrl,≤100
378568295634789,Il Sole 24 ORE - Fisco,Il Sole 24 ORE - Fisco,≤100
849707928458480,Circolo delle Imprese,Circolo delle Imprese,≤100
160725107411590,CONOU Consorzio Nazionale Gestione Raccolta Trattamento Oli Minerali Usati,eprcomunicazione,≤100
2794426070573094,Up2You,Up2You,≤100
179976002026783,Tusciaweb,Tusciaweb,≤100
111726648535640,SI / Tommaso Micalizzi Sindaco,SI / Tommaso Micalizzi Sindaco,≤100
103002934764127,PON Legalità 2014-2020,PON Legalità 2014-2020,≤100
101848261272946,Change Making Tours,Change Making Tours,≤100
114098454955749,Francesco Solinas Sindaco,Francesco Solinas Sindaco,≤100
121793864832061,Daniele Novara,Centro Psicopedagogico per l'educazione e la gestione dei conflitti,≤100
1092120237480298,AIGAE Associazione Italiana Guide Ambientali Escursionistiche,AIGAE Associazione Italiana Guide Ambientali Escursionistiche,≤100
177425929118747,Silvio Paolucci,Silvio Paolucci,≤100
35855858513,Missioni Don Bosco ONLUS,Missioni Don Bosco ONLUS,≤100
57751256819,Confprofessioni,Confprofessioni,≤100
117501451247077,Pears with love,SG Project Srl,≤100
263368177127232,Le Nius,Le Nius,≤100
100691529407,SULLA STRADA ONLUS,SULLA STRADA ONLUS,≤100
181864685188048,Maurizio Marrone,Maurizio Marrone,≤100
106050451474604,Andrea Girardi - Sindaco di Minerbe,Andrea Girardi,≤100
289932296433,Medici con l'Africa Cuamm,Fondazione Opera San Francesco Saverio,≤100
100120048894524,Io vivo a Gubbio,Colacem S.p.A.,≤100
114344005243032,Chiara Colosimo,Chiara Colosimo,≤100
2797201316986482,Annalisa Tardino,Annalisa Tardino,≤100
104578154630928,BIC Incubatori FVG,BIC INCUBATORI S.R.L.,≤100
985957214895517,Insieme per Giovanni Cultrera Sindaco,Insieme per Giovanni Cultrera Sindaco,≤100
103211424754369,Domani,Domani,≤100
147451502073583,In Migrazione,In Migrazione,≤100
469857859741998,Giancarlo Garozzo,Giancarlo Garozzo,≤100
487468964606054,Pagella Politica,Pagella Politica,≤100
602678809928628,Guido Quintino Liris,Guido Quintino Liris,≤100
172914676069816,Centro Studi Americani,Centro Studi Americani,≤100
104182395946288,Rete Albatros,Albatros Srls,≤100
116181541819083,Nicola Fratoianni,Nicola Fratoianni,≤100
993120200721882,Casa Don Puglisi - La Bottega,Associazione di Volontariato Don Giuseppe Puglisi Onlus,≤100
269909651698,Istituto Oikos Onlus,Istituto Oikos Onlus,≤100
171869093280946,EICOM Energia,Eicom energia,≤100
1466430563592901,Zero Waste Italy,Zero Waste Italy,≤100
112576383938294,Fondo Sanedil,Fondo Sanedil,≤100
486228231540331,Partito Animalista Italiano,Partito Animalista Italiano,≤100
1942760395965996,Passaggio al Bosco Edizioni,Passaggio al Bosco Edizioni,≤100
108100707418309,Strumenti Politici,Marco Fontana,≤100
222403031687114,ArciAtea,ArciAtea APS,≤100
166027216814695,Firriato,Firriato Winery,≤100
791707730845440,Win the Bank - Tutto Quello Che Ti Serve Per Ottenere Credito,Win the Bank - Tutto Quello Che Ti Serve Per Ottenere Credito,≤100
436657826466740,Istituto Nazionale di Pedagogia Familiare,Istituto Nazionale di Pedagogia Familiare,≤100
131887960826264,Carlo Calenda,Azione,≤100
103725242332017,Equilibri Magazine,Equilibri Magazine,≤100
177990150967421,La Verità di San Giorgio,La Verità di San Giorgio,≤100
111267199355882,FNM Group,FNM Group,≤100
104695605893962,Identità Priolese,Identità Priolese,≤100
227008457327049,EmmetiStore.it,EMMETI ISOLANTI srl,≤100
113514811233662,PD Città di Modena,Partito Democratico Citta di Modena,≤100
2048664861850577,Il Digitale,IlDigitale.it,≤100
1667648900157525,Osservatorio sulla criminalità organizzata,These ads ran without a disclaimer,≤100
385509022061328,Acqua per Tutti,WeWorld Onlus,≤100
131648267428898,Radio Londra,Radio Londra,≤100
129614623725639,Cesvi Onlus,Cesvi Fondazione Onlus,≤100
650387761676591,Candido,Casa Editrice Pagine,≤100
1511090682500479,Tuttavia Palermo,Tuttavia Palermo,≤100
105861115373299,Festival Internazionale dell'Economia,Gius. Laterza & Figli,≤100
10150113987575383,Festival Biblico,Festival Biblico,≤100
2012236382431045,Onorio Di Giovanna - Consigliere Comunale,Onorio Di Giovanna - Consigliere Comunale,≤100
104856921232620,Antonino Salsone,Antonino Salsone,≤100
1420345371514860,Interlife Onlus,Interlife,≤100
103191465604360,Il Lupo Cerviero,Il Lupo Cerviero,≤100
1639788846238202,Centro Astalli Trento,Centro Astalli Trento,≤100
1623129891325124,Italia in Classe A,ENEA,≤100
853902504738306,Centro Benedetta D’Intino,Centro Benedetta d'Intino,≤100
154767423377839,Managaia.eco,Managaia.eco,≤100
106577392014536,"Io, comandante di Wagner - Il libro rivelazione",Pienogiorno,≤100
172718099490199,DOKITA,Dokita onlus,≤100
101341869245338,Cataldo Baratta - Il Politicante,Cataldo Baratta - Il Politicante,≤100
458027194373390,Possibile,Possibile,≤100
100558004769759,Il Pane di Sant'Antonio,Opera Pia il Pane di S.Antonio,≤100
104469701182396,Il mio amico commercialista,These ads ran without a disclaimer,≤100
205798119968781,Cikis,Cikis,≤100
103173735192932,Hera Casa e Business,Hera Comm S.p.a.,≤100
635867170171423,Pagina Antonino Zinnanti,Pagina Antonino Zinnanti,≤100
1722749514665301,Marco Guzzi,Darsi Pace,≤100
103124791775267,Il Periscopio del Diritto,Il Periscopio del Diritto,≤100
1382868132042683,Massimiliano Romeo,Massimiliano Romeo,≤100
409041819652478,Factanza,Factanza,≤100
204034721659,Il Libraio,Il Libraio,≤100
144709575593854,EESC - European Economic and Social Committee,EESC - European Economic and Social Committee,≤100
343132907074660,Villy de Luca,Villy de Luca,≤100
590301457742958,Zeta,Zeta,≤100
426129544165420,Alessandro Cattaneo,Alessandro Cattaneo,≤100
1627633387486649,SOS MEDITERRANEE Italia,SOS MEDITERRANEE Italia,≤100
186799161499691,Libraccio,D.M.B. S.r.l.,≤100
105855274948938,NoPlasticSeas,NoPlasticSeas,≤100
753800634652691,Paola Chiesa,Paola Chiesa,≤100
1817269115180421,Gustabacco Enoteca,Gustabacco,≤100
320002541432025,Tradimalt Spa,Tradimalt Spa,≤100
211381498881309,ErosAntEros - POLIS Teatro Festival,ErosAntEros - POLIS Teatro Festival,≤100
111993090605648,Carlo Pesaresi - Ancona Diamoci del Noi,Carlo Pesaresi,≤100
1766466673641354,Antonino La Spina,Antonino La Spina,≤100
1676582112422226,Walter Zalukar,Walter Zalukar - Gruppo Misto Consiglio Regionale FVG,≤100
1196364137092970,Scomodo,Scomodo,≤100
102828745181799,Insuperabile,Insuperabile,≤100
181446015358247,ACRA,ACRA,≤100
174399239283748,HW STYLE S.R.L.,Hw style S.r.l.,≤100
1908065165883983,Alessandro Sittinieri,Alessandro Sittinieri,≤100
264869596888019,Roberto Di Stefano,Roberto Di Stefano,≤100
31800331297,Gariwo - Foresta dei Giusti,Gariwo - Foresta dei Giusti,≤100
106788055084178,Per il futuro dei bambini,Cesvi,≤100
782011665194418,Dott. Christian Franchini Consulente Finanziario,Christian Franchini,≤100
106318735428971,Intersos Lab - Centro di Formazione,INTERSOS Lab,≤100
1862307547429963,Nonna Roma,Nonna Roma,≤100
198307320795172,Are you R,Are you R,≤100
100514958863956,Beyond Project - Gender Equality in Early Years,Beyond Project - Gender Equality in Early Years,≤100
110540275300856,IL-Dramma Di Cabinda,These ads ran without a disclaimer,≤100
525015217841196,Potere al Popolo,Potere al Popolo,≤100
103622722494694,Ecco think tank,ECCO think tank,≤100
137210956310640,Melting Pot Europa,Melting Pot Europa,≤100
206936886139,Coldwell Banker Italy,Coldwell Banker Italy,≤100
134666913247297,Sicurezza e Lavoro,Sicurezza e Lavoro,≤100
523268051186707,Varese Pride,Arcigay Varese,≤100
108922875478296,Giacomo Munzone,These ads ran without a disclaimer,≤100
1894388397254597,Consolato generale di Svizzera a Milano,Consolato generale Svizzera,≤100
103605957978351,FenealUil Nazionale,FENEALUIL,≤100
1637778729816876,Nagorà Laboratorio di Idee,Nagorà Laboratorio di idee,≤100
1420012461585538,Assidai - Fondo di Assistenza Sanitaria per il tuo benessere,Assidai,≤100
108770011256563,XtraCult,XtraCult,≤100
588618511234072,Style Magazine Italia,Style Magazine Italia - RCS,≤100
360415704883966,Prevenzione e Sanità Pubblica,Improve Communications,≤100
1635274383416590,Aurelio in Comune,Aurelio in Comune,≤100
104570204462760,L'Informatore,Informatore,≤100
104730438003911,Cambiamenti Climatici - News e approfondimenti,Cambiamenti Climatici - News e approfondimenti,≤100
1561559094125855,Gianluca Daniele,Gianluca Daniele,≤100
617528441978708,Baracca 2 - la vendemmia,Baracca 2 - la vendemmia,≤100
146578078706329,Oscar Aiello - Lega,Oscar Aiello - Lega,≤100
124810064240963,Land Südtirol,Autonome Provinz Bozen - Südtirol,≤100
132553296808689,Massimo Coppola,Massimo Coppola,≤100
172576080121698,Lorenzo Valentini,Lorenzo Valentini,≤100
343444682747487,Fondazione Asilo Mariuccia,Fondazione Asilo Mariuccia,≤100
1562648707302483,Amedeo Ciaccheri,Amedeo Ciaccheri,≤100
1442338732544302,Fabrizio Pagani Sindaco - Nova Milanese,Fabrizio Pagani Sindaco - Nova Milanese,≤100
257223487652443,ETIFOR,Etifor,≤100
290721534331298,Anna Ascani,Anna Ascani,≤100
107044221799907,Vittime previste,These ads ran without a disclaimer,≤100
537369456719694,Jane Lepori,Jane Lepori,≤100
107736128697080,EOS - Edison Orizzonte Sociale,EOS - Edison Orizzonte Sociale,≤100
326480964397759,Antonio Lombardi,FEDERCEPICOSTRUZIONI,≤100
880922645401876,RWE,These ads ran without a disclaimer,≤100
110354967359505,Materasso Bedshire,Ce.Pro.L di Gatti Luca,≤100
104713337907237,Tempio Universale,Tempio Universale,≤100
913264142097841,Nicolò Govoni,These ads ran without a disclaimer,≤100
108148958352704,Travelers Spot,These ads ran without a disclaimer,≤100