﻿Page ID,Page name,Disclaimer,Amount spent (EUR),Number of ads in Library
78648671844,Julkisten ja hyvinvointialojen liitto JHL,Julkisten ja hyvinvointialojen liitto JHL,1540,9
108945982480217,Sosialidemokraatit SDP,Sosialidemokraatit SDP,998,16
249421507648,Uudenmaan Kokoomus,Uudenmaan Kokoomus,873,58
55312855747,Keskusta,Suomen Keskusta r.p.,677,8
7692825311,Suomen World Vision,Suomen World Vision,659,4
123692197698005,Suomen UN Women,Suomen UN Women,623,9
201285237101,Kokoomus,Kokoomus,581,46
74247674998,SAK - Suomen Ammattiliittojen Keskusjärjestö,SAK - Suomen Ammattiliittojen Keskusjärjestö,463,5
309459326150013,Teollisuusliitto,Teollisuusliitto,418,38
60390955171,Vasemmistoliitto,Vasemmistoliitto,373,5
113398820097,Pelastakaa Lapset,Pelastakaa Lapset,366,38
119054448115588,WWF Suomi,WWF Suomi,267,85
108417008779964,Lasse Lehtonen,Vastuullisen Hyvinvointipolitiikan Edistämisyhdistys ry.,217,9
8252999126,Suomen UNICEF – UNICEF Finland,Suomen UNICEF – UNICEF Finland,206,34
271311152007,Plan International Suomi,Plan International Suomi,201,24
9227859351,Greenpeace Suomi,Greenpeace Suomi,187,99
102308838569653,Tuomas Sorsa PS,Tuomas Sorsa,184,24
100649398595134,Emma-Stina Vehmanen,Emma-Stina Vehmanen,175,3
54313274188,Naisten Pankki,Naisten Pankki,170,96
141305472602496,Sähköliitto,Sähköalojen ammattiliitto,168,43
1938803856245961,Kaisa Garedew PS,Kaisa Garedew,160,24
184885671917970,Alvar Euro,Alvar Euro,159,5
153558701328768,Helsingin Vasemmisto,Helsingin Vasemmistoliitto ry,159,4
100451762088480,Juha Suoniemi PS,Juha Suoniemi,155,2
274800030869,Pohjanmaan Kokoomus,Pohjanmaan Kokoomus,153,16
1631165890489545,Gasum,Gasum Oy,145,6
298060500819,Kainuun Kokoomus,Kainuun Kokoomus ry,144,5
119502622788617,Rakennusteollisuus RT,Rakennusteollisuus RT,141,16
284528921908764,Mirita Saxberg - kansanedustajasi,Mirita Saxberg,139,7
161632602242,Demarinaiset,Demarinaiset,138,4
229433767936563,Lääkärit Ilman Rajoja,Lääkärit Ilman Rajoja,130,7
474077585941967,Kai Lintunen - Osaava edustajasi,Kai Lintunen - Osaava edustajasi,128,25
505419049469417,Mari Holopainen,Mari Holopainen,125,13
106582254757355,Tuukka Saimen,Tuukka Saimèn,123,9
113957098615260,Keski-Suomen Vihreät,Keski-Suomen Vihreät,123,16
162877863740573,Pohjois-Pohjanmaan Keskusta,Pohjois-Pohjanmaan Keskusta,121,13
2121002351547149,Heikki Pursiainen,Heikki Pursiainen,120,4
291699857688,EPP Group in the European Parliament,EPP Group in the European Parliament,120,56
134934386349,Amnesty International - Suomen osasto,Amnesty International Suomen osasto,118,11
144821005614879,SFP i Nyland - RKP Uusimaa,Svenska folkpartiet i Nyland,112,42
250829455020050,Saara Hyrkkö,Saara Hyrkkö,111,13
200739723082,University of Helsinki,University of Helsinki,109,20
860106373999721,Elina Valtonen,Elina Valtonen,107,8
1774837889276325,Keski-Suomen Perussuomalaiset,Perussuomalaisten Keski-Suomen piiri ry,106,2
115790951436273,Viinit ruokakauppaan,Päivittäistavarakauppa ry,105,2
1380845418823068,Hämeen Sosialidemokraatit,Hämeen sosialidemokraatit ry,101,4
463085777048015,Sami Ristiniemi Eduskuntaan,Sami Ristiniemen Tuki Ry,≤100,6
448116415229902,Henrik Wickström,Wickström 2019,≤100,13
191883307265,Svenska folkpartiet i Finland - RKP,Svenska folkpartiet i Finland - RKP,≤100,13
617567508275235,Hämeen Vasemmistoliitto,Hämeen Vasemmistoliitto,≤100,36
170559451901,Yle,Yleisradio Oy,≤100,4
109967214030323,Jami Haavisto,Jami Haavisto,≤100,15
299075588404,Uudenmaan Keskusta,Keskustan Uudenmaan piiri ry,≤100,4
545309265626080,Kela - Fpa,Kela - Fpa,≤100,2
276582945717,Varsinais-Suomen Kokoomus,Varsinais-Suomen Kokoomus,≤100,13
1590714481237792,Amanda Pasanen,Amanda Pasanen,≤100,14
181106108341,Perussuomalaiset,Perussuomalaiset,≤100,1
696021337144506,Mai Kivelä,Mai Elviira Kivelä,≤100,1
114898939959797,Paavo Koho,Paavo Koho,≤100,3
102836968654308,Sosiaalivakuutus,Kela,≤100,4
109502471927588,Luontolista,Luontolista,≤100,2
1439885896252667,Sanni Grahn-Laasonen,Sanni Grahn-Laasonen,≤100,1
719048994927648,Susa Vikeväkorva,Susa Vikeväkorva,≤100,4
714507148637800,Daniel Sazonov,Daniel Sazonov,≤100,4
1418717018381086,Tere Sammallahti - Kokoomus - Uusimaa,Tere Sammallahti - Kokoomus - Uusimaa,≤100,4
169404349771683,SFP i Egentliga Finland / RKP Varsinais-Suomi,SFP i Egentliga Finland,≤100,30
388413937898474,Jere Nuutinen,Jere Nuutinen,≤100,5
111579466855161,Kaakkois-Suomen tieteen ja teknologian vihreät,Kaakkois-Suomen tieteen ja teknologian vihreät,≤100,1
433087293448371,Tiedekulma,Tiedekulma,≤100,10
231250833663601,SDP Helsinki,Helsingin Sosialidemokraatit ry,≤100,4
161736797196175,Oulun Keskusta,Keskustan Oulun kunnallisjärjestö ry,≤100,4
111880944324209,Juha-Pekka Forsman Kansanedustajaehdokas 2023 Hämeen vaalipiiri,Juha-Pekka Forsman,≤100,3
105546059081795,Susanne Päivärinta,Susanne Päivärinta,≤100,3
329520117139440,Jaakko Mustakallio,Jaakko Mustakallio,≤100,7
129286757147002,Tehy ry,Tehy ry,≤100,7
1357638954294467,Fatim Diarra,Fatim Diarra,≤100,8
790765324307350,Anders Adlercreutz,Anders Adlercreutz,≤100,9
108298305243648,Teemu Kinnari poliitikko,Teemu Kullervo Kinnari,≤100,6
346798762086272,Pirkanmaan Vihreät,Pirkanmaan vihreät,≤100,1
139646119495925,Matti Niiranen,Matti Niiranen,≤100,1
110232881121159,Frans Villanen,Frans Alexander Villanen,≤100,2
103795081609611,Ira Hietanen-Tanskanen,Ira Hietanen-Tanskanen,≤100,6
255097357943710,Tommi Mäki,Tommi Mäki,≤100,3
237721387390,Pirkanmaan Kokoomus,Pirkanmaan Kokoomus,≤100,8
151086361568628,Duunitori,Duunitori,≤100,6
281523996677,Suomen Yrittäjät,Suomen Yrittäjät,≤100,2
104591978130770,Karin Cederlöf,Karin Cederlöf,≤100,8
169477316356,Solidaarisuus,Solidaarisuus,≤100,3
143415182363632,Tuuli Kousa,Tuuli Kousa,≤100,3
164737363576382,SDP Tampere,Tampereen Sosialidemokraattinen Kunnallisjärjestö ry,≤100,2
124069734323025,Nasima Razmyar,Nasima Razmyar,≤100,3
117401001618470,ESS.fi - Etlari verkossa,Etelä-Suomen Sanomat,≤100,6
1630403923902130,Sami Kumpulainen,Sami Kumpulainen,≤100,2
222702171440856,Atte Harjanne,Harjanne Atte Erik,≤100,20
289704907716370,Uudenmaan Perussuomalaiset,Aallonharja Piia Riikka,≤100,1
261929353938587,Elinkeinoelämän keskusliitto EK,Elinkeinoelämän keskusliitto,≤100,6
332170236842216,Vattenfall,Vattenfall Oy,≤100,1
1666046557046225,Satakunnan Vasemmistoliitto,Satakunnan Vasemmistoliitto,≤100,14
173116522742529,Antti Lindtman,Antti Lindtman,≤100,1
100410658711521,Anna Sahiluoma,Anna Sahiluoma,≤100,5
108424785411810,Ville Laine poliitikko,Ville Antero Laine,≤100,6
128816413815084,Vihreät Naiset ry,Vihreät naiset ry,≤100,5
101450795285817,Onni Rostila,Onni Rostila,≤100,1
145654585490783,Jukka Kopra,Jukka Kopra,≤100,10
112647521722168,Kari Riihola #arjenpolitiikkaa,Kari Riihola,≤100,4
106164411108348,Emmi Piippo,Piippo Emmi Maria,≤100,3
103713019226731,Atte Savelainen,Atte Heikki Savelainen,≤100,3
102284782767840,Juha Beurling-Pomoell,Juha Beurling-Pomoell,≤100,21
120478494767491,Jyrki Mäkynen - Eduskuntavaaliehdokas 2023,Jyrki Mäkynen,≤100,5
517701881670431,Riikka Pakarinen,Riikka Pakarinen,≤100,3
103951659288683,Martin Paasi Eduskuntaan 2023,Aatos Martin Paasi,≤100,7
103449005993118,Jouni Lehtimäki,Jouni Lehtimäki,≤100,8
174186446378307,Bicca Olin,Bicca Olin,≤100,6
367893799934671,Joonas Könttä,Joonas Könttä,≤100,11
353529514857561,Eva Biaudet,SFP i Helsingfors,≤100,7
100948725230440,Nea Nättinen,Nea Nättinen,≤100,3
2308093999412825,Kenneth Morelius,Kenneth Morelius,≤100,2
157614802920,Kristillisdemokraatit,Kristillisdemokraatit,≤100,6
416727495043633,Sakari Pääkkö,Sakari Juho Johannes Pääkkö,≤100,3
100169276306386,Sture Fjäder,Sture Fjäder,≤100,7
275168389198010,Ehkäisevä päihdetyö EHYT ry,Ehkäisevä päihdetyö EHYT ry,≤100,1
110738111928064,Eija Nivala - Kansanedustajaehdokas,Eija Nivala - Kansanedustajaehdokas,≤100,9
113396554931509,Miisa Mink,Miisa Maarita Mink,≤100,8
102566909780881,Reilu kauppa,Reilu kauppa,≤100,3
273183882790711,"Olli Kohonen, politiikkaa Pohjois-Pohjanmaalta",Kohonen Olli Ilmari,≤100,2
328422650914892,Mika Kasonen - Kokoomus,Mika Kasonen,≤100,9
101818301898067,Oscar Byman,Oscar Byman,≤100,8
108538215848910,Länsi-Uusimaa,Länsi-Uusimaa,≤100,12
236956296378053,Ekopaasto,Suomen evankelis-luterilainen kirkko,≤100,21
183023318394038,Kristiina Ruuskanen,Maria Kristiina Ruuskanen,≤100,4
1806983809518838,Matleena Käppi,Matleena Käpin tukiyhdistys,≤100,3
106832138218520,Kansanedustajaehdokas Terhi Enjala,Terhi Tuuli Enjala,≤100,4
650444368472840,Politiikkaa Kari Markkola,Kari Markkola,≤100,5
180192098660221,Helsingin Vihreät,Helsingin Vihreät,≤100,12
104430814996110,Petri Laaksonen,Petri Laaksonen,≤100,2
101625471996074,Tuomo Kondie,Tuomo Feodor Kondie,≤100,4
723569781049029,Myä päätetää - Joona Mielonen,Mielonen Joona Pekka,≤100,2
101847418551815,Tomi Immonen PS,Tomi Immonen,≤100,2
146952198665788,Tytti Tuppurainen,Tytti Tuppurainen,≤100,2
108692297531425,JonnaParviainen,Jonna Parviainen,≤100,3
393536527693016,Markus Myllyniemi,Markus Myllyniemi,≤100,5
912450812223883,Peppi Seppälä,Peppi Seppälä,≤100,2
334608399882600,Olli Immonen,Olli Juhani Immonen,≤100,1
667310466782778,Laura Meriluoto politiikassa,Laura Meriluoto,≤100,2
245926726282734,Tiedevaalit,Tiedevaalit,≤100,13
107552192667016,Diakonissalaitos,Diakonissalaitos,≤100,2
106279736072242,SFP i Helsingfors,SFP i Helsingfors,≤100,5
229780797136945,Raaseporin Vasemmisto ry,Jari Pekka Parkkonen,≤100,2
360860753953531,Fortum,Fortum Suomi,≤100,1
355748968891337,Sanna Rissanen - Rissaska,Sanna Marja Annukka Rissanen,≤100,5
111005869699,Kirkon Ulkomaanapu,Kirkon Ulkomaanapu,≤100,33
1475491782491599,Jenni Aikio,Jenni Aikio,≤100,1
1394324444206771,Helsingin Keskusta,Helsingin Keskusta,≤100,1
254403722807,BirdLife Suomi,BirdLife Suomi,≤100,1
117947674527232,Ilkka Kantola,Ilkka Tapani Kantola,≤100,6
100745425775932,Harri Pikkarainen,Harri Olavi Pikkarainen,≤100,7
356301551123582,SFP i Österbotten,Svenska folkpartiet i Österbotten r.f.,≤100,4
106355131937860,Saara Karjalainen - Ehdolla eduskuntaan,Saara Aino Inkeri Karjalainen,≤100,5
205605269911704,Simon Granroth,Simon Granroth,≤100,7
695618953844243,Inhimillisiä Uutisia,Inhimillisiä Uutisia,≤100,1
237476576707456,Esa Annala - politiikkaa vasemmalta,Esa Annala,≤100,1
109636804550583,Gashaw Bibani - Ehdolla eduskuntaan,Gashaw Bibani,≤100,4
617733068345315,Mikkel Näkkäläjärvi,Nakkalajarvi Mikkel Antte Iisakki,≤100,1
1771705416188362,Jocka Träskbäck - ryhtiliike politiikkaan,Jocka Träskbäck,≤100,6
896155923814442,Elisa Gebhard,Elisa Gebhard,≤100,2
1558533117508314,Juri Juristi Aaltonen SDP Uusimaa,Juri Aaltonen,≤100,8
180708511964032,Li Andersson,Li Sigrid Andersson,≤100,4
414563512240843,Oskari Valtola,Oskari Valtola,≤100,4
243988403384,Docendo,Docendo Oy,≤100,3
809307089097696,Eutanasialain puolesta,Oikeus Arvokkaaseen Kuolemaan ry,≤100,14
412912292390035,Dimitri Qvintus,Dimitri Antti Qvintus,≤100,2
168275609876566,Inka Hopsu,Inka Hopsu,≤100,3
100585405732782,Poliitikko Sebastian Lohja,Sebastian Lauri Konstantin Lohja,≤100,3
1084013951804482,Kaapo Haapanen,Kaapo Haapanen,≤100,2
164140805263467,Ella Partanen,Ella Partanen,≤100,5
307630522946461,Auli Piiparinen,Auli Piiparinen,≤100,4
362064961211,Vihreät nuoret,Vihreiden nuorten ja opiskelijoiden liitto ry,≤100,1
232815610172259,Eero Heinäluoma,MEP Eero Heinäluoma S&D,≤100,5
233935341288514,Elisa Aaltola,Elisa Aaltola,≤100,1
116383805046145,Aamuposti,Aamuposti,≤100,13
105149421577142,"Juha-Matti ""Juice"" Mustonen",Juice Mustonen,≤100,8
105394508692307,Olavi Kandolin - Kansanedustajaehdokas,Olavi Johannes Kandolin,≤100,4
1268207243223098,Shamsul Alam,Shamsul Alam,≤100,1
118714761478292,Keski-Uusimaa,Keski-Uusimaa,≤100,11
136656729733568,YIT Suomi,YIT Suomi,≤100,1
474666389342298,Liberaalipuolue,Liberaalipuolue – Vapaus valita r.p,≤100,2
8265674748,Suomen Lähetysseura,Suomen Lähetysseura,≤100,19
252329362124381,Vaikuta Nyt,Vaikuta Nyt,≤100,3
107558955043700,Matti Rinnekangas Perussuomalaiset,Kari Tapani Laurila,≤100,2
155492884488412,Tekniikan akateemiset TEK,Tekniikan akateemiset TEK,≤100,6
108591868611816,Matti Kotiranta,Matti Kotiranta,≤100,2
161600883903692,Diakonia-ammattikorkeakoulu,Diakonia-ammattikorkeakoulu,≤100,3
108428567990369,Turunen Jaana,Turunen Jaana,≤100,3
922311201130062,Miapetra Kumpula-Natri,Miapetra Kumpula-Natri,≤100,1
180273268847212,Savo-Karjalan Kokoomus,Savo-Karjalan Kokoomus,≤100,4
473376463175378,Sari Somppi,Sari Somppi,≤100,1
1322982974493035,Vaalikone - uskonnonvapaus.fi,Vaalikone - uskonnonvapaus.fi,≤100,1
104823962105254,Antti Ollikainen,Antti Ollikainen,≤100,4
110017327942815,"Mikko Piirtola - Pari pykälää parempi päättäjä, Sinun asiasi ajaja",Seedi Oy,≤100,3
1425108367791147,Otto Andersson,Otto Anton Andersson,≤100,1
307784380044908,Jarno Strengell.,Jarno Strengell,≤100,1
1657811841179377,Satu Lindgren - Eduskuntavaaliehdokas,Satu Hannele Lindgren,≤100,1
286863584660205,Kuopion Vihreät,Kuopion Vihreät r.y.,≤100,3
105392194739899,Vilma Viitasaari,Vilma Viitasaari,≤100,5
1653935188242736,"Timo Viitanen, poliitikko",Merja Viitanen,≤100,1
710246835725639,"Mika Byman, poliitikko","Mika Byman, poliitikko",≤100,1
108926508776159,Konstantin Kouzmitchev,Konsta Kouzmitchev,≤100,3
971231496340520,Emma Lindqvist,Lindqvist Emma Uuna Pauliina,≤100,3
103405485089956,"Lahden kaupunginvaltuutettu Tuija Saloranta, OTM, varatuomari",Tuija Maarit Saloranta,≤100,1
108413135499873,"Johannes Lahtela eduskuntaan 2023, Uusimaa",Johannes Lahtela,≤100,1
115298981467329,Pauli Hentunen,Pauli Hentunen,≤100,2
202285233124880,S-Pankki,S-Pankki,≤100,1
131524090233337,Turun Sanomat,Turun Sanomat,≤100,1
167805619907009,Nina Suomalainen,Nina Suomalainen,≤100,1
1860665240697552,Johan Kvarnström,Johan Birger Matias Kvarnström,≤100,1
354116985566989,Karoliina Partanen - sinun asiasi ajaja,Karoliina Partanen,≤100,5
166120050094740,Markus Lohi,Markus Samuli Lohi,≤100,1
111842803767138,Riitta Koivula,Riitta Liisa Katariina Koivula,≤100,2
730847103593100,Ozan Yanar,Ozan Yanar,≤100,3
386188801434445,Sini Ruohonen,Tulevaisuuden Turku ry,≤100,4
259651311385418,Auri Saarelainen,Auri Saarelainen,≤100,2
220884089007,Suomen luonnonsuojeluliitto,Suomen luonnonsuojeluliitto,≤100,1
209080945038,Pia Lohikoski,Pia Lohikoski,≤100,3
100691535364363,Sara Koiranen,Sara Koiranen,≤100,2
116439721336238,Jarmo Lindberg,Jarmo Lindberg,≤100,1
109889334881457,Eveliina Kujanpää,Eveliina Sofia Kujanpää,≤100,3
100524678458401,Tanja Norrena poliitikko,Tanja Norrena,≤100,3
1808569086119208,Niklas Guseff Politik,Niklas Georg Guseff,≤100,3
116061768056582,Ihan Pajalla - Pasi Järvilehto,Pasi Järvilehto,≤100,2
100851836215888,Heidi Jaari,Heidi Jaari,≤100,1
194897307433,Oikeutta eläimille,Oikeutta eläimille,≤100,1
101276435345800,Ville-Veikko Elomaa,Ville-Veikko Elomaa,≤100,8
262840131357,Changemaker Finland,Changemaker Finland,≤100,2
1022771864558414,Ossi Tiihonen poliitikko,Ossi Tiihonen,≤100,2
1765523707098907,Perttu Jussila,Perttu Jussila,≤100,3
292611094275509,Alviina Alametsä,Alametsae Pauliina Viivi Alviina,≤100,1
322478695679,Länsi-Savo,Kaakon Viestintä Oy,≤100,10
1489307738014172,Mikko Kärnä,Mikko Eino Johannes Kärnä,≤100,1
963523287006499,Vantaan Demarit,Vantaan Sosialidemokraattinen Kunnallisjärjestö ry,≤100,10
445988248775782,Simo Grönroos,Gronroos Simo Juhani,≤100,5
157359987610086,Sipoon Sanomat,Sipoon Sanomat,≤100,9
587484355247473,Venla Väli-Torala,Venla Väli-Torala,≤100,8
105505681512500,Markku Rantahalvari,Markku Rantahalvari,≤100,3
166424006744502,Liberal Praktik,Svenska Bildningsförbundet rf,≤100,8
109218617990632,Sami Ragnell Liike Nyt,Sami Ragnell,≤100,2
1209695319084067,Linda Brandt-Ahde,Linda Brandt-Ahde,≤100,6
277417609594520,Kauko Turunen poliitikko,"Kauko Turunen, Parkano",≤100,5
335993686491650,Saara-Sofia Sirén,Saara-Sofia Sirén,≤100,5
103219531821285,VirkkunenKatri,Katri Virkkunen,≤100,4
108584877967919,Ilkka Viljanen poliitikko,Ilkka Viljanen,≤100,2
1469210416687295,Marcus Rantala,Marcus Rantala,≤100,3
271130619606974,Timo Heinonen - kansanedustaja,Timo Heinonen,≤100,2
101362296187239,Maura Häkki eduskuntaan 2023,Maura Häkki,≤100,4
171316022901043,Antti Kurvinen,Antti Kurvinen,≤100,5
100147899173351,Psykologi Julia Sangervo,Julia Josefiina Sangervo,≤100,1
2187282831391946,Miko Bergbom,Miko Bergbom,≤100,1
103903565026184,Joni Määttä,Joni Määttä,≤100,2
349018408636314,Terhi Koulumies,Terhi Koulumies,≤100,1
275873756419030,Reija Friman,Reija Friman,≤100,2
107780645463766,Katariina Leino - ehdolla eduskuntaan,Katariina Leino - ehdolla eduskuntaan,≤100,6
172659206933,Svensk Ungdom - RKP-nuoret,Svensk Ungdom - RKP-nuoret,≤100,1
634822833281772,Ville Valkonen,Ville Kalervo Valkonen,≤100,1
1842547242530925,Ville Väyrynen Poliitikko,Ville Mikko Juhana Väyrynen,≤100,1
116843748342723,Uusimaa,Uusimaa,≤100,10
227075896125,Paula Risikko,Paula Risikko,≤100,1
261546534279801,Laura Hämäläinen,Laura Hämäläinen,≤100,1
102377388467222,"Eeva Hiila, SDP Vihti",Vihdin Demarit,≤100,2
260320667414347,Maria Ohisalo,Maria Ohisalo,≤100,3
663505500519694,Johanna Hasu - Eduskuntavaaliehdokas,Johanna Hasu,≤100,4
104418794504506,LähiTapiola Kiinteistövarainhoito,LähiTapiola Kiinteistövarainhoito,≤100,2
102626225365927,CO₂ncrete Solution,Betoniteollisuus ry,≤100,1
148058601903484,Elinkeinoelämän valtuuskunta EVA,Elinkeinoelämän valtuuskunta EVA,≤100,1
142013229195328,LUT University,LUT University,≤100,1
101973681947536,Ella Keski-Panula,Ella Helena Keski-Panula,≤100,2
420657564935793,Harri Virtanen kansanedustajaksi,Harri Virtanen,≤100,4
105081839141336,Markus Eerola,Anton Hietsilta,≤100,3
312370502489979,Loviisan Sanomat,Loviisan Sanomat,≤100,8
1961548777206558,Perussuomalaisten Hämeen piiri ry,Perussuomalaisten Hämeen piiri ry,≤100,1
102526952286507,Tuomo Kinnunen,Tuomo Juhani Kinnunen,≤100,2
107304968493767,Jukka Hämäläinen eduskuntavaaliehdokas 2023,Jukka Pekka Hämäläinen,≤100,2
100827645122256,Anniina Iskanius,Anniina Iskanius,≤100,4
803596373025380,Satu Taavitsainen,Taavitsainen Satu Johanna,≤100,6
110959555683831,Akavan Erityisalat,Akavan Erityisalat,≤100,13
328597880877516,Sami Ryynänen,Sami Ryynänen,≤100,4
100547305507785,Liike Nyt Satakunta,Niko Viinamäki,≤100,1
115073553567731,Jyvässeudun palkansaajademarit ry,Jyvässeudun palkansaajademarit ry,≤100,1
106212021818274,Maarit Vierunen,Maarit Hannele Vierunen,≤100,2
315913915173701,"Joni Meriläinen, eduskuntavaaliehdokas",Joni Meriläinen,≤100,3
1572653312978362,Kuopion Kristillisdemokraatit - KD Kuopio,Kuopion Kristillisdemokraatit - KD Kuopio,≤100,3
251778381612692,Emmi Lintonen -poliitikko,Emmi Lintonen,≤100,2
1778279962402349,Tieteellisten seurain valtuuskunta,Tieteellisten seurain valtuuskunta,≤100,3
110654724793003,Frida Forsblom-Prittinen Sfp/Rkp,Frida Anna-Helena Forsblom-Prittinen,≤100,1
101539335053485,Eveliina Leskelä,Eveliina Leskelä,≤100,2
103892705251550,Johan Bardy,Johan Bardy,≤100,1
268129704022,Lapin Kokoomus,Lapin Kokoomus ry,≤100,11
830926530299429,Halttusen Jari,Nina Maarit Välimäki,≤100,1
100211631984253,Heikki hoitaja Korppi eduskuntaan 2023,Heikki Korppi,≤100,2
150712651078,Lapin Vihreät ry - Lappi Ruonát rs,Lapin Vihreät ry - Lappi Ruonát rs,≤100,1
115087273262048,Veera Granroth,Veera Granroth,≤100,3
153374888023578,Fingo - Suomalaiset kehitysjärjestöt,Fingo - Suomalaiset kehitysjärjestöt,≤100,8
112591638339181,wejustcare.fi,Rasmus Lindroos,≤100,1
1847686052110731,Jatta Juhola kansanedustajaehdokas,Jatta Juhola,≤100,1
122600251127701,Sari Sarkomaa,Sari Sarkomaa,≤100,6
165915263483389,Jari Miranda,Jari Miranda,≤100,2
105917232410867,Eduskuntavaaliehdokas Leevi Pursiainen,Leevi Pursiainen,≤100,6
109317724961895,Mauri Kontu,Mauri Eino Olavi Kontu,≤100,9
116765417987723,Eveliina Lohko -Kohti eduskuntaa,Eveliina Lohko,≤100,2
302959147221497,Liban Sheikh,Liban Sheikh,≤100,1
205830594734,Svenska litteratursällskapet i Finland r.f.,Svenska litteratursällskapet i Finland r.f.﻿,≤100,2
572374492957488,Eva-Lena Gästrin,Eva-Lena Gästrin,≤100,9
777815458972138,Joakim Strand,Matias Toukonen,≤100,1
113398820097,Pelastakaa Lapset,Pelastakaa Lapset ry,≤100,1
160515170666877,Savo-Karjalan vihreät,Savo-Karjalan Vihreät,≤100,2
538822456555818,Jani Kokko,Jani Tapani Kokko,≤100,3
158571127556917,SDP Valkeakoski,Sdp Valkeakoski,≤100,1
128922900584790,Juha Hänninen,Juha Pekka Hänninen,≤100,1
1582238438669931,Säde Tahvanainen,Säde Tahvanainen,≤100,7
1267778906604245,Piia Nurmela - Rohkeutta toimia,Piia Nurmela,≤100,2
268670670234757,Ramieza Mahdi,Ramieza Mahdi,≤100,4
114687075230726,Hanna Sarkkinen,Hanna Sarkkinen,≤100,1
176972545646377,Veli Liikanen,Lilkanen Veli Ilmari,≤100,2
1515348818739827,Pasi Kivisaari kansanedustaja,Pasi Kivisaari,≤100,2
186454048855,Kansan Uutiset,Kansan Uutiset Oy,≤100,2
393891721427370,Tomi Kaunismäki,Tomi Kaunismäki,≤100,1
1540440609592822,Seppo Sorvari,Seppo Sorvari,≤100,1
100663339553563,Filip Schauman,Filip Schauman,≤100,1
623408087790246,Harri Koskela,Harri Koskela,≤100,3
100776521741951,Aleksi Kurki,Aleksi Kurki,≤100,3
429466253758989,Jenni Pitko,Jenni Pitko,≤100,1
1681238785434877,Petri Graeffe,Petri Tapani Graeffe,≤100,3
231999320540153,Lotta Laaksonen,Lotta Laaksonen,≤100,1
103965177698459,Elma Hyöky,Elma Hyöky,≤100,1
109752041853195,Piia Olkinuora,Piia Olkinuora,≤100,4
370574103077991,Lääketeollisuus,Lääketeollisuus,≤100,2
104383542557195,Liike Nyt Uusimaa,Liike Nyt Uusimaa,≤100,1
108276585912706,Keski-Suomen Vasemmisto,Keski-Suomen Vasemmisto,≤100,5
146532142114269,Hämeenlinnan Kokoomus,Hämeenlinnan Kokoomus,≤100,1
149985558872,Suomen Pakolaisapu - Finnish Refugee Council,Suomen Pakolaisapu - Finnish Refugee Council,≤100,4
110631824949448,Teuvo Hatva eduskuntaan 2023,Teuvo Hatva,≤100,2
100830249095837,Leena Mankkinen 2023,Leena Kristiina Mankkinen,≤100,1
214948198521159,Satakunnan Keskusta,Satakunnan Keskusta,≤100,4
104537989034024,Timo Väänänen,Timo Väänänen,≤100,3
1856641681287174,Mikko Korkeakoski,Mikko Korkeakoski,≤100,8
106685591075861,Valitse Jyri Saastamoinen,Jyri Saastamoinen,≤100,3
2015686778659015,Juha Pitkänen,Pitkanen Juha Oskari,≤100,2
157667034266266,Porvoon Kokoomus ry,Porvoon Kokoomus ry,≤100,2
208532699307328,Uudenmaan Sosialidemokraatit,Uudenmaan Sosialidemokraatit Ry,≤100,1
112332648403524,Sami Keskinen Arkadianmäelle,Sami Keskinen,≤100,3
275087372595909,Outi Huusko,Outi Huusko,≤100,4
360701057340725,Mari Lahti,Mari Lahti,≤100,2
288822241171807,Virva-Mari Rask,Virva-Mari Rask,≤100,2
117655354983768,Etelä-Saimaa,Etelä-Saimaa,≤100,9
101340986172248,"Petteri Redsven eduskuntavaaliehdokas, Liike Nyt, Hämeen piiri","Petteri Redsven eduskuntavaaliehdokas, Liike Nyt, Hämeen piiri",≤100,2
104031029288259,Virpi Ali-Haapala,Virpi Inkeri Ali-Haapala,≤100,1
107111462655596,Länsiväylä,Länsiväylä,≤100,1
107871524684062,Haapaveden Vasemmisto,Outi Pekkala,≤100,1
1596920827202747,Johanna Laisaari,Johanna Laisaari,≤100,2
365403744208666,Katja Isomöttönen,Katja Isomöttönen,≤100,3
405228120312949,Henrika Palenius,Henrika Palenius,≤100,2
103189741675624,Sami Korkiakoski SDP - sydämen puhetta Lahdesta,Sami Korkiakoski,≤100,1
190812548384503,Sirkku Hildén,Sirkku Hildén,≤100,4
114452644874019,Juha Malinen,Juha Heikki Olavi Malinen,≤100,2
113198351631253,Jussi-Matti Hilli - Poliitikko,Jussi-Matti Kalevi Hilli,≤100,2
106840292319974,Pertti Hemmilä,Pertti Hemmilä,≤100,2
168660743577147,Eduskuntavaaliehdokas Elina Nykyri,Elina Nykyri,≤100,3
197751180352959,Seida Sohrabi I Kokoomus I Helsinki I 150,Šeida Sohrabi,≤100,2
105583098679313,Ilkka P Pilpola,Ilkka Petteri Pilpola,≤100,4
374003438389,Itä-Häme,Itä-Häme,≤100,9
1620370274865625,TS Mediamyynti,Turun Sanomat,≤100,1
137628126298370,Pohjois-Savon Keskusta,Pohjois-Savon Keskusta,≤100,1
110930434987168,Johanna Ekman - Kansanedustajaehdokas 2023 PS,Johanna Else Anneli Ekman,≤100,1
106345809037654,Harri Seppälä - Voimme tehdä tekoja,Harri Seppälä,≤100,3
286521901512868,Mikael Ropo,Ropo Mikael Leo Olavi,≤100,2
113545734932073,Marja Lindberg SFP RKP,Marja Lindberg SFP RKP,≤100,2
335044340406795,Anni Teerikangas Vihreät,Anni Teerikangas,≤100,3
426112290766419,Ville Jalovaara,Jalovaara Ville,≤100,1
220979494594748,Kuntarekry.fi,Kuntarekry,≤100,2
191333111298937,Minerva Kastehelmi,Pihla Minerva Kastehelmi,≤100,2
163297240439657,Tamperelainen Kokoomus,Kokoomuksen Tampereen Aluejärjestö,≤100,1
530396980791609,Ett framgångsrikt Österbotten r.f,Ett framgångsrikt Österbotten r.f,≤100,4
640576009478122,Sanna Kivineva Porvoon Vihreät,Sanna Kivineva,≤100,2
276167006065914,Manolis Huuki,Huuki Manolis Anton,≤100,1
101180625252827,Marcus Toppari,Marcus Toppari,≤100,1
1380023342235751,Janika Takatalo,Takatalo Janika Emmi Kristiina,≤100,9
1126011764186535,SDP Pori,Porin sosialidemokraattinen kunnallisjärjestö ry,≤100,1
1952930291514917,Noora Koponen,Noora Koponen,≤100,2
469637716400290,Saana Vahvelainen,Saana Vahvelainen,≤100,3
349465665147909,Marjo Mäkinen-Aakula - edustajasi,Marjo Mäkinen-Aakula,≤100,1
140745439308280,Keski-Häme,Mediatalo Esa,≤100,1
50771297846,Suomen Kuvalehti,Matti Kalliokoski,≤100,1
355695141779,Itä-Savo,Kaakon Viestintä Oy,≤100,9
104674948336528,Janne Jukkola,Janne Jukkola,≤100,6
313446055362211,Tampereen Seudun Vihreät Naiset ry,Tampereen seudun vihreät naiset,≤100,1
100587622462038,Soile Eriksson,Soile Eriksson,≤100,1
1743461975762131,Tuula Väätäinen,Tuula Väätäinen,≤100,2
104812232433755,Mikko Luomala,Mikko Luomala,≤100,3
1529007540681072,Espoon Keskusta,Keskustan Espoon kunnallisjärjestö ry,≤100,2
104138528396386,Adam Al-Sawad,Muhammad-Adam Al-Sawad,≤100,1
104902131603099,Marika Puolimatka,Marika Hannele Puolimatka,≤100,2
766908830025129,SDP Keski-Suomi,SDP:n Keski-Suomen piiri ry,≤100,2
1227535887269077,Tomas Björkroth,Tomas Bjorkroth,≤100,3
111145281424076,Jaakko Ikonen -poliitikko,Jaakko Juhani Ikonen,≤100,1
484333571947103,Joonas Immonen,Joonas Jasu Petteri Immonen,≤100,1
429563733747090,Painotalo.fi,Scanseri,≤100,1
164809043541187,Aleksi Jäntti,Aleksi Jäntti,≤100,1
124905407537262,Nuorisoseurat,Nuorisoseurat,≤100,1
126757820675243,KSML.fi - Keskisuomalainen,Keskisuomalainen,≤100,4
2188195044730401,Mervi Katainen,Mervi Katainen,≤100,1
107086122672929,Savon Sanomat,Savon Sanomat,≤100,4
1584297174923704,Arene ry,Ammattikorkeakoulujen rehtorineuvosto Arene ry,≤100,1
1506788009337272,Frida Sigfrids,Sigfrids Frida Maria Fredrika,≤100,1
102342535322398,Timo Kallio,Timo Kallio,≤100,1
163999300662139,Laura Pullinen,Laura Pullinen,≤100,2
100796396231917,Asko Niemelä,Asko Niemelä,≤100,1
100290348677912,Christa Carpelan - Eduskuntavaaliehdokas,Christa Carpelan,≤100,3
310886696101,Pohjois-Pohjanmaan Kokoomus,Pohjois-Pohjanmaan Kokoomus,≤100,1
1406827649361995,Matti Vesa Volanen,Matti Volanen,≤100,1
106322585651504,"Satu Paananen, Eduskuntavaaliehdokas, Salo, LiikeNyt","Satu Paananen, Eduskuntavaaliehdokas, Salo, LiikeNyt",≤100,3
275406849257636,Savo-Karjalan Sosialidemokraatit,Savo-Karjalan Sosialidemokraatit,≤100,3
1877975465818521,Pia Kuparinen PS,Pia Marjaana Kuparinen,≤100,3
104518035021528,Saana Kuusipalo,Saana Kuusipalo,≤100,1
522514861169312,Kallion Vasemmisto,Kallion Vasemmistoliitto ry,≤100,2
232771070103542,Vasemmistonaiset,Vasemmistonaiset,≤100,2
102782572493064,Sari Nurro,Sari Hannele Nurro,≤100,1
532770767063934,Santeri Ala-Röyskö,Santeri Ala-Röyskö,≤100,7
1398137590434946,Anne Roponen,Anne Roponen,≤100,2
104362234870629,Mervi Turunen,Mervi Turunen,≤100,1
293583744636957,Marja Berg,Marja Berg,≤100,1
338748719858693,Kiinteistöliitto Päijät-Häme,These ads ran without a disclaimer,≤100,1
156636781043514,Keskustan Etelä-Pohjanmaan piiri,Keskustan Etelä-Pohjanmaan piiri ry,≤100,1
295449017790527,Tuire Kaimio,Tuire Eriikka Kaimio,≤100,3
1819503078301250,Aino Närkki,Aino Närkki,≤100,2
178362315106,European Parliament,European Parliament,≤100,4
106560221188621,Jonna Weckström,Jonna Carita Weckström,≤100,1
100128419377311,Just For Her 3,These ads ran without a disclaimer,≤100,4
251378475314972,Jarkko Santala,Jarkko Santala,≤100,1
114892124849919,Tero Kanerva Liike Nyt,Tero Kanerva Liike Nyt,≤100,4
116398244688088,Rauno Pikkarainen eduskuntaan 2023,Rauno Pikkarainen eduskuntaan 2023,≤100,3
454762371229005,Elin Blomqvist-Valtonen,Elin Blomqvist-Valtonen,≤100,3
196787204541798,Aila Asikainen KD,Asikainen Aila Tuulikki,≤100,1
791299894297052,Kansanedustaja Jari Koskela,Jari Koskela,≤100,2
152603821504784,SFP i Esbo / RKP Espoo,SFP i Esbo,≤100,1
1850105838610709,Anna Moilanen,Anna Moilanen,≤100,2
101797372817779,"Harry Ruotsalainen, eduskuntavaaliehdokas",Harry Ruotsalainen,≤100,2
696989460673762,Taru Reinikainen,Taru Reinikaisen tukiyhdistys ry,≤100,1
105885194895414,Timo Furuholm,Timo Furuholm,≤100,2
112498744216883,Niko Viinamäki,Niko Viinamäki,≤100,1
317522295777565,Lohjan Kristillisdemokraatit,Suomen Kristillisdemokraattien (KD) Lohjan seudun paikallisosasto ry,≤100,1
188627167849573,Kymen Sanomat,Kaakon Viestintä Oy,≤100,8
426401364854725,Raision seudun kristillisdemokraatit - KD,Suomen kristillisdemokraattien KD Raision seudun paikallisosasto ry,≤100,1
482712555591121,Teemu Soini,Teemu Soini,≤100,2
276355106331685,Tia Seppänen,Tia Seppänen,≤100,4
2126212287670301,Oliver Pietilä,Oliver Pietilä,≤100,1
107898832590939,European Commission,European Commission,≤100,5
102252162314975,Olli Salmi eduskuntavaaliehdokas,Olli Tapani Salmi,≤100,1
1323466701048852,Acer for Education EMEA,These ads ran without a disclaimer,≤100,1
104036595474846,Mika Lartama PS,Mika Juhani Lartama,≤100,2
1121601694542879,Hannele Saari KD Häme,Hannele Saari,≤100,1
295576507787572,Juhana Lähdesmäki poliitikko - Kd,Juhana Lähdesmäki,≤100,1
100452085439970,KD Savonlinna,Kari Pölönen,≤100,1
108946641293949,"Mikko Luomala, poliitikko",Liike Nyt Espoo Ry,≤100,2
106735595667931,Pentti J. Rönkkö Kansanedustajaehdokas - KD,Pentti Rönkkö,≤100,2
169043710268576,Lilli Kahri,Lilli Kahri,≤100,1
109962725825439,Johanna Nuorteva,Johanna Nuorteva,≤100,1
417579194987109,Sanna Antikainen,Sanna Antikainen,≤100,3
1461538363888692,Anita Westerholm,Anita Westerholm,≤100,1
1630242193904444,Minja Koskela,Minja Koskela,≤100,4
198817806799305,Warkauden Lehti,Warkauden Lehti,≤100,8
302941236400380,Pakolaisneuvonta ry - Refugee Advice Centre,Pakolaisneuvonta ry - Refugee Advice Centre,≤100,3
110858764096689,"Heli Koponen, Vasemmistoliitto",Heli Koponen,≤100,1
356515104370992,Joona Räsänen,Joona Juhani Räsänen,≤100,1
102708202734642,Viivi Järvelä,Viivi Järvelä,≤100,1
190786648165832,Jasmin Määttä,Jasmin Määttä,≤100,1
100593272950665,Sanna Kurronen,Sanna Elina Kurronen,≤100,1
416956821974741,Mari Ikonen,Mari Ikosen tukiryhmä,≤100,3
113669044990127,Toni Syrjälä SDP,Toni Markus Syrjälä,≤100,1
102433978197339,Kansanedustajaehdokas Janne Luoma-aho PS,Janne Luoma-aho,≤100,1
105324375798785,Sanni Montonen - Kansanedustajaehdokas,Sanni Montonen - Kansanedustajaehdokas,≤100,2
102241098177169,Eetu Saarenpää,Eetu Saarenpää,≤100,1
167646186591465,Krista Mikkonen,Krista MIkkonen,≤100,1
1649925445247180,Hattulan vasemmisto,Hanna Jokinen,≤100,1
608807769313296,Tiina Isotalus,Tiina Susanna Isotalus,≤100,6
777531108951377,Satakunnan Perussuomalaiset,Markku Palomäki,≤100,2
106534182310655,Sonja Hietaranta - Eduskuntavaaliehdokas,Sonja Kristina Hietaranta,≤100,2
111546021395491,Tapio Honkamaa - Eduskuntavaaliehdokas,Topi-Viljam Tapio Honkamaa,≤100,3
105486271716221,Joni Mörk poliittista vaikuttamista,Joni-Petri Mikael Mörk,≤100,1
316590848413914,Jacob Storbjörk - SDP,Jacob Johan Storbjörk,≤100,1
552220341545416,Ida Jungell,Ida Jungell,≤100,1
192210228734,Kouvolan Sanomat,Kaakon Viestintä Oy,≤100,3
100798666273191,Pyry Väre,Pyry-Antti Petteri Väre,≤100,1
118360599615189,Maria Huhmarniemi - taide ja vihreä politiikka,Maria Huhmarniemi,≤100,1
175397926133340,Bella Forsgrén,Bella Forsgrén,≤100,5
100318388909127,Jonathan Hemming - Vihreät De Gröna,Jonathan Hemming,≤100,1
370446290182913,Heidi Sakari PS,Heidi Annika Sakari,≤100,2
102499559402996,Pasi Heikkinen - Eduskuntavaaliehdokas 2023,Pasi Petri Heikkinen,≤100,2
105953544921596,Bertha Simojoki,Bertha Simojoki,≤100,3
112361968438736,Risto Pirinen,Lauri Hyvärinen,≤100,3
302476246573215,Sirkku Ingervo,Sirkku Ingervo,≤100,3
1099534940062962,Kaitsu,Kai Pöntinen,≤100,1
1194760853973095,Lohjan demarit,Pekka Räsänen,≤100,1
1448616771847428,Maritta Mynttinen,Mynttinen Raila Maritta Orvokki,≤100,2
101444085733942,Sami Rive - Eduskuntavaaliehdokas,Sami Seppo Juhani Rive,≤100,2
73855994623,Maailma.net,Maailma.net ry,≤100,2
102627894904924,Sami Järvinen Ps,Sami Järvinen,≤100,1
769710163090426,Sara Seppänen - PS - Lappi,Sara Seppänen,≤100,1
168324699852052,pieni ele,Pieni ele ry,≤100,1
1481965412047542,"Elisa Lientola, Vasemmistoliitto",Elisa Lientolan tukiryhmä,≤100,3
103615098153677,Kati Hynninen,Kati Emilia Hynninen,≤100,2
355081261180832,Uudenkaupungin Perussuomalaiset ry,uudenkaupungin perussuomalaiset ry,≤100,4
394248284266051,Miina-Anniina Heiskanen,Miina-Anniina Heiskanen,≤100,2
351679088241560,Janne Heikkinen,Janne Heikkinen,≤100,3
112800560850699,Lotta Vainiola,Lotta Sofia Katariina Vainiola,≤100,1
146594745401444,Iisalmen Sanomat,Iisalmen Sanomat,≤100,7
106534771474132,Mikko Viilo,Mikko Viilo,≤100,5
351583058252732,Poliitikko Ulla Kaukola,Ulla Kaukola,≤100,6
299063170297375,Piritta Rantanen,Rantanen Piritta Maria Katariina,≤100,1
908713169185916,KD Keski-Suomi,KD Keski-Suomi,≤100,1
109381364928469,Marja Ahava - poliitikko,Marja Sinikka Katariina Ahava,≤100,1
117328080395114,Ville Tulkki,Ville Tulkki,≤100,2
272647342835936,Henna Partanen,Henna Partanen,≤100,1
101087292009882,Aapo Reima - Vasemmistoliitto,Aapo Reima,≤100,2
192210228734,Kouvolan Sanomat,Kouvolan Sanomat,≤100,6
364985376911128,Maija Silvennoinen KD,Maija Silvennoinen,≤100,1
195534363813763,Posti,Posti,≤100,1
1676542045972180,Perttu Helin,Perttu Tapani Aleksei Helin,≤100,3
106705672206826,Poliitikko Ralf Björklund,Ralf Christian Wilhelm  Björklund,≤100,2
162050703823354,Turun yliopisto - University of Turku,Turun yliopisto,≤100,1
104708708275939,Milla Veteläinen,Milla Veteläinen,≤100,1
945110922315220,Kati Nummensalo eduskuntaan 2023,Kati Annikki Nummensalo,≤100,1
103081082718866,Olli-Pekka Mäkipeura,Jani Olli-Pekka Makipeura,≤100,1
101074772904941,Minna Nurmi,Minna Maria Nurmi,≤100,2
104652451289126,Katja Ylisiurua,Katja Ylisiurua,≤100,6
105221249149693,Terhi Päivärinta eduskuntaan 2023 SDP,Terhi Päivärinta eduskuntaan 2023 SDP,≤100,1
108007898362899,Jaana Strandman Arjentekijä,Jaana Birgitta Strandman,≤100,1
2230702990586465,Karoliina Kähönen,Karoliina Kähönen,≤100,1
106295941498513,"Hanna Nevantausta, Vasemmistoliitto",Hanna Nevantausta,≤100,2
225884407819225,Henri Uljonen,Henri Uljonen,≤100,1
110233617808359,Satakunnan vihreät,Satakunnan vihreät ry,≤100,3
1542631959324129,Vilho Hakala,Hakala Vilho Tapio,≤100,2
263097881076961,Jiri Mäntysalo SKP,Jiri Mäntysalo,≤100,2
425842050800204,Tiina Sandberg - sivu,Sandberg Tiina Maria,≤100,3
101037661958473,Liikuntaehdokas Veli-Pekka Dufva,Anna Maija Aunola,≤100,1
200480966638039,Supremacy 1914,These ads ran without a disclaimer,≤100,1
351237294958923,Forssan Kokoomus,Forssan Kokoomus ry.,≤100,1
139433629912436,Ylä-Savon Vihreät,Anne Roponen,≤100,1
116578015025356,Susanna Koski,Susanna Margit Koski,≤100,1
103310671938428,Matti Heikkilä,Matti Juhani Edvard Heikkilä,≤100,1
107163777828842,Jonni Lehtiranta,Jonni Lehtiranta,≤100,1
102064842373738,Heikki Olenius,Heikki Kalevi Olenius,≤100,1
1609073132649300,USKOT-foorumi,USKOT-foorumi,≤100,2
304790466605221,VIRPI KARHU poliittiset sivut,Virpi Karhu,≤100,1
238938381135,Luckan Helsingfors,Föreningen Luckan,≤100,1
267370003693934,Tiina Wesslin - Vihreät,Tiina Wesslin,≤100,1
358130104199708,EnergyVaasa,EnergyVaasa,≤100,1
1072045682916446,Virva Lehto,Virva Lehto,≤100,11
1513989002110893,Mikko Kinnunen,Mikko Kinnunen,≤100,1
1074674059344688,Terhi Vörlund-Wallenius,Terhi Vörlund-Wallenius,≤100,4
110435764458843,Satu Jaatinen,Jaatinen Satu Annikki,≤100,2
271743206581459,Teemu Purojärvi - Perussuomalaiset,Teemu Purojärvi,≤100,1
1358426517549092,Sohvi Sirkesalo,Sohvi Sirkesalo,≤100,1
1612886718798461,Itä-Hakkilan Sosialidemokraatit ry 1953,Tarja Eklund,≤100,1
101417325759422,Nina Pauloaho,Nina Mickaela Pauloaho,≤100,1
239352222831627,SFP Sibbo - RKP Sipoo,SFP Sibbo - RKP Sipoo,≤100,1
607537983034623,BIEN Finland - Suomen perustuloverkosto ry,BIEN Finland - Suomen perustuloverkosto ry,≤100,1
187093477974252,Anders Wikström - Riksdagen 2023 Eduskuntaan,Anders Wikström - Riksdagen 2023 Eduskuntaan,≤100,4
293721184170592,Lapin Demarinaiset,Eeva-Maija Susanna Väisänen,≤100,2
139025269468502,Sari Niinistö,Sari Niinistö,≤100,4
115745171909257,Laura Ala-Kokko,Laura Sofia Ala-Kokko,≤100,2
102834391191306,I-P  Ilkka-Pohjalainen,I-P  Ilkka-Pohjalainen,≤100,2
341808423724092,Niina Laitinen Vasemmistoliitto,Niina Laitinen,≤100,1
268713230499188,Maarit Koivisto,Maarit Koivisto,≤100,1
273478482827383,Vasemmistoliiton Lapin piiri,Anette Elmiina Eksymä,≤100,2
187533664613953,Ammattiliitto Pro,Ammattiliitto Pro,≤100,8
257045532851,TAPIO,Tapio Oy,≤100,4
106219704759437,Poliitikko Ville Auvinen,Auvinen Ville Ilari,≤100,1
547983346135847,Emilia Teerikangas,Emilia Teerikangas,≤100,1
703792176458721,Henna Takatalo,Henna Takatalo,≤100,1
1459958094023251,Jertta Harinen,Jertta Harinen,≤100,2
102072273177850,Uutisvuoksi,Kaakon Viestintä Oy,≤100,1
111698274292441,Sirkku Kemppainen -kaupunginvaltuutettu,Sirkku Kemppainen,≤100,1
1569715913292949,Kansanedustajaehdokas Susanna Kisner,Krisner Susanna Heli Maaria,≤100,1
101529102578642,Riikka Seppänen - Kansanedustajaehdokas Kainuusta,Renita Bogel,≤100,3
100895198450038,Teemu Savolainen Eduskuntavaaliehdokas,Teemu Savolainen,≤100,3
305298133430,Kokoomus Kaarina,Kokoomuksen Kaarinan Kunnallisjärjestö ry,≤100,1
100343761879527,Stop Killer Robots Finland,Stop Killer Robots Finland,≤100,1
103739610014466,Satakunnan demarinuoret,Lounais-Suomen Demarinuoret,≤100,1
146184822119120,Tiina Elo,Elo Tiina Susanna,≤100,1
1871809049709375,Tyrnävän Keskusta,Hanne Maarit Johanna Bräysy,≤100,1
106631037955828,"Sanna Kauppinen, kaupunginvaltuutettu",Sanna Kauppinen,≤100,1
107094261806806,Heidi Aaltonen,Heidi Ilona Matilda Aaltonen,≤100,1
107833064713387,Tuomo Suihkonen Yhteistyön rakentaja,Tuomo Jaakko Suihkonen,≤100,2
1582838445264672,Pirkanmaan Keskusta,Keskustan Pirkanmaan piiri,≤100,1
112365874984149,Johanna Holmäng,Johanna Erika Holmäng,≤100,1
105610777968268,Jussi Tauriainen,Jussi Tauriainen,≤100,1
1206516426046063,Kasper Kivistö,Kasper Kivistö,≤100,5
193541797669081,Sotkamon Kokoomus Ry,Sami Mähönen,≤100,1
156450801052105,Kansalaisareena ry,Kansalaisareena ry,≤100,1
288793568450945,Kilpirintama,Marko Kilpi,≤100,4
102378145879575,"Teemu Laine, Vihreät","Teemu Laine, Vihreät",≤100,1
324856729165,Varsinais-Suomen Perussuomalaiset,Varsinais-Suomen Perussuomalaiset,≤100,2
108089471372987,Eduskuntavaaliehdokas Hilma Vepsäläinen,Hilma Katariina Vepsäläinen,≤100,3
692240797610685,Niilo Nissinen,Niilo Nissinen,≤100,6
112380300311180,Ida-Susanna Pöllänen - Ehdolla eduskuntaan,Ida-Susanna Pöllänen - Ehdolla eduskuntaan,≤100,2
126554207418154,TalousVihreät,TalousVihreät ry,≤100,1
106908981184967,Ninni Saarinen - Vihreät,Ninni Saarinen,≤100,2
273828453210,Kaakkois-Suomen Kokoomus,Kaakkois-Suomen Kokoomus,≤100,2
362058531025252,Ekokompassi,Ekokompassi,≤100,10
315479585304528,Kimmo Kautio,Kautio Kimmo Jaakko Tapio,≤100,1
279846125454963,Mervi Uusitalo-Heikkisen poliitikkosivu,Mervi Uusitalo-Heikkinen,≤100,1
108110128836384,Juho Salmi,Juho Salmi,≤100,1
107393941772084,Erika Mäkeläinen,Erika Mäkeläinen,≤100,1
617567508275235,Hämeen Vasemmistoliitto,These ads ran without a disclaimer,≤100,1
782481818579101,Poliitikko Sanna Laine,Sanna Laine,≤100,1
110264975003175,Pasi Keskinen eduskuntaan,Teemu Knuutti,≤100,1
247576945347211,Ylöjärven Vihreät,Jenni Kiiskinen,≤100,2
103244029303827,Kalle Pusa,Kalle Pusa,≤100,3
267684026662278,Turun Keskusta,Keskustan Turun kunnallisjärjestö ry,≤100,1
166787048882,SASK - Suomen Ammattiliittojen Solidaarisuuskeskus,Suomen ammattiliittojen solidaarisuuskeskus SASK,≤100,2
115879053582566,Mirva Salonen - Raision Vihreät,Mirva Salonen,≤100,1
1203737119793805,Taru Hallikainen,Taru Hallikainen,≤100,1
188570803251,Rakennusliitto,Rakennusliitto,≤100,1
493736270642496,Eve Rämö,Eve Rämö,≤100,4
105081839141336,Markus Eerola,Markus Mauri Pellervo Eerola,≤100,1
1675767206057249,Antti Kaarlela Kokoomus Lappi Tornio,Antti Kaarlela,≤100,1
499820690502400,Helsingin tieteen ja teknologian vihreät,Helsingin tieteen ja teknologian vihreät,≤100,2
162967730426582,Varsinais-Suomen Yrittäjät,Varsinais-Suomen Yrittäjät ry,≤100,1
339142479554610,Timo Suhonen,Timo Paavo Johannes Suhonen,≤100,1
110020908625744,Rami Lehtinen PS,Otto Ilmari Eriksson,≤100,1
221582118382641,Globaalikasvatus,Fingo - Suomalaiset kehitysjärjestöt,≤100,1
100557771813672,Sari Kumin,Sari Kumin,≤100,1
102018482732285,Rami Lehtola,Rami Johannes Lehtola,≤100,1
159315454207327,Silja Keränen,Silja Keräsen tukiryhmä,≤100,1
271473022894129,Lahden Demarit,Lahden Sos.-Dem. Kunnallisjärjestö ry,≤100,1
444258336317437,Jakobstad Pietarsaari,Pietarsaaren kaupunki,≤100,2
106996915562003,Mari Lotila,Mari Lotila,≤100,1
103961325883479,Tuula Nikula-Häkli,Jukka Tapani Järvinen,≤100,1
1642011429390287,Tommi Halkosaari,Tommi Halkosaari,≤100,2
353302946040223,Janne Riitakorpi,Janne Juhani Riitakorpi,≤100,2
236954116844529,Bo LKV Espoo,These ads ran without a disclaimer,≤100,1
265719833591887,Riihimäen Kokoomus,Riihimäen Kokoomus Ry,≤100,1
110094468641946,Taneli Suomala,Taneli Suomala,≤100,1
234054383723022,Jenni Kuisti - Vihreät,Jenni Kuisti,≤100,1
101790495186939,Maaret Castren,Maaret Castren,≤100,1
28729512139,Pekka Haavisto,Pekka Olavi Haavisto,≤100,1
158714567520876,Janne Sankelo - kansanedustaja,Janne Sankelo,≤100,1
101464375271559,Laura Tarvainen Vihreät,Laura Tarvainen Vihreät,≤100,1
115185824792387,Kati Jaakonen - eduskuntavaaliehdokas,Kati Jaakonen,≤100,1
1663588657266361,Binga Tupamäki,Binga Tupamäki,≤100,1
2010375012387805,Mira Nieminen - Poliitikko,Mira Anneli Nieminen,≤100,1
111436698934569,Mikko Ollikainen,Mikko Ollikainen,≤100,1
104534359002535,Kari Mouhu Ps,Kari Mouhu tukiyhdistys ry,≤100,2
115041821514974,Jani Hotanen,Jani Hotanen,≤100,2
368357310229846,Mika Saari,Mika Saari,≤100,1
388661630444,Svenska Kvinnoförbundet,Svenska Kvinnoförbundet,≤100,3
102910542623618,Iida Hovi,Suomen Kristillisdemokraattien (KD) Lahden paikallisosasto ry,≤100,1
768115453209247,Kotkan Demarit,Pirinen Riku Jarmo Tapani,≤100,1
105865605737255,"Anu Åman, Eduskuntavaaliehdokas, Liike Nyt","Anu Åman, Eduskuntavaaliehdokas, Liike Nyt",≤100,1
1598974183738520,Suvi Röntynen,Suvi Röntynen,≤100,1
1905582469749891,Petri Kolmonen - Eduskuntaan 2023,Petri Kolmonen,≤100,1
101123172176059,Miia Immonen,Miia Immonen,≤100,1
467512869934888,Petra Malin,Petra Malin,≤100,1
150360151687243,Pohjanmaan Vasemmisto,Pohjanmaan Vasemmisto ry,≤100,2
355962364777119,Anita Hellman,Anita Hellman,≤100,1
899967553367075,Marko Ekqvist,Marko Ekqvist,≤100,1
34341719742,Metsänhoidon suositukset,Tapio Oy,≤100,2
100681088445278,Arttu Jokikota,Arttu Jokikota,≤100,2
104751504957140,"Gyan Dookie FM, YTM",Gyan Dookie,≤100,1
383923558848811,Creatura,Creatura Think & Do Tank ry,≤100,1
102646299278534,Neea Nukarinen,Neea Jasmin Nukarinen,≤100,1
102558962737748,Antti Pakkanen kansanedustajaksi 2023,Antti Lauri Pakkanen,≤100,2
133895846756176,Varsinais-Suomen Vammais- ja Pitkäaikaissairausjärjestöt VAPI ry,Varsinais-Suomen VAPI ry,≤100,1
163459027024544,Pohjois-Pohjanmaan Keskustanuoret,Pohjois-Pohjanmaan Keskustanuoret,≤100,3
102962981770872,Teresa Rautapää,Teresa Rautapää,≤100,2
111256388258522,Heikki Miettinen SDP,Heikki Errik Miettinen,≤100,1
823788047675556,Call of War,These ads ran without a disclaimer,≤100,2
104526919102564,Jonna Tamminen - ehdolla eduskuntaan 2023,Jonna Tamminen,≤100,1
2292739520955127,Joel Elmaci,Joel Elmaci,≤100,2
100595109104942,Eduskuntavaaliehdokas Piia Kilpeläinen-Tuoma,Piia Kilpeläinen-Tuoma,≤100,1
1479508498994670,Heikki Vestman,Heikki Vestman,≤100,1
104670572551420,Eduskuntavaaliehdokas Teija Löfholm,Teija Löfholm,≤100,1
102443392272479,Fredrik Waselius - SFP RKP,Fredrik Alexander Alarik Waselius,≤100,2
361974700672610,Eläinoikeuspuolue,Eläinoikeuspuolue,≤100,1
662996067471864,Josefina Nissilä SDP,Josefina Nissilä,≤100,2
186519195132281,Svenska Kvinnoförbundet i Sörnäs,Svenska Kvinnoförbundet i Sörnäs,≤100,2
102763568449538,Otto Suhonen - Otollinen valinta eduskuntaan,Otto Suhonen,≤100,1
376504865751149,Santeri Lohi,Santeri Olli Matias Lohi,≤100,1
108846315410361,Henrik Dettmann,Henrik Dettmann,≤100,1
106713535532156,Annu eduskuntaan,Annu Liisa Räsänen,≤100,2
127105617905935,Tulenkantajanaiset,Tulenkantajanaiset,≤100,2
431442960327816,Suvi Karhu,Suvi Karhu,≤100,1
107361237979495,Aarne Raevaara,These ads ran without a disclaimer,≤100,1
110647840532680,Merge Mayor,These ads ran without a disclaimer,≤100,1
104175535956164,Ehdokas Kim Tapper,Kim Christer Tapper,≤100,1
129082145514,Sari Essayah,Sari Miriam Essayah,≤100,1
107678807741248,Eerik Heijari eduskuntaan,Eerik Heijari,≤100,1
105414284840157,Joonas Ryynänen,Joonas Ryynänen,≤100,1
155269724509912,Heikki Autto,Heikki Autto,≤100,1
256500407717963,Aalto Ventures Program,Aalto Ventures Program,≤100,3
416337011847395,Pitäjänuutiset,Kaakon Viestintä Oy,≤100,1
266950800040802,Keskilaakso,Kaakon Viestintä Oy,≤100,1
954591367987189,Länsi-Saimaan Sanomat,Kaakon Viestintä Oy,≤100,1
1318894224842064,Kaisa Kantele,Kaisa Kantele,≤100,1
1851864408411596,Marika Hannula,Marika Hillevi Hannula,≤100,1
1268574939858915,Virve Aho päättäjänä,Virve Birgitta Aho,≤100,1
100636899712,Uusi Suomi,These ads ran without a disclaimer,≤100,1
286396641464964,Virpi Räty,Virpi Kyllikki Räty,≤100,4
107452415164870,Mikko Taavitsainen - Perussuomalaiset,Mikko Matti Johannes Taavitsainen,≤100,2
105659321389472,Pihtiputaan Keskusta,Keskusta Pihtiputaan kunnallisjärjestö,≤100,1
1241114739259876,Marju Markkanen,Marju Elina Markkanen,≤100,2
182101125174279,TAMMI,These ads ran without a disclaimer,≤100,1
536438389888869,"Satu Heinonen, Hämeenlinna",Satu Heinonen,≤100,1
105290968092805,Mika Arponen PS,Mika Arponen,≤100,1
106298971631123,Terhi Holm,Terhi Holm,≤100,1
102468771564945,Poliitikko Sanna Niemelä,Sanna Niemelä,≤100,2
1458828050802981,Viliina Välimäki,Viliina Välimäki,≤100,1
109004368039913,Kokoomuksen Lapuan ehdokkaat,Lapuan Kokoomus,≤100,1
101484828652461,Maaret Laakso Eduskuntavaaliehdokas,Maaret Laakso,≤100,1
159869664136910,"Heli Hallikainen, Eduskuntavaaliehdokas",Heli Hallikainen,≤100,1
115991578087040,"Petra Haapa-aro, politiikka",Petra Haapa-aro,≤100,1
21016374916,Katja Andrejev,Katja Andrejev,≤100,2
212257028078,Toisenlainen Lahja,Toisenlainen Lahja,≤100,3
535172077408271,Jenni Weber,Jenni Weber,≤100,1
104928352444344,Jasmin Granholm,Jasmin Maria Henrietta Granholm,≤100,1
152905108099943,Joensuun Vihreät Nuoret ja Opiskelijat - JoViNO,Joensuun seudun vihreät nuoret,≤100,1
101312995441384,Mirja Anunti-Virta - Sulkavan Kokoomus,Mirja Anneli Anunti-Virta,≤100,2
294487790568395,Anne Kalmari,Anne Kalmari,≤100,5
105987671405748,Tanja Suomalainen,Tanja Suomalainen,≤100,1
1659499757692002,Ira Vainikainen,Ira Vainikainen,≤100,1
163000313811037,Kangasniemen Kunnallislehti,Kaakon Viestintä Oy,≤100,1
141161342713112,Juvan Lehti,Kaakon Viestintä Oy,≤100,1
725505594135727,Adventure Escape,These ads ran without a disclaimer,≤100,1
111423563561221,Moderat Samling för Sund,Erik Schütten,≤100,1
1343649862339921,Saija Porramo,Saija Hannele Porramo,≤100,1
227090094086792,Aleksi Eskelinen,Aleksi Eskelinen,≤100,1
445775442119197,Kaakonkulma,Kaakon Viestintä Oy,≤100,1
114796622032377,eFlexFuel,eFlexFuel/ StepOne Tech,≤100,1
143446715784260,Paikallislehti Joutseno,Kaakon Viestintä Oy,≤100,1
158960604127643,Opintokeskus Visio,Vihreä Sivistysliitto ry,≤100,1
100626015183740,Katri Ruth,Katri Maria Ruth,≤100,1
148387291884447,Pohjois-Savon Keskustanuoret,Pohjois-Savon keskustanuoret,≤100,5
1529132450712026,Paikallislehti Puruvesi,Kaakon Viestintä Oy,≤100,1
1403842966317196,Kokoomus Ulvilassa,Ulvilan Kokoomuksen kunnallistoimikunta,≤100,1
223996244325350,Sastamalan Demarit,Nalli Petri Tapio,≤100,1
336057419777613,Vaasan vaalipiirin vihreät - De Gröna i Vasa valkrets,Vihreät - De Gröna,≤100,1
2126997340753839,Poliitikko Mika Mäentalo,Mika Mäentalo,≤100,1
389885831861634,Jari Karhu,Poliitikko Jari Karhu,≤100,1
109686710912283,Johanna Kauppinen,Johanna Kauppinen,≤100,1
138784779521810,Naisten Linja,Naisten Linja Suomessa ry,≤100,2
227567280653911,SFP i Åbo - Turun RKP,SFP i Åbo,≤100,1
229309442980,Hämeen Kokoomus,Hämeen Kokoomus ry,≤100,1
288203342074873,Eemeli Valli,Eemeli Valli,≤100,1
111955708496511,EUnew24,These ads ran without a disclaimer,≤100,1
102758438535141,Marjut Hovi - eduskuntavaalit 2023,Marjut Hovi,≤100,1
293493520082,Kalevi Sorsa -säätiö,Kalevi Sorsa -säätiö,≤100,1
187930584589013,Espoon Vasemmisto,Espoon Vasemmisto,≤100,1
104776681666617,Alex Seitsamo,Alex Daniel Seitsamo,≤100,1
100530179204882,Inka Häkkinen,Inka Pauliina Häkkinen,≤100,1
108452558722677,Lotta Hamari,Anna Lotta Hamari,≤100,1
733922430102717,Helena Lehkonen - Kokoomus,Helena Marjukka Lehkonen,≤100,1
108272845068399,Henna Helmi Heinonen - politiikan seikkailija,Henna Helmi Inkeri Heinonen,≤100,1
100800578520789,Vilma Järvisalo,Vilma Järvisalo,≤100,1
100679712487851,Toni Ilmaniemi,Toni Mikael Ilmaniemi,≤100,1
342203589167219,Petri Ovaska,Petri Ovaska,≤100,1
1118293491538970,Keskustanaisten Kainuun piiri ry,Keskustanaisten Kainuun piiri ry,≤100,1
108346825426147,Eduskuntavaaliehdokas Hanna Ylläsjärvi-Kuitunen,Hanna Kaisa Ylläsjärvi-Kuitunen,≤100,1
1455062897922248,Kaisa Juuso - Eduskunta,Kaisa Juuso,≤100,1
133459136755839,Ihmisoikeusliitto,Ihmisoikeusliitto,≤100,1
1671119466519543,Matti Helimo Poliitikko,Helimo Matti Antero,≤100,1
541646375868442,Kuopion Keskusta,Keskustan Kuopion kunnallisjärjestö ry,≤100,2
454183291262304,Iisalmen kaupunki - City of Iisalmi,Iisalmen kaupunki,≤100,1
295761038026720,Rosa Tani,Rosa Maria Tani,≤100,1
101979402819589,Ville Ojanen Liike NYT,Ville Ojanen,≤100,1
381290523932,VIKES Viestintä ja kehitys -säätiö,Viestintä ja kehitys -säätiö,≤100,2
1073560966059608,Vasemmistoliiton Eurajoen yhdistys ry,Jarmo Ruohonen,≤100,1
105394282337088,Timo Ripatti,Timo Ripatti,≤100,1
1862495563993265,Vesa Linnanmäki,Vesa Jaakko Linnanmäki,≤100,1
382972838740989,"Jari Kokko, digitalkkari",Jari Kokko,≤100,1
1480877175509481,Tuomas Ojajärvi,Tuomas Ojajärvi,≤100,1
137749176290767,Ålands fredsinstitut - The Åland Islands Peace Institute,Ålands fredsinstitut - The Åland Islands Peace Institute,≤100,1
103079762240785,Bio plum,These ads ran without a disclaimer,≤100,1
154944724595012,Åbo Svenska Teater,These ads ran without a disclaimer,≤100,1
388632775014127,Riitta Savukoski,Riitta Savukoski,≤100,1
163903613685550,Eurooppalainen Suomi ry,Eurooppalainen Suomi ry,≤100,1
33722070600,Vihreät - De Gröna,Vihreä liitto rp.,≤100,1
103572025088274,Akseli Ekola eduskuntaan 2023,Akseli Ekola,≤100,1
104175428164752,Sari Auvinen,Sari Auvinen,≤100,1
2432894460279960,Joni Kumlander- SDP,Joni-Petri Kumlander,≤100,1
608318885858000,"Sirkka-Liisa ""Siku"" Kähärä",Sirkka-Liisa Kähärä,≤100,1
105490675095445,Timo Lähteenmäki,Timo Eerik Lähteenmäki,≤100,1
302941119807716,Rannikkoseutu,These ads ran without a disclaimer,≤100,1
562855913812981,Muuramen Keskusta,Minna Häkkinen,≤100,1
1476212026016455,Hållbart initiativ,Hållbart initiativ rf,≤100,1
402481206753443,Anna Kaisa Kupiainen - VAS,Anna Kupiainen,≤100,1
787095744651498,KS Geoenergi,These ads ran without a disclaimer,≤100,1
294810410627856,Keravan Keskusta,Raija Kallioinen,≤100,1
567009523720659,Eemeli Lehtinen,Elena Anna Maria Nielsen,≤100,1
108474071686282,Reetta Tanila-Järvinen,Reetta Maria Tanila-Järvinen,≤100,1
117594328411158,Pirkanmaan Vasemmisto,Pirkanmaan Vasemmistoliitto,≤100,1
100559435023160,GSE Technologies,These ads ran without a disclaimer,≤100,1
105654777502849,Olga Oinas-Panuma,Ari Veikko Samuli Puska,≤100,1
220697789918249,Jonna Pakisjärvi,Jonna Karoliina Pakisjärvi,≤100,1
119648537697620,iina.hanninen,These ads ran without a disclaimer,≤100,1
754897361541633,"Ulpu Keränen, PerusS",Keränen Niko Tapio,≤100,1
105104301576012,"Pasi Backman, Eduskuntavaaliehdokas, Liike Nyt",Pasi Backman,≤100,1
900334436651383,Oulun Keskustanuoret,Eevasisko Mehtätalo,≤100,1
1031256247077382,Petri Juurakko eduskuntavaaliehdokas 2023 Vaasan vaalipiiri,Erja Gadd,≤100,1
2036235769791285,Ari Koponen,Ari Juhani Koponen,≤100,1
127276773973529,SEVA FOUNDATION,These ads ran without a disclaimer,≤100,1
105066311764000,Karoliina Saraste,Karoliina Saraste,≤100,1
103597027708447,SuperPlanet Games,These ads ran without a disclaimer,≤100,1
502494943190719,Thermory,These ads ran without a disclaimer,≤100,1
1917715138510680,Follow Your Legend,These ads ran without a disclaimer,≤100,1
204002353064451,"Jonna Haavisto, (os. Länsimäki)",Jonna Birgitta Mirjami Haavisto,≤100,1
527351247377965,European Committee of the Regions,European Committee of the Regions,≤100,1
324931050932620,Vasemmistoliitto Äänekoski,Vasemmistoliitto Äänekoski,≤100,1
155438574470276,DW українською,These ads ran without a disclaimer,≤100,1
669307523469574,EveryJew,These ads ran without a disclaimer,≤100,3
11949538375,China Dialogue,These ads ran without a disclaimer,≤100,1
1722656998043900,Uniqkey A/S,These ads ran without a disclaimer,≤100,1
1860782777346343,Astons Russia,These ads ran without a disclaimer,≤100,1
1515909005308067,"Discover Nanjing, China",These ads ran without a disclaimer,≤100,1
188872144758,CCTV,These ads ran without a disclaimer,≤100,1
138423212895912,ao 200 demarit,ao 200 demarit,≤100,1
31292782350,Deutschland.de,These ads ran without a disclaimer,≤100,2
100331992509873,Márcia Belmiro - Finanças,These ads ran without a disclaimer,≤100,1
555547914566083,Grieg Research School in Interdisciplinary Music Studies,These ads ran without a disclaimer,≤100,1
103927502143934,cliff77.77,These ads ran without a disclaimer,≤100,1
102962195574342,Best App to have fun,These ads ran without a disclaimer,≤100,1
21552458050,Wazoku,These ads ran without a disclaimer,≤100,1
161666143844859,Sandvik,These ads ran without a disclaimer,≤100,2