﻿Page ID,Page name,Disclaimer,Amount spent (TRY)
101412155815146,Seracettin Bedirhanoğlu,Seracettin Bedirhanoğlu,1587
176338225842984,Yeşil Sol Parti,Yeşil Sol Parti,960
141870402543282,AK Parti,Ak Parti,951
144295649058307,Ekrem İmamoğlu,Ekrem İmamoğlu,693
101726388406507,Tabuta Sığmayanlar,Tabuta Sığmayanlar,425
510344522371733,Oy ve Ötesi,Oy ve Ötesi,392
76599755300,Kemal Kılıçdaroğlu,Kemal Kılıçdaroğlu,223
158829607558395,Milliyetçi Hareket Partisi (MHP),Milliyetçi Hareket Partisi (MHP),215
111436922211991,AK Parti İstanbul,AK Parti İstanbul İl Başkanlığı,190
101774565815407,Seyfullah Yavuzer Siyaset ve Gündem,Seyfullah Yavuzer Siyaset ve Gündem,101
417251848779475,Mehmet Ersoy,Mehmet Ersoy,≤100
877839188967827,Büyük Türkiye,Adem Demirkol,≤100
217712041637127,AK PARTi Genel Merkez Gençlik Kolları Başkanlığı,AK PARTi Genel Merkez Gençlik Kolları Başkanlığı,≤100
1407759386141852,Ahmet Akın,Ahmet Akın,≤100
1607304669378571,İlk Oy Hareketi,İlk Oy Hareketi,≤100
274475286702,Muharrem İNCE,Muharrem İNCE,≤100
106187277979172,Dijital Gaste,Veysel Karahan,≤100
104555602151780,Ebrar Nura Umutol,Emrah Bilaloglu,≤100
210993622366044,TVNET,TVNET,≤100
105724511499805,Yeniden Refah Partisi,Yeniden Refah Partisi,≤100
213380598742595,Selahattin Demirtaş,Ragıp Incesağır,≤100
1930475813747433,Anket Araştırma Merkezi,Anket Araştırma Merkezi,≤100
114597108291949,Haydi..ama nereye?,Excelligents,≤100
121735140821328,BB Invest,These ads ran without a disclaimer,≤100
294889615437,Sinan Oğan,Sinan Oğan,≤100
103728271055286,Selçuk Kılıçaslan,Selcuk Kilicaslan,≤100
107071471602676,sma.nuhalperen,These ads ran without a disclaimer,≤100
246776586058174,Eyyup Yıldız,Eyyup Yıldız,≤100
392491680944925,Mevlüt Çavuşoğlu,Mevlüt Çavuşoğlu,≤100
118835537839543,Ruken Şahin Kilerci,Opinion Dijital Medya Ajansı,≤100
116867964704909,Av.Ufuk Kanışkan,Ahmet Özer Esgin,≤100
105376981385020,Referandom,Referandom,≤100
100964136258105,Erdoğan Çiftcioğlu,Erdoğan Çiftcioğlu,≤100
787833781580301,Kim Kimdir?,Adem Demirkol,≤100
180404128680446,Dr. Şadi YAZICI,Dr. Şadi YAZICI,≤100
102095934751904,Deva Partisi,Deva Partisi,≤100
426339260809702,Oğul Aktuna,Oğul Aktuna,≤100
1414815935509791,MHP Kayseri Milletvekili Baki Ersoy,Latif Ersoy,≤100
108107585034488,Bahadır Erdem,Bahadır Erdem,≤100
111162852275902,Uluslararası Af Örgütü Türkiye Şubesi,Uluslararası Af Örgütü Türkiye Şubesi,≤100
107821532289110,Aziz kalaycı,Ömer Yatkın,≤100
115689658163861,Hakan Öztürk,Özge Akman,≤100
109540128802596,Türkiye İletişim Grubu,These ads ran without a disclaimer,≤100
500796300357232,Turgay Baştuğ,Milliyetçi Hareket Partisi Ankara İl Başkanlığı,≤100
1439683329600228,Ümit Uysal,Ümit Uysal,≤100
117020081370987,Suleyman Pulat,Süleyman Pulat,≤100
106433519384639,Haber7,Haber7,≤100
1776545895921237,Nedersiniz,Nedersiniz,≤100
109648772104972,NNC MEDYA I nnchaber.com.tr,Kağan Onaran,≤100
191453580768,Yeni Şafak,Piri Medya Anonim Sirketi,≤100
821150371248664,Özgürlük Araştırmaları,Özgürlük Araştırmaları,≤100
928921137187670,ALİ UÇAK,Volkan Erel,≤100
104205562634100,Hakan Satılmış,Hakan Satılmış,≤100
2122382917784550,Şeref Albayrak Halfeti Belediye Başkanı,Şeref Albayrak Halfeti Belediye Başkanı,≤100
106561381741274,Promosyon Kahve,GANİTTO GIDA SANAYİ VE TİCARET ANONİM ŞİRKETİ,≤100
101519926236417,Mustafa Akın,Mustafa Akın,≤100
459314071262613,Zeynettin Aydın,Zeynettin Aydın,≤100
851556338241562,Ayşen Kurt,Ayşen Kurt,≤100
377634282278139,Büyük Birlik Partisi,Büyük Birlik Partisi Genel Merkezi,≤100
462963834529864,Levent Uysal,Levent Uysal,≤100
246451168813753,Yeniden Refah Partisi Çekmeköy İlçe Başkanlığı,Süfyan Ayyildiz,≤100
103285814499773,Hikmet Yalım Halıcı,Hikmet Yalım Halıcı,≤100
439268549551900,Ulaş Karasu,Ulaş Karasu,≤100
425757864244456,Süleyman Karaman,Ali Umar,≤100
1418564168357732,Ali Sinanoğlu,Ali Sinanoğlu,≤100
1411702415710467,Zekai Kaya,Zekai Kaya,≤100
1028368393892777,Mehmet Ali Özkan,Mehmet Ali ÖZKAN,≤100
140117882722855,TE Bilişim,TE Bilişim Yazılım İnternet Kiralama Hizmetleri,≤100
1160506840785202,Murat Kurum,Murat Kurum,≤100
1573208652936912,Mustafa Erdem,Mustafa Erdem,≤100
117332004664282,Ali Selman IŞIK Niğde Millet Vekili,Ali Selman Işik,≤100
108552928182311,Al Sancak Partisi,Nuri Çelebi,≤100
105035178920605,Fabrika Gazete,Fabrika Gazete,≤100
219895681531374,İbrahim Ethem Sedef,Kenan Filik,≤100
109557384233443,Yüksel Taşkın,Yüksel Taşkın,≤100
145750926090655,Zeki Gül,Zeki Gül,≤100
105716839182141,Köylü Kadın,Kurumsal Reklam,≤100
410559885623152,Bodrum Kent Tv,Bodrum Kent Tv,≤100
121480754253214,M. Ali Okul,Muhammet Ali Okul,≤100
106365685235806,Muaz Ergezen,Muaz Ergezen,≤100
111589081920420,Kadınların Gücü,Kurumsal Reklam,≤100
144096473392,Yeşil Gazete,Yeşil Gazete,≤100
107342085674724,Yeniden Refah Partisi Karabük,Fatih Ahmet Karahasan,≤100
1614212022160759,Fehmi Yağlı,Fehmi Yagli,≤100
319026564921676,Vatan Partisi,Vatan Partisi,≤100
136130166537386,AK Parti Bursa İl Başkanlığı,AK Parti Bursa İl Başkanlığı,≤100
120293891041256,Deli Kadın,Kurumsal Reklam,≤100
100345912204104,Nuri Cengiz,Cumhuriyet Halk Partisi,≤100
113506495059583,Kadınların Reisi,Kurumsal Reklam,≤100
108049655614131,Cumhurun Seçimi,Kurumsal Reklam,≤100
100625766126116,Cominify,Cominify,≤100
100474483029551,Trabzon için Hemen Şimdi,Adil Çözüm,≤100
100183523065598,Mutlu Akkaya,Mutlu Akkaya,≤100
585934561515114,HÜSNÜ DOĞAN,HÜSNÜ DOĞAN,≤100
111782807257990,meysam_2481632,These ads ran without a disclaimer,≤100
188735457815836,Emekçi Hareket Partisi (EHP),Emekçi Hareket Partisi,≤100
815048841929079,M. Ergün Turan,M. Ergün Turan,≤100
413113452433564,Cengiz Gökçel,Cengiz Gökçel,≤100
101373896284011,Sma Hastası Azer Bebek - Bağış Kampanyası,Irem Kaplan,≤100
103599182728857,Doğru Adam,Kurumsal Reklam,≤100
252568965442843,Talat Dinçer,Talat Dinçer,≤100
108368504172593,SES Eşitlik ve Dayanışma Derneği,SES Eşitlik ve Dayanışma Derneği,≤100
101906452899804,Bay Kemal,Kurumsal Reklam,≤100
113488565046764,Av. Arslan Bolat,Av Arslan Bolat,≤100
119960821075537,Milletin Sesi,Kurumsal Reklam,≤100
273568980163535,Serdar Soydan MHP,Tasarım Medya Reklam,≤100
114269278299196,Ahmet Ertürk İyi Parti,Ahmet Ertürk,≤100
113562291720284,Cumhuriyetçi Kadın,Kurumsal Reklam,≤100
338192240782851,Davut Gürkan,Davut Gürkan,≤100
122690747467671,Sana Söz Türkiye,Kurumsal Reklam,≤100
451783681662191,Ali Özkaya,Ali Özkaya,≤100
101198518278121,Mehmet Selim Girbiyanoğlu,Mehmet Selim Girbiyanoglu,≤100
1620080691588973,Serkan SARI,Serkan Sarı,≤100
459374448202949,Doruk BULUT,Doruk Bulut,≤100
109514177857013,Yeniden Refah Partisi Simav,Yeniden Refah Partisi Simav İlçe Başkanlığı,≤100
2120953421492585,Oğuz Yılmaz Sosyal Medya Sayfası,Oğuz Yılmaz Sosyal Medya Sayfası,≤100
107850404005558,Kent 77,Umut Kucukbayraktar,≤100
654681201281174,Mehmet Bülent Karataş,These ads ran without a disclaimer,≤100
117292434655657,Mehmet Kamil ŞİRİN,Nergiz Elmas Aydoğdu,≤100
1493940890859471,Birileri Var,Birileri Var,≤100
364737534025103,Bora Yörükoğlu İYİ Parti,Bora Yörükoğlu İYİ Parti,≤100
107924807410702,Samet Bağcı,Samet Bağcı,≤100
102824892800588,Zeynep Bilgiç,Zeynep Bilgiç,≤100
465887546792664,Halkın Kurtuluş Partisi - HKP,TAYFUR BİN,≤100
103285814499773,Hikmet Yalım Halıcı,Kadir Dede,≤100
125147680485982,Ecz. Özlem Ayrancı Nebioğlu,Özlem Ayrancı Nebioğlu,≤100
116905004727285,Mesut Soyfidan,Mesut Soyfidan,≤100
1156591567874276,Halil Arda,Halil Arda,≤100
104790481715851,ازجمله,Azjomle,≤100
101049279648025,Hulusi AKAR,These ads ran without a disclaimer,≤100
463215923715177,Mehmet Yiğiner,Bekir Koyuncu,≤100
610661965731902,Mersin BEYAZ Gündem,Suleyman Tas,≤100
119377904457065,Kayseri Bağımsız Milletvekili Adayı Emre Çakmakçi,Emre Çakmakçi,≤100
337722134198223,Yaşar Yazici,yaşar yazıcı,≤100
108855465479915,Halk Haber Ajansı Yerel Gündem,Resul Mesut Büyüksarı,≤100
467398480038872,Dursun ATAŞ İYİ PARTİ Kayseri Milletvekili,Dursun ATAŞ İYİ PARTİ Kayseri Milletvekili,≤100
122654387479002,Sevda Karaca,Sevda Karaca Demir,≤100
387815221726251,Jale Nur Süllü,Jale Nur Süllü,≤100
107184060866156,Limitsiz Bilgi,These ads ran without a disclaimer,≤100
107276120819529,Halk Haber TV,SİRİUS REKLAM ORGANİZASYON SANAYİ VE TİCARET LİMİTED ŞİRKETİ,≤100
100844699674992,m_eminekmen,These ads ran without a disclaimer,≤100
890935934274178,Serdar Sandal,Burak Özer,≤100
116108505131797,İsmail Erdem,İsmail Erdem,≤100
101353555909780,HaberWepte.Com,HaberWepte.Com,≤100
1688458138057250,Büyükşehir Haber,Büyükşehir Haber,≤100
126424754165391,Yunus Kaan Kısaca,Yunus Kaan  Kisaca,≤100
423617427821859,Erdem ÖKSÜZ,These ads ran without a disclaimer,≤100
106406051603973,Mega Haber,Mega Haber,≤100
358423644240138,Aydın Hedef Gazetesi,Aydın Hedef Gazetesi,≤100
772187612859346,Erkan Haberal,Erkan Haberal,≤100
104373561467884,Serhat Servet Dövenci,Serhat Servet Dövenci33,≤100
117838861275362,Fahrettin Tuğrul,Fahrettin Tuğrul,≤100
422728948538319,Recep Bakırcı,Hasan Fehmi Demir,≤100
742924015834670,Başak Gazetesi,Başak Gazetesi,≤100
109927550576204,ozayrdvn,ozayrdvn,≤100
457983201324467,Ahmet Ertürk Aydın Milletvekili Adayı,Ahmet Ertürk,≤100
354633645166845,Çöllü Eczanesi,These ads ran without a disclaimer,≤100
109530428771561,Ali Paşa Naipoğlu,Nergiz Elmas Aydoğdu,≤100
104673902279375,Güçlü Lider Güçlü Türkiye,Güçlü Lider Güçlü Türkiye,≤100
176072639822302,İYİ Parti Kocaeli İl Başkanlığı,Semih Çalışkan,≤100
109389565473710,Anahtar Sende,Ahmet Asena,≤100
511707202180465,Kangal Aşkk'tır,Fırat Yıldız Ahmet,≤100
805926876122264,Suat Özçağdaş,Suat Özçağdaş,≤100
101579449561816,Harun ALGÜL,Harun Algül,≤100
101742219570110,Reis Reisoğlu,Servet Törer,≤100
176400353078432,Yasemi Sarıçiçek,Yasemi Sarıçiçek,≤100
373938392217,AK PARTİ ANKARA İL BAŞKANLIĞI,AK PARTİ ANKARA İL BAŞKANLIĞI,≤100
114651884945940,Zafer Partisi Aydın 1. Sıra Milletvekili Adayı Seray Ünbay,Sensin Kumcuoğlu,≤100
107272515319025,Son Kale Türkiye,Son Kale Türkiye,≤100
167633913392268,Kolejliler,Fırat Yıldız Ahmet,≤100
1985687308391802,İlhan Ocaklı,İlhan Ocaklı,≤100
104583269180967,Nusret Acur,Semih Çalışkan,≤100
370802392936678,Antalya Muratpaşa Belediyesi,Antalya Muratpaşa Belediyesi,≤100
106257739113036,Yudum Kaşıkçı,Yudum Kaşıkçı,≤100
113229965003082,AK Parti/MHP/BBP Cumhur İttifakı,Erol Cihangir,≤100
1563142747277396,Vecdi Gündoğdu,Vecdi Gundogdu,≤100
114951609920936,Kısa Dalga Medya,Kısa Dalga Medya,≤100
116499914746115,Av. Müslüm C. Akalın,Av. Müslüm C. Akalın,≤100
1540559519551922,Saruhan Oluç,Saruhan Oluç,≤100
106617485469890,Türk Askeri,Türk Askeri,≤100
112704295135841,Hasan Yalçın,Advert Digital,≤100
598725973543356,CHP Antalya Gençlik Kolları,CHP Antalya Gençlik Kolları,≤100
106789305232883,وكالة الشرق الأوسط الإخبارية,وكالة الشرق الأوسط الإخبارية,≤100
105921002460174,Esra Kahraman Sönmez,Esra Kahraman,≤100
931582536885851,Vatan Partisi Alanya,These ads ran without a disclaimer,≤100
101949599355129,Bahadır Güler,Bahadır Güler,≤100
2171025259612438,Tufan Akan,Tufan Akan,≤100
103400816031847,Halkhaberajansı,Sirius Reklam Organizasyon Sanayi ve Ticaret Ltd. Şti,≤100
1807684336017268,Rıdvan Eşin,Gökhan Öztürk,≤100
1559758127613048,Bizim Outdoor,Bizim Outdoor,≤100
533617450479963,İdris Naim ŞAHİN,İdris Naim ŞAHİN,≤100
206541136053869,Behçet SAATCI,Behçet Saatcı,≤100
370465530355174,Mustafa Demir,Mustafa Demir,≤100
103984509238399,Halk Haber,Halk Haber,≤100
557866130988813,Çiftçi TV,Çiftçi TV,≤100
1146623488739350,Kocaeli Cumhuriyet TV,Bülent Karagöz,≤100
108223931642561,SamsunE-dergi,Samsun E Dergi,≤100
1586908438234661,İsmail Faruk AKSU,İsmail Faruk AKSU,≤100
102140562817277,Gündem Türkiyem,Gündem Türkiyem,≤100
103331031478719,Rıfat T. Nalbantoğlu,Rıfat T. Nalbantoğlu,≤100
737340966376001,Metin Kala,Metin Kala,≤100
365143460306115,Şerafettin Kılıç,Saadet Partisi,≤100
101451778253942,Hilmi Durgun,Faruk Islek,≤100
109698035438316,fatihhkayya,Fatih Kaya,≤100
113823067080077,DEVA Partisi Sivas İl Teşkilatı,Taha Kutlu Çevik,≤100
466041427161963,ERSİN BEYAZ,Ersin Beyaz,≤100
298764070816267,Mehmet Tütüncü,Mehmet TÜTÜNCÜ Türkiye Temsilcisi,≤100
688171551625323,Sümeyra Moda,These ads ran without a disclaimer,≤100
621229804571861,Fethi Yaşar,Fethi Yaşar,≤100
100206242879310,ai.emre,These ads ran without a disclaimer,≤100
127896160644676,KORAY AYDIN,KORAY AYDIN,≤100
105870245775927,Ibrahim Şekeroglu,These ads ran without a disclaimer,≤100
1109174959100325,CHP Konyaaltı Gençlik Kolları,Eraycan Yılmaz,≤100
113851270433840,Türkiye İşçi Partisi-Antalya,Eylem Karaman,≤100
108390012832175,Fatih Akkentli,Fatih Akkentli,≤100
839363442860590,Dr. Mustafa Canbey,Mustafa Canbey,≤100
105654439175027,Kaan KOÇ,Selçuk Soner Yılmaz,≤100
1538797929729690,Erkan Dönmez,Erkan Dönmez,≤100
219031704851494,SAS (Satın Almayın Sahiplenin),Fırat Yıldız Ahmet,≤100
105564428492510,منتدى الحوار الشبابي,مركز الحوار السوري,≤100
1572709256359993,İnternethaber TV,HADİ ÖZIŞIK,≤100
276652289141318,OSMAN KOZAN,Osman Kozan,≤100
101262476299945,kartalsol,These ads ran without a disclaimer,≤100
106721105738428,Emin Selim Akgül,Elif Beyza Tekin,≤100
118257014567473,Dr. Fatih Öztek,Mehmet Fatih Öztek,≤100
589313961445602,Dr. Osman Berke Duvan CHP Adana Milletvekili Adayı,Dr. Osman Berke Duvan CHP Adana Milletvekili Adayı,≤100
497191817041688,Erdoğan Gönüllüleri,Woo Medya ve Organizasyon Ltd Şti,≤100
528071707564813,Uğurhan Tiryaki,Uğurhan Tiryaki,≤100
104691722197784,صحيفة الاستقلال - العربية,صحيفة الاستقلال,≤100
209175722605698,Saffet Sancaklı,Saffet Sancaklı,≤100
107233182319799,Hatice Yıldız,Ramazan Savaş,≤100
104039202681868,Anıl Denizci,Kazım Sadıkoğlu,≤100
719183108201915,Abdullah AKIN,Oktay Aydın,≤100
374547199341007,Emin ÇINAR,Emin Çınar,≤100
144369108949589,Prof. Dr. Yasemin AÇIK,Prof. Dr. Yasemin AÇIK,≤100
231970217587294,Hasan Basri Sönmez,Hasan Basri Sönmez,≤100
1154567641227291,Türkiye Komünist Hareketi - TKH,Türkiye Komünist Hareketi - TKH,≤100
107672922316658,Mehmet Bağlar,Mesut Tugrul,≤100
101647438616294,Sertaç Alkaya,Sertaç Alkaya,≤100
102441516113904,CHP Kilis İl Başkanlığı,Servet Törer,≤100
654681201281174,Mehmet Bülent Karataş,Mehmet Bülent Karataş,≤100
104723235949178,Edip Eker,Edip Eker,≤100
111536828449405,alberoartecomtr,These ads ran without a disclaimer,≤100
549579538907553,Erhan ÖZHAN I Bünyan I Kayseri,Erhan Ozhan,≤100
103965639335616,Var mısın Antalya?,Faruk Islek,≤100
119555984413348,Mustafa Enis Arabacı,Mehmet Dinler,≤100
106605925076,Erkin Asiya Radiosi,These ads ran without a disclaimer,≤100
108268188512494,Evernow,These ads ran without a disclaimer,≤100