﻿Page ID,Page name,Disclaimer,Amount spent (INR)
1041070232620031,Sesame Workshop - India,Sesame Workshop India,17273
109937650579639,discovery+,discovery+,7769
21169267101,Give,Give,3505
116686674717004,P&G Shiksha,These ads ran without a disclaimer,3218
102805338922824,bmgfindia,These ads ran without a disclaimer,1890
109545244848137,Crafto,Kutumb App,1187
132689140088396,smilefoundation,smilefoundation,992
30290552843,Greenpeace India,Greenpeace Environment Trust,942
114233898263244,Indian Compass Videos,theindiancompass.com,688
107395897271506,Kutumb,Swatantra Verma,679
914355578702015,Pankaj Kochar,Prashant Sharma,662
104663008973111,मैं मिथिला हूँ,Summit Polcom,648
102288061192895,Youth Transformers,Youth Transformers,609
1987488401557504,Mahathugbandhan - महाठगबंधन,Mahathugbandhan - महाठगबंधन,528
123405501008524,Mercedes-Benz India,Mercedes-Benz India,491
174283119250672,Bal Raksha Bharat,Bal Raksha Bharat,487
759648637431658,Mohit Goel,Sandeep Kumar Panchal,479
322531835234894,Mohinder Goyal,Kanav Kathuria,472
797927846899300,Flag Foundation of India,Flag Foundation of India,469
578430339598121,Lalit Panwar,Kanav Kathuria,456
153192418171615,जनेऊँ क्रांति Janeu Kranti,Chandra Mohan,424
574079826086251,Phir Ek Baar Modi Sarkar,phirekbaarmodisarkar.com,422
102343199208180,Kutumb Retreat: De-Addiction Rehabilitation Centre,Sneha Gupta,416
772416126145703,PACE - IIT & Medical,These ads ran without a disclaimer,400
2205544183064603,Surender Panwar,Ashish Sakhuja,324
100628949640718,Abhishek Gupta Bus Service,Pranav Kumar,322
532582040125177,Polkhol Maharashtra - Kantikumar Jain,Kantikumar Harakchandji Jain,292
116188663565362,Kapil Dua,Kapil Dua,286
200032803972945,BrajTown - Mathura,BrajTown - Mathura,273
108366798238330,Haryana Affordable Housing Scheme,Arpit Mittal,257
1108242266050014,Mohan Lal,Kanav Kathuria,253
746568209028564,Dr. Basu Eye Hospital,Dr. Basu Eye Hospital,239
100974976268078,Thp Gift,Lata Vani,232
270666596375251,Jhatkaa.org,Jhatkaa.org,215
243524299157863,Pushkar Singh Dhami,Pushkar Singh Dhami,212
140930379388330,Kishan Reddy Gangapuram,Kishan Reddy Gangapuram,209
111311881061077,"Jaspreet Singh karamsar , Chairman Dharm Parchar Committee",Karamsar,209
102123079337554,International Society for Krishna Consciousness,ISKCON Delhi,192
104718025267304,Adore Prima,Arpit Mittal,190
103782051383159,School of Politics,School of Politics,187
102715296085726,Neta Ji,Deepak Mehla,182
605390272841833,Shrirang Appa Barne,Abhay Balu Ahire,178
101610392620043,ITS Speciality Dental Clinic,ITS Speciality Dental Clinic,173
805526169610318,Shubhashray Housing India,shubhashray housing india,170
878515282172996,Shri Dutt Sharma MLA,Hemanth Purohit,160
107334185444129,Charitism Global,Charitism Global,160
113819783860759,Dinesh Khatik,Harish Sahrawat,154
165714096933078,Piyush Goyal,Piyush Goyal,144
102157409392910,Arjun Singh Marwah BJP,Kushal Majithia,133
116383754696955,Antardhwani - The Inner Voice,Antardhwani,130
1433526693616228,Himachali Rishta - हिमाचली रिश्ता डॉट कॉम,Himachali Rishta - हिमाचली रिश्ता डॉट कॉम,129
137160276963736,Egniol,These ads ran without a disclaimer,126
108899661481207,Deol,These ads ran without a disclaimer,125
412468145495802,Kartar Singh Tanwar,Kartar Singh Tanwar,122
1469646599969390,Qaumi Awaz,QAUMI AWAZ,114
104050985586417,Dharmendra Bhardwaj,Harish Sahrawat,111
479998865355592,Aditya Birla Group,Aditya Birla Group,109
109552041604561,Tedhi Medhi Family,These ads ran without a disclaimer,107
216506801885954,Pankaj Chaudhary,Yash Bagh,103
2371509423120505,Kailash Sahu,Kailash Sahu,≤100
1929823443694918,Pardeep Lohan,Pardeep Kumar,≤100
375394599197605,Parvesh Sahib Singh,Dhiraj Bhardwaj,≤100
116855094744421,Harbeer Singh Panwar,Akash Chaudhary,≤100
101921952879141,Gadar News Tv,Gadar News Tv,≤100
33497111948,Child Rights and You,Child Rights and You,≤100
168224816536648,Platinum Days of Love,These ads ran without a disclaimer,≤100
120302846547022,SilverGenie,SilverGenie,≤100
156305911727294,Ravinder Singh Negi,Shyam Sunder Singh Negi,≤100
389557067910726,Arvind Menon,Abhishek Shukla,≤100
827495487267419,Amin Pathan,Amin Pathan,≤100
119521264725553,Q21,These ads ran without a disclaimer,≤100
104224979066687,The Unmute AUS NZ,The Unmute AUS NZ,≤100
285029500623,CARE India,CARE India,≤100
102096317092734,Amit Kharkhari,Vivek Vashisth,≤100
216504502636801,ObserveNow,ObserveNow,≤100
109189744695292,Hardip Singh Mundian,Hardip Singh,≤100
100215891807974,Chandra Shekhar Yadav,Chandra Shekhar Yadav,≤100
112709838355954,Prachar99,Prachar99,≤100
2010575662394686,NKT,These ads ran without a disclaimer,≤100
118592938221174,ZTE Corporation,These ads ran without a disclaimer,≤100
2238940452991193,Adv. Santosh Pandey,Kunal Jitendra Ajmera,≤100
398130620306151,Raj Bahadur Chauhan,Raj Bahadur Chauhan,≤100
102218576103904,Badlaav ki Aandhi Priyanka Gandhi,Badlaav Ki Aandhi Priyanka Gandhi,≤100
174953884087142,Priyanka Penchi,Varun Shivpuriya,≤100
276657392665265,Janhitnews Delhi,Sudeep Singh,≤100
111068208467066,Dhanlaxmi Finance,These ads ran without a disclaimer,≤100
1807761416182426,Kamal Midha,Kamal Midha,≤100
109312128438136,CSR campaign c83db1c9fa7d4e7dbe778db1b7180e21,Manojit Ghosh,≤100
163751763980552,Radheshyam Upadhyay,Radhey Shyam Upadhyay,≤100
224618077692752,Sanjay Tandon,CosMark Media Pvt Ltd,≤100
100579492974806,Garibo Ke Modi,Garibo Ke Modi,≤100
329592260433465,Kamal Yadav,Vikas Chopra,≤100
118227367824577,Garuda Aerospace Pvt Ltd,Garuda Aerospace Pvt Ltd,≤100
108233988949117,HK Ashal,Akash Singh,≤100
107797718803049,Harisingh Dhangar BJP,Hitarth Sharma,≤100
304580763015704,Amit Chavda,Saumil Jashminroy Raval,≤100
101437656247049,Modi Quotes,Modi Quotes,≤100
354781738391591,Harender singhal,Harender singhal,≤100
811055169008794,Dr. Bonthu Rammohan,Ram Mohan Bontu,≤100
282198256011533,PM Narendra Swamy,PM Narendra Swamy,≤100
107760062318468,E-Mudra Loan,Ajay Tiwari,≤100
100549119644561,Jo Ram Ko Laye Hain Hum Unko Layenge 2024,Jo Ram Ko Laye Hain Hum Unko Layenge 2024,≤100
973189589455249,Thakur Jaivir Singh,Thakur Jaivir Singh,≤100
114099648349304,Gopal Sahu,Vivek Banchhor,≤100
918012775255465,Abhimanyu Singh,Abhimanyu Singh  अभिमन्यु सिंह,≤100
515733388449554,Sunil Parihar,Divyesh Parihar,≤100
1521106071438318,CMO Chhattisgarh,IVS Corporation,≤100
110335041989364,महाराष्ट्राचे भविष्य एकनाथ,महाराष्ट्राचे भविष्य एकनाथ,≤100
338791202812647,Earth Care Awards,Prabhindar Singh Chopra,≤100
339835596096353,Satish Poonia,Satish Poonia,≤100
1423768791189124,Yashpal Batra,Yashpal Batra,≤100
104962185443370,Chaman Kapoor,Rama Prajapati,≤100
105671775473178,Jan Suraaj,Jan Suraaj,≤100
106227055800259,Mission 2031,Rajendar Parsad Jain,≤100
1821265158148261,Parag Shah,Kunal Jitendra Ajmera,≤100
106689475774641,Aman Dubey,Aman Dubey,≤100
418953654897992,Jitender Gothwal,Ganesh Kumar,≤100
2138900846327639,Swami Pravakta Nand Ji,Jay Drath Prawakta Nand,≤100
1958673024455049,Sattu Mallesh,Sattu Mallesh,≤100
411129449009589,K.C. Venugopal,K.C. Venugopal,≤100
361031561139301,Rakesh Jangir,Saurabh Singh,≤100
509680612544315,Dr.Sanjeev Kumar,Saket Kumar,≤100
204599692918446,Rajesh Ranjan,Rajesh Ranjan,≤100
514993248868293,Kuldeep Singh Dhaliwal,Kushagra Pathak,≤100
367693910079524,Mohit Jaswant Yadav Page,Mohit Yadav,≤100
216879079078673,Sanjay Singh Yadav,Sanjay Singh Yadav,≤100
2176894079208790,LawStreet Journal,Law Street,≤100
108638702066665,Deepak Ajeet Khatri,Deepak Khatri,≤100
1932900346831325,Rajesh D Sanghvi,Rajesh Dineshchandra Sanghvi,≤100
110857632019260,Samajwadi Party Uttar Pradesh,Mohit Johari,≤100
103542485852046,Swami Vivekanand Gujarat Rajya Yuva Board,Swami Vivekanand Gujarat Rajya Yuva Board,≤100
1561939470716058,Kuldeep Kumar,Balram Singh,≤100
177924969696841,Rajendra Tiwari,Shivam Dubey,≤100
866373827037447,Pradeep Narwal,Saurabh Narwal,≤100
108935364979003,Ragidi Laxma Reddy,Laxmareddy Ragidi,≤100
104441165999273,E-Mudra Capital,Pravinbhai Sindha,≤100
318205675275285,APL Apollo Tubes Limited,APL Apollo Tubes,≤100
285403455681355,Railway Children India,Railway Children India,≤100
112399491818085,अविरल चल अनुराग,अविरल चल अनुराग,≤100
100431198974608,Er Ghanshyam Kashyap Bjym,Er Ghanshyam Kashyap Bjym,≤100
1464414077034071,BJP ST Morcha,Bhavesh Govindbhai Lodha,≤100
301902473766068,முதல்வன் OPS,M Mahalakshmi,≤100
889810991147251,Nyamar Karbak,Nyamar Karbak,≤100
132689140088396,smilefoundation,Smile Foundation,≤100
100907278288816,HINDU AID international,These ads ran without a disclaimer,≤100
102766972054067,Pradeep Yadav,Pradeep Yadav,≤100
263560423714979,Dr. Mahesh Sharma,Subham Singh,≤100
796727237089860,Action India,Rakesh Bhardwaj,≤100
100955801920583,Meenakshi Chandela,Luxmi Devi,≤100
679159028834779,ममता मीना,Mamta Meena,≤100
316365575140365,Rozana Spokesman,Anish Singh,≤100
102112294844241,Hemlata Diwakar Kushwaha,Puneet Kumar Singh,≤100
100735178208398,Udyami India,Samadhan Samiti,≤100
2035669320006585,प्रभाती लाल जाट RAS,Pankaj Sharma,≤100
100196004828444,North Eastern Council,Sourabh Arvind Dubey,≤100
743418359142684,Bajrangi Prasad Yadav,Bajrangi Prasad Yadav,≤100
582059248497587,Ashish Sood,Ashish Sood,≤100
713416382011902,Sahil Shivaji Kedari,Sahil Shivaji Kedari,≤100
112314771829803,NorthEast Global Investors Summit,Sourabh Arvind Dubey,≤100
151402265453863,Gurpreet brar,Gurpreet brar,≤100
100740282107366,Rahul Yadav,SABERLING TECHNOLOGY PRIVATE LIMITED,≤100
892110527476687,Rajendra Singh Yadav,Riyaz Ahmad,≤100
918414611597115,Amar Prasad Reddy,Venkata Satish Chandu,≤100
644400709346753,Adv.Uma Shanker Sharma,Adv.Uma Shanker Sharma,≤100
101571686227986,Fans of ਦੀਪ ਸਿੱਧੂ - Deep Sidhu,Real Social,≤100
994578073995343,B. L. Verma,Sourabh Arvind Dubey,≤100
170406447891376,Dr. Koteswara Rao,These ads ran without a disclaimer,≤100
347337386104390,Ramachandra Yadav,B Ramachandra,≤100
615440561843630,Pusp Jain,Bharat P. Talaisha,≤100
1170127696364395,Anil Maan Nalwa,Sezal Maan,≤100
558095644313561,Manish Rawat,Manish Rawat,≤100
109916533853207,AMIT KUMAR SINGH,Akash Singh,≤100
1706371292942156,"Ministry of Development of North Eastern Region, Government of India","Ministry of Development of North Eastern Region, Government of India",≤100
121924297508141,Impact Guru Foundation India,Impact Guru Foundation,≤100
101831845737766,Neeraj Pant,Balram Singh,≤100
114445738281774,Mukesh Sharma,Himanshu Goel,≤100
1656810004631832,Youth 4 BJP,Adv Tech,≤100
109046802169655,Rahul Jagdish Nayar,Click2Public Technologies OPC Pvt. Ltd.,≤100
256683878023906,Atul Bora  অতুল বৰা,Atish Mitra,≤100
680923035433709,Chowna Mein,Zakti Digital Services Pvt Ltd,≤100
155418314920954,Orchid HRD Trainings भाषणकला व राजकीय नेतृत्व कौशल्य प्रशिक्षण,Ganesh Subhashrao Lomte,≤100
103719669313108,Rajkumari Gurjar,Pankaj Sharma,≤100
385303288239154,Raghuveer Singh Tanwar,Raghuveer Singh Tanwar,≤100
114513331559241,Viral Edgy,Yatendra Sukla,≤100
145703105530196,Brahmachari Chaitanyanand Ji,Prashant Gupta,≤100
162115051234970,Dharmendra Singh Lodhi mla,Dharmendra Singh Lodhi,≤100
381937732180611,Vineet Joshi,Vineet Joshi,≤100
1785302198354679,Dr. Somendra Tomar,Somendra Singh,≤100
2192634230999357,Sohan Dhill,Sohan Dhill,≤100
552159824873262,Kethireddy M.L.A,Venkata Krishna Reddy Kethireddy,≤100
105025249233764,Congress Prachar,Brij Mohan Duggal,≤100
807729982669771,Chaudhary jeetandra singh jatav,Akash Singh,≤100
2159484957646626,Mahant Daleep Rawat,Daleep,≤100
101825442668389,Janhit TV Patna,Sudeep Singh,≤100
122672260821443,Rajasthan Wale,Goldy Tyagi,≤100
106477475650941,Mulubhai Bera,Piyush Mantri,≤100
345702226193796,Premshankar Verma MLA,Harsh Verma,≤100
276512419511205,Kathi Karthika,Policy Briefcase,≤100
101701732123185,Lok Sansad,These ads ran without a disclaimer,≤100
115319398191031,Pt Bhoop Singh Sharma,Click2Public Technologies OPC Pvt. Ltd.,≤100
220803731286272,Panasonic India,Amit Chauhan,≤100
186199704897466,RD Foundation,RD Foundation,≤100
101670134611350,Dhaularam Yadav BJP,Dhaularam Yadav BJP,≤100
104633612411419,Dr Samir Kagalkar,Dr Samir Kagalkar,≤100
526222491203445,The Chaupal,The Chaupal,≤100
1100583156625229,Dheeraj Gurjar,Dheeraj Gujar,≤100
302417850271322,National Samachar 24x7,National Samachar 24x7,≤100
389557067910726,Arvind Menon,Arvind Menon,≤100
108432861353908,Karan Singh Yadav,Mukesh Kumar Yadav,≤100
103760102031014,Rajeshwar Singh,Medevento Planner,≤100
102255422772071,Mahesh Jethmalani,Mahesh Jethmalani,≤100
618558161919690,DC Car Studio,DC Car Studio,≤100
404746486258732,Project Nanhi Kali,Project Nanhi Kali,≤100
327435757385465,Jaisingh Agrawal,Jaisingh Agrawal,≤100
995582213894808,Kothapalli Geetha,Venkata Satish Chandu,≤100
747930775373319,Saral Patel,Saral Patel,≤100
102250202270791,Karni Singh Ladnun,Karni Singh Rathore,≤100
102564127754248,Er Ravinder Rana,Ravinder Rana,≤100
1675237799375590,Chandra Mohan Patowary,Jitendra Newatia,≤100
102578761614485,Saqlain Kamdar,Saqlain Kamdar,≤100
106217671329032,Aditya Dhankhar,Aditya Dhankhar,≤100
112061804808512,Bihar State Sports Authority - BSSA,Ajit Kumar,≤100
104736419210593,PACE INDIA,PACE INDIA,≤100
114717553693865,Liberal TV,Liberal TV Punjabi,≤100
248587271966546,Lachha Ram  Badarda,Lachha Ram  Badarda,≤100
333426070147135,Benny Kuriakose Associates,Benny Kuriakose Associates,≤100
242760766146177,Capt Vikas Gupta,Vikas Gupta,≤100
101981918812659,Sindjus,These ads ran without a disclaimer,≤100
555009411337356,Sanjeev Goel Sikka,Sandeep Kumar Sharma,≤100
390976557590103,I Support Narendra Modi,I Support Narendra Modi,≤100
350558792662542,Neeru Yadav,Manish Yadav,≤100
2610079412396734,Amaresh Rai,Amaresh Kumar Rai,≤100
506140783198430,Sonia Doohan,Zaid Ahmed Khan,≤100
647353902009584,Dr. Nilam Yadav,Nilam Yadav,≤100
1919704441684688,Rakesh Sachan,Manvendra Sachan,≤100
195167817324812,Pawan Khera,Pawan Khera,≤100
109478065061495,DilipSinh Gohil - BAPU,Vikas Acharya,≤100
152154292012572,Navjivan,Navjivan,≤100
104537962616170,BJP Prachar,BJP Prachar,≤100
100414901755085,Lok Sabha Raipur Aap PsPannu,Naresh Kumar Shoeran,≤100
912964308811725,Virender Singh Bisht,Balram Singh,≤100
121936820894514,Apna Rajasthan,Goldy Tyagi,≤100
10150110302115599,Genesis Foundation,Genesis Foundation,≤100
235746856771965,HVP Mandal,HVP Mandal,≤100
103040206040226,Dr. B S Ajaikumar's Thought Leadership,Dr. B S Ajaikumar's Thought Leadership,≤100
132806813793938,Paramjit Singh Sarna,Harjap Singh Dhingra,≤100
1644165492504830,Anekal Ramoji Gowda,Ramoji Gowda,≤100
105971422010681,Kumar Gautam AAP,Kumar Gautam AAP,≤100
111255358620898,Virendra Kumar Sharma,TSM,≤100
204318116677554,National Herald,National Herald,≤100
278319216361879,D S R Patil,D S R Patil,≤100
317042561720861,Sunil Deodhar,Dharmendrasing Narendrasing Rajput,≤100
835481029818511,Rahul Tiwari,Shivam Dubey,≤100
511725522329475,Sampurna Samachar Seva,Sampurna Samachar Seva,≤100
1360805680600676,Sandeep Kshirsagar,Yogesh Padmakarrao Pawar,≤100
110847490543428,Vipul Kumar Salwan,Vipul Kumar Salwan,≤100
142752549111246,Construction World Magazine,Asapp Info Global Services Pvt. Ltd,≤100
104122195260035,Bharti Tarun Kaushik Bhaiya Ji,Tarun Kumar Kaushik,≤100
110900615241269,Ramanuj Sharma,Ramanuj Sharma,≤100
100788579004959,अटल बिहारी वाजपेयी हिंदी विवि भोपाल मध्य प्रदेश अध्ययन केंद्र,Shivam Kumar Choubey,≤100
113858681342028,Dr. Anjali Yadav,Shiv Charan,≤100
122954524128848,Anaadi Tv Digital,Gautam Singh,≤100
207343709721346,Harbhajan Singh ETO,Harshjit Singh,≤100
678876002499539,Mohd Shamim Khan,Shamim Khan,≤100
1651727365046605,Pukh Raj Parashar,Pukh Raj Parashar,≤100
1731493857081536,Dr. Kuldeep Bhandari,Dr. Kuldeep Bhandari,≤100
105625338928748,DR. Ramkishor choudhary,DR. Ramkishor choudhary,≤100
116476584663869,Sirikonda Madhusudanachary,Sirikonda Madhusudanachary,≤100
101172242346540,Prince Chaudhary,Nitin Kumar,≤100
421962034490470,Dhananjay Mahadik MP Kolhapur,Ashwamedha Media,≤100
110194685265228,Praveen Jha,Praveen Jha,≤100
105666722085928,Dhanraj Kundu AAP,Naresh Kumar Shoeran,≤100
144981609477408,Sardar Jasbir Singh AAP CG,Naresh Kumar Shoeran,≤100
105547865434916,Code Elections,Code Elections,≤100
1433894153522813,Pramod Bhaya,Kapil Sain,≤100
163190160489585,Vasundhara Raje,Vasundhara Raje,≤100
1678177965761136,ANKUR POPLY BJP,Ankur,≤100
1464107573864436,Lalit Yadav,Lalit Yadav,≤100
109034074092751,Rakesh dayma alote,Rakesh dayma alote,≤100
108497578583588,Janpeace Live,Trishanu Kaushik,≤100
296002831234834,Swapnil Kothari,Swapnil Kothari,≤100
112222955182776,The Live tv24,The Live tv24,≤100
1526917110732627,Beti Foundation,Beti Foundation,≤100
100268782571752,Koparo,These ads ran without a disclaimer,≤100
205278732829897,Prem Prakash Pandey,TheVOLOPV,≤100
105530752376295,"Shiromani Akali Dal, Delhi Unit",Harjap Singh Dhingra,≤100
109193781650185,Arun Kumar,Pranjal D Rai,≤100
101427862947164,Yuvraj Gulecha,These ads ran without a disclaimer,≤100
102325429272140,AITC Debasish Mukherjee,Arpan Saha,≤100
110120115042838,Ramesh Choudhary,GRIP AMATYA PVT. LTD.,≤100
231512217793516,Ashok Goel Mangaliwala,Ashok Kumar Goel,≤100
107725901457936,New Mother,Neelufer Mulla,≤100
103833782263290,Arvind Singh Bhati,Engitech Media,≤100
543596058995303,"Dr. Param Navdeep Singh Doctor, Social Activist, Politician","Dr. Param Navdeep Singh Doctor, Social Activist, Politician",≤100
393768164105774,Parimal Nathwani,Parimal Nathwani,≤100
100473756790047,Dungar Ram Gedar,Dungar Ram Gedar,≤100
110115671863420,Kacche Din,Kacche Din,≤100
105061898255318,Jitendra Kothari,Jitendra Kothari,≤100
107081225202487,Dr.Anil Dabbu,Unikudos Software,≤100
102861739422105,Kuldeep Rai Sharma,Policy Briefcase,≤100
470458233479120,Aparajita Sarangi,Reach Digitally,≤100
1692446997478851,Divy Trivedi,Vikas Acharya,≤100
102863719166036,मुकेश महरावर,मुकेश महरावर,≤100
1947794792150993,Piyush Dosi,Anuj Vyas,≤100
102275329396663,GS Shyam,Shyam Gollarahally Siddappa,≤100
2100849650146359,Ramarao Patil Pawar,Venkata Satish Chandu,≤100
1629895220373258,Dr. Manoj Kumar Shah,Kaustubh Bhatt,≤100
100467895262186,Dr Premchand Jaysi,These ads ran without a disclaimer,≤100
104881231904370,Sanjeev Kumar Gupta,Sanjeev Kumar Gupta,≤100
106917495262631,Arvind Kejriwal ಬೆಂಗಳೂರು,Kamran  Shahid,≤100
115057458249578,घर बैठे काम करें नटराज पेन पेंसिल पैकिंग जॉब 30000 सैलेरी 15000 एडवांस,These ads ran without a disclaimer,≤100
1613686538669654,Ashok Singhal Foundation,Digital Xplode,≤100
105354058906524,Bjp Shekhar Sharma,Shekhar Sharma,≤100
269761569864265,Rao Padma,Kushal Reddy Rao,≤100
689591581145844,G B JyothiGanesh,G B JyothiGanesh,≤100
256050398281355,MD Chopdar,WEBTIX,≤100
113607803769884,Nattasha Sharrma,Policy Briefcase,≤100
109064395797060,Bharti Foundation,Bharti Foundation,≤100
1088373891289696,Kamal Yadav,Akash Singh,≤100
108518277501006,Radhe Ram Godara,Prakash Jaiswal,≤100
196338294250820,Rohit Gangwal,Modi For PM Organisation,≤100
119324884471716,Kuldeep Thakur SKM,Puneet Kumar Singh,≤100
109027442133819,Dr. Sanjay Singh,Naveen Singhal,≤100
466835200043903,उमेद अभियान - Maharashtra State Rural Livelihoods Mission,MASRLM,≤100
102576955846347,என்னடா பண்ணி வச்சிருக்கீங்க,M Mahalakshmi,≤100
250836858814456,Kuldeep Nayak BJP,These ads ran without a disclaimer,≤100
109551095231534,Prashant Parashar,Prashant Parashar,≤100
103100085360996,Madho Singh Udat,Akash Singh,≤100
102323545504609,Rama Devi Chopra,Rama Devi Chopra,≤100
107336164119124,Ashvani Singh Little,Akash Singh,≤100
102838152104730,Bjp kisan Morcha punjab,Ashish Soni,≤100
105694514269834,North Eastern Region Community Resource Management Society,Shrinivas Ravichandran Nadar,≤100
102389959254780,Startup Dubai,These ads ran without a disclaimer,≤100
677343712304968,Ramcharan Bohra,Ramcharan Bohra,≤100
364856597306123,Rupesh Sinha,Pankaj Srivastava,≤100
109986065209042,Mera Apna Rahul,Mera Apna Rahul,≤100
1706371292942156,"Ministry of Development of North Eastern Region, Government of India",Arshad Ali,≤100
474995622600131,Diliprao Deshmukh,Diliprao Deshmukh,≤100
115672001487908,The Green Pillar,Stuti Singh,≤100
112070846940727,RAHUL DWIVEDI,Rahul Dwivedi,≤100
825870624112435,Ramesh Chandra Ratn,Arun Sharma,≤100
109830814975379,Raghu Parmar,Rinkesh Namdev,≤100
637579153363871,Urmila Jain Bhaya,Kapil Sain,≤100
2083370235035165,Yogender Singh Chhonker,Karan Singh,≤100
321228061382932,Pt. Shekhar Dixit,Websofy Software Private Limited,≤100
111560348575978,Raghav Casino hack,These ads ran without a disclaimer,≤100
490136707814474,Sharwan Singh Bagadi,Sharwan Singh Bagadi,≤100
378362679001615,Manoj Shukla,Manoj Shukla,≤100
1672687666360628,Jai Mata Di,Jai Mata Di,≤100
153891144797146,Uttam Kumar Reddy,Ashutosh Mishra,≤100
105040639000304,Political Junction India,Sunita Singh,≤100
105352618893717,Shankar yadav,Shankar yadav,≤100
111527111467505,Rupesh Chaudhary,Rupesh Chaudhary,≤100
100967488604582,Keyur Anadkat,Keyur Anadkat,≤100
1397767487148044,Jaidatta Kshirsagar,Jaydatta Sonajirao Kshirsagar,≤100
250007248502240,Golu Shukla,Modi For PM Organization,≤100
643216342792266,দেবাশিস পণ্ডা ভারতীয় Debasis Panda Bhartiya West Bengal,Debasis Panda,≤100
394168494317389,MIT World Peace University,MIT World Peace University,≤100
101964264562944,Sanjay Singh Gangwar,Sanjay Singh Gangwar,≤100
169851583485696,Chhotu Singh Bhati,Engitech Media,≤100
103544656778013,Dr Akhilesh Prasad Singh,Akhiles Prasad Singh,≤100
100250732439696,Rajesh Singh,Rajesh Rambali Singh,≤100
1403961939859432,Bhanwar Jitendra Singh,Politics Simplified,≤100
846994962145905,Manoj Kumar Aggarwal,Durga Kumari,≤100
108293074221501,Dr Ajay Singh - ज़िलाध्यक्ष भाजपा रीवा,Udaysingh,≤100
1850402531956182,सपने जो सोने न दें,Adv Tech,≤100
151640195016242,Madhusudan Bhinda,Suman,≤100
282660879067996,Ram Singh Kaira,Ram Singh Kaira,≤100
367203836657399,Rajendra Singh Surpura,Prakash Jaiswal,≤100
110907065232642,Team Shyam Mali Bhakri,Akash Singh,≤100
108002377575572,नवीन दुम्का,Naveen Chadra Dumka,≤100
1718123505168458,K.K. Vishnoi,Engitech Media,≤100
2082424261866450,Vii Media,Bhalinder Singh,≤100
103594169212880,Dr. Veerpal Singh Shekhawat,Vishvajeet Singh Shekhawat,≤100
105522892460788,सच्चे हैं सत्यनारायण- Sache Hai Satyanarayan,Amit Kumar Singh,≤100
108711685305283,Manish Mishra “Ravi Ranjan”,Digital Kumbh Pvt. LTD.,≤100
473704146362126,मुबारक हो बेटी हुयी है,मुबारक हो बेटी हुयी है,≤100
236500783397189,Kamlesh Paswan,Kamlesh Paswan,≤100
927522240625937,Pukhraj Suthar Rlp,Pukhraj Choudhary,≤100
1923088424569789,अक्षय कुमार फैन क्लब,अक्षय कुमार फैन क्लब,≤100
101127872209832,Karan sharma,Karan Sharma,≤100
213534312160326,Sukhbir Kataria,Anuj Kumar Bamal,≤100
112132937023603,Nandlal Chauhan,Nandlal Chauhan,≤100
685080418508716,Mohd.AsifZaki,Mohd.AsifZaki,≤100
678803825664159,Kanta Sonwal,Ganesh Thapa,≤100
1701369040086950,ANIL JAIN MLA,Arjun Sharma,≤100
140624336584770,Yogender Pal Singh Champawat,Akash Singh,≤100
104831868860974,Narender Ghintala,Webtix,≤100
632518450236186,Sudarshan Bhagat,Sudarshan Bhagat,≤100
649481611827403,Shri Mahaveer Gaushala Kalyan Sansthan,Kapil Sain,≤100
383905462227417,Shivani Dayma,Prakash Jaiswal,≤100
110197854912974,Sonu Singh Garg,Pratik Garg,≤100
924854307698923,Radheshyam patel,Radheshyam patel,≤100
101512131898754,Kisan Army Kisan Ekta Mission,Saurabh Singh,≤100
109801588758607,Sanjay Tamboli,Sanjay Tamboli,≤100
126455024584757,Randeep Singh Deol,Randeep Singh,≤100
408032679785089,Ravinder Dabas Rocky,Ravinder Kumar,≤100
100935642733964,Hindi Khabar Digital,The Narrative Builders,≤100
2362229027338767,బీజేపీ వైపు ప్రజల చూపు,Bharath Kumar Ravula,≤100
102728171416919,Sulagna Higher Secondary School,These ads ran without a disclaimer,≤100
107454487745783,UCNewsDigital,Ashish Chitranshi,≤100
565714670143123,Ashok Saini,Engitech Media,≤100
767805023307544,Santosh Kumar Singh BJP,Akash Singh,≤100
289085061102499,Sukhwinder Singh Bindra,Sukhwinder Pal Singh,≤100
129876674360349,जय श्री राम,जय श्री राम,≤100
168345423237875,Santosh Surendra Ahlawat,Santosh Surendra Ahlawat,≤100
106650475483675,The Borderlens,The Borderlens,≤100
1955301821451552,Abhishek Dutta,Abhishek Dutta,≤100
1149375478489344,Harvinder Singh Sarna,Harjap Singh Dhingra,≤100
111787478472389,Vishal Kumar,Rahul Kumar Srivastava,≤100
102597425311635,Surya Pratap Singh,Surya Pratap Singh,≤100
1102967063114283,Viral In India,Viral In India,≤100
268437163351102,Saurabh Srivastava,Saurabh Srivastava,≤100
361691194687436,Umesh Sharma,Book My Promo,≤100
115787714760392,Jan Jagaran Yatra,Dharmendra Chhonkar,≤100
935503089847466,Pant Path,Pant Path,≤100
135657743788459,Amit Chauhan,Amit Kumar,≤100
103775864403182,Desi Being,Desi Being,≤100
550287678727831,Bharath Reddy Ravula,Bharath Kumar Ravula,≤100
423928144293931,Mahender Pratap Singh,Pankaj Sharma,≤100
104062973021500,Sony Group - Global,These ads ran without a disclaimer,≤100
426895610773497,The Logical Indian,These ads ran without a disclaimer,≤100
111560924353656,Swetha Reddy,Rajendra Reddy Bhuvanagiri,≤100
2054085351341244,Filmy - Bihar,Filmy - Bihar,≤100
455447354644551,Sabir Ali,Sabir Ali,≤100
101736992424085,Md Imteyaz Akhtar,Md Imteyaz Akhtar,≤100
101854318835394,Abdur Razzak,Injamul Hoque,≤100
1623266867990179,Bharat beniwal,Prakash Jaiswal,≤100
1947865801968156,Jasmeet Singh Pitampura,Harjap Singh Dhingra,≤100
572608223125372,Vikas Rana,Shankar Prasad Thakur,≤100
132859090587882,Surajit Datta,Surajit Datta,≤100
301600333956877,Rajendra vinayka bjp,Ganesh Kumar,≤100
113808455042861,CSP Id provider,Lok nayak education,≤100
109735351891742,Apex India service,Ajay Tiwari,≤100
109179291985422,Adavalli Krishna,Sateesh Vinjam,≤100
126086670474580,The Curious Pen,Ankita Singh,≤100
122414901755724,Sanjay Yadav,Lekhraj Kumawat,≤100
117992927962768,natraj pencil pecking job company,These ads ran without a disclaimer,≤100
1450629991853191,Arvind Gupta,Arvind Gupta,≤100
107461545681999,Ramesh Kumar,Ramesh Kumar,≤100
1320392914728501,साईं भक्त,साईं भक्त,≤100
101328314869205,Atal Amrit Abhiyan Society,Atal Amrit Abhiyan Society,≤100
107618782040426,Nagendra singh dodiya,Nagendra Singh Dodiya,≤100
103520868780371,VIKAS Paswan,Anupama Rai,≤100
1954072204870360,NEWJ,Anant Bhardwaj,≤100
102447714973094,Yusuf Salahuddin,Yusuf Salahuddin,≤100
1489647731256741,Dr Jitendra Singh,Ayush Deshpande,≤100
158246438108798,Jitendra Singh Pandya,Jitendra Singh Pandya,≤100
150727778825020,Mobius Foundation,Mobius Foundation,≤100
106261054498841,Advocate Rajat Bhargava,Rajat Bhargava,≤100
101684306210259,Packin Club,These ads ran without a disclaimer,≤100
1964648457141458,Shanthi Kumar,Mayurnath Matam,≤100
101909399451161,राम का दिवाना,These ads ran without a disclaimer,≤100
107250704737912,CA Sushil Bandpatte,Sushil Chandu Bandpatte,≤100
100328978216424,"Fight Pollution, Not Plastics",Nitesh Singh,≤100
130485577594855,जय माता दी,Adv Tech,≤100
143261639167841,Manish Pareek jaipur,Rajesh Goutam,≤100
297229797104524,Nishank Tripathi BJP,Nishank Tripathi,≤100
150142102022817,Namo Supporter,Adv Tech,≤100
295639383836442,Agewell Foundation,Aanchal Gupta,≤100
109225111711680,दुर्गा देवी,दुर्गा देवी,≤100
116822768068808,The Big Bench,Futuready Media,≤100
236364486833201,Bjp help center india,Rajat Kumar Prjapti,≤100
657592241350188,ललकार की गुँज,Bhagwan Yadav,≤100
112282978117982,Ashish Sambaria,Ashish Sambaria,≤100
433382980078113,Gudur Narayana Reddy,Gudur Narayana Reddy,≤100
686675931373675,Scroll Punjab,Scroll Punjab,≤100
110967695146133,Govind Kumar Jain,Ganesh Kumar,≤100
283050962056557,Rohit Sardana and Sudhir Chaudhary Fan Club,Adv Tech,≤100
115303184883991,Vishesh Meena INC,Ganesh Kumar,≤100
1406676006269693,Kedar Kansana,Kedar Kansana,≤100
457739581061552,लवलीन टुटेजा लवली आम आदमी पार्टी हरियाणा,लवलीन टुटेजा लवली आम आदमी पार्टी हरियाणा,≤100
2118803388399006,Click2Public,Click2Public Technologies OPC Pvt. Ltd.,≤100
100698136164030,The News Launcher,The News Launcher,≤100
109893211236605,Rahul mahala,Rahul mahala,≤100
1652675041670519,Troopel,Atul Malikram,≤100
140206666732942,हिंदुस्तान मेरी जान,हिंदुस्तान मेरी जान,≤100
624122961126616,Dhanwati Chandela,Luxmi Devi,≤100
104854529246808,Freedom Fashion,These ads ran without a disclaimer,≤100
107818905651125,Dr. Sunil Panndit,Manish Yadav,≤100
112915107957313,hardrockajay_mumbai,These ads ran without a disclaimer,≤100
145890299544514,क्रिकेट के दीवाने,क्रिकेट के दीवाने,≤100
107153958711155,South First,south Fist,≤100
427521707672968,Gyana Ram Ranwa Chandpura,Shiv Charan,≤100
643001122724792,Shambhu Kumar,Punit Kumar Pandav,≤100
425594447573893,BJP4Palamuru,Mayurnath Matam,≤100
1856387094424590,Muthumula AshokReddy,Social Grow Company,≤100
116997354325105,Wg Cdr Anuma Acharya,Wg Cdr Anuma Acharya,≤100
110616178692070,Hakeem jeee,These ads ran without a disclaimer,≤100
168228334032318,Sat Sharma CA,Naveen Sharma,≤100
100423322637137,Kawasi lakhma,Dhaval Kumar Jain,≤100
2232988810088559,Dayashankar Ojha “दयाशंकर ओझा”,Ruchi Pandey,≤100
105515161411695,Pankaj Singla,Anil Kumar,≤100
577856385582447,Raghu Sharma,Sunil Maan,≤100
524665794408050,CASA,Arushi Narchal,≤100
100655899680754,Awakening Learning space,These ads ran without a disclaimer,≤100
100341472149543,Naveen Goyal,Shamsher Singh,≤100
109224525478310,कोमल महावर वैर विधानसभा की आवाज़,Komal Mahawar,≤100
102252509305956,Shankar Jha,Kavita Jha,≤100
858612907672344,टीम प्रकाश चौधरी बड़ी सादड़ी,Ganesh Kumar,≤100
1776898052571284,दंबग फौजी,Adv Tech,≤100
246558505475210,Bala Ram Choudhary,Mukesh Choudhary,≤100
103601462607685,Funsolar,These ads ran without a disclaimer,≤100
102897188475391,Dr. Bhaben Choudhury,Subhankar Banerjee,≤100
137192210235379,देशभक्त भारतीय,Adv Tech,≤100
748875405258424,Chetan Dudi,Ramkishor Bajroliya,≤100
304794613213995,Rajiv Yadav,Filmitics,≤100
1753796244634358,We Support Yogi Adityanath,Adv Tech,≤100
469433939826906,GVL Narasimha Rao,GVL Narasimha Rao,≤100
106456887722695,Adesh Yadav BJP,Anil Kumar,≤100
431454157629297,Mukesh Ahlawat,Nitish Kashyap,≤100
324431637935197,We Support Narendra Modi,Adv Tech,≤100
107791121362691,टीम अभिमन्यु कुमार उर्फ मन्ना कुशवाहा,Alok Kumar,≤100
119382014494322,govind__malvi,These ads ran without a disclaimer,≤100
105813284380310,Dee4unews,Deepak Kumar Bhandari,≤100
102856069111958,Ajay Singh Malinga,Ajay Singh Malinga,≤100
108571811531707,Prof Sumaer Singh,Gurinder Singh,≤100
173732143295130,Ankit Bijalwan,Ankit Bijalwan,≤100
100198063064112,Rupam Mishra,Rupam Mishra,≤100
374173429450248,Insist Post,Adv Tech,≤100
985813238273906,Sribharat Mathukumilli,Politics for Impact,≤100
694622163885355,Devender singh babli,Devender Singh Babli,≤100
241940555912671,Chandigarh University,Chandigarh University,≤100
109546308136398,Sankar Dutta - শংকর দত্ত,Bholanath Dey,≤100
260452011000438,Vinod Tiwari,Vinod Tiwari,≤100
470929816335236,Veer Sen Yadav,Veer Sen Singh,≤100
207234870007077,Amarkant Vats,Amarkant Vats,≤100
101950355775969,Nilesh Jain,Nilesh Jain,≤100
482145805597047,Ojaank English Academy,These ads ran without a disclaimer,≤100
278423842321236,BJP Rajasthan,Bharatiya Janata Party (BJP),≤100
173411266718441,सहवाग फ़ैन क्लब,सहवाग फ़ैन क्लब,≤100
112670165140325,Hakeem Jii,These ads ran without a disclaimer,≤100
1571167366231304,Ramakant Bhargava,Saket Bhargava,≤100
411581785652009,Karamjit Singh Rintu,Karamjit Singh Sandhu,≤100
106480475566850,Kaushal Dave,Kaushal Dave,≤100
112421973952792,Siddhi Green Excellence,These ads ran without a disclaimer,≤100
103784118675658,Education For All,Krishna Kumar Sinha,≤100
105372115908849,Natraj pencil job 15000 advance ₹30000 salary Ghar baithkar,These ads ran without a disclaimer,≤100
1471581409720618,BJP Uttar Pradesh,Bharatiya Janata Party (BJP),≤100
110177418491589,A10 News,Ashish Sapolia,≤100
2022169351347680,शिरडी वाले सांई बाबा,शिरडी वाले सांई बाबा,≤100
106113822492994,work from home packing job Ghar baithe advance 15000 salary 30000,These ads ran without a disclaimer,≤100
1774130362804630,Indian Team Fans,Adv Tech,≤100
105824457802200,The Khabarsaar,Amandeep Singh,≤100
2401953910031682,Raman Gulati,Raman Gulati,≤100
104889532431683,Jagdish Verma sangaria,digital computer classes,≤100
704847062939121,Ranbir Nandan,Ranbir Nandan,≤100
922534064468145,Capt. Meenu Beniwal,Jasvinder,≤100
101719745754840,Business Guru Bharat,Akash Deep,≤100
102596898226563,Surya Maithil,Surya Prakash,≤100
1458730737539532,चन्द्रकला फैन्स,चन्द्रकला फैन्स,≤100
1371343606283650,Surbhi Dipanshu Arora वार्ड नं. 4 भाजपा नगर निगम फरीदाबाद,Dipanshu Arora,≤100
2033791716739304,KhelKood,KhelKood,≤100
201156146959026,Mohinder Bhagat,Mohinder Paul,≤100
104349501516784,Babulal Kumawat,Shiv Charan,≤100
1753510778289435,शायरी,शायरी,≤100
159998624483981,Saket Gokhale,Saket S Gokhale,≤100
1970648246506605,Jitu Goswami,Bharatdwaj Pingal Baruah,≤100
103242568933744,भारत विकास,Akash Deep,≤100
103988857836357,Bharatsatta LIVE,These ads ran without a disclaimer,≤100
472844082918408,Atik Kapadia,Krunal Ravindra Dalvi,≤100
1879092478989809,Idam Valam,Idam Valam,≤100
122695822465174,Satish Sharma,Rajat Sharma,≤100
1643418169278971,Lakhabhai Sagathiya,Lakhabhai Jethabhai Sagathiya,≤100
665996270502764,Indus Scrolls Press,Visakh Dutt Premraj,≤100
2148832695374789,Dharam Vir Dhindsa Advocate,Dharam Vir Dhindsa Advocate,≤100
577847985708945,Statecraft,Statecraft,≤100
120910164318028,gauravmalothra_5,These ads ran without a disclaimer,≤100
105564491947115,Patil JayaramiReddy,Jayarami Reddy,≤100
105918504793179,अनुराग सिंह,These ads ran without a disclaimer,≤100
101038879308594,Abhijeet Deshmukh,Abhijeet Deshmukh,≤100
108015368279979,Solh Wellness,Solh Wellness,≤100
109046662141372,Political Junction,Sunita Singh,≤100
426881010719758,Soumik Hossain,Angur Shaikh,≤100
104655511625749,Ashok Rai,Easy Social,≤100
109557255366687,zaafrani haqeem,These ads ran without a disclaimer,≤100
308445836521750,மனநல மருத்துவர் ஆனந்தன்,Anandhan Panneer Selvam,≤100
817607004928968,Narendra Shivaji Patel,Narendra Singh Patel,≤100
136804713571547,Nilkanth Singh Munda,Nilkanth Singh Munda,≤100
257916314892663,Dr Kaustubh Narayan Misra,Kaustubh Narayan Misra,≤100
989090571278347,Suraj Kero,Raju Chourasia,≤100
739221966159227,Rajesh Singh,Rajesh Singh,≤100
802311956513987,Rahul Singh,Rahul Singh,≤100
100913332775160,Live 7TV,These ads ran without a disclaimer,≤100
331544177050160,Adv. Rahul Subhash Kool,Rahul Subhash Kool,≤100
103206797721245,Tollygunge Trinamool Congress,Mohammad Azharuddin,≤100
109253634221142,Dr Abhishek  Ramadhin,Abhishek Kumar Ramadhin,≤100
1102369233109531,Pooja Bharti Chhabra,Suraj Bharti Chhabra,≤100
113665268317379,Mukesh Yadav Official,Mukesh Yadav,≤100
564340420252773,Amit Sihag,Ranvijay Lamba,≤100
224787738121110,Manan Dani,Mananbhai Jatinkumar Dani,≤100
2078242259060363,Kukufm,Mohana Saha,≤100
104860424918954,दिल है हिन्दुस्तानी,Abhijit Kumar,≤100
203795313615859,PDTV News,Nagarjuna Reddy Kaipa,≤100
227061034692800,RAJ KUMAR JHA,RAJ KUMAR JHA,≤100
120240607708278,बदलाव मांगे पीलीबंगा,बदलाव मांगे पीलीबंगा,≤100
102394388095895,The Right Economics,These ads ran without a disclaimer,≤100
485107574913753,Dr.Vishwanath Meghwal,Dr.Vishwanath Meghwal,≤100
743938402322314,Mitendra Darshan Singh,Rahul Ranjan,≤100
269174147050795,महेंद्र सिंह किरार सामरसिंगा,महेंद्र सिंह किरार सामरसिंगा,≤100
1757441471197224,Hardik Patel,Hardik Patel,≤100
175720976444661,PRO India,PRO India,≤100
111870147135748,Dr. Umair Mahmood Siddiqui,These ads ran without a disclaimer,≤100
100921743769477,Vikas Kumbhare,Vikas Shankarrao Kumbhare,≤100
1578232839160827,Narender Raaj Gagarwas,Engitech Media,≤100
102976016109737,AP With Lokesh,Politics for Impact,≤100
1176347162398086,Guru Nanak Naam Leva,Guru Nanak Naam Leva,≤100
111976661755405,Chandan Singh Bhumihar,These ads ran without a disclaimer,≤100
100654382930757,mythinkly,These ads ran without a disclaimer,≤100
791996340811292,Dr Madhuri Borse Patil,Vipul Jayantilal Bafna,≤100
438039076647417,Dr. Anirban Ganguly,Dr. Anirban Ganguly,≤100
116318511454624,Sanjay Paswan,PULPiT Digital Media Assistance Private Limited,≤100
220653521461677,CPIM West Bengal,CPIM West Bengal,≤100
619088371486871,Harnath Singh Yadav,Puneet Kumar Singh,≤100
1401117106783618,Bjp Chhattisgarh,Bharatiya Janata Party,≤100
111462573525070,Lee Kum Kee India,These ads ran without a disclaimer,≤100
355739144465220,BJP Madhya Pradesh,Bharatiya Janata Party (BJP),≤100
1770778019903694,Sandip Desai,Desai Sandipkumar Jayantilal,≤100
299977113469861,Kashmir Scan,Chasfeeda Shah,≤100
100104899572027,Indian National Congress Kasumpti,Indian National Congress Kasumpti,≤100
2025252410936193,Shivaendra Pratap Singh,Shivendra Singh,≤100
715515095146698,Gandra Venkataramana Reddy,Goutham Reddy Gandra,≤100
106297420960124,Praveen Malik,Parveen Malik,≤100
113073133805731,Desh Ki Baat Foundation,Krishna Kumar Yadav,≤100
1483243208631611,Sridhar Reddy Kondapally,Bharath Kumar Ravula,≤100
2519612528072101,POLL TALK,Ram Ji Tiwari,≤100
740461206086472,Huge Electric,These ads ran without a disclaimer,≤100
164559610778586,Indrasharan Singh Chauhan,Suraj Kaul,≤100
1742889082665547,BJP Mizoram,Bharatiya Janata Party,≤100
1408837089361736,Banappagari Venkat reddy,Banappagari Naren Sai Reddy,≤100
468064866696490,Pratap Jena,Ankit Pratap Jena,≤100
106802937934432,Padma venkat reddy,Banappagari Naren Sai Reddy,≤100
101894651245330,Sardar Patel Public School Bhopal,Hemant Kushwaha,≤100
150106531736299,BJP West Bengal,Bharatiya Janata Party (BJP),≤100
118552134469003,Raju Batham Official,Raju Batham,≤100
113033974497476,Samrat Chakraborty,Samrat Chakraborty,≤100
107377891768160,CanWinn Foundation,Aman Sharma,≤100
250217725567015,Sumer Singh Garha,Sumer Singh Garha,≤100
104979212427874,Shrikant Joshi,Shrikant Anant Joshi,≤100
1305477266244063,A.Muneer jansale,Abdul Muneer,≤100
358089768022150,Vishnu Lata,Krishna Choudhary,≤100
384574805474754,Happiness India,Krishan Kumar Saini,≤100
808248039220230,Neel rao,Barai Khushali,≤100
104418341762895,Anjishnu Chakraborty,Snehasis Chakraborty,≤100
1510453459178285,Kiran A Bartakke,Kiran Arvind Bartakke,≤100
105716355669594,Thirupathy Muthukrishnan,These ads ran without a disclaimer,≤100
106031035134534,Nikita Tanwer,These ads ran without a disclaimer,≤100
738782262918571,घनश्याम सिंह चन्द्रवंशी,घनश्याम सिंह चन्द्रवंशी,≤100
105124865726721,Medapati Prakash Reddy,Nukana Bhanu Prakash,≤100
101818386220498,ellbaj_09,These ads ran without a disclaimer,≤100
703726259672921,BJP Telangana,Bharatiya Janata Party (BJP),≤100
102537649435337,Vinayak Kumar,Vinayak Kumar,≤100
2009423802461842,Devendra Singh,Supriya Haldar,≤100
102973272373231,Madhya Pradesh CM Report Card,Ayush Gupta,≤100
394145337355359,Prahlad Gunjal,Anshu Garg,≤100
108437830597145,91Wheels,These ads ran without a disclaimer,≤100
800513446642471,Ambica Uppal,These ads ran without a disclaimer,≤100
170538669672677,Roxiny,These ads ran without a disclaimer,≤100
104757109108151,CasaMama Quilla,These ads ran without a disclaimer,≤100
111671597196416,kohsangwoo,These ads ran without a disclaimer,≤100
107585154716556,jesus_gnade_und_wahrheit,These ads ran without a disclaimer,≤100
31292782350,Deutschland.de,These ads ran without a disclaimer,≤100
106170661628518,香港V,These ads ran without a disclaimer,≤100
101919325776268,K+S,These ads ran without a disclaimer,≤100
165476513965,Royal Society Publishing,These ads ran without a disclaimer,≤100
100374392742057,Weregreenly- Magazine,These ads ran without a disclaimer,≤100
100605062428891,The Warrior Queen Project,These ads ran without a disclaimer,≤100
102300279228311,MadeinChina,These ads ran without a disclaimer,≤100
104837471861628,The Unity University,These ads ran without a disclaimer,≤100
111182121588371,The Learning Hub,These ads ran without a disclaimer,≤100
102245370126806,Luis Felipe Tilleria,These ads ran without a disclaimer,≤100
392443934110646,Liebherr Construction,These ads ran without a disclaimer,≤100
106205285575214,DForce Platform,These ads ran without a disclaimer,≤100