﻿Page ID,Page name,Disclaimer,Amount spent (EUR)
102219278339340,Štandard,Štandard,≤100
1928247723902365,Humánny pokrok,Humánny pokrok,≤100
194278021265803,Michal Šimečka • Progresívne Slovensko,Progresívne Slovensko,≤100
1287561881391098,Jem pre Zem,Humánny pokrok,≤100
101069575386725,Slovensko Zálohuje,‍Správca zálohového systému n.o.,≤100
178362315106,European Parliament,European Parliament,≤100
109628675248068,JOJ 24,"Slovenská produkčná, a.s.",≤100
557862947737785,Progresívne Slovensko,Progresívne Slovensko,≤100
103101388140837,Marian Kotleba,Marian Kotleba,≤100
132166557016,Liga za duševné zdravie SR,Liga za duševné zdravie SR,≤100
111165370750,Amnesty International Slovakia,Amnesty International Slovakia,≤100
650218391722484,SPP,SPP,≤100
1501859650125625,Vladimír Bilčík,Vladimír Bilčík,≤100
139025019440898,Inštitút ľudských práv - Human Rights Institute,Inštitút ľudských práv - Human Rights Institute,≤100
339528979423925,Aktuality.sk,Ringier Slovakia Media s.r.o.,≤100
109669047774695,Brainee.sk,"MAFRA Slovakia, a.s.",≤100
162852047168915,Andrej Kiska,Andrej Kiska,≤100
935929019771603,Sconto Nábytok,These ads ran without a disclaimer,≤100
264610253564449,Hyundai Slovensko,Hyundai Motor Czech s.r.o.,≤100
118050251681595,BILLA Slovensko,BILLA s.r.o.,≤100
104893459551069,Ekotopfilm SK,Ekotopfilm SK,≤100
106092371358835,Za právny štát,Občianske združenie ZA DEMOKRACIU A PRÁVNY ŠTÁT,≤100
1846501408935178,Marek Vagovič,Media Forum s. r. o.,≤100
163449818290,KDH,KDH,≤100
1440322059428783,Chuť žiť,EDI Slovensko,≤100
152001744925539,Dobré noviny,"Dobré médiá, s.r.o.",≤100
1555021474808039,Richard Takáč - poslanec NR SR,Richard Takáč,≤100
141217272588202,Ministerstvo zahraničných vecí a európskych záležitostí SR,Ministerstvo zahraničných vecí a európskych záležitostí SR,≤100
324560137683033,Ivan ŠTEFANEC,Ivan Štefanec,≤100
178878375475789,Energie-portal.sk,PROPERTY & ENVIRONMENT s.r.o.,≤100
106339661841687,Risoto,Ideamedia,≤100
802573516467334,Juraj Blanár,Juraj Blanár,≤100
522186401540084,Magyar Fórum - Maďarské fórum,Simon Zsolt,≤100
53798312370,EURACTIV.sk,EURACTIV.sk,≤100
253595649968,Monika Beňová,Monika Beňová,≤100
561521547213921,CUS - Centrum účtovníkov Slovenska,"CUS - Centrum účtovníkov Slovenska, s. r. o.",≤100
2143280622390205,Investigatívne centrum Jána Kuciaka,Investigatívne centrum Jána Kuciaka,≤100
147166706140048,Martin Hojsík,Martin Hojsík • Progresívne Slovensko,≤100
2114282595319489,Za ľudí,Za ľudí,≤100
283025969119,Odpady-portal.sk,PROPERTY & ENVIRONMENT s.r.o.,≤100
1009998019021765,Forró Krisztián,"Szövetség – Magyarok, nemzetiségek, régiók. Aliancia – Maďari, národnosti, regióny.",≤100
2687957954762822,Igor Melicher - Mladí Sociálni Demokrati,SMER - SD,≤100
108875237188341,Slovenská bioplynová asociácia,Slovenská Bioplynová Asociácia,≤100
102190718988276,EDYN Slovakia,EDYN n.o.,≤100
281189505375741,Simon Zsolt,Simon Zsolt,≤100
427164051018545,Jaroslav Karahuta - Za zdravé slovenské potraviny.,Jaroslav Karahuta,≤100
111573961678662,Словаччина З Україною / Slovensko S Ukrajinou,Liga za duševné zdravie SR,≤100
1440322059428783,Chuť žiť,These ads ran without a disclaimer,≤100
575688175964913,Medirex,"Medirex, a.s.",≤100
1655338381438249,Penta Investments,Penta Investments,≤100
113270933763580,ODS - OBČIANSKI DEMOKRATI SLOVENSKA,ODS - Občianski demokrati Slovenska,≤100
104531091765973,Michal Pišoja - Moderné nemocnice,Asociácia nemocníc Slovenska,≤100
102758272021092,Janka Jányová • DOMOV - Národná strana,Jana Jányová,≤100
102146246492040,SMER - SD,SMER - SD,≤100
196250908064,Epi.sk,Poradca podnikateľa,≤100
109606527580798,Politics.social,Gerulata Technologies j. s. a.,≤100
112388310889611,Noviny PLUS TV JOJ,"Slovenská produkčná, a.s.",≤100
2322076957827734,Ladislav Kamenický,Ladislav Kamenický,≤100
103660101145202,DiEM25 na Slovensku,Michal Gabris,≤100
1213860618663180,Bystrica SiTy,Bystrica SiTy,≤100
106390307409654,Bystriny,Bystriny,≤100
109174084975227,Dalimír Solčanský,Dalimír Solčanský,≤100
116795486378224,Marián Kéry- poslanec NR SR,SMER - SD,≤100
119718562044151,Voda-portal.sk,PROPERTY & ENVIRONMENT s.r.o.,≤100
101764124720853,Zuzana Plevíková - Mladí Sociálni Demokrati,SMER - SD,≤100
288680881434,Iniciatíva Inakosť,Iniciatíva Inakosť,≤100
1555237767952874,Natália Svítková,Natália Svítková,≤100
492110760982274,Meet the Heroes,Meet the Heroes,≤100
566178043547804,Schneider Electric,SCHNEIDER ELECTRIC SLOVAKIA,≤100
62854026816,Körkép,Király Zsolt,≤100
114022154063401,Centrum vzdelávacích analýz,Centrum vzdelávacích analýz,≤100
110198307912855,Marián Ďuriš • Republika,Marian Duris,≤100
105330172030395,Ján Magušin,Ján Magušin,≤100
108617908185210,Za slobodu slova,Inštitút pre paradigmatické reformy,≤100
63044235866,UN Climate Change,UN Climate Change with Facebook Ad Credits,≤100
829246250528166,Republiková únia zamestnávateľov,Republiková únia zamestnávateľov,≤100
185026423606226,Peter Pažitný,healthcareconsulting.sk,≤100
339528979423925,Aktuality.sk,These ads ran without a disclaimer,≤100
1571074586493645,StartLab,Centrum pre filantropiu,≤100
105354890829567,Peter Blaškovitš,Peter Blaskovits,≤100
105603301203054,Michal Bartek,Michal Bartek,≤100
204127420237057,Peter Slysko,Peter Slysko,≤100
309463626245812,Srdcovky,Nadácia VÚB,≤100
207791952957118,PS:Events,"PS:Events, s.r.o.",≤100
730919327293761,Miroslav Radačovský • predseda strany Slovenský Patriot a europoslanec,JUDr. Miroslav Radačovský,≤100
117754892955994,Braňo Vančo • Progresívne Slovensko,Branislav Vančo,≤100
288082501907215,Katedra Komunikácie,Katedra Komunikácie,≤100
214076798619567,Cyklokoalícia,Cyklokoalícia,≤100
330746030297694,European Policy Centre/Centar za evropske politike - CEP,These ads ran without a disclaimer,≤100
21506277966,Acronis,These ads ran without a disclaimer,≤100
159579307409289,Kocsim,These ads ran without a disclaimer,≤100
104877488982288,SLB,These ads ran without a disclaimer,≤100