﻿Page ID,Page name,Disclaimer,Amount spent (PKR)
110657041281786,South Today,South Today,2729
565225540184937,CGTN,These ads ran without a disclaimer,1348
304781399652673,Jamshed Iqbal Cheema,Jamshed Iqbal Cheema,879
543755195637715,Mian Aslam,Mian Aslam,736
133648753466105,Group Development Pakistan,Group Development Pakistan,587
103161792280179,Kuch To Hay Na,Taha Bin Muhammad,523
226686207933637,Syed Hasnain Hashmi,Syed Hasnain Hashmi,481
109493084543028,Four Corners with Tarar,NEXT TV,366
106734931178823,Munawar Khan,These ads ran without a disclaimer,312
105690462092880,MM News Videos,MM Digital PVT LTD,299
115445627811504,Muhammad Kashif Mairaj,Muhammad Kashif Mairaj,295
407889229718531,Sardar Tanveer Ilyas Khan,Sardar Tanveer Ilyas Khan,274
252434368713670,Humayun Akhtar Khan,Humayun Akhtar Khan,229
108731623986929,Voice of Sindh,Voice of Sindh,217
361971188258443,Syed Tariq Mahmood ul Hassan,Syed Tariq Mahmood ul Hassan,183
1951442588482863,Osama Imdad,Osama Imdad,126
439602326768171,Azhar Qazi Mashwani,Azhar Qazi Mashwani,≤100
148143495361532,Hafiz Farhat Abbas,Hafiz Farhat Abbas,≤100
101915372646883,observerdiplomatmag,These ads ran without a disclaimer,≤100
418725474981367,All Pakistan Anjuman-E-Tajran,These ads ran without a disclaimer,≤100
388501561700814,Ch Tariq Irshad,Ch Tariq Irshad,≤100
106911865583303,StyleHub,These ads ran without a disclaimer,≤100
107484761969431,Agha Siraj Khan Durrani Official,Agha Siraj Khan Durrani Official,≤100
110196941769209,𝗦𝘆𝗲𝗱 𝗔𝗹𝗶 𝗞𝗮𝗺𝗿𝗮𝗻 𝗞𝗶𝗿𝗺𝗮𝗻𝗶 𝗢𝗳𝗳𝗶𝗰𝗶𝗮𝗹,𝗦𝘆𝗲𝗱 𝗔𝗹𝗶 𝗞𝗮𝗺𝗿𝗮𝗻 𝗞𝗶𝗿𝗺𝗮𝗻𝗶 𝗢𝗳𝗳𝗶𝗰𝗶𝗮𝗹,≤100
1643642109268158,Inzaar,These ads ran without a disclaimer,≤100
105344244383593,Today’s Pakistan,These ads ran without a disclaimer,≤100
112743921547377,Farooq E Azam فاروقِ اعظم,These ads ran without a disclaimer,≤100
100302709554278,Naeem Tarar,These ads ran without a disclaimer,≤100
145113979161887,The Centrum Media,These ads ran without a disclaimer,≤100
196503497602810,Sarsabz,These ads ran without a disclaimer,≤100
106316085606854,Source of_4,These ads ran without a disclaimer,≤100
105494315161744,talkdiplomacy,These ads ran without a disclaimer,≤100
100918982880122,Shorts News Pk,These ads ran without a disclaimer,≤100
1095244247247145,Travel-Dude Nafiz Songram,These ads ran without a disclaimer,≤100
203857292983532,AviationCV.com,These ads ran without a disclaimer,≤100
738837589526777,Engineers,These ads ran without a disclaimer,≤100
237292769749310,CRI Pashto,These ads ran without a disclaimer,≤100