﻿Page ID,Page name,Disclaimer,Amount spent (CLP)
216911928319871,Banco Bci,Banco Bci,27665
527441447268308,Copec,COPEC S.A.,8032
100447419569628,Demócratas Chile,Demócratas,7601
1548643738480723,Asistencia Deudores,Asistencia Deudores,7161
229512630397510,El Amaule,MiVoz.cl,6616
715843291871130,Congreso Futuro,Gonzalo Rosas Barrenechea,5047
105783868682878,Asistencia Tesorería,Asistencia Tesoreria,3388
101180752297383,Gustavo Benavente Diputado,Gustavo Adolfo Alberto Benavente Vergara,3327
78617029137,Greenpeace Chile,Fundación Greenpeace Pacífico Sur,2212
580663538777736,Consejo Minero,Feedback Comunicaciones,2068
110951722267366,World Vision Chile,World Vision Chile,1998
101668895480680,Concejal Ismael San Martín,Concejal Ismael San Martín,1826
106795225525090,Todo en tus manos,These ads ran without a disclaimer,1785
102666401091730,Fedir Chile SpA,Brecha Digital Consultores Ltda.,1548
194541580691961,Consejo para la Transparencia,Consejo para la Transparencia,1360
109339288407350,Santuario Quitralco,Santuario Quitralco,1014
103527991214141,Cero DICOM,Cero Dicom,950
103030962615298,Chile YAAC,Chile YAAC,920
121717528487698,Confidence Chile,Confidence Chile SPA,788
104224427947088,Circula el Plástico,Metrix,732
643513979193133,Unidos por Beatriz,Neuma,664
1791165647786154,Javier Ahumada Ramirez,Javier Andrés Ahumada Ramírez,600
104865379653366,Guido Girardi,Gonzalo Rosas Barrenechea,546
126170624336,Amnistía Internacional - Chile,Amnistía Internacional Chile,499
112414063439760,Saludable SPA,Brecha Digital Consultores,483
295886120554128,Polpaico,Cemento Polpaico SA,474
1436530563295625,El Líbero,Sociedad Periodística El Líbero S.A,469
107151670642286,Al Aguaite Sin Censura,Maxi Agustin Soto Yañez,419
300858333588568,Rafael Ramirez Parra,Rafael Antonio Ramirez Parra,394
181189911970230,Alberto Undurraga V,Alberto Undurraga Vicuña,380
301596847064228,Emergencias Araucania,Alejandro Tomas Martini Iriarte,291
120372434674223,ACHS Asociación Chilena de Seguridad,Asociación Chilena de Seguridad ACHS,282
110405624650830,Chile En La Encrucijada,Juan Antonio Montes Varas,236
221901754840837,Acciona.Chile,ACCIONA Chile,223
1838348886396892,Rodrigo Gorigoitia Muñoz,Rodrigo Alex Gorigoitia Muñoz,170
1053904371304329,Metro21,These ads ran without a disclaimer,147
833378750055074,Radio Lago Villarrica 91.5 FM,Alejandro Tomas Martini Iriarte,142
110253331322287,Acuerdo Nacional Ahora,Acuerdo Nacional Ahora,132
198921630648476,Vidrios Lirquen,Vidrios Lirquen,129
293103284121826,Fundación Para el Progreso,Fundación Para el Progreso,117
20328538919,Hector Barria Angulo,These ads ran without a disclaimer,103
106205704775403,jignaciocardenasg,These ads ran without a disclaimer,≤100
221900751168796,Fundación Madre Josefa,Mauricio Alberto Castillo Cortés,≤100
327958407779875,Simbiosis Bioconsultora,These ads ran without a disclaimer,≤100
108894490748267,Partido Social Cristiano,Social Cristiano,≤100
105471814325992,The Real Eco State,These ads ran without a disclaimer,≤100
292129440851133,CropLife Latin America,These ads ran without a disclaimer,≤100
131189377574,MDPI,These ads ran without a disclaimer,≤100
1713118635614009,"Victória, Uma Saga Italiana no Interior do Rio Grande",These ads ran without a disclaimer,≤100
103303247695129,Internet 21,Internet21,≤100
104189318481439,Minería y Futuro,Mineria y Futuro,≤100
1079743815448235,Glencore,These ads ran without a disclaimer,≤100
105683075525564,CANAL MUTUO,These ads ran without a disclaimer,≤100
100432322646591,Magnom Properties,These ads ran without a disclaimer,≤100
103431027936004,Cámara Minera de Chile,Cámara Minera,≤100