﻿Page ID,Page name,Disclaimer,Amount spent (USD)
102310491882678,Smart Daily Digest,Smart Daily Digest LLC,339
130268756992804,Yale Climate Connections,Yale Climate Connections with Facebook Ad Credits,207
127225910653607,PragerU,PragerU,107
85452072376,NEWSMAX,"NEWSMAX MEDIA, INC.",≤100
168876449866088,The Years Project,THE YEARS PROJECT,≤100
385494895552183,Congressman Ed Case,The Office of Congressman Ed Case,≤100
100652668612020,Essential Plastics Coalition,"CENTER FOR CONSUMER FREEDOM, THE",≤100
133913826633461,Grassroot Institute of Hawaii,"THE GRASSROOT INSTITUTE OF HAWAII, INC.",≤100
6514736316,Walden University,Walden University,≤100
153080620724,Donald J. Trump,TRUMP SAVE AMERICA JOINT FUNDRAISING COMMITTEE,≤100
18982436812,ACLU,American Civil Liberties Union,≤100
199504650087085,United,"UNITED AIRLINES, INC.",≤100
104206322547789,Hele Clean Hawaii,CLEAN FUEL HAWAII,≤100
314499212242,Pfizer,Pfizer Inc.,≤100
1668829900099443,Hospitality is Working,Hospitality is Working,≤100
309798029121030,Everytown for Gun Safety,Everytown for Gun Safety Action Fund Inc,≤100
57259033959,AARP,AARP,≤100
7191206138,ASPCA,ASPCA,≤100
515208202285132,The Kelly Clarkson Show,"NBCUniversal, LLC",≤100
2353537341582545,Proud Patriots,Proud Patriots,≤100
1316372698453411,Alexandria Ocasio-Cortez,Alexandria Ocasio-Cortez for Congress,≤100
592707041080920,Stand Together,Stand Together Chamber of Commerce Inc.,≤100
216069038487059,"The Nature Conservancy, Hawaii and Palmyra",NATURE CONSERVANCY,≤100
38471053686,Elizabeth Warren,"WARREN FOR SENATE, INC.",≤100
131730790498,Take Down Tobacco,Campaign for Tobacco-Free Kids,≤100
309308412520731,Sandy Hook Promise,Sandy Hook Promise,≤100
167555906615100,The Voice,"NBCUniversal, LLC",≤100
15771560300,Earthjustice,EARTHJUSTICE,≤100
281564034037,AARP Hawaii,AARP,≤100
10128918116,Gavin Newsom,Campaign for Democracy PAC,≤100
570092813023833,Matt Walsh,The Daily Wire,≤100
1461100540775171,The Tuttle Twins,LIBERTAS INSTITUTE,≤100
7341997111,Conservation International,Conservation International,≤100
152236424848913,Hawai‘i Appleseed Center for Law and Economic Justice,HAWAII APPLESEED CENTER FOR LAW AND ECONOMIC JUSTICE,≤100
1413858742171052,Melinda French Gates,Melinda French Gates,≤100
385473284886474,Hillsdale College,Hillsdale College,≤100
2352551028300986,Honua Ola,Honua Ola Bioenergy,≤100
108547455113940,Our America,Our America,≤100
12566691349,Today Show,"NBCUniversal, LLC",≤100
431891506856669,Dove,Unilever,≤100
113011138085478,USA Funeral Benefits & Services,Final Expense Authority LLC,≤100
92925746942,Judicial Watch,Judicial Watch,≤100
103355385129734,The Climate Pledge,The Climate Pledge,≤100
304600892905134,Hillsdale College Online Courses,HILLSDALE COLLEGE,≤100
428821014132730,Katie Porter,KATIE PORTER FOR SENATE,≤100
72931140459,Center for Biological Diversity,"CENTER FOR BIOLOGICAL DIVERSITY, INC.",≤100
19746387261,Humane Society International,Humane Society International,≤100
103695769458,United States Mint,United States Mint,≤100
103175021296846,Save Our Planet,Sahak Nalbandyan,≤100
408526523045391,Mammoth Nation,Mammoth Nation,≤100
18709174006,National Audubon Society,"NATIONAL AUDUBON SOCIETY, INC.",≤100
40217893542,AIPAC,AIPAC,≤100
104394262049761,Jeremy's Razors,The Daily Wire,≤100
6041057841,The Humane Society of the United States,"HUMANE SOCIETY OF THE UNITED STATES, THE",≤100
23875187730,Feeding America,FEEDING AMERICA,≤100
203197030603239,8 Billion Trees,8 Billion Trees LLC,≤100
342294162453301,Planned Parenthood,Planned Parenthood Federation of America,≤100
209516845093,NRDC Action Fund,NRDC Action Fund,≤100
23875187730,Feeding America,Feeding America,≤100
104760636770,Vera Institute of Justice,"VERA INSTITUTE OF JUSTICE, INC.",≤100
106244251043808,America's Plastic Makers,"AMERICAN CHEMISTRY COUNCIL, INC.",≤100
166618413413767,Jay Sekulow,American Center for Law and Justice,≤100
30139072158,CARE,CARE,≤100
376776419037747,Turning Point USA,"Turning Point USA, Inc.",≤100
7030901126,Campaign for Tobacco-Free Kids,Campaign for Tobacco-Free Kids,≤100
109092142462587,Adam Schiff,SCHIFF FOR SENATE,≤100
13885075114,Action Against Hunger USA,ACTION AGAINST HUNGER - USA,≤100
49651563727,Live Action,Live Action,≤100
106568024842114,Rideshare Assault Support,Citizen Ad Network LLC,≤100
113891694102,Energy Citizens,AMERICAN PETROLEUM INSTITUTE,≤100
203805062990264,Ben Shapiro,The Daily Wire,≤100
15239367801,The Wilderness Society,"WILDERNESS SOCIETY, THE",≤100
25372476424,Best Friends Animal Society,BEST FRIENDS ANIMAL SOCIETY,≤100
61492859575,Americares,"Americares Foundation, Inc.",≤100
7292655492,MoveOn,MOVEON.ORG POLITICAL ACTION,≤100
8325302025,Friends of the Earth U.S.,Friends of the Earth,≤100
1012679305536045,Elissa Slotkin,Elissa Slotkin for Michigan,≤100
216311481960,Bill Gates,Bill Gates,≤100
6165653060,AFSCME,AMERICAN FEDERATION OF STATE COUNTY & MUNICIPAL EMPLOYEES,≤100
100992801635617,Conservative-American.org,Conservative American Strategies,≤100
25852730092,Care2,"Care2.com, Inc",≤100
12375354406,USO,United Service Organizations,≤100
109320440856128,Stand Up to Jewish Hate,"Foundation to Combat Anti-Semitism, Inc.",≤100
121626482110,Operation Smile,OPERATION SMILE,≤100
6204742571,Sierra Club,SIERRA CLUB,≤100
103375628943529,Adam Frisch,Adam for Colorado,≤100
197760674021143,Indivisible Guide,INDIVISIBLE ACTION,≤100
107445151903077,Change The Code,GREENPEACE INC,≤100
38235851310,USA for UNHCR,UNITED STATES ASSOCIATION FOR UNHCR,≤100
267180743723148,National Geographic Society,National Geographic Society,≤100
83290028957,Care Net,CARE NET,≤100
107764430968176,Tuttle Twins TV Show,"Tuttle Twins Show, LLC",≤100
22067606728,Allen West,The Association of Mature American Citizens Inc,≤100
123192635089,GOP,REPUBLICAN NATIONAL COMMITTEE,≤100
7192716362,Amnesty International USA,"AMNESTY INTERNATIONAL OF THE U. S. A., INC.",≤100
12301006942,Democratic Party,DNC SERVICES CORP./DEM. NAT'L COMMITTEE,≤100
570953166908066,Vivek Ramaswamy,VIVEK 2024,≤100
153446658100252,Lumina Foundation,Lumina Foundation,≤100
8934429638,Planned Parenthood Action,Planned Parenthood Action Fund,≤100
103885799225717,Liberty Protector,Liberty Protector,≤100
376006035816016,Storyworth,These ads ran without a disclaimer,≤100
689547608156721,The Burial Solution,The Burial Solution,≤100
102592959026,Ocean Conservancy,"OCEAN CONSERVANCY, INC.",≤100
104295601633638,American Cornerstone Institute,American Cornerstone Institute Inc,≤100
1435071773455316,Daily Wire,The Daily Wire,≤100
8492293163,Environmental Defense Fund,Environmental Defense Fund,≤100
282728185140429,Rep For Vets,The Rep For Vets,≤100
149607228384141,America Needs Fatima,"American Society for the Defense of Tradition, Family and Property",≤100
252814820267,HIAS,HIAS,≤100
104977525752112,Freedom of Patriots,Freedom of Patriots,≤100
200650357207240,I Love My Freedom,I Love My Freedom,≤100
201446296572389,Compassion in World Farming (USA),Compassion in World Farming Inc,≤100
255062275778,Tim Tebow Foundation,TIM TEBOW FOUNDATION,≤100
228132537208218,Tammy Duckworth,TAMMY FOR ILLINOIS,≤100
2053678114723700,President Trump's Patriot Army,I Love My Freedom,≤100
2248759605441364,Ahimsa,These ads ran without a disclaimer,≤100
29934350147,Marketplace Business News,AMERICAN PUBLIC MEDIA,≤100
7735858972,Humane Society Legislative Fund,Humane Society Legislative Fund,≤100
102487414911362,Stop AAPI Hate,Stop AAPI Hate,≤100
580610428636345,Fight for $15,Fight for $15,≤100
106608038931801,Loyal Patriots,Loyal Patriots,≤100
108247581851552,Democracy Defense Fund,DEMOCRACY DEFENSE FUND,≤100
115379705206001,U.S. Department of Homeland Security Blue Campaign,U.S Department of Homeland Security Blue Campaign,≤100
6502038524,First Book,FIRST BOOK,≤100
21375324480,The Heritage Foundation,HERITAGE FOUNDATION (THE),≤100
681626158940626,Mission Roll Call,Americas Warrior Partnership,≤100
23790541544,Democrats,DCCC,≤100
100758682697459,Mayday Health,"Mayday Medicines, Inc.",≤100
101330089548224,John Burrows for Congress,John Burrows for Congress,≤100
158337134192979,Career Education Colleges and Universities,Career Education Colleges and Universities,≤100
29717379728,International Justice Mission,International Justice Mission,≤100
6266829799,Sherrod Brown,FRIENDS OF SHERROD BROWN,≤100
27544763621,Prison Fellowship,Prison Fellowship,≤100
118903025362,FLOR,"FLOR, Inc.",≤100
8321461609,MomsRising.org,MomsRising Together,≤100
154561574598964,White Coat Waste Project,THE WHITE COAT WASTE PROJECT INC,≤100
219242560293,Meals on Wheels America,Meals On Wheels America,≤100
111464544881905,America First News,Tomer Barazani,≤100
8501031021,VoteVets.org,VOTEVETS,≤100
114008535880,Foundation for Individual Rights and Expression,FOUNDATION FOR INDIVIDUAL RIGHTS IN EDUCATION,≤100
102079592297532,Leftdiculous Card Game,"Right Entertainment, LLC",≤100
443329669123990,USAFacts,USAFacts Institute,≤100
112735922758892,Charlie Kirk,"Turning Point USA, Inc.",≤100
10498053716,Media Research Center,MEDIA RESEARCH CENTER,≤100
6236054211,Brady: United Against Gun Violence,Brady Campaign to Prevent Gun Violence,≤100
68680511262,NFL,NFL PROPERTIES LLC,≤100
133913826633461,Grassroot Institute of Hawaii,Grassroot Institute of Hawaii,≤100
103496691094956,Freespoke,"FREEDOM FRIES, LLC",≤100
153278754738777,Climate Reality,The Climate Reality Project,≤100
159658557547960,Wall Street Journal Opinion,The Wall Street Journal,≤100
19554217292,American Heart Association: You're the Cure,American Heart Association,≤100
5644748986,National Wildlife Federation,NATIONAL WILDLIFE FEDERATION,≤100
297987334762,Jamie Raskin,Jamie Raskin for Congress,≤100
546066468753446,Black Health Matters,BLACK HEALTH MATTERS FOUNDATION INC,≤100
166833599370,USCCA,These ads ran without a disclaimer,≤100
51379424899,Mercy Ships,MERCY SHIPS INTERNATIONAL,≤100
108268161352786,Stanley M. Herzog Foundation,Herzog Foundation,≤100
70874333603,CatholicVote,catholicvote.org,≤100
172758932738142,PhRMA,PHARMACEUTICAL RESEARCH AND MANUFACTURERS OF AMERICA,≤100
1632814840319802,John Fetterman,Fetterman for PA,≤100
36474716066,Color Of Change,ColorofChange.org,≤100
19437978960,Chris Murphy,FRIENDS OF CHRIS MURPHY,≤100
118626774835274,Medicare Made Clear,Medicare Made Clear from United Healthcare,≤100
1070343826414078,Lead Locally,Lead Locally,≤100
155053761186405,King's Maui,These ads ran without a disclaimer,≤100
176099663659,Armed Services YMCA,ARMED SERVICES YMCA OF THE USA,≤100
101704558574021,Lucas Kunce,Lucas Kunce for Missouri,≤100
1382441768496365,Pentair,PENTAIR,≤100
161183970656851,Ruben Gallego,GALLEGO FOR ARIZONA,≤100
71393981315,WildAid,"WILDAID, INC",≤100
120778038066631,EveryLibrary,EveryLibrary,≤100
45393753416,Alliance Defending Freedom,Alliance Defending Freedom,≤100
15503839732,Peter G. Peterson Foundation,Peter G. Peterson Foundation,≤100
100684991996307,November Coalition,NOVEMBER COALITION,≤100
220873174076,Animal Equality,ANIMAL EQUALITY,≤100
1832744013698336,Mahogany Mommies,Mahogany Mommies,≤100
355783211719644,Veteran Caregivers of America,"Veteran Caregivers, LLC",≤100
5647744585,PETA (People for the Ethical Treatment of Animals),"PEOPLE FOR THE ETHICAL TREATMENT OF ANIMALS, INC.",≤100
2245766435469741,Beersy,Beersy LLC,≤100
1526736227567131,TrueCoverage,True Coverage,≤100
43005439032,American Diabetes Association,American Diabetes Association,≤100
148742625279219,BlocPower,"BlocPower, LLC",≤100
21492729544,Catholic Relief Services,CATHOLIC RELIEF SERVICES - UNITED STATES CONFERENCE OF CATHOLIC BISHOPS,≤100
108184308894653,Campaign for Democracy,Campaign for Democracy PAC,≤100
21395843375,Dialysis Patient Citizens,DIALYSIS PATIENT CITIZENS INC,≤100
1600352356914768,PushBlack,PushBlack,≤100
125769584126996,Yael Eckstein,"INTERNATIONAL FELLOWSHIP OF CHRISTIANS & JEWS, INC.",≤100
408250066356,Bill O'Reilly,"Bill Me, Inc.",≤100
134452023239984,Human Coalition,Human Coalition,≤100
34362997676,United States Holocaust Memorial Museum,UNITED STATES HOLOCAUST MEMORIAL MUSEUM,≤100
8047221596,Save the Children US,SAVE THE CHILDREN FEDERATION INC.,≤100
340153562850578,Tim Tebow,TIM TEBOW FOUNDATION,≤100
1470540296409810,Fair Fight Action,FAIR FIGHT,≤100
1593518174052711,Candace Owens,The Daily Wire,≤100
219612384781411,Bloomberg Philanthropies,Bloomberg Philanthropies,≤100
15041226930,Oxfam,"OXFAM AMERICA, INC.",≤100
50822254585,Mountain States Legal Foundation,Mountain States Legal Foundation,≤100
24481937944,Theodore Roosevelt Conservation Partnership,"THEODORE ROOSEVELT CONSERVATION PARTNERSHIP, INC",≤100
76470053424,TIAA,TEACHERS INSURANCE AND ANNUITY ASSOCIATION OF AMERICA,≤100
106563958759988,Semafor,Semafor Inc.,≤100
1196196390526965,Facebook Surveys,These ads ran without a disclaimer,≤100
100403528653081,Punchbowl News,Punchbowl News,≤100
260713150211,Protect Our Winters,Protect Our Winters,≤100
431019887282794,Tomorrow's World Today,Flying Cork,≤100
372082579523719,Rabbi Dr. Shmuly Yanklowitz,Rabbi Dr. Shmuly Yanklowitz,≤100
940653386126953,StandingWithYou.org,Standingwithyou.org,≤100
103546351703577,Dallas Express,Dallas Express Media,≤100
137601429604296,Watch What Happens Live,"NBCUniversal, LLC",≤100
147368882623027,Black Futures Lab,Black Futures Lab,≤100
281844617168,Jewish Voice Ministries International,Jewish Voice Ministries International,≤100
50982313030,Food & Water Watch,Food & Water Watch,≤100
108641741851973,Magic Valley Energy,Magic Valley Energy LLC,≤100
711478725532801,Civiqs,Civiqs,≤100
21242962092,ClientEarth,CLIENTEARTH USA INC,≤100
127276773973529,SEVA FOUNDATION,Seva Foundation,≤100
7860876103,Joe Biden,DNC SERVICES CORP./DEM. NAT'L COMMITTEE,≤100
165987503528599,Lindsey Graham,"TEAM GRAHAM, INC.",≤100
117437204982602,American Wild Horse Campaign,American Wild Horse Preservation Campaign,≤100
1338822066131069,Women's March,Women's March,≤100
393932827634250,Dissent Pins,Common Practice,≤100
945455208962159,For Everyone Collective,For Everyone Collective,≤100
11791104453,NRDC,Natural Resources Defense Council,≤100
1958912674200535,The Pour Over,Pour Over,≤100
1066028990105772,Pacific Remote Islands Coalition,RESOURCES LEGACY FUND,≤100
780941275347834,Ilhan Omar,ILHAN FOR CONGRESS,≤100
108848685502541,First Hand Audio,"Bruhaha, LLC",≤100
142957224352,International Medical Corps,International Medical Corps,≤100
1534290989956166,Philanthropy Roundtable,"PHILANTHROPY ROUNDTABLE, THE",≤100
20787991568,Senate Democrats,DSCC,≤100
250485248333218,Clean Air Task Force,CLEAN AIR TASK FORCE,≤100
100795216220299,Representative Mahina Poepoe,Mahinamalamalama Poepoe,≤100
80060992758,Center for Food Safety,"CENTER FOR FOOD SAFETY, THE",≤100
145973965440671,Carnegie Corporation of New York,CARNEGIE CORPORATION OF NEW YORK,≤100
201956993160690,MRCTV,MEDIA RESEARCH CENTER,≤100
132066233534659,Healthcare Education Project,Healthcare Education Project,≤100
124924174551188,Awe Inspired,JILCO,≤100
32686688214,Texas Association of School Boards,"TEXAS ASSOCIATION OF SCHOOL BOARDS, INC.",≤100
384006901653736,The Moore Charitable Foundation,Moore Charitable Foundation,≤100
107483817554072,WorkMoney,WorkMoney,≤100
999556810102061,Signature Seas,Signature Seas,≤100
113341457791145,Voices for Healthy Green Spaces,Voices for Healthy Green Spaces,≤100
109352563640,Water.org,WATER.ORG INC.,≤100
104908071917505,Welcome.us,Welcome.us,≤100
583258211727279,Shai Fund,SHAI FUND INC,≤100
110442961603215,Yikes Today,Tomer Barazani,≤100
6787988478,Physicians for Human Rights,"PHYSICIANS FOR HUMAN RIGHTS, INC.",≤100
140357056032320,NEA Today,National Education Association,≤100
555787351119974,Coalition to Protect America's Health Care,Coalition to Protect America’s Health Care,≤100
121268821249550,World Central Kitchen,World Central Kitchen,≤100
104253615152700,America First Legal,America First Legal Foundation,≤100
19984154032,Great Performances l PBS,WNET,≤100
261951940219,Goldman Environmental Prize,Goldman Environmental Foundation,≤100
137918019584028,Starfish Project,"STARFISH PROJECT, INCORPORATED",≤100
17203056985,Partners In Health,Partners In Health,≤100
102420431749179,Raging Americans,Tomer Barazani,≤100
243184199040637,Caring Across Generations,Caring Across Generations,≤100
125120044171675,"City of Lancaster, CA – Government","LANCASTER, CITY OF",≤100
96935476345,Democratic Governors Association (DGA),"Democratic Action, democraticgovernors.org, not authorized by any candidate or candidate's committee.",≤100
142432192446984,David Horowitz Freedom Center,David Horowitz Freedom Center,≤100
101090559295696,TPUSA Faith,TURNING POINT USA NFP,≤100
114710126648118,Republican Dogs,Republican Dogs,≤100
333710103706307,GIFFORDS,Giffords,≤100
1163811040367180,Food & Water Action,FOOD & WATER ACTION,≤100
100406939603706,Clean Beauty Justice,These ads ran without a disclaimer,≤100
788559044606908,America Forward,NEW PROFIT INC,≤100
106315901551850,The U.S. Concealed Carry Association for Saving Lives,U.S. Concealed Carry Association For Saving Lives. Not Authorized By Any Candidate Or Candidate's Committee.,≤100
466164103423147,Thorn,Thorn,≤100
240937060405,Center for Science in the Public Interest (CSPI),Center for Science in the Public Interest,≤100
102747582433733,Shared Influence,THE PUBLIC GOOD PROJECTS INC,≤100
103875099042033,DailyWire+,The Daily Wire,≤100
112339644228184,Next Chapter Podcasts,"Next Chapter Podcasts, LLC",≤100
318691681482265,Liberty Justice Center,Liberty Justice Center,≤100
311901101987,"The Seeing Eye, Inc.",SEEING EYE INC,≤100
250392878345035,The Focused Pastor,Focus on the Family,≤100
936968016365794,The Eric Metaxas Radio Show,Salem Media,≤100
786167111464006,Woodson Center,The Woodson Center,≤100
665345483483486,NRA - National Rifle Association of America,NATIONAL RIFLE ASSN OF AMERICA,≤100
12357407443,American Friends Service Committee,AMERICAN FRIENDS SERVICE COMMITTEE,≤100
104721922541733,Nuclear Now,Nuclear Now,≤100
100373975829221,Fòs Feminista Org,Fòs Feminista,≤100
507070522767934,AACR Foundation,"AMERICAN ASSOCIATION FOR CANCER RESEARCH, INC.",≤100
56510866520,TaxAct,These ads ran without a disclaimer,≤100
157810487611661,Freethink,Freethink,≤100
8002590959,Rainforest Action Network - RAN,RAINFOREST ACTION NETWORK,≤100
1883837055193241,Shield Republic,Shield Republic,≤100
32252997166,American Dental Association,AMERICAN DENTAL ASSOCIATION,≤100
152264148166020,Moms Clean Air Force,Moms Clean Air Force,≤100
7962229886,Environmental Working Group,ENVIRONMENTAL WORKING GROUP,≤100
36872302227,Cory Booker,CORY BOOKER FOR SENATE,≤100
108293898875429,President Trump Supporters,I Love My Freedom,≤100
102204903345,The Vilcek Foundation,"VILCEK FOUNDATION, INC., THE",≤100
1526707030943680,Phoenix Dream Center,City Help Inc of Phoenix dba Phoenix Dream Center,≤100
294508332028,Lakota People's Law Project,ROMERO INSTITUTE,≤100
100417168386329,Heal America,Stand Together Chamber of Commerce Inc.,≤100
103851532013523,Policyfetch.com,Quantum Digital Media Inc,≤100
169204449790211,Conservative News Today,BizPac Review,≤100
601472019907779,Latino Victory,Latino Victory Fund,≤100
101041998305221,The Proud Republicans,Tomer Barazani,≤100
43934405787,IPPF,International Planned Parenthood Federation Worldwide Inc,≤100
149220264647,ADL - Anti-Defamation League,Anti-Defamation League,≤100
5435784683,Greenpeace USA,"GREENPEACE, INC.",≤100
357750373755,National Domestic Workers Alliance,National Domestic Workers Alliance,≤100
1424003277893336,Allan Domb,Allan Domb for Philadelphia,≤100
105561217523274,The Dispatch,"Dispatch Media, Inc.",≤100
131306317680000,Social Goods,"Social Goods, LLC",≤100
393076844046051,Progressive Caucus,CONGRESSIONAL PROGRESSIVE CAUCUS PAC,≤100
108512875350,The Atlas Society,The Objectivist Center Ltd,≤100
100287206270299,LaTonya Thomas for the Community - O'Fallon City Council - Ward 5,LaTonya Thomas for the Community - O'Fallon City Council - Ward 5,≤100
160389977329803,ATTN:,ATTN: INC.,≤100
524399207959953,Truth & Liberty Coalition,Truth & Liberty Coalition,≤100
131385910227393,Catholic Mobilizing Network,CATHOLIC MOBILIZING NETWORK,≤100
109716011638325,Jane Fonda Climate PAC,JANE FONDA CLIMATE PAC,≤100
6240652407,Young America's Foundation,Young America's Foundation Inc,≤100
393478511078455,Biodiesel Coalition of Missouri,Biodiesel Coalition of Missouri,≤100
115031433563622,Leading Ladies,BizPac Review,≤100
28446275521,Military Officers Association of America (MOAA),Military Officers Association of America,≤100
169042736456594,All Out,All Out Action Fund.,≤100
101069505589,American Association of Pro Life OB/GYNS,AAPLOG,≤100
105331908787374,Republican Accountability PAC,REPUBLICAN ACCOUNTABILITY PAC INC,≤100
107661474402498,Liberty Eagle Apparel,United Patriot,≤100
79125112926,Students for Life of America,"STUDENTS FOR LIFE OF AMERICA, INC.",≤100
14957887077,Freedom House,"FREEDOM HOUSE, INC.",≤100
32682889528,U.S. Chamber of Commerce,The U.S. Chamber of Commerce,≤100
128288676833,Rocky Mountain Elk Foundation,"ROCKY MOUNTAIN ELK FOUNDATION, INC.",≤100
169687486427698,Jentezen Franklin,FREE CHAPEL WORSHIP CENTER,≤100
8895898655,Rainforest Alliance,"RAINFOREST ALLIANCE, INC.",≤100
505653766599222,America First with Dr. Sebastian Gorka,Salem Media,≤100
181189746518,Forgotten Harvest,Franco,≤100
1898234727131235,Reel America,BizPac Review,≤100
226999127329906,New York Immigration Lawyer,Law Office of Alena Shautsova,≤100
101716172441500,Brennan Center en Español,"WILLIAM J. BRENNAN CENTER FOR JUSTICE, INC.",≤100
292351509697,Jerusalem Prayer Team,Jerusalem Prayer Team,≤100
110124618713,American Principles Project,American Principles Project,≤100
18079407397,CPAC,AMERICAN CONSERVATIVE UNION,≤100
104491841664875,Country First,"Country First Action, Inc.",≤100
300992409852,Hoover Institution,Hoover Institution,≤100
7145381235,American Jewish World Service - AJWS,"AMERICAN JEWISH WORLD SERVICE, INC.",≤100
102047517918,The Commonwealth Fund,"COMMONWEALTH FUND, THE",≤100
102027764795677,American Wire,BizPac Review,≤100
833703819981407,Atlantic Re:think,The Atlantic Monthly Group LLC,≤100
205795426669644,Facts and Logic about the Middle East,Facts and Logic About the Middle East,≤100
100740713805855,Carla Spalding for Congress,Carla Spalding for Congress,≤100
115415064388243,Brett Cooper,The Daily Wire,≤100
100119981671668,Blue Senate,BLUE SENATE PAC,≤100
428330877769054,Ask Anything,Ask Anything,≤100
407902639235640,JNS.org,Jewish News Syndicate,≤100
8524198486,Physicians Committee for Responsible Medicine,"PHYSICIANS COMMITTEE FOR RESPONSIBLE MEDICINE, INC.",≤100
508887815910815,BPR,BizPac Review,≤100
344175515603105,Southern Company,These ads ran without a disclaimer,≤100
102254715563026,Paula Avila-Guillen,Women's Equality Center,≤100
1050320055029012,Outrider Foundation,OUTRIDER FOUNDATION INC,≤100
124506846628,Agape International Missions,AGAPE INTERNATIONAL MISSIONS,≤100
114301413446447,The Climate Initiative,Kennebunkport Climate Initiative,≤100
1174241152642204,Carrier,These ads ran without a disclaimer,≤100
100712889249331,Health Equity Coalition for Chronic Disease,Health Equity Coalition for Chronic Disease,≤100
18983389920,Open Society Foundations,Open Society Foundations,≤100
359477377917,American Federation for Children,American Federation for Children,≤100
108179361951729,Republican Patriots,Tomer Barazani,≤100
470369419784714,Nick Palmisciano,Nick Palmisciano,≤100
397207347056799,Voices for Healthy Kids,AMERICAN HEART ASSOCIATION INC,≤100
316955281351,APWU - The American Postal Workers Union,AMERICAN POSTAL WORKERS UNION,≤100
104657602040321,Truth Media,Truth Media,≤100
60261764250,Childhelp,"CHILDHELP, INC.",≤100
93565224474,Mercy For Animals,MERCY FOR ANIMALS,≤100
645392368909975,carafem,carafem,≤100
168109446538119,St. Martin's Press,Macmillan Publishing,≤100
227535924071462,Animal Petitions,AnimalPetitions.org,≤100
30914589895,The International Fellowship of Christians and Jews,INTERNATIONAL FELLOWSHIP OF CHRISTIANS & JEWS INC,≤100
199891603386344,Common Ground Committee,Common Ground Committee,≤100
317284821682168,Messianic Jewish Alliance of America (MJAA),Messianic Jewish Alliance of America,≤100
1476342155924546,Big Rig Threads,Big Rig T-Shirts and Decals LLC,≤100
367292494407,AJC - American Jewish Committee,AMERICAN JEWISH COMMITTEE,≤100
497348647140658,Point Source Youth,Point Source Youth,≤100
99056648937,NIAC,NIAC Action,≤100
464998390249008,The Independence Fund,"INDEPENDENCE FUND, INC, THE",≤100
5720973755,Defenders of Wildlife,DEFENDERS OF WILDLIFE,≤100
103047259150209,What I Want to Know with Kevin P. Chavous,"Stride, Inc.",≤100
213026675385886,Domestic Abuse and Violence International Alliance,These ads ran without a disclaimer,≤100
16534314739,Facing History and Ourselves,"FACING HISTORY AND OURSELVES NATIONAL FOUNDATION, INC.",≤100
485980975070908,Abigail Spanberger,SPANBERGER FOR CONGRESS,≤100
403737406341879,National Women's Health Network,NATIONAL WOMENS HEALTH NETWORK,≤100
89336510798,American Friends of the Hebrew University,American Friends of Hebrew University,≤100
107008774760761,Color Us United,Color Us United,≤100
238473269650980,Capital & Main,CAPITAL & MAIN,≤100
36230141853,Zeal Optics,These ads ran without a disclaimer,≤100
160630887998827,Let Them Live,Oliver Harrison  Berning,≤100
2602473023098666,Democratic Polling Center,Democratic Governors Association,≤100
129213609793,Jewish Food,JTA-MJL NEW CORP.,≤100
12185972707,350.org,350 ORG,≤100
101391906600,Live Action News,Live Action,≤100
46347342434,EMILY's List,EMILY'S LIST,≤100
74470852653,Mike Pompeo,Champion American Values PAC,≤100
11111618026,Union of Concerned Scientists,"UNION OF CONCERNED SCIENTISTS, INC.",≤100
259351004139042,Ashbrook Center,Ashbrook Center,≤100
51405613519,Focus on the Family,Focus on the Family,≤100
18813753280,Human Rights Campaign,"HUMAN RIGHTS CAMPAIGN, INC.",≤100
142474049098533,Robert Reich,Inequality Media,≤100
63240625785,National Immigration Forum,NATIONAL IMMIGRATION FORUM,≤100
547694159068385,Indus Health Network,These ads ran without a disclaimer,≤100
127637620616803,Comcast Newsmakers,Comcast,≤100
160005659383,PreBorn,"MISSION: PRE-BORN, INC.",≤100
182620315479,Plan International USA,Plan International USA,≤100
337038226473839,Trish Regan,"SALEM MEDIA GROUP, INC.",≤100
667568823434660,Bikers CARE,"BIKERS C.A.R.E., INC.",≤100
1590877284560136,Patti Harris,Bloomberg Philanthropies,≤100
105861441295494,97Percent,97PERCENT ORG INC,≤100
251734676525,Kevin Cramer,CRAMER FOR SENATE,≤100
349800859019034,The 19th News,The 19th,≤100
83865976093,Truthout,TRUTHOUT,≤100
69983322463,Ted Cruz,TED CRUZ FOR SENATE,≤100
2321993584737314,The Markin Report,The Markin Report,≤100
268868046463126,Beacon Center of Tennessee,BEACON CENTER OF TENNESSEE,≤100
111150358588290,Project Offset,Project Offset,≤100
103531607822207,Noticias para Inmigrantes,"Wise Rock Media, PBC",≤100
372577693078008,"Saenz-Garcia Law, PLLC","Saenz-Garcia Law, PLLC",≤100
163148530407080,Captain Mark Kelly,MARK KELLY FOR SENATE,≤100
424443217623488,Clarion Project,"CLARION PROJECT, INC.",≤100
238348260390644,The Brigid Alliance,"BRIGID ALLIANCE, THE",≤100
69347890321,2U,"2U, Inc.",≤100
181924628560212,Ekō,Ekō,≤100
173896102623920,Old Row,Old Row,≤100
332671562949,Diversey,"Diversey Holdings, LTD.",≤100
104614641200137,MeidasTouch,MEIDASTOUCH,≤100
103845675717480,Powher by Brittney Canter Barbe,These ads ran without a disclaimer,≤100
58736997707,Marco Rubio,Rubio Victory Committee,≤100
378084314984,Trane Technologies,Trane Technologies,≤100
393795797388359,FOUR PAWS,FOUR PAWS INTERNATIONAL INC,≤100
290548664672,First Liberty Institute,First Liberty Institute,≤100
349550772283369,Anglers for Lake Okeechobee,Anglers for Lake Okeechobee,≤100
458142697588014,AARP Public Policy Institute,AARP,≤100
317284821682168,Messianic Jewish Alliance of America (MJAA),These ads ran without a disclaimer,≤100
101717572423510,Protect Your Pay RI,Protect Your Pay RI,≤100
91346559231,Democratic Legislative Campaign Committee - DLCC,Democratic Legislative Campaign Committee,≤100
227594571444676,Building New York's Best,Carpenter Contractor Alliance of Metropolitan New York,≤100
21090771700,Gun Owners of America,Gun Owners of America,≤100
164966660351345,Hope Outfitters,Hope Outfitters,≤100
253115052027730,Trenton Water Works,Trenton Water Works,≤100
2254455051442790,Flag and Cross,Flag & Cross,≤100
1428755447227803,Defend The Second,Next Level Goods,≤100
132766376763861,I Make America,Association of Equipment Manufacturers,≤100
207833736045744,MHAction.org,Patrick R. McHugh,≤100
40102638699,J Street,J STREET INC,≤100
109729861699329,Speak4,Speak4,≤100
136362309708243,Restaurant Opportunities Centers United (ROC United),"RESTAURANT OPPORTUNITIES CENTERS (ROC) UNITED, INC.",≤100
97466887664,Innocence Project,"INNOCENCE PROJECT, INC., THE",≤100
100158948453494,Lars for President,LARS MAPSTEAD FOR PRESIDENT,≤100
116204538416735,The AIDS Institute,AIDS INSTITUTE INC,≤100
197760674021143,Indivisible Guide,Indivisible Project,≤100
10524033745,Remote Area Medical - RAM,REMOTE AREA MEDICAL,≤100
170491079663777,The Sentencing Project,"SENTENCING PROJECT INC, THE",≤100
1731084720451495,Saprea,The Younique Foundation,≤100
105627742460145,Tobacco Kills NY,TOBACCO-FREE KIDS ACTION FUND,≤100
178700205665083,FamilyLife Blended,CAMPUS CRUSADE FOR CHRIST INC,≤100
105173311888160,Star and Bar,Star and Bar,≤100
108537340548276,"Haiku, Inc.",Kyle Reyes,≤100
126211280741703,Midwest Values PAC,Midwest Values PAC,≤100
55014581847,Strategic Elements,Strategic Elements,≤100
318196171580489,Ron DeSantis,Friends of Ron DeSantis,≤100
27461595703,Carbonfund,Carbonfund.org Foundation,≤100
104631299194819,Love Loyalty Honor,Love Loyalty Honor,≤100
487571108071357,Affordable Healthcare Coalition of NC,Affordable Healthcare Coalition of NC,≤100
101882882493702,Flavors Hook Oregon Kids,Flavors Hook Oregon Kids,≤100
107308698272177,Gas Leaks Action,Gas Leaks Action,≤100
40755480179,Students For Liberty,STUDENTS FOR LIBERTY INC,≤100
312657362217994,Women's Heart Alliance,Women's Heart Alliance,≤100
101538212187943,National Basketball Social Justice Coalition,National Basketball Social Justice Coalition,≤100
1553978148244954,Build With Strength,Build With Strength,≤100
215479992305641,Becoming Young,Becoming Young,≤100
102868946106278,Reel Congress,BizPac Review,≤100
284293125336159,Regulatory Transparency Project,FEDERALIST SOCIETY FOR LAW & PUBLIC POLICY STUDIES,≤100
16477459734,League of Conservation Voters,"LEAGUE OF CONSERVATION VOTERS, INC",≤100
130945114804,World Jewish Congress,WORLD JEWISH CONGRESS AMERICAN SECTION INC,≤100
102490504962117,Phade products,Phade products,≤100
234744096655497,Alliance For Early Success,Alliance for Early Success,≤100
14084625156,Susan G. Komen,Susan G. Komen,≤100
462747990484294,Seniors Speak Out,Healthcare Leadership Council,≤100
310925405807,Citizens Climate Lobby,Citizens' Climate Lobby,≤100
40032861193,ACLU of Indiana,INDIANA CIVIL LIBERTIES UNION INC,≤100
1165715730222155,Consumer Choice Center,Consumer Choice Center,≤100
6756153498,Mike Bloomberg,Bloomberg Philanthropies,≤100
114528814873407,The Flyover,The Flyover,≤100
57615046615,Rainforest Trust,RAINFOREST TRUST INC,≤100
198062237680310,Kevin Jackson,GovCloud Network LLC,≤100
323083351064533,The News Literacy Project,The News Literacy Project,≤100
1418081008242531,Hey Alma,JTA-MJL NEW CORP.,≤100
103552914774916,Science Moms,Potential Energy Coalition Inc,≤100
134571176638205,One Tree Planted,One Tree Planted,≤100
1821609834721994,Otis Elevator Co,OTIS ELEVATOR COMPANY,≤100
114684731585166,Stand Against Su,Stand Against Su,≤100
147523538641547,Capitol Ministries,CAPITOL MINISTRIES,≤100
830162603716633,Andy Beshear,Andy Beshear for Governor,≤100
106602704371225,Rob is Right,Rob is Right,≤100
105454117977117,Voices for Consumer Choice,Voices for Consumer Choice,≤100
690092951180197,TacX Pro Gear,These ads ran without a disclaimer,≤100
101224002310757,Seven Weeks Coffee,Seven Weeks Coffee,≤100
11029708945,World Politics Review,WORLD POLITICS REVIEW LLC,≤100
100806242836871,Preservation Pause,University of Arizona Indigenous Peoples Law and Policy Program,≤100
105522602483398,Breaking News Alert,VIP Ad Solutions LLC,≤100
1226257404067392,Floridians for Government Accountability,"FLORIDIANS FOR GOVERNMENT ACCOUNTABILITY, INC.",≤100
279799525443906,HELPS Nonprofit,HELPS Nonprofit Law Firm,≤100
102413723172970,Nick Adams,Nick Adams,≤100
84645912778,Prosperity Now,PROSPERITY NOW,≤100
133937690180,Student Conservation Association,Student Conservation Association,≤100
142474049098533,Robert Reich,Inequality Media Civic Action,≤100
454663890502,Alliance for Patient Access,ALLIANCE FOR PATIENT ACCESS,≤100
116546288359245,Heritage Action for America,HERITAGE ACTION FOR AMERICA,≤100
112062103882377,Florida Consumer Alliance,Florida Consumer Alliance,≤100
226158107735831,Minnesotans for Paid Family Leave,Minnesota AFL-CIO,≤100
309798029121030,Everytown for Gun Safety,Everytown for Gun Safety Support Fund Inc,≤100
1715411108562631,Laflore Paris,These ads ran without a disclaimer,≤100
60865633726,Love Justice International,TINY HANDS INTERNATIONAL,≤100
510681319319292,U.S. Civil Rights Trail,US Civil Rights Trail Marketing Alliance INC,≤100
615346681913261,Commissioner Jessica Tetreau,Jessica Tetreau for Brownsville Mayor,≤100
154930410085,"Zion Oil and Gas, Inc.","Zion OIl & Gas, Inc.",≤100
88410949777,Population Media Center,"POPULATION MEDIA CENTER, INC.",≤100
518194348194441,RepresentUs,RepresentUs,≤100
60182072999,Lila Rose,Live Action,≤100
37461287798,Jesuit Refugee Service/USA,JESUIT REFUGEE SERVICE INC,≤100
112775848387955,Data for Society Research,The University of Chicago,≤100
17414523278,Democracy Now!,DEMOCRACY NOW,≤100
628423320573742,Vote Run Lead,VOTERUNLEAD,≤100
108731490859583,America's Work Force Union Podcast,"Bortini Management Associates, Inc.",≤100
108913648781152,Hardworking Americans,Hardworking Americans Inc,≤100
331037760381749,Sierra Magazine,SIERRA CLUB,≤100
27311599342,Preemptive Love,Preemptive Love Coalition,≤100
122335106265640,Healing Hip Hop,These ads ran without a disclaimer,≤100
417522508294454,Job Creators Network,Job Creators Network,≤100
471928596287830,Brian Mast,Mast for Congress,≤100
173470656019870,The Daily Yonder,CENTER FOR RURAL STRATEGIES,≤100
361088970643071,Georgia Commute Options,Georgia Commute Options,≤100
271453369908901,FLAG  - Foundation for Liberty and American Greatness,Tomer Barazani,≤100
143981748956175,Rural Assembly,Rural Assembly,≤100
101570842807695,Walsh for Mayor,Michael Wayne Ford,≤100
208872873173211,Truckers.com,"Small Business in Transportation Coalition, Inc.",≤100
107454490912636,Jewish Future Pledge,Jewish Future Pledge Inc,≤100
299295363912730,New Politics Leadership Academy,New Politics Leadership Academy,≤100
322551718276442,Lemons Are Blue,Lockwell LLC,≤100
451075468389015,Donald Trump Is My President,Donald Trump Is My President,≤100
657708380952174,Voices of the Civil Rights Movement,Comcast,≤100
71324717432,National Association of Scholars,NATIONAL ASSOCIATION OF SCHOLARS,≤100
129278807814364,Women of Welcome,Women of Welcome,≤100
111499465080080,John Tillman,John Tillman,≤100
109599248636777,Consumer Credit Card Protection Coalition,CONSUMER CREDIT CARD PROTECTION COALITION,≤100
19774119425,Habitat for Humanity,These ads ran without a disclaimer,≤100
5943727453,American Humane,American Humane,≤100
24330467048,Americans for Prosperity,AMERICANS FOR PROSPERITY,≤100
523938087747648,Catapult,Catapult,≤100
107064011602890,The American Idea Podcast,Ashbrook,≤100
143063095713907,Hep,"CDM PUBLISHING, LLC",≤100
136812255593,Brazos Press,Baker Publishing Group,≤100
197374340229,E2 - Environmental Entrepreneurs,E2 (Environmental Entrepreneurs),≤100
304842759546695,Brooklyn Institute for Social Research,Brooklyn Institute for Social Research,≤100
102142101657930,OurFight.online,Our Fight Inc,≤100
896759427103774,Modern Medicaid Alliance,Modern Medicaid Alliance,≤100
126893748252841,American Firearms Association,American Firearms Coalition,≤100
30914589895,The International Fellowship of Christians and Jews,"INTERNATIONAL FELLOWSHIP OF CHRISTIANS & JEWS, INC.",≤100
38882699096,Polaris,POLARIS PROJECT,≤100
430869277025501,Dr. Nancy O'Reilly,"WOMEN CONNECT4GOOD, INC.",≤100
101791315693,Destiny Rescue,"Destiny Rescue International, Inc.",≤100
313723095478950,Daily Citizen,Focus on the Family,≤100
183165025062107,The TESA Collective,"The Toolbox for Education and Social Action, Inc",≤100
186977768011413,Ironworkers Rising,"International Association of Bridge, Structural, Ornamental, and Reinforcing Iron Workers",≤100
19420215926,CNSNews.com,MEDIA RESEARCH CENTER,≤100
130268756992804,Yale Climate Connections,Yale Climate Connections,≤100
43163225096,Idaho Democratic Party,IDAHO STATE DEMOCRATIC PARTY,≤100
1628922377207463,Randy Feenstra,FEENSTRA FOR CONGRESS,≤100
7219151423,The Fund for American Studies (TFAS),FUND FOR AMERICAN STUDIES,≤100
104377518078467,More Perfect Union,MORE PERFECT UNION FOUNDATION,≤100
235039782048,Array of Hope,ARRAY OF HOPE,≤100
109866370700481,PushBlack Finance,PushBlack,≤100
182574111780105,California Bicycle Coalition,California Bicycle Coalition,≤100
158505287559920,Save the Storks,Save the Storks,≤100
101322195192409,David Harrison: Our Unfinished Work,David Sprague Harrison,≤100
106058025408954,Do No Harm Medicine,Do No Harm,≤100
153657598048710,The Hodgetwins,These ads ran without a disclaimer,≤100
100463829624034,Everage for Angola,These ads ran without a disclaimer,≤100
410143045995386,Patients for Affordable Drugs,Patients for Affordable Drugs Inc.,≤100
100692068471118,Explain America,Apse Media LLC,≤100
10606591490,TIME,TIME USA LLC,≤100
1449181988510764,House of Gongs,These ads ran without a disclaimer,≤100
110474234159426,We The People Wine,We The People Wine,≤100
92021268117,Working America,Working America,≤100
101670979560788,Reel Police,BizPac Review,≤100
158689780839317,vegan,Eugene Khutoryansky,≤100
104936897601191,Clario,These ads ran without a disclaimer,≤100
20603236087,Love146,"LOVE146, INC.",≤100
1505244559517282,Colin Allred,COLIN ALLRED FOR CONGRESS,≤100
164498676940373,American Masters,WNET,≤100
128904330509898,The University of Chicago Harris School of Public Policy,The University of Chicago Harris School of Public Policy,≤100
104981939210693,Clayton Keirns,I Love My Freedom,≤100
153704007991524,Women's Earth and Climate Action Network,Women's Earth and Climate Action Network (WECAN) International,≤100
102712325850529,Libratum Press,Libratum Press LLC,≤100
97279934919,bp America,BP CORPORATION NORTH AMERICA INC.,≤100
1271463226269367,Texans for Affordable Health Care,American Coalition for Affordable Healthcare,≤100
21506845769,The Jimmy Fund,These ads ran without a disclaimer,≤100
103648802451237,Fair Courts America,Fair Courts America,≤100
723394465079640,The Lion,Stanley M. Herzog Charitable Foundation,≤100
105941575697608,Conservative,Tomer Barazani,≤100
1914537155242810,Life: Powered,Texas Public Policy Foundation,≤100
190037676426,Women's Advocates,Women's Advocates,≤100
6333396177,NewsBusters.org,MEDIA RESEARCH CENTER,≤100
291102898490822,Conservative Comedy Store,Conservative Comedy Store,≤100
19342050934,Leadership Institute,LEADERSHIP INSTITUTE INC,≤100
386305465057247,Liberty Nation,Liberty Nation,≤100
2070944712939738,American Police Officers Alliance,American Police Officers Alliance,≤100
22627435207,Presbyterian Church (U.S.A.),Presbyterian Church (U.S.A.),≤100
279890513018,Islamic Networks Group - ING,"ISLAMIC NETWORKS, INC.",≤100
34401444206,Socially Responsible Agriculture Project,SOCIALLY RESPONSIBLE AGRICULTURAL PROJECT,≤100
661744180680367,National Police Association,"NATIONAL POLICE ASSOCIATION, INC.",≤100
7606381190,Amy Klobuchar,KLOBUCHAR FOR MINNESOTA,≤100
139835646030666,Alliance for Aviation Across America,Alliance for Aviation Across America,≤100
95335385742,National Fish and Wildlife Foundation,National Fish and Wildlife Foundation,≤100
100607179026941,Of Thee I Sing 1776,Harold Gershowitz,≤100
102372176123022,Rick Russell For Saginaw City Council,Rick Russell For Saginaw City Council,≤100
101377889168483,Gumbo Limbo Coastal Stewards,"Gumbo Limbo Coastal Stewards, Inc.",≤100
345378512258813,Elise Stefanik,TEAM ELISE,≤100
69717994787,buildOn,BUILDON INC,≤100
106582384539447,Design for Freedom by Grace Farms,"GRACE FARMS FOUNDATION, INC.",≤100
104396194587918,C3 Solutions,Conservative Coalition for Climate Solutions,≤100
59543893235,National Constitution Center,National Constitution Center,≤100
44948378512,Destiny Image Publishers,"DESTINY IMAGE, INC.",≤100
110731825144291,SA Justice Charter,San Antonio Justice Charter,≤100
104916968538177,TIS 이주공사,TIS VISA CORPORATION,≤100
112642477582238,Mericanaf,AAF Nation,≤100
7035457015,Brave New Films,BRAVE NEW FOUNDATION 501(C)(3),≤100
138934736151182,Kveller.com,JTA-MJL NEW CORP.,≤100
110624565660992,ZOE International,ZOE International,≤100
302111635698,National Association of Tax Professionals (NATP),National Association of Tax Professionals,≤100
20082123510,The New York Jewish Week,JTA-MJL NEW CORP.,≤100
42631297765,Hadassah,"HADASSAH, THE WOMEN'S ZIONIST ORGANIZATION OF AMERICA, INC.",≤100
300341323465160,The Daily Signal,HERITAGE FOUNDATION (THE),≤100
107645227592678,To Which We Belong,Mystic Artists,≤100
100883738265622,onlyoptionstrades,These ads ran without a disclaimer,≤100
113520171602725,Chris Wright 4 MO Governor,Chris Wright 4 MO Governor,≤100
83960796709,Institute for Southern Studies,INSTITUTE FOR SOUTHERN STUDIES INC,≤100
269348454714,IMB,"INTERNATIONAL MISSION BOARD OF THE SOUTHERN BAPTIST CONVENTION, THE",≤100
110010433804232,Standing For Freedom Center,Standing for Freedom Center,≤100
110170005258857,Klicked Digital,DeDonato Enterprises,≤100
826512007401939,Commissioner Vincent Morales,Commissioner Vincent Morales,≤100
482148685166110,Retirement Housing Foundation,Retirement Housing Foundation,≤100
100388126216021,The Red Onlooker,Gregory Lawrence Burright,≤100
100759452993519,2023 US Small Business Grant Program,These ads ran without a disclaimer,≤100
80770833881,Eagles' Wings,EAGLES' WINGS MINISTRIES,≤100
18017481462,Acton Institute,Acton Institute,≤100
129353084077944,Maebe A. Girl,MAEBE A. GIRL FOR CONGRESS,≤100
371167644067,Public Welfare Foundation,Public Welfare Foundation,≤100
193147324041812,The Skoll Foundation,These ads ran without a disclaimer,≤100
407767916003589,U.S. Representative John Carter,Office of U.S. Representative John Carter,≤100
220538341415523,The Satanic Temple,The Satanic Temple,≤100
103376804451432,Trending Politics,I Love My Freedom,≤100
104237051371667,Fandiem,Fandiem Inc,≤100
108266445888054,Patriot Academy,TORCH OF FREEDOM FOUNDATION,≤100
101810652152706,Ship It Zero,PACIFIC ENVIRONMENT AND RESOURCES CENTER,≤100
105745804689287,Athletes for Freedom Foundation,ATHLETES FOR FREEDOM FOUNDATION,≤100
64206021703,National Committee to Preserve Social Security and Medicare,NATIONAL COMMITTE TO PRESERVE SOCIAL SECURITY AND MEDICARE,≤100
104178315156683,Blue Perigon Digital,Blue Perigon Digital,≤100
7263476274,Mercy Corps,Mercy Corps,≤100
104092062075803,USA Jolt,"Jolt Media, Inc.",≤100
160225016065,MIT Sloan Management Review,These ads ran without a disclaimer,≤100
130505563289,Climate Generation,Climate Generation: A Will Steger Legacy,≤100
38234604057,PEN America,PEN AMERICAN CENTER INC,≤100
95135221781,Federal News Network,Hubbard Radio DC,≤100
48994809349,Ms. Foundation for Women,MS FOUNDATION FOR WOMEN INC,≤100
116479559899968,Courage & Grow,Courage & Grow,≤100
100541212886660,Veganography,These ads ran without a disclaimer,≤100
109118211910879,Mr. 45,Green Straw LLC,≤100
139441926128681,New Saint Andrews College,Matt Sarr,≤100
183178002499514,Niamh M Middleton,Niamh M Middleton,≤100
243498882520314,FoodFinder,"FOODFINDER, INC.",≤100
101647259395520,Project on Constitutional Originalism and CIT,Project on Constitutional Originalism and CIT - Catholic University of America,≤100
123857614319417,Texas Nationalist Movement,Texas Nationalist Movement,≤100
148342611858906,MyJewishLearning.com,JTA-MJL NEW CORP.,≤100
254943996005,Catholic Answers,"CATHOLIC ANSWERS, INC.",≤100
108118933908193,Next Level Goods,NextlevelGoods LLC,≤100
174793662656828,Colorado Peak Politics,Peak Politics LLC,≤100
143173285763,Tenth Amendment Center,Tenth Amendment Center,≤100
101761126009518,Patriotic Army,Tomer Barazani,≤100
14038292386,Women for Women International,WOMEN FOR WOMEN INTERNATIONAL,≤100
108503659576,National Coalition for Public School Options,National Coalition for Public School Options,≤100
11602044174,Independent Women's Forum,Independent Women's Forum,≤100
107982435348903,Cody Hendricks for Bloomington Ward 6,Friends of Cody Hendricks,≤100
107936991746783,A Common Sense America,Common Sense America Inc,≤100
111333413863498,Freedom First Society,FREEDOM FIRST SOCIETY,≤100
103228475513073,Better Tomorrow In Tennessee,Better Tomorrow In Tennessee,≤100
1654550184799326,RetireSafe,RetireSafe,≤100
115851611042,The Max Foundation,THE MAX FOUNDATION,≤100
16317479654,Deseret News,Deseret News,≤100
1140702179421474,Lolahemp for Pets,These ads ran without a disclaimer,≤100
162069790604,AARP Arizona,AARP,≤100
1729198467311786,G.A. Matiasz,62 Mile Press,≤100
107414074990650,Defense of Freedom Institute,"Defense of Freedom Institute for Policy Studies, Inc.",≤100
102614354505513,Deeds.com,These ads ran without a disclaimer,≤100
113496178208014,Protecting Our Democracy,Protecting Our Democracy,≤100
104342335047885,Committeeman Daniel Croson,Daniel O Croson Jr,≤100
361923194259602,Millbrae SOS - Support Our Students,"Millbrae – Support Our Students, Yes on A",≤100
8891783019,Michigan State University,These ads ran without a disclaimer,≤100
210357995667559,The National Memo,The National Memo,≤100
107409909326665,Stephen Wise Free Synagogue,"WISE, STEPHEN FREE SYNAGOGUE",≤100
87777747127,Greg Palast,Palast Investigative Fund,≤100
101294929460167,Missourians for Fair Legal Funding,Missourians for Fair Legal Funding,≤100
108733284000016,Oklahoma Families for Affordable Health Care,Oklahoma Families for Affordable Health Care,≤100
138400367267,Right Scan Right Time,NATIONAL ELECTRICAL MANUFACTURERS ASSOCIATION,≤100
119037712817,Roto-Rooter,These ads ran without a disclaimer,≤100
101350839190816,Macro Conservative,Macro Conservative,≤100
109067418784070,Elect Lorraine De Leon-Galarza for HCISD Board Trustee Place 1,Lorraine De Leon Galarza,≤100
111380958315889,Secure Financial Future,INVESTMENT COMPANY INSTITUTE,≤100
1444820465547227,Rank the Vote,Rank the Vote,≤100
105692311896010,Positive Money US,Positive Money US,≤100
58158120046,ACLJ,American Center for Law and Justice,≤100
100170376333611,Golden Betty Booper,These ads ran without a disclaimer,≤100
102680472744564,EasyHealth,EasyHealth,≤100
140155342671005,Sempervirens Fund,SEMPERVIRENS FUND,≤100
138354569532939,"Tradition, Family, Property - TFP","American Society for the Defense of Tradition, Family and Property",≤100
1050178538369612,DonorSee,DonorSee,≤100
100216259255576,Tampa Bay Today,SOCIAL POWER AD GROUP INC,≤100
710460605705480,Dugit Outreach Center,Dugit Messianic Outreach Center,≤100
36085812354,Rainforest Foundation US,"Rainforest Foundation, Inc.",≤100
303374266418976,AFPM,American Fuel & Petrochemical Manufacturers,≤100
116139428050914,The Retort Report,Todd James Peterson,≤100
103394951665898,BougervCo,These ads ran without a disclaimer,≤100
19992349706,Taxpayers for Common Sense,TAXPAYERS FOR COMMON SENSE,≤100
5970146660,Community Change,Center for Community Change Action,≤100
13867925345,Equality Florida,Equality Florida,≤100
9694956217,Animal Legal Defense Fund,ANIMAL LEGAL DEFENSE FUND,≤100
482869205100278,Neema Project,Neema Project,≤100
115499369778,Planned Parenthood North Central States,Planned Parenthood North Central States,≤100
217187838327836,The Story Exchange,The Story Exchange Foundation,≤100
118385911198439,Trending Politics News,I Love My Freedom,≤100
339432396135584,The Exodus Road,The Exodus Road,≤100
96935476345,Democratic Governors Association (DGA),Democratic Governors Association,≤100
47710973068,Voices for Cooperative Power,Voices for Cooperative Power,≤100
773432316041673,Calvary South Austin,Calvary South Austin,≤100
203156483151292,PassionLife,PassionLife Ministries,≤100
77906169595,Texans Care For Children,Texans Care for Children,≤100
700941689954518,Defend Our Future,Defend Our Future,≤100
1545775885684426,Jason Miyares,Miyares for Virginia,≤100
1942060522564525,FarmWeekNow,FarmWeekNow,≤100
2188424341404612,Project Ready,Project Ready,≤100
49275915266,MSI Reproductive Choices,MSI-US,≤100
97624620788,American Friends of Magen David Adom,AMERICAN FRIENDS OF MAGEN DAVID ADOM,≤100
112345611796763,Donald Trump Voters,I Love My Freedom,≤100
513695272011123,The Genesis Prize,GPF NA LLC,≤100
102597158547272,FamilyPaintballCenter,These ads ran without a disclaimer,≤100
1553978148244954,Build With Strength,These ads ran without a disclaimer,≤100
105599502191866,Florida Jolt,"Jolt Media, Inc.",≤100
117507751891,United Poultry Concerns,"UNITED POULTRY CONCERNS, INC",≤100
113517690426751,Roy West for Mayor of Beaumont,Roy West for Mayor of Beaumont,≤100
118052555397,Trinity Church Wall Street,Trinity Church Wall Street,≤100
115997714761143,No Name No Face,These ads ran without a disclaimer,≤100
103929304678916,Voter Action Project,Integrity First Voter Action Project,≤100
105334892381660,AmericanTowns Politics,AMERICAN TOWNS,≤100
103210743084765,Resonate,Resonate,≤100
106862204671108,The Deplorable Americans,Justin Gustafson,≤100
275947565591,"Woods and Woods, LLC, The Veteran's Firm","Woods & Woods, LLC",≤100
124011913944243,Yes on S for High-Quality South Pasadena Schools,Committee for Yes on S 2023,≤100
102590994772178,Social Democratic Advocacy,Steven J. Schwartzberg,≤100
189823834389266,JTA News,JTA-MJL NEW CORP.,≤100
104979848524405,Starts With Us,Lubetzky Family Foundation,≤100
159960044025031,American Heritage Magazine,American Heritage Publishing,≤100
6334782252,Oceana,OCEANA INC,≤100
137332930294201,Citizen Brain with Josh Kornbluth,Global Brain Health Institute,≤100
103830044798190,Gregorian Rant,Gregory Richard Schlueter,≤100
278434943062355,WellBeing International,"WellBeing International, Inc.",≤100
165674110118949,Clearing out the Clutter,Colin David Moore,≤100
102421369434228,Goose's News Daily,Justin Gustafson,≤100
401240226922554,VoLo Foundation,VoLo Foundation,≤100
110094158160834,The American Tribune,Michael Scott Hughes,≤100
182079698493370,Portside,Portside,≤100
839158786226886,Two Party Opera,Brian Thomas Carroll,≤100
104377641671195,Salem Podcast Network,Salem Media,≤100
271434569418,HumaneWatch,Center for Consumer Freedom,≤100
103983379801,Texas Democratic Party,Texas Democratic Party,≤100
101103254533,SOS International,SOS International,≤100
110316380149,Family Policy Alliance,Family Policy Alliance,≤100
100313992666117,Sarah for Denver,Sarah for Denver,≤100
341513602902369,CALL TO ACTIVISM,CALL TO ACTIVISM,≤100
103338614839717,Peter S. Wenz,Peter S. Wenz,≤100
327853590558653,"Agri-Pulse Communications, Inc.","AGRI-PULSE COMMUNICATIONS, INC.",≤100
100221986153813,Lou's Daily News,Michael Scott Hughes,≤100
130130503698358,Eastern European Mission,EASTERN EUROPEAN MISSION,≤100
1575347412785991,cheddar news,Cheddar News,≤100
117592091643709,Tree of Life Ministries｜Evangelism in Israel,Tree of Life Ministries,≤100
101095043361,Americans United for Life,AMERICANS UNITED FOR LIFE,≤100
206052849902620,Intermountain Immigration,"Intermountain Immigration, LLC",≤100
659878157406228,America's Warrior Partnership,America's Warrior Partnership,≤100
75198195635,Machinists Union,GRAND LODGE INTERNATIONAL ASSOCIATION OF MACHINISTS AND AEROSPACE WORKERS,≤100
14893558501,Prevent Child Abuse America,PREVENT CHILD ABUSE AMERICA,≤100
214061167976,El Tiempo Latino,Center for Community Change Action,≤100
107394202272763,And To The Republic,AND TO THE REPUBLIC,≤100
266744843422391,Zoetis,These ads ran without a disclaimer,≤100
568103006940639,Law Office of Gary J. Kim,Law Offices of Gary J. Kim,≤100
169668596476550,AFSCME en Español,AMERICAN FEDERATION OF STATE COUNTY & MUNICIPAL EMPLOYEES,≤100
16900111951,National Organization for Women (NOW),NATIONAL ORGANIZATION FOR WOMEN,≤100
186104615328289,Growing and Going,Kunal Kumar Chugh,≤100
849751118462732,The Education Trust—NY,The Education Trust New York,≤100
122894447754361,Institute for New Economic Thinking,"INSTITUTE FOR NEW ECONOMIC THINKING, THE",≤100
163662804426854,Life Advancement Group,Nathan Montgomery Berning,≤100
239658882763974,Poverty USA by CCHD,UNITED STATES CONFERENCE OF CATHOLIC BISHOPS,≤100
1383059588609414,Eric Lucero for MN Senate,Lucero For State Senate Committee,≤100
104041445946911,Elizabeth Cassidy for Warwick Justice,Friends of Elizabeth Cassidy,≤100
105959115327125,Statement Apparel Co.,Statement Apparel,≤100
108649364845367,One Main Street Colorado,One Main Street Colorado,≤100
100844218662982,Respect The Look Trends,Respect The Look Trends,≤100
1578341329151121,Shefvckinbad,Shefvckinbad,≤100
257045211013828,San Antonio Spurs Pro,These ads ran without a disclaimer,≤100
1653885501501009,Propeller,Propeller Enterprises,≤100
655863184553154,Christian Hanley,Christian Michael Hanley,≤100
1359505927455440,Global Health NOW,Johns Hopkins Bloomberg School of Public Health,≤100
103001002005081,PublicSq,PublicSq.,≤100
131664893560695,Origins OSU,Origins: Current Events in Historical Perspective,≤100
313214702055743,National Public Pension Coalition,National Public Pension Coalition,≤100
1117698914923696,Nurx,These ads ran without a disclaimer,≤100
137662367278,League of Women Voters of the US,LEAGUE OF WOMEN VOTERS OF THE UNITED STATES,≤100
102135745811769,The Sky Rains,David John Hild,≤100
346612865750115,Korea Defense Veterans Association,Korea Defense Veterans Association,≤100
25121889784,Texas Public Policy Foundation,Texas Public Policy Foundation,≤100
100913694925880,"Akalan Law Firm, PLLC","Akalan Law Firm, PLLC",≤100
46530484629,Idaho Conservation League,The Idaho Conservation League,≤100
100646864677658,더밀크 The Miilk,These ads ran without a disclaimer,≤100
502151103244047,Join RSD,RIVERSIDE COUNTY SHERIFFS DEP,≤100
85252863415,National Latina Institute for Reproductive Justice,NATIONAL LATINA INSTITUTE FOR REPRODUCTIVE HEALTH,≤100
114513494875415,America's Freedom Page,USA Features Media LLC,≤100
114657621506286,Jeff Wilhite,Friends of Wilhite,≤100
109031318770907,Joanna Weiss for Congress,Joanna Weiss for Congress,≤100
1570082353262795,YIMBY Action,YIMBY ACTION,≤100
222539451627775,The Graceful Goose,The Graceful Goose,≤100
142932506806,Texas Alliance for Life,"Texas Alliance for Life, Inc.",≤100
225879060980,Habitat for Horses,HABITAT FOR HORSES INC,≤100
90209763480,The Federalist Society,The Federalist Society,≤100
104660195062596,Gen Z Conservative,Michael Scott Hughes,≤100
300748678230,Tennessee Department of Economic and Community Development,Tennessee Department of Economic and Community Development,≤100
299016790922,Bobby Eberle,Bobby Eberle,≤100
107625464433502,Carolynbarbermd,These ads ran without a disclaimer,≤100
64974200999,America-Israel Friendship League,AMERICA-ISRAEL FRIENDSHIP LEAGUE,≤100
594519783957655,Citizens for National Security,Citizens For National Security,≤100
144612275622280,PAWIS South Bay,These ads ran without a disclaimer,≤100
287754774569171,Americans for Prosperity-Montana,AMERICANS FOR PROSPERITY,≤100
119953292796,Jim Banks,BANKS FOR SENATE,≤100
121207007584368,Ariel Wright,Ariel Theresa Wright,≤100
106720331762334,Journal of Psych,These ads ran without a disclaimer,≤100
101581329115492,Freedom Street,Jason Donald Robertson,≤100
259212814698356,Democratic Majority for Israel,Democratic Majority for Israel,≤100
172683773493,CornerHouse,CORNER HOUSE,≤100
1021724717913869,Bantam Communications,Bantam Communications,≤100
43853729859,Campaigns & Elections,Political World Communications,≤100
399060493533519,The Justice Foundation,JUSTICE FOUNDATION,≤100
87377228013,Side with Love,UNITARIAN UNIVERSALIST ASSOCIATION,≤100
273546779885377,The Gallant Pelham,"delupton, LLC",≤100
2259323457517498,Abolish the Electoral College,Abolish the Electoral College,≤100
187713745097888,Save the Alamo,Save The Alamo Committee,≤100
113522578342068,Save Our Benefits Arizona,Save Our Benefits AZ,≤100
993174607481715,Renew the Jail Levy,Lane County Public Safety Committee,≤100
105383531133271,Nancy Young for Tracy Mayor,Nancy Young for Tracy Mayor 2020,≤100
513785465632396,Airline Passengers for Justice,Airline Passengers for Justice,≤100
212677670907,American Constitution Society,AMERICAN CONSTITUTION SOCIETY,≤100
338336725397,Jewish Federation of Greater MetroWest NJ,These ads ran without a disclaimer,≤100
461530314600399,Common Sense American Politics,Common Sense American Politics,≤100
102230249080409,Freedom First,Jason Donald Robertson,≤100
7361892567,Born Free USA,"BORN FREE USA, UNITED WITH ANIMAL PROTECTION INSTITUTE",≤100
114226275387369,republicEn,republicEn,≤100
601678723294742,The Bill Walton Show,Resolute Protector Foundation,≤100
127668823933246,The NewDEAL,NEWDEAL,≤100
1223818144299403,DFRLab,"ATLANTIC COUNCIL OF THE UNITED STATES, INC. (THE)",≤100
185596045581840,Big Sky 55+,Big Sky 55+,≤100
108588701950679,Idaho Moms,Idaho Moms,≤100
103948701221001,Pro-Life Flag Project,Pro-Life Flag Project,≤100
355729668551243,Veterans Education Project,Veterans Education Project,≤100
126855128568,FEBC (Far East Broadcasting Company),"FAR EAST BROADCASTING COMPANY, INC.",≤100
5878048748,GlobalGiving,"GLOBALGIVING FOUNDATION, INC.",≤100
100562019990818,U.S. Term Limits,U.S. Term Limits Inc.,≤100
609789112559190,Destroying Liberalism 101,These ads ran without a disclaimer,≤100
115407598098885,Darwin for Controller,Friends of Darwin,≤100
211049649448102,The Up N Up,These ads ran without a disclaimer,≤100
1186891087992163,Eddie Melton,Melton for Mayor of Gary,≤100
208551063368,Dominican Friars of the Province of Saint Joseph,DOMINICAN FOUNDATION,≤100
45372564473,The Mark Twain House & Museum,MARK TWAIN MEMORIAL,≤100
740209026065844,Look What SHE Did,LOOK WHAT SHE DID!,≤100
109125052070695,bo.and.eve,These ads ran without a disclaimer,≤100
1804156426550062,Tim Kennedy for Senate,KENNEDY FOR SENATE,≤100
106731204889773,PAVE Prevention,These ads ran without a disclaimer,≤100
452797224923658,The Democratic Coalition,THE DEMOCRATIC COALITION,≤100
1374906906166064,The Policy Circle,The Policy Circle,≤100
100700519593180,"Buck Nasty Media. Sports, culture, politics, and the Nasty Truth",Robert Mattox,≤100
503699929651019,Washington Times Opinion,Washington Times,≤100
113610918317034,peteyalb_ibdtng,These ads ran without a disclaimer,≤100
110762178628199,Accountable SC,"Accountable SC, LLC",≤100
103433804692809,Law Offices of James S. Hong & Associates,Law Offices of James S. Hong,≤100
109284291894484,American News Stories,Michael Scott Hughes,≤100
142405795847179,Breathe Project,COMMUNITY FOUNDATION OF GREATER JOHNSTOWN,≤100
673667436317733,Texas Consumer Association,Texas Consumer Association,≤100
1399115913720560,Julia For Fitchburg,Friends of Julia Arata Fratta,≤100
112022491619318,American Apex News,Logan Thomas Corson,≤100
2023114331282570,Florida Daily,Florida Daily,≤100
109197448748289,Shana Peterson for Katy ISD Board,Shana Peterson for Katy ISD Board,≤100
107126342000125,Education Truth Project,Education Truth Project,≤100
950685078464558,Center for a Humane Economy,Center For A Humane Economy,≤100
106116200741347,John Quick,Jonathan Douglas Quick,≤100
100617036135739,Illinois Answers Project,BETTER GOVERNMENT ASSOCIATION,≤100
331216390906913,Betterbrand,These ads ran without a disclaimer,≤100
236682687005525,Inola church of Christ,Billy Mac Keele,≤100
1622623701337280,Latah Republicans,Latah County Republicans,≤100
110225483887349,"Mike ""Shorty"" Shorten",Friends of Mike Shorten,≤100
1720878078241107,Conservative Move,Conservative Move,≤100
51533142540,Public Advocate of the U.S.,PUBLIC ADVOCATE OF THE US,≤100
115634814785522,"Shawn Harvey for Huron, SD City Commissioner",Shawn Harvey,≤100
359560497939415,Re-Elect Chief Hoskin and Deputy Chief Warner,Hoskin Warner,≤100
50513265848,Citizens United,Citizens United,≤100
104381195853727,Kevin Michael for D25 Board of Education,Committee to Elect Kevin Michael,≤100
140737596041069,National Renewable Solutions,These ads ran without a disclaimer,≤100
101452022677460,Nathan Focht - for Mayor of Minneola,Nathan Focht Campaign,≤100
120013765315,Pazant Brothers,These ads ran without a disclaimer,≤100
288369791569,SEIU 721,SEIU Local 721,≤100
75553755070,Michael Smerconish,Michael Smerconish,≤100
108454838823680,Southern pine expeditions,These ads ran without a disclaimer,≤100
183484875153093,Kim Monson Show,The Kim Monson Show,≤100
103828446015647,US Small Business Grant Assistance,These ads ran without a disclaimer,≤100
2099448153445994,Students for Life Action,Students for Life Action,≤100
101769576791,Health Action Network,Health Action Network,≤100
1677111425839949,American Promise,"AMERICAN PROMISE, INC.",≤100
107225061128876,Commonwealth Educational Opportunities,Commonwealth Educational Opportunities,≤100
101449749369769,Blake Vaughn,Blake Justin Vaughn,≤100
226489691251,Keep New Hanover Beautiful,Keep New Hanover Beautiful,≤100
105364682148003,Available To All,Available To All,≤100
147786295234727,San Francisco Department on the Status of Women,San Francisco Department on the Status of Women,≤100
216052228433696,Arcus Foundation LGBTQ Social Justice,ARCUS FOUNDATION,≤100
116286078084100,It’s a family thing,These ads ran without a disclaimer,≤100
1571401929773000,North County  Climate Change Alliance,North County Climate Change Alliance,≤100
104521238896557,June Marie Paintings,June-Marie Paintings,≤100
103277109172874,The Original Lou's News,Michael Scott Hughes,≤100
117318461306367,the_g.o.a.t_project,These ads ran without a disclaimer,≤100
913674978645759,Beloved Way,Beloved Christian Church Disciples of Christ,≤100
100637631678746,Conservative News Daily,Conservative News Daily,≤100
1599237673639735,Change Media Group,Change Media Group,≤100
244286338925347,Republican Party of Duval County,Republican Party of Duval County,≤100
108433238844,CWEB,CWEB Inc.,≤100
264403673724202,Lucile Packard Foundation for Children's Health,LUCILE PACKARD FOUNDATION FOR CHILDREN'S HEALTH,≤100
146428732129327,The Nature Conservancy in Florida,NATURE CONSERVANCY,≤100
1616728165212478,Environmental Voter Project,"Environmental Voter Project, Inc.",≤100
710669049286394,Woo the People,Woo the People,≤100
108848685502541,First Hand Audio,These ads ran without a disclaimer,≤100
111904024679959,Bold Majority,BOLD MAJORITY PAC,≤100
388076585284592,SalmonState,SalmonState,≤100
305730296471268,"Delegate Emily Brewer, 64th District",Friends of Emily Brewer,≤100
108108121456950,Blue States PAC,BLUE STATES PAC,≤100
107656718341399,fs_lucky,These ads ran without a disclaimer,≤100
14182731186,Texas Appleseed,TEXAS APPLESEED,≤100
2001831300143832,Conversations with Jim Zirin,Conversations with Jim Zirin,≤100
430103120438251,Stephen Knipper for Secretary of State,Knipper for SOS,≤100
210937299260017,USA Features Media,USA Features Media LLC,≤100
1040965162589549,SecondMuse,SECONDMUSE LLC,≤100
279930092936759,The SHE Mark: SHEruns • SHEmakes • SHEowns • SHEgoverns,These ads ran without a disclaimer,≤100
102044622753692,American Potential Podcast,AMERICANS FOR PROSPERITY,≤100
67198072267,Michigan Capitol Confidential,Michigan Capitol Confidential,≤100
558416317525208,For the Many,For the Many,≤100
103661078283126,The Sexology Files,These ads ran without a disclaimer,≤100
106181728973083,I Love My Country,These ads ran without a disclaimer,≤100
189764987822613,Arcane Treasures Antique Store WWII Items And Other Oddities,Christopher Jarom Vitrano,≤100
137806754173,CORA,CORA COMMUNITY OVERCOMING RELATIONSHIP ABUSE,≤100
104107455066450,Russell Cohen on moderation in public policy,Howard Cohen,≤100
100394212820668,dominusinvictusco,These ads ran without a disclaimer,≤100
102509711718411,Upendo United Foundation,UPENDO UNITED FOUNDATION INC,≤100
431019887282794,Tomorrow's World Today,These ads ran without a disclaimer,≤100
284624954962951,Gus Bilirakis for Congress,Bilirakis For Congress,≤100
223922031074790,The Abortion Survivors Network,The Abortion Survivors Network,≤100
690457604737953,Independent Colleges and Universities of Florida - ICUF,ICUF,≤100
106926375662381,"Sukhbir kaur  -Candidate for Dallas,TX - City Council District 2",Sukhbir Kaur,≤100
1719000921660893,Sabrina Cervantes,Sabrina Cervantes for State Senate 2024,≤100
433364950062784,Power Over Energy,Power Over Energy,≤100
105377404649506,Solidarity Fund by Coworker,COWORKER SOLIDARITY FUND,≤100
116237246909837,Conservavision,Conservavision,≤100
312870062895448,StateThugs,StateThugs.com,≤100
101308925134403,BlackPush Inc.,BlackPush Inc,≤100
253074808176533,The Village Square - Tallahassee,"TO THE VILLAGE SQUARE, INC.",≤100
102596355656379,Red Wave News Updates,Michael Scott Hughes,≤100
112912573793125,Rise Up for Justice,Avrom L Altman,≤100
109040048655909,Shauna Jeffries,These ads ran without a disclaimer,≤100
143280719036916,Positive Jewish Living,These ads ran without a disclaimer,≤100
103565195134756,America First Policy Institute,America First Policy Institute,≤100
30618466815,Pacific Legal Foundation,Pacific Legal Foundation,≤100
121750354532995,Yale Program on Climate Change Communication,Yale Program on Climate Change Communication,≤100
205238189588054,"Race, Racism and the Law",Professor Vernellia Randall,≤100
336765184920,Matthew Dowling,Friends of Matthew Dowling,≤100
1420200111329836,Alan C. Moore,Alan Christopher Moore,≤100
504118316658151,SilencedOrganic,SilencedOrganic.com,≤100
122787467408862,Save Ohio STRS,"Save Ohio STRS, Inc.",≤100
104895792494295,Josh Aikens for Assembly,JOSH AIKENS FOR ASSEMBLY,≤100
286487148036558,Rise for Animals,NEW ENGLAND ANTI VIVISECTION SOCIETY,≤100
101336841260036,The Christie Institute for Public Policy,The Christie Institute for Public Policy Inc.,≤100
2007361039550045,"Center for Free, Fair, and Accountable Democracy","CENTER FOR FREE, FAIR, AND ACCOUNTABLE DEMOCRACY, INC.",≤100
390280917663416,Palmetto Gun Rights,Palmetto Gun Rights LLC,≤100
155097092254,SciStarter,These ads ran without a disclaimer,≤100
490349377808038,State Representative Justin Holland,Justin Holland Campaign,≤100
417709355647,The Lynde and Harry Bradley Foundation,"LYNDE AND HARRY BRADLEY FOUNDATION, INC., THE",≤100
381578445243960,Kristan Hawkins,"STUDENTS FOR LIFE OF AMERICA, INC.",≤100
85273022315,NAMI,NAMI,≤100
124703824263196,NAPE Foundation,These ads ran without a disclaimer,≤100
111213101887148,Basics For All,Basics For All LLC,≤100
1013304945470529,My Pride Apparel,My Pride Apparel,≤100
109465560444254,Roce Today,I-ROCE LLC,≤100
375543739837794,"Shielding Lives, Inc.",Shielding Lives Inc,≤100
103176709379659,CryptoHaven,Crypto Haven LLC,≤100
105549351284853,Ideaspace: U.S. Immigration Policy,"Ideaspace Project, Inc.",≤100
108307735495778,Four Sisters Publishing,Four Sisters Publishing,≤100
163302087408673,Stop The Donald,Stop the Donald,≤100
102277115688995,Patriot News Headquarters,I Love My Freedom,≤100
134910449854519,Leaders of a Beautiful Struggle,Leaders of a Beautful Struggle,≤100
114583664846523,Travis Yanke for Village Trustee,Travis Yanke for Village Trustee,≤100
100711852963449,Team Vivek,VIVEK 2024,≤100
108408962542926,Magic 95.9 Baltimore,Urban1,≤100
290851614930809,Combat AntiSemitism,Combat Hate Foundation,≤100
758584494291735,Lt Steven Rogers,Steven Rogers,≤100
520507991627683,Tulane Pre-College,These ads ran without a disclaimer,≤100
788041574596355,Concealed Carry,These ads ran without a disclaimer,≤100
674182529399211,Gun Owners Radio,Gun Owners Media LLC,≤100
102961048478150,Center for Renewing America,CENTER FOR RENEWING AMERICA INC,≤100
86711894400,National Write Your Congressman,National Write Your Congressman,≤100
186676803867,Northern Nevada HOPES,These ads ran without a disclaimer,≤100
748392398562644,Rich Janor,CITIZENS FOR RICH JANOR,≤100
125937197447634,ACTA - American Council of Trustees and Alumni,AMERICAN COUNCIL OF TRUSTEES AND ALUMNI,≤100
1811054522463877,Michelle Atkinson for Medford School Board,Michelle Atkinson for Medford School Board,≤100
16223832249,RAINN,"RAPE, ABUSE AND INCEST NATIONAL NETWORK (RAINN)",≤100
101939781315530,ThePeel.news,ThePeel.news,≤100
163662804426854,Life Advancement Group,LIFE ADVANCEMENT GROUP,≤100
103147692142880,Loudoun4All,Loudoun4ALL,≤100
887139178003592,The Dean Obeidallah Show,The Dean Obeidallah Show,≤100
7698537893,Libertarian Party of Florida,LIBERTARIAN PARTY OF FLORIDA,≤100
107618578223660,California Courier,California Courier,≤100
111051575264758,Jack Murphy,I Love My Freedom,≤100
618614801934736,Central Title Company,These ads ran without a disclaimer,≤100
101312698628642,Ryan Samuels,Ryan Francis Samuels,≤100
112254745095668,Across Media,These ads ran without a disclaimer,≤100
118966627812202,The Patriot Movement,These ads ran without a disclaimer,≤100
104802299213779,مين قال؟,These ads ran without a disclaimer,≤100
113079975378944,Mike Ball Dive Expeditions,These ads ran without a disclaimer,≤100
993722664166617,BAYSE BRAND,These ads ran without a disclaimer,≤100
105163392539629,Navigating Dad Life,These ads ran without a disclaimer,≤100
118948071108527,The True Patriots,These ads ran without a disclaimer,≤100
104083982193533,diya_anitaanand,These ads ran without a disclaimer,≤100