﻿Page ID,Page name,Disclaimer,Amount spent (USD)
819425271424097,David Sosa Senador,David Sosa,≤100
112477522422248,David Collado,David Collado,≤100
339085486274571,Alexis Victoria Yeb,Alexis Victoria Yeb,≤100
100441899588408,Partido Renovador Reformista PRR,Paritdo Renovador Reformista,≤100
123397997671209,Listín Diario,Alejandro Jose Madera Rodriguez,≤100
100151225919146,Homero Figueroa G,Le Black Room,≤100
106687624223989,Rescate Democratico,Rescate Democratico,≤100
148306918572538,Héctor Rodríguez Pimentel,Héctor Rodríguez Pimentel,≤100
492966110748093,Su Mundo TV,Penelope Canario Herrera,≤100
102739112342896,masluis2024,Junior Bernavel Poche Mariñez,≤100
123391448284422,Alcaldia Salcedo,Pedro Raul Diloné Brito,≤100
465691517186469,Noticias Nacionales RD,Angel Miguel Rivera Rijo,≤100