﻿Page ID,Page name,Disclaimer,Amount spent (PEN)
101665683225827,José Luna Gálvez - Pepe Luna,José Luna Gálvez - Pepe Luna,≤100
142062936237878,Goberna,Goberna,≤100
109019574560600,Aula Gaceta,Gaceta Consultores S.A.,≤100
462790453744032,Sutep,Sindicato Unitario de Trabajadores en la Educación del Perú - SUTEP,≤100
317113615022843,César Acuña,César Acuña,≤100
523337141056621,CONFIEP,CONFIEP,≤100
157764134239714,CONCREMAX S.A.,These ads ran without a disclaimer,≤100
321371311530345,Josue Figueroa,Josue Figueroa,≤100
110409148102552,Nilza Chacón Trujillo,Nilza Chacón Trujillo,≤100
100752196233173,Wilson Gastronomía Sotil,These ads ran without a disclaimer,≤100
173144229408518,RENIECPERU,RENIECPERU,≤100
233907653731511,Fuego Cruzado en Chincha,Fuego Cruzado en Chincha,≤100
108076268940973,Centro de Investigación en Administración y Políticas Públicas - CIAPP,These ads ran without a disclaimer,≤100
595747177176077,Edmundo Del Aguila,Edmundo Del Aguila,≤100
105041682493679,Michael 4vila,These ads ran without a disclaimer,≤100
140672216015006,Oriflame,These ads ran without a disclaimer,≤100
304971412943967,Instituto de Zumpango en Estudios Superiores en Criminalística IZESC,These ads ran without a disclaimer,≤100
235551359867840,CooperAcción,CooperAcción,≤100
116603861327799,alex_sa.c,These ads ran without a disclaimer,≤100
264223880347121,Lampadia Oficial,LAMPADIA,≤100