﻿Page ID,Page name,Disclaimer,Amount spent (ISK)
269089752708,Sjálfstæðisflokkurinn,Sjálfstæðisflokkurinn,174
1434262256802295,Borgarbyggð,Borgarbyggð,132
573559522797177,Flokkur fólksins,Flokkur Fólksins,124
497751670242493,Landssamband sjálfstæðiskvenna,Landssamband sjálfstæðiskvenna,109
117923164930140,Lifandi vísindi- Lifandi saga,Guðbjartur Finnbjörnsson,≤100
276600879474149,Icelandic Wildlife Fund,The Icelandic Wildlife Fund,≤100
737169626371453,Stundin,Stundin,≤100
154893001218870,ADHD samtökin,ADHD samtökin,≤100
106979180938014,Samstöðin,Samstöðin ehf,≤100
709976082356679,Samfylkingin í Kópavogi,Samfylkingin Kópavogi,≤100
1438606279746434,Heiða Björg Hilmisdóttir,Heiða Hilmisdóttir,≤100