﻿Page ID,Page name,Disclaimer,Amount spent (USD),Number of ads in Library
133802223457730,ECLT Foundation,These ads ran without a disclaimer,≤100,1
469201610080869,Binance,These ads ran without a disclaimer,≤100,1
289397611132,Working Ranch Magazine,These ads ran without a disclaimer,≤100,1
200480966638039,Supremacy 1914,These ads ran without a disclaimer,≤100,2
106852952352880,Empresarial Iberoamericano,These ads ran without a disclaimer,≤100,1
100399056233121,Maisa Paiva,These ads ran without a disclaimer,≤100,1
769095856453652,Axel Arigato,These ads ran without a disclaimer,≤100,1
108653994819801,CNBM Nigeria,These ads ran without a disclaimer,≤100,1
106931698352366,Materials MDPI,These ads ran without a disclaimer,≤100,1