﻿Page ID,Page name,Disclaimer,Amount spent (USD)
1584183878552505,Institute for Strategy and Policy- Myanmar,an advertiser in Myanmar,≤100
102979191111423,Toe Toe Phaw,an advertiser in Myanmar,≤100
110456411440371,Doh Hlay,an advertiser in Myanmar,≤100
104511348661456,အေးဆေးပါ,an advertiser in Myanmar,≤100
2074476209434546,Happy Healthy Myanmar  ပျော်ရွှင်ကျန်းမာ တို့မြန်မာ,an advertiser in Myanmar,≤100
395933837270620,Tet Luu Kyaw - တက်လူကျော် စာပေ,an advertiser in Myanmar,≤100
615040838898606,Angry Birds Dream Blast,These ads ran without a disclaimer,≤100
1748200825467366,Bureau Veritas Thailand and Greater Mekong Sub-Region,These ads ran without a disclaimer,≤100
101530146342497,ဦးမျိုးမင်း,These ads ran without a disclaimer,≤100
108625789179165,Soi Dog Foundation,These ads ran without a disclaimer,≤100