﻿Page ID,Page name,Disclaimer,Amount spent (MXN)
120475107640369,La Realidad de hoy,La Realidad de hoy,13911
1520610478183053,Badabun,Badabun,7557
105680459199480,La Nueva Nota,La Nueva Nota,3703
104502545545325,El Sol de América,El Sol de America,3265
120544204635995,Gobierno de Baja California,Gobierno de Baja California,2716
118921468203786,Movimiento Ciudadano,Movimiento Ciudadano,2667
117778684670821,Sitio Informativo,Sitio Informativo,2151
106551728748819,Opinia,Opinia,2098
110361362084439,Expresión Digital,Expresión Digital,1971
104490239409980,Claudia Va - 2024,Claudia Va - 2024,1821
895963393765649,Montserrat Caballero,Montserrat Caballero,1728
100106186455988,De Todo Noticias,De Todo Noticias,1702
219668194797769,Encuestas en México,Encuestas en México,1656
104745382187531,The Times Mexico,The Times Mexico,1448
101498485926583,El Monarca,El Monarca,1329
107793448707132,The Guardian Mexico,The Guardian Mexico,1103
822100507825923,Secretaría de Turismo de Baja California,Secretaría de Turismo de Baja California,1046
378957422257023,Bealieversmx,Bealieversmx,905
104805888231365,Mexicano,"Editorial Kino, S.A. de C.V.",826
104423741378022,Ocupa MX,Ocupa MX,721
100867376619769,Xóchitl Gálvez Ruiz,Xóchitl Gálvez Ruiz,701
56713285274,Greenpeace México,Greenpeace México,658
206323119403212,Mario Delgado Carrillo,Mario Delgado Carrillo,652
101116608213214,EducaTijuana,EducaTijuana,652
608771779295909,Estamos Unidos. Que siga López,Estamos Unidos. Que siga López,581
107003701683545,Migra Noticias,Migra Noticias,533
103959544551197,Dermoter - Capacitación en Medicina Estética y Antiedad,Dermoter - Capacitación en Medicina Estética y Antiedad,495
103003812655119,Xoleando con Julio,Xoleando con Julio,487
103953484721340,Termina Tu Prepa Con EducaTijuana,EducaTijuana,461
109409908221921,Aníbal Cañez,TI Social,412
112737811873761,Mujeres de Guinda,Mujeres de Guinda,385
116175691755266,Silvano Aureoles Conejo,Silvano Aureoles Conejo,303
273155006056314,Luis Algorri,Luis Algorri,288
936003293273572,Nexo Político,Nexo Político,272
548413478648882,Ismael Burgueño,Ismael Burgueño,271
224050124385363,Gobierno de Mexicali,Gobierno de Mexicali,270
109634395756375,Save the Children México,Save the Children México,251
107246365703676,Hechos del Presente,Hechos del Presente,247
118467594583217,Polidatamx,Polidatamx,243
120145884414301,MX Al Día,Mx Al Día,237
195400400486017,Antena San Luis,Antena San Luis S de RL de CV,234
103765739476671,Alza La Voz Política,Alza La Voz Política,205
111117935404838,News media mx,Noticias32,197
123842270960929,Walmart de México y Centroamérica,Nueva Walmart de México SRL de CV,190
803041666459797,Enrique de la Madrid,Enrique de la Madrid,186
105718724852345,Algoritmo,Algoritmo,184
493453457351145,Coparmex Nacional,Coparmex Nacional,180
101267031439463,Voz de las Empresas,Consejo de la Comunicación,175
142237832852101,Manuel Rude García,Manuel Rude García,169
116422098112118,El Trópico,El Trópico,164
881256821943743,Armando Ayala Robles,COMUNICACIÓN DIGITAL,160
171435049569865,Victor Hugo Romo de Vivar,Victor Hugo Romo de Vivar,159
191616721335211,Diego Echevarria,Diego Echevarria,158
149012365179945,Pelon Pelo Rico,These ads ran without a disclaimer,153
122404620204,Oxfam México,OXFAM MEXICO AC,152
104361885865291,Buenas Noticias Mexicali,Buenas Noticias Mex,143
106900422462949,República al Día,Republica al dia,143
1431026463848662,Darío Benítez,Jorge Alberto Lopez Jimenez,142
611053902572622,Focus Mx,Focus Mx,132
123856230700096,Toyota Motor México,TOYOTA MOTOR DE MEXICO,127
289568107808375,UVEG Universidad Virtual del Estado de Guanajuato,Ads Project Media,127
100520466343073,PT Baja California,PT Baja California,125
108819392526809,Partido Acción Nacional,Partido Acción Nacional,122
354326078079338,Campaigns and Elections Mexico,Campaigns & Elections México,113
1415863341806268,DMC - Music Center,CENTRO DE ENCUENTRO ARTÍSTICO DMC A.C.,108
1669722269964235,Senadora Alejandra del Carmen León Gastélum,Alejandra León,104
120923597592109,Hoy Sí Mx,Consejo de la Comunicación,101
104327449392386,Red de Jóvenes Ocupa,Inteligencia Política,≤100
139181753309784,Justicia Transparente Abogados Penalistas,Justicia Transparente Abogados Penalistas,≤100
254852601222832,Cemex México,CEMEX México,≤100
264773293005,Marko Cortés,Marko Cortés,≤100
1583631301915573,Liborio Vidal,Liborio Vidal Aguilar,≤100
48966795116,Amnistía Internacional México,Amnistía Internacional México,≤100
151599265622637,Bertha Caraveo,Bertha Caraveo,≤100
113739333765253,Michel Sánchez Allende,casa creala,≤100
106045264321266,Acompáñala con Amor,Ideaphilos Comunicacion,≤100
407868429421487,Juan Manuel Hernández Niebla,Juan Manuel Hernández Niebla,≤100
116039188209698,Presidenta 2024 Mx,Presidenta 2024 Mx,≤100
104680124489636,Demoscopia Digital,Demoscopia Digital,≤100
458859544909547,DICES,DICES,≤100
351692528718078,GobernArte,GobernArte,≤100
459981687466000,TjNoticias.info,Rudolph y De Regil,≤100
469750359716602,Centro de Formación en Marketing Político,Centro MKT Político,≤100
900777433370449,Luis Cházaro,Luis E. Cházaro,≤100
503029186533760,Osoigo México,Osoigo México,≤100
102571299059219,Centro de Desarrollo y Actualización de Competencias,Centro de Desarrollo y Actualización de Competencias,≤100
102107279495045,Las netas,LASNETAS.ORG,≤100
101643645307583,Espacio Político,Espacio Político,≤100
402590013935110,Tijuana Dice,Tijuana Dice,≤100
107738917712607,ALA,@alertalibertadaccion,≤100
101904945931759,CDMX Informada,CDMX Informada,≤100
147751821930575,Salud Digital Fundación Carlos Slim,Fundación Carlos Slim,≤100
213693228664478,Cámara de Diputados - H. Congreso de la Unión,Camara de Diputados - H. congreso de la unión,≤100
364602665328,El Colegio de México - Colmex,"El Colegio de México, A.C.",≤100
116437828394342,Phiten Mexico,Phiten Mexico,≤100
245495562137150,Mitofsky,Roy Campos,≤100
101128435630238,Química y Formulación,Química y Formulación,≤100
195637654361837,No Hay Derecho MX,nohayderechomx,≤100
233652128065243,Goberna México,Goberna Latam,≤100
108691922194941,Convocatorias 2023B,Convocatorias 2023,≤100
291420500968149,Ricardo Mejia Berdeja,Ricardo Mejia Berdeja,≤100
961310490582166,FeliFer Macías,FeliFer Macías,≤100
113207271390710,Librería Nómada Tecate,These ads ran without a disclaimer,≤100
111747610668938,Nota Online.,Nota Online.,≤100
112627505161171,Paty Tere,Tu Vecino Informa,≤100
118621424595489,Comiendo con El Carnal - Ya sabes cual,Comiendo con El Carnal - Ya sabes cual,≤100
953657811446042,Conciencia Nacional por la Libertad Religiosa,Fundación en Promoción de la Familia y la Libertad AC,≤100
115724271579083,alex_fregosor,These ads ran without a disclaimer,≤100
1661676774101223,Claudia Agatón,Claudia Agatón,≤100
387796290649,GNP Seguros,GNP Seguros,≤100
133478060111915,Cemex Impacto Social,CEMEX México,≤100
107079265771067,Tabasco es con Marcelo,El pueblo es con Marcelo,≤100
119588441128670,Ferdando Lanota,Efecto Regio,≤100
160752503961,EMEEQUIS,EMEEQUIS,≤100
1095948597209125,Grupo Financiero Banorte,Banco Mercantil del Norte,≤100
1452189031676518,Hyundai México,HYUNDAI MEXICO,≤100
362430908370,Aeromexico,Aeromexico,≤100
174058432636166,El Deforma,El Deforma,≤100
114329291495179,SUMA Construyendo Sociedad,SUMA Construyendo Sociedad,≤100
101075891834695,El Grito de México,El Grito de México,≤100
107727682047392,XunMexicodeverdad,XunMexicodeverdad,≤100
106763384981876,La Prensa Mx,La Prensa Mx,≤100
139767742461,Manuel Velasco Coello,Manuel Velasco Coello,≤100
756397431107703,Omar Ortega Álvarez,Omar Ortega Álvarez,≤100
2306393362764521,Industrificados,These ads ran without a disclaimer,≤100
133761830290194,Tere Jiménez,AI MKT,≤100
112646455067332,Aarón Edgardo Del Real,These ads ran without a disclaimer,≤100
1577134115646205,Lupita Murguía,Lupita Murguía,≤100
117714788329212,Federación Internacional  de Criminología y Criminalística,These ads ran without a disclaimer,≤100
251441461671918,Igualdad Animal México,Respeto e Igualdad Animal A.C.,≤100
106348013297814,Carlos Ulloa,Carlos Ulloa,≤100
117455491307964,Al Día,Al Dia Media,≤100
148649368616330,Pepe Chedraui,Pepe Chedraui,≤100
104658292657604,Rumor Veraz,Rumor Veraz,≤100
110638204921704,Voz Laboral,Partners of the Americas,≤100
2224502900946392,Diplomados UNAM- Congreso.,Diplomados UNAM- Congreso.,≤100
107509487815279,Dedogmasyrenuncias,DE DOGMAS Y RENUNCIAS,≤100
509821702820171,24 Horas Quintana Roo,24 Horas Quintana Roo,≤100
1415691342026378,Fundación Carlos Slim,Fundación Carlos Slim,≤100
235606900176440,Macronews,Macronews,≤100
105533795460071,Norte Monrealista,Norte Monrealista,≤100
118621424595489,Comiendo con El Carnal - Ya sabes cual,Comiendo con el Carnal - Y Sabes cual,≤100
102862436222749,Xochitlovers Querétaro,Xochilovers Querétaro AC,≤100
409800789114458,Antonio Pelón Cervera,Antonio Pelón Cervera,≤100
108285588456412,Instituto Dasein Meraki,Instituto Dasein Meraki,≤100
651415091544662,Cancún Channel,Cancún Channel,≤100
309520537353,Fondo Semillas,Fondo Semillas,≤100
102724752608138,Mexiquenses Unidos con Adán,Mexiquenses Unidos con Adán,≤100
240658503464659,Christian Agúndez,Christian Agúndez,≤100
111462451849329,Chetumal TV,Chetumal TV,≤100
100397949641018,Xochilove.rs,Xochilove.rs,≤100
92465443899,Reporte Índigo,Capital Media,≤100
102965142770908,Poder Chairo,Poder Chairo,≤100
124631600949535,Yo Influyo,Yo Influyo,≤100
102255904996475,Geovanna Campos Vazquez,Geovanna Campos Vazquez,≤100
242650699230146,México va con Marcelo,México va con Marcelo,≤100
196493763808241,CEEY,CENTRO DE ESTUDIOS ESPINOSA YGLESIAS,≤100
345995382241686,PODER 360,PODER 360,≤100
107469761645370,Karim Goudiaby Neximo,These ads ran without a disclaimer,≤100
177319665650476,ClikiSalud - Fundación Carlos Slim,Fundación Carlos Slim,≤100
108738895343989,Capacitaciones en Línea de México,These ads ran without a disclaimer,≤100
1455020028114688,Jaime Bueno Zertuche,Jaime Bueno Zertuche,≤100
106902489068662,Acción Morenista,AM 2023,≤100
105848177845789,All Out en español,All Out,≤100
107818525641830,Habla,Habla,≤100
182252948625872,Los Rescatadores,"Refleacciona con Responsabilidad, A.C.",≤100
104065375986923,La Politigrería,La Politigrería,≤100
138350596230547,GIRE - Grupo de Información en Reproducción Elegida,Menu Agency,≤100
112260695120606,TrendTrackers,These ads ran without a disclaimer,≤100
213831719009326,Mexicanos al grito de guerra,MX Noticias,≤100
104062966041863,Es De FIFIS,Es De FIFIS,≤100
109474928114443,Actívate,Actívate,≤100
112304351788997,Mayor Look,These ads ran without a disclaimer,≤100
820039028079165,Gerardo Pliego,Gerardo Pliego,≤100
365062723639932,The Humane League Latinoamérica,The Humane League Latinoamérica,≤100
288333511342618,"Sánchez, Arellano Abogados",Sanchez Arellano Abogados,≤100
1527311874184683,Ismael Cabeza de Vaca,Ismael Cabeza de Vaca,≤100
100539512991362,Yo con la 4ta,Yo con la 4ta,≤100
392117881331459,José Flores,José Flores,≤100
107516875693784,Por la derecha,Por la derecha,≤100
110187414493874,Plataforma Informativa Mexicana #PIM,euthenics,≤100
349281388432947,Chihuahua Noticias,Chihuahua Noticias,≤100
1523140624565532,Luis Susarrey,Luis Alberto Susarrey Flores,≤100
107915678385909,Harmon Instituto Internacional,These ads ran without a disclaimer,≤100
2330030160374237,Balance 24,Balance 24,≤100
302448513146235,Jorge Romero Herrera,JORGE ROMERO,≤100
101740711752535,RUBRUM,Multipoll S.A. de C.V.,≤100
104402255089316,Vigilante,Dreams Engine S.A de C.V.,≤100
105592409301259,Ya es Julio Huerta,Ya es Julio Huerta,≤100
477874639002114,Joaquín López-Dóriga,PLATAFORMA DIGITAL JOAQUIN LOPEZ DORIGA. S. DE R.L. DE C.V,≤100
100714455326317,SD Noticias,SD Noticias,≤100
107730748666646,Genera México,Genera México,≤100
109728374729315,24 horas Yucatán,24 Horas Yucatán,≤100
252509928131719,Periódico El Nacional,Periódico El Nacional,≤100
114024430364416,YoXmx,YoXmx,≤100
687577854666386,Con Acento,Con Acento,≤100
110105815387593,Yoel Rocha.,Yoel Rocha.,≤100
113475461707446,4T Noticias y más,4T Noticias y más,≤100
557681577695814,El Cambio de México,El Cambio de México,≤100
1696577493927541,Veritas Noticias MX,Veritas Noticias MX,≤100
108083330882827,Iniciativa Climática de México,Iniciativa Climática de México,≤100
100771439692852,México Despierto,México Despierto,≤100
1614410865470755,Columnas de México,Columnas de México,≤100
432923167438353,Jorge Hernández Aguilera,Jorge Hernández Aguilera,≤100
105016285925954,Contra la mafia del poder,Contra la mafia del poder,≤100
473280473089704,Aurelia Leal López,Aurelia Leal López,≤100
185702296375261,Mexicómo,MEXICOMO,≤100
192507774257431,Omar Borboa,Omar Borboa,≤100
122154061801959,Colectivo Mujeres Cabeza de Familia,Colectivo Mujeres Cabeza de Familia,≤100
109193625116615,México Ahora Noticias,México Ahora,≤100
582650362076920,César Ulloa G.,César Ulloa G.,≤100
710439142491735,Aldo Ruiz,Tintorama Digital,≤100
102944568266680,Layin Silvet,Layin Silvet,≤100
1518145195110134,Daniel Gutiérrez Gutiérrez,Daniel Gutiérrez Gutiérrez,≤100
116126071482030,V+ Noticias,V+ Noticias,≤100
101793669214903,Lili Almeida,These ads ran without a disclaimer,≤100
592495347619799,Mi familia es primero,Mi familia es primero,≤100
102047408511116,Celia Maya,Celia Maya,≤100
642184602596077,Alejandro Villegas Pérez,Alejandro Villegas Pérez,≤100
288646668294929,Todos Somos Morena,Todos Somos Morena,≤100
107048135750204,Carlos Soto,Carlos Soto,≤100
101534482461321,VAMOS,Vamos Sonora,≤100
100353769541167,Bazar Político,Bazar Político,≤100
359279754116464,Carolina Viggiano,Carolina Viggiano,≤100
106527704042985,Junior Gattas,Junior Gattas,≤100
121795294246093,MRC Lo,MRC Lo,≤100
114889085297701,Ricardo Anaya Cortés,RICARDO ANAYA CORTES,≤100
124073640618476,Julio Huerta,Julio Huerta,≤100
187408468118775,Jorge Torres #elbrecho,Adictivo,≤100
785662604828663,México Empresarial,México Empresarial,≤100
149356031821584,Arena Pública,Arena Pública,≤100
57301464976,Veras.Mx,Veras.Mx,≤100
126413310795698,Azteca Sonora,Azteca Sonora,≤100
519051388241845,Fundación FEMSA,Fundación FEMSA,≤100
109927953731014,Espacio Libre México,Espacio Libre México,≤100
909433945747355,Sandra Pámanes,Sandra Pámanes,≤100
536886746673043,Jóvenes MX,Jóvenes MX,≤100
1435916926709920,Alejandro Porras Marin,Alejandro Porras Marin,≤100
673469736061456,Instituto Panamericano de Profesionales Científicos,These ads ran without a disclaimer,≤100
657620291281177,Poder Latino,Mx Noticias,≤100
34767149008,Tecnológico de Monterrey,Tecnológico de Monterrey,≤100
905324146270805,Carlos Quintana,Tropa Marketing,≤100
148709191834718,Alcaldes de México,Alcaldes de México,≤100
123706374310822,Lo de Hoy México,LCC Mkt,≤100
465777803515977,Poncho Gutiérrez,Poncho Gutiérrez,≤100
110322612382602,Gustavo Granados,Gustavo Granados,≤100
235994093744848,Contra Réplica,EDICIONES SAN FRANCISCO S.A. DE C.V.,≤100
113913243634409,Carlos Arturo Rodríguez Reyes,Carlos Arturo Rodríguez Reyes,≤100
1103479286344796,Revista de Coahuila,Revista de Coahuila,≤100
338810152847727,PAN Ciudad de México,PAN Ciudad de México,≤100
106014201881875,José Ernesto Conde,José Ernesto Conde,≤100
320404528148304,Nacho Campos,Nacho Campos E.,≤100
431588506963148,Ana Francis Mor,Ana Francis Mor,≤100
242340806111152,Denuncia Mx Oficial 2,These ads ran without a disclaimer,≤100
463489204042534,Secretaría de Obras Públicas y Movilidad de Uruapan,Secretaría de Obras Públicas y Movilidad,≤100
164856266971710,Es lo Cotidiano,Es lo Cotidiano,≤100
109575971718478,Hitzel Bernal,Hitzel Bernal,≤100
103767734536936,Cripeso Servicios de Consultoría,Cripeso Servicios de Consultoría,≤100
265938437673601,Yo Soy Mi Planeta,Yo Soy Mi Planeta,≤100
369980863177123,Eder López,Partido Encuentro Solidario,≤100
129605344564248,Adriana Candelario,Adriana Candelario,≤100
369716686400100,Deprimera Noticias,Deprimera Noticias,≤100
108208347619227,Gaceta del Trabajo,Gaceta del Trabajo,≤100
992816694189783,José Alam Chávez Jacobo,José Alam Chávez Jacobo,≤100
100982705132785,Centro Federal de Conciliación y Registro Laboral,Partners of the Americas,≤100
681291175575804,Visible,Lievant Studio,≤100
1708378782713605,Pulmón Urbano A.C.,Pulmón Urbano A.C.,≤100
116447680228507,Ze Ti,These ads ran without a disclaimer,≤100
101620679196009,aguirremayor1,These ads ran without a disclaimer,≤100
102769894828877,4C News,4C News,≤100
104350262483733,Sonora tesoro de México,Sonora tesoro de México,≤100
463488603728926,Agenda Setting,Agenda Setting Diario,≤100
1896354887304052,CPE News,CPE News,≤100
120131867730575,NotiMex.net,NotiMex.net,≤100
845231818870543,Psicólogos de México,Psicólogos de México,≤100
136211476541760,SIGE Produciendo,These ads ran without a disclaimer,≤100
104149335057004,Prensa Cancún,Prensa Cancún,≤100
107495440904617,Canal 33,These ads ran without a disclaimer,≤100
215364542672368,Javier Cruz,Javier Cruz,≤100
1692643974305322,Fabiola Alanís Sámano,Fabiola Alanís Sámano,≤100
422833681635221,México nos une MV,México nos une MV,≤100
2340595106035117,Ismael Brito Mazariegos,Ismael Brito Mazariegos,≤100
176047519101203,Códice Informativo,Códice Informativo,≤100
567633750007609,Geovanna Bañuelos,Geovanna Bañuelos,≤100
226699804054458,Juan Carlos Barragán Vélez,Juan Carlos Barragán Vélez,≤100
470671390339325,Politburó Digital Noticias,Politburó Digital,≤100
322377738207761,Gabriel Morales Lopez,Gabriel Morales López,≤100
116502604717345,Ah Kim Pech News,Ah Kim Pech News,≤100
106528952132176,RS24,RS24 En Unidad por Morelos A.C.,≤100
230441294091709,Eduardo Olmos Castro,Eduardo Olmos Castro,≤100
101202725148632,Armando Zuñiga Salinas,GRUPO IPS,≤100
236858516331750,RADIOFUSION TV,RADIOFUSION TV,≤100
201526167017293,Mario Soto Esquer,Mario Soto Esquer,≤100
109130204053554,Alas para el Cambio,Alas para el Cambio,≤100
1686752081587039,Gaston Herrera,Gaston Herrera,≤100
293707754465943,Toño Mejía,Redboxmex,≤100
106811552699981,Eduardo Rodriguez,Eduardo Rodriguez,≤100
590492288110770,De machos a HOMBRES,IDMAH INSTITUTO PARA EL DESARROLLO DE MASCULINIDADES ANTI HEGEMONICAS,≤100
104226415559995,Proyecto Libres,Proyecto Libres,≤100
1585834374966452,Mirza Flores,Mirza Flores,≤100
101555818455943,"Rafael ""Rafa"" Ramírez","Rafael ""Rafa"" Ramírez",≤100
1587273468223028,Misaj Becerra,Misaj Becerra,≤100
787846564932738,Ana Paula Ugalde: Comunicación eficaz y vocería,Ana Paula Ugalde: Comunicación eficaz y vocería,≤100
209756585798494,La Jornada Zacatecas,La Jornada Zacatecas,≤100
282783475136271,Nosotros Por Tí Asociación,Nosotros Por Tí Asociación,≤100
107601427782942,Luis Rascón,Luis Rascón,≤100
2490201471042440,Raquel Ramírez Rodríguez,Raquel Ramírez Rodríguez,≤100
111969565605071,Ríodoce,Ríodoce,≤100
1776223812696913,Daniel Altamirano,Daniel Altamirano,≤100
116300734758352,Escáner Político,Escaner Politico Media,≤100
157444728824,Realia Instituto Universitario para la Cultura y las Artes,These ads ran without a disclaimer,≤100
139229162932562,Hoy Informativo HI,Hoy Informativo HI,≤100
122304154191807,Puebla con Sheinbaum,Puebla con Sheinbaum,≤100
1024212257622837,Paola Jiménez Hernández,LIPCO,≤100
114846944856662,Insurgentes Canal,Insurgentes Canal,≤100
177503385791052,Mariano Agustín Escobar,Mariano Agustín Escobar,≤100
111980355074733,Adriana Grajales Gómez,Adriana Grajales Gómez,≤100
104147292441684,Criticadn.mx,Criticadn.mx,≤100
620611228034083,Rabindranath Salazar Solorio,Rabindranath Salazar Solorio,≤100
102542454680516,Lupita Oyervides,Lupita Oyervides,≤100
108909800773255,Periódico Insurgente MX,Periódico Insurgente MX,≤100
113554082085514,Omar Holguín Franco,Omar Holguín Franco,≤100
105295068026990,Docentes Digitales,Delia Aurora Bernal Orta,≤100
106243459192984,Juventudes Morena Valle de Bravo,These ads ran without a disclaimer,≤100
102004491396763,HOYTamaulipas Oficial,HOYTamaulipas Oficial,≤100
100255163156070,De cine con Ale,These ads ran without a disclaimer,≤100
101166932215045,Tere Erives,Tere Erives,≤100
483184325155766,Suena La Noticia,Suena La Noticia,≤100
790122277825560,Sentido Común,Sentido Común Medios,≤100
110598385412925,Roberto Ramos Vázquez,Roberto Ramos Vázquez,≤100
114047921751104,Aurora Flores - Candidata a Reina de Fresnillo 2023,These ads ran without a disclaimer,≤100
108726695338295,Aconpol Querétaro,Aconpol Querétaro,≤100
110973360773894,Daniel Lanz,Daniel Lanz,≤100
402196160175517,Francisco Patiño Cardona,Francisco Patiño Cardona,≤100
206604539439888,Luis Nava,Luis Nava,≤100
1185080875001175,Siguiendo a Mon Maron,Mon Maron,≤100
114970491628515,Alberto Vargas,Alberto Vargas,≤100
450962534985715,Punto Medio +,Punto Medio +,≤100
726148394171347,Macarena Chávez,Macarena Chávez,≤100
1874397736161441,Manuel Gálvez,Manuel Gálvez,≤100
1862694870637618,Radio SME,Radio SME,≤100
106823821910420,SIACC,These ads ran without a disclaimer,≤100
111592180770114,Mención Aparte,Mención Aparte,≤100
1065133113513939,Noticias Diario Debate,Noticias Diario Debate,≤100
455622555010627,Somos Toluca Libre,Somos Toluca Libre,≤100
625822217504525,Francisco Javier Garza de Coss,Francisco Javier Garza de Coss,≤100
383813548439460,PerióMetro,These ads ran without a disclaimer,≤100
104736105376331,Casillas Negras,Casillas Negras,≤100
101235928847565,Avidel Villarreal,Avidel Villarreal,≤100
101319892583290,Alejandro Esteban Sosa,Alejandro Esteban Sosa,≤100
1394199960834828,Miguel Monraz,Miguel Monraz,≤100
100269148869842,El Clarin Huasteco / Espacio de Noticias,El Clarin Huasteco / Espacio de Noticias,≤100
448109389340930,Anca-García,Anca-García,≤100
110964721419254,Observatorio Legislativo,Observatorio Legislativo,≤100
675581639228532,Germán Cervantes Vega,Germán Cervantes Vega,≤100
100262824860292,Guayabo Vengador,Guayabo Vengador,≤100
106322671165769,Nación Morena,MX Noticias,≤100
105783709101577,enrique.silva15,These ads ran without a disclaimer,≤100
153110135176926,La Ganzúa,La Ganzúa,≤100
878654108845351,Armando Tejeda,Armando Tejeda,≤100
301653613284149,Periódico de Izcalli,PERIÓDICO DE IZCALLI,≤100
417755508577250,Canacintra Xalapa,Canacintra Xalapa,≤100
110005827023415,Mike Orea,Mike Orea,≤100
1855645798066590,Oceana México,Oceana México,≤100
358212417554442,Fisiología del Ejercicio,These ads ran without a disclaimer,≤100
265694080118144,MochilerosTV,These ads ran without a disclaimer,≤100
130467394263248,Dyness,These ads ran without a disclaimer,≤100
233652128065243,Goberna México,Goberna,≤100
1922446368082566,Leticia Ortega Máynez,Leticia Ortega Máynez,≤100
103810775872622,Viên uống tăng cân Weigh Gains tại Đài Loan,These ads ran without a disclaimer,≤100
105570829018924,Quiropráctico Ajustes Corporales Motul,These ads ran without a disclaimer,≤100
450326391674911,Allianz,These ads ran without a disclaimer,≤100
109718987583190,Brighite Granados,Brighite Granados,≤100
572203686296623,Relieved,These ads ran without a disclaimer,≤100
103064252668045,Ingees01,These ads ran without a disclaimer,≤100
104364561773822,Oscar Avitia,Oscar Avitia,≤100
134369617137562,Mónica Fernández Balboa,Mónica Fernández Balboa,≤100
111068872040824,Super Quiz,These ads ran without a disclaimer,≤100
108966472292878,Lizetth Quiñones,These ads ran without a disclaimer,≤100
106246311267414,Valeria Cruz Armendariz,Valeria Cruz Armendariz,≤100
106950715510480,Luciana Ponce,These ads ran without a disclaimer,≤100
100638533094811,Nick Hayes Music,These ads ran without a disclaimer,≤100
100344435204047,Luis Daniel Lopez,Luis Daniel Lopez,≤100
101375582509907,Juan Barahona,These ads ran without a disclaimer,≤100
109226351931340,Jimena Gonzalez,These ads ran without a disclaimer,≤100
102826335811233,Isadora Pedrini,These ads ran without a disclaimer,≤100