﻿Page ID,Page name,Disclaimer,Amount spent (PEN)
264223880347121,Lampadia Oficial,LAMPADIA,≤100
142062936237878,Goberna,Goberna,≤100
335551357288,Flor de Maria Hurtado Valdez,Flor De Maria Hurtado Valdez,≤100
534284396949027,Ilich López,Renzo Jireh Casas Torres,≤100
89660988793,Asociación Paz y Esperanza,Asociación Paz y Esperanza,≤100
109019574560600,Aula Gaceta,Joel V. Supo Baldo,≤100
1087427024663496,Omar Merino López,Merino Lopex Omar,≤100
883608538372189,Cidap Perú,José Antonio Mangini Sánchez,≤100
113857973395461,Luis Angel Aragón - Congresista de la República,Diego Alonzo Alvarez Guevara,≤100
106395164602216,Juan Burgos,Luis Alberto Chavarry Gutierrez,≤100
462790453744032,Sutep,Sindicato Unitario de Trabajadores en la Educación del Perú - SUTEP,≤100
173144229408518,RENIECPERU,RENIECPERU,≤100
103890681794133,Asociación Nacional de Profesionales de EsSalud,Jimena Vega Cabana,≤100
1630616653863244,Vitae Educación Ejecutiva,Vitae Educación Ejecutiva,≤100
316564475960113,Estudio Jurídico Tarazona & Asociados,Diego Alberto Isla Yengle,≤100
101053675911037,Fabri & Asociados Consultoría Política y de Mercadeo,Whilber Eugenio Huallanca Conde,≤100
104723341438240,EnRumbo Noticias,EnRumbo Noticias,≤100
107290784647450,HB Abogados,Julio Alberto Huerta Barrera,≤100
100330785132565,Saca tu cuenta,Juan Jose Garcia Chau,≤100
111309771954029,,Cree y Crea,≤100
100677892543934,Asociación Pro Olmos,Asociación Pro Olmos,≤100
417661094920749,Mas Que Consumidores,Abdon César Augusto Delgado La Cotera,≤100
100868325382148,Elizabeth Taipe Coronado - Congresista,Daniel Franklin Quispe Aguilar,≤100
849353801773823,Renzo Yupanqui Garcia Pàgina Oficial,Renzo Stalin Yupanqui Garcia,≤100
1643625532431014,Karol Paredes,Karol Ivett Paredes Fonseca,≤100
1573569742675365,Voltalia,These ads ran without a disclaimer,≤100
81395234664,BBC News Mundo,These ads ran without a disclaimer,≤100
542698955909272,Golden Capital FX,These ads ran without a disclaimer,≤100
8669021235,"Keane Southard, Composer",These ads ran without a disclaimer,≤100