﻿Page ID,Page name,Disclaimer,Amount spent (PYG)
1468570519872644,Santiago Peña,PRANA SA,329361
102917519228790,Bruno Defelippe,PautaPY,219124
196599783696918,Efrain Alegre,Comunicá,107411
125249971414945,Hugo Meza,Hugo Joel Meza,88662
532716330164048,Sole Núñez,PautaPY,73006
1547194582252394,Denis Lichi,Global Agencia,72135
100490136261426,María Cristina Campuzano Senadora,María Cristina Campuzano Senadora,64609
1310731702357133,GEN,GEN,64609
196406677113756,Rafael Filizzola,Comunicá,60908
1222077187832207,Gustavo Leite,Gustavo Alfredo Leite Gusinky,59512
132554373464255,La Nación,La Nación,57430
124625661665046,Patrick Kemper,Patrick Paul Kemper Thiede,56412
105545157610039,Euclides Acevedo,Marco Antonio Martinez Almiron,50913
100445112671378,Fernando Camacho Senador 2023,Fernando Camacho Senador 2023,43073
109307391819683,Sergio Ortega 2023,Fernando Manuel Ortega Areco,43072
532716330164048,Sole Núñez,Sole Núñez,37707
104383935296004,Carlos Weiberlen,Silvana Beatriz Arevalos Piñarez,31691
241512319274531,Sixto Pereira,Sixto Pereira,30518
614795685343483,Belén Maldonado,Belén Maldonado,27324
153958777947957,Paulo Reichardt,Paulo Reichardt,25280
1692624097481207,Mujeres GANAR,Mujeres GANAR,24558
103207518447025,Antonio Buzarquis Cáceres,Rodney Zorrilla Ortiz,18941
352921164903198,Dan González Gobernador 2023,Celso Daniel Gonzalez Mendieta,18615
101557432041474,Levi Leguizamón,Levi Leguizamón,17800
420279778178605,Adelaida Diputada 2023,Adelaida Cantero De Torres,15487
111157821719874,Sonia Fleitas Senadora,Sonia Fleitas Senadora,15099
430961180344844,EVER VILLALBA,Ever Federico Villalba Martinez,14358
109626041763537,Natalicio Chase,Global Agencia,13699
446986732060546,ROSA BELLA Cáceres,Antonio Villalba Caceres,13587
100617802815343,Orlando Penner Senador 2023,Orlando Penner Senador 2023,12994
441529192988697,Rubén Penayo Senador 40/44,Rubén Penayo Senador 40/44,11432
109356765453215,Enrique González Quintana,ASP Marketing,11381
888301827879665,Aldo Bogarín,Aldo Bogarín,10945
1608625919447826,Blanca Ovelar Senadora Nacional,Blanca Ovelar Senadora Nacional,10872
647864758888200,Seba Garcia,Sebastian Garcia,10798
1031242720241221,Emilio Cantero,Albar Emilio Cantero Almada,9001
397931417070426,Tony Apuril,ASP Marketing,8895
517426394969535,Ricardo Canese,Ricardo Canese,7923
102467002671611,Jorge Heisecke,Jorge Heisecke,7836
102963512483270,PyElige,PY Elige,7613
105951684150779,José Chechito López,José Chechito López,7545
272098156231873,Diario HOY Paraguay,Diario HOY Paraguay,7179
121859950827147,Pedro Ferreira,Clelia Andrea Eloisa Balbuena Lomaquis,6503
125314197496488,Carlos Filizzola,Carlos Filizzola,6352
106257452820864,Tito Saguier,PautaPY,6176
100188219465134,Senador Derlis Osorio,Senador Derlis Osorio,6054
106682318781403,Rafaela Guanes Senadora,Rafaela Guanes,5958
102649292598442,Senador Hugo Richer,Senador Hugo Richer,5880
1810962229216340,Fidel Zavala,Laura Lorena Meaurio Paniagua,5671
114061877001545,Víctor Pecci,Esencia News SA,5492
192161474526084,Luis Fretes Senador,Luis Fretes Senador,5414
100223835693365,Juanvi Fernández,Juanvi Fernández,5321
1386037631635162,Hugo Ramírez,Nahuel Ayala Gomez,4838
392501567470357,Martín Arévalo,Mario Martin Arevalo Fernandez,4605
107587622053186,Dra. Vivian Santander 2023,Santander Santander Clinica,4311
1832577620365172,Eusebio Ramón Ayala Senador 2023,Manu Nuñez Franco,3841
294693311318315,Miguel González Senador,Miguel González Senador,3259
838018169889993,"Fernando ""Pato"" Ojeda",Fernando Ojeda,3046
109846981881280,Arlene Aquino Morel,Edith Arlene Aquino Morel,2966
111519571676798,Abel Cabral Lista 300 Opción 2,Abel Cabral,2885
110324011295149,Central Unidos - Paraguayos Unidos - Cruzada Nacional,Jorge Danel Guimaraes Fernandez,2853
111519571676798,Abel Cabral Lista 300 Opción 2,Abel Cabral,2758
101840779897426,Cristian Cardozo,Cristian Antonio Cardozo Villalba,2632
101726857993140,Carlos Giménez  Senador,Carlos Giménez  Senador,2496
724051717643013,Miguel Prieto,Miguel Prieto,2417
107378775349679,Rolando Alvarez Spinassi,Rolando Alvarez Spinassi,2347
103681832340596,Kpeto Cano,Eusebio Vera,2218
101031596152572,Abg. Emilio Tillería - Senador,Abg. Emilio Tillería - Senador,2202
1578664545555777,Oviedo Matto,Oviedo Matto,2149
110001860605531,Zamt Advice,Zamt Advice,2112
116432178063253,Víctor Aquino,Romina Romero Keim,2014
725834240910220,Noticiero Paraguay,Noticiero Paraguay,1972
102233525888286,Raulito Benitez Talavera Diputado 2023,Raúl Antonio Benitez Talavera,1952
106413945697461,Vicenta Cano,Vicenta Cano,1751
104143542486856,Ya Paraguay,Ya Paraguay,1696
108956608577334,Gaspar Centurión,Gaspar Centurión,1669
114575858233744,Federico Campos LM Senador 15-4,Federico Campos LM Senador 15-4,1465
111157821719874,Sonia Fleitas Senadora,Mister Co.,1382
1753251591598763,Dani Mujica,Dani Mujica,1323
184860595385745,Ing. Roberto Jiménez - Concejal,Roberto Fernando Jimenez Ayala,1321
740490032676248,Diego Candia Diputado,politico.com.py,1287
102137945346781,Movimiento Ciudadanía Activa,PautaPY,1286
116747321316881,Javier Ferreira,Javier Ferreira,1278
423949460984593,Agustin Ortiz,Joel David Ortiz Velazquez,1260
110893693834893,Carmen Alonso,Carmen Alonso,1153
842006342844392,Pautas Políticas Py,Pautas Políticas Py,1090
103429818624929,Edu Garay,Eduardo Garay,1090
104535215908072,Ing. Eriberto Colman,Eriberto Colman Benitez,1041
105678502467624,Soledad Villagra,Soledad Villagra Carron,934
107076632304156,Mechi Roca,Maria Mercedes Roca Caballero,930
107686348789567,Alberto Ayala 123,Adan Alberto Ayala,928
722286661897566,Edith Cabral - Diputada,Edith Concepcion Cabral Rebey,919
237898026337131,Impacto Caaguazú- Digital.,impactocaaguazu,906
116217311438489,Vivir Mejor Es Posible.,Kinter Fleitas,884
331956456859091,Marcelo Duarte,Rocio Magali Moreno Vera,832
111914702306103,Enrique Riera Escudero,Enrique Riera Escudero,799
102804492578710,Legalmente Hablando,Nueva Tecno,782
103101412549808,Ale De Filippis,Ale De Filippis,765
717442448287834,Portal Canindeyu,Portal Canindeyu,673
243800448965894,Decidamos Campaña por la Expresión Ciudadana,Decidamos Campaña por la Expresión Ciudadana,636
108246601026063,Derlis Rodríguez Diputado 2023,Derlis Manuel Rodríguez Baez,553
105787598141250,Ever Rojas Borja,IMAGEN DE GOBIERNO,523
107956328706667,Sary Helman Diputada,Fabiana Marlene Cañete Helman,498
107365495659157,Juntos Podemos,Isrrael Velazquez Ruiz Diaz,495
108365738752622,Maura Bogado Concejal por Amambay 2023,Maura Bogado Concejal por Amambay 2023,487
2158618391031667,Najeeb Amado,Najeeb Amado,463
141678063114851,Ruben Velazquez,Dalva Natividad Acosta Vallejos,451
110258800564741,Ing. Luis Riveros,Luis Riveros,447
1365651890238610,Soberanía Paraguay,Prensa_Py,442
303795153430459,Capitán Apodaca - Gobernador,Adventura,425
110042318505775,Zenaida La Senadora del Pueblo,Zenaida La Senadora del Pueblo,413
106297212357807,José Colbes,José Colbes,404
107706177740738,Periodismo 29,Periodismo 29,388
101472922174657,Payo Urgente911,Payo Urgente911,373
100272188033018,Marcos Rojas Concejal Departamental 2023,Marcos Sebastian Rojas Madrigal,344
278226125974096,El Paraguayo Independiente,Paraguayo Independiente,343
107326631853562,Hugo Sosa Pasmor,Maria Alejandra Correa Miño,337
101398472410339,Monica Ramirez,Monica Ramirez,303
109400298573862,Dr. Víctor Ocampos Gobernador Paraguarí,Victor Luis Ocampos Gómez,286
101986861866371,Tía Ida - Diputada 2023,Jazmin Thamara Elizabeth Ortiz De Bonzi,280
104456201144006,Alba Oviedo,Alba Nieve Oviedo De Torres,272
881571071938611,Radar Social TV,Armando Daniel Urbieta,242
479854358878952,Marta Marques -Senadora,Andrea Beatriz Rojas Pereira,229
101577732604886,Ramona López,Junior Julian Lezcano Guerreros,220
1195318853829348,Luis Felipe Villamayor,Luis Felipe Villamayor,155
100265174952816,Cesarito Sosa,César Luis Sosa Fariña,145
105965072245135,Jazmin Girala - Concejal Departamental,Rocio Jazmin Janice Girala Ayala,118
1683682091865699,Nubia Capurro - Diputada,Hector Matiauda,≤100
363306313879750,Marle Chispita Orue,Marlene Tatiana Orue Leon,≤100
292909490881181,Carlos Echeverría Intendente,TEJUParaguay,≤100
101240942839739,Abraham Martinez,Abraham Martinez,≤100
118397948223791,Oscar Tuma,Óscar Luis Tuma Bogado,≤100
355951288140749,Dip. Nac. Andrés Rojas Feris,Dip. Nac. Andrés Rojas Feris,≤100
108897622115536,Dra. Liliana Ferreira Benitez,Dra. Liliana Ferreira Benitez,≤100
101958599473285,Or HaOlam - אור העולם - Luz del Mundo,These ads ran without a disclaimer,≤100
235700511705229,Dr. Felipe Osvaldo Benítez,SHOWVID Marketing Político,≤100
230427213672954,AIE Paraguay,These ads ran without a disclaimer,≤100
112977975024606,Nery Bruno Diputado Nacional Villarica,Nery Bruno Diputado Nacional Villarica,≤100
325540631525675,En La Tecla,En la Tecla,≤100
101589739286507,Óscar González Senador,Maria Alejandra Correa Miño,≤100
242118359309178,Ricardo Estigarribia,Ricardo Estigarribia,≤100
103771265752808,Vysokolán,Stephan Vysokolán,≤100
1964503917155087,Stephan Rasmussen,Stephan Rasmussen Gonzales,≤100
113076310393725,Diana de Smith - Concejal Departamental 2023,Diana de Smith - Concejal Departamental 2023,≤100