﻿Page ID,Page name,Disclaimer,Amount spent (USD)
225385184188101,ქართული ოცნება / Georgian Dream,ქართული ოცნება / Georgian Dream,≤100
101183782205426,სინამდვილეში,Georgian Dream,≤100
1159313984168136,europop,Popsport,≤100
651534988375338,POSTV - ანალიტიკა,POSTV LLC,≤100
107212234052832,მედიაკრიტიკა / Mediacritic,მედიაკრიტიკა / Mediacritic,≤100
1577443435885416,მამუკა მდინარაძე / Mamuka Mdinaradze,Georgian Dream,≤100
104544911468291,შალვა პაპუაშვილი • Shalva Papuashvili,Georgian Dream,≤100
103965262533554,არ აგარევინებთ,Davit Davitashvili,≤100
113991509974808,მამუკა ხაზარაძე Mamuka Khazaradze,მამუკა ხაზარაძე Mamuka Khazaradze,≤100
194165114388891,ევროპული საქართველო • European Georgia,ევროპული საქართველო,≤100
106116218389057,გამზირი • Gamziri,Nini Jalabadze,≤100
691251661323712,თავისუფალი ბაზარი,გირჩი • Girchi,≤100
276733003042772,Levan Ioseliani,ალეკო ელისაშვილი - მოქალაქეები,≤100
112698110523947,7- მოქალაქეები/Citizens,ალეკო ელისაშვილი - მოქალაქეები,≤100
277709595710849,სოფლის განვითარების სააგენტო - Rural Development Agency,სოფლის განვითარების სააგენტო / Rda,≤100
109188953920436,Iago Khvichia,Iago Khvichia,≤100
220225047997169,"დევნილთა, შრომის, ჯანმრთელობისა და სოციალური დაცვის სამინისტრო","დევნილთა, შრომის, ჯანმრთელობისა და სოციალური დაცვის სამინისტრო",≤100
285690758154568,გარემოს დაცვისა და სოფლის მეურნეობის სამინისტრო,გარემოს დაცვისა და სოფლის მეურნეობის სამინისტრო,≤100
212371088796021,საქართველოს რეგიონული განვითარებისა და ინფრასტრუქტურის სამინისტრო,საქართველოს რეგიონული განვითარებისა და ინფრასტრუქტურის სამინისტრო,≤100
180568365331697,შერიგებისა და სამოქალაქო თანასწორობის საკითხებში სახელმწიფო მინისტრის აპარატი,SMR Georgia,≤100
103077948347779,Alexander Rakviashvili,გირჩი • Girchi,≤100
104612225255960,გლდანელი,გლდანელი,≤100
101675728268164,დამუხტე,POSTV,≤100
1746063075610569,საფარი/Sapari,Union Sapari,≤100
749989348701035,ეს ქვეყანა შენია • This country is yours,Civil Society Institute,≤100
224200947654386,Heinrich-Böll-Stiftung South Caucasus,Heinrich-Böll-Stiftung South Caucasus,≤100
107490771649032,GeoPress,GeoPress,≤100
133052760057128,Tabula - ტაბულა,Tabula - ტაბულა,≤100
536906143912475,RealPolitika • რეალპოლიტიკა,Gmc • მმართველობის მონიტორინგის ცენტრი,≤100
103269208894167,რეფორმებისა და კვლევის ჯგუფი/ The Reforms and Research Group,The Reforms and research group,≤100
766565596708923,ალექსანდრე ელისაშვილი / Alexander Elisashvili,ალეკო ელისაშვილი - მოქალაქეები,≤100
104958844244267,Ongo,Ongo,≤100
114191964091743,"საქართველოს კულტურის, სპორტისა და ახალგაზრდობის სამინისტრო",სიმონა ცალანი,≤100
158969037628815,თბილისის საკრებულო / Tbilisi City Assembly,თბილისის საკრებულო / Tbilisi City Assembly,≤100
105294965729965,საქართველო უპირველეს ყოვლისა  • Georgia First,Georgia First,≤100
146485005422635,საქართველოს ხელოვნების სასახლე-კულტურის ისტორიის მუზეუმი,საქართველოს ხელოვნების სასახლე-კულტურის ისტორიის მუზეუმი,≤100