﻿Page ID,Page name,Disclaimer,Amount spent (USD)
147084112022235,La Nouvelle Tribune,La Nouvelle Tribune,≤100
1081434028658964,وزارة الانتقال الطاقي والتنمية المستدامة,وزارة الانتقال الطاقي والتنمية المستدامة,≤100
578201022242371,MJCC وزارة الشباب والثقافة والتواصل,"Ministère de la Jeunesse, de la Culture et de la Communication",≤100
123393171111656,Mehdi Bensaid   المهدي بنسعيد,Mohammed Mehdi Bensaid,≤100
107627395144123,الحكومة المغربية,الحكومة المغربية,≤100
1117512094962616,Ministère de l’Industrie et du Commerce,MCINET,≤100
117281538350746,حزب التجمع الوطني للأحرار -Rassemblement National des Indépendants -RNI,Rassemblement National des Indépendants,≤100
113541822337755,PAM RABAT,Abdellah Eid,≤100
270076210418807,جمال بن حويرب,These ads ran without a disclaimer,≤100
110692791474534,Président Maroc,These ads ran without a disclaimer,≤100
156850176567,المجلة,These ads ran without a disclaimer,≤100
101970812076593,Madar 21 مدار,Madar 21 مدار,≤100
391888397994631,Belpresse,BELPRESSE,≤100
1724148267695799,بيت الحكمة 2.0,These ads ran without a disclaimer,≤100
438771642823963,الإيسيسكو,ICESCO,≤100
150915698728343,INFOMarruecos,Youssef Qasmaoui,≤100
157127171322831,العالم الرياضي,These ads ran without a disclaimer,≤100
161637767281862,LE MATIN.ma,Groupe Le Matin,≤100
167254950013774,Rue20.Com,Ayoub Elkouari,≤100
383907395106414,MiracleChamalifrikya,These ads ran without a disclaimer,≤100
101998658413144,Black Streak Anime,These ads ran without a disclaimer,≤100
371953119858910,Abdellah Eid Nizar,Abdellah Eid,≤100
142329112477770,البنك الدولي,These ads ran without a disclaimer,≤100
101860249104495,project__h_,These ads ran without a disclaimer,≤100
101289342699449,Hibapress.com,These ads ran without a disclaimer,≤100
192092260811678,AlCircle Pte Ltd,These ads ran without a disclaimer,≤100
733936229988099,Adriana Bignagni Lesca Mezzo & contralto,These ads ran without a disclaimer,≤100
105235441932898,𝑶𝒓𝒈𝒂𝒏𝒊𝒄 لَّمَةُ,These ads ran without a disclaimer,≤100
100994765608411,INN WORD Revival Now,These ads ran without a disclaimer,≤100