﻿Page ID,Page name,Disclaimer,Amount spent (GBP),Number of ads in Library
725505594135727,Adventure Escape,These ads ran without a disclaimer,≤100,1
200480966638039,Supremacy 1914,These ads ran without a disclaimer,≤100,1
285530825204,Klitschko,These ads ran without a disclaimer,≤100,1
823788047675556,Call of War,These ads ran without a disclaimer,≤100,2
351671375760473,The GCCA,These ads ran without a disclaimer,≤100,1
17043549797,MIT Technology Review,These ads ran without a disclaimer,≤100,1
19746387261,Humane Society International,These ads ran without a disclaimer,≤100,1
100654109495322,Neta Auto,These ads ran without a disclaimer,≤100,1
188872144758,CCTV,These ads ran without a disclaimer,≤100,1