﻿Page ID,Page name,Disclaimer,Amount spent (USD)
1534502189991202,النائب طه المجمعي,Yaseen. T. Yaseen,≤100
101964988731653,محسن المندلاوي,محسن المندلاوي,≤100
101643555790443,همام علي مهدي  التميمي,حسن علي بكي,≤100
381026846058940,هيبت الحلبوسي,هيبت الحلبوسي,≤100
122111094117255,Hawre Mala Sttar,فاضل جابر عبيس,≤100
108851887527361,خالد وليد,حيدر محمد هادي,≤100
945981242085442,المهندس محمد شياع السوداني,البرلماني,≤100
108160411542178,تقي الوائلي - Taqi Alwaily,تقي الوائلي - Taqi Alwaily,≤100
104738227873528,هيا بغداد - Haya Baghdad,هيا بغداد - Haya Baghdad,≤100
957463584360619,BMC TV,BMC TV,≤100
101102885457535,جهينة - Juhaina,جهينة - Juhaina,≤100
107308984269686,كلام العاصمة,كلام العاصمة,≤100
176907776367332,شنو الأخبار؟,شنو الأخبار؟,≤100
100189255136315,المكتب الاعلامي للاستاذ هيبت الحلبوسي,المكتب الاعلامي للاستاذ هيبت الحلبوسي,≤100
101135808120964,بس خل أفهمك,بس خل أفهمك,≤100
102796834888985,محمد هيبت الحلبوسي,محمد هيبت الحلبوسي,≤100
116524261377273,القرار بوست,القرار بوست,≤100
108715257448803,الانبار,ايمن محمد,≤100
388904618235487,المرصاد برس,المرصاد برس,≤100
555756734791552,نيلز السياسة,نيلز السياسة,≤100
626596557359682,حركة الصادقون,علي الربيعي,≤100
1272142976242590,وكالة بغداد اليوم الاخبارية,وكالة بغداد اليوم الاخبارية,≤100
113572453532430,عواجل عراقية,عواجل عراقية,≤100
112159297197008,حكم العوائل,حكم العوائل,≤100
179158259303,U.S. Embassy Baghdad,U.S. Embassy Iraq,≤100
106053335295019,AYM - ايم,AYM,≤100
110735054899289,Lapere,lapere,≤100
467222586811080,شێخەی مەمەند ئاغای ھەمەوەند,شێخەی مەمەند ئاغای ھەمەوەند,≤100
102972181270368,رئيس مسلفن,رئيس مسلفن,≤100
143435839066780,د.خالد شواني,Dashti Salam Saeed,≤100
102581416014304,واحد حكومة,واحد حكومة,≤100
112048801639488,Zoom News,Zoom News,≤100
589611417890412,طركاعتنة جبيرة,These ads ran without a disclaimer,≤100
106505028950246,المواطن هويتنا,جميل خاتي محمد,≤100
437746180142399,المستشار العراقي,المستشار العراقي,≤100
100176145976164,شاكر التميمي ابو تراب,حسنين محمد,≤100
100493126010974,"پـ ""زلمان"" HD",jibol,≤100
118150584539233,حركة النخبة الشبابية,سعد علي دامج العويلي,≤100
2003953506544982,ائتلاف النصر,Ahmed Abdulkareem Shihab Alwandi,≤100
103891331906026,النائب حيدر طارق الشمخي الحسناوي,النائب حيدر طارق الشمخي الحسناوي,≤100
110514884994410,الواجهة +,الواجهة +,≤100
119288358266240,Sebar Media,Sebar Media,≤100
101571125414094,محبي الاستاذ هيبت الحلبوسي,محبي الاستاذ هيبت الحلبوسي,≤100
1159516580738783,مديرية بلدية الكرمة,مديرية بلدية الكرمة,≤100
156490947738645,وزارة الصحة العراقية,وزارة الصحة العراقية,≤100
102682039247529,الیقین,barqnews,≤100
1812321035741592,COC Media,Civilan Organization for Community Media,≤100
105697295699748,واحد رئاسة,واحد رئاسة,≤100
105349854354740,موسوعة الرافدين الإخبارية,موسوعة الرافدين الإخبارية,≤100
754878457919560,النائب عادل خميس المحلاوي,مصطفى ريكان عجيل,≤100
108465442152314,عاهد محمود,عاهد محمود,≤100
100468792899284,يوميات عاطل عن العمل,جميل خاتي محمد,≤100
102208414468987,فالح الخزعلي,فالح الخزعلي,≤100
110534435683482,Kurdistan Democratic Party,KDPinfo,≤100
113759338293518,واحد انبار - One Anbar,واحد انبار - One Anbar,≤100
633721240064832,الاقتصاد نيوز  Economy News,economy news,≤100
157533901579726,راكان سعيد الجبوري,أبرأهيم سعيد,≤100
100345048168515,Shoof Network :: شبكة شوف,These ads ran without a disclaimer,≤100
108018192094247,PalaPress,PalaPress,≤100
754898164888670,الحملة الوطنية لتعديل المادة ٥٧ احكام الحضانة,الحملة الوطنية لتعديل المادة ٥٧ احكام الحضانة,≤100
108187772169431,Sarbast Lazgeen,Sarbast Lazgeen Abdulrahman,≤100
103553848327129,الهيئة الوطنية العليا للمساءلة والعدالة,Harith Abed Ahmed,≤100
112144221712991,العاطلين عن العمل اولويتنا,جميل خاتي محمد,≤100
108208211346225,ڕێچکە - Rechka,ڕێچکە - Rechka,≤100
114491311536369,Mil-ميل,Mil-ميل,≤100
102213691670920,إقتصاديون,عدي صادق العلوي,≤100
112675444991226,وزير الفقراء,جميل خاتي محمد,≤100
102183228446985,البيت العراقي,Haider Alzubaidi,≤100
105386931741233,احمد سالم عزيز,زيد محمد شيحان,≤100
563523023665939,KurdistanPress,kurdistanpress.net,≤100
418944648163190,باقر جبر الزبيدي,حيدر العامري,≤100
536916006441728,النائبة ناهدة الدايني,Ahmed Saleh Hameed,≤100
100345701550079,بەڕێوەبەرایەتی گشتی ئاسایش/هەولێر - المديرية العامة للأسايش/أربيل,بەڕێوەبەرایەتی گشتی ئاسایش/هەولێر - المديرية العامة للأسايش/أربيل,≤100
336685566476873,كتلة دولة القانون,Muntadher Al-Jaberi,≤100
267078350122003,الدكتور ماجد شنكالي,الياس الحسين,≤100
136517036537211,مەڵبەندی سلێمانی یەكگرتوو,kurdiu,≤100
407001929890342,الاعلامي بهاء المستشار,الاعلامي بهاء المستشار,≤100
492511684171110,الغد برس,الغد,≤100
102686885395256,مشاريع محافظة المثنى,Salim Challab Hwaidi,≤100
110452055224657,احنه بخدمتكم,احنه بخدمتكم,≤100
100948124964887,Fahmi Burhan  فەهمی بورهان,Fahmi Burhan Omer,≤100
544132379058771,مؤسسة المدى,مؤسسة المدى,≤100
566746627154981,فاضل جابر,فاضل جابر,≤100
1710947889173929,محمد جميل المياحي,محمد جميل المياحي,≤100
163307874230841,عبد الحسين عبطان,عبد الحسين عبطان,≤100
1066183836729650,محمد توفيق علاوي,Mohammed Allawi,≤100
203265660007239,الزعيم,الزعيم,≤100
110312681100466,منظمة حلم,منظمة حلم,≤100
1545891025627288,الصحفية وفاء ألشمري,الصحفية وفاء ألشمري,≤100
1298625980153968,Tech 4 Peace التقنية من اجل السلام,Tech For Peace,≤100
335161733930749,محافظة المثنى,Salim Challab Hwaidi,≤100
102587556016739,خريج عراقي,جميل خاتي محمد,≤100
110532431643964,مەڵبەندی۳ی هەولێر,Mohammed Majeed,≤100
102948571453586,الانبار خيمتنا,jibalco,≤100
104701494220358,الاتحاد العراقي لكرة اليد,الاتحاد العراقي لكرة اليد,≤100
101638199426926,ثابت محمد العباسي,علي صفاء,≤100
132126192341800,أنا البرلمان,أنا البرلمان,≤100
437591407047522,Rewaq Baghdad Center For Public Policy- مركز رواق بغداد للسياسات العامة,Rewaq Baghdad Center For Public Policy,≤100
561261540576176,Al Kitab University . الصفحة الرسمية لجامعة الكتاب,Al Kitab University,≤100
103897361202668,فخر الغربية,TQ Media,≤100
1538909269711923,حزبى شيوعى كوردستان مەڵبەندی کەرکوک,حزبى شيوعى كوردستان مەڵبەندی کەرکوک,≤100
112206986837937,داركا مازى - كوردى,Darka Mazi,≤100
433892446759294,أمانة بغداد,These ads ran without a disclaimer,≤100
267078350122003,الدكتور ماجد شنكالي,الدكتور ماجد شنكالي,≤100
100242432740414,منصة الرأي العام - Rpnews,الرأي العام,≤100
100640668153417,باسم خضير كاظم الغرابي,باسم خضير كاظم الغرابي,≤100
105660452171210,مؤسسة خطى لرعاية رواد الصحافة والفن,مؤسسة خطى لرعاية رواد الصحافة والفن,≤100
585701001507346,Adad Yousif,These ads ran without a disclaimer,≤100
109246614711807,اوتار نيوز,شبكة أوتار,≤100
106731608777296,DGK RADIO,DGK,≤100
163431977114538,Teleflex,These ads ran without a disclaimer,≤100
103560309271906,کتلة الحزب الديمقراطي الكوردستاني في مجلس النواب العراقي,کتلة الحزب الديمقراطي الكوردستاني في مجلس النواب العراقي,≤100
184269068388700,قناة سامراء الفضائية Samarra Tv,فيصل زيد السامرائي,≤100
104996658111073,المطلع,المطلع,≤100
1145999105540426,عوسمان كاروانى,Akam Ibrahim Rahim Rahim,≤100
107810431767723,وكالة صدئ الأعلام Sada News Agency,وكالة صدئ الأعلام Sada News Agency,≤100
276686282715100,وزارة العدل العراقية,Wahab Mohammed,≤100
476291155820178,مەکتەبی ڕێکخستنی  پارێزگاى هەولێر  pdk,مەکتەبی ڕێکخستنی  پارێزگاى هەولێر  pdk,≤100
102293958597480,حركة إنجاز,حيدر العامري,≤100
138909281660772,وكالة الارصاد ألاخبارية News,وكالة الارصاد ألاخبارية News,≤100
147161912626120,شـيروان الدوبـرداني,شـيروان الدوبـرداني,≤100
192879477427518,دار زهران للنشر والتوزيع,These ads ran without a disclaimer,≤100
182858898492652,ساداتی پیرخدری شاهۆ,Saman Alaalddin,≤100
1434120716833949,Karim Shkur-ملاکریم,Karim Shkur-ملاکریم,≤100
156850176567,المجلة,These ads ran without a disclaimer,≤100
104881440913933,یەکێتی لاوانی دیموکراتی کوردستان Kurdistan Democratic Youth Union,یەکێتی لاوانی دیموکراتی کوردستان Kurdistan Democratic Youth Union,≤100
355786234434317,Pshtiwan Sadq,Shwan Azeez Ismail,≤100
2200025410238656,مركز نداء الرافدين للبحوث والدراسات الإستراتيجية,مركز نداء الرافدين للبحوث والدراسات الإستراتيجية,≤100
110666778648167,دولة تقدم,jiballco,≤100
112867948334144,فرات العفلوكي,These ads ran without a disclaimer,≤100
113153977690492,Dr.Narmin Maruf د.نەرمین معروف,Ariwan M Ghafoor,≤100
299310027363262,صفحة تحشيش عراقي,صفحة تحشيش عراقي,≤100
104423394462767,Kobas کۆباس,Kobas.krd,≤100
110035949016294,Masrour Barzani,ASO,≤100
2281492925233815,محافظة بغداد Baghdad Govermente,Adil Ahmed Adday,≤100
1724847890883088,Sheikh Saud bin Saqr Al Qasimi Foundation for Policy Research,These ads ran without a disclaimer,≤100
131189377574,MDPI,These ads ran without a disclaimer,≤100
668701066598159,مجلس حكماء المسلمين,These ads ran without a disclaimer,≤100