﻿Page ID,Page name,Disclaimer,Amount spent (TWD)
238507146264909,國際特赦組織 台灣分會 Amnesty International Taiwan,國際特赦組織 台灣分會 Amnesty International Taiwan,5923
105556085524776,Twpca-台灣野良犬照護協會,Twpca-台灣野良犬照護協會,5201
825525160840319,165全民防騙,165全民防騙,4231
693907914395620,良杯製所 Oolab,良杯製所 Oolab,2579
820612794778213,渣打銀行 Taiwan,渣打國際商業銀行,1976
148475335184300,Greenpeace 綠色和平 (台灣網站),Greenpeace 綠色和平 (台灣網站),1833
286487218798,遠見雜誌,遠見雜誌,1741
101176099656874,Goodshopjzkjhn-1,These ads ran without a disclaimer,1651
106801464127093,目目非營利 MUVE NPO,目目非營利,1470
152472278103133,賴清德,賴清德,1220
1212271885604995,社團法人愛的延續公益協會,社團法人愛的延續公益協會,1157
177161918975981,基督教芥菜種會,基督教芥菜種會,1148
104187601806445,曹興誠,These ads ran without a disclaimer,1090
690872861052082,呱吉,呱吉,1013
142816435924517,DBS 星展銀行,DBS 星展銀行,1004
2142074882525226,張智倫,張智倫,713
465616346853075,RE-THINK 重新思考,RE-THINK 重新思考,710
1393475594227305,蠢羊與奇怪生物,蠢羊與奇怪生物,659
211730475524462,大陸委員會,大陸委員會,654
259512084446867,洪孟楷,洪孟楷,523
113021403762187,法律協會-債務協商 更生 清算 -全台服務,法律協會-債務協商 更生 清算 -全台服務,473
231202420952272,廖先翔,廖先翔,436
390569611008641,願景工程 Vision Project,願景工程基金會,432
421012774602043,KEEP WALKING 夢想資助計畫,These ads ran without a disclaimer,422
347432368933987,LINE TODAY Taiwan,LINE TODAY Taiwan,373
195890640463420,台灣永續能源研究基金會 Taiwan Institute for Sustainable Energy (TAISE),台灣永續能源研究基金會 Taiwan Institute for Sustainable Energy (TAISE),362
107967864993250,SOGA STOP！,財團法人隆中向上教育基金會,327
112626208534837,Eiiesa,These ads ran without a disclaimer,318
405240086317285,教育部,These ads ran without a disclaimer,313
1649523455281990,遠山呼喚,遠山呼喚國際貧童教育組織,295
1847777185521418,放言 Fount Media,放言科技傳媒股份有限公司,293
1283248558476115,長榮當舖-汽機車借款,These ads ran without a disclaimer,269
104624290080479,張育美,張育美,266
100714476220256,永續金融先行者聯盟,永續金融先行者聯盟,263
616773638384004,米菲多媒體,米菲多媒體,257
108993005534056,台灣的選擇,台灣的選擇,257
171759036215066,創世紀不動產教育訓練中心,創世紀不動產教育訓練中心,248
219315794887869,聯合報,聯合報股份有限公司,248
101355918337667,地天泰國際顧問有限公司,地天泰國際顧問有限公司,237
262531920494874,財團法人金融消費評議中心,財團法人金融消費評議中心,236
246517878713911,劉家昌,劉家昌工作室,231
221323424616286,吳祥輝 Brian Wu,吳祥輝 Brian Wu,224
1629474157289221,小牛頓,小牛頓科學教育有限公司,218
1537741526464370,桃園市議長邱奕勝,桃園市議長邱奕勝,210
188358792124,聯經出版,聯經出版,203
1881528412079493,財經璇依,These ads ran without a disclaimer,187
1448047902111768,顏寬恒,顏寬恒,178
945888608794185,聯博 - 81樓的基金筆記,聯博 - 81樓的基金筆記,164
107478432346054,郭台銘+1,郭台銘+1,163
129452013855801,RITE,RITE,159
401843085061,台電電力粉絲團,台電,149
997683843637673,蔡培慧 慧做事真實在,蔡培慧 慧做事真實在,126
112377741905858,新莊健言社  口才表達 溝通技巧 訓練勇氣 魅力自信 給你舞台,These ads ran without a disclaimer,122
158025223269,今周刊,今周刊,115
1141967395837028,四意教育學院,These ads ran without a disclaimer,112
739049559498402,元氣網,udn.com,108
1587628301470657,林沛祥,林沛祥,≤100
104467762560780,電動陪玩師,These ads ran without a disclaimer,≤100
791870507594526,利樂創新界,利樂創新界,≤100
1206024742797005,UBI Taiwan 台灣無條件基本收入協會,台灣無條件基本收入協會,≤100
170671044596,天主教善牧基金會,天主教善牧基金會,≤100
180516279238465,桃園市立美術館 Taoyuan Museum of Fine Arts,桃園市立美術館 Taoyuan Museum of Fine Arts,≤100
367586062104,婦女新知基金會,財團法人婦女新知基金會,≤100
317996258579415,黃家齊,黃家齊,≤100
1549881451947136,林筱淇,林筱淇,≤100
126535244622269,台北市議員 李柏毅,台北市議員 李柏毅,≤100
184899118190398,女人迷 womany,These ads ran without a disclaimer,≤100
217517810298674,地方政治觀察家,皮爾森數據,≤100
191690867518507,江啟臣,江啟臣,≤100
1603472716564539,五倍創意 vxdesign,五倍創意股份有限公司,≤100
106442058700940,J•Tree 樹木私宅料理,These ads ran without a disclaimer,≤100
1874386822838624,台灣世代智庫 Taiwan NextGen Foundation,台灣世代智庫,≤100
103640919705348,綠色公民行動聯盟Green Citizens' Action Alliance,綠色公民行動聯盟Green Citizens' Action Alliance,≤100
449156429152075,麻吉理財顧問公司,麻吉理財顧問公司,≤100
105480595733926,理鴻法律事務所 K&L Attorneys at Law,理鴻法律事務所,≤100
436202956432960,Technews 科技新報,Technews 科技新報,≤100
125534862174582,法律萬狀通-書狀生成,法律萬狀通-書狀生成,≤100
1855418728011324,鏡週刊,鏡週刊,≤100
108484559225077,何博文 Ho Po-wen,何博文 Ho Po-wen,≤100
103469901828540,挖貝 WaBay,挖貝 WaBay,≤100
281219301931458,蔡其昌,蔡其昌,≤100
1600694340206781,桃園市非營利組織發展中心,桃園市非營利組織發展中心,≤100
102273545661080,Cawwuysh-HK,These ads ran without a disclaimer,≤100
110987898575137,Ilikebuy,These ads ran without a disclaimer,≤100
213646928757562,梁為超,梁為超,≤100
105692292105892,黃士修,黃士修,≤100
114050885052394,股海老牛,These ads ran without a disclaimer,≤100
1503745219913314,"孫大千Sun, Ta-Chien","孫大千Sun, Ta-Chien",≤100
171271809554883,ViewFinder,ViewFinder,≤100
193827247339114,ITF 台北國際旅展,These ads ran without a disclaimer,≤100
100506478473780,公視主題之夜 SHOW,公視主題之夜SHOW,≤100
107982601574746,書評書目Taiwan Review of Books,書評書目Taiwan Review of Books,≤100
164769440270830,趙正宇,趙正宇,≤100
107544104719529,FinGuider 美股資訊網,FinGuider 美股資訊網,≤100
1621835121361449,陳超明-阿明哥粉絲團,陳超明-阿明哥粉絲團,≤100
180698980027,彭婉如文教基金會,These ads ran without a disclaimer,≤100
108261024560698,與點堂,These ads ran without a disclaimer,≤100
114159468223784,張建焜-齊心出發 照亮青商,張建焜-齊心出發 照亮青商,≤100
556809414798107,綠獎 Eco Echo Award,綠獎 Eco Echo Award,≤100
534069096686018,簡煥宗 高雄市議員,簡煥宗 高雄市議員,≤100
103919981024103,陳以信,陳以信,≤100
128818803902,兩岸犇報,兩岸犇報,≤100
103032645529885,菱傳媒,菱傳媒,≤100
105742975534267,吳明宜,吳明宜,≤100
113115841660729,廖偉翔,廖偉翔,≤100
104118131540086,湯德章紀念協會,湯德章紀念協會,≤100
100900089572253,賤民賤解,賤民賤解,≤100
436843193180529,Unipapa,Unipapa,≤100
218735308146236,衛城出版,衛城出版,≤100
1501887220103594,台灣女人連線．台灣女人健康網,台灣女人連線,≤100
100216765069813,唐平榮 執行長的人生甘味廚房,唐平榮 執行長的人生甘味廚房,≤100
100423742875331,JHY 律師工作室,These ads ran without a disclaimer,≤100
101379699115840,異軍Game Show,These ads ran without a disclaimer,≤100
1645501069043806,科科性別,國立高雄師範大學,≤100
121504021252255,台灣金融研訓院,台灣金融研訓院,≤100
101896272489490,調查員皮爾森,皮爾森數據Pearson Data,≤100
451187678285753,艾爾斯澳洲留學、遊學、打工度假,These ads ran without a disclaimer,≤100
105139112379501,張銘祐 新團,張銘祐 新團,≤100
673035569401167,育田基金會 Mercyland,財團法人育田社會福利慈善基金會,≤100
239512030682497,第一手星聞,民視新聞,≤100
1992951864115792,周柏吟,周柏吟,≤100
1539555259465968,陳賢蔚,陳賢蔚,≤100
123020650793589,Jex Huang,These ads ran without a disclaimer,≤100
120869137965597,SEMI 國際半導體產業協會,SEMI 國際半導體產業協會,≤100
100919304770294,開根好 SquareGood,開根好 SquareGood,≤100
100567776430298,何皓元 律師-前檢察官,何皓元,≤100
109957758121761,PinMed-24/7預約你的看診醫師,PinMed-24/7預約你的看診醫師,≤100
106118168971467,債務人權益協會 扣薪 協商 更生 清算,債務人權益協會 扣薪 協商 更生 清算,≤100
148513668543221,地球公民基金會,地球公民基金會,≤100
198019486347,經理人月刊MANAGERtoday,These ads ran without a disclaimer,≤100
1666902633528033,桃園市政府青年事務局,桃園市政府青年事務局,≤100
679518422104905,民視全球新聞,民視新聞,≤100
103138551726313,綠島人權藝術季,These ads ran without a disclaimer,≤100
235679595900,民視新聞,民視新聞,≤100
810120492410745,全國教育產業總工會,全國教育產業總工會,≤100
100423742875331,JHY 律師工作室,JHY 律師工作室,≤100
103792728498756,台灣民眾黨苗栗縣黨部,台灣民眾黨苗栗縣黨部,≤100
115255733188288,李伯利-台南市議員候選人,李伯利-台南市議員候選人,≤100
108696572024879,民視佮你講（Bîn-sī kah lí kóng）,民視新聞,≤100
100195379426027,愛德華先進科技 Edwards Technologies Limited,愛德華先進科技 Edwards Technologies Limited,≤100
376687563131189,謝衣鳯,謝衣鳯,≤100
106629882347889,朱韻婷律師：下班後，來聊法律韻事～,These ads ran without a disclaimer,≤100
100730362042852,宜蘭市公所,These ads ran without a disclaimer,≤100
108625789179165,Soi Dog Foundation,These ads ran without a disclaimer,≤100
112921435038568,onu.arch,These ads ran without a disclaimer,≤100
111188005041104,The world of read,These ads ran without a disclaimer,≤100