﻿Page ID,Page name,Disclaimer,Amount spent (JPY)
1904070096535109,スマート選挙,株式会社センキョ,1130
475681929154100,国連UNHCR協会,国連UNHCR協会,199
1899665293632534,チームラボ採用 / teamLab Recruit,These ads ran without a disclaimer,107
382249355166494,講談社BOOK倶楽部,株式会社講談社,103
110705265270583,月刊歴史塾,These ads ran without a disclaimer,102
239558679475625,株式会社トマス技術研究所,Kenji Fukutomi,≤100
208661552479830,日本財団,Shigeru Fujita,≤100
243143172757375,情報ドットコム（K.Oshima）,大島 和彦,≤100
1615481598672156,Blueair Japan Official,These ads ran without a disclaimer,≤100
104533215755145,ZOE_Japan,ZOE Japan,≤100
289931618238873,法輪功は素晴らしいですが、なぜ迫害されたのか,Luu Nga,≤100
1607696895913679,日経プラス９サタデー　ニュースの疑問,Takamasa Kikawa,≤100
111759777259677,ローカル・マニフェスト推進連盟,健輔 山内,≤100
1672330153015605,透明アクリル業者票,アドアチーブ株式会社,≤100
112157197304605,ドローンツーリズム,These ads ran without a disclaimer,≤100
6321018343,The Japan Times,These ads ran without a disclaimer,≤100
676655469036670,松下政経塾,松下政経塾,≤100
236792844915124,Symview-シムビュー,These ads ran without a disclaimer,≤100
208371683037269,NBCU Catalyst,These ads ran without a disclaimer,≤100
113297088432165,株式の会社,These ads ran without a disclaimer,≤100