﻿Page ID,Page name,Disclaimer,Amount spent (EUR)
178362315106,European Parliament,European Parliament,163
40433567307,UNICEF Italia,UNICEF Italia,150
46590675335,Save the Children Italia,Save the Children Italia,139
73493613024,ActionAid Italia,ActionAid Italia,≤100
108829505461841,Riccardo Schininà Sindaco,Riccardo Schininà Sindaco,≤100
104667969258692,Quintino Rocca Sindaco,Quintino Rocca Sindaco,≤100
570007629863789,IlSicilia.it,IlSicilia.it,≤100
284515247529,Corriere della Sera,Corriere della Sera,≤100
105558659183305,Renata Giunta Sindaca,Renata Giunta Sindaca,≤100
53347533412,LAV,LAV Onlus,≤100
39993728498,Amnesty International - Italia,Amnesty International Italia,≤100
112349000332251,Davide Marraffino - Consigliere,Davide Marraffino - Consigliere,≤100
101809911384599,Flowe,Flowe,≤100
35346524498,Greenpeace Italia,Greenpeace Italia,≤100
1840254292684395,Sebastiano Sgroi - San Gregorio,Sebastiano Sgroi - San Gregorio,≤100
105703889174360,Ferdinando Messina,Marta Messina,≤100
101299305993199,Paolo Starvaggi - Sant'Agata va in porto,Paolo Starvaggi - Sant'Agata va in porto,≤100
65737832194,Medici Senza Frontiere,Medici Senza Frontiere,≤100
48677844864,Amref Health Africa - Italia,Amref Health Africa - Italia,≤100
50396156556,Francesco Fichera Sindaco,Francesco Fichera Sindaco,≤100
693492780985618,HSI/Italia,HSI/Italia,≤100
219476978806244,Peppe Cassì,Peppe Cassì,≤100
110618421978995,Maurizio Miceli Sindaco,Maurizio Miceli Sindaco,≤100
163857096962330,SodaStream Italia,SodaStream Italia,≤100
107356064962347,Hai Prenotato Vero?,casiraghi greco srl,≤100
183047736356,EMERGENCY,EMERGENCY,≤100
60727835776,LIPU,LIPU,≤100
103017831318330,Sergio Firrincieli Sindaco per Ragusa,Sergio Firrincieli,≤100
103560492708813,Rossana Caruso,Rossana Caruso,≤100
114657781604393,Armando Fava - Candidato al Consiglio comunale di Ragusa,Armando Fava,≤100
299584710061488,WeWorld Onlus,WeWorld Onlus,≤100
88997912868,WWF Italia,WWF Italia,≤100
150301155010350,Intersos,Intersos,≤100
195415460223,Marcello Ranno in comune,Marcello Ranno in comune,≤100
309618843020,Fondazione Ronald McDonald,Fondazione per l'Infanzia Ronald McDonald Italia,≤100
661243440591428,Raffaella Paita,Raffaella Paita,≤100
188623431682250,Ivan Scimonelli,Ivan Scimonelli,≤100
150144325048677,Il Sole 24 ORE - Enti locali e Edilizia,Il Sole 24 ORE - Enti locali e Edilizia,≤100
229852740434983,Nino Garozzo Sindaco,Nino Garozzo,≤100
887405791294493,Scuola Greco Pittella,Scuola Greco Pittella S.r.l.,≤100
117656641216815,Giacomo Tranchida - Sindaco di Trapani,Giacomo Tranchida - Sindaco di Trapani,≤100
113180296797058,Davide Musumeci - Candidato al Consiglio Comunale di Catania,Davide Musumeci - Candidato al Consiglio Comunale di Catania,≤100
955226457998129,ZTL,ZTL,≤100
192141407570169,Rizzoli,Rizzoli,≤100
202326409808772,Tonno Mareblu,Mareblu,≤100
844001342283748,Paolo Cavallaro candidato consiglio comunale Siracusa,Paolo Cavallaro candidato consiglio comunale Siracusa,≤100
1500883786707762,Francesco Brillante sindaco di Trapani,Francesco Brillante sindaco di Trapani,≤100
634243093317092,Amoro srl,Amoro Srl,≤100
378568295634789,Il Sole 24 ORE - Fisco,Il Sole 24 ORE - Fisco,≤100
295129913955200,Aboca,Aboca,≤100
1744930932393043,Carlo Auteri,Carlo Auteri,≤100
187561254997,Il Sole 24 ORE - Lavoro,Il Sole 24 ORE - Lavoro,≤100
103968169809912,Credem Banca,Finanziato da Credem Banca,≤100
647837585241405,I Wonder Pictures,I Wonder Pictures,≤100
179082995487557,SOS Villaggi dei Bambini - Italia,SOS Villaggi dei Bambini - Italia,≤100
253657775240887,Pulsee,Axpo Italia,≤100
109491080460389,Bambine Non Spose,WeWorld Onlus,≤100
1871438029559484,Riccardo Gennuso,Riccardo Gennuso,≤100
111832208899724,Il Sole 24 ORE - Diritto24,Il Sole 24 ORE - Diritto24,≤100
48677844864,Amref Health Africa - Italia,Amref Health Africa,≤100
101454735380764,LaEsse News,LaEsseNews,≤100
103751447990333,Giovanni Amato Movimento 5 Stelle,Giovanni Amato Movimento 5 Stelle,≤100
143185232391413,Il Sole 24 ORE - Immobili e Condominio,Il Sole 24 ORE - Immobili e Condominio,≤100
126578555602,Skuola.net,Skuola.net,≤100
111037718571749,Angelo Balsamo Candidato Sindaco,Angelo Balsamo Candidato Sindaco,≤100
104695605893962,Identità Priolese,Identità Priolese,≤100
151549811565741,Studio Legale Avv. Giuseppe Lipera del Foro di Catania,Studio Legale Avv. Giuseppe Lipera del Foro di Catania,≤100
110372232331805,Mission Bambini,Mission Bambini,≤100
469857859741998,Giancarlo Garozzo,Giancarlo Garozzo,≤100
116674114654565,Chiudi col gas,Chiudi col gas,≤100
113425918365945,Giovanni Cultrera - Sindaco,Giovanni Cultrera,≤100
101067571696261,Salvo Sallemi,Salvatore Sallemi Sindaco,≤100
234250624070408,ONBSI,ONBSI,≤100
131887960826264,Carlo Calenda,Azione,≤100
312933172093226,Associazione Luca Coscioni,Associazione Luca Coscioni,≤100
210270519580762,Francesco Italia Sindaco,Francesco Italia Sindaco,≤100
985957214895517,Insieme per Giovanni Cultrera Sindaco,Insieme per Giovanni Cultrera Sindaco,≤100
101873482909543,Rito Compilato Sindaco - Alternativa Sangiovannese,Alternativa Sangiovannese,≤100
477395788983744,Pro Castellammare,Pro Castellammare,≤100
114621274904635,Consulente Politico,Consulente Politico,≤100
131624926503865,Giuseppe Capizzi Sindaco,Lista Civica Nuova Era,≤100
437240109669063,Autonomi e Partite Iva - Eugenio Filograna,Autonomi e Partite Iva - Eugenio Filograna,≤100
657593647588625,Giuseppe Lanzara,Giuseppe Lanzara,≤100
1843691212524792,ASviS - Alleanza Italiana per lo Sviluppo Sostenibile,ASviS - Alleanza Italiana per lo Sviluppo Sostenibile,≤100
598765886892277,Forever Bambù Società Benefit,Forever Bambù,≤100
723870194640758,Belpasso in Comune,Belpasso in Comune,≤100
108785032174220,Mario Presti,Mario Presti,≤100
201484606557114,Fotovoltaico per Te,Fotovoltaico per Te,≤100
102000366519353,EIPASS,Certipass srl,≤100
91261353336,Terre des Hommes Italia,Terre des Hommes Italia,≤100
110620717280562,Movimento Civico 4,Movimento Civico 4,≤100
422703967772535,Lega - Salvini Premier,Lega - Salvini Premier,≤100
266944644076141,Gioventù Nazionale - Provincia di Ragusa,Gioventù Nazionale - Provincia di Ragusa,≤100
112231411542422,Davide Vasta • Deputato all’Assemblea Regionale Siciliana,Davide Vasta,≤100
865166100210938,Bosch Italia,Bosch Italia,≤100
38812693516,Il Sole 24 ORE,These ads ran without a disclaimer,≤100
105614762480279,Laura Castelletti sindaco,Laura Castelletti,≤100
106753052398690,Josè Maria Kenny - Candidato Sindaco di Terni,Fausto Sciamanna,≤100
110540975305963,Giovanni Caruso Sindaco di Acate,Giovanni Caruso Sindaco di Acate,≤100
1675937735981041,Zurich,Zurich,≤100
104433631844846,Rosario Scandurra - Candidato Sindaco Valverde,Rosario Scandurra - Candidato Sindaco Valverde,≤100
203948240315984,Maria Monisteri,Comitato Elettorale Maria Monisteri,≤100
113071918732530,Animal Equality Italia,Animal Equality Italia,≤100
1692232124412053,Protezione Sociale Italiana,Protezione Sociale Italiana,≤100
639135403145267,Davide Rossitto,Davide Rossitto,≤100
96235894379,Teknoring,Wolters Kluwer Italia S.r.l.,≤100
230738230802831,Federazione Nazionale dei Cavalieri del Lavoro,Federazione Nazionale dei Cavalieri del Lavoro,≤100
100892254947063,Bulfamante Pietro - Consigliere Comunale,Bulfamante Pietro - Consigliere Comunale,≤100
1410504362543805,Paolo Pennisi,Paolo Pennisi,≤100
1628937483870883,Francesca Trapani Portavoce al Consiglio Comunale di Trapani,Francesca Trapani Portavoce al Consiglio Comunale di Trapani,≤100
117738371264644,La Scelta per Valderice Di Gregorio Sindaco,La Scelta Per Valderice Di Gregorio Sindaco,≤100
109257562058009,Gianfranco Fidone Sindaco,Gianfranco Fidone Sindaco,≤100
139503039461017,IBL Banca,IBL Banca Spa,≤100
1409558655961157,Cosmetica Italia,Cosmetica Italia,≤100
100157109704203,Alfonso Panzetta Sindaco,Alfonso Panzetta Sindaco,≤100
101158695138594,SOS Climate Change,UNHCR,≤100
105517781627039,RM scuola - Università,RM Scuola Campus,≤100
150738452145624,BASF Italia,Basf Italia S.p.a.,≤100
102259352870827,Vincenzo Pace Sindaco,Legalità e speranza Vincenzo Pace Sindaco,≤100
150200761667597,Oxfam Italia,Oxfam Italia,≤100
320002541432025,Tradimalt Spa,Tradimalt Spa,≤100
106584169062521,Aldo Grammatico - Tutta un'altra storia per Paceco,Aldo Grammatico - Tutta un'altra storia per Paceco,≤100
117098931321158,IDEAlist,IDEAlist,≤100
1707926739346315,Fabbri Editori,Fabbri Editori,≤100
313559438694166,VIDAS - Assistenza ai Malati inguaribili,VIDAS - Assistenza ai Malati inguaribili,≤100
103841434358729,Simone Modica - Responsabile Clienti Alleanza Canicattì,Alleanza Assicurazioni,≤100
1355429651258306,Rioda,Rioda,≤100
1657214567845698,BPER Banca,BPER Banca,≤100
229160123828240,Lega Vicenza,Lega Vicenza,≤100
421539548423434,SOS Rifugiati,UNHCR Italia - Agenzia ONU per i Rifugiati,≤100
153904631400191,Comune di Milano,Comune di Milano,≤100
101764407875365,NeN,NeN Energia,≤100
153574674705426,AVSI,AVSI,≤100
269804456695686,MSDsalute,The Brand Shop Srl,≤100
103211424754369,Domani,Domani,≤100
1940889742621855,"Fratelli d'Italia circolo territoriale Siracusa ""Aretusa""","Fratelli d'Italia circolo territoriale Siracusa ""Aretusa""",≤100
123782404856741,Giuffrè Francis Lefebvre,Giuffrè Francis Lefebvre,≤100
115547091466418,Ivana Castello sindaca,Ivana Castello sindaca,≤100
580828552286623,Salvo Privitera Consigliere Comunale,Salvo Privitera Consigliere Comunale,≤100
247955922444460,Simone Digrandi,Simone Digrandi,≤100
1093222784082778,World Vision Italia,World Vision Italia Onlus,≤100
218932788177609,Soleterre Onlus,Soleterre Onlus,≤100
115175466525956,Benedetto Corica - Responsabile Clienti Alleanza Milazzo,Alleanza Assicurazioni,≤100
110220315386380,Gregorio Raciti,GREGORIO RACITI SUD CHIAMA NORD,≤100
557773551234843,Schroders Italy,Schroder Investment Management (Europe) S.A. - Succursale Italiana,≤100
110598062026952,Santy Rannone,Evolve Agency,≤100
331092066942114,Fondazione Italia Uganda,Fondazione Italia Uganda Onlus,≤100
123495291012482,Salone Internazionale del Libro,Salone del Libro,≤100
102075069519023,MetaCometa,MetaCometa APS,≤100
124450774313284,Etica Sgr,Etica Sgr,≤100
103328976089700,Salvatore Litrico,Vincenzo Barbagallo,≤100
542186902560698,Unione Buddhista Italiana,Unione Buddhista Italiana,≤100
410043459011308,Fondazione IEO Monzino,Fondazione IEO-MONZINO,≤100
1773694896182795,VD,VD,≤100
153226661931217,I Cittadini per Angelo Niceta,I Cittadini per Angelo Niceta,≤100
102808527862361,Uniti per la Siria,WeWorld Onlus,≤100
70212282110,Altroconsumo,Altroconsumo,≤100
279234965434875,Energit,Energ.it Spa,≤100
45408828511,OIPA Italia,OIPA,≤100
109455948776363,Tonino Margagliotti SiAmo Priolo,Tonino Margagliotti SiAmo Priolo,≤100
993120200721882,Casa Don Puglisi - La Bottega,Associazione di Volontariato Don Giuseppe Puglisi Onlus,≤100
100896914607046,dejan_cetnikovic,Karaoke Reporter,≤100
1410474395723679,Petizioni.it,Petizioni.it,≤100
385927811585865,Aiuto alla Chiesa che Soffre,Aiuto alla Chiesa che Soffre,≤100
222461425147,Nuovi Orizzonti,Nuovi Orizzonti,≤100
124061623960970,Giovanna Strano impegno per Siracusa,Giovanna Strano,≤100
101732063293364,Istituto Toniolo,Istituto Toniolo,≤100
2099404460291740,Antonio Sabino - Sindaco per Quarto,Antonio Sabino - Sindaco per Quarto,≤100
2613707698646326,Pop Edizioni,POP EDIZIONI SRL SRL,≤100
329090671152537,Davide Armenio - Responsabile Agenzia Alleanza Sciacca,Alleanza Assicurazioni,≤100
372302032886257,Santa Rita da Cascia agostiniana,These ads ran without a disclaimer,≤100
583229838437691,Conflavoro PMI,Conflavoro PMI,≤100
232017336910584,Rivista Il Borghese,Casa Editrice Pagine,≤100
1635049603278902,Carmelo D'Urso,Carmelo D'Urso,≤100
129614623725639,Cesvi Onlus,Cesvi Fondazione Onlus,≤100
624608431059294,Evolvere,Evolvere,≤100
182120865170178,Gianluigi Paragone,Gianluigi Paragone,≤100
1287615541265765,Loretta Isotton per LBC,www.elezioni.voto,≤100
1442338732544302,Fabrizio Pagani Sindaco - Nova Milanese,Fabrizio Pagani Sindaco - Nova Milanese,≤100
107193017333630,Gaetano Pappalardo-Responsabile Agenzia Alleanza Milazzo,Alleanza Assicurazioni,≤100
104476412377983,De Luca per Ragusa - Cassì Sindaco,Saverio Buscemi,≤100
114464029922152,Antonia Pangallo- Responsabileclientialleanza ReggioNord,Alleanza Assicurazioni,≤100
142597289421426,AzzeroCO2,AzzeroCO2,≤100
101424186206634,David Chiti,David Chiti,≤100
251763681572567,Gianluca Cannavò - Solo per Acireale,Gianluca Cannavò - Solo per Acireale,≤100
1557163024589428,EcoFuturo Festival,EcoFuturo Festival,≤100
136888059662453,Mani Tese Ong Onlus,Mani Tese Ong Onlus,≤100
347207412117751,Lorenzo Carletti,Lorenzo Carletti,≤100
180329672596502,Fratelli d'Italia Senato,Fratelli d'Italia Senato,≤100
1014207595271736,Azione contro la Fame Italia,Azione contro la Fame Italia,≤100
272955612871746,Marco C. Cecconi,MARCO CELESTINO CECCONI,≤100
105516089470922,CBM Italia Onlus,CBM Italia Onlus,≤100
276893559610832,Matteo Catania,Matteo Catania,≤100
1564544176959806,Cittadini Liberi - Alleanza degli Innovatori,Cittadini Liberi - Alleanza degli Innovatori,≤100
329374603934329,NET ITALY ETS Associazione italiana Pazienti Tumore Neuroendocrino,NET ITALY ETS,≤100
100964541456650,Will Media,Will Media,≤100
31893742684,Banca Sella,BANCA SELLA SPA,≤100
118737384501844,Elvira Adamo Elezioni 2023,Elvira Adamo Elezioni 2023,≤100
142331079621154,RESET,RESET S.r.l.,≤100
436420846811085,Centrodestra per il cambiamento,Centrodestra per il cambiamento,≤100
107529305424420,Cristina Ciminnisi,Cristina Ciminnisi,≤100
314813895237426,Fondazione Bracco,Fondazione Bracco,≤100
112221911380832,InvEu,Agrifondi srl,≤100
1448101522079687,Onlymoso,Onlymoso,≤100
412537312142759,Marevivo Onlus,Marevivo Onlus,≤100
279474229079,Acqua Rocchetta e Brio Blu Rocchetta,Rocchetta,≤100
309840349048638,e.on,E.ON Energia,≤100
673109029772554,Marco Campomenosi,Marco Campomenosi,≤100
587213524737852,WebSalute - Vvox,WebSalute,≤100
112637915441017,Acli - Associazioni cristiane lavoratori italiani,Acli - Associazioni cristiane lavoratori italiani,≤100
1814545205425619,BEEing,Beeing,≤100
162764457111560,Dynamo Camp,Fondazione Dynamo Camp Onlus,≤100
180275292801010,Fratelli d'Italia Camera,"Gruppo Parlamentare della Camera dei Deputati ""Fratelli D'Italia""",≤100
120380341313167,Sinistra Italiana,Sinistra Italiana,≤100
109215691927736,Michele Ritondo - Candidato Consigliere,Michele Ritondo - Candidato Consigliere,≤100
103447439330933,Enzo Monteleone Sindaco,Enzo Monteleone Sindaco,≤100
219708888198414,Fondazione Giangiacomo Feltrinelli,Fondazione Giangiacomo Feltrinelli,≤100
105209550990119,Gaetano Gaglio La Pagina,Gaetano Gaglio La Pagina,≤100
147451502073583,In Migrazione,In Migrazione,≤100
576664002355828,CIWF Italia,CIWF Italia Onlus,≤100
142589879147197,Europa Verde - Verdi,Europa Verde,≤100
131490729846100,Rosario Condorelli - Sindaco di Gravina di Catania,Rosario Condorelli - Sindaco di Gravina di Catania,≤100
1657081317643771,Gianpaolo Natali,Gianpaolo Natali,≤100
171795872872353,ISPI - Istituto per gli studi di politica internazionale,ISPI - Istituto per gli studi di politica internazionale,≤100
377901329389619,Ener2Crowd,Ener2Crowd,≤100
112875598437908,Martufi Alessio,Martufi Alessio,≤100
197449616933013,Le edizioni del Mulino,Le edizioni del Mulino,≤100
107492342616216,Legambiente Onlus,Legambiente Onlus,≤100
1486718904933717,Fondazione Compagnia di San Paolo,Compagnia di San Paolo,≤100
169042736456594,All Out,All Out,≤100
526901760669684,Partito Animalista Europeo,Partito Animalista Europeo,≤100
105785884951154,Alberami,Alberami Srl,≤100
1506899926282450,Fondazione UNA,Fondazione UNA Onlus,≤100
431324813546160,Otto per Mille Valdese,Otto per Mille Valdese,≤100
111726648535640,SI / Tommaso Micalizzi Sindaco,SI / Tommaso Micalizzi Sindaco,≤100
267617064117828,Plastic Free,Plastic Free Odv Onlus,≤100
441812505843728,Corepla,Corepla,≤100
113369838361241,Sergio Masini Candidato,Sergio Masini Candidato,≤100
101538465927126,Emotional&More,Emotional Studio & More SRLS,≤100
208762493043908,Angelo Giuffrida,Angelo Giuffrida,≤100
176463392506898,DOC Generici,DOC Generici,≤100
57751256819,Confprofessioni,Confprofessioni,≤100
588618511234072,Style Magazine Italia,Style Magazine Italia - RCS,≤100
104980721725834,Associazione DONNEXSTRADA,Associazione DONNEXSTRADA,≤100
1978323772189377,Ambiente Mare Italia,Ambiente Mare Italia,≤100
606355086043635,Movimento Cinque Stelle Belpasso,Movimento Cinque Stelle Belpasso,≤100
1908065165883983,Alessandro Sittinieri,Alessandro Sittinieri,≤100
105796680963553,Gruppo Editoriale La Scuola SEI,Editrice La Scuola,≤100
1568184330161608,WeSchool,WeSchool s.r.l.,≤100
375882802451994,Capitalfin,Capitalfin,≤100
383656642236520,Festival Giustizia Penale,Festival della Giustizia Penale Onlus,≤100
157463237749900,Olmedo Mobility Division,Olmedo Special Vehicles S.p.A,≤100
863841003671139,Associazione Energia da Biomasse Solide,Associazione Energia da Biomasse Solide (EBS),≤100
118241586064,Fondazione Patrizio Paoletti,Fondazione Patrizio Paoletti,≤100
202343513183670,DHL Express Italy,DHL Express Italy,≤100
103203094498016,Filippo Ciaccia,Filippo Ciaccia,≤100
1710827805727348,Fondazione Libellula,Fondazione Libellula,≤100
2012236382431045,Onorio Di Giovanna - Consigliere Comunale,Onorio Di Giovanna - Consigliere Comunale,≤100
321595725136874,CHINT GROUP,These ads ran without a disclaimer,≤100
101571535935993,Stop_afrofobia,Amref Health Africa,≤100
667483386685540,Silvia Sardone,Silvia Sardone,≤100
112777008752391,Valori.it,Valori.it,≤100
172914676069816,Centro Studi Americani,Centro Studi Americani,≤100
108099915586951,Umberto Calvanese,Umberto Calvanese,≤100
73842934441,CIAI,CIAI,≤100
201344863274720,USB Pubblico Impiego,USB Pubblico Impiego,≤100
100687276355768,Daniela Coria,Daniela Coria,≤100
1176999669002221,Performer,Performer Srl,≤100
116181541819083,Nicola Fratoianni,Nicola Fratoianni,≤100
469381559808559,ITLAS Società Benefit,Itlas srl,≤100
59374667427,Alice for Children,Alice for Children,≤100
916348625152451,WebLive Tv,WLTV,≤100
1668922680093325,Propensione.it,Propensione.it,≤100
77616581723,Smile House Fondazione ETS,Smile House Fondazione ETS,≤100
113348003371191,Giovanni Romeo - Responsabile Clienti Alleanza Palmi,Alleanza Assicurazioni,≤100
107321830749965,Lavialibera,Lavialibera,≤100
107705878986704,Michele Maiullari Consigliere Comunale,TourCouture,≤100
791707730845440,Win the Bank - Tutto Quello Che Ti Serve Per Ottenere Credito,Win the Bank - Tutto Quello Che Ti Serve Per Ottenere Credito,≤100
92505448987,CGIL Confederazione Generale Italiana del Lavoro,CGIL Confederazione Generale Italiana del Lavoro,≤100
311252102703548,Progettiamo Santa Ninfa - Carlo Ferreri Sindaco,Progettiamo Santa Ninfa - Carlo Ferreri Sindaco,≤100
181864685188048,Maurizio Marrone,Maurizio Marrone,≤100
100696821391640,Rinascita - Pomigliano d'Arco,Rinascita - Pomigliano d'Arco,≤100
153967571694403,Led Italia,LED Italia S.r.l,≤100
101985094529673,Salvatore Verbicaro - Responsabile Agenzia di Palmi,Alleanza Assicurazioni,≤100
101360778321507,Co Ma Ri Srl,CMS S.p.A.,≤100
111215267090745,Re Soil Foundation,ReSoilFoundation,≤100
102550058686598,Sotto Il Mantello C O V I D - Libro Inchiesta,Sotto il Mantello Covid,≤100
104715245950759,Raffaele Amici - Elezioni Comune Terni 2023,RAFFAELE AMICI,≤100
228770323835619,Zanichelli,Zanichelli editore Spa,≤100
1462899067333559,Gennaro Avagnano candidato al Consiglio Comunale di Scafati,Gennaro Avagnano candidato al Consiglio Comunale di Scafati,≤100
120789957653534,Corradetti Sindaco,Si-Amo Notaresco,≤100
1597396783847997,Iren,Iren,≤100
107779855294378,L'Identità,L'Identità,≤100
1819470518348724,Rita Corrini Sindaco / Insieme Per Roccalumera,Rita Corrini Sindaco / Insieme Per Roccalumera,≤100
1603966533257308,Maria Cristina Pisani,Maria Cristina Pisani,≤100
753800634652691,Paola Chiesa,Paola Chiesa,≤100
556039361581037,Withub,Withub,≤100
627764340688070,TheFork.it,TheFork,≤100
101939102847156,Fabrizio Fonte - Il Sindaco per Custonaci,Fabrizio Fonte - Il Sindaco per Custonaci,≤100
247705175335084,ReCommon,Re:Common,≤100
1766466673641354,Antonino La Spina,Antonino La Spina,≤100
106788055084178,Per il futuro dei bambini,Cesvi,≤100
155869317820754,Il Commercialista - la tribù dei Commercialisti,Il Commercialista - la tribù dei Commercialisti,≤100
650387761676591,Candido,Casa Editrice Pagine,≤100
101047321724796,Semplicità,Semplicità,≤100
1585369755090498,Mediobanca,Mediobanca,≤100
635867170171423,Pagina Antonino Zinnanti,Pagina Antonino Zinnanti,≤100
851927164832967,Colussi GranTurchese,Colussi,≤100
110412317131564,Antonio Cofrancesco - candidato amministrative 2023,Antonio Cofrancesco - candidato amministrative 2023,≤100
160725107411590,CONOU Consorzio Nazionale Gestione Raccolta Trattamento Oli Minerali Usati,eprcomunicazione,≤100
119200734774774,Radicali,Radicali,≤100
347006748786906,AIEF,AIEF Associazione Italiana Educatori Finanziari,≤100
268976423121377,Essere Animali,Essere Animali,≤100
112419051106422,Previdenza Cooperativa,Previdenza Cooperativa,≤100
103546574756191,Fondo Pensione Priamo,Fondo Priamo,≤100
111698228508857,BELLA CIAO,BELLA CIAO,≤100
218671751661739,Fondazione Villa Maraini,Fondazione Villa Maraini,≤100
745664078897738,Giuseppe Fallica - Candidato consiglio comunale Belpasso,Giuseppe Fallica - Candidato consiglio comunale Belpasso,≤100
155463611292666,Rodolfo Rapisarda Pagina politica,Rodolfo Rapisarda Pagina politica,≤100
117266648305733,LifeGate,LifeGate,≤100
793211171059364,Francescani per la Vita,Francescani per la Vita,≤100
233891776766819,Specchio dei tempi,Fondazione Specchio dei tempi Onlus,≤100
560317800682461,Luca Cannata,Luca Cannata,≤100
105570288965454,Fabio Pacciani - sindaco Siena 2023,Fabio Pacciani,≤100
649593578399941,Alessandro Urzì,Alessandro Urzì,≤100
115218755162436,ABC Associazione Bambini Chirurgici del Burlo,A.B.C. Associazione per i Bambini Chirurgici del Burlo onlus,≤100
118903752845014,,Alleanza Assicurazioni,≤100
100644409468543,Fondazione Operation Smile Italia ETS,Fondazione Operation Smile Italia ETS,≤100
385509022061328,Acqua per Tutti,WeWorld Onlus,≤100
932719406850693,UNASF Unione Nazionale Sicurezza e Formazione Conflavoro PMI,UNASF Conflavoro PMI,≤100
196175940529862,Edy Bandiera,Edy Bandiera,≤100
117501451247077,Pears with love,SG Project Srl,≤100
126790500697643,LILA - Lega Italiana per la Lotta contro l'Aids,Lila Onlus,≤100
106609584287802,Facta,Facta,≤100
735661046503097,Slc Cgil Nazionale,Slc Cgil Nazionale,≤100
195167010525230,CCDU,CCDU,≤100
780102252381558,Alessio Butti,Alessio Butti,≤100
326480964397759,Antonio Lombardi,FEDERCEPICOSTRUZIONI,≤100
166027216814695,Firriato,Firriato Winery,≤100
289932296433,Medici con l'Africa Cuamm,Fondazione Opera San Francesco Saverio,≤100
101203162938932,Nicoletta Fabio Sindaco di Siena2023,Nicoletta Fabio,≤100
109878638752006,Daniela Del Ciello,Daniela Del Ciello,≤100
451452544893797,Alter.POLIS,Alter.POLIS,≤100
103492778728792,Anna Sacchetti - M5S Latina,Anna Sacchetti - M5S Latina,≤100
101768336240786,Danilo Tuffi Sindaco,Danilo Tuffi Sindaco,≤100
152334065066,Fairtrade Italia,Fairtrade Italia,≤100
104956658838092,LiberAnagni,Alessia Isopi Mandatario Elettorale LiberAnagni,≤100
348494431917373,Rivista Italiana Difesa,Rivista Italiana Difesa,≤100
1423720487937158,Claudio Fiorelli - Candidato Sindaco di Terni,Claudio Fiorelli - Candidato Sindaco di Terni,≤100
557820830916525,Il Punto pavese,Equipe Srl,≤100
45193527235,CPP Centro Psicopedagogico per la Pace e la gestione dei conflitti,CPP - Centro Psicopedagogico per l'educazione e la gestione dei conflitti,≤100
112045001860697,Loreto 2030,Loreto 2030,≤100
110354967359505,Materasso Bedshire,Ce.Pro.L di Gatti Luca,≤100
103221808122706,inspiringirls_italia,inspiringirls_italia,≤100
621188454669130,I Diavoli,I Diavoli,≤100
100354602590593,Carlo Alberto Tregua,Ediservice srl,≤100
1942760395965996,Passaggio al Bosco Edizioni,Passaggio al Bosco Edizioni,≤100
112576383938294,Fondo Sanedil,Fondo Sanedil,≤100
369086073195914,Mariachiara Fornasari,Mariachiara Fornasari,≤100
356113501462770,Lista Spiga,Lista Spiga,≤100
445235400057,Commissione europea – Rappresentanza in Italia,Commissione europea – Rappresentanza in Italia,≤100
79128475979,FUNIMA International Onlus,FUNIMA International Onlus,≤100
80761643174,Fondazione Umberto Veronesi,Fondazione Umberto Veronesi,≤100
119214044413546,Giorgio Mirabella - Consigliere Comunale,Giorgio Mirabella,≤100
100514958863956,Beyond Project - Gender Equality in Early Years,Beyond Project - Gender Equality in Early Years,≤100
341380776266247,Marco Biondi,Marco Biondi,≤100
672715886453237,Michele Conti,Michele Conti,≤100
321214271261474,Roberto Fusco Sindaco,Adolfo Tundo,≤100
105210985653161,Maurizio Bosatra,Maurizio Bosatra,≤100
103622722494694,Ecco think tank,ECCO think tank,≤100
1504902903093208,Associazione Differenza Donna,Associazione Differenza Donna,≤100
67527694280,Arché,Arché,≤100
56755731998,Codacons,Codacons,≤100
121793864832061,Daniele Novara,Centro Psicopedagogico per l'educazione e la gestione dei conflitti,≤100
116762114723125,Gabriele Subiaco,www.elezioni.voto,≤100
213414252362919,Mauro Visari,Mauro Visari,≤100
1783273065279300,Roberto Rossini,Roberto Rossini,≤100
379688310244,La Civiltà Cattolica,La Civiltà Cattolica,≤100
104800568170989,Chora Media,Chora Media,≤100
104182395946288,Rete Albatros,Albatros Srls,≤100
109117192086160,Massimiliano Bassi - Sindaco,Massimiliano Bassi - Sindaco,≤100
1733039386722702,Luca Nuvoli,Luca Nuvoli,≤100
186799161499691,Libraccio,D.M.B. S.r.l.,≤100
101290474829297,Antonello Panuccio,Antonello Panuccio,≤100
227008457327049,EmmetiStore.it,EMMETI ISOLANTI srl,≤100
8387084989,Marco Travaglio,SEIF Società Editoriale Il Fatto Spa,≤100
182760498490334,infoConcorsi,EdiSES Edizioni Srl,≤100
532374360208345,Michele Rossi candidato a Consigliere Comune di Terni,Michele Rossi candidato a Consigliere Comune di Terni,≤100
284620805407247,Orlando Masselli Sindaco,Orlando Masselli Sindaco,≤100
114344005243032,Chiara Colosimo,Chiara Colosimo,≤100
108651374300195,Francesca Tortora,Francesca Tortora,≤100
117785844904053,Antoniano onlus,Antoniano onlus,≤100
1198302750251842,The Vision,The Vision,≤100
395165287247949,A Sud,A Sud Onlus,≤100
412782145472378,FoodShot,These ads ran without a disclaimer,≤100
1638510526420491,Refugees Welcome Italia,Refugees Welcome Italia,≤100
227978141115404,Michele Maggi,Michele Maggi,≤100
111530161629383,Intra,iKarma SRL,≤100
853902504738306,Centro Benedetta D’Intino,Centro Benedetta d'Intino,≤100
423472904417850,Gianantonio Da Re,Gianantonio Da Re,≤100
154144331904379,Marta Schifone,Marta Schifone,≤100
345136718845,Ministero dell'Ambiente e della Sicurezza Energetica,Ministero dell'Ambiente e della Sicurezza Energetica,≤100
222403031687114,ArciAtea,ArciAtea APS,≤100
1538926219695299,Genova che osa,Genova che osa,≤100
303531599691398,Mariastella Gelmini,Mariastella Gelmini,≤100
53333471319,Fondazione L'Albero della Vita - onlus,Fondazione L'Albero della Vita - onlus,≤100
954709931335834,Paesi Edizioni,Paesi Edizioni srl,≤100
172718099490199,DOKITA,Dokita onlus,≤100
104413454929986,Gabriella Marino - Personal Brand Mental Coach Digital Influencer,Gabriella Marino - Personal Brand Mental Coach Digital Influencer,≤100
414801939335282,Insieme per i Cittadini,Insieme per i Cittadini,≤100
111198303832179,Alleanza Cefalalgici,These ads ran without a disclaimer,≤100
141019746076225,Sorgenia,Sorgenia,≤100
2794426070573094,Up2You,Up2You,≤100
332733097145614,Luca Ghezzi,Luca Ghezzi,≤100
854347364775033,Davide Giori Cappelluti - Lega Brescia,Davide Giori Cappelluti - Lega Brescia,≤100
370124820863,Sightsavers Italia Onlus,Sightsavers International Italia Onlus,≤100
110280295135720,Antonio Caso,Antonio Caso,≤100
154767423377839,Managaia.eco,Managaia.eco,≤100
728375307224131,Fabrizio Vitali per la città possibile,Fabrizio Vitali,≤100
2048664861850577,Il Digitale,IlDigitale.it,≤100
343132907074660,Villy de Luca,Villy de Luca,≤100
105143662542254,Flavio Bianchi,Flavio Bianchi,≤100
2222744427970460,Giuseppe Martusciello - Candidato Sindaco per Quarto,Giuseppe Martusciello - Candidato Sindaco per Quarto,≤100
128297767335924,Emergenza Sorrisi ONLUS,Emergenza Sorrisi,≤100
441790842571175,Filctem-Cgil Nazionale,Filctem-Cgil Nazionale,≤100
117572984582350,"Insieme oggi, per il Domani","Insieme oggi, per il Domani",≤100
100980396320673,Zonta Sindaco per la Continuità,Zonta Sindaco per la continuità,≤100
229483187248340,Automazione Industriale Ferrazza,Ferrazza S.r.l.,≤100
1480937442190427,Tommaso Foti,Tommaso Foti,≤100
111810305178033,Dario Costantini,CNA Nazionale,≤100
107792215572487,Video Corso 231,Vibracci Ctrl,≤100
100877322996252,Oggi Venafro - Enzo Bianchi Sindaco,BIANCHI ENZO,≤100
135769236586779,Mattia Margaroli,Mattia Margaroli,≤100
987211228033960,SÌ Tav SÌ Lavoro per Torino,Sì Lavoro Sì Tav Movimento per la Crescita,≤100
115577088079779,Paolo Martinelli Sindaco,"Comitato elettorale ""La città delle persone"" a sostegno della candidatura di Paolo Martinelli a sindaco di Pisa - PD, M5S, Sinistra Unita, +EU, LCDP",≤100
136935966500152,Paola Boscaini - Bussolengo Futuro,Paola Boscaini - Bussolengo Futuro,≤100
991598257587797,Riccardo Corbucci,Riccardo Corbucci,≤100
366568029646,COOPI,COOPI,≤100
1258931284138740,Motor Valley,Motor Valley,≤100
103002934764127,PON Legalità 2014-2020,PON Legalità 2014-2020,≤100
100558004769759,Il Pane di Sant'Antonio,Opera Pia il Pane di S.Antonio,≤100
104902362573430,Francesco Giannetti Sindaco,Francesco Giannetti,≤100
108265778255387,Daniela Fiore,Daniela Fiore,≤100
310674329409996,Fondazione Marcegaglia Onlus,Fondazione Marcegaglia Onlus,≤100
171869093280946,EICOM Energia,Eicom energia,≤100
398388100260460,Francesco Rubini,Francesco Rubini,≤100
111323778523371,Marco Guidi Sindaco,Marco Guidi Sindaco,≤100
108432711870421,Marco Bertucci,Marco Bertucci,≤100
1528751127190820,Enrico Turato,Enrico Turato,≤100
1862307547429963,Nonna Roma,Nonna Roma,≤100
258755651183,Alfonso Pecoraro Scanio,Alfonso Pecoraro Scanio,≤100
160476923996021,Assolombarda,Assolombarda,≤100
451419891563905,Pro Vita & Famiglia Onlus,Pro Vita & Famiglia Onlus,≤100
107736128697080,EOS - Edison Orizzonte Sociale,EOS - Edison Orizzonte Sociale,≤100
160132570689280,Arcigay,Arcigay,≤100
567523263270984,Giovani Democratici Milano,Giovani Democratici Milano,≤100
184848885311672,Circolo Sena Civitas,Circolo Sena Civitas,≤100
107856152217835,Dott. Giuseppe Zara,These ads ran without a disclaimer,≤100
1623129891325124,Italia in Classe A,ENEA,≤100
112817701758830,Mariasole Scalvini,bresciadavvero,≤100
110132225191471,Omegna sul serio,Omegna sul serio,≤100
102951987774662,Alessio Puglisi - Responsabile Clienti Alleanza Noto,Alleanza Assicurazioni,≤100
110694578605312,"La Democrazia Cinese, il blog di Giuliano Noci","La Democrazia Cinese, il blog di Giuliano Noci",≤100
402003196631314,Rossano Forassiepi,Rossano Forassiepi,≤100
193851084141194,Fabio Rolfi,Fabio Rolfi,≤100
830978986958453,SSU - Sinistra Studentesca Universitaria,SSU - Sinistra Studentesca Universitaria,≤100
101397906208027,Anna Ferretti,Anna Ferretti,≤100
416456931739449,Fondazione Finanza Etica,Fondazione Finanza Etica,≤100
165968498427823,Rete dei Comuni Sostenibili,Rete dei Comuni Sostenibili,≤100
386160058139557,Fratelli d'Italia Brescia,Fratelli d'Italia Brescia,≤100
154144331904379,Marta Schifone,SocialCom,≤100
182631478421403,Rio Mare,Bolton Food,≤100
104483295843170,Federazione Civica con Ventimiglia nel Cuore,Federazione Civica Ventimiglia,≤100
179763352611767,Diego  De Conte Califano,Diego  De Conte Califano,≤100
385899601441106,Domenico Russo,Domenico Russo,≤100
100836116326368,Francesco Intini Sindaco,Francesco Intini,≤100
205798119968781,Cikis,Cikis,≤100
628901577481175,Avv. Artan Bashli,Artan Bashli,≤100
105849768548758,PreviAmbiente,Fondo PreviAmbiente,≤100
152252480281123,Emma Cavallucci,Emma Cavallucci,≤100
113469791606852,Iep - Indipendenti e Progressisti Siena,Iep - Indipendenti e Progressisti Siena,≤100
114652328257534,Andrea Giuliani,Andrea Giuliani,≤100
112367475165949,Insieme per Pomes,CREAM SRL,≤100
10150113987575383,Festival Biblico,Festival Biblico,≤100
31800331297,Gariwo - Foresta dei Giusti,Gariwo - Foresta dei Giusti,≤100
102224898933734,MindDig,These ads ran without a disclaimer,≤100
104373870939010,Francesco Masaneo -Responsabile Clienti Alleanza Taurianova,Alleanza Assicurazioni,≤100
129517267133461,Comune di Napoli,Comune di Napoli,≤100
127165863962855,Francesco Ginesu,Francesco Ginesu,≤100
343444682747487,Fondazione Asilo Mariuccia,Fondazione Asilo Mariuccia,≤100
1403653346384000,Studio Legale Di Veroli,Studio Legale Di Veroli,≤100
109409244233102,L'Indipendente,L'Indipendente S.r.l.,≤100
103001741634974,Fratelli d'Italia per Pomezia,Fratelli d'Italia,≤100
137210956310640,Melting Pot Europa,Melting Pot Europa,≤100
496873810372627,Cittadini reattivi,Cittadini Reattivi APS,≤100
129078800535,Rinnovabili.it,Rinnovabili.it,≤100
114769018255387,Stefania Padula Candidato Sindaco M5S Pomezia,Stefania Padula Candidato Sindaco M5S Pomezia,≤100
102658678833790,Maurizio Cecconelli,Maurizio Cecconelli,≤100
313415112517054,"Sergio Menchini, Alternativa civica",Sergio Menchini - Personaggio politico,≤100
565903660254019,Giulia Tempesta,Giulia Tempesta,≤100
615675435199972,Alessandro Piana - Vice Presidente e Assessore Regione Liguria,Alessandro Piana - Vicepresidente e Assessore Regione Liguria,≤100
219094705313841,Mario Baccini,Comitato Baccini Sindaco,≤100
102474982769569,Alessio Ferranti - Per Luca Carizia Sindaco,Alessio Ferranti - Per Luca Carizia Sindaco,≤100
112362741829091,,Andrea Ghezzi,≤100
198307320795172,Are you R,Are you R,≤100
1511090682500479,Tuttavia Palermo,Tuttavia Palermo,≤100
1133398160136559,Veronica Bernabei Sindaco,Veronica Bernabei Sindaco,≤100
113750844972971,Antonio Galliano nuovo Sindaco per Bresso,Antonio Galliano nuovo Sindaco per Bresso,≤100
102904232777648,Amore per Pianella Manella Sindaco,Amore per Pianella,≤100
102614496096668,Hug Italia,Hug Italia,≤100
105861115373299,Festival Internazionale dell'Economia,Gius. Laterza & Figli,≤100
101740255839919,Ida Simonella,Ida Simonella,≤100
107497337656682,Fiodor Verzola,Fiodor Verzola,≤100
1574941869410381,Biblion edizioni,Biblion Edizioni,≤100
108846442169959,Cristiana Carrozza Sindaco,Attiva Valmontone,≤100
263368177127232,Le Nius,Le Nius,≤100
360415704883966,Prevenzione e Sanità Pubblica,Improve Communications,≤100
108285855506670,Dario Cillerai,Dario Cillerai,≤100
1429383923849615,Fondo FASDA,Fondo FASDA,≤100
830647590306108,Oronzo Castellano candidato Consigliere Comunale,Oronzo Castellano candidato Consigliere Comunale,≤100
1676582112422226,Walter Zalukar,Walter Zalukar - Gruppo Misto Consiglio Regionale FVG,≤100
105296361571631,FGS srl,FGS srl,≤100
114204758280227,Sauro Anniboletti - Sindaco,Sauro Anniboletti - Sindaco,≤100
414325455372563,Lightland Soluzioni Energia Srl,Lightland Srl,≤100
121169997548953,Matteo Giacomini Zaniol,Matteo Giacomini Zaniol,≤100
512282875616533,Comitato Ventotene,Comitato Ventotene,≤100
109604192075517,"Insieme - Fortunato Costantino ""Natino"" Candidato Sindaco","Insieme - Fortunato Costantino ""Natino"" Candidato Sindaco",≤100
521821997876218,Svetlana Celli,Svetlana Celli,≤100
1420012461585538,Assidai - Fondo di Assistenza Sanitaria per il tuo benessere,Assidai,≤100
426129544165420,Alessandro Cattaneo,Alessandro Cattaneo,≤100
120550868096692,Sinistra Italiana Monza e Brianza,Sinistra Italiana,≤100
115451948194276,Francesco Lewandowski,Francesco Lewandowski,≤100
104891121410035,eXL magazine,iDNA,≤100
102555822208649,IncludiMi,IncludiMi,≤100
698743116897167,Valeria Valente,Valeria Valente,≤100
104570204462760,L'Informatore,Informatore,≤100
104139542643808,Roberta Nanni - Sindaco per Umbertide,Patto23,≤100
445038729630564,Luana Caporaso,Luana Caporaso,≤100
116666618054813,Francesco Lotesoriere Sindaco,Francesco Lotesoriere Sindaco,≤100
102002678197678,Cristian Simonetti,Cristian Simonetti,≤100
404600599728488,Pefc Italia,PEFC Italia,≤100
108350280912414,Federico Ferrai,Federico Ferrai,≤100
141856142632410,Giosi Ferrandino,Giosi Ferrandino,≤100
958283521024860,Confartigianato Noci,Confartigianato Noci,≤100
114142181611379,Damiano Chirico Sindaco,Damiano Chirico,≤100
36416147716,FederlegnoArredo,FederlegnoArredo,≤100
106577392014536,"Io, comandante di Wagner - Il libro rivelazione",Pienogiorno,≤100
111706375230688,Forza Margherita - Grazia Galiotta Sindaco,Forza Margherita,≤100
412962292204748,Riso Vignola,These ads ran without a disclaimer,≤100
108100707418309,Strumenti Politici,Marco Fontana,≤100
101943105288623,Mario Conte Sindaco,Mario Conte,≤100
297566579018,IoScrittore,IoScrittore,≤100
307927752673403,Il Salone della CSR e dell'innovazione sociale,Il Salone della CSR e dell'innovazione sociale,≤100
535609693464890,OFFSide Fest Italia,Offside Italia,≤100
560791640621377,Daniele Diaco,Daniele Diaco,≤100
156980270981618,Fondazione Mondo Digitale,Fondazione Mondo Digitale,≤100
151401925462337,Ciro Borriello Sindaco,Ciro Borriello Sindaco,≤100
523268051186707,Varese Pride,Arcigay Varese,≤100
2259577060934800,Huawei Italia,Huawei Italia,≤100
537369456719694,Jane Lepori,Jane Lepori,≤100
1648192902070241,Luca Lopomo - Candidato e Sindaco di Crispiano TA,Piegiato srl,≤100
483112001713057,Pietro Tidei Candidato Sindaco,Pietro Tidei Candidato Sindaco,≤100
1439514556290274,Nicola Caputo,Nicola Caputo,≤100
1281377898691459,Andrea Paragnani - Responsabile Clienti Alleanza Terni Tacito,Alleanza Assicurazioni,≤100
567628926781261,Oniricum,Oniricum,≤100
480871535271240,Fondazione Cariplo,Fondazione Cariplo,≤100
111890004059243,Paolo Romano,Paolo Romano,≤100
2032345373657608,SIGEA - Società Italiana di Geologia Ambientale,Società Italiana di Geologia Ambientale (SIGEA) - APS,≤100
104409614857206,Valerio Pedroni,Valerio Pedroni,≤100
222184255216284,Oltre per Cicciano,Oltre per Cicciano,≤100
107379378333563,Tozzi Green,TOZZI GREEN,≤100
387628074641412,E-cology Italia,E-cology Italia,≤100
108770011256563,XtraCult,XtraCult,≤100
103371942729026,Simone Del Curto,Simone Del Curto,≤100
123064627433594,Ing. Roberto Pieretti,Roberto Pieretti,≤100
2002978039740117,Lucia Zippo,Lucia Zippo,≤100
478212418874107,Achille Variati,Achille Variati,≤100
510738382643333,Fratelli d'Italia Siena,Fratelli d'Italia Siena,≤100
495297847177818,3D WALL Panels Italia,These ads ran without a disclaimer,≤100
114444954866203,Dottoressa Roberta Ramondo,Dottoressa Roberta Ramondo,≤100
121471475122501,Società e Tributi Week,MTA STUDIO,≤100
415142112193031,Nino Costa,Nino Costa,≤100
163427061008181,Al Lavoro con Brescia Laura Castelletti Sindaca,Al Lavoro con Brescia Laura Castelletti Sindaca,≤100
196815512264,World Friends,World Friends,≤100
102828745181799,Insuperabile,Insuperabile,≤100
269909651698,Istituto Oikos Onlus,Istituto Oikos Onlus,≤100
432887000098568,RUN - Polito,RUN - Polito,≤100
641489622905365,Il Ponte ODV di Piazzola sul Brenta,Il Ponte ODV di Piazzola sul Brenta,≤100
1393266557641903,Africa Rivista,Africa Rivista,≤100
101866495232330,Cristian Trio,These ads ran without a disclaimer,≤100
169101783890379,Fondazione Carolina,Fondazione Carolina,≤100
1635274383416590,Aurelio in Comune,Aurelio in Comune,≤100
828123477318104,Piero De Luca,These ads ran without a disclaimer,≤100
103725242332017,Equilibri Magazine,Equilibri Magazine,≤100
1268790256589881,People,People,≤100
1546887325441954,Matteo Gagliasso,Matteo Gagliasso,≤100
326376410817824,Treviso Civica,Treviso Civica,≤100
114098454955749,Francesco Solinas Sindaco,Francesco Solinas Sindaco,≤100
176210685871751,Arcs Culture Solidali,Arcs Culture Solidali,≤100
115169304841081,La Città delle Persone - con Paolo Martinelli sindaco,La Città delle Persone - con Paolo Martinelli sindaco,≤100
113723593353203,Arrigo Tremaglia,Arrigo Tremaglia,≤100
594308607341986,Slc Cgil Napoli Campania,Slc Cgil Napoli Campania,≤100
111455585241864,Alberto Maniscalco,Alberto Maniscalco,≤100
103083656437792,Gianpiero Alicchio,These ads ran without a disclaimer,≤100
708472289208310,Pd Siena Unione Comunale,Pd Siena Unione Comunale,≤100
100638736230434,Brescia Attiva,Gabriele Insolia,≤100
110591893925882,FIMMG Verona,FIMMG Verona,≤100
602678809928628,Guido Quintino Liris,Guido Quintino Liris,≤100
187483518378441,Francesco Mangiaracina,Francesco Mangiaracina,≤100
486228231540331,Partito Animalista Italiano,Partito Animalista Italiano,≤100
1420345371514860,Interlife Onlus,Interlife,≤100
602994686703809,Chiara Fioroni,Chiara Fioroni,≤100
114558344931804,Alessandro Di Tommaso Sindaco,Alessandro Di Tommaso Sindaco,≤100
101337418451878,Zoomunity,These ads ran without a disclaimer,≤100
81698998693,Maurizio Lupi,Noi con l'Italia,≤100
101715076251477,Edgardo PESCE,Centro Destra Sona,≤100
103415602285860,Pisa al Centro - Michele Conti Sindaco,Pisa al Centro - Michele Conti Sindaco,≤100
106762669017344,Massimo Castagnini Sindaco,Castagnini Sindaco Siena,≤100
156523304412671,"Circolo PD ""Articolo 3"" Gorgonzola","Circolo PD ""Articolo 3"" Gorgonzola",≤100
425023447643668,MedReAct,MedReAct,≤100
100691529407,SULLA STRADA ONLUS,SULLA STRADA ONLUS,≤100
113773973716954,L'Adige di Verona,Fantasia Edutainment Srls,≤100
157218361626760,Cronache Ribelli,Cronache Ribelli,≤100
1817269115180421,Gustabacco Enoteca,Gustabacco,≤100
104271229328454,Rino Polverino,These ads ran without a disclaimer,≤100
106181138671131,Marcello Pierucci - Sindaco di Camaiore,Marcello Pierucci - Sindaco di Camaiore,≤100
704665142973459,Centro Internazionale Crocevia,Centro Internazionale Crocevia,≤100
438605589906755,Vittorio Marchitti - Consigliere Comunale,Vittorio Marchitti - Consigliere Comunale,≤100
844973699008453,Per Ponte,Per Ponte,≤100
132707500076838,Il Fatto Quotidiano,SEIF S.p.A. – Società Editoriale Il Fatto Spa,≤100
1524999864481577,SMET Logistics,SMET S.p.A.,≤100
112671925139215,Carlo Fazzari,carlo fazzari,≤100
161621217905501,Francesco Rucco,Francesco Rucco,≤100
103156952105506,Maria Ciolfi-M5S Latina,Maria Ciolfi-M5S Latina,≤100
417409098686567,Davide Zingaretti,Davide Zingaretti,≤100
100211626247272,Maria Rita Parsi,Maria Rita Parsi,≤100
1007973302727293,Teach For Italy,Teach For Italy,≤100
112141975154233,Oltre - Federazione Civica,Oltre - Federazione Civica,≤100
143108195838393,Luca Trentini - Al Lavoro con Brescia 2023,Luca Trentini - Al Lavoro con Brescia 2023,≤100
1517465768295126,,Immobiliare  Sardano,≤100
114369171646148,realismo_capitalista,These ads ran without a disclaimer,≤100
113053691716786,Carlo Vulpio Sindaco,Carlo Vulpio Sindaco,≤100
114491358270231,Francesco Novelli,Criluma Tech,≤100
116726348009474,Stefano Bandecchi - Candidato Sindaco di Terni,Comitato promotore lista Bandecchi per Terni,≤100
102811399355340,nadine.storch,These ads ran without a disclaimer,≤100
1677519989004936,Luciano Bianco,Luciano Bianco,≤100
1402646906671973,"PD Bresso, Circolo ""A. Vassallo""","PD Bresso, Circolo ""A. Vassallo""",≤100
103843386353847,Studio Pagano & Partners,Studio Pagano & Partners,≤100
167793997265236,Rita Pepegna,Rita Pepegna,≤100
107876721519747,caos_abbigliamento_vintage,These ads ran without a disclaimer,≤100
179794772512774,Lorenzo Pierotti Sindaco,Lorenzo Pierotti Sindaco,≤100
100387133404972,Gay Center,Gay Center,≤100
122191987831675,Fabio Amendolara,Fabio Amendolara,≤100
1841420135917577,Roberto Severini Consigliere Comunale,These ads ran without a disclaimer,≤100
104054101999653,Fantapolitica,Fantapolitica,≤100
157838191033454,Paolo Conforti,Paolo Conforti,≤100
103103927834747,Laboratorio Civico Ivrea,Laboratorio Civico Ivrea,≤100
120366937699252,Adriano Chini AC,These ads ran without a disclaimer,≤100
104730438003911,Cambiamenti Climatici - News e approfondimenti,Cambiamenti Climatici - News e approfondimenti,≤100
109501905005319,Massimo Vita,Massimo Vita,≤100
650695668299755,Lega - Seregno,Lega - Seregno,≤100
110747031975777,Andrea Varchetta - Candidato Capolista M5S Quarto,Andrea Varchetta - Candidato Capolista M5S Quarto,≤100
102270666171706,Claudio Paolinelli Candidato Consigliere,Claudio Paolinelli,≤100
842762285857820,Andrew Spannaus - Transatlantico.info,Transatlantico.info,≤100
348960008624813,La Nuova Europa,La Nuova Europa,≤100
104536395921859,Francesco De Santis,Francesco De Santis,≤100
1618078638446744,4G Energia,slashto,≤100
187242085242150,Adelindo Frulletti,Adelindo Frulletti,≤100
124131917269607,Annarita Simone Sindaca di Vicenza,Unione Popolare Vicenza,≤100
115133301556468,Mario Faccioli Candidato Sindaco,Faccioli Candidato Sindaco,≤100
105021732553265,Mattia Ierardi,Mattia Ierardi,≤100
152654145325904,RITMO Ristorazione,Ritmo Ristorazione,≤100
783937345055424,CRAI Tirreno,CRAI Tirreno,≤100
101612686236587,RilanciAmo Noci,Gianmarco Resta,≤100
121523180880597,Ci Vuole Un Reddito,Ci Vuole Un Reddito,≤100
252931788927590,Confindustria Firenze,Confindustria Firenze,≤100
115862496465841,Pierluigi D'Emilio,Pierluigi D'Emilio,≤100
107584508965053,Consulta Padovana,Consulta Padovana,≤100
137147176448623,Indesit,These ads ran without a disclaimer,≤100
116254501376846,Vivere Bolzano Futura,Vivere Bolzano Futura,≤100
102814762716128,Zabeo Stefania Candidata Comunali Piove di Sacco,Zabeo Stefania Candidata Comunali Piove di Sacco,≤100
293173811838,Zeroviolenza,Zeroviolenza,≤100
487617701974108,Andrea D’areo - Responsabile Clienti Alleanza Roma,Alleanza Assicurazioni,≤100
20674188266,Lato B - l'altro lato di Milano,Lato B - L'altro lato di Milano,≤100
653488368406074,Mario Furore,Mario Furore,≤100
115459591163990,Lega Liga Veneta - Salvini Premier - Treviso Città,Lega Liga Veneta - Salvini Premier - Treviso Città,≤100
108767875491777,Siena Popolare,Siena Popolare,≤100
108478312214025,"Luca Benedetti - Fratelli d'Italia Pisa ""si vede"" -","Luca Benedetti - Fratelli d'Italia Pisa ""si vede"" -",≤100
1991479167797843,Ezio Di Genesio Pagliuca,Ezio Di Genesio Pagliuca,≤100
244955126364768,Controcultura: Spazio aperto Be.Brecht,Controcultura: Spazio aperto Be.Brecht,≤100
163533620383520,Fondazione Magna Carta,Fondazione Magna Carta,≤100
101295535937649,La Maddalena x Brescia - Lista Civica,La Maddalena x Brescia lista civica,≤100
143691465788450,Ostuni 5 Stelle,Ostuni 5 Stelle,≤100
109402768796065,Per Chiampo Cinquemani Sindaco,Per Chiampo Cinquemani sindaco,≤100
427501501317968,Allea,Allea,≤100
116110911464101,Tiziana Fanizzi,Gestione Supermercati Europei s.p.a.,≤100
189757334395051,Patrizia Befani,Patrizia Befani,≤100
1777687029181660,,Gabriele Tacchi,≤100
122954875769815,Lino ristagno - Responsabile Clienti Alleanza Parma Nord,Alleanza Assicurazioni,≤100
582171652132557,Nicola Tesi sindaco,Nicola Tesi sindaco,≤100
1151916921518164,SatiLeaks,SatiLeaks,≤100
1298143533672892,Paolo Foti - Responsabile Agenzia Alleanza Milano Sud,Alleanza Assicurazioni,≤100
1143077722510092,Davide Berardinucci,Davide Berardinucci,≤100
80595560237,Francesco Filipponi,Francesco Filipponi,≤100
113015340825800,DRC Italia,DRC - Danish Refugee Council Italia,≤100
576132656097776,Emiliano Tedaldi,Emiliano Tedaldi,≤100
109094031594910,Luigi Pinto,Luigi Pinto,≤100
1576892845893327,Destinazione Terzo Polo,Destinazione Terzo Polo,≤100
149462018791,Un Ponte Per,Un Ponte Per,≤100
1830855337217464,Luca Corona Consigliere Comunale,Luca Corona Consigliere Comunale,≤100
105096787869877,Tashina US Jahan,Tashina US Jahan,≤100
1440145816219300,Progresso Ligure con Stefano Anzalone,Progresso Ligure con Stefano Anzalone,≤100
627005301065613,Vito Caggianelli,Vito Caggianelli,≤100
101211588036798,Sona Domani,Sona Domani,≤100
102298427930087,Vicenza in Azione,Azione Vicenza,≤100
111442558593220,Matteo Morra - candidato sindaco Marano,Matteo Morra Sindaco,≤100
304979796567065,Massimo Piccini Sindaco,Massimo Piccini Sindaco,≤100
947704582025685,Daze,These ads ran without a disclaimer,≤100
109960028753940,Luigi Paciello,These ads ran without a disclaimer,≤100
159192554552724,Vasilika Moon - La Luna di Vasilika Onlus,La luna di Vasilika ONLUS,≤100
195895477096555,Cefa - Il seme della solidarietà - Onlus,Cefa- Il seme della solidarietà- Onlus,≤100
289752771388757,Culligan Italiana,Culligan Italiana,≤100
177990150967421,La Verità di San Giorgio,La Verità di San Giorgio,≤100
778174858925483,Fondazione Roberto Franceschi Onlus,Fondazione Roberto Franceschi Onlus,≤100
1088729407904303,Andrea De Filippo Sindaco,Andrea De Filippo Sindaco,≤100
103209066038694,Federica Poggio,Federica Poggio,≤100
115563231491879,"Sindaco Gentile - Cinisello Balsamo, sul serio","Sindaco Gentile - Cinisello Balsamo, sul serio",≤100
219083282026917,Giulia Armellini,Giulia Armellini,≤100
106473192166860,TIF Media,Controradio s.r.l.,≤100
101287762932656,Giovanni Posio,Giovanni Posio,≤100
105476822530511,Palma Camarda - Un impegno che continua,Palma Camarda,≤100
590611178105666,Wonderwhy,Wonder Why,≤100
144293048945865,Knowità,Knowità Srl,≤100
107903031032426,Francesca Arrè,Francesca Arrè,≤100
446758625411819,Zerottouno News,081 News,≤100
617528441978708,Baracca 2 - la vendemmia,Baracca 2 - la vendemmia,≤100
100368163026754,SEI Morlupo,SEI Morlupo,≤100
109266632160049,Pina Cochi,StarJoy Comunication&Adv.Srls,≤100
118211631243335,Leonardo Nicolai,Coalizione Civica Vicenza,≤100
104675411019371,Leonardo Branchi - Responsabile Clienti Alleanza Firenze,Alleanza Assicurazioni,≤100
596816203810846,Patto per Alife,Patto per Alife,≤100
161801131168442,Irene Tarabella,Irene Tarabella,≤100
240531925977152,Solidarietà e Partecipazione - Città in Movimento,Solidarietà e Partecipazione - Città in Movimento,≤100
183725425373524,Studio Legale Avv. Numa Ammaturo,Studio Legale Avv. Numa Ammaturo,≤100
591249014329371,ClassiCult,ClassiCult,≤100
1181670365223505,Costa Crociere Foundation,Costa Crociere Foundation,≤100
1196364137092970,Scomodo,Scomodo,≤100
1684021261684890,Lorenzo Borzonasca Sindaco di Pietrasanta,Lorenzo Borzonasca Sindaco di Pietrasanta,≤100
108749078828899,Maurizio Di Pinto,Maurizio Di Pinto,≤100
108278228820511,Gloria Mastrocicco in Consiglio,Gloria Mastrocicco in Consiglio,≤100
165916820748484,Vittorio Ingenito,Vittorio Ingenito,≤100
343332852998331,Valeria Palmadori - Responsabile Clienti Alleanza Firenze Centro,Alleanza Assicurazioni,≤100
116817391340666,PER Pomigliano,PER Pomigliano,≤100
117460601275410,Antonio Petronella - Sindaco,Michele Fiorenzo,≤100
121465214189202,Michele Loporcaro candidato Sindaco,Michele Loporcaro candidato Sindaco,≤100
357587624388409,Ance Roma - ACER - Associazione Costruttori Edili Roma,Ance Roma – ACER – Associazione dei Costruttori Edili di Roma,≤100
113555871661602,Giovanni Moramarco Sindaco,Pasquale Lorusso,≤100
399687180851518,Angelo Pomes Sindaco,Angelo Pomes Sindaco,≤100
198405256974154,Irene Zappalà,Irene Zappalà,≤100
109039987157000,Lidia Musolino - Responsabile Clienti Alleanza Bologna Centro,Alleanza Assicurazioni,≤100
109642878760318,APP - Lista Civica per Camugnano,APP - Lista Civica per Camugnano,≤100
156491141431856,Vivi Bari,ViviBari,≤100
110954480368317,Andrea Bocci - Responsabile Clienti Alleanza Viterbo,Alleanza Assicurazioni,≤100
119805954394736,Bianca Maria Di Maio,Bianca Maria Di Maio,≤100
204034721659,Il Libraio,Il Libraio,≤100
409955252421273,ObiettivoZero,Bruschini Srl,≤100
192185625011614,Paolo Scacciatella - Responsabile Agenzia Alleanza Perugia Nord,Alleanza Assicurazioni,≤100
100119529663033,Ipazia - Associazione Culturale,Ipazia - Associazione Culturale,≤100
110092168748562,Sondrio Forza Italia,Alessia Ferrari,≤100
212217152707657,Ivan Verzilli al Comune di Teramo,Ivan Verzilli al Comune di Teramo,≤100
150618724962388,Stefano Maullu,Stefano Maullu,≤100
107425735665631,Lista Francesco Giannetti Sindaco,Lista Francesco Giannetti Sindaco,≤100
105368202525079,Lanfranco Principi Sindaco,Lanfranco Principi,≤100
114386598299191,"Argentieri Sindaca - Lista ""Domani""",Maria Lucia Argentieri,≤100
331372771010,Festival della Mente,Festival della Mente,≤100
109360861814195,Maurizio Di Franco e Roberta Santaroli candidati amministrative Teramo 2023,Maurizio Di Franco e Roberta Santaroli candidati amministrative Teramo 2023,≤100
362703577705954,Rete dei Comunisti Roma,Rete dei Comunisti Roma,≤100
328963144641854,Scullino Sindaco,Scullino Sindaco,≤100
623847078064207,Caterina Avanza,Caterina Avanza,≤100
556409371410201,Fiumicino 2023,Fiumicino 2023,≤100
113943421629049,Galileo sarebbe d'accordo,These ads ran without a disclaimer,≤100
42425772121,Stefano Pastorelli,Stefano Pastorelli,≤100
101811192881489,Andrea Vecchi,Andrea Vecchi,≤100
108370922238220,Raimondo Tiero,Four Adv,≤100
2162934993958021,Associazione Altero Matteoli,Associazione Altero Matteoli,≤100
122614387480772,,Sona Domani,≤100
110992905308601,Mario Gerardi per Teramo,Mario Gerardi,≤100
103300782717749,Marco Gentili,Per Un Nuovo Arcobaleno,≤100
329747931220637,Marcello Massucco Sindaco per Sestri Levante,associazione Marcello Massucco sindaco per Sestri Levante,≤100
114820138190169,Scelta PerSona,Scelta PerSona,≤100
102264219497070,Patto civico per Lusciano Dominga Inviti candidata sindaco,Patto civico per Lusciano Dominga Inviti candidata sindaco,≤100
113545903370868,San Cesareo Viva,San Cesareo Viva,≤100
102484505214429,Marcello Bolpagni,Marcello Bolpagni,≤100
586556718504769,Raffaele Donini,Raffaele Donini,≤100
100767489681361,,Adamo Di Cicco,≤100
224233198160680,Centrale dell'Acqua Milano,Centrale dell'Acqua Milano,≤100
353569674753767,Massimo Girelli,Massimo Girelli,≤100
101210899579047,Gaetano Petronio per Cinisello Balsamo,Gaetano Petronio per Cinisello Balsamo,≤100
102697836152465,Samuele Zavan - Candidato,Samuele Zavan,≤100
577512529020317,Tiziano Mariani Sindaco,Tiziano Mariani Sindaco,≤100
105534479152728,Matteo Bellegoni Sindaco,Matteo Bellegoni Sindaco,≤100
110951871495764,Andrea Arosio - Cologno Monzese,Andrea Arosio - Cologno Monzese,≤100
118856329502013,Alina Anamaria Amohnoae - Responsabile Clienti Alleanza Ag. Bologna Fiera,Alleanza Assicurazioni,≤100
108579048733702,Il Ritmo di Monza,Il Ritmo di Monza,≤100
119951387712167,NICA FERRI Sindaco,NICA FERRI Sindaco,≤100
121038920937683,Paolo Petrini,Paolo Petrini,≤100
110706664877592,"Sanità, Salute e Partecipazione","Sanità, Salute e Partecipazione",≤100
144252722411260,Giacomo Possamai,Giacomo Possamai,≤100
119506694423746,Felicità & Benessere,Lista Civica Felicità & Benessere,≤100
106331474473738,Esport Mobile,These ads ran without a disclaimer,≤100
228917931026259,ProgettiAMO Montegiorgio,ProgettiAMO Montegiorgio,≤100
116708481406968,Anna Coppola,anna coppola,≤100
161860364485534,Salvatore Caputo,Caputo Tecno Sound s.a.s.,≤100
365807197266695,Giuseppe Corrado,Giuseppe Corrado,≤100
115451948194276,Francesco Lewandowski,These ads ran without a disclaimer,≤100
106082095715599,Campi Domani,Comitato Civico Campi Domani,≤100
130502719950300,Maria Cristina Marroni Sindaca,Maria Cristina Marroni Sindaca,≤100
105121185240185,Massimiliano La Mantia - M5S Latina,Massimiliano La Mantia - M5S Latina,≤100
2554754194751323,Lorenzo Petrini page,Lorenzo Petrini page,≤100
257223487652443,ETIFOR,Etifor,≤100
399497627302944,Nino La Bella - Responsabile Clienti Alleanza Verona,Alleanza Assicurazioni,≤100
110306800847417,Giovanni Setaro,Giovanni Setaro,≤100
569766683055396,Fare Comune,Fare Comune,≤100
102373732326896,Valerio Moccia,Valerio Moccia,≤100
104436705952927,Per Nove Futura 23,Per Nove Futura 23,≤100
109251110807614,Alternativa Civica Vallerano,Alternativa Civica Vallerano,≤100
2190418127865899,francescocarretta.it,francescocarretta.it,≤100
444001002412639,Giacinto Mariani,Giacinto Mariani,≤100
105535229156162,Giovanni MINO' Sindaco,Giovanni MINO' Sindaco,≤100
608197162618204,Patronato  Epasa-Itaco Cittadini e Imprese,Epasa-Itaco Cittadini e Imprese,≤100
103979385780286,Marco Aurelio Getulio Forconi,Marco Aurelio Getulio Forconi,≤100
235988030502709,Gian Vittorio Battilà - candidato Sindaco 2023 per PSE,Laboratorio Civico PSE,≤100
2124750661075738,Dott. Francesco D'Auria Odontoiatra,Dott. Francesco D'Auria Odontoiatra,≤100
105612002496260,Pino Magliocca Sindaco,Giuseppe Magliocca,≤100
117937171291718,Antonio Fraglica Candidato consigliere comunale,These ads ran without a disclaimer,≤100
728252560631587,Federico Calzavara,Federico Calzavara,≤100
103413642298230,Stefano Giaquinto,Stefano Giaquinto,≤100
110667650558756,Opera di Padre Marella,Fraternità Cristiana Opera di Padre Marella - Città dei Ragazzi,≤100
67483851290,Comune di Reggio Emilia,Comune di Reggio Emilia,≤100
107816765403750,Pomezia in Azione,Pomezia in Azione,≤100
190423575021846,Giuseppe Bisogno,Giuseppe Bisogno,≤100
374647116364374,Francesca Maria Brambilla,Francesca Maria Brambilla,≤100
115117856959694,Massimiliano Simoni,Massimiliano Simoni,≤100
382264418547562,Movimento 5 Stelle Aprilia,Movimento 5 Stelle Aprilia,≤100
109643470842383,Miglionico per Moramarco,Miglionico per Moramarco,≤100
121752650861237,Leonardo Fabbri,Leonardo Fabbri,≤100
307912359293952,Viessmann,Viessmann Italia,≤100
392180827914834,Uniti per Sacrofano,Uniti per Sacrofano,≤100
726927320703290,Severino Nappi,Severino Nappi,≤100
115386361480169,Cristina Ponzanelli Sindaco,Cristina Ponzanelli Sindaco,≤100
112057861884936,,Centrodestra Correggio,≤100
765456790460408,Vittoria Marotta - Responsabile Clienti Alleanza Quartu S. Elena,Alleanza Assicurazioni,≤100
1492488504332032,Lega Umbria - Terni,Lega Umbria - Terni,≤100
105833415787641,Stefano Dal Pra Caputo per Vicenza,Stefano Dal Pra Caputo per Vicenza,≤100
108118322038518,Agnese Balducci,Agnese Balducci,≤100
165001987464879,Laboratorio Civico,Laboratorio Civico,≤100
113319513401947,Fabio Matarozzi- Responsabile Agenzia Bergamo Sud,Alleanza Assicurazioni,≤100
112312608448289,Urban_pills,These ads ran without a disclaimer,≤100
115863234763832,Alberto Ferri,Alberto Ferri,≤100
106613407381132,Giuseppe Madeo - Responsabile Agenzia Alleanza Matera,Alleanza Assicurazioni,≤100
108904395512746,Claudio De Felice,Claudio De Felice per Francesco Giannetti Sindaco,≤100
354700998371742,Ambretta Benvenuti Candidato al Consiglio Comunale Ancona,Ambretta Benvenuti Candidato al Consiglio Comunale Ancona,≤100
102427518179749,Forio è Tua - Vito Iacono Sindaco,Forio è Tua - Vito Iacono Sindaco,≤100
101817797827860,Alessio Giordano - Responsabile Clienti Alleanza Potenza,Alleanza Assicurazioni,≤100
2254738077922798,Volt Treviso,Volt Italia - Unisciti al Cambiamento,≤100
103064725977223,Idee per la sinistra,Idee per la sinistra,≤100
110491325356741,Lucrezia Ruggieri,Lucrezia Ruggieri,≤100
502318509815260,Davide Furlani,Davide Furlani,≤100
253843357988889,Controradio Firenze,Controradio,≤100
107043290764283,Anna Locaso - Responsabile Clienti Alleanza Prato,Alleanza Assicurazioni,≤100
102531522846210,Pasquale Russo,Gaetana Russo,≤100
374912813247179,Barbara Cimmino - Responsabile Clienti Alleanza,Alleanza Assicurazioni,≤100
1035757379850845,Rosanna Conte,Rosanna Conte - Europarlamentare della Lega,≤100
1561030644127750,Brugherio È Tua,Brugherio È Tua,≤100
318853806269,Dario Stefàno,La Puglia in Più,≤100
633645229995232,Una città in comune,Associazione Pisa in Comune,≤100
458027194373390,Possibile,Possibile,≤100
106812452406471,Uniti per Budoni,Uniti per Budoni,≤100
932627800231785,to.market,These ads ran without a disclaimer,≤100
102538351146176,Europa Verde Vicenza,Europa Verde Vicenza,≤100
113818051610888,Fondo Pensione Byblos,Fondo Pensione Byblos,≤100
195326237145660,Consiglieri regionali PD Toscana,Consiglieri regionali PD Toscana,≤100
112074591858210,Fernando De Felice Sindaco,Fernando De Felice Sindaco,≤100
2325408110910851,Fabio Badinelli - Responsabile Clienti Alleanza Spoleto,Alleanza Assicurazioni,≤100
227803544440788,Frisa Cambia Lealmente,Frisa Cambia Lealmente,≤100
866540863468277,Luca Novelli,Luca Novelli,≤100
1598538693745362,Federcaccia Nazionale,Federcaccia Nazionale,≤100
142142759742479,Coldiretti Verona,Coldiretti Verona,≤100
1110365552481788,Francesca Perrone - Referente Clienti Alleanza,Alleanza Assicurazioni,≤100
1441172666130044,Marco Zanni,Marco Zanni,≤100
298176857478659,Roberta Frau - Responsabile Clienti Alleanza Cagliari,Alleanza Assicurazioni,≤100
102871432629724,I Nuovi Calabresi,I Nuovi Calabresi,≤100
100545848029670,Pierpaolo Magnani Assessorato alla cultura Pisa,Pierpaolo Magnani Assessorato alla cultura Pisa,≤100
106079877882030,Lorenzo Furlan,Lorenzo Furlan,≤100
115554518123259,Ferracina Giovanni Antonio,Ferracina Giovanni Antonio,≤100
101976592748106,Pesciatini per Pisa - Sviluppo e Territorio,Sviluppo e Territorio,≤100
806920536050472,Social ITA,Social ITA,≤100
741432559225902,Demetrio Piccini autore di fumetti,artefumetti,≤100
270404713591,Piccoli Grandi Cuori Odv,Piccoli Grandi Cuori Odv,≤100
1404361459775696,Forlini Optical,FORLINI OPTICAL Srl,≤100
102049842864082,Giuseppe Romano - Candidato Sindaco Vedelago,Giuseppe Romano - Candidato Sindaco Vedelago,≤100
664648960627165,Monica Fratelli - Responsabile Clienti Alleanza Frosinone,Alleanza Assicurazioni,≤100
566932216747471,Gianluca Nicolini - Candidato al Consiglio Comunale di Correggio,Gianluca Nicolini - Candidato al Consiglio Comunale di Correggio,≤100
102364012791861,Pierfrancesco D'Ambrosio,Pierfrancesco D'Ambrosio,≤100
1991539964432178,Gruppo Tea,Gruppo Tea,≤100
403244836474350,Consiglio regionale FVG,Consiglio Regionale Friuli Venezia Giulia,≤100
103597216028564,Marco Martorana,Marco Martorana,≤100
103848286023785,Guido Di Felice - candidato Consigliere Comunale Teramo,Guido Di Felice,≤100
115518686755319,Mara Fontebasso Sindaco - Fratelli d'Italia Nervesa della Battaglia,Mara Fontebasso Sindaco - Fratelli d'Italia Nervesa della Battaglia,≤100
178808252718288,Dipartimento di Scienze e Politiche Ambientali - UNIMI,MB srl,≤100
112126150177697,Gianluigi Carminati - Responsabile Clienti Alleanza -  Agenzia di Lecco,Alleanza Assicurazioni,≤100
789403241098869,Lo Pan Ner,LO PAN NER SOC COOP,≤100
101822582873519,Nico Presti Sindaco,Nico Presti Sindaco,≤100
247075992538048,Marco Gabellone - Candidato Consigliere Crispiano 2030,Marco Gabellone - Candidato Consigliere Crispiano 2030,≤100
103678819367160,Emilia Lacroce candidata,Emilia Lacroce candidata,≤100
1365870930186361,Marco Michelini - Responsabile clientela Alleanza Assicurazioni,Alleanza Assicurazioni,≤100
116040701422758,SìAmo Ponte - Caporaso Sindaco,SìAmo Ponte - Caporaso Sindaco,≤100
1613539128892575,Fortunato Mezzapesa,Fortunato Mezzapesa,≤100
101886092880905,ViviAmo Alezio,ViviAmo Alezio,≤100
102541072835982,Massagrande Lino candidato NOI PER VOI,Lino Massagrande,≤100
104827867585092,Giovanni Apa - Responsabile Clienti Alleanza Ferrara San Giorgio,Alleanza Assicurazioni,≤100
412459875875884,Diego Nicolini,Diego Nicolini,≤100
108412960897965,Davide Longo Photography,Davide Longo Photography,≤100
753253628339973,Alex Ploner - Team K,Alex Ploner,≤100
216266565634487,Alleanza Civica per Sacrofano,Alleanza Civica per Sacrofano,≤100
504602692992828,Radio Stella Tortolì,Radio Stella Tortolì,≤100
108061628920536,Ripartiamo da Nove - Luca Rebellato Sindaco,"Lista civica ""Ripartiamo da Nove""",≤100
109871178748012,Sant'Agnello Autentica,Sant'agnello autentica,≤100
109547590424165,Aldo Mario Cauteruccio - Responsabile Clienti Alleanza Cosenza,Alleanza Assicurazioni,≤100
2459092164316653,Meditiamo Insieme,Meditiamo Insieme,≤100
105118499124826,Giorgio De Nardi,Giorgio De Nardi,≤100
108819058831334,Alta Voce - Festival dei libri,Alta Voce - Festival dei libri,≤100
177253708985756,PD Corciano,Danilo Mattaioli,≤100
107870898926806,Insieme per Chiaravalle,Insieme per Chiaravalle,≤100
245235378977291,La Voce Di Rovigo,Editoriale La Voce soc. coop.,≤100
103396506061576,Uniti per San Cesareo - Forza Italia,Daniele Nardi,≤100
361288577718183,Da adesso in poi - Civici per Vicenza,DA ADESSO IN POI,≤100
108061628920536,Ripartiamo da Nove - Luca Rebellato Sindaco,Ripartiamo da Nove Luca Rebellato Sindaco,≤100
110298033745976,Marco Cerionese - Responsabile Clienti Alleanza Portogruaro,Alleanza Assicurazioni,≤100
175225625972540,Nello Donnarumma,Nello Donnarumma,≤100
338701129575366,Tre Marchetti,These ads ran without a disclaimer,≤100
194794413943019,Telefono Rosa,These ads ran without a disclaimer,≤100
146906605478072,Impegno in Comune per Capriate San Gervasio e Crespi d’Adda,Impegno in Comune per Capriate San Gervasio e Crespi d’Adda,≤100
321700738739700,Fabrizio Beraglia Responsabile Clienti Alleanza Mercato San Severino,Alleanza Assicurazioni,≤100
105738425816100,"Stefania Ulivieri, candidata sindaco di Gavorrano","Stefania Ulivieri, candidata sindaco di Gavorrano",≤100
106941034306044,Filippo Frugoli,Filippo Frugoli,≤100
106512109042716,Andrea Montesanto,Andrea Montesanto,≤100
113621591604547,Imperia Rinasce,Imperia Rinasce,≤100
111129415254796,Barbara Zilli,Barbara Zilli,≤100
110306160687150,Il Castello di Pordenone,Associazione La Civica Pordenone,≤100
370959256812169,Piero De Luca,Piero De Luca,≤100
110883288645667,GiuseppinaD’Ambrosio,These ads ran without a disclaimer,≤100
112232964796025,Medicina Generale Siena,Medicina Generale Siena,≤100
179109698786091,Francesco Saoncella,Francesco Saoncella,≤100
104793245950466,Memeo,Marco Fadda,≤100
105138745857910,Carlo Antonetti,Carlo Antonetti,≤100
407835399249537,Circolo Culturale Eureka Pordenone,Circolo Culturale Eureka Pordenone,≤100
163093070450520,Marco Niccolai,Marco Niccolai,≤100
1418095495072897,Città Perbene,Città Perbene,≤100
108734597708730,Con Lina Sindaco,Lina Tartagliane,≤100
646685805954125,Maria Passaro Sindaco - La Città di tutti,Maria Passaro Sindaco - La Città di tutti,≤100
1566893983535463,Andrea Giorgio,Andrea Giorgio,≤100
101552737937972,Giorgio Giordanengo - Responsabile Clienti Alleanza Saluzzo,Alleanza Assicurazioni,≤100
267328176618254,Le Lampare Bassojoniocosentino,Jonio Wild,≤100
163325401174546,Salvatore Altiero - Sinistra Civica Ambientalista,Salvatore Altiero - Sinistra Civica Ambientalista,≤100
384967345458127,Maria Cristina Costa - Responsabile Clienti Alleanza Pomezia,Alleanza Assicurazioni,≤100
279254145570834,Monini,Monini s.p.a.,≤100
109096921388391,Cambiamo Tregnago,Cambiamo Tregnago,≤100
112360458458828,emp_one,These ads ran without a disclaimer,≤100
109929135221714,Lorenzo Cavedon - Consigliere Comunale Umbertide - Fratelli D’Italia,Lorenzo Cavedon - Consigliere Comunale Umbertide - Fratelli D’Italia,≤100
115600044808055,Ragno Mattia,Ragno Mattia,≤100
112707585099099,Angelica Sindaco,SGM MARKETING,≤100
599433750402701,Vittorio Fata Sindaco,Vittorio Fata Sindaco,≤100
419632445549619,Elenia Bambini - Responsabile Clienti Alleanza Orvieto,Alleanza Assicurazioni,≤100
354811375390349,Raffaele Colombara,Raffaele Colombara,≤100
1087189548124068,Luigi Giordano,Luigi Giordano,≤100
114450638263669,Attilio Ardito Sindaco,Attilio Ardito Sindaco,≤100
617657438582409,Salvatore Lax Candidato Consigliere Comunale Aprilia 2023,Salvatore Lax Candidato Consigliere Comunale Aprilia 2023,≤100
106998751011024,Europa Verde - Verdi di Padova,Verdi Veneto,≤100
108388452222834,Manerbio Incontra - Vittorielli Sindaco,Manerbio Incontra - Vittorielli Sindaco,≤100
303258723202454,Fratelli d'Italia Gorgonzola,Fratelli d'Italia Gorgonzola,≤100
1424045261182184,Alberto Avetta,Alberto Avetta,≤100
278697162625598,Patto Civico 2023,Patto Civico 2023,≤100
108635695065099,Matteo Mozzo,Matteo Mozzo,≤100
347779118298,Filippo Samachini,Filippo Samachini,≤100
102052136124315,San Ginesio Comunità Condivisa,San Ginesio Comunità Condivisa,≤100
109239368750557,Massimiliano Ciarpella Sindaco,Massimiliano Ciarpella Sindaco,≤100
244880619402966,Zanini Gabriele,Zanini Gabriele,≤100
378477895964625,Gianguido D'Alberto - Sindaco di Teramo,Gianguido D'Alberto - Sindaco di Teramo,≤100
101612686236587,RilanciAmo Noci,RilanciAmo Noci,≤100
2100347216672531,"Noi, per Gavorrano - Andrea Maule Sindaco","Noi, per Gavorrano - Andrea Maule Sindaco",≤100
176440422401103,Micromegas,These ads ran without a disclaimer,≤100
101476386262673,Lellorusso Sindaco,Lellorusso Sindaco,≤100
205832732767701,Regione del Veneto,POR - FESR,≤100
112923428368646,Alessandro Mezzavilla - FdI,Alessandro Mezzavilla - FdI,≤100
272591136175716,Fondazione Banca degli Occhi del Veneto Onlus,Fondazione Banca degli Occhi del Veneto Onlus,≤100
105883945819600,Futuro per Montesarchio - Annalisa Clemente Sindaco,Annalisa Clemente,≤100
112873758883094,Uniti per Mareno,Uniti per Mareno,≤100
102634731131746,Domenico Varacalli - Responsabile Clienti Alleanza Siderno,Alleanza Assicurazioni,≤100
108735222202305,Aurora Brinda - Unione di Centro,Study with Athena,≤100
108717118856096,Teresa Sorrentino,Teresa Sorrentino,≤100
272801896733406,USR PLUS Italia,Partidul Uniunea Salvati Romania,≤100
218242994910861,Studio Dentistico Calabria,Studio Dentistico Calabria,≤100
888463514680198,Massimo Bologna,Massimo Bologna,≤100
2275815172647849,Alberto Biundo - Responsabile Clienti Alleanza Vicenza,Alleanza Assicurazioni,≤100
292838054181388,Amantia Giovanni Alleanza per Bussolengo,Amantia Giovanni Alleanza per Bussolengo,≤100
213508652057992,Confartigianato - Imprese Territorio,Confartigianato Imprese Varese,≤100
101521712909184,Niside Muscas - Candidata Sindaco,Niside Muscas - Candidata Sindaco,≤100
103385516059256,Seregno al centro,Seregno al centro,≤100
109844058759107,Mariangela Salerno,Mariangela Salerno,≤100
110390111968176,Riccardo Franchi Sindaco di Pescia,Walter Tripi,≤100
104336315991557,Marco Borgioli per Antonio Grassotti sindaco di Pescia,Marco Borgioli per Antonio Grassotti Sindaco,≤100
110008275279346,Achille Spinelli,Achille Spinelli,≤100
165586483600508,,Nini Ferrari,≤100
107698175294739,Fondazione Italiana Ambiente,Fondazione Italiana Ambiente,≤100
111287588621319,Stefano Zanelli,Cologno Libera,≤100
117804851248844,Roberto Rubegni Sindaco di Ancona,Roberto Rubegni Sindaco di Ancona,≤100
671410149947364,Chiara Caucino,Chiara Caucino,≤100
115531866932766,Rossi Nicoletta Candidata Elezioni Amministrative Terracina,Rossi Nicoletta Candidata Elezioni Amministrative Terracina,≤100
104849379268888,Pasquale Brancaccio,Pasquale Brancaccio,≤100
107959748780150,Silvia Altamura - Assessorato al Welfare,These ads ran without a disclaimer,≤100
105071570853663,Grande Gorgonzola-Lista Olivieri per l'autonomia,Confederazione Grande Nord,≤100
1939214983056193,Luca Carizia - Sindaco Umbertide,Luca Carizia - Sindaco Umbertide,≤100
103073637755713,Luciano Carbone,Luciano Carbone,≤100
107509161066065,Giliberti Adriano,Giliberti Adriano,≤100
453286718578448,Riccardo Reina - Responsabile Clienti Alleanza Pavia Ticino,Alleanza Assicurazioni,≤100
897415983693569,Gas Sales Energia,Gas Sales Energia,≤100
1525276264261539,Manfredi Potenti,Manfredi Potenti,≤100
683525718413035,LUCA MORI. Alternativa per Pietrasanta,LUCA MORI. Alternativa per Pietrasanta,≤100
108859405217386,FreeMarano,FreeMarano,≤100
103333946064311,Maria Rosalba De Vivo,Maria Rosalba De Vivo,≤100
185414292319701,Marostica per Tutti,Marostica Partecipa,≤100
825108947508032,CTR - Centro Terapia Riabilitativa,CTR - Centro Terapia Riabilitativa,≤100
140827169291068,Infosecurity Europe,These ads ran without a disclaimer,≤100
108350544421634,How&Why,These ads ran without a disclaimer,≤100
226830347447361,NordVPN,These ads ran without a disclaimer,≤100
120733700998159,ilariasds_dj,These ads ran without a disclaimer,≤100
171923206205552,UNICEF Ukraine,These ads ran without a disclaimer,≤100
217519028785017,Nature Research Custom Media,These ads ran without a disclaimer,≤100
98673036962,ROLDA,These ads ran without a disclaimer,≤100
205332123261241,Знакомства RusDate,These ads ran without a disclaimer,≤100
100374392742057,Weregreenly- Magazine,These ads ran without a disclaimer,≤100
695045403877568,Competitions.archi,These ads ran without a disclaimer,≤100