﻿Page ID,Page name,Disclaimer,Amount spent (UYU),Number of ads in Library
2229936167288652,Juan Sartori,Equipo Juan Sartori,668,2
2332750643467917,Yamandú Costa,José Manuel Gutiérrez Pereira Das Neves,530,1
225968600759645,Andrés Lima,Ernesto Dario Castro Rodriguez,378,4
192297571405244,Partido Socialista - Salto,Partido Socialista - Salto,300,1
316246769083069,Corruptos Radio,Juan Andrés Gómez Robaina,≤100,1
508745562990453,Partido Socialista PS90 Rivera,Jhonnatan Daniel Perez Da Silva,≤100,1
103988995047541,Diputada Nancy Nuñez Soler,Nancy Estela del Pilar Nuñez Soler,≤100,1
110647840532680,Merge Mayor,These ads ran without a disclaimer,≤100,2
308762172579887,Rodrigo Goñi Reyes,Maria Florencia Porro,≤100,1
280128215347173,91.3 FM San Ramón,These ads ran without a disclaimer,≤100,1
105157221698425,Richmond Solution,These ads ran without a disclaimer,≤100,1
108562965017764,vaccottifer,These ads ran without a disclaimer,≤100,1
152914224736727,Banco Mundial,These ads ran without a disclaimer,≤100,2
725505594135727,Adventure Escape,These ads ran without a disclaimer,≤100,1
366815896693520,Milo Claure,These ads ran without a disclaimer,≤100,1
101715608808670,Judgment Day: Angel of God,These ads ran without a disclaimer,≤100,1
101894826563370,Sotheby's,These ads ran without a disclaimer,≤100,1
108625789179165,Soi Dog Foundation,These ads ran without a disclaimer,≤100,1
1484031468591827,nexos+1,These ads ran without a disclaimer,≤100,1
106450964481055,APsystems LATAM,These ads ran without a disclaimer,≤100,1
10750083165,The Africa Report,These ads ran without a disclaimer,≤100,1
463423310436,FIIAPP,These ads ran without a disclaimer,≤100,1
1239952466122244,Adtalem Global Education,These ads ran without a disclaimer,≤100,1
110463704610731,Cute Kiwi,These ads ran without a disclaimer,≤100,1
285530825204,Klitschko,These ads ran without a disclaimer,≤100,1
480934751930354,Luv4All: Mother Earth Warns. Wake Up Your Compassion,These ads ran without a disclaimer,≤100,1