﻿Page ID,Page name,Disclaimer,Amount spent (USD)
101171578647173,मनिस कुमार यादव जिताउ अभियान,Rishna Kumar Mandal,≤100
338109312883186,China Xinhua News,These ads ran without a disclaimer,≤100
103180165937325,Salhesh,These ads ran without a disclaimer,≤100
101454927892559,OnlinePana,Online Pana,≤100
103789762224168,Xender emmanuel the  Internet Analyst,These ads ran without a disclaimer,≤100
104090549299170,investigation kbc,These ads ran without a disclaimer,≤100
164344500263690,Beijing Review,These ads ran without a disclaimer,≤100