﻿Page ID,Page name,Disclaimer,Amount spent (EUR)
102161746015885,Moldova Mea De VIS,Moldova Mea De VIS,≤100
107634138966060,PAS Ocnița,Partidul Politic Acțiune și Solidaritate,≤100
112352651471410,Morari.live,Morari.live,≤100
106535802709949,Vlad Filat,Vlad Filat,≤100
1827162984186887,Вячеслав Платон: за свободную Молдову.,Вячеслав Платон: за свободную Молдову.,≤100
1805726386405532,WatchDog.MD,WatchDog.MD,≤100
101842212936338,Ruttor,These ads ran without a disclaimer,≤100
908402452570843,Partidul Acțiune și Solidaritate,Partidul Acțiune și Solidaritate,≤100
188592694525762,Fundația Soros Moldova,Fundația Soros Moldova,≤100
160625514692148,StopFals.md,StopFals.md,≤100
597470323744357,Primăria Mea,Primăria Mea,≤100
739189706285160,De facto: Ne apărăm de propagandă,De facto: Ne apărăm de propagandă,≤100
111718006853689,Radar Politic,Radar Politic,≤100
148909798467913,Partidul Social Democrat European,Partidul Social Democrat European,≤100
101786405377420,maib business,maib,≤100
223647077681853,Asociatia Presei Independente,API,≤100
845877702098734,Debates.md,Debates.md,≤100
1641823949368794,Partidul Național Moldovenesc,Partidul National Moldovenesc,≤100
909603949153023,Anastasia Lider Avon,These ads ran without a disclaimer,≤100