﻿Page ID,Page name,Disclaimer,Amount spent (VND)
100662756259026,Thanh Vân Hugo,These ads ran without a disclaimer,920855
1507429892822619,BOM Money,BOM Money,6987
103111032473035,Lương Y Phạm Văn Thanh - Xương Khớp Vùng Cao,These ads ran without a disclaimer,5776
107713842237310,SÁCH HAY GIÁ RẺ,These ads ran without a disclaimer,4181
104640271243082,Bách Hóa Ăn Dặm,Bách Hóa Ăn Dặm,3301
101865258169428,ĐEN Secondhand,ĐEN Secondhand,1087
103504685839697,SÁCH TỔNG HỢP,These ads ran without a disclaimer,805
100190251454228,Bình Bán Book,These ads ran without a disclaimer,186
105062615490802,Thượng Tọa Thích Đức Thiện,Thượng Tọa Thích Đức Thiện,125