﻿Page ID,Page name,Disclaimer,Amount spent (USD)
17043549797,MIT Technology Review,These ads ran without a disclaimer,≤100
415438789051284,"حزب سياسي جديد ""الحراك الجزائري العالمي سلمي من أجل الجزائر والقدس",These ads ran without a disclaimer,≤100
111199681780929,Zakaria Benati,These ads ran without a disclaimer,≤100
100521781491273,منتدى الأوراس للتضامن و التنمية,منتدى الأوراس للتضامن و التنمية,≤100
107944608042253,الصفحة الرسمية للنائب الدكتور بوجلطية ناصر,الصفحة الرسمية للنائب الدكتور بوجلطية ناصر,≤100
104140320927199,قناة الإنتصار TV,قناة الإنتصار TV,≤100
111881955207831,Algerie patriot,Algerie patriot,≤100
1861193460685901,LES Hommès Et LES Femmès Dé Sétif,LES Hommès Et LES Femmès Dé Sétif,≤100