﻿Page ID,Page name,Disclaimer,Amount spent (EUR)
86874647886,Net.hr,Net.hr,≤100
248268301858527,Jamnica,Jamnica plus d.o.o.,≤100
125703770797582,Jana,Jamnica plus d.o.o.,≤100
1665775650371580,Gradonačelnik.hr,Gradonačelnik.hr,≤100
108517321984038,Euro.hr,These ads ran without a disclaimer,≤100
1781165065440754,N1 Hrvatska,N1 Hrvatska,≤100
1761306837490096,ĐIR TV,Đir TV,≤100
688325737947866,Telegram.hr,Telegram Media Grupa,≤100
2305130156436757,Hrvatski suverenisti,HRVATSKI SUVERENISTI,≤100
178362315106,European Parliament,European Parliament,≤100
110933407315208,Hrvatski-glasnik,hrvatski glasnik,≤100
122081620813,DNEVNIK.hr,NOVA TV,≤100
235319525101705,Genius by InterCapital,InterCapital Asset Management,≤100
63044235866,UN Climate Change,UN Climate Change with Facebook Ad Credits,≤100
106928174232844,Domovinski pokret,Domovinski pokret,≤100
410274919036976,Vigilare,Vigilare,≤100
109420188426263,VIDA,Vida produkcija,≤100
1613596262283008,Solidarna - zaklada za ljudska prava i solidarnost,SOLIDARNA Foundation,≤100
105958751249374,Energia naturalis,Energia naturalis d.o.o.,≤100
1487935214842281,Faktograf.hr,Faktograf.hr,≤100
129634970518,SDP Hrvatske,SDP Hrvatske,≤100
173040910995341,portalzdravlje.hr,Health Media Solution d.o.o.,≤100
638604229648184,Ivan Anušić,Ivan Anušić,≤100
133678452137,Mreža mladih Hrvatske - Croatian Youth Network,Mreža mladih Hrvatske,≤100
378390442713711,Frano Čirko,Frano Čirko,≤100
1370888666270899,Tko te pita? EU pita,Mreža mladih Hrvatske - Croatian Youth Network,≤100
113001768735420,IDE3 IT,IDE3,≤100
54779960819,United Nations,United Nations with Facebook Ad Credits,≤100