﻿Page ID,Page name,Disclaimer,Amount spent (THB)
172057439546202,พันโท สินธพ แก้วพิจิตร (เสธ.แก้ว),พันโท สินธพ แก้วพิจิตร (เสธ.แก้ว),825
127610057890,KBank Live,KBank Live,683
106337912336664,ปั้น ณัทกร แก้วพิจิตร,ปั้น ณัทกร แก้วพิจิตร,565
100239615243582,จารุพรรณ เพชรดี,จารุพรรณ เพชรดี,310
101673076131930,พรรคเปลี่ยน,พรรคเปลี่ยน,284
109960305368979,ฐานุพงศ์ รังสิไตรพงศ์ - โจ๊ย,Pimmada Rangsitaiphong,221
108140005533324,ทีมงานผู้สมัคร พรรคพลังประชารัฐ เขต 1 จีระเกียรติ ภูมิสวัสดิ์ - ผู้ว่าใหม่,Supawat Jaronedee,220
100985972856061,ธนพจน์ ทรัพย์ยอดแก้ว - Thanapoj Subyodkaew,Thanapoj Subyodkaew,146
161651553861945,Amnesty International Thailand,Amnesty International Thailand,≤100
104765964899041,นอท กองสลากพลัส,นอท พันธ์ธวัช นาควิสุทธิ์,≤100
113019528379127,"กมลสันติ กลั่นบุศย์ ""ผู้การจี""",Chalit Tuntithanakul,≤100
2131398436998925,ชนินทร์ รุ่งแสง ปชป.,ชนินทร์ รุ่งแสง ปชป.,≤100
149079361791677,พรรคเพื่อไทย,พรรคเพื่อไทย,≤100
109239188766815,ดร. วิทยา อินาลา พรรคไทยพร้อม,Klod Sawadputsra,≤100
102807719039442,พรรครวมไทยสร้างชาติ United Thai Nation Party,พรรครวมไทยสร้างชาติ United Thai Nation Party,≤100
137188693021815,สืบจากข่าว,สืบจากข่าว,≤100
1973111156281141,กอล์ฟ อัครนันท์ กัณณ์กิตตินันท์,Akaranun Khankittinan,≤100
681918321922813,ดร.ตั้น กฤชนนท์ อัยยปัญญา,ดร.ตั้น กฤชนนท์ อัยยปัญญา,≤100
109263155401195,นายกประเทศ บุญยงค์,นายกประเทศ บุญยงค์,≤100
104427797605274,พี่ต่อ ดร.เฉลิมชัย ศรีอ่อน “คำไหน-คำนั้น”,พี่ต่อ ดร.เฉลิมชัย ศรีอ่อน “คำไหน-คำนั้น”,≤100
157659344260788,จุรินทร์ ลักษณวิศิษฏ์ Aoodda,Jurin Laksanawisit,≤100
2046265545683549,เชียร์ลุง,เชียร์ลุง,≤100
351458658908870,คุณปอ รับจำนอง-ขายฝาก ที่ดิน  อสังหา,These ads ran without a disclaimer,≤100
108261230583781,เอิร์ธ พงศกร ขวัญเมือง - Earth Pongsakorn Kwanmuang,เอิร์ธ พงศกร ขวัญเมือง - Earth Pongsakorn Kwanmuang,≤100
100568038658864,อธิวัฒน์ สอนเนย,Athiwat Sornnoey,≤100
177948972256358,เอกนัฏ พร้อมพันธุ์ (ขิง),Chonticha Mahachai,≤100
1683658098593742,THE STANDARD,"THE STANDARD CO., LTD",≤100
296508406790,"Democrat Party, Thailand พรรคประชาธิปัตย์","Democrat Party, Thailand พรรคประชาธิปัตย์",≤100
115905241390909,เนเน่ รัดเกล้า สุวรรณคีรี,Rudklao Intawong Suwankiri,≤100
101535845426970,พรรคไทยสร้างไทย,พรรคไทยสร้างไทย,≤100
100624122148338,โรงพยาบาลรวมใจรักษ์ สุขุมวิท 62 Ruamjairak Hospital Sukhumvit 62,โรงพยาบาลรวมใจรักษ์ สุขุมวิท 62 Ruamjairak Hospital Sukhumvit 62,≤100
258984171484737,นนท์ นนทิวรรธน์,วรรณชัย เรือนแก้ว,≤100
101755712680612,รัก ณิชาภา โกวิทานนท์ ผู้สมัคร ส.ส.สมุทรสงคราม พรรคเพื่อไทย,รัก ณิชาภา โกวิทานนท์ ผู้สมัคร ส.ส.สมุทรสงคราม พรรคเพื่อไทย,≤100
101504656149099,Peace Sasipatra  - พีซ ศศิร์ภัทรา,Peace Sasipatra  - พีซ ศศิร์ภัทรา,≤100
183238185051108,อรรถวิชช์ สุวรรณภักดี,อรรถวิชช์ สุวรรณภักดี,≤100
221139347953872,อภิมุข ฉันทวานิช - Apimuk Xanthavanij,อภิมุข ฉันทวานิช - Apimuk Xanthavanij,≤100
113067400607487,กันตพงศ์ ดีชัยยะ - แมพ,กันตพงศ์ ดีชัยยะ - แมพ,≤100
112332525119611,เอกภาพ หงสกุล ผู้สมัคร ส.ส.พรรคเพื่อไทย เขตสายไหม,เอกภาพ หงสกุล ผู้สมัคร ส.ส.พรรคเพื่อไทย เขตสายไหม,≤100
111341764925564,สำนักสนับสนุนการพัฒนาระบบสุขภาพ - สำนัก 7 สสส.,สำนักสนับสนุนการพัฒนาระบบสุขภาพ - สำนัก 7 สสส.,≤100
118757751143686,อิทธิพล ชลธราศิริ - Itthiphon Chontharasiri - แบงค์ชัย,Itthiphon Chontharasiri,≤100
241115389300595,คุณหญิงสุดารัตน์ เกยุราพันธุ์ Sudarat Keyuraphan,คุณหญิงสุดารัตน์ เกยุราพันธุ์ Sudarat Keyuraphan,≤100
651699931624315,Techsauce,Techsauce,≤100
101131779622741,คนรักประเทศไทย,These ads ran without a disclaimer,≤100
622674297897819,Screenshirt2020,Screenshirt2020,≤100
345127652279503,มูลนิธิสากลเพื่อคนพิการ,มูลนิธิสากลเพื่อคนพิการ,≤100
204016840519336,ศ.ดร.นฤมล ภิญโญสินวัฒน์,ศ.ดร.นฤมล ภิญโญสินวัฒน์,≤100
100761582502948,จารุพล เรืองสุวรรณ - อาจารย์จา,Charupol Ruangsuwan,≤100
112343717773740,Betapetonline,ชัชญา พานิช,≤100
382558248956531,กมลพัฒน์  ปุงบางกะดี่  เขตบางขุนเทียน,กมลพัฒน์  ปุงบางกะดี่  เขตบางขุนเทียน,≤100
115922723434700,ครูเจพีสรุปย่อ for Teacher,ครูเจพีสรุปย่อ for Teacher,≤100
1423854681069294,สาคร เกี่ยวข้อง,สาคร เกี่ยวข้อง,≤100
116668478038395,โด่ง ชัชวาล พรอมรธรรม เพื่อไทย ขอนแก่น เขต 1,โด่ง ชัชวาล พรอมรธรรม,≤100
2151302718520482,ธิดารัตน์ ยิ่งเจริญ Tidarat Yingcharoen,ธิดารัตน์ ยิ่งเจริญ Tidarat Yingcharoen,≤100
111331191880453,วินัย วิจิตรโสภณ - Winai Wijitsophon,วินัย วิจิตรโสภณ - Winai Wijitsophon,≤100
120566510971339,พรรคเพื่อไทยจังหวัดชลบุรี,Aready ads,≤100
601953326929372,ธัญวัจน์ กมลวงศ์วัฒน์ - Tunyawaj Kamolwongwat,Tunyawaj Kamolwongwat,≤100
105125715202609,ส.ส.ไผ่ ลิกค์,ส.ส.ไผ่ ลิกค์,≤100
251576523395330,Peerapol Thatom พีรพล ทะต่อม,Peerapol Thatom,≤100
114574341574903,อิทธิเดช สุพงษ์ - Itthidej Suphong,Tanapat Srisontiyakun,≤100
107628191145278,คลองสามวา เขต17 Fcเพื่อไทย,คลองสามวา เขต17 Fcเพื่อไทย,≤100
365923533756876,Kleens อกไก่ปั่น,สันตยุต ทองวิลาศ,≤100
109316932096944,ดร.พร้อมพงศ์ นพฤทธิ์ - Dr.Prompong Nopparit,Prompong Nopparit,≤100
113023081702937,ธีระ สลักเพชร,ธีระ สลักเพชร,≤100
515031131965252,Arnon FC - อานนท์ นุ่นสุข,These ads ran without a disclaimer,≤100
107612328588715,The Voters,สันติสุข กาญจนประกร,≤100
340110720173014,SaveThaiCuts,SaveThaiCuts,≤100
103519619366975,รวมไทยสร้างชาติ ชลบุรี,พลสิทธิ์ พงศ์พัฒนะกิจ,≤100
103270756062594,ทนายกาย ธนินท์ธร ภูมราช เบอร์ 2 เขต 2 นนทบุรี,These ads ran without a disclaimer,≤100
114437394843299,หนุ่ม เจษฎา เอี่ยมปุ่น - Jatsada Aiempun,หนุ่ม เจษฎา เอี่ยมปุ่น - Jatsada Aiempun,≤100
113001706909463,สส.เป้ นภาพร เพ็ชร์จินดา Dr.Napaporn Petchinda,สส.เป้ นภาพร เพ็ชร์จินดา Dr.Napaporn Petchinda,≤100
514800142336756,ดร. นิพนธ์ แจ่มจำรัส ชลบุรี เขตเจ็ด เบอร์ 11,Kevin Maltig,≤100
108515294626891,สอบข้าราชการท้องถิ่น By Thurakan,Chiraphorn Thuree,≤100
101636186123234,ไชยพล เดชตระกูล,ไชยพล เดชตระกูล,≤100
490715381426766,บิลลี่ - Jirawat Arunyakanon - จิรวัฒน์ อรัณยกานนท์,บิลลี่ - Jirawat Arunyakanon - จิรวัฒน์ อรัณยกานนท์,≤100
108201828409912,ณัฐวัฒน์ พอใช้ได้,Atirit Dechasiniwat,≤100
102661302788490,กานต์ กฤตินี รุณแสง,วรรณชัย เรือนแก้ว,≤100
110863091226908,เสวก ประเสริฐสุข,เสวก ประเสริฐสุข,≤100
109479500554299,เชียร์ลุง 2,เชียร์ลุง 2,≤100
120584364308926,Fcรองแก๊ป-ศักดา สมบูรณ์ลักขณา,Thanarat Tubtieamsuk,≤100
100234732443408,สุบิน หีมใบ พรรคก้าวไกล เขต8 สงขลา,These ads ran without a disclaimer,≤100
103983981304937,พรรคเสมอภาค-Equality Party,These ads ran without a disclaimer,≤100
108635927540997,เทมส์ ไกรทัศน์ - ภูเก็ต,เทมส์ ไกรทัศน์ - ภูเก็ต,≤100
100152313003832,จิตราภรณ์ กล้าแท้,These ads ran without a disclaimer,≤100
112073738279329,สิงโต - ศักดิ์สิทธิ์ ขาวทอง,สิงโต - ศักดิ์สิทธิ์ ขาวทอง,≤100
103465462538992,ภูมิใจไทย ภูเก็ต,ภูมิใจไทย ภูเก็ต,≤100
113855987049534,โอเล่ เอกชัย ผ่องจิตร์,โอเล่ เอกชัย ผ่องจิตร์,≤100
103983981304937,พรรคเสมอภาค-Equality Party,Nalinphas Ongkunaruk,≤100
106114681299032,ชูเกียรติ จีนาภักดิ์,ชูเกียรติ จีนาภักดิ์,≤100
105970262293854,MC Glasses studio ll,These ads ran without a disclaimer,≤100
152665702176493,Ringsideการเมือง,Ringsideการเมือง,≤100
100298682713615,เสื้อวินเทจ ลายมัน ผ้าดำ,เสื้อวินเทจ ลายมัน ผ้าดำ,≤100
494189467277672,Agenda,Agenda,≤100
108508377637861,มุ้งจีบพระราม2 โรงงานผลิตมุ้งจีบ มุ้งลวด เหล็ดดัดทุกชนิด,กุหลาบ บัวสด,≤100
110881428552956,ทิสรัตน์ เลาหพล - เพ้น,ทิสรัตน์ เลาหพล - เพ้น,≤100
106561034744198,ลอรี่ - พงศ์พล ยอดเมืองเจริญ,ลอรี่ - พงศ์พล ยอดเมืองเจริญ,≤100
111852360177624,วิวัฒน์ จินดาพล สจ.ต้อม,วิวัฒน์ จินดาพล สจ.ต้อม,≤100
101903785231136,นายกไก่กังวาล ศักดิ์ชัย พิศาลผล,Thanachit Phraemuang,≤100
105363222441534,หน้ากากอนามัยเพื่อสุขภาพ Mind Mask เพจตัวแทนจำหน่ายหลัก-ภาคเหนือ,These ads ran without a disclaimer,≤100
107806575615846,พลังสหกรณ์,These ads ran without a disclaimer,≤100
352318098651383,โตโต้ ปิยรัฐ - Piyarat Chongthep,โตโต้ ปิยรัฐ - Piyarat Chongthep,≤100
109787234788712,PanDa Aud V.1,These ads ran without a disclaimer,≤100
1008069346052207,วีระ รูปคม-weera roopkom,วีระ รูปคม-weera roopkom,≤100
105308564750704,ณัฏฐ์ มงคลนาวิน,ณัฏฐ์ มงคลนาวิน,≤100
418729291509368,สถาบันปรีดี พนมยงค์ Pridi Banomyong Institute,สถาบันปรีดี พนมยงค์ Pridi Banomyong Institute,≤100
243465416352138,พรรคเพื่อชาติ,บริษัท เวิร์ค 360 จำกัด,≤100
110210164838183,พิชัย ชมภูพล,พิชัย ชมภูพล,≤100
102264295456894,Sirin Sanguansin - สิริน สงวนสิน,Sirin Sanguansin,≤100
104129959181229,อี๊ฟ กัญธนา,These ads ran without a disclaimer,≤100
100385865858225,D-vote,These ads ran without a disclaimer,≤100
100893829013139,ภูริวรรธก์ ใจสำราญ - Puriwat Chaisamran,Puriwat Chaisamran,≤100
105564202863465,Wan ubumrung,Wan ubumrung,≤100
463506024085653,วัดบ้านลาด/หลวงพ่อทองสัมฤทธิผล,These ads ran without a disclaimer,≤100
104057718063482,สิทธิพล ภูธรณ์ ก้าวไกล ชัยภูมิ เขต4,นายสิทธิพล ภูธรณ์,≤100
129602281218084,Pongwat T. - ผู้สมัคร สส กทม เขต 2 ราชเทวี ปทุมวัน สาทร พรรคเสรีรวมไทย,Pongwat Tunnukul,≤100
102630781633289,Thailand Policy Lab  - TPLab,These ads ran without a disclaimer,≤100
100915662043252,Denis Ads.,บริษัท เดนิส แอดส์ จำกัด,≤100
107392695633799,สรวีย์ เขต1ปทุมธานี พรรคก้าวไกล,Suppalerk Suppapantita,≤100
109253101480638,วรท ศิริรักษ์ - Warot Sirirak,วรท ศิริรักษ์ - Warot Sirirak,≤100
111872548439787,เพื่อนอุทัย,Attapon  Mingkwan,≤100
260794047962523,รศ.ดร.รงค์ บุญสวยขวัญ เขต1 นครศรีธรรมราช พลังประชารัฐ,These ads ran without a disclaimer,≤100
287842647957979,EU International Partnerships,These ads ran without a disclaimer,≤100