﻿Page ID,Page name,Disclaimer,Amount spent (CLP)
159639460764792,LATAM Airlines,LATAM Airlines,802189
342958192219,Secretaría General de Gobierno,Secretaría General de Gobierno,458387
104189318481439,Minería y Futuro,Mineria y Futuro,110303
305958239880216,Cidere Región de Coquimbo,CIDERE Coquimbo,86092
860605540813125,BTG Pactual Chile,BTG Pactual Chile,51495
105798328215264,Asistencia Familia,Asistencia Familia,46513
150331635097423,Servicio Electoral de Chile,Servicio Electoral de Chile,44756
106694028236100,Gerencia de Personas,These ads ran without a disclaimer,37012
105783868682878,Asistencia Tesorería,Asistencia Tesoreria,36529
78617029137,Greenpeace Chile,Fundación Greenpeace Pacífico Sur,32785
19270352324,Universidad Andrés Bello,Universidad Andrés Bello,23108
117807634946410,Sociedad de Fomento Fabril (Sofofa),Sofofa,18506
229835819030014,Gabriel Domínguez,Gabriel Domínguez,15823
78239901502,Diario Financiero,Grupo DF,15287
100632486305724,,Camilo Andrés Undurraga Pinto,11611
279912778871515,Ximena Ossandon Diputada,Maria Ximena Ossandon Irarrazabal,11596
103527991214141,Cero DICOM,Cero Dicom,10267
985907368127445,CUT Chile,Central Unitaria de Trabajadores y Trabajadoras - CUT Chile,7662
191871627527097,INGENIERIAUDD,Ignacio Rivas Fernandez,7250
112863284811655,Partido Alianza Verde Popular,Partido Alianza Verde Popular,6523
117396934582415,Cuidemos la Infancia,Cuidemos la Infancia,6257
107678795639792,Ernesto Antonio Vera Rodríguez,Ernesto Vera,6133
638298683189782,Topclass Academy,These ads ran without a disclaimer,5798
335068640271176,Nataly Neira Candidata Consejera Constitucional BioBio,Nataly Neira,5632
419006974914571,Facultad de Agronomía e Ingeniería Forestal UC,Facultad de Agronomía e Ingeniería Forestal UC,4799
26929188652,El Observatodo,MiVoz.cl,4498
103030962615298,Chile YAAC,Chile YAAC,4306
181189911970230,Alberto Undurraga V,Alberto Undurraga V,4289
386634201382499,Marco Enriquez-Ominami,Marco Antonio Enríquez-Ominami Gumucio,4068
101675116255868,joseluishidalgop_,These ads ran without a disclaimer,4023
358940384476087,Patricio Pinilla Valencia,Patricio Alfonso Pinilla Valencia,4023
522505097904203,Quesos El Roble,These ads ran without a disclaimer,3924
107913407830351,Paulina Veloso Muñoz,Paulina Natalia Veloso Munoz,3507
106458548157752,sylviacastroconcejala,Sylvia Ariela Del Transito Castro Gonzalez,3412
181208945236608,Patria Progresista,Patria Progresista,3197
226593947367922,Cultiva,Cultiva,2937
521470568061848,Maximiliano Ríos,Maximiliano Ríos Galleguillos,2930
1051257695025495,PacificBlu,PacificBlu,2534
2535216276502759,Beeok,Beeok,2414
34898474917,Esteban Velásquez Núñez,José Eduardo Velásquez Lizama,2295
111498933878722,Ana Campos escritora,Ana Campos Escritora,2165
113540781539326,Workmed,Workmed,2056
111831181812892,Raimundo J. Palamara Stewart,Raimundo J. Palamara Stewart,1882
285507651910599,Fundación ConTrabajo,Pedro Santana Droguett,1691
101726669192958,nacionalidad_alemana_hoy_21,These ads ran without a disclaimer,1674
968772086505075,Gerardo Espíndola Rojas,Gerardo Alfredo Espíndola Rojas,1625
259716460829991,LATAM Airlines,These ads ran without a disclaimer,1609
710390285658166,Ximena Rincón,Ximena Rincón,1609
184559421980613,Vlado Mirosevic Diputado,Vlado Mirosevic Verdugo,1609
106088671518497,Agustín Iglesias Concejal Independencia,Agustin Ignacio Iglesias Munoz,1580
145925692108470,Educación Continua UC Temuco,UNIVERSIDAD CATÓLICA DE TEMUCO,1573
104720755290885,Te despidieron.cl,These ads ran without a disclaimer,1520
107591702149758,revista_stultifera_navis,These ads ran without a disclaimer,1445
463509033710164,Walmart Chile Vivamos Mejor,Walmart Chile,1433
110405624650830,Chile En La Encrucijada,Juan Antonio Montes Varas,1388
228557190541436,BancoEstado,BancoEstado,1312
106580054753486,Krist Naranjo Gobernadora Independiente Región  De Coquimbo,Krist Pia NIcole Naranjo Peñaloza,1254
627032047431974,Marcela Espinoza,Marcela Espinoza Silva,1231
317209815074690,Diario La Batalla de Maipú,Diario La Batalla de Maipú,1184
1491268871178504,Curacaví Digital,Leonel Armando Gatica Cardemil,1174
101180752297383,Gustavo Benavente Diputado,Gustavo Adolfo Alberto Benavente Vergara,1152
111930508488389,Chiloé Panderetas,These ads ran without a disclaimer,1136
411851492489649,Somos CMPC,CMPC,1094
108291914947259,Mi Derecho a Educar,Felipe Varela,982
110951722267366,World Vision Chile,World Vision Chile,959
124885510532901,Miguel Littin - Constituyente,Miguel Ernesto Littin Cucumides,945
117294781353895,papa_patrimonio,These ads ran without a disclaimer,805
133994506616486,Cinemark Chile,These ads ran without a disclaimer,805
100645555080281,Academia Nacional de Litigación,Academia Nacional de Litigación,805
114185448286375,Educa ya,These ads ran without a disclaimer,805
22898109808,Grist.org,These ads ran without a disclaimer,805
116098628081805,Gonzalo Yuseff Quirós,Gonzalo Yuseff Quirós,753
106319847762043,Maipo Informado,maipoinformado,647
110431750601473,ZapataConstituyente,ZapataConstituyente,509
128647447236348,ricardo rabanal bustos,Ricardo Ignacio Rabanal Bustos,377
1688599581390197,Pablo Albornoz Campusano,Pablo Gabriel Albornoz Campusano,367
100509762252,El Rancahuaso,MiVoz.cl,348
108390475493550,Belong Communication Lab,Belong Communication Lab,328
121717528487698,Confidence Chile,These ads ran without a disclaimer,303
103693671901738,kariwidemann,These ads ran without a disclaimer,285
106847638932154,기후산업국제박람회 WCE 2023,These ads ran without a disclaimer,212
101207042830959,auto.car.cl,These ads ran without a disclaimer,135
640043449493888,Marcela Varas,Marcela Alicia Varas Fuentes,131
101777549186318,convocacion,These ads ran without a disclaimer,≤100
420916501408724,Smart City Expo Latam Congress,These ads ran without a disclaimer,≤100
102422525535808,FARMACIAS PUNTO BLANCO,Ranko Frane Lenac Pizarro,≤100
266574477169217,Ciudadano Videla Diputado,Elias Vaca Sanchez,≤100
119745536600190,Dr. Fernando Viveros,Dr. Fernando Viveros,≤100
107151670642286,Al Aguaite Sin Censura,Maxi Agustin Soto Yañez,≤100
143360859486032,Alejandro Bernales Maldonado,Alejandro Bernales Maldonado,≤100
1606737326204665,Dirección de Cultura Alcaldía Ciudadana,These ads ran without a disclaimer,≤100
1157078510981546,Corporación Municipal Gabriel González Videla,Corporación Municipal Gabriel González Videla,≤100
518029991591379,Carlos Soto Alcalde,Carlos Ernesto Soto Gonzalez,≤100
100702245161627,Norma Córdova,Norma Córdova,≤100
274390833063043,Cristina Bravo Castro,Cristina Andrea Bravo Castro,≤100
113973951635669,sandralamalarenas,Sandra Teresa Lama Larenas,≤100
355650785544749,Sebastián Figueroa,Sebastián Alberto Figueroa Melo,≤100
103879121710797,Patricia Sanzana - Consejera Constitucional,Patricia Alejandra Sanzana Cardenas,≤100
203934690134245,Pilar Cuevas Consejera Constitucional,Pilar Cuevas Consejera Constitucional,≤100
101761912282082,Eduardo Álvarez Vidal,Eduardo Álvarez Vidal,≤100
102020808805309,Cristian Quilodran Parra,Cristian Quilodran Parra,≤100
108523631002340,Loreta Villegas- Consejera Regional Aysen,Maria Loreta Villegas Almonacid,≤100
107843817654667,Marcela Mansilla Potocnjak,Rodrigo Alejandro Niño Carrasco,≤100
104924965916752,Pilar Barrientos,María Del Pilar Barrientos Hernández,≤100
105101844897719,María Claudia Jorquera - Consejera Constitucional Maule,Nicolás Alejandro Pereira Bustamante,≤100
300345197052910,Pablo Gutierrez Core,Germán Antonio Sepúlveda Mellado,≤100
486113348433421,Ximena Ordenes Neira,Ximena Ordenes,≤100
111477215224712,Marlenne Durán,Marlenne Durán,≤100
100942448494149,Fernanda Pinochet,Fernanda Pinochet,≤100
1215954961915796,RumiNews España,These ads ran without a disclaimer,≤100
429657563782175,Vlado Mirosevic Verdugo,Vlado Mirosevic Verdugo,≤100
105434295876078,redjuafro.lac,These ads ran without a disclaimer,≤100
378875359494716,NutriNews España,These ads ran without a disclaimer,≤100
111140879275674,JA Luxury Group,These ads ran without a disclaimer,≤100
114184975000819,Unexplained Beasts,These ads ran without a disclaimer,≤100
112107421825902,suadyouthcop,These ads ran without a disclaimer,≤100
111317208052178,Jocelyn Ormeño,Jocelyn Priscilla Ormeño Lee,≤100
108625789179165,Soi Dog Foundation,These ads ran without a disclaimer,≤100
108977081439733,Maru Digitals,These ads ran without a disclaimer,≤100