﻿Page ID,Page name,Disclaimer,Amount spent (EUR)
122344957784863,Amnistia Internacional Portugal,Amnistia Internacional Portugal,≤100
102354102776034,EDP Global,"EDP - Energias de Portugal,  S.A.",≤100
347829038571812,Aldeias de Crianças SOS Portugal,Aldeias de Crianças SOS Portugal,≤100
604331369992722,Deputados do PCP no PE,Deputados do PCP no PE,≤100
163880252839,Deco Proteste,DECO PROTESTE,≤100
480077632487005,Daikin Portugal,Daikin Portugal S.A.,≤100
178362315106,European Parliament,European Parliament,≤100
587845577964346,Médicos Sem Fronteiras,Médicos Sem Fronteiras,≤100