﻿Page ID,Page name,Disclaimer,Amount spent (USD)
1663913513914881,English Cameroon for a United Cameroon,Cyril Chu Fubin Kumachang,≤100
68793499001,UNICEF,These ads ran without a disclaimer,≤100
101833892143433,Kbsolarenergy,These ads ran without a disclaimer,≤100
1158093284247238,The BusinessZone with Crystal and Gilbert,These ads ran without a disclaimer,≤100
562471887119419,DHL Africa,These ads ran without a disclaimer,≤100
517231405008910,Global Landscapes Forum,These ads ran without a disclaimer,≤100
101079809576012,KAMA NA MUNU,These ads ran without a disclaimer,≤100