﻿Page ID,Page name,Disclaimer,Amount spent (EUR)
122074554119,EU Social,EU Social,≤100
75492447764,GLS Bank,GLS Bank,≤100
331832984040,LichtBlick,LichtBlick,≤100
112732258810571,Slow Food Deutschland,Slow Food Deutschland e.V.,≤100
217879838339082,Bundesministerium für Wirtschaft und Klimaschutz,Bundesministerium für Wirtschaft und Klimaschutz,≤100
1508446642792459,Vattenfall,Vattenfall Europe Sales GmbH,≤100
434325363566608,So Denkt Ein Mann,These ads ran without a disclaimer,≤100
111501317017740,Motatos Deutschland,Motatos,≤100
273454591804,SOS-Kinderdorf Deutschland,SOS-Kinderdorf e.V.,≤100
102169625710148,ClimaClic,Burda Direct GmbH,≤100
22541752487,Greenpeace Deutschland,Greenpeace Deutschland,≤100
478399422560922,KadeFungin,DR. KADE,≤100
593476900673774,ifaw,ifaw,≤100
103919417972272,Unabhängige Beauftragte für Fragen des sexuellen Kindesmissbrauchs,Unabhängige Beauftragte für Fragen des sexuellen Kindesmissbrauchs,≤100
82734241364,Campact e.V.,Campact e.V.,≤100
100345702834585,All Out Deutschland,All Out,≤100
484950398505596,IRC Deutschland,IRC Deutschland,≤100
451980374985742,ecoligo,ecoligo,≤100
109573920927141,Ichwillfair,Initiative für nachhaltige Agrarlieferketten,≤100
133306764192,NABU Bundesverband,NABU Bundesverband,≤100
161273245888,Save the Children Deutschland,Save the Children Deutschland,≤100
259770724096761,Animal Equality Germany,Animal Equality Germany e.V.,≤100
1093989863995799,hep,hep global GmbH,≤100
218786540044,WWF Deutschland,WWF Deutschland,≤100
144380008933707,SPD-Fraktion im Bundestag,SPD-Bundestagsfraktion,≤100
117534528257937,Bund für Umwelt und Naturschutz Deutschland,Bund für Umwelt und Naturschutz Deutschland,≤100
718677004826671,Deutsche Umwelthilfe,Deutsche Umwelthilfe,≤100
178362315106,European Parliament,European Parliament,≤100
105231872947887,GU - Willkommen im Leben,Gräfe und Unzer Verlag GmbH,≤100
159223080754400,Stiftung Menschen für Menschen - Karlheinz Böhms Äthiopienhilfe,Stiftung Menschen für Menschen - Karlheinz Böhms Äthiopienhilfe,≤100
237087969829041,"Karton, natürlich",Fachverband Kartonverpackungen für flüssige Nahrungsmittel e.V. (FKN),≤100
112369170621210,Deutschland spricht über 5G,"Dialoginitiative ""Deutschland spricht über 5G""",≤100
136885869703480,Wissenschaftsjahr,Bundesministerium für Bildung und Forschung,≤100
1790920000965539,CDU CSU Europa,CDU/CSU-Gruppe in der EVP-Fraktion im Europäischen Parlament,≤100
236934790401,UNO-Flüchtlingshilfe,UNO-Flüchtlingshilfe,≤100
200752383293733,International Justice Mission,International Justice Mission,≤100
111698888335211,Daskannkunststoff,ALPLA Werke Alwin Lehner GmbH & Co KG,≤100
722613791172825,BRALE Bau GmbH,BRALE Bau GmbH,≤100
108268845888673,Bundesministerium für Arbeit und Soziales,Bundesministerium für Arbeit und Soziales,≤100
303855196900,Paradigma,Ritter Energie- und Umwelttechnik GmbH & Co. KG,≤100
341486659645594,FDP Fraktion Bundestag,Fraktion der Freien Demokraten im Deutschen Bundestag,≤100
2211978065729846,Bundesministerium für Ernährung und Landwirtschaft - BMEL,Bundesministerium für Ernährung und Landwirtschaft,≤100
108051069259615,Werner & Mertz GmbH,Werner & Mertz GmbH,≤100
104389425384135,Arbeitgeber Land Hessen,Hessisches Ministerium des Innern und für Sport,≤100
223829854355699,Frosch,Frosch,≤100
116335026590900,Mülltrennung wirkt,die dualen Systeme,≤100
614408642007931,Zurich,Zürich Beteiligungs-Aktiengesellschaft (Deutschland),≤100
1062482463795133,Liebesleben,Bundeszentrale für gesundheitliche Aufklärung (BZgA),≤100
56497026719,SOS-Kinderdörfer weltweit,SOS-Kinderdörfer weltweit Hermann-Gmeiner-Fonds Deutschland e.V.,≤100
164014383647221,BARMER,BARMER,≤100
442641152463575,EGIS,EGIS VERWALTUNGS GMBH,≤100
135984139804495,SoVD - Sozialverband Deutschland e.V.,SoVD - Sozialverband Deutschland e.V.,≤100
109268274798247,E-Fuels-Forum,CLASSIC Tankstellen GmbH & Co. KG,≤100
1745982485667400,Guido Reil,Guido Reil,≤100
116544291761495,Kindernothilfe E.V.,Kindernothilfe E.V.,≤100
107085727344683,Mein Schlüssel zur Welt,Bundesministerium für Bildung und Forschung,≤100
106743252188249,Klimastiftung für Bürger,Klimastiftung für Bürger,≤100
1176675472454246,CAPinside.com,CAPinside GmbH,≤100
101683398140023,Salus,Salus,≤100
130545770309684,dzbank-derivate.de,DZ BANK AG,≤100
135239426523955,KfW Bankengruppe,KfW,≤100
134662743239116,academics.de,academics GmbH,≤100
134278719946186,Bayer,Bayer AG,≤100
488050575004641,"Christina Haubrich, MdL","Christina Haubrich, MdL",≤100
201065353264638,yello,yello,≤100
1509790395958123,Aktion gegen den Hunger,Aktion gegen den Hunger,≤100
1739138546404072,iwd,IW Medien,≤100
206584163580,Stiftung Mercator,Stiftung Mercator,≤100
116449375528,foodwatch,foodwatch e.V.,≤100
101356669708633,derrubenbader,These ads ran without a disclaimer,≤100
121678260974,Initiative Neue Soziale Marktwirtschaft (INSM),Initiative Neue Soziale Marktwirtschaft,≤100
1947378708884004,Initiative Frosch,Initiative Frosch,≤100
1540045636302649,Arolsen Archives,Arolsen Archives,≤100
1110204782371616,Die Moderne Landwirtschaft,Forum Moderne Landwirtschaft e.V.,≤100
2135010219947091,MINTmagie,Bundesministerium für Bildung und Forschung,≤100
322461041522123,Stadt der Städte,Regionalverband Ruhr,≤100