﻿Page ID,Page name,Disclaimer,Amount spent (SEK)
371791194529,Världsnaturfonden WWF,Världsnaturfonden WWF,932
151159271594797,Systembolaget,Systembolaget,835
608975645850217,Vattenfall,Vattenfall Sverige,804
122854408319,Hjärt-Lungfonden,Hjärt-Lungfonden,639
126567104406,Hyresgästföreningen,Hyresgästföreningen,493
161213770567846,Operation Smile Sverige,Operation Smile Sverige,363
643137272398136,Sverige för UNHCR,Sverige för UNHCR,312
369582590803,Dagens ETC,ETC-tidningarna,302
59324455950,UNICEF Sverige,UNICEF Sverige,267
111630258867610,Röda Korset,Röda Korset,259
68115370786,Läkare Utan Gränser (MSF),Läkare Utan Gränser/ Médecins sans Frontières (MSF Sweden),195
95735961890,Greenpeace Sverige,Greenpeace Sverige,183
150057951690751,OKQ8,OKQ8,174
239177706143268,Mobility Sweden,Mobility Sweden,167
114262485262083,Konsumentverket,Konsumentverket,160
186513678039755,Fortum,Fortum Sverige,129
382243262003,Plan International Sverige,Plan International Sverige,127
130927360876045,Tidningen Näringslivet,Tidningen Näringslivet,124
109886133732943,RESCUE - Sverige,RESCUE - Sverige,122
162985227114132,Skellefteå Kraft,Skellefteå Kraft,122
19746853632,Djurens Rätt,Djurens Rätt,114
352682608599,Vänsterpartiet Västerås,Vänsterpartiet,113
72659261793,Rädda Barnen,Rädda Barnen,111
18880778360,ActionAid Sweden,ActionAid Sweden,≤100
101341883359561,Matsmart Sverige,Matsmart,≤100
299065246064,"Seko, Service- och kommunikationsfacket","Seko, Service- och kommunikationsfacket",≤100
2337692372925538,Reformisterna,Reformisterna,≤100
90882504375,Svenskt Näringsliv,Svenskt Näringsliv,≤100
133867976608,Naturskyddsföreningen,Naturskyddsföreningen,≤100
440459709390224,Hitachi Energy,KSMG,≤100
293678655099,Europaparlamentets kontor i Sverige,Europaparlamentets kontor i Sverige,≤100
118090278221826,Erikshjälpen,Erikshjälpen,≤100
788657588008189,Moderaterna i Västerås,Moderata samlingspartiet i Västerås,≤100
24574889995,Charlie Weimers MEP,Charlie Weimers MEP,≤100
117109165023455,Nordnet,Nordnet Bank AB,≤100
188616781161573,World Animal Protection Sverige,World Animal Protection Sverige,≤100
107898832590939,European Commission,European Commission,≤100
314872662206,Ekonomifakta,Ekonomifakta,≤100
111912817167925,Samtidigt i Sverige,Aktuellt i Politiken,≤100
276108117859,Svenska Afghanistankommittén,Svenska Afghanistankommittén,≤100
175843834306,WaterAid Sverige,WaterAid Sverige,≤100
343591900666,Gröna Lund,The Amazing Society,≤100
8040892957,Socialdemokraterna,Socialdemokraterna,≤100
153028052500,Kvinna till Kvinna,Stiftelsen Kvinna till Kvinna,≤100
72832167834,Skattebetalarnas Förening,Skattebetalarnas Förening,≤100
237146235237,Timbro,Tankesmedjan Timbro,≤100
261455205686,LRF,LRF,≤100
653072158104424,Emma Wiesner,Emma Wiesner,≤100
195379633820701,Svenskt Kött,Svenskt Kött,≤100
249195615122371,Sara Skyttedal,Sara Skyttedal Dihang,≤100
155824787799,EU-kommissionen i Sverige,EU-kommissionen i Sverige,≤100
181590825305317,COWI Sverige,COWI Sverige,≤100
128452220525979,CIVIL RIGHTS DEFENDERS,CIVIL RIGHTS DEFENDERS,≤100
42676805259,Diakonia,Diakonia,≤100
103296115466644,Skattenytta,Kommissionen för Skattenytta,≤100
153270724787,Amnesty International Sverige,Amnesty International Sverige,≤100
1402657726653154,Hallå konsument,Konsumentverket,≤100
183512318424647,Magdalena Andersson,Socialdemokraterna,≤100
588111131243298,Sverigedemokraterna Hässleholm,Sverigedemokraterna Hässleholm,≤100
272041890388,Socialdemokraterna i Eskilstuna,Socialdemokraterna i Eskilstuna,≤100
239855722130,Nyhetsmagasinet Fokus,Fokus,≤100
328754490337,Vårdförbundet,Vårdförbundet,≤100
166406746310,Resumé,Resumé,≤100
355819811185620,Arba Kokalari,Moderaterna,≤100
120653037981614,Örebro universitet,Örebro universitet,≤100
266170183550491,Nya Kompisbyrån,Nya Kompisbyrån,≤100
100941935326134,RekonstruktionsGruppen,Rekonstruktionsgruppen Sverige AB,≤100
12690894340,Centerpartiet,Centerpartiet,≤100
176527602394716,Olivia Personlig Assistans AB,Olivia Personlig Assistans AB,≤100
766962160096580,Vi Omsorg i Sverige AB,Vi Omsorg i Sverige AB,≤100
212604496324,Fackförbundet ST,Fackförbundet ST,≤100
965458110149319,Byggindustrin,Byggindustrin,≤100
147547541961576,Council of the European Union,Council of the European Union,≤100
234172635050,Forum för levande historia,Forum för levande historia,≤100
175656912484553,Unionen,Unionen,≤100
161935043870264,Sverigedemokraterna Eskilstuna,Bertil Mikael Nygren,≤100
115756055102646,Kura Omsorg  i Sverige AB,Kura Omsorg  i Sverige AB,≤100
253851994766681,Socialdemokraterna i Surahammars kommun,Socialdemokraterna i Surahammars Kommun,≤100
2002046333202650,Bli nämndeman,Bli nämndeman,≤100
255288010153,Sida - Styrelsen för Internationellt Utvecklingssamarbete,Sida - Styrelsen för Internationellt Utvecklingssamarbete,≤100
690167674732029,Lena Hallengren,Socialdemokraterna,≤100
10150161538825010,Medborgarskolan,Medborgarskolan,≤100
608975645850217,Vattenfall,These ads ran without a disclaimer,≤100
226810677402741,Centerpartiet i Jönköpings län,Centerpartiet Jönköpings län,≤100
180701415377239,Aktion Rädda Vättern,Aktion Rädda Vättern,≤100
175873745789190,Vänsterpartiet Göteborg,Vänsterpartiet Göteborg,≤100
312084019369,Dagens Medicin,Dagens Medicin,≤100
244897208924797,Arbetet,Arbetet,≤100
105345278410827,Frälsningsarméns sociala arbete,Frälsningsarmén,≤100
129841741852473,Folkhälsodalen,Folkhälsodalen,≤100
212049035488183,The Hunger Project Sverige,The Hunger Project Sverige,≤100
152085291138,Aktuellt i Politiken,Aktuellt i Politiken,≤100
539297539496434,Dagens Samhälle,Dagens Samhälle,≤100
356032977210,Vi-skogen,Vi-skogen,≤100
212284955495610,Elektrikerna,Elektrikerna,≤100
105213482885566,Nackademin,These ads ran without a disclaimer,≤100
347852331958080,En Företagares Vardag,En Företagares Vardag,≤100
594864470559908,Transammans,Bartholdsson Geetha Amalia,≤100
1544485135838767,Svenskt Näringsliv Mellansverige,Svenskt Näringsliv Mellansverige,≤100
384934401632605,Rexel Sverige,These ads ran without a disclaimer,≤100
120216874723147,Svenskt Sigill,Svenskt Sigill,≤100
150453111655854,Folkbildningsrådet,Elin Sundling,≤100
273053169937029,ClimateHero,ClimateHero,≤100
136869337238,Tidningen Dagen,Dagen,≤100
193309030695120,UR,UR,≤100
386485284783972,Socialdemokraterna i Enköping,Socialdemokraterna i Enköping,≤100
100154266829621,Kyrkans Tidning,Kyrkans Tidning,≤100
99753892609,Framtidsjorden,Framtidsjorden,≤100
579268339149105,Erik Bergkvist,Socialdemokraterna i Europaparlamentet,≤100
1633181116933852,SvD Junior,SvD Junior (SvD),≤100
822700561415767,BCG in Sweden,These ads ran without a disclaimer,≤100
1042091032500520,Kvartal,Kvartal,≤100
76472413284,Tidningen Vi,Tidningen Vi,≤100
320930784643530,Storasyster,These ads ran without a disclaimer,≤100
120633071295935,Fairtrade Sverige,Fairtrade Sverige,≤100
109609604086656,Vejpkollen.se,Vejpkollen.se,≤100
324914190902686,Magasinet Paragraf,Magasinet Paragraf,≤100
150909028299502,Jernkontoret,Jernkontoret,≤100
337086006951883,Jessica Polfjärd,Moderaterna,≤100
129016447116122,Aktuell Hållbarhet,Aktuell Hållbarhet,≤100
296423575695,Afrikagrupperna,Afrikagrupperna,≤100
144395935966586,Generation Pep,These ads ran without a disclaimer,≤100
1261907310611511,Segerstedtinstitutet vid Göteborgs universitet,Richard Millings,≤100
508562669167179,Socialdemokraterna i Arboga,Socialdemokraterna i Arboga,≤100
257888154669865,Conscia Sverige,Conscia Sverige AB,≤100
206655259373987,ABF Västra Västmanland,These ads ran without a disclaimer,≤100
100253435575183,EPHI - Environment and Public Health Institute,Environment and Public Health Institute,≤100
1540294046226139,Feministsmeden,Feministsmeden,≤100
110813562940,Vision,Vision,≤100
163305633746125,Karneval förlag,Holviks,≤100
126125844249254,Socialdemokraterna i Katrineholm,Socialdemokraterna Katrineholm,≤100
108878133830874,Grön flygplats,Projektet Grön Flygplats; finansierat av Svenska Regionala Flygplatser och Europeiska Regionala Utvecklingsfonden,≤100
342952129133948,Kultur i Malmö,Kultur i Malmö,≤100
152953178070559,Kommunistiska Partiet,Kommunistiska Partiet,≤100
133536819999319,SOS Barnbyar,These ads ran without a disclaimer,≤100
237287320360804,Omtanke.today,Jenny Fors,≤100
268608766607208,Svensk Tidskrift,Svensk Tidskrift,≤100
146593541117,nwt.se,NWT Media AB,≤100
323156205347,Vänsterpartiet,Vänsterpartiet,≤100
127063960674693,Svenska Freds- och Skiljedomsföreningen,Svenska Freds- och Skiljedomsföreningen,≤100
122291934457124,Handelshögskolan vid Göteborgs universitet,Handelshögskolan vid Göteborgs universitet,≤100
1592395117505407,Näringslivets medieinstitut,Näringslivets Medieinstitut,≤100
273402369438867,By Billgren,By Billgren AB,≤100
154369674717313,Socialdemokraterna Blekinge,Heléne Björklund,≤100
329452290816078,Tidningen Market,Tidningen Market,≤100
277541019375317,Jämställdhetsmyndigheten,These ads ran without a disclaimer,≤100
1978566042454891,Socialistiskt Alternativ Haninge,RS Haninge,≤100
102451921606529,Kommunistiska Partiet Ludvika,Mattias Lindwall,≤100
197762513603868,MÄN,MÄN,≤100
314283591054,Byggnads,Byggnads,≤100
120477444659925,Svensk Handel,Svensk Handel,≤100
113710601984970,Barnfonden,Barnfonden,≤100
1432591790382295,ByMartinsdotter,By Martinsdotter,≤100
138449739649621,Synskadades Riksförbund,Synskadades Riksförbund,≤100
230671826970236,Uppsala konstmuseum,Uppsala kommun,≤100
646930495447969,Nordax Bank Sverige,These ads ran without a disclaimer,≤100
108795227704477,ألوان أوروبا Alwan Europe,ألوان أوروبا Alwan Europe,≤100
135062563176874,Utrikespolitiska Institutet,Utrikespolitiska Institutet,≤100
217391588404948,Katalys,Katalys,≤100
103457111315098,Vänsterpartiet Örebro Kommun,Vänsterpartiet Örebro kommun,≤100
1401558216532453,Kristdemokraterna Laholm,Nilsson Jorgen Christian,≤100
167847649916608,Friends,Stiftelsen Friends,≤100
183959274989548,Landsbygdsnätverket,Landsbygdsnätverket,≤100
899603916845362,JAG Personlig assistans,JAG Personlig assistans,≤100
103953609645359,SCB - Statistiska centralbyrån,Statistiska centralbyrån,≤100
336774010268765,Dagens Arbetsmiljö,Isak Krantz,≤100
1829725353928210,Tomas Tobé,Tomas Tobé,≤100
171919835807,TCO,TCO,≤100
105051279529106,Kulturhuset Stadsteatern,Kulturhuset Stadsteatern,≤100
105755296132267,Miljöpartiet de Gröna Ekerö,Miljöpartiet de gröna Ekerö,≤100
407290589320311,ABF Örebro län,Mikael Runesson,≤100
45101268520,SSU,SSU,≤100
178042775588482,Reportrar utan gränser,Reportrar utan gränser,≤100
62044983625,The Amazing Society,The Amazing Society,≤100
1682793018671477,Socialdemokraterna i Kävlinge kommun,Kävlinge Arbetarekommun,≤100
1715208875382561,OP Assistans,OP Assistans,≤100
150820354221,"DIK - facket för kultur,  kommunikation och kreativ sektor",DIK,≤100
137064659670161,Vänsterpartiet Uppsala,Vänsterpartiet Uppsala,≤100
349041299054769,Kungl. Vetenskapsakademien,Kungl. Vetenskapsakademien,≤100
103304878446836,"Grön, liberal och hoppfull framtid - kampanjsida för David Hallgren",John David Hallgren,≤100
403554826503920,Vänskapsförbundet Sverige-Israel,Vänskapsförbundet Sverige-Israel,≤100
245214805905370,Konkret,These ads ran without a disclaimer,≤100
237658639705704,Socialistiskt Alternativ,Rättvisepartiet Socialisterna,≤100
536156530105433,Demokratibygget,Demokratibygget,≤100
513520638755798,Vänsterpartiet Ystad,Brante Goran,≤100
115358525182240,"Mattias Bernhardsson, Socialistiskt Alternativ",RS Haninge,≤100
115795772512,Stadsbiblioteket i Malmö,Stadsbiblioteket i Malmö,≤100
264426550246963,Kalmar fortsatt framåt - Socialdemokraterna i Kalmar,Kalmar Fortsatt Framåt - Socialdemokraterna i Kalmar,≤100
173901972642378,Kristdemokraterna i Huddinge,Kristdemokraterna i Huddinge,≤100
272185502945519,Socialdemokraterna Landskrona,Jonas Esbjörnsson,≤100
341599100376,Brand,Brand,≤100
1889751684594931,Aspen Fuels Nordic,These ads ran without a disclaimer,≤100
273254886116655,Motargument,Motargument,≤100
120712531344296,Örebro Rättighetscenter,These ads ran without a disclaimer,≤100
162466473776556,Klimataktion,Klimataktion,≤100
112644953916525,Facklig Vänster,Vänsterpartiet,≤100
163820136238,LO Sverige,Landsorganisationen Sverige,≤100
106459258633326,Vänsterpartiet Trelleborg,Vänsterpartiet Trelleborg,≤100
263337503697739,Moderaterna i Uppsala län,Carlsson Lars Johan,≤100
263254143796137,Skogssällskapet,Skogssällskapet,≤100
699733880123060,Tjejjouren i Lund - en transinkluderande jour,Tjejjouren i Lund,≤100
107889157547905,Nooshi Dadgostar,Vänsterpartiet,≤100
108216678020301,CGH & Jobbfrågan,Svensk Jobbdemokrati,≤100
1592860820974499,Vänsterpartiet Sundbyberg,Vänsterpartiet Sundbyberg,≤100
390479295816,Socialdemokraterna i Jönköpings län,Socialdemokraterna i Jönköpings län,≤100
328034740589662,Vänsterpartiet Eskilstuna,Vänsterpartiet Eskilstuna,≤100
1447309755322652,Bostad 2030,Bostad 2030,≤100
1293728424047507,Vänsterpartiet i Falkenberg,Ake Emanuel Andersson,≤100
794309503933311,Socialistiskt Alternativ Luleå,Karl Jonas Brännberg,≤100
287880713020478,Rörelsen,Peter Gustavsson,≤100
108606768485583,Vuksan Rovčanin,Vuksan Rovcanin,≤100
108492218918,IF Metall,IF Metall,≤100
200168212690,Svenska Spanienfrivilligas vänner,Svenska Spanienfrivilligas Vänner,≤100
113710601984970,Barnfonden,These ads ran without a disclaimer,≤100
114360905256883,Ljungskile folkhögskola,These ads ran without a disclaimer,≤100
341599100376,Brand,These ads ran without a disclaimer,≤100
951217261634608,Naturvårdsverket,Naturvårdsverket,≤100
101257185831267,Ulf Liljankoski - fritidspolitiker,Ulf Aarne Fredrik Hunter Liljankoski,≤100
103835119648706,Socialdemokraterna i Emmaboda,Jarkko Pekkala,≤100
640780126093378,Norstedts Juridik,Norstedts Juridik,≤100
17775970938,Cancerfonden,Cancerfonden,≤100
268593563268202,Kristdemokraterna Tyresö,Kennerberg Leif Robert,≤100
245144042217285,Visit Kotka-Hamina,These ads ran without a disclaimer,≤100
178362315106,European Parliament,European Parliament,≤100
219730401843361,KONE Sverige,These ads ran without a disclaimer,≤100
852370551453606,GARP,These ads ran without a disclaimer,≤100