﻿Page ID,Page name,Disclaimer,Amount spent (AUD)
299753643444311,AEC,Australian Electoral Commission,≤100
101589645013040,Thrive by Five,Thrive By Five,≤100
9480502970,Greenpeace Australia Pacific,Greenpeace Australia Pacific,≤100
532962446729390,Australian Families,Department of Social Services,≤100
486290621414640,Australian Government Department of Health and Aged Care,Australian Government Department of Health,≤100
104180525925926,Fair Australia,Advance Australia,≤100
327169760731815,Luke Gosling MP,Luke Gosling MP,≤100
112133637214684,Doctors Without Borders / Médecins Sans Frontières (MSF),Médecins Sans Frontières Australia,≤100
100339275539852,Andrew Mackay for Litchfield,Andrew Reay Mackay,≤100
119271104477423,Essential Medicine Shortages,The Pharmacy Guild of Australia,≤100
455520607867683,Frack Free NT,Lock The Gate Alliance,≤100
54879226285,Teach For Australia,Teach For Australia,≤100
514475628623089,Our Watch,Our Watch,≤100
102329728050606,Yes23,Yes23,≤100
376006035816016,Storyworth,These ads ran without a disclaimer,≤100
160054227468,World Vision Australia,World Vision Australia,≤100
157481181070130,Indigenous Employment Australia,Indigenous Employment Australia,≤100
14193666340,Australian Conservation Foundation,Australian Conservation Foundation,≤100
234902827263288,"Max Chandler-Mather, Federal MP for Griffith",Max Chandler-Mather MP,≤100
1776727752614025,Glencore,Glencore Australia,≤100
231341250224498,Australian Ethical Investment,Australian Ethical Investment,≤100
10113538711,WWF-Australia,WWF-Australia,≤100
182564410468,Australia for UNHCR,Australia for UNHCR,≤100
494820897261439,Bank Australia,Bank Australia,≤100
196586557019555,CPA Australia,CPA Australia,≤100
106867582081714,"Department of Climate Change, Energy, the Environment and Water",These ads ran without a disclaimer,≤100
100542623037993,New Zealand Labour Party in Australia,NZ Parliamentary Service on behalf of New Zealand Labour Party,≤100
89794331215,Oxfam,Oxfam Australia,≤100
399509993393842,Senator Anne Ruston,Senator Anne Ruston,≤100
135933556447881,Australian Republic Movement,Australian Republic Movement,≤100
362805317148988,Keith Pitt,Keith Pitt,≤100
936147539773859,Great Barrier Reef Foundation,Great Barrier Reef Foundation,≤100
106781541738067,Verve Money,Verve Money,≤100
44295826958,Australian Marine Conservation Society,Australian Marine Conservation Society,≤100
495731404149305,Koffels Solicitors & Barristers,Koffels Solicitors and Barristers,≤100
157812980921536,Environmental Defenders Office,Environmental Defenders Office,≤100
105348385388237,Senator Babet,Ralph E D Babet,≤100
125812604095801,Invasive Species Council,Invasive Species Council,≤100
2095657470702857,Senator Susan McDonald,Senator Susan McDonald,≤100
1681355008768255,Country Needs People,Country Needs People,≤100
108695110952294,Greens MPs,Greens MPs,≤100
117058357932949,Constitutional Equality,Constitutional Equality,≤100
105140971475089,Chuffed.org - Australia,Chuffed.org,≤100
1621692424754301,Minderoo Foundation,Minderoo Foundation,≤100
92824008332,Plan International Australia,Plan International Australia,≤100
150698155004187,Senator Louise Pratt,Senator Louise Pratt,≤100
8422338499,The Wilderness Society,The Wilderness Society,≤100
149648047339,Save the Children Australia,Save the Children Australia,≤100
21591025194,The University of Melbourne,The University of Melbourne,≤100
161854162881,Greenfleet,Greenfleet,≤100
2383045228374491,CPAC Australia,Conservative Political Action Network Ltd,≤100
90728602000,Greening Australia,Greening Australia,≤100
694832627392516,Prime Super,Prime Super,≤100
144506229554756,Lucy Morrison City of Palmerston Deputy Mayor,Lucy Morrison,≤100
165242077409311,Australian Automobile Association,Australian Automobile Association,≤100
102801482742,Westpac,These ads ran without a disclaimer,≤100
101791315693,Destiny Rescue,Destiny Rescue,≤100
107765634022348,Henry Pike MP,Henry Pike MP,≤100
504855933190931,Time for Change - Change Aged Care,United Workers Union,≤100
76212817063,CARE Australia,CARE Australia,≤100
100652584936212,Elder Abuse Action Australia,Elder Abuse Action Australia Limited,≤100
10852627380,World Animal Protection Australia,World Animal Protection Australia,≤100
2063329587276680,Anika Wells MP,Anika Wells MP,≤100
589611354490193,GreenPower,Alana Stocks,≤100
194784127232544,SBS Arabic24,SBS Arabic24,≤100
312189205577810,Australian & New Zealand Mental Health Association,AST Management,≤100
22746335927,Bob Brown Foundation,Bob Brown Foundation,≤100
2232624883416629,Melissa McIntosh MP,Melissa McIntosh MP,≤100
1125047917526728,Murray Watt - Senator for Queensland,Murray Watt - Senator for Queensland,≤100
655944151127130,SBS Cantonese 廣東話節目,Special Broadcasting Service,≤100
147373667055,Senator Nick McKim,Senator Nick McKim,≤100
328245481103110,Senator Alex Antic,Alex Antic,≤100
316480331783930,Australian Unions,Australian Unions,≤100
1670517743250253,Save the Daintree Rainforest,Rainforest 4 Foundation Ltd,≤100
248367108892270,Team DSC,DSC,≤100
290700654767295,The Chamber of Minerals and Energy of Western Australia - CMEWA,The Chamber of Minerals and Energy of Western Australia,≤100
100162559396,The Australia Institute,The Australia Institute,≤100
145262132264710,Angus Taylor MP,Angus Taylor MP,≤100
173168582700205,SBS中文,SBS Mandarin中文普通话,≤100
268606619928735,Voice of the Martyrs Australia,Voice of the Martyrs Australia,≤100
537762462924537,Anthony Albanese,Anthony Albanese,≤100
117241141903,Barnardos Australia,Barnardos Australia,≤100
351313714891862,Australian Good Meat,Meat & Livestock Australia,≤100
287789063686,Brendan O'Connor MP,Brendan O'Connor MP,≤100
32799215298,Animals Australia,Animals Australia,≤100
272757739102,Engineers Australia,Engineers Australia,≤100
105084998845350,BPH Energy,BPH ENERGY LTD,≤100
101242369463631,MSI Asia Pacific,MSI Asia Pacific,≤100
341910905847062,Asylum Seeker Resource Centre (ASRC),Asylum Seeker Resource Centre (ASRC),≤100
345960425540557,The Climate Council,The Climate Council,≤100
325083185784,Minus18,Minus18,≤100
175576645932510,Australasian Centre for Corporate Responsibility - ACCR,Australasian Centre for Corporate Responsibility,≤100
103369851441851,Human Rights Law Alliance,Human Rights Law Alliance,≤100
186985648081724,Mark Butler MP,Mark Butler MP,≤100
100492139310916,Australian Assange Campaign,Australian Assange Campaign,≤100
100356216050100,Family First Party Australia,Family First Party Australia Ltd,≤100
10852627380,World Animal Protection Australia,These ads ran without a disclaimer,≤100
948595148496917,Andrew Hastie,Andrew Hastie,≤100
206540052690401,Jean Hailes for Women's Health,Jean Hailes for Women's Health,≤100
105922411114130,Compass.info,Compass.info,≤100
418405098224592,350.org Australia,350.org Australia,≤100
419632568108398,Australian Citizens Party,Australian Citizens Party,≤100
845410525497100,Launch Housing,Launch Housing,≤100
274102972728043,Matt Keogh,Matt Keogh MP,≤100
49453745631,Amnesty International Australia,Amnesty International Australia,≤100
113998151684022,Referendum News,Advance Australia,≤100
111577958275695,Better BeCause,Better BeCause,≤100
1449964695240375,Ethiopiaid Australia,Ethiopiaid Australia,≤100
121680608004870,Fight For Our Reef,Australian Marine Conservation Society,≤100
116618390633619,Monicaxt,These ads ran without a disclaimer,≤100
49991482906,Tearfund Australia,Tearfund Australia,≤100
22936848857,Institute of Public Affairs,Institute of Public Affairs,≤100
104124412607937,Melbourne Business School Online,These ads ran without a disclaimer,≤100
102336681506217,WorkforClimate,WorkforClimate,≤100
112129948486119,National Poll,Curious Minds Media Pty Ltd,≤100
108381455902627,Australian Christian Lobby,Australian Christian Lobby,≤100
288624128713732,Rose Jackson,Rose Jackson,≤100
139174417547253,The Week on Wednesday,Benjamin John Davison,≤100
104234157625422,The Centre For Public Integrity,Centre For Public Integrity,≤100
142560349088496,David Shoebridge,Senator David Shoebridge,≤100
1767500736833451,Sustainable Population Australia,Sustainable Population Australia,≤100
8013404017,Crikey,Private Media,≤100
328641501156991,United Workers Union,United Workers Union,≤100
192720571652271,Refinery29 Australia,Pedestrian Group,≤100
276061352415442,The Australian Institute of Architects,The Australian Institute of Architects,≤100
200833127536,Monash Sustainable Development Institute,These ads ran without a disclaimer,≤100
102618228842018,Raw Bulk Foods online,These ads ran without a disclaimer,≤100
523586527672529,Annastacia Palaszczuk MP,Annastacia Palaszczuk MP,≤100
388541264522596,SBS Sinhala,SBS Sinhala,≤100
1767226913545560,Rainforest Reserves Australia,Rainforest Reserves Australia,≤100
211018298919743,Environmental Justice Australia,Environmental Justice Australia,≤100
112367425151721,Vicki Helps Members First,Victoria Helps,≤100
153931414640361,Wildlife Victoria,Wildlife Victoria,≤100
574675379402221,Indigenous Desert Alliance,Indigenous Desert Alliance,≤100
85553896227,Autism Spectrum Australia (Aspect),Autism Spectrum Australia (Aspect),≤100
200819325600,ActionAid Australia,ActionAid Australia,≤100
109529059078471,Australian Himalayan Foundation,Australian Himalayan Foundation,≤100
336074670274838,Heliograf,Heliograf Pty Limited,≤100
125686330922725,Western Power,These ads ran without a disclaimer,≤100
367759967036315,Dr David Honey MLA,Dr David Honey MLA,≤100
1173619069318988,Professional Visa and Education Services,Professional Visa And Education Services,≤100
387729152003447,Dunn Street,Rebecca Connell,≤100
113474843753954,Clynton Hawks,Clynton John Albert Hawks,≤100
191570179167,Catherine Hamlin Fistula Foundation,Catherine Hamlin Fistula Foundation,≤100
616932805013929,MEAA,MEAA,≤100
105610156282,Human Rights Law Centre,The Human Rights Law Centre,≤100
332509390785960,Angie Bell MP,Angie Bell MP,≤100
104420342951642,WIRE,WOMENS INFORMATION AND REFERRAL EXCHANGE INCORPORATED,≤100
68225180411,Tasmanian Liberals,Tasmanian Liberals,≤100
708439212837712,Tasmanian Government,Department of Premier and Cabinet,≤100
143359625694786,Baptist World Aid Australia,Baptist World Aid Australia,≤100
102328768041266,QF Travel Insider,These ads ran without a disclaimer,≤100
105187691260140,"Pharmacy Guild of Australia, QLD","Pharmacy Guild of Australia, QLD",≤100
297825343569944,AIJAC - Australia/Israel & Jewish Affairs Council,AIJAC,≤100
109752483800527,Art Disrupt,These ads ran without a disclaimer,≤100
160021291752,Environment Victoria,Environment Victoria,≤100
1732951633627025,Farmers for Climate Action,Farmers for Climate Action,≤100
1933939600195987,CFMEU Manufacturing,CFMEU Manufacturing Division,≤100
110572401468807,The Australian Climate Case,Grata Fund,≤100
131618443536993,Bond University,Bond University,≤100
110102318111173,Dave A Fulton,David Andrew Fulton,≤100
113115292085361,DrinkWise,DrinkWise,≤100
382517738472842,Give Freedom International,Give Freedom International,≤100
107939487783753,Garth Hamilton MP,Garth Hamilton MP,≤100
100669608406112,Libertarian Party of Australia,Libertarian Party of Australia,≤100
354199361755833,Luật Sư Hồ Sỹ Linh,Linh Sy Ho,≤100
1855851714645497,Grata Fund,Grata Fund,≤100
1859288844382060,Christian Medical and Dental Fellowship of Australia,Christian Medical and Dental Fellowship of Australia,≤100
156939411038925,City Of Port Phillip,City of Port Phillip,≤100
1500584423527469,Maurice Blackburn Lawyers,Maurice Blackburn Lawyers,≤100
197748653599683,City of Marion,City of Marion,≤100
236620553143019,Simone McGurk MLA,Simone McGurk MLA,≤100
173334366099851,The Nationals WA,The Nationals WA,≤100
124831200924508,Queensland Positive People - QPP,Queensland Positive People,≤100
250684105072363,Tony Pasin MP,Tony Pasin MP,≤100
11775531229,The Chaser,The Chaser,≤100
1766598643576242,Place Score,PLACESCORE,≤100
104910384328602,Binge,Streamotion Pty Ltd,≤100
160779783972850,City of Gold Coast,City of Gold Coast,≤100
100314522404427,Andrew Willcox MP,Andrew Willcox MP,≤100
102288789415463,Architects Assist,Architects Assist,≤100
198830586850988,Sussan Ley MP,Sussan Ley,≤100
459640760772252,SBS Tamil,SBS Tamil,≤100
395425623055,Tasmanian Land Conservancy,Tasmanian Land Conservancy,≤100
304805643019684,Wellington Shire Council,Wellington Shire Council,≤100
166663303514630,Musicians Australia,Musicians Australia,≤100
171208803080734,Simon Birmingham,Simon Birmingham,≤100
424864151385105,Gavin Pearce MP,Gavin Pearce MP,≤100
246244719386767,Yourtoolkit.com,Your Toolkit,≤100
106781186031116,Free To Shine,Free To Shine,≤100
109064267654080,Senator Dorinda Cox,Senator Dorinda Cox,≤100
370395603656,People with Disability Australia,People with Disability Australia,≤100
195906990478739,Jenny McAllister,Jenny McAllister,≤100
144925335531540,Independent Australia,Independent Australia,≤100
387624131383295,Dept of Communities and Justice NSW - stronger together,Department of Communities and Justice,≤100
161756303893852,Senator Bridget McKenzie,Senator Bridget McKenzie,≤100
1629291020711093,Stop Adani,Stop Adani,≤100
191151434373471,Senator Sue Lines,Senator Sue Lines,≤100
558635534500700,Festival of Dangerous Ideas,Festival of Dangerous Ideas,≤100
191414167860517,David Littleproud MP,David Littleproud MP,≤100
104389532222332,Solutions,Solutions for Australia,≤100
666041500505740,IBAC Victoria's Independent Broad-based Anti-corruption Commission,IBAC,≤100
204751982883846,Senator Michaelia Cash,Senator Michaelia Cash,≤100
167010053353176,Armenian National Committee of Australia,Armenian National Committee of Australia,≤100
464998863536680,Bill Shorten,Bill Shorten,≤100
581606621934473,International Justice Mission,International Justice Mission Australia,≤100
395201170875812,Colin Boyce MP,Colin Boyce MP,≤100
402094193219398,Corena - Citizens Own Renewable Energy Network Australia Inc.,CORENA - Citizens Own Renewable Energy Network Australia Inc.,≤100
112239124719864,Gen united,Gen United,≤100
107587478243450,Zaneta Mascarenhas MP,Zaneta Mascarenhas MP,≤100
101431349364666,Lauren Brug - Your Local Candidate for South Ward - City of Salisbury,Beau Kane Brandon Lee Brug,≤100
112598935458686,UQ Health,The University of Queensland,≤100
145933972484735,Tasracing,Tasracing,≤100
129418525092,GreenCollar,GreenCollar,≤100
101938725606868,Dan Cregan - Member for Kavel,Daniel Roy Cregan,≤100
330315904370434,Senator Marielle Smith,Senator Marielle Smith,≤100
110763578935482,Micah Australia,Micah Australia,≤100
361491373921077,Solar Citizens,100% Renewable Community Campaign Public Fund,≤100
161729400528138,Coastal IVF,Coastal IVF,≤100
1692911060977176,SHE DEFINED,SHE DEFINED,≤100
243362776583569,Air Mail,These ads ran without a disclaimer,≤100
110165567412984,Engelsberg Ideas,These ads ran without a disclaimer,≤100
1540232876241171,Wavin Asia Pacific,These ads ran without a disclaimer,≤100
330424740322031,HawkGrips,These ads ran without a disclaimer,≤100