﻿Page ID,Page name,Disclaimer,Amount spent (USD)
309308412520731,Sandy Hook Promise,Sandy Hook Promise,5042
127225910653607,PragerU,PragerU,3123
106244251043808,America's Plastic Makers,"AMERICAN CHEMISTRY COUNCIL, INC.",1547
121268821249550,World Central Kitchen,World Central Kitchen,1502
13867925345,Equality Florida,Equality Florida,1262
101431588985210,Home Program,FL Green Development LLC,1226
342294162453301,Planned Parenthood,Planned Parenthood Federation of America,1193
18982436812,ACLU,American Civil Liberties Union,1137
109111900634787,Reverend Raphael Warnock,WARNOCK FOR GEORGIA,877
113891694102,Energy Citizens,AMERICAN PETROLEUM INSTITUTE,862
385473284886474,Hillsdale College,Hillsdale College,831
897994503631860,HealthInsurance.net,ASSURANCE IQ INC,828
80562389320,NARAL Pro-Choice America,NARAL PRO-CHOICE AMERICA CORP,820
8934429638,Planned Parenthood Action,Planned Parenthood Action Fund,817
57259033959,AARP,AARP,802
172758932738142,PhRMA,PHARMACEUTICAL RESEARCH AND MANUFACTURERS OF AMERICA,733
304600892905134,Hillsdale College Online Courses,HILLSDALE COLLEGE,719
1226257404067392,Floridians for Government Accountability,"FLORIDIANS FOR GOVERNMENT ACCOUNTABILITY, INC.",701
158791100909689,Concerned Veterans for America,Concerned Veterans for America,666
76470053424,TIAA,TEACHERS INSURANCE AND ANNUITY ASSOCIATION OF AMERICA,608
61492859575,Americares,"Americares Foundation, Inc.",597
104042452981815,AARP Black Community,AARP,597
110018833813683,Defend the Senate,SMP,592
224110651893,International African American Museum,IAAM,590
103552914774916,Science Moms,"Potential Energy Coalition, Inc. with Facebook ad credits",580
296295018082,AARP en Español,AARP,566
8291852604,Tobacco Free Florida,Florida Department of Health Bureau of Tobacco Free Florida,535
138657339748,Insurance Information Institute,Insurance Information Institute,528
103945768988283,ObamacarePlans.com,Obamacareplans,516
29717379728,International Justice Mission,International Justice Mission,503
111688508172097,Stay Healthy Sunshine,"Treasure Coast Health Council, Inc dba Health Services Council of Southeast Florida",497
92925746942,Judicial Watch,Judicial Watch,488
30139072158,CARE,CARE,442
108203188195224,Seniors Across America,Seniors Across America,437
43426724597,Paper Culture,Paper Culture LLC,409
40217893542,AIPAC,AIPAC,403
22067606728,Allen West,The Association of Mature American Citizens Inc,402
38235851310,USA for UNHCR,UNITED STATES ASSOCIATION FOR UNHCR,399
58029141741,RMI,RMI with Facebook ad credits,372
12375354406,USO,United Service Organizations,370
1747038068858379,Las Madrinas de los Seguros,"Living Secure Insurance Advisors, Inc.",350
107801457314549,Application for Obamacare,Michael Anthony Bennett,345
121626482110,Operation Smile,OPERATION SMILE,337
178835922297833,American Clinical Laboratory Association,American Clinical Laboratory Association,336
13885075114,Action Against Hunger USA,ACTION AGAINST HUNGER - USA,312
314499212242,Pfizer,Pfizer Inc.,308
309798029121030,Everytown for Gun Safety,Everytown for Gun Safety Action Fund Inc,300
100882959392755,Laura Dominguez for Miami Beach City Commission,Laura Alina Dominguez,290
109999331898234,My Affordable Care Act,The Burial Solution,284
246323280108,American Medical Association,American Medical Association,280
18780321251,American Chemistry,American Chemistry Council,277
203197030603239,8 Billion Trees,8 Billion Trees LLC,273
1534290989956166,Philanthropy Roundtable,"PHILANTHROPY ROUNDTABLE, THE",273
24330467048,Americans for Prosperity,AMERICANS FOR PROSPERITY,270
6204742571,Sierra Club,SIERRA CLUB,261
8002590959,Rainforest Action Network - RAN,RAINFOREST ACTION NETWORK,259
7030901126,Campaign for Tobacco-Free Kids,TOBACCO-FREE KIDS ACTION FUND,255
1461100540775171,The Tuttle Twins,LIBERTAS INSTITUTE,255
77273593330,Hillel International,HILLEL THE FOUNDATION FOR JEWISH CAMPUS LIFE,253
7192716362,Amnesty International USA,"AMNESTY INTERNATIONAL OF THE U. S. A., INC.",250
9694956217,Animal Legal Defense Fund,ANIMAL LEGAL DEFENSE FUND,247
129240690441636,The Legal Defense Fund,"N. A. A. C. P. LEGAL DEFENSE AND EDUCATIONAL FUND, INC.",247
112314627622757,Merchants Payments Coalition,"Merchants Payments Coalition, Inc.",246
271736323517059,Congressman Greg Steube,Congressman Greg Steube (FL-17),244
11791104453,NRDC,Natural Resources Defense Council,244
104295601633638,American Cornerstone Institute,American Cornerstone Institute Inc,239
124506846628,Agape International Missions,AGAPE INTERNATIONAL MISSIONS,234
142957224352,International Medical Corps,International Medical Corps,232
15239367801,The Wilderness Society,"WILDERNESS SOCIETY, THE",229
201446296572389,Compassion in World Farming (USA),Compassion in World Farming Inc,227
102113962612618,Smart & Safe Florida,"Smart & Safe Florida - 1400 Village Square Blvd, Suite #3-321, Tallahassee, FL 32312.",220
108774614054683,American Edge Project,American Edge,216
85452072376,NEWSMAX,"NEWSMAX MEDIA, INC.",216
25372476424,Best Friends Animal Society,BEST FRIENDS ANIMAL SOCIETY,213
18709174006,National Audubon Society,"NATIONAL AUDUBON SOCIETY, INC.",213
86574174383,House Speaker Nancy Pelosi,Office of the Speaker,211
7341997111,Conservation International,Conservation International,210
49651563727,Live Action,Live Action,209
162678203751209,Gilead Sciences,GILEAD SCIENCES INC,207
97466887664,Innocence Project,"INNOCENCE PROJECT, INC., THE",207
11111618026,Union of Concerned Scientists,"UNION OF CONCERNED SCIENTISTS, INC.",205
32682889528,U.S. Chamber of Commerce,The U.S. Chamber of Commerce,204
105895168914007,Dump the Humps,Dump the Humps,203
104760636770,Vera Institute of Justice,"VERA INSTITUTE OF JUSTICE, INC.",203
130234313704399,United We Dream,UNITED WE DREAM NETWORK INC,201
580610428636345,Fight for $15,Fight for $15,195
106842688782323,Sabrina Cohen for Miami Beach Commissioner,Sabrina Cohen for Miami Beach Commission,193
830289696991749,THE FACTS NOW,Florida Department of Health Bureau of Tobacco Free Florida,192
143329509024,Citizens Against Lawsuit Abuse,Citizens Against Lawsuit Abuse,189
32582320449,CMMB,CATHOLIC MEDICAL MISSION BOARD INC,188
201470373308396,BMO US,BMO Harris Bank,180
51379424899,Mercy Ships,MERCY SHIPS INTERNATIONAL,180
20787991568,Senate Democrats,DSCC,170
162244692732,Brennan Center for Justice at NYU Law,"WILLIAM J. BRENNAN CENTER FOR JUSTICE, INC.",167
115613890351673,Screaming Freedom Apparel,Screaming Freedom Apparel,165
112552187080266,Protecting Every Future,American Council of Life Insurers,164
100992801635617,Conservative-American.org,Conservative American Strategies,163
182620315479,Plan International USA,Plan International USA,161
103531607822207,Noticias para Inmigrantes,"Wise Rock Media, PBC",156
302182941354,AARP Advocates,AARP,154
111238797362504,The Democracy Project,"The Democracy Project, Inc.",153
357750373755,National Domestic Workers Alliance,National Domestic Workers Alliance,152
101401905331442,John Uustal - Trial Lawyer,Crisp,148
136024203202190,Medical Tips,These ads ran without a disclaimer,146
102592959026,Ocean Conservancy,"OCEAN CONSERVANCY, INC.",141
104253615152700,America First Legal,America First Legal Foundation,140
58433611572,Seventh Generation,SEVENTH GENERATION INC,140
367292494407,AJC - American Jewish Committee,AMERICAN JEWISH COMMITTEE,140
103807629149771,Working Forests Initiative,Working Forests Initiative,138
101164855811125,Senior Giveback Plan,Buyertool LLC,138
154561574598964,White Coat Waste Project,THE WHITE COAT WASTE PROJECT INC,132
219242560293,Meals on Wheels America,Meals on Wheels,130
8325302025,Friends of the Earth U.S.,Friends of the Earth,129
8492293163,Environmental Defense Fund,Environmental Defense Fund,125
19972147679,SEIU,SEIU,122
105454117977117,Voices for Consumer Choice,Voices for Consumer Choice,120
542968069983885,HappeningNow,HappeningNow America,120
679171239164792,Supermajority,Supermajority,120
166618413413767,Jay Sekulow,American Center for Law and Justice,119
23875187730,Feeding America,FEEDING AMERICA,118
15771560300,Earthjustice,EARTHJUSTICE,117
24470472733,The Trevor Project,The Trevor Project,116
141786816970,Cruise Lines International Association - CLIA,Cruise Lines International Association,116
215830238462422,The LIBRE Initiative,The Libre Initiative,114
152264148166020,Moms Clean Air Force,Moms Clean Air Force,114
106406668834143,"Mike Brunscheen for Altamonte Springs City Commission, District 2","Mike Brunscheen for Altamonte Springs City Commission, District 2",113
203805062990264,Ben Shapiro,The Daily Wire,113
100417168386329,Heal America,Stand Together Chamber of Commerce Inc.,111
269348454714,IMB,"INTERNATIONAL MISSION BOARD OF THE SOUTHERN BAPTIST CONVENTION, THE",111
9538894955,John F. Kennedy Presidential Library and Museum,"John Fitzgerald Kennedy Library Foundation, Inc.",111
16223832249,RAINN,"RAPE, ABUSE AND INCEST NATIONAL NETWORK (RAINN)",107
51405613519,Focus on the Family,Focus on the Family,107
250485248333218,Clean Air Task Force,CLEAN AIR TASK FORCE,106
113495461579503,Emmy Solis,These ads ran without a disclaimer,106
34362997676,United States Holocaust Memorial Museum,UNITED STATES HOLOCAUST MEMORIAL MUSEUM,105
166384506863088,All Above All,All* Above All,104
158505287559920,Save the Storks,Save the Storks,104
843043565853392,Covering Central Florida,PRIMARY CARE ACCESS NETWORK,103
30914589895,The International Fellowship of Christians and Jews,INTERNATIONAL FELLOWSHIP OF CHRISTIANS & JEWS INC,103
100283489546710,Justice In The Classroom,Justice In The Classroom,102
47710973068,Voices for Cooperative Power,Voices for Cooperative Power,101
42940254353,Human Rights Watch,"HUMAN RIGHTS WATCH, INC.",101
5861903849,USA for UNFPA,FRIENDS OF UNFPA INC,101
836826976517252,International Christian Embassy Jerusalem - USA,"International Christian Embassy Jerusalem - USA, Inc.",≤100
11055104471,ONE,ONE CAMPAIGN,≤100
108052257443661,Floridians for Affordable Rx,Floridians For Affordable RX,≤100
34661411150,AIDS Healthcare Foundation,AIDS Healthcare Foundation,≤100
102960695956522,Amazing Patriots,Amazing Patriots,≤100
1751339905091832,Dana Goldman,Dana Goldman Campaign,≤100
417709355647,The Lynde and Harry Bradley Foundation,"LYNDE AND HARRY BRADLEY FOUNDATION, INC., THE",≤100
107005161695319,Herschel Walker,"TEAM HERSCHEL, INC.",≤100
570092813023833,Matt Walsh,The Daily Wire,≤100
6165653060,AFSCME,"AFSCME Working Families Fund, AFSCMEFAMILIES.ORG. Not authorized by any candidate or candidate’s committee.",≤100
1010664679060500,Voting Rights Brigade,Voting Rights Brigade,≤100
1622236508017452,Stand for Life,"LIFE COLLECTIVE, INC.",≤100
81517275796,UNICEF USA,These ads ran without a disclaimer,≤100
100373975829221,Fòs Feminista Org,Fòs Feminista,≤100
50982313030,Food & Water Watch,Food & Water Watch,≤100
12596759677,RAICES,REFUGEE AND IMMIGRANT CENTER FOR EDUCATION AND LEGAL SERVICES,≤100
592707041080920,Stand Together,Stand Together Chamber of Commerce Inc.,≤100
123499639275,National CASA / GAL Association for Children,NATIONAL CASA ASSOCIATION,≤100
100217569523715,Larisa Svechin,Getting Things Done PC,≤100
1593518174052711,Candace Owens,The Daily Wire,≤100
227764782729,AMERICAN - STRONG!,American Strong LLC,≤100
103912059097010,One Real American,One Real American,≤100
101535059388333,Benefit Helpline,Benefit Helpline,≤100
1832744013698336,Mahogany Mommies,Mahogany Mommies,≤100
104766211232210,Feel Good Action,Feel Good Action,≤100
45393753416,Alliance Defending Freedom,Alliance Defending Freedom,≤100
117437204982602,American Wild Horse Campaign,American Wild Horse Preservation Campaign,≤100
57615046615,Rainforest Trust,These ads ran without a disclaimer,≤100
25803945361,Family Equality,FAMILY EQUALITY COUNCIL,≤100
108547455113940,Our America,Our America,≤100
542678889114683,The Coca-Cola Company,The Coca-Cola Company,≤100
74470852653,Mike Pompeo,Champion American Values PAC,≤100
70995214846,Business Roundtable,Business Roundtable,≤100
406456986070332,Matt Gaetz,Friends of Matt Gaetz,≤100
541807025833154,Malala Fund,Malala Fund,≤100
6334782252,Oceana,OCEANA INC,≤100
72931140459,Center for Biological Diversity,"CENTER FOR BIOLOGICAL DIVERSITY, INC.",≤100
542630009176179,Propane Education & Research Council,Propane Education & Research Council,≤100
1145019702185006,Alliance for Safety and Justice,Alliance for Safety and Justice,≤100
376776419037747,Turning Point USA,"Turning Point USA, Inc.",≤100
331037760381749,Sierra Magazine,SIERRA CLUB,≤100
866779926670025,Citizens for Tobacco Rights,Citizens for Tobacco Rights,≤100
111192301727895,Freedom Speaks Up,Freedom Speaks Up,≤100
112425441094454,The Art of the Tweet,The Art of the Tweet LLC,≤100
102155388790298,Affordable HealthCare,The Burial Solution,≤100
2245766435469741,Beersy,Beersy LLC,≤100
222990002457055,Elect Larisa Svechin for Mayor of Sunny Isles Beach,Larisa Svechin for Mayor of Sunny Isles Beach,≤100
86071521216,Second Amendment Foundation,SECOND AMENDMENT FOUNDATION INC,≤100
602714436529710,End Citizens United,END CITIZENS UNITED,≤100
103175021296846,Save Our Planet,Sahak Nalbandyan,≤100
40973310753,Pathfinder International,Pathfinder International,≤100
36474716066,Color Of Change,ColorofChange.org,≤100
142432192446984,David Horowitz Freedom Center,David Horowitz Freedom Center,≤100
83290028957,Care Net,CARE NET,≤100
8895898655,Rainforest Alliance,"RAINFOREST ALLIANCE, INC.",≤100
5435784683,Greenpeace USA,"GREENPEACE, INC.",≤100
107999458652964,MyObamacare,Norwegian Financial LLC,≤100
12301006942,Democratic Party,DNC SERVICES CORP./DEM. NAT'L COMMITTEE,≤100
147368882623027,Black Futures Lab,Black Futures Lab,≤100
100220295158,Champions for Children,"CHAMPIONS FOR CHILDREN, INC.",≤100
102415355916214,American Heart City,American Heart City,≤100
133845049915,American Highway Users Alliance,American Highway Users Alliance,≤100
108925252480631,Echoes & Reflections,ANTI-DEFAMATION LEAGUE,≤100
1562713090633117,Operation Underground Railroad,These ads ran without a disclaimer,≤100
186319338839,GLAAD,These ads ran without a disclaimer,≤100
105599502191866,Florida Jolt,"Jolt Media, Inc.",≤100
1755810367986271,Eurasia Group Foundation,Eurasia Group Foundation,≤100
107008774760761,Color Us United,Color Us United,≤100
309541989079465,Libertas Institute,LIBERTAS INSTITUTE,≤100
149220264647,ADL - Anti-Defamation League,Anti-Defamation League,≤100
665345483483486,NRA - National Rifle Association of America,NATIONAL RIFLE ASSN OF AMERICA,≤100
112642477582238,Mericanaf,AAF Nation,≤100
314121315788033,Stand with Parkland,Stand With Parkland,≤100
585717161574553,City of Plant City Government,City of Plant City,≤100
42872222699,Dana Loesch,The Association of Mature American Citizens Inc,≤100
77130778113,Coalition for Medicare Choices,The Coalition for Medicare Choices,≤100
114167895375664,Cherokee Nation,Cherokee Nation,≤100
103719431161983,Anders Retirement - Winter Park,Advisor's Platform,≤100
17203056985,Partners In Health,Partners In Health,≤100
1375372595977513,UWorld Insurance Group,UWORLD INSURANCE GROUP,≤100
104181186973,Greg Steube,GREG STEUBE FOR CONGRESS,≤100
157810487611661,Freethink,Freethink,≤100
100519772749954,Obamacare-Pride,Norwegian Financial LLC,≤100
84645912778,Prosperity Now,PROSPERITY NOW,≤100
176284742407802,The Pride Center,These ads ran without a disclaimer,≤100
25852730092,Care2,"Care2.com, Inc",≤100
216311481960,Bill Gates,Bill Gates,≤100
100684991996307,November Coalition,NOVEMBER COALITION,≤100
745910525468062,National Center on Sexual Exploitation,National Center on Sexual Exploitation,≤100
101090559295696,TPUSA Faith,TURNING POINT USA NFP,≤100
104768398061257,Let America Vote PAC,LET AMERICA VOTE PAC,≤100
99965208286,"Lance P Richard, PA",These ads ran without a disclaimer,≤100
107153355166646,The Protein PACT,NORTH AMERICAN MEAT INSTITUTE,≤100
106559805163436,Affordable American HealthCare,The Burial Solution,≤100
293807357774812,Run for Something Action Fund,Run For Something,≤100
14233429764,the Jane Goodall Institute,"The Jane Goodall Institute for Wildlife Research, Education and Conservation",≤100
197461723779499,"Vasquez Law Firm, PLLC - North Carolina",William Junior Vasquez,≤100
106602077357559,United Surgeons for Children,These ads ran without a disclaimer,≤100
70874333603,CatholicVote,catholicvote.org,≤100
104589240921549,Stephen Cohen for Miami Beach City Commission,Stephen Bradley Cohen,≤100
202118643480925,Claudia Mariaca,Claudia Mariaca Campaign,≤100
495170667357093,Electronic Payments Coalition,ELECTRONIC PAYMENTS COALITION INC,≤100
90406069569,CASA Pinellas,"COMMUNITY ACTION STOPS ABUSE, INC.",≤100
108268161352786,Stanley M. Herzog Foundation,Herzog Foundation,≤100
259351004139042,Ashbrook Center,Ashbrook Center,≤100
602074469965571,Plan C,NATIONAL WOMENS HEALTH NETWORK,≤100
101069505589,American Association of Pro Life OB/GYNS,AAPLOG,≤100
112010874401403,4BigCases.com,Fresh Brew Digital Marketing LLC,≤100
304435663079126,iAmerica,SERVICE EMPLOYEES INTERNATIONAL UNION,≤100
106315901551850,The U.S. Concealed Carry Association for Saving Lives,U.S. Concealed Carry Association For Saving Lives. Not Authorized By Any Candidate Or Candidate's Committee.,≤100
786167111464006,Woodson Center,The Woodson Center,≤100
108615842526079,The Ronald Reagan Presidential Foundation and Institute,The Ronald Reagan Presidential Foundation and Institute,≤100
681626158940626,Mission Roll Call,Americas Warrior Partnership,≤100
6787988478,Physicians for Human Rights,"PHYSICIANS FOR HUMAN RIGHTS, INC.",≤100
144691292263214,ElderSource,"NORTHEAST FLORIDA AREA AGENCY ON AGING, INC.",≤100
81755908577,Kids in Need of Defense (KIND),"KIND, Inc.",≤100
104678691768747,Floridians For Honest Lending,Floridians For Honest Lending,≤100
164966660351345,Hope Outfitters,Hope Outfitters,≤100
102748688472759,Parents Defending Education,Parents Defending Education,≤100
1526736227567131,TrueCoverage,True Coverage,≤100
40078161989,National Center for Transgender Equality,NATIONAL CENTER FOR TRANSGENDER EQUALITY,≤100
142474049098533,Robert Reich,Inequality Media Civic Action,≤100
7735858972,Humane Society Legislative Fund,Humane Society Legislative Fund,≤100
118303441570966,Homeowner Smart,NATIONAL ASSOCIATION OF REALTORS,≤100
372577693078008,"Saenz-Garcia Law, PLLC","Saenz-Garcia Law, PLLC",≤100
1196196390526965,Facebook Surveys,These ads ran without a disclaimer,≤100
1428755447227803,Defend The Second,Next Level Goods,≤100
1682876188698809,United for Respect,United for Respect,≤100
311887399212832,EZ Health Marketplace,SMART INSURANCE IQ INC,≤100
1435071773455316,Daily Wire,The Daily Wire,≤100
1163811040367180,Food & Water Action,FOOD & WATER ACTION,≤100
38897314734,Trust for Public Land,"TRUST FOR PUBLIC LAND, THE",≤100
142474049098533,Robert Reich,Inequality Media,≤100
16477459734,League of Conservation Voters,"LEAGUE OF CONSERVATION VOTERS, INC",≤100
72092591211,FBI – Federal Bureau of Investigation,Federal Bureau of Investigation,≤100
103355385129734,The Climate Pledge,The Climate Pledge,≤100
412813035568714,Opportunity Insurance,Opportunity Insurance,≤100
109637125764343,Population Connection,Population Connection,≤100
1470540296409810,Fair Fight Action,FAIR FIGHT,≤100
443329669123990,USAFacts,USAFacts Institute,≤100
6040534532,One Acre Fund,ONE ACRE FUND,≤100
102413723172970,Nick Adams,Nick Adams,≤100
100591845925552,EMILY's List Action,Emily's List Action,≤100
101716172441500,Brennan Center en Español,"WILLIAM J. BRENNAN CENTER FOR JUSTICE, INC.",≤100
148168225911268,Talk Test Treat Central Florida,Florida Department of Health in Orange County,≤100
110981884065996,Abortion Finder,Power to Decide,≤100
290851614930809,Combat AntiSemitism,Combat Hate Foundation,≤100
106913491375624,Israel War Room,Israel War Room,≤100
243498882520314,FoodFinder,"FOODFINDER, INC.",≤100
1382441768496365,Pentair,PENTAIR,≤100
788559044606908,America Forward,NEW PROFIT INC,≤100
103565195134756,America First Policy Institute,America First Policy Institute,≤100
431019887282794,Tomorrow's World Today,Flying Cork,≤100
101004142487229,LeAnna Cumber,"LeAnna Gutierrez Cumber, Republican, for Jacksonville Mayor",≤100
186977768011413,Ironworkers Rising,"International Association of Bridge, Structural, Ornamental, and Reinforcing Iron Workers",≤100
49275915266,MSI Reproductive Choices,MSI-US,≤100
159881487393275,Every Mother Counts,These ads ran without a disclaimer,≤100
40217893542,AIPAC,American Israel Public Affairs Committee,≤100
169687486427698,Jentezen Franklin,FREE CHAPEL WORSHIP CENTER,≤100
199826043375900,Larry Hogan,An America United,≤100
7145381235,American Jewish World Service - AJWS,"AMERICAN JEWISH WORLD SERVICE, INC.",≤100
127821707877,YWCA USA,"YWCA OF THE USA, NATIONAL BOARD (INC)",≤100
375742685850856,Firearms Policy Coalition,"FIREARMS POLICY COALITION, INC.",≤100
197760674021143,Indivisible Guide,INDIVISIBLE ACTION,≤100
101611771729304,Our True God,One True God,≤100
8047221596,Save the Children US,SAVE THE CHILDREN FEDERATION INC.,≤100
1476342155924546,Big Rig Threads,Big Rig T-Shirts and Decals LLC,≤100
107168898379486,Speed & Scale,Speed & Scale,≤100
51052893175,Kevin McCarthy,Leader Kevin McCarthy,≤100
471928596287830,Brian Mast,Mast for Congress,≤100
21242962092,ClientEarth,CLIENTEARTH USA INC,≤100
10498053716,Media Research Center,MEDIA RESEARCH CENTER,≤100
36872302227,Cory Booker,CORY BOOKER FOR SENATE,≤100
100161236017115,Ready for Ron,READY FOR RON,≤100
109620145131268,Pluribus News,Pluribus News,≤100
104377641671195,Salem Podcast Network,Salem Media,≤100
546066468753446,Black Health Matters,BLACK HEALTH MATTERS FOUNDATION INC,≤100
48046820798,Veeam Software,These ads ran without a disclaimer,≤100
105561217523274,The Dispatch,"Dispatch Media, Inc.",≤100
140499052681592,Bank of the West,BANK OF THE WEST,≤100
1775452652560512,Black Progressive Action Coalition - BPAC,BPAC,≤100
139362439415490,Jewish Federation of Palm Beach County,"JEWISH FEDERATION OF PALM BEACH COUNTY, INC.",≤100
104811701387594,Our Community's Health,TruthNotLies,≤100
219224241438635,Compassion & Choices,COMPASSION & CHOICES,≤100
317284821682168,Messianic Jewish Alliance of America (MJAA),Messianic Jewish Alliance of America,≤100
6240652407,Young America's Foundation,Young America's Foundation Inc,≤100
101803615972593,Innovation Race,"TEA PARTY PATRIOTS ACTION, INC.",≤100
67626834312,National Women's Law Center,National Women's Law Center,≤100
106925294739244,Advancing American Freedom,Advancing American Freedom,≤100
90022052772,Williams,"WILLIAMS COMPANIES, INC., THE",≤100
100145644726687,Opportunity For All Floridians,Opportunity For All Floridians,≤100
170591064699,Southern Poverty Law Center,"SOUTHERN POVERTY LAW CENTER, INC., THE",≤100
24481937944,Theodore Roosevelt Conservation Partnership,"THEODORE ROOSEVELT CONSERVATION PARTNERSHIP, INC",≤100
657708380952174,Voices of the Civil Rights Movement,Comcast,≤100
17432811417,Working Families Party,Working Families Party National Political Action Committee,≤100
100713722763577,Love Sunny Isles,Safe Streets Miami,≤100
89336510798,American Friends of the Hebrew University,American Friends of Hebrew University,≤100
284293125336159,Regulatory Transparency Project,FEDERALIST SOCIETY FOR LAW & PUBLIC POLICY STUDIES,≤100
134452023239984,Human Coalition,Human Coalition,≤100
286999398309679,Enel Green Power,"Enel North America, Inc.",≤100
93228695778,Tea Party Patriots,Tea Party Patriots,≤100
12357407443,American Friends Service Committee,AMERICAN FRIENDS SERVICE COMMITTEE,≤100
104255434986319,Teal Crate,Vougs,≤100
337038226473839,Trish Regan,"SALEM MEDIA GROUP, INC.",≤100
23790541544,Democrats,DCCC,≤100
10150124349775072,"Riddle & Brantley, LLP","RIDDLE & BRANTLEY, LLP",≤100
106456872157681,Claxtonlawgroup,CLAXTON LAW PLLC,≤100
300992409852,Hoover Institution,Hoover Institution,≤100
147126507164,ACTwireless,ACTwireless,≤100
507070522767934,AACR Foundation,"AMERICAN ASSOCIATION FOR CANCER RESEARCH, INC.",≤100
1166660030079480,National Democratic Redistricting Committee,National Democratic Redistricting Committee,≤100
101280379140925,Sunny Isles Conservatives,Safe Streets Miami,≤100
105715796618476,Protect Greater Chaco,Protect Greater Chaco,≤100
8433834471,Teach For America,These ads ran without a disclaimer,≤100
102911032344201,EinStrong,EINSTRONG FOUNDATION,≤100
408250066356,Bill O'Reilly,"Bill Me, Inc.",≤100
936968016365794,The Eric Metaxas Radio Show,Salem Media,≤100
7191206138,ASPCA,ASPCA,≤100
25121889784,Texas Public Policy Foundation,Texas Public Policy Foundation,≤100
707842972692825,IAMJetBlue,James A. Carlson,≤100
50822254585,Mountain States Legal Foundation,Mountain States Legal Foundation,≤100
1701668183423201,Pandia Health,Pandia Health,≤100
151519301716392,Dressember,These ads ran without a disclaimer,≤100
48994809349,Ms. Foundation for Women,MS FOUNDATION FOR WOMEN INC,≤100
105791402802932,Democratic Party of Georgia,Democratic Party of Georgia,≤100
101930385197156,Alianza Center,"Alianza Center, Inc.",≤100
110003135240961,Pride of America,Pride of American,≤100
380884168648080,Population Research Institute,POPULATION RESEARCH INSTITUTE,≤100
2254455051442790,Flag and Cross,Flag & Cross,≤100
243184199040637,Caring Across Generations,Caring Across Generations,≤100
7219151423,The Fund for American Studies (TFAS),FUND FOR AMERICAN STUDIES,≤100
104092062075803,PBC Jolt,"Jolt Media, Inc.",≤100
323083351064533,The News Literacy Project,The News Literacy Project,≤100
29934350147,Marketplace Business News,AMERICAN PUBLIC MEDIA,≤100
700806360047982,CFG Action,Club for Growth Action,≤100
2023114331282570,Florida Daily,Florida Daily,≤100
424443217623488,Clarion Project,"CLARION PROJECT, INC.",≤100
24302792343,UUSC: Unitarian Universalist Service Committee,UNITARIAN UNIVERSALIST SERV  COMMIT,≤100
121477031279,Meaningful Beauty,These ads ran without a disclaimer,≤100
512225042147387,Mothers Out Front,MOTHERS OUT FRONT INC,≤100
127637620616803,Comcast Newsmakers,Comcast,≤100
422008131240977,Equality Florida Action PAC,EQUALITY FLORIDA ACTION PAC INC,≤100
1201574069988840,NoFilter with Ana Kasparian,"The Young Turks, Inc.",≤100
15041226930,Oxfam,"OXFAM AMERICA, INC.",≤100
6502038524,First Book,FIRST BOOK,≤100
59826489083,SELC,SOUTHERN ENVIRONMENTAL LAW CENTER,≤100
253966794723524,Orange County FL Tax Collector's Office - Scott Randolph,Orange County Tax Collector,≤100
355783211719644,Veteran Caregivers of America,"Veteran Caregivers, LLC",≤100
105232672406200,Seniors Digest,Seniors Digest,≤100
983629811723932,Home Title Lock,Home Title Lock,≤100
118626774835274,Medicare Made Clear,Medicare Made Clear from United Healthcare,≤100
245741028804051,Barbara Sinatra Center,Barbara Sinatra Children's Center,≤100
72225505417,Orvis,Orvis,≤100
130531197165,Betty Griffin Center,SAFETY SHELTER OF ST JOHNS COUNTY INC,≤100
999556810102061,Signature Seas,Signature Seas,≤100
147074598789837,"Legal Aid Society of Palm Beach County, Inc.","LEGAL AID SOCIETY OF PALM BEACH COUNTY, INC",≤100
9324910069,NRSC,NRSC,≤100
14038292386,Women for Women International,WOMEN FOR WOMEN INTERNATIONAL,≤100
100113541464939,Start Early,Start Early,≤100
979585418796144,Love Life,Love Life,≤100
103602275197310,Communist Free - Freedom First,September Group LLC,≤100
534332363577954,Political scrapbook,David Granville Hough,≤100
103916546350474,Stericycle,Stericycle,≤100
109320440856128,Together Beat Hate,"Foundation to Combat Anti-Semitism, Inc.",≤100
373907895967240,Orlando Clinical Research Center,ORLANDO CLINICAL RESEARCH CENTER INC,≤100
911828698840246,ReLEntless Defender Apparel,ReLEntless Defender Apparel,≤100
159658557547960,Wall Street Journal Opinion,The Wall Street Journal,≤100
605037386536651,Alianza for Progress,Alianza for Progress,≤100
407902639235640,JNS.org,Jewish News Syndicate,≤100
42324160403,BET,These ads ran without a disclaimer,≤100
126893748252841,American Firearms Association,American Firearms Coalition,≤100
137662367278,League of Women Voters of the US,LEAGUE OF WOMEN VOTERS OF THE UNITED STATES,≤100
403619063056255,Vice Mayor Alix Desulme,Alix Desulme - The City of North Miami,≤100
109118211910879,Mr. 45,Green Straw LLC,≤100
109123378562348,Georgia Honor,GEORGIA HONOR,≤100
702582586516561,CBN Israel,"The Christian Broadcasting Network, Inc.",≤100
21090771700,Gun Owners of America,Gun Owners of America,≤100
120945717945722,Uber,Uber,≤100
96931493939,Californians Against Higher Taxes,Californians Against Higher Taxes,≤100
136366840902,Levin Papantonio Rafferty Law Firm,Levin Papantonio Rafferty,≤100
110126414918329,"Hall Keener, P.A.",Crisp,≤100
361960287311696,Better Medicare Alliance,"Better Medicare Alliance, Inc",≤100
6820348410,Kirsten Gillibrand,Gillibrand for Senate,≤100
557051651115624,Stidham Financial Services,Stidham Financial Services,≤100
104491841664875,Adam Kinzinger,Future First Leadership PAC,≤100
53797383417,The National Urban League,"NATIONAL URBAN LEAGUE, INC.",≤100
101103254533,SOS International,SOS International,≤100
81286652945,FOX Soccer,These ads ran without a disclaimer,≤100
248262725706461,Power The Future,Power The Future Inc,≤100
236744524920470,Net Positive,"Target Marketing Digital Marketing Agency, LLC",≤100
1958912674200535,The Pour Over,Pour Over,≤100
947348891946599,Mike Waltz,MICHAEL WALTZ FOR CONGRESS,≤100
28126338304,Surfrider Foundation,"SURFRIDER FOUNDATION, INC",≤100
134631417876,The Florida Bar,The Florida Bar,≤100
18079407397,CPAC,AMERICAN CONSERVATIVE UNION,≤100
11006419356,The Voice of the Martyrs - USA,"VOICE OF THE MARTYRS, INC., THE",≤100
101391906600,Live Action News,Live Action,≤100
102230249080409,Freedom First,Jason Donald Robertson,≤100
271453369908901,FLAG  - Foundation for Liberty and American Greatness,Tomer Barazani,≤100
2602473023098666,Democratic Polling Center,Democratic Governors Association,≤100
97624620788,American Friends of Magen David Adom,AMERICAN FRIENDS OF MAGEN DAVID ADOM,≤100
700941689954518,Defend Our Future,Defend Our Future,≤100
171287339973880,LCV Victory Fund,"LCV Victory Fund, 202-785-8683, and not authorized by any candidate or candidate’s committee",≤100
59877921429,Lutheran Immigration and Refugee Service,"LUTHERAN IMMIGRATION AND REFUGEE SERVICE, INC.",≤100
102142101657930,OurFight.online,Our Fight Inc,≤100
101573474533442,Chronic Care Policy Alliance,The Chronic Care Policy Alliance,≤100
696930446991476,Financialadviser.com,"All Phone Leads, Inc.",≤100
129255907131113,NumbersUSA,NUMBERSUSA EDUCATION AND RESEARCH FOUNDATION,≤100
110480728196620,Small Business Digital Alliance,Small Business Digital Alliance,≤100
133649613319094,A Call to Men,A CALL TO MEN,≤100
170126260000702,Western Journal US News,The Western Journal,≤100
348973409274904,Velvet Hamster,Velvet Hamster,≤100
181438572390,Sarasota County Democratic Party,Sarasota County Democratic Party,≤100
38882699096,Polaris,POLARIS PROJECT,≤100
114301413446447,The Climate Initiative,Kennebunkport Climate Initiative,≤100
107034431979369,United24,Non-profit organization UNITED24,≤100
113819843492581,Somos Votantes,Somos Votantes,≤100
16900111951,National Organization for Women (NOW),NATIONAL ORGANIZATION FOR WOMEN,≤100
795162290631372,Citrus Pregnancy Center,LIFE CHOICE CARE CENTER INC,≤100
308159713150350,Voter Protection Project,VOTER PROTECTION PROJECT,≤100
169042736456594,All Out,All Out Action Fund.,≤100
102737402320396,Talkable Communities,Talkable Communities,≤100
114987109266900,Senior Enrollment Center,Senior Enrollment Center,≤100
1898234727131235,Reel America,BizPac Review,≤100
40102638699,J Street,J STREET INC,≤100
104665365704499,Health Insurance Secrets,Healthcare Marketplace Navigators LLC,≤100
769924816419024,Graham Allen,Robert Graham Allen,≤100
103482538845527,Conservative Truth,Home of the Brave Media LLC,≤100
107656731666716,Medicare Advisors,Weekly Wealth,≤100
80060992758,Center for Food Safety,"CENTER FOR FOOD SAFETY, THE",≤100
408526523045391,Mammoth Nation,Mammoth Nation,≤100
63240625785,National Immigration Forum,NATIONAL IMMIGRATION FORUM,≤100
100484735718366,The Coalition for Carolina,Coalition for Carolina,≤100
100113865706707,ADF Generational Wins Prayer Initiative,ALLIANCE DEFENSE FUND INC,≤100
125937197447634,ACTA - American Council of Trustees and Alumni,AMERICAN COUNCIL OF TRUSTEES AND ALUMNI,≤100
106058025408954,Do No Harm Medicine,Do No Harm,≤100
343714718985673,Think Wood,Think Wood,≤100
378084314984,Trane Technologies,Trane Technologies,≤100
19342050934,Leadership Institute,LEADERSHIP INSTITUTE INC,≤100
139062085972,Illinois Family Institute,"ILLINOIS FAMILY INSTITUTE, THE INC",≤100
18017481462,Acton Institute,Acton Institute,≤100
945455208962159,For Everyone Collective,For Everyone Collective,≤100
222778077862868,Crime Survivors for Safety and Justice,Alliance for Safety and Justice,≤100
59797458205,The Jimmie Hale Mission,JIMMIE HALE MISSION,≤100
108179361951729,Republican Patriots,Tomer Barazani,≤100
130848666099,Business Forward,Business Forward Inc.,≤100
290548664672,First Liberty,First Liberty Institute,≤100
453964095167280,"Chris Caputo, Wilton Manors City Commissioner",Citizens for Chris Caputo,≤100
85337666730,Republican Governors Association (RGA),REPUBLICAN GOVERNORS ASSOCIATION,≤100
107308698272177,Gas Leaks Action,Gas Leaks Action,≤100
101769576791,Health Action Network,Health Action Network,≤100
168876449866088,The Years Project,THE YEARS PROJECT,≤100
10331123781,Special Olympics,Special Olympics Inc,≤100
28446275521,Military Officers Association of America (MOAA),Military Officers Association of America,≤100
513695272011123,The Genesis Prize,GPF NA LLC,≤100
55549065733,Voto Latino,VOTO LATINO INC.,≤100
58158120046,ACLJ,American Center for Law and Justice,≤100
74203588228,New Jersey Hall of Fame,New Jersey Hall of Fame,≤100
392516956004,The Carter Center,"CARTER CENTER, INC., THE",≤100
178746337565646,Save Our Allies,Save Our Allies,≤100
105861441295494,97Percent,97PERCENT ORG INC,≤100
175034712516314,WaterAid America,WaterAid America,≤100
1208669005920585,159 Georgia Together,159 Georgia Together,≤100
1515018011854071,Florida Democratic Party Jewish Caucus,Florida Democratic Party Jewish Caucus,≤100
27817332304,American Foundation for Suicide Prevention,AMERICAN FOUNDATION FOR SUICIDE PREVENTION,≤100
40755480179,Students For Liberty,STUDENTS FOR LIBERTY INC,≤100
286154848114062,Advocates for Surrogacy,ADVOCATES FOR SURROGACY LLC,≤100
659878157406228,America's Warrior Partnership,America's Warrior Partnership,≤100
103639379254898,Building a Better Economy,Building a Better Economy PC,≤100
802271849850801,Freedom for All Americans,Freedom for All Americans,≤100
8936818385,Accuracy in Media,Flo Communications,≤100
1562713090633117,Operation Underground Railroad,OPERATION UNDERGROUND RAI,≤100
27478282874,UNITE HERE!,UNITE HERE,≤100
278052172260101,ZERO TO THREE,ZERO TO THREE,≤100
110431415026491,The American Enthusiasm,The American Enthusiasm,≤100
108266445888054,Patriot Academy,TORCH OF FREEDOM FOUNDATION,≤100
125179374733697,Big News Buzz,Resource Media,≤100
93565224474,Mercy For Animals,MERCY FOR ANIMALS,≤100
6817268395,Campus Pride,CAMPUS PRIDE INC,≤100
100119981671668,Blue Senate,BLUE SENATE PAC,≤100
9364828262,Citizens Against Government Waste,CITIZENS AGAINST GOVERNMENT WASTE,≤100
30618466815,Pacific Legal Foundation,Pacific Legal Foundation,≤100
310925405807,Citizens Climate Lobby,Citizens' Climate Lobby,≤100
102784342640570,Better Nation Guide,Hot Review Products,≤100
103725461407761,Maryorie Pineda Insurance,JM INSURANCE GROUP LLC,≤100
105173311888160,Star and Bar,Star and Bar,≤100
143845192443481,Celia Israel,Celia for Austin,≤100
6236054211,Brady: United Against Gun Violence,Brady Campaign to Prevent Gun Violence,≤100
101732141294780,They See Blue,THEY SEE BLUE,≤100
999015486922043,Elvin Villalobos,Elect Elvin Villalobos,≤100
109352563640,Water.org,WATER.ORG INC.,≤100
109846597589278,Patriot's Cave Shop,Patriot's Cave,≤100
181385265351965,Mosaic Magazine,Mosaic,≤100
103665368802136,Operation Red Wall,Krista D Bloch,≤100
100416560012896,Friends of the Everglades,FRIENDS OF THE EVERGLADES INC,≤100
206238602739505,Taxpayers Protection Alliance,Taxpayers Protection Alliance,≤100
2321993584737314,The Markin Report,The Markin Report,≤100
110413484971344,The Frugal Saver,"WISDOM COMPANIES, LLC , THE",≤100
102420431749179,Raging Americans,Tomer Barazani,≤100
173470656019870,The Daily Yonder,CENTER FOR RURAL STRATEGIES,≤100
950685078464558,Center for a Humane Economy,Center For A Humane Economy,≤100
399699243844756,Adavi Insurance,ADAVI INSURANCE INC,≤100
59543893235,National Constitution Center,National Constitution Center,≤100
279799525443906,HELPS Nonprofit,HELPS Nonprofit Law Firm,≤100
80770833881,Eagles' Wings,EAGLES' WINGS MINISTRIES,≤100
148048225348895,Danielle D'Souza Gill,DDG Media LLC,≤100
1399099193667071,WP Creative Group,WP BrandStudio,≤100
100216259255576,Tampa Bay Today,SOCIAL POWER AD GROUP INC,≤100
97261063097,Global Fund for Women,"GLOBAL FUND FOR WOMEN, INC., THE",≤100
173641254524,National Network of Abortion Funds,National Network of Abortion Funds,≤100
108155598473433,American Patriot News,Krista D Bloch,≤100
36085812354,Rainforest Foundation US,"Rainforest Foundation, Inc.",≤100
111044621745187,Liberty News,Michael Scott Hughes,≤100
103277109172874,The Original Lou's News,Jennifer Ann Robertson,≤100
102255626515926,Mayor Wayne M Messam,City of Miramar,≤100
102027764795677,American Wire,BizPac Review,≤100
187741797907314,The American Society of Anesthesiologists (ASA),"AMERICAN SOCIETY OF ANESTHESIOLOGISTS, INC., THE",≤100
1546952572205770,UAE USA United,The Embassy of the United Arab Emirates,≤100
1479899112252729,Ukrainian American House,Ukrainian American House,≤100
119216091518705,Protect The Harvest,Karen Elizabeth Glueck,≤100
508887815910815,BPR,BizPac Review,≤100
2262108794068109,Owens Corning Residential Insulation,These ads ran without a disclaimer,≤100
7292655492,MoveOn,MOVEON.ORG POLITICAL ACTION,≤100
107860957543617,Naizly,These ads ran without a disclaimer,≤100
16534314739,Facing History and Ourselves,"FACING HISTORY AND OURSELVES NATIONAL FOUNDATION, INC.",≤100
105120815642998,Partnership to Address Global Emissions,PARTNERSHIP TO ADDRESS GLOBAL EMISSIONS INC,≤100
605168822998856,314 Action,314 ACTION FUND,≤100
60182072999,Lila Rose,Live Action,≤100
282728185140429,Rep For Vets,The Rep For Vets,≤100
102596355656379,Red Wave News Updates,Michael Scott Hughes,≤100
111824001908,Hakeem Jeffries,JEFFRIES FOR CONGRESS,≤100
131023707236064,Applecart,Project Applecart LLC,≤100
70795936969,Children International,CHILDREN INTERNATIONAL,≤100
108620667163768,For Our Future,Resource Media,≤100
1219895884702640,Popcorn for the People,LET'S WORK FOR GOOD,≤100
65976391931,Riunite,These ads ran without a disclaimer,≤100
110624565660992,ZOE International,ZOE International,≤100
106887465438852,Modern Economy Project,PRISM STRATEGY INC,≤100
250937275581234,Problk Health,Problk Health LLC,≤100
92021268117,Working America,Working America,≤100
101581329115492,Freedom Street,Jason Donald Robertson,≤100
16775672689,Heartland Institute,The Heartland Institute,≤100
255062275778,Tim Tebow Foundation,TIM TEBOW FOUNDATION,≤100
210357995667559,The National Memo,The National Memo,≤100
1338822066131069,Women's March,Women's March,≤100
11602044174,Independent Women's Forum,Independent Women's Forum,≤100
90209763480,The Federalist Society,The Federalist Society,≤100
13536897444,Corporate Accountability,Corporate Accountability International,≤100
110736195123335,Tax For You Insurance,Camilo Gonzalez,≤100
100221986153813,Lou's Daily News,Jennifer Ann Robertson,≤100
102047517918,The Commonwealth Fund,"COMMONWEALTH FUND, THE",≤100
100500465282483,Breaking Battlegrounds,September Group LLC,≤100
104614641200137,MeidasTouch,MEIDASTOUCH,≤100
1425435377743310,Conversations with Bill Kristol,FOUNDATION FOR CONSTITUTI,≤100
601472019907779,Latino Victory,Latino Victory Fund,≤100
339432396135584,The Exodus Road,The Exodus Road,≤100
101165966152,AFL-CIO,AFL-CIO,≤100
110042181919423,Leading With Greatness,Patriotic Uniting For All,≤100
128334087241432,Todd Starnes,Starnes Media Group LLC,≤100
662962894077729,The Well News,The Well News,≤100
107925603976843,Protect App-Based Drivers and Services,Protect App-Based Drivers and Services,≤100
14084625156,Susan G. Komen,Susan G. Komen,≤100
403737406341879,National Women's Health Network,NATIONAL WOMENS HEALTH NETWORK,≤100
101111655405022,The Rationist,Timothy Robert Ferguson,≤100
105060269781,Premiere Collectibles,"Premiere Marketing, Inc.",≤100
105598238721153,We The Kids,We The Kidz LLC,≤100
19219803864,Tax Foundation,Tax Foundation,≤100
100284648021034,New Tolerance Campaign,New Tolerance Campaign,≤100
238473269650980,Capital & Main,CAPITAL & MAIN,≤100
291102898490822,Conservative Comedy Store,Conservative Comedy Store,≤100
101319825565305,Lacayo Group Inc,LACAYO GROUP INC,≤100
163302087408673,Stop The Donald,Stop the Donald,≤100
110316380149,Family Policy Alliance,Family Policy Alliance,≤100
439271970343,World Help,WORLD HELP,≤100
110509648508074,Coyotes in Tempe,Coyotes in Tempe,≤100
201956993160690,MRCTV,MEDIA RESEARCH CENTER,≤100
723394465079640,The Lion,Stanley M. Herzog Charitable Foundation,≤100
206202032757114,Nature and Culture International,NATURE AND CULTURE INTERNATIONAL,≤100
104396194587918,C3 Solutions,Conservative Coalition for Climate Solutions,≤100
464998390249008,The Independence Fund,"INDEPENDENCE FUND, INC, THE",≤100
159960044025031,American Heritage Magazine,American Heritage Publishing,≤100
414873796022535,Amelia Island TV,Amelia Island TV,≤100
102176712079037,Daily Floridian,Daily Floridian,≤100
1376465702586897,Coloradans for Responsible Energy Development,Coloradans for Responsible Energy Development,≤100
15503839732,Peter G. Peterson Foundation,Peter G. Peterson Foundation,≤100
1510567695822499,American Federation for Children - Wisconsin,American Federation for Children,≤100
100983515068287,"Justice For Greenwood Foundation, Inc.",Justice for Greenwood Foundation Inc,≤100
136362309708243,Restaurant Opportunities Centers United (ROC United),"RESTAURANT OPPORTUNITIES CENTERS (ROC) UNITED, INC.",≤100
256072828435344,Parkmed NYC,Reproductive Health Access Training Center,≤100
105334892381660,AmericanTowns Politics,AMERICAN TOWNS,≤100
238348260390644,The Brigid Alliance,"BRIGID ALLIANCE, THE",≤100
1223818144299403,DFRLab,"ATLANTIC COUNCIL OF THE UNITED STATES, INC. (THE)",≤100
294389128448,Gallery Books,These ads ran without a disclaimer,≤100
107553188401159,Brandon Gill,The Boswell Project,≤100
122671561263552,Committee for Better Banks,"COMMUNICATIONS WORKERS OF AMERICA, AFL-CIO, CLC",≤100
105692311896010,Positive Money US,Positive Money US,≤100
104657602040321,Truth Media,Truth Media,≤100
113951920296585,"PRISM FL, Inc.",PRISM FL Inc.,≤100
104316462367899,Kevin Cochrane for Fort Lauderdale District 4 City Commissioner,"Kevin Cochrane, nonpartisan, for Fort Lauderdale City Commission, District 4",≤100
11551978516,URGE: Unite for Reproductive & Gender Equity,UNITE FOR REPRODUCTIVE & GENDER EQUITY,≤100
113341457791145,Voices for Healthy Green Spaces,Voices for Healthy Green Spaces,≤100
103328515934791,Take Back 2024,The Blue State Conservative,≤100
109716011638325,Jane Fonda Climate PAC,JANE FONDA CLIMATE PAC,≤100
6279167307,Easterseals,These ads ran without a disclaimer,≤100
104319892920,Michigan Republican Party,"the Michigan Republican Party with regulated funds. Not authorized by any candidate or candidate's committee. 520 Seymour Ave, Lansing MI 48933",≤100
139034619493222,CUNY Citizenship Now,CUNY Citizenship Now!,≤100
1571132936490223,JewBelong,JEWBELONG INC.,≤100
2092575994307359,Care Connect+,Flagler Hospital,≤100
107369255337226,Nero for America,NERO FOR AMERICA,≤100
698400060189827,Dan Sullivan,Alaskans for Sullivan,≤100
190198574334684,FHE Health,THE FLORIDA HOUSE EXPERIENCE M,≤100
661744180680367,National Police Association,"NATIONAL POLICE ASSOCIATION, INC.",≤100
14226615647,People For the American Way,People For the American Way,≤100
100841088485078,Protege Tu Tribu,Protege Tu Tribu,≤100
65538457518,The Village Square,"TO THE VILLAGE SQUARE, INC.",≤100
466164103423147,Thorn,Thorn,≤100
1869687273277265,Run for Something,Run For Something PAC,≤100
102043555830358,Giving Green,IDinsight,≤100
349800859019034,The 19th News,The 19th,≤100
17168992485,Carnegie Hall,Carnegie Hall,≤100
104869622193803,School Board Member Arguello UNsanctioned,Jon H. Arguello,≤100
103983691875963,Building Healthy Families,CANAVAN FOUNDATION INC,≤100
131306317680000,Social Goods,"Social Goods, LLC",≤100
6165653060,AFSCME,AMERICAN FEDERATION OF STATE COUNTY & MUNICIPAL EMPLOYEES,≤100
99941707269,EPIC Behavioral Healthcare,EPIC COMMUNITY SERVICE INC,≤100
1427314137490753,Sid Miller,Miller For Texas,≤100
105975318453101,LEADAmerica.org,Leadership to Ensure the American Dream,≤100
107326878275017,National Pretrial,National Pretrial,≤100
74783093812,Just Vision,JUST VISION INC,≤100
349528025129958,"Brevard County Sheriff's Office, Florida (Official)",Robert Wayne Ivey,≤100
147523538641547,Capitol Ministries,CAPITOL MINISTRIES,≤100
153678684700451,American Investment Council,AMERICAN INVESTMENT COUNCIL,≤100
30708742052,FCTRY,FCTRY,≤100
772624976214511,Florida Record,The Record,≤100
1679521432262834,Physicians Grassroots Network,American Medical Association,≤100
1553978148244954,Build With Strength,Build With Strength,≤100
103075656740,St. Johns Housing Partnership,St. Johns Housing Partnership,≤100
46396911959,Bethany Christian Services,BETHANY CHRISTIAN SERVICE,≤100
100607179026941,Of Thee I Sing 1776,Harold Gershowitz,≤100
121796696176,Pure Earth,"BLACKSMITH INSTITUTE, INC.",≤100
17414523278,Democracy Now!,DEMOCRACY NOW,≤100
971668776283950,PolicyEd,HOOVER INSTITUTION,≤100
1666922183524165,ReThink Energy NJ,ReThink Energy NJ,≤100
85252863415,National Latina Institute for Reproductive Justice,NATIONAL LATINA INSTITUTE FOR REPRODUCTIVE HEALTH,≤100
345378512258813,Elise Stefanik,ELISE FOR CONGRESS,≤100
414456732055451,Faith in Action International,Faith in Action,≤100
181924628560212,SumOfUs,SumOfUs,≤100
200650357207240,I Love My Freedom,I Love My Freedom,≤100
78420171887,Sailors for the Sea,OCEANA INC,≤100
2070944712939738,American Police Officers Alliance,American Police Officers Alliance,≤100
446667798743642,Starting Point Behavioral Healthcare,"NASSAU COUNTY MENTAL HEALTH, ALCOHOLISM AND DRUG ABUSE COUNCIL, INC.",≤100
103828241312020,Sarasota County Democratic Jewish Caucus,Sarasota County Democratic Party Jewish Caucus,≤100
17043549797,MIT Technology Review,"TECHNOLOGY REVIEW, INC.",≤100
100806058498601,Long Lead,"Long Lead, LLC",≤100
92729316952,Covanta,Covanta,≤100
248181906078243,National Institute for Civil Discourse,CommonSense American,≤100
108028728590880,CTLPod,POPULATION MEDIA CENTER INC,≤100
141115392577644,API Chaya,These ads ran without a disclaimer,≤100
100835322535347,Trump Trading Store,Trump Trading Store,≤100
110420685199238,WeVision EarlyEd,Bainum Family Foundation,≤100
226999127329906,New York Immigration Lawyer,Law Office of Alena Shautsova,≤100
69717994787,buildOn,BUILDON INC,≤100
100758682697459,Mayday Health,"Mayday Medicines, Inc.",≤100
314325338699374,We Are The Mighty,These ads ran without a disclaimer,≤100
277550205502,National Religious Campaign Against Torture,NATIONAL RELIGIOUS CAMPAIGN AGAINST TORTURE,≤100
100403528653081,Punchbowl News,Punchbowl News,≤100
46587884802,Demos,"DEMOS: A NETWORK FOR IDEAS AND ACTION, LTD.",≤100
208704752476388,Native News Online,Native News Online,≤100
1756514954650448,Indigenous Energy Initiative - IEI,EARTH ISLAND INSTITUTE INC,≤100
104178704279594,Main St. First,Resource Media,≤100
151894654697,Save Our States,Save Our States,≤100
95483488591,Democratic Party of Wisconsin,DEMOCRATIC PARTY OF WISCONSIN,≤100
106001278558202,For The Love Of News,Krista D Bloch,≤100
116884823952,Vulnerable People Project,HERO Inc.,≤100
338758899543225,Alan Wilson,Alan Wilson for Attorney General,≤100
145308812220270,Temple Beth El of Boca Raton,TEMPLE BETHEL OF BOCA RATON,≤100
458643554482238,Uri Velez La Sra de los Seguros,Euridis Velez,≤100
828868593857999,"Mike Scott Commissioner Elect, Orange County District 6",Michael Rashad Scott,≤100
186291828074120,Drexel University,Drexel University,≤100
2155128477864214,Meena Harris,These ads ran without a disclaimer,≤100
1375303095849798,Hidalgo County Bail Bond Association,Rene Andres Anzaldua,≤100
269479249997,NSSF—The Firearm Industry Trade Association,National Shooting Sports Foundation,≤100
210937299260017,USA Features Media,USA Features Media LLC,≤100
517185715005608,Milbank LLP,Milbank LLP,≤100
100388729554147,COL Fashion,Culture of Life,≤100
173347889382554,UZ Marketing,UZ Marketing,≤100
401240226922554,VoLo Foundation,VoLo Foundation,≤100
53541257714,The Arc of the United States,"ARC OF THE UNITED STATES, INC., THE",≤100
552580508224925,Chan Zuckerberg Initiative,"CHAN ZUCKERBERG INITIATIVE, LLC",≤100
103234915883299,Jenny Gonzalez Seguros,Jimenez Insurance and Financial Group LLC,≤100
102286035642350,Patriots for USA,USA Features Media LLC,≤100
103387475108048,Rimm-PODCAST,Igor Spasojevic,≤100
299016790922,Bobby Eberle,Bobby Eberle,≤100
44357672795,Independent Institute,"INDEPENDENT INSTITUTE, THE",≤100
83221648429,The D'Addario Foundation,D ADDARIO MUSIC FOUNDATION INC,≤100
164049599660,Catholic Relief Services en español,CATHOLIC RELIEF SERVICES,≤100
855138414631305,Care Connect+ Volunteers,St. Johns Volunteers,≤100
5878048748,GlobalGiving,"GLOBALGIVING FOUNDATION, INC.",≤100
487569614682924,CAPP USA,Yellow Line Productions LLC,≤100
2361139837508625,Animal Victory,"One Red Lion, Inc DBA Animal Victory",≤100
129064750465027,Women's Earth Alliance,Earth Island Institute,≤100
103426858855557,Eyes That Speak by Christy Bowe,Gilbert Lunsford Jr Eugene,≤100
56332452163,AMA Patients Action Network,American Medical Association,≤100
109284291894484,American News Stories,Michael Scott Hughes,≤100
74593887556,Miami's Community Newspapers,Miami's Community Newspapers,≤100
222909321977696,Consumer Action Network,"Consumer Action Network, Inc.",≤100
234628203317767,Made for Freedom,Made for Freedom,≤100
102745147891580,Trump Coolers,Trump Coolers,≤100
106746992189224,The State of Women Podcast,POPULATION MEDIA CENTER INC,≤100
103851532013523,Policyfetch.com,Quantum Digital Media Inc,≤100
118178241651488,DSPolitical,"DSPolitical, LLC",≤100
102826611878758,Saul Zaentz Charitable Foundation,Saul Zaentz Charitable Foundation,≤100
23978156246,UnidosUS,UnidosUS,≤100
203294399456,Public Interest Registry,Public Interest Registry,≤100
497348647140658,Point Source Youth,Point Source Youth,≤100
189262227767934,Cultural Survival,"CULTURAL SURVIVAL, INC",≤100
342887442508723,Convention of States,Convention of States Action,≤100
110094158160834,Red Wave News,Michael Scott Hughes,≤100
169204449790211,Conservative News Today,BizPac Review,≤100
101239962270235,Bright Future Iowa,Bright Future Iowa,≤100
84112077638,Greater Good Charities,GREATERGOOD.ORG,≤100
104329844668,American Bar Association,American Bar Association,≤100
102245545464309,My Patriot  Post,Krista D Bloch,≤100
112043050446693,Together We Elect,TOGETHER WE ELECT PAC,≤100
137747116266280,AARP Foundation,AARP,≤100
107251195285052,Florida's Right to Clean Water,Florida Right to Clean Water,≤100
141169844763069,US Cannabis Council,United States Cannabis Council,≤100
1883003128429295,Queer Majority,These ads ran without a disclaimer,≤100
300341323465160,The Daily Signal,HERITAGE FOUNDATION (THE),≤100
154930410085,"Zion Oil and Gas, Inc.","Zion OIl & Gas, Inc.",≤100
12185972707,350.org,350 ORG,≤100
1766994643530507,"Nate Kilton, Plant City Commissioner","Nate Kilton, Plant City Commissioner",≤100
492981850722952,Alcona Health Center,"ALCONA CITIZENS FOR HEALTH, INC.",≤100
1018654714824453,Maccabee Task Force,Maccabee Task Force Foundation,≤100
103517308361597,TakeCharge,Take Charge Minnesota,≤100
261343034731,Concern Worldwide US,"CONCERN WORLDWIDE (U.S.), INC.",≤100
499379343409991,Impact Fund,"IMPACT FUND, THE",≤100
106582384539447,Design for Freedom by Grace Farms,"GRACE FARMS FOUNDATION, INC.",≤100
106735050716071,Lovely Franklin,Tomer Barazani,≤100
143173285763,Tenth Amendment Center,Tenth Amendment Center,≤100
115506229996657,José Leyva Asesor Integral,JLL BUSINESS & ADVANTAGES LLC,≤100
1582186255355611,"Community Law Group, PLLC - Abogados de la Comunidad",COMMUNITY LAW GROUP PLLC,≤100
101224002310757,Seven Weeks Coffee,Seven Weeks Coffee,≤100
120778038066631,EveryLibrary,EveryLibrary,≤100
100123286264769,Tanner DiBella,American Council for Evangelicals,≤100
287940097975718,Orphan Voice,Orphan Voice Inc,≤100
101466816025710,Renew Healthcare,Quantum Digital Media Inc.,≤100
1731084720451495,Saprea,The Younique Foundation,≤100
59783434599,Hasbara Fellowships,HASBARA FELLOWSHIPS,≤100
192738164073627,A Better Balance,A Better Balance,≤100
824542604252069,Erick Erickson,Erick Erickson LLC,≤100
1555020631394957,American Jewish University - AJU,American Jewish University,≤100
312657362217994,Women's Heart Alliance,Women's Heart Alliance,≤100
194115677277113,A21,A21,≤100
103546351703577,Dallas Express,Dallas Express Media,≤100
64974200999,America-Israel Friendship League,AMERICA-ISRAEL FRIENDSHIP LEAGUE,≤100
82223469060,ACN - Aid to the Church in Need,"AID TO THE CHURCH IN NEED, INC.",≤100
102277115688995,Patriot News Headquarters,Krista D Bloch,≤100
101350839190816,Macro Conservative,Macro Conservative,≤100
215968684159,AFT - American Federation of Teachers,American Federation of Teachers,≤100
114226275387369,republicEn,republicEn,≤100
278434943062355,WellBeing International,"WellBeing International, Inc.",≤100
255569824456386,Keep Charlotte Beautiful Florida,Rhonda Christine Harvey,≤100
494259170754224,Keeping IDentities Safe,KEEPING IDENTITIES SAFE,≤100
60261764250,Childhelp,"CHILDHELP, INC.",≤100
465406007132728,Bubs Naturals,These ads ran without a disclaimer,≤100
710460605705480,Dugit Outreach Center,Dugit Messianic Outreach Center,≤100
104732736288252,Caroline Gleich,These ads ran without a disclaimer,≤100
193775674023153,Jeff Leach,Jeff Leach Campaign,≤100
11024050756,Bioneers,Bioneers,≤100
54580146753,Faith in Action,Faith in Action,≤100
108209831585,Palmetto Family,"PALMETTO FAMILY COUNCIL, INC",≤100
150468198331534,The David Pakman Show,The David Pakman Show,≤100
38234604057,PEN America,PEN AMERICAN CENTER INC,≤100
103452279103881,Ambassador Gordon Sondland,Gilbert Lunsford Jr Eugene,≤100
465501220622013,Lift Up the Vulnerable,Lift Up the Vulnerable,≤100
121710673644,Business Fleet,These ads ran without a disclaimer,≤100
227594571444676,Building New York's Best,"Carpenter Contractor Alliance of Metropolitan New York, Inc.",≤100
104224114671958,Energy For Progress,THE AMERICAN PETROLEUM INSTITUTE,≤100
156496968533805,Explore Beyond,NCTA - The Internet & Television Association,≤100
610264146298573,The American Council,The American Council for Evangelicals,≤100
239844317933916,End Abortion Alabama,End Abortion Alabama,≤100
386305465057247,Liberty Nation,Liberty Nation,≤100
1883837055193241,Shield Republic,Shield Republic,≤100
303374266418976,AFPM,American Fuel & Petrochemical Manufacturers,≤100
205795426669644,Facts and Logic about the Middle East,Facts and Logic About the Middle East,≤100
107423015148834,Agenda PAC,AGENDA PAC,≤100
39897949829,Texas Watch,TEXAS WATCH,≤100
217569858071,Areva Martin,The Areva Martin Corporation,≤100
221455166502566,Senior Savings Club,These ads ran without a disclaimer,≤100
563170183888903,Betty Griffin Center Thrift Shoppe,SAFETY SHELTER OF ST JOHNS COUNTY INC,≤100
114246048174275,Mack McCray for District 2,Ben Capua,≤100
100158948453494,Lars for President,LARS MAPSTEAD FOR PRESIDENT,≤100
107646992144084,Vincenzo Odoguardi - MAIE,MARCO BALDOCCHI GROUP INC,≤100
49421708941,Americans for Limited Government,AMERICANS FOR LIMITED GOVERNMENT IN,≤100
417522508294454,Job Creators Network,Job Creators Network,≤100
199010435394,Turtle Island Restoration Network,Turtle Island Restoration Network,≤100
28483858161,Texas Scorecard,ScorecardMedia,≤100
104977525752112,Freedom of Patriots,Freedom of Patriots,≤100
1521463681450292,IL CleanJobs,Illinois Clean Jobs Coalition,≤100
202512763093138,Endchildmolestation.com,These ads ran without a disclaimer,≤100
1301532606622099,Ranked Choice Voting Resource Center,ELECTION ADMINISTRATION RESOURCE CENTER,≤100
106893981453425,Future of Cities,FOC FUND MANAGER QOZB LLC,≤100
107637012171564,Southland Marquee,Southland Marquee,≤100
234142976633158,Wake Up World & Smell the Coffee,Edith Dume Lerner,≤100
386910774700817,Treble Hook's Florida Folk and Medicine Show,Scott Lee Rexroat,≤100
1158623177494649,Changing Tides Foundation,CHANGING TIDES FOUNDATION,≤100
6954880804,Green America,GREEN AMERICA,≤100
114167895375664,Cherokee Nation,"CHEROKEE NATION, THE",≤100
100390228535852,Preserve Navarre,"Preserve Navarre, Inc.",≤100
273223673607541,Sandy Springs Together,Sandy Springs Together,≤100
41632789656,Townhall.com,"SALEM WEB NETWORK, LLC",≤100
100981815983867,Power For The People,POWER FOR THE PEOPLE LLC,≤100
309798029121030,Everytown for Gun Safety,Everytown for Gun Safety Support Fund Inc,≤100
104373526741700,Save Our Air Medical Resources,Save Our Air Medical Resources,≤100
1835838916635491,Transamerica Institute,Transamerica Center for Health Studies,≤100
1000253160054572,Cori Bush,Cori Bush for Congress,≤100
104057002468187,dr_bcw,These ads ran without a disclaimer,≤100
330280744268309,CT Examiner,CT Examiner LLC,≤100
150322194563,PASA Primates: Pan African Sanctuary Alliance,PAN AFRICAN SANCTUARIES ALLIANCE,≤100
122207534456852,Ayo and Iken,Ayo and Iken,≤100
199891603386344,Common Ground Committee,Common Ground Committee,≤100
100866752814666,"Bold, Bright, And Brave","Bold, Bright, & Brave",≤100
103546351703577,Dallas Express,The Dallas Express,≤100
95426912609,Paola Gianturco Author,Paola Gianturco Author,≤100
683684194987945,"City of Largo, Florida USA",City of Largo,≤100
491750841251088,Filtrol,Wex Companies,≤100
589658204411894,Office of South Carolina Treasurer Curtis Loftis,Future Scholar. Administered by State Treasurer Curtis Loftis. Not paid for with state funds.,≤100
750121728449001,Rebuild SoCal,Rebuild SoCal Partnership,≤100
103875099042033,DailyWire+,The Daily Wire,≤100
2078647579047586,Project Pulso,Project Pulso,≤100
399060493533519,The Justice Foundation,JUSTICE FOUNDATION,≤100
104197751646893,Fix The Cost Shift,Fix the Cost Shift,≤100
27461595703,Carbonfund,Carbonfund.org Foundation,≤100
107718977629934,RHEDI,RHEDI,≤100
102712325850529,Libratum Press,Libratum Press LLC,≤100
285668048130942,Measures for Justice,MEASURES FOR JUSTICE,≤100
138492335404,Scott Walker,FORWARD USA FEDERAL POLITICAL ACTION COMMITTEE,≤100
319210354382,Reform Party of Virginia,REFORM PARTY OF VIRGINIA,≤100
78877543601,Milwaukee Jewish Federation,MILWAUKEE JEWISH FEDERATION INC,≤100
556095874596027,Hearts for Home Care Advocacy,BAYADA Home Health Care,≤100
240425642652222,South Florida Wildlands Association,South Florida Wildlands Association,≤100
830162603716633,Andy Beshear,Andy Beshear for Governor,≤100
20603236087,Love146,"LOVE146, INC.",≤100
103338614839717,Peter S. Wenz,Peter S. Wenz,≤100
248422805193353,The California Endowment,The California Endowment,≤100
430869277025501,Dr. Nancy O'Reilly,"WOMEN CONNECT4GOOD, INC.",≤100
59254639983,Boston Medical Center,BOSTON MEDICAL CENTER,≤100
91346559231,Democratic Legislative Campaign Committee - DLCC,Democratic Legislative Campaign Committee,≤100
17548474116,Reason Magazine,"REASON FOUNDATION, THE",≤100
111839087214971,Vot-ER,VotER,≤100
107722268674706,Cathy Hull,Cathy Hull Originals,≤100
101696902677955,Put Housing First,GREATER NEW ORLEANS HOUSING ALLIANCE,≤100
67011831040,Canon Press,Canon Press,≤100
1599237673639735,Change Media Group,Change Media Group,≤100
6355071377,American Cancer Society Cancer Action Network - ACS CAN,AMERICAN CANCER SOCIETY CANCER ACTION NETWORK INC,≤100
1027702813921248,EmbraceRace,EmbraceRace,≤100
129523843754764,Vote Smart,PROJECT VOTE SMART,≤100
107645227592678,To Which We Belong,Mystic Artists,≤100
104861071996581,NextGen PAC,NEXTGEN CLIMATE ACTION COMMITTEE,≤100
170169493012341,The Fund for Global Human Rights,FUND FOR GLOBAL HUMAN RIGHTS,≤100
192609620649,The University of Chicago,The University of Chicago,≤100
1581819558516148,Nunn Bush,Weyco Group,≤100
88858633879,Beyond Pesticides,BEYOND PESTICIDES,≤100
72931140459,Center for Biological Diversity,These ads ran without a disclaimer,≤100
67945990059,The American Petroleum Institute,The American Petroleum Institute,≤100
609789112559190,Destroying Liberalism 101,Simon Davis,≤100
109475211795252,Freedom From The Press,Michael Scott Hughes,≤100
123651254408327,Sokolove Law,"Sokolove Law, LLC",≤100
374876452974178,McShane LLC,McShane LLC,≤100
111034825665225,GoPhilanthropic,GO PHILANTHROPIC CHARITABLE FUND,≤100
106222134809638,"Elite Noire, Inc.",ELITE NOIRE INC,≤100
261319066080,Americans for Prosperity - Ohio,AMERICANS FOR PROSPERITY,≤100
169710960125365,Curzio Research,Curzio Research,≤100
113545460414372,Carter Heyward,Carter Heyward,≤100
586402784803665,OLÉ NewMexico,"OLE EDUCATION FUND, THE",≤100
837305209648863,Rambling Ronnie,Rambling Ronnie,≤100
220538341415523,The Satanic Temple,The Satanic Temple,≤100
2310488009211056,Poder Latinx,Poder Latinx,≤100
101586078357081,Peter Demos,Peter Demos,≤100
302103665493,Catholic Charities of New York,Catholic Charities Archdiocese of New York,≤100
895720774159876,Colquitt County Republican Party,Republican Party Colquitt County,≤100
115638301834750,Rainbow Democrats,RAINBOW DEMOCRATS INC,≤100
106862204671108,The Deplorable Americans,Justin Gustafson,≤100
174941115857811,Campaign for Southern Equality,Campaign for Southern Equality,≤100
148731991811588,Baird,Robert W. Baird & Co. Incorporated,≤100
188607107843102,Texas Values,TEXAS VALUES,≤100
104377518078467,More Perfect Union,MORE PERFECT UNION FOUNDATION,≤100
183388441737673,First Amendment Museum,FIRST AMENDMENT MUSEUM,≤100
1439497979614629,NH Retirement Security Coalition,NATIONAL PUBLIC PENSION COALITION,≤100
101791315693,Destiny Rescue,"Destiny Rescue International, Inc.",≤100
100913694925880,"Akalan Law Firm, PLLC","Akalan Law Firm, PLLC",≤100
483373685140527,Birthright Israel Foundation,"BIRTHRIGHT ISRAEL FOUNDATION, THE",≤100
126053105675,Save the Redwoods League,Save The Redwoods League,≤100
104750679005557,Patriots Saving America,USA Features Media LLC,≤100
50826482890,YWCA Seattle King Snohomish,YWCA OF SEATTLE-KING COUNTY-SNOHOMISH COUNTY,≤100
88410949777,Population Media Center,These ads ran without a disclaimer,≤100
37442103053,ACLU of New Jersey,AMERICAN CIVIL LIBERTIES UNION OF NJ,≤100
30079936984,CWS,"CHURCH WORLD SERVICE, INC.",≤100
221440761244659,Compassionate St. Augustine,Compassionate St. Augustine,≤100
1634651343331439,Project Wren,Landon Scott Brand,≤100
109366181861530,President Trump is My Wingman,Jennifer Ann Robertson,≤100
162069790604,AARP Arizona,AARP,≤100
81517275796,UNICEF USA,UNITED STATES FUND FOR UNICEF,≤100
107156032037486,Derrick Evans,Jonathan Evans,≤100
110901988202272,Re- Elect Randy Pogue for Kearney Mayor,Randy L Pogue,≤100
21395843375,Dialysis Patient Citizens,DIALYSIS PATIENT CITIZENS INC,≤100
67449893973,American Council for an Energy-Efficient Economy,The American Council for an Energy-Efficient Economy,≤100
294508332028,Lakota People's Law Project,ROMERO INSTITUTE,≤100
262610761306,Counterpoint Press,Counterpoint Press,≤100
105170744437701,The Reproductive Freedom Fund of New Hampshire,The Reproductive Freedom Fund of New Hampshire,≤100
108118582602630,Home Again St. Johns,Home Again St. Johns,≤100
108731490859583,America's Work Force Union Podcast,"Bortini Management Associates, Inc.",≤100
126052760507,Mama Cash,These ads ran without a disclaimer,≤100
340000075813,Jewish Cleveland,JEWISH FEDERATION OF CLEVELAND,≤100
282765295135322,The Pray in Jesus Name Project,"GJK, Inc. d/b/a The Pray In Jesus Name Project",≤100
1844399409122471,St. Johns County Continuum of Care,St. Johns County Continuum of Care,≤100
482100658584410,We Stand For Energy,"EDISON ELECTRIC INSTITUTE, INC.",≤100
117592091643709,Tree of Life Ministries｜Evangelism in Israel,Tree of Life Ministries,≤100
186691125128189,Air Liquide,These ads ran without a disclaimer,≤100
633469933820382,Marina Martinez Seguros,Marina Martinez,≤100
180212755483311,Black Lives Matter,Black Lives Matter Global Network Foundation,≤100
273546779885377,The Gallant Pelham,"delupton, LLC",≤100
175403889150682,FindLaw.com,FindLaw Consumer,≤100
107242815425784,Renewobamacare,"Quantum Digital Media, Inc",≤100
101605354952785,Glenn Youngkin,Spirit of Virginia,≤100
101401179944527,Mona Foundation,MONA FOUNDATION,≤100
96286403078,iHeartDogs.com,HomeLife Media,≤100
117856828270138,Virginia Society for Human Life,VIRGINIA SOCIETY FOR HUMAN LIFE,≤100
14310874716,The Middle East Media Research Institute (MEMRI),MIDDLE EAST MEDIA RESEACH INSTITUTE INC,≤100
26668999076,The Cato Institute,"CATO INSTITUTE, INC.",≤100
711478725532801,Civiqs,Civiqs,≤100
279890513018,Islamic Networks Group - ING,"ISLAMIC NETWORKS, INC.",≤100
109951025170694,Libra Press Books,Libra Press,≤100
61812512785,Holt International,These ads ran without a disclaimer,≤100
164070170277062,Florida Guardian ad Litem Office,These ads ran without a disclaimer,≤100
88748144159,Columbus Metropolitan Club,"COLUMBUS METROPOLITAN CLUB, INC.",≤100
111564223958042,Ending Disease Documentary,Crushed Planet,≤100
186097812110,BioNJ,BIONJ INC,≤100
106079688459705,Missouri Workers Center,Missouri Workers Center,≤100
169668596476550,AFSCME en Español,AMERICAN FEDERATION OF STATE COUNTY & MUNICIPAL EMPLOYEES,≤100
221401431386940,Pramila Jayapal,PRAMILA FOR CONGRESS,≤100
114625730266879,The Republican Accountability Project,Defending Democracy Together,≤100
915656035153394,Oceanites,OCEANITES INC,≤100
111333413863498,Freedom First Society,FREEDOM FIRST SOCIETY,≤100
896759427103774,Modern Medicaid Alliance,Modern Medicaid Alliance,≤100
174793662656828,Colorado Peak Politics,Peak Politics LLC,≤100
472758906150050,The Freedomist,Freedomist LLC,≤100
314964416195,American Seniors Association,AMERICAN SENIOR ASSOCIATION,≤100
101761126009518,Patriotic Army,Tomer Barazani,≤100
29423827874,Proclaiming Justice to the Nations,PROCLAIMING JUSTICE TO THE NATIONS INC,≤100
100529234870713,First Step Alliance,First Step Alliance,≤100
153278754738777,Climate Reality,The Climate Reality Project,≤100
43853729859,Campaigns & Elections,Political World Communications,≤100
108433238844,CWEB,CWEB Inc.,≤100
236829849700741,Al-Monitor,AL-MONITOR,≤100
337017506309686,"City of Spartanburg, SC",City of Spartanburg,≤100
112203121682194,Deviate from Denial Book,Pubvendo LLC,≤100
649662278486235,Stand For Trees,Stand For Trees,≤100
227594571444676,Building New York's Best,Carpenter Contractor Alliance of Metropolitan New York,≤100
1444820465547227,Rank the Vote,Rank the Vote,≤100
101258509347475,Friends of Be an Angel,"FRIENDS OF BE AN ANGEL, INC.",≤100
101377889168483,Gumbo Limbo Coastal Stewards,"Gumbo Limbo Coastal Stewards, Inc.",≤100
12128466831,Amazon Watch,"AMAZON WATCH, INC.",≤100
246737888784902,Filling in the Blanks,FILLING IN THE BLANKS,≤100
710669049286394,Woo the People,Woo the People,≤100
142932506806,Texas Alliance for Life,"Texas Alliance for Life, Inc.",≤100
102769134675149,Evergreen Action,Evergreen Collaborative,≤100
107764430968176,Tuttle Twins TV Show,"Tuttle Twins Show, LLC",≤100
2007361039550045,"Center for Free, Fair, and Accountable Democracy","CENTER FOR FREE, FAIR, AND ACCOUNTABLE DEMOCRACY, INC.",≤100
113903067031126,Equity Books,equitybooks,≤100
2099448153445994,Students for Life Action,Students for Life Action,≤100
106959920878115,The Well Done Foundation,"WELL DONE FOUNDATION, INC.",≤100
101564054951838,We The Forest,We The Forest,≤100
234061016646684,Friedman & Houlding LLP,Friedman & Houlding LLP,≤100
270826723039149,The Coalition to Protect Americas National Parks,"COALITION OF NATIONAL PARK SERVICE RETIREES, INC.",≤100
322945079029,Glory Church International,GLORY CHURCH INTERNATIONAL,≤100
268868046463126,Beacon Center of Tennessee,BEACON CENTER OF TENNESSEE,≤100
224684250862,Consumer Freedom,"CENTER FOR CONSUMER FREEDOM, THE",≤100
210277954204,The Young Turks,"The Young Turks, Inc.",≤100
109026238276430,A Blue Dot in a Red State,A Blue Dot in a Red State,≤100
488740674837681,198 Methods,198 methods,≤100
266790296879,Bloomberg,These ads ran without a disclaimer,≤100
536079253168402,Advancement Courses,These ads ran without a disclaimer,≤100
567126383373960,New York State Animal Protection Federation,New York State Animal Protection Federation,≤100
126379917403141,UnitedHealthcare Empowering Health,Intersport Inc.,≤100
133893509962887,Great Homeschool Conventions,These ads ran without a disclaimer,≤100
29693679970,Pacific School of Religion,These ads ran without a disclaimer,≤100
112589635471203,Zoweh,ZOWEH MINISTRIES INC,≤100
207833736045744,MHAction.org,Patrick R. McHugh,≤100
100124709108034,Patriot One News,Matt Clark Agency,≤100
201248453800242,My Pay My Say,Mackinac Center for Public Policy,≤100
225902781414,William Gheen President of Americans for Legal Immigration,AMERICANS FOR LEGAL IMMIGRATION PAC,≤100
103885799225717,Liberty Protector,Liberty Protector,≤100
780130468736396,McGraw Hill Higher Ed,These ads ran without a disclaimer,≤100
107652198754069,كل شيء,These ads ran without a disclaimer,≤100
100705108379500,Haven for Birth,These ads ran without a disclaimer,≤100
331661123551110,Leadership for Educational Equity,Leadership for Educational Equity,≤100
222826371466717,"Branch Lutheran Schools of Haiti, Inc.",These ads ran without a disclaimer,≤100
109866101953307,Vota por Warnock,Democratic Party of Georgia,≤100
115851611042,The Max Foundation,THE MAX FOUNDATION,≤100
100847645206470,Let's Be Purple,LETS BE PURPLE INC,≤100
449532451834913,Fishers Finery,Fishers Finery,≤100
103210743084765,Resonate,Resonate,≤100
101308925134403,BlackPush Inc.,BlackPush Inc,≤100
109297388592738,One Health Plus,One Health Plus,≤100
146428732129327,The Nature Conservancy in Florida,NATURE CONSERVANCY,≤100
993294760683044,Education Reform Now,EDUCATION REFORM NOW ADVOCACY INC,≤100
216052228433696,Arcus Foundation LGBTQ Social Justice,ARCUS FOUNDATION,≤100
106568024842114,Rideshare Assault Support,Injury Match,≤100
165674110118949,Clearing out the Clutter,Colin D Moore,≤100
103460651712789,Equity Intersection,Equity Intersection,≤100
117507751891,United Poultry Concerns,"UNITED POULTRY CONCERNS, INC",≤100
45372564473,The Mark Twain House & Museum,MARK TWAIN MEMORIAL,≤100
110500431600342,The San Francisco Inquirer,The San Francisco Inquirer,≤100
101127326137721,Maea Brandt for Burlington,Maea Brandt for Burlington City Council,≤100
150559895031,Rapha International,"Rapha House International, Inc.",≤100
183472861249,Point Foundation,Point Foundation,≤100
263311807031163,Sasha Issenberg,EmmKay Media,≤100
103605498122808,Elevate Community Events,Elevate,≤100
105348224679358,Don't Unfriend Me,DONT UNFRIEND ME,≤100
306480006853271,Political-Paige.com BLOG,Political-Paige.com,≤100
108684375088100,Kevin Grindlay for Georgia,Kevin Grindlay for Georgia,≤100
106348486169704,Moms for America,Moms for America INC,≤100
452797224923658,The Democratic Coalition,THE DEMOCRATIC COALITION,≤100
141091277531,Carolina Business Review,Chris William Colasanti,≤100
133294620046953,Mission India,MISSION INDIA INC,≤100
101204378825808,Fight the Right,FIGHT THE RIGHT PAC,≤100
110095967929912,Best Of The Best On Kickstarter,These ads ran without a disclaimer,≤100
104796999552455,Groundswell International,Groundswell International,≤100
182723117043,Chicago Council on Global Affairs,CHICAGO COUNCIL ON GLOBAL AFFAI,≤100
100710759119069,Blue Planet Ecosystem,Blue Planet Ecosystem,≤100
39119822138,Center for Progressive Reform,Center for Progressive Reform,≤100
105399815347439,The Virginia Worker,The Virginia Worker,≤100
208107366586160,Broward County Resilience,Broward County Resilient Environment Department,≤100
100806242836871,Preservation Pause,University of Arizona Indigenous Peoples Law and Policy Program,≤100
1327559570587836,The Bail Project,"BAIL PROJECT, THE",≤100
192247084655399,Andrew LaBruno Mayor of Dumont,Election Fund of Andrew LaBruno,≤100
356431274698532,Ryan Hampton,These ads ran without a disclaimer,≤100
173436592867449,Dr. Jameca,Jameca Woody Cooper,≤100
20188298765,ACLU of Maryland,AMERICAN CIVIL LIBERTIES UNION OF MARYLAND INC,≤100
169509069765501,LawHelpMN.org,Legal Services State Support,≤100
111904024679959,Bold Majority,BOLD MAJORITY PAC,≤100
107485788834971,The Rose Petal Project,The Rose Petal Project,≤100
128595617222254,Arcus Foundation - Great Ape Conservation,ARCUS FOUNDATION,≤100
106602704371225,Rob is Right,Rob is Right,≤100
115518893453702,BrightAction,Climate Solutions Net,≤100
594519783957655,Citizens for National Security,Citizens For National Security,≤100
416913748508616,We Welcome,We Welcome Refugees,≤100
1449073545419430,The Lone Liberal Republican,Arthur Winter,≤100
586626644723972,US Military News Portal,Christian Lawrence Wilson,≤100
50714237985,The Rutherford Institute,RUTHERFORD INSTITUTE,≤100
192738164073627,A Better Balance,A BETTER BALANCE,≤100
561970593860027,Emil Guillermo Media,Emil Amok Guillermo,≤100
187713745097888,Save the Alamo,Save The Alamo Committee,≤100
338218229911752,Integrity First PAC,INTEGRITY FIRST PAC,≤100
103322631645007,Mars Hill Responsible Development,Mars Hill Responsible Development,≤100
106853208671984,Troy Hebert for Chief of Police,Troy Hebert Campaign,≤100
206842149343702,The Alliance for Middle East Peace (ALLMEP),Nicholas Ernesto Acosta,≤100
481331019059116,The Published Reporter,The Published Reporter,≤100
254199237944073,Elijah Rising,These ads ran without a disclaimer,≤100
260713150211,Protect Our Winters,Protect Our Winters,≤100
100427345058411,Deliver Democracy,DELIVER DEMOCRACY,≤100
101848089863820,Bold Nebraska,Bold Alliance Inc,≤100
160680027790462,Time 2 Tell,Time 2 Tell,≤100
100970501612434,Oregon Small Business Association,Oregon Small Business Association PAC,≤100
140706995941854,Asian Americans Advancing Justice Atlanta,"ASIAN AMERICANS ADVANCING JUSTICE-ATLANTA, INC.",≤100
1840062339636847,John D. Flynn for Bella Vista Mayor,Committee to Elect John Flynn,≤100
133931303345903,Zach Klein,Klein Committee,≤100
102926725680984,Plan My Ballot,Priorities USA,≤100
423274577699172,Doctors of the World USA,These ads ran without a disclaimer,≤100
104382528958356,Jenna Caldwell,Pubvendo,≤100
100136138903212,A New Species Emerges,William Simpson,≤100
459858467436599,ATL All Day,These ads ran without a disclaimer,≤100
114764543416,Maricopa County Clean Air,Maricopa County Air Quality Department,≤100
117165741681229,International Crane Foundation,These ads ran without a disclaimer,≤100
229548747155106,Paul Milde,Paul Milde,≤100
104775027706678,Assemblywoman Sarah Clark - AD 136,Sarah Clark for Assembly,≤100
100787421789614,Charlie Hannah for School Board,The Charlie Hannah Organization,≤100
100230599458504,Biosolids Digester Facilities Project,Biosolids Digester Facilities Project,≤100
47393489592,Jew in the City,Jew in the City an NJ nonprofit,≤100
352529216413,Institute for Social Policy and Understanding - ISPU,INSTITUTE FOR SOCIAL POLICY AND UNDERSTANDING (ISPU),≤100
1347377405282853,Living Earth Naturals,Living Earth Naturals,≤100
130342373333,Keep Tahoe Blue,These ads ran without a disclaimer,≤100
237644275109,Voices for Utah Children,Voices for Utah Children,≤100
100380268833174,Gagarin News,These ads ran without a disclaimer,≤100
110322138238412,Back the Blue Line,Front Line Support Inc.,≤100
197374340229,E2 - Environmental Entrepreneurs,E2 (Environmental Entrepreneurs),≤100
102546979162526,Clean4Change,These ads ran without a disclaimer,≤100
116051187749855,TOP5,These ads ran without a disclaimer,≤100
102762964438534,Prince Rav Yisrael For Sparta,Anayah Yisrael,≤100
10524033745,Remote Area Medical - RAM,REMOTE AREA MEDICAL,≤100
123397377677195,"School of International Service, AU","School of International Service, American University",≤100
192771954102960,Jordan Sekulow,American Center for Law and Justice,≤100
282536788457423,"Center For Family Life and Recovery, Inc.","CENTER FOR FAMILY LIFE AND RECOVERY, INC.",≤100
230180824062538,Councilman Anand Shah,Anand U Shah,≤100
330641537286442,Virginia Constitutional Conservatives,Virginia Constitutional Conservatives,≤100
480282659170095,Civic Health Project,Civic Health Project,≤100
2321993911380376,Dr. Patricia Campos Medina,Cristina Coll,≤100
276076196388914,Coffee & Pan Dulce Show,Coffee & Pan Dulce Show,≤100
1751620555099797,United Latinx Fund,United Latinx Fund,≤100
269937067004602,Jerred Price for Memphis City Council Super Dist. 8,Jerred Price,≤100
91396988467,Republican Party of Texas,Republican Party of Texas,≤100
106992736032001,causes.com,COUNTABLE,≤100
109688445137725,Ron DeSantis News and Updates,Logan Thomas Corson,≤100
106538361947338,Gateway Healthcare,These ads ran without a disclaimer,≤100
133753583953215,American History in 90 Minutes - The Common-Sense Guide to U.S. History,American History in 90 Minutes,≤100
107859805329131,Heather Wills for 18th Ward Chicago,Neighbors for Heather Wills,≤100
109262905762425,Kentucky Natural Lands Trust,KENTUCKY NATURAL LANDS TRUST INC,≤100
525242127682576,Jan Schneider,FRIENDS OF JAN SCHNEIDER,≤100
317371771995065,AARP Arizona Hispanic Connection,AARP,≤100
85494514323,Urban League of Portland,Urban League of Portland,≤100
825571424125386,Lighthouse For Life,Lighthouse for Life,≤100
77688524017,Truman Library Institute,HARRY S TRUMAN LIBRARY INSTITUTE,≤100
1353722684643583,EPF Media,EPF Media,≤100
1849556888601707,Nasty Women Writers,Theresa Carmen Dintino,≤100
589037974528585,"Steuben County, NY","Steuben County, NY",≤100
1443911602577177,James Brown for City Council,Campaign Fund for James Brown,≤100
103860008217959,Check CU,Check CU,≤100
461530314600399,Common Sense American Politics,Common Sense American Politics,≤100
105017994401004,The ShanWag Show,Shanedria Wagner,≤100
513785465632396,Airline Passengers for Justice,Airline Passengers for Justice,≤100
27544763621,Prison Fellowship,Prison Fellowship,≤100
144850842237429,Independentvoting.org,Independent Voting (IndependentVoting.org),≤100
137078141865,Kentucky Democratic Party,Kentucky Democratic Party,≤100
105538688731146,Box Programming,These ads ran without a disclaimer,≤100
108108121456950,Blue States PAC,BLUE STATES PAC,≤100
1420200111329836,Alan C. Moore,Alan Christopher Moore,≤100
105155545186714,Friends of Orono,Friends of Orono,≤100
1667638686847579,The Collective PAC,COLLECTIVE FUTURE,≤100
157521957980788,Reimagining the Civic Commons,Reimagining the Civic Commons,≤100
133913826633461,Grassroot Institute of Hawaii,Grassroot Institute of Hawaii,≤100
1666545466912917,Montana Freshwater Partners,These ads ran without a disclaimer,≤100
773432316041673,Calvary South Austin,Calvary South Austin,≤100
544649299014023,Avalara MyLodgeTax,Avalara MyLodgeTax,≤100
349702751902673,Hereditary Angioedema Association - HAEA,HEREDITARY ANGIOEDEMA ASSOCIATION INC.,≤100
101041875286397,Jared Deck for Norman,Jared Deck For Norman,≤100
246437199391981,Multicultural Family Center,These ads ran without a disclaimer,≤100
1170990082950851,The Ross Foundation,These ads ran without a disclaimer,≤100
1460395844247614,Фонд Мир і Ко. Організація допомоги військовим.,These ads ran without a disclaimer,≤100
148726395812,Orange County Water District,ORANGE COUNTY WATER DISTRICT,≤100
586923928036132,CIPS - Christians in Public Service,CHRISTIANS IN PUBLIC SERVICE,≤100
139835646030666,Alliance for Aviation Across America,Alliance for Aviation Across America,≤100
115200138507420,Teached,These ads ran without a disclaimer,≤100
101674425989138,MIT Economics Survey on Climate Change,These ads ran without a disclaimer,≤100
189044857936094,Americans For Prosperity - Alaska,AMERICANS FOR PROSPERITY,≤100
674182529399211,Gun Owners Radio,Gun Owners Media LLC,≤100
568103006940639,Law Office of Gary J. Kim,Law Offices of Gary J. Kim,≤100
109374912424067,Drew McKissick,DrewMcKissick.com,≤100
97332209201,REDF,REDF,≤100
118635175464489,uPolitics,"Uinterview, Inc.",≤100
109170560820620,Pro-Black Pro-Life,Cherilyn Elaine Holloway,≤100
166194476728392,Center Street,"Hachette Book Group, Inc.",≤100
49316421309,Mission to Ukraine,These ads ran without a disclaimer,≤100
1041978885851711,Hiking Trails for America,These ads ran without a disclaimer,≤100
102299219171933,Mavice4CityCouncil,Mavice Hughes Thigpen,≤100
107745951845316,Taylor Mondick for Texas,Taylor Mondick,≤100
103929304678916,Voter Action Project,Integrity First Voter Action Project,≤100
386724564681370,Greater Matthews Habitat for Humanity,"GREATER MATTHEWS HABITAT FOR HUMANITY, INC.",≤100
112912573793125,Rise Up for Justice,Avrom L Altman,≤100
101972884830915,Addiction Education Foundation,ADDICTION EDUCATION FOUNDATION INC,≤100
112078117033545,Suffer the Little Children Podcast,Laine E Hissett,≤100
105269625578850,The Public Page for Ohio Physicians for Reproductive Rights,Ohio Physicians for Reproductive Rights,≤100
1370427629741248,Protect Michigan Kids from Abusive Spanking,Thomas William Christopher Johnson,≤100
1470540296409810,Fair Fight Action,FAIR FIGHT ACTION INC,≤100
115396346988468,Von Behren City Council,Paul Jay Vonbehren,≤100
105443305606165,Donna Hutchinson For Bella Vista City Council,Donna Hutchinson for City Council,≤100
2152371365037033,Aliados Adelante,AARP,≤100
110321788291361,Murray For Bella Vista Mayor,Randy Murray For Mayor,≤100
100273805531723,New Pennsylvania Project,New Pennsylvania Project,≤100
110179069033627,Southwest Fair Housing Council (SWFHC),SOUTHWEST FAIRHOUSING COUNCIL,≤100
250485248333218,Clean Air Task Force,These ads ran without a disclaimer,≤100
458142697588014,AARP Public Policy Institute,AARP,≤100
106095601125529,"Reaching Everyone In Distress Foundation, Inc.",Reaching Everyone in Distress Foundation Inc.,≤100
188686391158612,Landesa,These ads ran without a disclaimer,≤100
42242474367,Sikh American Legal Defense and Education Fund,These ads ran without a disclaimer,≤100
126495234073158,Tallahassee Reports,"Red Hills Journalism Foundation, Inc",≤100
61928951314,Rutherford Hill Winery,These ads ran without a disclaimer,≤100
109496585053950,Green Lutra,These ads ran without a disclaimer,≤100
140155342671005,Sempervirens Fund,SEMPERVIRENS FUND,≤100
105544808429769,Just a Quick Break,These ads ran without a disclaimer,≤100
335254626845412,Regenerators,These ads ran without a disclaimer,≤100
96306740657,Out Youth,OUT YOUTH,≤100
102352059243685,The Lexington Times,The Lexington Times,≤100
104299831779270,Alamosa Citizen,Christopher Victor Lopez,≤100
109068551731974,Sillychillly,Marc Alan Goldstein,≤100
331194776983269,Plastic Ocean Project,These ads ran without a disclaimer,≤100
113682260532902,Lance's Books,Lance Burnside Hillsinger,≤100
102794658754102,Daily Freedom,Trending Views,≤100
140471979488965,Paul Bettencourt,Friends of Paul Bettencourt,≤100
1448985902033866,Trans Lifeline,Trans Lifeline,≤100
67047720896,Extraordinary Women Ministries,"AMERICAN ASSOCIATION OF CHRISTIAN COUNSELORS, INC.",≤100
106345693080767,"National Coalition of 100 Black Women, Inc. - Metro Baton Rouge Chapter",These ads ran without a disclaimer,≤100
103974389650244,Amenders for Federal Spending Control,Mark Albert Meier,≤100
232467307162583,Farm Action,Family Farm Action Inc,≤100
102262718547519,Crazy Uncle Gil,Gilbert Cuevas,≤100
101745838861028,1819 News,1819 Media,≤100
105990415642100,DeSantis Supporters,Logan Thomas Corson,≤100
2085198731562101,Coalition to End Money Bond,Illinois Network for Pretrial Justice,≤100
117214891638398,Street Grace,Street Grace Inc,≤100
186104615328289,Growing and Going,Kunal Kumar Chugh,≤100
381144248486,Arizona Small Business Association,Arizona Small Business Association,≤100
109380744879231,Indigenous Educators Empowerment,These ads ran without a disclaimer,≤100
83960796709,Institute for Southern Studies,INSTITUTE FOR SOUTHERN STUDIES INC,≤100
110340331742946,Lola M Adeyemo,Pubvendo,≤100
55757954259,artnet,These ads ran without a disclaimer,≤100
174824405871879,Families and Friends of Louisiana's Incarcerated Children,FAMILIES AND FRIENDS OF LOUISIANA'S INCARCERATED CHILDREN (FFLIC),≤100
73970658023,International Rescue Committee,International Rescue Committee,≤100
105495775564367,President Trump Updates,Logan Thomas Corson,≤100
147806135405797,Rocky Mount State Historic Site,ROCKY MOUNT HISTORICAL ASSOCIATION,≤100
211901856263434,Conservatives for a Clean Energy Future,Paid for by Conservatives for a Clean Energy Future,≤100
100168745275122,MedArrive,These ads ran without a disclaimer,≤100
186979031342173,Bristol Bay Native Corporation,Bristol Bay Native Corporation,≤100
101752074898161,ccelestine.art,These ads ran without a disclaimer,≤100
110010433804232,Standing For Freedom Center,Standing for Freedom Center,≤100
262164587131475,Free martial arts material for your own local school teachers to use,Ryan Gilbert,≤100
119788114703058,Friends of Mark Fisher,Friends of Mark Fisher,≤100
856664561398670,Attorney Tom,These ads ran without a disclaimer,≤100
109465560444254,Roce Today,I-ROCE LLC,≤100
142592189132301,Sisters of St. Joseph of Orange,Sisters of St. Joseph,≤100
19990774371,Delegate Nic Kipke,Friends of Nic Kipke,≤100
155131494544162,"Center for the Study of White American Culture, Inc.",CENTER FOR THE STUDY OF WHITE AMERICAN CULTURE,≤100
102931382507143,Hal McMillin for Mayor of Westlake,Hal McMillin Campaign Fund,≤100
123613301521418,"Councilman Charles ""Chuck"" Presley, Jr.",Charles Edward Presley Jr,≤100
20225782952,LifeLock,These ads ran without a disclaimer,≤100
100986012759604,Dr. Anthony D. Coleman For Jonesboro City Council-Ward 6,Anthony Demond Coleman,≤100
273271399500160,John W. Carlin,John William Carlin,≤100
1792966030729641,"Wild Project - Leadership, Organizing, & Action",Wisconsin Leadership Development Project,≤100
249467225254927,The Love > hate Project,LOVE GREATER THAN HATE PROJECT,≤100
195261533834361,Friends of Animals,"FRIENDS OF ANIMALS, INC.",≤100
1720878078241107,Conservative Move,Conservative Move,≤100
164223783681838,Tax Talk Today,"Tax Talk Today, Inc.",≤100
104916968538177,TIS 이주공사,TIS VISA CORPORATION,≤100
86711894400,National Write Your Congressman,National Write Your Congressman,≤100
6808755897,Governing,e.Republic,≤100
111651807692763,Oregon Moms Union,Oregon Moms Union,≤100
178710392177780,League of Women Voters  Door County,League of Women Voters of Wisconsin Inc Door County,≤100
100771065462417,UNIFYD,These ads ran without a disclaimer,≤100
100755859429133,Guidehouse Consulting,These ads ran without a disclaimer,≤100
108896007590060,Reclaim Midtown,Russell Eric Biggs,≤100
143656653717,Humane PA PAC,Humane PA,≤100
109323440966912,Protect Earth from Mars Sample Return,Thomas E Dehel,≤100
133012286771509,Alaska Family Action,Alaska Family Action,≤100
294514997230942,Kentucky Conservation Committee,These ads ran without a disclaimer,≤100
1621211201473752,OKTreasure.com,Oklahoma State Treasurer's Office,≤100
108118198193753,Baby Patriot LLC,Baby Patriot LLC,≤100
107034431979369,United24,These ads ran without a disclaimer,≤100
108247581851552,Democracy Defense Fund,DEMOCRACY DEFENSE FUND,≤100
1446425995650642,Steve Kerbel,These ads ran without a disclaimer,≤100
143011502475434,Eurasia Community,These ads ran without a disclaimer,≤100
16871848717,Stop It Now!,STOP IT NOW!,≤100
1858022204238517,Taimi,These ads ran without a disclaimer,≤100
107037522002676,Shirley Abrahamson,These ads ran without a disclaimer,≤100
124047827634,The Greenlining Institute,THE GREENLINING INSTITUTE,≤100
138434734461,CIIS Public Programs,CIIS Public Programs,≤100
100990842647491,Mountain States Policy Center,"Mountain States Policy Center, Inc.",≤100
106345232200030,Marca Ewers-Shurtleff for Bryan City Council District 5,Tina Ann Duncan,≤100
169840807024913,Jobob,The Jobob Show,≤100
124115965454,Cornerstone Action,Cornerstone Action,≤100
103672123082599,Democrats of Jefferson County WV,Jefferson County Democrats,≤100
110519695636906,Meyerland Area Democrats Club,Meyerland Area Democrats Club,≤100
112022491619318,American Apex News,Logan Thomas Corson,≤100
103433804692809,Law Offices of James S. Hong & Associates,Law Offices of James S. Hong,≤100
1155643134510489,ዘ ሐበሻ ታይምስ,These ads ran without a disclaimer,≤100
1138048899572104,Ja'Mal Green,Go Green Chicago,≤100
110133700706695,2 Queers In A Truck,2 Queers In A Truck,≤100
185356589715,Ohio's Electric Cooperatives,Ohio's Electric Cooperatives,≤100
106410062300605,We Love USA,These ads ran without a disclaimer,≤100
38236386996,LSU Press,LSU Press,≤100
106386158767588,DOPE Quick Reads,DOPE QUICK READS LLC,≤100
39197138659,ACLU of New Mexico,ACLU of New Mexico,≤100
100399489583027,Language Studies and Literary Arts Production and Practices,These ads ran without a disclaimer,≤100
113451652001328,Harvest Rock Church,HARVEST ROCK CHURCH,≤100
215540845475754,Apenniesworth,Andrew Adam Theriac,≤100
105502959483490,Remember in November,Antonina Rosa Gagliano,≤100
782741135097430,The Road to God,These ads ran without a disclaimer,≤100
1666801440254815,ALAS - Asheville Latin Americans Achieving Success,These ads ran without a disclaimer,≤100
1419388578092947,Anna Paulina Luna,AAF Nation,≤100
107418177702609,Middle America News,Logan Thomas Corson,≤100
217187838327836,The Story Exchange,The Story Exchange Foundation,≤100
416384822549260,A Better Delaware,A Better Delaware,≤100
109157043854748,Raise Your Hand Texas Advocate - Dallas,Matthew Davis Hall,≤100
103190308020464,The Alex Cuesta Show,Alexander A Cuesta,≤100
1443067615925365,Anila Ali,These ads ran without a disclaimer,≤100
395183503879395,Jefferson Parish Democratic Executive Committee (JPDEC),Jefferson Parish Democratic Executive Committee,≤100
107010494015560,Virginians for Clean Energy,270 Strategies,≤100
93973548615,The Family Foundation,The Family Foundation,≤100
169282116541956,El Nuevo Georgia,New Georgia Media Inc dba El Nuevo Georgia Newspaper,≤100
105866154938442,Eye Care For Ukraine,We Care For Ukraine dba Eye Care For Ukraine,≤100
106568024842114,Rideshare Assault Support,Select Justice LLC,≤100
17023576156,The Leadership Conference on Civil and Human Rights,The Leadership Conference on Civil and Human Rights,≤100
1706206872929391,Carlyn Obringer,Carlyn Obringer for Concord City Council,≤100
100348269406883,Pride Always,Pride Always,≤100
105148578683703,Kyle Rittenhouse,AAF Nation,≤100
366865522817,Joni and Friends,These ads ran without a disclaimer,≤100
26573965003,Bowling Green State University,These ads ran without a disclaimer,≤100
419172532191894,Beyond Plastics,Beyond Plastics,≤100
127691390582,PHI,"PARAPROFESSIONAL HEALTHCARE INSTITUTE, INC.",≤100
101080822634195,Fix It Films,Fix It Healthcare,≤100
323617654673436,Human Trafficking Institute,These ads ran without a disclaimer,≤100
263527537245,Minnesota Governor's Council on Developmental Disabilities,Minnesota Governor's Council on Developmental Disabilities,≤100
79528321223,California ProLife Council,California ProLife Council,≤100
183989338318281,The American Legion National Headquarters,These ads ran without a disclaimer,≤100
305730296471268,"Delegate Emily Brewer, 64th District",Friends of Emily Brewer,≤100
50498162578,Legal Aid Justice Center,Legal Aid Justice Center,≤100
1949064322040283,Principles,"Principles, LLC",≤100
505082913012317,Must Read Alaska,Must Read Alaska LLC,≤100
1191336950894416,City of Carlsbad NM Government,Social Media Manager,≤100
100767591571783,Operation Recovery,These ads ran without a disclaimer,≤100
1387062348242626,Progress Arizona,Progress Arizona,≤100
156878802610,Voter Choice Arizona,Voter Choice Arizona,≤100
1842612892619447,Drew Petersen,Protect Our Winters,≤100
102432685699079,Dr. Sydnee Smirl McElroy for House of Delegates,McElroy for House of Delegates,≤100
371581923612669,Medicare Insurance Agents,Medicare Insurance Agents,≤100
126037931371545,Law Offices of Jonathan K. Park & Associates,Law Offices of Jonathan K. Park & Associates,≤100
110289848570323,Gia Baker for STP School Board - District 9,GIA BAKER CAMPAIGN FUND,≤100
108020636846,Policy Matters Ohio,POLICY MATTERS OHIO,≤100
146316098903194,All Star Code,These ads ran without a disclaimer,≤100
282024622563470,Kevin Smith Mayor,Kevin Smith for Mayor,≤100
100588181565071,Stephanie Vigil for Colorado House,Committee to Elect Stephanie Vigil,≤100
14182731186,Texas Appleseed,TEXAS APPLESEED,≤100
122742807774775,Municipal Water District of Orange County,Municipal Water District of Orange County,≤100
64468870451,Premiere Speakers Bureau,Premiere Speakers Bureau,≤100
288369791569,SEIU 721,SEIU Local 721,≤100
1788530101402591,Rep. John McCravy,McCravy for House,≤100
249557685489132,Spiritual and Practical Socialism,Michael Robert Mccormick,≤100
137682896299660,"DataWise Consulting, LLC",These ads ran without a disclaimer,≤100
101947878961335,AZ Luminaria,Arizona Luminaria,≤100
285812921468243,"The Devadoss Law Firm, P.L.L.C.",These ads ran without a disclaimer,≤100
94390190938,The Tax Shop,"TAX SHOP MOULTRIE INC, THE",≤100
168997603171090,Voices  for Children Advocacy Center,Voices for Children Advocacy Center,≤100
531368367387817,Point Blank Political,"Point Blank Political, LLC",≤100
260713150211,Protect Our Winters,PROTECT OUR WINTERS,≤100
869165529877300,John Mark Windle - State Representative,Friends of John Mark Windle,≤100
107188528581608,cityfieldstn,These ads ran without a disclaimer,≤100
108519784910381,mrs_nichol,These ads ran without a disclaimer,≤100
115533195792,Reston Association,RESTON ASSOCIATION,≤100
2165441450136848,"Issues with Mail Order Pharmacy, Corporate Retail Pharmacy, & PBMs",Unite For Safe Medications,≤100
330616501124211,Drew Murray 4 PHL City Council At-Large,Friends of Drew Murray,≤100
186314388125261,National Council of Jewish Women Arizona,National Council of Jewish Women Arizona,≤100
1813976225323826,Bill Ward - Your Voice in Mayville,Willam James Ward,≤100
683095228488145,Scott McKnight,The Scott McKnight Campaign,≤100
22713916057,PeaceJam,These ads ran without a disclaimer,≤100
101232268662699,Citizens of West Side Flood Control & Drainage District,Trina Marie Mans,≤100
108575573929323,Voters of Tomorrow,"Voters Of Tomorrow Action, Inc.",≤100
161331700649595,Broome Republicans,Broome County Republican Committee,≤100
887717177933723,AFSCME Ohio Council 8,AMERICAN FEDERATION OF STATE COUNTY & MUNICIPAL EMPLOYEES,≤100
107655962130291,kolakollection,These ads ran without a disclaimer,≤100
101672329381420,Northeast Wisconsin Patriots,Diane Carol Bast,≤100
182658925089088,FINCA,These ads ran without a disclaimer,≤100
887139178003592,The Dean Obeidallah Show,The Dean Obeidallah Show,≤100
125530347515327,The Borneo Project,These ads ran without a disclaimer,≤100
103391934724076,Hennepin County Elections,Hennepin County Elections,≤100
34755516617,NJBIZ,These ads ran without a disclaimer,≤100
71186576700,"Florida Community Health Centers, Inc.",These ads ran without a disclaimer,≤100
103830841978849,La Pura Neta,La Pura Neta,≤100
1577089705837768,Simply Earth,Simply Earth,≤100
137022383008699,Green City Times,Green City Times,≤100
102968988764424,Restore Retif Park and Protect Open Space at New Orleans West End,These ads ran without a disclaimer,≤100
782509455125554,Antioch Baptist Church Cleveland,ANTIOCH MISSIONARY BAPTIST CHURCH,≤100
108696864395392,Texas Land and Liberty Coalition,Texas Land & Liberty Coalition,≤100
103913471081871,"Marcus C. Evans, Jr.","Citizens for Marcus C. Evans, Jr",≤100
1408344379409426,LGBTQ Democrats of Mecklenburg County,LGBTQ Democrats of Mecklenburg County,≤100
145937852117328,Fort Scott Area Chamber of Commerce,These ads ran without a disclaimer,≤100
220968878258952,Global Emancipation Network,These ads ran without a disclaimer,≤100
1713655282191321,Family Justice Resource Center,Family Justice Resource Center,≤100
110748051487386,Oregonians for Choice at the Pump,Northwest Grocery Association,≤100
102090861917335,Our Funny Little Site Living,These ads ran without a disclaimer,≤100
173991509376194,Earthen Vessel,These ads ran without a disclaimer,≤100
100569738707050,official_nextstopafrica,These ads ran without a disclaimer,≤100
112233723498525,Fringe Benefits Theatre CT4CT,These ads ran without a disclaimer,≤100
267180743723148,National Geographic Society,These ads ran without a disclaimer,≤100
107446092175735,खेमराज बाकरे अहिवारा विधानसभा क्षेत्र,These ads ran without a disclaimer,≤100
100501269270116,The Educational Equality Institute,These ads ran without a disclaimer,≤100
208371683037269,NBCU Catalyst,These ads ran without a disclaimer,≤100
108675627404410,Melbourne Asia Review,These ads ran without a disclaimer,≤100
180590249178329,wmnHealth,These ads ran without a disclaimer,≤100
183870941633786,Under The Same Sun,These ads ran without a disclaimer,≤100
173541046342015,Ongoza,These ads ran without a disclaimer,≤100
103849455384057,Dr Shajul Islam,These ads ran without a disclaimer,≤100
107170171449319,"Die Natur und die Stadt, Podcast und Blog",These ads ran without a disclaimer,≤100