﻿Page ID,Page name,Disclaimer,Amount spent (EUR)
251107349152220,Горан Герасимовски,Goran Gerasimovski,≤100
101519168409673,Dimitar Kovacevski,Димитар Ковачевски,≤100
563620440357466,НВО Инфоцентар,NVO Infocentar,≤100
1723716297849902,Ljupcho Nikolovski,Ljupcho Nikolovski,≤100
1492262604426519,Орце Ѓорѓиевски - Orce Gjorgjievski,Орце Ѓорѓиевски,≤100
335085593528267,Sloboden Pecat,Sloboden Pecat,≤100
192483774872658,Демократи,Демократи,≤100
1482737048633478,Институт за комуникациски студии ИКС / Institute of Communication Studies,Институт за комуникациски студии,≤100
829371753904952,Hristijan Mickoski,ВМРО-ДПМНЕ,≤100
1637164573001368,Женски Магазин/Zenski magazin,Женски Магазин/Zenski magazin,≤100
100746718435265,Fatmir Bytyqi,Fatmir Bytyqi,≤100
400497373674524,СамоПрашај.мк,Institut za komunikaciski studii,≤100
287369438092961,Бојан Стојаноски,Бојан Стојаноски,≤100
1435678903183823,Giffoni Macedonia Youth Film Festival,These ads ran without a disclaimer,≤100
324459714339171,Civil MK,Civil MK,≤100
112622660371058,Гласни идеи,Гласни идеи,≤100
206557729800319,Türk Hareket Partisi,Enes İbrahim,≤100
1677572455714659,Јорго Огненовски,Jorgo Ognenovski,≤100
164829683652900,Faktor.mk,Faktor.mk,≤100
148427235188637,СДСМ - Социјалдемократски сојуз на Македонија,СДСМ - Социјалдемократски сојуз на Македонија,≤100
196420997043730,ДОМ,ДОМ,≤100
1465978237037042,Ivon Velichkovski,Ivon Veličkovski,≤100
17164098244,JM International,These ads ran without a disclaimer,≤100
590992917983199,Organized Youth Association,These ads ran without a disclaimer,≤100
60516116431,Člověk v tísni,These ads ran without a disclaimer,≤100