﻿Page ID,Page name,Disclaimer,Amount spent (IDR)
23383061178,Prabowo Subianto,indonesia Adil makmur,285938
101350709331663,Golkar 2024,Yayasan Golkar Institut SPKP,187665
114105438017003,GP Nusa Tenggara Barat,Ganjar Nusantara Indonesia,78228
104054595928021,Bakti Untuk Rakyat,Bakti Untuk Rakyat,70623
193237974052689,Partai Keadilan Sejahtera,Partai Keadilan Sejahtera,59300
102793242742002,Jaksapedia,JAKSAPEDIA,58514
320858334728047,Partai Solidaritas Indonesia,Partai Solidaritas Indonesia,34278
164909433966316,Suara Anies,Suara Anies,33782
106690092440342,Pemilu KIT,PEMILU KIT,20774
106918395489616,Golkar Institute SPKP,Yayasan Golkar Institut SPKP,18229
333711983956998,Erwin Aksa,Yayasan Golkar Institute SPKP,17866
100649018546817,GanjarFans,GanjarFans,17461
1207820619252888,PKS Lombok Barat,PKS Lombok Barat,16718
256838011014355,Partai Gerakan Indonesia Raya (Gerindra),Partai Gerindra,11470
101679818973699,Sahabat Ganjar Pranowo,Sahabat Ganjar Pranowo,11441
101804639078770,Unboxing Anies,Unboxing Anies,9977
695605000462574,CNN Indonesia,CNN Indonesia,9722
111864151754055,Esensi TV,Esensi Tv,9129
349963858704476,Komit Digital,Komit Digital,7347
110294151987732,Head Politika,Head Politika,5907
101866128977837,Belajar Pemilu,Belajar Pemilu,5528
106524371346347,NTBSATU.com,NTBSATU.com,4788
1408188616062841,Sofitel Bali Nusa Dua,Sofitel Bali Nusa Dua Beach Resort,4310
110799152010497,Prabowo Lanjutkan Kepemimpinan,Prabowo Lanjutkan Kepemimpinan,4081
1547369918837496,Zulkifli Hasan,DPP PAN,4013
103344702680007,Think Big Indonesia,Think Big Indonesia,3660
100159712647702,Fakta Anies Baswedan,Fakta Anies Baswedan,3498
110750361762052,Pikiran Rakyat,Pikiran Rakyat,3412
104161768809633,Dompet Yatim Dan Dhuafa,Dompet Yatim Dan Dhuafa,3386
197545083607941,Harian Kompas,Harian Kompas,3308
107600565668590,Munafri Arifuddin,Yayasan Golkar Institute,3232
168151513217686,Maybank,These ads ran without a disclaimer,3229
39253583478,PDI Perjuangan,PDI Perjuangan,2579
101760624522103,DPP Banteng Muda Indonesia,DPP Banteng Muda Indonesia,2252
572779142753263,Freeport Indonesia,Freeport Indonesia,2246
104830667806476,Melihat Indonesia,Melihat Indonesia,2231
110865154735990,Koran Harian Tanah Air,Koran Harian Tanah Air,2112
335546226915564,Generasi Melek Politik,Generasi Melek Politik,1855
104899195891472,Berita Ganjar Pranowo,Berita Ganjar Pranowo,1638
109083348423534,Untuk Rakyat,Untuk Rakyat,1363
108156498584853,Tetap Puan,Marabunta Family Cyber,1359
102981496004696,Sedulur Nafa Urbach,Sedulur Nafa Urbach,1348
116715223517954,YouSee Indonesia,YouSee Indonesia,1185
756567881057213,Airlangga Hartarto,Airlangga Hartarto,1110
678421075696415,Giring Ganesha,Partai Solidaritas Indonesia,972
102273039070802,Info Terkini,Info Terkini,942
108401655217559,Layanan Kemanusiaan DPP  Partai Gerindra,Layanan Kemanusiaan DPP  Partai Gerindra,871
103581752405141,Sobar Harahap,Sobar Harahap,775
100159712647702,Fakta Anies Baswedan,Gerakan Perubahan,768
112031464483846,Speaking Partner Kampung Inggris,These ads ran without a disclaimer,751
112578298009481,WARTA.In,These ads ran without a disclaimer,676
101403669397488,Nikmatul Sugiyarto,Nikmatul Sugiyarto,668
255601878216867,Komisaris Politik,Komisaris Politik,559
106919112303644,Jasa Pembuatan Video,Jasa Pembuatan Video,542
110368964786452,Kemajuan Bersama,Kemajuan Bersama,516
522275861211902,Aurelia Septi Mariani,These ads ran without a disclaimer,503
102656349157647,Tugimanisme,Tugimanisme,469
110100218339060,Wahai Ibu Pertiwi,Wahai Ibu Pertiwi,441
112121101796090,Opini 2024,Opini 2024,398
101076948451651,Masa Depan Kita,Masa Depan Kita,387
107241861191421,Ilmu Tambang,Ilmu Tambang,386
1883473018583671,Grand Inna Tunjungan Hotel,These ads ran without a disclaimer,374
106004407402000,Cakap Politik,Cakap Politik,349
108346091544917,Katalis IA,IA-CEPA ECP Katalis,326
1219046384807694,Bid Humas Polda Papua Barat,These ads ran without a disclaimer,314
104117921752426,Ganjaran App,Ganjaran App,283
100359258525418,Pemulihan Lebih Baik,Pemulihan Lebih Baik,279
104427162506872,Fakta Anies,Fakta Anies,273
110666655158744,Sahabat Caleg,Sahabat Caleg,248
110844183599101,DigitalKreatif,DigitalKreatif,242
102497641558430,Indonesia Tolak HOAX,Indonesia Tolak HOAX,240
105078282583947,Rumah Kita Korsel,Ganjar Nusantara Indonesia,221
108571334357297,Melangkah Lebih Baik,Melangkah Lebih Baik,186
108695584343029,Baik Untuk Kita,Baik Untuk Kita,157
104160609212568,Herbert Sihombing,These ads ran without a disclaimer,115
110357942003102,Paul Baja M. Siahaan,These ads ran without a disclaimer,≤100
114012201650176,Fakta Terselubung,Fakta Terselubung,≤100
1503559776534569,Medy M Lensun,These ads ran without a disclaimer,≤100
535503280269676,Xinhua Culture&Travel,These ads ran without a disclaimer,≤100
100386376348232,Jakarta Advertising Agency,These ads ran without a disclaimer,≤100
108625789179165,Soi Dog Foundation,These ads ran without a disclaimer,≤100
118265831263733,The Yash Approach,These ads ran without a disclaimer,≤100