﻿Page ID,Page name,Disclaimer,Amount spent (EUR)
106626487721376,Amazon Europe,Amazon Europe,783
104389425384135,Arbeitgeber Land Hessen,Hessisches Ministerium des Innern und für Sport,590
122074554119,EU Social,EU Social,389
22541752487,Greenpeace Deutschland,Greenpeace Deutschland,337
218786540044,WWF Deutschland,WWF Deutschland,212
331832984040,LichtBlick,LichtBlick,166
82734241364,Campact e.V.,Campact e.V.,136
102169625710148,ClimaClic,Burda Direct GmbH,125
119717121028852,Rheinland-Pfalz Gold,"Ministerium für Wirtschaft, Verkehr, Landwirtschaft und Weinbau Rheinland-Pfalz",117
103822184707126,Shell Deutschland,Shell Deutschland,111
273454591804,SOS-Kinderdorf Deutschland,SOS-Kinderdorf e.V.,103
236934790401,UNO-Flüchtlingshilfe,UNO-Flüchtlingshilfe,≤100
106896292163793,mehr-schutz.de,AstraZeneca GmbH,≤100
1508446642792459,Vattenfall,Vattenfall Europe Sales GmbH,≤100
593476900673774,ifaw,ifaw,≤100
265715943461097,Kettner Edelmetalle,Kettner Edelmetalle,≤100
56497026719,SOS-Kinderdörfer weltweit,SOS-Kinderdörfer weltweit Hermann-Gmeiner-Fonds Deutschland e.V.,≤100
111501317017740,Motatos Deutschland,Motatos,≤100
111080175616050,SPD Hessen,SPD Hessen,≤100
133306764192,NABU Bundesverband,NABU Bundesverband,≤100
511785248971976,"Bundesministerium für Familie, Senioren, Frauen und Jugend","Bundesministerium für Familie, Senioren, Frauen und Jugend",≤100
134278719946186,Bayer,Bayer AG,≤100
144380008933707,SPD-Fraktion im Bundestag,SPD-Bundestagsfraktion,≤100
114186703597807,VIER PFOTEN,VIER PFOTEN,≤100
341486659645594,FDP Fraktion Bundestag,Fraktion der Freien Demokraten im Deutschen Bundestag,≤100
453150811428411,Mastercard,Mastercard,≤100
118043817945466,Schufa Holding AG,SCHUFA Holding AG,≤100
248913988520756,Union Investment,Union Investment Privatfonds GmbH,≤100
44511549119,Konrad-Adenauer-Stiftung,Konrad-Adenauer-Stiftung e.V.,≤100
354492595049805,Stefan Naas,Dr. Stefan Naas,≤100
13479664941,JUNGE FREIHEIT,Junge Freiheit Verlag GmbH & Co. KG,≤100
155869971119836,Dr. Becker Klinikgruppe,Dr. Becker Klinikgesellschaft mbH & Co. KG,≤100
100160149099313,Justice Initiative,Purpose Europe Limited,≤100
275948812881586,NVV bewegt,Nordhessischer Verkehrsverbund,≤100
389053494880517,Buderus Deutschland,Buderus Deutschland,≤100
116335026590900,Mülltrennung wirkt,die dualen Systeme,≤100
478399422560922,KadeFungin,DR. KADE,≤100
572530603230497,AfD-Fraktion im Hessischen Landtag,AfD-Fraktion im Hessischen Landtag,≤100
109573920927141,Ichwillfair,Initiative für nachhaltige Agrarlieferketten,≤100
209697875758716,DIE JUNGEN UNTERNEHMER,Die Jungen Unternehmer,≤100
201065353264638,yello,yello,≤100
1712174338805050,CDU Kelkheim,CDU Kelkheim,≤100
106743252188249,Klimastiftung für Bürger,Klimastiftung für Bürger,≤100
107898832590939,European Commission,European Commission,≤100
332923170220,ONE Deutschland,ONE Deutschland,≤100
173177039386325,CDU-Fraktion Frankfurt,CDU-Fraktion Frankfurt,≤100
170688644503,UNICEF Deutschland,UNICEF Deutschland,≤100
75492447764,GLS Bank,GLS Bank,≤100
451980374985742,ecoligo,ecoligo,≤100
130534873659391,Green Planet Energy,Green Planet Energy eG,≤100
147245511963527,DGB,Deutscher Gewerkschaftsbund (DGB),≤100
144527739568157,Searchtalent,Searchtalent,≤100
223829854355699,Frosch,Frosch,≤100
103919417972272,Unabhängige Beauftragte für Fragen des sexuellen Kindesmissbrauchs,Unabhängige Beauftragte für Fragen des sexuellen Kindesmissbrauchs,≤100
108268845888673,Bundesministerium für Arbeit und Soziales,Bundesministerium für Arbeit und Soziales,≤100
1578640155687393,Sea-Watch,Sea-Watch,≤100
1287910941236600,AfD Fraktion Darmstadt,AfD-Darmstadt-Fraktion,≤100
78502295414,CDU,CDU,≤100
802526116482655,BFF - Bürger für Frankfurt,Bürger Für Frankfurt BFF e. V.,≤100
135239426523955,KfW Bankengruppe,KfW,≤100
457569408150093,Weil's hilft,GESUNDHEIT AKTIV e. V. Bürger- und Patientenverband,≤100
1509790395958123,Aktion gegen den Hunger,Aktion gegen den Hunger,≤100
1799289273687556,Beratungsstelle Frauennotruf Frankfurt,Beratungsstelle Frauennotruf Frankfurt,≤100
116640324358805,jameda Pro,These ads ran without a disclaimer,≤100
67003546475,Deutsches Rotes Kreuz,Deutsches Rotes Kreuz e.V.,≤100
1508446642792459,Vattenfall,Vattenfall Deutschland,≤100
675589985972309,HateAid,HateAid gGmbH,≤100
718677004826671,Deutsche Umwelthilfe,Deutsche Umwelthilfe,≤100
169367889785454,Arbeitgeberverband Gesamtmetall,Arbeitgeberverband Gesamtmetall,≤100
174118102615738,Brot für die Welt,Brot für die Welt,≤100
1093989863995799,hep,hep global GmbH,≤100
100345702834585,All Out Deutschland,All Out,≤100
1861059197481310,Patrick Burghardt,Patrick Burghardt,≤100
136260152219,World Vision Deutschland e.V.,World Vision Deutschland e.V.,≤100
111698888335211,Daskannkunststoff,ALPLA Werke Alwin Lehner GmbH & Co KG,≤100
1062482463795133,Liebesleben,Bundeszentrale für gesundheitliche Aufklärung (BZgA),≤100
141410219264688,SENEC,SENEC GmbH,≤100
150793518281117,Covestro,Covestro,≤100
875054569220633,Länderbüro Hessen und Rheinland-Pfalz der Friedrich Naumann-Stiftung,Länderbüro Hessen und Rheinland-Pfalz der Friedrich Naumann-Stiftung,≤100
130039690359915,Aktionsgemeinschaft Solidarische Welt,Aktionsgemeinschaft Solidarische Welt,≤100
171844246207985,taz,TAZ Verlags- und Vertriebs GmbH,≤100
343364921106,Caritas international,Caritas international,≤100
1393167744264822,Bundesministerium für Digitales und Verkehr,Bundesministerium für Digitales und Verkehr,≤100
156733414463449,SAUBER ENERGIE,SE SAUBER ENERGIE GmbH & Co. KG,≤100
590996571002668,Sagrotan Deutschland,These ads ran without a disclaimer,≤100
2188342231399828,HSI/Deutschland,HSI Europe,≤100
218526588178056,alwa,alwa Mineralbrunnen GmbH,≤100
118757641536297,neues deutschland,nd.Genossenschaft eG,≤100
1509344156054331,AfD Darmstadt,AfD-Kreisverband Darmstadt,≤100
2211978065729846,Bundesministerium für Ernährung und Landwirtschaft - BMEL,Bundesministerium für Ernährung und Landwirtschaft,≤100
101748872546074,MAIN-Weg,MainWeg gGmbH,≤100
955766184451957,Das Handwerk,Deutscher Handwerkskammertag (DHKT) e. V.,≤100
107085727344683,Mein Schlüssel zur Welt,Bundesministerium für Bildung und Forschung,≤100
614408642007931,Zurich,Zürich Beteiligungs-Aktiengesellschaft (Deutschland),≤100
214526595274349,BSH GmbH & Co.KG,BSH GmbH & Co. KG,≤100
484950398505596,IRC Deutschland,IRC Deutschland,≤100
354868221267558,Deutscher Fußball-Bund,Deutscher Fußball-Bund,≤100
146221668771106,wbg Wissen verbindet,wbg Wissen verbindet,≤100
112369170621210,Deutschland spricht über 5G,"Dialoginitiative ""Deutschland spricht über 5G""",≤100
1745982485667400,Guido Reil,Guido Reil,≤100
263503200272,Welthungerhilfe,Welthungerhilfe,≤100
136885869703480,Wissenschaftsjahr,Bundesministerium für Bildung und Forschung,≤100
875209602502336,AfD Kreisverband Vogelsberg,AfD Kreisverband Vogelsberg,≤100
134483979119,Rosa-Luxemburg-Stiftung,Rosa-Luxemburg-Stiftung,≤100
109268274798247,E-Fuels-Forum,CLASSIC Tankstellen GmbH & Co. KG,≤100
157935946201,co2online,co2online gemeinnützige Beratungsgesellschaft mbH,≤100
135591596484147,ABDA - Bundesvereinigung Deutscher Apothekerverbände e. V.,ABDA - Bundesvereinigung Deutscher Apothekerverbände e. V.,≤100
225012151032427,Bürgerwerke,Bürgerwerke,≤100
127143338110,missio,missio,≤100
105220712376554,Greifswald Moor Centrum,Succow Stiftung,≤100
116544291761495,Kindernothilfe E.V.,Kindernothilfe E.V.,≤100
397386417443517,Bad Arolsen - Natürlich,Die Stadt Bad Arolsen,≤100
2315698638465094,Sven Simon,"Sven Simon, MdEP",≤100
217786668379580,350.org Deutschland,350.org Deutschland,≤100
186206440652,BDI - Bundesverband der Deutschen Industrie,Bundesverband der Deutschen Industrie e.V.,≤100
105277207993488,DB Cargo,DB Cargo AG,≤100
156449679027,Renovabis,Renovabis e.V.,≤100
259770724096761,Animal Equality Germany,Animal Equality Germany e.V.,≤100
134662743239116,academics.de,academics GmbH,≤100
1947378708884004,Initiative Frosch,Initiative Frosch,≤100
123292927706635,junge Welt,junge Welt,≤100
278689595568513,farbeROT,farbeROT,≤100
130288206997548,dierotationsdrucker,dierotationsdrucker.de,≤100
108978741405727,Hans Christian Göttlicher - Für Sie in den Landtag,Hans Christian Göttlicher - Für Sie in den Landtag,≤100
540404695989874,AfD,AfD,≤100
118891988231668,Agrar Koordination,Agrar Koordination – Forum für internationale Agrarpolitik e.V.,≤100
159223080754400,Stiftung Menschen für Menschen - Karlheinz Böhms Äthiopienhilfe,Stiftung Menschen für Menschen - Karlheinz Böhms Äthiopienhilfe,≤100
190633894286732,Diakonie Katastrophenhilfe,Diakonie Katastrophenhilfe,≤100
114069011290980,Steffen Haltermann,Steffen Haltermann,≤100
206584163580,Stiftung Mercator,Stiftung Mercator,≤100
611910082337980,VerbraucherCheck.net,VerbraucherCheck.net,≤100
395532174626353,CDU Lahn-Dill,CDU Kreisverband Lahn-Dill,≤100
1176675472454246,CAPinside.com,CAPinside GmbH,≤100
1110204782371616,Die Moderne Landwirtschaft,Forum Moderne Landwirtschaft e.V.,≤100
303855196900,Paradigma,Ritter Energie- und Umwelttechnik GmbH & Co. KG,≤100
334931334040,CDU-Fraktion im Thüringer Landtag,CDU-Fraktion im Thüringer Landtag,≤100
1729655943993146,Christian Litzinger,CDU Gelnhausen,≤100
111816597962933,Jan-Wilhelm Pohlmann MdL,Jan-Wilhelm Pohlmann MdL,≤100
1262122037143567,Landeszentrale für politische Bildung Rheinland-Pfalz,Landeszentrale für politische Bildung Rheinland-Pfalz,≤100
846335975484709,The Generation Forest,The Generation Forest eG,≤100
286350444716030,UN-Dekade Wiederherstellung von Ökosystemen,UN-Dekade-Büro c/o nova-Institut GmbH,≤100
200752383293733,International Justice Mission,International Justice Mission,≤100
399241730563,Quarks,Westdeutscher Rundfunk Köln,≤100
116449375528,foodwatch,foodwatch e.V.,≤100
102481204966254,Dominik Lawetzky,Wahlkampagne Dominik Lawetzky,≤100
168113884409,JUGEND für Europa,JUGEND für Europa - Nationale Agentur Erasmus+ Jugend und Europäisches Solidaritätskorps,≤100
512403718895902,Wildtierschutz Deutschland e.V.,Wildtierschutz Deutschland e.V.,≤100
106020844790757,Kraft für Hungen,Kraft für Hungen,≤100
1790920000965539,CDU CSU Europa,CDU/CSU-Gruppe in der EVP-Fraktion im Europäischen Parlament,≤100
124232857644437,Rowohlt Verlag,Rowohlt Verlag,≤100
201965753220124,GRÜNE Hersfeld-Rotenburg,B90/Die Grünen Hersfeld-Rotenburg,≤100
1004883576238809,GoodJobs,GoodJobs GmbH,≤100
101274842793956,Greenpeace grad jetzt,Greenpeace e.V.,≤100
237087969829041,"Karton, natürlich",Fachverband Kartonverpackungen für flüssige Nahrungsmittel e.V. (FKN),≤100
101683398140023,Salus,Salus,≤100
561953460655717,Social Media Ads,Social Media Ads,≤100
300225473377094,indeon magazin,Medienhaus der Evangelischen Kirche in Hessen und Nassau GmbH,≤100
108633728581883,Rettet Biokraftstoffe,OVID Verband,≤100
145944615464920,Polarstern Energie,Polarstern Energie,≤100
53848679944,Laut gegen Nazis,Laut gegen Nazis e. V.,≤100
398561720230906,Greentech Festival,These ads ran without a disclaimer,≤100
103919417972272,Unabhängige Beauftragte für Fragen des sexuellen Kindesmissbrauchs,Unabhängiger Beauftragter für Fragen des sexuellen Kindesmissbrauchs,≤100
103215435699760,ijv_ffm,These ads ran without a disclaimer,≤100
249986091716256,Deutscher Jagdverband e.V.,Deutscher Jagdverband e.V.,≤100
109229977967014,Beans Brothers Friends,Beans Brothers Friends,≤100
135984139804495,SoVD - Sozialverband Deutschland e.V.,SoVD - Sozialverband Deutschland e.V.,≤100
105196990914241,Dr. Gunnar Beck,Dr. Gunnar Beck,≤100
2062817733989885,Frank Grobe,Frank Grobe,≤100
460699674060318,Zukunft Gas,These ads ran without a disclaimer,≤100
100572773318575,Ärzte der Welt,Ärzte der Welt,≤100
189374084524677,Energiesparmeister,co2online gemeinnützige Beratungsgesellschaft mbH,≤100
2043149952612291,Bvlb,BvLB Bundesverband der Lehrkräfte für Berufsbildung e.V.,≤100
352736338253081,Futurium,Futurium,≤100
1739138546404072,iwd,IW Medien,≤100
150527751674751,Greens/EFA in the European Parliament,Greens/EFA in the European Parliament,≤100
1510839952541442,Wir sind Rüsselsheim,Steffen Jobst,≤100
101124947919410,GermanZero,GermanZero e.V.,≤100
149117445162033,Bad Nauheim.de,Magistrat der Stadt Bad Nauheim,≤100
109943902082224,Jobs für Menschen mit Herz,Rhein-Neckar-Kreis,≤100
100322788072812,The Closest Loop,The Closest Loop GmbH,≤100
108767957219462,laura.koc_photography,These ads ran without a disclaimer,≤100
442641152463575,EGIS,EGIS VERWALTUNGS GMBH,≤100
117534528257937,Bund für Umwelt und Naturschutz Deutschland,Bund für Umwelt und Naturschutz Deutschland,≤100
1077260675704647,Wohnglück,Impleco GmbH,≤100
114554831934355,Tierschutzbund,Deutscher Tierschutzbund e.V.,≤100
100363378760233,via bonum,via bonum AG,≤100
115816835104562,Deutsche Bank,Deutsche Bank AG,≤100
417517061951550,Einfach da für dich,ABDA - Bundesvereinigung Deutscher Apothekerverbände e. V.,≤100
600924583252236,Landeszentrale für politische Bildung Sachsen-Anhalt,Landeszentrale für politische Bildung Sachsen-Anhalt,≤100
107389761091734,WooDu,WooDu GmbH,≤100
103453699750,ROBIN WOOD e.V.,ROBIN WOOD e.V.,≤100
359669268020620,Moin Liebe - Tschüss Hass,Laut gegen Nazis e.V.,≤100
40874340559,Mehr Demokratie e.V.,Mehr Demokratie e.V.,≤100
119826304461636,CSD Esslingen,CSD Esslingen,≤100
1540045636302649,Arolsen Archives,Arolsen Archives,≤100
268417376603438,Dialog macht Schule,Dialog macht Schule gGmbH,≤100
260106687889118,Kopp Verlag,Kopp Verlag,≤100
99923813221,vorwärts,Berliner vorwärts Verlagsgesellschaft mbH vorwärts,≤100
805070726245918,Kreis Siegen-Wittgenstein,Kreisverwaltung Siegen-Wittgenstein,≤100
236044090111,VDI Verein Deutscher Ingenieure,VDI Verein Deutscher Ingenieure e.V.,≤100
130124167823452,Cosmea - Unbeschwerte Tage für Körper & Umwelt,COSMEA® Marke der W. Pelz GmbH & Co. KG,≤100
102042018624623,Initiative Chefsache,Initiative Chefsache,≤100
1565754943752371,Robert Farle,Robert Farle,≤100
108209480522423,Dr. Sylvia Limmer,Dr. Sylvia Limmer,≤100
1486839428234146,RECARO,These ads ran without a disclaimer,≤100
380162436147660,JAfD,JAfD,≤100
164513593594332,Deutsche Aidshilfe,Deutsche Aidshilfe,≤100
1499762273389494,Finanzverwaltung Nordrhein-Westfalen,Finanzverwaltung Nordrhein-Westfalen,≤100
267353906619818,Mr. Gugu & Miss Go,These ads ran without a disclaimer,≤100
109456506282009,E.ON Inhouse Consulting,E.ON Inhouse Consulting,≤100
101368532025331,Ayman Zebian Kandidat 20 Bundestag Wahl 2021,Ayman Zebian Kandidat 20 Bundestag Wahl 2021,≤100
1527271330697247,Tobias Matthias Peterka - MdB,Tobias Matthias Peterka - MdB,≤100
178362315106,European Parliament,European Parliament,≤100
102601651144634,PELY - Praktisch im Alltag. Freundlich zur Umwelt.,pely-plastic GmbH & Co. KG,≤100
363842953730453,AfD Sachsen-Anhalt,AfD Sachsen-Anhalt,≤100
102505911172634,Olga Petersen AfD,Olga Petersen AfD,≤100
1522341597824314,Eigenheimerverband Bayern e.V.,Eigenheimerverband Bayern e.V.,≤100
1436267476663972,Biogartenmesse,Viridea-Biogartenmesse gem. UG (haftungsbeschränkt9,≤100
2158012137543502,AfD-Fraktion im Bayerischen Landtag,AfD-Fraktion im Bayerischen Landtag,≤100
117065414989292,IKK classic,IKK classic,≤100
116064499060160,Dirk Brandes - Für Niedersachsen im Bundestag,"Dirk Brandes, MdB",≤100
23030207692,Garda Trentino,These ads ran without a disclaimer,≤100
111486313936267,Prof. Dr. Rüdiger Sterzenbach,Prof. Dr. Rüdiger Sterzenbach,≤100
60115956905,Malteser International,These ads ran without a disclaimer,≤100
1967019790197412,Markus Wagner,"Markus Wagner, MdL",≤100
103204458635909,Ralf Schönborn,Ralf Schönborn (MdL) Alternative für Deutschland (AfD),≤100
102430316211059,Golan Solar,These ads ran without a disclaimer,≤100
109022591550271,Eisenwerk1,These ads ran without a disclaimer,≤100
302829863147214,Baden-Württemberg Stiftung,Baden-Württemberg Stiftung,≤100
611910082337980,VerbraucherCheck.net,Verbrauchercheck.net,≤100
170813019659671,Stadtwerke Tübingen: Wir wirken mit.,Stadtwerke Tübingen GmbH,≤100
126018348796319,DanielSchneider,DanielSchneider,≤100
111017698584804,Klima Kraftstoffe GmbH,Klima Kraftstoffe GmbH,≤100
106099678895727,FREIE WÄHLER Nürnberg,FREIE WÄHLER Nürnberg,≤100
102492129806270,Waschbär Umweltversand,Waschbär GmbH,≤100
102280849116086,Sovereignty.pl,These ads ran without a disclaimer,≤100
114305191932520,Pro Wildlife e.V.,Pro Wildlife e.V.,≤100
754267631284223,CDU Braunfels,CDU Braunfels,≤100
198244400189055,Entega,ENTEGA Plus GmbH,≤100
274000059331698,DEMO - Die Fachzeitschrift für Kommunalpolitik,DEMO - Die Fachzeitschrift für Kommunalpolitik,≤100
110328191845942,DieParusie.de,DieParusie.de,≤100
107140025016889,ELMAR GEHRKE,ELMAR GEHRKE,≤100
133424993533418,Bund deutscher Baumschulen,These ads ran without a disclaimer,≤100
139591762718793,IHK Darmstadt,IHK Darmstadt,≤100
405134214936,Bethel - Für Menschen da sein,Bethel - Für Menschen da sein,≤100
100354762415568,BitteWas - Kontern gegen Fake und Hass,Landesmedienzentrum Baden-Württemberg Standort Stuttgart,≤100
107786941357080,KÜBLER GmbH Energiesparende Hallenheizungen,KÜBLER GmbH,≤100
103343858375708,Martin Schmidt - AfD MdL,Martin Schmidt,≤100
105531424209280,DeskMate Cloud PCs & Cloud Desktops,deskMate,≤100
121097790490,Albert Schweitzer Stiftung für unsere Mitwelt,Albert Schweitzer Stiftung für unsere Mitwelt,≤100
109848435342169,Thorsten Riehle,Thorsten Riehle,≤100
107407945980041,Deutsches Kinderhilfswerk e.V.,Deutsches Kinderhilfswerk e.V.,≤100
105537757585128,Freie Demokraten im Thüringer Landtag,Freie Demokraten im Thüringer Landtag,≤100
92534109649,Zeitschrift Luxemburg,Rosa-Luxemburg-Stiftung,≤100
630172117364339,POST von GEHRKE,POST von GEHRKE,≤100
345764772110243,Sentido Hotels,These ads ran without a disclaimer,≤100
487538218058546,Rode Optik,These ads ran without a disclaimer,≤100
538723869574708,Anne-Marie Hovingh,Anne-Marie Hovingh,≤100
105727697848981,BettaFish,These ads ran without a disclaimer,≤100
133878906642545,BASECAMP digital,BASECAMP digital,≤100
194436357268781,Deutsche Atlantische Gesellschaft,Deutsche Atlantische Gesellschaft e.V.,≤100
104789352612953,ForeverEngraved,These ads ran without a disclaimer,≤100
1060248910727859,"Thomas Seitz, MdB","Thomas Seitz, MdB",≤100
676187936050698,BJV Regierungsbezirksgruppe Oberpfalz,These ads ran without a disclaimer,≤100
100482518972038,Granitherz - handgemachtes Herzstück,These ads ran without a disclaimer,≤100
2367932023479042,Nicole M. Pfeffer - FDP Direktkandidatin #ltw23by,FDPPfeffer,≤100
357361810944160,Versicherungsrecht - Wittig Ünalp Rechtsanwälte,Wittig Ünalp Rechtsanwälte PartGmbB,≤100
1487616731457354,Demo für Alle,Demo für Alle,≤100
108485082238013,NAEB Scope auf Wärmewende - GEG24,NAEB e.V. Stromverbraucherschutz,≤100
136218413073164,PowerShift e.V.,PowerShift,≤100
178876385538037,Euronews Next,These ads ran without a disclaimer,≤100
167985906708029,"Peter Tomaschko, MdL","Peter Tomaschko, MdL",≤100
365566760558158,"Dr. Christian Wirth, MdB","Dr. Christian Wirth, MdB",≤100
111088040478068,Rolf Epple Stiftung,Rolf Hendrik Epple,≤100
108971977533663,RISE-Jugendkultur,JFF - Institut Jugend Film Fernsehen e. V.,≤100
105143802609426,Ecobalancemadeeasy,These ads ran without a disclaimer,≤100
104457429621763,Europe Direct Ulm,Europe Direct Ulm - Europa in Ulm,≤100
103324904374317,VSE Karriere,VSE AG,≤100
181535349099426,"Jörn König, MdB","Jörn König, MdB",≤100
191164085731,Adveniat,Adveniat,≤100
1119942894694068,Hamburger Hilfskonvoi,Hamburger Hilfskonvoi,≤100
137521576294353,Deutsche Kinderhilfe - Die ständige Kindervertretung e.V.,Deutsche Kinderhilfe - Die ständige Kindervertretung e.V.,≤100
311169798900208,"Bundesarbeitgeberverband Chemie, BAVC",These ads ran without a disclaimer,≤100
109382301962068,fast_desires,These ads ran without a disclaimer,≤100
340811472964473,Christen an der Seite Israels,Christen an der Seite Israels,≤100
101868531713711,Klaus Lange,Klaus Lange,≤100
1439163392818750,Żaklin Nastic,Zaklin Nastic,≤100
108556880612537,Bernd Schattner MdB,Bernd Schattner MdB,≤100
107146850698031,WellBlue,WellBlue GmbH,≤100
107633878772638,VRE,These ads ran without a disclaimer,≤100
188188564583,FDP Hessen,FDP Hessen,≤100
427867583942519,Freunde für Deutschland FfD,Freunde für Deutschland FfD,≤100
1171089929640593,Loacker,These ads ran without a disclaimer,≤100
108790714228260,EPS BHKW GmbH,These ads ran without a disclaimer,≤100
1124641927546813,Hoffnungsträger,Hoffnungsträger,≤100
114554831934355,Tierschutzbund,These ads ran without a disclaimer,≤100
640006263020774,ALTER,POW e.V.,≤100
108395028639276,Vernunft geht über Ideologie,Vernunft geht über Ideologie,≤100
2222058774520045,AWSH - Abfallwirtschaft Südholstein,These ads ran without a disclaimer,≤100
109560103878969,AfD im Kreistag Rhein-Pfalz,@AfDKreistagRP,≤100
108766202103136,HARMlose Fragen,HARMlose Fragen,≤100
62058563854,"Dr. Peter Liese, MdEP",Eüropabüro für Südwestfalen - Dr. Peter Liese,≤100
116474738106419,Crowdwerk,These ads ran without a disclaimer,≤100
105018555000761,Soziale Republik,Verein für konstruktiven Sozialismus e.V.,≤100
436886349825501,rightmart,These ads ran without a disclaimer,≤100
442474682778346,Gerd Mannes,"Gerd Mannes, MdL",≤100
185890618101849,Romero Initiative - CIR,Christliche Initiative Romero,≤100
424248644292804,Initiative für Freizeit und Musikkultur e.V.,Initiative für Freizeit und Musikkultur e.V.,≤100
450345241685505,Welttierschutzgesellschaft - WTG e.V.,Welttierschutzgesellschaft - WTG e.V.,≤100
313146097028,FH Oberösterreich,These ads ran without a disclaimer,≤100
103783818623136,DieBasis München,dieBasis KV-München,≤100
108051069259615,Werner & Mertz GmbH,Werner & Mertz GmbH,≤100
1420530531401151,Airbus Space,These ads ran without a disclaimer,≤100
215397765268761,SPD Neckar-Odenwald,SPD Neckar-Odenwald,≤100
100673462623659,theroundaboutart,These ads ran without a disclaimer,≤100
251218774987056,Kfz-Sachverständigenbüro / Havariekommissariat Lars Dziemba,Lars Dziemba,≤100
101740135173193,Astoria Homes,These ads ran without a disclaimer,≤100
144709575593854,EESC - European Economic and Social Committee,EESC - European Economic and Social Committee,≤100
108016404069637,funnellab,These ads ran without a disclaimer,≤100
137735239621801,AWO Bezirksverband Hannover e.V.,These ads ran without a disclaimer,≤100
119521264725553,Q21,These ads ran without a disclaimer,≤100
105237008197753,Matthias Moosdorf MdB,Matthias Moosdorf,≤100
114861479884608,kiriacoulisyachting,These ads ran without a disclaimer,≤100
100910671273713,Huettekunterbunt,These ads ran without a disclaimer,≤100
112092248475974,Cornelia Nietsch-Hach,Cornelia Nietsch-Hach,≤100
1769874936617486,SPD im Ruhrparlament,SPD-Fraktion im RVR,≤100
100503006389604,great.armenians,These ads ran without a disclaimer,≤100
101908702868175,Raymond Fojkar - Grüner OB Kandidat Mannheim,Raymond Fojkar,≤100
155438574470276,DW українською,These ads ran without a disclaimer,≤100
188789377812793,Kongsberg Gruppen,These ads ran without a disclaimer,≤100
101387945988978,olena.nahorna,These ads ran without a disclaimer,≤100
110010982106675,Spire Corporation,These ads ran without a disclaimer,≤100
113666751733898,Alpha Advisory Group,These ads ran without a disclaimer,≤100
28312410177,World Food Programme,These ads ran without a disclaimer,≤100
1589154051350606,FOZ - Friends of Zion Museum,These ads ran without a disclaimer,≤100
1621692424754301,Minderoo Foundation,These ads ran without a disclaimer,≤100
121405597623802,Edge Corporation,These ads ran without a disclaimer,≤100
103874242354782,Mayra Katarina Barck,These ads ran without a disclaimer,≤100
268377156846299,SoBuy,These ads ran without a disclaimer,≤100
102207552798601,Youth clicks,These ads ran without a disclaimer,≤100
106097385150744,Money Wiz,These ads ran without a disclaimer,≤100
205332123261241,Знакомства RusDate,These ads ran without a disclaimer,≤100
537872126249267,Червоний Хрест України,These ads ran without a disclaimer,≤100
1904384959825566,Will TOA,These ads ran without a disclaimer,≤100
103443505905914,buergerzentrumehrenfeld,These ads ran without a disclaimer,≤100
106206548238002,Fire Island Eco Retreats,These ads ran without a disclaimer,≤100