﻿Page ID,Page name,Disclaimer,Amount spent (IDR)
23383061178,Prabowo Subianto,indonesia Adil makmur,855021
320858334728047,Partai Solidaritas Indonesia,Partai Solidaritas Indonesia,454176
102793242742002,Jaksapedia,JAKSAPEDIA,145105
101491652672085,Gagasan Banyuasin,Ganjar Nusantara Indonesia,104378
111272021680009,Cendekiawan Palembang,Ganjar Nusantara Indonesia,102531
107611851968705,Sumsel Dukung Ganjar,Ganjar Nusantara Indonesia,98902
111241268349257,Ogan Komering ilir Cerita,Ganjar Nusantara Indonesia,93386
101552865962561,GP Oku Raya,Ganjar Nusantara Indonesia,90932
103581752405141,Sobar Harahap,Juniar Dwi Harianto,76586
101971245965029,Siap Kawal Polri,Kawal Polri,65667
92828041744,Sandiaga Salahuddin Uno,Sandiaga Salahuddin Uno,62238
104830667806476,Melihat Indonesia,Melihat Indonesia,59998
1165819730216749,Global Ehsan Relief Indonesia,Global Ehsan Relief Indonesia,56733
102656349157647,Tugimanisme,Ganjar Nusantara Indonesia,52983
102712985995817,Sobat Airlangga Hartarto,Sobat Airlangga Hartarto,51492
333711983956998,Erwin Aksa,Yayasan Golkar Institute SPKP,29169
193237974052689,Partai Keadilan Sejahtera,Partai Keadilan Sejahtera,24522
197545083607941,Harian Kompas,Harian Kompas,23028
1357693677594211,A Muhaimin Iskandar,Kebangkitan Bangsa,18551
105818752347206,Teman Airlangga Hartarto,Teman Airlangga Hartarto,17181
110952238516382,Kiki Daliyo,Dwi Wantoro,14651
101403669397488,Nikmatul Sugiyarto,Septian Raharjo,13130
104830667806476,Melihat Indonesia,Septian Raharjo,13071
112121101796090,Opini 2024,Juniar Dwi Harianto,12691
105940845096956,Borneo Digital Plus,Borneo Digital Plus,12284
1408188616062841,Sofitel Bali Nusa Dua,Sofitel Bali Nusa Dua Beach Resort,11843
104899195891472,Berita Ganjar Pranowo,Ganjar Nusantara Indonesia,10698
109916735140811,Lampung Tengah Berfikir,Ganjar Nusantara Indonesia,8615
101679818973699,Sahabat Ganjar Pranowo,John Kamnahas,8055
116705041036588,Francine Widjojo,Francine Widjojo,7509
103013484811323,Jangan Lupa Sejarah,John Kamnahas,7304
101760624522103,DPP Banteng Muda Indonesia,Farid Wahyudi,7238
111864151754055,Esensi TV,Esensi Tv,7136
110865154735990,Koran Harian Tanah Air,Muhammad Miftakhunnaim,6324
790156511331117,Tempo CekFakta,TEMPO MEDIA GROUP,4835
109083348423534,Untuk Rakyat,Muhammad Miftakhunnaim,4831
107161484460730,Sobat Erick 2024,Mohammad Izur Islami,4299
110195418669687,Sahabat Yatim,Yayasan Sahabat Yatim Indonesia,4231
105308715676825,Filosofi Indonesia,Ganjar Nusantara Indonesia,4078
1268657973256272,Jakarta Islamic School,These ads ran without a disclaimer,3931
100676262667808,Story Nusantara,Ganjar Nusantara Indonesia,3706
39253583478,PDI Perjuangan,Muhammad Miftakhunnaim,3682
104799384898162,Indonesia Berkabar,Ganjar Nusantara Indonesia,3623
104830667806476,Melihat Indonesia,Ganjar Nusantara Indonesia,3545
202555993805088,Caption,Ganjar Nusantara Indonesia,3465
108676115131939,Nusantara Cerdas,Ganjar Nusantara Indonesia,3393
113058461386521,Mercusuar Indonesia,Ganjar Nusantara Indonesia,3388
105195635486519,Klise Nusantara,Ganjar Nusantara Indonesia,3383
107565455160464,Indonesia Opini,Ganjar Nusantara Indonesia,3223
108156498584853,Tetap Puan,Marabunta Family Cyber,3093
100147872667354,Kata Nusantara,Ganjar Nusantara Indonesia,3093
110056788323890,Pikiran Indonesia,Ganjar Nusantara Indonesia,2922
106524371346347,NTBSATU.com,NTBSATU.com,2858
101338198587608,Indonesia Luar Biasa,Ganjar Nusantara Indonesia,2812
173996829810061,Ryan F Kono,"Ryan Fahrichsan Kono, B.Com",2601
110368964786452,Kemajuan Bersama,Muhammad Miftakhunnaim,1823
102273039070802,Info Terkini,Muhammad Miftakhunnaim,1738
102626198026698,Rika Sudjiman,Juniar Dwi Harianto,1698
103581752405141,Sobar Harahap,Ganjar Nusantara Indonesia,1453
101403669397488,Nikmatul Sugiyarto,Ganjar Nusantara Indonesia,1434
198636863575407,"Uki Kifli, M.A.",Uki Kifli,1211
108211978653996,Quran Taqwa Foundation,These ads ran without a disclaimer,1210
112417251582480,APEL - Aplikasi Pemenangan Eksekutif & Legislatif,APEL - Aplikasi Pemenangan Eksekutif & Legislatif,1167
106662402320800,Rakyat Beropini,Rakyat Beropini,1164
111261231404843,Mileanies - Relawan Milenial Anies Baswedan,Asri Tadda,1128
108695584343029,Baik Untuk Kita,Muhammad Miftakhunnaim,1108
303339530017265,Huawei For Indonesia,Wonny Nur Rimba Utami,1086
103080772754332,Jasa Video Ucapan Lebaran,These ads ran without a disclaimer,999
108571334357297,Melangkah Lebih Baik,Muhammad Miftakhunnaim,942
110750361762052,Pikiran Rakyat,Pikiran Rakyat,939
160355148441,Tempo Media,These ads ran without a disclaimer,906
102849411389238,Mola TV Movies,These ads ran without a disclaimer,816
102565517862902,Rumah Digital Indonesia,These ads ran without a disclaimer,811
101076948451651,Masa Depan Kita,Muhammad Miftakhunnaim,796
312490859193724,mensbatik,Bayu Setayudha,729
105313791512717,Jateng Sentris,Bayu Wicaksono,669
105333581077904,PT Pupuk Kaltim,PT Pupuk Kaltim,636
102497641558430,Indonesia Tolak HOAX,Muhammad Miftakhunnaim,609
100359258525418,Pemulihan Lebih Baik,Muhammad Miftakhunnaim,603
104533848318771,Pemalang Today,Bayu Wicaksono,555
102114435036822,Filosofi Jatim,Dwi Wantoro,532
106253264560859,Air Kami,Air Kami,505
110100218339060,Wahai Ibu Pertiwi,Muhammad Miftakhunnaim,469
110037828037739,Jateng Pedia,Bayu Wicaksono,468
106920001531083,Filosofi Jateng,Bayu Wicaksono,450
108346091544917,Katalis IA,IA-CEPA ECP Katalis,438
101763776204336,Fera Yuniart,These ads ran without a disclaimer,420
104054595928021,Bakti Untuk Rakyat,Bakti Untuk Rakyat,346
1824152721248355,Berita Kita,Berita Kita,339
335546226915564,Generasi Melek Politik,Generasi Melek Politik,316
111342171694193,Cessa Car,These ads ran without a disclaimer,253
100147872667354,Kata Nusantara,Bayu Wicaksono,217
105195635486519,Klise Nusantara,Bayu Wicaksono,216
100246718451350,Pekalongan Raya ID,Bayu Wicaksono,196
110056788323890,Pikiran Indonesia,Bayu Wicaksono,128
107565455160464,Indonesia Opini,Bayu Wicaksono,122
813887722072071,Yayasan Pundi Amal Bakti Ummat,Yayasan Pundi Amal Bakti Ummat,≤100
106256777922958,SEA Today News,These ads ran without a disclaimer,≤100
102176125918052,Sahabat Jane,Sahabat Jane,≤100
107690102033332,Diskusi Tanggamus,Ganjar Nusantara Indonesia,≤100
102415047928145,Shanghai Electric,These ads ran without a disclaimer,≤100
131664893560695,Origins OSU,These ads ran without a disclaimer,≤100
101289218907718,Web News,These ads ran without a disclaimer,≤100
103213418869168,mensfolio,These ads ran without a disclaimer,≤100