﻿Page ID,Page name,Disclaimer,Amount spent (USD)
293384094915450,جريدة الحراك الإخباري,جريدة الحراك الإخباري,≤100
643647332320553,Orient - أورينت,These ads ran without a disclaimer,≤100
108967318055585,العمالي بهجة - Lammali Behdja,العمالي بهجة - Lammali Behdja,≤100
389754028545257,أوراس - Awras,أوراس - Awras,≤100
108614654229543,Im Arabic,These ads ran without a disclaimer,≤100
1175630379148974,China Xinhua Sci-Tech,These ads ran without a disclaimer,≤100
995765983772115,Dzair Tube,Dzair Tube,≤100
105675589097240,Clean Earth Solar,These ads ran without a disclaimer,≤100
107424440982021,Eekad - إيكاد,These ads ran without a disclaimer,≤100
151409322217001,Berlin School of Business & Innovation - BSBI,These ads ran without a disclaimer,≤100
104140320927199,قناة النصر TV,قناة النصر TV,≤100