﻿Page ID,Page name,Disclaimer,Amount spent (CLP)
159639460764792,LATAM Airlines,These ads ran without a disclaimer,101754
216911928319871,Banco Bci,Banco Bci,26773
756450494522524,Andrés Jouannet Diputado,Andrés Alfonso Jouannet Valderrama,25880
1548643738480723,Asistencia Deudores,Asistencia Deudores,7355
527441447268308,Copec,COPEC S.A.,7139
78617029137,Greenpeace Chile,Fundación Greenpeace Pacífico Sur,4791
116148738429923,Hyundai Chile,These ads ran without a disclaimer,4462
105783868682878,Asistencia Tesorería,Asistencia Tesoreria,3320
110253331322287,Acuerdo Nacional Ahora,Acuerdo Nacional Ahora,3316
103527991214141,Cero DICOM,Cero Dicom,1910
100447419569628,Demócratas Chile,Demócratas,1760
463509033710164,Walmart Chile Vivamos Mejor,Walmart Chile,1726
715843291871130,Congreso Futuro,Gonzalo Rosas Barrenechea,1688
109339288407350,Santuario Quitralco,Santuario Quitralco,1092
343265652503533,Municipalidad de Puchuncaví,Ilustre Municipalidad de Puchuncaví,957
102891144402257,Merkén SpA,Brecha Digital Consultores,915
317374934946185,AIEP,Instituto Profesional AIEP,892
364093697039,Sodimac Constructor,These ads ran without a disclaimer,892
1447342118848920,Universidad Adolfo Ibañez,Universidad Adolfo Ibáñez,892
78239901502,Diario Financiero,Grupo DF,892
104224427947088,Circula el Plástico,Metrix,732
103030962615298,Chile YAAC,Chile YAAC,718
100350312156424,Equipo Defensa,These ads ran without a disclaimer,676
121717528487698,Confidence Chile,Confidence Chile SPA,659
1436530563295625,El Líbero,Sociedad Periodística El Líbero S.A,648
643513979193133,Unidos por Beatriz,Neuma,619
126170624336,Amnistía Internacional - Chile,Amnistía Internacional Chile,450
293103284121826,Fundación Para el Progreso,Fundación Para el Progreso,356
1384455488528563,Sociedad Nacional de Minería,Sociedad Nacional de Minería,342
221901754840837,Acciona.Chile,ACCIONA Chile,316
120372434674223,ACHS Asociación Chilena de Seguridad,Asociación Chilena de Seguridad ACHS,291
109320915130439,Adipa Seminarios,These ads ran without a disclaimer,257
101180752297383,Gustavo Benavente Diputado,Gustavo Adolfo Alberto Benavente Vergara,249
198921630648476,Vidrios Lirquen,Vidrios Lirquen,240
110405624650830,Chile En La Encrucijada,Juan Antonio Montes Varas,238
104463368631455,CORE Alex Ramírez,Alex Raul Ramírez Ortiz,231
295886120554128,Polpaico,Cemento Polpaico SA,180
11005572919,La Opiñón,MiVoz.cl,175
104865379653366,Guido Girardi,Gonzalo Rosas Barrenechea,154
221900751168796,Fundación Madre Josefa,Mauricio Alberto Castillo Cortés,109
101540098382649,Gonzalo Espinoza,Gonzalo Emilio Espinoza Parada,≤100
101076618579130,"Rodrigo Salazar Jimenez, Concejal por Mariquina",Rodrigo Francisco Salazar Jiménez,≤100
127027389273008,Rafael Palavecino Concejal,Rafael Andrés Palavecino Troncozo,≤100
231952623614906,Daniel Melo Diputado,Diputado Daniel Melo,≤100
707104366003647,Javier Muñoz Riquelme,Javier Muñoz Riquelme,≤100
438330923602981,Libres Chile,Libres Chile,≤100
2084598261814494,Jungheinrich,These ads ran without a disclaimer,≤100
184559421980613,Vlado Mirosevic Diputado,Vlado Mirosevic Verdugo,≤100
103084629229632,Scanner Doc,These ads ran without a disclaimer,≤100
997472466975672,Camilo Escobar Ortúzar,Camilo Escobar Ortúzar,≤100
31292782350,Deutschland.de,These ads ran without a disclaimer,≤100
1405322679734350,Tecno Fast Home,Canal Cero Digital SPA,≤100
750731415621118,Remote Sensing MDPI,These ads ran without a disclaimer,≤100
161707728106607,BayWa r.e. Global,These ads ran without a disclaimer,≤100
115110684778617,Chilenos a España,Chilenos a España,≤100