﻿Page ID,Page name,Disclaimer,Amount spent (EUR)
122344957784863,Amnistia Internacional Portugal,Amnistia Internacional Portugal,≤100
178362315106,European Parliament,European Parliament,≤100
347829038571812,Aldeias de Crianças SOS Portugal,Aldeias de Crianças SOS Portugal,≤100
412322482264070,Nespresso,Nespresso,≤100
163880252839,Deco Proteste,Deco Proteste,≤100
107038856024130,TVI,These ads ran without a disclaimer,≤100
197936253581591,Fundação Francisco Manuel dos Santos,Fundação Francisco Manuel dos Santos,≤100
100956195462445,ENTR pt,RTP,≤100
170400489279,Representação da Comissão Europeia em Portugal,Representação da Comissão Europeia em Portugal,≤100
147547541961576,Council of the European Union,Council of the European Union,≤100
604331369992722,Deputados do PCP no PE,Sandra Maria De Brito Pereira,≤100
105005758848742,Loures em Podcast,Loures em Podcast,≤100
107252064043989,Luís Montenegro,Partido Social Democrata,≤100
901697383231864,Contas Connosco,Contas Connosco,≤100
101920814806371,Casa dos livros,Eduardo Monteiro,≤100
110920243943820,DECO Associação,DECO - Associação Portuguesa para a Defesa do Consumidor,≤100
116768871696765,casa das Letras,Leya,≤100
173112366078072,Fundação Luso-Americana,Fundação Luso-Americana para o Desenvolvimento,≤100
325947881481785,Mais Cofidis,Mais Cofidis,≤100
85728663404,Standvirtual,Standvirtual,≤100
108136025206096,Nem Mais Uma Palmada,Nem mais uma palmada,≤100
397962160783891,Álvaro Amaro,PPE Grupo do Partido Popular Europeu,≤100
2247331172262052,TDV Group - Transportes do Valado,TDV Group - Transportes do Valado,≤100
568028987050017,Livros com História,Cátia Inês Fernandes,≤100
1398870106854568,Ei - Educação e Informação Financeira,Associação Mutualista Montepio,≤100
100349509295325,Indústria,These ads ran without a disclaimer,≤100
112857423489214,Ajuda em Ação,Ajuda em Ação,≤100
527351247377965,European Committee of the Regions,European Committee of the Regions,≤100
547416192008858,IDL - Instituto Amaro da Costa,IDL,≤100
114783133404873,Bushi Eco Shop,Jorge Filipe Machado Portugal,≤100
206659582582,Associação Portuguesa para a Igualdade Parental e Direitos dos Filhos,Associação Portuguesa para a Igualdade Parental e Direitos dos Filhos,≤100
132265010511379,Livros & Mythos,Florbela Barreto,≤100
582360601854799,Manuseado,João Miguel Méndez Fernandes,≤100
428901067880588,Diogo Araújo Dantas,Diogo da Rocha Antunes de Araújo Dantas,≤100
103558317830895,Carbfix,These ads ran without a disclaimer,≤100
111858798487028,TSX,These ads ran without a disclaimer,≤100
106248149037837,Whether,These ads ran without a disclaimer,≤100