﻿Page ID,Page name,Disclaimer,Amount spent (USD)
107255828607892,Future 42,Future 42,1901
10503535682,Fix Democracy First,Fix Democracy First,1374
309308412520731,Sandy Hook Promise,Sandy Hook Promise,1188
875653915822271,Dream.Org,Dream.Org,867
120137368013775,Puget Sound Energy,"PUGET SOUND ENERGY, INC.",775
304600892905134,Hillsdale College Online Courses,HILLSDALE COLLEGE,705
108547455113940,Our America,Our America,661
109092142462587,Adam Schiff,SCHIFF FOR CONGRESS,602
18780321251,American Chemistry,American Chemistry Council,429
85452072376,NEWSMAX,"NEWSMAX MEDIA, INC.",403
18982436812,ACLU,American Civil Liberties Union,363
104652824554993,Horse Heaven Clean Energy Center,Horse Heaven Clean Energy Center (A Scout Clean Energy LLC Project),354
107483817554072,WorkMoney,WorkMoney,281
40217893542,AIPAC,AIPAC,278
24330467048,Americans for Prosperity,AMERICANS FOR PROSPERITY,269
106244251043808,America's Plastic Makers,"AMERICAN CHEMISTRY COUNCIL, INC.",241
92925746942,Judicial Watch,Judicial Watch,201
121268821249550,World Central Kitchen,World Central Kitchen,181
114970454531956,CNA Voices,CNA Voices,177
103875099042033,DailyWire+,The Daily Wire,173
107500120800840,Partnership for Energy Progress,Partnership for Energy Progress,162
746938465317981,Nuclear Matters,Nuclear Matters,153
127225910653607,PragerU,PragerU,146
161183970656851,Ruben Gallego,GALLEGO FOR ARIZONA,139
22067606728,Allen West,The Association of Mature American Citizens Inc,138
47710973068,Voices for Cooperative Power,Voices for Cooperative Power,137
1413858742171052,Melinda French Gates,Melinda French Gates,137
15771560300,Earthjustice,EARTHJUSTICE,133
42872222699,Dana Loesch,The Association of Mature American Citizens Inc,129
385473284886474,Hillsdale College,Hillsdale College,127
309798029121030,Everytown for Gun Safety,Everytown for Gun Safety Action Fund Inc,126
30139072158,CARE,CARE,125
1316372698453411,Alexandria Ocasio-Cortez,Alexandria Ocasio-Cortez for Congress,122
6514736316,Walden University,Walden University,120
115379705206001,U.S. Department of Homeland Security Blue Campaign,U.S Department of Homeland Security Blue Campaign,119
1461100540775171,The Tuttle Twins,LIBERTAS INSTITUTE,118
25197207895,Climate Solutions,CLIMATE SOLUTIONS,111
16477459734,League of Conservation Voters,"LEAGUE OF CONSERVATION VOTERS, INC",107
195530355493,Chicks On The Right,The Association of Mature American Citizens Inc,106
100992801635617,Conservative-American.org,Conservative American Strategies,≤100
592707041080920,Stand Together,Stand Together Chamber of Commerce Inc.,≤100
108641741851973,Magic Valley Energy,Magic Valley Energy LLC,≤100
8492293163,Environmental Defense Fund,Environmental Defense Fund,≤100
260244824449371,Consumers for Quality Care,Consumers 4 Quality Care,≤100
7030901126,Campaign for Tobacco-Free Kids,TOBACCO-FREE KIDS ACTION FUND,≤100
570092813023833,Matt Walsh,The Daily Wire,≤100
130945114804,World Jewish Congress,ATTN: INC.,≤100
6041057841,The Humane Society of the United States,"HUMANE SOCIETY OF THE UNITED STATES, THE",≤100
342294162453301,Planned Parenthood,Planned Parenthood Federation of America,≤100
6500552187,Hulu,"HULU, LLC",≤100
518194348194441,RepresentUs,RepresentUs,≤100
166618413413767,Jay Sekulow,American Center for Law and Justice,≤100
23875187730,Feeding America,Feeding America,≤100
114008535880,Foundation for Individual Rights and Expression,FOUNDATION FOR INDIVIDUAL RIGHTS IN EDUCATION,≤100
428821014132730,Katie Porter,KATIE PORTER FOR SENATE,≤100
188644283057,Pasco Votes for Schools,Pasco Votes for Schools,≤100
49651563727,Live Action,Live Action,≤100
160389977329803,ATTN:,ATTN: INC.,≤100
5720973755,Defenders of Wildlife,DEFENDERS OF WILDLIFE,≤100
18709174006,National Audubon Society,"NATIONAL AUDUBON SOCIETY, INC.",≤100
542678889114683,The Coca-Cola Company,The Coca-Cola Company,≤100
103807629149771,Working Forests Initiative,"WORKING FOREST INITIATIVE, INC.",≤100
104394262049761,Jeremy's Razors,The Daily Wire,≤100
1958912674200535,The Pour Over,Pour Over,≤100
145917588805718,Dr Jordan B Peterson,The Daily Wire,≤100
100652668612020,Essential Plastics Coalition,"CENTER FOR CONSUMER FREEDOM, THE",≤100
665345483483486,NRA - National Rifle Association of America,NATIONAL RIFLE ASSN OF AMERICA,≤100
6266829799,Sherrod Brown,FRIENDS OF SHERROD BROWN,≤100
1593518174052711,Candace Owens,The Daily Wire,≤100
359477377917,American Federation for Children,American Federation for Children,≤100
159658557547960,Wall Street Journal Opinion,The Wall Street Journal,≤100
108471008637861,We Care for WA,SEIU Healthcare 1199NW,≤100
38235851310,USA for UNHCR,UNITED STATES ASSOCIATION FOR UNHCR,≤100
104295601633638,American Cornerstone Institute,American Cornerstone Institute Inc,≤100
103890001426406,Invest In WA Now,Invest in Washington Now,≤100
181924628560212,SumOfUs,SumOfUs,≤100
69983322463,Ted Cruz,TED CRUZ FOR SENATE,≤100
111824001908,Hakeem Jeffries,JEFFRIES FOR CONGRESS,≤100
200650357207240,I Love My Freedom,I Love My Freedom,≤100
140357056032320,NEA Today,National Education Association,≤100
1832744013698336,Mahogany Mommies,Mahogany Mommies,≤100
5435784683,Greenpeace USA,"GREENPEACE, INC.",≤100
103531607822207,Noticias para Inmigrantes,"Wise Rock Media, PBC",≤100
361960287311696,Better Medicare Alliance,"Better Medicare Alliance, Inc",≤100
102592959026,Ocean Conservancy,"OCEAN CONSERVANCY, INC.",≤100
203805062990264,Ben Shapiro,The Daily Wire,≤100
580610428636345,Fight for $15,Fight for $15,≤100
15239367801,The Wilderness Society,"WILDERNESS SOCIETY, THE",≤100
1914246298655769,American Funeral Benefits & Services,Heartwork global,≤100
102769134675149,Evergreen Action,Evergreen Collaborative,≤100
167586229923327,World Food Program USA,World Food Program USA,≤100
221401431386940,Pramila Jayapal,PRAMILA FOR CONGRESS,≤100
13885075114,Action Against Hunger USA,ACTION AGAINST HUNGER - USA,≤100
225978224138555,College Promise Coalition,College Promise Coalition,≤100
105652354352473,Meaningful Conversations Tacoma,These ads ran without a disclaimer,≤100
57259033959,AARP,AARP,≤100
203197030603239,8 Billion Trees,8 Billion Trees LLC,≤100
8325302025,Friends of the Earth U.S.,Friends of the Earth,≤100
172758932738142,PhRMA,PHARMACEUTICAL RESEARCH AND MANUFACTURERS OF AMERICA,≤100
412981749656,Adult Family Home Council,ADULT FAMILY HOME COUNCIL,≤100
6204742571,Sierra Club,SIERRA CLUB,≤100
125769584126996,Yael Eckstein,"INTERNATIONAL FELLOWSHIP OF CHRISTIANS & JEWS, INC.",≤100
1540549669581410,Voices for Affordable Health,Voices for Affordable Health,≤100
23790541544,Democrats,DCCC,≤100
21375324480,The Heritage Foundation,HERITAGE FOUNDATION (THE),≤100
83290028957,Care Net,CARE NET,≤100
216311481960,Bill Gates,Bill Gates,≤100
104933662932387,CreativeFuture,CreativeFuture,≤100
36474716066,Color Of Change,ColorofChange.org,≤100
16317479654,Deseret News,Deseret News,≤100
945455208962159,For Everyone Collective,For Everyone Collective,≤100
114765400352270,Kite & Key Media,VMTS EDUCATION INC,≤100
12375354406,USO,United Service Organizations,≤100
15041226930,Oxfam,"OXFAM AMERICA, INC.",≤100
7192716362,Amnesty International USA,"AMNESTY INTERNATIONAL OF THE U. S. A., INC.",≤100
51405613519,Focus on the Family,Focus on the Family,≤100
7145381235,American Jewish World Service - AJWS,"AMERICAN JEWISH WORLD SERVICE, INC.",≤100
267180743723148,National Geographic Society,National Geographic Society,≤100
51052893175,Speaker Kevin McCarthy,Speaker Kevin McCarthy,≤100
318196171580489,Ron DeSantis,Friends of Ron DeSantis,≤100
443329669123990,USAFacts,USAFacts Institute,≤100
108099365294710,Vision for Washington,The Washington Academy of Eye Physicians & Surgeons,≤100
106315901551850,The U.S. Concealed Carry Association for Saving Lives,U.S. Concealed Carry Association For Saving Lives. Not Authorized By Any Candidate Or Candidate's Committee.,≤100
118372414848063,UN Women USA,UN Women USA,≤100
100485764982266,Only One,Only One,≤100
126893748252841,American Firearms Association,American Firearms Coalition,≤100
103588388469410,Disparity Trap,Disparity Trap,≤100
127637620616803,Comcast Newsmakers,Comcast,≤100
7735858972,Humane Society Legislative Fund,Humane Society Legislative Fund,≤100
113891694102,Energy Citizens,AMERICAN PETROLEUM INSTITUTE,≤100
12301006942,Democratic Party,DNC SERVICES CORP./DEM. NAT'L COMMITTEE,≤100
19746387261,Humane Society International,Humane Society International,≤100
102415355916214,American Heart City,American Heart City,≤100
103885799225717,Liberty Protector,Liberty Protector,≤100
681626158940626,Mission Roll Call,Americas Warrior Partnership,≤100
1435071773455316,Daily Wire,The Daily Wire,≤100
6072343558,Center for American Progress,CENTER FOR AMERICAN PROGRESS,≤100
406456986070332,Matt Gaetz,Friends of Matt Gaetz,≤100
7292655492,MoveOn,MOVEON.ORG POLITICAL ACTION,≤100
106568024842114,Rideshare Assault Support,Select Justice LLC,≤100
101704558574021,Lucas Kunce,Lucas Kunce for Missouri,≤100
115436651834465,Save Health Care in Washington,WASHINGTON ASSOCIATION FOR COMMUNITY HEALTH,≤100
103912059097010,One Real American,One Real American,≤100
290851614930809,Combat AntiSemitism,Combat Hate Foundation,≤100
328065780936817,Forest Fire Facts,Strategy Solutions,≤100
2353537341582545,Proud Patriots,Proud Patriots,≤100
281835005264380,Eric Swalwell,SWALWELL FOR CONGRESS,≤100
70874333603,CatholicVote,catholicvote.org,≤100
104491841664875,Adam Kinzinger,Future First Leadership PAC,≤100
1600352356914768,PushBlack,PushBlack,≤100
42940254353,Human Rights Watch,"HUMAN RIGHTS WATCH, INC.",≤100
121626482110,Operation Smile,OPERATION SMILE,≤100
72931140459,Center for Biological Diversity,"CENTER FOR BIOLOGICAL DIVERSITY, INC.",≤100
8047221596,Save the Children US,SAVE THE CHILDREN FEDERATION INC.,≤100
29717379728,International Justice Mission,International Justice Mission,≤100
242299595827573,WEA Advocacy,WEA Advocacy,≤100
20787991568,Senate Democrats,DSCC,≤100
45393753416,Alliance Defending Freedom,Alliance Defending Freedom,≤100
109320440856128,Together Beat Hate,"Foundation to Combat Anti-Semitism, Inc.",≤100
166384506863088,All Above All,All* Above All,≤100
169597416843751,Stand Up America,Stand Up America,≤100
328065780936817,Forest Fire Facts,Forest Fire Facts,≤100
6502038524,First Book,FIRST BOOK,≤100
2602473023098666,Democratic Polling Center,Democratic Governors Association,≤100
126344754046431,American Heart Association - Oregon & SW Washington,American Heart Association,≤100
199826043375900,Larry Hogan,An America United,≤100
25852730092,Care2,"Care2.com, Inc",≤100
102579389208198,Country First Academy,Keep Country First Policy Action,≤100
111076598184105,Organize at MLK Labor,"Martin Luther King, Jr. County Labor Council of Washington, AFL-CIO",≤100
102062948238960,Washingtonians Against Legalizing Marijuana,WASHINGTONIANS AGAINST LEGALIZING MARIJUANA,≤100
106913491375624,Israel War Room,Israel War Room,≤100
702582586516561,CBN Israel,"The Christian Broadcasting Network, Inc.",≤100
17911165812,Covenant House International,Covenant House,≤100
100990842647491,Mountain States Policy Center,"Mountain States Policy Center, Inc.",≤100
315528175667844,Women2Women,Women2Women Conversations Tour,≤100
354851377936744,BookTV,NATIONAL CABLE SATELLITE CORPORATION,≤100
314499212242,Pfizer,Pfizer Inc.,≤100
35169196082,Project HOPE,"PROJECT HOPE-THE PEOPLE-TO-PEOPLE HEALTH FOUNDATION, INC.",≤100
2254455051442790,Flag and Cross,Flag & Cross,≤100
34362997676,United States Holocaust Memorial Museum,UNITED STATES HOLOCAUST MEMORIAL MUSEUM,≤100
124506846628,Agape International Missions,AGAPE INTERNATIONAL MISSIONS,≤100
112642477582238,Mericanaf,AAF Nation,≤100
2053678114723700,President Trump's Patriot Army,I Love My Freedom,≤100
300992409852,Hoover Institution,Hoover Institution,≤100
290548664672,First Liberty,First Liberty Institute,≤100
1316372698453411,Alexandria Ocasio-Cortez,THE SQUAD VICTORY FUND,≤100
318691681482265,Liberty Justice Center,Liberty Justice Center,≤100
471928596287830,Brian Mast,Mast for Congress,≤100
21090771700,Gun Owners of America,Gun Owners of America,≤100
100373975829221,Fòs Feminista Org,Fòs Feminista,≤100
27544763621,Prison Fellowship,Prison Fellowship,≤100
126305280752104,Slavic Gospel Association,SLAVIC GOSPEL ASSOCIATION,≤100
109352563640,Water.org,WATER.ORG INC.,≤100
408526523045391,Mammoth Nation,Mammoth Nation,≤100
101090559295696,TPUSA Faith,TURNING POINT USA NFP,≤100
367292494407,AJC - American Jewish Committee,AMERICAN JEWISH COMMITTEE,≤100
282728185140429,Rep For Vets,The Rep For Vets,≤100
187005858017014,Climate Power,Climate Power,≤100
50822254585,Mountain States Legal Foundation,Mountain States Legal Foundation,≤100
83865976093,Truthout,TRUTHOUT,≤100
113579418668252,Spokane Jewish Cultural Film Festival,SPOKANE AREA JEWESH FAMILY SERVICES,≤100
106656845034469,Smarter NY Energy,Smarter NY Energy,≤100
156496968533805,Explore Beyond,NCTA - The Internet & Television Association,≤100
188627788423714,The Scoop Politics,The Scoop Media Inc.,≤100
134452023239984,Human Coalition,Human Coalition,≤100
1632814840319802,John Fetterman,Fetterman for PA,≤100
142432192446984,David Horowitz Freedom Center,David Horowitz Freedom Center,≤100
786167111464006,Woodson Center,The Woodson Center,≤100
292351509697,Jerusalem Prayer Team,Jerusalem Prayer Team,≤100
709046012792616,National Audubon Society Action Fund,National Audubon Society Action Fund,≤100
109716011638325,Jane Fonda Climate PAC,JANE FONDA CLIMATE PAC,≤100
201446296572389,Compassion in World Farming (USA),Compassion in World Farming Inc,≤100
51379424899,Mercy Ships,MERCY SHIPS INTERNATIONAL,≤100
142957224352,International Medical Corps,International Medical Corps,≤100
101224002310757,Seven Weeks Coffee,Seven Weeks Coffee,≤100
5943727453,American Humane,American Humane,≤100
50982313030,Food & Water Watch,Food & Water Watch,≤100
111812468884033,W.K. Kellogg Foundation,W. K. KELLOGG FOUNDATION,≤100
259351004139042,Ashbrook Center,Ashbrook Center,≤100
6236054211,Brady: United Against Gun Violence,Brady Campaign to Prevent Gun Violence,≤100
243510442756370,Justice Democrats,JUSTICE DEMOCRATS PAC,≤100
1869687273277265,Run for Something,Run For Something PAC,≤100
107698564046392,Lauren Boebert for Congress,LAUREN BOEBERT FOR CONGRESS,≤100
1925027940842417,Sara A. Carter,The Association of Mature American Citizens Inc,≤100
137072070869,Investment Company Institute,INVESTMENT COMPANY INSTITUTE,≤100
375742685850856,Firearms Policy Coalition,"FIREARMS POLICY COALITION, INC.",≤100
131306317680000,Social Goods,"Social Goods, LLC",≤100
36872302227,Cory Booker,CORY BOOKER FOR SENATE,≤100
105561217523274,The Dispatch,"Dispatch Media, Inc.",≤100
196642367081545,OPEIU Local 8,Office and Professional Employees International Union Local 8,≤100
152264148166020,Moms Clean Air Force,Moms Clean Air Force,≤100
240937060405,Center for Science in the Public Interest (CSPI),Center for Science in the Public Interest,≤100
529869540466476,CDA Schools,COEUR D ALENE SCHOOL DISTRICT 271,≤100
275947565591,Woods & Woods The Veterans Firm,"Woods & Woods, LLC",≤100
336861789666063,Liberty Fund,LIBERTY FUND INC,≤100
13867925345,Equality Florida,Equality Florida,≤100
583258211727279,Shai Fund,SHAI FUND INC,≤100
25121889784,Texas Public Policy Foundation,Texas Public Policy Foundation,≤100
1476342155924546,Big Rig Threads,Big Rig T-Shirts and Decals LLC,≤100
6240652407,Young America's Foundation,Young America's Foundation Inc,≤100
158505287559920,Save the Storks,Save the Storks,≤100
175403889150682,FindLaw.com,FindLaw Consumer,≤100
745910525468062,National Center on Sexual Exploitation,National Center on Sexual Exploitation,≤100
2245766435469741,Beersy,Beersy LLC,≤100
38882699096,Polaris,POLARIS PROJECT,≤100
337038226473839,Trish Regan,"SALEM MEDIA GROUP, INC.",≤100
343714718985673,Think Wood,Think Wood,≤100
182723117043,Chicago Council on Global Affairs,CHICAGO COUNCIL ON GLOBAL AFFAI,≤100
100328619530085,Bishop Gold Group,Bishop Gold Group LLC,≤100
104977525752112,Freedom of Patriots,Freedom of Patriots,≤100
74470852653,Mike Pompeo,Champion American Values PAC,≤100
1526707030943680,Phoenix Dream Center,City Help Inc of Phoenix dba Phoenix Dream Center,≤100
107168898379486,Speed & Scale,Speed & Scale,≤100
110657815238231,Northwest Gas Association,NORTHWEST GAS ASSOCIATION,≤100
104738851769938,For What It's Worth - FWIW,FOR WHAT ITS WORTH LLC,≤100
103648802451237,Fair Courts America,Fair Courts America,≤100
74261463421,AFSCME Council 28 WFSE,"WASHINGTON FEDERATION OF STATE EMPLOYEES, AFL-CIO",≤100
10498053716,Media Research Center,MEDIA RESEARCH CENTER,≤100
103565195134756,America First Policy Institute,America First Policy Institute,≤100
33110852384,Doctors Without Borders/Médecins Sans Frontières (MSF),Doctors Without Borders/Médecins Sans Frontières (MSF),≤100
201956993160690,MRCTV,MEDIA RESEARCH CENTER,≤100
425771317501061,Michael Knowles,The Daily Wire,≤100
169687486427698,Jentezen Franklin,FREE CHAPEL WORSHIP CENTER,≤100
104614641200137,MeidasTouch,MEIDASTOUCH,≤100
162678203751209,Gilead Sciences,GILEAD SCIENCES INC,≤100
101391906600,Live Action News,Live Action,≤100
1701668183423201,Pandia Health,Pandia Health,≤100
108268161352786,Stanley M. Herzog Foundation,Herzog Foundation,≤100
408250066356,Bill O'Reilly,"Bill Me, Inc.",≤100
372577693078008,"Saenz-Garcia Law, PLLC","Saenz-Garcia Law, PLLC",≤100
35715544220,Stand.earth,Stand.earth,≤100
116546288359245,Heritage Action for America,HERITAGE ACTION FOR AMERICA,≤100
29423827874,Proclaiming Justice to the Nations,PROCLAIMING JUSTICE TO THE NATIONS INC,≤100
91346559231,Democratic Legislative Campaign Committee - DLCC,Democratic Legislative Campaign Committee,≤100
160630887998827,Let Them Live,Oliver Harrison  Berning,≤100
251357454919297,Concordia Star Medical and Aesthetics,These ads ran without a disclaimer,≤100
346684257828,City of Tacoma Government,City of Tacoma,≤100
8936818385,Accuracy in Media,Flo Communications,≤100
507070522767934,AACR Foundation,"AMERICAN ASSOCIATION FOR CANCER RESEARCH, INC.",≤100
163746770398121,Kirkland Conserves,These ads ran without a disclaimer,≤100
317284821682168,Messianic Jewish Alliance of America (MJAA),Messianic Jewish Alliance of America,≤100
102413723172970,Nick Adams,Nick Adams,≤100
205395906412,UAW International Union,"INTERNATIONAL UNION, UNITED AUTOMOBILE, AEROSPACE AND AGRICULTURAL IMPLEMENT WORKERS OF AM",≤100
227764782729,AMERICAN - STRONG!,American Strong LLC,≤100
8321461609,MomsRising.org,MomsRising Together,≤100
43426724597,Paper Culture,Paper Culture LLC,≤100
12357407443,American Friends Service Committee,AMERICAN FRIENDS SERVICE COMMITTEE,≤100
109819009036381,The New York Sun,NEW YORK SUN COMPANY LLC,≤100
8446177150,Chosen People Ministries,CHOSEN PEOPLE MINISTRIES INC,≤100
661744180680367,National Police Association,"NATIONAL POLICE ASSOCIATION, INC.",≤100
108247581851552,Democracy Defense Fund,DEMOCRACY DEFENSE FUND,≤100
108266445888054,Patriot Academy,TORCH OF FREEDOM FOUNDATION,≤100
6165653060,AFSCME,AMERICAN FEDERATION OF STATE COUNTY & MUNICIPAL EMPLOYEES,≤100
279674488861341,"Van Ackeren, P.S.",Cheryl Lynn Van Ackeren,≤100
407902639235640,JNS.org,Jewish News Syndicate,≤100
269479249997,NSSF—The Firearm Industry Trade Association,National Shooting Sports Foundation,≤100
118626774835274,Medicare Made Clear,Medicare Made Clear from United Healthcare,≤100
102960695956522,Amazing Patriots,Amazing Patriots,≤100
179513292162226,American History TV,NATIONAL CABLE SATELLITE CORPORATION,≤100
96491683438,"The Friends of Israel Gospel Ministry, Inc.","FRIENDS OF ISRAEL GOSPEL MINISTRY, INC, THE",≤100
1880507922255279,Question PAC,QUESTION PAC,≤100
113341457791145,Voices for Healthy Green Spaces,Voices for Healthy Green Spaces,≤100
108512875350,The Atlas Society,The Objectivist Center Ltd,≤100
355783211719644,Veteran Caregivers of America,"Veteran Caregivers, LLC",≤100
108321024813889,League of Our Own Washington,LEAGUE OF OUR OWN WASHING,≤100
7962229886,Environmental Working Group,ENVIRONMENTAL WORKING GROUP,≤100
166781487335366,Chris Hollins,Chris Hollins Campaign,≤100
431019887282794,Tomorrow's World Today,Flying Cork,≤100
8524198486,Physicians Committee for Responsible Medicine,"PHYSICIANS COMMITTEE FOR RESPONSIBLE MEDICINE, INC.",≤100
102047517918,The Commonwealth Fund,"COMMONWEALTH FUND, THE",≤100
145973965440671,Carnegie Corporation of New York,CARNEGIE CORPORATION OF NEW YORK,≤100
1382441768496365,Pentair,PENTAIR,≤100
120778038066631,EveryLibrary,EveryLibrary,≤100
7341997111,Conservation International,Conservation International,≤100
7263476274,Mercy Corps,Mercy Corps,≤100
546066468753446,Black Health Matters,BLACK HEALTH MATTERS FOUNDATION INC,≤100
6787988478,Physicians for Human Rights,"PHYSICIANS FOR HUMAN RIGHTS, INC.",≤100
164966660351345,Hope Outfitters,Hope Outfitters,≤100
1640136779635989,We The People Holsters,These ads ran without a disclaimer,≤100
250485248333218,Clean Air Task Force,CLEAN AIR TASK FORCE,≤100
817567028361575,The Halcyon Movement,The halcyon movement,≤100
331037760381749,Sierra Magazine,SIERRA CLUB,≤100
107308698272177,Gas Leaks Action,Gas Leaks Action,≤100
110431415026491,The American Enthusiasm,The American Enthusiasm,≤100
153278754738777,Climate Reality,The Climate Reality Project,≤100
211951165807,Americans for Financial Reform,Americans for Financial Reform,≤100
345378512258813,Elise Stefanik,ELISE FOR CONGRESS,≤100
137918019584028,Starfish Project,"STARFISH PROJECT, INCORPORATED",≤100
93228695778,Tea Party Patriots,Tea Party Patriots,≤100
8002590959,Rainforest Action Network - RAN,RAINFOREST ACTION NETWORK,≤100
109118211910879,Mr. 45,Green Straw LLC,≤100
233456156850563,The Prisoner Wine Company,"TPWC, Inc.",≤100
30618466815,Pacific Legal Foundation,Pacific Legal Foundation,≤100
110471938085477,Constellation Brands,"CONSTELLATION BRANDS, INC.",≤100
104107788684988,Tom Klingenstein,TomKlingenstein.com,≤100
105173311888160,Star and Bar,Star and Bar,≤100
17203056985,Partners In Health,Partners In Health,≤100
261357844041172,Companion Animal Protection Society,COMPANION ANIMAL PROTECTION SOCIETY,≤100
6756153498,Mike Bloomberg,Bloomberg Philanthropies,≤100
219612384781411,Bloomberg Philanthropies,Bloomberg Philanthropies,≤100
59783434599,Hasbara Fellowships,HASBARA FELLOWSHIPS,≤100
271453369908901,FLAG  - Foundation for Liberty and American Greatness,Tomer Barazani,≤100
593172347708466,Oregon Forests Forever,OREGON FOREST INDUSTRIES COUNSEL,≤100
1594044310858453,Caring | Church of Jesus Christ,These ads ran without a disclaimer,≤100
454663890502,Alliance for Patient Access,ALLIANCE FOR PATIENT ACCESS,≤100
149607228384141,America Needs Fatima,"American Society for the Defense of Tradition, Family and Property",≤100
114301413446447,The Climate Initiative,Kennebunkport Climate Initiative,≤100
114710126648118,Republican Dogs,Republican Dogs,≤100
8473889271,National Parks Conservation Association,National Parks Conservation Association,≤100
106568024842114,Rideshare Assault Support,Citizen Ad Network LLC,≤100
89336510798,American Friends of the Hebrew University,American Friends of Hebrew University,≤100
896759427103774,Modern Medicaid Alliance,Modern Medicaid Alliance,≤100
21472760578,C-SPAN,C-SPAN,≤100
417522508294454,Job Creators Network,Job Creators Network,≤100
100388126216021,The Red Onlooker,Gregory Lawrence Burright,≤100
109599248636777,Consumer Credit Card Protection Coalition,CONSUMER CREDIT CARD PROTECTION COALITION,≤100
110316380149,Family Policy Alliance,Family Policy Alliance,≤100
2070944712939738,American Police Officers Alliance,American Police Officers Alliance,≤100
133937690180,Student Conservation Association,Student Conservation Association,≤100
464998390249008,The Independence Fund,"INDEPENDENCE FUND, INC, THE",≤100
153580768045578,United Way of Whatcom County,These ads ran without a disclaimer,≤100
15087023444,Nike,"NIKE, Inc",≤100
8550121410,Free Speech America Project,MEDIA RESEARCH CENTER,≤100
657708380952174,Voices of the Civil Rights Movement,Comcast,≤100
276132242902006,Western Digital,These ads ran without a disclaimer,≤100
378084314984,Trane Technologies,Trane Technologies,≤100
141786816970,Cruise Lines International Association - CLIA,Cruise Lines International Association,≤100
100113865706707,ADF Generational Wins Prayer Initiative,ALLIANCE DEFENSE FUND INC,≤100
30708742052,FCTRY,FCTRY,≤100
132066233534659,Healthcare Education Project,Healthcare Education Project,≤100
104657602040321,Truth Media,Truth Media,≤100
11111618026,Union of Concerned Scientists,"UNION OF CONCERNED SCIENTISTS, INC.",≤100
182620315479,Plan International USA,Plan International USA,≤100
7219151423,The Fund for American Studies (TFAS),FUND FOR AMERICAN STUDIES,≤100
97466887664,Innocence Project,"INNOCENCE PROJECT, INC., THE",≤100
101626535691142,Tina Blum Cohen for U.S. House of Representatives Texas District 7,TINA BLUM COHEN FOR US HOUSE OF REPRESENTATIVES TEXAS DISTRICT 7,≤100
178746337565646,Save Our Allies,Save Our Allies,≤100
271434569418,HumaneWatch,Center for Consumer Freedom,≤100
19219803864,Tax Foundation,Tax Foundation,≤100
265584563563176,JCRC of Greater Washington,The Jewish Community Relations Council of Greater Washington,≤100
101716172441500,Brennan Center en Español,"WILLIAM J. BRENNAN CENTER FOR JUSTICE, INC.",≤100
112735922758892,Charlie Kirk,Salem Media Group,≤100
299016790922,Bobby Eberle,Bobby Eberle,≤100
21492729544,Catholic Relief Services,CATHOLIC RELIEF SERVICES - UNITED STATES CONFERENCE OF CATHOLIC BISHOPS,≤100
999556810102061,Signature Seas,Signature Seas,≤100
60261764250,Childhelp,"CHILDHELP, INC.",≤100
107764430968176,Tuttle Twins TV Show,"Tuttle Twins Show, LLC",≤100
380884168648080,Population Research Institute,POPULATION RESEARCH INSTITUTE,≤100
43819229306,Minocqua Brewing Company,MINOCQUA BREWING COMPANY LLC,≤100
852346291550006,American Truth Project,These ads ran without a disclaimer,≤100
169042736456594,All Out,All Out Action Fund.,≤100
100113541464939,Start Early,Start Early,≤100
12503116997,Dennis Prager,Salem Media,≤100
458142697588014,AARP Public Policy Institute,AARP,≤100
18657179701,Jennifer McClellan,McClellan for Congress,≤100
18983389920,Open Society Foundations,Open Society Foundations,≤100
269348454714,IMB,"INTERNATIONAL MISSION BOARD OF THE SOUTHERN BAPTIST CONVENTION, THE",≤100
302182941354,AARP Advocates,AARP,≤100
97279934919,bp America,BP CORPORATION NORTH AMERICA INC.,≤100
112114435501106,Hugh Hewitt,Salem Media,≤100
505082913012317,Must Read Alaska,Must Read Alaska LLC,≤100
60182072999,Lila Rose,Live Action,≤100
105120815642998,Partnership to Address Global Emissions,PARTNERSHIP TO ADDRESS GLOBAL EMISSIONS INC,≤100
205795426669644,Facts and Logic about the Middle East,Facts and Logic About the Middle East,≤100
514167322309353,Dan Crenshaw,Dan Crenshaw for Congress,≤100
143173285763,Tenth Amendment Center,Tenth Amendment Center,≤100
114612551901815,Hagerty,These ads ran without a disclaimer,≤100
101647259395520,Project on Constitutional Originalism and CIT,Project on Constitutional Originalism and CIT - Catholic University of America,≤100
18079407397,CPAC,AMERICAN CONSERVATIVE UNION,≤100
179740812490230,BritBoxTV,These ads ran without a disclaimer,≤100
2361139837508625,Animal Victory,"One Red Lion, Inc DBA Animal Victory",≤100
342887442508723,Convention of States,Convention of States Action,≤100
43934405787,IPPF,International Planned Parenthood Federation Worldwide Inc,≤100
102176712079037,Daily Floridian,Daily Floridian,≤100
106918967700048,Lobby For Climate ⋆ Change The Chamber,Change the Chamber*Lobby for Climate,≤100
1731084720451495,Saprea,The Younique Foundation,≤100
430869277025501,Dr. Nancy O'Reilly,"WOMEN CONNECT4GOOD, INC.",≤100
203294399456,Public Interest Registry,Public Interest Registry,≤100
170169493012341,The Fund for Global Human Rights,FUND FOR GLOBAL HUMAN RIGHTS,≤100
114167895375664,Cherokee Nation,"CHEROKEE NATION, THE",≤100
72092591211,FBI – Federal Bureau of Investigation,Federal Bureau of Investigation,≤100
21218780346,Foreign Policy,FOREIGN POLICY,≤100
673667436317733,Texas Consumer Association,Texas Consumer Association,≤100
718695571507724,Texans for Natural Gas,Texans for Natural Gas,≤100
467503009987109,"Healthy Forests, Healthy Communities","Healthy Forests, Healthy Communities",≤100
399067003454888,Sudan Relief Fund,These ads ran without a disclaimer,≤100
102142101657930,OurFight.online,Our Fight Inc,≤100
1338822066131069,Women's March,Women's March,≤100
97624620788,American Friends of Magen David Adom,AMERICAN FRIENDS OF MAGEN DAVID ADOM,≤100
505653766599222,America First with Dr. Sebastian Gorka,Salem Media,≤100
100806242836871,Preservation Pause,University of Arizona Indigenous Peoples Law and Policy Program,≤100
101103254533,SOS International,SOS International,≤100
243498882520314,FoodFinder,"FOODFINDER, INC.",≤100
524399207959953,Truth & Liberty Coalition,Truth & Liberty Coalition,≤100
38897314734,Trust for Public Land,"TRUST FOR PUBLIC LAND, THE",≤100
1704683609848735,Sister District Project,Sister District Project Inc,≤100
409201242470903,Matthew Vines,Matthew Ross Vines,≤100
126535519547,Washougal School District,Washougal School District,≤100
700941689954518,Defend Our Future,Defend Our Future,≤100
226999127329906,New York Immigration Lawyer,Law Office of Alena Shautsova,≤100
506680536015406,HumanProgress.org,"CATO INSTITUTE, INC.",≤100
100168566232753,IRS Helper,Leads Team LLC,≤100
112824416194,United Steelworkers,United Steelworkers,≤100
260668817346988,Ignite National,IGNITE,≤100
1546952572205770,UAE USA United,The Embassy of the United Arab Emirates,≤100
316955281351,APWU - The American Postal Workers Union,AMERICAN POSTAL WORKERS UNION,≤100
217065848349725,Bay Area Anti-Trafficking Coalition,Bay Area Anti-Trafficking Coalition,≤100
552580508224925,Chan Zuckerberg Initiative,"CHAN ZUCKERBERG INITIATIVE, LLC",≤100
114250430692,Unchainedtv,JANE UNCHAINED NEWS NETWORK,≤100
58736997707,Marco Rubio,Marco Rubio for Senate,≤100
270623392879,San Francisco Foundation,"SAN FRANCISCO FOUNDATION, THE",≤100
356520296889,Mythos Technology Inc,These ads ran without a disclaimer,≤100
134597023235240,Rashida Tlaib,THE SQUAD VICTORY FUND,≤100
107414074990650,Defense of Freedom Institute,"Defense of Freedom Institute for Policy Studies, Inc.",≤100
9694956217,Animal Legal Defense Fund,ANIMAL LEGAL DEFENSE FUND,≤100
18017481462,Acton Institute,Acton Institute,≤100
95335385742,National Fish and Wildlife Foundation,National Fish and Wildlife Foundation,≤100
105861441295494,97Percent,97PERCENT ORG INC,≤100
114226275387369,republicEn,republicEn,≤100
100284648021034,New Tolerance Campaign,New Tolerance Campaign,≤100
102027764795677,American Wire,BizPac Review,≤100
304842759546695,Brooklyn Institute for Social Research,Brooklyn Institute for Social Research,≤100
105598768268708,Holla At Health,These ads ran without a disclaimer,≤100
110003135240961,Pride of America,Pride of American,≤100
7515233409,"Mikey Weinstein, MRFF",MILITARY RELIGIOUS FREEDOM FOUNDATION,≤100
1809078699219595,Fat Tire,"NEW BELGIUM BREWING COMPANY, INC.",≤100
166785838989,American Veterinary Medical Association (AVMA),These ads ran without a disclaimer,≤100
282488058533444,Heppner Gazette-Times,Gazette Times,≤100
2052968585000306,Kristie Goforth,Friends of Kristie Goforth,≤100
295140767607638,Wisdom Supply Co.,These ads ran without a disclaimer,≤100
113318901345595,Baby Patriots,Proud Patriots,≤100
131023707236064,Applecart,Project Applecart LLC,≤100
1569691439814810,The Damage Report,"The Young Turks, Inc.",≤100
232467307162583,Farm Action,Family Farm Action Inc,≤100
393893911259634,Unofficial: Jesse,These ads ran without a disclaimer,≤100
102044622753692,American Potential Podcast,AMERICANS FOR PROSPERITY,≤100
210277954204,The Young Turks,"The Young Turks, Inc.",≤100
508887815910815,BPR,BizPac Review,≤100
104000815284407,Iglesia que Sufre ACN - US,"AID TO THE CHURCH IN NEED, INC.",≤100
1759469824070443,Rational Middle: Immigration,"Rational Middle Media Group, LLC",≤100
101791315693,Destiny Rescue,"Destiny Rescue International, Inc.",≤100
43949868082,Outright International,OutRight Action International with Facebook ad credits,≤100
1666922183524165,ReThink Energy NJ,ReThink Energy NJ,≤100
309798029121030,Everytown for Gun Safety,Everytown for Gun Safety Support Fund Inc,≤100
27461595703,Carbonfund,Carbonfund.org Foundation,≤100
104396194587918,C3 Solutions,Conservative Coalition for Climate Solutions,≤100
166785838989,American Veterinary Medical Association (AVMA),AMERICAN VETERINARY MEDICAL ASSOCIATION,≤100
50513265848,Citizens United,Citizens United,≤100
346612865750115,Korea Defense Veterans Association,Korea Defense Veterans Association,≤100
234142976633158,Wake Up World & Smell the Coffee,Edith Dume Lerner,≤100
147368882623027,Black Futures Lab,Black Futures Lab,≤100
336442420497121,Consciously,Big Sister Corp.,≤100
104377518078467,More Perfect Union,MORE PERFECT UNION FOUNDATION,≤100
473191156175163,EDF Action,Environmental Defense Action Fund,≤100
138492335404,Scott Walker,FORWARD USA FEDERAL POLITICAL ACTION COMMITTEE,≤100
323798354307768,Unbossed,"The Young Turks, Inc.",≤100
499379343409991,Impact Fund,"IMPACT FUND, THE",≤100
300341323465160,The Daily Signal,The Daily Signal,≤100
136362309708243,Restaurant Opportunities Centers United (ROC United),"RESTAURANT OPPORTUNITIES CENTERS (ROC) UNITED, INC.",≤100
9364828262,Citizens Against Government Waste,CITIZENS AGAINST GOVERNMENT WASTE,≤100
1534290989956166,Philanthropy Roundtable,"PHILANTHROPY ROUNDTABLE, THE",≤100
192609620649,The University of Chicago,The University of Chicago,≤100
537534316395916,Students for Trump,Turning Point Action,≤100
403737406341879,National Women's Health Network,NATIONAL WOMENS HEALTH NETWORK,≤100
1425435377743310,Conversations with Bill Kristol,FOUNDATION FOR CONSTITUTI,≤100
43287633515,Action for the Climate Emergency,Action for the Climate Emergency,≤100
130130503698358,Eastern European Mission,EASTERN EUROPEAN MISSION,≤100
117592091643709,Tree of Life Ministries｜Evangelism in Israel,Tree of Life Ministries,≤100
458643554482238,Uri Velez La Sra de los Seguros,Euridis Velez,≤100
78420171887,Sailors for the Sea,OCEANA INC,≤100
110768725009358,Connecticut Office of Workforce Strategy,CT The Office of Workforce Strategy,≤100
104979848524405,Starts With Us,Lubetzky Family Foundation,≤100
589658204411894,Office of South Carolina Treasurer Curtis Loftis,Future Scholar. Administered by State Treasurer Curtis Loftis. Not paid for with state funds.,≤100
113339508777388,PCOS Challenge: The National Polycystic Ovary Syndrome Association,"PCOS Challenge, Inc.",≤100
494259170754224,Keeping IDentities Safe,KEEPING IDENTITIES SAFE,≤100
243605012672167,Greg Casar,GREG CASAR FOR CONGRESS,≤100
272321759583178,Conservatives for Responsible Stewardship,Conservatives for Responsible Stewardship,≤100
48994809349,Ms. Foundation for Women,MS FOUNDATION FOR WOMEN INC,≤100
1898234727131235,Reel America,BizPac Review,≤100
339432396135584,The Exodus Road,The Exodus Road,≤100
7035457015,Brave New Films,BRAVE NEW FOUNDATION 501(C)(3),≤100
22560886676,Ché Ahn,Che Ahn Ministries,≤100
1692686027722136,Devotv,These ads ran without a disclaimer,≤100
356050017804283,WSPA (Western States Petroleum Association),WESTERN STATES PETROLEUM ASSOCIATION,≤100
100630122386252,United States Trout Farmers Association,These ads ran without a disclaimer,≤100
345751305447288,Daugherty Water for Food Global Institute,Daugherty Water for Food Global Institute,≤100
111306298500421,Julie Hartman,Salem Media Group,≤100
33699882778,Dr. Bronner's,Dr. Bronner's,≤100
258186881053838,Dave Yarnes,Dave Yarnes,≤100
106959920878115,The Well Done Foundation,"WELL DONE FOUNDATION, INC.",≤100
154930410085,"Zion Oil and Gas, Inc.","Zion OIl & Gas, Inc.",≤100
936968016365794,The Eric Metaxas Radio Show,Salem Media,≤100
210357995667559,The National Memo,The National Memo,≤100
12596759677,RAICES,REFUGEE AND IMMIGRANT CENTER FOR EDUCATION AND LEGAL SERVICES,≤100
165566613453452,ERLC,ETHICS AND RELIGIOUS LIBERTY COMMISSION OF THE SOUTHERN BAPTIST,≤100
108615842526079,The Ronald Reagan Presidential Foundation and Institute,The Ronald Reagan Presidential Foundation and Institute,≤100
163662804426854,Life Advancement Group,Nathan Montgomery Berning,≤100
106582384539447,Design for Freedom by Grace Farms,"GRACE FARMS FOUNDATION, INC.",≤100
106909358810669,Stop RCV,Stop RCV,≤100
103316295438939,Lost Debate,Lost Debate,≤100
77130778113,Coalition for Medicare Choices,The Coalition for Medicare Choices,≤100
291102898490822,Conservative Comedy Store,Conservative Comedy Store,≤100
273823172633650,Foundation for Government Accountability,The Foundation for Government Accountability,≤100
222797534462862,Peter Boghossian,National Progress Alliance,≤100
399060493533519,The Justice Foundation,JUSTICE FOUNDATION,≤100
11551978516,URGE: Unite for Reproductive & Gender Equity,UNITE FOR REPRODUCTIVE & GENDER EQUITY,≤100
205793342812043,Love Light + Melody,Love Light + Melody,≤100
103546351703577,Dallas Express,Dallas Express Media,≤100
194115677277113,A21,A21 with Facebook Ad Credits,≤100
860565764042990,Pen + Brush,These ads ran without a disclaimer,≤100
236341397286388,Pique,Pique Media PBC,≤100
497348647140658,Point Source Youth,Point Source Youth,≤100
12185972707,350.org,350 ORG,≤100
126855128568,FEBC (Far East Broadcasting Company),"FAR EAST BROADCASTING COMPANY, INC.",≤100
28446275521,Military Officers Association of America (MOAA),Military Officers Association of America,≤100
58158120046,ACLJ,American Center for Law and Justice,≤100
157521957980788,Reimagining the Civic Commons,Reimagining the Civic Commons,≤100
183165025062107,The TESA Collective,"The Toolbox for Education and Social Action, Inc",≤100
101960885328177,Odessa Headlines,Odessa Headlines,≤100
60035389681,First Things,INSTITUTE ON RELIGION & AMP PUBLIC LIFE,≤100
909371242735626,Conservative Candidate Caucus PAC,"CARL4CONGRESS, LLC",≤100
45169169993,Planned Parenthood Minnesota Advocate,"Planned Parenthood Minnesota, North Dakota, South Dakota Action Fund",≤100
149304471750922,Christian Friends of Leket Israel,These ads ran without a disclaimer,≤100
102286035642350,Patriots for USA,USA Features Media LLC,≤100
1018654714824453,Maccabee Task Force,Maccabee Task Force Foundation,≤100
700806360047982,CFG Action,Club for Growth Action,≤100
118737467661,New York State Department of Labor,New York State Department of Labor,≤100
103397638483399,remedywu,These ads ran without a disclaimer,≤100
117507751891,United Poultry Concerns,"UNITED POULTRY CONCERNS, INC",≤100
125937197447634,ACTA - American Council of Trustees and Alumni,AMERICAN COUNCIL OF TRUSTEES AND ALUMNI,≤100
42590232694,CAIR,"CAIR-FOUNDATION, INC.",≤100
20603236087,Love146,"LOVE146, INC.",≤100
100692068471118,Explain America,Apse Media LLC,≤100
49275915266,MSI Reproductive Choices,MSI-US,≤100
105334892381660,AmericanTowns Politics,AMERICAN TOWNS,≤100
83960796709,Institute for Southern Studies,INSTITUTE FOR SOUTHERN STUDIES INC,≤100
424443217623488,Clarion Project,"CLARION PROJECT, INC.",≤100
1449073545419430,The Lone Liberal Republican,Arthur Winter,≤100
108028728590880,CTLPod,POPULATION MEDIA CENTER INC,≤100
591975150932241,PBS Books,DETROIT EDUCATIONAL TELEVISION FOUNDATION,≤100
34521916336,Brent Bozell,MEDIA RESEARCH CENTER,≤100
208876186220,Great Transition Initiative,"TELLUS INSTITUTE, INC.",≤100
327853590558653,"Agri-Pulse Communications, Inc.","AGRI-PULSE COMMUNICATIONS, INC.",≤100
186977768011413,Ironworkers Rising,"International Association of Bridge, Structural, Ornamental, and Reinforcing Iron Workers",≤100
56431624743,Ceres,Ceres,≤100
1015449978587077,Alliance for Youth Action,Alliance for Youth Action,≤100
100562019990818,U.S. Term Limits,U.S. Term Limits Inc.,≤100
74470852653,Mike Pompeo,PREMIERE MARKETING,≤100
1021724717913869,Bantam Communications,Bantam Communications,≤100
101335812671085,PB Evanston,PB Evanston,≤100
1562713090633117,Operation Underground Railroad,OPERATION UNDERGROUND RAI,≤100
139034619493222,CUNY Citizenship Now,CUNY Citizenship Now!,≤100
107645227592678,To Which We Belong,Mystic Artists,≤100
108180998440229,Save Democracy AZ,Save Democracy Inc.,≤100
220873174076,Animal Equality,ANIMAL EQUALITY,≤100
338758899543225,Alan Wilson,Alan Wilson for Attorney General,≤100
262902450432,TeachKind,PEOPLE FOR ETHICAL TREATMENT OF ANIMALS INC,≤100
216311481960,Bill Gates,These ads ran without a disclaimer,≤100
1571132936490223,JewBelong,JEWBELONG INC.,≤100
199891603386344,Common Ground Committee,Common Ground Committee,≤100
143063095713907,Hep,"CDM PUBLISHING, LLC",≤100
78871789265,New Jersey Institute for Social Justice,NEW JERSEY INSTITUTE FOR SOCIAL JUSTICE,≤100
106862204671108,The Deplorable Americans,Justin Gustafson,≤100
220538341415523,The Satanic Temple,The Satanic Temple,≤100
240054842698973,Arkansas Good Roads,Arkansas Good Roads Foundation,≤100
723394465079640,The Lion,Stanley M. Herzog Charitable Foundation,≤100
103948701221001,Pro-Life Flag Project,Pro-Life Flag Project,≤100
142932506806,Texas Alliance for Life,"Texas Alliance for Life, Inc.",≤100
16534314739,Facing History and Ourselves,"FACING HISTORY AND OURSELVES NATIONAL FOUNDATION, INC.",≤100
102204903345,The Vilcek Foundation,"VILCEK FOUNDATION, INC., THE",≤100
386305465057247,Liberty Nation,Liberty Nation,≤100
130848666099,Business Forward,Business Forward Inc.,≤100
87777747127,Greg Palast,Palast Investigative Fund,≤100
103338614839717,Peter S. Wenz,Peter S. Wenz,≤100
192738164073627,A Better Balance,A Better Balance,≤100
439271970343,World Help,WORLD HELP,≤100
112019855107729,Holt Persinger for State House,Holt Persinger for State House,≤100
103966991229588,Frank Bojazi,Trending Views,≤100
101564054951838,We The Forest,We The Forest,≤100
406581453407625,Advance Minnesota Issue Advocacy,Advance Minnesota Issue Advocacy,≤100
107922288762475,Nevada Fails Workers,Workers Comp Fails Nevadans,≤100
106134654608002,Capital B,These ads ran without a disclaimer,≤100
107409909326665,Stephen Wise Free Synagogue,"WISE, STEPHEN FREE SYNAGOGUE",≤100
112203121682194,Deviate from Denial Book,Pubvendo LLC,≤100
101390336151927,Culver for State Senate,Citizens for Lynda Schlegel Culver,≤100
100403528653081,Punchbowl News,Punchbowl News,≤100
169282116541956,El Nuevo Georgia,New Georgia Media Inc dba El Nuevo Georgia Newspaper,≤100
304492001817,Emma's Revolution,Sandra Elaine Opatow,≤100
110170005258857,Klicked Digital,DeDonato Enterprises,≤100
108725508673742,Fire Dan Munsey,Inland Empire Taxpayers Association,≤100
105442191724004,Your Patriot Store,EZPole Flagpoles,≤100
100123286264769,Tanner DiBella,American Council for Evangelicals,≤100
59254639983,Boston Medical Center,BOSTON MEDICAL CENTER,≤100
162069790604,AARP Arizona,AARP,≤100
293521930164,Planned Parenthood Votes New Mexico,Planned Parenthood Votes New Mexico,≤100
102712325850529,Libratum Press,Libratum Press LLC,≤100
82223469060,ACN - Aid to the Church in Need,"AID TO THE CHURCH IN NEED, INC.",≤100
111004586952707,Elevate Prize Foundation,Elevate Prize Foundation Inc,≤100
249557685489132,Spiritual and Practical Socialism,Michael Robert Mccormick,≤100
36091862898,The Mackinac Center for Public Policy,Mackinac Center for Public Policy,≤100
915656035153394,Oceanites,OCEANITES INC,≤100
610264146298573,The American Council,The American Council for Evangelicals,≤100
101934808214473,KushThru,Antoine D Avery,≤100
109616784557111,Citizens for Greater Idaho,Move Oregons Border - Malheur,≤100
278876378889211,Armenian Museum of America,"ARMENIAN MUSEUM OF AMERICA, INC.",≤100
480282659170095,Civic Health Project,Civic Health Project,≤100
106746992189224,The State of Women Podcast,POPULATION MEDIA CENTER INC,≤100
105556965345057,SmarterSafer,SmarterSafer,≤100
10524033745,Remote Area Medical - RAM,REMOTE AREA MEDICAL,≤100
105348224679358,The Don't Unfriend Me Show,DONT UNFRIEND ME,≤100
54580146753,Faith in Action,Faith in Action,≤100
1553978148244954,Build With Strength,Build With Strength,≤100
22984054572,Numi Organic Tea,These ads ran without a disclaimer,≤100
1811804615714263,Darshana Patel,Patel for Assembly 2024,≤100
485068924838758,EARN - Employer Assistance and Resource Network on Disability Inclusion,Employer Assistance and Resource Network on Disability Inclusion (EARN),≤100
104916968538177,TIS 이주공사,TIS VISA CORPORATION,≤100
2028299517443698,CheckSammy,These ads ran without a disclaimer,≤100
153704007991524,Women's Earth and Climate Action Network,Women's Earth and Climate Action Network (WECAN) International,≤100
1376465702586897,Coloradans for Responsible Energy Development,Coloradans for Responsible Energy Development,≤100
210455593021382,Health Care Voices,"Health Care Voices, a project of Social Good Fund",≤100
19420215926,CNSNews.com,MEDIA RESEARCH CENTER,≤100
170126260000702,Western Journal US News,The Western Journal,≤100
303374266418976,AFPM,American Fuel & Petrochemical Manufacturers,≤100
107454490912636,Jewish Future Pledge,Jewish Future Pledge Inc,≤100
107794078023949,Animals 101,These ads ran without a disclaimer,≤100
6954880804,Green America,GREEN AMERICA,≤100
165238836870566,MRC Culture,MEDIA RESEARCH CENTER,≤100
40399561583,Friends Journal,FRIENDS PUBLISHING CORP,≤100
710669049286394,Woo the People,Woo the People,≤100
102579112455934,Making The Leap Podcast,Stanley M. Herzog Charitable Foundation,≤100
246491525549550,Ed Post,Education Post,≤100
114105573830669,RANGE,Minefield LLC dba RANGE Media,≤100
65538457518,The Village Square,TO THE VILLAGE SQUARE INC,≤100
23362993101,Center for Immigration Studies,CENTER FOR IMMIGRATION STUDIES,≤100
238473269650980,Capital & Main,CAPITAL & MAIN,≤100
101377889168483,Gumbo Limbo Coastal Stewards,"Gumbo Limbo Coastal Stewards, Inc.",≤100
288369791569,SEIU 721,SEIU Local 721,≤100
110010433804232,Standing For Freedom Center,Standing for Freedom Center,≤100
110847698099863,Solarquote.org,solarquote.org,≤100
242845139551348,GVPedia,GVPEDIA INC,≤100
6333396177,NewsBusters.org,MEDIA RESEARCH CENTER,≤100
19774119425,Habitat for Humanity,Habitat for Humanity International,≤100
279799525443906,HELPS Nonprofit,HELPS Nonprofit Law Firm,≤100
1444820465547227,Rank the Vote,Rank the Vote,≤100
10606591490,TIME,TIME USA LLC,≤100
84645912778,Prosperity Now,PROSPERITY NOW,≤100
314964416195,American Seniors Association,AMERICAN SENIOR ASSOCIATION,≤100
5878048748,GlobalGiving,"GLOBALGIVING FOUNDATION, INC.",≤100
100758682697459,Mayday Health,"Mayday Medicines, Inc.",≤100
210937299260017,USA Features Media,USA Features Media LLC,≤100
839158786226886,Two Party Opera,Brian Thomas Carroll,≤100
101769576791,Health Action Network,Health Action Network,≤100
1527499704232460,Virginia Interfaith Power & Light,Virginia Interfaith Power and Light,≤100
115979795130394,Christians Care International,These ads ran without a disclaimer,≤100
6804473506,Ben Yehuda Press,"Ben Yehuda Press, LLC",≤100
111333413863498,Freedom First Society,FREEDOM FIRST SOCIETY,≤100
108976558723539,juliamintz,These ads ran without a disclaimer,≤100
49421708941,Americans for Limited Government,AMERICANS FOR LIMITED GOVERNMENT IN,≤100
103047259150209,What I Want to Know with Kevin P. Chavous,"Stride, Inc.",≤100
109366181861530,President Trump is My Wingman,Jason Donald Robertson,≤100
710460605705480,Dugit Outreach Center,Dugit Messianic Outreach Center,≤100
542968069983885,HappeningNow,HappeningNow America,≤100
105060269781,Premiere Collectibles,"Premiere Marketing, Inc.",≤100
103433804692809,Law Offices of James S. Hong & Associates,Law Offices of James S. Hong,≤100
103328515934791,Take Back 2024,The Blue State Conservative,≤100
237477017606,Club for Growth,"CLUB FOR GROWTH, INC",≤100
101350839190816,Macro Conservative,Macro Conservative,≤100
15503839732,Peter G. Peterson Foundation,Peter G. Peterson Foundation,≤100
302111635698,National Association of Tax Professionals (NATP),National Association of Tax Professionals,≤100
101586078357081,Peter Demos,Peter Demos,≤100
186108419168,SEIU Local 503,These ads ran without a disclaimer,≤100
1917715138510680,Follow Your Legend,These ads ran without a disclaimer,≤100
110740242303537,CAVU,Climate Advocates Voces Unidas,≤100
513695272011123,The Genesis Prize,These ads ran without a disclaimer,≤100
102230249080409,Freedom First,Jason Donald Robertson,≤100
110863931866111,VA Loves RX Savings,VA Loves RX Savings,≤100
100388729554147,COL Fashion,Culture of Life,≤100
109475211795252,Freedom From The Press,Michael Scott Hughes,≤100
100710759119069,Blue Planet Ecosystem,Blue Planet Ecosystem,≤100
1401751556610553,Political Civilian,Jason Byrd Marshall,≤100
104428082436941,"Cheryl Boggs Savage, CPA",These ads ran without a disclaimer,≤100
100184235633007,Summit Carbon Solutions,"Summit Carbon Solutions, LLC",≤100
112608961563185,Revival Foundation DC,These ads ran without a disclaimer,≤100
278052172260101,ZERO TO THREE,ZERO TO THREE,≤100
107356708329311,Conservative News Stories,William Gordan Tanner,≤100
1448985902033866,Trans Lifeline,Trans Lifeline,≤100
107925603976843,Protect App-Based Drivers and Services,Protect App-Based Drivers and Services,≤100
87377228013,Side with Love,UNITARIAN UNIVERSALIST ASSOCIATION,≤100
100221986153813,Lou's Daily News,Michael Scott Hughes,≤100
108433238844,CWEB,CWEB Inc.,≤100
75774105475,Knights of Columbus,Knights of Columbus,≤100
127691390582,PHI,"PARAPROFESSIONAL HEALTHCARE INSTITUTE, INC.",≤100
217187838327836,The Story Exchange,These ads ran without a disclaimer,≤100
101930385197156,Alianza Center,"Alianza Center, Inc.",≤100
110599253866889,Millenna,These ads ran without a disclaimer,≤100
216052228433696,Arcus Foundation LGBTQ Social Justice,ARCUS FOUNDATION,≤100
482100658584410,We Stand For Energy,"EDISON ELECTRIC INSTITUTE, INC.",≤100
109284291894484,American News Stories,William Gordan Tanner,≤100
401240226922554,VoLo Foundation,VoLo Foundation,≤100
150322194563,PASA Primates: Pan African Sanctuary Alliance,PAN AFRICAN SANCTUARIES ALLIANCE,≤100
101862302669563,Time Traveler Daily,These ads ran without a disclaimer,≤100
2168484930102843,EJ Moonshot,EJ Creations LLC,≤100
221304365015968,Dave Min,Dave Min for Congress,≤100
117214891638398,Street Grace,Street Grace Inc,≤100
123651254408327,Sokolove Law,"Sokolove Law, LLC",≤100
1411285435844582,Larry O'Connor,These ads ran without a disclaimer,≤100
207833736045744,MHAction.org,Patrick R. McHugh,≤100
103517308361597,TakeCharge,Take Charge Minnesota,≤100
109035554162766,Mountain State Spotlight,Mountain State Spotlight,≤100
100531111356806,Vermont Midwives,These ads ran without a disclaimer,≤100
2133130356918764,Common Justice,These ads ran without a disclaimer,≤100
36085812354,Rainforest Foundation US,"Rainforest Foundation, Inc.",≤100
40201530406,American Society of the University of Haifa,These ads ran without a disclaimer,≤100
103452279103881,Ambassador Gordon Sondland,Gilbert Lunsford Jr Eugene,≤100
69717994787,buildOn,BUILDON INC,≤100
895720774159876,Colquitt County Republican Party,Republican Party Colquitt County,≤100
747783932079184,Jared Golden for Congress,COMMITTEE TO ELECT JARED GOLDEN,≤100
101581329115492,Freedom Street,Jason Donald Robertson,≤100
507364706137445,Cinema Vixens,These ads ran without a disclaimer,≤100
101466816025710,Renew Healthcare,Quantum Digital Media Inc.,≤100
210214622426593,Nexus Family Healing,NEXUS,≤100
1947525322184514,One Fair Wage,One Fair Wage,≤100
102089412666187,Jessie Fuentes for 26th Ward,Friends of Jessie Fuentes,≤100
47271809641,"NAADAC, The Association for Addiction Professionals",These ads ran without a disclaimer,≤100
568103006940639,Law Office of Gary J. Kim,Law Offices of Gary J. Kim,≤100
43853729859,Campaigns & Elections,Political World Communications,≤100
104355145867842,"Yes on Z: Great Teachers, Great Orinda Schools",Orinda Community for Excellent Schools Yes on Z,≤100
107860711464664,The Wrongful Death Krause Law Firm,These ads ran without a disclaimer,≤100
273546779885377,The Gallant Pelham,"delupton, LLC",≤100
76523801829,the Christian Century,CHRISTIAN CENTURY,≤100
102590994772178,Social Democratic Advocacy,Steven J. Schwartzberg,≤100
246633904835,First Unitarian Society of Milwaukee,FIRST UNITARIAN SOCIETY OF,≤100
103210743084765,Resonate,Resonate,≤100
105603738757049,Johnny Nash Coach,These ads ran without a disclaimer,≤100
30866133883,Alaska Wilderness League,ALASKA WILDERNESS LEAGUE,≤100
103381269276717,Votedog2024,Votedog2024,≤100
101312698628642,Ryan Samuels,Ryan Francis Samuels,≤100
121169024623329,"Ho-Chunk, Inc.","Ho-Chunk, Inc.",≤100
100182009621651,Animals of Ukraine - Searching for Nika,Howard and Cooper Consulting,≤100
263311807031163,Sasha Issenberg,EmmKay Media,≤100
1731458707172809,Charters for Change,Elevate Chicago,≤100
103426858855557,Eyes That Speak by Christy Bowe,Gilbert Lunsford Jr Eugene,≤100
100983515068287,"Justice For Greenwood Foundation, Inc.",Justice for Greenwood Foundation Inc,≤100
165674110118949,Clearing out the Clutter,Colin D Moore,≤100
96286403078,iHeartDogs.com,HomeLife Media,≤100
81755908577,Kids in Need of Defense (KIND),"KIND, Inc.",≤100
340586163073586,Physicians for Peace,These ads ran without a disclaimer,≤100
206485832704556,Greg Coleman,Greg Coleman,≤100
106050588962760,Citizens for Better Government,Citizens for Better Government,≤100
183484875153093,Kim Monson Show,The Kim Monson Show,≤100
594519783957655,Citizens for National Security,Citizens For National Security,≤100
101437432582765,The Center for Infrastructure and Economic Development,Center for Infrastructure and Economic Development Inc.,≤100
103530021364583,Carolina Forward,North Carolina Forward,≤100
182034571982073,Dade Phelan,Texans for Dade,≤100
1985495251734981,SilverDisobedience,These ads ran without a disclaimer,≤100
108748565833974,Purpose,These ads ran without a disclaimer,≤100
111383335138736,Project Peace,These ads ran without a disclaimer,≤100
2099448153445994,Students for Life Action,Students for Life Action,≤100
111904024679959,Bold Majority,BOLD MAJORITY PAC,≤100
110589583842808,Union Built Matters NYC,Union Built Matters,≤100
116898501727,Southeast Alaska Conservation Council,SOUTHEAST ALASKA CONSERVATION COUNCIL,≤100
155131494544162,"Center for the Study of White American Culture, Inc.",CENTER FOR THE STUDY OF WHITE AMERICAN CULTURE,≤100
171524666565192,Dave Stauffer for Governor,David William Stauffer,≤100
119216091518705,Protect The Harvest,Karen Elizabeth Glueck,≤100
1571401929773000,North County  Climate Change Alliance,North County Climate Change Alliance,≤100
1720878078241107,Conservative Move,Conservative Move,≤100
102610995908048,Dave for Lawrence,Committee to Elect Dave Hofmann,≤100
485754644838324,Lane County Tribune,Lane County Tribune,≤100
102206138812141,fineartandfilmphotography,These ads ran without a disclaimer,≤100
106911965205389,Buy American - Promoting Patriotic Entrepreneurial Enterprises,These ads ran without a disclaimer,≤100
239658882763974,Poverty USA by CCHD,UNITED STATES CONFERENCE OF CATHOLIC BISHOPS,≤100
114456680428182,SAGE,Seafood and Gender Equality (SAGE),≤100
227535924071462,Animal Petitions,AnimalPetitions.org,≤100
357437191346226,Moss Amigos,These ads ran without a disclaimer,≤100
109715331987710,Prue for Lake Forest,Prue for Lake Forest,≤100
85494514323,Urban League of Portland,Urban League of Portland,≤100
701541503526361,Arizona Leadership Coalition,Arizona Leadership Coalition,≤100
107931151953032,Kodie Kulp,Wesley Allen,≤100
273223673607541,Sandy Springs Together,Sandy Springs Together,≤100
947923195389503,America's Police Problem,These ads ran without a disclaimer,≤100
254943996005,Catholic Answers,"CATHOLIC ANSWERS, INC.",≤100
117165741681229,International Crane Foundation,"INTERNATIONAL CRANE FOUNDATION, INC.",≤100
111356178360456,charleswinfrey,These ads ran without a disclaimer,≤100
214023138992973,Norwich Democratic Town Committee,Norwich DTC,≤100
112912573793125,Rise Up for Justice,Avrom L Altman,≤100
106341454506321,The Bull Moose Party,The Bull Moose Party,≤100
124383441363,Connecticut Education Association (CEA),CONNECTICUT EDUCATION ASSOCIATION,≤100
102546979162526,Clean4Change,These ads ran without a disclaimer,≤100
435909303267897,Keller Williams Brazos West,These ads ran without a disclaimer,≤100
2332258203674043,The PAS Report Podcast,The P.A.S. Report,≤100
103929304678916,Voter Action Project,Integrity First Voter Action Project,≤100
1522379728063829,Healthy World for All,RESOURCES LEGACY FUND,≤100
270826723039149,The Coalition to Protect Americas National Parks,"COALITION OF NATIONAL PARK SERVICE RETIREES, INC.",≤100
178700205665083,FamilyLife Blended,CAMPUS CRUSADE FOR CHRIST INC,≤100
64379487984,Pacific Crest Trail Association,These ads ran without a disclaimer,≤100
113026817019341,Steve Connally's Brain,Steve Connally's Brain,≤100
100124709108034,Patriot One News,Matt Clark Agency,≤100
1696666367022058,Vogelsberg Family Farm,These ads ran without a disclaimer,≤100
111044621745187,Liberty News,William Gordan Tanner,≤100
821270901576307,Donald Rabin,These ads ran without a disclaimer,≤100
64206021703,National Committee to Preserve Social Security and Medicare,NATIONAL COMMITTE TO PRESERVE SOCIAL SECURITY AND MEDICARE,≤100
101239962270235,Bright Future Iowa,Bright Future Iowa,≤100
143981748956175,Rural Assembly,Rural Assembly,≤100
26615719245,Grand Canyon University,These ads ran without a disclaimer,≤100
1741377942853471,Chad Robichaux,Chad Robichaux,≤100
223922031074790,The Abortion Survivors Network,The Abortion Survivors Network,≤100
512954815727434,Jake Ellzey,JAKE ELLZEY FOR CONGRESS,≤100
441142729631260,City Education Partners,These ads ran without a disclaimer,≤100
70795936969,Children International,CHILDREN INTERNATIONAL,≤100
6808755897,Governing,e.Republic,≤100
109301861521313,ezytruth,These ads ran without a disclaimer,≤100
825585334287986,PlunderAlert,PlunderAlert Media,≤100
101665778592815,vantagepointzine,These ads ran without a disclaimer,≤100
109315562012057,Wiser,These ads ran without a disclaimer,≤100
108731481660153,Raised by Wolves Trapped by Demons,These ads ran without a disclaimer,≤100
115489644380953,Build Your Teaching Toolbox,Pubvendo LLC,≤100
110131728634055,Taylor Flights,These ads ran without a disclaimer,≤100
1048615641958846,Carlos For Phoenix,Carlos for Phoenix,≤100
105106032343533,Make It Possible Ukraine,These ads ran without a disclaimer,≤100
119388253264855,Tocqueville Lecture Series,Benjamin Isaak Gross,≤100
109374912424067,Drew McKissick,DrewMcKissick.com,≤100
1570082353262795,YIMBY Action,YIMBY ACTION,≤100
146918864568,Illinois Farm Bureau,ILLINOIS AGRICULTURAL ASSOCIATION,≤100
100886506017618,Lee Runyon for CCSD School Board,Lee Runyon for School Board,≤100
1835838916635491,Transamerica Institute,Transamerica Center for Health Studies,≤100
461530314600399,Common Sense American Politics,Common Sense American Politics,≤100
111833201704,Faith and Freedom Coalition,Faith & Freedom Coalition,≤100
103236092537897,Rosa Hernandez 4 Joliet City Council District 4,FRIENDS OF ROSA HERNANDEZ,≤100
452797224923658,The Democratic Coalition,THE DEMOCRATIC COALITION,≤100
1560286300899883,Diabetes Patient Advocacy Coalition,Diabetes Patient Advocacy Coalition,≤100
108310235885897,Haymarket Books,"CENTER FOR ECONOMIC RESEARCH AND SOCIAL CHANGE, INC. THE",≤100
102596355656379,Red Wave News Updates,Michael Scott Hughes,≤100
181020618678789,Alliance For Global Justice,Alliance for Global Justice,≤100
649662278486235,Stand For Trees,Stand For Trees,≤100
262164587131475,Free martial arts material for your own local school teachers to use,Ryan Gilbert,≤100
2007361039550045,"Center for Free, Fair, and Accountable Democracy","CENTER FOR FREE, FAIR, AND ACCOUNTABLE DEMOCRACY, INC.",≤100
487569614682924,CAPP USA,Yellow Line Productions LLC,≤100
109866370700481,PushBlack Finance,PushBlack,≤100
187713745097888,Save the Alamo,Save The Alamo Committee,≤100
488740674837681,198 Methods,198 methods,≤100
138434734461,CIIS Public Programs,CIIS Public Programs,≤100
107096751429673,Animal Post,These ads ran without a disclaimer,≤100
101194839412257,The Golden Apple,These ads ran without a disclaimer,≤100
368757963825913,WasteFuel,These ads ran without a disclaimer,≤100
940653386126953,StandingWithYou.org,Standingwithyou.org,≤100
104521238896557,June Marie Paintings,June-Marie Paintings,≤100
113205131621824,WorldOrder.News,WorldOrder.News,≤100
101204378825808,Fight the Right,FIGHT THE RIGHT PAC,≤100
173470656019870,The Daily Yonder,CENTER FOR RURAL STRATEGIES,≤100
1777236479188438,Ducati James,These ads ran without a disclaimer,≤100
106568024842114,Rideshare Assault Support,Injury Match,≤100
154714174937798,Feraz Shere Comedy,These ads ran without a disclaimer,≤100
348104422491159,UNDIVIDED,UNDIVIDED,≤100
110094158160834,The American Tribune,Michael Scott Hughes,≤100
1398382023729397,Military Money,These ads ran without a disclaimer,≤100
153053601847518,Lakeshore Human Trafficking Task Force,These ads ran without a disclaimer,≤100
1599237673639735,Change Media Group,Change Media Group,≤100
100200322106641,The Greenish Gal,These ads ran without a disclaimer,≤100
100273805531723,New Pennsylvania Project,New Pennsylvania Project,≤100
392189600337,Minnesota Nurses Association,Minnesota Nurses Association,≤100
1663301430650007,Michael Kimelman,"Dekryption, LLC",≤100
109729861699329,Speak4,Speak4,≤100
102479562756911,racheledennis_,These ads ran without a disclaimer,≤100
186475038061809,Our Children's Trust,Our Children's Trust,≤100
139835646030666,Alliance for Aviation Across America,Alliance for Aviation Across America,≤100
1105465366182386,SheNYC Arts,These ads ran without a disclaimer,≤100
502969216761221,Common Sense Civics and Citizenship,Candace Donnelly,≤100
1550724111880347,HEAL California,California OneCare Education Fund,≤100
131664893560695,Origins OSU,Origins: Current Events in Historical Perspective,≤100
276076196388914,Coffee & Pan Dulce Show,Coffee & Pan Dulce Show,≤100
312870062895448,StateThugs,StateThugs.com,≤100
100117949519460,Nathan Steele for City Council,Committee to Elect Nathan Steele Seal Beach City Council 2022,≤100
106986341085385,MLE Of The Maury Seldin LLC,MLE Of The Maury Seldin LLC,≤100
169710960125365,Curzio Research,Curzio Research,≤100
107726137669311,B3K Prosperity,B3K Prosperity,≤100
224837426560,CONTRA COSTA SHERIFF-OFFICIAL PAGE,Bonneville International,≤100
110322138238412,Back the Blue Line,Front Line Support Inc.,≤100
296451777564823,Indiana Environmental Reporter,Indiana Environmental Reporter,≤100
1406149713044974,Intellectual Judaism,Intellectual Judaism,≤100
103739957866477,Zinc8 Energy Solutions,"Vorticom, Inc.",≤100
108108121456950,Blue States PAC,BLUE STATES PAC,≤100
108966404699566,Free For ALL Podcast,Michael D Mccoy,≤100
50714237985,The Rutherford Institute,RUTHERFORD INSTITUTE,≤100
43546142126,Fresh Energy,FRESH ENERGY,≤100
140656126182,Emerson Commercial and Residential Solutions,These ads ran without a disclaimer,≤100
320948257943554,Бостонский Кругозор,"Krugozor, Inc.",≤100
37442103053,ACLU of New Jersey,AMERICAN CIVIL LIBERTIES UNION OF NJ,≤100
102252122442327,House On Fire,The CLEO Institute,≤100
128595617222254,Arcus Foundation - Great Ape Conservation,ARCUS FOUNDATION,≤100
64974200999,America-Israel Friendship League,AMERICA-ISRAEL FRIENDSHIP LEAGUE,≤100
101867739487775,thickbluepigs,These ads ran without a disclaimer,≤100
104223804734775,Freedom Virginia,Freedom Virginia,≤100
227594571444676,Building New York's Best,Carpenter Contractor Alliance of Metropolitan New York,≤100
106183578625233,"Mara O'Reilly, Author",These ads ran without a disclaimer,≤100
2310488009211056,Poder Latinx,Poder Latinx,≤100
107326878275017,National Pretrial,National Pretrial,≤100
307930162724,California Faculty Association,California Faculty Association,≤100
108626754131982,I AM FUSE,These ads ran without a disclaimer,≤100
1439168163008159,Dominicanos USA,DOMINICANOS USA INC NY,≤100
1353722684643583,EPF Media,EPF Media,≤100
103463984649960,Capitalism versus Socialism:  What Does the Bible Have to Say?,Cynthia Ellen Simpson,≤100
1954170404845663,FountainHead RI,FOUNTAINHEAD RI,≤100
101080822634195,Fix It Films,Fix It Healthcare,≤100
147523538641547,Capitol Ministries,CAPITOL MINISTRIES,≤100
177847632262220,"The City of Whitehall, Ohio",These ads ran without a disclaimer,≤100
222539451627775,The Graceful Goose,The Graceful Goose,≤100
968643809909024,Mubariz Mansimov,These ads ran without a disclaimer,≤100
338218229911752,Integrity First PAC,INTEGRITY FIRST PAC,≤100
105279281915002,Truevisa,These ads ran without a disclaimer,≤100
795162290631372,Citrus Pregnancy Center,LIFE CHOICE CARE CENTER INC,≤100
343354946094632,Our Labrador Puppies Love You Too,These ads ran without a disclaimer,≤100
46347342434,EMILY's List,EMILY'S LIST,≤100
1832888600167903,JD for Arlington,JD for Arlington,≤100
126815818975,Global Fund for Children,These ads ran without a disclaimer,≤100
149948038378989,Congregation Beit Simchat Torah - CBST,Congregation Beit Simchat Torah (CBST),≤100
108292944333886,"Julia Sullivan, Author",Julia E. Sullivan,≤100
240425642652222,South Florida Wildlands Association,South Florida Wildlands Association,≤100
110981884065996,Abortion Finder,Power to Decide,≤100
73234973898,Stages,Stages,≤100
122531741163825,American Liver Foundation,AMERICAN LIVER FOUNDATION,≤100
105155545186714,Friends of Orono,Friends of Orono,≤100
411566892619897,Shaking Up Science,David Toby Nabhan,≤100
150127528352944,Food Integrity Campaign,GOVERNMENT ACCOUNTABILITY PROJECT INC,≤100
349528025129958,"Brevard County Sheriff's Office, Florida (Official)",Robert Wayne Ivey,≤100
105451942439465,Sabina Covo for Miami,"Sabina Covo, Non-partisan, for City of Miami Commissioner, District 2",≤100
7292655492,MoveOn,MOVEON.ORG CIVIC ACTION,≤100
2108143819304923,Mark Eleven Ministries,These ads ran without a disclaimer,≤100
674182529399211,Gun Owners Radio,Gun Owners Media LLC,≤100
7361892567,Born Free USA,"BORN FREE USA, UNITED WITH ANIMAL PROTECTION INSTITUTE",≤100
81517275796,UNICEF USA,These ads ran without a disclaimer,≤100
67198072267,Michigan Capitol Confidential,Michigan Capitol Confidential,≤100
1191336950894416,City of Carlsbad NM Government,Social Media Manager,≤100
2378016112272660,Elect John Patrick Burke For  District No. 114 School Board,These ads ran without a disclaimer,≤100
103960045072939,Little Treasures,These ads ran without a disclaimer,≤100
328042268580226,Stories of Antisemitism,Stories Of Antisemitism,≤100
116572901313252,Friends of Bill Ritter for District 119 Georgia House,Friends of Bill Ritter,≤100
789675921090841,Brookhaven Town Democratic Committee,BROOKHAVEN DEMOCRATIC COMMITTEE,≤100
108917120626227,Lori Cole,These ads ran without a disclaimer,≤100
489179047956298,Allwork.Space,These ads ran without a disclaimer,≤100
105239511089757,Inmigrantes al Día,Inmigrantes al Dia,≤100
64468870451,Premiere Speakers Bureau,Premiere Speakers Bureau,≤100
103974389650244,Amenders for Federal Spending Control,Mark Albert Meier,≤100
101686835011266,HIRE OC,H.I.R.E.,≤100
109068551731974,Sillychillly,Marc Alan Goldstein,≤100
127668823933246,The NewDEAL,NEWDEAL,≤100
644308565682800,Tanya Acker,Tanya Marie Acker,≤100
108775318620622,Timmy Knudsen for 43rd Ward Alderman,Friends of Timmy Knudsen,≤100
101541668799519,Huffines Liberty Foundation,Huffines Liberty Foundation,≤100
254199237944073,Elijah Rising,ELIJAH RISING,≤100
53170434568,Jennifer Strickland - Author,These ads ran without a disclaimer,≤100
451075468389015,Donald Trump Is My President,Donald Trump Is My President,≤100
1585997541686294,The Ministry Collaborative,These ads ran without a disclaimer,≤100
108231585322003,v.o.d.v,These ads ran without a disclaimer,≤100
38812906703,United Friends of the Children,United Friends of the Children,≤100
100913694925880,"Akalan Law Firm, PLLC","Akalan Law Firm, PLLC",≤100
39197138659,ACLU of New Mexico,ACLU of New Mexico,≤100
225902781414,William Gheen President of Americans for Legal Immigration,AMERICANS FOR LEGAL IMMIGRATION PAC,≤100
102167798156728,Southern Crossroads-fight4thesouth,These ads ran without a disclaimer,≤100
102590976067142,Rep. Greg Landsman,Representative Greg Landsman,≤100
14960614435,Ben Jealous,Gilbert Lunsford Jr Eugene,≤100
133753583953215,American History in 90 Minutes - The Common-Sense Guide to U.S. History,American History in 90 Minutes,≤100
102356589314098,Political Comms,Political Comms LLC,≤100
115130094783303,Lior Halabi for Miami,Lior Halabi for City of Miami Commissioner District 2,≤100
2366527573570929,No-Nonsense Round Table,Dominic P Genova,≤100
1165122570296957,Phoenix Zones Initiative,Phoenix Zones Initiative,≤100
106333152164020,United24 Media,These ads ran without a disclaimer,≤100
108177661726762,Brennan for Ohio,Friends of Sean Brennan,≤100
107410302672363,The New Internet Union of American Citizens,These ads ran without a disclaimer,≤100
108380923919757,Health Insurance Hero,Health Insurance Hero,≤100
607339103061292,Jody Owens Hinds County District Attorney,Friends of Jody Owens,≤100
694340911004154,Americans for Intelligence Reform,Americans for Intelligence Reform,≤100
364773250335035,UpVote Virginia,OneVirginia2021,≤100
407848989230502,The Rational Middle,"Rational Middle Media Group, LLC",≤100
616079045236845,tallyED,tallyED.com,≤100
1883837055193241,Shield Republic,Shield Republic,≤100
448720325467547,Citizens for a New Louisiana,Citizens for a New Louisiana,≤100
127782553911646,Clean Slate L.A. since 1995,These ads ran without a disclaimer,≤100
91396988467,Republican Party of Texas,Republican Party of Texas,≤100
105042002480669,Kim Flights,These ads ran without a disclaimer,≤100
103747761393271,Lootpress,Lootpress,≤100
105280684938489,KnowledgeVerse,These ads ran without a disclaimer,≤100
73970658023,International Rescue Committee,International Rescue Committee,≤100
249789687311,Virginia Senate Republican Caucus,Virginia Senate Republican Caucus,≤100
374239806353908,The Floridian,Javier Fabian Manjarres,≤100
103101089208810,Fyffes North America,These ads ran without a disclaimer,≤100
105495775564367,President Trump Updates,Logan Thomas Corson,≤100
102262718547519,Crazy Uncle Gil,Gilbert Cuevas,≤100
2165441450136848,"Issues with Mail Order Pharmacy, Corporate Retail Pharmacy, & PBMs",Unite For Safe Medications,≤100
407767916003589,U.S. Representative John Carter,Office of U.S. Representative John Carter,≤100
104410901443966,Walde Immigration Law Group,These ads ran without a disclaimer,≤100
13187955196,Young Americans for Liberty,Young Americans for Liberty,≤100
110068881944540,Clarence Cox for Sheriff,Friends of Clarence Cox,≤100
306480006853271,Political-Paige.com BLOG,Political-Paige.com,≤100
105990415642100,DeSantis Supporters,Logan Thomas Corson,≤100
102589746451856,American Black Journal,DETROIT EDUCATIONAL TELEVISION FOUNDATION,≤100
109444365364161,forusbmchpodcast,These ads ran without a disclaimer,≤100
189764987822613,Arcane Treasures Antique Store WWII Items And Other Oddities,Christopher Jarom Vitrano,≤100
105371502336242,乌克兰.ua,These ads ran without a disclaimer,≤100
380021175430237,Jaimie Casting,These ads ran without a disclaimer,≤100
231149424460133,End It For Good,"END IT FOR GOOD, INC.",≤100
114107827007996,We The Babes,These ads ran without a disclaimer,≤100
111595864923192,Aasi Tahir Siddique,These ads ran without a disclaimer,≤100
336080733106545,Moving Traditions,These ads ran without a disclaimer,≤100
925385500863433,Cuenca Escoge la Vida,These ads ran without a disclaimer,≤100
105146514184166,RISE INDY,RISE INDY PAC,≤100
99050726344,Phillips Theological Seminary,PHILLIPS THEOLOGICAL SEMINARY,≤100
104763894906181,Friends of Joseph Patrick Murphy,Friends of Joseph Patrick Murphy,≤100
148553178567450,Geoffrey Stein,Geoffrey E Stein,≤100
245152275619372,FloridaPolitics,Florida Politics,≤100
110027621830665,Let's Talk Oconee SC,Let's Talk Oconee SC,≤100
101305185887434,Foundations Podcast,Feet on the Rock Ministries,≤100
222308671116355,International Higher Education Teaching and Learning Association,THE HETL ASSOCIATION INC,≤100
118635175464489,uPolitics,"Uinterview, Inc.",≤100
115185441989498,The END Fund,These ads ran without a disclaimer,≤100
1138048899572104,Ja'Mal Green,Go Green Chicago,≤100
967202300143592,Wilson for Milton City Council,William James Wilson,≤100
7427054686,Secular Student Alliance,SECULAR STUDENT ALLIANCE,≤100
109477905406,Presbyterian Historical Society,These ads ran without a disclaimer,≤100
1719000921660893,Sabrina Cervantes,Sabrina Cervantes or State Senate 2024,≤100
103375147141543,Pet Food Institute,These ads ran without a disclaimer,≤100
38236386996,LSU Press,LSU Press,≤100
122453784481824,Common Conversations,F5 Enterprises LLC / Common Convo,≤100
133913826633461,Grassroot Institute of Hawaii,Grassroot Institute of Hawaii,≤100
249467225254927,The Love > hate Project,LOVE GREATER THAN HATE PROJECT,≤100
105956417942173,New Lines Magazine,These ads ran without a disclaimer,≤100
113021193721279,Austin Jnr.,These ads ran without a disclaimer,≤100
112022491619318,American Apex News,Logan Thomas Corson,≤100
1269485653192452,Tombstone2,Mohammed Nasir Razavi,≤100
105148578683703,Kyle Rittenhouse,AAF Nation,≤100
370345423898,Alaska Children's Trust,Alaska Children's Trust,≤100
383095491885484,Vice Mayor Anna Hochkammer,Anna Marsh Hochkammer,≤100
109575145733890,McGuireWoods Consulting,McGuireWoods Consulting LLC,≤100
112364384923739,"McCaskill for Mayor Harvey, IL 60426",Friends of Anthony L McCaskill,≤100
114209360263932,On Point with Rachel Tourgeman,Rachel Tourgeman,≤100
113105891613524,Chris Hansen for Denver Mayor,Chris Hansen for Denver Mayor,≤100
107108605548895,alternativescents,These ads ran without a disclaimer,≤100
102853997775336,Agriculture Fairness Alliance,These ads ran without a disclaimer,≤100
106318047674762,Liz Terwilliger for Congress,Liz Terwilliger for Congress,≤100
431409220394183,The Ward 8 Democrats,"Ward Eight Democrats, Inc",≤100
141395226689,New York State Nurses Association,"NEW YORK STATE NURSES ASSOCIATION, THE",≤100
148942695133440,Northern Plains Resource Council,NORTHERN PLAINS RESOURCE COUNCIL,≤100
102762964438534,Prince Rav Yisrael For Sparta,Anayah Yisrael,≤100
349702751902673,Hereditary Angioedema Association - HAEA,HEREDITARY ANGIOEDEMA ASSOCIATION INC.,≤100
100452896296884,Тэнгэрлэг Монгол ТББ,These ads ran without a disclaimer,≤100
2369781080013718,Latino Business Foundation Silicon Valley,Latino Business Foundation Silicon Valley,≤100
116374041727027,A New Leaf,"A NEW LEAF, INC.",≤100
104821105571303,Danny Becton for Duval County Property Appraiser,"Danny Becton, Republican, for Duval County Property Appraiser",≤100
86711894400,National Write Your Congressman,National Write Your Congressman,≤100
573754499311393,Blacmail by Alfred's Laundry,These ads ran without a disclaimer,≤100
115996151753600,JC Flores,These ads ran without a disclaimer,≤100
104180078580494,TheBlack.Blog,These ads ran without a disclaimer,≤100
107418177702609,Middle America News,Logan Thomas Corson,≤100
100416560012896,Friends of the Everglades,FRIENDS OF THE EVERGLADES INC,≤100
286224862049910,Salim Adofo,Salim Kwabena Thandiwe Adofo,≤100
104008028792357,somoscryptomx,These ads ran without a disclaimer,≤100
114122204908922,Eddy Leal for Miami City Commission,Eddy Leal Campaign,≤100
302103665493,Catholic Charities of New York,Catholic Charities Archdiocese of New York,≤100
384422538296426,United Palestinian Appeal - UPA,These ads ran without a disclaimer,≤100
101685826153703,cglamberttx,These ads ran without a disclaimer,≤100
164223783681838,Tax Talk Today,"Tax Talk Today, Inc.",≤100
104194792041279,CALSTART,CALSTART,≤100
116945211276055,Make America Florida,Logan Thomas Corson,≤100
103312611558643,Artful Eye Art,These ads ran without a disclaimer,≤100
513785465632396,Airline Passengers for Justice,Airline Passengers for Justice,≤100
311536622860495,SoCal Daily Pulse,SoCal Daily Pulse,≤100
104966605818589,Ross Bradley for Mayor - Coal City,These ads ran without a disclaimer,≤100
109866391899613,Raul Arias for City Council,Raul Arias for City Council,≤100
100119154666844,Zonta USA,Zonta USA Caucus,≤100
1505244559517282,Colin Allred,COLIN ALLRED FOR CONGRESS,≤100
263527537245,Minnesota Governor's Council on Developmental Disabilities,Minnesota Governor's Council on Developmental Disabilities,≤100
216450198936493,IOOV,These ads ran without a disclaimer,≤100
173044876043386,Safe Voices,SAFE VOICES,≤100
773432316041673,Calvary South Austin,Calvary South Austin,≤100
269908037561,Missourians for Alternatives to the Death Penalty,Missourians to Abolish the Death Penalty,≤100
168750253143800,Maya's Hope,These ads ran without a disclaimer,≤100
109310697497002,NEGRO DIGEST,NEGRO DIGEST Magazine LLC,≤100
106628728999981,Word Flow,These ads ran without a disclaimer,≤100
103359502599992,DailyFox,These ads ran without a disclaimer,≤100
251512801547984,Ken King,Ken King for State Representative,≤100
265422574342229,Life Equip Global,Life Equip Global,≤100
188441263945,Laboratory to Combat Human Trafficking,LCHT,≤100
503153973388666,W. Michael Galliher for Roanoke County Circuit Court Clerk,Supporters of Galliher for Clerk,≤100
1066964296683830,City of Webster Groves,City of Webster Groves,≤100
106975552282282,Turtle Timeline,These ads ran without a disclaimer,≤100
100865866147721,Will Lahnen for City Council,Will Lahnen Campaign,≤100
74593887556,Miami's Community Newspapers,Miami's Community Newspapers,≤100
67047720896,Extraordinary Women Ministries,"AMERICAN ASSOCIATION OF CHRISTIAN COUNSELORS, INC.",≤100
106095601125529,"Reaching Everyone In Distress Foundation, Inc.",Reaching Everyone in Distress Foundation Inc.,≤100
123410814394512,Gun Facts,Gun Facts,≤100
169840807024913,Jobob,The Jobob Show,≤100
101300702479788,Pius Sunday Igwe,These ads ran without a disclaimer,≤100
108675175331506,the_viewers_perspective,These ads ran without a disclaimer,≤100
100797709292591,Citizens Weekly News,These ads ran without a disclaimer,≤100
319549428716940,Maria Luisa Lima,These ads ran without a disclaimer,≤100
112266108375631,Healthy Natural People,These ads ran without a disclaimer,≤100
172802309398509,European Jewish Congress,These ads ran without a disclaimer,≤100
112045878458662,Security Media Wire,These ads ran without a disclaimer,≤100
106288965221910,rasmorawaj,These ads ran without a disclaimer,≤100