﻿Page ID,Page name,Disclaimer,Amount spent (USD),Number of ads in Library
241937172952527,Centro ASDT,Gilson Alves,≤100,5
200480966638039,Supremacy 1914,These ads ran without a disclaimer,≤100,2
565225540184937,CGTN,These ads ran without a disclaimer,≤100,1
110463704610731,Cute Kiwi,These ads ran without a disclaimer,≤100,1
115393638502087,CPHI,These ads ran without a disclaimer,≤100,1
101289218907718,Web News,These ads ran without a disclaimer,≤100,1
1767096530199949,Zhejiang University,These ads ran without a disclaimer,≤100,1