﻿Page ID,Page name,Disclaimer,Amount spent (USD)
293384094915450,جريدة الحراك الإخباري,جريدة الحراك الإخباري,≤100
606117676714191,Yoyoasema,These ads ran without a disclaimer,≤100
127757937250301,German Information Centre Arab World - المركز الألماني للإعلام,These ads ran without a disclaimer,≤100
274017972795375,Algerie 24,aljazair24,≤100
107410862226340,Make Africa Great Again,These ads ran without a disclaimer,≤100
111881955207831,Algerie patriot,Algerie patriot,≤100
287842647957979,EU International Partnerships,These ads ran without a disclaimer,≤100
405379246524515,DHL Express,These ads ran without a disclaimer,≤100