﻿Page ID,Page name,Disclaimer,Amount spent (IDR)
101350709331663,Golkar 2024,Yayasan Golkar Institut SPKP,1078952
23383061178,Prabowo Subianto,indonesia Adil makmur,150011
104054595928021,Bakti Untuk Rakyat,Bakti Untuk Rakyat,127965
101648362613609,GP Sulawesi Tengah,Ganjar Nusantara Indonesia,106644
333711983956998,Erwin Aksa,Yayasan Golkar Institute SPKP,50031
111864151754055,Esensi TV,Esensi Tv,46223
320858334728047,Partai Solidaritas Indonesia,Partai Solidaritas Indonesia,38290
256838011014355,Partai Gerakan Indonesia Raya (Gerindra),Partai Gerindra,30905
107600565668590,Munafri Arifuddin,Yayasan Golkar Institute,30291
104844282389488,Kelas Digital Marketing,Kelas Digital Marketing,29948
100649018546817,GanjarFans,GanjarFans,14988
101674375744514,Media Cuan,Ipta Apipah,14545
106690092440342,Pemilu KIT,Ramdan Casmara,12467
105903795626960,Ruangcuan.com,Ruangcuan.com,8248
105891854291374,Niaga Digital,These ads ran without a disclaimer,6461
104427162506872,Fakta Anies,Fakta Anies,6344
107451398732660,Teman Dito,Teman Dito,6000
1547369918837496,Zulkifli Hasan,Media Center PAN,5822
103817945830465,Sobat Dito,Sobat Dito,5041
193237974052689,Partai Keadilan Sejahtera,Partai Keadilan Sejahtera,4507
100114991780678,Desain Template Pro,Desain Template Pro,4226
108156498584853,Tetap Puan,Marabunta Family Cyber,3834
105078775340816,Satuan Tugas UU Cipta Kerja,Satuan Tugas UU Cipta Kerja,3731
1165819730216749,Global Ehsan Relief Indonesia,Global Ehsan Relief Indonesia,3558
106919112303644,Jasa Pembuatan Video,Jasa Pembuatan Video,3487
160355148441,Tempo Media,TEMPO,3207
615278595537091,SimCaleg - Aplikasi Pemilihan Legislatif,SimCaleg - Aplikasi Pemilihan Legislatif,3016
39253583478,PDI Perjuangan,PDI Perjuangan,2381
106287625764574,Teman Dito,Barry Eko Lesmana,2326
102060486500863,The Jakarta Post,PT. Bina Media Tenggara,2091
101760624522103,DPP Banteng Muda Indonesia,Farid Wahyudi,2081
197545083607941,Harian Kompas,Harian Kompas,1770
110865154735990,Koran Harian Tanah Air,Muhammad Miftakhunnaim,1586
1620632751542044,Isyana Bagoes Oka,Partai Solidaritas Indonesia,1551
678421075696415,Giring Ganesha,Partai Solidaritas Indonesia,1326
101228692503239,Opini Publik,Opini Publik,1243
756567881057213,Airlangga Hartarto,Airlangga Hartarto,1236
2226767280926469,Puteri Anetta Komarudin,Puteri Anetta Komarudin,1185
582402568517453,Coretan Kehidupan,Coretan Kehidupan,1182
100159712647702,Fakta Anies Baswedan,Fakta Anies Baswedan,1164
116715223517954,YouSee Indonesia,YouSee Indonesia,1104
112417251582480,APEL - Aplikasi Pemenangan Eksekutif & Legislatif,APEL - Aplikasi Pemenangan Eksekutif & Legislatif,1096
104899195891472,Berita Ganjar Pranowo,Ganjar Nusantara Indonesia,1031
104830667806476,Melihat Indonesia,Melihat Indonesia,999
102635291884233,Majalah Tempo,TEMPO,917
108604721871287,Tajuk Politik,Wahyu Surya Sakti,870
102273039070802,Info Terkini,Muhammad Miftakhunnaim,763
40841178757,Elnino Mohi,Elnino Mohamad Husein Mohi,710
102791229290192,Caleg Stater Kit,Caleg Stater Kit,706
1413233442285275,Prabowo Untuk NKRI,Prabowo Untuk NKRI,697
102626198026698,Rika Sudjiman,Juniar Dwi Harianto,656
105078282583947,Rumah Kita Korsel,Ganjar Nusantara Indonesia,611
143840239716746,Indozone.id,PT. INDOZONE MEDIA INDONESIA,600
401192283915,Partai Amanat Nasional - PAN,Partai Amanat Nasional,503
101866128977837,Belajar Pemilu,Muhammad Basir,479
103581752405141,Sobar Harahap,Sobar Harahap,458
312490859193724,mensbatik,Bayu Setayudha,432
110952238516382,Kiki Daliyo,Kiki Daliyo,425
109083348423534,Untuk Rakyat,Muhammad Miftakhunnaim,409
101403669397488,Nikmatul Sugiyarto,Nikmatul Sugiyarto,375
205118303669013,MB star GLOW,These ads ran without a disclaimer,355
102656349157647,Tugimanisme,Tugimanisme,343
118734481202493,Prihati Utami,Dwi Wantoro,317
164800207258203,SUARANTB.com,SUARANTB.com,310
106524371346347,NTBSATU.com,NTBSATU.com,304
103301445622409,Aksi Tanggap Anies,Aksi Tanggap Anies,274
104843487722931,Portal Islam id,Portal Islam ID,244
113611098398764,Persepsi Politik,Firza Arzanda,200
108571334357297,Melangkah Lebih Baik,Muhammad Miftakhunnaim,199
112121101796090,Opini 2024,Opini 2024,191
1848912698750386,JagoanBisnis,These ads ran without a disclaimer,163
366143080610045,Kelas Online Membuat Website,KelasMaster.id,144
110368964786452,Kemajuan Bersama,Muhammad Miftakhunnaim,≤100
110750361762052,Pikiran Rakyat,Pikiran Rakyat,≤100
303339530017265,Huawei For Indonesia,Wonny Nur Rimba Utami,≤100
106004407402000,Cakap Politik,Cakap Politik,≤100
102497641558430,Indonesia Tolak HOAX,Muhammad Miftakhunnaim,≤100
103280568199244,Indonesia Peduli,These ads ran without a disclaimer,≤100
108695584343029,Baik Untuk Kita,Muhammad Miftakhunnaim,≤100
111889308446260,RAFKA gaming,These ads ran without a disclaimer,≤100
100359258525418,Pemulihan Lebih Baik,Muhammad Miftakhunnaim,≤100
115139881566445,Gerald Milhan Nahuway,Gerald Milhan Nahuway,≤100
346013776119179,Kampanye.id,Kampanye.id,≤100
109876928632506,ayootrip,These ads ran without a disclaimer,≤100
114862318264218,Marketing 2024,KelasMaster.id,≤100
109793991710079,Jane Natalia Suryanto,Jane Natalia Suryanto,≤100
158714780827513,UNFPA,These ads ran without a disclaimer,≤100
103092238774307,Sobe Ad Agency,These ads ran without a disclaimer,≤100
112483255125084,Coral Research & Development Accelerator Platform,These ads ran without a disclaimer,≤100