﻿Page ID,Page name,Disclaimer,Amount spent (VND)
101914358044085,Tài Liệu Ôn Thi Viên Chức Giáo Dục,Tài Liệu Ôn Thi Viên Chức Giáo Dục,27757
113020961040716,Hà Giang Tourist,These ads ran without a disclaimer,2384
1507429892822619,BOM Money,BOM Money,772
220770071772729,Tủ Sách Tinh Hoa,These ads ran without a disclaimer,330
154325421671081,Sách online,These ads ran without a disclaimer,≤100
251936570327,Angie Goff,These ads ran without a disclaimer,≤100
106591625684268,Alo Chủ Tướng - Gamota,These ads ran without a disclaimer,≤100