﻿Page ID,Page name,Disclaimer,Amount spent (USD),Number of ads in Library
122393807842447,U.S. Embassy Rangoon,an advertiser in Myanmar,≤100,1
110456411440371,Doh Hlay,an advertiser in Myanmar,≤100,24
2074476209434546,Happy Healthy Myanmar  ပျော်ရွှင်ကျန်းမာ တို့မြန်မာ,an advertiser in Myanmar,≤100,3
1584183878552505,Institute for Strategy and Policy- Myanmar,an advertiser in Myanmar,≤100,1
2159330700767936,Keris Mas - Solo Indonesia ပါတိတ်,These ads ran without a disclaimer,≤100,1
823788047675556,Call of War,These ads ran without a disclaimer,≤100,2
544737289237729,Etovit,These ads ran without a disclaimer,≤100,1
111930026820187,Facia Premium Myanmar,These ads ran without a disclaimer,≤100,1
245146562769360,Zifam Lady,These ads ran without a disclaimer,≤100,1
2074476209434546,Happy Healthy Myanmar  ပျော်ရွှင်ကျန်းမာ တို့မြန်မာ,These ads ran without a disclaimer,≤100,1
110173483815100,"PPEC - Design, Construction & One Stop Renovation Company Limited",These ads ran without a disclaimer,≤100,1
285530825204,Klitschko,These ads ran without a disclaimer,≤100,6
113881200054909,KEY to happiness by Eithu,These ads ran without a disclaimer,≤100,1
1162047277157566,Myeik Maung Taik Natural Bird's Nest,These ads ran without a disclaimer,≤100,1
100743421375960,FNI Life,These ads ran without a disclaimer,≤100,1
371171589575669,China.org.cn,These ads ran without a disclaimer,≤100,1
100464882203544,Myanmar Federalism Hub,These ads ran without a disclaimer,≤100,1
102446936120852,Myanmar Refugee Lifeline,These ads ran without a disclaimer,≤100,1
423670114403144,Trending in China,These ads ran without a disclaimer,≤100,1
102217977859164,LIME,These ads ran without a disclaimer,≤100,2
318711818130,Boot Camp Digital,These ads ran without a disclaimer,≤100,2
725505594135727,Adventure Escape,These ads ran without a disclaimer,≤100,1
100334208467072,WeEducate English Language Centre,These ads ran without a disclaimer,≤100,1
105469568721137,Kissy - Find Your Partner for Free,These ads ran without a disclaimer,≤100,1
31292782350,Deutschland.de,These ads ran without a disclaimer,≤100,1
170951426275318,CBM Christian Blind Mission,These ads ran without a disclaimer,≤100,1
148543868418,STEYR Traktoren,These ads ran without a disclaimer,≤100,1
93215829929,International Surfing Association,These ads ran without a disclaimer,≤100,2
200480966638039,Supremacy 1914,These ads ran without a disclaimer,≤100,1
393412505386,Offshore Technology Conference (OTC),These ads ran without a disclaimer,≤100,1
101054365776547,Charming Changzhou,These ads ran without a disclaimer,≤100,1
112757083778788,"Economic Daily, China",These ads ran without a disclaimer,≤100,1
102342747923923,Researchpod,These ads ran without a disclaimer,≤100,1
2420268291542853,China Resources Group,These ads ran without a disclaimer,≤100,1