﻿Page ID,Page name,Disclaimer,Amount spent (USD)
373058439451905,Irakli Garibashvili,Irakli Garibashvili,≤100
177657096172822,სირცხვილია • Shame Movement,სირცხვილია • Shame Movement,≤100
114735666574826,Formula • ფორმულა,TV Formula,≤100
353943391364252,TV Imedi,TV Imedi,≤100
107212234052832,მედიაკრიტიკა / Mediacritic,მედიაკრიტიკა / Mediacritic,≤100
100904612181810,საქართველოსთვის / For Georgia,საქართველოსთვის / For Georgia,≤100
179300065451916,საქართველოს იუსტიციის სამინისტრო,საქართველოს იუსტიციის სამინისტრო,≤100
406949709352265,Giorgi Vashadze / გიორგი ვაშაძე,Giorgi vashadze / გიორგი ვაშაძე,≤100
480323335835739,მაუწყებელი • Mautskebeli,მაუწყებელი • Mautskebeli,≤100
651534988375338,POSTV - ანალიტიკა,POSTV LLC,≤100
197243066983672,ერთიანი ნაციონალური მოძრაობა • United National Movement,ერთიანი ნაციონალური მოძრაობა • United National Movement,≤100
225385184188101,ქართული ოცნება / Georgian Dream,ქართული ოცნება / Georgian Dream,≤100
179119122157809,Pia.ge - ახალი ამბები,Pia.ge - ახალი ამბები,≤100
133052760057128,Tabula - ტაბულა,Tabula - ტაბულა,≤100
1267468489937737,"აი, ფაქტი • ifact.ge","აი, ფაქტი • ifact.ge",≤100
749989348701035,ეს ქვეყანა შენია • This country is yours,Civil Society Institute,≤100
144606052272674,დაცული ტერიტორიების სააგენტო / Agency of Protected Areas (Georgia),დაცული ტერიტორიების სააგენტო,≤100
1097681207089811,პუბლიკა • Publika,პუბლიკა • Publika,≤100
204459169625213,Palitra L Publishing • გამომცემლობა პალიტრა L,Palitra L Publishing • გამომცემლობა პალიტრა L,≤100
105294965729965,საქართველო უპირველეს ყოვლისა  • Georgia First,Georgia First,≤100
414248619353564,საქართველოს დაბადება,გირჩი • Girchi,≤100
109261804792205,გიორგი კალანდარიშვილი - Giorgi Kalandarishvili,საქართველოს ცენტრალური საარჩევნო კომისია / CEC of Georgia,≤100
437569923010130,"მედიის განვითარების ფონდი, MDF","მედიის განვითარების ფონდი, MDF",≤100
1159313984168136,europop,Popsport,≤100
285100957669,საქართველოს ცენტრალური საარჩევნო კომისია / CEC of Georgia,Election Administration of Georgia,≤100
104544911468291,შალვა პაპუაშვილი • Shalva Papuashvili,Georgian Dream,≤100
471759786227198,Factcheck.ge,Factcheck.ge,≤100
126642864053395,ღია საზოგადოების ფონდი I Open Society Georgia Foundation,OSGF,≤100
116263589076940,Vato Shakarishvili • ვატო შაქარიშვილი,Vato Shakarishvili • ვატო შაქარიშვილი,≤100
107034578358462,პოლიტიკური სატირა / Political Satire,პოლიტიკური სატირა / Political Satire,≤100
536906143912475,RealPolitika • რეალპოლიტიკა,Gmc • მმართველობის მონიტორინგის ცენტრი,≤100
146485005422635,საქართველოს ხელოვნების სასახლე-კულტურის ისტორიის მუზეუმი,საქართველოს ხელოვნების სასახლე-კულტურის ისტორიის მუზეუმი,≤100
334284660078608,სემეკი -  ენერგეტიკისა და წყალმომარაგების მარეგულირებელი კომისია,სემეკი -  ენერგეტიკისა და წყალმომარაგების მარეგულირებელი კომისია,≤100
1886767171598724,ფლანგვის დეტექტორი,ფლანგვის დეტექტორი,≤100
107692938260573,არქივი - Archive,არქივი - Archive,≤100
1746063075610569,საფარი • Sapari,Union Sapari,≤100
621059661576199,ავთანდილ თალაკვაძე / Avtandil Talakvadze,Georgian Dream,≤100
115808134821838,UNM Youth • ენმ ახალგაზრდული,UNM Youth • ენმ ახალგაზრდული,≤100
110044894712197,ქართული ჟურნალისტიკის მარგალიტები / journalist fails,ქართული ჟურნალისტიკის მარგალიტები / journalist fails,≤100
136827876490842,საინფორმაციო ცენტრი ნატოსა და ევროკავშირის შესახებ • NATO & EU Info Center,საინფორმაციო ცენტრი ნატოსა და ევროკავშირის შესახებ • NATO & EU Info Center,≤100
103965262533554,არ აგარევინებთ,არ აგარევინებთ,≤100
1031485756902883,გირჩი • Girchi,გირჩი • Girchi,≤100
312027595840346,რეპროდუქციული ჯანმრთელობა,Tanadgoma,≤100
180568365331697,შერიგებისა და სამოქალაქო თანასწორობის საკითხებში სახელმწიფო მინისტრის აპარატი,SMR Georgia,≤100
121078177912733,საქართველოს იუსტიციის სასწავლო ცენტრი -TCJ,საქართველოს იუსტიციის სასწავლო ცენტრი -TCJ,≤100
316219238406271,სამართლიანი არჩევნები (ISFED),სამართლიანი არჩევნებისა და დემოკრატიის საერთაშორისო საზოგადოება (ISFED),≤100
101545558591952,დავით ფაცაცია / David Patsatsia,დავით ფაცაცია / David Patsatsia,≤100
102357673287189,Biochimpharm • ბიოქიმფარმი,Biochimpharm • ბიოქიმფარმი,≤100
450326391674911,Allianz,These ads ran without a disclaimer,≤100