﻿Page ID,Page name,Disclaimer,Amount spent (SEK)
151159271594797,Systembolaget,Systembolaget,634
126567104406,Hyresgästföreningen,Hyresgästföreningen,407
109886133732943,RESCUE - Sverige,RESCUE - Sverige,382
371791194529,Världsnaturfonden WWF,Världsnaturfonden WWF,377
608975645850217,Vattenfall,Vattenfall Sverige,363
95735961890,Greenpeace Sverige,Greenpeace Sverige,362
161213770567846,Operation Smile Sverige,Operation Smile Sverige,283
643137272398136,Sverige för UNHCR,Sverige för UNHCR,259
114526821939129,Arla,Arla,255
369582590803,Dagens ETC,ETC-tidningarna,254
122854408319,Hjärt-Lungfonden,Hjärt-lungfonden,235
186513678039755,Fortum,Fortum Sverige,207
68115370786,Läkare Utan Gränser (MSF),Läkare Utan Gränser/ Médecins sans Frontières (MSF Sweden),184
111630258867610,Röda Korset,Röda Korset,184
382243262003,Plan International Sverige,Plan International Sverige,145
122074554119,EU Social,EU Social,143
178362315106,European Parliament,European Parliament,133
19746853632,Djurens Rätt,Djurens Rätt,121
162985227114132,Skellefteå Kraft,Skellefteå Kraft,121
72659261793,Rädda Barnen,Rädda Barnen,111
188616781161573,World Animal Protection Sverige,World Animal Protection Sverige,106
59324455950,UNICEF Sverige,UNICEF Sverige,≤100
314872662206,Ekonomifakta,Ekonomifakta,≤100
1757191391203190,Proethos fond,Proethos AB,≤100
90882504375,Svenskt Näringsliv,Svenskt Näringsliv,≤100
766962160096580,Vi Omsorg i Sverige AB,Vi Omsorg i Sverige AB,≤100
42676805259,Diakonia,Diakonia,≤100
279974638809211,Oxfam Sverige,Oxfam Sverige,≤100
245214805905370,Konkret,Opulens Förlag AB,≤100
195379633820701,Svenskt Kött,Svenskt Kött,≤100
379686162129542,Svea Bank,Svea Ekonomi,≤100
809338299217333,Svenska Epoch Times,Svenska Epoch Times,≤100
109609604086656,Vejpkollen.se,Vejpkollen.se,≤100
219410318157271,Läkarmissionen,Läkarmissionen,≤100
347852331958080,En Företagares Vardag,En Företagares Vardag,≤100
153270724787,Amnesty International Sverige,Amnesty International Sverige,≤100
899603916845362,JAG Personlig assistans,JAG Personlig assistans,≤100
237146235237,Timbro,Tankesmedjan Timbro,≤100
153028052500,Kvinna till Kvinna,Stiftelsen Kvinna till Kvinna,≤100
130927360876045,Tidningen Näringslivet,Tidningen Näringslivet,≤100
8040892957,Socialdemokraterna,Socialdemokraterna,≤100
249195615122371,Sara Skyttedal,Sara Skyttedal,≤100
176527602394716,Olivia Personlig Assistans AB,Olivia Personlig Assistans AB,≤100
181590825305317,COWI Sverige,COWI Sverige,≤100
732284166977797,Odlarna.se,Odlarna.se,≤100
188841442268,Woolpower,Woolpower AB,≤100
1402657726653154,Hallå konsument,Konsumentverket,≤100
539297539496434,Dagens Samhälle,Dagens Samhälle,≤100
166406746310,Resumé,Resumé,≤100
128452220525979,CIVIL RIGHTS DEFENDERS,CIVIL RIGHTS DEFENDERS,≤100
1042091032500520,Kvartal,Kvartal,≤100
356032977210,Vi-skogen,Vi-skogen,≤100
328754490337,Vårdförbundet,Vårdförbundet,≤100
91217182731,Nordiska museet,Nordiska museet,≤100
103296115466644,Skattenytta,Kommissionen för Skattenytta,≤100
965458110149319,Byggindustrin,Byggindustrin,≤100
273053169937029,ClimateHero,ClimateHero,≤100
212049035488183,The Hunger Project Sverige,The Hunger Project Sverige,≤100
412192732132640,ECPAT Sverige,ECPAT Sverige,≤100
127757523931098,Emrahus AB,Emrahus AB,≤100
239855722130,Nyhetsmagasinet Fokus,Fokus,≤100
518144408210153,Våra barns klimat,Våra barns klimat,≤100
312084019369,Dagens Medicin,Dagens Medicin,≤100
110605492300,RFSL,RFSL,≤100
676246449160270,Sverigedemokraterna,Sverigedemokraterna,≤100
72832167834,Skattebetalarnas Förening,Skattebetalarnas Förening,≤100
1633181116933852,SvD Junior,SvD Junior (SvD),≤100
212604496324,Fackförbundet ST,Fackförbundet ST,≤100
10150161538825010,Medborgarskolan,Medborgarskolan,≤100
190125911027266,Akademikernas a-kassa,Akademikernas a-kassa,≤100
251829904829983,David Lega,David Lega - Kristdemokraterna,≤100
234172635050,Forum för levande historia,Forum för levande historia,≤100
506685746198996,DebattNytt,DebattNytt,≤100
1540294046226139,Feministsmeden,Feministsmeden,≤100
101320658099429,Renoveringsraseriet,Renoveringsraseriet,≤100
296423575695,Afrikagrupperna,Afrikagrupperna,≤100
127063960674693,Svenska Freds- och Skiljedomsföreningen,Svenska Freds- och Skiljedomsföreningen,≤100
267353906619818,Mr. Gugu & Miss Go,These ads ran without a disclaimer,≤100
108492218918,IF Metall,IF Metall,≤100
690167674732029,Lena Hallengren,Socialdemokraterna,≤100
217391588404948,Katalys,Katalys,≤100
208751565805849,Stiftelsen Expo,Stiftelsen Expo,≤100
47024738335,Hoppets Stjärna Sverige,Hoppets Stjärna,≤100
114782395316367,Socialdemokraterna i Västernorrland,Socialdemokraterna i Västernorrland,≤100
505229989560231,Kristdemokraterna i Skåne,Kristdemokraterna i Skåne,≤100
129016447116122,Aktuell Hållbarhet,Aktuell Hållbarhet,≤100
108878133830874,Grön flygplats,Projektet Grön Flygplats; finansierat av Svenska Regionala Flygplatser och Europeiska Regionala Utvecklingsfonden,≤100
163305633746125,Karneval förlag,Holviks,≤100
34780126150,Miljöpartiet de gröna,Miljöpartiet de gröna,≤100
320930784643530,Storasyster,Storasyster,≤100
287880713020478,Rörelsen,Rörelsen,≤100
105751229271592,B-News,These ads ran without a disclaimer,≤100
163820136238,LO Sverige,Landsorganisationen Sverige,≤100
261455205686,LRF,LRF,≤100
210022722438484,Socialdemokraterna i Östersund,Socialdemokraterna i Östersund,≤100
223053457729155,Unga Örnar,Unga Örnars Riksförbund,≤100
342952129133948,Kultur i Malmö,Kultur i Malmö,≤100
255288010153,Sida - Styrelsen för Internationellt Utvecklingssamarbete,Sida - Styrelsen för Internationellt Utvecklingssamarbete,≤100
196203337117224,Humanisterna,Humanisterna,≤100
171732326218384,Handelsanställdas förbund,Handelsanställdas förbund,≤100
1545369075688158,Brottsofferjouren Sverige,Brottsofferjouren Sverige,≤100
273402369438867,By Billgren,By Billgren AB,≤100
1715208875382561,OP Assistans,OP Assistans,≤100
1089666701084947,Timbro förlag,Timbro Förlag,≤100
329452290816078,Tidningen Market,Tidningen Market,≤100
197762513603868,MÄN,MÄN,≤100
62185934430,Olof Palmes Internationella Center,Olof Palmes Internationella Center,≤100
221023000792,Akademikerförbundet SSR,Akademikerförbundet SSR,≤100
198991600145434,Svenskt Näringsliv Skåne,Svenskt Näringsliv Skåne,≤100
446308475449845,Swedish Rescuers,These ads ran without a disclaimer,≤100
390479295816,Socialdemokraterna i Jönköpings län,Socialdemokraterna i Jönköpings län,≤100
987676224611140,Demokrati utan gränser,Demokrati utan gränser,≤100
422674604503473,Forum Betong,Svensk Betong,≤100
1432591790382295,ByMartinsdotter,By Martinsdotter,≤100
323156205347,Vänsterpartiet,Vänsterpartiet,≤100
135062563176874,Utrikespolitiska Institutet,Utrikespolitiska Institutet,≤100
125440780804852,Childhood,Childhood,≤100
305733156201821,Vänsterpartiet Storstockholm,Vänsterpartiet Storstockholm,≤100
1177885685706745,Partiet Nyans,Partiet Nyans,≤100
209271425846739,Open Doors Sverige,Open Doors Sverige,≤100
273254886116655,Motargument,Motargument,≤100
1230018870391467,Medborgerlig Samling Uppsala,Medborgerlig Samling Uppsala Län,≤100
62044983625,The Amazing Society,The Amazing Society,≤100
175873745789190,Vänsterpartiet Göteborg,Vänsterpartiet Göteborg,≤100
633423966764086,Kungl Krigsvetenskapsakademien,KKrVA,≤100
45101268520,SSU,SSU,≤100
114308925025155,Nej till marknadsskolan,Vänsterpartiet Stockholms stad,≤100
140417992681511,Clowner utan Gränser,Clowner utan Gränser,≤100
882970465088842,Svenskt Näringsliv Kalmar län,Svenskt Näringsliv,≤100
276108117859,Svenska Afghanistankommittén,Svenska Afghanistankommittén,≤100
180578795331360,Svenskt Näringsliv Blekinge,Svenskt Näringsliv,≤100
314283591054,Byggnads,Byggnads,≤100
308075749348969,Svenskt Näringsliv Kronoberg,Svenskt Näringsliv,≤100
699733880123060,Tjejjouren i Lund - en transinkluderande jour,Tjejjouren i Lund,≤100
100283070150569,Sverigedemokraterna Karlskrona,SD Karlskrona,≤100
108606768485583,Vuksan Rovčanin,Vuksan Rovčanin,≤100
100941935326134,RekonstruktionsGruppen,Rekonstruktionsgruppen Sverige AB,≤100
78227917578,Bohusläningen,Bohusläningen,≤100
268593563268202,Kristdemokraterna Tyresö,Kristdemokraterna Tyresö,≤100
173901972642378,Kristdemokraterna i Huddinge,Kristdemokraterna i Huddinge,≤100
108216678020301,CGH & Jobbfrågan,Svensk Jobbdemokrati,≤100
106996560785871,Cynthia Angelica Music,These ads ran without a disclaimer,≤100
527351247377965,European Committee of the Regions,European Committee of the Regions,≤100