﻿Page ID,Page name,Disclaimer,Amount spent (PEN)
101665683225827,José Luna Gálvez - Pepe Luna,Laidy Diana Peceros Espinoza,262
109019574560600,Aula Gaceta,Joel V. Supo Baldo,≤100
264223880347121,Lampadia Oficial,LAMPADIA,≤100
142062936237878,Goberna,Goberna,≤100
335551357288,Flor de Maria Hurtado Valdez,Flor De Maria Hurtado Valdez,≤100
462790453744032,Sutep,Sindicato Unitario de Trabajadores en la Educación del Perú - SUTEP,≤100
523337141056621,CONFIEP,CONFIEP,≤100
101924456538234,Sociedad Nacional de Industrias,Sociedad Nacional de Industrias,≤100
455802295156178,Nuestramerica TV,Crhistian Jorge Peralta Ramírez,≤100
173144229408518,RENIECPERU,Registro Nacional de Identificación y Estado Civil,≤100
100330785132565,Saca tu cuenta,Juan Jose Garcia Chau,≤100
110635768288466,Rohel Sánchez Sánchez,Jaime Jafet Flores Garro,≤100
316564475960113,Estudio Jurídico Tarazona & Asociados,Diego Alberto Isla Yengle,≤100
103890681794133,Asociación Nacional de Profesionales de EsSalud,Jimena Vega Cabana,≤100
131347596900240,Servindi,Arnol Piedra Sosaya,≤100
883608538372189,Cidap Perú,José Antonio Mangini Sánchez,≤100
191077005135461,Neptalí Ramírez,Neptali Aarón Ramirez Abanto,≤100
417661094920749,Mas Que Consumidores,Abdon César Augusto Delgado La Cotera,≤100
105566838477273,Leonor Carolina Romero - Abogada,Julio César Silva Meneses,≤100
137760678423990,Sindicato de Trabajadores CAS del Ministerio de Educación,Sindicato de Trabajadores CAS del Ministerio de Educación,≤100
341727142519006,Demus-Estudio para la Defensa de los Derechos de la Mujer,DEMUS - Estudio para la Defensa de los Derechos de las Mujeres,≤100
145417182805675,Ricardo Grados - Los Olivos,Omar Jaime Coronado Juarez,≤100
196140697656186,Len Corell,Ricardo Felix Coral,≤100
1468423903423025,Harold Lévano,Luis Harold Raciel Levano Ochoa,≤100
892724110780342,Remurpe,Red de Municipalidades Urbanas y Rurales del Perú,≤100
1729728707258166,Gabriel Antonio Madrid Orue,Gabriel Antonio Madrid Orue,≤100
100338448692869,Congresista Héctor Ventura,Bruce Jeremy Bazán Vásquez,≤100
105539041266407,Computron,These ads ran without a disclaimer,≤100
494354027360929,Dirección de Educación Continua Pontificia Universidad Javeriana Bogotá,These ads ran without a disclaimer,≤100
109480020817019,Bercel,These ads ran without a disclaimer,≤100
109755664976719,Ginger's Notebook,These ads ran without a disclaimer,≤100
260411577472305,Revista Humboldt,These ads ran without a disclaimer,≤100
133644486670469,JustoMedio,Marco Antonio Arrunategui Cevallos,≤100
152914224736727,Banco Mundial,These ads ran without a disclaimer,≤100
68115033929,Consejo de Redacción,These ads ran without a disclaimer,≤100
107996315091233,月旦港事,These ads ran without a disclaimer,≤100
644619142352278,Volvo Construction Equipment Hispanoamérica,These ads ran without a disclaimer,≤100