﻿Page ID,Page name,Disclaimer,Amount spent (TWD)
100489613340306,Samsung,Samsung,1301
101896272489490,調查員皮爾森,皮爾森數據Pearson Data,684
148475335184300,Greenpeace 綠色和平 (台灣網站),Greenpeace 綠色和平 (台灣網站),552
152472278103133,賴清德,賴清德,418
238507146264909,國際特赦組織 台灣分會 Amnesty International Taiwan,國際特赦組織 台灣分會 Amnesty International Taiwan,317
368397373312842,游顥,游顥,282
693907914395620,良杯製所 Oolab,良杯製所 Oolab,255
105556085524776,Twpca-台灣野良犬照護協會,Twpca-台灣野良犬照護協會,217
820612794778213,渣打銀行 Taiwan,渣打國際商業銀行,192
241284961029,udn.com 聯合新聞網,udn.com 聯合新聞網,142
113021403762187,法律協會-債務協商 更生 清算 -全台服務,法律協會-債務協商 更生 清算 -全台服務,≤100
179608846121604,富達投信 Fidelity International - Taiwan,富達投信 Fidelity International - Taiwan,≤100
211730475524462,大陸委員會,大陸委員會,≤100
1855418728011324,鏡週刊,鏡週刊,≤100
401843085061,台電電力粉絲團,台電,≤100
142816435924517,DBS 星展銀行,DBS 星展銀行,≤100
109462390640602,企業勞動法務管理顧問-勞動契約、勞資爭議、勞務健檢、教育訓練、法律事務、法律風險控管,企業勞動法務管理顧問-勞動契約、勞資爭議、勞務健檢、教育訓練、法律事務、法律風險控管,≤100
587400394604351,醫療財團法人南迴基金會,醫療財團法人南迴基金會,≤100
107087617853581,李勝峯-理性鋒爆,/thethinkerlee,≤100
177161918975981,基督教芥菜種會,基督教芥菜種會,≤100
1649523455281990,遠山呼喚,遠山呼喚國際貧童教育組織,≤100
1629474157289221,小牛頓,小牛頓科學教育有限公司,≤100
106801464127093,目目非營利 MUVE NPO,目目非營利,≤100
139995871775,中國文化大學推廣教育部,中國文化大學推廣教育部,≤100
945888608794185,聯博 - 81樓的基金筆記,聯博 - 81樓的基金筆記,≤100
107478432346054,郭台銘+1,郭台銘+1,≤100
1212271885604995,社團法人愛的延續公益協會,社團法人愛的延續公益協會,≤100
219315794887869,聯合報,聯合報股份有限公司,≤100
127628276929,天下雜誌,天下雜誌,≤100
1407916306098645,國際青年商會 中華民國總會,國際青年商會 中華民國總會,≤100
449156429152075,麻吉理財顧問公司,麻吉理財顧問公司,≤100
335544036485779,經濟部,經濟部,≤100
105742975534267,吳明宜,吳明宜,≤100
113825481574510,郭倍宏 - 起造大高雄,郭倍宏 - 起造大高雄,≤100
348320745336110,臺灣吧 - Taiwan Bar,These ads ran without a disclaimer,≤100
101355918337667,地天泰國際顧問有限公司,地天泰國際顧問有限公司,≤100
390569611008641,願景工程 Vision Project,願景工程基金會,≤100
126535244622269,台北市議員 李柏毅,台北市議員 李柏毅,≤100
1847777185521418,放言 Fount Media,放言科技傳媒股份有限公司,≤100
171759036215066,創世紀不動產教育訓練中心,創世紀不動產教育訓練中心,≤100
106265361106594,海鼎離岸風電計畫 Formosa III,海鼎離岸風電計畫 Formosa III,≤100
246324992373019,傅崐萁,傅崐萁,≤100
235679595900,民視新聞,民視新聞,≤100
239512030682497,第一手星聞,民視新聞,≤100
199044740213961,為台灣而教 Teach For Taiwan - TFT,Teach For Taiwan 為台灣而教,≤100
791870507594526,利樂創新界,利樂創新界,≤100
105692292105892,黃士修,黃士修,≤100
100567776430298,何皓元 律師-前檢察官,何皓元,≤100
679518422104905,民視全球新聞,民視新聞,≤100
306276709452272,文化部,文化部,≤100
481065478629613,The News Lens 關鍵評論網,The News Lens 關鍵評論網,≤100
524174577607220,U12世界盃少棒賽,U12世界盃少棒賽,≤100
107967864993250,SOGA STOP！,財團法人隆中向上教育基金會,≤100
105763467865696,台灣資訊環境研究中心 IORG,台灣資訊環境研究中心 IORG,≤100
226660410787355,民視體育新聞,民視新聞,≤100
103690828278110,CTwant周刊王,CTwant周刊王,≤100
276861822357066,高金素梅(吉娃斯．阿麗),高金素梅(吉娃斯．阿麗),≤100
277223962685223,Nespresso.TWN,These ads ran without a disclaimer,≤100
114159468223784,張建焜-齊心出發 照亮青商,張建焜-齊心出發 照亮青商,≤100
652438848137404,連勝文,連勝文,≤100
350951704972904,大都會文化．大旗出版社,These ads ran without a disclaimer,≤100
158025223269,今周刊,今周刊,≤100
100391352429719,動滋Sports,These ads ran without a disclaimer,≤100
170290829685289,家樂福Carrefour,These ads ran without a disclaimer,≤100
129452013855801,RITE,RITE,≤100
157825744293951,The Garden of Hope Foundation- International Affairs 勵馨基金會國際事務,The Garden of Hope Foundation- International Affairs 勵馨基金會國際事務,≤100
465616346853075,RE-THINK 重新思考,RE-THINK 重新思考,≤100
164483516927300,張景嵐,張景嵐,≤100
154580453959,公民監督國會聯盟（公督盟）,公民監督國會聯盟（公督盟）,≤100
436202956432960,Technews 科技新報,Technews 科技新報,≤100
108465872157182,亞細亞精準數據,亞細亞精準數據,≤100
100900089572253,賤民賤解,賤民賤解,≤100
103032645529885,菱傳媒,菱傳媒,≤100
294625894324536,詠少年 市民代表 張詠勝,詠少年 市民代表 張詠勝,≤100
195890640463420,台灣永續能源研究基金會 Taiwan Institute for Sustainable Energy (TAISE),財團法人台灣永續能源研究基金會,≤100
103919981024103,陳以信,陳以信,≤100
104624290080479,張育美,張育美,≤100
180516279238465,桃園市立美術館 Taoyuan Museum of Fine Arts,桃園市立美術館 Taoyuan Museum of Fine Arts,≤100
376687563131189,謝衣鳯,謝衣鳯,≤100
891084220962935,時代力量 New Power Party,時代力量 New Power Party,≤100
108696572024879,民視佮你講（Bîn-sī kah lí kóng）,民視新聞,≤100
111048064504149,珊騰天下 姜百珊律師,珊騰天下 姜百珊律師,≤100
1890263611238474,陳冠廷 Kuan-Ting Chen,陳冠廷 Kuan-Ting Chen,≤100
743100072477291,台中市議員何文海,台中市議員何文海,≤100
281219301931458,蔡其昌,蔡其昌,≤100
188358792124,聯經出版,聯經出版,≤100
262531920494874,財團法人金融消費評議中心,財團法人金融消費評議中心,≤100
810120492410745,全國教育產業總工會,全國教育產業總工會,≤100
1787630811500182,臺中市政府交通局,臺中市政府交通局,≤100
472677869560560,Outschool,These ads ran without a disclaimer,≤100
170671044596,天主教善牧基金會,天主教善牧基金會,≤100
1573873889493647,賴士葆,賴士葆,≤100
121077504583917,廖廷娟,These ads ran without a disclaimer,≤100
101576862144790,工程師看政治,工程師看政治,≤100
1501887220103594,台灣女人連線．台灣女人健康網,台灣女人連線．台灣女人健康網,≤100
109957758121761,PinMed-24/7預約你的看診醫師,PinMed-24/7預約你的看診醫師,≤100
107683269025380,北斗鎮長參選人-江熊一楓,北斗鎮長參選人-江熊一楓,≤100
1899665293632534,チームラボ採用 / teamLab Recruit,These ads ran without a disclaimer,≤100
124607270893138,三民補習班（三民輔考）,These ads ran without a disclaimer,≤100
1549881451947136,林筱淇,林筱淇,≤100
131410820262008,宏其婦幼醫院,宏其婦幼醫院,≤100
445352675829719,Nestlé 雀巢,These ads ran without a disclaimer,≤100
436843193180529,Unipapa,Unipapa,≤100
1503745219913314,"孫大千Sun, Ta-Chien","孫大千Sun, Ta-Chien",≤100
1494980514073617,故事 StoryStudio,故事：寫給所有人的歷史,≤100
107544104719529,FinGuider 美股資訊網,FinGuider 美股資訊網,≤100
213646928757562,梁為超,梁為超,≤100
115720848228498,工程師看政治2,工程師看政治2,≤100
101650542616972,Ecotopia 和田生活,These ads ran without a disclaimer,≤100
100216765069813,唐平榮 執行長的人生甘味廚房,唐平榮 執行長的人生甘味廚房,≤100
673035569401167,育田基金會 Mercyland,財團法人育田社會福利慈善基金會,≤100
104734137684558,洪申翰 Sun-Han,洪申翰 Sun-Han,≤100
128818803902,兩岸犇報,兩岸犇報,≤100
109958162359268,女書店,女書店,≤100
120869137965597,SEMI 國際半導體產業協會,SEMI 國際半導體產業協會,≤100
469562983072410,做事的議員 周勝考,做事的議員 周勝考,≤100
1600694340206781,桃園市非營利組織發展中心,桃園市非營利組織發展中心,≤100
148513668543221,地球公民基金會,地球公民基金會,≤100
274575209225142,flyingV,These ads ran without a disclaimer,≤100
282131515802876,新北民政保平安,采威國際資訊股份有限公司,≤100
112138906975782,台塑生醫洗衣精智慧補充機 北北基宜花桃竹苗,These ads ran without a disclaimer,≤100
588665481292400,VELO-BikeSaddles,These ads ran without a disclaimer,≤100
107562810741155,民視新聞網 Formosa TV News,These ads ran without a disclaimer,≤100
122798281117740,FRED,These ads ran without a disclaimer,≤100
111242616968136,新視界整合行銷有限公司,These ads ran without a disclaimer,≤100