﻿Page ID,Page name,Disclaimer,Amount spent (USD)
102759845468818,Cabdiraxmaan Cadaani,These ads ran without a disclaimer,≤100
565225540184937,CGTN,These ads ran without a disclaimer,≤100
102895395973870,Hon Sadaq Abdulkadir Mohamed,These ads ran without a disclaimer,≤100
100912541413695,Más Impulso,These ads ran without a disclaimer,≤100
430258463820053,International School of Ministry with Pastor Chris,These ads ran without a disclaimer,≤100
108457230808693,Hitachi Cooling & Heating MEA,These ads ran without a disclaimer,≤100