﻿Page ID,Page name,Disclaimer,Amount spent (USD),Number of ads in Library
110206578495660,Souq Mnasati,These ads ran without a disclaimer,≤100,1
100884009485439,American Global Consulting - Education,These ads ran without a disclaimer,≤100,1
109351558883749,2.1 shakib,These ads ran without a disclaimer,≤100,1
1639362889612809,Mubasher Capital,These ads ran without a disclaimer,≤100,1
1732074740174252,الماسة للاصباغ والديكورات,These ads ran without a disclaimer,≤100,1
108625789179165,Soi Dog Foundation,These ads ran without a disclaimer,≤100,1
10250877124,Arab News,These ads ran without a disclaimer,≤100,1
101435042876028,Free wine tips,These ads ran without a disclaimer,≤100,1
416731498371213,Saved To Serve,These ads ran without a disclaimer,≤100,1
21169267101,Give,These ads ran without a disclaimer,≤100,1
101035272554145,Interesting novel,These ads ran without a disclaimer,≤100,2
1399750283620746,Hidden City,These ads ran without a disclaimer,≤100,2
102773638649611,Bruno Pereira,These ads ran without a disclaimer,≤100,1
207268042645317,Macquarie Group,These ads ran without a disclaimer,≤100,1
186691125128189,Air Liquide,These ads ran without a disclaimer,≤100,1
104738335990390,Fnuhj-1234,These ads ran without a disclaimer,≤100,1
102635655320437,Number Match - Logic Puzzle Game,These ads ran without a disclaimer,≤100,1