﻿Page ID,Page name,Disclaimer,Amount spent (EUR),Number of ads in Library
313006358903165,Građanski pokret URA,Građanski pokret URA,≤100,4
103757002580383,Sindikat Telekoma CRNE GORE,Sindikat Telekoma CRNE GORE,≤100,6
513531212081016,NVO MANS,NVO MANS,≤100,1
252814308920994,Digital Forensic Center - DFC,Digital Forensic Center,≤100,2
293901977685160,Luka Rakčević,Građanski pokret URA,≤100,1
236694586475080,Standard,Standard,≤100,2
106519341307340,Inicijativa Direktne Demokratije-IDD,Borislav Đurišić,≤100,2
103645778920740,Portal Dnevno,Portal Dnevno,≤100,5
819639921464707,Socijaldemokrate Crne Gore,Socijaldemokrate Crne Gore,≤100,1
103588975196889,Stevan Katić - Demokrate Herceg Novi,Stevan Katic,≤100,1
100628711754140,Nihad Canović,Nihad Canović,≤100,1
200480966638039,Supremacy 1914,These ads ran without a disclaimer,≤100,2
1094324843916090,WeAreDevelopers,These ads ran without a disclaimer,≤100,2
113629868312383,Marketing Generous,These ads ran without a disclaimer,≤100,1
502629179923681,South East European Network for Professionalization of Media,These ads ran without a disclaimer,≤100,1
469201610080869,Binance,These ads ran without a disclaimer,≤100,2
31292782350,Deutschland.de,These ads ran without a disclaimer,≤100,1
175889425769412,BAR-TEK Motorsport,These ads ran without a disclaimer,≤100,1
211768992564087,LAMP TECH,These ads ran without a disclaimer,≤100,2
582401951817774,Behar TV,These ads ran without a disclaimer,≤100,1
104404948072,Ema Arius,These ads ran without a disclaimer,≤100,1
212732770186,Tom MacDonald,These ads ran without a disclaimer,≤100,1
198454000189884,REW.ca,These ads ran without a disclaimer,≤100,1
102075811887387,Chocolate.com - Images,These ads ran without a disclaimer,≤100,1
1917715138510680,Follow Your Legend,These ads ran without a disclaimer,≤100,4
110463704610731,Cute Kiwi,These ads ran without a disclaimer,≤100,1