﻿Page ID,Page name,Disclaimer,Amount spent (TWD)
217517810298674,地方政治觀察家,皮爾森數據,414
101046209392101,新事貸-新鑫特優經銷商,新事貸-新鑫特優經銷商,378
189061482332,張嘉郡,嘉郡張,335
238507146264909,國際特赦組織 台灣分會 Amnesty International Taiwan,國際特赦組織 台灣分會 Amnesty International Taiwan,285
820612794778213,渣打銀行 Taiwan,渣打國際商業銀行,264
157215971120682,台北運動吧,台北運動吧,252
246517878713911,劉家昌,勇勳沈,233
105556085524776,Twpca-台灣野良犬照護協會,Twpca-台灣野良犬照護協會,228
693907914395620,良杯製所 Oolab,良杯製所 Oolab,227
201785650801,亞洲大學(Asia University Taiwan),亞洲大學,157
467933563234921,南門書局-網路圖書名店、也有實體店面，誠信可靠！,玉河 孫,157
148475335184300,Greenpeace 綠色和平 (台灣網站),Greenpeace 綠色和平 (台灣網站),140
177161918975981,基督教芥菜種會,基督教芥菜種會,114
347432368933987,LINE TODAY Taiwan,LINE TODAY Taiwan,108
194832457212,天下文化,天下文化,104
113021403762187,法律協會-債務協商 更生 清算 -全台服務,傢宇 吳,≤100
127628276929,天下雜誌,天下雜誌,≤100
106801464127093,目目非營利 MUVE NPO,目目非營利,≤100
105864701769057,瑞馳智庫學院,瑞馳智庫股份有限公司,≤100
109462390640602,企業勞動法務管理顧問-勞動契約、勞資爭議、勞務健檢、教育訓練、法律事務、法律風險控管,芸廷 林,≤100
235679595900,民視新聞,民視新聞,≤100
111334712256714,勇媽阿惠 - 黃敏惠,勇媽阿惠 - 黃敏惠,≤100
100714476220256,永續金融先行者聯盟,永續金融先行者聯盟,≤100
241284961029,udn.com 聯合新聞網,udn.com 聯合新聞網,≤100
101355918337667,地天泰國際顧問有限公司,地天泰國際顧問有限公司,≤100
1436850183290438,One-Forty,One-Forty,≤100
211730475524462,大陸委員會,大陸委員會,≤100
1847777185521418,放言 Fount Media,放言科技傳媒股份有限公司,≤100
850754301947812,鏡新聞,鏡新聞,≤100
569626243213799,生鮮時書,生鮮時書,≤100
1487218698275407,南門書局二店-網路特價書店-也有實體店面，價格親民，誠信可靠的老店。（師友文化）,玉河 孫,≤100
1649151078446134,卓冠廷,冠廷卓,≤100
202921733128123,黃露慧 Lulu,黃露慧,≤100
106118168971467,債務人權益協會 扣薪 協商 更生 清算,傢宇 吳,≤100
105742975534267,吳明宜,吳明宜,≤100
246324992373019,傅崐萁,Evonne Hu,≤100
289158417927469,大衛綠色科技，大衛太陽能,大衛綠色科技，大衛太陽能,≤100
1659728604312270,台泥企業團,台泥,≤100
105692292105892,黃士修,Shih-Hsiu Huang,≤100
449156429152075,永安國際理財中心,黃詩凭,≤100
1649523455281990,遠山呼喚,遠山呼喚,≤100
108465872157182,亞細亞精準數據,亞細亞精準數據,≤100
100971679482122,2222-《未來選擇地》,2222,≤100
481065478629613,The News Lens 關鍵評論網,The News Lens 關鍵評論網,≤100
1621835121361449,陳超明-阿明哥粉絲團,超明 陳,≤100
219315794887869,聯合報,聯合報股份有限公司,≤100
1921016244677218,國際橋牌社 Island Nation,國際橋牌社 Island Nation,≤100
390569611008641,願景工程基金會 Vision Project,願景工程基金會,≤100
201107280815936,潔淨學-不咬手潔淨體貼,永勝 許,≤100
572641856277844,義竹鄉公所,義竹鄉公所,≤100
108696572024879,民視佮你講（Bîn-sī kah lí kóng）,民視新聞,≤100
171759036215066,創世紀不動產教育訓練中心,Micky  Wu,≤100
101718182459153,天秤座戰士,Companionship Digital,≤100
151776788178402,TechOrange 科技報橘,流線傳媒股份有限公司,≤100
158723167479444,再生能源資訊網,再生能源資訊網,≤100
239512030682497,第一手星聞,民視新聞,≤100
1503745219913314,"孫大千Sun, Ta-Chien",Yi Hsuan Wang,≤100
436843193180529,Unipapa,Unipapa,≤100
679518422104905,民視全球新聞,民視新聞,≤100
420900021820330,何欣純,欣純 何,≤100
276861822357066,高金素梅(吉娃斯．阿麗),智葟 陳,≤100
286487218798,遠見雜誌,遠見雜誌,≤100
105957556179860,遠雄人壽Hold生活,遠雄人壽Hold生活,≤100
2430390413849261,奕綸有限公司,京昀,≤100
158025223269,今周刊,今周刊,≤100
103141681121150,城市學,遠見雜誌,≤100
469433823136537,CSRone永續觀點,CSRone永續觀點,≤100
101737195752745,國家人權委員會,國家人權委員會,≤100
227521757837659,金城更新 許燕輝,許燕輝,≤100
102475659251313,蘇婉真,蘇婉真,≤100
226660410787355,民視體育新聞,民視新聞,≤100
1751961571765479,CSR在天下,偉倫 高,≤100
1629474157289221,小牛頓,小牛頓科學教育有限公司,≤100
2290806454495023,Mangodan芒菓丹,澤嵐 林,≤100
335544036485779,經濟部,經濟部,≤100
104624290080479,張育美,翊斌黃,≤100
112364983768638,司法院,司法院,≤100
110125264121324,自由路上藝術節,林冠億,≤100
111695394938904,桃園市議員 陳韋曄,韋曄陳,≤100
148513668543221,地球公民基金會,地球公民基金會,≤100
1705446959474387,長榮大學應用哲學系,殷資閔,≤100
112571907179969,玩霸教育,思揚 蘇,≤100
103032645529885,菱傳媒,菱傳媒,≤100
113289540119184,優森泰 Altais 天然沙棘,優森泰 Altais 天然沙棘,≤100
114159468223784,張建焜-行動發光 照亮青商,林杰,≤100
124473380937123,勵馨基金會 The Garden of Hope Foundation,勵馨基金會 The Garden of Hope Foundation,≤100
103993244913942,Milly & Sissy 台灣,Stephanie Hsu,≤100
197353266956853,茂盛醫院 Lee Women's Hospital,These ads ran without a disclaimer,≤100
436202956432960,Technews 科技新報,Technews 科技新報,≤100
743100072477291,台中市議員何文海,文海 何,≤100
359412951284086,啟景國際 KGC - 移民·護照·留學·置產,啟景國際 KGC - 移民·護照·留學·置產,≤100
104013138750678,翁震州,震州 翁,≤100
1025786357451330,"范雲  FAN, Yun","范雲  FAN, Yun",≤100
125534862174582,法律萬狀通-書狀生成,法律萬狀通-書狀生成,≤100
109358201564879,反廢死Q&A,天恩鄭,≤100
171464500113435,MKStudio,MKStudio,≤100
100900089572253,賤民賤解,賤民賤解,≤100
122912938347467,歐陽霆,霆 歐陽,≤100
108937285425656,郭貞慧,郭貞慧,≤100
829253007099726,張肇良會做事,肇良 張,≤100
100466232893089,a_vibing_guy,These ads ran without a disclaimer,≤100
1025786357451330,"范雲  FAN, Yun",These ads ran without a disclaimer,≤100
106680008964782,琅琅悅讀,These ads ran without a disclaimer,≤100
796994720374176,鳴人堂,鳴人堂,≤100
188358792124,聯經出版,聯經出版,≤100
101576862144790,工程師看政治,玄超 黃,≤100
583748405017728,江怡臻,怡臻江,≤100
673035569401167,育田基金會 Mercyland,財團法人育田社會福利慈善基金會,≤100
132350033598538,全國廢核行動平台,綠色公民行動聯盟Green Citizens' Action Alliance,≤100
1553668178254881,淨毒五郎 Chef Clean,志強靳,≤100
1372524779451228,禾莘藝品。,These ads ran without a disclaimer,≤100
376261345868585,李文斌,楊喬淩,≤100
121504021252255,台灣金融研訓院,台灣金融研訓院,≤100
388034991650151,Volvo 商用車,These ads ran without a disclaimer,≤100
1452376615040708,遠雄集團,遠雄集團,≤100
107048263999185,百面科技顧問,述信蔡,≤100
241744040079991,春山出版,甘彩蓉,≤100
104207912105629,翁杰 地方事我的事,杰翁,≤100
1493491174209750,姚蜜 Fairy,These ads ran without a disclaimer,≤100
1874386822838624,台灣世代智庫 Taiwan NextGen Foundation,台灣世代智庫,≤100
108564452151781,永久和平党,These ads ran without a disclaimer,≤100