﻿Page ID,Page name,Disclaimer,Amount spent (USD)
100400549397626,Lent.az - Xəbərdən Daha Çox,Lent.az - Xəbərdən Daha Çox,≤100
305019964396,Lent az,Lent az,≤100
101605572118417,Qarabağ Dirçəliş Fondu,Qarabağ Dirçəliş Fondu,≤100
643654899036233,İnnovasiyalar Mərkəzi / Innovations Center,İnnovasiyalar Mərkəzi,≤100
280772835787181,Media.Az,Media.az,≤100
178886752255904,APA TV,APA TV,≤100
1431548557163783,Caliber News,Caliber LLC,≤100
459298240774359,ModeratorAz,Taryel Huseynli,≤100
100202725184190,Caliber.Az,Caliber LLC,≤100
177856385592294,Kulis az,Kulis az,≤100
108272475270673,Göygöl Rayon İcra Hakimiyyəti,Göygöl Rayon İcra Hakimiyyəti/Excutive Power of Goygol District of Azerbaijan,≤100
390795057658490,Ruslan İzzətli,Ruslan İzzətli,≤100
104355860955968,Press Klub,Nicat Əliyev,≤100