﻿Page ID,Page name,Disclaimer,Amount spent (ILS)
190739554295848,אפי נוה,אפי נוה,≤100
155300937864628,המרכז להעצמת האזרח,המרכז להעצמת האזרח,≤100
141721971504,Histadrut - ההסתדרות החדשה,Ricki Bar,≤100
100230935579742,מתחת לרדאר,מתחת לרדאר,≤100
107217383988190,מגזין אפוק,Epoch Magazine,≤100
121022057648728,"עו""ד דורון ברזילי - לראשות לשכת עורכי הדין",דורון ברזילי,≤100
2241550506131359,שמואל בוקסר,שמואל בוקסר,≤100
220045128798930,"עו""ד ידידיה בלומהוף - תביעות משרד הביטחון",משרד עורכי דין ידידיה בלומהוף,≤100
103085619445870,ניר ברכיה משרד עורכי דין,Michael Michel Levi,≤100
110917020553426,Ari Shavit - ארי שביט,Ari Shavit - ארי שביט,≤100
189208555041327,המיזם למיגור העישון,המיזם למיגור העישון בישראל,≤100
240626859400146,Gilad Kariv - גלעד קריב,Gilad Kariv - גלעד קריב,≤100
519587265446919,יוראי להב הרצנו - Yorai Lahav Hertzanu,Yorai Lahav Hertzanu,≤100
124395890927240,הקרן החדשה לישראל,הקרן החדשה לישראל,≤100
108787681841168,רישיון נשק בקליק,Michael Michel Levi,≤100
132107110817900,"מרכז הנדל""ן","מרכז הנדל""ן",≤100
304921469636475,סיכוי-אופוק سيكوي-أفق,עמותת סיכוי-אופוק,≤100
107836625941364,Yair Lapid - יאיר לפיד,מפלגת יש עתיד,≤100
204780362875106,מקור ראשון,מקור ראשון,≤100
977353718949028,מיקי זוהר-  Micki Zohar,ח״כ מיקי זוהר  Micki Zohar,≤100
1484712825147171,Tomer Warsha Adv • Immigration to Israel • Aliya • Immigrants • Citizenship,"משרד עו""ד תומר ורשה",≤100
869130149932954,משרד הפנים - Ministry of Interior,משרד הפנים - Ministry of Interior,≤100
104222621115858,הביטחוניסטים,הביטחוניסטים,≤100
399925850154841,מרכז ישיבות ואולפנות בני עקיבא,מרכז ישיבות ואולפנות בני עקיבא,≤100
153991671307861,אישה לאישה - למען נשים נפגעות אלימות וילדיהן,אישה לאישה - למען נשים נפגעות אלימות וילדיהן,≤100
1913755198907011,"המרכז הרפואי לטיפול בהשמנה - ד""ר רז",המרכז הרפואי לטיפול בהשמנה,≤100
153028785566305,Parents Against Child Detention הורים נגד מעצרי ילדים,Parents Against Child Detention הורים נגד מעצרי ילדים,≤100
140536699429565,המכון למחקרי ביטחון לאומי,המכון למחקרי ביטחון לאומי,≤100
106586978519694,All•in הבית של הפודקסטים,Allin הבית של הפודקסטים,≤100
158195257562237,מיכאל לייטמן,"בני ברוך קבלה לעם ע""ר",≤100
310003182800720,עושים חקלאות ישראלית - מועצת הצמחים,עושים חקלאות ישראלית - מועצת הצמחים,≤100
44385426513,Greenpeace Israel   - גרינפיס ישראל,Greenpeace Israel   - גרינפיס ישראל,≤100
108760035823125,The Van Leer Jerusalem Institute - מכון ון ליר בירושלים,The Van Leer Jerusalem Institute - מכון ון ליר בירושלים,≤100
134252303927914,Майкл Мур - מייקל מור,Майкл Мур - מייקל מור,≤100
371986449521679,הקרן למורשת הכותל המערבי,Tal Sanderoni,≤100
106021541456343,קארן טל - Karen Tal,קארן טל - Karen Tal,≤100
112210295510027,World Zionist Organization - ההסתדרות הציונית העולמית,ההסתדרות הציונית העולמית,≤100
426502237384307,מפלגת יש עתיד,מפלגת יש עתיד,≤100