﻿Page ID,Page name,Disclaimer,Amount spent (USD)
293830514453910,Biraj Bhakta Shrestha बिराज भक्त श्रेष्ठ,Biraj Bhakta Shrestha बिराज भक्त श्रेष्ठ,≤100
100996575982707,Samajik Feed,Internet Market Today Pvt. Ltd.,≤100
877013662377278,Dr. Vijay Raghavan,These ads ran without a disclaimer,≤100
101940086132258,AP Technology,These ads ran without a disclaimer,≤100
101569176040527,The News Room,These ads ran without a disclaimer,≤100
1890146454611538,DESMI A/S,These ads ran without a disclaimer,≤100
115301803573781,The World Fact,These ads ran without a disclaimer,≤100