﻿Page ID,Page name,Disclaimer,Amount spent (NGN)
102869596002305,Office Of The Citizen Nigeria,Fix Politics,321
101075832871727,Progressives For Renewed Hope,Progressives For Renewed Hope,279
660685641036325,Sandeco Group,Vincent Southey Effiong,191
103018869332378,BantuPage,Ikechukwu Orji,156
753031955030992,Atiku-Okowa.com,One Nigeria Movement,139
102846336004998,Abibat Mogaji Beneficiaries Vanguard 4 Bola Ahmed Tinubu-AMBV4BAT,Odunbaku Sodiq Adekunle,≤100
105208365731340,F-SAO4Tinubu/Shettima2023,Emmanuel Oko,≤100
1924396441113309,Onogwu Muhammed,Martins Onuorah,≤100
111271261379124,Effective Campaign Management Media,Effective Campaign Management Media,≤100
100202924924063,Page 36,Page 36,≤100
103479562082984,Frontline Youth Creativity Initiative,Frontline Youth Creativity Initiative,≤100
100486959387581,Ada Ogbu Nara,Chisom Okechukwu Kenneth,≤100
101622722635138,Advocacy For Good Governance,Nnadi Sunny,≤100
654180731859809,T-Police,T-Police,≤100
106746234702890,E.D.O TV,John Obijeme Ii,≤100
105580098826545,"Rev. Fr. Hyacinth Iormem Alia, PhD","Rev. Fr. Hyacinth Iormem Alia, PhD",≤100
109225188534168,Northwest-Northeast Concern Youth Movement for Tinubu/Kashim 2023.,Mubarak Hamza Adam,≤100
194110890622942,Leadership News,Leadership News,≤100
103004258030272,Imoh Inyangette,Imoh Inyangette,≤100
104180761873736,Massive Entertainment.ng,Massive Entertainment,≤100
260451584306863,"Rep. Ogundu Kingsley Chinda, MHR",Hanacho Marvin Chinda,≤100
548855585503561,Panda-tut  Enterprises Limited,Panda-tut Enterprises Limited,≤100
1598205703573433,Senator Uba Sani,Uba Sani Media,≤100
103696798885313,Hon Onidare Sunday Bukunmi,Afeez Lawal,≤100
913242715449176,Prophet Ekong Ituen Ministries,Ekong Ituen,≤100
104324461971636,Tripleatextiles,These ads ran without a disclaimer,≤100
107585528697180,Bis textiles,These ads ran without a disclaimer,≤100
110321555118628,Western Spring Television,Adedayo Tolulakin Oderinu,≤100
120346118099706,BrandPower,BrandPower,≤100
280983209099426,Isa Ashiru Kudan,Bamali Surajoddeen Saad,≤100
17973644177,Global Peace Foundation,These ads ran without a disclaimer,≤100
1297262943720616,Fuqing China,These ads ran without a disclaimer,≤100
173254003362613,WE ARE CHINA,These ads ran without a disclaimer,≤100
492984144218541,Morning Worship Moment,These ads ran without a disclaimer,≤100
109466785028287,Prince Dr Emeka Eze,Michael Obiekwe,≤100