﻿Page ID,Page name,Disclaimer,Amount spent (EUR)
1827162984186887,Вячеслав Платон: за свободную Молдову.,TigerMedia,≤100
160625514692148,StopFals.md,StopFals.md,≤100
111916258189115,Poștașul,Postasul,≤100
739189706285160,De facto: Ne apărăm de propagandă,De facto: Ne apărăm de propagandă,≤100
1805726386405532,WatchDog.MD,WatchDog.MD,≤100
384273702007560,Nokta,Mihail Sirkeli,≤100
102195341166913,"„Secretele Puterii”, cu Alex Cozer, la Jurnal TV",WatchDog.MD,≤100
1641823949368794,Partidul Național Moldovenesc,Partidul National Moldovenesc,≤100
165158373553979,UNDP Moldova,UNDP Moldova,≤100
278113090952,Газета СП - Бельцы,"Газета ""СП"" (Бельцы)",≤100
160625514692148,StopFals.md,Asociația Presei Independente (API),≤100
223647077681853,Asociatia Presei Independente,API,≤100
139666286225597,Euranet Plus - Official,These ads ran without a disclaimer,≤100
337813289702038,NewsMaker.md,NewsMaker.md,≤100
102998962438364,Philippa,These ads ran without a disclaimer,≤100