﻿Page ID,Page name,Disclaimer,Amount spent (EUR)
256299421194660,Αβέρωφ Νεοφύτου - Averof Neofytou,Αβέρωφ Νεοφύτου,312
104730922313108,Ανδρέας Μαυρογιάννης - Andreas Mavroyiannis,Ανδρέας Μαυρογιάννης - Andreas Mavroyiannis,135
101539042396068,Γιώργος Κολοκασίδης · Υποψήφιος Πρόεδρος Δημοκρατίας 2023,Georghios Colocassides,≤100
100310018714166,Achilleas Demetriades,Achilleas Demetriades,≤100
107389055063575,Στέφανος Στεφάνου,ΑΚΕΛ - AKEL,≤100
698669730577000,Ygeiawatch,Ygeiawatch,≤100
173342948271,Νεολαία Δημοκρατικού Συναγερμού (ΝΕΔΗΣΥ - NEDISY),Νεολαία Δημοκρατικού Συναγερμού,≤100
101194455862998,Νίκος Χριστοδουλίδης - Nikos Christodoulides,Team Christodoulides2023,≤100
398475986896098,Elysee Irrigation,Elysee Irrigation,≤100
178362315106,European Parliament,European Parliament,≤100
319277908712118,Netcast Zone,Netcast Zone,≤100
244607425634139,StockWatch Cyprus,Stockwatch,≤100
106262547828612,Φωτεινή Τσιρίδου - Fotini Tsiridou,Fotini Tsiridou,≤100
100941196147544,Andronicos CY,Andronicos Political Campaign Cyprus,≤100
103717902272130,Sustainable Mobility Cyprus,Contact Advertising Agency Ltd,≤100
1644214549164677,Halkın Partisi,Halkın Partisi,≤100
197874087030899,Costas Mavrides - Κώστας Μαυρίδης,Costas Mavrides - Κώστας Μαυρίδης,≤100
359990714123068,Οργανισμός Νεολαίας Κύπρου / Youth Board of Cyprus,Οργανισμός Νεολαίας Κύπρου / Youth Board of Cyprus,≤100
162863994461073,Center for Social Innovation - CSI,Center for Social Innovation - CSI,≤100
2147276642205753,Κωνσταντίνος Χριστοφίδης 2023,Neo Kyma | Volt Cyprus,≤100
166733630194637,Trojan Economics,Trojan Economics,≤100
219609525136696,Nicosiapress.com,Δημήτριος Χατζηαντώνη,≤100
477173845681759,Energyintel Services Ltd,Energyintel Services Ltd,≤100
465987706758805,Όμιλος Βιοιατρική - Χημείο Γιαννουκά & Άλφα Εύρεσις,Όμιλος Βιοιατρική - Χημείο Γιαννουκά & Άλφα Εύρεσις,≤100
217613964216,Protathlima.com,Δημήτριος Χατζηαντώνη,≤100
316361765093900,IMH,IMH C.S.C. Ltd,≤100
102944721782406,Γραφείο Επιτρόπου Επικοινωνιών,National CSIRT-CY,≤100
311289838967373,ΚΩΝΣΤΑΝΤΙΝΟΣ ΟΔΥΣΣΕΩΣ,Κωνσταντινος Οδυσσεως,≤100
106303494834594,Elias Hadjikoumis,Elias Hadjikoumis,≤100
885289124894010,Paphos Times,Δημήτριος Χατζηαντώνη,≤100
406404342873724,Κίνημα Οικολόγων - Συνεργασία Πολιτών,Κίνημα Οικολόγων - Συνεργασία Πολιτών,≤100
822417261217421,Dr. Eleni Stavrou - Δρ Ελένη Σταύρου,Eleni Stavrou,≤100
213335395425425,Pissis Ltd,Pissis Ltd,≤100
136778893337076,Nicosia Times,Δημήτριος Χατζηαντώνη,≤100
110278131794312,The Daily Mediterranean News,The Daily Mediterranean News,≤100
206470649447499,CARDET,CARDET,≤100
1473921552826370,Peletico,Peletico,≤100
1795222964037697,Larnaca Times,Δημήτριος Χατζηαντώνη,≤100
527351247377965,European Committee of the Regions,European Committee of the Regions,≤100
740786752650876,Ronald McDonald House Charities Cyprus,Ronald McDonald House Charities Cyprus,≤100
207950992731643,Limassol Times,Δημήτριος Χατζηαντώνη,≤100
1444489395565465,Larnacavoice.com,Δημήτριος Χατζηαντώνη,≤100
358841031473567,ΧΡΥΣΗΣ ΠΑΝΤΕΛΙΔΗΣ,Χρυσανθος Παντελιδης,≤100
638668976238472,Cyprus Times,Cyprus Times,≤100
1087491177963859,EU vs Disinformation,These ads ran without a disclaimer,≤100
1332456093445404,LimassolTimes.com,Δημήτριος Χατζηαντώνη,≤100
104933895703766,Юрист Наталия Комаровская,These ads ran without a disclaimer,≤100
100814389135524,Re-Cult Magnum Interreg VA Greece Cyprus,These ads ran without a disclaimer,≤100
114655911932570,Difox,These ads ran without a disclaimer,≤100
1917715138510680,Follow Your Legend,These ads ran without a disclaimer,≤100
56777943052,One Young World,These ads ran without a disclaimer,≤100
108625789179165,Soi Dog Foundation,These ads ran without a disclaimer,≤100