﻿Page ID,Page name,Disclaimer,Amount spent (EUR)
14053295787,Oxfam France,Oxfam France,≤100
129740893750695,Sexosafe.fr,Santé Publique France,≤100
137102989708866,Fondation Jérôme Lejeune,Fondation Jérôme Lejeune,≤100
81753537108,TotalEnergies,TotalEnergies,≤100
39435457457,Greenpeace France,Greenpeace France,≤100
278422012257681,Le Pacte,Le Pacte,≤100
584967921838392,Veolia,Veolia Environnement SA,≤100
417997281579542,OnSexprime.fr,Santé Publique France,≤100
1410895092518424,The Jokers,The Jokers,≤100
139384127020,HelloWork,These ads ran without a disclaimer,≤100
9025047571,Amnesty International France,Amnesty International France,≤100
176105152520900,Carrefour,Carrefour,≤100
100255681599847,Veolia France,Veolia,≤100
625616024204368,DIGNITE international,Dignite International,≤100
124821480532,Max Havelaar France,Max Havelaar France,≤100
178362315106,European Parliament,European Parliament,≤100
1150185098382760,Fraternité générale,Fraternité générale,≤100
172759396078070,FDJ,These ads ran without a disclaimer,≤100
114676815236667,AIDES,AIDES,≤100
122037308191612,Make.org,Make.org,≤100
146955527905,EU Civil Protection & Humanitarian Aid,These ads ran without a disclaimer,≤100
256197435586,Handicap International - Humanity & Inclusion,Handicap International,≤100
1466667490217580,Arp Sélection,ARP Sélection,≤100
172132485075,Mémorial de la Shoah,These ads ran without a disclaimer,≤100
475475545864761,Curieux,Curieux,≤100
128938130499216,Fepem - Fédération des particuliers employeurs de France,FEPEM,≤100
155317537884626,Ordre de Malte France,Ordre de Malte France,≤100
335868279790722,CIWF France,CIWF France,≤100
112547358788607,CCFD-Terre Solidaire,CCFD-Terre Solidaire,≤100
100271488440946,Tandem,TANDEM FILMS,≤100
1684441541609223,Pour l'Éco,Pour l'Éco,≤100
395919323779707,CRIF,CRIF,≤100
100707905881,Plan International France,Plan International France,≤100
403007780216717,En immersion,O tempora,≤100
109686207314440,Helios,Helios,≤100
100140410085507,350 France,350 France,≤100
1415350452093573,ONU Femmes France,ONU Femmes France,≤100
104793797773009,WhatMatters Officiel,These ads ran without a disclaimer,≤100
147126052393,Libération,Libération,≤100
108983128476286,Afpcnt Prévention des Catastrophes Naturelles et Technologiques,Association Française pour la prévention des catastrophes naturelles et technologiques,≤100
39501691827,Studyrama,These ads ran without a disclaimer,≤100
103804191671034,Tilt,"Tilt, une initiative de l'AFD",≤100
121693529673,Socialter,Socialter,≤100
305260146234994,Geres,Geres,≤100
79566127213,Challenges,Challenges.fr,≤100
364936960317601,Mondafrique,Nicolas Beau,≤100
101106058167117,Green Management School,MediaSchool Group,≤100
48643220735,PLANETE URGENCE,Planète Urgence,≤100
54779960819,United Nations,United Nations with Facebook Ad Credits,≤100