﻿Location name,Amount spent (SEK)
Blekinge County,4014
Dalarna County,8348
Gotland County,1940
Gävleborg County,8303
Halland County,8941
Jämtland County,4150
Jönköping County,9699
Kalmar County,6216
Kronoberg County,5079
Norrbotten County,7598
Skåne County,41564
Stockholm County,69757
Södermanland County,8628
Unknown,≤100
Uppsala County,13245
Värmland County,8410
Västerbotten County,9314
Västernorrland County,6328
Västmanland County,7656
Västra Götaland County,50483
Örebro County,8404
Östergötland County,12320