﻿Page ID,Page name,Disclaimer,Amount spent (THB)
107569661842229,หน่อย-ศุภนาถลดา รัตนาธนัชภัค,หน่อย-ศุภนาถลดา รัตนาธนัชภัค,2561
104179515944602,ประชาธิปัตย์ จันทบุรี-ตราด,Unicronet - Digital Marketing Solution,1566
101673076131930,พรรคเปลี่ยน,นอท พันธ์ธวัช นาควิสุทธิ์,602
137188693021815,สืบจากข่าว,สืบจากข่าว,116
451864701523507,Infographic Thailand,Infographic Thailand,≤100
113023081702937,ธีระ สลักเพชร,ธีระ สลักเพชร,≤100
102807719039442,พรรครวมไทยสร้างชาติ United Thai Nation Party,พรรครวมไทยสร้างชาติ United Thai Nation Party,≤100
149079361791677,พรรคเพื่อไทย,พรรคเพื่อไทย,≤100
157659344260788,จุรินทร์ ลักษณวิศิษฏ์ Aoodda,Jurin Laksanawisit,≤100
101535845426970,พรรคไทยสร้างไทย,พรรคไทยสร้างไทย,≤100
2230596726985945,ฮาย ปวิศรัฐฐ์ ติยะไพรัช,บริษัท เวิร์ค 360 จำกัด,≤100
296508406790,"Democrat Party, Thailand พรรคประชาธิปัตย์","Democrat Party, Thailand พรรคประชาธิปัตย์",≤100
241115389300595,คุณหญิงสุดารัตน์ เกยุราพันธุ์ Sudarat Keyuraphan,คุณหญิงสุดารัตน์ เกยุราพันธุ์ Sudarat Keyuraphan,≤100
116679231319335,ตุ๊ก - กานสินี,Dunyawat  Bamrungchan,≤100
110925395241605,พรรครักษ์ผืนป่าประเทศไทย,These ads ran without a disclaimer,≤100
104427797605274,พี่ต่อ ดร.เฉลิมชัย ศรีอ่อน “คำไหน-คำนั้น”,ดร.เฉลิมชัย ศรีอ่อน รัฐมนตรีว่าการกระทรวงเกษตรและสหกรณ์,≤100
102530815945359,องอาจ วชิรพงศ์,Areeya Namdokmai,≤100
480222865705980,สรรเพชญ บุญญามณี,สรรเพชญ บุญญามณี,≤100
1635406246730420,วรงค์ เดชกิจวิกรม - Warong Dechgitvigrom,Supaporn Sakuljuy,≤100
2046265545683549,เชียร์ลุง,เชียร์ลุง,≤100
2151302718520482,ธิดารัตน์ ยิ่งเจริญ Tidarat Yingcharoen,ธิดารัตน์ ยิ่งเจริญ Tidarat Yingcharoen,≤100
112073738279329,สิงโต - ศักดิ์สิทธิ์ ขาวทอง,สิงโต - ศักดิ์สิทธิ์ ขาวทอง,≤100
115922723434700,ครูเจพีสรุปย่อ for Teacher,ครูเจพีสรุปย่อ for Teacher,≤100
149079361791677,พรรคเพื่อไทย,These ads ran without a disclaimer,≤100
100761582502948,จารุพล เรืองสุวรรณ - อาจารย์จา,Charupol Ruangsuwan,≤100
707294083039692,เบียร์ พนธกร,เบียร์ พนธกร,≤100
746897038728067,นพ.บัญญัติ เจตนจันทร์,นพ.บัญญัติ เจตนจันทร์,≤100
109316932096944,ดร.พร้อมพงศ์ นพฤทธิ์ - Dr.Prompong Nopparit,Prompong Nopparit,≤100
224633698033299,The Better news,The Better news,≤100
120584364308926,Fcรองแก๊ป-ศักดา สมบูรณ์ลักขณา,Thanarat Tubtieamsuk,≤100
101198638198779,Wiroj Lakkhanaadisorn - วิโรจน์ ลักขณาอดิศร,These ads ran without a disclaimer,≤100
109479500554299,เชียร์ลุง 2,เชียร์ลุง 2,≤100
175034722553191,ดร.ลีลาวดี วัชโรบล,ลีลาวดี วัชโรบล,≤100
111494824691027,มงคล เหลี่ยมวัฒนกุล - Mongkol Liamwattanakul,มงคล เหลี่ยมวัฒนกุล - Mongkol Liamwattanakul,≤100
651699931624315,Techsauce,Techsauce,≤100
118757751143686,อิทธิพล ชลธราศิริ - Itthiphon Chontharasiri - แบงค์ชัย,Itthiphon Chontharasiri,≤100
426973790733296,ถาวร เสนเนียม,ถาวร เสนเนียม,≤100
104393812499502,ชีทสรุปกฎหมาย สำหรับสอบราชการ พนักงานราชการ by.kantap,ชีทสรุปกฎหมาย สำหรับสอบราชการ พนักงานราชการ by.kantap,≤100
107612328588715,The Voters,สันติสุข กาญจนประกร,≤100
111981083759952,พรรคก้าวไกล ตราด,Pannasate Numnoo,≤100
100893829013139,ภูริวรรธก์ ใจสำราญ - Puriwat Chaisamran,Puriwat Chaisamran,≤100
113001706909463,สส.เป้ นภาพร เพ็ชร์จินดา Dr.Napaporn Petchinda,สส.เป้ นภาพร เพ็ชร์จินดา Dr.Napaporn Petchinda,≤100
622674297897819,Screenshirt2020,Screenshirt2020,≤100
418729291509368,สถาบันปรีดี พนมยงค์ Pridi Banomyong Institute,สถาบันปรีดี พนมยงค์ Pridi Banomyong Institute,≤100
111341764925564,สำนักสนับสนุนการพัฒนาระบบสุขภาพ - สำนัก 7 สสส.,สำนักสนับสนุนการพัฒนาระบบสุขภาพ - สำนัก 7 สสส.,≤100
106561034744198,ลอรี่ - พงศ์พล ยอดเมืองเจริญ,ลอรี่ - พงศ์พล ยอดเมืองเจริญ,≤100
101504656149099,Peace Sasipatra  - พีซ ศศิร์ภัทรา,Peace Sasipatra  - พีซ ศศิร์ภัทรา,≤100
1290096604421263,ศรัณยา สุวรรณพรหม,These ads ran without a disclaimer,≤100
365923533756876,Kleens อกไก่ปั่น,สันตยุต ทองวิลาศ,≤100
106492485566151,วิชิต วราศิริกุล เพื่อทุ่งครุ-ราษฎร์บูรณะ เราทำได้,Nattagid Manasermwong,≤100
323247744971718,โชคชัย ทองศักดิ์,Sorasak Sraserm,≤100
601953326929372,ธัญวัจน์ กมลวงศ์วัฒน์ - Tunyawaj Kamolwongwat,Tunyawaj Kamolwongwat,≤100
539119526485380,ทนายใหญ่ ธิมาชัย,ใหญ่ ธิมาชัย,≤100
108515294626891,สอบข้าราชการท้องถิ่น By Thurakan,Chiraphorn Thuree,≤100
106243851437176,รับทำสปอตโฆษณา สปอตหาเสียง สปอตเลือกตั้ง อัดเสียงโฆษณา,These ads ran without a disclaimer,≤100
160708491185944,เตรียมสอบอำนวยการ-บริหารท้องถิ่น รอบ 3 โดยพี่แบงค์ ติวสอบท้องถิ่น,These ads ran without a disclaimer,≤100
100915662043252,Denis Ads.,บริษัท เดนิส แอดส์ จำกัด,≤100
114914794432449,กฎหมายใช้สอบราชการ by Æ+,กฎหมายใช้สอบราชการ by Æ+,≤100
101755712680612,รัก ณิชาภา โกวิทานนท์ ว่าที่ผู้สมัคร สส. เพื่อไทย สมุทรสงคราม,รัก ณิชาภา โกวิทานนท์ ว่าที่ผู้สมัคร สส. เพื่อไทย สมุทรสงคราม,≤100
100530401779420,พรรคไทยภักดี,พรรคไทยภักดี,≤100
109890411945719,นพ.ญาณกิตติ์ ห่วงทรัพย์,Natthavut Damtongsuk,≤100
1127035387449522,BANGKOK THROUGH POSTER,These ads ran without a disclaimer,≤100
101903785231136,นายกไก่กังวาล ศักดิ์ชัย พิศาลผล,Thanachit Phraemuang,≤100
110144991464196,กรอบลอยไวนิล แคนวาส บอร์ดไดคัท 99 บาท มีเก็บปลายทาง,Sakawtip Utha,≤100
101929192507604,D reame-novel 05,These ads ran without a disclaimer,≤100