﻿Page ID,Page name,Disclaimer,Amount spent (EUR)
39435457457,Greenpeace France,Greenpeace France,113
106626487721376,Amazon Europe,Amazon France,≤100
9025047571,Amnesty International France,Amnesty International France,≤100
14053295787,Oxfam France,Oxfam France,≤100
384955301529344,Institut du Cerveau - Paris Brain Institute,Institut du Cerveau - Paris Brain Institute,≤100
193941174044646,La Vingt-Cinquième Heure,La Vingt-Cinquième Heure,≤100
81753537108,TotalEnergies,TotalEnergies,≤100
93745060700,CARE,CARE France,≤100
335868279790722,CIWF France,CIWF France,≤100
100140410085507,350 France,350 France,≤100
116070051527,Mediapart,Mediapart,≤100
26907085049,Scouts et Guides de France,Scouts et Guides de France,≤100
147547541961576,Council of the European Union,Council of the European Union,≤100
116455261255,Action contre la Faim (France),Action contre la Faim,≤100
114676815236667,AIDES,AIDES,≤100
113579678698073,La SPA - Société Protectrice des Animaux,La SPA - Société Protectrice des Animaux,≤100
102001075501212,Moovance,Moovance,≤100
178362315106,European Parliament,European Parliament,≤100
252417390706,APF France handicap,APF France handicap,≤100
173159234432,UNICEF France,UNICEF France,≤100
123875660969932,ENGIE,ENGIE,≤100
328157150830,Fondation Perce-Neige,Fondation Perce-Neige,≤100
100255681599847,Veolia France,Veolia,≤100
1466667490217580,Arp Sélection,ARP Sélection,≤100
106554597767346,UNHCR France,UNHCR France,≤100
145664313583,AVSF - Agronomes & Vétérinaires Sans Frontières,AVSF - Agronomes et Vétérinaires Sans Frontières,≤100
278641698813937,Fondation Raoul Follereau,Fondation Raoul Follereau,≤100
152835304742765,Les Petits Frères des Pauvres,Les Petits Frères des Pauvres,≤100
79566127213,Challenges,Challenges.fr,≤100
100160149099313,Justice Initiative,Justice Initiative,≤100
197118360320055,ONE France,ONE Fr,≤100
147126052393,Libération,Libération,≤100
364959206939410,ACAT France,ACAT France,≤100
278422012257681,Le Pacte,Le Pacte,≤100
103416736086686,,These ads ran without a disclaimer,≤100
176663393102,La Cimade,La Cimade,≤100
103804191671034,Tilt,"Tilt, une initiative de l'AFD",≤100
265420476920,Médecins du Monde France,Médecins du Monde France,≤100
1684441541609223,Pour l'Éco,Pour l'Éco,≤100
124635890909275,Apprentis d'Auteuil,Apprentis d'Auteuil,≤100
426832457756357,Mes Soutiens,ORIXA MEDIA,≤100
1030528233746321,Le mouvement,le mouvement,≤100
107808105469097,La Dianétique - France,Digitalis,≤100
282361555175058,Sanctuaire de Lisieux,Sanctuaire de Lisieux,≤100
101840952495180,Common Good Summit,Challenges,≤100
910916945628993,Explore Découverte,Explore Media,≤100
190767987677923,Institut Curie,Institut Curie,≤100
208598842537710,KMBO,KMBO,≤100
135590433555491,Diffuz Solidaire,MACIF,≤100
54568872127,Association Un enfant par la main,Un Enfant par la Main,≤100
1891306977793412,France Alzheimer et maladies apparentées,France Alzheimer et maladies apparentées,≤100
120780477955028,Secours populaire,Secours populaire,≤100
41452575362,Surfrider Foundation Europe,Surfrider Foundation Europe,≤100
108854242161197,Factuel,Factuel,≤100
382775905162847,Unlock France,Agir pour le climat,≤100
108961334029224,Ekō en français,Ekō,≤100
108962652194362,,These ads ran without a disclaimer,≤100
413401852112275,La Mie de Pain,LA MIE DE PAIN,≤100
162383987105585,Association Valentin Haüy - AVH,Association Valentin Haüy - AVH,≤100
360872824739466,Fondation Française de l'Ordre de Malte,Fondation Française de l'Ordre de Malte,≤100
111813051744,ACTION ENFANCE,ACTION ENFANCE,≤100
112547358788607,CCFD-Terre Solidaire,CCFD-Terre Solidaire,≤100
110135545683962,Dulac Distribution,Dulac Distribution,≤100
566508133498745,Klorane Botanical Foundation,Klorane Botanical Foundation,≤100
154912951193067,Médecins Sans Frontières / MSF,Médecins Sans Frontières,≤100
144248248998626,Vivre et Aimer France,Vivre et Aimer France,≤100
194476427258332,Rezo Films,Rezo Films,≤100
457316367752668,Info'Com-CGT,Info'Com-CGT,≤100
241694996718264,NF Habitat,Cerqual,≤100
121120854301727,,These ads ran without a disclaimer,≤100
155317537884626,Ordre de Malte France,Ordre de Malte France,≤100
123674940994027,Revue Esprit,Revue Esprit,≤100
201716123952571,Mon épargne et moi,Natixis Investment Managers,≤100
702065149817690,Citizengo France,Citizengo France,≤100
402894249820426,Crédit Agricole Provence Côte d'Azur,Crédit Agricole Provence Côte d'Azur,≤100
109271965783066,Usbek & Rica,Usbek & Rica,≤100
361835540609243,Les Papillons de Jour,Les Papillons de Jour,≤100
618145235013084,Fondation Terre Solidaire,Fondation Terre Solidaire,≤100
754644594590474,Soulager mais pas tuer,Soulager Mais Pas Tuer,≤100
109629611650694,"Good Clothes, Fair Pay",These ads ran without a disclaimer,≤100
220098248063927,Samusocial de Paris,Samusocial de Paris,≤100
321102471315265,Elues Locales,Elueslocales.fr,≤100
403007780216717,En immersion,O tempora,≤100
100420934912134,Bubble it,bubble it drinks,≤100
107741745508015,Éric Minardi,Eric Minardi,≤100
113205478695478,Bleu-Blanc-Coeur,Bleu-Blanc-Coeur,≤100
146613439195230,Michel-Edouard Leclerc,Michel-Edouard Leclerc,≤100
121693529673,Socialter,Socialter,≤100
154763104543358,Vision du Monde,Vision du Monde,≤100
291803297264,Action Education - en français,Aide et Action - Officiel,≤100
1415350452093573,ONU Femmes France,ONU Femmes France,≤100
148215498569083,Pierre Fabre Group,These ads ran without a disclaimer,≤100
119606718113453,Lagazette.fr,Infopro Digital,≤100
858134500912258,Cinéma documentaire,LuckyTime,≤100
711744789193944,Axenergie,Axenergie,≤100
395919323779707,CRIF,Crif,≤100
110656998412536,Maison & équipements : Mes panneaux solaires,These ads ran without a disclaimer,≤100
112625036789236,Les Papillons de Jour Corse,Les Papillons de Jour,≤100
100405989281079,Caisse de solidarité,Caisse de solidarité,≤100
104938145646106,ASLA - Soutien aux lanceurs d'alerte,ASLA - Soutien aux lanceurs d'alerte,≤100
1259553840722123,Romain Collignon,These ads ran without a disclaimer,≤100
208868999155447,UNADEV - Union Nationale des Aveugles et Déficients Visuels,Union Nationale des Aveugles et Déficients Visuels,≤100
106905277331650,Actu-Juridique.fr,Actu-Juridique.fr,≤100
395919323779707,CRIF,CRIF,≤100
112754391725906,hope.lgbtqia,These ads ran without a disclaimer,≤100
152342924830630,France 3 Occitanie,These ads ran without a disclaimer,≤100
20480307504,IGLTA,These ads ran without a disclaimer,≤100
103897958789190,Academie des sacres REIMS,These ads ran without a disclaimer,≤100
1175684215786558,Groupe Tremblaye,Groupe Tremblaye,≤100
244309777833,UCO Angers,Université Catholique de l'Ouest,≤100
1697450280303051,4CBTP - Stop Caisses de Congés du BTP,These ads ran without a disclaimer,≤100
138301850146155,AOC,AOC,≤100
625616024204368,DIGNITE international,Dignite International,≤100
237946106299568,Cafeyn FR,These ads ran without a disclaimer,≤100
105391268907831,Thibaut François,Thibaut François,≤100
876923129144814,Pollers,Pollers,≤100
322525974467262,EFFICYCLE,EFFICYCLE,≤100
179279165463695,Institut Catholique de Paris,Institut Catholique de Paris,≤100
304875692979410,L'Usine Digitale,Infopro Digital,≤100
192583130787628,Réel média,These ads ran without a disclaimer,≤100
475614645800988,Pour une santé solidaire – Solimut Mutuelle de France,Solimut Mutuelle de France,≤100
164743920229688,AELO - Association Nationale des Elus Locaux d'Opposition,AELO - Association des Élus Locaux d'Opposition,≤100
115663880268999,Podcastine,Podcastine,≤100
101106058167117,Green Management School,MediaSchool Group,≤100
120292721389667,Philippe Vardon,Philippe Vardon,≤100
196305677194732,Bastide Niel,Bastide Niel,≤100
140431706089748,Université Catholique de Lille,Université Catholique de Lille,≤100
1643393112549158,JHR Films,JHR FILMS,≤100
115949498156815,L'humidif'Air,These ads ran without a disclaimer,≤100
10653845964,Caisse d'Epargne,Caisse d'Epargne,≤100
763722197034246,En Développement,These ads ran without a disclaimer,≤100
1620638098209175,SOS MEDITERRANEE France,SOS MEDITERRANEE France,≤100
376460652377147,Énergie Partagée,Énergie Partagée,≤100
108434938575100,Michael Taverne,Michael Taverne Député,≤100
557139521084091,ICT Institut Catholique de Toulouse,Université Catholique de Toulouse,≤100
543966612290222,AJC Paris,AJC Paris,≤100
116097341519,BOSS,These ads ran without a disclaimer,≤100
269684863667493,AuxSons,Zone Franche,≤100
112511361680353,Life at Rimac,These ads ran without a disclaimer,≤100
114902397079508,CnC Expertise,These ads ran without a disclaimer,≤100
1120531401457061,BIBAK,These ads ran without a disclaimer,≤100
293970490688629,François Alfonsi (Officiel),FAlfonsi,≤100
223157613046670,NG,These ads ran without a disclaimer,≤100
660605300621460,Fondation Brigitte Bardot,These ads ran without a disclaimer,≤100
2409371185963750,MBA and Beyond Admission Consulting,These ads ran without a disclaimer,≤100
198821836846426,Animaux Santé,These ads ran without a disclaimer,≤100
167266836718447,Chateau Brown,Château Brown,≤100
104183211977294,bruledesign,These ads ran without a disclaimer,≤100
100879895772924,Le bois dans tous ses états,These ads ran without a disclaimer,≤100
121845411167890,Région Centre-Val de Loire,Région Centre Val de Loire,≤100
2218331548432159,Epycure,These ads ran without a disclaimer,≤100
1249630708423717,MUNER Motorvehicle University of Emilia-Romagna,These ads ran without a disclaimer,≤100
312127148896464,BRITA France,These ads ran without a disclaimer,≤100
108287895472317,GRDF Occitanie et Nouvelle-Aquitaine,GRDF Occitanie et Nouvelle-Aquitaine,≤100
1141540125904624,Ecole Willy Chamming's,These ads ran without a disclaimer,≤100
270730473857893,PG Professionnel du Gaz,These ads ran without a disclaimer,≤100
1840617676028308,MC Max 大力,These ads ran without a disclaimer,≤100
104015018553973,The Genesis Prize - פרס בראשית,These ads ran without a disclaimer,≤100
108625789179165,Soi Dog Foundation,These ads ran without a disclaimer,≤100
149935233872959,up.clothingofficial,These ads ran without a disclaimer,≤100
1754762461497828,TWSS,These ads ran without a disclaimer,≤100
109023530752200,Changing Markets Foundation,These ads ran without a disclaimer,≤100
100386342622682,Studerende på Københavns Universitet,These ads ran without a disclaimer,≤100
89151782746,Fauna & Flora International,These ads ran without a disclaimer,≤100