﻿Page ID,Page name,Disclaimer,Amount spent (INR)
114233898263244,Indian Compass Videos,theindiancompass.com,1025
1614689125343644,SILAII,SILAII,668
163482264042074,Razak Paleri,Razak Paleri,625
108250611496032,Politics Unplugged,Politics Unplugged,612
105666107865234,Vedhik IAS Academy,These ads ran without a disclaimer,424
1434753153489234,"DIPR, Department of Information & Public Relations, Rajasthan",DIPR,388
109937650579639,discovery+,discovery+,370
524665794408050,CASA,CASA India,290
112058781694921,Fiigs India,Lebhaari,266
1818020935123174,Dr. Shama Mohamed,Dr. Shama Mohamed,248
395658807511230,International Automobile Centre of Excellence,International Automobile Centre of Excellence (iACE),227
230928993692415,Infopark,Infopark,224
107334185444129,Charitism Global,Charitism Global,208
330760810293224,HelpAge India,HelpAge India,206
1419862808242488,Decathlon Sports India,These ads ran without a disclaimer,197
104209257792439,Classic Hyundai,These ads ran without a disclaimer,186
174283119250672,Bal Raksha Bharat,Bal Raksha Bharat,185
108992338707380,Ankur Warikoo Courses,These ads ran without a disclaimer,181
21169267101,Give,Give,175
270666596375251,Jhatkaa.org,Jhatkaa.org,175
106448702408902,Riyas Khan,Riyas Khan,150
103782051383159,School of Politics,School of Politics,122
107594063255738,Ankur Warikoo,These ads ran without a disclaimer,121
109545244848137,Crafto,Kutumb App,120
132689140088396,smilefoundation,smilefoundation,119
109470364774303,Ellorum Nammudan,Ellorum Nammudan,118
133493680681261,Borra Gnaneshwer Mudhiraj,Borra Gnaneshwer Mudhiraj,116
104993285466111,Absolute,Absolute,≤100
317463093373,The Akshaya Patra Foundation,These ads ran without a disclaimer,≤100
1631196377103183,Sleepwell Foundation,Sleepwell Foundation,≤100
186691125128189,Air Liquide,These ads ran without a disclaimer,≤100
123405501008524,Mercedes-Benz India,Mercedes-Benz India,≤100
737322436378923,Shijith Thomas Kuzhuvelil Chittarikkal,Shijith Thomas Kuzhuvelil Chittarikkal,≤100
113804134296874,Life is short,These ads ran without a disclaimer,≤100
499079500274215,Indo-Pacific Defense Forum Korean,These ads ran without a disclaimer,≤100
100735178208398,Udyami India,Samadhan Samiti,≤100
797927846899300,Flag Foundation of India,Flag Foundation of India,≤100
109674051919920,Gaga for Raga,Gaga for Raga,≤100
496152997111179,Azhimukham,Azhimukham,≤100
243524299157863,Pushkar Singh Dhami,Pushkar Singh Dhami,≤100
1541549386059854,Watermark Event Solutions LLP,Watermark Event Solutions LLP,≤100
101437656247049,Modi Quotes,Modi Quotes,≤100
225880470895137,I Am Congress,I Am Congress,≤100
479998865355592,Aditya Birla Group,Aditya Birla Group,≤100
101713962007976,Amrit Mahotsav,Amrit Mahotsav,≤100
106513368217532,Kento Jini,Kento Jini,≤100
30290552843,Greenpeace India,Greenpeace India Society,≤100
2431806523558570,Aditya Bhagat,Aditya Bhagat,≤100
102585599142804,Baatein Unlocked,Baatein Unlocked,≤100
421179061356837,Eknath Shinde - एकनाथ संभाजी शिंदे,Eknath Shinde - एकनाथ संभाजी शिंदे,≤100
200282365358233,Suprakash Giri,Suprakash Giri,≤100
204318116677554,National Herald,National Herald,≤100
102123079337554,International Society for Krishna Consciousness,ISKCON Delhi,≤100
132689140088396,smilefoundation,Smile Foundation,≤100
439063049462765,Kanimozhi Karunanidhi,Kanimozhi Karunanidhi,≤100
111371925032919,rebel__biker,These ads ran without a disclaimer,≤100
459632330778523,Anand Rathi Shares and Stock Brokers Limited,These ads ran without a disclaimer,≤100
101993206299367,KGM MEDIA,INDIA ESEVA KENDRA,≤100
316365575140365,Rozana Spokesman,Rozana Spokesman,≤100
116383754696955,Antardhwani - The Inner Voice,Antardhwani,≤100
142752549111246,Construction World,Asapp Info Global Services Pvt. Ltd.,≤100
165714096933078,Piyush Goyal,Piyush Goyal,≤100
1644165492504830,Anekal Ramoji Gowda,Anekal Ramoji Gowda,≤100
121323597625636,Manne Srinivas BJP,Manne Srinivas BJP,≤100
200785939952755,red magazine,These ads ran without a disclaimer,≤100
33497111948,Child Rights and You,Child Rights and You,≤100
276512419511205,Kathi Karthika,Policy Briefcase,≤100
101215025634303,Sahya Now,Sahya Now,≤100
318205675275285,APL Apollo Tubes Limited,APL Apollo Tubes,≤100
116822768068808,The Big Bench,Futuready Media Pvt Ltd,≤100
1442333275986985,Yarapathineni Srinivasarao,These ads ran without a disclaimer,≤100
167118396824153,Akshay Kanti Bam,Akshay Kanti Bam,≤100
121924297508141,Impact Guru Foundation India,Impact Guru Foundation,≤100
384000501947350,Devendra Yadav,Think First,≤100
592160907509900,Diya Kumari,Diya Kumari,≤100
482995668516642,Cochin Tribune,These ads ran without a disclaimer,≤100
103608785465727,TechLeela Solutions Pvt. Ltd,TechLeela Solutions Pvt. Ltd,≤100
104521050914326,Baliram Siraskar,Baliram Siraskar,≤100
102715296085726,Neta Ji,Awesomebyte,≤100
101206052272845,Devi Singh Shekhawat,Devi Singh Shekhawat,≤100
107512861394623,MainCross,MainCross Systems Pvt Ltd,≤100
109986065209042,Mera Apna Rahul,MeraApnaRahul,≤100
141183519817477,Aiyshwarya Manchanahalli Mahadev,Policy Briefcase,≤100
116822768068808,The Big Bench,Future Ready Media,≤100
678876002499539,Mohd Shamim Khan,MEGA TRENDS ADVERTISING LTD,≤100
186199704897466,RD Foundation,RD Foundation,≤100
352171861622734,Roji M John,Roji M John,≤100
103960295837535,Satyanarayan Khoiwal,Satyanarayan Khoiwal,≤100
110772737414872,SambadSamakal,sambadsamakal,≤100
114592314849721,Sunil Maheshwari,Sunil Maheshwari,≤100
107729402302653,Amit Shah Fan Club,Amit Shah Fan Club,≤100
1937229199904146,Universal Diplomatic Affairs of Human Rights,Universal Diplomatic Affairs of Human Rights,≤100
114199098396956,Sarjeet Mahiraniya Sarai,These ads ran without a disclaimer,≤100
102218576103904,Badlaav ki Aandhi Priyanka Gandhi,Badlaav Ki Aandhi Priyanka Gandhi,≤100
1978240835728263,Virendra Sharma Hawamahal,Virendra Sharma Hawamahal,≤100
478603635611322,Rahul Borole,Rahul Borole,≤100
441249902634004,Baba Siddique,Baba Siddique,≤100
435124759989017,Yogendra Singh Mandloi,Yogendra Singh Mandloi,≤100
107680954849478,Election Advisor App,Election Advisor App,≤100
746568209028564,Dr. Basu Eye Hospital,Dr. Basu Eye Hospital,≤100
106261054498841,Advocate Rajat Bhargava,Advocate Rajat Bhargava,≤100
177924969696841,Rajendra Tiwari,Rajendra Tiwari,≤100
224618077692752,Sanjay Tandon,CosMark Media Pvt Ltd,≤100
347000259057520,Sangita Talmale,Sangita Talmale,≤100
521087391666842,Dr.Rajesh Babal,Dr.Rajesh Babal,≤100
773786052799615,Atul Sharma,Atul Sharma,≤100
976915365721673,Anumula Revanth Reddy,Anumula Revanth Reddy,≤100
115659084775659,"I Support Political Chanakya ""Amit Shah""","I Support Political Chanakya ""Amit Shah""",≤100
108903808756780,Team Mukesh Sharma,Team Mukesh Sharma,≤100
556794794409307,Sapthagiri Gowda,Sapthagiri Gowda,≤100
112758448504548,Bandi Ramesh BRS,Keyblocks Strategy Consulting,≤100
109135195470298,ಮೋಡಿ ಮಂತ್ರಿಕರು,These ads ran without a disclaimer,≤100
1328641770614516,Manoj Kotak,Manoj Kotak,≤100
175198709532974,Bhabesh kalita ভৱেশ কলিতা,Suryanetram,≤100
118874757371106,Srikanth Bhima,Srikanth Bhima,≤100
101939288980841,Prathamesh Abnave Fc,These ads ran without a disclaimer,≤100
350558792662542,Neeru Yadav,Neeru Yadav,≤100
107694231065950,Virender lohia,Virender lohia,≤100
419318464900338,Rajveer Singh - Raju Bhaiya,Rajveer Singh - Raju Bhaiya,≤100
153891144797146,Uttam Kumar Reddy,Uttam Kumar Reddy,≤100
101442072982172,Mujeeb Ullah Shareef,Mujeeb Ullah Shareef,≤100
1077677698922724,Er Sarvan kumar Nishad,Er Sarvan kumar Nishad,≤100
104071715577392,SK International Sainik School Retharedharan - Sangli,SK International Sainik School Retharedharan - Sangli,≤100
203795313615859,PDTV News,PDTV News,≤100
111770854054940,Pushkar Dhami for Uttarakhand,Pushkar Dhami for Uttarakhand,≤100
389557067910726,Arvind Menon,Arvind Menon,≤100
132859090587882,Surajit Datta,Surajit Datta,≤100
2082424261866450,Vii Media,Vii Media,≤100
1660545834170889,Bhaskar Sharma ভাস্কৰ শৰ্মা,Xpec Innovations Pvt ltd,≤100
433130516821224,Umang Singhar,Umang Singhar,≤100
397012043647456,Biharilal Bishnoi,Biharilal Bishnoi,≤100
112783684949168,Vikram Singh Gondiya - भेरुगढ़,Vikram Singh Gondiya - भेरुगढ़,≤100
1675237799375590,Chandra Mohan Patowary,Chandra Mohan Patowary,≤100
639252199805894,Andela Sriramulu Yadav,Andela Sriramulu Yadav,≤100
111306044387629,Vishambhar Poonia,Vishambhar Poonia,≤100
10150110302115599,Genesis Foundation,Genesis Foundation,≤100
112312416958369,Sandeep Hindustani,Brand Recourse Technologies Pvt Ltd,≤100
1623593404522945,Subhash Maharia,Subhash Maharia,≤100
216212401822761,Voice of India,Voice of India,≤100
1418961411498523,Nimrat Kaur,Nimrat Kaur,≤100
112314771829803,NorthEast Global Investors Summit,NorthEast Global Investors Summit,≤100
100193472986676,भारतीय राजनीति के चाणक्य - अमित शाह,भारतीय राजनीति के चाणक्य - अमित शाह,≤100
695738973874352,Dr. Sumer Singh Solanki,Dr. Sumer Singh Solanki,≤100
1802523420012948,Pratap Singh Khachariyawas,Pratap Singh Khachariyawas,≤100
939229469573667,Karan Kachhadiya,Karan Kachhadiya,≤100
256278471555187,Baat Janta Ki,Baat Janta Ki,≤100
102226072877033,vradhi Chand Gurjar dysp,vradhi Chand Gurjar dysp,≤100
713416382011902,Sahil Shivaji Kedari,Sahil Shivaji Kedari,≤100
108015368279979,Solh Wellness,Solh Wellness,≤100
657807310972715,Laxman Singh INC,Laxman Singh INC,≤100
100626199690541,We Support Amit Shah,We Support Amit Shah,≤100
107660828589805,Dr K.R. Daukiya,Dr K.R. Daukiya,≤100
935503089847466,Pant Path,Pant Path,≤100
106579659123221,ICWF World,ICWF Events & Exhibitions LLP,≤100
104633612411419,Dr Samir Kagalkar,Dr Samir Kagalkar,≤100
449378495112356,Swades Foundation,Swades Foundation,≤100
643001122724792,Shambhu Kumar,Shambhu Kumar,≤100
1327351450720146,Pradhan Mantri Bhartiya Janaushadhi Pariyojana,Pharmaceuticals & Medical Devices Bureau of India,≤100
2238940452991193,Adv. Santosh Pandey,Adv. Santosh Pandey,≤100
109034074092751,Rakesh Dayma BJP,Rakesh Dayma BJP,≤100
256683878023906,Atul Bora  অতুল বৰা,Atul Bora  অতুল বৰা,≤100
2069232146698558,Dharmana Ram Manohar Naidu,Dharmana Ram Manohar Naidu,≤100
100195048804779,KRJ Bharath,KRJ Bharath,≤100
113219065959717,Rambilas Meena-Dungarpur,Rambilas Meena-Dungarpur,≤100
702261793211461,Dilip Saikia,Dilip Saikia,≤100
109179291985422,Adavalli Krishna,Adavalli Krishna,≤100
109058654923540,सब का साथ सब का विकास,सब का साथ सब का विकास,≤100
108531050841926,Shanu Yadav,Shanu Yadav,≤100
150568511802483,Paras Jain,Paras Jain,≤100
108935364979003,Ragidi Laxma Reddy,Ragidi Laxma Reddy,≤100
405946399503906,Vishnu Chetani BJP,Vishnu Chetani BJP,≤100
535293583268635,Kailash Choudhary,Kailash Choudhary,≤100
111530207269516,Sudha Bhardwaj,Sudha Bhardwaj,≤100
102123419539115,Amit Shah Fan Army,Amit Shah Fan Army,≤100
458921050845532,Dr. Kailash Verma,Dr. Kailash Verma,≤100
433382980078113,Gudur Narayana Reddy,Kalyan Chandra Consulting,≤100
110194685265228,Praveen Jha,Praveen Jha,≤100
330228123709826,Sonu Singh,Sonu Singh,≤100
108514547331755,Sandeep Jain,Sandeep Jain,≤100
257916314892663,Kaustubh Narayan Misra,Kaustubh Narayan Misra,≤100
183635768462259,Madan Kaushik,Abhimanyu Singh,≤100
988113031199582,Dr. Ramesh Chand Tomar,Dr. Ramesh Chand Tomar,≤100
152154292012572,Navjivan,Navjivan,≤100
110041803678379,Kabir Shankar Bose,Kabir Shankar Bose,≤100
774085386059198,Voice Of Healthcare,Voice Of Healthcare,≤100
543596058995303,"Dr. Param Navdeep Singh Doctor, Social Activist, Politician","Dr. Param Navdeep Singh Doctor, Social Activist, Politician",≤100
1785302198354679,Dr. Somendra Tomar,Dr. Somendra Tomar,≤100
2142182565826257,Aapno Ashok - आपणों अशोक,Aapno Ashok - आपणों अशोक,≤100
101764846319035,pen pencil ka job 15000 se 30000 Tak Ghar baithe job joining fees 620,These ads ran without a disclaimer,≤100
112326528253527,Apex Online Solution,Apex Online Solution,≤100
365797377098776,Nityanand Rai,Luna Creatives Pvt Ltd,≤100
105919999093332,Varta24/वार्ता 24,Varta24/वार्ता 24,≤100
1748666768770943,Umakant Sharma MLA,Umakant Sharma MLA,≤100
106791405810426,dineshkumarsingh9337,These ads ran without a disclaimer,≤100
110651942952797,Ramdev Singh,Ramdev Singh,≤100
995902327142587,Bharat Sharma INC,Bharat Sharma INC,≤100
110330611716054,Dr P.V Siddareddy MLA,Dr P.V Siddareddy MLA,≤100
102277376171800,Yash Agarwal,Yash Agarwal,≤100
437828706311870,Shyam Singh Rajawat,D P ENTERPRISES,≤100
1807761416182426,Kamal Midha,Kamal Midha,≤100
115922431554159,constitution_simplified,These ads ran without a disclaimer,≤100
114171067020328,Malreddy Ramreddy,Malreddy Ramreddy,≤100
564340420252773,Amit Sihag,Amit Sihag,≤100
103207111882017,Archane Design by Meer,These ads ran without a disclaimer,≤100
106717649071157,I Support Amit Shah,I Support Amit Shah,≤100
427314247741421,Ashok Chandna Supporters,Ashok Chandna Supporters,≤100
283160581797691,Narendra Modi for PM,Modi For PM Organisation,≤100
231512217793516,Ashok Goel Mangaliwala,Ashok Goel Mangaliwala,≤100
110796095070897,Sumathi Suratani BJP,Sumathi Suratani BJP,≤100
100423322637137,Kawasi lakhma,Kawasi lakhma,≤100
110088445119599,The TeaVee,The TeaVee,≤100
108139408997474,Sumit Biholi,SPSM Digital,≤100
105311899249332,CorruptionNath - करप्शननाथ,corruptionnath.com,≤100
386368255547879,राजन विश्वकर्मा समाजसेवी सिसवा बाजार नगर पालिका,राजन विश्वकर्मा समाजसेवी सिसवा बाजार नगर पालिका,≤100
304794613213995,Rajiv Yadav,Rajiv Yadav,≤100
100106038104382,Vishal Saini,Vishal Saini,≤100
321228061382932,Pt. Shekhar Dixit,Websofy Software Private Limited,≤100
565714670143123,Ashok Saini,Engitech Media,≤100
100716023038797,The Fun Factory,The Fun Factory,≤100
110907065232642,Team Shyam Mali Bhakri,Team Shyam Mali Bhakri,≤100
1476885482524300,Chitla Satyanarayana,These ads ran without a disclaimer,≤100
107811758632064,Win Big at Work,These ads ran without a disclaimer,≤100
390976557590103,I Support Narendra Modi,I Support Narendra Modi,≤100
2035669320006585,प्रभाती लाल जाट RAS,प्रभाती लाल जाट RAS,≤100
102010991748513,Ashish Patel,Ashish Patel,≤100
100278483122586,Indian Politics News,Pryzm Media,≤100
678803825664159,Kanta Sonwal,Kanta Sonwal,≤100
116476584663869,Sirikonda Madhusudanachary,Sirikonda Madhusudanachary,≤100
470458233479120,Aparajita Sarangi,Reach Digitally,≤100
313837766031848,Kuldeep Dhankar,TSM,≤100
103857572574387,I Support Yogi Maharaj,I Support Yogi Maharaj,≤100
644489942266226,Yadram Jangal BJP,Yadram Jangal BJP,≤100
246558505475210,Bala Ram Choudhary,Bala Ram Choudhary,≤100
109352055422391,Aditya Vikram Jaswal,Aditya Vikram Jaswal,≤100
102526922675064,Team Shehzad Sheikh,These ads ran without a disclaimer,≤100
102537649435337,Vinayak Kumar,Vinayak Kumar,≤100
104288419188354,Mahendra Jhabak,Mahendra Jhabak,≤100
101069702318274,I Support Dhami,I Support Dhami,≤100
1427079930877756,Chintala Ramachandra Reddy,Chintala Ramachandra Reddy,≤100
102091768921733,Ashok dubey bjp,Ashok dubey bjp,≤100
111714021860241,Suranjan Mukherjee,These ads ran without a disclaimer,≤100
113954529962467,Gali Bhanu Prakash,Gali Bhanu Prakash,≤100
101993345514230,Dhakad Dhami,Dhakad Dhami,≤100
520972198086866,BJP Punjab,Bharatiya Janata Party (BJP),≤100
565959223554906,Glass Bulletin,These ads ran without a disclaimer,≤100
1003634343005791,Aanand Shukla - आनन्द शुक्ला,Aanand Shukla - आनन्द शुक्ला,≤100
577856385582447,Raghu Sharma,Raghu Sharma,≤100
116757744675686,Olkha Pahu,Futuready Media Pvt Ltd.,≤100
426868484184031,Vimal Katiyar,Vimal Katiyar,≤100
170981883727483,Ramnagar Bulletin,Ramnagar Bulletin,≤100
104956302667326,indian old coin company,These ads ran without a disclaimer,≤100
108024168621568,Dev Palsaniya,Dev Palsaniya,≤100
1088373891289696,Kamal Yadav,AAJNEETI ADVERTISING,≤100
684212988428774,DOER,DOER,≤100
110854654991177,Bangla Hunt Shorts,Banglahunt Digital Media Pvt. Ltd.,≤100
102465501806712,Gunnala Sunithakka Sena,Gunnala Sunithakka Sena,≤100
394168494317389,MIT World Peace University,MIT World Peace University,≤100
1683763971898690,Sanjeev Tyagi,Sanjeev Tyagi,≤100
114717553693865,Liberal TV,Liberal TV Punjabi,≤100
1571395092879283,Malender Rajan - मलेंदर राजन,Election Fight,≤100
103538059176881,Sudhanshu Gupta,Sudhanshu Gupta,≤100
109883681967997,Dr. Shrawan Kumar Barala,Dr. Shrawan Kumar Barala,≤100
113298644483287,Surendra Singh Rathore,Surendra Singh Rathore,≤100
113952661704420,Narendra Modi- Mission 2024,Narendra Modi- Mission 2024,≤100
287137498056981,Shailesh Nitin Trivedi,Shailesh Nitin Trivedi,≤100
100641721888576,laws.me,These ads ran without a disclaimer,≤100
301482743520742,Aseem Gupta,Aseem Gupta,≤100
1039557042789139,BJP Dadra & Nagar Haveli,BJP Dadra & Nagar Haveli,≤100
1466957313555107,AJAY SAHU,AJAY SAHU,≤100
100279188306944,Amrish rai,Amrish rai,≤100
104660645806617,BoBy Sammal,These ads ran without a disclaimer,≤100
107968515646803,Pratap Karosiya,pratap karosiya,≤100
537021156329658,Sukhbir Singh Jaunapuria,Sukhbir Singh Jaunapuria,≤100
1638967673052084,Narendra Budania,Engitech Media,≤100
102766972054067,Pradeep Yadav,Pradeep Yadav,≤100
862013793830152,Jawahar Mangwani,Jawahar Mangwani,≤100
103261078360140,Rahul Singh Pathania,Rahul Singh Pathania,≤100
854256021383031,Vinod Sevan Lal Chandrakar,Vinod Sevan Lal Chandrakar,≤100
827495487267419,Amin Pathan,Amin Pathan,≤100
113736628186529,"भीती नाही कशाची, भाजपा तुमच्या पाठीशी","भीती नाही कशाची, भाजपा तुमच्या पाठीशी",≤100
108310592149005,Maharashtra Jayate,Futuready Media India Pvt Ltd.,≤100
1592265114364332,JP Yadav,Engitech Media,≤100
1955301821451552,Abhishek Dutta,Abhishek Dutta,≤100
426194074879452,Shikhar Ram Tripathi,Shikhar Ram Tripathi,≤100
168545223213479,Omprakash Hudla,Omprakash Hudla,≤100
378362679001615,Manoj Shukla,Manoj Shukla,≤100
116026253109861,Dr Padma Veerapaneni,Dr Padma Veerapaneni,≤100
521034828342719,Harshita Swami Baghel,Harshita Swami Baghel,≤100
873749909487724,Baleshwar Sahu,Baleshwar Sahu,≤100
367693910079524,Mohit Jaswant Yadav Page,Mohit Jaswant Yadav Page,≤100
102047872952336,HkAshal,sigmaheroes,≤100
1412877062133423,Nayan Pal Rawat,Nayan Pal Rawat,≤100
100215708751901,Rahul Shivganesh Lodhi MLA,Rahul Shivganesh Lodhi MLA,≤100
100901583063250,old coins company,These ads ran without a disclaimer,≤100
424860570941850,Damodar Rawat,Damodar Rawat,≤100
164559610778586,Indrasharan Singh Chauhan,Indrasharan Singh Chauhan,≤100
2018477251604983,Sanyogita Yudhvir Singh Judev,Sanyogita Yudhvir Singh Judev,≤100
586574801848194,Sunil Mendhe,Sunil Mendhe,≤100
116417198030973,Adv Avinash jeengar,Adv Avinash jeengar,≤100
981603711956127,Abdul Hafiz Malik,brandprogrammer,≤100
243905136121906,Dr. Jury Sharma Bordoloi,Dr. Jury Sharma Bordoloi,≤100
1692626270993831,Sun Ramanathan,Sun Ramanathan,≤100
118188034605828,কলমে অনুপম,These ads ran without a disclaimer,≤100
1956036351343539,Amar Parwani,The VoloPV,≤100
112222955182776,The Live tv24,The Live tv24,≤100
100948751911079,Siddhant Mishra Office,Siddhant Mishra Office,≤100
825870624112435,Ramesh Chandra Ratn,Ramesh Chandra Ratn,≤100
250007248502240,Golu Shukla,Modi For PM Organization,≤100
748524122149588,Nishank Jain,Nishank Jain,≤100
317042561720861,Sunil Deodhar,Sunil Deodhar,≤100
767805023307544,Santosh Kumar Singh BJP,Santosh Kumar Singh BJP,≤100
2436865129676588,Siyasi Pitch,Digijiyo Solutions,≤100
105221569197943,3g Ad,3g Ad,≤100
910153919008427,Prabal Pratap Singh Judev,D P ENTERPRISES,≤100
386738398054904,Kottu Satyanarayana,Kottu Satyanarayana,≤100
104950685914319,रवीन्द्र मिश्र,रवीन्द्र मिश्र,≤100
145703105530196,Brahmachari Chaitanyanand Ji,Brahmachari Chaitanyanand Ji,≤100
104765761522667,Pankaj Dawar,The Social Prachar,≤100
107375482394020,narendracbjp,These ads ran without a disclaimer,≤100
108497578583588,Janpeace Live,Janpeace Live,≤100
1561939470716058,Kuldeep Kumar,D P ENTERPRISES,≤100
329122511146110,"Shivsena, Bihar - शिवसेना, बिहार",These ads ran without a disclaimer,≤100
100145749740613,Yogendra Dubey,Yogendra Dubey,≤100
107096395783432,mrdeshbhakt22,These ads ran without a disclaimer,≤100
1464107573864436,Lalit Yadav,Lalit Yadav,≤100
2088686987814059,Ajay Raghuwanshi,Ajay Raghuwanshi,≤100
113334197029043,मालवा कांग्रेस,मालवा कांग्रेस,≤100
107081225202487,Dr.Anil Dabbu,Unikudos Software,≤100
105600428865049,Rishi Rohi,These ads ran without a disclaimer,≤100
340224609676146,Sunita Gathala,Sunita Gathala,≤100
103423471127603,Kishun Kumar Das,Kishun Kumar Das,≤100
100953465306537,Navin Kumar,Navin Kumar,≤100
761826677309909,Bhupinder Lather,Book My Promo,≤100
398446140736842,PoliticalWazir.Com,Political Wazir,≤100
196356043837223,Aishwarya Kapoor,Aishwarya Kapoor,≤100
103165789513160,shivanshuruhela1,These ads ran without a disclaimer,≤100
1869822623231389,Apurba Mondal,These ads ran without a disclaimer,≤100
113484060843656,The Unmute,The Unmute,≤100
198090980676319,Manish Sinha,Manish Sinha,≤100
109253634221142,Dr Abhishek  Ramadhin,Dr Abhishek  Ramadhin,≤100
1433894153522813,Pramod Bhaya,Pramod Bhaya,≤100
113274327055947,Bhajpa Ki Baat,Bhajpa Ki Baat,≤100
395910177835208,Vijay Kumar Singh Congress,Vijay Kumar Singh Congress,≤100
858612907672344,टीम प्रकाश चौधरी बड़ी सादड़ी,टीम प्रकाश चौधरी बड़ी सादड़ी,≤100
103100085360996,Madho Singh Udat,Madho Singh Udat,≤100
1371217389629971,Neelanshu Chaturvedi,Neelanshu Chaturvedi,≤100
109815012143752,Swapnil Majumdar,These ads ran without a disclaimer,≤100
243739452482985,गोदी वाले मामा,गोदी वाले मामा,≤100
110799770770701,Joginder Singh Chauhan,Joginder Singh Chauhan,≤100
100318448596251,Akhilesh Jain,Akhilesh Jain,≤100
103536325541753,Sanjeev Kumar,Sanjeev Kumar,≤100
172182742974160,Chunni Lal Sahu,Chunni Lal Sahu,≤100
648392601873373,Ashok Chandna,Ashok Chandna,≤100
846994962145905,Manoj Kumar Aggarwal,Manoj Kumar Aggarwal,≤100
668808673207412,Harpal Singh Bhamra,D P ENTERPRISES,≤100
104915615361658,Hamar Bhupesh Kakka - हमर भूपेश कका,Think First,≤100
693040027800766,Good Karma Mental Health,These ads ran without a disclaimer,≤100
352490425149843,Satyajit Bhowmik,Satyajit Bhowmik,≤100
1263109480456697,Ratna Kumari Shahpura,Ratna Kumari Shahpura,≤100
1649132928749969,Yashpal singh shaktawat.inc,Yashpal singh shaktawat.inc,≤100
835481029818511,Rahul Tiwari,Rahul Tiwari,≤100
301600333956877,Rajendra vinayka bjp,Rajendra vinayka bjp,≤100
105704975782855,We Support Narendra Modi & Amit Shah,We Support Narendra Modi & Amit Shah,≤100
626040200837891,Ashwini Paranjpe,Ashwini Paranjpe,≤100
104390600970428,Sunil Musepur Yadav,Sunil Musepur Yadav,≤100
103342198327305,Raj Bala Singh,Raj Bala Singh,≤100
116086514826626,दत्ता दिवाळे,These ads ran without a disclaimer,≤100
533135163443081,Sachin Yadav,Balkrishna Yadav,≤100
112032595262085,Mohammad Ghulam Qureshi,These ads ran without a disclaimer,≤100
2362229027338767,బీజేపీ వైపు ప్రజల చూపు,బీజేపీ వైపు ప్రజల చూపు,≤100
102829916073446,Vikas Bhagat,Vikas Bhagat,≤100
110903248698529,unapologetically_political_,These ads ran without a disclaimer,≤100
108432861353908,Karan Singh Yadav,Karan Singh Yadav,≤100
107336164119124,Ashvani Singh Little,Ashvani Singh Little,≤100
268437163351102,Saurabh Srivastava,Saurabh Srivastava,≤100
1176347162398086,Guru Nanak Naam Leva,Guru Nanak Naam Leva,≤100
103250016172402,jio phone 5G Rs 1500 new samartphone online booking chalu,These ads ran without a disclaimer,≤100
102744141863451,Deepak Dandoriya,Deepak Dandoriya,≤100
100132336216537,Arjun Tandiya,These ads ran without a disclaimer,≤100
841171029605948,India News,India News,≤100
140624336584770,Yogender Pal Singh Champawat,Yogender Pal Singh Champawat,≤100
100240283065658,Youth Can Lead,Youth Can Lead,≤100
116997354325105,Wg Cdr Anuma Acharya,Wg Cdr Anuma Acharya,≤100
179765292047054,Manickam Tagore,Minswaysolutions,≤100
224787738121110,Manan Dani,Manan Dani,≤100
109330784267142,NDN24 News Network,NDN24 News Network,≤100
120332406466807,Online Rana Pratap Singh WhatsApp number 00971528952697,These ads ran without a disclaimer,≤100
2300126183569743,"Sunmargam Foundation,Ranchi",These ads ran without a disclaimer,≤100
1645091929119301,Satyendra Pratap Shiva,Satyendra Pratap Shiva,≤100
323775678347648,Prem Singh Patel,Prem Singh Patel,≤100
102881635959815,Bhisham sharma ex mla,Bhisham sharma ex mla,≤100
104889532431683,Jagdish Verma sangaria,digital computer classes,≤100
191061458361281,Shalender Godara,Shalender Godara,≤100
110225983799443,Ambaram karada,Ambaram karada,≤100
1716214961979807,Dr Sarvesh S Joshi,Dr Sarvesh S Joshi,≤100
102110025215686,डॉ देवेन्द्र सिंह धाकड़,डॉ देवेन्द्र सिंह धाकड़,≤100
2280409798896693,Sushil Sharma  Bhatapara,Sushil Sharma  Bhatapara,≤100
105331745445757,Omprakash Khichar Advocate,Omprakash Khichar Advocate,≤100
316309712294446,Harsh Sharma,These ads ran without a disclaimer,≤100
168228334032318,Sat Sharma CA,Sat Sharma CA,≤100
2236732276586632,Kiran Ahirwar,Kiran Ahirwar,≤100
109899068556981,जनमंच 24 INDIA,जनमंच 24 INDIA,≤100
807729982669771,Chaudhary jeetandra singh jatav,Chaudhary jeetandra singh jatav,≤100
817607004928968,Narendra Shivaji Patel,Narendra Shivaji Patel,≤100
108312705656688,Akhil Bharat Hindu Mahasabha Delhi,These ads ran without a disclaimer,≤100
256050398281355,MD Chopdar,WEBTIX,≤100
111956450138945,Amara Ram Beniwal,Amara Ram Beniwal,≤100
918399108198720,Ankush Narang,Ankush Narang,≤100
101876812579900,Raja Babu,These ads ran without a disclaimer,≤100
112937475086859,कसं काय मुंबई - Kasakai Mumbai,Future Ready Media,≤100
101406569439660,Yugbir Singh,These ads ran without a disclaimer,≤100
550287678727831,Bharath Reddy Ravula,Bharath Reddy Ravula,≤100
107084092417260,pencil packing,These ads ran without a disclaimer,≤100
367203836657399,Rajendra Singh Surpura,Rajendra Singh Surpura,≤100
280407088972117,Praveen bhadana BJP,Praveen bhadana BJP,≤100
113421291754502,manjeet_komaljoshi_66d,These ads ran without a disclaimer,≤100
102323545504609,Rama Devi Chopra,Rama Devi Chopra,≤100
102381879408777,Prasanta Behera,These ads ran without a disclaimer,≤100
109351925209952,Fir Se Aapno Ashok,Fir Se Aapno Ashok,≤100
1605035726374622,Khatana Bulletin,KHATANA BULLETIN,≤100
1406676006269693,Kedar Kansana,Kedar Kansana,≤100
108812615585515,Rajmahant Vijay Baghel,yuvau digital,≤100
107946518029943,Sheelu Sahu,Sheelu Sahu,≤100
104554615870523,Dr Rajesh Mishra,Dr Rajesh Mishra,≤100
2674556322574193,धर्म रक्षक धामी,धर्म रक्षक धामी,≤100
105663103099250,Vinay upadhyay,GOIM CONSULTANCY,≤100
1873726816178376,Gaurav Singh Chauhan,Delhi Info Media,≤100
2252744158291401,Ram Bhojane,Ram Bhojane,≤100
802311956513987,Rahul Singh,Rahul Singh,≤100
100281596438660,Vikas Sagar,These ads ran without a disclaimer,≤100
632518450236186,Sudarshan Bhagat,Sudarshan Bhagat,≤100
113607803769884,Nattasha Sharrma,Nattasha Sharrma,≤100
109257288897346,satya.sanatani.hindu,These ads ran without a disclaimer,≤100
333426070147135,Benny Kuriakose Associates,Benny Kuriakose Associates,≤100
426854497508656,Dr.Phoolchand Bhinda,Dr.Phoolchand Bhinda,≤100
750172048700026,Sandeep Shah,Sky Digital,≤100
104144602394087,Bhagwan Mukkad,Bhagwan Mukkad,≤100
104932221042125,Office - Indra Choudhary,Office - Indra Choudhary,≤100
193601091211549,"मध्यभूमि के बोल ,अखबार",These ads ran without a disclaimer,≤100
113577624961901,Balu lal Acharya BJP,Balu lal Acharya BJP,≤100
102732686211415,Parrad India,"PROPORTIONAL AND RATIONAL REPRESENTATIVES' ALLIANCE OF DEMOCRATES [""PARRAD""]",≤100
431454157629297,Mukesh Ahlawat,Mukesh Ahlawat,≤100
104918521224442,Deepak Vohra,Deepak Vohra,≤100
772377603147569,Rajniti - राजनीती,Rajniti,≤100
117223758091150,Pradeep Kumar,These ads ran without a disclaimer,≤100
156425398497719,Amarpal Maurya,Amarpal Maurya,≤100
106414428932179,Mohd Haleem,These ads ran without a disclaimer,≤100
897056127025640,InKhabar,These ads ran without a disclaimer,≤100
115157785246484,Dr. Vikas Choudhary,Dr. Vikas Choudhary,≤100
104008785699728,Office of Dinesh Pratap Singh,Office of Dinesh Pratap Singh,≤100
107542699060428,Suresh Navale,These ads ran without a disclaimer,≤100
103403614933648,M Raghunath Yadav,Tidal Digtal Tech,≤100
196338294250820,Rohit Gangwal,Modi For PM Organisation,≤100
1038346372977347,Choice,These ads ran without a disclaimer,≤100
144981609477408,Sardar Jasbir Singh,Sardar Jasbir Singh,≤100
888268528001414,N.Venkate Gowda,N.Venkate Gowda,≤100
101746305768067,woonews.in,woonews.in,≤100
106364598994133,hey_aligarh,These ads ran without a disclaimer,≤100
115932714890916,orange_oralcare,These ads ran without a disclaimer,≤100
841171029605948,India News,These ads ran without a disclaimer,≤100
647244058952240,Jaypal Singh Chawda,Jaypal Singh Chawda,≤100
145460489340297,Khushboo Icecream,Khushboo Icecream,≤100
124445681499363,महाराष्ट्र लाइव्ह,These ads ran without a disclaimer,≤100
108962658092309,Vinay Bhagat,Vinay Bhagat,≤100
100562096442540,Gwalior Pravah News,These ads ran without a disclaimer,≤100
115369948216654,शासन आपल्या दारी - Shasan Aaplya Dari,Inuxu Digital Media Technologies Private Limited,≤100
109696210400237,Jan Adhikar Morcha.,Jan Adhikar Morcha.,≤100
204886208223455,Shubhendra Singh Gaur,Swanit Infotech,≤100
103115662803291,Voice of Yojna Darpan,Voice of Yojna Darpan,≤100
1030516517105920,Bannaram Meena - बन्नाराम मीणा,These ads ran without a disclaimer,≤100
165041173532416,Sakshi,Sakshi,≤100
987133368001960,Dr Raghvendra Sharma,Dr Raghvendra Sharma,≤100
103784118675658,Education For All,Education For All,≤100
241933713287108,Bikram Kumar Sinha,These ads ran without a disclaimer,≤100
2148832695374789,Dharam Vir Dhindsa Advocate,Dharam Vir Dhindsa Advocate,≤100
137957159747076,Tarun Rathi,These ads ran without a disclaimer,≤100
1990248287670848,Shashank Mani शशांक मणि,Shashank Mani,≤100
112758448504548,Bandi Ramesh BRS,These ads ran without a disclaimer,≤100
102132575646528,sajjad.hussain_1,These ads ran without a disclaimer,≤100
109046662141372,Political Junction,Political Junction,≤100
108122258569992,Keshari Singh Azad,Keshari Singh Azad,≤100
108657261843360,K.Utility,K.Utility,≤100
739136402921092,Sandeep Neoli,Sandeep Neoli,≤100
103691661472274,Duryodhan Aihole,Duryodhan Aihole,≤100
773803766048745,Poornima tiwari,Poornima tiwari,≤100
104160802532063,महाराष्ट्राची विकासगंगा,Futuready Media Pvt Ltd.,≤100
108961510680625,Dheeraj Thakur,Swanit Infotech,≤100
102740222467754,ahmad_chisti,These ads ran without a disclaimer,≤100
1421601644782269,Sunil Soni,Sunil Soni,≤100
285575245349725,Hemanga Thakuria,These ads ran without a disclaimer,≤100
642379895821472,Neelam Sharma Ambala,Neelam Sharma Ambala,≤100
107420782332876,हिन्दू युवा मंच,These ads ran without a disclaimer,≤100
432318723489703,Khalsa Panel Indore,Khalsa Panel Indore,≤100
100545999564883,suryaprakash_tank,These ads ran without a disclaimer,≤100
546389015803104,Geeta Bhagat Page,These ads ran without a disclaimer,≤100
108141294888035,USTV INDIA,USTV INDIA,≤100
2267677730118984,Pawan Jain BJP,Pawan Jain BJP,≤100
117954941267356,black_black_shyar,These ads ran without a disclaimer,≤100
174113799333894,Vijay Bahuguna,Vijay Bahuguna,≤100
105255899171606,Malli Jagane Kavali,Malli Jagane Kavali,≤100
1672131166138927,Siddhesh jaiswal,These ads ran without a disclaimer,≤100
1149375478489344,Harvinder Singh Sarna,Harvinder Singh Sarna,≤100
1859630847426749,Shrikant Jadhav,Shrikant Jadhav,≤100
100720419078919,Ajay Kumar Singh - Aditya,Ajay Kumar Singh - Aditya,≤100
112907815093852,Suresh Giri BJP,Suresh Giri BJP,≤100
116779029731527,Bhupender Gangwa Barwala,These ads ran without a disclaimer,≤100
108264114116280,Anuj Kumar Singh,These ads ran without a disclaimer,≤100
105979039223633,PDTV Chittoor,These ads ran without a disclaimer,≤100
239920290089141,Punjab Now Hd,Punjab Now Hd,≤100
110197854912974,Sonu Singh Garg,Sonu Singh Garg,≤100
101450529671208,Saalu Dora Selavu Dora,selavudora.com,≤100
101692085903751,Jojo dogi,These ads ran without a disclaimer,≤100
132806813793938,Paramjit Singh Sarna,Paramjit Singh Sarna,≤100
110665534610674,Souluality/Soulism,These ads ran without a disclaimer,≤100
101311045164943,mojo4industry,These ads ran without a disclaimer,≤100
101035272554145,Interesting novel,These ads ran without a disclaimer,≤100
105494315161744,talkdiplomacy,These ads ran without a disclaimer,≤100
108625789179165,Soi Dog Foundation,These ads ran without a disclaimer,≤100
111977625283670,Yiwei_FR,These ads ran without a disclaimer,≤100
207268042645317,Macquarie Group,These ads ran without a disclaimer,≤100
102635655320437,Number Match - Logic Puzzle Game,These ads ran without a disclaimer,≤100
102385429573950,istunnerary,These ads ran without a disclaimer,≤100
115882528427963,Levante UD,These ads ran without a disclaimer,≤100
116595211482225,Trusted Home Evaluation Service,These ads ran without a disclaimer,≤100
416731498371213,Saved To Serve,These ads ran without a disclaimer,≤100
115308658193142,Thatfinanceguy,These ads ran without a disclaimer,≤100