﻿Page ID,Page name,Disclaimer,Amount spent (TND)
101378831224024,Ayachi Zammel - العياشي زمال,These ads ran without a disclaimer,≤100
1508734656091225,فرسان الإمارات,These ads ran without a disclaimer,≤100
117352551390847,DQS: SEAT of POWER,These ads ran without a disclaimer,≤100
102733605975526,Adnane Belhajamor,These ads ran without a disclaimer,≤100
606117676714191,Yoyoasema,These ads ran without a disclaimer,≤100
340577086006224,CRI German,These ads ran without a disclaimer,≤100
673519436096629,ET بالعربي,These ads ran without a disclaimer,≤100
1539423449628439,شبكة أصدقاء فلسطين,These ads ran without a disclaimer,≤100
147710335240518,Eindhovens Dagblad,These ads ran without a disclaimer,≤100
102023009327901,Global Compassion Coalition,These ads ran without a disclaimer,≤100