﻿Page ID,Page name,Disclaimer,Amount spent (USD),Number of ads in Library
352800385436670,Oeconomico,Oeconomico,≤100,2
110087548473997,João Carlos,Oeconomico,≤100,1
1352874084790500,Fresenius Kabi,These ads ran without a disclaimer,≤100,2
565225540184937,CGTN,These ads ran without a disclaimer,≤100,5
229584730414018,VenSai Enterprises Inc.,These ads ran without a disclaimer,≤100,1
108655461411377,Valter Studio,These ads ran without a disclaimer,≤100,1
169687486427698,Jentezen Franklin,These ads ran without a disclaimer,≤100,1
101715608808670,Judgment Day: Angel of God,These ads ran without a disclaimer,≤100,1
33575580843,Microsoft Research,These ads ran without a disclaimer,≤100,1
1509413712605916,ICAO - International Civil Aviation Organization,These ads ran without a disclaimer,≤100,1
101474672367263,YouthxYouth,These ads ran without a disclaimer,≤100,3