﻿Page ID,Page name,Disclaimer,Amount spent (CZK)
176688316811,Vodafone CZ,Vodafone Czech Republic a.s.,1269
495496033796328,Stanislav Blaha,Stanislav Blaha,535
60516116431,Člověk v tísni,"Člověk v tísni, o.p.s.",158
55876739776,Greenpeace Česká republika,Greenpeace Česká republika,136
440782776395359,Hradišťáci,Michal Dvouletý,123
30575632699,ODS - Občanská demokratická strana,ODS - Občanská demokratická strana,115
251656685576,KDU-ČSL,KDU-ČSL,113
421423394666782,Aleš Dufek,KDU-ČSL,111
179497582061065,Tomio Okamura - SPD,Svoboda a přímá demokracie - SPD,108
487445514669670,Petr Fiala,ODS - Občanská demokratická strana,108
263441620339662,Nestlé,Nestlé Česko s.r.o.,105
1437561026464333,Patrik Kunčar,KDU-ČSL,104
1469427909957890,Reportér magazín,Reportér magazín,≤100
104768355190287,Sázíme Česko,PlanetWe Rewild s.r.o.,≤100
356451014434612,Marian Jurečka,KDU-ČSL,≤100
112503423634725,Josef Bazala,KDU-ČSL,≤100
103430204491217,Robert Šlachta,PŘÍSAHA - občanské hnutí Roberta Šlachty,≤100
111041662264882,ČSSD,ČSSD,≤100
90002267161,TOP 09,TOP 09,≤100
107898832590939,European Commission,European Commission,≤100
134443820058669,Zbyněk Stanjura,ODS - Občanská demokratická strana,≤100
147547541961576,Council of the European Union,Council of the European Union,≤100
192011067504855,Do práce na kole - AutoMat,"AutoMat, z.s.",≤100
353821314687878,Ondřej Benešík,KDU-ČSL,≤100
100843142503124,ZjistiVíc.cz,Zjisti víc,≤100
315972808450196,ČSOB,ČSOB,≤100
109787574497667,Aliance pro budoucnost,Aliance pro budoucnost,≤100
264983260329918,Rádio Universum,Kupředu do minulosti s.r.o.,≤100
50309511751,Český rozhlas - Radiožurnál,Český rozhlas,≤100
693725074166331,Naše zdravotnictví,Naše zdravotnictví,≤100
111108757492137,Libor Vondráček • Svobodní,Libor Vondráček • Svobodní,≤100
252871781410820,KDU - ČSL Zlínský kraj,KDU-ČSL,≤100
178362315106,European Parliament,European Parliament,≤100
52479821102,Týdeník Respekt,Týdeník Respekt,≤100
100201752249169,Spolu21,Občanská demokratická strana,≤100
394570898000897,Kniha Revoluce - Jakub Trpiš,Jakub Trpis,≤100
127825910704640,Bosch Česká republika,These ads ran without a disclaimer,≤100
106834174877753,Svět hospodářství,"SH media, spol. s r.o.",≤100
1956144064659620,BlueTV,Aliance pro budoucnost,≤100
378827025796132,Peak.cz,Peak.cz,≤100
361281313901258,Komerční banka,"Komerční banka, a.s.",≤100
397919187215,Evropská komise v ČR,Evropská komise v ČR,≤100
101409722546949,Ivana Váňová,Ivana Váňová - senátorka KDU-ČSL,≤100
112832651308203,Stejná odměna,Česká rada sociálních služeb,≤100
1416733788557863,Pravda o vodě a voda lidem,Pravda o vodě a voda lidem,≤100
206407509818,Blesk.cz,CZECH NEWS CENTER a. s.,≤100
192926034666717,Václav Pláteník,Václav Pláteník,≤100
169065407139584,Tilt,European Greens,≤100
227416910669250,Komora daňových poradců ČR,Komora daňových poradců ČR,≤100
2092588267635432,Cena Gratias Tibi,"Člověk v tísni, o.p.s.",≤100
206045673805,Deník.cz,VLTAVA LABE MEDIA a.s.,≤100
101722985492419,Klára Kocmanová,Česká pirátská strana,≤100
545254525495201,Pravý břeh - Institut Petra Fialy,"Pravý břeh, z.s.",≤100
424114981002397,Český rozhlas Plus,Český rozhlas,≤100
370583064327,Starostové a nezávislí • STAN,Starostové a nezávislí • STAN,≤100
437293906329369,SnadnaMaturita.cz,SnadnaMaturita.cz,≤100
694807680694998,Forum 24,These ads ran without a disclaimer,≤100
117823623864,Transparency International ČR,Transparency International ČR,≤100
104713545735871,Kamar,These ads ran without a disclaimer,≤100
210778132327279,Prima,Prima,≤100
137301989386,Aktuálně.cz,Aktuálně.cz,≤100
275383259179951,Tepelná čerpadla IVT,Tepelná čerpadla IVT,≤100
101954531415600,Lukáš Vlček • STAN,Starostové a nezávislí,≤100
211685455639198,Ministerstvo práce a sociálních věcí,Ministerstvo práce a sociálních věcí,≤100
39371299263,Zelení - Strana zelených,Zelení - Strana zelených,≤100
343987063337791,CyberBlog,Cyber Security Solutions s.r.o.,≤100
123858471641,iROZHLAS.cz,Český rozhlas,≤100
1701718886552103,Moje Evropa,Moje Evropa,≤100
180888668609092,Datlab,Datlab s.r.o.,≤100
100528438562922,Oznam.to,These ads ran without a disclaimer,≤100
246136392205579,Ekomrcha,SH Media,≤100
214827221987263,Andrej Babiš,Andrej Babiš,≤100
369035059843617,REMAX Delux,Tomáš Šimek,≤100
153384318085064,EUROPEUM Institute for European Policy,EUROPEUM Institute for European Policy,≤100
58887737763,Hnutí DUHA - Přátelé Země Česká republika,Hnutí DUHA - Přátelé Země Česká republika,≤100
103005225924210,Debatní spolek,Debatní spolek,≤100
273367223021327,Veronika Vrecionová,Veronika Vrecionová,≤100
139379141293,Paměť národa,"Post Bellum, z.ú.",≤100
114870579921673,Top texty,Top texty,≤100
350399975110519,Studentská sekce IIPS,Studentská sekce IIPS,≤100
1104866262972886,Michal Šmarda,Česká strana sociálně demokratická,≤100
106901094332851,Recykluj - nespaluj,Recykluj - nespaluj hys,≤100
113743658978459,Meltingpot,Meltingpot,≤100
107563435940797,Skanska v ČR a SR,Skanska,≤100
711658465662315,XTV,XTV,≤100
1776002445975063,V síti Ivana Langera,RiverSong s.r.o.,≤100
58864692622,Český rozhlas Vltava,Český rozhlas,≤100
297565827101858,"Díky, že můžem","Díky, že můžem, z. s.",≤100
284944781875,EURACTIV.cz,EURACTIV.cz,≤100
594426030604429,Martin Procházka,Martin Procházka,≤100
116444671424666,Doting Turbulent,These ads ran without a disclaimer,≤100
176546515755264,AC24,AC24,≤100
1571432816412854,Ministerstvo pro místní rozvoj,Ministerstvo pro místní rozvoj ČR,≤100
317530692148022,Evropa v datech,Evropa v datech,≤100
257529307701966,Jiří Pospíšil,TOP 09,≤100
102540667943116,Cisco Geek,These ads ran without a disclaimer,≤100
240084269372558,Můžeš,Spolek přátel Konta Bariéry,≤100
133030253410089,Jan Šafařík - náměstek hejtmana,Jan Šafařík,≤100
102521435457779,Josef Flek,STAROSTOVÉ A NEZÁVISLÍ,≤100
1417899661810512,Participace 21,Decision 21,≤100
139768309509688,Liberecký kraj,Liberecký kraj,≤100
220814337523,Kurzy.cz,"Kurzy.cz, spol. s r.o.",≤100
100602322206023,Radka Maxová,Radka Maxová,≤100
111630758223843,Čistota vod,Jaroslav Jelen,≤100
2518628288366239,FocusOn,These ads ran without a disclaimer,≤100
107572505087543,AŘOV - Asociace řidičů osobních vozidel,"Asociace řidičů osobních vozidel, z.s.",≤100
191487317696220,Vladimír Barák - novinář,Vladimír Barák,≤100
1797185020366096,Scale,Scale,≤100
952005618247538,Martin Červíček,Martin Červíček,≤100
102620981865843,Jana Skopalíková - radní pro životní prostředí a zemědělství,Jana Skopalíková,≤100
100647378751279,Pavla Pivoňka Vaňková STAN,Pavla Pivoňka Vaňková,≤100
548487565163265,"Buď Čech, buď laska",Tomáš Rufer,≤100
109652272114001,Winding Handy,These ads ran without a disclaimer,≤100
102057048156517,Centrum pro dopravu a energetiku,"Centrum pro dopravu a energetiku, z.s.",≤100
114216794363739,Žijeme Pardubice,ProPce21,≤100
288004403427,"Friedrich-Ebert-Stiftung, zastoupení v České republice","Friedrich-Ebert-Stiftung, zastoupení v České republice",≤100
553405241527947,Kancelář architekta města Brna - KAM Brno,Kancelář architekta města Brna,≤100
100505211433010,Hejtmanka Petra Pecková,Starostové a nezávislí,≤100
107836665045928,Aby bylo jasno,"ABJ, s.r.o.",≤100
110208494972750,"Eva Rajchmanová, senátorka za Hodonínsko, Kyjovsko a Veselsko",KDU-ČSL,≤100
145844610282,Institute of International Relations Prague / Ústav mezinárodních vztahů,Institute of International Relations Prague / Ústav mezinárodních vztahů,≤100
113322746709049,Karel Havlíček,ANO,≤100
108682518882605,,These ads ran without a disclaimer,≤100
101819579574523,,These ads ran without a disclaimer,≤100
101575122932004,Fine Kindhearted,These ads ran without a disclaimer,≤100
102964476125017,Soggy Lumbering,These ads ran without a disclaimer,≤100
267806570729225,Národní Noviny,Hrubon Rudolf,≤100
120496034354450,,These ads ran without a disclaimer,≤100
495743860451696,TOP 09 - Praha,TOP 09,≤100
252707698079845,Pavel Dobeš • místostarosta Prahy 3,Starostové a nezávislí,≤100
103936025502717,AUDIX_czsk,These ads ran without a disclaimer,≤100
55408246161,Amnesty International ČR,These ads ran without a disclaimer,≤100
1777952132237071,Slované v obrazech a poezii / Slavs in pictures and poetry,These ads ran without a disclaimer,≤100
100609955039699,Corrency,Corrency,≤100
659449664121948,Kärcher Home & Garden,These ads ran without a disclaimer,≤100
491511080861389,BONTONFILM,These ads ran without a disclaimer,≤100
171163390480055,Samson Rope Technologies,These ads ran without a disclaimer,≤100
131189377574,MDPI,These ads ran without a disclaimer,≤100
120489814354378,Baggy Terrible,These ads ran without a disclaimer,≤100
121994804202984,Unknown Minor,These ads ran without a disclaimer,≤100
114162944991637,Id1,These ads ran without a disclaimer,≤100
117702454634455,Id2,These ads ran without a disclaimer,≤100
108918508856241,Id1,These ads ran without a disclaimer,≤100
100464856376904,Crushing Blind,These ads ran without a disclaimer,≤100
100469053039975,Bleak Probable,These ads ran without a disclaimer,≤100
115370938203232,Id1,These ads ran without a disclaimer,≤100
118509507855793,Gunnar_ZF,These ads ran without a disclaimer,≤100
852370551453606,GARP,These ads ran without a disclaimer,≤100
103941832692652,1id,These ads ran without a disclaimer,≤100
109231571984405,Accelera,These ads ran without a disclaimer,≤100
115164768219510,Id4,These ads ran without a disclaimer,≤100
111663158576976,Id4,These ads ran without a disclaimer,≤100
107346929017356,,These ads ran without a disclaimer,≤100