﻿Page ID,Page name,Disclaimer,Amount spent (EUR)
207360136376916,Bundesliga,Bundesliga,544
341486659645594,FDP Fraktion Bundestag,Fraktion der Freien Demokraten im Deutschen Bundestag,438
294494163510,Europäisches Parlament - Verbindungsbüro in Deutschland,Europäisches Parlament - Verbindungsbüro in Deutschland,380
82734241364,Campact e.V.,Campact e.V.,253
102169625710148,ClimaClic,Burda Direct GmbH,219
109709025713963,Bayerischer Jugendring,Bayerischer Jugendring,209
200752383293733,International Justice Mission,International Justice Mission,195
1808301986138803,Bayerisches Sozialministerium,"Bayerisches Staatsministerium für Familie, Arbeit und Soziales",187
22541752487,Greenpeace Deutschland,Greenpeace Deutschland,178
1852185055034835,Bayernwerk,Bayernwerk AG,176
484950398505596,IRC Deutschland,IRC Deutschland,172
81386795687,CSU (Christlich-Soziale Union),CSU (Christlich-Soziale Union),169
1790920000965539,CDU CSU Europa,CDU/CSU-Gruppe in der EVP-Fraktion im Europäischen Parlament,143
103093062485967,Benjamin Bohlender,Benjamin Bohlender,138
164014383647221,BARMER,BARMER,126
111501317017740,Motatos Deutschland,Motatos,121
104351635002082,Deutschland erkennt Sepsis,Deutschland erkennt Sepsis,121
218786540044,WWF Deutschland,WWF Deutschland,112
170688644503,UNICEF Deutschland,UNICEF Deutschland,111
161273245888,Save the Children Deutschland,Save the Children Deutschland,111
511785248971976,"Bundesministerium für Familie, Senioren, Frauen und Jugend","Bundesministerium für Familie, Senioren, Frauen und Jugend",≤100
718677004826671,Deutsche Umwelthilfe,Deutsche Umwelthilfe,≤100
171844246207985,taz,TAZ Verlags- und Vertriebs GmbH,≤100
273454591804,SOS-Kinderdorf Deutschland,SOS-Kinderdorf e.V.,≤100
545040792244231,"Dr. Fabian Mehring, MdL","Dr. Fabian Mehring, Mitglied des bayerischen Landtags",≤100
146453833478,CSU-Fraktion im Bayerischen Landtag,CSU-Fraktion im Bayerischen Landtag,≤100
236934790401,UNO-Flüchtlingshilfe,UNO-Flüchtlingshilfe,≤100
1393167744264822,Bundesministerium für Digitales und Verkehr,Bundesministerium für Digitales und Verkehr,≤100
478399422560922,KadeFungin,DR. KADE,≤100
56497026719,SOS-Kinderdörfer weltweit,SOS-Kinderdörfer weltweit Hermann-Gmeiner-Fonds Deutschland e.V.,≤100
1440878759561839,WeMove Europe,WeMove Europe,≤100
1173504606112676,Bundesministerium für Bildung und Forschung,Bundesministerium für Bildung und Forschung,≤100
101859958965317,Продължаваме Промяната - Германия и Австрия,Katya Georgieva Zlatkova,≤100
1508446642792459,Vattenfall,Vattenfall Deutschland,≤100
105664798388099,Make.org,Make.org,≤100
144043722282654,BUND Naturschutz in Bayern,Bund Naturschutz in Bayern,≤100
185280551537579,M-net,M-net Telekommunikations GmbH,≤100
103098636039403,Andreas Gastinger,Andreas Gastinger,≤100
146049068749703,BayernSPD Landtagsfraktion,BayernSPD Landtagsfraktion,≤100
103958091556809,Du Land der Bayern,Du Land der Bayern,≤100
331832984040,LichtBlick,LichtBlick,≤100
995399797206624,Niedersachsen packt an,Niedersachsen packt an,≤100
123292927706635,junge Welt,junge Welt,≤100
1062482463795133,Liebesleben,Bundeszentrale für gesundheitliche Aufklärung (BZgA),≤100
102616273110279,Börsen-Zeitung,WM Gruppe,≤100
102898544642459,The Pioneer,Media Pioneer Publishing AG,≤100
174677033297314,Architektenkammer Baden-Württemberg,Architektenkammer Baden-Württemberg,≤100
116335026590900,Mülltrennung wirkt,die dualen Systeme,≤100
100468876017523,Welcoming Out,Welcoming Out gUG (haftungsbeschränkt),≤100
144380008933707,SPD-Fraktion im Bundestag,SPD-Bundestagsfraktion,≤100
259770724096761,Animal Equality Germany,Animal Equality Germany e.V.,≤100
197595853650946,Ulmer Volkshochschule,Ulmer Volkshochschule,≤100
1093989863995799,hep,hep global GmbH,≤100
109316361840166,Climony For Future,climony,≤100
142616569135649,Bayerisches Staatsministerium für Umwelt und Verbraucherschutz,Bayerisches Staatsministerium für Umwelt und Verbraucherschutz,≤100
21242962092,ClientEarth,ClientEarth Deutschland,≤100
109573920927141,Ichwillfair,Initiative für nachhaltige Agrarlieferketten,≤100
130534873659391,Green Planet Energy,Green Planet Energy eG,≤100
846335975484709,The Generation Forest,The Generation Forest eG,≤100
183448258342806,Angelika Niebler,EVP-Fraktion im Europäischen Parlament,≤100
1509790395958123,Aktion gegen den Hunger,Aktion gegen den Hunger,≤100
338599714529,CSU Bayreuth-Stadt,CSU-Kreisverband Bayreuth-Stadt,≤100
111698888335211,Daskannkunststoff,ALPLA Werke Alwin Lehner GmbH & Co KG,≤100
388173881559203,Фонд «Свободная Россия»,These ads ran without a disclaimer,≤100
165629350137468,Schaebens,Schaebens,≤100
111313778217079,Christoph Becker,Christoph Becker,≤100
291047031608523,USR Germania,Partidul Uniunea Salvați România,≤100
614408642007931,Zurich,Zürich Beteiligungs-Aktiengesellschaft (Deutschland),≤100
104641917753059,Forschung ist die beste Medizin,Verband Forschender Arzneimittelhersteller e.V.,≤100
169367889785454,Arbeitgeberverband Gesamtmetall,Arbeitgeberverband Gesamtmetall,≤100
187757708440378,Wolfgang Heubisch,Dr. Wolfgang Heubisch,≤100
305464959848683,"Gabi Schmidt, MdL",Gabiriele Schmidt,≤100
103453699750,ROBIN WOOD e.V.,ROBIN WOOD e.V.,≤100
276040002549416,FREIE WÄHLER Bayern,Freie Wähler Bayern,≤100
332923170220,ONE Deutschland,ONE Deutschland,≤100
217786668379580,350.org Deutschland,350.org Deutschland,≤100
101208459467749,Dieter Nägele,Dieter Nägele,≤100
108268845888673,Bundesministerium für Arbeit und Soziales,Bundesministerium für Arbeit und Soziales,≤100
117738101626747,GP JOULE,GP JOULE GmbH,≤100
110541501801364,Not Just Celsius,Interactive Media Foundation gGmbH,≤100
1855211144766647,Migrando,Graske Rechtsanwälte,≤100
135591596484147,ABDA - Bundesvereinigung Deutscher Apothekerverbände e. V.,ABDA - Bundesvereinigung Deutscher Apothekerverbände e. V.,≤100
343364921106,Caritas international,Caritas international,≤100
2211978065729846,Bundesministerium für Ernährung und Landwirtschaft - BMEL,Bundesministerium für Ernährung und Landwirtschaft,≤100
102372211623711,AfD Stadtratsfraktion Augsburg,AfD-Fraktion im Augsburger Stadtrat,≤100
108141357768918,PRIO1 - Das Klima-Netzwerk,Klimastiftung für Bürger,≤100
201065353264638,yello,yello,≤100
263503200272,Welthungerhilfe,Welthungerhilfe,≤100
139198812763279,Misereor,Misereor,≤100
206584163580,Stiftung Mercator,Stiftung Mercator,≤100
156449679027,Renovabis,Renovabis e.V.,≤100
109456506282009,E.ON Inhouse Consulting,E.ON Inhouse Consulting,≤100
997341353721766,AFD Landkreis Wunsiedel,Christian Wolfgang Engel,≤100
1176675472454246,CAPinside.com,CAPinside GmbH,≤100
103919417972272,Unabhängige Beauftragte für Fragen des sexuellen Kindesmissbrauchs,Unabhängiger Beauftragter für Fragen des sexuellen Kindesmissbrauchs,≤100
282800387209,FDP NRW,FDP NRW,≤100
108633728581883,Rettet Biokraftstoffe,OVID Verband,≤100
135984139804495,SoVD - Sozialverband Deutschland e.V.,SoVD - Sozialverband Deutschland e.V.,≤100
1004883576238809,GoodJobs,GoodJobs GmbH,≤100
320049750930,easyCredit Basketball Bundesliga,These ads ran without a disclaimer,≤100
320748971641029,"Martin Böhm, MdL",Martin Böhm,≤100
101274842793956,Greenpeace grad jetzt,Greenpeace e.V.,≤100
146221668771106,wbg Wissen verbindet,wbg Wissen verbindet,≤100
102605335183896,KINDERSCHUTZ MÜNCHEN,Kinderschutz e.V.,≤100
205407872835976,Gabor Steingart,Media Pioneer Publishing AG,≤100
78309442751,Bayernpartei,Bayernpartei,≤100
220215281378467,Schlagmann Poroton GmbH & Co. KG,Schlagmann Poroton GmbH & Co. KG,≤100
139968284118,terre des hommes,terre des hommes,≤100
47217143218,BÜNDNIS 90/DIE GRÜNEN,BÜNDNIS 90/DIE GRÜNEN,≤100
510117665830401,Hilfetelefon Gewalt gegen Frauen,"Hilfetelefon ""Gewalt gegen Frauen""",≤100
104389425384135,Arbeitgeber Land Hessen,Hessisches Ministerium des Innern und für Sport,≤100
675589985972309,HateAid,HateAid gGmbH,≤100
53848679944,Laut gegen Nazis,Laut gegen Nazis e. V.,≤100
44511549119,Konrad-Adenauer-Stiftung,Konrad-Adenauer-Stiftung e.V.,≤100
133306764192,NABU Bundesverband,NABU Bundesverband,≤100
100345702834585,All Out Deutschland,All Out,≤100
1200588670058774,LAND.SCHAFFT.WERTE,LAND.SCHAFFT.WERTE,≤100
105411962299479,AEF,AUDI AG,≤100
139591762718793,IHK Darmstadt,IHK Darmstadt,≤100
1808301986138803,Bayerisches Sozialministerium,"Bayerisches Staatsministerium für Familie, Arbeit und Soziales",≤100
101124947919410,GermanZero,GermanZero e.V.,≤100
107599588210185,Jonas Geissler,Jonas Geissler,≤100
1659664900789880,KWS Deutschland,KWS SAAT SE & Co. KGaA,≤100
116449375528,foodwatch,foodwatch e.V.,≤100
102722502036493,Basis-Verlag,basis-verlag,≤100
116097341519,BOSS,These ads ran without a disclaimer,≤100
352736338253081,Futurium,Futurium,≤100
105196990914241,Dr. Gunnar Beck,Gunnar Günter Beck,≤100
572530603230497,AfD-Fraktion im Hessischen Landtag,AfD-Fraktion im Hessischen Landtag,≤100
214526595274349,BSH GmbH & Co.KG,BSH GmbH & Co. KG,≤100
456442717841951,HarperCollins Deutschland,Verlagsgruppe HarperCollins Deutschland GmbH,≤100
173138849399254,FDP Nürnberg,FDP Kreisverband Nürnberg,≤100
768905426534529,Bundesregierung,Bundesregierung,≤100
413826305343387,Krautreporter,Krautreporter,≤100
745694238793523,SPD Neufahrn,SPD Neufahrn,≤100
1077260675704647,Wohnglück,Impleco GmbH,≤100
1928108407515020,Zalvus / Kontakte zu Top-Arbeitgebern,These ads ran without a disclaimer,≤100
303855196900,Paradigma,Ritter Energie- und Umwelttechnik GmbH & Co. KG,≤100
678815422181853,Kerstin Celina,Kerstin Susanne Celina,≤100
202847190313202,Alfred Grob,Alfred Grob,≤100
300225473377094,indeon magazin,Medienhaus der Evangelischen Kirche in Hessen und Nassau GmbH,≤100
1110204782371616,Die Moderne Landwirtschaft,Forum Moderne Landwirtschaft e.V.,≤100
127143338110,missio,missio,≤100
1540045636302649,Arolsen Archives,Arolsen Archives,≤100
105885535599394,Coach Cecil,These ads ran without a disclaimer,≤100
237087969829041,"Karton, natürlich",Fachverband Kartonverpackungen für flüssige Nahrungsmittel e.V. (FKN),≤100
611910082337980,VerbraucherCheck.net,Caesar Richard Reinhold Ludwig  Schütz,≤100
174118102615738,Brot für die Welt,Brot für die Welt,≤100
236044090111,VDI Verein Deutscher Ingenieure,VDI Verein Deutscher Ingenieure e.V.,≤100
512403718895902,Wildtierschutz Deutschland e.V.,Wildtierschutz Deutschland e.V.,≤100
112743275430520,International Campaign for Tibet Deutschland e.V.,International Campaign for Tibet Deutschland e.V.,≤100
134483979119,Rosa-Luxemburg-Stiftung,Rosa-Luxemburg-Stiftung,≤100
602735560188299,Tim Pargent,"Tim Pargent, MdL",≤100
164513593594332,Deutsche Aidshilfe,Deutsche Aidshilfe,≤100
71678727658,Deutsche Stiftung Weltbevölkerung - DSW,Deutsche Stiftung Weltbevölkerung - DSW,≤100
200862356620805,GegenStandpunkt,GegenStandpunkt Verlagsgesellschaft mbH,≤100
226116530875952,PRO Coburg,Dietrich Mai,≤100
106743252188249,Klimastiftung für Bürger,Klimastiftung für Bürger,≤100
100927704609296,teeziehtimmer,These ads ran without a disclaimer,≤100
182122032722108,Franz Bergmüller MdL,Franz Bergmüller MdL,≤100
110056008288031,Rechtsanwaltskanzlei Matthias Prinz - Mainz,Matthias Prinz,≤100
593476900673774,ifaw,ifaw,≤100
294772850956765,Green Forest Fund e.V.,GREEN FOREST FUND e.V.,≤100
111597401031415,Ulrich Reiner - Freie Wähler,Ulrich Reiner,≤100
217005450337839,ooblee.de,ooblee.de,≤100
117534528257937,Bund für Umwelt und Naturschutz Deutschland,Bund für Umwelt und Naturschutz Deutschland,≤100
978697752209491,Wildes Bayern e.V.,Wildes Bayern e. V.,≤100
533449653783649,Impfopoint,Impfopoint – einer Initiative des Landesapothekerverband Baden-Württemberg e.V,≤100
188309382830,Volksbank Raiffeisenbank Nordoberpfalz,These ads ran without a disclaimer,≤100
212066738856829,Christian Ude,Christian Ude,≤100
1889496344625839,"Jürgen Braun, MdB",Jürgen Braun MdB,≤100
102265782796538,"Anna Stolz, MdL",Anna Karen Stolz,≤100
198244400189055,Entega,ENTEGA Plus GmbH,≤100
225012151032427,Bürgerwerke,Bürgerwerke,≤100
100905464726635,finep - forum für internationale entwicklung + planung,finep - forum für internationale entwicklung + planung,≤100
107302954642499,"Dieter Rosner, Referent für Jugend, Familie und Soziales der Stadt Erlangen",These ads ran without a disclaimer,≤100
1745982485667400,Guido Reil,Guido Reil,≤100
108550857143852,Environmental Justice Foundation Deutschland,Environmental Justice Foundation Charitable Trust Deutschland gGmbH,≤100
205109343006607,Manfred Bachmayer,Manfred Bachmayer,≤100
105065074517009,Politisches Bildungsforum Hessen der Konrad-Adenauer-Stiftung,Konrad-Adenauer-Stiftung e.V.,≤100
104671952112112,X-sec GmbH,These ads ran without a disclaimer,≤100
260106687889118,Kopp Verlag,Kopp Verlag,≤100
286350444716030,UN-Dekade Wiederherstellung von Ökosystemen,UN-Dekade-Büro c/o nova-Institut GmbH,≤100
114554831934355,Tierschutzbund,Deutscher Tierschutzbund e.V.,≤100
193178474048113,SPD-Ortsverein Vaterstetten,SPD OV Vaterstetten,≤100
110976485656573,Junge Liberale JuLis,Junge Liberale,≤100
174154032971358,Helmut Radlmeier,Helmut Radlmeier,≤100
330148333760121,Grüne Fraktion Bayern,Fraktion BÜNDNIS 90 / DIE GRÜNEN im Bayerischen Landtag,≤100
90523314133,"Sozialistische Gleichheitspartei, IV Internationale - SGP","Sozialistische Gleichheitspartei, Vierte Internationale",≤100
102488152777056,Gegen das Verbrennerverbot in Europa,Mobil in Deutschland e.V.,≤100
399128160157420,SPD-Ortsverein Iphofen,Marc-André Behrendt,≤100
101687284872912,Justus Pfeifer,Rathaus Ruhpolding,≤100
173088689389030,Urgewald,Urgewald,≤100
1565754943752371,Robert Farle,Robert Farle,≤100
357204491574900,SPD Rednitzhembach,Florian Barth,≤100
450712981662234,Markus Ferber,Markus Ferber,≤100
130495620339740,Wintershall Dea,Wintershall Dea AG,≤100
108314603968027,Felix Meyer,Felix Helmut Meyer,≤100
292410104121991,FU Bayern (Frauen-Union Bayern),FU Bayern (Frauen-Union Bayern),≤100
168504623205787,Stadtportal Wernigerode,Stadt Wernigerode,≤100
110328191845942,DieParusie.de,André Oswald Hartmann,≤100
103738772024429,Huawei IT Products & Solutions,These ads ran without a disclaimer,≤100
567366010021216,Bundesministerium der Justiz,Bundesministerium der Justiz,≤100
322096293815,zrce.eu,Zrce.eu,≤100
1326183970737367,OMV,These ads ran without a disclaimer,≤100
102118759383257,Nicolas Meyer,Freie Wählergruppe Frankenthal e.V.,≤100
2158012137543502,AfD-Fraktion im Bayerischen Landtag,AfD-Fraktion im Bayerischen Landtag,≤100
158059954364490,Das Prinzip Apfelbaum,These ads ran without a disclaimer,≤100
382618135271450,Dreluso Pharmazeutika,DRELUSO Pharmazeutika,≤100
225499161202327,"Peter Felser, AfD",Michaela Luise Schuster,≤100
112127710187776,LEA Hessen,LandesEnergieAgentur Hessen,≤100
1801672130156352,Auslandsinformationen / International Reports,Konrad-Adenauer-Stiftung,≤100
109565638377862,Ballet For Life by Iana Salenko,Ballet For Life by Iana Salenko,≤100
193357367900275,Business-Pendel-Bus,Tobias Franz Schemmel,≤100
141410219264688,SENEC,SENEC GmbH,≤100
206137046066509,Grüne Koblenz,B'90/Die GRÜNEN KV Koblenz,≤100
110802954153447,Klim,Klim GmbH,≤100
1485039145045532,Gebr. Donhauser,These ads ran without a disclaimer,≤100
23216224900,Plan International Deutschland,Plan International Deutschland e.V.,≤100
112599528411498,Zakat Deutschland e.V.,Zakat Deutschland e.V.,≤100
602487899802568,Özlem Alev Demirel,Europaabgeordnete,≤100
158059954364490,Das Prinzip Apfelbaum,Das Prinzip Apfelbaum,≤100
133878906642545,BASECAMP digital,BASECAMP digital,≤100
415367309037687,Klaus Esser,Klaus Esser,≤100
137521576294353,Deutsche Kinderhilfe - Die ständige Kindervertretung e.V.,Deutsche Kinderhilfe - Die ständige Kindervertretung e.V.,≤100
2264160857188955,Kachelofenwelt,GVOB – GesamtVerband OfenBau e.V.,≤100
104927555871972,Björn Rüter Kommunalpolitiker,Björn Rüter,≤100
110288477351423,Blut Hilft Forschen,in.vent DIAGNOSTICA GMBH,≤100
157935946201,co2online,co2online gemeinnützige Beratungsgesellschaft mbH,≤100
200229763665425,Rheinhessische,Rheinhessische Energie- und Wasserversorgungs-GmbH,≤100
1406082262964156,ÖDP Aschaffenburg,ÖDP Aschaffenburg,≤100
417517061951550,Einfach da für dich,ABDA - Bundesvereinigung Deutscher Apothekerverbände e. V.,≤100
144527739568157,Searchtalent,Searchtalent,≤100
116064499060160,Dirk Brandes - Für Niedersachsen im Bundestag,Dirk Brandes,≤100
100202601987964,KlimazukunftWald,Deutscher Forstwirtschaftsrat e. V.,≤100
706923312720806,Freie Wähler Landkreis Fürstenfeldbruck,Johann Friedl,≤100
258376008366469,AYA Label,These ads ran without a disclaimer,≤100
957875544304332,Junge Union Haag-Zolling,Benedikt Flexeder,≤100
623883678113112,HERMES Group,These ads ran without a disclaimer,≤100
111875965038364,inside.stub,These ads ran without a disclaimer,≤100
178362315106,European Parliament,European Parliament,≤100
104899931468418,Gabelstapler Willmann,These ads ran without a disclaimer,≤100
100572773318575,Ärzte der Welt,Ärzte der Welt e.V.,≤100
107389761091734,WooDu,WooDu GmbH,≤100
112748450461911,VCD Kreisverband Aschaffenburg-Miltenberg e.V.,VCD Kreisverband Aschaffenburg-Miltenberg e.V.,≤100
188563151156073,CDU Frankfurt am Main,CDU Kreisverband Frankfurt am Main,≤100
284569366690334,dbbdata,These ads ran without a disclaimer,≤100
680341992382788,Raimond Scheirich,Raimond Christian Scheirich,≤100
337490039624409,Leibniz-Gemeinschaft,Leibniz-Gemeinschaft,≤100
147547541961576,Council of the European Union,Council of the European Union,≤100
1810088999013118,Kölner Presseclub e.V.,Kölner Presseclub,≤100
105537757585128,Freie Demokraten im Thüringer Landtag,Freie Demokraten im Thüringer Landtag,≤100
1124641927546813,Hoffnungsträger,Hoffnungsträger,≤100
100363378760233,via bonum,via bonum AG,≤100
630172117364339,POST von GEHRKE,Elmar Gehrke,≤100
1967019790197412,Markus Wagner,"Markus Wagner, MdL",≤100
781239795404754,Oliver Jauernig,Oliver Claus Herbert Jauernig,≤100
111129131666877,Ukrainehilfe Köln,These ads ran without a disclaimer,≤100
121097790490,Albert Schweitzer Stiftung für unsere Mitwelt,Albert Schweitzer Stiftung für unsere Mitwelt,≤100
105276867893427,Sonnenstrom-Seifarth,Sonnenstrom-Seifarth,≤100
101326131878243,GP Prüfservice,Marcus Pauli,≤100
1695216187437098,Albrecht Glaser,Albrecht Glaser,≤100
144827455697988,asphericon,asphericon GmbH,≤100
105018555000761,Soziale Republik,Verein für konstruktiven Sozialismus e.V.,≤100
720206555013629,Laufen macht glücklich,Laufen macht glücklich GbR,≤100
100161982791506,Mesut Ercik,Mesut Ercik,≤100
105561877824767,Julian Müller - Bürgermeisterkandidat 2023 Sand a. Main,Julian Philipp Müller,≤100
338558226784,Verlag PRO Kita,These ads ran without a disclaimer,≤100
242343555837158,Männer,blu media network GmbH,≤100
51091986850,Diether Dehm,Diether Dehm,≤100
801630029947609,Jan Nolte,Jan Nolte,≤100
563753786980536,Kathrin Vogler,Kathrin Vogler,≤100
524062497984064,ألوان - Alwan,These ads ran without a disclaimer,≤100
193902536304,Aufbau Verlage,Aufbau Verlag GmbH & Co.KG,≤100
1356406224412972,HDI Versicherung,These ads ran without a disclaimer,≤100
427867583942519,Freunde für Deutschland FfD,Freunde für Deutschland FfD,≤100
108878475476392,Mission Female,Mission Female GmbH,≤100
103343858375708,Martin Schmidt - AfD MdL,Martin Schmidt,≤100
121763211191717,dieUmweltDruckerei,dieUmweltDruckerei GmbH,≤100
850743671661412,Kirche im NDR,Kirche im NDR,≤100
102537995024835,Jörg Feuerbacher,Jörg Feuerbacher - Alternative für Deutschland,≤100
458430127893766,Özgür Tüzer Resmı,These ads ran without a disclaimer,≤100
103606208491411,EEG Autark,These ads ran without a disclaimer,≤100
107140025016889,ELMAR GEHRKE,Elmar Gehrke,≤100
1439163392818750,Żaklin Nastic,Zaklin Nastic,≤100
275440721974,ting,ting Beratungs-GmbH,≤100
111658848386472,reeldanil,These ads ran without a disclaimer,≤100
278689595568513,farbeROT,farbeROT,≤100
191475254237744,Faurecia Deutschland,These ads ran without a disclaimer,≤100
123695861022292,Schwarzesocke Mailorder,Schwarzesocke Mailorder,≤100
185890618101849,Romero Initiative - CIR,Christliche Initiative Romero,≤100
198882567359885,Dostal & Partner,dostal & partner management-beratung gmbh,≤100
488260275255946,Are you R German,These ads ran without a disclaimer,≤100
1509620576000837,"Martin Sichert, MdB",Martin Sichert,≤100
611098695690900,SPD Gemeindeverband Marpingen,SPD Gemeindeverband Marpingen,≤100
157315174298307,DAK-Gesundheit,DAK-Gesundheit,≤100
429530587072750,Onlinemagazin da Hog'n,These ads ran without a disclaimer,≤100
584353355107502,Hausfrage,These ads ran without a disclaimer,≤100
141345402562251,DGB Jugend,DGB Jugend,≤100
120519827980254,Karsten Klein,Karsten Klein,≤100
130374060326405,Diakonie RWL,Diakonisches Werk Rheinland-Westfalen-Lippe e.V.,≤100
115167445194001,Brauerei Ganter,These ads ran without a disclaimer,≤100
848908368459075,André Wendt,André Wendt,≤100
99923813221,vorwärts,Berliner vorwärts Verlagsgesellschaft mbH vorwärts,≤100
108766202103136,HARMlose Fragen,Harm Rykena,≤100
1697968420469074,EWL Працевлаштування в Європі,These ads ran without a disclaimer,≤100
677376205783261,AfD Fraktion Stadt und Kreis Gifhorn,AfD Fraktion Gifhorn,≤100
100173382819685,Report-W.de,Report-w.de,≤100
108406635254318,Auction for Climate Action,These ads ran without a disclaimer,≤100
110531858529691,MeinModulheim.de,These ads ran without a disclaimer,≤100
103755082084691,Waldwende Jetzt • Mittelrhein,Marcel Rolf Hoffmann,≤100
144709575593854,EESC - European Economic and Social Committee,EESC - European Economic and Social Committee,≤100
102492129806270,Waschbär Umweltversand,Waschbär GmbH,≤100
114228986670301,killbxi.akira,These ads ran without a disclaimer,≤100
108578104884529,Politik für die Katz',Politik für die Katz',≤100
110960453825334,Austrian Health Forum,These ads ran without a disclaimer,≤100
101742959381008,freebrunoofficial,These ads ran without a disclaimer,≤100
393459577400921,Die KÄS,dieKÄS,≤100
1944089099188683,Martin Krämer - Bürgermeister von Obermarchtal,Martin Krämer,≤100
274393199630147,Matthias Nölke,Matthias Nölke,≤100
1455346271435424,Gladt e.V.,These ads ran without a disclaimer,≤100
331622844197016,Robert Lambrou,Athanasios Robert Lambrou,≤100
120796590921150,Jana Witschetzky,Jana Witschetzky,≤100
382748778464644,SPD StädteRegion Aachen,SPD-Fraktion StädteRegion Aachen,≤100
358982054499068,TWS - Technische Werke Schussental,These ads ran without a disclaimer,≤100
274000059331698,DEMO - Die Fachzeitschrift für Kommunalpolitik,DEMO - Die Fachzeitschrift für Kommunalpolitik,≤100
289057001567408,ElekTek Events,These ads ran without a disclaimer,≤100
105905289047034,Nadines_Plotter_Werke,These ads ran without a disclaimer,≤100
108051069259615,Werner & Mertz GmbH,Werner & Mertz GmbH,≤100
527351247377965,European Committee of the Regions,European Committee of the Regions,≤100
2390058227950123,Alexander Kotz,Alexander Kotz,≤100
1508446642792459,Vattenfall,These ads ran without a disclaimer,≤100
105649255778400,Georg Wyrwoll - Werbach,Georg Wrywoll,≤100
103549698296779,Ecopots,These ads ran without a disclaimer,≤100
106366135411134,Die bayerischen Hochschulen,These ads ran without a disclaimer,≤100
103030191501661,Karl-Arnold-Stiftung,Karl-Arnold-Stiftung,≤100
399241730563,Quarks,These ads ran without a disclaimer,≤100
99923813221,vorwärts,These ads ran without a disclaimer,≤100
292226356416,Luxembourg for Finance,These ads ran without a disclaimer,≤100
103919417972272,Unabhängige Beauftragte für Fragen des sexuellen Kindesmissbrauchs,Unabhängige Beauftragte für Fragen des sexuellen Kindesmissbrauchs,≤100
78811693182,WindEurope,These ads ran without a disclaimer,≤100
111347188509748,Mahdi Ziyaratjaee,These ads ran without a disclaimer,≤100
152934608113175,FDP Bremen,FDP Bremen,≤100
104896722569726,artful_juju,These ads ran without a disclaimer,≤100
100108322965195,travel.with.swa9,These ads ran without a disclaimer,≤100
257045211013828,San Antonio Spurs Pro,These ads ran without a disclaimer,≤100
107326965584898,norvestio_,These ads ran without a disclaimer,≤100
933310850194959,Israel Alliance,These ads ran without a disclaimer,≤100
110738111977472,PureBristle,These ads ran without a disclaimer,≤100
106249334965878,Project Decolonise,These ads ran without a disclaimer,≤100
110780348220234,Jobobike de,These ads ran without a disclaimer,≤100
100920625411302,upetext,These ads ran without a disclaimer,≤100
124556510543847,Lothar Hofmann,These ads ran without a disclaimer,≤100
108807695846538,PressReader,These ads ran without a disclaimer,≤100
120523240969443,le_lapin_incognito,These ads ran without a disclaimer,≤100
598865763613819,Institute for Zen Leadership,These ads ran without a disclaimer,≤100
101289218907718,Web News,These ads ran without a disclaimer,≤100
408721373223964,SolarTruck.pro,These ads ran without a disclaimer,≤100
131189377574,MDPI,These ads ran without a disclaimer,≤100
102537783146375,28. Jun,These ads ran without a disclaimer,≤100