﻿Page ID,Page name,Disclaimer,Amount spent (JPY)
1904070096535109,スマート選挙,株式会社センキョ,5563
475681929154100,国連UNHCR協会,国連UNHCR協会,2819
390066501056164,freee会計,These ads ran without a disclaimer,1333
100577859467667,大阪経済大学・社会連携,大阪経済大学・社会連携,1285
1812425055659979,介護ワーカー,These ads ran without a disclaimer,878
1671853216366712,東こう史ひろ,東こう史ひろ,829
1615481598672156,Blueair Japan Official,These ads ran without a disclaimer,467
195088317190451,グリーンピース・ジャパン,一般社団法人グリーンピース・ジャパン,232
202026293187145,鯖江市地域活性化プランコンテスト,特定非営利活動法人エル・コミュニティ,180
104533215755145,ZOE_Japan,ZOE Japan,160
281777375260988,オッズパーク,These ads ran without a disclaimer,152
101987945137977,オフィスステーションPro,These ads ran without a disclaimer,≤100
102891618059843,ケイミュー株式会社,These ads ran without a disclaimer,≤100
110748762013218,Dots by Dot Glamping Suite,These ads ran without a disclaimer,≤100
104331362680222,都知事杯オープンデータ・ハッカソン 事務局,These ads ran without a disclaimer,≤100
108695458656675,ポジティブの大切さ,These ads ran without a disclaimer,≤100
101158159667950,takehana_brain,These ads ran without a disclaimer,≤100
100199881840737,Minghui Japan（ミンフイ　ジャパン）ー明慧日本,明慧日本,≤100
256504371891671,the-issues.jp,the-issues.jp,≤100
1672330153015605,透明アクリル業者票,アドアチーブ株式会社,≤100
435250336532462,財界さっぽろ,財界さっぽろ,≤100
104480918173191,かず｜慶應卒起業家,These ads ran without a disclaimer,≤100
105404618222182,Ascent Recordings,Ascent Recordings,≤100
1590535061243274,精神障害当事者会ポルケ,精神障害当事者会ポルケ,≤100
101289366621166,大和ハウスグループ,These ads ran without a disclaimer,≤100
110956371711998,たった3ヶ月でキャッシュフローが劇的改善,These ads ran without a disclaimer,≤100
114278041682196,株価動向分析,These ads ran without a disclaimer,≤100
108524842037184,lasseleendertz,These ads ran without a disclaimer,≤100
114243345021397,Matthew's office株式会社（マシューズオフィス）,These ads ran without a disclaimer,≤100
110969055330312,Dinosaur Fight speak,These ads ran without a disclaimer,≤100
1220981994590364,FT Partner Content,These ads ran without a disclaimer,≤100
852370551453606,GARP,These ads ran without a disclaimer,≤100
250305668489402,Professor Kenny,These ads ran without a disclaimer,≤100
522037684635166,MAHLE,These ads ran without a disclaimer,≤100