﻿Page ID,Page name,Disclaimer,Amount spent (USD)
617890781586440,យគក / CYCPP - យុវជនគណបក្សប្រជាជនកម្ពុជាថ្នាក់កណ្តាល / Central Youth CPP,យុវជនគណបក្សប្រជាជនកម្ពុជាថ្នាក់កណ្តាល Central Youth CPP,≤100
206984670430,Cambodian Center for Human Rights l មជ្ឈមណ្ឌលសិទ្ធិមនុស្សកម្ពុជា,Cambodian Center for Human Rights l មជ្ឈមណ្ឌលសិទ្ធិមនុស្សកម្ពុជា,≤100
110034321816377,Hun Manet - C.O.Army Office,Pekpenh Somalina,≤100
106972092250619,ក្រុមការងារអភិវឌ្ឍយុវជនស្រុកកញ្ជ្រៀច,Dyna Moeung,≤100
783660018410989,H.E. Oknha Datuk Othsman Hassan,Roya Mat,≤100
110372271312240,ក្រុមការងារអភិវឌ្ឍយុវជនខេត្តព្រៃវែង,Dyna Moeung,≤100
106374614548737,ខេមបូចា ព័ត៌មាន,ខេមបូចា ព័ត៌មាន,≤100
104551434922860,ក្រុមការងារជនសកម្ម ក្រុងបាត់ដំបង,Dyna Moeung,≤100
106743048030651,ក្រុមការងារគណបក្សប្រជាជនកម្ពុជា ក្រុងបាត់ដំបង,Dyna Moeung,≤100
2260430647540976,កម្ពុជា ៤.០ - Cambodia 4.0,Reun Daro,≤100
102149901154440,Man Navy,Man Navy,≤100
648941691867874,Kroko ក្រគរ កែវ រតនៈ,Kroko ក្រគរ ជួយ ក្រគរ,≤100
344545219232067,អគ្គ.ការពារអ្នកប្រើប្រាស់ កិច្ចការប្រកួតប្រជែង និងបង្ក្រាបការក្លែងបន្លំ CCF,Heang Pichsela,≤100
1995251780700007,បណ្ឌិត ងិន បាណាល់ - Dr. NGIN Banal,Dyna Moeung,≤100
558050957660331,ព្រឹទ្ធសភាកម្ពុជា Senate of Cambodia,Kok Vay,≤100
186579751731841,មន្ទីរកិច្ចការនារី និងមជ្ឈមណ្ឌលអភិវឌ្ឍន៍ស្រ្តីខេត្តកំពង់ស្ពឺ,These ads ran without a disclaimer,≤100
101670692724876,Iv Leang,Iv Leang,≤100
271082999713221,Cri ccfr,Cri ccfr,≤100
1653709768184867,ជ្រុន ថេរ៉ាវ៉ាត - Chrun Theravat,Ry Vannroth,≤100
103056885764876,Khmer-Korean Interpreter/Translator 캄한 통번역사,Panha Pheartarakyuth,≤100
844603092353014,ជា ពិសី - Chea Pisey,ជា ពិសី - Chea Pisey,≤100
104781257784732,BRANDMEDIA,BRANDMEDIA,≤100