﻿Page ID,Page name,Disclaimer,Amount spent (EUR)
1420588184916754,Aleksa Becic - Demokrate - Demokratska Crna Gora,Aleksa Becic - Demokrate - Demokratska Crna Gora,≤100
819639921464707,Socijaldemokrate Crne Gore,Socijaldemokrate Crne Gore,≤100
106519341307340,Inicijativa Direktne Demokratije-IDD,Borislav Đurišić,≤100
75782787032,Pokret za Promjene,Pokret za Promjene,≤100
103645778920740,Portal Dnevno,Portal Dnevno,≤100
291831471242238,Damir Šehović,Damir Šehović,≤100
106620772324031,Vladimir Martinović,Vladimir Martinovic,≤100
103757002580383,Sindikat Telekoma CRNE GORE,Sindikat Telekoma CRNE GORE,≤100