﻿Page ID,Page name,Disclaimer,Amount spent (EUR)
173553236019440,ŠOU v Ljubljani,Študentska organizacija Univerze v Ljubljani,≤100
308043872629416,Turistična kmetija Puhan,Turistična kmetija Puhan,≤100
100821395351013,Originalno Budweiser Budvar pivo,Smart AD,≤100
387199461316883,Radgonske gorice,Radgonske gorice,≤100
144709575593854,EESC - European Economic and Social Committee,EESC - European Economic and Social Committee,≤100
205791806098188,Slovenska demokratska mladina (SDM),Slovenska demokratska mladina,≤100