﻿Page ID,Page name,Disclaimer,Amount spent (NOK)
305434298719,Norges Bondelag,Norges Bondelag,653
239677012734267,Fredrikstad Høyre,Fredrikstad Høyre,612
135843375926,UNICEF Norge,UNICEF Norge,382
106613969124,Norsk Folkehjelp,Norsk Folkehjelp,381
171408368520,Norad,Norad,185
20468812735,LO,LO,164
10953652930,Høyre,Høyre,≤100
132368899297,Framtiden i våre hender,Framtiden i våre hender,≤100
277788629092,Med Israel for fred (MIFF),Med Israel for fred (MIFF),≤100
44960467949,Greenpeace Norge,Föreningen Greenpeace Norden,≤100
623596214494727,Anima - Stopp dyremishandling,Anima - stopp dyremishandling,≤100
198148715581,Vestfold og Telemark FrP,Vestfold og Telemark FrP,≤100
113314938037285,Ordførerkandidat Magnus Arnesen - Høyre,Sarpsborg Høyre,≤100
153710294662597,Human-Etisk Forbund,Human-Etisk Forbund,≤100
132368899297,Framtiden i våre hender,Framtiden i Våre Hender,≤100
300127442096,Norske Kvinners Sanitetsforening,Norske Kvinners Sanitetsforening,≤100
119878348024795,ULOBA,Uloba - Independent Living Norge,≤100
2398568533531114,Velferdsmiks,NHO Geneo,≤100
417968848252894,Besteforeldrenes klimaaksjon,Besteforeldrenes Klimaaksjon,≤100
102880842526503,Fluen på veggen,Fluen på veggen,≤100
573458549493165,Oslo kommune,Oslo kommune,≤100
46818767155,Miljøpartiet De Grønne - MDG,Miljøpartiet De Grønne,≤100
1496585820630164,Sarpsborg Høyre,Sarpsborg Høyre,≤100
109197949130115,Kvinnefronten,Kvinnefronten i Norge,≤100
371106536283235,DAG OG TID,Dag og Tid AS,≤100
103044219380073,Østfold Høyre,Østfold Høyre,≤100
103344742624341,Skarb narodowy,These ads ran without a disclaimer,≤100
227688410297,Radio Latin-Amerika,Radio Latin-Amerika,≤100
105939782037295,Altinget.no,Altinget AS,≤100
187417144624729,Økologisk Norge,Økologisk Norge,≤100
798750773559841,Bufdir,"Barne-, ungdoms-, og familiedirektoratet",≤100
126448980866214,Klassekampen,Klassekampen AS,≤100
128566103830426,Civita,Civita AS,≤100
54603926197,Finnmark SV,Troms og Finnmark SV,≤100
107028478959490,Troms SV,Rakel Hagen Olsen,≤100
111322125898812,Filter Nyheter,Filter Nyheter,≤100
119878348024795,ULOBA,Uloba - Independent Living Norge SA,≤100
486523288038606,KIWI,KIWI,≤100
102040431616976,Beaufort Solutions,Beaufort Solutions,≤100
112631767587663,Meninger24,Meninger24,≤100
103638585942638,Folkets Parti Kristiansand,Folkets parti Kristiansand,≤100
1629110813846272,Lånke Arbeiderlag,Bjørnar Strøm Larsen,≤100
190614597633726,Bærum FrP,Bærum FrP,≤100
153623551395817,Lørenskog kommune,Gard Haglund,≤100
173034686082674,UiO - Det humanistiske fakultet,"Det humanistiske fakultet, Universitetet i Oslo",≤100
191041020931826,Gro Langdalen - Høyres ordførerkandidat i Rælingen,Rælingen Høyre,≤100
103642311168469,Børre St. Børresen - samfunnsengasjert,Open-eye-Open-mind,≤100
100885889429302,Verdinytt,Verdinytt AS,≤100
291789484748906,Senter for hav og Arktis,Senter for hav og Arktis,≤100
108203984145752,Kruse Larsen,Kruse Larsen,≤100
272225463439015,Margrethe Prahl Reusch - Venstre,Margrethe Prahl Reusch - Venstre,≤100
105616118716008,Nordre Aker FrP,Robin Bårdsen,≤100
119062344777724,Bjerke FrP,Bjerke FrP,≤100
185015154921379,Cappelen Damm Akademisk,Cappelen Damm AS,≤100
102038156126862,Guro Brandshaug - Ordførerkandidat i Sør-Varanger,Guro Brandshaug - Ordførerkandidat i Sør-Varanger,≤100
105394561558230,Rødt Åsnes og Våler,Jannice Birkeland,≤100
536745556722065,Lillestrøm FrP,Ronny Røste,≤100
447470820360,Tromsø SV,Tromsø SV,≤100
307525272933,Humanist forlag,Humanist forlag,≤100
383811721686744,Driftskonferansen,These ads ran without a disclaimer,≤100
98673036962,ROLDA,These ads ran without a disclaimer,≤100
108625789179165,Soi Dog Foundation,These ads ran without a disclaimer,≤100
107237888124833,Vy Oanh Authentic - Túi xách cao cấp uy tín,These ads ran without a disclaimer,≤100
103022776117511,Сводка новостей,These ads ran without a disclaimer,≤100
771462172882741,OnePath Network,These ads ran without a disclaimer,≤100