﻿Page ID,Page name,Disclaimer,Amount spent (GBP),Number of ads in Library
173356406366158,States Assembly - Jersey’s elected parliament,States Assembly,≤100,3
577532625648861,Vote.je,Vote.je,≤100,1
964926116915133,"Cat Construction Europe, Middle East & Africa",These ads ran without a disclaimer,≤100,2
31292782350,Deutschland.de,These ads ran without a disclaimer,≤100,1
270082823183144,Canton Fair,These ads ran without a disclaimer,≤100,1
1556481434584901,Paul Xavier,These ads ran without a disclaimer,≤100,1