﻿Page ID,Page name,Disclaimer,Amount spent (USD)
104056175063290,المكتب الإعلامي لرئيس المجلس الرئاسي الليبي,المكتب الإعلامي لرئيس المجلس الرئاسي الليبي,≤100
112437831252270,محمد خالد الغويل,محمد خالد الغويل,≤100
102697318856209,حزب السلام والازدهار,السلام والازدهار,≤100
109980421915382,إيلاف - Elaph Media,elaphmedia,≤100
108041362179071,Faisal Buraiga,These ads ran without a disclaimer,≤100
187461997935711,Unilever Careers,These ads ran without a disclaimer,≤100