﻿Page ID,Page name,Disclaimer,Amount spent (USD)
109720245220390,وزارة الصحة بالحكومة الليبية - Ministry of Health. Libyan Government,Mabroukah Asrafeel Saeid,≤100
109980421915382,إيلاف - Elaph Media,elaphmedia,≤100
103408078398525,محمد ابولموشه,محمد ابولموشه,≤100
114247604036354,Инфограф,These ads ran without a disclaimer,≤100
102199342222778,أبعاد,These ads ran without a disclaimer,≤100
816417845153501,محمد الفنيش    Mohammed Elfeniche,These ads ran without a disclaimer,≤100
101493381690630,FOX LİBYA,These ads ran without a disclaimer,≤100