﻿Page ID,Page name,Disclaimer,Amount spent (EUR)
122074554119,EU Social,EU Social,≤100
39435457457,Greenpeace France,Greenpeace France,≤100
139331629464336,EDF,EDF,≤100
9025047571,Amnesty International France,Amnesty International France,≤100
106626487721376,Amazon Europe,Amazon France,≤100
100160149099313,Justice Initiative,Justice Initiative,≤100
111666544905489,Aide Devis Pompe à Chaleur,These ads ran without a disclaimer,≤100
335868279790722,CIWF France,CIWF France,≤100
384955301529344,Institut du Cerveau - Paris Brain Institute,Institut du Cerveau - Paris Brain Institute,≤100
1598764970362891,Jordan Bardella,Jordan Bardella,≤100
113579678698073,La SPA - Société Protectrice des Animaux,La SPA - Société Protectrice des Animaux,≤100
26907085049,Scouts et Guides de France,Scouts et Guides de France,≤100
840901192703231,Groupe Identité et Démocratie - France,Groupe Identité et Démocratie - France,≤100
116070051527,Mediapart,Mediapart,≤100
252417390706,APF France handicap,APF France handicap,≤100
101840952495180,Common Good Summit,Challenges,≤100
178362315106,European Parliament,European Parliament,≤100
135590433555491,Diffuz Solidaire,MACIF,≤100
106554597767346,UNHCR France,UNHCR France,≤100
14053295787,Oxfam France,Oxfam France,≤100
79566127213,Challenges,Challenges.fr,≤100
9025047571,Amnesty International France,These ads ran without a disclaimer,≤100
278641698813937,Fondation Raoul Follereau,Fondation Raoul Follereau,≤100
114676815236667,AIDES,AIDES,≤100
328157150830,Fondation Perce-Neige,Fondation Perce-Neige,≤100
112547358788607,CCFD-Terre Solidaire,CCFD-Terre Solidaire,≤100
134397719934709,Institut pour la Justice,Institut pour la Justice,≤100
145664313583,AVSF - Agronomes & Vétérinaires Sans Frontières,AVSF - Agronomes et Vétérinaires Sans Frontières,≤100
152835304742765,Les Petits Frères des Pauvres,Les Petits Frères des Pauvres,≤100
282361555175058,Sanctuaire de Lisieux,Sanctuaire de Lisieux,≤100
145392792632,WWF-France,WWF-France,≤100
128664172024,Confédération Nationale des Associations Familiales Catholiques - AFC,Confédération nationale des Associations Familiales Catholiques,≤100
100255681599847,Veolia France,Veolia,≤100
123875660969932,ENGIE,ENGIE,≤100
54309785742,Fondation pour la Nature et l'Homme,Fondation pour la Nature et l'Homme,≤100
801651953289918,La Société Française des Monnaies,Société Française des Monnaies,≤100
144248248998626,Vivre et Aimer France,Vivre et Aimer France,≤100
154912951193067,Médecins Sans Frontières / MSF,Médecins Sans Frontières,≤100
1069735843132235,ACTIV,Activ,≤100
197118360320055,ONE France,ONE Fr,≤100
124635890909275,Apprentis d'Auteuil,Apprentis d'Auteuil,≤100
100140410085507,350 France,350 France,≤100
116455261255,Action contre la Faim (France),Action contre la Faim,≤100
382775905162847,Unlock France,Agir pour le climat,≤100
124821480532,Max Havelaar France,Max Havelaar France,≤100
910916945628993,Explore Découverte,Explore Media,≤100
1891306977793412,France Alzheimer et maladies apparentées,France Alzheimer et maladies apparentées,≤100
147126052393,Libération,Libération,≤100
120780477955028,Secours populaire,Secours populaire,≤100
360872824739466,Fondation Française de l'Ordre de Malte,Fondation Française de l'Ordre de Malte,≤100
730681673751055,"Médicis, la mutuelle retraite des indépendants et entrepreneurs",Mediaplus France,≤100
107952054291157,AED - Aide à l'Eglise en Détresse,AED - Aide à l'Eglise en Détresse,≤100
625616024204368,DIGNITE international,Dignite International,≤100
111813051744,ACTION ENFANCE,ACTION ENFANCE,≤100
103053435982738,Découvrir mes aides,These ads ran without a disclaimer,≤100
543099962534877,Renaissance,Renaissance,≤100
103804191671034,Tilt,"Tilt, une initiative de l'AFD",≤100
190767987677923,Institut Curie,Institut Curie,≤100
520430624775359,1 innovation par jour.,Explore Media,≤100
305982272814433,Jean Paul Garraud,Jean Paul Garraud,≤100
108961334029224,Ekō en français,Ekō,≤100
119292661162866,Soil Capital France,Soil Capital,≤100
113096307692289,ADF International France,ADF International,≤100
403007780216717,En immersion,O tempora,≤100
176663393102,La Cimade,La Cimade,≤100
1150185098382760,Fraternité générale,Fraternité générale,≤100
162383987105585,Association Valentin Haüy - AVH,Association Valentin Haüy - AVH,≤100
274244579353193,AVA - Agir pour la Vie Animale,AVA - Agir pour la Vie Animale,≤100
21254500749,Rassemblement National,Rassemblement National,≤100
54568872127,Association Un enfant par la main,Un Enfant par la Main,≤100
201716123952571,Mon épargne et moi,Natixis Investment Managers,≤100
105433001916166,Brut.Adnetwork,BRUT SAS,≤100
123674940994027,Revue Esprit,Revue Esprit,≤100
1684441541609223,Pour l'Éco,Pour l'Éco,≤100
413401852112275,La Mie de Pain,LA MIE DE PAIN,≤100
291803297264,Action Education - en français,Aide et Action - Officiel,≤100
395919323779707,CRIF,Crif,≤100
139547456092649,Ufo Distribution,UFO,≤100
1030528233746321,Le mouvement,le mouvement,≤100
219062948053,Alternatives économiques,Alternatives Economiques,≤100
81753537108,TotalEnergies,TotalEnergies,≤100
103492626006238,Les Écologistes,Les Écologistes,≤100
426832457756357,Mes Soutiens,ORIXA MEDIA,≤100
1851927498383009,Apnée Swimwear,Apnée Swimwear,≤100
220098248063927,Samusocial de Paris,Samusocial de Paris,≤100
754644594590474,Soulager mais pas tuer,Soulager Mais Pas Tuer,≤100
137071649972946,Lifeaz,Lifeaz,≤100
241694996718264,NF Habitat,Cerqual,≤100
155317537884626,Ordre de Malte France,Ordre de Malte France,≤100
131208927084,LeMoniteur.fr,Infopro Digital,≤100
107833795208527,Ma Coach CO2 - Eco-insouciance,Floraine Cordier,≤100
489492277865574,SDI Syndicat des Indépendants et des TPE,SDI Syndicat des Indépendants et des TPE,≤100
1165729723477945,Moniwan,Moniwan,≤100
1415350452093573,ONU Femmes France,ONU Femmes France,≤100
107741745508015,Éric Minardi,Eric Minardi,≤100
132368053477586,Prixtel,These ads ran without a disclaimer,≤100
130935260328658,Première Urgence Internationale,Première Urgence Internationale,≤100
566508133498745,Klorane Botanical Foundation,Klorane Botanical Foundation,≤100
364936960317601,Mondafrique,Mondafrique,≤100
105391268907831,Thibaut François,Thibaut François,≤100
108300118026502,Visible,These ads ran without a disclaimer,≤100
499591003464356,Groupe Atlantic,Groupe Atlantic,≤100
104938145646106,ASLA - Soutien aux lanceurs d'alerte,ASLA - Soutien aux lanceurs d'alerte,≤100
62399341602,L'Usine Nouvelle,Infopro Digital,≤100
107847545173322,Pride des Banlieues,Pride des Banlieues,≤100
618145235013084,Fondation Terre Solidaire,Fondation Terre Solidaire,≤100
256197435586,Handicap International - Humanity & Inclusion,Handicap International - Humanity & Inclusion,≤100
178707372177279,INSTITUT FRANÇAIS,INSTITUT FRANÇAIS,≤100
121693529673,Socialter,Socialter,≤100
113205478695478,Bleu-Blanc-Coeur,Bleu-Blanc-Coeur,≤100
711744789193944,Axenergie,Axenergie,≤100
457316367752668,Info'Com-CGT,Info'Com-CGT,≤100
290432054772456,France-Afrique.COM,These ads ran without a disclaimer,≤100
118197471568260,Dior,These ads ran without a disclaimer,≤100
208868999155447,UNADEV - Union Nationale des Aveugles et Déficients Visuels,Union Nationale des Aveugles et Déficients Visuels,≤100
876923129144814,Pollers,Pollers,≤100
101410736071159,Mes Aides Énergies,These ads ran without a disclaimer,≤100
543966612290222,AJC Paris,AJC Paris,≤100
557139521084091,ICT Institut Catholique de Toulouse,Université Catholique de Toulouse,≤100
106905277331650,Actu-Juridique.fr,Actu-Juridique.fr,≤100
119606718113453,Lagazette.fr,Infopro digital,≤100
110186227549578,Neo,NEO.TV,≤100
154087694129,Causeur.fr,These ads ran without a disclaimer,≤100
28312410177,World Food Programme,These ads ran without a disclaimer,≤100
153127044710790,Julien Bayou,Julien Bayou,≤100
101438166146921,Mes aides énergétiques,These ads ran without a disclaimer,≤100
128050063917913,ISF (International School Sport Federation),These ads ran without a disclaimer,≤100
518836564942104,CSEC EDF SA,CSEC EDF SA,≤100
763722197034246,En Développement,These ads ran without a disclaimer,≤100
475614645800988,Pour une santé solidaire – Solimut Mutuelle de France,Solimut Mutuelle de France,≤100
244309777833,UCO Angers,Université Catholique de l'Ouest,≤100
234345013259204,O.A.B.A. - Oeuvre d'Assistance aux Bêtes d'Abattoirs,OABA,≤100
1091723164201031,TVCAT,Le Journal Catalan,≤100
112269955151857,Construire l'avenir,These ads ran without a disclaimer,≤100
179279165463695,Institut Catholique de Paris,Institut Catholique de Paris,≤100
880922645401876,RWE,These ads ran without a disclaimer,≤100
376460652377147,Énergie Partagée,Énergie Partagée,≤100
187016391321564,PAN,These ads ran without a disclaimer,≤100
101106058167117,Green Management School,MediaSchool Group,≤100
196305677194732,Bastide Niel,Bastide Niel,≤100
140431706089748,Université Catholique de Lille,Université Catholique de Lille,≤100
123329474521861,Visit Malta,These ads ran without a disclaimer,≤100
141487425905186,Міністерство закордонних справ України / MFA of Ukraine,These ads ran without a disclaimer,≤100
1990880717882519,The China Current,These ads ran without a disclaimer,≤100
267353906619818,Mr. Gugu & Miss Go,These ads ran without a disclaimer,≤100
97116898596,Sightsavers,These ads ran without a disclaimer,≤100
889085141126043,EU.RO Group,These ads ran without a disclaimer,≤100
109357474725736,Bluetti Europe,These ads ran without a disclaimer,≤100
100546531975992,"Культурна інституція ""Міжвухами""",These ads ran without a disclaimer,≤100