﻿Page ID,Page name,Disclaimer,Amount spent (EUR),Number of ads in Library
178362315106,European Parliament,European Parliament,406,11
278117815576023,EU Justice and Consumers,EU Justice and Consumers,304,8
122074554119,EU Social,EU Social,191,8
54529589753,ActionAid Hellas,ActionAid Hellas,187,20
192906947432657,Protagon.gr (official),Protagon.gr (official),118,9
104944762512920,Στέλιος Αγγελούδης,Στέλιος Αγγελούδης,117,5
237671756442583,Περιφέρεια Κεντρικής Μακεδονίας,Orange Advertising,115,4
1942985859111246,Aftodioikisi Online,Aftodioikisi Online,≤100,6
1867952363274780,economico.gr,economico.gr,≤100,6
404183552993057,newmoney.gr,newmoney.gr,≤100,8
68078766209,Public,Public,≤100,2
107822342225787,Δύναμη Ελπίδας - Γιώργος Τσουρουνάκης,Δύναμη Ελπίδας - Γιώργος Τσουρουνάκης,≤100,11
104692221824082,Energymag.gr,Energymag,≤100,19
521845371622559,Μανόλης Καλαμπόκας - Αντιδήμαρχος Υγείας Δήμου Αθηναίων,Μανόλης Καλαμπόκας,≤100,14
997276603802454,Μαμάκος Αθανάσιος - Υποψήφιος Δήμαρχος Δ. Λαρισαίων,Μαμάκος Αθανάσιος - Υποψήφιος Δήμαρχος Δ. Λαρισαίων,≤100,1
161391173874660,"Tetra Pak - Προστατεύει Ό,τι Είναι Καλό",Tetra Pak Hellas,≤100,2
325604665061611,MSD Greece,MSD Greece,≤100,3
108183264211965,UNICEF Greece,UNICEF Greece,≤100,3
104871439107989,Justice Initiative Greece,Justice Initiative Greece,≤100,12
668804566601196,Giorgos Patoulis,Georgios Patoulis,≤100,4
347667415856156,Μαζί για το Ηράκλειο - Γιώργος Αλεξάκης,Μαζί για το Ηράκλειο,≤100,6
123836729361,New York College,New York College,≤100,1
1554850174582846,politic.gr,Politic.gr,≤100,5
106847525658121,Good Affairs,Good Affairs,≤100,1
31324524225,Greenpeace Greece,Greenpeace,≤100,5
109057218424485,Δώσε αξία - ΕΔΣΝΑ,Ειδικός Διαβαθμιδικός Σύνδεσμος Νομού Αττικής (ΕΔΣΝΑ),≤100,2
178241907911,Γιάννης Μυλωνάκης,Γιάννης Μυλωνάκης,≤100,3
239994762800528,Aftodioikisi.gr,Aftodioikisi.gr,≤100,1
755503537794595,Γιώργος Δημόπουλος - Giorgos Dimopoulos,Γιώργος Δημόπουλος - Giorgos Dimopoulos,≤100,3
159524420732421,Γιώργος Χατζηδάκης - Δήμαρχος Ηλιούπολης,Γιώργος Χατζηδάκης - Δήμαρχος Ηλιούπολης,≤100,1
104299506270374,Euro2day,Euro2day,≤100,3
114230044916448,Συμμετέχω,Συμμετέχω,≤100,11
113683628318827,Αλέξης Καλοκαιρινός,Αλέξης Καλοκαιρινός,≤100,4
716811695006895,Συμμαχία Πολιτών,Συμμαχία Πολιτών,≤100,6
101494836092130,Χαλάνδρι στο Φως,Χαλάνδρι στο Φως,≤100,7
521756984996652,PineiosNews,PineiosNews,≤100,3
1637375619619220,Άγγελος Αγραφιώτης,Άγγελος Αγραφιώτης,≤100,2
2127727860849871,Σπύρος Ριζόπουλος,Σπύρος Ριζόπουλος,≤100,4
104458199346025,Νέα Πελοπόννησος,Νέα Πελοπόννησος,≤100,19
2428107534084155,DailyPost.gr,ΝΟΗΣΙΣ ΙΚΕ,≤100,1
378892026193835,OnCamera.gr,AVMap GIS ΑΕ,≤100,19
612163912200622,Konstantinos Vafeiadis - Κωνσταντίνος Βαφειάδης,Konstantinos Vafeiadis - Κωνσταντίνος Βαφειάδης,≤100,14
117037629671698,BusinessDaily,Business Daily,≤100,8
105468695662324,ΦΩΣ,ΦΩΣ,≤100,2
108183264211965,UNICEF Greece,These ads ran without a disclaimer,≤100,1
100582149195797,CretaNews.eu,CretaNews.eu,≤100,1
259049408115934,Παντελής Σκαρλάτος,Παντελής Σκαρλάτος,≤100,6
714133898725431,Heracles Xtizoume Mazi,Heracles Xtizoume Mazi,≤100,1
1438293789797221,ecoelastika,ecoelastika,≤100,3
287878625015994,Reader.gr,Reader.gr,≤100,2
1395735897368604,Ελευθερία Τζανακούλη,Ελευθερία Τζανακούλη,≤100,5
482318442184962,Κωνσταντίνος Κοσμίδης Οικονομολόγος Τραπεζικός,Κωνσταντίνος Κοσμίδης Οικονομολόγος Τραπεζικός,≤100,4
381289095967251,Panos Reppas - Παναγιώτης Ρέππας,Panos Reppas - Παναγιώτης Ρέππας,≤100,6
1492482987698382,Epirusgate,Epirusgate,≤100,1
720161824810756,Κωνσταντίνος Ζέρβας,Konstantinos Zervas,≤100,2
1929248140446088,Γιώργος Λίλτσης - Ανατροπή,Giorgos Liltsis,≤100,2
224407310782,Εκδόσεις Διόπτρα - Dioptra Publications,Εκδόσεις Διόπτρα,≤100,1
506505539504717,Ευρώπη Κοσμίδη,Ευρώπη Κοσμίδη,≤100,13
445878969147718,Βαγγέλης Γερολιόλιος,Βαγγέλης Γερολιόλιος,≤100,1
345120415540164,Mama365,Mama365.gr,≤100,3
134135906635470,newsbomb.gr,newsbomb.gr,≤100,2
250885675592596,ΤΩΡΑ Για τη Σαντορίνη και τη Θηρασιά,ΤΩΡΑ Για τη Σαντορίνη και τη Θηρασιά,≤100,2
2060067617628884,Αναστασία Σιμητροπούλου - Υποψήφια Δήμαρχος Αλίμου,Αναστασία Σιμητροπούλου - Υποψήφια Δήμαρχος Αλίμου,≤100,2
102495036220487,Νικόλαος Κέφης,Election Leaders,≤100,5
1796286800600041,Mobile Info Team for refugees in Greece - الفريق المتنقل لمعلومات اللاجئين,Mobile Info Team for refugees in Greece - الفريق المتنقل لمعلومات اللاجئين,≤100,4
210840194307282,Αχαρνές για όλους,Αχαρνές για όλους,≤100,1
103493942778281,Επόμενη Μέρα - Δημήτρης Πιστεύος,ΕΠΟΜΕΝΗ ΜΕΡΑ,≤100,3
701705353261052,Σπύρος Πέγκας,Σπύρος Πέγκας,≤100,3
109034535945,Georgios Orfanos,Georgios Orfanos,≤100,3
112873984180079,Sterea economy,Sterea Economy,≤100,3
103754084863302,Εκδόσεις Επίκεντρο,Εκδόσεις Επίκεντρο,≤100,4
106900491983582,JukeBooks,These ads ran without a disclaimer,≤100,1
109167905361203,UNIC Greece,These ads ran without a disclaimer,≤100,1
1903473413254089,Vagelis Papakonstantinou,Vagelis Papakonstantinou,≤100,8
1375259192718674,The TOC,The TOC,≤100,5
10348684611,Esquire Greece,Esquire Greece,≤100,3
115999211474789,Δημοσθένης Παπακωνσταντίνου  -Δημοκρατική Συνεργασία,Δημοσθένης Παπακωνσταντίνου  -Δημοκρατική Συνεργασία,≤100,3
107986385290844,Forbes Greece,Forbes Greece,≤100,3
1004900052864353,mononews.gr,mononews.gr,≤100,9
103057864872953,Radar,Radar.gr,≤100,5
2834747896565202,Παπαϊωάννου Αποστόλης - Υποψήφιος Περιφερειακός Σύμβουλος Δυτικής Ελλάδας,Παπαϊωάννου Αποστόλης - Υποψήφιος Περιφερειακός Σύμβουλος Δυτικής Ελλάδας,≤100,2
102080226264884,Π. Φάληρο - Αναγέννηση,Π. Φάληρο - Αναγέννηση,≤100,2
101986622709441,Δήμος Πρωταγωνιστής - Λευτέρης Αλεξανδρίδης,Δήμος Πρωταγωνιστής - Λευτέρης Αλεξανδρίδης,≤100,2
339494163887900,ΑγαΠάμε την Πόλη μας τον Άγιο Δημήτριο,ΑγαΠάμε την Πόλη μας τον Άγιο Δημήτριο,≤100,7
590556791403274,OsteoStrong Greece,OsteoStrong Greece,≤100,2
892554860938864,Χρίστος Καραμάνος,Χρίστος Καραμάνος,≤100,3
186848962521,capital.gr,www.capital.gr,≤100,6
266294520081135,karfitsa.gr,Karfitsa,≤100,2
298082857570091,Γιάννης Κεχρής,Γιάννης Κεχρής,≤100,2
427461580226,iatronet,Iatronet Ltd,≤100,2
488218854548148,Φαίνη Χατζηαθανασιάδου-Feni Chatziathanasiadou,Φαίνη Χατζηαθανασιάδου-Feni Chatziathanasiadou,≤100,6
1842193576012736,Αργύρης Ντινόπουλος,Αργύρης Ντινόπουλος,≤100,3
106377988266334,Ανδρέας Λεκατσάς υποψήφιος δημοτικός σύμβουλος Δήμου Βύρωνος,Ανδρέας Λεκατσάς υποψήφιος δημοτικός σύμβουλος Δήμου Βύρωνος,≤100,5
155936831104234,"Αποστολόπουλος Ηλίας,  Δήμαρχος Παπάγου - Χολαργού","Αποστολόπουλος Ηλίας,  Δήμαρχος Παπάγου - Χολαργού",≤100,2
359612061446497,iEidiseis.gr,NEWSROOM Α.Ε.,≤100,1
397074630437565,Αγαπάμε το Χαλάνδρι,Αγαπάμε το Χαλάνδρι,≤100,7
534857483700841,Πέτρος Ψωμάς - σπιράλ δημοτική παράταξη,Psomas Petros,≤100,4
240199722469,The Best Portal,THE BEST net I.K.E. (ΕΝΗΜΕΡΩΣΗ ΕΠΙΚΟΙΝΩΝΙΑ THE BEST I.K.E.),≤100,6
159977541380043,The President,The President,≤100,9
550426935090718,Focus στις Αχαρνές,Focus στις Αχαρνές,≤100,2
112092918494879,Πράσινη Πόλη - Δημήτρης Πρωτοπαπάς - Κόρινθος 2023,Πράσινη Πόλη - Δημήτρης Πρωτοπαπάς - Κόρινθος 2023,≤100,7
102228816276678,Νίκος Σδούγγος - ΝΑΙ στη Θεσσαλονίκη - Υπ. Δημ. Σύμβουλος,Νίκος Σδούγγος,≤100,6
468820193302597,Κινήσεις Πολιτών Για Τη Σοσιαλδημοκρατία,ΚΙΝΗΣΕΙΣ ΠΟΛΙΤΩΝ ΓΙΑ ΤΗ ΣΟΣΙΑΛΔΗΜΟΚΡΑΤΙΑ,≤100,3
931897020261427,AVIN,AVIN,≤100,15
102384359583040,Εύα Μεταλίδη,Εύα Μεταλίδη,≤100,2
101865769475016,Παντελής Κ. Ζανιώτης - Υποψήφιος Δημοτικός Σύμβουλος Ηρακλείου Αττικής,Παντελής Κ. Ζανιώτης - Υποψήφιος Δημοτικός Σύμβουλος Ηρακλείου Αττικής,≤100,1
933846323378141,Κωνσταντίνος Δέδες,Κωνσταντίνος Δέδες,≤100,1
743353205696144,Πέτρος Τατούλης,Πέτρος Τατούλης,≤100,7
1392597604345375,Άννα Ραφτοπούλου Υποψήφια Δήμαρχος Σπάτων - Αρτέμιδας Ανασσα,Άννα Ραφτοπούλου Υποψήφια Δήμαρχος Σπάτων - Αρτέμιδας,≤100,1
101385159602649,Κωνσταντίνος Παπαναστασίου-Υπ. Δημοτικός Σύμβουλος Κηφισιάς-Νέας Ερυθραίας-Εκάλης,Findigital,≤100,3
517917878613261,Αικατερίνη Ασημακοπούλου Δημοτική Σύμβουλος Ηρακλείου Αττικης,Αικατερίνη Ασημακοπούλου Δημοτική Σύμβουλος Ηρακλείου Αττικης,≤100,3
210814698934613,Π.Ν. Σάκκουλας,Π.Ν. Σάκκουλας,≤100,1
106730482278290,Τάσος Συμεωνίδης  Αντιδήμαρχος Καθαριότητας Δ Προσοτσάνης,Τάσος Συμεωνίδης  Αντιδήμαρχος Καθαριότητας Δ Προσοτσάνης,≤100,2
2051879855080785,TEXAN SA,ΤΕΧΑΝ A.B.E.E.,≤100,1
115098644912331,Βίκυ Καβαλλάρη,Βίκυ Καβαλλάρη,≤100,2
1524837691076463,Γεώργιος Θεόδωρος Αποστολάκης,Γεώργιος Θεόδωρος Αποστολάκης,≤100,7
1651084981816691,Boobam,Boobam,≤100,7
104199182175284,Σταύρος Τζεδάκης,Σταύρος Τζεδάκης,≤100,1
100612501646328,Jenny.gr,Jenny.gr,≤100,2
234206887467692,Katerina Vourlaki,Katerina Vourlaki,≤100,1
100946378628607,Ανδρέας Βασιλόπουλος,AVMap GIS SA,≤100,4
103632234476485,Digital Mall,PROothisi,≤100,11
114601324856610,Αράπογλου Χρύσα - Καλαμαριά Μητέρα Πόλη,Αράπογλου Χρυσή,≤100,1
115725008151126,Βασίλης Πρασάς,Βασίλης Πρασάς,≤100,2
110695035251072,"Ηλιούπολη, Φωτεινή Πόλη","Ηλιούπολη, Φωτεινή Πόλη",≤100,1
1401098180146606,Γιάννης Σγουρός,Γιάννης Σγουρός,≤100,1
118362104554854,Καλαμάτα Μετά,Καλαμάτα Μετά,≤100,2
103914335903607,Κλαίρη Δεληγιάννη-Klairi Deligianni,Κλαίρη Δεληγιάννη-Klairi Deligianni,≤100,1
174590159233465,Thessaloniki International Film Festival,Thessaloniki International Film Festival,≤100,1
107718178601878,Banks.com.gr Business News,ETHOS MEDIA,≤100,3
468224300374079,Δημήτρης Παπαγεωργίου,Δημήτρης Παπαγεωργίου,≤100,2
1917062451674007,Πεντέλη 2020 - Πράσινη Έξυπνη Δημοκρατική πόλη,Πεντέλη 2020 - Πράσινη Έξυπνη Δημοκρατική πόλη,≤100,1
219634128212269,Ασφαλιστική Αγορά,Asfalistiki Agora,≤100,2
101652196118089,Radio Me,Radio Me,≤100,1
2289275974726914,Στέλιος Μαμαλάκης,Στέλιος Μαμαλάκης,≤100,1
761856437277910,Επιλογή Ευθύνης - Παναγιώτης Κροντηράς,Επιλογή Ευθύνης - Παναγιώτης Κροντηράς,≤100,3
107713108887656,ΕΡΓΟ ΤΩΡΑ - Χαράλαμπος Ν. Χρυσανίδης,ΕΡΓΟ ΤΩΡΑ - Χαράλαμπος Ν. Χρυσανίδης,≤100,6
144709575593854,EESC - European Economic and Social Committee,EESC - European Economic and Social Committee,≤100,3
113819134958338,ΑΡΧΗ,ΑΡΧΗ,≤100,3
1748153855406537,vradini.gr,vradini.gr,≤100,2
115304074918328,Στάϊκος Χαράλαμπος - Μπάμπης,Μπάμπης Σταικος,≤100,4
112933148071912,Ανανέωση & Συνεργασία,Ανανέωση & Συνεργασία,≤100,1
951375131567560,Legrand,Legrand,≤100,12
112660435167857,Δημήτρης Μήτρου-Υποψήφιος δημοτικός σύμβουλος Δ.Θεσσαλονίκης,Δημήτρης Μήτρου-Υποψήφιος δημοτικός σύμβουλος Δ.Θεσσαλονίκης,≤100,3
697059720410685,Θανάσης Αυγερινός Αντιπεριφερειάρχης Ανατολικής Αττικής,Θανάσης Αυγερινός Αντιπεριφερειάρχης Ανατολικής Αττικής,≤100,1
100407299643548,ΝΑΙ - Συνεργασία Ανανέωσης,ΝΑΙ - Συνεργασία Ανανέωσης,≤100,1
368217916600933,Αγγειοχειρουργός  Νίκος Παρασκευάς,Αγγειοχειρουργός  Νίκος Παρασκευάς,≤100,5
551917914903015,ekriti.gr,ekriti.gr,≤100,6
294443673994778,Lykavitos,HT PRESS ONLINE IKE,≤100,3
1049665441831944,Bosch Hellas,Bosch Hellas,≤100,2
1435774093378846,HuffPost Greece,HuffPost Greece,≤100,1
2310881715810380,Θηραϊκή Πολιτεία,Νίκος Ζώρζος,≤100,2
944957292359169,Άρης Τεμεκενίδης - Καλαμαριά Πρώτη Ξανά,ΚΑΛΑΜΑΡΙΑ ΠΡΩΤΗ ΞΑΝΑ,≤100,3
326961570786833,Ανδρέας Κονδύλης,Ανδρέας Κονδύλης,≤100,1
111015685257403,Προκόπιος Μέριανος Υποψήφιος Δημοτικός Σύμβουλος,Προκόπιος Μέριανος Υποψήφιος Δημοτικός Σύμβουλος,≤100,5
109288387455480,Ορίζοντες Ηπείρου,Ορίζοντες Ηπείρου,≤100,3
525475927570969,Δήμος Ορεστιάδας Τόπος Να Ζω,Δήμος Ορεστιάδας Τόπος Να Ζω,≤100,1
134821969948251,Η ΚΑΘΗΜΕΡΙΝΗ - Επίσημη σελίδα,Η ΚΑΘΗΜΕΡΙΝΗ - Επίσημη σελίδα,≤100,2
105600501626743,THEGREENCITY,TheGreenCity,≤100,2
2250439728530985,Δημήτρης Οικονόμου - Υποψήφιος Δήμαρχος Παπάγου-Χολαργού,Δημήτρης Οικονόμου - Υποψήφιος Δήμαρχος Παπάγου-Χολαργού,≤100,5
109075108422260,Δημοκρατική Άμυνα,Δημοκρατική Άμυνα,≤100,1
565847963842526,Πάνος Καραμούζης - Δημοτικός Σύμβουλος Δήμου Χαλκιδέων,Πάνος Καραμούζης - Δημοτικός Σύμβουλος Δήμου Χαλκιδέων,≤100,1
418628598291413,Μάριος Ψυχάλης,Μάριος Ψυχάλης,≤100,1
1474067842813045,Βαγγέλης Ντηνιακός - Δήμαρχος Χαϊδαρίου,EVANGELOS DINIAKOS,≤100,1
2198361083589693,Σάββας Χαλιαμπάλιας,Σάββας Χαλιαμπάλιας,≤100,2
120520524275901,Θεσσαλονίκη για Όλους,ΘΕΣΣΑΛΟΝΙΚΗ ΓΙΑ ΟΛΟΥΣ,≤100,3
1886514104920716,Δημήτρης Καμπόσος / Αλλαγή Πορείας,Δημήτρης Καμπόσος / Αλλαγή Πορείας,≤100,1
101249636183578,Γρηγόρης Γουρδομιχάλης\n- Υποψήφιος Δήμαρχος Κορυδαλλού,Γρηγόρης Γουρδομιχάλης\n- Υποψήφιος Δήμαρχος Κορυδαλλού,≤100,1
102855236058060,Ηράκλειο για Όλους - Γιώργος Σισαμάκης,Ηράκλειο για Όλους - Γιώργος Σισαμάκης,≤100,3
119281421118076,Κωνσταντίνος Ξυλομένος,Κωνσταντίνος  Ξυλομένος,≤100,3
1433780063507247,Μάκης Παπαδόπουλος - Ο Τόπος Της Ζωής Μας,ΣΩΜΑΤΕΙΟ Ο ΤΟΠΟΣ ΤΗΣ ΖΩΗΣ ΜΑΣ,≤100,13
143024356408798,Ιωάννης Σεπτούχας,Ιωάννης Σεπτούχας,≤100,3
331268330842941,Γιώργος Καλημέρης,Γιώργος Καλημέρης,≤100,2
110072128466976,Κηφισιά24,Κηφισιά24,≤100,1
418905812195510,Γιάννης Εριφυλλίδης - Η Καβάλα Μπροστά,Γιάννης Εριφυλλίδης - Η Καβάλα Μπροστά,≤100,1
857142371300996,Kostas Arvanitis,Kostas Arvanitis,≤100,2
267353906619818,Mr. Gugu & Miss Go,These ads ran without a disclaimer,≤100,34
2092776727667382,Εύπολις Δήμος Διονύσου,Εύπολις Δήμος Διονύσου,≤100,2
1727608780803972,Λογιστικός Σύλλογος Αθηνών,Λογιστικός Σύλλογος Αθηνών,≤100,2
928766687513631,Πρωτοβουλία - Ιωάννης Μαλτέζος,Πρωτοβουλία - Ιωάννης Μαλτέζος,≤100,3
111884608244726,«Φωτεινός Κόσμος» Κδαπ ΑμέΑ,«Φωτεινός Κόσμος» Κδαπ ΑμέΑ,≤100,2
674103179323981,Μίνα Καούνη & Συνεργάτες,Μίνα Καούνη & Συνεργάτες,≤100,2
113786601599699,Save-green-papagos,Save-green-papagos,≤100,1
402203919858090,Πολιτεία Παπάγου Χολαργού,Πολιτεία Παπάγου Χολαργού,≤100,4
394013391085857,Θανάσης Λιακόπουλος - Υποψήφιος Περιφερειακός Σύμβουλος,Θανάσης Λιακόπουλος - Υποψήφιος Περιφερειακός Σύμβουλος,≤100,2
103620686128669,Ξανθόπουλος Στέλιος • Υποψ. Περιφερειακός Σύμβουλος Πειραιά,Stylianos Xanthopoulos,≤100,3
110608511715050,Άρης Πανόπουλος - Υποψήφιος Δήμαρχος Χαϊδαρίου,Aris Panopoulos,≤100,2
104172728093075,TERNA ENERGY,Terna Energy,≤100,1
180428358968461,Δημοτική Συνεργασία Ελληνικού Αργυρούπολης,Δημοτική Συνεργασία Ελληνικού Αργυρούπολης,≤100,1
119059131187236,Δημήτριος Ευαγγέλου - Υποψήφιος Δήμαρχος Ηλιούπολης,Δημήτριος Ευαγγέλου - Υποψήφιος Δήμαρχος Ηλιούπολης,≤100,1
105249502133823,Election Leaders - Πολιτικό Marketing,Election Leaders,≤100,1
114868478139427,George Vallis / Γιώργος Βάλλης,George Vallis / Γιώργος Βάλλης,≤100,1
105268585825426,Νατάσσα Κοσμοπούλου,Νατάσσα Κοσμοπούλου,≤100,2
559102561234807,Συνεργασία Πολιτών - Ελένη Παπακωνσταντίνου Ρουμελιώτη,Συνεργασία Πολιτών - Ελένη Παπακωνσταντίνου Ρουμελιώτη,≤100,1
818065278553802,Γιώργος Τριανταφυλλίδης,Giorgos Triantafyllidis,≤100,3
2329561773955704,Δημοτικός Σύμβουλος Αγίου Δημητρίου Μπάντος Μάριος-Ιωάννης,Δημοτικός Σύμβουλος Αγίου Δημητρίου Μπάντος Μάριος-Ιωάννης,≤100,2
108950054276789,GEK TERNA Group of Companies,GEK TERNA GROUP,≤100,1
102719902481287,Μαζί για τις Αχαρνές,Μαζί για τις Αχαρνές,≤100,1
1200465556797225,Θανάσης Παπαθανάσης,Θανάσης Παπαθανάσης,≤100,6
116924558057990,Όραμα και Προοπτική,Όραμα και Προοπτική,≤100,1
117072912198,protothema.gr,Protothema.gr,≤100,1
279871462169811,Δύναμη Ανάπτυξης,Δύναμη Ανάπτυξης,≤100,1
150398005058111,ASD Account Financial Advisor SA,A.S.D. FINANCIAL CONSULTANTS SA,≤100,3
110893015189195,Χρήστος Κουτσούκος - Christos Koutsoukos,Χρήστος Κουτσούκος - Christos Koutsoukos,≤100,1
104979759312390,Χριστίνα Κατσιγιάννη,Election Leaders,≤100,2
112238801834667,OTAmagazine,OTAmagazine,≤100,1
108201527612821,2045.gr,2045.gr,≤100,1
1786629368244395,Dr. Κωνσταντίνος Λάγιος,Dr. Κωνσταντίνος Λάγιος,≤100,2
363084114479391,Ελένη Δουνδουλάκη / Eleni Doundoulaki,Ελένη Δουνδουλάκη,≤100,1
100931929521178,Nαυπλία Ενωμένη - Πορεία για το μέλλον,Nαυπλία Ενωμένη - Πορεία για το μέλλον,≤100,3
102540731126660,Δήμος Πεντέλης,Δήμος Πεντέλης,≤100,4
504796089618309,NOMIKI BIBLIOTHIKI,These ads ran without a disclaimer,≤100,1
115407994878112,Κωστας Κατσικης Υποψήφιος Δημοτικός Σύμβουλος για τον Δημο Θεσσαλονικης,Κωστας Κατσικης Υποψήφιος Δημοτικός Σύμβουλος για τον Δημο Θεσσαλονικης,≤100,2
107098807881409,Political.gr,POLITICAL,≤100,1
323456224972682,Στέλιος Κυμπουρόπουλος,Στέλιος Κυμπουρόπουλος,≤100,1
478710388845518,Απόστολος Πάνας - Βουλευτής Χαλκιδικής ΠΑΣΟΚ - Κίνημα Αλλαγής,Απόστολος Πάνας - Βουλευτής Χαλκιδικής ΠΑΣΟΚ - Κίνημα Αλλαγής,≤100,2
1696265353925676,XanthiPost,XanthiPost,≤100,2
107864482100103,Κώστας Παρλαμάς - Kostas Parlamas,Κώστας Παρλαμάς - Kostas Parlamas,≤100,1
258117385131815,Νίκος Σκουλάς,Νίκος Σκουλάς,≤100,2
101167412891548,Γρηγόρης Αλεξόπουλος -Υποψήφιος Δήμαρχος Δήμου Δυτικής Αχαΐας,Γρηγόρης Αλεξόπουλος -Υποψήφιος Δήμαρχος Δήμου Δυτικής Αχαΐας,≤100,3
105475882182783,Ναυτικό Επιμελητήριο Ελλάδος,Ναυτικό Επιμελητήριο της Ελλάδος,≤100,4
132857903927805,Thomas Papathanasiou /Θωμάς Παπαθανασίου,Thomas Papathanasiou /Θωμάς Παπαθανασίου,≤100,1
111684345225601,Μάγδα Μαυρίδου - Θεσσαλονίκη για όλους - Υποψήφια Δημοτική Σύμβουλος,Μάγδα Μαυρίδου - Θεσσαλονίκη για όλους - Υποψήφια Δημοτική Σύμβουλος,≤100,1
2140957882645467,Αλεξοπούλου Χριστίνα,Αλεξοπούλου Χριστίνα,≤100,1
127082307305119,Εφημερίδα Μακεδονία,Εφημερίδα Μακεδονία,≤100,2
115257728224867,Θεόδωρος Ριζούλης - Υποψήφιος Δήμαρχος Δ.  Αγιάς,ΘΕΟΔΩΡΟΣ ΡΙΖΟΥΛΗΣ,≤100,1
1527304447562278,Γιάννης Σταθόπουλος,Γιάννης Σταθόπουλος,≤100,1
117100185293393,Κέντρο Διοτίμα / Diotima Centre,Κέντρο Διοτίμα / Diotima Centre,≤100,1
103170005965849,Οραμα για την Αγία Παρασκευή,Οραμα για την Αγία Παρασκευή,≤100,1
204217766270943,kinissis άσκηση & υγεία Όργανα Γυμναστικής,These ads ran without a disclaimer,≤100,1
115822304890281,Νίκος Τζίμας - Πρέβεζα  Όλοι μαζί,preveza oloi mazi,≤100,3
105182255900156,Άγουρος Χρυσόστομος-Υποψήφιος Δημοτικός Σύμβουλος ΙΛΙΟΥ,Άγουρος Χρυσόστομος-Υποψήφιος Δημοτικός Σύμβουλος ΙΛΙΟΥ,≤100,1
103565049156233,"Όλγα Δασκαλή - Ισχυρός Δήμος, Δυνατές Κοινότητες, Ευημερία Πολιτών","Όλγα Δασκαλή - Ισχυρός Δήμος, Δυνατές Κοινότητες, Ευημερία Πολιτών",≤100,7
118589467913341,Γκούμας Αλέξανδρος - Υπ. Δημοτικός Σύμβουλος - Συμμαχία Δημιουργίας,Γκούμας Αλέξανδρος - Υπ. Δημοτικός Σύμβουλος - Συμμαχία Δημιουργίας,≤100,1
103450639455333,Αντώνης Βασιλάκος - Υποψήφιος Δημοτικός Σύμβουλος Ζακύνθου,Αντώνης Βασιλάκος - Υποψήφιος Δημοτικός Σύμβουλος Ζακύνθου,≤100,1
299799523518970,Χρήστος Ρούσσας,Χρήστος Ρούσσας,≤100,2
1706637282946540,Πανελλήνιο Κέντρο Οικολογικών Ερευνών - ΠΑΚΟΕ,ΠΑΝΕΛΛΗΝΙΟ ΚΕΝΤΡΟ ΟΙΚΟΛΟΓΙΚΩΝ ΕΡΕΥΝΩΝ (ΠΑ.Κ.Ο.Ε),≤100,3
2280463558876783,Δήμος μπροστά - Ανεξάρτητη Δημοτική Κίνηση Λυκόβρυσης - Πεύκης,Δήμος μπροστά - Ανεξάρτητη Δημοτική Κίνηση Λυκόβρυσης - Πεύκης,≤100,2
180537535910789,Νέα Αρχή για την Αγία Παρασκευή,Νέα Αρχή για την Αγία Παρασκευή,≤100,2
108125502168153,Ζούμε Νέα Σμύρνη - Γιώργος Κρικρής Υποψ. Δήμαρχος,Ζούμε Νέα Σμύρνη - Γιώργος Κρικρής Υποψ. Δήμαρχος,≤100,1
571687746562532,Ruler Digital Agency,Ruler Digital Agency,≤100,1
101018548824454,thodoris_seretis,These ads ran without a disclaimer,≤100,1
290156841046110,Kyriakos Merelis / Κυριάκος Μερελής,Kyriakos Merelis / Κυριάκος Μερελής,≤100,1
2057937780928042,Γιώργος Κρικρής,Γιώργος Κρικρής,≤100,1
113868825021165,Βαγγέλης Γερολυμάτος,Βαγγέλης Γερολυμάτος,≤100,2
150338441936,MEDASSET-Mediterranean Association to Save the Sea Turtles,MEDASSET-Mediterranean Association to Save the Sea Turtles,≤100,1
2036642163261209,Orthos Logos News,Orthos Logos News,≤100,1
103290692559479,Μπροστά - Παναγιώτης Χριστόφας - Υποψήφιος Δήμαρχος Μυτιλήνης,Παναγιώτης Χριστόφας,≤100,1
100541041849422,Kapa Webtv,Kapa News,≤100,1
114104023638775,Παρατηρητήριο Ποιότητας Περιβάλλοντος Σύρου,Παρατηρητήριο Ποιότητας Περιβάλλοντος Σύρου,≤100,1
1891132197593655,"Τάσος Μύτογλου, Υποψήφιος Δήμαρχος Κερατσινίου-Δραπετσώνας",These ads ran without a disclaimer,≤100,1
121702599228573,Κατερινα Ανδρικοπουλου - Σακοραφα / Katerina Andrikopoulou Sakorafa,Κατερινα Ανδρικοπουλου - Σακοραφα / Katerina Andrikopoulou Sakorafa,≤100,1
2106728729603668,Θωμάς Αναστασιάδης,Θωμάς Αναστασιάδης,≤100,2
413422779409584,Μιχάλης Μήττας - Υπ. Δημοτικός Σύμβουλος Δ. Θεσσαλονίκης,Μιχάλης Μήττας - Υπ. Δημοτικός Σύμβουλος Δ. Θεσσαλονίκης,≤100,1
187177148001601,Κωνσταντίνος Καραγκούνης,Κωνσταντίνος Καραγκούνης,≤100,2
146224542103767,Athens Review of Books,Athens Review of Books,≤100,2
100334728198293,Μαίρη Φουρναράκη - τ.Αντιδήμαρχος Βάρης Βούλας Βουλιαγμένης,Μαίρη Φουρναράκη - τ.Αντιδήμαρχος Βάρης Βούλας Βουλιαγμένης,≤100,1
449251365208475,Κώστας Ιακώβου / Kostas Iakovou,Κώστας Ιακώβου / Kostas Iakovou,≤100,2
165508056809834,Το Παρασκήνιο,Το Παρασκήνιο,≤100,1
104397834938100,Πέραμα Ενεργοί Πολίτες,Πέραμα Ενεργοί Πολίτες,≤100,1
543717859040930,Δημιουργία Αλληλεγγύη,Δημιουργία Αλληλεγγύη,≤100,1
110882622056474,Δημήτρης Μουλιάτος - Υποψήφιος Περιφερειακός Σύμβουλος Δυτικής Αθήνας,Δημήτρης Μουλιάτος,≤100,1
723695797714427,Μαίρη Τσιώτα - Μάρκου,Μαίρη Τσιώτα-Μάρκου,≤100,1
633964833608956,dikastiko.gr,Dikastiko.gr,≤100,1
101492746317684,Για μια ΝΕΑ ΝΕΜΕΑ,Για μια ΝΕΑ ΝΕΜΕΑ,≤100,1
439124253292041,Αλέξανδρος Παπατσίμπας - Ορίζοντες Ηπείρου,Αλέξανδρος Παπατσίμπας - Ορίζοντες Ηπείρου,≤100,1
106290892393574,Miltos Toskas,These ads ran without a disclaimer,≤100,1
108984417106258,Christos Tziouvaras,These ads ran without a disclaimer,≤100,1
404278389937250,Λατινοπούλου Αφροδίτη,Λατινοπούλου Αφροδίτη,≤100,1
785212941572944,Περιφερειακή Ένωση Δήμων - ΠΕΔ Στερεάς Ελλάδας,These ads ran without a disclaimer,≤100,1
465476093616867,Konstantinos Kollias,Konstantinos Kollias,≤100,1
288278041331145,Νεκτάριος Τσίρμπας,Νεκτάριος Τσίρμπας,≤100,1
1457335477730288,Θοδωρής Σιδηρόπουλος - Υποψήφιος Δημοτικός Σύμβουλος Αμπελοκήπων Μενεμένης,Θοδωρής Σιδηρόπουλος - Υποψήφιος Δημοτικός Σύμβουλος Αμπελοκήπων Μενεμένης,≤100,1
783431318525741,Στάθης Καννής,Στάθης Καννής,≤100,1
611274705567424,Ινστιτούτο Νίκος Πουλαντζάς- Nicos Poulantzas Institute,Ινστιτούτο Νίκος Πουλαντζάς- Nicos Poulantzas Institute,≤100,2
113936231600029,Βασίλης Π. Τρωγάδης - Δημοτική Αλλαγή,Βασίλης Π. Τρωγάδης - Δημοτική Αλλαγή,≤100,1
866133810396691,Βενετία Κουμπή - Ποιότητα Ζωής,Βενετία Κουμπή - Ποιότητα Ζωής,≤100,1
81405796244,Litochoro,These ads ran without a disclaimer,≤100,1
115716791385802,Βασίλης Ταγαράς,Βασίλης Ταγαράς,≤100,1
102857431526747,Ecopots Greece,Garden Experts AE,≤100,2
606607186454035,Πάτρα Ενωμένη-Κώστας Σβόλης,Πάτρα Ενωμένη-Κώστας Σβόλης,≤100,1
827638147364932,Alexia Dritsa,These ads ran without a disclaimer,≤100,1
2176318779356508,Κέντρο Βιογενετικής,Κέντρο Βιογενετικής,≤100,1
103433018619267,Ροδιακά Νέα,Ροδιακά Νέα,≤100,1
598223496974560,Κυριάκος Σεμερτζίδης,Κυριάκος Σεμερτζίδης,≤100,2
265310210340158,Zonews.gr,Τάσος Γ. Τατάρογλου - Εκδόσεις Αδριάνειο,≤100,1
110420085358866,Βασιλική Βούλγαρη-Γκλάβα Υποψήφια Περιφερειακή Σύμβουλος Π.Ε. Φθιώτιδας,Βασιλική Βούλγαρη-Γκλάβα Υποψήφια Περιφερειακή Σύμβουλος Π.Ε. Φθιώτιδας,≤100,1
2141325479413488,Thepostpolitics.gr,Thepostpolitics.gr,≤100,1
553590935121401,Δημήτρης Σταυριανάκης Υπ. Δημοτικός Σύμβουλος Ελληνικού - Αργυρούπολης,Δημήτρης Σταυριανάκης Υπ. Δημοτικός Σύμβουλος Ελληνικού - Αργυρούπολης,≤100,1
112658785225674,Ευαγγελάτος Σπύρος,ΕΥΑΓΓΕΛΑΤΟΣ ΣΠΥΡΙΔΩΝ,≤100,1
110396898482192,Αντωνία Καρακατσάνη,Αντωνία Καρακατσάνη,≤100,1
1252297824884184,Νίκος Λυσιγάκης,Νίκος Λυσιγάκης,≤100,1
102992528411169,Κώστας Μιλόβας,Κώστας Μιλόβας,≤100,1
621867934921161,Βαγγέλης Κατάρας - Καραφάκης,Βαγγέλης Κατάρας - Καραφάκης,≤100,2
108171584336413,Domari.News,These ads ran without a disclaimer,≤100,1
107716905141136,prodromos_nikou,These ads ran without a disclaimer,≤100,1
203799912963587,ΕΚΦΡΑΣΗ,ΕΚΦΡΑΣΗ,≤100,1
113403811243998,"Ευάγγελος Τσαγκαράκης - Υπ. Βουλευτής Α' Ανατ.Αττικής - ""Ελεύθεροι Ξανά""","Ευάγγελος Τσαγκαράκης - Υπ. Βουλευτής Α' Ανατ.Αττικής - ""Ελεύθεροι Ξανά""",≤100,1
105231412624974,Κοινωνία Δημοτών • με Μυαλό και Καρδιά,These ads ran without a disclaimer,≤100,1
177397525629672,Stavros Niarchos Foundation Cultural Center,Stavros Niarchos Foundation Cultural Center S.A.,≤100,1
150379685414797,MAOMI,These ads ran without a disclaimer,≤100,1
142890069231338,Παντελής Οικονόμου,These ads ran without a disclaimer,≤100,1
742045552514004,Στέλιος Β. Λάσκος,These ads ran without a disclaimer,≤100,1
127391974013456,Teleperformance Group - GR,These ads ran without a disclaimer,≤100,1
197766903578854,ΕΚΔΟΣΕΙΣ ΚΛΕΙΔΑΡΙΘΜΟΣ,ΕΚΔΟΣΕΙΣ ΚΛΕΙΔΑΡΙΘΜΟΣ ΕΠΕ,≤100,1
102220538490821,Tasolamprou Chrysoula  Τασολάμπρου Χρυσούλα,These ads ran without a disclaimer,≤100,1
506505539504717,Ευρώπη Κοσμίδη,These ads ran without a disclaimer,≤100,1
805612246469273,Δημήτριος Χαρνίδης,Δημήτριος Χαρνίδης,≤100,1
437727480110547,Χρήστος Μυλωνάς Υποψήφιος Δημοτικός Σύμβουλος Καλλιθέας,These ads ran without a disclaimer,≤100,1
109468687259803,BetterMen: Workout Planner,These ads ran without a disclaimer,≤100,2
1899500363631488,Η πένα του φαρμακοποιού,These ads ran without a disclaimer,≤100,1
108605075510421,e-dimotes.gr,These ads ran without a disclaimer,≤100,1
107984382329006,Τσολακιδου Μαρία/Tsolakidou Maria,These ads ran without a disclaimer,≤100,1
1606584016311747,Προοδευτική Δημοκρατική Συνεργασία Οικονομολόγων - ΠΔΣΟ,Προοδευτική Δημοκρατική Συνεργασία Οικονομολόγων - ΠΔΣΟ,≤100,1
543786385637826,Fonoma,These ads ran without a disclaimer,≤100,1
299799523518970,Χρήστος Ρούσσας,These ads ran without a disclaimer,≤100,1
108595372001165,Mega Fun,These ads ran without a disclaimer,≤100,1
108625789179165,Soi Dog Foundation,These ads ran without a disclaimer,≤100,1
116625291398838,Mythic Yachting,These ads ran without a disclaimer,≤100,1
189892208431158,That's Entertainment,These ads ran without a disclaimer,≤100,1
104002928883686,Somatic Institute For Women,These ads ran without a disclaimer,≤100,1
427787940590188,Радио Китай,These ads ran without a disclaimer,≤100,1
112589195019287,Enjoy the Moment,These ads ran without a disclaimer,≤100,1