﻿Page ID,Page name,Disclaimer,Amount spent (EUR)
115030684786210,Adomas Zamulskis,Anželika Buividaitė,≤100
589156751262311,LSDP Plungės skyrius,LSDP Plungės skyrius,≤100
202360056491831,Lietuvos socialdemokratų partija - LSDP,Lietuvos socialdemokratų partija - LSDP,≤100
93535661889,TV3 televizija,TV3 televizija,≤100
103847712206,„Ekonomikos ir politikos žurnalas Valstybė“,Demokratijos plėtros fondas VšĮ,≤100
271442299683442,Tušti narvai,VšĮ Tušti narvai,≤100
100456619463959,Praeities žvalgas,Jasiukevičius Šarūnas,≤100
178362315106,European Parliament,European Parliament,≤100
198404080183024,Swedbank Lietuvoje,„Swedbank“ Lietuvoje,≤100
1739968129576961,Mindaugas Puidokas,Puidokas Mindaugas,≤100
738507292917894,Peticijos.lt,"Peticijos, VšĮ",≤100
943920815656380,Laisvos visuomenės institutas,Laisvos visuomenės institutas,≤100
81004804444,Liberalai,Liberalai,≤100
187111975181,Knygynų tinklas „Pegasas“,Pegasas,≤100
115107046595576,Krikščionių sąjunga,Krikščionių sąjunga,≤100
168732847154734,Lietuvos valstiečių ir žaliųjų sąjunga - Klaipėdos rajono skyrius,Lietuvos valstiečių ir žaliųjų sąjunga,≤100
1052857804792527,Asta Kubilienė LR Seimo narė,Asta Kubilienė,≤100
105659461367214,Bronius Markauskas,Lietuvos valstiečių ir žaliųjų sąjunga,≤100
630229464086126,Lindström,Lindström,≤100
1729585600594890,Andrius Bautronis,Andrius Bautronis,≤100
198376336988413,Palaikom Petrą Gražulį-Tautos IR Teisingumo Sąjungos Pirmininkas,Palaikom Petrą Gražulį-Tautos IR Teisingumo Sąjungos Pirmininkas,≤100
76783564232,Europos Komisijos atstovybė Lietuvoje,Europos Komisijos atstovybė Lietuvoje,≤100
83311067105,GayLine.lt,Norbutas Martynas,≤100
111530930306854,Nacionalinis susivienijimas,Nacionalinis susivienijimas,≤100
106574585571371,LVŽS Kretingos rajono skyrius,Lietuvos valstiečių ir žaliųjų sąjunga,≤100
527351247377965,European Committee of the Regions,European Committee of the Regions,≤100
54779960819,United Nations,United Nations with Facebook Ad Credits,≤100
112253421273010,Rūta  Matulaitienė,Rūta Matulaitienė,≤100
1594911447487724,Žurnalistų etikos inspektoriaus tarnyba,Žurnalistų etikos inspektoriaus tarnyba,≤100
927450077309387,Kodarit,These ads ran without a disclaimer,≤100
287613331259579,M.G.Maksimalietis,M.G.Maksimalietis,≤100
278535582495208,Conmenrdw,These ads ran without a disclaimer,≤100
126578638039470,Myriad Capital,"FMĮ ""Myriad capital"", UAB",≤100
147547541961576,Council of the European Union,Council of the European Union,≤100
102893278959530,buksterefausta,These ads ran without a disclaimer,≤100
2162254673825112,Už Joną Gudauską,Už Joną Gudauską,≤100
460195401047293,Enefit Lietuva,Enefit Lietuva,≤100
1196196390526965,Facebook Surveys,These ads ran without a disclaimer,≤100