﻿Page ID,Page name,Disclaimer,Amount spent (CRC)
117702158266385,Antonio Álvarez Desanti,Antonio Alvarez Desanti,1359
109536051432220,Olga Morera - Diputada,Olga Morera Arrieta,554
399929296730642,Consejo Nacional de Cooperativas,Jonathan Ureña Vargas,554
101128242614247,Dr. Rodolfo Brenes Vargas,Rodolfo Brenes Vargas,554
265843867173714,La Revista,La Revista,236
1540070352761579,Leslye Bojorges,Leslye Ruben Bojorges Leon,≤100
102851155670931,mUEve,mUEve,≤100
502665456448329,Federico Barolin,These ads ran without a disclaimer,≤100