﻿Page ID,Page name,Disclaimer,Amount spent (NOK)
135843375926,UNICEF Norge,UNICEF Norge,466
140883578419,Flyktninghjelpen,Flyktninghjelpen,113
113275862050709,Næringslivets Hovedorganisasjon,Næringslivets Hovedorganisasjon,≤100
132368899297,Framtiden i våre hender,Framtiden i Våre Hender,≤100
44960467949,Greenpeace Norge,Föreningen Greenpeace Norden,≤100
300127442096,Norske Kvinners Sanitetsforening,Norske Kvinners Sanitetsforening,≤100
128076177249380,Nationen,Nationen,≤100
371106536283235,DAG OG TID,Dag og Tid AS,≤100
344674789296133,McKinsey & Company Norge,McKinsey & Company Inc Norway,≤100
126448980866214,Klassekampen,Klassekampen,≤100
128907043832503,Nettverk for dyrs frihet,Nettverk for dyrs frihet,≤100
198148715581,Vestfold og Telemark FrP,Vestfold og Telemark FrP,≤100
156202914404133,Minerva,Mediehuset Minerva,≤100
119797291429215,RIO - en landsdekkende brukerorganisasjon på rusfeltet,RIO - en landsdekkende brukerorganisasjon på rusfeltet,≤100
380405316155402,Stopp alzheimer og demens,Nasjonalforeningen for folkehelsen,≤100
109820865749775,Betong Norge - Betongelementforeningen,John E Reiersen,≤100
20468812735,LO,LO,≤100
1311226819022317,The Norwegian Nobel Institute / Det Norske Nobelinstitutt,Helene Kvernaas,≤100
155399071173729,Lørenskog Høyre,Lørenskog Høyre,≤100
173739506066242,LO Internasjonalt,LO,≤100
53828343371,Epilepsiforbundet,Epilepsiforbundet,≤100
417968848252894,Besteforeldrenes klimaaksjon,Besteforeldrenes Klimaaksjon,≤100
46818767155,Miljøpartiet De Grønne - MDG,Miljøpartiet De Grønne,≤100
623596214494727,Anima - Stopp dyremishandling,Anima - stopp dyremishandling,≤100
7783116506,Animals Asia,These ads ran without a disclaimer,≤100
227688410297,Radio Latin-Amerika,Radio Latin-Amerika,≤100
126448980866214,Klassekampen,Klassekampen AS,≤100
137910263519441,Legemiddelindustrien - LMI,These ads ran without a disclaimer,≤100
178151959629,Europabevegelsen,Europabevegelsen i Norge,≤100
186626994701210,Forbundet for Ledelse og Teknikk (FLT),Forbundet for Ledelse og Teknikk (FLT),≤100
319940767621,Sosialistisk Ungdom,Sosialistisk Ungdom,≤100
198748346812235,Drammen Venstre,Drammen Venstre,≤100
105939782037295,Altinget.no,Altinget AS,≤100
329215143807272,Trondheim Høyre,Trondheim Høyre,≤100
11526489541,Senterpartiet,Senterpartiet,≤100
10254410675,Venstre,Venstre,≤100
154355981269798,HUMAN International Documentary Film Festival,Human Rights Human Wrongs AS,≤100
21967399403,Cappelen Damm,Cappelen Damm,≤100
205813622763285,Historie Norge,These ads ran without a disclaimer,≤100
2195177054093601,Kongsvinger SV,Mads Nuortta Skjørberg,≤100
1583324988565868,Stortinget,Stortinget,≤100
108316242595975,Norðurlandahúsið í Føroyum - The Nordic House in The Faroe Islands,These ads ran without a disclaimer,≤100
156892357685143,Kjartan Alexander Lunde,Rogaland Venstre,≤100
632462920169077,Lederliv,Lederliv,≤100
128566103830426,Civita,Civita AS,≤100
772203719475318,Oslo Arbeidersamfunn,Kasper Silkoset Syvertsen,≤100
52417950870,Rogaland Venstre,Rogaland Venstre,≤100
111983608075953,Solidaritet med befolkningen i Afghanistan,Solidaritet med befolkningen i Afghanistan,≤100
155237934522744,Fellesrådet for Afrika - Norwegian Council for Africa,Fellesrådet for Afrika,≤100
173034686082674,UiO : Det humanistiske fakultet,"Det humanistiske fakultet, Universitetet i Oslo",≤100
13204463437,"UNHCR, the UN Refugee Agency",These ads ran without a disclaimer,≤100
557595760923923,Volvo Penta Nordics,These ads ran without a disclaimer,≤100
112617308346786,European news,These ads ran without a disclaimer,≤100