﻿Page ID,Page name,Disclaimer,Amount spent (EUR)
46590675335,Save the Children Italia,Save the Children Italia,≤100
40433567307,UNICEF Italia,UNICEF Italia,≤100
73493613024,ActionAid Italia,ActionAid Italia,≤100
178362315106,European Parliament,European Parliament,≤100
53347533412,LAV,LAV Onlus,≤100
39993728498,Amnesty International - Italia,Amnesty International Italia,≤100
35346524498,Greenpeace Italia,Greenpeace Italia,≤100
504602692992828,Radio Stella Tortolì,Radio Stella Tortolì,≤100
147547541961576,Council of the European Union,Council of the European Union,≤100
65737832194,Medici Senza Frontiere,Medici Senza Frontiere,≤100
107356064962347,Hai Prenotato Vero?,casiraghi greco srl,≤100
101809911384599,Flowe,Flowe,≤100
48677844864,Amref Health Africa - Italia,Amref Health Africa - Italia,≤100
279234965434875,Energit,Energ.it Spa,≤100
88997912868,WWF Italia,WWF Italia,≤100
284515247529,Corriere della Sera,Corriere della Sera,≤100
183047736356,EMERGENCY,EMERGENCY,≤100
299584710061488,WeWorld Onlus,WeWorld Onlus,≤100
309840349048638,e.on,E.ON Energia,≤100
865166100210938,Bosch Italia,Bosch Italia,≤100
60727835776,LIPU,LIPU,≤100
647837585241405,I Wonder Pictures,I Wonder Pictures,≤100
182631478421403,Rio Mare,Bolton Food,≤100
150301155010350,Intersos,Intersos,≤100
309618843020,Fondazione Ronald McDonald,Fondazione per l'Infanzia Ronald McDonald Italia,≤100
179082995487557,SOS Villaggi dei Bambini - Italia,SOS Villaggi dei Bambini - Italia,≤100
355767311579149,Dialogo Civico Budoni,Dialogo Civico Budoni,≤100
443051629138870,Diego Corrias - candidato Sindaco Assemini,Diego Corrias - candidato Sindaco Assemini,≤100
131887960826264,Carlo Calenda,Azione,≤100
634243093317092,Amoro srl,Amoro Srl,≤100
295129913955200,Aboca,Aboca,≤100
1811177225665334,Enel X,Enel X Italia s.r.l.,≤100
887405791294493,Scuola Greco Pittella,Scuola Greco Pittella S.r.l.,≤100
312933172093226,Associazione Luca Coscioni,Associazione Luca Coscioni,≤100
103968169809912,Credem Banca,Finanziato da Credem Banca,≤100
116674114654565,Chiudi col gas,Chiudi col gas,≤100
1000392486681830,Italia Viva,Italia Viva,≤100
204724029665288,Enegan - Luce e Gas,Enegan S.p.A.,≤100
202326409808772,Tonno Mareblu,Mareblu,≤100
1675937735981041,Zurich,Zurich,≤100
109491080460389,Bambine Non Spose,WeWorld Onlus,≤100
114682098271738,Ripartiamo con Villaspeciosa,Ripartiamo con Villaspeciosa,≤100
1557163024589428,EcoFuturo Festival,EcoFuturo Festival,≤100
150200761667597,Oxfam Italia,Oxfam Italia,≤100
91261353336,Terre des Hommes Italia,Terre des Hommes Italia,≤100
126578555602,Skuola.net,Skuola.net,≤100
141019746076225,Sorgenia,Sorgenia,≤100
201484606557114,Fotovoltaico per Te,Fotovoltaico per Te,≤100
113071918732530,Animal Equality Italia,Animal Equality Italia,≤100
598765886892277,Forever Bambù Società Benefit,Forever Bambù,≤100
410043459011308,Fondazione IEO Monzino,Fondazione IEO-MONZINO,≤100
103371609303467,Studio Tributario Commerciale Lissia,Studio Tributario Commerciale Lissia,≤100
1843691212524792,ASviS - Alleanza Italiana per lo Sviluppo Sostenibile,ASviS - Alleanza Italiana per lo Sviluppo Sostenibile,≤100
576664002355828,CIWF Italia,CIWF Italia Onlus,≤100
123495291012482,Salone Internazionale del Libro,Salone del Libro,≤100
100644409468543,Fondazione Operation Smile Italia ETS,Fondazione Operation Smile Italia ETS,≤100
313559438694166,VIDAS - Assistenza ai Malati inguaribili,VIDAS - Assistenza ai Malati inguaribili,≤100
136888059662453,Mani Tese Ong Onlus,Mani Tese Ong Onlus,≤100
70212282110,Altroconsumo,Altroconsumo,≤100
160297837351805,CGT Caterpillar,CGT S.p.A.,≤100
253657775240887,Pulsee,Axpo Italia,≤100
437240109669063,Autonomi e Partite Iva - Eugenio Filograna,Autonomi e Partite Iva - Eugenio Filograna,≤100
48677844864,Amref Health Africa - Italia,Amref Health Africa,≤100
1023113877895072,Maria Laura Orrù,Maria Laura Orrù,≤100
101764407875365,NeN,NeN Energia,≤100
218932788177609,Soleterre Onlus,Soleterre Onlus,≤100
657593647588625,Giuseppe Lanzara,Giuseppe Lanzara,≤100
101158695138594,SOS Climate Change,UNHCR,≤100
118612976685752,Indip - Periodico indipendente di approfondimento,Indip.it,≤100
232017336910584,Rivista Il Borghese,Casa Editrice Pagine,≤100
153574674705426,AVSI,AVSI,≤100
412537312142759,Marevivo Onlus,Marevivo Onlus,≤100
1014207595271736,Azione contro la Fame Italia,Azione contro la Fame Italia,≤100
106033922214512,Sinistra Autonomia Socialismo per Iglesias,These ads ran without a disclaimer,≤100
96235894379,Teknoring,Wolters Kluwer Italia S.r.l.,≤100
121622734528770,Eidos Communication,Eidos Communication,≤100
102550058686598,Sotto Il Mantello C O V I D - Libro Inchiesta,Sotto il Mantello Covid,≤100
1814545205425619,BEEing,Beeing,≤100
104793245950466,admin1644,Marco Fadda,≤100
118014257946811,Arbutus unedo,These ads ran without a disclaimer,≤100
124450774313284,Etica Sgr,Etica Sgr,≤100
451419891563905,Pro Vita & Famiglia Onlus,Pro Vita & Famiglia Onlus,≤100
661255607251618,Mary G. Baccaglini,These ads ran without a disclaimer,≤100
421539548423434,SOS Rifugiati,UNHCR Italia - Agenzia ONU per i Rifugiati,≤100
152334065066,Fairtrade Italia,Fairtrade Italia,≤100
422703967772535,Lega - Salvini Premier,Lega - Salvini Premier,≤100
102000366519353,EIPASS,Certipass srl,≤100
169042736456594,All Out,All Out,≤100
234250624070408,ONBSI,ONBSI,≤100
182120865170178,Gianluigi Paragone,Gianluigi Paragone,≤100
102808527862361,Uniti per la Siria,WeWorld Onlus,≤100
1585369755090498,Mediobanca,Mediobanca,≤100
1093222784082778,World Vision Italia,World Vision Italia Onlus,≤100
385927811585865,Aiuto alla Chiesa che Soffre,Aiuto alla Chiesa che Soffre,≤100
129614623725639,Cesvi Onlus,Cesvi Fondazione Onlus,≤100
73842934441,CIAI,CIAI,≤100
102604069438080,Circolo Renzo Laconi - Partito Democratico Sant'Antioco,Circolo Renzo Laconi - Partito Democratico Sant'Antioco,≤100
105796680963553,Gruppo Editoriale La Scuola SEI,Editrice La Scuola,≤100
45408828511,OIPA Italia,OIPA,≤100
331092066942114,Fondazione Italia Uganda,Fondazione Italia Uganda Onlus,≤100
100964541456650,Will Media,Will Media,≤100
107779855294378,L'Identità,L'Identità,≤100
150738452145624,BASF Italia,Basf Italia S.p.a.,≤100
1410474395723679,Petizioni.it,Petizioni.it,≤100
59374667427,Alice for Children,Alice for Children,≤100
114660774944871,Rossana Sindaca - Macomer,Rossana Sindaca - Macomer,≤100
106812452406471,Uniti per Budoni,Uniti per Budoni,≤100
269804456695686,MSDsalute,The Brand Shop Srl,≤100
107492342616216,Legambiente Onlus,Legambiente Onlus,≤100
100896914607046,dejan_cetnikovic,Karaoke Reporter,≤100
117898811245959,Lucio Zoppello Sindaco,Lucio Zoppello Sindaco,≤100
105517781627039,RM scuola - Università,RM Scuola Campus,≤100
157463237749900,Olmedo Mobility Division,Olmedo Special Vehicles S.p.A,≤100
557773551234843,Schroders Italy,Schroder Investment Management (Europe) S.A. - Succursale Italiana,≤100
1389519327952496,BCC Credito Cooperativo,BCC Credito Cooperativo,≤100
142331079621154,RESET,RESET S.r.l.,≤100
587213524737852,WebSalute - Vvox,WebSalute,≤100
247705175335084,ReCommon,Re:Common,≤100
147451502073583,In Migrazione,In Migrazione,≤100
1448101522079687,Onlymoso,Onlymoso,≤100
180329672596502,Fratelli d'Italia Senato,Fratelli d'Italia Senato,≤100
104980721725834,Associazione DONNEXSTRADA,Associazione DONNEXSTRADA,≤100
106123821718914,Alessandro Bianco,Alessandro Bianco,≤100
110372232331805,Mission Bambini,Mission Bambini,≤100
113369838361241,Sergio Masini Candidato,Sergio Masini Candidato,≤100
1409558655961157,Cosmetica Italia,Cosmetica Italia,≤100
526901760669684,Partito Animalista Europeo,Partito Animalista Europeo,≤100
267617064117828,Plastic Free,Plastic Free Odv Onlus,≤100
1486718904933717,Fondazione Compagnia di San Paolo,Compagnia di San Paolo,≤100
101538465927126,Emotional&More,Emotional Studio & More SRLS,≤100
1668922680093325,Propensione.it,Propensione.it,≤100
222461425147,Nuovi Orizzonti,Nuovi Orizzonti,≤100
180275292801010,Fratelli d'Italia Camera,"Gruppo Parlamentare della Camera dei Deputati ""Fratelli D'Italia""",≤100
377901329389619,Ener2Crowd,Ener2Crowd,≤100
153967571694403,Led Italia,LED Italia S.r.l,≤100
469381559808559,ITLAS Società Benefit,Itlas srl,≤100
106199837902239,Innesti,Caviro sca,≤100
1506899926282450,Fondazione UNA,Fondazione UNA Onlus,≤100
31893742684,Banca Sella,BANCA SELLA SPA,≤100
1692571084091245,Antonio Piu,d.g.t. per conto di Antonio Piu,≤100
118241586064,Fondazione Patrizio Paoletti,Fondazione Patrizio Paoletti,≤100
116181541819083,Nicola Fratoianni,Nicola Fratoianni,≤100
1710827805727348,Fondazione Libellula,Fondazione Libellula,≤100
441812505843728,Corepla,Corepla,≤100
92505448987,CGIL Confederazione Generale Italiana del Lavoro,CGIL Confederazione Generale Italiana del Lavoro,≤100
120380341313167,Sinistra Italiana,Sinistra Italiana,≤100
162764457111560,Dynamo Camp,Fondazione Dynamo Camp Onlus,≤100
112527688820507,Mustela Italia,Mustela Italia,≤100
172718099490199,DOKITA,Dokita onlus,≤100
171795872872353,ISPI - Istituto per gli studi di politica internazionale,ISPI - Istituto per gli studi di politica internazionale,≤100
112221911380832,InvEu,Agrifondi srl,≤100
112637915441017,Acli - Associazioni cristiane lavoratori italiani,Acli - Associazioni cristiane lavoratori italiani,≤100
100696821391640,Rinascita - Pomigliano d'Arco,Rinascita - Pomigliano d'Arco,≤100
423472904417850,Gianantonio Da Re,Gianantonio Da Re,≤100
77616581723,Smile House Fondazione ETS,Smile House Fondazione ETS,≤100
117266648305733,LifeGate,LifeGate,≤100
1534292720039481,Gruppo Caviro,Gruppo Caviro,≤100
105516089470922,CBM Italia Onlus,CBM Italia Onlus,≤100
268976423121377,Essere Animali,Essere Animali,≤100
202343513183670,DHL Express Italy,DHL Express Italy,≤100
375882802451994,Capitalfin,Capitalfin,≤100
101047321724796,Semplicità,Semplicità,≤100
201344863274720,USB Pubblico Impiego,USB Pubblico Impiego,≤100
400516296739575,Confindustria Sardegna Centrale,Confindustria Sardegna Centrale,≤100
112777008752391,Valori.it,Valori.it,≤100
118922347811638,Tagli alle bollette,These ads ran without a disclaimer,≤100
2613707698646326,Pop Edizioni,POP EDIZIONI SRL SRL,≤100
588618511234072,Style Magazine Italia,Style Magazine Italia - RCS,≤100
166027216814695,Firriato,Firriato Winery,≤100
1978323772189377,Ambiente Mare Italia,Ambiente Mare Italia,≤100
111215267090745,Re Soil Foundation,ReSoilFoundation,≤100
347006748786906,AIEF,AIEF Associazione Italiana Educatori Finanziari,≤100
142589879147197,Europa Verde - Verdi,Europa Verde,≤100
160725107411590,CONOU Consorzio Nazionale Gestione Raccolta Trattamento Oli Minerali Usati,eprcomunicazione,≤100
1568184330161608,WeSchool,WeSchool s.r.l.,≤100
172914676069816,Centro Studi Americani,Centro Studi Americani,≤100
181864685188048,Maurizio Marrone,Maurizio Marrone,≤100
672715886453237,Michele Conti,Michele Conti,≤100
112576383938294,Fondo Sanedil,Fondo Sanedil,≤100
329374603934329,NET ITALY ETS Associazione italiana Pazienti Tumore Neuroendocrino,NET ITALY ETS,≤100
1393266557641903,Africa Rivista,Africa Rivista,≤100
103546574756191,Fondo Pensione Priamo,Fondo Priamo,≤100
129078800535,Rinnovabili.it,Rinnovabili.it,≤100
158558100860495,Arci nazionale,Arci Aps,≤100
34699534028,L'Oréal Paris,These ads ran without a disclaimer,≤100
210270519580762,Francesco Italia Sindaco,Francesco Italia Sindaco,≤100
101732063293364,Istituto Toniolo,Istituto Toniolo,≤100
36416147716,FederlegnoArredo,FederlegnoArredo,≤100
383656642236520,Festival Giustizia Penale,Festival della Giustizia Penale Onlus,≤100
101360778321507,Co Ma Ri Srl,CMS S.p.A.,≤100
103725242332017,Equilibri Magazine,Equilibri Magazine,≤100
104182395946288,Rete Albatros,Albatros Srls,≤100
56755731998,Codacons,Codacons,≤100
80761643174,Fondazione Umberto Veronesi,Fondazione Umberto Veronesi,≤100
277050869126670,Istituto Liberale,Istituto Liberale,≤100
281797875189719,Avanti! online,Avanti! online,≤100
583229838437691,Conflavoro PMI,Conflavoro PMI,≤100
370124820863,Sightsavers Italia Onlus,Sightsavers International Italia Onlus,≤100
1942760395965996,Passaggio al Bosco Edizioni,Passaggio al Bosco Edizioni,≤100
104151432637985,,Beppe Pes,≤100
104715245950759,Raffaele Amici - Elezioni Comune Terni 2023,RAFFAELE AMICI,≤100
793211171059364,Francescani per la Vita,Francescani per la Vita,≤100
650387761676591,Candido,Casa Editrice Pagine,≤100
106609584287802,Facta,Facta,≤100
98673036962,ROLDA,These ads ran without a disclaimer,≤100
79128475979,FUNIMA International Onlus,FUNIMA International Onlus,≤100
195167010525230,CCDU,CCDU,≤100
1176999669002221,Performer,Performer Srl,≤100
557820830916525,Il Punto pavese,Equipe Srl,≤100
117501451247077,Pears with love,SG Project Srl,≤100
45193527235,CPP Centro Psicopedagogico per la Pace e la gestione dei conflitti,CPP - Centro Psicopedagogico per l'educazione e la gestione dei conflitti,≤100
197449616933013,Le edizioni del Mulino,Le edizioni del Mulino,≤100
297566579018,IoScrittore,IoScrittore,≤100
378568295634789,Il Sole 24 ORE - Fisco,Il Sole 24 ORE - Fisco,≤100
117785844904053,Antoniano onlus,Antoniano onlus,≤100
649593578399941,Alessandro Urzì,Alessandro Urzì,≤100
451452544893797,Alter.POLIS,Alter.POLIS,≤100
112141975154233,Oltre - Federazione Civica,Oltre - Federazione Civica,≤100
310674329409996,Fondazione Marcegaglia Onlus,Fondazione Marcegaglia Onlus,≤100
291380024325396,Brando Benifei,Brando Benifei,≤100
110694578605312,"La Democrazia Cinese, il blog di Giuliano Noci","La Democrazia Cinese, il blog di Giuliano Noci",≤100
791707730845440,Win the Bank - Tutto Quello Che Ti Serve Per Ottenere Credito,Win the Bank - Tutto Quello Che Ti Serve Per Ottenere Credito,≤100
219476978806244,Peppe Cassì,Peppe Cassì,≤100
106788055084178,Per il futuro dei bambini,Cesvi,≤100
155869317820754,Il Commercialista - la tribù dei Commercialisti,Il Commercialista - la tribù dei Commercialisti,≤100
105210985653161,Maurizio Bosatra,Maurizio Bosatra,≤100
67527694280,Arché,Arché,≤100
222403031687114,ArciAtea,ArciAtea APS,≤100
404402342956536,StartupItalia,StartupItalia,≤100
229160123828240,Lega Vicenza,Lega Vicenza,≤100
121793864832061,Daniele Novara,Centro Psicopedagogico per l'educazione e la gestione dei conflitti,≤100
395165287247949,A Sud,A Sud Onlus,≤100
1504902903093208,Associazione Differenza Donna,Associazione Differenza Donna,≤100
165968498427823,Rete dei Comuni Sostenibili,Rete dei Comuni Sostenibili,≤100
102555822208649,IncludiMi,IncludiMi,≤100
100514958863956,Beyond Project - Gender Equality in Early Years,Beyond Project - Gender Equality in Early Years,≤100
109409244233102,L'Indipendente,L'Indipendente S.r.l.,≤100
103211424754369,Domani,Domani,≤100
114344005243032,Chiara Colosimo,Chiara Colosimo,≤100
844973699008453,Per Ponte,Per Ponte,≤100
1429383923849615,Fondo FASDA,Fondo FASDA,≤100
2048664861850577,Il Digitale,IlDigitale.it,≤100
321214271261474,Roberto Fusco Sindaco,Adolfo Tundo,≤100
1722749514665301,Marco Guzzi,Darsi Pace,≤100
954709931335834,Paesi Edizioni,Paesi Edizioni srl,≤100
289932296433,Medici con l'Africa Cuamm,Fondazione Opera San Francesco Saverio,≤100
154144331904379,Marta Schifone,SocialCom,≤100
735661046503097,Slc Cgil Nazionale,Slc Cgil Nazionale,≤100
258755651183,Alfonso Pecoraro Scanio,Alfonso Pecoraro Scanio,≤100
154767423377839,Managaia.eco,Managaia.eco,≤100
311252102703548,Progettiamo Santa Ninfa - Carlo Ferreri Sindaco,Progettiamo Santa Ninfa - Carlo Ferreri Sindaco,≤100
111810305178033,Dario Costantini,CNA Nazionale,≤100
2099404460291740,Antonio Sabino - Sindaco per Quarto,Antonio Sabino - Sindaco per Quarto,≤100
106577392014536,"Io, comandante di Wagner - Il libro rivelazione",Pienogiorno,≤100
111706375230688,Forza Margherita - Grazia Galiotta Sindaco,Forza Margherita,≤100
53333471319,Fondazione L'Albero della Vita - onlus,Fondazione L'Albero della Vita - onlus,≤100
109117192086160,Massimiliano Bassi - Sindaco,Massimiliano Bassi - Sindaco,≤100
111530161629383,Intra,iKarma SRL,≤100
115218755162436,ABC Associazione Bambini Chirurgici del Burlo,A.B.C. Associazione per i Bambini Chirurgici del Burlo onlus,≤100
110354967359505,Materasso Bedshire,Ce.Pro.L di Gatti Luca,≤100
114098454955749,Francesco Solinas Sindaco,Francesco Solinas Sindaco,≤100
932719406850693,UNASF Unione Nazionale Sicurezza e Formazione Conflavoro PMI,UNASF Conflavoro PMI,≤100
102075069519023,MetaCometa,MetaCometa APS,≤100
1480937442190427,Tommaso Foti,Tommaso Foti,≤100
348494431917373,Rivista Italiana Difesa,Rivista Italiana Difesa,≤100
2222744427970460,Giuseppe Martusciello - Candidato Sindaco per Quarto,Giuseppe Martusciello - Candidato Sindaco per Quarto,≤100
1817269115180421,Gustabacco Enoteca,Gustabacco,≤100
105849768548758,PreviAmbiente,Fondo PreviAmbiente,≤100
107321830749965,Lavialibera,Lavialibera,≤100
343444682747487,Fondazione Asilo Mariuccia,Fondazione Asilo Mariuccia,≤100
100558004769759,Il Pane di Sant'Antonio,Opera Pia il Pane di S.Antonio,≤100
57751256819,Confprofessioni,Confprofessioni,≤100
105785884951154,Alberami,Alberami Srl,≤100
10150113987575383,Festival Biblico,Festival Biblico,≤100
556039361581037,Withub,Withub,≤100
853902504738306,Centro Benedetta D’Intino,Centro Benedetta d'Intino,≤100
1766466673641354,Antonino La Spina,Antonino La Spina,≤100
108770011256563,XtraCult,XtraCult,≤100
624608431059294,Evolvere,Evolvere,≤100
106753052398690,Josè Maria Kenny - Candidato Sindaco di Terni,Fausto Sciamanna,≤100
119200734774774,Radicali,Radicali,≤100
290721534331298,Anna Ascani,Anna Ascani,≤100
107736128697080,EOS - Edison Orizzonte Sociale,EOS - Edison Orizzonte Sociale,≤100
105861115373299,Festival Internazionale dell'Economia,Gius. Laterza & Figli,≤100
385509022061328,Acqua per Tutti,WeWorld Onlus,≤100
320759861854034,Giuseppe Pignatiello Sindaco di Castano Primo,Giuseppe Pignatiello Sindaco di Castano Primo,≤100
1574941869410381,Biblion edizioni,Biblion Edizioni,≤100
121523180880597,Ci Vuole Un Reddito,Ci Vuole Un Reddito,≤100
108432711870421,Marco Bertucci,Marco Bertucci,≤100
313415112517054,"Sergio Menchini, Alternativa civica",Sergio Menchini - Personaggio politico,≤100
1676582112422226,Walter Zalukar,Walter Zalukar - Gruppo Misto Consiglio Regionale FVG,≤100
780102252381558,Alessio Butti,Alessio Butti,≤100
178808252718288,Dipartimento di Scienze e Politiche Ambientali - UNIMI,MB srl,≤100
108350280912414,Federico Ferrai,Federico Ferrai,≤100
268911749952654,Alfonso Luigi Marra,Alfonso Luigi Marra,≤100
128297767335924,Emergenza Sorrisi ONLUS,Emergenza Sorrisi,≤100
362460873844615,Alumni Politecnico di Milano,Alumni Politecnico di Milano,≤100
108651374300195,Francesca Tortora,Francesca Tortora,≤100
110280295135720,Antonio Caso,Antonio Caso,≤100
108946168857202,Diana Drazza per San Cesareo,These ads ran without a disclaimer,≤100
153226661931217,I Cittadini per Angelo Niceta,I Cittadini per Angelo Niceta,≤100
343132907074660,Villy de Luca,Villy de Luca,≤100
182760498490334,infoConcorsi,EdiSES Edizioni Srl,≤100
227008457327049,EmmetiStore.it,EMMETI ISOLANTI srl,≤100
363589373994,Filippo Rossi,Caffeina Media s.r.l.,≤100
1564544176959806,Cittadini Liberi - Alleanza degli Innovatori,Cittadini Liberi - Alleanza degli Innovatori,≤100
125399517612964,Fratelli d'Italia Pisa,Fratelli d'Italia Pisa,≤100
1828039084121555,Con i Bambini,Con i Bambini,≤100
171869093280946,EICOM Energia,Eicom energia,≤100
347207412117751,Lorenzo Carletti,Lorenzo Carletti,≤100
100354602590593,Carlo Alberto Tregua,Ediservice srl,≤100
160132570689280,Arcigay,Arcigay,≤100
979170492162869,Coordinamento per la Democrazia Costituzionale,COORDINAMENTO PER LA DEMOCRAZIA COSTITUZIONALE,≤100
425023447643668,MedReAct,MedReAct,≤100
621188454669130,I Diavoli,I Diavoli,≤100
2270196856358992,PHYD,PHYD,≤100
387628074641412,E-cology Italia,E-cology Italia,≤100
229483187248340,Automazione Industriale Ferrazza,Ferrazza S.r.l.,≤100
205798119968781,Cikis,Cikis,≤100
107792215572487,Video Corso 231,Vibracci Ctrl,≤100
560791640621377,Daniele Diaco,Daniele Diaco,≤100
1258931284138740,Motor Valley,Motor Valley,≤100
101397906208027,Anna Ferretti,Anna Ferretti,≤100
31800331297,Gariwo - Foresta dei Giusti,Gariwo - Foresta dei Giusti,≤100
1623129891325124,Italia in Classe A,ENEA,≤100
110132225191471,Omegna sul serio,Omegna sul serio,≤100
102981539326372,ilblogdichiunque,These ads ran without a disclaimer,≤100
263368177127232,Le Nius,Le Nius,≤100
103605957978351,FenealUil Nazionale,FENEALUIL,≤100
105676591733592,Paese Reale,Paese Reale,≤100
404600599728488,Pefc Italia,PEFC Italia,≤100
157218361626760,Cronache Ribelli,Cronache Ribelli,≤100
379688310244,La Civiltà Cattolica,La Civiltà Cattolica,≤100
535609693464890,OFFSide Fest Italia,Offside Italia,≤100
103002934764127,PON Legalità 2014-2020,PON Legalità 2014-2020,≤100
105614762480279,Laura Castelletti sindaco,Laura Castelletti,≤100
100691529407,SULLA STRADA ONLUS,SULLA STRADA ONLUS,≤100
1525276264261539,Manfredi Potenti,Manfredi Potenti,≤100
244955126364768,Controcultura: Spazio aperto Be.Brecht,Controcultura: Spazio aperto Be.Brecht,≤100
496873810372627,Cittadini reattivi,Cittadini Reattivi APS,≤100
103622722494694,Ecco think tank,ECCO think tank,≤100
102828745181799,Insuperabile,Insuperabile,≤100
187242085242150,Adelindo Frulletti,Adelindo Frulletti,≤100
398388100260460,Francesco Rubini,Francesco Rubini,≤100
105855274948938,NoPlasticSeas,These ads ran without a disclaimer,≤100
104730438003911,Cambiamenti Climatici - News e approfondimenti,Cambiamenti Climatici - News e approfondimenti,≤100
104570204462760,L'Informatore,Informatore,≤100
1511090682500479,Tuttavia Palermo,Tuttavia Palermo,≤100
284620805407247,Orlando Masselli Sindaco,Orlando Masselli Sindaco,≤100
186799161499691,Libraccio,D.M.B. S.r.l.,≤100
326480964397759,Antonio Lombardi,FEDERCEPICOSTRUZIONI,≤100
842762285857820,Andrew Spannaus - Transatlantico.info,Transatlantico.info,≤100
252931788927590,Confindustria Firenze,Confindustria Firenze,≤100
153904631400191,Comune di Milano,Comune di Milano,≤100
137210956310640,Melting Pot Europa,Melting Pot Europa,≤100
628901577481175,Avv. Artan Bashli,Artan Bashli,≤100
107497337656682,Fiodor Verzola,Fiodor Verzola,≤100
187483518378441,Francesco Mangiaracina,Francesco Mangiaracina,≤100
100387133404972,Gay Center,Gay Center,≤100
1524999864481577,SMET Logistics,SMET S.p.A.,≤100
303531599691398,Mariastella Gelmini,Mariastella Gelmini,≤100
108339911393657,Fernando Vacarini,These ads ran without a disclaimer,≤100
577998532387925,RisorgimentoSicilia.it,Risorgimento Sicilia,≤100
523268051186707,Varese Pride,Arcigay Varese,≤100
103814422632836,Alleanza Progressista,Alleanza Progressista,≤100
673109029772554,Marco Campomenosi,Marco Campomenosi,≤100
987211228033960,SÌ Tav SÌ Lavoro per Torino,Sì Lavoro Sì Tav Movimento per la Crescita,≤100
196815512264,World Friends,World Friends,≤100
113773973716954,L'Adige di Verona,Fantasia Edutainment Srls,≤100
112671925139215,Carlo Fazzari,carlo fazzari,≤100
958283521024860,Confartigianato Noci,Confartigianato Noci,≤100
176210685871751,Arcs Culture Solidali,Arcs Culture Solidali,≤100
437117060073367,X Vallecrosia - Quesada Sindaco,X Vallecrosia - Quesada Sindaco,≤100
617657438582409,Salvatore Lax Candidato Consigliere Comunale Aprilia 2023,Salvatore Lax Candidato Consigliere Comunale Aprilia 2023,≤100
590611178105666,Wonderwhy,Wonder Why,≤100
108999184288,AIL Associazione Italiana contro le Leucemie-linfomi e mieloma ONLUS,These ads ran without a disclaimer,≤100
778174858925483,Fondazione Roberto Franceschi Onlus,Fondazione Roberto Franceschi Onlus,≤100
156980270981618,Fondazione Mondo Digitale,Fondazione Mondo Digitale,≤100
1603966533257308,Maria Cristina Pisani,Maria Cristina Pisani,≤100
2032345373657608,SIGEA - Società Italiana di Geologia Ambientale,Società Italiana di Geologia Ambientale (SIGEA) - APS,≤100
218671751661739,Fondazione Villa Maraini,Fondazione Villa Maraini,≤100
993120200721882,Casa Don Puglisi - La Bottega,Associazione di Volontariato Don Giuseppe Puglisi Onlus,≤100
814905568604078,ytali.com,ytali.com,≤100
104891121410035,eXL magazine,iDNA,≤100
111698228508857,BELLA CIAO,BELLA CIAO,≤100
120550868096692,Sinistra Italiana Monza e Brianza,Sinistra Italiana,≤100
633645229995232,Una città in comune,Associazione Pisa in Comune,≤100
591249014329371,ClassiCult,ClassiCult,≤100
110306800847417,Giovanni Setaro,Giovanni Setaro,≤100
102614496096668,Hug Italia,Hug Italia,≤100
111058465166975,Sinistra Italiana Genova,Sinistra Italiana Genova,≤100
122191987831675,Fabio Amendolara,Fabio Amendolara,≤100
100211626247272,Maria Rita Parsi,Maria Rita Parsi,≤100
360415704883966,Prevenzione e Sanità Pubblica,Improve Communications,≤100
1151916921518164,SatiLeaks,SatiLeaks,≤100
352187308292636,Mezzopieno,Mezzopieno,≤100
1442338732544302,Fabrizio Pagani Sindaco - Nova Milanese,Fabrizio Pagani Sindaco - Nova Milanese,≤100
103843386353847,Studio Pagano & Partners,Studio Pagano & Partners,≤100
1528751127190820,Enrico Turato,Enrico Turato,≤100
113015340825800,DRC Italia,DRC - Danish Refugee Council Italia,≤100
1618078638446744,4G Energia,slashto,≤100
293173811838,Zeroviolenza,Zeroviolenza,≤100
272955612871746,Marco C. Cecconi,MARCO CELESTINO CECCONI,≤100
480871535271240,Fondazione Cariplo,Fondazione Cariplo,≤100
2794426070573094,Up2You,Up2You,≤100
331372771010,Festival della Mente,Festival della Mente,≤100
109832305432836,Marco Vecchione,360 Web TV,≤100
110412317131564,Antonio Cofrancesco - candidato amministrative 2023,Antonio Cofrancesco - candidato amministrative 2023,≤100
110228405399376,La libertad avanza x el mundo,These ads ran without a disclaimer,≤100
104536188248525,Marcella Cannariato,These ads ran without a disclaimer,≤100
106574208678030,Net Zero Digital,These ads ran without a disclaimer,≤100
105296361571631,FGS srl,FGS srl,≤100
101943105288623,Mario Conte Sindaco,Mario Conte,≤100
1423719461252488,Maurence Watches by TimePrecious,These ads ran without a disclaimer,≤100
345136718845,Ministero dell'Ambiente e della Sicurezza Energetica,Ministero dell'Ambiente e della Sicurezza Energetica,≤100
129517267133461,Comune di Napoli,Comune di Napoli,≤100
144293048945865,Knowità,Knowità Srl,≤100
110747031975777,Andrea Varchetta - Candidato Capolista M5S Quarto,Andrea Varchetta - Candidato Capolista M5S Quarto,≤100
615675435199972,Alessandro Piana - Vice Presidente e Assessore Regione Liguria,Alessandro Piana - Vicepresidente e Assessore Regione Liguria,≤100
267633166627729,DAS Difesa Legale,These ads ran without a disclaimer,≤100
117572984582350,"Insieme oggi, per il Domani","Insieme oggi, per il Domani",≤100
169101783890379,Fondazione Carolina,Fondazione Carolina,≤100
139133566108069,Fuori Rotta Fest,Fuori Rotta Fest,≤100
320002541432025,Tradimalt Spa,Tradimalt Spa,≤100
104001068223489,Everdrop,These ads ran without a disclaimer,≤100
239017689528810,Un Forum per la Città,Un Forum per la Città,≤100
1583906838560814,Noi che credevamo,Noi che credevamo,≤100
101583839578336,Enzo Ricci - Sindaco,Enzo Ricci - Sindaco,≤100
27483848246,Giro d'Italia,These ads ran without a disclaimer,≤100
1420012461585538,Assidai - Fondo di Assistenza Sanitaria per il tuo benessere,Assidai,≤100
1287615541265765,Loretta Isotton per LBC,www.elezioni.voto,≤100
42199325465,exibart,These ads ran without a disclaimer,≤100
81698998693,Maurizio Lupi,Noi con l'Italia,≤100
105570288965454,Fabio Pacciani - sindaco Siena 2023,Fabio Pacciani,≤100
1862307547429963,Nonna Roma,Nonna Roma,≤100
156523304412671,"Circolo PD ""Articolo 3"" Gorgonzola","Circolo PD ""Articolo 3"" Gorgonzola",≤100
830647590306108,Oronzo Castellano candidato Consigliere Comunale,Oronzo Castellano candidato Consigliere Comunale,≤100
1420345371514860,Interlife Onlus,Interlife,≤100
105239865883340,Remo Riccioni 14 15 maggio 2023,Remo Riccioni 14 15 maggio 2023,≤100
100271449715593,StockGain_Italia,These ads ran without a disclaimer,≤100
432887000098568,RUN - Polito,RUN - Polito,≤100
111817451881097,Carriera allenatore Fifa 23,These ads ran without a disclaimer,≤100
411918228997193,Aris,These ads ran without a disclaimer,≤100
108099915586951,Umberto Calvanese,Umberto Calvanese,≤100
401067756592198,Circolo Pd San Faustino,These ads ran without a disclaimer,≤100
177990150967421,La Verità di San Giorgio,La Verità di San Giorgio,≤100
167793997265236,Rita Pepegna,Rita Pepegna,≤100
172823229999344,Caracol Olol Jackson,Associazione Caracol Olol Jackson Onlus,≤100
608197162618204,Patronato  Epasa-Itaco Cittadini e Imprese,Epasa-Itaco Cittadini e Imprese,≤100
102658678833790,Maurizio Cecconelli,Maurizio Cecconelli,≤100
104800568170989,Chora Media,Chora Media,≤100
1750407915247293,Circolo Partito del Sud - Vicenza Città Ribelle,These ads ran without a disclaimer,≤100
206936886139,Coldwell Banker Italy,Coldwell Banker Italy,≤100
156491141431856,Vivi Bari,ViviBari,≤100
445235400057,Commissione europea – Rappresentanza in Italia,Commissione europea – Rappresentanza in Italia,≤100
102002678197678,Cristian Simonetti,Cristian Simonetti,≤100
856912677691556,Associazione Nuova Arcella,These ads ran without a disclaimer,≤100
1541435846154759,Pyla,These ads ran without a disclaimer,≤100
1991479167797843,Ezio Di Genesio Pagliuca,Ezio Di Genesio Pagliuca,≤100
438605589906755,Vittorio Marchitti - Consigliere Comunale,Vittorio Marchitti - Consigliere Comunale,≤100
1007973302727293,Teach For Italy,Teach For Italy,≤100
1637778729816876,Nagorà Laboratorio di Idee,Nagorà Laboratorio di idee,≤100
174921619345619,Samuele Mascarin - LE IDEE IN COMUNE,Samuele Mascarin - LE IDEE IN COMUNE,≤100
110911678480818,Corrente2023,Corrente2023,≤100
1635274383416590,Aurelio in Comune,Aurelio in Comune,≤100
121471475122501,Società e Tributi Week,MTA STUDIO,≤100
101424186206634,David Chiti,David Chiti,≤100
399687180851518,Angelo Pomes Sindaco,Angelo Pomes Sindaco,≤100
8387084989,Marco Travaglio,SEIF Società Editoriale Il Fatto Spa,≤100
102871432629724,I Nuovi Calabresi,I Nuovi Calabresi,≤100
307927752673403,Il Salone della CSR e dell'innovazione sociale,Il Salone della CSR e dell'innovazione sociale,≤100
159192554552724,Vasilika Moon - La Luna di Vasilika Onlus,La luna di Vasilika ONLUS,≤100
109694697539764,Aeroclass,These ads ran without a disclaimer,≤100
332733097145614,Luca Ghezzi,Luca Ghezzi,≤100
106079877882030,Lorenzo Furlan,Lorenzo Furlan,≤100
1783273065279300,Roberto Rossini,Roberto Rossini,≤100
194937987296026,Giovanna Melandri,Giovanna Melandri,≤100
112349000332251,Davide Marraffino - Consigliere,Davide Marraffino - Consigliere,≤100
407066069720164,We Wealth,Voices of Wealth S.r.l.,≤100
100877322996252,Oggi Venafro - Enzo Bianchi Sindaco,BIANCHI ENZO,≤100
1035757379850845,Rosanna Conte,Rosanna Conte - Europarlamentare della Lega,≤100
233891776766819,Specchio dei tempi,Fondazione Specchio dei tempi Onlus,≤100
112923428368646,Alessandro Mezzavilla - FdI,Alessandro Mezzavilla - FdI,≤100
395137167342225,Dario De Lucia,Dario De Lucia,≤100
101976592748106,Pesciatini per Pisa - Sviluppo e Territorio,Sviluppo e Territorio,≤100
100418398810275,Radical HR,These ads ran without a disclaimer,≤100
322983764486191,Massimiliano Balconi,Massimiliano Balconi,≤100
103103927834747,Laboratorio Civico Ivrea,Laboratorio Civico Ivrea,≤100
194717554070843,Pietro Petruzzelli,Pietro Petruzzelli,≤100
106762669017344,Massimo Castagnini Sindaco,Castagnini Sindaco Siena,≤100
549063351856268,Avv. Matteo Sances,Avv. Matteo Sances,≤100
105143662542254,Flavio Bianchi,Flavio Bianchi,≤100
115577088079779,Paolo Martinelli Sindaco,"Comitato elettorale ""La città delle persone"" a sostegno della candidatura di Paolo Martinelli a sindaco di Pisa - PD, M5S, Sinistra Unita, +EU, LCDP",≤100
2162934993958021,Associazione Altero Matteoli,Associazione Altero Matteoli,≤100
224233198160680,Centrale dell'Acqua Milano,Centrale dell'Acqua Milano,≤100
416456931739449,Fondazione Finanza Etica,Fondazione Finanza Etica,≤100
830978986958453,SSU - Sinistra Studentesca Universitaria,SSU - Sinistra Studentesca Universitaria,≤100
116666618054813,Francesco Lotesoriere Sindaco,Francesco Lotesoriere Sindaco,≤100
617528441978708,Baracca 2 - la vendemmia,Baracca 2 - la vendemmia,≤100
105558659183305,Renata Giunta Sindaca,Renata Giunta Sindaca,≤100
101203162938932,Nicoletta Fabio Sindaco di Siena2023,Nicoletta Fabio,≤100
103300782717749,Marco Gentili,Per Un Nuovo Arcobaleno,≤100
888463514680198,Massimo Bologna,Massimo Bologna,≤100
556409371410201,Fiumicino 2023,Fiumicino 2023,≤100
240531925977152,Solidarietà e Partecipazione - Città in Movimento,Solidarietà e Partecipazione - Città in Movimento,≤100
576132656097776,Emiliano Tedaldi,Emiliano Tedaldi,≤100
512282875616533,Comitato Ventotene,Comitato Ventotene,≤100
586556718504769,Raffaele Donini,Raffaele Donini,≤100
107647258831836,Weregreenly- Magazine Page 3,These ads ran without a disclaimer,≤100
108625789179165,Soi Dog Foundation,These ads ran without a disclaimer,≤100
114756311586371,flags_trotter,These ads ran without a disclaimer,≤100
19746387261,Humane Society International,These ads ran without a disclaimer,≤100
108350544421634,How&Why,These ads ran without a disclaimer,≤100
217519028785017,Nature Research Custom Media,These ads ran without a disclaimer,≤100
140556749292891,National Library of Israel,These ads ran without a disclaimer,≤100
1050770641685642,Mond,These ads ran without a disclaimer,≤100
206463583105887,From London WITH Love,These ads ran without a disclaimer,≤100