﻿Page ID,Page name,Disclaimer,Amount spent (USD)
454104828705959,គេហទំព័រ ផែនដីថ្មី PDT-News,គេហទំព័រ ផែនដីថ្មី PDT-News,≤100
611176288894923,Leng Navatra   ឡេង ណាវ៉ាត្រា,Leng Navatra   ឡេង ណាវ៉ាត្រា,≤100
110034321816377,Hun Manet - C.O.Army Office,co-army,≤100
109918381911477,H.E Siek Socheat,H.E Siek Socheat,≤100
116638941394367,Chanthea Boutique,These ads ran without a disclaimer,≤100
104397578540457,J&P បោះដុំអាវយឹត នឹងអាវក្រណាត់,These ads ran without a disclaimer,≤100
561034580603226,គីម រិទ្ធី - Kim Rithy,គីម រិទ្ធី - Kim Rithy,≤100
107248224050954,ឡុង នរិន្ទ - Long Norrin,ឡុង នរិន្ទ - Long Norrin,≤100
824171547689509,ពញាឮស្រុកខ្ញុំ,ពញាឮស្រុកខ្ញុំ,≤100
981102818602934,គណៈកម្មាធិការជាតិរៀបចំការបោះឆ្នោត National Election Committee,National Election Committee,≤100
311212062405665,យ៉េង វីរៈ,យ៉េង វីរៈ,≤100
107704088257820,Aquarii BD Cambodia,"AQUARII BD (CAMBODIA) CO., LTD.",≤100
1309741899186397,CamboJANews,CamboJANews,≤100
116704241030099,ក្រុមការងារចុះមូលដ្ឋានសង្កាត់បឹងសាឡាង,ក្រុមការងារចុះមូលដ្ឋានសង្កាត់បឹងសាឡាង,≤100
100621619701242,Sok an Motor-ហាងម៉ូតូ សុខ អាន,These ads ran without a disclaimer,≤100
344545219232067,អគ្គ.ការពារអ្នកប្រើប្រាស់ កិច្ចការប្រកួតប្រជែង និងបង្ក្រាបការក្លែងបន្លំ CCF,អគ្គ.ការពារអ្នកប្រើប្រាស់ កិច្ចការប្រកួតប្រជែង និងបង្ក្រាបការក្លែងបន្លំ CCF,≤100
106374614548737,ខេមបូចា ព័ត៌មាន,ខេមបូចា ព័ត៌មាន,≤100
1653709768184867,ជ្រុន ថេរ៉ាវ៉ាត - Chrun Theravat,ជ្រុន ថេរ៉ាវ៉ាត - Chrun Theravat,≤100
112050403644969,អាំង សុវណ្ណរ័ត្ន-Aing Sovannroath,អាំង សុវណ្ណរ័ត្ន-Aing Sovannroath,≤100
2260430647540976,កម្ពុជា ៤.០ - Cambodia 4.0,កម្ពុជា ៤.០ - Cambodia 4.0,≤100
146649842083645,COMFREL,COMFREL,≤100
776527432424502,Tith Sothea,Tith Sothea,≤100
253762455245786,អគ្គលេខាធិការដ្ឋានក្រុមប្រឹក្សាជាតិគាំពារសង្គម - NSPC Cambodia,អគ្គលេខាធិការដ្ឋានក្រុមប្រឹក្សាជាតិគាំពារសង្គម - NSPC Cambodia,≤100
844603092353014,ជា ពិសី - Chea Pisey,ជា ពិសី - Chea Pisey,≤100
318174225233385,ឆ្លាក់ត្រាពីចំងាយ - Remote Stamp Making,These ads ran without a disclaimer,≤100
106743048030651,ក្រុមការងារគណបក្សប្រជាជនកម្ពុជា ក្រុងបាត់ដំបង,ក្រុមការងារគណបក្សប្រជាជនកម្ពុជា ក្រុងបាត់ដំបង,≤100