﻿Page ID,Page name,Disclaimer,Amount spent (USD),Number of ads in Library
1834313933459789,BBC StoryWorks,These ads ran without a disclaimer,≤100,2
101216625798881,Mengistu Eddie Wolokolie,MENGISTU EDDIE WOLOKOLIE FOR PRESIDENT CAMPAIGN (WFP) INC,≤100,1
106827194681183,Africa Equity Media,These ads ran without a disclaimer,≤100,2
112677355040402,MelaEducate,These ads ran without a disclaimer,≤100,1
155174084508744,Banque mondiale,These ads ran without a disclaimer,≤100,3
427787940590188,Радио Китай,These ads ran without a disclaimer,≤100,2
239295866437866,Eagle Natural Resources,These ads ran without a disclaimer,≤100,1
351750911920719,100 Million,These ads ran without a disclaimer,≤100,1
134571176638205,One Tree Planted,These ads ran without a disclaimer,≤100,3
222308671116355,International Higher Education Teaching and Learning Association,These ads ran without a disclaimer,≤100,1
110647840532680,Merge Mayor,These ads ran without a disclaimer,≤100,1
131189377574,MDPI,These ads ran without a disclaimer,≤100,1
151409322217001,Berlin School of Business & Innovation - BSBI,These ads ran without a disclaimer,≤100,1
142329112477770,البنك الدولي,These ads ran without a disclaimer,≤100,1
2272485479733990,Consulate General of China in Erbil,These ads ran without a disclaimer,≤100,1
316496640057,7iber,These ads ran without a disclaimer,≤100,2
102564889076330,"Christian Prayer Retreat Centre ""CPR Global Centre""",These ads ran without a disclaimer,≤100,1
405379246524515,DHL Express,These ads ran without a disclaimer,≤100,1
385373441546595,Patrick Blessinger,These ads ran without a disclaimer,≤100,1
106068488158725,Graduatez - College Journey,These ads ran without a disclaimer,≤100,3