﻿Page ID,Page name,Disclaimer,Amount spent (USD)
10423517786,Harvard Business Review,These ads ran without a disclaimer,≤100
103414899089935,Ntheye Kabandama,These ads ran without a disclaimer,≤100
1408811202692347,Child Online Africa,These ads ran without a disclaimer,≤100
100973158085115,Christmas Covenant,These ads ran without a disclaimer,≤100
136515966360349,BBTV,These ads ran without a disclaimer,≤100
114208138207880,lesetatsunisdesafro,These ads ran without a disclaimer,≤100
285530825204,Klitschko,These ads ran without a disclaimer,≤100
106614631788380,Kitco Mining,These ads ran without a disclaimer,≤100