﻿Page ID,Page name,Disclaimer,Amount spent (EUR)
40433567307,UNICEF Italia,UNICEF Italia,≤100
53347533412,LAV,LAV Onlus,≤100
46590675335,Save the Children Italia,Save the Children Italia,≤100
73493613024,ActionAid Italia,ActionAid Italia,≤100
39993728498,Amnesty International - Italia,Amnesty International Italia,≤100
183047736356,EMERGENCY,EMERGENCY,≤100
35346524498,Greenpeace Italia,Greenpeace Italia,≤100
309840349048638,e.on,E.ON Energia,≤100
1811177225665334,Enel X,Enel X Italia s.r.l.,≤100
65737832194,Medici Senza Frontiere,Medici Senza Frontiere,≤100
100219415973564,Officina Corciano,Armando Marcucci,≤100
111385701759852,Presi per i fornelli,Presi per i fornelli,≤100
366568029646,COOPI,COOPI,≤100
264302983606606,Stefano Bonaccini,Stefano Bonaccini,≤100
693492780985618,HSI/Italia,HSI/Italia,≤100
88997912868,WWF Italia,WWF Italia,≤100
284515247529,Corriere della Sera,Corriere della Sera,≤100
126222422109591,Michele Bettarelli,Michele Bettarelli,≤100
48677844864,Amref Health Africa - Italia,Amref Health Africa - Italia,≤100
1014207595271736,Azione contro la Fame Italia,Azione contro la Fame Italia,≤100
102550058686598,Sotto Il Mantello C O V I D - Libro Inchiesta,Sotto il Mantello Covid,≤100
269804456695686,MSDsalute,MSD Italia,≤100
48677844864,Amref Health Africa - Italia,Amref Health Africa,≤100
54779960819,United Nations,United Nations with Facebook Ad Credits,≤100
634243093317092,Amoro srl,Amoro Srl,≤100
102808527862361,Uniti per la Siria,WeWorld Onlus,≤100
295129913955200,Aboca,Aboca,≤100
150301155010350,Intersos,Intersos,≤100
70212282110,Altroconsumo,Altroconsumo,≤100
222461425147,Nuovi Orizzonti,Nuovi Orizzonti,≤100
212519685575,Fondazione AIRC per la Ricerca sul Cancro,Fondazione AIRC per la Ricerca sul cancro,≤100
104544555621560,Ewiva,Andrea Manchisi,≤100
1643562069011200,La Valle Degli Orti,Frosta,≤100
576664002355828,CIWF Italia,CIWF Italia Onlus,≤100
450419368477478,DEGIRO,These ads ran without a disclaimer,≤100
91261353336,Terre des Hommes Italia,Terre des Hommes Italia,≤100
150200761667597,Oxfam Italia,Oxfam Italia,≤100
421539548423434,SOS Rifugiati,UNHCR Italia - Agenzia ONU per i Rifugiati,≤100
347006748786906,AIEF,AIEF Associazione Italiana Educatori Finanziari,≤100
253657775240887,Pulsee,Axpo Italia,≤100
110327701926480,IoCambio,io Cambio,≤100
109491080460389,Bambine Non Spose,WeWorld Onlus,≤100
218932788177609,Soleterre Onlus,Soleterre Onlus,≤100
201484606557114,Fotovoltaico per Te,Fotovoltaico per Te,≤100
400381673394375,CFC - Crisi Fiscale d'Impresa,CFC Legal,≤100
132707500076838,Il Fatto Quotidiano,SEIF S.p.A. – Società Editoriale Il Fatto Spa,≤100
63044235866,UN Climate Change,UN Climate Change with Facebook Ad Credits,≤100
106318735428971,Intersos Lab - Centro di Formazione,INTERSOS Lab,≤100
631273106928631,Stirati Sindaco - Liberi e Democratici,Liberi e Democratici,≤100
385509022061328,Acqua per Tutti,WeWorld Onlus,≤100
105517781627039,RM scuola - Università,RM Scuola Campus,≤100
102000366519353,EIPASS,Certipass srl,≤100
239696222820040,Plan International Italia,Plan International Italia,≤100
667483386685540,Silvia Sardone,Silvia Sardone,≤100
117207375009827,Confindustria Dispositivi Medici,Confindustria Dispositivi Medici,≤100
289752771388757,Culligan Italiana,Culligan Italiana,≤100
410043459011308,Fondazione IEO Monzino,Fondazione IEO-MONZINO,≤100
106199837902239,Innesti,Caviro sca,≤100
153574674705426,AVSI,AVSI,≤100
1410474395723679,Petizioni.it,Petizioni.it,≤100
268976423121377,Essere Animali,Essere Animali,≤100
313559438694166,VIDAS - Assistenza ai Malati inguaribili,VIDAS - Assistenza ai Malati inguaribili,≤100
621188454669130,I Diavoli,I Diavoli,≤100
414325455372563,Lightland Soluzioni Energia Srl,Lightland Srl,≤100
1093222784082778,World Vision Italia,World Vision Italia Onlus,≤100
109520373882425,Arcigay Rieti LGBT,ArciGay Roma,≤100
118241586064,Fondazione Patrizio Paoletti,Fondazione Patrizio Paoletti,≤100
519853801726819,Guida all'Europrogettazione,Fondazione CRT,≤100
166027216814695,Firriato,Firriato Winery,≤100
142331079621154,RESET,RESET S.r.l.,≤100
100120048894524,Io vivo a Gubbio,Colacem S.p.A.,≤100
299584710061488,WeWorld Onlus,WeWorld Onlus,≤100
108488684707444,Bergamo Brescia 2023,Comitato Bergamo Brescia 2023,≤100
624608431059294,Evolvere,Evolvere,≤100
865166100210938,Bosch Italia,Bosch Italia,≤100
112352038802143,Giuliano Pisapia,Giuliano Pisapia,≤100
107356064962347,Hai Prenotato Vero?,casiraghi greco srl,≤100
2797201316986482,Annalisa Tardino,Annalisa Tardino,≤100
80761643174,Fondazione Umberto Veronesi,Fondazione Umberto Veronesi,≤100
31893742684,Banca Sella,BANCA SELLA SPA,≤100
131887960826264,Carlo Calenda,Azione,≤100
661243440591428,Raffaella Paita,Raffaella Paita,≤100
150414084987828,ABenergie,ABenergie,≤100
272801896733406,USR PLUS Italia,Partidul Uniunea Salvati Romania,≤100
107492342616216,Legambiente Onlus,Legambiente Onlus,≤100
8792700660,Istituto Bruno Leoni,Istituto Bruno Leoni,≤100
408718273286772,Salvatore De Meo,Salvatore De Meo,≤100
182120865170178,Gianluigi Paragone,Gianluigi Paragone,≤100
791707730845440,Win the Bank - Tutto Quello Che Ti Serve Per Ottenere Credito,Win the Bank - Tutto Quello Che Ti Serve Per Ottenere Credito,≤100
2059411634324435,Medici del Mondo,These ads ran without a disclaimer,≤100
57335173611,Città di Modena,Città di Modena,≤100
111215267090745,Re Soil Foundation,ReSoilFoundation,≤100
100644409468543,Fondazione Operation Smile Italia,Fondazione Operation Smile Italia,≤100
10150151614175447,IO DONNA,iO Donna - RCS,≤100
237831066321072,Oplonti 5 Stelle,Domenico Paolella,≤100
1534292720039481,Gruppo Caviro,Gruppo Caviro,≤100
622450334886617,Fondazione Policlinico Universitario Agostino Gemelli IRCCS,Fondazione Policlinico Universitario Agostino Gemelli IRCCS,≤100
169042736456594,All Out,All Out,≤100
312933172093226,Associazione Luca Coscioni,Associazione Luca Coscioni,≤100
147451502073583,In Migrazione,In Migrazione,≤100
232017336910584,Rivista Il Borghese,Casa Editrice Pagine,≤100
107321830749965,Lavialibera,La Via Libera,≤100
98992186692,Confestetica,Confestetica,≤100
469381559808559,ITLAS pavimenti in legno,Itlas srl,≤100
2560062990675234,CVA Energie,CVA Energie,≤100
103478991969884,Organon Italia,Organon Italia,≤100
190766780967976,Geopolitica.info,Geopolitica.info,≤100
404402342956536,StartupItalia,StartupItalia,≤100
117785844904053,Antoniano onlus,Antoniano onlus,≤100
1668922680093325,Propensione.it,Propensione.it,≤100
1445140735745708,Caritas Senigallia Onlus,Fondazione Caritas Senigallia Onlus,≤100
1942760395965996,Passaggio al Bosco Edizioni,Passaggio al Bosco Edizioni,≤100
333447690437265,SENEC Italia,These ads ran without a disclaimer,≤100
1583832781922269,La Verità,La Verità,≤100
153967571694403,Led Italia,LED Italia S.r.l,≤100
355710427861591,Fratelli d'Italia,Fratelli d'Italia,≤100
127839944083908,Robby Giusti,Roberto Giusti,≤100
220873614600952,Coirag,C.O.I.R.A.G.,≤100
105276881579324,Terzogiornale,Fondazione per la critica sociale,≤100
100595295845656,Giacomo Marinacci Assessore ai Lavori Pubblici e Urbanistica di Deruta,Giacomo Marinacci,≤100
205798119968781,Cikis,Cikis,≤100
289932296433,Medici con l'Africa Cuamm,Fondazione Opera San Francesco Saverio,≤100
113113275439704,Fondazione CON IL SUD,Fondazione con il sud,≤100
2366762910225461,Toni Matarrelli,Antonio Matarrelli,≤100
710657238945661,Idea Plast srl,Idea Plast S.R.L.,≤100
100948208536930,Peter Boom Viterbo - Associazione Arcigay,ArciGay Roma,≤100
674115289288309,Silenzi e falsità della stampa italiana,MFM,≤100
116181541819083,Nicola Fratoianni,Nicola Fratoianni,≤100
445306708881847,Markus Maurmair,Maurmair Markus,≤100
105296361571631,FGS srl,FGS srl,≤100
2613707698646326,Pop Edizioni,POP EDIZIONI SRL SRL,≤100
129614623725639,Cesvi Onlus,Cesvi,≤100
112221911380832,InvEu,Agrifondi srl,≤100
105697815298,Andrea Zanoni,Andrea Zanoni,≤100
2270196856358992,PHYD,PHYD,≤100
250691961684934,Unisvet,These ads ran without a disclaimer,≤100
381647298581035,Rumundu,Rumundu,≤100
160406350666170,Eurodeputati PD,EurodeputatiPD,≤100
124450774313284,Etica Sgr,Etica Sgr,≤100
174478206566341,Fabrizio Marrazzo,Partito Gay LGBT+ Solidale Ambientalista Liberale,≤100
1168815166600773,Fab,These ads ran without a disclaimer,≤100
825203174231710,Luigi Bisogno,Luigi Bisogno,≤100
105796680963553,Gruppo Editoriale La Scuola SEI,Editrice La Scuola,≤100
1448101522079687,Onlymoso,Onlymoso,≤100
176891959031175,Riccardo Pase,Riccardo Pase,≤100
1506899926282450,Fondazione UNA,Fondazione UNA Onlus,≤100
281797875189719,Avanti! online,Avanti! online,≤100
104112951913918,End The Slaughter Age,Filippo Maria Borsellino,≤100
112777008752391,Valori.it,Valori.it,≤100
105765942097364,Sempre Lui - Il libro,Pienogiorno,≤100
182266801912488,Massimiliano Smeriglio,Massimiliano Smeriglio,≤100
201303306547982,Campagna Abiti Puliti,Campagna Abiti Puliti,≤100
1176999669002221,Performer,Performer Srl,≤100
10150151614175447,IO DONNA,These ads ran without a disclaimer,≤100
268911749952654,Alfonso Luigi Marra,Alfonso Luigi Marra,≤100
258755651183,Alfonso Pecoraro Scanio,Alfonso Pecoraro Scanio,≤100
45193527235,CPP Centro Psicopedagogico per la Pace e la gestione dei conflitti,CPP - Centro Psicopedagogico per l'educazione e la gestione dei conflitti,≤100
377901329389619,Ener2Crowd,Ener2Crowd,≤100
1978323772189377,Ambiente Mare Italia,Ambiente Mare Italia,≤100
473643636061643,"EdiSicilia dove arte, cultura e bellezza si incontrano",Rosario Cassaniti,≤100
169101783890379,Fondazione Carolina,Fondazione Carolina,≤100
486228231540331,Partito Animalista Italiano,Cristiano Ceriello,≤100
162764457111560,Dynamo Camp,Fondazione Dynamo Camp Onlus,≤100
793211171059364,Francescani per la Vita,Francescani per la Vita,≤100
205094896368318,Albatros,Albatros S.r.l.s.,≤100
286934764814261,Legalizziamo,Associazione Luca Coscioni,≤100
264869596888019,Roberto Di Stefano,Roberto Di Stefano,≤100
431856433578503,IT Health Fusion,IT Health Fusion,≤100
154767423377839,Managaia.eco,Managaia.eco,≤100
88560025038,Federconsumatori,Federconsumatori,≤100
142589879147197,Europa Verde - Verdi,Gianfranco Mascia,≤100
101898776545732,Inapp,INAPP Istituto Nazionale per l’Analisi delle Politiche Pubbliche,≤100
525007577853915,Rosy Battaglia,Rosy Battaglia,≤100
105636267811260,The Good in Town,The Good in Town,≤100
106577392014536,"Io, comandante di Wagner - Il libro rivelazione",Pienogiorno,≤100
219708888198414,Fondazione Giangiacomo Feltrinelli,Fondazione Giangiacomo Feltrinelli,≤100
1710827805727348,Fondazione Libellula,Fondazione Libellula,≤100
109954454963611,GEA - Green Economy Agency,Gea Agency,≤100
360133591158746,zeroCO2,zeroCO2 SB SRL,≤100
206708532746370,Mara Bizzotto Pagina Ufficiale,Mara Bizzotto,≤100
451419891563905,Pro Vita & Famiglia Onlus,Pro Vita & Famiglia Onlus,≤100
161405544562935,Comitato Torino Respira,Comitato Torino Respira,≤100
150538088974692,Refugee.Info.Italy,Refugee.Info.Italy,≤100
109094031594910,Luigi Pinto,Matteo Bello,≤100
210652282434238,Alan Friedman,Alan Friedman,≤100
650387761676591,Candido,Casa Editrice Pagine,≤100
380885402054839,Manuel Vescovi,Manuel Vescovi,≤100
19050847431,Terra,Terra!,≤100
884455481592665,European People,These ads ran without a disclaimer,≤100
632293670210633,Ex OPG Occupato - Je so' pazzo,Ex OPG - Je so' pazzo,≤100
969637999787267,Giulio Venturi,Giulio Venturi,≤100
172718099490199,DOKITA,Dokita onlus,≤100
348320586034568,Nuova Direzione,These ads ran without a disclaimer,≤100
499956083436106,Fabio Rampelli,Fabio Rampelli,≤100
335126483234062,Maurizio Acerbo,Maurizio Acerbo,≤100
407001016100320,Ninni Gemmato,Nicola Gemmato,≤100
137073076339915,Invictapalestina,Invictapalestina,≤100
363589373994,Filippo Rossi,Caffeina Media s.r.l.,≤100
171869093280946,EICOM Energia,Eicom energia,≤100
193027960795836,Consulenti del Lavoro,Fondazione Studi Consulenti del Lavoro,≤100
1803487999879591,Fabrizio Ghera,Fabrizio Ghera,≤100
195895477096555,Cefa - Il seme della solidarietà - Onlus,Cefa- Il seme della solidarietà- Onlus,≤100
252449503661,La7,La7,≤100
103808931391041,Zoeme,Emanuele Menicocci,≤100
54943073948,Il Giornale del Cibo,Il Giornale del Cibo,≤100
569863519700929,Barbara Zilli,Barbara Zilli,≤100
59374667427,Alice for Children,Alice for Children,≤100
105655754112279,Aon Italia,Aon Italia,≤100
367042640294086,Luca Ciriani,Luca Ciriani,≤100
374098735972573,Grafica Nappa,Grafica Nappa,≤100
110354967359505,Materasso Bedshire,Ce.Pro.L di Gatti Luca,≤100
106352987749405,Concretamente. Prima le persone,Concretamente. Prima le persone,≤100
204556343433745,Alessandro Priori - Assessore Comune Velletri,Alessandro Priori,≤100
147547541961576,Council of the European Union,Council of the European Union,≤100
310674329409996,Fondazione Marcegaglia Onlus,Fondazione Marcegaglia Onlus,≤100
107618154328480,Alessio Arusa,Alessio Arusa,≤100
104891121410035,eXL magazine,iDNA,≤100
1766466673641354,Antonino La Spina,Antonino La Spina,≤100
1678990582375073,Vesuvio DOP Consorzio Tutela Vini,Vesuvio DOP,≤100
263368177127232,Le Nius,Le Nius,≤100
222403031687114,ArciAtea,ArciAtea APS,≤100
159724414835815,NED,Midori Srl,≤100
105849768548758,PreviAmbiente,Fondo PreviAmbiente,≤100
1582931588587085,Stefano Buono,Stefano Buono,≤100
1562648707302483,Amedeo Ciaccheri,Amedeo Ciaccheri,≤100
106829474896978,avvcrespi,These ads ran without a disclaimer,≤100
31800331297,Gariwo - Foresta dei Giusti,Gariwo - Foresta dei Giusti,≤100
146079956192990,For Farma,For Farma,≤100
103546574756191,Fondo Pensione Priamo,Fondo Priamo,≤100
109042261510620,Mirco Francioso,Francioso Mirco,≤100
637027463065554,Sicra Press,Lucia Gullotta,≤100
128189607210686,Cittaslow International,Cittaslow International,≤100
308719606486381,Matteo Adinolfi Eurodeputato,Matteo Adinolfi,≤100
217810366941,Left,Left,≤100
741432559225902,Demetrio Piccini autore di fumetti,Demetrio Piccini,≤100
121793864832061,Daniele Novara,Centro Psicopedagogico per l'educazione e la gestione dei conflitti,≤100
1007973302727293,Teach For Italy,Teach For Italy,≤100
281191992492419,Massimiliano Maselli - FDI - Cons. Regione Lazio,Massimiliano Maselli,≤100
1676582112422226,Walter Zalukar,Walter Zalukar - Gruppo Misto Consiglio Regionale FVG,≤100
244192865606024,People in Need,These ads ran without a disclaimer,≤100
107474840984143,"Enrico Berlinguer, gli ultimi giorni. Eppure il vento soffia ancora",Carlo Covino,≤100
206671230116142,Linea Herba - Fertilizzanti Naturali,FERTEK SRL,≤100
29698883228,AIFO,AIFO,≤100
496873810372627,Cittadini reattivi,Cittadini Reattivi APS,≤100
480871535271240,Fondazione Cariplo,Fondazione Cariplo,≤100
113370130305928,Il Venerdì Libertario,Salvatore Francesco Caggese,≤100
269909651698,Istituto Oikos Onlus,Istituto Oikos Onlus,≤100
177990150967421,𝕃𝕒ᴠᴇʀɪᴛᴀ̀𝕕𝕚 𝕊𝕒𝕟𝔾𝕚𝕠𝕣𝕘𝕚𝕠 di Pietro L'Erario,Pietro L'Erario,≤100
1623129891325124,Italia in Classe A,ENEA,≤100
467181846695913,Fondo Assistenza e Benessere,Fondo Assistenza e Benessere - Società di Mutuo Soccorso,≤100
386546178130059,Edizioni Dedalo,Edizioni Dedalo,≤100
111280115142496,Meri Marziali - spazio politico,Meri Marziali,≤100
178808252718288,Dipartimento di Scienze e Politiche Ambientali - UNIMI,MB srl,≤100
106609584287802,Facta,Facta,≤100
673109029772554,Marco Campomenosi,Marco Campomenosi,≤100
109781560625892,Studio Legale Irma Conti,Fabio Stancati,≤100
386268291784330,Simone Verni - M5S Lombardia,Emanuela Gorla,≤100
110138758306232,Civiltà Italiana,Civiltà Italiana,≤100
178362315106,European Parliament,European Parliament,≤100
453667791784073,Alex Marini,Alex Marini,≤100
100744476132329,WorldstreeFootball,These ads ran without a disclaimer,≤100
201344863274720,USB Pubblico Impiego,USB Pubblico Impiego,≤100
167192463921273,Antonio Zennaro,Antonio Zennaro,≤100
629627600458266,Daniela Torto,Daniela Torto,≤100
1727514660628641,Roberto Cataldi,Roberto Cataldi,≤100
609529512482095,Amate Sponde,Anna Maria Grimaldi,≤100
348320586034568,Nuova Direzione,Nuova Direzione,≤100
204724029665288,Enegan - Luce e Gas,Enegan S.p.A.,≤100
181446015358247,ACRA,ACRA,≤100
753800634652691,Paola Chiesa,Paola Maria Chiesa,≤100
100919195693624,Giancarlo Schiano - M5S,Giancarlo Schiano,≤100
101158695138594,SOS Climate Change,UNHCR,≤100
2161696127186483,Fillea CGIL Sicilia,FILLEA CGIL SICILIA,≤100
1827883270791776,lavorareascuola.it,Scuola Web Italia,≤100
248612615697451,Enoch Soranzo,Enoch Soranzo,≤100
100181901679090,Alessandra Troncarelli,Alessandra Troncarelli,≤100
102177272679899,Monica Mazzoleni,Monica Mazzoleni,≤100
943592402382817,Stato Civile: Libero,Giovanni Corbanese,≤100
537369456719694,Jane Lepori,Jane Lepori,≤100
108770011256563,XtraCult,XtraCult,≤100
1424676514263976,Simone Petrangeli,Simone Petrangeli,≤100
181864685188048,Maurizio Marrone,Maurizio Marrone,≤100
293256813551,CasaFacile,Casa Facile,≤100
153413827518,L'Occidentale-Orientamento quotidiano,Fondazione Magna Carta,≤100
1524999864481577,SMET Logistics,These ads ran without a disclaimer,≤100
112020941497075,Generazione EU,Generazione EU,≤100
155869317820754,Il Commercialista - la tribù dei Commercialisti,Il Commercialista - la tribù dei Commercialisti,≤100
922737261081955,Elisa Montemagni,Elisa Montemagni,≤100
186799161499691,Libraccio,D.M.B. S.r.l.,≤100
591249014329371,ClassiCult,ClassiCult,≤100
105035504484317,Politicamente Incoerenti,Andrea Di Santo,≤100
1420012461585538,Assidai - Fondo di Assistenza Sanitaria per il tuo benessere,Assidai,≤100
407066069720164,We Wealth,Voices of Wealth S.r.l.,≤100
2064135507163963,storielibere.fm,storielibere.fm,≤100
159192554552724,Vasilika Moon - Onlus,La luna di Vasilika ONLUS,≤100
102061925617305,Macchie e Inchiostri,These ads ran without a disclaimer,≤100
108947418663332,Sara Kelany,Sara Kelany,≤100
150738452145624,BASF Italia,Basf Italia S.p.a.,≤100
101047321724796,Semplicità,Fabrizio Bertoletti,≤100
107128728621445,Rinascita Civica - Partecipare Vittorio,Mirella Balliana,≤100
112576383938294,Fondo Sanedil,Fondo Sanedil,≤100
1420345371514860,Interlife Onlus,Interlife,≤100
106561248323154,Francesca Fava,Francesca Fava,≤100
103424691248564,Circolo Fratelli d'Italia-Alleanza Nazionale Tor de Cenci/Spinaceto,Cristiano Ciotta,≤100
109609867943568,Vincenzo Schiavo,Vincenzo Schiavo,≤100
101207809253408,New Era - Increase your performance,New Era,≤100
248758218623743,Next Nuova Economia per Tutti,NEXT - NUOVA ECONOMIA PER TUTTI,≤100
1618078638446744,4G Energia,slashto,≤100
2032345373657608,SIGEA - Società Italiana di Geologia Ambientale,Società Italiana di Geologia Ambientale (SIGEA) - APS,≤100
1429383923849615,Fondo FASDA,Fondo FASDA,≤100
107925831095647,Franco Spoto,Franco Spoto,≤100
1382868132042683,Massimiliano Romeo,Massimiliano Romeo,≤100
57266165685,Agatino Giusti,Agatino Giusti,≤100
533873370084592,Il Liberale Qualunque,Francesco Chiarenza,≤100
112995657150811,Ecologica,Gianfranco Mascia,≤100
104555644443795,Dipende da Noi,Paola Maria Petrucci,≤100
146317902087346,Antica Tabaccheria Emporium,Antica Tabaccheria Emporium,≤100
114147990367032,Il secondo mestiere,Claudio Auria,≤100
566863826747589,Cgil Venezia,Cgil Venezia,≤100
109409244233102,L'Indipendente,L'Indipendente S.r.l.,≤100
108169974395264,amorellichiara,These ads ran without a disclaimer,≤100
617528441978708,Baracca 2 - la vendemmia,Federico Bason,≤100
1975939216057184,Alvearia.net,Alvearia.net,≤100
101534334630179,Mariano Passeri,Mariano Passeri,≤100
111058465166975,Sinistra Italiana Genova,Sinistra Italiana Genova,≤100
1496504030436035,Pitillos Italia,Angelo Ammendola,≤100
104155569039002,racconti.di.storia,These ads ran without a disclaimer,≤100
1737345699671902,Antonio Ferrante,Antonio Ferrante,≤100
472230402834813,Marco Meloro,Marco Meloro,≤100
110634657163632,ScientifiCult,ScientifiCult,≤100
517390481739204,Panda Edizioni,Panda Edizioni,≤100
218911188148674,CISAL Confederazione Italiana Sindacati Autonomi Lavoratori,CISAL,≤100
102206812401610,Zetakappa,Zetakappa Futures Srl Società Benefit,≤100
561524007557264,Tiziana Drago,Tiziana Carmela Rosaria Drago,≤100
1455113908083886,Ciro Buonajuto,Ciro Buonajuto,≤100
201104749912500,Nucleare e Ragione,Comitato Nucleare e Ragione,≤100
184848885311672,Circolo Sena Civitas,Claudio Marignani,≤100
138109442630,UNIMPRESA Unione Nazionale di Imprese,Donato Paolino,≤100
1181670365223505,Costa Crociere Foundation,Costa Crociere Foundation,≤100
1948843311809719,Alessandro Corbetta,Alessandro Corbetta,≤100
678908455899403,Olimpia Troili,Olimpia Troili,≤100
62469612018,Partito della Rifondazione Comunista,Partito della Rifondazione Comunista,≤100
1603966533257308,Maria Cristina Pisani,Maria Cristina Pisani,≤100
160297837351805,CGT Caterpillar,CGT S.p.A.,≤100
536327203451798,LAPET - Il Tributarista,Davide Guida,≤100
356102944825132,Antonio Cascone,Antonio Cascone,≤100
111266561682774,Le Nostre Stelle,Antonino Annino,≤100
109775154858243,Il Caffè Keynesiano,Claudio Dolci,≤100
109746490756713,Missioni Francescane,Missioni Francescane,≤100
526901760669684,Partito Animalista Europeo,Partito Animalista Europeo,≤100
152451474837468,NAPA Group,These ads ran without a disclaimer,≤100
1313591018780606,Alan Canestrari - Assessore Comune di Senigallia,Alan,≤100
769688533239221,Sara Battisti,Sara Battisti,≤100
104858145800147,Antonio De Poli per le Marche,Antonio De Poli,≤100
337872406314816,Süd-Tiroler Freiheit,Süd-Tiroler Freiheit,≤100
608375839515998,Avvocato Luca Favini - Studio Legale Ghedini Favini,Luca Favini,≤100
102357095763264,CandidatoPolitico.it,CandidatoPolitico.it,≤100
2010818202289586,Christian Luisi,Christian Luisi,≤100
104433631844846,Rosario Scandurra - Candidato Sindaco Valverde,Rosario Scandurra,≤100
109600887049540,Partito Democratico Silvi,Partito Democratico Silvi,≤100
109857277095278,Jonatan Montanariello,Jonatan Montanariello,≤100
100246296238541,veganwannabe2022,These ads ran without a disclaimer,≤100
1447874178803782,UNA MANO ALLA VITA onlus,Una Mano alla Vita Onlus,≤100
2162934993958021,Associazione Altero Matteoli,Associazione Altero Matteoli,≤100
244955126364768,Controcultura: Spazio aperto Be.Brecht,Controcultura: Spazio aperto Be.Brecht,≤100
317053628324,Mauro Ozenda,These ads ran without a disclaimer,≤100
104752187601435,donne.it,donne.it,≤100
2090420411183414,Vincenzo Caputo,Vincenzo Caputo Srl,≤100
975719895937784,Santo Musumeci - candidato al Consiglio comunale 2023,Santo Musumeci,≤100
1657081317643771,Gianpaolo Natali,Gianpaolo Natali,≤100
104379379124060,Marianna Ricciardi,Marianna Ricciardi,≤100
1424071557850789,Associazione Le Onde - Onlus,Le Onde Onlus,≤100
516137358517790,Massimiliano Valeriani,Massimiliano Valeriani,≤100
56755731998,Codacons,Codacons,≤100
110786171617396,Vito D’Alessandro - Un Cittadino “in Comune”,D'Alessandro Vito,≤100
1207039406003958,Mascherine - Dispositivi di Protezione Individuale,Donnie De Michele,≤100
788502477984053,Stadarelli - Continuiamo insieme per Misilmeri,Rosalia Stadarelli,≤100
1151916921518164,SatiLeaks,Gianfranco Colella,≤100
105857062232327,GoodHardy-DE,These ads ran without a disclaimer,≤100
1196196390526965,Facebook Surveys,These ads ran without a disclaimer,≤100
104334789046817,elficaliskan,These ads ran without a disclaimer,≤100
267253201809229,Regenerative Changemaking,These ads ran without a disclaimer,≤100
852370551453606,GARP,These ads ran without a disclaimer,≤100
101971048046703,Your Daily Game Face,These ads ran without a disclaimer,≤100
105326115386676,The New Voice of Ukraine,These ads ran without a disclaimer,≤100
557380674743985,BasketBoy,These ads ran without a disclaimer,≤100