﻿Page ID,Page name,Disclaimer,Amount spent (NGN)
102494176217517,Dr. Patrick Umoh,suneses-energy,858
128728490537179,Senator Asuquo Ekpenyong,Senator Asuquo Ekpenyong,294
204420296789348,Ekerete Udoh,Ekerete Udoh,232
205279466743027,Lux Terra Leadership Foundation,Lux Terra Leadership Foundation,≤100
103018869332378,BantuPage,BantuPage,≤100
104391618995614,Nwachukwu Anthony Anakwenze,Nwachukwu Anthony Anakwenze,≤100
104679584528987,Flourish,Flourish,≤100
102169824695398,Rero TV,Rero TV,≤100
100202924924063,Page 36,Page 36,≤100
660685641036325,Sandeco Group,Sandeco Group,≤100
112015191108359,Inside Port Harcourt,Inside Port Harcourt,≤100
107249545008571,Totalflusher,Totalflusher,≤100
1089641091059109,Hon. Kelechi Nwogu,Hon. Kelechi Nwogu,≤100
710631155650743,Street Talents  Tv,Street Talents  Tv,≤100
109436461920268,Oga Robosco,These ads ran without a disclaimer,≤100
110518697376579,mayorfromthe60s,These ads ran without a disclaimer,≤100
314143512265151,Dawn Peters Corner,These ads ran without a disclaimer,≤100
1474384402819799,Obinna Orgazi,These ads ran without a disclaimer,≤100
297904423657616,The ICIR,The ICIR,≤100
1548450055459098,Rural Watch Africa Initiative,These ads ran without a disclaimer,≤100