﻿Page ID,Page name,Disclaimer,Amount spent (EUR)
194278021265803,Michal Šimečka • Progresívne Slovensko,Progresívne Slovensko,≤100
1928247723902365,Humánny pokrok,Humánny pokrok,≤100
147166706140048,Martin Hojsík,Martin Hojsík • Progresívne Slovensko,≤100
339528979423925,Aktuality.sk,Ringier Slovakia Media s.r.o.,≤100
141217272588202,Ministerstvo zahraničných vecí a európskych záležitostí SR,Ministerstvo zahraničných vecí a európskych záležitostí SR,≤100
557862947737785,Progresívne Slovensko,Progresívne Slovensko,≤100
110689173672947,Nesto by Lucron,"Nesto Juh Land Development, s.r.o.",≤100
730919327293761,Miroslav Radačovský • predseda strany Slovenský Patriot a europoslanec,JUDr. Miroslav Radačovský,≤100
53247283454,Hospodárske noviny,"MAFRA Slovakia, a.s.",≤100
482492355256037,"Ministerstvo práce, sociálnych vecí a rodiny Slovenskej republiky","Ministerstvo práce, sociálnych vecí a rodiny Slovenskej republiky",≤100
2631817786833672,Michal Wiezik • Za zelenú Európu,Michal Wiezik,≤100
409652449379928,"Ministerstvo investícií, regionálneho rozvoja a informatizácie SR","Ministerstvo investícií, regionálneho rozvoja a informatizácie Slovenskej republiky",≤100
873391256051903,PEPCO Slovensko,PEPCO Slovensko,≤100
111165370750,Amnesty International Slovakia,Amnesty International Slovakia,≤100
109669047774695,Brainee.sk,"MAFRA Slovakia, a.s.",≤100
338553069601371,Nová Cvernovka,Nová Cvernovka,≤100
178362315106,European Parliament,European Parliament,≤100
71030757230,Sloboda a Solidarita,Sloboda a Solidarita,≤100
403027089864701,Peter Pellegrini,Peter Pellegrini,≤100
152001744925539,Dobré noviny,"Dobré médiá, s.r.o.",≤100
106390307409654,Bystriny,Bystriny,≤100
102013346622578,Petržalka,Mestská časť Bratislava-Petržalka,≤100
492307470947805,Yves Rocher Slovensko,These ads ran without a disclaimer,≤100
935929019771603,Sconto Nábytok,These ads ran without a disclaimer,≤100
264610253564449,Hyundai Slovensko,Hyundai Motor Czech s.r.o.,≤100
575688175964913,Medirex,"Medirex, a.s.",≤100
561521547213921,CUS - Centrum účtovníkov Slovenska,"CUS - Centrum účtovníkov Slovenska, s. r. o.",≤100
1846501408935178,Marek Vagovič,Media Forum s. r. o.,≤100
139025019440898,Inštitút ľudských práv - Human Rights Institute,Inštitút ľudských práv - Human Rights Institute,≤100
133590787230331,Erik Kaliňák,SMER - SD,≤100
150005588344408,Slovak Foreign Policy Association,Slovenská spoločnosť pre zahraničnú politiku (SFPA),≤100
163449818290,KDH,KDH,≤100
283025969119,Odpady-portal.sk,PROPERTY & ENVIRONMENT s.r.o.,≤100
732167026967322,Robert Fico,Robert Fico,≤100
106339661841687,Risoto,Ideamedia,≤100
102146246492040,SMER - SD,SMER - SD,≤100
117754892955994,Braňo Vančo • Progresívne Slovensko,Branislav Vančo,≤100
193258414360612,Milan Uhrík • Republika,Milan Uhrík,≤100
53798312370,EURACTIV.sk,EURACTIV.sk,≤100
467611430012687,Martin Pechovský,Martin Pechovský,≤100
168426906521039,Konzervatívny inštitút M. R. Štefánika,Konzervatívny inštitút M. R. Štefánika,≤100
118050251681595,BILLA Slovensko,Create4future sro,≤100
858732787843932,Juraj Šeliga,Juraj Šeliga,≤100
178878375475789,Energie-portal.sk,PROPERTY & ENVIRONMENT s.r.o.,≤100
101477182726230,Peter Bilka,Peter Bilka,≤100
103334034693985,Viera Leščáková,Viera Leščáková,≤100
608493236475568,Pavol Slota • DOMOV - Národná strana,DOMOV národná strana,≤100
1655338381438249,Penta Investments,Penta Investments,≤100
2322076957827734,Ladislav Kamenický,Ladislav Kamenický,≤100
62854026816,Körkép,Király Zsolt,≤100
1555021474808039,Richard Takáč - poslanec NR SR,Richard Takáč,≤100
240196611412,Duhovy PRIDE Bratislava,Duhovy PRIDE Bratislava,≤100
1472836309622380,Nadácia Zastavme korupciu,Šimpe Ondruš,≤100
107087321176069,Pomáhať a chrániť,Andrej Vavro,≤100
54779960819,United Nations,United Nations with Facebook Ad Credits,≤100
103660101145202,DiEM25 na Slovensku,Michal Gabris,≤100
113270933763580,ODS - OBČIANSKI DEMOKRATI SLOVENSKA,ODS - Občianski demokrati Slovenska,≤100
253595649968,Monika Beňová,Monika Beňová,≤100
109606527580798,Politics.social,Gerulata Technologies j. s. a.,≤100
114022154063401,Centrum vzdelávacích analýz,Centrum vzdelávacích analýz,≤100
396331590493376,Miroslav Žiak,Bc. Žiak Miroslav,≤100
128401833854581,Nagy József,Nagy József,≤100
107083928637618,Mgr. Kristi Chudá ŽIVOT - NS,Kristína Chudá,≤100
207791952957118,PS:Events,"PS:Events, s.r.o.",≤100
185250998217953,Asociácia zamestnávateľských zväzov a združení SR (AZZZ SR),AZZZ SR,≤100
802573516467334,Juraj Blanár,Juraj Blanár,≤100
147547541961576,Council of the European Union,Council of the European Union,≤100
166688783394167,Bratislava - hlavné mesto SR,Mesto Bratislava,≤100
1382783485324942,San Miguel,These ads ran without a disclaimer,≤100
522186401540084,Magyar Fórum - Maďarské fórum,Simon Zsolt,≤100
108875237188341,Slovenská bioplynová asociácia,Slovenská Bioplynová Asociácia,≤100
119718562044151,Voda-portal.sk,PROPERTY & ENVIRONMENT s.r.o.,≤100
103570085607177,Juraj Gedra,Juraj Gedra,≤100
101764124720853,Zuzana Plevíková - Mladí Sociálni Demokrati,SMER - SD,≤100
108087325404957,Patrik Lenghart - Progresívne Slovensko,Patrik Lenghart,≤100
106046245362151,Slovenský odborový zväz zdravotníctva a sociálnych služieb,Slovenský odborový zväz zdravotníctva a sociálnych služieb,≤100
107605161927545,Radek Trenčanský • Republika,Radek Trenčanský,≤100
527351247377965,European Committee of the Regions,European Committee of the Regions,≤100
128568793892041,FirstClass.cz,These ads ran without a disclaimer,≤100
492110760982274,Meet the Heroes,Meet the Heroes,≤100
1087491177963859,EU vs Disinformation,These ads ran without a disclaimer,≤100
108617908185210,Za slobodu slova,Inštitút pre paradigmatické reformy,≤100
1904714152960290,Anton Piták • Za lepšie Slovensko,Anton Pitak,≤100
109174084975227,Dalimír Solčanský,Dalimír Solčanský,≤100
106918014077172,Mózes Szabolcs,SZÖVETSÉG - Magyarok. Nemzetiségek. Regiók. / ALIANCIA - Maďari. Národnosti. Regióny.,≤100
196250908064,Epi.sk,Poradca podnikateľa,≤100
2687957954762822,Igor Melicher - Mladí Sociálni Demokrati,SMER - SD,≤100
307556876112136,Peter Pollák,Peter Pollák,≤100
105354890829567,Peter Blaškovitš,Peter Blaskovits,≤100
1009998019021765,Forró Krisztián,"Szövetség – Magyarok, nemzetiségek, régiók. Aliancia – Maďari, národnosti, regióny.",≤100
810794665738940,Liga za ľudské práva / Human Rights League,Liga za ľudské práva / Human Rights League,≤100
204127420237057,Peter Slysko,Peter Slysko,≤100
101273708611409,Výkrik z regiónov,Daniel Kojnok,≤100
1851504675124369,Cseh Peter,Cseh Peter,≤100
104844547581921,Trúba N,These ads ran without a disclaimer,≤100
104531091765973,Michal Pišoja - Moderné nemocnice,Asociácia nemocníc Slovenska,≤100
101733132743442,Obrana a bezpečnosť,Ivan Bilohuscin,≤100
719361728089991,Peter  Máťoš,Peter Máťoš,≤100
131169181232,VOGUE JAPAN,These ads ran without a disclaimer,≤100
111410950299518,Iván Tamás,Iván Tamás,≤100
110198307912855,Marián Ďuriš • Republika,Marian Duris,≤100
144709575593854,EESC - European Economic and Social Committee,EESC - European Economic and Social Committee,≤100
187461997935711,Unilever Careers,These ads ran without a disclaimer,≤100
113437857462922,Nitránske  Reči,Rado Pavelka,≤100
105603301203054,Michal Bartek,Michal Bartek,≤100
474314055968372,fischer group,These ads ran without a disclaimer,≤100
107792993071886,Fairnatural,These ads ran without a disclaimer,≤100
101128979551479,Главное за День,These ads ran without a disclaimer,≤100
1517088885216557,AIG,These ads ran without a disclaimer,≤100
117390814571947,There,These ads ran without a disclaimer,≤100
1196196390526965,Facebook Surveys,These ads ran without a disclaimer,≤100