﻿Page ID,Page name,Disclaimer,Amount spent (EUR)
101962028006886,ΕΣΠΑ,ΕΣΠΑ - Υπουργείο Ανάπτυξης και Επενδύσεων,491
216089191899991,Νίκος Ανδρουλάκης,Νίκος Ανδρουλάκης,470
1572650866310052,Niki Kerameus,Niki Kerameus,167
34848567724,Kyriakos Mitsotakis,ΝΕΑ ΔΗΜΟΚΡΑΤΙΑ,149
526882294515877,Νίκος Παπαθανάσης - Nikos Papathanasis,Nikos Papathanasis,≤100
59097279644,Μπάμπης Καραθάνος,Karathanos Charalampos,≤100
140247186053373,Όλγα Κεφαλογιάννη / Olga Kefalogianni,Όλγα Κεφαλογιάννη / Olga Kefalogianni,≤100
500502740051092,Harry Theoharis,Harry Theoharis,≤100
309795039074935,Vassilis Kikilias,Vassilis Kikilias,≤100
91877963116,WWF Greece,WWF Greece,≤100
178362315106,European Parliament,European Parliament,≤100
111836563539156,Τάκης Θεοδωρικάκος - Takis Theodorikakos,Takis Theodorikakos,≤100
82362291274,ΝΕΑ ΔΗΜΟΚΡΑΤΙΑ,ΝΕΑ ΔΗΜΟΚΡΑΤΙΑ,≤100
192906947432657,Protagon.gr (official),Protagon.gr (official),≤100
1325497150852539,Χρήστος Ξενοκώστας Christos Xenokostas,Ελένη Γεωργουλή,≤100
2131206810510315,George Vrettakos,Γεωργιος Βρεττακος,≤100
129641880407509,Βασίλης Σπανάκης,Βασίλης Σπανάκης,≤100
239059192856378,parapolitika.gr,parapolitika.gr,≤100
117072912198,protothema.gr,Protothema.gr,≤100
101011924607948,Δόμνα Μιχαηλίδου - Domna Michailidou,Δόμνα Μιχαηλίδου - Domna Michailidou,≤100
68078766209,Public,Public,≤100
142786442458509,Onassis Stegi,ONASSIS STEGI,≤100
105845878599873,Πατριωτική Ένωση - Πρόδρομος Εμφιετζόγλου,Πανελλήνια Πατριωτική Ένωση,≤100
104027679003176,Νίκος Παπάζογλου Υποψήφιος βουλευτής Νοτίου Τομέα Β’3 Αθηνών,Νίκος Παπάζογλου Υποψήφιος βουλευτής Νοτίου Τομέα Β’3 Αθηνών,≤100
106553811545931,Μαρία Συρεγγέλα - Maria Syrengela,Maria Syrengela,≤100
892554860938864,Χρίστος Καραμάνος,Χρίστος Καραμάνος,≤100
109057218424485,Δώσε αξία - ΕΔΣΝΑ,Ειδικός Διαβαθμιδικός Σύνδεσμος Νομού Αττικής (ΕΔΣΝΑ),≤100
1645903788996329,liberal.gr,liberal.gr,≤100
100771372008093,powergame.gr,POWERGAME,≤100
106166152026060,olafaq.gr,olafaq.gr,≤100
106166152026060,olafaq.gr,olafaq.gr,≤100
104299506270374,Euro2day,Euro2day,≤100
363043533801771,Grant Thornton Greece,Grant Thornton Greece,≤100
1149049031856207,Followgreen,FOLLOWGREEN IKE,≤100
108125502168153,Ζούμε Νέα Σμύρνη - Γιώργος Κρικρής Υποψ. Δήμαρχος,Ζούμε Νέα Σμύρνη - Γιώργος Κρικρής Υποψ. Δήμαρχος,≤100
117261614999869,Γραφείο του Ευρωπαϊκού Κοινοβουλίου στην Ελλάδα,Γραφείο του Ευρωπαϊκού Κοινοβουλίου στην Ελλάδα,≤100
506505539504717,Ευρώπη Κοσμίδη,Ευρώπη Κοσμίδη,≤100
931897020261427,AVIN,AVIN,≤100
326961570786833,Ανδρέας Κονδύλης,Ανδρεας Κονδυλης,≤100
344651032924154,Άννα Ροκοφύλλου - Anna Rokofyllou,Άννα Ροκοφύλλου - Anna Rokofyllou,≤100
159977541380043,The President,The President,≤100
447175396055814,Εβίτα Βαρελά - Δικηγόρος,Εβίτα Βαρελά - Δικηγόρος,≤100
623039581123006,Ζωή Ράπτη,Zoi Rapti,≤100
159016497502067,Γιώργος Καραμέρος,Γιώργος Καραμέρος,≤100
105600501626743,THEGREENCITY,TheGreenCity,≤100
1474067842813045,Βαγγέλης Ντηνιακός - Δήμαρχος Χαϊδαρίου,EVANGELOS DINIAKOS,≤100
1928360394080483,Θανάσης Θεοχαρόπουλος,Αθανασιος Θεοχαροπουλος,≤100
211282472310837,Κώστας Σκανδαλίδης,Κώστας Σκανδαλίδης,≤100
133169723044,Katerina Batzeli,Katerina Batzeli,≤100
161391173874660,"Tetra Pak - Προστατεύει Ό,τι Είναι Καλό",Tetra Pak Hellas,≤100
434453333425441,"Βασίλης Οικονόμου, Βουλευτής Ν.Δ. Ανατολικής Αττικής","Βασίλης Οικονόμου, Βουλευτής Ν.Δ. Ανατολικής Αττικής",≤100
12224403053,Alexis Tsipras,ΣΥ.ΡΙΖ.Α.,≤100
298082857570091,Γιάννης Κεχρής,Ιωαννης Κεχρης,≤100
101494836092130,Χαλάνδρι στο Φως,Χαλάνδρι στο Φως,≤100
197154300621371,Milena Apostolaki,Milena Apostolaki,≤100
342254309739851,Σταμάτης Πουλής,Σταμάτης Πουλής,≤100
116819601313359,Χρήστος Σαλαλές,Χρήστος Σαλαλές,≤100
1591696034493477,Τάσος Γαϊτάνης,Anastasios Gaitanis,≤100
233531826835808,Παύλος Χρηστίδης,Παύλος Χρηστίδης,≤100
103754084863302,Εκδόσεις Επίκεντρο,Εκδόσεις Επίκεντρο,≤100
287878625015994,Reader.gr,Reader.gr,≤100
320338858373148,Πάνος Σκουρλέτης - Panos Skourletis,Παναγιωτης Σκουρλετης,≤100
1942985859111246,Aftodioikisi Online,Aftodioikisi Online,≤100
224407310782,Εκδόσεις Διόπτρα - Dioptra Publications,Εκδόσεις Διόπτρα,≤100
103003561922627,MotorOne.gr,MotorOne.gr,≤100
193042544144341,Γιώργος Κουμουτσάκος - Giorgos Koumoutsakos,Γιώργος Κουμουτσάκος - Giorgos Koumoutsakos,≤100
31324524225,Greenpeace Greece,Greenpeace,≤100
807576826281770,Interlaw,Interlaw,≤100
1748153855406537,vradini.gr,vradini.gr,≤100
104871439107989,Justice Initiative Greece,Justice Initiative Greece,≤100
2057937780928042,Γιώργος Κρικρής,Γιώργος Κρικρής,≤100
139872412072,Coca-Cola 3E,COCA-COLA ΤΡΙΑ ΕΨΙΛΟΝ ΕΛΛΑΔΟΣ Α.Β.Ε.Ε.,≤100
131551513470,Γιάννης Πλακιωτάκης - Giannis Plakiotakis,Aris Chalkias,≤100
101434242894611,Χαράλαμπος Αποσκίτης - Charalampos Aposkitis,Charalampos Aposkitis,≤100
231143160285313,Κώστας Μπακογιάννης - Kostas Bakoyannis,Κώστας Μπακογιάννης - Kostas Bakoyannis,≤100
190726037688911,Olympia Summer Academy,Navarino Network,≤100
1401098180146606,Γιάννης Σγουρός,Ιωαννης Σγουρος,≤100
1842193576012736,Αργύρης Ντινόπουλος,Argyrios Ntinopoulos,≤100
349959315189579,Δημήτρης Οικονόμου,Δημήτρης Οικονόμου,≤100
248244001876102,Κουρουμπλής Παναγιώτης/Kouroumplis Panagiotis,Panagiotis Kouroumplis,≤100
1524805504319812,Βάσια Αναστασίου,Β. Αναστασιου,≤100
104692221824082,Energymag.gr,Energymag,≤100
106677982732007,Λάζαρος Καραούλης - Lazaros Karaoulis Μαζί για την Ανατολική Αττική,Lazaros Karaoulis,≤100
878527249003964,Victory Press,Victory Press,≤100
305998399465211,Νίκος Δένδιας,Νίκος Δένδιας,≤100
101052981735545,Finupnews,ENIGMA M.G. M.IKE,≤100
2428107534084155,DailyPost.gr,ΝΟΗΣΙΣ ΙΚΕ,≤100
165710610795923,Δημήτρης Καιρίδης-Dimitris Kairidis,Δημήτρης Καιρίδης-Dimitris Kairidis,≤100
2212837805653569,Χριστίνα Τσιλιγκίρη / Christina Tsiligkiri,Christina Tsiligkiri,≤100
1451227988494632,Panos Skouroliakos,Πάνος Σκουρολιάκος,≤100
107718178601878,Banks.com.gr Business News,ETHOS MEDIA,≤100
495210223940083,Γιάννης Σμέρος,Giannis Smeros,≤100
933846323378141,Κωνσταντίνος Δέδες,Κωνσταντίνος Δέδες,≤100
115093111866664,Νίκος Χαρδαλιάς,Νίκος Χαρδαλιάς,≤100
177019799011347,Médecins du Monde Greece - Γιατροί του Κόσμου,Γιατροί του Κόσμου,≤100
203799912963587,ΕΚΦΡΑΣΗ,ΕΚΦΡΑΣΗ,≤100
330149330954913,Καλλιόπη Λάουρα - Πώλα Δαμιανού,Καλλιόπη Λάουρα - Πώλα Δαμιανού,≤100
2640900366136342,Λουκάς Θ. Αποστολίδης & Συνεργάτες,Λουκάς Θ. Αποστολίδης & Συνεργάτες,≤100
296107141177054,Alexis Charitsis - Αλέξης Χαρίτσης,Αλέξης Χαρίτσης,≤100
755503537794595,Γιώργος Δημόπουλος - Giorgos Dimopoulos,Dimopoulos Georgios,≤100
178241907911,Γιάννης Μυλωνάκης,Γιάννης Μυλωνάκης,≤100
2289275974726914,Στέλιος Μαμαλάκης,Στέλιος Μαμαλάκης,≤100
227289347288526,Bodossaki Foundation - Ίδρυμα Μποδοσάκη,BODOSSAKI FOUNDATION,≤100
350513272399933,Παρασκευή Κουτρολού - Ειδική Καρδιολόγος,Παρασκευή Κουτρολού - Ειδική Καρδιολόγος,≤100
117037629671698,BusinessDaily,Business Daily,≤100
345120415540164,Mama365,Mama365.gr,≤100
2386641584944055,Zoi Vareli-Stefanidi,Zoi Vareli-Stefanidi,≤100
714133898725431,Heracles Xtizoume Mazi,Heracles Xtizoume Mazi,≤100
577211082779892,Πράσινη Αριστερά - ΜΑΖΙ,Πράσινη Αριστερά - ΜΑΖΙ,≤100
110928225203337,Γιώργος Οικονόμου,Γιώργος Οικονόμου,≤100
103602616010831,Xristos Aidonis,Christos Aidonis,≤100
1557160734539215,KMOP,KMOP,≤100
559102561234807,Συνεργασία Πολιτών - Ελένη Παπακωνσταντίνου Ρουμελιώτη,Συνεργασία Πολιτών - Ελένη Παπακωνσταντίνου Ρουμελιώτη,≤100
31324524225,Greenpeace Greece,Greenpeace Greece,≤100
1917062451674007,Πεντέλη 2020 - Πράσινη Έξυπνη Δημοκρατική πόλη,Aggelos Palaiodimos,≤100
115006751540471,Ενότητα Πολιτικών Μηχανικών,Βλαχακης Κωνσταντινος,≤100
2336604626358423,Γιάννης Μελάς,Yiannis Melas,≤100
111095181853413,Αριάδνη - Άρια Αγάτσα,Αριάδνη - Άρια Αγάτσα,≤100
154923374536050,LKAB,These ads ran without a disclaimer,≤100
841244745994599,E-κύκλος,KYKLOS IDEON GIA THN ETHNIKI ANASIGKROTISSI,≤100
1715299275281171,Νικόλαος Μανωλάκος,Νικόλαος Μανωλάκος,≤100
107098807881409,Political.gr,POLITICAL,≤100
1867952363274780,economico.gr,Theodoros Kaloudis,≤100
954956944695704,Μανώλης Χριστοδουλάκης,Emmanouil Christodoulakis,≤100
1407405476194965,Thomas Chrysochoidis,Thomas Chrisohoidis one person LTD,≤100
1784302725130457,Ahmadiyya Muslim Community Greece,Atta Ul Naseer,≤100
116208438437641,Παναγιώτης Αβραμόπουλος,Παναγιώτης Αβραμόπουλος,≤100
102175189751,gazzetta.gr,Gazzetta,≤100
110844901687457,Γιώργος Μπαλάφας,Γιώργος Μπαλάφας,≤100
653829591354454,Σπύρος Ντ. Βρεττός,Spyros Vrettos,≤100
105249502133823,Election Leaders - Πολιτικό Marketing,Election Leaders,≤100
103057864872953,Radar,Radar.gr,≤100
756390397816277,Στέφανος Ξεκαλάκης,Στέφανος Ξεκαλάκης,≤100
1655684741382814,Delphi Economic Forum,Delphi Economic Forum NPO,≤100
121968427820147,ΜΙΧΑΛΗΣ ΚΑΡΧΙΜΑΚΗΣ,Μιχαηλ Καρχιμακης,≤100
416108978726501,Ανδρέας Σπυρόπουλος,Ανδρέας Σπυρόπουλος,≤100
111151151051341,Debater,debater,≤100
197636494453073,Μιχάλης Λιβανός,Λιβανος Μιχαηλ,≤100
517917878613261,Αικατερίνη Ασημακοπούλου Δημοτική Σύμβουλος Ηρακλείου Αττικης,Αικατερινη Ασημακοπουλου,≤100
117937487857128,Πάνος Γκανιάτσος,Πάνος Γκανιάτσος,≤100
306140236206706,Κώστας Ζαχαριάδης,Κώστας Ζαχαριάδης,≤100
186848962521,capital.gr,www.capital.gr,≤100
91654723211,Mihalis Katrinis,Mihalis Katrinis,≤100
1632988056952632,Ιωάννης Σαρακιώτης • Ioannis Sarakiotis,Ιωάννης Σαρακιώτης • Ioannis Sarakiotis,≤100
1903473413254089,Vagelis Papakonstantinou,Vagelis Papakonstantinou,≤100
2280463558876783,Δήμος μπροστά - Ανεξάρτητη Δημοτική Κίνηση Λυκόβρυσης - Πεύκης,Marios Georgio Psychalis,≤100
373907842792082,Ντόρα Πάλλη,Ντόρα Πάλλη,≤100
2142207482526641,Ρούλα Κουσκουρή - Roula Kouskouri,Ρούλα Κουσκουρή - Roula Kouskouri,≤100
115887511425581,"Αθανάσιος Μιχαήλ, Υποψήφιος Βουλευτής Β3' Νοτίου Τομέα Αθηνών Ελληνική Λύση",Αθανάσιος Μιχαήλ,≤100
2250439728530985,Δημήτρης Οικονόμου - Υποψήφιος Δήμαρχος Παπάγου-Χολαργού,Paraskevi Bouzani,≤100
110255238451055,Στέλιος Φωτόπουλος Υποψήφιος Βουλευτής Ελληνικής Λύσης Α Ανατολικής Αττικής,Φωτόπουλος Στυλιανός (Στέλιος),≤100
122022184619007,Institute of International Relations - ΙΔΙΣ,IDIS - Institute of International Relation,≤100
187536188017430,Άγγελος Τσιγκρής,Angelos Cigris,≤100
359612061446497,iEidiseis.gr,NEWSROOM Α.Ε.,≤100
376701069471661,Παναγιώτης Βλάχος / Panagiotis Vlachos,Panagiotis Vlachos,≤100
674103179323981,Μίνα Καούνη & Συνεργάτες,Μίνα Καούνη & Συνεργάτες,≤100
254357914729313,Παναγιώτης Αναγνωστόπουλος,Παναγιώτης Αναγνωστόπουλος,≤100
108950054276789,GEK TERNA Group of Companies,GEK TERNA GROUP,≤100
636146666853214,Ελευθερία Τζωρτζάτου Υποψήφια Βουλευτής ΠΑΣΟΚ Β'2 Δυτικού Τομέα Αθήνας,ΚΟΡΙΚΗΣ ΚΩΝΣΤΑΝΤΙΝΟΣ ΔΗΜΗΤΡΙΟΣ,≤100
468820193302597,Κινήσεις Πολιτών Για Τη Σοσιαλδημοκρατία,ΚΙΝΗΣΕΙΣ ΠΟΛΙΤΩΝ ΓΙΑ ΤΗ ΣΟΣΙΑΛΔΗΜΟΚΡΑΤΙΑ,≤100
101865769475016,Παντελής Κ. Ζανιώτης - Υποψήφιος Δημοτικός Σύμβουλος Ηρακλείου Αττικής,Pantelis Zaniotis,≤100
240199722469,The Best Portal,THE BEST net I.K.E. (ΕΝΗΜΕΡΩΣΗ ΕΠΙΚΟΙΝΩΝΙΑ THE BEST I.K.E.),≤100
102540731126660,Δήμος Πεντέλης,Δήμος Πεντέλης,≤100
368217916600933,Αγγειοχειρουργός  Νίκος Παρασκευάς,Αγγειοχειρουργός  Νίκος Παρασκευάς,≤100
123113801077401,"Ψυχογιός Γιώργος, Βουλευτής ΣΥΡΙΖΑ Κορινθίας","Ψυχογιός Γιώργος, Βουλευτής ΣΥΡΙΖΑ Κορινθίας",≤100
427461580226,iatronet,Iatronet Ltd,≤100
1083717278496452,tomanifesto.gr,tomanifesto.gr,≤100
441283576038657,Bloebloe,These ads ran without a disclaimer,≤100
1004900052864353,mononews.gr,mononews.gr,≤100
104172728093075,TERNA ENERGY,Terna Energy,≤100
105475882182783,Ναυτικό Επιμελητήριο Ελλάδος,Ναυτικό Επιμελητήριο της Ελλάδος,≤100
101652196118089,Radio Me,Radio Me,≤100
517089951647897,Κουγιουμτζόπουλος Χάρης,Κουγιουμτζόπουλος Χάρης,≤100
248952068844653,Ιωάννα Γκελεστάθη / Ioanna Gkelestathi,Ιωάννα Γκελεστάθη / Ioanna Gkelestathi,≤100
134135906635470,newsbomb.gr,newsbomb.gr,≤100
108183264211965,UNICEF Greece,UNICEF Greece,≤100
10348684611,Esquire Greece,Esquire Greece,≤100
484835391675652,Ahepa Hellas,Ahepa Hellas,≤100
758221251055720,Athens Bookstore Publications,ATHENS BOOKSTORE PUBLICATIONS,≤100
2002795206680989,Θεόδωρος Αμπατζόγλου  Δήμαρχος Αμαρουσίου,Θεόδωρος Αμπατζόγλου  Δήμαρχος Αμαρουσίου,≤100
1386236244991374,Γιώργος Κώτσηρας,Γιώργος Κώτσηρας,≤100
101331655498203,Γαλάτσι: Πολίτες και Ενημέρωση,Georgios Papatzimas,≤100
258117385131815,Νίκος Σκουλάς,Νίκος Σκουλάς,≤100
294443673994778,Lykavitos,HT PRESS ONLINE IKE,≤100
110608511715050,Άρης Πανόπουλος - Υποψήφιος Δήμαρχος Χαϊδαρίου,Aris Panopoulos,≤100
527351247377965,European Committee of the Regions,European Committee of the Regions,≤100
1694101127583045,Χρήστος Τεντόμας,Christos Tentomas,≤100
217735864956455,ΠεΣυΔΑΠ,Γρηγοριος Γουρδομιχαλης,≤100
165508056809834,Το Παρασκήνιο,Νικόλαος Καραμανλής,≤100
1438293789797221,ecoelastika,ecoelastika,≤100
109075108422260,Δημοκρατική Άμυνα,Δημοκρατική Άμυνα,≤100
224388351254587,Σωκράτης Βαρδάκης - Βουλευτής Συριζα Ηρακλείου,Σωκράτης Βαρδάκης,≤100
144709575593854,EESC - European Economic and Social Committee,EESC - European Economic and Social Committee,≤100
136031709900775,Φωτεινή Βρύνα,Φωτεινή Βρύνα,≤100
443597006384169,Antonios Lazarou/Αντώνιος Λαζάρου,Antonios Lazarou,≤100
88027997208,Διεθνής Αμνηστία - Ελληνικό Τμήμα,Amnesty International Greece,≤100
402203919858090,Πολιτεία Παπάγου Χολαργού,Paraskevi Bouzani,≤100
100102704824447,Εκδόσεις Memento,Εκδόσεις Memento,≤100
2265156120207072,"Κυριακή Γ. Μπουρδάκου, Αντιδήμαρχος Δημόσιας Υγείας & Κοινωνικών Υπηρεσιών",Kyriaki G. Bourdakou,≤100
318226568729281,Ilioupolinews.gr,ilioupolinews.gr,≤100
551917914903015,ekriti.gr,ekriti.gr,≤100
115984454748148,Ζήσης Ζάννας Υπ. Βουλευτής Πιερίας Σύριζα,Zisis Zannas,≤100
106234265674423,Σωτηρία Μπακαλάκου,Σωτηρία Μπακαλάκου,≤100
217053575040532,Sms-Marketing.gr  - Μαζική Αποστολή SMS,JK MEDIA GROUP OE,≤100
102620666010969,Astydama,Astydama,≤100
1706637282946540,Πανελλήνιο Κέντρο Οικολογικών Ερευνών - ΠΑΚΟΕ,Παναγιωτης Χριστοδουλακης,≤100
1408716009253594,"Ηράκλειο Αλλιώς - Υπ. Δήμαρχος, Νίκος Μπαρμπούνης",Νικολαος Μπαρμπουνης,≤100
1561616060574694,Χάρης Μαμουλάκης,Charalampos Mamoulakis,≤100
1268432853310286,Πέτρος Παππάς- Υποψήφιος Βουλευτής Κιλκίς- Σύριζα Προοδευτική Συμμαχία,Petros Pappas,≤100
633964833608956,dikastiko.gr,Dikastiko.gr,≤100
1727608780803972,Λογιστικός Σύλλογος Αθηνών,Σοφία Κομηνού,≤100
592752737492467,Generali Greece,Generali Greece,≤100
668804566601196,Giorgos Patoulis,Georgios Patoulis,≤100
103914335903607,Κλαίρη Δεληγιάννη-Klairi Deligianni,Κλαίρη Δεληγιάννη-Klairi Deligianni,≤100
769783649800742,insider.gr,insider.gr,≤100
105261345552343,Concept Labs,Christoforos Liantzouras,≤100
2642338499125999,Άγγελος Φραγκάκης,Ευάγγελος Φραγκάκης,≤100
1014739958659241,Dimitris Markopoulos,Dimitris Markopoulos,≤100
158585487505032,Τερζής Β. Θεόδωρος,Τερζής Β. Θεόδωρος,≤100
107453529357258,Γιάννης Κωνσταντάτος,Κωνσταντατος Ιωαννης,≤100
150398005058111,ASD Account Financial Advisor SA,A.S.D. FINANCIAL CONSULTANTS SA,≤100
782442791937028,Κωστας Γκαβογιαννης,Γκαβογιαννης,≤100
323456224972682,Στέλιος Κυμπουρόπουλος,Στέλιος Κυμπουρόπουλος,≤100
273196480036822,Δημήτρης Καλογερόπουλος,Dimitris Kalogeropoulos,≤100
103613662423922,Θανάσης Τάρτης,Θανάσης Τάρτης,≤100
103413627729937,Τάκης Αλεξανδράκης,Panagiotis Alexandrakis,≤100
108374938422403,Παναγιώτου Μαρία Τομεάρχης Δικαιοσύνης Υπ. Βουλευτής Ανατολικής Αττικής,Παναγιώτου Μαρία Τομεάρχης Δικαιοσύνης Υπ. Βουλευτής Ανατολικής Αττικής,≤100
115114438156788,Βαγγέλης Ανδριανάκος - Υποψήφιος Βουλευτής Κορινθίας,Βαγγέλης Ανδριανάκος - Υποψήφιος Βουλευτής Κορινθίας,≤100
146955527905,EU Civil Protection & Humanitarian Aid,These ads ran without a disclaimer,≤100
110396898482192,Αντωνία Καρακατσάνη,Vasileios Lamprakis,≤100
113594514959557,Μαρία Έλλη Κουτσουβέλη,These ads ran without a disclaimer,≤100
197766903578854,ΕΚΔΟΣΕΙΣ ΚΛΕΙΔΑΡΙΘΜΟΣ,ΕΚΔΟΣΕΙΣ ΚΛΕΙΔΑΡΙΘΜΟΣ ΕΠΕ,≤100
103781008209586,Pallini24.gr,Pallini24.gr,≤100
2176318779356508,Κέντρο Βιογενετικής,Κέντρο Βιογενετικής,≤100
105456051168158,Μπάμπης Παπαδόπουλος,Χαραλαμπος Παπαδοπουλος,≤100
113689102515056,Slide2Open,Despoina Kontogianni,≤100
270496633121891,Lakis Vasileiadis,Vasileios Vasileiadis,≤100
526603357824464,Ολυμπιακή Ζυθοποιία,These ads ran without a disclaimer,≤100
108236298613080,Αλέξανδρος Θεοδώρου,Alexandros Theodorou,≤100
107964744451079,Το Μανιφέστο της Ύπαρξης,Ioannis Fotiadis,≤100
246686825413747,Car and Driver Greece,These ads ran without a disclaimer,≤100
103461958470551,SENIP,These ads ran without a disclaimer,≤100
590556791403274,OsteoStrong Greece,OsteoStrong Greece,≤100
226397774096827,Εθνική Δημιουργία - Δημιουργία Ξανά,Δημιουργία Ξανά,≤100
583957185039414,Χριστόφορος Βερναρδάκης,Χριστόφορος Βερναρδάκης,≤100
720161824810756,Κωνσταντίνος Ζέρβας,Konstantinos Zervas,≤100
146481472354747,"Δήμος Τροιζηνίας-Μεθάνων, Municipality of Troizinia-Methana",These ads ran without a disclaimer,≤100
114363450250261,Γενική Γραμματεία Συντονισμού Διαχείρισης Αποβλήτων,Γενική Γραμματεία Συντονισμού Διαχείρισης Αποβλήτων,≤100
626390247462884,Γκαρά Αναστασία,Αναστασια Γκαρα,≤100
866133810396691,Βενετία Κουμπή - Ποιότητα Ζωής,Βενετια Κουμπη,≤100
1219929278168333,Φαίδων Βόβολης,These ads ran without a disclaimer,≤100
105214919169668,Θεμιστοκλής - Ανδρέας Μπάκας • Υποψήφιος Βουλευτής Σύριζα-ΠΣ  Ν. Αχαΐας,Georgia Kosma,≤100
262908277636323,F2F Insurance,F2F Insurance,≤100
109239332055070,Δήμητρα Αντωνίου - Δικηγόρος - Υπ. Βουλευτής Ανατολικής Αττικής,Demitra Antoniou,≤100
2015741128732441,Χρήστος Δ. Καπετάνος,CHRISTOS KAPETANOS,≤100
108296542176341,Κυριάκος Χατζηλέρης Υποψήφιος Βουλευτής Δυτικής Αττικής,These ads ran without a disclaimer,≤100
1651084981816691,Boobam,Boobam,≤100
106747541949102,Κατερίνα Ταγαρά - Katerina Tagara,Κατερίνα Ταγαρά - Katerina Tagara,≤100
107822342225787,Δύναμη Ελπίδας - Γιώργος Τσουρουνάκης,Δύναμη Ελπίδας - Γιώργος Τσουρουνάκης,≤100
105480438799489,Νίκος Παπαϊωάννου,Νίκος Παπαϊωάννου,≤100
566921120399419,Δημιουργική Πρωτοβουλία για το Δήμο Καλαμάτας,Δημιουργική Πρωτοβουλία για το Δήμο Καλαμάτας,≤100
2114943698827916,Island Beast,These ads ran without a disclaimer,≤100
1473374086227997,Γιώργος Δέδες,Γιώργος Δέδες,≤100
2113568635597685,Βασίλης Βιλιάρδος,Βασιλειος Βιλιαρδος,≤100
113321537209093,KI TRADE LTD,These ads ran without a disclaimer,≤100
1568442923392082,Συμεών Κεδίκογλου,Συμεων Κεδικογλου,≤100
365731030717119,"Σκάρλας Λάμπρος, Yπ. Βουλευτής Βοιωτίας, ΠΑΣΟΚ-Κιναλ",Lampros Skarlas,≤100
108462032156653,Αντωνακάκης Μανώλης,These ads ran without a disclaimer,≤100
1822155781362301,Δημήτρης Μήτρου : Νέα-ιδέες-προτάσεις για τον τεχνικό κόσμο.,Δημητριος Μητρου,≤100
102857431526747,Ecopots Greece,Garden Experts AE,≤100
113936231600029,Βασίλης Π. Τρωγάδης - Δημοτική Αλλαγή,Vasileios Trogadis,≤100
112873984180079,Sterea economy,Sterea Economy,≤100
571687746562532,Ruler Digital Agency,Ruler Digital Agency,≤100
243305176577425,Σμαρώ Βαλαβανίδου,Smaro Valavanidou,≤100
107043819358404,Παναγιώτης Ψυχογυιός,Panagiotis Psychogyios,≤100
28312410177,World Food Programme,These ads ran without a disclaimer,≤100
164432246934163,Chopard,These ads ran without a disclaimer,≤100
100499642559983,International Workcamps,These ads ran without a disclaimer,≤100
110210588494125,GCG International Law firm,These ads ran without a disclaimer,≤100
100374392742057,Weregreenly- Magazine,These ads ran without a disclaimer,≤100
1724847890883088,Sheikh Saud bin Saqr Al Qasimi Foundation for Policy Research,These ads ran without a disclaimer,≤100
1770812789867296,PPG People,These ads ran without a disclaimer,≤100
110810488471370,Dedicatted,These ads ran without a disclaimer,≤100
108240971635234,Bettermanly - Magazine,These ads ran without a disclaimer,≤100
107367052294027,Yu-58,These ads ran without a disclaimer,≤100
89151782746,Fauna & Flora International,These ads ran without a disclaimer,≤100