﻿Page ID,Page name,Disclaimer,Amount spent (IDR)
23383061178,Prabowo Subianto,indonesia Adil makmur,250732
101350709331663,Golkar 2024,Yayasan Golkar Institut SPKP,110789
104054595928021,Bakti Untuk Rakyat,Bakti Untuk Rakyat,76528
333711983956998,Erwin Aksa,Yayasan Golkar Institute SPKP,38713
106690092440342,Pemilu KIT,PEMILU KIT,35983
320858334728047,Partai Solidaritas Indonesia,Partai Solidaritas Indonesia,33855
110952238516382,Kiki Daliyo,Kiki Daliyo,30000
112570091503539,GP Papua,Ganjar Nusantara Indonesia,29624
104899195891472,Berita Ganjar Pranowo,Berita Ganjar Pranowo,22752
102656349157647,Tugimanisme,Tugimanisme,20367
193237974052689,Partai Keadilan Sejahtera,Partai Keadilan Sejahtera,12248
111864151754055,Esensi TV,Esensi Tv,12158
101228692503239,Opini Publik,Opini Publik,10180
349963858704476,Komit Digital,Komit Digital,9681
107600565668590,Munafri Arifuddin,Yayasan Golkar Institute,8469
101838571565856,Warung Bu Ida Buyut,These ads ran without a disclaimer,8404
197545083607941,Harian Kompas,Harian Kompas,8277
101866128977837,Belajar Pemilu,Belajar Pemilu,7817
103330282779367,Dua Digits Creative,Dua Digits Creative,6715
164909433966316,Suara Anies,Suara Anies,6393
102735702350673,Publikberhaktau,Publikberhaktau,6050
101679818973699,Sahabat Ganjar Pranowo,Sahabat Ganjar Pranowo,5240
256838011014355,Partai Gerakan Indonesia Raya (Gerindra),Partai Gerindra,4841
104161768809633,Dompet Yatim Dan Dhuafa,Dompet Yatim Dan Dhuafa,4451
110294151987732,Head Politika,Head Politika,2793
39253583478,PDI Perjuangan,PDI Perjuangan,2438
106919112303644,Jasa Pembuatan Video,Jasa Pembuatan Video,2256
105799345810647,viradef.id,These ads ran without a disclaimer,2086
101061776109725,Jefri Haris Pratama,Jefri Haris Pratama,1990
114012201650176,Fakta Terselubung,Fakta Terselubung,1978
101760624522103,DPP Banteng Muda Indonesia,DPP Banteng Muda Indonesia,1904
110799152010497,Prabowo Lanjutkan Kepemimpinan,Prabowo Lanjutkan Kepemimpinan,1806
104830667806476,Melihat Indonesia,Melihat Indonesia,1727
113912616656451,"Emiliana Sri Wahjuni, SE",These ads ran without a disclaimer,1717
110865154735990,Koran Harian Tanah Air,Koran Harian Tanah Air,1514
104427162506872,Fakta Anies,Fakta Anies,1056
102273039070802,Info Terkini,Info Terkini,978
102448032659718,pabardapu.info,These ads ran without a disclaimer,951
103147072786445,"Sahabat Dasril Affandi, SH,. MH","Sahabat Dasril Affandi, SH,. MH",873
103344702680007,Think Big Indonesia,Think Big Indonesia,859
100159712647702,Fakta Anies Baswedan,Fakta Anies Baswedan,829
110666655158744,Sahabat Caleg,Sahabat Caleg,822
1547369918837496,Zulkifli Hasan,DPP PAN,751
302347240546697,AR Visual Project,AR Visual Project,728
110750361762052,Pikiran Rakyat,Pikiran Rakyat,714
112031464483846,Speaking Partner Kampung Inggris,These ads ran without a disclaimer,670
109455838815878,Moveprenuere,Moveprenuere,469
678421075696415,Giring Ganesha,Partai Solidaritas Indonesia,441
112121101796090,Opini 2024,Opini 2024,423
103581752405141,Sobar Harahap,Sobar Harahap,390
101403669397488,Nikmatul Sugiyarto,Nikmatul Sugiyarto,387
284326141593113,Good News from Indonesia,These ads ran without a disclaimer,257
572779142753263,Freeport Indonesia,Freeport Indonesia,256
1883473018583671,Grand Inna Tunjungan Hotel,These ads ran without a disclaimer,247
108346091544917,Katalis IA,IA-CEPA ECP Katalis,245
110100218339060,Wahai Ibu Pertiwi,Wahai Ibu Pertiwi,186
108156498584853,Tetap Puan,Marabunta Family Cyber,186
110844183599101,DigitalKreatif,DigitalKreatif,186
100359258525418,Pemulihan Lebih Baik,Pemulihan Lebih Baik,173
165209920180994,Kantor Berita Radio-KBR,These ads ran without a disclaimer,166
101640468474883,Slide And Art Community,These ads ran without a disclaimer,153
105078282583947,Rumah Kita Korsel,Ganjar Nusantara Indonesia,136
306213619526427,Jusuf Kalla Fans Club,Jusuf Kalla Fans Club,123
102886339910582,Era Daya Potensia,These ads ran without a disclaimer,123
110368964786452,Kemajuan Bersama,Kemajuan Bersama,123
106004407402000,Cakap Politik,Cakap Politik,115
379102162153264,Kabar Berita,Kabar Berita Semesta,105
109083348423534,Untuk Rakyat,Untuk Rakyat,103
101076948451651,Masa Depan Kita,Masa Depan Kita,≤100
108571334357297,Melangkah Lebih Baik,Melangkah Lebih Baik,≤100
102497641558430,Indonesia Tolak HOAX,Indonesia Tolak HOAX,≤100
103562464552488,Info Jabodetabek,Kabar Berita,≤100
255601878216867,Komisaris Politik,Komisaris Politik,≤100
102981496004696,Sedulur Nafa Urbach,Sedulur Nafa Urbach,≤100
1091897214227957,Download Kitab Syiah Gratis,These ads ran without a disclaimer,≤100
108695584343029,Baik Untuk Kita,Baik Untuk Kita,≤100
558000551237325,Arnita Sari,These ads ran without a disclaimer,≤100
103018869332378,BantuPage,These ads ran without a disclaimer,≤100
109013927930930,Djunaidy Hendry,These ads ran without a disclaimer,≤100
702279983471744,Olympic Council of Asia,These ads ran without a disclaimer,≤100
108625789179165,Soi Dog Foundation,These ads ran without a disclaimer,≤100