﻿Page ID,Page name,Disclaimer,Amount spent (TRY)
1518235858465324,Uşak Olay,Uşak Olay,≤100
100675732413915,Anketci.Net,Anketci.Net,≤100
111162852275902,Uluslararası Af Örgütü Türkiye Şubesi,Uluslararası Af Örgütü Türkiye Şubesi,≤100
100964136258105,Erdoğan Çiftcioğlu,Erdoğan Çiftcioğlu,≤100
505757142770713,Rönesans Holding,Rönesans Holding Anonim Şirketi,≤100
120266711045676,Başka Açıdan Tv,Başka Açıdan TV,≤100
103455542772773,Serbest Parti,Rahmi Mete Ay,≤100
1439683329600228,Ümit Uysal,Ümit Uysal,≤100
100701695747178,Usta Kasap,Şenpiliç Gıda Sanayi A.Ş.,≤100
163370640412446,Bursa,Sosyal TV,≤100
1522246651339711,Büyük Türkiye,Büyük Türkiye,≤100
226410901315304,Areda Survey,Areda Survey,≤100
1776545895921237,Nedersiniz,Nedersiniz,≤100
1952748275030916,Kürşad Mithat ÖZKAN,Kursad Mithat Ozkan,≤100
755201084826878,Aşkın Tören,Aşkın Tören,≤100
162426093833308,Fransızca Öğreniyorum,These ads ran without a disclaimer,≤100
108552928182311,Al Sancak Partisi,Nuri Çelebi,≤100
113944458195273,Rahmi Mete AY,Rahmi Mete Ay,≤100
111917151872313,Ergün Tekin,Ergün Tekin,≤100
146581405452633,Yeniden Milli Mücadele,Yeniden Milli Mücadele,≤100
107924807410702,Samet Bağcı,Samet Bağcı,≤100
791541570931021,CHT Medya,CHT Medya,≤100
108390012832175,Fatih Akkentli,Fatih Akkentli,≤100
106789305232883,وكالة الشرق الأوسط الإخبارية,وكالة الشرق الأوسط الإخبارية,≤100
319374238130637,Osman Gürün,Osman Gurun,≤100
106575708561767,Dental Haber,These ads ran without a disclaimer,≤100
104790481715851,ازجمله,Azjomle,≤100
108049655614131,Cumhurun Seçimi,Kurumsal Reklam,≤100
113506495059583,Kadınların Reisi,Kurumsal Reklam,≤100
298764070816267,Mehmet Tütüncü,Mehmet TÜTÜNCÜ Türkiye Temsilcisi,≤100
872708822810003,Kadirli Belediyesi,Omer Tarhan,≤100
103765239208275,yusufhanugurlu_yasasin,These ads ran without a disclaimer,≤100
111589081920420,Kadınların Gücü,Kurumsal Reklam,≤100
105716839182141,Köylü Kadın,Kurumsal Reklam,≤100
122810867483801,Dr. Öğr. Üyesi Ferhat Uslu,These ads ran without a disclaimer,≤100
109927550576204,ozayrdvn,ozayrdvn,≤100
105864635840512,astrokora,These ads ran without a disclaimer,≤100
103599182728857,Doğru Adam,Kurumsal Reklam,≤100
839363442860590,Dr. Mustafa Canbey,Mustafa Canbey,≤100
117594301359783,ispirrtegenclik25,These ads ran without a disclaimer,≤100
276652289141318,OSMAN KOZAN,Osman Kozan,≤100
575755372513811,Muhittin Böcek,Muhittin Böcek,≤100
101192232736297,GLOOB,GLOOB,≤100
113976201711429,0608-mutlu çalışmalar-05,These ads ran without a disclaimer,≤100
106875275519862,Morocco AM 2023,These ads ran without a disclaimer,≤100
102647626181552,Nublense fc,These ads ran without a disclaimer,≤100