﻿Page ID,Page name,Disclaimer,Amount spent (SEK)
643137272398136,Sverige för UNHCR,Sverige för UNHCR,3503
371791194529,Världsnaturfonden WWF,Världsnaturfonden WWF,2651
122854408319,Hjärt-Lungfonden,Hjärt-Lungfonden,1152
151159271594797,Systembolaget,Systembolaget,1081
608975645850217,Vattenfall,Vattenfall Sverige,960
197334613725511,Act Svenska kyrkan,Act Svenska kyrkan,823
72659261793,Rädda Barnen,Rädda Barnen,806
109886133732943,RESCUE - Sverige,RESCUE - Sverige,578
111630258867610,Röda Korset,Röda Korset,473
2265392953716988,Ilan De Basso,Socialdemokraterna i Europaparlamentet,397
126567104406,Hyresgästföreningen,Hyresgästföreningen,350
68115370786,Läkare Utan Gränser (MSF),Läkare Utan Gränser/ Médecins sans Frontières (MSF Sweden),345
115403725210334,Hand in Hand Sweden,Hand in Hand Sweden,329
188616781161573,World Animal Protection Sverige,World Animal Protection Sverige,323
162985227114132,Skellefteå Kraft,Skellefteå Kraft,310
382243262003,Plan International Sverige,Plan International Sverige,213
130927360876045,Tidningen Näringslivet,Tidningen Näringslivet,184
19746853632,Djurens Rätt,Djurens Rätt,140
59324455950,UNICEF Sverige,UNICEF Sverige,135
412192732132640,ECPAT Sverige,ECPAT Sverige,129
369582590803,Dagens ETC,ETC-tidningarna,127
237813956289260,Maskrosbarn,Maskrosbarn,105
309657091388,Svenska Lottakåren,Svenska Lottakåren,103
140417992681511,Clowner utan Gränser,Clowner utan Gränser,≤100
592229251236244,SEM AB,SEM AB,≤100
45101268520,SSU,SSU,≤100
95735961890,Greenpeace Sverige,Greenpeace Sverige,≤100
1439778006254125,Evin Incir,Socialdemokraterna i Europaparlamentet,≤100
314872662206,Ekonomifakta,Ekonomifakta,≤100
161213770567846,Operation Smile Sverige,Operation Smile Sverige,≤100
90882504375,Svenskt Näringsliv,Svenskt Näringsliv,≤100
113710601984970,Barnfonden,Barnfonden,≤100
153270724787,Amnesty International Sverige,Amnesty International Sverige,≤100
767749640051136,Heléne Fritzon,Socialdemokraterna i Europaparlamentet,≤100
579268339149105,Erik Bergkvist,Socialdemokraterna i Europaparlamentet,≤100
186513678039755,Fortum,Fortum Sverige,≤100
624844364247833,Svenskt Näringsliv Värmland,Svenskt Näringsliv Värmland,≤100
42676805259,Diakonia,Diakonia,≤100
109969847586061,Morgon-Tidningen,AIP Media,≤100
276108117859,Svenska Afghanistankommittén,Svenska Afghanistankommittén,≤100
235650011981,SPF Seniorerna,SPF Seniorerna,≤100
899603916845362,JAG Personlig assistans,JAG Personlig assistans,≤100
148395831867555,Brottsofferjouren Östra Värmland,Brottsofferjouren Östa Värmland,≤100
237146235237,Timbro,Tankesmedjan Timbro,≤100
312084019369,Dagens Medicin,Dagens Medicin,≤100
212604496324,Fackförbundet ST,Fackförbundet ST,≤100
379686162129542,Svea Bank,Svea Ekonomi,≤100
663616997091598,Sverigedemokraterna Storfors,SD Storfors,≤100
103296115466644,Skattenytta,Kommissionen för Skattenytta,≤100
213543555380242,Socialdemokraterna i Europaparlamentet,Socialdemokraterna i Europaparlamentet,≤100
113006852188985,IM Individuell Människohjälp,IM Individuell Människohjälp,≤100
62185934430,Olof Palmes internationella center,Olof Palmes Internationella Center,≤100
107081822705414,Småföretagarnas Riksförbund,Småföretagarnas Riksförbund,≤100
153028052500,Kvinna till Kvinna,Stiftelsen Kvinna till Kvinna,≤100
387421644643053,Hyresgästföreningen BohusÄlvsborg-Skaraborg,Hyresgästföreningen BohusÄlvsborg-Skaraborg,≤100
163305633746125,Karneval förlag,Holviks,≤100
328754490337,Vårdförbundet,Vårdförbundet,≤100
239855722130,Nyhetsmagasinet Fokus,Fokus,≤100
72832167834,Skattebetalarnas Förening,Skattebetalarnas Förening,≤100
302201957541,Medelhavsmuseet,Världskulturmuseerna,≤100
1531320107133721,Syre,Dagens O2 AB,≤100
273053169937029,ClimateHero,ClimateHero,≤100
208751565805849,Stiftelsen Expo,Stiftelsen Expo,≤100
149155351773944,SEB,SEB,≤100
24574889995,Charlie Weimers MEP,Charlie Weimers,≤100
173745622660246,Bring Sverige,Bring Sverige,≤100
185230521507744,Kommunalarbetaren,Kommunalarbetaren,≤100
163820136238,LO Sverige,Landsorganisationen i Sverige,≤100
103997904708356,M-lotten,M-Lotten,≤100
124892400864698,Företagarna,Företagarna,≤100
113742108649699,JM,These ads ran without a disclaimer,≤100
539297539496434,Dagens Samhälle,Dagens Samhälle,≤100
347852331958080,En Företagares Vardag,En Företagares Vardag Sverige AB,≤100
316462188971,Flamman,Tidningsföreningen Norrskensflamman,≤100
178264915554076,Danske Bank Sverige,Danske Bank Sverige,≤100
322439964487541,ETC El,ETC El,≤100
244897208924797,Arbetet,Arbetet,≤100
314283591054,Byggnads,Byggnads,≤100
2265751070376932,Världen i Värmland volontärnätverk,Klara Patzauer,≤100
1545369075688158,Brottsofferjouren Sverige,Brottsofferjouren Sverige,≤100
965458110149319,Byggindustrin,Byggindustrin,≤100
1249398378405410,Organisation & Samhälle,Organisation & Samhälle,≤100
329452290816078,Tidningen Market,Tidningen Market,≤100
231632277255213,Jobba Grönt,Lantbrukarnas Riksförbund,≤100
197762513603868,MÄN,MÄN,≤100
182933185135,Skogsindustrierna,Skogsindustrierna,≤100
188821514474911,Preem,Preem AB,≤100
399044617221,Läraren,Lärarnas tidning,≤100
186513678039755,Fortum,These ads ran without a disclaimer,≤100
103945879157509,Nordea Fonder,Nordea Funds AB,≤100
127063960674693,Svenska Freds- och Skiljedomsföreningen,Svenska Freds- och Skiljedomsföreningen,≤100
152085291138,Aktuellt i Politiken,Aktuellt i Politiken,≤100
253510692370,Arbetaren,Arbetaren,≤100
175656912484553,Unionen,Unionen,≤100
273402369438867,By Billgren,By Billgren AB,≤100
120216874723147,Svenskt Sigill,Svenskt Sigill,≤100
408171019221426,Slöseriombudsmannen,Skattebetalarnas Förening,≤100
270417619700700,Snb:s Skribentskola,Svenska Nyhetsbyrån,≤100
129016447116122,Aktuell Hållbarhet,Aktuell Hållbarhet,≤100
640780126093378,Norstedts Juridik,Norstedts Juridik,≤100
190533360983432,FUF - Föreningen för Utvecklingsfrågor,Föreningen för Utvecklingsfrågor,≤100
1558123334435806,War Child Sweden,War Child,≤100
101320658099429,Renoveringsraseriet,Renoveringsraseriet,≤100
111564248245329,Rimliga villkor,Tove Anna Dagerman,≤100
212284955495610,Elektrikerna,Elektrikerna,≤100
166406746310,Resumé,Resumé,≤100
368972829945550,AP7 Statens premiepensionsfonder,AP7,≤100
224366637358,Journalistförbundet,Journalistförbundet,≤100
157426134878218,Bodens kommun,These ads ran without a disclaimer,≤100
349041299054769,Kungl. Vetenskapsakademien,Kungl. Vetenskapsakademien,≤100
342952129133948,Kultur i Malmö,Kultur i Malmö,≤100
1839404802769833,Rädda Barnen Jämtland,Rädda Barnen,≤100
100253435575183,EPHI - Environment and Public Health Institute,Environment and Public Health Institute,≤100
128452220525979,CIVIL RIGHTS DEFENDERS,CIVIL RIGHTS DEFENDERS,≤100
223053457729155,Unga Örnar,Unga Örnars Riksförbund,≤100
119616511446407,World's Children's Prize,World's Children's Prize,≤100
335332543421,Försvarshögskolan,Försvarshögskolan,≤100
184306701705324,Moderaterna i Örebro,Moderaterna Örebro kommun,≤100
105778031207004,Cospaia,Mikael Nordin,≤100
340169928419,Hotell- och restaurangfacket,Hotell- och restaurangfacket,≤100
12690894340,Centerpartiet,Centerpartiet,≤100
179931025357058,Kommunal,Kommunal,≤100
175843834306,WaterAid Sverige,WaterAid Sverige,≤100
305176193254009,Svenska Postkodstiftelsen,Svenska Postkodstiftelsen,≤100
110605492300,RFSL,RFSL,≤100
112644953916525,Facklig Vänster,Vänsterpartiet,≤100
173901972642378,Kristdemokraterna i Huddinge,Kristdemokraterna i Huddinge,≤100
217391588404948,Katalys,Katalys,≤100
303557933102892,Rädda Regnskog,Pella Thiel,≤100
171919835807,TCO,TCO,≤100
112225970344,Räddningsmissionen,Räddningsmissionen,≤100
104694671074269,Silc Förlag,Per Olsson,≤100
150909028299502,Jernkontoret,Jernkontoret,≤100
1432591790382295,ByMartinsdotter,By Martinsdotter,≤100
266170183550491,Nya Kompisbyrån,Nya Kompisbyrån,≤100
221023000792,Akademikerförbundet SSR,Akademikerförbundet SSR,≤100
162466473776556,Klimataktion,Klimataktion,≤100
109151468296542,Partiet MoD,MoD Ideell förening,≤100
912984312161760,VoB Syd,Vob Syd Malmö,≤100
699733880123060,Tjejjouren i Lund - en transinkluderande jour,Tjejjouren i Lund,≤100
912984312161760,VoB Syd,Vob Syd Malmö,≤100
417057608473946,Svenska Djurskyddsföreningen,Svenska djurskyddsföreningen,≤100
135062563176874,Utrikespolitiska Institutet,Utrikespolitiska Institutet,≤100
150453111655854,Folkbildningsrådet,Elin Sundling,≤100
181507551866544,Moderaterna i Sigtuna kommun,Nyman Helle Maria,≤100
735344996585138,Freudianska Föreningen - Arche,Freudianska Föreningen - Arche,≤100
296423575695,Afrikagrupperna,Afrikagrupperna,≤100
102885928278037,Madow Nilsson,Madownilsson Limited UK filial,≤100
108492218918,IF Metall,IF Metall,≤100
943616319032484,Svenskt Näringsliv Dalarna,Svenskt Näringsliv,≤100
717523045086468,Johanna Jaara Åstrand,Lärarförbundet,≤100
407290589320311,ABF Örebro län,Mikael Runesson,≤100
1139097292843761,Kristdemokraterna Göteborg,Miriam Helena Lilja,≤100
139375052786521,Moderata Ungdomsförbundet,Moderata Ungdomsförbundet,≤100
323156205347,Vänsterpartiet,Vänsterpartiet,≤100
162523667123095,Utvecklingsmagasinet,Föreningen för Utvecklingsfrågor,≤100
216625221784563,Alkompis  الكومبس,Alkompis  الكومبس,≤100
182726910344,Hela Sverige Ska Leva,Hela Sverige Ska Leva,≤100
127757523931098,Emrahus AB,Emrahus AB,≤100
497068247081934,Näringslivets Regelnämnd NNR,Andrea Femrell,≤100
390479295816,Socialdemokraterna i Jönköpings län,Socialdemokraterna i Jönköpings län,≤100
271560012882635,Svenskt Näringsliv Västra Götaland,Svenskt Näringsliv Västra Götaland,≤100
273254886116655,Motargument,Motargument,≤100
130148200513245,Amazon Watch Sverige,Amazon Watch Sverige,≤100
114033205273395,Svenska Burmakommittén,Svenska Burmakommittén,≤100
108216678020301,CGH & Jobbfrågan,Svensk Jobbdemokrati,≤100
513520638755798,Vänsterpartiet Ystad,Brante Goran,≤100
970101589721702,Josefin Malmqvist,Malmqvist Amanda Josefin Theresia,≤100
473313529459090,Vänsterpartiet Västernorrland,Ulrica Ödebygd,≤100
127247477329764,Studiefrämjandet,Studiefrämjandet,≤100
106717542012417,Kristdemokraterna Avesta,Kristdemokraterna Avesta,≤100
116567568403725,Dagens Arbete,Dagens Arbete,≤100
124201680936949,Telge Energi,Caroline Björkgren,≤100
112217098855580,Innovationsföretagen,Innovationsföretagen inom Almega,≤100
536156530105433,Demokratibygget,Demokratibygget,≤100
306507932750972,Socialdemokraterna i Uddevalla,Skoglund Leif Stefan,≤100
107757238514868,Tidningen Framåt,These ads ran without a disclaimer,≤100
227261787316550,Centerpartiet Ronneby,Magnus Gustafsson,≤100
1440814509476229,Gagnefs kommun,Gagnefs kommun,≤100
178362315106,European Parliament,European Parliament,≤100
107580368727333,Healthfulliciously,These ads ran without a disclaimer,≤100
100876635929181,Urbanist Art,These ads ran without a disclaimer,≤100