﻿Location name,Amount spent (PYG)
Alto Paraguay Department,9637
Alto Paraná Department,968574
Amambay Department,294946
Asunción,1190802
Boquerón department,48948
Caaguazú Department,488990
Caazapá Department,161817
Canindeyú Department,112472
Central Department,3121419
Concepción Department (Paraguay),109204
Cordillera Department,213574
Guairá Department,152928
Itapúa Department,424993
Misiones Department,133775
Paraguarí Department,124176
Presidente Hayes Department,99054
San Pedro Department,168149
Unknown,183
Ñeembucú Department,73711