﻿Page ID,Page name,Disclaimer,Amount spent (INR)
404746486258732,Project Nanhi Kali,Project Nanhi Kali,4519
516576275094648,BJP Assam Pradesh,Bharatiya Janata Party (BJP),640
428157337550611,ICMM,These ads ran without a disclaimer,500
102218576103904,Badlaav ki Aandhi Priyanka Gandhi,Badlaav Ki Aandhi Priyanka Gandhi,343
105799274538945,Arup Kumar Nath BJP,Satyajit Das,338
1954072204870360,NEWJ,Anant Bhardwaj,307
122131984855152,Dr. Debraj Shome,Dr. Debraj Shome,256
100549119644561,Jo Ram Ko Laye Hain Hum Unko Layenge 2024,Abinash Moharana,235
102897188475391,Dr. Bhaben Choudhury,Subhankar Banerjee,232
606898423112716,Recovery Wellness Centre,Anupam Rohit,189
100328978216424,"Fight Pollution, Not Plastics",Nitesh Singh,170
104516512296314,Kartikeya Sharma,Kartikeya Sharma,155
101660088022406,Pratah Time,Pratah Time,145
546182072191632,Rongali,These ads ran without a disclaimer,131
1428546280755523,Sulbha Sanjay Khodke,Vishal Vijayrao Khodke,123
243905136121906,Dr. Jury Sharma Bordoloi,Dr. Jury Sharma Bordoloi,123
285575245349725,"Hemanga Thakuria,MLA Assam","Hemanga Thakuria,MLA Assam",121
640369399392914,Baijayant 'Jay' Panda,Baijayant Panda,121
103137009227109,জাতীয় যুৱ শক্তি ডিব্ৰুগড়,জাতীয় যুৱ শক্তি ডিব্ৰুগড়,114
174669949315709,U.S. Embassy India,These ads ran without a disclaimer,≤100
170484126349815,Indian Cancer Society,Indian Cancer Society,≤100
108519825232816,Perril Technologies,Perril Technologies,≤100
118227367824577,Garuda Aerospace Pvt Ltd,Garuda Aerospace Pvt Ltd,≤100
201297423396745,Rajendra Agarwal,Ishan Agarwal,≤100
285029500623,CARE India,CARE India,≤100
1783001841927248,Nutan Odisha,Cloud & Loud Communications,≤100
103782051383159,School of Politics,School of Politics,≤100
531434090219534,Aam Aadmi Party Bangalore,Aam Aadmi Party Karnataka,≤100
100735178208398,Udyami India,Samadhan Samiti,≤100
124035678141265,Lalluram,Ashish Kumar Gupta,≤100
101032458576250,जनक आयुर्वेदा,Manisha,≤100
174283119250672,Save the Children India,Bal Raksha Bharat,≤100
340191546053154,Tata 1mg,These ads ran without a disclaimer,≤100
107395897271506,Kutumb,Swatantra Verma,≤100
116383754696955,Antardhwani - The Inner Voice,Antardhwani,≤100
105671775473178,Jan Suraaj,Jan Suraaj,≤100
178201352233967,"Miles Education - CPA, CMA, CFA",These ads ran without a disclaimer,≤100
112484411646368,Shell On The Road,These ads ran without a disclaimer,≤100
104736419210593,PACE INDIA,PACE - PET PACKAGING ASSOCIATION FOR CLEAN ENVIRONMENT,≤100
100551816659237,Apeejay Stya University,These ads ran without a disclaimer,≤100
112202337794471,Global Middas Foundation - Charitable Organization,GLOBAL MIDDAS FOUNDATION,≤100
746568209028564,Dr. Basu Eye Hospital,Dr. Basu Eye Hospital,≤100
101328314869205,Atal Amrit Abhiyan Society,Atal Amrit Abhiyan Society,≤100
330760810293224,HelpAge India,HelpAge India,≤100
670321879700525,Swarajya,Swarajya,≤100
108861325372008,Bharat Bhagya Vidhata,BharatBhagyaVidhata,≤100
333426070147135,Benny Kuriakose Associates,Benny Kuriakose,≤100
1832172217096366,Manoj Baruah,Gitartha Goswami,≤100
1675237799375590,Chandra Mohan Patowary,Jitendra Newatia,≤100
108500111075991,Mizoram Pradesh Congress Committee,Lallianchhunga,≤100
100196004828444,North Eastern Council,Sourabh Arvind Dubey,≤100
1327351450720146,Pradhan Mantri Bhartiya Janaushadhi Pariyojana,Pharmaceuticals & Medical Devices Bureau of India,≤100
105234459127980,Women Climate Collective,Women Climate Collective,≤100
102466454588593,Suman TV News Telugu,PlayEven Info Pvt Ltd,≤100
113125761613615,Namma CM Bommai,Recro Media,≤100
184278081698180,Ashok Gehlot,Ashok Gehlot,≤100
393768164105774,Parimal Nathwani,Parimal Nathwani,≤100
959860307481002,Kasu Mahesh Reddy,Thulasiram Banduchode,≤100
110115671863420,Kacche Din,Kacche Din,≤100
301902473766068,முதல்வன் OPS,முதல்வன் OPS,≤100
165714096933078,Piyush Goyal,Piyush Goyal,≤100
667862236707254,Rohit Kumar Singh,Arshad Ansari,≤100
1571167366231304,Ramakant Bhargava,Saket Bhargava,≤100
241940555912671,Chandigarh University,Chandigarh University,≤100
108437191907485,Replanet,Prabhindar Singh Chopra,≤100
105694514269834,North Eastern Region Community Resource Management Society,Shrinivas Ravichandran Nadar,≤100
108080828884036,Gehlot Phir Se,DesignBoxed,≤100
104311631954217,Pharma Simplified,Dawa Charcha,≤100
109986065209042,Mera Apna Rahul,MeraApnaRahul,≤100
1924627484438235,Arlak Ayurveda,Swati Dhiman,≤100
115408798095287,Mudra loan,These ads ran without a disclaimer,≤100
109340175425667,Manoj Mishra Fan Club,Abhijeet Shesh,≤100
1932900346831325,Rajesh D Sanghvi,Rajesh Dineshchandra Sanghvi,≤100
111132015103321,K R Sridhara Reddy,K R Sridhara Reddy,≤100
1651727365046605,Pukh Raj Parashar,Pukh Raj Parashar,≤100
100475508592062,Sitaram Poswal,Bhagatsingh,≤100
186199704897466,RD Foundation,RD Foundation,≤100
605390272841833,Shrirang Appa Barne,Abhay Balu Ahire,≤100
224618077692752,Sanjay Tandon,Saraansh Tandon,≤100
100579492974806,गरीबों का मोदी,Abinash Moharana,≤100
108531050841926,Shanu Yadav,Shanu Yadav,≤100
449378495112356,Swades Foundation,Swades Foundation,≤100
213947398791863,Dhananjai Singh Khimsar,Dhananjai Singh,≤100
243524299157863,Pushkar Singh Dhami,Pushkar Singh Dhami,≤100
168340283369722,Vaddepally Rajeshwar Rao,Vaddepally Rajeshwar Rao,≤100
112475780481777,Bahadur Singh Chouhan,Manoj,≤100
100998455540553,Satnam Singh Sandhu,Parveen Kumar,≤100
111692137168184,EdIndia Foundation,EdIndia Foundation,≤100
102890944795952,Vijay Kumar Yadav,Vijay Kumar Yadav,≤100
104819985853284,V6 Digital News,V6 Digital News,≤100
408255699307921,Dr. Manoj Rajoria,Saurabh Saini,≤100
157300124326821,Arlak Biotech,Swati Dhiman,≤100
102123079337554,International Society for Krishna Consciousness,ISKCON Delhi,≤100
1325597657464869,VAISHNAV INFRATECH,Sukhneet Singh,≤100
113858681342028,Dr. Anjali Yadav,Shiv Charan,≤100
271711770069401,सुरेश धाकड़ राठखेड़ा,Gajendra Verma,≤100
102106021886833,A K Sharma,Harish Sahrawat,≤100
106917495262631,Arvind Kejriwal ಬೆಂಗಳೂರು,Kamran  Shahid,≤100
224163281073368,BJP Arunachal Pradesh,BJP Arunachal Pradesh,≤100
195167817324812,Pawan Khera,Pawan Khera,≤100
281748372368372,MP Tak,These ads ran without a disclaimer,≤100
243905136121906,Dr. Jury Sharma Bordoloi,Utpal Phukan,≤100
502732839896761,Dr Neeraj Bora,Pranjal Gupta,≤100
444000972398140,Dr. Ajay Dharam Singh,Ramkishan Singh Maninder Singh,≤100
321228061382932,Pt. Shekhar Dixit,Websofy Software Private Limited,≤100
114988526601933,Subhashini Sharad Yadav,Rajkamal Rao,≤100
2238940452991193,Santosh Pandey,Kunal Jitendra Ajmera,≤100
285403455681355,Railway Children India,Railway Children India,≤100
107183428120144,Dr C Saraswathi,Dr. C. Saraswathi,≤100
611229999287106,Hanuman Choudhary,Kapil Chaudhary,≤100
524665794408050,CASA,Arushi Narchal,≤100
924412661005391,Jeet Pratap Singh,Sandeep Mishra,≤100
1489647731256741,Dr Jitendra Singh,Ayush Deshpande,≤100
367693910079524,Mohit Jaswant Yadav Page,Mohit Yadav,≤100
104594334484048,Rajat Ullagaddimath,Gundala Rahul,≤100
333426070147135,Benny Kuriakose Associates,Benny Kuriakose Associates,≤100
104908641373434,Anukriti Gusain Rawat,Anukriti Gusain,≤100
204318116677554,National Herald,National Herald,≤100
262852581252318,राष्ट्रीय परशुराम परिषद,राष्ट्रीय परशुराम परिषद,≤100
603896406426611,Charan Koushik yadav,Charan Koushik yadav,≤100
350880081913337,Sahdev Salaria,Rajesh Jaswal,≤100
104052978235240,Pandian For People,Abhijeet Shesh,≤100
1706371292942156,"Ministry of Development of North Eastern Region, Government of India",Arshad Ali,≤100
108668812011783,Sunil Rane,Vaibhav Vijay Chindarkar,≤100
667560657014524,Mahendra Singh Solanki,Nitesh Tiwari,≤100
289085061102499,Sukhwinder Singh Bindra,Sukhwinder Pal Singh,≤100
107976790549216,BG Ajay Kumar,Ajayakumar Bg,≤100
811330598995413,Jagadeesh Gudagunti,Kice Media,≤100
912096938897209,Vijay Singh,Vijay Singh,≤100
100399548701909,Kuldeep Nishad,Sandeep Mishra,≤100
994578073995343,B. L. Verma,Sourabh Arvind Dubey,≤100
342452405951714,Vishwas Vaidya,Shivakumar Vasudev Rathod,≤100
426868484184031,Vimal Katiyar,Sumeet Kumar,≤100
747930775373319,Saral Patel,Saral Patel,≤100
109253634221142,Dr Abhishek Kumar Ramadhin,Abhishek Kumar Ramadhin,≤100
109805501780466,Summer News Punjab,Summer News Punjab,≤100
1783001841927248,Nutan Odisha,Niti Pollsters Private Limited,≤100
106125304134750,Gana Suraksha Party,Gana Suraksha Party,≤100
713416382011902,Sahil Shivaji Kedari,Sahil Shivaji Kedari,≤100
110636614855079,Rajib Chowdhury,Rahul Chakraborty,≤100
327435757385465,Jaisingh Agrawal,Jaisingh Agrawal,≤100
1785302198354679,Dr. Somendra Tomar,Chirag Aggarwal,≤100
162115051234970,Dharmendra Singh Lodhi mla,Dharmendra Singh Lodhi,≤100
132689140088396,smilefoundation,Smile Foundation,≤100
1955301821451552,Abhishek Dutta,Abhishek Dutta,≤100
276512419511205,Kathi Karthika,Policy Briefcase,≤100
113073133805731,Desh Ki Baat Foundation,Krishna Kumar Yadav,≤100
1594765830853380,Khajan Dass,Neeraj Bharti,≤100
213839668641820,Dr. Anil Jain,Brand Recourse Technologies,≤100
1643791735841849,Save Earth Mission,Save Earth Mission,≤100
110132160741768,Polstrat,Polstrat Communication,≤100
114233898263244,Indian Compass Videos,theindiancompass.com,≤100
708844685796745,OP Choudhary,OP Choudhary,≤100
295405070641302,Balraj Kundu,Pankaj Sharma,≤100
101613628900010,Smartway Wellness Pvt. Ltd.,Bhoomi Harendra Mistry,≤100
1706371292942156,"Ministry of Development of North Eastern Region, Government of India","Ministry of Development of North Eastern Region, Government of India",≤100
385303288239154,Raghuveer Singh Tanwar,Raghuveer Singh Tanwar,≤100
152154292012572,Navjivan,Navjivan,≤100
109352055422391,Aditya Vikram Jaswal,Palaksys,≤100
2078242259060363,Kukufm,Mohana Saha,≤100
648392601873373,Ashok Chandna,Mukesh Kumar Yadav,≤100
104633612411419,Dr Samir Kagalkar,Dr Samir Kagalkar,≤100
104821051909550,खास बात,Aksh Bhargava,≤100
359726167827402,Bhuneshwar Singh Baghel,Bhuneshwar Singh Baghel,≤100
360055177344642,Animal Equality India,Animal Equality India,≤100
103207392085077,JP Valluru,Anshika Srivastava,≤100
1408837089361736,Banappagari Venkat reddy,Banappagari Naren Sai Reddy,≤100
727427564040622,Ayush Choudhary,Ayush Choudhary,≤100
104071715577392,SK International Sainik School Retharedharan - Sangli,Sanket Vinodkumar Surana,≤100
197799933601096,Pujya Shashi Prabha Ji,Madan Mohan Tiwari,≤100
100593012792684,Keerthan Kumar,Keerthan Kumar,≤100
1360805680600676,Sandeep Kshirsagar,Yogesh Padmakarrao Pawar,≤100
361031561139301,Rakesh Jangir,Saurabh Singh,≤100
119800377725586,I Support Advocate Amiya Kumar Sahoo,Pradeep Dash,≤100
408032679785089,Ravinder Dabas Rocky,Ravinder Kumar,≤100
1644165492504830,Ramoji Gowda,Ramoji Gowda,≤100
1718123505168458,K.K. Vishnoi,Engitech Media,≤100
218612418536093,Sandeep Singh Thakur,Utkarsh Srivastava,≤100
106227365759622,,Goldy Tyagi,≤100
104593401952287,Anupkumar Bijawad,Anupkumar Bijawad,≤100
100228562992954,Shri Ramkanti Gurukul,Nitin Kumar,≤100
1247832465228198,Mahendra Singh Rathore,Engitech Media,≤100
1638967673052084,Narendra Budania,Engitech Media,≤100
1919704441684688,Rakesh Sachan,Manvendra Sachan,≤100
102255422772071,Mahesh Jethmalani,Mahesh Jethmalani,≤100
660476430787331,Gaurav Pandhi,Gaurav Pandhi,≤100
100183672985561,CSP ID Provider,Satyam Kumar Sahni,≤100
1436418516569943,Dr. Ashishrao R. Deshmukh,Swapnil Sudhakar Narad,≤100
101863386183973,sanjeevkumarojha105,These ads ran without a disclaimer,≤100
102597425311635,Surya Pratap Singh,Surya Pratap Singh,≤100
168545223213479,Omprakash Hudla,Pankaj Sharma,≤100
1601406430168052,Santosh Bhegade - संतोष भेगडे,These ads ran without a disclaimer,≤100
1592265114364332,JP Yadav,Engitech Media,≤100
381937732180611,Vineet Joshi,Vineet Joshi,≤100
468618699957192,S R Patil - Shivanagouda R Patil,Tejraj Patil,≤100
797927846899300,Flag Foundation of India,Flag Foundation of India,≤100
108339438818550,बारां पशु पक्षी अस्पताल,Rupali Sharma,≤100
105657368688353,Bharat Express,Akash Deep,≤100
225521634158241,North Point Children's Academy,Kuldeep Chaudhary,≤100
1397767487148044,Jaidatta Kshirsagar,Jaydatta Sonajirao Kshirsagar,≤100
102091768921733,Ashok dubey bjp,Prashant Mahton,≤100
537021156329658,Sukhbir Singh Jaunapuria,Pankaj Sharma,≤100
100711749611083,Bharat Kaushik,Bharat Bhushan,≤100
101964264562944,Sanjay Singh Gangwar,Sanjay Singh Gangwar,≤100
210251616112761,India Development Review,India Development Review,≤100
103292795931731,Rihasat khan,Akash Singh,≤100
105940537995682,Deepesh Tandel,Bharatiya Janata Party,≤100
495371534202289,Avanthi Srinivasa Rao,Sunraise Websolutions Pvt Ltd,≤100
416058801922933,Bharat News,Bharat News,≤100
108536391949423,जनसेवक मंच,Pankaj Sharma,≤100
112382541719588,Kartavyapath,Kartavyapath,≤100
104765761522667,Pankaj Dawar,The Social Prachar,≤100
1949802628682701,Rana Sujeet Singh,Rana Sujeet Singh,≤100
1612012092202484,Bharat patwari,Bharat patwari,≤100
105331745445757,Omprakash Khichar Advocate,Rohit Githala,≤100
143293189682786,Sapthagiri Shankarnaik - Nelamangala Assembly Constituency,Sapthagiri Shankarnaik - Nelamangala Assembly Constituency,≤100
100931599132399,Arun Sharma,Arun Sharma,≤100
101564641386325,Anand Bharose - आनंद भरोसे,Rajratan Baburao Gore,≤100
426854497508656,Dr.Phoolchand Bhinda,Phool Chand Bhinda,≤100
106802937934432,Padma venkat reddy,Banappagari Naren Sai Reddy,≤100
103751374833617,R.W.F,These ads ran without a disclaimer,≤100
295639383836442,Agewell Foundation,Aanchal Gupta,≤100
607252739670252,Dr. Prannay G Sharma,Kumar Ratnam Sharma,≤100
109943920749467,Your Counselling Dost,These ads ran without a disclaimer,≤100
103372962477819,கிசான் வேதிகா,These ads ran without a disclaimer,≤100
695738973874352,Dr. Sumer Singh Solanki,Sumer Singh Solanki,≤100
1416368828635933,Mamta Chauhan BJP,Mamta Chauhan,≤100
100935642733964,Hindi Khabar Digital,The Narrative Builders,≤100
854256021383031,Vinod Sevan Lal Chandrakar,Tukesh Kumar Ratre,≤100
274625602685907,Nayab Saini,Praveen,≤100
182600871930746,Sujata Paul - India First,Sujata Paul,≤100
100417006046204,Nayan Kumar,Nayan Kumar,≤100
678876002499539,Mohd Shamim Khan,Shamim Khan,≤100
101610392620043,ITS Speciality Dental Clinic,ITS Speciality Dental Clinic,≤100
102983308949343,Binod jaiswal,Vibhav Pandey,≤100
162341030447825,Whistling Woods International,Whistling Woods International,≤100
105567512496126,,These ads ran without a disclaimer,≤100
394168494317389,MIT World Peace University,MIT World Peace University,≤100
102744141863451,Deepak Dandoriya,Deepak Dandoriya,≤100
127932930638411,Adoor Prakash,Jiji T Jacob,≤100
113356014587642,Anupam Sharma,Prashant Sharma,≤100
279484519067006,Anil Chopra,Ganesh Thapa,≤100
145703105530196,Brahmachari Chaitanyanand Ji,Prashant Gupta,≤100
1619123825036772,Virendra Shukla,Manish Kumar Jha,≤100
104247095949918,K B Ashoka Naik,Digi-Ants Digital World,≤100
390976557590103,I Support Narendra Modi,I Support Narendra Modi,≤100
924791427628665,Sunil Kelanka,Shivendra Shailendra Tiwari,≤100
111560924353656,Swetha Reddy,Rajendra Reddy Bhuvanagiri,≤100
105919999093332,Hindi18News/हिन्दी 18 न्यूज,Hindi18News/हिन्दी 18 न्यूज,≤100
138927162813391,Dailyhunt,Verse Innovation Pvt. Ltd.,≤100
547446695324625,Vijay Laxmi Gautam,Madan Mohan Tiwari,≤100
103505695608114,Uday Nagaraju,Uday Nagaraju,≤100
183664858422109,Atul Mahajan Ambala,Atul Mahajan,≤100
107946518029943,Sheelu Sahu,Naveen Singhal,≤100
921758537869264,Suryakant Dhasmana,Hostcob,≤100
112061804808512,Sports Development Authority of Bihar - SDAB,Ajit Kumar,≤100
761826677309909,Bhupinder Lather,Book My Promo,≤100
2110054282643467,Virender Singh Kadian,Nitish Kashyap,≤100
464105806935168,Rohan Khaunte,Rohan A Khaunte,≤100
107792554485544,Dr. Amit Singh Chauhan,VC infotech,≤100
100948094985536,Humaid Shakeel,Sunil Kumar Prajapat,≤100
100227781931198,sudip_k_maity,Sudip Kumar Maity,≤100
414822692663213,Anurag Vishwanath Sharma,Yogesh Raikwar,≤100
119359925428449,Bhupendra More - भुपेंद्र मोरे,Bhupendra Murlidhar More,≤100
105352618893717,Shankar yadav,Shankar yadav,≤100
643001122724792,Shambhu Kumar,Punit Kumar Pandav,≤100
1102369233109531,Pooja Bharti Chhabra,Suraj Bharti Chhabra,≤100
250007248502240,Golu Shukla,Modi For PM Organization,≤100
103088902327676,Dwarka Kunj,Rahul Tiwari,≤100
100236283005200,Perika Suresh,Vijay Kumar Tapadia,≤100
102643838573054,Badam Devi Verma,Bhagwan Sahai Shyoran,≤100
2191900190844278,Aakash Dangi,Aakash Dangi,≤100
1561395800546078,Legal Reporter,Viplava Awasthi,≤100
101794212876861,,These ads ran without a disclaimer,≤100
114142491616490,Hanuman Sahay Gurjar,Indra Kumar Chopra,≤100
106412445020988,Samman afroz khan,Khandagre Sourabh,≤100
103162972739583,,These ads ran without a disclaimer,≤100
2095140507231761,Valluru Jayaprakash Narayana,Anshika Srivastava,≤100
163971557134068,Dr Rajesh Sharma,These ads ran without a disclaimer,≤100
264390293982577,Punaram Seervi BJP,Punaram Seervi BJP,≤100
113358511675853,Tarlochan Singh,Book My Promo,≤100
105835354383422,Udbhav Public Charitable Trust,Anil Kumar,≤100
101375122225276,जनक आयुर्वेद,Manisha,≤100
101719745754840,Business Guru Bharat,Akash Deep,≤100
105515161411695,Pankaj Singla,Anil Kumar,≤100
110847490543428,Vipul Kumar Salwan,Vipul Kumar Salwan,≤100
102616298277409,Afaque ahmad,Afaque ahmad,≤100
423874327718687,Vikas Bhagat Fans Page,Sandeep Mishra,≤100
475898282465005,Dr K Laxman,Vijay Kumar Tapadia,≤100
1335462983188401,Nabadal Banik,Nabadal Banik,≤100
114717553693865,Liberal TV,Liberal TV Punjabi,≤100
1897821570230619,Santosh Mehta,These ads ran without a disclaimer,≤100
109034074092751,Rakesh dayma alote,Rakesh dayma alote,≤100
179599590357078,Rounak Sachdev,These ads ran without a disclaimer,≤100
105329731786664,Jitendra Lodia,Anju,≤100
102293796146152,Global Work Consultancy,Sehrab Manzoor Peer,≤100
455447354644551,Sabir Ali,Sabir Ali,≤100
698096280212576,Bhatti Vikramarka Mallu,Bhatti Vikramarka Mallu,≤100
579724758737630,Gagan Kamboj,Raj Kumar,≤100
164245649052684,Tarandeep Singh Grover,Kushagra Agarwal,≤100
103242568933744,भारत विकास,Akash Deep,≤100
109074230801626,Er Hansraj Baloti,Anshul Kumar Gupta,≤100
102571638081024,Vipra sena,Pawan Kumar Sharma,≤100
107395897271506,Kutumb,These ads ran without a disclaimer,≤100
295405070641302,Balraj Kundu,These ads ran without a disclaimer,≤100
168228334032318,Sat Sharma CA,Naveen Sharma,≤100
708994425878702,Sandeep Namdev BJP,Sandeep Namdev,≤100
1039557042789139,BJP Dadra & Nagar Haveli,Ashish Natwarlal Patel,≤100
550181952163629,Narsingh Bubani,These ads ran without a disclaimer,≤100
110656905220206,Seema Misra,Nitin Kumar,≤100
1220337188057756,Sanjeev arya,These ads ran without a disclaimer,≤100
113998760152307,Suresh Bhumare-सुरेश भुमरे,Vaibhav Ganesh Chikhale,≤100
584593654939786,ET Edge,These ads ran without a disclaimer,≤100
102465501806712,Gunnala Sunithakka Sena,Gunnala Sunithakka Sena,≤100
2206070859406490,Ashok Chaudhary,Ashok Chaudhary,≤100
102838152104730,Bjp kisan Morcha punjab,Ashish Soni,≤100
109546308136398,Sankar Dutta - শংকর দত্ত,Bholanath Dey,≤100
123146630703246,,These ads ran without a disclaimer,≤100
269442696723658,Kuldeep kumar 'Deep kamboj Malukpura',Kuldeep Kumar,≤100
106456148374211,R K Sanepara,Rajendra Kantibhai Sanepara,≤100
101091045259649,I.Saravanan,Saravanan I,≤100
686675931373675,Scroll Punjab,Scroll Punjab,≤100
101489272287822,anupammore13,These ads ran without a disclaimer,≤100
112132937023603,Nandlal Chauhan,Nandlal Chauhan,≤100
100278856129103,Hima Sahu,Balram Singh,≤100
1336863726383886,Gopal Lal Sharma,Ganesh Thapa,≤100
594856377269199,Dandem Ram Reddy,Dandem Ram Reddy,≤100
107014703325591,Ranjeet Patel,Prashant Gupta,≤100
345702226193796,Premshankar Verma,Harsh Verma,≤100
103251851710926,Akula Srivani,Anjan Kumar Akula,≤100
647353902009584,Dr. Nilam Yadav,Nilam Yadav,≤100
1065727510129084,Datta kulkarni - दत्ता कुलकर्णी,Datta Kashinath Kulkarni,≤100
1692446997478851,Divy Trivedi,Vikas Acharya,≤100
2610079412396734,Amaresh Rai,Amaresh Kumar Rai,≤100
255040845056495,Shikha Mishra,Arun Pratap Singh,≤100
113519568270032,Anand Prakash miri,Kavita Kumari,≤100
113607111642214,Jayprakash Trivedi,Jayprakash Trivedi,≤100
1116604591824005,Sandeep Garg,Sandeep Garg,≤100
140624336584770,Yogender Pal Singh Champawat,Akash Singh,≤100
437828706311870,Shyam Singh Rajawat,Balram Singh,≤100
550287678727831,Bharath Reddy Ravula,Bharath Kumar Ravula,≤100
565714670143123,Ashok Saini,Engitech Media,≤100
975644649178885,Devender Nagpal,Anshu Nagpal,≤100
108159201571035,अरविन्द जायसवाल,Avadesh  Kumar,≤100
104965612211576,,These ads ran without a disclaimer,≤100
104122195260035,Bharti Tarun Kaushik Bhaiya Ji,Tarun Kumar Kaushik,≤100
106256564506749,Tarun Devi Das,Tarun,≤100
111259978264483,Aastha Agnihotri,Manoj Kumar,≤100
105294039011543,Arun Roy,Narotam Choudhary,≤100
109479621313619,Maav Earth,These ads ran without a disclaimer,≤100
108287891461266,Dharmeswar Konwar - ধৰ্মেশ্বৰ কোঁৱৰ,These ads ran without a disclaimer,≤100
102323545504609,Rama Devi Chopra,Rama Devi Chopra,≤100
385658441549334,Deepak Bhati Chotiwala,Dipak Bhati,≤100
109815321298064,Supriya Khemka,Shubham Singhal,≤100
825870624112435,Ramesh Chandra Ratn,Arun Sharma,≤100
104771888453680,Rahul Hanumantrao Bhosale,Rahul Hanumantrao Bhosale,≤100
1387883694644170,Md Mahtab Alam,Mohd Mahtab Alam,≤100
533269740489273,Shivbhagwan Naga,Shivbhagwan Naga,≤100
835481029818511,Rahul Tiwari,Shivam Dubey,≤100
123408352391591,Indian Digital Media,Pushpendra Singh,≤100
172182742974160,Chunni Lal Sahu,Chunni Lal Sahu,≤100
1806741026226045,Ramawatar Bijarnia,Narendra Singh Pachar,≤100
294787978097959,Rakesh kumar Chattree,Arun Pratap Singh,≤100
105608048991533,Sahityalok,Sahityalok,≤100
287971211847379,Katasani Shiva Narasimha Reddy,Gogireddy Sai Vaibhav Reddy,≤100
107148595058269,Adv Harita Mehta,Sandeep Kumar Rana,≤100
252791995383178,Maharashtra Multimedia Communications,Shubhada Ashish Joshi,≤100
277447076454825,N.Anil kumar,Anil Kumar,≤100
184848438961199,Surya Singh,Surya Singh,≤100
112291655141502,Arpit Das Ji Maharaj,Utkarsh Srivastava,≤100
104380534287786,Binay Singh,Binay Kumar Singh,≤100
110197854912974,Sonu Singh Garg,Pratik Garg,≤100
183176388540530,Manish Yadav,Manish Yadav,≤100
367203836657399,Rajendra Singh Surpura,Ganesh Thapa,≤100
105279822289517,Sajjan Singh Tiwari,Hemant Singh Baghel,≤100
102897188475391,Dr. Bhaben Choudhury,Rohit Githala,≤100
113098998383566,Colourpix Graphics,RSK Tech Labs,≤100
767805023307544,Santosh Kumar Singh BJP,Akash Singh,≤100
863961040416615,Punit Verma पूर्व उपाध्यक्ष विश्व हिन्दू परिषद् काशी प्रान्त,Punit Varma,≤100
111654838334899,सीताराम पोखरियाल,Akash Singh,≤100
325602694251353,Rajeev Rai,Rajeev Kumar Rai,≤100
105052315816859,bintabansal,These ads ran without a disclaimer,≤100
564340420252773,Amit Sihag,Ranvijay Lamba,≤100
105870244728334,Lalit Batra,Lalit Batra,≤100
445527218918991,Satish Jaiswal,Akash Singh,≤100
835855713106275,Nauman Murtaza,Dhyanesh Raj Gupta,≤100
106386505354326,Junaid Khan official,These ads ran without a disclaimer,≤100
106713818593622,Utkarsh Awasthi,Binay Kumar Singh,≤100
107605562060427,वीरम सिंह जयसिंधर,Kalyan Singh,≤100
101328222819250,Akram Ali,These ads ran without a disclaimer,≤100
1002191723202473,Suresh Sindal,Suresh Kumar Sindal,≤100
102152441360906,Prakash Bhakar,Shiv Charan,≤100
114606387073785,Deepak Balutia,Rahul Kumar,≤100
1088373891289696,Kamal yadav,Akash Singh,≤100
113369900454663,Jagan choudhary,Jagan Choudhary,≤100
113736628186529,"भीती नाही कशाची, भाजपा तुमच्या पाठीशी",Mahesh Dattatray Bhendekar,≤100
108115461913033,Shubham Mishra,Arun Pratap Singh,≤100
115787714760392,Jan Jagaran Yatra,Dharmendra Chhonkar,≤100
116997354325105,Wg Cdr Anuma Acharya,Wg Cdr Anuma Acharya,≤100
678803825664159,Kanta Sonwal,Prakash Jaiswal,≤100
423924598022376,Shankar Lalwani,Mayur Sethi,≤100
2238647176463048,Dr.Vijender Singh,Anshul Kumar Gupta,≤100
406546193243549,B.P Saroj,These ads ran without a disclaimer,≤100
739221966159227,Rajesh Singh,Adv Tech,≤100
1677371689251351,Manoj Parkhe - मनोज अंबादास पारखे,Manoj Ambadas Parkhe,≤100
108317665490916,Satyen Srivastava,Naveen Singhal,≤100
196338294250820,Rohit Gangwal,Modi For PM Organisation,≤100
218937918273828,Kavita Patidar,Kavita Patidar,≤100
380332062091845,Dr. Vijay Kumar Rai,Vijay Kumar Rai,≤100
802311956513987,Rahul Singh,Rahul Singh,≤100
1748666768770943,Umakant Sharma MLA,Umakant Sharma MLA,≤100
109677828569404,sanatangram_official,These ads ran without a disclaimer,≤100
155418314920954,Orchid HRD Trainings भाषणकला व राजकीय नेतृत्व कौशल्य प्रशिक्षण,Ganesh Subhashrao Lomte,≤100
106592077772596,Sharma Nand Ram,Sharma Nand Ram,≤100
1800292903417569,Yassir Hasnat,Yassir Hasnat,≤100
100304211884168,Only Earth,These ads ran without a disclaimer,≤100
103770108719956,Vishnu Pratap Singh,These ads ran without a disclaimer,≤100
105874295728550,Lalit Panwar,Lalit Panwar,≤100
102123449068334,Er.Venu Gopal Sinha,Venu Gopal Sinha,≤100
107605957856546,Narendra Yadav,Narendra Yadav,≤100
157411781636662,Hoodi Vijaykumar,Sharva Creative Communications,≤100
108021051021086,Today Post Live,Sachin Raj,≤100
100189608970240,Pappu Tripathi,Shubham Rajesh Mishra,≤100
100992536219420,Dr Chandrakant Anil Kranti,Akash Singh,≤100
616572395111604,Mahendra Singh Ralawata,Mahendra Singh Ralawata,≤100
1433894153522813,Pramod Bhaya,Kapil Sain,≤100
116925101740350,Prem Sagar Patel,Karamveer Patel,≤100
2016227035330751,Viral Sach,Viral Sach Online Media,≤100
107828441774208,Jobskullad - लेटेस्ट नौकरी फ्री समाचार,These ads ran without a disclaimer,≤100
102370509068053,News Junction,Parveen,≤100
102111112713801,Daman Sethi,Utkarsh Srivastava,≤100
282167225613953,Sharad Jain,Sharad Jain,≤100
642581262461206,Hemant Singh Phogat,Hemant Singh Phogat,≤100
106920708263206,Bablu Jangid Official,These ads ran without a disclaimer,≤100
110941631935018,blackmagicspell111,These ads ran without a disclaimer,≤100
1888684524745262,Angkita Dutta,Angkita Dutta,≤100
111787478472389,Vishal Kumar,Rahul Kumar Srivastava,≤100
1030516517105920,Bannaram Meena - बन्नाराम मीणा,Bharat Meena,≤100
1153289828179398,Dimpal jain,Dimpal Jain,≤100
846994962145905,Manoj Kumar Aggarwal,Durga Kumari,≤100
643216342792266,দেবাশিস পণ্ডা ভারতীয় Debasis Panda Bhartiya West Bengal,Debasis Panda,≤100
151640195016242,Madhusudan Bhinda,Narendra Singh Pachar,≤100
103544656778013,Dr Akhilesh Prasad Singh,Akhiles Prasad Singh,≤100
108482655070359,Ishan Tyagi,Rahul Kumar Srivastava,≤100
826947230992434,Freedom Firm,These ads ran without a disclaimer,≤100
108260642180336,Goverment loan agency,These ads ran without a disclaimer,≤100
268437163351102,Saurabh Srivastava,Saurabh Srivastava,≤100
1258415930905582,Baba Singh,These ads ran without a disclaimer,≤100
2300402240284352,Sadhvi Prachi,Amar Khandelwal,≤100
1701369040086950,ANIL JAIN MLA,Arjun Sharma,≤100
444275075662411,Dalu Ram Chahar,Dalu Ram Chahar,≤100
112286515045098,,These ads ran without a disclaimer,≤100
1802087953245529,Pavan Singh Rajput,Prakhar Kashyap Singh,≤100
105811002237963,LAXMI RAWAT लक्ष्मी रावत,These ads ran without a disclaimer,≤100
245675895557121,Pawan Goyal,Pawan Kumar Sharma,≤100
396773987146824,NEC Corporation India Pvt. Ltd.,These ads ran without a disclaimer,≤100
111632008319328,Pingaksh Social Welfare Foundation,Abi Zaid,≤100
102447714973094,Yusuf Salahuddin,Yusuf Salahuddin,≤100
108828628393591,Lakshay Chauhan,Akash Singh,≤100
1014089075388866,Arvind Pandey,Pradeep Anand,≤100
109916533853207,AMIT KUMAR SINGH,Akash Singh,≤100
104860424918954,दिल है हिन्दुस्तानी,Abhijit Kumar,≤100
108939271272352,"Hindu Ankit Bhatnagar  प्रदेश अध्यक्ष,अखिल भारत हिंदू महासभा",Ankit Bhatnagar,≤100
100362372914387,Mahesh Sathe - महेश साठे,Vaibhav Ganesh Chikhale,≤100
391737747598762,Raja Pathak - B.J.P,Akash Singh,≤100
219588748935061,Sandeep Pandey,sandesh foundation,≤100
103644619227361,,These ads ran without a disclaimer,≤100
192092260811678,AlCircle Pte Ltd,These ads ran without a disclaimer,≤100
112709838355954,Prachar99,Prachar99,≤100
107904105470394,Ankit Yadav,Ankit Yadav,≤100
1743147019302453,Parminder singh sandhu,Parminder Singh,≤100
647918021924149,Ram Rajya Prashasan- राम राज्य प्रशासन,Amit Kumar Pathak,≤100
107203265064164,Gyaneshwar Singh,Gyaneshwar Singh,≤100
235927540295291,"बलराम सिंह यादव उर्फ ""बल्लू भैया""",JS Infosoft,≤100
222719048656244,Ved Prakash Ojha  IMC,Vivek Vashisth,≤100
102351648972541,Ravi Kumar Mishra,Ravi Kumar Mishra,≤100
111627301005753,Abhinay Rai,Akash Singh,≤100
101138559467466,Tejbahadur Yadav,These ads ran without a disclaimer,≤100
1678177965761136,ANKUR POPLY BJP,Ankur,≤100
108156992053327,BYBIndia- India's Best Video Marketing Company,Sunita Singh,≤100
104521050914326,Baliram Siraskar,Baliram Siraskar,≤100
124939914843922,Om Bishnoi,Om Bishnoi,≤100
1450629991853191,Arvind Gupta,Arvind Gupta,≤100
107113887710924,Adv Vijay Patil,Vijay Abasaheb Patil,≤100
102010991748513,Ashish Patel,Ashish Natwarlal Patel,≤100
1935128343433294,"Sri Shyam Sundar Singh ""Dhiraj""",Shyamsunder Singh Dheeraj,≤100
106471121116979,Raj Shekhar Singh,These ads ran without a disclaimer,≤100
922801784574726,Altaf pevekar,These ads ran without a disclaimer,≤100
1850064485271092,Vijay Kaushik,Kanav Kathuria,≤100
100955801920583,Meenakshi Chandela,Luxmi Devi,≤100
112061804808512,Sports Development Authority of Bihar - SDAB,These ads ran without a disclaimer,≤100
521034828342719,Harshita Swami Baghel,Arshad Ansari,≤100
478000405599523,Dr. Anil Jain,Surbhi Kumari,≤100
274842592677222,Chhotelal Singh Kharwar,Prakhar Kashyap Singh,≤100
362309980970515,Afsaana-Poets Column,Anmolika Watal,≤100
108659578166502,श्री. रविंद्र पाटील - ठाणे विभागीय सचिव संभाजी ब्रिगेड महाराष्ट्र,These ads ran without a disclaimer,≤100
875594315881842,Ashish Tatwal Bairwa,These ads ran without a disclaimer,≤100
103691661472274,Duryodhan Aihole,Duryodhan Aihole,≤100
112097615012056,,These ads ran without a disclaimer,≤100
118552134469003,Raju Batham Official,Raju Batham,≤100
331544177050160,Adv. Rahul Subhash Kool,Rahul Subhash Kool,≤100
112236865145394,Amit Pandey,These ads ran without a disclaimer,≤100
105420412281822,,Hemant Singh Bisht,≤100
357016611315216,महापौर विभा कुमारी पूर्णिया,Bibha Kumari,≤100
103298848218762,Prakash Nedungadi,Prakash Pitamber Nedungadi,≤100
103737029214469,,These ads ran without a disclaimer,≤100
208588329501133,Mukesh Sharma,Praveen Kumar Garg,≤100
236500783397189,Kamlesh Paswan,Kamlesh Paswan,≤100
102560035673472,Dr. SP Singh IAS_Rtd,These ads ran without a disclaimer,≤100
446114139224512,Dr.Rahul Tyagi,Vipin Kumar,≤100
105530752376295,"Shiromani Akali Dal, Delhi Unit",Harjap Singh Dhingra,≤100
269761569864265,Rao Padma,Kushal Reddy Rao,≤100
109027442133819,Dr. Sanjay Singh,Naveen Singhal,≤100
101454292909363,,These ads ran without a disclaimer,≤100
230195174008918,Ajit Damodar Gavhane,Content Factory,≤100
1287394851427250,Parikshitrajsinh Rathore,These ads ran without a disclaimer,≤100
103279122704441,DHANI AP,These ads ran without a disclaimer,≤100
105413959016479,Vikash Kumar,These ads ran without a disclaimer,≤100
107681790630933,CA Priavrat Sharma,These ads ran without a disclaimer,≤100
105123064268585,Suman Chhajer BJP,Suman Chhajer BJP,≤100
101522855557229,Sher Singh Tanwar,These ads ran without a disclaimer,≤100
892715324214105,Nitendra Singh Rathore,Rituraj Tomar,≤100
107275334785456,VenkatReddy Mudnal ವೆಂಕಟರೆಡ್ಡಿ ಮುದ್ನಾಳ,VenkatReddy Mudnal ವೆಂಕಟರೆಡ್ಡಿ ಮುದ್ನಾಳ,≤100
108207202093878,Rinku Mukhiya,These ads ran without a disclaimer,≤100
1115737718543902,अब्दुल्लाह आज़म ख़ान की जीत हमारी जीत ।,These ads ran without a disclaimer,≤100
103651618670683,,These ads ran without a disclaimer,≤100
603803736638732,Digamber Singh,These ads ran without a disclaimer,≤100
100955988374188,Shyambali Yadav,Prakhar Kashyap Singh,≤100
1037647469717784,Lalit Yadav Ki Pathshala,These ads ran without a disclaimer,≤100
361031561139301,Rakesh Jangir,Rajesh Kumar,≤100
788386614603338,KROSS BIKES,These ads ran without a disclaimer,≤100
693289664149663,Dr. Shashikant Sharma,Dr. Shashikant Sharma,≤100
107473064161103,माता-पिता से निवेदन,Ranjna Jhalani,≤100
115391674828011,,These ads ran without a disclaimer,≤100
106028048782543,trend_spotter_shubham,These ads ran without a disclaimer,≤100
113665268317379,Mukesh Yadav Official,Mukesh Yadav,≤100
459311724153070,Rana Pratap Singh,These ads ran without a disclaimer,≤100
114573116942399,Apoorva Apoorva,These ads ran without a disclaimer,≤100
109192210997511,Shakti Foundation,Thakur Shyamsinh Jiyalal Gadrel,≤100
113793611080422,i_keshav_soni,These ads ran without a disclaimer,≤100
116957501330394,,These ads ran without a disclaimer,≤100
256786777695561,Anil Deshmukh,Vaibhav Gajendra Tumane,≤100
105067172496193,bjpneelrao,These ads ran without a disclaimer,≤100
1058255257644135,Suresh doi,These ads ran without a disclaimer,≤100
468629780610560,ठाकुर राजीव पुंडीर युवा बिग्रेड,These ads ran without a disclaimer,≤100
981146398754617,Chingari,Sumit Ghosh,≤100
345809109844413,अनसुनी आवाज़ Ansuni Awaaz,These ads ran without a disclaimer,≤100
224753514204375,Janaagraha,Janaagraha Centre for Citizenship and Democracy,≤100
1149375478489344,Harvinder Singh Sarna,Harjap Singh Dhingra,≤100
101803752859476,Ap pathak,These ads ran without a disclaimer,≤100
103927732610338,SKE official viral,These ads ran without a disclaimer,≤100
696662543693222,Manjunath Rajajinagar,Manjunatha,≤100
1497919357164079,Kanwarjit Singh Rozy Barkandi,These ads ran without a disclaimer,≤100
103885818070203,Robin Michael,These ads ran without a disclaimer,≤100
101950355775969,Nilesh Jain,Nilesh Jain,≤100
224656115124118,Sahil upadhyay,These ads ran without a disclaimer,≤100
101460484949823,Ajeet Singh,Ajeet Singh,≤100
666124073514146,Anil Yadav,Anil Yadav,≤100
105813284380310,Dee4unews,Deepak Kumar Bhandari,≤100
100955216267288,ಕೋಲಾರ ನಮ್ಮೂರು ಸಿದ್ದರಾಮಯ್ಯ ನಮ್ಮೋರು -  Kolara Nammuru Siddaramaiah Nammoru,Dayananda R,≤100
396463684278799,Chanchlesh Vyas,Chanchlesh Vyas,≤100
105131059205923,,These ads ran without a disclaimer,≤100
107722611844788,ಜಯನಗರ ವಿ ಕ್ಷೇತ್ರ ಕೆ ಆರ್ ಎಸ್ ಪಕ್ಷ - Jayanagara Assembly KRS Party,These ads ran without a disclaimer,≤100
100883702683681,brijesh_kumar25,These ads ran without a disclaimer,≤100
100962595062814,Wavin India,These ads ran without a disclaimer,≤100
103833782263290,Arvind Singh Bhati,Engitech Media,≤100
108930034347207,पं. अमित शर्मा,These ads ran without a disclaimer,≤100
100844048439445,inld_official,These ads ran without a disclaimer,≤100
140064983547766,Village Express TV,Arvind Kumar,≤100
132806813793938,Paramjit Singh Sarna,Harjap Singh Dhingra,≤100
108602738576755,,These ads ran without a disclaimer,≤100
167377243919364,Dharmesh GHAI,Dharmesh GHAI,≤100
100196004828444,North Eastern Council,Arshad Ali,≤100
864391150326989,Vishal Singh Chanchal,These ads ran without a disclaimer,≤100
323075205797314,Assam Bachao,DesignBoxed,≤100
123709550646134,,These ads ran without a disclaimer,≤100
111984171631351,,These ads ran without a disclaimer,≤100
104878157547649,H Nagesh,Hk Ramesh,≤100
107081225202487,Dr.Anil Dabbu,Unikudos Software,≤100
101729025999192,currentgkjobs,These ads ran without a disclaimer,≤100
2037429189812727,शुभम सिंह बाघेल,These ads ran without a disclaimer,≤100
171538063001636,Global Punjab TV,Navdeep Singh,≤100
105040639000304,Political Junction India,Sunita Singh,≤100
113577624961901,Balu lal Acharya BJP,Ganesh Kumar,≤100
108003928610605,Brahma Nand Shukla,Brahma Nand Shukla,≤100
108223715471383,shritarapeeth,These ads ran without a disclaimer,≤100
189279028569667,K P Tripathi,Krishne Pati Tripathi,≤100
215645112255875,Anupam Bajpai राष्ट्रीय अध्यक्ष-नव हिंदू सभा,These ads ran without a disclaimer,≤100
108615065483412,forumforafricanpolicyresearch,These ads ran without a disclaimer,≤100
105233721756602,groundreport.in,These ads ran without a disclaimer,≤100
123900254903525,Rahul Singh Lodhi,Rahul Singh Lodhi,≤100
297229797104524,Nishank Tripathi BJP,Nishank Tripathi,≤100
102074002437307,bhosalesarkar.1,These ads ran without a disclaimer,≤100
102931255932211,Ncmart Pvt Ltd.,Akash Singh,≤100
101826308850080,SBB Trading company,Akash Singh,≤100
203795313615859,PDTV News,Sandeep Gowda Undrakonda,≤100
115997714761143,,These ads ran without a disclaimer,≤100
109831042040973,Voice Of Zotung,These ads ran without a disclaimer,≤100
113665934917412,Natalie Asheri,These ads ran without a disclaimer,≤100
106931698352366,Materials MDPI,These ads ran without a disclaimer,≤100
31292782350,Deutschland.de,These ads ran without a disclaimer,≤100
108653994819801,CNBM Nigeria,These ads ran without a disclaimer,≤100
289397611132,Working Ranch Magazine,These ads ran without a disclaimer,≤100
338109312883186,China Xinhua News,These ads ran without a disclaimer,≤100