﻿Page ID,Page name,Disclaimer,Amount spent (USD)
339660569555689,Presidencia de Ecuador,Presidencia de Ecuador,≤100
857378244370245,BanEcuador,BanEcuador,≤100
49746516611,Asamblea Nacional del Ecuador,Asamblea Nacional de Ecuador,≤100
101056676141616,Asesoría Política - Goberna Ecuador,Goberna Ecuador S.A.S,≤100
129892680011295,Educatics - Centro de Capacitación,Educatics,≤100
772770099770549,Viviana Veloz,Edwin Santiago Oña,≤100
108608595482399,Podemos Elegir,La Incre S.A.,≤100
148963240630570,Tomas Zevallos,Tomás Tupacyupanqui Zevallos Vera,≤100
771764176907360,Tarea Urgente,Juan Carlos Rojas Cajamarca,≤100
222348155024951,Edgar Jácome,Edgar Francisco Jácome Tipani,≤100
81089852182,U.S. Embassy Ecuador,Embassies: U.S. Embassy Ecuador,≤100
169260623923829,Infórmate y decide,These ads ran without a disclaimer,≤100
113181968262280,Jose Sayay Copa,These ads ran without a disclaimer,≤100