﻿Page ID,Page name,Disclaimer,Amount spent (USD)
107265602249474,الدليل - Aldaleel,Khalil Soleman,≤100
102697318856209,حزب السلام والازدهار,السلام والازدهار,≤100
103353029084753,صحيفة الخبر,These ads ran without a disclaimer,≤100
112437831252270,محمد خالد الغويل,محمد خالد الغويل,≤100
337756309921449,شركة الإسناد العقاري للمقاولات العامة والتسويق العقاري,These ads ran without a disclaimer,≤100
1645156665700277,شركة الإسناد العقاري قسم التدريب الهندسي,These ads ran without a disclaimer,≤100
739140606178650,ليبافيا - Libafia,These ads ran without a disclaimer,≤100