﻿Page ID,Page name,Disclaimer,Amount spent (SEK)
371791194529,Världsnaturfonden WWF,Världsnaturfonden WWF,2863
643137272398136,Sverige för UNHCR,Sverige för UNHCR,879
197334613725511,Act Svenska kyrkan,Act Svenska kyrkan,632
122854408319,Hjärt-Lungfonden,Hjärt-Lungfonden,610
151159271594797,Systembolaget,Systembolaget,528
608975645850217,Vattenfall,Vattenfall Sverige,519
161213770567846,Operation Smile Sverige,Operation Smile Sverige,401
109886133732943,RESCUE - Sverige,RESCUE - Sverige,384
72659261793,Rädda Barnen,Rädda Barnen,370
59324455950,UNICEF Sverige,UNICEF Sverige,305
126567104406,Hyresgästföreningen,Hyresgästföreningen,237
162985227114132,Skellefteå Kraft,Skellefteå Kraft,203
68115370786,Läkare Utan Gränser (MSF),Läkare Utan Gränser/ Médecins sans Frontières (MSF Sweden),200
19746853632,Djurens Rätt,Djurens Rätt,192
382243262003,Plan International Sverige,Plan International Sverige,192
115403725210334,Hand in Hand Sweden,Hand in Hand Sweden,160
237813956289260,Maskrosbarn,Maskrosbarn,154
45101268520,SSU,SSU,145
130927360876045,Tidningen Näringslivet,Tidningen Näringslivet,140
111630258867610,Röda Korset,Röda Korset,138
369582590803,Dagens ETC,ETC-tidningarna,104
153270724787,Amnesty International Sverige,Amnesty International Sverige,≤100
95735961890,Greenpeace Sverige,Greenpeace Sverige,≤100
128452220525979,CIVIL RIGHTS DEFENDERS,CIVIL RIGHTS DEFENDERS,≤100
309283471958,Hyresgästföreningen Region Sydost,Hyresgästföreningen Region Sydost,≤100
114262485262083,Konsumentverket,Konsumentverket,≤100
212604496324,Fackförbundet ST,Fackförbundet ST,≤100
18880778360,ActionAid Sweden,ActionAid Sweden,≤100
1451330355093804,Myndigheten för delaktighet,Myndigheten för delaktighet,≤100
113710601984970,Barnfonden,Barnfonden,≤100
42676805259,Diakonia,Diakonia,≤100
212049035488183,The Hunger Project Sverige,The Hunger Project Sverige,≤100
140417992681511,Clowner utan Gränser,Clowner utan Gränser,≤100
314872662206,Ekonomifakta,Ekonomifakta,≤100
412192732132640,ECPAT Sverige,ECPAT Sverige,≤100
173745622660246,Bring Sverige,Bring Sverige,≤100
178362315106,European Parliament,European Parliament,≤100
1545369075688158,Brottsofferjouren Sverige,Brottsofferjouren Sverige,≤100
179931025357058,Kommunal,Kommunal,≤100
90882504375,Svenskt Näringsliv,Svenskt Näringsliv,≤100
56002955332,Jörgen Warborn,Moderaterna,≤100
101314752343226,Malin Ragnegård,Kommunal,≤100
119432911402994,Socialdemokraterna i Växjö,Socialdemokraterna Växjö,≤100
146975975357378,Gudrun Sjödén Scandinavia,These ads ran without a disclaimer,≤100
308075749348969,Svenskt Näringsliv Kronoberg,Svenskt Näringsliv,≤100
356032977210,Vi-skogen,Vi-skogen,≤100
153028052500,Kvinna till Kvinna,Stiftelsen Kvinna till Kvinna,≤100
237146235237,Timbro,Tankesmedjan Timbro,≤100
34780126150,Miljöpartiet de gröna,Miljöpartiet de gröna,≤100
235650011981,SPF Seniorerna,SPF Seniorerna,≤100
113006852188985,IM Individuell Människohjälp,IM Individuell Människohjälp,≤100
109969847586061,Morgon-Tidningen,AIP Media,≤100
175843834306,WaterAid Sverige,WaterAid Sverige,≤100
188616781161573,World Animal Protection Sverige,World Animal Protection Sverige,≤100
62185934430,Olof Palmes internationella center,Olof Palmes Internationella Center,≤100
107081822705414,Småföretagarnas Riksförbund,Småföretagarnas Riksförbund,≤100
103296115466644,Skattenytta,Kommissionen för Skattenytta,≤100
379686162129542,Svea Bank,Svea Ekonomi,≤100
547965058654664,MyRight - Empowers people with disabilities,MyRight - Empowers people with disabilities,≤100
312084019369,Dagens Medicin,Dagens Medicin,≤100
293679875824,Svenska FN-förbundet,Svenska FN-förbundet,≤100
163305633746125,Karneval förlag,Holviks,≤100
127063960674693,Svenska Freds- och Skiljedomsföreningen,Svenska Freds- och Skiljedomsföreningen,≤100
152085291138,Aktuellt i Politiken,Aktuellt i Politiken,≤100
8040892957,Socialdemokraterna,Socialdemokraterna,≤100
208751565805849,Stiftelsen Expo,Stiftelsen Expo,≤100
149155351773944,SEB,SEB,≤100
102115772635130,Uppdrag: Utrota fattigdomen,Diakonia,≤100
273053169937029,ClimateHero,ClimateHero,≤100
276108117859,Svenska Afghanistankommittén,Svenska Afghanistankommittén,≤100
106579105171694,ETC nyhetsmagasin,ETC Media AB,≤100
328754490337,Vårdförbundet,Vårdförbundet,≤100
261024395813,Union to Union,Union to Union,≤100
239855722130,Nyhetsmagasinet Fokus,Fokus,≤100
367595583351599,Sändaren,Verbum,≤100
72832167834,Skattebetalarnas Förening,Skattebetalarnas Förening,≤100
1531320107133721,Syre,Dagens O2 AB,≤100
1633181116933852,SvD Junior,SvD Junior (SvD),≤100
203547006337155,Göteborgs Stadsmission,Göteborgs Stadsmission,≤100
320930784643530,Storasyster,Storasyster,≤100
539297539496434,Dagens Samhälle,Dagens Samhälle,≤100
636176223070965,Socialdemokraterna i Tingsryds kommun,Socialdemokraterna i Tingsryds kommun,≤100
965458110149319,Byggindustrin,Byggindustrin,≤100
103997904708356,M-lotten,M-Lotten,≤100
105345278410827,Frälsningsarméns sociala arbete,Frälsningsarmén,≤100
1025003297639834,Sverigedemokraterna Uppvidinge,Simon Bring,≤100
253510692370,Arbetaren,Arbetaren,≤100
182933185135,Skogsindustrierna,Skogsindustrierna,≤100
1402657726653154,Hallå konsument,Konsumentverket,≤100
125440780804852,Childhood,Childhood,≤100
306914332842630,Energimyndigheten,Energimyndigheten,≤100
186513678039755,Fortum,Fortum Sverige,≤100
912984312161760,VoB Syd,Vob Syd Malmö,≤100
120633071295935,Fairtrade Sverige,Fairtrade Sverige,≤100
332610816893837,Sverigedemokraterna i Borås,Sverigedemokraterna Borås,≤100
368972829945550,AP7 Statens premiepensionsfonder,AP7,≤100
640780126093378,Norstedts Juridik,Norstedts Juridik,≤100
216625221784563,Alkompis  الكومبس,Alkompis  الكومبس,≤100
690167674732029,Lena Hallengren,Socialdemokraterna,≤100
24574889995,Charlie Weimers MEP,Charlie Weimers,≤100
303557933102892,Rädda Regnskog,Pella Thiel,≤100
100615022892825,Tillsammans för solidaritet,Afrikagrupperna,≤100
171919835807,TCO,TCO,≤100
1540635576171214,KIT,Keep In Touch Media Sverige AB,≤100
108492218918,IF Metall,IF Metall,≤100
223053457729155,Unga Örnar,Unga Örnars Riksförbund,≤100
175656912484553,Unionen,Unionen,≤100
120745044633792,Lunds universitet,Lunds universitet,≤100
446180572845931,Kärnfull Energi,Kärnfull Energi,≤100
273402369438867,By Billgren,By Billgren AB,≤100
120216874723147,Svenskt Sigill,Svenskt Sigill,≤100
399044617221,Läraren,Lärarnas tidning,≤100
329452290816078,Tidningen Market,Tidningen Market,≤100
110605492300,RFSL,RFSL,≤100
166089953424403,Equmeniakyrkan,Equmeniakyrkan,≤100
129016447116122,Aktuell Hållbarhet,Aktuell Hållbarhet,≤100
376804565780243,Vänsterpartiet Södermalm,Vänsterpartiet Södermalm,≤100
166406746310,Resumé,Resumé,≤100
181257374525,HÄLSA,These ads ran without a disclaimer,≤100
127549713957400,Läkare i världen (Médecins du Monde Sweden),Läkare i världen (Médecins du Monde Sweden),≤100
268590219892931,MOD - Mer organdonation,MOD - Mer organdonation,≤100
394970577929590,Ekström & Garay,Ekström & Garay AB,≤100
335332543421,Försvarshögskolan,Försvarshögskolan,≤100
186513678039755,Fortum,These ads ran without a disclaimer,≤100
111564248245329,Rimliga villkor,Tove Anna Dagerman,≤100
106291668359607,Gabriella Lavecchia,Seko,≤100
342952129133948,Kultur i Malmö,Kultur i Malmö,≤100
133867976608,Naturskyddsföreningen,Naturskyddsföreningen,≤100
112644953916525,Facklig Vänster,Vänsterpartiet,≤100
322439964487541,ETC El,ETC El,≤100
12690894340,Centerpartiet,Centerpartiet,≤100
296423575695,Afrikagrupperna,Afrikagrupperna,≤100
899603916845362,JAG Personlig assistans,JAG Personlig assistans,≤100
182726910344,Hela Sverige Ska Leva,Hela Sverige Ska Leva,≤100
106369868876618,e-Hälsa + MVTe,Nordic Live Expo AB,≤100
1042091032500520,Kvartal,Kvartal,≤100
180701415377239,Aktion Rädda Vättern,Aktion Rädda Vättern,≤100
111005714391,Scouterna,Scouterna,≤100
224366637358,Journalistförbundet,Journalistförbundet,≤100
217391588404948,Katalys,Katalys,≤100
183512318424647,Magdalena Andersson,Socialdemokraterna,≤100
101320658099429,Renoveringsraseriet,Renoveringsraseriet,≤100
103280563078303,Psykologiguiden,Psykologiguiden,≤100
408171019221426,Slöseriombudsmannen,Skattebetalarnas Förening,≤100
100253435575183,EPHI - Environment and Public Health Institute,Environment and Public Health Institute,≤100
1249398378405410,Organisation & Samhälle,Organisation & Samhälle,≤100
347852331958080,En Företagares Vardag,En Företagares Vardag Sverige AB,≤100
193831743995989,Tobaksfakta - oberoende tankesmedja,Tobaksfakta,≤100
221168697910347,RFSU Stockholm,RFSU Stockholm,≤100
1558123334435806,War Child Sweden,War Child,≤100
135062563176874,Utrikespolitiska Institutet,Utrikespolitiska Institutet,≤100
185230521507744,Kommunalarbetaren,Kommunalarbetaren,≤100
340169928419,Hotell- och restaurangfacket,Hotell- och restaurangfacket,≤100
99753892609,Framtidsjorden,Framtidsjorden,≤100
162523667123095,Utvecklingsmagasinet,Föreningen för Utvecklingsfrågor,≤100
417057608473946,Svenska Djurskyddsföreningen,Svenska djurskyddsföreningen,≤100
569173933133573,ICLD - Swedish International Centre for Local Democracy,ICLD - Swedish International Centre for Local Democracy,≤100
187178991394420,Miljöpartiet de gröna i Skåne,Miljöpartiet de gröna i Skåne,≤100
1592395117505407,Näringslivets medieinstitut,Näringslivets Medieinstitut,≤100
699733880123060,Tjejjouren i Lund - en transinkluderande jour,Tjejjouren i Lund,≤100
773867402653937,Torkild Strandberg,Torkild Strandberg,≤100
505129646285217,Sverigedemokraterna Simrishamn,Jenny Assarsson,≤100
253851994766681,Socialdemokraterna i Surahammars kommun,Socialdemokraterna i Surahammars Kommun,≤100
104902269544771,SLU,"SLU, Sveriges lantbruksuniversitet",≤100
1522679411362377,Lighthouse - Swedish Maritime RD&I collaboration platform,Lars Nicklason,≤100
127535893942048,Folkhögskolorna,Folkhögskolorna,≤100
109151468296542,Partiet MoD,MoD Ideell förening,≤100
355819811185620,Arba Kokalari,Moderaterna,≤100
306507932750972,Socialdemokraterna i Uddevalla,Skoglund Leif Stefan,≤100
293099781096968,MATtanken,Landsbygdsnätverkets kansli,≤100
1432591790382295,ByMartinsdotter,By Martinsdotter,≤100
113524458268944,Wiadomości dnia,These ads ran without a disclaimer,≤100
943616319032484,Svenskt Näringsliv Dalarna,Svenskt Näringsliv,≤100
314283591054,Byggnads,Byggnads,≤100
173901972642378,Kristdemokraterna i Huddinge,Kristdemokraterna i Huddinge,≤100
390479295816,Socialdemokraterna i Jönköpings län,Socialdemokraterna i Jönköpings län,≤100
244897208924797,Arbetet,Arbetet,≤100
557413867695433,Moderaterna Höga Kusten/Kramfors,Moderaterna Höga Kusten/Kramfors,≤100
124552167560053,BERGIN MEDIA,Erik Olof Bergin,≤100
107889157547905,Nooshi Dadgostar,Vänsterpartiet,≤100
273254886116655,Motargument,Motargument,≤100
188821514474911,Preem,Preem AB,≤100
150909028299502,Jernkontoret,Jernkontoret,≤100
177815842230171,Kungl. Ingenjörsvetenskapsakademien (IVA),Kungl. Ingenjörsvetenskapsakademien IVA,≤100
268608766607208,Svensk Tidskrift,Svensk Tidskrift,≤100
139375052786521,Moderata Ungdomsförbundet,Moderata Ungdomsförbundet,≤100
162466473776556,Klimataktion,Klimataktion,≤100
127247477329764,Studiefrämjandet,Studiefrämjandet,≤100
223846164300912,Socialdemokrater för tro och solidaritet,Socialdemokrater för tro och solidaritet,≤100
100261020152077,Väsbymoderaterna,Väsbymoderaterna,≤100
102453729033824,Halmstads Lokala Parti,Halmstads Lokala Parti,≤100
323156205347,Vänsterpartiet,Vänsterpartiet,≤100
271560012882635,Svenskt Näringsliv Västra Götaland,Svenskt Näringsliv Västra Götaland,≤100
363671764114007,Eduna skolmaterial,Eduna,≤100
506388016439723,Andréa Hedin (M),Andrea Hedin,≤100
127757523931098,Emrahus AB,Emrahus AB,≤100
175873745789190,Vänsterpartiet Göteborg,Vänsterpartiet Göteborg,≤100
112225970344,Räddningsmissionen,Räddningsmissionen,≤100
190533360983432,FUF - Föreningen för Utvecklingsfrågor,Föreningen för Utvecklingsfrågor,≤100
544999335892731,Frusna Tassar,Frusna Tassar,≤100
1514642878748786,Stellar Equipment,These ads ran without a disclaimer,≤100
169961746503287,Lidingöpartiet - Grön skön ö.,Lidingöpartiet,≤100
116567568403725,Dagens Arbete,Dagens Arbete,≤100
513520638755798,Vänsterpartiet Ystad,Brante Goran,≤100
285356031666197,Arbetsvärlden,Feldbaum Mikael,≤100
287880713020478,Rörelsen,Peter Gustavsson,≤100
352682608599,Vänsterpartiet Västerås,Vänsterpartiet,≤100
106803408804138,House Of Fun,These ads ran without a disclaimer,≤100
28312410177,World Food Programme,These ads ran without a disclaimer,≤100
108937341961976,Новости Дня,These ads ran without a disclaimer,≤100
111272101809153,Select 24,These ads ran without a disclaimer,≤100