﻿Page ID,Page name,Disclaimer,Amount spent (NGN)
1567614746869354,Daily Shopping,Awotidebe Oluwaseyifunmi,236
913242715449176,Prophet Ekong Ituen Ministries,Ekong Ituen,≤100
109048518007484,Vickie Irabor,Adesua Susan Kella,≤100
100383154696053,Lukaconfu vocal,Lukaconfu vocal,≤100
111251245091684,Theadrenalina,These ads ran without a disclaimer,≤100
104680361991427,Hon. Mojisolaoluwa Alli-Macaulay,Omayeli Christabell Amorighoye,≤100
100202924924063,Page 36,Page 36,≤100
104855382334344,Brozubby,These ads ran without a disclaimer,≤100
103937487661032,Readytoleadafrica,ReadyToLeadAfrica,≤100
109366762070994,Emodah,Emodah,≤100
103018869332378,BantuPage,Ikechukwu Orji,≤100
382672421842823,Africa International Housing Show,Africa International Housing Show,≤100
581327535671884,MAAI,MAAI,≤100
128728490537179,Asuquo Ekpenyong,Prince Charles Ekanem Iv,≤100
111180371693748,Rt.Hon Peter Odey - Cross River State APC Deputy Governor Candidate,Prince Charles Ekanem Iv,≤100
109442808414602,Azzembl,Electric Avenue Technologies,≤100
101023076204247,Nelson Nwatu's Blog,Nelson Obinna Nwatu,≤100
100608975546895,strongholdngconsult,These ads ran without a disclaimer,≤100
106820952234883,Professor Ngozi Nma Odu,Tamunokiri Biebele Lawrence,≤100
101174669207027,H.E Amb Dr. Johnny Metchie,H.E Amb Dr. Johnny Metchie,≤100
113918751208434,harmiethomes,These ads ran without a disclaimer,≤100
110722558150840,Wealth,These ads ran without a disclaimer,≤100
103382072344796,CRIBS Republic,These ads ran without a disclaimer,≤100
102650939442149,,These ads ran without a disclaimer,≤100
106460282356333,News Nigeria,These ads ran without a disclaimer,≤100
102445736020986,David Peter,These ads ran without a disclaimer,≤100
100994765608411,INN WORD Revival Now,These ads ran without a disclaimer,≤100
105775031595225,White Harvest,These ads ran without a disclaimer,≤100
102406562561015,Mallam Umar Namadi,Muttaka Turaki Gujungu,≤100
113015815026861,,These ads ran without a disclaimer,≤100
105303042417997,Harmony Gardens & Estate Development Ltd,These ads ran without a disclaimer,≤100
764443660320802,safe2choose,These ads ran without a disclaimer,≤100
1617885935139653,The Liberator,The Liberator,≤100
258237094650339,Voice Of More,Adeosun Abdulwahab Adebowale,≤100
191066234648103,Shehu Musa Yar'Adua Foundation,Shehu Musa Yar'Adua Foundation,≤100
1572089193014869,DUMO Lulu-Briggs Recommended,DUMO Lulu-Briggs Recommended,≤100
103403809362653,,These ads ran without a disclaimer,≤100
769095856453652,Axel Arigato,These ads ran without a disclaimer,≤100