﻿Page ID,Page name,Disclaimer,Amount spent (EGP)
798673866859390,ETC TV,ETC TV,111
100857675472522,ScreeN+,Mahmoud Elfeky,≤100
100835565731657,Ahmed Amin Massoud - أحمد أمين مسعود,Ahmed Amin Massoud - أحمد أمين مسعود,≤100
550280998481446,Rasha Kelej,Rasha Kelej,≤100
273900239400893,نقابة المحامين المصرية,نقابة المحامين المصرية,≤100
261220720714681,الصفحه الرسمية للمركز القومى لثقافة الطفل  - مصر,الصفحه الرسمية للمركز القومى لثقافة الطفل  - مصر,≤100
192320965049184,الإعلامية نيفين منصور,Nivine Mansour,≤100
107628151748756,Initiators Congress مؤتمر المبادرون,Initiators Congress,≤100
354968941204659,الدكتور أيمن أبو العلا عضو مجلس النواب,الدكتور أيمن أبو العلا عضو مجلس النواب,≤100
106450555171099,مجدي البري - Magdy Elbery,مجدي البري - Magdy Elbery,≤100
108210648333964,محمود طاهر -Mahmoud Taher,محمود طاهر -Mahmoud Taher,≤100
110877857406073,المهندس حسام لبن,المهندس حسام لبن,≤100
103745798627292,المستشار ماهر ميلاد اسكندر,المستشار ماهر ميلاد اسكندر,≤100
118992379972310,Fatmah Selim - فاطمة سليم,Fatmah Selim - فاطمة سليم,≤100
112709551678127,الصفحة الرسمية لبرنامج آخر كلام,These ads ran without a disclaimer,≤100
105096455624550,Tamer abdelhamid - تامر عبد الحميد,Tamer abdelhamid - تامر عبد الحميد,≤100
111086937788265,موقع تحيا مصر - Tahiamasr News,Mariam Ahmed Hamouda,≤100
308088503057656,النائب محمود عصام,النائب محمود عصام,≤100
112884131660592,أسامة جاويش-Osama Gaweesh,These ads ran without a disclaimer,≤100
103204975886755,البديوي السيد - الصفحة الرسمية,Mohamed Elbedewy,≤100
1424610401122573,هاني العتال - Hany Alattal,محمد السيد عبد الستار,≤100
103571604973098,هشام حسين - Hesham Hussein,هشام حسين - Hesham Hussein,≤100
1934139156895621,د.خالد قنديل Dr.Khaled Kandel,Basel Noufal,≤100
105581508751620,الشعب الجمهوري Tv,الشعب الجمهوري Tv,≤100
249311655141261,Hala Abou Elsaad - هالة ابو السعد,Mariam Ahmed Hamouda,≤100
323989871140458,أحمد حته - عضو مجلس النواب,أحمد حته - عضو مجلس النواب,≤100
2035593490055091,النائب عمرو القطامي,سيد أحمد,≤100
103086629281243,محمد الشنراوي,Mariam Ahmed Hamouda,≤100
764353836981278,الصفحه  الرسمية للعميد نور ابوستيت,محمد عبدالله كامل,≤100
291809778339184,أحوال مصرية,These ads ran without a disclaimer,≤100
535371883202755,Freddy Elbaiady  صفحة فريدي البياضي,Freddy Elbaiady  صفحة فريدي البياضي,≤100
104864037834748,المستشار شعبان رأفت عبداللطيف,Mohamed Helmy,≤100
108927510969680,الصفحة الرسمية للنائبة د. صبورة السيد,Mariam Ahmed Hamouda,≤100
101586878327765,Hassanein Tawfiq - حسانين توفيق,Hassanein Tawfiq - حسانين توفيق,≤100
282421105588262,Alraees News- الرئيس نيوز,Kareem Ahmed Abdul Ghani,≤100
1950076708632822,Osama el shahed - أسامة الشاهد,Osama el shahed - أسامة الشاهد,≤100
112161944845807,Nevein Basiouny,Muhammad Nash'at,≤100
108312491417155,العقارات اليوم,Sally Mazroua,≤100
2102862883129084,حجازى للاستشارات القانونية,حجازى للاستشارات القانونية,≤100
159052647481654,حزب الإصلاح والنهضة,حزب الإصلاح والنهضة,≤100
380937009024559,Kashqol كشكول التعليمى,Kareem Ahmed Abdul Ghani,≤100
110465021363852,مركز الفتح الطبي بزاوية بلتان,These ads ran without a disclaimer,≤100
102883459081121,Mohamed Taher - محمد طاهر,Mohamed Taher - محمد طاهر,≤100
131814203525361,CC Plus,Nourhan Osama,≤100
103429981452280,Hesham ElhagAly - هشام الحاج علي,Hesham Elhagaly,≤100
595025640685644,النائبة شيرين عبد العزيز - Sherin abdelaziz,النائبة شيرين عبد العزيز - Sherin abdelaziz,≤100
103291013528894,Dr.Mokhtar Gomaa,Ahmed Zaatar,≤100
532134937722830,النائبة أميرة بهاء الدين أبو شقة,Gehad Ali,≤100
1658718741008587,صندوق تحيا مصر,These ads ran without a disclaimer,≤100
107466248632602,د. جمال عبد العظيم سالم,These ads ran without a disclaimer,≤100
335140603682346,كلمه ونص,These ads ran without a disclaimer,≤100
103237955888453,شباب انيق,These ads ran without a disclaimer,≤100
750731415621118,Remote Sensing MDPI,These ads ran without a disclaimer,≤100
104970164613072,Asbab  أسباب,These ads ran without a disclaimer,≤100