﻿Page ID,Page name,Disclaimer,Amount spent (JPY)
265075920177069,陸上自衛隊 Japan Ground Self-Defense Force,陸上自衛隊 Japan Ground Self-Defense Force,1353
108136530968730,おねがい社長！,These ads ran without a disclaimer,722
475681929154100,国連UNHCR協会,国連UNHCR協会,440
110058508784307,ライズ・アップ・ジャパン,株式会社経営科学出版,280
1904070096535109,スマート選挙,株式会社センキョ,202
382249355166494,講談社BOOK倶楽部,株式会社講談社,137
101973635470022,大丸・松坂屋 Think GREEN,These ads ran without a disclaimer,131
109999181617168,株式投資諮問です,These ads ran without a disclaimer,≤100
298060150283457,大分県日出町,大分県日出町,≤100
676873696061766,ブレインコントロールコーチ　荒井隆秀,ブレインコントロールコーチ　荒井隆秀,≤100
425742864543901,GMOあおぞらネット銀行,These ads ran without a disclaimer,≤100
104331362680222,都知事杯オープンデータ・ハッカソン 事務局,These ads ran without a disclaimer,≤100
281777375260988,オッズパーク,These ads ran without a disclaimer,≤100
108437581751884,Nurse navi,These ads ran without a disclaimer,≤100
113154441705767,不動産aiチャット-不動産のAIアシスタント,These ads ran without a disclaimer,≤100
172980666081766,Seminars セミナーズ,These ads ran without a disclaimer,≤100
608965439169070,"Moderna, Inc.",These ads ran without a disclaimer,≤100
816089188468769,株式会社ラン・リグ,These ads ran without a disclaimer,≤100
113556785039231,Beauty Flash,These ads ran without a disclaimer,≤100
111202268629253,橘オンラインコンシェルジュ,These ads ran without a disclaimer,≤100
107849953897740,美魔女ラボ,These ads ran without a disclaimer,≤100
104533215755145,ZOE_Japan,ZOE Japan,≤100
103295175973977,りょんきち,These ads ran without a disclaimer,≤100
231714123553902,株式会社アスマーク,株式会社アスマーク,≤100
676655469036670,松下政経塾,松下政経塾,≤100
100199881840737,Minghui Japan（ミンフイ　ジャパン）ー明慧日本,明慧日本,≤100
153022271418684,日経メディカル,These ads ran without a disclaimer,≤100
1812425055659979,介護ワーカー,These ads ran without a disclaimer,≤100
195088317190451,グリーンピース・ジャパン,一般社団法人グリーンピース・ジャパン,≤100
104320351293198,IShite Book Cafe - Cà phê Sách Việt tại Nhật,These ads ran without a disclaimer,≤100
187899927908653,船井総合研究所（船井総研）,These ads ran without a disclaimer,≤100
196303913732193,タマホーム株式会社,These ads ran without a disclaimer,≤100
966598593356332,Invest-Top.1,These ads ran without a disclaimer,≤100
283372402104435,Autoliv,These ads ran without a disclaimer,≤100