﻿Page ID,Page name,Disclaimer,Amount spent (ARS)
1525482941081445,Roxana Reyes,Roxana Reyes,103655
105292379282066,La Libertad Avanza en Santa Cruz,La Libertad Avanza,25170
763096350471714,Josema Carambia,Josema Carambia,23997
113648051656225,Mirey Zeidan,Una Nueva Época,18948
1554067651472370,Hector Javier Belloni,Hector Javier Belloni,11544
537902999681634,Pablo Grasso,Construyamos Juntos,10595
231169830377923,Gabriel Solano,Frente de Izquierda,8672
315248502711069,Eugenio Quiroga,Eugenio Quiroga,6531
2254040437986757,Diego Bertolaza 2023,Diego Bertolaza 2023,6150
304979526327769,Encuentro Ciudadano,Encuentro Ciudadano,5090
108401558977853,Hacemos por Nuestro País,Hacemos por Nuestro País,4581
111397288670434,Guillermo Polke,Guillermo Polke,4303
174970176018,Horacio Rodríguez Larreta,Juntos por el Cambio,3753
102204192005656,David Acosta,Libres del Sur,2655
103088924366000,Noticias d,Noticias d,2388
113649918977106,Dani Roquel,Dani Roquel,2019
1085865774934102,Ateneo SUR,Ateneo SUR,1596
20906273675,Greenpeace Argentina,Greenpeace Argentina,1552
513899261972162,Frente de Izquierda FIT,Frente de Izquierda,1346
194835494010132,Gaby Mestelán Encuentro Ciudadano,Encuentro Ciudadano,1217
110767322072387,Levantemos Argentina,Levantemos Argentina,1150
1531765457125465,Piero Boffi,Piero Boffi,974
367089004808,Amnistía Internacional Argentina,Amnistía Internacional Argentina,799
139780689504552,Frente de Izquierda,Frente de Izquierda,667
425208234739953,Que Te Pasa TDF,Que Te Pasa TDF,582
101096627908478,Infotdf 2.0,Infotdf 2.0,559
100712111681838,La Rosca,La Rosca,498
111423200356396,Gustavo Alvarez Concejal,Gustavo Alvarez Concejal,479
224011168968695,Mas Medios,Mas Medios,380
2039257172768449,Javier Muñoz,Javier Muñoz,378
1383679141758544,Total República,Total República,355
688001708286948,Juan Pablo Luque,Juan Pablo Luque,317
1554067651472370,Hector Javier Belloni,These ads ran without a disclaimer,310
131381938371647,Corta La Bocha Noticias,Corta La Bocha,293
105396104300590,Hernán Elorrieta Diputado por Municipio,Hernán Elorrieta Diputado por Municipio,289
107492927684514,Concejal Daniela Romillo,Concejal Daniela Romillo,240
111600998225620,Noticias Zero,Noticias Zero,228
958750317533178,Manuela Castañeira,Nuevo MAS,214
1436075150023122,PJ Digital,PJ Digital,214
102187456039094,Enterate Ya,Enterate Ya!,209
109960224012127,Ethel Torres,Encuentro Ciudadano,199
164433833587600,Todo Negativo,Todo Negativo,198
100645365125529,Civilidad,Fundación Civilidad,187
699758330894365,Actualidad Argentina,Actualidad Argentina,186
106560742263098,Noticias El Portal,Noticias El Portal,182
112090455034177,El Portavoz Oficial,El Portavoz,161
105392265680573,Jorge Reale,Jorge Reale,159
100855346277788,81Dmentes,81Dmentes,150
113898744658728,El Progreso Web,El Progreso,143
111669735076988,Hora Cero,Hora Cero Noticias,142
108679841853325,Contame Más,Contame Más,130
544986472243896,Data Diario,Data Diario,127
628498977777284,El Continental,Periodico El Continental,122
111064391804839,Argentina Productiva,Argentina Productiva,121
102534516011045,La Gloria Noticias,La Gloria Noticias,≤100
110276628358382,El Autónomo,El Autónomo,≤100
107484303974810,Carlos Alegria,These ads ran without a disclaimer,≤100
103846469204203,La Ola Noticias,La Ola Noticias,≤100
2021141788107491,Othar Macharashvili,Othar Macharashvili,≤100
1693103514249720,Seba Mastropaolo,Seba Mastropaolo,≤100
110336638100765,El Archivo - Periodismo de investigación,El Archivo - Periodismo de investigación,≤100
100205565910611,Andrés Peressini,Andrés Peressini,≤100
605540860101596,Diario Criollo,Diario Criollo,≤100
110116998602195,Boletin No-Oficial,Boletín No Oficial,≤100
104417732484057,El Independiente Noticias,El Independiente,≤100
104480845106839,LiBooksAR,These ads ran without a disclaimer,≤100
413356852758756,Rodolfo Aguiar,Rodolfo Aguiar,≤100
452525851510103,Nicolás del Caño,Frente de Izquierda,≤100
207434122719914,AMET Corrientes,AMET CORRIENTES,≤100
110140882057120,Edubalanmoreno,Edubalanmoreno,≤100
112512128560132,Punto Medio  Web,Punto Medio Web,≤100
103021535961289,Cede,Cede,≤100
106617878372491,Ana Ingaramo,Somos Patria,≤100
335926266503071,7D,7D,≤100
1774842702748477,Gustavo Guzmán,Gustavo Guzmán,≤100
110806461830762,El Sol Web,El Sol Web,≤100
113328424956836,Prensa Libre,Prensa Libre,≤100
297125914554575,Andrea Pupi Rodriguez,Andrea Pupi Rodriguez,≤100
115264794929074,IPP Pensando Lanus,IPP Pensando Lanús,≤100
110039918575012,Noticias Express,Noticias Express,≤100
104455719146837,El Meridiano,El Meridiano Noticias,≤100
436246103621788,Damián Selci,Unidad Ciudadana Hurlingham - UCH,≤100
329137387577860,Carlos Castellani,Carlos Castellani,≤100
113395874909201,Punto Noticias,Punto Noticias Web,≤100
104883714350880,Alejandra Concina,Alejandra Concina,≤100
100513966017836,Noticias del Sur,Noticias del Sur,≤100
727916517338609,Chubut Para Todos,Chubut Para Todos,≤100
101961091604984,Argmediosok,arg medios,≤100
849456481895638,Más Info Noticias,Más Info Noticias,≤100
415444001901080,Fer Gutierrez,MST Movimiento Socialista de los Trabajadores,≤100
149619018406294,Siglo XXI Editores Argentina,Siglo XXI Editores Argentina S.A.,≤100
376962089100136,Senadora Nacional Clarita Vega,Senadora Nacional Clarita Vega,≤100
103322152538185,La Verdad Noticias,La verdad noticias,≤100
109237045323181,Patagonia Noticias,Patagonia Noticias,≤100
185922194792026,Myriam Bregman,Frente de Izquierda,≤100
445691695763603,Eber W. Solis,Eber W. Solis,≤100
125183747539071,Noticias Argentinas,Noticias Argentinas,≤100
304176325478,La Política Online,La Política Online,≤100
1873797869608613,Frente Renovador de la Concordia,Frente Renovador de la Concordia,≤100
106135035195210,Hacemos Futuro - SL,Hacemos Futuro - SL,≤100
1408542766063285,Carla Carrizo,Carla Carrizo,≤100
1536312289975887,Joaquín Azcurrain,Igualdad y Participación,≤100
891505944325300,Juventud Izquierda Socialista Rosario - FITU,Frente de Izquierda,≤100
378225769015907,Fundación Embajada Abierta,Fundación Embajada Abierta,≤100
212399626019537,Partido OLA - Jujuy,These ads ran without a disclaimer,≤100
104733589113258,La Gaceta Nacional,La Gaceta Nacional,≤100
100801415767740,Ministerio Público Fiscal de Tucumán,Ministerio Publico Fiscal de Tucumán,≤100
730624617002769,Miguel Weiss Ackerley,Miguel Weiss Ackerley,≤100
110890318187982,Escucharte Santa Fe,Escucharte Santa Fe,≤100
111509551806903,El Deportivo Web,El deportivo oficial,≤100
544640985878621,Argentinos Online,Argentinos Online,≤100
259700217384725,Le Monde diplomatique - Edición Cono Sur,Capital Intelectual S.A.,≤100
1101837086656045,Podemos Más Ceres,Podemos Más Ceres,≤100
1821508358130546,BAVSA,Buenos Aires Valores SA,≤100
107911888641795,Marcelo Opete,INSPIRAR,≤100
101349631999937,Noticias para el Cambio,Noticias para el Cambio,≤100
113245268485975,La Capital Online,La Capital Oficial,≤100
1515080865176797,Barbara Drake,Barbara Drake,≤100
102242281637572,Luis Lopez ok,Luis Lopez ok,≤100
273175230630,CAME - Confederación Argentina de la Mediana Empresa,CAME - Confederación Argentina de la Mediana Empresa,≤100
105076867937297,puericultoradani,These ads ran without a disclaimer,≤100
115906411539559,Martina Mayorista,These ads ran without a disclaimer,≤100
109720234792057,Fabio Salomón,Fabio Salomón,≤100
100861314854729,mariposafitsf,These ads ran without a disclaimer,≤100
105716442346264,Conurnarnia,Conurnarnia,≤100
508042719277404,Fabricio Bolatti,FABRICIO BOLATTI,≤100
764830970288611,Andrés Ibarra,Movimiento Pasión y Gestión,≤100
1627857327299323,María José Zochi,María José Zochi,≤100
100892468621020,Lisandro Álvarez,Lisandro Álvarez,≤100
120198131001312,Principios y Valores - 4ta Sección,Principios y Valores - 4ta Sección,≤100
103740369249125,El Provinciano,El Provinciano,≤100
113966001646171,Juan Pablo Poletti,Asociación Civil Crecer Santa Fe,≤100
238546219688035,Felipe Alvarez,Hay Futuro La Rioja,≤100
393161944463265,Christian A. Lopez,These ads ran without a disclaimer,≤100
109084304251350,Javier Pascale,Javier Pascale,≤100
156632527877846,Frente Social Comunitario,These ads ran without a disclaimer,≤100
1246840395341536,Organización Política Fe y Esperanza,Organización Política Fe y Esperanza,≤100
134557130216408,Jorge Jofré,Jorge Jofre,≤100
30141769587,InfoNegocios,InfoNegocios,≤100
1816841801965764,Patricia Werenicz,Patricia Werenicz,≤100
109078682040817,Rocío Herrera Precandidata Concejala 2023,Rocío Herrera Precandidata Concejala 2023,≤100
105070965806033,Académia épica,Académia épica,≤100
111637981320058,Productivismo - Política Argentina,Productivismo - Política Argentina,≤100
301839547070046,Ftv-Miles San Martin,These ads ran without a disclaimer,≤100
472833906836094,Adrián Castro,Adrián Castro,≤100
2192388474354768,Martín Cerdá,Martín Cerdá,≤100
643407879434147,Ariel Rodaz,Ariel Rodaz,≤100
109645541904224,lilyffigueredo,These ads ran without a disclaimer,≤100
105455288953338,Esto es Boca,Esto es Boca,≤100
108924335515131,Escuela Justicialista Néstor Kirchner,Escuela Justicialista Néstor Kirchner,≤100
193671924033178,El Argentino,Estudio AMBA SRL,≤100
102056511679155,José Voytenco,UATRE,≤100
397862603671761,Maria de los Angeles Sacnun,Maria de los Angeles Sacnun,≤100
636160423513968,Natalia Armas Belavi,Prensa ARMAS BELAVI,≤100
104919122026034,Revolución,Revolución,≤100
857382087671921,Maxi Abad,radicalesorg,≤100
119518424464209,Recuperar Lanús,Recuperar Lanús,≤100
100306493900806,Carla Bertero,Carla Bertero,≤100
104358815744949,Hurlingham Post,Hurlingham Post,≤100
316056528999754,Periodistas x el planeta,Periodistas por el Planeta,≤100
1405120706440456,Conclusión,Diario Conclusión,≤100
514765002204911,Nacho Laurenti,Nacho Laurenti,≤100
133937418577537,Utopia Urbana,Utopía Urbana,≤100
100272671672857,Carlos Cisneros,Carlos Cisneros,≤100
102858281496444,Argentinos hoy,Argentinos hoy,≤100
114865114991358,Daniel Sosa,These ads ran without a disclaimer,≤100
110734320572006,Facu Ferraris,Facu Ferraris,≤100
104046341137293,Panorama Pais,Panorama Pais,≤100
2071923956375016,Espartaco Massucco Guarrochena,Espartaco Massucco Guarrochena,≤100
710550705733601,Izquierda Socialista Rosario FIT-U,Frente de Izquierda,≤100
1592347714335353,Marina Magnani,Unidad Ciudadana Rosario,≤100
106159589201526,La Lupa Noticias,La Lupa Noticias,≤100
101673378015007,Rio Segundo Municipalidad,Rio Segundo Municipalidad,≤100
108400738942107,Martín Schlieper,These ads ran without a disclaimer,≤100
428179387610545,Agenda Malvinas,Agenda Malvinas,≤100
101370626319840,Ceci Martínez 2023,Ceci Martínez 2023,≤100
108284437430328,Claudia Loyola,Claudia Loyola,≤100
112603888485955,Marcelo Cerutti,These ads ran without a disclaimer,≤100
113384436026702,Caren Tepp,Ciudad Futura,≤100
100170225344405,Elijo Hacer San Genaro,Elijo Hacer San Genaro,≤100
810080482399261,Striptease del Poder,Striptease del Poder,≤100
458171371038290,Hernán Porta,Hernán Porta,≤100
103542869337394,NICO Morán 2023,NICO Morán 2023,≤100
858677804173509,Confederacion Intercooperativa Coninagro,Confederacion Intercooperativa Coninagro,≤100
107022228690687,Jornada Nacional,Jornada Nacional,≤100
967512253279966,Martin Medrano,Martin Medrano,≤100
105641058350410,Lista 9,Lista 9,≤100
1895575600722115,Carlos Alesandri OK,Carlos Alesandri OK,≤100
348498375215969,Ricardo Buryaile,Ricardo Buryaile,≤100
177720598950247,La Ciudad Desnuda,La Ciudad Desnuda,≤100
465558466800210,Maxi Pullaro,Unidos para Cambiar Santa Fe,≤100
2312642275430131,Damián Unibaso,Damián Unibaso,≤100
879309195515695,Jacinto López,Jacinto López,≤100
106083184630491,Revista Liberación,Revista Liberación,≤100
233734300112003,Juan Monteverde,Ciudad Futura,≤100
111861571438303,Gastón Garofalo,Gastón Garofalo,≤100
103198725244964,El Turkito De La Gente 2,These ads ran without a disclaimer,≤100
110121305435227,Arriba Chubut El Hoyo,Nuevoencuentroelhoyo,≤100
1647815162147101,Juan Pablo Allan,Juan Pablo Allan,≤100
117692951315552,Silvina Cian,Silvina Rita Cian,≤100
107796462136638,La República Noticias,La República Noticias,≤100
111780541940514,Gustavo Rossi,Gustavo Rossi,≤100
101594852755793,El Bonaerense,El Bonaerense,≤100
101996084777901,Mariela Belski,Amnistía Internacional Argentina,≤100
100368139721473,La Libertad Avanza Azul,These ads ran without a disclaimer,≤100
1243208795706598,Diputado Eduardo Valdés,Diputado Eduardo Valdés,≤100
811490865528770,Guillermo Viñuales,Guillermo Viñuales,≤100
565548733496177,Álvaro González,Alvaro Gonzalez,≤100
102666962231020,Oscar Alfredo Montagni,Oscar Alfredo Montagni,≤100
337815293229963,Partido Solidario Rosario,Partido Solidario Rosario,≤100
178919202140944,Francisco Quintana,Francisco Quintana,≤100
1426373070912699,Cholila Online Portal de Noticias Digital,Cholila Online,≤100
470823029929134,Charo,These ads ran without a disclaimer,≤100
1767112223579356,Alejandrina Borgatta,Alejandrina Borgatta,≤100
294017310722101,Senador Dupont,These ads ran without a disclaimer,≤100
102433222864502,Paola Bagnera,Paola Bagnera,≤100
329479931020108,Elijo Hacer  -  Departamento San Jerónimo,Elijo Hacer  -  Departamento San Jerónimo,≤100
258546478015654,Laura Jure,Laura Jure,≤100
150275969728,Caminos Culturales,Caminos Culturales,≤100
782329781946678,Totoras para Todos,Totoras para Todos,≤100
153208645421931,Mario Jordan Diaz,Mario Jordan Diaz,≤100
114907878277631,UP Unidad Popular,UP Unidad Popular,≤100
302026917164016,Martín Oliva,Martín Oliva,≤100
103054299496218,Unión por la Patria Quilmes,Unión por la Patria - Quilmes,≤100
2345317912397528,Unión por la Patria - Azul,Unión por la Patria - Azul,≤100
219074291500100,Hugo Marcucci,Hugo Marcucci,≤100
110259988689626,La Libertad Avanza Azul,These ads ran without a disclaimer,≤100
105349592566171,José Bilbao Diputado/Carlos Palacios Dip Provincial Suplente por distrito.,José Bilbao Diputado/Carlos Palacios Dip Provincial Suplente por distrito.,≤100
104763632657036,Nicolas Carotti,Nicolas Carotti,≤100
1411619385531116,Martin Carnaghi,Martin Carnaghi,≤100
1537272609637659,Leandro Ugartemendia,Leandro Ugartemendia,≤100
433136076759972,Edhasa Argentina,Edhasa Argentina,≤100
105166494637599,Tres60.travel,Tres60.travel,≤100
110582595389911,Christian Fassi,Christian Fassi,≤100
418021931693365,Hugo Jesús Rasetto,Hugo Jesús Rasetto,≤100
142936271236222,Es Juntos Colón,Es Juntos Colón,≤100
1702262799853946,José Luis Walser,José Luis Walser,≤100
106809542339751,Juan Pablo Chiesa,Juan Pablo Chiesa,≤100
111025936935617,Nicolás Slimel,Nicolás Slimel,≤100
641040419401507,Amsafe La Capital,Amsafe La Capital,≤100
224664274665385,Pame cocco,Pame cocco,≤100
105706365777014,El Ojo Liberal de Hurlingham,El Ojo Liberal de Hurlingham,≤100
1431478870275226,Marcha del Orgullo,Federación Argentina LGBT+,≤100
106729661140632,Andino 2030,Andino 2030,≤100
1635790410050010,Josefina Mendoza,Josefina Mendoza,≤100
102795885694138,milokibullz,These ads ran without a disclaimer,≤100
107756041807121,oxfam_es,These ads ran without a disclaimer,≤100
316667995124531,Banco Centroamericano de Integración Económica - BCIE,These ads ran without a disclaimer,≤100
1455800044723538,B Corp Spain,These ads ran without a disclaimer,≤100