﻿Page ID,Page name,Disclaimer,Amount spent (EUR)
255990845327431,Левица,Левица / E majta / Levica,≤100
101519168409673,Dimitar Kovacevski,СДСМ,≤100
400497373674524,СамоПрашај.мк,Institut za komunikaciski studii,≤100
102860779377395,Само кажувам,Само кажувам,≤100
1482737048633478,Институт за комуникациски студии ИКС / Institute of Communication Studies,Институт за комуникациски студии,≤100
192483774872658,Демократи,Демократи,≤100
1094158057369124,Stefan Bogoev,Стефан Богоев,≤100
1677572455714659,Јорго Огненовски,Jorgo Ognenovski,≤100
335085593528267,Sloboden Pecat,Sloboden Pecat,≤100
265923520249124,Иван Стоилковић,Miroslav Tričković,≤100
100746718435265,Fatmir Bytyqi,Fatmir Bytyqi,≤100
111589528018591,Parliament Support Programme,Parliament Support Programme,≤100
971176269757392,Дома,Институт за комуникациски студии ИКС / Institute of Communication Studies,≤100
106175234344995,Зоран Коцевски,Zoran Kocevski,≤100
292855120912435,Мета - новинска агенција,Metamorphosis Foundation,≤100
102120379270858,Rikardo Sali - Pretsedatel na CDU,Rikardo Sali - Pretsedatel na CDU,≤100
191683947531941,medium.edu.mk,Институт за комуникациски студии,≤100
107045155399432,CDU-Centralna Demokratska Unija,CDU-Centralna Demokratska Unija,≤100
196420997043730,ДОМ,ДОМ,≤100
101754962766151,Рацин.мк,Рацин.мк,≤100
1723716297849902,Ljupcho Nikolovski,Ljupcho Nikolovski,≤100
454462491290302,Maja Morachanin,ДОМ,≤100
164829683652900,Faktor.mk,Faktor.mk,≤100
112078058485581,Mr. Driton Nebiu - Мр. Дритон Небиу,These ads ran without a disclaimer,≤100
284370804968723,"Croatian service, China radio International",These ads ran without a disclaimer,≤100
1399933563560497,"Romanian Service, China Radio International",These ads ran without a disclaimer,≤100