﻿Page ID,Page name,Disclaimer,Amount spent (TRY)
100964136258105,Erdoğan Çiftcioğlu,Erdoğan Çiftcioğlu,≤100
839363442860590,Dr. Mustafa Canbey,Mustafa Canbey,≤100
122193617537005,Haberettr,HABERET MEDYA AJANSI VE PRODÜKSİYON LİMİTED ŞİRKETİ,≤100
100701695747178,Usta Kasap,Şenpiliç Gıda Sanayi A.Ş.,≤100
111162852275902,Uluslararası Af Örgütü Türkiye Şubesi,Uluslararası Af Örgütü Türkiye Şubesi,≤100
505757142770713,Rönesans Holding,Rönesans Holding Anonim Şirketi,≤100
103455542772773,Serbest Parti,Rahmi Mete Ay,≤100
163370640412446,Bursa,Sosyal TV,≤100
226410901315304,Areda Survey,Areda Survey,≤100
1439683329600228,Ümit Uysal,Ümit Uysal,≤100
872708822810003,Kadirli Belediyesi,Omer Tarhan,≤100
199303673445174,Setur,These ads ran without a disclaimer,≤100
1776545895921237,Nedersiniz,Nedersiniz,≤100
187078624636671,Mesaj TV,Mehmet Erkul,≤100
111917151872313,Ergün Tekin,Ergün Tekin,≤100
120266711045676,Başka Açıdan Tv,Başka Açıdan TV,≤100
162426093833308,Fransızca Öğreniyorum,These ads ran without a disclaimer,≤100
108855465479915,HHA Yerel Gündem,Resul Mesut Büyüksarı,≤100
105864635840512,astrokora,These ads ran without a disclaimer,≤100
815048841929079,M. Ergün Turan,M. Ergün Turan,≤100
101315571670453,Webagron Tarımsal İçerik Platformu,Webagron Tarımsal İçerik Platformu,≤100
100665102848993,Gün Gün Kurtuluş,İlker  Tanrıverdi,≤100
108552928182311,Al Sancak Partisi,Nuri Çelebi,≤100
109898938800811,Gündem Haber,Ahmet Çetin Türkyener,≤100
859068110835225,Sedat Sözlü,These ads ran without a disclaimer,≤100
113944458195273,Rahmi Mete AY,Rahmi Mete Ay,≤100
111589081920420,Kadınların Gücü,Kurumsal Reklam,≤100
459314071262613,Zeynettin Aydın,Zeynettin Aydın,≤100
101760022372875,omerfarukalpdogan,These ads ran without a disclaimer,≤100
101647438616294,Sertaç Alkaya,These ads ran without a disclaimer,≤100
112868328334173,Turgut Özal,Rahmi Mete Ay,≤100
122810867483801,Dr. Öğr. Üyesi Ferhat Uslu,These ads ran without a disclaimer,≤100
2256740437921271,Uzundere Belediye Başkanı Hilmi Aktoprak,Hilmi Aktoprak,≤100
112124571928725,Onur Özkaya,Onur Özkaya,≤100
107276120819529,Halk Haber TV,SİRİUS REKLAM ORGANİZASYON SANAYİ VE TİCARET LİMİTED ŞİRKETİ,≤100
103400816031847,Halk Ajans,Sirius Reklam Organizasyon Sanayi ve Ticaret Ltd. Şti,≤100
791541570931021,CHT Medya,CHT Medya,≤100
161063617352762,AK Parti Zonguldak İl Başkanlığı,AK Parti Zonguldak İl Başkanlığı,≤100
104691722197784,صحيفة الاستقلال - العربية,صحيفة الاستقلال,≤100
210201242899593,Ayhan Demircioğlu,Ayhan Demicioglu,≤100
108390012832175,Fatih Akkentli,Fatih Akkentli,≤100
103635305942024,Adnan Kahveci,Rahmi Mete Ay,≤100
1695618027330117,Ensar Aytekin,Ensar Aytekin,≤100
104790481715851,ازجمله,Azjomle,≤100
115203036969497,Mehmet Yunus Seven,Mehmet Yunus Seven,≤100
117594301359783,ispirrtegenclik25,These ads ran without a disclaimer,≤100
113506495059583,Kadınların Reisi,Kurumsal Reklam,≤100
105716839182141,Köylü Kadın,Kurumsal Reklam,≤100
103599182728857,Doğru Adam,Kurumsal Reklam,≤100
108049655614131,Cumhurun Seçimi,Kurumsal Reklam,≤100
107545709054197,Spotless basin,These ads ran without a disclaimer,≤100
579634905542095,Venus Gestiee,These ads ran without a disclaimer,≤100
101301202607177,Finansal Gelişime,These ads ran without a disclaimer,≤100