﻿Page ID,Page name,Disclaimer,Amount spent (USD)
107164101598971,Président du Sénat Herimanana Razafimahefa,Nicole Zafimaroson,≤100
106282688304118,Discover Daxing,These ads ran without a disclaimer,≤100
1473321922884514,Chińskie Radio Międzynarodowe,These ads ran without a disclaimer,≤100
1439281819620732,AAENA Madagascar,AAENA Madagascar,≤100
1833872426859495,Ministère de l'Environnement et du Développement Durable,Ministère de l'Environnement et du Développement Durable,≤100