﻿Page ID,Page name,Disclaimer,Amount spent (USD),Number of ads in Library
100961755883465,Bright Msaka,Upile Jasiya Mkulumba,≤100,1
188842724507690,مفوضية اللاجئين,These ads ran without a disclaimer,≤100,2
106115675410815,Strangealien,These ads ran without a disclaimer,≤100,2
1587313088233587,Ideagen,These ads ran without a disclaimer,≤100,1
241664783089008,Xin,These ads ran without a disclaimer,≤100,1
223287104715778,Oxfam,These ads ran without a disclaimer,≤100,2
8002590959,Rainforest Action Network - RAN,These ads ran without a disclaimer,≤100,2
1744911689126391,12up,These ads ran without a disclaimer,≤100,2