﻿Page ID,Page name,Disclaimer,Amount spent (USD)
117281538350746,حزب التجمع الوطني للأحرار -Rassemblement National des Indépendants -RNI,Rassemblement National des Indépendants,≤100
147084112022235,La Nouvelle Tribune,La Nouvelle Tribune,≤100
107627395144123,الحكومة المغربية,الحكومة المغربية,≤100
1117512094962616,Ministère de l’Industrie et du Commerce,MCINET,≤100
578201022242371,MJCC وزارة الشباب والثقافة والتواصل,"Ministère de la Jeunesse, de la Culture et de la Communication",≤100
103180295526797,Ministère de l’Equipement et de l’Eau - وزارة التجهيز والماء,M Equipement Maroc,≤100
161637767281862,LE MATIN.ma,Groupe Le Matin,≤100
104513234397285,Aziz Akhannouch - عزيز أخنوش,Aziz Akhannouch,≤100
154738044667722,achamal24.ma,عثمان جمعون,≤100
104052469012390,Ma3lama - معلمة,aksolus,≤100
342946849393157,الواضح 24,الجوهري محسن,≤100
2065056783567420,Hespress Français,HESPRESS,≤100
101970812076593,Madar 21 مدار,Madar 21 مدار,≤100
123393171111656,Mehdi Bensaid   المهدي بنسعيد,Mohammed Mehdi Bensaid,≤100
738777416145406,The Agam Agenda,These ads ran without a disclaimer,≤100
1533466203629793,L'Union Féministe Libre - UFL - الاتحاد النسائي الحر,L'Union Féministe Libre - UFL - الاتحاد النسائي الحر,≤100
2038083569579593,Fondation Lafqui Titouani,Hicham Zamane,≤100
2065056783567420,Hespress Français,These ads ran without a disclaimer,≤100
305116906990763,Sahelia Solar Officiel,These ads ran without a disclaimer,≤100
102095808120498,AlMayadeen GO - GO الميادين,These ads ran without a disclaimer,≤100
316496640057,7iber,These ads ran without a disclaimer,≤100
104285022560765,bassam_trips,These ads ran without a disclaimer,≤100
492367411199418,Troll Politics - طرولات سياسية,trollpoliticsmorocco.com,≤100
103789762224168,Xender emmanuel the  Internet Analyst,These ads ran without a disclaimer,≤100
104458994617452,Claypots we are,These ads ran without a disclaimer,≤100
195884477489973,Stop Hunger,These ads ran without a disclaimer,≤100
104946538596646,Márcio Oliveira - Administração de Condomínios,These ads ran without a disclaimer,≤100
107094544290152,Dialogue Chine-France,These ads ran without a disclaimer,≤100