﻿Page ID,Page name,Disclaimer,Amount spent (THB)
345127652279503,มูลนิธิสากลเพื่อคนพิการ,มูลนิธิสากลเพื่อคนพิการ,1599
110325275488,efinanceThai,efinanceThai,602
105992549162758,ข่าวชีวิตติดกระแส,บริษัท เดนิส แอดส์ จำกัด,454
282963318728517,Abbott Nutrition Care,These ads ran without a disclaimer,328
100624122148338,โรงพยาบาลรวมใจรักษ์ สุขุมวิท 62 Ruamjairak Hospital Sukhumvit 62,โรงพยาบาลรวมใจรักษ์ สุขุมวิท 62 Ruamjairak Hospital Sukhumvit 62,256
101504656149099,Peace Sasipatra  - พีซ ศศิร์ภัทรา,Peace Sasipatra  - พีซ ศศิร์ภัทรา,207
33391900957,Positioning Magazine Online,These ads ran without a disclaimer,193
102523331737588,ตัวแทนประกันชีวิต/ประกันมรดก/ประกันสุขภาพ/เงินออม/ลดหย่อนภาษี by สิริรัตน์,These ads ran without a disclaimer,177
1105604039583762,Line One สว.นท. ขอเชิญส่งประวัติ ส่วนตัว องค์กร เพื่อเข้ารับรางวัลประจำปี,Line One สว.นท. ขอเชิญส่งประวัติ ส่วนตัว องค์กร เพื่อเข้ารับรางวัลประจำปี,170
106664485191987,EDGE Invest,EDGE Invest,154
538633149666112,กวีวงศ์ อยู่วิจิตร-บางนา พระโขนง พรรคเพื่อไทย,กวีวงศ์ อยู่วิจิตร-บางนา พระโขนง พรรคเพื่อไทย,109
104427797605274,พี่ต่อ ดร.เฉลิมชัย ศรีอ่อน “คำไหน-คำนั้น”,พี่ต่อ ดร.เฉลิมชัย ศรีอ่อน “คำไหน-คำนั้น”,≤100
110766468644579,อนันต์ ปรีดาสุทธิจิตต์,อนันต์ ปรีดาสุทธิจิตต์,≤100
1026888470835739,Prejapan88 ขนส่งสินค้าจากญี่ปุ่นมาไทย รับประมูล สั่งซื้อสินค้าญี่ปุ่นทุกเวป,These ads ran without a disclaimer,≤100
106804542303183,สำนักงานกฎหมายทนายใหญ่,สำนักงานกฎหมายทนายใหญ่,≤100
111341764925564,สำนักสนับสนุนการพัฒนาระบบสุขภาพ - สำนัก 7 สสส.,สำนักสนับสนุนการพัฒนาระบบสุขภาพ - สำนัก 7 สสส.,≤100
546416699215073,ห้องสื่อครูคอม,ห้องสื่อครูคอม,≤100
102895935319115,วิพุธ ศรีวะอุไร - Viput Srivaurai,วิพุธ ศรีวะอุไร - Viput Srivaurai,≤100
104414891596686,Studio Photo Story,These ads ran without a disclaimer,≤100
107612328588715,The Voters,The Voters,≤100
115922723434700,ครูเจพีสรุปย่อ for Teacher,ครูเจพีสรุปย่อ for Teacher,≤100
106407275804086,denisse_molina_rodriguez,These ads ran without a disclaimer,≤100
109787234788712,PanDa Aud V.1,These ads ran without a disclaimer,≤100
108153647407741,ธงพิมพ์ลาย by 4Asports.com,These ads ran without a disclaimer,≤100
159922167831053,ยังแฮปปี้ YoungHappy,These ads ran without a disclaimer,≤100
104393812499502,ชีทสรุปกฎหมาย สำหรับสอบราชการ พนักงานราชการ by.kantap,ชีทสรุปกฎหมาย สำหรับสอบราชการ พนักงานราชการ by.kantap,≤100
451864701523507,Infographic Thailand,Infographic Thailand,≤100
372491272866498,Otpthailand,Otpthailand,≤100
1656522581081253,CRAFT living BKK,These ads ran without a disclaimer,≤100
101940386112459,แบมบี้ แบมบู้ สินค้าราคาประหยัด,These ads ran without a disclaimer,≤100
107539654392167,เจริญพุทธา,These ads ran without a disclaimer,≤100
102837065348999,DiGi-CUBE,These ads ran without a disclaimer,≤100
333794970138725,Gen.Bunchon - บัญชร ชวาลศิลป์,Gen.Bunchon - บัญชร ชวาลศิลป์,≤100
101903785231136,นายกไก่กังวาล ศักดิ์ชัย พิศาลผล,นายกไก่กังวาล ศักดิ์ชัย พิศาลผล,≤100
100606729306061,เรียนรวม เรียนรู้กัน inclusive,These ads ran without a disclaimer,≤100
105478148774022,VR Clinic ศูนย์ศัลยกรรมด้านความงาม,These ads ran without a disclaimer,≤100
108723940847688,คนสร้างไม้,These ads ran without a disclaimer,≤100
115685634719300,FEEL GOOD SHOP,These ads ran without a disclaimer,≤100
109796898258877,จากใจถึงไต ห่างไกลเบาหวาน,These ads ran without a disclaimer,≤100
106028831878217,JW Clinic คลินิคผิวหนัง ความงาม,These ads ran without a disclaimer,≤100
102727698252082,Color sorter Thailand,These ads ran without a disclaimer,≤100
114914794432449,กฎหมายใช้สอบราชการ by Æ+,กฎหมายใช้สอบราชการ by Æ+,≤100
399981570093891,ฟริทซี Frit-c,These ads ran without a disclaimer,≤100
106936768510197,เต็นท์รถ ณัฏฐพล นครปฐม รถมือสอง คุณภาพดี ราคาถูก ฟรีดาว  ทุกคัน,These ads ran without a disclaimer,≤100
462909117451519,หนังสือดีบอกต่อ & TONI Bookstore,These ads ran without a disclaimer,≤100
186566861956617,"""เกลือจืด"" นายกดิษ ลดต้นทุนการผลิต คืนชีวิตให้แผ่นดิน",These ads ran without a disclaimer,≤100
103494969266163,Tech Investment Show,These ads ran without a disclaimer,≤100
111679394767549,المشروع القومي لمشتقات البلازما,These ads ran without a disclaimer,≤100
58691098550,Society of Petroleum Engineers,These ads ran without a disclaimer,≤100