﻿Page ID,Page name,Disclaimer,Amount spent (USD)
186219191586129,Salome Marin,Juan Jose Felix Saltos,≤100
106528934829729,Luis Amoroso Mora,Colectivo Ambato Bonito,≤100
770723709948618,Diana Caiza,Diana Caiza,≤100
118246898345710,Santiago Rivera,Santiago Israel  Rivera Pazmiño,≤100
2174951136066727,Amigos De John Vinueza,John Henry Vinueza Salinas,≤100
779788855474670,Ambato Noticias,AMBATO LIBERTAD,≤100
579594782228771,Anita Galarza RETO 33,Anita Galarza RETO 33,≤100
534076950410152,Rosa Belén Mayorga,Jorge Campozano,≤100
363247223714714,Ministerio Inclusión Económica Social Ecuador,MINISTERIO DE INCLUSION ECONOMICA Y SOCIAL,≤100
129803967052432,Consejo Nacional Electoral del Ecuador,Consejo Nacional Electoral del Ecuador,≤100
100374446181135,Jaime Astudillo,Leonardo Enrique Barona Ibarra,≤100
1375812332671028,EUDE Business School,These ads ran without a disclaimer,≤100
714677181953662,Cristian Zamora - Concejal de Cuenca,Cristian Zamora,≤100
140019043330175,Oscar Ayerve,Oscar Rene Ayerve Rosas,≤100
1432234103690096,Jorge Acaiturri,Jorge Enrique Acaiturri Villa Varas,≤100
2221570604786246,Primicias,Primicias,≤100
490923677975062,Viviana Olivares,Luis Alberto Alvarado Mendoza,≤100
108657847619569,Goberna Ecuador,Goberna Ecuador,≤100
965218816913719,Producciones Román,Manuel Alejandro Roman Loor,≤100
112936528267837,Polo Lascano,Jair Rafael Vega Freire,≤100
101056676141616,Asesoría Política - Goberna Ecuador,Goberna Ecuador S.A.S,≤100
105539772365757,Mentordemy,Mentordemy,≤100
132233354245724,Werner YELA,Julio Adrian Yela Barzola,≤100
354321348719500,Pablo Arias Amaya,Jhonatan Arias Llerena,≤100
102868228794800,Melina Villacrés,Melina Villacres,≤100
484506634996640,Fredy Altamirano Alcalde,Romina Elizabeth Villamarín Zaragocín,≤100
104517179082053,Leonidas Padilla,These ads ran without a disclaimer,≤100
576881912409334,Marco Troya - Oficial,Marco Troya,≤100
292561387945726,Dr. Martín Villalva,Edison Martín Villalva  Fuentes,≤100
2242863795972326,Fredy Estevez,These ads ran without a disclaimer,≤100
616405925438411,GAD Municipal de El Empalme,Javier Guato Macias,≤100
102823644882450,Pedro Pablo Moran 2023,Pedro Pablo Moran Marchan,≤100
107032825476064,Fernanda Quinaluisa - Mejía 2023,Fernanda Quinaluisa - Mejía 2023,≤100
102791622623166,Freddy Mora Prefecto,Christopher Jair Astudillo Mayorga,≤100
772770099770549,Viviana Veloz,Edwin Santiago Oña,≤100
189474325001666,Estefany Chica,Estefany Chica,≤100
117237589684873,Coalición Independencia,Álex Xavier Medina Urquizo,≤100
102102762640516,Andrea Onofre Correa,Andreapaola Onofre Correa,≤100
175714949929700,Martha Toapanta,Martha Toapanta,≤100
100786745033316,Ronny Garcia,Aurik Rosario Tobar Santos,≤100
105309504729982,Lourdes Garzón,Lourdes Magdalena Garzón Tito,≤100
110750258496006,Aldo Intriago Macias concejal rural,Aldo Intriago,≤100
788384531282129,Rossana Cevallos,Jessica Veronica Bravo Bravo,≤100
104837272391140,Edison Gaibor,Edison Gaibor Mora,≤100
104235201553991,Joselito Arguello Saltos,Edgar Joselito Arguello Saltos,≤100
131602424169035,Oxfam en Español,These ads ran without a disclaimer,≤100
430342697166077,Abraham Freire Paz,Yerimar Moya Tenelema,≤100
106360285419022,Jimmy Valverde Peláez,Jimmy Cristhian Valverde Peláez,≤100