﻿Page ID,Page name,Disclaimer,Amount spent (USD)
2003953506544982,ائتلاف النصر,Ahmed Abdulkareem Shihab Alwandi,≤100
109558980788677,جماهير محمد الحلبوسي,TQ Media,≤100
381497365537157,R.C.D مركز الرافدين للحوار,R.C.D مركز الرافدين للحوار,≤100
103148919323302,Mosul.net,Mosul.net,≤100
105984437772729,صوت الموصل الحر,These ads ran without a disclaimer,≤100
399110903587431,دژه تیرۆری کوردستان Kurdistan CT,ASO,≤100
102687942750312,Wagon,Wagon,≤100
108448645342531,BAZ PLUS,BAZ PLUS,≤100
100173678362634,يردلي تحارب الفساد,These ads ran without a disclaimer,≤100
108153498939891,Mohammed Abdulhammed,Mohammed Abdulhammed,≤100
104340502161086,الجمهورية الرابعة,JIBALLCO,≤100
103144369375694,اعمار نينوى,اعمار نينوى,≤100
111995495119585,شبكة صلاح الدين,شبكة صلاح الدين,≤100
102926700207592,Baghdad News,Baghdad News,≤100
199619564219576,مركز الرافدين للحوار R.C.D - العلاقات العامة,R.C.D مركز الرافدين للحوار,≤100
157533901579726,راكان سعيد الجبوري,أبرأهيم سعيد,≤100
638540889641531,Xwakurk  - خواكورك,Xwakurk  - خواكورك,≤100
276686282715100,وزارة العدل العراقية,Wahab Mohammed,≤100
1763625873685085,محمد ابزر        Mohamed Abzar,محمد ابزر,≤100
267078350122003,الدكتور ماجد شنكالي,الدكتور ماجد شنكالي,≤100
143435839066780,د.خالد شواني,Dashti Salam Saeed,≤100
1812321035741592,COC Media,Civilan Organization for Community Media,≤100
234315270085663,Yerdili - يردلي,JIBALL,≤100
851066974942822,الكرمة مدينتي Alkrmt Madinatay,ايمن محمد,≤100
115373991478024,هادي العامري - المكتب الإعلامي,هادي العامري - المكتب الإعلامي,≤100
204803838632,Haider Al-Abadi,Ahmed Abdulkareem Shihab Alwandi,≤100
103897361202668,فخر الغربية,TQ Media,≤100
1795382547357634,یەکێتیی نیشتمانیی کوردستان مەکتەبی سیاسی/کەرکوک,یەکێتیی نیشتمانیی کوردستان مەکتەبی سیاسی/کەرکوک,≤100
116524261377273,القرار بوست,القرار بوست,≤100
114491311536369,Mil-ميل,Mil-ميل,≤100
335087470495241,Bra Gawra برا گەورە,Diyar Hamad,≤100
1516038978644072,جوزيف صليوا Joseph Sylawa,These ads ran without a disclaimer,≤100
102686885395256,مشاريع محافظة المثنى,Salim Challab Hwaidi,≤100
108795692206179,حكومة السوداني,Ali Qasim,≤100
871659792906041,الحضارات,الحضارات,≤100
754878457919560,النائب عادل خميس المحلاوي,مصطفى ريكان عجيل,≤100
118147190026744,دەنگێ بەھدینان Dengê Behdinan,dengebehdinan.net,≤100
105349854354740,موسوعة الرافدين الإخبارية,موسوعة الرافدين الإخبارية,≤100
945981242085442,المهندس محمد شياع السوداني,البرلماني,≤100
110735054899289,Lapere,Lapere,≤100
355786234434317,Pshtiwan Sadq,Shwan Azeez Ismail,≤100
424733244779035,KURD,KURD,≤100
109661825323206,الشيخ مريوان الهموندي,محمد طه محمد,≤100
388904618235487,المرصاد برس,المرصاد برس,≤100
100752309265231,اعلام الشيخ علي الشاهين الحديدي,Zaid N Al-zaro,≤100
109819321970738,ڕۆژنیوز  Rojnews,ڕۆژنیوز  Rojnews,≤100
156490947738645,وزارة الصحة العراقية,وزارة الصحة العراقية,≤100
103530487665500,نور الماجد,Noori Alaa,≤100
1467421263528149,Iraqi Private Banks League رابطة المصارف الخاصة في العراق IPBL,Iraqi Private Banks League,≤100
112675444991226,وزير الفقراء,علي محمد اسماعيل,≤100
1361588403951717,Dosti Ahmed Musa,Dosti Ahmed Musa,≤100
100210256052830,Observer Iraq عراق اوبزيرفر,Observer Iraq عراق اوبزيرفر,≤100
105422902310482,964عربي,964Media,≤100
410955025598602,Harem Kamal Agha,Abdullah Hamad,≤100
335161733930749,محافظة المثنى,Salim Challab Hwaidi,≤100
1298625980153968,Tech 4 Peace التقنية من اجل السلام,Tech For Peace,≤100
102310714635446,احمد الذواق,احمد الذواق,≤100
153625384750967,Pawan Tatar,Pawan Tatar Tawfiq,≤100
302342846473745,Kurdistan TV,kurdistantv,≤100
1645579309026374,جاي خانة كرخ ورصافة,جاي خانة كرخ ورصافة,≤100
101834821974169,Salar Sarhad Khalifa  سالار لالە سەرحەد,Salar Sarhad Khalifa  سالار لالە سەرحەد,≤100
101859606204759,وزير دولة خدمات,Wahab Mohammed Ghazi,≤100
422107591268917,شروكي وافتخر,زيد محمد شيحان,≤100
418944648163190,باقر جبر الزبيدي,حيدر العامري,≤100
563523023665939,KurdistanPress,kurdistanpress.net,≤100
136517036537211,مەڵبەندی سلێمانی یەكگرتوو,kurdiu,≤100
585609641479524,مانامیدیا,مانامیدیا,≤100
1951151558245122,Karwan Gaznay,Karwan Gaznay,≤100
102213691670920,إقتصاديون,عدي صادق العلوي,≤100
103560309271906,کتلة الحزب الديمقراطي الكوردستاني في مجلس النواب العراقي,کتلة الحزب الديمقراطي الكوردستاني في مجلس النواب العراقي,≤100
102948571453586,الانبار خيمتنا,jibalco,≤100
390577224661893,النائب علي جاسم الحميداوي,النائب علي جاسم الحميداوي,≤100
124905207196086,بتوقيت العاصمة,Wahab Mohammed Ghazi,≤100
104114729018274,ديوان قبيلة الهموند في كركوك,ديوان قبيلة الهموند في كركوك,≤100
754898164888670,الحملة الوطنية لتعديل المادة ٥٧ احكام الحضانة,الحملة الوطنية لتعديل المادة ٥٧ احكام الحضانة,≤100
115052014874181,الاعلامي ماهر موحي -maher moih,الاعلامي ماهر موحي -maher moih,≤100
107128119006927,مشروع حكومة,Wahab Mohammed Ghazi,≤100
105916454238981,Rifaat smo rasho - رفعت سمو رشو,Rifaat Smo Rasho,≤100
104087085980868,بتوقيت كركوك,Wahab Mohammed Ghazi,≤100
110343165079789,قاف QAF,These ads ran without a disclaimer,≤100
102293958597480,حركة إنجاز,حيدر العامري,≤100
341118959242786,بزوتنەوەی گۆڕان Gorran Movement,بزوتنەوەی گۆڕان Gorran Movement,≤100
1816623088651940,مشرق الفريجي,مشرق الفريجي,≤100
115098733693590,سلام الشمري,Mohammed Aqeel Hasan,≤100
108314488369210,Dr. Muhannad Al-khazraji / د.مهند الـخزرجي,Ahmed Alzobidy,≤100
623269431104113,المعهد الوطني لحقوق الانسان,Sameer Nooruldeen Hasan,≤100
106593577812125,Tîr تير,Tîr تير,≤100
107938522281885,واحد نفط,These ads ran without a disclaimer,≤100
474047392637397,لقى 16 ى پارتى دیموكراتى كوردستان,Krmanj S. Jabar,≤100
112416568138364,Al Mashhad المشهد,These ads ran without a disclaimer,≤100
126235303730857,خان خورما,Wahab Mohammed Ghazi,≤100
2200025410238656,مركز نداء الرافدين للبحوث والدراسات الإستراتيجية,مركز نداء الرافدين للبحوث والدراسات الإستراتيجية,≤100
407001929890342,الاعلامي بهاء المستشار,الاعلامي بهاء المستشار,≤100
175590267993,Al Majalla,These ads ran without a disclaimer,≤100
1434120716833949,Karim Shkur-ملاکریم,Karim Shkur-ملاکریم,≤100
102119931136710,ژووری بازرگانی و پیشەسازی هەڵەبجە,Kizhan Baqi Hama Amin,≤100
122257339172377,حزب تقدم,حزب تقدم,≤100
114111234918913,Mana Media::مانامیدیا,Mana Media::مانامیدیا,≤100
119288358266240,Sebar Media,Sebar Media,≤100
110532431643964,مەڵبەندی۳ی هەولێر,Mohammed Majeed,≤100
492511684171110,الغد برس,الغد,≤100
104350344238574,بصرة طويسة,عثمان شمران,≤100
310379295673630,Yousif Mohammed Sadiq,Yousif Mohammed Sadiq,≤100
103975731191844,حيدر العامري,حيدر العامري,≤100
330284551010571,Rp News - اذاعة الرأي العام,اذاعة الرأي العام,≤100
203265660007239,الزعيم,الزعيم,≤100
507455680076672,البصرة-albasra,علي محمد اسماعيل,≤100
105791002482783,هور,مصطفى جبار,≤100
382364165660465,عادل فرج الحلبوسي,عادل فرج الحلبوسي,≤100
105835761935325,حسين العوادي,These ads ran without a disclaimer,≤100
924680407566652,لقی١٩ی پارتی دیموکراتی کوردستان,لقی١٩ی پارتی دیموکراتی کوردستان,≤100
626981910705310,بەڕێوەبەرایەتی گشتی چاودێری و گەشەپێدانی کۆمەڵایەتی-ھەولێر,Ramyar Jawad Jalal,≤100
363666204290981,حراك النهروان للتظاهرات الشعبية,حراك النهروان للتظاهرات الشعبية,≤100
474239689335896,Omar Gulpi,Omar Abdullah Fattah,≤100
142329112477770,البنك الدولي,These ads ran without a disclaimer,≤100
100437088527453,احمد رشيد السلماني,احمد رشيد السلماني,≤100
320087158680020,المفوضية العليا المستقلة للانتخابات / مكتب السليمانية,المفوضية العليا المستقلة للانتخابات / مكتب السليمانية,≤100
101178325659533,مركز الرشيد Al-Rasheed Center,Ziyad Tariq,≤100
100718729559772,مەکتەبی ڕێکخستنی پارێزگای سلێمانی ـ هەلەبجە ـ ڕاپەرین پ.د.ک,Rawand Mziri,≤100
102682039247529,الیقین,barqnews,≤100
1429071667366733,Iraqi Observatory for Human Rights - المرصد العراقي لحقوق الإنسان,Iraqi Observatory for Human Rights - المرصد العراقي لحقوق الإنسان,≤100
103855421242452,ترند الانبار,ترند الانبار,≤100
112805336829620,حجاية وستوتة,jiball,≤100
1872920402962055,جنة الأسعار للتسوق المنزلي الألكتروني,These ads ran without a disclaimer,≤100
1960687214155123,بەیار عومەر عەبدوڵا Bayar Omar Abdullah,Bayar Omar Abdullah,≤100
316496640057,7iber,These ads ran without a disclaimer,≤100
565225540184937,CGTN,These ads ran without a disclaimer,≤100
107713992218075,الشرق العراقي,الشرق العراقي,≤100
242372453073512,كمال يلدو - اضواء على العراق,These ads ran without a disclaimer,≤100
1635087666704849,Srwa Abdulwahid Qadir,نەوەی نوی,≤100
697726583750512,الخيمة - Alkhaima,عثمان شمران,≤100
147395431960673,من یەکێتی نیشتمانی کوردستانم,من یەکێتی نیشتمانی کوردستانم,≤100
110035949016294,Masrour Barzani,ASO,≤100
596682987134503,وزارة النقل العراقية,همام صفاء الصالحي,≤100
112378684777484,قناة واحد نجف,ازهر رعد قاسم,≤100
110514884994410,الواجهة +,الواجهة +,≤100
101088546158554,پوک میدیا,PUKMEDIA Official,≤100
426799224176976,Ebenezer is Marketing,These ads ran without a disclaimer,≤100
224597158386607,Rosa Luxemburg Foundation,These ads ran without a disclaimer,≤100