﻿Page ID,Page name,Disclaimer,Amount spent (USD)
106706452361834,Mike Johnston: Detailed Plans for Denver,Advancing Denver,1634
113891694102,Energy Citizens,AMERICAN PETROLEUM INSTITUTE,1435
122258358636926,Sound of Freedom Movie,"Sound of Freedom, LLC",1251
19972147679,SEIU,SEIU,1096
239452426714,American Action Network,American Action Network,970
111515841026178,Counterspark,"Counterspark, Inc.",966
851220855030432,J.P. Morgan,"JPMORGAN CHASE BANK, NA",634
215653202574079,Future Majority,"Future Majority, Inc",599
164389698861,Appalachian Voices,APPALACHIAN VOICES,531
1376465702586897,Coloradans for Responsible Energy Development,Coloradans for Responsible Energy Development,521
100364185463048,Angel Studios,"Angel Studios, Inc.",477
172758932738142,PhRMA,PHARMACEUTICAL RESEARCH AND MANUFACTURERS OF AMERICA,350
473191156175163,EDF Action,Environmental Defense Action Fund,320
201063187169996,COLOR Action Fund,COLOR Action Fund,299
159658557547960,Wall Street Journal Opinion,The Wall Street Journal,295
156802024655451,Colorado Care Workers Unite,Colorado Care Workers Unite,283
103766225640972,Darrell Watson for Denver,Watson for Denver,270
19972147679,SEIU,SEIU COPE (SERVICE EMPLOYEES INTERNATIONAL UNION COMMITTEE ON POLITICAL EDUCATION),252
166548730048007,Planned Parenthood Votes Colorado,Planned Parenthood Votes Colorado,248
145452432841937,Candi CdeBaca,Candi for Council,235
10128918116,Gavin Newsom,Campaign for Democracy PAC,214
112040085538227,Denver Elections,Denver Elections Division,174
18982436812,ACLU,American Civil Liberties Union,173
122791001191184,Colorado Office of Economic Development and International Trade,Colorado Office of Economic Development and International Trade,172
103875099042033,DailyWire+,The Daily Wire,163
11791104453,NRDC,Natural Resources Defense Council,162
361379030380,Centennial Institute,Centennial Institute,151
106244251043808,America's Plastic Makers,"AMERICAN CHEMISTRY COUNCIL, INC.",146
120945717945722,Uber,Uber,141
107581521979054,Help For Our Seniors,Help For Our Seniors,134
76470053424,TIAA,TEACHERS INSURANCE AND ANNUITY ASSOCIATION OF AMERICA,126
114008535880,Foundation for Individual Rights and Expression,FOUNDATION FOR INDIVIDUAL RIGHTS IN EDUCATION,121
342294162453301,Planned Parenthood,Planned Parenthood Federation of America,119
103628476063456,Secure Legacy Financial,Ronnie Emad Salem,119
428821014132730,Katie Porter,KATIE PORTER FOR SENATE,110
57259033959,AARP,AARP,≤100
6041057841,The Humane Society of the United States,"HUMANE SOCIETY OF THE UNITED STATES, THE",≤100
18709174006,National Audubon Society,"NATIONAL AUDUBON SOCIETY, INC.",≤100
92925746942,Judicial Watch,Judicial Watch,≤100
570092813023833,Matt Walsh,The Daily Wire,≤100
7860876103,Joe Biden,BIDEN VICTORY FUND,≤100
6514736316,Walden University,Walden University,≤100
2003006189814517,Rep. Jason Crow,Office of Rep. Jason Crow,≤100
592707041080920,Stand Together,Stand Together Chamber of Commerce Inc.,≤100
1461100540775171,The Tuttle Twins,LIBERTAS INSTITUTE,≤100
8492293163,Environmental Defense Fund,Environmental Defense Fund,≤100
103886259329726,US Loan Center,US Loan Center Advantage,≤100
421172487894957,Together Colorado,TOGETHER COLORADO,≤100
100650352666001,Saving Made Easy,GCL Company LLC,≤100
203197030603239,8 Billion Trees,8 Billion Trees LLC,≤100
12375354406,USO,United Service Organizations,≤100
104507259139090,Great American World,Great American World,≤100
42940254353,Human Rights Watch,"HUMAN RIGHTS WATCH, INC.",≤100
100572019601240,U.S. Rep Brittany Pettersen,Rep. Brittany Pettersen,≤100
72931140459,Center for Biological Diversity,"CENTER FOR BIOLOGICAL DIVERSITY, INC.",≤100
140357056032320,NEA Today,National Education Association,≤100
106005469131512,Elise Goggin,Committee to Elect Elise Goggin,≤100
7341997111,Conservation International,Conservation International with Facebook Ad Credits,≤100
318196171580489,Ron DeSantis,Ron DeSantis for President,≤100
15771560300,Earthjustice,EARTHJUSTICE,≤100
2338107329746061,Colorado Department of the Treasury,Colorado Department of Treasury,≤100
103807629149771,Working Forests Initiative,"WORKING FOREST INITIATIVE, INC.",≤100
104394262049761,Jeremy's Razors,The Daily Wire,≤100
7192716362,Amnesty International USA,"AMNESTY INTERNATIONAL OF THE U. S. A., INC.",≤100
267180743723148,National Geographic Society,National Geographic Society,≤100
109092142462587,Adam Schiff,SCHIFF FOR SENATE,≤100
148731991811588,Baird,Robert W. Baird & Co. Incorporated,≤100
103375628943529,Adam Frisch,Adam for Colorado,≤100
2353537341582545,Proud Patriots,Proud Patriots,≤100
105323769203801,Jen Magnuson for EEA District 6,Jen Magnuson for Empire Electric,≤100
8501031021,VoteVets.org,VOTEVETS,≤100
30139072158,CARE,CARE,≤100
7341997111,Conservation International,Conservation International,≤100
7292655492,MoveOn,MOVEON.ORG POLITICAL ACTION,≤100
25852730092,Care2,"Care2.com, Inc",≤100
196191740408148,Liquid Energy Pipeline Association,Liquid Energy Pipeline Association,≤100
104817915172472,Break The Asthma Cycle,These ads ran without a disclaimer,≤100
104760636770,Vera Institute of Justice,Vera Institute of Justice,≤100
108312585488239,"Guide Our Growth, Timnath","Guide Our Growth - Jacque Wilson, Registered Agent",≤100
102622532811330,Resign DPS,Resign DPS Board,≤100
105510585739507,The Great Colorado Payback: Colorado's Unclaimed Property,The Great Colorado Payback: Colorado's Unclaimed Property,≤100
24470472733,The Trevor Project,The Trevor Project,≤100
780941275347834,Ilhan Omar,ILHAN FOR CONGRESS,≤100
7030901126,Campaign for Tobacco-Free Kids,Campaign for Tobacco-Free Kids,≤100
772173962808066,Pitkin County Landfill,Pitkin County Solid Waste Center,≤100
110760567192804,Ark Valley Energy Future,Ark Valley Energy Future,≤100
5720973755,Defenders of Wildlife,DEFENDERS OF WILDLIFE,≤100
702582586516561,CBN Israel,The Christian Broadcasting Network,≤100
21492729544,Catholic Relief Services,CATHOLIC RELIEF SERVICES - UNITED STATES CONFERENCE OF CATHOLIC BISHOPS,≤100
106925294739244,Advancing American Freedom,Advancing American Freedom Inc,≤100
243184199040637,Caring Across Generations,Caring Across Generations,≤100
106583555450073,Bidencare Health Plans,Obamacareplans,≤100
6266829799,Sherrod Brown,FRIENDS OF SHERROD BROWN,≤100
197760674021143,Indivisible Guide,INDIVISIBLE ACTION,≤100
354377577952993,SEIU Local 105,SERVICE EMPLOYEES INTERNATIONAL UNION LOCAL 105,≤100
110442961603215,Yikes Today,Yikes Today,≤100
19554217292,American Heart Association: You're the Cure,American Heart Association,≤100
38471053686,Elizabeth Warren,"WARREN FOR SENATE, INC.",≤100
110214011784161,Global America Center,Global America Center,≤100
226564227804608,Kyra deGruy Kennedy for State Representative,Kyra for Colorado,≤100
6204742571,Sierra Club,SIERRA CLUB,≤100
103912059097010,One Real American,One Real American,≤100
154561574598964,White Coat Waste Project,THE WHITE COAT WASTE PROJECT INC,≤100
100346689495660,Pete's Pranks,Petes Pranks,≤100
385473284886474,Hillsdale College,Hillsdale College,≤100
69983322463,Ted Cruz,TED CRUZ FOR SENATE,≤100
163148530407080,Captain Mark Kelly,MARK KELLY FOR SENATE,≤100
13885075114,Action Against Hunger USA,ACTION AGAINST HUNGER - USA,≤100
102732588405790,Be The Change Community School,BE THE CHANGE PROGRAM INC,≤100
1470540296409810,Fair Fight Action,FAIR FIGHT,≤100
100403528653081,Punchbowl News,Punchbowl News,≤100
8325302025,Friends of the Earth U.S.,Friends of the Earth,≤100
665345483483486,NRA - National Rifle Association of America,NATIONAL RIFLE ASSN OF AMERICA,≤100
45393753416,Alliance Defending Freedom,Alliance Defending Freedom,≤100
103715861368344,McCormick & Company,MCCORMICK & COMPANY INC,≤100
104623832132932,Perry Johnson,PERRY JOHNSON FOR PRESIDENT INC.,≤100
580610428636345,Fight for $15,Fight for $15,≤100
269479249997,NSSF—The Firearm Industry Trade Association,National Shooting Sports Foundation,≤100
106568024842114,Rideshare Assault Support,Citizen Ad Network LLC,≤100
100684991996307,November Coalition,NOVEMBER COALITION,≤100
166618413413767,Jay Sekulow,American Center for Law and Justice,≤100
570953166908066,Vivek Ramaswamy,VIVEK 2024,≤100
102568576103681,TPUSA Events,Turning Point USA,≤100
107483817554072,WorkMoney,WorkMoney,≤100
102592959026,Ocean Conservancy,"OCEAN CONSERVANCY, INC.",≤100
167586229923327,World Food Program USA,World Food Program USA,≤100
24481937944,Theodore Roosevelt Conservation Partnership,"THEODORE ROOSEVELT CONSERVATION PARTNERSHIP, INC",≤100
122490537430251,My American Circle,My American Circle,≤100
7263476274,Mercy Corps,Mercy Corps,≤100
1632814840319802,John Fetterman,Fetterman for PA,≤100
101704558574021,Lucas Kunce,Lucas Kunce for Missouri,≤100
106118341354671,Denver Families for Public Schools,Denver Families for Public Schools,≤100
201248453800242,My Pay My Say,Mackinac Center for Public Policy,≤100
168993021398,Life Network,LIFE NETWORK,≤100
255062275778,Tim Tebow Foundation,TIM TEBOW FOUNDATION,≤100
681626158940626,Mission Roll Call,Americas Warrior Partnership,≤100
153080620724,Donald J. Trump,TRUMP SAVE AMERICA JOINT FUNDRAISING COMMITTEE,≤100
498221457664032,DHL U.S.,"DHL EXPRESS (USA), INC.",≤100
100540971962779,Localyst,"Accelerate Change, Inc.",≤100
161183970656851,Ruben Gallego,GALLEGO FOR ARIZONA,≤100
130449343291731,Ryan Binkley,BINKLEY FOR PRESIDENT 2024,≤100
111824001908,Hakeem Jeffries,JEFFRIES FOR CONGRESS,≤100
160630887998827,Let Them Live,Let Them Live,≤100
19437978960,Chris Murphy,FRIENDS OF CHRIS MURPHY,≤100
7735858972,Humane Society Legislative Fund,Humane Society Legislative Fund,≤100
84112077638,Greater Good Charities,GREATERGOOD.ORG,≤100
1435071773455316,Daily Wire,The Daily Wire,≤100
1562713090633117,Operation Underground Railroad,OPERATION UNDERGROUND RAI,≤100
19984154032,Great Performances l PBS,WNET,≤100
103588388469410,Disparity Trap,Disparity Trap,≤100
49651563727,Live Action,Live Action,≤100
20787991568,Senate Democrats,DSCC,≤100
165858562140,Western Resource Advocates,WESTERN RESOURCE ADVOCATES,≤100
399366360669553,Jamaal Bowman,Bowman For Congress,≤100
228132537208218,Tammy Duckworth,TAMMY FOR ILLINOIS,≤100
11111618026,Union of Concerned Scientists,"UNION OF CONCERNED SCIENTISTS, INC.",≤100
134452023239984,Human Coalition,Human Coalition,≤100
43005439032,American Diabetes Association,American Diabetes Association,≤100
378568488860947,City and County of Denver Government,City and County of Denver Government,≤100
314499212242,Pfizer,Pfizer Inc.,≤100
51379424899,Mercy Ships,MERCY SHIPS INTERNATIONAL,≤100
925007000949719,ExxonMobil,EXXON MOBIL CORPORATION,≤100
19746387261,Humane Society International,Humane Society International,≤100
105203102400070,Colorado SecureSavings Program,Colorado SecureSavings Program,≤100
38235851310,USA for UNHCR,UNITED STATES ASSOCIATION FOR UNHCR,≤100
61492859575,Americares,"Americares Foundation, Inc.",≤100
24413227922,Kamala Harris,BIDEN VICTORY FUND,≤100
112864158462165,Smart American Lifestyle,Smart American Lifestyle,≤100
108547455113940,Our America,Our America,≤100
104253615152700,America First Legal,America First Legal Foundation,≤100
7357041101,Tammy Baldwin,TAMMY BALDWIN FOR SENATE,≤100
118303441570966,Homeowner Smart,NATIONAL ASSOCIATION OF REALTORS,≤100
103478796015358,Neverbackdown,NEVER BACK DOWN INC.,≤100
583258211727279,Shai Fund,SHAI FUND INC,≤100
1012679305536045,Elissa Slotkin,Elissa Slotkin for Michigan,≤100
70874333603,CatholicVote,catholicvote.org,≤100
368121777365265,"Re-Elect Councilmember Curtis Gardner, Aurora City Council At-Large",Curtis For Aurora,≤100
188441263945,Laboratory to Combat Human Trafficking,LCHT,≤100
101064776613325,Charles Tyrwhitt,These ads ran without a disclaimer,≤100
8524198486,Physicians Committee for Responsible Medicine,"PHYSICIANS COMMITTEE FOR RESPONSIBLE MEDICINE, INC.",≤100
203805062990264,Ben Shapiro,The Daily Wire,≤100
105331908787374,Republican Accountability PAC,REPUBLICAN ACCOUNTABILITY PAC INC,≤100
23790541544,Democrats,DCCC,≤100
100104419147228,Do Good Chicken,DO GOOD FOODS LLC,≤100
309798029121030,Everytown for Gun Safety,Everytown for Gun Safety Action Fund Inc,≤100
534949863222392,Clean Energy Economy for the Region,CLEAN ENERGY ECONOMY FOR THE REGION,≤100
145917588805718,Dr Jordan B Peterson,The Daily Wire,≤100
46093654473,National Republican Congressional Committee,NRCC,≤100
104659801302856,Anna Kaplan for New York,Anna Kaplan for New York,≤100
29717379728,International Justice Mission,International Justice Mission,≤100
126211280741703,Midwest Values PAC,Midwest Values PAC,≤100
108620667163768,For Our Future,Resource Media,≤100
107280885633972,Kim for Holy Cross Board,Kim for Holy Cross,≤100
115379705206001,U.S. Department of Homeland Security Blue Campaign,U.S Department of Homeland Security Blue Campaign,≤100
51405613519,Focus on the Family,Focus on the Family,≤100
376776419037747,Turning Point USA,"Turning Point USA, Inc.",≤100
106644838819876,One Great American Solutions,One Great American Solutions,≤100
321035188458327,Forging Pueblo,FORGING PUEBLO INC,≤100
359477377917,American Federation for Children,American Federation for Children,≤100
114710126648118,Republican Dogs,Republican Dogs,≤100
85452072376,NEWSMAX,"NEWSMAX MEDIA, INC.",≤100
106563958759988,Semafor,Semafor Inc.,≤100
18813753280,Human Rights Campaign,"HUMAN RIGHTS CAMPAIGN, INC.",≤100
105561217523274,The Dispatch,"Dispatch Media, Inc.",≤100
1653885501501009,Propeller,Propeller Enterprises,≤100
100373975829221,Fòs Feminista Org,Fòs Feminista,≤100
153678684700451,American Investment Council,AMERICAN INVESTMENT COUNCIL,≤100
219612384781411,Bloomberg Philanthropies,Bloomberg Philanthropies,≤100
679171239164792,Supermajority,Supermajority,≤100
60000664446,Alzheimer's Association,"ALZHEIMER'S DISEASE AND RELATED DISORDERS ASSOCIATION, INC.",≤100
30618466815,Pacific Legal Foundation,Pacific Legal Foundation,≤100
100652668612020,Essential Plastics Coalition,"CENTER FOR CONSUMER FREEDOM, THE",≤100
110947388286801,Charities for Vets,RAM Veterans Foundation,≤100
70484114314,National Multiple Sclerosis Society,These ads ran without a disclaimer,≤100
101330089548224,John Burrows for Congress,John Burrows for Congress,≤100
569889233030191,The LIBRE Initiative Colorado,The Libre Initiative,≤100
1575347412785991,cheddar news,Cheddar,≤100
149220264647,ADL - Anti-Defamation League,Anti-Defamation League,≤100
111601198354775,Kyle Bachus - Unthinkable,Crisp,≤100
103695769458,United States Mint,United States Mint,≤100
393076844046051,Progressive Caucus,CONGRESSIONAL PROGRESSIVE CAUCUS PAC,≤100
8002590959,Rainforest Action Network - RAN,RAINFOREST ACTION NETWORK,≤100
103531607822207,Noticias para Inmigrantes,"Wise Rock Media, PBC",≤100
203805062990264,Ben Shapiro,Daily Wire,≤100
248181906078243,National Institute for Civil Discourse,CommonSense American,≤100
96935476345,Democratic Governors Association (DGA),"Democratic Action, democraticgovernors.org, not authorized by any candidate or candidate's committee.",≤100
91346559231,Democratic Legislative Campaign Committee - DLCC,Democratic Legislative Campaign Committee,≤100
117530308000694,Voices With Impact,ART WITH IMPACT,≤100
131306317680000,Social Goods,"Social Goods, LLC",≤100
58736997707,Marco Rubio,Rubio Victory Committee,≤100
104295601633638,American Cornerstone Institute,American Cornerstone Institute Inc,≤100
309308412520731,Sandy Hook Promise,Sandy Hook Promise,≤100
35169196082,Project HOPE,"PROJECT HOPE-THE PEOPLE-TO-PEOPLE HEALTH FOUNDATION, INC.",≤100
143089732792,Marsha Blackburn,Blackburn Tennessee Victory Fund,≤100
101716172441500,Brennan Center en Español,"WILLIAM J. BRENNAN CENTER FOR JUSTICE, INC.",≤100
260713150211,Protect Our Winters,Protect Our Winters,≤100
107764430968176,Tuttle Twins TV Show,"Tuttle Twins Show, LLC",≤100
367292494407,AJC - American Jewish Committee,AMERICAN JEWISH COMMITTEE,≤100
86071521216,Second Amendment Foundation,SECOND AMENDMENT FOUNDATION INC,≤100
101674425989138,MIT Economics Survey on Climate Change,"MIT Climate Change Survey, MIT Department of Economics",≤100
130234313704399,United We Dream,UNITED WE DREAM NETWORK INC,≤100
219242560293,Meals on Wheels America,Meals On Wheels America,≤100
220873174076,Animal Equality,ANIMAL EQUALITY,≤100
284293125336159,Regulatory Transparency Project,FEDERALIST SOCIETY FOR LAW & PUBLIC POLICY STUDIES,≤100
443329669123990,USAFacts,USAFacts Institute,≤100
108268161352786,Stanley M. Herzog Foundation,Herzog Foundation,≤100
100992801635617,Conservative-American.org,Conservative American Strategies,≤100
162245191716,LGBTQ Nation,LGBTQ Nation,≤100
1606780826273282,The Committee to Unleash Prosperity,Committee to Unleash Prosperity Inc.,≤100
83290028957,Care Net,CARE NET,≤100
158791100909689,Concerned Veterans for America,Concerned Veterans for America,≤100
12301006942,Democratic Party,BIDEN VICTORY FUND,≤100
215968684159,AFT - American Federation of Teachers,American Federation of Teachers,≤100
524399207959953,Truth & Liberty Coalition,Truth & Liberty Coalition,≤100
1593518174052711,Candace Owens,The Daily Wire,≤100
160005659383,PreBorn,"MISSION: PRE-BORN, INC.",≤100
162244692732,Brennan Center for Justice at NYU Law,"WILLIAM J. BRENNAN CENTER FOR JUSTICE, INC.",≤100
112735922758892,Charlie Kirk,"Turning Point USA, Inc.",≤100
107661474402498,Liberty Eagle Apparel,United Patriot,≤100
282728185140429,Rep For Vets,The Rep For Vets,≤100
101391906600,Live Action News,Live Action,≤100
8321461609,MomsRising.org,MomsRising Together,≤100
8936818385,Accuracy in Media,Flo Communications,≤100
309798029121030,Everytown for Gun Safety,Everytown for Gun Safety Support Fund Inc,≤100
127225910653607,PragerU,PragerU,≤100
120605354356054,The Retired Americans PAC,Retired Americans PAC,≤100
5647744585,PETA (People for the Ethical Treatment of Animals),"PEOPLE FOR THE ETHICAL TREATMENT OF ANIMALS, INC.",≤100
23311628592,Heartland Alliance,Heartland Alliance for Human Needs & Human Rights,≤100
8934429638,Planned Parenthood Action,Planned Parenthood Action Fund,≤100
349068689306,Tim Scott,Tim Scott for America,≤100
101869563236902,FreedomFest,FreedomFest,≤100
158337134192979,Career Education Colleges and Universities,Career Education Colleges and Universities,≤100
106608038931801,Loyal Patriots,Loyal Patriots,≤100
216311481960,Bill Gates,Bill Gates,≤100
6355071377,American Cancer Society Cancer Action Network - ACS CAN,AMERICAN CANCER SOCIETY CANCER ACTION NETWORK INC,≤100
125769584126996,Yael Eckstein,"INTERNATIONAL FELLOWSHIP OF CHRISTIANS & JEWS, INC.",≤100
1600352356914768,PushBlack,PushBlack,≤100
25121889784,Texas Public Policy Foundation,Texas Public Policy Foundation,≤100
103355385129734,The Climate Pledge,The Climate Pledge,≤100
50982313030,Food & Water Watch,Food & Water Watch,≤100
110316380149,Family Policy Alliance,Family Policy Alliance,≤100
1476342155924546,Big Rig Threads,Big Rig T-Shirts and Decals LLC,≤100
297987334762,Jamie Raskin,Jamie Raskin for Congress,≤100
130945114804,World Jewish Congress,WORLD JEWISH CONGRESS AMERICAN SECTION INC,≤100
1163811040367180,Food & Water Action,FOOD & WATER ACTION,≤100
105454117977117,Voices for Consumer Choice,Voices for Consumer Choice,≤100
252814820267,HIAS,HIAS,≤100
340153562850578,Tim Tebow,TIM TEBOW FOUNDATION,≤100
100466376050855,Real America Home,Real America Home,≤100
7833534974,Florida Democratic Party,Florida Democratic Party,≤100
126305280752104,Slavic Gospel Association,SLAVIC GOSPEL ASSOCIATION,≤100
6240652407,Young America's Foundation,Young America's Foundation Inc,≤100
10234472029,Council on Foreign Relations,Council on Foreign Relations,≤100
1443127535947107,Save the Children Action Network,Save the Children Action Network,≤100
359560497939415,Re-Elect Chief Hoskin and Deputy Chief Warner,Hoskin Warner,≤100
53674651369,SBA Pro-Life America,"SUSAN B. ANTHONY LIST, INC.",≤100
141786816970,Cruise Lines International Association - CLIA,Cruise Lines International Association,≤100
786167111464006,Woodson Center,The Woodson Center,≤100
46347342434,EMILYs List,EMILY'S LIST,≤100
34362997676,United States Holocaust Memorial Museum,UNITED STATES HOLOCAUST MEMORIAL MUSEUM,≤100
372577693078008,"Saenz-Garcia Law, PLLC","Saenz-Garcia Law, PLLC",≤100
16534314739,Facing History & Ourselves,"FACING HISTORY AND OURSELVES NATIONAL FOUNDATION, INC.",≤100
107533860975028,Conservative,CONSERVATIVE LLC,≤100
40973310753,Pathfinder International,Pathfinder International,≤100
1526707030943680,Phoenix Dream Center,City Help Inc of Phoenix dba Phoenix Dream Center,≤100
281844617168,Jewish Voice Ministries International,Jewish Voice Ministries International,≤100
2255535767896743,Mark Robinson,Friends of Mark Robinson,≤100
101432317199,Blue Cross and Blue Shield Association,BLUE CROSS AND BLUE SHIELD ASSOCIATION,≤100
7606381190,Amy Klobuchar,KLOBUCHAR FOR MINNESOTA,≤100
108512875350,The Atlas Society,The Objectivist Center Ltd,≤100
162678203751209,Gilead Sciences,GILEAD SCIENCES INC,≤100
109736674813587,US MADE Coalition,"US Manufacturers Association for Development and Enterprise, Inc.",≤100
1470540296409810,Fair Fight Action,FAIR FIGHT ACTION INC,≤100
93228695778,Tea Party Patriots,Tea Party Patriots,≤100
25372476424,Best Friends Animal Society,BEST FRIENDS ANIMAL SOCIETY,≤100
121626482110,Operation Smile,OPERATION SMILE,≤100
408250066356,Bill O'Reilly,"Bill Me, Inc.",≤100
8047221596,Save the Children US,SAVE THE CHILDREN FEDERATION INC.,≤100
5435784683,Greenpeace USA,"GREENPEACE, INC.",≤100
140499052681592,Bank of the West,BANK OF THE WEST,≤100
747004618667089,Belev Echad,BELEV ECHAD INC,≤100
2245766435469741,Beersy,Beersy LLC,≤100
518194348194441,RepresentUs,RepresentUs,≤100
116546288359245,Heritage Action for America,HERITAGE ACTION FOR AMERICA,≤100
102361365239012,Councilman Obi Ezeadi,Vote Obi for Westminster,≤100
197760674021143,Indivisible Guide,Indivisible Project,≤100
7962229886,Environmental Working Group,ENVIRONMENTAL WORKING GROUP,≤100
80562389320,NARAL Pro-Choice America,NARAL PRO-CHOICE AMERICA CORP,≤100
97624620788,American Friends of Magen David Adom,AMERICAN FRIENDS OF MAGEN DAVID ADOM,≤100
36872302227,Cory Booker,CORY BOOKER FOR SENATE,≤100
1316372698453411,Alexandria Ocasio-Cortez,Alexandria Ocasio-Cortez for Congress,≤100
221293505028917,Watch U.S. Fly,Watch U.S. Fly,≤100
12596759677,RAICES,REFUGEE AND IMMIGRANT CENTER FOR EDUCATION AND LEGAL SERVICES,≤100
1505244559517282,Colin Allred,COLIN ALLRED FOR SENATE,≤100
19342050934,Leadership Institute,LEADERSHIP INSTITUTE INC,≤100
1869687273277265,Run for Something,Run For Something PAC,≤100
47710973068,Voices for Cooperative Power,Voices for Cooperative Power,≤100
96491683438,"The Friends of Israel Gospel Ministry, Inc.","FRIENDS OF ISRAEL GOSPEL MINISTRY, INC, THE",≤100
126893748252841,American Firearms Association,American Firearms Coalition,≤100
6316744206,Jon Tester,MONTANANS FOR TESTER,≤100
788559044606908,America Forward,NEW PROFIT INC,≤100
108266445888054,Patriot Academy,TORCH OF FREEDOM FOUNDATION,≤100
17203056985,Partners In Health,Partners In Health,≤100
945455208962159,For Everyone Collective,For Everyone Collective,≤100
555787351119974,Coalition to Protect America's Health Care,Coalition to Protect America’s Health Care,≤100
269348454714,IMB,"INTERNATIONAL MISSION BOARD OF THE SOUTHERN BAPTIST CONVENTION, THE",≤100
228754857151053,House Majority PAC,HOUSE MAJORITY PAC,≤100
33110852384,Doctors Without Borders/Médecins Sans Frontières (MSF),These ads ran without a disclaimer,≤100
106058025408954,Do No Harm Medicine,Do No Harm,≤100
108970206976,World Vision USA,WORLD VISION INC.,≤100
108293898875429,President Trump Supporters,I Love My Freedom,≤100
292351509697,Jerusalem Prayer Team,Jerusalem Prayer Team,≤100
928091877203916,Independent Women's Network,Independent Women's Network,≤100
157667060993359,Robert Garcia,ROBERT GARCIA FOR CONGRESS,≤100
417709355647,The Lynde and Harry Bradley Foundation,"LYNDE AND HARRY BRADLEY FOUNDATION, INC., THE",≤100
106315901551850,The U.S. Concealed Carry Association for Saving Lives,U.S. Concealed Carry Association For Saving Lives. Not Authorized By Any Candidate Or Candidate's Committee.,≤100
6756153498,Mike Bloomberg,Bloomberg Philanthropies,≤100
6502038524,First Book,FIRST BOOK,≤100
118152441212175,Digital Innovation for America,Digital Innovation for America,≤100
700941689954518,Defend Our Future,Defend Our Future,≤100
1338822066131069,Women's March,Women's March,≤100
1590877284560136,Patti Harris,Bloomberg Philanthropies,≤100
355783211719644,Veteran Caregivers of America,"Veteran Caregivers, LLC",≤100
200650357207240,I Love My Freedom,I Love My Freedom,≤100
105756057589080,The Lincoln Project,THE LINCOLN PROJECT,≤100
108247581851552,Democracy Defense Fund,DEMOCRACY DEFENSE FUND,≤100
2152371365037033,Aliados Adelante,AARP,≤100
113318901345595,Baby Patriots,Proud Patriots,≤100
317284821682168,Messianic Jewish Alliance of America (MJAA),Messianic Jewish Alliance of America,≤100
105157841248307,No Filter Politics,No Filter Politics,≤100
24330467048,Americans for Prosperity,AMERICANS FOR PROSPERITY,≤100
2254455051442790,Patriot Depot,Flag & Cross,≤100
94047978366,PCCC - BoldProgressives.org,PROGRESSIVE CHANGE CAMPAIGN COMMITTEE,≤100
190697157619887,Freedom Foundation,Freedom Foundation,≤100
161994493811699,Conservation Lands Foundation,Conservation Lands Foundation,≤100
102961048478150,Center for Renewing America,CENTER FOR RENEWING AMERICA INC,≤100
100119981671668,Blue Senate,BLUE SENATE PAC,≤100
745304825534862,Steve Scalise,Team Scalise,≤100
169687486427698,Jentezen Franklin,FREE CHAPEL WORSHIP CENTER,≤100
60261764250,Childhelp,"CHILDHELP, INC.",≤100
5644748986,National Wildlife Federation,NATIONAL WILDLIFE FEDERATION,≤100
38882699096,Polaris,POLARIS PROJECT,≤100
100758682697459,Mayday Health,"Mayday Medicines, Inc.",≤100
80824331898,Robert F. Kennedy Human Rights,Robert F. Kennedy Human Rights,≤100
466164103423147,Thorn,Thorn,≤100
10498053716,Media Research Center,MEDIA RESEARCH CENTER,≤100
451075468389015,Donald Trump Is My President,Donald Trump Is My President,≤100
2602473023098666,Democratic Polling Center,Democratic Governors Association,≤100
110559892030960,An Army of Normal Folks,An Army of Normal Folks,≤100
507070522767934,AACR Foundation,"AMERICAN ASSOCIATION FOR CANCER RESEARCH, INC.",≤100
152264148166020,Moms Clean Air Force,Moms Clean Air Force,≤100
103648802451237,Fair Courts America,Fair Courts America,≤100
21090771700,Gun Owners of America,Gun Owners of America,≤100
30914589895,The International Fellowship of Christians and Jews,INTERNATIONAL FELLOWSHIP OF CHRISTIANS & JEWS INC,≤100
50822254585,Mountain States Legal Foundation,Mountain States Legal Foundation,≤100
147368882623027,Black Futures Lab,Black Futures Lab,≤100
407902639235640,JNS.org,Jewish News Syndicate,≤100
181924628560212,Ekō,Ekō,≤100
60182072999,Lila Rose,Live Action,≤100
393932827634250,Dissent Pins,Common Practice,≤100
408526523045391,Mammoth Nation,Mammoth Nation,≤100
201956993160690,MRCTV,MEDIA RESEARCH CENTER,≤100
148205145252473,Backcountry Hunters & Anglers,Backcountry Hunters & Anglers,≤100
351310239372,Associated Republicans of Texas,Associated Republicans of Texas,≤100
6334782252,Oceana,Oceana,≤100
7219151423,The Fund for American Studies (TFAS),FUND FOR AMERICAN STUDIES,≤100
205795426669644,Facts and Logic about the Middle East,Facts and Logic About the Middle East,≤100
105753898811449,Align Us,Kyle Reyes,≤100
111806955195299,Wendy Davis for Congress,WENDY DAVIS FOR CONGRESS,≤100
74783093812,Just Vision,JUST VISION INC,≤100
102993965562061,Second Amendment Hunters,Gun Owners of America - 2nd Amendment Hunters,≤100
1428755447227803,Defend The Second,Next Level Goods,≤100
16477459734,League of Conservation Voters,"LEAGUE OF CONSERVATION VOTERS, INC",≤100
103565195134756,America First Policy Institute,America First Policy Institute,≤100
152065518140304,Wildlife Conservation Society,Wildlife Conservation Society,≤100
474227102732389,Turning Point Action,Turning Point Action,≤100
310925405807,Citizens Climate Lobby,Citizens' Climate Lobby,≤100
41093998634,The Christian Post,The Christian Post,≤100
107008774760761,Color Us United,Color Us United,≤100
11918108948,African Wildlife Foundation,AFRICAN WILDLIFE FOUNDATION,≤100
240937060405,Center for Science in the Public Interest (CSPI),Center for Science in the Public Interest,≤100
124506846628,Agape International Missions,AGAPE INTERNATIONAL MISSIONS,≤100
87186661244,Johns Hopkins Bloomberg School of Public Health,Johns Hopkins Bloomberg School of Public Health,≤100
101224002310757,Seven Weeks Coffee,Seven Weeks Coffee,≤100
169042736456594,All Out,All Out Action Fund.,≤100
145034262195374,InSinkErator,InSinkErator_Whirlpool,≤100
378084314984,Trane Technologies,Trane Technologies,≤100
290548664672,First Liberty Institute,First Liberty Institute,≤100
567371470277443,The Wilderness Society Action Fund,The Wilderness Society Action Fund,≤100
92021268117,Working America,Working America,≤100
127637620616803,Comcast Newsmakers,COMCAST CORPORATION,≤100
8446177150,Chosen People Ministries,CHOSEN PEOPLE MINISTRIES INC,≤100
103762036034439,Unblock Humanity,Unblock Humanity,≤100
48994809349,Ms. Foundation for Women,MS FOUNDATION FOR WOMEN INC,≤100
102771646440276,Jesus Christ Savior by Beliefnet,"BN Media, LLC",≤100
164498676940373,American Masters,WNET,≤100
58158120046,ACLJ,American Center for Law and Justice,≤100
43934405787,IPPF,International Planned Parenthood Federation Worldwide Inc,≤100
124383441363,Connecticut Education Association (CEA),CONNECTICUT EDUCATION ASSOCIATION,≤100
12357407443,American Friends Service Committee,AMERICAN FRIENDS SERVICE COMMITTEE,≤100
74470852653,Mike Pompeo,Champion American Values PAC,≤100
109118211910879,Mr. 45,Green Straw LLC,≤100
2053678114723700,President Trump's Patriot Army,I Love My Freedom,≤100
100809736190174,American Promises,American Promises,≤100
170491079663777,The Sentencing Project,"SENTENCING PROJECT INC, THE",≤100
1546952572205770,UAE USA United,The Embassy of the United Arab Emirates,≤100
1707505176197284,FREOPP,THE FOUNDATION FOR RESEARCH ON EQUAL OPPORTUNITY,≤100
119953292796,Jim Banks,BANKS FOR SENATE,≤100
202071006601223,GOOD PARTY,Good Party LLC,≤100
55708608675,RAND Corporation,"RAND CORPORATION, THE",≤100
1428283027462702,Restoration of America,RESTORATION PAC,≤100
107454490912636,Jewish Future Pledge,Jewish Future Pledge Inc,≤100
291391758252756,Wyoming Coalition for a Healthy Retirement,NATIONAL PUBLIC PENSION COALITION,≤100
77278490877,National Corn Growers Association,NATIONAL CORN GROWERS ASSOCIATION INC,≤100
268742029966978,PowerToFly,These ads ran without a disclaimer,≤100
164966660351345,Hope Outfitters,Hope Outfitters,≤100
104908071917505,Welcome.us,Welcome.us,≤100
293225127381200,Patriot Depot,The Patriot Depot,≤100
56332452163,AMA Patients Action Network,American Medical Association,≤100
103001292766800,Kurt Kroemer for Congress,KROEMER FOR CONGRESS,≤100
101400032438085,The A-Mark Foundation,A MARK FOUNDATION,≤100
18079407397,CPAC,American Conservative Union,≤100
9324910069,NRSC,NRSC,≤100
201446296572389,Compassion in World Farming (USA),Compassion in World Farming Inc,≤100
245711905631405,Jeff Jackson,JEFF JACKSON FOR CONGRESS,≤100
314121315788033,Stand with Parkland,Stand With Parkland,≤100
313723095478950,Daily Citizen,Focus on the Family,≤100
109521013225,Nikki Haley,Nikki Haley for President,≤100
193861605858,Buffalo Field Campaign,BUFFALO FIELD CAMPAIGN,≤100
104614641200137,MeidasTouch,MEIDASTOUCH,≤100
552580508224925,Chan Zuckerberg Initiative,"CHAN ZUCKERBERG INITIATIVE, LLC",≤100
1679521432262834,Physicians Grassroots Network,American Medical Association,≤100
458292390950199,Start Talking. Stop HIV.,Centers for Disease Control and Prevention,≤100
182620315479,Plan International USA,Plan International USA,≤100
1864721517082089,Democratic Attorneys General Association,DAGA PAC,≤100
93692255431,Bread for the World,"BREAD FOR THE WORLD, INC.",≤100
93565224474,Mercy For Animals,MERCY FOR ANIMALS,≤100
431019887282794,Tomorrow's World Today,Flying Cork,≤100
9364828262,Citizens Against Government Waste,CITIZENS AGAINST GOVERNMENT WASTE,≤100
108379888448176,Crispin4KC,Committee to Elect Crispin Rea,≤100
97466887664,Innocence Project,"INNOCENCE PROJECT, INC., THE",≤100
109320440856128,Stand Up to Jewish Hate,"Foundation to Combat Anti-Semitism, Inc.",≤100
136362309708243,Restaurant Opportunities Centers United (ROC United),"RESTAURANT OPPORTUNITIES CENTERS (ROC) UNITED, INC.",≤100
1628922377207463,Randy Feenstra,FEENSTRA FOR CONGRESS,≤100
18983389920,Open Society Foundations,Open Society Foundations,≤100
110441577078497,Future Leaders Fund,Future Leaders Fund,≤100
56680318666,Illinois Policy,Illinois Policy,≤100
112552187080266,Protecting Every Future,American Council of Life Insurers,≤100
11309713071,Gates Foundation,Bill and Melinda Gates Foundation,≤100
397054531024452,COPS Training Portal,COPS Training Portal,≤100
999556810102061,Signature Seas,Signature Seas,≤100
103885799225717,Liberty Protector,Liberty Protector,≤100
1382441768496365,Pentair,PENTAIR,≤100
109599248636777,Consumer Credit Card Protection Coalition,CONSUMER CREDIT CARD PROTECTION COALITION,≤100
227594571444676,Building New York's Best,Carpenter Contractor Alliance of Metropolitan New York,≤100
118986097831907,Patriots of Honor,Patriots of Honor,≤100
8914040942,Chesapeake Bay Foundation,"CHESAPEAKE BAY FOUNDATION, INC., THE",≤100
27817332304,American Foundation for Suicide Prevention,AMERICAN FOUNDATION FOR SUICIDE PREVENTION,≤100
111380958315889,Secure Financial Future,INVESTMENT COMPANY INSTITUTE,≤100
138354569532939,"Tradition, Family, Property - TFP","American Society for the Defense of Tradition, Family and Property",≤100
83865976093,Truthout,TRUTHOUT,≤100
226999127329906,New York Immigration Lawyer,Law Office of Alena Shautsova,≤100
259351004139042,Ashbrook Center,Ashbrook Center,≤100
114009933764548,The Patriot Club,RightWingGear.com,≤100
102221165021408,Law Forward,"Law Forward, Inc.",≤100
397207347056799,Voices for Healthy Kids,AMERICAN HEART ASSOCIATION INC,≤100
349800859019034,The 19th News,The 19th,≤100
266602360083204,The Children's Trust,"CHILDREN'S TRUST, INC",≤100
105173311888160,Star and Bar,Star and Bar,≤100
153446658100252,Lumina Foundation,Lumina Foundation,≤100
89336510798,American Friends of the Hebrew University,American Friends of Hebrew University,≤100
2321993584737314,The Markin Report,The Markin Report,≤100
110752528341901,Brian Nietzel,Brian Bates Nietzel,≤100
100298938781,Robert Wood Johnson Foundation,THE ROBERT WOOD JOHNSON FOUNDATION,≤100
107150944064036,Winning for Alabama,Winning for Alabama,≤100
107936991746783,A Common Sense America,Common Sense America Inc,≤100
56282222521,Mariner Books,HARPERCOLLINS PUBLISHERS L.L.C.,≤100
113731336694,Goldwater Institute,"GOLDWATER INSTITUTE ,THE",≤100
16900111951,National Organization for Women (NOW),NATIONAL ORGANIZATION FOR WOMEN,≤100
142432192446984,David Horowitz Freedom Center,David Horowitz Freedom Center,≤100
16695101734,National Association of Social Workers,NATIONAL ASSOCIATION OF SOCIAL WORKERS,≤100
14084625156,Susan G. Komen,Susan G. Komen,≤100
114633944922650,"Sunlyt, LLC","Sunlyt, LLC",≤100
115262456592822,Christians Engaged,Christians Engaged,≤100
105377404649506,Solidarity Fund by Coworker,COWORKER SOLIDARITY FUND,≤100
1848805358783239,Asa Hutchinson,"ASA FOR AMERICA, INC.",≤100
168876449866088,The Years Project,THE YEARS PROJECT,≤100
179740812490230,BritBoxTV,These ads ran without a disclaimer,≤100
5970146660,Community Change,Center for Community Change Action,≤100
114301413446447,The Climate Initiative,Kennebunkport Climate Initiative,≤100
27311599342,Preemptive Love,Preemptive Love Coalition,≤100
153278754738777,Climate Reality,The Climate Reality Project,≤100
689908101020054,Unified Patents,Unified Patents LLC,≤100
106766938480768,The Jennifer Hudson Show,The Jennifer Hudson Show,≤100
109749408609311,Proud Patriots USA,Proud Patriots USA,≤100
971668776283950,PolicyEd,Hoover Institution,≤100
142474049098533,Robert Reich,Inequality Media,≤100
399067003454888,Sudan Relief Fund,Sudan Relief Fund Inc,≤100
143173285763,Tenth Amendment Center,Tenth Amendment Center,≤100
332028597354723,National Partnership for Women & Families Action Fund,National Partnership for Woman & Families Action Fund,≤100
6333396177,NewsBusters.org,MEDIA RESEARCH CENTER,≤100
8550121410,Free Speech America Project,MEDIA RESEARCH CENTER,≤100
110099228407333,Chevron Advocacy Network,Chevron Advocacy Network,≤100
323083351064533,The News Literacy Project,The News Literacy Project,≤100
100692068471118,Explain America,Apse Media LLC,≤100
130268756992804,Yale Climate Connections,Yale Climate Connections,≤100
380884168648080,Population Research Institute,POPULATION RESEARCH INSTITUTE,≤100
57774720835,RESOLVE: The National Infertility Association,RESOLVE THE NATIONAL INFERTILITY ASSOCIATION (USED IN VA BY: RESOLVE INCORPORATED),≤100
140196699497495,The Foley Law Firm,These ads ran without a disclaimer,≤100
113986481630469,Trending Patriots,I Love My Freedom,≤100
192771954102960,Jordan Sekulow,American Center for Law and Justice,≤100
218217951617390,New Mexico For Equine Rights & Open Government,New Mexico For Equine Rights & Open Government,≤100
1166660030079480,National Democratic Redistricting Committee,National Democratic Redistricting Committee,≤100
17414523278,Democracy Now!,DEMOCRACY NOW,≤100
128288676833,Rocky Mountain Elk Foundation,"ROCKY MOUNTAIN ELK FOUNDATION, INC.",≤100
416913748508616,We Welcome,We Welcome Refugees,≤100
321088559302,Keep America Beautiful,Keep America Beautiful,≤100
103376804451432,Trending Politics,I Love My Freedom,≤100
104491841664875,Country First,"Country First Action, Inc.",≤100
100374392742057,Weregreenly- Magazine,These ads ran without a disclaimer,≤100
70531357576,Freedom Forum,"FREEDOM FORUM INC, THE",≤100
1272534336242476,CFR Education,Council on Foreign Relations,≤100
112642477582238,Mericanaf,AAF Nation,≤100
830162603716633,Andy Beshear,Andy Beshear for Governor,≤100
13867925345,Equality Florida,Equality Florida,≤100
110442961603215,Yikes Today,Tomer Barazani,≤100
234142976633158,Wake Up World & Smell the Coffee,Edith Dume Lerner,≤100
103552914774916,Science Moms,Potential Energy Coalition Inc,≤100
376250065793807,Citizens for Responsible Energy Solutions,CITIZENS FOR RESPONSIBLE ENERGY SOLUTIONS INC,≤100
250392878345035,The Focused Pastor,Focus on the Family,≤100
645392368909975,carafem,carafem,≤100
14038292386,Women for Women International,WOMEN FOR WOMEN INTERNATIONAL,≤100
137363449669160,Martin Heinrich,MARTIN HEINRICH FOR SENATE,≤100
142474049098533,Robert Reich,Inequality Media Civic Action,≤100
100700519593180,"Buck Nasty Media. Sports, culture, politics, and the Nasty Truth",Robert Mattox,≤100
220538341415523,The Satanic Temple,The Satanic Temple,≤100
147126507164,ACTwireless,ACTwireless,≤100
109352563640,Water.org,WATER.ORG INC.,≤100
102961088866702,Sarah Klee Hood for Congress,SARAH KLEE HOOD FOR NY,≤100
163662804426854,Life Advancement Group,Life Advancement Group,≤100
123857614319417,Texas Nationalist Movement,Texas Nationalist Movement,≤100
38234604057,PEN America,PEN AMERICAN CENTER INC,≤100
941593962677066,Stella Pekarsky,Friends of Stella G Pekarsky,≤100
1539972792944463,Forge Leadership Network,Forge Leadership Network,≤100
474062436008137,Team McCaul,"McCaul for Congress, Inc.",≤100
182723117043,Chicago Council on Global Affairs,CHICAGO COUNCIL ON GLOBAL AFFAI,≤100
311901101987,"The Seeing Eye, Inc.",SEEING EYE INC,≤100
312657362217994,Women's Heart Alliance,Women's Heart Alliance,≤100
192609620649,The University of Chicago,The University of Chicago,≤100
131618273567984,Jeff Landry,Landry for Louisiana,≤100
102524572552258,Breast Feeding Infant Development Support Alliance,Breastfeeding & Infant Development Support Alliance,≤100
108625789179165,Soi Dog Foundation,These ads ran without a disclaimer,≤100
109729861699329,Speak4,Speak4,≤100
108913648781152,Hardworking Americans,Hardworking Americans Inc,≤100
337038226473839,Trish Regan,"SALEM MEDIA GROUP, INC.",≤100
103546351703577,Dallas Express,Dallas Express Media,≤100
2070944712939738,American Police Officers Alliance,American Police Officers Alliance,≤100
186977768011413,Ironworkers Rising,"International Association of Bridge, Structural, Ornamental, and Reinforcing Iron Workers",≤100
59386210330,American Lung Association,AMERICAN LUNG ASSOCIATION,≤100
174941115857811,Campaign for Southern Equality,Campaign for Southern Equality,≤100
159964696102,Kevin McCarthy,KEVIN MCCARTHY FOR CONGRESS,≤100
100607179026941,Of Thee I Sing 1776,Harold Gershowitz,≤100
104873005081197,Repro Legal Defense Fund,IF/WHEN/HOW,≤100
427084097477881,AHIP,America's Health Insurance Plans,≤100
50513265848,Citizens United,Citizens United,≤100
165566613453452,ERLC,ETHICS AND RELIGIOUS LIBERTY COMMISSION OF THE SOUTHERN BAPTIST,≤100
110981884065996,AbortionFinder,Power to Decide,≤100
87777747127,Greg Palast,Palast Investigative Fund,≤100
117592091643709,Tree of Life Ministries｜Evangelism in Israel,Tree of Life Ministries,≤100
19575923823,Farm Sanctuary,"Farm Sanctuary, Inc.",≤100
110700067011185,No Dem Left Behind PAC,NO DEM LEFT BEHIND PAC,≤100
101178056237537,Alaska Public Pension Coalition,Alaska Public Pension Coalition,≤100
10606591490,TIME,TIME USA LLC,≤100
106909358810669,Stop RCV,Stop RCV,≤100
304600892905134,Hillsdale College Online Courses,HILLSDALE COLLEGE,≤100
332671562949,Diversey,"Diversey Holdings, LTD.",≤100
119171994411266,Center for the Environment and Welfare,Center for Environment and Welfare,≤100
108917215450647,Jim Arrington For City Council,Jim Arrington For City Council,≤100
1654550184799326,RetireSafe,RetireSafe,≤100
127823790596514,The Redford Center,REDFORD CENTER INC,≤100
60865633726,Love Justice International,TINY HANDS INTERNATIONAL,≤100
499379343409991,Impact Fund,"IMPACT FUND, THE",≤100
107645227592678,To Which We Belong,Mystic Artists,≤100
1977738355807406,Sharice For Congress,SHARICE FOR CONGRESS,≤100
163662804426854,Life Advancement Group,Nathan Montgomery Berning,≤100
300341323465160,The Daily Signal,HERITAGE FOUNDATION (THE),≤100
104107788684988,Tom Klingenstein,TomKlingenstein.com,≤100
112838648421750,Defend Clean Jobs,Defend Clean Jobs,≤100
101882882493702,Flavors Hook Oregon Kids,Flavors Hook Oregon Kids,≤100
95135221781,Federal News Network,Federal News Network,≤100
139034619493222,CUNY Citizenship Now,CUNY Citizenship Now!,≤100
142957224352,International Medical Corps,International Medical Corps,≤100
111799778514526,American Relief Initiative,American Relief Initiative,≤100
335324626526036,Senator Stephen Goldfinch,Stephen Goldfinch for SC Senate,≤100
106991768326883,Futbolete - Magazine,These ads ran without a disclaimer,≤100
248389312777,AANA / American Association of Nurse Anesthesiology,American Association of Nurse Anesthetists,≤100
222539451627775,The Graceful Goose,The Graceful Goose,≤100
207985279219826,AARP Rhode Island,AARP,≤100
111362087093652,Paul Berry,Friends of Paul Berry,≤100
104175362696063,Advantage Relief Programs,Advantage Relief Programs,≤100
100484735718366,The Coalition for Carolina,Coalition for Carolina,≤100
497949630282962,Retirement Specialty Group,Retirement Specialty Group,≤100
140155342671005,Sempervirens Fund,SEMPERVIRENS FUND,≤100
105861441295494,97Percent,97PERCENT ORG INC,≤100
399060493533519,The Justice Foundation,JUSTICE FOUNDATION,≤100
104214852367107,Friends of the Earth Action,Friends of the Earth Action,≤100
104377518078467,More Perfect Union,MORE PERFECT UNION FOUNDATION,≤100
118385911198439,Trending Politics News,I Love My Freedom,≤100
1425435377743310,Conversations with Bill Kristol,FOUNDATION FOR CONSTITUTI,≤100
210357995667559,The National Memo,The National Memo,≤100
101374728149342,A Starting Point,A Starting Point LLC,≤100
206202032757114,Nature and Culture International,NATURE AND CULTURE INTERNATIONAL,≤100
248539568517772,New Jersey League of Conservation Voters,NJ LEAGUE OF CONSERVATION,≤100
126855128568,FEBC (Far East Broadcasting Company),"FAR EAST BROADCASTING COMPANY, INC.",≤100
1802248836771260,Weird Little Tales,These ads ran without a disclaimer,≤100
106729489071198,Yan Gleyzer for Delegate,Friends of Yan Gleyzer,≤100
111464544881905,America First News,America First News,≤100
342294162453301,Planned Parenthood,These ads ran without a disclaimer,≤100
102204903345,The Vilcek Foundation,"VILCEK FOUNDATION, INC., THE",≤100
1599237673639735,Change Media Group,Change Media Group,≤100
101103254533,SOS International,SOS International,≤100
6787988478,Physicians for Human Rights,"PHYSICIANS FOR HUMAN RIGHTS, INC.",≤100
458142697588014,AARP Public Policy Institute,AARP,≤100
1553978148244954,Build With Strength,Build With Strength,≤100
101564054951838,We The Forest,We The Forest,≤100
10524033745,Remote Area Medical - RAM,REMOTE AREA MEDICAL,≤100
340528409646227,Consumer Action for a Strong Economy,CASE for Consumers,≤100
206226362732803,Inspire Clean Energy,"Inspire Energy Holdings, LLC",≤100
104396194587918,C3 Solutions,Conservative Coalition for Climate Solutions,≤100
366741496830,Southern California Edison (SCE),Southern California Edison,≤100
100284648021034,New Tolerance Campaign,New Tolerance Campaign,≤100
133937690180,Student Conservation Association,Student Conservation Association,≤100
151894654697,Save Our States,Save Our States,≤100
122269174199638,USA Journal News,USA Features Media LLC,≤100
304842759546695,Brooklyn Institute for Social Research,Brooklyn Institute for Social Research,≤100
125179374733697,Big News Buzz,Resource Media,≤100
47429735799,Miami-Dade County Government,Miami-Dade County,≤100
107766235181961,The Nunn Report,The Nunn Report,≤100
43527081680,Appalachian Mountain Club,Appalachian Mountain Club,≤100
162069790604,AARP Arizona,AARP,≤100
102579112455934,Making The Leap Podcast,Stanley M. Herzog Charitable Foundation,≤100
117956368577,Charlie Geren,Charlie Geren Campaign,≤100
386305465057247,Liberty Nation,Liberty Nation,≤100
138290759549138,Hope Clinic,Hope Clinic for Women,≤100
6165653060,AFSCME,AMERICAN FEDERATION OF STATE COUNTY & MUNICIPAL EMPLOYEES,≤100
28126338304,Surfrider Foundation,"SURFRIDER FOUNDATION, INC",≤100
7145381235,American Jewish World Service - AJWS,"AMERICAN JEWISH WORLD SERVICE, INC.",≤100
195100614324426,The Freedom Initiative,The Freedom Initiative,≤100
107084502280437,CA Union Careers,Protect Our Construction Careers,≤100
122825101076853,California Water Association,These ads ran without a disclaimer,≤100
148183925283127,Oregon Head Start Association,Oregon Head Start Association,≤100
89855016270,National Conference of State Legislatures,National Conference of State Legislatures,≤100
59877921429,Lutheran Immigration and Refugee Service,"LUTHERAN IMMIGRATION AND REFUGEE SERVICE, INC.",≤100
55804331295,Texas Association of Business,TEXAS ASSOCIATION OF BUSINESS,≤100
105967227629739,Current Revolt,Current Revolt,≤100
107323451863865,Millennial Geeks,These ads ran without a disclaimer,≤100
106964599004768,Lilihub,These ads ran without a disclaimer,≤100
539236759575992,Lateefah Simon,Lateefah for Congress,≤100
102490504962117,Phade products,Phade products,≤100
484004754966331,Jackery,These ads ran without a disclaimer,≤100
1731084720451495,Saprea,The Younique Foundation,≤100
100823275891880,Hippen for Virginia House of Delegates District 96,Susan Hippen for Virginia Beach,≤100
102047517918,The Commonwealth Fund,The Commonwealth Fund,≤100
58043814556,Oklahoma City Memorial Marathon,Oklahoma City Memorial Marathon,≤100
174457052570783,Shadhika,These ads ran without a disclaimer,≤100
601678723294742,The Bill Walton Show,Resolute Protector Foundation,≤100
118626774835274,Medicare Made Clear,Medicare Made Clear from United Healthcare,≤100
300992409852,Hoover Institution,Hoover Institution,≤100
68680511262,NFL,NFL PROPERTIES LLC,≤100
103481651030324,Great Lakes. Michigan Jobs.,Great Lakes. Michigan Jobs.,≤100
345751305447288,Daugherty Water for Food Global Institute,Daugherty Water for Food Global Institute,≤100
83960796709,Institute for Southern Studies,INSTITUTE FOR SOUTHERN STUDIES INC,≤100
115629791509819,Stateline,States Newsroom,≤100
43819229306,Minocqua Brewing Company,MINOCQUA BREWING COMPANY LLC,≤100
130848666099,Business Forward,Business Forward Inc.,≤100
93089921359,City of Casa Grande - Government,City of Casa Grande,≤100
1449073545419430,The Lone Liberal Republican,Arthur Winter,≤100
254943996005,Catholic Answers,"CATHOLIC ANSWERS, INC.",≤100
270826723039149,The Coalition to Protect Americas National Parks,"COALITION OF NATIONAL PARK SERVICE RETIREES, INC.",≤100
113193773704017,Select-Justice,"Select Justice, LLC",≤100
346612865750115,Korea Defense Veterans Association,Korea Defense Veterans Association,≤100
105011228482985,"Zwicker, Freiman, and Drulis for the 16th Legislative District",16 District Democrats,≤100
5637143257,The Boston Globe,These ads ran without a disclaimer,≤100
104977525752112,Freedom of Patriots,Freedom of Patriots,≤100
178806305466196,PANA (Pennsylvania Association of Nurse Anesthetists),PANA (Pennsylvania Association of Nurse Anesthetists),≤100
116197620249405,Recycling Facts,Center for Consumer Freedom,≤100
1534290989956166,Philanthropy Roundtable,"PHILANTHROPY ROUNDTABLE, THE",≤100
105169114225957,Coalition for Responsible Exit,Coalition for Responsible Exit,≤100
21218780346,Foreign Policy,FOREIGN POLICY,≤100
2168484930102843,EJ Moonshot,EJ Creations LLC,≤100
101791315693,Destiny Rescue,"Destiny Rescue International, Inc.",≤100
37266625280,Marc Molinaro,MARC FOR US,≤100
110624565660992,ZOE International,ZOE International,≤100
102415608852755,Settle In,INTERNATIONAL RESCUE COMMITTEE INC,≤100
100880426150716,Good Government Bulldogs,Good Government Bulldogs,≤100
363500867116594,Will Metcalf,Will Metcalf,≤100
291102898490822,Conservative Comedy Store,Conservative Comedy Store,≤100
67945990059,The American Petroleum Institute,The American Petroleum Institute,≤100
121940824138795,North Carolina Association of Health Plans,"North Carolina Association of Health Plans, Inc",≤100
723394465079640,The Lion,Stanley M. Herzog Charitable Foundation,≤100
110052089025541,"Tim Clue, Speaker and Comedian",Tim Clue,≤100
101350839190816,Macro Conservative,Macro Conservative,≤100
103851532013523,Policyfetch.com,Quantum Digital Media Inc,≤100
104381076011204,Help Trump Win,NICKEL LIMITS LLC,≤100
984421991732710,Paycheckology,Paycheckology,≤100
125937197447634,ACTA - American Council of Trustees and Alumni,AMERICAN COUNCIL OF TRUSTEES AND ALUMNI,≤100
103123092539994,Solar-Gurus.com,Solar-Gurus.com,≤100
279799525443906,HELPS Nonprofit,HELPS Nonprofit Law Firm,≤100
341513602902369,CALL TO ACTIVISM,CALL TO ACTIVISM,≤100
546066468753446,Black Health Matters,BLACK HEALTH MATTERS FOUNDATION INC,≤100
331661123551110,Leadership for Educational Equity,Leadership for Educational Equity,≤100
20603236087,Love146,"LOVE146, INC.",≤100
106682692418223,Raise Run,High Street LLC DBA Raise Run,≤100
264567480852,Honor and Remember - Official Page,Honor and Remember - Official Page,≤100
109912691682580,Zee Clarke,Zee Clarke,≤100
104092062075803,USA Jolt,"Jolt Media, Inc.",≤100
28483858161,Texas Scorecard,ScorecardMedia,≤100
936968016365794,The Eric Metaxas Radio Show,Salem Media,≤100
84645912778,Prosperity Now,PROSPERITY NOW,≤100
73344030434,National Institute of Flamenco,These ads ran without a disclaimer,≤100
106769148511724,National Newsletter - Newsbreak US,These ads ran without a disclaimer,≤100
90209763480,The Federalist Society,The Federalist Society,≤100
156496968533805,Explore Beyond,NCTA - The Internet & Television Association,≤100
106222134809638,"Elite Noire, Inc.",ELITE NOIRE INC,≤100
36085812354,Rainforest Foundation US,"Rainforest Foundation, Inc.",≤100
327853590558653,"Agri-Pulse Communications, Inc.","AGRI-PULSE COMMUNICATIONS, INC.",≤100
105364682148003,Available To All,Available To All,≤100
27544763621,Prison Fellowship,Prison Fellowship,≤100
424443217623488,Clarion Project,"CLARION PROJECT, INC.",≤100
104605160959720,Leda Health,Leda Health Corporation,≤100
7515233409,"Mikey Weinstein, MRFF",MILITARY RELIGIOUS FREEDOM FOUNDATION,≤100
107077981585236,"Debt Elimination NOW, Neeley Law","Debt Elimination NOW, Neeley Law",≤100
494259170754224,Keeping IDentities Safe,KEEPING IDENTITIES SAFE,≤100
108179361951729,Republican Patriots,Tomer Barazani,≤100
100583609604761,Congressman Keith Self,official funds authorized by the office of Rep. Keith Self,≤100
85945492130,EnergyBoom,Energy Boom,≤100
55549065733,Voto Latino,VOTO LATINO INC.,≤100
103082819375063,For a Better Bayou,For a Better Bayou,≤100
110912082314613,Bay Area Recycling Outreach Coalition (BayROC),These ads ran without a disclaimer,≤100
452797224923658,The Democratic Coalition,THE DEMOCRATIC COALITION,≤100
305283975264,Pulmonary Hypertension Association,"PULMONARY HYPERTENSION ASSOCIATION, INC.",≤100
497348647140658,Point Source Youth,Point Source Youth,≤100
11602044174,Independent Women's Forum,Independent Women's Forum,≤100
110010433804232,Standing For Freedom Center,Standing for Freedom Center,≤100
1210731362318596,Senator Joe Pennacchio,Senator Joe Pennacchio,≤100
1731753830377840,Districts Make the Difference,CALIFORNIA SPECIAL DISTRICTS ASSOCIATION,≤100
307930162724,California Faculty Association,California Faculty Association,≤100
282159125529675,Fifth Wall,These ads ran without a disclaimer,≤100
487569614682924,CAPP USA,Yellow Line Productions LLC,≤100
110702331722369,Bountiful Patriot,Bountiful Patriot,≤100
12185972707,350.org,350 ORG,≤100
100158948453494,Lars for President,LARS MAPSTEAD FOR PRESIDENT,≤100
109807943719796,Nothing Is Going To Get Better,Nothing Is Going To Get Better,≤100
1272228262930516,Women Advance,These ads ran without a disclaimer,≤100
376421181998,Colorado River District,Colorado River Water Conservation District,≤100
102044622753692,American Potential Podcast,AMERICANS FOR PROSPERITY,≤100
106582384539447,Design for Freedom by Grace Farms,"GRACE FARMS FOUNDATION, INC.",≤100
1444820465547227,Rank the Vote,Rank the Vote,≤100
114226275387369,republicEn,republicEn,≤100
225422650854192,Election Systems & Software,Election Systems & Software,≤100
102421369434228,Goose's News Daily,Justin Gustafson,≤100
100652402259075,The Intersect,Accelerate Change Inc,≤100
165734163437699,"Little, Brown and Company","Hachette Book Group, Inc.",≤100
35677414105,National Kidney Foundation,NATIONAL KIDNEY FOUNDATION INC,≤100
147523538641547,Capitol Ministries,CAPITOL MINISTRIES,≤100
711909245654048,National Police Support Fund,National Police Support Fund,≤100
107647258831836,Weregreenly- Magazine Page 3,These ads ran without a disclaimer,≤100
48530203934,The American Alpine Club,"AMERICAN ALPINE CLUB, THE",≤100
103047259150209,What I Want to Know with Kevin P. Chavous,"Stride, Inc.",≤100
117819650905617,Red Wave News,Tomer Barazani,≤100
117507751891,United Poultry Concerns,"UNITED POULTRY CONCERNS, INC",≤100
100741471695626,Lutherans For Racial Justice,Lutherans for Racial Justice,≤100
33720334139,Queerty,Queerty,≤100
104981939210693,Clayton Keirns,I Love My Freedom,≤100
428330877769054,Ask Anything,Ask Anything,≤100
183484875153093,Kim Monson Show,The Kim Monson Show,≤100
186666348590362,Collin County Votes,Collin County Business Alliance,≤100
101769576791,Health Action Network,Health Action Network,≤100
104834210883,The Story of Stuff Project,The Story of Stuff Project,≤100
300748678230,Tennessee Department of Economic and Community Development,Tennessee Department of Economic and Community Development,≤100
801419943264962,BLM Wild,BLM Wild,≤100
186225971389257,Keeping the Kansas Promise,NATIONAL PUBLIC PENSION COALITION,≤100
102797567875082,Erika Erickson Malinoski - Author,Erika Erickson Malinoski,≤100
101810652152706,Ship It Zero,PACIFIC ENVIRONMENT AND RESOURCES CENTER,≤100
113918325306109,Dallas Holocaust and Human Rights Museum,DALLAS HOLOCAUST AND HUMAN RIGHTS MUSEUM,≤100
100806242836871,Preservation Pause,University of Arizona Indigenous Peoples Law and Policy Program,≤100
150127528352944,Food Integrity Campaign,GOVERNMENT ACCOUNTABILITY PROJECT INC,≤100
102712325850529,Libratum Press,Libratum Press LLC,≤100
111044621745187,Liberty News,Michael Scott Hughes,≤100
132727027570596,Yoga Medicine Seva Foundation,These ads ran without a disclaimer,≤100
123624513983,The Western Journal,The Western Journal,≤100
208551063368,Dominican Friars of the Province of Saint Joseph,DOMINICAN FOUNDATION,≤100
103535788939931,The Border Chronicle,The Border Chronicle,≤100
129064750465027,Women's Earth Alliance,Earth Island Institute,≤100
101377889168483,Gumbo Limbo Coastal Stewards,"Gumbo Limbo Coastal Stewards, Inc.",≤100
316955281351,APWU - The American Postal Workers Union,AMERICAN POSTAL WORKERS UNION,≤100
203294399456,Public Interest Registry,Public Interest Registry,≤100
273546779885377,The Gallant Pelham,"delupton, LLC",≤100
133764907211570,Concerned Citizen,Concerned Citizen,≤100
615628355607126,Creative Society,Olga Simakova Schmidt,≤100
142932506806,Texas Alliance for Life,"Texas Alliance for Life, Inc.",≤100
106159299124846,Dirk Guidry for Parish President,Dirk Guidry for Parish President,≤100
106862204671108,The Deplorable Americans,Justin Gustafson,≤100
303374266418976,AFPM,American Fuel & Petrochemical Manufacturers,≤100
14957887077,Freedom House,"FREEDOM HOUSE, INC.",≤100
192738164073627,A Better Balance,A Better Balance,≤100
82223469060,ACN - Aid to the Church in Need,"AID TO THE CHURCH IN NEED, INC.",≤100
102420431749179,Raging Americans,Tomer Barazani,≤100
119938547748319,Navigator Research,Navigator Research,≤100
1448985902033866,Trans Lifeline,Trans Lifeline,≤100
458643554482238,Uri Velez La Sra de los Seguros,Euridis Velez,≤100
100781276221423,Protect Choice Ohio,OHIO PHYSICIANS FOR REPRODUCTIVE RIGHTS PAC,≤100
92729316952,Covanta,Covanta,≤100
138492335404,Scott Walker,FORWARD USA FEDERAL POLITICAL ACTION COMMITTEE,≤100
710669049286394,Woo the People,Woo the People,≤100
161107820658032,La Red Hispana,"HISPANIC COMMUNICATIONS NETWORK, LLC",≤100
109475211795252,Freedom From The Press,Michael Scott Hughes,≤100
105430894660049,Charter Schools Now,Charter Schools Now PAC,≤100
111653958450620,Lindsay French for KC,Lindsay French for KC,≤100
268868046463126,Beacon Center of Tennessee,BEACON CENTER OF TENNESSEE,≤100
111701241934985,Veteran Pride,These ads ran without a disclaimer,≤100
59572733353,GREY2K USA,GREY2K USA,≤100
166194476728392,Center Street,"Hachette Book Group, Inc.",≤100
104681138248125,Tiny Revival Clothing Co.,Tiny Revival Clothing Co.,≤100
145973965440671,Carnegie Corporation of New York,CARNEGIE CORPORATION OF NEW YORK,≤100
113496178208014,Protecting Our Democracy,Protecting Our Democracy,≤100
105001265921741,Brad Pollack,Brad Pollack For Senate,≤100
53178635562,Third Way,THIRD WAY,≤100
237477017606,Club for Growth,"CLUB FOR GROWTH, INC",≤100
116934494636757,Nifty News,These ads ran without a disclaimer,≤100
110480728196620,Small Business Digital Alliance,Small Business Digital Alliance,≤100
111160625114619,Semi Bird For Governor Of Washington,Bird For Governor,≤100
114765400352270,Kite & Key Media,VMTS EDUCATION INC,≤100
225879060980,Habitat for Horses,HABITAT FOR HORSES INC,≤100
102658529406392,Allen Mashburn for NC Lieutenant Governor,Friends of Allen Mashburn,≤100
594519783957655,Citizens for National Security,Citizens For National Security,≤100
238473269650980,Capital & Main,CAPITAL & MAIN,≤100
163302087408673,Stop The Donald,Stop the Donald,≤100
103454371495257,Mood Spike,These ads ran without a disclaimer,≤100
1678492922390061,WorkingNation,These ads ran without a disclaimer,≤100
110162251288958,Rob Kovic for Assembly,Rob Kovic for Assembly,≤100
104178315156683,Blue Perigon Digital,Blue Perigon Digital,≤100
104891932503484,Congressman Nick LaLota,Congressman Nick LaLota,≤100
106959920878115,The Well Done Foundation,"WELL DONE FOUNDATION, INC.",≤100
100768036281308,Right Our Story,Right Our Story,≤100
1196196390526965,Facebook Surveys,These ads ran without a disclaimer,≤100
105350752337593,Citizens Exam,Citizens Exam,≤100
100913694925880,"Akalan Law Firm, PLLC","Akalan Law Firm, PLLC",≤100
5878048748,GlobalGiving,"GLOBALGIVING FOUNDATION, INC.",≤100
107896011593247,Ms C Notes,These ads ran without a disclaimer,≤100
101586078357081,Peter Demos,Peter Demos,≤100
302111635698,National Association of Tax Professionals (NATP),National Association of Tax Professionals,≤100
109284291894484,American News Stories,Michael Scott Hughes,≤100
123460781200,Alon Ben-Meir,Alon Ben-Meir Inc,≤100
81839392622,American Century Investments,AMERICAN CENTURY SERVICES CORPORATION,≤100
176099663659,Armed Services YMCA,ARMED SERVICES YMCA OF THE USA,≤100
123651254408327,Sokolove Law,"Sokolove Law, LLC",≤100
143063095713907,Hep,"CDM PUBLISHING, LLC",≤100
113341457791145,Voices for Healthy Green Spaces,Voices for Healthy Green Spaces,≤100
118502801658228,Young Kim,Young Kim for Congress,≤100
482869205100278,Neema Project,Neema Project,≤100
111131133551811,The Locke Society,Locke Society Inc,≤100
107214875027152,The First Step,MERIDIAN HILL PICTURES LLC,≤100
196212113748678,Azul,Azul,≤100
102356589314098,Political Comms,Political Comms LLC,≤100
106282390902223,PHCA,PHCA,≤100
371167644067,Public Welfare Foundation,Public Welfare Foundation,≤100
106706932722061,Hunger Free Colorado,HUNGER FREE COLORADO,≤100
2259323457517498,Abolish the Electoral College,Abolish the Electoral College,≤100
102230249080409,Freedom First,Jennifer Ann Robertson,≤100
98828483195,Safe Horizon,Safe Horizon,≤100
249247419293008,Braxton Mitchell,Tomer Barazani,≤100
102426519271664,Free Easy Search,These ads ran without a disclaimer,≤100
43131954532,Maine Conservation Voters,Maine Conservation Voters,≤100
122742807774775,Municipal Water District of Orange County,Municipal Water District of Orange County,≤100
105975288839460,George Henry Zwiebel III,These ads ran without a disclaimer,≤100
109343231965723,Better PA Roads & Bridges,Better Pennsylvania Roads and Bridges,≤100
102486559194712,Private Equity Stakeholder Project,Climate Nexus - Rockefeller Philanthropy Advisors Sponsored Project,≤100
1499191057075106,Chronic Disease Coalition,Chronic Disease Coalition,≤100
306480006853271,Political-Paige.com BLOG,Political-Paige.com,≤100
349528025129958,"Brevard County Sheriff's Office, Florida (Official)",Robert Wayne Ivey,≤100
106834545428519,Matt Wiltshire for Mayor,Matt for Mayor,≤100
110626875261327,Pete for Portage,Pete for Portage,≤100
1226854550711523,Get Biofuel,Get Biofuel,≤100
79125112926,Students for Life of America,"STUDENTS FOR LIFE OF AMERICA, INC.",≤100
2007361039550045,"Center for Free, Fair, and Accountable Democracy","CENTER FOR FREE, FAIR, AND ACCOUNTABLE DEMOCRACY, INC.",≤100
110075422104169,Koi,These ads ran without a disclaimer,≤100
116025928060049,Obamacare Health Plans,These ads ran without a disclaimer,≤100
234744096655497,Alliance For Early Success,Alliance for Early Success,≤100
112345611796763,Donald Trump Voters,I Love My Freedom,≤100
1835838916635491,Transamerica Institute,Transamerica Center for Health Studies,≤100
140338009367872,Options United,Options United,≤100
203156483151292,PassionLife,PassionLife Ministries,≤100
747783932079184,Jared Golden for Congress,COMMITTEE TO ELECT JARED GOLDEN,≤100
116269018444763,"Association of California Cities, Orange County","Association of California Cities, Orange County",≤100
111626880250936,Teacher Stories,Teacher Stories,≤100
104856814505092,The Kids Guide,The Kids Guide,≤100
130264497836647,Mars Wright,These ads ran without a disclaimer,≤100
100500465282483,Breaking Battlegrounds,September Group LLC,≤100
1832888600167903,JD for Arlington,JD for Arlington,≤100
65538457518,The Village Square,TO THE VILLAGE SQUARE INC,≤100
169668596476550,AFSCME en Español,AMERICAN FEDERATION OF STATE COUNTY & MUNICIPAL EMPLOYEES,≤100
100637631678746,Conservative News Daily,Conservative News Daily,≤100
110519695636906,Meyerland Area Democrats Club,Meyerland Area Democrats Club,≤100
193821064126287,Hustle For Humanity,Hustle For Humanity,≤100
143784945647421,Death with Dignity,DEATH WITH DIGNITY NATIONAL CENTER,≤100
128967667298112,Math4cure,Karen Beth Young,≤100
798097967001449,Sarah Belle,These ads ran without a disclaimer,≤100
430869277025501,Dr. Nancy O'Reilly,"WOMEN CONNECT4GOOD, INC.",≤100
482208828521358,Rachel Carson Council,These ads ran without a disclaimer,≤100
107409909326665,Stephen Wise Free Synagogue,"WISE, STEPHEN FREE SYNAGOGUE",≤100
839158786226886,Two Party Opera,Brian Thomas Carroll,≤100
7035457015,Brave New Films,BRAVE NEW FOUNDATION 501(C)(3),≤100
110525900854803,Stenonymous,Christopher Michael Day,≤100
100416560012896,Friends of the Everglades,FRIENDS OF THE EVERGLADES INC,≤100
2321993911380376,Dr. Patricia Campos Medina,Cristina Coll,≤100
110577068679152,Haus Cordray for DeSoto Parish Assessor,Haus Cordray for DeSoto Assessor,≤100
101466816025710,Renew Healthcare,Quantum Digital Media Inc.,≤100
513695272011123,The Genesis Prize,GPF NA LLC,≤100
100809493011021,Leeflike,These ads ran without a disclaimer,≤100
131664893560695,Origins OSU,Origins: Current Events in Historical Perspective,≤100
268382283265857,ASH: Action on Smoking & Health,Action on Smoking & Health,≤100
161151357262063,Fountain House,"FOUNTAIN HOUSE, INC.",≤100
502151103244047,Join RSO,RIVERSIDE COUNTY SHERIFFS DEP,≤100
105451942439465,Sabina Covo for Miami,"Sabina Covo, Non-partisan, for City of Miami Commissioner, District 2",≤100
164049599660,Catholic Relief Services en español,CATHOLIC RELIEF SERVICES,≤100
77906169595,Texans Care For Children,Texans Care for Children,≤100
104338357673828,New Day Nevada,New Day Nevada PAC,≤100
170126260000702,Western Journal US News,The Western Journal,≤100
1883837055193241,Shield Republic,Shield Republic,≤100
104592541801036,Camden Strong,Camden City Democratic Committee,≤100
179983352591225,Women Speak Up,These ads ran without a disclaimer,≤100
1678616769061606,Southeastern Wind Coalition,Southeastern Wind Coalition,≤100
887139178003592,The Dean Obeidallah Show,The Dean Obeidallah Show,≤100
101581329115492,Freedom Street,Michael Scott Hughes,≤100
262536810935097,Housing Is A Human Right,AIDS HEALTHCARE FOUNDATION,≤100
223608490170,The Ruth Institute,The Ruth Institute,≤100
128103650601995,The Conservative Caucus,The Conservative Caucus,≤100
19774119425,Habitat for Humanity,Habitat for Humanity International,≤100
212677670907,American Constitution Society,AMERICAN CONSTITUTION SOCIETY,≤100
116606411350211,Jeanette Martinez for Fort Worth City Council District 11,Jeanette For Fort Worth,≤100
296451777564823,Indiana Environmental Reporter,Indiana Environmental Reporter,≤100
414460489293669,Celeste Friend for Mayor of Utica,Celeste M Friend,≤100
104334002657018,Content Jester,These ads ran without a disclaimer,≤100
143981748956175,Rural Assembly,Rural Assembly,≤100
100486698765192,Money & Investing,These ads ran without a disclaimer,≤100
30914589895,The International Fellowship of Christians and Jews,"INTERNATIONAL FELLOWSHIP OF CHRISTIANS & JEWS, INC.",≤100
896759427103774,Modern Medicaid Alliance,Modern Medicaid Alliance,≤100
47274846623,Avon,These ads ran without a disclaimer,≤100
100652402259075,The Intersect,These ads ran without a disclaimer,≤100
249467225254927,The Love > hate Project,LOVE GREATER THAN HATE PROJECT,≤100
100283969714327,April O’Leary,April Oleary,≤100
70795936969,Children International,CHILDREN INTERNATIONAL,≤100
108131805539170,Dr. David Ciampi for Mayor,Friends to Elect David F Ciampi,≤100
174665813003584,Mission Partners for Christ,Mission Partners for Christ,≤100
271434569418,HumaneWatch,Center for Consumer Freedom,≤100
104660195062596,Gen Z Conservative,Michael Scott Hughes,≤100
39813692310,Michigan Democratic Party,MICHIGAN DEMOCRATIC STATE CENTRAL COMMITTEE,≤100
107237032301505,Live Free or Die PAC,Live Free or Die PAC,≤100
384006901653736,The Moore Charitable Foundation,Moore Charitable Foundation,≤100
154899547637,TechnoServe,"TechnoServe, Inc",≤100
101136945050284,You Deserve to Know,Texas REALTORS® Issues PAC,≤100
112912573793125,Rise Up for Justice,Avrom L Altman,≤100
102510362488894,Futbolete - Page 3,These ads ran without a disclaimer,≤100
214061167976,El Tiempo Latino,MASTV EL PLANETA LLC,≤100
107308698272177,Gas Leaks Action,Gas Leaks Action,≤100
103277109172874,The Original Lou's News,Michael Scott Hughes,≤100
109366181861530,President Trump is My Wingman,Michael Scott Hughes,≤100
105599502191866,Florida Jolt,"Jolt Media, Inc.",≤100
624956794270316,Jack Heidel,John Willard Heidel,≤100
20239752285,The American Prospect,"The American Prospect, Inc.",≤100
275947565591,"Woods and Woods, LLC, The Veteran's Firm","Woods & Woods, LLC",≤100
100575109262683,Kov Stories,These ads ran without a disclaimer,≤100
243498882520314,FoodFinder,"FOODFINDER, INC.",≤100
87377228013,Side with Love,UNITARIAN UNIVERSALIST ASSOCIATION,≤100
214061167976,El Tiempo Latino,Center for Community Change Action,≤100
497719423723034,Planned Parenthood California Central Coast,Planned Parenthood California Central Coast,≤100
381578445243960,Kristan Hawkins,"STUDENTS FOR LIFE OF AMERICA, INC.",≤100
110094158160834,The American Tribune,Michael Scott Hughes,≤100
882431925290123,BookBaby Bookshop,"DIY Media Group, Inc. dba BookBaby",≤100
90022052772,Williams,"WILLIAMS COMPANIES, INC., THE",≤100
111904024679959,Bold Majority,BOLD MAJORITY PAC,≤100
133294620046953,Mission India,MISSION INDIA INC,≤100
198119286865213,Austin Interfaith,AUSTIN INTERFAITH,≤100
120778038066631,EveryLibrary,EveryLibrary,≤100
11029708945,World Politics Review,WORLD POLITICS REVIEW LLC,≤100
102281724942742,Affordable Energy for New Jersey,Affordable Energy for New Jersey,≤100
109298615176823,IAQ by Sensables,These ads ran without a disclaimer,≤100
1359505927455440,Global Health NOW,Johns Hopkins Bloomberg School of Public Health,≤100
116327368379558,Jackson County Democrats,"Jackson County Democratic Committee, John Comstock, Treasurer",≤100
110740242303537,CAVU,Climate Advocates Voces Unidas,≤100
1914537155242810,Life: Powered,Texas Public Policy Foundation,≤100
260668817346988,Ignite National,IGNITE,≤100
45013872425,The Ripon Society,RIPON SOCIETY,≤100
89234192992,American Heritage Education Foundation,"AMERICAN HERITAGE FILMS, LLC",≤100
797121490373293,Dr. Barbara Sharief,Sharief for Florida,≤100
278052172260101,ZERO TO THREE,ZERO TO THREE,≤100
110124925319299,Save Our Stoves,FLORIDA NATURAL GAS ASSOCIATION INC,≤100
210937299260017,USA Features Media,USA Features Media LLC,≤100
102596355656379,Red Wave News Updates,Michael Scott Hughes,≤100
116943805583378,The Republican Standard,The Republican Standard,≤100
1605295603062909,Hot Seat for Judges,Terri Lynn Day,≤100
112071038480355,Real News Now,Real News Now,≤100
101204378825808,Fight the Right,FIGHT THE RIGHT PAC,≤100
1706206872929391,Carlyn Obringer,Carlyn Obringer for Concord City Council,≤100
1353722684643583,EPF Media,EPF Media,≤100
100540556243838,ASBL Cercle Axiologique,These ads ran without a disclaimer,≤100
490349377808038,State Representative Justin Holland,Justin Holland Campaign,≤100
710460605705480,Dugit Outreach Center,Dugit Messianic Outreach Center,≤100
111132794348779,That Happened,These ads ran without a disclaimer,≤100
105155295581992,Independent Arizona,Independent Arizona,≤100
114513494875415,America's Freedom Page,USA Features Media LLC,≤100
160352863985595,"Sumrell Sugg, Attorneys at Law",SUMRELL SUGG PA,≤100
50714237985,The Rutherford Institute,RUTHERFORD INSTITUTE,≤100
1946103095604765,Melinda Katz,Katz NYS,≤100
8306841401,Creigh Deeds,Senator R. Creigh Deeds,≤100
249645098496099,Dave Kinskey,Dave Kinskey,≤100
106811758756154,Movimiento Progresista Baja California Sur,These ads ran without a disclaimer,≤100
1420200111329836,Alan C. Moore,Alan Christopher Moore,≤100
2001831300143832,Conversations with Jim Zirin,Conversations with Jim Zirin,≤100
108448004014806,Tim Anderson For Virginia,Friends of Tim Anderson,≤100
117132003409216,Andria McClellan,McClellan for VA Senate,≤100
148337431855825,Houghton Mifflin Harcourt,These ads ran without a disclaimer,≤100
21813808850,American Battlefield Trust,American Battlefield Trust,≤100
1677111425839949,American Promise,"AMERICAN PROMISE, INC.",≤100
1720878078241107,Conservative Move,Conservative Move,≤100
103141629117317,Insurance Trendy Quote,These ads ran without a disclaimer,≤100
115327994830629,Coalition with STL Kids,Coalition with STL Kids,≤100
1368147973239129,BadDaddy Publishing,"BadDaddy Publishing, LLC",≤100
935548229810714,Louisiana House Republicans,Republican Legislative Delegation,≤100
109200595768753,The Christian Left,The Christian Left,≤100
110026728309807,Strother for Virginia,Philip Strother,≤100
117214891638398,Street Grace,Street Grace Inc,≤100
395183503879395,Jefferson Parish Democratic Executive Committee (JPDEC),Jefferson Parish Democratic Executive Committee,≤100
525697187442438,The Leukemia & Lymphoma Society - Advocacy,"LEUKEMIA & LYMPHOMA SOCIETY, INC., THE",≤100
506680536015406,HumanProgress.org,"CATO INSTITUTE, INC.",≤100
338218229911752,Integrity First PAC,INTEGRITY FIRST PAC,≤100
100710759119069,Blue Planet Ecosystem,Blue Planet Ecosystem,≤100
111027456985128,Lavinia Goodell,Lavinia Goodell,≤100
104360981789855,promisedlandmuseum,These ads ran without a disclaimer,≤100
2831837216845452,"Derek Norton - Mayor, City of Smyrna",Derek Norton for Mayor,≤100
513785465632396,Airline Passengers for Justice,Airline Passengers for Justice,≤100
330641537286442,Virginia Constitutional Conservatives,Virginia Constitutional Conservatives,≤100
86880509778,AARP North Carolina,AARP,≤100
133545795918,Erie County Democratic Committee,Erie County Democratic Committee,≤100
773432316041673,Calvary South Austin,Calvary South Austin,≤100
584565811652765,Missouri Rural Crisis Center,Missouri Rural Crisis Center,≤100
2054923397926521,Jake-Angie Zawhorodny,These ads ran without a disclaimer,≤100
502969216761221,Common Sense Civics and Citizenship,Candace Donnelly,≤100
105959115327125,Statement Apparel Co.,Statement Apparel,≤100
117165741681229,International Crane Foundation,"INTERNATIONAL CRANE FOUNDATION, INC.",≤100
104483742449646,CenterClip,"CenterClip, Inc.",≤100
11074328022,Carolina Development,UNC-Chapel Hill Office of University Development,≤100
388076585284592,SalmonState,SalmonState,≤100
104107455066450,Russell Cohen on moderation in public policy,Russell Cohen on moderation in public policy,≤100
107699178700145,Mayor Trading Solution,These ads ran without a disclaimer,≤100
117178991272653,Melinda Bourgeois,Melinda Bourgeois,≤100
107846952326610,Iranian Antiquity,These ads ran without a disclaimer,≤100
100153219675047,Dark Whispers,These ads ran without a disclaimer,≤100
579114962550873,Left On Red,These ads ran without a disclaimer,≤100
165674110118949,Clearing out the Clutter,Colin David Moore,≤100
108051577394988,Councilmember Thai Viet Phan,Santa Ana Taxpayers Against the Corrupt Recall of Councilmember Thai Viet Phan,≤100
107178831882244,San Diego Signal,San Diego Signal,≤100
78252502913,Jhpiego,Jhpiego,≤100
116769471391488,KHYA Design,These ads ran without a disclaimer,≤100
307577909645,Elizabeth River Project,ELIZABETH RIVER PROJECT,≤100
103210743084765,Resonate,Resonate,≤100
320823520454,Enough Is Enough,Enough is Enough,≤100
127691390582,PHI,"PARAPROFESSIONAL HEALTHCARE INSTITUTE, INC.",≤100
106083028204653,Foresight Is 2024,Joseph Steven Silverii,≤100
106966761800754,Desert Colors,These ads ran without a disclaimer,≤100
250937275581234,Problk Health,Problk Health LLC,≤100
113205131621824,WorldOrder.News,WorldOrder.News,≤100
88410949777,Population Media Center,"POPULATION MEDIA CENTER, INC.",≤100
192013990902459,Roy Cooper,Cooper for North Carolina,≤100
239658882763974,Poverty USA by CCHD,UNITED STATES CONFERENCE OF CATHOLIC BISHOPS,≤100
633690159991806,Judge Wayne L. Mack,Judge Wayne L. Mack,≤100
488740674837681,198 Methods,198 methods,≤100
264403673724202,Lucile Packard Foundation for Children's Health,LUCILE PACKARD FOUNDATION FOR CHILDREN'S HEALTH,≤100
1914561178824972,Trumped,Christopher Charles Cooper,≤100
105348224679358,The Don't Unfriend Me Show,DONT UNFRIEND ME,≤100
189988117751886,Equality New Mexico,Equality New Mexico,≤100
1651571295102091,Xtreme World Class Whitetails of Ohio,These ads ran without a disclaimer,≤100
38236386996,LSU Press,LSU Press,≤100
112398721749303,pinkhairolelady_business,These ads ran without a disclaimer,≤100
480278498670815,Danimer Scientific,Danimer Scientific,≤100
102286035642350,Patriots for USA,USA Features Media LLC,≤100
408252582872693,Daniella Levine Cava,"Daniella Levine Cava, Non-Partisan, for Miami-Dade County Mayor",≤100
103128974521953,Michael Feggans for Delegate,Michael Feggans for Virginia,≤100
14893370225,Sustainable Harvest International,SUSTAINABLE HARVEST INTERNATIONAL,≤100
104006944272732,Honest Arizona,Advancing AZ,≤100
993294760683044,Education Reform Now,EDUCATION REFORM NOW ADVOCACY INC,≤100
258012354252280,Informing Christians,Debra J M Smith,≤100
103450222618100,Rep. Harriet Hageman,Office of Rep. Harriet Hageman,≤100
108180206470137,Iowans for Wind & Solar,270 Strategies,≤100
118457441224343,Gerbera Story,These ads ran without a disclaimer,≤100
1010134139097506,McKinley Broncos Football,These ads ran without a disclaimer,≤100
101267705869524,OLAS Media,OLAS Media,≤100
101105282464227,Sherwin-Williams Careers,These ads ran without a disclaimer,≤100
115851611042,The Max Foundation,THE MAX FOUNDATION,≤100
1545775885684426,Jason Miyares,Miyares for Virginia,≤100
926608980790166,Chesterfield Township Democrats,Chesterfield Township Democrats,≤100
1752211025000504,Wynona's House Child Advocacy Center,Senator Wynona Lipman Child Advocacy Center,≤100
421420145103641,William Everett Davis for Justice Court Judge,William Everett Davis,≤100
1804156426550062,Tim Kennedy for Senate,KENNEDY FOR SENATE,≤100
69118604016,Carnegie Institution for Science,Carnegie Institution for Science,≤100
268672113155656,The Expectations Project,THE EXPECTATIONS PROJECT INC,≤100
101754019446990,From the Big House to Your House,Catherine Esther Marinello,≤100
508244085895115,Lana Theis for State Senate,Committee to Elect Lana Theis,≤100
395691093823341,Family Values at Work,FAMILY VALUES AT WORK A MULTISTATE CONSORTIUM INC,≤100
109646645178346,Amazing Tales,These ads ran without a disclaimer,≤100
531368367387817,Point Blank Political,"Point Blank Political, LLC",≤100
2214875562101794,Andres for Mason,Andres for Supervisor,≤100
1808267912763476,Commissioner Herb Yardley,Herbert Yardley for Freeholder,≤100
116821227998416,Protect Women Ohio,Protect Women Ohio,≤100
317371771995065,AARP Arizona Hispanic Connection,AARP,≤100
108310235885897,Haymarket Books,"CENTER FOR ECONOMIC RESEARCH AND SOCIAL CHANGE, INC. THE",≤100
268701607752,HRC Chicago,These ads ran without a disclaimer,≤100
213191459362508,Steve Descano,Friends of Steve Descano,≤100
107031551357,Appleseed Network,Appleseed Foundation,≤100
101415254816106,[FB Test Page] Political Test Business Main Page,US org 1,≤100
110818941452003,Morehackz Stories,These ads ran without a disclaimer,≤100
235039782048,Array of Hope,ARRAY OF HOPE,≤100
1499911393420824,Welcoming Cumberland Presbyterians,Welcoming Cumberland Presbyterians,≤100
109465560444254,Roce Today,I-ROCE LLC,≤100
194626061640,Republican Party of Orange County,Republican Party of Orange County,≤100
100570968400093,BASE Southern Oregon,These ads ran without a disclaimer,≤100
103338614839717,Peter S. Wenz,Peter S. Wenz,≤100
1382031428685910,John Whitmire,John Whitmire Campaign,≤100
600641003420268,Point72 Careers,These ads ran without a disclaimer,≤100
136422180515,HEAL Utah,HEALTHY ENVIRONMENT ALLIANCE OF UTAH,≤100
107618578223660,California Courier,California Courier,≤100
130965453649891,Republican Party of Morris County,Morris County Republican Committee,≤100
1788530101402591,Rep. John McCravy,McCravy for House,≤100
300476911222,Middlesex County Democratic Organization,Scott for Sheriff and Middlesex Dems 2022,≤100
102392018062460,Delegate A.C. Cordoza,FRIENDS OF AC CORDOZA,≤100
103722464612904,Mercia Speaks,These ads ran without a disclaimer,≤100
1842341652707472,Legit Politic,Legit Politic,≤100
217187838327836,The Story Exchange,The Story Exchange Foundation,≤100
104916968538177,TIS 이주공사,TIS VISA CORPORATION,≤100
227535924071462,Animal Petitions,AnimalPetitions.org,≤100
105693485825062,305.tzoe,These ads ran without a disclaimer,≤100
102761426171491,Fairness America,These ads ran without a disclaimer,≤100
461831897361275,Options For Learning,These ads ran without a disclaimer,≤100
100931669113989,One of Us,These ads ran without a disclaimer,≤100
568103006940639,Law Office of Gary J. Kim,Law Offices of Gary J. Kim,≤100
478363116268504,Teamsters United Local 700,Benjamin Perez,≤100
287419001041,National Black Book Festival,CUSHCITY.COM INC,≤100
282678798501046,"City of Lancaster, PA","LANCASTER, CITY OF",≤100
104014811573804,Secretaría de Salvadoreños en el Exterior Nuevas Ideas,123 Digital LLC,≤100
215479992305641,Becoming Young,Becoming Young,≤100
1194016434062168,Salex-TV,123 Digital LLC,≤100
1620937204819048,Wildlife Trafficking Alliance,American Association of Zoological Parks & Aquariums,≤100
135308650091,Community Service Society of New York,COMMUNITY SERVICE SOCIETY OF NEW YORK,≤100
117947371248296,Tony Stratis for Mahoning County Recorder,Anthony Stratis for Ohio,≤100
126815818975,Global Fund for Children,GLOBAL FUND FOR CHILDREN (THE),≤100
112022491619318,American Apex News,Logan Thomas Corson,≤100
1602846363276801,Chris Winslow,Friends of Chris Winslow,≤100
105239511089757,Inmigrantes al Día,Inmigrantes al Dia,≤100
1552672398313642,Stoney Run Artisans Gallery,These ads ran without a disclaimer,≤100
100308912853619,Travelling Brad,These ads ran without a disclaimer,≤100
1021724717913869,Bantam Communications,Bantam Communications,≤100
240425642652222,South Florida Wildlands Association,South Florida Wildlands Association,≤100
183178002499514,Niamh M Middleton,Niamh M Middleton,≤100
207833736045744,MHAction.org,Patrick R. McHugh,≤100
110624247393153,Republican Ads,"Republican Ads, LLC",≤100
216052228433696,Arcus Foundation LGBTQ Social Justice,ARCUS FOUNDATION,≤100
205238189588054,"Race, Racism and the Law",Professor Vernellia Randall,≤100
104308875463441,Liz Ortega for Assembly,Liz Ortega for Assembly,≤100
103924366317577,"United American Indian Involvement, Inc.",Joseph Angel Quintana,≤100
350853689339623,strictly4daculture,These ads ran without a disclaimer,≤100
216069038487059,"The Nature Conservancy, Hawaii and Palmyra",NATURE CONSERVANCY,≤100
190990064264722,YWCA Evanston/North Shore,YWCA Evanston North Shore,≤100
113417134335063,The Radical Independent,Christopher William Jerome,≤100
104426314745971,Patriotic Nana - Margaret Saari Fast,Margaret Saari Fast,≤100
379447755558369,Parasight System,These ads ran without a disclaimer,≤100
2165441450136848,"Issues with Mail Order Pharmacy, Corporate Retail Pharmacy, & PBMs",Unite For Safe Medications,≤100
59543893235,National Constitution Center,National Constitution Center,≤100
110027621830665,Let's Talk Oconee SC,Let's Talk Oconee SC,≤100
692143357580562,64 Parishes,Louisiana Endowment for the Humanities,≤100
122401547841887,Cramer Products Inc.,These ads ran without a disclaimer,≤100
164771506031,Claremont Institute,"CLAREMONT INSTITUTE FOR THE STUDY OF STATESMANSHIP AND POLITICAL  PHILOSPHY, THE",≤100
103552914774916,Science Moms,"Potential Energy Coalition, Inc. with Facebook ad credits",≤100
326685867407425,City of Champions Sports,These ads ran without a disclaimer,≤100
116945211276055,Make America Florida,Logan Thomas Corson,≤100
183484875153093,Kim Monson Show,These ads ran without a disclaimer,≤100
401240226922554,VoLo Foundation,VoLo Foundation,≤100
671704926189978,Dan Benson for NJ,Friends of Dan Benson,≤100
257303134314653,YWCA Duluth,YOUNG WOMEN'S CHRISTIAN ASSOCIATION,≤100
759445934106620,Women Walking in Victory and Empowered Men,These ads ran without a disclaimer,≤100
103238778955825,Southern Africa Field Conservation Project,These ads ran without a disclaimer,≤100
261427534218882,we are,WORKING TO EXTEND ANTI-RACIST EDUCATION,≤100
56074851990,Truth Initiative,TRUTH INITIATIVE FOUNDATION,≤100
203583423017526,National Immigration Law Center,National Immigration Law Center,≤100
123465827403520,Elect Cindy A. Re for Lamar County Attorney,Cynthia  Ann Re,≤100
70090474914,American Farmland Trust,"AMERICAN FARMLAND TRUST, INC",≤100
170958466282043,League of Women Voters of Greater Dayton Area,Mary E Robertson,≤100
138920486202280,VOTE411,League of Women Voters Education Fund,≤100
188607107843102,Texas Values,TEXAS VALUES,≤100
104521238896557,June Marie Paintings,June-Marie Paintings,≤100
1571401929773000,North County  Climate Change Alliance,North County Climate Change Alliance,≤100
103929304678916,Voter Action Project,Integrity First Voter Action Project,≤100
105351328589712,mikekostantakis,These ads ran without a disclaimer,≤100
19990774371,Delegate Nic Kipke,Friends of Nic Kipke,≤100
315402818913523,Rep. Ralph Norman,U.S. House of Representatives,≤100
110478361801170,Primmitive,These ads ran without a disclaimer,≤100
101759426184502,David Flippo,DAVID FLIPPO FOR NEVADA,≤100
1066028990105772,Pacific Remote Islands Coalition,RESOURCES LEGACY FUND,≤100
530565677106156,Elect Maurice Brown,Friends of Mo Brown,≤100
105800435721037,The Right Hour,Logan Thomas Corson,≤100
269908037561,Missourians to Abolish the Death Penalty,Missourians to Abolish the Death Penalty,≤100
186314388125261,National Council of Jewish Women Arizona,National Council of Jewish Women Arizona,≤100
40201530406,American Society of the University of Haifa,James Samuel Fattal,≤100
250712581685125,Joe Saunders,Joe Saunders for State House,≤100
683095228488145,Scott McKnight,The Scott McKnight Campaign,≤100
314311252514523,Congressman Pete Stauber,Congressman Pete Stauber,≤100
559407500786580,ECA Hunting and Trade Shows,These ads ran without a disclaimer,≤100
114367411255959,Families for Irving PAC,FAMILIES FOR IRVING,≤100
764284030332485,Abortion Access Front,Abortion Access Front,≤100
117656194651888,Joe Magazine for Miami Beach Commissioner,JOE MAGAZINE FOR MIAMI BEACH COMMISSIONER,≤100
90373196485,South Carolina Policy Council,South Carolina Policy Council,≤100
108631782216597,Freddy Ramirez for Sheriff,FREDDY RAMIREZ FOR SHERIFF,≤100
105334892381660,AmericanTowns Politics,AMERICAN TOWNS,≤100
115425348179816,sca_construction_,These ads ran without a disclaimer,≤100
114323964716,Beef Checkoff,These ads ran without a disclaimer,≤100
127172090298842,Greg Baka for Supervisor,Greg Baka For Supervisor,≤100
127668823933246,The NewDEAL,NEWDEAL,≤100
392189600337,Minnesota Nurses Association,"MINNESOTA NURSES' ASSOCIATION, THE",≤100
101437601951447,The Georgia Virtue - Bulloch,The Georgia Virtue,≤100
111216678620646,Solar4Pools,These ads ran without a disclaimer,≤100
1832245947018802,Chris Rose for US Senate - WV,ROSE FOR WEST VIRGINIA,≤100
103433804692809,Law Offices of James S. Hong & Associates,Law Offices of James S. Hong,≤100
111110481033041,JR Majewski,JR for Ohio,≤100
106124975682358,Jimmy Fondren for Mississippi House District 111,Committee To Elect Jimmy Fondren,≤100
613973135323657,New Horizons House,These ads ran without a disclaimer,≤100
150296443022,Sporting Sota,These ads ran without a disclaimer,≤100
105241441562595,Bob's Hideout - Stories,These ads ran without a disclaimer,≤100
118954794421240,Ukraine Focus,These ads ran without a disclaimer,≤100
728745887260738,Ben Queen,Friends of Ben Queen,≤100
105630098892265,Open up The OC Shelter,These ads ran without a disclaimer,≤100
874626839250526,Southbound and Down,These ads ran without a disclaimer,≤100
108644181895837,Online service center BD,These ads ran without a disclaimer,≤100
553269484686930,Bautista for Commissioner,Bautista for Commissioner,≤100
106095601125529,"Reaching Everyone In Distress Foundation, Inc.",Reaching Everyone in Distress Foundation Inc.,≤100
101949155245965,Graduatez - Campus Life,These ads ran without a disclaimer,≤100
101500922490329,Studio 3,Jamie Moshe Straz,≤100
120798810959571,Elect Jake Sullivan For Sheriff,Jake Sullivan For Sheriff,≤100
101422986006149,Dyme.Earth,Dyme Digital Inc,≤100
311536622860495,SoCal Daily Pulse,SoCal Daily Pulse,≤100
103629075847121,DIA,DIA LLC,≤100
102263688280674,The People's Forum: Civil Dialogue between the Right and the Left,Michael Robert Mccormick,≤100
119521264725553,Q21,These ads ran without a disclaimer,≤100
89151782746,Fauna & Flora,These ads ran without a disclaimer,≤100
115803421520932,Bonja Informa,These ads ran without a disclaimer,≤100
344692181184,IKravMaga school for Self-Defense,These ads ran without a disclaimer,≤100
108695130532312,Daily Health Hacks,These ads ran without a disclaimer,≤100
87243838116,Apóstol Gustavo Paez,These ads ran without a disclaimer,≤100