﻿Page ID,Page name,Disclaimer,Amount spent (INR)
102861739422105,Kuldeep Rai Sharma,Policy Briefcase,198
143609916516,Naukri.com,These ads ran without a disclaimer,≤100
404746486258732,Project Nanhi Kali,Project Nanhi Kali,≤100
1954072204870360,NEWJ,Anant Bhardwaj,≤100
104516512296314,Kartikeya Sharma,Kartikeya Sharma,≤100
326102339565,Oxfam India,Oxfam India,≤100
100549119644561,Jo Ram Ko Laye Hain Hum Unko Layenge 2024,Abinash Moharana,≤100
670321879700525,Swarajya,Swarajya,≤100
358964791146343,TheMathCompany,TheMathCompany,≤100
104736419210593,PACE INDIA,PACE - PET PACKAGING ASSOCIATION FOR CLEAN ENVIRONMENT,≤100
107395897271506,Kutumb,Swatantra Verma,≤100
101906741486651,Meera Cleanfuels Limited,These ads ran without a disclaimer,≤100
523121567889527,Jitender Kumar Bhardwaj,Jitender Kumar Bhardwaj,≤100
201297423396745,Rajendra Agarwal,Ishan Agarwal,≤100
103782051383159,School of Politics,School of Politics,≤100
102218576103904,Badlaav ki Aandhi Priyanka Gandhi,Badlaav Ki Aandhi Priyanka Gandhi,≤100
104819985853284,V6 Digital News,V6 Digital News,≤100
116383754696955,Antardhwani - The Inner Voice,Antardhwani,≤100
108531050841926,Shanu Yadav,Shanu Yadav,≤100
100328978216424,"Fight Pollution, Not Plastics",Nitesh Singh,≤100
111132015103321,K R Sridhara Reddy,K R Sridhara Reddy,≤100
122131984855152,Dr. Debraj Shome,Dr. Debraj Shome,≤100
145235542494307,Vivek Thakur,Vivek Thakur,≤100
1598548487048992,Basavaraj Bommai,Basavaraj Bommai,≤100
109986065209042,Mera Apna Rahul,MeraApnaRahul,≤100
110115671863420,Kacche Din,Kacche Din,≤100
103251851710926,Akula Srivani,Anjan Kumar Akula,≤100
285029500623,CARE India,CARE India,≤100
114988526601933,Subhashini Sharad Yadav,Rajkamal Rao,≤100
797927846899300,Flag Foundation of India,Flag Foundation of India,≤100
104052753400618,Union Bank of India,Goldmine Advertising Limited,≤100
811330598995413,Jagadeesh Gudagunti,Kice Media,≤100
210251616112761,India Development Review,India Development Review,≤100
132309676835568,Lokmat,Pranoti Vasant Dalvi,≤100
224618077692752,Sanjay Tandon,Saraansh Tandon,≤100
101713962007976,Amrit Mahotsav,Amrit Mahotsav,≤100
165714096933078,Piyush Goyal,Piyush Goyal,≤100
1667882310017329,Navbharat Gold,These ads ran without a disclaimer,≤100
1598548487048992,Basavaraj Bommai,Adarsh Pandey,≤100
100735178208398,Udyami India,Samadhan Samiti,≤100
501312639983943,Manish Jaiswal,manishjaiswalbjp,≤100
100579492974806,गरीबों का मोदी,Abinash Moharana,≤100
724391514270755,Taduri Srinivas,Taduri Uday Kiran,≤100
450278998763719,Yogendra Gohil,Saurabh Bhupendrakumar Patel,≤100
102106021886833,A K Sharma,Harish Sahrawat,≤100
108080828884036,Gehlot Phir Se,DesignBoxed,≤100
685881558130468,Kamal Nath,Abhay Tiwari,≤100
100475508592062,Sitaram Poswal,Bhagatsingh,≤100
2238940452991193,Santosh Pandey,Kunal Jitendra Ajmera,≤100
106227365759622,Durgesh Dhaker,Goldy Tyagi,≤100
295405070641302,Balraj Kundu,Pankaj Sharma,≤100
1559470284286071,M.K.Somashekar,Pranusha Mysore Somashekar,≤100
102890944795952,Vijay Kumar Yadav,Vijay Kumar Yadav,≤100
526222491203445,The Chaupal,Adv Tech,≤100
243524299157863,Pushkar Singh Dhami,Pushkar Singh Dhami,≤100
1785302198354679,Dr. Somendra Tomar,Somendra Singh,≤100
33497111948,Child Rights and You,These ads ran without a disclaimer,≤100
102336812784306,Navonmesh Foundation,Ganesh Kumar,≤100
640369399392914,Baijayant 'Jay' Panda,Baijayant Panda,≤100
112475780481777,Bahadur Singh Chouhan,Manoj,≤100
408255699307921,Dr. Manoj Rajoria,Saurabh Saini,≤100
108105565477389,Shankar Sudhakar Shingare,Aslam Afroz Kazi,≤100
100473756790047,Dungar Ram Gedar,Dungar Ram Gedar,≤100
1571167366231304,Ramakant Bhargava,Saket Bhargava,≤100
295639383836442,Agewell Foundation,Aanchal Gupta,≤100
250007248502240,Golu Shukla,Modi For PM Organization,≤100
105671775473178,Jan Suraaj,Jan Suraaj,≤100
103207392085077,JP Valluru,Anshika Srivastava,≤100
108861325372008,Bharat Bhagya Vidhata,BharatBhagyaVidhata,≤100
184278081698180,Ashok Gehlot,Ashok Gehlot,≤100
746568209028564,Dr. Basu Eye Hospital,Dr. Basu Eye Hospital,≤100
271711770069401,सुरेश धाकड़ राठखेड़ा,Gajendra Verma,≤100
1436418516569943,Dr. Ashishrao R. Deshmukh,Swapnil Sudhakar Narad,≤100
162341030447825,Whistling Woods International,Whistling Woods International,≤100
698096280212576,Bhatti Vikramarka Mallu,Bhatti Vikramarka Mallu,≤100
107183428120144,Dr C Saraswathi,Dr. C. Saraswathi,≤100
520972198086866,BJP Punjab,Bharatiya Janata Party (BJP),≤100
524665794408050,CASA,Arushi Narchal,≤100
550287678727831,Bharath Reddy Ravula,Bharath Kumar Ravula,≤100
1955301821451552,Abhishek Dutta,Abhishek Dutta,≤100
390976557590103,I Support Narendra Modi,I Support Narendra Modi,≤100
367693910079524,Mohit Jaswant Yadav Page,Mohit Yadav,≤100
104594334484048,Rajat Ullagaddimath,Gundala Rahul,≤100
150727778825020,Mobius Foundation,Mobius Foundation,≤100
479998865355592,Aditya Birla Group,Aditya Birla Group,≤100
1638967673052084,Narendra Budania,Engitech Media,≤100
959860307481002,Kasu Mahesh Reddy,Thulasiram Banduchode,≤100
1927351340858687,ಬಿ ಪಿ ಹರೀಶ್,Gowda Basavana,≤100
414822692663213,Anurag Vishwanath Sharma,Yogesh Raikwar,≤100
101032458576250,जनक आयुर्वेदा,Manisha,≤100
346967155652729,Rajveer Diler,Kuldeep Sharma,≤100
111872195073358,Kusum Sharma - Mona,Vcsmedia,≤100
104908641373434,Anukriti Gusain Rawat,Anukriti Gusain,≤100
1924627484438235,Arlak Ayurveda,Swati Dhiman,≤100
1706371292942156,"Ministry of Development of North Eastern Region, Government of India","Ministry of Development of North Eastern Region, Government of India",≤100
333426070147135,Benny Kuriakose Associates,Benny Kuriakose Associates,≤100
110636614855079,Rajib Chowdhury,Rahul Chakraborty,≤100
140624336584770,Yogender Pal Singh Champawat,Akash Singh,≤100
109340175425667,Manoj Mishra Fan Club,Abhijeet Shesh,≤100
285403455681355,Railway Children India,Railway Children India,≤100
328392384265218,Hasmukh Gehlot,Hasmukh Mohanlal Gehlot,≤100
112702190274060,Cummins India,These ads ran without a disclaimer,≤100
375141272567406,Ravindra Chavan,Ravindra Chavan,≤100
114233898263244,Indian Compass Videos,theindiancompass.com,≤100
321228061382932,Pt. Shekhar Dixit,Websofy Software Private Limited,≤100
213839668641820,Dr. Anil Jain,Brand Recourse Technologies,≤100
153891144797146,Uttam Kumar Reddy,Ashutosh Mishra,≤100
108317665490916,Satyen Srivastava,Naveen Singhal,≤100
110567359036728,ActionAid Association,These ads ran without a disclaimer,≤100
170484126349815,Indian Cancer Society,Indian Cancer Society,≤100
101964264562944,Sanjay Singh Gangwar,Sanjay Singh Gangwar,≤100
103544656778013,Dr Akhilesh Prasad Singh,Akhiles Prasad Singh,≤100
101328314869205,Atal Amrit Abhiyan Society,Atal Amrit Abhiyan Society,≤100
393768164105774,Parimal Nathwani,Parimal Nathwani,≤100
1718123505168458,K.K. Vishnoi,Engitech Media,≤100
537021156329658,Sukhbir Singh Jaunapuria,Pankaj Sharma,≤100
168545223213479,Omprakash Hudla,Pankaj Sharma,≤100
1418900388350146,RAGHURAJ SINGH,Raghu Raj Singh,≤100
1932900346831325,Rajesh D Sanghvi,Rajesh Dineshchandra Sanghvi,≤100
102629769295273,Rahul Dongle,Rahul Dongle,≤100
132689140088396,smilefoundation,Smile Foundation,≤100
384000501947350,Devendra Yadav,Think First,≤100
713416382011902,Sahil Shivaji Kedari,Sahil Shivaji Kedari,≤100
100589847991303,English NEWJ,Anant Bhardwaj,≤100
102466454588593,Suman TV News Telugu,PlayEven Info Pvt Ltd,≤100
100502312031923,Surendra Pathare,Maithili B Godbole,≤100
105694514269834,North Eastern Region Community Resource Management Society,Shrinivas Ravichandran Nadar,≤100
241940555912671,Chandigarh University,Chandigarh University,≤100
102370509068053,News Junction,Parveen,≤100
169530713646015,Digital Mantrik,Digital Mantrik,≤100
1408837089361736,Banappagari Venkat reddy,Banappagari Naren Sai Reddy,≤100
100544056338598,नरेंद्र कुमार आर्य,Suman Media Broadcasting Pvt. Ltd.,≤100
101564641386325,Anand Bharose - आनंद भरोसे,Rajratan Baburao Gore,≤100
109034074092751,Rakesh dayma alote,Rakesh dayma alote,≤100
1418935438334570,Amar Sable,Samyak Amar Sable,≤100
118227367824577,Garuda Aerospace Pvt Ltd,Garuda Aerospace Pvt Ltd,≤100
1675237799375590,Chandra Mohan Patowary,Jitendra Newatia,≤100
695738973874352,Dr. Sumer Singh Solanki,Sumer Singh Solanki,≤100
1171462299729165,Sandeep Singh Deswal,Navdeep Sehrawat,≤100
101159298729505,News Gallery,Goldy Tyagi,≤100
1539884952921760,Ravindra Sahu Jhoomarwala,Hemant Kushwaha,≤100
100948094985536,Humaid Shakeel,Sunil Kumar Prajapat,≤100
101854318835394,Abdur Razzak-আব্দুর রাজ্জাক,Injamul Hoque,≤100
1489647731256741,Dr Jitendra Singh,Ayush Deshpande,≤100
105919999093332,Hindi18News/हिन्दी 18 न्यूज,Hindi18News/हिन्दी 18 न्यूज,≤100
115690524741129,Rajdhani TV,Rajdhani TV,≤100
100417006046204,Nayan Kumar,Nayan Kumar,≤100
854256021383031,Vinod Sevan Lal Chandrakar,Tukesh Kumar Ratre,≤100
106261054498841,Advocate Rajat Bhargava,Rajat Bhargava,≤100
108536391949423,जनसेवक मंच,Pankaj Sharma,≤100
464077823932687,Rajat Vaishnav,Vinay Kumar Batham,≤100
547446695324625,Vijay Laxmi Gautam,Madan Mohan Tiwari,≤100
104821051909550,खास बात,Aksh Bhargava,≤100
102881635959815,Bhisham sharma ex mla,Bhisham Sharma,≤100
110120115042838,Ramesh Choudhary,GRIP AMATYA PVT. LTD.,≤100
104771888453680,Rahul Hanumantrao Bhosale,Rahul Hanumantrao Bhosale,≤100
163117930522603,Kommune,Kommune,≤100
186199704897466,RD Foundation,RD Foundation,≤100
103292795931731,Rihasat khan,Akash Singh,≤100
203181590261286,Bhanu Pratap Singh,Pankaj Sharma,≤100
162115051234970,Dharmendra Singh Lodhi mla,Dharmendra Singh Lodhi,≤100
1656810004631832,Youth 4 BJP,Adv Tech,≤100
104765761522667,Pankaj Dawar,The Social Prachar,≤100
108015368279979,Solh Wellness,Omlogic consulting pvt. ltd.,≤100
475898282465005,Dr K Laxman,Vijay Kumar Tapadia,≤100
224787738121110,Manan Dani,Mananbhai Jatinkumar Dani,≤100
107725901457936,New Mother,Neelufer Mulla,≤100
1819660801646864,Akhilesh Tiwari,Akhilesh Tiwari,≤100
121970731329322,Political Tamaasha,Political Tamaasha,≤100
106477475650941,Mulubhai Bera,Piyush Mantri,≤100
276512419511205,Kathi Karthika,Policy Briefcase,≤100
103128038354073,NRI CELL BJP Haryana,Navdeep Sehrawat,≤100
216506801885954,Pankaj Chaudhary,Yash Bagh,≤100
104649209199401,Dr. Roop Singh,Surbhi Kumari,≤100
110132160741768,Polstrat,Polstrat Communication,≤100
604343229676376,Rajkumar Badole,Uday Sanjay Pofali,≤100
1360805680600676,Sandeep Kshirsagar,Yogesh Padmakarrao Pawar,≤100
1594765830853380,Khajan Dass,Neeraj Bharti,≤100
380332062091845,Dr. Vijay Kumar Rai,Vijay Kumar Rai,≤100
113358511675853,Tarlochan Singh,Book My Promo,≤100
102255422772071,Mahesh Jethmalani,Mahesh Jethmalani,≤100
109550684525768,Doddareddy Prathap Reddy YSRCP,Gogireddy Sai Vaibhav Reddy,≤100
994578073995343,B. L. Verma,Sourabh Arvind Dubey,≤100
105352618893717,Shankar yadav,Shankar yadav,≤100
1605228336405086,Pankaj Choudhary,Pramender Kumar,≤100
2221499791511001,Amit Chachan,Bharat Bhusan Chachan,≤100
112061804808512,Bihar State Sports Authority - BSSA,Ajit Kumar,≤100
102617005585949,Ashok Jayaram,Vijay S,≤100
674757045920691,Jayadev Galla,Aditya Vemulapalli,≤100
100196004828444,North Eastern Council,Sourabh Arvind Dubey,≤100
197799933601096,Pujya Shashi Prabha Ji,Madan Mohan Tiwari,≤100
100209284764906,Anita Saxena,These ads ran without a disclaimer,≤100
137957159747076,Tarun Rathi,Rajesh Madanlal Agarwal,≤100
102744141863451,Deepak Dandoriya,Deepak Dandoriya,≤100
103559176007139,Me_Karthicksk,These ads ran without a disclaimer,≤100
1966700650252559,Jitendra Sharma,Jitendra Kumar Sharma,≤100
102643838573054,Badam Devi Verma,Bhagwan Sahai Shyoran,≤100
708994425878702,Sandeep Namdev BJP,Sandeep Namdev,≤100
100454139256426,seafinsofficial,These ads ran without a disclaimer,≤100
104544725898832,Sangeeta Shah Bjp,Sangeeta Shah Bjp,≤100
912096938897209,Vijay Singh,Vijay Singh,≤100
196338294250820,Rohit Gangwal,Modi For PM Organisation,≤100
279484519067006,Anil Chopra,Ganesh Thapa,≤100
1919704441684688,Rakesh Sachan,Manvendra Sachan,≤100
102111112713801,Daman Sethi,Utkarsh Srivastava,≤100
112202337794471,Global Middas Foundation - Charitable Organization,GLOBAL MIDDAS FOUNDATION,≤100
104633612411419,Dr Samir Kagalkar,Dr Samir Kagalkar,≤100
107014703325591,Ranjeet Patel,Prashant Gupta,≤100
102897188475391,Dr. Bhaben Choudhury,Rohit Githala,≤100
274625602685907,Nayab Saini,Praveen,≤100
1990164841305127,Ludhiana Times,Ludhiana Times,≤100
1433894153522813,Pramod Bhaya,Kapil Sain,≤100
231167140371342,Kanhaiya Lal Choudhary,Raghunandan Sharma,≤100
110610365217910,Moti Singh Shekhawat,Nilesh Sharma,≤100
327435757385465,Jaisingh Agrawal,Jaisingh Agrawal,≤100
1544510159211244,Udayan Guha,Udayan Guha,≤100
100798632358057,Shiv Kumar Sahu,These ads ran without a disclaimer,≤100
112326528253527,Apex Online Solution,Ajay Tiwari,≤100
116188663565362,Kapil Dua,Subhasini Singh,≤100
172182742974160,Chunni Lal Sahu,Chunni Lal Sahu,≤100
109352055422391,Aditya Vikram Jaswal,Palaksys,≤100
111112337095269,Sivasaami Kandasamy,Sivasaamik,≤100
1477892872456549,Rajkumar Chahar,Karan Singh,≤100
110847490543428,Vipul Kumar Salwan,Vipul Kumar Salwan,≤100
362309980970515,Afsaana-Poets Column,Anmolika Watal,≤100
565714670143123,Ashok Saini,Engitech Media,≤100
289085061102499,Sukhwinder Singh Bindra,Sukhwinder Pal Singh,≤100
444000972398140,Dr. Ajay Dharam Singh,Ramkishan Singh Maninder Singh,≤100
385658441549334,Deepak Bhati Chotiwala,Dipak Bhati,≤100
1783001841927248,Nutan Odisha,Niti Pollsters Private Limited,≤100
105940537995682,Deepesh Tandel,Bharatiya Janata Party,≤100
1773057776313343,Gautam Gambhir,Prashant Sharma,≤100
2016227035330751,Viral Sach,Viral Sach Online Media,≤100
2095140507231761,Valluru Jayaprakash Narayana,Anshika Srivastava,≤100
1587393841473816,Ravi Rautela BJP,Balram Singh,≤100
113728088322442,Mudra Loan Provider,These ads ran without a disclaimer,≤100
1774130362804630,Indian Team Fans,Adv Tech,≤100
105999155405710,Pandit Avadh Sharma,Pawan Kumar Sharma,≤100
109919117088960,Vivek Shrikant Pandey,Vivek Shrikant Pandey,≤100
1783001841927248,Nutan Odisha,Cloud & Loud Communications,≤100
106949818442504,The Water Chronicles,Prithviraj Nath,≤100
112132937023603,Nandlal Chauhan,Nandlal Chauhan,≤100
107309831846800,उपेन्द्र सिंह,These ads ran without a disclaimer,≤100
348786758473663,Ashok Singh,Bharat Kushwah,≤100
107160047540512,CareMedico,CareMedico Medtech Private Limited,≤100
110082214175100,Aerocity - Kushinagar,These ads ran without a disclaimer,≤100
108543794953284,Dr.Sidharth Aswal,Shiv Shankar Acharya,≤100
102384215104249,Super Screws Pvt Ltd,These ads ran without a disclaimer,≤100
1116604591824005,Sandeep Garg,Sandeep Garg,≤100
1153289828179398,Dimpal jain,Dimpal Jain,≤100
531226990679841,Uppala Ramu,Gogireddy Sai Vaibhav Reddy,≤100
833013117032671,Bhuwan Joshi,Bhuwan Joshi,≤100
105866742441036,E Mudra Loan,Govind Panda,≤100
101729609525138,Gupteshwer Gupta,Kumar Ratnam Sharma,≤100
431454157629297,Mukesh Ahlawat,Nitish Kashyap,≤100
110234802005624,रामसेवक गोपालगढ़,Praduman Meena,≤100
109546308136398,Sankar Dutta - শংকর দত্ত,Bholanath Dey,≤100
106517211279292,Rajesh Katewa,Rajesh Katewa,≤100
102838152104730,Bjp kisan Morcha punjab,Ashish Soni,≤100
2610079412396734,Amaresh Rai,Amaresh Kumar Rai,≤100
213947398791863,Dhananjai Singh Khimsar,Dhananjai Singh,≤100
107792554485544,Dr. Amit Singh Chauhan,VC infotech,≤100
103439354790718,மு. தேவராஜ்   தி மு க -வேலூர் மாவட்டம்,M Devaraj,≤100
103088902327676,Dwarka Kunj,Rahul Tiwari,≤100
100195048804779,KRJ Bharath,Gogireddy Sai Vaibhav Reddy,≤100
1701369040086950,ANIL JAIN MLA,Arjun Sharma,≤100
660476430787331,Gaurav Pandhi,Gaurav Pandhi,≤100
104321448836243,टीम आशुसिंह सूरपुरा,Tinkershala,≤100
1001966503224008,Happy Faces Vadodara,Happy Faces Vadodara,≤100
647353902009584,Dr. Nilam Yadav,Nilam Yadav,≤100
112724678399283,dharmender_bhati26,These ads ran without a disclaimer,≤100
2083370235035165,Yogender Singh Chhonker,Karan Singh,≤100
110206874802310,Anila Bhendia,Badri Narayan Jangid,≤100
109138840964904,Mahendra singh,Mahendra Singh,≤100
1088373891289696,Kamal yadav,Akash Singh,≤100
1613686538669654,Ashok Singhal Foundation,Digital Xplode,≤100
107987368257362,NM Naveen Kumar - ಎನ್ ಎಂ ನವೀನ್ ಕುಮಾರ್,Naveen N M,≤100
2238647176463048,Dr.Vijender Singh,Anshul Kumar Gupta,≤100
1882282868540655,K.S. Chauhan,Simer Simer Deep Singh,≤100
1453734461523903,Siddharth Shirole,Siddharth Shirole,≤100
104122195260035,Bharti Tarun Kaushik Bhaiya Ji,Tarun Kumar Kaushik,≤100
109551095231534,Prashant Parashar,Prashant Parashar,≤100
194224937736547,Zaid Nizamuddin Khan,These ads ran without a disclaimer,≤100
1496424467320334,Bhagirath Yadav,Pukhraj Choudhary,≤100
182600871930746,Sujata Paul - India First,Sujata Paul,≤100
533269740489273,Shivbhagwan Naga,Shivbhagwan Naga,≤100
148205735617120,Navrang TV,Navrang TV,≤100
1692446997478851,Divy Trivedi,Vikas Acharya,≤100
1194392907305611,Ram Niwass Yadav,E-WEB CULTURE,≤100
101613628900010,Smartway Wellness Pvt. Ltd.,Bhoomi Harendra Mistry,≤100
455447354644551,Sabir Ali,Sabir Ali,≤100
113547448334699,Online E Mudra Loan,Ramlakhan Basor,≤100
1802523420012948,Pratap Singh Khachariyawas,Anirudh Sharma,≤100
679159028834779,ममता मीना,Mamta Meena,≤100
802311956513987,Rahul Singh,Rahul Singh,≤100
100931599132399,Arun Sharma,Arun Sharma,≤100
2078242259060363,Kukufm,Mohana Saha,≤100
101866162834201,amardeep,These ads ran without a disclaimer,≤100
1045805345546273,Ashish Sharad Deodhar,Ashish Sharad Devdhar,≤100
103858322283790,रविंद्र चव्हाण For BJP महाराष्ट्र,Bhajahari Pandit,≤100
104441248861952,Neelam Aggarwal,Pankaj Sharma,≤100
100301782942905,Cipaca Giridih,These ads ran without a disclaimer,≤100
449999198837986,Nayan Dubey,Nayan Dubey,≤100
521034828342719,Harshita Swami Baghel,Arshad Ansari,≤100
107203265064164,Gyaneshwar Singh,Gyaneshwar Singh,≤100
102323545504609,Rama Devi Chopra,Rama Devi Chopra,≤100
1806741026226045,Ramawatar Bijarnia,Narendra Singh Pachar,≤100
354210368277318,Diwan Singh Bisht MLA,Sandeep Bhardwaj,≤100
2300402240284352,Sadhvi Prachi,Amar Khandelwal,≤100
423874327718687,Vikas Bhagat Fans Page,Sandeep Mishra,≤100
106802937934432,Padma venkat reddy,Banappagari Naren Sai Reddy,≤100
1511829065618821,Om Prakash Rai,Om Prakash Rai,≤100
145703105530196,Brahmachari Chaitanyanand Ji,Prashant Gupta,≤100
102829916073446,Vikas Bhagat,Sandeep Mishra,≤100
108497578583588,Janpeace Live,Trishanu Kaushik,≤100
116873767961615,arepally_vishal,These ads ran without a disclaimer,≤100
108876485276351,Hiralal Choudhary,These ads ran without a disclaimer,≤100
1700294676856819,Rahul Kothari,ANUBHAV JAIN1,≤100
1935128343433294,"Sri Shyam Sundar Singh ""Dhiraj""",Shyamsunder Singh Dheeraj,≤100
184848438961199,Surya Singh,Surya Singh,≤100
223954404698374,Rajesh Kumar Yadav,Ijesf Kumar,≤100
282167225613953,Sharad Jain,Sharad Jain,≤100
101697616081600,virendra_thakur___,These ads ran without a disclaimer,≤100
472844082918408,Atik Kapadia,Krunal Ravindra Dalvi,≤100
574169982632189,Dr. Samarjit Singh,Laxman Singh,≤100
111576633954789,Ashwani Sharma,Ashwani Sharma,≤100
2206070859406490,Ashok Chaudhary,Ashok Chaudhary,≤100
447540119348781,Gali Somasekhara Reddy,Venkatesh Hari Krishna,≤100
396463684278799,Chanchlesh Vyas,Chanchlesh Vyas,≤100
647918021924149,Ram Rajya Prashasan- राम राज्य प्रशासन,Amit Kumar Pathak,≤100
177924969696841,Rajendra Tiwari,Shivam Dubey,≤100
109735351891742,Apex India service,Ajay Tiwari,≤100
104000639186504,Vivek Subba Reddy for Jayanagara,Vivek Subba Reddy for Jayanagara,≤100
121194765407934,Katasani Rambhupal Reddy,Gogireddy Sai Vaibhav Reddy,≤100
784075998321022,Annu Pandit BJP,Annu Pandit BJP,≤100
113073133805731,Desh Ki Baat Foundation,Krishna Kumar Yadav,≤100
1397767487148044,Jaidatta Kshirsagar,Jaydatta Sonajirao Kshirsagar,≤100
767805023307544,Santosh Kumar Singh BJP,Akash Singh,≤100
100423322637137,Kawasi lakhma,Dhaval Kumar Jain,≤100
666124073514146,Anil Yadav,Anil Yadav,≤100
140072696102301,Pankajkumar Desai,Pankajkumar Vinubhai Desai,≤100
107605957856546,Narendra Yadav,Narendra Yadav,≤100
1336557693042370,गाज़ीपुर की आवाज,Anup Kumar Jaiswal,≤100
761826677309909,Bhupinder Lather,Book My Promo,≤100
103615311416005,Harshvardhan Singh Kushwah,Mayank Patel,≤100
151640195016242,Madhusudan Bhinda,Narendra Singh Pachar,≤100
111560924353656,Swetha Reddy,Rajendra Reddy Bhuvanagiri,≤100
228053777220961,Daily Ajit,Daily Ajit,≤100
116997354325105,Wg Cdr Anuma Acharya,Wg Cdr Anuma Acharya,≤100
739221966159227,Rajesh Singh,Adv Tech,≤100
643001122724792,Shambhu Kumar,Punit Kumar Pandav,≤100
191094667645290,Sonalac Paints & Coatings Ltd.,These ads ran without a disclaimer,≤100
445527218918991,Satish Jaiswal,Akash Singh,≤100
2110054282643467,Virender Singh Kadian,Nitish Kashyap,≤100
104595735374833,रविंद्र चव्हाण - नेता जनसामान्यांचा,Bhajahari Pandit,≤100
2213485822259579,Deepu Anchal,Deepu Vijayan,≤100
825870624112435,Ramesh Chandra Ratn,Arun Sharma,≤100
774085386059198,Voice Of Healthcare,Voice Of Healthcare,≤100
140064983547766,Village Express TV,Arvind Kumar,≤100
1644165492504830,Ramoji Gowda,Ramoji Gowda,≤100
102983308949343,Binod jaiswal,Vibhav Pandey,≤100
1079690402062466,Vikram Thakre,Mangesh M Dhage,≤100
367693910079524,Mohit Jaswant Yadav Page,These ads ran without a disclaimer,≤100
2156330694593998,Priyanka Pravin Barse,Priyanka Pravin Barse,≤100
634441299924327,Hari Om Pandey,Hari Om Pandey,≤100
203795313615859,PDTV News,Sandeep Gowda Undrakonda,≤100
100711749611083,Bharat Kaushik,Bharat Bhushan,≤100
201156146959026,Mohinder Bhagat,Mohinder Paul,≤100
665529370173046,CSR Magazine - Corporate Social Focus,CSR Magazine - Corporate Social Focus,≤100
1612012092202484,Bharat patwari,Bharat patwari,≤100
256786777695561,Anil Deshmukh,Vaibhav Gajendra Tumane,≤100
112864821709857,Natraj company pen pencil homework job 30000 salary 15000 advance,These ads ran without a disclaimer,≤100
127932930638411,Adoor Prakash,Jiji T Jacob,≤100
114142491616490,Hanuman Sahay Gurjar,Indra Kumar Chopra,≤100
100837426248538,Team Shubham Sharma,Rahul Kumar Srivastava,≤100
111654838334899,सीताराम पोखरियाल,Akash Singh,≤100
113367904125545,Sayan das,Sayan Das,≤100
110184641585509,MAKUM Media,Lourembam Iranjoy Singh,≤100
138927162813391,Dailyhunt,Verse Innovation Pvt. Ltd.,≤100
429682080539661,Devender Singh Rathore,Abhay Singh Rao,≤100
111933340534949,Anand Garg,Jugal Meena,≤100
102250202270791,Karni Singh Ladnun,Karni Singh Rathore,≤100
114575350669010,Ludhiana PLUS,Aditya Mohindra,≤100
104860424918954,दिल है हिन्दुस्तानी,Abhijit Kumar,≤100
324431637935197,We Support Narendra Modi,Adv Tech,≤100
108115461913033,Shubham Mishra,Arun Pratap Singh,≤100
100964012405796,MLA Dr. Saptarshi Banerjee,Arpan Saha,≤100
108828628393591,Lakshay Chauhan,Akash Singh,≤100
102339448282189,विवेक कुमार वर्मा,Alok Verma,≤100
102091768921733,Ashok dubey bjp,Prashant Mahton,≤100
243905136121906,Dr. Jury Sharma Bordoloi,Dr. Jury Sharma Bordoloi,≤100
1518216038506999,CRI - Rádio Internacional da China,These ads ran without a disclaimer,≤100
104427072592445,Yu-55,These ads ran without a disclaimer,≤100
106717575693307,Yu-56,These ads ran without a disclaimer,≤100
107367052294027,Yu-58,These ads ran without a disclaimer,≤100
102309922651634,News.IN,These ads ran without a disclaimer,≤100