﻿Page ID,Page name,Disclaimer,Amount spent (USD)
112477522422248,David Collado,David Collado,≤100
100441899588408,Partido Renovador Reformista PRR,Paritdo Renovador Reformista,≤100
100151225919146,Homero Figueroa G,Le Black Room,≤100
123397997671209,Listín Diario,Alejandro Jose Madera Rodriguez,≤100
106687624223989,Rescate Democratico,Rescate Democratico,≤100
102969124441058,Still Pérez,Still Pérez,≤100
102739112342896,masluis2024,Junior Bernavel Poche Mariñez,≤100
116643774656886,Ismael Reyes,Penelope Canario Herrera,≤100
1531117423771066,Abel 24 RD,Abel 24,≤100