﻿Page ID,Page name,Disclaimer,Amount spent (USD)
1834313933459789,BBC StoryWorks,These ads ran without a disclaimer,≤100
274141766381712,Conseil National de la Transition GN,Conseil National de la Transition GN,≤100
110418105027524,Khaïté SALL,Khaité Sall,≤100
155174084508744,Banque mondiale,These ads ran without a disclaimer,≤100
106827194681183,Africa Equity Media,These ads ran without a disclaimer,≤100
102791532564358,Office National de Formation et de Perfectionnement Professionnels - ONFPP,These ads ran without a disclaimer,≤100