﻿Page ID,Page name,Disclaimer,Amount spent (USD)
102955945314604,Wanderlust with Sylvia,These ads ran without a disclaimer,≤100
113414308041611,Great Arab Minds,These ads ran without a disclaimer,≤100
338109312883186,China Xinhua News,These ads ran without a disclaimer,≤100
104140320927199,قناة الإنتصار TV,قناة الإنتصار TV,≤100
104773238414763,Maziɣ Mubarik Belqasem مازيغ مبارك بلقاسم,These ads ran without a disclaimer,≤100
274017972795375,Algerie 24,aljazair24,≤100
116232578055472,SBH Education,These ads ran without a disclaimer,≤100
102550162670863,لينا ولا علينا,These ads ran without a disclaimer,≤100
101205356314222,DzWikileaks,dzwikileaks,≤100
106004665806662,إجتياز النهائي لذوي الخبرة,These ads ran without a disclaimer,≤100
725946641169344,عبد العالي حساني شريف Abdelaali Hassani Cherif,Abdelaali Hassani Cherif,≤100