﻿Page ID,Page name,Disclaimer,Amount spent (USD)
108448645342531,BAZ PLUS,BAZ PLUS,≤100
102221762283932,مقراب الشرق کوردی,مقراب الشرق,≤100
102687942750312,Wagon,wagon,≤100
147415918619707,KNN,KNN,≤100
467222586811080,شێخەی مەمەند ئاغای ھەمەوەند,شێخەی مەمەند ئاغای ھەمەوەند,≤100
110534435683482,Kurdistan Democratic Party,KDPinfo,≤100
103129962627235,Dr. Umed Sabah,ITPLUS,≤100
101537365554352,KURD POST,Ahmed Majeed Awla,≤100
135202556677269,Rabun Maroof رابون مەعروف,Rabun Maroof,≤100
101240248181094,Zaman زەمەن,zamenpress,≤100
638540889641531,Xwakurk  - خواكورك,xwakurk,≤100
110735054899289,Lapere,lapere,≤100
100541436251475,قەڵاى هەمەوەند بۆ هەموان,قەڵاى هەمەوەند بۆ هەموان,≤100
104574747604318,XOR - خۆر,Xorkurd.net,≤100
113328637052240,زەرگەتە,zergete.net,≤100
108188178530972,راڤە : Rava,NGM,≤100
433821780021705,Daban Mohamad,Abdullah Hamad,≤100
107857542003566,Kurdistany Nwe,Kurdistany Nwe,≤100
585609641479524,مانامیدیا,eyeagency,≤100
108208211346225,ڕێچکە - Rechka,ڕێچکە - Rechka,≤100
136517036537211,مەڵبەندی سلێمانی یەكگرتوو,kurdiu,≤100
103800424740910,BAZ باز,BAZ باز,≤100
1938942153041498,Saeed Salim Pshdari / سەعید سەلیم پشدەری,Saeed Salim Pshdari / سەعید سەلیم پشدەری,≤100
1832438466968297,حکومەتی هەرێمی کوردستان,Department of Media and Information,≤100
399110903587431,دژه تیرۆری کوردستان Kurdistan CT,ASO,≤100
109193532068815,دووپشک,dopshk,≤100
109718124824252,بەڵگە نیوز,serv digital,≤100
152421998162279,Abubakr Ali (Abubakr Karwani),Abubakir Ali,≤100
110035949016294,Masrour Barzani,ASO,≤100
194778987219047,BasNews,Diyar Azeez Mustafa,≤100
295663631027908,Barzani Headquarters بارەگای بارزانی,BarzaniHQ,≤100
104005041772849,DAW- داو,DAW- داو,≤100
101225028723669,AsAn  ئاسان,AsAn  ئاسان,≤100
563523023665939,KurdistanPress,kurdistanpress.net,≤100
399997530412549,PUKMEDIA Eng,PUKMEDIA ENGLISH,≤100
109435514965568,Astera,serv digital,≤100
101088546158554,پوک میدیا,PUKMEDIA Official,≤100
113057110147813,فەرمانگەی میدیا و زانیاری - دائرة الإعلام و المعلومات,Department of Media and Information,≤100
111219755094237,بە پەلە,Yaseen Ismael,≤100
112048801639488,Zoom News,Zoom News,≤100
108018192094247,PalaPress,PalaPress,≤100
108646317163010,Dr.Hawsar Muhammed : دکتۆر هاوسەر محمد,Assos Zand,≤100
100718729559772,مەکتەبی ڕێکخستنی پارێزگای سلێمانی ـ هەلەبجە ـ ڕاپەرین پ.د.ک,Rawand Mziri,≤100
635049550029076,Nabaz hariri,Rawand Mziri,≤100
790850274346823,Sirwan Barzani,BAHOZ,≤100
335087470495241,Bra Gawra برا گەورە,Diyar Hamad,≤100
113153977690492,Dr.Narmin Maruf د.نەرمین معروف,Ariwan M Ghafoor,≤100
106976778974435,Draw Plus,draw media,≤100
927958880553492,ئاژانس میدیا,ئاژانس میدیا,≤100
411192725582552,SNN,These ads ran without a disclaimer,≤100
101102885457535,جهينة - Juhaina,جهينة - Juhaina,≤100
108993520443836,وەزارەتی ئاوەدانکردنەوە و نیشتەجێکردن - وزارة الاعمار والاسكان,وەزارەتی ئاوەدانکردنەوە و نیشتەجێکردن - وزارة الاعمار والاسكان,≤100
957463584360619,BMC TV,BMC TV,≤100
133439963658698,U.S. Consulate General Erbil,U.S. Consulate General Erbil,≤100
100451412934737,Sangar kanabe gawra سەنگەر کانەبی گەورە,Shivan Abwbaker Aswad,≤100
100662932593098,الوسط 24,الوسط 24,≤100
106124638802811,Mittan Media,These ads ran without a disclaimer,≤100
1850158471871767,مەکتەبی پەیوەندییەکان - کوردستان و عێراق - پ.د.ک,Rawand Mziri,≤100
381497365537157,R.C.D مركز الرافدين للحوار,مركز الرافدين للحوار R.C.D,≤100
107361218100874,Dw Der - دوو دێر,Dw Der - دوو دێر,≤100
199619564219576,مركز الرافدين للحوار R.C.D - العلاقات العامة,R.C.D مركز الرافدين للحوار,≤100
149721045092577,KirkukNow,KirkukNow Media Outlet,≤100
1434120716833949,Karim Shkur-ملاکریم,پەیوەند برهان عبدالقادر,≤100
101964988731653,محسن المندلاوي,محسن المندلاوي,≤100
561261540576176,Al Kitab University . الصفحة الرسمية لجامعة الكتاب,Al Kitab University,≤100
118147190026744,دەنگێ بەھدینان Dengê Behdinan,dengebehdinan.net,≤100
106273938637262,Draw  درەو,Draw  درەو,≤100
1066183836729650,محمد توفيق علاوي,Mohammed Allawi,≤100
100484578754262,جيش الاضحكني,جيش الاضحكني,≤100
1145999105540426,عوسمان كاروانى,Akam Ibrahim Rahim Rahim,≤100
104962098186381,Dr. Rahel Faraidoon,Krekar T. Abdullah,≤100
109499431675573,Media 24,These ads ran without a disclaimer,≤100
109788947180507,Dr.Azad Mustafa Qader د.ئازاد مستەفا,Azad Mustafa Qader,≤100
424733244779035,KURD,Man Sour,≤100
107308984269686,كلام العاصمة,كلام العاصمة,≤100
105697295699748,واحد رئاسة,واحد رئاسة,≤100
106731608777296,DGK RADIO,DGK,≤100
104873241723624,السيد النائب حسين السعبري,ابراهيم احمد عباس,≤100
555756734791552,نيلز السياسة,نيلز السياسة,≤100
112159297197008,حكم العوائل,حكم العوائل,≤100
104105388781298,7ROJ,7Roj Media,≤100
1130948176931386,بــاران,serv digital,≤100
1272142976242590,وكالة بغداد اليوم الاخبارية,وكالة بغداد اليوم الاخبارية,≤100
159370874867950,محمود حسين القيسي,Mahmood Mutlag,≤100
2383265178621061,Meyser Obaid Nheli,Meyser Obaid Nheli,≤100
102472661584872,مركز القاسمي للدراسات القانونية,Alhasan Ijwayyir,≤100
122976602433408,ليث الدليمي - Layth Aldulaimi,ليث الدليمي - Layth Aldulaimi,≤100
387880981992141,محمد قتيبة البياتي,ادم العتبي,≤100
101457658888133,Mariwan Qarani  مەریوان قەرەنی دزەیی,Mariwan Qarani  مەریوان قەرەنی دزەیی,≤100
106225275212149,وظائف وأخبار العراق,علي خضير عباس,≤100
112893987848185,اخبار العراق,علي خضير عباس,≤100
101359788399747,حجي جبار,حجي جبار,≤100
1159516580738783,مديرية بلدية الكرمة,مديرية بلدية الكرمة,≤100
355786234434317,Pshtiwan Sadq,Shwan Azeez Ismail,≤100
109246614711807,اوتار نيوز,شبكة أوتار,≤100
341118959242786,بزوتنەوەی گۆڕان Gorran Movement,بزوتنەوەی گۆڕان Gorran Movement,≤100
100333398208632,ابن الفرات ودجلة,ابن الفرات ودجلة,≤100
103533555797174,ايام زمان,ايام زمان,≤100
100382002400954,محبين وجمهور النائب ليث الدليمي,محبين وجمهور النائب ليث الدليمي,≤100
109268083793036,مكتب النائب ليث الدليمي /شمال بغداد,مكتب النائب ليث الدليمي /شمال بغداد,≤100
112206986837937,داركا مازى - كوردى,Darka Mazi,≤100
116944031282422,شبابيك نيوز,صحيفة شبابيك نيوز,≤100
107131102284620,اسماء الرعاية الاجتماعية والعاطلين عن العمل,علي خضير عباس,≤100
100942605827830,مؤسسة الضاري للتنمية والتطوير,مؤسسة الضاري للتنمية والتطوير,≤100
102208414468987,فالح الخزعلي,فالح الخزعلي,≤100
156490947738645,وزارة الصحة العراقية,وزارة الصحة العراقية,≤100
103560309271906,کتلة الحزب الديمقراطي الكوردستاني في مجلس النواب العراقي,کتلة الحزب الديمقراطي الكوردستاني في مجلس النواب العراقي,≤100
104886081432069,حركة البشائر الشبابية,حركة البشائر الشبابية,≤100
179158259303,U.S. Embassy Baghdad,U.S. Embassy Iraq,≤100
108851887527361,خالد وليد,حيدر محمد هادي,≤100
100242432740414,منصة الرأي العام - Rpnews,الرأي العام,≤100
107673118629167,متابعي الفريق الركن الدكتور قيس خلف المحمداوي,These ads ran without a disclaimer,≤100
754878457919560,النائب عادل خميس المحلاوي,مصطفى ريكان عجيل,≤100
106995204835895,سوالف Plus,سوالف Plus,≤100
1650607098561130,Hawler Newspaper ڕۆژنامەی هەولێر,Rawa Majeed,≤100
2272485479733990,Consulate General of China in Erbil,These ads ran without a disclaimer,≤100
115200798118357,حيدر الحميري - Haider Al-Humairi,حيدر الحميري - Haider Al-Humairi,≤100
107461271287114,ملتقى البشائر,ملتقى البشائر,≤100
108899148772957,اسماء الرعاية الاجتماعية,علي خضير عباس,≤100
267078350122003,الدكتور ماجد شنكالي,الياس الحسين,≤100
347831905702473,النائب علي سعدون اللامي,محمد كاظم جواد,≤100
1070259929662042,شاقوفيان - Shakoufyan,شاقوفيان - Shakoufyan,≤100
291069920996200,Soran Media,Soran Media,≤100
103394661564021,الوطن محتاجك,الوطن محتاجك,≤100
101205382403329,جبهة النضال الديمقراطي,Sadoon Shihab Ahmed,≤100
1710947889173929,محمد جميل المياحي,محمد جميل المياحي,≤100
486820705424112,سيروان روژبیاني Sirwan  Rozhbayani,سيروان روژبیاني Sirwan  Rozhbayani,≤100
110983368496889,منتسبي وزارة الداخلية حمله شهادات البكالوريوس للسنة 2021,منتسبي وزارة الداخلية حمله شهادات البكالوريوس للسنة 2021,≤100
100640668153417,باسم خضير كاظم الغرابي,باسم خضير كاظم الغرابي,≤100
1298625980153968,Tech 4 Peace التقنية من اجل السلام,Tech For Peace,≤100
1068661136534583,مقر حزب تقدم شمال بغداد التاجي,مقر حزب تقدم شمال بغداد التاجي,≤100
105660452171210,مؤسسة خطى لرعاية رواد الصحافة والفن,Rasool Ali,≤100
102682039247529,الیقین,barqnews,≤100
105988148604196,Msknk,These ads ran without a disclaimer,≤100
536916006441728,النائبة ناهدة الدايني,Ahmed Saleh Hameed,≤100
111763060956749,قلم دولة القانون الثانية,قلم دولة القانون الثانية,≤100
105751228715800,د.طلال خضير الزوبعي,د.طلال خضير الزوبعي,≤100
101975551909907,حسن فدعم الجنابي Hassan Al-Janabi,These ads ran without a disclaimer,≤100
219035737402,عربي - Al-Mashareq,These ads ran without a disclaimer,≤100
109447781346241,النائب ياسر المالكي,النائب ياسر المالكي,≤100
427787940590188,Радио Китай,These ads ran without a disclaimer,≤100
101316368764101,النائب الشيخ سردي المحياوي Sardi Al-Mhayawi,سجاد عباس,≤100
503530246416243,النائب احمد المشهداني  Ahmed Al-Mashhadani,Mustafa Al-mashhadani,≤100
103721784528052,رجل الصولات,رجل الصولات,≤100
101916699499203,وقف الأمة لدعم متضرري الزلزال,These ads ran without a disclaimer,≤100
110452055224657,احنه بخدمتكم,احنه بخدمتكم,≤100
102972181270368,رئيس مسلفن,رئيس مسلفن,≤100
106053335295019,AYM - ايم,AYM,≤100
721595564641442,خان جغان,خان جغان,≤100
744796209310234,سيادة العراق - Sovereignty of Iraq,سيادة العراق - Sovereignty of Iraq,≤100
437591407047522,Rewaq Baghdad Center For Public Policy- مركز رواق بغداد للسياسات العامة,Rewaq Baghdad Center For Public Policy,≤100
102581416014304,واحد حكومة,واحد حكومة,≤100
112805336829620,حجاية وستوتة,حجاية وستوتة,≤100
328025167351885,نوري بريمو,These ads ran without a disclaimer,≤100
106614631788380,Kitco Mining,These ads ran without a disclaimer,≤100
323895737657477,KT&G,These ads ran without a disclaimer,≤100
11949538375,China Dialogue,These ads ran without a disclaimer,≤100