﻿Page ID,Page name,Disclaimer,Amount spent (PLN)
63563473556,Gazeta Wyborcza,Gazeta Wyborcza,833
2120416424876335,Grzegorz Macko - Wicemarszałek Województwa Dolnośląskiego,Sun & More,607
106204692244510,Jigsaw Polska,Jigsaw,381
314299585704,PAT&RUB,Ecoidea Sp z oo Sp.k.,344
427996317730040,"Tymoteusz Myrda, Członek Zarządu Województwa Dolnośląskiego",Sun & More,324
164968446888637,Ministerstwo Sprawiedliwości,Ministerstwo Sprawiedliwości,323
57544755889,Amnesty International Polska,Amnesty International Polska,159
178362315106,European Parliament,European Parliament,135
426784938154184,PrzyjacieleZwierzat.pl,PrzyjacieleZwierzat.pl,124
124664090922112,"Wałbrzyska Specjalna Strefa Ekonomiczna ""INVEST-PARK""","Wałbrzyska Specjalna Strefa Ekonomiczna ""INVEST-PARK"" sp. z o.o.",118
228168274881,wysokieobcasy,wysokieobcasy,104
111465470197991,Mateusz Morawiecki,Mateusz Morawiecki,≤100
393084100793680,Wiedza i Praktyka,Wiedza i Praktyka,≤100
196334343778888,Polskie Centrum Pomocy Międzynarodowej (PCPM),PCPM with Facebook ad credits,≤100
380485532115847,Ministerstwo Rodziny i Polityki Społecznej,Ministerstwo Rodziny i Polityki Społecznej,≤100
513969188677442,Compassion Polska,Compassion Polska,≤100
203627442993022,Portal Oświatowy,Wiedza i Praktyka,≤100
252707301407911,Ministerstwo Rolnictwa i Rozwoju Wsi,Ministerstwo Rolnictwa i Rozwoju Wsi,≤100
106645538927529,Da się.,Fundacja Archipelag Inicjatyw,≤100
67202672014,Fairtrade Polska,Fundacja „Koalicja Sprawiedliwego Handlu” Fairtrade Polska,≤100
378891755591358,Cezary Przybylski - Marszałek Województwa Dolnośląskiego,Sun & More,≤100
100629866236790,European news,These ads ran without a disclaimer,≤100
237466786344157,European Movement,European Movement International,≤100
103683779112850,Mong to Vu dep729682,These ads ran without a disclaimer,≤100
160181130796814,Fundacja ADRA Polska - ADRA Poland,Fundacja ADRA Polska,≤100
292082311313705,Pirmahal Electric Bikes,These ads ran without a disclaimer,≤100
69153026654,Jerzy Buzek,Jerzy Buzek,≤100
339855706171439,Dobra Fabryka,Dobra Fabryka,≤100
50063176484,TVN24,TVN,≤100
178734186974,DW Polski,These ads ran without a disclaimer,≤100
469702339755768,Paweł Tanajno Polska Liberalna,Iam4u.pl,≤100
273827962690526,Otwarte Klatki,Otwarte Klatki,≤100
173086948664,Infor.pl,Infor.pl,≤100
295161506338,AKADEMIA PRZYSZŁOŚCI,Stowarzyszenie Wiosna,≤100
1227194230675141,Pratia,Pratia SA,≤100
1935398849860973,Paweł Bujak,Paweł Marek Bujak,≤100
133482470024453,Newsweek Polska,Newsweek Polska,≤100
91021863613,Szlachetna PACZKA,Stowarzyszenie Wiosna,≤100
100120136068412,Reo.pl - platforma handlu energią z OZE,Reo.pl Sp. z o.o.,≤100
157255317751718,Kancelaria Mentzen,Kancelaria Mentzen,≤100
32104614789,Greenpeace Polska,Greenpeace Polska,≤100
1381575975475340,EduAkcja - szkolenia dla nauczycieli,EduAkcja sp. z o.o.,≤100
261362784032720,Sambudrol.pl - Ekspert w dziedzinie ogrzewania i paliw stałych,SAM-BUD-ROL Sp. z o.o. Sp.K.,≤100
996526287073317,Mateusz Jędrachowicz,Mateusz Paweł Jędrachowicz,≤100
124332160920454,Centralne Muzeum Włókiennictwa / Central Museum of Textiles,Centralne Muzeum Włókiennictwa / Central Museum of Textiles,≤100
654912251187357,Grupa PGE,Grupa PGE,≤100
134626909042,Stowarzyszenie Inwestorów Indywidualnych,Stowarzyszenie Inwestorów Indywidualnych,≤100
104884392877324,Alivia,Alivia - Fundacja Onkologiczna,≤100
355335447987852,"Katarzyna Stachowicz - samorządowiec, działaczka społeczna",Katarzyna Karolina Stachowicz,≤100
108566759302831,NODN Cognitus - centrum szkoleń i terapii,Cognitus Centrum Szkoleń,≤100
300745193630,Fundacja Pro - Prawo do Życia,Fundacja Pro - Prawo do Życia,≤100
1298855813504209,Akademia Księgowości,AKADEMIA KSIĘGOWOŚCI SPÓŁKA Z OGRANICZONĄ ODPOWIEDZIALNOŚCIĄ,≤100
125185964281959,Centrum Edukacji Obywatelskiej (CEO),Centrum Edukacji Obywatelskiej (CEO),≤100
107898832590939,European Commission,European Commission,≤100
101557568622941,Sklep Dobrej Fabryki,Fundacja Dobra Fabryka,≤100
157458232131,Prawo i Sprawiedliwość,Prawo i Sprawiedliwość,≤100
130220166122,Kupuj odpowiedzialnie,Kupuj odpowiedzialnie,≤100
457690554629140,Narodowy Instytut Architektury i Urbanistyki,Narodowy Instytut Architektury i Urbanistyki,≤100
371981706755861,Kierunek na EKO,OS3 Sp. z o. o.,≤100
180185019111,Tygodnik Powszechny,Tygodnik Powszechny,≤100
111536078074010,Strefa Logopedy,Wiedza i Praktyka,≤100
140982409255721,Miłość nie wyklucza,Miłość nie wyklucza,≤100
109218848183780,Marek Woźniak,UMWW,≤100
207653439276138,Fundusze Europejskie dla Dolnego Śląska,Fundusze Europejskie dla Dolnego Śląska,≤100
137358556439286,Ośrodek Monitorowania Zachowań Rasistowskich i Ksenofobicznych,Ośrodek Monitorowania Zachowań Rasistowskich i Ksenofobicznych,≤100
475584852475176,Pozytron,Bartłomiej Jan Ginter,≤100
110628085113816,pellet4future.com,These ads ran without a disclaimer,≤100
312204349288060,Mariusz Gosek,Mariusz Gosek,≤100
1629946500626448,To Tylko Astma,OS3 Sp. z o.o.,≤100
137877409609952,Lewica,Nowa Lewica,≤100
170854966281100,Wspólnota Burego Misia,Fundacja Wspólnoty Burego Misia im. Bogdana Jańskiego,≤100
230754547069436,Michał Woś,Michał Woś Poseł na Sejm RP,≤100
104921858016507,Dzień Dobry Podatki,Michał Wilk,≤100
200305476647255,Narodowy Instytut Dziedzictwa,Narodowy Instytut Dziedzictwa,≤100
198196133533089,Polska Misja Medyczna / Polish Medical Mission,Polska Misja Medyczna / Polish Medical Mission,≤100
207398195946921,Instytut Spraw Obywatelskich,Fundacja Instytut Spraw Obywatelskich,≤100
1581518611867021,Zbigniew Ziobro,Zbigniew Ziobro,≤100
662892093824152,Fundacja Małych Stópek,Fundacja Małych Stópek,≤100
1683534065241470,OKO.press,OKO.press,≤100
170894632966683,Warszawski Instytut Bankowości,Sektorowa Rada ds. Kompetencji Sektora Finansowego,≤100
178415208919146,Solidarna Polska,Solidarna Polska,≤100
1428465374081226,Archiwum Historii Mówionej - Dom Spotkań z Historią/Karta,Dom Spotkań z Historią,≤100
57103247227,Sinfonia Varsovia,These ads ran without a disclaimer,≤100
352969621437965,Magna Polonia,Fundacja Magna Polonia,≤100
141990312513970,Paweł Kowal,Paweł Kowal,≤100
132731836864646,Freedom Publishing,Freedom Publishing Sp. z o.o.,≤100
434534466623218,Wojciech Zubowski,Wojciech Zubowski,≤100
100676879393867,Zobacz człowieka,Ministerstwo Zdrowia,≤100
199877710116314,Patryk Jaki,Patryk Jaki,≤100
502612849914550,Quad Europe,Quad/Graphics Europe Sp. z o.o.,≤100
255100403945,Polityka,Polityka,≤100
868599633152789,Koncept - magazyn akademicki,Fundacja Inicjatyw Młodzieżowych,≤100
505864632777215,Tygodnik Lisickiego,Orle Pióro sp. z o.o.,≤100
389638948354855,Forumdialogplus,Małgorzata Zofia Najgebauer-Sołoducha,≤100
576860572987592,Fundacja Pamięci Narodów,Fundacja Pamięci Narodów,≤100
104341728185251,Paszporty Polityki,Polityka Sp. z .o.o. SKA,≤100
328190797653238,Fundacja Alberta Schweitzera,Fundacja Alberta Schweitzera,≤100
312816688890250,Dariusz Matecki,Dariusz Matecki Radny Miasta Szczecin,≤100
391098174296294,Super Express,se.pl,≤100
1468635720112377,Bogusław Wontor,Bogusław Tadeusz Wontor,≤100
100507332348221,Liberfor,Liberfor,≤100
168737999982045,Visegrad Insight,Visegrad Insight,≤100
2320275388297228,Marcin Romanowski,Marcin Romanowski,≤100
1927638294214746,Amicus Fundacja Łuszczycy i ŁZS,AMICUS Fundacja Łuszczycy i ŁZS,≤100
186543124707583,ISSA Prevent Plastic Pollution,Biuro wykonawcze ISSA w Polsce,≤100
119141229716118,SeniorApp,Michał Galoch,≤100
177473808919,Polskie Stronnictwo Ludowe,Polskie Stronnictwo Ludowe,≤100
323540101461265,Fundacja Neuron+,Fundacja Neuron+,≤100
1425264934431305,Polski Instytut Księgowości,Polski Instytut Księgowości,≤100
330644215221,Bankier.pl,Bankier.pl,≤100
101093318696109,Polski Alarm Smogowy,Polski Alarm Smogowy,≤100
130309013660070,Fundacja na rzecz Nauki Polskiej,These ads ran without a disclaimer,≤100
1983530315266727,Дима Голик,These ads ran without a disclaimer,≤100
114118277053586,HSI Europe,These ads ran without a disclaimer,≤100
147547541961576,Council of the European Union,Council of the European Union,≤100
511921918843798,Fundacja Dorastaj z Nami,Fundacja Dorastaj z Nami,≤100
103679182581262,Rafał Rajczakowski,Rafał Rajczakowski,≤100
108567461681538,"Polska Katolicka, nie Laicka",Fundacja Instytut Edukacji Społecznej i Religijnej im. Ks. Piotra Skargi,≤100
100405472914543,Sdvsdvjk,These ads ran without a disclaimer,≤100
111778487054045,TOGETAIR,Kamil Magot,≤100
583823491630995,Piotr Cieplucha,Piotr Paweł Cieplucha,≤100
153679474688551,Wydawnictwo Fronda,Wydawnictwo Fronda,≤100
1495088660777971,Legal Geek,Legal Geek sp. z o.o.,≤100
157186140963158,Green Parrot,Evergreen_Group sp. z o.o. sp.k.,≤100
101605656053455,Każdy Ma Znaczenie,These ads ran without a disclaimer,≤100
74863922834,Krytyka Polityczna,Krytyka Polityczna,≤100
145481822175715,Otodom,Grupa OLX sp. z o.o.,≤100
194585893914848,Fundacja Rozwoju Demokracji Lokalnej,Cezary Trutkowski,≤100
371359310400318,Janusz Kowalski,Janusz Kowalski,≤100
221077284662,Przekrój,Fundacja Przekrój,≤100
176619537364977,Grodno S.A.,Grodno S.A.,≤100
148972561825273,Marcin Bielawski,These ads ran without a disclaimer,≤100
171278439588762,AMI - Fundacja Pomocy Zwierzętom,AMI - FUNDACJA POMOCY ZWIERZĘTOM,≤100
142218132483199,Kasa Stefczyka,Kasa Stefczyka,≤100
103078749325394,Baltic Pipe,These ads ran without a disclaimer,≤100
1608898765820336,Vogue Polska,Vogue Polska,≤100
112123064602862,Szczeliny,Wydawnictwo Otwarte sp. z o.o.,≤100
705234266283291,Niepłodni Razem,Sylwia Bentkowska,≤100
705102212897553,Effekt Katowice,EFFEKT Sp. z o.o.,≤100
814991668621838,Norbert Kaczmarczyk,Norbert Kaczmarczyk,≤100
447190942074880,Polskie Stowarzyszenie Obrońców Życia Człowieka,Polskie Stowarzyszenie Obrońców Życia Człowieka,≤100
990533821012595,Nierealnie,Nierealnie.pl,≤100
142361819657439,Narodowy Fundusz Ochrony Środowiska i Gospodarki Wodnej,Narodowy Fundusz Ochrony Środowiska i Gospodarki Wodnej,≤100
110922567943947,Rite Legal Partners,Rite Legal Partners,≤100
54779960819,United Nations,United Nations with Facebook Ad Credits,≤100
220756994710585,Fundacja na rzecz rozwoju - Inspirator,Fundacja na rzecz rozwoju - Inspirator,≤100
172298576634819,Sebastian Luty – Fundacja Avalon,Fundacja Avalon,≤100
129626970836,inFakt,inFakt,≤100
105428171456904,BWT Polska - Best Water Technology,BWT Polska,≤100
105039892358886,Świadczenie Pielęgnacyjne,FURPO GROUP SP. Z O.O.,≤100
543555309157965,Fundacja Życie i Rodzina - Polska,Fundacja Życie i Rodzina,≤100
253522198074527,Kongres Obywatelski,Instytut Badań nad Gospodarką Rynkową,≤100
1771722023118604,Wydawnictwo Aktywa,Wydawnictwo Aktywa Sp. z o.o.,≤100
514735281965536,Demagog,Demagog,≤100
108731657156411,Mariusz Gromko - Senator RP,Mariusz Gromko,≤100
104442609633150,Lubuskie,Lubuskie,≤100
1486690634950930,Jerzy Wrębiak - Burmistrz Brzegu,Jerzy Wrębiak - Burmistrz Brzegu,≤100
144808095552639,ING Polska,These ads ran without a disclaimer,≤100
254914141671300,Zona Zero Books,Zona Zero Books,≤100
173127989375885,Ośrodek KARTA,Fundacja Ośrodka KARTA,≤100
251694158304176,Narodowe Centrum Edukacji Żywieniowej,Grupa Artemis Sp. z o.o.,≤100
104291779009388,Pojęcie małżeństwa w pryzmacie teorii wymogów imperatywnych,Fundacja Instytut Prawa Ustrojowego,≤100
182568875086544,Prószyński i S-ka,Prószyński i S-ka,≤100
558879950822876,Jacek Sasin,Jacek Sasin - Poseł na Sejm RP,≤100
110431164454399,SsangYong Polska,These ads ran without a disclaimer,≤100
143951191449,Profinfo.pl,Wolters Kluwer PL,≤100
101565245066684,Instytut Prawa Społecznego,Instytut Prawa Społecznego,≤100
361805557230293,XLM.pl - Księgarnia Ludzi Myślących,Wydawnictwo Fronda,≤100
113731726693804,Wszystko w Twoich rękach,Biznes dla Klimatu,≤100
353030510177,Centrum Nauki Kopernik,Centrum Nauki Kopernik,≤100
141049865933925,Katolicka Agencja Informacyjna / KAI,Katolicka Agencja Informacyjna,≤100
377734895631299,Polsko-Ukraińska Izba Gospodarcza,These ads ran without a disclaimer,≤100
104061062331637,Pałac Saski,Pałac Saski Sp. z o.o.,≤100
442934059457276,Plodnosc.pl,Sylwia Bentkowska,≤100
81885462442,Histmag.org,Histmag.org,≤100
114453729684,gazetaprawna.pl,gazetaprawna.pl,≤100
108141194805720,Studium Obywatelskie im. Pawła Adamowicza,Fundacja Gdańska,≤100
101283291180,dziennik.pl,dziennik.pl,≤100
400069423367364,Kontynenty,Kontynenty,≤100
107049251103918,Нова Польща,These ads ran without a disclaimer,≤100
139576942808077,Telewizja Dami Region,Slawomir Tomasz Zieba,≤100
102262978631607,Busnex Poland,Busnex Poland,≤100
847950485383153,Fundacja Katarzyny Stachowicz - Pokonaj Raka,Katarzyna Karolina Stachowicz,≤100
100283562631810,"Fundacja ""Wiatrakowa Kraina""",Zuzia Łosoś,≤100
286672948180163,Tomasz Trela,Poseł Tomasz Trela,≤100
105334619050045,Matka czy wiedźma?,Michał Junkiert,≤100
1475303759442437,Centrum Szkoleń Prawnych,These ads ran without a disclaimer,≤100
100321262116794,Kongres Katoliczek i Katolików,Fundacja na rzecz Kongresu Katoliczek i Katolików,≤100
268366156599556,Krzysztof Gawkowski,Krzysztof Kamil Gawkowski,≤100
1752318511650368,Akamai Poland,More Bananas,≤100
2096456700624673,Fundacja Polska Bezgotówkowa,Fundacja Polska Bezgotówkowa,≤100
362951984352100,Popieram PiS,Patryk Piotr Stańko,≤100
311766890555,Fundacja Batorego,Fundacja Batorego,≤100
112772088339484,Lukasz life,These ads ran without a disclaimer,≤100
174126912673062,Młodzi pro-life,Polskie Stowarzyszenie Obrońców Życia Człowieka,≤100
174005036732779,Andrzej Sobieski,Andrzej Krzysztof Sobieski,≤100
111993840665768,Stowarzyszenie Kultury Chrześcijańskiej im. Ks. Piotra Skargi,Stowarzyszenie Ks. Piotra Skargi,≤100
368343996531202,Damian Polak,Damian Polak,≤100
166706953461083,Crazy nauka,These ads ran without a disclaimer,≤100
100838854954022,SikorskiAdam,Adam Sikorski,≤100
567066860335135,Błękitny Węgiel,Błękitny Węgiel,≤100
127619873953536,Stefczyk.info,Stefczyk.info,≤100
193702694403187,Myślomielnia,Wiktor Krzysztof Ruszkiewicz,≤100
283996612400,Fundacja Nasza Ziemia,Fundacja Nasza Ziemia,≤100
105605898638094,NPRCz 2.0,Narodowe Centrum Kultury,≤100
114681303738214,Trudne Relacje,TrudneRelacje,≤100
852871474902416,Tomasz Frączak,Tomasz Frączak,≤100
102466034698538,Ośrodek Monitorowania Chrystianofobii Fidei Defensor,Biuro Fidei Defensor,≤100
114736836968026,Daniel Szczegielniak Mentoring Kariery,These ads ran without a disclaimer,≤100
109420387556852,Drewno - Pozytywna Energia,"Ogólnopolskie Stowarzyszenie ,,Kominki i Piece""",≤100
105812734822457,Grzegorz Szczepański,Grzegorz Szczepański,≤100
107971230622325,Ministerstwo Finansów,Ministerstwo Finansów,≤100
100744511467634,Burbonik,Lukasz Mariusz Kołtacki,≤100
106115675410815,Strangealien,These ads ran without a disclaimer,≤100
1837853109780758,Fundacja BOŚ,Fundacja BOŚ,≤100
2187031718035138,Radosław PREIS - Radny Rady Miejskiej Brzegu,Radosław Stanisław Preis,≤100
453065345039393,Katowice Dziś,Katowice Dziś,≤100
213282372051731,Wolontariatgdansk,Regionalne Centrum Wolontariatu w Gdańsku,≤100
328956034420247,Marcin Pawlicki - Radny Miasta Szczecin,Marcin Pawlicki,≤100
377734895631299,Polsko-Ukraińska Izba Gospodarcza,Polsko-Ukraińska Izba Gospodarcza,≤100
199739460042641,Zdrowie w stylu LUX MED,Zdrowie w stylu LUX MED,≤100
100460351810525,Browar Mentzen,Browar Mentzen,≤100
507852872631463,Fundacja Ośrodek Badań nad Migracjami - OBMF,FUNDACJA OŚRODEK BADAŃ NAD MIGRACJAMI,≤100
104838008993107,Meble u Joanny,These ads ran without a disclaimer,≤100
173873282095,Forsal.pl,Forsal.pl,≤100
358712600898007,Ogólnopolska Federacja na rzecz Rozwiązywania Problemu Bezdomności,Jakub Stanisław Wilczek,≤100
106274574675288,Instytut Prawa Ustrojowego - Fundacja,Fundacja Instytut Prawa Ustrojowego,≤100
108243994205438,R&D Hub,R&D HUB Sp. z o. o.,≤100
922014474529156,Karol Parkita,Karol Parkita,≤100
112055027022643,Legal Marine,Legal Marine - Mateusz Romowicz,≤100
281498802008176,Klub Tygodnika Powszechnego w Warszawie,These ads ran without a disclaimer,≤100
100508029392556,Obywatelu Masz Prawo,Fundacja Instytut Prawa Ustrojowego,≤100
104382365648491,Stowarzyszenie Zjednoczenie,Stowarzyszenie Zjednoczenie,≤100
2152832788271473,Agnieszka Kurzawa - Radna Miasta Szczecin,Agnieszka Kurzawa,≤100
147284671976535,Jak wygrać wybory? Praktycznie o kampaniach wyborczych,Jacek Babiel,≤100
145382618855042,Muzeum Sztuki w Łodzi,Muzeum Sztuki w Łodzi,≤100
1479047189015939,Polski Cement,Stowarzyszenie Producentów Cementu,≤100
1599655186922126,Włącz oszczędzanie,Łukasz Tadeusz Pająk,≤100
946445192119512,Krajowy Sztab Ratownictwa SKSR,Jerzy Płókarz,≤100
107660577423596,Asia Explained,Łukasz Andrzej Sarek,≤100
475003269590039,Radca prawny Tomasz Plasota,Aleksandra Adamczewska,≤100
100393808978343,E-agrotechnika,These ads ran without a disclaimer,≤100
156745028300456,Patryk Jaskulski - Radny Miasta Szczecin,Patryk Bartłomiej Jaskulski,≤100
316810098501611,Miasto2077 / Green is Good,Filip Kowalik,≤100
1465420300424470,Gremi Personal Вакансии,These ads ran without a disclaimer,≤100
179714955390967,Muzeum Wojska w Białymstoku,These ads ran without a disclaimer,≤100
108625789179165,Soi Dog Foundation,These ads ran without a disclaimer,≤100
106240044880482,Mind Facts,These ads ran without a disclaimer,≤100
1724278417657191,Olha Nikulina,These ads ran without a disclaimer,≤100
105326115386676,The New Voice of Ukraine,These ads ran without a disclaimer,≤100
208371683037269,NBCU Catalyst,These ads ran without a disclaimer,≤100
110650954592427,kasia.and.bees,These ads ran without a disclaimer,≤100
102199795319206,Pablo Marçal Oficial,These ads ran without a disclaimer,≤100
216401265163952,ZDROWIT,These ads ran without a disclaimer,≤100