﻿Page ID,Page name,Disclaimer,Amount spent (EGP),Number of ads in Library
798673866859390,ETC TV,ETC TV,2375,23
273900239400893,نقابة المحامين المصرية,نقابة المحامين المصرية,1995,4
100835565731657,Ahmed Amin Massoud - أحمد أمين مسعود,Ahmed Amin Massoud - أحمد أمين مسعود,1025,6
1424610401122573,هاني العتال - Hany Alattal,محمد السيد عبد الستار,972,1
632124420169233,TRT Afrika Hausa,These ads ran without a disclaimer,876,1
200480966638039,Supremacy 1914,These ads ran without a disclaimer,721,2
102883459081121,Mohamed Taher - محمد طاهر,Mohamed Taher - محمد طاهر,707,3
166420296805460,حزب المحافظين,حزب المحافظين,691,2
101009088774421,حزب حماة الوطن,حزب حماة الوطن,652,7
108210648333964,محمود طاهر -Mahmoud Taher,محمود طاهر -Mahmoud Taher,591,3
101684781590750,Design Makers,These ads ran without a disclaimer,555,1
101516486048536,CDIS - Egypt Cybersecurity & Data Intelligence Systems Conference & Expo,CDIS Cybersecurity and Data Intelligence Conference and Expo,544,3
707511176015990,علاء حمدى قريطم - Alaa Hamdy Koraitem,علاء حمدى قريطم - Alaa Hamdy Koraitem,494,4
110877857406073,المهندس حسام لبن,المهندس حسام لبن,449,4
181524565276709,الهلال الأحمر المصري - Egyptian Red Crescent,الهلال الأحمر المصري - Egyptian Red Crescent,408,4
107767437680846,أحمد صلاح الطاروطي,Suzie Raafat,406,1
666470146818916,مؤسسة جبر القلوب,Mohamed Elsafty,370,3
663508057123324,جمعية رسالة للأعمال الخيرية بالدقهلية,جمعية رسالة للأعمال الخيرية بالدقهلية,308,2
221365837883679,Egyptian Food Bank,محمد السيد عبد الستار,301,2
100210385187886,الصفحة الرسمية للنائب الدكتور ايهاب وهبة عضو مجلس الشيوخ عن محافظة القاهرة,Karim Ahmed Abd Alghany,290,3
104198795953934,جمعية أصدقاء مرضى الأورام بالشرقية,Mohamed Basher,287,1
1632636017007559,Mohamed Mostafa Elsallab محمد مصطفي السلاب,Mohamed Mostafa Elsallab محمد مصطفي السلاب,269,5
100989841697034,محمد على ابوحجازى ـ عضو مجلس الشيوخ المصري,محمد على ابوحجازى ـ عضو مجلس الشيوخ المصري,245,2
106450555171099,مجدي البري - Magdy Elbery,مجدي البري - Magdy Elbery,244,5
109093158038193,Mohamed El Manzalawi - محمد المنزلاوي,Mohamed El Manzalawi - محمد المنزلاوي,229,3
101361307958442,Mohamad ElGarhy,محمد السيد عبد الستار,200,1
101586878327765,Hassanein Tawfiq - حسانين توفيق,Hassanein Tawfiq - حسانين توفيق,189,5
105096455624550,Tamer abdelhamid - تامر عبد الحميد,Tamer abdelhamid - تامر عبد الحميد,182,3
102117062841057,الصفحه الرسميه للنائبه الدكتوره حنان عمار,Omar Abdelaziz,163,1
102703968944759,مصر الآن,مصر الآن,158,2
103745798627292,المستشار ماهر ميلاد اسكندر,المستشار ماهر ميلاد اسكندر,155,2
130592353658239,Avery Dennison,These ads ran without a disclaimer,154,1
1994786354105727,النائب أحمد فرغلى,احمد فرغلى,144,1
121502487925668,د/ محمد الجندي - Mohamed Elgendy,د/ محمد الجندي - Mohamed Elgendy,136,1
801866783213943,محمد طلبة - Mohamed Tolba,Mohamed Elsayed Tolba,130,2
535371883202755,Freddy Elbaiady  صفحة فريدي البياضي,Freddy Elbaiady  صفحة فريدي البياضي,126,2
2035593490055091,النائب عمرو القطامي,سيد أحمد,119,1
354968941204659,الدكتور أيمن أبو العلا عضو مجلس النواب,الدكتور أيمن أبو العلا عضو مجلس النواب,117,4
105322721599496,الدكتور محمد زكي الوحش,الدكتور محمد زكي الوحش,107,1
1720882541553191,حسن عمار - Hassan Ammar,حسن عمار,103,1
532134937722830,النائبة أميرة بهاء الدين أبو شقة,Gehad Ali,102,1
459384307440544,Andersen in Egypt,Andersen in Egypt,102,1
1934139156895621,د.خالد قنديل Dr.Khaled Kandel,Basel Noufal,≤100,1
112072071382470,أحمد الفار - Ahmed Elfar,Noha Mohamed Ibrahim,≤100,2
111393504057042,د/ مها عبد الناصر,د/ مها عبد الناصر,≤100,2
118992379972310,Fatmah Selim - فاطمة سليم,Fatmah Selim - فاطمة سليم,≤100,3
1916894871881712,يونس عبدالرازق - Younes abdelrazek,يونس عبدالرازق - Younes abdelrazek,≤100,2
1012904038778488,سامح فتحي حبيب,سامح فتحي حبيب,≤100,2
103291013528894,Dr.Mokhtar Gomaa,Ahmed Zaatar,≤100,2
110734497396339,محمود سامي - 𝐌𝐚𝐡𝐦𝐨𝐮𝐝 𝐒𝐚𝐦𝐲,Mahmoud Samy,≤100,1
105872082337085,الصفحه الرسمية للنائب أحمد عبدالجواد,ابراهيم احمد ابراهيم محمد,≤100,1
111765364910685,حماده عطيه,Mazen Attia,≤100,1
756076477831684,Medhat El Banna - مدحت البنا,These ads ran without a disclaimer,≤100,1
114542104067945,النائب / محمد علي الكيال,النائب / محمد علي الكيال,≤100,1
103591834853142,Hamoda Mohamed Hamoda - حموده محمد حموده,Mahmoud Raafat Idris,≤100,1
112161944845807,Nevein Basiouny,Muhammad Nash'at,≤100,1
103204975886755,البديوي السيد - الصفحة الرسمية,Mohamed Elbedewy,≤100,1
282421105588262,Alraees News- الرئيس نيوز,Kareem Ahmed Abdul Ghani,≤100,2
113409070485501,Samy Nasrallah - سامي نصرالله,Samy Nasrallah - سامي نصرالله,≤100,1
595025640685644,النائبة شيرين عبد العزيز - Sherin abdelaziz,النائبة شيرين عبد العزيز - Sherin abdelaziz,≤100,1
159320591538587,Mubasher.info Pulse  مباشر بلس,These ads ran without a disclaimer,≤100,1
118932207798163,Rehab Eltehewy - رحاب التحيوي,حسين السيد,≤100,1
107096734501088,النائبة منى عمر عضو مجلس النواب,Shymaa Adel,≤100,1
113351543859308,أحمد الشناوي خليل - عضو مجلس النواب المصري,Ahmed Abdel Moneam,≤100,1
2298420967037841,النائب محمد عزت عرفات,فاضل ابراهيم,≤100,1
102187972449274,تطوير للاستثمار الزراعى وادارة المشروعات,These ads ran without a disclaimer,≤100,1
104570177893410,أحمد علي الألفي,أحمد علي الألفي,≤100,1
2102862883129084,حجازى للاستشارات القانونية,حجازى للاستشارات القانونية,≤100,1
103351212579685,وزير الكباب,These ads ran without a disclaimer,≤100,2
645819615542768,فَكّر تاني,محمد ياسر جمال,≤100,1
118932207798163,Rehab Eltehewy - رحاب التحيوي,Rehab Eltehewy - رحاب التحيوي,≤100,1
282759032673313,مهندس محمد سعد الصمودي,محمد سعد الصمودي,≤100,1
102752291431181,المهندس حازم الجندي - Hazem ElGendy,المهندس حازم الجندي - Hazem ElGendy,≤100,1
110134184220714,زيزو النائب ZIZO ATIF,These ads ran without a disclaimer,≤100,1
308088503057656,النائب محمود عصام,النائب محمود عصام,≤100,5
319044774889435,المركز الإعلامي للنائب هاني خضر,النائب هاني خضر,≤100,1
110861658082667,Planet One,These ads ran without a disclaimer,≤100,1
108482835553761,البادي للحوالات,These ads ran without a disclaimer,≤100,1
309207369475701,السلطنة المصرية لشراء العملات التذكارية,These ads ran without a disclaimer,≤100,1
175590267993,Al Majalla,These ads ran without a disclaimer,≤100,1
423609701387941,Peachbruh,These ads ran without a disclaimer,≤100,6
104436439281390,sid_is_dis_47,These ads ran without a disclaimer,≤100,1
102527662620109,Inside Out Centre for the Arts,These ads ran without a disclaimer,≤100,1
112745971311816,No Game No Future,These ads ran without a disclaimer,≤100,1
2418643321715898,Daily Stickers,These ads ran without a disclaimer,≤100,1
75608370019,United States Institute of Peace,These ads ran without a disclaimer,≤100,1
103553614349757,Hafryat plus,These ads ran without a disclaimer,≤100,1
1359136157453700,Bere Ramos,These ads ran without a disclaimer,≤100,1
113494377640346,Silicon Valley Investclub,These ads ran without a disclaimer,≤100,1
8002590959,Rainforest Action Network - RAN,These ads ran without a disclaimer,≤100,2
105424968951147,Book5281-Reader,These ads ran without a disclaimer,≤100,1