﻿Page ID,Page name,Disclaimer,Amount spent (TWD)
693907914395620,良杯製所 Oolab,良杯製所 Oolab,313
100809202903072,無本當沖學院,These ads ran without a disclaimer,307
148475335184300,Greenpeace 綠色和平 (台灣網站),Greenpeace 綠色和平 (台灣網站),251
107903325456404,鄔又曦,These ads ran without a disclaimer,246
238507146264909,國際特赦組織 台灣分會 Amnesty International Taiwan,國際特赦組織 台灣分會 Amnesty International Taiwan,246
105556085524776,Twpca-台灣野良犬照護協會,Twpca-台灣野良犬照護協會,144
105864701769057,瑞馳智庫學院,瑞馳智庫股份有限公司,103
177161918975981,基督教芥菜種會,基督教芥菜種會,≤100
113021403762187,法律協會-債務協商 更生 清算 -全台服務,傢宇 吳,≤100
235679595900,民視新聞,民視新聞,≤100
106801464127093,目目非營利 MUVE NPO,目目非營利,≤100
1604793293120494,壯闊台灣 吳怡農,壯闊台灣 吳怡農,≤100
240948302773259,Festa Inaciana,These ads ran without a disclaimer,≤100
467933563234921,南門書局-網路圖書名店、也有實體店面，誠信可靠！,玉河 孫,≤100
286487218798,遠見雜誌,遠見雜誌,≤100
365320250345879,林昶佐 Freddy Lim,林昶佐國會辦公室,≤100
102575905056298,SALSA BAUL x100pre,These ads ran without a disclaimer,≤100
335544036485779,經濟部,經濟部,≤100
569626243213799,生鮮時書,生鮮時書,≤100
211730475524462,大陸委員會,大陸委員會,≤100
1855418728011324,鏡週刊,鏡週刊,≤100
1436850183290438,One-Forty,One-Forty,≤100
127628276929,天下雜誌,天下雜誌,≤100
241284961029,udn.com 聯合新聞網,udn.com 聯合新聞網,≤100
113166188832531,台灣一起夢想公益協會,These ads ran without a disclaimer,≤100
108696572024879,民視嘎哩供,民視新聞,≤100
101046209392101,新事貸-新鑫特優經銷商,新事貸-新鑫特優經銷商,≤100
1649523455281990,遠山呼喚,遠山呼喚,≤100
390569611008641,願景工程基金會 Vision Project,願景工程基金會,≤100
141794853262655,中山大同陳怡君,怡君 陳,≤100
125386714156073,天使心家族社會福利基金會,天使心家族社會福利基金會,≤100
104959119850676,轉角國際 udn Global,轉角國際 udn Global,≤100
219315794887869,聯合報,聯合報股份有限公司,≤100
104381935820077,南方，寂寞鐵道 On The Train,貝殼放大股份有限公司,≤100
359293781476624,看護達人 華鎰仲介,看護達人 華鎰仲介,≤100
1537741526464370,桃園市議長邱奕勝,奕勝 邱,≤100
1847777185521418,放言 Fount Media,放言科技傳媒股份有限公司,≤100
1487218698275407,南門書局二店-網路特價書店-也有實體店面，價格親民，誠信可靠的老店。（師友文化）,玉河 孫,≤100
104013138750678,翁震州,震州 翁,≤100
154631861234059,吳秉叡,吳秉叡,≤100
201107280815936,潔淨學-不咬手潔淨體貼,永勝 許,≤100
101355918337667,地天泰國際顧問有限公司,地天泰國際顧問有限公司,≤100
2430390413849261,奕綸有限公司,京昀,≤100
106118168971467,債務人權益協會 扣薪 協商 更生 清算,傢宇 吳,≤100
436843193180529,Unipapa,Unipapa,≤100
104624290080479,張育美,翊斌黃,≤100
226660410787355,民視體育新聞,民視新聞,≤100
679518422104905,民視全球新聞,民視新聞,≤100
171759036215066,創世紀不動產教育訓練中心,Micky  Wu,≤100
101324348112899,台灣好鄰居協會,社團法人台灣好鄰居協會,≤100
105692292105892,黃士修,Shih-Hsiu Huang,≤100
1459140964183548,胡婉玲 Anne Hu,民視新聞,≤100
449156429152075,永安國際理財中心,永安國際理財中心,≤100
1629474157289221,小牛頓,小牛頓科學教育有限公司,≤100
239512030682497,第一手星聞,民視新聞,≤100
107162861090654,法律協會-前置協商  更生 清算  免費諮詢,Yaya Lin,≤100
347432368933987,LINE TODAY Taiwan,LINE TODAY Taiwan,≤100
354149841356884,哈本咖啡 Happen Coffee,林奕丞,≤100
170671044596,天主教善牧基金會,天主教善牧基金會,≤100
123082847747496,婦女救援基金會,財團法人台北市婦女救援社會福利事業基金會,≤100
1206024742797005,UBI Taiwan 台灣無條件基本收入協會,王聖惟,≤100
436202956432960,Technews 科技新報,Technews 科技新報,≤100
158025223269,今周刊,今周刊,≤100
104478515128771,自忠學堂,Kaiwun Lin,≤100
124527090974795,李光達 信賴台灣（桃園市議員）,光達 李,≤100
109946254161907,Tommy 獨立理財顧問,詠程 許,≤100
100166008860442,減法俱樂部,These ads ran without a disclaimer,≤100
394896373929368,自由時報,自由時報,≤100
103141681121150,城市學,遠見雜誌,≤100
148513668543221,地球公民基金會,地球公民基金會,≤100
103469901828540,挖貝 WaBay,挖貝 WaBay,≤100
105742975534267,吳明宜,吳明宜,≤100
112571907179969,玩霸教育,思揚 蘇,≤100
162701220453187,新北市議員 陳永福,陳韋任,≤100
101718182459153,天秤座戰士,Companionship Digital,≤100
1503745219913314,"孫大千Sun, Ta-Chien",宜軒 李,≤100
119282744754924,台灣人權促進會 Taiwan Association for Human Rights,台灣人權促進會 Taiwan Association for Human Rights,≤100
175549807657,台達基金會,台達基金會,≤100
111334712256714,勇媽阿惠 - 黃敏惠,勇媽阿惠 - 黃敏惠,≤100
102250944650873,本質研究 SKINeed,依諭 李,≤100
368397373312842,游顥,游顥,≤100
195959880437203,新北市議員白珮茹,These ads ran without a disclaimer,≤100
143501712383911,白雪姬 喫趣玩,These ads ran without a disclaimer,≤100
116806840188577,中華民國不動產經營管理協會,中華民國不動產經營管理協會,≤100
850754301947812,鏡新聞,鏡新聞,≤100
237483602952352,黃適卓,適卓 黃,≤100
1023570434380861,鮮享農YA - 農糧署,鮮享農YA - 農糧署,≤100
101576862144790,工程師看政治,玄超 黃,≤100
103032645529885,菱傳媒,菱傳媒,≤100
126826629295751,國際社會主義道路（臺灣） ISA Taiwan,國際社會主義道路（台灣）,≤100
125534862174582,法律萬狀通-書狀生成,法律萬狀通-書狀生成,≤100
673035569401167,育田基金會 Mercyland,財團法人育田社會福利慈善基金會,≤100
153114576645,皇冠文化集團,These ads ran without a disclaimer,≤100
487213414986961,數位外交行動計畫 Digital Diplomacy,Joy  Hu,≤100
128818803902,兩岸犇報,崇真 陳,≤100
217802801759737,郭昭巖粉絲團,郭昭巖粉絲團,≤100
105931358099314,遠雄文教公益基金會,遠雄文教公益基金會,≤100
593374924100942,經濟民主連合,社團法人經濟民主連合,≤100
112539035019376,反縣立生命園區自救會,These ads ran without a disclaimer,≤100
378478695837780,李艷秋的新聞夜總會,李艷秋,≤100
100872611804109,李有宜,有宜李,≤100
121504021252255,台灣金融研訓院,台灣金融研訓院,≤100
276861822357066,高金素梅(吉娃斯．阿麗),智葟 陳,≤100
469562983072410,做事的議員 周勝考,做事的議員 周勝考,≤100
1385833738386412,徐志榮,嘉玲 詹,≤100