﻿Page ID,Page name,Disclaimer,Amount spent (USD)
102023009327901,Global Compassion Coalition,These ads ran without a disclaimer,≤100
364442753629619,1010,These ads ran without a disclaimer,≤100
187766727949541,Deportivo Alavés,These ads ran without a disclaimer,≤100
117352551390847,DQS: SEAT of POWER,These ads ran without a disclaimer,≤100
115191378595924,Deputado Marçal Filho,These ads ran without a disclaimer,≤100
111679394767549,المشروع القومي لمشتقات البلازما,These ads ran without a disclaimer,≤100