﻿Page ID,Page name,Disclaimer,Amount spent (USD)
114735666574826,Formula • ფორმულა,TV Formula,≤100
1709314685984193,სტრატეგია აღმაშენებელი • Strategy Aghmashenebeli,სტრატეგია აღმაშენებელი • Strategy Aghmashenebeli,≤100
114191964091743,"საქართველოს კულტურის, სპორტისა და ახალგაზრდობის სამინისტრო",სიმონა ცალანი,≤100
406949709352265,Giorgi Vashadze / გიორგი ვაშაძე,Giorgi vashadze / გიორგი ვაშაძე,≤100
703054269777640,გორის მუნიციპალიტეტის მერია,Gori City Hall,≤100
179300065451916,საქართველოს იუსტიციის სამინისტრო,საქართველოს იუსტიციის სამინისტრო,≤100
651534988375338,POSTV - ანალიტიკა,POSTV LLC,≤100
373058439451905,Irakli Garibashvili,Irakli Garibashvili,≤100
103965262533554,არ აგარევინებთ,Davit Davitashvili,≤100
103230785330908,დემოკრატიის მცველები • Democracy Defenders,Democracy Defenders,≤100
104544911468291,შალვა პაპუაშვილი • Shalva Papuashvili,Georgian Dream,≤100
749989348701035,ეს ქვეყანა შენია • This country is yours,Civil Society Institute,≤100
1267468489937737,"აი, ფაქტი • ifact.ge","აი, ფაქტი • ifact.ge",≤100
1746063075610569,საფარი/Sapari,Union Sapari,≤100
1031485756902883,გირჩი • Girchi,გირჩი • Girchi,≤100
225385184188101,ქართული ოცნება / Georgian Dream,ქართული ოცნება / Georgian Dream,≤100
353943391364252,TV Imedi,TV Imedi,≤100
133052760057128,Tabula - ტაბულა,Tabula - ტაბულა,≤100
471759786227198,Factcheck.ge,Factcheck.ge,≤100
276733003042772,Levan Ioseliani,ალეკო ელისაშვილი - მოქალაქეები,≤100
227232231055980,Egor Kuroptev,Egor Kuroptev,≤100
1578471278894473,POSTV - ახალი ამბები,POSTV LLC,≤100
1097681207089811,პუბლიკა • Publika,პუბლიკა • Publika,≤100
220225047997169,"დევნილთა, შრომის, ჯანმრთელობისა და სოციალური დაცვის სამინისტრო","დევნილთა, შრომის, ჯანმრთელობისა და სოციალური დაცვის სამინისტრო",≤100
108394195167957,Ilia Darchiashvili / ილია დარჩიაშვილი,Ilia Darchiashvili / ილია დარჩიაშვილი,≤100
106770984225101,თავდაცვის სამინისტროს სტრატკომი,თავდაცვის სამინისტროს სტრატკომი,≤100
480323335835739,მაუწყებელი • Mautskebeli,მაუწყებელი • Mautskebeli,≤100
1436499703296575,მითების დეტექტორი,მითების დეტექტორი,≤100
1057076117677093,NEWS.On.ge,On.ge,≤100
103844525823875,პოლიტიკური აბსურდი,Ramaz Beridze,≤100
277709595710849,სოფლის განვითარების სააგენტო - Rural Development Agency,სოფლის განვითარების სააგენტო / Rda,≤100
136827876490842,საინფორმაციო ცენტრი ნატოსა და ევროკავშირის შესახებ • NATO & EU Info Center,საინფორმაციო ცენტრი ნატოსა და ევროკავშირის შესახებ • NATO & EU Info Center,≤100
1152104411502228,ნინო წილოსანი • Nino Tsilosani,Nino Tsilosani,≤100
194165114388891,ევროპული საქართველო • European Georgia,ევროპული საქართველო,≤100
1386065384959039,სოლიდარობა მშვიდობისთვის - ახალი სივრცე,Solidarity For Peace,≤100
108652531483661,ქართული ოცნება ჩემი არჩევანია,ქართული ოცნება ჩემი არჩევანია,≤100
168226130026484,ჰოლონი •  Holon,ირაკლი წულაია,≤100
106671920976963,Movement EDU,Movement tv LLC,≤100
346336779735775,დავით ზილფიმიანი • David Zilpimiani,David Zilpimiani,≤100
101028631724717,George Kapanadze / გიორგი კაპანაძე,George Kapanadze,≤100
691251661323712,თავისუფალი ბაზარი,გირჩი • Girchi,≤100
285690758154568,გარემოს დაცვისა და სოფლის მეურნეობის სამინისტრო,გარემოს დაცვისა და სოფლის მეურნეობის სამინისტრო,≤100
414248619353564,საქართველოს დაბადება,გირჩი • Girchi,≤100
101675728268164,დამუხტე,POSTV,≤100
107709478476649,თამარ ჩერგოლეიშვილი / Tamar Chergoleishvili,European Georgia,≤100
1740887375921884,TOK TV,TOK TV,≤100
197243066983672,ერთიანი ნაციონალური მოძრაობა • United National Movement,ერთიანი ნაციონალური მოძრაობა • United National Movement,≤100
1159313984168136,europop,Popsport,≤100
106922568877844,CRC - Cyber Resilience Center - კიბერმედეგობის ცენტრი,Georgian Center for Strategy and Development,≤100
1886767171598724,ფლანგვის დეტექტორი,ფლანგვის დეტექტორი,≤100
286693558407251,Movement,Movement tv LLC,≤100
536906143912475,RealPolitika • რეალპოლიტიკა,Gmc • მმართველობის მონიტორინგის ცენტრი,≤100
493781037467461,Sova,Sova,≤100
106783775294343,სპეციალური საგამოძიებო სამსახური • Special Investigation Service,Special Investigation Service,≤100
107034578358462,პოლიტიკური სატირა / Political Satire,პოლიტიკური სატირა / Political Satire,≤100
195600981002208,გიორგი მელაშვილი / George Melashvili,Europe-Georgia Institute,≤100
106059902195415,CourtWatch.ge - იყავი ინფორმირებული სასამართლოზე,Georgian Court Watch,≤100
101545558591952,დავით ფაცაცია / David Patsatsia,დავით ფაცაცია/Davit Patsatsia,≤100
2136963033183230,თორნიკე რიჟვაძე • Tornike Rijvadze,თორნიკე რიჟვაძე • Tornike Rijvadze,≤100
497425910290053,სოციალური სამართლიანობის ცენტრი• Social Justice Center,Emc • ადამიანის უფლებების სწავლებისა და მონიტორინგის ცენტრი,≤100
190992343324,BBC News Russian,These ads ran without a disclaimer,≤100