﻿Page ID,Page name,Disclaimer,Amount spent (THB)
1973111156281141,กอล์ฟ อัครนันท์ กัณณ์กิตตินันท์,Akaranun Khankittinan,15025
101673076131930,พรรคเปลี่ยน,พรรคเปลี่ยน,3850
115975966977709,ทีมพลังกาญจน์,จตุพร เลียวรัศมี,1058
102243455746151,พลอย ธนิกุล,พลอย ธนิกุล,778
103664342715792,ชูศักดิ์ แม้นทิม,จตุพร เลียวรัศมี,542
108140005533324,ทีมงานผู้สมัคร พรรคพลังประชารัฐ เขต 1 จีระเกียรติ ภูมิสวัสดิ์ - ผู้ว่าใหม่,Supawat Jaronedee,327
106114681299032,ชูเกียรติ จีนาภักดิ์,ชูเกียรติ จีนาภักดิ์,316
101535845426970,พรรคไทยสร้างไทย,พรรคไทยสร้างไทย,246
109263155401195,นายกประเทศ บุญยงค์,นายกประเทศ บุญยงค์,234
172057439546202,พันโท สินธพ แก้วพิจิตร (เสธ.แก้ว),พันโท สินธพ แก้วพิจิตร (เสธ.แก้ว),161
283908908680102,พรรคพลังธรรมใหม่,พรรคพลังธรรมใหม่,146
182657125936067,พรรคภูมิใจไทย,พรรคภูมิใจไทย,138
613689015307999,ส.ส.แมน ฉัตรพันธ์ เดชกิจสุนทร,ส.ส.แมน ฉัตรพันธ์ เดชกิจสุนทร,122
109239188766815,ดร. วิทยา อินาลา พรรคไทยพร้อม,Klod Sawadputsra,116
161651553861945,Amnesty International Thailand,Amnesty International Thailand,≤100
594876047285284,ดร.วรสุดา สุขารมณ์,ดร.วรสุดา สุขารมณ์,≤100
102807719039442,พรรครวมไทยสร้างชาติ United Thai Nation Party,พรรครวมไทยสร้างชาติ United Thai Nation Party,≤100
104355192139176,วิฑูร ลี้ธีระนานนท์,วิฑูร ลี้ธีระนานนท์,≤100
149079361791677,พรรคเพื่อไทย,พรรคเพื่อไทย,≤100
111485468432921,พรรคเปลี่ยนอนาคต Changefuture party,พรรคเปลี่ยนอนาคต Changefuture party,≤100
216196569814,Sanook - สนุกดอทคอม,Sanook - สนุกดอทคอม,≤100
142621129084261,TNN ช่อง 16,"Tellscore Co., Ltd.",≤100
115816738136127,มนตรี บุญจรัส Montree  Boonjarat,พลรักษ์ รักษาพล,≤100
105782438913837,มีศักดิ์ ภักดีคง,มีศักดิ์ ภักดีคง,≤100
104963151112166,การเมือง kanmuang.com,การเมือง kanmuang.com,≤100
113023081702937,ธีระ สลักเพชร,ธีระ สลักเพชร,≤100
106337912336664,ปั้น ณัทกร แก้วพิจิตร,ปั้น ณัทกร แก้วพิจิตร,≤100
2230596726985945,ฮาย ปวิศรัฐฐ์ ติยะไพรัช,บริษัท เวิร์ค 360 จำกัด,≤100
1023078414531349,The People,Kityanggul Phadungkarn,≤100
266172157730,คนค้นฅน,คนค้นฅน,≤100
2131398436998925,ชนินทร์ รุ่งแสง ปชป.,ชนินทร์ รุ่งแสง ปชป.,≤100
111331191880453,วินัย วิจิตรโสภณ - Winai Wijitsophon,วินัย วิจิตรโสภณ - Winai Wijitsophon,≤100
103003377726705,เสื้อผ้าแฟชั่นNaPa,Threeramate Artkongharn,≤100
183238185051108,อรรถวิชช์ สุวรรณภักดี,อรรถวิชช์ สุวรรณภักดี,≤100
118757751143686,อิทธิพล ชลธราศิริ - Itthiphon Chontharasiri - แบงค์ชัย,Itthiphon Chontharasiri,≤100
157659344260788,จุรินทร์ ลักษณวิศิษฏ์ Aoodda,Jurin Laksanawisit,≤100
101963962655058,พรรคพลังสหกรณ์,These ads ran without a disclaimer,≤100
1954791021245891,นิรมิต สุจารี,Vasinee Jitherm,≤100
110119978657999,นพ.พลวิทย์ เจริญพงศ์,นพ.พลวิทย์ เจริญพงศ์,≤100
617620494922400,PPTV HD 36,PPTV HD 36,≤100
103983981304937,พรรคเสมอภาค-Equality Party,Nalinphas Ongkunaruk,≤100
204016840519336,ศ.ดร.นฤมล ภิญโญสินวัฒน์,ศ.ดร.นฤมล ภิญโญสินวัฒน์,≤100
2147269921986413,ธนัญญา พันธุ์การรุ่ง พรรคเพื่อไทย นครปฐมเขต2,Pang Thanakulchotikan,≤100
103743929314265,ธนากร เลี้ยงฤทัย,ลลดา อมาตยกุล,≤100
111298031674697,นเรศ ธำรงค์ทิพยคุณ,นเรศ ธำรงค์ทิพยคุณ,≤100
296508406790,"Democrat Party, Thailand พรรคประชาธิปัตย์","Democrat Party, Thailand พรรคประชาธิปัตย์",≤100
115922723434700,ครูเจพีสรุปย่อ for Teacher,ครูเจพีสรุปย่อ for Teacher,≤100
877369462441031,ปูอัด ไชยามพวาน ผู้สมัคร ส.ส. เขตจอมทอง-บางขุนเทียน-ท่าข้าม พรรคก้าวไกล,Chaiyamparwaan Manpianjit,≤100
101755712680612,รัก ณิชาภา โกวิทานนท์ ผู้สมัคร ส.ส.สมุทรสงคราม พรรคเพื่อไทย,รัก ณิชาภา โกวิทานนท์ ผู้สมัคร ส.ส.สมุทรสงคราม พรรคเพื่อไทย,≤100
1633051440333187,FTE หลักสูตรเพื่อพัฒนาเจ้าของธุรกิจรุ่นใหม่ ครบเครื่อง ทันใจ แบบเร่งรัด,"VP group infinity Co.,Ltd.",≤100
118926511456194,Ready Energy,These ads ran without a disclaimer,≤100
2042187966059264,ก่อเกียรติ สิริยะเสถียร,ก่อเกียรติ สิริยะเสถียร,≤100
113067400607487,กันตพงศ์ ดีชัยยะ - แมพ,กันตพงศ์ ดีชัยยะ - แมพ,≤100
567028733726812,ต่อศักดิ์  อัศวเหม,ต่อศักดิ์  อัศวเหม,≤100
112969264517494,เพ็ญพิสุทธิ์ จินตโสภณ - Penpisut Jintasophon,เพ็ญพิสุทธิ์ จินตโสภณ - Penpisut Jintasophon,≤100
2086963124904186,พรรคก้าวไกล แม่ฮ่องสอน,พรรคก้าวไกล แม่ฮ่องสอน,≤100
101386439318479,วรัญญา แอนดาริส - ช่างแอนโยธา,วรัญญา แอนดาริส - ช่างแอนโยธา,≤100
1632492300342371,สยามนิวส์,Sue Siam Company Limited,≤100
101504656149099,Peace Sasipatra  - พีซ ศศิร์ภัทรา,Peace Sasipatra  - พีซ ศศิร์ภัทรา,≤100
622674297897819,Screenshirt2020,Screenshirt2020,≤100
504514060047514,สุณัฐชา โล่สถาพรพิพิธ - ตรัง,สุณัฐชา โล่สถาพรพิพิธ,≤100
106643522277071,แป๊ะยิ้ม - ทรงศักดิ์ ส่งเสริมอุดมชัย,Songsak Songsermudomchai,≤100
115653434840464,พรรคประชาธิปัตย์ นาย ไพบูลย์ ศิริมา เบอร์ 7 จ.สุรินทร์ เขต 8,Pooky Kham-Oun,≤100
102108535240880,สมบัติ ยะสินธุ์,สมบัติ ยะสินธุ์,≤100
2207592052842230,ทวีชัย วงศ์ไพโรจน์กุล - เบสท์,Veerapat Sinpattrwongse,≤100
107543695506457,ธนชัย สินธุไพร,Orf Thanachai Sindhuprai,≤100
2222987881148969,อดีต ส.ส. กรณิศ งามสุคนธ์รัตนา เขตวัฒนา เขตคลองเตย เบอร์ 1 บัตร สีม่วง,อดีต ส.ส. กรณิศ งามสุคนธ์รัตนา เขตวัฒนา เขตคลองเตย เบอร์ 1 บัตร สีม่วง,≤100
104342402244178,อารุม ตุ้มน้อย - Arum Tumnoi,อารุม ตุ้มน้อย - Arum Tumnoi,≤100
241115389300595,คุณหญิงสุดารัตน์ เกยุราพันธุ์ Sudarat Keyuraphan,คุณหญิงสุดารัตน์ เกยุราพันธุ์ Sudarat Keyuraphan,≤100
789991318125212,พงศกร รัตนเรืองวัฒนา,พงศกร รัตนเรืองวัฒนา,≤100
112343717773740,Betapetonline,ชัชญา พานิช,≤100
110672681521491,พรรคชาติรุ่งเรือง - Chat Rung Rueang Party,พรรคชาติรุ่งเรือง - Chat Rung Rueang Party,≤100
159570997481890,พลตำรวจเอกเสรีพิศุทธ์ เตมียเวส,พลตำรวจเอกเสรีพิศุทธ์ เตมียเวส,≤100
101902816002499,พี่โยชน์ FC,These ads ran without a disclaimer,≤100
352318098651383,โตโต้ ปิยรัฐ - Piyarat Chongthep,โตโต้ ปิยรัฐ - Piyarat Chongthep,≤100
102760714981774,สุภาพร กำเนิดผล,สุภาพร กำเนิดผล,≤100
100486988544567,ไกด์ - วุฒิรักษ์ เเพงตาแก้ว - Wuttirak Pangthakaew,Wuttirak Pangthakaew,≤100
102949686071401,ทศพล แก้วทิมา ราชบุรีต้องดีกว่าเดิม,ทศพล แก้วทิมา ราชบุรีต้องดีกว่าเดิม,≤100
105222651420799,เต้ วิกรม เตชะธีราวัฒน์,เต้ วิกรม เตชะธีราวัฒน์,≤100
278216879718449,เกษม ศุภรานนท์,Patharapong Supparanon,≤100
194884740536733,พิมพ์ภัทรา วิชัยกุล,พิมพ์ภัทรา วิชัยกุล,≤100
110071068426148,Shopdee,These ads ran without a disclaimer,≤100
101289896276961,ทีมปากนครพัฒนา,These ads ran without a disclaimer,≤100
345127652279503,มูลนิธิสากลเพื่อคนพิการ,มูลนิธิสากลเพื่อคนพิการ,≤100
111341764925564,สำนักสนับสนุนการพัฒนาระบบสุขภาพ - สำนัก 7 สสส.,สำนักสนับสนุนการพัฒนาระบบสุขภาพ - สำนัก 7 สสส.,≤100
102544175903371,เบ๊นซ์ นิธิพล  เพื่อคนสมุทรปราการ,เบ๊นซ์ นิธิพล  เพื่อคนสมุทรปราการ,≤100
1635406246730420,วรงค์ เดชกิจวิกรม - Warong Dechgitvigrom,วรงค์ เดชกิจวิกรม - Warong Dechgitvigrom,≤100
107304892093610,Vote62,Vote62,≤100
107945618934003,ธนูชยานันท์ ปั้นบริสุทธิ์,ธนูชยานันท์ ปั้นบริสุทธิ์,≤100
257083724467673,ยุทธพล  อังกินันทน์,ยุทธพล อังกินันทน์,≤100
106804542303183,สำนักงานกฎหมายทนายใหญ่,สำนักงานกฎหมายทนายใหญ่,≤100
2046265545683549,เชียร์ลุง,เชียร์ลุง,≤100
107637862235181,แอ้ สุภีพันธุ์ หอมหวล,แอ้ สุภีพันธุ์ หอมหวล,≤100
110730818172510,ดร.ต่อพงษ์ วรกุล - Dr.Toapong worakul,Toapong Worakul,≤100
104879999243950,พลชัย พิพิธวรกุล เบอร์ 2 เขต 4 ขอนแก่น พรรคประชาธิปัตย์,Ponchai Pipitvorakul,≤100
111254920243268,ไตปลาแห้งคุณเอ๋ เพจหลัก เจ้าของแบรนด์,These ads ran without a disclaimer,≤100
107612328588715,The Voters,สันติสุข กาญจนประกร,≤100
101636186123234,ไชยพล เดชตระกูล,ไชยพล เดชตระกูล,≤100
161052211196800,พรรคเสรีรวมไทย,พรรคเสรีรวมไทย,≤100
1241410716007401,ทศพล เพ็งส้ม,Thosaphol Pengsom,≤100
112667281187463,ถิรเดช ตั้งมั่นก่อกิจ สจ.ม้อ,ถิรเดช ตั้งมั่นก่อกิจ สจ.ม้อ,≤100
102661302788490,กานต์ กฤตินี รุณแสง,วรรณชัย เรือนแก้ว,≤100
100761582502948,จารุพล เรืองสุวรรณ - อาจารย์จา,Charupol Ruangsuwan,≤100
111516805117553,Benton II  รับออกแบบและผลิตเสื้อกีฬาพิมพ์ลาย,These ads ran without a disclaimer,≤100
105500285736267,กรรญดา ณ หนองคาย  ไทยภักดี หนองคาย,These ads ran without a disclaimer,≤100
116270608115655,สนั่น พรหมสุข,Nutsanee Boonmee,≤100
103519619366975,รวมไทยสร้างชาติ ชลบุรี,รวมไทยสร้างชาติ ชลบุรี,≤100
101903785231136,นายกไก่กังวาล ศักดิ์ชัย พิศาลผล,Thanachit Phraemuang,≤100
418729291509368,สถาบันปรีดี พนมยงค์ Pridi Banomyong Institute,สถาบันปรีดี พนมยงค์ Pridi Banomyong Institute,≤100
116668478038395,โด่ง ชัชวาล พรอมรธรรม เพื่อไทย เขต 1 ขอนแก่น เบอร์ 6,โด่ง ชัชวาล พรอมรธรรม,≤100
108201828409912,ณัฐวัฒน์ พอใช้ได้,Atirit Dechasiniwat,≤100
101718154896555,บัวเขียว เสื้อผ้าพื้นเมือง,These ads ran without a disclaimer,≤100
112073738279329,สิงโต - ศักดิ์สิทธิ์ ขาวทอง,สิงโต - ศักดิ์สิทธิ์ ขาวทอง,≤100
105289357813967,ปุณณ์สิริ บุณยเกียรติ - บีท - Punsiri Boonyakiat,ปุณณ์สิริ บุณยเกียรติ - บีท - Punsiri Boonyakiat,≤100
1423854681069294,สาคร เกี่ยวข้อง,สาคร เกี่ยวข้อง,≤100
105308564750704,ณัฏฐ์ มงคลนาวิน,ณัฏฐ์ มงคลนาวิน,≤100
109132222106497,เอฟ ชนัตถ์ นันทปัญญา,Katakorn Phukhaow,≤100
106561034744198,ลอรี่ - พงศ์พล ยอดเมืองเจริญ,ลอรี่ - พงศ์พล ยอดเมืองเจริญ,≤100
122798967391008,อนุวัตร สัมพันธ์ทรัพย์,These ads ran without a disclaimer,≤100
418729291509368,สถาบันปรีดี พนมยงค์ Pridi Banomyong Institute,These ads ran without a disclaimer,≤100
117849264601668,วิษณุ กรองกันภัย พรรคไทยพร้อม เบอร์ 28,ลลดา อมาตยกุล,≤100
342127689673755,บักยอช - สยมพร วรรณูปถัมภ์,Patchamon Fukumnerd,≤100
266046550746989,บุญลือ ประเสริฐโสภา,บุญลือ ประเสริฐโสภา,≤100
108515294626891,สอบข้าราชการท้องถิ่น By Thurakan,Chiraphorn Thuree,≤100
102803105638809,ประชาธิปไตยกินได้,ประชาธิปไตยกินได้,≤100
333851820592868,ยุทธนา โพธสุธน,ยุทธนา โพธสุธน,≤100
109072381002767,คงพัชร ไขรัศมี,คงพัชร ไขรัศมี,≤100
107632911935734,วรวงศ์ วรปัญญา,วรวงศ์ วรปัญญา,≤100
115968991450725,Piyasak Dechtongtip - ปิยะศักดิ์ เดชทองทิพย์,Chetsada Paochanthuek,≤100
111314071924512,Kakao Webtoon Reels TH,These ads ran without a disclaimer,≤100
108395542035803,สุพรรษา มะเหร็ม-Supunsa Marem พรรคก้าวไกล ตรังเขต 4,สุพรรษา มะเหร็ม-Supunsa Marem พรรคก้าวไกล ตรังเขต 4,≤100
207416296817756,พรรคก้าวไกลราชบุรี - Move Forward Party,Unnop Sricharoenchai,≤100
115140113734156,ขวัญเรือน เทียนทอง,ขวัญเรือน เทียนทอง,≤100
117933025511202,AD ADDICT,These ads ran without a disclaimer,≤100
190923294988741,สอบครูผู้ช่วยนะ,สอบครูผู้ช่วยนะ,≤100
103493019318704,เพิ่มพงศ์ วงศ์ทรายทอง - เบลล์,เพิ่มพงศ์ วงศ์ทรายทอง,≤100
114984508253999,อนุสรณ์ พลราชม,These ads ran without a disclaimer,≤100
110325891388981,พิมพกาญจน์ พลสมัคร,พิมพกาญจน์ พลสมัคร,≤100
100813082276696,สมบูรณ์วรรณ ตรีสินธุ์ไชย,Somboonwan Nong Treesinchai,≤100
845802748927604,NZXT,These ads ran without a disclaimer,≤100
167298140295816,Aumjumma วาไรตี้..ชีวิตป้า,These ads ran without a disclaimer,≤100
100206651558734,พรรคชาติพัฒนากล้า - ChartpattanaKLA Party,พรรคชาติพัฒนากล้า - ChartpattanaKLA Party,≤100
106492485566151,วิชิต วราศิริกุล เพื่อทุ่งครุ-ราษฎร์บูรณะ เราทำได้,Nattagid Manasermwong,≤100
101142832722657,สบู่กายา รายใหญ่ปทุมธานี พักตร์อิแม่พารวย2,These ads ran without a disclaimer,≤100
1736307976637390,Pluseducenter,These ads ran without a disclaimer,≤100
104062279288492,สมศักดิ์ กุลาวาไชย - แดน ศรีราชา,กฤษณา เลิศวรากรชัย,≤100
111852360177624,วิวัฒน์ จินดาพล สจ.ต้อม,วิวัฒน์ จินดาพล สจ.ต้อม,≤100
154683648535293,Aqua Maris TH,These ads ran without a disclaimer,≤100
106461847961914,ประสิทธิ์ ปัทมผดุงศักดิ์ - Prasit Puttamapadungsak,ประสิทธิ์ ปัทมผดุงศักดิ์ - Prasit Puttamapadungsak,≤100
111203087295386,ดร.ทวนชัย นิยมชาติ ผู้สมัคร สส เขตจอมทอง เขตบางบอน เขตหนองแขม เบอร์ 8,Thuanchai Niyomchart,≤100
100984999203178,withtruelover,These ads ran without a disclaimer,≤100
100275984666295,อ.ทนายความ มีดี  บัวแก้ว - พรรคก้าวไกล พิษณุโลก เขต2,อ.ทนายความ มีดี  บัวแก้ว - พรรคก้าวไกล พิษณุโลก เขต2,≤100
106603599085478,ตุ้ย นพดล ลัดดาแย้ม ปทุมธานี เขต2 เบอร์3,Worakit Chitrman,≤100
100156488333982,ศุภชัย นพขำ ปทุมธานี พรรคเพื่อไทย,ศุภชัย นพขำ ปทุมธานี พรรคเพื่อไทย,≤100
110329429104248,ขนมปังฟาร์มเฮ้าส์,These ads ran without a disclaimer,≤100
110112088548803,บัวสอน ประชามอญ / ไทยสร้างไทย,บัวสอน ประชามอญ / ไทยสร้างไทย,≤100
114287438158688,อรรถวิทย์ เซะวิเศษ - Attawit Saewiset,Bunsong Rodyo,≤100
105546651850693,วีรนันท์ ฮวดศรี-Weeranan Huadsri-ทนายป๊อก,Weeranan Huadsri,≤100
110668021506069,เพื่อเทอทั้งสองใบ,เพื่อเทอทั้งสองใบ,≤100
107600761673015,jookpookspellcandle,These ads ran without a disclaimer,≤100
103011017878839,sabuy_bclothes,These ads ran without a disclaimer,≤100
108535378427614,นาย สุรชัย แดงละอุ่น - นายกโท้ง,นาย สุรชัย แดงละอุ่น - นายกโท้ง,≤100
496992307468643,ฐิติกันต์ ฐิติพฤฒิกุล - Thitikan Thitipruethikul,ฐิติกันต์ ฐิติพฤฒิกุล - Thitikan Thitipruethikul,≤100
681918321922813,ดร.ตั้น กฤชนนท์ อัยยปัญญา,ดร.ตั้น กฤชนนท์ อัยยปัญญา,≤100
107668691460508,ดรุณี พูนประสิทธิ์ อดีต สจ.สระแก้ว,Narong Thongphantha,≤100
1476977969108613,จิ๊บ ศศิกานต์ วัฒนะจันทร์,Sasikarn Watthanachan,≤100
369544679790844,Korat : เมืองที่คุณสร้างได้,These ads ran without a disclaimer,≤100
105765928998102,เสมอกัน เที่ยงธรรม,เสมอกัน เที่ยงธรรม,≤100
104713702441494,Puwadon Danrattanachai - ภูวดล ด่านรัตนชัย,Puwadon Danrattanachai - ภูวดล ด่านรัตนชัย,≤100
114574341574903,อิทธิเดช สุพงษ์ - Itthidej Suphong,Tanapat Srisontiyakun,≤100
103503346076459,สมเกียรติ ตันตระกูล,8898PRODUCTION COMPANY LIMITED,≤100
103897829119782,เพจแสนคม จันทบุรี,Peerawit Kaewmuang,≤100
177948972256358,เอกนัฏ พร้อมพันธุ์ (ขิง),Chonticha Mahachai,≤100
112332525119611,เอกภาพ หงสกุล ผู้สมัคร ส.ส.พรรคเพื่อไทย เขตสายไหม,เอกภาพ หงสกุล ผู้สมัคร ส.ส.พรรคเพื่อไทย เขตสายไหม,≤100
188107458258082,Mono News - ข่าวโมโน,Mono News - ข่าวโมโน,≤100
221139347953872,อภิมุข ฉันทวานิช - Apimuk Xanthavanij,อภิมุข ฉันทวานิช - Apimuk Xanthavanij,≤100
104645182578478,นิรันดร์ วัฒนศาสตร์สาธร,Supakit Ngoenkaew,≤100
120566510971339,พรรคเพื่อไทยจังหวัดชลบุรี,Aready ads,≤100
119181906609798,หมอเฉลิมชัย กุลาเลิศ ผู้สมัคร ส.ส. พรรคก้าวไกล เขตห้วยขวาง วังทองหลาง,Chalermchai Kulalert,≤100
103346939405544,ปรีติ เจริญศิลป์ เบอร์ 1 ก้าวไกล นนทบุรี เขต 5,Preeti Charoensilp,≤100
189698001655102,เขตรัฐ เหล่าธรรมทัศน์ - Katerut Laothamatas,เขตรัฐ เหล่าธรรมทัศน์ - Katerut Laothamatas,≤100
101673076131930,พรรคเปลี่ยน,นอท พันธ์ธวัช นาควิสุทธิ์,≤100
101696788465808,TOP News,TOP News,≤100
104809958598855,อั้ม อดุลวิทย์ วิวัฒน์ธนาฒย์,อั้ม อดุลวิทย์ วิวัฒน์ธนาฒย์,≤100
106895275690265,อั๋น อรรถพล วงษ์ประยูร,อั๋น อรรถพล วงษ์ประยูร,≤100
104179515944602,ประชาธิปัตย์ จันทบุรี-ตราด,Unicronet - Digital Marketing Solution,≤100
110144991464196,กรอบลอยไวนิล แคนวาส บอร์ดไดคัท 99 บาท มีเก็บปลายทาง,Sakawtip Utha,≤100
100298682713615,เสื้อวินเทจ ลายมัน ผ้าดำ,เสื้อวินเทจ ลายมัน ผ้าดำ,≤100
106611748784439,นัสชัย มูลสาย,These ads ran without a disclaimer,≤100
251576523395330,พีรพล ทะต่อม-Peerapol Thatom,Peerapol Thatom,≤100
109620228772561,ปัญญาแฟนคลับ,These ads ran without a disclaimer,≤100
385470045273656,ก้าวไกล ระยอง,Yo Pongsathon Sonpechnarintr,≤100
116425564723127,MJ FEED อาหารสัตว์,These ads ran without a disclaimer,≤100
2001637323285040,อรพินทร์ เพชรทัต,อรพินทร์ เพชรทัต,≤100
104631481718361,ศราพงศ์ ปรินซ์ อิศรศักดิ์ ณ อยุธยา,Sarapong Itsarasak Na Ayudhya,≤100
101493419239768,สุรธัช เณรภักดี - เณรปอน ไทยภักดี นครศรีธรรมราช,สุรธัช เณรภักดี - เณรปอน ไทยภักดี นครศรีธรรมราช,≤100
538633149666112,กวีวงศ์ อยู่วิจิตร-ผู้สมัคร ส.ส. เขตบางนา พระโขนง พรรคเพื่อไทย เบอร์ 3,กวีวงศ์ เบิด อยู่วิจิตร,≤100
318392915554883,ภิญโญ กิจเลิศไพโรจน์ - Pinyo Kitlertphairoj,ภิญโญ กิจเลิศไพโรจน์ - Pinyo Kitlertphairoj,≤100
2232486313631668,อนุรักษ์ จุรีมาศ,ธวัชชานลล์ ทำขุรู,≤100
102086178653943,วรวุธ ลีลานภาศักดิ์-Worawut Leelanapasak,วรวุธ ลีลานภาศักดิ์-Worawut Leelanapasak,≤100
119235304481580,เกื้อกูล ด่านชัยวิจิตร,เอกชัย มงคลสมัย,≤100
454523585079183,ภาดาท์ วรกานนท์ Pada Vorakanon,ภาดาท์ วรกานนท์ Pada Vorakanon,≤100
2105350112863264,ร้อยเอก ดร.จองชัย วงศ์ทรายทอง - ผู้กองเบิร์ด,ร้อยเอก ดร.จองชัย วงศ์ทรายทอง - ผู้กองเบิร์ด,≤100
490715381426766,บิลลี่ - Jirawat Arunyakanon - จิรวัฒน์ อรัณยกานนท์,บิลลี่ - Jirawat Arunyakanon - จิรวัฒน์ อรัณยกานนท์,≤100
108310705018773,เพจ ตุงคะวารีศรีวนาลัย ไตรสิกขาฯ,These ads ran without a disclaimer,≤100
101135838389062,Sina Deinert’s Project,These ads ran without a disclaimer,≤100