﻿Page ID,Page name,Disclaimer,Amount spent (USD),Number of ads in Library
107104108641124,Fatima impression,These ads ran without a disclaimer,≤100,1
933499516846160,Centre d'Etude et de Documentation Universitaire Scientifique et Technique,These ads ran without a disclaimer,≤100,1
1064304623746252,Rights Africa,These ads ran without a disclaimer,≤100,1
405199520209766,The Belt and Road News Network,These ads ran without a disclaimer,≤100,1
1717497868504337,Truth and Moments,These ads ran without a disclaimer,≤100,1
1655478897929127,Ladies Social Network,These ads ran without a disclaimer,≤100,1
100823192690476,Jennifer Davis,These ads ran without a disclaimer,≤100,1