﻿Page ID,Page name,Disclaimer,Amount spent (IDR)
110608611801801,G24 Golkar Malut,Yayasan Golkar Institut SPKP,275008
101350709331663,G24News.tv,Yayasan Golkar Institut SPKP,40976
105818752347206,Teman Airlangga Hartarto,Aditia Ramdani,19334
68793499001,UNICEF,UNICEF with Facebook Ad Credits,15731
164882486874333,antaranews.com,antaranews.com,14082
110090765246136,Yanti Airlangga,Yayasan Golkar Institute SPKP,8269
102122622640795,Catatan Menko Airlangga,Yayasan Golkar Institut,7383
143840239716746,Indozone.id,PT. INDOZONE MEDIA INDONESIA,7314
102712985995817,Sobat Airlangga Hartarto,Aditia Ramdani,7182
320858334728047,Partai Solidaritas Indonesia,Partai Solidaritas Indonesia,5323
302826799886864,Relawan PUAN 2024,Puan 2024,3074
101679818973699,Sahabat Ganjar Pranowo,John Kamnahas,1927
100738338510838,Bangkitlah Indonesia,Iwan Hardiansyah,1913
197545083607941,Harian Kompas,Harian Kompas,1410
106883058905796,Tanda Seru,Aditia Ramdani,1303
101601538648991,Gerindra Lampung Official,"Asroni Paslah, S.Pd",1283
104622532469179,Populis,Aditia Ramdani,1128
101428652793656,Readktif,Aditia Ramdani,1103
110750361762052,Pikiran Rakyat,Desta Darmawansyah,1082
100493776029547,SiCaleg - Aplikasi Pemilihan Legislatif,SiCaleg,1016
110865154735990,Koran Harian Tanah Air,Muhammad Miftakhunnaim,949
101041975397915,Indonesia Satu,Bayu Wicaksono,913
109080054719110,Jakarta Trend,Bayu Wicaksono,893
110844658427309,Reglow Skincare,These ads ran without a disclaimer,867
109083348423534,Untuk Rakyat,Muhammad Miftakhunnaim,825
101740732279139,Tomiko,These ads ran without a disclaimer,748
107965558190911,Bansos by DTKS,Mirza Eko Purwanto,746
102060486500863,The Jakarta Post,PT. Bina Media Tenggara,723
342449962923657,Berita Ganjar Pranowo,Ganjar Nusantara Indonesia,655
101203454841155,Kota Kite,Prayogo,644
105086104966952,"Aktivitas I Nengah Tamba, S.H.",I Ketut Gede Artha Negara,624
678421075696415,Giring Ganesha,Partai Solidaritas Indonesia,436
101760624522103,DPP Banteng Muda Indonesia,Farid Wahyudi,432
39253583478,PDI Perjuangan,Muhammad Miftakhunnaim,431
104427162506872,Fakta Anies,Fakta Anies,395
102273039070802,Info Terkini,Muhammad Miftakhunnaim,369
103581752405141,Sobar Harahap,Juniar Dwi Harianto,348
103421759149899,Geocorner Indonesia,Geocorner,333
202555993805088,Caption,Ganjar Nusantara Indonesia,288
110056788323890,Pikiran Indonesia,Ganjar Nusantara Indonesia,277
100676262667808,Story Nusantara,Ganjar Nusantara Indonesia,271
101338198587608,Indonesia Luar Biasa,Ganjar Nusantara Indonesia,258
108676115131939,Nusantara Cerdas,Ganjar Nusantara Indonesia,246
105313791512717,Jateng Sentris,Bayu Wicaksono,237
113058461386521,Mercusuar Indonesia,Ganjar Nusantara Indonesia,236
100147872667354,Kata Nusantara,Ganjar Nusantara Indonesia,235
113307277699173,Info Kebumen Ngapak,Bayu Wicaksono,233
107565455160464,Indonesia Opini,Ganjar Nusantara Indonesia,232
104985064840959,politician_academy,Rizky Suhandi,229
102114435036822,Filosofi Jatim,Dwi Wantoro,227
104799384898162,Indonesia Berkabar,Ganjar Nusantara Indonesia,226
110037828037739,Jateng Pedia,Bayu Wicaksono,221
107241861191421,Ilmu Tambang,Ilmu Tambang,221
105195635486519,Klise Nusantara,Ganjar Nusantara Indonesia,219
105308715676825,Filosofi Indonesia,Ganjar Nusantara Indonesia,203
110368964786452,Kemajuan Bersama,Muhammad Miftakhunnaim,170
104843487722931,Portal Islam id,Portal Islam ID,148
104830667806476,Melihat Indonesia,Melihat Indonesia,125
107093457718899,Ngawi Kita,Arik Luviani Putri Yasa,115
102497641558430,Indonesia Tolak HOAX,Muhammad Miftakhunnaim,103
108695584343029,Baik Untuk Kita,Muhammad Miftakhunnaim,≤100
104830667806476,Melihat Indonesia,Ganjar Nusantara Indonesia,≤100
101076948451651,Masa Depan Kita,Muhammad Miftakhunnaim,≤100
108571334357297,Melangkah Lebih Baik,Muhammad Miftakhunnaim,≤100
110100218339060,Wahai Ibu Pertiwi,Muhammad Miftakhunnaim,≤100
100359258525418,Pemulihan Lebih Baik,Muhammad Miftakhunnaim,≤100
101403669397488,Nikmatul Sugiyarto,Juniar Dwi Harianto,≤100
102656349157647,Tugimanisme,Ganjar Nusantara Indonesia,≤100
106758122177598,Sahabat Sejati Reglow,These ads ran without a disclaimer,≤100
107445484072695,Indonesia Cerah,These ads ran without a disclaimer,≤100
110841041566969,futtoboru_id,These ads ran without a disclaimer,≤100
106872160687682,The Iconomics,Rizky Nurdiansyah,≤100
100739975934515,Kemajuan Tanah Air,Muhammad Miftakhunnaim,≤100
110952238516382,Kiki Daliyo,Juniar Dwi Harianto,≤100
111399895143805,kecamatanmedankotaa,These ads ran without a disclaimer,≤100
565225540184937,CGTN,These ads ran without a disclaimer,≤100
167878593236712,UNICEF en español,UNICEF con créditos publicitarios de Facebook,≤100
870250129973660,La Maestra Paris,These ads ran without a disclaimer,≤100
166178460072395,اليونيسف بالعربية - UNICEF in Arabic,اليونيسف باستخدام اعتمادات الإعلان على الفيسبوك,≤100