﻿Page ID,Page name,Disclaimer,Amount spent (EUR)
20108693880,Oxfam Intermón,Oxfam Intermón,≤100
133044800622,Greenpeace España,Greenpeace España,≤100
57845333112,Save the Children España,Save the Children España,≤100
467925280299505,Médicos Sin Fronteras España,Médicos Sin Fronteras España,≤100
57973661707,WWF España,WWF España,≤100
11473659787,Educo,Educo,≤100
256196396278,UNICEF España,UNICEF Comité Español,≤100
1090745367686140,SotySolar,Sotysolar,≤100
94118672764,ACNUR Comite español,ACNUR Comite español,≤100
78151799929,Amnistía Internacional España,Amnistía Internacional España,≤100
116189118344,Fundación Igualdad Animal,Fundación Igualdad Animal,≤100
251020021637315,Iberdrola,Iberdrola,≤100
176592142419661,Holaluz,HolaLuz.com,≤100
169915749735403,CEAR,CEAR,≤100
471951929539262,Energia_Vital,Francisco Jose Perez Cuevas,≤100
120104454689359,MAPFRE,MAPFRE,≤100
418020808228650,Ministerio de Hacienda y Función Pública,Ministerio de Hacienda y Función Pública,≤100
119316301478161,Institute for Research in Biomedicine (IRB Barcelona),IRB Barcelona,≤100
103723114845299,Revista Lengua,PENGUIN RANDOM HOUSE GRUPO EDITORIAL,≤100
228545230545402,Manos Unidas,Manos Unidas,≤100
245741112112300,Ayuda En Acción,Ayuda En Acción,≤100
147468905314265,Partido Por un Mundo más Justo · M+J,Partido Por un Mundo más Justo · M+J,≤100
366619768708,Plan International España,Plan International España,≤100
131231529742,Fundación Anesvad,Fundación Anesvad,≤100
178932215807163,Endesa Clientes,Findasense,≤100
209596949081406,Fundación ANAR,Fundación ANAR,≤100
178168275528158,Secretaría General Iberoamericana (SEGIB),Secretaría General Iberoamericana (SEGIB),≤100
244777995534742,Ayuda a la Iglesia Necesitada - ACN España,Ayuda a la Iglesia Necesitada,≤100
107398917277187,Tu Abrigo Su Vida,Tu Abrigo Su Vida,≤100
116136108464509,CaixaBank,CaixaBank,≤100
157053154329138,Fundación Vida Sostenible,Fundación Vida Sostenible,≤100
796716270345901,Ecoforest,Ecoforest,≤100
553983948100016,Músicos por la Salud,Fundación Social District (Músicos por la Salud),≤100
815597255122198,Osoigo,Osoigo,≤100
276999106249,Asociación Española Contra el Cáncer,Asociación Española Contra el Cáncer,≤100
111892984250,Fundación World Vision España,Fundación World Vision International,≤100
213086312044776,Aldeas Infantiles SOS de España,Aldeas Infantiles SOS de España,≤100
741696855903082,Opositatest,Opositatest,≤100