﻿Page ID,Page name,Disclaimer,Amount spent (USD),Number of ads in Library
260152051240875,Alexander B. Cummings,Alexander B. Cummings,≤100,4
101555799526242,Liberians United for Cummings,Liberians United for Cummings,≤100,3
112473175157685,"Hon. George A. Miller - aka- Abu Miller ""Talk and Do""",These ads ran without a disclaimer,≤100,1
102023009327901,Global Compassion Coalition,These ads ran without a disclaimer,≤100,1
1090814171006609,Men's Lives Matter Too,These ads ran without a disclaimer,≤100,1
111679394767549,المشروع القومي لمشتقات البلازما,These ads ran without a disclaimer,≤100,1
111132794348779,That Happened,These ads ran without a disclaimer,≤100,1
224597158386607,Rosa Luxemburg Foundation,These ads ran without a disclaimer,≤100,2
106748801228154,Get Up Girl,These ads ran without a disclaimer,≤100,1
103262481273356,ADNAFRICA,These ads ran without a disclaimer,≤100,2
102556029420226,Okie Girl Brands,These ads ran without a disclaimer,≤100,1
580979592072016,بوابة اللاجئين الفلسطينيين,These ads ran without a disclaimer,≤100,1
104157946042000,Ingeniería - Moderna,These ads ran without a disclaimer,≤100,1
364442753629619,1010,These ads ran without a disclaimer,≤100,1
187766727949541,Deportivo Alavés,These ads ran without a disclaimer,≤100,3