﻿Page ID,Page name,Disclaimer,Amount spent (JPY)
1904070096535109,スマート選挙,株式会社センキョ,261
390066501056164,freee会計,These ads ran without a disclaimer,170
475681929154100,国連UNHCR協会,国連UNHCR協会,155
118751321160814,復刻版 日本列島改造論,These ads ran without a disclaimer,≤100
486499008189961,Inspire（インスパイア）：地方創生イノベータープラットフォーム,一般社団法人INSPIRE,≤100
110058508784307,ライズ・アップ・ジャパン,株式会社経営科学出版,≤100
1615481598672156,Blueair Japan Official,These ads ran without a disclaimer,≤100
281777375260988,オッズパーク,These ads ran without a disclaimer,≤100
633030123480159,グッドライフアワード,グッドライフアワード事務局,≤100
103307385856246,美容Lab,These ads ran without a disclaimer,≤100
101111389520051,極セレクト,These ads ran without a disclaimer,≤100
102891618059843,ケイミュー株式会社,These ads ran without a disclaimer,≤100
104533215755145,ZOE_Japan,ZOE Japan,≤100
110956371711998,たった3ヶ月でキャッシュフローが劇的改善,These ads ran without a disclaimer,≤100
165259862275036,株式会社ライフパートナーズ,These ads ran without a disclaimer,≤100
112626335101817,akyy.camp_,These ads ran without a disclaimer,≤100
100199881840737,Minghui Japan（ミンフイ　ジャパン）ー明慧日本,明慧日本,≤100
195088317190451,グリーンピース・ジャパン,一般社団法人グリーンピース・ジャパン,≤100
112022948551077,Aura Jump,These ads ran without a disclaimer,≤100
120600111357100,日豪プレス　NICHIGO PRESS,These ads ran without a disclaimer,≤100
110969055330312,Dinosaur Fight speak,These ads ran without a disclaimer,≤100