﻿Page ID,Page name,Disclaimer,Amount spent (USD),Number of ads in Library
179167545479394,Салідарнасць,Онлайн-медиа «Салiдарнасць»,≤100,1
105106452325758,Помощник в миграционных вопросах,These ads ran without a disclaimer,≤100,1
103597027708447,SuperPlanet Games,These ads ran without a disclaimer,≤100,1
131169181232,VOGUE JAPAN,These ads ran without a disclaimer,≤100,2
101715608808670,Judgment Day: Angel of God,These ads ran without a disclaimer,≤100,1
130369030334301,KidsRights,These ads ran without a disclaimer,≤100,1
112280165067517,Naturefoodnerd,These ads ran without a disclaimer,≤100,1
474314055968372,fischer group,These ads ran without a disclaimer,≤100,1
1407800559480010,Hirmer Verlag,These ads ran without a disclaimer,≤100,1
565225540184937,CGTN,These ads ran without a disclaimer,≤100,1
114797118561022,Breda University of Applied Sciences,These ads ran without a disclaimer,≤100,1
268405667005207,Lung Cancer Europe,These ads ran without a disclaimer,≤100,1