﻿Page ID,Page name,Disclaimer,Amount spent (TRY)
106433519384639,Haber7,Haber7,≤100
122193617537005,Haberettr,HABERET MEDYA AJANSI VE PRODÜKSİYON LİMİTED ŞİRKETİ,≤100
107045119123627,Sands of Ra,These ads ran without a disclaimer,≤100
109086995017642,firatpicturesturkey,firatpicturesturkey,≤100
462963834529864,Levent Uysal,Levent Uysal,≤100
505757142770713,Rönesans Holding,Rönesans Holding Anonim Şirketi,≤100
120266711045676,Başka Açıdan Tv,Başka Açıdan TV,≤100
369391953226531,Eyüp Eroğlu,Eyüp Eroğlu,≤100
1014466885240850,Semih Esen,Semih Esen,≤100
100964136258105,Erdoğan Çiftcioğlu,Erdoğan Çiftcioğlu,≤100
103375823077684,Kurukahveci Mehmet Efendi Mahdumları 1871,Kurukahveci Mehmet Efendi Mahdumları Gıda Sanayi ve Ticaret Anonim Şirketi,≤100
191453580768,Yeni Şafak,Yeni Şafak,≤100
111162852275902,Uluslararası Af Örgütü Türkiye Şubesi,Uluslararası Af Örgütü Türkiye Şubesi,≤100
674523449330207,Yavuz Aydın,Yavuz Aydın,≤100
226410901315304,Areda Survey,Areda Survey,≤100
183134165593297,"SES Eşitlik, Adalet, Kadın Platformu","SES Eşitlik, Adalet, Kadın Platformu",≤100
1085457468132635,DEV MADEN SEN,DEV MADEN SEN,≤100
100665102848993,Gün Gün Kurtuluş,Gün Gün Kurtuluş,≤100
463215923715177,Mehmet Yiğiner,Mehmet Yiğiner,≤100
107276120819529,Halk Haber TV,SİRİUS REKLAM ORGANİZASYON SANAYİ VE TİCARET LİMİTED ŞİRKETİ,≤100
106586085839617,e.r.c.dekor,These ads ran without a disclaimer,≤100
326363220894548,Nail Çiler,Nail Çiler,≤100
101315571670453,Webagron Tarımsal İçerik Platformu,Webagron Tarımsal İçerik Platformu,≤100
1776545895921237,Nedersiniz,Nedersiniz,≤100
103984509238399,Halk Haber,Halk Haber,≤100
1021219097977571,KIYAM TR,KIYAM TR,≤100
1706624339582436,Tüsiar Araştırma Danışmanlık Ltd.Şti,TÜSİAR ARAŞTIRMA DANIŞMANLIK LTD ŞTİ,≤100
146581405452633,Yeniden Milli Mücadele,Yeniden Milli Mücadele,≤100
103400816031847,Halk Ajans,Sirius Reklam Organizasyon Sanayi ve Ticaret Ltd. Şti,≤100
101138366159024,Mehmet Yıldız,These ads ran without a disclaimer,≤100
1553641634884227,Sosyalizmde Rönesans,Sosyalizmde Rönesans,≤100
298764070816267,Mehmet Tütüncü,Mehmet TÜTÜNCÜ Türkiye Temsilcisi,≤100
956556541065826,YogaZero,These ads ran without a disclaimer,≤100
426339260809702,Oğul Aktuna,Oğul Aktuna,≤100
104790481715851,ازجمله,Azjomle,≤100
158077404753235,Çanakkale Zafer Gazetesi,Çanakkale Zafer Gazetesi,≤100
109527081813389,Gencay Özcan,Gencay Özcan,≤100
162972050457576,Albayrak Grubu,Albayrak Grubu,≤100
235177097407717,TapNation,These ads ran without a disclaimer,≤100
106875275519862,Morocco AM 2023,These ads ran without a disclaimer,≤100