﻿Page ID,Page name,Disclaimer,Amount spent (USD)
103408078398525,محمد ابولموشه,محمد ابولموشه,≤100
112437831252270,محمد خالد الغويل,محمد خالد الغويل,≤100
102093112700975,مكتب الإعلام الأمني بوزارة الداخلية الليبية,Aeshah Meehat,≤100
102697318856209,حزب السلام والازدهار,السلام والازدهار,≤100
105698712348011,منصة الداخلية الاخبارية,Aeshah Meehat,≤100
999188666785524,阿里巴巴集團,These ads ran without a disclaimer,≤100
106587222111946,Inspecteur général,These ads ran without a disclaimer,≤100
110337821548444,dr.mohammed_mahmoud_hamouda,These ads ran without a disclaimer,≤100