﻿Page ID,Page name,Disclaimer,Amount spent (KES)
110408975208360,Talking about matters,Well Made Strategy LLP,321
112754900441156,DR. Kiarie Badilisha,Moses Ndirangu Badilisha Kiarie,119
1400771023469241,Anne Waiguru,Gacigi Njagi Gacigi,≤100
107410862226340,Make Africa Great Again,These ads ran without a disclaimer,≤100
101395678744958,Hon Philomena Chenangat Loitarengan,Philomena Chenangat Loitarengan,≤100
100321965888531,Mrembo na Kazi,Samuel Mwangi,≤100
780365355477607,Kenya Muslim Youth Alliance,Kenya Muslim Youth Alliance,≤100
101821255334402,HON. Machua Waithaka Kiambu MP,Tevin Muiruri,≤100
173516606349429,Hon Wavinya Ndeti,Wavinya Ndeti,≤100
484917995035641,"Dtr Owiti Owayo,FDR","Dtr Owiti Owayo,FDR",≤100
115460141448310,Mathira Tv,Robert Waswa Simiyu,≤100
100374392742057,Weregreenly- Magazine,These ads ran without a disclaimer,≤100
561401207312234,StartUs,These ads ran without a disclaimer,≤100
1067862503344056,University of Aberdeen - School of Biological Sciences,These ads ran without a disclaimer,≤100
984203991753488,Research Outreach,These ads ran without a disclaimer,≤100