﻿Page ID,Page name,Disclaimer,Amount spent (USD)
112477522422248,David Collado,David Collado,≤100
123397997671209,Listín Diario,Alejandro Jose Madera Rodriguez,≤100
106353101128460,Amalia Pilarte,Amalia Pilarte,≤100
532600796858736,Jean Luis Rodriguez,Jean Luis Rodriguez Jimenez,≤100
384585075208423,Alcaldía de Higüey,Joel Rijo Benzo,≤100
102739112342896,Más Luis 2024,Junior Bernavel Poche Mariñez,≤100
123391448284422,Alcaldia Salcedo,Pedro Raul Diloné Brito,≤100
339913656194630,Ludwig Alvarez Diputado,Ludwig Alvarez Diputado,≤100
111522395020384,Miguel Vargas,Miguel Vargas,≤100
104565551201044,Ronald Rodriguez,Ronald Alexander Rodriguez Ureña,≤100
100952802619141,yclub.io,These ads ran without a disclaimer,≤100
492966110748093,Su Mundo TV,Penelope Canario Herrera,≤100
1593376757575903,Senador Santiago Zorrilla,Senador Santiago Zorrilla,≤100
286747141843656,Patronato Encal-Cisal Santo Domingo,Luca Ugo Pellegrini,≤100
585610494937669,Judith Valdez Guzmán,Nicolás Enrique Grullón Ubinas,≤100
101304192456744,carososky,These ads ran without a disclaimer,≤100
82928774489,Panda Security,These ads ran without a disclaimer,≤100