﻿Page ID,Page name,Disclaimer,Amount spent (ISK)
737169626371453,Heimildin,Stundin,821
423451321043674,Vinstrihreyfingin - grænt framboð,Vinstrihreyfingin - grænt framboð,113
152804904889,Samfylkingin,Samfylkingin,102
607573825973006,LÍS - Landssamtök íslenskra stúdenta,Landssamtök Íslenskra Stúdenta,≤100
441539862613489,Foreldrasamtök gegn áfengisauglýsingum,Árni Guðmundsson,≤100
357896717565932,Jóhanna Gunnarsdóttir í stjórn VR 2023,Jóhanna Gunnarsdóttir í stjórn VR 2023,≤100
276600879474149,Icelandic Wildlife Fund,The Icelandic Wildlife Fund,≤100
165630723862615,Andríki,Andríki,≤100
128854307193614,Landsvirkjun,Landsvirkjun,≤100
622220361283956,Samorka,Samorka,≤100
154893001218870,ADHD samtökin,ADHD samtökin,≤100
106979180938014,Samstöðin,Samstöðin ehf,≤100
573559522797177,Flokkur fólksins,Flokkur Fólksins,≤100
108295544832396,Jóhann Páll Jóhannsson,Jóhann Páll Jóhannsson,≤100
102133046017049,Evrópuhreyfingin,Evrópuhreyfingin,≤100
103123311914005,Elva Hrönn Hjartardóttir,Elva Hrönn Hjartardóttir,≤100
117923164930140,Lifandi vísindi- Lifandi saga,Guðbjartur Finnbjörnsson,≤100
509866436098947,Sabine Leskopf,Sabine Leskopf,≤100