﻿Page ID,Page name,Disclaimer,Amount spent (EUR),Number of ads in Library
212468218793878,Cyrus Engerer,Cyrus Engerer,≤100,1
103987224566212,Malta Daily,Malta Daily,≤100,3
178362315106,European Parliament,European Parliament,≤100,10
129664277182026,Eurosport Malta,Eurosport Malta,≤100,4
113095853899600,Medik Store Malta,Medik Malta,≤100,3
122074554119,EU Social,EU Social,≤100,11
1475539739391691,Edukazzjoni,Edukazzjoni,≤100,2
39024630029,Gadgets,Gadgets,≤100,2
206345169905276,Marija Sara Vella Gafà,Marija Sara Vella Gafà,≤100,4
735396419870282,MaltaGov,MaltaGov,≤100,1
506829903185337,Doctors for Choice Malta,Doctors for Choice,≤100,1
180083672068356,SEM - Servizzi Ewropej f'Malta,servizziewropejfmalta,≤100,3
193035580892638,David Casa,David Casa,≤100,1
295596273786464,University of Malta,University of Malta,≤100,3
263881160919130,Peter Agius,Peter Agius,≤100,1
104118218339129,Office of the Commissioner for Animal Welfare,Office of the Commissioner for Animal Welfare,≤100,1
137236009675929,Friends of the Earth Malta,Friends of the Earth Malta,≤100,1
206414479408668,SOS Malta,SOS Malta,≤100,1
527351247377965,European Committee of the Regions,European Committee of the Regions,≤100,11
550751965021284,Success Resources,These ads ran without a disclaimer,≤100,1
267353906619818,Mr. Gugu & Miss Go,These ads ran without a disclaimer,≤100,6
118356801554598,EU Food & Farming,These ads ran without a disclaimer,≤100,1
193048277409773,APS Bank,APS Bank,≤100,1
450326391674911,Allianz,These ads ran without a disclaimer,≤100,1
106403067788374,Buzz World,These ads ran without a disclaimer,≤100,1
317158175535179,BitLife,These ads ran without a disclaimer,≤100,1
130467394263248,Dyness,These ads ran without a disclaimer,≤100,1
106950715510480,Luciana Ponce,These ads ran without a disclaimer,≤100,1
176104589110851,IEEE,These ads ran without a disclaimer,≤100,1
109353154135430,E.N. Publishing,These ads ran without a disclaimer,≤100,1
100142840161003,Billy Gene Is A.I. & XR Marketing,These ads ran without a disclaimer,≤100,2
107776705744280,,These ads ran without a disclaimer,≤100,1