﻿Page ID,Page name,Disclaimer,Amount spent (USD)
100340844911269,Ensemble pour le Développement du Bafing,Konan Arsène Yao,≤100
244922065530890,Gouvernement de Côte d'Ivoire,Gouvernement de Côte d'Ivoire,≤100
103695537865434,DJE BI DJE Olivier Vamy,Olivier Dje Bi Dje,≤100
102112536004062,Cabinet d’Ingénierie du Droit et de la Gouvernance -CIDG,Pregnon Claude Nahi,≤100
400259033450192,Ministère du Budget-CI,Konan Arsène Yao,≤100
103972089633572,Dr Abdallah Toikeusse MABRI,Dr Abdallah Toikeusse MABRI,≤100
188890236551284,Solange Fatima MABRI,Solange Fatima MABRI,≤100
332130298037209,Fondation Paix et Unité en Afrique,Cassoum Hardinan Konate,≤100
808119029346832,Amédé Koffi Kouakou,Malan Abraham-Wilfried  N'djorey,≤100