﻿Page ID,Page name,Disclaimer,Amount spent (MXN)
114249423327281,Los Reporteros MX,Los Reporteros MX,561
100912992973625,La Política Actual,Josefina Garcia Saldaña,308
359279754116464,Carolina Viggiano,Alma Carolin Austria Viggiano,303
1434774360104311,Dr. Christian Gabriel Rios,Dr. Christian Gabriel Rios,270
645731535452116,FactoMétrica,FactoMétrica,259
56713285274,Greenpeace México,Greenpeace México,251
1834107960160586,Marco A. Mendoza Bustamante,Marco Antonio Mendoza Bustamante,238
254852601222832,Cemex México,CEMEX México,205
109634395756375,Save the Children México,Save the Children México,183
102965142770908,Poder Chairo,Jose Luis Hernandez Martinez,151
101212808784634,República 21,Rosa Eugenia Diaz Biones,149
34767149008,Tecnológico de Monterrey,Tecnológico de Monterrey,139
103146715098739,Jaime Acevedo,INGENIO,134
104065375986923,La Politigrería,Antonio Jair Diaz Calderon,128
102268952205344,Noticias México,Kimberley Lisset Martinez Alanis,128
101267031439463,Voz de las Empresas,Consejo de la Comunicación,121
104680124489636,Demoscopia Digital,Demoscopia Digital,110
133478060111915,Cemex Impacto Social,CEMEX México,104
102356589506525,Sabritas Mexico,These ads ran without a disclaimer,≤100
208252773259792,Creo en mi país,Consejo de la Comunicación,≤100
722949317785857,Chimex,These ads ran without a disclaimer,≤100
121748530893763,El informativo de la transformación,El informativo de la Transformación,≤100
1452189031676518,Hyundai México,HYUNDAI MEXICO,≤100
100539512991362,Yo con Ella,Jessica Hernandez Martinez,≤100
245495562137150,Mitofsky,Roy Campos,≤100
402196160175517,Francisco Patiño Cardona,Francisco Patiño Cardona,≤100
105414048762055,Irma Bolaños,DIF Oaxaca,≤100
123382667413696,Estudios de Opinión Pública by Demoscopia Digital,Estudios de Opinión Pública by Demoscopia Digital,≤100
1520610478183053,Badabun,Badabun,≤100
109573938764758,Con Claudia hasta el Final,Ana Maria Torres Rivera,≤100
102571299059219,Centro de Desarrollo y Actualización de Competencias,Joaquin Tovilla Lopez,≤100
108176578917695,El Bienestar de México,Julio Rodríguez,≤100
113199128401564,El Jarocho de la 4t,Rafael Fuentes Avila,≤100
113077265118657,Si con la 4T,Luis Edgar Lopez Romero,≤100
102107279495045,Las netas,LASNETAS.ORG,≤100
104169981002558,Hidalgo Decide,Hidalgo Decide,≤100
102786396117647,Consolidemos la Transformación,Angelica Ledezma Estrada,≤100
102625129494716,AMLigos de la Transformación,Xareny Vazquez Flores,≤100
108816242204133,El Pueblo Bueno,Maria De Lourdes Mondragon Arcos,≤100
104280278920721,Pueblo Conectado,Julio Florencio Lopez Sanchez,≤100
122404620204,Oxfam México,OXFAM MEXICO AC,≤100
117578037942108,Democracia Informada,https://democraciainformada.com/,≤100
102491086147029,La 4T avanza,Maria Virginia Escalona Castro,≤100
493453457351145,Coparmex Nacional,Coparmex Nacional,≤100
116148341441527,Amlopolis 4T Y MAS,Mario Raul Samano Alvarado,≤100
106122371441760,Capacitación Laboral,These ads ran without a disclaimer,≤100
115759524751786,Mujeres Con Claudia,Mariana Granados,≤100
289568107808375,UVEG Universidad Virtual del Estado de Guanajuato,Ads Project Media,≤100
174210293404707,Tavo Magaña,Tavo Magaña,≤100
101701991930418,UNIDEV,UNIDEV,≤100
179387312078698,Partido Verde Ecologista México,Partido Verde Ecologista de México,≤100
130816463246126,Nortimex,Gerardo Soberanes,≤100
102211379502005,Gigante Informativo,Gigante Informativo,≤100
107886665569426,Ignacio Segura Morquecho,Ignacio Segura Morquecho,≤100
421877377878288,Municipio de Querétaro,Municipio de Querétaro,≤100
479751765559726,Manuel Hernández Badillo,Manuel Hernández Badillo,≤100
503029186533760,Osoigo México,Osoigo México,≤100
112263625166092,El Siervo De La Nación,Gabriel Alejandro Romero Gallaga,≤100
102393536157012,La patria con la 4T,Lidia Lopez Rodriguez,≤100
113475461707446,4T Noticias y más,Fernanda Guadalupe Diaz Manrique,≤100
113181255108162,Devotos de la 4T,Mario Hernandez Resendiz,≤100
100771439692852,México Despierto,Hazael Santos Moreno Lopez,≤100
111024680681758,Universidad Contemporánea de las Américas Frónesis Plantel Ciudad de México,Universidad Contemporánea de las Américas Frónesis Plantel Ciudad de México,≤100
106763384981876,La Prensa Mx,Maria Elena Reyes Garcia,≤100
101128435630238,Química y Formulación,Química y Formulación,≤100
100242005506001,Medestetic México,Medestetic México,≤100
979621495397568,Instituto de Certificación Empresarial ICEMéxico,Instituto de Certificación Empresarial ICEMéxico,≤100
107652783975551,CS Medicina Estética,CS Medicina Estética,≤100
107769258946800,La Patria Informada,Alberto Delgado Faudoa,≤100
1415863341806268,DMC - Music Center,CENTRO DE ENCUENTRO ARTÍSTICO DMC A.C.,≤100
100397949641018,Xochilove.rs,Xochilove.rs,≤100
387796290649,GNP Seguros,GNP Seguros,≤100
1545555582174942,TResearch,TResearch,≤100
540795076057624,Enfoco.mx,Enfoco.mx,≤100
164183347562623,Denuncia México,euthenics,≤100
107545877814736,Becas SEP,Kimberley Lisset Martinez Alanis,≤100
109896661873670,Bienestar México,Bienestar México,≤100
102292168590496,Centro de Innovación y Actualización Profesional,Christian Jazmin Arechiga Lopez,≤100
107793448707132,The Guardian Mexico,The Guardian Mexico,≤100
113982881676646,Poder Morenx,Poder Morenx,≤100
458859544909547,DICES,Ruben Alonso Soria Sanchez,≤100
247775885648262,Víctor Lagunas Peñaloza,Victor Lagunas Peñaloza,≤100
509821702820171,24 Horas Quintana Roo,24 Horas Quintana Roo,≤100
106026657916240,La Jornada Estado de México,La Jornada Estado de México,≤100
109475215263643,Movimiento Honestidad Social e Igualdad,Movimiento Honestidad Social e Igualdad,≤100
190394041002546,Nuevo Gráfico,Nuevo Gráfico,≤100
354326078079338,Campaigns and Elections Mexico,Campaigns & Elections México,≤100
196705420663884,Código Magenta,Código Magenta,≤100
108691922194941,Convocatorias 2023B,Convocatorias 2023,≤100
124631600949535,Yo Influyo,Yoxmex,≤100
1424057367811413,Ipas México,Jennifer Gonzalez Campos,≤100
101976559497185,APIC American Political Innovation Center,APIC American Political Innovation Center,≤100
168829076613304,TvMex,TvMex,≤100
400826360641681,Global Noticias,Tresa Publicidad,≤100
111186967357632,Luis García,Luis Alfonso Garcia Huitron,≤100
233652128065243,Goberna México,Goberna,≤100
101696231925216,Olmeca Multimedios Mx,Olmeca Multimedios,≤100
185702296375261,Mexicómo,MEXICOMO,≤100
101498485926583,El Monarca,El Monarca,≤100
1422169704755958,Alfredo Ramírez Bedolla,Alfredo Ramírez Bedolla,≤100
147751821930575,Salud Digital Fundación Carlos Slim,Fundación Carlos Slim,≤100
100316932832255,Juan Carlos Lozada,Juan Carlos Lozada,≤100
235994093744848,Contra Réplica,EDICIONES SAN FRANCISCO S.A. DE C.V.,≤100
151599265622637,Bertha Caraveo,Bertha Caraveo,≤100
110187414493874,Plataforma Informativa Mexicana #PIM,euthenics,≤100
190085328448680,Colectivo Informativo,Tresa Publicidad,≤100
107738917712607,ALA,Alexa Trujillo,≤100
1095948597209125,Grupo Financiero Banorte,Banco Mercantil del Norte,≤100
103824522682236,Sigamos La Transformación,Raymundo Morales,≤100
536886746673043,Jóvenes MX,Yoxmex,≤100
110638204921704,Voz Laboral,Partners of the Americas,≤100
392117881331459,José Flores,José Luis Flores Pacheco,≤100
1812297282329742,Jorge Triana,Jorge Triana Tena,≤100
463358453871269,JuanMa Munguía,JuanMa Munguía,≤100
924215500923867,Lucy Meza,Lucy Meza,≤100
803041666459797,Enrique de la Madrid,Enrique de la Madrid,≤100
283653271758441,24 Morelos,24 CDMX,≤100
116437828394342,Phiten Mexico,Phiten Mexico,≤100
953657811446042,Conciencia Nacional por la Libertad Religiosa,Fundación en Promoción de la Familia y la Libertad AC,≤100
213693228664478,Cámara de Diputados - H. Congreso de la Unión,Camara de Diputados - H. congreso de la unión,≤100
100650515742328,Teodoro Manuel Tuexi Villarreal,Fernando Farid Tuexi Medina,≤100
115592847024547,Iraís Reyes,Iraís Reyes,≤100
281188282215551,José Medina Mora Icaza,José Medina Mora Icaza,≤100
511703009188988,Azucena Cisneros Coss,Azucena Cisneros Coss,≤100
345156559163874,Norma Mejía Lira,Redboxmex,≤100
695261801312971,Revista Encuentro en Acción,Carlos Alberto Cruz Alcántara,≤100
112260695120606,TrendTrackers,These ads ran without a disclaimer,≤100
112193307898373,Electoralia Veracruz,José Ramón Rodriguez Romero,≤100
365624347194039,Karla Almazán,Karla Almazán,≤100
411235336284306,Empresarios por la Cuarta Transformación,"Empresarios 4T, Asociación Civil",≤100
272933221659,Colegio de Contadores Públicos de México,These ads ran without a disclaimer,≤100
1614410865470755,Columnas de México,Columnas de México,≤100
101202725148632,Armando Zuñiga Salinas,GRUPO IPS,≤100
107727682047392,XunMexicodeverdad,X UN MÉXICO DE VERDAD,≤100
221794613190853,Adriana Riveramelo,Adriana Riveramelo,≤100
2330030160374237,Balance 24,Balance 24,≤100
909433945747355,Sandra Pámanes,Sandra Pámanes,≤100
122154061801959,Colectivo Mujeres Cabeza de Familia,Yoxmex,≤100
113896940380170,Diario del Valle,Diario del Valle,≤100
100452504650093,Jesus Miguel Hernandez Medina,Jesús Miguel Hernández Medina,≤100
444122459260988,Raciel Pérez Cruz,Raciel Pérez Cruz,≤100
187408468118775,Jorge Torres #elbrecho,Adictivo,≤100
543830382749706,Compromiso Social Mx,Compromiso Social Mx,≤100
2224502900946392,Diplomados UNAM- Congreso.,Martin Vera,≤100
1237469239731188,Mexico Times,Mexico Times,≤100
1415691342026378,Fundación Carlos Slim,Fundación Carlos Slim,≤100
283674865910754,Reporteros Sin Censura,Tresa Publicidad,≤100
106551728748819,Opinia,Opinia,≤100
364602665328,El Colegio de México - Colmex,"El Colegio de México, A.C.",≤100
306607686481833,Miguel Angel Gamboa,Humberto Castillo,≤100
257333027729841,Julieta Ramírez,Julieta Ramirez,≤100
101740711752535,RUBRUM,Multipoll S.A. de C.V.,≤100
116657934720155,OP & Comunicación,OP & Comunicación,≤100
338174139686776,Mauricio Kuri,Mauricio Kuri,≤100
106866305596350,Tu vecino informa,Tu Vecino Informa,≤100
1652936734992877,Noticias en la Mira,Tresa Publicidad,≤100
108285588456412,Instituto Dasein Meraki,Silvia Jazmin Zarate Chong,≤100
107494537500293,Informativo Viral,Tresa Publicidad,≤100
177319665650476,ClikiSalud - Fundación Carlos Slim,Fundación Carlos Slim,≤100
710439142491735,Aldo Ruiz,Tintorama Digital,≤100
106681135502068,Ismael Carvallo,Ismael Carvallo,≤100
730446657351260,El Huaje Noticias,El Huaje Noticias,≤100
592495347619799,Mi familia es primero,Yoxmex,≤100
314928193051,Sico México,These ads ran without a disclaimer,≤100
465777803515977,Poncho Gutiérrez,Poncho Gutiérrez,≤100
101530532912726,Juntos con la 4t,Adriana Perez Juarez,≤100
111393928472990,Baches Regios,Baches Regios,≤100
100477186303619,Sentinela MX,Sentinela MX,≤100
100513488319963,Comité Nacional de Jóvenes Por México a.c,Comité Nacional de Jóvenes Por México a.c,≤100
543589789374296,Memo Toscano,Guillermo Toscano Reyes,≤100
102889662253183,Avanzada Nacional,Avanzada Nacional,≤100
2818718441534332,Es de política mexicana,Es de Política Mexicana,≤100
159530538040314,Paty Valencia,Jose Antonio Romero Valencia,≤100
120954000944053,24 Horas Chiapas,24 Horas Chiapas,≤100
104657651546223,Johnattan González Melendez,Johnattan González Meléndez,≤100
108255341304797,Cancún Channel Edición,David Jonathan Estrada Castillo,≤100
176047519101203,Códice Informativo,Códice Informativo,≤100
651415091544662,Cancún Channel,David Jonathan Estrada Castillo,≤100
642536792588121,Maria De Los Angeles Arévalo Bustamante,Maria De Los Angeles Arévalo Bustamante,≤100
265938437673601,Yo Soy Mi Planeta,Yoxmex,≤100
785662604828663,México Empresarial,México Empresarial,≤100
103318515925385,Informe Regio,informe Regio,≤100
109474928114443,Actívate,José Ángel Soubervielle,≤100
109575971718478,Hitzel Bernal,Hitzel Bernal,≤100
104677602556872,Prepa para todos Unidev,Unidev Universidad SC,≤100
112585171778105,Noticias Espectaculares,Noticias Espectaculares,≤100
104194908706490,Preparatoria México SEP en línea,UNIDEV Universidad SC,≤100
101461686043880,Centro Certificador de Estudios Especializados.,Abel Ivan Aragon Maldonado,≤100
1176628419094356,Navor Rojas,Cynthia Aylin Lopez Suárez,≤100
210502088965525,Los Strategas,Los Strategas,≤100
422544544574063,Centro de Estudios en Neurociencias y Psicología del Estado de Chiapas S.C.,Juan Carlos Nunez Hermosillo,≤100
345995382241686,PODER 360,PODER 360,≤100
116678371399741,Mónica Chávez Durán,Mónica Chávez Durán,≤100
1103479286344796,Revista de Coahuila,Revista de Coahuila,≤100
707874865918912,ADN Alternativa Democrática Nacional,Canek Ortega Cano,≤100
235606900176440,Macronews,Macronews,≤100
584159151722389,Pavel López Gómez,Pavel López Gómez,≤100
1390151721225988,Diputada Daniela Alvarez,Diputada Daniela Alvarez,≤100
151694338906979,"Humberto Lara ""El Indio Blanco""","Humberto Lara ""El Indio Blanco""",≤100
100431071908734,La-Lista,DCS MEDIA & COMMUNICATIONS,≤100
105848177845789,All Out en español,All Out,≤100
174229585991829,Periódico Libre en el Sur,Francisco Ortiz Pinchetti,≤100
101633669512181,Isabel Peñuñuri,David Fernández González,≤100
100284049183600,Campeche Central,Campeche Central,≤100
106924712250738,Mexicanos,Mexicanos,≤100
365062723639932,The Humane League Latinoamérica,The Humane League Latinoamérica,≤100
109380465343668,El Agua en NL,El Agua en NL,≤100
104147292441684,Criticadn.mx,Criticadn.mx,≤100
101459002351100,"Centro Interdisciplinario Terapéutico ""CIT""",Raul Baltazar Estrada,≤100
111980355074733,Adriana Grajales Gómez,Adriana Grajales Gómez,≤100
106829724361200,Juan Rivera Trejo,David Fernández González,≤100
519051388241845,Fundación FEMSA,Fundación FEMSA,≤100
409800789114458,Antonio Pelón Cervera,Antonio Pelón Cervera,≤100
673594236100261,VPThinkTank,VPThinkTank,≤100
101295992671758,Libertarismo México,México Libertario,≤100
109130204053554,Alas para el Cambio,Alas para el Cambio,≤100
1772086512892206,Revolución Democrática 2.0,Canek Ortega Cano,≤100
304354683273899,Pastor HECTOR FERRER,These ads ran without a disclaimer,≤100
2034486243472435,Marco Antonio Reyes,Marco Antonio Reyes Colin,≤100
293707754465943,Toño Mejía,Redboxmex,≤100
107388102211536,Percepcion Social,Percepcion Social,≤100
105533795460071,Norte Monrealista,Norte Monrealista,≤100
1514466245542140,América Rangel,AMERICA RANGEL,≤100
1583631301915573,Liborio Vidal,Liborio Vidal Aguilar,≤100
590492288110770,De machos a HOMBRES,IDMAH INSTITUTO PARA EL DESARROLLO DE MASCULINIDADES ANTI HEGEMONICAS,≤100
114024430364416,YoXmx,Yoxmex,≤100
225774331107918,Jonathann Estrada,David Jonathan Estrada Castillo,≤100
117243477978474,Termina tu preparatoria en 4 meses SEP,Unidev Universidad SC,≤100
106828772223688,Tu Colonia Regia,Tu Colonia Regia,≤100
118921468203786,Movimiento Ciudadano,Movimiento Ciudadano,≤100
101084949601318,Es Claudia Chihuahua,Nubia De La Rosa,≤100
108364860944816,En mi Opinión,En mi Opinión,≤100
100423322323235,"Morelos, territorio Morena","Morelos, territorio Morena",≤100
138350596230547,GIRE - Grupo de Información en Reproducción Elegida,Menu Agency,≤100
1523140624565532,Luis Susarrey,Luis Alberto Susarrey Flores,≤100
100711195224121,Mexicanos por la 4T Jalisco,Abraham Heriberto Moreno Hernandez,≤100
110432398246832,CIATSoftware Capacitación,Jesús Guerrero,≤100
109728374729315,24 horas Yucatán,24 Horas Yucatán,≤100
277380886249639,ExxonMobil México,"ExxonMobil México, S. A. de C. V.",≤100
856968914466236,La Agenda Pública,La Agenda Pública,≤100
113232271616467,La Sierra Madre,La Sierra Madre,≤100
400106994113819,Cesuma,These ads ran without a disclaimer,≤100
100984402720642,Preparatoria en linea SEP,These ads ran without a disclaimer,≤100
246114539297511,Marisol Becerra,Marisol Becerra,≤100
101319892583290,Alejandro Esteban Sosa,Alejandro Esteban Sosa Benítez,≤100
1426944100948033,Movimiento Cinco de Junio,Movimiento Cinco de Junio,≤100
248970878493624,Pulso Ciudadano,Pulso Ciudadano,≤100
109118644792600,24 Horas Campeche,24 Horas Campeche,≤100
104402255089316,Vigilante,Dreams Engine S.A de C.V.,≤100
105257071926740,Ana Rosa,These ads ran without a disclaimer,≤100
1831931877077110,Partido del Trabajo Nuevo León,Partido Del Trabajo Nuevo León,≤100
2340595106035117,Ismael Brito Mazariegos,Ismael Brito Mazariegos,≤100
579553585489694,Luis Guillermo Digital,Luis Guillermo Hernandez Aranda,≤100
111462451849329,Chetumal TV,These ads ran without a disclaimer,≤100
105278152331161,Becas y Convocatorias,Becas y Convocatorias,≤100
1103479286344796,Revista de Coahuila,Revista de Coahuila,≤100
1692643974305322,Fabiola Alanís Sámano,Angelica Yazmin Navarro Arroyq,≤100
103852349111297,Infórmate y +,Infórmate y +,≤100
117402242032,Alternativas y Capacidades AC,Alternativas y Capacidades,≤100
1695253244046321,Guía Salud México - Agencia de Marketing Médico,These ads ran without a disclaimer,≤100
105730758122121,Chuy Gómez,Gilberto De Jesus Gomez Reyes,≤100
196493763808241,CEEY,CENTRO DE ESTUDIOS ESPINOSA YGLESIAS,≤100
243111396754988,Edin Estrada,Jesus Fabian Piña Talavera,≤100
108460405435270,Enbroncados,Enbroncados,≤100
105557195762193,Informador de Oaxaca,Informador de Oaxaca,≤100
110763055151832,Preparatoria en línea SEP,UNIDEV Universidad SC,≤100
555030401187058,Manuel Scott S,Jesus Manuel Scott Sanchez,≤100
101259548948419,BenditaRed,BenditaRed,≤100
114370985304597,Gobierno del Estado de Tlaxcala,Gobierno del Estado de Tlaxcala,≤100
252482341462381,Cristina Díaz,Cristina Díaz,≤100
115896348052800,Preparatoria virtual SEP desde casa,UNIDEV Universidad SC,≤100
437616359600178,Fernando Garza Martinez,Alfonso Adrian Garcia Sevilla,≤100
979768502162452,Itzel Balderas,Itzel Balderas,≤100
116546948099512,Times Mujer Mx,Times Mujer Mx,≤100
197558590986305,Sorece. Asociación de psicólogas feministas,Sorece. Asociación de psicólogas feministas A.C.,≤100
105558432356449,Centro de Conciliación Laboral del Estado de Jalisco,Partners of the Americas,≤100
103765534973620,Macmillan Castillo para secundarias públicas,These ads ran without a disclaimer,≤100
905324146270805,Carlos Quintana,Tropa Marketing,≤100
131350176918981,Requiez,These ads ran without a disclaimer,≤100
162385463852261,Daniela de los Santos,Daniela de los Santos,≤100
340258032732908,Altorre Foto Periodismo Michoacan,Altorre Foto Periodismo Michoacan,≤100
101284515390941,PolitiK Vallarta,PolitiK Vallarta,≤100
164856266971710,Es lo Cotidiano,Es lo Cotidiano,≤100
106162005636730,Sopa de Coditos,Sopa de Coditos,≤100
1338826526222530,Héctor Ponce,Héctor Ponce Tizoc,≤100
890617067728295,Oscar Escobar,Seis Cero Tres Marketing,≤100
290163821687964,Rocío Pérez Cruz,Aldo Zariñan Blancas,≤100
1602149413423131,Gobierno Municipal de Matamoros,Gobierno Municipal de Matamoros,≤100
107733571881670,The Street Journal,The Street Journal,≤100
1081777302000323,Plattafforma,Contenido Digital,≤100
910384219086171,Nancy Gutiérrez,Nancy Gutiérrez,≤100
340945746414391,Angeles Gutiérrez Valdez,Maria De Los Angeles Gutierrez Valdez,≤100
140514606039191,Iepc Jalisco,Instituto Electoral y de Participación Ciudadana del estado de Jalisco,≤100
108960501297573,Lety Vázquez,Lety Vázquez Hernández,≤100
1199237013555477,Juan Carlos Valencia Vargas,AQUATOR Consultoría y desarrollo de infraestructura S.A. de C.V.,≤100
640987292668055,Daniel Sibaja,Daniel Sibaja,≤100
117021274685366,Futuro FEM,FEM MEDIA,≤100
1845950578802614,La hora de guerrero - Noticias,Angelica Banchez Robles,≤100
108276755314662,Portal Ciudadano de la Cámara de Diputados,Portal Ciudadano de la Cámara de Diputados,≤100
452542468125936,Cuarto Poder Multimedia,Lic Ramiro Alvarez Jaimes,≤100
1896354887304052,CPE News,CPE News,≤100
1635547433336430,En Vivo Durango,Hector Andres Soto Hernandez,≤100
2172949669630212,Monte Fénix,MONTE FENIX,≤100
108092945550211,Top Campeche,Top Campeche,≤100
106246311267414,Valeria Cruz Armendariz,Nubia De La Rosa,≤100
104546498723247,Mauricio Cantú,Mauricio Cantú,≤100
113842657021916,Liliana Olea,Liliana Olea,≤100
187288641425273,Carlos de la Fuente,Carlos de la Fuente,≤100
607974622950512,Valeria Santiago Barrientos,Alejandra Mishell Sanchez Alvarez,≤100
192680674189566,El Respetable,Bruno Agustin López Arguelles,≤100
170280463564813,Debate Político MX,Ariel Baltazar Cordova Wilson,≤100
1919311178362215,Conafe 05 Villa corzo Oficial Mx,These ads ran without a disclaimer,≤100
106954437740880,Alianza Iberoamericana para el Desarrollo Democrático - México,Omar Timoty Guzman Sanchez,≤100
636669016755546,Librería “La Cháchara Periférica”,Emilio Ivan Montaño Pereda,≤100
108083330882827,Iniciativa Climática de México,Iniciativa Climática de México,≤100
2081576392054703,Fernanda Flores Aguirre,Fda Flores,≤100
996060393800265,Betty Rivera al Aire TV,Beatriz Rivera,≤100
449578082077519,Huauchi Noticias,Lucero Carrillo Cruz,≤100
582650362076920,César Ulloa G.,César Ulloa G.,≤100
102842855217815,Stanford Social Innovation Review en Español,Stanford Social Innovation Review en Español,≤100
215364542672368,Javier Cruz,Gonzalo Javier Cruz Sanchez,≤100
176623606187486,COMIR,COMIR,≤100
1052054228168651,Daniel Montiel Luna,Daniel Montiel Luna,≤100
1109723182514993,Gobierno Municipal San Martín Texmelucan,Gobierno Municipal San Martín Texmelucan,≤100
101896949369261,Justicia Regia,Justicia Regia,≤100
105978688518840,Verónica Vázquez,These ads ran without a disclaimer,≤100
1436546763266753,Dany Solís,Dany Solís,≤100
369716686400100,Deprimera Noticias,Deprimera Noticias,≤100
875770769153544,Adán Moctezuma,Adan Moctezuma,≤100
112540023720874,Colegio de Terapeutas Familiares y de Pareja,These ads ran without a disclaimer,≤100
2080425052271475,IQ inteligencia Colectiva,Armando Tenorio,≤100
620611228034083,Rabindranath Salazar Solorio,Rabindranath Salazar Solorio,≤100
1470120803203418,Cabecera,Cabecera,≤100
2023599817873318,Vladimir Parra,Vladimir Parra,≤100
117676694619099,Sala Capitalina,Sala Capitalina Media,≤100
1075423372514320,Ramón Vázquez Valadez,Ramon Vazquez Valadez,≤100
188925524775044,Guillermo Del Valle Reyes,These ads ran without a disclaimer,≤100
106874624023669,Madigen Marketing Digital,Charleaks Ruiz,≤100
104436871547212,Sabrina Morales,Sabrina Morales Chávez,≤100
106902489068662,Acción Morenista,AM 2023,≤100
109927953731014,Espacio Libre México,Espacio Libre México,≤100
103747299357893,Mario Delgado Fans,Grupo Delgado Fans,≤100
111205981646278,Ambas Manos,Ambas Manos,≤100
100984402720642,Preparatoria en linea SEP,UNIDEV Universidad SC,≤100
102273828662778,CENACERMéxico -Centro Nacional de Certificación,These ads ran without a disclaimer,≤100
681291175575804,Visible,Lievant Studio,≤100
318695938319703,Alfonso Ramírez Cuéllar,José Coronel,≤100
631188077022801,Contrapunto Noticias,David Jonathan Estrada Castillo,≤100
102099595581892,Germán Borja,Germán Borja,≤100
510790388949381,Jeremías Zúñiga Mezano,Jeremías Zúñiga Mezano,≤100
112157905031548,Apoyo Regio,Apoyo Regio,≤100
1587273468223028,Misaj Becerra,Misaj Gonzalez Becerra,≤100
101168066208672,Centro Mx,Centro Mx,≤100
107601427782942,Luis Rascón,Jl Rascon,≤100
108921278034512,Garmo Click,These ads ran without a disclaimer,≤100
239400469424248,Hazte sentir,Hazte Sentir,≤100
1468723019887327,ddeser,ddeser,≤100
1856514037937535,SuperMesa,Ramon Jorge Guardado Pérez,≤100
116300734758352,Escáner Político,Escaner Politico Media,≤100
103784101286186,Tercer Ojo te Inform.,Luizo Ramirez,≤100
182224979243764,Benjamín Carrera,Benjamín Carrera,≤100
787846564932738,Ana Paula Ugalde: Comunicación eficaz y vocería,Ana Paula Ugalde: Comunicación eficaz y vocería,≤100
111747610668938,Nota Online.,Nota Online.,≤100
1663199587336163,SCAPSATM,"Sistema de Conservación, Agua Potable y Saneamiento de Agua de Temixco Morelos",≤100
319324652211955,Luis Monreal,Miguel Angel Baena Cervantes,≤100
106926388587850,elcuartopoder.mx,elcuartopoder.mx,≤100
204065429684175,Primera Página Deportes,Oscar Ramses Salas Medellin,≤100
107509487815279,Dedogmasyrenuncias,DE DOGMAS Y RENUNCIAS,≤100
232336684381335,RED periodismo veraz y objetivo,Ana Cristina Hernández Gallo,≤100
171435049569865,Victor Hugo Romo de Vivar,Victor Hugo Romo De Vivar,≤100
215664318620433,Sustentur,Sustentur,≤100
617214185047697,Oliva Noticias,Oliva Noticias,≤100
105742159026755,GDL Noticias,Charleaks Ruiz,≤100
116979359701222,Gaceta MC,Luizo Ramirez,≤100
292496132255,Antonio Tello - NTV,Antonio Tello - NTV,≤100
468443226543273,Panorama Estado de México,Rodolfo Fárago Caballero,≤100
112418093457017,Tendencia MX,Tendencia MX,≤100
806858212689187,Pablo Lemus Navarro,Pablo Lemus Navarro,≤100
104072284816550,Isamar Ramírez,Isamar Ramírez Rodriguez,≤100
304475876391146,Asociación Mexicana de Psicoterapia - Ampsie,Asociación Mexicana de Psicoterapia y Educación a.c,≤100
355698161771796,Pulso Digital,Diario Pulso Digital,≤100
102534095493778,Vic Montejo,These ads ran without a disclaimer,≤100
103132972155308,Enlace Sensei,ENLACE SENSEI,≤100
1701386176832126,Contra Réplica SLP Viral,Contra Réplica SLP Viral,≤100
102561858882277,Universo CDMX,Luizo Ramirez,≤100
2009884602570506,Notigram,Hector Daniel Aragón Madera,≤100
2059420467624770,El Tecolote Diario,El Tecolote Diario,≤100
373696682782345,Mario Zepeda,Mario Ezequiel Zepeda Jacobo,≤100
815765208622761,Senadora Margarita Valdez,Lilia Margarita Valdez Martinez,≤100
101480295171643,Miguel Pérez Pompa,Jose Miguel Pérez Pompa,≤100
1406178929453999,Presidencia Delicias,GOBIERNO MUNICIPAL DE DELICIAS,≤100
106407731033869,De Ocio Gzm,These ads ran without a disclaimer,≤100
108596547197244,Omar Cervantes Rivera,Omar Cervantes Rivera,≤100
119588441128670,Ferdando Lanota,Efecto Regio,≤100
675581639228532,Germán Cervantes Vega,Germán Cervantes Vega,≤100
1068600329982117,Zepeda y Asociados Consultores,ZyA Consultores S.C.,≤100
113567778337734,El Informa Mador,El Informamador,≤100
136240676894192,Roberto Sosa Pichardo,Roberto Sosa Pichardo,≤100
366287743992291,Dr. Javier Nares,Transgender Surgery,≤100
1620058684930876,Horus Garcia,Horus Cesar Garcia Sanchez,≤100
101233511289765,Coco Martínez Velázquez,These ads ran without a disclaimer,≤100
117455491307964,Al Día,Al Dia Media,≤100
2190958434506812,Arturo B. De La Garza Garza,Arturo B. De La Garza Garza,≤100
454020551302218,AFEET Mexico,These ads ran without a disclaimer,≤100
1772086512892206,Revolución Democrática 2.0,Diana Laura Colin Lopez,≤100
110433190536865,Colegio Universitario MIIB,Colegio Universitario MIIB,≤100
113261374924245,Efecto Regio,Efecto Regio,≤100
103230634906476,Gabriel López Carrillo,Jesus Fabian Piña Talavera,≤100
48966795116,Amnistía Internacional México,Amnistía Internacional México,≤100
100615155875244,Verdad Entre Líneas,Alexis Javier Esperanza Reyes,≤100
154652694604556,Ricardo Gallardo Cardona,Ricardo Gallardo Cardona,≤100
766097073421954,Diario Puntual México,Victoria Arleth Pineda Vilchis,≤100
2072702626310256,Myrna García,These ads ran without a disclaimer,≤100
301653613284149,Periódico de Izcalli,PERIÓDICO DE IZCALLI,≤100
1952970908251080,Toño Zapata,Luis Antonio Zapata Guerrero,≤100
526524330743264,JULIO LONG,Julio Iván Long Hernández,≤100
1284654961674075,Pepe Toño Garcia,Pepe Toño Garcia,≤100
107567835372086,Ignis Media,These ads ran without a disclaimer,≤100
111969565605071,Ríodoce,Ríodoce,≤100
237612500182751,"Colonia ""Ignacio Zaragoza"" 2022•2026, Papantla, Veracruz •","Colonia ""Ignacio Zaragoza"" 2022•2026, Papantla, Veracruz •",≤100
105015232569558,Fundación de Apoyo al Hombre A.C.,These ads ran without a disclaimer,≤100
115193851463800,Innovación Pedagógica SNTE,innovación pedagógica,≤100
1776223812696913,Daniel Altamirano,Daniel Altamirano,≤100
450770595061021,Recoveco MX,These ads ran without a disclaimer,≤100
2321331638145287,Christian Quintana,Christian Quintana,≤100
101798928719130,Noé Castillo Olvera,Jose Arturo Zamorano Morales,≤100
104805888231365,Mexicano,"Editorial Kino, S.A. de C.V.",≤100
294670380621116,Marcos Castro,Hugo Miguel Pantoja Morales,≤100
100261926280943,Camino al 2024,Camino al 2024,≤100
625822217504525,Francisco Javier Garza de Coss,Francisco Javier Garza de Coss,≤100
116998438025283,Campeche sin Filtro,Campeche sin Filtro,≤100
104272608232696,Roberto Rodríguez Préstamos a Pensionados y Jubilados,Roberto Rodriguez Rojas,≤100
371612006289935,Realtor Juan Rodriguez / Brickell Realty Group,These ads ran without a disclaimer,≤100
1864159143867800,Sateliteonline22.mx,sateliteonline22.mx,≤100
106755281778963,Huanímaro Gobierno Municipal 2021-2024,Huanímaro Gobierno Municipal 2021-2024,≤100
110625008181339,Libo Lovers,Libo Lovers,≤100
100326749114637,Armando González Romero,Juan Armando González Romero,≤100
100304211344916,Pantone México,These ads ran without a disclaimer,≤100
236858516331750,RADIOFUSION TV,Leonardo Hernandez,≤100
102542454680516,Lupita Oyervides,Maria Oyervides Valdez,≤100
129348553750248,Preserve Planet,These ads ran without a disclaimer,≤100
338439980329802,Fiscalía General de Querétaro,Fiscalía General de Querétaro,≤100
103348291200115,Víctor Hernández Ponce,Víctor Javier Hernández Ponce,≤100
228161003903917,Vallarta en Línea -  Informa en la bahía,Vallarta en Línea -  Informa en la bahía,≤100
112507801521278,VEMO,VEMO,≤100
834908749889110,Interdiario De Cuautla,Luis Pablo Carrillo Gallardo,≤100
115027021469288,Revista Transformación,Revista Transformación,≤100
790122277825560,Sentido Común,Sentido Común Medios,≤100
100356332950521,Diego Carranza,Diego Barrera Carranza,≤100
113342271719951,Filiberto Benavides,Filiberto Benavides,≤100
330687001173397,Olivia Salomón,Olivia Salomón,≤100
108365995414780,Código Regio,Código Regio,≤100
111507698043116,H. Ayuntamiento Municipal de Tetela del Volcán Administración 2022-2024.,H. Ayuntamiento Municipal de Tetela del Volcán Administración 2022-2024.,≤100
107573518096806,Prepa SEP Unidev,Unidev Universidad SC,≤100
1708378782713605,Pulmón Urbano A.C.,Pulmón Urbano A.C.,≤100
475040405910613,Lenin Perez Rivera,Lenin Perez Rivera,≤100
108950188713101,Memes Derechos Laborales,SUB Inteligencia de marca S de RL de CV,≤100
107116101003808,Soy AlexBro,These ads ran without a disclaimer,≤100
165222107418758,Con Aroma de Café,José De Angel Lopez,≤100
106865972279596,Por amor a México,Por Amor A Mexico,≤100
119521264725553,Q21,These ads ran without a disclaimer,≤100
2261413827506055,Diálogo Político,These ads ran without a disclaimer,≤100
113480504938094,Fun facts,These ads ran without a disclaimer,≤100
1562826993952885,Ángel López Coaching,These ads ran without a disclaimer,≤100
329882267074187,Cristina Sada Salinas,Cristina Sada Salinas,≤100
469246976533189,Santiago Creel,SantiagoCreelM,≤100
100307248541401,Eduardo Reyes Beltrán,Nubia De La Rosa,≤100
100853138500765,Mashkay,These ads ran without a disclaimer,≤100
109718987583190,Brighite Granados,Nubia De La Rosa,≤100
101068718301342,Lecturas Con Propósito,These ads ran without a disclaimer,≤100
100997395395778,CoinsPaid Media,These ads ran without a disclaimer,≤100
1439738092756927,Juan Carlos Mezhua,Juan Carlos Mezhua Campos,≤100
1589154051350606,FOZ - Friends of Zion Museum,These ads ran without a disclaimer,≤100
105382292158330,Obed Domínguez,Nubia De La Rosa,≤100
100344435204047,Luis Daniel Lopez,Nubia De La Rosa,≤100
104364561773822,Oscar Avitia,Nubia De La Rosa,≤100
103874242354782,Mayra Katarina Barck,These ads ran without a disclaimer,≤100
101375582509907,Juan Barahona,These ads ran without a disclaimer,≤100
233652128065243,Goberna México,Goberna Latam,≤100
101470786285539,infraestrutura360,These ads ran without a disclaimer,≤100
107439705267079,DataPatrol,These ads ran without a disclaimer,≤100
102207552798601,Youth clicks,These ads ran without a disclaimer,≤100