﻿Page ID,Page name,Disclaimer,Amount spent (USD)
271082999713221,Cri ccfr,Cri ccfr,≤100
1118529501568378,មន្ទីរសាធារណការ និងដឹកជញ្ជូន ខេត្តបាត់ដំបង,មន្ទីរសាធារណការ និងដឹកជញ្ជូន ខេត្តបាត់ដំបង,≤100
106374614548737,ខេមបូចា ព័ត៌មាន,ខេមបូចា ព័ត៌មាន,≤100
187461997935711,Unilever Careers,These ads ran without a disclaimer,≤100
543230525840908,Asianerial Advisory Int.,Asianerial Advisory Int.,≤100
206984670430,Cambodian Center for Human Rights l មជ្ឈមណ្ឌលសិទ្ធិមនុស្សកម្ពុជា,Cambodian Center for Human Rights l មជ្ឈមណ្ឌលសិទ្ធិមនុស្សកម្ពុជា,≤100
116613175028420,វិទ្យុស្ត្រី Women's Radio,វិទ្យុស្ត្រី Women's Radio,≤100
1291955704292254,គេហទំព័រ ផែនដីថ្មី PDT-News,Phad Pished,≤100
2260430647540976,កម្ពុជា ៤.០ - Cambodia 4.0,Reun Daro,≤100
109775711858792,សេងធារិន ហ្វេន,Ke Luon,≤100
1582014712074227,គណបក្សប្រជាជនកម្ពុជា Cambodian People's Party,David Than,≤100
558050957660331,ព្រឹទ្ធសភាកម្ពុជា Senate of Cambodia,Kok Vay,≤100
1653709768184867,ជ្រុន ថេរ៉ាវ៉ាត - Chrun Theravat,Ry Vannroth,≤100
1129900250496858,EBo_Bookstore,EBo_Bookstore,≤100
1309741899186397,CamboJANews,CamboJANews,≤100
100857911384000,ក្រុមការងារយុវជនខេត្តឧត្តរមានជ័យ,Neang Sreyluch,≤100
844603092353014,ជា ពិសី - Chea Pisey,ជា ពិសី - Chea Pisey,≤100
146649842083645,COMFREL,COMFREL,≤100
131169181232,VOGUE JAPAN,These ads ran without a disclaimer,≤100
136428433091172,Tv5monde Asie Pacifique,These ads ran without a disclaimer,≤100