﻿Page ID,Page name,Disclaimer,Amount spent (BRL),Number of ads in Library
104625758942119,Siga Antenado,"ASSOCIACAO ADMINISTRADORA DA FAIXA DE 3,5 GHZ - EAF",35666,118
106558185227603,BP Select,Brasil Paralelo Entretenimento e Educação S/A,14331,50
425350744240843,Comitê Internacional da Cruz Vermelha,Comitê Internacional da Cruz Vermelha,14143,314
301774903545521,Brasil Paralelo,Brasil Paralelo,8504,217
171169022896525,Guaraná Antarctica,Ambev,5560,3
159103797542,Greenpeace Brasil,Greenpeace Brasil,3996,193
142183709175200,Sou Concurseiro e Vou Passar,SOUZA E SILVA - TREINAMENTOS LTDA ME,3105,23
112830251033781,Tiger,GRUPO HEINEKEN,3059,1
416907625028840,Governo do Estado de Minas Gerais,Governo de Minas Gerais,2617,2
224777780881144,Visão Mundial,Visão Mundial,2464,18
121116005943892,Saúde Não Se Pesa,NOVO NORDISK FARMACÊUTICA DO BRASIL LTDA,2239,3
239665829565195,Cidade de São Paulo,Pago por Prefeitura de SP,2188,67
152338908863109,William Dornela,William Dornela,2170,27
360125334431298,Renova BR,ASSOCIAÇÃO RENOVA BR,1930,22
101230328792183,Portal Concursos & OAB,PORTAL CURSOS PREPARATORIOS E OAB LTDA,1756,203
1211366248899077,Prefeitura de Duque de Caxias,Prefeitura de Duque de Caxias,1628,49
110418455214538,Bernardo K.,Filhos do Trovão,1456,201
1534982756793690,Foodvisor,These ads ran without a disclaimer,1386,3
131844590198876,Prefeitura de Porto Alegre,Prefeitura Municipal de Porto Alegre,1381,13
101189854802059,Revista Oeste,Revista Oeste,1353,4
298903703477524,União Europeia no Brasil,Delegação da União Europeia no Brasil,1332,5
198849783539777,Buscofem,Buscofem,1299,1
140386962704024,Governo de Pernambuco,Governo de Pernambuco,1254,10
106869981440689,Brasil Certo,BRASIL CERTO,1248,15
228909183838663,Fundação Demócrito Rocha,Ismael Pereira Da Costa,1015,7
163893463708223,Marcelo Vitorino,Vitorino & Mendonça,1015,35
185500178231142,Governo do Maranhão,Governo do Estado do Maranhão,932,9
104498669210628,Gustavo Rodrigenes,Assinatura Direito,846,107
110647840532680,Merge Mayor,These ads ran without a disclaimer,837,2
7970426802,WWF-Brasil,WWF-Brasil,750,27
330379553673497,Oxfam Brasil,Oxfam Brasil,666,77
106812122300948,Angela Mendez,These ads ran without a disclaimer,661,12
258088921369,TOTVS,TOTVS,642,5
231018984119082,Cris Monteiro,Cristina Pereira Monteiro,613,12
170238043113891,Professor Rômulo Passos,Romulo Silva Passos,584,34
113165042099382,Brasil 61,Brasil 61,583,20
1698457923556593,SomosCoop,These ads ran without a disclaimer,578,1
100261572206297,Coronel Assis,Jonildo Jose de Assis,515,1
367980806622995,Bruna Furlan Deputada Estadual,Bruna Furlan,513,71
314916388685112,Deputado Val Ceasa,Roosevelt Barcelos,503,2
448928461819807,Matheus Mafepi,Matheus Mafepi,500,1
1475834059299747,Rodrigo Amorim,Rodrigo Martins Pires De Amorim,500,3
604486089747468,Prefeitura de Monte Carmelo,Prefeitura de Monte Carmelo,492,5
196452727048562,Governo do Rio Grande do Sul,SECRETARIA DE COMUNICAÇÃO,491,4
109272165397476,Gerson Aragao,SCIREJUS APLICATIVOS JURIDICOS LTDA,488,63
115811301935382,Analice Fernandes,Analice Fernandes,430,8
746791565355599,SejaVero,Karem De Vargas Ferreira,419,3
435467973165066,Fundação Ulysses Guimarães Nacional,Fundacao Ulysses Guimaraes,417,3
115558703488480,IDP Online,Instituto Brasiliense de Direito Publico,413,63
163372447147733,Cidade de Assis,Prefeitura de Assis,412,20
169743843175117,Bruno Ganem SP,Bruno Ganem,410,3
165175370206522,Citi Brasil,Citi Brasil,369,3
111762505178519,Renova credito,These ads ran without a disclaimer,360,29
821703454511378,Dra. Sandra Tadeu,Sandra Regina Carbone Tadeu Mudalen,348,13
333720355130,Petrobras,Petrobras,330,28
109591311961445,Brasil em Ruínas,Marco Aurelio Machado,312,2
422665284772249,Fernando Ulrich,Liberta Agentes Autonomos de Investimentos S/s LTDA,310,2
104738421003389,InvestNews BR,Easynvest,297,11
105520569004820,Absolar Comunica,Associação Brasileira de Energia Solar Fotovoltaica,295,3
1578235319127195,Seiko Brasil,ORIENT RELOGIOS DA AMAZONIA LTDA,285,11
952849801440316,Sergio Vidigal,Antônio Sergio Alves Vidigal,281,62
273642106068512,Paulo Alexandre Barbosa,Paulo Alexandre Pereira Barbosa,276,16
833053646745836,Kim Kataguiri,MBL,275,3
151756254136,Enel Brasil,Enel Brasil,274,2
100714109620601,O Amor está no ar,IR COMERCIO E SERVICOS DIGITAIS LTDA,261,21
239977579362882,Blue3,Blue3 Investimentos,259,5
113005112093720,Aldo Solar,Aldo Solar,256,1
100380548458405,Prefeitura de Jaboticabal,Prefeitura de Jaboticabal,239,13
167035830067775,Prefeitura de Canoas,PREFEITURA DE CANOAS,237,3
109918909035681,Cerveja Brahma Oficial,Ambev,227,1
614016465286603,CPERS/Sindicato,CPERS/Sindicato,221,4
219850498217978,Prefeitura de Caratinga,Claudia De Azeredo Moura,215,7
1087471917938156,Sistema Fecomércio RJ,Fecomércio RJ,206,5
110972683845381,Conta Bemol,Bemol Serviços Financeiros,204,3
1477496932558288,Sindipetro-ES,Sindipetro ES,203,1
108143861587898,Mauricio Neves,Mauricio Neves,200,3
225530987783302,Câmara Municipal de Foz do Iguaçu,Trade Comunicação e Marketing Eireli,199,14
263563620333111,Eduardo Braga,Carlos Braga,199,3
108513687218374,Rogério Barra,HUGO ROGÉRIO SARMANHO BARRA,199,10
157964194719,Enel Clientes Brasil,Enel Brasil,196,3
255804437808407,Vale,Vale,196,1
220778897969256,Zeca Dirceu,Zeca Dirceu,195,5
651900074836103,Dr. Laércio Sandes,Laercio Sandes De Oliveira,191,2
665498620499336,"O Novo Legislativo, por Renata Cunha",Instituto Renata Cunha,185,4
1501236886772782,Wellington Fagundes,Wellington Antonio Fagundes,184,1
142073912632259,Carlos Giannazi,Deputado Carlos Giannazi,179,4
111006700550820,Cenarium Amazônia,CENARIUM AGENCIA DE NOTICIAS EIRELI,178,15
100323963005666,Extra Extra,These ads ran without a disclaimer,177,2
1555937724629128,Comitê Guandu - RJ,Comite Guandu RJ,174,10
1263053750454913,Prefeitura de Caçapava,MUNICÍPIO DE CAÇAPAVA,172,4
107742651063250,Academia de Pesquisa,Academia Brasileira de Formação e Pesquisa,161,28
102275945221840,Portal Tucumã,Portal Tucumã,161,108
518015004918179,Professor Júnior Geo,José Luiz Pereira Junior,160,7
441467489336861,Prefeitura de Sinop,Prefeitura Municipal de Sinop,159,1
173698339802515,Rafael Brito,Rafael Brito,158,3
1082805205172897,Zé Vitor,Zé Vitor,156,1
131497886977001,Associação Paulista de Medicina,Associação Paulista de Medicina,155,3
1573310519364782,Paulo Sérgio,Paulo Sérgio Ferreira,154,6
112778851729160,Longevidade e Saúde Pública,GROWTH HUB DIGITAL LTDA,153,3
403991616637353,MEU TUDO,These ads ran without a disclaimer,152,2
1700227383437806,OC Advogados,Oliveira e Carneiro Sociedade de Advogados,151,12
145608108896911,Frente Parlamentar da Agropecuária - FPA,Instituto Pensar Agropecuária,151,9
105419250835942,Mulheres no Comando,These ads ran without a disclaimer,151,28
391540320944905,Prefeitura de Uberlândia,Secretaria Municipal de Governo e Comunicação - SMGC,151,3
2323904661180742,All Out Brasil,All Out,150,10
478752158813845,Maurício Eskudlark Deputado,Assinatura Do Titular,150,7
163852833738546,Vinicius Camarinha,Vinicius Camarinha,150,1
108742321417244,Gerson Aragão,SCIREJUS APLICATIVOS JURIDICOS LTDA,147,27
107493882276631,Renova Credito,These ads ran without a disclaimer,144,9
1791040007779382,Excelência Educação,Excelência Educação,144,8
405696379766191,Angelo Coronel,ANGELO MAR1 CORONEL DE AZEVED0 MARTINS,144,1
132804480113814,PwC Brasil,PwC Brasil,140,2
1729583287065210,Vereador Jefferson Otto,Jefferson Otto Da Silva,137,5
587065281989375,Topazio Neto,Topazio Silveira Neto,134,2
124632230915020,Luciana Genro,Luciana Krebs Genro,134,5
129296464237962,Prefeitura de Ourinhos,Prefeitura de Ourinhos,133,4
100359566010068,Prefeitura de Tucuruí,Prefeitura de Tucuruí,132,3
103809779034193,Valeriote Cursos e Consultoria,Valeriote Cursos e Consultoria,131,22
123884341029248,João Jorge,JOÃO JORGE DE SOUZA,130,2
1643608162628238,Augusto Vasconcelos,Augusto Vasconcelos,129,2
201968370268696,Orquestra Jovem Circuito das Águas,Giovani Alves Loner,128,4
387072514970604,Vereador Dr. Kachan Jr - Coisa Linda,Jose Antonio Kachan Junior,127,10
213048568820524,Vereador Paulo Frange,Rodrigo Carvalho,126,14
173480706086444,The Nature Conservancy Brasil,The Nature Conservancy Brasil,126,6
1498647100170828,Prefeitos do Futuro,Prefeitos do Futuro Cursos e Treinamentos LTDA,126,4
1073772202658318,Janaína Lima,Janaina Carla De Lima Pascalichio,123,7
221371211998801,Delegada Ione,Ione Maria Moreira Dias Barbosa,121,3
932908963423378,Luciano do Secom,LUCIANO ALVES RIBEIRO,120,10
252086658173120,Movimento Mulher 360,Movimento Mulher 360,119,4
114528465397935,Prefeitura de São Gabriel da Palha,Prefeitura de São Gabriel da Palha,118,3
1221955744599494,Walmir Pinto,Walmir Pinto,118,6
202843126481221,Prefeitura Municipal de Morro Agudo,Prefeitura de Morro Agudo,116,8
1052676991450970,Vereador Prof. André Luis,Vereador Prof. André Luis,116,1
308976223304,Tintas Coral,Akzonobel,115,1
1678605519056745,Rodrigo Goulart,Rodrigo Goulart,114,2
2034754990120059,Ibrachina,Ibrachina Instituto Sociocultural Brasil-China,114,18
1840055949555538,Sargento Simões,Anderson Simoes,113,15
127789930632668,Conectas Direitos Humanos,Conectas Direitos Humanos,111,3
287652947932104,APP-Sindicato,APP Sindicato dos Trabalhadores em Educação Pública do Paraná,110,2
1598331287132119,Professor Riverton,Riverton Francisco De Souza,109,2
778733512225813,ABIMO,ABIMO,106,7
105527742878890,Prefeitura do Recife,Prefeitura do Recife,105,9
147258388715323,Fundação Luterana de Diaconia (FLD),Fundação Luterana de Diaconia,104,4
187970114581051,Anistia Internacional Brasil,Anistia Internacional Brasil,104,21
359871157981726,Decorando a Lei Seca,Decorando a Lei Seca,103,20
172444996112900,Fundo Brasil,Fundo Brasil,103,46
1016014891780524,Estratégia Carreira Jurídica,ESTRATEGIA CONCURSOS SA,102,1
104401494401878,Claudomiro Gomes,Claudomiro Gomes Da Silva,102,15
1405025743082214,Coronel Alberto Feitosa,Alberto Jorge Feitosa,102,6
350338089341698,ASA Investments,ASA Investments,101,1
111130822268479,IDP,"Instituto Brasileiro de Ensino, Desenvolvimento e Pesquisa IDP - LTDA",101,11
110225312350543,Nova Escola,Associação Nova Escola,≤100,24
2027104210849317,Geraldinho Prefeito do Povo,Geraldo Pinto De Camargo Filho,≤100,1
144522665592650,DevMedia,DevMedia,≤100,2
288412514669518,Maranhão com Brandão,Laryssa de Melo de Azevedo,≤100,2
1745314689088377,Delegado Rodrigo Camargo,Delegado Rodrigo Camargo,≤100,8
107809564197704,Cetur - Conselho Empresarial de Turismo da CNC,"CONFEDERACAO NACIONAL DO COMERCIO DE BENS, SERVICOS E TURISMO - CNC",≤100,16
254048208839562,Tesouro Direto,These ads ran without a disclaimer,≤100,2
263199020531986,JOTA,JOTA,≤100,7
101132704939097,Portal RealTime1,REAL TIME 1,≤100,2
112186508127749,renatojunior_amazonas,These ads ran without a disclaimer,≤100,5
100475402294243,Consciência Brasil,Felipe Gabriel Coelho Gomes,≤100,4
142675389152460,Governo do Estado da Paraíba,SECRETARIA DE ESTADO DA COMUNICACAO INSTITUCIONAL - SECOM,≤100,6
193719533998484,Fundação Fernando Henrique Cardoso,Fundação FHC,≤100,9
241839765912021,Estratégia Concursos,ESTRATÉGIA CONCURSOS SA,≤100,5
348704312899125,foconofato,FOCO NO FATO,≤100,20
669979576373645,Delegado Eduardo Boigues,Delegado Eduardo Boigues,≤100,11
201991609984528,Odair Cunha,Odair José da Cunha,≤100,5
1389429587984302,Renato Antunes,Renato Antunes,≤100,1
212423668965384,Heitor Schuch,Heitor Schuch,≤100,3
481960978885807,Paula Belmonte,PAULA MORENO PARO BELMONTE,≤100,26
1423620614574722,Luís Fernando Almeida,Luis Almeida,≤100,2
110844180635917,BR Properties,These ads ran without a disclaimer,≤100,1
163893463708223,Marcelo Vitorino,IDP,≤100,31
108147365877214,Canal Futura,Fundação Roberto Marinho,≤100,9
107575845348720,Mangueira Advocacia Previdenciária,Anderson Da Silva Mangueira,≤100,3
114545680471703,Pedro Quintanilha - Mentalidade Empreendedora,Eduardo Lima Ferreira,≤100,39
109839320534633,Henrique Menezes,Henrique Menezes,≤100,3
366691953705757,Prefeitura Buritizeiro,Prefeitura de Buritizeiro,≤100,19
481166311940473,Prefeitura de Eunápolis,Prefeitura Municipal de Eunápolis,≤100,4
102138423231691,Revista Semana Online,Revista Semana On,≤100,4
169264993128249,Prefeitura de Fortaleza,Outcome Digital Strategy,≤100,1
687008454694990,Randolfe Rodrigues,Randolfh Frederich Rodrigues Alves,≤100,3
358687161234,Proteção Animal Mundial,Sociedade Mundial de Proteção Animal - WSPA BRASIL,≤100,3
201044363357878,Aliel Machado,Aliel Machado,≤100,6
1110881818972520,João Henrique Dentinho,Joao Henrique De Moraes Ramos,≤100,3
317979238378110,Deiró.Marra,Deiró.Marra,≤100,2
193453904723542,Mateus Braga,Mateus Carlos Da Silva Braga,≤100,1
338601016235780,Capitão Wagner,Cap. Wagner,≤100,4
1796853600564637,Jair Da Mendes Gomes,ADEJAIR SANCHES DE AGUIAR,≤100,1
124116941088719,Prefeitura de Macapá,Munícipio de Macapá,≤100,1
106670505267397,O Diário da Capital,DIARIO DA CAPITAL PUBLICIDADE E COMUNICACAO LTDA,≤100,2
101687831462814,"Rodrigo Andrade, A Real Mudança",Rodrigo Andrade,≤100,7
106046208316371,Vida em Portugal,These ads ran without a disclaimer,≤100,5
540247616482635,Nohs Somos,Nohs Somos,≤100,2
189814474429903,Kayo Amado,Kayo Felype Nachtajler Amado,≤100,1
172271576134185,Habitat para a Humanidade Brasil,Habitat para a Humanidade Brasil,≤100,5
219737975241477,Acácia Cidadania,These ads ran without a disclaimer,≤100,1
106376318992146,Maria Arraes,Maria Arraes,≤100,4
355911231202401,Luiz Antonio Medeiros,Luiz Antonio De Medeiros Neto,≤100,2
109118887469889,Tarcisio Carvalho,Tarcisio Moreira De Carvalho,≤100,2
2016641191899819,Bruno Ganem - Indaiatuba,Bruno Ganem,≤100,2
232264546798998,Portal do Marcos Santos,Portal Marcos Santos,≤100,6
111365133871481,A. Amorim Advogados Associados,Adriano Do Nascimento Amorim,≤100,10
656965247684115,Zequinha Marinho,Zequinha Marinho,≤100,4
238761896484083,Rosana Valle,Rosana Valle,≤100,1
106308415121143,Politique - Detalhamento de Votos,PRATIC SERVIÇOS EM TECNOLOGIA DA INFORMAÇÃO LTDA,≤100,9
100710735473325,IDP - SP,"Instituto Brasileiro de Ensino, Desenvolvimento e Pesquisa Idp - LTDA",≤100,28
117064774590247,debbievillela,These ads ran without a disclaimer,≤100,1
1947356288874816,Saullo Vianna,Saullo Velame Vianna,≤100,4
398383446886003,Fernando Breno,Fernando Breno Valadares Vieira,≤100,3
107545594457268,danilyra40,Daniela Cardoso Magalhães Lyra,≤100,10
201878973201295,Republicanos10,Republicanos10,≤100,2
1703820879881222,Vereador Thiago Rodrigues,Thiago Rodrigues Alves,≤100,3
248844375207062,Jorge Wilson Xerife do Consumidor,Jorge Wilson - Xerife do Consumidor,≤100,6
633578433500190,Rede Essent Jus,ESSENT JUS CONTABILIDADE E CONSULTORIA LTDA,≤100,10
102027192652944,Longevidade 2022,These ads ran without a disclaimer,≤100,1
394517827279852,Alceu Moreira,Alceu Moreira Da Silva,≤100,3
560599677292902,Prefeitura de Belém,Prefeitura de Belém,≤100,1
211673859588285,Mapa do Acolhimento,Nossas,≤100,6
2257170641175341,Nayrelle Ávila Silva Advocacia e Consultoria,Nayrelle De Avila Silva,≤100,2
454225234639209,Vereadora Edir Sales,Edir Sales,≤100,3
1490922331155430,Unicursos Curitiba,UNICURSOS CAPACITAÇAO E TREINAMENTOS LTDA,≤100,6
101781449509803,Tenha Cidadania Italiana,These ads ran without a disclaimer,≤100,2
104486751876738,Tenente Coronel Zucco,Luciano Zucco,≤100,1
344484892246127,CCE - PUC- Rio,FACULDADES CATOLICAS,≤100,3
386384768194437,Agenda em Foco,Agenda em Foco,≤100,6
111186368956008,Academia Brasileira de Direito Constitucional,ABDConst,≤100,61
133602516654912,Jader Barbalho,Jader Barbalho,≤100,2
101933305564897,Promic,Riole,≤100,2
141670129347094,Elizeu Nascimento,Elizeu Nascimento,≤100,5
172659486199550,Anderson Luz Dos Santos Batata,Anderson Dos Santos,≤100,1
1711232385829914,Rodrigo Guedes,RODRIGO GUEDES OLIVEIRA DE ARAUJO,≤100,7
446633805423159,Instituto Vera Cruz,Instituto Vera Cruz,≤100,7
683742635039233,Conselho Regional de Nutricionistas 3ª Região SP-MS,Giovana Dias,≤100,1
147846104842,FGV,These ads ran without a disclaimer,≤100,1
109785372399873,IAB - Instituto dos Advogados Brasileiros,Instituto dos Advogados Brasileiros,≤100,11
346764845340654,Escola de Música da Rocinha,Escola de Música da Rocinha,≤100,2
465508674236677,Edmar Ptak,Edmar Ptak Guimaraes,≤100,3
165592640248411,Marcello Barbosa,Marcello Barbosa,≤100,5
1977144492578298,Bruno Secco,Bruno Secco Souza,≤100,1
112260971515571,ESG Academy,WAYCARBON SOLUCOES AMBIENTAIS E PROJETOS DE CARBONO S.A.,≤100,2
283520355490994,Evo Brasil Energia,Lillyan Marra,≤100,1
193453687358589,Arthur Virgílio,Arthur Virgilio Neto,≤100,12
1192198870794200,Prefeitura de Marília,Município de Marília,≤100,4
110094241447016,jorgedamiao,These ads ran without a disclaimer,≤100,1
105153425816557,Cress Presente e Forte CHAPA 2,Cress Presente e Forte CHAPA 2,≤100,1
363140553718136,Epoch Times Brasil,EPOCH TIMES BRASIL LTDA,≤100,4
104321959207126,Proamb Montenegro,FUNDAÇÃO PROAMB,≤100,1
1962626790720530,Beto Dois a Um,Beto Dois a Um,≤100,1
149518311835447,Renata Bueno,Renata Bueno,≤100,6
106535201965040,Burocracia Zero,Burocracia Zero,≤100,4
104553347942750,Eder Borges,Eder Fabiano Borges Adao,≤100,2
436336693077946,Caio Cunha,Caio Cunha,≤100,5
167306944111245,Dr. Frederico,Frederico de Castro Escaleira,≤100,1
620314628044090,Marcio Alvino,Deputado Federal Marcio Alvino,≤100,7
262695407258466,StartSe,These ads ran without a disclaimer,≤100,2
111574444946646,Gerenciador de anuncios,These ads ran without a disclaimer,≤100,1
1061862380519257,NOVO Paraná,NOVO Paraná,≤100,2
301683207203511,Jeferson Cardozo,Jeferson Cardozo,≤100,3
555803774486872,Marcio Bittar,Marcio Miguel Bittar,≤100,3
211334236088748,Welton Lemos,Welton De Oliveira Lemos,≤100,6
249136025787594,Wander Carvalho Jr.,Wander Carvalho Junior,≤100,2
1516585435320408,ArtCenter College of Design: Graphic Design,These ads ran without a disclaimer,≤100,1
175010819214828,Tânia Bastos,Tânia Bastos,≤100,2
179013129513848,Dra. Antonia Ximenes,These ads ran without a disclaimer,≤100,1
355881814480574,Juninho BOI,Fabiano Junior Leite de Souza,≤100,2
729713163710997,ADIMB,These ads ran without a disclaimer,≤100,1
103768438180017,Lab Criação,Lab Criação,≤100,7
113496603768539,Vereador Pastor Eloisio Santos,Thiago Augusto Lhanas Ribeiro,≤100,1
108682395382235,Denis Moura Dos Santos,Denis Moura Dos Santos,≤100,1
112485056848551,Pablo Melo,Pablo Melo,≤100,4
114755414556788,Fernando Braide,Fernando Salim Braide,≤100,3
113577637051650,Allugator Invest,These ads ran without a disclaimer,≤100,5
270534889645562,Prefeitura de Extrema,Prefeitura Municipal de Extrema,≤100,2
103226945235684,RED NOSES Emergency Smile,These ads ran without a disclaimer,≤100,1
110059913724200,Ricardo Molina,Ricardo Molina Dias,≤100,4
102871027744138,Cardoso de Oliveira Advogados,Cardoso de Oliveira Advogados,≤100,11
100381658780941,agencia.brasilia,agencia.brasilia,≤100,2
453386215407752,Bruna Militão,These ads ran without a disclaimer,≤100,1
111820257676088,educastrojr,These ads ran without a disclaimer,≤100,1
1715843315342342,Laboratório Nutramedic,Laboratório Nutramedic,≤100,12
448830491818835,Alex Da Piatã,Alex Lopes Da Silva,≤100,7
552483638152177,Giovani Cherini,Deputado Cherini,≤100,3
106091268052699,Prefeitura de Diadema,Prefeitura de Diadema,≤100,2
106976817831287,Helton Bananinha,Helton Roosevelt Freitas Alves,≤100,1
703029363127813,Deputado Estadual Jari Oliveira,Jari Oliveira,≤100,3
251489518948731,Jorge Goetten,Jorge Goetten,≤100,2
504490326587190,Laura Amorim,These ads ran without a disclaimer,≤100,5
755979534560972,Instituto Liberta,Instituto Liberta,≤100,4
695903437104290,Deputado Estadual Luiz Fernando,Luiz Fernando Teixeira Ferreira,≤100,13
391175961040598,ADE SAMPA,ADE SAMPA,≤100,3
104202885922538,Marco Aurélio Filho,Diogo Stanley Vasconcelos De Farias,≤100,23
1276486079064454,Prefeitura Municipal de Pitangueiras - 2021/2024,MUNICIPIO DE PITANGUEIRAS,≤100,4
103544945121331,Hospital Psiquiátrico Maya,Hospital Maya,≤100,2
282802611759257,MidiaJur - Jornalismo Plural,Midiajur,≤100,2
107279402197798,escoladaenergia_,These ads ran without a disclaimer,≤100,1
656106874424485,ArcelorMittal Brasil,These ads ran without a disclaimer,≤100,1
260205817453415,Cássio Soares,Cássio Soares,≤100,7
1333583893323350,Edson Santos,Edson Santos De Souza,≤100,7
100107594927557,Portal O PODER,Pontual pesquisas e mídias Eireli,≤100,3
319356418132318,Gestos,Gestos Soropositividade Comunicação e Gênero,≤100,3
344898319691456,Narcóticos Anônimos,Associação Brasileira de Narcóticos Anônimos,≤100,3
111072768573924,Consciência Brasil São Paulo,Felipe Gabriel Coelho Gomes,≤100,3
219825344705412,Deputado André Corrêa,André Correa,≤100,2
303065123144235,Câmara Municipal de Poços de Caldas,Câmara Municipal de Poços de Caldas,≤100,1
1938800006407647,Nixon Baracho,Nixon da Silva Baracho,≤100,9
102090164567824,Adnan El Sayed,Adnan Abdallah El Sayed,≤100,3
1615047942043875,Júlio Cézar Medeiros,Júlio Cézar Medeiros,≤100,4
185875761943,MDB Nacional,MOVIMENTO DEMOCRÁTICO BRASILEIRO,≤100,4
319682258505350,Cíntia Batista,Cintia Batista De Oliveira Mendonca,≤100,2
107063348442736,Cultura Jurídica,FMR - CURSOS ONLINE LTDA,≤100,16
116881770160597,Willian Veloso,Willian Veloso,≤100,27
1069481486459981,Antídio Lunelli,Antídio Aleixo Lunelli,≤100,4
106499751297086,Professor Thiago Alexandre,Thiago Alexandre Da Silva,≤100,2
327843258080241,highspacetattoo,These ads ran without a disclaimer,≤100,1
594009177348086,Virmondes Borges Cruvinel Filho,Virmondes Borges Cruvinel Filho,≤100,2
153427684727758,Boulevard Shopping Belo Horizonte,These ads ran without a disclaimer,≤100,1
1589149714709035,Celso Giannazi,Celso Giannazi,≤100,2
115638388063911,ribeironeto.ma,Aires Do Espirito Santo Ribeiro Neto,≤100,1
103779715064518,Uma Concertação pela Amazônia,Instituto Arapyaú de Educação e Desenvolvimento Sustentável,≤100,2
106695688160996,Lesco Revestimentos,These ads ran without a disclaimer,≤100,1
103654108205888,Fonasefe,CAJUINA PRODUÇÕES E MÍDIA DIGITAL,≤100,1
108991177589451,Daniel Cardoso,Joao Daniel Cardoso Pereira,≤100,3
769753176473124,Juvir Costella,Juvir Costella,≤100,2
115412421161798,Protetor Douglas Carbonne,Douglas Carbonne,≤100,1
106623079444681,INLEGIS,INLEGIS,≤100,1
106890797701335,Felipe Delpuppo,These ads ran without a disclaimer,≤100,1
1675735129377741,Tv Aldeia,TV aldeia,≤100,2
128802790469337,Todos Pela Educação,Todos Pela Educação,≤100,1
532277116860587,Éder Miano Prefeito,Eder Pereira,≤100,3
307107992664854,Editora do Brasil,These ads ran without a disclaimer,≤100,2
1737308239666824,Janad Valcari,Janad Marques De Freitas Valcari,≤100,3
337834286345988,Fundação Milton Campos,Fundação Milton Campos,≤100,1
484137231655181,Herculano Passos,Herculano Passos,≤100,1
107318201742773,Gerador de Votos,Carlos Bomfim,≤100,6
538357006261591,TARRAF,These ads ran without a disclaimer,≤100,2
1999635023612986,Luciara Amil,Luciara Amil,≤100,4
104825035648255,Enerugi Solar,Leonardo Gomes Da Motta,≤100,15
100616882690814,Evandro Pereira Advogados e Associados,Jose Evandro Pereira Da Silva,≤100,2
109354687306376,Instituto Conhecimento Liberta,Instituto Conhecimento Liberta,≤100,2
104161123005913,Fundação Tide Setubal,Fundação Tide Azevedo Setubal,≤100,1
1451224711778737,RJ Investimentos,RJ Investimentos,≤100,2
103581304496692,Somosnormandia,These ads ran without a disclaimer,≤100,1
251235795032635,Itamar Borges,Itamar Borges,≤100,1
371991919906531,Rodolfo Hessel Fanganiello,Rodolfo Fanganiello,≤100,4
335971900395296,Gil Torres,Gil Torres,≤100,1
523566427680692,Teresa Bergher,Maria Teresa Bergher,≤100,1
109676723957333,Tiago Bonecão,Tiago Rocha Dos Santos,≤100,3
394344384021096,Geraldo Cruz,These ads ran without a disclaimer,≤100,1
2304417933138888,Fabricio Corrêa - Marketing Político,FABRICIO CORREA,≤100,1
559708174096188,Almir Cicote,Almir Cicote,≤100,4
104514725151901,a hora do dinheiro,Victor Pinto Amatucci,≤100,5
103792372618962,Gazeta da Amazônia,Gazeta da Amazônia,≤100,14
105756885057541,Impacto Musa,These ads ran without a disclaimer,≤100,1
1443539549309168,Marcela Trópia,Marcela Trópia,≤100,7
364037797755496,HOJE Pernambuco,Hoje Pernambuco,≤100,1
316507758393761,Lu Marini,These ads ran without a disclaimer,≤100,1
305651513406657,Preta Comunicologa,These ads ran without a disclaimer,≤100,1
456485074374104,Sindipetro SP,SINDICATO DOS TR NAS IN DE EX PE PR RE DE AR DI E TRA ATRAVES DE DU E IM DE PE DE E SI DOS EST DE SP GO E D FEDERAL,≤100,3
2544666325578449,Eleja.se,Eleja.se,≤100,10
113635063357657,sol_lima_tricoterapeuta,Maria Solange Alves Lima,≤100,2
429309847129487,Instituto de Arquitetos do Brasil,INSTITUTO DE ARQUITETOS DO BRASIL – IAB,≤100,1
110834495034205,Oclecio Meneses,These ads ran without a disclaimer,≤100,1
241789676153937,Carlos Humberto,Carlos Humberto Metzner Silva,≤100,1
252724831483239,EBEC,These ads ran without a disclaimer,≤100,1
546638152036818,Ulysses Gomes,ULYSSES GOMES DE OLIVEIRA NETO,≤100,2
210467206143608,Portal de Prefeitura,Portal de prefeitura,≤100,5
106206361334270,Marketing Político de Conteúdo,Samuel Jacques,≤100,2
306378149952222,Matheus Utsch Vereador PL,Matheus Utsch De Oliveira,≤100,4
1632845003624410,Lúcio Sorge,Lucio Sorge,≤100,8
105726912062788,Secretaria de Desenvolvimento Social - Prefeitura de Blumenau,Secretaria de Desenvolvimento Social,≤100,2
511088952358805,Vereadora Márcia Socorristas Animais,Marcia Helena Martins Henrique,≤100,8
1732926253645641,Xexéu Tripoli,José Reginaldo Nazello de Alvarenga Tripoli,≤100,2
1126548347386722,Vereador Sinésio,Vereador Sinésio Bernardino Januário,≤100,1
102186934852708,Os 3 Poderes,G L DA C CRUZ DE CASTRO,≤100,5
154038584654886,Hotel Cabreúva Resort,Hotel Cabreúva Resort,≤100,5
948346681889432,Jornalismo VTV,VTV SBT,≤100,1
103039778175459,Hospitais PROADI-SUS,HCor,≤100,1
676382125827448,TBL Guarulhos,TBL Guarulhos,≤100,1
262483353768098,Leilões Judiciais,These ads ran without a disclaimer,≤100,1
863367283825041,Wener Santos,These ads ran without a disclaimer,≤100,1
269116656508331,Faaftech Soluções Inteligentes,These ads ran without a disclaimer,≤100,1
1641991982711846,CBIC Brasil,Câmara Brasileira da Indústria da Construção,≤100,4
391730127854957,Vereador Johny Claudy,Johny Claudy Fernandes,≤100,10
780458271981477,Prefeitura de Gravataí,AD3Plus,≤100,6
110285893709805,Sifaeg,Sifaeg,≤100,4
243431705783506,Jô Dias,Jô Dias,≤100,4
596069503823478,Vereador Zé Márcio - Garotinho,Vereador Zé Márcio - Garotinho,≤100,3
103746012657734,Wilson Nunes da Ceasa,Wilson Da Silva Nunes,≤100,2
108737968066713,karennfontella,These ads ran without a disclaimer,≤100,1
277985792247149,Luis Santos,Luis Santos Pereira Filho,≤100,2
106832721053798,Andre da Farmácia,André da Farmácia,≤100,1
102551538798020,Historiadelas,Historiadelas,≤100,2
102956099378764,Eduardo Helaehil,These ads ran without a disclaimer,≤100,1
746238952182619,Val de Alex,Genivalda Pinto Da Silva,≤100,4
813542872090662,Leonidas Dias,Leonidas Nery Dias,≤100,1
1751009021822715,Kleber Wan-Dall,Kleber Wan-Dall,≤100,2
107796345194452,Portal Amazonas Virtual,Interativa Serviços de Marketing Ltda,≤100,2
314445481962697,Band Rio,Bruna Marcante Dias,≤100,1
178288385546977,Informe Manaus - Deixando tudo a um clique de distância,Interativa Serviços de Marketing Ltda,≤100,2
269629626488137,Amazônia Passa Aqui,Amazônia Passa Aqui,≤100,7
645930878879905,Pastor Marciano Alves,José Marciano Alves Bezerra,≤100,3
1452263511652954,Câmara de Vereadores de Itajaí,Câmara de Vereadores de Itajaí,≤100,2
103586255620966,Portal O Judiciário,Interativa Serviços de Marketing Ltda,≤100,2
2398669613511168,Vereador Cabo Cassol,Max Rocha,≤100,3
103891845072226,Clínica Psicanálise em Movimento - Clipam,These ads ran without a disclaimer,≤100,1
100223208398813,Musquée,These ads ran without a disclaimer,≤100,2
102765066092634,Joao Bragal,These ads ran without a disclaimer,≤100,2
649566832145349,Informe Digital,Interativa Serviços de Marketing Ltda,≤100,2
100586856242033,Carlos Coelho,Carlos Coelho,≤100,2
282734085677871,Maurício GOMES,Mauricio Gomes,≤100,1
154650907977540,Paulo Mantovani,Paulo Cesar De Souza Mantovani,≤100,1
651655564979252,NewsOeste,NewsOeste,≤100,6
1563118247151513,André Vechi,André Vechi,≤100,4
207518726005432,PSTU Nacional,PSTU,≤100,1
350875841718469,Sindicato dos Metroviários,SindimetrôRS,≤100,1
1336134043206295,Câmara Municipal de Nova Lima,Câmara Municipal de Nova Lima,≤100,1
1399019833557281,Fernanda Machado,These ads ran without a disclaimer,≤100,3
1664625240493495,Alexandro Suchara,These ads ran without a disclaimer,≤100,1
373365589452758,Prefeitura de Pinhais,Prefeitura Municipal de Pinhais,≤100,2
226093730774900,Popular Online,Popular Online,≤100,2
1990589534564935,CMP Brasil,CMP Central de Movimentos Populares,≤100,2
143978839118417,Luciano Vieira,These ads ran without a disclaimer,≤100,1
100605271766364,Zé Neto,ZÉ NETO RECIFE,≤100,2
1882831498509446,Eliel Correa,Eliel Correa,≤100,4
110334640725080,ima.brasil,IMA - Instituto Mulheres da Amazônia,≤100,2
100669435386446,Vereador Vitor Braz,These ads ran without a disclaimer,≤100,3
100708331381368,Lauro Junior,Lauro Junior,≤100,9
458245938056642,LIMPA MEU NOME,Andre Serra,≤100,2
389743524537330,Dr. Jarques,Jarques Da Silva Ii,≤100,1
338672846326510,Deputado Jorge Everton,Jorge Everton,≤100,1
657652651004518,A Hora do Voto,A Hora do Voto,≤100,1
415540188621036,Marco Jean de Oliveira Teixeira - Advogado,Marco Jean de Oliveira Teixeira,≤100,2
104240332591478,Vailson Silva,Vailson Pires Da Silva,≤100,6
107237974489317,fernandoagandrade,These ads ran without a disclaimer,≤100,1
610044405817592,Vinicius Aith,Aith,≤100,1
378338018871752,Gustavo Tutuca,Gustavo Tutuca,≤100,1
297717143679186,Maria Lucia Amary,MARIA LUCIA CARDOSO PINTO AMARY,≤100,1
281156385394652,Atila Jacomussi,Atila Cesar Monteiro Jacomussi,≤100,2
112028581408931,Fast Drywall & Steel Frame Goiania,These ads ran without a disclaimer,≤100,1
102248571167551,Delegada Gleide Ângelo,Gleide Nascimento Angelo,≤100,2
172724889456920,Vinicius Simões,VINICIUS JOSÉ SIMÕES,≤100,2
111091275764781,Prefeitura Municipal Barretos,Hold Comunicação,≤100,1
109863098668466,Larissa Patos,These ads ran without a disclaimer,≤100,2
419379612242834,Geraldo Honorato,Geraldo Honorato Santos De Oliveira,≤100,1
173044412815511,Marcelo Arar,Marcelo Arar,≤100,1
1460558354166610,Dr. Hiran Gonçalves,Hiran Manuel Gonçalves da Silva,≤100,1
100980155340542,Prefeitura de Raul Soares,These ads ran without a disclaimer,≤100,1
365719144012035,Dudu Braga,EDUARDO LÚCIO ÁSSIMOS BRAGA,≤100,2
281900465627497,Fernando Drummond,Fernando Drummond Fernandes,≤100,1
106537248314817,Programa 4 por 4,Brasil Media House,≤100,1
358384060944062,Prefeitura do Rio Grande,AD3Plus,≤100,3
1706235726300831,Geraldo Stocco,Geraldo Stocco,≤100,1
446733592386057,Mais Inclusão no Mundo,Mais Inclusão no Mundo,≤100,1
1686011185008934,Dr. Willian Carvalho Advogado,These ads ran without a disclaimer,≤100,2
114689580408857,Valteir Cruz - Vice Prefeito,Valteir Cruz - Vice Prefeito,≤100,1
108158770898372,Vítor Azambuja,Vitor Santos  De Azambuja,≤100,1
1561397794177163,Assibge/SN - Sindicato nacional dos trabalhadores do IBGE,ASSIBGE SN,≤100,1
103483818151512,Janaina Castro,Janaina Castro,≤100,4
320741841325616,ZonaCurva,Fernando Do Valle Barbosa,≤100,1
265312144321652,Patriarca-Cidadania Italiana,Giuliana Callia,≤100,15
208613133217237,Motiva Cursos Preparatórios,These ads ran without a disclaimer,≤100,1
1890511691240948,Roberto Pereira,Roberto Pereira,≤100,2
111884973858662,Marlina,Marlina Oliveira Schiessl,≤100,1
153628338095740,Zé Nunes,Jose Sidney Nunes De Almeida,≤100,3
500679196780578,Instituto Ekos Brasil,Instituto Ekos Brasil,≤100,6
252808465168613,Vereador Gilson,Vereador Gilson,≤100,4
2419372891669210,MS em Brasília,MS em Brasília,≤100,2
404971013378522,Rato Teixeira,Archeson Teixeira,≤100,2
108530854854863,Transmitindo,TRANSMITINDO.COM.BR,≤100,1
674920165925236,Alessandro Guedes,Alessandro Guedes Dos Santos,≤100,2
1313633058744565,Impulsiona,Instituto Península,≤100,1
1008846355811866,Lincoln Reis,Lincoln Reis,≤100,3
1459364967727482,Comunidade de Silvicultura,Comunidade de Silvicultura,≤100,2
102028188557585,ad.plural,These ads ran without a disclaimer,≤100,1
100372545422728,Gazeta do Povo Negócios,EDITORA GAZETA DO POVO S/A,≤100,2
285614824930610,Carlos Fernandes,These ads ran without a disclaimer,≤100,1
105419250835942,Mulheres no Comando,Mulheres no Comando,≤100,5
107925254152455,Redação Amazônia,REDAÇÃO AMAZÔNIA,≤100,3
101952348338520,agilecredito,Ágile Crédito & Capital,≤100,10
671954492955849,GCM Romário Policarpo,GCM Romário Policarpo,≤100,2
1057366570960060,Secretaria do Desenvolvimento Econômico e Trabalho do Estado do Ceará,These ads ran without a disclaimer,≤100,1
532685216941863,Daniel do Irineu,Daniel Pereira Fonseca Silva,≤100,1
767023926786549,FEAAC SP,Federação dos Empregados de Agentes Autônomos do Comércio do Estado de São Paulo,≤100,5
109118424995773,Endocrinopapers,These ads ran without a disclaimer,≤100,2
108907578040742,Arnaldo Silva,Arnaldo Silva Junior,≤100,2
110190561574954,Inst. Conhecimento Liberta,These ads ran without a disclaimer,≤100,1
101321981647613,Instituto Montese,Instituto Montese,≤100,6
1064437677075671,Blenda Quaresma,Blenda Quaresma,≤100,4
216425768503772,Jorge Lapas,Jorge Lapas,≤100,1
347742876973,ADPF - Associação Nacional dos Delegados de Polícia Federal,Associação Nacional dos Delegados de Polícia Federal,≤100,4
669131069828716,Gustavo Henrique,Gustavo Henrique Leite Feijo,≤100,3
104225195639978,Euskera,Euskera,≤100,1
105830294740129,Projeto CITinova,Social Comunicação,≤100,1
226121024066240,WRI Brasil,WRI Brasil,≤100,1
239624862864871,Relatório Reservado,Hush Comunicação,≤100,1
112838474221607,Vereador Waltinho,Walter Roriz De Queiroz,≤100,1
107751545537146,Meu Melhor Mandato,Emerson Jose Pereira Saraiva,≤100,2
108153514018164,Vereador Roger Knipers,Roger Knipers,≤100,3
404034516327830,Edson Marcusso,Edson José Marcusso,≤100,1
290700375189858,Conselho Regional dos Técnicos Industriais do Rio de Janeiro,CONSELHO REGIONAL DOS TÉCNICOS INDUSTRIAIS DO ESTADO DO RIO DE JANEIRO,≤100,7
100895138405952,embaixadatcheca,These ads ran without a disclaimer,≤100,1
971716929540046,Rubinho Nunes,Rubens Alberto Gatti Nunes,≤100,2
111981764977985,Elton de Castro,Instituto Tavares,≤100,1
103672227930287,Dr Thiago Colpani,thiago jose colpani,≤100,2
608542162983136,Leonardo Cristiano,Leonardo Cristiano De Abreu Ferreira,≤100,1
130165587155201,Ademir Pestana,Ademir Pestana,≤100,2
189037821224252,Tvprefeito,Jardanes Francisco De Barros Oliveira,≤100,1
114566450384026,Tiago Souza,Tiago Souza,≤100,1
257474324428139,Prefeitura de Itapagipe,Município de Itapagipe,≤100,2
287241588030040,Cidade de Presidente Prudente,Prefeitura Municipal de Presidente Prudente,≤100,2
197641483663137,Deputado Antonio Carlos Arantes,Dep. Est. Antonio Carlos Arantes,≤100,3
104603992279533,Pedro Guimarães,These ads ran without a disclaimer,≤100,1
803564043024013,Breno Mendes,These ads ran without a disclaimer,≤100,1
292709121434841,Rossane Patriota,Dioclecio Neto,≤100,3
967860263309706,Sul da Bahia em Ação,MOVIMENTO EMPRESARIAL DO SUL DA BAHIA,≤100,8
917349421786298,Elissandra da Mata,These ads ran without a disclaimer,≤100,1
418655424964828,Johnny Maycon,Johnny Maycon Cordeiro Ribeiro,≤100,1
158429414269490,Eduardo do Blog,Eduardo Ferreira De Oliveira,≤100,1
109755887393846,Rochelle Gutierrez,Rochelle Bazaga,≤100,2
104298494763365,Renata Bravo,Renata Costa Bravo Oliveira,≤100,1
111476948476768,procuradoraadrianacutrim,These ads ran without a disclaimer,≤100,1
105158288929561,Resumo das Coisas,These ads ran without a disclaimer,≤100,1
257139871124597,Max Russi,Max Joel Russi,≤100,2
962615323779536,Progressistas,PROGRESSISTAS - BRASIL - BR - NACIONAL,≤100,2
104876768532978,Luiza Velloso,These ads ran without a disclaimer,≤100,5
106932865599255,theterocha,These ads ran without a disclaimer,≤100,1
616575655188976,Prof. Dilmo Resende,Prof. Dilmo Resende,≤100,1
188723084914969,Paulinho,Paulo Henrique Dalago Muller,≤100,1
102685639231884,Realize.Content,These ads ran without a disclaimer,≤100,1
109035410960136,Tag Gás Br,These ads ran without a disclaimer,≤100,1
227443687329589,Marcos Papa,Marcos Papa,≤100,2
100632958234655,José Paulo Paleari,José Paulo Paleari,≤100,2
101275371333153,Leandro Horlle,Leandro Marciano Horlle,≤100,1
368955627397319,Vereador Marisvaldo,Marisvaldo Gonçalves dos Santos,≤100,1
100202281354678,Saulinho da Academia,Saulo Mariano Rodrigues Neves Junior,≤100,2
420272671479041,Do Carmo,Do Carmo,≤100,2
112565522728826,Big Brother Itaguaí,Big Brother Itaguaí,≤100,1
1476689512570106,Deputado Evandro Araújo,Evandro José da Cruz Araújo,≤100,1
109944254174008,Alex Freitas,Alex Freitas,≤100,2
101698949133179,Thais Cassano - Bequal,Thais Cassano - Bequal,≤100,2
278586735582785,Luciano Rezende,These ads ran without a disclaimer,≤100,1
1561614984133603,Fábio Villa Nova,Fabio Nova,≤100,1
489012484462741,Abrasel,Abrasel,≤100,1
143803862450980,Célio Studart,Célio Studart Barbosa,≤100,1
108680087465346,Marcelo Britto,These ads ran without a disclaimer,≤100,1
1847744682154472,Robério Negreiros,ROBERIO BANDEIRA DE NEGREIROS FILHO,≤100,1
101861558220747,One Passion Mission,One Passion Mission,≤100,2
132041993540289,"LENZ, MACEDO & SEGA ADVOGADOS ASSOCIADOS",Mauricio Santos,≤100,1
106196708183187,Igor Psicólogo,These ads ran without a disclaimer,≤100,1
113197840331191,Comunikey - Agência de Marketing e Publicidade,Iveson Gabriel Basileu De Oliveira Lima,≤100,2
1983786361867363,Delegado Jacovós,Eleição 2022 José Aparecido Jacovós Deputado Estadual,≤100,1
1901525780074995,Portal Pontual,Pontual pesquisas e mídias Eireli,≤100,1
106147539055311,Haroldo Naves,Haroldo Naves Soares,≤100,1
101295059552977,dalcianibitencourt,These ads ran without a disclaimer,≤100,1
599004516880467,ABRIG - Associação Brasileira de Relações Institucionais e Governamentais,Associação Brasileira de Relações Institucionais e Governamentais,≤100,1
104306478127290,Dudu Tavares,EDUARDO DOS SANTOS TAVARES,≤100,4
100583128162780,Polícia 24h AM,mb marketing comunicação e eventos,≤100,1
1513585108888249,Syngenta,Syngenta,≤100,2
1737183009635070,Eduardo Chimenes Advocacia Previdenciária,These ads ran without a disclaimer,≤100,1
110713660776622,Cacá,Carleans Brito,≤100,2
844549288949778,IBPAD - Instituto Brasileiro de Pesquisa e Análise de Dados,IBPAD - INSTITUTO BRASILEIRO DE PESQUISA E ANALISE DE DADOS LTDA - ME,≤100,3
380460338716108,Prefeitura de Araucária,These ads ran without a disclaimer,≤100,2
383685571779039,Lucas Calil,Lucas Calil,≤100,1
1463458067229810,Zenaide Senadora,Zenaide Maia Calado Pereira Dos Santos,≤100,1
676118065842611,Fernando Carneiro,Fernando Carneiro,≤100,1
103509291457794,Pedrinho Salete,Pedro Ulisses Coimbra Vieira,≤100,4
103236888162553,Juca,Joao Eduardo Dos Santos,≤100,1
446611089406242,DDM - Daniella de Melo e Advogados,These ads ran without a disclaimer,≤100,1
149949182164825,Vereador Elber Correa,Elber Correa Da Silva,≤100,2
105134635464611,Welder Rodrigues Lima,These ads ran without a disclaimer,≤100,1
504296886288106,Batermax- O Maximo Em Baterias,These ads ran without a disclaimer,≤100,1
127449717414907,COFIP,COFIP RS,≤100,1
176861049584508,Luiz Henrique Dias,Luiz Henrique Dias Da Silva,≤100,3
103119831394440,Sgt. Byron Estrelas do Mar,Byron Virgilio dos Santos Silva,≤100,1
100401851914569,Future Solar Manaus,These ads ran without a disclaimer,≤100,1
110299807831549,Vem Ser Comerc,These ads ran without a disclaimer,≤100,1
495853807136270,Thiago Silva,Thiago Alexandre Rodrigues da Silva,≤100,1
545455768863454,Filarmônica Estrelas da Serra,These ads ran without a disclaimer,≤100,1
231340784209365,Victor Setaro,Victor Setaro De Alcantara Paixao,≤100,1
117696002951936,Professor Wander,Wander Araujo De Freitas,≤100,1
106896372083988,Mapas Históricos,Diogo Rodrigues,≤100,1
462626590487187,Município de Pato Branco,Thiago Francisco Duda,≤100,1
107622751838892,Roberval Castro,Roberval Castro,≤100,1
105181944939890,apotec.ma,These ads ran without a disclaimer,≤100,1
109479701428623,Vereador Carlinhos Play Boy,Luiz Carlos Do Nascimento,≤100,1
110680361814777,danieleacoelho,These ads ran without a disclaimer,≤100,1
102517631488062,Neto Furini,Elio Furini Neto,≤100,5
539997626054292,Alcântaro Filho,Alcantaro Victor Lazzarini Campos,≤100,1
1254424107999989,Vereador Kiko Brando,Francisco Brando,≤100,1
108682395382235,Denis Moura Dos Santos,These ads ran without a disclaimer,≤100,1
182616463363224,Conecta Gabinete,Conecta Gabinete,≤100,1
1081308168609888,Rafael de Paula,Rafael Paula,≤100,1
320910192098867,Ufficio in Sensa Comunicação,Sensa Comunicação,≤100,2
780064122098434,Vereador Claudinho Neves,Claudio Ferreira De Andrade,≤100,1
113650866857533,Diversitera,Diversitera,≤100,2
122923285036030,Júlia Zanatta,Júlia Zanatta,≤100,1
369898189856650,Rinaldi Digilio,Rinaldi Cesar Digilio,≤100,2
1518216038506999,CRI - Rádio Internacional da China,These ads ran without a disclaimer,≤100,1
115398796969611,Jean-Marcos “Caveira”,Jean Marcos Emmanuel Soares D Cruz,≤100,1
104064514767021,Vereador Oda Jornalista,Oda Jornalista,≤100,1
313093565559804,Pondá Assessoria,These ads ran without a disclaimer,≤100,1
277851768898453,ecalculos.com.br,These ads ran without a disclaimer,≤100,1
109166260746487,Vereador Luizinho  Kanecão,Luiz Carlos Donizete Da Silva,≤100,1
1075197569236018,Marcelo Monteiro,Marcelo Monteiro,≤100,1
101356256096911,ravena_tatuadora,These ads ran without a disclaimer,≤100,1
251565088803687,DRD Advogados,DRD Advogado,≤100,1
583606835056845,Maria do Carmo Lara,Maria Do Carmo Lara Perpetuo,≤100,1
106617988251761,A Máquina Pública,Bernardo Matos,≤100,1
1441337989253528,Hospital Santa Casa de Curitiba,These ads ran without a disclaimer,≤100,1
687020998102569,Vereador Lucas Bob,Lucas Vicente,≤100,1
345451819506447,Ag.xperience,These ads ran without a disclaimer,≤100,1
404028499633505,Pedro Matos,ELEICAO 2022 PEDRO VICTOR COLARES GOMES DE MATOS DEPUTADO ESTADUAL,≤100,1
1598829670166145,Capitão Contar,Renan Barbosa Contar,≤100,1
102691219170147,Breno Garibalde,Breno Garibalde,≤100,1
332744796877450,Valdeci Oliveira,Página Valdeci Oliveira,≤100,1
102338577998826,Fabinho Alerta Verbal,Fabinho Alerta Verbal,≤100,3
112508121426383,Reis & Pacheco,These ads ran without a disclaimer,≤100,1
106148194310430,Jorginho Mota,Jqrge Mota De Oliveira Junior,≤100,1
1532755897054705,TV MAIS,TV MAIS MARICÁ,≤100,2
102147204908106,Vereador Professor Jean Pierre,Jean Pierre Borges De Souza,≤100,1
228301373863551,Agência Pública,Agência Pública,≤100,4
585694021818773,Diogenes Patriota,Diogenes Patriota,≤100,1
174053109444794,Carpegiane Silvestre,Carpegiane Silvestre Da Silva,≤100,2
137565706408514,Prefeitura de Franca,Prefeitura Municipal de Franca,≤100,1
107008675636465,Pé de Pano Loja Geek,These ads ran without a disclaimer,≤100,1
105125782197929,Capellato & Galvão Advocacia e Assessoria Jurídica,Capellato & Galvão Advocacia e Assessoria Jurídica,≤100,1
125180200888742,Instituto Estre,These ads ran without a disclaimer,≤100,1
1439865519619708,Georgeo Passos,Georgeo Antônio Céspedes Passos,≤100,1
500679196780578,Instituto Ekos Brasil,These ads ran without a disclaimer,≤100,1
179345652249974,Eleonora Rosset,These ads ran without a disclaimer,≤100,1
143936459523104,Marcio Santos,Vereador Marcio Santos,≤100,1
286861344662855,Stella Artois,Ambev,≤100,1
445082438900293,Atlas Concursos,Yuri Machado Dos Santos,≤100,1
101643312870696,RJ Empreendimentos,RJ EMPREENDIMENTOS DIGITAIS LTDA,≤100,2
153887365198117,Wellington Santos,Wellington Azevedo Dos Santos,≤100,1
1304553112997097,Renata Zabeu,Renata Zabeu Luz,≤100,1
102482658354895,marciacasm,These ads ran without a disclaimer,≤100,1
2209699192690015,Tanise Sabino,Tanise Pazzim,≤100,1
281294009445473,Bericó,Rafael Da Silva Vasques,≤100,1
101349122508290,Dr Sanquetta,These ads ran without a disclaimer,≤100,3
102804299269494,Professor Gilson de Souza,Professor Gilson de Souza,≤100,3
343871025959499,Chapada News,chapadanews,≤100,1
340146293255692,Gilberto Ramos,Gilberto Ramos,≤100,1
1317841474911169,Luciano Silva,Luciano Silva,≤100,1
108668858515535,delevenatese,These ads ran without a disclaimer,≤100,1
272809098799,Beto Richa,Carlos Alberto Richa,≤100,2
321913575134786,Rodrigo Zucco,Rodrigo Lorenzini Zucco,≤100,2
104026822522031,ka_bss,These ads ran without a disclaimer,≤100,1
102891139329078,advogadoalexcardoso,These ads ran without a disclaimer,≤100,1
101424889466742,GoAll Mobi,These ads ran without a disclaimer,≤100,1
132804480113814,PwC Brasil,Pedro Martins,≤100,3
106078058781751,Advogado Carlos Ferreira,These ads ran without a disclaimer,≤100,3
474659352681433,Scaff,JOSE ANTONIO SCAFF FILHO,≤100,1
100147886236039,mayaragomes.niteroi,Mayara Micaela Alves Gomes,≤100,1
961018944025871,EPPO Cidades Inteligentes,EPPO Cidades Inteligentes,≤100,1
188766024500202,Prefeitura de Novo Hamburgo,Prefeitura de Novo Hamburgo,≤100,2
2012142269028425,Vinícius Mariño - Investidor Sempre em Alta,Dionei Marino,≤100,4
139640876082234,Pés Sem Dor,These ads ran without a disclaimer,≤100,5
101860049874361,Australian Centre,LEANDRO PANTONI FANTINI . W,≤100,1
267264199961398,Change the World Model United Nations,These ads ran without a disclaimer,≤100,1
108165968215634,"Instituto de Responsabilidade Ambiental, Social e Cultural",These ads ran without a disclaimer,≤100,1
214516388756678,Pastor Ascendino Batista,Jonathan Batista Oliveira,≤100,1
170773429643671,"Rádio Alvorada FM 94,9",Rádio Alvorada,≤100,2
1528883990668811,Cepuerj - Centro de Produção da Uerj,Centro de Produção da UERJ,≤100,1
108852410615374,Limpa Fossa Hidro Max,These ads ran without a disclaimer,≤100,1
605586526609438,Vereador Junior Rodrigues,Wanderley Rodrigues De Moraes Junior,≤100,1
212043725820352,Professor Lennon Corezomaé,Lennon Corezomae,≤100,1
102318839471461,Weslei Magalhães Advocacia e Consultoria,WESLEI GOMES DE SOUZA MAGALHÃES,≤100,1
116022053134566,É Rio Preto,É Rio Preto,≤100,1
1616216358664655,Robert Paiva,Robert Jacynto De Paiva,≤100,1
107050695561000,Eduardo Thomaz - Mairinque,Eduardo Thomaz - Mairinque,≤100,1
1363403883811566,Dani Zeponi,These ads ran without a disclaimer,≤100,1
231697550544588,Flavio Morais,Flavio Teixeira Da Silva Morais,≤100,1
232051400160991,Canto Cidadão,Organização para Produção Democratização da Informação Canto Cidadão,≤100,1
127855417296569,O NOVO,JÚLIA PALUMO,≤100,2
1567083363510888,Arthur Spíndola,Arthur Spíndola,≤100,1
1776911452335164,Vereadora Fernanda Garcia,Fernanda Garcia,≤100,1
112679152961907,Calculus Contabilidade e Assessoria,These ads ran without a disclaimer,≤100,2
396626607095420,Magda Mofatto,Magda Mofatto,≤100,1
540623862669654,Deputado José Américo,José Américo DIas,≤100,3
710965159037838,Antônio Francisco Neto,Antonio Neto,≤100,1
108062465226365,manoelvictorfs,These ads ran without a disclaimer,≤100,1
523104468025097,FMU - Polo Araçatuba,These ads ran without a disclaimer,≤100,1
1553861078258517,Editora Geração Digital,These ads ran without a disclaimer,≤100,1
1694222100834813,Marcos Marques,These ads ran without a disclaimer,≤100,2
105010585854285,Metanews,These ads ran without a disclaimer,≤100,1
104723422303077,Cechin Engenharia,Sergio Roberto Cechin,≤100,1
183852188884605,Fábio Moura,Fabio Moura Da Silva,≤100,1
219033621828208,Kleberson Lima,Kleberson Lima,≤100,1
377574165675945,OAB Rondônia,OAB RONDÔNIA,≤100,1
196548557024498,FACESP - Federação das Associações Comerciais do Estado de São Paulo,Facesp,≤100,1
792897527470274,Jornal Contratempo,Jornal Contratempo,≤100,1
608768142880002,Dalmir Junior,Dalmir Junior,≤100,1
113013511417600,Derik Roberto - Advogado,Derik Roberto - Advogado,≤100,3
106452307573162,Professora Vilma Ribeiro,These ads ran without a disclaimer,≤100,1
170196033315118,Vereador Ulisses Marins,Ulisses De Almeida Marins,≤100,1
238230449635488,Farmpro,These ads ran without a disclaimer,≤100,1
447734989107359,Ariel katz,Ariel Pereira Katz,≤100,1
103438224930561,Fabiano - Vereador,Carlos Henrique Suzin Camargo,≤100,1
225349992785733,Macedo & Sega Advocacia Previdenciária,Mauricio Santos,≤100,1
340099566052198,OAB MG Oficial,OAB Minas Gerais,≤100,1
2117844631766178,ABIA - Associação Brasileira da Indústria de Alimentos,These ads ran without a disclaimer,≤100,1
109197825269390,ericabarretoadv,These ads ran without a disclaimer,≤100,1
107794742248141,Mariana Jimenez,Santiago Botero Jimenez,≤100,1
191350447601059,Jornal Rondônia Dinâmica,Jornal Eletrônico Rondônia Dinâmica,≤100,2
111228486891485,Icaro Antonine,Icaro Antonine Oliveira,≤100,1
1119025734836220,Luciano Bertinetti,Luciano Bertinetti,≤100,1
103783715887424,Sonia Aparecida Dos Santos,These ads ran without a disclaimer,≤100,1
100762202653610,Millerkalil,These ads ran without a disclaimer,≤100,2
366915959992127,Luciane Carminatti,Juliana Cardoso,≤100,3
113213631702289,bmlitoralnorte,These ads ran without a disclaimer,≤100,1
1226266534074363,Januário Máquinas,These ads ran without a disclaimer,≤100,1
117560837929024,1julianasousa,These ads ran without a disclaimer,≤100,1
114757837024635,maepretaamarela,These ads ran without a disclaimer,≤100,1
180647136830720,Propaga News,Propaga News,≤100,2
103179011534802,Vanja,Vanja Honorina Aguiar Albino,≤100,1
111969681489912,Vereadora Irmã Rose,Roseli Trappe,≤100,1
100663335130663,Rafaela Martinão,Edivaldo Rossetto,≤100,1
578229998997103,Centro de Direitos Humanos - CDH de Brusque,Centro de Direitos Humanos - CDH de Brusque,≤100,1
1915028175242169,Ana Paula Freiberger,These ads ran without a disclaimer,≤100,1
461969670542154,Juninho Gaspar,These ads ran without a disclaimer,≤100,1
222565664437771,Ana Flavia (page officielle),Ana Flavia De Farias Zenaide,≤100,1
290571231086443,Abrão Filho Banking & Câmbio,Abrão Filho Banking & Câmbio,≤100,1
101209415752805,Agência Regra,Agência Regra,≤100,1
105427358022051,Marcos Friedrich,Marcos Antonio Friedrich,≤100,2
106880955545803,Amanda Laíse Pinaffo - Advogada,Amanda Laíse Pinaffo,≤100,1
268802879881105,Movimento Democracia Pura,Movimento Democracia Pura,≤100,1
104691182445780,Iolita - Clínica de Estética e Saúde,Lara Franco Pizzolatto,≤100,6
108398187611472,Alessandra Domingos - Advocacia,Alessandra Domingos,≤100,1
103998855942730,Amor ao mundo inteiro.,These ads ran without a disclaimer,≤100,1
274475752757898,Luzia Aprígio,Luzia Do Carmo Kapp Da Silva,≤100,1
1932585450361207,Paulo Gaspar Vereador,Paulo Gaspar Vereador,≤100,1
550459698334388,Prefeitura Municipal de Juazeiro do Norte,PREFEITURA MUNICIPAL DE JUAZEIRO DO NORTE,≤100,5
101928459402878,Show Money,NATURALE HEALTH PRODUTOS NATURAIS,≤100,1
265418896861350,A Tribuna MT,A Tribuna MT,≤100,2
171195123041624,Federação Goiana de Municípios - FGM,Federação Goiana de Municípios - FGM,≤100,1
443284123186845,Professor Bruno,Bruno Santos De Medeiros Medeiros,≤100,1
437580643117589,Ivan Silva Vereador,Ivan Silva Vereador,≤100,4
646428579141615,Vereador Bahia do Lava Rápido,Jose Leandro Dos Reis Macedo,≤100,1
742018955991675,Leonardo Dias,LEONARDO DA FONSECA DIAS,≤100,1
252039235333954,EntreLetras Redação - Escola de Redação,These ads ran without a disclaimer,≤100,1
227274370727764,Deputado Ivan Naatz,Ivan Naatz,≤100,1
103305852671816,Wanderson Delmondes,Wanderson Aparecido Delmondes,≤100,1
611089352393703,Rosangela Donadon - Deputada Estadual,Rosangela Henrique Pereira Donadon,≤100,1
670235443076053,Campus Party,These ads ran without a disclaimer,≤100,2
108898865450823,enbragedi,These ads ran without a disclaimer,≤100,1
102718812347801,Beatriz Corrêa,These ads ran without a disclaimer,≤100,2
409169235874186,Tia Adriana Ofc,Adrtana Nogueira Oliveira De Carvalho,≤100,2
855703787865893,Marcos Sobreira,Marcos Marcel Rodrigues Sobreira,≤100,1
280207712721855,Mara Rocha,Mara Rocha,≤100,1
101179625001334,Fernanda Pereira Altoé,Fernanda Elisa Pereira Altoe,≤100,1
114468841450876,marciamatostangua_,These ads ran without a disclaimer,≤100,1
548894025212905,Banda Biss,These ads ran without a disclaimer,≤100,3
104304428170764,Mestech Engenharia Solar,These ads ran without a disclaimer,≤100,1
1450940791842660,Deputado Sperafico,Deputado Sperafico,≤100,1
115172553721431,Perfil Brasil,Grupo Perfil,≤100,1
105511192013532,Pippapolitica,Pippa Mkt Politico,≤100,1
105030014208627,Dalvan Almeida,Dalvan Almeida,≤100,1
348132602237751,Suzano Hoje - hojediario.com,Grupo Hoje de Comunicação,≤100,2
137775936298821,HoneyTrek,These ads ran without a disclaimer,≤100,1
725505594135727,Adventure Escape,These ads ran without a disclaimer,≤100,1
104950084642650,Prof. Olavo A V Alves Ferreira,These ads ran without a disclaimer,≤100,1
1913997825289653,Cal Ribeiro e Teresa Nakamura,Cal Ribeiro e Teresa Nakamura,≤100,1
102798938074522,draedilenegalvao,These ads ran without a disclaimer,≤100,1
101946104864135,Motta e Assumpção Advogados,These ads ran without a disclaimer,≤100,1
108527900910107,Prefeito Gerson Marcato e Vice Jean Carlos - Jaguapitã,Gerson Marcato,≤100,1
111197741463889,nanavianas,These ads ran without a disclaimer,≤100,1
104639868022439,Henrique Alves,Henrique Manoel Alves,≤100,1
100440424845197,Advocacia Previdenciária do zero - Prof. Thony Rennan,These ads ran without a disclaimer,≤100,1
107564198649963,prefeituraitapirangaam,These ads ran without a disclaimer,≤100,1
1347323285284021,Fenamp,FENAMP,≤100,1
100328766978187,Câmara Municipal de Guaxupé,Câmara Municipal de Guaxupé,≤100,2
103562055980977,Fratti Cidadania,These ads ran without a disclaimer,≤100,1
947228942007340,Conar Consultoria,These ads ran without a disclaimer,≤100,1
304936020107271,Abidan Henrique,Abidan Henrique,≤100,1
108650594964450,jarbassoaresjr,These ads ran without a disclaimer,≤100,1
579315889070819,Flávio Cavalcante,These ads ran without a disclaimer,≤100,1
261851382368559,Roberta da Marcação,Roberta Da Silva Bortolini,≤100,1
104939455533127,Sonia Oliveira Beauty,These ads ran without a disclaimer,≤100,1
532962740099017,EC Soluções Tecnológicas,These ads ran without a disclaimer,≤100,1
111416808514340,Mega empréstimos rs,These ads ran without a disclaimer,≤100,1
100250899521649,Vereador JOEL VITOR,These ads ran without a disclaimer,≤100,1
110627101828783,Dev.Pro Global,These ads ran without a disclaimer,≤100,1
415289115679206,Grupo Ibiraçu,These ads ran without a disclaimer,≤100,1
667463076729677,UniGospel,UniGospel,≤100,2
1385724238312957,BIRA Teixeira,These ads ran without a disclaimer,≤100,1
156757601148419,Blog do Sávio Barbosa,Blog do Sávio Barbosa,≤100,1
777852178939323,Vereador Professor Wellington,Professor Wellington Leitão,≤100,1
458055717567581,Márcio Bernardes,Rafael Seabra Santos Giannella,≤100,1
215299685306830,Liza Prado,Liza Prado,≤100,1
103279881545054,Gustavo Araujo,Gustavo Araujo,≤100,1
481700035248845,CHC Advocacia,These ads ran without a disclaimer,≤100,1
223383744823290,Deputado Federal Nicoletti,Antonio Nicoletti,≤100,4
103401678658377,MS POST,These ads ran without a disclaimer,≤100,2
105293154592504,Psi Adriane Cavalcante Magalhães,These ads ran without a disclaimer,≤100,1
379287002146097,Câmara Carlos Barbosa,Câmara de Vereadores de Carlos Barbosa,≤100,1
100912048975738,Kinea Investimentos,These ads ran without a disclaimer,≤100,1
866914893361236,Vereador Victor Palhares,Victor Silva Almeida Palhares,≤100,3
1685294041703090,Márcio Colombo,Marcio Colombo,≤100,1
107707805413967,Dicas Empresariais,These ads ran without a disclaimer,≤100,1
359871157981726,Decorando a Lei Seca,These ads ran without a disclaimer,≤100,1
107948934738434,Vinicius Saudino,Vinicius Saudino,≤100,1
578229998997103,Centro de Direitos Humanos - CDH de Brusque,These ads ran without a disclaimer,≤100,1
446003138926090,SBC EM FOCO,These ads ran without a disclaimer,≤100,1
102666711692400,Anderson Benevides,Anderson Benevides Dos Santos,≤100,2
106640534607071,gandrawallace,These ads ran without a disclaimer,≤100,1
108320831986802,mour.agloria,These ads ran without a disclaimer,≤100,1
103585117974804,Thiago Redondaro,Vereador Thiago Redondaro,≤100,1
362172701284734,"Atitude, Compromisso e Confiança",These ads ran without a disclaimer,≤100,2
197698930267127,Alana,These ads ran without a disclaimer,≤100,1
105981728707325,Amaral & Nobre Advogadas Associadas,These ads ran without a disclaimer,≤100,1
172478909765425,Vereador Paulinho Maiolino,Paulo Henrique Maiolino,≤100,1
110531927317644,Prof. Huelder - Vereador,Huelder Donizete Malagutti Ferreira,≤100,1
110760518457789,advrodrigonascimento,These ads ran without a disclaimer,≤100,1
343810243473973,Uai Digital,Uai Digital,≤100,1
102876909124582,Ramon Corsini,Ramon Pires Corsini,≤100,1
628971393798903,Sensor Brasil,These ads ran without a disclaimer,≤100,1
108147365877214,Canal Futura,These ads ran without a disclaimer,≤100,1
814940925367865,Meta Engenharia Elétrica,These ads ran without a disclaimer,≤100,1
2094268654143391,Coach Vitor Calvi,These ads ran without a disclaimer,≤100,1
106219057921287,Laura Melo Vaccaro - Vereadora,Laura Luiza Oliveira Melo Vaccaro,≤100,1
100381658780941,agencia.brasilia,These ads ran without a disclaimer,≤100,2
1756852677925094,Conrado Luciano Baptista,Conrado Baptista,≤100,1
671568379635840,Ame Brasil,These ads ran without a disclaimer,≤100,1
454408905115623,Editora Ascensão,These ads ran without a disclaimer,≤100,1
107139858805696,Tributário na Prática,These ads ran without a disclaimer,≤100,1
367316530330861,SinHoRes Osasco - Alphaville & Região,SinHoRes,≤100,2
110091161890937,paulospositooficial2,These ads ran without a disclaimer,≤100,1
216302945094085,Condsef,Confederação dos Trabalhadores no Serviço Público Federal (Condsef),≤100,8
100491222417863,Clarissanevesprof,These ads ran without a disclaimer,≤100,1
107008075164642,beatrizcampos.psicologa,These ads ran without a disclaimer,≤100,1
938599402898254,Maryanne Mattos,Maryanne Mattos,≤100,1
101567918733930,Pioneiros do Transporte,These ads ran without a disclaimer,≤100,1
101571945380983,Ong UNA - Uma Nova Atitude,These ads ran without a disclaimer,≤100,1
104796828601379,Fabi Azevedo,These ads ran without a disclaimer,≤100,1
1545014512387873,Professor Lages,José Antonio Correa Lages,≤100,1
101642379421644,Instituto Lima Verde,These ads ran without a disclaimer,≤100,1
100696382828566,blogdowallace,These ads ran without a disclaimer,≤100,1
105864194873657,Vereador Josias Geffer,Ednilson Wolkning,≤100,1
1111998185487401,TERÊ NOTÍCIAS,Bruno Rezende,≤100,1
102899085860442,TEDx ESMPU,These ads ran without a disclaimer,≤100,1
106287755510083,odireitoedopovo,These ads ran without a disclaimer,≤100,1
325242681146804,Tia Nádia,These ads ran without a disclaimer,≤100,1
101877846055356,bilafreitas,These ads ran without a disclaimer,≤100,1
109914248423101,adv.anacarolininogueira,These ads ran without a disclaimer,≤100,1
101224132174465,Doe Óleo,These ads ran without a disclaimer,≤100,1
108782560755928,Movimento Colabora Educação,Victor Pinto Amatucci,≤100,1
961171580741502,Vereador Gordinho Do Povo,Rodrigo Penasso Da Silva,≤100,2
102638889119894,Conexões Grupar,Grupo de Apoio ao Paciente Reumático Brasil,≤100,1
103273558663914,Lelo Maia,These ads ran without a disclaimer,≤100,1
32334159836,Altair,These ads ran without a disclaimer,≤100,1
112826628395583,Chapa 20 - Eleições Sinpol,These ads ran without a disclaimer,≤100,1
106127948914398,Sinobilino Pinheiro,These ads ran without a disclaimer,≤100,1
587458151714913,Professora e Mentora Vandinara Lopes,These ads ran without a disclaimer,≤100,1
509635042524955,Jornal Correio da Zona Oeste II,These ads ran without a disclaimer,≤100,1
1168808356551035,Vereador Dr. Rodrigo Furtado,Rodrigo Cezar Furtado De Almeida,≤100,1
113010013796449,Viterbo&Barroso Advocacia Previdenciária  Especializada,These ads ran without a disclaimer,≤100,1
100949549490342,ronaldobellacor,These ads ran without a disclaimer,≤100,1
102214679395335,Igreen Conect,These ads ran without a disclaimer,≤100,1
210383352904859,Dedicação Delta,These ads ran without a disclaimer,≤100,1
219616558057722,Professor Luciano Palagano,These ads ran without a disclaimer,≤100,1
123982454941493,Gabriel Gomes,Gabriel Gomes,≤100,1
109275807566589,LMW Advocacia,These ads ran without a disclaimer,≤100,1
111564907208638,Maju Rocha,These ads ran without a disclaimer,≤100,1
118695764454036,Leili Saúde e Conhecimento,These ads ran without a disclaimer,≤100,1
358499441419019,Ponte Social - CFB,These ads ran without a disclaimer,≤100,1
101870186166427,O Jornal do ABC,O Jornal do ABC,≤100,1
107418452281147,Paulovetusta de Ibirité/MG,These ads ran without a disclaimer,≤100,1
109171418606499,Corban Digital,Corban Digital,≤100,1
982184008593453,Vereadora Olinda Fiorentin,Olinda Fiorentin,≤100,2
112820200905401,Aldo de Souza,These ads ran without a disclaimer,≤100,1
111473954726851,Gisele Amaral,Gisele Amaral,≤100,1
108904365035534,Luana Doarte,Luana Doarte,≤100,1
445401338988450,Direito Previdenciário com Salomão Boanerges,These ads ran without a disclaimer,≤100,1
110376240353553,Noroeste Solar,These ads ran without a disclaimer,≤100,1
105717700792062,Carrefour,These ads ran without a disclaimer,≤100,1
104172595430500,alineeldebsadvogada,These ads ran without a disclaimer,≤100,1
1394433430864608,GIGOS,These ads ran without a disclaimer,≤100,1
100672368660220,eunadeprov,These ads ran without a disclaimer,≤100,1
640595549389980,Ocanal TV e Famosos,These ads ran without a disclaimer,≤100,1
108349878852852,Educa Profissional Brasil,These ads ran without a disclaimer,≤100,1
243880102298855,O Catequista,These ads ran without a disclaimer,≤100,2
1625000791110116,Caio Vinícius Designer,These ads ran without a disclaimer,≤100,1
244240322271716,Cidade Nova (Ananindeua/PA),These ads ran without a disclaimer,≤100,1
139007399495933,Fundação SOS Mata Atlântica,FUNDACAO S.O.S. PRO-MATA ATLANTICA,≤100,1
104635545707315,HB Empréstimos,These ads ran without a disclaimer,≤100,2
598360290822187,observando.odireito,These ads ran without a disclaimer,≤100,1
1254399511355026,Xavier Advogados,These ads ran without a disclaimer,≤100,1
1793566280910848,Toda Hora,Toda Hora,≤100,1
104589671538071,Elevapromotora,These ads ran without a disclaimer,≤100,1
828433457227421,Clínica Maranatha,These ads ran without a disclaimer,≤100,1
113317298048263,Sol nas Placas - Energia Solar,These ads ran without a disclaimer,≤100,1
194875410645035,UniDomBosco Centro Universitário,DOM BOSCO ENSINO SUPERIOR LTDA,≤100,1
236077996573013,Trinity Cyber Security,These ads ran without a disclaimer,≤100,1
1024840290996769,Lucas Pimenta,Lucas Pimenta,≤100,2
104647824920547,Iara Cadore Dalalbrida,These ads ran without a disclaimer,≤100,1
1702281070013366,Szortyka Leilões,These ads ran without a disclaimer,≤100,1
115142044791656,Devitte Diana,These ads ran without a disclaimer,≤100,1
562971013775693,Praia de Palmas,These ads ran without a disclaimer,≤100,1
2178774292371372,Felipe Bueno,These ads ran without a disclaimer,≤100,1
101802802333435,magnosilvestreoficial,These ads ran without a disclaimer,≤100,1
111215731143869,souvitormartins,These ads ran without a disclaimer,≤100,1
238794010231465,Bolivar Lamounier,These ads ran without a disclaimer,≤100,1
107592348613564,Formando empreendedor,These ads ran without a disclaimer,≤100,1
101963882741437,Ecofleur.br,These ads ran without a disclaimer,≤100,2
289651834402687,Jornal Correio da Zona Oeste,These ads ran without a disclaimer,≤100,1
1922051037835092,Auê - Pole Dance e Circo,These ads ran without a disclaimer,≤100,1
589538104394273,Maringá Histórica,These ads ran without a disclaimer,≤100,1
110125287389799,Fernando da Farmácia,Fernando da Farmácia,≤100,1
103519462419098,washington.andrade2601,These ads ran without a disclaimer,≤100,1
107938898797237,Projeto Paths,These ads ran without a disclaimer,≤100,2
865909470136042,Vereador Helinho,Helio Medeiros Correa,≤100,1
103597027708447,SuperPlanet Games,These ads ran without a disclaimer,≤100,2
2036396273248454,Leandro Chadad Maklouf,These ads ran without a disclaimer,≤100,1
423370457871661,CNA Cambuí-MG,These ads ran without a disclaimer,≤100,1
103250269376914,ericamicheleadv,These ads ran without a disclaimer,≤100,1
363475730402828,Chris Syrus,These ads ran without a disclaimer,≤100,1
114041414915070,Clínica Bela Brasiliense Estética Avançada e Bem Estar,Clínica Bela Brasiliense Estética Avançada e Bem Estar,≤100,1
1634793176787385,GoBuzz,Gobuzz,≤100,1
101725335030118,A Mídias Sociais,These ads ran without a disclaimer,≤100,1
361851743891788,Instituição ICA,These ads ran without a disclaimer,≤100,1
601704843348356,Maurinho de Paula,Maurinho de Paula,≤100,1
104240332591478,Vailson Silva,These ads ran without a disclaimer,≤100,1
177668646193017,Felipe Miranda,These ads ran without a disclaimer,≤100,1
534999546848791,Silvia Oyayemi Shywa Trindade,These ads ran without a disclaimer,≤100,1
475756736256339,Jamil Jorge,These ads ran without a disclaimer,≤100,1
103012142140488,joseantonio.secretario,These ads ran without a disclaimer,≤100,1
104510182195221,stellatbastos,These ads ran without a disclaimer,≤100,1
104720485894282,Ana Paula Bittencourt Mentoria,These ads ran without a disclaimer,≤100,1
107533567555239,Carlos Eduardo do Carmo Junior,These ads ran without a disclaimer,≤100,1
104759567572197,Redação Capixaba,These ads ran without a disclaimer,≤100,1
561073473937544,Emidio de Souza,Emidio Souza,≤100,1
663893610486717,BioWatts Energia Solar,These ads ran without a disclaimer,≤100,2
109330374791440,Norli Carlini Do Brasil,These ads ran without a disclaimer,≤100,1
220441185110006,Deputado Amauri Ribeiro,Amauri Ribeiro,≤100,1
1378217135786970,Jardim dos Limões,These ads ran without a disclaimer,≤100,1
197244410739348,Vereador Magalhães,These ads ran without a disclaimer,≤100,1
110987895170493,mateusbrasill_,These ads ran without a disclaimer,≤100,1
102599312134274,Alternativa Concept LTDA,These ads ran without a disclaimer,≤100,2
105727398407953,FF Adv Digital,These ads ran without a disclaimer,≤100,1
100424335377217,Revin,These ads ran without a disclaimer,≤100,1
372413919796355,Moraes & Caberlon Advogados Associados,These ads ran without a disclaimer,≤100,1
103829662580444,Daniel Lopez,Laiana Cavalcante Regis,≤100,1
110665402343019,Revista Alumínio,These ads ran without a disclaimer,≤100,1
429471440737097,Portal do Oeste do Pará,These ads ran without a disclaimer,≤100,1
116402894694149,Bruna Rodrigues Psicóloga,These ads ran without a disclaimer,≤100,1
628586547316671,Leite & Dayan Consultores Tributários,These ads ran without a disclaimer,≤100,1
304936020107271,Abidan Henrique,These ads ran without a disclaimer,≤100,1
201973111854011,Especialista Reconhecido,These ads ran without a disclaimer,≤100,8
101602467934156,Breno Fonseca,These ads ran without a disclaimer,≤100,1
181731268633980,Dr. Anderson Prudente. Advocacia e Assessoria Jurídica,These ads ran without a disclaimer,≤100,1
240692902959743,Luciano Almeida,Luciano Marcio Santos Almeida,≤100,1
110812557278546,Ccs Engenharia e Soluções Elétricas,These ads ran without a disclaimer,≤100,1
141306599301670,ChildFund Brasil - Fundo para Crianças,These ads ran without a disclaimer,≤100,2
644691802244395,Bordalo,Carlos Bordalo,≤100,1
101715608808670,Judgment Day: Angel of God,These ads ran without a disclaimer,≤100,1
302870096514816,Unabomber,These ads ran without a disclaimer,≤100,1
110463704610731,Cute Kiwi,These ads ran without a disclaimer,≤100,1
51626468389,UNESCO,These ads ran without a disclaimer,≤100,1
491007197579019,Carlos Brandão,Carlos Brandão,≤100,3
110401935102979,brasileirasempoderadas_nomundo,These ads ran without a disclaimer,≤100,1
299049617659402,Lia Sabella,These ads ran without a disclaimer,≤100,1
863482270430913,DGZ Travel Agent,These ads ran without a disclaimer,≤100,1
131052503759881,Câmara de Comércio de Moçambique,These ads ran without a disclaimer,≤100,1
103486405407498,Visit Danzhou,These ads ran without a disclaimer,≤100,1
110379885270483,Silent Cry,These ads ran without a disclaimer,≤100,1
809295265921759,Elisa Robson,ELEICAO 2022 ELISANGELA MACHADO DOS SANTOS DE FREITAS DEPUTADO FEDERAL,≤100,2