﻿Page ID,Page name,Disclaimer,Amount spent (VND)
120235188603455,Thiên Mộc Hương - Agarwood Jewelry,These ads ran without a disclaimer,13878
280124715749325,Sự Thật Về Pháp Luân Công,Sự Thật Về Pháp Luân Công,1747
1129525727077234,Herbalife Nutrition,These ads ran without a disclaimer,949
919479674872321,Báo Nghệ An,Báo Nghệ An,≤100
103504685839697,SÁCH TỔNG HỢP,These ads ran without a disclaimer,≤100
106256777922958,SEA Today News,These ads ran without a disclaimer,≤100
103497027790225,Fonos,These ads ran without a disclaimer,≤100
106368304474162,Beata Drzazga,These ads ran without a disclaimer,≤100