﻿Page ID,Page name,Disclaimer,Amount spent (USD)
147084112022235,La Nouvelle Tribune,La Nouvelle Tribune,102
100132082391393,Houcine Nasrollah الحسين نصر الله,Lhoucine Nasrollah,≤100
1117512094962616,Ministère de l’Industrie et du Commerce,MCINET,≤100
103180295526797,Ministère de l’Equipement et de l’Eau - وزارة التجهيز والماء,M Equipement Maroc,≤100
105483765311416,Arrondissement Communal de Sidi Belyout - مقاطعة سيدي بليوط,Arrondissement communal sidi belyout,≤100
105803785159072,Kenza Chraibi - Officiel,Kenza Chraibi - Officiel,≤100
196448427590617,Parti de l'Istiqlal - حزب الاستقلال,Parti Istiqlal,≤100
334353136587648,L'Observateur du Maroc et d'Afrique,Mehdi Farhi,≤100
101078922404087,الناطق الرسمي باسم الحكومة المغربية,الناطق الرسمي باسم الحكومة المغربية,≤100
338205530623,قناة الحوار - Alhiwar TV,These ads ran without a disclaimer,≤100
161637767281862,LE MATIN.ma,Groupe Le Matin,≤100
122448504996317,Maghreb Intelligence,Maghreb Intelligence,≤100
167254950013774,Rue20.Com,Ayoub Elkouari,≤100
101970812076593,Madar 21 مدار,Madar 21 مدار,≤100
605527566303955,القناة,al9anat.com,≤100
107424440982021,Eekad - إيكاد,These ads ran without a disclaimer,≤100
102570761484258,Asharq Business اقتصاد الشرق,These ads ran without a disclaimer,≤100
1174118549367115,Almoharir,Almoharir,≤100
102281796055155,Almoharir media,Almoharir media,≤100
222957571664804,StudentHub,These ads ran without a disclaimer,≤100
112858818321323,الحدث بالدارجة,These ads ran without a disclaimer,≤100
106827194681183,Africa Equity Media,These ads ran without a disclaimer,≤100
106269725326588,alperilter,These ads ran without a disclaimer,≤100
285530825204,Klitschko,These ads ran without a disclaimer,≤100
102415047928145,Shanghai Electric,These ads ran without a disclaimer,≤100