﻿Page ID,Page name,Disclaimer,Amount spent (TRY)
100910024639566,Ali Babacan,Deva Partisi,319
158829607558395,Milliyetçi Hareket Partisi (MHP),Milliyetçi Hareket Partisi (MHP),166
102095934751904,Deva Partisi,Deva Partisi,101
141870402543282,AK Parti,Ak Parti,≤100
107826985478243,Yakup Türkal,Yavuz Türkmen,≤100
183754020921,Saadet Partisi,Saadet Partisi,≤100
549579538907553,Erhan ÖZHAN I Bünyan I Kayseri,Erhan Ozhan,≤100
111162852275902,Uluslararası Af Örgütü Türkiye Şubesi,Uluslararası Af Örgütü Türkiye Şubesi,≤100
100431406701471,Internethaber,Internethaber,≤100
144295649058307,Ekrem İmamoğlu,Ekrem İmamoğlu,≤100
2028274240749386,Celal Köse,Celal Köse,≤100
2064731740417261,Seyyid Bilal Kabdan,Seyyid Bilal Kabdan,≤100
105606068096395,Manşet 35,Manşet 35,≤100
101700471513125,Kadir Aydın,Kadir Aydın,≤100
180404128680446,Dr. Şadi YAZICI,Dr. Şadi YAZICI,≤100
163370640412446,Bursa,Sosyal TV,≤100
106789305232883,وكالة الشرق الأوسط الإخبارية,وكالة الشرق الأوسط الإخبارية,≤100
106187277979172,Dijital Gaste,Veysel Karahan,≤100
100516989042507,Balıkesir Posta TV,Ahmet Namlı,≤100
108552928182311,Al Sancak Partisi,Nuri Çelebi,≤100
1620080691588973,Serkan SARI,Serkan Sarı,≤100
106433519384639,Haber7,Haber7,≤100
167633913392268,Kolejliler,Fırat Yıldız Ahmet,≤100
104267921764717,Deva Partisi Trabzon İl Başkanlığı,Kubilay Çiçek,≤100
217712041637127,AK PARTi Genel Merkez Gençlik Kolları Başkanlığı,ADALET ve KALKINMA PARTİSİ GENÇLİK KOLLARI,≤100
219031704851494,SAS (Satın Almayın Sahiplenin),Fırat Yıldız Ahmet,≤100
511707202180465,Kangal Aşkk'tır,Fırat Yıldız Ahmet,≤100
1614212022160759,Fehmi Yağlı,Fehmi Yagli,≤100
314386289265240,Ali Zafer İksir,ALİ ZAFER İKSİR,≤100
254579061905181,Dr. Bilal Okudan,Dr. Bilal Okudan,≤100
113944458195273,Rahmi Mete AY,Rahmi Mete Ay,≤100
1777171279177963,Spor Analitik,These ads ran without a disclaimer,≤100
906394629482043,CHP Parti Okulu,CHP Parti Okulu,≤100
298764070816267,Mehmet Tütüncü,Mehmet TÜTÜNCÜ Türkiye Temsilcisi,≤100
101315571670453,Webagron Tarımsal İçerik Platformu,Sude Gelişli,≤100
1572709256359993,İnternethaber TV,HADİ ÖZIŞIK,≤100
283657205667155,Mustafa Ali Fırtına,Mustafa Ali Firtina,≤100
463215923715177,Mehmet Yiğiner,Bekir Koyuncu,≤100
104143732237595,Sürekli Haber,Sürekli Haber,≤100
112868328334173,Turgut Özal,Rahmi Mete Ay,≤100
113229965003082,AK Parti/MHP/BBP Cumhur İttifakı,Erol Cihangir,≤100
104373561467884,Serhat Servet Dövenci,Serhat Servet Dövenci33,≤100
721320084588148,Bağımsız Türkiye Partisi Kadın Kolları,Kübra Kuşbay,≤100
115203036969497,Mehmet Yunus Seven,Mehmet Yunus Seven,≤100
535720086896194,Dr. Ömer Selim Alan,Can Bayram,≤100
104691722197784,صحيفة الاستقلال - العربية,صحيفة الاستقلال,≤100
465887546792664,Halkın Kurtuluş Partisi - HKP,TAYFUR BİN,≤100
103167881182863,Temiz Enerji Haber Portalı,Temiz Enerji Haber Portalı,≤100
979738848890749,Faruk Kılıç,Faruk Kilic,≤100
276652289141318,OSMAN KOZAN,Osman Kozan,≤100
104720632449919,Tbt Tarihte Bugün,Taha Gümüştaş,≤100
1028368393892777,Mehmet Ali Özkan,Mehmet Ali ÖZKAN,≤100
111751313846537,Hülya Erdem,Hülya Erdem,≤100
108230374345347,Kemalist Tartışma Topluluğu,Mahmut Sert,≤100
1414574845504535,Mimar İbrahim Demir chp adana Milletvekili adayı,Mimar İbrahim Demir chp adana Milletvekili adayı,≤100
107184060866156,Limitsiz Bilgi,These ads ran without a disclaimer,≤100
588319621318434,Op.Dr. Mustafa Seven - Samgüdef,Mustafa Seven,≤100
1439683329600228,Ümit Uysal,Ümit Uysal,≤100
1563142747277396,Vecdi Gündoğdu,Vecdi Gundogdu,≤100
190217144502606,Av. Sinan Tekin,Sinan Tekin,≤100
106197277802679,H24,H24,≤100
101055342885787,izbbsosyalprojelerdairesi,These ads ran without a disclaimer,≤100
172802309398509,European Jewish Congress,These ads ran without a disclaimer,≤100
536001309821838,European Link Coalition,These ads ran without a disclaimer,≤100