﻿Page ID,Page name,Disclaimer,Amount spent (JPY)
475681929154100,国連UNHCR協会,国連UNHCR協会,≤100
208661552479830,日本財団,Shigeru Fujita,≤100
102057562724312,自治体実務Webセミナー,自治体実務Webセミナー,≤100
579187028792625,社長と会社の手元現金を増やす仕組みづくりの専門家,社長と会社の手元現金を増やす仕組みづくりの専門家,≤100
104533215755145,ZOE_Japan,ZOE Japan,≤100
239558679475625,株式会社トマス技術研究所,Kenji Fukutomi,≤100