﻿Page ID,Page name,Disclaimer,Amount spent (EUR)
107177612200219,Natalia Chueca,Natalia Chueca,≤100
133044800622,Greenpeace España,Greenpeace España,≤100
256196396278,UNICEF España,UNICEF Comité Español,≤100
1090745367686140,SotySolar,Sotysolar,≤100
159665490863316,Cepsa,"COMPAÑÍA ESPAÑOLA DE PETRÓLEOS, S.A. (CEPSA)",≤100
78151799929,Amnistía Internacional España,Amnistía Internacional España,≤100
47896270298,Iberostar Beachfront Resorts,Iberostar Hotels & Resorts,≤100
366619768708,Plan International España,Plan International España,≤100
467925280299505,Médicos Sin Fronteras España,Médicos Sin Fronteras España,≤100
57845333112,Save the Children España,Save the Children España,≤100
11473659787,Educo,Educo,≤100
132591756789822,Eroski,Laura Lopez Rodriguez,≤100
169915749735403,CEAR,CEAR,≤100
178362315106,European Parliament,European Parliament,≤100
306840072990831,Socios Cruz Roja,Socios Cruz Roja,≤100
1552752551663868,Eduardo Inda,DOS MIL PALABRAS S.L.,≤100
94118672764,ACNUR Comite español,ACNUR Comite español,≤100
20108693880,Oxfam Intermón,Oxfam Intermón,≤100
45817335745,Entreculturas,Entreculturas,≤100
213086312044776,Aldeas Infantiles SOS de España,Aldeas Infantiles SOS de España,≤100
107398917277187,Tu Abrigo Su Vida,Tu Abrigo Su Vida,≤100
1440878759561839,WeMove Europe,WeMove Europe,≤100
119316301478161,Institute for Research in Biomedicine (IRB Barcelona),IRB Barcelona,≤100
821902454827883,Wave Of Change,Wave of Change,≤100
815597255122198,Osoigo,Osoigo,≤100
256196396278,UNICEF España,These ads ran without a disclaimer,≤100
111892984250,Fundación World Vision España,Fundación World Vision International,≤100
101812872336696,Alivia,Fundación Alivia España,≤100
116189118344,Fundación Igualdad Animal,Fundación Igualdad Animal,≤100
95878687102,Fundación Vicente Ferrer,Fundación Vicente Ferrer,≤100
322056604527477,Ecoembes,Ecoembes,≤100
438805149591701,Aldi Supermercados,ALDI Central de Compras,≤100
128142261270017,Fundación Repsol,Fundación Repsol,≤100
251020021637315,Iberdrola,Iberdrola,≤100
150980251722951,Diputación de Zaragoza,Diputación Provincial de Zaragoza,≤100
107336412123257,Business Info,These ads ran without a disclaimer,≤100
244777995534742,Ayuda a la Iglesia Necesitada - ACN España,Ayuda a la Iglesia Necesitada,≤100
245741112112300,Ayuda En Acción,Ayuda En Acción,≤100
228545230545402,Manos Unidas,Manos Unidas,≤100
116415251377378,De Red Eléctrica de España,These ads ran without a disclaimer,≤100
471951929539262,Energia_Vital,Francisco Jose Perez Cuevas,≤100
522165734963300,USR Spania și Portugalia,Partidul Uniunea Salvați România,≤100
269212336568846,Podemos,Podemos,≤100
1772591363067613,Revo Prosperidad Sostenible,Revo Prosperidad Sostenible,≤100
276999106249,Asociación Española Contra el Cáncer,Asociación Española Contra el Cáncer,≤100
115481008480109,LG Global,Good Rebels,≤100
116136108464509,CaixaBank,CaixaBank,≤100
322056604527477,Ecoembes,These ads ran without a disclaimer,≤100
132850536742025,Partido Popular de Aragón,Partido Popular de Aragón,≤100
174696652583261,Fundación Aladina,Fundación Aladina,≤100
107898832590939,European Commission,European Commission,≤100
62645603975,Coches.net,These ads ran without a disclaimer,≤100
107469342282599,Katyau,These ads ran without a disclaimer,≤100
1035516339843936,Relevo Contigo,Relevo Contigo,≤100
147547541961576,Council of the European Union,Council of the European Union,≤100
105901480793722,TotalEnergies,TOTALENERGIES MARKETING ESPAÑA SAU,≤100
152984254897718,The Objective,The Objective Media SL,≤100
111345518007597,Forest Bank,Forest Bank SL,≤100
134590246581400,Parlament Europeu a Barcelona,Parlament Europeu a Barcelona,≤100
113760931412,Acción contra el Hambre España,Acción contra el Hambre España,≤100
106707916656,UPN - Unión del Pueblo Navarro,UPN,≤100
103723114845299,Revista Lengua,PENGUIN RANDOM HOUSE GRUPO EDITORIAL,≤100
392666127586890,OpenMind,BBVA,≤100
121977847837374,ONG Rescate,La Caseta,≤100
101904256167684,Aelēc_es,These ads ran without a disclaimer,≤100
117887575012127,Leche Pascual,Leche Pascual,≤100
209596949081406,Fundación ANAR,Fundación ANAR,≤100
409388396198516,Freeda ES,Freeda Media,≤100
131231529742,Fundación Anesvad,Fundación Anesvad,≤100
104690619568713,"Yo reciclo vidrio, ¿y tú?",Ecovidrio,≤100
741696855903082,Opositatest,Opositatest,≤100
148592109092497,Visibles.org,Visibles.org,≤100
161916260510295,Òmnium Cultural,These ads ran without a disclaimer,≤100
400445143359153,Fundació Silvestre,Fundació Silvestre,≤100
204181456584590,MAPFRE,"Mapfre España, S. A.",≤100
157053154329138,Fundación Vida Sostenible,Fundación Vida Sostenible,≤100
105664031745,UNRWA.es,UNRWA España,≤100
1196196390526965,Facebook Surveys,These ads ran without a disclaimer,≤100
108779735467039,Colegio TS Las Palmas,Colegio Oficial del Trabajo Social de Las Palmas,≤100
267663367485459,Héctor Illueca Ballester,Podemos,≤100
175357075823543,CRIS contra el Cancer,FUNDACIÓN CRIS DE INVESTIGACIÓN PARA VENCER EL CÁNCER,≤100
120104454689359,MAPFRE,MAPFRE,≤100
553983948100016,Músicos por la Salud,Fundación Social District (Músicos por la Salud),≤100
146043418739497,Diari ARA,EDICIO DE PREMSA PERIODICA ARA SL,≤100
84218550998,DKV Seguros,DKV Seguros,≤100
319529068104880,Asociacion Leonesa Simone de Beauvoir,Asociacion Leonesa Simone de Beauvoir,≤100
57973661707,WWF España,WWF España,≤100
796716270345901,Ecoforest,Ecoforest,≤100
113682925342285,Misiones Salesianas,Misionessalesianas,≤100
1811935085732429,Fiet Gratia,ONG DE DESARROLLO FIET GRATIA,≤100
304237293696586,El Turista Digital.The Digital Tourist,Montserrat Teresa Josefa Gascó Alcoberro,≤100
106657974847796,Junior Report,Junior Report,≤100
139153867956,Fundació Pasqual Maragall,Fundación Pasqual Maragall,≤100
171998672850722,REPSOL,REPSOL,≤100
139153867956,Fundació Pasqual Maragall,Fundació Pasqual Maragall,≤100
100459532991862,ActivemRipollet,Agora Grafica,≤100
1476769292552734,Pepe Bernal Gutiérrez,Sonia Pérez,≤100
189715157717723,La Región,La Región,≤100
301484606547864,Champagne Bollinger,These ads ran without a disclaimer,≤100
1038388789518213,PSOE De LOJA,Manuel Jesús Ruiz Molina,≤100
107898832590939,European Commission,These ads ran without a disclaimer,≤100
107585941917299,Futuro,Futuro,≤100
366231438058,Ferrovial,Ferrovial,≤100
105484811020545,Ecólatras,Ecólatras,≤100
105587705334940,Padrinos,FUNDACIÓN JUAN BONAL,≤100
1323466701048852,Acer for Education EMEA,These ads ran without a disclaimer,≤100
341793479830142,Padrinos por la Discapacidad,FUNDACIÓN JUAN BONAL,≤100
70020937349,SEO/BirdLife,SEO/BirdLife,≤100
138311156188297,Fundación Cajasol,Fundación Cajasol,≤100
118125971533624,Ballantine's,These ads ran without a disclaimer,≤100
228606667667157,MPULSE,These ads ran without a disclaimer,≤100
305608429284,EU Environment,These ads ran without a disclaimer,≤100
1566161093633067,Santander Empresas,These ads ran without a disclaimer,≤100
204908063581126,Generación SAVIA,Generación SAVIA - Fundación Endesa,≤100
1259528727434609,Candela en Rama,Candela Blasco Caño,≤100
216290708406257,Alianza por la Solidaridad,Alianza por la Solidaridad,≤100
185401764905507,"CGT Andalucía, Ceuta y Melilla","Confederación General del Trabajo en Andalucía, Ceuta y Melilla",≤100
378362905511080,L'h Espai de Debat,Ana Cortés Garcia,≤100
267264199961398,Change the World Model United Nations,These ads ran without a disclaimer,≤100
100989498230413,Al Descubierto,Adrián Juste Agulló,≤100
478670012154037,Think Then Choose Wisely,These ads ran without a disclaimer,≤100
321450523891,AKU trekking & outdoor footwear,These ads ran without a disclaimer,≤100
321545261296431,Viatjalia Destins,These ads ran without a disclaimer,≤100
308111802620768,Why Tenerife,"SPET, Turismo de Tenerife, S.A.",≤100
55353596297,Antena 3,These ads ran without a disclaimer,≤100
103393671903368,Bornstar Children Center,These ads ran without a disclaimer,≤100
102829172513084,Juan Antonio Lara Martín,These ads ran without a disclaimer,≤100
103641162364804,Ener2Crowd España,These ads ran without a disclaimer,≤100
184495248610674,Montserrat Gascó Alcoberro,Montserrat Teresa Josefa Gascó Alcoberro,≤100
2145793695499686,Coalición Canaria Puntagorda,Coalición Canaria Puntagorda,≤100
169042736456594,All Out,All Out,≤100
111884816857090,Oclove_Ocean Lovers,These ads ran without a disclaimer,≤100
106172784661850,ecoguilty,Carmen Horcajada Rodriguez,≤100
100405788545349,Pescanova Fish Solutions.,These ads ran without a disclaimer,≤100
498775223636895,Miraxess,These ads ran without a disclaimer,≤100
101728058227987,Direnergy,These ads ran without a disclaimer,≤100
144709575593854,EESC - European Economic and Social Committee,EESC - European Economic and Social Committee,≤100
111124808573006,24EU,These ads ran without a disclaimer,≤100
381939052008221,Samir Al-Rifa'i سمير زيد الرفاعي,These ads ran without a disclaimer,≤100
100114088375722,Favelle Favco Group,These ads ran without a disclaimer,≤100
106838408723859,Child Safety On,These ads ran without a disclaimer,≤100
114461534870257,valeryvalery2016,These ads ran without a disclaimer,≤100