﻿Page ID,Page name,Disclaimer,Amount spent (USD),Number of ads in Library
200480966638039,Supremacy 1914,These ads ran without a disclaimer,≤100,2
110463704610731,Cute Kiwi,These ads ran without a disclaimer,≤100,1
8002590959,Rainforest Action Network - RAN,These ads ran without a disclaimer,≤100,2
805499066304399,Centre for International Studies and Development,These ads ran without a disclaimer,≤100,1
75608370019,United States Institute of Peace,These ads ran without a disclaimer,≤100,1
423609701387941,Peachbruh,These ads ran without a disclaimer,≤100,3