﻿Page ID,Page name,Disclaimer,Amount spent (TWD)
148475335184300,Greenpeace 綠色和平 (台灣網站),Greenpeace 綠色和平 (台灣網站),1932
238507146264909,國際特赦組織 台灣分會 Amnesty International Taiwan,國際特赦組織 台灣分會 Amnesty International Taiwan,644
693907914395620,良杯製所 Oolab,良杯製所 Oolab,552
105556085524776,Twpca-台灣野良犬照護協會,Twpca-台灣野良犬照護協會,288
113021403762187,法律協會-債務協商 更生 清算 -全台服務,傢宇 吳,167
241284961029,udn.com 聯合新聞網,udn.com 聯合新聞網,134
327986657268286,高雄市議員李雅靜,廣諺 鄒,125
201785650801,亞洲大學(Asia University Taiwan),亞洲大學,≤100
136185963597716,Cheap,Cheap,≤100
467933563234921,南門書局-網路圖書名店、也有實體店面，誠信可靠！,玉河 孫,≤100
106801464127093,目目非營利 MUVE NPO,目目非營利,≤100
286487218798,遠見雜誌,遠見雜誌,≤100
100269158455411,Wh偉鴻金融貸款中心,傢宇 吳,≤100
124473380937123,勵馨基金會 The Garden of Hope Foundation,勵馨基金會 The Garden of Hope Foundation,≤100
109462390640602,企業勞動法務管理顧問-勞動契約、勞資爭議、勞務健檢、教育訓練、法律事務、法律風險控管,芸廷 林,≤100
177161918975981,基督教芥菜種會,基督教芥菜種會,≤100
100931462920625,Nxhbnd,These ads ran without a disclaimer,≤100
449156429152075,麻吉理財顧問公司,黃詩凭,≤100
101176989480437,九槍 And Miles to Go Before I Sleep,These ads ran without a disclaimer,≤100
2505711192835704,安心貸-貸款理財專家,黃詩凭,≤100
1855418728011324,鏡週刊,鏡週刊,≤100
211730475524462,大陸委員會,大陸委員會,≤100
186593071836,商業周刊（商周.com）,商業周刊（商周.com）,≤100
158025223269,今周刊,今周刊,≤100
1506514762998978,花王微笑心生活,These ads ran without a disclaimer,≤100
1649523455281990,遠山呼喚,遠山呼喚國際貧童教育組織,≤100
113761234998842,温宗諭,博盛侯,≤100
278578939305883,亞太肝臟研究學會,These ads ran without a disclaimer,≤100
390569611008641,願景工程基金會 Vision Project,願景工程基金會,≤100
1212271885604995,社團法人愛的延續公益協會,庭 溢 張,≤100
1212271885604995,社團法人愛的延續公益協會,社團法人愛的延續公益協會,≤100
101297638763256,識媒體,識媒體,≤100
105692292105892,黃士修,Shih-Hsiu Huang,≤100
791870507594526,利樂創新界,利樂創新界,≤100
1610174722594689,鍾易仲  高雄市議員,鍾易仲,≤100
1649151078446134,卓冠廷,冠廷卓,≤100
262531920494874,財團法人金融消費評議中心,財團法人金融消費評議中心,≤100
108696572024879,民視佮你講（Bîn-sī kah lí kóng）,民視新聞,≤100
1487218698275407,南門書局二店-網路特價書店-也有實體店面，價格親民，誠信可靠的老店。（師友文化）,玉河 孫,≤100
171759036215066,創世紀不動產教育訓練中心,Micky  Wu,≤100
547129002067069,杜文中,文中 杜,≤100
439632663513867,Mapless Vision 新趨勢影視產業報,Mapless Vision 新趨勢影視產業報,≤100
277223962685223,Nespresso.TWN,These ads ran without a disclaimer,≤100
322447507832934,文茜的世界周報 Sisy's World News,文耀胡,≤100
436843193180529,Unipapa,Unipapa,≤100
127628276929,天下雜誌,These ads ran without a disclaimer,≤100
103469901828540,挖貝 WaBay,挖貝 WaBay,≤100
235679595900,民視新聞,民視新聞,≤100
104805437969925,JERA 台灣捷熱能源,These ads ran without a disclaimer,≤100
640060652802210,朝陽科技大學招生服務中心,Arex Lee,≤100
104193848228778,PointLife點生活,PointLife點生活,≤100
276861822357066,高金素梅(吉娃斯．阿麗),智葟 陳,≤100
101355918337667,地天泰國際顧問有限公司,地天泰國際顧問有限公司,≤100
215213505975,FUNDAY英語教育,FUNDAY英語教育,≤100
239512030682497,第一手星聞,民視新聞,≤100
104624290080479,張育美,翊斌黃,≤100
1601614166748301,未來Family,These ads ran without a disclaimer,≤100
101718182459153,天秤座戰士,Companionship Digital,≤100
104640252092334,許瑞宏  宏觀思維,許瑞宏,≤100
106118168971467,債務人權益協會 扣薪 協商 更生 清算,傢宇 吳,≤100
219315794887869,聯合報,聯合報股份有限公司,≤100
191690867518507,江啟臣,江啟臣,≤100
2290806454495023,Mangodan芒菓丹,澤嵐 林,≤100
1847777185521418,放言 Fount Media,放言科技傳媒股份有限公司,≤100
110699089014688,三立新聞,三立新聞,≤100
1535242033367738,台灣知識種子計畫,台灣知識種子計畫,≤100
354149841356884,哈本咖啡 Happen Coffee,林奕丞,≤100
810120492410745,全國教育產業總工會,全國教育產業總工會,≤100
282131515802876,新北民政保平安,采威國際資訊股份有限公司,≤100
110125264121324,自由路上藝術節,林冠億,≤100
679518422104905,民視全球新聞,民視新聞,≤100
106884252092730,恆好玩｜永續行動平台,恆好玩｜永續行動平台,≤100
103141681121150,城市學,遠見雜誌,≤100
938117856232411,康寧大學,惠玲高,≤100
101576862144790,工程師看政治,玄超 黃,≤100
556809414798107,綠獎 Eco Echo Award,These ads ran without a disclaimer,≤100
105742975534267,吳明宜,吳明宜,≤100
180903242083235,台灣動物平權促進會 TAEA,台灣動物平權促進會 TAEA,≤100
352894958383672,三時生活實驗室 San Shi Living Lab,These ads ran without a disclaimer,≤100
248954465174600,TOYOTA Taiwan,TOYOTA Taiwan,≤100
188358792124,聯經出版,聯經出版,≤100
103803121479657,股科醫生,These ads ran without a disclaimer,≤100
128818803902,兩岸犇報,兩岸犇報,≤100
569626243213799,生鮮時書,生鮮時書,≤100
2199675410320212,台灣制憲基金會 TNC,台灣制憲基金會 TNC,≤100
102429412411676,桃園市新住民培力中心,桃園市新住民培力中心,≤100
100900089572253,賤民賤解,賤民賤解,≤100
122912938347467,歐陽霆,霆 歐陽,≤100
1629474157289221,小牛頓,小牛頓科學教育有限公司,≤100
226660410787355,民視體育新聞,民視新聞,≤100
465616346853075,RE-THINK 重新思考,RE-THINK 重新思考,≤100
107162861090654,法律協會-前置協商  更生 清算  免費諮詢,Yaya Lin,≤100
228519200496056,台灣人壽讚,These ads ran without a disclaimer,≤100
1409006279407668,美麗而剽悍 婦產科女醫 新竹竹北 張瑜芹醫師,荏傑 楊,≤100
1549881451947136,林筱淇,筱淇 林,≤100
103032645529885,菱傳媒,菱傳媒,≤100
1645501069043806,科科性別,國立高雄師範大學,≤100
107982601574746,書評書目Taiwan Review of Books,書評書目Taiwan Review of Books,≤100
1539555259465968,陳賢蔚,賢蔚 陳,≤100
100919304770294,開根好 SquareGood,妍孜 陳,≤100
467933563234921,南門書局-網路圖書名店、也有實體店面，誠信可靠！,These ads ran without a disclaimer,≤100
1627016040846724,謝志忠　幫您講話,志忠 謝,≤100
481065478629613,The News Lens 關鍵評論網,The News Lens 關鍵評論網,≤100
1621835121361449,陳超明-阿明哥粉絲團,超明 陳,≤100
157825744293951,The Garden of Hope Foundation- International Affairs 勵馨基金會國際事務,The Garden of Hope Foundation- International Affairs 勵馨基金會國際事務,≤100
112571907179969,玩霸教育,思揚 蘇,≤100
514665285645225,報時光UDNtime,These ads ran without a disclaimer,≤100
113791200340934,經典公益郵舍-跟著韓老師玩轉收藏世界,孟達 韓,≤100
114159468223784,張建焜-行動發光 照亮青商,林杰,≤100
593374924100942,經濟民主連合,社團法人經濟民主連合,≤100
105961094120160,老師雞 何景榮,景榮 何,≤100
664175463714845,50+：用新的方法，創造自己的理想老後,50＋好好：用新的方法，創造自己的理想老後,≤100
108465872157182,亞細亞精準數據,亞細亞精準數據,≤100
521176024619313,花輪哥,傑齊 黃,≤100
172439553380688,躲起來,These ads ran without a disclaimer,≤100
1501887220103594,台灣女人連線．台灣女人健康網,台灣女人連線,≤100
725501890978632,游淑慧 台北市議員,游淑慧,≤100
1503745219913314,"孫大千Sun, Ta-Chien","孫大千Sun, Ta-Chien",≤100
1553668178254881,淨毒五郎 Chef Clean,志強靳,≤100
127628276929,天下雜誌,天下雜誌,≤100
104303444906468,Haier海爾全球廚衛家電專家,Haier海爾全球廚衛家電專家,≤100
1666902633528033,桃園市政府青年事務局,桃園市政府青年事務局,≤100
100162286113665,台灣隊．挺台灣,台灣隊,≤100
743100072477291,台中市議員何文海,文海 何,≤100
109358201564879,反廢死Q&A,天恩鄭,≤100
490158560999121,MR. LIVING 居家先生,These ads ran without a disclaimer,≤100
121712557538239,Jjxydi-ua,These ads ran without a disclaimer,≤100
106745212203354,Bwertpy-W-MY,These ads ran without a disclaimer,≤100
419217714880192,TVBS娛樂頭條,These ads ran without a disclaimer,≤100
105113684736305,StreamsGallery,These ads ran without a disclaimer,≤100
112147945098950,upwomxn,These ads ran without a disclaimer,≤100
120527968028422,靈鷲山教育網,These ads ran without a disclaimer,≤100