﻿Page ID,Page name,Disclaimer,Amount spent (HUF)
102414628645144,Korondy Tamás,Megafon,37141
286759004682537,Tranzit,Kommentár Alapítvány,20299
776079922494181,Apáti Bence hivatalos oldala,Megafon,19982
503614639975773,Trombitás Kristóf,Megafon,19045
109217671008015,A kopasz oszt,Megafon,16049
118152054556475,Deák Dániel,Megafon,10327
543788999005363,ORIGO,Mediaworks Hungary Zrt.,9807
104359131558815,KonVerzió,Megafon,8852
224274995688487,Bohár Dániel - Riporter,Megafon,8511
110149601578231,GeriJoca,Megafon,7967
135049793193159,IH Rendezvényközpont,Green Team Event & Marketing Kft.,7774
169599166463839,Demokratikus Koalíció,Demokratikus Koalíció,7115
278117815576023,EU Justice and Consumers,EU Justice and Consumers,7067
187301974635606,Gyurcsány Ferenc,Demokratikus Koalíció,6487
191461774219575,hirado.hu,hirado.hu,5882
248172631940,Mandiner,Mediaworks Hungary Zrt.,5017
167604093409160,Promenad24,Dél-alföldi Média Centrum Kft.,4728
258636010813346,Delmagyar.hu,Mediaworks Hungary Zrt.,4638
326635018181862,Magyar Nemzet,Mediaworks Hungary Zrt.,3520
178362315106,European Parliament,European Parliament,2981
109503892404998,Világgazdaság,Mediaworks Hungary Zrt.,2917
331580946799,Borsonline - Bors Szórakoztató Napilap,Borsonline - Bors Szórakoztató Napilap,2492
1534911313439123,Ripost,Ripost,2072
142116653162328,Márki-Zay Péter,Márki-Zay Péter,1801
408924035951553,Körforrás,Körforrás,1562
131283758531,HVG,HVG Kiadó ZRt.,1445
1848441158737473,Szegeder.hu,Szegeder.hu Alapítvány,1380
778538352344518,Hollik István,Fidesz,1262
47198507012,LMP - Magyarország Zöld Pártja,LMP - Magyarország Zöld Pártja,1203
264517713636590,PestiSracok.hu,PestiSrácok.hu,1197
594088897289853,Alapjogokért Központ,Alapjogokért Központ,1108
153992771336740,Origo Sport,Mediaworks Hungary Zrt.,1071
110056758082933,Mihálffy Béla,Mihálffy Béla,866
108346693873484,Győrffy Balázs,Győrffy Balázs,824
265672590604606,Makronóm.Blog,Makronóm.Blog,808
106280224056208,Gelencsér Ferenc,Momentum Mozgalom,767
1265353903615539,Oeconomus,Oeconomus,747
1239893846155692,Tompos Márton,Momentum Mozgalom,733
150219742265121,Bedő Dávid,Bedő Dávid - Momentum,679
103294948505659,Szánthó Miklós,Szánthó Miklós – Alapjogokért Központ,596
289633770813,UNICEF Magyarország,UNICEF Magyar Bizottság Alapítvány,589
451844608304228,Metropol,Metropol,588
162344823835042,atlatszo.hu,atlatszo.hu,585
112694594992064,Mehr Licht,Mehr Licht,560
102426795954406,Nobilis Márton,Nobilis Márton,550
109528965046103,MCC Feszt,Mathias Corvinus Collegium,545
193702058028595,Lázár János,Lázár János hivatalos oldala,541
123910440019,Renew Europe,Renew Europe Group,541
1584646591763647,Kanász-Nagy Máté,LMP - Magyarország Zöld Pártja,524
447204268797621,RTL.hu,RTL.HU,498
345496092135627,Hír TV,Mediaworks Hungary Zrt.,494
152408681635243,Hírklikk.hu,Hírklikk.hu,463
851784814892644,Simicskó István,KDNP frakció,462
35634348348,Greenpeace Magyarország,Greenpeace Magyarország,452
159358537423212,KAVOSZ - Széchenyi Kártya Program,These ads ran without a disclaimer,430
506348326210466,Ungár Péter,LMP - Magyarország Zöld Pártja,427
44847086574,Amnesty International Magyarország,Amnesty International Magyarország,382
274886867487,Origo Tudomány,Mediaworks Hungary Zrt.,382
146599018696771,NATO,NATO,373
215138878595900,Európai Bizottság Magyarországi Képviselete,Európai Bizottság Magyarországi Képviselete,373
307618232709851,Hidvéghi Balázs,Fidesz - Magyar Polgári Szövetség,357
287770891404,Jobbik-Konzervatívok,Jobbik Magyarországért Mozgalom,351
143151351544,Színházi Olimpia 2023 / Theatre Olympics 2023,Szinházi Olimpia Nonprofit Kft.,351
191946490841225,Dúró Dóra,Mi Hazánk Mozgalom,343
211156277497,WWF Hungary,WWF Hungary,335
108248022589754,Bosch Magyarország,Bosch Magyarország,332
457609140942597,Baptista Tevékeny Szeretet Misszió - BTESZ,Baptista Tevékeny Szeretet Misszió,328
490030231058740,444,Magyar Jeti Zrt - 444.hu,281
304448239602944,Minden Doboz Visszajár,Minden Doboz Visszajár,270
1215492498464496,Angyal Károly,Angyal Károly,258
76945222898,Startlap,Central Médiacsoport Zrt.,254
102186064905787,Zöld Követ Egyesület,Zöld Követ Egyesület,245
887921287887805,Király Nóra,Király Nóra,237
191946490841225,Dúró Dóra,Dúró Dóra,225
1408906262689093,Nyitrai Zsolt,Fidesz,224
1377431695828132,Nagy István,Dr. Nagy István,220
132593883577930,Dr. Keresztes László Lóránt,LMP - Magyarország Zöld Pártja,219
221761091331222,Danube Institute,Danube Institute,218
788960034452071,Potápi Árpád János,Potápi Árpád János,211
503752419992103,Sebők Éva,Momentum Mozgalom,198
109306435499597,Szabad Vonalzó,Humán Platform,193
105774734948091,Hungarian Conservative,Hungarian Conservative,193
105455867750317,State of Poland,These ads ran without a disclaimer,192
1215492498464496,Angyal Károly,LMP - Magyarország Zöld Pártja,169
267674610816415,Dóczi Péter,Alternatíva párt,168
1926735160968885,Válasz Online,Válasz Online,159
2488214764737159,Pusztai Patrik,These ads ran without a disclaimer,146
102641477991941,bahir.hu - BAHÍR,Zöld Baranya Egyesület,142
131797633528377,Jávor Benedek,Párbeszéd Magyarországért,138
237088069704442,Kósa Ádám,"Adam Kosa, Member of the European Parliament",133
106236922109249,Hajnal-2026,Hajnal-2026,129
102401058671244,Készpénzmentes Zóna,Uniomedia Kommunikációs Ügynökség Zártkörűen Működő Részvénytársaság,129
222720184518334,Font Sándor,Font Sándor,125
303640261940,Nemzeti Sport Online,Mediaworks Hungary Zrt.,123
670269189782610,Ficsak - Fiatal Családosok Klubja,Fiatal Családosok Klubja,115
2488214764737159,Pusztai Patrik,Pusztai Patrik,115
421262681731198,Vasarnap.hu,Kovács K. Zoltán Alapítvány,115
1920158678081160,Nemzetpolitikai Államtitkárság,Nemzetpolitikai Államtitkárság,107
108271407361251,Transzparens Újságírásért Alapítvány,Transzparens Újságírásért Alapítvány,105
1869511526651884,Zsigmond Barna Pál,Fidesz,102
519279158277826,Szülői Hang,Szülői Hang,101
267882727864,Kubatov Gábor,Fidesz,≤100
206829842043,Rétvári Bence,Rétvári Bence,≤100
358624704555983,Dr. Hörcsik Richárd,Fidesz,≤100
113375923695023,Fidesz Budapest,Fidesz Budapest,≤100
18562323874,Élet és Irodalom,Élet és Irodalom,≤100
100290458877103,Audax Renewables Hungary,Audax Renewables Hungary,≤100
142695722442067,Napvilág Kiadó,Napvilág Kiadó,≤100
156847374371871,Szabó Tímea,Párbeszéd Magyarországért,≤100
105989251030036,Finniskola - sétálva tanulunk,These ads ran without a disclaimer,≤100
101256371759076,Corvinák,Mathias Corvinus Collegium Alapítvány,≤100
113684438795574,Párbeszéd - Zöldek,Párbeszéd Magyarországért,≤100
527351247377965,European Committee of the Regions,European Committee of the Regions,≤100
451084968283411,Klímainnovációs Közösség,PANNON Pro Innovációs Kft.,≤100
115562461467601,Ferenczi Norbert,Ferenczi Norbert,≤100
284539768641112,Eurofins- Független Laboratórium,These ads ran without a disclaimer,≤100
105666454157523,Szikra Mozgalom,Szikra Mozgalom,≤100
100452852734271,Startlap - Vásárlás tippek,Central Médiacsoport Zrt.,≤100
76748198685,Budapest Pride,Budapest Pride,≤100
1671533653104519,Kele János,Kele János,≤100
348148758663062,Indahouse Hungary,InDaHouse Hungary Egyesület,≤100
2407809316170057,Szendefy Mária - LMP,LMP - Magyarország Zöld Pártja,≤100
202099276507678,24.hu,24.hu,≤100
107123677458699,Külpologika,Külpologika,≤100
109565208474856,Startlap - Utazás tippek,Central Médiacsoport Zrt.,≤100
132565735893,Policy Solutions,Policy Solutions Nonprofit Kft.,≤100
113183730045421,Momentum Klímakörök,Momentum Mozgalom,≤100
108451157164006,Fejlesztési és Innovációs Tanácsadó Management,These ads ran without a disclaimer,≤100
159889247536834,Hírstart,Central Médiacsoport Zrt.,≤100
100299381703981,Ps TV,PestiSrácok.hu,≤100
100609808517630,Drogkutató Intézet,Drogkutató Intézet Nonprofit Korlátolt Felelősségű Társaság,≤100
85568463466,Mérce,Mérce,≤100
320645820787,Haszon magazin,Haszon magazin,≤100
200615179974476,Tégy az abortusz ellen,Tégy az abortusz ellen,≤100
111039861671286,Demokratikus Lendület - DEL,Demokratikus Koalíció,≤100
1443354815880657,Salacz László,Salacz László,≤100
1693538404064465,Magyar Hang,Magyar Hang - A Túlélő Magazin,≤100
92932085233,TASZ,TASZ,≤100
264210363649459,Élő Norbert,Élő Norbert,≤100
694941900537141,Ágh Péter,Fidesz,≤100
186937904681332,Szabó Rebeka,Párbeszéd Magyarországért Párt,≤100
103141961544400,Future of Debrecen,Future of Debrecen Egyesület,≤100
197203437879379,Szaniszló Sándor,Pestszentlőrinc-Pestszentimre polgármestere,≤100
150836998898897,aHang,aHang,≤100
120800934626447,United Way Magyarország,United Way Magyarország,≤100
293410494975,Republikon Intézet,Republikon Intézet,≤100
104687309181170,Export.hu,These ads ran without a disclaimer,≤100
268042136672212,Századvég,Századvég Közéleti Tudásközpont Alapítvány,≤100
783482538679312,Radics Béla,Radics Béla,≤100
108321735570338,Védd A Tényeket,Zachor Alapítvány,≤100
103492610994760,Tetlák Örs,LMP - Magyarország Zöld Pártja,≤100
128884360624104,Bóna Zoltán,Bóna Zoltán,≤100
375972093010817,Turgonyi Dániel,Turgonyi Dániel,≤100
115403344824484,Ratio Műhely,Ratio Műhely,≤100
108087758588692,Talabér Krisztián Nézőpontja,Nézőpont,≤100
481510085233995,Tarjáni Fészek,Tarjáni Fészek,≤100
103574552157896,Friot  Yacht,These ads ran without a disclaimer,≤100
1567420900021321,Kara Ákos,Kara Ákos,≤100
14792493292,Magyar Kétfarkú Kutya Párt,Magyar Kétfarkú Kutya Párt,≤100
124442815810276,Modern Férfipolitikáért Mozgalom,These ads ran without a disclaimer,≤100
116609705085092,BP18,BP18,≤100
191815250903223,"Kondoros - Hírek, képek és videók a múltból és a jelenből","Kondoros - Hírek, képek és videók a múltból és a jelenből",≤100
108625789179165,Soi Dog Foundation,These ads ran without a disclaimer,≤100
1417693954961034,Nario,These ads ran without a disclaimer,≤100
80760668265,Valamar All You Can Holiday,These ads ran without a disclaimer,≤100
144709575593854,EESC - European Economic and Social Committee,EESC - European Economic and Social Committee,≤100
267353906619818,Mr. Gugu & Miss Go,These ads ran without a disclaimer,≤100
147547541961576,Council of the European Union,Council of the European Union,≤100