﻿Page ID,Page name,Disclaimer,Amount spent (USD)
293384094915450,جريدة الحراك الإخباري,جريدة الحراك الإخباري,≤100
89529786318,Elizabeth Glaser Pediatric AIDS Foundation,These ads ran without a disclaimer,≤100
158714780827513,UNFPA,These ads ran without a disclaimer,≤100
897091320427120,LSE International Inequalities Institute,These ads ran without a disclaimer,≤100
419971021493700,Whisper2-9.13,These ads ran without a disclaimer,≤100
107366035999804,Kaspersky,These ads ran without a disclaimer,≤100
1129445490476594,La Tribune Afrique,These ads ran without a disclaimer,≤100
754311031276333,Euro-Med Women Network,These ads ran without a disclaimer,≤100
297115847031767,Get Deen,These ads ran without a disclaimer,≤100
107944608042253,الصفحة الرسمية للنائب الدكتور بوجلطية ناصر,الصفحة الرسمية للنائب الدكتور بوجلطية ناصر,≤100
100206326198319,Presse Express,Presse express,≤100