﻿Page ID,Page name,Disclaimer,Amount spent (EUR)
39435457457,Greenpeace France,Greenpeace France,104
100160149099313,Justice Initiative,Justice Initiative,≤100
139331629464336,EDF,EDF,≤100
9025047571,Amnesty International France,Amnesty International France,≤100
79566127213,Challenges,Challenges.fr,≤100
106626487721376,Amazon Europe,Amazon France,≤100
356249061848869,Maison de ma région - Béziers,La Région Occitanie / Pyrénées-Méditerranée,≤100
384955301529344,Institut du Cerveau - Paris Brain Institute,Institut du Cerveau - Paris Brain Institute,≤100
26907085049,Scouts et Guides de France,Scouts et Guides de France,≤100
335868279790722,CIWF France,CIWF France,≤100
123875660969932,ENGIE,ENGIE,≤100
134397719934709,Institut pour la Justice,Institut pour la Justice,≤100
114676815236667,AIDES,AIDES,≤100
840901192703231,Groupe Identité et Démocratie - France,Groupe Identité et Démocratie - France,≤100
113579678698073,La SPA - Société Protectrice des Animaux,La SPA - Société Protectrice des Animaux,≤100
135590433555491,Diffuz Solidaire,MACIF,≤100
1598764970362891,Jordan Bardella,Jordan Bardella,≤100
178362315106,European Parliament,European Parliament,≤100
14053295787,Oxfam France,Oxfam France,≤100
2436681856374478,Maison de ma région - Carcassonne,La Région Occitanie / Pyrénées-Méditerranée,≤100
154354434913039,LUMA Arles,LUMA Arles,≤100
278641698813937,Fondation Raoul Follereau,Fondation Raoul Follereau,≤100
106554597767346,UNHCR France,UNHCR France,≤100
252417390706,APF France handicap,APF France handicap,≤100
1443381465794244,Maison de ma Région - Narbonne,La Région Occitanie / Pyrénées-Méditerranée,≤100
152835304742765,Les Petits Frères des Pauvres,Les Petits Frères des Pauvres,≤100
328157150830,Fondation Perce-Neige,Fondation Perce-Neige,≤100
81753537108,TotalEnergies,TotalEnergies,≤100
357983288407053,Julien Rancoule - Député de l'Aude,Julien Rancoule - Député de l'Aude,≤100
116070051527,Mediapart,Mediapart,≤100
145664313583,AVSF - Agronomes & Vétérinaires Sans Frontières,AVSF - Agronomes et Vétérinaires Sans Frontières,≤100
197118360320055,ONE France,ONE Fr,≤100
105783368004585,La Méridionale - Tanger Med,La Méridionale,≤100
54309785742,Fondation pour la Nature et l'Homme,Fondation pour la Nature et l'Homme,≤100
100140410085507,350 France,350 France,≤100
147126052393,Libération,Libération,≤100
1620638098209175,SOS MEDITERRANEE France,Solimut Mutuelle de France,≤100
305982272814433,Jean Paul Garraud,Jean Paul Garraud,≤100
107952054291157,AED - Aide à l'Eglise en Détresse,AED - Aide à l'Eglise en Détresse,≤100
124821480532,Max Havelaar France,Max Havelaar France,≤100
154912951193067,Médecins Sans Frontières / MSF,Médecins Sans Frontières,≤100
100255681599847,Veolia France,Veolia,≤100
730681673751055,"Médicis, la mutuelle retraite des indépendants et entrepreneurs",Mediaplus France,≤100
101840952495180,Common Good Summit,Challenges,≤100
112547358788607,CCFD-Terre Solidaire,CCFD-Terre Solidaire,≤100
1030528233746321,Le mouvement,le mouvement,≤100
291803297264,Action Education - en français,Aide et Action - Officiel,≤100
176663393102,La Cimade,La Cimade,≤100
1891306977793412,France Alzheimer et maladies apparentées,France Alzheimer et maladies apparentées,≤100
144248248998626,Vivre et Aimer France,Vivre et Aimer France,≤100
103804191671034,Tilt,"Tilt, une initiative de l'AFD",≤100
113096307692289,ADF International France,ADF International,≤100
382775905162847,Unlock France,Agir pour le climat,≤100
910916945628993,Explore Découverte,Explore Media,≤100
111813051744,ACTION ENFANCE,ACTION ENFANCE,≤100
190767987677923,Institut Curie,Institut Curie,≤100
120780477955028,Secours populaire,Secours populaire,≤100
360872824739466,Fondation Française de l'Ordre de Malte,Fondation Française de l'Ordre de Malte,≤100
801651953289918,La Société Française des Monnaies,Société Française des Monnaies,≤100
1684441541609223,Pour l'Éco,Pour l'Éco,≤100
364936960317601,Mondafrique,Mondafrique,≤100
108961334029224,Ekō en français,Ekō,≤100
208598842537710,KMBO,KMBO,≤100
2424950557563209,makesense,makesense,≤100
124635890909275,Apprentis d'Auteuil,Apprentis d'Auteuil,≤100
566508133498745,Klorane Botanical Foundation,Klorane Botanical Foundation,≤100
1150185098382760,Fraternité générale,Fraternité générale,≤100
21254500749,Rassemblement National,Rassemblement National,≤100
395919323779707,CRIF,Crif,≤100
475614645800988,Pour une santé solidaire – Solimut Mutuelle de France,Solimut Mutuelle de France,≤100
413401852112275,La Mie de Pain,LA MIE DE PAIN,≤100
162383987105585,Association Valentin Haüy - AVH,Association Valentin Haüy - AVH,≤100
426832457756357,Mes Soutiens,ORIXA MEDIA,≤100
113089168802178,UMIH Vaucluse,UMIH 84,≤100
54568872127,Association Un enfant par la main,Un Enfant par la Main,≤100
155317537884626,Ordre de Malte France,Ordre de Malte France,≤100
241694996718264,NF Habitat,Cerqual,≤100
145392792632,WWF-France,WWF-France,≤100
625616024204368,DIGNITE international,Dignite International,≤100
219062948053,Alternatives économiques,Alternatives Economiques,≤100
123674940994027,Revue Esprit,Revue Esprit,≤100
105433001916166,Brut.Adnetwork,BRUT SAS,≤100
220098248063927,Samusocial de Paris,Samusocial de Paris,≤100
201716123952571,Mon épargne et moi,Natixis Investment Managers,≤100
108287895472317,GRDF Occitanie et Nouvelle-Aquitaine,GRDF Occitanie et Nouvelle-Aquitaine,≤100
1165729723477945,Moniwan,Moniwan,≤100
403007780216717,En immersion,O tempora,≤100
499591003464356,Groupe Atlantic,Groupe Atlantic,≤100
105391268907831,Thibaut François,Thibaut François,≤100
754644594590474,Soulager mais pas tuer,Soulager Mais Pas Tuer,≤100
1415350452093573,ONU Femmes France,ONU Femmes France,≤100
107741745508015,Éric Minardi,Eric Minardi,≤100
489492277865574,SDI Syndicat des Indépendants et des TPE,SDI Syndicat des Indépendants et des TPE,≤100
1851927498383009,Apnée Swimwear,Apnée Swimwear,≤100
144435342299306,La Méridionale,La Méridionale,≤100
618145235013084,Fondation Terre Solidaire,Fondation Terre Solidaire,≤100
1652135125077420,Énergie Solidaire,Énergie Solidaire,≤100
1643393112549158,JHR Films,JHR FILMS,≤100
543099962534877,Renaissance,Renaissance,≤100
108543658680802,Le mouvement Être-là,Être-là,≤100
605162679563585,L'Echo du Mardi,L'Echo du Mardi,≤100
119606718113453,Lagazette.fr,Infopro digital,≤100
123316887684644,Marine Le Pen,Rassemblement National,≤100
208868999155447,UNADEV - Union Nationale des Aveugles et Déficients Visuels,Union Nationale des Aveugles et Déficients Visuels,≤100
1378428395617110,Siècle Vert,These ads ran without a disclaimer,≤100
258180930939050,QUALITEL,QUALITEL,≤100
538068556368664,Parti animaliste,Parti animaliste,≤100
160967737260809,Fsu - Engagé-es  au quotidien,Fédération Syndicale Unitaire,≤100
104165849096827,Eco Energie & Habitat,These ads ran without a disclaimer,≤100
139547456092649,Ufo Distribution,UFO,≤100
256197435586,Handicap International - Humanity & Inclusion,Handicap International - Humanity & Inclusion,≤100
293862777296378,STOP HOMOPHOBIE,STOP HOMOPHOBIE,≤100
62399341602,L'Usine Nouvelle,Infopro Digital,≤100
154314278551,Union Syndicale Solidaires,Union Syndicale Solidaires,≤100
106905277331650,Actu-Juridique.fr,Actu-Juridique.fr,≤100
178707372177279,INSTITUT FRANÇAIS,INSTITUT FRANÇAIS,≤100
121693529673,Socialter,Socialter,≤100
457316367752668,Info'Com-CGT,Info'Com-CGT,≤100
101106058167117,Green Management School,MediaSchool Group,≤100
153127044710790,Julien Bayou,Julien Bayou,≤100
876923129144814,Pollers,Pollers,≤100
711744789193944,Axenergie,Axenergie,≤100
376460652377147,Énergie Partagée,Énergie Partagée,≤100
557139521084091,ICT Institut Catholique de Toulouse,Université Catholique de Toulouse,≤100
116455261255,Action contre la Faim (France),Action contre la Faim,≤100
237170189678449,Désintox - Arte,Désintox - Arte,≤100
164743920229688,AELO - Association Nationale des Elus Locaux d'Opposition,AELO - Association des Élus Locaux d'Opposition,≤100
196305677194732,Bastide Niel,Bastide Niel,≤100
179279165463695,Institut Catholique de Paris,Institut Catholique de Paris,≤100
322525974467262,EFFICYCLE,EFFICYCLE,≤100
763722197034246,En Développement,These ads ran without a disclaimer,≤100
543966612290222,AJC Paris,AJC Paris,≤100
234345013259204,O.A.B.A. - Oeuvre d'Assistance aux Bêtes d'Abattoirs,OABA,≤100
244309777833,UCO Angers,Université Catholique de l'Ouest,≤100
104938145646106,ASLA - Soutien aux lanceurs d'alerte,ASLA - Soutien aux lanceurs d'alerte,≤100
106347809133823,النوري للخدمات العامة.,These ads ran without a disclaimer,≤100
101259664633374,Mohamed Boclet - Connaissance illimitée,These ads ran without a disclaimer,≤100
101781336091974,Domaines Skiables de France,Domaines Skiables de France,≤100
468223259979635,Centre LGBT Côte d'Azur,Centre LGBTQIA+ Côte d'Azur,≤100
167266836718447,Chateau Brown,Château Brown,≤100
140431706089748,Université Catholique de Lille,Université Catholique de Lille,≤100
107086462333016,Phiméa,These ads ran without a disclaimer,≤100
1693054831006629,Plastic Odyssey,Plastic Odyssey,≤100
117099074719357,الهدى للخدمات العامة.,These ads ran without a disclaimer,≤100
527351247377965,European Committee of the Regions,European Committee of the Regions,≤100
248329655321135,Syndicat de Défense des Policiers Municipaux - SDPM,Syndicat de Défense des Policiers Municipaux - SDPM,≤100
378273073021139,Paxsies Underwear,These ads ran without a disclaimer,≤100
194745373893883,Le Jour du Seigneur,Le Jour du Seigneur,≤100
144709575593854,EESC - European Economic and Social Committee,EESC - European Economic and Social Committee,≤100
108625789179165,Soi Dog Foundation,These ads ran without a disclaimer,≤100
564323883605493,Simon Leoza,These ads ran without a disclaimer,≤100
102998939765184,Persian bms,These ads ran without a disclaimer,≤100
267353906619818,Mr. Gugu & Miss Go,These ads ran without a disclaimer,≤100
74188072997,Volvo Penta at Sea,These ads ran without a disclaimer,≤100
101849728551147,Fun Break Central,These ads ran without a disclaimer,≤100
106293082088835,iamfilipegouveia,These ads ran without a disclaimer,≤100
109974522004522,Kalinka. Turkey,These ads ran without a disclaimer,≤100