﻿Page ID,Page name,Disclaimer,Amount spent (USD),Number of ads in Library
114653269155,Peoples Progressive Party/Civic,Peoples Progressive Party/Civic,≤100,1
176166462478584,Vice President  Bharrat Jagdeo,Vice President  Bharrat Jagdeo,≤100,1
220907971269104,CaribVision,These ads ran without a disclaimer,≤100,1
552790635089157,The Secular Community,These ads ran without a disclaimer,≤100,1
101082842736363,The world of reader,These ads ran without a disclaimer,≤100,1
1834313933459789,BBC StoryWorks,These ads ran without a disclaimer,≤100,1
108625789179165,Soi Dog Foundation,These ads ran without a disclaimer,≤100,1
405379246524515,DHL Express,These ads ran without a disclaimer,≤100,1
349791962189803,The Bridesblush Social,These ads ran without a disclaimer,≤100,1
103269898428170,Cooking 4 All Mode,These ads ran without a disclaimer,≤100,1