﻿Page ID,Page name,Disclaimer,Amount spent (VND)
100166199425187,MP huyền phi,These ads ran without a disclaimer,10937
460776921118227,VieON,These ads ran without a disclaimer,6301
256457061513490,Gạo 109,These ads ran without a disclaimer,4018
102094569338202,Hạnh Hải Osaka ハインハイ大阪,These ads ran without a disclaimer,123
106184945559187,Shop Bút Ký Cao Cấp - Quà Tặng Doanh Nghiệp,These ads ran without a disclaimer,≤100
101865258169428,ĐEN Secondhand,ĐEN Secondhand,≤100
1733041533672667,"Громадське об'єднання ""Українці В'єтнаму""",These ads ran without a disclaimer,≤100