﻿Page ID,Page name,Disclaimer,Amount spent (BRL)
416907625028840,Governo do Estado de Minas Gerais,Governo de Minas Gerais,1569
1211366248899077,Prefeitura de Duque de Caxias,Prefeitura de Duque de Caxias,1061
301774903545521,Brasil Paralelo,Brasil Paralelo,1034
329948620416635,Marcelo Cid Heráclito Queiroz,Marcelo Cid Heráclito Queiroz,835
314916388685112,Deputado Val Ceasa,Deputado Val Ceasa,645
104625758942119,Siga Antenado,Siga Antenado,636
425350744240843,Comitê Internacional da Cruz Vermelha,Comitê Internacional da Cruz Vermelha,605
101049816116437,O Desenrola Brasil,O Desenrola Brasil,439
101189854802059,Revista Oeste,Revista Oeste,400
534549993273437,CPM,CPM,359
1087471917938156,Sistema Fecomércio RJ,Fecomércio RJ,287
297785830288053,Rosenverg Reis de Oliveira,Rosenverg Reis de Oliveira,273
1479347928855321,Munir Neto,Munir Neto,242
241839765912021,Estratégia Concursos,ESTRATÉGIA CONCURSOS SA,232
710965159037838,Antônio Francisco Neto,Antônio Francisco Neto,219
1549054225424161,Eduardo Moreira,Instituto Conhecimento Liberta,213
1796853600564637,Jair Da Mendes Gomes,ADEJAIR SANCHES DE AGUIAR,209
104127645777846,Índia Armelau,Índia Armelau,199
615188615181899,Vandro Família,Vandro Família,197
228301373863551,Agência Pública,Agência Pública,195
159103797542,Greenpeace Brasil,Greenpeace Brasil,151
2308676322748492,Marcio Carvalho de Sá,These ads ran without a disclaimer,142
105019188508288,Diego Vaz,Diego Vaz,141
159103797542,Greenpeace Brasil,Greenpeace Brasil,140
112014788476156,Programa Desenrola,Programa Desenrola,139
128850220504786,UNICEF Brasil,UNICEF Brasil,137
109561808392562,Rio.Futuro,Rio.Futuro,133
122384110783883,Programa Desenrola Brasil,Programa Desenrola Brasil,133
330379553673497,Oxfam Brasil,Oxfam Brasil,131
258088921369,TOTVS,TOTVS,128
390714917933200,Elton Cristo,Elton Cristo,127
522126697963113,Carlos Jordy,Carlos Jordy,122
992309977556842,Yuri Moura,Mandato Popular,121
175804982467404,Safernet Brasil,Safernet Brasil pago com créditos de anúncio do Facebook,115
333720355130,Petrobras,Petrobras,109
432332470192505,Verônica Lima,Verônica dos Santos Lima,104
198849783539777,Buscofem,Buscofem,104
1608447079411218,Portal Concursos,PORTAL CURSOS PREPARATORIOS E OAB LTDA,102
115558703488480,IDP Online,Instituto Brasiliense de Direito Publico,101
280413655431834,AMB - Associação Médica Brasileira,Associação Médica Brasileira,≤100
108234915547725,Cintia Alvarez,These ads ran without a disclaimer,≤100
223251951640075,Um blog do Olegário,Um blog do Olegário,≤100
465235726843103,Ambev,Ambev,≤100
189037821224252,Tvprefeito,tvprefeito.com,≤100
1555937724629128,Comitê Guandu - RJ,Comite Guandu RJ,≤100
220898724599599,Ação da Cidadania,These ads ran without a disclaimer,≤100
255804437808407,Vale,Vale,≤100
116725771476468,Eu Eleito,"Gambale Cursos, Produções e Marketing",≤100
124937578129607,Leandro Peixe Rio Bonito,Leandro Peixe Rio Bonito,≤100
173044412815511,Marcelo Arar,Marcelo Arar,≤100
111916245273626,Sager BR,These ads ran without a disclaimer,≤100
106268852121019,O Maior Feirão,O Maior Feirão,≤100
799291570129827,Bruno Garschagen,Bruno Garschagen,≤100
765667336867771,Talíria Petrone,Talíria Petrone Soares,≤100
104578449190247,Desenrola Brasil,Desenrola Brasil,≤100
1333583893323350,Edson Santos,Edson Santos,≤100
107147181868980,Nave do Conhecimento Engenhão e Museu Olímpico e Paralímpico,Nave do Conhecimento Engenhão e Museu Olímpico e Paralímpico,≤100
258088921369,TOTVS,These ads ran without a disclaimer,≤100
111949165566730,Romário Faria,Romário Faria,≤100
127837380626874,Grupo Marquise,Grupo Marquise,≤100
637747249894629,Tainá de Paula,Tainá de Paula,≤100
520803328039440,Recicla Sampa,Eco Urbis e Loga,≤100
219825344705412,Deputado André Corrêa,André Correa,≤100
1007185889378120,Igo Menezes,Igo Menezes,≤100
112021296931600,Mônica Lopes,IBPOM,≤100
110225312350543,Nova Escola,Associação Nova Escola,≤100
582678941809143,Delegada Martha Rocha,Martha Mesquita da Rocha,≤100
123738830719475,Detetive Itaguaí,Detetive Itaguaí,≤100
100833344855408,Rogério Amorim,Rogério Amorim,≤100
517712008679531,Helio Lopes,Helio Lopes,≤100
738739386295684,Dr. Rubão,Dr. Rubão,≤100
102492519584587,Eu João Castanheira,These ads ran without a disclaimer,≤100
109374032158676,Grau P.  Ilha do Governador,These ads ran without a disclaimer,≤100
487358637978920,Governo do Tocantins,Governo do Tocantins,≤100
102773638649611,Bruno Pereira,These ads ran without a disclaimer,≤100
223251951640075,Um blog do Olegário,These ads ran without a disclaimer,≤100
600557210105330,Juninho Do Pneu,Juninho Do Pneu,≤100
2069398596720028,Vereador Gelson Henrique,Vereador Gelson Henrique,≤100
187970114581051,Anistia Internacional Brasil,Anistia Internacional Brasil,≤100
105809172120438,Coalizões Audiovisuais,Coalizões Audiovisuais,≤100
132584057957,Skol,Ambev,≤100
104738421003389,InvestNews BR,Nubank,≤100
861478333979600,DepBrazão,DepBrazão,≤100
515850435236902,Prof. Wilson,Prof. Wilson,≤100
224021551012451,Gerando Falcões,Gerando Falcões,≤100
107974055663111,Marco Túlio Advocacia,Marco Túlio Advocacia,≤100
171342419582453,"CNC - Confederação Nacional do Comércio de Bens, Serviços e Turismo","CONFEDERACAO NACIONAL DO COMERCIO DE BENS, SERVICOS E TURISMO - CNC",≤100
729983970378252,Ataque aos Cofres Públicos,Sindicato dos Servidores Públicos Municipais de Santos,≤100
250305668489402,Professor Kenny,These ads ran without a disclaimer,≤100
106312705760381,Formação Conservadora,Formação Conservadora,≤100
102871027744138,Cardoso de Oliveira Advogados,Cardoso de Oliveira Advogados,≤100
2116170495287679,Marcelo Cabeleireiro,Marcelo Cabeleireiro,≤100
158429414269490,Eduardo do Blog,Eduardo do Blog,≤100
286484764739596,Conselho de Arquitetura e Urbanismo do Brasil - CAU/BR,Triads,≤100
102764012838685,Pr_f.souza,Pr_f.souza,≤100
242062609325601,Agenda 227,ANDI AGENCIA DE NOTICIAS DOS DIREITOS DA INFANCIA,≤100
675193629265637,Videocamp,Instituto Alana,≤100
358889358338010,Vitor Hugo,Vereador Vitor Hugo,≤100
337834286345988,Fundação Milton Campos,Fundação Milton Campos,≤100
7970426802,WWF-Brasil,WWF-Brasil,≤100
105451879027858,Duquesa de Tax,Duquesa de Tax,≤100
1172612036132907,Penha Bernardes,Penha Bernardes,≤100
112208748024338,Agência Rockn - Marketing de Resultados,Agência Rockn - Marketing de Resultados,≤100
360125334431298,Renova BR,ASSOCIAÇÃO RENOVA BR,≤100
110673043835026,Valdeck Ferreira,Valdeck Ferreira,≤100
111750668533737,Stephanie Aline,Stephanie Aline,≤100
260528207360293,SEPE RJ - Oficial,Sindicato Estadual dos Profissionais da Educação do Rio de Janeiro,≤100
162297750451425,Criança e Consumo,Instituto Alana,≤100
100784975087297,Mizuno Cursos,Mizuno Cursos Ltda,≤100
109520364222262,Repórter Maicon Queiroz,Repórter Maicon Queiroz,≤100
479988872083688,Leonardo Giordano,Leonardo Giordano,≤100
106140612000545,Claudio Caiado,CLAUDIO SOBRAL DE CAIADO CASTRO JUNIOR,≤100
111330772019980,Matheus do Waguinho,Matheus Carneiro,≤100
108015435927747,FAS - Fundação Amazônia Sustentável,Fundação Amazonia Sustentável,≤100
1572839412965562,Vereador Rafael Aloisio Freitas,Vereador Rafael Aloisio Freitas,≤100
163893463708223,Marcelo Vitorino,Vitorino & Mendonça,≤100
363140553718136,Epoch Times Brasil,EPOCH TIMES BRASIL LTDA,≤100
100710735473325,IDP - SP,"Instituto Brasileiro de Ensino, Desenvolvimento e Pesquisa Idp - LTDA",≤100
103061151908008,André Corrêa & Luiz Antônio juntos por Valença,André Correa,≤100
524662050884331,Carlos Augusto Balthazar,Carlos Augusto Balthazar,≤100
142790486456926,Venissius,Marcus Venissius da Silva Barbosa,≤100
462914077459216,Alerta Comunidade com Tchetcheco,Alerta Comunidade com Tchetcheco,≤100
804420752984622,Luiz  Ramos Filho,Luiz Antonio da Costa Ramos,≤100
106149872409469,Mary Barnes,These ads ran without a disclaimer,≤100
107575845348720,MANGUEIRA ADVOCACIA PREVIDENCIÁRIA,MANGUEIRA ADVOCACIA PREVIDENCIÁRIA,≤100
344484892246127,CCE - PUC- Rio,FACULDADES CATOLICAS,≤100
1505919906290553,Cantanhede Advocacia & Consultoria,Cantanhede Advocacia & Consultoria,≤100
224777780881144,Visão Mundial,Visão Mundial,≤100
111130822268479,IDP,"Instituto Brasileiro de Ensino, Desenvolvimento e Pesquisa IDP - LTDA",≤100
1703010579956133,Eleições 2024 - Cursos Online,Curso Eleitoral,≤100
172444996112900,Fundo Brasil,Fundo Brasil,≤100
582341675135970,Nelson Sargento,Nelson Sargento,≤100
176193939234256,Prof. Josemar,JOSEMAR PINHEIRO DE CARVALHO,≤100
226121024066240,WRI Brasil,WRI Brasil,≤100
124600732785757,Pela Cidadania,Pela Cidadania,≤100
523566427680692,Teresa Bergher,Teresa Bergher,≤100
461990540812267,Luiz Antônio Corrêa,Luiz Antônio da Costa Carvalho Corrêa da Silva,≤100
641152829574820,Leandro Guimarães,Leandro Guimarães,≤100
172271576134185,Habitat para a Humanidade Brasil,Habitat para a Humanidade Brasil,≤100
1643164385734510,Leonardo Freitas,Leonardo Freitas,≤100
101330426327029,Fernanda Miranda,Fernanda Miranda,≤100
105028097795943,Iza Vicente,Iza Vicente,≤100
124076640604346,Uma Parte Podcast,Uma Parte Podcast,≤100
106308415121143,Politique - Detalhamento de Votos,PRATIC SERVIÇOS EM TECNOLOGIA DA INFORMAÇÃO LTDA,≤100
106423771255894,Paulinho AP,Paulinho AP,≤100
101230328792183,Portal Concursos & OAB,Portal Concursos & OAB,≤100
103483818151512,Janaina Castro,Janaina Silva de Castro LTDA,≤100
1675735129377741,Tv Aldeia,TV aldeia,≤100
109551634284591,randersoncirqueira,RANDERSON RODRIGUES CIRQUEIRA,≤100
109272165397476,Gerson Aragao,SCIREJUS APLICATIVOS JURIDICOS LTDA,≤100
639763419468473,Zico Bacana,Zico Bacana,≤100
1532755897054705,TV MAIS,TV MAIS MARICÁ,≤100
113225970368629,jvduarte8,These ads ran without a disclaimer,≤100
263199020531986,JOTA,JOTA,≤100
102856342511936,ICL Notícias,Instituto Conhecimento Liberta,≤100
170196033315118,Vereador Ulisses Marins,Vereador Ulisses Marins,≤100
102138423231691,Revista Semana Online,Revista Semana On,≤100
1627692817329200,Renata Souza,RENATA DA SILVA SOUZA,≤100
107099727438110,Nilton Caldeira,Nilton Caldeira,≤100
445056185665113,Dr. Marcos Paulo,Dr. Marcos Paulo,≤100
222920544508391,Centro Cultural de Educação Popular de Rio das Ostras,These ads ran without a disclaimer,≤100
100115403101131,BMS Assessoria Financeira,BMS Assessoria Financeira,≤100
101443613036509,Pedro Passione,Pedro Passione,≤100
115363388648544,AEPET - Associação dos Engenheiros da Petrobrás,These ads ran without a disclaimer,≤100
104786165500515,Cemin advocacia,Cemin advocacia,≤100
109311714699813,Canuto e Lucena Sociedade de Advogados,Canuto e Lucena Sociedade de Advogados,≤100
111944195145189,Vereador Niquinho,Vereador Niquinho,≤100
100453315019718,Ronilson Boizão,Ronilson Boizão,≤100
555465644539300,Rosa Fernandes,ROSA MARIA ORLANDO FERNANDES,≤100
273642106068512,Paulo Alexandre Barbosa,Paulo Alexandre Pereira Barbosa,≤100
115802608245206,Erasmus,These ads ran without a disclaimer,≤100
914115575302130,Fundação Toyota do Brasil,Fundação Toyota do Brasil,≤100
104161123005913,Fundação Tide Setubal,Fundação Tide Azevedo Setubal,≤100
109785372399873,IAB - Instituto dos Advogados Brasileiros,Instituto dos Advogados Brasileiros,≤100
1589055204701346,Nexo,Nexo Jornal,≤100
755979534560972,Instituto Liberta,Instituto Liberta,≤100
102046893217762,Escola de Negócios e Seguros,Escola de Negócios e Seguros,≤100
889885451156333,Alexandre Martins,Alexandre Martins,≤100
141311146554309,Novo 30 Bahia,Partido NOVO 30 BAHIA,≤100
108858444790012,Paulinho de Galego,Paulinho de Galego,≤100
111006700550820,Cenarium Amazônia,Cenarium Agência de Notícias Ltda,≤100
100475402294243,Consciência Brasil,Consciência Brasil,≤100
304040639690361,Renato Cariello,Renato Cariello,≤100
308976223304,Tintas Coral,Akzonobel,≤100
1911023695858382,Vereador Elerson,Vereador Elerson,≤100
872146752906653,Folha do Leste,Folha do Leste,≤100
976295639063920,Professora Andréa Paula,Professora Andréa Paula,≤100
120689140932673,Caroline Arruda,Caroline Arruda,≤100
193719533998484,Fundação Fernando Henrique Cardoso,Fundação FHC,≤100
504148936286853,Data Goal,Data Goal,≤100
103947035317145,Rodrigo Lucas,Rodrigo Lucas,≤100
133625896667318,Confederação Israelita do Brasil - CONIB,CONFEDERAÇÃO ISRAELITA DO BRASIL,≤100
968600766660401,Fred Procopio,Frederico Procopio Mendes,≤100
109597815616,VEJA,Revista Veja,≤100
109354687306376,Instituto Conhecimento Liberta,Instituto Conhecimento Liberta,≤100
177013279058899,Braulio Braz,Deputado Braulio Braz,≤100
100768909613377,Laiz Duarte,These ads ran without a disclaimer,≤100
285233753312937,Claudia Mendes,These ads ran without a disclaimer,≤100
614173835288555,Moça Bonita,These ads ran without a disclaimer,≤100
2544666325578449,Eleja.se,Eleja.se,≤100
179837479250006,Marcelo Lino,Marcelo Lino,≤100
962615323779536,Progressistas,Progressistas,≤100
110989308383414,Cidade Verde Compostagem,Cidade Verde Compostagem,≤100
103654108205888,Fonasefe,CAJUINA PRODUÇÕES E MÍDIA DIGITAL,≤100
107742651063250,Academia de Pesquisa,Academia Brasileira de Formação e Pesquisa,≤100
1898932673653592,Festival de Inverno Rio,These ads ran without a disclaimer,≤100
249383531739005,Pedro Paulo,Pedro Paulo,≤100
201878973201295,Republicanos10,Republicanos10,≤100
69488070826,Fundação Abrinq,Fundação Abrinq,≤100
458048987893303,Delegado Palumbo,Delegado Palumbo,≤100
109535802055636,Brunna Tavares - Índia,Brunna Tavares - Índia,≤100
344924552981708,YoungChapa713,These ads ran without a disclaimer,≤100
116227684837148,jeff,These ads ran without a disclaimer,≤100
185875761943,MDB Nacional,MOVIMENTO DEMOCRÁTICO BRASILEIRO,≤100
102214764600761,Conselho Federal dos Representantes Comerciais,Conselho Federal dos Representantes Comerciais,≤100
410655005626777,Deputado Federal Lincoln Portela,Lincoln Portela,≤100
111326818564734,Projeto Opaoma,Camila Capel,≤100
1124473760957316,FS Fueling Sustainability,FS Fueling Sustainability,≤100
239624862864871,Relatório Reservado,Hush Comunicação,≤100
2309751942605712,Fanan Home Center,These ads ran without a disclaimer,≤100
485434228470137,Tenente Coimbra,Deputado Estadual Tenente Coimbra,≤100
1165488993512231,Nossas,NOSSAS,≤100
116372623092872,Auge Capusso,These ads ran without a disclaimer,≤100
100475615641105,PHVox,PHVox LTDA,≤100
101933305564897,Promic,Riole,≤100
342490536271810,Jorginho Fuede,Jorginho Fuede,≤100
126491270729748,Childhood Brasil,Childhood Brasil,≤100
103898131003601,Harada Advogados,Harada Advogados,≤100
107451105709314,Enxergue os Sinais,Enxergue os Sinais,≤100
105001854703569,Brasil Urgente,Brasil Urgente,≤100
147258388715323,Fundação Luterana de Diaconia (FLD),Fundação Luterana de Diaconia,≤100
145608108896911,Frente Parlamentar da Agropecuária - FPA,Instituto Pensar Agropecuária,≤100
191158547728051,Centro de Referências em Educação Integral,Cidade Escola Aprendiz,≤100
115885144820835,Baltazar Produção & Conteúdo,These ads ran without a disclaimer,≤100
101981918812659,Sindjus,Sindicato dos Servidores do Poder Judiciário e do MPU no DF,≤100
358687161234,Proteção Animal Mundial,Sociedade Mundial de Proteção Animal - WSPA BRASIL,≤100
100553136170825,Fena Saude,Fena Saude,≤100
142652206199393,Aliança Pela Alimentação Adequada e Saudável,Aliança Pela Alimentação Adequada e Saudável,≤100
128802790469337,Todos Pela Educação,Todos Pela Educação,≤100
177870362290375,GAPC - Grupo de Apoio a Pessoas com Câncer,G.A.P.C - Grupo de Apoio a Pessoas com Câncer,≤100
106493417547936,Natália Mendonça,Vitorino & Mendonça,≤100
112056280673435,Observatório da Alimentação Escolar,Observatório da Alimentação Escolar (ÓAÊ),≤100
252086658173120,Movimento Mulher 360,Movimento Mulher 360,≤100
517187471714725,IBDA - Instituto Brasileiro de Direito Administrativo,IBDA - Instituto Brasileiro de Direito Administrativo,≤100
511088952358805,Marcia Helena Martins Henrique,Marcia Helena Martins Henrique,≤100
100687681283605,General Hamilton Mourão,General Hamilton Mourão,≤100
285083994905681,MDB Mulher Nacional,MOVIMENTO DEMOCRATICO BRASILEIRO BRASIL BR NACIONAL,≤100
106063862426200,nelsoncanedoadvogado,nelsoncanedoadvogado,≤100
107582924121396,Shopping da Direita,Shopping da Direita,≤100
367468876929300,Instituto Avon,AVON COSMETICOS LTDA,≤100
384012959105591,IDPA - Instituto de Direito Público Avançado,INSTITUTO DE DIREITO PUBLICO AVANCADO LTDA,≤100
105469144970348,Faculdade Focus,These ads ran without a disclaimer,≤100
101172545924268,Luiz Gastão,LUIZ GASTÃO BITTENCOURT DA SILVA,≤100
105632218810441,Guydion,These ads ran without a disclaimer,≤100
110798421152955,Vereador Maurício BM,Vereador Maurício BM,≤100
520798404655508,Baleia Rossi,Baleia Rossi,≤100
103779715064518,Uma Concertação pela Amazônia,Instituto Arapyaú de Educação e Desenvolvimento Sustentável,≤100
101303951768460,Fabio Goldschmidt,Fabio Goldschmidt,≤100
118869841134222,Jornal Ponto Mais,Jornal PONTO MAIS,≤100
471542526362059,Fetec PR - Federação dos/as Trabalhadores/as em Empresas de Crédito do PR,Fetec PR - Federação dos/as Trabalhadores/as em Empresas de Crédito do PR,≤100
116566381454446,shmoraisss.anki,shmoraisconcursos,≤100
1632845003624410,Blog do Lúcio Sorge,Blog do Lúcio Sorge,≤100
102657898150898,Clovis Diego,Clovis Diego,≤100
128628933996898,Cristiane Dupret,These ads ran without a disclaimer,≤100
108926553805185,Biossegurança Estética,These ads ran without a disclaimer,≤100
711189698989364,Oceana Brasil,Oceana Brasil,≤100
1313633058744565,Impulsiona,Instituto Península,≤100
227403640631475,Alencar Santana,Alencar Santana,≤100
478752158813845,Maurício Eskudlark Deputado,Maurício Eskudlark Deputado,≤100
456872437699016,Sindifisco Nacional,Sindifisco Nacional,≤100
1593214337620524,Tecnegócios,Tecnegócios,≤100
106880440768510,Exclusiva Live Mkt,These ads ran without a disclaimer,≤100
1405868843027642,Cristiano Silveira,Cristiano Silveira,≤100
337480196266910,Federação Nacional dos Policiais Rodoviários Federais,Federação Nacional dos Policiais Rodoviários Federais,≤100
267146793788529,Sem Parar Empresas,Sem Parar Empresas,≤100
1513585108888249,Syngenta,Syngenta,≤100
139007399495933,Fundação SOS Mata Atlântica,FUNDACAO S.O.S. PRO-MATA ATLANTICA,≤100
104281075897975,Sexóloga Gabrielle Rosa,Sexóloga Gabrielle Rosa,≤100
111142134955337,carolinamarcall,These ads ran without a disclaimer,≤100
122237034210289,Silvia Beja,These ads ran without a disclaimer,≤100
161406070640025,Educação e Território,Cidade Escola Aprendiz,≤100
108147365877214,Canal Futura,Fundação Roberto Marinho,≤100
639950012721378,Rodrigo Vizeu,These ads ran without a disclaimer,≤100
1639054639743483,Igor Batista Gomes,Igor Batista Gomes,≤100
102449285907818,Genio Carbon,Genio Carbon,≤100
1422817644690446,Fórum Nacional de Reforma Urbana,Fórum Nacional de Reforma Urbana,≤100
132804480113814,PwC Brasil,PwC Brasil,≤100
107063348442736,Cultura Jurídica,FMR - CURSOS ONLINE LTDA,≤100
101321981647613,Instituto Monitor da Democracia,Instituto Monitor da Democracia,≤100
1619324121692986,Criança livre de trabalho infantil,Criança livre de trabalho infantil,≤100
217571432254941,Legislação 360,These ads ran without a disclaimer,≤100
197074800315828,Instituto Velho Amigo,Instituto Velho Amigo,≤100
102222492234128,Lidyane Pereira,These ads ran without a disclaimer,≤100
1667682790209887,Kleber Silva,Kleber Silva,≤100
665498620499336,"O Novo Legislativo, por Renata Cunha",Instituto Renata Cunha,≤100
329871990503088,Dirceu Ten Caten,Dirceu Ten Caten,≤100
656965247684115,Zequinha Marinho,Zequinha Marinho,≤100
255630251455271,Felipe Camozzato,Felipe Camozzato,≤100
179021969682780,IMAC - Carne de Mato Grosso,IMAC - Carne de Mato Grosso,≤100
179856875529257,Padre João,João Carlos Siqueira,≤100
2020387381351433,Marcelo Fernandes,These ads ran without a disclaimer,≤100
113389738332356,Lista branca,These ads ran without a disclaimer,≤100
260243837420336,Sindipetro Bahia,SINDICATO DOS PETROLEIROS DO ESTADO DA BAHIA - SINDIPETRO-BAHIA,≤100
105574921046701,Agroforestry Carbon,Agroforestry Carbon,≤100
102178949031259,Vinicius Silva,Vinicius Silva,≤100
104553347942750,Eder Borges,Eder Borges - novo,≤100
170773429643671,"Rádio Alvorada FM 94,9",Rádio Alvorada,≤100
106992039116810,thiagocorrea123,These ads ran without a disclaimer,≤100
1635257313414728,Movimento pela Base,Movimento pela Base,≤100
1700227383437806,OC Advogados,Oliveira e Carneiro Sociedade de Advogados,≤100
123884341029248,João Jorge,JOÃO JORGE DE SOUZA,≤100
254048208839562,Tesouro Direto,These ads ran without a disclaimer,≤100
365328780221103,Museu da Pessoa,Museu da Pessoa,≤100
138690349518935,AASP,These ads ran without a disclaimer,≤100
110857637296467,Roberto Jesus,Roberto Jesus,≤100
604028822974212,Magno Malta,Magno Malta,≤100
2112267722351853,Sirana Bosonkian,Sirana Bosonkian,≤100
863231400430276,Que conta é essa,Que conta é essa,≤100
1403191786568329,Senac EAD,These ads ran without a disclaimer,≤100
586761438035616,Jingle Online,Jingle Online,≤100
146167058784045,Autêntica Editora,Autêntica Editora,≤100
101840051641101,GreenYellow do Brasil,GreenYellow do Brasil,≤100
1504580766531518,Mulheres Progressistas,PROGRESSISTAS - BRASIL - BR - NACIONAL,≤100
2053204664939272,Facilita Pré Concurso,Facilita Pré Concurso,≤100
353940575079814,Instituto Luiz Gama,These ads ran without a disclaimer,≤100
1032715603539066,SOS  Brasil Soberano,Sindicato dos Engenheiros no Estado do Rio de Janeiro,≤100
108818415133558,Negocie AQUI,These ads ran without a disclaimer,≤100
114248903470049,Frente Parlamentar Mista da Medicina,Frente Parlamentar de Medicina,≤100
1033613636794626,Edna Sampaio,Edna Luzia Almeida Sampaio,≤100
105011392353770,João Pedro,These ads ran without a disclaimer,≤100
105830512489078,Arte e Entretenimento,Arte e Entretenimento,≤100
362665423935479,Assembleia Legislativa de Sergipe,Assembleia Legislativa de Sergipe,≤100
107449552324057,Projeto Vereador Vitorioso,Vereador Vitorioso,≤100
398845206932703,Guilherme Boulos,Guilherme Boulos,≤100
115172553721431,Perfil Brasil,Grupo Perfil,≤100
100429111698632,Vou de Túnel,In Press Oficina,≤100
534805630341699,Idecan Oficial,"INSTITUTO DE DESENVOLVIMENTO EDUCACIONAL, CULTURAL E ASSISTENCIAL NACIONAL",≤100
279744252068590,Bahia Notícias,These ads ran without a disclaimer,≤100
106040261559088,Alex Sandro Perez Santos - Teologo,Alex Sandro Perez Santos - Teologo,≤100
506417589696816,Asbraf,ASBRAF,≤100
1433929133492494,Renata Abreu,Renata Hellmeister de Abreu,≤100
105497095938741,Estela Costa Pires,These ads ran without a disclaimer,≤100
218990061510715,CNSP - Confederação Nacional dos Servidores Públicos,Confederação Nacional dos Servidores Públicos - CNSP,≤100
1287015268004654,Suno Research,These ads ran without a disclaimer,≤100
1720389428208302,Rafael Alves,These ads ran without a disclaimer,≤100
1024840290996769,Lucas Pimenta,Lucas Pimenta,≤100
1543051279253905,Editora Vestígio,Editora Vestígio,≤100
1000424670055732,Conacate,Conacate - Confederação Nacional das Carreiras e Atividades Típicas de Estado,≤100
149387798962918,Arnaldo Queiroz de Melo Júnior,Arnaldo Queiroz de Melo Júnior,≤100
105078769080997,João Victor,These ads ran without a disclaimer,≤100
101786435567882,bmf.portaldenoticias,These ads ran without a disclaimer,≤100
101928459402878,Show Money,NATURALE HEALTH PRODUTOS NATURAIS,≤100
282802611759257,MidiaJur - Jornalismo Plural,Midiajur,≤100
1619324121692986,Criança livre de trabalho infantil,These ads ran without a disclaimer,≤100
107279355522900,Ana Cavalcante,These ads ran without a disclaimer,≤100
107499962168913,"França: Instituto de Pesquisa, Inteligência e Opinião","França: Instituto de Pesquisa, Inteligência e Opinião",≤100
1561614984133603,Fábio Villa Nova,VEREADOR FÁBIO VILLA NOVA,≤100
111961571700976,Score alto,Score alto,≤100
113650866857533,Diversitera,Diversitera,≤100
554603237933787,Julia Vidal .: Moda afro indígena brasileira,Julia Vidal Etnias Culturais,≤100
636206153090073,Márcio Araújo,Márcio Araújo,≤100
110696648277103,viviane_scrivani,These ads ran without a disclaimer,≤100
108726882200842,Iceberg Podcast,Iceberg Podcast,≤100
106149998576165,Alerta Cidadão Macaé,Alerta Cidadão Macaé,≤100
1623079434589666,Memed,Memed,≤100
110659575392932,julianeramiro.adv,These ads ran without a disclaimer,≤100
391998634201772,Folha de Campo Largo,These ads ran without a disclaimer,≤100
220869642128846,Editora Telha,Editora Telha LTDA,≤100
1610710539243079,Usina da Imaginação,Usina da Imaginação,≤100
102397455539259,NetZero,These ads ran without a disclaimer,≤100
102197194725525,Sinpeem,Sinpeem,≤100
166288866733886,Pirelli,Pirelli Comercial,≤100
101372925628900,Carlos Lothar,Carlos Lothar,≤100
114439881686918,acaciosouto,These ads ran without a disclaimer,≤100
111300555336157,Dias & Lima Advogados Associados,These ads ran without a disclaimer,≤100
785512141500546,Eu Sigo a Jesus,These ads ran without a disclaimer,≤100
2145718822377360,Núcleo Esporte e Cidadania,These ads ran without a disclaimer,≤100
103435329176672,Concursos 360,These ads ran without a disclaimer,≤100
223383744823290,Deputado Federal Nicoletti,Antonio Nicoletti,≤100
114028538217882,Radar Saúde,These ads ran without a disclaimer,≤100
106028069061340,Rodrigo Kriguer,These ads ran without a disclaimer,≤100
102195049439685,vereador.pablolira,These ads ran without a disclaimer,≤100
110308133921143,Denian Couto,Denian Couto,≤100
115449086912280,Eduardo Cursino,Eduardo Cursino,≤100
112761795220329,João Pedro,These ads ran without a disclaimer,≤100
268802879881105,Movimento Democracia Pura,Movimento Democracia Pura,≤100
307621909720097,Use Imports,Use Imports,≤100
112875261822001,Giovana Naya MN,These ads ran without a disclaimer,≤100
108162549297546,Arquimedes de Castro,Arquimedes de Castro,≤100
1653956114889863,RADAR - Gestão para Advogados,These ads ran without a disclaimer,≤100
173698339802515,Rafael Brito,Rafael Brito,≤100
140989443159144,Mechas Platinadas Recreio,These ads ran without a disclaimer,≤100
108032474780076,fnca.adv,These ads ran without a disclaimer,≤100
546865738685056,DR. ALCEU Vereador,Dr. Alceu vereador,≤100
159394350833983,Diário do Comércio,Diário do Comércio,≤100
1563627910535156,Márcio Burguinha,Márcio Burguinha,≤100
107284055290696,Júlio Rufino,Júlio Rufino,≤100
366915959992127,Luciane Carminatti,Luciane Carminatti,≤100
703746870061237,Rodrigo,These ads ran without a disclaimer,≤100
250421125001212,Entre o Céu e a Favela,Entre o Céu e a Favela,≤100
113401851693860,Política Sincera,Política Sincera,≤100
109359807904005,Movimento Pessoas à Frente,Movimento Pessoas à Frente,≤100
583606835056845,Maria do Carmo Lara,Maria do Carmo Lara,≤100
103752642541133,Receitas Air Fryer,These ads ran without a disclaimer,≤100
106206361334270,Marketing Político de Conteúdo,Marketing Político de Conteúdo,≤100
105137945943702,Cremers de Todos,Cremers de Todos,≤100
1931989763744839,Gilson Marques,Gilson Marques,≤100
110644988539235,Ana Fernandes,These ads ran without a disclaimer,≤100
494717690672796,Fala Caboco com Ivan Brito,Malbi,≤100
113123901417453,culturatodxs,These ads ran without a disclaimer,≤100
107926134331509,Hemerson Máximo,Hemerson Máximo,≤100
167919396712006,Mirante do Gavião Amazon Lodge,These ads ran without a disclaimer,≤100
456485074374104,Sindipetro SP,SINDICATO DOS TR NAS IN DE EX PE PR RE DE AR DI E TRA ATRAVES DE DU E IM DE PE DE E SI DOS EST DE SP GO E D FEDERAL,≤100
114885324992472,carbono21.oficial,These ads ran without a disclaimer,≤100
102529859430804,Método Fast IA,Método Fast IA,≤100
100100005514512,Mestre Titi,Mestre Titi,≤100
210897749024438,Deputado Doutor Wilson Batista,Deputado Dr. Wilson Batista,≤100
1674919632780383,Placo do Brasil,Placo do Brasil,≤100
558500637516335,Gilberto Musto,Gilberto Musto,≤100
105824841113122,DMT Design 3D,DMT Design 3D,≤100
112541920374005,Jaque Barbosa,These ads ran without a disclaimer,≤100
114666255020749,Edweb Pointofview,These ads ran without a disclaimer,≤100
723230227842589,Câmara Municipal de Sorriso,CAMARA MUNICIPAL DE SORRISO,≤100
971716929540046,Rubinho Nunes,Rubinho Nunes,≤100
258193608253982,Kalie Mendez,These ads ran without a disclaimer,≤100
809266029258600,Félix Soibelman,Félix Soibelman,≤100
101466442828530,Escola dos Políticos,LP Marketing Político e Marketing Eleitoral,≤100
210467206143608,Portal de Prefeitura,Portal de prefeitura,≤100
1741840002706316,Helder Jhones - Mentalidade Rica,These ads ran without a disclaimer,≤100
116103401461312,vh8capital,These ads ran without a disclaimer,≤100
101085402822631,Mateus Zani MKP,Mateus Zani MKP,≤100
118678938210868,SIMPI,SIMPI,≤100
103970252723400,Vulpes Shop,Vulpes Shop,≤100
211334236088748,Welton Lemos,Welton Lemos,≤100
1531312407085067,Rafaela Camaraense,Rafaela Camaraense,≤100
353223688627396,Tuca Nogueira - Cristiano,These ads ran without a disclaimer,≤100
107970658385398,Liz Gomes Advogados,Liz Gomes Advogados,≤100
127789930632668,Conectas Direitos Humanos,ASSOCIAÇÃO DIREITOS HUMANOS EM REDE,≤100
287394761444638,William Brigido,William dos Santos Brigido,≤100
396626607095420,Magda Mofatto,Magda Mofatto,≤100
100440424845197,Advocacia Previdenciária do zero - Prof. Thony Rennan,These ads ran without a disclaimer,≤100
111225968436940,Valmir Ferreira,Valmir Ferreira,≤100
250960541687036,Antônio Gomide,Antônio Gomide,≤100
207625445917337,Odelmo Leão,Odelmo Leão Carneiro Sobrinho,≤100
111768201277670,drihribeiro_,These ads ran without a disclaimer,≤100
101665052984969,Cidadômetro,TSF Informática Ltda.,≤100
115548121606347,vendo_seguidores_25k,These ads ran without a disclaimer,≤100
104991921855269,advocaciapedrocosta,These ads ran without a disclaimer,≤100
500679196780578,Instituto Ekos Brasil,Instituto Ekos Brasil,≤100
488522157948560,Sebastião Rezende,Sebastião Rezende,≤100
596622527666245,Grupo Ampare,Grupo Ampare,≤100
2090371501240985,Claudia Batista,Claudia Batista,≤100
194395877379866,Saulo Souza,Saulo de Oliveira Souza,≤100
1585511545095009,APCER Brasil,These ads ran without a disclaimer,≤100
1510249249278903,John Lenon Teodoro,John Lenon Teodoro,≤100
307695939326477,Eaton Brasil,Eaton Brasil,≤100
105603541306548,Vereadora Laine Dimeira,Vereadora Laine Dimeira,≤100
1435540446680839,Anadem - Sociedade Brasileira de Direito Médico e Bioética,Sociedade Brasileira de Direito Médico e Bioética - ANADEM,≤100
113658271724301,Agência Catarinense de Notícias - ACN,Agência Catarinense de Notícias - ACN,≤100
181943989082300,Congresso Brincar,Congresso Brincar,≤100
111338548481768,Paulo César,These ads ran without a disclaimer,≤100
118001784630104,Central de Notícias,These ads ran without a disclaimer,≤100
100312609778580,Vereador Professor Valter,Vereador Professor Valter,≤100
2002814813328497,Márcia De Castro Oliveira,Márcia De Castro Oliveira,≤100
552483638152177,Giovani Cherini,Deputado Cherini,≤100
105445725945612,Pra Frente Cremers,Pra Frente Cremers,≤100
685348131660581,Laerte Sonsin Junior,Laerte Sonsin Junior,≤100
103343142843608,Valquíria Torres,These ads ran without a disclaimer,≤100
1634260070223161,Rodrigo FarmaDic,Rodrigo FarmaDic,≤100
105409475569811,AO Recon Latin America,These ads ran without a disclaimer,≤100
1729080530702072,Roberto Naves Prefeito,Roberto Naves Prefeito,≤100
102384321716297,Advocacia Cortona e Ranieri,Advocacia Cortona Ranieri,≤100
1727030854232669,Jone Soares,Jone Soares,≤100
176740279057602,CDL De Belo Horizonte,CAMARA DE DIRIGENTES LOJISTAS DE BELO HORIZONTE,≤100
104319005942159,Ladislê Teixeira II,These ads ran without a disclaimer,≤100
104655472614929,Fabiano Cabral Dias,Fabiano Cabral Dias,≤100
102283848890809,Canal Agro Indústria,These ads ran without a disclaimer,≤100
101546182708837,Paulo Manso Cabral,These ads ran without a disclaimer,≤100
423779541425056,Vereador Roberto da Quadra,Vereador Roberto da Quadra,≤100
102395734972653,Eduardo Sanches,Eduardo Sanches,≤100
297060357313900,Prof. Claudio Fonseca,Prof. Claudio Fonseca,≤100
444117346371939,Ivo Neto,These ads ran without a disclaimer,≤100
191158547728051,Centro de Referências em Educação Integral,These ads ran without a disclaimer,≤100
444117346371939,Ivo Neto,Ivo Neto,≤100
742859855830690,IRELGOV,IRELGOV,≤100
106738817864150,Loja Vermelha,These ads ran without a disclaimer,≤100
197940137267828,Luiz Zacarias,Luiz Zacarias,≤100
108780628886206,Entretenimento,These ads ran without a disclaimer,≤100
110223675118480,Jornal Impacto Cotia,Jornal Impacto Cotia,≤100
109025896443937,Rosileide Luandabela Santos,These ads ran without a disclaimer,≤100
1547632445553114,Romar Veloso Advocacia,These ads ran without a disclaimer,≤100
130635826965893,Artesol,Artesol – Artesanato Solidário,≤100
101023959486357,tonyreeis,These ads ran without a disclaimer,≤100
2136832986366352,Emerson Cardoso,Emerson Cardoso,≤100
105383346220289,APUFPR-SSind - Associação dos Professores da UFPR,APUFPR,≤100
109165222249445,marinho_agenciaa,These ads ran without a disclaimer,≤100
394080733989702,Gugu Nader,These ads ran without a disclaimer,≤100
108698521966348,Bom no Direito - Concursos Jurídicos,OTTONI & VENTURA SERVICOS E EMPREENDIMENTOS SS LTDA,≤100
257401334462190,Antonio Donato Madormo,Antonio Donato Madormo,≤100
191591598062172,Duda Ramos,Duda Brito Ramos,≤100
736945490358129,aprenderlicitacoes,These ads ran without a disclaimer,≤100
101952348338520,agilecredito,Ágile Crédito & Capital,≤100
107286378879853,Oriz Partners,These ads ran without a disclaimer,≤100
103503236159776,Juliana Hass Massena - Consultoria em Gestão Educacional,These ads ran without a disclaimer,≤100
263018824273789,Vereador Paulo Rodrigo,Vereador Paulo Rodrigo,≤100
109789152161,Sou da Paz,Sou da Paz,≤100
102178149412828,Eh Mais Brasil,Eh Mais Brasil,≤100
1731257107093456,Prof Helton Kramer,Prof Helton Kramer,≤100
619930465318306,Vinícius Luciano,These ads ran without a disclaimer,≤100
105678127455478,Itamar da Silva,Itamar da Silva,≤100
505797666174725,Deputado Estadual Cabo Maciel,Deputado Estadual Cabo Maciel,≤100
1650669521834952,Vereadora Miriam Brandao,Vereadora Miriam Brandao,≤100
101723335938738,BJ Fotografia,These ads ran without a disclaimer,≤100
103886541282774,João Morales,João Morales,≤100
107934305692852,armandocesarr,These ads ran without a disclaimer,≤100
100969879731450,podtudonolounge,These ads ran without a disclaimer,≤100
233600450169073,Jornal da Cidade Navegantes,These ads ran without a disclaimer,≤100
104150514855459,O Primeiro Portal,O Primeiro Portal,≤100
158026410999089,Imagem Produções,These ads ran without a disclaimer,≤100
108045451456514,Guerra Patriótica,These ads ran without a disclaimer,≤100
112346408469760,Aline Santos,These ads ran without a disclaimer,≤100
685626774927316,Marina Helou,Marina Helou,≤100
101503019183295,central_materna,These ads ran without a disclaimer,≤100
271070706391564,Prefeitura de Paraíso do Tocantins,Prefeitura de Paraíso do Tocantins,≤100
1379947408815396,Politimax Inovação Política,Politimax LTDA,≤100
153628338095740,Zé Nunes,Zé Nunes,≤100
102394635726138,Médya TV lajeneésdetiboukan,These ads ran without a disclaimer,≤100
104537432454285,Ilhavista Turismo,These ads ran without a disclaimer,≤100
100620453022229,karate.kenko,These ads ran without a disclaimer,≤100
116003931528505,Pm7 Husky,These ads ran without a disclaimer,≤100
104368311440632,Junior Leite,Junior Leite,≤100
330480980492772,Arnaldo Maranhão,Arnaldo Maranhão,≤100
111358184771960,cmappleofertass,These ads ran without a disclaimer,≤100
122892591696102,Figurehertz toy photography,These ads ran without a disclaimer,≤100
118762543332488,brucemac1,These ads ran without a disclaimer,≤100
103692798111582,samuel_zinczenko,These ads ran without a disclaimer,≤100
422632311088000,Horoscopa,These ads ran without a disclaimer,≤100
102795885694138,milokibullz,These ads ran without a disclaimer,≤100
108625789179165,Soi Dog Foundation,These ads ran without a disclaimer,≤100
104667574410607,Dimensions Sciences,These ads ran without a disclaimer,≤100