﻿Page ID,Page name,Disclaimer,Amount spent (ISK)
423451321043674,Vinstrihreyfingin - grænt framboð,Vinstrihreyfingin - grænt framboð,≤100
246072038839652,Maskína,Maskína,≤100
584934658344027,Áslaug Arna Sigurbjörnsdóttir,Áslaug Arna Sigurbjörnsdóttir,≤100
737169626371453,Heimildin,Stundin,≤100
152804904889,Samfylkingin,Samfylkingin,≤100
106979180938014,Samstöðin,Samstöðin ehf,≤100
114057194960942,Samstöðin: Fréttir,Samstöðin ehf,≤100
157073914303469,Stjórnarskrárfélagið -The Icelandic Constitution Society,Stjórnarskrárfélagið,≤100
1518790851708164,Samtök fyrirtækja í sjávarútvegi,SFS - Samtök fyrirtækja í sjávarútvegi,≤100
276600879474149,Icelandic Wildlife Fund,The Icelandic Wildlife Fund,≤100
153308938439589,Sahara,SAHARA,≤100
154893001218870,ADHD samtökin,ADHD samtökin,≤100
185741612014,Nordisk Ministerråd og Nordisk Råd,These ads ran without a disclaimer,≤100
656462304404326,Служба розшуку дітей,These ads ran without a disclaimer,≤100
267353906619818,Mr. Gugu & Miss Go,These ads ran without a disclaimer,≤100
108625789179165,Soi Dog Foundation,These ads ran without a disclaimer,≤100