﻿Page ID,Page name,Disclaimer,Amount spent (AED)
1591833611072006,Jafza,These ads ran without a disclaimer,≤100
668701066598159,مجلس حكماء المسلمين,These ads ran without a disclaimer,≤100
103016680138,SA Tourism Update Online,These ads ran without a disclaimer,≤100
101473642910980,نقل اثاث العين نقل اثاث راس الخيمه نقل اثاث عجمان نقل اثاث الفجيرة,These ads ran without a disclaimer,≤100
908878692509737,العين الإخبارية,These ads ran without a disclaimer,≤100
702279983471744,Olympic Council of Asia,These ads ran without a disclaimer,≤100
765291140304768,Nos Khabar نص خبر,These ads ran without a disclaimer,≤100
1399750283620746,Hidden City,These ads ran without a disclaimer,≤100
116446154839404,Abaj Kejayaan kami,These ads ran without a disclaimer,≤100
106875275519862,Morocco AM 2023,These ads ran without a disclaimer,≤100
988564767934338,مؤسسة التعاون الانساني  لرعاية ذوي الاحتياجات الخاصة,These ads ran without a disclaimer,≤100
100305849167750,Born To Know,These ads ran without a disclaimer,≤100
103469548560948,Madinah.com,These ads ran without a disclaimer,≤100