﻿Page ID,Page name,Disclaimer,Amount spent (USD)
100285895550731,Мэдээллийн Ажилтан,Мэдээллийн Ажилтан,≤100
104297524912070,NEXT 30,NEXT 30,≤100
1715979395313134,ХҮН нам,Хөдөлмөрийн Үндэсний Нам - ХҮН,≤100
218413031955878,ЭЛБЭТ ус халаагчтай угаалтуур,ЭЛБЭТ ус халаагчтай угаалтуур,≤100
227192547292661,Норовын Алтанхуяг,Uuganbayar Lkhagvasuren,≤100
339646519820476,Garden City хотхон,Garden City хотхон,≤100
110766893779395,Одон орон зурхай судлал Д.Жавхлан,Одон орон зурхай судлал Д.Жавхлан,≤100
1632521350369406,САЙН онлайн дэлгүүр,Tsatsral Tumen,≤100