﻿Page ID,Page name,Disclaimer,Amount spent (EGP)
798673866859390,ETC TV,ETC TV,≤100
550280998481446,Rasha Kelej,Rasha Kelej,≤100
118992379972310,Fatmah Selim - فاطمة سليم,Fatmah Selim - فاطمة سليم,≤100
108210648333964,محمود طاهر -Mahmoud Taher,محمود طاهر -Mahmoud Taher,≤100
2035593490055091,النائب عمرو القطامي,سيد أحمد,≤100
107628151748756,Initiators Congress مؤتمر المبادرون,Initiators Congress,≤100
101586878327765,Hassanein Tawfiq - حسانين توفيق,Hassanein Tawfiq - حسانين توفيق,≤100
111393504057042,د/ مها عبد الناصر,د/ مها عبد الناصر,≤100
591352604646053,جائزة مصر للتميز الحكومي - Egypt Government Excellence Award,جائزة مصر للتميز الحكومي - Egypt Government Excellence Award,≤100
101009088774421,حزب حماة الوطن,حزب حماة الوطن,≤100
106450555171099,مجدي البري - Magdy Elbery,مجدي البري - Magdy Elbery,≤100
106719921012688,Ahmed Bahaa Shalaby-أحمد بهاء شلبي,Integrated Marketing Communications For Media.IMC,≤100
595025640685644,النائبة شيرين عبد العزيز - Sherin abdelaziz,النائبة شيرين عبد العزيز - Sherin abdelaziz,≤100
105581508751620,الشعب الجمهوري Tv,الشعب الجمهوري Tv,≤100
103204975886755,البديوي السيد - الصفحة الرسمية,Mohamed Elbedewy,≤100
532134937722830,النائبة أميرة بهاء الدين أبو شقة,These ads ran without a disclaimer,≤100
108927510969680,الصفحة الرسمية للنائبة د. صبورة السيد,Mariam Ahmed Hamouda,≤100
354968941204659,الدكتور أيمن أبو العلا عضو مجلس النواب,الدكتور أيمن أبو العلا عضو مجلس النواب,≤100
261220720714681,الصفحه الرسمية للمركز القومى لثقافة الطفل  - مصر,الصفحه الرسمية للمركز القومى لثقافة الطفل  - مصر,≤100
249311655141261,Hala Abou Elsaad - هالة ابو السعد,Mariam Ahmed Hamouda,≤100
380937009024559,Kashqol كشكول التعليمى,Kareem Ahmed Abdul Ghani,≤100
111086937788265,موقع تحيا مصر - Tahiamasr News,Mariam Ahmed Hamouda,≤100
159052647481654,حزب الإصلاح والنهضة,حزب الإصلاح والنهضة,≤100
282421105588262,Alraees News- الرئيس نيوز,Kareem Ahmed Abdul Ghani,≤100
535371883202755,Freddy Elbaiady  صفحة فريدي البياضي,Freddy Elbaiady  صفحة فريدي البياضي,≤100
313111429613394,النائب محمد سلطان,Mariam Ahmed Hamouda,≤100
103291013528894,Dr.Mokhtar Gomaa,Ahmed Zaatar,≤100
102196425189448,معلومات طبية مع الدكتور أيمن أبو العلا,معلومات طبية مع الدكتور أيمن أبو العلا,≤100
106586485351141,صفحة النائب اشرف الشبراوي ابو العلا,Ashraf Abouelela,≤100
103745798627292,المستشار ماهر ميلاد اسكندر,المستشار ماهر ميلاد اسكندر,≤100
100735985879226,شركة القاهرة لنقل الاثاث,These ads ran without a disclaimer,≤100
158643697625854,محمد تيسير مطر - Mohamed Tayser Mattar,Aplus,≤100
166420296805460,حزب المحافظين,These ads ran without a disclaimer,≤100
107608580936182,حزب العدل أسوان,These ads ran without a disclaimer,≤100
691770617659447,Lucas Royalty,These ads ran without a disclaimer,≤100
142375212503142,EU Neighbourhood & Enlargement,These ads ran without a disclaimer,≤100