﻿Page ID,Page name,Disclaimer,Amount spent (EUR)
46590675335,Save the Children Italia,Save the Children Italia,≤100
40433567307,UNICEF Italia,UNICEF Italia,≤100
70212282110,Altroconsumo,Altroconsumo,≤100
65737832194,Medici Senza Frontiere,Medici Senza Frontiere,≤100
73493613024,ActionAid Italia,ActionAid Italia,≤100
39993728498,Amnesty International - Italia,Amnesty International Italia,≤100
101809911384599,Flowe,Flowe,≤100
53347533412,LAV,LAV Onlus,≤100
400381673394375,CFI - Crisi Fiscale d'Impresa,CFC Legal,≤100
103968169809912,Credem Banca,Finanziato da Credem Banca,≤100
183047736356,EMERGENCY,EMERGENCY,≤100
100160149099313,Justice Initiative,Purpose Europe Limited,≤100
105796680963553,Gruppo Editoriale La Scuola SEI,Editrice La Scuola,≤100
1093222784082778,World Vision Italia,World Vision Italia Onlus,≤100
284515247529,Corriere della Sera,Corriere della Sera,≤100
299584710061488,WeWorld Onlus,WeWorld Onlus,≤100
598765886892277,Forever Bambù Società Benefit,Forever Bambù,≤100
309840349048638,e.on,E.ON Energia,≤100
88997912868,WWF Italia,WWF Italia,≤100
412537312142759,Marevivo Onlus,Marevivo Onlus,≤100
693492780985618,HSI/Italia,HSI/Italia,≤100
329747931220637,Marcello Massucco Sindaco per Sestri Levante,associazione Marcello Massucco sindaco per Sestri Levante,≤100
112527688820507,Mustela Italia,Mustela Italia,≤100
182760498490334,infoConcorsi,EdiSES Edizioni Srl,≤100
202326409808772,Tonno Mareblu,Mareblu,≤100
410043459011308,Fondazione IEO Monzino,Fondazione IEO-MONZINO,≤100
887405791294493,Scuola Greco Pittella,Scuola Greco Pittella S.r.l.,≤100
576664002355828,CIWF Italia,CIWF Italia Onlus,≤100
320002541432025,Tradimalt Spa,Tradimalt Spa,≤100
109491080460389,Bambine Non Spose,WeWorld Onlus,≤100
124450774313284,Etica Sgr,Etica Sgr,≤100
182631478421403,Rio Mare,Bolton Food,≤100
791707730845440,Win the Bank - Tutto Quello Che Ti Serve Per Ottenere Credito,Win the Bank - Tutto Quello Che Ti Serve Per Ottenere Credito,≤100
92505448987,CGIL Confederazione Generale Italiana del Lavoro,CGIL Confederazione Generale Italiana del Lavoro,≤100
105516089470922,CBM Italia Onlus,CBM Italia Onlus,≤100
865166100210938,Bosch Italia,Bosch Italia,≤100
190837724659552,Consulcesi,Consulcesi,≤100
91261353336,Terre des Hommes Italia,Terre des Hommes Italia,≤100
107492342616216,Legambiente Onlus,Legambiente Onlus,≤100
108761178213261,Healthy Peers,Arcigay APS,≤100
247705175335084,ReCommon,Re:Common,≤100
141019746076225,Sorgenia,Sorgenia,≤100
132707500076838,Il Fatto Quotidiano,SEIF S.p.A. – Società Editoriale Il Fatto Spa,≤100
102555822208649,IncludiMi,IncludiMi,≤100
120380341313167,Sinistra Italiana,Sinistra Italiana,≤100
150738452145624,BASF Italia,Basf Italia S.p.a.,≤100
295129913955200,Aboca,Aboca,≤100
100128926330298,Cirfood District,CIRFOOD sc,≤100
113071918732530,Animal Equality Italia,Animal Equality Italia,≤100
128297767335924,Emergenza Sorrisi ONLUS,Emergenza Sorrisi,≤100
116674114654565,Chiudi col gas,Chiudi col gas,≤100
19050847431,Terra,Terra_aps,≤100
104048831252,Carlo Fidanza,Carlo Fidanza,≤100
200837093313910,Farmacie Apoteca Natura,Farmacie Apoteca Natura,≤100
100896914607046,dejan_cetnikovic,Karaoke Reporter,≤100
157463237749900,Olmedo Mobility Division,Olmedo Special Vehicles S.p.A,≤100
106318735428971,Intersos Lab - Centro di Formazione,INTERSOS Lab,≤100
1673669186277733,Freeda,AG Digital Media,≤100
375882802451994,Capitalfin,Capitalfin,≤100
112419051106422,Previdenza Cooperativa,Previdenza Cooperativa,≤100
253657775240887,Pulsee,Axpo Italia,≤100
404402342956536,StartupItalia,StartupItalia,≤100
542186902560698,Unione Buddhista Italiana,Unione Buddhista Italiana,≤100
123866627353820,Orientiamoci,Shape It S.r.l.,≤100
1448101522079687,Onlymoso,Onlymoso,≤100
136888059662453,Mani Tese Ong Onlus,Mani Tese Ong Onlus,≤100
48677844864,Amref Health Africa - Italia,Amref Health Africa,≤100
1014207595271736,Azione contro la Fame Italia,Azione contro la Fame Italia,≤100
431324813546160,Otto per Mille Valdese,Otto per Mille Valdese,≤100
210270519580762,Francesco Italia Sindaco,Francesco Italia Sindaco,≤100
160725107411590,CONOU Consorzio Nazionale Gestione Raccolta Trattamento Oli Minerali Usati,eprcomunicazione,≤100
201484606557114,Fotovoltaico per Te,Fotovoltaico per Te,≤100
347006748786906,AIEF,AIEF Associazione Italiana Educatori Finanziari,≤100
110706268099736,GoBeyond,These ads ran without a disclaimer,≤100
1668922680093325,Propensione.it,Propensione.it,≤100
218671751661739,Fondazione Villa Maraini,Fondazione Villa Maraini,≤100
853902504738306,Centro Benedetta D’Intino,Centro Benedetta d'Intino,≤100
100964541456650,Will Media,Will Media,≤100
267617064117828,Plastic Free,Plastic Free Odv Onlus,≤100
122074554119,EU Social,EU Social,≤100
469381559808559,ITLAS Società Benefit,Itlas srl,≤100
80761643174,Fondazione Umberto Veronesi,Fondazione Umberto Veronesi,≤100
160297837351805,CGT Caterpillar,CGT S.p.A.,≤100
162764457111560,Dynamo Camp,Fondazione Dynamo Camp Onlus,≤100
1375732719313675,Doreca Un Mondo Da Bere,These ads ran without a disclaimer,≤100
103221808122706,inspiringirls_italia,inspiringirls_italia,≤100
48677844864,Amref Health Africa - Italia,Amref Health Africa - Italia,≤100
458027194373390,Possibile,Possibile,≤100
142331079621154,RESET,RESET S.r.l.,≤100
106609584287802,Facta,Facta,≤100
153967571694403,Led Italia,LED Italia S.r.l,≤100
118241586064,Fondazione Patrizio Paoletti,Fondazione Patrizio Paoletti,≤100
279254145570834,Monini,Monini s.p.a.,≤100
1393266557641903,Africa Rivista,Africa Rivista,≤100
590611178105666,Wonderwhy,Wonder Why,≤100
104800568170989,Chora Media,Chora Media,≤100
313559438694166,VIDAS - Assistenza ai Malati inguaribili,VIDAS - Assistenza ai Malati inguaribili,≤100
407066069720164,We Wealth,Voices of Wealth S.r.l.,≤100
105509601142342,Адвокат Шумский Игорь Васильевич,These ads ran without a disclaimer,≤100
118713758151850,UNHCR Italia - Agenzia ONU per i Rifugiati,These ads ran without a disclaimer,≤100