﻿Page ID,Page name,Disclaimer,Amount spent (EUR)
204493693449796,Matteo Gazzini,Matteo Gazzini,≤100
40433567307,UNICEF Italia,UNICEF Italia,≤100
108869884694293,Campobase,Campobase,≤100
46590675335,Save the Children Italia,Save the Children Italia,≤100
237466786344157,European Movement,European Movement International with Facebook Ad Credits,≤100
1594941907456654,Antonio Bova,Antonio Bova,≤100
2378119375751350,Sandro Repetto,Sandro Repetto,≤100
39993728498,Amnesty International - Italia,Amnesty International Italia,≤100
122074554119,EU Social,EU Social,≤100
110008275279346,Achille Spinelli,Achille Spinelli,≤100
779347678751107,Paul Köllensperger,Paul Köllensperger,≤100
70212282110,Altroconsumo,Altroconsumo,≤100
54763854010,Die Freiheitlichen (Freiheitliche Partei Südtirol),Die Freiheitlichen (Freiheitliche Partei Südtirol),≤100
35346524498,Greenpeace Italia,Greenpeace Italia,≤100
393452754097302,Solarcenter,Archimede s.r.l.,≤100
53347533412,LAV,LAV Onlus,≤100
88997912868,WWF Italia,WWF Italia,≤100
65737832194,Medici Senza Frontiere,Medici Senza Frontiere,≤100
73493613024,ActionAid Italia,ActionAid Italia,≤100
103968169809912,Credem Banca,Credem Banca,≤100
115834959855187,Andreas Fernandez,Andreas Fernandez,≤100
178362315106,European Parliament,European Parliament,≤100
159588420729804,Provincia Bolzano,Provincia autonoma di Bolzano,≤100
108895805815369,alfemminile.com,Alfemminile,≤100
232595763440600,Marco Rizzo,Democrazia Sovrana Popolare,≤100
634243093317092,Amoro srl,Amoro Srl,≤100
1451345288320470,Michele Dallapiccola Consigliere Provinciale,Michele Dallapiccola Consigliere Provinciale,≤100
116674114654565,Chiudi col gas,Chiudi col gas,≤100
1560429730868291,Herbert Dorfmann,Herbert Dorfmann,≤100
23030207692,Garda Trentino,Garda Dolomiti – Azienda per il Turismo S.p.A.,≤100
576664002355828,CIWF Italia,CIWF Italia Onlus,≤100
48677844864,Amref Health Africa - Italia,Amref Health Africa,≤100
107730868733354,Pietro Patton,Pietro Patton,≤100
309840349048638,e.on,E.ON Energia,≤100
113315851852907,Срочные Новости,These ads ran without a disclaimer,≤100
101615146353047,Casa Autonomia.eu - Movimento,Casa Autonomia.eu,≤100
1410982385785337,Donatella Conzatti,Donatella Conzatti,≤100
68826971281,Edison,Edison Spa,≤100
423472904417850,Gianantonio Da Re,Gianantonio Da Re,≤100
112271921930021,Matthias von Wenzl,Matthias von Wenzl,≤100
779347678751107,Paul Köllensperger,Team K,≤100
190837724659552,Consulcesi,Consulcesi,≤100
421539548423434,SOS Rifugiati,UNHCR Italia - Agenzia ONU per i Rifugiati,≤100
267617064117828,Plastic Free,Plastic Free Odv Onlus,≤100
370124820863,Sightsavers Italia Onlus,Sightsavers International Italia Onlus,≤100
107944488881412,Ministero del Lavoro e delle Politiche Sociali,Ministero del Lavoro e delle Politiche Sociali,≤100
179082995487557,SOS Villaggi dei Bambini - Italia,SOS Villaggi dei Bambini - Italia,≤100
274349052661382,Fondazione Trentina Alcide De Gasperi,Fondazione Trentina Alcide De Gasperi,≤100
693492780985618,HSI/Italia,HSI/Italia,≤100
299584710061488,WeWorld Onlus,WeWorld Onlus,≤100
429869420485277,Uil del Trentino,Uil del Trentino,≤100
101221479103,Fondazione Progetto Arca Onlus,Fondazione Progetto Arca Onlus,≤100
8792700660,Istituto Bruno Leoni,Istituto Bruno Leoni,≤100
753253628339973,Alex Ploner - Team K,Alex Ploner,≤100
251389298296527,Randstad Italia,Randstad Italia Spa,≤100
318986935171451,Repower Italia,Repower Italia S.p.a.,≤100
141019746076225,Sorgenia,Sorgenia,≤100
132707500076838,Il Fatto Quotidiano,SEIF S.p.A. – Società Editoriale Il Fatto Spa,≤100
113071918732530,Animal Equality Italia,Animal Equality Italia,≤100
110372232331805,Mission Bambini,Mission Bambini,≤100
111311797112748,Marco Piantoni,Marco Piantoni,≤100
101158695138594,SOS Climate Change,UNHCR,≤100
171795872872353,ISPI - Istituto per gli studi di politica internazionale,ISPI - Istituto per gli studi di politica internazionale,≤100
77616581723,Smile House Fondazione ETS,Smile House Fondazione ETS,≤100
295129913955200,Aboca,Aboca,≤100
102000366519353,EIPASS,Certipass srl,≤100
400381673394375,CFI - Crisi Fiscale d'Impresa,CFC Legal,≤100
887405791294493,Scuola Greco Pittella,Scuola Greco Pittella S.r.l.,≤100
1014207595271736,Azione contro la Fame Italia,Azione contro la Fame Italia,≤100
268976423121377,Essere Animali,Essere Animali,≤100
1441172666130044,Marco Zanni,Marco Zanni,≤100
518554421552994,quixa,quixa,≤100
56755731998,Codacons,Codacons,≤100
100789019500402,La Civica Altopiano di Pinè - Valle di Cembra,La Civica Altopiano di Pinè - Valle di Cembra,≤100
284515247529,Corriere della Sera,These ads ran without a disclaimer,≤100
288163724547445,GFE - Gioventù Federalista Europea / JEF Italy,GFE - Gioventù Federalista Europea / JEF Italy,≤100
1583832781922269,La Verità,La Verità,≤100
48677844864,Amref Health Africa - Italia,Amref Health Africa - Italia,≤100
1093222784082778,World Vision Italia,World Vision Italia Onlus,≤100
587213524737852,WebSalute - Vvox,WebSalute,≤100
347006748786906,AIEF,AIEF Associazione Italiana Educatori Finanziari,≤100
80761643174,Fondazione Veronesi,Fondazione Umberto Veronesi,≤100
377901329389619,Ener2Crowd,Ener2Crowd,≤100
201484606557114,Fotovoltaico per Te,Fotovoltaico per Te,≤100
8387084989,Marco Travaglio,SEIF Società Editoriale Il Fatto Spa,≤100
526901760669684,Partito Animalista Europeo,Partito Animalista Europeo,≤100
45408828511,OIPA Italia,OIPA,≤100
542186902560698,Unione Buddhista Italiana,Unione Buddhista Italiana,≤100
613417015791230,Alessandra Basso,Alessandra Basso,≤100
150200761667597,Oxfam Italia,Oxfam Italia,≤100
313559438694166,VIDAS - Assistenza ai Malati inguaribili,VIDAS - Assistenza ai Malati inguaribili,≤100
865166100210938,Bosch Italia,Bosch Italia,≤100
104800568170989,Chora Media,Chora Media,≤100
106199837902239,Innesti,Caviro sca,≤100
118241586064,Fondazione Patrizio Paoletti,Fondazione Patrizio Paoletti,≤100
124450774313284,Etica Sgr,Etica Sgr,≤100
183047736356,EMERGENCY,EMERGENCY,≤100
396512120735562,CIRFOOD,CIRFOOD sc,≤100
119200734774774,Radicali,Radicali,≤100
100387133404972,Gay Center,Gay Center,≤100
1486718904933717,Fondazione Compagnia di San Paolo,Compagnia di San Paolo,≤100
257745388353359,Maria Elisabeth Rieder - Team K,Maria Elisabeth Rieder,≤100
232017336910584,Rivista Il Borghese,Casa Editrice Pagine,≤100
1444613949161947,Fondazione Giovanni Celeghin Onlus,Fondazione Giovanni Celeghin Onlus,≤100
1410474395723679,Petizioni.it,Petizioni.it,≤100
202343513183670,DHL Express Italy,DHL Express Italy,≤100
331092066942114,Fondazione Italia Uganda,Fondazione Italia Uganda Onlus,≤100
103211424754369,Domani,Domani,≤100
131887960826264,Carlo Calenda,Azione,≤100
284515247529,Corriere della Sera,Corriere della Sera,≤100
248612615697451,Enoch Soranzo,Enoch Soranzo,≤100
277161436673,Scuola di formazione IPSOA,Wolters Kluwer Italia S.r.l.,≤100
180329672596502,Fratelli d'Italia Senato,Fratelli d'Italia Senato,≤100
667483386685540,Silvia Sardone,Silvia Sardone,≤100
212244778899508,Tenderly,Lucart Spa,≤100
366568029646,COOPI,COOPI,≤100
169042736456594,All Out,All Out,≤100
182120865170178,Gianluigi Paragone,Gianluigi Paragone,≤100
272801896733406,USR PLUS Italia,Partidul Uniunea Salvati Romania,≤100
120380341313167,Sinistra Italiana,Sinistra Italiana,≤100
1035757379850845,Rosanna Conte,Rosanna Conte - Europarlamentare della Lega,≤100
117266648305733,LifeGate,LifeGate,≤100
153967571694403,Led Italia,LED Italia S.r.l,≤100
303531599691398,Mariastella Gelmini,Mariastella Gelmini,≤100
111215267090745,Re Soil Foundation,ReSoilFoundation,≤100
112459141202005,LineaAmica,LineaAmica,≤100
200837093313910,Farmacie Apoteca Natura,Farmacie Apoteca Natura,≤100
142331079621154,RESET,RESET S.r.l.,≤100
331372771010,Festival della Mente,Festival della Mente,≤100
469611020235433,Duferco Energia,Duferco Energia Spa,≤100
527351247377965,European Committee of the Regions,European Committee of the Regions,≤100
375882802451994,Capitalfin,Capitalfin,≤100
105517781627039,RM scuola - Università,RM Scuola Campus,≤100
1585369755090498,Mediobanca,Mediobanca,≤100
557773551234843,Schroders Italy,Schroder Investment Management (Europe) S.A. - Succursale Italiana,≤100
622535581146758,CNA,CNA,≤100
858330457856066,Jacopo Coghe,Jacopo Coghe,≤100
157463237749900,Olmedo Mobility Division,Olmedo Special Vehicles S.p.A,≤100
2613707698646326,Pop Edizioni,POP EDIZIONI SRL SRL,≤100
537369456719694,Jane Lepori,Jane Lepori,≤100
448673151909743,Grazie EcoNatural,Lucart Spa,≤100
101866495232330,Cristian Trio,Cristian Trio,≤100
103622722494694,Ecco think tank,ECCO think tank,≤100
292557288123759,AFemaleChoice,AFemaleChoice,≤100
441812505843728,Corepla,Corepla,≤100
160725107411590,CONOU Consorzio Nazionale Oli Minerali Usati,eprcomunicazione,≤100
252449503661,La7,La7,≤100
791707730845440,Win the Bank - Tutto Quello Che Ti Serve Per Ottenere Credito,Win the Bank - Tutto Quello Che Ti Serve Per Ottenere Credito,≤100
41195081676,Mario Pittoni,Mario Pittoni,≤100
150738452145624,BASF Italia,Basf Italia S.p.a.,≤100
458027194373390,Possibile,Possibile,≤100
307912359293952,Viessmann,Viessmann Italia,≤100
451419891563905,Pro Vita & Famiglia Onlus,Pro Vita & Famiglia Onlus,≤100
109243995107035,Finance & Business Academy,These ads ran without a disclaimer,≤100
1668922680093325,Propensione.it,Propensione.it,≤100
107321830749965,Lavialibera,Lavialibera,≤100
19050847431,Terra,Terra_aps,≤100
134931073377586,European Conservatives and Reformists Party,ECR Party,≤100
104891121410035,eXL magazine,iDNA,≤100
180275292801010,Fratelli d'Italia Camera,"Gruppo Parlamentare della Camera dei Deputati ""Fratelli D'Italia""",≤100
394832128017774,Alessandro Panza,Alessandro Panza,≤100
102284761976864,wanter.it,wanter.it,≤100
103635149172226,Chef Express - Un Sorriso lungo un Viaggio,Chef Express - Un Sorriso lungo un Viaggio,≤100
105879237815238,Fondazione Unipolis,Fondazione Unipolis,≤100
1673669186277733,Freeda,AG Digital Media,≤100
147451502073583,In Migrazione,In Migrazione,≤100
1506899926282450,Fondazione UNA,Fondazione UNA Onlus,≤100
103761884872990,Torino Città per le Donne,Torino Città per le Donne,≤100
103903979291473,Viminale - Ministero dell'Interno,Viminale - Ministero dell'Interno,≤100
169654563482312,Sergio Emidio Bini,Sergio Emidio Bini,≤100
59374667427,Alice for Children,Alice for Children,≤100
113981835089896,Il Politico Web,Matteo Di Bello,≤100
503567226377662,"Centro Narconon ""Il Gabbiano""","Centro Narconon ""Il Gabbiano""",≤100
1445354675792937,Centro Studi Rosario Livatino,Centro Studi Rosario Livatino,≤100
101360778321507,Co Ma Ri Srl,CMS S.p.A.,≤100
279234965434875,Energit,Energ.it Spa,≤100
2157706944445944,Azione,Azione,≤100
469994633049482,Casa di Accoglienza delle Donne Maltrattate di Milano,Casa di Accoglienza delle Donne Maltrattate di Milano,≤100
290721534331298,Anna Ascani,Anna Ascani,≤100
1710827805727348,Fondazione Libellula,Fondazione Libellula,≤100
1583906838560814,Noi che credevamo,Noi che credevamo,≤100
1726834734195713,Cervia Città Giardino,Cervia Città Giardino,≤100
105137288606752,Vincenza Palmieri Ambasciatrice per i Diritti Umani,Vincenza Palmieri Ambasciatrice per i Diritti Umani,≤100
185381915166827,sonnen,sonnen,≤100
584708468315842,Artemisia Fondazione,Artemisia Fondazione,≤100
200468847232,Privatassistenza,Privatassistenza,≤100
56208847866,Gianni Alemanno,Gianni Alemanno,≤100
312933172093226,Associazione Luca Coscioni,Associazione Luca Coscioni,≤100
486228231540331,Partito Animalista Italiano,Partito Animalista Italiano,≤100
1393266557641903,Africa Rivista,Africa Rivista,≤100
179976002026783,Tusciaweb,Tusciaweb,≤100
1727514660628641,Roberto Cataldi,Roberto Cataldi,≤100
101149432770493,vincent.leprette,These ads ran without a disclaimer,≤100
105696809286128,CREA - L'Italia che faremo,CREA!,≤100
445235400057,Commissione europea – Rappresentanza in Italia,Commissione europea – Rappresentanza in Italia,≤100
480871535271240,Fondazione Cariplo,Fondazione Cariplo,≤100
132553296808689,Massimo Coppola,Massimo Coppola,≤100
534574446570628,Rivista Forestale Sherwood,Rivista Forestale Sherwood,≤100
107736128697080,EOS - Edison Orizzonte Sociale,EOS - Edison Orizzonte Sociale,≤100
121793864832061,Daniele Novara,Centro Psicopedagogico per l'educazione e la gestione dei conflitti,≤100
100750492528879,Bamboopro,BambooPro,≤100
853902504738306,Centro Benedetta D’Intino,Centro Benedetta d'Intino,≤100
114018400898946,Macro Invest,Macro Invest,≤100
127839944083908,Robby Giusti,Robby Giusti,≤100
1551821181603037,"La Salute: un bene da difendere, un diritto da promuovere","La Salute: un bene da difendere, un diritto da promuovere",≤100
103221808122706,inspiringirls_italia,inspiringirls_italia,≤100
1280128282137797,Enzo Amich,Enzo Amich,≤100
793211171059364,Francescani per la Vita,Francescani per la Vita,≤100
1603966533257308,Maria Cristina Pisani,Maria Cristina Pisani,≤100
112105128574249,EXPO AID 2023,STUDIO EGA - SOCIETA' A RESPONSABILITA' LIMITATA,≤100
1454878551488658,Pino Bicchielli,Pino Bicchielli,≤100
108761354810576,GrifoFinance,GRIFOFINANCE CONSULENZA E MEDIAZIONE CREDITIZIA S.r.l.,≤100
161273934364797,Paradigma Italia,Paradigma Italia S.p.A.,≤100
199809013951963,Monica Pagano,Monica Pagano,≤100
753800634652691,Paola Chiesa,Paola Chiesa,≤100
172914676069816,Centro Studi Americani,Centro Studi Americani,≤100
105697815298,Andrea Zanoni,Andrea Zanoni,≤100
195895477096555,Cefa - Il seme della solidarietà,Cefa- Il seme della solidarietà- Onlus,≤100
206708532746370,Mara Bizzotto Pagina Ufficiale,Mara Bizzotto,≤100
1627633387486649,SOS MEDITERRANEE Italia,SOS MEDITERRANEE Italia,≤100
1528567204138006,Futuri Comuni,Futuri Comuni,≤100
1634222830210570,Gianluca Fiusco,Gianluca Fiusco,≤100
193027960795836,Consulenti del Lavoro,Fondazione Studi Consulenti del Lavoro,≤100
181864685188048,Maurizio Marrone,Maurizio Marrone,≤100
1420345371514860,Interlife Onlus,Interlife,≤100
190417011163052,Fials Bologna,Fials Bologna,≤100
105516089470922,CBM Italia Onlus,CBM Italia Onlus,≤100
431324813546160,Otto per Mille Valdese,Otto per Mille Valdese,≤100
286158693795,"Fondazione Casa della Carità ""A. Abriani""","Fondazione Casa della Carità ""A. Abriani""",≤100
172914676069816,Centro Studi Americani,These ads ran without a disclaimer,≤100
227284747464295,Sergio Berlato,Sergio Berlato,≤100
101341869245338,Cataldo Baratta - Il Politicante,Cataldo Baratta - Il Politicante,≤100
263368177127232,Le Nius,Le Nius,≤100
583229838437691,Conflavoro PMI,Conflavoro PMI,≤100
283617645543467,Tau House Project - Frati Minori Lazio onlus,Tau House Project,≤100
107898832590939,European Commission,European Commission,≤100
591249014329371,ClassiCult,ClassiCult,≤100
1448101522079687,Onlymoso,Onlymoso,≤100
166027216814695,Firriato,Firriato Winery,≤100
560317800682461,Luca Cannata,Luca Cannata,≤100
192209717630141,First Cisl nazionale,First Cisl,≤100
1692192411057247,ANPIT - Azienda Italia,Anpit,≤100
1176999669002221,Performer,Performer Srl,≤100
29698883228,AIFO,AIFO,≤100
281797875189719,Avanti! online,Avanti! online,≤100
2797201316986482,Annalisa Tardino,Annalisa Tardino,≤100
141763052569935,Image Line,Image Line,≤100
116181541819083,Nicola Fratoianni,Nicola Fratoianni,≤100
155970757773137,ISDE - Associazione Medici per l'Ambiente,ISDE Italia - Associazione Medici per l'Ambiente,≤100
239383456080711,Italian Climate Network,Italian Climate Network,≤100
103151711785728,Grazia Di Maggio,Grazia Di Maggio,≤100
222403031687114,ArciAtea,ArciAtea APS,≤100
1692232124412053,Protezione Sociale Italiana,Protezione Sociale Italiana,≤100
198307320795172,Are you R,Are you R,≤100
605435696586935,Alessandra Todde,Alessandra Todde,≤100
343132907074660,Villy de Luca,Villy de Luca,≤100
48952279043,Andrea Mascaretti,Andrea Mascaretti,≤100
264869596888019,Roberto Di Stefano,Roberto Di Stefano,≤100
73842934441,CIAI,CIAI,≤100
176210685871751,Arcs Culture Solidali,Arcs Culture Solidali,≤100
184415115033162,Silvia Scurati,Silvia Scurati,≤100
1566464517005046,ASSIV,ASSIV,≤100
103546574756191,Fondo Pensione Priamo,Fondo Priamo,≤100
111810305178033,Dario Costantini,CNA Nazionale,≤100
177990150967421,La Verità di San Giorgio,La Verità di San Giorgio,≤100
31800331297,Gariwo - Foresta dei Giusti,Gariwo - Foresta dei Giusti,≤100
186799161499691,Libraccio,D.M.B. S.r.l.,≤100
204724029665288,Enegan - Luce e Gas,Enegan S.p.A.,≤100
863670390343095,Gruppo Illiria,Gruppo Illiria,≤100
110354967359505,Materasso Bedshire,Ce.Pro.L di Gatti Luca,≤100
230738230802831,Federazione Nazionale dei Cavalieri del Lavoro,Federazione Nazionale dei Cavalieri del Lavoro,≤100
79128475979,FUNIMA International Onlus,FUNIMA International Onlus,≤100
160297837351805,CGT,CGT S.p.A.,≤100
608197162618204,Patronato  Epasa-Itaco Cittadini e Imprese,Epasa-Itaco Cittadini e Imprese,≤100
469381559808559,ITLAS Società Benefit,Itlas srl,≤100
335126483234062,Maurizio Acerbo,Maurizio Acerbo,≤100
1817269115180421,Gustabacco Enoteca,Gustabacco,≤100
189210988629693,Annamaria Mancuso,Annamaria Mancuso,≤100
171869093280946,EICOM Energia,Eicom energia,≤100
266957210152139,Gilberto Pichetto,Gilberto Pichetto,≤100
160406350666170,Eurodeputati PD,EurodeputatiPD,≤100
237843932914197,Alground Geopolitica Cyberwarfare,Trizio Consulting,≤100
280099795721649,U-Report On The Move,UNICEF,≤100
104204237978769,DonK Humanitarian Medicine,DonK Humanitarian Medicine,≤100
116214391408529,Terranea Magazine,Terranea Magazine,≤100
384336384924608,Lesbiche Bologna,Lesbiche Bologna,≤100
253657775240887,Pulsee Luce e Gas,Axpo Italia,≤100
100997389067405,Enfea,Enfea,≤100
104727538126958,The Watcher Post,The Watcher Post,≤100
1429383923849615,Fondo FASDA,Fondo FASDA,≤100
67527694280,Arché,Arché,≤100
102438334573784,Antonella Zedda,Antonella Zedda,≤100
106577392014536,"Io, comandante di Wagner - Il libro rivelazione",Pienogiorno,≤100
1007973302727293,Teach For Italy,Teach For Italy,≤100
588400107853314,Marco Furfaro,Marco Furfaro,≤100
514810168678822,Kapunto,These ads ran without a disclaimer,≤100
1496504030436035,Pitillos Italia,Pitillos Italia,≤100
107097281458282,ASSOBIBE,ASSOBIBE,≤100
104867689217251,CityNext,CityNext,≤100
104260031292530,Marcello Carli,These ads ran without a disclaimer,≤100
556039361581037,Withub,Withub,≤100
227498090641951,SNADIR Nazionale,SNADIR Nazionale,≤100
101047321724796,Semplicità,Semplicità,≤100
1420012461585538,Assidai - Fondo di Assistenza Sanitaria per il tuo benessere,Assidai,≤100
218671751661739,Fondazione Villa Maraini,Fondazione Villa Maraini,≤100
118356801554598,EU Food & Farming,These ads ran without a disclaimer,≤100
159941104940519,Daniele Demattè.,Daniele Demattè.,≤100
154144331904379,Marta Schifone,SocialCom,≤100
289932296433,Medici con l'Africa Cuamm,Fondazione Opera San Francesco Saverio,≤100
122191987831675,Fabio Amendolara,Fabio Amendolara,≤100
129363807081490,Modavi,Modavi Onlus,≤100
590611178105666,Wonderwhy,Wonder Why,≤100
348960008624813,La Nuova Europa,La Nuova Europa,≤100
109094031594910,Luigi Pinto,Luigi Pinto,≤100
104065552225446,Compagni Di Viaggio,Compagni Di Viaggio,≤100
1494770570823635,Pippi Mellone Sindaco,Pippi Mellone Sindaco,≤100
1439514556290274,Nicola Caputo,Nicola Caputo,≤100
902664933169474,SICC - Scientific International Conference on CBRNe,These ads ran without a disclaimer,≤100
117509691369546,Human Hall,Human Hall,≤100
316585729040272,Trasimeno Prog,These ads ran without a disclaimer,≤100
105785884951154,Alberami,Alberami Srl,≤100
109588348730342,Chiacchiere Politiche,Chiacchiere Politiche,≤100
125635380862838,Io Bevo,General Beverage,≤100
126210297412918,Vaccarezza In Regione,Vaccarezza In Regione,≤100
160132570689280,Arcigay,Arcigay,≤100
337242959634555,K-Pax,K-Pax Onlus Cooperatativa Sociale,≤100
206936886139,Coldwell Banker Italy,Coldwell Banker Italy,≤100
155869317820754,Il Commercialista - la tribù dei Commercialisti,Il Commercialista - la tribù dei Commercialisti,≤100
2010818202289586,Christian Luisi,Christian Luisi,≤100
293173811838,Zeroviolenza,Zeroviolenza,≤100
438169549908965,Andrea Spiller Consigliere Comunale,Andrea Spiller Consigliere Comunale,≤100
341860389261473,Federico Mollicone,Federico Mollicone,≤100
602678809928628,Guido Quintino Liris,Guido Quintino Liris,≤100
340304166366511,Americo Di Benedetto,Americo Di Benedetto,≤100
953053284862195,Maria Spena,Maria Spena,≤100
1690675680996286,Pagina Roberto Rosso,Pagina Roberto Rosso,≤100
205798119968781,Cikis,Cikis,≤100
2012236382431045,Onorio Di Giovanna - Consigliere Comunale,Onorio Di Giovanna - Consigliere Comunale,≤100
563861997055351,Giorgia Latini,Giorgia Latini,≤100
109667708188369,Daniela Carli,Daniela Carli,≤100
174921619345619,Samuele Mascarin - LE IDEE IN COMUNE,Samuele Mascarin - LE IDEE IN COMUNE,≤100
258755651183,Alfonso Pecoraro Scanio,Alfonso Pecoraro Scanio,≤100
164992846848920,Ad alta voce,KAERU / DGMP Snc,≤100
116618357994258,Mallow,Mallow,≤100
122663924153665,La Molecola curativa,La Molecola curativa,≤100
104561768017074,Adalgisa La Torre  Sindaco di Ordona,These ads ran without a disclaimer,≤100
166111116741452,Zeta Luiss,These ads ran without a disclaimer,≤100
1382868132042683,Massimiliano Romeo,Massimiliano Romeo,≤100
1766466673641354,Antonino La Spina,Antonino La Spina,≤100
1403653346384000,Studio Legale Di Veroli,Studio Legale Di Veroli,≤100
2189711451289914,Etherna skin care,These ads ran without a disclaimer,≤100
201303306547982,Campagna Abiti Puliti,Campagna Abiti Puliti,≤100
201344863274720,USB Pubblico Impiego,USB Pubblico Impiego,≤100
340330399480842,CMP - pallet e contenitori in plastica,CMP - pallet e contenitori in plastica,≤100
110427598539707,I dodici Presidenti della Repubblica,Salvatore Piccolo,≤100
853493821355481,Insieme per Massa Lubrense,Insieme per Massa Lubrense,≤100
356102944825132,Antonio Cascone,Antonio Cascone,≤100
496873810372627,Cittadini reattivi,Cittadini Reattivi APS,≤100
104578154630928,BIC Incubatori FVG,BIC INCUBATORI S.R.L.,≤100
1684252495162374,Monica Romano,Monica Romano,≤100
922737261081955,Elisa Montemagni,Elisa Montemagni,≤100
450326391674911,Allianz,These ads ran without a disclaimer,≤100
778584105497901,Donizetti Opera,These ads ran without a disclaimer,≤100
150301155010350,Intersos,Intersos,≤100
105332674760119,ista Italia Srl,Ista Italia srl,≤100
267353906619818,Mr. Gugu & Miss Go,These ads ran without a disclaimer,≤100
110653875443841,Femhd Store,These ads ran without a disclaimer,≤100
2302955050018469,PedagogicaMente,These ads ran without a disclaimer,≤100
109226351931340,Jimena Gonzalez,These ads ran without a disclaimer,≤100
104033005975201,luca___iannuzzi,These ads ran without a disclaimer,≤100
100474876486821,Baltic Development Fund,These ads ran without a disclaimer,≤100
550751965021284,Success Resources,These ads ran without a disclaimer,≤100