﻿Page ID,Page name,Disclaimer,Amount spent (USD)
725946641169344,عبد العالي حساني شريف Abdelaali Hassani Cherif,عبد العالي حساني شريف Abdelaali Hassani Cherif,≤100
103057146116195,التنسيقية الوطنية للإعفاء من الخدمة الوطنية صف 1991 1996,التنسيقية الوطنية للإعفاء من الخدمة الوطنية صف 1991 1996,≤100
104140320927199,قناة الإنتصار TV,قناة الإنتصار TV,≤100
322865159833,RCD Espanyol de Barcelona,These ads ran without a disclaimer,≤100
415438789051284,"حزب سياسي جديد ""الحراك الجزائري العالمي سلمي من أجل الجزائر والقدس",These ads ran without a disclaimer,≤100
1407356206051371,الشيخ الدكتور وليد السمامعة,These ads ran without a disclaimer,≤100
299227550122220,Radio Cina Internazionale,These ads ran without a disclaimer,≤100
106921975073316,Jusoor Post - جسور بوست,These ads ran without a disclaimer,≤100
111679394767549,المشروع القومي لمشتقات البلازما,These ads ran without a disclaimer,≤100
209260229112443,Greenpeace غرينبيس,These ads ran without a disclaimer,≤100
1368385879846817,Almasdar Dz,These ads ran without a disclaimer,≤100
274017972795375,Algerie 24,aljazair24,≤100
101829932732646,Kamal Znidar,These ads ran without a disclaimer,≤100