﻿Page ID,Page name,Disclaimer,Amount spent (USD)
101605572118417,Qarabağ Dirçəliş Fondu,Qarabağ Dirçəliş Fondu,≤100
104355860955968,Press Klub,Press Klub,≤100
101706675429426,Karabakh Center,Qarabağ Dirçəliş Fondu,≤100
1105365056168613,AbzasMedia,AbzasMedia,≤100
459298240774359,ModeratorAz,ModeratorAz,≤100
100202725184190,Caliber.Az,Caliber LLC,≤100
330940447588598,APA,Azeri Press Agency,≤100
177856385592294,Kulis az,Kulis İnternet Dərgisi,≤100
806234346120161,Toplum TV,Toplum tv,≤100