﻿Page ID,Page name,Disclaimer,Amount spent (EUR),Number of ads in Library
178362315106,European Parliament,European Parliament,≤100,13
102944721782406,Γραφείο Επιτρόπου Επικοινωνιών,National CSIRT-CY,≤100,8
2222575577961067,Cyprus Center for Alternative Dispute Resolution,Cyprus Center for Alternative Dispute Resolution,≤100,2
698669730577000,Ygeiawatch,Ygeiawatch,≤100,8
453414104748271,Lefkoşa Türk Belediyesi,Lefkoşa Türk Belediyesi,≤100,2
271120899565258,Σάβια Ορφανίδου | Savia Orphanidou,Savoula Orphanidou,≤100,1
822417261217421,Dr. Eleni Stavrou - Δρ Ελένη Σταύρου,Eleni Stavrou,≤100,1
166733630194637,Trojan Economics,Trojan Economics,≤100,4
197874087030899,Costas Mavrides - Κώστας Μαυρίδης,Costas Mavrides - Κώστας Μαυρίδης,≤100,3
244607425634139,StockWatch Cyprus,Stockwatch,≤100,4
200480966638039,Supremacy 1914,These ads ran without a disclaimer,≤100,3
107389055063575,Στέφανος Στεφάνου,ΑΚΕΛ - AKEL,≤100,8
117799504920552,ΑΚΕΛ - AKEL,ΑΚΕΛ,≤100,8
408044369220255,Mercedes-Benz Cyprus,These ads ran without a disclaimer,≤100,3
1489556681297997,Γυναικείο Κίνημα ΠΟΓΟ,Eleni Evagorou,≤100,1
465987706758805,Όμιλος Βιοιατρική - Χημείο Γιαννουκά & Άλφα Εύρεσις,Όμιλος Βιοιατρική - Χημείο Γιαννουκά & Άλφα Εύρεσις,≤100,8
477173845681759,Energyintel Services Ltd,Energyintel Services Ltd,≤100,3
106262547828612,Φωτεινή Τσιρίδου - Fotini Tsiridou,Fotini Tsiridou,≤100,2
452945224795346,Cyprus Youth Council.Συμβούλιο Νεολαίας Κύπρου.Kıbrıs Gençlik Konseyi,Cyprus Youth Council.Συμβούλιο Νεολαίας Κύπρου.Kıbrıs Gençlik Konseyi,≤100,2
314432094055,ShootandGoal,Δημήτριος Χατζηαντώνη,≤100,2
219061554833957,Yiannis Karousos - Γιάννης Καρούσος,Yiannis Karousos - Γιάννης Καρούσος,≤100,3
103717902272130,Sustainable Mobility Cyprus,Contact Advertising Agency Ltd,≤100,7
358841031473567,ΧΡΥΣΗΣ ΠΑΝΤΕΛΙΔΗΣ,Χρυσανθος Παντελιδης,≤100,3
109252201264120,Κλάδος Αστυνομικού Σώματος-Ισότητα,Κλάδος Αστυνομικού Σώματος-Ισότητα,≤100,1
2074154366187575,CityChannel,HH UNITRUSTMEDIA LTD,≤100,3
110768151059344,Πάφος Κίνημα Οικολόγων - Συνεργασία Πολιτών,Κίνημα Οικολόγων - Συνεργασία Πολιτών,≤100,1
805526552898483,Reporter,These ads ran without a disclaimer,≤100,1
152323649047719,Μαχαιροχώρια,Blend Digital,≤100,4
110278131794312,The Daily Mediterranean News,The Daily Mediterranean News,≤100,1
359990714123068,Οργανισμός Νεολαίας Κύπρου / Youth Board of Cyprus,Οργανισμός Νεολαίας Κύπρου / Youth Board of Cyprus,≤100,1
823788047675556,Call of War,These ads ran without a disclaimer,≤100,1
351711568266274,Φικάρδου,Blend Digital,≤100,4
527351247377965,European Committee of the Regions,European Committee of the Regions,≤100,1
104093047863641,Ανδρέας Θεοφάνους,Andreas Theophanous,≤100,1
100514261565221,Chinese Embassy in Cyprus,Georgios Kitis,≤100,1
110947934593991,Infocredit Professional Education,Infocredit Professional Education,≤100,1
398475986896098,Elysee Irrigation,Elysee Irrigation,≤100,1
213335395425425,Pissis Ltd,Pissis Ltd,≤100,3
191099214413083,Cyprus Business News,These ads ran without a disclaimer,≤100,2
112262374694350,DiEM25 Cyprus,DiEM25,≤100,1
100398562131226,The Cyprus Political Television,Charalambos Therapis,≤100,1
406404342873724,Κίνημα Οικολόγων - Συνεργασία Πολιτών,Κίνημα Οικολόγων - Συνεργασία Πολιτών,≤100,1
103128059291677,Saaraba,These ads ran without a disclaimer,≤100,2
110463704610731,Cute Kiwi,These ads ran without a disclaimer,≤100,1
100247939239154,I love Gusu,These ads ran without a disclaimer,≤100,1
109098014970060,Nature,These ads ran without a disclaimer,≤100,1
956414094412480,PaliRoots - جذور فلسطين,These ads ran without a disclaimer,≤100,2
245094455536925,FOUR PAWS,These ads ran without a disclaimer,≤100,2
270082823183144,Canton Fair,These ads ran without a disclaimer,≤100,1
176104589110851,IEEE,These ads ran without a disclaimer,≤100,1
100386342622682,Studerende på Københavns Universitet,These ads ran without a disclaimer,≤100,1
17043549797,MIT Technology Review,These ads ran without a disclaimer,≤100,1