﻿Page ID,Page name,Disclaimer,Amount spent (SAR)
110746171982463,Mozzn,These ads ran without a disclaimer,≤100
103358572718794,সৌদি আরব প্রবাসী,These ads ran without a disclaimer,≤100
880611255347800,Phoenix TV 鳳凰衛視,These ads ran without a disclaimer,≤100
111359355316140,আসাদুজ্জামান,These ads ran without a disclaimer,≤100
106811032418103,অজানা পৃথিবী,These ads ran without a disclaimer,≤100
103465465114439,Streaming Asia,These ads ran without a disclaimer,≤100
103180529402785,Bankbooklet,These ads ran without a disclaimer,≤100
244196442342820,Muslim Pro,These ads ran without a disclaimer,≤100
110247688761306,প্রবাসীর উপকারে আসি আমি,These ads ran without a disclaimer,≤100