﻿Page ID,Page name,Disclaimer,Amount spent (TRY)
100910024639566,Ali Babacan,Deva Partisi,673
478670012154037,Think Then Choose Wisely,These ads ran without a disclaimer,367
1604958276192112,Alper Taban,Alper Taban,≤100
102095934751904,Deva Partisi,Deva Partisi,≤100
1635963623197424,On Medya,Orhan Efe,≤100
213178965387804,Union for the Mediterranean,These ads ran without a disclaimer,≤100
180404128680446,Dr. Şadi YAZICI,Dr. Şadi YAZICI,≤100
100665102848993,Gün Gün Kurtuluş,İlker  Tanrıverdi,≤100
101102667915972,PCE Turkey,These ads ran without a disclaimer,≤100
219031704851494,SAS (Satın Almayın Sahiplenin),Fırat Yıldız Ahmet,≤100
1439683329600228,Ümit Uysal,Ümit Uysal,≤100
191453580768,Yeni Şafak,Piri Medya Anonim Sirketi,≤100
106879338020716,Halk Ajans,Resul Mesut Büyüksarı,≤100
1104153776387884,Halk Haber Ajansı,Resul Mesut Büyüksarı,≤100
103167881182863,Temiz Enerji Haber Portalı,Temiz Enerji Haber Portalı,≤100
108552928182311,Al Sancak Partisi,Nuri Çelebi,≤100
511707202180465,Kangal Aşkk'tır,Fırat Yıldız Ahmet,≤100
167633913392268,Kolejliler,Fırat Yıldız Ahmet,≤100
1952748275030916,Kürşad Mithat ÖZKAN,Kursad Mithat Ozkan,≤100
413113452433564,Cengiz Gökçel,Cengiz Gökçel,≤100
144096473392,Yeşil Gazete,Yeşil Gazete,≤100
1614212022160759,Fehmi Yağlı,Fehmi Yagli,≤100
107924807410702,Samet Bağcı,Samet Bağcı,≤100
100930021431743,Gazete Kolektif,Ercan Erdal,≤100
104720632449919,Tarihte Bugün,Taha Gümüştaş,≤100
283657205667155,Mustafa Ali Fırtına,Mustafa Ali Firtina,≤100
737340966376001,Metin Kala,Metin Kala,≤100
319374238130637,Osman Gürün,Osman Gurun,≤100
979738848890749,Faruk Kılıç,Faruk Kilic,≤100
314386289265240,Ali Zafer İksir,ALİ ZAFER İKSİR,≤100
104267921764717,Deva Partisi Trabzon İl Başkanlığı,Kubilay Çiçek,≤100
1156591567874276,Halil Arda,Halil Arda,≤100
107088348866304,Haberde.com.TR,Murat Ocak,≤100
101700471513125,Kadir Aydın,Kadir Aydın,≤100
465887546792664,Halkın Kurtuluş Partisi - HKP,TAYFUR BİN,≤100
108390012832175,Fatih Akkentli,Atacan Özbay,≤100
104691722197784,صحيفة الاستقلال - العربية,صحيفة الاستقلال,≤100
506041856143607,Saadet İnegöl,Hasan Eroglu,≤100
1572709256359993,İnternethaber TV,HADİ ÖZIŞIK,≤100
1028368393892777,Mehmet Ali Özkan,Mehmet Ali ÖZKAN,≤100
183754020921,Saadet Partisi,Saadet Partisi,≤100
463215923715177,Mehmet Yiğiner,Bekir Koyuncu,≤100
298764070816267,Mehmet Tütüncü,Mehmet TÜTÜNCÜ Türkiye Temsilcisi,≤100
113229965003082,AK Parti/MHP/BBP Cumhur İttifakı,Erol Cihangir,≤100
109444938750443,Sağlık-Sen'de Birlik Hareketi,These ads ran without a disclaimer,≤100
104373561467884,Serhat Servet Dövenci,Serhat Servet Dövenci33,≤100
276652289141318,OSMAN KOZAN,Osman Kozan,≤100
834954409860187,Gamze Akkuş İlgezdi,Gamze Akkuş İlgezdi,≤100
100345912204104,Nuri Cengiz,Cumhuriyet Halk Partisi,≤100
203313693133528,samsunanaliz.com,samsunanaliz.com,≤100
103098904742608,Murat Serdar Koç,Murat Serdar Koc,≤100
107184060866156,Limitsiz Bilgi,These ads ran without a disclaimer,≤100
106337965612070,Mehmet Gürkan Tığoğlu,These ads ran without a disclaimer,≤100
190217144502606,Av. Sinan Tekin,Sinan Tekin,≤100
103061362133309,historicfactory,These ads ran without a disclaimer,≤100
103284168729998,Xylem Analytics,These ads ran without a disclaimer,≤100
105523935753395,Ev Dersleri,These ads ran without a disclaimer,≤100
532775093532626,Yücel Bulut,Yucel Bulut,≤100
224597158386607,Rosa Luxemburg Foundation,These ads ran without a disclaimer,≤100
228606667667157,MPULSE,These ads ran without a disclaimer,≤100
100643069487986,Благодійна Організація «Благодійний фонд «Україна ЦЕ ТИ»,These ads ran without a disclaimer,≤100
104164472598968,meaningof_hope,These ads ran without a disclaimer,≤100
1396473783958068,Red Noses International,These ads ran without a disclaimer,≤100