﻿Page ID,Page name,Disclaimer,Amount spent (PYG)
325540631525675,En La Tecla,En la Tecla,34501
102266292553995,Sucia Política,Diego Ricardo Ramírez,28909
241512319274531,Sixto Pereira,Sixto Pereira,25181
1468570519872644,Santiago Peña,PRANA SA,22018
110060281794994,Luis Talavera Alegre - Presidente 2023,José Emanuel Ruiz Díaz Bogado,10761
283132325082901,Esperanza Martínez,Esperanza Martinez De Portillo,7540
110303418588991,Baby Appleyard,Baby Appleyard,7339
114448232558658,Jorge Querey,Jorge Osvaldo Querey Rojas,7303
196599783696918,Efrain Alegre,Efrain Alegre,3682
106721948731693,Prof. Aldo Centurión López,Prof. Aldo Centurión López,2744
1151984808290856,Hugo Portillo,Hugo Portillo,2730
106438588789107,Luis Palacios Intendente,Viviano Baez Gonzalez,2280
517426394969535,Ricardo Canese,Ricardo Canese,2024
108246601026063,Derlis Rodríguez Diputado 2023,Derlis Manuel Rodríguez Baez,1795
105545157610039,Euclides Acevedo,Euclides Roberto Acevedo Candia,1523
490637354648727,Ing.Juan Carlos Baruja - Gobernador 2018/2023,Juan Carlos Baruja Fernandez,1207
125249971414945,Hugo Meza,Hugo Joel Meza,731
1365651890238610,Soberanía Paraguay,Prensa_Py,458
110258800564741,Ing. Luis Riveros,Luis Riveros,398
150741961754512,Mercedes Canese Antúnez,Mercedes Canese,322
278226125974096,El Paraguayo Independiente,Paraguayo Independiente,298
109252182048593,Nestor Martínez Bernal,Viviano Baez Gonzalez,293
441529192988697,Rubén Penayo Senador 40/44,Rubén Penayo Senador 40/44,173
107706177740738,Periodismo 29,Periodismo 29,169
170330755094107,Marcelo Ramirez,Marcelo Ramirez,140
110665567053224,DimartinoIntendente,Jorge Dimartino,119
141678063114851,Ruben Velazquez,Dalva Natividad Acosta Vallejos,≤100
518726648648192,Carlos Arrechea,Carlos Arrechea,≤100
1753251591598763,Dani Mujica,Celso Kevin Ramon Sánchez Florentin,≤100
363306313879750,Marle Chispita Orue,Marlene Tatiana Orue Leon,≤100
106129698926061,Concilio Global de Naciones,These ads ran without a disclaimer,≤100
187461997935711,Unilever Careers,These ads ran without a disclaimer,≤100
106008797475136,Nicolás Verón,Gilberto Nicolas Veron Benitez,≤100
454868334556847,Huawei Latinoamérica,These ads ran without a disclaimer,≤100
1094373423935985,German Solinger,Grissel Zárate Sotelo,≤100
430961180344844,EVER VILLALBA,Ever Federico Villalba Martinez,≤100
106682318781403,Rafaela Guanes Senadora,Rafaela Guanes,≤100
200146900023955,American Dream TV,These ads ran without a disclaimer,≤100