﻿Page ID,Page name,Disclaimer,Amount spent (IDR)
23383061178,Prabowo Subianto,indonesia Adil makmur,227923
320858334728047,Partai Solidaritas Indonesia,Partai Solidaritas Indonesia,33953
102712985995817,Sobat Airlangga Hartarto,Aditia Ramdani,17251
105818752347206,Teman Airlangga Hartarto,Aditia Ramdani,13597
111864151754055,Esensi TV,Esensi Tv,10370
173776079818775,Saiful Mujani,Saidiman,6509
444318475704011,Yayasan Bangun Kecerdasan Bangsa,Yayasan Bangun Kecerdasan Bangsa,6334
109152778730274,Miea Kusuma,Yayasan Infobox,6273
104708079203574,Airlangga Hartarto 2024,Yayasan Infobox,5922
110090765246136,Yanti Airlangga,Yayasan Golkar Institute SPKP,5897
101433369464014,Talang Institute,Yayasan Infobox,5270
342449962923657,Berita Ganjar Pranowo,Ganjar Nusantara Indonesia,5090
39684526732,Wanda Hamidah,Yayasan Infobox,4450
1481929088506672,Andini Effendi,Yayasan Infobox,4279
217841272115804,Kabar Golkar,Yayasan Kabar Golkar,4042
813887722072071,Yayasan Pundi Amal Bakti Ummat,Yayasan Pundi Amal Bakti Ummat,4039
101679818973699,Sahabat Ganjar Pranowo,John Kamnahas,3473
103290336009963,Akbar Faizal Uncensored,Yayasan Infobox,3190
197545083607941,Harian Kompas,Harian Kompas,2802
102911052676489,Muhri Fauzi Hafiz,Partai Solidaritas Indonesia,2447
110771227439502,Teman Sandi,Miftakhul Ansori,2115
342449962923657,Berita Ganjar Pranowo,Septian Raharjo,2021
104830667806476,Melihat Indonesia,Melihat Indonesia,1554
102656349157647,Tugimanisme,Ganjar Nusantara Indonesia,1504
756567881057213,Airlangga Hartarto,Airlangga Hartarto,1476
102626198026698,Rika Sudjiman,Juniar Dwi Harianto,1369
101403669397488,Nikmatul Sugiyarto,Juniar Dwi Harianto,1356
172180876204559,UNICEF Indonesia,These ads ran without a disclaimer,1227
600286850403144,Pemuda Muhammadiyah,Pemuda Muhammadiyah,1144
140010018214626,Moneymade Lifestyle,These ads ran without a disclaimer,1124
102060486500863,The Jakarta Post,PT. Bina Media Tenggara,1113
104830667806476,Melihat Indonesia,Ganjar Nusantara Indonesia,1021
109083348423534,Untuk Rakyat,Muhammad Miftakhunnaim,912
110865154735990,Koran Harian Tanah Air,Muhammad Miftakhunnaim,911
211489955729025,KompasData,Harian Kompas (PT Kompas Media Nusantara),778
100634344801574,Gus Raharjo,Septian Raharjo,702
101760624522103,DPP Banteng Muda Indonesia,Farid Wahyudi,692
102712985995817,Sobat Airlangga Hartarto,These ads ran without a disclaimer,689
104054595928021,Bakti Untuk Rakyat,Bakti Untuk Rakyat,606
104427162506872,Fakta Anies,Fakta Anies,548
179669015523889,Lathifa Al Anshori,Hj Lathifa Marina Al Anshori,548
104533848318771,Pemalang Today,Bayu Wicaksono,479
39253583478,PDI Perjuangan,Muhammad Miftakhunnaim,400
105308715676825,Filosofi Indonesia,Bayu Wicaksono,393
102273039070802,Info Terkini,Muhammad Miftakhunnaim,358
678421075696415,Giring Ganesha,Partai Solidaritas Indonesia,317
312490859193724,mensbatik,Bayu Setayudha,284
2226767280926469,Puteri Anetta Komarudin,Puteri Anetta Komarudin,228
113307277699173,Info Kebumen Ngapak,Bayu Wicaksono,219
103581752405141,Sobar Harahap,Ganjar Nusantara Indonesia,212
110100218339060,Wahai Ibu Pertiwi,Muhammad Miftakhunnaim,212
101203454841155,Kota Kite,Prayogo,185
110368964786452,Kemajuan Bersama,Muhammad Miftakhunnaim,161
110056788323890,Pikiran Indonesia,Ganjar Nusantara Indonesia,150
108676115131939,Nusantara Cerdas,Ganjar Nusantara Indonesia,147
108676115131939,Nusantara Cerdas,Bayu Wicaksono,140
106253264560859,Air Kami,Air Kami,140
110952238516382,Kiki Daliyo,Dwi Wantoro,133
101076948451651,Masa Depan Kita,Muhammad Miftakhunnaim,128
103089332689511,BRANI-Barisan Airlangga Untuk Indonesia,Robby Binur,128
105308715676825,Filosofi Indonesia,Ganjar Nusantara Indonesia,128
108695584343029,Baik Untuk Kita,Muhammad Miftakhunnaim,123
101363751963616,OnTrending,These ads ran without a disclaimer,116
105195635486519,Klise Nusantara,Ganjar Nusantara Indonesia,116
101338198587608,Indonesia Luar Biasa,Ganjar Nusantara Indonesia,103
100246718451350,Pekalongan Raya ID,Bayu Wicaksono,≤100
113058461386521,Mercusuar Indonesia,Ganjar Nusantara Indonesia,≤100
110037828037739,Jateng Pedia,Bayu Wicaksono,≤100
101403669397488,Nikmatul Sugiyarto,Ganjar Nusantara Indonesia,≤100
108571334357297,Melangkah Lebih Baik,Muhammad Miftakhunnaim,≤100
104799384898162,Indonesia Berkabar,Ganjar Nusantara Indonesia,≤100
100676262667808,Story Nusantara,Ganjar Nusantara Indonesia,≤100
100739975934515,Kemajuan Tanah Air,Muhammad Miftakhunnaim,≤100
202555993805088,Caption,Ganjar Nusantara Indonesia,≤100
100147872667354,Kata Nusantara,Ganjar Nusantara Indonesia,≤100
107565455160464,Indonesia Opini,Ganjar Nusantara Indonesia,≤100
748306718584642,ERM Academy,These ads ran without a disclaimer,≤100
102497641558430,Indonesia Tolak HOAX,Muhammad Miftakhunnaim,≤100
100359258525418,Pemulihan Lebih Baik,Muhammad Miftakhunnaim,≤100
102114435036822,Filosofi Jatim,Bayu Wicaksono,≤100
102849282398499,PT. RACHITA,Dimas Ananda,≤100
110952238516382,Kiki Daliyo,Juniar Dwi Harianto,≤100
114460673670696,Pati Raya ID,Bayu Wicaksono,≤100
113058461386521,Mercusuar Indonesia,Bayu Wicaksono,≤100
107565455160464,Indonesia Opini,Bayu Wicaksono,≤100
105195635486519,Klise Nusantara,Bayu Wicaksono,≤100
109362318169174,German Information Centre Southeast Asia,These ads ran without a disclaimer,≤100