﻿Page ID,Page name,Disclaimer,Amount spent (EUR)
148427235188637,СДСМ - Социјалдемократски сојуз на Македонија,СДСМ,≤100
101519168409673,Dimitar Kovacevski,СДСМ,≤100
100954761298205,frontline.mk,frontline.mk,≤100
44069776956,Brane Petrushevski,Brane Petrusevski,≤100
149032011830930,Centar.mk,Centar.mk,≤100
1677572455714659,Јорго Огненовски,Jorgo Ognenovski,≤100
106175234344995,Зоран Коцевски,Zoran Kocevski,≤100
101694005032101,Bojan Maricik,Bojan Maricik,≤100
100751933349940,Институт за европска политика (ЕПИ)/European Policy Institute - EPI,Институт за европска политика (ЕПИ)/European Policy Institute - EPI,≤100
102860779377395,Само кажувам,Само кажувам,≤100