﻿Page ID,Page name,Disclaimer,Amount spent (EUR)
148427235188637,СДСМ - Социјалдемократски сојуз на Македонија,СДСМ,≤100
101519168409673,Dimitar Kovacevski,СДСМ,≤100
149032011830930,Centar.mk,Centar.mk,≤100
445469652211682,Bujar Osmani,Bujar Osmani,≤100
100954761298205,frontline.mk,frontline.mk,≤100
461034264336817,24инфо.мк,24инфо.мк,≤100
100746718435265,Fatmir Bytyqi,Fatmir Bytyqi,≤100
251107349152220,Горан Герасимовски,Goran Gerasimovski,≤100
44069776956,Brane Petrushevski,Brane Petrusevski,≤100
102860779377395,Само кажувам,Само кажувам,≤100
1677572455714659,Јорго Огненовски,Jorgo Ognenovski,≤100
400497373674524,СамоПрашај.мк,Institut za komunikaciski studii,≤100
192483774872658,Демократи,Демократи,≤100
971176269757392,Дома,Институт за комуникациски студии ИКС / Institute of Communication Studies,≤100
590981394365638,Maksim Dimitrievski,Maksim Dimitrievski,≤100
255990845327431,Левица,Левица / E majta / Levica,≤100
101694005032101,Bojan Maricik,Bojan Maricik,≤100
112622660371058,Гласни идеи,Гласни идеи,≤100
101055695618083,Левица - Град Скопје,Левица - Град Скопје,≤100
100751933349940,Институт за европска политика (ЕПИ)/European Policy Institute - EPI,Институт за европска политика (ЕПИ)/European Policy Institute - EPI,≤100
106175234344995,Зоран Коцевски,Zoran Kocevski,≤100
116965184334608,Campaigns for Humanity,These ads ran without a disclaimer,≤100
340577086006224,CRI German,These ads ran without a disclaimer,≤100