﻿Page ID,Page name,Disclaimer,Amount spent (RON)
990747367737692,Cătălin Drulă,Uniunea Salvați România,341
102601499822802,RMDSZ,RMDSZ,105
101340741758468,Radu Pescar,Pescar Radu Mircea,103
1058116737612843,USR,Uniunea Salvați România,≤100
675042232534141,Vincze Loránt,Vincze Loránt,≤100
291177524360702,Partidul Social Democrat,Partidul Social Democrat,≤100
435614816576664,Claudiu Maior,MAIOR SERGIU-CLAUDIU,≤100
425051144215846,Stefan Radu Oprea,Partidul Social Democrat,≤100
178362315106,European Parliament,European Parliament,≤100
321890494859228,Vlad Gheorghe,GHEORGHE VLAD-DAN,≤100
102025778125741,Robert Cazanciuc,Partidul Social Democrat,≤100
1549421062018459,Alexandru Petrescu,Partidul Social Democrat,≤100
2546711162025064,Politice.net,politice.net,≤100
207741001672,Speranta pentru Romania,Speranta pentru Romania,≤100
163943696987223,Ziarul Puterea,Ziarul Puterea,≤100
1560147330888040,Winkler Gyula,Winkler Gyula,≤100
114319753592403,AFACERI.news,Horia-Marius Bogdan,≤100
686190454826244,Declic,Declic,≤100
494469087244449,Eugen Tomac,Eugen Tomac,≤100
1208682419220715,Sorin Grindeanu,Partidul Social Democrat,≤100
1122653111147741,Genesis Athens,Genesis Athens,≤100
490181697757865,Antal Lóránt,Birou Senatorial Antal Lóránt Szenátori Iroda,≤100
181375448581167,Partidul Naţional Liberal,Partidul Național Liberal,≤100
176989973158138,Guvernare.net,Guvernare.net,≤100
101167822409042,Alexandru Gyorgy,Alexandru Gyorgy,≤100
731035500293728,Siegfried Muresan,Siegfried Muresan,≤100
1796777377209154,Regia Nationala a Padurilor - Romsilva,Regia Nationala a Padurilor - Romsilva,≤100
351377468251533,Agenţia Naţională a Funcţionarilor Publici,Agenţia Naţională a Funcţionarilor Publici,≤100
1024698440918384,Gheorghe Valentin Rotar - Primar,Gheorghe Valentin Rotar,≤100
1491544234239734,Forța Dreptei,Forta-Dreptei,≤100
175293925828191,Kelemen Hunor,RMDSZ,≤100
281117055256740,Nissan,These ads ran without a disclaimer,≤100
106098884636145,ADI Deșeuri Bistrița-Năsăud,ADI Deseuri Bistrita-Nasaud,≤100
1577877239102295,Nicolae Ionel Ciucă,Partidul National Liberal,≤100
108295090637741,ASAP România,Fundatia The Institute,≤100
107669378478704,Zăgrean Ioan,Ioan Zagrean,≤100
527351247377965,European Committee of the Regions,European Committee of the Regions,≤100
1572019133014738,Gabriel Toncean,Gabriel Toncean,≤100
2443020582586584,Romania Eficienta,Romania Eficienta,≤100
181375448581167,Partidul Naţional Liberal,Partidul National Liberal,≤100
220579784732993,Daniel Buda,Buda Daniel,≤100
581911828514783,Partidul Mișcarea Populară,Partidul Mișcarea Populară,≤100
109849657256655,60m.RO,60M.RO,≤100
1156150484398630,MozaiQ,MozaiQ,≤100
808773709245245,Nicolae Giugea,Nicolae Giugea,≤100
1157480384268430,Partidul Umanist Social Liberal PUSL Sediul Central,Partidul Umanist Social Liberal,≤100
163950740830769,Gaz De Romania,Gaz De Romania,≤100
939093039450192,PS News,PS News,≤100
428464880426,Wall-Street.ro,Wall Street,≤100
201920416986321,EM360 Studio,EM360 cu Adi Maniutiu,≤100
799949990211564,Ioana Ramona Bruynseels,Ioana Ramona Bruynseels,≤100
1551100608459864,Cristina Traila,Florin Stoican,≤100
321896004518929,Ioan Mang,Ioan Mang,≤100
346388249074060,Cristian Marius Niculae,Cristian Marius Niculae,≤100
112130176975380,Radu Ghidău,Radu Ghidau,≤100
360828814115641,Asociatia Slujire Crestina,Asociatia Slujire Crestina,≤100
101763692272709,Avocat Ciuchi Elena-Corina,Cabinet de Avocat CIUCHI Elena-Corina,≤100
102743169253473,Reciclăm în România,Reciclăm în România,≤100
708767705922205,Eurotrans Alapítvány,Eurotrans Alapítvány,≤100
1600886623504873,PressOne,Press One Media SRL,≤100
181221645364365,Carmen Avram,Carmen Avram,≤100
105860297893714,Alin Prunean,ALIN-COSTEL PRUNEAN,≤100
1648149935459286,Humanitas Fiction,Editura Humanitas Fiction SRL,≤100
303161840300967,Nicolae Pavelean,Pavelean Nicolae,≤100
107066808189586,Panorama.ro,NEWBIZ ONLINE PUBLISHING S.R.L.,≤100
600025356762034,Carina Pflege Locuri de munca Germania,Olimpia Schugar,≤100
230645588376761,Dr. Rákossy Botond-József,Partidul Oamenilor Liberi Filiala Judeteana Harghita,≤100
137651470305528,Federația Patronală Petrol și Gaze,Federatia Patronală Petrol și Gaze,≤100
109445158308624,De fapt,DeFapt.ro,≤100
337159212964962,Ziua de Cluj,Ziua de Cluj,≤100
102410783138358,Anuntul Telefonic,Anuntul Telefonic SRL,≤100
163076814300722,Romania1.ro,Romania1.ro,≤100
122613352468456,Antonel Tanase,Antonel Tanase,≤100
1128229287275038,Silvia Dinică,Silvia Dinică,≤100
341681143137627,Bíró Barna Botond,Bíró Barna-Botond,≤100
106282087882731,Dinu Gheorghe,Dinu Nicolae Gheorghe,≤100
747983061916032,Átlátszó Erdély,Átlátszó Erdély,≤100
186612088034700,Facias - Fundatia pentru Apararea Cetatenilor Impotriva Abuzurilor Statului,FACIAS,≤100
103640708229788,Laurențiu Marin,Laurentiu-Daniel Marin,≤100
100872245631464,AEM Holding,AEM Holding,≤100
104143560936377,Irineu Darău,Irineu Darau,≤100
164624876574,Avocat Porosnicu Gianina Vera,Claudia-Cristiana Pleșca,≤100
111190480252428,Radu Molnar,Radu Iulian Molnar,≤100
102698141787000,Cristian-Daniel Ivănuță,CRISTIAN-DANIEL IVĂNUȚĂ,≤100
1633054980268917,Daniel Ciungu,DANIEL-CONSTANTIN CIUNGU,≤100
364156627669948,Ștefan Pălărie,Ștefan Pălărie,≤100
2335902076680451,AGXecutive,AGXECUTIVE,≤100
122480165084642,Curierul Românesc,Curierul Românesc,≤100
109983011774065,Proiectul Romania 2030,Sociallite Media Solutions,≤100
322809508100115,George Gabriel Vișan,George-Gabriel Visan,≤100
100491781650498,Premierul Nostru,Premierul Nostru,≤100
101380722809080,Fundația Dana Voiculescu pentru solidaritate,FDVS,≤100
108654690750522,Claudiu Mureșan,Uniunea Salvați România - USR,≤100
200813406761691,Corina Cretu,Marina Alin-Constantin,≤100
101094059251690,campineanul.ro,Campineanul.ro,≤100
344517529430253,Senatul Științific,Senatul Stiintific,≤100
195067250632311,Retail.ro,Retail.ro,≤100
227578001357165,Ionel Dancă,Romanii trebuie sa stie,≤100
281341562263123,Cristina Prună,Cristina-Madalina Pruna,≤100
103383915623247,Mișcarea pentru Democrație Directă,Mișcarea pentru Democrație Directă,≤100
554865607867049,Visinel Balan,Visinel Costel Balan,≤100
104484254797326,Laura Vicol,Deputat Laura Vicol,≤100
109306650799421,Patrioții.Info,Patrioții.INFO,≤100
101161965173287,Ropres.RO,Ropres.ro,≤100
104504321146448,Vladut Emilian,These ads ran without a disclaimer,≤100
106161408045919,Acțiunea.RO,ACTIUNEA.RO,≤100
101060748272522,Politica Dezastrului,Politica Dezastrului,≤100
383515009116438,Daniela Popa,Daniela Popa,≤100
106210688186070,TemaZilei.RO,TemaZilei.RO,≤100
1724781964475116,Lavinia Cosma,COSMA LAVINIA-CORINA,≤100
103742842531634,Agentiadeinformatii.ro,Agentiadeinformatii.ro,≤100
360184320712594,Raluca Turcan,Partidul Naţional Liberal,≤100
100211372942318,România=GEȚIA,Mărgărit-Daniel Buzoi,≤100
378196718959324,Alexandru Săraru,Alexandru Sararu,≤100
110448498160151,Ion Stefanovici,News Moldova,≤100
103153971159362,Viorel Ciuhandu,Viorel Ciuhandu,≤100
102905778991186,Partidul Adevăr și Dreptate,Toroican Ioan,≤100
100348189494015,Robert Vitoș,Robert Vitos,≤100
1190871690932388,New Star Online TV,NewStarOnlineTV,≤100
957305967719678,Sergiu DAVID,Sergiu David,≤100
267821410080602,Cronica Romana,Parvu Florin,≤100
100935048994575,Business Watch,Business watch,≤100
105161319151880,Cosmin Dan Badea,Dan-Cosmin Badea,≤100
114460923709287,4media.INFO,4media.INFO,≤100
1107397012689947,Liviu Mazilu,MINCULEASA CLAUDIU-NICOLAE,≤100
509479962851716,Alexandru Kocsis,Romanii trebuie sa stie,≤100
106146792303158,StireaVerde.ro,StireaVerde.ro,≤100
2194847177452702,Media9,Media9,≤100
102742668565132,Mihai Viteazul / The Prince who became a legend of Europe,These ads ran without a disclaimer,≤100
472419662800875,Vocea Clujului,Horia Eugen Cristea,≤100
2420268291542853,China Resources Group,These ads ran without a disclaimer,≤100
100976675096468,Exmork Technology,These ads ran without a disclaimer,≤100