﻿Location name,Amount spent (HUF)
Baranya County,72711
Borsod-Abaúj-Zemplén County,94199
Budapest,555539
Bács-Kiskun County,75135
Békés County,49841
Csongrád County,108930
Fejér County,73357
Győr-Moson-Sopron County,71485
Hajdú-Bihar County,76493
Heves County,51715
Jász-Nagykun-Szolnok County,52791
Komárom-Esztergom County,55606
Nógrád County,29598
Pest County,177853
Somogy County,46182
Szabolcs-Szatmár-Bereg County,62925
Tolna County,33595
Unknown,≤100
Vas County,49022
Veszprém County,66475
Zala County,46708