﻿Page ID,Page name,Disclaimer,Amount spent (EUR)
82362291274,ΝΕΑ ΔΗΜΟΚΡΑΤΙΑ,ΝΕΑ ΔΗΜΟΚΡΑΤΙΑ,3287
34848567724,Kyriakos Mitsotakis,ΝΕΑ ΔΗΜΟΚΡΑΤΙΑ,789
106460979059304,Στυλιανού Άρης / Stilianou Aris,Στυλιανού Άρης / Stilianou Aris,623
650432894993478,Stavros Kalafatis,Stavros Kalafatis,456
12224403053,Alexis Tsipras,ΣΥ.ΡΙΖ.Α.,402
890040954380363,Kostas Karamanlis,Kostas Karamanlis,330
109236771962514,Χρήστος Ρόκος- Υποψήφιος Βουλευτής Α Θεσ/νίκης- Σύριζα Προοδευτική Συμμαχία,Χρήστος Ρόκος- Υποψήφιος Βουλευτής Α Θεσ/νίκης- Σύριζα Προοδευτική Συμμαχία,312
111732525529765,Στράτος Σιμόπουλος - Stratos Simopoulos,Stratos Simopoulos,291
1753360541589997,Tasos Chatzivasileiou - Τάσος Χατζηβασιλείου,Tasos Chatzivasileiou - Τάσος Χατζηβασιλείου,237
31895177275,ΣΥ.ΡΙΖ.Α.,ΣΥ.ΡΙΖ.Α.,217
2010823519209234,Katerina Ziouta,Katerina Ziouta,195
104944762512920,Στέλιος Αγγελούδης,Στέλιος Αγγελούδης,179
387297434803237,Μάρδας Δημήτριος,Δημήτριος Μάρδας,161
494931820680985,Σαουλίδης Αντώνης,Αντώνης Σαουλίδης - Δικηγόρος,142
372067293381433,Χρήστος Γιαννούλης,Χρήστος Γιαννούλης,107
285375141625572,Θεοφάνης Παπάς / Fanis Papas,Θεοφάνης Παπάς / Fanis Papas,≤100
1481626452057320,Καρπουχτσής Κώστας / Karpouchtsis Kostas,Καρπουχτσής Κώστας / Karpouchtsis Kostas,≤100
103994666018695,Ανδρεάδης Βασίλης Υποψήφιος Βουλευτής   Α  Θεσσαλονίκης,Andreadis Vasilis,≤100
178362315106,European Parliament,European Parliament,≤100
751503651885833,Δημήτρης Κούβελας - Dimitris Kouvelas,Δημήτρης Κούβελας - Dimitris Kouvelas,≤100
111884348970804,Ράνια Θρασκιά / Rania Thraskia,Ράνια Θρασκιά / Rania Thraskia,≤100
352726181581226,Φρόσω Καρασαρλίδου,Φρόσω Καρασαρλίδου,≤100
103001556061255,Δημήτρης Στοΐτσας,Δημήτρης Στοΐτσας,≤100
338018406750552,Νίκος Καραγιαννακίδης,Nikos Karagiannakidis,≤100
103740129063769,Πέννυ Δαλαμπούρα,Πέννυ Δαλαμπούρα,≤100
376833639613970,Γρηγόρης Τάσιος,Γρηγόρης Τάσιος,≤100
140247186053373,Όλγα Κεφαλογιάννη / Olga Kefalogianni,Όλγα Κεφαλογιάννη / Olga Kefalogianni,≤100
101145635135174,ΝΙΚΗ,ΝΙΚΗ,≤100
109259802082754,Συμεών Κουπελόγλου - Υποψήφιος Βουλευτής Α' Θεσσαλονίκης - Ελληνική Λύση,Συμεών Κουπελόγλου - Υποψήφιος Βουλευτής Α' Θεσσαλονίκης - Ελληνική Λύση,≤100
108536813924937,Georgios Georgantas,Georgios Georgantas,≤100
207842675988676,Φωτεινή Αραμπατζή,Φωτεινή Αραμπατζή,≤100
1527698557502325,Παναγιώτης Κοκκόρης / Panagiotis Kokkoris,Παναγιώτης Κοκκόρης / Panagiotis Kokkoris,≤100
105994281423281,Αντώνης Μαρκούλης,Αντώνης Μαρκούλης,≤100
435920000536481,Ζαρώτης Διονύσης,Ζαρώτης Διονύσης,≤100
91877963116,WWF Greece,WWF Greece,≤100
111836563539156,Τάκης Θεοδωρικάκος - Takis Theodorikakos,Takis Theodorikakos,≤100
175964426091059,Γιάννης Αμανατίδης,Γιάννης Αμανατίδης,≤100
106465849031966,ΔΕΔΟΜΕΝΟ,ΔΕΔΟΜΕΝΟ,≤100
144401725709536,Δημήτρης Βαρτζόπουλος,Δημήτρης Βαρτζόπουλος,≤100
257010228026804,Αφροδίτη Π. Νέστορα,Αφροδίτη Π. Νέστορα,≤100
113028785103023,Mpilkas Nikos,Νίκος Μπιλίκας,≤100
279116802432610,Ελληνική Λύση,Ελληνική Λύση,≤100
455979398306841,Ιωάννης Σηφάκης,Ιωάννης Σηφάκης,≤100
1682369295364121,Απόστολος Βεσυρόπουλος,Απόστολος Βεσυρόπουλος,≤100
382107635165820,Νεκταρία-Ελευθερία Αγγελάκη,Ελευθερία-Νεκταρία Αγγελάκη,≤100
330287487812887,Κώστας Πετρίδης,Κώστας Πετρίδης,≤100
393186614199193,Σάββας Αναστασιάδης,Σάββας Αναστασιάδης,≤100
266294520081135,karfitsa.gr,Karfitsa,≤100
219186174848156,Φώντας Μπαραλιάκος,Fontas Baraliakos,≤100
701705353261052,Σπύρος Πέγκας,Σπύρος Πέγκας,≤100
148608811943,Άγγελος Τόλκας - Aggelos Tolkas,Άγγελος Τόλκας - Aggelos Tolkas,≤100
127082307305119,Εφημερίδα Μακεδονία,Εφημερίδα Μακεδονία,≤100
54529589753,ActionAid Hellas,ActionAid Hellas,≤100
1406294122996413,Τάσος Μπαρτζώκας,Τάσος Μπαρτζώκας,≤100
326799481598011,Λευτέρης Αβραμάκης - Υποψήφιος Βουλευτής Σερρών,Λευτέρης Αβραμάκης - Υποψήφιος Βουλευτής Σερρών,≤100
333635613794935,ΜέΡΑ25,ΜέΡΑ25,≤100
149478958518030,Θάνος Πλεύρης,Θάνος Πλεύρης,≤100
91654723211,Mihalis Katrinis,Mihalis Katrinis,≤100
192906947432657,Protagon.gr (official),Protagon.gr (official),≤100
901298436587984,Ευθύμιος Καρανάσιος - Efthimios Karanasios,Ευθύμιος Καρανάσιος - Efthimios Karanasios,≤100
103183105863094,Fani Giotaki-Φανή Γιωτάκη,Fani Giotaki-Φανή Γιωτάκη,≤100
101777936021486,Καλοκύρης Θωμάς,Καλοκύρης Θωμάς,≤100
512280142237918,Ιωάννης Ταχματζίδης,Ιωάννης Ταχματζίδης,≤100
134552316636,Λευτέρης Αυγενάκης,Λευτέρης Αυγενάκης,≤100
1554850174582846,politic.gr,Politic.gr,≤100
447595305390623,Mixalis Pappou,Mixalis Pappou,≤100
108877408781201,Θανάσης Γλαβίνας,Θανάσης Γλαβίνας,≤100
129641880407509,Βασίλης Σπανάκης,Βασίλης Σπανάκης,≤100
226397774096827,Εθνική Δημιουργία - Δημιουργία Ξανά,Εθνική Δημιουργία - Δημιουργία Ξανά,≤100
108202487313859,Ο Πολύγραφος,Ο Πολύγραφος,≤100
2934752839898761,Θεοδώρα Αυγέρη,Θεοδώρα Αυγέρη,≤100
641412085923105,Ρένα Καραλαριώτου - Rena Karalariotou,Ρένα Καραλαριώτου - Rena Karalariotou,≤100
112732735054771,Φεβρωνία-Φαίη Τύρη,Φεβρωνία-Φαίη Τύρη,≤100
104727832620469,Αρετή Μπατά,Αρετή Μπατά,≤100
100771372008093,powergame.gr,POWERGAME,≤100
878760462462818,Pierianews.gr,Pierianews.gr,≤100
133169723044,Katerina Batzeli,Katerina Batzeli,≤100
1748153855406537,vradini.gr,vradini.gr,≤100
174590159233465,Thessaloniki International Film Festival,Thessaloniki International Film Festival,≤100
1803155206621023,Documento,Documento Media,≤100
1471749823116276,Αλέξανδρος Τριανταφυλλίδης,Αλέξανδρος Τριανταφυλλίδης,≤100
1489639131352219,Ζωή Κωνσταντοπούλου - Zoe Konstantopoulou,Πλεύση Ελευθερίας,≤100
188880621877536,Καλλισθένη Πάκα,Καλλισθένη Πάκα,≤100
489700481134251,Νεολαία Συριζα - Youth of Syriza,Νεολαία Συριζα,≤100
106166152026060,olafaq.gr,olafaq.gr,≤100
1569574060004098,Φάμελλος Σωκράτης,Φάμελλος Σωκράτης,≤100
113085294483845,Eteron,Eteron,≤100
105187479244942,"Σούλας Πέτρος - Υπ. Βουλευτής Σερρών, Ελληνική Λύση",Πέτρος Σούλας,≤100
235274089823081,ΕΠΑΜ Ενιαίο Παλλαϊκό Μέτωπο,Ενιαίο Παλλαϊκό Μέτωπο,≤100
588288908260242,Πέτρος Λεκάκης,Πέτρος Λεκάκης,≤100
345324598921301,"Εφημερίδα ""Η Αυγή""","Εφημερίδα ""Η ΑΥΓΗ""",≤100
287878625015994,Reader.gr,Reader.gr,≤100
197065836983745,Κώστας Κιλτίδης - Kostas Kiltidis,Κωνσταντίνος Κιλτίδης,≤100
500502740051092,Harry Theoharis,Harry Theoharis,≤100
54211966212,Οικολόγοι ΠΡΑΣΙΝΟΙ,Οικολόγοι ΠΡΑΣΙΝΟΙ,≤100
115984454748148,Ζήσης Ζάννας Υπ. Βουλευτής Πιερίας Σύριζα,Ζήσης Ζάννας Υπ. Βουλευτής Πιερίας Σύριζα,≤100
105222274877224,Sofia Zacharaki,Sofia Zacharaki,≤100
373657623287415,Κωνσταντίνα Αδάμου - Βουλευτής Β' Θεσσαλονίκης,Κωνσταντίνα Αδάμου - Βουλευτής Β' Θεσσαλονίκης,≤100
737819592904752,Μπέττυ Σκούφα - Betty Skoufa,Μπέττυ Σκούφα - Betty Skoufa,≤100
104299506270374,Euro2day,Euro2day,≤100
318632712430,Anna Efthymiou-Άννα Ευθυμίου,Anna Efthymiou-Άννα Ευθυμίου,≤100
110995561987961,"Παύλος Κιουμουρτζής - Υποψήφιος Βουλευτής με την ""Πλεύση Ελευθερίας""",4tessera,≤100
296107141177054,Alexis Charitsis - Αλέξης Χαρίτσης,Αλέξης Χαρίτσης,≤100
31324524225,Greenpeace Greece,Greenpeace,≤100
68078766209,Public,Public,≤100
256426198335514,Γιώργος Η. Παπαηλιού,Γιώργος Η. Παπαηλιού,≤100
102331898706455,Κώστας Κουκοδήμος,Κώστας Κουκοδήμος,≤100
412343665635401,Giannis Oikonomou,Γιάννης Οικονόμου,≤100
112308058454223,Apostolos R. Spiropoulos,Apostolos R. Spiropoulos,≤100
1375259192718674,The TOC,The TOC,≤100
102262597917639,Loatkiplus : Ομάδα Λοατκι+ Συριζα Προοδευτική Συμμαχία,Ομάδα ΛΟΑΤΚΙ+ ΣΥΡΙΖΑ ΠΣ,≤100
100363452031210,Nicolas Karanikolas,Nicolas Karanikolas,≤100
590556791403274,OsteoStrong Greece,OsteoStrong Greece,≤100
300197083389622,Διονύσης Σταμενίτης  - Dionisis Stamenitis,Διονύσης Σταμενίτης  - Dionisis Stamenitis,≤100
104692221824082,Energymag.gr,Energymag,≤100
1581460958664679,Χαϊλατζίδου Θεοδοσία - Γνωσούλα,Χαϊλατζίδου Θεοδοσία - Γνωσούλα,≤100
117037629671698,BusinessDaily,Business Daily,≤100
115093111866664,Νίκος Χαρδαλιάς,Νίκος Χαρδαλιάς,≤100
139872412072,Coca-Cola 3E,These ads ran without a disclaimer,≤100
103891132651964,,Αλέξανδρος Τριανταφυλλούδης,≤100
1369184549862849,Χρήστος Κέλλας / Christos Kellas,Χρήστος Κέλλας / Christos Kellas,≤100
120651984354433,,OUTSTREAM LABORATORY,≤100
320198432212117,Βαρβάρα Σαράντη,Βαρβάρα Σαράντη,≤100
292056461626017,Θεσσαλονίκη Πόλη Ελληνική-Γιάννης Κουριαννίδης,Θεσσαλονίκη Πόλη Ελληνική-Γιάννης Κουριαννίδης,≤100
109030048800110,Δάντση Παρασκευή - Εύη Υποψήφια Βουλευτής Ν. Πέλλας,Δάντση Παρασκευή - Εύη Υποψήφια Βουλευτής Ν. Πέλλας,≤100
103632234476485,Digital Mall,PROothisi,≤100
113200160553662,Ioannis Bratakos,Ioannis Bratakos,≤100
423867544329756,Η Εφημερίδα των Συντακτών,ΑΝΕΞΑΡΤΗΤΑ ΜΕΣΑ ΜΑΖΙΚΗΣ ΕΝΗΜΕΡΩΣΗΣ ΑΕ,≤100
2337554859838911,Βασίλης Τσολακίδης,Βασίλης Τσολακίδης,≤100
286119198537385,Γκολιδάκης Διαμαντής,Γκολιδάκης Διαμαντής,≤100
212250018798244,Νότης Μηταράκης (Notis Mitarachi),ΝΟΤΗΣ ΜΗΤΑΡΑΚΗΣ,≤100
107947598152985,Οδηγητής,These ads ran without a disclaimer,≤100
2428107534084155,DailyPost.gr,ΝΟΗΣΙΣ ΙΚΕ,≤100
139872412072,Coca-Cola 3E,COCA-COLA ΤΡΙΑ ΕΨΙΛΟΝ ΕΛΛΑΔΟΣ Α.Β.Ε.Ε.,≤100
116027281414498,Μυρτώ Κοροβέση - Myrto Korovesi,Μυρτώ Κοροβέση - Myrto Korovesi,≤100
345120415540164,Mama365,Mama365.gr,≤100
1438293789797221,ecoelastika,ecoelastika,≤100
104498115977104,Τολμάμε · Αλλάζουμε · Δημιουργούμε,Τολμάμε αλλάζουμε δημιουργούμε,≤100
526882294515877,Νίκος Παπαθανάσης - Nikos Papathanasis,Nikos Papathanasis,≤100
106342369126932,,Liokou Copy Shop,≤100
115065084896053,"Σμαρούλα Μανιάτη υποψήφια βουλευτής Ά Θεσσαλονίκης, Νέα Δημοκρατία",ΣΜΑΡΟΥΛΑ ΜΑΝΙΑΤΗ,≤100
186848962521,capital.gr,www.capital.gr,≤100
277842159821053,Aνδρέας Μουρατίδης Υποψήφιος βουλευτής Β Θεσσαλονίκης Σύριζα ΠΣ,Aνδρέας Μουρατίδης Υποψήφιος βουλευτής Β Θεσσαλονίκης Σύριζα ΠΣ,≤100
478710388845518,Απόστολος Πάνας - Βουλευτής Χαλκιδικής ΠΑΣΟΚ - Κίνημα Αλλαγής,Απόστολος Πάνας - Βουλευτής Χαλκιδικής ΠΑΣΟΚ - Κίνημα Αλλαγής,≤100
627330267312880,Vouliwatch,Vouliwatch,≤100
88554311684,Evripidis Stylianidis- Ευριπίδης Στυλιανίδης,Evripidis Stylianidis- Ευριπίδης Στυλιανίδης,≤100
104871439107989,Justice Initiative Greece,Justice Initiative Greece,≤100
2252435364986515,Παπαδόπουλος  Βασίλειος,Παπαδόπουλος  Βασίλειος,≤100
103057864872953,Radar,Radar.gr,≤100
186834865377068,Filippos Fortomas / Φίλιππος Φόρτωμας,Filippos Fortomas / Φίλιππος Φόρτωμας,≤100
108183264211965,UNICEF Greece,UNICEF Greece,≤100
1645903788996329,liberal.gr,liberal.gr,≤100
1049665441831944,Bosch Hellas,Bosch Hellas,≤100
110255238451055,Στέλιος Φωτόπουλος Υποψήφιος Βουλευτής Ελληνικής Λύσης Α Ανατολικής Αττικής,Φωτόπουλος Στυλιανός (Στέλιος),≤100
2509276165791766,Sotiris Zotos,Sotiris Zotos,≤100
468820193302597,Κινήσεις Πολιτών Για Τη Σοσιαλδημοκρατία,ΚΙΝΗΣΕΙΣ ΠΟΛΙΤΩΝ ΓΙΑ ΤΗ ΣΟΣΙΑΛΔΗΜΟΚΡΑΤΙΑ,≤100
111151151051341,Debater,debater,≤100
123836729361,New York College,New York College,≤100
101011924607948,Δόμνα Μιχαηλίδου - Domna Michailidou,Δόμνα Μιχαηλίδου - Domna Michailidou,≤100
309795039074935,Vassilis Kikilias,Vassilis Kikilias,≤100
31324524225,Greenpeace Greece,Greenpeace Greece,≤100
468822936993234,Γιάννης Μαγκριώτης,Γιάννης Μαγκριώτης,≤100
407314116092988,Πέτη Πέρκα,Πέτη Πέρκα,≤100
10348684611,Esquire Greece,Esquire Greece,≤100
623039581123006,Ζωή Ράπτη,Ζωή Ράπτη,≤100
114541170275728,Άννα Μάνη Παπαδημητρίου,Άννα Μάνη Παπαδημητρίου,≤100
262908277636323,F2F Insurance,F2F Insurance,≤100
359612061446497,iEidiseis.gr,NEWSROOM Α.Ε.,≤100
720124428038809,Γιάννης Λοβέρδος,Γιάννης Λοβέρδος,≤100
427461580226,iatronet,Iatronet Ltd,≤100
292287274772553,EnterpriseGreece,Enterprise Greece,≤100
121702599228573,Κατερινα Ανδρικοπουλου - Σακοραφα / Katerina Andrikopoulou Sakorafa,Κατερινα Ανδρικοπουλου - Σακοραφα / Katerina Andrikopoulou Sakorafa,≤100
114840771584788,Κώστη Βιόλα Μακρίνα - Υποψήφια Βουλεύτρια Β' Θεσσαλονίκης ΣΥΡΙΖΑ ΠΣ,Μακρίνα Βιόλα Κώστη,≤100
107718178601878,Banks.com.gr Business News,ETHOS MEDIA,≤100
253581075582399,Μιχάλης Αγγελόπουλος,MNMS,≤100
42792631889,Rallia Christidou,Rallia Christidou,≤100
110940918621535,Sevi Voloudaki,Sevi Amanatidou - Voloudaki,≤100
117072912198,protothema.gr,Protothema.gr,≤100
108273525901862,Γιώργος Δακής Α,Γιώργος Δακής Α,≤100
224388351254587,Σωκράτης Βαρδάκης - Βουλευτής Συριζα Ηρακλείου,Σωκράτης Βαρδάκης - Βουλευτής Συριζα Ηρακλείου,≤100
371447769624144,1Voice Business & Politics,One Voice,≤100
527351247377965,European Committee of the Regions,European Committee of the Regions,≤100
388822604594196,Γενική Γραμματεία Οικογενειακής Πολιτικής και Ισότητας των Φύλων,Γενική Γραμματεία Οικογενειακής Πολιτικής και Ισότητας των Φύλων,≤100
108866288797175,Κώστας -Κωσταντίνος Κόλλιας,These ads ran without a disclaimer,≤100
1014739958659241,Dimitris Markopoulos,Dimitris Markopoulos,≤100
109075108422260,Δημοκρατική Άμυνα,Δημοκρατική Άμυνα,≤100
113103274969920,"Αλέξανδρος Αρβανιτάκης Υποψήφιος Β3 Νοτίου Τομέα ""Πολιτικής Πρωτοβουλίας""","Αλέξανδρος Αρβανιτάκης Υποψήφιος Β3 Νοτίου Τομέα ""Πολιτικής Πρωτοβουλίας""",≤100
102953875887633,Ολυμπία Αποστόλου,Ολυμπία Αποστόλου,≤100
1453465951584091,Eurolife FFH,Eurolife FFH,≤100
104027679003176,Νίκος Παπάζογλου Υποψήφιος βουλευτής Νοτίου Τομέα Β’3 Αθηνών,Νίκος Παπάζογλου Υποψήφιος βουλευτής Νοτίου Τομέα Β’3 Αθηνών,≤100
754764017985379,Σουζάνα Καϊλάρη - Εθνική Δημιουργία,Σουζάνα Καϊλάρη - Εθνική Δημιουργία,≤100
1632988056952632,Ιωάννης Σαρακιώτης • Ioannis Sarakiotis,Ιωάννης Σαρακιώτης • Ioannis Sarakiotis,≤100
104593532567427,Έλενα Κονομόδη • Elena Konomodi,Έλενα Κονομόδη • Elena Konomodi,≤100
294443673994778,Lykavitos,HT PRESS ONLINE IKE,≤100
273196480036822,Δημήτρης Καλογερόπουλος,Δημήτρης Καλογερόπουλος,≤100
1796286800600041,Mobile Info Team for refugees in Greece - الفريق المتنقل لمعلومات اللاجئين,Mobile Info Team for refugees in Greece - الفريق المتنقل لمعلومات اللاجئين,≤100
108077234650241,Κωνσταντίνος Γεωργιάδης,Κωνσταντίνος Γεωργιάδης,≤100
415364065270631,Θεόφιλος Ξανθόπουλος,Θεόφιλος Ξανθόπουλος,≤100
1451651945071858,Κώστας Τσιάρας,Κώστας Τσιάρας,≤100
103754084863302,Εκδόσεις Επίκεντρο,Εκδόσεις Επίκεντρο,≤100
1903473413254089,Vagelis Papakonstantinou,Vagelis Papakonstantinou,≤100
610130059162707,FACT,FACT,≤100
114363450250261,Γενική Γραμματεία Συντονισμού Διαχείρισης Αποβλήτων,Γενική Γραμματεία Συντονισμού Διαχείρισης Αποβλήτων,≤100
2036642163261209,Orthos Logos News,Orthos Logos News,≤100
108791052133718,Λεωνίδας Παππάς - Υποψήφιος Βουλευτής Καβάλας,Λεωνίδας Παππάς - Υποψήφιος Βουλευτής Καβάλας,≤100
323456224972682,Στέλιος Κυμπουρόπουλος,Στέλιος Κυμπουρόπουλος,≤100
1784302725130457,Ahmadiyya Muslim Community Greece,Ahmadiyya Muslim Community Greece,≤100
714133898725431,Heracles Xtizoume Mazi,Heracles Xtizoume Mazi,≤100
105249502133823,Election Leaders - Πολιτικό Marketing,Election Leaders,≤100
382865361786948,MyPortal.gr,JK MEDIA GROUP O.E.,≤100
551917914903015,ekriti.gr,ekriti.gr,≤100
165508056809834,Το Παρασκήνιο,Το Παρασκήνιο,≤100
440131953481694,Χρήστος Τριαντόπουλος - Christos Triantopoulos,Χρήστος Τριαντόπουλος - Christos Triantopoulos,≤100
109081780682215,E-learning ΕΚΠΑ / eπιμόρφωση ΕΚΠΑ,e-pimorfosi EKPA,≤100
108950054276789,GEK TERNA Group of Companies,GEK TERNA GROUP,≤100
368217916600933,Αγγειοχειρουργός  Νίκος Παρασκευάς,Αγγειοχειρουργός  Νίκος Παρασκευάς,≤100
633964833608956,dikastiko.gr,Dikastiko.gr,≤100
1004900052864353,mononews.gr,mononews.gr,≤100
219634128212269,Ασφαλιστική Αγορά,Asfalistiki Agora,≤100
344651032924154,Άννα Ροκοφύλλου - Anna Rokofyllou,Άννα Ροκοφύλλου - Anna Rokofyllou,≤100
1129215327249382,Παναγιώτης Νταής,Παναγιώτης Νταής,≤100
397666176920402,Βασιλική Kατριβάνου,Βασιλική Kατριβάνου,≤100
449251365208475,Κώστας Ιακώβου / Kostas Iakovou,Κώστας Ιακώβου / Kostas Iakovou,≤100
106585104375898,Μαριλένα Γυφτέα,Μαριλένα Γυφτέα,≤100
1706637282946540,Πανελλήνιο Κέντρο Οικολογικών Ερευνών - ΠΑΚΟΕ,ΠΑΝΕΛΛΗΝΙΟ ΚΕΝΤΡΟ ΟΙΚΟΛΟΓΙΚΩΝ ΕΡΕΥΝΩΝ (ΠΑ.Κ.Ο.Ε),≤100
782442791937028,Κωστας Γκαβογιαννης,Κωστας Γκαβογιαννης,≤100
598223496974560,Κυριάκος Σεμερτζίδης,Κυριάκος Σεμερτζίδης,≤100
112500191809327,Γιώργος Αρμένης,ΓΙΩΡΓΟΣ ΑΡΜΕΝΗΣ - ΥΠΟΨΗΦΙΟΣ ΒΟΥΛΕΥΤΗΣ ΖΑΚΥΝΘΟΥ ΣΥΡΙΖΑ ΠΣ,≤100
197154300621371,Milena Apostolaki,Milena Apostolaki,≤100
240199722469,The Best Portal,THE BEST net I.K.E. (ΕΝΗΜΕΡΩΣΗ ΕΠΙΚΟΙΝΩΝΙΑ THE BEST I.K.E.),≤100
327810108148191,Τάνια Ελευθεριάδου - Υποψήφια βουλεύτρια Π.Ε. Καβάλας,Τάνια Ελευθεριάδου - Υποψήφια βουλεύτρια Π.Ε. Καβάλας,≤100
109239332055070,Δήμητρα Αντωνίου - Dimitra Antoniou,DIMITRA ANTONIOU,≤100
106730482278290,Τάσος Συμεωνίδης  Αντιδήμαρχος Καθαριότητας Δ Προσοτσάνης,Τάσος Συμεωνίδης  Αντιδήμαρχος Καθαριότητας Δ Προσοτσάνης,≤100
187536188017430,Άγγελος Τσιγκρής,Άγγελος Τσιγκρής,≤100
577211082779892,Πράσινη Αριστερά - ΜΑΖΙ,Πράσινη Αριστερά - ΜΑΖΙ,≤100
178357019387345,Ευάγγελος Φανίδης,Ευάγγελος Φανίδης,≤100
309238662543399,Giorgos Varemenos,Giorgos Varemenos,≤100
159016497502067,Γιώργος Καραμέρος,Γιώργος Καραμέρος,≤100
491555707690907,Χαρά Κεφαλίδου,Χαρά Κεφαλίδου,≤100
217053575040532,Sms-Marketing.gr  - Μαζική Αποστολή SMS,JK MEDIA GROUP OE,≤100
674103179323981,Μίνα Καούνη & Συνεργάτες,Μίνα Καούνη & Συνεργάτες,≤100
106325822459033,ΕΑΝ,EAN,≤100
101063492926468,Στέλιος Παναγούτσος Υποψήφιος Έβρου ΠΑΣΟΚ-Κίνημα Αλλαγής,Στέλιος Παναγούτσος Υποψήφιος Έβρου ΠΑΣΟΚ-Κίνημα Αλλαγής,≤100
107098807881409,Political.gr,POLITICAL,≤100
1569676276638959,Retro-junkee,These ads ran without a disclaimer,≤100
102620666010969,Astydama,Astydama,≤100
113762708304468,energyinvest.gr,energyinvest.gr,≤100
1561616060574694,Χάρης Μαμουλάκης,Χάρης Μαμουλάκης,≤100
102965116058304,Καλπατσινίδου Ευδοξία,Καλπατσινίδου Ευδοξία,≤100
275725289734213,Konstantina Nadia Giannakopoulou,Konstantina Nadia Giannakopoulou,≤100
102175189751,gazzetta.gr,Gazzetta,≤100
325308081704826,Αθηνά Παναγιωτίδου - Υποψήφια Βουλεύτρια Π.Ε. Καβάλας,Αθηνά Παναγιωτίδου,≤100
2367407163544801,Ελληνική Λύση Πέλλας Δέλλιος Γρηγόρης,Ελληνική Λύση Πέλλας Δέλλιος Γρηγόρης,≤100
796817950484143,Εκδόσεις Θύραθεν / Επιλογή,These ads ran without a disclaimer,≤100
1727608780803972,Λογιστικός Σύλλογος Αθηνών,Λογιστικός Σύλλογος Αθηνών,≤100
1651084981816691,Boobam,Boobam,≤100
102676656123797,Ekloges.net,DEPA TECHNOLOGIES DIGITAL AGENCY,≤100
104624805559697,The Common Sense,The Common Sense,≤100
376701069471661,Παναγιώτης Βλάχος / Panagiotis Vlachos,Panagiotis Vlachos,≤100
1688459868047064,Μπλούχος Κώστας,Μπλούχος Κώστας,≤100
1219929278168333,Φαίδων Βόβολης,Φαίδων Βόβολης,≤100
100107023002675,Στεφάτου Διονυσία,Στεφάτου Διονυσία,≤100
2051879855080785,TEXAN SA,ΤΕΧΑΝ A.B.E.E.,≤100
112848428454613,thelocalsgr,These ads ran without a disclaimer,≤100
59097279644,Μπάμπης Καραθάνος,XARALAMPOS KARATHANOS,≤100
118529577780776,Omiros Tsapalos,Όμηρος Τσάπαλος,≤100
1604493386438343,Δημήτρης Εμμανουηλίδης - Υποψήφιος Βουλευτής Π.Ε. Καβάλας,Δημήτρης Εμμανουηλίδης,≤100
668804566601196,Giorgos Patoulis,Georgios Patoulis,≤100
101044162932187,Φωτεινή Παντιώρα,Φωτεινή Παντιώρα,≤100
2250439728530985,Δημήτρης Οικονόμου - Υποψήφιος Δήμαρχος Παπάγου-Χολαργού,Δημήτρης Οικονόμου - Υποψήφιος Δήμαρχος Παπάγου-Χολαργού,≤100
105943762317936,Rubik Miklos,These ads ran without a disclaimer,≤100
758030680986722,Kedisa,KEDISA,≤100
100203069425466,Γρηγόρης Θεοδωράκης,Γρηγόρης Θεοδωράκης,≤100
1805480266395293,ENA Institute for Alternative Policies,ENA Institute for Alternative Policies,≤100
1387430934873496,Κωνσταντίνος Γ. Τσεριώνης,Κωνσταντίνος Γ. Τσεριώνης,≤100
465833120116712,Kostas Katsafados,Kostas Katsafados,≤100
9794632388,e-evros.gr,e-evros.gr,≤100
691157010946427,Χατζηκωνσταντίνου Μαρία,Χατζηκωνσταντίνου Μαρία,≤100
1083717278496452,tomanifesto.gr,tomanifesto.gr,≤100
1476211962415668,Μακάριος Λαζαρίδης,Μακάριος Λαζαρίδης,≤100
105475882182783,Ναυτικό Επιμελητήριο Ελλάδος,Ναυτικό Επιμελητήριο της Ελλάδος,≤100
1404202109906114,Dimitrios Kyriazidis -  Δημήτριος Κυριαζίδης,Dimitrios Kyriazidis -  Δημήτριος Κυριαζίδης,≤100
346050625443767,Χρίστος Δήμας - Christos Dimas,Χρίστος Δήμας - Christos Dimas,≤100
618521531881415,Συμμαχία Δημιουργίας για το Δήμο Ζωγράφου,Συμμαχία Δημιουργίας για το Δήμο Ζωγράφου,≤100
189447644411220,Antivirus magazine,Antivirus magazine,≤100
107888345567551,Ναπολέων Μαραβέγιας,Ναπολέων Μαραβέγιας,≤100
168820243214659,Σίμος Κεδίκογλου (Simos Kedikoglou),Σίμος Κεδίκογλου (Simos Kedikoglou),≤100
110624687212257,Εθνική Επιτροπή Δικαίωσης Αρμενίων,These ads ran without a disclaimer,≤100
108201527612821,2045.gr,2045.gr,≤100
193042544144341,Γιώργος Κουμουτσάκος - Giorgos Koumoutsakos,Γιώργος Κουμουτσάκος - Giorgos Koumoutsakos,≤100
571532936300273,Δημήτρης Πατσιλίβας Δυτική Αθήνα Ελληνική Λύση,Δημήτρης Πατσιλίβας Δυτική Αθήνα Ελληνική Λύση,≤100
108321961871247,Bamtoo,These ads ran without a disclaimer,≤100
97053389427,Κυριάκος Χαρακίδης ΠΟΛΗ + ΖΩΗ,Κυριάκος Χαρακίδης ΠΟΛΗ + ΖΩΗ,≤100
614009789083932,ΝΔ Νεοδημοκράτες Ζωγράφου,ΝΔ Νεοδημοκράτες Ζωγράφου,≤100
146224542103767,Athens Review of Books,Athens Review of Books,≤100
1536398560005004,Εφημερίδα Ημέρα - Imera newspaper,Istros,≤100
101642784548519,Μιχάλης Τάσσου,Μιχάλης Τάσσου,≤100
2320868628143375,Ευαγγελία-Λίτσα Λιακούλη,Ευαγγελία-Λίτσα Λιακούλη,≤100
2900340223524662,Γιώργος Αμανατίδης - Giorgos Amanatidis,Γιώργος Αμανατίδης - Giorgos Amanatidis,≤100
795737207122308,Ignatios Kaitezidis - Ιγνάτιος Καϊτεζίδης,Ignatios Kaitezidis - Ιγνάτιος Καϊτεζίδης,≤100
102324779466473,Σπύρος Κροκίδης,Σπύρος Κροκίδης,≤100
1715299275281171,Νικόλαος Μανωλάκος,Νικόλαος Μανωλάκος,≤100
611274705567424,Ινστιτούτο Νίκος Πουλαντζάς- Nicos Poulantzas Institute,Ινστιτούτο Νίκος Πουλαντζάς- Nicos Poulantzas Institute,≤100
110019168724000,Σωκράτης Α. Βατάλης,Σωκράτης Α. Βατάλης,≤100
115555591530245,Κατερίνα Νταλντάνη,Κατερίνα Νταλντάνη,≤100
2336604626358423,Γιάννης Μελάς,Yiannis Melas,≤100
1518665045080825,Νίκος Ηγουμενίδης,Νίκος Ηγουμενίδης,≤100
198047310760930,Με Άλλα Μάτια,Με Άλλα Μάτια,≤100
357199067786276,Νίκος Ταγαράς-Nikos Tagaras,Νικόλαος Ταγαράς,≤100
114104023638775,Παρατηρητήριο Ποιότητας Περιβάλλοντος Σύρου,Παρατηρητήριο Ποιότητας Περιβάλλοντος Σύρου,≤100
1694101127583045,Χρήστος Τεντόμας,Χρήστος Τεντόμας,≤100
2128322554125321,Τουμαζάτου Μαριάννα,Τουμαζάτου Μαριάννα,≤100
249105865104072,Διονυσία-Θεοδώρα Αυγερινοπούλου / Dionysia-Theodora Avgerinopoulou,Διονυσία-Θεοδώρα Αυγερινοπούλου / Dionysia-Theodora Avgerinopoulou,≤100
811800428887450,Ευσταθία Γιαννιά,Ευσταθία Γιαννιά,≤100
335952470433682,Λουκάς Ζαρογιάννης Υποψήφιος Βουλευτής ΠΑΣΟΚ - ΚΙΝΑΛ Π.Ε. Κοζάνης,Λουκάς Ζαρογιάννης Υποψήφιος Βουλευτής ΠΑΣΟΚ - ΚΙΝΑΛ Π.Ε. Κοζάνης,≤100
1810332239092208,Καμπούρης Φίλιππος - Υπ. Βουλευτής Β1 Βόρειου Τομέα Αθηνών - Ελληνική Λύση,Καμπούρης Φίλιππος - Υπ. Βουλευτής Β1 Βόρειου Τομέα Αθηνών - Ελληνική Λύση,≤100
576164005783400,LIGS University,These ads ran without a disclaimer,≤100
104734772535485,Κορνηλία Μακρή,Κορνηλία Μακρή,≤100
108856993791337,Ενστολος,Ενστολος,≤100
2365767936847221,Αθανάσιος Λιούπης,Αθανάσιος Λιούπης,≤100
2369859223330947,Kyriakos Pierrakakis,Kyriakos Pierrakakis,≤100
988326137896976,Λιάκος Ευάγγελος,Λιάκος Ευάγγελος,≤100
107134341801432,"New European Bauhaus: beautiful, sustainable, together",These ads ran without a disclaimer,≤100
1129622597056831,Alex Papachatzis - Αλέξανδρος Παπαχατζής,Alex Papachatzis - Αλέξανδρος Παπαχατζής,≤100
892070457803678,Γιάννης Πασχαλίδης - Giannis Pasxalidis,Γιάννης Πασχαλίδης - Giannis Pasxalidis,≤100
103161493497612,Ενιαίο Παλλαϊκό Μέτωπο - Περιφέρεια Κεντρικής Μακεδονίας,Ενιαίο Παλλαϊκό Μέτωπο - Περιφέρεια Κεντρικής Μακεδονίας,≤100
102994662682693,Σωτήρης Βούλγαρης-Sotiris Voulgaris,Σωτήρης Βούλγαρης-Sotiris Voulgaris,≤100
105121915856734,Σπύρος Χαγκαμπιμάνα - Υποψήφιος Βουλευτής Β’ Πειραιά,Σπύρος Χαγκαμπιμάνα - Υποψήφιος Βουλευτής Β’ Πειραιά,≤100
110027935358239,Χαράλαμπος Αραμπατζής,Χαράλαμπος Αραμπατζής,≤100
2219917241402396,Γιάννης Μαντζουράνης,Γιάννης Μαντζουράνης,≤100
486955078071400,Vavias Stavros,Vavias Stavros,≤100
109620288727734,Κώστας Τρομπούκης,Κώστας Τρομπούκης,≤100
305998399465211,Νίκος Δένδιας,Νίκος Δένδιας,≤100
339494163887900,ΑγαΠάμε την Πόλη μας τον Άγιο Δημήτριο,ΑγαΠάμε την Πόλη μας τον Άγιο Δημήτριο,≤100
1492482987698382,Epirusgate,Epirusgate,≤100
233531826835808,Παύλος Χρηστίδης,Παύλος Χρηστίδης,≤100
100582149195797,CretaNews.eu,CretaNews.eu,≤100
406231909388105,Δημήτρης Κωνσταντόπουλος,Δημήτρης Κωνσταντόπουλος,≤100
349959315189579,Δημήτρης Οικονόμου,Δημήτρης Οικονόμου,≤100
210840194307282,Αχαρνές για όλους,Αχαρνές για όλους,≤100
414352232492398,Αθανάσιος Σταυρόπουλος,Αθανάσιος Σταυρόπουλος,≤100
130823344290530,Grigoris Skoularikis - Γρηγόρης Σκουλαρίκης,These ads ran without a disclaimer,≤100
495210223940083,Γιάννης Σμέρος,Γιάννης Σμέρος,≤100
100768865939165,Φραγκίσκος Λαμπρινός,Φραγκίσκος Β. Λαμπρινός,≤100
105050739171735,Δημήτρης Δημητρίου,Δημήτρης Δημητρίου,≤100
100169441866284,Νικόλαος Καρδούλας,Νικόλαος Καρδούλας,≤100
1401940050103840,Τελιγιορίδου Ολυμπία -Βουλευτής Καστοριάς - Συριζα,Ολυμπία Τελιγιορίδου,≤100
1584288081801850,Χρήστος Μπουκώρος Βουλευτής Ν.Μαγνησίας,Χρήστος Μπουκώρος Βουλευτής Ν.Μαγνησίας,≤100
107933368450978,Παπαγόρας Αντώνης • Papagoras Antonis,Παπαγόρας Αντώνης • Papagoras Antonis,≤100
110844901687457,Γιώργος Μπαλάφας,Γιώργος Μπαλάφας,≤100
150830641743673,Tomplay,These ads ran without a disclaimer,≤100
1183996195056831,Sentient,These ads ran without a disclaimer,≤100