﻿Page ID,Page name,Disclaimer,Amount spent (USD)
225385184188101,ქართული ოცნება / Georgian Dream,ქართული ოცნება / Georgian Dream,≤100
162884567108986,კომუნიკაციების კომისია | Communications Commission,კომუნიკაციების კომისია | Communications Commission,≤100
179300065451916,საქართველოს იუსტიციის სამინისტრო,საქართველოს იუსტიციის სამინისტრო,≤100
100851852372216,Գանձ/განძი,Safari,≤100
137784719692774,საქართველოს მთავრობა,საქართველოს მთავრობა,≤100
373058439451905,Irakli Garibashvili,Irakli Garibashvili,≤100
353943391364252,TV Imedi,TV Imedi,≤100
1740887375921884,TOK TV,TOK TV,≤100
285690758154568,გარემოს დაცვისა და სოფლის მეურნეობის სამინისტრო,გარემოს დაცვისა და სოფლის მეურნეობის სამინისტრო,≤100
651534988375338,POSTV - ანალიტიკა,POSTV LLC,≤100
1159313984168136,europop,Popsport,≤100
220225047997169,"დევნილთა, შრომის, ჯანმრთელობისა და სოციალური დაცვის სამინისტრო","დევნილთა, შრომის, ჯანმრთელობისა და სოციალური დაცვის სამინისტრო",≤100
1037692123012971,კახა ოქრიაშვილი / Kakha Okriashvili,კახა ოქრიაშვილი / Kakha Okriashvili,≤100
101675728268164,დამუხტე,დამუხტე,≤100
144606052272674,დაცული ტერიტორიების სააგენტო / Agency of Protected Areas (Georgia),დაცული ტერიტორიების სააგენტო,≤100
114735666574826,Formula • ფორმულა,TV Formula,≤100
749989348701035,ეს ქვეყანა შენია • This country is yours,Civil Society Institute,≤100
108652531483661,ქართული ოცნება ჩემი არჩევანია,ქართული ოცნება ჩემი არჩევანია,≤100
312044018831500,სურსათის ეროვნული სააგენტო / National Food Agency,სურსათის ეროვნული სააგენტო / National Food Agency,≤100
114623925357107,საქართველოს ფოსტა / Georgian Post,საქართველოს ფოსტა / Georgian Post,≤100
1709314685984193,სტრატეგია აღმაშენებელი • Strategy Aghmashenebeli,სტრატეგია აღმაშენებელი • Strategy Aghmashenebeli,≤100
104544911468291,შალვა პაპუაშვილი • Shalva Papuashvili,Georgian Dream,≤100
105294965729965,საქართველო უპირველეს ყოვლისა  • Georgia First,Georgia First,≤100
262575877222080,ეროვნული სატყეო სააგენტო,ეროვნული სატყეო სააგენტო,≤100
1577443435885416,მამუკა მდინარაძე / Mamuka Mdinaradze,Georgian Dream,≤100
179119122157809,Pia.ge - ახალი ამბები,Pia.ge - ახალი ამბები,≤100
1031485756902883,გირჩი • Girchi,გირჩი • Girchi,≤100
480323335835739,მაუწყებელი • Mautskebeli,მაუწყებელი • Mautskebeli,≤100
252682171418486,აღსრულების ეროვნული ბიურო,აღსრულების ეროვნული ბიურო,≤100
1267468489937737,"აი, ფაქტი • ifact.ge","აი, ფაქტი • ifact.ge",≤100
106116218389057,გამზირი • Gamziri,გამზირი • Gamziri,≤100
222439314545383,სახელმწიფო სერვისების განვითარების სააგენტო / psda,სახელმწიფო სერვისების განვითარების სააგენტო / psda,≤100
177657096172822,სირცხვილია • Shame Movement,სირცხვილია • Shame Movement,≤100
194165114388891,ევროპული საქართველო • European Georgia,ევროპული საქართველო,≤100
467242696954558,POSTV,POSTV,≤100
147881438604435,გიორგი კეკელიძე • Giorgi Kekelidze,Kekelidze,≤100
107034578358462,პოლიტიკური სატირა / Political Satire,პოლიტიკური სატირა / Political Satire,≤100
691251661323712,თავისუფალი ბაზარი,გირჩი • Girchi,≤100
28821170162,Giga Bokeria,European Georgia,≤100
536906143912475,RealPolitika • რეალპოლიტიკა,Gmc • მმართველობის მონიტორინგის ცენტრი,≤100
2136963033183230,თორნიკე რიჟვაძე • Tornike Rijvadze,თორნიკე რიჟვაძე • Tornike Rijvadze,≤100
312461392497536,Razhden Kuprashvili • რაჟდენ კუპრაშვილი,These ads ran without a disclaimer,≤100
103965262533554,არ აგარევინებთ,არ აგარევინებთ,≤100
133052760057128,Tabula - ტაბულა,Tabula - ტაბულა,≤100
106116218389057,გამზირი • Gamziri,These ads ran without a disclaimer,≤100
341492249370343,Business Association of Georgia - საქართველოს ბიზნეს ასოციაცია,Business Association of Georgia - საქართველოს ბიზნეს ასოციაცია,≤100
1152104411502228,ნინო წილოსანი • Nino Tsilosani,ნინო წილოსანი • Nino Tsilosani,≤100
180568365331697,შერიგებისა და სამოქალაქო თანასწორობის საკითხებში სახელმწიფო მინისტრის აპარატი,SMR Georgia,≤100
160573500663569,საქართველოს ეროვნული უნივერსიტეტი სეუ • Georgian National University SEU,These ads ran without a disclaimer,≤100
1436499703296575,მითების დეტექტორი,მითების დეტექტორი,≤100
107709478476649,თამარ ჩერგოლეიშვილი / Tamar Chergoleishvili,European Georgia,≤100
113991509974808,მამუკა ხაზარაძე Mamuka Khazaradze,მამუკა ხაზარაძე Mamuka Khazaradze,≤100
107212234052832,მედიაკრიტიკა / Mediacritic,მედიაკრიტიკა / Mediacritic,≤100
1545848578984351,საქართველოს კონკურენციის ეროვნული სააგენტო •  gnca,Georgian National Competition Agency,≤100
111039821916400,პოლიტიკური რენტგენი,პოლიტიკური რენტგენი,≤100
414248619353564,საქართველოს დაბადება,გირჩი • Girchi,≤100
101545558591952,დავით ფაცაცია / David Patsatsia,დავით ფაცაცია / David Patsatsia,≤100
1746063075610569,საფარი • Sapari,Union Sapari,≤100
1578471278894473,POSTV - ახალი ამბები,POSTV,≤100
1097681207089811,პუბლიკა • Publika,პუბლიკა • Publika,≤100
107336238433922,PrimeNews.Ge,PrimeNews.Ge,≤100
102635655320437,Number Match - Logic Puzzle Game,These ads ran without a disclaimer,≤100
195600981002208,გიორგი მელაშვილი / George Melashvili,Europe-Georgia Institute,≤100