﻿Page ID,Page name,Disclaimer,Amount spent (USD)
103800424740910,BAZ باز,BAZ باز,≤100
108448645342531,BAZ PLUS,BAZ PLUS,≤100
399110903587431,دژه تیرۆری کوردستان Kurdistan CT,ASO,≤100
101225028723669,AsAn  ئاسان,AsAn  ئاسان,≤100
130783806990987,"Hakim Qadir ,  حاکم قادر",Bestun Hama Ahmed,≤100
110534435683482,Kurdistan Democratic Party,KDPinfo,≤100
108208211346225,ڕێچکە - Rechka,ڕێچکە - Rechka,≤100
102221762283932,مقراب الشرق کوردی,مقراب الشرق,≤100
104005041772849,DAW- داو,DAW- داو,≤100
110035949016294,Masrour Barzani,ASO,≤100
117411464290585,Nabaz Abdulhamid,Nabaz Abdulhamid,≤100
103129962627235,Dr. Umed Sabah,ITPLUS,≤100
133439963658698,U.S. Consulate General Erbil,U.S. Consulate General Erbil,≤100
110993001443459,دەزگای رۆشنبیری و ڕاگەیاندنی پ.د.ك,Kdp media,≤100
101537365554352,KURD POST,Ahmed Majeed Awla,≤100
104740664992759,Mor News,Mor News,≤100
110735054899289,Lapere,lapere,≤100
1951151558245122,Karwan Gaznay,Karwan Gaznay,≤100
563523023665939,KurdistanPress,kurdistanpress.net,≤100
100718729559772,مەکتەبی ڕێکخستنی پارێزگای سلێمانی ـ هەلەبجە ـ ڕاپەرین پ.د.ک,Rawand Mziri,≤100
556915681040436,عبدالله حاجي محمود : Abdullah Haji Mahmood,Abdullah Mahmood Mohammed,≤100
927958880553492,ئاژانس میدیا,ئاژانس میدیا,≤100
1850158471871767,مەکتەبی پەیوەندییەکان - کوردستان و عێراق - پ.د.ک,Rawand Mziri,≤100
109718124824252,بەڵگە نیوز,serv digital,≤100
104731119101861,RSTA رستە,RSTA رستە,≤100
151154975607183,Barbast,barbast,≤100
635049550029076,Nabaz hariri,Rawand Mziri,≤100
107361218100874,Dw Der - دوو دێر,Dw Der - دوو دێر,≤100
1130948176931386,بــاران,serv digital,≤100
335087470495241,Bra Gawra برا گەورە,Diyar Hamad,≤100
1842041942691114,PUKMEDIA,PUKmedia Official,≤100
102281725904887,Zoom Media,zoommedia.me,≤100
1650607098561130,Hawler Newspaper ڕۆژنامەی هەولێر,Rawa Majeed,≤100
118147190026744,دەنگێ بەھدینان Dengê Behdinan,dengebehdinan.net,≤100
224633614313076,لقی دووی پارتی دیموکراتی کوردستان,لقی دووی پارتی دیموکراتی کوردستان,≤100
467222586811080,شێخەی مەمەند ئاغای ھەمەوەند,شێخەی مەمەند ئاغای ھەمەوەند,≤100
585609641479524,مانامیدیا,eyeagency,≤100
522721454528146,ئاژانسی راگەیاندنی پارتی,ئاژانسی راگەیاندنی پارتی,≤100
711506772983323,Raz Press,Raz Press,≤100
110134013821354,داركا مازى - سۆرانی,Darka Mazi,≤100
109435514965568,Astera,serv digital,≤100
122715016242892,اقتصاد العراق,علا موفق محمد,≤100
1938942153041498,Saeed Salim Pshdari / سەعید سەلیم پشدەری,Saeed Salim Pshdari / سەعید سەلیم پشدەری,≤100
102567695962268,KNETS,Dlgash Kurdi,≤100
295663631027908,Barzani Headquarters بارەگای بارزانی,BarzaniHQ,≤100
112048801639488,Zoom News,Zoom News,≤100
472044706703515,مكتبة نوسكا,These ads ran without a disclaimer,≤100
109819321970738,ڕۆژ نیوز  Rojnews,Nasyar Ali,≤100
133227943495329,زارى کرمانجى,Abdullah Hamad,≤100
101240248181094,Zaman زەمەن,zamenpress,≤100
294139057294979,دارا سيكانيانى,Shko Dara,≤100
194778987219047,BasNews,Diyar Azeez Mustafa,≤100
103081698066417,Zhyan ژیان,Zhyan ژیان,≤100
113328637052240,زەرگەتە,zergete.net,≤100
452546814895122,پرۆفسۆر دكتۆر رعد رفعه محمد Professor Raad Rifaah Mohammed,Standard,≤100
106273938637262,Draw  درەو,Draw  درەو,≤100
152421998162279,Abubakr Ali (Abubakr Karwani),Abubakir Ali,≤100
570578883145171,پەرەگراف Peregraf,PEREGRAF WEBSITE,≤100
113153977690492,Dr.Narmin Maruf د.نەرمین معروف,Ariwan M Ghafoor,≤100
1066183836729650,محمد توفيق علاوي,Mohammed Allawi,≤100
100640668153417,باسم خضير كاظم الغرابي,باسم خضير كاظم الغرابي,≤100
101457658888133,Mariwan Qarani  مەریوان قەرەنی دزەیی,Mariwan Qarani  مەریوان قەرەنی دزەیی,≤100
1674452819275320,دکتور مجيد حمدامين,Mohammed Majeed,≤100
103560309271906,کتلة الحزب الديمقراطي الكوردستاني في مجلس النواب العراقي,کتلة الحزب الديمقراطي الكوردستاني في مجلس النواب العراقي,≤100
148693135213652,Peyamner - پەیامنێر,peyamner.net,≤100
101741622757697,Chaw+,Chaw+,≤100
226259487432886,ده نگی کوردستان  سلیمانی   dangi Kurdistan  103.9  FM,تارا بایز عزیز,≤100
106731608777296,DGK RADIO,DGK,≤100
104574747604318,XOR - خۆر,Xorkurd.net,≤100
108187772169431,Sarbast Lazgeen,Sarbast Lazgeen Abdulrahman,≤100
512997815381600,عميد سرحد,عميد سرحد,≤100
441049192623245,راگەیاندنی مەکتەبی مامۆستا عەلی باپیر,حيدر مظفر,≤100
101102885457535,جهينة - Juhaina,جهينة - Juhaina,≤100
486820705424112,سيروان روژبیاني Sirwan  Rozhbayani,سيروان روژبیاني Sirwan  Rozhbayani,≤100
1272142976242590,وكالة بغداد اليوم الاخبارية,وكالة بغداد اليوم الاخبارية,≤100
104886081432069,حركة البشائر الشبابية,حركة البشائر الشبابية,≤100
109788947180507,Dr.Azad Mustafa Qader د.ئازاد مستەفا,Azad Mustafa Qader,≤100
355786234434317,Pshtiwan Sadq,Shwan Azeez Ismail,≤100
100642098847777,شوان کەلاری Shwan Kalary,شوان کەلاری Shwan Kalary,≤100
1159516580738783,مديرية بلدية الكرمة,مديرية بلدية الكرمة,≤100
1399247893547948,Chaw - چاو,Chaw - چاو,≤100
102119931136710,ژووری بازرگانی و پیشەسازی هەڵەبجە,Kizhan Baqi Hama Amin,≤100
159370874867950,محمود حسين القيسي,Mahmood Mutlag,≤100
341118959242786,بزوتنەوەی گۆڕان Gorran Movement,بزوتنەوەی گۆڕان Gorran Movement,≤100
114567954564112,مۆنیتەر کورد,مۆنیتەر کورد,≤100
267078350122003,الدكتور ماجد شنكالي,الياس الحسين,≤100
1145999105540426,عوسمان كاروانى,Akam Ibrahim Rahim Rahim,≤100
108377228421459,قناة الغدير Alghadeer TV,قناة الغدير,≤100
1710947889173929,محمد جميل المياحي,محمد جميل المياحي,≤100
754878457919560,النائب عادل خميس المحلاوي,مصطفى ريكان عجيل,≤100
381026846058940,هيبت الحلبوسي,هيبت الحلبوسي,≤100
492511684171110,الغد برس,الغد,≤100
244322546132149,مەڵبەندی 24 ی ڕێكخستنی ڕاپەڕین,These ads ran without a disclaimer,≤100
101675699293524,مقتضى الحال,توفيق فؤاد توفيق,≤100
104548434355221,عمدة مدينة الرمادي,عمدة مدينة الرمادي,≤100
109193532068815,,dopshk,≤100
107350600709380,ابطال المطعم التركي,ابطال المطعم التركي,≤100
102581416014304,واحد حكومة,واحد حكومة,≤100
316610401684505,گرنگ,گرنگ,≤100
165108224397,Gali Kurdistan,These ads ran without a disclaimer,≤100
105916454238981,Rifaat smo rasho - رفعت سمو رشو,Rifaat Smo Rasho,≤100
104081694467489,ريان الكلداني,ريان الكلداني,≤100
297980630813326,مهند الاومري mohanad alomarey,مهند الاومري mohanad alomarey,≤100
100943792655877,Dr. Aram Najmadeen Bradosty,Aram N. Bradosty,≤100
112780358374284,Mode Milane Miller Inc.,These ads ran without a disclaimer,≤100
100777926142279,عمار موسى كاظم,عمار موسى كاظم,≤100
116944031282422,شبابيك نيوز,صحيفة شبابيك نيوز,≤100
105660452171210,مؤسسة خطى لرعاية رواد الصحافة والفن,Rasool Ali,≤100
721595564641442,خان جغان,خان جغان,≤100
319949955147415,نور ميوزك - Noor Music,نور ميوزك - Noor Music,≤100
407001929890342,الاعلامي بهاء المستشار,الاعلامي بهاء المستشار,≤100
194824897244836,Zayed Sustainability Prize,These ads ran without a disclaimer,≤100
100662932593098,الوسط 24,الوسط 24,≤100
430393733989512,عامر المرشدي,نسرين عدنان فرحان,≤100
204803838632,Haider Al-Abadi,Ahmed Abdulkareem Shihab Alwandi,≤100
437746180142399,المستشار العراقي,المستشار العراقي,≤100
107361218100874,Dw Der - دوو دێر,These ads ran without a disclaimer,≤100
101359788399747,حجي جبار,حجي جبار,≤100
102183228446985,البيت العراقي,Haider Alzubaidi,≤100
957463584360619,BMC TV,BMC TV,≤100
105697295699748,واحد رئاسة,واحد رئاسة,≤100
112805336829620,حجاية وستوتة,jiball,≤100
110452055224657,احنه بخدمتكم,احنه بخدمتكم,≤100
2475544709171541,طسة عراقية,علي محمد اسماعيل,≤100
109900771923337,المهندس عباس جبر العلياوي,بصائر الخفاجي,≤100
104105388781298,7ROJ,7Roj Media,≤100
107041055032949,أحمد ابو تراب,These ads ran without a disclaimer,≤100
109047808122124,النائب علي المشكور  Ali Almashkor,علي محمد ناصح المالكي,≤100
105785298641136,محمد الزيدي,محمد الزيدي,≤100
102682039247529,الیقین,barqnews,≤100
744796209310234,سيادة العراق - Sovereignty of Iraq,سيادة العراق - Sovereignty of Iraq,≤100
106995204835895,سوالف Plus,سوالف Plus,≤100
533974930053676,سارة السهيل  صفحة,These ads ran without a disclaimer,≤100
106053335295019,AYM - ايم,AYM,≤100
319512815071154,Marshal - A.R.K Co للشحن الجوي والبحري,These ads ran without a disclaimer,≤100
108851887527361,خالد وليد,حيدر محمد هادي,≤100
1298625980153968,Tech 4 Peace التقنية من اجل السلام,Tech For Peace,≤100
299310027363262,صفحة تحشيش عراقي,صفحة تحشيش عراقي,≤100
112675444991226,وزير الفقراء,جميل خاتي محمد,≤100
100259398925618,نهال الشمري Nihal Alshammari,مصطفى حسين الهدهود,≤100
307323366135,Alhurra قناة الحرة,These ads ran without a disclaimer,≤100
107500321741195,Smc مركز شعاع الإعلامي ـ,These ads ran without a disclaimer,≤100
1722520228078847,Female Invest,These ads ran without a disclaimer,≤100