﻿Page ID,Page name,Disclaimer,Amount spent (RON)
1058116737612843,USR,Uniunea Salvați România,154
178362315106,European Parliament,European Parliament,≤100
1395939193764858,Marcel Ciolacu,Partidul Social Democrat,≤100
2254647624747931,PSD Câmpeni,Psd Alba,≤100
181375448581167,Partidul Naţional Liberal,Partidul Național Liberal,≤100
101521905891035,Lucian Alba,Lucian Alba,≤100
109260655301896,Dezvaluiri,Dezvaluiri,≤100
54779960819,United Nations,United Nations with Facebook Ad Credits,≤100
360828814115641,Asociatia Slujire Crestina,Asociatia Slujire Crestina,≤100
527351247377965,European Committee of the Regions,European Committee of the Regions,≤100
321890494859228,Vlad Gheorghe,GHEORGHE VLAD-DAN,≤100
207741001672,Speranta pentru Romania,Speranta pentru Romania,≤100
112599703659958,Green News,ASOCIATIA GREEN ACADEMY,≤100
102601499822802,RMDSZ,RMDSZ,≤100
163943696987223,Ziarul Puterea,Ziarul Puterea,≤100
686190454826244,Declic,Declic,≤100
1796777377209154,Regia Nationala a Padurilor - Romsilva,Regia Nationala a Padurilor - Romsilva,≤100
112664490103704,Salvăm România,Salvăm România,≤100
168243139877442,BZI,BZI,≤100
1560147330888040,Winkler Gyula,Winkler Gyula,≤100
360184320712594,Raluca Turcan,Partidul Naţional Liberal,≤100
175293925828191,Kelemen Hunor,RMDSZ,≤100
207255636351408,Dan Barna,Dan Barna,≤100
2546711162025064,Politice.net,politice.net,≤100
185582988821530,Cătălin Teniță,Cabinet Parlamentar Dragoș-Cătălin Teniță,≤100
799949990211564,Ioana Ramona Bruynseels,Ioana Ramona Bruynseels,≤100
100491781650498,Premierul Nostru,Premierul Nostru,≤100
1408452646080627,Marius Screciu,SCRECIU MARIUS-VASILE,≤100
939093039450192,PS News,PS News,≤100
110980981783633,Modernizăm România,Partidul National Liberal,≤100
100211372942318,România=GEȚIA,Mărgărit-Daniel Buzoi,≤100
100348189494015,Robert Vitoș,Robert Vitos,≤100
101340741758468,Radu Pescar,Pescar Radu Mircea,≤100
1376834062358342,Packhelp,These ads ran without a disclaimer,≤100
103640708229788,Laurențiu Marin,Laurentiu-Daniel Marin,≤100
109696355048205,Sens Politic,Fundația Corneliu Coposu,≤100
220579784732993,Daniel Buda,Buda Daniel,≤100
159027940804196,Consiliul Superior al Magistraturii,Complete media,≤100
107126744527532,Farcaș Mihai-Dan,FARCAS MIHAI DAN,≤100
111105537419564,Oana Murariu,Oana Murariu,≤100
149371012371397,Newsweek Romania,Newsweek Romania,≤100
341037705981172,Humanitas,Humanitas,≤100
104484254797326,Laura Vicol,Deputat Laura Vicol,≤100
338465666278028,Cristian Niculescu Țâgârlaș,PNL Maramureş,≤100
112561930654300,NTD Romania,Cristian Nica,≤100
111433480759397,Gîdei Laurențiu Viorel,Laurentiu Viorel Gîdei,≤100
2443020582586584,Romania Eficienta,Romania Eficienta,≤100
107066808189586,Panorama.ro,NEWBIZ ONLINE PUBLISHING S.R.L.,≤100
137651470305528,Federația Patronală Petrol și Gaze,Federatia Patronală Petrol și Gaze,≤100
101050491593899,Mihai Birsan,Mihai Birsan,≤100
600025356762034,Carina Pflege Locuri de munca Germania,Olimpia Schugar,≤100
181221645364365,Carmen Avram,Carmen Avram,≤100
163950740830769,Gaz De Romania,Gaz De Romania,≤100
1157480384268430,Partidul Umanist Social Liberal PUSL Sediul Central,Partidul Umanist Social Liberal,≤100
154617427936401,Patrula de Reciclare,Patrula de Reciclare,≤100
115457726491581,Valahia News English,Valahia News,≤100
103294104428366,Cezar Dragoescu,Cezar Dragoescu,≤100
106107464631160,Cristian Bordei,Cristian Bordei,≤100
1035965773083960,Chelaru Florin,Florin Chelaru,≤100
1190871690932388,New Star Online TV,NewStarOnlineTV,≤100
924354934394338,Iulian Lorincz,Iulian Lorincz,≤100
337159212964962,Ziua de Cluj,Ziua de Cluj,≤100
114319753592403,AFACERI.news,Horia-Marius Bogdan,≤100
110775848441310,Podul,Podul.ro,≤100
102410783138358,Anuntul Telefonic,Anuntul Telefonic SRL,≤100
112130176975380,Radu Ghidău,Radu Ghidau,≤100
647907398718329,USR PLUS Turda,USR PLUS Cluj,≤100
741115212683860,Astrolog Adrian Chelariu,Adrian Chelariu,≤100
100935048994575,Business Watch,Business watch,≤100
101577215586429,Rafael Nichita,Rafael Nichita,≤100
100872245631464,AEM Holding,AEM Holding,≤100
1801593683498719,Universul Fiscal,These ads ran without a disclaimer,≤100
502514186907494,Apa Noastră,Mihnea Eugen Pospai,≤100
1585503788418339,Felix Cozma,Felix Cozma,≤100
103848345499988,politicaexterna.ro,Justin Stefan,≤100
104521871161055,Bogdan Barbu,Bogdan Viorel Barbu,≤100
102905778991186,Partidul Adevăr și Dreptate,Toroican Ioan,≤100
320404554708029,Egal Acces,Mihai Sebe,≤100
201920416986321,EM360 Studio,EM360 cu Adi Maniutiu,≤100
199819313714319,Marian Uscatu,Marian Uscatu,≤100
1161590740517881,Tomis News,Tomis News,≤100
380732082049106,Erdélyi Magyar Nemzeti Tanács,Erdélyi Magyar Nemzeti Tanács,≤100
675042232534141,Vincze Loránt,Vincze Loránt,≤100
100468771924489,DiEM25 în România,Razvan Mirsu,≤100
106098884636145,ADI Deșeuri Bistrița-Năsăud,ADI Deseuri Bistrita-Nasaud,≤100
658668994510595,Norofert Group,Norofert Group,≤100
103383915623247,Mișcarea pentru Democrație Directă,Mișcarea pentru Democrație Directă,≤100
100850998460894,Rodica Boancă,Rodica Boanca,≤100
114460923709287,4media.INFO,4Media.INFO,≤100
144614315599146,Ziarul de Investigații,Ziarul de Investigații,≤100
177708185581280,Erdélyi Magyar Néppárt,Erdélyi Magyar Szövetség,≤100
100209028508727,Timpul prezent,Matei-Marcel Martin,≤100
108304090952938,Mihai Weber,Mihai Weber,≤100
103153971159362,Viorel Ciuhandu,Viorel Ciuhandu,≤100
100580771508569,Vocea Pomezeului,Viorel Ciuhandu,≤100
267821410080602,Cronica Romana,Parvu Florin,≤100
645172459428180,Gabriela Blăniţă,Gabriela Blăniţă,≤100
363229087342819,Marosvásárhelyiek,marosvasarhelyiek.ro,≤100
400605554001626,Eduard Alexandru Cîrceag,Eduard Alexandru Cîrceag,≤100
108343004906657,Lulea Marius Dorin,Lulea Marius Dorin,≤100
164624876574,Avocat Porosnicu Gianina Vera,Bianca Daniela Stefan,≤100
138013066338332,Asociația Umanistă Română,Adrian Călugăru,≤100
103483408125726,Cosmin Gîdea,Oltenia STAR,≤100
102603825860755,Moldova Invest,Moldova Invest,≤100
1196196390526965,Facebook Surveys,These ads ran without a disclaimer,≤100
147547541961576,Council of the European Union,Council of the European Union,≤100
144709575593854,EESC - European Economic and Social Committee,EESC - European Economic and Social Committee,≤100