﻿Page ID,Page name,Disclaimer,Amount spent (COP)
1208208469251722,Secretaría Seguridad Bogotá,Secretaría de Seguridad,5345721
108379099286148,Alcaldía Mayor de Bogotá,Alcaldía Mayor de Bogotá,3807608
619776134722439,Secretaría Distrital de Salud,Secretaría Distrital de Salud,1352203
309383129136101,Secretaría Gobierno de Bogotá,Julian Esteban Cardona Reyes,1308325
183025852044152,Secretaría de Desarrollo Económico,Secretaria de Desarrollo Economico,538198
167878593236712,UNICEF en español,UNICEF con créditos publicitarios de Facebook,300208
320718924713146,Secretaría Distrital de la Mujer,Secretaría Distrital de la Mujer,263566
251292808253299,Canadian College,Canadian College,188688
68793499001,UNICEF,UNICEF with Facebook Ad Credits,135469
321789057890530,Secretaría de Movilidad,Secretaría de Movilidad,103421
105848177845789,All Out en español,All Out Action Fund,71910
597006313643580,Gobernación del Valle del Cauca,Gobernación Valle del Cauca,66647
108228068238348,Diego Caicedo,Diego Caicedo,62977
105143608753342,Zona de Parqueo Pago,BERMUDEZ ASOCIADOS TELEVISION S.A.S.,56440
120925518113593,Alcaldía de Manizales,Universal Group Agencia de Comunicaciones SAS,44628
308580499200723,Alcaldía de Medellín,Alcaldia de Medellìn,41693
407615769604377,Mutante,Fundación Mutante,38854
299469560099835,Alcaldía de Cali,Alcaldía de Cali,32106
133787883971402,Oscar Ramírez Vahos,Oscar Ramirez Vahos,25706
121667137935541,Idartes,IDARTES,14373
571144883032946,Alcaldía Local PuenteAranda,Andres David Sossa Ayala,14147
381464961911270,Cruz Roja Antioquia,Cruz Roja Colombiana Seccional Antioquia,9019
108459260282,Universidad La Gran Colombia,Universidad La Gran Colombia,8701
1823807254333065,Soy Más País,Soy Mas Pais,5959
105575860832729,Álvaro Andres Toro parra,Alvaro Andres Toro Parra,5760
167222580002790,Clara Luz Roldan Gonzalez,Clara Luz Roldán,5154
123279176118,DHgate,These ads ran without a disclaimer,4838
655227911200346,Carlos Edward Osorio,Carlos Edward Osorio,4777
969143216462972,Felipe Cañizalez,Andreina Quintero Correa,4514
1406926926229923,Periódico 15,Periódico 15,4187
1961087004115019,Zijin-Continental Gold Colombia,Zijin-Continental Gold,4044
765302097170348,Línea Cero,Linea Cero,3988
1090401507639440,Funcicar,Funcicar,3890
204435366254477,IETA - Instituto de Estudios Técnicos Aeronáuticos,William Guillermo Delgado Lopez,3766
1119413181474050,El Avispero Mov,Movilizatorio,3397
267198759973201,Bairon Enrique Muñoz Lizarazo,Bairon Enrique Muñoz Lizarazo,3379
108875804858437,Antimilitantes,Antimilitantes,3145
252640334936797,Skandia Colombia,Kelly Vanessa Cuellar Garces,3011
643513979193133,Unidos por Beatriz,Neuma,2716
471698040072735,Leonardo Siagama/Alcalde P/R,Leonardo Siagama,2048
114778278552099,Octavio Cardona León,Octavio Cardona León,1415
1815626541807349,Agencia de Periodismo Investigativo,Norbey Quevedo Hernandez,1413
170276379775886,Instituto de Ciencia Política Hernán Echavarría Olózaga,Instituto de Ciencia Política Hernán Echavarría Olózaga (ICP),1371
100441615942186,Colores de Alegría,These ads ran without a disclaimer,1255
1400280116941194,Fabian Diaz,Fabian Diaz,1179
104225931872147,Canal 6 Fusagasugá,Camilo Andres Nieto Poveda,1178
1052668304757955,Eduard Sarmiento Hidalgo,Eduard Sarmiento Hidalgo,1154
103727635426939,Alexandra Vásquez Ochoa,Leider Alexandra Vasquez Ochoa,990
442699302590325,Fundación Ideas para la Paz,Fundación Ideas para la Paz,880
466445923412524,Miguel Ángel Barreto,Joshua Escobar Rengifo,859
166178460072395,اليونيسف بالعربية - UNICEF in Arabic,اليونيسف باستخدام اعتمادات الإعلان على الفيسبوك,726
161761021035434,Francisco Pantoja,Francisco Javier Pantoja Pantoja,721
171419986524240,Carácter Noticias,CARÁCTER NOTICIAS,688
1727581227480675,Empower Through Play,These ads ran without a disclaimer,581
108130928319359,No Apto,No Apto,516
553585915161201,Jhon Molina Putumayo,Jhon Gabriel Molina Acosta,367
107868007400413,Risaralda Opina,Risaralda Opina,351
835710939898329,Paulina Aguinaga,Paulina Aguinaga,345
602624820222269,Antonio Garcia,Antonio Jose Garcia De La Rosa,340
1798830637009736,Ciudad Bolívar Ant.,Mauricio Marquez Valencia,296
2241245632763659,Luchadora Social Mayte,These ads ran without a disclaimer,294
117374017630746,Limpieza con Derechos,Jerson David Londoño Pineda,276
1791953117701952,Villavonoticias.com,Dumar Alecides Parra Fandiño,224
1492738294345790,Carlos Sterling,Sebastian Cardoso Sabogal,213
130834367164,Red PaPaz,Red PaPaz,192
188371488749555,Mauro Marquez,Mauricio Marquez Valencia,166
190649367660431,Orlando Benítez,Orlando David Benitez Mora,154
333260000169400,Nariño Vive Underground,José Felix Champutis Calpa,131
103972301485985,Oficina Asesora de Planeación Departamental del Cauca,Constanza Muñoz Muñoz,≤100
108900271874279,ConVivimos Chévere,Mónica Liliana Suarez Enciso,≤100
100520825048827,Movant Connection,These ads ran without a disclaimer,≤100
350160788433059,Proclama Cauca y Valle,Proclama Cauca y Valle,≤100
100319211712051,Walter Salas,Walter Manuel Salas Quinto,≤100
257058768509536,Yamid Carvajal,Yamid Carvajal Carvajal,≤100
170633243101916,Alexander Serrato Fonseca,Fernando Alexander Serrato Fonseca,≤100
124252504303223,UNICEF (FR),UNICEF avec des crédits publicitaires Facebook,≤100
385385178182941,SIGNUS Ecovalor,These ads ran without a disclaimer,≤100
1164694603562682,FastTony.es,These ads ran without a disclaimer,≤100
1352874084790500,Fresenius Kabi,These ads ran without a disclaimer,≤100
116987781644980,Shangay,These ads ran without a disclaimer,≤100
1640843592827570,Embodied Philosophy,These ads ran without a disclaimer,≤100
2389307061314370,Vidas Sitiadas,These ads ran without a disclaimer,≤100
131602424169035,Oxfam en Español,These ads ran without a disclaimer,≤100
131314590235972,DW Español,These ads ran without a disclaimer,≤100
102368642247154,SOS Animales Colombia,These ads ran without a disclaimer,≤100
299227550122220,Radio Cina Internazionale,These ads ran without a disclaimer,≤100
160931207311058,Daniel Jimenez Afanador,These ads ran without a disclaimer,≤100
792194537475217,Objetivo Cero,These ads ran without a disclaimer,≤100