﻿Page ID,Page name,Disclaimer,Amount spent (VEF)
341721517096411,Radio Asamblea Nacional,an advertiser in Venezuela,500000
564188034075673,Roberto Enriquez,an advertiser in Venezuela,500000
327115907736300,Asia Global Institute,These ads ran without a disclaimer,≤100
427787940590188,Радио Китай,These ads ran without a disclaimer,≤100
37896015468,"Embajada de los EE.UU., Venezuela",an advertiser in Venezuela,≤100
163431977114538,Teleflex,These ads ran without a disclaimer,≤100
195020667187041,Centro Internacional de Actualización Profesional (CIAP-UCAB),These ads ran without a disclaimer,≤100
333721726763601,Darwin Gonzalez,an advertiser in Venezuela,≤100
342910153967,Upata al Día TV,an advertiser in Venezuela,≤100