﻿Page ID,Page name,Disclaimer,Amount spent (USD)
81089852182,U.S. Embassy Ecuador,Embassies: U.S. Embassy Ecuador,≤100
1362854600519691,Autoridad Aeroportuaria GYE,Autoridad Aeroportuaria de Guayaquil,≤100
2221570604786246,Primicias,Primicias,≤100
857378244370245,BanEcuador,BanEcuador,≤100
108657847619569,Goberna Ecuador,Goberna Ecuador,≤100
105539772365757,Mentordemy,Mentordemy,≤100
495225060514172,Degso,Gabriela Veronica Chango Hermoza,≤100
1655058734779946,Consorcio de Municipios Amazónicos y Galápagos,Guillermo Geovanny Granda Tovar,≤100
2231656730255508,Alcaldía de Mejía,Karla Larco Ayala,≤100
107735775460492,Infórmate Ecuador,Informate Ecuador,≤100
171870950030850,Teodoro Gallegos Salem,Benigno Teodoro Gallegos Salem,≤100
101056676141616,Asesoría Política - Goberna Ecuador,Goberna Ecuador S.A.S,≤100
516140678546075,Timing Ecuador,Timing Ecuador,≤100
211671355519672,PLATAFORMA CENTRAL 1RO DE MAYO,PLATAFORMA CENTRAL 1RO DE MAYO,≤100
102463665771339,Posgrados UNL,Posgrado UNL,≤100
185930698690529,Observatorio de Gasto Público,Ciudadanía y Desarrollo,≤100
112981504211534,Luis Zambrano - Servicios de Ingeniería & Compras Públicas.,Luis Zambrano - Servicios de Ingeniería & Compras Públicas.,≤100
120596301323465,Radio Sucre 700 AM,Radio Sucre 700 AM,≤100
163481690342750,Raúl Zambrano,Carlos Eduardo Zambrano Reyes,≤100
148963240630570,Tomas Zevallos,Tomás Tupacyupanqui Zevallos Vera,≤100
112128961403701,Ronal Moreno,Ronal Moreno,≤100
627525167434794,Partido Libertario - Ecuador,Martín Unda Álvarez,≤100
195488207272178,Ciudadanía y Desarrollo,Ciudadanía y Desarrollo,≤100
113180533427336,Equinoccio Digital Media,Valeria Lizeth San Martín Revelo,≤100
323805931445,Nature's Garden,Nature´s Garden,≤100
1610016289308138,Rina Campain,Rina Brambilla,≤100
343584129176395,La Posta,Andersson Alejandro Boscan Pico,≤100
108562965017764,vaccottifer,These ads ran without a disclaimer,≤100
107169378836825,Izy Solar Esp,These ads ran without a disclaimer,≤100
616405925438411,GAD Municipal de El Empalme,Javier Guato Macias,≤100
146841588715199,Instituto de Investigaciones Antropológicas,These ads ran without a disclaimer,≤100