﻿Page ID,Page name,Disclaimer,Amount spent (USD)
138841656150203,Halyk Bank,Halyk Bank,≤100
324882354342147,Krivosheev.live,Krivosheev.live,≤100
110307253876087,Akorda.news,Akorda.news,≤100
114042068242875,TJ Collection Kazakhstan,These ads ran without a disclaimer,≤100
107245640677814,Ақорда жаңалықтары,Ақорда жаңалықтары,≤100
105747815677191,Батальон обречённых,Батальон обречённых,≤100
613142792176360,Sotreport.kz,Sotreport.kz,≤100
170032706814473,Республика - Kazakhstan 2.0,Республика - Kazakhstan 2.0,≤100
101082842736363,The world of reader,These ads ran without a disclaimer,≤100