﻿Page ID,Page name,Disclaimer,Amount spent (RON)
178362315106,European Parliament,European Parliament,≤100
275621429636078,Fără Penali în Funcții Publice,Fără Penali în Funcții Publice,≤100
1058116737612843,USR,Uniunea Salvați România,≤100
108295090637741,ASAP România,Fundatia The Institute,≤100
113903080356129,Alin Mituța,Alin Mituța,≤100
102743169253473,Reciclăm în România,Reciclăm în România,≤100
686190454826244,Declic,Declic,≤100
186612088034700,Facias - Fundatia pentru Apararea Cetatenilor Impotriva Abuzurilor Statului,FACIAS,≤100
1156150484398630,MozaiQ,MozaiQ,≤100
165467823513147,Alin Tișe,Alin Tișe,≤100
395624153809868,Fundatia Renasterea,Sociallite Media Solutions,≤100
101380722809080,Fundația Dana Voiculescu pentru solidaritate,FDVS,≤100
2443020582586584,Romania Eficienta,Romania Eficienta,≤100
321890494859228,Vlad Gheorghe,Vlad Gheorghe,≤100
101763692272709,Avocat Ciuchi Elena-Corina,Cabinet de Avocat CIUCHI Elena-Corina,≤100
428464880426,Wall-Street.ro,Wall Street,≤100
138896782840976,Biroul Parlamentului European în România,Biroul Parlamentului European în România,≤100
113795383753850,Viorel Băltărețu,Cabinet Parlamentar Viorel Băltărețu USRPLUS Cluj,≤100
1577877239102295,Nicolae Ionel Ciucă,Partidul National Liberal,≤100
731035500293728,Siegfried Muresan,Siegfried Muresan,≤100
163950740830769,Gaz De Romania,Gaz De Romania,≤100
177992992396061,SenioriNET,SenioriNET,≤100
1395939193764858,Marcel Ciolacu,Partidul Social Democrat,≤100
189728367297,WWF Romania,WWF Romania,≤100
201920416986321,EM360 Studio,EM360 cu Adi Maniutiu,≤100
110508400795493,Teodor Lazăr,Teodor Lazăr,≤100
279454772645662,Nicu Ștefănuță,Nicu Ștefănuță,≤100
181375448581167,Partidul Naţional Liberal,Partidul National Liberal,≤100
1157480384268430,Partidul Umanist Social Liberal PUSL Sediul Central,Partidul Umanist Social Liberal,≤100
552203444833617,e.on,These ads ran without a disclaimer,≤100
153754291326316,Calea Europeană,European Media Connections,≤100
1190871690932388,New Star Online TV,NewStarOnlineTV,≤100
102410783138358,Anuntul Telefonic,Anuntul Telefonic SRL,≤100
174794259264098,FDP - Protagoniști în educație,Asociația FDP - Protagoniști în Educație,≤100
1559885467641191,Râul Alb,Râul Alb,≤100
291177524360702,Partidul Social Democrat,Partidul Social Democrat,≤100
181221645364365,Carmen Avram,Carmen Avram,≤100
1600886623504873,PressOne,Press One Media SRL,≤100
340365952736683,Alin Nica,Alin Nica,≤100
175293925828191,Kelemen Hunor,RMDSZ,≤100
106384652445913,,MRS Hunedoara,≤100
111994702189326,Săptămâna Financiară,Săptămâna Financiară,≤100
109231571984405,Accelera,These ads ran without a disclaimer,≤100
527351247377965,European Committee of the Regions,European Committee of the Regions,≤100