﻿Page ID,Page name,Disclaimer,Amount spent (TRY)
103258565072396,Turhan Kalaycı,Turhan Kalaycı,≤100
183754020921,Saadet Partisi,Saadet Partisi,≤100
158829607558395,Milliyetçi Hareket Partisi (MHP),Milliyetçi Hareket Partisi (MHP),≤100
64625878491,Eyüpsultan Belediyesi,Eyüpsultan Belediyesi,≤100
106433519384639,Haber7,Haber7,≤100
111162852275902,Uluslararası Af Örgütü Türkiye Şubesi,Uluslararası Af Örgütü Türkiye Şubesi,≤100
107826985478243,Yakup Türkal,Yavuz Türkmen,≤100
2064731740417261,Seyyid Bilal Kabdan,Seyyid Bilal Kabdan,≤100
217712041637127,AK PARTi Genel Merkez Gençlik Kolları Başkanlığı,ADALET ve KALKINMA PARTİSİ GENÇLİK KOLLARI,≤100
1481865401841739,Müge Yıldız Topak,Muge Yildiz Toprak,≤100
364210594061098,Ferhat Aksoy,FERHAT AKSOY,≤100
219031704851494,SAS (Satın Almayın Sahiplenin),Fırat Yıldız Ahmet,≤100
1156591567874276,Halil Arda,Halil Arda,≤100
1620080691588973,Serkan SARI,Serkan Sarı,≤100
2701328356551452,Kürşat Engin Özcan,Kürşat Engin Özcan,≤100
1572709256359993,İnternethaber TV,HADİ ÖZIŞIK,≤100
108552928182311,Al Sancak Partisi,Nuri Çelebi,≤100
498108350567415,Nilüfer Deveci,Nilufer Deveci,≤100
1614212022160759,Fehmi Yağlı,Fehmi Yagli,≤100
101700471513125,Kadir Aydın,Kadir Aydın,≤100
511707202180465,Kangal Aşkk'tır,Fırat Yıldız Ahmet,≤100
110010815263548,Gerçek Gündem TV,Bülent Özdoğan,≤100
314386289265240,Ali Zafer İksir,ALİ ZAFER İKSİR,≤100
104267921764717,Deva Partisi Trabzon İl Başkanlığı,Kubilay Çiçek,≤100
463215923715177,Mehmet Yiğiner,Bekir Koyuncu,≤100
167633913392268,Kolejliler,Fırat Yıldız Ahmet,≤100
1104153776387884,Halk Haber Ajansı,Resul Mesut Büyüksarı,≤100
115203036969497,Mehmet Yunus Seven,Mehmet Yunus Seven,≤100
172200336891287,Medya Penceresi,Medya Penceresi,≤100
592741447476060,MHP ÇORLU,These ads ran without a disclaimer,≤100
114951609920936,Kısa Dalga Medya,Kısa Dalga Medya,≤100
103167881182863,Temiz Enerji Haber Portalı,Temiz Enerji Haber Portalı,≤100
815048841929079,M. Ergün Turan,M. Ergün Turan,≤100
100516989042507,Balıkesir Posta TV,Ahmet Namlı,≤100
106187277979172,Dijital Gaste,Veysel Karahan,≤100
108928264155408,Mehmet Başaran,Mehmet Basaran,≤100
144295649058307,Ekrem İmamoğlu,Ekrem İmamoğlu,≤100
283657205667155,Mustafa Ali Fırtına,Mustafa Ali Firtina,≤100
113229965003082,AK Parti/MHP/BBP Cumhur İttifakı,Erol Cihangir,≤100
1563142747277396,Vecdi Gündoğdu,Vecdi Gundogdu,≤100
100679968075599,Detay Haberler,Detay Haberler,≤100
298764070816267,Mehmet Tütüncü,Mehmet TÜTÜNCÜ Türkiye Temsilcisi,≤100
104373561467884,Serhat Servet Dövenci,Serhat Servet Dövenci33,≤100
276652289141318,OSMAN KOZAN,Osman Kozan,≤100
107184060866156,Limitsiz Bilgi,These ads ran without a disclaimer,≤100
104691722197784,صحيفة الاستقلال - العربية,صحيفة الاستقلال,≤100