﻿Page ID,Page name,Disclaimer,Amount spent (THB)
107392695633799,สรวีย์ เขต1ปทุมธานี พรรคก้าวไกล,Suppalerk Suppapantita,147
100454798870209,พรรคเส้นด้าย - Zendai Party,พรรคเส้นด้าย - Zendai Party,≤100
2131398436998925,ชนินทร์ รุ่งแสง ปชป.,ชนินทร์ รุ่งแสง ปชป.,≤100
101535845426970,พรรคไทยสร้างไทย,พรรคไทยสร้างไทย,≤100
115905241390909,เนเน่ รัดเกล้า สุวรรณคีรี,Rudklao Intawong Suwankiri,≤100
113067400607487,กันตพงศ์ ดีชัยยะ - แมพ,กันตพงศ์ ดีชัยยะ - แมพ,≤100
177948972256358,เอกนัฏ พร้อมพันธุ์ (ขิง),Chonticha Mahachai,≤100
172057439546202,พันโท สินธพ แก้วพิจิตร (เสธ.แก้ว),พันโท สินธพ แก้วพิจิตร (เสธ.แก้ว),≤100
345127652279503,มูลนิธิสากลเพื่อคนพิการ,มูลนิธิสากลเพื่อคนพิการ,≤100
157659344260788,จุรินทร์ ลักษณวิศิษฏ์ Aoodda,Jurin Laksanawisit,≤100
110792485255775,เอกราชาAke Racha Premium I-ya,These ads ran without a disclaimer,≤100
296508406790,"Democrat Party, Thailand พรรคประชาธิปัตย์","Democrat Party, Thailand พรรคประชาธิปัตย์",≤100
183238185051108,อรรถวิชช์ สุวรรณภักดี,อรรถวิชช์ สุวรรณภักดี,≤100
111341764925564,สำนักสนับสนุนการพัฒนาระบบสุขภาพ - สำนัก 7 สสส.,สำนักสนับสนุนการพัฒนาระบบสุขภาพ - สำนัก 7 สสส.,≤100
100624122148338,โรงพยาบาลรวมใจรักษ์ สุขุมวิท 62 Ruamjairak Hospital Sukhumvit 62,โรงพยาบาลรวมใจรักษ์ สุขุมวิท 62 Ruamjairak Hospital Sukhumvit 62,≤100
101504656149099,Peace Sasipatra  - ศศิร์ภัทรา พชิราพิชาพัฒน์,Peace Sasipatra  - ศศิร์ภัทรา พชิราพิชาพัฒน์,≤100
109253101480638,วรท ศิริรักษ์ - Warot Sirirak,วรท ศิริรักษ์ - Warot Sirirak,≤100
243465416352138,พรรคเพื่อชาติ,บริษัท เวิร์ค 360 จำกัด,≤100
622674297897819,Screenshirt2020,Screenshirt2020,≤100
241115389300595,คุณหญิงสุดารัตน์ เกยุราพันธุ์ Sudarat Keyuraphan,คุณหญิงสุดารัตน์ เกยุราพันธุ์ Sudarat Keyuraphan,≤100
110175441444627,เชตวัน เตือประโคน - Chetawan Thuaprakhon,เชตวัน เตือประโคน - Chetawan Thuaprakhon,≤100
2009054229181721,Nattacha Boonchaiinsawat - ณัฐชา บุญไชยอินสวัสดิ์,ณัฐชา บุญไชยอินสวัสดิ์,≤100
1105604039583762,Line One สว.นท. ขอเชิญส่งประวัติ ส่วนตัว องค์กร เพื่อเข้ารับรางวัลประจำปี,Suksan Booran,≤100
229178137856991,ประเสริฐศรี ฮ้อแสงชัย ปทุมธานี,ประเสริฐศรี ฮ้อแสงชัย ปทุมธานี,≤100
118757751143686,อิทธิพล ชลธราศิริ - Itthiphon Chontharasiri - แบงค์ชัย,Itthiphon Chontharasiri,≤100
105308564750704,Natt Mongkolnavin,ณัฏฐ์ มงคลนาวิน,≤100
204016840519336,ศ.ดร.นฤมล ภิญโญสินวัฒน์,ศ.ดร.นฤมล ภิญโญสินวัฒน์,≤100
106337912336664,ปั้น ณัทกร แก้วพิจิตร,ปั้น ณัทกร แก้วพิจิตร,≤100
100808236254749,ทรงพล ชูศิลป์กุล - Songphon Chusilkul,ทรงพล ชูศิลป์กุล - Songphon Chusilkul,≤100
102530815945359,องอาจ วชิรพงศ์,Areeya Namdokmai,≤100
104427797605274,ดร.เฉลิมชัย ศรีอ่อน รัฐมนตรีว่าการกระทรวงเกษตรและสหกรณ์,ดร.เฉลิมชัย ศรีอ่อน รัฐมนตรีว่าการกระทรวงเกษตรและสหกรณ์,≤100
2046265545683549,เชียร์ลุง,เชียร์ลุง,≤100
340110720173014,SaveThaiCuts,SaveThaiCuts,≤100
514800142336756,ดร. นิพนธ์ แจ่มจำรัส ชลบุรี เขต 7,Kevin Maltig,≤100
105782438913837,มีศักดิ์ ภักดีคง,มีศักดิ์ ภักดีคง,≤100
106804542303183,สำนักงานกฎหมายทนายใหญ่,Luksamee Saetiaw,≤100
172758616132748,สมาคมประชาสัมพันธ์ไทย,These ads ran without a disclaimer,≤100
108508377637861,มุ้งจีบพระราม2 โรงงานผลิตมุ้งจีบ มุ้งลวด เหล็ดดัดทุกชนิด,กุหลาบ บัวสด,≤100
190923294988741,สอบครูผู้ช่วยนะ,สอบครูผู้ช่วยนะ,≤100
107612328588715,The Voters,สันติสุข กาญจนประกร,≤100
100915662043252,Denis Ads.,บริษัท เดนิส แอดส์ จำกัด,≤100
108683518829164,ดร.ดุสิต  พันธุ์เสือ  พรรคประชาธิปัตย์จ. สมุทรปราการ เขต 2,Nuwat Chalerm-adirek,≤100
109316932096944,ดร.พร้อมพงศ์ นพฤทธิ์ - Dr.Prompong Nopparit,Prompong Nopparit,≤100
115922723434700,ครูเจพีสรุปย่อ for Teacher,ครูเจพีสรุปย่อ for Teacher,≤100
382558248956531,กมลพัฒน์  ปุงบางกะดี่  เขตบางขุนเทียน,กมลพัฒน์  ปุงบางกะดี่  เขตบางขุนเทียน,≤100
107449532000210,ธิติวัฐ อดิศรพันธ์กุล - Thitiwat Adisornphankul,ธิติวัฐ อดิศรพันธ์กุล - Thitiwat Adisornphankul,≤100
2151302718520482,ธิดารัตน์ ยิ่งเจริญ Tidarat Yingcharoen,ธิดารัตน์ ยิ่งเจริญ Tidarat Yingcharoen,≤100
109720095237186,กษิรัช สุวรรณเพ็ญ - ประชาธิปัตย์ ตาก,Kasirat Suwanpen,≤100
112969264517494,เพ็ญพิสุทธิ์ จินตโสภณ - Penpisut Jintasophon,Vatcharapong Wongkom,≤100
972019486321939,บู้ จเด็ศ จันทรา,จเด็ด จันทรา,≤100
277320192288594,โอม จิรชาติ,โอม จิรชาติ,≤100
715838732136310,ธนเดช เพ็งสุข - Tanadej Pengsuk,Tanadej Pengsuk,≤100
365923533756876,Kleens อกไก่ปั่น,สันตยุต ทองวิลาศ,≤100
601953326929372,ธัญวัจน์ กมลวงศ์วัฒน์ - Tunyawaj Kamolwongwat,Tunyawaj Kamolwongwat,≤100
207416296817756,พรรคก้าวไกลราชบุรี - Move Forward Party,Unnop Sricharoenchai,≤100
105338618893079,พรรคก้าวไกล จังหวัดสมุทรสาคร,Peerapol Thatom,≤100
102119372069250,สจ. ธานินท์ นวลวัฒน์,Studio415,≤100
106561034744198,ลอรี่ - พงศ์พล ยอดเมืองเจริญ,ลอรี่ - พงศ์พล ยอดเมืองเจริญ,≤100
108515294626891,สอบข้าราชการท้องถิ่น By Thurakan,Chiraphorn Thuree,≤100
114914794432449,กฎหมายใช้สอบราชการ by Æ+,กฎหมายใช้สอบราชการ by Æ+,≤100
100298682713615,เสื้อวินเทจ ลายมัน ผ้าดำ,เสื้อวินเทจ ลายมัน ผ้าดำ,≤100
111494824691027,มงคล เหลี่ยมวัฒนกุล - Mongkol Liamwattanakul,มงคล เหลี่ยมวัฒนกุล - Mongkol Liamwattanakul,≤100
101118132838797,หมอวรงค์ต้องได้เป็นนายก,หมอวรงค์ต้องได้เป็นนายก,≤100
102085598869806,รัชต์พงศ์ สร้อยสุวรรณ - Ratchapong Soisuwan,These ads ran without a disclaimer,≤100
102264295456894,Sirin Sanguansin - สิริน สงวนสิน,Sirin Sanguansin,≤100
224633698033299,The Better news,The Better news,≤100
109794888685584,สมเจตน์ เกตุวัตถา,สมเจตน์ เกตุวัตถา,≤100
112450028446192,สามารถ แก้วทอง - Samart Kaewthong,Sittiphan Chantamin,≤100
106492485566151,วิชิต วราศิริกุล เพื่อทุ่งครุ-ราษฎร์บูรณะ เราทำได้,Nattagid Manasermwong,≤100
389895417865347,ลงทุนศาสตร์ - Investerest,These ads ran without a disclaimer,≤100
1635406246730420,วรงค์ เดชกิจวิกรม - Warong Dechgitvigrom,Supaporn Sakuljuy,≤100
152665702176493,Ringsideการเมือง,Ringsideการเมือง,≤100
101903785231136,นายกไก่กังวาล ศักดิ์ชัย พิศาลผล,Thanachit Phraemuang,≤100
108302388617827,สมภพ จันทรวงศ์-ภูมิ,สมภพ จันทรวงศ์-ภูมิ,≤100
112073738279329,สิงโต - ศักดิ์สิทธิ์ ขาวทอง,สิงโต - ศักดิ์สิทธิ์ ขาวทอง,≤100
418729291509368,สถาบันปรีดี พนมยงค์ Pridi Banomyong Institute,สถาบันปรีดี พนมยงค์ Pridi Banomyong Institute,≤100
1547464455335063,อินทรีย์อิสาน บุรีร้มย์,These ads ran without a disclaimer,≤100
100530401779420,พรรคไทยภักดี,พรรคไทยภักดี,≤100
116679231319335,ตุ๊ก - กานสินี,Dunyawat  Bamrungchan,≤100
118348167870170,ธนากร เลี้ยงฤทัย - Thanakorn Lianglutai,ลลดา อมาตยกุล,≤100
107852432010489,ไทยสร้างไทยจังหวัดแม่ฮ่องสอน,These ads ran without a disclaimer,≤100
1721313428084052,The MATTER,These ads ran without a disclaimer,≤100
101755712680612,รัก ณิชาภา โกวิทานนท์ ว่าที่ผู้สมัคร สส. เพื่อไทย สมุทรสงคราม,รัก ณิชาภา โกวิทานนท์ ว่าที่ผู้สมัคร สส. เพื่อไทย สมุทรสงคราม,≤100
118592938221174,ZTE Corporation,These ads ran without a disclaimer,≤100