﻿Page ID,Page name,Disclaimer,Amount spent (THB)
177948972256358,เอกนัฏ พร้อมพันธุ์ (ขิง),เอกนัฏ พร้อมพันธุ์ (ขิง),≤100
546416699215073,ห้องสื่อครูคอม,ห้องสื่อครูคอม,≤100
104427797605274,พี่ต่อ ดร.เฉลิมชัย ศรีอ่อน “คำไหน-คำนั้น”,พี่ต่อ ดร.เฉลิมชัย ศรีอ่อน “คำไหน-คำนั้น”,≤100
115922723434700,ครูเจพีสรุปย่อ for Teacher,ครูเจพีสรุปย่อ for Teacher,≤100
1105604039583762,Line One สว.นท. ขอเชิญส่งประวัติ ส่วนตัว องค์กร เพื่อเข้ารับรางวัลประจำปี,Line One สว.นท. ขอเชิญส่งประวัติ ส่วนตัว องค์กร เพื่อเข้ารับรางวัลประจำปี,≤100
118205741225060,เสื้อกั๊กสวยสุดใจ รับงานปักทุกหน่วยงาน,These ads ran without a disclaimer,≤100
104393812499502,ชีทสรุปกฎหมาย สำหรับสอบราชการ พนักงานราชการ by.kantap,ชีทสรุปกฎหมาย สำหรับสอบราชการ พนักงานราชการ by.kantap,≤100
117202611369933,ป้ายชื่อเครื่องแบบด่วน,These ads ran without a disclaimer,≤100
102346702852094,Kotobopat02,These ads ran without a disclaimer,≤100
418729291509368,สถาบันปรีดี พนมยงค์ Pridi Banomyong Institute,สถาบันปรีดี พนมยงค์ Pridi Banomyong Institute,≤100
100188792560525,เฟอร์นิเจอร์ตกแต่งบ้านราคาถูก,These ads ran without a disclaimer,≤100
105546651850693,วีรนันท์ ฮวดศรี-Weeranan Huadsri-ทนายป๊อก,วีรนันท์ ฮวดศรี-Weeranan Huadsri-ทนายป๊อก,≤100
104414891596686,Studio Photo Story,These ads ran without a disclaimer,≤100
106326640734371,เสื้อกั๊กกรมการปกครองหรือกระทรวงต่างๆ มีบริการเก็บเงินปลายทาง,These ads ran without a disclaimer,≤100
102280739454189,กำนันฮอลล์ - อาทิตย์ หวังศุภกิจโกศล,These ads ran without a disclaimer,≤100
101744372595387,สถานีเกษตร_สิ่งแวดล้อม,These ads ran without a disclaimer,≤100
572592940087101,คณพลคนกันเอง,คณพลคนกันเอง,≤100
162047453807939,Dr.Kriengsak Chareonwongsak เกรียงศักดิ์ เจริญวงศ์ศักดิ์,These ads ran without a disclaimer,≤100
107612328588715,The Voters,The Voters,≤100
2294120500839581,รับซื้อธนบัตรโบราณ  เหรียญ โบราณ,These ads ran without a disclaimer,≤100
333794970138725,Gen.Bunchon - บัญชร ชวาลศิลป์,Gen.Bunchon - บัญชร ชวาลศิลป์,≤100
104239001956170,ข่าวสาร สาระดีๆ,These ads ran without a disclaimer,≤100
105992549162758,ข่าวชีวิตติดกระแส,บริษัท เดนิส แอดส์ จำกัด,≤100
110671224575180,กานต์ ภัสริน รามวงศ์ - Patsarin Ramwong,These ads ran without a disclaimer,≤100
112214671700161,Arun Pandey,These ads ran without a disclaimer,≤100
101074962611236,ห้องสื่อวิชาการ ครูตัวกลม,These ads ran without a disclaimer,≤100
100771725640770,พุทธกัลยา,These ads ran without a disclaimer,≤100
106722117734040,Games Qwik,These ads ran without a disclaimer,≤100
108625789179165,Soi Dog Foundation,These ads ran without a disclaimer,≤100