﻿Page ID,Page name,Disclaimer,Amount spent (THB)
161651553861945,Amnesty International Thailand,Amnesty International Thailand,340
102807719039442,พรรครวมไทยสร้างชาติ United Thai Nation Party,พรรครวมไทยสร้างชาติ United Thai Nation Party,181
115195181447846,อ้อ ศิรินันท์ ศิริพานิช,อ้อ ศิรินันท์ ศิริพานิช,135
2131398436998925,ชนินทร์ รุ่งแสง ปชป.,ชนินทร์ รุ่งแสง ปชป.,104
876168575848382,U-Report Thailand,UNICEF Thailand,≤100
106337912336664,ปั้น ณัทกร แก้วพิจิตร,ปั้น ณัทกร แก้วพิจิตร,≤100
101535845426970,พรรคไทยสร้างไทย,พรรคไทยสร้างไทย,≤100
183238185051108,อรรถวิชช์ สุวรรณภักดี,อรรถวิชช์ สุวรรณภักดี,≤100
157659344260788,จุรินทร์ ลักษณวิศิษฏ์ Aoodda,Jurin Laksanawisit,≤100
100454798870209,พรรคเส้นด้าย - Zendai Party,พรรคเส้นด้าย - Zendai Party,≤100
104427797605274,ดร.เฉลิมชัย ศรีอ่อน รัฐมนตรีว่าการกระทรวงเกษตรและสหกรณ์,ดร.เฉลิมชัย ศรีอ่อน รัฐมนตรีว่าการกระทรวงเกษตรและสหกรณ์,≤100
100624122148338,โรงพยาบาลรวมใจรักษ์ สุขุมวิท 62 Ruamjairak Hospital Sukhumvit 62,โรงพยาบาลรวมใจรักษ์ สุขุมวิท 62 Ruamjairak Hospital Sukhumvit 62,≤100
241115389300595,คุณหญิงสุดารัตน์ เกยุราพันธุ์ Sudarat Keyuraphan,คุณหญิงสุดารัตน์ เกยุราพันธุ์ Sudarat Keyuraphan,≤100
105711950893323,The Modernist,บริษัท โอพีเนียน มีเดีย จำกัด,≤100
2105350112863264,ร้อยเอก ดร.จองชัย วงศ์ทรายทอง - ผู้กองเบิร์ด,ร้อยเอก ดร.จองชัย วงศ์ทรายทอง - ผู้กองเบิร์ด,≤100
102264295456894,Sirin Sanguansin - สิริน สงวนสิน,Sirin Sanguansin,≤100
1635406246730420,วรงค์ เดชกิจวิกรม - Warong Dechgitvigrom,วรงค์ เดชกิจวิกรม - Warong Dechgitvigrom,≤100
109239188766815,ดร. วิทยา อินาลา,Klod Sawadputsra,≤100
296508406790,"Democrat Party, Thailand พรรคประชาธิปัตย์","Democrat Party, Thailand พรรคประชาธิปัตย์",≤100
100530401779420,พรรคไทยภักดี,พรรคไทยภักดี,≤100
104908418629549,EnableSurvey,"Excellent Digital Development Co.,Ltd.",≤100
101504656149099,Peace Sasipatra  - ศศิร์ภัทรา พชิราพิชาพัฒน์,Peace Sasipatra  - ศศิร์ภัทรา พชิราพิชาพัฒน์,≤100
1105604039583762,Line One สว.นท. ขอเชิญส่งประวัติ ส่วนตัว องค์กร เพื่อเข้ารับรางวัลประจำปี,Suksan Booran,≤100
107535498701936,ธาม สมุทรานนท์ - Tharm Smuthranond,Yonlapat Wangsarn,≤100
530945957405983,Nitipon Piwmow - นิติพล ผิวเหมาะ,Nitipon Piwmow,≤100
102530815945359,องอาจ วชิรพงศ์,Areeya Namdokmai,≤100
112073738279329,สิงโต - ศักดิ์สิทธิ์ ขาวทอง,สิงโต - ศักดิ์สิทธิ์ ขาวทอง,≤100
715838732136310,ธนเดช เพ็งสุข - Tanadej Pengsuk,Tanadej Pengsuk,≤100
204016840519336,ศ.ดร.นฤมล ภิญโญสินวัฒน์,ศ.ดร.นฤมล ภิญโญสินวัฒน์,≤100
172057439546202,พันโท สินธพ แก้วพิจิตร (เสธ.แก้ว),พันโท สินธพ แก้วพิจิตร (เสธ.แก้ว),≤100
107612328588715,The Voters,สันติสุข กาญจนประกร,≤100
229178137856991,ประเสริฐศรี ฮ้อแสงชัย ปทุมธานี,ประเสริฐศรี ฮ้อแสงชัย ปทุมธานี,≤100
104405965915147,ธีรวิทย์ ภูมิดิษฐ์,บริษัท เดนิส แอดส์ จำกัด,≤100
115922723434700,ครูเจพีสรุปย่อ for Teacher,ครูเจพีสรุปย่อ for Teacher,≤100
1410203268994125,ครูกี๋ ใครสอบครูไม่ติด ยกมือขึ้น,These ads ran without a disclaimer,≤100
365923533756876,Kleens อกไก่ปั่น,สันตยุต ทองวิลาศ,≤100
112969264517494,เพ็ญพิสุทธิ์ จินตโสภณ - Penpisut Jintasophon,Vatcharapong Wongkom,≤100
101178062238439,ณณัฏฐ์ หงษ์ชูเวช กิ๊ก,ณณัฏฐ์ หงษ์ชูเวช กิ๊ก,≤100
100808236254749,ทรงพล ชูศิลป์กุล - Songphon Chusilkul,ทรงพล ชูศิลป์กุล - Songphon Chusilkul,≤100
538633149666112,กวีวงศ์ อยู่วิจิตร-ผู้สมัคร ส.ส. เขตบางนา พระโขนง พรรคเพื่อไทย,กวีวงศ์ เบิด อยู่วิจิตร,≤100
108508377637861,มุ้งจีบพระราม2 โรงงานผลิตมุ้งจีบ มุ้งลวด เหล็ดดัดทุกชนิด,กุหลาบ บัวสด,≤100
105826292451688,พลตำรวจตรี วัฒนา วงศ์จันทร์,Jirapiwat Wongchun,≤100
109720095237186,กษิรัช สุวรรณเพ็ญ - ประชาธิปัตย์ ตาก,Kasirat Suwanpen,≤100
190923294988741,สอบครูผู้ช่วยนะ,สอบครูผู้ช่วยนะ,≤100
109008738745779,2ต,Bunsong Rodyo,≤100
101062201515603,เครื่องครัว เพนกวิน 2801,These ads ran without a disclaimer,≤100
108536995511227,วณิชชา ม่วงศิริ,These ads ran without a disclaimer,≤100
106561034744198,ลอรี่ - พงศ์พล ยอดเมืองเจริญ,ลอรี่ - พงศ์พล ยอดเมืองเจริญ,≤100
177948972256358,เอกนัฏ พร้อมพันธุ์ (ขิง),Chonticha Mahachai,≤100
152665702176493,Ringsideการเมือง,Ringsideการเมือง,≤100
108515294626891,สอบข้าราชการท้องถิ่น By Thurakan,Chiraphorn Thuree,≤100
279417352523067,กฤษณ สุนทรกิจพาณิชย์,Narong Thongphantha,≤100
108553605171587,อ้อ อรทัย เกิดทรัพย์ - ภูเก็ต,อ้อ อรทัย เกิดทรัพย์ - ภูเก็ต,≤100
2091153520919518,อนุทิน ชาญวีรกูล,อนุทิน ชาญวีรกูล,≤100
2263098807292933,ทนายศฤงคาร  ข่ายสุวรรณ์,Saringkan Khaisuwon,≤100
1930282217268558,ดร.ส้ม พัชรินทร์ ซำศิริพงษ์ เขต 2 กทม ปทุมวัน บางรัก สาทร พรรคภูมิใจไทย,ดร.ส้ม พัชรินทร์ ซำศิริพงษ์ เขต 2 กทม ปทุมวัน บางรัก สาทร พรรคภูมิใจไทย,≤100
102477654678259,Givegoody,Pitiphat Sangngam,≤100
985820164804495,ธนาคารพัฒนาวิสาหกิจขนาดกลางและขนาดย่อมแห่งประเทศไทย,ธนาคารพัฒนาวิสาหกิจขนาดกลางและขนาดย่อมแห่งประเทศไทย,≤100
106212605666715,จ๋ายกวี  คนต่งห่อหยัดได้,Kaweejaiphuket,≤100
111341764925564,สำนักสนับสนุนการพัฒนาระบบสุขภาพ - สำนัก 7 สสส.,สำนักสนับสนุนการพัฒนาระบบสุขภาพ - สำนัก 7 สสส.,≤100
104415989184298,Jessie Mum by love kid shop อาหารเสริมกระตุ้นน้ำนมที่ดีที่สุดในไทย,These ads ran without a disclaimer,≤100
101372342567471,ต้นกล้า จรยุทธ จตุรพรประสิทธิ์ - TonKla Chorayuth Chaturapornprasit,Chorayuth Chaturapornprasit,≤100
112874614641719,กินศูนย์รวมความอร่อยสร้างรายได้ราคาโรงงาน-เพจหลักบริษัท,These ads ran without a disclaimer,≤100
277320192288594,โอม จิรชาติ,โอม จิรชาติ,≤100
129602281218084,Pongwat T. - ผู้สมัคร สส กทม เขต 6 พรรคเสรีรวมไทย,Pongwat Tunnukul,≤100
101386439318479,วรัญญา แอนดาริส - ช่างแอนโยธา,วรัญญา แอนดาริส - ช่างแอนโยธา,≤100
111331191880453,เพื่อไทย นครปฐม - แฟนคลับ สจ.วินัย,These ads ran without a disclaimer,≤100
845039715506074,Anything Canada,These ads ran without a disclaimer,≤100
314493812468941,SaverAsia,These ads ran without a disclaimer,≤100