﻿Page ID,Page name,Disclaimer,Amount spent (EUR)
439957149400799,PSC Barcelona,Partit dels Socialistes de Catalunya,3498
374070875952519,Esquerra Barcelona,Esquerra Barcelona,1233
133715173966693,Barcelona Ets Tu,BARCELONA ETS TU,924
117096297953174,Trias per Barcelona,Trias per Barcelona,780
247118052078814,Barcelona en Comú,Barcelona en Comú,487
87930687376,PSC Partit dels  Socialistes de Catalunya,PSC Partit dels  Socialistes de Catalunya,439
100232749591349,PP de Barcelona,PP de Barcelona,422
57845333112,Save the Children España,Save the Children España,340
20108693880,Oxfam Intermón,Oxfam Intermón,335
150234575797,Esquerra Republicana de Catalunya,Esquerra Republicana de Catalunya,292
768418233197596,Sílvia Paneque,PSC Partit dels Socialistes de Catalunya,260
133044800622,Greenpeace España,Greenpeace España,244
189318235003,PSOE,PSOE,235
572853176091041,ERC Manresa,ERC Manresa,226
104102975476666,Eva Candela Lopez,PSC Partit dels Socialistes de Catalunya,212
72249031214,Partido Popular,Partido Popular,205
103186922575531,Sandra Guaita,PSC Reus,178
78151799929,Amnistía Internacional España,Amnistía Internacional España,171
111314915236693,Cristina Sancho,Ciutadans-Partido de la Ciudadanía,169
536527116467891,PSC Lloret de Mar,PSC Partit dels Socialistes de Catalunya,162
161916260510295,Òmnium Cultural,Òmnium Cultural,161
1823787047895900,Fèlix Larrosa,PSC Partit dels Socialistes de Catalunya,149
108725745439689,Adria Lamelas,PSC Partit dels Socialistes de Catalunya,141
200399949987248,Ara Reus,Ara Reus,130
178362315106,European Parliament,European Parliament,127
117239943516653,Josep Maria Vallès,Junts per Sant Cugat,126
862019623817784,Veïns Per Rubí - Vecinos por Rubí - VR,Veïns Per Rubí - Vecinos por Rubí - VR,101
122074554119,EU Social,EU Social,≤100
958359204215926,Dolors Sabater,Dolors Sabater,≤100
102391171160483,Gemma Geis i Carreras,Junts per Catalunya,≤100
435255466629944,Terrassa en Comú Podem,Terrassa en Comú Podem,≤100
149771515164339,Junts per Terrassa,Junts per Catalunya,≤100
193360660692373,Esquerra - Mataró    ERC,ERC MATARÓ,≤100
166080780093048,Esquerra Republicana Badalona,Esquerra Republicana Badalona,≤100
130499210351166,Fundació Bofill,Fundació Bofill,≤100
102546995148944,Junts Lloret de Mar,Junts Lloret de Mar,≤100
110612117958979,Valents,Valents,≤100
333771773449637,Diari La Ciutat de Barcelona,Diari La Ciutat,≤100
661667197182743,Ciutadans Mataró,Ciutadans-Partido de la Ciudadanía,≤100
146043418739497,Diari ARA,Diari ARA,≤100
1769311653388327,Diari La Ciutat de Tarragona,Diari La Ciutat,≤100
100432789402940,Albert Castells,Junts per Catalunya Vic,≤100
101195265284945,JuntsxCat_Reus,Junts per Reus,≤100
1169111593263487,Granollers Primàries,Primàries Granollers,≤100
106085788904105,Lluís Matas,Junts per Catalunya,≤100
619015054899357,Esquerra Gramenet,Esquerra Republicana Gramenet,≤100
148269501881188,Plataforma per la Llengua,Plataforma per la Llengua,≤100
156292478223371,Comuns,Barcelona en Comú,≤100
470561723287564,Sabadell En Comú Podem,Sabadell En Comú Podem,≤100
1487983268186686,Agrupació Socialista Granollers,PSC Partit dels Socialistes de Catalunya,≤100
251020021637315,Iberdrola,Iberdrola,≤100
386166375144833,Junts per Catalunya,Junts per Catalunya,≤100
802705106466775,ERC Granollers,ERC Granollers,≤100
467925280299505,Médicos Sin Fronteras España,Médicos Sin Fronteras España,≤100
139063226108476,ERC Castelldefels,ERC Castelldefels,≤100
116136108464509,CaixaBank,CaixaBank,≤100
409193516309406,Pep Berga Vayreda,Junts per Catalunya Olot,≤100
340033732823138,L'Hospitalet En Comú Podem,L'Hospitalet En Comú Podem,≤100
169915749735403,CEAR,CEAR,≤100
107685437486149,Junts per Mataró,Junts per Mataró,≤100
1414170968825936,Esquerra Republicana Sabadell,Esquerra Republicana de Catalunya,≤100
850467161999203,Junts per Barberà,Junts per Barberà,≤100
463627663844039,En Comú Podem,En Comú Podem,≤100
103515921051517,Ciutadans Figueres Grup Municipal,Cs Figueres,≤100
57973661707,WWF España,WWF España,≤100
1712312002322208,Psc Sant Adrià,Psc Sant Adrià,≤100
582697915146012,ERC Molins de Rei,ERC Molins de Rei,≤100
184033634987752,PSC Ribes i Les Roquetes,PSC Ribes i Les Roquetes,≤100
1422955568001005,Junts per Figueres,Grup Municipal Junts per Figueres,≤100
260609247396760,Junts x L'Hospitalet,Junts per L'Hospitalet,≤100
531337233991834,Badalona En Comú Podem,Badalona En Comú Podem,≤100
807967955933077,ERC Sitges - Secció Local,ERC Sitges - Secció Local,≤100
112280447902071,Figueres Futur,Figueres Futur,≤100
211101322290172,Esquerra Lloret de Mar,GRUP MUNICIPAL ERC AJUNTAMENT LLORET DE MAR,≤100
95373973065,Esquerra Republicana d'Esplugues,Esquerra Republicana d'Esplugues,≤100
1625348047685560,Esquerra Constantí,Esquerra Constantí,≤100
1427116254248859,"Pere Granados, alcalde de Salou",Sumem per Salou,≤100
440366853393169,Jordi Jordan,Movem Tortosa,≤100
11473659787,Educo,Educo,≤100
1387379604844768,ERC - Terrassa,Esquerra Republicana de Catalunya,≤100
330888043759864,Diari La Ciutat de l’Ebre,Diari La Ciutat,≤100
110244731806289,Ramon Bacardit,Junts per Catalunya,≤100
179173042973091,Kenneth Martínez Molina,Kenneth Martínez Molina,≤100
148417781855886,ERC Viladecans,Esquerra Republicana Viladecans,≤100
100437573020070,Junts Gramenet,Junts per Gramenet,≤100
110605455329819,Oriol Anguera i Tortosa,Oriol Anguera i Tortosa,≤100
104194706015460,David Torrents,David Torrents,≤100
2035992526432885,Guanyem Girona,Guanyem Girona,≤100
106140671970723,Xavi Paz alcalde,Partit dels Socialistes de Catalunya,≤100
113948024621738,Alternativa En Comú,Alternativa En Comú,≤100
354724257940287,ERC Tordera,ERC Tordera,≤100
690101907746402,ERC Vilanova i la Geltrú,ERC Vilanova i la Geltrú,≤100
774333355967381,Erc Sant Cugat,ERC Sant Cugat,≤100
214337925386767,Núria Parlon Gil,PSC Santa Coloma de Gramenet,≤100
108329432219869,Ramon Figuerola,Ramon Figuerola Pardo,≤100
195184907167106,CUP Mataró,CUP Mataró,≤100
1380982955459937,Junts per Tàrrega,Junts per Tàrrega,≤100
1890647804336621,Verds En Comú Podem Sitges,Verds En Comú Podem Sitges,≤100
716921068401113,ERC Olot,ERC Olot,≤100
409728565712524,PSC Terrassa,PSC Partit dels Socialistes de Catalunya,≤100
157453947649776,Junts per Montblanc: Raquel Huguet+Marc Vinya,Junts per Montblanc,≤100
719809224803619,Crae Figueres,Crae Figueres,≤100
869069523135542,CUP Olot,Candidatura d'Unitat Popular-Olot,≤100
94118672764,ACNUR Comite español,ACNUR Comite español,≤100
181244369677,DocsBarcelona,DocsBarcelona,≤100
825969297509684,Josep Llopart i Gardela #Piera57km,Junts Piera,≤100
317925401699200,Marc Castells,Junts per Igualada,≤100
343377245862446,Erc Cunit,Grup Municipal d´Esquerra Republicana de Cunit,≤100
171998672850722,REPSOL,REPSOL,≤100
106088402312012,Albert Robert,Albert Robert,≤100
1266857863462915,Junts per les Franqueses,Junts per les Franqueses,≤100
1447733015469246,Diari La Ciutat de Lleida,Diari La Ciutat,≤100
146043418739497,Diari ARA,EDICIO DE PREMSA PERIODICA ARA SL,≤100
1611577125766963,Junts per Castelldefels,JUNTS CASTELLDEFELS,≤100
393865967440707,Decidim Vila-seca - AM,Decidim Vila-seca - AM,≤100
1375825449403549,Santa Perpètua En Comú,Santa Perpètua En Comú,≤100
434471343316503,Junts Per Sant Antoni,Junts per Sant Antoni de Vilamajor,≤100
268389027155988,"Junts per Sallent, Cabrianes i Cornet","Junts per Sallent, Cabrianes i Cornet",≤100
108809956495574,Diari La Ciutat del Garraf,Diari La Ciutat,≤100
1797093327241676,ERC Tossa de Mar,ERC Tossa de Mar,≤100
1464629007120232,Diari La Ciutat de Reus,Diari La Ciutat,≤100
107829684877693,Sandra Tirado,Sandra Tirado,≤100
687592301367576,ERC Premià de Mar,ESQUERRA REPUBLICANA DE CATALUNYA,≤100
245741112112300,Ayuda En Acción,Ayuda En Acción,≤100
1124173834275887,Esquerra l'Arboç,Esquerra l'Arboç,≤100
104444375807030,Ruth Ufano,Junts per Catalunya,≤100
101529289609132,Christian Prat Candidat,ONLINEVALLES SL,≤100
324148978204520,Junts per Catalunya Sant Celoni i La  Batllòria,Junts Sant Celoni i la Batllòria,≤100
162213526251,CUP Tarragona,CUP Tarragona,≤100
105563899068744,Manel Ferré,Junts,≤100
123301390748572,Enlaira Molins de Rei,Plataforma Enlaira,≤100
368262486526009,Esquerra Republicana de Catalunya - Premià de Dalt,Esquerra Republicana de Catalunya - Premià de Dalt,≤100
1700249146684862,ERC de Canovelles,ERC de Canovelles,≤100
107170553109840,Carme Ponsa,Carme Ponsa,≤100
979302092166998,Esquerra Ripoll,Esquerra Ripoll,≤100
107068340842993,Rubén Guijarro,PSC Badalona,≤100
123188304541020,ERC Berga,ERC Berga,≤100
884290321597739,ERC Sant Celoni,Esquerra Republicana de Sant Celoni i la Batllòria,≤100
115131990291015,Diari La Ciutat Catalunya Central,Diari La Ciutat,≤100
105898692423118,Ivan Vila Romero,Junts per Rubí (Junts per Catalunya),≤100
108721371999369,Girona x Girona,Girona x Girona,≤100
103126299064542,Nil López,Nil López,≤100
101538673252700,Junts per la Jonquera,Junts per la Jonquera,≤100
113683151632677,Diari La Ciutat,These ads ran without a disclaimer,≤100
688955684548381,Maria Miranda - Alcaldessa de Castelldefels,Maria Miranda,≤100
314789169229836,Junts per Torrefarrera,Junts per Torrefarrera,≤100
1648537432055621,En Comú Podem Santa Coloma,En Comú Podem Santa Coloma,≤100
460957837378587,Junts pel Prat,Junts per Catalunya El Prat,≤100
112291755159444,Junts per Catalunya - Vallirana,Junts per Catalunya - Vallirana,≤100
1496137417313432,PP Argentona,Partido Popular,≤100
821902454827883,Wave Of Change,Wave of Change,≤100
300195313920368,Amassa,Amassa,≤100
537718266292223,Esquerra Republicana de Santa Perpètua de Mogoda,Esquerra Republicana de Santa Perpètua de Mogoda,≤100
289037011234462,Esquerra Sant Adrià,Esquerra Sant Adrià,≤100
815597255122198,Osoigo,Osoigo,≤100
1577572729208589,Diari La Ciutat del Penedès,Diari La Ciutat,≤100
300338770167166,Esquerra Tarragona,Esquerra Tarragona,≤100
161011994034892,Moviment Alternatiu de Llinars del Vallès,Moviment Alternatiu de Llinars del Vallès,≤100
595646160855974,Raimon Trujillo Coris,Raimon Trujillo Coris,≤100
184185508857768,Meritxell Roigé Pedrola,Junts per Tortosa,≤100
200000823357527,Esquerra Republicana - Montblanc,Esquerra Republicana - Montblanc,≤100
1426348304334600,Esquerra Republicana la Garriga,Esquerra Republicana la Garriga,≤100
305075209702683,ERC Gavà,ERC Gavà,≤100
196259077204542,Esquerra Vilafranca,ERC Vilafranca,≤100
100160149099313,Justice Initiative,Justice Initiative,≤100
47896270298,Iberostar Hotels & Resorts,Iberostar Hotels & Resorts,≤100
638550669533427,David Bote Paz,PSC Mataró,≤100
894210980661764,Miquel Noguer,Junts per Catalunya,≤100
482305305123940,Esquerra Republicana de l'Hospitalet,Esquerra Republicana de l'Hospitalet,≤100
492842464489895,Lliures Roses,Lliures Roses,≤100
103935392614497,Esquerra Salt,Grup Municipal Esquerra Salt,≤100
617297021716244,Diari La Ciutat de Girona,Diari La Ciutat,≤100
177626595648785,Fundación ONCE,Fundación ONCE,≤100
1990383897847161,Diari La Ciutat de Salou,Diari LA CIUTAT,≤100
267052613399423,Fundació Ulls del món,Ulls del món,≤100
127189240764862,CUP Torelló - Som Poble,CUP Torelló - Som Poble,≤100
213086312044776,Aldeas Infantiles SOS de España,Aldeas Infantiles SOS de España,≤100
741312609236565,Esquerra Republicana de Ripollet,Esquerra Republicana de Ripollet,≤100
227115154125707,ERC Vic,ERC Vic,≤100
225940217432668,Esquerra Republicana de Sant Feliu de Llobregat,Esquerra Republicana de Sant Feliu de Llobregat,≤100
283050432531657,Junts per Riudoms,Junts per Catalunya,≤100
105553840924601,Junts per Palafrugell,Junts per Catalunya Palafrugell,≤100
985918244798190,Vila-seca Segura,Vila-seca Segura,≤100
114548240322590,Inverso-Group,Inverso-Group,≤100
406537286186408,Erc Mollerussa,Erc Mollerussa,≤100
157355447620491,Esquerra (ERC) - Canet de Mar,Esquerra (ERC) - Canet de Mar,≤100
377531175647638,ERC Caldes de Montbui,ERC Caldes de Montbui,≤100
496575443766424,Esquerra Pineda-Junts X Pineda,Esquerra Republicana de Catalunya a Pineda de Mar,≤100
104177159337199,Candidatura de Progrés,Candidatura de Progrés (CP),≤100
103804202650797,Nadiesinlomínimo,Nadiesinlomínimo,≤100
111022208629018,Objectiu Torroella L'Estartit,CUP - Objectiu Torroella L'Estartit,≤100
476169382491637,ERC Pallejà,ERC Pallejà,≤100
2193225890716971,Unitat Argentona,Unitat Argentona,≤100
2351662581778293,Junts per Cervera,Junts per Cervera,≤100
150382548348416,Partit Popular de Vilanova i la Geltrú,Partit Popular de Vilanova i la Geltrú,≤100
1565857796977602,CUP Tàrrega,CUP Tàrrega,≤100
178932215807163,Endesa Clientes,Findasense,≤100
136302299749630,Joan Ribó,Compromís,≤100
1139676029542142,Som-Hi Sant Vicenç / Primàries,SOM-HI SANT VICENÇ / PRIMARIES,≤100
120639624304543,Montserrat Garrido,Junts,≤100
1076327169062339,Junts Per La Roca,Junts Per La Roca,≤100
380729668679528,ERC Esparreguera,ERC Esparreguera,≤100
215564001788627,Esquerra Cerdanyola del Vallès,ERC Cerdanyola del Vallès,≤100
767829216628738,Fem Poble En Comú Podem,Fem Poble - En Comú Podem,≤100
360491077436428,Esquerra Republicana El Prat,Esquerra Republicana El Prat,≤100
1380543872263086,Independents Units Sant Fost,Independents Units per Sant Fost,≤100
410459922465237,Esquerra el Vendrell,Esquerra el Vendrell,≤100
317952511737360,ERC - Som Banyoles,ERC Junts Per Banyoles,≤100
229131667213396,Esquerra Girona,Esquerra Girona,≤100
110847448671141,Junts per Codines,Junts per Codines,≤100
1599873300255634,Psc Parets del Vallès,Psc Parets del Vallès,≤100
105072578953664,Junts per Balaguer,Junts per Balaguer,≤100
111892984250,Fundación World Vision España,Fundación World Vision International,≤100
120984524721574,CUP Granollers,CUP Granollers,≤100
139153867956,Fundació Pasqual Maragall,Fundación Pasqual Maragall,≤100
1824596527818405,Junts per Tortosa,Junts per Tortosa,≤100
106257275695064,Ara Molins,Ara Molins,≤100
109383968094396,Rubén Viñuales,PSC Partit dels Socialistes de Catalunya,≤100
657705047950864,Lucas Ferro,Lucas Ferro,≤100
306187460184651,JUNTS x Cat Sant Feliu de Guíxols,Junts per Sant Feliu de Guíxols,≤100
265760857701334,Junts per Catalunya - Vidreres,Junts per Catalunya,≤100
785173248181037,Ernest Maragall Mira,Esquerra Republicana de Catalunya,≤100
1559238777651932,ERC Manlleu,ERC Manlleu,≤100
168443016505332,Esquerra Tàrrega,Esquerra Tàrrega,≤100
185679128232248,Cs Sant Boi de Llobregat,Cs Sant Boi de Llobregat,≤100
212292816346952,Junts Per Sitges,Junts Per Sitges,≤100
232946340978514,Marc Solsona Aixalà,Marc Solsona Aixalà,≤100
452659071531608,Marta Farrés,Partit dels socialistes de Catalunya,≤100
95878687102,Fundación Vicente Ferrer,Fundación Vicente Ferrer,≤100
105576194584104,Diari La Ciutat dels Pirineus,Diari La Ciutat,≤100
226310577410640,ERC Malgrat de Mar,ERC Malgrat de Mar,≤100
185812078197155,ERC Lleida,ERC Lleida,≤100
471951929539262,Energia_Vital,Energia_Vital,≤100
2476791479061241,Mo1-Te pel Catllar,MO1-TE pel Catllar,≤100
472875336186577,En Comú Podem El Vendrell,En Comú Podem El Vendrell,≤100
247521508733838,Psc Vallirana,Agrupació PSC Vallirana,≤100
447886051890792,Esquerra Valls,Esquerra Valls,≤100
373946786146958,Esquerra Cambrils,Esquerra Cambrils,≤100
1618545471690926,Junts per Vilassar,Junts per Vilassar,≤100
1530064670592203,Canviem Mollet,Canviem Mollet,≤100
105848177845789,All Out en español,All Out en español,≤100
108885118334651,Montblanc Progressa,Montblanc Progressa,≤100
944185512319392,Sumem per l'Ampolla - Junts,GRUP MUNICIPAL JUNTS PER L'AMPOLLA,≤100
217141148408705,Esquerra Roda de Ter,Esquerra Roda de Ter,≤100
108306782170494,Alícia Álvarez,Junts per Catalunya,≤100
1491703724431207,ERC Figueres,ERC Figueres,≤100
364356390332363,Cs Sant Cugat,Cs Sant Cugat,≤100
305306113644663,Fem Sant Andreu,Fem Sant Andreu,≤100
143830555680788,CUP Barcelona,CUP Barcelona,≤100
57551641318,Esquerra Republicana de Palafrugell,Esquerra Republicana de Palafrugell,≤100
252866844763369,COCEMFE,COCEMFE,≤100
107349151996079,PP de Vic - Osona,PP de Vic - Osona,≤100
111786092170109,Esquerra Vacarisses,Esquerra Vacarisses,≤100
193569974006865,Fiare Banca Etica,Fiare Banca Etica,≤100
339890236135752,Esquerra Montgat,Esquerra Montgat,≤100
100592646309098,Tria Granollers,Tria Granollers,≤100
110114902086493,Independents.Santcugat,Independents.Santcugat,≤100
45817335745,Entreculturas,Entreculturas,≤100
189318235003,PSOE,Partido Socialista Obrero Español,≤100
103045902441289,Impulsem Vilanova,IMPULSEM VILANOVA,≤100
741696855903082,Opositatest,Opositatest,≤100
903465343163454,Viladecans En Comú Podem,Viladecans En Comú Podem,≤100
115061686959734,Junts Tivissa,Junts Tivissa,≤100
116684704730229,Josep Triadó,Junts,≤100
573692186367319,SOM Montgat,SOM Montgat,≤100
74858103866,Izquierda Unida,Izquierda Unida,≤100
1092203824148848,Almacelles En Comú,Almacelles En Comú,≤100
152984254897718,The Objective,The Objective Media SL,≤100
276999106249,Asociación Española Contra el Cáncer,Asociación Española Contra el Cáncer,≤100
785384621598807,Movem Llavaneres,Movem Llavaneres,≤100
1788156351457496,Impulsem Almenar,Impulsem Almenar,≤100
143830555680788,CUP Barcelona,Candidatura Unitat Popular,≤100
108463245890051,Xavier Amor,Partit dels Socialistes de Catalunya,≤100
102636341627479,Marta Morell,Marta Morell,≤100
132774756745983,La PAC Dosrius,La Plataforma Alternativa Ciutadana de Dosrius,≤100
171193796261876,Esquerra Sant Vicenç de Castellet,Esquerra Sant Vicenç de Castellet,≤100
706511289430684,ERC Dosrius - Canyamars - El Far,ERC Dosrius - Canyamars - El Far,≤100
101812872336696,Alivia,Fundación Alivia España,≤100
1772591363067613,Revo Prosperidad Sostenible,Revo Prosperidad Sostenible,≤100
106657974847796,Junior Report,Junior Report,≤100
112710258892515,Alternativa per Ripoll - CUP Ripoll,Alternativa per Ripoll - CUP Ripoll,≤100
833757683356078,PSC Tarragona,PSC Partit dels Socialistes de Catalunya,≤100
1611948495704687,ERC Reus,ERC Reus,≤100
146696305394774,Esquerra Palau-solità i Plegamans,Esquerra Palau-solità i Plegamans,≤100
101903106244818,L'Albesa que SUMA,Junts per Catalunya,≤100
405022356657954,En Comú Podem Rubí,En Comú Podem Rubí,≤100
856858427766441,Junts X Móra la Nova,Junts per Catalunya,≤100
306840072990831,Socios Cruz Roja,Socios Cruz Roja,≤100
1549407258706617,"Fundación ""la Caixa""","Fundación ""la Caixa""",≤100
132850536742025,Partido Popular de Aragón,Partido Popular de Aragón,≤100
104802812899662,Arenys en Comú,Arenys en Comú,≤100
1435237586792083,Esquerra Rubí,Esquerra Republicana de Catalunya,≤100
263466013789194,ERC la Seu,ERC la Seu,≤100
706123126115490,ERC Palamós i Sant Joan,ERC Palamós i Sant Joan,≤100
158451394211438,ERC. L'Escala que avança.,ERC l'Escala,≤100
359856057946638,David Font Simon,David Font Simon,≤100
106725588244230,Junts per Catalunya el Vendrell,Junts per Catalunya el Vendrell,≤100
564806896985776,Guanyem Sitges,Guanyem Sitges,≤100
510343049105161,Erc Riudoms,ERC Riudoms,≤100
11011041279,FELGTBI+,FELGTBI+,≤100
378362905511080,L'h Espai de Debat,Tres Quarts per Cinc Quarts - L'H Espai de Debat,≤100
110760851958801,Renovem-nos,Quepo SCCL,≤100
574624419348061,ERC Tona,ERC Tona,≤100
352280815609769,Javier Castillo Soria,Javier Castillo Soria,≤100
527869040644787,Podemos Canarias,Coalición Unidas Sí Podemos,≤100
1389801417731997,Junts per Alella,Junts per Alella,≤100
838907976130511,Partido Popular Mataró,Partido Popular Mataró,≤100
1035516339843936,Relevo Contigo,Relevo Contigo,≤100
209596949081406,Fundación ANAR,Fundación ANAR,≤100
138559932829204,Unió de Federacions Esportives de Catalunya,UFEC,≤100
107153388186947,Activa Vila-seca,Vila-seca Som tots,≤100
100799886263003,Xtu.Montbrió,Xtu.Montbrió,≤100
1561647047437424,"Acord per Sant Vicenç, Vila-seca i Borgonyà","Acord per Sant Vicenç, Vila-seca i Borgonyà",≤100
481177361912673,Esquerra d'Arenys de Mar,Esquerra d'Arenys de Mar,≤100
161919417904823,Ada Colau FANS,Barcelona en Comú,≤100
244777995534742,Ayuda a la Iglesia Necesitada - ACN España,Ayuda a la Iglesia Necesitada,≤100
716042308461017,Esquerra d'Amposta,Esquerra d'Amposta,≤100
204661372895506,"Esquerra d'Alcanar, les Cases, Alcanar-Platja","Esquerra d'Alcanar, les Cases, Alcanar-Platja",≤100
920070348042984,ERC Sallent,ERC Sallent,≤100
363958423782577,Populares El Vendrell,Populares El Vendrell,≤100
175357075823543,CRIS contra el Cancer,CRIS contra el Cancer,≤100
281802578697399,Adrián Barbón,Federación Socialista Asturiana FSA-PSOE,≤100
1675314386108748,En Comú Podem Mataró,En Comú Podem Mataró,≤100
117887575012127,Leche Pascual,Leche Pascual,≤100
518024654908320,Manuel Reyes,ManuAlcalde - PP Castelldefels,≤100
344832912281662,Fundación Adecco,Fundación Adecco,≤100
1507563366228395,ERC Roda de Berà,ERC Roda de Berà,≤100
109414142093542,Ramón Mora,These ads ran without a disclaimer,≤100
106741544754881,Junts per Catalunya Mollet,Junts per Catalunya Mollet,≤100
108329432219869,Ramon Figuerola,These ads ran without a disclaimer,≤100
48426568814,Federación Socialista Asturiana FSA-PSOE,Federación Socialista Asturiana  - PSOE,≤100
228545230545402,Manos Unidas,Manos Unidas,≤100
92864178267,Juventudes Socialistas de España,Juventudes Socialistas de España,≤100
1661450350749769,Junts x La Vall d’en Bas,Junts x La Vall d’en Bas,≤100
400445143359153,Fundació Silvestre,Fundació Silvestre,≤100
104169135953861,estebangesa,These ads ran without a disclaimer,≤100
105775779046568,Diego Canga Fano,Partido Popular de Asturias,≤100
1633268780226557,Compromís per La Bisbal,Compromís per La Bisbal,≤100
553983948100016,Músicos por la Salud,Fundación Social District (Músicos por la Salud),≤100
3299815560032279,Esquerra La Canonja,Esquerra La Canonja,≤100
131917366935150,Zurich,Zurich,≤100
632779454001158,Sergi Pedret Llauradó,Junts per Riudoms,≤100
617543812005950,SOM Valldoreix,Som Valldoreix,≤100
216290708406257,Alianza por la Solidaridad,Alianza por la Solidaridad,≤100
121802507524114,jalopez_valents,These ads ran without a disclaimer,≤100
179666655404875,Comisión Europea en España,Comisión Europea en España,≤100
275186479231800,Junts x Sant Vicenç,Grup Municipal Junts x Sant Vicenç,≤100
224340178439069,Javier Sánchez Serna,PODEMOS-Izquierda Unida-Verdes-Alianza Verde,≤100
159665490863316,Cepsa,"COMPAÑÍA ESPAÑOLA DE PETRÓLEOS, S.A. (CEPSA)",≤100
1597966913780079,ERC Cervelló,ERC Cervelló,≤100
107586119439370,CEPSA Corporate,Cepsa,≤100
796716270345901,Ecoforest,Ecoforest,≤100
814519841983070,SOM d'Empuriabrava i Castelló,Som d'Empuriabrava i Castelló,≤100
385370075553787,Endavant la Sénia + Esquerra la Sénia,Endavant la Sénia + Esquerra la Sénia,≤100
100732229694153,FLOW by Gal Nauer,These ads ran without a disclaimer,≤100
1636557043223178,CUP Mollerussa,CUP Mollerussa,≤100
302436570114382,Amigos de los Mayores,Amigos de los Mayores,≤100
1793510380925494,USR Diaspora,Partidul Uniunea Salvați România,≤100
301640760070,Fontilles,Fontilles,≤100
57973661707,WWF España,WWF España,≤100
120104454689359,MAPFRE,MAPFRE,≤100
341793479830142,Padrinos por la Discapacidad,FUNDACIÓN JUAN BONAL,≤100
864662593590507,Junts x Gavà,Junts x Gavà,≤100
297418344538360,Junts pels Reguers,Junts pels Reguers,≤100
792027377627411,Esquerra Republicana Sant Hilari Sacalm,Esquerra Republicana Sant Hilari Sacalm,≤100
2008312359414690,Educació360,Fundació Bofill,≤100
105587705334940,Padrinos,FUNDACIÓN JUAN BONAL,≤100
101825349411919,Junts per Vinallop,Junts per Vinallop,≤100
70020937349,SEO/BirdLife,SEO/BirdLife,≤100
1005758609559650,Jorge Azcón,Partido Popular Zaragoza,≤100
522165734963300,USR Spania și Portugalia,Partidul Uniunea Salvați România,≤100
786147781465685,Vila-seca En Comú,Vila-seca en Comú,≤100
133830973358789,CaT-ERC Teià,CaT-ERC Teià,≤100
103587425860591,Estimem Calella,Estimem Calella,≤100
104626078500694,Theramex Spain,Theramex Healthcare Spain SLU,≤100
158287010886289,Hay Derecho,Hay Derecho,≤100
2282836001747683,Fem Manresa,Fem Manresa,≤100
105484811020545,Ecólatras,Ecólatras,≤100
106314845791461,Tots Fem Cercs,These ads ran without a disclaimer,≤100
467055710046215,Ajuntament de Vidreres,Ajuntament de Vidreres,≤100
110561008708243,Junts per La Serra d'Almos,Junts per Catalunya,≤100
1716846438609314,Haz Testamento Solidario,"DARYL UPSALL & ASSOCIATES, S.L.",≤100
113092447385,Twenergy,Twenergy,≤100
109146918232566,Borja Perdomo Hernández,Borja Perdomo Hernández,≤100
174696652583261,Fundación Aladina,Fundación Aladina,≤100
199948827513940,Fem Poble Sallent,Fem Poble Sallent,≤100
854868997881281,Ajuntament de Llançà,Ajuntament de Llançà,≤100
1431015133868301,Ajuntament Gandesa,Ajuntament de Gandesa,≤100
546253816295349,Units per Almacelles,Units per Almacelles,≤100
1551600245056675,Ibiza Pride,Ibiza Pride,≤100
104690619568713,"Yo reciclo vidrio, ¿y tú?",Ecovidrio,≤100
1561686727414653,PSC L'Arboç,PSC L'Arboç,≤100
111171964676399,Antonio Sergio Lloret López,Antonio Sergio Lloret López,≤100
414378015789044,Junts per Bitem,Junts per Bítem,≤100
1665037300384158,Assemblea Per Vilajuïga,Assemblea Per Vilajuïga,≤100
1405445633036784,Podemos Región de Murcia,PODEMOS-Izquierda Unida-Verdes-Alianza Verde,≤100
393648528050997,PP Atarfe,PP Atarfe,≤100
101132249298796,HubSocial_fundlacaixa,HubSocial_fundlacaixa,≤100
362749797252514,Esquerra Calella,Esquerra Calella,≤100
154606807934565,Populares de La Roda,PARTIDO POPULAR LA RODA,≤100
170970449608409,PSOE Aragón,PSOE Aragón,≤100
582414671854008,ERC Súria,ERC Súria,≤100
100994079586514,Zaragoza Ya,These ads ran without a disclaimer,≤100
570770963015441,Podemos Aragón,COALICIÓN ELECTORAL PODEMOS ALIANZA VERDE,≤100
102134199167166,Instituto Universitario de Liderazgo,Instituto Universitario de Liderazgo,≤100
1616417678586264,PSOE Alhaurín El Grande,PSOE Alhaurín el Grande,≤100
103846978515471,Institut d'Estudis Politics,Institut d'Estudis Politics,≤100
345654372955747,Domingo Fernández,These ads ran without a disclaimer,≤100
204908063581126,Generación SAVIA,Generación SAVIA - Fundación Endesa,≤100
472993039555396,PP Lugo local,PP Concello de Lugo,≤100
101003616346853,Ursula Marin Alderete,These ads ran without a disclaimer,≤100
123695447715048,PSOE Torremolinos,PSOE Torremolinos,≤100
2299811013637259,Luis Yeray Gutiérrez Pérez,PSOE La Laguna,≤100
270587517074225,MySolarEnergy,MySolarEnergy,≤100
105664031745,UNRWA.es,UNRWA España,≤100
1390745591150821,NRC - Norwegian Refugee Council,These ads ran without a disclaimer,≤100
184814751558406,Esquerra Unida Alacant,Esquerra Unida Alacant,≤100
424402934395582,Partido PPAV en Sbt,Partido PPAV en Sbt,≤100
988042594725110,PP Cubas de la Sagra,CREATYVA CENTRAL PUBLICITARIA SL,≤100
110708001520980,Kanduh,Kanduh,≤100
519314391541186,Psoe Alcaudete,Psoe Alcaudete,≤100
711070775679625,Huawei Spain,Huawei Spain,≤100
112855748370968,"Contigo Tudela ""Toma La Palabra""","Contigo Tudela ""Toma La Palabra""",≤100
261879783878632,Compromís per Xeraco,Compromís per Xeraco,≤100
116934454693226,Carmelo Romero Hernández,Carmelo Romero Hernández,≤100
747915861991202,Partido Popular de Palencia,Partido Popular de Palencia,≤100
101492375692102,Bruno Alcalde Cádiz,Partido Popular de Cádiz,≤100
1179080882241569,Igualada Som-hi,Igualada Som-hi,≤100
1055820377910802,Maru Díaz,COALICIÓN ELECTORAL PODEMOS ALIANZA VERDE,≤100
108153764300977,Alcalá Futura,Alcalá Futura,≤100
178168275528158,Secretaría General Iberoamericana (SEGIB),Secretaría General Iberoamericana (SEGIB),≤100
161616883888862,Parlamento Europeo - Oficina en España,Parlamento Europeo - Oficina en España,≤100
340569499642887,In Género,In Género,≤100
2252299051475845,Fem Viladecavalls,Fem Viladecavalls,≤100
231266226928934,PP Andújar,PP Andújar,≤100
329166974398268,Loren Medina,Loren Medina,≤100
100943289518915,xavipalaulleida,These ads ran without a disclaimer,≤100
113115701687988,Món Castellbisbal,These ads ran without a disclaimer,≤100
116017286898305,Carmen Ferrer Torres,Partido Popular de Ibiza,≤100
134590246581400,Parlament Europeu a Barcelona,Parlament Europeu a Barcelona,≤100
385565258868748,Javier Botella,Unión Portuense,≤100
107236215383149,ignaciobonalumi,These ads ran without a disclaimer,≤100
716353995141572,BNG de Oleiros,BNG - Bloque Nacionalista Galego,≤100
359875494733564,Alternativa nova de zas,Alternativa nova de zas,≤100
340100782835922,P P La Eliana,P P La Eliana,≤100
1727112214182170,Psoe Villamalea,These ads ran without a disclaimer,≤100
392350094277764,Ángel L. Hernández,PODEMOS,≤100
102134199167166,Instituto Universitario de Liderazgo,Lorente Lopez Sara,≤100
452950611527136,Populares Pradejón,Grupo municipal popular de Pradejón,≤100
816879198393715,PSOE Astillero Guarnizo,PSOE Astillero Guarnizo,≤100
584741141547413,Joan Mena Arca,Joan Mena,≤100
176081366127827,Javier Lambán,PSOE Aragón,≤100
357998244350278,Populares Ciudad Real,Populares Ciudad Real,≤100
390050844880919,Somos Melilla,These ads ran without a disclaimer,≤100
375923842585879,PSOE Arcos de la Frontera,PSOE Arcos de la Frontera,≤100
1402974289763078,Gema Igual Ortiz,Gema Igual Ortiz,≤100
138311156188297,Fundación Cajasol,Fundación Cajasol,≤100
1538644049757829,Avanza Mairena,Avanza Mairena,≤100
80678672726,Partido Popular Comunitat Valenciana,Partido Popular Comunitat Valenciana,≤100
122305554105068,Jesús López García Psicólogo,Jesús López García Psicólogo,≤100
183827048306580,Iniciativa Ciudadana por Paracuellos,These ads ran without a disclaimer,≤100
201236213220671,Partit de Vinaròs Independent,Partit de Vinaròs Independent,≤100
1465123837093251,Marco Aurelio  PP AV,Marco Aurelio  PP AV,≤100
527351247377965,European Committee of the Regions,European Committee of the Regions,≤100
468082066665498,María Dolores Corujo Berriel,María Dolores Corujo,≤100
880898781934441,Populares de Miguelturra,Populares de Miguelturra,≤100
116788424743593,Almudena Alcaldesa,AGRUPACIÓN SOCIALISTA DE SADA,≤100
851402581540634,Podemos Chiclana,These ads ran without a disclaimer,≤100
174861442642585,Defensa Social,Defensa Social,≤100
349070085158795,PSOE provincia de Badajoz,PSOE provincia de Badajoz,≤100
107585941917299,Futuro,Futuro,≤100
429687251134247,María Fernández,María Fernández,≤100
103641162364804,Ener2Crowd España,Ener2Crowd España,≤100
362567122173,Partido Popular de Castellón,Partido Popular de Castellón,≤100
1011770582192323,Más Pueblo La Cueva,Más Pueblo La Cueva,≤100
870160356359498,PIVG San Roque,PIVG San Roque,≤100
208010139225371,IU Huétor Vega,IU Huétor Vega,≤100
110046707371078,Actualitat de Castelló,Actualitat de Castelló,≤100
302576629082,Izquierda Unida de La Zubia,Izquierda Unida de La Zubia,≤100
137048452986058,PSOE de El Ejido,PSOE de El Ejido,≤100
102466472520470,Tu Agrupación Socialista de Segorbe,Tu Agrupación Socialista de Segorbe,≤100
103947095070655,Francis Candil González,Francis Candil González,≤100
267353906619818,Mr. Gugu & Miss Go,These ads ran without a disclaimer,≤100
144709575593854,EESC - European Economic and Social Committee,EESC - European Economic and Social Committee,≤100
573508279661673,Dani Pérez,PSOE Málaga,≤100
119127457748933,Voluntad Foral - Nabarra Gurea,Voluntad Foral - Nabarra Gurea,≤100
512117512247956,Izquierda Unida - Verdes La Unión,These ads ran without a disclaimer,≤100
592027124601541,Daniel x SVM,These ads ran without a disclaimer,≤100
573433252791294,Socialistas Garrucha,Socialistas Garrucha,≤100
363616660484405,I.U. Alhama de Murcia,I.U. Alhama de Murcia,≤100
313672238797081,Psoe Alcorisa Teruel,These ads ran without a disclaimer,≤100
118468204570243,News 24,These ads ran without a disclaimer,≤100
111455745236390,Tú Aragón Huesca,Tú Aragón,≤100
570031980072952,�PSOE Alcañiz �,These ads ran without a disclaimer,≤100
105804432058194,PSOE Santa Fe,PSOE Santa Fe,≤100
503415793471415,Cambia Avilés,Cambia Avilés,≤100
107177612200219,Natalia Chueca,Natalia Chueca,≤100
113204395098947,Junts Per Sant Guim,Janbiel Marketing,≤100
100518439538919,Triguero,Partido Popular de Ibiza,≤100
156284204461019,CUP Països Catalans,Candidatura d'Unitat Popular,≤100
107694418563679,Extremeñistas,partido extremeñista,≤100
1047572938769702,Unidas Izquierda Unida - Podemos de Toledo,Unidas Izquierda Unida - Podemos de Toledo,≤100
174623106066775,S&S LEGAL,"Xilon Solutions, S.L.",≤100
955682678153082,Héctor Lisero,Héctor Lisero,≤100
528534097245794,Podemos A Coruña,Podemos Galicia,≤100
105631660833834,Jose Ignacio Asensio Bazterra,PSE-EE (PSOE) GIPUZKOA,≤100
291560680956700,PSOE de Iznalloz,PSOE de Iznalloz,≤100
635548300422173,CCD Torreblanca,CCD Torreblanca,≤100
472875336186577,En Comú Podem El Vendrell,These ads ran without a disclaimer,≤100
1540044216258135,"Paco Ferreira, Alcalde Gondomar","Paco Ferreira, Alcalde Gondomar",≤100
104612538956195,candelaleom,These ads ran without a disclaimer,≤100
928971867133238,La Fortaleza De Santa Lucía,La Fortaleza De Santa Lucía,≤100
322014514538115,Compromís Quart de Poblet,Compromís,≤100
823069741102143,PSdeG-PSOE Culleredo,PSdeG-PSOE Culleredo,≤100
110525975370947,Andrés Marín,Andrés Marín,≤100
773248356095675,IU La Línea,These ads ran without a disclaimer,≤100
78097689268,Socialistes Valencians,PSPV-PSOE,≤100
336805893626345,Daniel Pérez Calvo,Ciudadanos Zaragoza,≤100
857523237912800,Socialistas de Oia,Socialistas de Oia,≤100
198198820328526,Psoe La Rioja,PSOE La Rioja,≤100
46192356440,ESADE Executive Education,These ads ran without a disclaimer,≤100
1482560595379392,Whakamua,Whakamua,≤100
911360328896984,Psoe Martos,Psoe Martos,≤100
119558145353441,Marifran Carazo Villalonga,Partido Popular de Granada,≤100
513589438722143,Compromís-Verds Calp,Compromís,≤100
108148958352704,Travelers Spot,These ads ran without a disclaimer,≤100
103434702746667,Junts x Vilassar,These ads ran without a disclaimer,≤100
19746387261,Humane Society International,These ads ran without a disclaimer,≤100
113884784953956,valentinonarraciones,These ads ran without a disclaimer,≤100
101092679430382,Triniful,These ads ran without a disclaimer,≤100
108091988358295,Travels All Abroad,These ads ran without a disclaimer,≤100
118994507861750,Human Rights in Colombia: News and Initiatives,These ads ran without a disclaimer,≤100
984203991753488,Research Outreach,These ads ran without a disclaimer,≤100
123027101047606,Pancreatic Cancer UK,These ads ran without a disclaimer,≤100