﻿Page ID,Page name,Disclaimer,Amount spent (EUR)
260630414430823,Department of Social Protection,Department of Social Protection,≤100
142568445802216,Acquired Brain Injury Ireland,Acquired Brain Injury Ireland,≤100
6891149895,Concern Worldwide,Concern Worldwide,≤100
395121633857254,SEAI,SEAI,≤100
158961023733,Amnesty International-Ireland,Amnesty International-Ireland,≤100
253456724751421,Bank of Ireland,Bank of Ireland,≤100
148726998530273,Sinn Féin Ireland,Sinn Féin,≤100
291934661006674,HSE Ireland,HSE Ireland,≤100
201612129410,Oxfam,Oxfam Ireland,≤100
156701534946054,My Waste Ireland,My Waste Ireland,≤100
222629035132,Fianna Fáil,Fianna Fáil,≤100
291699857688,EPP Group in the European Parliament,EPP Group in the European Parliament,≤100
122938653695,Wind Energy Ireland,Wind Energy Ireland,≤100
133688260046579,Jimi Cullen Music,Jimi Cullen Music,≤100
1486666311655495,Chris MacManus MEP,Chris Macmanus,≤100
161221517234532,National Animal Rights Association,Laura Broxson,≤100
1419122248307239,James Donnelly Sinn Féin Longford,James Donnelly,≤100
247809738564793,Belong To,BeLonG To Youth Services,≤100
112551258105085,Ukrainian Action in Ireland,Ukrainian Action in Ireland,≤100
112289898015469,Fair Seas,Fair Seas,≤100
137859686237383,Family & Life,Family & Life,≤100
174520041078,University College Dublin,University College Dublin,≤100
541250599362726,Protect Life,Family & Life,≤100
320231078094761,The Workers' Party of Ireland,The Workers' Party of Ireland,≤100
178362315106,European Parliament,European Parliament,≤100
109517180970905,And Smyth,These ads ran without a disclaimer,≤100
88243924389,Depaul Ireland. Ending Homelessness.,Depaul Ireland,≤100
238981207007343,Mark Ward  T.D. Sinn Féin,Mark Ward,≤100
367182798860,Organico Bantry,Organico Bantry,≤100
104281381774959,University of Cambridge Online,These ads ran without a disclaimer,≤100
10423517786,Harvard Business Review,These ads ran without a disclaimer,≤100
106248149037837,Whether,These ads ran without a disclaimer,≤100
100488762759295,FOA_Invest,These ads ran without a disclaimer,≤100
110704840557167,Rachel Alvarez - Carreira no Exterior,These ads ran without a disclaimer,≤100