﻿Page ID,Page name,Disclaimer,Amount spent (EUR)
188606537862492,Mayotte Hebdo,SOMAPRESSE,≤100
1625184487791517,cultur'easy,These ads ran without a disclaimer,≤100
122037308191612,Make.org,Make.org,≤100
103271587984683,Buergerfondscitoyen,Make.org,≤100
2156928994425730,Dugoujon & Associés Société d'Avocats,SELARL Dugoujon & Associès,≤100
129740893750695,Sexosafe.fr,Santé Publique France,≤100
200480966638039,Supremacy 1914,These ads ran without a disclaimer,≤100
100255681599847,Veolia France,Veolia,≤100