﻿Page ID,Page name,Disclaimer,Amount spent (USD)
968643809909024,Mubariz Mansimov,These ads ran without a disclaimer,≤100
101605572118417,Qarabağ Dirçəliş Fondu,Qarabağ Dirçəliş Fondu,≤100
104355860955968,Press Klub,Nicat Əliyev,≤100
806234346120161,Toplum TV,Toplum tv,≤100
305019964396,Lent az,Lent az,≤100
100400549397626,Lent.az - Xəbərdən Daha Çox,Lent.az - Xəbərdən Daha Çox,≤100
161579680559076,Vesti az,Vesti az,≤100
100202725184190,Caliber.Az,Caliber LLC,≤100
330940447588598,APA,Azeri Press Agency,≤100
178886752255904,APA TV,APA TV,≤100
1683459665128094,Minval.az,Minval.az MMC,≤100
280772835787181,Media.Az,Media.az,≤100