﻿Page ID,Page name,Disclaimer,Amount spent (CZK)
295551360389,Úřad vlády ČR,Úřad vlády ČR,15200
197010357446014,Ondřej Prokop,Ondrej Prokop,3198
60516116431,Člověk v tísni,"Člověk v tísni, o.p.s.",2061
487445514669670,Petr Fiala,ODS - Občanská demokratická strana,1054
55876739776,Greenpeace Česká republika,Greenpeace Česká republika,1038
34825122262,Časopis Reflex,CZECH NEWS CENTER a. s.,735
120343698070515,Liberální institut,Liberální institut,612
107898832590939,European Commission,European Commission,516
112832651308203,Stejná odměna,Česká rada sociálních služeb,301
154228456802,Divadlo v Řeznické,"Divadlo v Řeznické, o. p. s.",224
147547541961576,Council of the European Union,Council of the European Union,211
1469427909957890,Reportér magazín,Reportér magazín,203
101279652413889,SPOLU pro Prahu,SPOLU Praha,196
111041662264882,ČSSD,ČSSD,193
317530692148022,Evropa v datech,Evropa v datech,176
56292993421,Jeden svět / One World,Člověk v tísni o.p.s.,152
394570898000897,Kniha Revoluce - Jakub Trpiš,Jakub Trpis,146
178362315106,European Parliament,European Parliament,145
211685455639198,Ministerstvo práce a sociálních věcí,Ministerstvo práce a sociálních věcí,138
1393826507513693,"Jan Recman, místostarosta Prahy 2",Občanská demokratická strana,133
58887737763,Hnutí DUHA - Přátelé Země Česká republika,Hnutí DUHA - Přátelé Země Česká republika,128
137301989386,Aktuálně.cz,Aktuálně.cz,126
579215965436046,JSNS,"Člověk v tísni, o.p.s.",109
106834174877753,Svět hospodářství,"SH media, spol. s r.o.",109
107437608120753,Zastavme špinavé prachy,Re-set: platforma pro sociálně-ekologickou transformaci,108
109494305284893,Tomáš Halva - radní Prahy 2,Halva Tomas,106
110359415174945,Nikol Marhounová - místostarostka Prahy 3,Nikol Marhounová,105
101082378110228,Budoucnost,Budoucnost,102
104940818596176,Akordy Václava Hnátka,Michaela Kaufmanová,102
192011067504855,Do práce na kole - AutoMat,"AutoMat, z.s.",101
424114981002397,Český rozhlas Plus,Český rozhlas,≤100
264983260329918,Rádio Universum,Kupředu do minulosti s.r.o.,≤100
251656685576,KDU-ČSL,KDU-ČSL,≤100
460558621177512,Zálohujme.cz,Zálohujme,≤100
169065407139584,Tilt,European Greens,≤100
367656464950,TOP 09 - Praha 10,TOP 09 - Praha 10,≤100
1488001698123402,Tomáš Kaštovský,Tomáš Kaštovský,≤100
1701718886552103,Moje Evropa,Moje Evropa,≤100
370583064327,Starostové a nezávislí • STAN,Starostové a nezávislí • STAN,≤100
257529307701966,Jiří Pospíšil,TOP 09,≤100
384187235387895,Alena Schillerová,Alena Schillerová,≤100
139417427682,DOX,These ads ran without a disclaimer,≤100
111108757492137,Libor Vondráček • Svobodní,Libor Vondráček • Svobodní,≤100
117823623864,Transparency International ČR,Transparency International ČR,≤100
271054846258904,Praha 3,Městská část Praha 3,≤100
105535088816764,SPOLU pro Lipence,Martin Trnka,≤100
227214100007,Rádio SPIN,These ads ran without a disclaimer,≤100
822146574595819,Agrární komora České republiky,Agrární komora České republiky,≤100
693725074166331,Naše zdravotnictví,Naše zdravotnictví,≤100
1797185020366096,Scale,Scale,≤100
139379141293,Paměť národa,"Post Bellum, z.ú.",≤100
325598224118133,Viessmann,These ads ran without a disclaimer,≤100
101722985492419,Klára Kocmanová,Česká pirátská strana,≤100
1416733788557863,Pravda o vodě a voda lidem,Pravda o vodě a voda lidem,≤100
124152241443,Čmelák - Společnost Přátel Přírody,Čmelák - Společnost přátel přírody,≤100
227416910669250,Komora daňových poradců ČR,Komora daňových poradců ČR,≤100
125830487980906,Solární asociace,Solární asociace,≤100
58864692622,Český rozhlas Vltava,Český rozhlas,≤100
1451909405021929,Applifting Česko,Applifting s.r.o.,≤100
252707698079845,Pavel Dobeš • místostarosta Prahy 3,Starostové a nezávislí,≤100
100609955039699,Corrency,Corrency,≤100
849315472073267,Charita ve světě / Caritas Czech Republic in the world,Charita Česká republika,≤100
809013272468388,Aliance pro rodinu,Aliance pro rodinu,≤100
609246842426009,Rekonstrukce státu,Rekonstrukce státu,≤100
1382120098684027,Radim F. Holeček,Radim Holecek,≤100
545254525495201,Pravý břeh - Institut Petra Fialy,"Pravý břeh, z.s.",≤100
711658465662315,XTV,XTV,≤100
124212050978293,Kverulant org,Kverulant org,≤100
86236499348,Národní zemědělské muzeum Praha,These ads ran without a disclaimer,≤100
284944781875,EURACTIV.cz,EURACTIV.cz,≤100
551976351670874,Zdeněk Hraba,Zdeněk Hraba - senátor,≤100
1429728337291919,TEPEDE CZ,These ads ran without a disclaimer,≤100
343987063337791,CyberBlog,Cyber Security Solutions s.r.o.,≤100
113743658978459,Meltingpot,Meltingpot,≤100
378827025796132,Peak.cz,Peak.cz,≤100
102620981865843,Jana Skopalíková - radní pro životní prostředí a zemědělství,Jana Skopalíková,≤100
437293906329369,SnadnaMaturita.cz,SnadnaMaturita.cz,≤100
107563435940797,Skanska v ČR a SR,Skanska,≤100
201535993705342,Radim Sršeň,Radim Sršeň,≤100
106691471931611,PRAHA 2 SOBĚ,PRAHA SOBĚ,≤100
548487565163265,"Buď Čech, buď laska",Tomáš Rufer,≤100
119624098506,Kateřina Konečná,Filip Zachariaš,≤100
745225392241191,Primagas Česká republika,PRIMAGAS s.r.o.,≤100
1223728021075718,Svobodní - Kladno a okolí,Tomáš Vičík,≤100
104398128891546,Jan Hrušovský,Jan Hrušovský,≤100
50309511751,Český rozhlas - Radiožurnál,Český rozhlas,≤100
212297070338,Jan Melvil Publishing,These ads ran without a disclaimer,≤100
275383259179951,Tepelná čerpadla IVT,Tepelná čerpadla IVT,≤100
90002267161,TOP 09,TOP 09,≤100
1776002445975063,V síti Ivana Langera,RiverSong s.r.o.,≤100
321762510282,Michal Kučera,Michal Kučera,≤100
196173367638136,"ANO, tohle jsou Libochovice",Patrik Srba,≤100
133030253410089,Jan Šafařík - náměstek hejtmana,Jan Šafařík,≤100
267806570729225,Národní Noviny,Hrubon Rudolf,≤100
100528438562922,Oznam.to,Lexnova s.r.o.,≤100
105959931114296,Jan Schiller - politik,Jan Schiller - politik,≤100
102521435457779,Josef Flek,STAROSTOVÉ A NEZÁVISLÍ,≤100
203773899719202,Rozpravy o českých médiích,Institut komunikačních studií a žurnalistiky (Fakulta sociálních věd Univerzity Karlovy),≤100
104391094262781,Královské fórum,These ads ran without a disclaimer,≤100
164024787880257,Adapterra,Nadace Partnerství,≤100
296231097477438,Jana Krutáková,Starostové a nezávislí • STAN,≤100
191487317696220,Vladimír Barák - novinář,Vladimír Barák,≤100
103779080972210,Youradio Talk,Youradio Talk,≤100
586817644761028,Vladimír Balaš,STAN,≤100
1060889564019324,Tomáš Prouza,Commpanions,≤100
952005618247538,Martin Červíček,Martin Červíček,≤100
104972839082467,Míra Kožúšek - zastupitel ze Semil,Miroslav Kozusek,≤100
137793776285377,JenPráce.cz,These ads ran without a disclaimer,≤100
101272355932525,Igor Hendrych - poslanec Moravskoslezského kraje,Igor Hendrych,≤100
356451014434612,Marian Jurečka,KDU-ČSL,≤100
179497582061065,Tomio Okamura - SPD,Svoboda a přímá demokracie - SPD,≤100
105692521913578,David Šimek,KDU-ČSL,≤100
52479821102,Týdeník Respekt,Týdeník Respekt,≤100
111630758223843,Čistota vod,Jaroslav Jelen,≤100
157609651843876,CREW MANGA,These ads ran without a disclaimer,≤100
176546515755264,AC24,AC24,≤100
778757918820820,Kreativní Evropa,These ads ran without a disclaimer,≤100
102070114861206,Lifestyle Info CZ/SK,These ads ran without a disclaimer,≤100
756920344370534,Exteria,These ads ran without a disclaimer,≤100
104208542332869,"Fridays for cars, energy and freedom - CZ",Fridays For Cars CZ,≤100
287724754662359,HateFree Culture,HateFree Culture,≤100
108897735292963,Právo Respekt Odbornost - Plzeňský kraj,Daniel Šváb,≤100
101459741907326,Jerusalem Online - Culture,These ads ran without a disclaimer,≤100
105986175239619,Sea Creature Love,These ads ran without a disclaimer,≤100
111115572301499,BAU München,These ads ran without a disclaimer,≤100
100408139141307,Concerts Lovers,These ads ran without a disclaimer,≤100
8002590959,Rainforest Action Network - RAN,These ads ran without a disclaimer,≤100
101546951979239,meowow.creates,These ads ran without a disclaimer,≤100
112107928867115,Вясна. Правы чалавека ў Беларусі / Viasna. Human rights in Belarus,These ads ran without a disclaimer,≤100
286094071469577,VINCI Energies,These ads ran without a disclaimer,≤100
109755664976719,Ginger's Notebook,These ads ran without a disclaimer,≤100
100525605800075,Meet and Greet,These ads ran without a disclaimer,≤100
104160934265925,State of Denmark,These ads ran without a disclaimer,≤100