﻿Page ID,Page name,Disclaimer,Amount spent (HNL)
349524351841734,Cárlenton Dávila,Cárlenton Dávila,≤100
114912491193414,Secretaría de Infraestructura y Transporte,Secretaría de Infraestructura y Transporte,≤100
114601521910,Jorge Aldana,Jorge Aldana,≤100
1619479898324505,Partido Liberal de Honduras,Partido Liberal de Honduras,≤100
153003381515332,Cespad - Centro de Estudio para la Democracia,Centro de Estudio para la Democracia (Cespad),≤100
104111364355253,Diario Paradigma,Diario Paradigma,≤100
106842858489193,Cooking Center - Restaurant Game,These ads ran without a disclaimer,≤100
152914224736727,Banco Mundial,These ads ran without a disclaimer,≤100
121920741157559,Real Valladolid C.F. S.A.D,These ads ran without a disclaimer,≤100
973656702704928,ParadigmaEncuestadora,ParadigmaEncuestadora,≤100