﻿Page ID,Page name,Disclaimer,Amount spent (EGP)
798673866859390,ETC TV,ETC TV,117
103472675959316,قادرون باختلاف,محمد السيد عبد الستار,104
273900239400893,نقابة المحامين المصرية,نقابة المحامين المصرية,≤100
109956245201480,حزب مصر أكتوبر - أمانة البحيرة,Mohamed Elsayed Ahmed Mohamed,≤100
100857675472522,ScreeN+,Mahmoud Elfeky,≤100
100835565731657,Ahmed Amin Massoud - أحمد أمين مسعود,Ahmed Amin Massoud - أحمد أمين مسعود,≤100
102753775202257,جائزة الدولة للمبدع الصغير,جائزة الدولة للمبدع الصغير,≤100
308088503057656,النائب محمود عصام,النائب محمود عصام,≤100
111086937788265,موقع تحيا مصر - Tahiamasr News,Mariam Ahmed Hamouda,≤100
110877857406073,المهندس حسام لبن,المهندس حسام لبن,≤100
106450555171099,مجدي البري - Magdy Elbery,مجدي البري - Magdy Elbery,≤100
550280998481446,Rasha Kelej,Rasha Kelej,≤100
192320965049184,الإعلامية نيفين منصور,Nivine Mansour,≤100
595025640685644,النائبة شيرين عبد العزيز - Sherin abdelaziz,النائبة شيرين عبد العزيز - Sherin abdelaziz,≤100
105096455624550,Tamer abdelhamid - تامر عبد الحميد,Tamer abdelhamid - تامر عبد الحميد,≤100
103745798627292,المستشار ماهر ميلاد اسكندر,المستشار ماهر ميلاد اسكندر,≤100
104570177893410,أحمد علي الألفي,أحمد علي الألفي,≤100
1012904038778488,سامح فتحي حبيب,سامح فتحي حبيب,≤100
107096734501088,النائبة منى عمر عضو مجلس النواب,Shymaa Adel,≤100
106586485351141,صفحة النائب اشرف الشبراوي ابو العلا,Ashraf Abouelela,≤100
1039947406155839,بسيون,بسيون,≤100
106719921012688,Ahmed Bahaa Shalaby-أحمد بهاء شلبي,Integrated Marketing Communications For Media.IMC,≤100
118992379972310,Fatmah Selim - فاطمة سليم,Fatmah Selim - فاطمة سليم,≤100
535371883202755,Freddy Elbaiady  صفحة فريدي البياضي,Freddy Elbaiady  صفحة فريدي البياضي,≤100
1934139156895621,د.خالد قنديل Dr.Khaled Kandel,Basel Noufal,≤100
105322721599496,الدكتور محمد زكي الوحش,الدكتور محمد زكي الوحش,≤100
532134937722830,النائبة أميرة بهاء الدين أبو شقة,Gehad Ali,≤100
103086629281243,محمد الشنراوي,Mariam Ahmed Hamouda,≤100
101275961318204,KAS news - كاس نيوز,kasnews,≤100
108927510969680,الصفحة الرسمية للنائبة د. صبورة السيد,Mariam Ahmed Hamouda,≤100
102883459081121,Mohamed Taher - محمد طاهر,Mohamed Taher - محمد طاهر,≤100
103571604973098,هشام حسين - Hesham Hussein,حسين السيد,≤100
100391255098382,Amal Ramzy,Basem Ragab,≤100
112161944845807,Nevein Basiouny,Muhammad Nash'at,≤100
101586878327765,Hassanein Tawfiq - حسانين توفيق,Hassanein Tawfiq - حسانين توفيق,≤100
103291013528894,Dr.Mokhtar Gomaa,Ahmed Zaatar,≤100
114079190450834,النائب/ محمد رضا البنا,Mohamed Ahmed Hagag,≤100
103571604973098,هشام حسين - Hesham Hussein,هشام حسين - Hesham Hussein,≤100
100349558507549,النائب حسام زكي - Senator Hossam Zaki,محمود عبدالعال محمد,≤100
1720882541553191,حسن عمار - Hassan Ammar,حسن عمار,≤100
282421105588262,Alraees News- الرئيس نيوز,Kareem Ahmed Abdul Ghani,≤100
261220720714681,الصفحه الرسمية للمركز القومى لثقافة الطفل  - مصر,الصفحه الرسمية للمركز القومى لثقافة الطفل  - مصر,≤100
103204975886755,البديوي السيد - الصفحة الرسمية,Mohamed Elbedewy,≤100
112709551678127,الصفحة الرسمية لبرنامج آخر كلام,These ads ran without a disclaimer,≤100
2035593490055091,النائب عمرو القطامي,سيد أحمد,≤100
1950076708632822,Osama el shahed - أسامة الشاهد,Osama el shahed - أسامة الشاهد,≤100
101978821273549,حزب الجيل الديمقراطي,حزب الجيل الديمقراطي,≤100
105581508751620,الشعب الجمهوري Tv,الشعب الجمهوري Tv,≤100
648300648698719,الإعلامي عاطف عبد اللطيف,These ads ran without a disclaimer,≤100
406174899481646,Ahl Masr Foundation - مؤسسة أهل مصر,These ads ran without a disclaimer,≤100
100530932792392,كابيتانو مصر,These ads ran without a disclaimer,≤100
104763178714577,Gels MDPI,These ads ran without a disclaimer,≤100
291809778339184,أحوال مصرية,These ads ran without a disclaimer,≤100
110901495091012,Crtve Development,These ads ran without a disclaimer,≤100
104318104432030,محمد صادق - Mohmad B. Sadek,These ads ran without a disclaimer,≤100
102570761484258,Asharq Business اقتصاد الشرق,These ads ran without a disclaimer,≤100