﻿Page ID,Page name,Disclaimer,Amount spent (UYU)
2229936167288652,Juan Sartori,Equipo Juan Sartori,≤100
105372794744976,Intendencia de Paysandú,Intendencia Departamental de Paysandú,≤100
721629447857727,567 El Espacio,Sol Ines Pereyra Zunin,≤100
308762172579887,Rodrigo Goñi Reyes,Maria Florencia Porro,≤100
225968600759645,Andrés Lima,Ernesto Dario Castro Rodriguez,≤100
383445061841675,Casa Grande FA,Casa Grande,≤100
100492222711808,Somos Todos Uruguayos,Somos Todos Uruguayos,≤100