﻿Page ID,Page name,Disclaimer,Amount spent (AUD)
494820897261439,Bank Australia,Bank Australia,≤100
10113538711,WWF-Australia,WWF-Australia,≤100
112133637214684,Doctors Without Borders / Médecins Sans Frontières (MSF),Médecins Sans Frontières Australia,≤100
495731404149305,Koffels Solicitors & Barristers,Koffels Solicitors and Barristers,≤100
181578525342930,Master Builders Australia,Master Builders Australia,≤100
107765634022348,Henry Pike MP,Henry Pike MP,≤100
119271104477423,Save Your Local Pharmacy,The Pharmacy Guild of Australia,≤100
103072892843066,Not My Voice,Australians For Unity,≤100
92824008332,Plan International Australia,Plan International Australia,≤100
462010370658014,Canberra Writers Festival,These ads ran without a disclaimer,≤100
102329728050606,Yes23,Yes23,≤100
9480502970,Greenpeace Australia Pacific,Greenpeace Australia Pacific,≤100
334563333634959,Australian Government Department of Education,Australian Government Department of Education,≤100
1776727752614025,Glencore,Glencore Australia,≤100
727974650569697,Fiona Phillips MP,Fiona Phillips MP,≤100
184543928960,National Party of Australia,National Party of Australia,≤100
89794331215,Oxfam,Oxfam Australia,≤100
243147715707266,Australian Christians Party,Australian Christians,≤100
272757739102,Engineers Australia,Engineers Australia,≤100
90267370162,Andrew Barr ACT Chief Minister,Andrew Barr for ACT Labor,≤100
14193666340,Australian Conservation Foundation,Australian Conservation Foundation,≤100
104180525925926,Fair Australia,Advance Australia,≤100
22936848857,Institute of Public Affairs,Institute of Public Affairs,≤100
172094012830551,Australian Paralympic Team,Paralympics Australia,≤100
287789063686,Brendan O'Connor MP,Brendan O'Connor MP,≤100
231341250224498,Australian Ethical Investment,Australian Ethical Investment,≤100
948595148496917,Andrew Hastie,Andrew Hastie,≤100
114542481633165,Sophie's Legacy,Sophie's Legacy,≤100
101242369463631,MSI Asia Pacific,MSI Asia Pacific,≤100
299753643444311,AEC,Australian Electoral Commission,≤100