﻿Page ID,Page name,Disclaimer,Amount spent (USD)
102301285627762,ဒို့အသံ ဒို့ဟန်,an advertiser in Myanmar,≤100
110456411440371,Doh Hlay,an advertiser in Myanmar,≤100
1584183878552505,Institute for Strategy and Policy- Myanmar,an advertiser in Myanmar,≤100
912571352135610,UN-Habitat Myanmar,an advertiser in Myanmar,≤100
102979191111423,Toe Toe Phaw,an advertiser in Myanmar,≤100
2074476209434546,Happy Healthy Myanmar  ပျော်ရွှင်ကျန်းမာ တို့မြန်မာ,an advertiser in Myanmar,≤100
103760818568298,B book,an advertiser in Myanmar,≤100
395933837270620,Tet Luu Kyaw - တက်လူကျော် စာပေ,an advertiser in Myanmar,≤100