﻿Page ID,Page name,Disclaimer,Amount spent (VND)
108715314693314,Tài Liệu Thi Viên Chức Giáo Dục TP.HCM - Bình Dương,Tài Liệu Thi Viên Chức Giáo Dục TP.HCM - Bình Dương,58484
103283012762856,Chuyên Bᴀ̆̀пɡ Сᴀ̂́ρ - Сһᴜ̛́пɡ Сһɪ̉,These ads ran without a disclaimer,46979
103259172532247,Bluestona Smart,These ads ran without a disclaimer,14217
111267731617802,Lương Y Phạm Văn Thanh - Người Thầy Y Đức,These ads ran without a disclaimer,11073
101478189323986,Thầy Phạm Văn Thanh Lào Cai,These ads ran without a disclaimer,9855
115249287860206,Bất Động Sản Tây Ninh,These ads ran without a disclaimer,9024
105062615490802,Thượng Tọa Thích Đức Thiện,Thượng Tọa Thích Đức Thiện,8122
654396084640049,IMM GROUP,IMM Group,7207
105889048892532,Phạm Văn Thanh- Đặc Trị Tiểu Đường,These ads ran without a disclaimer,4336
156776368385414,Nhan Sắc Mới Khởi Đầu Mới,Nhan Sắc Mới Khởi Đầu Mới,4183
105845511087981,TRUYỀN HÌNH AN VIÊN,Truyền hình Bchannel - BTV9 An Viên,2412
105219575840377,Hải Vân BookStore,These ads ran without a disclaimer,882
107598052015682,Việt Sử Truyện,These ads ran without a disclaimer,141
101051779650428,Congemajr Frank,These ads ran without a disclaimer,≤100
101627198740153,Đặng Tín Audio - Thiết Bị Âm Thanh,These ads ran without a disclaimer,≤100