﻿Page ID,Page name,Disclaimer,Amount spent (UYU)
105372794744976,Intendencia de Paysandú,Intendencia Departamental de Paysandú,1044
225968600759645,Andrés Lima,Ernesto Dario Castro Rodriguez,≤100
100492222711808,Somos Todos Uruguayos,Somos Todos Uruguayos,≤100
104722751816273,Diplomatura en Bioarquitectura,These ads ran without a disclaimer,≤100
1424003061235730,Asociación Autismo en Uruguay,Arlene Raquel Navarro Aguiar,≤100
896046427178402,O'Farrell S.R.L,These ads ran without a disclaimer,≤100