﻿Page ID,Page name,Disclaimer,Amount spent (CLP)
429657563782175,Vlado Mirosevic Verdugo,Vlado Mirosevic Verdugo,8728
216911928319871,Banco Bci,Banco Bci,6247
216911928319871,Banco Bci,These ads ran without a disclaimer,5355
968772086505075,Gerardo Espíndola Rojas,Gerardo Alfredo Espíndola Rojas,4562
113194374358815,Compromiso Minero Chile,Compromiso Minero,4190
527441447268308,Copec,COPEC S.A.,1785
167878593236712,UNICEF en español,UNICEF con créditos publicitarios de Facebook,1785
105783868682878,Asistencia Tesorería,Asistencia Tesoreria,1545
715843291871130,Congreso Futuro,Gonzalo Rosas Barrenechea,1402
280326368663728,Asociación de Industriales de Iquique,Asociacion de Industriales Iquique,1240
68793499001,UNICEF,UNICEF with Facebook Ad Credits,1080
285417644878678,Red Antofagasta,Diarios en Red,892
104189318481439,Minería y Futuro,Mineria y Futuro,892
401014659983460,El Morrocotudo,MiVoz.cl,878
1618694568424968,Corproa,CORPROA Atacama,821
110346156981687,Alimentaciones Internacionales SA,Brecha Digital Consultores,750
103030962615298,Chile YAAC,Chile YAAC,693
307330256067716,Red Atacama,Diarios en Red,580
351583768232100,Red Tarapaca,Diarios en Red,518
371453409556353,Red Coquimbo,Diarios en Red,509
121717528487698,Confidence Chile,Confidence Chile SPA,495
246478779511291,Lex Grupo Abogados,Lex Grupo Abogados,433
643513979193133,Unidos por Beatriz,Neuma,428
226593947367922,Cultiva,Cultiva,380
273168169362020,Ministerio de Salud Chile,Ministerio de Salud,346
100447419569628,Demócratas Chile,Demócratas,330
110951722267366,World Vision Chile,World Vision Chile,287
109339288407350,Santuario Quitralco,Santuario Quitralco,231
118527638180849,Ministerio de la Mujer y la Equidad de Género,Ministerio de la Mujer y la Equidad de Género,227
126170624336,Amnistía Internacional - Chile,Amnistía Internacional Chile,226
946645452082629,Olimpiadas Especiales Chile,Olimpiadas Especiales Chile,208
100826904957145,Centro Científico Tecnológico Región de Antofagasta,CICITEM,206
386634201382499,Marco Enriquez-Ominami,Marco Antonio Enríquez-Ominami Gumucio,202
78617029137,Greenpeace Chile,Fundación Greenpeace Pacífico Sur,201
110405624650830,Chile En La Encrucijada,Juan Antonio Montes Varas,196
1436530563295625,El Líbero,Sociedad Periodística El Líbero S.A,182
391338058160314,Desafío Chile Sin Basura,Benjamín Jose Cruz Pacheco,171
110253331322287,Acuerdo Nacional Ahora,Acuerdo Nacional Ahora,119
293103284121826,Fundación Para el Progreso,Fundación Para el Progreso,110
181189911970230,Alberto Undurraga V,Alberto Undurraga Vicuña,108
101443865184651,Marianella Benavides Concejala Los Andes,Lidia Marianella Benavides Cardenas,≤100
120372434674223,ACHS Asociación Chilena de Seguridad,Asociación Chilena de Seguridad ACHS,≤100
221901754840837,Acciona.Chile,ACCIONA Chile,≤100
541390972732127,Consejero Regional Rodrigo Vera,Rodrigo Vera Riquelme,≤100
104865379653366,Guido Girardi,Gonzalo Rosas Barrenechea,≤100
221900751168796,Fundación Madre Josefa,Mauricio Alberto Castillo Cortés,≤100
707104366003647,Javier Muñoz Riquelme,Javier Muñoz Riquelme,≤100
833378750055074,Radio Lago Villarrica 91.5 FM,Alejandro Tomas Martini Iriarte,≤100
1637457636467958,Salesianos Chile - www.boletinsalesiano.cl,Congregación Salesiana,≤100
101180752297383,Gustavo Benavente Diputado,Gustavo Adolfo Alberto Benavente Vergara,≤100
614225382038057,Alvaro Elizalde,Álvaro Elizalde Soto,≤100
1567607313249689,Cristobal Martinez Diputado,Cristián Rodríguez,≤100
179469489118356,UDLA Chile,These ads ran without a disclaimer,≤100
301596847064228,Emergencias Araucania,Alejandro Tomas Martini Iriarte,≤100
106580054753486,Krist Naranjo Gobernadora Independiente Región  De Coquimbo,Krist Pia NIcole Naranjo Peñaloza,≤100
102019462029011,V más V,V más V,≤100
407211343215036,La Cadera de Eva,These ads ran without a disclaimer,≤100
104224427947088,Circula el Plástico,Metrix,≤100
104436271632480,Felipe Romero Pedreros,Felipe Andrés Romero Pedreros,≤100
111882577311917,mariaamilo,These ads ran without a disclaimer,≤100
166178460072395,اليونيسف بالعربية - UNICEF in Arabic,اليونيسف باستخدام اعتمادات الإعلان على الفيسبوك,≤100
124252504303223,UNICEF (FR),UNICEF avec des crédits publicitaires Facebook,≤100
305958239880216,Cidere Región de Coquimbo,CIDERE Coquimbo,≤100