﻿Page ID,Page name,Disclaimer,Amount spent (EUR)
488054904564547,ifaw,Stichting IFAW,556
428670174395114,Vattenfall,Vattenfall Nederland,365
288295911466,Greenpeace Nederland,Greenpeace Nederland,206
514814491878400,NVVE,NVVE,193
115289021825188,Oxfam Novib,Oxfam Novib,190
83439828234,Milieudefensie,Milieudefensie,157
113895885305052,Partij van de Arbeid (PvdA),Partij van de Arbeid (PvdA),146
159449970751999,Save the Children Nederland,Save the Children Nederland,140
57729029960,Amnesty International Nederland,Amnesty International Nederland,117
189390074967767,Toegift,Toegift/Stichting Diensten voor Goede doelen,≤100
447218628670592,UNHCR Nederland,UNHCR Nederland,≤100
121264564551002,VVD,VVD,≤100
217465211738942,De mooiste boodschap is bio,Bionext,≤100
108588405832078,Amref Flying Doctors NL,Amref Flying Doctors NL,≤100
156571571036057,Natuur & Milieu,Natuur & Milieu,≤100
103804832326992,Peter R. de Vries Foundation,Stichting Peter R. de Vries Foundation,≤100
338750440106782,BBB BoerBurgerBeweging,Boerburgerbeweging,≤100
93833638834,Plan International NL,Plan International Nederland,≤100
105516159523693,Wilde Ganzen,Wilde Ganzen,≤100
165625476919894,CNV Vakmensen,CNV Vakmensen,≤100
120184871378246,Aidsfonds,Aidsfonds,≤100
201751609836046,Dokters van de Wereld (NL),Dokters van de Wereld (NL),≤100
100169997009,Proefdiervrij,Proefdiervrij,≤100
113072077160368,Consuwise,consuwise.nl,≤100
109868387126552,Let's Break the Shame,Let's Break the Shame,≤100
100455310014019,Solidaridad,Solidaridad,≤100
100660309175869,NieuwRechts,NieuwRechts.nl,≤100
261743583890104,Mensen met een Missie,Mensen met een Missie,≤100
139858509373289,UNICEF Nederland,Unicef Nederland,≤100
142080576837,Vrij Nederland,Vrij Nederland,≤100
844559615710915,Lilian Marijnissen,SP,≤100
133687759997528,ASN Bank,ASN Bank,≤100
349312760804,World Vision Nederland,World Vision NL,≤100
285512534937,Terre des Hommes Nederland,Terre des Hommes Nederland,≤100
158944324185744,Defence for Children,Defence for Children,≤100
128393027527,SP,SP,≤100
143686555666670,Trees for All,Trees for All,≤100
105339817717917,Gezin in Gevaar,Stichting Civitas Christiana,≤100
110540418715,VIER VOETERS,VIER VOETERS,≤100
106370071810105,Cultuur onder Vuur NL,Stichting Civitas Christiana,≤100
171605059556434,World Animal Protection Nederland,World Animal Protection Nederland,≤100
114824741963035,Kom over en help,St. Kom over en help,≤100
133720236695807,Werken voor Nederland,Werken voor Nederland,≤100
222029491143966,Free Press Unlimited,Free Press Unlimited,≤100
148404651881567,VNO-NCW,VNO-NCW,≤100
205668852785355,Gemeente Zaanstad,Gemeente Zaanstad,≤100
1637965639787416,Nacht van de Vluchteling,Nacht van de Vluchteling,≤100
132031878648,Natuurmonumenten,Vereniging tot Behoud van Natuurmonumenten in Nederland,≤100
343592399090367,VisitHaarlemmermeer,Gemeente Haarlemmermeer,≤100
269793629749221,ZOA,ZOA,≤100
190231243842,De Groene Amsterdammer,De Groene Amsterdammer,≤100
473492249475971,Stirezo Pro-life,Stichting Civitas Christiana,≤100
404247949634770,CARE Nederland,CARE Nederland,≤100
436101979807727,Pointer (KRO-NCRV),KRO-NCRV,≤100
141801972540083,EW Magazine,EW Magazine,≤100
270687393022732,De Zaak ondernemers onder elkaar,These ads ran without a disclaimer,≤100
111190905649544,SIRE,SIRE,≤100
102523116490167,NJR,NJR,≤100
105784111524296,Sumofus - NL,SumOfUs,≤100
101701619359166,GOUD Nederland,Fractie den Haan = Goud,≤100
377484722432934,PvdA Provincie Utrecht,PvdA Provincie Utrecht,≤100
261743583890104,Mensen met een Missie,Stichting CMC - Mensen met een Missie,≤100
178362315106,European Parliament,European Parliament,≤100
102287806490622,Partij voor de Dieren,Partij voor de Dieren,≤100
164448196903465,Simavi,Simavi,≤100
212763862068531,Dier&Recht,Dier&Recht,≤100
203753056314055,Varkens in Nood,Varkens in Nood,≤100
196678880377286,International Justice Mission,International Justice Mission,≤100
124564577597743,Ministerie van Economische Zaken en Klimaat,Ministerie van Economische Zaken en Klimaat,≤100
101726072766798,Namens Noord-Hollanders.,Namens Noord-Hollanders,≤100
225160178094449,Corekees,Corekees,≤100
480539702005665,DE VERLEIDERS,DE VERLEIDERS,≤100
160001040736183,Fairtrade Nederland,Fairtrade Nederland,≤100
147683725284795,Mercy Ships Holland,Mercy Ships Holland,≤100
121719834601889,FNV Vakbond,FNV Vakbond,≤100
354196741370845,Brandpunt+,KRO-NCRV,≤100
272751376080288,FairWork,Francien Winsemius,≤100
165488696805185,Vereniging Basisinkomen,Alexander De Roo,≤100
110333761471734,SP Jongeren,SP Jongeren,≤100
37586539901,VPRO Tegenlicht,VPRO Tegenlicht,≤100
145580068834607,Veteranendag,Veteranendag,≤100
104925795239389,Ismail El Abassi,Ismail El Abassi,≤100
100110105027855,Hart voor Medemblik - HvM,Hart voor Medemblik,≤100
318502745709789,NoMorePlastic,NoMorePlastic,≤100
500443200073,Lufthansa Group Careers,These ads ran without a disclaimer,≤100
486293704724646,Krnwtr+ / Zereau Drinks,KRNWTR,≤100
115979795130394,Christians Care International,These ads ran without a disclaimer,≤100
105955311154401,Onlinestemtool.nl,Onlinestemtool.nl,≤100
1498781793769425,Buitenhof,Buitenhof,≤100
397927193614702,Lionsclubs Nederland,Lionsclubs Nederland,≤100
106362865041105,Pauline Ruck,These ads ran without a disclaimer,≤100
101240615530600,Stay Awesome GmbH,These ads ran without a disclaimer,≤100
145692339544199,Fauna4Life,Fauna4Life,≤100
208250375865238,Woord en Daad,Stichting Woord en Daad,≤100
104546295740207,Aura of the world,These ads ran without a disclaimer,≤100
1212758348747657,Haarlems Zwartboek,Koen Straesser,≤100
542701052543711,NedZink,NedZink,≤100
301641784038642,Strong Babies,Strong Babies,≤100
950066908346115,Podium Hoge Woerd,These ads ran without a disclaimer,≤100
1006621132755098,CBK Logistics,These ads ran without a disclaimer,≤100
109874178164594,BVNL-Haarlemmermeer,Albertus De Ruiter,≤100
594598630668610,de lage landen,These ads ran without a disclaimer,≤100
110599253866889,Millenna,These ads ran without a disclaimer,≤100
106491429483582,SDOK,SDOK,≤100
107880037304918,Radboud Fonds,Stichting Radboud Fonds,≤100
113705828225073,dear.jammy,These ads ran without a disclaimer,≤100
527351247377965,European Committee of the Regions,European Committee of the Regions,≤100
105211072462251,zoltan.szeker,These ads ran without a disclaimer,≤100
111794987937776,Global Balcony,These ads ran without a disclaimer,≤100
103359502599992,DailyFox,These ads ran without a disclaimer,≤100
110527368455096,Lululover,These ads ran without a disclaimer,≤100
105326115386676,The New Voice of Ukraine,These ads ran without a disclaimer,≤100
319549428716940,Maria Luisa Lima,These ads ran without a disclaimer,≤100
852402878128045,Youth Cancer Europe,These ads ran without a disclaimer,≤100
1062963547225217,The Bar-Tur Photo Award,These ads ran without a disclaimer,≤100
107149798909876,jalal_husna_,These ads ran without a disclaimer,≤100