﻿Page ID,Page name,Disclaimer,Amount spent (CZK)
287724754662359,HateFree Culture,HateFree Culture,1517
55876739776,Greenpeace Česká republika,Greenpeace Česká republika,1366
30575632699,ODS - Občanská demokratická strana,ODS - Občanská demokratická strana,827
370583064327,Starostové a nezávislí • STAN,Starostové a nezávislí • STAN,423
179497582061065,Tomio Okamura - SPD,Svoboda a přímá demokracie - SPD,352
101661881517806,Jaroslav Komínek,These ads ran without a disclaimer,237
101983652354160,Jozef Síkela,Starostové a nezávislí,218
361281313901258,Komerční banka,"Komerční banka, a.s.",171
424114981002397,Český rozhlas Plus,Český rozhlas,171
211685455639198,Ministerstvo práce a sociálních věcí,Ministerstvo práce a sociálních věcí,147
321762510282,Michal Kučera,Michal Kučera,133
315972808450196,ČSOB,ČSOB,131
632832356800711,Plzeňský Prazdroj,Plzeňský Prazdroj,126
251656685576,KDU-ČSL,KDU-ČSL,122
110945610569821,Odchod.eu,Hnutí Odchod,113
2297075120544646,Spojenci pro kraj,JsmePRO! (Spojenci pro kraj),108
111210916534,Příběhy bezpráví,"Člověk v tísni, o.p.s.",104
1104866262972886,Michal Šmarda • Sociální demokracie,Česká strana sociálně demokratická,102
34825122262,Časopis Reflex,CZECH NEWS CENTER a. s.,≤100
56292993421,Jeden svět / One World,Člověk v tísni o.p.s.,≤100
206791046438534,Plant for the Planet - Česká republika,Plant-for-the-Planet Czech Republic Nadace,≤100
298789466930469,KSČM - Komunistická strana Čech a Moravy,Komunistická strana Čech a Moravy,≤100
1477535869227488,Vít Rakušan,Starostové a nezávislí,≤100
197010357446014,Ondřej Prokop,Ondrej Prokop,≤100
1469427909957890,Reportér magazín,Reportér magazín,≤100
105994357680102,Avenberg.cz,These ads ran without a disclaimer,≤100
111630758223843,Čistota vod,"Gymnázium Globe, s.r.o.",≤100
137778619615350,Voyo.cz,TV Nova s. r. o.,≤100
52479821102,Týdeník Respekt,Týdeník Respekt,≤100
356451014434612,Marian Jurečka,KDU-ČSL,≤100
840906766014124,Jana Mračková Vildumetzová,ANO,≤100
50309511751,Český rozhlas - Radiožurnál,Český rozhlas,≤100
693725074166331,Naše zdravotnictví,Naše zdravotnictví,≤100
178362315106,European Parliament,European Parliament,≤100
106834174877753,Svět hospodářství,"SH media, spol. s r.o.",≤100
460558621177512,Zálohujme.cz,Zálohujme,≤100
1558359124403846,Každá plechovka se počítá,Každá plechovka se počítá,≤100
496346277123749,Piráti Ústecký kraj,These ads ran without a disclaimer,≤100
384187235387895,Alena Schillerová,ANO,≤100
111041662264882,Sociální demokracie,ČSSD,≤100
124152241443,Čmelák - Společnost Přátel Přírody,Čmelák - Společnost přátel přírody,≤100
1956144064659620,BlueTV,Aliance pro budoucnost,≤100
267353906619818,Mr. Gugu & Miss Go,These ads ran without a disclaimer,≤100
264983260329918,Rádio Universum,Kupředu do minulosti s.r.o.,≤100
257529307701966,Jiří Pospíšil,TOP 09,≤100
122414944594991,"Chrenek, Toman, Kotrba advokátní kancelář","Chrenek, Toman, Kotrba advokátní kancelář",≤100
60516116431,Člověk v tísni,"Člověk v tísni, o.p.s.",≤100
39371299263,Zelení - Strana zelených,Zelení - Strana zelených,≤100
301480404671,Lunchmeat Festival,Lunchmeat,≤100
656462304404326,Служба розшуку дітей,These ads ran without a disclaimer,≤100
90002267161,TOP 09,TOP 09,≤100
206407509818,Blesk.cz,CZECH NEWS CENTER a. s.,≤100
733410133337387,Michaela Šojdrová,Michaela Šojdrová,≤100
111108757492137,Libor Vondráček • Svobodní,Libor Vondráček • Svobodní,≤100
332418787330819,VOK - Volba pro kraj,"Volba pro kraj, politické hnutí",≤100
123858471641,iROZHLAS.cz,Český rozhlas,≤100
106901094332851,Recykluj - nespaluj,Recykluj - nespaluj hys,≤100
284944781875,EURACTIV.cz,EURACTIV.cz,≤100
711658465662315,XTV,XTV,≤100
108726857444837,České zájmy v EU,DFMG,≤100
1776002445975063,V síti Ivana Langera,RiverSong s.r.o.,≤100
201535993705342,Radim Sršeň,Radim Sršeň,≤100
108798118453748,Berenika Peštová-poslankyně,Berenika Peštová-poslankyně,≤100
104087131747633,Zaostřeno,Zaostřeno,≤100
100609955039699,Corrency,Corrency,≤100
532219183564760,Stanislav Polčák,Stanislav Polčák,≤100
1468464403368393,Herbert Pavera - Váš senátor na Opavsku,TOP 09,≤100
378827025796132,Peak.cz,Peak.cz,≤100
495743860451696,TOP 09 - Praha,TOP 09,≤100
175655605777948,Miloš Vystrčil,Miloš Vystrčil,≤100
227416910669250,Komora daňových poradců ČR,Komora daňových poradců ČR,≤100
273367223021327,Veronika Vrecionová,Veronika Vrecionová,≤100
125453991470833,SEN 21 - politické hnutí,Senátor 21,≤100
952005618247538,Martin Červíček,Martin Červíček,≤100
109323929038,Česká pirátská strana,Česká pirátská strana,≤100
413476830191,Prague Security Studies Institute,Prague Security Studies Institute,≤100
40583438943,NESEHNUTÍ,NESEHNUTÍ,≤100
125830487980906,Solární asociace,Solární asociace,≤100
447167062064041,Vladimíra Ludková,CORP Production s.r.o.,≤100
113743658978459,Meltingpot,Meltingpot,≤100
137301989386,Aktuálně.cz,Aktuálně.cz,≤100
107572505087543,AŘOV - Asociace řidičů osobních vozidel,"Asociace řidičů osobních vozidel, z.s.",≤100
101722985492419,Klára Kocmanová,Česká pirátská strana,≤100
101082378110228,Budoucnost,Budoucnost,≤100
220814337523,Kurzy.cz,"Kurzy.cz, spol. s r.o.",≤100
103567498863549,Ecoista,Ecoista,≤100
58864692622,Český rozhlas Vltava,Český rozhlas,≤100
124212050978293,Kverulant org,Kverulant org,≤100
376643822506615,awin IT,These ads ran without a disclaimer,≤100
343987063337791,CyberBlog,Cyber Security Solutions s.r.o.,≤100
102620981865843,Jana Skopalíková - radní pro životní prostředí a zemědělství,Jana Skopalíková - radní pro životní prostředí a zemědělství,≤100
153384318085064,EUROPEUM Institute for European Policy,EUROPEUM Institute for European Policy,≤100
337302141482,Marianne,These ads ran without a disclaimer,≤100
863066993754032,LOCIKA - centrum pro děti ohrožené domácím násilím,Centrum LOCIKA,≤100
1701718886552103,Moje Evropa,Moje Evropa,≤100
169946526003,Nadace Partnerství,Nadace Partnerství,≤100
1060889564019324,Tomáš Prouza,Commpanions,≤100
107563435940797,Skanska v ČR a SR,Skanska,≤100
100528438562922,Oznam.to,Lexnova s.r.o.,≤100
432036383659764,EPP - Pomáhej Pohybem Nadace ČEZ,"Skupina ČEZ, a. s.",≤100
288004403427,"Friedrich-Ebert-Stiftung, zastoupení v České republice","Friedrich-Ebert-Stiftung, zastoupení v České republice",≤100
102090718057736,Urban Developers and Investors,"Urban Developers and Investors, s.r.o.",≤100
117823623864,Transparency International ČR,Transparency International ČR,≤100
183496134175,Radio Prague,These ads ran without a disclaimer,≤100
495496033796328,Stanislav Blaha,Stanislav Blaha,≤100
114844373211551,Eva Turnová,These ads ran without a disclaimer,≤100
609246842426009,Rekonstrukce státu,Rekonstrukce státu,≤100
1410403182565683,Petr Hladík,KDU-ČSL,≤100
118339071290748,EuroToday,These ads ran without a disclaimer,≤100
356382154550156,e.on,These ads ran without a disclaimer,≤100
56987874554,Liga otevřených mužů,Liga otevřených mužů,≤100
1468464403368393,Herbert Pavera - Váš senátor na Opavsku,PRodukujeme s. r. o.,≤100
553405241527947,Kancelář architekta města Brna - KAM Brno,Kancelář architekta města Brna,≤100
189520154425807,Ministerstvo životního prostředí,Ministerstvo životního prostředí,≤100
101230222584230,Pavel Vrbický - náměstek primátorky Hradce Králové,Česká pirátská strana,≤100
416190415243,Fakulta životního prostředí - ČZU v Praze,Fakulta životního prostředí,≤100
271054846258904,Praha 3,Městská část Praha 3,≤100
1159209940952925,Tomáš Hřebík - strategický rozvoj Prahy 8,TOP 09,≤100
104819872149191,United4Ukraine,These ads ran without a disclaimer,≤100
107898832590939,European Commission,European Commission,≤100
147547541961576,Council of the European Union,Council of the European Union,≤100
608650595820049,The Conqueror Challenges,These ads ran without a disclaimer,≤100
108625789179165,Soi Dog Foundation,These ads ran without a disclaimer,≤100