﻿Page ID,Page name,Disclaimer,Amount spent (TRY)
64625878491,Eyüpsultan Belediyesi,Eyüpsultan Belediyesi,≤100
100566981431204,Mersin Haber Özel,Mersin Haber Özel,≤100
575755372513811,Muhittin Böcek,Antalya Büyükşehir Belediyesi,≤100
197750943681205,Antalya Büyükşehir Belediyesi,Antalya Büyükşehir Belediyesi,≤100
2064731740417261,Seyyid Bilal Kabdan,Seyyid Bilal Kabdan,≤100
107924807410702,Samet Bağcı,Samet Bağcı,≤100
1156591567874276,Halil Arda,Halil Arda,≤100
114357406669727,ABB TV,Antalya Büyükşehir Belediyesi,≤100
463215923715177,Mehmet Yiğiner,Bekir Koyuncu,≤100
217712041637127,AK PARTi Genel Merkez Gençlik Kolları Başkanlığı,ADALET ve KALKINMA PARTİSİ GENÇLİK KOLLARI,≤100
1572709256359993,İnternethaber TV,HADİ ÖZIŞIK,≤100
110010815263548,Gerçek Gündem TV,Bülent Özdoğan,≤100
108552928182311,Al Sancak Partisi,Nuri Çelebi,≤100
1620080691588973,Serkan SARI,Serkan Sarı,≤100
219031704851494,SAS (Satın Almayın Sahiplenin),Fırat Yıldız Ahmet,≤100
364210594061098,Ferhat Aksoy,FERHAT AKSOY,≤100
109374648499673,arppha,These ads ran without a disclaimer,≤100
511707202180465,Kangal Aşkk'tır,Fırat Yıldız Ahmet,≤100
106789305232883,وكالة الشرق الأوسط الإخبارية,وكالة الشرق الأوسط الإخبارية,≤100
114951609920936,Kısa Dalga Medya,Kısa Dalga Medya,≤100
465887546792664,Halkın Kurtuluş Partisi - HKP,TAYFUR BİN,≤100
319374238130637,Osman Gürün,Osman Gurun,≤100
279716635770157,Doğrula Org,Doğrula Org,≤100
283657205667155,Mustafa Ali Fırtına,Mustafa Ali Firtina,≤100
167633913392268,Kolejliler,Fırat Yıldız Ahmet,≤100
115203036969497,Mehmet Yunus Seven,Mehmet Yunus Seven,≤100
237807500233123,Emrullah ÖNALAN,These ads ran without a disclaimer,≤100
113229965003082,AK Parti/MHP/BBP Cumhur İttifakı,Erol Cihangir,≤100
565633066903366,Ersan Gökgöz Siyasetçi Şahlanış Partisi Genel Başkan Vekili,Ersan Gokgoz,≤100
298764070816267,Mehmet Tütüncü,Mehmet TÜTÜNCÜ Türkiye Temsilcisi,≤100
104691722197784,صحيفة الاستقلال - العربية,صحيفة الاستقلال,≤100
103167881182863,Temiz Enerji Haber Portalı,Temiz Enerji Haber Portalı,≤100
1104153776387884,Halk Haber Ajansı,Resul Mesut Büyüksarı,≤100
107184060866156,Limitsiz Bilgi,These ads ran without a disclaimer,≤100
172200336891287,Medya Penceresi,Medya Penceresi,≤100
104267921764717,Deva Partisi Trabzon İl Başkanlığı,Kubilay Çiçek,≤100
101604515181998,gelecekbilgiler11,These ads ran without a disclaimer,≤100
23596074088,Dazed and Confused Magazine,These ads ran without a disclaimer,≤100
113435034974651,wallperphoto.ch,These ads ran without a disclaimer,≤100
754641661340369,Зелена карта Україна,These ads ran without a disclaimer,≤100