﻿Page ID,Page name,Disclaimer,Amount spent (USD)
995765983772115,Dzair Tube,Dzair Tube,≤100
415438789051284,"حزب سياسي جديد ""الحراك الجزائري العالمي سلمي من أجل الجزائر والقدس",These ads ran without a disclaimer,≤100
158714780827513,UNFPA,These ads ran without a disclaimer,≤100
103092238774307,Sobe Ad Agency,These ads ran without a disclaimer,≤100
105729552522702,social.talks1,These ads ran without a disclaimer,≤100
1368385879846817,Almasdar Dz,These ads ran without a disclaimer,≤100
195799657105195,SEGi University & Colleges,These ads ran without a disclaimer,≤100
131189377574,MDPI,These ads ran without a disclaimer,≤100
31292782350,Deutschland.de,These ads ran without a disclaimer,≤100
618086438391102,Taiwan in the EU and Belgium,These ads ran without a disclaimer,≤100
1000222293436605,Fanack.com عربي,These ads ran without a disclaimer,≤100