﻿Page ID,Page name,Disclaimer,Amount spent (CLP)
102422525535808,FARMACIAS PUNTO BLANCO,Ranko Frane Lenac Pizarro,23458
600661340080888,Municipalidad de Salamanca,Municipalidad de Salamanca,14144
105560941738247,Movilizando Chilenos,Movilizando Chilenos,10185
371453409556353,Red Coquimbo,Diarios en Red,6790
105783868682878,Asistencia Tesorería,Asistencia Tesoreria,6506
239724839481005,Municipalidad de Vicuña,Brecha Digital Consultores,5537
184559421980613,Vlado Mirosevic Diputado,Vlado Mirosevic Verdugo,5093
742589802465506,Reforma la Reforma,Fundación Ciudadanos en Acción,5093
8093963076,Techo - Chile,Pago por TECHO Chile con créditos de anuncios de Facebook,4474
78617029137,Greenpeace Chile,Fundación Greenpeace Pacífico Sur,3887
580663538777736,Consejo Minero,Feedback Comunicaciones,3506
280326368663728,Asociación de Industriales de Iquique,Asociacion de Industriales Iquique,2911
110309894432662,Gerald Castillo - Concejal Ovalle,Héctor Rene Baeza Olivares,2235
102019462029011,V más V,V más V,1969
101041179311464,Integradora Thinking,Integradora Thinking,1698
246478779511291,Lex Grupo Abogados,Lex Grupo Abogados,1447
109339288407350,Santuario Quitralco,Santuario Quitralco,857
101439071476201,Laboratorio Chile - Teva,Laboratorio Chile S.A.,849
307330256067716,Red Atacama,Diarios en Red,849
285417644878678,Red Antofagasta,Diarios en Red,849
351583768232100,Red Tarapaca,Diarios en Red,849
104224427947088,Circula el Plástico,Metrix,849
103030962615298,Chile YAAC,Chile YAAC,757
78239901502,Diario Financiero,Grupo DF,696
391338058160314,Desafío Chile Sin Basura,Benjamín Jose Cruz Pacheco,670
100537472438913,Futuro Madera,Futuro Madera,618
337766483715142,Tremendas_cl,TREMENDAS with Facebook ad credits,333
968772086505075,Gerardo Espíndola Rojas,Gerardo Alfredo Espíndola Rojas,284
101326581302605,Desafío 10X,Fundación 10X,261
295886120554128,Polpaico,Cemento Polpaico SA,255
1257818931046767,Azerta Chile,Azerta,242
104521462060586,Gustavo Alessandri Alcalde Zapallar,Gustavo Alessandri Bascuñan,238
110405624650830,Chile En La Encrucijada,Juan Antonio Montes Varas,202
643513979193133,Unidos por Beatriz,Neuma,168
198921630648476,Vidrios Lirquen,Vidrios Lirquen,164
221901754840837,Acciona.Chile,ACCIONA Chile,163
101180752297383,Gustavo Benavente Diputado,Gustavo Adolfo Alberto Benavente Vergara,138
115447711895370,Good Neighbors Chile,These ads ran without a disclaimer,119
293103284121826,Fundación Para el Progreso,Fundación Para el Progreso,109
107007551931813,ECOM Energy,These ads ran without a disclaimer,≤100
110538301760066,Adah.Financiera,These ads ran without a disclaimer,≤100
126170624336,Amnistía Internacional - Chile,Amnistía Internacional Chile,≤100
425334308023066,Fernanda Flores Ocaranza,These ads ran without a disclaimer,≤100
112863284811655,Partido Alianza Verde Popular,Partido Alianza Verde Popular,≤100
100383352725236,Presentes,These ads ran without a disclaimer,≤100
107591702149758,revista_stultifera_navis,These ads ran without a disclaimer,≤100
292129440851133,CropLife Latin America,These ads ran without a disclaimer,≤100
112731733833728,Familias: Ahora,These ads ran without a disclaimer,≤100
319549428716940,Maria Luisa Lima,These ads ran without a disclaimer,≤100
429657563782175,Vlado Mirosevic Verdugo,Vlado Mirosevic Verdugo,≤100
158951974167913,AFP Capital,These ads ran without a disclaimer,≤100
107169378836825,Izy Solar Esp,These ads ran without a disclaimer,≤100
213391598701474,Ideame,These ads ran without a disclaimer,≤100
100138628266805,Ciudadano contra político,These ads ran without a disclaimer,≤100