﻿Page ID,Page name,Disclaimer,Amount spent (USD)
107810657531092,Budragchaa Serdamba,Budragchaa Serdamba,≤100
2032935363584959,Цэвэгдоржийн Туваан,Цэвэгдоржийн Туваан,≤100
100285895550731,Мэдээллийн Ажилтан,Мэдээллийн Ажилтан,≤100
105042021969191,Эмэгтэйчүүдийн Манлайллын Сүлжээ,Anudari Ayush,≤100
339646519820476,Garden City хотхон,Garden City хотхон,≤100
656083691264047,Ардчилсан Залуучуудын Холбоо,These ads ran without a disclaimer,≤100
146549332453695,Болдбаатарын Гүнбилэг,These ads ran without a disclaimer,≤100
1495592410758924,Санжаагийн Мөнгөнчимэг Sanjaa Mungunchimeg,Zaya Bee,≤100
104013541845788,Xinchen-Gerald Xu,These ads ran without a disclaimer,≤100