﻿Page ID,Page name,Disclaimer,Amount spent (VEF)
100426612940178,Concejo Municipal de San Diego,an advertiser in Venezuela,34250000
11449543593,Carlos Ocariz,an advertiser in Venezuela,1250000
148231808588187,Gatorade Venezuela,an advertiser in Venezuela,804992
304247300393,Juan Pablo Guanipa,an advertiser in Venezuela,250000
116093674518,César Pérez Vivas,an advertiser in Venezuela,250000
109188088409564,more_ing.art,These ads ran without a disclaimer,22725
106450964481055,APsystems LATAM,These ads ran without a disclaimer,10904
354397697217,IEEE Xplore,These ads ran without a disclaimer,≤100
1995044750630062,BFT International,These ads ran without a disclaimer,≤100