﻿Page ID,Page name,Disclaimer,Amount spent (USD)
112477522422248,David Collado,David Collado,≤100
100151225919146,Homero Figueroa G,Le Black Room,≤100
123397997671209,Listín Diario,Alejandro Jose Madera Rodriguez,≤100
532600796858736,Jean Luis Rodriguez,Jean Luis Rodriguez Jimenez,≤100
105459414464989,El Asesor,El Asesor,≤100
708959485865189,Elias Baez,Elias Baez De Los Santos,≤100
106687624223989,Rescate Democratico,Rescate Democratico,≤100
492966110748093,Su Mundo TV,Penelope Canario Herrera,≤100
102527089089994,Reporte Médico,Gerardo Rafael Rodriguez Barreto,≤100
1531117423771066,Abel 24 RD,Abel 24,≤100
343332145805907,eltiempo.com.do,Catherine Martinez Diaz,≤100
401144539898661,Fondo Marena,Nicolás Enrique Grullón Ubinas,≤100
747420075340256,El Agricultor Primero,These ads ran without a disclaimer,≤100
201307513243168,Partido Dominicanos por el Cambio,Partido Dominicanos por el Cambio,≤100
944447549279475,Abel 2024 Sector Externo,abelmartinezsectorexterno@gmail.com,≤100
1493748040953079,Robinson Henry Diaz Gutierrez,Robinson Henry Diaz Gutierrez,≤100
109177411981988,Influencias.do,These ads ran without a disclaimer,≤100
101141362593364,CAM en Español,These ads ran without a disclaimer,≤100
116643774656886,Ismael Reyes,Penelope Canario Herrera,≤100