﻿Page ID,Page name,Disclaimer,Amount spent (DKK)
99632942471,Læger uden Grænser (MSF),Læger uden Grænser (MSF),6061
26458152911,SOS Børnebyerne,SOS Børnebyerne,4800
63691965101,UNICEF Danmark,UNICEF Danmark,3804
72672361910,Børns Vilkår,Børns Vilkår,3035
125934997444897,SuperBrugsen,Coop,2602
12860228293,Politiken,Politiken,1898
399210657232918,PlanBørnefonden,PlanBørnefonden,1875
67571270393,Red Barnet,Red Barnet,1837
867877683280051,Weekendavisen,Weekendavisen,1714
116227401722605,Dansk Flygtningehjælp,Dansk Flygtningehjælp,1700
5624899398,Mellemfolkeligt Samvirke,Mellemfolkeligt Samvirke,1595
276770505228,Folkekirkens Nødhjælp,Folkekirkens Nødhjælp,1265
122577072476986,Amalo,Amalo,1260
12787473132,Berlingske,Berlingske,1216
202627126417910,TAXA 4x35,Sammenslutningen Taxa 4x35,1130
59143726810,Psykiatrifonden,Psykiatrifonden,1075
116269191760882,DSB,DSB,942
107893513382,Liberal Alliances Ungdom,Liberal Alliances Ungdom,934
65929129383,Røde Kors,Røde Kors,839
55365680705,Greenpeace Danmark,Greenpeace Danmark,809
175901923124109,København LIV,København LIV,789
38507331439,Danmarks Naturfredningsforening,Danmarks Naturfredningsforening,687
1643818125897989,Fonden Novavi,Fonden Novavi,610
287306323369,Børnecancerfonden,Børnecancerfonden,609
748887235210811,Obton Forvaltning A/S,Obton A/S,582
178362315106,European Parliament,European Parliament,573
155596147784577,WWF Verdensnaturfonden,WWF Verdensnaturfonden,491
17428770950,RÆSON,Clement Kjersgaard,478
66328502645,Dagbladet Information,Dagbladet Information,441
102154048301476,Lederstof.dk,Lederne,397
19176473894,IMS (International Media Support),IMS (International Media Support),343
437410226312057,Københavns Kommune,Københavns Kommune,342
1704424023182897,Politiken Historie,Politiken Historie,339
250994288337708,Sex og Samfund,Sex og Samfund,323
154415494575789,IDA,IDA,312
337166195327,BRYD TAVSHEDEN,BRYD TAVSHEDEN,312
759082797552576,Folkekirkens Nødhjælps Genbrug,Folkekirkens Nødhjælp,309
130388840342741,Danske Bank,Danske Bank,300
121570596369,CARE Danmark,CARE i Danmark,300
246977185497434,Plastic Change,Plastic Change,300
2047554945456852,Climaider,Climaider,293
109012749124622,3F - Gør dig stærkere.,3F - Danmarks Stærkeste Fagforening,290
106468772046278,Project Greensand,Project Greensand,254
276145368333,Bedre Psykiatri - Landsforeningen for pårørende,Bedre Psykiatri - Landsforeningen for pårørende,250
1497190180404355,Kira Marie Peter-Hansen,Kira Marie Peter-Hansen,245
109450894144575,Kontrast,Kontrast.dk Aps,225
104123483391744,Os der elsker film,Rettighedsalliancen,217
144098125661833,Nordea Invest,Nordea Invest,216
146956228206,Red Barnet Ungdom,Red Barnet Ungdom,213
356520931077196,Europabevægelsen,Europabevægelsen,211
126543540781090,Ældre Sagen,Ældre Sagen,208
1437219173185225,Myhouse,CDM A/S,194
350495955072656,Klimabevægelsen i Danmark,Klimabevægelsen i Danmark,189
95141502089,Økonomisk Ugebrev,Økonomisk Ugebrev,177
304554445813,Videncentret Bolius,Videncentret Bolius,163
1688214178159008,BARONS,BARONS,161
90497015205,Kvickly,Coop,158
334571029981175,DM og MA studerende,DM,153
36664432940,Amnesty International Danmark,Amnesty Danmark,148
105511328705392,HØRT,Børns Vilkår,110
138978072648,Dansk Vegetarisk Forening - DVF,Dansk Vegetarisk Forening - DVF,108
267019152979,"DPU, Aarhus Universitet",Carsten Henriksen,106
246097715413231,Alkohol & Samfund,Alkohol & Samfund,103
314676938743,DM din akademiske fagforening,DM,101
105256367862821,Søstre mod vold og kontrol,Søstre mod vold og kontrol,≤100
1405355586351630,Carlsbergfondet,Carlsbergfondet,≤100
141343589252160,Dansk Industri - DI,Dansk Industri,≤100
10349651868,Dyrenes Venner,Dyrenes Venner,≤100
180519405977219,Frederiksværk Krisecenter,Frederiksværk Krisecenter,≤100
32416796716,Lindhardt og Ringhof,Lindhardt og Ringhof,≤100
101875815016312,Caroline Victoria Christensen,Caroline Victoria Christensen,≤100
110953988146557,Mads Samsing,HK Danmark,≤100
427213910721659,Dansk Blindesamfund,Dansk Blindesamfund,≤100
188842724507690,مفوضية اللاجئين,These ads ran without a disclaimer,≤100
366165650071333,Enhedslisten Køge,Rolskov Niels,≤100
1624533954331418,Bylisten,Imad Nabil Daher,≤100
145194885519706,Kulturværftet,Kulturværftet,≤100
216843468440477,Helsingør Dagblad,Helsingør Dagblad,≤100
126084211821,Danmarks Socialdemokratiske Ungdom (DSU),Danmarks Socialdemokratiske Ungdom,≤100
506942356126650,Glostrup Forsyning,Glostrup Forsyning,≤100
1724068710936501,Anja C Jensen,HK Danmark,≤100
217135424459,Karen Blixen Museum,Karen Blixen Museum,≤100
194452460650048,Global Aktion,Global Aktion,≤100
221131391257614,Humanistisk Samfund,Humanistisk Samfund,≤100
339042332802538,Frederiksberg Forsyning,Frederiksberg Forsyning,≤100
304554445813,Videncentret Bolius,Bolius,≤100
142641498926,Fairtrade-mærket Danmark,Fairtrade Danmark,≤100
23488866416,Ateistisk Selskab,Ateistisk Selskab,≤100
108078325238131,DH Vestegnen,DH Vestegnen,≤100
568507866664113,Forlaget Orbis,Forlaget Orbis,≤100
98486774725,Djøf,Nicolai Kromann Pein,≤100
341299649231023,Zetland,Zetland,≤100
47703234827,Københavns Hovedbibliotek,Københavns Hovedbibliotek,≤100
494902077334290,Tuborgfondet,Tuborgfondet,≤100
384003985972,Greentel,Greentel,≤100
517462625009133,Folketinget,Folketinget,≤100
108712950993575,MIGHTY MONDAY,These ads ran without a disclaimer,≤100
169918310823,Foreningen Spiseforstyrrelser og Selvskade,Foreningen Spiseforstyrrelser og Selvskade,≤100
104414898912918,GOTO Sønderborg,GOTO Sønderborg,≤100
253132104886911,Kvisten,Kvisten,≤100
227357657280228,Børnehjælpsdagen,Fonden Børnehjælpsdagen af 6. maj 1904,≤100
1037138983037629,Hjem til Alle alliancen,Hjem til Alle,≤100
109832114803166,Videnskabsår22,Videnskabsår22 c/o Videnskabernes Selskab,≤100
109252350463401,Træ i Byggeriet,Træ i Byggeriet,≤100
26531882197,Peter Westermann,Westermann Peter,≤100
376442055780548,"Søren Søndergaard, formand for Landbrug & Fødevarer",Landbrug & Fødevarer,≤100
1017666944935541,Venstre Gladsaxe,Venstre Gladsaxe,≤100
100416662311928,Vid&Sans,Tore Bonnerup,≤100
332449670271618,Socialdemokraterne Thisted kommune,Mads Gravesen,≤100
113555862534,SF Ungdom,SF Ungdom,≤100
144073492279043,Teatret Svalegangen,Teatret Svalegangen,≤100
181330585392156,Skattestyrelsen,Skattestyrelsen,≤100
109261517088528,Fremstillingsindustrien,Marie Thorsø Kousgaard,≤100
111544458061503,TimeVision - En del af TimeGruppen,TimeVision Godkendt Revisionspartnerselskab,≤100
137990456269928,Ole Jakobsen - den utraditionelle,Ole Jakobsen,≤100
646746285466931,Nye Borgerlige,Nye Borgerlige,≤100
106886008104919,Benedikte Kiær,Benedikte Kiær,≤100
104080038702172,Emil Ulrik Andersen,Enhedslisten Allerød,≤100
100422305494764,PostulatPosten,PostulatPosten,≤100
703543806324512,Vi-partiet,Larsen Thomas,≤100
107575374711850,SAGA DK,Saga,≤100
138113890396,Det Kriminalpræventive Råd,Det Kriminalpræventive Råd,≤100
129940943738051,Odense ser Rødt,Odense ser Rødt,≤100
109414032429267,ZEISS Group,These ads ran without a disclaimer,≤100
21506277966,Acronis,These ads ran without a disclaimer,≤100
294885907302040,AdResult - Vi skaber online resultater,AdResult ApS,≤100
796255540533364,Hanne Bjørn,Hanne Bjørn,≤100
824053654384765,Ringkøbing-Skjern Erhvervsråd,Ringkøbing-Skjern Erhvervsråd,≤100
135160493347668,HK Service Hovedstaden,Irina Frost,≤100
201993519815862,FrikirkeNet,FrikirkeNet,≤100
749938825140556,Nye Borgerlige Kalundborg,Jesper Høgedal,≤100
864373427248898,Dybbøl Banke Skansegården,Charles Ginnerskov,≤100
356590264357569,Palæstinaorientering,Ole Olsen,≤100
372025753616,PFA Brug Livet Fonden,PFA Brug Livet Fonden,≤100
102374815695721,Nordic Talks,Nordic Council of Ministers,≤100
77420716648,Energiselskabet Natur-Energi,Energiselskabet Natur-Energi,≤100
153640394698032,Roskilde Kommune,Roskilde Kommune,≤100
336333896418452,Assens Kommune,Assens Kommune,≤100
105395776177313,Folkebladet Lemvig,Folkebladet Lemvig,≤100
635283260257377,Süleyman Yücel - Venstre,Süleyman Yücel,≤100
104877488982288,SLB,These ads ran without a disclaimer,≤100
699219540234166,Villa Cozzano,These ads ran without a disclaimer,≤100
63044235866,UN Climate Change,UN Climate Change with Facebook Ad Credits,≤100