﻿Page ID,Page name,Disclaimer,Amount spent (EUR),Number of ads in Library
901697383231864,Contas Connosco,Contas Connosco,206,1
197936253581591,Fundação Francisco Manuel dos Santos,Fundação Francisco Manuel dos Santos,198,38
412322482264070,Nespresso,Nespresso,196,1
347829038571812,Aldeias de Crianças SOS Portugal,Aldeias de Crianças SOS Portugal,≤100,27
170555122972051,Parlamento Europeu - Gabinete em Portugal,Parlamento Europeu - Gabinete em Portugal,≤100,2
159334620789984,Centro PINUS,Centro PINUS,≤100,1
122344957784863,Amnistia Internacional Portugal,Amnistia Internacional Portugal,≤100,56
100956195462445,ENTR pt,RTP,≤100,1
325947881481785,Mais Cofidis,Mais Cofidis,≤100,1
113387386723680,Pensa Positivo,Movimento Pensa Positivo,≤100,4
123051634390412,Partido Social Democrata,Partido Social Democrata,≤100,4
170400489279,Representação da Comissão Europeia em Portugal,Representação da Comissão Europeia em Portugal,≤100,3
480077632487005,Daikin Portugal,Daikin Portugal S.A.,≤100,1
465037940309824,ESC Online,These ads ran without a disclaimer,≤100,1
163880252839,Deco Proteste,Deco Proteste,≤100,3
587528135018441,Casa do Impacto,Santa Casa da Misericórdia de Lisboa,≤100,2
113309632023126,Sindicato Independente dos Médicos,Sindicato Independente dos Médicos,≤100,1
178362315106,European Parliament,European Parliament,≤100,7
63044235866,UN Climate Change,UN Climate Change with Facebook Ad Credits,≤100,4
339810463063059,Conflict Of Nations : World War 3,These ads ran without a disclaimer,≤100,1
1040873502644920,ZERO - Associação Sistema Terrestre Sustentável,ZERO,≤100,1
147547541961576,Council of the European Union,Council of the European Union,≤100,2
101769559210099,Portugal com ACNUR,Portugal com ACNUR,≤100,3
108136025206096,Nem Mais Uma Palmada,Nem mais uma palmada,≤100,10
120348252053,IMVF,IMVF - Instituto Marquês de Valle Flôr,≤100,2
204475619649483,Alerta Emprego,Alerta Emprego,≤100,2
604331369992722,Deputados do PCP no PE,Sandra Maria De Brito Pereira,≤100,6
101920814806371,Casa dos livros,Eduardo Monteiro,≤100,4
149499861903008,FactorENERGIA,These ads ran without a disclaimer,≤100,1
118490308554579,Partido Socialista Vieira do Minho,Pedro Miguel De Araújo Pires,≤100,1
237788012918675,Seiva Trupe Teatro Vivo,These ads ran without a disclaimer,≤100,1
238855579966,Lua de Papel,Leya,≤100,1
547416192008858,IDL - Instituto Amaro da Costa,IDL,≤100,2
706144582783217,PSD Santo Tirso,PSD Santo Tirso,≤100,1
158714780827513,UNFPA,UNFPA,≤100,1
371358802881568,Freguesia de Aradas,Freguesia de Aradas,≤100,1
166220000072022,Carlos Eduardo Reis,Carlos Eduardo Reis,≤100,2
162224703842642,Cristóvão Norte,Cristóvão Duarte Nunes Guerreiro Norte,≤100,3
481847405755917,Teva Portugal,Teva Portugal,≤100,1
121315743153,Município da Moita,Câmara Municipal da Moita,≤100,1
568907226542263,PS Sines,PS Sines,≤100,2
907790056238712,DepilConcept Oeiras,Henrique Dornelles Scholz,≤100,1
118637541499395,PS Barreiro,André Batista,≤100,1
105596311679101,Suzana Garcia - Amadora,Tiago Joaquim Da Cruz Fernandes,≤100,6
101757374570546,Gerbase.,These ads ran without a disclaimer,≤100,2
119814981366887,Câmara Municipal do Funchal,Pedro Miguel Amaro De Bettencourt Calado,≤100,1
110920243943820,DECO Associação,DECO - Associação Portuguesa para a Defesa do Consumidor,≤100,2
115415594383277,FUTURO,Futuro,≤100,2
379164516056449,Terra Macau,Biosani,≤100,1
334684547172876,Olhares de Carnaxide e Queijas,Olhares de Lisboa,≤100,1
666367330092399,PS Palmela,Pedro Gonçalo da Ponte Marques Taleço,≤100,1
101429031461126,Iniciativa Liberal - Açores,Iniciativa Liberal - Açores,≤100,6
218365331532373,Valormed,These ads ran without a disclaimer,≤100,1
568028987050017,Livros com História,Cátia Inês Fernandes,≤100,1
331965446932156,HORIZON: the EU Research & Innovation magazine,These ads ran without a disclaimer,≤100,1
1679941725639117,Madalena Sá Fernandes,These ads ran without a disclaimer,≤100,1
1890768930985088,Pólen,These ads ran without a disclaimer,≤100,1
434438863316803,RFI Português,These ads ran without a disclaimer,≤100,1
101715608808670,Judgment Day: Angel of God,These ads ran without a disclaimer,≤100,1
475778355919914,Simbaly,These ads ran without a disclaimer,≤100,1
112757083778788,"Economic Daily, China",These ads ran without a disclaimer,≤100,1
2174517772657414,A21 Middle East News,These ads ran without a disclaimer,≤100,1
155719701116003,Think PR,These ads ran without a disclaimer,≤100,1
110919974897108,SH,These ads ran without a disclaimer,≤100,1
103360175722656,Giovanna Vial,These ads ran without a disclaimer,≤100,1
1899063530141063,Claudio Bonel,These ads ran without a disclaimer,≤100,1
113367644277178,Global Encryption Day,These ads ran without a disclaimer,≤100,1
21506277966,Acronis,These ads ran without a disclaimer,≤100,1
285530825204,Klitschko,These ads ran without a disclaimer,≤100,3