﻿Page ID,Page name,Disclaimer,Amount spent (QAR)
305351836213206,National Human Rights Committee,National Human Rights Committee,147
100827866372949,Penarikan Uang Ajaib,These ads ran without a disclaimer,≤100
101172989643058,Mama Kalisa,These ads ran without a disclaimer,≤100
474588795895313,Getafe C.F.,These ads ran without a disclaimer,≤100
135573643275819,HOMAG,These ads ran without a disclaimer,≤100
109569663928564,Stay with Prabowo,These ads ran without a disclaimer,≤100
102527242033480,vonmerkava,These ads ran without a disclaimer,≤100
457523737635438,International Hospital Federation,These ads ran without a disclaimer,≤100
175590267993,Al Majalla,These ads ran without a disclaimer,≤100
28312410177,World Food Programme,These ads ran without a disclaimer,≤100
109509391791171,Strange News,These ads ran without a disclaimer,≤100
103874242354782,Mayra Katarina Barck,These ads ran without a disclaimer,≤100
102207552798601,Youth clicks,These ads ran without a disclaimer,≤100