﻿Page ID,Page name,Disclaimer,Amount spent (VEF)
564188034075673,Roberto Enriquez,an advertiser in Venezuela,3547484
155439457852149,Henrique Capriles Radonski,an advertiser in Venezuela,1000000
371319006838525,Juan Soto,These ads ran without a disclaimer,500000
106842858489193,Cooking Center - Restaurant Game,These ads ran without a disclaimer,≤100
1517088885216557,AIG,These ads ran without a disclaimer,≤100
103393035778315,Alotofstylewe.com,These ads ran without a disclaimer,≤100
106148639105580,,These ads ran without a disclaimer,≤100
101375582509907,Juan Barahona,These ads ran without a disclaimer,≤100
117867074608632,Shorts Amazine,These ads ran without a disclaimer,≤100
152914224736727,Banco Mundial,These ads ran without a disclaimer,≤100
103420486409595,SAMBITO,These ads ran without a disclaimer,≤100
106291508952013,Amigos de Palestina,These ads ran without a disclaimer,≤100