﻿Page ID,Page name,Disclaimer,Amount spent (VEF)
155439457852149,Henrique Capriles Radonski,an advertiser in Venezuela,1000000
564188034075673,Roberto Enriquez,an advertiser in Venezuela,750000
152914224736727,Banco Mundial,These ads ran without a disclaimer,≤100
103420486409595,SAMBITO,These ads ran without a disclaimer,≤100
101375582509907,Juan Barahona,These ads ran without a disclaimer,≤100
106148639105580,,These ads ran without a disclaimer,≤100
1517088885216557,AIG,These ads ran without a disclaimer,≤100
106291508952013,Amigos de Palestina,These ads ran without a disclaimer,≤100
121920741157559,Real Valladolid C.F. S.A.D,These ads ran without a disclaimer,≤100
117867074608632,Shorts Amazine,These ads ran without a disclaimer,≤100