﻿Page ID,Page name,Disclaimer,Amount spent (EUR)
105958751249374,Energia naturalis,Energia naturalis d.o.o.,≤100
688325737947866,Telegram.hr,Telegram Media Grupa,≤100
122074554119,EU Social,EU Social,≤100
1781165065440754,N1 Hrvatska,N1 Hrvatska,≤100
210627425725812,Studentski.hr,Studentski.hr,≤100
178362315106,European Parliament,European Parliament,≤100
111421992219589,Dnevno.hr,Motus media d.o.o.,≤100
1064762700374086,Možemo - politička platforma,Možemo - politička platforma,≤100
106928174232844,Domovinski pokret,Domovinski pokret,≤100
103518083049370,NajboljaMamaNaSvetu.com,NajboljaMamaNaSvetu.com,≤100
414256031978639,Studio - Sve se može - Jastrebarsko,Studio - Sve se može - Jastrebarsko,≤100
122332567514580,Energycom,Energycom d.o.o.,≤100
603906399629215,Državni zavod za statistiku,Državni zavod za statistiku,≤100
382245251836544,Hrvatska gospodarska komora,Hrvatska gospodarska komora,≤100
1774798116169873,Marijan Pavliček,Hrvatski suverenisti,≤100
1580671625481423,Lonci&poklopci by Bajde,These ads ran without a disclaimer,≤100
326373464600,Liberali - HSLS,Liberali - HSLS,≤100
103109658103084,Karolina Vidović Krišto,Karolina Vidović Krišto,≤100
1747126668848581,Veljko Kajtazi,Veljko Kajtazi,≤100
129634970518,SDP Hrvatske,SDP Hrvatske,≤100
272201060331942,Karlo Ressler,Karlo Ressler,≤100
123726393536,MojPosao,MojPosao,≤100
426737060720348,Mladež HDZ,HDZ - Hrvatska demokratska zajednica,≤100
107861655950370,Index.hr,These ads ran without a disclaimer,≤100
109412750700163,Slavonija.in,Slavonija.in,≤100
144709575593854,EESC - European Economic and Social Committee,EESC - European Economic and Social Committee,≤100
135611546456409,Gong,Gong,≤100
1524093761198048,Anka Mrak - Taritaš,GLAS Građansko-liberalni savez,≤100
410274919036976,Vigilare,Vigilare,≤100
102409151592858,ZGRADOnačelnik.hr,Zgradonačelnik.hr,≤100
638604229648184,Ivan Anušić,Ivan Anušić,≤100
223612895080539,Fokus na Međimurje,FOKUS,≤100
235319525101705,Genius by InterCapital,InterCapital Asset Management,≤100
728752340593692,"Savez Roma u RH ""KALI SARA""","SRRH ""KALI SARA""",≤100
131261210289195,Demofest,These ads ran without a disclaimer,≤100
102198203158768,AgroKlub.com,Agroklub d.o.o.,≤100
393274794177860,Slobodni Filozofski,Slobodni Filozofski,≤100
427787940590188,Радио Китай,These ads ran without a disclaimer,≤100
433059373431367,Titan Constructa,These ads ran without a disclaimer,≤100