﻿Page ID,Page name,Disclaimer,Amount spent (USD),Number of ads in Library
108048218871996,Média Afrique News,These ads ran without a disclaimer,≤100,1
106220841863212,Roméo - le caméléon,These ads ran without a disclaimer,≤100,1
155174084508744,Banque mondiale,These ads ran without a disclaimer,≤100,1
103393035778315,Alotofstylewe.com,These ads ran without a disclaimer,≤100,2
31292782350,Deutschland.de,These ads ran without a disclaimer,≤100,1
111679394767549,المشروع القومي لمشتقات البلازما,These ads ran without a disclaimer,≤100,1
204426449574330,CNN Africa,These ads ran without a disclaimer,≤100,1
315603771494,Milaap,These ads ran without a disclaimer,≤100,1