﻿Page ID,Page name,Disclaimer,Amount spent (THB)
104427797605274,ดร.เฉลิมชัย ศรีอ่อน รัฐมนตรีว่าการกระทรวงเกษตรและสหกรณ์,ดร.เฉลิมชัย ศรีอ่อน รัฐมนตรีว่าการกระทรวงเกษตรและสหกรณ์,≤100
102807719039442,พรรครวมไทยสร้างชาติ United Thai Nation Party,พรรครวมไทยสร้างชาติ United Thai Nation Party,≤100
112073738279329,สิงโต - ศักดิ์สิทธิ์ ขาวทอง,สิงโต - ศักดิ์สิทธิ์ ขาวทอง,≤100
157659344260788,จุรินทร์ ลักษณวิศิษฏ์ Aoodda,Jurin Laksanawisit,≤100
115922723434700,ครูเจพีสรุปย่อ for Teacher,ครูเจพีสรุปย่อ for Teacher,≤100
105347558390671,นริสสร แสงแก้ว,Attaporn Pohkaew,≤100
108515294626891,สอบข้าราชการท้องถิ่น By Thurakan,Chiraphorn Thuree,≤100
216147078543372,สำนักงานคณะกรรมการการเลือกตั้ง,สำนักงานคณะกรรมการการเลือกตั้ง,≤100
296508406790,"Democrat Party, Thailand พรรคประชาธิปัตย์","Democrat Party, Thailand พรรคประชาธิปัตย์",≤100
190923294988741,สอบครูผู้ช่วยนะ,สอบครูผู้ช่วยนะ,≤100
1105604039583762,Line One สว.นท. ขอเชิญส่งประวัติ ส่วนตัว องค์กร เพื่อเข้ารับรางวัลประจำปี,Suksan Booran,≤100
204016840519336,ศ.ดร.นฤมล ภิญโญสินวัฒน์,ศ.ดร.นฤมล ภิญโญสินวัฒน์,≤100
113001706909463,สส.เป้ นภาพร เพ็ชร์จินดา Dr.Napaporn Petchinda,สส.เป้ นภาพร เพ็ชร์จินดา Dr.Napaporn Petchinda,≤100
102530815945359,ชูชีพ ตรีโภคา,Areeya Namdokmai,≤100
100530401779420,พรรคไทยภักดี,พรรคไทยภักดี,≤100
103093255305223,Be Worth Shop,Sureerat Mankannan,≤100
177948972256358,เอกนัฏ พร้อมพันธุ์ (ขิง),Chonticha Mahachai,≤100
114914794432449,กฎหมายใช้สอบราชการ by Æ+,กฎหมายใช้สอบราชการ by Æ+,≤100
622674297897819,Screenshirt2020,Screenshirt2020,≤100
112706641077875,สจ.ดนุภัทร์ เชียงชุม,สจ.ดนุภัทร์ เชียงชุม,≤100
107612328588715,The Voters,สันติสุข กาญจนประกร,≤100
1635406246730420,วรงค์ เดชกิจวิกรม - Warong Dechgitvigrom,วรงค์ เดชกิจวิกรม - Warong Dechgitvigrom,≤100
972019486321939,บู้ จเด็ศ จันทรา,จเด็ด จันทรา,≤100
103668907891539,การเมือง Kanmuang,การเมือง Kanmuang,≤100
382919255904188,สภานักเรียน โรงเรียนพานทอง - Phanthong School Students Council,These ads ran without a disclaimer,≤100
106561034744198,ลอรี่ - พงศ์พล ยอดเมืองเจริญ,ลอรี่ - พงศ์พล ยอดเมืองเจริญ,≤100
100243932294555,ส.จ.ยิ่งใหญ่ กองทอง,จักรพันธุ์ คำเบ้าเมือง,≤100
100545119426784,พีระพันธุ์ FC,Bunsong Rodyo,≤100
111341764925564,สำนักสนับสนุนการพัฒนาระบบสุขภาพ - สำนัก 7 สสส.,สำนักสนับสนุนการพัฒนาระบบสุขภาพ - สำนัก 7 สสส.,≤100
101391206118142,อุ๋งอิ๋ง - ปานรดา ปัณณธรวรเมธ - Panrada pannathonworameth,Panrada Pannathornworameth,≤100
2263098807292933,ทนายศฤงคาร  ข่ายสุวรรณ์,Saringkan Khaisuwon,≤100
110144991464196,กรอบลอยไวนิล แคนวาส บอร์ดไดคัท 99 บาท มีเก็บปลายทาง,Sakawtip Utha,≤100
106013405453487,"""นายกโต้ง"" นายนพพร อุสิทธิ์ นายก อบจ.ชุมพร","""นายกโต้ง"" นายนพพร อุสิทธิ์ นายก อบจ.ชุมพร",≤100
100240152175449,ป้าโส FC by Tacina,Dunyawat  Bamrungchan,≤100
152665702176493,Ringsideการเมือง,Ringsideการเมือง,≤100
110263854646061,กฤตทัศชญา ดิษฐเนตร,กฤตทัศชญา ดิษฐเนตร,≤100