﻿Page ID,Page name,Disclaimer,Amount spent (EGP),Number of ads in Library
145505648808327,Resala Charity Organization - جمعية رسالة للاعمال الخيرية,Mohamed Al Ayyat,24099,5
384511478794856,Thndr ثاندر,These ads ran without a disclaimer,11708,5
145505648808327,Resala Charity Organization - جمعية رسالة للاعمال الخيرية,Resala Charity Organization - جمعية رسالة للاعمال الخيرية,7218,2
798673866859390,ETC TV,ETC TV,5005,60
101516486048536,CDIS - Egypt Cybersecurity & Data Intelligence Systems Conference & Expo,CDIS Cybersecurity and Data Intelligence Conference and Expo,1311,5
104119962338191,محمد عبد السلام الديب,محمد عبد السلام الديب,1123,3
181524565276709,الهلال الأحمر المصري - Egyptian Red Crescent,الهلال الأحمر المصري - Egyptian Red Crescent,744,3
100835565731657,Ahmed Amin Massoud - أحمد أمين مسعود,Ahmed Amin Massoud - أحمد أمين مسعود,724,2
233233270143257,Mohamed Fouda,Mohamed Fouda,523,5
273900239400893,نقابة المحامين المصرية,نقابة المحامين المصرية,516,4
354968941204659,الدكتور أيمن أبو العلا عضو مجلس النواب,الدكتور أيمن أبو العلا عضو مجلس النواب,484,10
103571604973098,هشام حسين - Hesham Hussein,هشام حسين - Hesham Hussein,451,5
110877857406073,المهندس حسام لبن,المهندس حسام لبن,420,4
192320965049184,الإعلامية نيفين منصور,Nivine Mansour,378,4
101009088774421,حزب حماة الوطن,حزب حماة الوطن,376,2
595025640685644,النائبة شيرين عبد العزيز - Sherin abdelaziz,النائبة شيرين عبد العزيز - Sherin abdelaziz,352,2
340577086006224,CRI German,These ads ran without a disclaimer,329,2
106719921012688,Ahmed Bahaa Shalaby-أحمد بهاء شلبي,Integrated Marketing Communications For Media.IMC,321,10
104290582016222,Food today,Food today,308,1
113101433777546,Essam Diab - عصام دياب,Mahmoud Mostafa Ghorab,282,3
166420296805460,حزب المحافظين,حزب المحافظين,272,3
176956519017843,الحزب المصري الديمقراطي الاجتماعي,Mona Shammakh,261,6
367290327457959,MP/Abdelsalam Elkhadrawy - عبدالسلام الخضراوي,MP/Abdelsalam Elkhadrawy - عبدالسلام الخضراوي,241,2
535371883202755,Freddy Elbaiady  صفحة فريدي البياضي,Freddy Elbaiady  صفحة فريدي البياضي,239,3
101361307958442,Mohamad ElGarhy,محمد السيد عبد الستار,236,3
104498482361244,شفرة الحقيقة - Eslam Elbahrawy,إسلام البحراوي,222,2
102117062841057,الصفحه الرسميه للنائبه الدكتوره حنان عمار,Omar Abdelaziz,221,1
101586878327765,Hassanein Tawfiq - حسانين توفيق,Hassanein Tawfiq - حسانين توفيق,208,6
532134937722830,النائبة أميرة بهاء الدين أبو شقة,Gehad Ali,201,1
102752291431181,المهندس حازم الجندي - Hazem ElGendy,المهندس حازم الجندي - Hazem ElGendy,190,2
103644489202917,AlMohandes Constructions,These ads ran without a disclaimer,172,2
121502487925668,د/ محمد الجندي - Mohamed Elgendy,د/ محمد الجندي - Mohamed Elgendy,171,1
110734497396339,محمود سامي - 𝐌𝐚𝐡𝐦𝐨𝐮𝐝 𝐒𝐚𝐦𝐲,Mahmoud Samy,164,1
110576720422305,Akram Ebrahem,Akram Ebrahem,164,2
103745798627292,المستشار ماهر ميلاد اسكندر,المستشار ماهر ميلاد اسكندر,153,2
111393504057042,د/ مها عبد الناصر,د/ مها عبد الناصر,149,1
1424610401122573,هاني العتال - Hany Alattal,محمد السيد عبد الستار,135,1
117690156743688,النائب حافظ عمران,Shôükrý Ömrãñ,128,2
255364564480829,Abdelmonem Emam -  عبد المنعم إمام,Abdelmonem Emam -  عبد المنعم إمام,117,2
103342432124287,Abdullah Mahmoud Elrefaey,Abdullah Elrefaey,117,1
118992379972310,Fatmah Selim - فاطمة سليم,Fatmah Selim - فاطمة سليم,114,2
1579361805610086,أحمد بلال البرلسي - عضو مجلس النواب المصري,أحمد بلال البرلسي - عضو مجلس النواب المصري,112,1
105872082337085,النائب أحمد عبدالجواد,ابراهيم احمد ابراهيم محمد,112,1
1994786354105727,النائب أحمد فرغلى,احمد فرغلى,108,1
308088503057656,النائب محمود عصام,النائب محمود عصام,107,4
1934139156895621,د.خالد قنديل Dr.Khaled Kandel,Basel Noufal,101,1
1916894871881712,يونس عبدالرازق - Younes abdelrazek,يونس عبدالرازق - Younes abdelrazek,≤100,1
100330775177251,النائب سامي سليم - الصفحة الرسمية,Mahmoud M. Rashwan,≤100,1
117197414641940,أحمد سمير - الصفحــة الرسمية,These ads ran without a disclaimer,≤100,1
142329112477770,البنك الدولي,These ads ran without a disclaimer,≤100,1
111086937788265,موقع تحيا مصر - Tahiamasr News,موقع تحيا مصر - Tahiamasr News,≤100,1
109366127595756,Ahmed dandash    الصفحه الرسميه للدكتور احمد دندش عضو مجلس النواب,Ahmed dandash    الصفحه الرسميه للدكتور احمد دندش عضو مجلس النواب,≤100,1
103291013528894,Dr.Mokhtar Gomaa,Ahmed Zaatar,≤100,2
1012904038778488,سامح فتحي حبيب,سامح فتحي حبيب,≤100,1
106586485351141,صفحة النائب اشرف الشبراوي ابو العلا,Elsayed Mohamed Ali,≤100,1
200480966638039,Supremacy 1914,These ads ran without a disclaimer,≤100,1
100596279260535,doniaamohamedd__,These ads ran without a disclaimer,≤100,1
112884131660592,أسامة جاويش-Osama Gaweesh,These ads ran without a disclaimer,≤100,1
115624390565599,جمعية مصر والحضارات والسلام,Abtsam F. Abdalla,≤100,1
114656270386906,النائب الصافي عبد العال الصغير,النائب الصافي عبد العال الصغير,≤100,2
2298420967037841,النائب محمد عزت عرفات,فاضل ابراهيم,≤100,1
327466307448314,محمد اسماعيل الشريف,محمد  الشريف,≤100,1
678347099018206,بتوقيت النجع,اسلام نبيل احمد,≤100,3
118932207798163,Rehab Eltehewy - رحاب التحيوي,Rehab Eltehewy - رحاب التحيوي,≤100,2
104198795953934,أصدقاء مرضى الأورام بالشرقية,Mohamed Basher,≤100,2
108927510969680,الصفحة الرسمية للنائبة د. صبورة السيد,الصفحة الرسمية للنائبة د. صبورة السيد,≤100,4
208371683037269,NBCU Catalyst,These ads ran without a disclaimer,≤100,2
103204975886755,البديوي السيد - الصفحة الرسمية,Mohamed Elbedewy,≤100,1
104864037834748,المستشار شعبان رأفت عبداللطيف,Mohamed Helmy,≤100,1
105096455624550,Tamer abdelhamid - تامر عبد الحميد,Tamer abdelhamid - تامر عبد الحميد,≤100,1
112161944845807,Nevein Basiouny,Muhammad Nash'at,≤100,1
100120566230975,دوائر,معتز عادل,≤100,1
103610138594205,مسجد ودار مناسبات أبو شُقة,مسجد ودار مناسبات أبو شُقة,≤100,1
666470146818916,مؤسسة جبر القلوب,Mohamed Elsafty,≤100,1
107096734501088,النائبة منى عمر عضو مجلس النواب,Shymaa Adel,≤100,1
1580777865479495,الصفحة الرسمية للعميد علاء خيرالله - عضو مجلس النواب,Mohamed Rashad Khirallah,≤100,2
103551715581032,Abdallah Ramadan -عبدالله رمضان,معتز عادل,≤100,2
107096734501088,النائبة منى عمر عضو مجلس النواب,النائبة منى عمر عضو مجلس النواب,≤100,1
103086629281243,محمد الشنراوي,محمد الشنراوي,≤100,1
380937009024559,Kashqol كشكول التعليمى,Kareem Ahmed Abdul Ghani,≤100,1
109093158038193,Mohamed El Manzalawi - محمد المنزلاوي,Mohamed El Manzalawi - محمد المنزلاوي,≤100,1
100260044903448,دعاء عريبي,دعاء عريبي,≤100,2
156466741102918,Monty Mobile,These ads ran without a disclaimer,≤100,2
500259383489171,Guidable,These ads ran without a disclaimer,≤100,1
103659765532260,華夏focus,These ads ran without a disclaimer,≤100,1
102267742254530,babz747,These ads ran without a disclaimer,≤100,1
188872144758,CCTV,These ads ran without a disclaimer,≤100,1
109926928389181,Gabriel Nunes,These ads ran without a disclaimer,≤100,3
100374392742057,Weregreenly- Magazine,These ads ran without a disclaimer,≤100,4
479653188804784,HRH Prince Ebrahim,These ads ran without a disclaimer,≤100,1