﻿Page ID,Page name,Disclaimer,Amount spent (TND)
109910262068380,Tunisia Live,These ads ran without a disclaimer,≤100
103462796018503,نهضة تونس,These ads ran without a disclaimer,≤100
106867241452343,المكتب الإعلامي لرئيس حكومة الوحدة الوطنية,These ads ran without a disclaimer,≤100
142329112477770,البنك الدولي,These ads ran without a disclaimer,≤100
106157461342918,Faisal M Aldhafeeri,These ads ran without a disclaimer,≤100
121027706313,GlobalSpec,These ads ran without a disclaimer,≤100