﻿Page ID,Page name,Disclaimer,Amount spent (CAD)
103223222015913,Nowly,nowly,≤100
925033857594085,SureHealth Canada by GreenShield,SureHealth,≤100
303473312998028,FedEx,FedEx,≤100
115835521825983,UNHCR Canada,UNHCR Canada,≤100
118040041222760,Juan Luis Garrido,Juan Luis Garrido,≤100
103805636333615,Quality Canadian Milk - Lait canadien de qualité,Quality Canadian Milk - Lait canadien de qualité,≤100
281999881613,World Vision Canada,World Vision Canada,≤100
1097840090260804,National Police Federation,National Police Federation,≤100
27234020592,UNICEF Canada,UNICEF Canada,≤100
1344251769044889,BC Rental Project,BC Rental Project,≤100
107385241806,Plan International Canada,Plan International Canada,≤100
168106993245736,Canada Post,Canada Post,≤100
267023623933372,Endangered Ecosystems Alliance,Endangered Ecosystems Alliance,≤100
6319213302,Heart & Stroke,Heart & Stroke,≤100
106764462731658,Honest Reporting Canada,Honest Reporting Canada,≤100
254985577276,Humanitarian Coalition/ Coalition Humanitaire,Humanitarian Coalition/ Coalition Humanitaire,≤100
5661704203,Conservative Party of Canada - Parti conservateur du Canada,Conservative Party of Canada - Parti conservateur du Canada,≤100
107424984239,Société pour la nature et les parcs - SNAP Québec,Société pour la nature et les parcs - SNAP Québec,≤100
261752512263,Canadian Red Cross,Canadian Red Cross,≤100
118314421234127,Manitoba Watch 2023,Canada Growth Council,≤100
13647781428,Youth Challenge International,Youth Challenge International,≤100
1589839557920915,National Disability Credit Alliance,National Disability Credit Alliance,≤100
152467601467262,BMO Groupe financier,BMO Groupe financier,≤100
268823146480333,Fondation INCA,INCA,≤100
35715544220,Stand.earth,Stand.earth,≤100
180862678644381,Ontario NDP,Ontario NDP,≤100
121222984568561,Amnesty International Canada,Amnesty International Canada,≤100
123235041462,The Fraser Institute,Fraser Institute,≤100
114849617772737,Care2 Canada,Press Pause Collective,≤100
112183950454035,Feminine Riles,Feminine Riles,≤100
154462904588700,Enbridge Gas,Enbridge Gas,≤100
19750184960,Greenpeace Canada,Greenpeace Canada,≤100
796418163759235,GreenPAC,GreenPAC,≤100
100999094747422,Land Needs Guardians,Land Needs Guardians,≤100
5794733873,David Suzuki Foundation,David Suzuki Foundation,≤100
1662424300678700,Montreal Economic Institute,Montreal Economic Institute,≤100
104321259649840,CATIE,CATIE,≤100
605582973434788,Doctors Without Borders/Medecins Sans Frontieres (MSF),Doctors Without Borders/Médecins Sans Frontières (MSF) Canada,≤100
208067655942289,Postes Canada,Canada Post,≤100
148668741848610,JSpaceCanada,Press Pause Collective,≤100
171838976178751,Canadian Women's Foundation,Canadian Women's Foundation,≤100
268163004562,YWCA Metro Vancouver,YWCA Metro Vancouver,≤100
80851911931,Canadian Civil Liberties Association,Canadian Civil Liberties Association,≤100
105288666168351,SOS Children's Villages Canada,SOS Children's Villages Canada,≤100
6095483909,Canadian Taxpayers Federation,Canadian Taxpayers Federation,≤100
1477928762503223,Olivier Salvas Artiste,These ads ran without a disclaimer,≤100
10633250963,Save the Children Canada,Save the Children Canada,≤100
263417217038472,Forest Products Association of Canada,Forest Products Association of Canada,≤100
1538230646323033,SecondStreet.org,SecondStreet.org,≤100
101323822865821,Oak Tree Boutique,Oak Tree Boutique,≤100
114022907021688,Canadian Nurse,Canadian Nurse,≤100
7996548092,University of Victoria,University of Victoria,≤100
169042736456594,All Out,ConnectAd,≤100
121425476395384,Nova Royalty,Nova Royalty,≤100
805808119570258,Infinite Oceans,Infinite Oceans,≤100
24235835555,Kids Help Phone,Kids Help Phone,≤100
139019864276,Oxfam Canada,Oxfam Canada,≤100
106265291831309,Unite for Change,Unite for Change,≤100
112640875074031,Mediaplanet Stories Canada,Mediaplanet Stories Canada,≤100
376006035816016,Storyworth,These ads ran without a disclaimer,≤100