﻿Page ID,Page name,Disclaimer,Amount spent (VEF),Number of ads in Library
636083079869147,COPEI Legítimo ODCA,an advertiser in Venezuela,31000000,1
329454973810761,Elias Sayegh,These ads ran without a disclaimer,10750000,1
102909028767557,Nabil Maalouf,an advertiser in Venezuela,1500000,1
111996834835351,Polianaliticave,an advertiser in Venezuela,1250000,2
342910153967,Upata al Día TV,an advertiser in Venezuela,250000,1
105971132265220,Luis Fernando Guerra O,an advertiser in Venezuela,250000,1
663806527330788,A Simple Vista,These ads ran without a disclaimer,250000,1
103902772675099,Paola Noboa,These ads ran without a disclaimer,≤100,4
100374392742057,Weregreenly- Magazine,These ads ran without a disclaimer,≤100,1
343786409509707,The East Gate,These ads ran without a disclaimer,≤100,1
1067862503344056,University of Aberdeen - School of Biological Sciences,These ads ran without a disclaimer,≤100,1
101404409466744,Belnestore Sustentable,These ads ran without a disclaimer,≤100,1
1473321922884514,Chińskie Radio Międzynarodowe,These ads ran without a disclaimer,≤100,1
984203991753488,Research Outreach,These ads ran without a disclaimer,≤100,1
105962808801596,IZZY - Stream Israel,These ads ran without a disclaimer,≤100,1
103659765532260,華夏focus,These ads ran without a disclaimer,≤100,1
200480966638039,Supremacy 1914,These ads ran without a disclaimer,≤100,2
100175019675499,Yo Soy Romy Ortiz,These ads ran without a disclaimer,≤100,1
103650431549913,Diana Gonzalez Realtor,These ads ran without a disclaimer,≤100,1
31292782350,Deutschland.de,These ads ran without a disclaimer,≤100,1
106521037944872,actitudhelloworld,These ads ran without a disclaimer,≤100,1
79511407410,Mercedes-AMG Petronas F1 Team,These ads ran without a disclaimer,≤100,1
106931698352366,Materials MDPI,These ads ran without a disclaimer,≤100,1