﻿Page ID,Page name,Disclaimer,Amount spent (USD)
190806644264657,AjyaL Radio Network-ARN,These ads ran without a disclaimer,≤100
68793499001,UNICEF,These ads ran without a disclaimer,≤100
985246578276059,هشام صفر Hichem Sifer,هشام صفر Hichem Sifer,≤100
338109312883186,China Xinhua News,These ads ran without a disclaimer,≤100
995765983772115,Dzair Tube,Dzair Tube,≤100
117320791245731,Shortcut to Success,These ads ran without a disclaimer,≤100
102282304519788,Awalan.com,These ads ran without a disclaimer,≤100
1652954831678038,رأي عام مع عمرو عبدالحميد,These ads ran without a disclaimer,≤100
112675286764083,Aggregates Business,These ads ran without a disclaimer,≤100
106939568912948,Effet Auto-développement,These ads ran without a disclaimer,≤100
104140320927199,قناة الإنتصار TV,قناة الإنتصار TV,≤100