﻿Page ID,Page name,Disclaimer,Amount spent (USD),Number of ads in Library
108625789179165,Soi Dog Foundation,These ads ran without a disclaimer,≤100,1
368119983327926,العربي الجديد,These ads ran without a disclaimer,≤100,1
395997657147730,صحيفة الشعب اليومية أونلاين بالعربية,These ads ran without a disclaimer,≤100,1
115591005188475,Global Times,These ads ran without a disclaimer,≤100,1
105085411518160,Albert Hilaire Anoubon Momo,These ads ran without a disclaimer,≤100,1