﻿Page ID,Page name,Disclaimer,Amount spent (EUR)
107633972588243,Milo Đukanović,DPS Crne Gore,≤100
100672909484442,Jakov Milatović,Jakov Milatovic,≤100
102730115711909,Pokret Evropa sad,Pokret Evropa sad,≤100
313006358903165,Građanski pokret URA,Građanski pokret URA,≤100
252814308920994,Digital Forensic Center - DFC,Digital Forensic Center,≤100
58776108439,Socijaldemokratska partija Crne Gore - SDP,Socijaldemokratska partija Crne Gore - SDP,≤100
236694586475080,Standard,Standard,≤100
139420946128519,Centar za demokratsku tranziciju - CDT,Centar za demokratsku tranziciju - CDT,≤100
211681129037635,Portal Analitika,Portal Analitika,≤100
103656618479791,SNP CG - Socijalistička narodna partija Crne Gore,Marija Radinović,≤100
103645778920740,Portal Dnevno,Portal Dnevno,≤100
100312752986062,Nikola Đurašković,Nikola Đurašković,≤100
819639921464707,Socijaldemokrate Crne Gore,Socijaldemokrate Crne Gore,≤100
106620772324031,Vladimir Martinović,Vladimir Martinovic,≤100
154923374536050,LKAB,These ads ran without a disclaimer,≤100