﻿Page ID,Page name,Disclaimer,Amount spent (USD)
104835755774891,ගොඩයමු - Godayamu,The Godayamu Collective,≤100
108201647992410,Hasith Gunasekara  - හසිත් ගුණසේකර,Hasith Gunasekara,≤100
866548500382327,Dr. Buddika Adikari,Buddika Adikari,≤100
107384742126815,DVA For Animal Welfare Bill Sri Lanka,Dharma Voices for Animals,≤100
112268020402998,Fazlan Farook - பஸ்லான் பாறூக்,Mohammed Fazy Mohammed Farook,≤100
1974019439531734,Daily topics LK,Subash Rathnayake,≤100
615715978614911,Shiraz Yoonus,Shiraz Yoonus,≤100
1455075774809484,Hashtag Generation,Hashtag Generation,≤100
188765731170141,LMD,LMD,≤100
423959844449548,Naseer Ahamed,Naseer Ahamed,≤100
107341371550141,Arogya Herbal,Arogya Herbal,≤100
100598174766675,Piyal Nishantha,Kukule Kankanamge Don Chanuka Jayaranjana Gunathilaka,≤100
160578147843,Metropolitan College,Mohammed Ismail Mohammed Ihzaz,≤100
102557421628605,Media Empowerment for a Democratic Sri Lanka - MEND,IREX MEND,≤100
858219587602508,March 12 Movement,Gihan Wickramasinghe,≤100
2092924957605425,Solis,These ads ran without a disclaimer,≤100
17043549797,MIT Technology Review,These ads ran without a disclaimer,≤100
113927481568775,Oshadhi Institute Ragama,These ads ran without a disclaimer,≤100
68916609029,Namal Rajapaksa,Namal Rajapaksa,≤100
19746387261,Humane Society International,These ads ran without a disclaimer,≤100
423670114403144,Trending in China,These ads ran without a disclaimer,≤100
105494315161744,talkdiplomacy,These ads ran without a disclaimer,≤100
195799657105195,SEGi University & Colleges,These ads ran without a disclaimer,≤100
351671375760473,The GCCA,These ads ran without a disclaimer,≤100
105229678117503,Koleoso Associates,These ads ran without a disclaimer,≤100