﻿Page ID,Page name,Disclaimer,Amount spent (USD)
543230525840908,Asianerial Advisory Int.,Asianerial Advisory Int.,≤100
648941691867874,Kroko ក្រគរ កែវ រតនៈ,Kroko ក្រគរ កែវ រតនៈ,≤100
101029751624330,គង់ សោភ័ណ្ឌ អភិបាលខេត្តកណ្តាល Kong Sophorn Governor of Kandal Province,គង់ សោភ័ណ្ឌ អភិបាលខេត្តកណ្តាល Kong Sophorn Governor of Kandal Province,≤100
117473362451544,Pheng Vannak News,Chy Yam,≤100
271082999713221,Cri ccfr,Cri ccfr,≤100
558050957660331,ព្រឹទ្ធសភាកម្ពុជា Senate of Cambodia,Kok Vay,≤100
102312105610965,Agrosolar Cambodia,Agrosolar Cambodia,≤100
106374614548737,ខេមបូចា ព័ត៌មាន,ខេមបូចា ព័ត៌មាន,≤100
1309741899186397,CamboJANews,CamboJANews,≤100
409568979238195,"Dr. Sok Prasith, Secretary of State Ministry of Information","Dr. Sok Prasith, Secretary of State Ministry of Information",≤100
2260430647540976,កម្ពុជា ៤.០ - Cambodia 4.0,Reun Daro,≤100
116704241030099,ក្រុមការងារចុះមូលដ្ឋានសង្កាត់បឹងសាឡាង,ក្រុមការងារចុះមូលដ្ឋានសង្កាត់បឹងសាឡាង,≤100
109918381911477,H.E Siek Socheat,H.E Siek Socheat,≤100
2060837704231394,ផែនព័ត៌មាន និងផ្សព្វផ្សាយ,These ads ran without a disclaimer,≤100
100136939277807,"Sean Borath,Ph.D","Sean Borath,Ph.D",≤100
109052158676987,Yourshop Cambodia,Yourshop Cambodia,≤100
106743048030651,ក្រុមការងារគណបក្សប្រជាជនកម្ពុជា ក្រុងបាត់ដំបង,Dyna Moeung,≤100
1995251780700007,បណ្ឌិត ងិន បាណាល់ - Dr. NGIN Banal,Dyna Moeung,≤100
1691081041182548,Cambonomist,Ren Rayut,≤100
1129900250496858,EBo_Bookstore,EBo_Bookstore,≤100
104781257784732,BRANDMEDIA,BRANDMEDIA,≤100
561034580603226,គីម រិទ្ធី - Kim Rithy,គីម រិទ្ធី - Kim Rithy,≤100
102465249460949,Nhoem Nhoeurn,Nhoem Nhoeurn,≤100