﻿Page ID,Page name,Disclaimer,Amount spent (EUR)
101519168409673,Dimitar Kovacevski,СДСМ,≤100
251107349152220,Горан Герасимовски,Goran Gerasimovski,≤100
100746718435265,Fatmir Bytyqi,Fatmir Bytyqi,≤100
248423295202678,Македонски институт за медиуми - МИМ / Macedonian Institute for Media - MIM,Македонски институт за медиуми - МИМ / Macedonian Institute for Media - MIM,≤100
100954761298205,frontline.mk,frontline.mk,≤100
148427235188637,СДСМ - Социјалдемократски сојуз на Македонија,СДСМ,≤100
1677572455714659,Јорго Огненовски,Jorgo Ognenovski,≤100
489378444428334,Brif.mk,Brif.mk,≤100
192483774872658,Демократи,Демократи,≤100
1431650310475334,Vlado Misajlovski,Vlado Misajlovski,≤100
102860779377395,Само кажувам,Само кажувам,≤100
216014178764093,Timco Mucunski,Timco Mucunski,≤100
324459714339171,Civil MK,Civil MK,≤100
255990845327431,Левица,Левица / E majta / Levica,≤100
1723716297849902,Ljupcho Nikolovski,Ljupcho Nikolovski,≤100
164829683652900,Faktor.mk,Faktor.mk,≤100
103789762224168,Xender emmanuel the  Internet Analyst,These ads ran without a disclaimer,≤100