﻿Page ID,Page name,Disclaimer,Amount spent (USD)
122258358636926,Sound of Freedom Movie,"Sound of Freedom, LLC",15999
113891694102,Energy Citizens,AMERICAN PETROLEUM INSTITUTE,3046
100364185463048,Angel Studios,"Angel Studios, Inc.",2949
124590333958971,Vote No in August: Protect One Person One Vote,One Person One Vote,2014
24330467048,Americans for Prosperity,AMERICANS FOR PROSPERITY,1450
100249953038234,Capital Access Alliance,Capital Access Alliance,1199
118152441212175,Digital Innovation for America,Digital Innovation for America,1169
116821227998416,Protect Women Ohio,Protect Women Ohio,1125
201248453800242,My Pay My Say,Mackinac Center for Public Policy,896
107483817554072,WorkMoney,WorkMoney,815
102915374460262,Shell USA,Shell,758
103875099042033,DailyWire+,The Daily Wire,740
172543389448479,Ohio AFL-CIO,Ohio AFL-CIO,667
6266829799,Sherrod Brown,FRIENDS OF SHERROD BROWN,640
12375354406,USO,United Service Organizations,616
11465191261,JPMorgan Chase & Co.,"JPMORGAN CHASE BANK, NA",525
314499212242,Pfizer,Pfizer Inc.,524
115541214900210,Ohio's Energy Future Coalition,Ohio's Energy Future Coalition,436
190400207672014,American Bankers Association,American Bankers Association,361
6165653060,AFSCME,AMERICAN FEDERATION OF STATE COUNTY & MUNICIPAL EMPLOYEES,350
385473284886474,Hillsdale College,Hillsdale College,349
147368882623027,Black Futures Lab,Black Futures Lab,336
145917588805718,Dr Jordan B Peterson,The Daily Wire,332
6514736316,Walden University,Walden University,312
92925746942,Judicial Watch,Judicial Watch,284
648704588651914,March On,March On,283
1589261434655726,Advocate Alliance Group,Advocate Alliance Group LLC,280
57259033959,AARP,AARP,261
203197030603239,8 Billion Trees,8 Billion Trees LLC,238
18982436812,ACLU,American Civil Liberties Union,237
1579877262318501,Ohio Federation of Teachers,Ohio Federation of Teachers,220
21492729544,Catholic Relief Services,CATHOLIC RELIEF SERVICES - UNITED STATES CONFERENCE OF CATHOLIC BISHOPS,211
592707041080920,Stand Together,Stand Together Chamber of Commerce Inc.,207
108961342179154,Leadership for Ohio,Leadership for Ohio,193
200650357207240,I Love My Freedom,I Love My Freedom,190
104192142685480,Free and Just,Free & Just,182
108584138494617,Alliance for Quality Broadband Ohio,Alliance for Quality Broadband,179
8492293163,Environmental Defense Fund,Environmental Defense Fund,169
7860876103,Joe Biden,BIDEN VICTORY FUND,161
6204742571,Sierra Club,SIERRA CLUB,159
109599248636777,Consumer Credit Card Protection Coalition,CONSUMER CREDIT CARD PROTECTION COALITION,157
105126636184800,Ohio Education Association,OHIO EDUCATION ASSOCIATION,155
178835922297833,American Clinical Laboratory Association,American Clinical Laboratory Association,146
104669815210540,A Healthier Ohio Now,A Healthier Ohio Now,146
76470053424,TIAA,TEACHERS INSURANCE AND ANNUITY ASSOCIATION OF AMERICA,143
110483677935904,Team DeSantis,Ron DeSantis for President,143
1461100540775171,The Tuttle Twins,LIBERTAS INSTITUTE,139
6041057841,The Humane Society of the United States,"HUMANE SOCIETY OF THE UNITED STATES, THE",138
104766211232210,Feel Good Action,Feel Good Action,137
108774614054683,American Edge Project,American Edge,136
10128918116,Gavin Newsom,Campaign for Democracy Committee,123
84177291169,"Dairy Farmers of America, Inc.",DAIRY FARMERS OF AMERICA INC,122
897994503631860,HealthInsurance.net,ASSURANCE IQ INC,121
80562389320,NARAL Pro-Choice America,NARAL PRO-CHOICE AMERICA CORP,116
92021268117,Working America,Working America,115
104095962704249,SOS America PAC,SOS America PAC,110
153080620724,Donald J. Trump,TRUMP SAVE AMERICA JOINT FUNDRAISING COMMITTEE,109
1116377255172784,Concerned Veterans for America Foundation,Concerned Veterans for America Foundation,109
23875187730,Feeding America,Feeding America,106
109999331898234,My Affordable Care Act,The Burial Solution,106
570092813023833,Matt Walsh,The Daily Wire,≤100
1539972792944463,Forge Leadership Network,Forge Leadership Network,≤100
1669941646417657,Senior Choice Financial,Senior Choice Financial,≤100
1958912674200535,The Pour Over,Pour Over,≤100
58433611572,Seventh Generation,SEVENTH GENERATION INC,≤100
309308412520731,Sandy Hook Promise,Sandy Hook Promise,≤100
213687698658,Americans for Prosperity Foundation,Americans for Prosperity Foundation,≤100
7192716362,Amnesty International USA,"AMNESTY INTERNATIONAL OF THE U. S. A., INC.",≤100
15239367801,The Wilderness Society,"WILDERNESS SOCIETY, THE",≤100
925007000949719,ExxonMobil,EXXON MOBIL CORPORATION,≤100
49651563727,Live Action,Live Action,≤100
342294162453301,Planned Parenthood,Planned Parenthood Federation of America,≤100
376776419037747,Turning Point USA,"Turning Point USA, Inc.",≤100
1562713090633117,Operation Underground Railroad,OPERATION UNDERGROUND RAI,≤100
100671321517347,Bill Albright,Albright for Ohio,≤100
25852730092,Care2,"Care2.com, Inc",≤100
7030901126,Campaign for Tobacco-Free Kids,Campaign for Tobacco-Free Kids,≤100
2353537341582545,Proud Patriots,Proud Patriots,≤100
108547455113940,Our America,Our America,≤100
349068689306,Tim Scott,Tim Scott for America,≤100
1316372698453411,Alexandria Ocasio-Cortez,Alexandria Ocasio-Cortez for Congress,≤100
60326619815,Asian Pacific American Institute for Congressional Studies (APAICS),Asian Pacific American Institute for Congressional Studies (APAICS),≤100
103715861368344,McCormick & Company,MCCORMICK & COMPANY INC,≤100
304600892905134,Hillsdale College Online Courses,HILLSDALE COLLEGE,≤100
104253615152700,America First Legal,America First Legal Foundation,≤100
107533860975028,Conservative,CONSERVATIVE LLC,≤100
45393753416,Alliance Defending Freedom,Alliance Defending Freedom,≤100
42940254353,Human Rights Watch,"HUMAN RIGHTS WATCH, INC.",≤100
70874333603,CatholicVote,catholicvote.org,≤100
25749319177,ACLUOhio,ACLU of Ohio,≤100
203805062990264,Ben Shapiro,The Daily Wire,≤100
340153562850578,Tim Tebow,TIM TEBOW FOUNDATION,≤100
107661474402498,United Patriot,United Patriot,≤100
140357056032320,NEA Today,National Education Association,≤100
100511632833476,We Believe,We Believe,≤100
166618413413767,Jay Sekulow,American Center for Law and Justice,≤100
115379705206001,U.S. Department of Homeland Security Blue Campaign,U.S Department of Homeland Security Blue Campaign,≤100
103375628943529,Adam Frisch,Adam for Colorado,≤100
103695769458,United States Mint,United States Mint,≤100
1526736227567131,TrueCoverage,True Coverage,≤100
80892038525,Ohio Democratic Party,OHIO DEMOCRATIC PARTY,≤100
110594725386545,Tell It Like It Is PAC,Tell It Like It Is PAC,≤100
100346689495660,Pete's Pranks,Petes Pranks,≤100
443329669123990,USAFacts,USAFacts Institute,≤100
112642477582238,Mericanaf,AAF Nation,≤100
225392700899588,Federal Motor Carrier Safety Administration,Federal Motor Carrier Safety Administration,≤100
127225910653607,PragerU,PragerU,≤100
665345483483486,NRA - National Rifle Association of America,NATIONAL RIFLE ASSN OF AMERICA,≤100
104394262049761,Jeremy's Razors,The Daily Wire,≤100
7341997111,Conservation International,Conservation International,≤100
145973965440671,Carnegie Corporation of New York,CARNEGIE CORPORATION OF NEW YORK,≤100
40217893542,AIPAC,AIPAC,≤100
905023632893973,Reproaction,Reproaction,≤100
702582586516561,CBN Israel,The Christian Broadcasting Network,≤100
2053678114723700,President Trump's Patriot Army,I Love My Freedom,≤100
13885075114,Action Against Hunger USA,ACTION AGAINST HUNGER - USA,≤100
100758682697459,Mayday Health,"Mayday Medicines, Inc.",≤100
386384518135110,"Sherri Bevan Walsh, Summit County Prosecutor",These ads ran without a disclaimer,≤100
1428755447227803,Defend The Second,Next Level Goods,≤100
30139072158,CARE,"COOPERATIVE FOR ASSISTANCE AND RELIEF EVERYWHERE, INC. (CARE)",≤100
101704558574021,Lucas Kunce,Lucas Kunce for Missouri,≤100
75624186574,FOX 28 Columbus,These ads ran without a disclaimer,≤100
85452072376,NEWSMAX,"NEWSMAX MEDIA, INC.",≤100
100652668612020,Essential Plastics Coalition,"CENTER FOR CONSUMER FREEDOM, THE",≤100
104295601633638,American Cornerstone Institute,American Cornerstone Institute Inc,≤100
167239703641594,Doug Burgum,"DOUG BURGUM FOR AMERICA, INC.",≤100
261319066080,Americans for Prosperity - Ohio,AMERICANS FOR PROSPERITY,≤100
100485764982266,Only One,Only One,≤100
101391906600,Live Action News,Live Action,≤100
114710126648118,Republican Dogs,Republican Dogs,≤100
1032167820273662,Vint'illage,These ads ran without a disclaimer,≤100
681626158940626,Mission Roll Call,Americas Warrior Partnership,≤100
51405613519,Focus on the Family,Focus on the Family,≤100
162678203751209,Gilead Sciences,GILEAD SCIENCES INC,≤100
8934429638,Planned Parenthood Action,Planned Parenthood Action Fund,≤100
20787991568,Senate Democrats,DSCC,≤100
21375324480,The Heritage Foundation,HERITAGE FOUNDATION (THE),≤100
269348454714,IMB,"INTERNATIONAL MISSION BOARD OF THE SOUTHERN BAPTIST CONVENTION, THE",≤100
147126507164,ACTwireless,ACTwireless,≤100
1914246298655769,American Funeral Benefits & Services,American Benefit & Services LLC,≤100
7735858972,Humane Society Legislative Fund,Humane Society Legislative Fund,≤100
839679542776035,"Trevor Elkins, Mayor: 2012-2022",Trevor Elkins,≤100
928924573981076,REFORM,Criminal Justice Reform Foundation,≤100
580610428636345,Fight for $15,Fight for $15,≤100
6024998621,StoryCorps,StoryCorps,≤100
158791100909689,Concerned Veterans for America,Concerned Veterans for America,≤100
428821014132730,Katie Porter,KATIE PORTER FOR SENATE,≤100
8321461609,MomsRising.org,MomsRising Together,≤100
13673457388,Penguin Random House,Penguin Random House LLC,≤100
312873151992,The African American Male Wellness Agency,African American Male Wellness Walk,≤100
152264148166020,Moms Clean Air Force,Moms Clean Air Force,≤100
111483995196293,"Friends of Andrew B. Nimely, Campaign Committee","Friends of Andrew B. Nimely, Campaign Committee",≤100
134452023239984,Human Coalition,Human Coalition,≤100
197760674021143,Indivisible Guide,Indivisible Project,≤100
121626482110,Operation Smile,OPERATION SMILE,≤100
105156485267913,Richard Dascenzo for Clerk of Courts,Richard Dascenzo for Clerk of Courts,≤100
11111618026,Union of Concerned Scientists,"UNION OF CONCERNED SCIENTISTS, INC.",≤100
1365405516861398,Ohio Propane Gas Association,CR Marketing,≤100
10128918116,Gavin Newsom,Campaign for Democracy PAC,≤100
19554217292,American Heart Association: You're the Cure,American Heart Association,≤100
15041226930,Oxfam,"OXFAM AMERICA, INC.",≤100
240937060405,Center for Science in the Public Interest (CSPI),Center for Science in the Public Interest,≤100
170756446429578,Othering & Belonging Institute,Othering and Belonging Institute,≤100
100992801635617,Conservative-American.org,Conservative American Strategies,≤100
115828484751642,Steve Lankenau for Congress,STEVE LANKENAU FOR CONGRESS,≤100
248181906078243,National Institute for Civil Discourse,CommonSense American,≤100
107764430968176,Tuttle Twins TV Show,"Tuttle Twins Show, LLC",≤100
108268161352786,Stanley M. Herzog Foundation,Herzog Foundation,≤100
51379424899,Mercy Ships,MERCY SHIPS INTERNATIONAL,≤100
15771560300,Earthjustice,EARTHJUSTICE,≤100
317667194946264,Ro Khanna,RO FOR CONGRESS INC,≤100
104859815770730,Simple Health Solutions,Health Enrollment Department LLC,≤100
300992409852,Hoover Institution,Hoover Institution,≤100
7292655492,MoveOn,MOVEON.ORG POLITICAL ACTION,≤100
689547608156721,The Burial Solution,The Burial Solution,≤100
555787351119974,Coalition to Protect America's Health Care,Coalition to Protect America’s Health Care,≤100
102713205989094,Great USA Life,Great USA Life,≤100
2352630938293825,Mytacticalpromos,Entremax,≤100
38235851310,USA for UNHCR,UNITED STATES ASSOCIATION FOR UNHCR,≤100
110442961603215,Yikes Today,Yikes Today,≤100
24413227922,Kamala Harris,BIDEN VICTORY FUND,≤100
201446296572389,Compassion in World Farming (USA),Compassion in World Farming Inc,≤100
106315901551850,The U.S. Concealed Carry Association for Saving Lives,U.S. Concealed Carry Association For Saving Lives. Not Authorized By Any Candidate Or Candidate's Committee.,≤100
104959612493666,American Heritage,American Heritage,≤100
8325302025,Friends of the Earth U.S.,Friends of the Earth,≤100
106704911834640,Squirrel Business,These ads ran without a disclaimer,≤100
1613516851999536,Sunrise Movement,Sunrise,≤100
142432192446984,David Horowitz Freedom Center,David Horowitz Freedom Center,≤100
512225042147387,Mothers Out Front,MOTHERS OUT FRONT INC,≤100
10498053716,Media Research Center,MEDIA RESEARCH CENTER,≤100
154561574598964,White Coat Waste Project,THE WHITE COAT WASTE PROJECT INC,≤100
717339155320936,Better Solutions for Healthcare,Better Solutions for Healthcare,≤100
111824001908,Hakeem Jeffries,JEFFRIES FOR CONGRESS,≤100
149220264647,ADL - Anti-Defamation League,Anti-Defamation League,≤100
115379705206001,U.S. Department of Homeland Security Blue Campaign,DHS Blue Campaign,≤100
372922692828,SEIU-United Healthcare Workers West,SEIU United Healthcare Workers West Local 2005,≤100
148283301869985,Many Hopes,ONE HOME MANY HOPES INC,≤100
757894864313083,Spartan Mosquito,These ads ran without a disclaimer,≤100
104502508724288,Vision Zero Columbus,Vision Zero Columbus,≤100
110936125227650,Words Aren't Violence,Words Aren't Violence,≤100
297987334762,Jamie Raskin,Jamie Raskin for Congress,≤100
108512875350,The Atlas Society,The Objectivist Center Ltd,≤100
1470540296409810,Fair Fight Action,FAIR FIGHT,≤100
786167111464006,Woodson Center,The Woodson Center,≤100
83996318078,Change.org,"Change.org, PBC",≤100
105561217523274,The Dispatch,"Dispatch Media, Inc.",≤100
79125112926,Students for Life of America,"STUDENTS FOR LIFE OF AMERICA, INC.",≤100
1608450449392667,Demi-Leigh Tebow,TIM TEBOW FOUNDATION,≤100
190226429055,U.S. Department of Labor,United States Department of Labor,≤100
108397175612671,Republic Guardians,Republic Guardians,≤100
19342050934,Leadership Institute,LEADERSHIP INSTITUTE INC,≤100
7263476274,Mercy Corps,Mercy Corps,≤100
334843943815996,Ohio Association of Health Plans,OHIO ASSOCIATION OF HEALTH PLANS,≤100
50822254585,Mountain States Legal Foundation,Mountain States Legal Foundation,≤100
1832744013698336,Mahogany Mommies,Mahogany Mommies,≤100
570953166908066,Vivek Ramaswamy,VIVEK 2024,≤100
602074469965571,Plan C,NATIONAL WOMENS HEALTH NETWORK,≤100
114765400352270,Kite & Key Media,VMTS EDUCATION INC,≤100
557051651115624,Stidham Financial Services,Stidham Financial Services,≤100
2255535767896743,Mark Robinson,Friends of Mark Robinson,≤100
101319825565305,Lacayo Group Inc,LACAYO GROUP INSURANCE,≤100
11309713071,Gates Foundation,Bill and Melinda Gates Foundation,≤100
349800859019034,The 19th News,The 19th,≤100
6502038524,First Book,FIRST BOOK,≤100
109320440856128,Stand Up to Jewish Hate,"Foundation to Combat Anti-Semitism, Inc.",≤100
107953199261156,ifaw,"INTERNATIONAL FUND FOR ANIMAL WELFARE, INC.",≤100
69983322463,Ted Cruz,TED CRUZ FOR SENATE,≤100
453605854679921,Rourke & Blumenthal,These ads ran without a disclaimer,≤100
126893748252841,American Firearms Association,American Firearms Coalition,≤100
8501031021,VoteVets,VOTEVETS,≤100
1470540296409810,Fair Fight Action,FAIR FIGHT ACTION INC,≤100
126305280752104,Slavic Gospel Association,SLAVIC GOSPEL ASSOCIATION,≤100
689547608156721,The Burial Solution,THE BURIAL SOLUTION,≤100
110752871069652,Ohio Conservatives PAC,Ohio Conservatives PAC,≤100
130945114804,World Jewish Congress,WORLD JEWISH CONGRESS AMERICAN SECTION INC,≤100
29717379728,International Justice Mission,International Justice Mission,≤100
466164103423147,Thorn,Thorn,≤100
38897314734,Trust for Public Land,"TRUST FOR PUBLIC LAND, THE",≤100
72931140459,Center for Biological Diversity,"CENTER FOR BIOLOGICAL DIVERSITY, INC.",≤100
601866646490885,Ohio Voter Rights Coalition,OHIO VOICE,≤100
277581597507,Franklin County Board of Elections - Ohio,Franklin County Board of Elections,≤100
93228695778,Tea Party Patriots,Tea Party Patriots,≤100
348354359000099,Emmanuel V. Remy,Emmanuel Remy for Columbus,≤100
103355385129734,The Climate Pledge,The Climate Pledge,≤100
107830128834941,Keith Gross,KEITH GROSS FOR FLORIDA,≤100
534488750036661,"Ohio Value Voters, Inc.","Ohio Value Voters, Inc.",≤100
317284821682168,Messianic Jewish Alliance of America (MJAA),Messianic Jewish Alliance of America,≤100
303374266418976,AFPM,American Fuel & Petrochemical Manufacturers,≤100
1606780826273282,The Committee to Unleash Prosperity,Committee to Unleash Prosperity Inc.,≤100
104908071917505,Welcome.us,Welcome.us,≤100
118385911198439,Trending Politics News,I Love My Freedom,≤100
19746387261,Humane Society International,Humane Society International,≤100
142474049098533,Robert Reich,Inequality Media,≤100
141916881186,Chautauqua Institution,Chautauqua Institution,≤100
104491841664875,Country First,"Country First Action, Inc.",≤100
43005439032,American Diabetes Association,American Diabetes Association,≤100
1435071773455316,Daily Wire,The Daily Wire,≤100
246323280108,American Medical Association,American Medical Association,≤100
61492859575,Americares,"Americares Foundation, Inc.",≤100
110099228407333,Chevron Advocacy Network,Chevron Advocacy Network,≤100
255062275778,Tim Tebow Foundation,TIM TEBOW FOUNDATION,≤100
2254455051442790,Patriot Depot,Flag & Cross,≤100
53674651369,SBA Pro-Life America,"SUSAN B. ANTHONY LIST, INC.",≤100
6334782252,Oceana,Oceana,≤100
104762875575526,Final Expense Authority,Final Expense Authority LLC,≤100
169597416843751,Stand Up America,Stand Up America,≤100
282728185140429,Rep For Vets,The Rep For Vets,≤100
135880909935010,Francis Suarez,"SUAREZ FOR PRESIDENT, INC.",≤100
197760674021143,Indivisible Guide,INDIVISIBLE ACTION,≤100
131306317680000,Social Goods,"Social Goods, LLC",≤100
1382441768496365,Pentair,PENTAIR,≤100
219612384781411,Bloomberg Philanthropies,Bloomberg Philanthropies,≤100
160630887998827,Let Them Live,Let Them Live,≤100
108936588863027,Health Assurance Group,Health Assurance Group,≤100
35169196082,Project HOPE,"PROJECT HOPE-THE PEOPLE-TO-PEOPLE HEALTH FOUNDATION, INC.",≤100
11791104453,NRDC,Natural Resources Defense Council,≤100
408250066356,Bill O'Reilly,"Bill Me, Inc.",≤100
227653210738154,"Mothers Against Police Brutality, Inc.",MOTHERS AGAINST POLICE BRUTALITY,≤100
1163811040367180,Food & Water Action,FOOD & WATER ACTION,≤100
74470852653,Mike Pompeo,Champion American Values PAC,≤100
18813753280,Human Rights Campaign,"HUMAN RIGHTS CAMPAIGN, INC.",≤100
1194419550610259,Our Revolution,Our Revolution,≤100
96935476345,Democratic Governors Association (DGA),"Democratic Action, democraticgovernors.org, not authorized by any candidate or candidate's committee.",≤100
107454490912636,Jewish Future Pledge,Jewish Future Pledge Inc,≤100
100684991996307,November Coalition,NOVEMBER COALITION,≤100
278845882737338,Christopher F. Rufo,Christopher F. Rufo,≤100
5647744585,PETA (People for the Ethical Treatment of Animals),"PEOPLE FOR THE ETHICAL TREATMENT OF ANIMALS, INC.",≤100
8524198486,Physicians Committee for Responsible Medicine,"PHYSICIANS COMMITTEE FOR RESPONSIBLE MEDICINE, INC.",≤100
30914589895,The International Fellowship of Christians and Jews,INTERNATIONAL FELLOWSHIP OF CHRISTIANS & JEWS INC,≤100
255037508007011,Bob Latta,The Honorable Robert E. Latta,≤100
1505244559517282,Colin Allred,COLIN ALLRED FOR SENATE,≤100
91346559231,Democratic Legislative Campaign Committee - DLCC,Democratic Legislative Campaign Committee,≤100
375742685850856,Firearms Policy Coalition,"FIREARMS POLICY COALITION, INC.",≤100
104659801302856,Anna Kaplan for New York,Anna Kaplan for New York,≤100
284293125336159,Regulatory Transparency Project,FEDERALIST SOCIETY FOR LAW & PUBLIC POLICY STUDIES,≤100
385399211511810,The LIBRE Institute,The LIBRE Institute,≤100
83290028957,Care Net,CARE NET,≤100
5435784683,Greenpeace USA,"GREENPEACE, INC.",≤100
101991652440936,Across Documentary,DIGITAL COAST MEDIA LLC,≤100
355783211719644,Veteran Caregivers of America,"Veteran Caregivers, LLC",≤100
36872302227,Cory Booker,CORY BOOKER FOR SENATE,≤100
332028597354723,National Partnership for Women & Families Action Fund,National Partnership for Woman & Families Action Fund,≤100
408526523045391,Mammoth Nation,Mammoth Nation,≤100
104107788684988,Tom Klingenstein,TomKlingenstein.com,≤100
367292494407,AJC - American Jewish Committee,AMERICAN JEWISH COMMITTEE,≤100
220873174076,Animal Equality,ANIMAL EQUALITY,≤100
243184199040637,Caring Across Generations,Caring Across Generations,≤100
100591845925552,EMILY's List Action,Emily's List Action,≤100
546066468753446,Black Health Matters,BLACK HEALTH MATTERS FOUNDATION INC,≤100
55160732111,Cystic Fibrosis Foundation,CYSTIC FIBROSIS FOUNDATION,≤100
113731336694,Goldwater Institute,"GOLDWATER INSTITUTE ,THE",≤100
23790541544,Democrats,DCCC,≤100
103588388469410,Disparity Trap,Disparity Trap,≤100
161183970656851,Ruben Gallego,GALLEGO FOR ARIZONA,≤100
343714718985673,Think Wood,Think Wood,≤100
93692255431,Bread for the World,"BREAD FOR THE WORLD, INC.",≤100
203805062990264,Ben Shapiro,Daily Wire,≤100
273559687814125,Lauren McNally for Ohio,Lauren McNally For Ohio,≤100
145034262195374,InSinkErator,InSinkErator_Whirlpool,≤100
19043592886,The Voice of Black Cincinnati,THE VOICE OF YOUR CUSTOMER,≤100
91319867683,Mercy Health - Cincinnati,These ads ran without a disclaimer,≤100
126621603672658,Gail Larson for Cleveland Heights City Council,Friends of Gail Larson,≤100
251734676525,Kevin Cramer,CRAMER FOR SENATE,≤100
102748688472759,Parents Defending Education,Parents Defending Education,≤100
100119981671668,Blue Senate,BLUE SENATE PAC,≤100
458142697588014,AARP Public Policy Institute,AARP,≤100
215968684159,AFT - American Federation of Teachers,American Federation of Teachers,≤100
106563958759988,Semafor,Semafor Inc.,≤100
2602473023098666,Democratic Polling Center,Democratic Governors Association,≤100
6240652407,Young America's Foundation,Young America's Foundation Inc,≤100
2245766435469741,Beersy,Beersy LLC,≤100
662875203807352,Legal Aid Society of Greater Cincinnati,LEGAL AID SOCIETY OF CINCINNATI,≤100
190697157619887,Freedom Foundation,Freedom Foundation,≤100
505653766599222,America First with Dr. Sebastian Gorka,Salem Media,≤100
1593518174052711,Candace Owens,Daily Wire,≤100
112735922758892,Charlie Kirk,Salem Media Group,≤100
112114435501106,Hugh Hewitt,Salem Media,≤100
216311481960,Bill Gates,Bill Gates,≤100
395437707314655,Regeneron,Regeneron,≤100
259351004139042,Ashbrook Center,Ashbrook Center,≤100
1869687273277265,Run for Something,Run For Something PAC,≤100
221890358218748,Til Valhalla Project,These ads ran without a disclaimer,≤100
105157841248307,No Filter Politics,No Filter Politics,≤100
407902639235640,JNS.org,Jewish News Syndicate,≤100
111464544881905,America First News,America First News,≤100
17414523278,Democracy Now!,DEMOCRACY NOW,≤100
116022621400238,Hamilton County Conservatives,Ohio Conservatives PAC,≤100
47710973068,Voices for Cooperative Power,Voices for Cooperative Power,≤100
462669013928631,Jacky Rosen for Nevada,ROSEN FOR NEVADA,≤100
372577693078008,"Saenz-Garcia Law, PLLC","Saenz-Garcia Law, PLLC",≤100
7191206138,ASPCA,ASPCA,≤100
354851377936744,BookTV,NATIONAL CABLE SATELLITE CORPORATION,≤100
173896102623920,Old Row,Old Row,≤100
12596759677,RAICES,REFUGEE AND IMMIGRANT CENTER FOR EDUCATION AND LEGAL SERVICES,≤100
393795797388359,FOUR PAWS,FOUR PAWS INTERNATIONAL INC,≤100
72092591211,FBI – Federal Bureau of Investigation,Federal Bureau of Investigation,≤100
105055152148626,Dalio Philanthropies,"Dalio Foundation, Inc.",≤100
108020636846,Policy Matters Ohio,POLICY MATTERS OH,≤100
147896321153,Muscular Dystrophy Association,Muscular Dystrophy Association,≤100
115587688137393,Aaron Miller for City Council - Ward 5,Friends of Aaron Miller,≤100
112600915451330,No Labels,No Labels,≤100
46347342434,EMILYs List,EMILY'S LIST,≤100
2321993584737314,The Markin Report,The Markin Report,≤100
141786816970,CLIA - Cruise Lines International Association,Cruise Lines International Association,≤100
112735922758892,Charlie Kirk,"Turning Point USA, Inc.",≤100
836826976517252,International Christian Embassy Jerusalem - USA,"International Christian Embassy Jerusalem - USA, Inc.",≤100
35715544220,Stand.earth,Stand.earth,≤100
791588970968595,Fair Housing Law Center,SOUTHWESTERN PENNSYLVANIA LEGAL SERVICES INC,≤100
215653202574079,Future Majority,"Future Majority, Inc",≤100
5644748986,National Wildlife Federation,NATIONAL WILDLIFE FEDERATION,≤100
169042736456594,All Out,All Out Action Fund.,≤100
19192438096,AAAS - The American Association for the Advancement of Science,American Association for the Advancement of Science,≤100
130945114804,World Jewish Congress,ATTN: INC.,≤100
60182072999,Lila Rose,Live Action,≤100
18709174006,National Audubon Society,"NATIONAL AUDUBON SOCIETY, INC.",≤100
91741597496,The Bob Woodruff Foundation,BOB WOODRUFF FAMILY FOUNDATION INC,≤100
309798029121030,Everytown for Gun Safety,Everytown for Gun Safety Action Fund Inc,≤100
292351509697,Jerusalem Prayer Team,Jerusalem Prayer Team,≤100
497348647140658,Point Source Youth,Point Source Youth,≤100
103331191362482,Oak Run Solar Project,Oak Run Solar,≤100
103531607822207,Noticias para Inmigrantes,"Wise Rock Media, PBC",≤100
9785626650,Public Citizen,Public Citizen,≤100
278052172260101,ZERO TO THREE,ZERO TO THREE,≤100
111648458498662,Toledo City Councilwoman Carrie Hartman,Friends of Carrie Hartman,≤100
313723095478950,Daily Citizen,Focus on the Family,≤100
60261764250,Childhelp,"CHILDHELP, INC.",≤100
101330089548224,John Burrows for Congress,John Burrows for Congress,≤100
1443127535947107,Save the Children Action Network,Save the Children Action Network,≤100
205795426669644,Facts and Logic about the Middle East,Facts and Logic About the Middle East,≤100
131319143614919,Life at AT&T,"AT&T Services, Inc.",≤100
524399207959953,Truth & Liberty Coalition,Truth & Liberty Coalition,≤100
1654550184799326,RetireSafe,RetireSafe,≤100
271453369908901,FLAG  - Foundation for Liberty and American Greatness,FLAG  - Foundation for Liberty and American Greatness,≤100
8047221596,Save the Children US,SAVE THE CHILDREN FEDERATION INC.,≤100
102413723172970,Nick Adams,Nick Adams,≤100
6333396177,NewsBusters.org,MEDIA RESEARCH CENTER,≤100
8550121410,Free Speech America Project,MEDIA RESEARCH CENTER,≤100
50982313030,Food & Water Watch,Food & Water Watch,≤100
96491683438,"The Friends of Israel Gospel Ministry, Inc.","FRIENDS OF ISRAEL GOSPEL MINISTRY, INC, THE",≤100
100650352666001,Saving Made Easy,GCL Company LLC,≤100
172758932738142,PhRMA,PHARMACEUTICAL RESEARCH AND MANUFACTURERS OF AMERICA,≤100
101869563236902,FreedomFest,FreedomFest,≤100
307375481705,AARP Maine,AARP,≤100
226999127329906,New York Immigration Lawyer,Law Office of Alena Shautsova,≤100
9324910069,NRSC,NRSC,≤100
1338822066131069,Women's March,Women's March,≤100
2040270322863853,Tina Smith,TINA SMITH FOR MINNESOTA,≤100
109118211910879,Mr. 45,Green Straw LLC,≤100
129353084077944,Maebe A. Girl,MAEBE A. GIRL FOR CONGRESS,≤100
11006419356,The Voice of the Martyrs - USA,"VOICE OF THE MARTYRS, INC., THE",≤100
58709265392,Americans United for Separation of Church and State,American's United for Separation of Church and State,≤100
58736997707,Marco Rubio,Rubio Victory Committee,≤100
125179374733697,Big News Buzz,Brighter Today,≤100
532282430591813,Planet Detroit,Planet Detroit,≤100
100700519593180,"Buck Nasty Media. Sports, culture, politics, and the Nasty Truth","Buck Nasty Media. Sports, culture, politics, and the Nasty Truth",≤100
82223469060,ACN - Aid to the Church in Need,"AID TO THE CHURCH IN NEED, INC.",≤100
114633944922650,"Sunlyt, LLC","Sunlyt, LLC",≤100
142957224352,International Medical Corps,International Medical Corps,≤100
100373975829221,Fòs Feminista Org,Fòs Feminista,≤100
252814820267,HIAS,HIAS,≤100
102567898199594,Licking County Conservatives,Ohio Conservatives PAC,≤100
474227102732389,Turning Point Action,Turning Point Action,≤100
201956993160690,MRCTV,MEDIA RESEARCH CENTER,≤100
109352563640,Water.org,WATER.ORG INC.,≤100
34362997676,United States Holocaust Memorial Museum,UNITED STATES HOLOCAUST MEMORIAL MUSEUM,≤100
18079407397,CPAC,American Conservative Union,≤100
103565195134756,America First Policy Institute,America First Policy Institute,≤100
567371470277443,The Wilderness Society Action Fund,The Wilderness Society Action Fund,≤100
121185869582531,Soberlink,These ads ran without a disclaimer,≤100
113992227446477,Bernie Moreno,BERNIE MORENO FOR SENATE,≤100
103661032424913,Investment Group,These ads ran without a disclaimer,≤100
38471053686,Elizabeth Warren,"WARREN FOR SENATE, INC.",≤100
108247581851552,Democracy Defense Fund,DEMOCRACY DEFENSE FUND,≤100
113986481630469,Trending Patriots,I Love My Freedom,≤100
43934405787,IPPF,International Planned Parenthood Federation Worldwide Inc,≤100
89336510798,American Friends of the Hebrew University,American Friends of Hebrew University,≤100
830162603716633,Andy Beshear,Andy Beshear for Governor,≤100
984421991732710,Paycheckology,Paycheckology,≤100
380884168648080,Population Research Institute,POPULATION RESEARCH INSTITUTE,≤100
103376804451432,Trending Politics,I Love My Freedom,≤100
74191756334,Defiance College,These ads ran without a disclaimer,≤100
16534314739,Facing History & Ourselves,Facing History & Ourselves,≤100
8446177150,Chosen People Ministries,CHOSEN PEOPLE MINISTRIES INC,≤100
114334604871778,Myra Scheurer For Judge,Myra Scheurer For Judge,≤100
745910525468062,National Center on Sexual Exploitation,National Center on Sexual Exploitation,≤100
182723117043,Chicago Council on Global Affairs,CHICAGO COUNCIL ON GLOBAL AFFAI,≤100
105306835585083,WVCEH Fair Housing,WVCEH Fair Housing,≤100
398077843595497,EqualityToledo,EQUALITY TOLEDO INC,≤100
936968016365794,The Eric Metaxas Radio Show,Salem Media,≤100
176099663659,Armed Services YMCA,ARMED SERVICES YMCA OF THE USA,≤100
1166660030079480,National Democratic Redistricting Committee,National Democratic Redistricting Committee,≤100
114301413446447,The Climate Initiative,Kennebunkport Climate Initiative,≤100
83865976093,Truthout,TRUTHOUT,≤100
126211280741703,Midwest Values PAC,Midwest Values PAC,≤100
482100658584410,We Stand For Energy,"EDISON ELECTRIC INSTITUTE, INC.",≤100
103956522294634,Trumbull County Democratic Party of Ohio,Trumbull County Democratic Party of Ohio,≤100
657708380952174,Voices of the Civil Rights Movement,These ads ran without a disclaimer,≤100
26082912881,Project On Government Oversight,Project On Government Oversight,≤100
116274224738492,Jim Petras for Cleveland Heights,Jim Petras for Cleveland Heights,≤100
49421708941,Americans for Limited Government,AMERICANS FOR LIMITED GOVERNMENT IN,≤100
125937197447634,ACTA - American Council of Trustees and Alumni,AMERICAN COUNCIL OF TRUSTEES AND ALUMNI,≤100
262741493751666,The Pew Charitable Trusts,"PEW CHARITABLE TRUSTS, THE",≤100
114009933764548,The Patriot Club,RightWingGear.com,≤100
801419943264962,BLM Wild,BLM Wild,≤100
293225127381200,Patriot Depot,The Patriot Depot,≤100
20237874656,Institute for Policy Studies,Institute for Policy Studies,≤100
105173311888160,Star and Bar,Star and Bar,≤100
945455208962159,For Everyone Collective,For Everyone Collective,≤100
15503839732,Peter G. Peterson Foundation,Peter G. Peterson Foundation,≤100
7145381235,American Jewish World Service - AJWS,"AMERICAN JEWISH WORLD SERVICE, INC.",≤100
1492209061034879,Freddie O'Connell for Mayor,Ready for Freddie Committee,≤100
399067003454888,Sudan Relief Fund,Sudan Relief Fund Inc,≤100
101064776613325,Charles Tyrwhitt,These ads ran without a disclaimer,≤100
128103650601995,The Conservative Caucus,The Conservative Caucus,≤100
182620315479,Plan International USA,Plan International USA,≤100
97466887664,Innocence Project,"INNOCENCE PROJECT, INC., THE",≤100
7656215652,Tim Kaine,Tim Kaine,≤100
1438722236161076,County of Los Angeles,County of Los Angeles,≤100
151894654697,Save Our States,Save Our States,≤100
2039515353004485,Progress NEO,Progress NEO,≤100
110554598101531,Rep. Mike Carey,Congressman Mike Carey,≤100
100484735718366,The Coalition for Carolina,Coalition for Carolina,≤100
107308698272177,Gas Leaks Action,Gas Leaks Action,≤100
190467796039,Cincinnati Police Department,These ads ran without a disclaimer,≤100
170491079663777,The Sentencing Project,"SENTENCING PROJECT INC, THE",≤100
341163402640457,NowThis,"VOX MEDIA, INC.",≤100
194115677277113,A21,THE A21 CAMPAIGN,≤100
186932688457686,CHNGE,These ads ran without a disclaimer,≤100
567101470157212,Obama Foundation,The Barack Obama Foundation,≤100
1624206881186861,Lisa Blunt Rochester,Lisa Blunt Rochester for Senate,≤100
12357407443,American Friends Service Committee,AMERICAN FRIENDS SERVICE COMMITTEE,≤100
164966660351345,Hope Outfitters,Hope Outfitters,≤100
109893362130598,Great American Patriots,I Love My Freedom,≤100
120102651346136,Nevada State Treasurer’s Office,STATE TREASURER NEVADA OFFICE OF,≤100
113223650193301,MAGA Revolution,Apse Media LLC,≤100
102961088866702,Sarah Klee Hood for Congress,SARAH KLEE HOOD FOR NY,≤100
110316380149,Family Policy Alliance,Family Policy Alliance,≤100
745304825534862,Steve Scalise,Team Scalise,≤100
295644160460352,Donald Trump Jr.,These ads ran without a disclaimer,≤100
155555111125341,The Brooklyn Brewery,THE BROOKLYN BREWERY CORPORATION,≤100
657708380952174,Voices of the Civil Rights Movement,Comcast,≤100
108970206976,World Vision USA,WORLD VISION INC.,≤100
159658557547960,Wall Street Journal Opinion,The Wall Street Journal,≤100
78420171887,Sailors for the Sea,OCEANA INC,≤100
314325338699374,We Are The Mighty,"The Mighty Networks, Inc.",≤100
142474049098533,Robert Reich,Inequality Media Civic Action,≤100
156496968533805,Explore Beyond,NCTA - The Internet & Television Association,≤100
100284648021034,New Tolerance Campaign,New Tolerance Campaign,≤100
583258211727279,Shai Fund,SHAI FUND INC,≤100
336442420497121,Consciously,Big Sister Corp.,≤100
6476528946,NAACP,National Association for the Advancement of Colored People (NAACP),≤100
19437978960,Chris Murphy,FRIENDS OF CHRIS MURPHY,≤100
95001097200,National Association of Manufacturers,NATIONAL ASSOCIATION OF MANUFACTURERS OF THE UNITED STATES OF AMERICA INC.,≤100
46093654473,National Republican Congressional Committee,NRCC,≤100
115056554950266,Enroll Health Now,Enroll Health Now,≤100
202071006601223,GOOD PARTY,Good Party LLC,≤100
143173285763,Tenth Amendment Center,Tenth Amendment Center,≤100
1534290989956166,Philanthropy Roundtable,"PHILANTHROPY ROUNDTABLE, THE",≤100
163302087408673,Stop The Donald,Stop the Donald,≤100
278876378889211,Armenian Museum of America,"ARMENIAN MUSEUM OF AMERICA, INC.",≤100
98828483195,Safe Horizon,Safe Horizon,≤100
101656855710163,News From The States,States Newsroom,≤100
122894447754361,Institute for New Economic Thinking,"INSTITUTE FOR NEW ECONOMIC THINKING, THE",≤100
21375324480,The Heritage Foundation,These ads ran without a disclaimer,≤100
21218780346,Foreign Policy,FOREIGN POLICY,≤100
266602360083204,The Children's Trust,"CHILDREN'S TRUST, INC",≤100
102468652229318,Jack Hall for Lorain County Sheriff,Committee to Elect Hall for Sheriff,≤100
1230571136989811,Top of Mind,Top of Mind,≤100
166194476728392,Center Street,"Hachette Book Group, Inc.",≤100
103552914774916,Science Moms,Potential Energy Coalition Inc,≤100
97624620788,American Friends of Magen David Adom,AMERICAN FRIENDS OF MAGEN DAVID ADOM,≤100
100607179026941,Of Thee I Sing 1776,Of Thee I Sing 1776,≤100
304842759546695,Brooklyn Institute for Social Research,Brooklyn Institute for Social Research,≤100
261951940219,Goldman Environmental Prize,Goldman Environmental Foundation,≤100
102044622753692,American Potential Podcast,AMERICANS FOR PROSPERITY,≤100
281844617168,Jewish Voice Ministries International,Jewish Voice Ministries International,≤100
6787988478,Physicians for Human Rights,"PHYSICIANS FOR HUMAN RIGHTS, INC.",≤100
102221165021408,Law Forward,"Law Forward, Inc.",≤100
7515233409,"Mikey Weinstein, MRFF",MILITARY RELIGIOUS FREEDOM FOUNDATION,≤100
6316744206,Jon Tester,MONTANANS FOR TESTER,≤100
7229514244,Drug Policy Alliance,DRUG POLICY ALLIANCE,≤100
113163240250911,Legal Angle with Emmanuel D-Law Olawale,Legal Angle,≤100
104396194587918,C3 Solutions,Conservative Coalition for Climate Solutions,≤100
309798029121030,Everytown for Gun Safety,Everytown for Gun Safety Support Fund Inc,≤100
128167457221813,Public Transportation,Voices for Public Transit,≤100
1848805358783239,Asa Hutchinson,"ASA FOR AMERICA, INC.",≤100
327853590558653,"Agri-Pulse Communications, Inc.","AGRI-PULSE COMMUNICATIONS, INC.",≤100
130268756992804,Yale Climate Connections,Yale Climate Connections,≤100
1691667177798461,Brut,Brut,≤100
16900111951,National Organization for Women (NOW),NATIONAL ORGANIZATION FOR WOMEN,≤100
322589090892,Clean Air Council,CLEAN AIR COUNCILS,≤100
102486559194712,Private Equity Stakeholder Project,Climate Nexus - Rockefeller Philanthropy Advisors Sponsored Project,≤100
153278754738777,Climate Reality,The Climate Reality Project,≤100
109748660821862,The Los Angeles Alliance For Human Rights,LA Alliance for Human Rights,≤100
105250915938055,Patriotic Prints and more.,Patriotic prints Inc,≤100
108024335231493,Tower Climbers Union/CWA,"COMMUNICATIONS WORKERS OF AMERICA, AFL-CIO, CLC",≤100
105861441295494,97Percent,97PERCENT ORG INC,≤100
48994809349,Ms. Foundation for Women,MS FOUNDATION FOR WOMEN INC,≤100
85252863415,National Latina Institute for Reproductive Justice,NATIONAL LATINA INSTITUTE FOR REPRODUCTIVE HEALTH,≤100
138290759549138,Hope Clinic,Hope Clinic for Women,≤100
1599237673639735,Change Media Group,Change Media Group,≤100
59877921429,Lutheran Immigration and Refugee Service,"LUTHERAN IMMIGRATION AND REFUGEE SERVICE, INC.",≤100
27311599342,Preemptive Love,Preemptive Love Coalition,≤100
290851614930809,Combat AntiSemitism,Combat Hate Foundation,≤100
101791315693,Destiny Rescue,"Destiny Rescue International, Inc.",≤100
106909358810669,Stop RCV,Stop RCV,≤100
700153177010264,Plant Based Products Council,Plant Based Products Council,≤100
985041388318595,FIDES Insurance LLC,FIDES Insurance LLC,≤100
238473269650980,Capital & Main,CAPITAL & MAIN,≤100
1290536624348001,Informed Immigrant,FWD.us Education Fund,≤100
1444820465547227,Rank the Vote,Rank the Vote,≤100
102421369434228,Goose's News Daily,Goose's News Daily,≤100
110480728196620,Small Business Digital Alliance,Small Business Digital Alliance,≤100
104178704279594,Main St. First,Resource Media,≤100
999556810102061,Signature Seas,Signature Seas,≤100
94100709822,Soapbox Cincinnati,Issue Media Group,≤100
103047259150209,What I Want to Know with Kevin P. Chavous,"Stride, Inc.",≤100
223608490170,The Ruth Institute,The Ruth Institute,≤100
376250065793807,Citizens for Responsible Energy Solutions,CITIZENS FOR RESPONSIBLE ENERGY SOLUTIONS INC,≤100
220538341415523,The Satanic Temple,The Satanic Temple,≤100
43426724597,Paper Culture,Paper Culture LLC,≤100
366741496830,Southern California Edison (SCE),Southern California Edison,≤100
133937690180,Student Conservation Association,Student Conservation Association,≤100
74783093812,Just Vision,JUST VISION INC,≤100
124336306355,Pew Research Center,PEW RESEARCH CENTER,≤100
710669049286394,Woo the People,Woo the People,≤100
7219151423,The Fund for American Studies (TFAS),FUND FOR AMERICAN STUDIES,≤100
235039782048,Array of Hope,ARRAY OF HOPE,≤100
164771506031,Claremont Institute,"CLAREMONT INSTITUTE FOR THE STUDY OF STATESMANSHIP AND POLITICAL  PHILOSPHY, THE",≤100
174941115857811,Campaign for Southern Equality,Campaign for Southern Equality,≤100
497949630282962,Retirement Specialty Group,Retirement Specialty Group,≤100
174793662656828,Colorado Peak Politics,Peak Politics LLC,≤100
1731084720451495,Saprea,The Younique Foundation,≤100
116197620249405,Recycling Facts,Center for Consumer Freedom,≤100
125182621527545,Sarah McBride,McBride for Delaware,≤100
110624565660992,ZOE International,ZOE International,≤100
86071521216,Second Amendment Foundation,SECOND AMENDMENT FOUNDATION INC,≤100
123857614319417,Texas Nationalist Movement,Texas Nationalist Movement,≤100
104760636770,Vera Institute of Justice,Vera Institute of Justice,≤100
168421723181399,Swisspers,These ads ran without a disclaimer,≤100
38234604057,PEN America,PEN AMERICAN CENTER INC,≤100
384006901653736,The Moore Charitable Foundation,Moore Charitable Foundation,≤100
28446275521,Military Officers Association of America (MOAA),Military Officers Association of America,≤100
258062237693141,Rural & Agriculture Council of America,Rural & Agriculture Council of America,≤100
50513265848,Citizens United,Citizens United,≤100
103481651030324,Great Lakes. Michigan Jobs.,Great Lakes. Michigan Jobs.,≤100
110700067011185,No Dem Left Behind PAC,NO DEM LEFT BEHIND PAC,≤100
104605160959720,Leda Health,Leda Health Corporation,≤100
103277109172874,The Original Lou's News,"Freedom From the Press, LLC",≤100
176548369099092,Barbara Lee,Barbara Lee for U.S. Senate,≤100
10331123781,Special Olympics,Special Olympics Inc,≤100
102047517918,The Commonwealth Fund,The Commonwealth Fund,≤100
105756057589080,The Lincoln Project,THE LINCOLN PROJECT,≤100
168876449866088,The Years Project,THE YEARS PROJECT,≤100
112071038480355,Real News Now,Real News Now,≤100
645392368909975,carafem,carafem,≤100
101374728149342,A Starting Point,A Starting Point LLC,≤100
102165635680839,This Week in Toledo,This Week in Toledo,≤100
122269174199638,USA Journal News,USA Features Media LLC,≤100
110010433804232,Standing For Freedom Center,Standing for Freedom Center,≤100
507070522767934,AACR Foundation,"AMERICAN ASSOCIATION FOR CANCER RESEARCH, INC.",≤100
100158948453494,Lars for President,LARS MAPSTEAD FOR PRESIDENT,≤100
291102898490822,Conservative Comedy Store,Conservative Comedy Store,≤100
192738164073627,A Better Balance,A Better Balance,≤100
209516845093,NRDC Action Fund,NRDC Action Fund,≤100
16317479654,Deseret News,Deseret News,≤100
101581329115492,Freedom Street,"Freedom From the Press, LLC",≤100
28126338304,Surfrider Foundation,"SURFRIDER FOUNDATION, INC",≤100
121940824138795,North Carolina Association of Health Plans,"North Carolina Association of Health Plans, Inc",≤100
37266625280,Marc Molinaro,MARC FOR US,≤100
179909895355213,AIDS United,AIDS UNITED,≤100
354329797956187,The Catholic Association,"The Catholic Association, Inc",≤100
90209763480,The Federalist Society,The Federalist Society,≤100
300341323465160,The Daily Signal,HERITAGE FOUNDATION (THE),≤100
250392878345035,The Focused Pastor,Focus on the Family,≤100
104719928295399,Turn Left PAC,TURN LEFT PAC,≤100
109173865481115,Mark Adamle,These ads ran without a disclaimer,≤100
108692022262659,FactsRx,"FactsRx, LLC",≤100
106582384539447,Design for Freedom by Grace Farms,"GRACE FARMS FOUNDATION, INC.",≤100
154670481249867,PowerSwitch Action,PowerSwitch Action,≤100
104981939210693,Clayton Keirns,I Love My Freedom,≤100
407848989230502,The Rational Middle,"Rational Middle Media Group, LLC",≤100
1438405633041350,Daniel Crawford for Mayor of Newark,Citizens for Daniel Crawford,≤100
109729861699329,Speak4,Speak4,≤100
35300488720,The City Club of Cleveland,The City Club of Cleveland,≤100
106834545428519,Matt Wiltshire for Mayor,Matt for Mayor,≤100
107645227592678,To Which We Belong,Mystic Artists,≤100
150468198331534,The David Pakman Show,The David Pakman Show,≤100
102712325850529,Libratum Press,Libratum Press LLC,≤100
203156483151292,PassionLife,PassionLife Ministries,≤100
104483742449646,CenterClip,"CenterClip, Inc.",≤100
109521013225,Nikki Haley,Nikki Haley for President,≤100
428629664008720,House of Grace,These ads ran without a disclaimer,≤100
217187838327836,The Story Exchange,The Story Exchange Foundation,≤100
416913748508616,We Welcome,We Welcome,≤100
110210055663448,AIDSVu,AIDSVu,≤100
1668791386508960,IAM Delta Workers Unite,IAM Delta Workers Unite,≤100
119938547748319,Navigator Research,Navigator Research,≤100
1499191057075106,Chronic Disease Coalition,Chronic Disease Coalition,≤100
283268564212,Robert Rivas,Robert Rivas for Assembly 2024,≤100
17203056985,Partners In Health,Partners In Health,≤100
123624513983,The Western Journal,The Western Journal,≤100
1553978148244954,Build With Strength,Build With Strength,≤100
181924628560212,Ekō,Ekō,≤100
346612865750115,Korea Defense Veterans Association,Korea Defense Veterans Association,≤100
106816615486759,Music Alliance & Music Alliance Academy,These ads ran without a disclaimer,≤100
311255476477691,We Can Do Better Than This,We Can Do Better Than This,≤100
399060493533519,The Justice Foundation,JUSTICE FOUNDATION,≤100
225879060980,Habitat for Horses,HABITAT FOR HORSES INC,≤100
33110852384,Doctors Without Borders/Médecins Sans Frontières (MSF),These ads ran without a disclaimer,≤100
292890097981617,Track Record by UP,These ads ran without a disclaimer,≤100
58158120046,ACLJ,American Center for Law and Justice,≤100
1570082353262795,YIMBY Action,YIMBY ACTION,≤100
518194348194441,RepresentUs,RepresentUs,≤100
103082819375063,For a Better Bayou,For a Better Bayou,≤100
104681138248125,Tiny Revival Clothing Co.,Tiny Revival Clothing Co.,≤100
102230249080409,Freedom First,"Freedom From the Press, LLC",≤100
110789241969098,Andy Morales,Andy Morales,≤100
10524033745,Remote Area Medical - RAM,REMOTE AREA MEDICAL,≤100
36085812354,Rainforest Foundation US,"Rainforest Foundation, Inc.",≤100
281844617168,Jewish Voice Ministries International,JEWISH VOICE MINISTRIES INTERNATIONAL,≤100
150383914432,California Farm Bureau Federation,California Farm Bureau Federation,≤100
102596355656379,Red Wave News Updates,"Freedom From the Press, LLC",≤100
125845052150716,Monica De La Cruz,Monica For Congress,≤100
95135221781,Federal News Network,Federal News Network,≤100
386305465057247,Liberty Nation News,Liberty Nation,≤100
424443217623488,Clarion Project,"CLARION PROJECT, INC.",≤100
105350752337593,Citizens Exam,Citizens Exam,≤100
102204903345,The Vilcek Foundation,"VILCEK FOUNDATION, INC., THE",≤100
108731490859583,America's Work Force Union Podcast,"Bortini Management Associates, Inc.",≤100
392683144674817,Patriot Politics USA,Trending Views,≤100
234744096655497,Alliance For Early Success,Alliance for Early Success,≤100
102982659268640,Heart & Health,Partner for Heart & Health,≤100
14038292386,Women for Women International,WOMEN FOR WOMEN INTERNATIONAL,≤100
102579112455934,Making The Leap Podcast,Stanley M. Herzog Charitable Foundation,≤100
1668562996728275,War and Peace,These ads ran without a disclaimer,≤100
266744843422391,Zoetis,Zoetis Inc.,≤100
122836074546643,Kentucky Senator Chris McDaniel,McDaniel For Senate,≤100
55708608675,RAND Corporation,"RAND CORPORATION, THE",≤100
23641203189,Show-Me Institute,Show-Me Institute,≤100
30914589895,The International Fellowship of Christians and Jews,"INTERNATIONAL FELLOWSHIP OF CHRISTIANS & JEWS, INC.",≤100
249247419293008,Braxton Mitchell,Braxton Mitchell,≤100
103521902331910,PA Needs Teachers,PA Needs Teachers,≤100
723394465079640,The Lion,Stanley M. Herzog Charitable Foundation,≤100
186977768011413,Ironworkers Rising,"International Association of Bridge, Structural, Ornamental, and Reinforcing Iron Workers",≤100
105066632162136,Vet the Vote,We the Veterans,≤100
117592091643709,Tree of Life Ministries｜Evangelism in Israel,Tree of Life Ministries,≤100
227594571444676,Building New York's Best,Carpenter Contractor Alliance of Metropolitan New York,≤100
111424138429025,The Clean Energy Life,REWIRE GROUP LLC,≤100
109068551731974,Sillychillly,Sillychillly,≤100
147523538641547,Capitol Ministries,CAPITOL MINISTRIES,≤100
203583423017526,National Immigration Law Center,National Immigration Law Center,≤100
110052089025541,"Tim Clue, Speaker and Comedian",Tim Clue,≤100
7606381190,Amy Klobuchar,KLOBUCHAR FOR MINNESOTA,≤100
16695101734,National Association of Social Workers,NATIONAL ASSOCIATION OF SOCIAL WORKERS,≤100
103885799225717,Liberty Protector,Liberty Protector,≤100
1425435377743310,Conversations with Bill Kristol,FOUNDATION FOR CONSTITUTI,≤100
45901308455,MAP International,MAP INTERNATIONAL (INC.),≤100
168109446538119,St. Martin's Press,Macmillan Publishing,≤100
143063095713907,Hep,"CDM PUBLISHING, LLC",≤100
112339644228184,Next Chapter Podcasts,"Next Chapter Podcasts, LLC",≤100
311901101987,"The Seeing Eye, Inc.",SEEING EYE INC,≤100
122654655280238,i360,i360,≤100
152065518140304,Wildlife Conservation Society,Wildlife Conservation Society,≤100
103128974521953,Michael Feggans for Delegate,Michael Feggans for Virginia,≤100
90022052772,Williams,"WILLIAMS COMPANIES, INC., THE",≤100
153678684700451,American Investment Council,AMERICAN INVESTMENT COUNCIL,≤100
400013980059152,Coworker.org,Coworker.org,≤100
105377404649506,Solidarity Fund by Coworker,COWORKER SOLIDARITY FUND,≤100
108625789179165,Soi Dog Foundation,These ads ran without a disclaimer,≤100
1942060522564525,FarmWeekNow,FarmWeekNow,≤100
254943996005,Catholic Answers,"CATHOLIC ANSWERS, INC.",≤100
32252997166,American Dental Association,AMERICAN DENTAL ASSOCIATION,≤100
139835646030666,Alliance for Aviation Across America,Alliance for Aviation Across America,≤100
109200595768753,The Christian Left,The Christian Left,≤100
101810652152706,Ship It Zero,PACIFIC ENVIRONMENT AND RESOURCES CENTER,≤100
125981827063915,Alex McDonald for CUSD District 4,McDonald for School Board District 4 2023,≤100
711909245654048,National Police Support Fund,National Police Support Fund,≤100
427084097477881,AHIP,America's Health Insurance Plans,≤100
5878048748,GlobalGiving,"GLOBALGIVING FOUNDATION, INC.",≤100
796584937027874,CuraLife,These ads ran without a disclaimer,≤100
1666922183524165,ReThink Energy NJ,ReThink Energy NJ,≤100
320823520454,Enough Is Enough,Enough is Enough,≤100
35677414105,National Kidney Foundation,NATIONAL KIDNEY FOUNDATION INC,≤100
111365084107318,The Founders USA,These ads ran without a disclaimer,≤100
20603236087,Love146,"LOVE146, INC.",≤100
162069790604,AARP Arizona,AARP,≤100
118626774835274,Medicare Made Clear,Medicare Made Clear from United Healthcare,≤100
101350839190816,Macro Conservative,Macro Conservative,≤100
103546351703577,Dallas Express,Dallas Express Media,≤100
92729316952,Covanta,Covanta,≤100
137662367278,League of Women Voters of the US,LEAGUE OF WOMEN VOTERS OF THE UNITED STATES,≤100
107283865722247,Bill Roedy for Miami Beach Mayor,WILLIAM HARVEY ROEDY JR CAMPAIGN,≤100
106959920878115,The Well Done Foundation,"WELL DONE FOUNDATION, INC.",≤100
1359505927455440,Global Health NOW,Johns Hopkins Bloomberg School of Public Health,≤100
341513602902369,CALL TO ACTIVISM,CALL TO ACTIVISM,≤100
67945990059,The American Petroleum Institute,The American Petroleum Institute,≤100
120778038066631,EveryLibrary,EveryLibrary,≤100
6727932795,Institute for Humane Studies,Institute for Humane Studies,≤100
1546952572205770,UAE USA United,The Embassy of the United Arab Emirates,≤100
1652735661427924,Compass Tax Educators,These ads ran without a disclaimer,≤100
674093346356017,Jen Kiggans for Congress,KIGGANS FOR CONGRESS,≤100
430869277025501,Dr. Nancy O'Reilly,"WOMEN CONNECT4GOOD, INC.",≤100
104092062075803,USA Jolt,"Jolt Media, Inc.",≤100
47393489592,Jew in the City,Jew in the City an NJ nonprofit,≤100
10803722213,Common Cause,COMMON CAUSE,≤100
114665075250432,The Zalkin Law Firm,"The Zalkin Law Firm, P.C.",≤100
608650595820049,The Conqueror Challenges,These ads ran without a disclaimer,≤100
104873005081197,Repro Legal Defense Fund,IF/WHEN/HOW,≤100
106505370729792,Proudly Served,Real Voices Media,≤100
1459524760968382,Alianţa,ALIANTA INC,≤100
268868046463126,Beacon Center of Tennessee,BEACON CENTER OF TENNESSEE,≤100
677546855674210,Stand to Reason,These ads ran without a disclaimer,≤100
114720784962153,Sam Bregman for District Attorney,Bregman for DA,≤100
1914537155242810,Life: Powered,Texas Public Policy Foundation,≤100
103966991229588,Frank Bojazi,Trending Views,≤100
403737406341879,National Women's Health Network,NATIONAL WOMENS HEALTH NETWORK,≤100
102592959026,Ocean Conservancy,"OCEAN CONSERVANCY, INC.",≤100
1013454855413378,Arena Mail + Digital,Arenawins,≤100
25480500554,BRAC,"BRAC USA, Inc.",≤100
499379343409991,Impact Fund,"IMPACT FUND, THE",≤100
101267705869524,OLAS Media,OLAS Media,≤100
112716658312239,Her Best Years,These ads ran without a disclaimer,≤100
513785465632396,Airline Passengers for Justice,Airline Passengers for Justice,≤100
21090771700,Gun Owners of America,Gun Owners of America,≤100
28483858161,Texas Scorecard,ScorecardMedia,≤100
969290446435504,Russell Fry,FRY FOR CONGRESS,≤100
613924535450605,Daniel L. Hatcher,Daniel L. Hatcher,≤100
65538457518,The Village Square,TO THE VILLAGE SQUARE INC,≤100
309931049030916,Break The Silence Against Domestic Violence,"BREAK THE SILENCE AGAINST DOMESTIC VIOLENCE, INC",≤100
100269439749767,American Freedom Warriors Clothing Co.,American Freedom Warriors Clothing Co.,≤100
104882775118194,Blame It On Biden,"Broken Fixes Entertainment, LLC",≤100
6919565207,Islamic Relief USA,These ads ran without a disclaimer,≤100
82609311925,GreenLatinos,GreenLatinos,≤100
87777747127,Greg Palast,Palast Investigative Fund,≤100
102763296131905,Post News,Post News,≤100
104329844668,American Bar Association,American Bar Association,≤100
109366181861530,President Trump is My Wingman,"Freedom From the Press, LLC",≤100
97279934919,bp America,BP CORPORATION NORTH AMERICA INC.,≤100
661596837200030,What's Happening Birmingham,"First Impressions Marketing Group, LLC",≤100
30618466815,Pacific Legal Foundation,Pacific Legal Foundation,≤100
310925405807,Citizens Climate Lobby,Citizens' Climate Lobby,≤100
245711905631405,Jeff Jackson,JEFF JACKSON FOR CONGRESS,≤100
106722117734040,Games Qwik,These ads ran without a disclaimer,≤100
273546779885377,The Gallant Pelham,"delupton, LLC",≤100
102533032327499,Protect and Serve PAC - Texas,Protect and Serve Texas GPAC,≤100
101273415723860,drtravnation80,These ads ran without a disclaimer,≤100
402233529856192,Ashtabula County Republican Party,Ashtabula County Republican Party,≤100
130848666099,Business Forward,Business Forward Inc.,≤100
100295932715908,Morrell For Mayor,Morrell For Mayor,≤100
111001362000671,"Steve Jackowski, Author",These ads ran without a disclaimer,≤100
183165025062107,The TESA Collective,"The Toolbox for Education and Social Action, Inc",≤100
311134189218940,For Our Future Nevada,For Our Future Action Fund,≤100
109475211795252,Freedom From The Press,"Freedom From the Press, LLC",≤100
262536810935097,Housing Is A Human Right,AIDS HEALTHCARE FOUNDATION,≤100
104657602040321,Truth Media,Truth Media,≤100
104840955989611,Rainbow Market,These ads ran without a disclaimer,≤100
97544505459,Luther Seminary,These ads ran without a disclaimer,≤100
107356708329311,Conservative News Stories,"Freedom From the Press, LLC",≤100
112443395099439,Jackson For Hobart,Committee to Elect Teddian Jackson,≤100
164075444271854,McBee Farm & Cattle Co,These ads ran without a disclaimer,≤100
102176712079037,Daily Floridian,Daily Floridian,≤100
1374906906166064,The Policy Circle,The Policy Circle,≤100
104107455066450,H. Russell Cohen,H. Russell Cohen,≤100
494259170754224,Keeping IDentities Safe,KEEPING IDENTITIES SAFE,≤100
196014930429730,Empowered by Light,Empowered By Light Foundation,≤100
268672113155656,The Expectations Project,THE EXPECTATIONS PROJECT INC,≤100
107409909326665,Stephen Wise Free Synagogue,"WISE, STEPHEN FREE SYNAGOGUE",≤100
110094158160834,The American Tribune,"Freedom From the Press, LLC",≤100
165282683518197,Minnesota Department of Health,These ads ran without a disclaimer,≤100
222539451627775,The Graceful Goose,The Graceful Goose,≤100
1021724717913869,Bantam Communications,Bantam Communications,≤100
2144413402256029,"UAP, Inc - United American Patriots",These ads ran without a disclaimer,≤100
103460651712789,Equity Intersection,Equity Intersection,≤100
163662804426854,Life Advancement Group,Life Advancement Group,≤100
114865354832878,Elect Mark Allen Smith 3rd District Supervisor Prentiss County,Elect Mark Allen Smith 3rd District Supervisor Prentiss County,≤100
1448985902033866,Trans Lifeline,Trans Lifeline,≤100
106609109378861,H2O Hero,Monroe County Department of Environmental Services,≤100
105348224679358,The Don't Unfriend Me Show,DONT UNFRIEND ME,≤100
50714237985,The Rutherford Institute,RUTHERFORD INSTITUTE,≤100
1605295603062909,Hot Seat for Judges,Hot Seat for Judges,≤100
337038226473839,Trish Regan,TARM HOLDINGS LLC,≤100
101203848900144,John M. Sproles - Henry County Sheriff,Sproles for Sheriff,≤100
171195311682401,ParentzTalk - Activities,These ads ran without a disclaimer,≤100
297006320492035,A Primary Owl,These ads ran without a disclaimer,≤100
251512801547984,Ken King,Ken King for State Representative,≤100
383095491885484,Vice Mayor Anna Hochkammer,Vice Mayor Anna Hochkammer,≤100
75553755070,Michael Smerconish,Michael Smerconish,≤100
85945492130,EnergyBoom,Energy Boom,≤100
302111635698,National Association of Tax Professionals (NATP),National Association of Tax Professionals,≤100
106705056029405,Renee Pawlish - Author,These ads ran without a disclaimer,≤100
307848132636968,The Villages Democrats Page,Villages Democratic Club,≤100
111265763982792,Austin Arthur of West Orange,"Austin Arthur for Orange County, Florida Commissioner District 1, Non-Partisan",≤100
102589746451856,American Black Journal,DETROIT EDUCATIONAL TELEVISION FOUNDATION,≤100
7292655492,MoveOn,MOVEON.ORG CIVIC ACTION,≤100
230053303681902,Americans for Prosperity Arizona,AMERICANS FOR PROSPERITY,≤100
112837868505404,John Fonfara for Hartford Mayor,Fonfara for Hartford,≤100
112912573793125,Rise Up for Justice,Rise Up for Justice,≤100
113202014337897,Defending American Liberty,Defending American Liberty,≤100
111598723672729,Alliance for Automotive Innovation,ALLIANCE FOR AUTOMOTIVE INNOVATION,≤100
142932506806,Texas Alliance for Life,"Texas Alliance for Life, Inc.",≤100
2168484930102843,EJ Moonshot,EJ Creations LLC,≤100
133753583953215,American History in 90 Minutes - The Common-Sense Guide to U.S. History,American History in 90 Minutes,≤100
118810339361,Plante Moran,These ads ran without a disclaimer,≤100
111027456985128,Lavinia Goodell,Lavinia Goodell,≤100
6726182861,Mike Pence,Mike Pence for President,≤100
67198072267,Michigan Capitol Confidential,Michigan Capitol Confidential,≤100
117214891638398,Street Grace,Street Grace Inc,≤100
903512083029207,Verena Cordeiro,These ads ran without a disclaimer,≤100
107077981585236,"Debt Elimination NOW, Neeley Law","Debt Elimination NOW, Neeley Law",≤100
103019409737549,Empower Missouri,Empower Missouri,≤100
296451777564823,Indiana Environmental Reporter,Indiana Environmental Reporter,≤100
115262456592822,Christians Engaged,Christians Engaged,≤100
100711852963449,Team Vivek,VIVEK 2024,≤100
100637631678746,Conservative News Daily,Conservative News Daily,≤100
45013872425,The Ripon Society,RIPON SOCIETY,≤100
106267229067013,Chris Laye for Scott County Sheriff,Chris Laye for Sheriff,≤100
113341457791145,Voices for Healthy Green Spaces,Voices for Healthy Green Spaces,≤100
102286035642350,Patriots for USA,USA Features Media LLC,≤100
146681338704261,Center for Spiritual Living Greater Cincinnati,These ads ran without a disclaimer,≤100
160191644025128,Walton Family Foundation,These ads ran without a disclaimer,≤100
225422650854192,Election Systems & Software,Election Systems & Software,≤100
96935476345,Democratic Governors Association (DGA),Democratic Governors Association,≤100
2255846891314996,Corn Refiners Association,Corn Refiners Association,≤100
104102452709956,The Millennial Cop,These ads ran without a disclaimer,≤100
106967202260421,Rodney Hall for Mississippi House Dist. 20,Hall for Mississippi,≤100
339432396135584,The Exodus Road,The Exodus Road,≤100
106862204671108,The Deplorable Americans,The Deplorable Americans,≤100
349528025129958,"Brevard County Sheriff's Office, Florida (Official)","Brevard County Sheriff's Office, Florida (Official)",≤100
316955281351,APWU - The American Postal Workers Union,AMERICAN POSTAL WORKERS UNION,≤100
101018283332,Long Beach City,City of Long Beach,≤100
2095417444068117,For Our Future MI,For Our Future Action Fund,≤100
104337645459559,Barriers Worldwide,These ads ran without a disclaimer,≤100
110645701551230,Kake Stories,These ads ran without a disclaimer,≤100
113026817019341,Steve Connally's Brain,Steve Connally's Brain,≤100
287754774569171,Americans for Prosperity-Montana,AMERICANS FOR PROSPERITY,≤100
108190904288170,Oregon Labor Policy Network,Oregon Labor Policy Network,≤100
174665813003584,Mission Partners for Christ,Mission Partners for Christ,≤100
338218229911752,Integrity First PAC,INTEGRITY FIRST PAC,≤100
1420200111329836,Alan C. Moore,Alan C. Moore,≤100
113496178208014,Protecting Our Democracy,Protecting Our Democracy,≤100
278105649059338,The AEGIS Alliance,The AEGIS Alliance,≤100
106536947732849,Hope in a Box,"HOPE IN A BOX, INC.",≤100
1729198467311786,G.A. Matiasz,62 Mile Press,≤100
108310235885897,Haymarket Books,"CENTER FOR ECONOMIC RESEARCH AND SOCIAL CHANGE, INC. THE",≤100
102392018062460,Delegate A.C. Cordoza,FRIENDS OF AC CORDOZA,≤100
101931635812737,Reform Congress,Reform Congress,≤100
118504121224492,Abilene TX Organizing NSCAR,These ads ran without a disclaimer,≤100
260713150211,Protect Our Winters,Protect Our Winters,≤100
104521238896557,June Marie Paintings,June-Marie Paintings,≤100
130753146592974,UCB USA,UCB USA,≤100
87377228013,Side with Love,UNITARIAN UNIVERSALIST ASSOCIATION,≤100
101224002310757,Seven Weeks Coffee,Seven Weeks Coffee,≤100
105599502191866,Florida Jolt,"Jolt Media, Inc.",≤100
210214622426593,Nexus Family Healing,NEXUS,≤100
127668823933246,The NewDEAL,NEWDEAL,≤100
306480006853271,Political-Paige.com BLOG,Political-Paige.com,≤100
249467225254927,The Love > hate Project,LOVE GREATER THAN HATE PROJECT,≤100
1620937204819048,Wildlife Trafficking Alliance,American Association of Zoological Parks & Aquariums,≤100
2023114331282570,Florida Daily,Florida Daily,≤100
1560105467624797,Generation180,Generation180,≤100
169840807024913,Jobob,The Jobob Show,≤100
594519783957655,Citizens for National Security,Citizens For National Security,≤100
639031809582672,GreaterAndGrander.com,GreaterAndGrander.com,≤100
38459747036,World Relief,World Relief,≤100
379436788783986,New Orleans Mom,These ads ran without a disclaimer,≤100
7035457015,Brave New Films,BRAVE NEW FOUNDATION 501(C)(3),≤100
108108121456950,Blue States PAC,BLUE STATES PAC,≤100
1406149713044974,Intellectual Judaism,Intellectual Judaism,≤100
101095043361,Americans United for Life,AMERICANS UNITED FOR LIFE,≤100
29770886815,Marijuana Policy Project,MARIJUANA POLICY PROJECT,≤100
283371552114439,金門-楊鎮浯,These ads ran without a disclaimer,≤100
223008867858902,American Action News,American Action News,≤100
102526514464016,State Rep Gail Pavliga for Portage,Gail Pavliga for State Representative,≤100
419172532191894,Beyond Plastics,Beyond Plastics,≤100
487406107954778,Red Movement Store,These ads ran without a disclaimer,≤100
108662425498649,Michael McCormick,Michael McCormick,≤100
659878157406228,America's Warrior Partnership,America's Warrior Partnership,≤100
497719423723034,Planned Parenthood California Central Coast,Planned Parenthood California Central Coast,≤100
170126260000702,Western Journal US News,The Western Journal,≤100
165858562140,Western Resource Advocates,WESTERN RESOURCE ADVOCATES,≤100
1060164470855840,Angela Rogensues,CTE ANGELA ROGENSUES,≤100
110748051487386,Oregonians for Choice at the Pump,Northwest Grocery Association,≤100
1375372595977513,UWorld Insurance Group,UWORLD INSURANCE GROUP,≤100
117507751891,United Poultry Concerns,"UNITED POULTRY CONCERNS, INC",≤100
111615207363753,"Rutila, Seibt & Nash, PLLC",These ads ran without a disclaimer,≤100
328042268580226,Stories of Antisemitism,Stories Of Antisemitism,≤100
104133745920178,Lisa Hall for Tribal Council,Lisa Hall for Tribal Council,≤100
461530314600399,Common Sense American Politics,Common Sense American Politics,≤100
104265135212143,Walden Mutual Bank,These ads ran without a disclaimer,≤100
14893370225,Sustainable Harvest International,SUSTAINABLE HARVEST INTERNATIONAL,≤100
114080905042873,For the Majority,For the Majority,≤100
105334892381660,AmericanTowns Politics,AMERICAN TOWNS,≤100
106621639030485,Seer,These ads ran without a disclaimer,≤100
109330805754158,AARP MN,AARP,≤100
23311628592,Heartland Alliance,Heartland Alliance for Human Needs & Human Rights,≤100
131618273567984,Jeff Landry,Landry for Louisiana,≤100
611865645522590,JusticeAid,JusticeAid,≤100
193861605858,Buffalo Field Campaign,BUFFALO FIELD CAMPAIGN,≤100
103990754697108,The Social Justice Movement,These ads ran without a disclaimer,≤100
104891932503484,Congressman Nick LaLota,Congressman Nick LaLota,≤100
111904024679959,Bold Majority,BOLD MAJORITY PAC,≤100
106332219018199,Congressman Nick Langworthy,The Office of Rep. Nick Langworthy,≤100
107350962049617,Count on Mothers,Mothers Count LLC,≤100
102412161901535,Mike France for CT2,MIKE FRANCE CT2,≤100
105529465894531,Unify Montrose,Unify America,≤100
452797224923658,The Democratic Coalition,THE DEMOCRATIC COALITION,≤100
110282325330578,Judson for Judge,Judson for Judge,≤100
108604275426183,koeng_co,These ads ran without a disclaimer,≤100
210937299260017,USA Features Media,USA Features Media LLC,≤100
21898300328,BuzzFeed,BuzzFeed,≤100
111131133551811,The Locke Society,Locke Society Inc,≤100
1191593944306272,State Rep. Julie Johnson,Julie Johnson for Congress,≤100
100806242836871,Preservation Pause,University of Arizona Indigenous Peoples Law and Policy Program,≤100
101500361547186,Keith Jacobs For President PAC,KEITH JACOBS FOR PRESIDENT,≤100
2220049454938703,Macomb County Clerk-Register of Deeds,MACOMB COUNTY CLERKS OFFICE,≤100
100888792995,City of Palo Alto - Public Agency,"PALO ALTO, CITY OF",≤100
993294760683044,Education Reform Now,EDUCATION REFORM NOW ADVOCACY INC,≤100
43853729859,Campaigns & Elections,Political World Communications,≤100
443208772387804,Jutt Huffman,These ads ran without a disclaimer,≤100
215479992305641,Becoming Young,Becoming Young,≤100
141395226689,New York State Nurses Association,"NEW YORK STATE NURSES ASSOCIATION, THE",≤100
259172105030299,Evan Pedone Author,These ads ran without a disclaimer,≤100
109304204926799,Gimel Reading,These ads ran without a disclaimer,≤100
165987503528599,Lindsey Graham,"TEAM GRAHAM, INC.",≤100
1226854550711523,Get Biofuel,Get Biofuel,≤100
156159351124728,SBBL Law,These ads ran without a disclaimer,≤100
101204378825808,Fight the Right,FIGHT THE RIGHT PAC,≤100
103929304678916,Voter Action Project,Integrity First Voter Action Project,≤100
103349209485629,Daily Outfits From Around the World,These ads ran without a disclaimer,≤100
11074328022,Carolina Development,UNC-Chapel Hill Office of University Development,≤100
458643554482238,Uri Velez La Sra de los Seguros,Euridis Velez,≤100
2259323457517498,Abolish the Electoral College,Abolish the Electoral College,≤100
37461287798,Jesuit Refugee Service/USA,JESUIT REFUGEE SERVICE INC,≤100
116249301485010,Mo MIL Music,These ads ran without a disclaimer,≤100
14084625156,Susan G. Komen,Susan G. Komen,≤100
105065245931319,CyberCatch - TSXV: CYBE,These ads ran without a disclaimer,≤100
108104178951023,Insurance Wizard,Insurance Wizard,≤100
100298938781,Robert Wood Johnson Foundation,THE ROBERT WOOD JOHNSON FOUNDATION,≤100
488740674837681,198 Methods,198 methods,≤100
103040515082207,I Love Skull - Tatkuink.com,These ads ran without a disclaimer,≤100
186225971389257,Keeping the Kansas Promise,NATIONAL PUBLIC PENSION COALITION,≤100
838799112914425,Wisconsin Justice Initiative,Wisconsin Justice Initiative Inc.,≤100
1376465702586897,Coloradans for Responsible Energy Development,Coloradans for Responsible Energy Development,≤100
20239752285,The American Prospect,"The American Prospect, Inc.",≤100
1581066988819381,Alums for Campus Fairness,Alums for Campus Fairness,≤100
428173550596440,Rep. Ritchie Torres,Office of Congressman Ritchie Torres,≤100
102864378009285,Councilwoman Jessie Lopez,Santa Ana Taxpayers Against the Corrupt Recall of Jessie Lopez,≤100
240425642652222,South Florida Wildlands Association,South Florida Wildlands Association,≤100
1579920062256328,Custom Content from WSJ,These ads ran without a disclaimer,≤100
113417134335063,The Radical Independent,The Radical Independent,≤100
239658882763974,Poverty USA by CCHD,UNITED STATES CONFERENCE OF CATHOLIC BISHOPS,≤100
1352308314901529,Lindenhurst Knights of Columbus Council #794 - OLPH,Lindenhurst Knights of Columbus Council #794 - OLPH,≤100
108524420538011,Hoosiers for Renewables,Hoosiers for Renewables LLC,≤100
885601971487465,Kerri Callais for Parish President,Kerri Callais Campaign,≤100
44409199155,Amazon Conservation Team,AMAZON CONSERVATION TEAM,≤100
103195012122538,Friends of Little Cottonwood Canyon,Friends of Little Cottonwood Canyon,≤100
398233886974905,Mike Grieco for Miami Beach Mayor,"Mike Grieco for Miami Beach Mayor, non-partisan",≤100
90373196485,South Carolina Policy Council,South Carolina Policy Council,≤100
528012934035108,Joe Mulligan for Middletown,Friends of Joe Mulligan,≤100
106159299124846,Dirk Guidry for Parish President,Dirk Guidry for Parish President,≤100
19856390207,LiveBeyond,MOBILE MEDICAL DISASTER RELIEF INC,≤100
1573514862764092,Speech First,Speech First,≤100
449532451834913,Fishers Finery,Fishers Finery,≤100
5861903849,USA for UNFPA,USA for UNFPA,≤100
118066774607479,Marcia Masulla for Council at-Large,Marcia for Nashville,≤100
13867925345,Equality Florida,Equality Florida,≤100
107251195285052,Florida's Right to Clean Water,Florida Right to Clean Water,≤100
100710759119069,Blue Planet Ecosystem,Blue Planet Ecosystem,≤100
101422986006149,Dyme.Earth,Dyme Digital Inc,≤100
348521388580843,Talks On Law,Talks On Law,≤100
111812468884033,W.K. Kellogg Foundation,These ads ran without a disclaimer,≤100
109558452189254,René Díaz-Corzo,Rene Diaz,≤100
120691547975870,MichaelaCorning,These ads ran without a disclaimer,≤100
115150578204235,David Kiefer for Westfield Council,David Kiefer for Westfield Council,≤100
262328690573306,Friends of Baxter State Park,FRIENDS OF BAXTER STATE PARK,≤100
187747791818631,East Tennessee Economic Council - ETEC,These ads ran without a disclaimer,≤100
192738164073627,A Better Balance,These ads ran without a disclaimer,≤100
182574111780105,California Bicycle Coalition,California Bicycle Coalition,≤100
245481022560114,John Stefanski,John Stefanski Campaign,≤100
187850809456,PSEA - PA State Education Association,PENNSYLVANIA STATE EDUCATION ASSOCIATION,≤100
445640168934708,Senator Chad McMahan,Senator Chad McMahan,≤100
6820348410,Kirsten Gillibrand,Gillibrand for Senate,≤100
188441263945,Laboratory to Combat Human Trafficking,LCHT,≤100
425399447824959,The Templeton Prize,These ads ran without a disclaimer,≤100
100575109262683,Kov Stories,These ads ran without a disclaimer,≤100
265302400637965,Dan Meuser for Congress,MEUSER FOR CONGRESS,≤100
1804156426550062,Tim Kennedy for Senate,KENNEDY FOR SENATE,≤100
146918864568,Illinois Farm Bureau,ILLINOIS AGRICULTURAL ASSOCIATION,≤100
508841265844302,HIRA News - Hawaii Republican Action,HIRA News - Hawaii Republican Action,≤100
109157542462704,Hudbay Minerals Arizona,Hudbay -Rosemont Copper,≤100
106568024842114,Rideshare Assault Support,Citizen Ad Network LLC,≤100
142405795847179,Breathe Project,COMMUNITY FOUNDATION OF GREATER JOHNSTOWN,≤100
107618578223660,California Courier,California Courier,≤100
105331281509462,Congressman Jake LaTurner,Office of Congressman Jake LaTurner,≤100
291391758252756,Wyoming Coalition for a Healthy Retirement,NATIONAL PUBLIC PENSION COALITION,≤100
203420943084617,Damnthedemocrats,Damnthedemocrats,≤100
115547311467142,"George Umansky for St. Lucie County, Supervisor of Elections",Elect George Umansky,≤100
108664832041231,Lead a healthy life,These ads ran without a disclaimer,≤100
335006365022,The Jonah Center for Earth and Art,The Jonah  Center for Earth and Art,≤100
103797335883363,,These ads ran without a disclaimer,≤100
1042560925858683,John Kelly,John Kelly,≤100
9157920604,Ken Calvert,KEN CALVERT FOR CONGRESS COMMITTEE,≤100
108190958368324,Dragon Read,These ads ran without a disclaimer,≤100
107977798705602,Fantastic Trends Daily,These ads ran without a disclaimer,≤100
117656194651888,Joe Magazine for Miami Beach Commissioner,JOE MAGAZINE FOR MIAMI BEACH COMMISSIONER,≤100
214061167976,El Tiempo Latino,MASTV EL PLANETA LLC,≤100
317371771995065,AARP Arizona Hispanic Connection,AARP,≤100
109593875402273,Niedbalski 4 Mishawaka,Niedbalski 4 Mishawaka,≤100
112602535494455,The Reporters Inc,REPORTERS INC,≤100
100119154666844,Zonta USA,Zonta USA Caucus,≤100
108180206470137,Iowans for Wind & Solar,270 Strategies,≤100
100589748034128,Beyond Trafficking,These ads ran without a disclaimer,≤100
106666418314021,radicalmedia,These ads ran without a disclaimer,≤100
407767916003589,U.S. Representative John Carter,Office of U.S. Representative John Carter,≤100
106186708919755,Perficient - A Global Digital Consultancy,These ads ran without a disclaimer,≤100
106408892287458,heisei_syonen,These ads ran without a disclaimer,≤100
948357225279601,Hold Police Accountable with an Elected Civilian Review Board,These ads ran without a disclaimer,≤100
119390124518977,Seguros de salud - Obamacare,These ads ran without a disclaimer,≤100
671413332977763,Congressman Alex Mooney,Office of Congressman Alex Mooney,≤100
39197138659,ACLU of New Mexico,ACLU of New Mexico,≤100
293504781510576,Congresswoman Veronica Escobar,Office of Congresswoman Veronica Escobar,≤100
106124975682358,Jimmy Fondren for Mississippi House District 111,Committee To Elect Jimmy Fondren,≤100
400851746967779,Nicole Malliotakis,NICOLE FOR NEW YORK,≤100
112205148124839,Emily Busch for Congress,Emily Busch for Congress,≤100
10606591490,TIME,TIME USA LLC,≤100
104633172169315,TBabys' Hope,These ads ran without a disclaimer,≤100
102832786182719,Wgdan Abdala,These ads ran without a disclaimer,≤100
169668596476550,AFSCME en Español,AMERICAN FEDERATION OF STATE COUNTY & MUNICIPAL EMPLOYEES,≤100
127691390582,PHI,"PARAPROFESSIONAL HEALTHCARE INSTITUTE, INC.",≤100
60865633726,Love Justice International,TINY HANDS INTERNATIONAL,≤100
110500431600342,The San Francisco Inquirer,The San Francisco Inquirer,≤100
101682558062329,Farm Action Fund,Farm Action Fund,≤100
108487019225755,Lignite Energy Council,LIGNITE ENERGY COUNCIL,≤100
114128055303516,ProgressNow New Mexico,ProgressNow New Mexico,≤100
108588701950679,Idaho Moms,Idaho Moms,≤100
902733283202820,LocalWe,These ads ran without a disclaimer,≤100
137006633136916,Kevin Coleman for Mayor,Kevin Coleman for Mayor,≤100
101542284893130,Delaware LIVE News,DELAWARE LIVE LLC,≤100
110215891477092,Entertainment Dude,These ads ran without a disclaimer,≤100
114386721939978,The Made in America Store,Made In America Store,≤100
109684365336336,Make America Great Again,These ads ran without a disclaimer,≤100
107414074990650,Defense of Freedom Institute,"Defense of Freedom Institute for Policy Studies, Inc.",≤100
123286000747661,Matt Gunderson for Congress,GUNDERSON FOR CONGRESS,≤100
216052228433696,Arcus Foundation LGBTQ Social Justice,ARCUS FOUNDATION,≤100
488270467889488,Blake Miguez,Friends of Blake Miguez,≤100
278493145589525,Oakland Rising Action,Oakland Rising Committee sponsored by the Center for Empowered Politics,≤100
896759427103774,Modern Medicaid Alliance,Modern Medicaid Alliance,≤100
8145161702,Lambda Legal,LAMBDA LEGAL DEFENSE & EDUCATION FUND INC,≤100
2125374150813340,Judy Eychner - Kerrville City Council Place 3,These ads ran without a disclaimer,≤100
122742807774775,Municipal Water District of Orange County,Municipal Water District of Orange County,≤100
288976557960846,"Greg Stroud, Broker, Homes For Heroes & Benchmark Realty, LLC",These ads ran without a disclaimer,≤100
100416560012896,Friends of the Everglades,FRIENDS OF THE EVERGLADES INC,≤100
511229578900828,"Greater Bergen Community Action, Inc. - GBCA","Greater Bergen Community Action, Inc.",≤100
113185248433849,kophinn,These ads ran without a disclaimer,≤100
113960491590597,Sidney Morales for Lafayette Parish Council District 2,Friends of Sidney Morales,≤100
683095228488145,Scott McKnight,The Scott McKnight Campaign,≤100
530734197087680,Voces Silenciosas,These ads ran without a disclaimer,≤100
2436403486378786,Tim Temple,Tim Temple Campaign,≤100
107079334661650,Tramites de licencias federales JRZ,These ads ran without a disclaimer,≤100
1832245947018802,Chris Rose for US Senate - WV,ROSE FOR WEST VIRGINIA,≤100
101564054951838,We The Forest,We The Forest,≤100
105730215458879,Tiron Stories,These ads ran without a disclaimer,≤100
107472855565952,Supervisor Jeff Flores,Supervisor Jeff Flores,≤100
105652832443066,Carbon Titans,CARBON TITANS LLC,≤100
113568841713132,aikanefilm,These ads ran without a disclaimer,≤100
106986341085385,MLE Of The Maury Seldin LLC,MLE Of The Maury Seldin LLC,≤100
102663191965686,Salex,Salex Sv,≤100
118852891169151,Queens Village Akron,These ads ran without a disclaimer,≤100
107828221535364,Wyoming Truth,These ads ran without a disclaimer,≤100
100895162285178,Faith & Flame - Books and Gifts,These ads ran without a disclaimer,≤100
126815818975,Global Fund for Children,GLOBAL FUND FOR CHILDREN (THE),≤100
492842434245701,Social Workers & Allies Against Solitary Confinement - SWASC,These ads ran without a disclaimer,≤100
106859672407831,Funny People Space - Page 2,These ads ran without a disclaimer,≤100
114818068214880,Kathryn Lybarger for Senate,Kathryn Lybarger for State Senate 2024,≤100
471686939653076,Brookwood Landscape and Stonework,These ads ran without a disclaimer,≤100
220503571689546,Women4Change,Women4Change Indiana,≤100
554518314571405,Mass Retirees,"Retired State, County and Municipal Employees Association of Massachusetts",≤100
1424274741170288,UU Class Conversations,These ads ran without a disclaimer,≤100
101099418089760,"Wealthy Woman Lawyer, LLC",These ads ran without a disclaimer,≤100
111353945167018,Congressman Tom Kean,"Office of Congressman Tom Kean, Jr.",≤100
102356589314098,Political Comms,Political Comms LLC,≤100
100690044889271,State Attorney Monique H. Worrell - Ninth Judicial Circuit,State Attorney Monique H. Worrell - Ninth Judicial Circuit,≤100
716660871814077,Michael Quinn Sullivan,These ads ran without a disclaimer,≤100
142856248701,Save Our Springs Alliance,Save Our Springs Alliance,≤100
85543026043,Consumers Energy,CONSUMERS ENERGY COMPANY,≤100
1914561178824972,Trumped,Trumped,≤100
349791962189803,The Bridesblush Social,These ads ran without a disclaimer,≤100
27544763621,Prison Fellowship,Prison Fellowship,≤100
287419001041,National Black Book Festival,CUSHCITY.COM INC,≤100
112286905131293,Just for Joe News,These ads ran without a disclaimer,≤100
200990963441531,Boredom Therapy,These ads ran without a disclaimer,≤100
105526928650330,buymeahotdog,These ads ran without a disclaimer,≤100
20188298765,ACLU of Maryland,AMERICAN CIVIL LIBERTIES UNION OF MARYLAND INC,≤100
323913736052,Lexington County Sheriff's Department,Lexington County Sheriff's Department,≤100
103649939028193,Costa Mesa Confidential,Costa Mesa Confidential,≤100
106002291958815,"Healing Evolution, Thailand",These ads ran without a disclaimer,≤100
250712581685125,Joe Saunders,Joe Saunders for State House,≤100
111499465080080,John Tillman,John Tillman,≤100
108838015356840,"Keri Martin, Realtor",These ads ran without a disclaimer,≤100
583715925012376,Mayor Trent Staggs,TRENT STAGGS FOR UTAH,≤100
109310697497002,NEGRO DIGEST,NEGRO DIGEST Magazine LLC,≤100
116374041727027,A New Leaf,"A NEW LEAF, INC.",≤100
142205772542022,Accountability Lab,These ads ran without a disclaimer,≤100
116329858118333,Elegan Daily,These ads ran without a disclaimer,≤100
107225061128876,Commonwealth Educational Opportunities,Commonwealth Educational Opportunities,≤100
56680318666,Illinois Policy,Illinois Policy,≤100
111269435300108,Michael Stern for Carmel Highway Superintendent,Michael Stern for Carmel Highway Superintendent,≤100
101415254816106,[FB Test Page] Political Test Business Main Page,US org 1,≤100
102431455226232,Time To Run,TIME TO RUN,≤100
110314332039649,a_figueroa94,These ads ran without a disclaimer,≤100
110388598280411,Nk Reading,These ads ran without a disclaimer,≤100
1550724111880347,HEAL California,California OneCare Education Fund,≤100
161107820658032,La Red Hispana,"HISPANIC COMMUNICATIONS NETWORK, LLC",≤100
356050017804283,WSPA (Western States Petroleum Association),WESTERN STATES PETROLEUM ASSOCIATION,≤100
1456177441185060,State Representative Rhonda Butler,State Representative Rhonda Butler,≤100
129523843754764,Vote Smart,PROJECT VOTE SMART,≤100
1686005551614662,"Sherri L Washington Rockdale County Commissioner, Post 1",These ads ran without a disclaimer,≤100
204289119644783,Palisades Community Association,These ads ran without a disclaimer,≤100
108868505282034,Non-Stop Entertainment,These ads ran without a disclaimer,≤100
112420651829327,DeSantis 2024 Quotes Shirt - Make America Florida,world beater brands llc,≤100
109484472066825,Jonathan Berry for State Representative,Jonathan Berry for State Senate,≤100
655374504522811,"Pamela Price, Alameda County District Attorney - Personal",Pamela Price for Alameda County District Attorney 2028,≤100
212799632483,"SEMCOG, Southeast Michigan Council of Governments",The Southeast Michigan Council of Governments,≤100
1382031428685910,John Whitmire,John Whitmire Campaign,≤100
167721133253158,The White House Historical Association,These ads ran without a disclaimer,≤100
479968185474427,Robert Foster,Robert Foster,≤100
1169547736554516,Not The Expert Podcast,These ads ran without a disclaimer,≤100
164734040266858,Senator David Blount,David Blount for State Senate,≤100
1788530101402591,Rep. John McCravy,McCravy for House,≤100
112823684641953,actually.caucasian,These ads ran without a disclaimer,≤100
113247605122169,Energy Content Solutions,These ads ran without a disclaimer,≤100
104794145261003,Cory McGarr for AZ House,MCGARR FOR ARIZONA HOUSE,≤100
112378316832885,Better PA,Better Pennsylvania Inc,≤100
353554052328362,Our Funny Little Site Magazine,These ads ran without a disclaimer,≤100
74261463421,AFSCME Council 28 WFSE,"WASHINGTON FEDERATION OF STATE EMPLOYEES, AFL-CIO",≤100
288369791569,SEIU 721,SEIU Local 721,≤100
844928908862648,1 Hotels,These ads ran without a disclaimer,≤100
183178002499514,Niamh M Middleton,Niamh M Middleton,≤100
554068118068340,"Patrick J. Burns - Composer, Conductor, Raconteur",These ads ran without a disclaimer,≤100
100674916380082,John FitzGerald for Boston City Council,FitzGerald Committee,≤100
114689798156471,buzzmeinstore,These ads ran without a disclaimer,≤100
117220750122657,Gail Gensler,These ads ran without a disclaimer,≤100
110537135087483,,These ads ran without a disclaimer,≤100
152759126824,Enbridge,Enbridge Inc.,≤100
910834685971360,Jen GV Gilliland Vanasdale Justice for All,Jen GV Gilliland Vanasdale Justice for All,≤100
103548685970305,Ricky Caldwell - for MS State Senate 9,Friends of Ricky Caldwell for Senate 9,≤100
111522588523299,ginosyracuse,These ads ran without a disclaimer,≤100
316504805958562,Melanin Meadow,These ads ran without a disclaimer,≤100
1888216188065538,Congressman James Comer,Congressman James Comer,≤100
104237051371667,Fandiem,Fandiem Inc,≤100
101631812212776,dr.claudia.md,These ads ran without a disclaimer,≤100
107260712363077,Outlaw Films,These ads ran without a disclaimer,≤100
1155840037910203,Nuevas Ideas Afiliados del Exterior,123 Digital LLC,≤100
106072988918406,big.hope.project,These ads ran without a disclaimer,≤100
109478084117039,Police Kids Books,These ads ran without a disclaimer,≤100
38236386996,LSU Press,LSU Press,≤100
1571401929773000,North County  Climate Change Alliance,North County Climate Change Alliance,≤100
102777016109613,Max Tuchman,"MAX TUCHMAN FOR MIAMI-DADE COUNTY SCHOOL BOARD, DISTRICT 7, NON-PARTISAN",≤100
102530513126493,Town of Babylon - Government,Town of Babylon - Government,≤100
1792966030729641,"Wild Project - Leadership, Organizing, & Action",Wisconsin Leadership Development Project,≤100
64468870451,Premiere Speakers Bureau,Premiere Speakers Bureau,≤100
113060193828374,Flint Public Health Youth Academy-FPHYA,These ads ran without a disclaimer,≤100
1548853772019803,Congressman Rick Allen,Congressman Rick W. Allen,≤100
31966561030,National Taxpayers Union,National Taxpayers Union,≤100
2062351570740059,Texas Realty Exchange,These ads ran without a disclaimer,≤100
448760138491585,Chairman Jeremy Zellner,Chairman Jeremy Zellner,≤100
408252582872693,Daniella Levine Cava,"Daniella Levine Cava, Non-Partisan, for Miami-Dade County Mayor",≤100
1652562908172918,Build a Better Seattle,These ads ran without a disclaimer,≤100
133764907211570,Concerned Citizen,Concerned Citizen,≤100
103692202370041,,These ads ran without a disclaimer,≤100
103071265300087,"Stark County, OH",These ads ran without a disclaimer,≤100
116952797951576,Fiveo Finder,These ads ran without a disclaimer,≤100
103893891262140,Bearce Artistry,These ads ran without a disclaimer,≤100
101495782090286,Noah Webster Educational Foundation,Noah Webster Educational Foundation,≤100
227535924071462,Animal Petitions,AnimalPetitions.org,≤100
114964581636371,Elon musk publicist group,These ads ran without a disclaimer,≤100
2126461504133034,Envision:You,These ads ran without a disclaimer,≤100
811900825495982,Niskanen Center,The Niskanen Center,≤100
101684346187812,Dale Lee Glory for Cherokee Nation District 1 Tribal Council,Dale Lee Glory for Cherokee Nation District 1 Tribal Council,≤100
112993736931530,Mr. Elephant,These ads ran without a disclaimer,≤100
106508481035441,Pocatello For Accountable Government Entities,Pocatello for Accountable Government Entities,≤100
311536622860495,SoCal Daily Pulse,SoCal Daily Pulse,≤100
1842341652707472,Legit Politic,Legit Politic,≤100
118492964624296,,These ads ran without a disclaimer,≤100
174971709316,Cigna Healthcare,These ads ran without a disclaimer,≤100
120284441044227,Somali Relief & Care Organizations,These ads ran without a disclaimer,≤100
71213789567,EmpowR Transformation,EmpowR,≤100
728745887260738,Ben Queen,Friends of Ben Queen,≤100
90611704944,St. Clair County Republican Party,St Clair County Republican Central Cmte,≤100
205332123261241,Знакомства RusDate,These ads ran without a disclaimer,≤100
267353906619818,Mr. Gugu & Miss Go,These ads ran without a disclaimer,≤100
111676648527525,Rebottle.Shop,These ads ran without a disclaimer,≤100
204223673035117,MBL - Movimento Brasil Livre,These ads ran without a disclaimer,≤100
104469449001715,finegemsandminerals,These ads ran without a disclaimer,≤100
555617164642829,James Stew,These ads ran without a disclaimer,≤100
116528391447635,Chief judge.com,These ads ran without a disclaimer,≤100
106341042017795,newby33,These ads ran without a disclaimer,≤100