﻿Page ID,Page name,Disclaimer,Amount spent (USD)
179167545479394,Салідарнасць,Онлайн-медиа «Салiдарнасць»,≤100
105497721784216,Филин. Оперативная аналитика и публицистика,Филин. Оперативная аналитика и публицистика,≤100
102157139457754,cakesboss_by,These ads ran without a disclaimer,≤100
1399933563560497,"Romanian Service, China Radio International",These ads ran without a disclaimer,≤100
102780722682542,Una ragazza pechinese,These ads ran without a disclaimer,≤100
284370804968723,"Croatian service, China radio International",These ads ran without a disclaimer,≤100
111909974830714,Мара Фіт,These ads ran without a disclaimer,≤100
1860782777346343,Astons Russia,These ads ran without a disclaimer,≤100