﻿Page ID,Page name,Disclaimer,Amount spent (ISK)
314036327204,VR,VR,11912
441539862613489,Foreldrasamtök gegn áfengisauglýsingum,Árni Guðmundsson,6463
430089884101936,Þingflokkur Pírata,Þingflokkur Pírata,2178
154893001218870,ADHD samtökin,ADHD samtökin,1247
108295544832396,Jóhann Páll Jóhannsson,Jóhann Páll Jóhannsson,1225
117923164930140,Lifandi vísindi- Lifandi saga,Guðbjartur Finnbjörnsson,1107
891307104382857,Alexandra Briem,Alexandra Briem,712
148872571795434,Viðskiptaráð Íslands,Viðskiptaráð Íslands,682
157073914303469,Stjórnarskrárfélagið -The Icelandic Constitution Society,Stjórnarskrárfélagið,580
184042545536602,Garðabæjarlistinn,Garðabæjarlistinn,428
137524753533383,Miðflokkurinn,Fjóla Björnsdóttir,347
1438606279746434,Heiða Björg Hilmisdóttir,Heiða Hilmisdóttir,234
185561295623272,Move To Help Foundation,These ads ran without a disclaimer,≤100
115393638502087,CPHI,These ads ran without a disclaimer,≤100