﻿Page ID,Page name,Disclaimer,Amount spent (NGN)
119723736100630,Ala - Delight Publicity Services,Ala - Delight Publicity Services,772
1813961455356524,Sen. Lawrence Ewhrudjakpo,Sen. Lawrence Ewhrudjakpo,401
104679584528987,Flourish,Flourish,≤100
971769479677563,Gbenga Olawepo-Hashim,The Conclave,≤100
913242715449176,Prophet Ekong Ituen Ministries,Prophet Ekong Ituen Ministries,≤100
104238252286926,Nwankwo Promise Chibuzo,Nwankwo Promise Chibuzo,≤100
104391618995614,Nwachukwu Anthony Anakwenze,Nwachukwu Anthony Anakwenze,≤100
103018869332378,BantuPage,BantuPage,≤100
114101859961659,Hon. Joe Ikenwe,These ads ran without a disclaimer,≤100
660685641036325,Sandeco Group,Sandeco Group,≤100
103864958273670,"School of Politics, Policy, and Governance",The School Of Politics Policy and Governance,≤100
101162946073654,Brighter Star,These ads ran without a disclaimer,≤100
100202924924063,Page 36,Page 36,≤100
106369755494287,Mayor of Ekiti,These ads ran without a disclaimer,≤100
101332076131773,Ezeugo Kingsley,These ads ran without a disclaimer,≤100
110142222057312,Mallam zaaki saha naa dapacha,These ads ran without a disclaimer,≤100
107327332388930,Bare TV,These ads ran without a disclaimer,≤100
854694291339191,"Radiant Impact Bible Training College, Ghana",These ads ran without a disclaimer,≤100
102229522228433,Jkingsworld,These ads ran without a disclaimer,≤100
114559851644906,Adebanji Adeoye Atewogboye,These ads ran without a disclaimer,≤100
105580098826545,Fr. Hyacinth Iormem Alia,Fr. Hyacinth Iormem Alia,≤100
109479448851899,Mayor Emeka Samson,These ads ran without a disclaimer,≤100
102494176217517,Dr. Patrick Umoh,These ads ran without a disclaimer,≤100
103810824474398,Prince Olaide Akinremi Jagaban,These ads ran without a disclaimer,≤100
343681495802932,Akwa Ibom State Legacy,These ads ran without a disclaimer,≤100
297904423657616,The ICIR,The ICIR,≤100
110932215218943,Obi-Datti 4 Nigeria,These ads ran without a disclaimer,≤100
342390989584137,SCLAN Television,SCLAN TV REALITY PROGRAM,≤100
216311481960,Bill Gates,These ads ran without a disclaimer,≤100