﻿Page ID,Page name,Disclaimer,Amount spent (USD)
107593641052290,Juan Rodriguez,Juan Alberto Rodriguez Escobar,≤100
120737174300396,Julio Marroquín,Julio Marroquín,≤100
102681318100638,Juan Carlos Zepeda Marroquín,Juan Carlos Zepeda Marroquin,≤100
111684638235538,Soyapango UNIDO,Jacob Josafat Benitez Carrillo,≤100
100568368335023,Fatima Esmeralda Ascencio,Esmeralda Asencio,≤100
701253336579808,Revista GatoEncerrado,These ads ran without a disclaimer,≤100
113067177682259,PMD - Dogs is my  world,These ads ran without a disclaimer,≤100