﻿Page ID,Page name,Disclaimer,Amount spent (EUR)
153707501325987,Lietuvos Respublikos vyriausioji rinkimų komisija,Lietuvos Respublikos vyriausioji rinkimų komisija,≤100
76783564232,Europos Komisijos atstovybė Lietuvoje,Europos Komisijos atstovybė Lietuvoje,≤100
460195401047293,Enefit Lietuva,Enefit Lietuva,≤100
198404080183024,Swedbank Lietuvoje,„Swedbank“ Lietuvoje,≤100
93535661889,TV3 televizija,TV3 televizija,≤100
111132404102621,Polltix,Polltix,≤100
100603032373835,FMC Agro Lithuania,These ads ran without a disclaimer,≤100
446301252118032,DELFI Kelionės,DELFI Kelionės,≤100
176464169358846,Lygių galimybių kontrolieriaus tarnyba,Lygių galimybių kontrolieriaus tarnyba,≤100
287613331259579,M.G.Maksimalietis,M.G.Maksimalietis,≤100
188014250186,Europos Parlamento biuras Lietuvoje,Europos Parlamento biuras Lietuvoje,≤100
187111975181,Knygynų tinklas „Pegasas“,Pegasas,≤100
190209177745566,Lietuvos valstiečių ir žaliųjų sąjunga,Lietuvos valstiečių ir žaliųjų sąjunga,≤100
169414316438308,Waldemar Tomaszewski / Valdemar Tomaševski,AWPL-ZCHR,≤100
112750085143195,,These ads ran without a disclaimer,≤100
1770790246511545,Perkuknyga.lt,Perkuknyga.lt,≤100
147547541961576,Council of the European Union,Council of the European Union,≤100
1052857804792527,Asta Kubilienė LR Seimo narė,Asta Kubilienė,≤100
125379923659,Valdovų Rūmai,Palace of the Grand Dukes of Lithuania (Nacionalinis muziejus Lietuvos Didžiosios Kunigaikštystės valdovų rūmai),≤100
178362315106,European Parliament,European Parliament,≤100
81004804444,Liberalai,Liberalai,≤100
100293946395534,,These ads ran without a disclaimer,≤100
161455414794937,Integre Trans,These ads ran without a disclaimer,≤100
114655564943356,,These ads ran without a disclaimer,≤100
738507292917894,Peticijos.lt,"Peticijos, VšĮ",≤100
122026544199679,,These ads ran without a disclaimer,≤100
100500041463161,Nenutrink medžio,VŠĮ „Už savus“,≤100
465577876815449,LRT RADIJAS,Lithuanian National Radio and Television (LRT),≤100
1317062041760954,River Cleanup Lietuva,These ads ran without a disclaimer,≤100
100191478392905,Laikraštis „Akistata“,These ads ran without a disclaimer,≤100
116393014767087,,These ads ran without a disclaimer,≤100
144709575593854,EESC - European Economic and Social Committee,EESC - European Economic and Social Committee,≤100
2121608601493086,Locked N' Loaded,These ads ran without a disclaimer,≤100
110619731771638,Tie2.lt,These ads ran without a disclaimer,≤100
527351247377965,European Committee of the Regions,European Committee of the Regions,≤100
1317062041760954,River Cleanup Lietuva,Žaliosios politikos institutas,≤100
109922655427971,,These ads ran without a disclaimer,≤100
233692766675500,YIT Lietuva,"YIT Lietuva, UAB",≤100
102072599470181,Advanced Trading,These ads ran without a disclaimer,≤100
102952309457793,History in Number,These ads ran without a disclaimer,≤100
100386342622682,Studerende på Københavns Universitet,These ads ran without a disclaimer,≤100
107237888124833,Vy Oanh Authentic - Túi xách cao cấp uy tín,These ads ran without a disclaimer,≤100