﻿Page ID,Page name,Disclaimer,Amount spent (THB)
546416699215073,ห้องสื่อครูคอม,ห้องสื่อครูคอม,≤100
104393812499502,ชีทสรุปกฎหมาย สำหรับสอบราชการ พนักงานราชการ by.kantap,ชีทสรุปกฎหมาย สำหรับสอบราชการ พนักงานราชการ by.kantap,≤100
622674297897819,Screenshirt2020,Screenshirt2020,≤100
110325275488,efinanceThai,efinanceThai,≤100
108515294626891,สอบข้าราชการท้องถิ่น By Thurakan,สอบข้าราชการท้องถิ่น By Thurakan,≤100
101504656149099,Peace Sasipatra  - พีซ ศศิร์ภัทรา,Peace Sasipatra  - พีซ ศศิร์ภัทรา,≤100
110766468644579,อนันต์ ปรีดาสุทธิจิตต์,อนันต์ ปรีดาสุทธิจิตต์,≤100
104414891596686,Studio Photo Story,These ads ran without a disclaimer,≤100
104427797605274,พี่ต่อ ดร.เฉลิมชัย ศรีอ่อน “คำไหน-คำนั้น”,พี่ต่อ ดร.เฉลิมชัย ศรีอ่อน “คำไหน-คำนั้น”,≤100
1105604039583762,Line One สว.นท. ขอเชิญส่งประวัติ ส่วนตัว องค์กร เพื่อเข้ารับรางวัลประจำปี,Line One สว.นท. ขอเชิญส่งประวัติ ส่วนตัว องค์กร เพื่อเข้ารับรางวัลประจำปี,≤100
105546651850693,วีรนันท์ ฮวดศรี-Weeranan Huadsri-ทนายป๊อก,วีรนันท์ ฮวดศรี-Weeranan Huadsri-ทนายป๊อก,≤100
418729291509368,สถาบันปรีดี พนมยงค์ Pridi Banomyong Institute,สถาบันปรีดี พนมยงค์ Pridi Banomyong Institute,≤100
107612328588715,The Voters,The Voters,≤100
688964051967832,บูชาธรรม,These ads ran without a disclaimer,≤100
186338508628217,ChristLike,These ads ran without a disclaimer,≤100
1866957280018986,จัดหนัก พักบ้านนี้,These ads ran without a disclaimer,≤100
107539654392167,เจริญพุทธา,These ads ran without a disclaimer,≤100
115922723434700,ครูเจพีสรุปย่อ for Teacher,ครูเจพีสรุปย่อ for Teacher,≤100
117202611369933,ป้ายชื่อเครื่องแบบด่วน,These ads ran without a disclaimer,≤100
111341764925564,สำนักสนับสนุนการพัฒนาระบบสุขภาพ - สำนัก 7 สสส.,สำนักสนับสนุนการพัฒนาระบบสุขภาพ - สำนัก 7 สสส.,≤100
572592940087101,คณพลคนกันเอง,คณพลคนกันเอง,≤100
366883580334745,BOI News,These ads ran without a disclaimer,≤100
115205643180587,บุญยิ่ง นิติกาญจนา,These ads ran without a disclaimer,≤100
107273044336809,Jl_vintage,These ads ran without a disclaimer,≤100
100771725640770,พุทธกัลยา,These ads ran without a disclaimer,≤100
174738095989909,Pichai Naripthaphan,These ads ran without a disclaimer,≤100