﻿Page ID,Page name,Disclaimer,Amount spent (KES)
223287104715778,Oxfam,Oxfam,≤100
590244531002882,Hon. Adan Keynan Wehliye,Yusuf Hashi Duale,≤100
1400771023469241,Anne Waiguru,Gacigi Njagi Gacigi,≤100
102324481269298,Hon. Zamzam Mohammed,Obed Nyang'ai,≤100
179421405524768,Economy Rent a Car,These ads ran without a disclaimer,≤100
149686932284314,Wisley Rotich,Wisley Kipyegon Rotich,≤100
1506723769658512,Susan Kihika,Susan Kihika,≤100
227862171115022,Better4Kenya,W.R.T.H.C LLC (hive),≤100
110140571842355,Read-now,These ads ran without a disclaimer,≤100
106620807391911,Roche,These ads ran without a disclaimer,≤100