﻿Page ID,Page name,Disclaimer,Amount spent (USD)
179916515749362,FIP - Փաստերի ստուգման հարթակ,Union of Informed Citizens NGO,≤100
942865732444989,ՀՀ էկոնոմիկայի նախարարություն,Nare Karamyan,≤100
111140845160140,zelenayalenta,These ads ran without a disclaimer,≤100
330537565808,Tert.am,Tert.am LLC,≤100
108837171601077,Վալոդյա Գրիգորյան/Valodya Grigoryan,Country to live party,≤100
386469311494240,Իրազեկ քաղաքացիների միավորում - Union of Informed Citizens,Union of Informed Citizens NGO,≤100
320948257943554,Бостонский Кругозор,These ads ran without a disclaimer,≤100
259025094248205,Soroptimist International of Europe,These ads ran without a disclaimer,≤100