﻿Page ID,Page name,Disclaimer,Amount spent (USD)
1418874771693505,Farah Sheikh Abdulkadir,These ads ran without a disclaimer,≤100
161173074363835,Aayatiin Bookshop,These ads ran without a disclaimer,≤100
176104589110851,IEEE,These ads ran without a disclaimer,≤100
102407559822494,Training Centre in Communication (TCC Africa),These ads ran without a disclaimer,≤100
450326391674911,Allianz,These ads ran without a disclaimer,≤100
102839468523186,APEX อันดับหนึ่งเลเซอร์ขน,These ads ran without a disclaimer,≤100