﻿Page ID,Page name,Disclaimer,Amount spent (SEK)
371791194529,Världsnaturfonden WWF,Världsnaturfonden WWF,4371
126567104406,Hyresgästföreningen,Hyresgästföreningen,3780
643137272398136,Sverige för UNHCR,Sverige för UNHCR,2486
203547006337155,Göteborgs Stadsmission,Göteborgs Stadsmission,2193
72659261793,Rädda Barnen,Rädda Barnen,2182
369582590803,Dagens ETC,ETC-tidningarna,2005
59324455950,UNICEF Sverige,UNICEF Sverige,1986
151159271594797,Systembolaget,Systembolaget,1707
122854408319,Hjärt-Lungfonden,Hjärt-lungfonden,1655
236879092476,Håll Sverige Rent,Håll Sverige Rent,1559
608975645850217,Vattenfall,Vattenfall Sverige,1445
95735961890,Greenpeace Sverige,Greenpeace Sverige,1389
111630258867610,Röda Korset,Röda Korset,1331
122074554119,EU Social,EU Social,1274
162985227114132,Skellefteå Kraft,Skellefteå Kraft,1241
161213770567846,Operation Smile Sverige,Operation Smile Sverige,1238
382243262003,Plan International Sverige,Plan International Sverige,1145
68115370786,Läkare Utan Gränser (MSF),Läkare Utan Gränser/ Médecins sans Frontières (MSF Sweden),1074
128452220525979,CIVIL RIGHTS DEFENDERS,CIVIL RIGHTS DEFENDERS,906
205373616736,Avfall Sverige,Avfall Sverige,795
101341883359561,Matsmart Sverige,Matsmart,767
109886133732943,RESCUE - Sverige,RESCUE - Sverige,710
130927360876045,Tidningen Näringslivet,Tidningen Näringslivet,680
18880778360,ActionAid Sweden,ActionAid Sweden,599
133867976608,Naturskyddsföreningen,Naturskyddsföreningen,548
186513678039755,Fortum,Fortum Sverige,522
153028052500,Kvinna till Kvinna,Stiftelsen Kvinna till Kvinna,387
387421644643053,Hyresgästföreningen BohusÄlvsborg-Skaraborg,Hyresgästföreningen BohusÄlvsborg-Skaraborg,379
266170183550491,Nya Kompisbyrån,Nya Kompisbyrån,363
179931025357058,Kommunal,Kommunal,356
90882504375,Svenskt Näringsliv,Svenskt Näringsliv,353
193309030695120,UR,UR,334
153270724787,Amnesty International Sverige,Amnesty International Sverige,317
314872662206,Ekonomifakta,Ekonomifakta,276
115756055102646,Kura Omsorg  i Sverige AB,Kura Omsorg  i Sverige AB,270
379686162129542,Svea Bank,Svea Ekonomi,254
236221570038,BRIS: Barnens Rätt I Samhället,BRIS: Barnens Rätt I Samhället,245
188616781161573,World Animal Protection Sverige,World Animal Protection Sverige,243
42676805259,Diakonia,Diakonia,235
150057951690751,OKQ8,OKQ8,234
276108117859,Svenska Afghanistankommittén,Svenska Afghanistankommittén,233
676246449160270,Sverigedemokraterna,Sverigedemokraterna,231
195379633820701,Svenskt Kött,Svenskt Kött,224
309657091388,Svenska Lottakåren,Svenska Lottakåren,217
271560012882635,Svenskt Näringsliv Västra Götaland,Svenskt Näringsliv Västra Götaland,200
176527602394716,Olivia Personlig Assistans AB,Olivia Personlig Assistans AB,193
369122343101775,e.on,E.ON Sverige AB,173
899603916845362,JAG Personlig assistans,JAG Personlig assistans,170
118090278221826,Erikshjälpen,Erikshjälpen,164
588111131243298,Sverigedemokraterna Hässleholm,Sverigedemokraterna Hässleholm,131
175873745789190,Vänsterpartiet Göteborg,Vänsterpartiet Göteborg,126
296423575695,Afrikagrupperna,Afrikagrupperna,126
178362315106,European Parliament,European Parliament,124
175656912484553,Unionen,Unionen,122
181590825305317,COWI Sverige,COWI Sverige,120
295601220463670,MP:s nätverk för biologisk mångfald,Miljöpartiet de gröna,115
518144408210153,Våra barns klimat,Våra barns klimat,106
234172635050,Forum för levande historia,Forum för levande historia,104
237146235237,Timbro,Tankesmedjan Timbro,103
354067957968746,Kommunal Väst,Kommunal Väst,≤100
212049035488183,The Hunger Project Sverige,The Hunger Project Sverige,≤100
328754490337,Vårdförbundet,Vårdförbundet,≤100
166406746310,Resumé,Resumé,≤100
412192732132640,ECPAT Sverige,ECPAT Sverige,≤100
103296115466644,Skattenytta,Kommissionen för Skattenytta,≤100
140038609395696,Lif,LIF - de forskande läkemedelsföretagen,≤100
989752884508948,Muharrem Demirok,Centerpartiet,≤100
753404261386015,Kristdemokraterna i Alingsås,Kristdemokraterna i Alingsås,≤100
323156205347,Vänsterpartiet,Vänsterpartiet,≤100
273053169937029,ClimateHero,ClimateHero,≤100
2002046333202650,Bli nämndeman,Bli nämndeman,≤100
120633071295935,Fairtrade Sverige,Fairtrade Sverige,≤100
72832167834,Skattebetalarnas Förening,Skattebetalarnas Förening,≤100
208751565805849,Stiftelsen Expo,Stiftelsen Expo,≤100
231705333633358,Göteborgs stift Svenska kyrkan,Göteborgs stift Svenska kyrkan,≤100
102453659895245,Moderaterna i Lerum,Moderaterna i Lerum,≤100
965458110149319,Byggindustrin,Byggindustrin,≤100
356032977210,Vi-skogen,Vi-skogen,≤100
183512318424647,Magdalena Andersson,Socialdemokraterna,≤100
312084019369,Dagens Medicin,Dagens Medicin,≤100
8040892957,Socialdemokraterna,Socialdemokraterna,≤100
163305633746125,Karneval förlag,Holviks,≤100
111355705588876,Mechanum,These ads ran without a disclaimer,≤100
699391876922779,Veronica Magnusson,Veronica Magnusson,≤100
539297539496434,Dagens Samhälle,Dagens Samhälle,≤100
212604496324,Fackförbundet ST,Fackförbundet ST,≤100
245214805905370,Konkret,Opulens Förlag AB,≤100
383511565045309,Region Värmland,These ads ran without a disclaimer,≤100
105345278410827,Frälsningsarméns sociala arbete,Frälsningsarmén,≤100
133681391993,Socialdemokraterna i Göteborg,Socialdemokraterna i Göteborg,≤100
129016447116122,Aktuell Hållbarhet,Aktuell Hållbarhet,≤100
287880713020478,Rörelsen,Rörelsen,≤100
1553944598209170,Vänsterpartiet Alingsås,Vänterpartiet Alingsås,≤100
261455205686,LRF,LRF,≤100
1757410027826711,Skaramoderaterna,Skaramoderaterna,≤100
113710601984970,Barnfonden,Barnfonden,≤100
183959274989548,Landsbygdsnätverket,Landsbygdsnätverket,≤100
251829904829983,David Lega,David Lega - Kristdemokraterna,≤100
239855722130,Nyhetsmagasinet Fokus,Fokus,≤100
120216874723147,Svenskt Sigill,Svenskt Sigill,≤100
1139097292843761,Kristdemokraterna Göteborg,Kristdemokraterna Göteborg,≤100
162033074541,Södertörns högskola,Södertörns högskola,≤100
712230305617939,Uniper i Sverige,Uniper i Sverige,≤100
100941935326134,RekonstruktionsGruppen,Rekonstruktionsgruppen Sverige AB,≤100
100154266829621,Kyrkans Tidning,Kyrkans Tidning,≤100
1633181116933852,SvD Junior,SvD Junior (SvD),≤100
127063960674693,Svenska Freds- och Skiljedomsföreningen,Svenska Freds- och Skiljedomsföreningen,≤100
349041299054769,Kungl. Vetenskapsakademien,Kungl. Vetenskapsakademien,≤100
160691817220,Naturskyddsföreningen i Göteborg,Naturskyddsföreningen i Göteborg,≤100
118424491641760,Naturskyddsföreningen Väst,Naturskyddsföreningen Väst,≤100
163820136238,LO Sverige,Landsorganisationen Sverige,≤100
1439778006254125,Evin Incir,Socialdemokraterna i Europaparlamentet,≤100
127757523931098,Emrahus AB,Emrahus AB,≤100
1540294046226139,Feministsmeden,Feministsmeden,≤100
175843834306,WaterAid Sverige,WaterAid Sverige,≤100
342952129133948,Kultur i Malmö,Kultur i Malmö,≤100
146593541117,nwt.se,NWT Media AB,≤100
217391588404948,Katalys,Katalys,≤100
1042091032500520,Kvartal,Kvartal,≤100
270592853332987,Alternativ för Sverige,Alternativ för Sverige,≤100
329452290816078,Tidningen Market,Tidningen Market,≤100
501132336729353,ETC Solpark,ETC Solpark,≤100
253510692370,Arbetaren,Arbetaren,≤100
767749640051136,Heléne Fritzon,Socialdemokraterna i Europaparlamentet,≤100
355009445007836,Orusts Sparbank,These ads ran without a disclaimer,≤100
268608766607208,Svensk Tidskrift,Svensk Tidskrift,≤100
101320658099429,Renoveringsraseriet,Renoveringsraseriet,≤100
273402369438867,By Billgren,By Billgren AB,≤100
108795227704477,ألوان أوروبا Alwan Europe,ألوان أوروبا Alwan Europe,≤100
91818886532,We Effect,We Effect,≤100
1447309755322652,Bostad 2030,Bostad 2030,≤100
250833255029427,Socialdemokraterna Kungsbacka,Socialdemokraterna Kungsbacka,≤100
255288010153,Sida - Styrelsen för Internationellt Utvecklingssamarbete,Sida - Styrelsen för Internationellt Utvecklingssamarbete,≤100
340169928419,Hotell- och restaurangfacket,Hotell- och restaurangfacket,≤100
100253435575183,EPHI - Environment and Public Health Institute,Environment and Public Health Institute,≤100
235650011981,SPF Seniorerna,SPF Seniorerna,≤100
108878133830874,Grön flygplats,Projektet Grön Flygplats; finansierat av Svenska Regionala Flygplatser och Europeiska Regionala Utvecklingsfonden,≤100
496283363842454,Sverigedemokraterna Vänersborg,Sverigedemokraterna Vänersborg,≤100
108579507301489,Akavia,Akavia,≤100
171732326218384,Handelsanställdas förbund,Handelsanställdas förbund,≤100
488463594646101,Arenaakademin,These ads ran without a disclaimer,≤100
109609604086656,Vejpkollen.se,Vejpkollen.se,≤100
118197471568260,Dior,These ads ran without a disclaimer,≤100
135062563176874,Utrikespolitiska Institutet,Utrikespolitiska Institutet,≤100
152953178070559,Kommunistiska Partiet,Kommunistiska Partiet,≤100
108625789179165,Soi Dog Foundation,These ads ran without a disclaimer,≤100
197762513603868,MÄN,MÄN,≤100
182726910344,Hela Sverige Ska Leva,Hela Sverige Ska Leva,≤100
12690894340,Centerpartiet,Centerpartiet,≤100
62185934430,Olof Palmes Internationella Center,Olof Palmes Internationella Center,≤100
887305194662637,Axess Magasin & TV,Axess Magasin & TV,≤100
116567568403725,Dagens Arbete,Dagens Arbete,≤100
1432591790382295,ByMartinsdotter,By Martinsdotter,≤100
237813956289260,Maskrosbarn,Maskrosbarn,≤100
178193355556765,Nordström Assistans AB,Nordström Assistans AB,≤100
1592860820974499,Vänsterpartiet Sundbyberg,Vänsterpartiet Sundbyberg,≤100
147672065396607,Sverigedemokraterna Linköping,Sverigedemokraterna Linköping,≤100
62044983625,The Amazing Society,The Amazing Society,≤100
213401419608502,SE BARNEN,SE BARNEN,≤100
614939535271869,Tobias Baudin,Socialdemokraterna,≤100
76472413284,Tidningen Vi,Tidningen Vi,≤100
104218709131600,Hexicon,Hexicon,≤100
188821514474911,Preem,Preem AB,≤100
109344797318593,Vi Som Bygger Landet,Vi som bygger landet,≤100
105041369626641,Svensk film,Svenska Filminstitutet,≤100
162523667123095,Utvecklingsmagasinet,Föreningen för Utvecklingsfrågor,≤100
393959767360779,Sverigedemokraterna Region Skåne,Sverigedemokraterna Region Skåne,≤100
1592395117505407,Näringslivets medieinstitut,Näringslivets Medieinstitut,≤100
76847196995,Göteborgs stadsbibliotek,Göteborgs stadsbibliotek,≤100
45101268520,SSU,SSU,≤100
223053457729155,Unga Örnar,Unga Örnars Riksförbund,≤100
347852331958080,En Företagares Vardag,En Företagares Vardag,≤100
221023000792,Akademikerförbundet SSR,Akademikerförbundet SSR,≤100
273254886116655,Motargument,Motargument,≤100
366372087366,Hegas Förlag - Lättläst,Hegas Förlag - Lättläst,≤100
643137272398136,Sverige för UNHCR,These ads ran without a disclaimer,≤100
150909028299502,Jernkontoret,Jernkontoret,≤100
106424948513158,Riksorganisationen för fortbildning om Förintelsen,Riksorganisationen för fortbildning för förintelsen,≤100
633423966764086,Kungl Krigsvetenskapsakademien,KKrVA,≤100
699733880123060,Tjejjouren i Lund - en transinkluderande jour,Tjejjouren i Lund,≤100
159410610774478,Socialdemokratiska Israelvänner - SIV,Socialdemokratiska Israelvänner,≤100
165168156799,Göteborgs-Posten,Göteborgs-Posten,≤100
101257185831267,Ulf Liljankoski - fritidspolitiker,Ulf Liljankoski - fritidspolitiker,≤100
267353906619818,Mr. Gugu & Miss Go,These ads ran without a disclaimer,≤100
108492218918,IF Metall,IF Metall,≤100
173901972642378,Kristdemokraterna i Huddinge,Kristdemokraterna i Huddinge,≤100
103065692733960,Öis,Skövde kommun,≤100
1230018870391467,Medborgerlig Samling Uppsala,Medborgerlig Samling Uppsala Län,≤100
108216678020301,CGH & Jobbfrågan,Svensk Jobbdemokrati,≤100
310330762482786,Sara Kukka-Salam,Socialdemokraterna Solna,≤100
268593563268202,Kristdemokraterna Tyresö,Kristdemokraterna Tyresö,≤100
108169588127484,Partille Tidning,Partille Tidning,≤100
17775970938,Cancerfonden,Cancerfonden,≤100
257164037714257,Socialdemokraterna i Piteå,Socialdemokraterna i Piteå,≤100
298545626828036,Socialdemokraterna i Botkyrka,Socialdemokraterna i Botkyrka,≤100
230671826970236,Uppsala konstmuseum,Uppsala kommun,≤100
138449739649621,Synskadades Riksförbund,Synskadades Riksförbund,≤100
312318652204361,Socialdemokraterna i Uppsala län,Socialdemokraterna i Uppsala län,≤100
288830017854122,ESCP Berlin Campus,These ads ran without a disclaimer,≤100
112562301835661,Fingeree,These ads ran without a disclaimer,≤100
435272526866135,North American Kurdish Alliance - NAKA,These ads ran without a disclaimer,≤100
527351247377965,European Committee of the Regions,European Committee of the Regions,≤100
1990880717882519,The China Current,These ads ran without a disclaimer,≤100