﻿Page ID,Page name,Disclaimer,Amount spent (EUR)
101519168409673,Dimitar Kovacevski,СДСМ,≤100
1677572455714659,Јорго Огненовски,Jorgo Ognenovski,≤100
192483774872658,Демократи,Демократи,≤100
102860779377395,Само кажувам,Само кажувам,≤100
191683947531941,medium.edu.mk,Институт за комуникациски студии,≤100
149032011830930,Centar.mk,Centar.mk,≤100
400497373674524,СамоПрашај.мк,Institut za komunikaciski studii,≤100
590981394365638,Maksim Dimitrievski,Maksim Dimitrievski,≤100
106175234344995,Зоран Коцевски,Zoran Kocevski,≤100
461034264336817,24инфо.мк,24инфо.мк,≤100
100954761298205,frontline.mk,frontline.mk,≤100
255990845327431,Левица,Левица / E majta / Levica,≤100
164829683652900,Faktor.mk,Faktor.mk,≤100