﻿Page ID,Page name,Disclaimer,Amount spent (CRC)
117702158266385,Antonio Álvarez Desanti,Antonio Álvarez Desanti,1013
118971778191074,Partido Liberación Nacional,Partido Liberación Nacional,545
102643532445938,Ada Acuña - Diputada,Ada Acuña - Diputada,330
236228959799807,Periódico Mensaje,These ads ran without a disclaimer,168
166696645047489,Fundación Marcelíno Muñoz,These ads ran without a disclaimer,≤100
108259318940861,TD_Ln2_Cuidado Cariñoso,These ads ran without a disclaimer,≤100
106375945766381,Los amo a todos.KK,These ads ran without a disclaimer,≤100
1540070352761579,Leslye Bojorges,Leslye Bojorges,≤100
111113447867154,The Daily Dose,These ads ran without a disclaimer,≤100