﻿Page ID,Page name,Disclaimer,Amount spent (USD)
335161733930749,محافظة المثنى,محافظة المثنى,≤100
108087198273009,جمعية اهل الكويت لحقوق المبعدين,جمعية اهل الكويت لحقوق المبعدين,≤100
104886081432069,حركة البشائر الشبابية,حركة البشائر الشبابية,≤100
399110903587431,دژه تیرۆری کوردستان Kurdistan CT,دژه تیرۆری کوردستان Kurdistan CT,≤100
381497365537157,R.C.D مركز الرافدين للحوار,R.C.D مركز الرافدين للحوار,≤100
871659792906041,الحضارات,الحضارات,≤100
234436056650257,من العراق,من العراق,≤100
107461271287114,ملتقى البشائر,ملتقى البشائر,≤100
336506543190698,عراق 24,عراق 24,≤100
1424611044219237,بغداديات,بغداديات,≤100
107099748527093,أ.د. حامد يونس الزوبعي - وكيل وزارة النفط,أ.د. حامد يونس الزوبعي - وكيل وزارة النفط,≤100
420064704724496,قناة الحدث - AlHadath,قناة الحدث - AlHadath,≤100
108058605358180,قناة الاولى العراقية - Alawla TV,قناة الاولى العراقية - Alawla TV,≤100
170375086953470,صالح الحسناويّ :: Salih Al hasnawi,صالح الحسناويّ :: Salih Al hasnawi,≤100
187768129414110,ابو تراب التميمي البصري,ابو تراب التميمي البصري,≤100
107526304389558,عمل حملات واعلانات ممولة سياسية لمرشحين الانتخابات العراقية,عمل حملات واعلانات ممولة سياسية لمرشحين الانتخابات العراقية,≤100
103339376118761,إئتلاف دولة القانون/ حركة حدود,إئتلاف دولة القانون/ حركة حدود,≤100
104081694467489,ريان الكلداني Rian Chaldean,ريان الكلداني Rian Chaldean,≤100
177781992561637,بغداد عاصمة الحب,بغداد عاصمة الحب,≤100
754878457919560,النائب عادل خميس المحلاوي,النائب عادل خميس المحلاوي,≤100
109855073976416,المكتب الإعلامي لنائب الاول لرئيس مجلس النواب محسن المندلاوي,المكتب الإعلامي لنائب الاول لرئيس مجلس النواب محسن المندلاوي,≤100
103050829487547,حلوة العراق,حلوة العراق,≤100
100474832918847,الشيخ ابراهيم الدليمي,الشيخ ابراهيم الدليمي,≤100
102581416014304,واحد حكومة,واحد حكومة,≤100
382364165660465,عادل فرج الحلبوسي,عادل فرج الحلبوسي,≤100
215931038777287,بغداد,بغداد,≤100
102634376208337,عين الحكومة,freetimecompany,≤100
107350002200364,فريق الجهد الخدمي والهندسي,فريق الجهد الخدمي والهندسي,≤100
671630789691714,محبي كركوك,محبي كركوك,≤100
110452055224657,احنه بخدمتكم,احنه بخدمتكم,≤100
1816623088651940,مشرق الفريجي,مشرق الفريجي,≤100
109447781346241,النائب ياسر المالكي,النائب ياسر المالكي,≤100
1603142490015534,محمد مهند المحمدي,محمد مهند المحمدي,≤100
101757915531585,العشار نيوز,العشار نيوز,≤100
104435882666255,داعمي واحد اتصالات,داعمي واحد اتصالات,≤100
132126192341800,أنا البرلمان,Rewaq Center for Public Policy,≤100
267078350122003,الدكتور ماجد شنكالي,الدكتور ماجد شنكالي,≤100
280617905955101,تلفزيون الملوية Almalwiyaytv,تلفزيون الملوية Almalwiyaytv,≤100
152131781906555,وزارة النفط العراقية,وزارة النفط العراقية,≤100
851899361610242,كتاب الميزان,كتاب الميزان,≤100
104153125957648,المنصة الرئاسية,المنصة الرئاسية,≤100
113497391782519,مكان نيوز,مكان نيوز,≤100
186155201748058,الهيئة العليا للحج والعمرة,الهيئة العليا للحج والعمرة,≤100
1298625980153968,Tech 4 Peace التقنية من اجل السلام,Tech For Peace,≤100
113467921643916,الدكتور مشعان الخزرجي,الدكتور مشعان الخزرجي,≤100
100790616417850,أساس ميديا عراق - Asas Media Iraq,Asas Media,≤100
1806947972867673,ديالى,ديالى,≤100
687959731300822,كلمات نيوز,كلمات نيوز,≤100
100927182865150,حكومة الخدمة,حكومة الخدمة,≤100
109499431675573,Media 24,Media 24,≤100
149721045092577,KirkukNow,KirkukNow Media Outlet,≤100
418944648163190,باقر جبر الزبيدي,باقر جبر الزبيدي,≤100
114491311536369,Mil-ميل,Mil-ميل,≤100
1710947889173929,محمد جميل المياحي,محمد جميل المياحي,≤100
368899809832694,مصرف الطيف الاسلامي,These ads ran without a disclaimer,≤100
107236997818471,1 News - وان نيوز,1 News - وان نيوز,≤100
720944991294083,د. قتيبة ابراهيم الجبوري,د. قتيبة ابراهيم الجبوري,≤100
112713415128284,على خطاكم,على خطاكم,≤100
537851572942101,المهندس رياض محسن العقابي,freetimecompany,≤100
411891885531368,کێشەی خەڵک,KX,≤100
106882150782236,CTG Kurdistan,CTG Kurdistan,≤100
100598373069311,بالتسعين BIL 90,بالتسعين BIL 90,≤100
407001929890342,الاعلامي بهاء المستشار,الاعلامي بهاء المستشار,≤100
107361218100874,Dw Der - دوو دێر,Dw Der - دوو دێر,≤100
1334854883192046,جنوب العراق نيوز,جنوب العراق نيوز,≤100
108153498939891,Mohammed Abdulhammed,Mohammed Abdulhammed,≤100
143435839066780,د.خالد شواني,Dashti Salam Saeed,≤100
107500321741195,Smc مركز شعاع الإعلامي ـ,These ads ran without a disclaimer,≤100
108901438786484,حركة سومريون,حركة سومريون,≤100
106995204835895,سوالف Plus,سوالف Plus,≤100
103689842679535,واحد عمل,واحد عمل,≤100
388566237994155,كاطع ناصريه.بناء بيوت للايتام مواد غذائية ومنزلية وطبيب وغيرها,كاطع ناصريه.بناء بيوت للايتام مواد غذائية ومنزلية وطبيب وغيرها,≤100
103369259345423,المجلس الاعلى الاسلامي العراقي,المجلس الاعلى الاسلامي العراقي,≤100
105835761935325,حسين العوادي,حسين العوادي,≤100
113759338293518,واحد انبار - One Anbar,واحد انبار - One Anbar,≤100
106578591097684,الشرق برس,الشرق برس,≤100
486820705424112,سيروان روژبیاني Sirwan  Rozhbayani,سيروان روژبیاني Sirwan  Rozhbayani,≤100
2200025410238656,مركز نداء الرافدين للبحوث والدراسات الإستراتيجية,مركز نداء الرافدين للبحوث والدراسات الإستراتيجية,≤100
102972181270368,رئيس مسلفن,رئيس مسلفن,≤100
106769595575705,كاطع ناصريه,كاطع ناصريه,≤100
101088546158554,پوک میدیا,PUKMEDIA Official,≤100
347831905702473,النائب علي سعدون اللامي,النائب علي سعدون اللامي,≤100
505992806138474,يني شفق العربية,These ads ran without a disclaimer,≤100
111763060956749,قلم دولة القانون,قلم دولة القانون,≤100
108161438940365,شركة الغسق الدولية للمقاولات العامة,شركة الغسق الدولية للمقاولات العامة,≤100
113572453532430,عواجل عراقية,عواجل عراقية,≤100
117852130124997,أثير عبد الوهاب السامرائي,أثير عبد الوهاب السامرائي,≤100
101773409639641,واحد ناصرية,These ads ran without a disclaimer,≤100
341118959242786,بزوتنەوەی گۆڕان Gorran Movement,بزوتنەوەی گۆڕان Gorran Movement,≤100
492511684171110,الغد برس,الغد,≤100
100242432740414,منصة الرأي العام - Rpnews,الرأي العام,≤100
104587435499434,Qaemqameati Qazay Dukan قائیمقامیەتی قەزای دوکان,Qaemqameati Qazay Dukan قائیمقامیەتی قەزای دوکان,≤100
101188889361939,ابواب,ابواب,≤100
668246513252365,المهندس نصيف جاسم الخطابي محافظ كربلاء المقدسة,المهندس نصيف جاسم الخطابي محافظ كربلاء المقدسة,≤100
104503989328880,صندقجة,صندقجة,≤100
100259398925618,نهال الشمري Nihal Alshammari,نهال الشمري Nihal Alshammari,≤100
100514884851258,عاجل فقط,عاجل فقط,≤100
102293958597480,حركة إنجاز,حركة إنجاز,≤100
103560758018367,بيبون,بيبون,≤100
503530246416243,النائب احمد المشهداني,النائب احمد المشهداني,≤100
744785975608752,إعلام المهندسة باهره شاكر سلمان الجبوري,إعلام المهندسة باهره شاكر سلمان الجبوري,≤100
102491929041747,صنع في العراق,صنع في العراق,≤100
1690085161207058,سهل نينوى تلكيف باطنايا باقوفة تلسقف القوش بخديدا كرملش برطلة بعشيقة,These ads ran without a disclaimer,≤100
230346600330377,ديوان الوقف السني العراقي Iraqi Sunni Affairs,These ads ran without a disclaimer,≤100
102905287816199,أصدقاء اللواء خالد المحنا الناطق الرسمي باسم وزارة الداخلية,These ads ran without a disclaimer,≤100
147161912626120,شـيروان الدوبـرداني,شـيروان الدوبـرداني,≤100
101029892524840,اشرف المقداد مفتي ديار الالحاد والعقلانية,These ads ran without a disclaimer,≤100
110148701476626,m9.p,These ads ran without a disclaimer,≤100
107268572128931,علي الناصري،,These ads ran without a disclaimer,≤100