﻿Page ID,Page name,Disclaimer,Amount spent (EUR)
149032011830930,Centar.mk,Centar.mk,≤100
461034264336817,24инфо.мк,24инфо.мк,≤100
1677572455714659,Јорго Огненовски,Jorgo Ognenovski,≤100
192483774872658,Демократи,Демократи,≤100
324459714339171,Civil MK,Civil MK,≤100
100954761298205,frontline.mk,frontline.mk,≤100
255990845327431,Левица,Левица / E majta / Levica,≤100
489378444428334,Brif.mk,Brif.mk,≤100
101519168409673,Dimitar Kovacevski,СДСМ,≤100
1723716297849902,Ljupcho Nikolovski,Ljupcho Nikolovski,≤100
219453054891896,Vesti +,Vestiplus.mk,≤100
100746718435265,Fatmir Bytyqi,Fatmir Bytyqi,≤100
335085593528267,Sloboden Pecat,Sloboden Pecat,≤100
1482757651857031,Виктор Паунов - Градоначалник на Општина Карбинци,Viktor Paunov,≤100
206557729800319,Türk Hareket Partisi,Enes İbrahim,≤100
112622660371058,Гласни идеи,Гласни идеи,≤100
1249630708423717,MUNER Motorvehicle University of Emilia-Romagna,These ads ran without a disclaimer,≤100
113388621278432,Amerikabrev,These ads ran without a disclaimer,≤100
100200532855012,Pyrpose,These ads ran without a disclaimer,≤100
333293986861604,Jean Richard MusiK,These ads ran without a disclaimer,≤100
1457915704536726,Advokatfirmaet Magnus Legal,These ads ran without a disclaimer,≤100