﻿Page ID,Page name,Disclaimer,Amount spent (EGP)
104276078212663,محافظتك لحظة بلحظة,محافظتك لحظة بلحظة,630
798673866859390,ETC TV,ETC TV,374
113432613540693,وزارة الصحة والسكان المصرية,وزارة الصحة والسكان المصرية,315
110877857406073,المهندس حسام لبن,المهندس حسام لبن,221
106088658611833,المرشح الرئاسى احمد الفضالى,المرشح الرئاسى احمد الفضالى,213
1424610401122573,هاني العتال - Hany Alattal,هاني العتال - Hany Alattal,167
550280998481446,Rasha Kelej,Rasha Kelej,135
101009088774421,حزب حماة الوطن,حزب حماة الوطن,≤100
1440732656173900,EDU Gate,These ads ran without a disclaimer,≤100
273900239400893,نقابة المحامين المصرية,نقابة المحامين المصرية,≤100
100835565731657,Ahmed Amin Massoud - أحمد أمين مسعود,Ahmed Amin Massoud - أحمد أمين مسعود,≤100
104198795953934,أصدقاء مرضى الأورام بالشرقية,أصدقاء مرضى الأورام بالشرقية,≤100
103395314662888,حزب الشعب الجمهوري - مصر,حزب الشعب الجمهوري - مصر,≤100
181524565276709,الهلال الأحمر المصري - Egyptian Red Crescent,الهلال الأحمر المصري - Egyptian Red Crescent,≤100
105872082337085,النائب أحمد عبدالجواد,النائب أحمد عبدالجواد,≤100
103283332669003,مؤسسة جمال الجارحي للتنمية المجتمعية,مؤسسة جمال الجارحي للتنمية المجتمعية,≤100
117690156743688,النائب حافظ عمران,النائب حافظ عمران,≤100
308088503057656,النائب محمود عصام,النائب محمود عصام,≤100
112884131660592,أسامة جاويش-Osama Gaweesh,These ads ran without a disclaimer,≤100
327693193927556,جريدة المال,These ads ran without a disclaimer,≤100
110520747048779,Mostafa Eldisoqy,These ads ran without a disclaimer,≤100
192320965049184,الإعلامية نيفين منصور,الإعلامية نيفين منصور,≤100
354968941204659,الدكتور أيمن أبو العلا عضو مجلس النواب,الدكتور أيمن أبو العلا عضو مجلس النواب,≤100
106450555171099,مجدي البري - Magdy Elbery,مجدي البري - Magdy Elbery,≤100
103563626109746,EG Journal - إيجى جورنال,EG Journal - إيجى جورنال,≤100
112955485159674,مدحت الكمار ــ Medhat Al.Kammar,مدحت محمد عطية الكمار,≤100
279224125621229,قناة مكملين - الرسمية,These ads ran without a disclaimer,≤100
535371883202755,Freddy Elbaiady  صفحة فريدي البياضي,Freddy Elbaiady  صفحة فريدي البياضي,≤100
1567140050165563,المجلس المصري الدولي لحقوق الانسان والتنمية,These ads ran without a disclaimer,≤100
118932207798163,Rehab Eltehewy - رحاب التحيوي,Rehab Eltehewy - رحاب التحيوي,≤100
106586485351141,أشرف الشبراوي أبو العلا - Ashraf Abo Elela,أشرف الشبراوي أبو العلا - Ashraf Abo Elela,≤100
158643697625854,محمد تيسير مطر - Mohamed Tayser Mattar,Aplus,≤100
103291013528894,Dr.Mokhtar Gomaa,Dr.Mokhtar Gomaa,≤100
101361307958442,Mohamad ElGarhy,Mohamad ElGarhy,≤100
414432332444572,Sameh ELShimy - النائب/سامح الشيمي,Sameh ELShimy - النائب/سامح الشيمي,≤100
595025640685644,النائبة شيرين عبد العزيز - Sherin abdelaziz,النائبة شيرين عبد العزيز - Sherin abdelaziz,≤100
106719921012688,Ahmed Bahaa Shalaby-أحمد بهاء شلبي,Integrated Marketing Communications For Media.IMC,≤100
109967521786747,أغانى  الانتخابات,أغانى  الانتخابات,≤100
105096455624550,Tamer abdelhamid - تامر عبد الحميد,Tamer abdelhamid - تامر عبد الحميد,≤100
102752291431181,المهندس حازم الجندي - Hazem ElGendy,المهندس حازم الجندي - Hazem ElGendy,≤100
1872920799480888,الجمعية المصرية للصداقة بين الشعوب,These ads ran without a disclaimer,≤100
127147644585113,القاضي لأعمال المحاماه لدي المحاكم الجنائية,These ads ran without a disclaimer,≤100
109936327458983,وليد صلاح التمامى ـ عضو مجلس الشيوخ المصري,وليد صلاح التمامى ـ عضو مجلس الشيوخ المصري,≤100
102765221685871,كشف فساد مجلس اداره قريه ذهبيه,كشف فساد مجلس اداره قريه ذهبيه,≤100
900337800058784,برنامج الو مكملين,These ads ran without a disclaimer,≤100
104421931606476,النائب أحمد دياب,النائب أحمد دياب,≤100
108927510969680,الصفحة الرسمية للنائبة د. صبورة السيد,الصفحة الرسمية للنائبة د. صبورة السيد,≤100
103774671417468,أمين جابر الصيرفى - عضو مجلس الشيوخ,أمين جابر الصيرفى - عضو مجلس الشيوخ,≤100
102564179466678,قناه المصدر برو,قناه المصدر برو,≤100
117310721276956,Ahmed Farouk,These ads ran without a disclaimer,≤100
103086629281243,محمد الشنراوي,محمد الشنراوي,≤100
432519260103603,Flair Magazine,These ads ran without a disclaimer,≤100
109926131187902,راقي للكتاب,These ads ran without a disclaimer,≤100
105848199049169,فينيسيا للتطوير العقاري,These ads ran without a disclaimer,≤100
101913601229206,مؤسسة محمد مهران القانونية,These ads ran without a disclaimer,≤100
467403650091812,ستيلا العين السخنة,These ads ran without a disclaimer,≤100
108625789179165,Soi Dog Foundation,These ads ran without a disclaimer,≤100
109468687259803,BetterMen: Workout Planner,These ads ran without a disclaimer,≤100
1777440582580579,مهاجر نيوز - InfoMigrants Arabic,These ads ran without a disclaimer,≤100
235473923252742,مــحــبــي الــدكــتــور جــمــال نــزال,These ads ran without a disclaimer,≤100
109831251935707,خليل المقداد,These ads ran without a disclaimer,≤100
150253531687373,أخبار الآن - Akhbar Al Aan,These ads ran without a disclaimer,≤100
117197414641940,أحمد سمير - الصفحــة الرسمية,These ads ran without a disclaimer,≤100
77779328853,Islamic Relief South Africa,These ads ran without a disclaimer,≤100
112589195019287,Enjoy the Moment,These ads ran without a disclaimer,≤100