﻿Page ID,Page name,Disclaimer,Amount spent (USD)
108448645342531,BAZ PLUS,BAZ PLUS,≤100
115201561476661,کۆد میدیا,کۆد میدیا,≤100
130783806990987,"Hakim Qadir ,  حاکم قادر",Bestun Hama Ahmed,≤100
101834821974169,Salar Sarhad Khalifa  سالار لالە سەرحەد,Salar Sarhad Khalifa  سالار لالە سەرحەد,≤100
1335631479841334,Zhyan Media,Zhyan Media,≤100
399110903587431,دژه تیرۆری کوردستان Kurdistan CT,ASO,≤100
711506772983323,Raz Press,Raz Press,≤100
104005041772849,DAW- داو,DAW- داو,≤100
112048801639488,Zoom News,Zoom News,≤100
135202556677269,Rabun Maroof رابون مەعروف,Rabun Maroof,≤100
104081694467489,ريان الكلداني Rian Chaldean,ريان الكلداني Rian Chaldean,≤100
238567589508195,ڕادیۆ و تەلەفزیۆنی سلێمانی,Mariwan Ali,≤100
106273938637262,Draw  درەو,Draw  درەو,≤100
623034434825966,کار و چالاکیەکانی بەڕێز حاکم قادر حەمەجان,کار و چالاکیەکانی بەڕێز حاکم قادر حەمەجان,≤100
957463584360619,BMC TV,BMC TV,≤100
106882150782236,CTG Kurdistan,CTG Kurdistan,≤100
104712351082170,دەستەی گشتی ناوچە کوردستانییەکانی دەرەوەی ئیدارەی هەرێم,دەستەی گشتی ناوچە کوردستانییەکانی دەرەوەی ئیدارەی هەرێم,≤100
1361588403951717,Dosti Ahmed Musa,Dosti Ahmed Musa,≤100
101088546158554,پوک میدیا,PUKMEDIA Official,≤100
102687942750312,Wagon,Wagon,≤100
753187288116117,Burhan Saeed Sofi - برهان سەعید صۆفی,Lhon F. Mohammed,≤100
106976778974435,Draw Plus,draw media,≤100
102660132559740,Ararat News - Sorani,Ararat News - Sorani,≤100
115373991478024,هادي العامري - المكتب الإعلامي,هادي العامري - المكتب الإعلامي,≤100
311311496161529,بۆردی پەیوەندیيەكانی دەرەوە - یەكێتیی نیشتمانیی كوردستان,بۆردی پەیوەندیيەكانی دەرەوە - یەكێتیی نیشتمانیی كوردستان,≤100
1145999105540426,عوسمان كاروانى,Akam Ibrahim Rahim Rahim,≤100
927958880553492,ئاژانس میدیا,ئاژانس میدیا,≤100
101225028723669,AsAn  ئاسان,AsAn  ئاسان,≤100
117411464290585,Nabaz Abdulhamid,Nabaz Abdulhamid,≤100
1434120716833949,Karim Shkur-ملاکریم,Karim Shkur-ملاکریم,≤100
101741622757697,Chaw+,Chaw+,≤100
105660452171210,مؤسسة خطى لرعاية رواد الصحافة والفن,مؤسسة خطى لرعاية رواد الصحافة والفن,≤100
110035949016294,Masrour Barzani,ASO,≤100
126235303730857,خان خورما,Wahab Mohammed Ghazi,≤100
110017531751904,Sharazur Radio 97.9,These ads ran without a disclaimer,≤100
104587435499434,Qaemqameati Qazay Dukan قائیمقامیەتی قەزای دوکان,Qaemqameati Qazay Dukan قائیمقامیەتی قەزای دوکان,≤100
310379295673630,Yousif Mohammed Sadiq,Yousif Mohammed Sadiq,≤100
638540889641531,Xwakurk  - خواكورك,Xwakurk  - خواكورك,≤100
355786234434317,Pshtiwan Sadq,Shwan Azeez Ismail,≤100
108208211346225,ڕێچکە - Rechka,ڕێچکە - Rechka,≤100
104574747604318,XOR - خۆر,Xorkurd.net,≤100
182858898492652,ساداتی پیرخدری شاهۆ,Saman Alaalddin,≤100
115033719858579,مشتەکۆڵە,mshtakolla,≤100
106786885042267,Wahab Halabjay _ وەهاب هەڵەبجەی,Wahab Halabjay _ وەهاب هەڵەبجەی,≤100
113813758369971,العراق الأجمل,Mohammed Rayshan,≤100
109661825323206,الشيخ مريوان الهموندي,محمد طه محمد,≤100
325512501535779,İmdat S. Bilal - هيمداد صباح بلال,İmdat S. Bilal - هيمداد صباح بلال,≤100
102078354599744,محبي المهندس عمار موسى كاظم,محبي المهندس عمار موسى كاظم,≤100
133227943495329,زارى کرمانجى,Abdullah Hamad,≤100
105349854354740,موسوعة الرافدين الإخبارية,موسوعة الرافدين الإخبارية,≤100
104886081432069,حركة البشائر الشبابية,حركة البشائر الشبابية,≤100
104881440913933,یەکێتی لاوانی دیموکراتی کوردستان Kurdistan Democratic Youth Union,یەکێتی لاوانی دیموکراتی کوردستان Kurdistan Democratic Youth Union,≤100
100927182865150,حكومة الخدمة,حكومة الخدمة,≤100
437591407047522,Rewaq Baghdad Center For Public Policy- مركز رواق بغداد للسياسات العامة,Rewaq Baghdad Center For Public Policy,≤100
149721045092577,KirkukNow,KirkukNow Media Outlet,≤100
570578883145171,پەرەگراف Peregraf,PEREGRAF WEBSITE,≤100
316778782455942,Hawpaimani _ هاوپەیمانی,Hawpaimani _ هاوپەیمانی,≤100
2383265178621061,Meyser Obaid Nheli,Meyser Obaid Nheli,≤100
109531878761962,ترند كركوك,Wahab Mohammed Ghazi,≤100
104105388781298,7ROJ,7Roj Media,≤100
170375086953470,صالح الحسناويّ :: Salih Al hasnawi,صالح الحسناويّ :: Salih Al hasnawi,≤100
668246513252365,المهندس نصيف جاسم الخطابي محافظ كربلاء المقدسة,المهندس نصيف جاسم الخطابي محافظ كربلاء المقدسة,≤100
1066183836729650,محمد توفيق علاوي,Mohammed Allawi,≤100
351254578280075,Mardin Gökkaya ماردين كوك قايا,Ali Tahseen Abdulrahman,≤100
418944648163190,باقر جبر الزبيدي,باقر جبر الزبيدي,≤100
111763060956749,قلم دولة القانون,قلم دولة القانون,≤100
101643555790443,همام علي مهدي  التميمي,حسن علي بكي,≤100
104114729018274,ديوان قبيلة الهموند في كركوك,ديوان قبيلة الهموند في كركوك,≤100
124905207196086,بتوقيت العاصمة,Wahab Mohammed Ghazi,≤100
102208414468987,فالح الخزعلي,فالح الخزعلي,≤100
335161733930749,محافظة المثنى,Salim Challab Hwaidi,≤100
104087085980868,بتوقيت كركوك,Wahab Mohammed Ghazi,≤100
2200025410238656,مركز نداء الرافدين للبحوث والدراسات الإستراتيجية,مركز نداء الرافدين للبحوث والدراسات الإستراتيجية,≤100
103394661564021,الوطن محتاجك,الوطن محتاجك,≤100
116867571417869,الصفحة الرسمية لوزارة الزراعة العراقية,Zaid Hussein,≤100
108314488369210,Dr. Muhannad Al-khazraji / د.مهند الـخزرجي,علي جبار عذاب,≤100
113572453532430,عواجل عراقية,عواجل عراقية,≤100
104591472533211,الحكومه الاصيله,الحكومه الاصيله,≤100
754878457919560,النائب عادل خميس المحلاوي,مصطفى ريكان عجيل,≤100
100514884851258,عاجل فقط,عاجل فقط,≤100
100777926142279,عمار موسى كاظم,عمار موسى كاظم,≤100
486820705424112,سيروان روژبیاني Sirwan  Rozhbayani,سيروان روژبیاني Sirwan  Rozhbayani,≤100
276686282715100,وزارة العدل العراقية,Wahab Mohammed,≤100
368194657215717,Times Higher Education Connect,These ads ran without a disclaimer,≤100
103018869332378,BantuPage,These ads ran without a disclaimer,≤100