﻿Page ID,Page name,Disclaimer,Amount spent (EUR)
105958751249374,Energia naturalis,Energia naturalis d.o.o.,≤100
480559052058396,Europska komisija u Hrvatskoj,Europska komisija u Hrvatskoj,≤100
86874647886,Net.hr,Net.hr,≤100
1781165065440754,N1 Hrvatska,N1 Hrvatska,≤100
688325737947866,Telegram.hr,Telegram Media Grupa,≤100
150523888292427,Nezavisni sindikat znanosti i visokog obrazovanja,Nezavisni sindikat znanosti i visokog obrazovanja,≤100
210627425725812,Studentski.hr,Studentski.hr,≤100
129634970518,SDP Hrvatske,SDP Hrvatske,≤100
178362315106,European Parliament,European Parliament,≤100
248268301858527,Jamnica,Jamnica plus d.o.o.,≤100
235319525101705,Genius by InterCapital,InterCapital Asset Management,≤100
103518083049370,NajboljaMamaNaSvetu.com,NajboljaMamaNaSvetu.com,≤100
122332567514580,Energycom,Energycom d.o.o.,≤100
314776818539194,Forum mladih SDP Hrvatske,SDP Hrvatske,≤100
109451008578039,Create,Create,≤100
110043074783222,Kindle Equality,Kindle Equality,≤100
272201060331942,Karlo Ressler,Karlo Ressler,≤100
482597361772021,Sunčana Glavak,MEP Sunčana Glavak,≤100
199663480241830,Tetra Pak Hrvatska,Tetra Pak,≤100
108270901418113,Tomislav Tomašević,Zagreb je NAŠ!,≤100
494211670717451,Regionalni industrijski sindikat,Novi sindikat,≤100
106976357518598,TotalEnergies,These ads ran without a disclaimer,≤100
585411648152023,Peđa Grbin,SDP Hrvatske,≤100
280137422079068,Novi sindikat,Novi sindikat,≤100
1580671625481423,Lonci&poklopci by Bajde,These ads ran without a disclaimer,≤100
107898832590939,European Commission,European Commission,≤100
176565220704,Zelena akcija / FoE Croatia,Zelena akcija / FoE Croatia,≤100
105860834130979,Marko Milanović Litre,HRVATSKI SUVERENISTI,≤100
290157866338,Eurokonzalting - EU fondovi,Eurokonzalting - EU fondovi,≤100
103109658103084,Karolina Vidović Krišto,Karolina Vidović Krišto,≤100
101827562583283,Televizija.hr,Televizija.hr,≤100
1487935214842281,Faktograf.hr,Faktograf.hr,≤100
113001768735420,IDE3 IT,IDE3,≤100
877431458966305,Zagreb.info,Motus media d.o.o.,≤100
123726393536,MojPosao,MojPosao,≤100
441675022557503,Valter Flego,Valter Flego,≤100
2203684973028242,Katarina Peović,Radnička Fronta,≤100
770459529655215,Radnička Fronta,Radnička Fronta,≤100
638604229648184,Ivan Anušić,Ivan Anušić,≤100
100302873376835,Udruga Zelena Istra,Udruga Zelena Istra,≤100
183125116821,EURES,These ads ran without a disclaimer,≤100
109420188426263,VIDA,These ads ran without a disclaimer,≤100
522037684635166,MAHLE,These ads ran without a disclaimer,≤100
102500518635499,ENTR en,These ads ran without a disclaimer,≤100
102409151592858,ZGRADOnačelnik.hr,Zgradonačelnik.hr,≤100
124340177284061,TomorrowBuilding,These ads ran without a disclaimer,≤100
134470763282957,European Union in Israel,These ads ran without a disclaimer,≤100
1496100117070012,Zemljane staze - Earth Trek,These ads ran without a disclaimer,≤100