﻿Page ID,Page name,Disclaimer,Amount spent (INR)
117426084569698,Unfiltered Jammu Kashmir,Unfiltered Jammu Kashmir,4958
110555385263382,Jaagta Jammu,jaagtajammu.com,3739
1559211387686845,Log 9 Materials,These ads ran without a disclaimer,1028
109141098395573,Inclusive Minds,Inclusive Minds,903
106461617679070,Meta,Facebook Inc.,618
104516512296314,Kartikeya Sharma,Kartikeya Sharma,492
111868911739828,Ghulam Nabi Azad Fans,Ghulam Nabi Azad Fans,477
123405501008524,Mercedes-Benz India,Mercedes-Benz India,398
592025620827002,Choudhary Lal Singh,Divya Suraj Partap Singh,355
104221707996677,STATE VIEWS,Rodiex Services LLP,318
109470364774303,Ellorum Nammudan,Ellorum Nammudan,259
109076322510196,Saviour Education Abroad,Saviour Education Abroad OPC Pvt Ltd,190
21169267101,Give,Give,181
797927846899300,Flag Foundation of India,Flag Foundation of India,180
1549125462051884,BQPrime,Bloomberg Quint,166
375554899138007,Maharashtra DGIPR,Maharashtra DGIPR,147
411129449009589,K.C. Venugopal,K.C. Venugopal,144
100549119644561,Jo Ram Ko Laye Hain Hum Unko Layenge 2024,Jo Ram Ko Laye Hain Hum Unko Layenge 2024,143
122131984855152,Dr. Debraj Shome,Dr. Debraj Shome,140
404746486258732,Project Nanhi Kali,Project Nanhi Kali,127
104736419210593,PACE INDIA,PACE INDIA,122
479998865355592,Aditya Birla Group,Aditya Birla Group,110
343731449001203,Dainik Savera,Mohit Johari,101
107395897271506,Kutumb,Swatantra Verma,≤100
103567102688791,Aam Karobari,Kabir Singh Virk,≤100
104052753400618,Union Bank of India,Goldmine Advertising Limited,≤100
111967013731903,Goldwind,These ads ran without a disclaimer,≤100
100974976268078,Thp Gift,Lata Vani,≤100
1327351450720146,Pradhan Mantri Bhartiya Janaushadhi Pariyojana,Pharmaceuticals & Medical Devices Bureau of India,≤100
21169267101,Give,These ads ran without a disclaimer,≤100
301902473766068,முதல்வன் OPS,முதல்வன் OPS,≤100
30290552843,Greenpeace India,Greenpeace Environment Trust,≤100
354466314735782,Neeraj Bali,Navdeep Singh,≤100
285029500623,CARE India,CARE India,≤100
174283119250672,Bal Raksha Bharat,Bal Raksha Bharat,≤100
30290552843,Greenpeace India,Greenpeace India Society,≤100
132689140088396,smilefoundation,smilefoundation,≤100
110046725117316,Safeer Choudhary,Ashish Sapolia,≤100
243524299157863,Pushkar Singh Dhami,Pushkar Singh Dhami,≤100
103782051383159,School of Politics,School of Politics,≤100
746568209028564,Dr. Basu Eye Hospital,Dr. Basu Eye Hospital,≤100
241940555912671,Chandigarh University,Chandigarh University,≤100
333426070147135,Benny Kuriakose Associates,Benny Kuriakose Associates,≤100
118227367824577,Garuda Aerospace Pvt Ltd,Garuda Aerospace Pvt Ltd,≤100
110012960710286,Dheeraj Muniraj,Sivaramakrishna Kolusu,≤100
104736419210593,PACE INDIA,PACE - PET PACKAGING ASSOCIATION FOR CLEAN ENVIRONMENT,≤100
132480390432415,Jindal Stainless Solutions,Chariot Media,≤100
100735178208398,Udyami India,Samadhan Samiti,≤100
640369399392914,Baijayant 'Jay' Panda,Baijayant Panda,≤100
685881558130468,Kamal Nath,Abhay Tiwari,≤100
1571167366231304,Ramakant Bhargava,Saket Bhargava,≤100
100328978216424,"Fight Pollution, Not Plastics",Nitesh Singh,≤100
116383754696955,Antardhwani - The Inner Voice,Antardhwani,≤100
1534670246807346,Team Vikram Mahajan,Team Vikram Mahajan,≤100
33497111948,Child Rights and You,Child Rights and You,≤100
112399491818085,अविरल चल अनुराग,GST Marketing,≤100
811330598995413,Jagadeesh Gudagunti,Kice Media,≤100
150727778825020,Mobius Foundation,Mobius Foundation,≤100
527429884274109,"Satendra Singh - Social Activist, Environmentalist",Satendra Singh,≤100
165714096933078,Piyush Goyal,Piyush Goyal,≤100
128035066864788,Yuva Matha,Yuvamatha,≤100
1706371292942156,"Ministry of Development of North Eastern Region, Government of India","Ministry of Development of North Eastern Region, Government of India",≤100
138927162813391,Dailyhunt,Verse Innovation Pvt. Ltd.,≤100
106126212227764,P Mudar Loan,Mukeshbhai Samatbhai Rathod,≤100
171538063001636,Global Punjab TV,Navdeep Singh,≤100
204318116677554,National Herald,National Herald,≤100
295639383836442,Agewell Foundation,Aanchal Gupta,≤100
605390272841833,Shrirang Appa Barne,Abhay Balu Ahire,≤100
109986065209042,Mera Apna Rahul,MeraApnaRahul,≤100
126819047366375,Shrimad Rajchandra Love and Care,These ads ran without a disclaimer,≤100
103040206040226,Dr. B S Ajaikumar's Thought Leadership,Dr. B S Ajaikumar's Thought Leadership,≤100
285403455681355,Railway Children India,Railway Children India,≤100
100579492974806,गरीबों का मोदी,गरीबों का मोदी,≤100
107334185444129,Charitism Global,Charitism Global,≤100
104050985586417,Dharmendra Bhardwaj,Harish Sahrawat,≤100
100475508592062,Sitaram Poswal,Bhagatsingh,≤100
116650004667508,Karamjit Kaur Chaudhary,Karamjit Kaur Chaudhary,≤100
101571686227986,Fans of ਦੀਪ ਸਿੱਧੂ - Deep Sidhu,Real Social,≤100
220803731286272,Panasonic India,Amit Chauhan,≤100
1158740130824398,Vaibhav Pawar,Shivam Tiwari,≤100
106630711343439,O News हिंदी,Anand Shankar Jha,≤100
153891144797146,Uttam Kumar Reddy,Ashutosh Mishra,≤100
552159824873262,Kethireddy M.L.A,Venkata Krishna Reddy Kethireddy,≤100
1980147418956206,Ranjeetsingh Hinduraoji Naik Nimbalkar,Ranjeetsingh Hinduraoji Naik Nimbalkar,≤100
1785302198354679,Dr. Somendra Tomar,Somendra Singh,≤100
101528805191590,Dr. Inigo Irudayaraj - Trichy East MLA,Stanislaus Inigo Irudayaraj,≤100
103261078360140,Rahul Singh Pathania,Rahul Singh Pathania,≤100
100196004828444,North Eastern Council,Sourabh Arvind Dubey,≤100
144288257791875,धीरेन्द्र प्रताप सिंह 'धीरू',Arvind Kumar Vishwakarma,≤100
103719915895025,Shri hari finance,Vikas Kumar,≤100
132806813793938,Paramjit Singh Sarna,Harjap Singh Dhingra,≤100
1012334315631172,Anil Firojiya,Kapil Jain,≤100
102218576103904,Badlaav ki Aandhi Priyanka Gandhi,Badlaav Ki Aandhi Priyanka Gandhi,≤100
204599692918446,Rajesh Ranjan,Rajesh Ranjan,≤100
213947398791863,Dhananjai Singh Khimsar,Dhananjai Singh,≤100
251467211588756,Kanaram Jat,Pankaj Sharma,≤100
168545223213479,Omprakash Hudla,Pankaj Sharma,≤100
113426798390891,Shatrohan Sonkar,Aksh Bhargava,≤100
106115058183925,Capt Parag Patkar,Gaurav Ganesh Tibe,≤100
168340283369722,Vaddepally Rajeshwar Rao,Vaddepally Rajeshwar Rao,≤100
317187395100509,Vikramjit Singh Chaudhary,Vikramjit Singh Chaudhary,≤100
110184641585509,MAKUM Media,Lourembam Iranjoy Singh,≤100
537021156329658,Sukhbir Singh Jaunapuria,Pankaj Sharma,≤100
449378495112356,Swades Foundation,Swades Foundation,≤100
102123079337554,International Society for Krishna Consciousness,ISKCON Delhi,≤100
112326528253527,Apex Online Solution,Ajay Tiwari,≤100
2118803388399006,Click2Public,Click2Public Technologies OPC Pvt. Ltd.,≤100
104071715577392,SK International Sainik School Retharedharan - Sangli,Sanket Vinodkumar Surana,≤100
103251851710926,Akula Srivani,Anjan Kumar Akula,≤100
282198256011533,PM Narendra Swamy,PM Narendra Swamy,≤100
878507758895759,Narendra Kumar,Aatmnirbhar Sena,≤100
109340175425667,Manoj Mishra Fan Club,Abhijeet Shesh,≤100
120296584343203,Aiadmk It WING,M Mahalakshmi,≤100
113819783860759,Dinesh Khatik,Harish Sahrawat,≤100
660476430787331,Gaurav Pandhi,Gaurav Pandhi,≤100
253882521658554,Dr Somya Gurjar,Rajesh Goutam,≤100
756051184414551,Thapar Institute of Engineering & Technology,Thapar Institute of Engineering & Technology,≤100
446987405425898,Puranmal Ahir,Puranmal Ahir,≤100
1932900346831325,Rajesh D Sanghvi,Rajesh Dineshchandra Sanghvi,≤100
270666596375251,Jhatkaa.org,Jhatkaa.org,≤100
132309676835568,Lokmat,Pranoti Vasant Dalvi,≤100
2238940452991193,Santosh Pandey,Kunal Jitendra Ajmera,≤100
524665794408050,CASA,Arushi Narchal,≤100
105860667985163,Badeti Radhakrishnayya,Radhakrishnayya Badeti,≤100
802311956513987,Rahul Singh,Rahul Singh,≤100
109897448624145,Yolo Health,Yolo Health,≤100
105671775473178,Jan Suraaj,Jan Suraaj,≤100
375081333293774,Dysfunctional Indian,These ads ran without a disclaimer,≤100
145703105530196,Brahmachari Chaitanyanand Ji,Prashant Gupta,≤100
31867849201,News18,These ads ran without a disclaimer,≤100
313837766031848,Kuldeep Dhankar,Rahul Singh,≤100
1667882310017329,Navbharat Gold,These ads ran without a disclaimer,≤100
106949818442504,The Water Chronicles,Prithviraj Nath,≤100
105780385306508,K. T. News,These ads ran without a disclaimer,≤100
441249902634004,Baba Siddique,Baba Siddique,≤100
283149055377454,S L Ghotnekar Abhimani Balaga,S L GHOTNEKAR ABHIMANI BALAGA,≤100
109735351891742,Apex India service,Ajay Tiwari,≤100
2078242259060363,Kukufm,Mohana Saha,≤100
695738973874352,Dr. Sumer Singh Solanki,Sumer Singh Solanki,≤100
107501421446303,Ramalingappa,Ramalingappa Ramalingappa,≤100
101894651245330,Sardar Patel Public School Bhopal,Hemant Kushwaha,≤100
122181687920651,Mahendra Chaudhary parshad,Mahendra Chaudhari,≤100
213839668641820,Dr. Anil Jain,Brand Recourse Technologies,≤100
912096938897209,Vijay Singh,Vijay Singh,≤100
210251616112761,India Development Review,These ads ran without a disclaimer,≤100
330760810293224,HelpAge India,HelpAge India,≤100
102597425311635,Surya Pratap Singh,Surya Pratap Singh,≤100
1464414077034071,BJPSTMorcha,Bhavesh Govindbhai Lodha,≤100
284778952024329,BJP Mulky-Moodubidire,BJP Mulky-Moodubidire,≤100
108015368279979,Solh Wellness,Solh Wellness,≤100
125561964154544,Suresh Kumar,Suresh Kumar,≤100
1584395508448696,Manash Borah,These ads ran without a disclaimer,≤100
140861612672485,Umesh Gautam,Ayushi Agarwal,≤100
276512419511205,Kathi Karthika,Policy Briefcase,≤100
104961325846139,Arjun Halagigoudar,Arjun Halagigoudar,≤100
106703111083447,Rajkaran Baidwan Sohana,These ads ran without a disclaimer,≤100
107986388645081,India News 24,Goldy Tyagi,≤100
350880081913337,Sahdev Salaria,Rajesh Jaswal,≤100
123900254903525,Rahul Singh Lodhi,Rahul Singh Lodhi,≤100
1559470284286071,M.K.Somashekar,Pranusha Mysore Somashekar,≤100
994578073995343,B. L. Verma,Sourabh Arvind Dubey,≤100
250007248502240,Golu Shukla,Modi For PM Organization,≤100
289085061102499,Sukhwinder Singh Bindra,Sukhwinder Pal Singh,≤100
109805501780466,Summer News Punjab,Summer News Punjab,≤100
467687645161,YourStory,These ads ran without a disclaimer,≤100
918414611597115,Amar Prasad Reddy,Venkata Satish Chandu,≤100
102465501806712,Gunnala Sunithakka Sena,Gunnala Sunithakka Sena,≤100
104831868860974,Narender Ghintala,Webtix,≤100
291531884297397,Dushyant Singh Tomar BJP,Dushyant Singh Tomar BJP,≤100
101581199393219,The Newz Radar,The Newz Radar,≤100
109034074092751,Rakesh dayma alote,Rakesh dayma alote,≤100
883643511778046,Mahesh Rai,Shivendra Singh Kushwah,≤100
105518905839453,Anish Thangamuthu,Anish Thangamuthu,≤100
2087304161537503,विशेष बामल,Vishesh Bamel,≤100
1004702849579249,Sanjay Shah,Shivendra Singh Kushwah,≤100
101913964674756,Pramod yadav प्रमोद यादव,Rishi Kumar Yadav,≤100
105694514269834,North Eastern Region Community Resource Management Society,Shrinivas Ravichandran Nadar,≤100
113212068340712,Dev Bhoomi Corbett Resort,Shyam Sunder Singh Negi,≤100
116091288122237,Mudra Finance loan,These ads ran without a disclaimer,≤100
231167140371342,Kanhaiya Lal Choudhary,Raghunandan Sharma,≤100
104084692269337,Swarn Singh Saini,Manvinder Singh,≤100
104338925107597,Devendra Chamad,Devendra Chamad,≤100
152154292012572,Navjivan,Navjivan,≤100
108861495179406,Shah Alam urf Guddu Jamali,digital prachaar,≤100
713416382011902,Sahil Shivaji Kedari,Sahil Shivaji Kedari,≤100
546664762072056,Avinash Joshi,Avinash Joshi,≤100
2108726996065900,Bhawani Singh Rundal,Pawan Kumar Sharma,≤100
1194392907305611,Ram Niwass Yadav,Ram Niwass Yadav,≤100
102091768921733,Ashok dubey bjp,Prashant Mahton,≤100
105530752376295,"Shiromani Akali Dal, Delhi Unit",Harjap Singh Dhingra,≤100
104633612411419,Dr Samir Kagalkar,Dr Samir Kagalkar,≤100
104441248861952,Neelam Aggarwal,Pankaj Sharma,≤100
321228061382932,Pt. Shekhar Dixit,Websofy Software Private Limited,≤100
495371534202289,Avanthi Srinivasa Rao,Sunraise Websolutions Pvt Ltd,≤100
1079690402062466,Vikram Thakre,Mangesh M Dhage,≤100
104189852632548,Gauri Shankar Amar,These ads ran without a disclaimer,≤100
192845294660932,Rakesh Giri,Rakesh Giri,≤100
150862441991219,Amit Shivhare,Amit Shivhare,≤100
110051547152845,The Newswala Network,Akhilesh Kumar Gupta,≤100
528307847248802,Indian National Congress -  Madhya Pradesh,Abhay Tiwari,≤100
162115051234970,Dharmendra Singh Lodhi mla,Dharmendra Singh Lodhi,≤100
301482743520742,Aseem Gupta,Rani Devi,≤100
667560657014524,Mahendra Singh Solanki,SWANIT INFOTECH,≤100
114503051241437,navachethanaeng,These ads ran without a disclaimer,≤100
491580774286451,Suryakanth Nagamarapalli,Vilas Vijay Kulkarni,≤100
362309980970515,Afsaana-Poets Column,Anmolika Watal,≤100
1651727365046605,Pukh Raj Parashar,Pukh Raj Parashar,≤100
135657743788459,Amit Chauhan,Amit Kumar,≤100
126455024584757,Randeep Singh Deol,Randeep Singh,≤100
119572161070775,journalist_akhil,These ads ran without a disclaimer,≤100
2497824053580486,Sunita Battan,Sunita Battan,≤100
109058654923540,सब का साथ सब का विकास,सब का साथ सब का विकास,≤100
1644165492504830,Ramoji Gowda,Ramoji Gowda,≤100
192673621337392,Kunal Prakash,Kunal Prakash,≤100
110132160741768,Polstrat,Polstrat Communication,≤100
806181806121459,Harshvardhan NandKumar Singh Chouhan,Ishan Mishra,≤100
370579039710759,Sharadendu Tiwari,Shivendra Singh Kushwah,≤100
415332588877399,Banda Karthika Reddy,Chandra Reddy Banda,≤100
100420395782419,FMC MSME,These ads ran without a disclaimer,≤100
101444319593929,Shivlal Borana,Arjun Sharma,≤100
111059771933065,Madan Lal Balotia Merta,Ghanshyam Balotiya,≤100
243633052417235,whispersinthecorridors.com,These ads ran without a disclaimer,≤100
108091173926988,Mrityunjay Sharma - BJP,Mrityunjay Sharma,≤100
422689951503422,Atul Malikram,Atul Malikram,≤100
111259978264483,Aastha Agnihotri,Manoj Kumar,≤100
579497885806820,Datta Ghangale,Dattatray Vitthal Ghangale,≤100
105515161411695,Pankaj Singla,Anil Kumar,≤100
107792554485544,Dr. Amit Singh Chauhan,VC infotech,≤100
511725522329475,Sampurna Samachar Seva,Sampurna Samachar Seva,≤100
302417850271322,National Samachar 24x7,National Samachar 24x7,≤100
192327827624662,The Citizen,The Citizen,≤100
102061952537848,Dr.Akanksha Tyagi Dager - BJP,Akanksha Dager,≤100
109916533853207,AMIT KUMAR SINGH,Akash Singh,≤100
623384268030608,Pradeep Lariya,Shivendra Singh Kushwah,≤100
100700999677239,pyaar.kaafi.hai,These ads ran without a disclaimer,≤100
2031635596888501,सतीश अग्रवाल-ऑफिसियल,सतीश अग्रवाल-ऑफिसियल,≤100
520532458072812,Prerna Samsher Warpudkar,Rajratan Baburao Gore,≤100
102323545504609,Rama Devi Chopra,Rama Devi Chopra,≤100
2083370235035165,Yogender Singh Chhonker,Karan Singh,≤100
104788914222866,T.J Vinod MLA,Deepesh M G,≤100
2100849650146359,Ramarao Patil Pawar,Venkata Satish Chandu,≤100
108903808756780,Team Mukesh Sharma,Rupali Sharma,≤100
103771114684559,Subhash Ram Charitra,Shivendra Singh Kushwah,≤100
1116604591824005,Sandeep Garg,Sandeep Garg,≤100
408032679785089,Ravinder Dabas Rocky,Ravinder Kumar,≤100
105813284380310,Dee4unews,Deepak Kumar Bhandari,≤100
1594765830853380,Khajan Dass,Neeraj Bharti,≤100
348786758473663,Ashok Singh,Bharat Kushwah,≤100
426854497508656,Dr.Phoolchand Bhinda,Phool Chand Bhinda,≤100
132430276857604,Muralidhar Rao,Bipin,≤100
1919704441684688,Rakesh Sachan,Manvendra Sachan,≤100
100439596105737,CBN AGAIN,Showtime Consulting,≤100
524165647975801,Arvind Chaudhary Chintu,Arvind Choudhary,≤100
704847062939121,Ranbir Nandan,Ranbir Nandan,≤100
110847490543428,Vipul Kumar Salwan,Vipul Kumar Salwan,≤100
107545897823033,For Men India,Antara Das,≤100
1613686538669654,Ashok Singhal Foundation,Digital Xplode,≤100
216506801885954,Pankaj Chaudhary,Yash Bagh,≤100
108828628393591,Lakshay Chauhan,Akash Singh,≤100
107014703325591,Ranjeet Patel,Prashant Gupta,≤100
104088772109615,Ashok Kumar Jaiswal BJP,Deepak Mishra,≤100
108497578583588,Janpeace Live,Trishanu Kaushik,≤100
679159028834779,ममता मीना,Mamta Meena,≤100
101775905747048,Ishu kalra,Ishu Kalra,≤100
792213974253605,Surendra Patwa,Udaysingh,≤100
1335462983188401,Nabadal Banik,Nabadal Banik,≤100
114142491616490,Hanuman Sahay Gurjar,Indra Kumar Chopra,≤100
106749372179670,Mukesh Verma Page,These ads ran without a disclaimer,≤100
854256021383031,Vinod Sevan Lal Chandrakar,These ads ran without a disclaimer,≤100
106163284605046,Sanjay Singh,Sanjay Singh,≤100
269761569864265,Rao Padma,Kushal Reddy Rao,≤100
111298630628242,Rajvardhan Singh Parmar,Dharmendra Chhonkar,≤100
107250704737912,CA Sushil Bandpatte,Sushil Chandu Bandpatte,≤100
105971319012537,Team Mohan pandey,Team Mohan pandey,≤100
186199704897466,RD Foundation,RD Foundation,≤100
1477892872456549,Rajkumar Chahar,Karan Singh,≤100
2691509044407025,Sankalp Shettar,Sankalp Jagadish Shettar,≤100
104158692649559,Sanjay Singh,These ads ran without a disclaimer,≤100
253298788099181,Banda Chandra Reddy,Chandra Reddy Banda,≤100
2115793292068685,Chawand Singh Eklingpura,Engitech Media,≤100
112424933514874,Satya Prakash Jrawta,Neeraj Mehta,≤100
100935642733964,Hindi Khabar Digital,The Narrative Builders,≤100
103292189067168,Shimla Bawri-शिमला बावरी,Ganesh Thapa,≤100
367203836657399,Rajendra Singh Surpura,Ganesh Thapa,≤100
106917495262631,Arvind Kejriwal ಬೆಂಗಳೂರು,Kamran  Shahid,≤100
119369401098103,सोहन गिरि,These ads ran without a disclaimer,≤100
743938402322314,Mitendra Darshan Singh,Rahul Ranjan,≤100
1247816208712685,Uttri Jangde,These ads ran without a disclaimer,≤100
1731493857081536,Dr. Kuldeep Bhandari,Dr. Kuldeep Bhandari,≤100
100197199019049,Political Engineer,Political Engineer,≤100
205278732829897,Prem Prakash Pandey,TheVOLOPV,≤100
825870624112435,Ramesh Chandra Ratn,Arun Sharma,≤100
178606642759483,Gaurav Yadav,Gaurav Yadav,≤100
294529347608828,Rishikesh Upadhyay,Rishikesh Upadhyay,≤100
106394871443089,Amit Kumar Singh,Amit Kumar Singh,≤100
106256564506749,Tarun Devi Das,Tarun,≤100
491922750961063,Er. Neeraj Sahu,These ads ran without a disclaimer,≤100
378362679001615,Manoj Shukla,Manoj Shukla,≤100
257710184310758,Century Plyboards India Limited,These ads ran without a disclaimer,≤100
371698843567971,MLA Rajshree Rudrapratap Singh,ANUBHAV JAIN1,≤100
109253634221142,Dr Abhishek Kumar Ramadhin,Abhishek Kumar Ramadhin,≤100
217210975073290,Laxmi Narayan Dave,Laxmi Narayan Dave,≤100
105919999093332,Varta24/वार्ता 24,Varta24/वार्ता 24,≤100
390976557590103,I Support Narendra Modi,I Support Narendra Modi,≤100
102102622351285,Raghuvir Singh Meena IPS,Akash Meena,≤100
293848457958685,Vimal Sahu Kasdol,These ads ran without a disclaimer,≤100
2238647176463048,Dr.Vijender Singh,Anshul Kumar Gupta,≤100
104830828593863,ಮುರುಗೇಶ್ ನಿರಾಣಿ ಅಭಿಮಾನಿ ಬಳಗ,Nishchal Jain,≤100
101163018403251,Jitender Tiwari,Om Narayan Mishra,≤100
265974054127137,Nazia Elahi Khan BJP,Sayan Das,≤100
151640195016242,Madhusudan Bhinda,Suman,≤100
100473756790047,Dungar Ram Gedar,Dungar Ram Gedar,≤100
2300402240284352,Sadhvi Prachi,Amar Khandelwal,≤100
1360805680600676,Sandeep Kshirsagar,Yogesh Padmakarrao Pawar,≤100
103182355403293,Manthan2024,Amit Kumar Singh,≤100
1743820172518316,Renu gupta Dinesh,Renu gupta Dinesh,≤100
1955301821451552,Abhishek Dutta,Abhishek Dutta,≤100
319580544844632,Guru Music Bhojpuri,Arvind Kumar Vishwakarma,≤100
184848438961199,Surya Singh,Surya Singh,≤100
109041710706538,Shankar Ninama Ghatol,Ganesh Thapa,≤100
115787714760392,Jan Jagaran Yatra,Dharmendra Chhonkar,≤100
100423322637137,Kawasi lakhma,Dhaval Kumar Jain,≤100
101484635299482,Shashi Kant,Shashi Kant,≤100
1002191723202473,Suresh Sindal,Suresh Kumar Sindal,≤100
391654307564047,Abhinav Rajasthan Party,Ashok Choudhary,≤100
115908533136307,Mahesh Gurjar हलसर,Rahul Kumar Kirodiwal,≤100
104176741613873,Gunja Bengani jain,Gunja Bengani,≤100
330228123709826,Sonu Singh,Arun Pratap Singh,≤100
249890832100392,Jai Krishan Singh Rouri,Jai Krishan Singh Rouri,≤100
101613628900010,Smartway Wellness Pvt. Ltd.,Bhoomi Harendra Mistry,≤100
113649153374836,Sudhir Singla BJP,Sudhir Kumar Singla,≤100
361691194687436,Umesh Sharma,Book My Promo,≤100
180133898856688,Tulsi Silawat,Tulsi Silawat,≤100
343004639828503,Samala Pavan Reddy - BJP Corporator,Pavan Reddy Samala,≤100
116443388083763,bsb_official7773,These ads ran without a disclaimer,≤100
761826677309909,Bhupinder Lather,Book My Promo,≤100
835481029818511,Rahul Tiwari,Shivam Dubey,≤100
121286572595378,Harendra Ninama हरेंद्र निनामा,Ganesh Thapa,≤100
100440829395295,H R Gavyappa Abhimani  Balaga,H R Gavyappa Abhimani  Balaga,≤100
470458233479120,Aparajita Sarangi,Reach Digitally,≤100
107427451744068,Amit Jain,Bharat Kushwah,≤100
448636251893672,Sarthak Educational Trust,Sarthak Educational Trust,≤100
110760315069123,Ali Zaidi,Arun Pratap Singh,≤100
1638967673052084,Narendra Budania,Engitech Media,≤100
678803825664159,Kanta Sonwal,Prakash Jaiswal,≤100
647353902009584,Dr. Nilam Yadav,Nilam Yadav,≤100
100110012911465,Prasadraj Kanchan,Prasadraj Kanchan,≤100
1397767487148044,Jaidatta Kshirsagar,Jaydatta Sonajirao Kshirsagar,≤100
174948422918011,Harshvardhan Shaktawat,Harshvardhan Shaktawat,≤100
1115631018505272,Mahant Gaurav Sharma-World Champion Power Lifter,These ads ran without a disclaimer,≤100
294583687875244,MLA PahadSingh Kannoje,ANUBHAV JAIN1,≤100
279484519067006,Anil Chopra,Ganesh Thapa,≤100
1149375478489344,Harvinder Singh Sarna,Harjap Singh Dhingra,≤100
108711685305283,Manish Mishra “Ravi Ranjan”,Digital Kumbh Pvt. LTD.,≤100
113607111642214,Jayprakash Trivedi,Jayprakash Trivedi,≤100
892715324214105,Nitendra Singh Rathore,Kumar Ratnam Sharma,≤100
113577624961901,Balu lal Acharya BJP,Ganesh Kumar,≤100
112923767824630,NEw TV,These ads ran without a disclaimer,≤100
105657368688353,Bharat Express,Akash Deep,≤100
109773291920927,Rohan Survase Patil,Sudhir Maruti Bondre,≤100
102861739422105,Kuldeep Rai Sharma,Policy Briefcase,≤100
361031561139301,Rakesh Jangir,Rajesh Kumar,≤100
527713340733138,Ashish Choudhery,Ashish Choudhery,≤100
1584395508448696,Manash Borah,Manash Borah,≤100
107946518029943,Sheelu Sahu,Naveen Singhal,≤100
1966700650252559,Jitendra Sharma,Jitendra Kumar Sharma,≤100
643216342792266,দেবাশিস পণ্ডা ভারতীয় Debasis Panda Bhartiya West Bengal,Debasis Panda,≤100
105560431512954,Boopathi Raja K,Boopathi Raja,≤100
767805023307544,Santosh Kumar Singh BJP,Akash Singh,≤100
1706371292942156,"Ministry of Development of North Eastern Region, Government of India",Arshad Ali,≤100
527316990999245,Kavi Gopal Pathak - कवि गोपाल पाठक,These ads ran without a disclaimer,≤100
532142600461773,Dharmendra Chhonkar,Dharmendra Chhonkar,≤100
108638702066665,Deepak Ajeet Khatri,Deepak Khatri,≤100
474995622600131,Diliprao Deshmukh,Diliprao Deshmukh,≤100
1263109480456697,Ratna Kumari Shahpura,Jain Avinash Kumar,≤100
643001122724792,Shambhu Kumar,Punit Kumar Pandav,≤100
110197854912974,Sonu Singh Garg,Pratik Garg,≤100
858612907672344,टीम प्रकाश चौधरी बड़ी सादड़ी,Ganesh Kumar,≤100
678803825664159,Kanta Sonwal,Ganesh Thapa,≤100
1692446997478851,Divy Trivedi,Vikas Acharya,≤100
116417198030973,Adv Avinash jeengar,Ganesh Kumar,≤100
1346291785426106,Rita Choudhary,Ganesh Thapa,≤100
353121348075228,Rajneesh Agrawal,Rajneesh,≤100
533269740489273,Shivbhagwan Naga,Shivbhagwan Naga,≤100
175110609209771,News Bharati,Media Vidya,≤100
172182742974160,Chunni Lal Sahu,Chunni Lal Sahu,≤100
830592443690465,Manish Soni,Manish Soni,≤100
110967695146133,Govind Kumar Jain,Ganesh Kumar,≤100
475898282465005,Dr K Laxman,Vijay Kumar Tapadia,≤100
1140371839500094,Ramakant Madhavi,Ramakant Madhavi,≤100
1859630847426749,Shrikant Jadhav,Vaibhav Sethi,≤100
103123778911207,CSC Id Provider,Satyam Kumar Sahni,≤100
1463405053879604,Baldev Alawalpur,Anju  Chaudhary,≤100
988113031199582,Dr. Ramesh Chand Tomar,Ashutosh Mishra,≤100
114571654771908,HotCutNews-HCN,These ads ran without a disclaimer,≤100
104765761522667,Pankaj Dawar,The Social Prachar,≤100
1443694495872539,Alok Ranjan,Rupesh Kumar,≤100
183176388540530,Manish Yadav,Manish Yadav,≤100
152793351967032,K.G.Bopaiah,Ranjith G S,≤100
132859090587882,Surajit Datta,Surajit Datta,≤100
647244058952240,Jaypal Singh Chawda,Jaypal Singh Chawda,≤100
103100085360996,Madho Singh Udat,Akash Singh,≤100
401455173607989,CERO,These ads ran without a disclaimer,≤100
196338294250820,Rohit Gangwal,Modi For PM Organisation,≤100
108939271272352,"Hindu Ankit Bhatnagar  प्रदेश अध्यक्ष,अखिल भारत हिंदू महासभा",Ankit Bhatnagar,≤100
116997354325105,Wg Cdr Anuma Acharya,Wg Cdr Anuma Acharya,≤100
2221499791511001,Amit Chachan,Bharat Bhusan Chachan,≤100
109807297952057,Abha Singh BJP,Nitin Kumar,≤100
119988724356157,Journalist Dharminder Sidhu,These ads ran without a disclaimer,≤100
113519568270032,Anand Prakash Miri,Kavita Kumari,≤100
107537344375507,AFI Agro,These ads ran without a disclaimer,≤100
100236283005200,Perika Suresh,Vijay Kumar Tapadia,≤100
104981937529386,Kuldeep Singh Rathod,Shivendra Singh Kushwah,≤100
863961040416615,Punit Verma पूर्व उपाध्यक्ष विश्व हिन्दू परिषद् काशी प्रान्त,Punit Varma,≤100
1537168819849714,Rajesh Sambhaji Pawar,Ajay Arjun Daund,≤100
108007607612793,Krishan Kumar Pathak,Krishan Kumar Pathak,≤100
428500977513921,Ritesh Pandey,These ads ran without a disclaimer,≤100
447657925340264,Soni Shivhare,Shyamji Gupta,≤100
414822692663213,Anurag Vishwanath Sharma,Yogesh Raikwar,≤100
268437163351102,Saurabh Srivastava,Saurabh Srivastava,≤100
108142845071040,Niweshtech Private Limited,These ads ran without a disclaimer,≤100
110622855329356,Sandeep Mehendale,These ads ran without a disclaimer,≤100
105938422478347,Quick Loan Online,These ads ran without a disclaimer,≤100
103192406023397,Hirji Bhai Choudhary,These ads ran without a disclaimer,≤100
1724487151134092,Vinod Patil,These ads ran without a disclaimer,≤100
109352408717959,B L Devaraja,B L Devaraja,≤100
101854318835394,Abdur Razzak-আব্দুর রাজ্জাক,Injamul Hoque,≤100
106006042317835,श्रीमती संगीता चौधरी,These ads ran without a disclaimer,≤100
109830814975379,Raghu Parmar,Rinkesh Namdev,≤100
165264914420646,Ashok Saini Tonk,These ads ran without a disclaimer,≤100
101564641386325,Anand Bharose - आनंद भरोसे,Rajratan Baburao Gore,≤100
104261392190674,Abhay Yadav,Abhay Yadav,≤100
1964648457141458,Shanthi Kumar,Mayurnath Matam,≤100
104172725896939,Radhey Shyam Nangal,Rahul Kumar Kirodiwal,≤100
103190304931739,Puneet Gupta,Rahul Singh,≤100
157378813085018,Rajesh Shukla,Vivek Kumar Singh,≤100
1436053929837684,Dr. Mahendra Singh Shekhawat,Dr. Mahendra Singh Shekhawat,≤100
103377136023452,Dhiraj Yadav AAP,Kavita Kumari,≤100
102320046175940,Rajkumar Chauhan,V MEDIA CREATIVE,≤100
108159201571035,अरविन्द जायसवाल,Avadesh  Kumar,≤100
567821270266572,Chetan Choudhary,Ganesh Thapa,≤100
113858681342028,Dr. Anjali Yadav,Shiv Charan,≤100
382073148521371,EG classes for IAS,Prakhar Kashyap Singh,≤100
817476185017222,दैनिक गुरूधर्म  औसा-लातुर,Akash Singh,≤100
102551982600274,Vijayshankar Reddy,Vijayshankar Reddy,≤100
107336164119124,Ashvani Singh Little,Akash Singh,≤100
112053926911766,Navnit Kumar Jha,Navneet Kumar,≤100
438039076647417,Dr. Anirban Ganguly,Dr. Anirban Ganguly,≤100
292954404384524,Gajendra Singh Patel,Gajendra Singh Patel,≤100
656311628115618,राव रामराजा यादव अमरोद,These ads ran without a disclaimer,≤100
102899812612791,Govind Agarwal BJP,Govind Agarwal BJP,≤100
107148595058269,Adv Harita Mehta,Sandeep Kumar Rana,≤100
113207704780878,Anurag Dhanda,Anurag Dhanda,≤100
1802087953245529,Pavan Singh Rajput,Prakhar Kashyap Singh,≤100
112061804808512,Bihar State Sports Authority - BSSA,These ads ran without a disclaimer,≤100
853734078030690,KVM Jamani Itarsi MP- केवीएम जमानी An English & Hindi medium School,These ads ran without a disclaimer,≤100
102718752336188,Rayapureddy Krishna,Krishna Rayapureddy,≤100
103292795931731,Rihasat khan,Akash Singh,≤100
316991888349139,One School At A Time (OSAAT),OSAAT EDUCATIONAL CHARITABLE TRUST,≤100
427521707672968,Gyana Ram Ranwa Chandpura,Shiv Charan,≤100
104860424918954,दिल है हिन्दुस्तानी,Abhijit Kumar,≤100
394168494317389,MIT World Peace University,MIT World Peace University,≤100
981603711956127,Abdul Hafiz Malik,brandprogrammer,≤100
103505902113318,डॉ. आमना,These ads ran without a disclaimer,≤100
594856377269199,Dandem Ram Reddy,Dandem Ram Reddy,≤100
924791427628665,Sunil Kelanka,Shivendra Shailendra Tiwari,≤100
111654838334899,सीताराम पोखरियाल,Akash Singh,≤100
550287678727831,Bharath Reddy Ravula,Bharath Kumar Ravula,≤100
106942281023549,Vinay Vilas Kadam,Vaibhav Vilas Kadam,≤100
256050398281355,MD Chopdar,WEBTIX,≤100
1743147019302453,Parminder singh sandhu,Parminder Singh,≤100
290191104452412,Yogesh Sagar,Priyank Nitin Pamkar,≤100
109352055422391,Aditya Vikram Jaswal,Palaksys,≤100
364476590604680,Surya Samachar,Jitendra Kumar,≤100
108689704852720,Mahalakshmi Sreenivas,Mahalakshmi Sreenivasulu,≤100
344776312274829,Ashoka University,These ads ran without a disclaimer,≤100
106044697599722,Lavkesh Singh - Bhadohi,Deepak Mishra,≤100
110822130490378,Abhijeet Singh Sanga,These ads ran without a disclaimer,≤100
111627301005753,Abhinay Rai,Akash Singh,≤100
103770281134321,श्री. योगेश चिंधुजी निसाळ,Pawan Anil Aher,≤100
102111112713801,Daman Sethi,Utkarsh Srivastava,≤100
416058801922933,Bharat News,Bharat News,≤100
425594447573893,BJP4Palamuru,Mayurnath Matam,≤100
455697974986681,Bangla Hunt,Bangla Hunt,≤100
426881010719758,Soumik Hossain,Angur Shaikh,≤100
107572844339420,SunFuel,These ads ran without a disclaimer,≤100
108082131858647,भगवा सेवक प्रदीप शर्मा,Pradeep Kumar Sharma,≤100
1088373891289696,Kamal yadav,Akash Singh,≤100
301000176687826,Uday B. Garudachar,Uday B. Garudachar,≤100
1381524608774650,Dr Hemant Deshmukh,These ads ran without a disclaimer,≤100
1927351340858687,ಬಿ ಪಿ ಹರೀಶ್,Gowda Basavana,≤100
179765292047054,Manickam Tagore,Kathiresan K,≤100
102442368107563,Priyanka Nagar Sarpanch,Priyanka Nagar,≤100
120407291913297,Padmanabha Reddy,Padmanabha Reddy,≤100
106360817568437,Daulat Singh Faujdar Nadbai,Aman Sharma,≤100
116050174790182,Alka Nim,These ads ran without a disclaimer,≤100
111576633954789,Ashwani Sharma,Ashwani Sharma,≤100
995582213894808,Kothapalli Geetha,Venkata Satish Chandu,≤100
1484886781811738,Deshraj Meena,These ads ran without a disclaimer,≤100
1101097403326599,Chief Electoral Officer Karnataka,Chief Electoral Officer Karnataka,≤100
100958504951911,Global Punjab Premium,Navdeep Singh,≤100
117122002079339,Shailendra Sengar,These ads ran without a disclaimer,≤100
1757441471197224,Hardik Patel,Hardik Patel,≤100
148039562030208,सुशील आनंद शुक्ल संचार प्रमुख छत्तीसगढ़ कांग्रेस,Suraj Sharma,≤100
107751935459364,subash_candy,These ads ran without a disclaimer,≤100
1466957313555107,AJAY SAHU,These ads ran without a disclaimer,≤100
113650521689074,Vinod Jaiswal,Utkarsh Srivastava,≤100
102325429272140,AITC Debasish Mukherjee,Arpan Saha,≤100
342452405951714,Vishwas Vaidya,Shivakumar Vasudev Rathod,≤100
103495822523586,Dr V Muthuraja MLA,Dr V Muthuraja MLA,≤100
572608223125372,Vikas Rana,Shankar Prasad Thakur,≤100
1782812372049168,Swapnil Bansode - स्वप्निल बनसोडे,Swapnil B Bansode,≤100
252023092136537,Dinesh Pratap Singh,Dinesh Pratap Singh,≤100
102333496162113,Maharashtra with Eknath,Arun Pratap Singh,≤100
103773424783231,Gurpreet Singh Babra,Suraj Sharma,≤100
101817042688378,M.P. Nagarajan,Pattan Nagarajan,≤100
469343139809648,Rajendra Rathore,Engitech Media,≤100
1377312835836545,Ganpat Banthia,These ads ran without a disclaimer,≤100
543596058995303,"Dr. Param Navdeep Singh Doctor, Social Activist, Politician","Dr. Param Navdeep Singh Doctor, Social Activist, Politician",≤100
102712704713113,"34th Ward Corporator, Guntur",Joel Shubhakar Perli,≤100
1286486861452393,Asia World Model United Nations,These ads ran without a disclaimer,≤100
758959910881767,रज्जन मिश्रा,Akash Singh,≤100
100720419078919,Ajay Kumar Singh - Aditya,Arun Pratap Singh,≤100
101636799071929,Suraj das,Aparna Das Roy,≤100
103439354790718,மு. தேவராஜ்   தி மு க -வேலூர் மாவட்டம்,M Devaraj,≤100
106456887722695,Adesh Yadav BJP,Anil Kumar,≤100
357016611315216,महापौर विभा कुमारी पूर्णिया,Bibha Kumari,≤100
107856004316756,Aashutosh Chouksey,Aashutosh Chouksey,≤100
109546308136398,Sankar Dutta - শংকর দত্ত,Bholanath Dey,≤100
470929816335236,Veer Sen Yadav,Veer Sen Singh,≤100
105037262559247,E-SurveyIndia,Krologix Technologies Pvt. Ltd,≤100
103307465023661,Madhyom Bangla,Subhankar Pal,≤100
110329971576059,Ramkishan Rawat,These ads ran without a disclaimer,≤100
138118806735924,Pradeep Tiwari,Pradeep Tiwari,≤100
100101485186486,Abhay Jotva,Abhay Jotva,≤100
109799585424836,vikrant tapkir,These ads ran without a disclaimer,≤100
129952997339452,Rajendra Maske,Rajendra Tukaram Maske,≤100
105352618893717,Shankar yadav,Shankar yadav,≤100
2159484957646626,Mahant Daleep Rawat,Daleep,≤100
100128079517912,Simranjeet vlogs,Sukhneet Singh,≤100
106477475650941,Mulubhai Bera,Piyush Mantri,≤100
726297710718592,Maratha Virender Verma,Parveen Kumar,≤100
750867108394533,B R Patil,Krologix Technologies Pvt. Ltd,≤100
102787901628635,Kunti Deora Parihar,DESIGNHOPES,≤100
105613695515719,National News Now,Shashi Prabha,≤100
122377220789774,Manasi Ghosh Ghosh,These ads ran without a disclaimer,≤100
140624336584770,Yogender Pal Singh Champawat,Akash Singh,≤100
278423842321236,BJP Rajasthan,Bharatiya Janata Party (BJP),≤100
105608048991533,Sahityalok,Sahityalok,≤100
146272498716810,Narayan Seva Sansthan,These ads ran without a disclaimer,≤100
104835278872706,Chaudhary Taufeek Ahmad,These ads ran without a disclaimer,≤100
235927540295291,"बलराम सिंह यादव उर्फ ""बल्लू भैया""",JS Infosoft,≤100
106219348940839,अनाऊँसर चरणदास मैहन्दिया,Kanav Kathuria,≤100
112291655141502,Arpit Das Ji Maharaj,Utkarsh Srivastava,≤100
231650582174916,अमित राबर्ट,These ads ran without a disclaimer,≤100
1802523420012948,Pratap Singh Khachariyawas,Anirudh Sharma,≤100
1713549268774460,Elisha Mayor official,These ads ran without a disclaimer,≤100
224163281073368,BJP Arunachal Pradesh,BJP Arunachal Pradesh,≤100
107725901457936,New Mother,Neelufer Mulla,≤100
111748737620195,Karnataka Pulse,Sai Kiran,≤100
1574483566114189,Dr. Mamta Pandey,Akash Singh,≤100
155263828420124,Deomani Dwivedi,Akash Singh,≤100
104782171364363,Mongabay हिन्दी,These ads ran without a disclaimer,≤100
821430017924241,Sungrow,These ads ran without a disclaimer,≤100
112107421825902,suadyouthcop,These ads ran without a disclaimer,≤100
72996268335,National Geographic Magazine,These ads ran without a disclaimer,≤100
1616354495243083,International Fellowship of Reconciliation - IFOR,These ads ran without a disclaimer,≤100
72149536933,SKF,These ads ran without a disclaimer,≤100
105528080797797,Axios International,These ads ran without a disclaimer,≤100
105548031768,Novo Nordisk,These ads ran without a disclaimer,≤100
121027706313,GlobalSpec,These ads ran without a disclaimer,≤100
644897506121626,future.weapons,These ads ran without a disclaimer,≤100
102688189181011,Immunify.Life,These ads ran without a disclaimer,≤100
114732498560077,Torsten Kanzler,These ads ran without a disclaimer,≤100