﻿Page ID,Page name,Disclaimer,Amount spent (USD)
543230525840908,Asianerial Advisory Int.,Asianerial Advisory Int.,≤100
648941691867874,Kroko ក្រគរ កែវ រតនៈ,Kroko ក្រគរ ជួយ ក្រគរ,≤100
1118529501568378,មន្ទីរសាធារណការ និងដឹកជញ្ជូន ខេត្តបាត់ដំបង,មន្ទីរសាធារណការ និងដឹកជញ្ជូន ខេត្តបាត់ដំបង,≤100
106743048030651,ក្រុមការងារគណបក្សប្រជាជនកម្ពុជា ក្រុងបាត់ដំបង,Dyna Moeung,≤100
104551434922860,ក្រុមការងារជនសកម្ម ក្រុងបាត់ដំបង,Dyna Moeung,≤100
101029751624330,គង់ សោភ័ណ្ឌ អភិបាលខេត្តកណ្តាល Kong Sophorn Governor of Kandal Province,គង់ សោភ័ណ្ឌ អភិបាលខេត្តកណ្តាល Kong Sophorn Governor of Kandal Province,≤100
206984670430,Cambodian Center for Human Rights l មជ្ឈមណ្ឌលសិទ្ធិមនុស្សកម្ពុជា,Cambodian Center for Human Rights l មជ្ឈមណ្ឌលសិទ្ធិមនុស្សកម្ពុជា,≤100
111975152184324,"Samdech Hun Sen, Cambodian Prime Minister","Samdech Hun Sen, Cambodian Prime Minister",≤100
1441092549528340,Koh Kong International School.K K I S,Koh Kong International School.K K I S,≤100
2260430647540976,កម្ពុជា ៤.០ - Cambodia 4.0,Reun Daro,≤100
106972092250619,ក្រុមការងារអភិវឌ្ឍយុវជនស្រុកកញ្ជ្រៀច,Dyna Moeung,≤100
1556626584654766,Rin Virak - រិន វីរៈ,Ly Sophanith,≤100
116613175028420,វិទ្យុស្ត្រី Women's Radio,វិទ្យុស្ត្រី Women's Radio,≤100
100136939277807,"Sean Borath,Ph.D","Sean Borath,Ph.D",≤100
1995251780700007,បណ្ឌិត ងិន បាណាល់ - Dr. NGIN Banal,Dyna Moeung,≤100
558050957660331,ព្រឹទ្ធសភាកម្ពុជា Senate of Cambodia,Kok Vay,≤100
106049897685099,Min Makara,Min Makara,≤100
116704241030099,ក្រុមការងារចុះមូលដ្ឋានសង្កាត់បឹងសាឡាង,ក្រុមការងារចុះមូលដ្ឋានសង្កាត់បឹងសាឡាង,≤100
105866705100869,Khmer Tech Market,Khmer Tech Market,≤100
371955706318583,VPD Radio,These ads ran without a disclaimer,≤100
146649842083645,COMFREL,COMFREL,≤100
561034580603226,គីម រិទ្ធី - Kim Rithy,គីម រិទ្ធី •• Kim Rithy,≤100
116132700294526,គង់ មុនីកា,Kong Monika,≤100
844603092353014,ជា ពិសី - Chea Pisey,ជា ពិសី - Chea Pisey,≤100
100673698524565,អ៊ូច ភា អភិបាលខេត្តតាកែវ-Ouch Phea Governor of Takeo Province,Khat Nita,≤100
1691081041182548,Cambonomist,Ren Rayut,≤100
101670692724876,Iv Leang,Iv Leang,≤100
105846125495344,Koeut Chhe - កើត ឆែ អភិបាលរងរាជធានីភ្នំពេញ,These ads ran without a disclaimer,≤100
1129900250496858,EBo_Bookstore,EBo_Bookstore,≤100
110372271312240,ក្រុមការងារអភិវឌ្ឍយុវជនខេត្តព្រៃវែង,Dyna Moeung,≤100
1309741899186397,CamboJANews,CamboJANews,≤100
106256777922958,SEA Today News,These ads ran without a disclaimer,≤100