﻿Page ID,Page name,Disclaimer,Amount spent (USD)
110942931787230,Sitata Gəl,Sitata Gəl,≤100
100202725184190,Caliber.Az,Caliber LLC,≤100
104996789058485,Defence Talks,Defence Talks,≤100
101289938053927,Elnur Allahverdiyev,Elnur Allahverdiyev,≤100
104355860955968,Press Klub,Nicat Əliyev,≤100
1683459665128094,Minval.az,Minval.az MMC,≤100
100185181783407,Meclis.info,Meclis.info,≤100
101605572118417,Qarabağ Dirçəliş Fondu,Qarabağ Dirçəliş Fondu,≤100
1564050067038839,REAL TV,These ads ran without a disclaimer,≤100
101706675429426,Karabakh Center,Qarabağ Dirçəliş Fondu,≤100