﻿Page ID,Page name,Disclaimer,Amount spent (VND)
105062615490802,Thượng Tọa Thích Đức Thiện,Thượng Tọa Thích Đức Thiện,3131
199803143390683,Oxfam in Vietnam,Oxfam in Vietnam,3069
105845511087981,TRUYỀN HÌNH AN VIÊN,TRUYỀN HÌNH AN VIÊN,1209
919479674872321,Báo Nghệ An,Báo Nghệ An,887
108233955496317,"Đề nghị công ty Shinro trả lương tháng 10,11,12 và bảo hiểm 12 tháng",These ads ran without a disclaimer,805
101865258169428,ĐEN Secondhand,ĐEN Secondhand,288
108271568123706,TAIHEN Sức Khỏe,These ads ran without a disclaimer,≤100
285530825204,Klitschko,These ads ran without a disclaimer,≤100