﻿Page ID,Page name,Disclaimer,Amount spent (USD)
112269621704723,El Futuro es Tuyo,El futuro es tuyo,194
262372043911514,Eduardo del Pozo,Eduardo del Pozo,182
174798006062581,Guillermo Churuchumbi,PD Agencia,162
100848672800182,Consulta Ciudadana Ec,Consulta Ciudadana Ec,114
1622427474702202,Sec. Coordinación Territorial,UPMEDIOS S.A.,≤100
1605002276210569,Soy el aire de Quito,Cristhian David Andino Changolluisa,≤100
109361791913563,Omar Alcalde,Santiago Omar Cevallos Patiño,≤100
167878593236712,UNICEF en español,UNICEF con créditos publicitarios de Facebook,≤100
821636358043705,Roberto Altamirano Montalvo,Nativos digitales,≤100
606618406100257,Municipio de Quito,Cecilia Margarita Nieto Gutierrez,≤100
579966648781917,María José Carrión,Maria Jose Carrion Cevallos,≤100
104917435634115,El Santi Marcillo,Big Digital Ec,≤100
81089852182,U.S. Embassy Ecuador,Embassies: U.S. Embassy Ecuador,≤100
100482812774198,Yadira Bayas Prefecta - LISTA 16,Belen Elizabeth Ruiz Caicedo,≤100
102673232609879,Fidel Chamba,Fidel Ángel Chamba Vozmediano,≤100
495225060514172,Degso,Gabriela Veronica Chango Hermoza,≤100
856012741442139,Ipas LAC,Neuma,≤100
103612631457479,PUNTO SANO,Fabian Patricio Salazar Rios,≤100
106269115634659,Zoraya Rondón,Zoraya Rondon Solano,≤100
103942098831797,Andrés Campaña Remache,Andrés Campaña Remache,≤100
323061501783622,Concejala Analía Ledesma García,Edwin Marcelo Rosales Zapata,≤100
1729582567368210,Panas de Jorge Yunda,Paul Travez,≤100
68793499001,UNICEF,UNICEF with Facebook Ad Credits,≤100
101056676141616,Asesoría Política - Goberna Ecuador,Goberna Ecuador S.A.S,≤100
527915490921777,Ecuador Today,Ecuador Today,≤100
108560674309383,Emilio Uzcátegui,Daniel Valenzuela,≤100
101851479428037,Santo Domingo Comunica,patricio castillo zambrano,≤100
182109535179569,La Radio de la Asamblea Nacional,Asamblea Nacional de Ecuador,≤100
656656771107025,TV Legislativa,Asamblea Nacional de Ecuador,≤100
49746516611,Asamblea Nacional del Ecuador,Asamblea Nacional de Ecuador,≤100
103122032166580,Expo Atuntaqui,Carlos Luis Pozo Paez,≤100
737189350030059,Dra. Elisa Guayasamin,Elisa Marlene Guallasamin Niarata,≤100
2221570604786246,Primicias,Primicias,≤100
373147869542104,Municipio de Chone,Gobierno Autónomo Descentralizado Municipal del cantón Chone,≤100
108657847619569,Goberna Ecuador,Goberna Ecuador,≤100
105575258210401,Nicole Bonifaz,Nicole Bonifaz,≤100
105572418546870,Vital Rio,Dennys Rafael Cauja Tibanquiza,≤100
100720942647304,Politólogos Digitales Ecuador,Politólogos Digitales Ecuador,≤100
323289911768488,Clarita Hinojosa,Clarita Hinojosa,≤100
334722650712707,Jorge Yunda,Paul Travez,≤100
115012276965624,Daniel Noboa  Azin,Daniel Noboa Azin,≤100
202378653849689,Darío Macas,Roberto Francisco Armijos Hernandez,≤100
1551122431838485,Ccpd Santo Domingo Ecuador,Yaritza Isabel Cevallos Mera,≤100
115086387026664,Doris Novoa,Doris Novoa,≤100
2061068044150464,Wilson Erazo,Wilson Erazo,≤100
140019043330175,Oscar Ayerve,Oscar Rene Ayerve Rosas,≤100
2174951136066727,Amigos De John Vinueza,John Henry Vinueza Salinas,≤100
103203195624221,Elsa Guerra Rodríguez,Bryan Ricardo Cadena,≤100
113631150389984,Yeseña Guamaní Vásquez,Ludvia Yeseña Guamaní Vásquez,≤100
100793656155174,Mary Mestanza - Concejal,Alexis Ortega,≤100
102868228794800,Melina Villacrés,Melina Villacres,≤100
249035108570538,Jorge Martínez Vásquez,Jorge Martínez,≤100
564394550242070,Richard Calderón Saltos,Richard Oswaldo Calderón Saltos,≤100
727947780720237,RC5 Imbabura,José Chalá,≤100
643513979193133,Unidos por Beatriz,Neuma,≤100
1362854600519691,Autoridad Aeroportuaria GYE,Autoridad Aeroportuaria de Guayaquil,≤100
171207200247815,Roberto Cornejo,Julio Roberto Cornejo Balseca,≤100
2000274223590054,Galo Zambrano Alcalde,Galo Silvano Zambrano Acosta,≤100
112128961403701,Ronal Moreno,Ronal Moreno,≤100
237501700522397,Daniela Asan Torres,Andrea Cevallos,≤100
451088375397698,LatinInsider,Guillermo Marcelo Arroba Lopez,≤100
343584129176395,La Posta,These ads ran without a disclaimer,≤100
105603338966547,Enrique Lopez,Fernanda Yessenia Segura Izurieta,≤100
175714949929700,Martha Toapanta,Martha Toapanta,≤100
965316383498054,Alberto Beltrán Es Como Tú,AG MediaEstudio,≤100
292561387945726,Dr. Martín Villalva,Edison Martín Villalva  Fuentes,≤100
745304775612076,Bryan Ocampo Concejal,Bryan Ocampo Cedeño,≤100
1394216594058327,Miguel Morocho,Miguel Eduardo Morocho Rodriguez,≤100
109840348137067,tallercomunicacionmujer,These ads ran without a disclaimer,≤100
102823644882450,Pedro Pablo Moran 2023,Pedro Pablo Moran Marchan,≤100
343584129176395,La Posta,Andersson Alejandro Boscan Pico,≤100
105309504729982,Lourdes Garzón,Lourdes Magdalena Garzón Tito,≤100
329529281603,La Ruta del Cacique,These ads ran without a disclaimer,≤100
108251088331765,Simón Bolívar Remache,Simón Bolivar Remache Moreno,≤100
581850678505765,Ab. Gabriel Farfán Intriago,George Gabriel Farfán Intriago,≤100
109824551872503,Marcelo Jaramillo Fernández Salvador,Marcelo Vicente Jaramillo Fernandez Salvador,≤100
100530896209719,Napoleón Gómez,Napoleón Jose Fernando Gómez Real,≤100
223396361129349,Andres Ugalde,Andrés Francisco Ugalde Vázquez,≤100
102278752726959,Javier Sánchez,Edison Javier Sanchez Vallejos,≤100
109869198487676,Jorge TROYA Fuertes,Jorge Oswaldo Troya Fuertes,≤100
103676948938660,LISTA 1 Playas,Edison Salazar,≤100
576293326050856,Daniel Villavicencio - Concejal de Paute,Carlos Daniel Villavicencio Pesantez,≤100
110284818439234,Daysi Soto Calderon,Daysi Soto,≤100
480062025779786,Daniel Macias Lopez,Jefferson Fernando Villamil Garrido,≤100
100321512445984,Bomberos Milagro,Andrea Cevallos,≤100
1049889138552094,Ing. Sandra Nogales Véliz,Sandra Nogales Véliz,≤100
101318286168107,La Posta Cuenca,La Posta,≤100
102199795319206,Pablo Marçal Oficial,These ads ran without a disclaimer,≤100
124252504303223,UNICEF (FR),UNICEF avec des crédits publicitaires Facebook,≤100
102791622623166,Freddy Mora Prefecto,Christopher Jair Astudillo Mayorga,≤100
430342697166077,Abraham Freire Paz,Yerimar Moya Tenelema,≤100
215479665635810,Franklin Mera Zavala,Jorge Franklin Mera Cedeño,≤100
166178460072395,اليونيسف بالعربية - UNICEF in Arabic,اليونيسف باستخدام اعتمادات الإعلان على الفيسبوك,≤100
336960923666379,Alcaldía De Milagro,Joss Melissa Vera Miranda,≤100
182381741786432,TC Televisión,TC Televisión,≤100
100786745033316,Ronny Garcia,Aurik Rosario Tobar Santos,≤100
1996188160465527,Arturo Masson,Washington Arturo Masson Álvarez,≤100
965218816913719,Producciones Román,Manuel Alejandro Roman Loor,≤100
1390097991210792,Agrocalidad Ecuador,Robert Steeven García Cabezas,≤100
227622537655549,CGTN en Español,These ads ran without a disclaimer,≤100
106037861920440,Paulina Mogrovejo,Paulina Gabriela Mogrovejo Rengel,≤100
100551079486370,Noticias La Tierrita Comunidad Tsáchilas.,Janeth Segura,≤100
101685042705474,Ivette Ledesma Dávila,Ivette Ledesma Dávila,≤100
2211964079027725,Paco Asan Alcalde,Joss Melissa Vera Miranda,≤100
609388696178990,Vanessa Lozada  Ambato,Andrea Vanessa Lozada Cepeda,≤100
100778945189232,Leonardo Garrido M.,Leonardo Jose Garrido Muyulema,≤100
336299993191388,Infórmate Santo Domingo,Damian Petroche,≤100
310793955940013,Democracia Abierta,These ads ran without a disclaimer,≤100
565225540184937,CGTN,These ads ran without a disclaimer,≤100
1021756257944424,Movimiento Amigo Cotopaxi,Christian Javier C,≤100
100881209452841,Omar Minuche,These ads ran without a disclaimer,≤100
103429752580305,Ernesto Montaño,Ernesto Walberto Montaño Garrido,≤100
111319181449359,Abg. Antonio Torres Sabando Alcalde,Marco Antonio Torres Sabando,≤100
788384531282129,Rossana Cevallos,Jessica Veronica Bravo Bravo,≤100
299227550122220,Radio Cina Internazionale,These ads ran without a disclaimer,≤100
103198457817775,Immigration and business,These ads ran without a disclaimer,≤100
106468345635071,Crudo Santo Domingo,Natasha Antonela Aveiga Salavarria,≤100
326937770773228,Government Press Office,These ads ran without a disclaimer,≤100