﻿Page ID,Page name,Disclaimer,Amount spent (EUR)
101519168409673,Dimitar Kovacevski,Димитар Ковачевски,≤100
148427235188637,СДСМ - Социјалдемократски сојуз на Македонија,СДСМ - Социјалдемократски сојуз на Македонија,≤100
211084826136102,Јанко Бачев,Единствена Македонија,≤100
829371753904952,Hristijan Mickoski,ВМРО-ДПМНЕ,≤100
324459714339171,Civil MK,Civil MK,≤100
553351041394651,Скопски Квир Центар,Скопски Квир Центар,≤100
192483774872658,Демократи,Демократи,≤100
100746718435265,Fatmir Bytyqi,Fatmir Bytyqi,≤100
1677572455714659,Јорго Огненовски,Jorgo Ognenovski,≤100
149032011830930,Centar.mk,Centar.mk,≤100
170683322770,Вести од Македонија,Politikanti,≤100
101666052762028,euyc.green,These ads ran without a disclaimer,≤100
131094353592811,Здружение на граѓани Медиа Плус,Trajce Gogov,≤100
219453054891896,Vesti +,Vestiplus.mk,≤100
100954761298205,frontline.mk,frontline.mk,≤100
164829683652900,Faktor.mk,Faktor.mk,≤100
335085593528267,Sloboden Pecat,Sloboden Pecat,≤100
1094158057369124,Stefan Bogoev,Стефан Богоев,≤100