﻿Page ID,Page name,Disclaimer,Amount spent (USD)
225385184188101,ქართული ოცნება / Georgian Dream,ქართული ოცნება / Georgian Dream,≤100
114735666574826,Formula • ფორმულა,TV Formula,≤100
1709314685984193,სტრატეგია აღმაშენებელი • Strategy Aghmashenebeli,სტრატეგია აღმაშენებელი • Strategy Aghmashenebeli,≤100
194165114388891,ევროპული საქართველო • European Georgia,ევროპული საქართველო,≤100
353943391364252,TV Imedi,TV Imedi,≤100
180568365331697,შერიგებისა და სამოქალაქო თანასწორობის საკითხებში სახელმწიფო მინისტრის აპარატი,SMR Georgia,≤100
179300065451916,საქართველოს იუსტიციის სამინისტრო,საქართველოს იუსტიციის სამინისტრო,≤100
126642864053395,ღია საზოგადოების ფონდი I Open Society Georgia Foundation,OSGF,≤100
1746063075610569,საფარი/Sapari,Union Sapari,≤100
651534988375338,POSTV - ანალიტიკა,POSTV LLC,≤100
749989348701035,ეს ქვეყანა შენია • This country is yours,Civil Society Institute,≤100
101675728268164,დამუხტე,POSTV,≤100
1436499703296575,მითების დეტექტორი,მითების დეტექტორი,≤100
107212234052832,მედიაკრიტიკა / Mediacritic,მედიაკრიტიკა / Mediacritic,≤100
480323335835739,მაუწყებელი • Mautskebeli,მაუწყებელი • Mautskebeli,≤100
139312352896987,საქართველოს დემოკრატიული ინიციატივა / Georgian Democracy Initiative,საქართველოს დემოკრატიული ინიციატივა / Georgian Democracy Initiative,≤100
414248619353564,საქართველოს დაბადება,გირჩი • Girchi,≤100
285690758154568,გარემოს დაცვისა და სოფლის მეურნეობის სამინისტრო,გარემოს დაცვისა და სოფლის მეურნეობის სამინისტრო,≤100
133052760057128,Tabula - ტაბულა,Tabula - ტაბულა,≤100
536906143912475,RealPolitika • რეალპოლიტიკა,Gmc • მმართველობის მონიტორინგის ცენტრი,≤100
104544911468291,შალვა პაპუაშვილი • Shalva Papuashvili,Georgian Dream,≤100
691251661323712,თავისუფალი ბაზარი,გირჩი • Girchi,≤100
1031485756902883,გირჩი • Girchi,გირჩი • Girchi,≤100
316219238406271,სამართლიანი არჩევნები (ISFED),სამართლიანი არჩევნებისა და დემოკრატიის საერთაშორისო საზოგადოება (ISFED),≤100
1159313984168136,europop,Popsport,≤100
103965262533554,არ აგარევინებთ,Davit Davitashvili,≤100
110768738297837,ქართული ოცნების ქალთა ორგანიზაცია / GD Women,Georgian Dream,≤100
108652531483661,ქართული ოცნება ჩემი არჩევანია,ქართული ოცნება ჩემი არჩევანია,≤100
114191964091743,"საქართველოს კულტურის, სპორტისა და ახალგაზრდობის სამინისტრო",სიმონა ცალანი,≤100
137784719692774,საქართველოს მთავრობა,საქართველოს მთავრობა,≤100
101533539409791,პოლიტიკური რენტგენი / Political X-ray,Davit Gureshidze,≤100
105294965729965,საქართველო უპირველეს ყოვლისა  • Georgia First,Georgia First,≤100
147107512030533,საერთაშორისო გამჭვირვალობა-საქართველო,საერთაშორისო გამჭვირვალობა-საქართველო,≤100
107353508364018,სასამართლოს გუშაგი • Georgian Court Watch,Georgian Court Watch,≤100
103844525823875,პოლიტიკური აბსურდი,Ramaz Beridze,≤100
105232394364997,გახარია,გახარია,≤100
1190654384364038,OC Media,OC Media,≤100
1886767171598724,ფლანგვის დეტექტორი,ფლანგვის დეტექტორი,≤100
112698110523947,7- მოქალაქეები/Citizens,ალეკო ელისაშვილი - მოქალაქეები,≤100
471759786227198,Factcheck.ge,Factcheck.ge,≤100
212371088796021,საქართველოს რეგიონული განვითარებისა და ინფრასტრუქტურის სამინისტრო,საქართველოს რეგიონული განვითარებისა და ინფრასტრუქტურის სამინისტრო,≤100
106671920976963,Movement EDU,Movement tv LLC,≤100
2136963033183230,თორნიკე რიჟვაძე • Tornike Rijvadze,თორნიკე რიჟვაძე • Tornike Rijvadze,≤100
136827876490842,საინფორმაციო ცენტრი ნატოსა და ევროკავშირის შესახებ • NATO & EU Info Center,საინფორმაციო ცენტრი ნატოსა და ევროკავშირის შესახებ • NATO & EU Info Center,≤100
101028631724717,George Kapanadze / გიორგი კაპანაძე,George Kapanadze,≤100
100904612181810,საქართველოსთვის / For Georgia,საქართველოსთვის / For Georgia,≤100
158969037628815,თბილისის საკრებულო / Tbilisi City Assembly,თბილისის საკრებულო / Tbilisi City Assembly,≤100
346336779735775,დავით ზილფიმიანი • David Zilpimiani,David Zilpimiani,≤100
101567864590599,კვლევითი ინსტიტუტი Gnomon Wise,Gnomon Wise,≤100
227232231055980,Egor Kuroptev,Egor Kuroptev,≤100
497425910290053,სოციალური სამართლიანობის ცენტრი• Social Justice Center,Emc • ადამიანის უფლებების სწავლებისა და მონიტორინგის ცენტრი,≤100
195600981002208,გიორგი მელაშვილი / George Melashvili,Europe-Georgia Institute,≤100
168226130026484,ჰოლონი •  Holon,ირაკლი წულაია,≤100
107034578358462,პოლიტიკური სატირა / Political Satire,პოლიტიკური სატირა / Political Satire,≤100
110617105032980,Gorgeous poplar,These ads ran without a disclaimer,≤100
1097681207089811,პუბლიკა • Publika,პუბლიკა • Publika,≤100
109209297284482,Aldy gaming,These ads ran without a disclaimer,≤100
104400612212429,Alexandre Potiomkini Sakartvelo,These ads ran without a disclaimer,≤100
133530100014336,ამერიკის ხმა,These ads ran without a disclaimer,≤100
68793499001,UNICEF,These ads ran without a disclaimer,≤100
1057076117677093,NEWS.On.ge,On.ge,≤100
961209820632876,פרויקט ההיסטוריה הגאה החיפאית مشروع التأريخ المثليّ الحيفاويّ,These ads ran without a disclaimer,≤100
100643069487986,Благодійна Організація «Благодійний фонд «Україна ЦЕ ТИ»,These ads ran without a disclaimer,≤100
103289755718743,Dolcevita_club,These ads ran without a disclaimer,≤100