﻿Page ID,Page name,Disclaimer,Amount spent (USD)
214225965275748,وكالة وطن للأنباء,وكالة وطن للأنباء,≤100
155497517980802,Royal Group,These ads ran without a disclaimer,≤100
961209820632876,פרויקט ההיסטוריה הגאה החיפאית مشروع التأريخ المثليّ الحيفاويّ,These ads ran without a disclaimer,≤100
68793499001,UNICEF,These ads ran without a disclaimer,≤100
108282908358481,اصداء بيتكم,These ads ran without a disclaimer,≤100
1662250870723179,PCPD Center,Wattan TV,≤100
131189377574,MDPI,These ads ran without a disclaimer,≤100
224597158386607,Rosa Luxemburg Foundation,These ads ran without a disclaimer,≤100
285530825204,Klitschko,These ads ran without a disclaimer,≤100