﻿Page ID,Page name,Disclaimer,Amount spent (EUR)
105958751249374,Energia naturalis,Energia naturalis d.o.o.,≤100
1781165065440754,N1 Hrvatska,N1 Hrvatska,≤100
136900153422435,Tomislav Sokol,Tomislav Sokol,≤100
129634970518,SDP Hrvatske,SDP Hrvatske,≤100
178362315106,European Parliament,European Parliament,≤100
326373464600,Liberali - HSLS,Liberali - HSLS,≤100
585411648152023,Peđa Grbin,SDP Hrvatske,≤100
688325737947866,Telegram.hr,Telegram Media Grupa,≤100
280137422079068,Novi sindikat,Novi sindikat,≤100
1064762700374086,Možemo - politička platforma,Možemo - politička platforma,≤100
798612287169115,Ivica Todorić,Ivica Todorić,≤100
494211670717451,Regionalni industrijski sindikat,Novi sindikat,≤100
2203684973028242,Katarina Peović,Radnička Fronta,≤100
111421992219589,Dnevno.hr,Motus media d.o.o.,≤100
103109658103084,Karolina Vidović Krišto,Karolina Vidović Krišto,≤100
103518083049370,NajboljaMamaNaSvetu.com,NajboljaMamaNaSvetu.com,≤100
1487935214842281,Faktograf.hr,Faktograf.hr,≤100
877431458966305,Zagreb.info,Motus media d.o.o.,≤100
374159272978399,Građani za Mislava Kolakušića,"Mislav Kolakušić, nezavisni zastupnik u Europskom parlamentu",≤100
125703770797582,Jana,Jamnica plus d.o.o.,≤100
1504547499764434,Ivan Vilibor Sinčić,Ključ Hrvatske,≤100
1758512924436183,Nikola Grmoja,Most,≤100
603906399629215,Državni zavod za statistiku,Državni zavod za statistiku,≤100
314776818539194,Forum mladih SDP Hrvatske,SDP Hrvatske,≤100
108270901418113,Tomislav Tomašević,Zagreb je NAŠ!,≤100
291638950941144,KLJUČ Hrvatske,Ključ Hrvatske,≤100
102198203158768,AgroKlub.com,Agroklub d.o.o.,≤100
102285721646246,Ilčić Ladislav,Ladislav Ilčić,≤100
122332567514580,Energycom,Energycom d.o.o.,≤100
770459529655215,Radnička Fronta,Radnička Fronta,≤100
508755779649081,Sanja Radolović,Sanja Radolović,≤100
1580671625481423,Lonci&poklopci by Bajde,These ads ran without a disclaimer,≤100
272201060331942,Karlo Ressler,Karlo Ressler,≤100
110933407315208,Hrvatski-glasnik,hrvatski glasnik,≤100
109420188426263,VIDA,Vida produkcija,≤100
144709575593854,EESC - European Economic and Social Committee,EESC - European Economic and Social Committee,≤100
1747126668848581,Veljko Kajtazi,Veljko Kajtazi,≤100
248268301858527,Jamnica,Jamnica plus d.o.o.,≤100
1524093761198048,Anka Mrak - Taritaš,GLAS Građansko-liberalni savez,≤100
135611546456409,Gong,Gong,≤100
102260795029090,Mate Šimundić,Mate Šimundić,≤100
123726393536,MojPosao,MojPosao,≤100
140693889702485,Hrvatskadanas,Hrvatskadanas,≤100
109681846502755,Sisačko-moslavačka županija,Sisačko-moslavačka županija,≤100
527351247377965,European Committee of the Regions,European Committee of the Regions,≤100
109451008578039,Create,Create,≤100
133678452137,Mreža mladih Hrvatske - Croatian Youth Network,Mreža mladih Hrvatske,≤100
100487571356960,Marina Opačak Bilić,Marina Opačak Bilić,≤100
106928174232844,Domovinski pokret,Domovinski pokret,≤100
102409151592858,ZGRADOnačelnik.hr,Zgradonačelnik.hr,≤100
292185807498253,Grad Varaždin,Grad Varaždin,≤100
235319525101705,Genius by InterCapital,InterCapital Asset Management,≤100
396543317390918,Dalibor Paus,Dalibor Paus,≤100