﻿Page ID,Page name,Disclaimer,Amount spent (USD)
302183990175912,Haute Autorité pour la Bonne Gouvernance,Haute Autorité pour la Bonne Gouvernance,≤100
103972089633572,Dr Abdallah Toikeusse MABRI,Dr Abdallah Toikeusse MABRI,≤100
214640851992725,Primature Côte d'Ivoire,Primature Côte d'Ivoire,≤100
244922065530890,Gouvernement de Côte d'Ivoire,Gouvernement de Côte d'Ivoire,≤100
102827332629402,Le Sommet de l'Élevage d'Abidjan,These ads ran without a disclaimer,≤100
101983169343777,PCCET CI,PCCET CI,≤100
120245114396152,Bamba Salia 2.0,Bamba Salia 2.0,≤100
808119029346832,Amédé Koffi Kouakou,Amédé Koffi Kouakou,≤100
199050260841935,Jean-Marc Yacé,Jean-Marc Yacé,≤100
104228642561978,Florence Achi,Florence Achi,≤100
102041141286748,Sénateur Vassiriki DIABY,Sénateur Vassiriki DIABY,≤100
1037145113046404,Infolucide l'information juste,Infolucide l'information juste,≤100
100744273069834,Association des jeunes pour le développement du nord - Ajdn,These ads ran without a disclaimer,≤100
111679394767549,المشروع القومي لمشتقات البلازما,These ads ran without a disclaimer,≤100