﻿Page ID,Page name,Disclaimer,Amount spent (RON)
1058116737612843,USR,Uniunea Salvați România,628
990747367737692,Cătălin Drulă,Uniunea Salvați România,437
1395939193764858,Marcel Ciolacu,Partidul Social Democrat,344
178362315106,European Parliament,European Parliament,148
207741001672,Speranta pentru Romania,Speranta pentru Romania,≤100
205001282852200,Milvus Group,Asociatia GRUPUL MILVUS,≤100
291177524360702,Partidul Social Democrat,Partidul Social Democrat,≤100
181375448581167,Partidul Naţional Liberal,Partidul Național Liberal,≤100
340365952736683,Alin Nica,Alin Nica,≤100
360828814115641,Asociatia Slujire Crestina,Asociatia Slujire Crestina,≤100
106153909088124,Stirea ZIlei,StireaZilei,≤100
107898832590939,European Commission,European Commission,≤100
108295090637741,ASAP România,Fundatia The Institute,≤100
163943696987223,Ziarul Puterea,Ziarul Puterea,≤100
114319753592403,AFACERI.news,Horia-Marius Bogdan,≤100
181375448581167,Partidul Naţional Liberal,Partidul National Liberal,≤100
100348189494015,Robert Vitoș,Robert Vitos,≤100
364156627669948,Ștefan Pălărie,Ștefan Pălărie,≤100
1600886623504873,PressOne,Press One Media SRL,≤100
731035500293728,Siegfried Muresan,Siegfried Muresan,≤100
321890494859228,Vlad Gheorghe,GHEORGHE VLAD-DAN,≤100
1577877239102295,Nicolae Ionel Ciucă,Partidul National Liberal,≤100
102601499822802,RMDSZ,RMDSZ,≤100
100658152065911,Kelemen Attila,Kelemen Attila RMDSZ,≤100
279454772645662,Nicu Ștefănuță,Nicu Ștefănuță,≤100
600025356762034,Carina Pflege Locuri de munca Germania,Olimpia Schugar,≤100
261202277284497,Theodor Paleologu,Ioana Prândurel,≤100
883243308450205,Costin Răsăuţeanu,Costin Răsăuţeanu,≤100
201920416986321,EM360 Studio,EM360 cu Adi Maniutiu,≤100
100211372942318,România=GEȚIA,Mărgărit-Daniel Buzoi,≤100
200813406761691,Corina Cretu,Marina Alin-Constantin,≤100
107066808189586,Panorama.ro,NEWBIZ ONLINE PUBLISHING S.R.L.,≤100
2443020582586584,Romania Eficienta,Romania Eficienta,≤100
175293925828191,Kelemen Hunor,RMDSZ,≤100
104217171285776,Asociația Industriei Lemnului - Prolemn,Asociația Industriei Lemnului - Prolemn,≤100
149371012371397,Newsweek Romania,Newsweek Romania,≤100
109983011774065,Proiectul Romania 2030,Sociallite Media Solutions,≤100
163076814300722,Romania1.ro,Romania1.ro,≤100
155195491318605,eoficial.ro,Eoficial.ro,≤100
109445158308624,De fapt,DeFapt.ro,≤100
243944279801738,Glasspandoor - totul pentru casa ta,Virgil-Silviu Dima,≤100
428464880426,Wall-Street.ro,Wall Street,≤100
178925535502983,Matthew Fowler,These ads ran without a disclaimer,≤100
112130176975380,Radu Ghidău,Radu Ghidau,≤100
107126744527532,Farcaș Mihai-Dan,FARCAS MIHAI DAN,≤100
186612088034700,Facias - Fundatia pentru Apararea Cetatenilor Impotriva Abuzurilor Statului,FACIAS,≤100
101763692272709,Avocat Ciuchi Elena-Corina,Cabinet de Avocat CIUCHI Elena-Corina,≤100
412140715514446,Florin-Alexandru Alexe,Alexandru Marin,≤100
1404229443208184,Daniel Gheorghe,Constantin Răzvan Popovici,≤100
1796777377209154,Regia Nationala a Padurilor - Romsilva,Regia Nationala a Padurilor - Romsilva,≤100
1047658422027323,Dan Ivan,Ivan Dan,≤100
220579784732993,Daniel Buda,Buda Daniel,≤100
181221645364365,Carmen Avram,Carmen Avram,≤100
260365460647855,Mircea Geoana,Mircea Geoana,≤100
162507013765047,Editura Spandugino,SC EDITURA SPANDUGINO SRL,≤100
101380722809080,Fundația Dana Voiculescu pentru solidaritate,FDVS,≤100
111190480252428,Radu Molnar,Radu Iulian Molnar,≤100
108354630810359,Robert Alecu,Robert Alecu,≤100
509479962851716,Alexandru Kocsis,Romanii trebuie sa stie,≤100
105999601301943,Ana Cătăuță,Ana-Maria Catauta,≤100
741115212683860,Astrolog Adrian Chelariu,Adrian Chelariu,≤100
137651470305528,Federația Patronală Petrol și Gaze,Federatia Patronală Petrol și Gaze,≤100
344517529430253,Senatul Științific,Senatul Stiintific,≤100
1157480384268430,Partidul Umanist Social Liberal PUSL Sediul Central,Partidul Umanist Social Liberal,≤100
494469087244449,Eugen Tomac,Eugen Tomac,≤100
122613352468456,Antonel Tanase,Antonel Tanase,≤100
1190871690932388,New Star Online TV,NewStarOnlineTV,≤100
1551100608459864,Cristina Traila,Florin Stoican,≤100
103640708229788,Laurențiu Marin,Laurentiu-Daniel Marin,≤100
696290697197961,Nicu Fălcoi,Falcoi Nicu,≤100
1560147330888040,Winkler Gyula,Winkler Gyula,≤100
658668994510595,Norofert Group,Norofert Group,≤100
101340741758468,Radu Pescar,Pescar Radu Mircea,≤100
325574608291302,Chirilă Alin,Chirilă Alin,≤100
1024698440918384,Gheorghe Valentin Rotar - Primar,Gheorghe Valentin Rotar,≤100
1491544234239734,Forța Dreptei,Forta-Dreptei,≤100
106282087882731,Dinu Gheorghe,Dinu Nicolae Gheorghe,≤100
110448498160151,Ion Stefanovici,News Moldova,≤100
799949990211564,Ioana Ramona Bruynseels,Ioana Ramona Bruynseels,≤100
1718636781792946,Flavius Sirop,Flavius Sirop,≤100
281341562263123,Cristina Prună,Cristina-Madalina Pruna,≤100
1046576302107963,Ciprian Serban,Ciprian-Constantin Serban,≤100
779335275738093,Podul,Mircea Savin,≤100
469766630029894,Irinel Ionel Scriosteanu,Ionel Scriosteanu,≤100
102410783138358,Anuntul Telefonic,Anuntul Telefonic SRL,≤100
1714804808533451,Future Banking,Internet Corp,≤100
939093039450192,PS News,PS News,≤100
908169412659988,Bogdan Grecia,Crecia Ionut-Bogdan,≤100
100491781650498,Premierul Nostru,Premierul Nostru,≤100
104903512152451,Ionel Sandu - Pagina Oficiala,Ionel Sandu,≤100
1498149113813076,Florin Cîţu,CITU FLORIN-VASILE,≤100
115457726491581,Valahia News English,Valahia News,≤100
315741605195163,Asociația ANAIS,These ads ran without a disclaimer,≤100
114460923709287,4media.INFO,4media.INFO,≤100
103383915623247,Mișcarea pentru Democrație Directă,Mișcarea pentru Democrație Directă,≤100
102698141787000,Cristian-Daniel Ivănuță,CRISTIAN-DANIEL IVĂNUȚĂ,≤100
100935048994575,Business Watch,Business watch,≤100
100872245631464,AEM Holding,AEM Holding,≤100
360184320712594,Raluca Turcan,Partidul Naţional Liberal,≤100
708767705922205,Eurotrans Alapítvány,Eurotrans Alapítvány,≤100
163950740830769,Gaz De Romania,Gaz De Romania,≤100
211931302217969,Organizația Umanitară CONCORDIA,Organizația Umanitară CONCORDIA,≤100
227578001357165,Ionel Dancă,Romanii trebuie sa stie,≤100
105161319151880,Cosmin Dan Badea,Dan-Cosmin Badea,≤100
199819313714319,Marian Uscatu,Marian Uscatu,≤100
101161965173287,Ropres.RO,Ropres.ro,≤100
364457997442201,Iskola Alapítvány,Iskola Alapítvány,≤100
370816919755641,Bogdan Huţucă,Partidul National Liberal- Filiala Constanta,≤100
144614315599146,Ziarul de Investigații,Ziarul de Investigații,≤100
164624876574,Avocat Porosnicu Gianina Vera,Claudia-Cristiana Pleșca,≤100
102905778991186,Partidul Adevăr și Dreptate,Toroican Ioan,≤100
103074994837661,Costin Iulian,Iulian-Dionisie Costin,≤100
442721279504718,Elena Grosu,Elena Grosu,≤100
122480165084642,Curierul Românesc,Curierul Românesc,≤100
459059364248299,OFSD Suceava,OFSD Suceava,≤100
123526378261795,Stiri Locale,Stiri Locale,≤100
100256538110695,George Mîndruță,Gheorghiță Mîndruță,≤100
106161408045919,Acțiunea.RO,ACTIUNEA.RO,≤100
103742842531634,Agentiadeinformatii.ro,Agentiadeinformatii.ro,≤100
106075378244914,Tomis Tv,Dorian Hapurnea,≤100
100903832754127,Dorin Cornia,Dorin Cornia,≤100
109306650799421,Patrioții.Info,Patrioții.INFO,≤100
103555871822191,Silviu Iulian Coșa,Silviu Iulian Coșa,≤100
267821410080602,Cronica Romana,Parvu Florin,≤100
107483864336789,I am a Casting Worker,These ads ran without a disclaimer,≤100
101050491593899,Mihai Birsan,Mihai Birsan,≤100
104919505067780,Asociatia ATI Timisoara,Asociatia ATI Timisoara,≤100
109485238372885,Economistii.RO,Economistii.RO,≤100
937166806327327,Daikin Romania,These ads ran without a disclaimer,≤100
106098884636145,ADI Deșeuri Bistrița-Năsăud,ADI Deseuri Bistrita-Nasaud,≤100
356582831057941,Cristian Matei,Cristian Matei,≤100
106210688186070,TemaZilei.RO,TemaZilei.RO,≤100
1248001021968620,Muzeul Micul Paris,These ads ran without a disclaimer,≤100
101878192713915,afrolandromania,These ads ran without a disclaimer,≤100
820571868024263,Editura Vellant,These ads ran without a disclaimer,≤100
1724781964475116,Lavinia Cosma,COSMA LAVINIA-CORINA,≤100
268992186614239,Episcopia Ortodoxă Română a Maramureșului și Sătmarului,These ads ran without a disclaimer,≤100
102648539026882,Qoobiss,These ads ran without a disclaimer,≤100
105699708610413,The Kyiv Independent,These ads ran without a disclaimer,≤100
254296084616760,H.Essers,These ads ran without a disclaimer,≤100
527351247377965,European Committee of the Regions,European Committee of the Regions,≤100
105898939096628,Domani Media,These ads ran without a disclaimer,≤100
108845120948393,Bey House,These ads ran without a disclaimer,≤100
110243590532069,Nidec Global Appliance,These ads ran without a disclaimer,≤100
764759586941054,UCB,These ads ran without a disclaimer,≤100
1456975884566119,Pacientul 2.0,These ads ran without a disclaimer,≤100
34823056709,MASIA ONE,These ads ran without a disclaimer,≤100
101198749048132,LifestylePop,These ads ran without a disclaimer,≤100
102838882271105,NovelReader,These ads ran without a disclaimer,≤100
403748630158040,Termorace,These ads ran without a disclaimer,≤100
151744228264505,SmallRig,These ads ran without a disclaimer,≤100
1899205393647099,TAP Air Portugal,These ads ran without a disclaimer,≤100
1006411482778121,FedEx,These ads ran without a disclaimer,≤100
7248739415,YOOX,These ads ran without a disclaimer,≤100