﻿Page ID,Page name,Disclaimer,Amount spent (USD)
102931605845722,تيار وطني يهدف لتأسيس حزب باسم العمل,حزب العمل,≤100
126668827387504,SmartBuy,SmartBuy,≤100
109854728594212,برنامج تحديث القطاع العام,برنامج تحديث القطاع العام,≤100
413390475437832,راصد الأردن _ RASED Jordan,راصد الأردن _ RASED Jordan,≤100
103323581486845,النائب سليمان موسى ابو يحيى,Sleman Abuyahia,≤100
354945232030231,حزب الإتحاد Etihad Party,حزب الإتحاد Etihad Party,≤100
664477853670759,المكتب الاعلامي للنائب معتز ابورمان,المكتب الاعلامي للنائب معتز ابورمان,≤100
107141858896307,Rewell Society,Rewell Society,≤100
272160366210946,USAID Jordan,These ads ran without a disclaimer,≤100
102178702502077,الدكتور محمد الحموري,These ads ran without a disclaimer,≤100
112735854756328,حزب الائتلاف الوطني,These ads ran without a disclaimer,≤100