﻿Page ID,Page name,Disclaimer,Amount spent (EUR)
101519168409673,Dimitar Kovacevski,СДСМ,≤100
148427235188637,СДСМ - Социјалдемократски сојуз на Македонија,СДСМ,≤100
219453054891896,Vesti +,Vestiplus.mk,≤100
192483774872658,Демократи,Демократи,≤100
1677572455714659,Јорго Огненовски,Jorgo Ognenovski,≤100
324459714339171,Civil MK,Civil MK,≤100
102860779377395,Само кажувам,Slavcho Nedelkovski,≤100
100954761298205,frontline.mk,frontline.mk,≤100
251107349152220,Горан Герасимовски,Goran Gerasimovski,≤100
461034264336817,24инфо.мк,24инфо.мк,≤100
445469652211682,Bujar Osmani,Bujar Osmani,≤100
107045155399432,CDU-Centralna Demokratska Unija,CDU-Centralna Demokratska Unija,≤100
402368150328045,Иван Медо Живковски,Ivan Zivkovski,≤100
100746718435265,Fatmir Bytyqi,Fatmir Bytyqi,≤100