﻿Page ID,Page name,Disclaimer,Amount spent (USD)
384252628801937,Otto Sonnenholzner,Otto Sonnenholzner,239
119491121146647,Jan Topic,Jan Topic Feraud,181
101275684769428,Luisa González,Luisa González,≤100
102073792943558,Austro al Día,Samantha Lopez,≤100
414870045193995,Ministerio de Salud Pública,Ministerio de Salud Pública,≤100
115012276965624,Daniel Noboa  Azin,Daniel Noboa Azin,≤100
358358521018882,Fernando Villavicencio,Fernando Villavicencio,≤100
339660569555689,Presidencia de Ecuador,Presidencia de Ecuador,≤100
112001868843628,Cámara de Comercio de Guayaquil,Cámara de Comercio de Guayaquil,≤100
181187448591274,Abacom,These ads ran without a disclaimer,≤100
621315205049335,Adrian Castro Piedra,Adrian Castro Piedra,≤100
120138160331599,EDUCATICS,EDUCATICS,≤100
2221570604786246,Primicias,Primicias,≤100
1459073787658502,Alcaldía de Manta,Municipio de Manta,≤100
100809035900139,Patricia Zambrano,Patricia Zambrano,≤100
1155605877828553,Paúl Buestán,Paúl Buestán,≤100
101056676141616,Asesoría Política - Goberna Ecuador,Goberna Ecuador S.A.S,≤100
106722117734040,Games Qwik,These ads ran without a disclaimer,≤100
590390574442658,Juan Sid,Juan Sid,≤100
463969430847732,Ñuka Tv,Ñukatv Digital Cia Ltda,≤100
104792105924236,Enfoke tv,Enfoke tv,≤100
771764176907360,Tarea Urgente,Tarea Urgente,≤100
163481690342750,Raúl Zambrano,Raúl Zambrano,≤100
102803428299965,Geovanni Atarihuana,Geovanni Atarihuana,≤100
608650595820049,The Conqueror Challenges,These ads ran without a disclaimer,≤100
105249784585621,Steven Ordóñez,These ads ran without a disclaimer,≤100
171870950030850,Teodoro Gallegos Salem,Teodoro Gallegos Salem,≤100
123766614330739,Luis Monge Espinel,Luis Monge Espinel,≤100
1625269134446346,Gestión Integral Especializada Ecuatoriana,These ads ran without a disclaimer,≤100
102597265032909,Eleana Romero,Eleana Romero,≤100
104882362278850,OSSO Group,These ads ran without a disclaimer,≤100
349791962189803,The Bridesblush Social,These ads ran without a disclaimer,≤100
101654181879324,Capacitación Profesional F&C,These ads ran without a disclaimer,≤100
697016217041901,Esteban Torres Cobo,Esteban Torres Cobo,≤100
304971412943967,Instituto de Zumpango en Estudios Superiores en Criminalística IZESC,These ads ran without a disclaimer,≤100