﻿Page ID,Page name,Disclaimer,Amount spent (PYG)
242118359309178,Ricardo Estigarribia,Douglas Mateus Hendges,1637807
175406365841914,Arnoldo Wiens,Global Agencia,1246698
1468570519872644,Santiago Peña,PRANA SA,1138386
386081914814521,Martin Burt,Martin 2023,697351
102266292553995,Sucia Política,Diego Ricardo Ramírez,555199
109700221917436,Rodrigo Blanco Amarilla,Rodrigo Blanco Amarilla,476040
532716330164048,Sole Núñez,Soledad Núñez,356566
110447625137045,Pilar Callizo,PautaPY,324333
105796025619350,Tati Giménez Diputado 2023,Patria Querida,290582
325540631525675,En La Tecla,En la Tecla,261799
862862090459595,Seba Villarejo,Juan Sebastian Villarejo Velilla,216450
196599783696918,Efrain Alegre,Pedro Efraín Alegre Sasiain,202020
100617802815343,Orlando Penner Senador 2023,Orlando Penner Dürksen,155825
740490032676248,Diego Candia Diputado,tejuparaguay.com,151836
286989224667281,Marito Abdo,Marca Py,150617
109830218400800,Lea Giménez,Lea Raquel Gimenez Duarte,132511
106981968505171,Adi Vázquez,Aditardo Vázquez Rojas,126244
1964503917155087,Stephan Rasmussen,Stephan Rasmussen Gonzales,107648
124625661665046,Patrick Kemper,Patrick Paul Kemper Thiede,105477
297881240653321,Diputado Edgar Acosta Alcaraz,Rosa Teresa Duarte Soto,100588
199949073442305,Lilian Samaniego,Adventura,98659
110035698568369,Gustavo Guggiari Senador,Gustavo Adolfo Guggiari Fleytas,93834
406051639796522,Eduardo Zavala,Eduardo Zavala,83198
102141339262288,Eligio Colmán,Mario Alberto Velázquez Duarte,80328
1943034405927276,Angel Barchini,Angel Ramón Barchini Cibils,72559
292909490881181,Carlos Echeverría Intendente,TEJUParaguay,69680
105545157610039,Euclides Acevedo,Euclides Roberto Acevedo Candia,69117
309537729651941,JuanMa Brunetti,Global Agencia,64819
106104815567034,Luis Villalba,Cesar Joel Godoy Rojas,58665
594511160567719,UNFPA Paraguay,Livia Mburucuya Melgarejo Ososrio,58376
109071601870453,Leandro Prieto Ruiz,Leandro Jose Prieto Ruiz,54064
110213485203305,Celso Ynsaurralde,Mabel Medina De Rios,50505
111353505103100,Santi Mbatara,Somos Paraguay,50505
102193762632115,Patricia dos Santos,Patricia Dos Santos,50505
110311005122985,Guillermo Sosa,Guillermo Sosa,49639
100188219465134,Senador Derlis Osorio,Derlis Ariel Alejandro Osorio Nunes,49408
107587622053186,Dra. Vivian Santander 2023,Santander Santander Clinica,49236
279495618730067,MANUEL RADICE,Manuel Radice,46806
104096115823278,Tomas Bittar Junta de Gobierno 2023-2028,Tomas Enrique Bittar Navarro,46331
105902187763083,Edgar A. Colmán - Ministro de la Juventud,Edgar Abdón Colmán Miranda,43290
283132325082901,Esperanza Martínez,Esperanza Martinez De Portillo,42311
104369061660322,Diputada Pilar Abente,Ma Del Pilar Abente Lahaye,40722
104927881115769,Mabel Gómez Jara,Liz Mabel Gomez Jara,40106
1575743279360941,Carlos Cáceres Sarubbi Senador 2023,Carlos Agustin Caceres Sarubbi,37499
1810962229216340,Fidel Zavala,Laura Lorena Meaurio Paniagua,36075
838018169889993,Fernando Ojeda,Fernando Ojeda,36027
103373961784268,Giani Ramírez,Gianina Beatriz Ramírez Riboldi,35985
112973736934922,Walter Ortiz Holt,Walter Dario Ortiz Holt,35831
1011833908887463,Atilio Alegre,IMAGEN DE GOBIERNO,32000
118756543324306,Marcelo Rojas,Marcelo Rojas,31757
110054574481783,Dignidad y Renovación,Cesar Joel Godoy Rojas,30947
153958777947957,Paulo Reichardt,Paulo Reichardt,27055
665680343451704,Lider Amarilla,Lider Santiago Amarilla Rios,26329
101013326138638,Carlos Franco Senador,Carlos Alfredo Franco Arrua,24341
420279778178605,Adelaida Diputada 2023,Adelaida Cantero De Torres,24176
114914053295532,Ernesto Guerin,Hector Ernesto Guerin Morinigo,24051
105930287530970,Guido Martínez 2022,Guido Rene Martinez Peralta,23683
105386388829016,Martín Presidente,Hugo Ildefonso Espinola Ricardo,22180
102233525888286,Raulito Benitez Talavera Diputado 2023,Raúl Antonio Benitez Talavera,21930
1510805942583059,Norma Zarate de Monges,Norma Zarate,19739
100777148341766,Oscar Salomón,Felipe Sebartian Salomon Casola,19252
1098840566826770,Gral. Soto Estigarribia,Jeannette Cuevas,19221
591005821010442,Raúl Latorre,Derlis Becker,18559
103040788902949,Concertación Nacional 2023,These ads ran without a disclaimer,17333
107378775349679,Rolando Alvarez Spinassi,PRODUCTORA TOKORRE,16842
363306313879750,Marle Chispita Orue,Marlene Tatiana Orue Leon,16773
263037407490496,Édgar López Gobernador,Christian Guillermo Vazquez Sanchez,15569
107558844100122,Pastor Filártiga,Pastor Filártiga,15534
110754291695085,Luz Borja,Luz Borja,14430
1424656744501051,Sonia Villamayor Concejal,Carlos Sebastian Britez Villamayor,12456
235526436573168,Ing. Eche Tu Diputado,Adalberto Pastor Echeverría Villasboa,12078
102940895895901,Victor Herreros Gimenez,Victor Herreros,10818
106330075290231,Andrés Gubetich,Andres Gubetich,9808
105162875597097,Marcelo Bedoya Senador 2023,PLRA,9270
131915497570975,Manuel Aguilar,Jose Manuel Aguilar Bogarin,9085
110282441138723,Nicolás CHASE,Nicolas Chase Rodríguez,8865
107564631419895,La Profe Any,Oscar Gustavo Caballero Martinez,8054
111429072203522,Partido Colorado A.N.R.,These ads ran without a disclaimer,7727
1594903287420340,Abog. Diosnel Varela,Diosnel Varela Vera,7322
1094373423935985,German Solinger,Grissel Zárate Sotelo,7215
115692416547495,Jymmy Marconni Torales,Diego Arturo Aquino Montiel,7215
100566575581065,Ing. Ramón Montanía,Ramón Montania Fernandez,7215
106540962228308,Willian Bogarin 2022,Alfredo Raúl Merino Ávalos,7018
2213176982255676,Carlos Cáceres Ferreira,Carlos Cesar Caceres Ferreira,6724
105181039022571,Alcides Samudio RAS Diputado,Rumildo Alcides Samudio Peña,6526
109661945145201,Cáceres Brun Diputado 2023,Cesar Joel Candia,5687
299252357224023,Darío Filártiga Opción 23 Senado,Fiorella Maria Sanchez Capurro,5261
359307964420456,Terere Cómplice,Meli Olavarrieta,4908
725834240910220,Noticiero Paraguay,Noticiero Paraguay,4806
103429818624929,Edu Garay,Eduardo Garay,4366
103583859071574,Luis Pettengill,Luis Alberto Pettengill Vacca,4014
103553128421427,Antonio Solis Intendente,Jorge Antonio Solis Godoy,3837
756105494544668,Tami Paredes Reichert,Tamara Fabiola Paredes Reichert,3802
1386037631635162,Hugo Ramírez,Nahuel Ayala Gomez,3540
141678063114851,Ruben Velazquez,Dalva Natividad Acosta Vallejos,3262
105587720883344,Bettina Aguilera,Bettina Rosmary Aguilera Paniagua,2980
110491594962344,Manuel González Concejal 2023,Ana Gisell Bogado Miranda,2847
646939832039958,Hugo Ibarra - Diputado Nacional,Eladio Ortiz Gayoso,2659
916538475074239,Marcelino Rolón Pte Seccional 387 Lista 3,Rubén Adilio Valdez,2643
107012315505583,Silvio Gabaglio Senador.,José Amarilla,2634
102316839215739,Hilda Ferras Candidato Político,Hilda Beatriz Arguello,2505
1490214351269338,Freddy Franco,Carlos Agustin Sanabria Garcete,2445
101396562641495,Diego Fernandez,Diego Fernández,2437
120061519391875,César Paredes,César Paredes,2314
109400298573862,Dr. Víctor Ocampos Gobernador Paraguarí,Victor Luis Ocampos Gómez,2307
110060281794994,Luis Talavera Alegre - Presidente 2023,José Emanuel Ruiz Díaz Bogado,2030
102887709202228,Pedro Mayor Martinez- Candidato a Senador,Antonio Morinigo,1959
517426394969535,Ricardo Canese,Ricardo Canese,1835
952791584824124,Cristhian Ayala - Concejal Departamental Lista 3 opción 7,Miguel Lupiciano Cardozo Contrera,1495
1903045496681398,Celeste Diputada,Celeste Josefina Amarilla De Boccia,1331
430961180344844,EVER VILLALBA,Ever Federico Villalba Martinez,320
690380394425422,Willian Montiel 2022,These ads ran without a disclaimer,294
218029751909916,Periodico Mentor,José Del Carmen Alvarez Valdez,115
111001751686236,Marilda Alderete,José Del Carmen Alvarez Valdez,103
107768045365051,José María Llano,José María Llano Heyn,≤100
100528208732843,Arnold Andrés Ramirez,Arnold Andrés Ramirez Rodriguez,≤100
105658755623012,Euge Peroni,Nahuel Ayala Gomez,≤100
109076095187370,Youthoppia,These ads ran without a disclaimer,≤100
107269185188879,Novamont Iberia,These ads ran without a disclaimer,≤100