﻿Page ID,Page name,Disclaimer,Amount spent (MXN)
1570126169927933,Delfina Gómez Álvarez,Delfina Gómez Álvarez,52444
112882117843391,Morena Estado de México,morenaedomex.si,39524
114024430364416,YoXmx,Yoxmex,12658
102863700463398,Pepe Couttolenc,Partido Verde EDOMEX,8849
124631600949535,Yo Influyo,Yoxmex,5969
1614424252123206,PAN Estado de México,Partido Acción Nacional Estado de México,5446
111722858536644,Al Frente por Edomex,Al Frente por Edomex,4190
117455491307964,Al Día,Al Dia Media,3630
381985873573,Partido de la Revolución Democrática PRD,Partido de la Revolución Democrática,3251
117676694619099,Sala Capitalina,Sala Capitalina Media,3025
117021274685366,Futuro FEM,FEM MEDIA,2813
281125785691978,Saber Votar,Angel Alfredo Solis Lugo,2707
543830382749706,Compromiso Social Mx,Compromiso Social Mx,2247
592495347619799,Mi familia es primero,Yoxmex,2193
104680124489636,Demoscopia Digital,Demoscopia Digital,2066
265938437673601,Yo Soy Mi Planeta,Yoxmex,1930
117194212331544,Edoméx Te Informa,Edomex Te Informa,1782
101702578768551,Agencia de Noticias Edomex,Approach,1725
116300734758352,Escáner Político,Escaner Politico Media,1677
56713285274,Greenpeace México,Greenpeace México,1616
108737448471399,Altavoz Web,Altavoz Web,1611
303184083041100,Gobierno del Estado de Yucatán,Gobierno del Estado de Yucatán,1608
2059420467624770,El Tecolote Diario,El Tecolote Diario,1562
183391831715311,Utel Universidad,These ads ran without a disclaimer,1439
129116715379616,La Lotería Del Pueblo,Hugo Junco Olvera,1416
102781821943598,Quintana Roo Verdadero,Paul Martinez Chavez,1401
1081704602015270,Ublester Santiago,Wlester Santiago Pineda,1372
104878035898929,Requetemal,Resonancia EdoMEx,1355
104806935944328,Edo. Mex Informado,Resonancia EdoMEx,1345
116513358016500,Transparencia Ciudadana,Ciudadanos,1187
103747299357893,Mario Delgado Fans,Grupo Delgado Fans,1134
461361317209089,Elecciones Limpias EdoMex.,Elecciones Limpias Edoméx,1094
2200852230002492,Educación Global,These ads ran without a disclaimer,1058
169156903292244,Shen Yun - Español,These ads ran without a disclaimer,1027
536886746673043,Jóvenes MX,Yoxmex,1027
1861550397441449,Revista32,Revista32,924
206323119403212,Mario Delgado Carrillo,Mario Delgado Carrillo,924
102619939143873,La 4T llegó a Ecatepec,Jonathan Daniel Perez Rodríguez,912
101267031439463,Voz de las Empresas,Consejo de la Comunicación,900
469246976533189,Santiago Creel,SantiagoCreelM,864
115873754463126,Mexiquenses de Corazón,Mexiquenses de Corazón,836
101356042883150,El Mexiquense,El Mexiquense,832
112241301833890,Acción Morenista,Grupo ACC Morena,812
48966795116,Amnistía Internacional México,Amnistía Internacional México,797
114664004869557,Reporte EdoMex,Reporte Edomex,775
511703009188988,Azucena Cisneros Coss,Azucena Cisneros Coss,753
113974947457905,Ni Fifís Ni Chairos,Resonancia EdoMEx,743
118921468203786,Movimiento Ciudadano,Movimiento Ciudadano,725
122154061801959,Colectivo Mujeres Cabeza de Familia,Yoxmex,705
101291102337749,Magisterio con Ale del Moral,Magisterio con Ale del Moral,692
100950931706263,Poder Digital,Poder Digital México,689
147141899286477,Diario Colectivo,Diario Colectivo,647
627468831243713,Prensa La Nación,La Nación,631
992816694189783,José Alam Chávez Jacobo,Jose Alam Chavez Jacobo,628
111554837647079,El Mundo Virtual,El Mundo Virtual,599
106323171509719,La Gaceta Noticias,La Gaceta Noticias,579
109634395756375,Save the Children México,Save the Children México,547
648426535772747,24/7,24-7 NoticiasMx,541
114619240665863,Canal 42,Canal 42,534
756397431107703,Omar Ortega Álvarez,Omar Ortega Álvarez,522
493453457351145,Coparmex Nacional,Coparmex Nacional,507
107034885537086,Noticias Reales MX,Noticias Reales MX,494
186829918250,Ciudadanos en Red,Egresa Eventos y Turismo SA de CV,489
2330030160374237,Balance 24,Balance 24,453
114158248252278,Convocatorias 2023,Convocatorias 2023,446
104800055232221,Electoralia,electoralia,413
1614164462211249,Ecatepec Suena,Ecatepec Suena,412
187575292021954,El Rincón Político,El Rincón Político,409
102724752608138,Mexiquenses Unidos con Adán,Mexiquenses Unidos con Adán,406
302448513146235,Jorge Romero Herrera,JORGE ROMERO,382
108251181690069,La Cara de la Noticia,La Cara de la Noticia,379
936003293273572,Nexo Político,Nexo Político,361
102065768985518,Siempre es Noticia,Siempre es Noticia,358
454013577974506,IEEM Oficial,IEEM Oficial,357
1834107960160586,Marco A. Mendoza Bustamante,Marco Antonio Mendoza Bustamante,345
103964552514271,Información online,Informacion Online,334
408978686187226,Notas al chile,Notas al Chile,295
1764550793836865,Titina Gómez,Titina Gómez,290
164183347562623,Denuncia México,euthenics,279
109730735428359,El Anti,El AP,277
102268952205344,Noticias México,Kimberley Lisset Martinez Alanis,275
395653280621495,OLV con los políticos,OLV con los políticos,258
114814831508121,EdoMex al instante,EdoMex al instant,254
345995382241686,PODER 360,PODER 360,251
1782111042100080,Conecta Red,Conecta Red,245
102571299059219,Centro de Desarrollo y Actualización de Competencias,Joaquin Tovilla Lopez,244
115027021469288,Revista Transformación,Revista Transformación,228
1522195418029530,Político MX,PolíticoMX,220
444122459260988,Raciel Pérez Cruz,Raciel Pérez Cruz,208
106865972279596,Por amor a México,Por Amor A Mexico,205
1796521797308237,Noticias a la mano,Noticias a la mano,203
923633637651202,Morena Sí,Morena Sí,198
101701991930418,UNIDEV,UNIDEV,191
766097073421954,Diario Puntual México,Victoria Arleth Pineda Vilchis,190
1415863341806268,DMC - Music Center,CENTRO DE ENCUENTRO ARTÍSTICO DMC A.C.,183
478291252519331,Mente en blanco,Mente en Blanco,182
458859544909547,DICES,DICES,178
1297159123630144,Ulises Ruiz Ortiz,Ulises Ernesto Ruiz Ortiz,174
116202091453874,Ventas Directas 2023,Andrea Acosta Romero,173
107652783975551,CS Medicina Estética,CS Medicina Estética,168
1593314520941799,Noti Siete,Informativo7,166
110545181905650,El Hidalguense Digital,Anabell Alanis Jurado,163
100242005506001,Medestetic México,Medestetic México,156
2409264252632925,Newsroom noticias,Newsroom noticias,150
100882302439369,Camino Informativo,Camino Informativo,150
618999065395266,Mérida sin censura,Mérida sin censura,150
326647354840146,Sergio Gutiérrez Luna,Sergio Gutiérrez Luna,147
102491086147029,La 4T avanza,Maria Virginia Escalona Castro,147
1545555582174942,TResearch,TResearch,144
100539512991362,Yo con Ella,Jessica Hernandez Martinez,139
803041666459797,Enrique de la Madrid,Enrique de la Madrid,130
112507801521278,VEMO,VEMO,121
102292168590496,Centro de Innovación y Actualización Profesional,Christian Jazmin Arechiga Lopez,118
379501236155049,Benjamín Alfaro,Benjamín Alfaro,115
1024212257622837,Paola Jiménez Hernández,LIPCO,109
106151448516201,Líder Observador,Líder Observador,108
34767149008,Tecnológico de Monterrey,Tecnológico de Monterrey,108
111024680681758,Universidad Contemporánea de las Américas Frónesis Plantel Ciudad de México,Universidad Contemporánea de las Américas Frónesis Plantel Ciudad de México,107
107727682047392,XunMexicodeverdad,X UN MÉXICO DE VERDAD,103
112245067227623,Alcance Diario,Alcance Diario,102
196705420663884,Código Magenta,Código Magenta,≤100
180339432448255,AZ2 - Marketing Makers,Juan Antonio Azcárraga Salcido,≤100
109896661873670,Bienestar México,Bienestar México,≤100
243728072422183,Raael García,Raael Josue Garcia Delgado,≤100
309922486178649,Cdmx.com,Cdmx.com,≤100
108128157347207,Pollsmx,Diego Sotelo,≤100
500239473449030,PES Michoacán,Partido Encuentro Solidario,≤100
147751821930575,Salud Digital Fundación Carlos Slim,Fundación Carlos Slim,≤100
254852601222832,Cemex México,CEMEX México,≤100
104065375986923,La Politigrería,Antonio Jair Diaz Calderon,≤100
701065793348158,Zona Cero Noticias Edomex,Hernesto Coello Hernandez,≤100
424355234683537,DebatesCiudadanos.MX,Confederación Patronal de la República Mexicana,≤100
2114365475499998,Rafael Johnvany Rivera López,Rafael Johnvany Rivera López,≤100
171494803269262,Noticias México,euthenics,≤100
731169227024204,Blanca Piña,Senadora Blanca Estela Piña Gudiño,≤100
257333027729841,Julieta Ramírez,Julieta Ramirez,≤100
133761830290194,Tere Jiménez,AI MKT,≤100
1452189031676518,Hyundai México,HYUNDAI MEXICO,≤100
101740722540217,Todo Tláhuac,Todo Tláhuac,≤100
273305282567,Gobierno de Jalisco,Gobierno de Jalisco,≤100
116437828394342,Phiten Mexico,Phiten Mexico,≤100
1659302840958696,Vota por Ti,Vota por Ti,≤100
1619517958096017,En Red Noticias,Tresa Publicidad,≤100
101128435630238,Química y Formulación,Química y Formulación,≤100
148709191834718,Alcaldes de México,Alcaldes de México,≤100
102107279495045,Las netas,LASNETAS.ORG,≤100
105848177845789,All Out en español,All Out,≤100
465830880436743,"Confederación Revolucionaria de Trabajadores, CRT.","Confederación Revolucionaria de Trabajadores, CRT.",≤100
105533795460071,Norte Monrealista,Norte Monrealista,≤100
101517436136014,Americasmobilityofthefuture,Marco Antonio Alvarez Cruz,≤100
503029186533760,Osoigo México,Osoigo México,≤100
640987292668055,Daniel Sibaja,Daniel Sibaja,≤100
104546498723247,Mauricio Cantú,Mauricio Cantú,≤100
105505599062277,Atte.tuamiga,Atte.tuamiga,≤100
122404620204,Oxfam México,OXFAM MEXICO AC,≤100
387796290649,GNP Seguros,GNP Seguros,≤100
1052054228168651,Daniel Montiel Luna,Daniel Montiel Luna,≤100
953657811446042,Conciencia Nacional por la Libertad Religiosa,Conciencia Nacional por la Libertad Religiosa,≤100
561934300901737,H. Ayuntamiento de Tepeaca,H. Ayuntamiento de Tepeaca,≤100
355698161771796,Pulso Digital,Diario Pulso Digital,≤100
108346657558085,Edmundo Cotero,Brayan Alberto Palma Valdas,≤100
103230634906476,Gabriel López Carrillo,Jesus Fabian Piña Talavera,≤100
233652128065243,Goberna México,Goberna Consultoría Política,≤100
110653741192638,Cadena Ciudadana,Cadena Ciudadana,≤100
1624591081124413,Cuestión de Polémica,Cuestión de Polémica,≤100
213054628856737,Movimiento Ciudadano Ciudad de México,Movimiento Ciudadano,≤100
182252948625872,Los Rescatadores,"Refleacciona con Responsabilidad, A.C.",≤100
103778518770934,Paulina Aguado Romero,Paulina Aguado Romero,≤100
190085328448680,Colectivo Informativo,Tresa Publicidad,≤100
116678371399741,Mónica Chávez Durán,Mónica Chávez Durán,≤100
632337564066144,SIHUA Consultoría Académica,SIHUÁ Consultoría Académica,≤100
1415691342026378,Fundación Carlos Slim,Fundación Carlos Slim,≤100
496096610569383,Diputados en Acción CDMX,Diputados en Acción,≤100
105668807489477,Que Chinga2 Cuautitlán Izcalli,REPORTEROS CIUDADANOS,≤100
185702296375261,Mexicómo,MEXICOMO,≤100
107545594505870,Perfekto,Perfekto,≤100
109082175273502,Tres Sesenta,Luis Anzola,≤100
924215500923867,Lucy Meza,Lucy Meza,≤100
281188282215551,José Medina Mora Icaza,José Medina Mora Icaza,≤100
245495562137150,Mitofsky,Roy Campos,≤100
109804970767338,Advance,Advance Desarrollo,≤100
108176578917695,El Bienestar de México,Julio Rodríguez,≤100
203911472957381,Luis Pérez de Acha,Luis M. Pérez de Acha,≤100
107953141797749,OTAR Producciones,These ads ran without a disclaimer,≤100
695261801312971,Revista Encuentro en Acción,Revista Encuentro en Acción,≤100
115592847024547,Iraís Reyes,Iraís Reyes,≤100
102786396117647,Consolidemos la Transformación,Angelica Ledezma Estrada,≤100
177319665650476,ClikiSalud - Fundación Carlos Slim,Fundación Carlos Slim,≤100
354326078079338,Campaigns and Elections Mexico,Campaigns & Elections México,≤100
660181064597929,Sr. Político,srpolitico.com,≤100
119986729807,Héctor Yunes Landa,Héctor Yunes Landa,≤100
103767734536936,Cripeso Servicios de Consultoría,Cripeso Servicios de Consultoría,≤100
108294125496345,Tlahuita la Bella,Tlahuita la Bella,≤100
107494537500293,Informativo Viral,Tresa Publicidad,≤100
463358453871269,JuanMa Munguía,JuanMa Munguía,≤100
127128043964568,Posgrados y Educación Continua del Tecnológico de Monterrey,Adrián Reynoso,≤100
384495964895391,Willy Ochoa,Eduardo Díaz,≤100
316162282245753,Ovidio Peralta Suárez,Ovidio Peralta Suárez,≤100
235606900176440,Macronews,Macronews,≤100
399404716766552,Oscar Cano Diputado,LIBRA DIGITAL,≤100
113199128401564,El Jarocho de la 4t,Rafael Fuentes Avila,≤100
844135105741974,Satelite Travel Services,SATELITE TRAVEL,≤100
130816463246126,Nortimex,Gerardo Soberanes,≤100
409800789114458,Antonio Pelón Cervera,Macronews,≤100
251441461671918,Igualdad Animal México,Respeto e Igualdad Animal A.C.,≤100
107738917712607,ALA,Alexa Trujillo,≤100
100292189692498,Prepa virtual SEP Mexico,Unidev Universidad SC,≤100
100513488319963,Comité Nacional de Jóvenes Por México a.c,Comité Nacional de Jóvenes Por México a.c,≤100
117243477978474,Termina tu preparatoria en 4 meses SEP,Unidev Universidad SC,≤100
103710145621987,Lizbeth Ogazón Nava,Raymundo Mendoza Arredondo,≤100
543589789374296,Memo Toscano,Guillermo Toscano Reyes,≤100
190635461685441,Karina Alvarado,Erika Karina Alvarado Alcántar,≤100
961310490582166,FeliFer Macías,Felipe Macías,≤100
103824522682236,Sigamos La Transformación,Raymundo Morales,≤100
105278152331161,Becas y Convocatorias,Becas y Convocatorias,≤100
102140825953947,Naucalpan es Moral,Naucalpan es Moral,≤100
120923597592109,Hoy Sí Mx,Consejo de la Comunicación,≤100
2307195646200863,Sin discriminación,Sin discriminación,≤100
1020278408036489,Noches de Box de LC Promotions,These ads ran without a disclaimer,≤100
990668231016708,Diplomado Comunicación Política y Campañas Electorales UAM Xochimilco,Adrian Hernandez Alanis,≤100
235994093744848,Contra Réplica,EDICIONES SAN FRANCISCO S.A. DE C.V.,≤100
103533465483263,Centro de Estudios y Capacitación Integral en Nutrición,Alfredo Esquivel Villeda,≤100
133478060111915,Cemex Impacto Social,CEMEX México,≤100
104194908706490,Preparatoria México SEP en línea,UNIDEV Universidad SC,≤100
102801038911607,Soy AM,Ivan Carrillo Olvera,≤100
101809376164183,Prepa en casa SEP mx,Unidev Universidad SC,≤100
915931651794187,Montepríncipe,These ads ran without a disclaimer,≤100
100477186303619,Sentinela MX,Sentinela MX,≤100
104882612583865,Candidata Diputada Miriam Saldaña,PARTIDO DEL TRABAJO DE MÉXICO,≤100
1600881303533199,The QAlliance,Q Alliance,≤100
110187414493874,Plataforma Informativa Mexicana #PIM,euthenics,≤100
101202725148632,Armando Zuñiga Salinas,GRUPO IPS,≤100
707874865918912,ADN Alternativa Democrática Nacional,Canek Ortega Cano,≤100
101988355020626,Escritura tu casa Naucalpan,Daniel Montiel Luna,≤100
109193625116615,México Ahora Noticias,México Ahora,≤100
107296958535185,U-Report México Uniendo Voces,U-Report México Uniendo Voces,≤100
108952945073000,Daniel Montiel Tlalnepantla,Daniel Montiel Luna,≤100
1484031468591827,nexos+1,These ads ran without a disclaimer,≤100
714752605293592,Daniel Camargo,Cuesiton de Polémica,≤100
213247992038369,Academia de Ballet Felipe Méndez,Felipe Méndez,≤100
108431448783630,CoCo Construyendo Comunidad,CoCo Construyendo Comunidad,≤100
316410785381595,Fundación Cendes,Centro Nacional para el Desarrollo Sexual Infantil y Juvenil A.C.,≤100
681291175575804,Visible,Lievant Studio,≤100
232821987205460,Berenice Juárez,Seis Cero Tres Marketing,≤100
1109723182514993,Gobierno Municipal San Martín Texmelucan,Gobierno Municipal San Martín Texmelucan,≤100
176047519101203,Códice Informativo,Códice Informativo,≤100
637202699799385,Diputado González Romo,Ernesto González Romo,≤100
121810864676914,Periódico Enfoque,Enfoque EiM Noticias,≤100
112252053650029,Preparatoria SEP en Línea,UNIDEV Universidad SC,≤100
1695167424058348,Teresa Castell,Maria Teresa Castell De Oro,≤100
100984402720642,Preparatoria en linea SEP,UNIDEV Universidad SC,≤100
100912992973625,La Política Actual,Josefina Garcia Saldaña,≤100
206604539439888,Luis Nava,Luis Nava,≤100
239726076054918,Partido del Trabajo México,Partido del Trabajo México,≤100
1906429816285166,Género y Política PRD Tv web,Diana Laura Colin Lopez,≤100
652909794741436,Tania Valentina Rodriguez,Tania Valentina Rodriguez,≤100
222178344590930,Simey Olvera,Interat.Net,≤100
651415091544662,Cancún Channel,David Jonathan Estrada Castillo,≤100
187408468118775,Jorge Torres #elbrecho,Brecha Comunicación,≤100
105263812088695,Profesor Primitivo Ríos,Alfonso Primitivo Ríos Vázquez,≤100
1522195418029530,Político MX,Político MX,≤100
107732841148576,Esteban Abraham Macari,Esteban Abraham Macari,≤100
156639921819,Gii360,Gii360,≤100
116148341441527,Amlopolis 4T Y MAS,Mario Raul Samano Alvarado,≤100
100320139530994,Regio Política,Regio Política,≤100
102393536157012,La patria con la 4T,Lidia Lopez Rodriguez,≤100
771067819609914,Edurne Ochoa,Edurne Ochoa Ledesma,≤100
101740711752535,RUBRUM,Multipoll S.A. de C.V.,≤100
100878672865919,Las noticias que debes saber,Las noticias que debes saber,≤100
1199724240129605,Humberto González Villagómez,Charles Gonzalez,≤100
1583631301915573,Liborio Vidal,Liborio Vidal Aguilar,≤100
1772086512892206,Revolución Democrática 2.0,Diana Laura Colin Lopez,≤100
105925314120759,Mario Bracamonte,Julián Reynoso Mazoy,≤100
421877377878288,Municipio de Querétaro,Municipio de Querétaro,≤100
813742525470115,Pemex Picacho Emilio Portes Gil Tlalpan,Ivette Díaz,≤100
138016565116389,Prepa En Linea SEP,UNIDEV Universidad SC,≤100
2321331638145287,Christian Quintana,Christian Quintana,≤100
411235336284306,Empresarios por la Cuarta Transformación,"Empresarios 4T, Asociación Civil",≤100
100979508318448,Diputado Francisco Sánchez Villegas,César Holguín Prado,≤100
909433945747355,Sandra Pámanes,Sandra Pámanes,≤100
2224502900946392,Diplomados UNAM- Congreso.,Martin Vera,≤100
1653542234724922,Cristina Salinas,Cristina Salinas,≤100
100431071908734,La-Lista,DCS MEDIA & COMMUNICATIONS,≤100
110763055151832,Preparatoria en línea SEP,UNIDEV Universidad SC,≤100
106951785589824,Tu Alcalde Regio,Tu Alcalde Regio,≤100
400106994113819,Cesuma,These ads ran without a disclaimer,≤100
1614410865470755,Columnas de México,Columnas de México,≤100
277380886249639,ExxonMobil México,"ExxonMobil México, S. A. de C. V.",≤100
1088842861167560,Gilberto Flores Maldonado,Gilberto Flores Maldonado,≤100
107213894717040,Volumen.com.mx,Volumen Entretenimiento S. A. de C. V.,≤100
101304885771384,_lacuerpa,These ads ran without a disclaimer,≤100
140795939947196,Selina Trujillo,Selina Trujillo Arizmendi,≤100
107388102211536,Percepcion Social,Percepcion Social,≤100
107539391652958,Estrella Rojas,Estrella Rojas,≤100
112263625166092,El Siervo De La Nación,Gabriel Alejandro Romero Gallaga,≤100
636669016755546,Librería “La Cháchara Periférica”,Emilio Ivan Montaño Pereda,≤100
519051388241845,Fundación FEMSA,Fundación FEMSA,≤100
109130204053554,Alas para el Cambio,Alas para el Cambio,≤100
103373086082198,Guerrero con Claudia,Maximizando Ideas,≤100
105624182802445,NMás,NMás,≤100
107948098900409,Noticias 4T,Noticias 4T,≤100
1708378782713605,Pulmón Urbano A.C.,Pulmón Urbano A.C.,≤100
156562731088277,"Equidad de Género, Ciudadanía, Trabajo y Familia","Equidad de Género, Ciudadanía, Trabajo y Familia A.C.",≤100
1199237013555477,Juan Carlos Valencia Vargas,AQUATOR Consultoría y desarrollo de infraestructura S.A. de C.V.,≤100
111016235050841,Revuelta,Revuelta Mx,≤100
283653271758441,24 Morelos,24 CDMX,≤100
115896348052800,Preparatoria virtual SEP desde casa,UNIDEV Universidad SC,≤100
114622760264727,Abogada Fiscalista Mariana Esquer,Abogada Fiscalista Mariana Esquer,≤100
113168997827516,Las Voces del Sur,Voces Guerrerenses,≤100
109575971718478,Hitzel Bernal,Hitzel Bernal,≤100
109538585077104,Red Ciudadana Transformando Morelos,Red Ciudadana Transformando Morelos,≤100
445313688987004,Rosa Elena Trujillo Llanes,Rosa Elena Trujillo Llanes Diputada Local,≤100
104168636000595,Jalisco Con Claudia,Maximizando Ideas,≤100
100867376619769,Xóchitl Gálvez Ruiz,Xóchitl Gálvez Ruiz,≤100
103802738303353,René Oyarvide Ibarra,Rene Oyarvide Ibarra,≤100
196493763808241,CEEY,CENTRO DE ESTUDIOS ESPINOSA YGLESIAS,≤100
107509487815279,Dedogmasyrenuncias,DE DOGMAS Y RENUNCIAS,≤100
197544561006094,dlpoder,dlpoder,≤100
111238000732210,CIELO AZUL CIELO Nublado,These ads ran without a disclaimer,≤100
300068476740882,Pideme.org.mx,These ads ran without a disclaimer,≤100
103613524959626,Fer Rocha,Fernando Rocha Rosario,≤100
104402255089316,Vigilante,Dreams Engine S.A de C.V.,≤100
101056665941565,Lucero Santana,Lucero Elizabeth Santana Perez,≤100
104677602556872,Prepa para todos Unidev,Unidev Universidad SC,≤100
113685655793633,Chuy de León,Chuy de León,≤100
1103479286344796,Revista de Coahuila,Revista de Coahuila,≤100
101295992671758,Libertarismo México,México Libertario,≤100
725455684145196,Acciona.México,These ads ran without a disclaimer,≤100
209756585798494,La Jornada Zacatecas,La Jornada Zacatecas,≤100
465777803515977,Poncho Gutiérrez,Poncho Gutiérrez,≤100
101924738980276,Bachillerato en línea Unidev,Unidev Universidad SC,≤100
107792367807552,Linze Rodríguez González,Linze Rodríguez Gonzales,≤100
283480958685751,Obdulio Ávila M,Obdulio Ávila M,≤100
103644175824974,Jóvenes Líderes Morelenses,Jóvenes Líderes Morelenses,≤100
1687549091352907,Genaro Vazquez,Genaro Vazquez,≤100
107048601369,Mega / J. Israel Martínez Macedo,J. Israel Martínez Macedo,≤100
106028654283325,SíMiPlaneta,These ads ran without a disclaimer,≤100
1676128462664093,PAN Puebla,TrifoliaMedia,≤100
100615629548784,Blanca Lamas,Brecha Comunicación,≤100
561348627320564,Rocío Abreu Artiñano,Rocío Abreu Artiñano,≤100
1648950615416147,Luis Zamora,Luis Zamora,≤100
374079669993019,Secretaría de Seguridad Jalisco,Gobierno de Jalisco,≤100
2340595106035117,Ismael Brito Mazariegos,Ismael Brito Mazariegos,≤100
432923167438353,Jorge Hernández Aguilera,Julián Reynoso Mazoy,≤100
392117881331459,José Flores,José Luis Flores Pacheco,≤100
66197312668,Revista Internacional de arquitectura y diseño Arquine,Revista Internacional de Arquitectura y Diseño Arquine,≤100
640044982685950,PRD Michoacán,PARTIDO DE LA REVOLUCIÓN DEMOCRÁTICA,≤100
103852349111297,Infórmate y +,Infórmate y +,≤100
303653106669660,El Informe Diario,El Informe Diario Noticias,≤100
138350596230547,GIRE - Grupo de Información en Reproducción Elegida,Menu Agency,≤100
2271176223117069,Proyecto Sardina,Proyecto Sardina,≤100
104906457867475,Supra,These ads ran without a disclaimer,≤100
164856266971710,Es lo Cotidiano,Es lo Cotidiano,≤100
108276755314662,Portal Ciudadano de la Cámara de Diputados,Portal Ciudadano de la Cámara de Diputados,≤100
109740754592490,Itzel Lopez,Itzel Lopez,≤100
1861627887400377,Querétaro Today,Querétaro Today,≤100
351795818723056,Ruptura360,Ruptura360,≤100
109038042113520,Trueque Informativo,Universidad Nacional Autónoma de México,≤100
246114539297511,Marisol Becerra,HUMAN TARGETR,≤100
101259548948419,BenditaRed,BenditaRed,≤100
108364860944816,En mi Opinión,En mi Opinión,≤100
106088121009287,No al Trafico de Loros,No al Trafico de Loros,≤100
1604225183208432,Heraldo de México Aguascalientes,Aguascalientes,≤100
858032527584472,Hiram Rodriguez L,Hiram Rodriguez L,≤100
106104551569591,Giovani Gutiérrez,GIOVANI GUTIERREZ,≤100
103814012380444,Partido Verde Ecologista Chihuahua,Partido Verde Ecologista Chihuahua,≤100
1250751485006046,Secretaría de Seguridad Ciudadana de Q.Roo,Secretaría de Seguridad Ciudadana de Q.Roo,≤100
106034232292980,Preparatoria en línea Mexico,UNIDEV Universidad SC,≤100
101205028819726,Motivos para seguir,Motivos para seguir,≤100
520075024716940,Movimiento Ciudadano Coahuila,Movimiento Ciudadano Coahuila,≤100
101480295171643,Miguel Pérez Pompa,Jose Miguel Pérez Pompa,≤100
510663815758947,Mike Peñaflor,Aldo Dario Torres Lopez,≤100
105730758122121,Chuy Gómez,Gilberto De Jesus Gomez Reyes,≤100
884158955066166,RecuperaTuFuturo,RecuperaTuFuturo,≤100
103783664917988,BE-Learning,These ads ran without a disclaimer,≤100
104620592430694,Morena Sí Yucatán,Morena Sí Yucatán,≤100
186073704903313,México elige,México Elige,≤100
108545658548440,Frente Informativo,Frente Informativo S.A. de C.V.,≤100
354326078079338,Campaigns and Elections Mexico,Mario Alberto Rivera Lagarreta,≤100
104811952553594,carlos.pacheco.m,Gobierno Digital,≤100
1117222281664997,Gobierno Municipal de Chihuahua,Gobierno Municipal de Chihuahua,≤100
254011994769547,Canieti Noroeste,CANIETI NOROESTE,≤100
1772821586329486,Macropolisqr,Alejandro Vargas Gonzalez,≤100
1514466245542140,América Rangel,AMERICA RANGEL,≤100
617214185047697,Oliva Noticias,Oliva Noticias,≤100
194885537530704,"Sindicato Minero ""Los Mineros""","Sindicato Minero ""Los Mineros""",≤100
165222107418758,Con Aroma de Café,José De Angel Lopez,≤100
407868429421487,Juan Manuel Hernández Niebla,Juan Manuel Hernández Niebla,≤100
1413293405662235,Red Diversidad,Jose Eduardo Rodriguez Perez,≤100
105196887976191,Gerardo Ramírez Salazar,Gerardo Roberto Ramirez Salazar,≤100
1692643974305322,Fabiola Alanís Sámano,Angelica Yazmin Navarro Arroyq,≤100
768729776576472,Susy Bermúdez,Susy Bermúdez,≤100
1587273468223028,Misaj Becerra,Misaj Gonzalez Becerra,≤100
348895839272298,Brandon Steve Jimenez,Brandon Esteban Jimenez,≤100
1422169704755958,Alfredo Ramírez Bedolla,Alfredo Ramírez Bedolla,≤100
1871963173033717,Othon Hernández Candanedo,Othon Hernandez Candanedo,≤100
1635547433336430,En Vivo Durango,Hector Andres Soto Hernandez,≤100
1226883970713196,Héctor Acosta Negrete,These ads ran without a disclaimer,≤100
109927953731014,Espacio Libre México,Espacio Libre México,≤100
2460677720695447,Rafa Rodríguez,These ads ran without a disclaimer,≤100
112732867536332,Jesus Juan Rogel Sotelo,Jesus Juan Rogel Sotelo,≤100
996060393800265,Betty Rivera al Aire TV,Beatriz Rivera,≤100
174229585991829,Periódico Libre en el Sur,Francisco Ortiz Pinchetti,≤100
345156559163874,Norma Mejía Lira,Redboxmex,≤100
479751765559726,Manuel Hernández Badillo,Manuel Hernández Badillo,≤100
100831904949246,Titúlate México,These ads ran without a disclaimer,≤100
1468723019887327,ddeser,ddeser,≤100
1075423372514320,Ramón Vázquez Valadez,Ramon Vazquez Valadez,≤100
215048798516165,"INROADS de México, A.C.",These ads ran without a disclaimer,≤100
134188236725011,Noemi Luna,Noemi Berenice Luna Ayala,≤100
1468857826674887,Mochis Online,These ads ran without a disclaimer,≤100
122933577448829,RS24 Morelos,Roberto Carlos Marin Lara,≤100
102640044973992,Lalo Olguín,Lalo Olguín,≤100
236858516331750,RADIOFUSION TV,Leonardo Hernandez,≤100
102119679523672,Igualdarmx,These ads ran without a disclaimer,≤100
1512201512410940,Arturo Estrada Barriga,Arturo Estrada Barriga,≤100
170522086451015,Universidad de la Comunicación,These ads ran without a disclaimer,≤100
286051098107613,Fuego Cruzado,Victor Hugo Chavez Luna,≤100
232336684381335,RED periodismo veraz y objetivo,Ana Cristina Hernández Gallo,≤100
979768502162452,Itzel Balderas,Itzel Balderas,≤100
620611228034083,Rabindranath Salazar Solorio,Rabindranath Salazar Solorio,≤100
1601694430123593,Este es Mi-choacán,These ads ran without a disclaimer,≤100
102255904996475,Geovanna Campos Vazquez,Julián Reynoso Mazoy,≤100
104621811930420,Ricardo ICázares,Ricardo Ibarra Cázares,≤100
1856514037937535,SuperMesa,Ramon Jorge Guardado Pérez,≤100
109717477968968,Los Asesores,Luis Miguel Carriedo Tellez,≤100
1952970908251080,Toño Zapata,Luis Antonio Zapata Guerrero,≤100
106338501265771,La punta y el iceberg,La punta y el iceberg,≤100
102219139246608,MarceLovers,Mundo Millenial,≤100
102163012756227,Ana Eugenia Patiño,Ana Eugenia Patiño,≤100
136574943594260,Eduardo Balcazar,Eduardo Balcazar,≤100
110630514695203,Joss Vega,Joceline Vega Vargas,≤100
1062570680518726,TEMIS Servicios Estratégicos,These ads ran without a disclaimer,≤100
814262205633579,Poder ciudadano MX,Poder ciudadano MX,≤100
473280473089704,Aurelia Leal López,Juan Francisco Cazarez Buelna,≤100
2091732304477564,Senadores Ciudadanos,Grupo Parlamentario de Movimiento Ciudadano en el Senado de la República,≤100
944823365909303,Medio Serio,Nuria Valenzuela Márquez,≤100
669306863144908,Alberto Esquer,Moisés González,≤100
102965142770908,Poder Chairo,Jose Luis Hernandez Martinez,≤100
105182528447528,DOMY,Suri Luar Corona Lira,≤100
102142949090675,Guerreros Fc,These ads ran without a disclaimer,≤100
104094185438978,Contadores Mexicanos,Contadores Mexicanos,≤100
111747610668938,Nota Online.,Nota Online.,≤100
2041374082792113,Periodismo Puntual,Jose Raul Law Zazueta,≤100
106853071237547,Óscar Gutiérrez Camacho,Óscar Gutiérrez,≤100
492853084519289,Héctor Narváez MX,Héctor Freddy Robaldi Narváez,≤100
114175028689083,Juan José Jiménez Yáñez,Juan José Jiménez Yáñez,≤100
449319475244963,Comité Directivo Estatal del PAN Chihuahua,Comité Directivo Estatal del PAN Chihuahua,≤100
264390613659850,Adrián Rubalcava Suárez,Adrian Rubalcava,≤100
225774331107918,Jonathann Estrada,David Jonathan Estrada Castillo,≤100
1233178986822426,Adriana Bustamante Castellanos,Adriana Bustamante,≤100
1505965219699374,Salomón Chertorivski,Salomón Chertorivski,≤100
1577134115646205,Lupita Murguía,Lupita Murguía,≤100
112877297846533,El Pulso.com.mx,"El Pulso de la Información, S.A. de C.V.",≤100
112039950452398,Abel Meza,Abel Palomera Meza,≤100
103959544551197,Dermoter - Capacitación en Medicina Estética y Antiedad,Manuel Enrique Bernal Illarza,≤100
136240676894192,Roberto Sosa Pichardo,Roberto Sosa Pichardo,≤100
106874624023669,Madigen Marketing Digital,Charleaks Ruiz,≤100
790122277825560,Sentido Común,Sentido Común Medios,≤100
394579937307087,Marybel Villegas Canché,Marybel Villegas Canché,≤100
2244971795773309,El Metichon,EMT Noticias,≤100
108994478659590,pacogranados,These ads ran without a disclaimer,≤100
366120803842355,FaroDigital.com.mx,FaroDigital.com.mx,≤100
673594236100261,VPThinkTank,VPThinkTank,≤100
104571755948794,PRI_Navojoa,These ads ran without a disclaimer,≤100
1103479286344796,Revista de Coahuila,Revista de Coahuila,≤100
1176628419094356,Navor Rojas,Cynthia Aylin Lopez Suárez,≤100
303326963065425,Héctor Saúl,Hector Saul Tellez Hernandez,≤100
92465443899,Reporte Índigo,Capital Media,≤100
387730198486409,Códice,Consejo de Investigación Ciudadana y Empresarial Códice A.C.,≤100
110909187749711,Debate Online,IMPRONTE,≤100
386867534680369,Ernesto Prieto Ortega,Ernesto Prieto Ortega,≤100
474895786671922,Arturo Gomez Rodriguez,Partido del Trabajo de México,≤100
107545877814736,Becas SEP,Kimberley Lisset Martinez Alanis,≤100
100366512516352,Víctor Mercado,Víctor Mercado,≤100
1453035258301900,Carol Antonio Altamirano,Carol Antonio Altamirano,≤100
1639547112769925,Partido Verde Saltillo,Partido Verde Coahuila,≤100
669306863144908,Alberto Esquer,Fernando Esquer,≤100
105742159026755,GDL Noticias,Charleaks Ruiz,≤100
100668996281575,Recos,These ads ran without a disclaimer,≤100
294120664865732,Libertar,These ads ran without a disclaimer,≤100
215836968456734,Alfonso Martínez Alcázar,Alfonso Martínez,≤100
2172949669630212,Monte Fénix,MONTE FENIX,≤100
101718453254171,Semanariogremio.,Semanariogremio.,≤100
112774104526982,La Fuerza de la Base,These ads ran without a disclaimer,≤100
259386257405548,Alejandra López Noriega,Alejandra Lopez Noriega,≤100
538824879501214,Anayeli Muñoz,Movimiento Ciudadano,≤100
558337647622081,Frecuencia.Mx,Editorial Frecuencia,≤100
534690453306306,DIF Guadalajara,DIF Guadalajara,≤100
1611051829028081,Sammy Peña,These ads ran without a disclaimer,≤100
264665148717126,Victor Figueroa,Victor Alfonso Figueroa Zepeda,≤100
105801477887900,BDM Noticias,Jose Narciso Mejía Mendez,≤100
645731535452116,FactoMétrica,FactoMétrica,≤100
1002570673096480,Jurídico Valle De México,Jurídico Valle De México,≤100
105097171575007,La LOCAL Mx,La LOCAL Mx,≤100
449095701815347,Salvador Zamora,Salvador Zamora,≤100
228161003903917,Vallarta en Línea -  Informa en la bahía,Vallarta en Línea -  Informa en la bahía,≤100
101773832011410,Centro Universitario México SEDE Zihuatanejo Oficial,These ads ran without a disclaimer,≤100
112258358404104,Público,Público,≤100
102886192659278,Nancy Cuevas Sanchez,MAD analytics,≤100
105570048275245,Cursos con EducaTijuana,Jesus Eduardo Soto,≤100
164119290359519,Marcelo Torres Cofiño,Millennial MX,≤100
111066015191416,El blog del paco,El Blog del Paco,≤100
177503385791052,Mariano Agustín Escobar,Mariano Agustín Escobar,≤100
110290423678706,Que Quintana Roo se Entere,Que Quintana Roo se Entere,≤100
108596547197244,Omar Cervantes Rivera,Omar Cervantes Rivera,≤100
117882485584272,Luis Enrique Munoz Villarreal,These ads ran without a disclaimer,≤100
122809590721822,Bonos Educación,These ads ran without a disclaimer,≤100
114955908124845,La reforma news,La reforma news,≤100
103953484721340,Termina Tu Prepa Con EducaTijuana,EducaTijuana,≤100
110036725186464,Carlos Castillo,These ads ran without a disclaimer,≤100
1941911942555416,Profesor Isaac Guerrero,Isaac Guerrero,≤100
1566585943637971,Reportero Multimedia Seccion 52 del SNTE,SNTE,≤100
285058928236909,Mauricio Vila,Mauricio Vila,≤100
109312770635182,Manuel Cota Cárdenas,Manuel Cota Cárdenas,≤100
104423741378022,Ocupa MX,Ocupa MX,≤100
146709175702544,Gobierno de Quintana Roo,Gobierno de Quintana Roo,≤100
1734951530056727,Carmen Lilia Canturosas,Brenda Magaly Parra Guajardo,≤100
233462580874475,Gaceta News México,Gaceta News México,≤100
140514606039191,Iepc Jalisco,Instituto Electoral y de Participación Ciudadana del estado de Jalisco,≤100
100236952935676,La Naranja Fosfo,La Naranja Fosfo,≤100
181228948581076,Fernando Manzanilla Prieto,Fernando Manzanilla Prieto,≤100
1753289634935846,Eventos  México,Eventos  México,≤100
109681131991108,La silla,La silla,≤100
1613868898897076,Waldo Fernández González,Waldo Fernández González,≤100
110766427433130,Cambio de Rumbo,Cambio de Rumbo,≤100
511521995552064,"Secretaría de Innovación, Ciencia y Tecnología",Gobierno de Jalisco,≤100
103165569325422,Qromunicando,Qromunicando,≤100
929865914025290,Yo Observador,Yo Observador,≤100
104427969110522,Jornada Regia,Jornada Regia,≤100
1417072421841663,Gobierno Escobedo,Harman Consultores,≤100
161020766408,Gobierno del Estado de Querétaro,Gobierno del Estado de Querétaro,≤100
103182562158410,Ignacio Mier Velazco,Ignacio Mier Velazco,≤100
1347483675266876,Círculo De Poder,Rolando Rafael Lara Ballesteros,≤100
1696577493927541,Veritas Noticias MX,Veritas Noticias MX,≤100
107750608839428,Tu Colonia NL,Tu Colonia Nuevo León,≤100
1697408507031644,Alex Peña Villa,Atmosfera Virtual,≤100
105343929059924,La Silla Regia,La Silla Regia,≤100
111112453993340,Central de Medios,Central de Medios,≤100
173227873302957,Prensa del Norte,Prensa del Norte,≤100
102265891491136,Morenarcos,Pejeland,≤100
208743749651773,NoticiasParadigma,Noticias Paradigma,≤100
922911071175965,Noticias Tamaulipas,Noticias Tamaulipas,≤100
279469625434543,Paco Cienfuegos,Paco Cienfuegos,≤100
108094781915171,Reinforma Noticias,Reinforma Noticias,≤100
179269592856683,Movimiento Ciudadano Coatzacoalcos,Movimiento Ciudadano,≤100
104272608232696,Roberto Rodríguez Préstamos a Pensionados y Jubilados,Roberto Rodriguez Rojas,≤100
860710337352268,Alcalde La Sonora,These ads ran without a disclaimer,≤100
111094778258609,Chema Martínez,Chema Martínez,≤100
177515892891362,José Iván  Herrera Villagómez,José Iván  Herrera Villagómez,≤100
102084795217656,Cuatro T,Cuatro T Noticias,≤100
126053684120856,Gobierno del Estado de Oaxaca,Gobierno del Estado de Oaxaca,≤100
106702032385788,Abelardo Eagleston,Movimiento Ciudadano,≤100
271167956942621,Zubale México,These ads ran without a disclaimer,≤100
291420500968149,Ricardo Mejia Berdeja,Ricardo Mejia Berdeja,≤100
100261926280943,Camino al 2024,Camino al 2024,≤100
664379213703876,Poncho Danao,Movimiento Ciudadano,≤100
630661037367142,Futuro,Futuro,≤100
112154506882378,La Contraparte,La Contraparte,≤100
110824085319584,Carlos Lara,Coalición Rescatemos Coahuila,≤100
447692052064851,Cnop Yucatán,Javier Alberto Rejón Vivas,≤100
120544204635995,Gobierno de Baja California,Gobierno de Baja California,≤100
115475744802204,Oleada 4T,Oleada 4t,≤100
102950168111617,Día al Día Nuevo León,Día al Día Nuevo León,≤100
113990284949467,Avance y Progreso,avanceyprogreso.com,≤100
106946172366841,Bernardo Moctezuma,Partido Verde Coahuila,≤100
101116608213214,EducaTijuana,EducaTijuana,≤100
106062262453356,Manuel D. Madero,Manuel D. Madero,≤100
112191497375193,Estefania Aguilar,MAD analytics,≤100
102601911392795,Luz Elena Morales,Brecha Comunicación,≤100
351928998712158,Cecilia Rodríguez González,Cecilia Rodríguez González,≤100
109274195183155,La CDMX que soñamos,La CDMX que soñamos,≤100
333932057250036,Alejandro Rojas Díaz Durán,ARDD,≤100
100951752835721,Lupa Ciudadana,Lupa Ciudadana,≤100
192680674189566,El Respetable,Bruno Agustin López Arguelles,≤100
1243869738981651,Salvemos El Bosque MX,Unión de Colonias de la Puerta Sur A.C.,≤100
116301054744029,Claudia Aldrete,Brecha Comunicación,≤100
242333369437378,Rafael Leyva Pérez,Rafael Leyva Pérez,≤100
109488981975636,Chicharrón norteño,Chicharrón norteño,≤100
351692528718078,GobernArte,GobernArte,≤100
713201418710795,José Ángel Pérez Hernández,José Ángel Pérez Hernández,≤100
108816242204133,El Pueblo Bueno,Maria De Lourdes Mondragon Arcos,≤100
572887279531469,Román Alberto Cepeda,Román Alberto Cepeda,≤100
106325555294228,Telegrama News,Telegrama News,≤100
545216718870199,Acontecer Coahuila,Acontecer Político,≤100
226699804054458,Juan Carlos Barragán Vélez,Juan Carlos Barragan Velez,≤100
294591180601746,Dr. Carlos Lomelí Bolaños,Dr. Carlos Lomelí Bolaños,≤100
116257473438224,Primera Plana Nuevo León,Primera Plana Nuevo León,≤100
338439980329802,Fiscalía General de Querétaro,Fiscalía General de Querétaro,≤100
842599102419449,Gobierno del Estado de Campeche,Gobierno del Estado de Campeche,≤100
420916501408724,Smart City Expo Latam Congress,These ads ran without a disclaimer,≤100
465531963489973,Verónica Delgadillo,Verónica Delgadillo,≤100
760168991010062,Griselda Arreguin,Partido Verde Coahuila,≤100
220540261613878,Partido Verde Torreón,Partido Verde Coahuila,≤100
100418079031913,Michelle Tejeda,Michelle Tejeda,≤100
130352294189330,Adrián Oseguera,Adrián Oseguera,≤100
101686671855770,GOU México,These ads ran without a disclaimer,≤100
340258032732908,Altorre Foto Periodismo Michoacan,Altorre Foto Periodismo Michoacan,≤100
101904945931759,CDMX Informada,CDMX Informada,≤100
108134058631885,Tlalpan en la Red,Tlalpan en la Red,≤100
232739653550442,Natgas,These ads ran without a disclaimer,≤100
154652694604556,Ricardo Gallardo Cardona,Ricardo Gallardo Cardona,≤100
1874397736161441,Manuel Gálvez,Luis Ernesto García Ruiz,≤100
133059550071850,Gobierno de Guadalajara,Gobierno de Guadalajara,≤100
250457451731127,AZ Noticias,AZ Noticias,≤100
834908749889110,Interdiario De Cuautla,Luis Pablo Carrillo Gallardo,≤100
478319186269282,Despidos Injustificados,Despidos Injustificados,≤100
327324764029820,Armando Guadiana,Armando Guadiana,≤100
110073740357039,Mario Arellano,Mario Arellano Bustos,≤100
1103003006390638,Arturo Franco,Arturo Franco,≤100
103769542576820,Quintanarroense Hoy,Quintanarroense Hoy,≤100
408898675930383,Alejandro Aguirre Curiel,Alejandro Aguirre Curiel,≤100
105950984827623,Alianza Patriótica Nacional Baja California,COMINICACIÓN DIGITAL,≤100
106954437740880,Alianza Iberoamericana para el Desarrollo Democrático - México,Omar Timoty Guzman Sanchez,≤100
107769258946800,La Patria Informada,Alberto Delgado Faudoa,≤100
2818718441534332,Es de política mexicana,Es de Política Mexicana,≤100
1520610478183053,Badabun,Vanessa Rivera,≤100
114085441581783,El Anti Chapulines,El Anti Chapulines,≤100
107189855635934,Chuy Colores,Movimiento Ciudadano,≤100
475040405910613,Lenin Perez Rivera,Coalición Rescatemos Coahuila,≤100
178625645626125,Movimiento Ciudadano Nuevo León,Movimiento Ciudadano NL,≤100
860599244054747,Subrayado,Subrayado,≤100
1511547795807122,Federica Quijano,Federica Quijano,≤100
102903394656386,María Bárbara Cepeda Boehringer,Brecha Comunicación,≤100
110731518636712,Por el Cambio,porelcambiomx.com,≤100
830406663776143,Unión de Colonias de la Puerta Sur,Unión de Colonias de la Puerta Sur A.C.,≤100
106539264702455,Mario Carlos Culebro Velasco,Karina Guadalupe Martinez Vivanco,≤100
103520535400756,Jorge Alberto Elias Retes,JORGE ALBERTO ELÍAS RETES,≤100
107356960929927,Las Noticias-Política,Noticias Política,≤100
125855107905745,Jacobo Rodriguez,Roger Media,≤100
306572586738125,H. Ayuntamiento de Manzanillo,H. Ayuntamiento de Manzanillo,≤100
112418093457017,Tendencia MX,Tendencia MX,≤100
110995168602495,Así se Informa,Asi se Informa,≤100
101561151666372,Acento News,Acento News,≤100
2000027216902843,Lalo Leal,Eduardo Leal Buenfil,≤100
108687728744220,Caribe Noticias,Caribe Noticias,≤100
105573718929239,Iqnoticias,IQ Noticias,≤100
273155006056314,Luis Algorri,Luis Algorri,≤100
102004491396763,HOYTamaulipas Oficial,HOYTamaulipas Oficial,≤100
905324146270805,Carlos Quintana,Tropa Marketing,≤100
198623844282,COPARMEX Ciudad de México,COPARMEX Ciudad de México,≤100
107925032255657,Cadena Transformación,Cadena Transformacion,≤100
102301782387515,Te quiero Guadalajara,Gobierno de Guadalajara,≤100
100542921746332,Leobardo Rodríguez Juárez,Leobardo Rodriguez Juarez,≤100
112901823690886,Toño López Ruiz,Jose Antonio Lopez Ruiz,≤100
160711278083143,Toño Carreño Sosa,Toño Carreño Sosa,≤100
112398010205997,CEDET Santa Catarina,CEDET Santa Catarina,≤100
405824826113969,IEEG Instituto Electoral del Estado de Guanajuato,IEEG Instituto Electoral del Estado de Guanajuato,≤100
562705683875585,Pascual Soto,Pascual Soto,≤100
477874639002114,Joaquín López-Dóriga,PLATAFORMA DIGITAL JOAQUIN LOPEZ DORIGA. S. DE R.L. DE C.V,≤100
756140574595520,Alan López Martínez,Alan López Martínez,≤100
399381110921245,Querétaro en ti,Querétaro en ti,≤100
360811057341855,PAN Nuevo León,PAN Nuevo León,≤100
606485553340465,Alternancia,Alternancia,≤100
113769363761816,Luz García,Luz María García,≤100
112806673771498,Andrea Chávez,Andrea Chavez Treviño,≤100
641245122583059,Soledad Luévano,Maria Soledad Luevano Cantu,≤100
661065047282648,Noticias ZMG,Noticias ZMG,≤100
107640312290269,Mariana Ortega,Movimiento Ciudadano,≤100
555207734563075,Policía de Guadalajara,Gobierno de Guadalajara,≤100
151910028159810,Tepalcingo,Luis Vázquez García,≤100
1572624442979362,José Luis Garza Ochoa,Jose Luis Garza Ochoa,≤100
101204342089098,Diana Karina Barreras,Diana Karina Barreras,≤100
170072680225916,Tlajomulco Unido,Tlajomulco Unido,≤100
649537335150172,Astrolabio Diario Digital,Astrolabio Diario Digital,≤100
115499391426868,Evidencias,Evidencias,≤100
119387257788908,Noticias al Día Hidalgo,Noticias al Día,≤100
202456989183,Gobierno de Monterrey,Gobierno de Monterrey,≤100
100104074810874,Tania Vázquez M.,Unión de Colonias de la Puerta Sur A.C.,≤100
100430528133355,Información México,Información México,≤100
1585834374966452,Mirza Flores,Mirza Flores Gomez,≤100
124786947565868,Cultura Guadalajara,Gobierno de Guadalajara,≤100
131763133152028,Avanzando el Plan C,Apolo Mayorga Galindo,≤100
1542376775998580,Pepe Hernández,Pepe Hernández,≤100
100429095437952,Moni Valdez,Seis Cero Tres Marketing,≤100
106565392222875,La Patria al Día,La Patria al Día,≤100
100542251736413,Liz Arroyo,Liz Arroyo,≤100
104147292441684,Criticadn.mx,Criticadn.mx,≤100
106975578532048,Primer Minuto MX,Primer Minuto MX,≤100
286853966464287,Juan Carlos Velasco Procell,Juan Carlos Velasco Procell,≤100
241796536185992,La Nacional,Revista Poder,≤100
117037408032444,Guanajuato con Claudia,Maximizando Ideas,≤100
113739333765253,Michel Sánchez Allende,casa creala,≤100
584159151722389,Pavel López Gómez,Pavel López Gómez,≤100
120158021051953,Puebla con Claudia,Maximizando Ideas,≤100
479303628822906,Movimiento Ciudadano Sonora,Movimiento Ciudadano Sonora,≤100
114608845267298,Ciudad Juárez,Municipio de Juárez,≤100
109806005428592,Chihuahua con Claudia,Maximizando Ideas,≤100
104773258848361,Margarita González Saravia,Margarita González Saravia,≤100
107033027801486,Luis Navarro García,Actypro,≤100
105735142357697,Panistas por México,Panistas por México,≤100
1879285485657995,Dr. Pepe Cruz,Pepe Cruz,≤100
116812033038668,Noticaribe Peninsular,Selvamar Información y Publicidad,≤100
102098972594247,Momorelos,Medios Alternos de Morelos S.A. de C.V.,≤100
1185080875001175,Siguiendo a Mon Maron,Mon Maron,≤100
113475461707446,4T Noticias y más,Fernanda Guadalupe Diaz Manrique,≤100
115423040376201,Alejandro Cussi,Alejandro Cussi,≤100
1304770176337900,El Sol de García,El Sol de México SA de CV,≤100
102150614605525,Grillo de Yucatán,Grillo de Yucatán,≤100
100432826157313,Noticias Hoy,Noticias de Hoy,≤100
458070297649993,El Pípila.mx,El Pípila.mx,≤100
146854998658908,Metropolitano Aguascalientes,Metropolitano Aguascalientes,≤100
877657765583791,Paloma De Los Santos,Paloma De Los Santos,≤100
800053706697232,Lupita Saldaña,Lupita Saldaña,≤100
111978535209645,Ciudad de México con Claudia,Maximizando Ideas,≤100
131202380775397,"Oaxaca, la historia jamás contada. Guillermo Rangel Rojas",Guillermo Rangel Rojas,≤100
106313092408190,Michelle Jota VBE,These ads ran without a disclaimer,≤100
111140879275674,JA Luxury Group,These ads ran without a disclaimer,≤100
333293986861604,Jean Richard MusiK,These ads ran without a disclaimer,≤100
35335786143,Cat Electric Power,These ads ran without a disclaimer,≤100
105434295876078,redjuafro.lac,These ads ran without a disclaimer,≤100
100374392742057,Weregreenly- Magazine,These ads ran without a disclaimer,≤100
302579776902344,El Poder de la Noticia,El Poder de la Noticia,≤100
220612165082734,Save Democracy,Save Democracy LLC,≤100
102040481919166,Amores,These ads ran without a disclaimer,≤100
114184975000819,Unexplained Beasts,These ads ran without a disclaimer,≤100
114457587007379,fueradcaja,These ads ran without a disclaimer,≤100
109177781678957,Bumble Mexico,These ads ran without a disclaimer,≤100
108977081439733,Maru Digitals,These ads ran without a disclaimer,≤100
108625789179165,Soi Dog Foundation,These ads ran without a disclaimer,≤100
106060577892150,Autos de Aseguradora y Seminuevos Brologi,These ads ran without a disclaimer,≤100
378875359494716,NutriNews España,These ads ran without a disclaimer,≤100
578917016138716,lilibworld,These ads ran without a disclaimer,≤100
107232195641016,Gabi Zumarraga,These ads ran without a disclaimer,≤100