﻿Page ID,Page name,Disclaimer,Amount spent (EUR)
121752650861237,Leonardo Fabbri,Leonardo Fabbri,298
101397906208027,Anna Ferretti,Anna Ferretti,233
46590675335,Save the Children Italia,Save the Children Italia,159
183047736356,EMERGENCY,EMERGENCY,154
598552400293969,Provincia di Pistoia,Provincia di Pistoia,153
40433567307,UNICEF Italia,UNICEF Italia,134
115577088079779,Paolo Martinelli Sindaco,"Comitato elettorale ""La città delle persone"" a sostegno della candidatura di Paolo Martinelli a sindaco di Pisa - PD, M5S, Sinistra Unita, +EU, LCDP",117
122074554119,EU Social,EU Social,114
53347533412,LAV,LAV Onlus,≤100
101203162938932,Nicoletta Fabio Sindaco di Siena2023,Nicoletta Fabio,≤100
103415602285860,Pisa al Centro - Michele Conti Sindaco,Pisa al Centro - Michele Conti Sindaco,≤100
178362315106,European Parliament,European Parliament,≤100
39993728498,Amnesty International - Italia,Amnesty International Italia,≤100
73493613024,ActionAid Italia,ActionAid Italia,≤100
400381673394375,CFI - Crisi Fiscale d'Impresa,CFC Legal,≤100
100160149099313,Justice Initiative,Purpose Europe Limited,≤100
261470717829715,Alberto Stefano Giovannetti,Alberto Stefano Giovannetti,≤100
202326409808772,Tonno Mareblu,Mareblu,≤100
65737832194,Medici Senza Frontiere,Medici Senza Frontiere,≤100
109199612167368,Festival dell'Energia e dell'Ambiente,Nuova Energheia,≤100
88997912868,WWF Italia,WWF Italia,≤100
70212282110,Altroconsumo,Altroconsumo,≤100
110390111968176,Riccardo Franchi Sindaco di Pescia,Walter Tripi,≤100
576664002355828,CIWF Italia,CIWF Italia Onlus,≤100
123782404856741,Giuffrè Francis Lefebvre,Giuffrè Francis Lefebvre,≤100
309840349048638,e.on,E.ON Energia,≤100
190826941005885,Visit European Parliament,These ads ran without a disclaimer,≤100
693492780985618,HSI/Italia,HSI/Italia,≤100
103968169809912,Credem Banca,Finanziato da Credem Banca,≤100
1562198404057623,Informatore,Informatore,≤100
68826971281,Edison,Edison Spa,≤100
299584710061488,WeWorld Onlus,WeWorld Onlus,≤100
889226537845499,Andrea Tagliaferri,Andrea Tagliaferri,≤100
101809911384599,Flowe,Flowe,≤100
187242085242150,Adelindo Frulletti,Adelindo Frulletti,≤100
48677844864,Amref Health Africa - Italia,Amref Health Africa,≤100
195326237145660,Consiglieri regionali PD Toscana,Consiglieri regionali PD Toscana,≤100
708472289208310,Pd Siena Unione Comunale,Pd Siena Unione Comunale,≤100
184848885311672,Circolo Sena Civitas,Circolo Sena Civitas,≤100
48677844864,Amref Health Africa - Italia,Amref Health Africa - Italia,≤100
378568295634789,Il Sole 24 ORE - Fisco,Il Sole 24 ORE - Fisco,≤100
104398884619766,Ministero dell'Economia e delle Finanze,Ministero dell'Economia e delle Finanze,≤100
187561254997,Il Sole 24 ORE - Lavoro,Il Sole 24 ORE - Lavoro,≤100
143185232391413,Il Sole 24 ORE - Immobili e Condominio,Il Sole 24 ORE - Immobili e Condominio,≤100
101058226225661,Partito Democratico scuola Pisa,Partito Democratico scuola Pisa,≤100
150144325048677,Il Sole 24 ORE - Enti locali e Edilizia,Il Sole 24 ORE - Enti locali e Edilizia,≤100
634243093317092,Amoro srl,Amoro Srl,≤100
179082995487557,SOS Villaggi dei Bambini - Italia,SOS Villaggi dei Bambini - Italia,≤100
163093070450520,Marco Niccolai,Marco Niccolai,≤100
103903979291473,Viminale - Ministero dell'Interno,Viminale - Ministero dell'Interno,≤100
661243440591428,Raffaella Paita,Raffaella Paita,≤100
274729132548218,Marco Stella,marco stella,≤100
1093222784082778,World Vision Italia,World Vision Italia Onlus,≤100
169273149780864,My-personaltrainer.it,my-personaltrainer.it,≤100
190837724659552,Consulcesi,Consulcesi,≤100
102578078897359,Rivoluzione Allegra,Rivoluzione Allegra,≤100
132707500076838,Il Fatto Quotidiano,SEIF S.p.A. – Società Editoriale Il Fatto Spa,≤100
542186902560698,Unione Buddhista Italiana,Unione Buddhista Italiana,≤100
253657775240887,Pulsee,Axpo Italia,≤100
101158695138594,SOS Climate Change,UNHCR,≤100
284515247529,Corriere della Sera,Corriere della Sera,≤100
91261353336,Terre des Hommes Italia,Terre des Hommes Italia,≤100
312933172093226,Associazione Luca Coscioni,Associazione Luca Coscioni,≤100
518342558190046,Antonio Mazzeo,Antonio Mazzeo,≤100
491969071165887,Lorenzo Paladini,Lorenzo Paladini,≤100
113071918732530,Animal Equality Italia,Animal Equality Italia,≤100
1843691212524792,ASviS - Alleanza Italiana per lo Sviluppo Sostenibile,ASviS - Alleanza Italiana per lo Sviluppo Sostenibile,≤100
1684021261684890,Lorenzo Borzonasca Sindaco di Pietrasanta,Lorenzo Borzonasca Sindaco di Pietrasanta,≤100
108118322038518,Agnese Balducci,Agnese Balducci,≤100
171795872872353,ISPI - Istituto per gli studi di politica internazionale,ISPI - Istituto per gli studi di politica internazionale,≤100
870268356345640,Helpcode - Il diritto di essere bambini,Helpcode - Il diritto di essere bambini,≤100
295129913955200,Aboca,Aboca,≤100
265286813594330,Eugenio Giani,Eugenio Giani,≤100
313559438694166,VIDAS - Assistenza ai Malati inguaribili,VIDAS - Assistenza ai Malati inguaribili,≤100
1718838531535765,Camilla Laureti,Camilla Laureti,≤100
107356064962347,Hai Prenotato Vero?,casiraghi greco srl,≤100
116674114654565,Chiudi col gas,Chiudi col gas,≤100
253843357988889,Controradio Firenze,Controradio,≤100
1014207595271736,Azione contro la Fame Italia,Azione contro la Fame Italia,≤100
414325455372563,Lightland Soluzioni Energia Srl,Lightland Srl,≤100
116546495164514,Lega Massa - Salvini Premier,Effe social management,≤100
396512120735562,CIRFOOD,CIRFOOD sc,≤100
385509022061328,Acqua per Tutti,WeWorld Onlus,≤100
2259577060934800,Huawei Italia,Huawei Italia,≤100
209197605817217,Unicoop Tirreno,Unicoop Tirreno,≤100
887405791294493,Scuola Greco Pittella,Scuola Greco Pittella S.r.l.,≤100
616737245034290,Pd Prato,Partito Democratico Prato,≤100
1289689294448276,Gabriele Sgueglia,Gabriele Sgueglia,≤100
201484606557114,Fotovoltaico per Te,Fotovoltaico per Te,≤100
110372232331805,Mission Bambini,Mission Bambini,≤100
1399413896806039,Equilibrio Sicurezza - Il Sindacato dei Poliziotti,Equilibrio Sicurezza - Il Sindacato dei Poliziotti,≤100
45408828511,OIPA Italia,OIPA,≤100
150200761667597,Oxfam Italia,Oxfam Italia,≤100
107944488881412,Ministero del Lavoro e delle Politiche Sociali,Ministero del Lavoro e delle Politiche Sociali,≤100
136888059662453,Mani Tese Ong Onlus,Mani Tese Ong Onlus,≤100
100896914607046,dejan_cetnikovic,Karaoke Reporter,≤100
162764457111560,Dynamo Camp,Fondazione Dynamo Camp Onlus,≤100
109491080460389,Bambine Non Spose,WeWorld Onlus,≤100
410043459011308,Fondazione IEO Monzino,Fondazione IEO-MONZINO,≤100
124450774313284,Etica Sgr,Etica Sgr,≤100
103173735192932,Hera Casa e Business,Hera Comm S.p.a.,≤100
153574674705426,AVSI,AVSI,≤100
309618843020,Fondazione Ronald McDonald,Fondazione per l'Infanzia Ronald McDonald Italia,≤100
1814545205425619,BEEing,Beeing,≤100
112232964796025,Medicina Generale Siena,Medicina Generale Siena,≤100
791707730845440,Win the Bank - Tutto Quello Che Ti Serve Per Ottenere Credito,Win the Bank - Tutto Quello Che Ti Serve Per Ottenere Credito,≤100
92505448987,CGIL Confederazione Generale Italiana del Lavoro,CGIL Confederazione Generale Italiana del Lavoro,≤100
169013663273776,Alleanza Assicurazioni,Alleanza Assicurazioni,≤100
100545848029670,Pierpaolo Magnani Assessorato alla cultura Pisa,Pierpaolo Magnani Assessorato alla cultura Pisa,≤100
80761643174,Fondazione Umberto Veronesi,Fondazione Umberto Veronesi,≤100
431324813546160,Otto per Mille Valdese,Otto per Mille Valdese,≤100
330474397108173,Arcigay Prato Pistoia l'Asterisco,Arcigay Prato Pistoia L'Asterisco,≤100
118241586064,Fondazione Patrizio Paoletti,Fondazione Patrizio Paoletti,≤100
587213524737852,WebSalute - Vvox,WebSalute,≤100
103211424754369,Domani,Domani,≤100
526901760669684,Partito Animalista Europeo,Partito Animalista Europeo,≤100
106199837902239,Innesti,Caviro sca,≤100
102000366519353,EIPASS,Certipass srl,≤100
598765886892277,Forever Bambù Società Benefit,Forever Bambù,≤100
107084568151011,Alfredo Camera e Claudia Mercanti,Alfredo Camera e Claudia Mercanti,≤100
107801548235384,Tocca a Noi,Tocca a Noi,≤100
865166100210938,Bosch Italia,Bosch Italia,≤100
1410474395723679,Petizioni.it,Petizioni.it,≤100
181620625266947,Antonio Padellaro,SEIF Società Editoriale Il Fatto Spa,≤100
100208099634412,Per Francesco Persiani Sindaco,EFFE Social Management,≤100
311277079756539,Giulia Galluzzi - Responsabile Clienti Alleanza Siena,Alleanza Assicurazioni,≤100
210270519580762,Francesco Italia Sindaco,Francesco Italia Sindaco,≤100
35346524498,Greenpeace Italia,Greenpeace Italia,≤100
633923633714551,Dmitrij Palagi,Dmitrij Palagi,≤100
1398071870469425,Cristina Giachi,Cristina Giachi,≤100
103940939120926,Lean Power,Lean Power Srl,≤100
232017336910584,Rivista Il Borghese,Casa Editrice Pagine,≤100
421539548423434,SOS Rifugiati,UNHCR Italia - Agenzia ONU per i Rifugiati,≤100
331092066942114,Fondazione Italia Uganda,Fondazione Italia Uganda Onlus,≤100
851927164832967,Colussi GranTurchese,Colussi,≤100
196610140321,FAI - Fondo per l'Ambiente Italiano,FAI - Fondo per l'Ambiente Italiano,≤100
272801896733406,USR PLUS Italia,Partidul Uniunea Salvati Romania,≤100
476098022442147,The Good Lobby Italia,The Good Lobby Italia,≤100
104525187934033,Specchio d'Italia,Specchio d'Italia,≤100
160476923996021,Assolombarda,Assolombarda,≤100
100964541456650,Will Media,Will Media,≤100
102808527862361,Uniti per la Siria,WeWorld Onlus,≤100
412537312142759,Marevivo Onlus,Marevivo Onlus,≤100
218932788177609,Soleterre Onlus,Soleterre Onlus,≤100
112527688820507,Mustela Italia,Mustela Italia,≤100
160725107411590,CONOU Consorzio Nazionale Gestione Raccolta Trattamento Oli Minerali Usati,eprcomunicazione,≤100
377901329389619,Ener2Crowd,Ener2Crowd,≤100
141019746076225,Sorgenia,Sorgenia,≤100
102075069519023,MetaCometa,MetaCometa APS,≤100
314813895237426,Fondazione Bracco,Fondazione Bracco,≤100
107492342616216,Legambiente Onlus,Legambiente Onlus,≤100
404402342956536,StartupItalia,StartupItalia,≤100
397414710862462,Erina Telloli - referente clienti alleanza agenzia di Barga,Alleanza Assicurazioni,≤100
267617064117828,Plastic Free,Plastic Free Odv Onlus,≤100
169042736456594,All Out,All Out,≤100
375882802451994,Capitalfin,Capitalfin,≤100
77616581723,Smile House Fondazione ETS,Smile House Fondazione ETS,≤100
111215267090745,Re Soil Foundation,ReSoilFoundation,≤100
105000058993069,Andrea Crisanti,Andrea Crisanti,≤100
113593510426765,"ISI, Inclusione Sport Istruzione -facile così-","ISI, Inclusione Sport Istruzione -facile così-",≤100
519490478135836,Wolters Kluwer Italia,Wolters Kluwer Italia,≤100
863841003671139,Associazione Energia da Biomasse Solide,Associazione Energia da Biomasse Solide (EBS),≤100
96235894379,Teknoring,Wolters Kluwer Italia S.r.l.,≤100
142331079621154,RESET,RESET S.r.l.,≤100
556039361581037,Withub,Withub,≤100
672715886453237,Michele Conti,Michele Conti,≤100
100641752776829,Autodifesa Wing Tsun - Insegnante AWTI Fabio Langella,These ads ran without a disclaimer,≤100
1730787487211027,Luigi Pagliuca,CNPR - La Cassa di previdenza dei Ragionieri commercialisti e degli Esperti contabili,≤100
647837585241405,I Wonder Pictures,I Wonder Pictures,≤100
104048831252,Carlo Fidanza,Carlo Fidanza,≤100
583229838437691,Conflavoro PMI,Conflavoro PMI,≤100
78702951744,Libera Contro le Mafie,"Libera. Associazioni, nomi e numeri contro le mafie",≤100
206936886139,Coldwell Banker Italy,Coldwell Banker Italy,≤100
329374603934329,NET ITALY ETS Associazione italiana Pazienti Tumore Neuroendocrino,NET ITALY ETS,≤100
557773551234843,Schroders Italy,Schroder Investment Management (Europe) S.A. - Succursale Italiana,≤100
180275292801010,Fratelli d'Italia Camera,"Gruppo Parlamentare della Camera dei Deputati ""Fratelli D'Italia""",≤100
105517781627039,RM scuola - Università,RM Scuola Campus,≤100
104727538126958,The Watcher Post,The Watcher Post,≤100
464256556936524,Iacopo Melio,Iacopo Melio,≤100
279254145570834,Monini,Monini s.p.a.,≤100
82026254423,Smart Thinking - Colacem & Colabeton,Colacem S.p.A.,≤100
268976423121377,Essere Animali,Essere Animali,≤100
1585369755090498,Mediobanca,Mediobanca,≤100
102284761976864,wanter.it,wanter.it,≤100
289932296433,Medici con l'Africa Cuamm,Fondazione Opera San Francesco Saverio,≤100
112777008752391,Valori.it,Valori.it,≤100
106788055084178,Per il futuro dei bambini,Cesvi,≤100
1757643114495186,BELKAmedia,BELKAmedia,≤100
111875193906674,Davide Anselmi - consigliere comunale Piombino,Davide Anselmi - consigliere comunale Piombino,≤100
105516089470922,CBM Italia Onlus,CBM Italia Onlus,≤100
106609584287802,Facta,Facta,≤100
182120865170178,Gianluigi Paragone,Gianluigi Paragone,≤100
1393266557641903,Africa Rivista,Africa Rivista,≤100
59374667427,Alice for Children,Alice for Children,≤100
180329672596502,Fratelli d'Italia Senato,Fratelli d'Italia Senato,≤100
667483386685540,Silvia Sardone,Silvia Sardone,≤100
793211171059364,Francescani per la Vita,Francescani per la Vita,≤100
100735859683862,Referendum Ripudia la Guerra,Associazione Comitato Referendum Ripudia la Guerra,≤100
469381559808559,ITLAS Società Benefit,Itlas srl,≤100
120380341313167,Sinistra Italiana,Sinistra Italiana,≤100
117266648305733,LifeGate,LifeGate,≤100
230738230802831,Federazione Nazionale dei Cavalieri del Lavoro,Federazione Nazionale dei Cavalieri del Lavoro,≤100
584708468315842,Artemisia Fondazione,Artemisia Fondazione,≤100
222461425147,Nuovi Orizzonti,Nuovi Orizzonti,≤100
423472904417850,Gianantonio Da Re,Gianantonio Da Re,≤100
186799161499691,Libraccio,D.M.B. S.r.l.,≤100
201344863274720,USB Pubblico Impiego,USB Pubblico Impiego,≤100
150738452145624,BASF Italia,Basf Italia S.p.a.,≤100
187483518378441,Francesco Mangiaracina,Francesco Mangiaracina,≤100
149332780118,Aboca Museum,Aboca Museum,≤100
1673669186277733,Freeda,AG Digital Media,≤100
129614623725639,Cesvi Onlus,Cesvi Fondazione Onlus,≤100
1506899926282450,Fondazione UNA,Fondazione UNA Onlus,≤100
387083444814103,Fondazione Ermanno Gorrieri per gli studi sociali,Fondazione Ermanno Gorrieri,≤100
441790842571175,Filctem-Cgil Nazionale,Filctem-Cgil Nazionale,≤100
109946290614264,SAS Italy,These ads ran without a disclaimer,≤100
117898811245959,Lucio Zoppello Sindaco,Lucio Zoppello Sindaco,≤100
101583839578336,Enzo Ricci - Sindaco,Enzo Ricci - Sindaco,≤100
116181541819083,Nicola Fratoianni,Nicola Fratoianni,≤100
1486718904933717,Fondazione Compagnia di San Paolo,Compagnia di San Paolo,≤100
473584653125948,ARS Book,Lucana Sistemi srl,≤100
153967571694403,Led Italia,LED Italia S.r.l,≤100
458027194373390,Possibile,Possibile,≤100
100644409468543,Fondazione Operation Smile Italia ETS,Fondazione Operation Smile Italia ETS,≤100
1710827805727348,Fondazione Libellula,Fondazione Libellula,≤100
73842934441,CIAI,CIAI,≤100
108819058831334,Alta Voce - Festival dei libri,Alta Voce - Festival dei libri,≤100
269804456695686,MSDsalute,MSD Italia,≤100
8387084989,Marco Travaglio,SEIF Società Editoriale Il Fatto Spa,≤100
103622722494694,Ecco think tank,ECCO think tank,≤100
101866495232330,Cristian Trio,Cristian Trio,≤100
1538926219695299,Genova che osa,Genova che osa,≤100
746334945473528,Confartigianato Imprese Grosseto,Confartigianato Imprese Grosseto,≤100
157463237749900,Olmedo Mobility Division,Olmedo Special Vehicles S.p.A,≤100
127839944083908,Robby Giusti,Robby Giusti,≤100
115218755162436,ABC Associazione Bambini Chirurgici del Burlo,A.B.C. Associazione per i Bambini Chirurgici del Burlo onlus,≤100
104476412377983,De Luca per Ragusa - Cassì Sindaco,Saverio Buscemi,≤100
1978323772189377,Ambiente Mare Italia,Ambiente Mare Italia,≤100
618013698348617,Animal Law Italia,Animal Law Italia,≤100
106318735428971,Intersos Lab - Centro di Formazione,INTERSOS Lab,≤100
112576383938294,Fondo Sanedil,Fondo Sanedil,≤100
161997982308901,Intrusa,These ads ran without a disclaimer,≤100
427045550656152,Fondazione TOG,Fondazione TOG,≤100
142589879147197,Europa Verde - Verdi,Europa Verde,≤100
105796680963553,Gruppo Editoriale La Scuola SEI,Editrice La Scuola,≤100
112231411542422,Davide Vasta • Deputato all’Assemblea Regionale Siciliana,Davide Vasta,≤100
101360778321507,Co Ma Ri Srl,CMS S.p.A.,≤100
181864685188048,Maurizio Marrone,Maurizio Marrone,≤100
347006748786906,AIEF,AIEF Associazione Italiana Educatori Finanziari,≤100
1525276264261539,Manfredi Potenti,Manfredi Potenti,≤100
182266801912488,Massimiliano Smeriglio,Massimiliano Smeriglio,≤100
104800568170989,Chora Media,Chora Media,≤100
1942760395965996,Passaggio al Bosco Edizioni,Passaggio al Bosco Edizioni,≤100
104856921232620,Antonino Salsone,Antonino Salsone,≤100
234250624070408,ONBSI,ONBSI,≤100
104891121410035,eXL magazine,iDNA,≤100
2794426070573094,Up2You,Up2You,≤100
105137288606752,Vincenza Palmieri Ambasciatrice per i Diritti Umani,Vincenza Palmieri Ambasciatrice per i Diritti Umani,≤100
2270196856358992,PHYD,PHYD,≤100
101848261272946,Change Making Tours,Change Making Tours,≤100
1000392486681830,Italia Viva,Italia Viva,≤100
160297837351805,CGT Caterpillar,CGT S.p.A.,≤100
126662574668084,Più Europa,Più Europa,≤100
624608431059294,Evolvere,Evolvere,≤100
101571535935993,Stop_afrofobia,Amref Health Africa,≤100
1280128282137797,Enzo Amich,Enzo Amich,≤100
1448101522079687,Onlymoso,Onlymoso,≤100
108100707418309,Strumenti Politici,Marco Fontana,≤100
54943073948,Il Giornale del Cibo,Il Giornale del Cibo,≤100
195895477096555,Cefa - Il seme della solidarietà,Cefa- Il seme della solidarietà- Onlus,≤100
129078800535,Rinnovabili.it,Rinnovabili.it,≤100
131887960826264,Carlo Calenda,Azione,≤100
222403031687114,ArciAtea,ArciAtea APS,≤100
345136718845,Ministero dell'Ambiente e della Sicurezza Energetica,Ministero dell'Ambiente e della Sicurezza Energetica,≤100
362460873844615,Alumni Politecnico di Milano,Alumni Politecnico di Milano,≤100
100120048894524,Io vivo a Gubbio,Colacem S.p.A.,≤100
392924770773761,Giulio Terzi,Reputation Management S.r.l,≤100
1488783128063422,Librerie Giunti al Punto,These ads ran without a disclaimer,≤100
113514811233662,PD Città di Modena,Partito Democratico Citta di Modena,≤100
79128475979,FUNIMA International Onlus,FUNIMA International Onlus,≤100
2048664861850577,Il Digitale,IlDigitale.it,≤100
258755651183,Alfonso Pecoraro Scanio,Fondazione Univerde,≤100
45193527235,CPP Centro Psicopedagogico per la Pace e la gestione dei conflitti,CPP - Centro Psicopedagogico per l'educazione e la gestione dei conflitti,≤100
119200734774774,Radicali,Radicali,≤100
19050847431,Terra,Terra_aps,≤100
124350426146098,Mustela Family,Mustela Family Bio,≤100
329747931220637,Marcello Massucco Sindaco per Sestri Levante,associazione Marcello Massucco sindaco per Sestri Levante,≤100
56755731998,Codacons,Codacons,≤100
673109029772554,Marco Campomenosi,Marco Campomenosi,≤100
1627633387486649,SOS MEDITERRANEE Italia,SOS MEDITERRANEE Italia,≤100
194794413943019,Telefono Rosa,Telefono Rosa - Pagina Ufficiale,≤100
112221911380832,InvEu,Agrifondi srl,≤100
853902504738306,Centro Benedetta D’Intino,Centro Benedetta d'Intino,≤100
105849768548758,PreviAmbiente,Fondo PreviAmbiente,≤100
650387761676591,Candido,Casa Editrice Pagine,≤100
114344005243032,Chiara Colosimo,Chiara Colosimo,≤100
269909651698,Istituto Oikos Onlus,Istituto Oikos Onlus,≤100
487468964606054,Pagella Politica,Pagella Politica,≤100
303531599691398,Mariastella Gelmini,Mariastella Gelmini,≤100
698743116897167,Valeria Valente,Valeria Valente,≤100
486228231540331,Partito Animalista Italiano,Partito Animalista Italiano,≤100
153226661931217,I Cittadini per Angelo Niceta,I Cittadini per Angelo Niceta,≤100
103221808122706,inspiringirls_italia,inspiringirls_italia,≤100
370124820863,Sightsavers Italia Onlus,Sightsavers International Italia Onlus,≤100
936230883067424,Renato Perrini,Renato Perrini,≤100
172914676069816,Centro Studi Americani,Centro Studi Americani,≤100
366568029646,COOPI,COOPI,≤100
205798119968781,Cikis,Cikis,≤100
121793864832061,Daniele Novara,Centro Psicopedagogico per l'educazione e la gestione dei conflitti,≤100
815320208534131,Arci Firenze,Arci Firenze,≤100
53333471319,Fondazione L'Albero della Vita - onlus,Fondazione L'Albero della Vita - onlus,≤100
478247465671732,TotalEnergies,TotalEnergies,≤100
395165287247949,A Sud,A Sud Onlus,≤100
348960008624813,La Nuova Europa,La Nuova Europa,≤100
331372771010,Festival della Mente,Festival della Mente,≤100
126578555602,Skuola.net,Skuola.net,≤100
1466430563592901,Zero Waste Italy,Zero Waste Italy,≤100
103605957978351,FenealUil Nazionale,FENEALUIL,≤100
117785844904053,Antoniano onlus,Antoniano onlus,≤100
102555822208649,IncludiMi,IncludiMi,≤100
264869596888019,Roberto Di Stefano,Roberto Di Stefano,≤100
1668922680093325,Propensione.it,Propensione.it,≤100
649593578399941,Alessandro Urzì,Alessandro Urzì,≤100
154144331904379,Marta Schifone,Marta Schifone,≤100
218671751661739,Fondazione Villa Maraini,Fondazione Villa Maraini,≤100
1603966533257308,Maria Cristina Pisani,Maria Cristina Pisani,≤100
263368177127232,Le Nius,Le Nius,≤100
343132907074660,Villy de Luca,Villy de Luca,≤100
1439514556290274,Nicola Caputo,Nicola Caputo,≤100
104182395946288,Rete Albatros,Albatros Srls,≤100
469857859741998,Giancarlo Garozzo,Giancarlo Garozzo,≤100
105296361571631,FGS srl,FGS srl,≤100
111267199355882,FNM Group,FNM Group,≤100
229483187248340,Automazione Industriale Ferrazza,Ferrazza S.r.l.,≤100
160132570689280,Arcigay,Arcigay,≤100
172718099490199,DOKITA,Dokita onlus,≤100
2613707698646326,Pop Edizioni,POP EDIZIONI SRL SRL,≤100
117501451247077,Pears with love,SG Project Srl,≤100
247705175335084,ReCommon,Re:Common,≤100
111890004059243,Paolo Romano,Paolo Romano,≤100
404600599728488,Pefc Italia,PEFC Italia,≤100
108829505461841,Riccardo Schininà Sindaco,Riccardo Schininà Sindaco,≤100
1176999669002221,Performer,Performer Srl,≤100
105703889174360,Ferdinando Messina Sindaco,Marta Messina,≤100
112419051106422,Previdenza Cooperativa,Previdenza Cooperativa,≤100
199373816816019,Collegio Ghislieri,Fondazione Ghislieri,≤100
41195081676,Mario Pittoni,Mario Pittoni,≤100
67527694280,Arché,Arché,≤100
310674329409996,Fondazione Marcegaglia Onlus,Fondazione Marcegaglia Onlus,≤100
753800634652691,Paola Chiesa,Paola Chiesa,≤100
35855858513,Missioni Don Bosco ONLUS,Missioni Don Bosco ONLUS,≤100
311252102703548,Progettiamo Santa Ninfa - Carlo Ferreri Sindaco,Progettiamo Santa Ninfa - Carlo Ferreri Sindaco,≤100
104110101901269,Luigi Celli Italia,Luigi Celli Italia,≤100
1835853853222010,ULTRASOUNDtech,ULTRASOUNDtech,≤100
122191987831675,Fabio Amendolara,Fabio Amendolara,≤100
101047321724796,Semplicità,Semplicità,≤100
109039268487435,Hulda.life,These ads ran without a disclaimer,≤100
155869317820754,Il Commercialista - la tribù dei Commercialisti,Il Commercialista - la tribù dei Commercialisti,≤100
177990150967421,La Verità di San Giorgio,La Verità di San Giorgio,≤100
2162934993958021,Associazione Altero Matteoli,Associazione Altero Matteoli,≤100
535397089896623,Ale Colucci,Alessandro Colucci,≤100
192209717630141,First Cisl nazionale,First Cisl,≤100
204034721659,Il Libraio,Il Libraio,≤100
128050063917913,ISF (International School Sport Federation),These ads ran without a disclaimer,≤100
467181846695913,Salutissima,Fondo Assistenza e Benessere - Società di Mutuo Soccorso,≤100
110694578605312,"La Democrazia Cinese, il blog di Giuliano Noci","La Democrazia Cinese, il blog di Giuliano Noci",≤100
1442338732544302,Fabrizio Pagani Sindaco - Nova Milanese,Fabrizio Pagani Sindaco - Nova Milanese,≤100
106577392014536,"Io, comandante di Wagner - Il libro rivelazione",Pienogiorno,≤100
110354967359505,Materasso Bedshire,Ce.Pro.L di Gatti Luca,≤100
326480964397759,Antonio Lombardi,FEDERCEPICOSTRUZIONI,≤100
111810305178033,Dario Costantini,CNA Nazionale,≤100
181446015358247,ACRA,ACRA,≤100
305041069588756,Elena Zecchin,These ads ran without a disclaimer,≤100
154767423377839,Managaia.eco,Managaia.eco,≤100
290721534331298,Anna Ascani,Anna Ascani,≤100
172576080121698,Lorenzo Valentini,Lorenzo Valentini,≤100
171869093280946,EICOM Energia,Eicom energia,≤100
10150113987575383,Festival Biblico,Festival Biblico,≤100
1403779849925484,Enzo Maraio,Enzo Maraio,≤100
31800331297,Gariwo - Foresta dei Giusti,Gariwo - Foresta dei Giusti,≤100
1382868132042683,Massimiliano Romeo,Massimiliano Romeo,≤100
525015217841196,Potere al Popolo,Potere al Popolo,≤100
258755651183,Alfonso Pecoraro Scanio,Alfonso Pecoraro Scanio,≤100
100514958863956,Beyond Project - Gender Equality in Early Years,Beyond Project - Gender Equality in Early Years,≤100
107736128697080,EOS - Edison Orizzonte Sociale,EOS - Edison Orizzonte Sociale,≤100
227008457327049,EmmetiStore.it,EMMETI ISOLANTI srl,≤100
147451502073583,In Migrazione,In Migrazione,≤100
1766466673641354,Antonino La Spina,Antonino La Spina,≤100
114098454955749,Francesco Solinas Sindaco,Francesco Solinas Sindaco,≤100
114314013798934,Green Future Project,These ads ran without a disclaimer,≤100
197449616933013,Le edizioni del Mulino,Le edizioni del Mulino,≤100
154144331904379,Marta Schifone,SocialCom,≤100
100748758271456,GMI - Giovani Medici per l'Italia,GMI - Giovani Medici per l'Italia,≤100
535609693464890,OFFSide Fest Italia,Offside Italia,≤100
104980721725834,Associazione DONNEXSTRADA,Associazione DONNEXSTRADA,≤100
112450034440882,La plastica è cambiata,Alpla,≤100
588618511234072,Style Magazine Italia,Style Magazine Italia - RCS,≤100
105861115373299,Festival Internazionale dell'Economia,Gius. Laterza & Figli,≤100
1732339916992169,Senza Filtro,Senza Filtro,≤100
480871535271240,Fondazione Cariplo,Fondazione Cariplo,≤100
100919195693624,Giancarlo Schiano - M5S,Giancarlo Schiano - M5S,≤100
863670390343095,Gruppo Illiria,Gruppo Illiria,≤100
778174858925483,Fondazione Roberto Franceschi Onlus,Fondazione Roberto Franceschi Onlus,≤100
1196364137092970,Scomodo,Scomodo,≤100
176210685871751,Arcs Culture Solidali,Arcs Culture Solidali,≤100
590611178105666,Wonderwhy,Wonder Why,≤100
100178145554917,Deephinterland,Deep Hinterland,≤100
156980270981618,Fondazione Mondo Digitale,Fondazione Mondo Digitale,≤100
1524999864481577,SMET Logistics,SMET S.p.A.,≤100
993120200721882,Casa Don Puglisi - La Bottega,Associazione di Volontariato Don Giuseppe Puglisi Onlus,≤100
106123821718914,Alessandro Bianco,Alessandro Bianco,≤100
109501905005319,Massimo Vita,Massimo Vita,≤100
1420345371514860,Interlife Onlus,Interlife,≤100
534574446570628,Rivista Forestale Sherwood,Rivista Forestale Sherwood,≤100
132553296808689,Massimo Coppola,Massimo Coppola,≤100
101341869245338,Cataldo Baratta - Il Politicante,Cataldo Baratta - Il Politicante,≤100
198307320795172,Are you R,Are you R,≤100
537369456719694,Jane Lepori,Jane Lepori,≤100
352871043599,Maurizio Gasparri,Maurizio Gasparri,≤100
182760498490334,infoConcorsi,EdiSES Edizioni Srl,≤100
1092120237480298,AIGAE Associazione Italiana Guide Ambientali Escursionistiche,AIGAE Associazione Italiana Guide Ambientali Escursionistiche,≤100
593667850760547,Europa Verde - Verdi Bologna,EUROPA VERDE-VERDI BOLOGNA METROPOLITANA,≤100
100558004769759,Il Pane di Sant'Antonio,Opera Pia il Pane di S.Antonio,≤100
155970757773137,ISDE - Associazione Medici per l'Ambiente,ISDE Italia - Associazione Medici per l'Ambiente,≤100
101767468878234,Sherocco,These ads ran without a disclaimer,≤100
1817269115180421,Gustabacco Enoteca,Gustabacco,≤100
193027960795836,Consulenti del Lavoro,Fondazione Studi Consulenti del Lavoro,≤100
101322918340235,Resilienze Festival,Resilienze Festival,≤100
166027216814695,Firriato,Firriato Winery,≤100
425008824257952,Regala Un Albero,These ads ran without a disclaimer,≤100
146578078706329,Oscar Aiello - Lega,Oscar Aiello - Lega,≤100
985957214895517,Insieme per Giovanni Cultrera Sindaco,Insieme per Giovanni Cultrera Sindaco,≤100
111784673804342,Una nuova Etica in Italia,Una nuova Etica in Italia,≤100
101216323253423,Italcementi,Italcementi S.p.A.,≤100
445235400057,Commissione europea – Rappresentanza in Italia,Commissione europea – Rappresentanza in Italia,≤100
105332674760119,ista Italia Srl,Ista Italia srl,≤100
104695605893962,Identità Priolese,Identità Priolese,≤100
160725107411590,CONOU Consorzio Nazionale Gestione Raccolta Trattamento Oli Minerali Usati,These ads ran without a disclaimer,≤100
104713337907237,Tempio Universale,Tempio Universale,≤100
741432559225902,Demetrio Piccini autore di fumetti,artefumetti,≤100
457987864331790,GIME Gruppo Italiano Mesotelioma ONLUS,GIMe,≤100
491624874237844,DGV,DGV,≤100
429555680551934,Genova3000,Genova3000,≤100
590301457742958,Zeta,Zeta,≤100
2368811619835979,Newton SpA,These ads ran without a disclaimer,≤100
169716151423607,Il Quotidiano Indipendente,Il Quotidiano Indipendente,≤100
104570204462760,L'Informatore,Informatore,≤100
118264811255832,collettivozona095,collettivozona095,≤100
276823222344450,Circolo di Cultura Omosessuale Mario Mieli,Circolo di Cultura Omosessuale Mario Mieli,≤100
103843386353847,Studio Pagano & Partners,Studio Pagano & Partners,≤100
1511090682500479,Tuttavia Palermo,Tuttavia Palermo,≤100
105785884951154,Alberami,Alberami Srl,≤100
137210956310640,Melting Pot Europa,Melting Pot Europa,≤100
107792215572487,Video Corso 231,Vibracci Ctrl,≤100
1676582112422226,Walter Zalukar,Walter Zalukar - Gruppo Misto Consiglio Regionale FVG,≤100
113641134963649,Fabio Filippino,Plan Studios Group Srl,≤100
108770011256563,XtraCult,XtraCult,≤100
110169371951591,Macomer 2030,Macomer 2030,≤100
1574941869410381,Biblion edizioni,Biblion Edizioni,≤100
496873810372627,Cittadini reattivi,Cittadini Reattivi APS,≤100
426129544165420,Alessandro Cattaneo,Alessandro Cattaneo,≤100
2797201316986482,Annalisa Tardino,Annalisa Tardino,≤100
105611330800101,Alessandro Bifera Blog Personale,Alessandro Bifera Blog Personale,≤100
523268051186707,Varese Pride,Arcigay Varese,≤100
1639788846238202,Centro Astalli Trento,Centro Astalli Trento,≤100
257190787762428,Simone Negri,Simone Negri,≤100
227922672510119,Michela Ceredi - Social Media Marketing,These ads ran without a disclaimer,≤100
100691529407,SULLA STRADA ONLUS,SULLA STRADA ONLUS,≤100
320002541432025,Tradimalt Spa,Tradimalt Spa,≤100
104730438003911,Cambiamenti Climatici - News e approfondimenti,Cambiamenti Climatici - News e approfondimenti,≤100
591249014329371,ClassiCult,ClassiCult,≤100
111082957225173,Associazione Martiri Sant'Anna di Stazzema 12 Agosto 1944,These ads ran without a disclaimer,≤100
220203151473509,Progetto Noemi,Progetto Noemi,≤100
875419312564350,GranoSalus. Produttori in difesa del  Consumatore,Saverio De Bonis,≤100
110663587096750,Davide Tavernise,Davide Tavernise,≤100
103546574756191,Fondo Pensione Priamo,Fondo Priamo,≤100
356102944825132,Antonio Cascone,Antonio Cascone,≤100
144293048945865,Knowità,Knowità Srl,≤100
842762285857820,Andrew Spannaus - Transatlantico.info,Transatlantico.info,≤100
921054544733021,Salvo Geraci,Salvo Geraci,≤100
102565915153347,OPES - Terzo Settore,Publigiovane Srl,≤100
109094031594910,Luigi Pinto,Luigi Pinto,≤100
103124791775267,Il Periscopio del Diritto,Il Periscopio del Diritto,≤100
90426366474,SOStariffe,These ads ran without a disclaimer,≤100
1420012461585538,Assidai - Fondo di Assistenza Sanitaria per il tuo benessere,Assidai,≤100
209621249613166,Flocco Salvatore M5S,Flocco Salvatore M5S,≤100
101461055153953,Riforma e Progresso,Riforma e Progresso,≤100
246422585907712,Wekeo,These ads ran without a disclaimer,≤100
111993090605648,Carlo Pesaresi - Ancona Diamoci del Noi,Carlo Pesaresi,≤100
1618078638446744,4G Energia,slashto,≤100
352187308292636,Mezzopieno,Mezzopieno,≤100
111726648535640,SI / Tommaso Micalizzi Sindaco,SI / Tommaso Micalizzi Sindaco,≤100
1181670365223505,Costa Crociere Foundation,Costa Crociere Foundation,≤100
165968498427823,Rete dei Comuni Sostenibili,Rete dei Comuni Sostenibili,≤100
112352038802143,Giuliano Pisapia,Giuliano Pisapia,≤100
1776956162430608,L'Indispensabile - movimento rivoluzionario,Associazione Darsi Pace,≤100
102828745181799,Insuperabile,Insuperabile,≤100
1403653346384000,Studio Legale Di Veroli,Studio Legale Di Veroli,≤100
1962932583848151,Uilm Nazionale,Uilm Nazionale,≤100
267525973321915,AgroNotizie,AgroNotizie,≤100
1429383923849615,Fondo FASDA,Fondo FASDA,≤100
1623129891325124,Italia in Classe A,ENEA,≤100
131648267428898,Radio Londra,Radio Londra,≤100
104964465800367,quotidianodeilavoratori,quotidianodeilavoratori,≤100
704940519600479,Centro Studi Movimenti Parma,These ads ran without a disclaimer,≤100
121065308080143,Confcommercio,Confcommercio Provincia di Pisa,≤100
991598257587797,Riccardo Corbucci,Riccardo Corbucci,≤100
361059457318194,Giuseppe Nicastro,Giuseppe Nicastro,≤100
114682098271738,Ripartiamo con Villaspeciosa,Ripartiamo con Villaspeciosa,≤100
1625695577544754,Rossano Sasso,Rossano Sasso,≤100
707682215937866,Michelangelo Cavone,Michelangelo Cavone,≤100
179450359207406,Cgil Novara e Vco,CGIL NOVARA VCO,≤100
106812452406471,Uniti per Budoni,Uniti per Budoni,≤100
178808252718288,Dipartimento di Scienze e Politiche Ambientali - UNIMI,MB srl,≤100
178948469536215,Saverio De Bonis,Saverio De Bonis,≤100
110667650558756,Opera di Padre Marella,Fraternità Cristiana Opera di Padre Marella - Città dei Ragazzi,≤100
919232861444360,European Youth Event,These ads ran without a disclaimer,≤100
762232037480566,Andrea Cane - Consigliere Regionale del Piemonte,Andrea Cane - Consigliere Regionale del Piemonte,≤100
104379379124060,Marianna Ricciardi,Marianna Ricciardi,≤100
360415704883966,Prevenzione e Sanità Pubblica,Improve Communications,≤100
828531024156902,Lorenzo Costarelli,These ads ran without a disclaimer,≤100
102416722029565,"Innovate4Climate, I4C 2023",These ads ran without a disclaimer,≤100
1007973302727293,Teach For Italy,Teach For Italy,≤100
882873055387445,Dragotti&Associati,Dragotti&Associati,≤100
1151916921518164,SatiLeaks,SatiLeaks,≤100
551772571506225,Let's do it Italy,Let's do It! Italy,≤100
849707928458480,Circolo delle Imprese,Circolo delle Imprese,≤100
814905568604078,ytali.com,ytali.com,≤100
100742592789147,Paolo Pireddu - Sindaco di Villaurbana,Paolo Pireddu - Sindaco di Villaurbana,≤100
1908065165883983,Alessandro Sittinieri,Alessandro Sittinieri,≤100
492366657632781,"Ombre D'Arte, Associazione Culturale",These ads ran without a disclaimer,≤100
1862307547429963,Nonna Roma,Nonna Roma,≤100
641489622905365,Il Ponte ODV di Piazzola sul Brenta,Il Ponte ODV di Piazzola sul Brenta,≤100
293173811838,Zeroviolenza,Zeroviolenza,≤100
527351247377965,European Committee of the Regions,European Committee of the Regions,≤100
100211626247272,Maria Rita Parsi,Maria Rita Parsi,≤100
177425929118747,Silvio Paolucci,Silvio Paolucci,≤100
122634334153345,wematter.project,These ads ran without a disclaimer,≤100
1637778729816876,Nagorà Laboratorio di Idee,Nagorà Laboratorio di idee,≤100
148999179111530,Michele Ciliberti,Michele Ciliberti,≤100
1635274383416590,Aurelio in Comune,Aurelio in Comune,≤100
867150270124995,Soluzione Casa di Massimo Iemmi S.r.l,These ads ran without a disclaimer,≤100
510543356065092,Romano Favetta - Candidato Sindaco,Romano Favetta - Candidato Sindaco,≤100
106259579055632,Studio Fisicaro,G4C SRL,≤100
347265340270,Architecture Competitions,These ads ran without a disclaimer,≤100
1562648707302483,Amedeo Ciaccheri,Amedeo Ciaccheri,≤100
880922645401876,RWE,These ads ran without a disclaimer,≤100
1948266882113824,Lorenzo Siciliano,Lorenzo Siciliano,≤100
424750141441557,Luca Settembrini - Responsabile Clienti Alleanza Perugia Nord,Alleanza Assicurazioni,≤100
179976002026783,Tusciaweb,Tusciaweb,≤100
105855274948938,NoPlasticSeas,NoPlasticSeas,≤100
159192554552724,Vasilika Moon - La Luna di Vasilika Onlus,La luna di Vasilika ONLUS,≤100
367484670387819,Flavio Di Muro,Flavio Di Muro,≤100
203065183038056,Edizioni Centro Studi Erickson,Edizioni Centro Studi Erickson,≤100
957434234335752,PD Comiso-Pedalino,PD Comiso-Pedalino,≤100
196189887094436,Reset DOC Dialogues on Civilizations,These ads ran without a disclaimer,≤100
298633750908,Edizioni Simone,These ads ran without a disclaimer,≤100
147816925280422,Centro Papa Giovanni XXIII Onlus,Centro Papa Giovanni XXIII Onlus,≤100
2006958696239686,Emanuela Del Re,Emanuela C. Del Re,≤100
107379378333563,Tozzi Green,TOZZI GREEN,≤100
451419891563905,Pro Vita & Famiglia Onlus,Pro Vita & Famiglia Onlus,≤100
153358054761359,Problemi di famiglia,Problemi di Famiglia,≤100
518554421552994,quixa,quixa,≤100
111058465166975,Sinistra Italiana Genova,Sinistra Italiana Genova,≤100
270404713591,Piccoli Grandi Cuori Odv,Piccoli Grandi Cuori Odv,≤100
115547091466418,Ivana Castello sindaca,Ivana Castello sindaca,≤100
452764018806467,Antonio Castello,Antonio Castello,≤100
1695169034125625,Alessandro Caramiello,Alessandro Caramiello,≤100
278930172136112,Terraè - officina della sostenibilità,Terraè - officina della sostenibilità,≤100
431436357311703,Federico Garau,Federico Garau,≤100
1821913614485612,Paolo Siani,These ads ran without a disclaimer,≤100
267353906619818,Mr. Gugu & Miss Go,These ads ran without a disclaimer,≤100
102668075081968,"Фонд премии ""Генезис""",These ads ran without a disclaimer,≤100
1237422449736229,BAFANG Electric,These ads ran without a disclaimer,≤100
101261252726516,Michael Kalika's Photography,These ads ran without a disclaimer,≤100
100546531975992,"Культурна інституція ""Міжвухами""",These ads ran without a disclaimer,≤100
131189377574,MDPI,These ads ran without a disclaimer,≤100