﻿Page ID,Page name,Disclaimer,Amount spent (NGN),Number of ads in Library
2010410822318073,Tvcnewsng,Tvcnewsng,33525,10
343382302456957,Senator Orji Uzor Kalu,Senator Orji Uzor Kalu,7386,1
365611603529330,Asambleísta Consuelo Flores Carrera,These ads ran without a disclaimer,5784,9
103864958273670,"School of Politics, Policy, and Governance",The School Of Politics Policy and Governance,5162,1
102169824695398,Rero TV,Rero TV,3192,13
103018869332378,BantuPage,BantuPage,3170,6
111681675158770,Broken not Shattered,These ads ran without a disclaimer,3027,1
102625132726631,Edo DecidesTv,These ads ran without a disclaimer,2991,1
119723736100630,Ala - Delight Publicity Services,Ala - Delight Publicity Services,2686,11
104576632565512,K-Move,K-Move,2481,2
381910422173667,Lilsnazzy Creationz,These ads ran without a disclaimer,2366,3
1813961455356524,Sen. Lawrence Ewhrudjakpo,Sen. Lawrence Ewhrudjakpo,2073,5
108849225263857,Manaa Furniture,These ads ran without a disclaimer,2028,1
660685641036325,Sandeco Group,Sandeco Group,1967,1
204420296789348,Ekerete Udoh,Ekerete Udoh,1893,1
102494176217517,Dr. Patrick Umoh,suneses-energy,1642,2
110891496953038,Eagles Assembly Abuja,These ads ran without a disclaimer,1598,1
339682613478916,Athanase BOUDO,These ads ran without a disclaimer,1294,1
104679584528987,Flourish,Flourish,1224,1
111035392018206,Mallam zaki,These ads ran without a disclaimer,1116,1
105793102575230,Prince Egbe Humphrey Omorodion,Prince Egbe Humphrey Omorodion Campaign Team,1101,1
103308039255667,Mr-Precidentz James,These ads ran without a disclaimer,944,1
1566640256767644,AM Corporate Solutions Limited,AM Corporate Solutions Limited,915,1
258237094650339,Voice Of More,Voice Of More,878,3
112194590950875,thewillnewspaper,These ads ran without a disclaimer,846,2
100202924924063,Page 36,Page 36,811,3
710631155650743,Street Talents  Tv,Street Talents  Tv,761,1
128728490537179,Senator Asuquo Ekpenyong,Senator Asuquo Ekpenyong,744,2
100856059510675,Confie Zara,These ads ran without a disclaimer,743,1
101288566202804,B & J Blessed Charity Foundation,These ads ran without a disclaimer,622,1
113877501331090,Christian Aburime,Christian Aburime,540,1
2202717973275316,Daniel Eromonsele,Daniel Eromonsele,534,1
111180371693748,Rt.Hon Peter Odey - Cross River State Deputy Governor,Rt.Hon Peter Odey - Cross River State Deputy Governor,502,1
108217010644446,Oku Ozieoghene Victory,Oku Ozieoghene Victory,501,2
107744527640759,"Rotary Club of Mende Midtown, Ikeja",These ads ran without a disclaimer,496,1
654460371245834,Uche Ume Ministries,These ads ran without a disclaimer,493,1
109290394640821,Common Sense Family,These ads ran without a disclaimer,488,1
2001135503528760,Mayor Scoin Idoke,These ads ran without a disclaimer,446,1
104940585643074,Epee Tech Solution,These ads ran without a disclaimer,367,1
109724671257945,Essentials by lawlars,These ads ran without a disclaimer,359,1
112015191108359,Inside Port Harcourt,Inside Port Harcourt,348,1
913242715449176,Prophet Ekong Ituen Ministries,Prophet Ekong Ituen Ministries,338,1
110472791924492,Hallowmace Brand,These ads ran without a disclaimer,337,1
104044266054498,Edustore Africa,These ads ran without a disclaimer,265,1
101526161771364,Anambra State New Media,Anambra State New Media,258,1
535503280269676,Xinhua Culture&Travel,These ads ran without a disclaimer,212,1
2251786924852107,Victor Jrn,These ads ran without a disclaimer,203,1
1474591649344815,Hon. Sunny Ofe,These ads ran without a disclaimer,172,1
1759753480924658,PublicSector Global,These ads ran without a disclaimer,≤100,1
107868989007138,The Matrix News,Pan Matrix,≤100,1
2264665520260482,GLG Communications,These ads ran without a disclaimer,≤100,1
113504738323498,Clever Classics Media,These ads ran without a disclaimer,≤100,1
186691125128189,Air Liquide,These ads ran without a disclaimer,≤100,1
107941432333008,Cdhg-1234,These ads ran without a disclaimer,≤100,1
102955945314604,Wanderlust with Sylvia,These ads ran without a disclaimer,≤100,1
123550894353506,niyi ADESANYA,These ads ran without a disclaimer,≤100,1
411678622607999,China International Import Expo,These ads ran without a disclaimer,≤100,1
108625789179165,Soi Dog Foundation,These ads ran without a disclaimer,≤100,1
250305668489402,Professor Kenny,These ads ran without a disclaimer,≤100,1
104738335990390,Fnuhj-1234,These ads ran without a disclaimer,≤100,5
100247219402175,The Clever Protagonist,These ads ran without a disclaimer,≤100,1
180520171996876,IslamInSpanish,These ads ran without a disclaimer,≤100,1