﻿Page ID,Page name,Disclaimer,Amount spent (EUR),Number of ads in Library
125703770797582,Jana,Jamnica plus d.o.o.,337,6
86874647886,Net.hr,Net.hr,192,28
105958751249374,Energia naturalis,Energia naturalis d.o.o.,135,29
122081620813,DNEVNIK.hr,NOVA TV,122,8
1781165065440754,N1 Hrvatska,N1 Hrvatska,≤100,5
129634970518,SDP Hrvatske,SDP Hrvatske,≤100,5
136900153422435,Tomislav Sokol,Tomislav Sokol,≤100,1
688325737947866,Telegram.hr,Telegram Media Grupa,≤100,33
1064762700374086,Možemo - politička platforma,Možemo - politička platforma,≤100,2
107898832590939,European Commission,European Commission,≤100,4
178362315106,European Parliament,European Parliament,≤100,8
585411648152023,Peđa Grbin,SDP Hrvatske,≤100,2
359170097532754,Greenpeace Hrvatska,Greenpeace Hrvatska,≤100,2
111421992219589,Dnevno.hr,Motus d.o.o.,≤100,3
100525388993074,Infodemija,Infodemija,≤100,2
111289382263907,SDP Split,SDP Hrvatske,≤100,2
669860900101100,Danica.hr,Danica digital d.o.o.,≤100,1
21028918315,Grad Rijeka,Grad Rijeka,≤100,1
566781040007072,SDP Zaprešić,Denis Begić,≤100,1
382245251836544,Hrvatska gospodarska komora,Hrvatska gospodarska komora,≤100,1
108029224121674,SNEP 2 - Junior program,ŽENSKA SOBA - CENTAR ZA SEKSUALNA PRAVA,≤100,5
1774798116169873,Marijan Pavliček,Hrvatski suverenisti,≤100,1
767587850267449,Armin Hodžić,Armin Hodžić,≤100,1
112903374178374,koalicija ZA,Nezavisna Lista Mladih,≤100,5
106928174232844,Domovinski pokret,Domovinski pokret,≤100,3
770459529655215,Radnička Fronta,Radnička Fronta,≤100,1
1758512924436183,Nikola Grmoja,Most,≤100,1
105129271272621,Vesna Vučemilović,HRVATSKI SUVERENISTI,≤100,2
314776818539194,Forum mladih SDP Hrvatske,SDP Hrvatske,≤100,1
200480966638039,Supremacy 1914,These ads ran without a disclaimer,≤100,3
210627425725812,Studentski.hr,Studentski.hr,≤100,4
110933407315208,Hrvatski-glasnik,hrvatski glasnik,≤100,3
1665775650371580,Gradonačelnik.hr,Gradonačelnik.hr,≤100,4
235319525101705,Genius by InterCapital,InterCapital Asset Management,≤100,3
1487935214842281,Faktograf.hr,Faktograf.hr,≤100,2
106788298553343,Ivica Lovrić,Ivica Lovrić,≤100,4
108173908019683,Novi vjetrovi Fažane,Lidija Udovički,≤100,1
603906399629215,Državni zavod za statistiku,Državni zavod za statistiku,≤100,2
105860834130979,Marko Milanović Litre,HRVATSKI SUVERENISTI,≤100,1
104113164820973,Trpimir Goluža,Trpimir Goluza,≤100,4
1524093761198048,Anka Mrak - Taritaš,GLAS Građansko-liberalni savez,≤100,1
104365132625354,Nova Era Automobila,These ads ran without a disclaimer,≤100,1
101827562583283,Televizija.hr,Televizija.hr,≤100,4
108979351863166,Saltwater intrusion and climate change-SECURE,Saltwater intrusion and climate change-SECURE,≤100,4
102198203158768,AgroKlub.com,Agroklub d.o.o.,≤100,4
1795107684078876,Most - Velika Gorica,Most,≤100,1
414256031978639,Studio - Sve se može - Jastrebarsko,Luka Hrković,≤100,2
109420188426263,VIDA,Vida produkcija,≤100,2
482597361772021,Sunčana Glavak,MEP Sunčana Glavak,≤100,1
103953238844270,Filip Zoričić gradonačelnik grada Pule,Filip Zoričić,≤100,1
109451008578039,Create,Create,≤100,1
176565220704,Zelena akcija / FoE Croatia,Zelena akcija / FoE Croatia,≤100,1
1747126668848581,Veljko Kajtazi,Veljko Kajtazi,≤100,3
124411897591920,Arena Centar,These ads ran without a disclaimer,≤100,1
112019395148413,Žrtve kaznenih djela,Ženska soba,≤100,10
2274068712864544,Hrvatsko nebo HB,These ads ran without a disclaimer,≤100,1
100302873376835,Udruga Zelena Istra,Udruga Zelena Istra,≤100,1
102285721646246,Ilčić Ladislav,Ladislav Ilčić,≤100,1
108171948849738,Worldline Hrvatska,These ads ran without a disclaimer,≤100,1
811441908882554,Radnička prava,Jakov Kolak,≤100,2
102260795029090,Mate Šimundić,Mate Šimundić,≤100,1
104362675475607,SDP Radoboj,SDP Hrvatske,≤100,1
361124590589398,Grad Sisak,Grad Sisak,≤100,1
102409151592858,ZGRADOnačelnik.hr,Zgradonačelnik.hr,≤100,2
144709575593854,EESC - European Economic and Social Committee,EESC - European Economic and Social Committee,≤100,2
102946254884129,Ante Škrobica,Ante Škrobica,≤100,1
1547834282153752,Srđ je grad,Srd je grad,≤100,1
1221976581227693,Regionalni centar čistog okoliša,Regionalni centar čistog okoliša,≤100,1
119405895873,Huawei,These ads ran without a disclaimer,≤100,1
108270901418113,Tomislav Tomašević,Zagreb je NAŠ!,≤100,1
1483897331868092,Direktno.hr,Direktno.hr,≤100,1
1136117829854042,Pure Blue of Norway,These ads ran without a disclaimer,≤100,1
102524799835429,Digitalk Conference,These ads ran without a disclaimer,≤100,1
177762839019525,Gamax Laboratory Solutions,These ads ran without a disclaimer,≤100,1
582116482128286,Čistoća Split,These ads ran without a disclaimer,≤100,1
260287179188370,Darwin Bunny,These ads ran without a disclaimer,≤100,1
240014236679128,"Reciclagem & Serviços, Lda",These ads ran without a disclaimer,≤100,1
213003865396175,Arabian Travel Market,These ads ran without a disclaimer,≤100,1
106093214256482,Outside Multicultural Magazine,These ads ran without a disclaimer,≤100,1
106882027720933,Ugreen_Us,These ads ran without a disclaimer,≤100,1
110980888642151,Twibbon April,These ads ran without a disclaimer,≤100,4
110463704610731,Cute Kiwi,These ads ran without a disclaimer,≤100,1
100852646293539,Ukinimo HRT pristojbu,These ads ran without a disclaimer,≤100,1