﻿Page ID,Page name,Disclaimer,Amount spent (UYU)
2229936167288652,Juan Sartori,Equipo Juan Sartori,≤100
225968600759645,Andrés Lima,Ernesto Dario Castro Rodriguez,≤100
721629447857727,567 El Espacio,Partido por la Victoria del Pueblo - Espacio 567 - Frente Amplio,≤100
100492222711808,Somos Todos Uruguayos,Somos Todos Uruguayos,≤100
860395507438977,Compromiso con el Cambio,Compromiso con el Cambio,≤100
103874242354782,Mayra Katarina Barck,These ads ran without a disclaimer,≤100
107574220629167,Carolina Batista,Norma Valentina Pérez Nunez,≤100
530640683655093,President,These ads ran without a disclaimer,≤100