﻿Page ID,Page name,Disclaimer,Amount spent (EUR)
100919256271184,Андрија Мандић - Andrija Mandić,Andrija Mandic,≤100
1262559373876915,Draginja Vuksanović,Socijaldemokratska partija Crne Gore - SDP CG,≤100
107633972588243,Milo Đukanović,DPS Crne Gore,≤100
421528787908380,Centar za monitoring i istraživanje - CeMI,Centar za monitoring i istraživanje - CeMI,≤100
100672909484442,Jakov Milatović,Jakov Milatovic,≤100
1420588184916754,Aleksa Becic - Demokrate - Demokratska Crna Gora,Aleksa Becic - Demokrate - Demokratska Crna Gora,≤100
1437529949875716,Ujedinjena Crna Gora - Zvanična stranica,Ujedinjena Crna Gora - Zvanična stranica,≤100
313006358903165,Građanski pokret URA,Građanski pokret URA,≤100
2272866126088229,Raskrinkavanje.me,Raskrinkavanje.me,≤100
252814308920994,Digital Forensic Center - DFC,Digital Forensic Center,≤100
103645778920740,Portal Dnevno,Portal Dnevno,≤100
103656618479791,SNP CG - Socijalistička narodna partija Crne Gore,Marija Radinović,≤100
103757002580383,Sindikat Telekoma CRNE GORE,Sindikat Telekoma CRNE GORE,≤100
119574804749171,Aktuelno,Aktuelno,≤100
236694586475080,Standard,Standard,≤100
110367919014958,ERGO,These ads ran without a disclaimer,≤100
819639921464707,Socijaldemokrate Crne Gore,Socijaldemokrate Crne Gore,≤100
100628711754140,Nihad Canović,Nihad Canović,≤100
103588975196889,Stevan Katić - Demokrate Herceg Novi,Stevan Katic,≤100
154573638492041,Cannabis Europa,These ads ran without a disclaimer,≤100
109433088398513,Cannabis Europa: London Event & Expo,These ads ran without a disclaimer,≤100