﻿Page ID,Page name,Disclaimer,Amount spent (EUR)
122344957784863,Amnistia Internacional Portugal,Amnistia Internacional Portugal,≤100
347829038571812,Aldeias de Crianças SOS Portugal,Aldeias de Crianças SOS Portugal,≤100
197936253581591,Fundação Francisco Manuel dos Santos,Fundação Francisco Manuel dos Santos,≤100
163880252839,Deco Proteste,Deco Proteste,≤100
107252064043989,Luís Montenegro,Partido Social Democrata,≤100
178362315106,European Parliament,European Parliament,≤100
100956195462445,ENTR pt,RTP,≤100
901697383231864,Contas Connosco,Contas Connosco,≤100
604331369992722,Deputados do PCP no PE,Sandra Maria De Brito Pereira,≤100
246126962250063,Grupo PPE no Parlamento Europeu,EPP Group in the European Parliament,≤100
325947881481785,Mais Cofidis,Mais Cofidis,≤100
107279007582257,Servier Portugal,These ads ran without a disclaimer,≤100
113309632023126,Sindicato Independente dos Médicos,Sindicato Independente dos Médicos,≤100
112857423489214,Ajuda em Ação,Ajuda em Ação,≤100
110920243943820,DECO Associação,DECO - Associação Portuguesa para a Defesa do Consumidor,≤100
106973434490589,Rui Cristina,Jorge Cabaço,≤100
85728663404,Standvirtual,Standvirtual,≤100
75019832667,AMI - Assistência Médica Internacional,AMI - Assistência Médica Internacional,≤100
108136025206096,Nem Mais Uma Palmada,Nem mais uma palmada,≤100
101920814806371,Casa dos livros,Eduardo Monteiro,≤100
173112366078072,Fundação Luso-Americana,Fundação Luso-Americana para o Desenvolvimento,≤100
568028987050017,Livros com História,Cátia Inês Fernandes,≤100
100521345762709,Miguel Fernandes,Alfredo Miguel Pires Fernandes,≤100
132265010511379,Livros & Mythos,Florbela Barreto,≤100
1709939012603940,Ricardo Baptista Leite,Ricardo Baptista Leite,≤100
104707758085303,Roche,These ads ran without a disclaimer,≤100
863284277093093,Pingo Doce,Pingo Doce,≤100
101920814806371,Casa dos livros,Manuel Augusto Monteiro,≤100
481847405755917,Teva Portugal,Teva Portugal,≤100
397962160783891,Álvaro Amaro,PPE Grupo do Partido Popular Europeu,≤100
273558099350873,Miguel Pinto Luz,Miguel Martinez De Castro Pinto Luz,≤100
411416286140977,ANAM,Associação Nacional de Assembleias Municipais,≤100
937560123015996,saudeonline.pt,SaudeOnline,≤100
2247331172262052,TDV Group - Transportes do Valado,TDV Group - Transportes do Valado,≤100
106122038455124,Miguel Sousa Neves,Miguel Sousa Neves,≤100
107898832590939,European Commission,These ads ran without a disclaimer,≤100
1890768930985088,Pólen,Pólen,≤100
582360601854799,Manuseado,João Miguel Méndez Fernandes,≤100
206659582582,Associação Portuguesa para a Igualdade Parental e Direitos dos Filhos,Associação Portuguesa para a Igualdade Parental e Direitos dos Filhos,≤100
111608420203743,Toomics - Português,These ads ran without a disclaimer,≤100
1849084088669431,EIT Food,These ads ran without a disclaimer,≤100
144709575593854,EESC - European Economic and Social Committee,EESC - European Economic and Social Committee,≤100
102804942626089,absolutodomdeexistir,These ads ran without a disclaimer,≤100
428901067880588,Diogo Araújo Dantas,Diogo da Rocha Antunes de Araújo Dantas,≤100
113372384983440,"Благодійний Фонд ""Шлях до здоров'я""",These ads ran without a disclaimer,≤100
1165715730222155,Consumer Choice Center,These ads ran without a disclaimer,≤100
167184886633926,The Science Explorer,These ads ran without a disclaimer,≤100
110907030632192,YYH ART CLASS,These ads ran without a disclaimer,≤100