﻿Page ID,Page name,Disclaimer,Amount spent (VND)
104640271243082,Bách Hóa Ăn Dặm,Bách Hóa Ăn Dặm,2858
1507429892822619,BOM Money,BOM Money,1810
101865258169428,ĐEN Secondhand,ĐEN Secondhand,590
105062615490802,Thượng Tọa Thích Đức Thiện,Thượng Tọa Thích Đức Thiện,416
106182191965167,Sách Cổ - Tri Thức Thời Xưa,These ads ran without a disclaimer,≤100
107129734670954,Ước Mơ Việt Tân,These ads ran without a disclaimer,≤100
371171589575669,China.org.cn,These ads ran without a disclaimer,≤100