﻿Page ID,Page name,Disclaimer,Amount spent (PLN)
654912251187357,Grupa PGE,Grupa PGE,107
108675458379147,Liczy się energia,Liczy się energia,≤100
144808095552639,ING Polska,ING Polska,≤100
57544755889,Amnesty International Polska,Amnesty International Polska,≤100
111465470197991,Mateusz Morawiecki,Mateusz Morawiecki,≤100
63563473556,Gazeta Wyborcza,Gazeta Wyborcza,≤100
469702339755768,Paweł Tanajno Polska Liberalna Strajk Przedsiębiorców,Iam4u.pl,≤100
196334343778888,Polskie Centrum Pomocy Międzynarodowej (PCPM),PCPM with Facebook ad credits,≤100
1227194230675141,Pratia,Pratia SA,≤100
105636040979969,Polska 2050,Fundacja Polska Od Nowa,≤100
103189994608689,20stopni.pl,Konceptlab,≤100
393084100793680,Wiedza i Praktyka,Wiedza i Praktyka,≤100
273827962690526,Otwarte Klatki,Otwarte Klatki,≤100
230415296997772,bydgoszcz.pl,bydgoszcz.pl,≤100
513969188677442,Compassion Polska,Compassion Polska,≤100
50063176484,TVN24,TVN,≤100
110731291587098,Kiełpiński Konkretnie,Jacek Kiełpiński,≤100
182038191908977,Cyfryzacja KPRM,Kancelaria Prezesa Rady Ministrów,≤100
178362315106,European Parliament,European Parliament,≤100
228366267271894,Warsaw Enterprise Institute,Fundacja Warsaw Enterprise Institute,≤100
1646168595688590,Kujawsko-Pomorski Urząd Wojewódzki w Bydgoszczy,Kujawsko-Pomorski Urząd Wojewódzki w Bydgoszczy,≤100
114265080356649,EuroKlima - Energy,EuroKlima Energy,≤100
108161621740841,Tomasz Sińczak Radny Okręgu Jakubskie-Mokre,Tomasz Sińczak,≤100
111778487054045,TOGETAIR,Kamil Magot,≤100
228168274881,wysokieobcasy,wysokieobcasy,≤100
339855706171439,Dobra Fabryka,Dobra Fabryka,≤100
104061062331637,Pałac Saski,Pałac Saski Sp. z o.o.,≤100
1590841411198586,Iwona Michałek Poseł na Sejm RP,Iwona Michałek,≤100
100396149568299,Klimatyczna Baza Wiedzy,Klimatyczna Baza Wiedzy,≤100
1021311128032128,Adrian Mól - Zastępca Prezydenta Torunia,Adrian Łukasz Mól,≤100
203627442993022,Portal Oświatowy,Wiedza i Praktyka,≤100
108301418501661,Odszkodowania Za Represje 1944-1989,Łukasz Świątek,≤100
173086948664,Infor.pl,Infor.pl,≤100
426784938154184,PrzyjacieleZwierzat.pl,PrzyjacieleZwierzat.pl,≤100
427646927347438,A4 Katowice - Kraków,Stalexport Autostrada Małopolska S.A.,≤100
312204349288060,Mariusz Gosek,Mariusz Gosek,≤100
143951191449,Profinfo.pl,Wolters Kluwer PL,≤100
371981706755861,Kierunek na EKO,OS3 Sp. z o. o.,≤100
102792325966064,Kopalnia kitu,Kopalnia Kitu (DoubleD Marketing),≤100
105135215692151,Dla Gminy Stolno,Dla Gminy Stolno,≤100
137358556439286,Ośrodek Monitorowania Zachowań Rasistowskich i Ksenofobicznych,Ośrodek Monitorowania Zachowań Rasistowskich i Ksenofobicznych,≤100
198196133533089,Polska Misja Medyczna / Polish Medical Mission,Polska Misja Medyczna / Polish Medical Mission,≤100
295161506338,AKADEMIA PRZYSZŁOŚCI,Stowarzyszenie Wiosna,≤100
178415208919146,Solidarna Polska,Solidarna Polska,≤100
391098174296294,Super Express,se.pl,≤100
530684193733422,Marcin Skonieczka,Marcin Skonieczka,≤100
100528444310,Uniwersytet Mikołaja Kopernika w Toruniu,Uniwersytet Mikołaja Kopernika w Toruniu,≤100
1477251852486946,Kosma Złotowski,Grupa Europejskich Konserwatystów i Reformatorów,≤100
133112726750279,M jak Mama,Grupa ZPR Media,≤100
157458232131,Prawo i Sprawiedliwość,Prawo i Sprawiedliwość,≤100
1407603489492838,Instytut na rzecz Kultury Prawnej Ordo Iuris,Instytut na rzecz Kultury Prawnej Ordo Iuris,≤100
515725191889934,Zmieniamy Łódzkie,Zmieniamy Łódzkie,≤100
1063990387008272,Centrum Życia i Rodziny,Centrum Życia i Rodziny,≤100
104921858016507,Dzień Dobry Podatki,Michał Wilk,≤100
125185964281959,Centrum Edukacji Obywatelskiej (CEO),Centrum Edukacji Obywatelskiej (CEO),≤100
111536078074010,Strefa Logopedy,Wiedza i Praktyka,≤100
153679474688551,Wydawnictwo Fronda,Wydawnictwo Fronda,≤100
181020632309,Wydawnictwo Znak,These ads ran without a disclaimer,≤100
1581518611867021,Zbigniew Ziobro,Zbigniew Ziobro,≤100
104884392877324,Alivia,Alivia - Fundacja Onkologiczna,≤100
167053496770977,Fundacja Redemptoris Missio,Fundacja Pomocy Humanitarnej Redemptoris Missio,≤100
1450660748584810,Aleksander Alfons Maksymilian Peszka,Aleksander Alfons Peszka,≤100
475584852475176,Pozytron,Bartłomiej Jan Ginter,≤100
406758116099067,Fundacja Kasisi,Fundacja Kasisi,≤100
142614625077,WWF Polska,WWF Polska,≤100
109649700417909,Piotr Sak,Poseł na Sejm RP Piotr Sak,≤100
106708966025605,Wydawnictwo W.A.B.,Grupa Wydawnicza Foksal,≤100
267686749910602,Piotr Müller,Piotr Müller - Poseł na Sejm RP,≤100
2320275388297228,Marcin Romanowski,Marcin Romanowski,≤100
101876361512444,Krajowy Projekt Energetyczny - odnawialne źródła energii dla każdego,These ads ran without a disclaimer,≤100
2152238558396822,Mariusz Kałużny,Mariusz Kałużny,≤100
1496359750659795,Michał Wójcik,Michał Wójcik,≤100
147547541961576,Council of the European Union,Council of the European Union,≤100
136390556431938,Pracownia na rzecz Wszystkich Istot,Pracownia na rzecz Wszystkich Istot,≤100
521216701360487,MURATOR,MURATOR,≤100
814991668621838,Norbert Kaczmarczyk,Norbert Kaczmarczyk,≤100
108020281494886,Assay Group,Assay Management Sp. z o.o.,≤100
515443135654509,Młyny Rothera,These ads ran without a disclaimer,≤100
147284671976535,Jak wygrać wybory? Praktycznie o kampaniach wyborczych,Jacek Babiel,≤100
505864632777215,Tygodnik Lisickiego,Orle Pióro sp. z o.o.,≤100
105039892358886,FURPO,FURPO GROUP SP. Z O.O.,≤100
257593184447834,Władysław Kosiniak-Kamysz,Władysław Kosiniak-Kamysz,≤100
122436147816214,Skłodowscy.pl,Kancelaria Podatkowa Skłodowscy,≤100
170887773826663,Marcin Warchoł,Marcin Warchoł,≤100
136884656519145,IOM Poland,International Organization for Migration,≤100
1752318511650368,Akamai Poland,More Bananas,≤100
312816688890250,Dariusz Matecki,Dariusz Matecki Radny Miasta Szczecin,≤100
127619873953536,Stefczyk.info,Stefczyk.info,≤100
334031263082,Międzynarodowy Festiwal Sztuk Przyjemnych i Nieprzyjemnych,Teatr Powszechny w Łodzi,≤100
990533821012595,Nierealnie,Nierealnie.pl,≤100
100321262116794,Kongres Katoliczek i Katolików,Fundacja na rzecz Kongresu Katoliczek i Katolików,≤100
130220166122,Kupuj odpowiedzialnie,Kupuj odpowiedzialnie,≤100
621959344553367,DNA Rynków - merytorycznie o giełdach i gospodarkach,DNA Rynków,≤100
2652652818292489,DAGMA bezpieczeństwo it,DAGMA SP Z O O,≤100
180185019111,Tygodnik Powszechny,Tygodnik Powszechny,≤100
118055394941878,ABB,Performance Media P.S.A,≤100
271502918243,Polski Czerwony Krzyż (PCK),Polski Czerwony Krzyż (PCK),≤100
105428171456904,BWT Polska - Best Water Technology,BWT Polska,≤100
330644215221,Bankier.pl,Bankier.pl,≤100
106666447371322,Edward Siarka,Edward Siarka,≤100
109719194540240,Fundacja Błękitna,Fundacja Błękitna,≤100
1381575975475340,EduAkcja - szkolenia dla nauczycieli,EduAkcja sp. z o.o.,≤100
108494929216934,Marcin Kierwiński,Marcin Kierwiński,≤100
177473808919,Polskie Stronnictwo Ludowe,Polskie Stronnictwo Ludowe,≤100
102577288350341,Super Biznes,se.pl,≤100
1608898765820336,Vogue Polska,Vogue Polska,≤100
170894632966683,Warszawski Instytut Bankowości,Sektorowa Rada ds. Kompetencji Sektora Finansowego,≤100
305401181544,UNICEF Poland,UNICEF Polska,≤100
1495480087399256,Jacek Ozdoba,Jacek Ozdoba,≤100
696622867467853,Polska Morska,Polska Morska,≤100
662892093824152,Fundacja Małych Stópek,Fundacja Małych Stópek,≤100
366513693549844,Dr Witold Czarnecki - Poseł z Wielkopolski,Dominik Szopa,≤100
851597268265842,Telewizja Kopernik,TELEWIZJA KOPERNIK,≤100
225646117539551,Briju,Briju 1920 Limited,≤100
1425264934431305,Polski Instytut Księgowości,Polski Instytut Księgowości,≤100
129626970836,inFakt,inFakt,≤100
102931488739,Platforma Obywatelska,Platforma Obywatelska,≤100
101283291180,dziennik.pl,dziennik.pl,≤100
316810098501611,Miasto2077 / Green is Good,Filip Kowalik,≤100
101751661613203,Adam Lutkowski,Adam Andrzej Lutkowski,≤100
141049865933925,Katolicka Agencja Informacyjna / KAI,Katolicka Agencja Informacyjna,≤100
868599633152789,Koncept - magazyn akademicki,Fundacja Inicjatyw Młodzieżowych,≤100
100618788485365,Wojownicy Klawiatury,Polska Fundacja im. Roberta Schumana,≤100
114453729684,gazetaprawna.pl,gazetaprawna.pl,≤100
370535546308040,Natemat.pl,GLOB360,≤100
186543124707583,ISSA Prevent Plastic Pollution,Biuro wykonawcze ISSA w Polsce,≤100
1578491772374130,Małopolska Organizacja Turystyczna,Małopolska Organizacja Turystyczna,≤100
305401181544,UNICEF Poland,UNICEF Poland,≤100
176619537364977,Grodno S.A.,Grodno S.A.,≤100
447190942074880,Polskie Stowarzyszenie Obrońców Życia Człowieka,Polskie Stowarzyszenie Obrońców Życia Człowieka,≤100
1608832986037147,Super Express Warszawa,Super Express Warszawa,≤100
109218848183780,Marek Woźniak,UMWW,≤100
543555309157965,Fundacja Życie i Rodzina - Polska,Fundacja Życie i Rodzina,≤100
1914501645469702,Otwarta Przestrzeń - centrum terapii,Fundacja Instytut Otwarta Przestrzeń,≤100
314299585704,PAT&RUB,Ecoidea Sp z oo Sp.k.,≤100
199877710116314,Patryk Jaki,Patryk Jaki,≤100
832320483579139,Vestra,Vestra,≤100
567066860335135,Błękitny Węgiel,Błękitny Węgiel,≤100
1695616287382430,Schneider Electric,Schneider Electric Polska,≤100
698522113529153,ADAMED SmartUP,ADAMED SmartUP,≤100
141990312513970,Paweł Kowal,Paweł Kowal,≤100
100508029392556,Obywatelu Masz Prawo,Fundacja Instytut Prawa Ustrojowego,≤100
121677374580121,Stowarzyszenie Rozwoju Wsi Świętokrzyskiej,Stowarzyszenie Rozwoju Wsi Świętokrzyskiej,≤100
1087980284697533,Beata Białowąs,Beata Iwona Białowąs,≤100
100507332348221,Liberfor,Liberfor,≤100
108043501064374,Dzielna Ania walczy z SMA,Michał Franciszek Orłowski,≤100
152244658221042,Wielka Litera,Wielka Litera,≤100
361650134246397,Hrabia Tytus,Fundacja Zakłady Kórnickie,≤100
81885462442,Histmag.org,Histmag.org,≤100
176136722487454,Videoparlament.pl,Videoparlament.pl,≤100
286672948180163,Tomasz Trela,Poseł Tomasz Trela,≤100
114720248167038,EDUfluencer Polska,Kacper Stawiński,≤100
698495676960463,Błażej Poboży,Błażej Poboży,≤100
311766890555,Fundacja Batorego,Fundacja Batorego,≤100
100666510056063,Jarosław Duda,"Jarosław DUDA, Członek Grupy EPL w Parlamencie Europejskim",≤100
112055027022643,Legal Marine,Legal Marine - Mateusz Romowicz,≤100
194585893914848,Fundacja Rozwoju Demokracji Lokalnej,Cezary Trutkowski,≤100
174700791475,Student.lex.pl,Wolters Kluwer Polska Sp. z o.o.,≤100
102992492312736,Kurier Powiatu Chojnickiego,Michał Kowalski,≤100
104291779009388,Pojęcie małżeństwa w pryzmacie teorii wymogów imperatywnych,Fundacja Instytut Prawa Ustrojowego,≤100
101391828943669,manufaktura_wiedzy,These ads ran without a disclaimer,≤100
102638134457547,Magdalena Łośko - Poseł na Sejm RP,Patryk Kaźmierczak,≤100
706471042857007,Heat Decor - Ogrzewanie Na Podczerwień,Heat Decor sp. z o.o.,≤100
155010259207,Heinrich-Böll-Stiftung Warszawa,Sara Wołczyńska,≤100
100364569530157,Jarosław Kuisz,Jarosław Kuisz,≤100
264923553554328,PANI,"Wydawnictwo Bauer sp. z o. o., Sp. j.",≤100
173873282095,Forsal.pl,Forsal.pl,≤100
108586015068938,Zorientowani na Rodzinę,Fundacja Ogólnopolski Strajk Kobiet,≤100
113356018705476,Rzeczpospolita,Rzeczpospolita,≤100
514735281965536,Demagog,Demagog,≤100
852871474902416,Tomasz Frączak,Tomasz Frączak,≤100
100744511467634,Burbonik,Lukasz Mariusz Kołtacki,≤100
806191119508758,Związek Zawodowy Pracowników Komunikacji Miejskiej w RP MOZ Wrocław,These ads ran without a disclaimer,≤100
100761801881011,Forum Miasteczek Polskich,Janusz Buzek,≤100
959387840744974,Bezpartyjni Samorządowcy,Ogólnopolska Federacja Bezpartyjni i Samorządowcy,≤100
698522113529153,ADAMED SmartUP,These ads ran without a disclaimer,≤100
74863922834,Krytyka Polityczna,Krytyka Polityczna,≤100
199739460042641,Zdrowie w stylu LUX MED,Zdrowie w stylu LUX MED,≤100
1086360811435644,More Bananas,Anna Daria Ledwoń-Blacha,≤100
107096355618744,Kongrespoloniimedycznej,Marek Rafał Ciesielski,≤100
280696342731,Ministerstwo Klimatu i Środowiska,Ministerstwo Klimatu i Środowiska,≤100
1771722023118604,Wydawnictwo Aktywa,Wydawnictwo Aktywa Sp. z o.o.,≤100
111236021136938,Fundacja Wolności Gospodarczej,Fundacja Wolności Gospodarczej,≤100
102556655851061,Michał Sopiński,Michał Sopiński,≤100
930978763646427,Stanisław Tyszka,Biuro Poselskie Posła na Sejm RP Stanisława Tyszki,≤100
173043619501435,"Pomorski Ośrodek Rehabilitacji Dzikich Zwierząt ""Ostoja""","Pomorski Ośrodek Rehabilitacji Dzikich Zwierząt ""Ostoja""",≤100
199401584696,Konfederacja Lewiatan,Konfederacja Lewiatan,≤100
130752780291804,Fundacja Geremka,"Fundacja ""Centrum im. prof. Bronisława Geremka""",≤100
1389403614657474,Wizjoner- Jarosław Krężel,Jarosław Kazimierz Krężel,≤100
292544137448732,Muzeum Tradycji Niepodległościowych w Łodzi,Muzeum Tradycji Niepodległościowych w Łodzi,≤100
1531160263787101,Fundacja HerStory,Fundacja HerStory,≤100
1418993884987404,BASF,BASF,≤100
100892278176279,PolPig,PolPig Krajowy Związek Pracodawców Producentów Trzody Chlewnej,≤100
116580465063718,Marcin Meller,Grupa Wydawnicza Foksal,≤100
101070361361998,FEGA,Hurtownia Elektryczna Fega,≤100
106552182752379,Fortum Polska,Fortum Power and Heat Polska Sp. z o.o.,≤100
426735034064813,Parlament Europejski - Biuro we Wrocławiu,Biuro Parlamentu Europejskiego we Wrocławiu,≤100
224827294233300,Żydowski Instytut Historyczny / Jewish Historical Institute,Żydowski Instytut Historyczny,≤100
150617698324166,Polska Fundacja im. Roberta Schumana,Polska Fundacja im. Roberta Schumana,≤100
1483938021891274,Piotr Soćko - Radny Rady Powiatu w Kętrzynie,Piotr Soćko,≤100
2152832788271473,Agnieszka Kurzawa - Radna Miasta Szczecin,Agnieszka Kurzawa,≤100
81885462442,Histmag.org,These ads ran without a disclaimer,≤100
67202672014,Fairtrade Polska,Fundacja „Koalicja Sprawiedliwego Handlu” Fairtrade Polska,≤100
1450927098465442,Kultura Równości,Kultura Równości,≤100
1599655186922126,Włącz oszczędzanie,Łukasz Tadeusz Pająk,≤100
1546454742302867,Krzysztof Paszyk,Krzysztof Paszyk Polskie Stronnictwo Ludowe,≤100
253522198074527,Kongres Obywatelski,Instytut Badań nad Gospodarką Rynkową,≤100
514735281965536,Demagog,Stowarzyszenie Demagog,≤100
175695919283485,Nestlé,These ads ran without a disclaimer,≤100
475003269590039,Radca prawny Tomasz Plasota,Aleksandra Adamczewska,≤100
388396651745077,Jestem z Pruszkowa,Konstanty Chodkowski,≤100
1045190652338409,Polska w lesie,Robert Sławomir Grzeszczyk,≤100
102455372642820,Intersnack Poland,These ads ran without a disclaimer,≤100
276474826293767,Olivia Garden,Paweł Galanty,≤100
100618788485365,Wojownicy Klawiatury,Fundacja Centrum im. prof. Bronisława Geremka,≤100
103049925845095,SUN for Ukraine,Damian Politański,≤100
106274574675288,Instytut Prawa Ustrojowego - Fundacja,Fundacja Instytut Prawa Ustrojowego,≤100
203675933025899,Ministerstwo Kultury i Dziedzictwa Narodowego,Ministerstwo Kultury i Dziedzictwa Narodowego,≤100
946445192119512,Krajowy Sztab Ratownictwa SKSR,Jerzy Płókarz,≤100
227469541059692,Rynek Lotniczy,Zespół Doradców Gospodarczych TOR,≤100
108243994205438,R&D Hub,R&D HUB Sp. z o. o.,≤100
112123064602862,Szczeliny,These ads ran without a disclaimer,≤100
942132265820280,Krzysztof Tuduj - Poseł na Sejm RP,Biuro Poselskie Posła Krzysztofa Tuduja,≤100
102370742369604,Kurier Powiatu Człuchowskiego,Michał Kowalski,≤100
100460351810525,Browar Mentzen,Browar Mentzen,≤100
185521642035581,Demokraci Ziemi Sanockiej,Marzena Ewa Dziurawiec,≤100
821489871370233,Rafał Romanowski - Poseł na Sejm RP,Romanowski Rafał,≤100
113408520503172,Chętnik Marek,Marek Chętnik,≤100
108274755500430,Kolektyw Aktywne Miasto,Stowarzyszenie Młodych Animatorów Kultury,≤100
362682677158537,Michał Kowalski,Michał Kowalski - materiał nie stanowi elementu kampanii wyborczej,≤100
405824882955092,Mazowieckie,Urząd Marszałkowski Województwa Mazowieckiego w Warszawie,≤100
330948814327976,Patryk Wicher,Patryk Wicher,≤100
167230820138744,Aon Poland Careers,These ads ran without a disclaimer,≤100
1443008045910865,Swarzędz News,Swarzędz News,≤100
106476565436217,Rafał Rybnik,Rafał Rybnik,≤100
84072659617,Dom Spotkań z Historią,Dom Spotkań z Historią,≤100
1333777953344990,Kamil Kłosowski - Radny Rady Miejskiej Gminy Krzeszowice,Kamil Karol Kłosowski,≤100
1129416883759355,KIPI,These ads ran without a disclaimer,≤100
362731483842344,Agro Trust - Skup i  #𝐖𝐢𝐚𝐝𝐨𝐦𝐨ś𝐜𝐢𝐙𝐛𝐨ż𝐨𝐰𝐞,Marcin Robert Witzling,≤100
151650414730,Med Polonia,Med Polonia Sp. z o. o.,≤100
10423517786,Harvard Business Review,These ads ran without a disclaimer,≤100
279656027220373,Macron Football,These ads ran without a disclaimer,≤100
136334103097967,MIPIM,These ads ran without a disclaimer,≤100
284537271679997,Euranet Plus Polskie Radio,These ads ran without a disclaimer,≤100
139666286225597,Euranet Plus - Official,These ads ran without a disclaimer,≤100