﻿Page ID,Page name,Disclaimer,Amount spent (ARS)
227513130941976,Ignacio Torres,Pro Chubut,17344
104230022197116,En línea Chubut,En Línea Chubut,11157
102436695787908,Chubut por el Cambio,Juntos por Chubut,9329
107919011974055,Hoy Sur,Hoy Sur,7502
102744535962182,Chubut Política,Chubut Política,6153
573018649750585,Ana Clara Romero,Ana Clara Romero,1732
101349631999937,Noticias para el Cambio,Noticias para el Cambio,1656
350084848936137,Sociedad Cooperativa Popular Limitada,Sociedad Cooperativa Popular Limitada,1626
109301321543745,Matías Taccetta,Pro Chubut,1311
100157321845684,Metadata Noticias,Matías Ezequiel Logiódice,981
241766066497583,Leandro Cavaco,Leandro Cavaco,923
1689208734631579,Gobierno de Jujuy,Gobierno De Jujuy,827
367089004808,Amnistía Internacional Argentina,Amnistía Internacional Argentina,667
819858528127384,Santiago Igon,Santiago Igon,636
20906273675,Greenpeace Argentina,Greenpeace Argentina,355
103178185938616,Gustavo Mac Karthy,Cesar Gustavo Mac Karthy,300
250846898301272,Chicos.net,Sofia Speca,276
111446498207466,Cerro 21 Noticias,Cerro 21,244
105237068485789,La Prensa Energética,La Prensa Energetica,223
628498977777284,El Continental,Periodico El Continental,211
101996084777901,Mariela Belski,Mariela Belski,189
174970176018,Horacio Rodríguez Larreta,PRO Ciudad de Buenos Aires,173
1488831318060288,Unión Europea en Argentina,Delegación de la Union Europea,169
110276628358382,El Autónomo,El Autónomo,159
259150698371428,Emanuel Coliñir,Emanuel Rene Coliñir,148
107631983989726,Argentina Federal,Argentina Federal,122
126410234048229,Fundación Pensar,Fundación Pensar Argentina,119
101594852755793,El Bonaerense,El Bonaerense,≤100
335926266503071,7D,7D,≤100
141991679847091,Taquion,Taquion,≤100
185922194792026,Myriam Bregman,Frente de Izquierda,≤100
796480967084066,Cele Fierro,MST Movimiento Socialista de los Trabajadores,≤100
61279025897,Gerardo Morales,Gerardo Morales,≤100
109287948479430,Diario 9️⃣,diario 9,≤100
191946537833,SAN LORENZO EL MAS GRANDE...,Siempre San Lorenzo,≤100
856012741442139,Ipas LAC,Neuma,≤100
104147274759706,Periodismo de Izquierda,Periodismo de Izquierda,≤100
304176325478,La Política Online,La Política Online,≤100
605540860101596,Diario Criollo,Diario Criollo,≤100
152734418136602,Claudio Lozano,Unidad Popular,≤100
452525851510103,Nicolás del Caño,Frente de Izquierda,≤100
544640985878621,Argentinos Online,Argentinos Online,≤100
125183747539071,Noticias Argentinas,Noticias Argentinas,≤100
699758330894365,Actualidad Argentina,Actualidad Argentina,≤100
105493327767840,Newsweek Argentina,Newsweek Argentina,≤100
145806262649419,Fer Miño,Patria de Todos,≤100
715609631934295,MuniDigital,MuniDigital,≤100
405968363074387,Marco Julio Puricelli,Ideas y Vision,≤100
378225769015907,Fundación Embajada Abierta,Fundación Embajada Abierta,≤100
103088924366000,Noticias d,Noticias d,≤100
193671924033178,El Argentino,El Argentino Diario,≤100
1187338514630380,El rincón de Cris,Elizabeth Belen Acevedo,≤100
459777610743664,Ariel Sujarchuk,Ariel Sujarchuk,≤100
459777610743664,Ariel Sujarchuk,HAY ALTERNATIVA PARA EL CAMBIO EN ESCOBAR - HACE,≤100
113384436026702,Caren Tepp,Ciudad Futura,≤100
100198331521581,Agencia Provincial de Noticias La Pampa,APN La Pampa,≤100
428179387610545,Agenda Malvinas,Marco Federico Correa,≤100
705172499580470,Gustavo Martinez,Gustavo Martinez,≤100
103553635446983,Plan B Misiones,Martin Boerr,≤100
106375415375890,Participar,Participación Parlamentaria,≤100
259700217384725,Le Monde diplomatique - Edición Cono Sur,Capital Intelectual S.A.,≤100
102570774863673,LOBBY,LOBBYEscuela,≤100
496728270512125,Nuevos Papeles,Nuevos Papeles,≤100
175844725888213,Alejandro Bodart,MST Movimiento Socialista de los Trabajadores,≤100
105858135153341,Agrupación Malvinas Argentinas C.O,These ads ran without a disclaimer,≤100
1465312150186084,Argentinos por la Educación,Argentinos por la Educación,≤100
103458005651550,La Adicional Salta,Marcela Florencia Perez,≤100
59772763998,Mauricio Ibarra,Eduardo Mauricio Ibarra,≤100
108182177200374,Rubén Dusso,Rubén Roberto Dusso,≤100
109447250584054,Data Gremial,Data Gremial,≤100
316538378371170,Chaco Gobierno de Todos,Chaco Gobierno de Todos,≤100
857382087671921,Maxi Abad,radicalesorg,≤100
101015068034700,Agustin Romero,Miguel Agustin Romero,≤100
498039410528579,Andrea Blandini,Andrea Margarita Blandini,≤100
1882512491990645,Augusto Navarrete,Augusto Elias Vladimir Navarrete,≤100
134557130216408,Jorge Jofré,Jorge Jofre,≤100
100513966017836,Noticias del Sur,Noticias del Sur,≤100
1144710688890787,Municipio de Tandil ADN,Municipio de Tandil ADN,≤100
103322152538185,La Verdad Noticias,La verdad noticias,≤100
413356852758756,Rodolfo Aguiar,Rodolfo Aguiar,≤100
886667964679142,Fabián Gramajo,Fabián Gramajo,≤100
101885831357268,Argentina sin hambre,Argentina sin hambre,≤100
364172717054411,Senador Jose Baucero,Jose Ramon Baucero,≤100
587405287971230,Mariano Cascallares,Partido Justicialista Almirante Brown,≤100
102126974997519,La República Porteña,Republica Porteña,≤100
1192374014146549,María Emilia Abdelnabe,Maria Emilia Abdelnabe,≤100
108890028130519,Nicolás Becerra Maidana - El Profe Nico,Nicolás Mauro Becerra Maidana,≤100
111492845540608,Fondo de Cultura Económica Argentina,Fondo de Cultura Económica Argentina,≤100
101001089479742,Cipriano Presidente San Lorenzo de Almagro,Cipriano Fernando Pommies,≤100
104754869652010,Antonio Bonfatti,Frente Progresista,≤100
498407047269224,Miguel Arias,Miguel Mateo Arias,≤100
1045742742140641,ENREDACCIÓN,Ruben Fabián Garcia,≤100
108110181635376,Andrés Castilla,Andres Castilla,≤100
177720598950247,La Ciudad Desnuda,Juan Esteban Scoufalos,≤100
215127935173119,Emanuel Gainza,Emanuel Gainza,≤100
587196794678992,Agustín Samaniego,Agustin Samaniego,≤100
1395474550528787,Opinorte,Opinorte,≤100
133937418577537,Utopia Urbana,Utopía Urbana,≤100
111637981320058,Productivismo - Política Argentina,Sergio Raul Samoilovich,≤100
433136076759972,Edhasa Argentina,Edhasa Argentina,≤100
156207138425916,El Copérnico,Brian Schumacher,≤100
178919202140944,Francisco Quintana,Francisco Quintana,≤100
1408542766063285,Carla Carrizo,Ana Carla Carrizo,≤100
106335465504631,Concordia Digital,Concordia Digital,≤100
187309835076743,NeuquénPost.com,Neuquen Post,≤100
452525954793687,Partido Socialista Mendoza,Arián Manuel Vaquer Volman,≤100
699853426735213,Gustavo Solis,Gustavo Solis Monico,≤100
558106334670581,Mauro Leiva,Leonardo Jesús Araya,≤100
108283531367514,Libres del Sur Lomas de Zamora,Javier Agustin Scioscia,≤100
105868508128629,60 segundos,60 Segundos,≤100
1744262295791445,Osjera,OSJERA,≤100
508042719277404,Fabricio Bolatti,FABRICIO BOLATTI,≤100
1405120706440456,Conclusión,Diario Conclusión,≤100
1173714745973643,Miguel Quintero,Enzo Joaquin Bernardi,≤100
108735120874242,Andrés Melis,Andres Melis,≤100
109064367346748,Javier Branca Concejal,Javier Eduardo Branca,≤100
348498375215969,Ricardo Buryaile,Jeremias Biglia,≤100
434557003334061,Municipalidad del Pilar,Municipalidad del Pilar,≤100
874088589419687,Sensación Derqui,Pilar quiere saber,≤100
1330549033627468,Juan Martín,Juan Carlos Martin,≤100
193671924033178,El Argentino,Estudio AMBA SRL,≤100
104373848008745,Dr Armando Felipe Cabrera,Armando Felipe Cabrera,≤100
101124492234921,Rodrigo Galván,Rodrigo Alberto Galvan Fernandez,≤100
100383352725236,Presentes,These ads ran without a disclaimer,≤100
673677419727300,Horacio Vermal,Ricardo Matias Mercado,≤100
1413352092227070,Leo Vildoza,Leonardo Emilio Vildoza,≤100
100272671672857,Carlos Cisneros,Carlos Cisneros,≤100
158714780827513,UNFPA,These ads ran without a disclaimer,≤100
208371683037269,NBCU Catalyst,These ads ran without a disclaimer,≤100
631615040811020,alfonsogenique,These ads ran without a disclaimer,≤100
120162743875,MPact,These ads ran without a disclaimer,≤100
226406520645,YSL Beauty,These ads ran without a disclaimer,≤100
106924857780633,Be Bloomers,These ads ran without a disclaimer,≤100
107269185188879,Novamont Iberia,These ads ran without a disclaimer,≤100