﻿Page ID,Page name,Disclaimer,Amount spent (USD)
124751345729116,Presidencia de la República Dominicana,Presidencia de la República Dominicana,214
123397997671209,Listín Diario,Alejandro Jose Madera Rodriguez,≤100
708959485865189,Elias Baez,Elias Baez De Los Santos,≤100
339085486274571,Alexis Victoria Yeb,Alexis Victoria Yeb,≤100
492966110748093,Su Mundo TV,Penelope Canario Herrera,≤100
102739112342896,masluis2024,Junior Bernavel Poche Mariñez,≤100
909697169178219,Miguel Saviñon - Alcalde de la Victoria 2024-2028,Angel Heredia Martínez,≤100
104350545286438,Plan Social,Plan Social,≤100
148306918572538,Héctor Rodríguez Pimentel,Héctor Rodríguez Pimentel,≤100
566472676731009,Elvys Duarte,Elvys Antonio Duarte Torres,≤100
101688437847211,Imagen Universal TV,Imagen Universal TV,≤100
102420875147733,Antonio Brito Rodriguez,Alison Marte Caminero,≤100
109463048555069,Jhovanny Leyba,Jhovanny Leyba,≤100
538759240407257,Raymond Javier Valdez,Raymond Javier,≤100
465691517186469,Noticias Nacionales RD,Angel Miguel Rivera Rijo,≤100
141689849216993,7diasrd,7diasrd,≤100
104160088751744,auracastro.biz,These ads ran without a disclaimer,≤100