﻿Page ID,Page name,Disclaimer,Amount spent (PHP)
100350202335117,Benhur Abalos,Supporters and Friends of Benhur Abalos,1370
386570178125149,Senator Win Gatchalian,Senator Win Gatchalian,118
110985836193,Loren Legarda,Clutch Media,≤100
265779500134955,SM Supermalls,SM Supermalls,≤100
555503991321280,Geraldine Roman,Sulong Pilipinas,≤100
242562552438872,DOST-STARBOOKS,DOST-STARBOOKS,≤100
105691871912480,Joel B. Tingbaoen Jr.,Joel B. Tingbaoen,≤100
113238417024056,Anna Mae Yu Lamentillo,Anna Mae Yu Lamentillo,≤100
112952897079549,Energy Development Corporation,Energy Development Corporation,≤100
495629064258114,Lolita Karen Javier,Amor U. Nacional,≤100
113192036820162,Prof. Soc Anthony del Rosario,We Care Incorporated,≤100
101382091400564,Atty. Tony Roman,Sulong Pilipinas,≤100
115419768085260,Lokal,Lokal,≤100
325780477966356,Geo 24/7,Energy Development Corporation,≤100
197727873578501,Senator Migz Zubiri,Senator Migz Zubiri,≤100
1380167115635985,LEDS Clothing,LEDS Clothing,≤100
107463358538636,planetGOLD Philippines,planetGOLD Philippines,≤100
378813345524368,Haier,Haier,≤100
1030706640379655,Pilipinas: Coal Free by 2030,Coal Free Philippines,≤100
774149009339209,The Climate Reality Project Philippines,The Climate Reality Project Philippines,≤100
150218985056317,Senator Koko Pimentel,Friends of Senator Koko Pimentel,≤100
1922749344643532,The World Tonight,The World Tonight,≤100
119546151399196,Teaching English Asia - British Council,These ads ran without a disclaimer,≤100
1332938170076882,Tatak QC,Polsure,≤100
111324628476603,REact PH: Choose Renewables,REact PH: Choose Renewables,≤100
585583411583810,ONE CAVITE,ONE CAVITE,≤100
284388901610603,Philippine Manila Times,Sartine,≤100
223618785182273,Pilipinas,WFPH,≤100
547821942058909,Pilipinas Today,WFPH,≤100
185986004827409,UNFPA Philippines,Brown Bag Communications,≤100
113178534485189,OFW Partylist,OFW Partylist,≤100
163550757135020,News5,News5,≤100
425103024214244,Bawas Bisyo,Sin Tax Coalition,≤100
269175894020945,Pilipinas Today,WFPH,≤100
186667502068528,Larry De Costa,WFPH,≤100
413934979205389,Aunell Ross,Aunell Ross,≤100
701517253228758,DOSTv,DOSTv,≤100
100136438865259,Ako Volunteer - BBM SARA,Volunteerism Initiative,≤100
784522714997609,Commission on Human Rights of the Philippines,Commission on Human Rights of the Philippines,≤100
1759941490758280,Jerry Treñas,Ma. Ruthmar Ignacio Gabileo,≤100
100599879598493,Ortigas Lifestyle Network,The Daily Dosage Booster,≤100
351879361521039,Cong. Nonoy Libanan,Cong. Nonoy Libanan,≤100
145265112840190,Kasama Ka Sa Pag-Unlad,Polsure,≤100
16665879500,AutoIndustriya.com,AutoIndustriya.com,≤100
1512452085732585,Stratbase ADR Institute,Stratbase ADR Institute,≤100
104291395914077,Nuclear Supporters PH,Nuclear Supporters PH,≤100
529901257160994,Paz Radaza,Klin Mar Mejo,≤100
522302631184659,Philippine Business for Environmental Stewardship,Philippine Business for Environmental Stewardship,≤100
1840292579606063,Jam Jam Baronda,Jam Jam Baronda,≤100
331150954999781,We Effect Philippines,We Effect Philippines,≤100
298753410968669,Pilipinas Today Club,WFPH,≤100
106333341351295,Bangon Dinagat Islands,Randy Gerbolingo Flor,≤100
1669303526443380,Trendsuertres Customized Promotional Items Baller Wrist Band Keychains etc.,Diomar Dizon Lagunero,≤100
339388553513534,Basta Batas,BiG SOUND fm,≤100
147975588597216,Stratbase,Stratbase,≤100
402094303169317,BWI Global Union,These ads ran without a disclaimer,≤100
454536418241945,MakeSense,MakeSense Asia,≤100
104988244674974,Mobility Awards,The Climate Reality Project Philippines,≤100
104123408073601,"Nikki Prieto-Teodoro, Philippine Special Envoy to Unicef",Maria Lourdes Acosta Gammad,≤100
320130741416822,Special Olympics Pilipinas,Special Olympics Pilipinas,≤100
247331620535579,Mike Defensor,The Mike Defensor Organization,≤100
480552092150213,Malayang Quezon City,The Message Booster Enterprise,≤100
553274791429324,SHANE Wedges,These ads ran without a disclaimer,≤100
101178932348592,Office of the Municipal Mayor - Atty. Philip A. Dacayo,Tyrone Joy Galasinao Dagdag,≤100
1834423440210624,"Bantay Konsyumer, Kalsada, Kuryente","Bantay Konsyumer, Kalsada, Kuryente",≤100
102280614938876,Bently Roxas,Bently Dadula Roxas,≤100
374004705980904,Philippine Business for Education,Philippine Business for Education,≤100
108077000845786,Right to Know Right Now Coalition,"Right to Know, Right Now! Coalition",≤100
114800534893965,Ligtas na Pilipinas,The Message Booster Enterprise,≤100
1058962734159503,"Gov. Rogelio ""Ruel"" D. Pacquiao - Sarangani Province",Chris Yurong Perpetua,≤100
838385792877738,Trending Pa-More,Trending Pa-More,≤100
1566478310240623,Francis Tolentino,Francis Tolentino,≤100
106750144853075,Western Visayas Peace Advocates,Jake Delos Reyes,≤100
102886345339673,Ben Patron,Ben Patron,≤100
537843086665379,City Inquirer,City Inquirer,≤100
407604493105131,"PBA: Politika, Basketbol, at Artista","PBA: Politika, Basketbol, at Artista",≤100
310007272346188,VIP Productions Carshow,These ads ran without a disclaimer,≤100
100305568984268,EdukNaman,Philippine Business for Education Inc.,≤100
100190445569985,Colen Navarro Ibasco,Maria Velia Flor Navarro Ibasco,≤100
358799977784803,Break Free From Plastic,Break Free From Plastic,≤100
100173486265813,Malayang Pilipinas,The Message Booster Enterprise,≤100
105969951219886,Sibika.ph,Philippine Business for Education Inc.,≤100
705660422953865,About Metro Pacific,WFPH,≤100
166107624078770,Camanava News,CAMANAVA News,≤100
100108226244136,PH 24 ORAS,The Message Booster Enterprise,≤100
110161908224079,Doktor On The Go,These ads ran without a disclaimer,≤100
109553961948069,Ang Magsasakang Pilipino,The Message Booster Enterprise,≤100
102436161148757,GuideM,These ads ran without a disclaimer,≤100
401812333925645,Malayang Quezon City,The Message Booster Enterprise,≤100
109515814905110,4Ps Party-list,4Ps Party-list,≤100
388689438381348,Mike Defensor,The Mike Defensor Organization,≤100
102907729290658,Pilipinas Kong Mahal,The Message Booster Enterprise,≤100
104246114777292,Mayor Marjorie “Joie” Perales,Mayor Marjorie “Joie” Perales,≤100
312768352778486,Atty. Gigi B. Aggabao CPA,Giorgidi Buza Aggabao,≤100
532990460082661,"Senator Ronald ""Bato"" Dela Rosa",Senate of the Philippines,≤100
102081865474762,Kiddie Learning Train,Philippine Business for Education Inc.,≤100
101329642785264,Alyansa,The Message Booster Enterprise,≤100
112225071738323,Salvacion Cempron Dai Lou,These ads ran without a disclaimer,≤100
608006729355847,Luisa Lloren Cuaresma,Benjamin Lloren Cuaresma Iii,≤100
332536503771530,Vice Governor Karen Agapay,Edgar Habana Ruado,≤100
104894502421974,PH Biz Forum,The Message Booster Enterprise,≤100
104851648660752,Manila Private Investigator,These ads ran without a disclaimer,≤100
556740038107174,Laneige Philippines,These ads ran without a disclaimer,≤100
107313601048842,Masid PH,Masid PH,≤100
107709755469083,Bayan ng Magigiting,The Message Booster Enterprise,≤100
366797844060990,Now You Know,Now You Know,≤100
2101088876594734,MBS- Senior Deputy Speaker DOY Leachon,Ronalee Escondo Leachon,≤100
597290923763320,Jayve Diaz- JECD,Jay Eveson Catolico Diaz,≤100
1452648134951782,Local Government Unit of Solano,Tyrone Joy Galasinao Dagdag,≤100
108644901632249,KIENT's - The Key To Success,Laica D. Jarandilla,≤100
109246084265823,Jay Manalo Ilagan,Chicklet Diaz,≤100
102217302142387,Pomer Construction Services and Trading,These ads ran without a disclaimer,≤100
368194657215717,Times Higher Education Connect,These ads ran without a disclaimer,≤100
100451612328765,Creative Society Philippines,These ads ran without a disclaimer,≤100
100986682076090,International women Parliament - IWP,These ads ran without a disclaimer,≤100
31292782350,Deutschland.de,These ads ran without a disclaimer,≤100
100949789187971,Liamson Cargo,These ads ran without a disclaimer,≤100
794677330577331,Wolsey Hall Oxford,These ads ran without a disclaimer,≤100
1612218808823081,Help.NGO USA,These ads ran without a disclaimer,≤100
112577210181912,xCalebJonesx,These ads ran without a disclaimer,≤100
108626965505621,House of HIGH Sports,These ads ran without a disclaimer,≤100
105737379138429,,These ads ran without a disclaimer,≤100