﻿Page ID,Page name,Disclaimer,Amount spent (VND)
107876140675732,Bằng cấp Chứng Chỉ Toàn Quốc - Hải Anh,These ads ran without a disclaimer,12261
103749562500024,Kiên Trần - Chuyên Bằng Cấp Chứng Chỉ,These ads ran without a disclaimer,6694
280124715749325,Sự Thật Về Pháp Luân Công,Sự Thật Về Pháp Luân Công,2761
1507429892822619,BOM Money,BOM Money,1306
118163025303922,Bệnh Viện Răng Hàm Mặt Sài Gòn,These ads ran without a disclaimer,≤100
919479674872321,Báo Nghệ An,These ads ran without a disclaimer,≤100
188890111132385,Oxford Academic (Oxford University Press),These ads ran without a disclaimer,≤100