﻿Page ID,Page name,Disclaimer,Amount spent (NGN)
270703490003847,Leo Ekene Oketa,Leo Ekene Oketa,2618
68793499001,UNICEF,UNICEF with Facebook Ad Credits,2153
54779960819,United Nations,United Nations with Facebook Ad Credits,919
124252504303223,UNICEF (FR),UNICEF avec des crédits publicitaires Facebook,445
105208365731340,F-SAO4Tinubu/Shettima2023,Emmanuel Oko,≤100
660685641036325,Sandeco Group,Vincent Southey Effiong,≤100
14312764639,Atiku Abubakar,The Atiku Campaign,≤100
241499009731835,Ifeanyichukwu Ibezi,Ifeanyichukwu Ibezi,≤100
154441408306502,NHRC Nigeria,National Human Rights Commission,≤100
1600094170320323,Enormous FACTS,Enormous FACTS Magazine by MediaMall,≤100
654180731859809,T-Police,T-Police,≤100
101633582008609,The Fidelinfo News,Fafoluyi Olayinka Micheal,≤100
1089641091059109,Hon. Kelechi Nwogu,Fabia Benibo,≤100
913242715449176,Prophet Ekong Ituen Ministries,Ekong Ituen,≤100
110151371700778,Bishop Dr. Sunday Ndukwo Onuoha,Bishop Dr. Sunday Ndukwo Onuoha,≤100
107241665289643,Nigeria 4 Peter Obi,Ajibola Adeboye,≤100
1598205703573433,Senator Uba Sani,Uba Sani Media,≤100
167878593236712,UNICEF en español,UNICEF con créditos publicitarios de Facebook,≤100
113312051377035,Professor Christopher Imumolen,Irene Christopher Imumolen,≤100
215863191948778,Frank Nweke Jr,Frank Nweke Ii,≤100
266906487061241,Y Monitor,The Future Project,≤100
119921809408007,Don King Media,Don King Media,≤100
110094407029443,Hyellagiziya Naiwa Fakuta,Hyellagiziya Naiwa Fakuta,≤100
105827948663647,Within Nigeria,WITHIN NIGERIA MEDIA LTD,≤100
119723736100630,Ala - Delight Publicity Services,Moses Oyinkuro,≤100
106271385452742,Frontline TV,Shaakaa Victor,≤100
103004258030272,Imoh Inyangette,Imoh Inyangette,≤100
100308829602375,TVC News Nigeria,These ads ran without a disclaimer,≤100
112349224687773,Kufre Ekpoh,Kufre Imo Ekpoh,≤100
107676437643727,Inuwa Media Vanguard,Inuwa Media Vanguard,≤100
108976588043083,AA ZAURA TV,Ayodeji Adeola Badru,≤100
1102698893087946,Pevron Technology,Collins Uwomano Otuwho,≤100
108385975416214,Hon Bala Usman Chamo Tv,Ayodeji Adeola Badru,≤100
1775483986011387,Ossai Ovie Success,These ads ran without a disclaimer,≤100
102193269367654,King Micheal,These ads ran without a disclaimer,≤100
100672059528708,Saifu Gantsa,These ads ran without a disclaimer,≤100
1746241522274014,Hajiya Maryam Mairo Aminu Waziri Tambuwal Online Forum,Amiru Adamu,≤100
104523875680736,NanaOfuji - YPP,NanaOfuji Campaign Organization,≤100
191066234648103,Shehu Musa Yar'Adua Foundation,Shehu Musa Yar'Adua Foundation,≤100
120346118099706,BrandPower,BrandPower,≤100
131189377574,MDPI,These ads ran without a disclaimer,≤100
106620807391911,Roche,These ads ran without a disclaimer,≤100
126460284139483,Nigerianeye,NigerianEye,≤100
101620952700531,Babandi Ibrahim,Babandi Gumel Ibrahim,≤100