﻿Page ID,Page name,Disclaimer,Amount spent (EUR)
101519168409673,Dimitar Kovacevski,Димитар Ковачевски,≤100
563620440357466,НВО Инфоцентар,NVO Infocentar,≤100
1006692742771753,Сашко Митовски - Градоначалник на Општина Крива Паланка,SDSM Kriva Palanka,≤100
324459714339171,Civil MK,Civil MK,≤100
100954761298205,frontline.mk,frontline.mk,≤100
829371753904952,Hristijan Mickoski,ВМРО-ДПМНЕ,≤100
400497373674524,СамоПрашај.мк,Institut za komunikaciski studii,≤100
255990845327431,Левица,Левица / E majta / Levica,≤100
148427235188637,СДСМ - Социјалдемократски сојуз на Македонија,СДСМ - Социјалдемократски сојуз на Македонија,≤100
149032011830930,Centar.mk,Centar.mk,≤100
219453054891896,Vesti +,Vestiplus.mk,≤100
1482737048633478,Институт за комуникациски студии ИКС / Institute of Communication Studies,Институт за комуникациски студии,≤100
191683947531941,medium.edu.mk,Институт за комуникациски студии,≤100