﻿Page ID,Page name,Disclaimer,Amount spent (TWD)
224451981016415,Mercedes-Benz Taiwan 台灣賓士,Mercedes-Benz Taiwan 台灣賓士,803
572641856277844,義竹鄉公所,義竹鄉公所,176
132727540081371,立法委員賴惠員,立法委員賴惠員,161
693907914395620,良杯製所 Oolab,良杯製所 Oolab,143
238507146264909,國際特赦組織 台灣分會 Amnesty International Taiwan,國際特赦組織 台灣分會 Amnesty International Taiwan,109
105556085524776,Twpca-台灣野良犬照護協會,Twpca-台灣野良犬照護協會,108
148475335184300,Greenpeace 綠色和平 (台灣網站),Greenpeace 綠色和平 (台灣網站),≤100
113021403762187,法律協會-債務協商 更生 清算 -全台服務,傢宇 吳,≤100
111334712256714,勇媽阿惠 - 黃敏惠,勇媽阿惠 - 黃敏惠,≤100
201785650801,亞洲大學(Asia University Taiwan),亞洲大學,≤100
467933563234921,南門書局-網路圖書名店、也有實體店面，誠信可靠！,玉河 孫,≤100
150336441057,民主進步黨,民主進步黨,≤100
106801464127093,目目非營利 MUVE NPO,目目非營利,≤100
246517878713911,劉家昌,勇勳沈,≤100
101046209392101,新事貸-新鑫特優經銷商,新事貸-新鑫特優經銷商,≤100
189061482332,張嘉郡,嘉郡張,≤100
109462390640602,企業勞動法務管理顧問-勞動契約、勞資爭議、勞務健檢、教育訓練、法律事務、法律風險控管,芸廷 林,≤100
289158417927469,大衛綠色科技，大衛太陽能,大衛綠色科技，大衛太陽能,≤100
177161918975981,基督教芥菜種會,基督教芥菜種會,≤100
174567875906128,Epson,台灣愛普生科技股份有限公司,≤100
124473380937123,勵馨基金會 The Garden of Hope Foundation,勵馨基金會 The Garden of Hope Foundation,≤100
102943834507641,立法委員 陳椒華,時代力量立委陳椒華,≤100
569626243213799,生鮮時書,生鮮時書,≤100
100714476220256,永續金融先行者聯盟,永續金融先行者聯盟,≤100
241284961029,udn.com 聯合新聞網,udn.com 聯合新聞網,≤100
1649151078446134,卓冠廷,冠廷卓,≤100
101355918337667,地天泰國際顧問有限公司,地天泰國際顧問有限公司,≤100
171759036215066,創世紀不動產教育訓練中心,Micky  Wu,≤100
211730475524462,大陸委員會,大陸委員會,≤100
347432368933987,LINE TODAY Taiwan,LINE TODAY Taiwan,≤100
335544036485779,經濟部,經濟部,≤100
218662974825481,王惠美,王惠美,≤100
108696572024879,民視佮你講（Bîn-sī kah lí kóng）,民視新聞,≤100
390569611008641,願景工程基金會 Vision Project,願景工程基金會,≤100
191690867518507,江啟臣,江啟臣,≤100
1659728604312270,台泥企業團,台泥,≤100
1436850183290438,One-Forty,One-Forty,≤100
1649523455281990,遠山呼喚,遠山呼喚,≤100
1452376615040708,遠雄集團,遠雄集團,≤100
108465872157182,亞細亞精準數據,亞細亞精準數據,≤100
449156429152075,永安國際理財中心,黃詩凭,≤100
1487218698275407,南門書局二店-網路特價書店-也有實體店面，價格親民，誠信可靠的老店。（師友文化）,玉河 孫,≤100
103141681121150,城市學,遠見雜誌,≤100
395664323833020,台北市議員 陳政忠,政忠 陳,≤100
235679595900,民視新聞,民視新聞,≤100
101718182459153,天秤座戰士,Companionship Digital,≤100
110699089014688,三立新聞,三立新聞,≤100
127628276929,天下雜誌,天下雜誌,≤100
226660410787355,民視體育新聞,民視新聞,≤100
276861822357066,高金素梅(吉娃斯．阿麗),智葟 陳,≤100
148513668543221,地球公民基金會,地球公民基金會,≤100
105957556179860,遠雄人壽Hold生活,遠雄人壽Hold生活,≤100
107162861090654,法律協會-前置協商  更生 清算  免費諮詢,Yaya Lin,≤100
105742975534267,吳明宜,吳明宜,≤100
286487218798,遠見雜誌,遠見雜誌,≤100
188358792124,聯經出版,聯經出版,≤100
105692292105892,黃士修,Shih-Hsiu Huang,≤100
239512030682497,第一手星聞,民視新聞,≤100
122825514432837,黃健豪-北屯漸好,健豪 黃,≤100
219315794887869,聯合報,聯合報股份有限公司,≤100
314757905313275,饒慶鈴,台東縣政府,≤100
791039751042770,好民文化行動,好民文化行動,≤100
791870507594526,利樂創新界,利樂創新界,≤100
110125264121324,自由路上藝術節,林冠億,≤100
110025324004870,知事官邸生活館,These ads ran without a disclaimer,≤100
119282744754924,台灣人權促進會 Taiwan Association for Human Rights,台灣人權促進會 Taiwan Association for Human Rights,≤100
1992951864115792,周柏吟,柏吟周,≤100
481065478629613,The News Lens 關鍵評論網,The News Lens 關鍵評論網,≤100
1466476516978500,花現彰化-彰化縣政府新聞處,佳欣 蔡,≤100
436843193180529,Unipapa,Unipapa,≤100
100425126055592,洪子超-彰化縣議員,洪子超,≤100
101383501930218,永康黃肇輝,黃肇輝,≤100
1645501069043806,科科性別,國立高雄師範大學,≤100
465616346853075,RE-THINK 重新思考,RE-THINK 重新思考,≤100
1166761730160400,微光盒子,微光盒子,≤100
227521757837659,金城更新 許燕輝,許燕輝,≤100
2290806454495023,Mangodan芒菓丹,澤嵐 林,≤100
100506478473780,公視主題之夜 SHOW,公視主題之夜SHOW,≤100
201107280815936,潔淨學-不咬手潔淨體貼,永勝 許,≤100
290769701616159,2020國際海報徵選,2020國際海報徵選,≤100
195094157238158,好立委 楊瓊瓔,宛儀林,≤100
151776788178402,TechOrange 科技報橘,流線傳媒股份有限公司,≤100
1621835121361449,陳超明-阿明哥粉絲團,超明 陳,≤100
107048263999185,百面科技顧問,述信蔡,≤100
128818803902,兩岸犇報,崇真 陳,≤100
673035569401167,育田基金會 Mercyland,財團法人育田社會福利慈善基金會,≤100
1705446959474387,長榮大學應用哲學系,殷資閔,≤100
100919304770294,開根好 SquareGood,妍孜 陳,≤100
121504021252255,台灣金融研訓院,台灣金融研訓院,≤100
112571907179969,玩霸教育,思揚 蘇,≤100
1751961571765479,CSR在天下,偉倫 高,≤100
796994720374176,鳴人堂,鳴人堂,≤100
199893756728360,Alibaba.com 阿里巴巴,These ads ran without a disclaimer,≤100
101149429431288,Rick Ramirez,These ads ran without a disclaimer,≤100
107469955156435,能工智人,These ads ran without a disclaimer,≤100