﻿Page ID,Page name,Disclaimer,Amount spent (JPY)
1904070096535109,スマート選挙,株式会社センキョ,339
475681929154100,国連UNHCR協会,国連UNHCR協会,≤100
208661552479830,日本財団,Shigeru Fujita,≤100
1615481598672156,Blueair Japan Official,These ads ran without a disclaimer,≤100
1899665293632534,チームラボ採用 / teamLab Recruit,These ads ran without a disclaimer,≤100
265075920177069,陸上自衛隊 Japan Ground Self-Defense Force,陸上自衛隊 Japan Ground Self-Defense Force,≤100
118453491185450,美脚ラボ,These ads ran without a disclaimer,≤100
239558679475625,株式会社トマス技術研究所,Kenji Fukutomi,≤100
104533215755145,ZOE_Japan,ZOE Japan,≤100
101620186107874,Jun Matsuzaki,These ads ran without a disclaimer,≤100
114058083333852,株式会社KADOKAWA,These ads ran without a disclaimer,≤100
115736368132854,Blue Sincere ブルーシンシア,These ads ran without a disclaimer,≤100
128981562240889,kyoko_1994,These ads ran without a disclaimer,≤100
102555301326003,Lazy wallet,These ads ran without a disclaimer,≤100
215247881980435,みずほ株式投資61,These ads ran without a disclaimer,≤100