﻿Page ID,Page name,Disclaimer,Amount spent (LBP)
101538412538521,شطرنج / مع محمد صابونجي,إياد خالد,12158
1428873024044736,المدن - almodon,المدن - almodon‎,11854
106197498149118,لبنان الكبير,Grand Lebanon,4559
212513695502997,Annahar Newspaper | جريدة النهار,Annahar Newspaper | جريدة النهار,4559
102023711572671,أساس ميديا -  Asas Media,asasmedia,4559
109112633772887,180post,180Post,1520
110470091436602,Ici Beyrouth,Ici beyrouth,1520
101241044906111,هنا لبنان,هنا لبنان,1520
105758000974645,TAQADDOM - تقدم,Taqaddom,1520
2319249898311729,National Bloc - الكتلة الوطنيّة,National Bloc - الكتلة الوطنيّة,≤100
103591279192672,شتات نيوز - Shatat News,These ads ran without a disclaimer,≤100
402052193189194,Siemens,These ads ran without a disclaimer,≤100
103537701560337,TvSeventeen,Walid Rizk,≤100
103064288692603,Le Courrier Du Cedre,Marwan Rashid,≤100
488000654896540,Kulluna Irada - كلنا إرادة,Kulluna Irada,≤100
1031517763602384,Municipality of Kartaba - بلدية قرطبا,Municipality of Kartaba - بلدية قرطبا,≤100