﻿Page ID,Page name,Disclaimer,Amount spent (VND)
1507429892822619,BOM Money,BOM Money,22576
111831663772285,BOMvn,BOMvn,4371
106476091689860,Bartra Wealth Advisors,Bartra Wealth Advisors,3790
102477522786617,Polo Fashion,These ads ran without a disclaimer,1671
100295861938595,"Dịch Vụ Làm Hộ Chiếu Nhanh, Làm Căn Cước Nhanh Tại Hà Nội",These ads ran without a disclaimer,1529
105062615490802,Thượng Tọa Thích Đức Thiện,Thượng Tọa Thích Đức Thiện,854
1539585902977558,Khóa Việt-Tiệp,These ads ran without a disclaimer,602
104640271243082,Bách Hóa Ăn Dặm,Bách Hóa Ăn Dặm,463
1875044309476342,世纪大学与学院 SEGi University & Colleges,These ads ran without a disclaimer,≤100
107996315091233,月旦港事,These ads ran without a disclaimer,≤100
108251684871703,Lemon8,These ads ran without a disclaimer,≤100