﻿Page ID,Page name,Disclaimer,Amount spent (CHF)
105527252338650,perspektiveschweiz.ch,IG Wirtschaftsverbände,≤100
169510248558,Die Mitte - Le Centre,Die Mitte,≤100
1125155474201566,Mcg Carouge,Sandro Pistis,≤100
103190662706168,NON à la Loi sur la Chasse.,Rolf Hugo Hilfiker,≤100
921336971288655,Nagra,Nagra,≤100
1092252917594218,Initiative pour les glaciers,Association suisse pour la protection du climat,≤100
103256206005473,avanti_ticino,These ads ran without a disclaimer,≤100