﻿Page ID,Page name,Disclaimer,Amount spent (CHF)
288659088239530,MCG Officiel,Mouvement Citoyens Genevois,236
110547838607111,NON IN 179,FER Genève - Fédération des Entreprises Romandes Genève,219
100381452863244,Libertés et Justice sociale,Libertés et Justice sociale,163
260591187302640,Parti socialiste genevois,Parti socialiste genevois,132
1492503634364441,Liste d'Union Populaire,Ensemble à Gauche-Genève,106
592045444309191,DIRECT NEWS by Michel Robadin,Michel François Robadin,≤100
108839758430779,Association des habitants du quartier de la Bourgogne,Association des habitants du quartier de Bourgogne,≤100
116890591678651,Vert'libéraux - Genève,Parti vert'libéral genevois,≤100
122819208305170,Sauvegarde Genève,Sauvegarde Genève,≤100
1673559236288902,Pro Senectute Genève,Pro Senectute Genève,≤100
105527252338650,perspektiveschweiz.ch,IG Wirtschaftsverbände,≤100
103550668590403,Mieux vivre sa vie,Mieux Vivre Sa Vie,≤100
238982909481105,Les Vert·e·s Genevois·es,Les Vert-e-s genevois-es,≤100
101664679500421,Uni·es par nos convictions · Engagé·es pour Genève,Uni·es par nos convictions · Engagé·es pour Genève,≤100
510352742440847,Coalition pour des multinationales responsables,Coalition pour des multinationales responsables,≤100
100513788093677,Les Vert-e-s Ville de Genève,Les Vert-e-s Ville de Genève,≤100
119392439892983,Sauvegarde Grand-Pré et Orangerie,Xavier Singy,≤100
169752569742293,Schweizerischer Gewerbeverband sgv,Schweizerischer Gewerbeverband sgv,≤100
1125155474201566,Mcg Carouge,Sandro Pistis,≤100
169510248558,Die Mitte - Le Centre,Die Mitte,≤100
154976914534194,Save the Children Schweiz/Suisse,Save the Children Schweiz,≤100
1100444546752110,Rémy Oudin,Rémy Oudin,≤100
100267076206781,Ensemble à Gauche solidaritéS-Parti du Travail-DAL,Ensemble à Gauche,≤100
103190662706168,NON à la Loi sur la Chasse.,Rolf Hugo Hilfiker,≤100
108625789179165,Soi Dog Foundation,These ads ran without a disclaimer,≤100
104321354402815,Non à la décharge de type A à Bellevue,These ads ran without a disclaimer,≤100
105890175750510,Luca Carbone  lucacarbone.ch,Luca Carbone,≤100
100732476262537,GLP Willisau,GLP Wahlkreis Willisau,≤100
103269145789541,Stop au blackout,Initiative populaire « De l’électricité pour tous en tout temps (Stop au blackout) »,≤100
111081131629685,Blackout stoppen,Volksinitiative «Jederzeit Strom für alle (Blackout stoppen)»,≤100
921336971288655,Nagra,Nagra,≤100
581045078625669,Sweettatt Balm,These ads ran without a disclaimer,≤100
1483343695307824,Campax,Campax,≤100
100980232576650,Muriel Langenberger,Muriel Langenberger,≤100
190133177759419,Giuseppe Cotti,Giuseppe Cotti,≤100
269029886456205,Giorgio Fonio,Giorgio Fonio,≤100
100116156110843,Stop al blackout,Iniziativa popolare «Energia elettrica in ogni tempo per tutti (Stop al blackout)»,≤100
112564955077010,News,These ads ran without a disclaimer,≤100
259871484198551,Thomas Matter,Thomas Matter,≤100
1004669426211864,Parti socialiste Prilly,Parti socialiste de Prilly,≤100
10150100771335484,24 heures,These ads ran without a disclaimer,≤100
102269201722239,TV Riviera 24,Tv Riviera 24,≤100
245475966266736,LEMBOR TRAVEL,These ads ran without a disclaimer,≤100
111190855227233,EU 24,These ads ran without a disclaimer,≤100
1210034445780962,Міжнародне радіо Китаю,These ads ran without a disclaimer,≤100
102890442252531,Executive Education & EMBA - NEOMA BS,These ads ran without a disclaimer,≤100
763722197034246,En Développement,These ads ran without a disclaimer,≤100
6115848166,Nature Portfolio,These ads ran without a disclaimer,≤100
111927464708110,strystry.shop,These ads ran without a disclaimer,≤100
113664791341291,Occasionalm,These ads ran without a disclaimer,≤100