﻿Page ID,Page name,Disclaimer,Amount spent (USD),Number of ads in Library
920398048101746,Roindefo Monja,Roindefo Monja,≤100,4
116862803029556,INDRI - Accélérer le changement visible à Madagascar,INDRI,≤100,1
1439281819620732,AAENA Madagascar,AAENA Madagascar,≤100,1
105173452392388,Celcom Sénat,Nicole Zafimaroson,≤100,1
468305160581483,Voices,These ads ran without a disclaimer,≤100,1
200480966638039,Supremacy 1914,These ads ran without a disclaimer,≤100,2
107774402707635,Wuhan University,These ads ran without a disclaimer,≤100,1
565225540184937,CGTN,These ads ran without a disclaimer,≤100,1
101683341941928,Vehivavy Andrin’ny Firenena,These ads ran without a disclaimer,≤100,1
427787940590188,Радио Китай,These ads ran without a disclaimer,≤100,1
195799657105195,SEGi University & Colleges,These ads ran without a disclaimer,≤100,1
108240971635234,Bettermanly - Magazine,These ads ran without a disclaimer,≤100,2
100374392742057,Weregreenly- Magazine,These ads ran without a disclaimer,≤100,3
188890111132385,Oxford Academic (Oxford University Press),These ads ran without a disclaimer,≤100,2
345840486219924,Energy China,These ads ran without a disclaimer,≤100,1
907478086066710,The Stephen 3 •Influencers•,These ads ran without a disclaimer,≤100,1
31292782350,Deutschland.de,These ads ran without a disclaimer,≤100,1
102270139151158,Social market economy,These ads ran without a disclaimer,≤100,1
164432246934163,Chopard,These ads ran without a disclaimer,≤100,2
102713519413562,Hmy-pineapple0208a,These ads ran without a disclaimer,≤100,2
110014871862485,Light03,These ads ran without a disclaimer,≤100,1
103154389401457,Ava-02,These ads ran without a disclaimer,≤100,2
112757083778788,"Economic Daily, China",These ads ran without a disclaimer,≤100,1
104831325728448,Diario del Pueblo,These ads ran without a disclaimer,≤100,1
112157008430521,Jo-81,These ads ran without a disclaimer,≤100,1
28312410177,World Food Programme,These ads ran without a disclaimer,≤100,1
107367052294027,Yu-58,These ads ran without a disclaimer,≤100,1
110463704610731,Cute Kiwi,These ads ran without a disclaimer,≤100,1
105376799116115,Jo-72,These ads ran without a disclaimer,≤100,1
109833552020158,Jox-14,These ads ran without a disclaimer,≤100,1
115255551512341,Mc01-25,These ads ran without a disclaimer,≤100,2
106717032159965,Maque05,These ads ran without a disclaimer,≤100,1