﻿Page ID,Page name,Disclaimer,Amount spent (VND)
110191145479586,Học Lập Trình Online Cùng MindX,These ads ran without a disclaimer,27430
105473397490741,Phạm Thị Nga,These ads ran without a disclaimer,13935
105845511087981,TRUYỀN HÌNH AN VIÊN,Truyền hình Bchannel - BTV9 An Viên,2954
100973116331828,Xe tải Hyundai - Mr Hiếu 0936273238,These ads ran without a disclaimer,2852
107780358895636,King Fucoidan & Agaricus Được Bộ Y Tế cấp phép,These ads ran without a disclaimer,2206
105062615490802,Thượng Tọa Thích Đức Thiện,Thượng Tọa Thích Đức Thiện,817
306708119852177,Hncmua.com,These ads ran without a disclaimer,768
108685817326606,Truther Piece Official,These ads ran without a disclaimer,152
107497901963061,Sách Hay Chọn Lọc,These ads ran without a disclaimer,118
140994872596251,Trường Quốc tế - Đại học Quốc gia Hà Nội,These ads ran without a disclaimer,≤100
103171849362646,Kinh Tế Tài Chính,These ads ran without a disclaimer,≤100
115336071476620,Định Hướng Tương Lai,These ads ran without a disclaimer,≤100
712294912284531,Trạm Đọc - Book Store,These ads ran without a disclaimer,≤100
122105497482408,An Phúc Phong Thuỷ,These ads ran without a disclaimer,≤100
102651149405450,Tủ Sách Đầu Tư 2023k,These ads ran without a disclaimer,≤100
114203975049983,Lương Y Phạm Văn Thanh-0795026778,These ads ran without a disclaimer,≤100
615040838898606,Angry Birds Dream Blast,These ads ran without a disclaimer,≤100