﻿Page ID,Page name,Disclaimer,Amount spent (USD)
190126634445277,Africa Defense Forum ADF Magazine,These ads ran without a disclaimer,≤100
169799706487474,CGTN Français,These ads ran without a disclaimer,≤100
985246578276059,هشام صفر Hichem Sifer,هشام صفر Hichem Sifer,≤100
103624625986258,Mohamed Bouhamidi,These ads ran without a disclaimer,≤100
111679394767549,المشروع القومي لمشتقات البلازما,These ads ran without a disclaimer,≤100
115809548198287,دُعَآء۫,These ads ran without a disclaimer,≤100
526079487415848,XCMG Group,These ads ran without a disclaimer,≤100
101196929636904,كن واعياً,These ads ran without a disclaimer,≤100
102359362865317,Rose Des Îles,These ads ran without a disclaimer,≤100
101148586339578,Fustat Al-Quran فسطاط القرآن,These ads ran without a disclaimer,≤100
274017972795375,Algerie 24,aljazair24,≤100
105350892275488,Mannai Travel Qatar,These ads ran without a disclaimer,≤100
104140320927199,قناة الإنتصار TV,قناة الإنتصار TV,≤100