﻿Page ID,Page name,Disclaimer,Amount spent (PEN)
317113615022843,César Acuña,Cesar Acuña Peralta,≤100
1897126257190528,Instituto Latinoamericano de Capacitaciones Jurídicas-ILCJ,ILCJ,≤100
335551357288,Flor de Maria Hurtado Valdez,Flor De Maria Hurtado Valdez,≤100
101053675911037,Fabri & Asociados Consultoría Política y de Mercadeo,Whilber Eugenio Huallanca Conde,≤100
523337141056621,CONFIEP,CONFIEP,≤100
1629211737145398,Dr. José Carlos Ordoñez,Jose Carlos Ordoñez Castro,≤100
534284396949027,Ilich López,Renzo Jireh Casas Torres,≤100
849353801773823,Renzo Yupanqui Garcia Pàgina Oficial,Renzo Stalin Yupanqui Garcia,≤100
451254111731441,FETRIMAP - CGTP,Julian Alfaro Vera,≤100
173144229408518,RENIECPERU,RENIECPERU,≤100
462790453744032,Sutep,Sindicato Unitario de Trabajadores en la Educación del Perú - SUTEP,≤100
1087427024663496,Omar Merino López,Merino Lopex Omar,≤100
100621382815112,Fernando Huerta Miranda por Palpa,Fernando Huerta Miranda,≤100
113857973395461,Luis Angel Aragón - Congresista de la República,Diego Alonzo Alvarez Guevara,≤100
104723341438240,EnRumbo Noticias,EnRumbo Noticias,≤100
196140697656186,Len Corell,Ricardo Felix Coral,≤100
121759302958701,René Chávez - El Médico del Pueblo,Somos Perú Loreto,≤100
644619142352278,Volvo Construction Equipment Hispanoamérica,These ads ran without a disclaimer,≤100
115895401463440,Entretenimiento,These ads ran without a disclaimer,≤100
100871853005722,Midi Packs,These ads ran without a disclaimer,≤100
235551359867840,CooperAcción,CooperAcción,≤100
103858515430316,Reforma Tributaria Perú,CooperAcción,≤100
495706950531442,Pepe Feria,Pepe Feria,≤100
142062936237878,Goberna,Goberna,≤100