﻿Page ID,Page name,Disclaimer,Amount spent (THB)
101752965608250,โยธิน พงษ์อ้อ Yothin Pong-or,These ads ran without a disclaimer,135
546416699215073,ห้องสื่อครูคอม,ห้องสื่อครูคอม,≤100
109554115470973,ซงเล Station,These ads ran without a disclaimer,≤100
108515294626891,สอบข้าราชการท้องถิ่น By Thurakan,สอบข้าราชการท้องถิ่น By Thurakan,≤100
115922723434700,ครูเจพีสรุปย่อ for Teacher,ครูเจพีสรุปย่อ for Teacher,≤100
116002444757541,Diamond international visa& travel chiangmai,These ads ran without a disclaimer,≤100
418729291509368,สถาบันปรีดี พนมยงค์ Pridi Banomyong Institute,สถาบันปรีดี พนมยงค์ Pridi Banomyong Institute,≤100
1105604039583762,Line One สว.นท. ขอเชิญส่งประวัติ ส่วนตัว องค์กร เพื่อเข้ารับรางวัลประจำปี,Line One สว.นท. ขอเชิญส่งประวัติ ส่วนตัว องค์กร เพื่อเข้ารับรางวัลประจำปี,≤100
110325275488,efinanceThai,efinanceThai,≤100
104414891596686,Studio Photo Story,These ads ran without a disclaimer,≤100
622674297897819,Screenshirt2020,Screenshirt2020,≤100
100555633049332,จุดฟามเสื้อ by. Twenty2,These ads ran without a disclaimer,≤100
190923294988741,สอบครูผู้ช่วยนะ,สอบครูผู้ช่วยนะ,≤100
108237458078122,OSNS T-Shirt,OSNS T-Shirt,≤100
104393812499502,ชีทสรุปกฎหมาย สำหรับสอบราชการ พนักงานราชการ by.kantap,ชีทสรุปกฎหมาย สำหรับสอบราชการ พนักงานราชการ by.kantap,≤100
107273044336809,Jl_vintage,These ads ran without a disclaimer,≤100
105583991831514,Social Study Story,These ads ran without a disclaimer,≤100
107612328588715,The Voters,The Voters,≤100
105546651850693,วีรนันท์ ฮวดศรี-Weeranan Huadsri-ทนายป๊อก,วีรนันท์ ฮวดศรี-Weeranan Huadsri-ทนายป๊อก,≤100
572592940087101,คณพลคนกันเอง,คณพลคนกันเอง,≤100
1403454279982971,Thairath Sport - ไทยรัฐสปอร์ต,These ads ran without a disclaimer,≤100
101903785231136,นายกไก่กังวาล ศักดิ์ชัย พิศาลผล,นายกไก่กังวาล ศักดิ์ชัย พิศาลผล,≤100
102000355765413,ธันย์ชนน ศรีอัษฎาวุธกุล - Thanchanon Sriusadawutkul,ธันย์ชนน ศรีอัษฎาวุธกุล - Thanchanon Sriusadawutkul,≤100
100771725640770,พุทธกัลยา,These ads ran without a disclaimer,≤100
111341764925564,สำนักสนับสนุนการพัฒนาระบบสุขภาพ - สำนัก 7 สสส.,สำนักสนับสนุนการพัฒนาระบบสุขภาพ - สำนัก 7 สสส.,≤100
100188792560525,เฟอร์นิเจอร์ตกแต่งบ้านราคาถูก,These ads ran without a disclaimer,≤100
108989028895205,อยากซื้อของพรรคก้าวไกล,These ads ran without a disclaimer,≤100
333794970138725,Gen.Bunchon - บัญชร ชวาลศิลป์,Gen.Bunchon - บัญชร ชวาลศิลป์,≤100
111726170297355,เอ๋ พระใหม่บางเขน,These ads ran without a disclaimer,≤100
1680848135508543,"ปลาร้าสับ""บ้านผู้พัน""",These ads ran without a disclaimer,≤100
102455792373026,ทนายฐิติญา เนย,These ads ran without a disclaimer,≤100
160698524545308,Marriott Bonvoy,These ads ran without a disclaimer,≤100
102293892926702,ကိုမျိုမင်း,These ads ran without a disclaimer,≤100
174738095989909,Pichai Naripthaphan,These ads ran without a disclaimer,≤100