﻿Page ID,Page name,Disclaimer,Amount spent (USD)
1867615493511193,Дамира Ниязалиева,Дамира Ниязалиева,≤100
117862454526695,Салам Кыргызстан Кыргызча,Салам Кыргызстан Кыргызча,≤100
172800432762053,Vesti.kg,Vesti.kg,≤100
107876058176442,Тентек Кыз,Tazakoom,≤100
286567065531442,Arstanbek  Momukulov - лидер Тяньши,These ads ran without a disclaimer,≤100
110981394562622,Жылдыздуу саясат,Jyldyzsayasat,≤100
144776752025,Голос Америки,These ads ran without a disclaimer,≤100