﻿Page ID,Page name,Disclaimer,Amount spent (USD)
307323366135,Alhurra قناة الحرة,These ads ran without a disclaimer,≤100
995765983772115,Dzair Tube,Dzair Tube,≤100
533974930053676,سارة السهيل  صفحة,These ads ran without a disclaimer,≤100
207716982590230,Cipla,These ads ran without a disclaimer,≤100
112780358374284,Mode Milane Miller Inc.,These ads ran without a disclaimer,≤100
285530825204,Klitschko,These ads ran without a disclaimer,≤100
104140320927199,قناة النصر TV,قناة النصر TV,≤100
446295892120473,Cosveticschool by Svetlana Smolyansky,These ads ran without a disclaimer,≤100