﻿Page ID,Page name,Disclaimer,Amount spent (USD)
338109312883186,China Xinhua News,These ads ran without a disclaimer,≤100
423670114403144,Trending in China,These ads ran without a disclaimer,≤100
104140320927199,قناة الإنتصار TV,قناة الإنتصار TV,≤100
17043549797,MIT Technology Review,These ads ran without a disclaimer,≤100
106386158767588,DOPE Quick Reads,These ads ran without a disclaimer,≤100
995765983772115,Dzair Tube,Dzair Tube,≤100
101105049294796,CNN Business Arabic الاقتصادية CNN,These ads ran without a disclaimer,≤100
211454462257570,International Hockey Federation (FIH),These ads ran without a disclaimer,≤100