﻿Page ID,Page name,Disclaimer,Amount spent (NGN)
2010410822318073,Tvcnewsng,Tvcnewsng,1322
104414292240586,H.E. USMAN Mamman Durkwa,H.E. USMAN Mamman Durkwa,482
163415157011050,Elevation NG,The Elevation Church,115
1509451939279618,Hon. Iduma Igariwey Enwo,Hon. Iduma Igariwey Enwo,≤100
128728490537179,Asuquo Ekpenyong,Asuquo Ekpenyong,≤100
105532859237986,Youth Be Involved,Youth Be Involved,≤100
103937487661032,Readytoleadafrica,These ads ran without a disclaimer,≤100
100202924924063,Page 36,Page 36,≤100
660685641036325,Sandeco Group,Sandeco Group,≤100
112015191108359,Inside Port Harcourt,Inside Port Harcourt,≤100
108217010644446,Oku Ozieoghene Victory,Oku Ozieoghene Victory,≤100
103018869332378,BantuPage,BantuPage,≤100
108824642241111,Nura Grafix,These ads ran without a disclaimer,≤100
108532395066259,Amb Abdullateef Olalekan,These ads ran without a disclaimer,≤100
103004258030272,Imoh Inyangette,Imoh Inyangette,≤100
119723736100630,Ala - Delight Publicity Services,Ala - Delight Publicity Services,≤100
102169824695398,Rero TV,Rero TV,≤100
105308455913617,Arab Emirates family,These ads ran without a disclaimer,≤100
627453777670798,Summer Camp Nigeria,These ads ran without a disclaimer,≤100
103194666001136,Great Mallam zaiki,These ads ran without a disclaimer,≤100
101174669207027,H.E Amb Dr. Johnny Metchie,H.E Amb Dr. Johnny Metchie,≤100
104238252286926,Nwankwo Promise Chibuzo,Nwankwo Promise Chibuzo,≤100
111180371693748,Rt.Hon Peter Odey - Cross River State Deputy Governor,Rt.Hon Peter Odey - Cross River State Deputy Governor,≤100
103123829478029,Engr Leeds,These ads ran without a disclaimer,≤100
113972051620458,Akobo hub,These ads ran without a disclaimer,≤100
111810962838210,WAFFI TV,WAFFI TV,≤100
103895418782458,Checkmate Trends,These ads ran without a disclaimer,≤100
105580098826545,Fr. Hyacinth Iormem Alia,Fr. Hyacinth Iormem Alia,≤100
297904423657616,The ICIR,The ICIR,≤100
2092924957605425,Solis,These ads ran without a disclaimer,≤100
258237094650339,Voice Of More,Voice Of More,≤100
111679394767549,المشروع القومي لمشتقات البلازما,These ads ran without a disclaimer,≤100
322865159833,RCD Espanyol de Barcelona,These ads ran without a disclaimer,≤100
107390872334339,interrogating_leprechauns,These ads ran without a disclaimer,≤100