﻿Page ID,Page name,Disclaimer,Amount spent (USD),Number of ads in Library
105501525214110,NFL Africa,These ads ran without a disclaimer,≤100,1
1881543645439590,Tech It Out with Yang Zhao,These ads ran without a disclaimer,≤100,3
113940237050170,CCECC Nigeria,These ads ran without a disclaimer,≤100,1
111703251656850,un_visible_world,These ads ran without a disclaimer,≤100,1
31292782350,Deutschland.de,These ads ran without a disclaimer,≤100,1
100466846248633,AI Mage,These ads ran without a disclaimer,≤100,2
105278319070638,1111_tdd,These ads ran without a disclaimer,≤100,1
108152408805088,Network booster0,These ads ran without a disclaimer,≤100,1
106803408804138,House Of Fun,These ads ran without a disclaimer,≤100,1
106614185452993,Ascending Africa,These ads ran without a disclaimer,≤100,1
193159954041877,New Narratives,These ads ran without a disclaimer,≤100,1
204740833658478,Exness careers,These ads ran without a disclaimer,≤100,1
107143005565062,Stip_04,These ads ran without a disclaimer,≤100,1