﻿Page ID,Page name,Disclaimer,Amount spent (EUR)
69215616760,SDP i Građani - Svim srcem za Cetinje,Socijaldemokratska partija Crne Gore - SDP,≤100
102730115711909,Pokret Evropa sad,Pokret Evropa sad,≤100
236694586475080,Standard,Standard,≤100
730136330426990,Bošnjačka stranka,Bošnjačka stranka,≤100
819639921464707,Socijaldemokrate Crne Gore,Socijaldemokrate Crne Gore,≤100
252814308920994,Digital Forensic Center - DFC,Digital Forensic Center,≤100
100919256271184,Андрија Мандић - Andrija Mandić,Нова српска демократија,≤100
970400053026143,Нова српска демократија,Нова српска демократија,≤100
2272866126088229,Raskrinkavanje.me,Raskrinkavanje.me,≤100
195320253848601,Liberalna partija Crne Gore - LPCG,Liberalna partija Crne Gore - LPCG,≤100
274469272593718,Gradjanska alijansa,Gradjanska alijansa,≤100
288365921199771,Atlantic Council of Montenegro,These ads ran without a disclaimer,≤100
849168121871060,Принцип,These ads ran without a disclaimer,≤100
239643615113,Institute for Economic Studies - Europe,These ads ran without a disclaimer,≤100
108625789179165,Soi Dog Foundation,These ads ran without a disclaimer,≤100