﻿Page ID,Page name,Disclaimer,Amount spent (USD)
273611356517486,Stamss,Sindicato de Trabajadores de la Alcaldía Municipal de San Salvador,≤100
116335024768924,RC Servidor Público,RC Servidor Público,≤100
555664734619459,Movimiento Social Comunitario,Movimiento Social Comunitario,≤100
101057995545186,Javier Flores,Javier Flores,≤100
1183705485108092,Rolando Castro SV,Rolando Castro SV,≤100
111086057094057,Héctor Silva H.,Héctor Silva H.,≤100
2217575741814791,Astram,Asociación Salvadoreña de Trabajadores Municipales,≤100
103419001460310,Sitramsat Sindicato Santa Tecla,Sitramsat Sindicato Santa Tecla,≤100
106997224393822,Lisseth Arias,Lisseth Arias,≤100
103950101960447,Supacd,Supacd,≤100
114337334905543,cacioepepe.sv,These ads ran without a disclaimer,≤100
196032434645367,Diario Digital Cronio,Diario Digital Cronio,≤100
104572716019888,Lalo Rodríguez Oficial,These ads ran without a disclaimer,≤100
822390441203845,TMF Group,These ads ran without a disclaimer,≤100
534841179888785,Rosalind Franklin's Lessons,These ads ran without a disclaimer,≤100