﻿Page ID,Page name,Disclaimer,Amount spent (BRL)
104625758942119,Siga Antenado,Siga Antenado,621
1894520370802455,Governo do Brasil,Secretaria Especial de Comunicação Social -Governo do Brasil,466
278887206056242,Deputado Coronel Chrisóstomo,Deputado Coronel Chrisóstomo,133
136984123032921,Mercedes-Benz Brasil,Mercedes-Benz Brasil,115
425350744240843,Comitê Internacional da Cruz Vermelha,Comitê Internacional da Cruz Vermelha,≤100
695358380551267,Deputado Thiago Flores,Deputado Thiago Flores,≤100
390501545079417,Silvia Cristina,Deputada Silvia Cristina,≤100
301774903545521,Brasil Paralelo,Brasil Paralelo,≤100
159103797542,Greenpeace Brasil,Greenpeace Brasil,≤100
112830251033781,Tiger,GRUPO HEINEKEN,≤100
191946971536216,Ismael Crispin,Deputado Estadual Ismael Crispin,≤100
465235726843103,Ambev,Ambev,≤100
511088952358805,Vereadora Márcia Socorristas Animais,Marcia Helena Martins Henrique,≤100
191350447601059,Jornal Rondônia Dinâmica,Jornal Eletrônico Rondônia Dinâmica,≤100
333720355130,Petrobras,Petrobras,≤100
198849783539777,Buscofem,Buscofem,≤100
358687161234,Proteção Animal Mundial,Sociedade Mundial de Proteção Animal - WSPA BRASIL,≤100
140761379298838,Volvo Car Brasil,These ads ran without a disclaimer,≤100
708474889340611,Amorim Ernandes,Amorim Ernandes,≤100
425215080864180,Pfizer Brasil,Pfizer,≤100
454077951416589,Banco da Amazônia,Banco da Amazônia,≤100
323052724744011,Samer Agi,These ads ran without a disclaimer,≤100
224021551012451,Gerando Falcões,Gerando Falcões,≤100
611089352393703,Rosangela Donadon - Deputada Estadual,Rosangela Henrique Pereira Donadon,≤100
165175370206522,Citi Brasil,Citi Brasil,≤100
115931765148387,Assembleia Legislativa de Minas Gerais,Assembleia Legislativa Do Estado De Minas Gerais,≤100
163893463708223,Marcelo Vitorino,Vitorino & Mendonça,≤100
1745314689088377,Delegado Rodrigo Camargo,Delegado Rodrigo Camargo,≤100
101230328792183,Portal Concursos & OAB,PORTAL CURSOS PREPARATORIOS E OAB LTDA,≤100
102856342511936,ICL Notícias,Instituto Conhecimento Liberta,≤100
110972683845381,Conta Bemol,Bemol Serviços Financeiros,≤100
330379553673497,Oxfam Brasil,Oxfam Brasil,≤100
241839765912021,Estratégia Concursos,ESTRATÉGIA CONCURSOS SA,≤100
115230991849922,O Globo,Editora Globo,≤100
367468876929300,Instituto Avon,AVON COSMETICOS LTDA,≤100
185875761943,MDB Nacional,MOVIMENTO DEMOCRÁTICO BRASILEIRO,≤100
104738421003389,InvestNews BR,Nubank,≤100
224777780881144,Visão Mundial,Visão Mundial,≤100
218908215124901,"Coalizão Brasil Clima, Florestas e Agricultura",Coalizão Brasil Clima Florestas e Agricultura,≤100
196791070788913,Robson Zanetti Advogado,Robson Zanetti,≤100
1686950021551901,Meio,Canal Meio S.A.,≤100
175072079887754,Sindicatos Online,Sindicatos Online - SON,≤100
111006700550820,Cenarium Amazônia,CENARIUM AGENCIA DE NOTICIAS EIRELI,≤100
410655005626777,Deputado Federal Lincoln Portela,Lincoln Portela,≤100
541089776080092,Sanofi Brasil,Thaina Souza De Campos,≤100
101189854802059,Revista Oeste,Revista Oeste,≤100
1703010579956133,Eleições 2024 - Cursos Online,Curso Eleitoral,≤100
258088921369,TOTVS,TOTVS,≤100
204471080068623,Estratégia Saúde,Estratégia Concursos,≤100
1746222495610114,Prof. Karine Waldrich,Karine Waldrich,≤100
193719533998484,Fundação Fernando Henrique Cardoso,Fundação FHC,≤100
105821366170914,PT - Partido dos Trabalhadores,Partido dos Trabalhadores,≤100
105520569004820,Absolar Comunica,Associação Brasileira de Energia Solar Fotovoltaica,≤100
163893463708223,Marcelo Vitorino,IDP,≤100
113243828386800,Hub Confirma,These ads ran without a disclaimer,≤100
109770755848061,Suzano,Suzano SA,≤100
107809564197704,Cetur - Conselho Empresarial de Turismo da CNC,"CONFEDERACAO NACIONAL DO COMERCIO DE BENS, SERVICOS E TURISMO - CNC",≤100
1124473760957316,FS Fueling Sustainability,FS Fueling Sustainability,≤100
110225312350543,Nova Escola,Associação Nova Escola,≤100
112021296931600,Mônica Lopes,IBPOM,≤100
190833037616321,Jornal Extra,Jornal Extra,≤100
917552391690625,Valteir Queiroz,Valteir Geraldo Gomes De Queiroz,≤100
100553136170825,Fena Saude,Fena Saude,≤100
1931965243746616,Professora Rita Gonçalves,Inovart Cursos e Treinamentos,≤100
1498647100170828,Prefeitos do Futuro,Prefeitos do Futuro Cursos e Treinamentos LTDA,≤100
170238043113891,Professor Rômulo Passos,Romulo Silva Passos,≤100
111326818564734,Projeto Opaoma,Camila Capel,≤100
222463571140948,Multiplan,These ads ran without a disclaimer,≤100
1767220630177139,Animal Equality Brasil,Animal Equality Brasil,≤100
200145534070790,FEBRABAN - Federação Brasileira de Bancos,Febraban,≤100
100475615641105,PHVox,PHVox LTDA,≤100
173480706086444,The Nature Conservancy Brasil,The Nature Conservancy Brasil,≤100
7970426802,WWF-Brasil,WWF-Brasil,≤100
106063862426200,nelsoncanedoadvogado,Nelson Canedo Motta,≤100
109106954344804,EJA Brasil EAD,These ads ran without a disclaimer,≤100
266080903460734,Rosane Felix,ROSANE FELIX DO NASCIMENTO MALTA,≤100
108649982133254,Editora Sobredireito,These ads ran without a disclaimer,≤100
962615323779536,Progressistas,Progressistas,≤100
69488070826,Fundação Abrinq,Fundação Abrinq,≤100
226121024066240,WRI Brasil,WRI Brasil,≤100
252086658173120,Movimento Mulher 360,Movimento Mulher 360,≤100
108147365877214,Canal Futura,Fundação Roberto Marinho,≤100
768096813338330,Sérgio Tobias,Sérgio Tobias,≤100
107323178868695,LMI - Law Masters Institute,These ads ran without a disclaimer,≤100
101933305564897,Promic,Riole,≤100
386384768194437,Agenda em Foco,Agenda em Foco,≤100
102313499063318,Serenas,Associação Serenas,≤100
180288108842781,Vereador Vander Luiz,Vander Luiz,≤100
114118460320671,Renan P. Gonçalves,Renan Goncalves,≤100
102105385178631,Prefeitura de Quirinópolis,Prefeitura de Quirinópolis,≤100
100182705963579,José Sousa,Jose Silva,≤100
111186368956008,Academia Brasileira de Direito Constitucional,ABDConst,≤100
115172553721431,Perfil Brasil,Grupo Perfil,≤100
171342419582453,"CNC - Confederação Nacional do Comércio de Bens, Serviços e Turismo","CONFEDERACAO NACIONAL DO COMERCIO DE BENS, SERVICOS E TURISMO - CNC",≤100
152338908863109,William Dornela,William Dornela,≤100
132804480113814,PwC Brasil,Pedro Martins,≤100
371991919906531,Rodolfo Hessel Fanganiello,Rodolfo Fanganiello,≤100
187970114581051,Anistia Internacional Brasil,Anistia Internacional Brasil,≤100
110552424558175,Centro de Vestibulares,These ads ran without a disclaimer,≤100
2544666325578449,Eleja.se,Eleja.se,≤100
114545680471703,Pedro Quintanilha - Mentalidade Empreendedora,Eduardo Lima Ferreira,≤100
2323904661180742,All Out Brasil,All Out,≤100
998620913587874,TC,TC TRADERS CLUB SA,≤100
291969064306588,Método de Aprovação,These ads ran without a disclaimer,≤100
149518311835447,Renata Bueno,Renata Bueno,≤100
104267705031711,Fernando Conrado - Corações e Almas,Fernando Conrado,≤100
363140553718136,Epoch Times Brasil,EPOCH TIMES BRASIL LTDA,≤100
159103797542,Greenpeace Brasil,These ads ran without a disclaimer,≤100
116800608011696,Compol Brasil,FEPESE - Fundação de Estudos e Pesquisas Socioeconômicos,≤100
290789094362628,Beto Cambará - Egberto Lazari,Egberto Celeste Lazari,≤100
107926134331509,Hemerson Máximo,Hemerson Máximo,≤100
114200958316149,napoleonhill_oficialbr,These ads ran without a disclaimer,≤100
537416743066637,Professor Raphael Reis,These ads ran without a disclaimer,≤100
1871169036443602,Dr. Daniel Vasconcelos,Daniel Amaral De Vasconcelos,≤100
101687831462814,"Rodrigo Andrade, A Real Mudança",Rodrigo Andrade,≤100
113197840331191,Comunikey - Agência de Marketing e Publicidade,Iveson Gabriel Basileu De Oliveira Lima,≤100
924601577651630,Dep. Adriano do Baldy,Adriano Antonio Avelar,≤100
145608108896911,Frente Parlamentar da Agropecuária - FPA,Instituto Pensar Agropecuária,≤100
263199020531986,JOTA,JOTA,≤100
1754459134825749,BMA - Barbosa Müssnich Aragão,These ads ran without a disclaimer,≤100
1632845003624410,Lúcio Sorge,Lucio Sorge,≤100
103809779034193,Valeriote Cursos e Consultoria,Valeriote Cursos e Consultoria,≤100
111241944518289,Cristãos na Política,Instituto Dankemo,≤100
1504580766531518,Mulheres Progressistas,PROGRESSISTAS - BRASIL - BR - NACIONAL,≤100
110106808143124,Siricutico,Siricutico Oficial,≤100
844549288949778,IBPAD - Instituto Brasileiro de Pesquisa e Análise de Dados,IBPAD - INSTITUTO BRASILEIRO DE PESQUISA E ANALISE DE DADOS LTDA - ME,≤100
101041069299708,congressoibgr,These ads ran without a disclaimer,≤100
108015435927747,FAS - Fundação Amazônia Sustentável,Fundação Amazonia Sustentável,≤100
172444996112900,Fundo Brasil,Fundo Brasil,≤100
179837479250006,Marcelo Lino,Marcelo Lino Da Silva,≤100
105262805652284,Summit Cidades,FEPESE - Fundação de Estudos e Pesquisas Socioeconômicos,≤100
1016014891780524,Estratégia Carreira Jurídica,ESTRATEGIA CONCURSOS SA,≤100
284952238207283,CNA Brasil,These ads ran without a disclaimer,≤100
2009794945904424,Fundação Cargill,These ads ran without a disclaimer,≤100
118869841134222,Jornal Ponto Mais,Jornal PONTO MAIS,≤100
393466617381710,Vetor Brasil,Vetor Brasil,≤100
101321981647613,Instituto Montese,Instituto Montese,≤100
1587038224698973,Renova Andes,Renova Andes,≤100
110541055320579,Gotas da Índia,jessica gomes da silva,≤100
102819914980408,SUAS Fácil,These ads ran without a disclaimer,≤100
108219725572417,Energia Inteligente,These ads ran without a disclaimer,≤100
1722627031349126,NTL - Nascimento & Toscano Leite Advogados,These ads ran without a disclaimer,≤100
103860934882269,Andreia Siqueira,Andreia Siqueira,≤100
242062609325601,Agenda 227,ANDI AGENCIA DE NOTICIAS DOS DIREITOS DA INFANCIA,≤100
282802611759257,MidiaJur - Jornalismo Plural,Midiajur,≤100
104256551950166,Portal Política,These ads ran without a disclaimer,≤100
179064217124294,Mandarine Restaurant,These ads ran without a disclaimer,≤100
104500818170928,Mariano Cabreira,Mariano Cabreira,≤100
261092760666998,Luiza Ribeiro,These ads ran without a disclaimer,≤100
172154116311925,Sindserv Santos,Sindserv Santos - Sindicato dos Servidores Públicos Municipais de Santos,≤100
603406633022686,Silvânio Aguiar,Silvanio Aguiar Silva,≤100
428795217537762,Rodolfo Nogueira,Rodolfo Nogueira,≤100
104368868914986,orizonvr,These ads ran without a disclaimer,≤100
504148936286853,Data Goal,Data Goal,≤100
1731257107093456,Prof Helton Kramer,Helton Kramer Lustoza,≤100
127789930632668,Conectas Direitos Humanos,Conectas Direitos Humanos,≤100
689112307868644,Aleks Palitot,Aleksander Allen Nina Palitot,≤100
170166996524709,Orlando Morando,Orlando Morando Junior,≤100
123884341029248,João Jorge,JOÃO JORGE DE SOUZA,≤100
493773044116642,Direito na Escola,Direito na Escola LTDA,≤100
228301373863551,Agência Pública,Agência Pública,≤100
103573369361040,Igor Barenboim - Economia Sem Miopia,Igor Barenboim,≤100
534805630341699,Idecan Oficial,"INSTITUTO DE DESENVOLVIMENTO EDUCACIONAL, CULTURAL E ASSISTENCIAL NACIONAL",≤100
101861558220747,One Passion Mission,One Passion Mission,≤100
552483638152177,Giovani Cherini,Deputado Cherini,≤100
125579163791541,Pagina do Julio,These ads ran without a disclaimer,≤100
476012199439532,Dr. George Lins,George Augusto Monteiro Lins de Albuquerque,≤100
114248903470049,Frente Parlamentar Mista da Medicina,Frente Parlamentar de Medicina,≤100
104497614745252,Edson Souza,Joao Vitor Marochi De Oliveira,≤100
102275945221840,Portal Tucumã,Portal Tucumã,≤100
110470818372258,fabiano.machadodarosa,These ads ran without a disclaimer,≤100
106233318888842,adrianoallexandre,These ads ran without a disclaimer,≤100
103039778175459,Hospitais PROADI-SUS,Hospital Alemão Oswaldo Cruz,≤100
105383346220289,APUFPR-SSind - Associação dos Professores da UFPR,APUFPR,≤100
102499684669319,Márcio Lemos,Márcio Lemos,≤100
201878973201295,Republicanos10,Republicanos10,≤100
109733334265333,"Página ""Eduardo da Agrovap""",These ads ran without a disclaimer,≤100
364736787037906,Professor João Paulo Oliveira,Professor João Paulo Oliveira,≤100
108564887488502,Marcel Souto Maior,These ads ran without a disclaimer,≤100
107497344549222,Frente Socialista Conservadora,Marden Samuel Ribeiro Pires,≤100
812448422259685,Os pedagógicos,These ads ran without a disclaimer,≤100
102551538798020,Historiadelas,Historiadelas,≤100
105830512489078,Cabelos Lisos,Marcos Ferreira De Oliveira,≤100
108726882200842,Iceberg Podcast,Alexandre Santos Prates,≤100
633578433500190,Rede Essent Jus,ESSENT JUS CONTABILIDADE E CONSULTORIA LTDA,≤100
110004921840381,paulacolicigno,These ads ran without a disclaimer,≤100
217529114931687,Eagle Gestão do Conhecimento,These ads ran without a disclaimer,≤100
674947556047123,Physio em ação,These ads ran without a disclaimer,≤100
383712041828520,Attrios Cursos em Saúde,These ads ran without a disclaimer,≤100
119838431052933,Galera do Papiro,These ads ran without a disclaimer,≤100
267146793788529,Sem Parar Empresas,Sem Parar Empresas,≤100
958621134324609,Grupo Seatec,These ads ran without a disclaimer,≤100
103779715064518,Uma Concertação pela Amazônia,Instituto Arapyaú de Educação e Desenvolvimento Sustentável,≤100
441637302586101,Casa Fluminense,Associação Casa Fluminense,≤100
2257170641175341,Nayrelle Ávila Silva Advocacia e Consultoria,Nayrelle De Avila Silva,≤100
170773429643671,"Rádio Alvorada FM 94,9",Rádio Alvorada,≤100
107449552324057,Projeto Vereador Vitorioso,Vereador Vitorioso,≤100
210467206143608,Portal de Prefeitura,Portal de prefeitura,≤100
197698930267127,Alana,These ads ran without a disclaimer,≤100
124600732785757,Pela Cidadania,Pela Cidadania,≤100
208622816475403,OEC,These ads ran without a disclaimer,≤100
103603675867125,Vidigal Advocacia,These ads ran without a disclaimer,≤100
420272671479041,Do Carmo,Do Carmo,≤100
158661604199195,Victor Ribeiro,These ads ran without a disclaimer,≤100
254311638386199,Mentoria Eleitoral,Bunker Brain Audiovisual Eireli,≤100
823606697815716,Flavia Francischini,Flavia Francischini,≤100
103803372537794,Jornal do Rio de Janeiro,Jornal do Rio de Janeiro,≤100
131497886977001,Associação Paulista de Medicina,Associação Paulista de Medicina,≤100
599004516880467,ABRIG - Associação Brasileira de Relações Institucionais e Governamentais,These ads ran without a disclaimer,≤100
102056974812400,Gustavo Negris,These ads ran without a disclaimer,≤100
1024840290996769,Lucas Pimenta,Lucas Pimenta,≤100
251565088803687,DRD Advogados,DRD Advogado,≤100
337480196266910,Federação Nacional dos Policiais Rodoviários Federais,Federação Nacional dos Policiais Rodoviários Federais,≤100
100421044649941,Rigoni Advogados,Rigoni Advogados Associados,≤100
127453070602362,DPNY Beach Hotel & SPA Ilhabela,These ads ran without a disclaimer,≤100
104161123005913,Fundação Tide Setubal,Fundação Tide Azevedo Setubal,≤100
344990182510037,Mitsidi,Mitsidi,≤100
115558703488480,IDP Online,Instituto Brasiliense de Direito Publico,≤100
992051197499407,Minha Jampa,These ads ran without a disclaimer,≤100
110227410768203,JRF Transportes,These ads ran without a disclaimer,≤100
161406070640025,Educação e Território,Cidade Escola Aprendiz,≤100
506417589696816,Asbraf,ASBRAF,≤100
107970658385398,Liz Gomes Advogados,Livia Clementino,≤100
1623079434589666,Memed,Memed,≤100
1469594636587262,Vereador Eduardo Lippaus,Eduardo Lippaus,≤100
108842934114292,A Referência,These ads ran without a disclaimer,≤100
1665300123703523,CBN Vale,CBN Vale,≤100
1513585108888249,Syngenta,Syngenta,≤100
1313633058744565,Impulsiona,Instituto Península,≤100
101756249126836,Versatil,Versatil,≤100
1643608162628238,Augusto Vasconcelos,Augusto Vasconcelos,≤100
115158203571124,José Guerra de Andrade Lima Neto,Jose Guerra De Andrade Lima Neto,≤100
107642182242701,jardel_baima,These ads ran without a disclaimer,≤100
239624862864871,Relatório Reservado,Hush Comunicação,≤100
106525678463910,União Brasil 44,UNIÃO BRASIL,≤100
1433929133492494,Renata Abreu,Renata Hellmeister de Abreu,≤100
394955597207788,Deputada Lucinha,Deputada Lucinha,≤100
1578235319127195,Seiko Brasil,ORIENT RELOGIOS DA AMAZONIA LTDA,≤100
108177195235128,Carbono 0,Carbono 0,≤100
1685294041703090,Márcio Colombo,Marcio Colombo,≤100
109359807904005,Movimento Pessoas à Frente,Movimento Pessoas à Frente,≤100
703029363127813,Deputado Estadual Jari Oliveira,Jari Oliveira,≤100
101028102788017,alessandrojamal,These ads ran without a disclaimer,≤100
1158420830942304,SiDi,These ads ran without a disclaimer,≤100
108809985527487,Vinicius Dos Santos Pereira,These ads ran without a disclaimer,≤100
907716049393736,Professor Thiago Alencar,These ads ran without a disclaimer,≤100
1720125068073321,Flávio Arns,Flávio Arns,≤100
304040639690361,Renato Cariello,Renato Cariello,≤100
103417008044423,ICGP - Instituto Conceito em Gestão Pública,Mario Jose Galavoti,≤100
135611223190336,ClimaInfo,Instituto ClimaInfo,≤100
121149280885704,Meninas do Jiu,These ads ran without a disclaimer,≤100
112517798452577,Tribo br finanças,These ads ran without a disclaimer,≤100
123009854411968,Rumo,These ads ran without a disclaimer,≤100
422953044564958,DMAE - Uberlândia,DMAE Uberlândia,≤100
100359566010068,Prefeitura de Tucuruí,Prefeitura de Tucuruí,≤100
481885258528763,Atvos,These ads ran without a disclaimer,≤100
169103077072461,Podium 360,These ads ran without a disclaimer,≤100
174217422747805,Humberto Costa,Humberto Sérgio Costa Lima,≤100
340426112827193,Vereador Thiaguinho Silva,Vereador Thiaguinho Silva,≤100
360422581191126,Luiz Miguel,Luiz Miguel Martins Garcia,≤100
109081972143628,Valorize quem constrói o Paraná,Associação Entidades Representativas dos Servidores Estaduais do Paraná,≤100
108294722204311,André Costa,These ads ran without a disclaimer,≤100
344930808968007,Leonardo Amarante Advogados Associados,Leonardo Amarante Advogados Associados,≤100
1732023947072573,Vereador César Oliva,Vereador César Oliva,≤100
306378149952222,Matheus Utsch Vereador PL,Matheus Utsch De Oliveira,≤100
566330050152679,Vereador Alex Purkote,Alex Purkote,≤100
532277116860587,Éder Miano Prefeito,Eder Pereira,≤100
208164169238957,JusTocantins Portal Jurídico,These ads ran without a disclaimer,≤100
265312144321652,Patriarca-Cidadania Italiana,Giuliana Callia,≤100
100939009291692,francielibalem,These ads ran without a disclaimer,≤100
1490922331155430,Unicursos Curitiba,UNICURSOS CAPACITAÇAO E TREINAMENTOS LTDA,≤100
106932902156221,labdabya,These ads ran without a disclaimer,≤100
104639868022439,Henrique Alves,Henrique Manoel Alves,≤100
106607771386670,Jonas Souza,These ads ran without a disclaimer,≤100
109354687306376,Instituto Conhecimento Liberta,Instituto Conhecimento Liberta,≤100
105568605525486,A Hora da Proteção,These ads ran without a disclaimer,≤100
101350666165397,Fernanda Coimbra Jurídico,These ads ran without a disclaimer,≤100
376979966487939,Myrocatur Viagens e Turismo,These ads ran without a disclaimer,≤100
104838005385343,LV Cursos,These ads ran without a disclaimer,≤100
1221955744599494,Walmir Pinto,Walmir Pinto,≤100
191158547728051,Centro de Referências em Educação Integral,Cidade Escola Aprendiz,≤100
537920249605237,Amélia Naomi,Amélia Naomi,≤100
119783631063023,Dhieggo Miraanda,DIEGO JESSÉ MIRANDA,≤100
113165158363128,Vereador Osmar Nascimento,Osmar Da Silva Nascimento,≤100
271292143368224,Parola comunicação,Parola Comunicação,≤100
1760997964197407,Translado,Tomas Soares Pereira German,≤100
1561614984133603,Fábio Villa Nova,Fabio Nova,≤100
276597380806409,Comissão dos Aprovados 2018 PCES,These ads ran without a disclaimer,≤100
125180200888742,Instituto Estre,These ads ran without a disclaimer,≤100
1561397794177163,Assibge/SN - Sindicato nacional dos trabalhadores do IBGE,These ads ran without a disclaimer,≤100
101723196194996,Oeste Solar,These ads ran without a disclaimer,≤100
160135914037767,Agência B-Young,These ads ran without a disclaimer,≤100
500679196780578,Instituto Ekos Brasil,Instituto Ekos Brasil,≤100
100606155659715,Digital é Poder,Digital é Poder,≤100
700360840056005,Robertinho Mendonça,JOSE MENDONÇA,≤100
107775418947175,larissafacoli.adv,These ads ran without a disclaimer,≤100
446633805423159,Instituto Vera Cruz,Instituto Vera Cruz,≤100
102449285907818,Genio Carbon,Genio Carbon,≤100
109120338642911,Delta Energia,These ads ran without a disclaimer,≤100
103535477993331,Arnaldo Neto Photo,These ads ran without a disclaimer,≤100
676118065842611,Fernando Carneiro,Fernando Carneiro,≤100
513736722432495,Menegaz Jr.,Menegaz Jr,≤100
109151568802854,Projeto OAB para Elas,These ads ran without a disclaimer,≤100
488522157948560,Sebastião Rezende,Sebastiao Machado Rezende,≤100
109311714699813,Canuto e Lucena Sociedade de Advogados,Canuto e Lucena Sociedade de Advogados,≤100
110666181987505,doctorocupacional,These ads ran without a disclaimer,≤100
1500606083580137,João Azevêdo,João Azevedo,≤100
104941785786172,Anjux Resultado Digital,These ads ran without a disclaimer,≤100
1901525780074995,Portal Pontual,Pontual pesquisas e mídias Eireli,≤100
1491681474458343,Bancários Rio,Sindicato dos Bancários do Rio de Janeiro,≤100
1032715603539066,SOS  Brasil Soberano,Sindicato dos Engenheiros no Estado do Rio de Janeiro,≤100
100105579681437,Andrea Belmiro,Landerson Jernes Vieira Belarmino,≤100
104655472614929,Fabiano Cabral Dias,Fabiano Cabral Dias,≤100
103483818151512,Janaina Castro,Janaina Castro,≤100
102414798092821,Grupo Taquitá,These ads ran without a disclaimer,≤100
104486751876738,Tenente Coronel Zucco,Luciano Zucco,≤100
101179625001334,Fernanda Pereira Altoé,Fernanda Elisa Pereira Altoe,≤100
830925076980679,Carlinhos Presidente,These ads ran without a disclaimer,≤100
271070706391564,Prefeitura de Paraíso do Tocantins,Prefeitura de Paraíso do Tocantins,≤100
667463076729677,UniGospel,These ads ran without a disclaimer,≤100
107125324305864,"Sério, Sapiens?",These ads ran without a disclaimer,≤100
113650866857533,Diversitera,Diversitera,≤100
1474026932838483,Ivana Bastos,Ivana Teixeira Bastos,≤100
107284055290696,Júlio Rufino,Júlio Rufino,≤100
106760328997549,Itshow,These ads ran without a disclaimer,≤100
1737308239666824,Janad Valcari,Janad Marques De Freitas Valcari,≤100
101288596208953,Produtos Top,Cristiano De Morais Do Nascimento,≤100
119903107746043,engyworks,These ads ran without a disclaimer,≤100
102753402027906,Keniston Braga,Keniston Braga,≤100
115175313231062,Horiens Risk Advisors,These ads ran without a disclaimer,≤100
122683754070716,Questões Comentadas,These ads ran without a disclaimer,≤100
518031775303071,Erika Hilton,Erika Hilton,≤100
1433103303568739,Greyce Elias,Greyce De Queiroz Elias,≤100
115663151459737,Viverse Psicologia,Gabriela Vergilio De Paiva,≤100
128892434452029,Endireita Tocantins,These ads ran without a disclaimer,≤100
191591598062172,Duda Ramos,Duda Brito Ramos,≤100
105044832155342,GRUPO MAIS,These ads ran without a disclaimer,≤100
104723245740603,Dr Gilberto Bento Jr,Vinicius Da Silva,≤100
276590569142119,Rolé Carioca,These ads ran without a disclaimer,≤100
106537248314817,Programa 4 por 4,These ads ran without a disclaimer,≤100
124504092279492,Hélio Rodrigues,Hélio Rodrigues,≤100
105303068898139,Robson Antonio Pereira,These ads ran without a disclaimer,≤100
106401905336144,academiadeletrasjuridicasma,These ads ran without a disclaimer,≤100
108380115069520,Resistência Camisas,These ads ran without a disclaimer,≤100
102199746148366,Gabaritei,Ana Leila Ferreira Da Silva,≤100
243830549028212,Associação Paulista de Municípios,Associação Paulista de Municípios,≤100
108654201025214,Vereador Isaias Oliveira,These ads ran without a disclaimer,≤100
192044360940869,Luzz Design,These ads ran without a disclaimer,≤100
467229756748328,"Walter Pinheiro do Soul -  Presidente da República 2026 - Vereador 2024,",Walter Pinheiro Da Silva,≤100
100646122963443,drodaircorrea,These ads ran without a disclaimer,≤100
314201762284041,Fundação Friedrich Ebert - Brasil,Fundação Friedrich Ebert - Brasil,≤100
107648754998738,american.textil,These ads ran without a disclaimer,≤100
106537248314817,Programa 4 por 4,Brasil Media House,≤100
573375762840641,Zamin Advocacia e Assistência Jurídica,These ads ran without a disclaimer,≤100
108086744004280,Muda Outras Economias,These ads ran without a disclaimer,≤100
181922701857854,TWS Comex,These ads ran without a disclaimer,≤100
206365432837539,Deputado Federal Dimas Fabiano,Dimas Fabiano Toledo Junior,≤100
112863765112418,Energy Brasil SJC,These ads ran without a disclaimer,≤100
218944561458682,NÉLIO TORRES,These ads ran without a disclaimer,≤100
365940230709015,Fatec Osasco - Prefeito Hirant Sanazar,Stefania Felix Dos Santos,≤100
112717578303599,Aborto seguro,These ads ran without a disclaimer,≤100
228158820563303,André do Prado,Andre Luis Do Prado,≤100
103703778483575,soldevanita,These ads ran without a disclaimer,≤100
551976105239046,Jerry Comper,Jerry Comper,≤100
124782497211464,Dynasty Global.,These ads ran without a disclaimer,≤100
319884751500468,O Olhar - O Portal de Notícias de Governador Valadares,Andrea Costa,≤100
520803328039440,Recicla Sampa,Eco Urbis e Loga,≤100
122121664535323,TrovadorPR (Macedo Junior),Francisco Luiz Macedo Junior,≤100
113310101666844,carangolasocial,These ads ran without a disclaimer,≤100
110203771459231,edneimendoncaoliveira,These ads ran without a disclaimer,≤100
330480980492772,Arnaldo Maranhão,Arnaldo Maranhão,≤100
103051536060342,Manoel,Manoel,≤100
1962981190652371,Andrenunes,These ads ran without a disclaimer,≤100
456485074374104,Sindipetro SP,SINDICATO DOS TR NAS IN DE EX PE PR RE DE AR DI E TRA ATRAVES DE DU E IM DE PE DE E SI DOS EST DE SP GO E D FEDERAL,≤100
1958915751012537,Cris Nunes - Boutique Brechó,These ads ran without a disclaimer,≤100
100355736384901,_teroke,These ads ran without a disclaimer,≤100
115176194835923,danielcamarg_,These ads ran without a disclaimer,≤100
115173574890222,victtorsacramentto_,These ads ran without a disclaimer,≤100
857661200958323,Adavilson De Castilhos Magagnin/Tchá-Tchá,Adavilson De Castilhos Magagnin,≤100
104791125888342,festasomos,These ads ran without a disclaimer,≤100
101928459402878,Show Money,NATURALE HEALTH PRODUTOS NATURAIS,≤100
266651300126832,Antonio Carlos Rodrigues,Antonio Carlos Rodrigues,≤100
102566452342482,Lorena Arantes - Advogada Criminalista,These ads ran without a disclaimer,≤100
1040247002769374,Incentiv.me,INCENTIV-IMPACTO SOCIAL & INCENTIVOS FISCAIS LTDA.,≤100
105664389156185,Guia dos Portos Brasil,These ads ran without a disclaimer,≤100
63306224439,Trip.com,These ads ran without a disclaimer,≤100
146822255731958,Fast Travel Games,These ads ran without a disclaimer,≤100
478605875679827,Regus,These ads ran without a disclaimer,≤100
208411345454,Manchester City,These ads ran without a disclaimer,≤100