﻿Page ID,Page name,Disclaimer,Amount spent (QAR),Number of ads in Library
128050063917913,ISF (International School Sport Federation),These ads ran without a disclaimer,≤100,41
565225540184937,CGTN,These ads ran without a disclaimer,≤100,2
105364689143415,WTFP Today,These ads ran without a disclaimer,≤100,1
1990880717882519,The China Current,These ads ran without a disclaimer,≤100,1
368119983327926,العربي الجديد,These ads ran without a disclaimer,≤100,1
435272526866135,North American Kurdish Alliance - NAKA,These ads ran without a disclaimer,≤100,1
100374392742057,Weregreenly- Magazine,These ads ran without a disclaimer,≤100,2
142329112477770,البنك الدولي,These ads ran without a disclaimer,≤100,1
105336055090792,Luisa Chimá,These ads ran without a disclaimer,≤100,3
110455255136167,Rahimal001,These ads ran without a disclaimer,≤100,5
111776808530895,Hello,These ads ran without a disclaimer,≤100,1