﻿Page ID,Page name,Disclaimer,Amount spent (THB)
161651553861945,Amnesty International Thailand,Amnesty International Thailand,137
157659344260788,จุรินทร์ ลักษณวิศิษฏ์ Aoodda,Jurin Laksanawisit,≤100
102807719039442,พรรครวมไทยสร้างชาติ United Thai Nation Party,พรรครวมไทยสร้างชาติ United Thai Nation Party,≤100
101535845426970,พรรคไทยสร้างไทย,พรรคไทยสร้างไทย,≤100
104427797605274,ดร.เฉลิมชัย ศรีอ่อน รัฐมนตรีว่าการกระทรวงเกษตรและสหกรณ์,ดร.เฉลิมชัย ศรีอ่อน รัฐมนตรีว่าการกระทรวงเกษตรและสหกรณ์,≤100
1635406246730420,วรงค์ เดชกิจวิกรม - Warong Dechgitvigrom,วรงค์ เดชกิจวิกรม - Warong Dechgitvigrom,≤100
296508406790,"Democrat Party, Thailand พรรคประชาธิปัตย์","Democrat Party, Thailand พรรคประชาธิปัตย์",≤100
467424870040934,ปกรณ์ อารีกุล,ปกรณ์ อารีกุล,≤100
116679231319335,ตุ๊ก - กานสีนี,Dunyawat  Bamrungchan,≤100
216147078543372,สำนักงานคณะกรรมการการเลือกตั้ง,สำนักงานคณะกรรมการการเลือกตั้ง,≤100
102530815945359,องอาจ วชิรพงศ์,Areeya Namdokmai,≤100
115922723434700,ครูเจพีสรุปย่อ for Teacher,ครูเจพีสรุปย่อ for Teacher,≤100
345127652279503,มูลนิธิสากลเพื่อคนพิการ,มูลนิธิสากลเพื่อคนพิการ,≤100
111341764925564,สำนักสนับสนุนการพัฒนาระบบสุขภาพ - สำนัก 7 สสส.,สำนักสนับสนุนการพัฒนาระบบสุขภาพ - สำนัก 7 สสส.,≤100
107612328588715,The Voters,สันติสุข กาญจนประกร,≤100
100530401779420,พรรคไทยภักดี,พรรคไทยภักดี,≤100
2263098807292933,ทนายศฤงคาร  ข่ายสุวรรณ์,Saringkan Khaisuwon,≤100
477625535661399,อาสาวิชาการ คณะรัฐศาสตร์ มหาวิทยาลัยธรรมศาสตร์,อาสาวิชาการ คณะรัฐศาสตร์ มหาวิทยาลัยธรรมศาสตร์,≤100
105125715202609,ส.ส.ไผ่ ลิกค์,ส.ส.ไผ่ ลิกค์,≤100
100240152175449,ป้าโส FC by Tacina,Dunyawat  Bamrungchan,≤100
108515294626891,สอบข้าราชการท้องถิ่น By Thurakan,Chiraphorn Thuree,≤100
103668907891539,การเมือง Kanmuang,การเมือง Kanmuang,≤100
204016840519336,ศ.ดร.นฤมล ภิญโญสินวัฒน์,ศ.ดร.นฤมล ภิญโญสินวัฒน์,≤100
190923294988741,สอบครูผู้ช่วยนะ,สอบครูผู้ช่วยนะ,≤100
152665702176493,Ringsideการเมือง,Ringsideการเมือง,≤100
107111554310794,การ์ดแต่งงาน For You,These ads ran without a disclaimer,≤100
114914794432449,กฎหมายใช้สอบราชการ by Æ+,กฎหมายใช้สอบราชการ by Æ+,≤100
613689015307999,ส.ส.แมน ฉัตรพันธ์ เดชกิจสุนทร,ส.ส.แมน ฉัตรพันธ์ เดชกิจสุนทร,≤100
100545119426784,พีระพันธุ์ FC,Bunsong Rodyo,≤100
112073738279329,สิงโต - ศักดิ์สิทธิ์ ขาวทอง,สิงโต - ศักดิ์สิทธิ์ ขาวทอง,≤100
622674297897819,Screenshirt2020,Screenshirt2020,≤100
109008738745779,2ต,Bunsong Rodyo,≤100
601953326929372,ธัญวัจน์ กมลวงศ์วัฒน์ - Tunyawaj Kamolwongwat,Tunyawaj Kamolwongwat,≤100
985820164804495,ธนาคารพัฒนาวิสาหกิจขนาดกลางและขนาดย่อมแห่งประเทศไทย,ธนาคารพัฒนาวิสาหกิจขนาดกลางและขนาดย่อมแห่งประเทศไทย,≤100
106561034744198,ลอรี่ - พงศ์พล ยอดเมืองเจริญ,ลอรี่ - พงศ์พล ยอดเมืองเจริญ,≤100
424656394256795,Cartoonomics: เศรษฐศาสตร์ฉบับการ์ตูน,Cartoonomics: เศรษฐศาสตร์ฉบับการ์ตูน,≤100
230191243706345,เภตรา ยูสคาร์ Petra certified pre Owned,These ads ran without a disclaimer,≤100
107448364979874,ศิริพงศ์ นานคงแนบ - Siripong Nankongnab,Siripong Nankongnab,≤100
2151302718520482,ธิดารัตน์ ยิ่งเจริญ Tidarat Yingcharoen,ธิดารัตน์ ยิ่งเจริญ Tidarat Yingcharoen,≤100
109247921849263,นายประสิทธิ์ชัย พงษ์สุวรรณศิริ,นายประสิทธิ์ชัย พงษ์สุวรรณศิริ,≤100
678094802296447,AHR Group,These ads ran without a disclaimer,≤100
596740650403664,CSI LA,These ads ran without a disclaimer,≤100
114880061510167,พระพุทธเจ้าในหัวใจ,These ads ran without a disclaimer,≤100