﻿Page ID,Page name,Disclaimer,Amount spent (EUR)
6891149895,Concern Worldwide,Concern Worldwide,≤100
291934661006674,HSE Ireland,HSE Ireland,≤100
222629035132,Fianna Fáil,Fianna Fáil,≤100
131595511841,CCPC,Competition and Consumer Protection Commission,≤100
1065942253417902,Billy Kelleher MEP,Billy Kelleher (European Parliament),≤100
107898832590939,European Commission,European Commission,≤100
224615650378,Pro Life Campaign Ireland,Pro Life Campaign,≤100
39948747919,Vodafone Ireland,These ads ran without a disclaimer,≤100
156701534946054,My Waste Ireland,My Waste Ireland,≤100
455196627967510,Gas Networks Ireland,Gas Networks Ireland,≤100
201612129410,Oxfam,Oxfam Ireland,≤100
105374762485355,We Consent,DRCC,≤100
260630414430823,Department of Social Protection,Department of Social Protection,≤100
395121633857254,SEAI,SEAI,≤100
995539950504041,Go Vegan World,Go Vegan World,≤100
88243924389,Depaul Ireland. Ending Homelessness.,Depaul Ireland,≤100
109487449881,Repak,Repak Limited,≤100
40411146661,Irish Heart Foundation,Irish Heart Foundation,≤100
178362315106,European Parliament,European Parliament,≤100
18135444535,Trocaire,Trocaire,≤100
1772885396319952,ESB Careers,ESB Careers,≤100
137357969666256,GCN,GCN,≤100
262010077786273,VideoParliament Ireland,Magdalena Kos,≤100
118151521564978,SSE Airtricity,SSE Airtricity,≤100
247809738564793,Belong To,BeLonG To Youth Services,≤100
103596664540796,Save Our Ice,These ads ran without a disclaimer,≤100
112289898015469,Fair Seas,Fair Seas,≤100
122938653695,Wind Energy Ireland,Wind Energy Ireland,≤100
147547541961576,Council of the European Union,Council of the European Union,≤100
103508859693611,AfrI: Action From Ireland,These ads ran without a disclaimer,≤100
1624119221227931,Farmers Journal Media Sales,Irish Farmers Journal,≤100
120955917993217,St. Patrick's Mental Health Services,St Patrick's Mental Health Services,≤100
541250599362726,Protect Life,Family & Life,≤100
577183942371138,Grace O'Sullivan,Grace O'Sullivan,≤100
496625467058529,March For Life Ireland,March For Life Ireland,≤100
238981207007343,Mark Ward  T.D. Sinn Féin,Mark Ward,≤100
101629894640758,Brainz Magazine,These ads ran without a disclaimer,≤100
101640562556,Evergreen Healthfoods,These ads ran without a disclaimer,≤100
137859686237383,Family & Life,Family & Life,≤100
113777231983918,LookLeft - Supporting the Robert Tressell Festival,Robert Tressell Festival,≤100
144709575593854,EESC - European Economic and Social Committee,EESC - European Economic and Social Committee,≤100
367182798860,Organico Bantry,Organico Bantry,≤100
784299231651676,John Brady TD,John Brady TD,≤100
182708684718,Sounds True,These ads ran without a disclaimer,≤100
118243231687248,Simon Gwilliam,These ads ran without a disclaimer,≤100
101653285444113,SK텔레콤 뉴스룸,These ads ran without a disclaimer,≤100
100374392742057,Weregreenly- Magazine,These ads ran without a disclaimer,≤100
1329593773802412,TransferGo Polska,These ads ran without a disclaimer,≤100
529164447212796,STABILO,These ads ran without a disclaimer,≤100