﻿Page ID,Page name,Disclaimer,Amount spent (XCD),Number of ads in Library
108197841533582,St.Peter's Constituency-ABLP-,Rawdon Turner,486,2
64075711205,Antigua & Barbuda Labour Party,The Antigua & Barbuda Labour Party (ABLP),148,11
1451898645041985,Gaston Browne,The Antigua & Barbuda Labour Party (ABLP),138,8
486723854867439,MYUPP,United Progressive Party,107,4
203239449860143,Harold Lovell,United Progressive Party,≤100,6
108465098593385,Mario Thomas,Democratic National Alliance,≤100,4
44846920403,Dean,Athill Dean Jonas,≤100,4
109366510875,Chaneil Imhoff,Chaneil Imhoff,≤100,2
105826391202074,Pearl Quinn-Williams,United Progressive Party,≤100,1
107952221023207,Gladys Potter the Right Choice for SJRS,United Progressive Party,≤100,1
102663679241421,Kelvin 'Shugy' Simon,United Progressive Party,≤100,1
102093685620627,Best Diplomats,These ads ran without a disclaimer,≤100,1
100432322646591,Magnom Properties,These ads ran without a disclaimer,≤100,2