﻿Page ID,Page name,Disclaimer,Amount spent (EUR),Number of ads in Library
2219917241402396,Γιάννης Μαντζουράνης,Γιάννης Μαντζουράνης,722,3
239059192856378,parapolitika.gr,parapolitika.gr,267,62
178362315106,European Parliament,European Parliament,263,7
100771372008093,powergame.gr,POWERGAME,212,43
192906947432657,Protagon.gr (official),Protagon.gr (official),159,66
91877963116,WWF Greece,WWF Greece,140,12
526882294515877,Νίκος Παπαθανάσης - Nikos Papathanasis,Nikos Papathanasis,105,5
12224403053,Alexis Tsipras,ΣΥ.ΡΙΖ.Α.,≤100,2
111176762297235,Φραγκίσκος Παρασύρης - Freddy Parasiris,Freddy Parasiris,≤100,3
197154300621371,Milena Apostolaki,Milena Apostolaki,≤100,10
176951229143593,Fortune Greece,Fortune Greece,≤100,3
1803155206621023,Documento,Documento Media,≤100,3
494931820680985,Σαουλίδης Αντώνης,Αντώνης Σαουλίδης - Δικηγόρος,≤100,2
103057864872953,Radar,Radar.gr,≤100,19
521845371622559,Μανόλης Καλαμπόκας - Αντιδήμαρχος Υγείας Δήμου Αθηναίων,Μανόλης Καλαμπόκας,≤100,7
187536188017430,Άγγελος Τσιγκρής,Angelos Cigris,≤100,7
285375141625572,Θεοφάνης Παπάς / Fanis Papas,Theofanis Papas,≤100,1
123836729361,New York College,New York College,≤100,3
1325497150852539,Χρήστος Ξενοκώστας Christos Xenokostas,Ελένη Γεωργουλή,≤100,1
104692221824082,Energymag.gr,Energymag,≤100,15
1572650866310052,Niki Kerameus,Niki Kerameus,≤100,1
103003561922627,MotorOne.gr,MotorOne.gr,≤100,19
287878625015994,Reader.gr,Reader.gr,≤100,1
641412085923105,Ρένα Καραλαριώτου - Rena Karalariotou,Ρένα Καραλαριώτου - Rena Karalariotou,≤100,10
161391173874660,"Tetra Pak - Προστατεύει Ό,τι Είναι Καλό",Tetra Pak Hellas,≤100,2
117037629671698,BusinessDaily,Business Daily,≤100,7
109057218424485,Δώσε αξία - ΕΔΣΝΑ,Ειδικός Διαβαθμιδικός Σύνδεσμος Νομού Αττικής (ΕΔΣΝΑ),≤100,2
107718178601878,Banks.com.gr Business News,ETHOS MEDIA,≤100,5
100768865939165,Φραγκίσκος Λαμπρινός,Fragkiskos Lamprinos,≤100,8
117261614999869,Γραφείο του Ευρωπαϊκού Κοινοβουλίου στην Ελλάδα,Γραφείο του Ευρωπαϊκού Κοινοβουλίου στην Ελλάδα,≤100,12
1435774093378846,HuffPost Greece,Antonios Fourlis,≤100,4
1796286800600041,Mobile Info Team for refugees in Greece - الفريق المتنقل لمعلومات اللاجئين,Mobile Info Team for refugees in Greece - الفريق المتنقل لمعلومات اللاجئين,≤100,4
1488771898025180,ΝΕΟΔΗΜΟΚΡΑΤΗΣ,Ippokampos Publications,≤100,1
127082307305119,Εφημερίδα Μακεδονία,Εφημερίδα Μακεδονία,≤100,7
369692537582,Εμπορικό και Βιομηχανικό Επιμελητήριο Αθηνών (ΕΒΕΑ),ΕΒΕΑ,≤100,10
88027997208,Διεθνής Αμνηστία - Ελληνικό Τμήμα,Amnesty International Greece,≤100,1
193042544144341,Γιώργος Κουμουτσάκος - Giorgos Koumoutsakos,Γιώργος Κουμουτσάκος - Giorgos Koumoutsakos,≤100,8
111991337150697,Regional Growth Conference,Εφημερίδα ΠΕΛΟΠΟΝΝΗΣΟΣ,≤100,5
1748153855406537,vradini.gr,vradini.gr,≤100,9
100240188544180,Βάιος Καλοπήτας,Vaios Tsampikos Kalopitas,≤100,1
159977541380043,The President,The President,≤100,22
423867544329756,Η Εφημερίδα των Συντακτών,ΑΝΕΞΑΡΤΗΤΑ ΜΕΣΑ ΜΑΖΙΚΗΣ ΕΝΗΜΕΡΩΣΗΣ ΑΕ,≤100,2
109075108422260,Δημοκρατική Άμυνα,Δημοκρατική Άμυνα,≤100,1
118529577780776,Omiros Tsapalos,Omiros Tsapalos,≤100,2
100679895515684,Green Vrilissia,360MTS MIKE,≤100,6
113111105003048,Epikrateia.gr,Dimitrios Kontarakis,≤100,3
1903473413254089,Vagelis Papakonstantinou,Vagelis Papakonstantinou,≤100,12
105845878599873,Πατριωτική Ένωση - Πρόδρομος Εμφιετζόγλου,Πανελλήνια Πατριωτική Ένωση,≤100,1
1149049031856207,Followgreen,FOLLOWGREEN IKE,≤100,3
1867952363274780,economico.gr,Theodoros Kaloudis,≤100,8
588288908260242,Πέτρος Λεκάκης,Πέτρος Λεκάκης,≤100,4
270496633121891,Lakis Vasileiadis,Vasileios Vasileiadis,≤100,1
547657922328871,Consortis,Consortis,≤100,2
114764364780432,Patients Hub,Patients Hub,≤100,3
381919489336474,Tonia Antoniou / Τόνια Αντωνίου,Antonia Antoniou,≤100,1
31895177275,ΣΥ.ΡΙΖ.Α.,ΣΥ.ΡΙΖ.Α.,≤100,1
393186614199193,Σάββας Αναστασιάδης,Savvas Anastasiadis,≤100,1
139872412072,Coca-Cola 3E,COCA-COLA ΤΡΙΑ ΕΨΙΛΟΝ ΕΛΛΑΔΟΣ Α.Β.Ε.Ε.,≤100,1
1396653080627836,Χρήστος Σταϊκούρας / Christos Staikouras,Χρήστος Σταϊκούρας,≤100,2
104299506270374,Euro2day,Euro2day,≤100,4
781237385235679,Το καφενείο,Το καφενείο,≤100,1
294443673994778,Lykavitos,HT PRESS ONLINE IKE,≤100,4
1524805504319812,Βάσια Αναστασίου,Β. Αναστασιου,≤100,4
1518665045080825,Νίκος Ηγουμενίδης,Nikolaos Igoumenidis,≤100,5
590556791403274,OsteoStrong Greece,OsteoStrong Greece,≤100,2
134552316636,Λευτέρης Αυγενάκης,Λευτέρης Αυγενάκης,≤100,3
2101663983409883,ΜέΡΑ25 Κρήτης,ΜέΡΑ25 Κρήτης,≤100,3
563483764161729,Νίκος Ηλιάδης - Δημοτικός Σύμβουλος Καλλιθέας,Νικολαος Ηλιαδης,≤100,1
359612061446497,iEidiseis.gr,NEWSROOM Α.Ε.,≤100,2
115093111866664,Νίκος Χαρδαλιάς,Νίκος Χαρδαλιάς,≤100,5
31324524225,Greenpeace Greece,Greenpeace,≤100,1
103754084863302,Εκδόσεις Επίκεντρο,Εκδόσεις Επίκεντρο,≤100,4
886299418239270,Βασίλης Διγαλάκης - Vassilis Digalakis,Βασιλειος Διγαλακης,≤100,2
468820193302597,Κινήσεις Πολιτών Για Τη Σοσιαλδημοκρατία,ΚΙΝΗΣΕΙΣ ΠΟΛΙΤΩΝ ΓΙΑ ΤΗ ΣΟΣΙΑΛΔΗΜΟΚΡΑΤΙΑ,≤100,2
1218102778236691,Γιώργος Στύλιος,Georgios Stylios,≤100,1
111151151051341,Debater,debater,≤100,4
755503537794595,Γιώργος Δημόπουλος - Giorgos Dimopoulos,Dimopoulos Georgios,≤100,4
197636494453073,Μιχάλης Λιβανός,Λιβανος Μιχαηλ,≤100,4
200184284210927,Η πόλη της καρδιάς μας - Νέα Φιλαδέλφεια/Νέα Χαλκηδόνα,Η πόλη της καρδιάς μας - Νέα Φιλαδέλφεια/Νέα Χαλκηδόνα,≤100,1
266294520081135,karfitsa.gr,Karfitsa,≤100,2
1004900052864353,mononews.gr,mononews.gr,≤100,3
111425493668770,Θανάσης Οικονόμου,Αθανασιος Οικονομου,≤100,1
1917062451674007,Πεντέλη 2020 - Πράσινη Έξυπνη Δημοκρατική πόλη,Aggelos Palaiodimos,≤100,2
108236298613080,Αλέξανδρος Θεοδώρου,Alexandros Theodorou,≤100,3
342254309739851,Σταμάτης Πουλής,Stamatios Poulis,≤100,1
1568442923392082,Συμεών Κεδίκογλου,Συμεων Κεδικογλου,≤100,1
42792631889,Rallia Christidou,Ραλλία Χρηστίδου,≤100,2
793736633995612,Μαυραγάνης Νικόλαος - Πρόεδρος ΕΝΩΝΩ,Νικόλαος Μαυραγάνης,≤100,1
101494836092130,Χαλάνδρι στο Φως,Χαλάνδρι στο Φως,≤100,3
527351247377965,European Committee of the Regions,European Committee of the Regions,≤100,2
233531826835808,Παύλος Χρηστίδης,Παύλος Χρηστίδης,≤100,1
412343665635401,Giannis Oikonomou,Γιάννης Οικονόμου,≤100,3
258117385131815,Νίκος Σκουλάς,Νίκος Σκουλάς,≤100,1
623039581123006,Ζωή Ράπτη,Zoi Rapti,≤100,2
1306987025984296,Σπήλιος Λιβανός,Spyridon-Panagiotis Livanos,≤100,5
112873984180079,Sterea economy,Sterea Economy,≤100,3
322683571190935,Δρόμος της Αριστεράς,Nikolaos Tavris,≤100,1
165710610795923,Δημήτρης Καιρίδης-Dimitris Kairidis,Δημήτρης Καιρίδης-Dimitris Kairidis,≤100,1
933846323378141,Κωνσταντίνος Δέδες,Κωνσταντίνος Δέδες,≤100,1
679937105460665,Χρήστος Στρατάκης,Christos Stratakis,≤100,3
551917914903015,ekriti.gr,ekriti.gr,≤100,6
105249502133823,Election Leaders - Πολιτικό Marketing,Election Leaders,≤100,3
368217916600933,Αγγειοχειρουργός  Νίκος Παρασκευάς,Αγγειοχειρουργός  Νίκος Παρασκευάς,≤100,5
103183105863094,Fani Giotaki-Φανή Γιωτάκη,Fani Giotaki,≤100,1
782442791937028,Κωστας Γκαβογιαννης,Γκαβογιαννης,≤100,1
104925012096485,Evia-allright,Evia-Allright,≤100,1
1655684741382814,Delphi Economic Forum,Delphi Economic Forum NPO,≤100,3
571687746562532,Ruler Digital Agency,Ruler Digital Agency,≤100,3
674103179323981,Μίνα Καούνη & Συνεργάτες,Μίνα Καούνη & Συνεργάτες,≤100,4
434931476703453,Theodoros Spiliopoulos,Theodoros Spiliopoulos,≤100,4
203799912963587,ΕΚΦΡΑΣΗ,ΕΚΦΡΑΣΗ,≤100,2
1451227988494632,Panos Skouroliakos,Πάνος Σκουρολιάκος,≤100,1
373025059396105,Θάνος Μωραΐτης,Athanasios Moraitis,≤100,1
105542525124347,"Georgios Z. Papadakis, Principal Investigator",ΠΑΠΑΔΑΚΗΣ ΓΕΩΡΓΙΟΣ ΥΠΗΡΕΣΙΕΣ ΕΡΕΥΝΑΣ,≤100,1
1727608780803972,Λογιστικός Σύλλογος Αθηνών,Σοφία Κομηνού,≤100,3
2015741128732441,Χρήστος Δ. Καπετάνος,CHRISTOS KAPETANOS,≤100,1
500502740051092,Harry Theoharis,Harry Theoharis,≤100,1
2212837805653569,Χριστίνα Τσιλιγκίρη / Christina Tsiligkiri,Christina Tsiligkiri,≤100,2
668804566601196,Giorgos Patoulis,Georgios Patoulis,≤100,1
1392901947655284,Αλέξης Σταυρούλιας - Alexis Stavroulias,Αλέξης Σταυρούλιας,≤100,1
80258823622,Evaggelos Venizelos,Evaggelos Venizelos,≤100,1
165508056809834,Το Παρασκήνιο,Νικόλαος Καραμανλής,≤100,1
112064047937508,Ray of Hope,Marianna Sidiropoulou,≤100,1
404183552993057,newmoney.gr,newmoney.gr,≤100,1
159016497502067,Γιώργος Καραμέρος,Γιώργος Καραμέρος,≤100,1
1200465556797225,Θανάσης Παπαθανάσης,Αθανασιος Παπαθανασης,≤100,2
1803075696474141,Ανδρέας Νικολακόπουλος,Andreas Nikolakopoulos,≤100,1
589986474801262,Σάκης Τζακόπουλος,Αθανασιος Τζακοπουλος,≤100,1
219634128212269,Ασφαλιστική Αγορά,Asfalistiki Agora,≤100,1
150398005058111,ASD Account Financial Advisor SA,A.S.D. FINANCIAL CONSULTANTS SA,≤100,2
146786945347063,Νίκος Αβραμίδης - Nikos Avramidis,Avramidis Nikolaos,≤100,1
129641880407509,Βασίλης Σπανάκης,Βασίλης Σπανάκης,≤100,2
104172728093075,TERNA ENERGY,Terna Energy,≤100,1
208361402608219,Θωμάς Παπαλιάγκας,Thomas Papaliagkas,≤100,1
108950054276789,GEK TERNA Group of Companies,GEK TERNA GROUP,≤100,1
102992528411169,Κώστας Μιλόβας,Κωνσταντινος Μιλοβας,≤100,1
111836563539156,Τάκης Θεοδωρικάκος - Takis Theodorikakos,Takis Theodorikakos,≤100,1
350513272399933,Παρασκευή Κουτρολού - Ειδική Καρδιολόγος,Παρασκευή Κουτρολού - Ειδική Καρδιολόγος,≤100,4
224388351254587,Σωκράτης Βαρδάκης - Βουλευτής Συριζα Ηρακλείου,Σωκράτης Βαρδάκης,≤100,4
626390247462884,Γκαρά Αναστασία,Αναστασια Γκαρα,≤100,1
280496205994839,Λευτέρης Βαρουξής - Lefteris Varouxis,Digital Solutions,≤100,6
405482076845129,Θεοδώρα Τζάκρη,Θεοδώρα ΤΖάκρη,≤100,1
1842193576012736,Αργύρης Ντινόπουλος,Argyrios Ntinopoulos,≤100,1
191157175010815,Fisikon,These ads ran without a disclaimer,≤100,2
1822155781362301,Δημήτρης Μήτρου : Νέα-ιδέες-προτάσεις για τον τεχνικό κόσμο.,Δημητριος Μητρου,≤100,1
378892026193835,OnCamera.gr,AVMap GIS ΑΕ,≤100,3
534857483700841,Πέτρος Ψωμάς - σπιράλ δημοτική παράταξη,Psomas Petros,≤100,1
104027679003176,Νίκος Παπάζογλου Υποψήφιος Βουλευτής Νοτίου Τομέα Β'3,Νίκος Παπάζογλου Υποψήφιος Βουλευτής Νοτίου Τομέα Β'3,≤100,3
393542154022051,HellasFin,HellasFin investment services SA,≤100,1
298538796859273,Ματαλλιωτάκης Γιώργος (Matalliotakis Giorgos),Γεωργιος Ματαλλιωτακης,≤100,2
534505556593636,ΣΥΡΙΖΑ ΜΑΓΝΗΣΙΑΣ,Konstantinos Papadopoulos,≤100,1
305998399465211,Νίκος Δένδιας,Νίκος Δένδιας,≤100,21
102540731126660,Δήμος Πεντέλης,Δήμος Πεντέλης,≤100,2
160567310641181,Πολίτες Για Τον Κορυδαλλό,Γρηγοριος Γουρδομιχαλης,≤100,3
758221251055720,Athens Bookstore Publications,ATHENS BOOKSTORE PUBLICATIONS,≤100,2
2310881715810380,Θηραϊκή Πολιτεία,Νίκος Ζώρζος,≤100,1
1886514104920716,Δημήτρης Καμπόσος / Αλλαγή Πορείας,Δημητριος Καμποσος,≤100,1
1591696034493477,Τάσος Γαϊτάνης,Anastasios Gaitanis,≤100,3
1706637282946540,Πανελλήνιο Κέντρο Οικολογικών Ερευνών - ΠΑΚΟΕ,Παναγιωτης Χριστοδουλακης,≤100,3
381289095967251,Panos Reppas - Παναγιώτης Ρέππας,Panagiotis Reppas,≤100,1
105456051168158,Μπάμπης Παπαδόπουλος,Χαραλαμπος Παπαδοπουλος,≤100,1
101865769475016,Παντελής Κ. Ζανιώτης - Υποψήφιος Δημοτικός Σύμβουλος Ηρακλείου Αττικής,Pantelis Zaniotis,≤100,1
2113568635597685,Βασίλης Βιλιάρδος,Βασιλειος Βιλιαρδος,≤100,2
1406294122996413,Τάσος Μπαρτζώκας,Αναστάσιος Μπαρτζώκας,≤100,1
1381776255394854,Ανδρέας Κατσανιώτης,Gerasimos Papaioannou,≤100,2
105260258009154,Κωτσιόπουλος Λευτέρης υπ.βουλευτής Κοζάνης Ελληνική Λύση,Κωτσιοπουλος Λευτερης,≤100,1
102719902481287,Χιώτης Γιώργος,Γεωργιος Χιωτης,≤100,1
102348708885661,Συζητάμε για την Πελοπόννησο,Vlasios Oikonomou,≤100,1
1897149520539428,Mary Diakoliou,Μαιρη Διακολιου,≤100,1
1694101127583045,Χρήστος Τεντόμας,Christos Tentomas,≤100,1
222774191972692,Περιφερειακή Σύνθεση,ΠΕΡΙΦΕΡΕΙΑΚΗ ΣΥΝΘΕΣΗ,≤100,1
878694282192260,Maximos Senetakis - Μάξιμος Σενετάκης,Maximos Senetakis - Μάξιμος Σενετάκης,≤100,7
105046432271675,Κωνσταντίνος Κεφαλογιάννης,Κωνσταντίνος Κεφαλογιάννης,≤100,1
1637375619619220,Άγγελος Αγραφιώτης,Άγγελος Αγραφιώτης,≤100,1
1425296534391824,POS4work,These ads ran without a disclaimer,≤100,1
295180167527264,Ι Κονταράτος & Σια ΕΕ - ΙΕΠΥΑ,These ads ran without a disclaimer,≤100,1
352726181581226,Φρόσω Καρασαρλίδου,Effrosyni Karasarlidou,≤100,1
517917878613261,Αικατερίνη Ασημακοπούλου Δημοτική Σύμβουλος Ηρακλείου Αττικης,Αικατερινη Ασημακοπουλου,≤100,1
292287274772553,EnterpriseGreece,Enterprise Greece,≤100,2
248952068844653,Ιωάννα Γκελεστάθη / Ioanna Gkelestathi,Ιωάννα Γκελεστάθη / Ioanna Gkelestathi,≤100,1
145547352134137,Mag24 Online Magazine,MAG24,≤100,1
1485618638239360,Θανάσης Βασιλόπουλος - Δήμαρχος Καλαμάτας,Θανάσης Βασιλόπουλος - Δήμαρχος Καλαμάτας,≤100,2
114363450250261,Γενική Γραμματεία Συντονισμού Διαχείρισης Αποβλήτων,Γενική Γραμματεία Συντονισμού Διαχείρισης Αποβλήτων,≤100,2
1711103219108990,Δημήτρης Κάρναβος - Dimitris Karnavos,Δ.Κάρναβος - Δήμαρχος Καλλιθέας,≤100,1
110131647938040,Μάριος Διονέλλης - Πίσω Σελίδες,Marios Dionellis,≤100,1
888431871219457,Θεόδωρος Φορτσάκης  Theodore Fortsakis,Θεοδωρος Φορτσακης,≤100,2
246753192161654,Σύριζα Λασσιθίου,Γεωργιος Καλλιντερης,≤100,1
110844901687457,Γιώργος Μπαλάφας,Γιώργος Μπαλάφας,≤100,1
103290692559479,Μπροστά - Παναγιώτης Χριστόφας - Υποψήφιος Δήμαρχος Μυτιλήνης,Παναγιώτης Χριστόφας,≤100,1
100931929521178,Nαυπλία Ενωμένη - Πορεία για το μέλλον,Dimitrios Papadimopoulos,≤100,1
653829591354454,Σπύρος Ντ. Βρεττός,Spyros Vrettos,≤100,1
443597006384169,Antonios Lazarou/Αντώνιος Λαζάρου,Antonios Lazarou,≤100,1
376833639613970,Γρηγόρης Τάσιος,Γρηγόρης Τάσιος,≤100,2
349959315189579,Δημήτρης Οικονόμου,Δημήτρης Οικονόμου,≤100,1
265310210340158,Zonews.gr,Τάσος Γ. Τατάρογλου - Εκδόσεις Αδριάνειο,≤100,1
402203919858090,Πολιτεία Παπάγου Χολαργού,Paraskevi Bouzani,≤100,1
914805481870681,Βράντζα Παναγιώτα,Παναγιώτα Βράντζα,≤100,1
110893015189195,Χρήστος Κουτσούκος - Christos Koutsoukos,Christos Koutsoukos,≤100,1
795737207122308,Ignatios Kaitezidis - Ιγνάτιος Καϊτεζίδης,Ignatios Kaitezidis - Ιγνάτιος Καϊτεζίδης,≤100,1
482318442184962,Κωνσταντίνος Κοσμίδης Οικονομολόγος Τραπεζικός,Konstantinos Kosmidis,≤100,1
639821096138707,Αντιδημαρχία Πολιτισμού και Επιστημών Δήμου Λαρισαίων,Panagiotis Sapkas,≤100,1
367808076718892,Εκδόσεις Στερέωμα,Georgos Siolas,≤100,1
330287487812887,Κώστας Πετρίδης,Konstantinos Petridis,≤100,2
1014739958659241,Dimitris Markopoulos,Dimitris Markopoulos,≤100,5
187741228096188,Νικόλαος Γιαννακόπουλος,Nikolaos Giannakopoulos,≤100,1
2369859223330947,Kyriakos Pierrakakis,Kyriakos Pierrakakis,≤100,1
892070457803678,Γιάννης Πασχαλίδης - Giannis Pasxalidis,Ιωαννης Πασχαλιδης,≤100,1
1805480266395293,ENA Institute for Alternative Policies,ENA Institute for Alternative Policies,≤100,1
815533535129604,Ανθούσα Γέρακας Παλλήνη - Πόλεις για να ζεις,Vangelis Aliferis,≤100,1
273196480036822,Δημήτρης Καλογερόπουλος,Dimitris Kalogeropoulos,≤100,1
1416763645264032,Χριστίνα Σταρακά - Christina Staraka,Christina Staraka,≤100,1
107098807881409,Political.gr,POLITICAL,≤100,1
1726222917647076,Commonality,Κωνσταντινος Ψιουρης,≤100,1
113234227049605,ValueNews.gr,Παναγιωτα Χατζηθεοδωρου,≤100,1
217735864956455,ΠεΣυΔΑΠ,Γρηγοριος Γουρδομιχαλης,≤100,1
1801725480082172,Πεύκη -Λυκόβρυση  Point,Konstantinos Kosmidis,≤100,1
1632988056952632,Ιωάννης Σαρακιώτης • Ioannis Sarakiotis,Ιωάννης Σαρακιώτης • Ioannis Sarakiotis,≤100,1
2140957882645467,Αλεξοπούλου Χριστίνα,Αλεξοπούλου Χριστίνα,≤100,1
2119732698342937,Vodafone Group,These ads ran without a disclaimer,≤100,1
449251365208475,Κώστας Ιακώβου / Kostas Iakovou,Konstantinos Iakovou,≤100,1
102857431526747,Ecopots Greece,Garden Experts AE,≤100,1
611274705567424,Ινστιτούτο Νίκος Πουλαντζάς- Nicos Poulantzas Institute,Ινστιτούτο Νίκος Πουλαντζάς- Nicos Poulantzas Institute,≤100,1
219186174848156,Φώντας Μπαραλιάκος,Fontas Baraliakos,≤100,1
2198361083589693,Σάββας Χαλιαμπάλιας,Σάββας Χαλιαμπάλιας,≤100,3
110072128466976,Κηφισιά24,Κηφισιά24,≤100,1
439046506142516,Αλέξανδρος Μεϊκόπουλος • Alexandros Meikopoulos,Alexandros Meikopoulos,≤100,1
305855589763152,Λαέρτης Ανταλόπουλος - Εθνική Δημιουργία,Λαερτης Ανταλοπουλος,≤100,1
106677982732007,Λάζαρος Καραούλης - Lazaros Karaoulis Μαζί για την Ανατολική Αττική,Lazaros Karaoulis,≤100,1
108525717215774,K19,Panagiotis Cheilas,≤100,1
968643809909024,Mubariz Mansimov,These ads ran without a disclaimer,≤100,1
106587778879248,Σωτήριος Γιάκης - Sotirios Giakis,Σωτήριος Γιάκης,≤100,1
212250018798244,Νότης Μηταράκης (Notis Mitarachi),Παναγιωτης Μηταρακης,≤100,1
136031709900775,Φωτεινή Βρύνα,Φωτεινή Βρύνα,≤100,1
1408716009253594,Ηράκλειο Αλλιώς,Νικολαος Μπαρμπουνης,≤100,1
1399685456995401,Ιάσονας Φωτήλας,Ιάσων Φωτήλας,≤100,1
669723373220313,Ruul,These ads ran without a disclaimer,≤100,1
1438293789797221,ecoelastika,ecoelastika,≤100,1
204182692934155,Amande Art,These ads ran without a disclaimer,≤100,1
104546295740207,Aura of the world,These ads ran without a disclaimer,≤100,1
199765453467023,Focus Web Tv,Focus Web Tv,≤100,1
348922522307410,Γεώργιος Φίλιππας,George Filippas,≤100,1
852402878128045,Youth Cancer Europe,These ads ran without a disclaimer,≤100,1
326961570786833,Ανδρέας Κονδύλης,Ανδρεας Κονδυλης,≤100,1
103597027708447,SuperPlanet Games,These ads ran without a disclaimer,≤100,1
151409322217001,Berlin School of Business & Innovation - BSBI,These ads ran without a disclaimer,≤100,1
643647332320553,Orient - أورينت,These ads ran without a disclaimer,≤100,1
103359502599992,DailyFox,These ads ran without a disclaimer,≤100,1
107356394445555,Connect Project,These ads ran without a disclaimer,≤100,1
110527368455096,Lululover,These ads ran without a disclaimer,≤100,1
319549428716940,Maria Luisa Lima,These ads ran without a disclaimer,≤100,1
915656035153394,Oceanites,These ads ran without a disclaimer,≤100,1
105474945042875,Mission:JOY,These ads ran without a disclaimer,≤100,1