﻿Page ID,Page name,Disclaimer,Amount spent (EUR)
40433567307,UNICEF Italia,UNICEF Italia,≤100
183047736356,EMERGENCY,EMERGENCY,≤100
53347533412,LAV,LAV Onlus,≤100
236739746666589,Coop Liguria,Coop Liguria,≤100
46590675335,Save the Children Italia,Save the Children Italia,≤100
65737832194,Medici Senza Frontiere,Medici Senza Frontiere,≤100
101158695138594,SOS Climate Change,UNHCR,≤100
77034286895,Partito Democratico,Partito Democratico,≤100
88997912868,WWF Italia,WWF Italia,≤100
136117531977459,Gruppo Partito Democratico - Regione Liguria,Gruppo Consiliare Partito Democratico-Articolo Uno,≤100
35346524498,Greenpeace Italia,Greenpeace Italia,≤100
421539548423434,SOS Rifugiati,UNHCR Italia - Agenzia ONU per i Rifugiati,≤100
268976423121377,Essere Animali,Essere Animali,≤100
693492780985618,HSI/Italia,HSI/Italia,≤100
39993728498,Amnesty International - Italia,Amnesty International Italia,≤100
48677844864,Amref Health Africa - Italia,Amref Health Africa - Italia,≤100
70212282110,Altroconsumo,Altroconsumo,≤100
1657214567845698,BPER Banca,BPER Banca,≤100
48677844864,Amref Health Africa - Italia,Amref Health Africa,≤100
1630535077216590,Regione Liguria,Regione Liguria,≤100
1643562069011200,La Valle Degli Orti,Frosta,≤100
300657503437034,Lions Italia,Lions Italia,≤100
103968169809912,Credem Banca,Finanziato da Credem Banca,≤100
1811177225665334,Enel X,Enel X Italia s.r.l.,≤100
113071918732530,Animal Equality Italia,Animal Equality Italia,≤100
73493613024,ActionAid Italia,ActionAid Italia,≤100
1440878759561839,WeMove Europe,WeMove Europe,≤100
299584710061488,WeWorld Onlus,WeWorld Onlus,≤100
102550058686598,Sotto Il Mantello C O V I D - Libro Inchiesta,Sotto il Mantello Covid,≤100
313559438694166,VIDAS - Assistenza ai Malati inguaribili,VIDAS - Assistenza ai Malati inguaribili,≤100
91261353336,Terre des Hommes Italia,Terre des Hommes Italia,≤100
110372232331805,Mission Bambini,Mission Bambini,≤100
289752771388757,Culligan Italiana,Culligan Italiana,≤100
80761643174,Fondazione Umberto Veronesi,Fondazione Umberto Veronesi,≤100
309840349048638,e.on,E.ON Energia,≤100
188120904568067,Comedy Central IT,Comedy Central IT,≤100
129614623725639,Cesvi Onlus,Cesvi Fondazione Onlus,≤100
312933172093226,Associazione Luca Coscioni,Associazione Luca Coscioni,≤100
150200761667597,Oxfam Italia,Oxfam Italia,≤100
135029639894519,Associazione Italiana per la Lotta al Neuroblastoma,Associazione Italiana per la Lotta al Neuroblastoma,≤100
441812505843728,Corepla,Corepla,≤100
1014207595271736,Azione contro la Fame Italia,Azione contro la Fame Italia,≤100
212519685575,Fondazione AIRC per la Ricerca sul Cancro,Fondazione AIRC per la Ricerca sul cancro,≤100
416778128447086,Pd Albenga,Pd Albenga,≤100
111832208899724,Il Sole 24 ORE - Diritto24,Il Sole 24 ORE - Diritto24,≤100
865166100210938,Bosch Italia,Bosch Italia,≤100
378568295634789,Il Sole 24 ORE - Fisco,Il Sole 24 ORE - Fisco,≤100
634243093317092,Amoro srl,Amoro Srl,≤100
160406350666170,Eurodeputati PD,EurodeputatiPD,≤100
103221808122706,inspiringirls_italia,inspiringirls_italia,≤100
125640390781150,Maria Grazia Frijia,Maria Grazia Frijia,≤100
579798038791266,Frosta Italia,Frosta,≤100
264302983606606,Stefano Bonaccini,Stefano Bonaccini,≤100
200837093313910,Farmacie Apoteca Natura,Farmacie Apoteca Natura,≤100
179082995487557,SOS Villaggi dei Bambini - Italia,SOS Villaggi dei Bambini - Italia,≤100
429555680551934,Genova3000,Genova3000,≤100
1410474395723679,Petizioni.it,Petizioni.it,≤100
150301155010350,Intersos,Intersos,≤100
295129913955200,Aboca,Aboca,≤100
100644409468543,Fondazione Operation Smile Italia ETS,Fondazione Operation Smile Italia ETS,≤100
105704838950975,Action for Democracy.IT,Action for Democracy,≤100
45408828511,OIPA Italia,OIPA,≤100
355710427861591,Fratelli d'Italia,Fratelli d'Italia,≤100
192141407570169,Rizzoli,Rizzoli,≤100
887405791294493,Scuola Greco Pittella,Scuola Greco Pittella S.r.l.,≤100
576664002355828,CIWF Italia,CIWF Italia Onlus,≤100
1692232124412053,Protezione Sociale Italiana,Protezione Sociale Italiana,≤100
400381673394375,CFC - Crisi Fiscale d'Impresa,CFC Legal,≤100
410043459011308,Fondazione IEO Monzino,Fondazione IEO-MONZINO,≤100
2794426070573094,Up2You,Up2You,≤100
394832128017774,Alessandro Panza,Alessandro Panza,≤100
253657775240887,Pulsee,Axpo Italia,≤100
126210297412918,Vaccarezza In Regione,Angelo Vaccarezza,≤100
598765886892277,Forever Bambù Società Benefit,Forever Bambù,≤100
143185232391413,Il Sole 24 ORE - Immobili e Condominio,Il Sole 24 ORE - Immobili e Condominio,≤100
1779762108963356,Cuneodice.it,Cuneodice.it,≤100
68826971281,Edison,Edison Spa,≤100
624608431059294,Evolvere,Evolvere,≤100
377901329389619,Ener2Crowd,Ener2Crowd,≤100
104800568170989,Chora Media,Chora Media,≤100
33327548320,Croce Rossa Italiana - Italian Red Cross,Croce Rossa Italiana - Italian Red Cross,≤100
694072700804066,Liguria.today,M&R Comunicazione,≤100
150144325048677,Il Sole 24 ORE - Enti locali e Edilizia,Il Sole 24 ORE - Enti locali e Edilizia,≤100
162764457111560,Dynamo Camp,Fondazione Dynamo Camp Onlus,≤100
1994549320790542,Luca Garibaldi,Luca Garibaldi,≤100
92505448987,CGIL Confederazione Generale Italiana del Lavoro,CGIL Confederazione Generale Italiana del Lavoro,≤100
106716365545678,Pino Camiolo - Presidente del Consiglio Comunale di Imperia,Pino Camiolo - Presidente del Consiglio Comunale di Imperia,≤100
178362315106,European Parliament,European Parliament,≤100
858330457856066,Jacopo Coghe,Jacopo Coghe,≤100
237099220381886,Pd Savona città,Pd Savona,≤100
102000366519353,EIPASS,Certipass srl,≤100
100128926330298,Cirfood District,CIRFOOD sc,≤100
385509022061328,Acqua per Tutti,WeWorld Onlus,≤100
131887960826264,Carlo Calenda,Azione,≤100
106199837902239,Innesti,Caviro sca,≤100
102808527862361,Uniti per la Siria,WeWorld Onlus,≤100
300912913295793,IBSA Farmaceutici,IBSA Farmaceutici,≤100
141019746076225,Sorgenia,Sorgenia,≤100
1093222784082778,World Vision Italia,World Vision Italia Onlus,≤100
150738452145624,BASF Italia,Basf Italia S.p.a.,≤100
104525187934033,Specchio d'Italia,Specchio d'Italia,≤100
103843386353847,Studio Pagano & Partners,Monica Pagano,≤100
185516585621594,Giovanni Stagnaro Sindaco,Giovanni Stagnaro,≤100
101898776545732,Inapp,INAPP Istituto Nazionale per l’Analisi delle Politiche Pubbliche,≤100
618013698348617,Animal Law Italia,Animal Law Italia,≤100
100896914607046,dejan_cetnikovic,Dejan Cetnikovic,≤100
90724424660,Peter Gomez,SEIF Società Editoriale Il Fatto Spa,≤100
272801896733406,USR PLUS Italia,Partidul Uniunea Salvati Romania,≤100
451419891563905,Pro Vita & Famiglia Onlus,Pro Vita & Famiglia Onlus,≤100
1486718904933717,Fondazione Compagnia di San Paolo,Compagnia di San Paolo,≤100
106788055084178,Per il futuro dei bambini,Cesvi,≤100
1538926219695299,Genova che osa,Genova che osa,≤100
109491080460389,Bambine Non Spose,WeWorld Onlus,≤100
8792700660,Istituto Bruno Leoni,Istituto Bruno Leoni,≤100
408718273286772,Salvatore De Meo,Salvatore De Meo,≤100
661243440591428,Raffaella Paita,Raffaella Paita,≤100
673109029772554,Marco Campomenosi,Marco Campomenosi,≤100
101764407875365,NeN,NeN Energia,≤100
587213524737852,WebSalute - Vvox,WebSalute,≤100
232017336910584,Rivista Il Borghese,Casa Editrice Pagine,≤100
114110060033055,Paper First,Il Fatto Quotidiano,≤100
310626072674043,UnipolSai Corporate,UnipolSai Corporate,≤100
235656346542306,CoopVoce,Coop Italia - Direzione Telefonia CoopVoce,≤100
615675435199972,Alessandro Piana - Vice Presidente e Assessore Regione Liguria,Alessandro Piana - Vicepresidente e Assessore Regione Liguria,≤100
104544555621560,Ewiva,Ewiva,≤100
557773551234843,Schroders Italy,Schroder Investment Management (Europe) S.A. - Succursale Italiana,≤100
124450774313284,Etica Sgr,Etica Sgr,≤100
375882802451994,Capitalfin,Capitalfin,≤100
116181541819083,Nicola Fratoianni,Nicola Fratoianni,≤100
180329672596502,Fratelli d'Italia Senato,Fratelli d'Italia Senato,≤100
105517781627039,RM scuola - Università,RM Scuola Campus,≤100
31893742684,Banca Sella,BANCA SELLA SPA,≤100
108625789179165,Soi Dog Foundation,These ads ran without a disclaimer,≤100
347006748786906,AIEF,AIEF Associazione Italiana Educatori Finanziari,≤100
1389519327952496,BCC Credito Cooperativo,BCC Credito Cooperativo,≤100
203772046798581,Farmindustria,Farmindustria,≤100
169042736456594,All Out,All Out,≤100
107492342616216,Legambiente Onlus,Legambiente Onlus,≤100
101216323253423,Italcementi,Italcementi S.p.A.,≤100
303531599691398,Mariastella Gelmini,Mariastella Gelmini,≤100
404402342956536,StartupItalia,StartupItalia,≤100
526901760669684,Partito Animalista Europeo,Partito Animalista Europeo,≤100
59374667427,Alice for Children,Alice for Children,≤100
110852105601178,Marco Scajola Assessore Regione Liguria,Scajola Marco,≤100
686689721540002,Volt Italia,Volt Italia - Unisciti al Cambiamento,≤100
111215267090745,Re Soil Foundation,ReSoilFoundation,≤100
117266648305733,LifeGate,LifeGate,≤100
1506899926282450,Fondazione UNA,Fondazione UNA Onlus,≤100
142331079621154,RESET,RESET S.r.l.,≤100
522896174518525,Fondazione Don Gnocchi,These ads ran without a disclaimer,≤100
105796680963553,Gruppo Editoriale La Scuola SEI,Editrice La Scuola,≤100
453751868072095,W la Dislessia,AllenaMente Società Cooperativa Sociale,≤100
100753869536330,La Scuola del Fatto Quotidiano,SEIF Società Editoriale Il Fatto Spa,≤100
201484606557114,Fotovoltaico per Te,Fotovoltaico per Te,≤100
121622734528770,Eidos Communication,Eidos Communication,≤100
503567226377662,"Centro Narconon ""Il Gabbiano""","Centro Narconon ""Il Gabbiano""",≤100
101221479103,Fondazione Progetto Arca Onlus,Fondazione Progetto Arca Onlus,≤100
147451502073583,In Migrazione,In Migrazione,≤100
104398884619766,Ministero dell'Economia e delle Finanze,Ministero dell'Economia e delle Finanze,≤100
182120865170178,Gianluigi Paragone,Gianluigi Paragone,≤100
331092066942114,Fondazione Italia Uganda,Fondazione Italia Uganda Onlus,≤100
180275292801010,Fratelli d'Italia Camera,"Gruppo Parlamentare della Camera dei Deputati ""Fratelli D'Italia""",≤100
1445140735745708,Caritas Senigallia Onlus,Fondazione Caritas Senigallia Onlus,≤100
57335173611,Città di Modena,Città di Modena,≤100
19050847431,Terra,Terra!,≤100
112777008752391,Valori.it,Valori.it,≤100
2797201316986482,Annalisa Tardino,Annalisa Tardino,≤100
315768485124369,Partito Comunista,Partito Comunista,≤100
106318735428971,Intersos Lab - Centro di Formazione,INTERSOS Lab,≤100
181864685188048,Maurizio Marrone,Maurizio Marrone,≤100
104048831252,Carlo Fidanza,Carlo Fidanza,≤100
104980721725834,Associazione DONNEXSTRADA,Associazione DONNEXSTRADA,≤100
1668922680093325,Propensione.it,Propensione.it,≤100
409442125822365,Studio Legale Lombardo,Studio Legale Lombardo,≤100
112576383938294,Fondo Sanedil,Fondo Sanedil,≤100
326480964397759,Antonio Lombardi,FEDERCEPICOSTRUZIONI,≤100
284515247529,Corriere della Sera,Corriere della Sera,≤100
2613707698646326,Pop Edizioni,POP EDIZIONI SRL SRL,≤100
105296361571631,FGS srl,FGS srl,≤100
1393266557641903,Africa Rivista,Africa Rivista,≤100
102357095763264,CandidatoPolitico.it,CandidatoPolitico.it,≤100
1480937442190427,Tommaso Foti,Tommaso Foti,≤100
318986935171451,Repower Italia,Repower Italia S.p.a.,≤100
105276881579324,Terzogiornale,Fondazione per la critica sociale,≤100
445235400057,Commissione europea – Rappresentanza in Italia,Commissione europea – Rappresentanza in Italia,≤100
228770323835619,Zanichelli,Zanichelli editore Spa,≤100
1448101522079687,Onlymoso,Onlymoso,≤100
104995138746733,Paolo Costanzo +Europa,Paolo Costanzo,≤100
229726223879624,Agenzia Erasmus+ INAPP,INAPP Istituto Nazionale per l’Analisi delle Politiche Pubbliche,≤100
396512120735562,CIRFOOD,CIRFOOD sc,≤100
367042640294086,Luca Ciriani,Luca Ciriani,≤100
153967571694403,Led Italia,LED Italia S.r.l,≤100
157463237749900,Olmedo Mobility Division,Olmedo Special Vehicles S.p.A,≤100
160476923996021,Assolombarda,Assolombarda,≤100
112450034440882,La plastica è cambiata,Alpla,≤100
1843691212524792,ASviS - Alleanza Italiana per lo Sviluppo Sostenibile,ASviS - Alleanza Italiana per lo Sviluppo Sostenibile,≤100
1942760395965996,Passaggio al Bosco Edizioni,Passaggio al Bosco Edizioni,≤100
268911749952654,Alfonso Luigi Marra,Alfonso Luigi Marra,≤100
1710827805727348,Fondazione Libellula,Fondazione Libellula,≤100
884455481592665,European People,Marco Parroccini,≤100
121793864832061,Daniele Novara,Centro Psicopedagogico per l'educazione e la gestione dei conflitti,≤100
127839944083908,Robby Giusti,Roberto Giusti,≤100
1754905154829673,Fiera Didacta Italia,These ads ran without a disclaimer,≤100
343444682747487,Fondazione Asilo Mariuccia,Fondazione Asilo Mariuccia,≤100
112826325496934,Fandango Libri,Fandango Libri,≤100
109409244233102,L'Indipendente,L'Indipendente S.r.l.,≤100
186799161499691,Libraccio,D.M.B. S.r.l.,≤100
348225339013054,WeGlad,WeGlad,≤100
407861879769918,Simona Baldassarre,Simona Renata Baldassarre,≤100
106577392014536,"Io, comandante di Wagner - Il libro rivelazione",Pienogiorno,≤100
129078800535,Rinnovabili.it,Rinnovabili.it,≤100
331372771010,Festival della Mente,Festival della Mente,≤100
392924770773761,Giulio Terzi,Giuliomaria Terzi Di Sant'agata,≤100
154767423377839,Managaia.eco,Managaia.eco,≤100
268501353185869,"Endometriosi - APE ODV, organizzazione di volontariato",Associazione Progetto Endometriosi,≤100
1673669186277733,Freeda,Freeda Media,≤100
153574674705426,AVSI,AVSI,≤100
469381559808559,ITLAS pavimenti in legno,Itlas srl,≤100
33481833782,Fa' la cosa giusta!,Cart'armata edizioni srl,≤100
583229838437691,Conflavoro PMI,Conflavoro PMI,≤100
1454196401466109,WeForGreen,ForGreen Spa Società Benefit,≤100
345024339582702,Tipografia De Vanna,Tipografia De Vanna,≤100
101047321724796,Semplicità,Fabrizio Bertoletti,≤100
172718099490199,DOKITA,Dokita onlus,≤100
650387761676591,Candido,Casa Editrice Pagine,≤100
290721534331298,Anna Ascani,Anna Ascani,≤100
667483386685540,Silvia Sardone,Silvia Sardone,≤100
2173211049619737,Keaton,Carmen Barbano,≤100
1390945594486464,Studio Tarabella Luca - Dottore Commercialista,These ads ran without a disclaimer,≤100
119200734774774,Radicali,Radicali,≤100
177990150967421,La Verità di San Giorgio,Pietro L'Erario,≤100
264869596888019,Roberto Di Stefano,Roberto Di Stefano,≤100
2048664861850577,ildigitale.it,IlDigitale.it,≤100
190766780967976,Geopolitica.info,Geopolitica.info,≤100
45193527235,CPP Centro Psicopedagogico per la Pace e la gestione dei conflitti,CPP - Centro Psicopedagogico per l'educazione e la gestione dei conflitti,≤100
103853939270641,Quitterz Club Il Metodo per Smettere di Fumare,Alessandro Ettorre,≤100
195167010525230,CCDU,CCDU,≤100
286934764814261,Legalizziamo,Associazione Luca Coscioni,≤100
1007973302727293,Teach For Italy,Teach For Italy,≤100
107618154328480,Alessio Arusa,Alessio Arusa,≤100
148367009301755,Roberta Ferrero,Roberta Ferrero,≤100
115218755162436,ABC Associazione Bambini Chirurgici del Burlo,A.B.C. Associazione per i Bambini Chirurgici del Burlo onlus,≤100
102729379302718,Associazione Il Giorno Dopo ODV,Mirko Bortolotti,≤100
1676582112422226,Walter Zalukar,Walter Zalukar - Gruppo Misto Consiglio Regionale FVG,≤100
793211171059364,Francescani per la Vita,Francescani per la Vita,≤100
48952279043,Andrea Mascaretti,Mascaretti Andrea,≤100
319958685256913,Le Pecorelle,Giuseppe Lentini,≤100
753800634652691,Paola Chiesa,Paola Maria Chiesa,≤100
105332674760119,ista Italia Srl,Ista Italia srl,≤100
157218361626760,Cronache Ribelli,Davide Gallucci,≤100
252449503661,La7,La7,≤100
1978323772189377,Ambiente Mare Italia,Ambiente Mare Italia,≤100
279234965434875,Energit,Energ.it Spa,≤100
171869093280946,EICOM Energia,Eicom energia,≤100
108770011256563,XtraCult,XtraCult,≤100
288737011777272,Heineken Incontra,These ads ran without a disclaimer,≤100
104956658838092,LiberAnagni,LiberAnagni,≤100
105636267811260,The Good in Town,The Good in Town,≤100
223175114447090,Sant'Egidio,Sant'Egidio,≤100
67527694280,Arché,Arché,≤100
675594109245764,Unisona,Unisona,≤100
782011665194418,Dott. Christian Franchini Consulente Finanziario,Christian Franchini,≤100
379688310244,La Civiltà Cattolica,La Civiltà Cattolica,≤100
109094031594910,Luigi Pinto,Matteo Bello,≤100
95118674590,Collettiva,Collettiva,≤100
107379378333563,Tozzi Green,TOZZI GREEN,≤100
245094455536925,FOUR PAWS,These ads ran without a disclaimer,≤100
363589373994,Filippo Rossi,Caffeina Media s.r.l.,≤100
146415948745160,Tecnè,Michela Morizzo,≤100
206708532746370,Mara Bizzotto Pagina Ufficiale,Mara Bizzotto,≤100
112020941497075,Generazione EU,Generazione EU,≤100
81698998693,Maurizio Lupi,Noi con l'Italia,≤100
787903214594249,Fisascat Cisl,Fisascat Cisl,≤100
1568184330161608,WeSchool,WeSchool s.r.l.,≤100
114344005243032,Chiara Colosimo,Chiara Colosimo,≤100
1814545205425619,BEEing,These ads ran without a disclaimer,≤100
222403031687114,ArciAtea,ArciAtea APS,≤100
380885402054839,Manuel Vescovi,Manuel Vescovi,≤100
192209717630141,First Cisl nazionale,First Cisl,≤100
125635380862838,Io Bevo,General Beverage,≤100
1415090012068070,Pasquale Incarnato,Pasquale Incarnato,≤100
103546574756191,Fondo Pensione Priamo,Fondo Priamo,≤100
605435696586935,Alessandra Todde,Alessandra Todde,≤100
419643241534941,Assedio Bianco,Assedio Bianco,≤100
31800331297,Gariwo - Foresta dei Giusti,Gariwo - Foresta dei Giusti,≤100
197449616933013,Le edizioni del Mulino,Le edizioni del Mulino,≤100
622450334886617,Fondazione Policlinico Universitario Agostino Gemelli IRCCS,Fondazione Policlinico Universitario Agostino Gemelli IRCCS,≤100
56755731998,Codacons,Codacons,≤100
486228231540331,Partito Animalista Italiano,Cristiano Ceriello,≤100
156980270981618,Fondazione Mondo Digitale,Fondazione Mondo Digitale,≤100
101258288809334,Giorgio Giulio Ingold,Giorgio Giulio Ingold,≤100
112564955077010,News,These ads ran without a disclaimer,≤100
101390818988561,Partito Democratico - Circolo di Bra,Roberto Carena,≤100
591249014329371,ClassiCult,ClassiCult,≤100
1423939267681959,Paolo Magri,ISPI - Istituto per gli studi di politica internazionale,≤100
258755651183,Alfonso Pecoraro Scanio,Alfonso Pecoraro Scanio,≤100
112184058442541,Luca Pasquero,Francesco Biacchi,≤100
105655754112279,Aon Italia,Aon Italia,≤100
480871535271240,Fondazione Cariplo,Fondazione Cariplo,≤100
105765942097364,Sempre Lui - Il libro,Pienogiorno,≤100
104595358855645,Chiara Frontini,Chiara Frontini,≤100
229483187248340,Automazione Industriale Ferrazza,Ferrazza S.r.l.,≤100
263368177127232,Le Nius,Le Nius,≤100
1828039084121555,Con i Bambini,Con i Bambini,≤100
254827334550018,Praim,Praim srl,≤100
193027960795836,Consulenti del Lavoro,Fondazione Studi Consulenti del Lavoro,≤100
247705175335084,ReCommon,Re:Common,≤100
1776956162430608,L'Indispensabile - movimento rivoluzionario,Associazione Darsi Pace,≤100
781324601913224,Marco Di Falco,Marco Di Falco,≤100
1975939216057184,Alvearia.net,Alvearia.net,≤100
239696222820040,Plan International Italia,Plan International Italia,≤100
993120200721882,Casa Don Puglisi - La Bottega,Associazione di Volontariato Don Giuseppe Puglisi Onlus,≤100
112995657150811,Ecologica,Gianfranco Mascia,≤100
138109442630,UNIMPRESA Unione Nazionale di Imprese,Donato Paolino,≤100
176210685871751,Arcs Culture Solidali,Arcs Culture Solidali,≤100
2006958696239686,Emanuela Del Re,Emanuela C. Del Re,≤100
136199179756675,Il Riabilitatore,Il Riabilitatore,≤100
660676587322229,Salvagente,Salvagente APS,≤100
154144331904379,Marta Schifone,SocialCom,≤100
1825242501026900,Centro Studi Dialogo,Centro Studi Dialogo,≤100
227498090641951,SNADIR Nazionale,SNADIR Nazionale,≤100
169101783890379,Fondazione Carolina,Fondazione Carolina,≤100
56208847866,Gianni Alemanno,Francesco Persampieri,≤100
137518989610476,Federalberghi Torino,Federalberghi Torino,≤100
1650088721886527,Elia MIANI,Monika Drescig,≤100
1811488565810358,Poliferie,Poliferie,≤100
203065183038056,Edizioni Centro Studi Erickson,Edizioni Centro Studi Erickson,≤100
149462018791,Un Ponte Per,Un Ponte Per,≤100
107321830749965,Lavialibera,La Via Libera,≤100
165968498427823,Rete dei Comuni Sostenibili,Giovani Gostoli,≤100
922737261081955,Elisa Montemagni,Elisa Montemagni,≤100
367800670221861,"Wrog di Remo Bassetti. Wrog, laboratorio politico e zona freestyle",Remo Bassetti,≤100
324262394281742,Eurven,Eurven,≤100
943592402382817,Stato Civile: Libero,Giovanni Corbanese,≤100
119104539661400,Anna Paris,Anna Paris,≤100
741432559225902,Demetrio Piccini autore di fumetti,Demetrio Piccini,≤100
154144331904379,Marta Schifone,Marta Schifone,≤100
732537393467461,Cpd Consulta,Cpd Consulta,≤100
518586948254355,Airlite,Airlite,≤100
106609584287802,Facta,Facta,≤100
110354967359505,Materasso Bedshire,Ce.Pro.L di Gatti Luca,≤100
167192463921273,Antonio Zennaro,Antonio Zennaro,≤100
535609693464890,OFFSide Fest Italia,Offside Italia,≤100
1766466673641354,Antonino La Spina,Antonino La Spina,≤100
105697815298,Andrea Zanoni,Andrea Zanoni,≤100
1584341225139028,Fabrizio Rossi,Fabrizio Rossi,≤100
1566464517005046,ASSIV,ASSIV,≤100
565903660254019,Giulia Tempesta,Giulia Tempesta,≤100
843931585711084,Alessandro Da Re,Alessandro Da Re,≤100
1618078638446744,4G Energia,slashto,≤100
176463392506898,DOC Generici,DOC Generici,≤100
233893411019374,rna.art.impact,Massimo Greco,≤100
710657238945661,Idea Plast srl,Idea Plast S.R.L.,≤100
1420012461585538,Assidai - Fondo di Assistenza Sanitaria per il tuo benessere,Assidai,≤100
537369456719694,Jane Lepori,Jane Lepori,≤100
144709575593854,EESC - European Economic and Social Committee,EESC - European Economic and Social Committee,≤100
229691393894475,Fidelity Cucina,These ads ran without a disclaimer,≤100
141856142632410,Giosi Ferrandino,Giosi Ferrandino,≤100
105971685751007,Vademecum,These ads ran without a disclaimer,≤100
110148550676851,Cristiano Ceriello,Cristiano Ceriello,≤100
617528441978708,Baracca 2 - la vendemmia,Federico Bason,≤100
100140832137106,Italian Defence Technologies,Italian Defence Technologies,≤100
1496504030436035,Pitillos Italia,Angelo Ammendola,≤100
698743116897167,Valeria Valente,Valeria Valente,≤100
103530655830553,Eco by Naty Global,These ads ran without a disclaimer,≤100
102479275235267,Ecotoni,Compagnia delle Foreste,≤100
237843932914197,Alground Cyberwarfare Geopolitica,Trizio Consulting,≤100
1524999864481577,SMET Logistics,SMET S.p.A.,≤100
110465047884230,Deborah Dell'Acqua - Municipio 7,Deborah Dell'acqua,≤100
122191987831675,Fabio Amendolara,Fabio Amendolara,≤100
1382868132042683,Massimiliano Romeo,Massimiliano Romeo,≤100
496873810372627,Cittadini reattivi,Cittadini Reattivi APS,≤100
103829189269871,Energia Popolare per la Versilia - Stefano Bonaccini Segretario,Emanuele Anzilotti,≤100
355895101196989,Andrea Casu,Andrea Casu,≤100
473584653125948,ARSchooInnovation,Lucana Sistemi srl,≤100
517390481739204,Panda Edizioni,Panda Edizioni,≤100
468173689932952,Partito Progressista,Mario Cantone,≤100
244955126364768,Controcultura: Spazio aperto Be.Brecht,Controcultura: Spazio aperto Be.Brecht,≤100
602678809928628,Guido Quintino Liris,Daniela Ianni,≤100
100734278140197,Energia in Città,These ads ran without a disclaimer,≤100
104555644443795,Dipende da Noi,Paola Maria Petrucci,≤100
134666913247297,Sicurezza e Lavoro,Sicurezza e Lavoro,≤100
1198302750251842,The Vision,The Vision,≤100
105926814393942,QuBítv,QuBítv,≤100
205798119968781,Cikis,Cikis,≤100
2064954427096620,Soumaila Diawara,These ads ran without a disclaimer,≤100
470705503003893,ilikepuglia,I Like Puglia S.r.l.,≤100
563861997055351,Giorgia Latini,Giorgia Latini,≤100
102565915153347,OPES - Terzo Settore,Publigiovane Srl,≤100
321173954632439,Andrea Tronzano,Andrea Tronzano,≤100
109325385127578,Amici di nandocan,Fernando Cancedda,≤100
343132907074660,Villy de Luca,Villy de Luca,≤100
1113878852053355,Consorzio Cev,Consorzio CEV,≤100
100788072284161,Terzo Millennio,Terzo Millennio,≤100
104570204462760,L'Informatore,Informatore,≤100
1948843311809719,Alessandro Corbetta,Alessandro Corbetta,≤100
100279282975196,Woomanity,Kairos Cooperativa Sociale,≤100
1511090682500479,Tuttavia Palermo,Francesca Chiarenza,≤100
109992254071726,Annamaria Colao,Annamaria Colao,≤100
569863519700929,Barbara Zilli,Barbara Zilli,≤100
103002934764127,PON Legalità 2014-2020,PON Legalità 2014-2020,≤100
1827883270791776,lavorareascuola.it,Scuola Web Italia,≤100
171795872872353,ISPI - Istituto per gli studi di politica internazionale,ISPI - Istituto per gli studi di politica internazionale,≤100
107589830685372,Il Laboratorio di Francesca ed Elisa,These ads ran without a disclaimer,≤100
504963402964897,PD Castelfranco Emilia,Partito Democratico di Castelfranco Emilia,≤100
107064418766090,In Con-Tatto: dott.ssa Maria Lisa Spaziante psicologa psicoterapeuta,In Con-Tatto: dott.ssa Maria Lisa Spaziante psicologa psicoterapeuta,≤100
117913115000855,Learning Academy by Sanoma Italia,Pearson Italia,≤100
107589830685372,Il Laboratorio di Francesca ed Elisa,These ads ran without a disclaimer,≤100
266957210152139,Gilberto Pichetto,Gilberto Pichetto,≤100
218671751661739,Fondazione Villa Maraini,Stefano Spada,≤100
2206853809566678,Paolo Omoboni Sindaco,Paolo Omoboni,≤100
109789844006341,Roberto Simoni,Roberto Simoni,≤100
991598257587797,Riccardo Corbucci,Riccardo Corbucci,≤100
454592348045799,T.wai - Torino World Affairs Institute,T.wai,≤100
1737345699671902,Antonio Ferrante,Antonio Ferrante,≤100
155966814457503,RCE FOTO,These ads ran without a disclaimer,≤100
673419286104567,PD Bondeno,Tommaso Corradi,≤100
34244362829,DANIELE BIACCHESSI,Daniele Biacchessi,≤100
254307534973677,Bartolomeo Giachino,Gioachino Bartolomeo,≤100
1479924775623819,Il Giornale del Lazio,These ads ran without a disclaimer,≤100
178808252718288,Dipartimento di Scienze e Politiche Ambientali - UNIMI,MB srl,≤100
678908455899403,Olimpia Troili,Olimpia Troili,≤100
1623129891325124,Italia in Classe A,ENEA,≤100
499283366844721,Drexcode.com,These ads ran without a disclaimer,≤100
1341434042628646,Riccardo Zucconi,Riccardo Zucconi,≤100
1576444002611235,Salute e Sviluppo,Salute e Sviluppo,≤100
114147990367032,Il secondo mestiere,Claudio Auria,≤100
1501172506846384,Carlo Caputo,Carlo Caputo,≤100
1181670365223505,Costa Crociere Foundation,Costa Crociere Foundation,≤100
345136718845,Ministero dell'Ambiente e della Sicurezza Energetica,Ministero dell'Ambiente e della Sicurezza Energetica,≤100
150420748352722,SaMoTer,These ads ran without a disclaimer,≤100
100179375310104,Schmidt 101,These ads ran without a disclaimer,≤100
362460873844615,Alumni Politecnico di Milano,Alumni Politecnico di Milano,≤100
102462152029826,Operatori Sanitari nel Mondo,Claudio Scatola,≤100
1562648707302483,Amedeo Ciaccheri,Amedeo Ciaccheri,≤100
144293048945865,Knowità,Knowità Srl,≤100
1603966533257308,Maria Cristina Pisani,Maria Cristina Pisani,≤100
937779416359801,La Villanova che vorrei,La Villanova che vorrei,≤100
159192554552724,Vasilika Moon - Onlus,La luna di Vasilika ONLUS,≤100
114142374843172,La Nostra Idea di Centralità del Cittadino,Antonio Novara,≤100
946455705501090,Italian Digital Revolution - AIDR,Aidr,≤100
101921081470543,Scienza dello Sport - Dott. Daniele Gattuso,These ads ran without a disclaimer,≤100
2259199297554119,Roberto Braibanti,Roberto Braibanti,≤100
150777885635982,Giorgio Mulè,Giorgio Mulè,≤100
1534005956893737,Carmagnola Insieme,Carmagnola Insieme,≤100
118272361563416,Serenissima Ristorazione,Serenissima Ristorazione,≤100
248758218623743,Next Nuova Economia per Tutti,NEXT - NUOVA ECONOMIA PER TUTTI,≤100
284413514922246,Daniele Rielli,Daniele Rielli,≤100
110634657163632,ScientifiCult,ScientifiCult,≤100
323149724828497,Alessandro Basso,Alessandro Basso,≤100
1420345371514860,Interlife Onlus,Interlife,≤100
581045078625669,Sweettatt Balm,These ads ran without a disclaimer,≤100
204034721659,Il Libraio,Il Libraio,≤100
102422942264260,Noi Liberi,NOI LIBERI,≤100
184684151574230,Simone Brancozzi,Simone Brancozzi,≤100
208046335427,Coop Alleanza 3.0,DGMP di Montevecchi N & C snc,≤100
160297837351805,CGT Caterpillar,CGT S.p.A.,≤100
1151916921518164,SatiLeaks,Gianfranco Colella,≤100
107711661632417,Claudia Pratelli,Claudia Pratelli,≤100
407066069720164,We Wealth,Voices of Wealth S.r.l.,≤100
204724029665288,Enegan - Luce e Gas,Enegan S.p.A.,≤100
882873055387445,Dragotti&Associati,Stefania Merelli,≤100
155697555152756,Cristiano l'Antipopulista,Cristiano Cappellari,≤100
166027216814695,Firriato,Firriato Winery,≤100
114567344577615,Filippo Pastore,Filippo Pastore,≤100
100354602590593,Carlo Alberto Tregua,Ediservice srl,≤100
801522166586338,Fillea Cgil Messina,Fillea Cgil Messina,≤100
813223628836447,xFarm,These ads ran without a disclaimer,≤100
1449917045144695,Partito Democratico Circolo di Dogliani,Stefano Ciccone,≤100
1732339916992169,Senza Filtro,Senza Filtro,≤100
707682215937866,Michelangelo Cavone,Michelangelo Cavone,≤100
170607072988035,Gobik,These ads ran without a disclaimer,≤100
105005632443805,Progetto Pontino,threeshirt,≤100
1597295260297184,"Kawasaki Heavy Industries, Ltd.",These ads ran without a disclaimer,≤100
102803162427248,costruiamosalute,Salute - Regione Emilia-Romagna,≤100
741857975880984,"Ernesto Gionta, Consulente Finanziario",These ads ran without a disclaimer,≤100
356989207745941,Mimmo Tuccillo,Domenico Tuccillo,≤100
1673669186277733,Freeda,These ads ran without a disclaimer,≤100
104578154630928,BIC Incubatori FVG,BIC INCUBATORI S.R.L.,≤100
100919195693624,Giancarlo Schiano - M5S,Giancarlo Schiano,≤100
608375839515998,Avvocato Luca Favini - Studio Legale Ghedini Favini,Luca Favini,≤100
141856142632410,Giosi Ferrandino,These ads ran without a disclaimer,≤100
163533620383520,Fondazione Magna Carta,Fondazione Magna Carta,≤100
343666789058121,Kitess,These ads ran without a disclaimer,≤100
652577951530892,Marì Muscarà,Maria Muscarà,≤100
2162934993958021,Associazione Altero Matteoli,Associazione Altero Matteoli,≤100
122583699917,Minimo Impatto,minimo impatto,≤100
239789346075185,Simone Concorsi,These ads ran without a disclaimer,≤100
102615481493582,CIRCA,These ads ran without a disclaimer,≤100
103193156038212,newlife_betel,These ads ran without a disclaimer,≤100
1672477173012354,"Erasmus+ Courses in Split, Croatia",These ads ran without a disclaimer,≤100
105011619191583,See You On pl TV,These ads ran without a disclaimer,≤100
111190855227233,EU 24,These ads ran without a disclaimer,≤100
113664791341291,Occasionalm,These ads ran without a disclaimer,≤100
373536278864,UNICEF Europe & Central Asia,These ads ran without a disclaimer,≤100
6045482289,Roberto Cacciapaglia,These ads ran without a disclaimer,≤100
239295866437866,Eagle Natural Resources,These ads ran without a disclaimer,≤100
425743560907521,Venerabile Arciconfraternita di Misericordia - Pietrasanta,These ads ran without a disclaimer,≤100
6115848166,Nature Portfolio,These ads ran without a disclaimer,≤100