﻿Page ID,Page name,Disclaimer,Amount spent (USD)
543230525840908,Asianerial Advisory Int.,Asianerial Advisory Int.,166
648941691867874,Kroko ក្រគរ កែវ រតនៈ,Kroko ក្រគរ កែវ រតនៈ,≤100
219779514869475,រដ្ឋបាលរាជធានីភ្នំពេញ,រដ្ឋបាលរាជធានីភ្នំពេញ,≤100
558050957660331,ព្រឹទ្ធសភាកម្ពុជា Senate of Cambodia,Kok Vay,≤100
100136939277807,"Sean Borath,Ph.D","Sean Borath,Ph.D",≤100
106374614548737,ខេមបូចា ព័ត៌មាន,ខេមបូចា ព័ត៌មាន,≤100
1309741899186397,CamboJANews,CamboJANews,≤100
102312105610965,Agrosolar Cambodia,Agrosolar Cambodia,≤100
103952141169390,រាជធានីភ្នំពេញ បេះដូងប្រជាជនកម្ពុជា,រាជធានីភ្នំពេញ បេះដូងប្រជាជនកម្ពុជា,≤100
116695922009673,SMC,These ads ran without a disclaimer,≤100
112050403644969,អាំង សុវណ្ណរ័ត្ន-Aing Sovannroath,Aing Sovannroath,≤100
2260430647540976,កម្ពុជា ៤.០ - Cambodia 4.0,Reun Daro,≤100
142188519277867,គណៈកម្មាធិការជាតិគ្រប់គ្រងគ្រោះមហន្តរាយ,គណៈកម្មាធិការជាតិគ្រប់គ្រងគ្រោះមហន្តរាយ,≤100
409568979238195,"Dr. Sok Prasith, Secretary of State Ministry of Information","Dr. Sok Prasith, Secretary of State Ministry of Information",≤100
146649842083645,COMFREL,COMFREL,≤100
1582014712074227,គណបក្សប្រជាជនកម្ពុជា Cambodian People's Party,David Than,≤100
116704241030099,ក្រុមការងារចុះមូលដ្ឋានសង្កាត់បឹងសាឡាង,ក្រុមការងារចុះមូលដ្ឋានសង្កាត់បឹងសាឡាង,≤100
116613175028420,វិទ្យុស្ត្រី Women's Radio,វិទ្យុស្ត្រី Women's Radio,≤100
561034580603226,គីម រិទ្ធី - Kim Rithy,គីម រិទ្ធី - Kim Rithy,≤100
105866705100869,Khmer Tech Market,Khmer Tech Market,≤100
104551434922860,ក្រុមការងារជនសកម្ម ក្រុងបាត់ដំបង,Dyna Moeung,≤100
100673698524565,អ៊ូច ភា អភិបាលខេត្តតាកែវ-Ouch Phea Governor of Takeo Province,Khat Nita,≤100
103014198521274,ចែណា បោះដុំអាវយឺត អាវក្រណាត់ និងប៉ាក បោះពុម្ភឡូហ្គោល គ្រប់ប្រភេទ,These ads ran without a disclaimer,≤100
106743048030651,ក្រុមការងារគណបក្សប្រជាជនកម្ពុជា ក្រុងបាត់ដំបង,Dyna Moeung,≤100
1129900250496858,EBo_Bookstore,EBo_Bookstore,≤100
1556626584654766,Rin Virak - រិន វីរៈ,Ly Sophanith,≤100
844603092353014,ជា ពិសី - Chea Pisey,ជា ពិសី - Chea Pisey,≤100
101414018039441,Presihanouk City,Presihanouk City,≤100
104781257784732,BRANDMEDIA,BRANDMEDIA,≤100
1995251780700007,បណ្ឌិត ងិន បាណាល់ - Dr. NGIN Banal,Dyna Moeung,≤100
103401584565853,ក្រុមការងារគណបក្សប្រជាជនកម្ពុជា ចុះមូលដ្ឋានឃុំចំការអណ្ដូង,Chiv Hor,≤100
110527508460363,សកម្មភាព អភិបាល នៃគណៈអភិបាលស្រុកព្រៃនប់,សកម្មភាព អភិបាល នៃគណៈអភិបាលស្រុកព្រៃនប់,≤100