﻿Page ID,Page name,Disclaimer,Amount spent (USD)
406949709352265,Giorgi Vashadze / გიორგი ვაშაძე,Giorgi vashadze / გიორგი ვაშაძე,134
373058439451905,Irakli Garibashvili,Irakli Garibashvili,≤100
353943391364252,TV Imedi,TV Imedi,≤100
108652531483661,ქართული ოცნება ჩემი არჩევანია,ქართული ოცნება ჩემი არჩევანია,≤100
153105401406117,ტურიზმის ეროვნული ადმინისტრაცია • Georgian National Tourism Administration,Georgian National Tourism Administration,≤100
144606052272674,დაცული ტერიტორიების სააგენტო / Agency of Protected Areas (Georgia),დაცული ტერიტორიების სააგენტო,≤100
1159313984168136,europop,Popsport,≤100
651534988375338,POSTV - ანალიტიკა,POSTV LLC,≤100
126642864053395,ღია საზოგადოების ფონდი I Open Society Georgia Foundation,OSGF,≤100
107963338818553,Massage_Dze,Massage_Dze,≤100
225385184188101,ქართული ოცნება / Georgian Dream,ქართული ოცნება / Georgian Dream,≤100
198164676867952,განათლებისა და მეცნიერების სამინისტრო,საქართველოს განათლებისა და მეცნიერების სამინისტრო,≤100
1152104411502228,ნინო წილოსანი • Nino Tsilosani,Nino Tsilosani,≤100
101675728268164,დამუხტე,დამუხტე,≤100
414248619353564,საქართველოს დაბადება,გირჩი • Girchi,≤100
104544911468291,შალვა პაპუაშვილი • Shalva Papuashvili,Georgian Dream,≤100
285690758154568,გარემოს დაცვისა და სოფლის მეურნეობის სამინისტრო,გარემოს დაცვისა და სოფლის მეურნეობის სამინისტრო,≤100
583667251688444,Leonid Chernovetskyi,Leonid Chernovetskyi,≤100
2167628580128133,ირაკლი კობახიძე / Irakli Kobakhidze,Georgian Dream,≤100
109261804792205,გიორგი კალანდარიშვილი - Giorgi Kalandarishvili,ELECTION ADMINISTRATION OF GEORGIA,≤100
108814147570520,The Margaret Thatcher Centre of Georgia / მარგარეტ ტეტჩერის ცენტრი,The Margaret Thatcher Centre of Georgia,≤100
105294965729965,საქართველო უპირველეს ყოვლისა  • Georgia First,Georgia First,≤100
133052760057128,Tabula - ტაბულა,Tabula - ტაბულა,≤100
103965262533554,არ აგარევინებთ,არ აგარევინებთ,≤100
179300065451916,საქართველოს იუსტიციის სამინისტრო,საქართველოს იუსტიციის სამინისტრო,≤100
197243066983672,ერთიანი ნაციონალური მოძრაობა • United National Movement,ერთიანი ნაციონალური მოძრაობა • United National Movement,≤100
480323335835739,მაუწყებელი • Mautskebeli,მაუწყებელი • Mautskebeli,≤100
107336238433922,PrimeNews.Ge,PrimeNews.Ge,≤100
112698110523947,7- მოქალაქეები/Citizens,ალეკო ელისაშვილი - მოქალაქეები,≤100
231291297445484,ჯორჯიან მანგანეზი - Georgian Manganese,Georgian Manganese,≤100
1057076117677093,NEWS.On.ge,On.ge,≤100
106059902195415,CourtWatch.ge - იყავი ინფორმირებული სასამართლოზე,Georgian Court Watch,≤100
101567864590599,კვლევითი ინსტიტუტი Gnomon Wise,Gnomon Wise,≤100
114191964091743,"საქართველოს კულტურის, სპორტისა და ახალგაზრდობის სამინისტრო",სიმონა ცალანი,≤100
101545558591952,დავით ფაცაცია / David Patsatsia,დავით ფაცაცია/Davit Patsatsia,≤100
297075367343408,BTU • ბიზნესისა და ტექნოლოგიების უნივერსიტეტი,BTU • ბიზნესისა და ტექნოლოგიების უნივერსიტეტი,≤100
194582501162686,KiKi,Tanadgoma,≤100
1436499703296575,მითების დეტექტორი,მითების დეტექტორი,≤100
1031485756902883,გირჩი • Girchi,გირჩი • Girchi,≤100
220225047997169,"დევნილთა, შრომის, ჯანმრთელობისა და სოციალური დაცვის სამინისტრო","დევნილთა, შრომის, ჯანმრთელობისა და სოციალური დაცვის სამინისტრო",≤100
277709595710849,სოფლის განვითარების სააგენტო - Rural Development Agency,სოფლის განვითარების სააგენტო / Rda,≤100
497425910290053,სოციალური სამართლიანობის ცენტრი• Social Justice Center,Emc • ადამიანის უფლებების სწავლებისა და მონიტორინგის ცენტრი,≤100
221812481191218,საქართველოს ახალგაზრდა იურისტთა ასოციაცია,საქართველოს ახალგაზრდა იურისტთა ასოციაცია,≤100
120832381282640,Women's Information Сenter/ქალთა საინფორმაციო ცენტრი,Women's Information Center,≤100
691251661323712,თავისუფალი ბაზარი,გირჩი • Girchi,≤100
195600981002208,გიორგი მელაშვილი / George Melashvili,Europe-Georgia Institute,≤100
1097681207089811,პუბლიკა • Publika,პუბლიკა • Publika,≤100
104958844244267,Ongo,Ongo,≤100
102873728618720,ფრანკლინის კლუბი • Franklin Club,ფრანკლინის კლუბი • Franklin Club,≤100
158714780827513,UNFPA,These ads ran without a disclaimer,≤100
103359705086447,Imereti Agro Zone • იმერეთის აგროზონა,Imereti Agro Zone,≤100
109391388543268,Mariana Alves,These ads ran without a disclaimer,≤100
1656590977890066,IDEO U,These ads ran without a disclaimer,≤100
262575877222080,ეროვნული სატყეო სააგენტო,ეროვნული სატყეო სააგენტო,≤100
108966741644172,Koray Beserler 1,These ads ran without a disclaimer,≤100
152754364784879,TYPOART,These ads ran without a disclaimer,≤100