﻿Page ID,Page name,Disclaimer,Amount spent (IDR)
101350709331663,Golkar 2024,Yayasan Golkar Institut SPKP,8019569
320858334728047,Partai Solidaritas Indonesia,Partai Solidaritas Indonesia,6763192
106397652451725,Barisan Biru Langit,Barisan Biru Langit,2806873
23383061178,Prabowo Subianto,indonesia Adil makmur,1159443
104054595928021,Bakti Untuk Rakyat,Bakti Untuk Rakyat,1081387
367381239359,Abah Qomar - Nurul Qomar,Abah Qomar - Nurul Qomar,597050
193237974052689,Partai Keadilan Sejahtera,Partai Keadilan Sejahtera,283980
333711983956998,Erwin Aksa,Yayasan Golkar Institute SPKP,265612
110897011635842,Ganjar Jabar,Ganjar Nusantara Indonesia,251945
1466049036757852,Agus Yudhoyono,DPP Partai Demokrat,251321
111864151754055,Esensi TV,Esensi Tv,242302
102793242742002,Jaksapedia,JAKSAPEDIA,155048
197545083607941,Harian Kompas,Harian Kompas,154358
121321894616209,Stimuno Indonesia,These ads ran without a disclaimer,140735
164468000878773,drh. H. Slamet,drh. H. Slamet,119720
110294151987732,Head Politika,Head Politika,83504
106894958316644,Relawan sintawati,Relawan sintawati,81572
106690092440342,Pemilu KIT,PEMILU KIT,81531
106918395489616,Golkar Institute SPKP,Yayasan Golkar Institut SPKP,71635
110799152010497,Prabowo Lanjutkan Kepemimpinan,Prabowo Lanjutkan Kepemimpinan,67174
349963858704476,Komit Digital,Komit Digital,63219
108132042285089,Erwin Aksa,Yayasan Golkar Institute,57523
695605000462574,CNN Indonesia,CNN Indonesia,50052
104427162506872,Fakta Anies,Fakta Anies,48140
256838011014355,Partai Gerakan Indonesia Raya (Gerindra),Partai Gerindra,44273
104899195891472,Berita Ganjar Pranowo,Berita Ganjar Pranowo,40205
105523409172833,Kicauan Garuda,Kicauan Garuda,40028
102060486500863,The Jakarta Post,PT. Bina Media Tenggara,38911
39253583478,PDI Perjuangan,PDI Perjuangan,36519
107600565668590,Munafri Arifuddin,Yayasan Golkar Institute,36484
103581752405141,Sobar Harahap,Sobar Harahap,35527
107188919067902,Tania Laena Putri,yayasan laena internasional school,35249
116862771315585,msi.sohibuliman,These ads ran without a disclaimer,32722
101679818973699,Sahabat Ganjar Pranowo,Sahabat Ganjar Pranowo,28538
101801699177654,Muhamad Sodikin,Muhamad Sodikin,28442
2226767280926469,Puteri Anetta Komarudin,Puteri Anetta Komarudin,28243
110865154735990,Koran Harian Tanah Air,Koran Harian Tanah Air,24045
101760624522103,DPP Banteng Muda Indonesia,DPP Banteng Muda Indonesia,22240
1047814245293663,Bapenda Jabar,Bapenda Jabar,22226
572779142753263,Freeport Indonesia,Freeport Indonesia,22095
104830667806476,Melihat Indonesia,Melihat Indonesia,21738
1547369918837496,Zulkifli Hasan,DPP PAN,20921
111997257318144,Sukabumi Kabar Baik,Sukabumi Kabar Baik,20438
104537159020412,Pangandaran Mendengar,Berita Kota,19711
101153982127156,Nursetiowati,These ads ran without a disclaimer,19223
102273039070802,Info Terkini,Info Terkini,18846
104756772331381,Discussion Sumedang,Berita Kota,17726
101372009341896,Kata cirebon,Berita Kota,17723
102315419246267,Banjar Update,Berita Kota,17579
101944999430847,Rumah Perjuangan,Rumah Perjuangan,17534
104297619044779,Halo Depok,Berita Kota,17365
103020259173359,Info Ciamis Terdepan,Berita Kota,17352
102185832591509,Bandung Raya Update,Berita Kota,17304
109125065219055,Story Garut,Berita Kota,17301
110706065058871,Tentang Indramayu,Berita Kota,17165
105533338917792,Pikiran Purwakarta,Berita Kota,17150
100982406049172,Cahaya Cimahi,Berita Kota,17141
104865885651439,Suara Bekasi,Berita Kota,17033
110342845095083,Insting Majalengka,Berita Kota,16987
100159712647702,Fakta Anies Baswedan,Fakta Anies Baswedan,16974
108365135296345,Caption's Karawang,Berita Kota,16922
104446389029591,Tasikmalaya Pedia,Berita Kota,16867
114012201650176,Fakta Terselubung,Fakta Terselubung,16831
105528572251003,Kuningan Opini,Berita Kota,16821
111313231664204,Bersama Sukabumi,Berita Kota,16814
100820999398181,Melihat Cianjur,Berita Kota,16800
104413062365657,Bogor Berargument,Berita Kota,16795
110798661714362,Bandung Barat Bersuara,Berita Kota,16667
110120475117865,Subang Berdiskusi,Berita Kota,16637
1033193516732257,Jabar Dukung Ganjar,Ganjar Nusantara Indonesia,16525
101061776109725,Jefri Haris Pratama,Jefri Haris Pratama,16500
100813382441713,achmadfahmi.smi,These ads ran without a disclaimer,16125
109083348423534,Untuk Rakyat,Untuk Rakyat,16042
756567881057213,Airlangga Hartarto,Airlangga Hartarto,15808
106584595452427,Rumah GP Pantura,Ganjar Nusantara Indonesia,15396
100649018546817,GanjarFans,GanjarFans,15237
102381962809277,_beautypop.id,These ads ran without a disclaimer,13153
110195418669687,Sahabat Yatim,Yayasan Sahabat Yatim Indonesia,12750
110666655158744,Sahabat Caleg,Sahabat Caleg,12470
107241861191421,Ilmu Tambang,Ilmu Tambang,10251
116715223517954,YouSee Indonesia,YouSee Indonesia,9519
108511588277325,Galeria Konveksi,Galeria Konveksi,9324
106919112303644,Jasa Pembuatan Video,Jasa Pembuatan Video,9152
1887276211540242,Sehat Kaya Berkah - Arminareka Perdana,These ads ran without a disclaimer,8720
105078282583947,Rumah Kita Korsel,Ganjar Nusantara Indonesia,8678
109455838815878,Moveprenuere,Moveprenuere,7735
112121101796090,Opini 2024,Opini 2024,7198
103330282779367,Dua Digits Creative,Dua Digits Creative,7160
109482038873245,Digital Marketing Politik ID,Konsultandm.com,6806
101866128977837,Belajar Pemilu,Belajar Pemilu,6199
108156498584853,Tetap Puan,Marabunta Family Cyber,5380
106004407402000,Cakap Politik,Cakap Politik,5167
108604721871287,Tajuk Politik,Tajuk Politik,4933
100359258525418,Pemulihan Lebih Baik,Pemulihan Lebih Baik,4824
102497641558430,Indonesia Tolak HOAX,Indonesia Tolak HOAX,4129
108227068848046,yourgallery.cl,These ads ran without a disclaimer,3791
108695584343029,Baik Untuk Kita,Baik Untuk Kita,3772
1883473018583671,Grand Inna Tunjungan Hotel,These ads ran without a disclaimer,3681
105308715676825,Filosofi Indonesia,Rumah Opini,3558
255601878216867,Komisaris Politik,Komisaris Politik,3240
116415921511253,pkmrsh__literasigenerasimuda,These ads ran without a disclaimer,3236
110368964786452,Kemajuan Bersama,Kemajuan Bersama,3130
103344702680007,Think Big Indonesia,Think Big Indonesia,3059
110100218339060,Wahai Ibu Pertiwi,Wahai Ibu Pertiwi,3000
110750361762052,Pikiran Rakyat,Pikiran Rakyat,2887
101076948451651,Masa Depan Kita,Masa Depan Kita,2877
107471271666664,deawizuli.mua,These ads ran without a disclaimer,2873
108571334357297,Melangkah Lebih Baik,Melangkah Lebih Baik,2705
100246718451350,Pekalongan Raya ID,Berita Kota,2134
113058461386521,Mercusuar Indonesia,Rumah Opini,2061
202555993805088,Caption,Rumah Opini,1983
102656349157647,Tugimanisme,Tugimanisme,1959
101338198587608,Indonesia Luar Biasa,Ganjar Nusantara Indonesia,1820
108346091544917,Katalis IA,IA-CEPA ECP Katalis,1799
101403669397488,Nikmatul Sugiyarto,Nikmatul Sugiyarto,1763
112031464483846,Speaking Partner Kampung Inggris,These ads ran without a disclaimer,1697
110844183599101,DigitalKreatif,DigitalKreatif,1685
128765763451340,Sahabat Riden,Sahabat Riden,1468
107565455160464,Indonesia Opini,Ganjar Nusantara Indonesia,1438
100676262667808,Story Nusantara,Ganjar Nusantara Indonesia,1433
113058461386521,Mercusuar Indonesia,Ganjar Nusantara Indonesia,1335
105195635486519,Klise Nusantara,Ganjar Nusantara Indonesia,1278
108676115131939,Nusantara Cerdas,Rumah Opini,1275
107565455160464,Indonesia Opini,Rumah Opini,1192
105308715676825,Filosofi Indonesia,Ganjar Nusantara Indonesia,1178
100676262667808,Story Nusantara,Rumah Opini,1159
110056788323890,Pikiran Indonesia,Rumah Opini,1032
202555993805088,Caption,Ganjar Nusantara Indonesia,950
104799384898162,Indonesia Berkabar,Ganjar Nusantara Indonesia,904
107318141100190,Semarang Raya Terkini,Berita Kota,903
100147872667354,Kata Nusantara,Ganjar Nusantara Indonesia,893
108676115131939,Nusantara Cerdas,Ganjar Nusantara Indonesia,869
103584384805755,Soloraya Terkini,Berita Kota,839
1004727719661767,Rian Ernest,Yayasan Golkar Institute,773
110056788323890,Pikiran Indonesia,Ganjar Nusantara Indonesia,713
110037828037739,Jateng Pedia,Jateng Pedia,699
105195635486519,Klise Nusantara,Rumah Opini,674
1629828713829906,Hendrik Setiawan,Hendrik Setiawan,670
113307277699173,Info Kebumen Ngapak,Info Kebumen Ngapak,666
104799384898162,Indonesia Berkabar,Rumah Opini,605
102114435036822,Filosofi Jatim,Rumah Opini,579
106571268819271,hyundaihmibekasi.oky,These ads ran without a disclaimer,457
100147872667354,Kata Nusantara,Rumah Opini,418
105313791512717,Jateng Sentris,Jateng Sentris,388
101338198587608,Indonesia Luar Biasa,Rumah Opini,383
116140814835652,Gerakan Gizi Santri,These ads ran without a disclaimer,362
112624171825255,Dennis John Belgica,These ads ran without a disclaimer,273
101393355139423,hj_anita_pratiwi,These ads ran without a disclaimer,246
332937453857191,Relawan Gotong Royong,Relawan Gotong Royong,180
107894644103294,The Waxpert: Wax and Beauty Studio,These ads ran without a disclaimer,≤100
102464838419833,MA Estate,These ads ran without a disclaimer,≤100
109793991710079,Jane Natalia Suryanto,Jane Natalia Suryanto,≤100
145136288859515,GQ South Africa,These ads ran without a disclaimer,≤100
108625789179165,Soi Dog Foundation,These ads ran without a disclaimer,≤100
102415047928145,Shanghai Electric,These ads ran without a disclaimer,≤100
110902484987158,Pearl Yuhuan,These ads ran without a disclaimer,≤100
104307408946684,心灵智慧,These ads ran without a disclaimer,≤100