﻿Page ID,Page name,Disclaimer,Amount spent (USD)
147084112022235,La Nouvelle Tribune,La Nouvelle Tribune,135
1117512094962616,Ministère de l’Industrie et du Commerce,MCINET,≤100
105803785159072,Kenza Chraibi - Officiel,Kenza Chraibi - Officiel,≤100
105483765311416,Arrondissement Communal de Sidi Belyout - مقاطعة سيدي بليوط,Arrondissement communal sidi belyout,≤100
100132082391393,Houcine Nasrollah الحسين نصر الله,Lhoucine Nasrollah,≤100
107627395144123,الحكومة المغربية,الحكومة المغربية,≤100
103180295526797,Ministère de l’Equipement et de l’Eau - وزارة التجهيز والماء,M Equipement Maroc,≤100
123393171111656,Mehdi Bensaid   المهدي بنسعيد,Mohammed Mehdi Bensaid,≤100
167254950013774,Rue20.Com,Ayoub Elkouari,≤100
717828471680380,Princess Basma Bint Talal Office مكتب الأميرة بسمة بنت طلال,These ads ran without a disclaimer,≤100
101166788059533,Kelb Derby,These ads ran without a disclaimer,≤100
101970812076593,Madar 21 مدار,Madar 21 مدار,≤100
104572698809103,Bladna 24,BLADNA24,≤100
111299561410085,WINO,WINO,≤100
1593704590859407,Tiflet Young Leaders Network - شبكة الرواد الشباب بتيفلت,Anass Heddan,≤100
107819302125834,News live,Imad Idrissi,≤100
161637767281862,LE MATIN.ma,Groupe Le Matin,≤100
223495844457800,China Plus Culture,These ads ran without a disclaimer,≤100
759660000745866,CC Studio,These ads ran without a disclaimer,≤100
112220134851421,Under the Sisterhood,These ads ran without a disclaimer,≤100
138756620064262,Fanack.com of the Middle East and North Africa,These ads ran without a disclaimer,≤100