﻿Page ID,Page name,Disclaimer,Amount spent (VEF)
37896015468,"Embajada de los EE.UU., Venezuela",an advertiser in Venezuela,6250000
148231808588187,Gatorade Venezuela,an advertiser in Venezuela,750000
1842745336038461,Obras Civiles - Universidad de Santiago,These ads ran without a disclaimer,15413
207514629334623,قراءات إفريقية,These ads ran without a disclaimer,≤100
102100756138069,Ministerio La Sangre,These ads ran without a disclaimer,≤100
104401217909899,RoboForex,These ads ran without a disclaimer,≤100
110646790417113,dmontalvan,These ads ran without a disclaimer,≤100
102901055579612,Alcaldia Alberto Adriani,an advertiser in Venezuela,≤100
265420476920,Médecins du Monde France,These ads ran without a disclaimer,≤100
100639385691832,Pensar en Grande Uy,These ads ran without a disclaimer,≤100
106394852401795,mg.legit,These ads ran without a disclaimer,≤100