﻿Page ID,Page name,Disclaimer,Amount spent (EUR)
603641173407274,Dovydas Kaminskas,Dovydas Kaminskas,≤100
2162254673825112,Už Joną Gudauską,Už Joną Gudauską,≤100
202360056491831,Lietuvos socialdemokratų partija - LSDP,Lietuvos socialdemokratų partija - LSDP,≤100
103847712206,„Ekonomikos ir politikos žurnalas Valstybė“,Demokratijos plėtros fondas VšĮ,≤100
222524731253670,Arvydas Nekrošius,Lietuvos valstiečių ir žaliųjų sąjunga,≤100
93535661889,TV3 televizija,TV3 televizija,≤100
1739968129576961,Mindaugas Puidokas,Puidokas Mindaugas,≤100
76783564232,Europos Komisijos atstovybė Lietuvoje,Europos Komisijos atstovybė Lietuvoje,≤100
271442299683442,Tušti narvai,VšĮ Tušti narvai,≤100
1729585600594890,Andrius Bautronis,Andrius Bautronis,≤100
198404080183024,Swedbank Lietuvoje,„Swedbank“ Lietuvoje,≤100
198376336988413,Palaikom Petrą Gražulį-Tautos IR Teisingumo Sąjungos Pirmininkas,Palaikom Petrą Gražulį-Tautos IR Teisingumo Sąjungos Pirmininkas,≤100
178362315106,European Parliament,European Parliament,≤100
104447241915155,Lietuvos krikščionių darbuotojų profesinė sąjunga,These ads ran without a disclaimer,≤100
81004804444,Liberalai,Liberalai,≤100
105263208546786,Sveikatos teisės institutas STI,"Sveikatos teisės institutas, VšĮ",≤100
287613331259579,M.G.Maksimalietis,M.G.Maksimalietis,≤100
187111975181,Knygynų tinklas „Pegasas“,Pegasas,≤100
54779960819,United Nations,United Nations with Facebook Ad Credits,≤100
145187766195921,Mano pensija,Lietuvos Investicinių ir Pensijų Fondų Asociacija,≤100
1052857804792527,Asta Kubilienė LR Seimo narė,Asta Kubilienė,≤100
113482588727306,LVŽS Šilutė,Lietuvos valstiečių ir žaliųjų sąjunga,≤100
154104627980740,Šakių valstiečiai ir žalieji,Lietuvos valstiečių ir žaliųjų sąjunga,≤100
101601769446589,Socialdemokratai Ukmergėje,Socialdemokratai Ukmergėje,≤100
1770790246511545,Perkuknyga.lt,Perkuknyga.lt,≤100
106601410807622,Lietuvos Žaliųjų Partija Kelmės ir Šilalės skyrius,Lietuvos žaliųjų partija,≤100
100617808795909,Laisvės Partija Kėdainiai,Laisvės partija,≤100
1087491177963859,EU vs Disinformation,These ads ran without a disclaimer,≤100
147547541961576,Council of the European Union,Council of the European Union,≤100
100374128420473,Rūpinamės sveikata,These ads ran without a disclaimer,≤100
144709575593854,EESC - European Economic and Social Committee,EESC - European Economic and Social Committee,≤100
114201098634444,Linava,These ads ran without a disclaimer,≤100
1196196390526965,Facebook Surveys,These ads ran without a disclaimer,≤100