﻿Page ID,Page name,Disclaimer,Amount spent (TND)
1745861032185440,alqatiba - الكَتيبة,Walid Mejri,≤100
423670114403144,Trending in China,These ads ran without a disclaimer,≤100
285530825204,Klitschko,These ads ran without a disclaimer,≤100
517231405008910,Global Landscapes Forum,These ads ran without a disclaimer,≤100
453652458769776,Global Security Forum,These ads ran without a disclaimer,≤100
101929615103965,Association Warmth - جمعية الدفء,Association Warmth - جمعية الدفء,≤100
31292782350,Deutschland.de,These ads ran without a disclaimer,≤100
166587400443,Jamal Dajani,These ads ran without a disclaimer,≤100