﻿Page ID,Page name,Disclaimer,Amount spent (USD)
179167545479394,Салідарнасць,Онлайн-медиа «Салiдарнасць»,≤100
105497721784216,Филин. Оперативная аналитика и публицистика,Филин. Оперативная аналитика и публицистика,≤100
114881794845936,МПБарановичи,Анна Щербатюк,≤100
609131619115590,O čem se mluví,These ads ran without a disclaimer,≤100
107237888124833,Vy Oanh Authentic - Túi xách cao cấp uy tín,These ads ran without a disclaimer,≤100
102072599470181,Advanced Trading,These ads ran without a disclaimer,≤100
102952309457793,History in Number,These ads ran without a disclaimer,≤100
102252525898596,Lương Y Phạm Văn Thanh,These ads ran without a disclaimer,≤100
105480557817482,КОТОС,КОТОС: местное самоуправление,≤100