﻿Page ID,Page name,Disclaimer,Amount spent (USD),Number of ads in Library
339810463063059,Conflict Of Nations : World War 3,These ads ran without a disclaimer,≤100,1
216311481960,Bill Gates,These ads ran without a disclaimer,≤100,3
103583955836259,Tout sur l'Afrique,These ads ran without a disclaimer,≤100,1
382377315238468,"Educational Research Center, Inc.",These ads ran without a disclaimer,≤100,2
173254003362613,WE ARE CHINA,These ads ran without a disclaimer,≤100,1
1619969771657694,Yidan Prize,These ads ran without a disclaimer,≤100,1
481442475370677,World Internet Conference,These ads ran without a disclaimer,≤100,1
112757083778788,"Economic Daily, China",These ads ran without a disclaimer,≤100,1
189232005248268,CTG,These ads ran without a disclaimer,≤100,1
110901495091012,Crtve Development,These ads ran without a disclaimer,≤100,1
104763178714577,Gels MDPI,These ads ran without a disclaimer,≤100,1
435381440344317,Dylan Ogline,These ads ran without a disclaimer,≤100,1
110919974897108,SH,These ads ran without a disclaimer,≤100,1