﻿Page ID,Page name,Disclaimer,Amount spent (USD)
107660984785868,LPT Noticias,Rodrigo Alejandro,≤100
421104621589691,Cristian Flores,Presidencia de la República de El Salvador,≤100
108447974942666,Instituto de Bienestar Animal - El Salvador,Instituto de Bienestar Animal,≤100
269601400112823,Raúl Chamagua,Jose Raúl Chamagua Noyola,≤100
643513979193133,Unidos por Beatriz,Neuma,≤100
100568368335023,Fatima Esmeralda Ascencio,Esmeralda Asencio,≤100
211001456327934,Walter Alemán,Erick Rico,≤100
111392983793207,Sivar al día,These ads ran without a disclaimer,≤100
648516805765721,Alexi Escalante,Alexi Antonio Escalante Galdamez,≤100
112795156940180,Christian Guevara,Christian Guevara,≤100
102681318100638,Juan Carlos Zepeda Marroquín,Juan Carlos Zepeda Marroquin,≤100
147858435252169,Embajada de los Estados Unidos en El Salvador,Embajada de Estados Unidos en El Salvador,≤100
101710084928516,Dr. Bryan Orellana,Dr. Bryan Orellana,≤100
335796823697212,Nuevo Stiss de las Mayorías,These ads ran without a disclaimer,≤100