﻿Page ID,Page name,Disclaimer,Amount spent (USD)
271082999713221,Cri ccfr,Cri ccfr,≤100
146649842083645,COMFREL,COMFREL,≤100
617890781586440,យគក / CYCPP - យុវជនគណបក្សប្រជាជនកម្ពុជាថ្នាក់កណ្តាល / Central Youth CPP,យុវជនគណបក្សប្រជាជនកម្ពុជាថ្នាក់កណ្តាល Central Youth CPP,≤100
106374614548737,ខេមបូចា ព័ត៌មាន,ខេមបូចា ព័ត៌មាន,≤100
103919608855466,"ច្បាប់ និងសណ្តាប់ធ្នាប់ "" Law & Order """,Svay Limeng,≤100
783660018410989,H.E. Oknha Datuk Othsman Hassan,Roya Mat,≤100
110372271312240,ក្រុមការងារអភិវឌ្ឍយុវជនខេត្តព្រៃវែង,Dyna Moeung,≤100
558050957660331,ព្រឹទ្ធសភាកម្ពុជា Senate of Cambodia,Kok Vay,≤100
235822866545826,Press OCM - អង្គភាពព័ត៌មាន និងប្រតិកម្មរហ័ស,Press OCM - អង្គភាពព័ត៌មាន និងប្រតិកម្មរហ័ស,≤100
100857911384000,ក្រុមការងារយុវជនខេត្តឧត្តរមានជ័យ,Neang Sreyluch,≤100
1118529501568378,មន្ទីរសាធារណការ និងដឹកជញ្ជូន ខេត្តបាត់ដំបង,មន្ទីរសាធារណការ និងដឹកជញ្ជូន ខេត្តបាត់ដំបង,≤100
102634158304415,Phsarfb,Roi Sha,≤100
102149901154440,Man Navy,Man Navy,≤100
101670692724876,Iv Leang,Iv Leang,≤100
1995251780700007,បណ្ឌិត ងិន បាណាល់ - Dr. NGIN Banal,Dyna Moeung,≤100
1653709768184867,ជ្រុន ថេរ៉ាវ៉ាត - Chrun Theravat,Ry Vannroth,≤100
103171812272433,អគ្គនាយកដ្ឋានវិទ្យាសាស្ត្រ បច្ចេកវិទ្យា និងនវានុវត្តន៍,These ads ran without a disclaimer,≤100
100937748336508,The SEED - គ្រាប់ពូជ,These ads ran without a disclaimer,≤100
409568979238195,"Dr. Sok Prasith, Secretary of State Ministry of Information","Dr. Sok Prasith, Secretary of State Ministry of Information",≤100
2260430647540976,កម្ពុជា ៤.០ - Cambodia 4.0,Reun Daro,≤100