﻿Page ID,Page name,Disclaimer,Amount spent (USD)
171870950030850,Teodoro Gallegos Salem,Benigno Teodoro Gallegos Salem,≤100
387524221281304,Ministerio Turismo Ecuador,Alexandra Montero,≤100
2209159729351457,Jhoa Chong-Qui,Cromaker Films,≤100
107024665607128,La Voz de Quito,La Voz de Quito,≤100
187653561280861,Josué Sánchez,Josué Sánchez,≤100
108657847619569,Goberna Ecuador,Goberna Ecuador,≤100
102823644882450,Pedro Pablo Moran 2023,Pedro Pablo Moran Marchan,≤100
105539772365757,Mentordemy,Mentordemy,≤100
495225060514172,Degso,Gabriela Veronica Chango Hermoza,≤100
486957511486639,Liderazgo Capacitación Ecuador,These ads ran without a disclaimer,≤100
101056676141616,Asesoría Política - Goberna Ecuador,Goberna Ecuador S.A.S,≤100
81089852182,U.S. Embassy Ecuador,Embassies: U.S. Embassy Ecuador,≤100
1025791137510876,Juan Fernando Flores,Juan Fernando Flores Arroyo,≤100
282373640238850,Marcos Suárez,Marcos Josue Suarez Altamirano,≤100
2221570604786246,Primicias,Primicias,≤100
101765851519633,Martha Escobar Carbonelly,Martha Escobar Carbonelly,≤100
149421481734737,"ACNUR, la Agencia de la ONU para los Refugiados",These ads ran without a disclaimer,≤100
100757715919347,Atunec,Miguel Benavides,≤100
234235390814565,Revista DATTA,Revista DATTA,≤100
1518216038506999,CRI - Rádio Internacional da China,These ads ran without a disclaimer,≤100
118171033143601,Celestino Chumpi Asambleísta,Celestino Chumpi Asambleísta,≤100
111263224871578,Simón Sanchez,Simon Bolivar Sanchez Alban,≤100
102755182755569,Soy Atractivo,These ads ran without a disclaimer,≤100
267264199961398,Change the World Model United Nations,These ads ran without a disclaimer,≤100