﻿Page ID,Page name,Disclaimer,Amount spent (TRY)
562429187164086,Hilmi Türkmen,Üsküdar Belediyesi,5087
678793932148150,Muammer Keskin,Şişli Belediyesi,1762
158829607558395,Milliyetçi Hareket Partisi (MHP),Milliyetçi Hareket Partisi (MHP),535
108252655310283,Ahmet ÇELEBİ - İYİ Parti İstanbul 1.Bölge Milletvekili Aday Adayı,Ahmet ÇELEBİ - İYİ Parti İstanbul 1.Bölge Milletvekili Aday Adayı,493
144295649058307,Ekrem İmamoğlu,Ekrem İmamoğlu,427
183754020921,Saadet Partisi,Saadet Partisi,306
111162852275902,Uluslararası Af Örgütü Türkiye Şubesi,Uluslararası Af Örgütü Türkiye Şubesi,297
545629665828465,M. Mustafa Kocaman,Serhat Gunduzalp,159
104077215289246,Tart basket,These ads ran without a disclaimer,102
107826985478243,Yakup Türkal,Yavuz Türkmen,≤100
64625878491,Eyüpsultan Belediyesi,Eyüpsultan Belediyesi,≤100
459314071262613,Zeynettin Aydın,Zeynettin Aydın,≤100
100665102848993,Gün Gün Kurtuluş,İlker  Tanrıverdi,≤100
1985687308391802,İlhan Ocaklı,İlhan Ocaklı,≤100
111751313846537,Hülya Erdem,Hülya Erdem,≤100
104143732237595,Sürekli Haber,Sürekli Haber,≤100
1439683329600228,Ümit Uysal,Ümit Uysal,≤100
834954409860187,Gamze Akkuş İlgezdi,Gamze Akkuş İlgezdi,≤100
219031704851494,SAS (Satın Almayın Sahiplenin),Fırat Yıldız Ahmet,≤100
498108350567415,Nilüfer Deveci,Nilufer Deveci,≤100
106789305232883,وكالة الشرق الأوسط الإخبارية,وكالة الشرق الأوسط الإخبارية,≤100
1481865401841739,Müge Yıldız Topak,Sinan Karışan,≤100
107850404005558,Kent 77,Umut Kucukbayraktar,≤100
110010815263548,Gerçek Gündem TV,Bülent Özdoğan,≤100
1614212022160759,Fehmi Yağlı,Fehmi Yagli,≤100
179133819324092,Butik C,These ads ran without a disclaimer,≤100
2064731740417261,Seyyid Bilal Kabdan,Seyyid Bilal Kabdan,≤100
1620080691588973,Serkan SARI,Serkan Sarı,≤100
2701328356551452,Kürşat Engin Özcan,Kürşat Engin Özcan,≤100
217712041637127,AK PARTi Genel Merkez Gençlik Kolları Başkanlığı,ADALET ve KALKINMA PARTİSİ GENÇLİK KOLLARI,≤100
114951609920936,Kısa Dalga Medya,Kısa Dalga Medya,≤100
172200336891287,Medya Penceresi,Medya Penceresi,≤100
511707202180465,Kangal Aşkk'tır,Fırat Yıldız Ahmet,≤100
167633913392268,Kolejliler,Fırat Yıldız Ahmet,≤100
180284242121006,Ahmet Poyraz,Ahmet Poyraz,≤100
115203036969497,Mehmet Yunus Seven,Mehmet Yunus Seven,≤100
108552928182311,Al Sancak Partisi,Nuri Çelebi,≤100
263743343658381,Yarın,Yarın,≤100
103167296029207,,These ads ran without a disclaimer,≤100
104267921764717,Deva Partisi Trabzon İl Başkanlığı,Kubilay Çiçek,≤100
979738848890749,Faruk Kılıç,Faruk Kilic,≤100
815048841929079,M. Ergün Turan,M. Ergün Turan,≤100
314386289265240,Ali Zafer İksir,ALİ ZAFER İKSİR,≤100
101700471513125,Kadir Aydın,Kadir Aydın,≤100
109589715375079,hayrettin_3535,These ads ran without a disclaimer,≤100
106187277979172,Dijital Gaste,Veysel Karahan,≤100
100516989042507,Balıkesir Posta TV,Ahmet Namlı,≤100
2171025259612438,Tufan Akan,Tufan Akan,≤100
190217144502606,Av. Sinan Tekin,Sinan Tekin,≤100
110399169038182,Etv Manisa,Erdinç Yayıncılık Tanıtım Reklam ve Organizasyon Hizmetleri Tic. San. AŞ.,≤100
100177956203448,Büyük Türkiye,Büyük Türkiye,≤100
619133328787268,gencsaadetatasehir,These ads ran without a disclaimer,≤100
283657205667155,Mustafa Ali Fırtına,Mustafa Ali Firtina,≤100
465887546792664,Halkın Kurtuluş Partisi - HKP,TAYFUR BİN,≤100
109946364005345,KuyumHaber,Kuyum Haber,≤100
103005122441537,Milletin Sesiyiz,Milletin Sesiyiz,≤100
1028368393892777,Mehmet Ali Özkan,Mehmet Ali ÖZKAN,≤100
112523904808802,Halkın Sesi,Halkın Sesi,≤100
1635963623197424,On Medya,Orhan Efe,≤100
103155961433545,Göbeklitepe Ajans,Reşit ONCEL,≤100
429226354299015,Tek Haber Gazetesi,Basbay Hasan Murat,≤100
100726339265961,Fikirler Ölmez,Fikirler Ölmez,≤100
107076085282517,Dünya Lider Ata,Dünya Lider Ata,≤100
109188415013080,Liderim Atatürk,Liderim Atatürk,≤100
1579006725698746,Ali Muhittin Taşdoğan,Ali Muhittin Tasdogan,≤100
117491812983397,Yurttan Sesler,Yurttan Sesler,≤100
1572709256359993,İnternethaber TV,HADİ ÖZIŞIK,≤100
100919876130658,Osmanlı Hanı,Afraa Adel Sultan Sallam,≤100
107924807410702,Samet Bağcı,Samet Bağcı,≤100
100390582974436,tarihin_arsivleri,These ads ran without a disclaimer,≤100
104772945733146,Osmanlı Torunları,Osmanlı Torunları,≤100
103059825912257,Osmanlı Nesli,Osmanlı Nesli,≤100
110734265223274,Av. Dr. Veli Böke,avdrveliboke,≤100
212145345624732,Koray ÖNSEL,Koray ÖNSEL,≤100
298764070816267,Mehmet Tütüncü,Mehmet TÜTÜNCÜ Türkiye Temsilcisi,≤100
101198518278121,Mehmet Selim Girbiyanoğlu,Mehmet Selim Girbiyanoglu,≤100
113229965003082,AK Parti/MHP/BBP Cumhur İttifakı,Erol Cihangir,≤100
104691722197784,صحيفة الاستقلال - العربية,صحيفة الاستقلال,≤100
549579538907553,Erhan ÖZHAN I Bünyan I Kayseri,Erhan Ozhan,≤100
103167881182863,Temiz Enerji Haber Portalı,Temiz Enerji Haber Portalı,≤100
1952748275030916,Kürşad Mithat ÖZKAN,Kursad Mithat Ozkan,≤100
1109915355834121,Av. Faruk Sarıaslan,Av. Faruk Sarıaslan,≤100
110990235231803,Aksaray Bağımsız MV Adayı Gökhan Koyuncu,These ads ran without a disclaimer,≤100
276652289141318,OSMAN KOZAN,Osman Kozan,≤100
441134176046706,Shefoon,These ads ran without a disclaimer,≤100
104720632449919,Tbt Tarihte Bugün,Taha Gümüştaş,≤100
1417646645155415,Özcan Pehlivanoğlu,Melek Tabak,≤100
130021167171935,Hüseyin Keskin,Hüseyin Keskin,≤100
104373561467884,Serhat Servet Dövenci,Serhat Servet Dövenci33,≤100
106197277802679,H24,H24,≤100
107184060866156,Limitsiz Bilgi,These ads ran without a disclaimer,≤100
1156591567874276,Halil Arda,Halil Arda,≤100
1481865401841739,Müge Yıldız Topak,Muge Yildiz Toprak,≤100
1616392421919867,Denge ve Denetleme Ağı,Demet Şöhret,≤100
107824978124584,manavgatbalikcilik,These ads ran without a disclaimer,≤100
127896160644676,KORAY AYDIN,KORAY AYDIN,≤100
101647438616294,Sertaç Alkaya,Sertaç Alkaya,≤100
102825459096945,egemobilya_,These ads ran without a disclaimer,≤100
109256524011547,Friends of Palestine,These ads ran without a disclaimer,≤100
142329112477770,البنك الدولي,These ads ran without a disclaimer,≤100
130456876990360,European Youth,These ads ran without a disclaimer,≤100
102036617851494,elina_brevnova,These ads ran without a disclaimer,≤100
105731052360491,Global OTEC,These ads ran without a disclaimer,≤100
111361091313,NICABM,These ads ran without a disclaimer,≤100