﻿Page ID,Page name,Disclaimer,Amount spent (USD)
1960687214155123,بەیار عومەر عەبدوڵا Bayar Omar Abdullah,Bayar Omar Abdullah,≤100
101832562588339,ويكليكس صلاح الدين,ويكليكس صلاح الدين,≤100
104081694467489,ريان الكلداني Rian Chaldean,ريان الكلداني Rian Chaldean,≤100
1066183836729650,محمد توفيق علاوي,Mohammed Allawi,≤100
399110903587431,دژه تیرۆری کوردستان Kurdistan CT,ASO,≤100
108153498939891,Mohammed Abdulhammed,Mohammed Abdulhammed,≤100
108448645342531,BAZ PLUS,BAZ PLUS,≤100
104873241723624,السيد النائب حسين السعبري,ابراهيم احمد عباس,≤100
115373991478024,هادي العامري - المكتب الإعلامي,هادي العامري - المكتب الإعلامي,≤100
110035949016294,Masrour Barzani,ASO,≤100
111995495119585,شبكة صلاح الدين,شبكة صلاح الدين,≤100
1812321035741592,COC Media,Civilan Organization for Community Media,≤100
104591472533211,الحكومه الاصيله,الحكومه الاصيله,≤100
110735054899289,Lapere,Lapere,≤100
102208414468987,فالح الخزعلي,فالح الخزعلي,≤100
102708061990212,تقدم,تقدم,≤100
348309966274624,براء النمر,براء النمر,≤100
104886081432069,حركة البشائر الشبابية,حركة البشائر الشبابية,≤100
267078350122003,الدكتور ماجد شنكالي,الدكتور ماجد شنكالي,≤100
503530246416243,النائب احمد المشهداني  Ahmed Al-Mashhadani,Mustafa Al-mashhadani,≤100
106300961651448,القصر الجمهوري,jiball,≤100
381026846058940,هيبت الحلبوسي,هيبت الحلبوسي,≤100
111763060956749,قلم دولة القانون,قلم دولة القانون,≤100
102972181270368,رئيس مسلفن,رئيس مسلفن,≤100
106210025745999,واحد تعليم,These ads ran without a disclaimer,≤100
102213691670920,إقتصاديون,عدي صادق العلوي,≤100
117411464290585,Nabaz Abdulhamid,Nabaz Abdulhamid,≤100
1298625980153968,Tech 4 Peace التقنية من اجل السلام,Tech For Peace,≤100
754878457919560,النائب عادل خميس المحلاوي,مصطفى ريكان عجيل,≤100
100752309265231,اعلام الشيخ علي الشاهين الحديدي,Zaid N Al-zaro,≤100
108314488369210,Dr. Muhannad Al-khazraji / د.مهند الـخزرجي,علي جبار عذاب,≤100
105349854354740,موسوعة الرافدين الإخبارية,موسوعة الرافدين الإخبارية,≤100
467222586811080,شێخەی مەمەند ئاغای ھەمەوەند,شێخەی مەمەند ئاغای ھەمەوەند,≤100
100509996321616,وثيقة الشرف العراقية الموحدة,These ads ran without a disclaimer,≤100
115033719858579,مشتەکۆڵە,mshtakolla,≤100
332689690166791,ناجح عباس الميزان,يحيىٰ الميزان,≤100
102296118381486,رجال العراق,رجال العراق,≤100
116970674706400,احمد حاتم - Ahmed Hatem,Ahmed Al-bayati,≤100
102796834888985,محمد هيبت الحلبوسي,محمد هيبت الحلبوسي,≤100
105835761935325,حسين العوادي,حسين العوادي,≤100
102293958597480,حركة إنجاز,حركة إنجاز,≤100
871659792906041,الحضارات,الحضارات,≤100
351254578280075,Mardin Gökkaya ماردين كوك قايا,Ali Tahseen Abdulrahman,≤100
113572453532430,عواجل عراقية,عواجل عراقية,≤100
113813758369971,العراق الأجمل,Mohammed Rayshan,≤100
105660452171210,مؤسسة خطى لرعاية رواد الصحافة والفن,مؤسسة خطى لرعاية رواد الصحافة والفن,≤100
115435504853453,فرات ظاهر السعد,These ads ran without a disclaimer,≤100
112675444991226,وزير الفقراء,عثمان شمران,≤100
149007500632371,النائب اسامة كريم البدري,منتظر علاء مظلوم الربيعي,≤100
774978426035468,العراق تاج راس ايران والسعودية,العراق تاج راس ايران والسعودية,≤100
544132379058771,مؤسسة المدى,مؤسسة المدى,≤100
1429071667366733,Iraqi Observatory for Human Rights - المرصد العراقي لحقوق الإنسان,Iraqi Observatory for Human Rights - المرصد العراقي لحقوق الإنسان,≤100
407001929890342,الاعلامي بهاء المستشار,الاعلامي بهاء المستشار,≤100
563523023665939,KurdistanPress,kurdistanpress.net,≤100
100777926142279,عمار موسى كاظم,عمار موسى كاظم,≤100
104087085980868,بتوقيت كركوك,Wahab Mohammed Ghazi,≤100
114491311536369,Mil-ميل,Mil-ميل,≤100
100927182865150,حكومة الخدمة,حكومة الخدمة,≤100
418944648163190,باقر جبر الزبيدي,باقر جبر الزبيدي,≤100
111219755094237,بە پەلە,Yaseen Ismael,≤100
105536401377041,النائب د.عدنان برهان الجحيشي,عمر مامون جهاد,≤100
288374411247157,دار الاعرجي ملازم المرشد Daralaaraji,These ads ran without a disclaimer,≤100
559848617411166,هدى سجاد محمود,احمد يامر,≤100
486820705424112,سيروان روژبیاني Sirwan  Rozhbayani,سيروان روژبیاني Sirwan  Rozhbayani,≤100
100514884851258,عاجل فقط,عاجل فقط,≤100
124905207196086,بتوقيت العاصمة,Wahab Mohammed Ghazi,≤100
113952387034280,کوتەک,Zhino Ali,≤100
126235303730857,خان خورما,Wahab Mohammed Ghazi,≤100
107713992218075,الشرق العراقي,الشرق العراقي,≤100
620428754975813,حسين جليل,These ads ran without a disclaimer,≤100
103689842679535,واحد عمل,واحد عمل,≤100
299310027363262,صفحة تحشيش عراقي,صفحة تحشيش عراقي,≤100
116831387964200,ديالى ميتر,ديالى ميتر,≤100
203265660007239,الزعيم,الزعيم,≤100
143435839066780,د.خالد شواني,Dashti Salam Saeed,≤100
276686282715100,وزارة العدل العراقية,Wahab Mohammed,≤100
103560309271906,کتلة الحزب الديمقراطي الكوردستاني في مجلس النواب العراقي,کتلة الحزب الديمقراطي الكوردستاني في مجلس النواب العراقي,≤100
111340624700122,Asharq Business Crypto اقتصاد الشرق كريبتو,These ads ran without a disclaimer,≤100
170375086953470,صالح الحسناويّ :: Salih Al hasnawi,صالح الحسناويّ :: Salih Al hasnawi,≤100
106786885042267,Wahab Halabjay _ وەهاب هەڵەبجەی,Wahab Halabjay _ وەهاب هەڵەبجەی,≤100
106882150782236,CTG Kurdistan,CTG Kurdistan,≤100
1467421263528149,Iraqi Private Banks League رابطة المصارف الخاصة في العراق IPBL,Iraqi Private Banks League,≤100
101859606204759,وزير دولة خدمات,Wahab Mohammed Ghazi,≤100
638540889641531,Xwakurk  - خواكورك,Xwakurk  - خواكورك,≤100
112048801639488,Zoom News,Zoom News,≤100
102687942750312,Wagon,Wagon,≤100
668246513252365,المهندس نصيف جاسم الخطابي محافظ كربلاء المقدسة,المهندس نصيف جاسم الخطابي محافظ كربلاء المقدسة,≤100
403985983084024,د. علي الازيرجاوي,These ads ran without a disclaimer,≤100
103394661564021,الوطن محتاجك,الوطن محتاجك,≤100
430393733989512,عامر المرشدي,نسرين عدنان فرحان,≤100
104996658111073,المطلع,المطلع,≤100
109447781346241,النائب ياسر المالكي,النائب ياسر المالكي,≤100
1761348020766535,المحامي أحمد الزيدي,These ads ran without a disclaimer,≤100
2200025410238656,مركز نداء الرافدين للبحوث والدراسات الإستراتيجية,مركز نداء الرافدين للبحوث والدراسات الإستراتيجية,≤100
1447878605441640,وزارة الدفاع العراقية,علي صفاء,≤100
135202556677269,Rabun Maroof رابون مەعروف,Rabun Maroof,≤100
569982506423280,عيسى العطواني Issa Al Atwany,These ads ran without a disclaimer,≤100
103148919323302,Mosul.net,Mosul.net,≤100
107361218100874,Dw Der - دوو دێر,Dw Der - دوو دێر,≤100
2383265178621061,Meyser Obaid Nheli,Meyser Obaid Nheli,≤100
106975121791878,اسود ابيض,عثمان حسن,≤100
804383976302240,د. يحيى الكبيسي,يحيىٰ الميزان,≤100
101741622757697,Chaw+,Chaw+,≤100
142423195795018,AccessMBA,These ads ran without a disclaimer,≤100
103330745797266,نحو عراق افضل,These ads ran without a disclaimer,≤100
117043617999159,alpayburakdogru,These ads ran without a disclaimer,≤100