﻿Page ID,Page name,Disclaimer,Amount spent (VND)
433021940073910,WWF-Việt Nam,WWF-Việt Nam,79667
111649914996393,Viên đại tràng Nhất Nhất,These ads ran without a disclaimer,6218
1130940670257375,CMC,These ads ran without a disclaimer,4124
106476091689860,Bartra Wealth Advisors,Bartra Wealth Advisors,3406
101865258169428,ĐEN Secondhand,ĐEN Secondhand,2629
919479674872321,Báo Nghệ An,Báo Nghệ An,1769
105306871904078,Yi Dzi Shop - Vật Phẩm Năng Lượng Bình An,These ads ran without a disclaimer,1442
108271568123706,TAIHEN Sức Khỏe,These ads ran without a disclaimer,≤100
117741954907367,TeachingEnglish - British Council,These ads ran without a disclaimer,≤100