﻿Page ID,Page name,Disclaimer,Amount spent (GTQ)
100169482992019,Sebastián Arzú,Sebastián Arzú,≤100
331961940541181,Partido Victoria,Partido Político Victoria,≤100
1911003529195315,Roberto Arzú,Roberto Arzú García-Granados,≤100
110582257361172,Partido Azul,Partido Azul,≤100
109189810962889,Comunidad Elefante,Shorik Yann Mejia Blanco,≤100
643513979193133,Unidos por Beatriz,Neuma,≤100
754661271544464,El Sol de Mixco,El Sol de Mixco,≤100
106299152133604,"RL ""Desarrollo Empresarial""",These ads ran without a disclaimer,≤100
106908785419555,Goberna Guatemala,Goberna,≤100
1677400702539198,Byron Rodríguez Palacios,Byron Rodríguez Palacios,≤100
110686825186521,Gualán nos UNE,Gualán nos UNE,≤100
108276375551035,,Edward Jeancarlo Calderón González,≤100
121578037510502,,Edward Jeancarlo Calderón González,≤100
100308026359387,,Edward Jeancarlo Calderón González,≤100
121144920896892,,Edward Jeancarlo Calderón González,≤100
281554395331686,República,"Republica GT, S.A.",≤100
110048055101144,Jorge Antonio Rivas Ellgutter,These ads ran without a disclaimer,≤100