﻿Page ID,Page name,Disclaimer,Amount spent (COP)
194315573916010,Norma Hurtado Sanchez,Norma Hurtado Sánchez,≤100
494354027360929,Dirección de Educación Continua Pontificia Universidad Javeriana Bogotá,These ads ran without a disclaimer,≤100
102143071616787,Goberna Colombia,Goberna,≤100
569978373130700,Andrés Lizarralde Henao,Andrés Lizarralde Henao,≤100
105848177845789,All Out en español,All Out Action Fund,≤100
859664117498334,Martha Alzate,Martha Alzate,≤100
370492339735164,Centro Democrático - Comunidad Oficial,Centro Democrático - Comunidad Oficial,≤100
969143216462972,Felipe Cañizalez,Andreina Quintero Correa,≤100
2179680032345809,Cesar Augusto Torres Ríos,Cesar Augusto Torres Ríos,≤100
832764363485573,Roberto Rodríguez Z.,Oscar Alexander Garcia Lopez,≤100
267198759973201,Bairon Enrique Muñoz Lizarazo,Bairon Enrique Muñoz Lizarazo,≤100