﻿Page ID,Page name,Disclaimer,Amount spent (USD)
122258358636926,Sound of Freedom Movie,"Sound of Freedom, LLC",1107
107483817554072,WorkMoney,WorkMoney,600
104095962704249,SOS America PAC,SOS America PAC,416
115238421570056,Arkansas Black Mayors Association,Arkansas Black Mayors Association,336
200650357207240,I Love My Freedom,I Love My Freedom,335
102915374460262,Shell USA,Shell,212
100364185463048,Angel Studios,"Angel Studios, Inc.",197
7860876103,Joe Biden,BIDEN VICTORY FUND,189
127225910653607,PragerU,PragerU,178
115822368437716,Americans for Prosperity - Arkansas,AMERICANS FOR PROSPERITY,178
47710973068,Voices for Cooperative Power,Voices for Cooperative Power,124
134687123337151,CDC HIV,Let's Stop HIV Together,115
40217893542,AIPAC,AIPAC,109
92925746942,Judicial Watch,Judicial Watch,106
103875099042033,DailyWire+,The Daily Wire,105
18982436812,ACLU,American Civil Liberties Union,104
1562713090633117,Operation Underground Railroad,OPERATION UNDERGROUND RAI,≤100
106244251043808,America's Plastic Makers,"AMERICAN CHEMISTRY COUNCIL, INC.",≤100
113891694102,Energy Citizens,AMERICAN PETROLEUM INSTITUTE,≤100
108547455113940,Our America,Our America,≤100
240054842698973,Arkansas Good Roads,Arkansas Good Roads Foundation,≤100
57259033959,AARP,AARP,≤100
385473284886474,Hillsdale College,Hillsdale College,≤100
592707041080920,Stand Together,Stand Together Chamber of Commerce Inc.,≤100
105153014612241,Reimagine Arkansas,Reimagine Arkansas,≤100
113573065051049,Building A Better Batesville,Building A Better Batesville,≤100
1669941646417657,Senior Choice Financial,Senior Choice Financial,≤100
107533860975028,Conservative,CONSERVATIVE LLC,≤100
1589261434655726,Advocate Alliance Group,Advocate Alliance Group LLC,≤100
1255705481272786,America250,AMERICA 250 FOUNDATION INC,≤100
9062006483,REI,"RECREATIONAL EQUIPMENT, INC.",≤100
104623832132932,Perry Johnson,PERRY JOHNSON FOR PRESIDENT INC.,≤100
115379705206001,U.S. Department of Homeland Security Blue Campaign,DHS Blue Campaign,≤100
109999331898234,My Affordable Care Act,THE BURIAL SOLUTION,≤100
7030901126,Campaign for Tobacco-Free Kids,Campaign for Tobacco-Free Kids,≤100
107273585778933,Better Schools and Lower Taxes - Wynne,Better Schools and Lower Taxes - Wynne,≤100
1461100540775171,The Tuttle Twins,LIBERTAS INSTITUTE,≤100
304600892905134,Hillsdale College Online Courses,Hillsdale College,≤100
126297030950,Johnson & Johnson,Johnson & Johnson,≤100
203197030603239,8 Billion Trees,8 Billion Trees LLC,≤100
114008535880,Foundation for Individual Rights and Expression,FOUNDATION FOR INDIVIDUAL RIGHTS IN EDUCATION,≤100
246323280108,American Medical Association,American Medical Association,≤100
2353537341582545,Proud Patriots,Proud Patriots,≤100
166618413413767,Jay Sekulow,American Center for Law and Justice,≤100
18709174006,National Audubon Society,"NATIONAL AUDUBON SOCIETY, INC.",≤100
21375324480,The Heritage Foundation,HERITAGE FOUNDATION (THE),≤100
541157509352704,Congressman Bruce Westerman,U.S. Rep. Bruce Westerman,≤100
8492293163,Environmental Defense Fund,Environmental Defense Fund,≤100
110702455395986,Your Health Center,Simple ACA Solutions LLC,≤100
21492729544,Catholic Relief Services,CATHOLIC RELIEF SERVICES - UNITED STATES CONFERENCE OF CATHOLIC BISHOPS,≤100
100992801635617,Conservative-American.org,Conservative American Strategies,≤100
112600915451330,No Labels,No Labels,≤100
145917588805718,Dr Jordan B Peterson,The Daily Wire,≤100
49651563727,Live Action,Live Action,≤100
24330467048,Americans for Prosperity,AMERICANS FOR PROSPERITY,≤100
266790296879,Bloomberg,Bloomberg LP,≤100
97466887664,Innocence Project,"INNOCENCE PROJECT, INC., THE",≤100
1958912674200535,The Pour Over,Pour Over,≤100
1546306879023235,The Reform Alliance,"The Reform Alliance, Inc",≤100
318196171580489,Ron DeSantis,Ron DeSantis for President,≤100
6514736316,Walden University,Walden University,≤100
495170667357093,Electronic Payments Coalition,ELECTRONIC PAYMENTS COALITION INC,≤100
190226429055,U.S. Department of Labor,United States Department of Labor,≤100
145973965440671,Carnegie Corporation of New York,CARNEGIE CORPORATION OF NEW YORK,≤100
12375354406,USO,United Service Organizations,≤100
7191206138,ASPCA,ASPCA,≤100
115379705206001,U.S. Department of Homeland Security Blue Campaign,U.S Department of Homeland Security Blue Campaign,≤100
314499212242,Pfizer,Pfizer Inc.,≤100
118303441570966,Homeowner Smart,NATIONAL ASSOCIATION OF REALTORS,≤100
103715861368344,McCormick & Company,MCCORMICK & COMPANY INC,≤100
58433611572,Seventh Generation,SEVENTH GENERATION INC,≤100
105935999233584,Landon Sanders for District Judge,The Committee to Elect Landon Sanders,≤100
110483677935904,Team DeSantis,Ron DeSantis for President,≤100
172758932738142,PhRMA,PHARMACEUTICAL RESEARCH AND MANUFACTURERS OF AMERICA,≤100
70874333603,CatholicVote,catholicvote.org,≤100
69983322463,Ted Cruz,TED CRUZ FOR SENATE,≤100
53674651369,SBA Pro-Life America,"SUSAN B. ANTHONY LIST, INC.",≤100
309308412520731,Sandy Hook Promise,Sandy Hook Promise,≤100
248181906078243,National Institute for Civil Discourse,CommonSense American,≤100
110372812028356,Citizens for Arkansas Public Education and Students,Citizens for Arkansas Public Education and Students,≤100
141786816970,CLIA - Cruise Lines International Association,Cruise Lines International Association,≤100
135880909935010,Francis Suarez,"SUAREZ FOR PRESIDENT, INC.",≤100
118152441212175,Digital Innovation for America,Digital Innovation for America,≤100
109999331898234,My Affordable Care Act,The Burial Solution,≤100
106131675020147,Digital Progress Institute,DIGITAL PROGRESS INSTITUTE,≤100
148283301869985,Many Hopes,ONE HOME MANY HOPES INC,≤100
85452072376,NEWSMAX,"NEWSMAX MEDIA, INC.",≤100
340153562850578,Tim Tebow,TIM TEBOW FOUNDATION,≤100
6024998621,StoryCorps,StoryCorps,≤100
6204742571,Sierra Club,SIERRA CLUB,≤100
482721521865105,Bleecker Street,These ads ran without a disclaimer,≤100
102012579380175,Democratic Party of Baxter County,Democratic Party of Baxter County,≤100
219612384781411,Bloomberg Philanthropies,Bloomberg Philanthropies,≤100
304600892905134,Hillsdale College Online Courses,HILLSDALE COLLEGE,≤100
309798029121030,Everytown for Gun Safety,Everytown for Gun Safety Action Fund Inc,≤100
109092142462587,Adam Schiff,SCHIFF FOR SENATE,≤100
104859815770730,Simple Health Solutions,Health Enrollment Department LLC,≤100
10128918116,Gavin Newsom,Campaign for Democracy Committee,≤100
100403528653081,Punchbowl News,Punchbowl News,≤100
45393753416,Alliance Defending Freedom,Alliance Defending Freedom,≤100
114765400352270,Kite & Key Media,VMTS EDUCATION INC,≤100
342294162453301,Planned Parenthood,Planned Parenthood Federation of America,≤100
929096003945397,Free Legal Reviews,These ads ran without a disclaimer,≤100
76470053424,TIAA,TEACHERS INSURANCE AND ANNUITY ASSOCIATION OF AMERICA,≤100
23875187730,Feeding America,Feeding America,≤100
101229565835425,Agenda for America,Agenda for America,≤100
284624954962951,Gus Bilirakis for Congress,Bilirakis For Congress,≤100
665345483483486,NRA - National Rifle Association of America,NATIONAL RIFLE ASSN OF AMERICA,≤100
147368882623027,Black Futures Lab,Black Futures Lab,≤100
6041057841,The Humane Society of the United States,"HUMANE SOCIETY OF THE UNITED STATES, THE",≤100
354851377936744,BookTV,NATIONAL CABLE SATELLITE CORPORATION,≤100
702582586516561,CBN Israel,The Christian Broadcasting Network,≤100
428821014132730,Katie Porter,KATIE PORTER FOR SENATE,≤100
7292655492,MoveOn,MOVEON.ORG POLITICAL ACTION,≤100
130449343291731,Ryan Binkley,BINKLEY FOR PRESIDENT 2024,≤100
114316228350696,Competitive Markets Action,"Competitive Markets Action, Inc.",≤100
107661474402498,United Patriot,United Patriot,≤100
216311481960,Bill Gates,Bill Gates,≤100
38471053686,Elizabeth Warren,"WARREN FOR SENATE, INC.",≤100
349068689306,Tim Scott,Tim Scott for America,≤100
1682876188698809,United for Respect,United for Respect,≤100
105683295780371,Carol Collins for District Judge,The Committee to Elect Carol Collins,≤100
107830128834941,Keith Gross,KEITH GROSS FOR FLORIDA,≤100
7239334663,USAA,UNITED SERVICES AUTOMOBILE ASSOCIATION,≤100
104107788684988,Tom Klingenstein,TomKlingenstein.com,≤100
100346689495660,Pete's Pranks,Petes Pranks,≤100
100652668612020,Essential Plastics Coalition,"CENTER FOR CONSUMER FREEDOM, THE",≤100
7030901126,Campaign for Tobacco-Free Kids,TOBACCO-FREE KIDS ACTION FUND,≤100
13885075114,Action Against Hunger USA,ACTION AGAINST HUNGER - USA,≤100
15771560300,Earthjustice,EARTHJUSTICE,≤100
103695769458,United States Mint,United States Mint,≤100
114710126648118,Republican Dogs,Republican Dogs,≤100
2352630938293825,Mytacticalpromos,Entremax,≤100
104394262049761,Jeremy's Razors,The Daily Wire,≤100
107764430968176,Tuttle Twins TV Show,"Tuttle Twins Show, LLC",≤100
153080620724,Donald J. Trump,TRUMP SAVE AMERICA JOINT FUNDRAISING COMMITTEE,≤100
580610428636345,Fight for $15,Fight for $15,≤100
267180743723148,National Geographic Society,National Geographic Society,≤100
24413227922,Kamala Harris,BIDEN VICTORY FUND,≤100
51405613519,Focus on the Family,Focus on the Family,≤100
570953166908066,Vivek Ramaswamy,VIVEK 2024,≤100
1505244559517282,Colin Allred,COLIN ALLRED FOR SENATE,≤100
104295601633638,American Cornerstone Institute,American Cornerstone Institute Inc,≤100
269348454714,IMB,"INTERNATIONAL MISSION BOARD OF THE SOUTHERN BAPTIST CONVENTION, THE",≤100
107970895611193,Herzog Tomorrow Foundation,Herzog Tomorrow Foundation,≤100
105561217523274,The Dispatch,"Dispatch Media, Inc.",≤100
100692068471118,Explain America,Apse Media LLC,≤100
570092813023833,Matt Walsh,The Daily Wire,≤100
42940254353,Human Rights Watch,"HUMAN RIGHTS WATCH, INC.",≤100
134452023239984,Human Coalition,Human Coalition,≤100
108268161352786,Stanley M. Herzog Foundation,Herzog Foundation,≤100
219800681426720,The Maine Wire,The Maine Wire,≤100
30139072158,CARE,"COOPERATIVE FOR ASSISTANCE AND RELIEF EVERYWHERE, INC. (CARE)",≤100
786167111464006,Woodson Center,The Woodson Center,≤100
197760674021143,Indivisible Guide,Indivisible Project,≤100
203805062990264,Ben Shapiro,Daily Wire,≤100
104933662932387,CreativeFuture,CreativeFuture,≤100
228132537208218,Tammy Duckworth,TAMMY FOR ILLINOIS,≤100
1443127535947107,Save the Children Action Network,Save the Children Action Network,≤100
1526707030943680,Phoenix Dream Center,City Help Inc of Phoenix dba Phoenix Dream Center,≤100
689547608156721,The Burial Solution,The Burial Solution,≤100
96935476345,Democratic Governors Association (DGA),"Democratic Action, democraticgovernors.org, not authorized by any candidate or candidate's committee.",≤100
15188122178,The Hamilton Collection,The Hamilton Collection,≤100
121626482110,Operation Smile,OPERATION SMILE,≤100
1600352356914768,PushBlack,PushBlack,≤100
103375628943529,Adam Frisch,Adam for Colorado,≤100
282728185140429,Rep For Vets,The Rep For Vets,≤100
245741028804051,Barbara Sinatra Center,Barbara Sinatra Children's Center,≤100
8501031021,VoteVets,VOTEVETS,≤100
36872302227,Cory Booker,CORY BOOKER FOR SENATE,≤100
101391906600,Live Action News,Live Action,≤100
83290028957,Care Net,CARE NET,≤100
103531607822207,Noticias para Inmigrantes,"Wise Rock Media, PBC",≤100
118626774835274,Medicare Made Clear,Medicare Made Clear from United Healthcare,≤100
8321461609,MomsRising.org,MomsRising Together,≤100
130268756992804,Yale Climate Connections,Yale Climate Connections,≤100
104253615152700,America First Legal,America First Legal Foundation,≤100
101400032438085,The A-Mark Foundation,A MARK FOUNDATION,≤100
6355071377,American Cancer Society Cancer Action Network - ACS CAN,AMERICAN CANCER SOCIETY CANCER ACTION NETWORK INC,≤100
111598723672729,Alliance for Automotive Innovation,ALLIANCE FOR AUTOMOTIVE INNOVATION,≤100
383712021656990,TeachingAmericanHistory.org,TEACHING AMERICAN HISTORY,≤100
5970146660,Community Change,Center for Community Change Action,≤100
105175422857231,Association of American Railroads,ASSOCIATION OF AMERICAN RAILROADS,≤100
8934429638,Planned Parenthood Action,Planned Parenthood Action Fund,≤100
163148530407080,Captain Mark Kelly,MARK KELLY FOR SENATE,≤100
101704558574021,Lucas Kunce,Lucas Kunce for Missouri,≤100
109320440856128,Stand Up to Jewish Hate,"Foundation to Combat Anti-Semitism, Inc.",≤100
140357056032320,NEA Today,National Education Association,≤100
102944619008819,1 Million Strong,Stand Together Chamber of Commerce Inc.,≤100
20787991568,Senate Democrats,DSCC,≤100
6266829799,Sherrod Brown,FRIENDS OF SHERROD BROWN,≤100
1230571136989811,Top of Mind,Top of Mind,≤100
56332452163,AMA Patients Action Network,American Medical Association,≤100
131618273567984,Jeff Landry,Landry for Louisiana,≤100
100758682697459,Mayday Health,"Mayday Medicines, Inc.",≤100
179513292162226,American History TV,NATIONAL CABLE SATELLITE CORPORATION,≤100
159658557547960,Wall Street Journal Opinion,The Wall Street Journal,≤100
103807629149771,Working Forests Initiative,"WORKING FOREST INITIATIVE, INC.",≤100
104491841664875,Country First,"Country First Action, Inc.",≤100
7341997111,Conservation International,Conservation International,≤100
483732201807233,Safari Club International - SCI,SAFARI CLUB INTERNATIONAL,≤100
118432634589209,ChoeShow,These ads ran without a disclaimer,≤100
700153177010264,Plant Based Products Council,Plant Based Products Council,≤100
110594725386545,Tell It Like It Is PAC,Tell It Like It Is PAC,≤100
474227102732389,Turning Point Action,Turning Point Action,≤100
30914589895,The International Fellowship of Christians and Jews,INTERNATIONAL FELLOWSHIP OF CHRISTIANS & JEWS INC,≤100
86071521216,Second Amendment Foundation,SECOND AMENDMENT FOUNDATION INC,≤100
197760674021143,Indivisible Guide,INDIVISIBLE ACTION,≤100
1470540296409810,Fair Fight Action,FAIR FIGHT,≤100
372577693078008,"Saenz-Garcia Law, PLLC","Saenz-Garcia Law, PLLC",≤100
179508258738036,American Council of Life Insurers,American Council of Life Insurers,≤100
8524198486,Physicians Committee for Responsible Medicine,"PHYSICIANS COMMITTEE FOR RESPONSIBLE MEDICINE, INC.",≤100
74470852653,Mike Pompeo,Champion American Values PAC,≤100
6240652407,Young America's Foundation,Young America's Foundation Inc,≤100
50822254585,Mountain States Legal Foundation,Mountain States Legal Foundation,≤100
107454490912636,Jewish Future Pledge,Jewish Future Pledge Inc,≤100
38882699096,Polaris,POLARIS PROJECT,≤100
29717379728,International Justice Mission,International Justice Mission,≤100
142432192446984,David Horowitz Freedom Center,David Horowitz Freedom Center,≤100
38235851310,USA for UNHCR,UNITED STATES ASSOCIATION FOR UNHCR,≤100
46196975437,Children's Rights,Children's Rights,≤100
101432317199,Blue Cross and Blue Shield Association,BLUE CROSS AND BLUE SHIELD ASSOCIATION,≤100
255062275778,Tim Tebow Foundation,TIM TEBOW FOUNDATION,≤100
108512875350,The Atlas Society,The Objectivist Center Ltd,≤100
5720973755,Defenders of Wildlife,DEFENDERS OF WILDLIFE,≤100
291391109320335,Cooke for Congress,COOKE FOR CONGRESS,≤100
179773505382352,Committee on House Administration,official funds authorized by the House of Representatives,≤100
657708380952174,Voices of the Civil Rights Movement,Comcast,≤100
107445151903077,Change The Code,GREENPEACE INC,≤100
8532248414,Wounded Warrior Project,"WOUNDED WARRIOR PROJECT, INC.",≤100
169840807024913,Jobob,The Jobob Show,≤100
278052172260101,ZERO TO THREE,ZERO TO THREE,≤100
23790541544,Democrats,DCCC,≤100
107263336110653,Benton County Assessor's Office,Benton County Assessors Office,≤100
103546351703577,Dallas Express,Dallas Express Media,≤100
431019887282794,Tomorrow's World Today,Flying Cork,≤100
351310239372,Associated Republicans of Texas,Associated Republicans of Texas,≤100
100277132101163,One Percent for America,"ONE PERCENT FOR AMERICA, INC.",≤100
10498053716,Media Research Center,MEDIA RESEARCH CENTER,≤100
154561574598964,White Coat Waste Project,THE WHITE COAT WASTE PROJECT INC,≤100
160005659383,PreBorn,"MISSION: PRE-BORN, INC.",≤100
103565195134756,America First Policy Institute,America First Policy Institute,≤100
105120815642998,Partnership to Address Global Emissions,PARTNERSHIP TO ADDRESS GLOBAL EMISSIONS INC,≤100
300992409852,Hoover Institution,Hoover Institution,≤100
109748660821862,The Los Angeles Alliance For Human Rights,LA Alliance for Human Rights,≤100
367292494407,AJC - American Jewish Committee,AMERICAN JEWISH COMMITTEE,≤100
602074469965571,Plan C,NATIONAL WOMENS HEALTH NETWORK,≤100
60182072999,Lila Rose,Live Action,≤100
11111618026,Union of Concerned Scientists,"UNION OF CONCERNED SCIENTISTS, INC.",≤100
7357041101,Tammy Baldwin,TAMMY BALDWIN FOR SENATE,≤100
35715544220,Stand.earth,Stand.earth,≤100
106816612165050,Paul Young for Memphis,Friends of Paul Young,≤100
745304825534862,Steve Scalise,Team Scalise,≤100
2254455051442790,Patriot Depot,Flag & Cross,≤100
375742685850856,Firearms Policy Coalition,"FIREARMS POLICY COALITION, INC.",≤100
152002971521619,Senator Roland Gutierrez,ROLAND GUTIERREZ FOR TEXAS,≤100
506680536015406,HumanProgress.org,"CATO INSTITUTE, INC.",≤100
408526523045391,Mammoth Nation,Mammoth Nation,≤100
152065518140304,Wildlife Conservation Society,Wildlife Conservation Society,≤100
111824001908,Hakeem Jeffries,JEFFRIES FOR CONGRESS,≤100
160630887998827,Let Them Live,Let Them Live,≤100
466164103423147,Thorn,Thorn,≤100
11791104453,NRDC,Natural Resources Defense Council,≤100
103839911900639,Sam Brown,SAM BROWN FOR NEVADA,≤100
169597416843751,Stand Up America,Stand Up America,≤100
203805062990264,Ben Shapiro,The Daily Wire,≤100
407902639235640,JNS.org,Jewish News Syndicate,≤100
108117801859232,Taking Back America,Conservative Brief,≤100
443329669123990,USAFacts,USAFacts Institute,≤100
317284821682168,Messianic Jewish Alliance of America (MJAA),Messianic Jewish Alliance of America,≤100
173896102623920,Old Row,Old Row,≤100
43005439032,American Diabetes Association,American Diabetes Association,≤100
6502038524,First Book,FIRST BOOK,≤100
121268821249550,World Central Kitchen,World Central Kitchen,≤100
780941275347834,Ilhan Omar,ILHAN FOR CONGRESS,≤100
93228695778,Tea Party Patriots,Tea Party Patriots,≤100
458142697588014,AARP Public Policy Institute,AARP,≤100
240937060405,Center for Science in the Public Interest (CSPI),Center for Science in the Public Interest,≤100
7219151423,The Fund for American Studies (TFAS),FUND FOR AMERICAN STUDIES,≤100
56074851990,Truth Initiative,TRUTH INITIATIVE FOUNDATION,≤100
124506846628,Agape International Missions,AGAPE INTERNATIONAL MISSIONS,≤100
17203056985,Partners In Health,Partners In Health,≤100
9364828262,Citizens Against Government Waste,CITIZENS AGAINST GOVERNMENT WASTE,≤100
1632814840319802,John Fetterman,Fetterman for PA,≤100
251734676525,Kevin Cramer,CRAMER FOR SENATE,≤100
115951664768112,Pam Hathaway for Court of Appeals,The Committee to Elect Pam Hathaway,≤100
8550121410,Free Speech America Project,MEDIA RESEARCH CENTER,≤100
118385911198439,Trending Politics News,I Love My Freedom,≤100
1832744013698336,Mahogany Mommies,Mahogany Mommies,≤100
2245766435469741,Beersy,Beersy LLC,≤100
1382441768496365,Pentair,PENTAIR,≤100
6333396177,NewsBusters.org,MEDIA RESEARCH CENTER,≤100
723394465079640,The Lion,Stanley M. Herzog Charitable Foundation,≤100
153278754738777,Climate Reality,The Climate Reality Project,≤100
442369942871531,Michelle McKissack,COMMITTEE TO ELECT MICHELLE MCKISSACK,≤100
111806955195299,Wendy Davis for Congress,WENDY DAVIS FOR CONGRESS,≤100
8325302025,Friends of the Earth U.S.,Friends of the Earth,≤100
355783211719644,Veteran Caregivers of America,"Veteran Caregivers, LLC",≤100
1448371308784948,Councilwoman Angie Henderson,Friends of Angie Henderson,≤100
1470540296409810,Fair Fight Action,FAIR FIGHT ACTION INC,≤100
1593518174052711,Candace Owens,Daily Wire,≤100
6316744206,Jon Tester,MONTANANS FOR TESTER,≤100
1316372698453411,Alexandria Ocasio-Cortez,Alexandria Ocasio-Cortez for Congress,≤100
110099228407333,Chevron Advocacy Network,Chevron Advocacy Network,≤100
2602473023098666,Democratic Polling Center,Democratic Governors Association,≤100
60261764250,Childhelp,"CHILDHELP, INC.",≤100
61492859575,Americares,"Americares Foundation, Inc.",≤100
259351004139042,Ashbrook Center,Ashbrook Center,≤100
1883588135197697,Wild Earth Allies,Wild Earth Allies,≤100
117437204982602,American Wild Horse Campaign,American Wild Horse Preservation Campaign,≤100
201956993160690,MRCTV,MEDIA RESEARCH CENTER,≤100
343714718985673,Think Wood,Think Wood,≤100
51379424899,Mercy Ships,MERCY SHIPS INTERNATIONAL,≤100
115262456592822,Christians Engaged,Christians Engaged,≤100
313723095478950,Daily Citizen,Focus on the Family,≤100
120102651346136,Nevada State Treasurer’s Office,STATE TREASURER NEVADA OFFICE OF,≤100
290548664672,First Liberty Institute,First Liberty Institute,≤100
5647744585,PETA (People for the Ethical Treatment of Animals),"PEOPLE FOR THE ETHICAL TREATMENT OF ANIMALS, INC.",≤100
102592959026,Ocean Conservancy,"OCEAN CONSERVANCY, INC.",≤100
471928596287830,Brian Mast,Mast for Congress,≤100
152264148166020,Moms Clean Air Force,Moms Clean Air Force,≤100
105861441295494,97Percent,97PERCENT ORG INC,≤100
104340132748343,Americans Savings,Americans Savings,≤100
1492209061034879,Freddie O'Connell for Mayor,Ready for Freddie Committee,≤100
408250066356,Bill O'Reilly,"Bill Me, Inc.",≤100
15503839732,Peter G. Peterson Foundation,Peter G. Peterson Foundation,≤100
27817332304,American Foundation for Suicide Prevention,AMERICAN FOUNDATION FOR SUICIDE PREVENTION,≤100
7735858972,Humane Society Legislative Fund,Humane Society Legislative Fund,≤100
128103650601995,The Conservative Caucus,The Conservative Caucus,≤100
107936991746783,A Common Sense America,Common Sense America Inc,≤100
137363449669160,Martin Heinrich,MARTIN HEINRICH FOR SENATE,≤100
114301413446447,The Climate Initiative,Kennebunkport Climate Initiative,≤100
546066468753446,Black Health Matters,BLACK HEALTH MATTERS FOUNDATION INC,≤100
1163811040367180,Food & Water Action,FOOD & WATER ACTION,≤100
6334782252,Oceana,Oceana,≤100
126893748252841,American Firearms Association,American Firearms Coalition,≤100
14038292386,Women for Women International,WOMEN FOR WOMEN INTERNATIONAL,≤100
105753898811449,Align Us,Align Us,≤100
1679521432262834,Physicians Grassroots Network,American Medical Association,≤100
524399207959953,Truth & Liberty Coalition,Truth & Liberty Coalition,≤100
482100658584410,We Stand For Energy,"EDISON ELECTRIC INSTITUTE, INC.",≤100
7192716362,Amnesty International USA,"AMNESTY INTERNATIONAL OF THE U. S. A., INC.",≤100
8473889271,National Parks Conservation Association,National Parks Conservation Association,≤100
114633944922650,"Sunlyt, LLC","Sunlyt, LLC",≤100
156496968533805,Explore Beyond,NCTA - The Internet & Television Association,≤100
131306317680000,Social Goods,"Social Goods, LLC",≤100
101581329115492,Freedom Street,"Freedom From the Press, LLC",≤100
104107455066450,H. Russell Cohen,H. Russell Cohen,≤100
72931140459,Center for Biological Diversity,"CENTER FOR BIOLOGICAL DIVERSITY, INC.",≤100
17911165812,Covenant House International,Covenant House,≤100
1526736227567131,TrueCoverage,True Coverage,≤100
100512237997467,Community Health Partnership,Community Health Partnership,≤100
149220264647,ADL,Anti-Defamation League,≤100
80562389320,NARAL Pro-Choice America,NARAL PRO-CHOICE AMERICA CORP,≤100
271453369908901,FLAG  - Foundation for Liberty and American Greatness,FLAG  - Foundation for Liberty and American Greatness,≤100
46093654473,National Republican Congressional Committee,NRCC,≤100
91346559231,Democratic Legislative Campaign Committee - DLCC,Democratic Legislative Campaign Committee,≤100
100700519593180,"Buck Nasty Media. Sports, culture, politics, and the Nasty Truth","Buck Nasty Media. Sports, culture, politics, and the Nasty Truth",≤100
107414074990650,Defense of Freedom Institute,"Defense of Freedom Institute for Policy Studies, Inc.",≤100
102961048478150,Center for Renewing America,CENTER FOR RENEWING AMERICA INC,≤100
24470472733,The Trevor Project,The Trevor Project,≤100
106041458006742,The Tactical Brotherhood,The Tactical Brotherhood,≤100
8047221596,Save the Children US,SAVE THE CHILDREN FEDERATION INC.,≤100
49421708941,Americans for Limited Government,AMERICANS FOR LIMITED GOVERNMENT IN,≤100
19192438096,AAAS - The American Association for the Advancement of Science,American Association for the Advancement of Science,≤100
105055152148626,Dalio Philanthropies,"Dalio Foundation, Inc.",≤100
1749019308649177,Democratic Party of Craighead County,Democratic Party of Craighead,≤100
101913366183712,Alice Rolli,Alice Rolli for Nashville,≤100
104873005081197,Repro Legal Defense Fund,IF/WHEN/HOW,≤100
380884168648080,Population Research Institute,POPULATION RESEARCH INSTITUTE,≤100
104377518078467,More Perfect Union,MORE PERFECT UNION FOUNDATION,≤100
1546952572205770,UAE USA United,The Embassy of the United Arab Emirates,≤100
127637620616803,Comcast Newsmakers,COMCAST CORPORATION,≤100
97624620788,American Friends of Magen David Adom,AMERICAN FRIENDS OF MAGEN DAVID ADOM,≤100
114009933764548,The Patriot Club,RightWingGear.com,≤100
1590877284560136,Patti Harris,Bloomberg Philanthropies,≤100
1628922377207463,Randy Feenstra,FEENSTRA FOR CONGRESS,≤100
297987334762,Jamie Raskin,Jamie Raskin for Congress,≤100
114513494875415,America's Freedom Page,USA Features Media LLC,≤100
21375324480,The Heritage Foundation,These ads ran without a disclaimer,≤100
108733862157788,Tim Sheehy,TIM SHEEHY FOR MONTANA,≤100
96491683438,"The Friends of Israel Gospel Ministry, Inc.","FRIENDS OF ISRAEL GOSPEL MINISTRY, INC, THE",≤100
1049573471767276,The Guardian Fund,THE GUARDIAN FUND,≤100
170675496432752,Jeff Syracuse For Metro Council At Large,Friends of Jeff Syracuse for Metro Council,≤100
103376804451432,Trending Politics,I Love My Freedom,≤100
8914040942,Chesapeake Bay Foundation,"CHESAPEAKE BAY FOUNDATION, INC., THE",≤100
102327352833594,Earth HQ,Earth HQ,≤100
115056554950266,Enroll Health Now,Enroll Health Now,≤100
309798029121030,Everytown for Gun Safety,Everytown for Gun Safety Support Fund Inc,≤100
122269174199638,USA Journal News,USA Features Media LLC,≤100
188680044515338,South Dakota Governor's Office of Economic Development,South Dakota Governor's Office of Economic Development,≤100
104719928295399,Turn Left PAC,TURN LEFT PAC,≤100
113986481630469,Trending Patriots,I Love My Freedom,≤100
105522602483398,Breaking News Alert,VIP Ad Solutions LLC,≤100
1272534336242476,CFR Education,Council on Foreign Relations,≤100
10803722213,Common Cause,COMMON CAUSE,≤100
149960585587560,Kohler Co.,Kohler Company,≤100
104099074492299,Derrick Van Orden,VAN ORDEN FOR CONGRESS,≤100
1534290989956166,Philanthropy Roundtable,"PHILANTHROPY ROUNDTABLE, THE",≤100
111306298500421,Julie Hartman,Salem Media Group,≤100
143173285763,Tenth Amendment Center,Tenth Amendment Center,≤100
5435784683,Greenpeace USA,"GREENPEACE, INC.",≤100
205795426669644,Facts and Logic about the Middle East,Facts and Logic About the Middle East,≤100
19342050934,Leadership Institute,LEADERSHIP INSTITUTE INC,≤100
1338822066131069,Women's March,Women's March,≤100
109118211910879,Mr. 45,Green Straw LLC,≤100
100284648021034,New Tolerance Campaign,New Tolerance Campaign,≤100
138290759549138,Hope Clinic,Hope Clinic for Women,≤100
293225127381200,Patriot Depot,The Patriot Depot,≤100
109599248636777,Consumer Credit Card Protection Coalition,CONSUMER CREDIT CARD PROTECTION COALITION,≤100
142474049098533,Robert Reich,Inequality Media,≤100
104908071917505,Welcome.us,Welcome.us,≤100
210937299260017,USA Features Media,USA Features Media LLC,≤100
8446177150,Chosen People Ministries,CHOSEN PEOPLE MINISTRIES INC,≤100
18983389920,Open Society Foundations,Open Society Foundations,≤100
6593503709,Gabby Giffords,Giffords,≤100
46347342434,EMILYs List,EMILY'S LIST,≤100
1683659714985244,Phil Ehr,Phil Ehr for Senate,≤100
300341323465160,The Daily Signal,HERITAGE FOUNDATION (THE),≤100
36474716066,Color Of Change,ColorofChange.org,≤100
2005933579709817,Mike Cortese for Metro Council 4,Friends of Mike Cortese,≤100
176548369099092,Barbara Lee,Barbara Lee for U.S. Senate,≤100
72092591211,FBI – Federal Bureau of Investigation,Federal Bureau of Investigation,≤100
50513265848,Citizens United,Citizens United,≤100
7606381190,Amy Klobuchar,KLOBUCHAR FOR MINNESOTA,≤100
106967202260421,Rodney Hall for Mississippi House Dist. 20,Hall for Mississippi,≤100
100373975829221,Fòs Feminista Org,Fòs Feminista,≤100
349800859019034,The 19th News,The 19th,≤100
443056709080055,ReturnToOrder.org,"American Society for the Defense of Tradition, Family and Property",≤100
2255535767896743,Mark Robinson,Friends of Mark Robinson,≤100
19437978960,Chris Murphy,FRIENDS OF CHRIS MURPHY,≤100
77675748950,New Israel Fund,"NEW ISRAEL FUND, THE",≤100
5644748986,National Wildlife Federation,NATIONAL WILDLIFE FEDERATION,≤100
104659801302856,Anna Kaplan for New York,Anna Kaplan for New York,≤100
102044622753692,American Potential Podcast,AMERICANS FOR PROSPERITY,≤100
92021268117,Working America,Working America,≤100
15239367801,The Wilderness Society,"WILDERNESS SOCIETY, THE",≤100
603247219687559,Buddy Carter,BUDDY CARTER FOR CONGRESS,≤100
133937690180,Student Conservation Association,Student Conservation Association,≤100
7263476274,Mercy Corps,Mercy Corps,≤100
17414523278,Democracy Now!,DEMOCRACY NOW,≤100
110981884065996,AbortionFinder,Power to Decide,≤100
180381489134,Chris Christie,"Chris Christie For President, Inc.",≤100
161183970656851,Ruben Gallego,GALLEGO FOR ARIZONA,≤100
220873174076,Animal Equality,ANIMAL EQUALITY,≤100
100119981671668,Blue Senate,BLUE SENATE PAC,≤100
108970206976,World Vision USA,WORLD VISION INC.,≤100
260933440643373,UltraViolet,UltraViolet Education Fund,≤100
100282586084755,"D.D. Black, Author of Pacific Northwest Crime Fiction",These ads ran without a disclaimer,≤100
116322975053820,St. John's Community Services,ST. JOHN'S COMMUNITY SERVICES,≤100
105173311888160,Star and Bar,Star and Bar,≤100
169042736456594,All Out,All Out Action Fund.,≤100
102221165021408,Law Forward,"Law Forward, Inc.",≤100
19746387261,Humane Society International,Humane Society International,≤100
103591152638245,Tamiko for President,Tamiko for President,≤100
190198574334684,FHE Health,THE FLORIDA HOUSE EXPERIENCE M,≤100
497719423723034,Planned Parenthood California Central Coast,Planned Parenthood California Central Coast,≤100
116546288359245,Heritage Action for America,HERITAGE ACTION FOR AMERICA,≤100
116197620249405,Recycling Facts,Center for Consumer Freedom,≤100
89336510798,American Friends of the Hebrew University,American Friends of Hebrew University,≤100
48994809349,Ms. Foundation for Women,MS FOUNDATION FOR WOMEN INC,≤100
384006901653736,The Moore Charitable Foundation,Moore Charitable Foundation,≤100
59877921429,Lutheran Immigration and Refugee Service,"LUTHERAN IMMIGRATION AND REFUGEE SERVICE, INC.",≤100
700941689954518,Defend Our Future,Defend Our Future,≤100
43934405787,IPPF,International Planned Parenthood Federation Worldwide Inc,≤100
349904785020665,Law & Liberty,"Liberty Fund, Inc.",≤100
151894654697,Save Our States,Save Our States,≤100
836826976517252,International Christian Embassy Jerusalem - USA,"International Christian Embassy Jerusalem - USA, Inc.",≤100
201248453800242,My Pay My Say,Mackinac Center for Public Policy,≤100
110624565660992,ZOE International,ZOE International,≤100
102431482417812,American Free Enterprise Action,AMFREEACTION COMMITTEE,≤100
710460605705480,Dugit Outreach Center,Dugit Messianic Outreach Center,≤100
170491079663777,The Sentencing Project,"SENTENCING PROJECT INC, THE",≤100
266003946905686,Salmon Beyond Borders,SalmonState,≤100
105369722491148,Joe Signorello,JOE SIGNORELLO FOR CONGRESS,≤100
105911635614678,"Ascension Solar, LLC",These ads ran without a disclaimer,≤100
497348647140658,Point Source Youth,Point Source Youth,≤100
50982313030,Food & Water Watch,Food & Water Watch,≤100
567101470157212,Obama Foundation,The Barack Obama Foundation,≤100
109709662184091,Communities United to Elect Janessa Goldbeck for Supervisor,Communities United to Elect Janessa Goldbeck for Supervisor 2023,≤100
113018327190974,Global Justice Group,GLOBAL JUSTICE GROUP INC,≤100
164966660351345,Hope Outfitters,Hope Outfitters,≤100
58709265392,Americans United for Separation of Church and State,American's United for Separation of Church and State,≤100
108503659576,National Coalition for Public School Options,National Coalition for Public School Options,≤100
194115677277113,A21,THE A21 CAMPAIGN,≤100
596124160422158,Engineers Labor Employer Cooperative ELEC,Local 825 Labor Management Fund,≤100
567371470277443,The Wilderness Society Action Fund,The Wilderness Society Action Fund,≤100
1499191057075106,Chronic Disease Coalition,Chronic Disease Coalition,≤100
109893362130598,Great American Patriots,I Love My Freedom,≤100
16534314739,Facing History & Ourselves,Facing History & Ourselves,≤100
354377577952993,SEIU Local 105,SERVICE EMPLOYEES INTERNATIONAL UNION LOCAL 105,≤100
71324717432,National Association of Scholars,NATIONAL ASSOCIATION OF SCHOLARS,≤100
12357407443,American Friends Service Committee,AMERICAN FRIENDS SERVICE COMMITTEE,≤100
1575347412785991,cheddar news,Cheddar,≤100
123857614319417,Texas Nationalist Movement,Texas Nationalist Movement,≤100
101136147910784,Represent Justice,Represent Justice,≤100
34362997676,United States Holocaust Memorial Museum,UNITED STATES HOLOCAUST MEMORIAL MUSEUM,≤100
215968684159,AFT - American Federation of Teachers,American Federation of Teachers,≤100
102421369434228,Goose's News Daily,Goose's News Daily,≤100
1936434949715365,Moneywise.com,These ads ran without a disclaimer,≤100
56680318666,Illinois Policy,Illinois Policy,≤100
1116377255172784,Concerned Veterans for America Foundation,Concerned Veterans for America Foundation,≤100
262680017949612,Quincy Institute for Responsible Statecraft,Quincy Institute,≤100
40217893542,AIPAC,American Israel Public Affairs Committee,≤100
129255907131113,NumbersUSA,NUMBERSUSA EDUCATION AND RESEARCH FOUNDATION,≤100
100484735718366,The Coalition for Carolina,Coalition for Carolina,≤100
104396194587918,C3 Solutions,Conservative Coalition for Climate Solutions,≤100
1012679305536045,Elissa Slotkin,Elissa Slotkin for Michigan,≤100
228754857151053,House Majority PAC,HOUSE MAJORITY PAC,≤100
403737406341879,National Women's Health Network,NATIONAL WOMENS HEALTH NETWORK,≤100
10234472029,Council on Foreign Relations,Council on Foreign Relations,≤100
327853590558653,"Agri-Pulse Communications, Inc.","AGRI-PULSE COMMUNICATIONS, INC.",≤100
58043814556,Oklahoma City Memorial Marathon,Oklahoma City Memorial Marathon,≤100
103552914774916,Science Moms,Potential Energy Coalition Inc,≤100
102748688472759,Parents Defending Education,Parents Defending Education,≤100
201446296572389,Compassion in World Farming (USA),Compassion in World Farming Inc,≤100
100798594958887,inseparable,Inseparable Inc,≤100
142957224352,International Medical Corps,International Medical Corps,≤100
113496178208014,Protecting Our Democracy,Protecting Our Democracy,≤100
105756057589080,The Lincoln Project,THE LINCOLN PROJECT,≤100
378084314984,Trane Technologies,Trane Technologies,≤100
110010433804232,Standing For Freedom Center,Standing for Freedom Center,≤100
109521013225,Nikki Haley,Nikki Haley for President,≤100
18813753280,Human Rights Campaign,"HUMAN RIGHTS CAMPAIGN, INC.",≤100
9324910069,NRSC,NRSC,≤100
939960396036229,Greenily - Your Family Only Greener,"Greenily, LLC",≤100
63240625785,National Immigration Forum,NATIONAL IMMIGRATION FORUM,≤100
291102898490822,Conservative Comedy Store,Conservative Comedy Store,≤100
376250065793807,Citizens for Responsible Energy Solutions,CITIZENS FOR RESPONSIBLE ENERGY SOLUTIONS INC,≤100
555787351119974,Coalition to Protect America's Health Care,Coalition to Protect America’s Health Care,≤100
7145381235,American Jewish World Service - AJWS,"AMERICAN JEWISH WORLD SERVICE, INC.",≤100
311901101987,"The Seeing Eye, Inc.",SEEING EYE INC,≤100
142474049098533,Robert Reich,Inequality Media Civic Action,≤100
103948701221001,Pro-Life Flag Project,Pro-Life Flag Project,≤100
104140632587893,Tanner Newman for PSC,FRIENDS OF TANNER NEWMAN % TANNER NEWMAN,≤100
102413723172970,Nick Adams,Nick Adams,≤100
51533142540,Public Advocate of the U.S.,PUBLIC ADVOCATE OF THE US,≤100
110316380149,Family Policy Alliance,Family Policy Alliance,≤100
2111018762258682,Western Ag Network,Western Ag Network,≤100
109352563640,Water.org,WATER.ORG INC.,≤100
105680575909615,Farm Bill for America’s Families,Farm Bill for America's Families,≤100
95135221781,Federal News Network,Federal News Network,≤100
100158948453494,Lars for President,LARS MAPSTEAD FOR PRESIDENT,≤100
21242962092,ClientEarth,CLIENTEARTH USA INC,≤100
344175515603105,Southern Company,These ads ran without a disclaimer,≤100
203156483151292,PassionLife,PassionLife Ministries,≤100
583258211727279,Shai Fund,SHAI FUND INC,≤100
100540971962779,Localyst,"Accelerate Change, Inc.",≤100
101791315693,Destiny Rescue,"Destiny Rescue International, Inc.",≤100
120182227998993,UNITE HERE Local 11,UNITE HERE Local 11,≤100
323083351064533,The News Literacy Project,The News Literacy Project,≤100
144688399499,La Prensa Latina Media,"MENDELSON & ASSOCIATES, ADVERTISING, LLC",≤100
1301218283344686,Andy Zay,ZAY FOR CONGRESS,≤100
7663052482,YFU USA,"YOUTH FOR UNDERSTANDING USA, INC.",≤100
75273391689,ACLU of Alabama,AMERICAN CIVIL LIBERTIES UNION OF ALABAM,≤100
150468198331534,The David Pakman Show,The David Pakman Show,≤100
601678723294742,The Bill Walton Show,Resolute Protector Foundation,≤100
110789241969098,Andy Morales,Andy Morales,≤100
106834545428519,Matt Wiltshire for Mayor,Matt for Mayor,≤100
181924628560212,Ekō,Ekō,≤100
8002590959,Rainforest Action Network - RAN,RAINFOREST ACTION NETWORK,≤100
104520782264628,DocuCourse,"Be Great Together, Inc.",≤100
6726182861,Mike Pence,Mike Pence for President,≤100
101103254533,SOS International,SOS International,≤100
386305465057247,Liberty Nation News,Liberty Nation,≤100
130945114804,World Jewish Congress,WORLD JEWISH CONGRESS AMERICAN SECTION INC,≤100
105263449250909,Sandy Ewing for Council,Sandy Ewing for Council,≤100
440551812676698,Open The Books,American Transparency,≤100
192738164073627,A Better Balance,A Better Balance,≤100
89234192992,American Heritage Education Foundation,"AMERICAN HERITAGE FILMS, LLC",≤100
129353084077944,Maebe A. Girl,MAEBE A. GIRL FOR CONGRESS,≤100
58158120046,ACLJ,American Center for Law and Justice,≤100
101716172441500,Brennan Center en Español,"WILLIAM J. BRENNAN CENTER FOR JUSTICE, INC.",≤100
167721133253158,The White House Historical Association,These ads ran without a disclaimer,≤100
28126338304,Surfrider Foundation,"SURFRIDER FOUNDATION, INC",≤100
6787988478,Physicians for Human Rights,"PHYSICIANS FOR HUMAN RIGHTS, INC.",≤100
1573514862764092,Speech First,Speech First,≤100
424443217623488,Clarion Project,"CLARION PROJECT, INC.",≤100
7656215652,Tim Kaine,Tim Kaine,≤100
498221457664032,DHL U.S.,"DHL EXPRESS (USA), INC.",≤100
1353297398108180,Jeff Shawan for Missouri,Jeff Shawan,≤100
104134582247672,Anthony D'Esposito,DESPOSITO FOR NEW YORK,≤100
104981939210693,Clayton Keirns,I Love My Freedom,≤100
114665075250432,The Zalkin Law Firm,"The Zalkin Law Firm, P.C.",≤100
261951940219,Goldman Environmental Prize,Goldman Environmental Foundation,≤100
710669049286394,Woo the People,Woo the People,≤100
105902672565367,The Daily Newsline,These ads ran without a disclaimer,≤100
603230363139284,Anthony Bompiani,These ads ran without a disclaimer,≤100
102863281776408,ReportDV901.org,ReportDV901,≤100
103277109172874,The Original Lou's News,"Freedom From the Press, LLC",≤100
340645001925,San Diego County Democratic Party,San Diego County Democratic Party,≤100
615867588540441,Will Hurd,Hurd for America,≤100
101379158990057,United Council on Welfare Fraud,United Council on Welfare Fraud,≤100
150066488433456,Solano Law Firm,SOLANO LAW FIRM LLC,≤100
235147283196528,Christi Craddick,Christi Craddick Campaign,≤100
106485949112716,Jacob Kupin for Nashville Metro Council District 19,JACOB KUPIN FOR DISTRICT 19,≤100
485068924838758,EARN - Employer Assistance and Resource Network on Disability Inclusion,Employer Assistance and Resource Network on Disability Employment,≤100
225417223906,Arnold & Itkin LLP,These ads ran without a disclaimer,≤100
28483858161,Texas Scorecard,ScorecardMedia,≤100
488270467889488,Blake Miguez,Friends of Blake Miguez,≤100
645392368909975,carafem,carafem,≤100
105521469114882,ListMax,ListMax,≤100
344908345545000,San Diegans Against Crime,"San Diegans Against Crime, Sponsored by the San Diego County Deputy District Attorneys Association",≤100
1731084720451495,Saprea,The Younique Foundation,≤100
130753146592974,UCB USA,UCB USA,≤100
346612865750115,Korea Defense Veterans Association,Korea Defense Veterans Association,≤100
103352108299878,Arms Directory,"Arms Directory, LLC",≤100
182620315479,Plan International USA,Plan International USA,≤100
393076844046051,Progressive Caucus,CONGRESSIONAL PROGRESSIVE CAUCUS PAC,≤100
7515233409,"Mikey Weinstein, MRFF",MILITARY RELIGIOUS FREEDOM FOUNDATION,≤100
7229514244,Drug Policy Alliance,DRUG POLICY ALLIANCE,≤100
2373885839560774,Kodie Koenenn for Chancery Clerk,These ads ran without a disclaimer,≤100
8145161702,Lambda Legal,LAMBDA LEGAL DEFENSE & EDUCATION FUND INC,≤100
12596759677,RAICES,REFUGEE AND IMMIGRANT CENTER FOR EDUCATION AND LEGAL SERVICES,≤100
16900111951,National Organization for Women (NOW),NATIONAL ORGANIZATION FOR WOMEN,≤100
109751565516392,Joey Mannarino,American Victory Direct,≤100
165185216852228,Co+op,Co+op,≤100
162244692732,Brennan Center for Justice at NYU Law,"WILLIAM J. BRENNAN CENTER FOR JUSTICE, INC.",≤100
104605160959720,Leda Health,Leda Health Corporation,≤100
357750373755,National Domestic Workers Alliance,National Domestic Workers Alliance,≤100
101350839190816,Macro Conservative,Macro Conservative,≤100
1797087313938555,Pat Ryan,PAT RYAN FOR CONGRESS,≤100
1438722236161076,County of Los Angeles,County of Los Angeles,≤100
252814820267,HIAS,HIAS,≤100
110052089025541,"Tim Clue, Speaker and Comedian",Tim Clue,≤100
518194348194441,RepresentUs,RepresentUs,≤100
113058058533766,The American Patriot,The Raging Patriot,≤100
6445219629,Omaha World-Herald,Omaha World-Herald,≤100
100607179026941,Of Thee I Sing 1776,Of Thee I Sing 1776,≤100
126211280741703,Midwest Values PAC,Midwest Values PAC,≤100
100562019990818,U.S. Term Limits,U.S. Term Limits Inc.,≤100
104483742449646,CenterClip,"CenterClip, Inc.",≤100
100410338482377,American Property Owners Alliance,American Property Owners Alliance,≤100
38234604057,PEN America,PEN AMERICAN CENTER INC,≤100
170718711184,Humanity in Action,"Humanity in Action, Inc.",≤100
97279934919,bp America,BP CORPORATION NORTH AMERICA INC.,≤100
1529786753965053,PXG,These ads ran without a disclaimer,≤100
202071006601223,GOOD PARTY,Good Party LLC,≤100
78420171887,Sailors for the Sea,OCEANA INC,≤100
106659811816862,Mountain Home Observer,Mountain Home Observer,≤100
109284291894484,American News Stories,"Freedom From the Press, LLC",≤100
132669380104415,Blue America,BLUE AMERICA PAC INDEPENDENT EXPENDITURE COMMITTEE,≤100
139835646030666,Alliance for Aviation Across America,Alliance for Aviation Across America,≤100
107363788552124,Local Solutions Support Center,Local Solutions Support Center,≤100
945455208962159,For Everyone Collective,For Everyone Collective,≤100
145856715442586,Oceanic Society,OCEANIC SOCIETY EXPEDITIONS,≤100
1666922183524165,ReThink Energy NJ,ReThink Energy NJ,≤100
100500465282483,Breaking Battlegrounds,September Group LLC,≤100
111357897876676,Scotty Moore for Florida,Scotty Moore for Florida,≤100
122654655280238,i360,i360,≤100
11602044174,Independent Women's Forum,Independent Women's Forum,≤100
106582384539447,Design for Freedom by Grace Farms,"GRACE FARMS FOUNDATION, INC.",≤100
316955281351,APWU - The American Postal Workers Union,AMERICAN POSTAL WORKERS UNION,≤100
143063095713907,Hep,"CDM PUBLISHING, LLC",≤100
6781166087,Bob Casey,BOB CASEY FOR SENATE INC,≤100
101289892821732,The Village at English Turn,"Stanton Square, LLC",≤100
27311599342,Preemptive Love,Preemptive Love Coalition,≤100
303374266418976,AFPM,American Fuel & Petrochemical Manufacturers,≤100
112071038480355,Real News Now,Real News Now,≤100
276076196388914,Coffee & Pan Dulce Show,Coffee & Pan Dulce Show,≤100
1605295603062909,Hot Seat for Judges,Hot Seat for Judges,≤100
113503655146762,Line Drive Podcast,Line Drive Public Affairs LLC,≤100
115150578204235,David Kiefer for Westfield Council,David Kiefer for Westfield Council,≤100
223608490170,The Ruth Institute,The Ruth Institute,≤100
1444820465547227,Rank the Vote,Rank the Vote,≤100
114875961645472,WokeBusters,WokeBusters,≤100
22627435207,Presbyterian Church (U.S.A.),Presbyterian Church (U.S.A.),≤100
85273022315,NAMI,These ads ran without a disclaimer,≤100
104017182658962,Pervez Agwan for U.S. Congress,Agwan For Congress,≤100
102040822610478,Center for Innovation and Free Enterprise,Center for Innovation and Free Enterprise,≤100
106909358810669,Stop RCV,Stop RCV,≤100
1553978148244954,Build With Strength,Build With Strength,≤100
281844617168,Jewish Voice Ministries International,JEWISH VOICE MINISTRIES INTERNATIONAL,≤100
111662777849633,LinktoHair,These ads ran without a disclaimer,≤100
168876449866088,The Years Project,THE YEARS PROJECT,≤100
507070522767934,AACR Foundation,"AMERICAN ASSOCIATION FOR CANCER RESEARCH, INC.",≤100
40201530406,American Society of the University of Haifa,American Society of the University of Haifa,≤100
238473269650980,Capital & Main,CAPITAL & MAIN,≤100
674093346356017,Jen Kiggans for Congress,KIGGANS FOR CONGRESS,≤100
487569614682924,CAPP USA,Yellow Line Productions LLC,≤100
220538341415523,The Satanic Temple,The Satanic Temple,≤100
105504109288452,The Raging Patriot,The Raging Patriot,≤100
229694660403647,Senator Katrina R. Jackson,Katrina R Jackson Campaign,≤100
106705056029405,Renee Pawlish - Author,These ads ran without a disclaimer,≤100
532282430591813,Planet Detroit,Planet Detroit,≤100
50576707351,Republican State Leadership Committee,Republican State Leadership Committee,≤100
106315901551850,The U.S. Concealed Carry Association for Saving Lives,U.S. Concealed Carry Association For Saving Lives. Not Authorized By Any Candidate Or Candidate's Committee.,≤100
1919960241446993,Delishia Porterfield,"Delishia for Nashville, Senator Brenda Gilmore, Treasurer",≤100
499379343409991,Impact Fund,"IMPACT FUND, THE",≤100
102663191965686,Salex,Salex Sv,≤100
102420431749179,Raging Americans,Raging Americans,≤100
351450241620398,Bryan Shupe Delaware,Bryan Shupe Delaware,≤100
5878048748,GlobalGiving,"GLOBALGIVING FOUNDATION, INC.",≤100
138492335404,Scott Walker,FORWARD USA FEDERAL POLITICAL ACTION COMMITTEE,≤100
782093245218764,Qasim Rashid,Qasim for Congress,≤100
107766235181961,The Nunn Report,The Nunn Report,≤100
341513602902369,CALL TO ACTIVISM,CALL TO ACTIVISM,≤100
92729316952,Covanta,Covanta,≤100
108505904007810,Clay Fuller: Main Street Patriot,Main Street Patriot LLC,≤100
102159772966762,FactCheck Mississippi,Fact Check PAC,≤100
102961088866702,Sarah Klee Hood for Congress,SARAH KLEE HOOD FOR NY,≤100
65538457518,The Village Square,TO THE VILLAGE SQUARE INC,≤100
85252863415,National Latina Institute for Reproductive Justice,NATIONAL LATINA INSTITUTE FOR REPRODUCTIVE HEALTH,≤100
114008535880,Foundation for Individual Rights and Expression,"FOUNDATION FOR INDIVIDUAL RIGHTS AND EXPRESSION, INC.",≤100
100529699794683,Jessica Swartz,Jessica for Michigan,≤100
40102638699,J Street,J STREET INC,≤100
125937197447634,ACTA - American Council of Trustees and Alumni,AMERICAN COUNCIL OF TRUSTEES AND ALUMNI,≤100
381578445243960,Kristan Hawkins,"STUDENTS FOR LIFE OF AMERICA, INC.",≤100
80060992758,Center for Food Safety,"CENTER FOR FOOD SAFETY, THE",≤100
1610834479233860,Fight For Reform,End Citizens United Non-federal,≤100
6756153498,Mike Bloomberg,Bloomberg Philanthropies,≤100
117507751891,United Poultry Concerns,"UNITED POULTRY CONCERNS, INC",≤100
105066632162136,Vet the Vote,We the Veterans,≤100
480278498670815,Danimer Scientific,Danimer Scientific,≤100
28446275521,Military Officers Association of America (MOAA),Military Officers Association of America,≤100
103245324557820,Winning Republican Strategies,These ads ran without a disclaimer,≤100
77278490877,National Corn Growers Association,NATIONAL CORN GROWERS ASSOCIATION INC,≤100
102763296131905,Post News,Post News,≤100
90022052772,Williams,"WILLIAMS COMPANIES, INC., THE",≤100
153678684700451,American Investment Council,AMERICAN INVESTMENT COUNCIL,≤100
6727932795,Institute for Humane Studies,Institute for Humane Studies,≤100
999556810102061,Signature Seas,Signature Seas,≤100
1560105467624797,Generation180,Generation180,≤100
102579112455934,Making The Leap Podcast,Stanley M. Herzog Charitable Foundation,≤100
43426724597,Paper Culture,Paper Culture LLC,≤100
107762775583638,WonderTrust,These ads ran without a disclaimer,≤100
100267349821382,Conservative Nicholas,The Raging Patriot,≤100
458643554482238,Uri Velez La Sra de los Seguros,Euridis Velez,≤100
830162603716633,Andy Beshear,Andy Beshear for Governor,≤100
6766783198,John Carter,JOHN CARTER FOR CONGRESS,≤100
226786561578659,VitamiNews,These ads ran without a disclaimer,≤100
83865976093,Truthout,TRUTHOUT,≤100
111365084107318,The Founders USA,These ads ran without a disclaimer,≤100
931229006969702,Jumpstart SC,JUMPSTART South Carolina,≤100
682955925122567,Trending Views,Trending Views,≤100
393795797388359,FOUR PAWS,FOUR PAWS INTERNATIONAL INC,≤100
130110347120598,Amigos Internacionales,AMIGOS INTERNACIONALES CORPORATION,≤100
109610760468209,Dr. Bradford Carlton,Carlton Family Corporation,≤100
103089811072938,Plover Robes,These ads ran without a disclaimer,≤100
125182621527545,Sarah McBride,McBride for Delaware,≤100
147126507164,ACTwireless,ACTwireless,≤100
430869277025501,Dr. Nancy O'Reilly,"WOMEN CONNECT4GOOD, INC.",≤100
183178002499514,Niamh M Middleton,Niamh M Middleton,≤100
227594571444676,Building New York's Best,Carpenter Contractor Alliance of Metropolitan New York,≤100
109475211795252,Freedom From The Press,"Freedom From the Press, LLC",≤100
452797224923658,The Democratic Coalition,THE DEMOCRATIC COALITION,≤100
170126260000702,Western Journal US News,The Western Journal,≤100
38897314734,Trust for Public Land,"TRUST FOR PUBLIC LAND, THE",≤100
117214891638398,Street Grace,Street Grace Inc,≤100
720943967965149,AFSCME Retirees,AMERICAN FEDERATION OF STATE COUNTY & MUNICIPAL EMPLOYEES,≤100
528648287620574,"Elect Josh Hawkins, Mississippi House of Representatives District 10",Friends of Josh Hawkins,≤100
6314728663,Remedy Drive,Remedy Drive,≤100
21090771700,Gun Owners of America,Gun Owners of America,≤100
104791608072060,The HBUC,These ads ran without a disclaimer,≤100
473191156175163,EDF Action,Environmental Defense Action Fund,≤100
392683144674817,Patriot Politics USA,Trending Views,≤100
10524033745,Remote Area Medical - RAM,REMOTE AREA MEDICAL,≤100
25480500554,BRAC,"BRAC USA, Inc.",≤100
112443395099439,Jackson For Hobart,Committee to Elect Teddian Jackson,≤100
205561212797960,Denton County Democratic Party,Denton County Democratic Party,≤100
234744096655497,Alliance For Early Success,Alliance for Early Success,≤100
111224975389089,Freedom Fighters,The Raging Patriot,≤100
102794658754102,Daily Freedom,Trending Views,≤100
166194476728392,Center Street,"Hachette Book Group, Inc.",≤100
254943996005,Catholic Answers,"CATHOLIC ANSWERS, INC.",≤100
107645227592678,To Which We Belong,Mystic Artists,≤100
110094158160834,The American Tribune,"Freedom From the Press, LLC",≤100
1425435377743310,Conversations with Bill Kristol,FOUNDATION FOR CONSTITUTI,≤100
449532451834913,Fishers Finery,Fishers Finery,≤100
88410949777,Population Media Center,"POPULATION MEDIA CENTER, INC.",≤100
101822102000189,Satterwhite for Ward One Lynn Councilor,Satterwhite Committee,≤100
104657602040321,Truth Media,Truth Media,≤100
262536810935097,Housing Is A Human Right,AIDS HEALTHCARE FOUNDATION,≤100
105447238507993,Grow Local NY,Good Growth Alliance,≤100
2079490818836627,Emily Larson for Duluth Mayor,Emily Larson for Duluth Mayor,≤100
260145314653,La Iglesia Metodista Unida/ Servicio Metodista Unido de Noticias,These ads ran without a disclaimer,≤100
119183187854195,Asia Wild,Asia Wild,≤100
2007361039550045,"Center for Free, Fair, and Accountable Democracy","CENTER FOR FREE, FAIR, AND ACCOUNTABLE DEMOCRACY, INC.",≤100
104268175997908,Elect George Clark District 3 Supervisor,George Clark for Supervisor,≤100
108247581851552,Democracy Defense Fund,DEMOCRACY DEFENSE FUND,≤100
108108121456950,Blue States PAC,BLUE STATES PAC,≤100
135393633232510,California Grocers Association,CALIFORNIA GROCERS ASSOCIATION,≤100
126815818975,Global Fund for Children,GLOBAL FUND FOR CHILDREN (THE),≤100
1527263310925112,Avangrid,"AVANGRID, INC.",≤100
102982659268640,Heart & Health,Partner for Heart & Health,≤100
103966991229588,Frank Bojazi,Trending Views,≤100
81755908577,Kids in Need of Defense (KIND),"KIND, Inc.",≤100
192609620649,The University of Chicago,The University of Chicago,≤100
86719987862,City of Gulfport - Mayor's Office,City of Gulfport,≤100
102712325850529,Libratum Press,Libratum Press LLC,≤100
130130503698358,Eastern European Mission,EASTERN EUROPEAN MISSION,≤100
67945990059,The American Petroleum Institute,The American Petroleum Institute,≤100
189551501975684,MAGA Underground,MAGA Underground,≤100
250392878345035,The Focused Pastor,Focus on the Family,≤100
209516845093,NRDC Action Fund,NRDC Action Fund,≤100
105549351284853,Ideaspace: U.S. Immigration Policy,"Ideaspace Project, Inc.",≤100
107356708329311,Conservative News Stories,"Freedom From the Press, LLC",≤100
102286035642350,Patriots for USA,USA Features Media LLC,≤100
512954815727434,Jake Ellzey,JAKE ELLZEY FOR CONGRESS,≤100
334240850763481,Soi Dog USA,These ads ran without a disclaimer,≤100
1420200111329836,Alan C. Moore,Alan C. Moore,≤100
107618578223660,California Courier,California Courier,≤100
133753583953215,American History in 90 Minutes - The Common-Sense Guide to U.S. History,American History in 90 Minutes,≤100
116884823952,Vulnerable People Project,HERO Inc.,≤100
102658529406392,Allen Mashburn for NC Lieutenant Governor,Friends of Allen Mashburn,≤100
106862204671108,The Deplorable Americans,The Deplorable Americans,≤100
183484875153093,Kim Monson Show,The Kim Monson Show,≤100
107077981585236,"Debt Elimination NOW, Neeley Law","Debt Elimination NOW, Neeley Law",≤100
119938547748319,Navigator Research,Navigator Research,≤100
36085812354,Rainforest Foundation US,"Rainforest Foundation, Inc.",≤100
108268605296897,TikTok - US,These ads ran without a disclaimer,≤100
110019337015716,Inspiring Young Heroes,Young Heroes Project,≤100
363500867116594,Will Metcalf,Will Metcalf,≤100
101377889168483,Gumbo Limbo Coastal Stewards,"Gumbo Limbo Coastal Stewards, Inc.",≤100
19774119425,Habitat for Humanity,Habitat for Humanity International,≤100
106303828502171,Strategic Moves with Kenn Dowell,STRATEGIC RESOURCES CONSULTING LLC,≤100
98537277694,Catholics for Choice,CATHOLICS FOR CHOICE,≤100
101224002310757,Seven Weeks Coffee,Seven Weeks Coffee,≤100
144753275709,Progress Florida,"PROGRESS FLORIDA, INC.",≤100
107031551357,Appleseed Network,Appleseed Foundation,≤100
1448985902033866,Trans Lifeline,Trans Lifeline,≤100
1599237673639735,Change Media Group,Change Media Group,≤100
320823520454,Enough Is Enough,Enough is Enough,≤100
106631868929160,Phillip Blevins for Commonwealth's Attorney,Friends of Phillip Blevins,≤100
226999127329906,New York Immigration Lawyer,Law Office of Alena Shautsova,≤100
103929304678916,Voter Action Project,Integrity First Voter Action Project,≤100
1060164470855840,Angela Rogensues,CTE ANGELA ROGENSUES,≤100
108468085874736,International Human Trafficking & Social Justice Conference,Human Trafficking & Social Justice Institute,≤100
2436403486378786,Tim Temple,Tim Temple Campaign,≤100
376776419037747,Turning Point USA,"Turning Point USA, Inc.",≤100
388076585284592,SalmonState,SalmonState,≤100
165987503528599,Lindsey Graham,"TEAM GRAHAM, INC.",≤100
25102313915,Port of Long Beach,City of Long Beach,≤100
217187838327836,The Story Exchange,The Story Exchange Foundation,≤100
100261609806298,Mischief mail,Mischief Mail,≤100
677754392261894,"Our Nevada Judges, Inc.",Our Nevada Judges Inc,≤100
487406107954778,Red Movement Store,These ads ran without a disclaimer,≤100
110624247393153,Republican Ads,"Republican Ads, LLC",≤100
110626875261327,Pete for Portage,Pete for Portage,≤100
281844617168,Jewish Voice Ministries International,Jewish Voice Ministries International,≤100
109729861699329,Speak4,Speak4,≤100
112912573793125,Rise Up for Justice,Rise Up for Justice,≤100
717339155320936,Better Solutions for Healthcare,Better Solutions for Healthcare,≤100
109200595768753,The Christian Left,The Christian Left,≤100
67198072267,Michigan Capitol Confidential,Michigan Capitol Confidential,≤100
45013872425,The Ripon Society,RIPON SOCIETY,≤100
6165653060,AFSCME,AMERICAN FEDERATION OF STATE COUNTY & MUNICIPAL EMPLOYEES,≤100
93692255431,Bread for the World,"BREAD FOR THE WORLD, INC.",≤100
111568268611021,geekbnvets,These ads ran without a disclaimer,≤100
106706932722061,Hunger Free Colorado,HUNGER FREE COLORADO,≤100
118479622896426,The Veil Removed,The Veil Removed,≤100
124336306355,Pew Research Center,PEW RESEARCH CENTER,≤100
235039782048,Array of Hope,ARRAY OF HOPE,≤100
10331123781,Special Olympics,Special Olympics Inc,≤100
30618466815,Pacific Legal Foundation,Pacific Legal Foundation,≤100
107111747583653,Nasteeshirts,Retronisce,≤100
461530314600399,Common Sense American Politics,Common Sense American Politics,≤100
259212814698356,Democratic Majority for Israel,Democratic Majority for Israel,≤100
64206021703,National Committee to Preserve Social Security and Medicare,NATIONAL COMMITTE TO PRESERVE SOCIAL SECURITY AND MEDICARE,≤100
104105325196666,Jennifer Gilmore for Olathe School Board,"Jennifer Gilmore for Olathe; Jennifer Bump, Treasurer",≤100
104341399420066,Steven Hughes,These ads ran without a disclaimer,≤100
275996236205718,Will Stewart for Mayor,Will Stewart for Mayor,≤100
106159299124846,Dirk Guidry for State Representative,Dirk Guidry for Parish President,≤100
108131805539170,Dr. David Ciampi for Mayor,Friends to Elect David F Ciampi,≤100
38812906703,United Friends of the Children,United Friends of the Children,≤100
30914589895,The International Fellowship of Christians and Jews,"INTERNATIONAL FELLOWSHIP OF CHRISTIANS & JEWS, INC.",≤100
100425422872820,Georgia Blue PAC,Georgia Blue PAC,≤100
19856390207,LiveBeyond,MOBILE MEDICAL DISASTER RELIEF INC,≤100
169196224815,Giovanni Capriglione,Giovanni Capriglione Campaign,≤100
101939781315530,History Behind News Podcast,History Behind News Podcast,≤100
512225042147387,Mothers Out Front,MOTHERS OUT FRONT INC,≤100
112339644228184,Next Chapter Podcasts,"Next Chapter Podcasts, LLC",≤100
127691390582,PHI,"PARAPROFESSIONAL HEALTHCARE INSTITUTE, INC.",≤100
105169114225957,Coalition for Responsible Exit,Coalition for Responsible Exit,≤100
102339502818776,Good Party - Tennessee,Good Party LLC,≤100
109521013225,Nikki Haley,Team Stand for America,≤100
102068689468846,Southern Utah TV & Satellite,SOUTHERN UTAH TV & SATELLITE,≤100
1013454855413378,Arena Mail + Digital,Arenawins,≤100
215485388588143,Ann Wagner,Office of Congresswoman Ann Wagner,≤100
114311491625816,Inappro Emporium,Inappro Emporium,≤100
270826723039149,The Coalition to Protect Americas National Parks,"COALITION OF NATIONAL PARK SERVICE RETIREES, INC.",≤100
249467225254927,The Love > hate Project,LOVE GREATER THAN HATE PROJECT,≤100
1653885501501009,Propeller,Propeller Enterprises,≤100
230053303681902,Americans for Prosperity Arizona,AMERICANS FOR PROSPERITY,≤100
683095228488145,Scott McKnight,The Scott McKnight Campaign,≤100
1977738355807406,Sharice For Congress,SHARICE FOR CONGRESS,≤100
1141037812653481,"Judge Christopher ""Chris"" Gregory,  Justice of the Peace - Precinct 4","Christopher ""Chris"" Gregory Campaign.",≤100
104092062075803,USA Jolt,"Jolt Media, Inc.",≤100
174941115857811,Campaign for Southern Equality,Campaign for Southern Equality,≤100
109366181861530,President Trump is My Wingman,"Freedom From the Press, LLC",≤100
111904024679959,Bold Majority,BOLD MAJORITY PAC,≤100
81839392622,American Century Investments,AMERICAN CENTURY SERVICES CORPORATION,≤100
43949868082,Outright International,OutRight Action International with Facebook ad credits,≤100
1570082353262795,YIMBY Action,YIMBY ACTION,≤100
107883682393393,Good Party PAC,GOOD PARTY PAC,≤100
21898300328,BuzzFeed,BuzzFeed,≤100
372502446527928,Child Impact International,Child Impact International,≤100
104329844668,American Bar Association,American Bar Association,≤100
2001831300143832,Conversations with Jim Zirin,Conversations with Jim Zirin,≤100
101374728149342,A Starting Point,A Starting Point LLC,≤100
251138114917520,Trails End Art Association,These ads ran without a disclaimer,≤100
105967227629739,Current Revolt,Current Revolt,≤100
117956368577,Charlie Geren,Charlie Geren Campaign,≤100
164734040266858,Senator David Blount,David Blount for State Senate,≤100
613924535450605,Daniel L. Hatcher,Daniel L. Hatcher,≤100
47144945689,Justin Fischer for Novi Mayor,Friends of Justin Fischer,≤100
245481022560114,John Stefanski,John Stefanski Campaign,≤100
294196590710262,FWD.us,FWD.us,≤100
290851614930809,Combat AntiSemitism,Combat Hate Foundation,≤100
711909245654048,National Police Support Fund,National Police Support Fund,≤100
306078196425343,Immigrationattorneyayesha,CHIDOLUE LAW FIRM PLLC,≤100
594519783957655,Citizens for National Security,Citizens For National Security,≤100
1379379132345446,Janice S Ellis,JaniceSEllis.com,≤100
117656194651888,Joe Magazine for Miami Beach Commissioner,JOE MAGAZINE FOR MIAMI BEACH COMMISSIONER,≤100
111424138429025,The Clean Energy Life,REWIRE GROUP LLC,≤100
107742234738581,Georgetown University Pre-College Online Program,These ads ran without a disclaimer,≤100
113529358463467,American Leadership Fund,American Leadership Fund,≤100
13704073586,Steppenwolf Theatre Company,Steppenwolf Theatre Company,≤100
173044876043386,Safe Voices,SAFE VOICES,≤100
110577068679152,Haus Cordray for DeSoto Parish Assessor,Haus Cordray for DeSoto Assessor,≤100
104974859211873,Andres Asion for Miami Beach City Commission,"Andres Asion for Miami Beach Commissioner, Group 4, Non-Partisan",≤100
341163402640457,NowThis,"VOX MEDIA, INC.",≤100
105364682148003,Available To All,Available To All,≤100
101564054951838,We The Forest,We The Forest,≤100
118210194636417,100 Percent MORE Campaign,Fattah Neuroscience Global Advisors,≤100
100409635146406,BBC Select,These ads ran without a disclaimer,≤100
106032806092251,Local First Arizona,Local First Arizona Foundation,≤100
108398575523958,Jonathan McMillan for Mississippi House 58,These ads ran without a disclaimer,≤100
338218229911752,Integrity First PAC,INTEGRITY FIRST PAC,≤100
203420943084617,Damnthedemocrats,Damnthedemocrats,≤100
163302087408673,Stop The Donald,Stop the Donald,≤100
117592091643709,Tree of Life Ministries｜Evangelism in Israel,Tree of Life Ministries,≤100
55549065733,Voto Latino,VOTO LATINO INC.,≤100
110210055663448,AIDSVu,AIDSVu,≤100
677546855674210,Stand to Reason,These ads ran without a disclaimer,≤100
444237349074965,GPB News,Georgia Public Telecommunications Commission,≤100
174665813003584,Mission Partners for Christ,Mission Partners for Christ,≤100
104970128462895,Elias for Assembly,ELIAS FOR ASSEMBLY,≤100
123460781200,Alon Ben-Meir,Alon Ben-Meir Inc,≤100
103915962606545,Andrew Bailey,Bailey for Missouri,≤100
258848839880,Horizon Blue Cross Blue Shield of New Jersey,HORIZON HEALTHCARE SERVICES INC,≤100
1103835286322274,JB Smiley Jr.,COMMITTEE TO ELECT JB SMI,≤100
503699929651019,Washington Times Opinion,Washington Times,≤100
102584185603708,Michelle Evans for Texas,Michelle Evans for Texas,≤100
102078786213727,Clay Capp for Metro Council,CLAY CAPP FOR COUNCIL,≤100
379047302945741,Bingo Star,These ads ran without a disclaimer,≤100
100806242836871,Preservation Pause,University of Arizona Indigenous Peoples Law and Policy Program,≤100
206202032757114,Nature and Culture International,These ads ran without a disclaimer,≤100
112642477582238,Mericanaf,AAF Nation,≤100
108905317397133,Thnk:,Thnk Holdings LLC,≤100
289934516904,Millions Against Monsanto by OrganicConsumers.org,ORGANIC CONSUMERS ASSOCIATION,≤100
111027456985128,Lavinia Goodell,Lavinia Goodell,≤100
554745531357156,Export-Import Bank of the United States,These ads ran without a disclaimer,≤100
659878157406228,America's Warrior Partnership,America's Warrior Partnership,≤100
490349377808038,State Representative Justin Holland,Justin Holland Campaign,≤100
50714237985,The Rutherford Institute,RUTHERFORD INSTITUTE,≤100
107308698272177,Gas Leaks Action,Gas Leaks Action,≤100
104313391435030,TrendyMatter,These ads ran without a disclaimer,≤100
13341879933,Organic Consumers Association,ORGANIC CONSUMERS ASSOCIATION,≤100
328042268580226,Stories of Antisemitism,Stories Of Antisemitism,≤100
482148685166110,Retirement Housing Foundation,Retirement Housing Foundation,≤100
106986341085385,MLE Of The Maury Seldin LLC,MLE Of The Maury Seldin LLC,≤100
111464544881905,America First News,America First News,≤100
747783932079184,Jared Golden for Congress,COMMITTEE TO ELECT JARED GOLDEN,≤100
100746819111892,Tom Keen for Florida,Tom Keen for Florida,≤100
1220042511347971,U.S. Institute Against Human Trafficking,"U.S. INSTITUTE AGAINST HUMAN TRAFFICKING, INC.",≤100
102388869610454,Friends of MID,Friends of MID,≤100
15041226930,Oxfam,These ads ran without a disclaimer,≤100
19459912688,StandWithUs,StandWithUs,≤100
567321037078441,Sheridan4Sheriff2024,Sheridan4Sheriff2024,≤100
43853729859,Campaigns & Elections,Political World Communications,≤100
20239752285,The American Prospect,"The American Prospect, Inc.",≤100
105509168956542,Day-To-Day Recreation,These ads ran without a disclaimer,≤100
187429968296722,Harvard Online,Harvard Online,≤100
296231886728,Trump National Doral Miami,These ads ran without a disclaimer,≤100
105692311896010,Positive Money US,Positive Money US,≤100
103126642307125,PA Families for Education Choice,PA Families for Education Choice Inc,≤100
965181706946254,US Rep Nanette Diaz Barragán,Official funds authorized by the House of Representatives,≤100
401240226922554,VoLo Foundation,VoLo Foundation,≤100
196014930429730,Empowered by Light,Empowered By Light Foundation,≤100
215479992305641,Becoming Young,Becoming Young,≤100
320517874076,Montgomery Area Association of REALTORS®,Montgomery Area Association of REALTORS®,≤100
186977768011413,Ironworkers Rising,"International Association of Bridge, Structural, Ornamental, and Reinforcing Iron Workers",≤100
1713428018889599,Invenergy,INVENERGY LLC,≤100
109459900648304,Travis Smith for Missouri,"Travis Smith for Representative, Brett Mitchell, Treasurer",≤100
45901308455,MAP International,MAP INTERNATIONAL (INC.),≤100
323447988319555,"Cynthia for Houston, District H",Cynthia for HDH,≤100
110737847312980,Your Vote OC,The Republican Party of Orange County,≤100
1522379728063829,Healthy World for All,RESOURCES LEGACY FUND,≤100
287789785155313,State Representative Danny McCormick,Elect Danny Mccormick,≤100
114080905042873,For the Majority,For the Majority,≤100
105599502191866,Florida Jolt,"Jolt Media, Inc.",≤100
479968185474427,Robert Foster,Robert Foster,≤100
513785465632396,Airline Passengers for Justice,Airline Passengers for Justice,≤100
105377404649506,Solidarity Fund by Coworker,COWORKER SOLIDARITY FUND,≤100
38428034839,PRRI,Public Religion Research Institute,≤100
123624513983,The Western Journal,The Western Journal,≤100
466818760191731,Supporting Our Military Veterans,Supporting Our Military Veterans,≤100
200676905671,"Air Line Pilots Association, Int’l",Air Line Pilots Association,≤100
108920208271190,Support Women Vet-her-ans,QueenVet Essentials. LLC DBA Support Women Vet-her-ans,≤100
100543782934850,Congressman Greg Casar,Office of Congressman Greg Casar,≤100
110986322064984,Thomas Cole for Congress,THOMAS COLE FOR CONGRESS,≤100
100416560012896,Friends of the Everglades,FRIENDS OF THE EVERGLADES INC,≤100
1620937204819048,Wildlife Trafficking Alliance,American Association of Zoological Parks & Aquariums,≤100
20603236087,Love146,"LOVE146, INC.",≤100
108563459211349,El Mayor Tequila,These ads ran without a disclaimer,≤100
105687052039828,Jessica Anderson for VA House of Delegates,Jessica Anderson For VA House of Delegates,≤100
60865633726,Love Justice International,TINY HANDS INTERNATIONAL,≤100
491289691016250,Equal Rights Institute,EQUAL RIGHTS INSTITUTE,≤100
105945142414993,Texans for Mauro,COMMITTEE TO ELECT MAURO GARZA FOR US CONGRESS,≤100
100298938781,Robert Wood Johnson Foundation,THE ROBERT WOOD JOHNSON FOUNDATION,≤100
173470656019870,The Daily Yonder,CENTER FOR RURAL STRATEGIES,≤100
1815187388753307,Montana Federation of Public Employees,Montana Federation of Public Employees,≤100
137918019584028,Starfish Project,"STARFISH PROJECT, INCORPORATED",≤100
404114282970837,Students of History,These ads ran without a disclaimer,≤100
110599091754319,Jonathan Emord for U.S. Senate,EMORD FOR SENATE INC,≤100
5861903849,USA for UNFPA,USA for UNFPA,≤100
120778038066631,EveryLibrary,EveryLibrary,≤100
104176298952619,Relatively Interesting,These ads ran without a disclaimer,≤100
18540061737,The Ohio Environmental Council,The Ohio Environmental Council,≤100
238612049887573,SchoolHouse Connection,SCHOOLHOUSE CONNECTION LLC,≤100
354202451285428,Patient Access Network Foundation,These ads ran without a disclaimer,≤100
123755994361809,Alliance San Diego,Equality Alliance of San Diego County,≤100
103548685970305,Ricky Caldwell - for MS State Senate 9,Friends of Ricky Caldwell for Senate 9,≤100
104314945545628,Hypha Network,Hypha Network,≤100
102176712079037,Daily Floridian,Daily Floridian,≤100
2259323457517498,Abolish the Electoral College,Abolish the Electoral College,≤100
102412161901535,Mike France for CT2,MIKE FRANCE CT2,≤100
106229122193000,बात अपने देश की,These ads ran without a disclaimer,≤100
59386210330,American Lung Association,AMERICAN LUNG ASSOCIATION,≤100
104538631546561,Congresswoman Beth Van Duyne,Rep. Beth Van Duyne,≤100
80813793793,Paperless Post,These ads ran without a disclaimer,≤100
210214622426593,Nexus Family Healing,NEXUS,≤100
165674110118949,Clearing out the Clutter,Clearing out the Clutter,≤100
260950614010259,Sandra Cano,Sandra Cano for Congress,≤100
105350752337593,Citizens Exam,Citizens Exam,≤100
232467307162583,Farm Action,Family Farm Action,≤100
1570118656645702,Nick Begich,ALASKANS FOR NICK BEGICH,≤100
102204903345,The Vilcek Foundation,"VILCEK FOUNDATION, INC., THE",≤100
115143604891957,Kim Strassel: WSJ,Kim Strassel: WSJ,≤100
100661866118720,The Yankees Forecast,These ads ran without a disclaimer,≤100
113304988287055,Rep. Mike Lawler,Congressman Mike Lawler,≤100
101586078357081,Peter Demos,Peter Demos,≤100
2003006189814517,Rep. Jason Crow,Office of Rep. Jason Crow,≤100
667759573257847,Wilmington Democrats,Democratic City Committee,≤100
1914537155242810,Life: Powered,Texas Public Policy Foundation,≤100
30954968553,Smithsonian’s National Museum of the American Indian,National Museum of the American Indian,≤100
165858562140,Western Resource Advocates,WESTERN RESOURCE ADVOCATES,≤100
101002842750257,Crunch Daily,These ads ran without a disclaimer,≤100
1499911393420824,Welcoming Cumberland Presbyterians,Welcoming Cumberland Presbyterians,≤100
273546779885377,The Gallant Pelham,"delupton, LLC",≤100
122742807774775,Municipal Water District of Orange County,Municipal Water District of Orange County,≤100
157521957980788,Reimagining the Civic Commons,Reimagining the Civic Commons,≤100
108310235885897,Haymarket Books,"CENTER FOR ECONOMIC RESEARCH AND SOCIAL CHANGE, INC. THE",≤100
1426633334258286,Mary's House Pregnancy Care Center,MARYS HOUSE OF LOUISIANA INC,≤100
113206111708768,Don Kilam,These ads ran without a disclaimer,≤100
275947565591,"Woods and Woods, LLC, The Veteran's Firm","Woods & Woods, LLC",≤100
111588141207502,Tamie US Congress,TAMIE WILSON FOR US,≤100
83263773464,YW Boston,"YOUNG WOMEN'S CHRISTIAN ASSOCIATION OF BOSTON, INC.",≤100
14893370225,Sustainable Harvest International,SUSTAINABLE HARVEST INTERNATIONAL,≤100
747004618667089,Belev Echad,BELEV ECHAD INC,≤100
473533742804824,Hoke County Democratic Party,Hoke County Democratic Party,≤100
144566145587559,Elect Todd Hunter,Todd Hunter Campaign,≤100
108706218679444,News Day Magazine,These ads ran without a disclaimer,≤100
513695272011123,The Genesis Prize,GPF NA LLC,≤100
109837098551466,Sarika Bansal for Cary Town Council District D,Friends of Sarika Bansal,≤100
104521238896557,June Marie Paintings,June-Marie Paintings,≤100
1766394553620082,Improve Mississippi PAC,Improve MS Political Action Committee,≤100
200990963441531,Boredom Therapy,These ads ran without a disclaimer,≤100
112552187080266,Protecting Every Future,American Council of Life Insurers,≤100
2220049454938703,Macomb County Clerk-Register of Deeds,MACOMB COUNTY CLERKS OFFICE,≤100
311536622860495,SoCal Daily Pulse,SoCal Daily Pulse,≤100
37442103053,ACLU of New Jersey,AMERICAN CIVIL LIBERTIES UNION OF NJ,≤100
161107820658032,La Red Hispana,"HISPANIC COMMUNICATIONS NETWORK, LLC",≤100
1374906906166064,The Policy Circle,The Policy Circle,≤100
138934736151182,Kveller.com,JTA-MJL NEW CORP.,≤100
74783093812,Just Vision,JUST VISION INC,≤100
307375481705,AARP Maine,AARP,≤100
116943805583378,The Republican Standard,The Republican Standard,≤100
260675821061,Rice Law- Dedicated to Solving Family Law Problems,Rice Law,≤100
106327227394502,POTELIGEO® (mogamulizumab-kpkc),"KYOWA KIRIN, INC.",≤100
107828221535364,Wyoming Truth,These ads ran without a disclaimer,≤100
106986458433716,Steve Demetriou,Demetriou for Ohio,≤100
103649939028193,Costa Mesa Confidential,Costa Mesa Confidential,≤100
126621603672658,Gail Larson for Cleveland Heights City Council,Friends of Gail Larson,≤100
223183845219251,American  Air Museum in Britain,These ads ran without a disclaimer,≤100
373738603410030,Judicial Fairness Coalition- A Committee of CJA,CALIFORNIA JUDGES ASSOCIATION,≤100
102279812954786,Moments Life Enhancement Scheme,These ads ran without a disclaimer,≤100
47393489592,Jew in the City,Jew in the City an NJ nonprofit,≤100
1752689034960996,The Babylon Bee,THE BABYLON BEE LLC,≤100
100409566010647,Debbie Holliday-Phillips,These ads ran without a disclaimer,≤100
348521388580843,Talks On Law,Talks On Law,≤100
101495782090286,Noah Webster Educational Foundation,Noah Webster Educational Foundation,≤100
113992227446477,Bernie Moreno,BERNIE MORENO FOR SENATE,≤100
112101477150150,Chris Sander for State Representative,Sander for Missouri,≤100
107822941869619,Lauren Smith for State Senate District 6,Lauren Smith for State Senate,≤100
110385188514427,News Touch,These ads ran without a disclaimer,≤100
302111635698,National Association of Tax Professionals (NATP),National Association of Tax Professionals,≤100
188441263945,Laboratory to Combat Human Trafficking,LCHT,≤100
79683428354,Animals' Angels USA,ANIMALS ANGELS INCORPORATED,≤100
29259828486,The Atlantic,These ads ran without a disclaimer,≤100
100258221780689,Smartgirlsearch,fourmangos inc,≤100
116480284709336,"Cilento, Lantz & VanDermark for Dunellen","Cilento, Lantz & VanDermark for Dunellen",≤100
137006633136916,Kevin Coleman for Mayor,Kevin Coleman for Mayor,≤100
10606591490,TIME,TIME USA LLC,≤100
103796954758858,"Jacob Powell - Baytown City Council, District 5","Jacob Powell - Baytown City Council, District 5",≤100
111164718696068,McKay R Jensen,Friends of McKay,≤100
282632248801387,Andrea Jenkins for Ward 8,Andrea For Ward 8,≤100
127668823933246,The NewDEAL,NEWDEAL,≤100
300125763392341,Bigger Pie Forum,Bigger Pie Forum,≤100
110096558801920,Zach Reynolds,These ads ran without a disclaimer,≤100
216052228433696,Arcus Foundation LGBTQ Social Justice,ARCUS FOUNDATION,≤100
428173550596440,Rep. Ritchie Torres,Office of Congressman Ritchie Torres,≤100
113127221808513,Elect Judge Tim Kirwan for Oswego City Court Judge,Elect Judge Tim Kirwan for Oswego City Court Judge,≤100
142558085923765,State Representative Keith Bell,Keith Bell Campaign,≤100
43131954532,Maine Conservation Voters,Maine Conservation Voters,≤100
6406874733,Mike Rogers,MIKE ROGERS FOR CONGRESS,≤100
101413999530213,End Politics Now,End Politics Now,≤100
110133700706695,2 Queers In A Truck,2 Queers In A Truck,≤100
115163704969711,Gary Garrett for Provo City Council,Friends of Gary Garrett,≤100
214061167976,El Tiempo Latino,MASTV EL PLANETA LLC,≤100
105334892381660,AmericanTowns Politics,AMERICAN TOWNS,≤100
104661465527539,Municipalism Learning Series,Solidarity Research Center,≤100
73970658023,International Rescue Committee,These ads ran without a disclaimer,≤100
118178241651488,DSPolitical,"DSPolitical, LLC",≤100
103868102376209,Kari Chrichlow,These ads ran without a disclaimer,≤100
632445790211259,Summit County Young Democrats,Summit County Young Democrats,≤100
287754774569171,Americans for Prosperity-Montana,AMERICANS FOR PROSPERITY,≤100
110580818702893,Austin Check for Supervisor - Oktibbeha County District 4,Committee to Elect Austin Check,≤100
69039563201,Global Christian Relief,These ads ran without a disclaimer,≤100
100847645206470,Let's Be Purple,LETS BE PURPLE INC,≤100
103736139244309,Coach Mercedez Lerne,These ads ran without a disclaimer,≤100
105239511089757,Inmigrantes al Día,Inmigrantes al Dia,≤100
336442420497121,Consciously,Big Sister Corp.,≤100
104916968538177,TIS 이주공사,TIS VISA CORPORATION,≤100
57259033959,AARP,These ads ran without a disclaimer,≤100
225422650854192,Election Systems & Software,Election Systems & Software,≤100
13867925345,Equality Florida,Equality Florida,≤100
2255846891314996,Corn Refiners Association,Corn Refiners Association,≤100
201732943491743,Commissioner Iliana Holguin,Iliana Holguin Campaign,≤100
195275985287,Delaware County Democratic Party - Ohio,Delaware County Democratic County,≤100
33072273262,"Little Rock, Arkansas",Little Rock Convention & Visitors Bureau,≤100
6919565207,Islamic Relief USA,These ads ran without a disclaimer,≤100
105378845646548,"Ron Smith for Venice City Council, Seat 2",Ron Smith for Venice Council,≤100
106095601125529,"Reaching Everyone In Distress Foundation, Inc.",Reaching Everyone in Distress Foundation Inc.,≤100
104563059377760,"Pete Santana, Kearny Mayor",These ads ran without a disclaimer,≤100
2854126084659334,Penkbike,These ads ran without a disclaimer,≤100
1720878078241107,Conservative Move,Conservative Move,≤100
116051187749855,TOP5,These ads ran without a disclaimer,≤100
101204378825808,Fight the Right,FIGHT THE RIGHT PAC,≤100
993294760683044,Education Reform Now,EDUCATION REFORM NOW ADVOCACY INC,≤100
106331565862003,vibelounge.io,These ads ran without a disclaimer,≤100
202843900735,1199SEIU Massachusetts,1199SEIU Massachusetts Political Action Fund,≤100
601866646490885,Ohio Voter Rights Coalition,OHIO VOICE,≤100
118052555397,Trinity Church Wall Street,Trinity Church Wall Street,≤100
35677414105,National Kidney Foundation,NATIONAL KIDNEY FOUNDATION INC,≤100
291775904214132,Juan Hernandez,These ads ran without a disclaimer,≤100
162076961537,CA Charter Schools Association,CALIFORNIA CHARTER SCHOOLS ASSOCIATION,≤100
407767916003589,U.S. Representative John Carter,Office of U.S. Representative John Carter,≤100
1516789025268282,State Rep. Will Guzzardi - 39th District,Office of State Representative Will Guzzardi,≤100
568103006940639,Law Office of Gary J. Kim,Law Offices of Gary J. Kim,≤100
110700067011185,No Dem Left Behind PAC,NO DEM LEFT BEHIND PAC,≤100
1914561178824972,Trumped,Trumped,≤100
488740674837681,198 Methods,198 methods,≤100
248507065275406,Congressman Matt Cartwright,Congressman Matt Cartwright,≤100
102392018062460,Delegate A.C. Cordoza,FRIENDS OF AC CORDOZA,≤100
117257154737981,"Jordan Hanson for Mayor - Mitchell, South Dakota",Jordan Hanson for Mayor,≤100
75993679952,ACLU of Pennsylvania,ACLU of Pennsylvania,≤100
164049599660,Catholic Relief Services en español,CATHOLIC RELIEF SERVICES,≤100
1318134684947847,Aura Vasquez,AURA VASQUEZ FOR CITY COUNCIL 2024,≤100
101552898208486,BabarazziPhotos,These ads ran without a disclaimer,≤100
365023444350632,State Representative Allison Tant,Allison Tant for State House District 9,≤100
314311252514523,Congressman Pete Stauber,Congressman Pete Stauber,≤100
112065781491607,Giiverr,These ads ran without a disclaimer,≤100
104299831779270,Alamosa Citizen,"ZEPOL MEDIA PARTNERS, LLC",≤100
965070113510112,Jamaica Organization of New Jersey Essex County Chapter,These ads ran without a disclaimer,≤100
103433804692809,Law Offices of James S. Hong & Associates,Law Offices of James S. Hong,≤100
1456177441185060,State Representative Rhonda Butler,State Representative Rhonda Butler,≤100
111353945167018,Congressman Tom Kean,"Office of Congressman Tom Kean, Jr.",≤100
21395843375,Dialysis Patient Citizens,DIALYSIS PATIENT CITIZENS INC,≤100
398233886974905,Mike Grieco for Miami Beach Mayor,"Mike Grieco for Miami Beach Mayor, non-partisan",≤100
209976945685474,Florida Developmental Disabilities Council,Florida Developmental Disabilities Council,≤100
110442961603215,Yikes Today,Yikes Today,≤100
110127495445961,Cary Mellema for Sheriff,MellemaForSheriff,≤100
140155342671005,Sempervirens Fund,SEMPERVIRENS FUND,≤100
1359505927455440,Global Health NOW,Johns Hopkins Bloomberg School of Public Health,≤100
100119154666844,Zonta USA,Zonta USA Caucus,≤100
113476508486362,Hilton Smith,These ads ran without a disclaimer,≤100
38236386996,LSU Press,LSU Press,≤100
7035457015,Brave New Films,BRAVE NEW FOUNDATION 501(C)(3),≤100
263527537245,Minnesota Governor's Council on Developmental Disabilities,Minnesota Governor's Council on Developmental Disabilities,≤100
611865645522590,JusticeAid,JusticeAid,≤100
642951465910066,Mark Wright - State Representative,The Mark Wright Campaign,≤100
736857129812156,Check It Out,These ads ran without a disclaimer,≤100
23311628592,Heartland Alliance,Heartland Alliance for Human Needs & Human Rights,≤100
342158706872770,Monica Montgomery Steppe for Board of Supervisors,Montgomery Steppe for Supervisor 2023,≤100
554518314571405,Mass Retirees,"Retired State, County and Municipal Employees Association of Massachusetts",≤100
110001058459616,Gavrizilla,These ads ran without a disclaimer,≤100
2290301824585118,Underscore News,Underscore Media Collaboration,≤100
101413999530213,End Politics Now,These ads ran without a disclaimer,≤100
111954565301000,Troy Davis for Rocky Mount,Committee to Elect Troy Davis,≤100
115497148286470,Shieldcybertech,These ads ran without a disclaimer,≤100
569022853258776,Terrence K Williams,These ads ran without a disclaimer,≤100
106854664123649,Democrats of Iberia,Democrats of Iberia,≤100
101417141838722,LSAT Accelerator,These ads ran without a disclaimer,≤100
312870062895448,StateThugs,StateThugs.com,≤100
239658882763974,Poverty USA by CCHD,UNITED STATES CONFERENCE OF CATHOLIC BISHOPS,≤100
116082965101294,The Center for Literacy & Learning,The Center for Literacy & Learning,≤100
101422986006149,Dyme.Earth,Dyme Digital Inc,≤100
100803378829038,Americans Bisons,Americans Bisons,≤100
62549384202,Great Basin College,These ads ran without a disclaimer,≤100
310925405807,Citizens Climate Lobby,Citizens' Climate Lobby,≤100
210277954204,The Young Turks,Macmillan Publishing,≤100
1562225780566361,John F. Di Leo,John F. Di Leo,≤100
106925294739244,Advancing American Freedom,Advancing American Freedom Inc,≤100
102217772802527,Bay Area Times,These ads ran without a disclaimer,≤100
104679118570766,JRZ,These ads ran without a disclaimer,≤100
107884929018293,Matthew Klatzke Books,These ads ran without a disclaimer,≤100
112637920299437,Fuse Thrillers,These ads ran without a disclaimer,≤100
339865189821176,MedAll,These ads ran without a disclaimer,≤100
113128331824447,Dirección de Becas México,These ads ran without a disclaimer,≤100