﻿Page ID,Page name,Disclaimer,Amount spent (PYG)
102467002671611,Jorge Heisecke,Jorge Heisecke,33472
495567100804506,Tito 2023,Federico Rafael Vergara Aguero,22541
114448232558658,Jorge Querey,Jorge Osvaldo Querey Rojas,11797
769841676551533,Mirta González,KaiAriel,10134
517426394969535,Ricardo Canese,Ricardo Canese,9419
103040788902949,Concertación Nacional 2023,Rocio Magali Moreno Vera,7395
1310731702357133,GEN,GEN,7339
292909490881181,Carlos Echeverría Intendente,TEJUParaguay,7003
368247363370300,LATITUD 25,Latitud 25,5064
420279778178605,Adelaida Diputada 2023,Adelaida Cantero De Torres,4782
441529192988697,Rubén Penayo Senador 40/44,Rubén Penayo Senador 40/44,4292
105545157610039,Euclides Acevedo,Euclides Roberto Acevedo Candia,2364
1151984808290856,Hugo Portillo,Hugo Portillo,2192
490637354648727,Ing.Juan Carlos Baruja - Gobernador 2018/2023,Juan Carlos Baruja Fernandez,1897
359307964420456,Terere Cómplice,Meli Olavarrieta,1473
109779868441305,Gaby Russo,Maria Gabriela De Jesus Russo Yubero,1275
105872245439208,Pelusa Senadora,Maria Yolanda Del Rosario Moreno de Ruíz,1236
459778430886026,Posgrado Universidad Columbia,Posgrado Columbia,892
150741961754512,Mercedes Canese Antúnez,Mercedes Canese,813
107706177740738,Periodismo 29,Periodismo 29,801
1365651890238610,Soberanía Paraguay,Prensa_Py,735
278226125974096,El Paraguayo Independiente,Paraguayo Independiente,698
1386037631635162,Hugo Ramírez,Nahuel Ayala Gomez,568
255852854856739,"Marco Augusto Ferreira, Autor",Marco Augusto Ferreira Acuña,521
255852854856739,"Marco Augusto Ferreira, Autor",Marco Augusto Ferreira Acuña,521
724051717643013,Miguel Prieto,Celso Kevin Ramon Sánchez Florentin,495
646939832039958,Hugo Ibarra - Diputado Nacional,Eladio Ortiz Gayoso,193
363306313879750,Marle Chispita Orue,Marlene Tatiana Orue Leon,144
161303029020,IOM - UN Migration,These ads ran without a disclaimer,≤100
100566575581065,Ramón Montanía,Ramón Montania Fernandez,≤100
1810962229216340,Fidel Zavala,Laura Lorena Meaurio Paniagua,≤100
108982768685910,Cynthia Rios Candidata,Wilson Armoa,≤100
106682318781403,Rafaela Guanes Senadora,Rafaela Guanes,≤100