﻿Page ID,Page name,Disclaimer,Amount spent (USD)
339660569555689,Presidencia de Ecuador,Presidencia de Ecuador,≤100
755112194631002,Luis Segovia,Luis Enrique Segovia Mendoza,≤100
49746516611,Asamblea Nacional del Ecuador,Asamblea Nacional de Ecuador,≤100
129892680011295,Educatics - Centro de Capacitación,Educatics,≤100
101056676141616,Asesoría Política - Goberna Ecuador,Goberna Ecuador S.A.S,≤100
108608595482399,Podemos Elegir,La Incre S.A.,≤100
81089852182,U.S. Embassy Ecuador,Embassies: U.S. Embassy Ecuador,≤100
111870441744242,Fredy Cabrera,Fredy Cabrera,≤100
757601161291587,Veronica Calderón,Teresa Veronica Calderon Quiroz,≤100
148963240630570,Tomas Zevallos,Tomás Tupacyupanqui Zevallos Vera,≤100
771764176907360,Tarea Urgente,Juan Carlos Rojas Cajamarca,≤100
222348155024951,Edgar Jácome,Edgar Francisco Jácome Tipani,≤100
880825645341489,Marino Carriel,Marino Carriel,≤100
111889881892479,Alison Vega Pachas,These ads ran without a disclaimer,≤100
115895401463440,Entretenimiento,These ads ran without a disclaimer,≤100
199897540054379,Félix Gracia,These ads ran without a disclaimer,≤100
100871853005722,Midi Packs,These ads ran without a disclaimer,≤100