﻿Page ID,Page name,Disclaimer,Amount spent (USD)
109295675326786,Liz Murrill for Attorney General,Liz Baker Murrill for Attorney General,830
101669825968471,ABC News Studios,ABC News Studios,815
107483817554072,WorkMoney,WorkMoney,669
131618273567984,Jeff Landry,Landry for Louisiana,523
1439441369620638,Grow Louisiana Coalition,Grow Louisiana Coalition,485
316326582121279,LCCM,Louisiana Committee For A Conservative Majority,446
533987556776948,Campaign for Sustainable Rx Pricing,Campaign for Sustainable Rx Pricing,418
122258358636926,Sound of Freedom Movie,"Sound of Freedom, LLC",387
7860876103,Joe Biden,BIDEN VICTORY FUND,351
102915374460262,Shell USA,Shell,341
47710973068,Voices for Cooperative Power,Voices for Cooperative Power,267
104095962704249,SOS America PAC,SOS America PAC,255
143329509024,Citizens Against Lawsuit Abuse,Citizens Against Lawsuit Abuse,223
106244251043808,America's Plastic Makers,"AMERICAN CHEMISTRY COUNCIL, INC.",215
897994503631860,HealthInsurance.net,ASSURANCE IQ INC,201
103875099042033,DailyWire+,The Daily Wire,187
101614605329219,Mondu Solar,"NEXTERA ENERGY RESOURCES, LLC",179
6514736316,Walden University,Walden University,173
58942876544,Pelican Institute for Public Policy,Pelican Institute for Public Policy,162
109999331898234,My Affordable Care Act,The Burial Solution,158
109599248636777,Consumer Credit Card Protection Coalition,CONSUMER CREDIT CARD PROTECTION COALITION,157
340153562850578,Tim Tebow,TIM TEBOW FOUNDATION,157
109098138647259,Mike McConathy for Louisiana Senate,Mike McConathy for Louisiana Senate,140
1625146381114542,Congressman Mike Johnson,Congressman Mike Johnson,137
127225910653607,PragerU,PragerU,133
101595972519760,Helping American Seniors,Helping American Seniors,131
18982436812,ACLU,American Civil Liberties Union,126
1589261434655726,Advocate Alliance Group,Advocate Alliance Group LLC,122
85452072376,NEWSMAX,"NEWSMAX MEDIA, INC.",119
152759126824,Enbridge,Enbridge Inc.,118
106583555450073,Bidencare Health Plans,Obamacareplans,117
1562713090633117,Operation Underground Railroad,OPERATION UNDERGROUND RAI,111
57259033959,AARP,AARP,111
77130778113,Coalition for Medicare Choices,The Coalition for Medicare Choices,102
1255705481272786,America250,AMERICA 250 FOUNDATION INC,101
314499212242,Pfizer,Pfizer Inc.,≤100
92925746942,Judicial Watch,Judicial Watch,≤100
592707041080920,Stand Together,Stand Together Chamber of Commerce Inc.,≤100
339749476951018,The Brandon Trosclair Campaign,"The Brandon Trosclair Campaign, LLC",≤100
95001097200,National Association of Manufacturers,NATIONAL ASSOCIATION OF MANUFACTURERS OF THE UNITED STATES OF AMERICA INC.,≤100
223900160986637,Q Link Wireless,These ads ran without a disclaimer,≤100
172758932738142,PhRMA,PHARMACEUTICAL RESEARCH AND MANUFACTURERS OF AMERICA,≤100
925007000949719,ExxonMobil,EXXON MOBIL CORPORATION,≤100
385473284886474,Hillsdale College,Hillsdale College,≤100
113891694102,Energy Citizens,AMERICAN PETROLEUM INSTITUTE,≤100
145917588805718,Dr Jordan B Peterson,The Daily Wire,≤100
106562195699486,Kim Carver,Friends of Kim Carver - Kim Carver,≤100
153080620724,Donald J. Trump,TRUMP SAVE AMERICA JOINT FUNDRAISING COMMITTEE,≤100
103725052248049,Hunter Lundy Governor,Lundy for Louisiana,≤100
101584489634833,Liberty Society,NICKEL LIMITS LLC,≤100
8492293163,Environmental Defense Fund,Environmental Defense Fund,≤100
40217893542,AIPAC,AIPAC,≤100
1958912674200535,The Pour Over,Pour Over,≤100
130449343291731,Ryan Binkley,BINKLEY FOR PRESIDENT 2024,≤100
49651563727,Live Action,Live Action,≤100
112600915451330,No Labels,No Labels,≤100
2353537341582545,Proud Patriots,Proud Patriots,≤100
114290434896450,Green Power Solutions,These ads ran without a disclaimer,≤100
9062006483,REI,"RECREATIONAL EQUIPMENT, INC.",≤100
100364185463048,Angel Studios,"Angel Studios, Inc.",≤100
379053719537044,Josh Carlson for State Representative District 43,COMMITTEE TO ELECT JOSH CARLSON,≤100
190226429055,U.S. Department of Labor,United States Department of Labor,≤100
935744979871743,Representative Dodie Horton,Dodie Horton Campaign,≤100
495170667357093,Electronic Payments Coalition,ELECTRONIC PAYMENTS COALITION INC,≤100
107533860975028,Conservative,CONSERVATIVE LLC,≤100
106159299124846,Dirk Guidry for State Representative,Dirk Guidry for Parish President,≤100
559677737849275,Randy Delatte - Parish President,Randall Delatte Campaign Fund,≤100
200650357207240,I Love My Freedom,I Love My Freedom,≤100
103715861368344,McCormick & Company,MCCORMICK & COMPANY INC,≤100
124685720911870,Planned Parenthood Gulf Coast,Planned Parenthood Gulf Coast,≤100
103837972752682,Adam Bass for State Senate District 36,Adam Bass Campaign,≤100
7030901126,Campaign for Tobacco-Free Kids,Campaign for Tobacco-Free Kids,≤100
120705848007996,Americans for Prosperity - Louisiana,AMERICANS FOR PROSPERITY,≤100
106854664123649,Democrats of Iberia,Democrats of Iberia,≤100
203197030603239,8 Billion Trees,8 Billion Trees LLC,≤100
115112688110893,Brant King for LaSalle Parish Sheriff,Brant King for LaSalle Parish Sheriff,≤100
109017592091859,Brandon Ivey,Brandon Ivey Campaign,≤100
1558456480932250,State Representative Mike Johnson,State Representative Mike Johnson,≤100
110483677935904,Team DeSantis,Ron DeSantis for President,≤100
70874333603,CatholicVote,catholicvote.org,≤100
105988422566298,Priority Health,RGP Agency,≤100
23875187730,Feeding America,Feeding America,≤100
166618413413767,Jay Sekulow,American Center for Law and Justice,≤100
245481022560114,John Stefanski,John Stefanski Campaign,≤100
367292494407,AJC - American Jewish Committee,AMERICAN JEWISH COMMITTEE,≤100
171140743076722,Senator Jeremy Stine,Stine for Senate,≤100
142432192446984,David Horowitz Freedom Center,David Horowitz Freedom Center,≤100
120466244319185,Laura Blanchard for St. Martin Parish Clerk Of Court,Laura Blanchard Campaign Fund,≤100
100992801635617,Conservative-American.org,Conservative American Strategies,≤100
702582586516561,CBN Israel,The Christian Broadcasting Network,≤100
15771560300,Earthjustice,EARTHJUSTICE,≤100
18709174006,National Audubon Society,"NATIONAL AUDUBON SOCIETY, INC.",≤100
488270467889488,Blake Miguez,Friends of Blake Miguez,≤100
297345791168341,Kim Coates for State Rep 73,Kim Landry Coates Campaign Fund,≤100
121739911215381,City of New Iberia,Cox Media,≤100
1461100540775171,The Tuttle Twins,LIBERTAS INSTITUTE,≤100
76470053424,TIAA,TEACHERS INSURANCE AND ANNUITY ASSOCIATION OF AMERICA,≤100
103695769458,United States Mint,United States Mint,≤100
24330467048,Americans for Prosperity,AMERICANS FOR PROSPERITY,≤100
104394262049761,Jeremy's Razors,The Daily Wire,≤100
147368882623027,Black Futures Lab,Black Futures Lab,≤100
104977525752112,Freedom of Patriots,Freedom of Patriots,≤100
106131675020147,Digital Progress Institute,DIGITAL PROGRESS INSTITUTE,≤100
570092813023833,Matt Walsh,The Daily Wire,≤100
104472439287981,Troy Hebert for State Representative District 31,Friends of Troy Hebert,≤100
377247662301741,The Louisiana Record,The Record,≤100
100466376050855,Real America Home,Real America Home,≤100
304600892905134,Hillsdale College Online Courses,HILLSDALE COLLEGE,≤100
115379705206001,U.S. Department of Homeland Security Blue Campaign,U.S Department of Homeland Security Blue Campaign,≤100
148283301869985,Many Hopes,ONE HOME MANY HOPES INC,≤100
107240407802552,Vote Eddie For Sheriff 2023,Vote Eddie For Sheriff 2023,≤100
683095228488145,Scott McKnight,The Scott McKnight Campaign,≤100
131194423615257,John M. Schroder,John Schroder Campaign,≤100
117178991272653,Melinda Bourgeois,Melinda Bourgeois,≤100
1217930041716828,Ricky Templet - Jefferson Parish Councilman At Large,Committee To Elect Ricky Templet,≤100
2436403486378786,Tim Temple,Tim Temple Campaign,≤100
108547455113940,Our America,Our America,≤100
103792215945362,Pride and Freedom,Pride and Freedom,≤100
428821014132730,Katie Porter,KATIE PORTER FOR SENATE,≤100
69983322463,Ted Cruz,TED CRUZ FOR SENATE,≤100
118419077816507,"Elect Michael ""Mike"" Fontenot","Committee to Elect Michael ""Mike"" Fontenot",≤100
118152441212175,Digital Innovation for America,Digital Innovation for America,≤100
2053678114723700,President Trump's Patriot Army,I Love My Freedom,≤100
90022052772,Williams,"WILLIAMS COMPANIES, INC., THE",≤100
36474716066,Color Of Change,ColorofChange.org,≤100
145973965440671,Carnegie Corporation of New York,CARNEGIE CORPORATION OF NEW YORK,≤100
108643215502868,Jason Dewitt for State Representative District 25,Jason Dewitt,≤100
810488849315877,Sheriff Mark Wood,Mark Wood Campaign Fund,≤100
115379705206001,U.S. Department of Homeland Security Blue Campaign,DHS Blue Campaign,≤100
580610428636345,Fight for $15,Fight for $15,≤100
80562389320,NARAL Pro-Choice America,NARAL PRO-CHOICE AMERICA CORP,≤100
110577068679152,Haus Cordray for DeSoto Parish Assessor,Haus Cordray for DeSoto Assessor,≤100
106384455773110,Billy Taylor for Council,Billy Taylor for Council,≤100
116821227998416,Protect Women Ohio,Protect Women Ohio,≤100
602074469965571,Plan C,NATIONAL WOMENS HEALTH NETWORK,≤100
112194458482673,Todd McKellar for State Representative District 38,Todd McKellar for State Representative District 38,≤100
104107788684988,Tom Klingenstein,TomKlingenstein.com,≤100
248181906078243,National Institute for Civil Discourse,CommonSense American,≤100
100867019494843,Jacob Landry for Louisiana,Jacob Landry for Louisiana,≤100
100758682697459,Mayday Health,"Mayday Medicines, Inc.",≤100
107103432463195,Casey Allen for Judge,Casey Allen for Judge,≤100
188225657914456,Senator Sharon Hewitt,Sharon Hewitt Campaign,≤100
101229565835425,Agenda for America,Agenda for America,≤100
106608038931801,Loyal Patriots,Loyal Patriots,≤100
102207772510125,Zack Simmers for WBR Sheriff,Zack Simmers Campaign,≤100
114720264544782,Moving Forward,Seniors Today USA,≤100
7292655492,MoveOn,MOVEON.ORG POLITICAL ACTION,≤100
20787991568,Senate Democrats,DSCC,≤100
287789785155313,State Representative Danny McCormick,Elect Danny Mccormick,≤100
33042758849,Nancy Landry,Nancy Landry Campaign,≤100
100733082670846,Chris Savoie for Sheriff,Chris Savoie for Sheriff,≤100
110442961603215,Yikes Today,Yikes Today,≤100
642951465910066,Mark Wright - State Representative,The Mark Wright Campaign,≤100
482721521865105,Bleecker Street,These ads ran without a disclaimer,≤100
342294162453301,Planned Parenthood,Planned Parenthood Federation of America,≤100
111747122011010,Camp Lejeune Settlements,These ads ran without a disclaimer,≤100
102278202780842,"Brian Glorioso for State Representative, District 90","Brian Glorioso for State Representative, District 90",≤100
317503418305219,Mike Strain,"Michael G. ""Mike"" Strain Campaign",≤100
24413227922,Kamala Harris,BIDEN VICTORY FUND,≤100
269348454714,IMB,"INTERNATIONAL MISSION BOARD OF THE SOUTHERN BAPTIST CONVENTION, THE",≤100
72092591211,FBI – Federal Bureau of Investigation,Federal Bureau of Investigation,≤100
1669941646417657,Senior Choice Financial,Senior Choice Financial,≤100
2352630938293825,Mytacticalpromos,Entremax,≤100
1382441768496365,Pentair,PENTAIR,≤100
229694660403647,Senator Katrina R. Jackson,Katrina R Jackson Campaign,≤100
885483951789652,Sheriff Bobby Webre,Bobby Webre for Sheriff Campaign,≤100
107764430968176,Tuttle Twins TV Show,"Tuttle Twins Show, LLC",≤100
108043228901452,Malinda White for Washington Parish President,Malinda Brumfield White for Washington Parish,≤100
108835535504592,"Stephanie Berault for State Representative, District 76",Stephanie Berault Campaign,≤100
13885075114,Action Against Hunger USA,ACTION AGAINST HUNGER - USA,≤100
100650352666001,Saving Made Easy,GCL Company LLC,≤100
375742685850856,Firearms Policy Coalition,"FIREARMS POLICY COALITION, INC.",≤100
10498053716,Media Research Center,MEDIA RESEARCH CENTER,≤100
6041057841,The Humane Society of the United States,"HUMANE SOCIETY OF THE UNITED STATES, THE",≤100
159658557547960,Wall Street Journal Opinion,The Wall Street Journal,≤100
570953166908066,Vivek Ramaswamy,VIVEK 2024,≤100
104295601633638,American Cornerstone Institute,American Cornerstone Institute Inc,≤100
26082912881,Project On Government Oversight,Project On Government Oversight,≤100
103063399375225,"Parry ""Matt"" Thomas, Candidate for House District 68","Parry ""Matt"" Thomas, Candidate for House District 68",≤100
251734676525,Kevin Cramer,CRAMER FOR SENATE,≤100
106514765570465,Tommy4STPSheriff,Tommy4STPSheriff,≤100
1316372698453411,Alexandria Ocasio-Cortez,Alexandria Ocasio-Cortez for Congress,≤100
1600352356914768,PushBlack,PushBlack,≤100
103039149150334,Medical Enrolled,Medical Enrolled,≤100
100346689495660,Pete's Pranks,Petes Pranks,≤100
111068872040824,Super Quiz,These ads ran without a disclaimer,≤100
109677552038438,Hollis Day,Hollis Day Campaign,≤100
21492729544,Catholic Relief Services,CATHOLIC RELIEF SERVICES - UNITED STATES CONFERENCE OF CATHOLIC BISHOPS,≤100
30139072158,CARE,"COOPERATIVE FOR ASSISTANCE AND RELIEF EVERYWHERE, INC. (CARE)",≤100
112348751864498,Livingston Rising PAC,Livingston Rising,≤100
267180743723148,National Geographic Society,National Geographic Society,≤100
689547608156721,The Burial Solution,The Burial Solution,≤100
102666612797740,Kenny Gingles for DeSoto Parish Sheriff,Kenny Gingles for Sheriff,≤100
109092142462587,Adam Schiff,SCHIFF FOR SENATE,≤100
162678203751209,Gilead Sciences,GILEAD SCIENCES INC,≤100
12375354406,USO,United Service Organizations,≤100
203805062990264,Ben Shapiro,Daily Wire,≤100
665345483483486,NRA - National Rifle Association of America,NATIONAL RIFLE ASSN OF AMERICA,≤100
10128918116,Gavin Newsom,Campaign for Democracy Committee,≤100
7341997111,Conservation International,Conservation International,≤100
121664094210247,Heidi Martin for Juvenile Judge,Heidi Martin Campaign,≤100
228132537208218,Tammy Duckworth,TAMMY FOR ILLINOIS,≤100
127203846963074,Frank Thaxton 4 Caddo Commission District 4,Thaxton 4 Caddo,≤100
130945114804,World Jewish Congress,ATTN: INC.,≤100
15041226930,Oxfam,"OXFAM AMERICA, INC.",≤100
107999458652964,MyObamacare,Norwegian Financial LLC,≤100
215968684159,AFT - American Federation of Teachers,American Federation of Teachers,≤100
309308412520731,Sandy Hook Promise,Sandy Hook Promise,≤100
786167111464006,Woodson Center,The Woodson Center,≤100
7239334663,USAA,UNITED SERVICES AUTOMOBILE ASSOCIATION,≤100
246323280108,American Medical Association,American Medical Association,≤100
103807629149771,Working Forests Initiative,"WORKING FOREST INITIATIVE, INC.",≤100
1679521432262834,Physicians Grassroots Network,American Medical Association,≤100
107661474402498,United Patriot,United Patriot,≤100
100692068471118,Explain America,Apse Media LLC,≤100
282728185140429,Rep For Vets,The Rep For Vets,≤100
53674651369,SBA Pro-Life America,"SUSAN B. ANTHONY LIST, INC.",≤100
38471053686,Elizabeth Warren,"WARREN FOR SENATE, INC.",≤100
595185050546221,"Jeremy Hidalgo For Lafayette Parish School Board, District 9",Jeremy Hidalgo Campaign,≤100
8321461609,MomsRising.org,MomsRising Together,≤100
101432317199,Blue Cross and Blue Shield Association,BLUE CROSS AND BLUE SHIELD ASSOCIATION,≤100
1526736227567131,TrueCoverage,True Coverage,≤100
114194528248221,The Health Giveback,JADE Computer Services,≤100
1366120273415565,Commissioner Steven Jackson,Commissioner Steven Jackson,≤100
103885799225717,Liberty Protector,Liberty Protector,≤100
58433611572,Seventh Generation,SEVENTH GENERATION INC,≤100
300992409852,Hoover Institution,Hoover Institution,≤100
376776419037747,Turning Point USA,"Turning Point USA, Inc.",≤100
108268161352786,Stanley M. Herzog Foundation,Herzog Foundation,≤100
51405613519,Focus on the Family,Focus on the Family,≤100
154561574598964,White Coat Waste Project,THE WHITE COAT WASTE PROJECT INC,≤100
1456177441185060,State Representative Rhonda Butler,State Representative Rhonda Butler,≤100
113874061615994,Jeff Wiley for State Representative,Jeff Wiley for State Representative,≤100
443329669123990,USAFacts,USAFacts Institute,≤100
120182227998993,UNITE HERE Local 11,UNITE HERE Local 11,≤100
103166235341455,Jamie Marie Pope,Jamie Pope Campaign,≤100
6502038524,First Book,FIRST BOOK,≤100
1593518174052711,Candace Owens,The Daily Wire,≤100
312309002981188,Chance Henry for State Representative,Chance Henry for State Representative,≤100
149960585587560,Kohler Co.,Kohler Company,≤100
101704558574021,Lucas Kunce,Lucas Kunce for Missouri,≤100
141786816970,CLIA - Cruise Lines International Association,Cruise Lines International Association,≤100
114710126648118,Republican Dogs,Republican Dogs,≤100
219612384781411,Bloomberg Philanthropies,Bloomberg Philanthropies,≤100
110594725386545,Tell It Like It Is PAC,Tell It Like It Is PAC,≤100
45393753416,Alliance Defending Freedom,Alliance Defending Freedom,≤100
1777244852403775,Parish President Mike Cooper,Mike Cooper for Parish President,≤100
108668858578908,Médico Cubierto,JADE Computer Services LLC,≤100
105521469114882,ListMax,ListMax,≤100
197760674021143,Indivisible Guide,Indivisible Project,≤100
103375628943529,Adam Frisch,Adam for Colorado,≤100
107830128834941,Keith Gross,KEITH GROSS FOR FLORIDA,≤100
8325302025,Friends of the Earth U.S.,Friends of the Earth,≤100
101921389503997,Jo Lynn Houston Pearl River County Tax Assessor Collector,Jo Lynn Houston Pearl River County Tax Assessor Collector,≤100
102040822610478,Center for Innovation and Free Enterprise,Center for Innovation and Free Enterprise,≤100
6355071377,American Cancer Society Cancer Action Network - ACS CAN,AMERICAN CANCER SOCIETY CANCER ACTION NETWORK INC,≤100
383712021656990,Teaching American History,TEACHING AMERICAN HISTORY,≤100
134452023239984,Human Coalition,Human Coalition,≤100
50822254585,Mountain States Legal Foundation,Mountain States Legal Foundation,≤100
103531607822207,Noticias para Inmigrantes,"Wise Rock Media, PBC",≤100
497719423723034,Planned Parenthood California Central Coast,Planned Parenthood California Central Coast,≤100
18813753280,Human Rights Campaign,"HUMAN RIGHTS CAMPAIGN, INC.",≤100
106315901551850,The U.S. Concealed Carry Association for Saving Lives,U.S. Concealed Carry Association For Saving Lives. Not Authorized By Any Candidate Or Candidate's Committee.,≤100
105386008068376,"Jessie Bellard, St. Landry Parish President",Committee to Elect Jessie Bellard,≤100
466164103423147,Thorn,Thorn,≤100
38882699096,Polaris,POLARIS PROJECT,≤100
18079407397,CPAC,AMERICAN CONSERVATIVE UNION,≤100
21375324480,The Heritage Foundation,HERITAGE FOUNDATION (THE),≤100
6204742571,Sierra Club,SIERRA CLUB,≤100
101391906600,Live Action News,Live Action,≤100
105120815642998,Partnership to Address Global Emissions,PARTNERSHIP TO ADDRESS GLOBAL EMISSIONS INC,≤100
1505244559517282,Colin Allred,COLIN ALLRED FOR SENATE,≤100
245741028804051,Barbara Sinatra Center,Barbara Sinatra Children's Center,≤100
110649495297138,Braville LeBlanc for State Representative,Braville LeBlanc for State Representative,≤100
51379424899,Mercy Ships,MERCY SHIPS INTERNATIONAL,≤100
85945492130,EnergyBoom,Energy Boom,≤100
483732201807233,Safari Club International - SCI,SAFARI CLUB INTERNATIONAL,≤100
101319825565305,Lacayo Group Inc,LACAYO GROUP INSURANCE,≤100
59877921429,Lutheran Immigration and Refugee Service,"LUTHERAN IMMIGRATION AND REFUGEE SERVICE, INC.",≤100
115439461491316,Monique for Mayor President,Monique Boulet for Mayor President,≤100
134870853219596,Moen,These ads ran without a disclaimer,≤100
102431482417812,American Free Enterprise Action,AMFREEACTION COMMITTEE,≤100
100652668612020,Essential Plastics Coalition,"CENTER FOR CONSUMER FREEDOM, THE",≤100
557051651115624,Stidham Financial Services,Stidham Financial Services,≤100
23790541544,Democrats,DCCC,≤100
100403528653081,Punchbowl News,Punchbowl News,≤100
83290028957,Care Net,CARE NET,≤100
101625152759511,Healthcare Enrollment,Healthcare Enrollment,≤100
114301413446447,The Climate Initiative,Kennebunkport Climate Initiative,≤100
221293505028917,Watch U.S. Fly,Watch U.S. Fly,≤100
721423631394373,Josh Guillory,Friends of Josh Guillory,≤100
745304825534862,Steve Scalise,Team Scalise,≤100
725095317608946,Calcasieu Republican Parish Executive Committee,Calcasieu Republican Parish Executive Committee,≤100
38235851310,USA for UNHCR,UNITED STATES ASSOCIATION FOR UNHCR,≤100
179773505382352,Committee on House Administration,official funds authorized by the House of Representatives,≤100
203805062990264,Ben Shapiro,The Daily Wire,≤100
112458455044193,American Memorial Benefits,American Benefits & Services LLC,≤100
96935476345,Democratic Governors Association (DGA),"Democratic Action, democraticgovernors.org, not authorized by any candidate or candidate's committee.",≤100
72931140459,Center for Biological Diversity,"CENTER FOR BIOLOGICAL DIVERSITY, INC.",≤100
216311481960,Bill Gates,Bill Gates,≤100
128103650601995,The Conservative Caucus,The Conservative Caucus,≤100
109320440856128,Stand Up to Jewish Hate,"Foundation to Combat Anti-Semitism, Inc.",≤100
111385761683317,Jimmy Travis for Tangipahoa Sheriff,Jimmy Travis for Sheriff Campaign Committee,≤100
603230363139284,Anthony Bompiani,These ads ran without a disclaimer,≤100
103546351703577,Dallas Express,Dallas Express Media,≤100
107454490912636,Jewish Future Pledge,Jewish Future Pledge Inc,≤100
56332452163,AMA Patients Action Network,American Medical Association,≤100
104873005081197,Repro Legal Defense Fund,IF/WHEN/HOW,≤100
6266829799,Sherrod Brown,FRIENDS OF SHERROD BROWN,≤100
555787351119974,Coalition to Protect America's Health Care,Coalition to Protect America’s Health Care,≤100
259351004139042,Ashbrook Center,Ashbrook Center,≤100
114316228350696,Competitive Markets Action,"Competitive Markets Action, Inc.",≤100
8532248414,Wounded Warrior Project,"WOUNDED WARRIOR PROJECT, INC.",≤100
42940254353,Human Rights Watch,"HUMAN RIGHTS WATCH, INC.",≤100
124249747651580,Kistler Rods,These ads ran without a disclaimer,≤100
101169092915081,Jessica Jenkins Brewster for St. Tammany Parish Clerk of Court,These ads ran without a disclaimer,≤100
111824001908,Hakeem Jeffries,JEFFRIES FOR CONGRESS,≤100
43005439032,American Diabetes Association,American Diabetes Association,≤100
1230571136989811,Top of Mind,Top of Mind,≤100
403737406341879,National Women's Health Network,NATIONAL WOMENS HEALTH NETWORK,≤100
100684991996307,November Coalition,NOVEMBER COALITION,≤100
372577693078008,"Saenz-Garcia Law, PLLC","Saenz-Garcia Law, PLLC",≤100
116082965101294,The Center for Literacy & Learning,The Center for Literacy & Learning,≤100
266003946905686,Salmon Beyond Borders,SalmonState,≤100
318196171580489,Ron DeSantis,Ron DeSantis for President,≤100
105561217523274,The Dispatch,"Dispatch Media, Inc.",≤100
315528175667844,Women2Women,Women2Women Conversations Tour,≤100
546066468753446,Black Health Matters,BLACK HEALTH MATTERS FOUNDATION INC,≤100
5970146660,Community Change,Center for Community Change Action,≤100
18079407397,CPAC,American Conservative Union,≤100
17203056985,Partners In Health,Partners In Health,≤100
7263476274,Mercy Corps,Mercy Corps,≤100
8934429638,Planned Parenthood Action,Planned Parenthood Action Fund,≤100
89336510798,American Friends of the Hebrew University,American Friends of Hebrew University,≤100
89234192992,American Heritage Education Foundation,"AMERICAN HERITAGE FILMS, LLC",≤100
113601935021413,Re-Elect Charles Jagneaux Clerk of Court,Re-Elect Charles Jagneaux Clerk of Court,≤100
160005659383,PreBorn,"MISSION: PRE-BORN, INC.",≤100
17911165812,Covenant House International,Covenant House,≤100
30914589895,The International Fellowship of Christians and Jews,INTERNATIONAL FELLOWSHIP OF CHRISTIANS & JEWS INC,≤100
111133794781350,Casey DeSantis,Ron DeSantis for President,≤100
108546181553497,Michael Paul LaRussa for Terrebonne Parish President,Michael Paul LaRussa for Terrebonne Parish President,≤100
124506846628,Agape International Missions,AGAPE INTERNATIONAL MISSIONS,≤100
384006901653736,The Moore Charitable Foundation,Moore Charitable Foundation,≤100
166194476728392,Center Street,"Hachette Book Group, Inc.",≤100
101236935303293,Trivia.com - Trivia,These ads ran without a disclaimer,≤100
8473889271,National Parks Conservation Association,National Parks Conservation Association,≤100
8501031021,VoteVets,VOTEVETS,≤100
104107455066450,H. Russell Cohen,H. Russell Cohen,≤100
443056709080055,ReturnToOrder.org,"American Society for the Defense of Tradition, Family and Property",≤100
105055152148626,Dalio Philanthropies,"Dalio Foundation, Inc.",≤100
343714718985673,Think Wood,Think Wood,≤100
17043549797,MIT Technology Review,"TECHNOLOGY REVIEW, INC.",≤100
85273022315,NAMI,NAMI,≤100
106917812403189,David Way for District Judge,Committee to Elect David Way,≤100
96491683438,"The Friends of Israel Gospel Ministry, Inc.","FRIENDS OF ISRAEL GOSPEL MINISTRY, INC, THE",≤100
103082819375063,For a Better Bayou,For a Better Bayou,≤100
174824405871879,Families and Friends of Louisiana's Incarcerated Children,FAMILIES AND FRIENDS OF LOUISIANA'S INCARCERATED CHILDREN (FFLIC),≤100
201956993160690,MRCTV,MEDIA RESEARCH CENTER,≤100
121626482110,Operation Smile,OPERATION SMILE,≤100
101374728149342,A Starting Point,A Starting Point LLC,≤100
74470852653,Mike Pompeo,Champion American Values PAC,≤100
7735858972,Humane Society Legislative Fund,Humane Society Legislative Fund,≤100
567101470157212,Obama Foundation,The Barack Obama Foundation,≤100
92021268117,Working America,Working America,≤100
60261764250,Childhelp,"CHILDHELP, INC.",≤100
60182072999,Lila Rose,Live Action,≤100
103565195134756,America First Policy Institute,America First Policy Institute,≤100
91346559231,Democratic Legislative Campaign Committee - DLCC,Democratic Legislative Campaign Committee,≤100
135880909935010,Francis Suarez,"SUAREZ FOR PRESIDENT, INC.",≤100
102976599485576,"Keep Mandeville Idyllic, Inc.",Keep Mandeville Idyllic,≤100
104340132748343,Americans Savings,Americans Savings,≤100
355783211719644,Veteran Caregivers of America,"Veteran Caregivers, LLC",≤100
112735922758892,Charlie Kirk,"Turning Point USA, Inc.",≤100
46196975437,Children's Rights,Children's Rights,≤100
5720973755,Defenders of Wildlife,DEFENDERS OF WILDLIFE,≤100
15503839732,Peter G. Peterson Foundation,Peter G. Peterson Foundation,≤100
306078196425343,Immigrationattorneyayesha,CHIDOLUE LAW FIRM PLLC,≤100
109352563640,Water.org,WATER.ORG INC.,≤100
6240652407,Young America's Foundation,Young America's Foundation Inc,≤100
1135395879817655,State Representative Dustin Miller,State Representative Dustin Miller,≤100
312753825357,Children's Advocacy Center-Hope House,Children's Advocacy Center - Hope House,≤100
110177119192569,Knightscope,These ads ran without a disclaimer,≤100
243184199040637,Caring Across Generations,Caring Across Generations,≤100
93565224474,Mercy For Animals,MERCY FOR ANIMALS,≤100
102421369434228,Goose's News Daily,Goose's News Daily,≤100
194115677277113,A21,THE A21 CAMPAIGN,≤100
111806955195299,Wendy Davis for Congress,WENDY DAVIS FOR CONGRESS,≤100
115262456592822,Christians Engaged,Christians Engaged,≤100
104491841664875,Country First,"Country First Action, Inc.",≤100
86071521216,Second Amendment Foundation,SECOND AMENDMENT FOUNDATION INC,≤100
103352108299878,Arms Directory,"Arms Directory, LLC",≤100
407902639235640,JNS.org,Jewish News Syndicate,≤100
29259828486,The Atlantic,These ads ran without a disclaimer,≤100
35715544220,Stand.earth,Stand.earth,≤100
102592959026,Ocean Conservancy,"OCEAN CONSERVANCY, INC.",≤100
149220264647,ADL,Anti-Defamation League,≤100
161183970656851,Ruben Gallego,GALLEGO FOR ARIZONA,≤100
108117801859232,Taking Back America,Conservative Brief,≤100
431019887282794,Tomorrow's World Today,Flying Cork,≤100
29717379728,International Justice Mission,International Justice Mission,≤100
110411398584,NRECA,NRECA,≤100
2602473023098666,Democratic Polling Center,Democratic Governors Association,≤100
187429968296722,Harvard Online,Harvard Online,≤100
160630887998827,Let Them Live,Let Them Live,≤100
122432537796726,Pharmaceutical Care Management Association (PCMA),PHARMACEUTICAL CARE MANAGEMENT ASSOCIATION,≤100
106825792467278,Dr. Scott LeBleu for State Representative,lebleu for lafayette,≤100
524399207959953,Truth & Liberty Coalition,Truth & Liberty Coalition,≤100
197760674021143,Indivisible Guide,INDIVISIBLE ACTION,≤100
19972147679,SEIU,SEIU COPE (SERVICE EMPLOYEES INTERNATIONAL UNION COMMITTEE ON POLITICAL EDUCATION),≤100
104341399420066,Steven Hughes,These ads ran without a disclaimer,≤100
313723095478950,Daily Citizen,Focus on the Family,≤100
106228995268439,Leaf and Tea,These ads ran without a disclaimer,≤100
2245766435469741,Beersy,Beersy LLC,≤100
131306317680000,Social Goods,"Social Goods, LLC",≤100
278052172260101,ZERO TO THREE,ZERO TO THREE,≤100
1438722236161076,County of Los Angeles,County of Los Angeles,≤100
118626774835274,Medicare Made Clear,Medicare Made Clear from United Healthcare,≤100
7292655492,MoveOn,MOVEON.ORG CIVIC ACTION,≤100
152264148166020,Moms Clean Air Force,Moms Clean Air Force,≤100
114009933764548,The Patriot Club,RightWingGear.com,≤100
116546288359245,Heritage Action for America,HERITAGE ACTION FOR AMERICA,≤100
11791104453,NRDC,Natural Resources Defense Council,≤100
284624954962951,Gus Bilirakis for Congress,Bilirakis For Congress,≤100
6333396177,NewsBusters.org,MEDIA RESEARCH CENTER,≤100
164734040266858,Senator David Blount,David Blount for State Senate,≤100
34362997676,United States Holocaust Memorial Museum,UNITED STATES HOLOCAUST MEMORIAL MUSEUM,≤100
2254455051442790,Patriot Depot,Flag & Cross,≤100
317284821682168,Messianic Jewish Alliance of America (MJAA),Messianic Jewish Alliance of America,≤100
309798029121030,Everytown for Gun Safety,Everytown for Gun Safety Action Fund Inc,≤100
1632814840319802,John Fetterman,Fetterman for PA,≤100
1443127535947107,Save the Children Action Network,Save the Children Action Network,≤100
304600892905134,Hillsdale College Online Courses,Hillsdale College,≤100
97466887664,Innocence Project,"INNOCENCE PROJECT, INC., THE",≤100
49421708941,Americans for Limited Government,AMERICANS FOR LIMITED GOVERNMENT IN,≤100
186319338839,GLAAD,"GLAAD, INC.",≤100
46093654473,National Republican Congressional Committee,NRCC,≤100
836826976517252,International Christian Embassy Jerusalem - USA,"International Christian Embassy Jerusalem - USA, Inc.",≤100
535186963191852,CUNA,Credit Union National Association,≤100
28483858161,Texas Scorecard,ScorecardMedia,≤100
471928596287830,Brian Mast,Mast for Congress,≤100
7219151423,The Fund for American Studies (TFAS),FUND FOR AMERICAN STUDIES,≤100
119931204404462,Mike Francis for Louisiana Secretary of State,Friends of Mike Francis,≤100
105809832576078,Médico Gratuito,JADE Computer Services LLC,≤100
100284648021034,New Tolerance Campaign,New Tolerance Campaign,≤100
108512875350,The Atlas Society,The Objectivist Center Ltd,≤100
679171239164792,Supermajority,Supermajority,≤100
56074851990,Truth Initiative,TRUTH INITIATIVE FOUNDATION,≤100
79336143191,National Asian Pacific American Women's Forum (NAPAWF),National Asian Pacific American Women's Forum,≤100
1628922377207463,Randy Feenstra,FEENSTRA FOR CONGRESS,≤100
349800859019034,The 19th News,The 19th,≤100
220873174076,Animal Equality,ANIMAL EQUALITY,≤100
380884168648080,Population Research Institute,POPULATION RESEARCH INSTITUTE,≤100
16177663441,Eric Schmitt,Schmitt for Senate,≤100
349068689306,Tim Scott,Tim Scott for America,≤100
105521469114882,ListMax,These ads ran without a disclaimer,≤100
118385911198439,Trending Politics News,I Love My Freedom,≤100
111495005590988,Pattern,Pattern Energy,≤100
271453369908901,FLAG  - Foundation for Liberty and American Greatness,FLAG  - Foundation for Liberty and American Greatness,≤100
2255535767896743,Mark Robinson,Friends of Mark Robinson,≤100
1682876188698809,United for Respect,United for Respect,≤100
114765400352270,Kite & Key Media,VMTS EDUCATION INC,≤100
1116377255172784,Concerned Veterans for America Foundation,Concerned Veterans for America Foundation,≤100
8047221596,Save the Children US,SAVE THE CHILDREN FEDERATION INC.,≤100
19746387261,Humane Society International,Humane Society International,≤100
110524448317325,Top5 News,These ads ran without a disclaimer,≤100
1428755447227803,Defend The Second,Next Level Goods,≤100
108691405615393,Reel Sen. Kennedy,BizPac Review,≤100
103376804451432,Trending Politics,I Love My Freedom,≤100
142957224352,International Medical Corps,International Medical Corps,≤100
120102651346136,Nevada State Treasurer’s Office,STATE TREASURER NEVADA OFFICE OF,≤100
102413723172970,Nick Adams,Nick Adams,≤100
113986481630469,Trending Patriots,I Love My Freedom,≤100
122894447754361,Institute for New Economic Thinking,"INSTITUTE FOR NEW ECONOMIC THINKING, THE",≤100
112555658384307,Kellie Alford for State Representative District 64,These ads ran without a disclaimer,≤100
223608490170,The Ruth Institute,The Ruth Institute,≤100
151894654697,Save Our States,Save Our States,≤100
106041458006742,The Tactical Brotherhood,The Tactical Brotherhood,≤100
138354569532939,"Tradition, Family, Property - TFP","American Society for the Defense of Tradition, Family and Property",≤100
120217541073894,Adron Henderson,Adron Henderson,≤100
104396194587918,C3 Solutions,Conservative Coalition for Climate Solutions,≤100
11111618026,Union of Concerned Scientists,"UNION OF CONCERNED SCIENTISTS, INC.",≤100
104908071917505,Welcome.us,Welcome.us,≤100
107414074990650,Defense of Freedom Institute,"Defense of Freedom Institute for Policy Studies, Inc.",≤100
1731084720451495,Saprea,The Younique Foundation,≤100
297987334762,Jamie Raskin,Jamie Raskin for Congress,≤100
351310239372,Associated Republicans of Texas,Associated Republicans of Texas,≤100
210937299260017,USA Features Media,USA Features Media LLC,≤100
103588388469410,Disparity Trap,Disparity Trap,≤100
141461112573139,Ullico Inc.,Ullico Inc.,≤100
114633944922650,"Sunlyt, LLC","Sunlyt, LLC",≤100
6334782252,Oceana,Oceana,≤100
408250066356,Bill O'Reilly,"Bill Me, Inc.",≤100
19342050934,Leadership Institute,LEADERSHIP INSTITUTE INC,≤100
122654655280238,i360,i360,≤100
105522602483398,Breaking News Alert,VIP Ad Solutions LLC,≤100
97624620788,American Friends of Magen David Adom,AMERICAN FRIENDS OF MAGEN DAVID ADOM,≤100
772243216130481,STEM NOLA,Center for Innovative Training of Youth dba STEM NOLA,≤100
8446177150,Chosen People Ministries,CHOSEN PEOPLE MINISTRIES INC,≤100
105753898811449,Align Us,Align Us,≤100
21242962092,ClientEarth,CLIENTEARTH USA INC,≤100
109521013225,Nikki Haley,Nikki Haley for President,≤100
126211280741703,Midwest Values PAC,Midwest Values PAC,≤100
114513494875415,America's Freedom Page,USA Features Media LLC,≤100
2321993584737314,The Markin Report,The Markin Report,≤100
354377577952993,SEIU Local 105,SERVICE EMPLOYEES INTERNATIONAL UNION LOCAL 105,≤100
497348647140658,Point Source Youth,Point Source Youth,≤100
10331123781,Special Olympics,Special Olympics Inc,≤100
104483742449646,CenterClip,"CenterClip, Inc.",≤100
269042170266287,Greg Cromer for Parish President,Greg Cromer for Parish President,≤100
110099228407333,Chevron Advocacy Network,Chevron Advocacy Network,≤100
127225910653607,PragerU,These ads ran without a disclaimer,≤100
103089811072938,Plover Robes,These ads ran without a disclaimer,≤100
107762775583638,WonderTrust,These ads ran without a disclaimer,≤100
44951363957,American Enterprise Institute,American Enterprise Institute,≤100
106779538059265,Jay Timmons,NATIONAL ASSOCIATION OF MANUFACTURERS OF THE UNITED STATES OF AMERICA INC.,≤100
603247219687559,Buddy Carter,BUDDY CARTER FOR CONGRESS,≤100
127944113884831,Community Foundation for Greater Atlanta,"The Community Foundation for Greater Atlanta, Inc.",≤100
474227102732389,Turning Point Action,Turning Point Action,≤100
8550121410,Free Speech America Project,MEDIA RESEARCH CENTER,≤100
528648287620574,"Elect Josh Hawkins, Mississippi House of Representatives District 10",Friends of Josh Hawkins,≤100
129353084077944,Maebe A. Girl,MAEBE A. GIRL FOR CONGRESS,≤100
15188122178,The Hamilton Collection,The Hamilton Collection,≤100
176099663659,Armed Services YMCA,ARMED SERVICES YMCA OF THE USA,≤100
1832744013698336,Mahogany Mommies,Mahogany Mommies,≤100
573209409408570,Cook County Record,The Record,≤100
104719928295399,Turn Left PAC,TURN LEFT PAC,≤100
115056554950266,Enroll Health Now,Enroll Health Now,≤100
12357407443,American Friends Service Committee,AMERICAN FRIENDS SERVICE COMMITTEE,≤100
36872302227,Cory Booker,CORY BOOKER FOR SENATE,≤100
238473269650980,Capital & Main,CAPITAL & MAIN,≤100
293225127381200,Patriot Depot,The Patriot Depot,≤100
118432634589209,ChoeShow,These ads ran without a disclaimer,≤100
24470472733,The Trevor Project,The Trevor Project,≤100
109118211910879,Mr. 45,Green Straw LLC,≤100
130945114804,World Jewish Congress,WORLD JEWISH CONGRESS AMERICAN SECTION INC,≤100
126893748252841,American Firearms Association,American Firearms Coalition,≤100
100700519593180,"Buck Nasty Media. Sports, culture, politics, and the Nasty Truth","Buck Nasty Media. Sports, culture, politics, and the Nasty Truth",≤100
376250065793807,Citizens for Responsible Energy Solutions,CITIZENS FOR RESPONSIBLE ENERGY SOLUTIONS INC,≤100
89757739264,Farm Credit,Farm Credit Council,≤100
645392368909975,carafem,carafem,≤100
28126338304,Surfrider Foundation,"SURFRIDER FOUNDATION, INC",≤100
150559895031,Rapha International,"Rapha House International, Inc.",≤100
18983389920,Open Society Foundations,Open Society Foundations,≤100
1470540296409810,Fair Fight Action,FAIR FIGHT ACTION INC,≤100
169597416843751,Stand Up America,Stand Up America,≤100
567371470277443,The Wilderness Society Action Fund,The Wilderness Society Action Fund,≤100
1220042511347971,U.S. Institute Against Human Trafficking,"U.S. INSTITUTE AGAINST HUMAN TRAFFICKING, INC.",≤100
113470526913,Scholastic,These ads ran without a disclaimer,≤100
46347342434,EMILYs List,EMILY'S LIST,≤100
1883588135197697,Wild Earth Allies,Wild Earth Allies,≤100
180381489134,Chris Christie,"Chris Christie For President, Inc.",≤100
100243201777347,SHIFT,SHIFT,≤100
421420145103641,William Everett Davis for Justice Court Judge,William Everett Davis for Justice Court Judge,≤100
95135221781,Federal News Network,Federal News Network,≤100
117437204982602,American Wild Horse Campaign,American Wild Horse Preservation Campaign,≤100
274273169907462,Dane Maxwell for Mississippi,Dane Maxwell for Mississippi,≤100
176548369099092,Barbara Lee,Barbara Lee for U.S. Senate,≤100
548911061944179,JPSO JOBS,These ads ran without a disclaimer,≤100
152002971521619,Senator Roland Gutierrez,ROLAND GUTIERREZ FOR TEXAS,≤100
101716172441500,Brennan Center en Español,"WILLIAM J. BRENNAN CENTER FOR JUSTICE, INC.",≤100
1593518174052711,Candace Owens,Daily Wire,≤100
205795426669644,Facts and Logic about the Middle East,Facts and Logic About the Middle East,≤100
77278490877,National Corn Growers Association,NATIONAL CORN GROWERS ASSOCIATION INC,≤100
340645001925,San Diego County Democratic Party,San Diego County Democratic Party,≤100
115238421570056,Arkansas Black Mayors Association,Arkansas Black Mayors Association,≤100
100373975829221,Fòs Feminista Org,Fòs Feminista,≤100
108524217539937,Lumen Technologies,Lumen Technologies,≤100
205561212797960,Denton County Democratic Party,Denton County Democratic Party,≤100
101324796346270,Joshua Blakely for Delegate,Joshua Blakely for Delegate,≤100
361558330642296,Free the People,Free the People,≤100
138290759549138,Hope Clinic,Hope Clinic for Women,≤100
102982659268640,Heart & Health,Partner for Heart & Health,≤100
215281808519580,Random House,Penguin Random House LLC,≤100
115270001513468,Stitch for Sheriff,Stitch for Sheriff,≤100
104659801302856,Anna Kaplan for New York,Anna Kaplan for New York,≤100
226999127329906,New York Immigration Lawyer,Law Office of Alena Shautsova,≤100
290548664672,First Liberty Institute,First Liberty Institute,≤100
102044622753692,American Potential Podcast,AMERICANS FOR PROSPERITY,≤100
960045850672105,One More Wave,These ads ran without a disclaimer,≤100
108247581851552,Democracy Defense Fund,DEMOCRACY DEFENSE FUND,≤100
121268821249550,World Central Kitchen,World Central Kitchen,≤100
119251431094420,Tennesseans for Quality Care,Tennesseans for Quality Care,≤100
100410338482377,American Property Owners Alliance,American Property Owners Alliance,≤100
165858562140,Western Resource Advocates,WESTERN RESOURCE ADVOCATES,≤100
113976101620710,Trish Leleux for State Representative District 25,Trish Leleux Campaign,≤100
358113240871900,Nuclear Energy Institute,"NUCLEAR ENERGY INSTITUTE, INC.",≤100
393795797388359,FOUR PAWS,FOUR PAWS INTERNATIONAL INC,≤100
5435784683,Greenpeace USA,"GREENPEACE, INC.",≤100
1049573471767276,The Guardian Fund,THE GUARDIAN FUND,≤100
492833287785124,Supervisor Jim Desmond,Supervisor Jim Desmond,≤100
105110315974200,Kennedy's America,BizPac Review,≤100
50982313030,Food & Water Watch,Food & Water Watch,≤100
119938547748319,Navigator Research,Navigator Research,≤100
10234472029,Council on Foreign Relations,Council on Foreign Relations,≤100
92979593115,CVS Pharmacy,CVS Pharmacy,≤100
123097641881,Feminists for Life,FEMINISTS FOR LIFE OF AMERICA,≤100
107119637688502,Western Justice,Western Justice Legislative Fund,≤100
7229514244,Drug Policy Alliance,DRUG POLICY ALLIANCE,≤100
100484735718366,The Coalition for Carolina,Coalition for Carolina,≤100
116051187749855,TOP5,These ads ran without a disclaimer,≤100
92729316952,Covanta,Covanta,≤100
112071038480355,Real News Now,Real News Now,≤100
107210481952186,Golfer Giveaways,Golfer Giveaways,≤100
104377518078467,More Perfect Union,MORE PERFECT UNION FOUNDATION,≤100
9324910069,NRSC,NRSC,≤100
105680575909615,Farm Bill for America’s Families,Farm Bill for America's Families,≤100
28446275521,Military Officers Association of America (MOAA),Military Officers Association of America,≤100
487569614682924,CAPP USA,Yellow Line Productions LLC,≤100
107308698272177,Gas Leaks Action,Gas Leaks Action,≤100
291102898490822,Conservative Comedy Store,Conservative Comedy Store,≤100
780941275347834,Ilhan Omar,ILHAN FOR CONGRESS,≤100
50513265848,Citizens United,Citizens United,≤100
105173311888160,Star and Bar,Star and Bar,≤100
7192716362,Amnesty International USA,"AMNESTY INTERNATIONAL OF THE U. S. A., INC.",≤100
1752701318176467,John Nickelson for Sheriff,Committee to Elect John Nickelson,≤100
104134582247672,Anthony D'Esposito,DESPOSITO FOR NEW YORK,≤100
143173285763,Tenth Amendment Center,Tenth Amendment Center,≤100
43934405787,IPPF,International Planned Parenthood Federation Worldwide Inc,≤100
17414523278,Democracy Now!,DEMOCRACY NOW,≤100
170491079663777,The Sentencing Project,"SENTENCING PROJECT INC, THE",≤100
234744096655497,Alliance For Early Success,Alliance for Early Success,≤100
117908638272909,Verra Mobility,These ads ran without a disclaimer,≤100
106563958759988,Semafor,Semafor Inc.,≤100
61492859575,Americares,"Americares Foundation, Inc.",≤100
107936991746783,A Common Sense America,Common Sense America Inc,≤100
58709265392,Americans United for Separation of Church and State,American's United for Separation of Church and State,≤100
1534290989956166,Philanthropy Roundtable,"PHILANTHROPY ROUNDTABLE, THE",≤100
67945990059,The American Petroleum Institute,The American Petroleum Institute,≤100
164966660351345,Hope Outfitters,Hope Outfitters,≤100
109893362130598,Great American Patriots,I Love My Freedom,≤100
1590877284560136,Patti Harris,Bloomberg Philanthropies,≤100
111044621745187,Liberty News,"Freedom From the Press, LLC",≤100
240937060405,Center for Science in the Public Interest (CSPI),Center for Science in the Public Interest,≤100
103552914774916,Science Moms,Potential Energy Coalition Inc,≤100
106568024842114,Rideshare Assault Support,Citizen Ad Network LLC,≤100
458142697588014,AARP Public Policy Institute,AARP,≤100
130268756992804,Yale Climate Connections,Yale Climate Connections,≤100
103122689312293,Bettina L. Love,Macmillan Publishing,≤100
106945699029082,Benjamin Genser for Grand Haven Mayor,Committee to Elect Benjamin Genser,≤100
250305668489402,Professor Kenny,These ads ran without a disclaimer,≤100
103128974521953,Michael Feggans for Delegate,Michael Feggans for Virginia,≤100
123857614319417,Texas Nationalist Movement,Texas Nationalist Movement,≤100
114665075250432,The Zalkin Law Firm,"The Zalkin Law Firm, P.C.",≤100
6787988478,Physicians for Human Rights,"PHYSICIANS FOR HUMAN RIGHTS, INC.",≤100
6756153498,Mike Bloomberg,Bloomberg Philanthropies,≤100
1499191057075106,Chronic Disease Coalition,Chronic Disease Coalition,≤100
100158948453494,Lars for President,LARS MAPSTEAD FOR PRESIDENT,≤100
1426633334258286,Mary's House Pregnancy Care Center,MARYS HOUSE OF LOUISIANA INC,≤100
142474049098533,Robert Reich,Inequality Media,≤100
12596759677,RAICES,REFUGEE AND IMMIGRANT CENTER FOR EDUCATION AND LEGAL SERVICES,≤100
507070522767934,AACR Foundation,"AMERICAN ASSOCIATION FOR CANCER RESEARCH, INC.",≤100
153278754738777,Climate Reality,The Climate Reality Project,≤100
311901101987,"The Seeing Eye, Inc.",SEEING EYE INC,≤100
700153177010264,Plant Based Products Council,Plant Based Products Council,≤100
6165653060,AFSCME,AMERICAN FEDERATION OF STATE COUNTY & MUNICIPAL EMPLOYEES,≤100
103839911900639,Sam Brown,SAM BROWN FOR NEVADA,≤100
109284291894484,American News Stories,"Freedom From the Press, LLC",≤100
1666922183524165,ReThink Energy NJ,ReThink Energy NJ,≤100
100545382897881,Justin Lofton for Pike County District 1 Supervisor,Justin Lofton for Pike County District 1 Supervisor,≤100
111306298500421,Julie Hartman,Salem Media Group,≤100
104660195062596,Gen Z Conservative,"Freedom From the Press, LLC",≤100
303374266418976,AFPM,American Fuel & Petrochemical Manufacturers,≤100
102868946106278,Reel Congress,BizPac Review,≤100
113496178208014,Protecting Our Democracy,Protecting Our Democracy,≤100
150066488433456,Solano Law Firm,SOLANO LAW FIRM LLC,≤100
173896102623920,Old Row,Old Row,≤100
591975150932241,PBS Books,DETROIT EDUCATIONAL TELEVISION FOUNDATION,≤100
378084314984,Trane Technologies,Trane Technologies,≤100
1898234727131235,Reel America,BizPac Review,≤100
153678684700451,American Investment Council,AMERICAN INVESTMENT COUNCIL,≤100
108731490859583,America's Work Force Union Podcast,"Bortini Management Associates, Inc.",≤100
11602044174,Independent Women's Forum,Independent Women's Forum,≤100
110052089025541,"Tim Clue, Speaker and Comedian",Tim Clue,≤100
5647744585,PETA (People for the Ethical Treatment of Animals),"PEOPLE FOR THE ETHICAL TREATMENT OF ANIMALS, INC.",≤100
309798029121030,Everytown for Gun Safety,Everytown for Gun Safety Support Fund Inc,≤100
201446296572389,Compassion in World Farming (USA),Compassion in World Farming Inc,≤100
102748688472759,Parents Defending Education,Parents Defending Education,≤100
104017182658962,Pervez Agwan for U.S. Congress,Agwan For Congress,≤100
945455208962159,For Everyone Collective,For Everyone Collective,≤100
101379158990057,United Council on Welfare Fraud,United Council on Welfare Fraud,≤100
181385265351965,Mosaic Magazine,Mosaic Magazine,≤100
100607179026941,Of Thee I Sing 1776,Of Thee I Sing 1776,≤100
130130503698358,Eastern European Mission,EASTERN EUROPEAN MISSION,≤100
104859815770730,Simple Health Solutions,Health Enrollment Department LLC,≤100
112339644228184,Next Chapter Podcasts,"Next Chapter Podcasts, LLC",≤100
254943996005,Catholic Answers,"CATHOLIC ANSWERS, INC.",≤100
16534314739,Facing History & Ourselves,Facing History & Ourselves,≤100
5593944035,Competitive Enterprise Institute,COMPETITIVE ENTERPRISE INSTITUTE,≤100
999556810102061,Signature Seas,Signature Seas,≤100
101670979560788,Reel Police,BizPac Review,≤100
102027764795677,American Wire,BizPac Review,≤100
115031433563622,Leading Ladies,BizPac Review,≤100
51533142540,Public Advocate of the U.S.,PUBLIC ADVOCATE OF THE US,≤100
107645227592678,To Which We Belong,Mystic Artists,≤100
109729861699329,Speak4,Speak4,≤100
1272534336242476,CFR Education,Council on Foreign Relations,≤100
123884330964019,Congressman André Carson,Congressman Andre Carson,≤100
100912916035641,International Order of T. Roosevelt,INTERNATIONAL ORDER OF T. ROOSEVELT,≤100
169042736456594,All Out,All Out Action Fund.,≤100
111606401855698,Theresa Mari for Huntington Town Council,Friends of Theresa Mari,≤100
110316380149,Family Policy Alliance,Family Policy Alliance,≤100
102347509079756,Join the Many,These ads ran without a disclaimer,≤100
482100658584410,We Stand For Energy,Edison Electric Institute,≤100
116197620249405,Recycling Facts,Center for Consumer Freedom,≤100
117592091643709,Tree of Life Ministries｜Evangelism in Israel,Tree of Life Ministries,≤100
105364682148003,Available To All,Available To All,≤100
156496968533805,Explore Beyond,NCTA - The Internet & Television Association,≤100
427715850351,A Community Voice - Louisiana,These ads ran without a disclaimer,≤100
101769576791,Health Action Network,Health Action Network,≤100
12692786774,The ALS Association,Amyotrophic Lateral Sclerosis Association,≤100
109521013225,Nikki Haley,Team Stand for America,≤100
102886009181340,Helpful Programs,GCL Company LLC,≤100
1194419550610259,Our Revolution,Our Revolution,≤100
441241125922184,Whistle Sports,These ads ran without a disclaimer,≤100
386305465057247,Liberty Nation News,Liberty Nation,≤100
129255907131113,NumbersUSA,NUMBERSUSA EDUCATION AND RESEARCH FOUNDATION,≤100
121185869582531,Soberlink,These ads ran without a disclaimer,≤100
1586732664896365,FPC Action Foundation,FPC ACTION FOUNDATION,≤100
342887442508723,Convention of States,Convention of States Action,≤100
42631297765,Hadassah,"HADASSAH, THE WOMEN'S ZIONIST ORGANIZATION OF AMERICA, INC.",≤100
108310235885897,Haymarket Books,"CENTER FOR ECONOMIC RESEARCH AND SOCIAL CHANGE, INC. THE",≤100
291391109320335,Cooke for Congress,COOKE FOR CONGRESS,≤100
275947565591,"Woods and Woods, LLC, The Veteran's Firm","Woods & Woods, LLC",≤100
100714922768465,Alliance For Responsible Gun Ownership,ARGO,≤100
1338822066131069,Women's March,Women's March,≤100
101939781315530,History Behind News Podcast,History Behind News Podcast,≤100
106967202260421,Rodney Hall for Mississippi House Dist. 20,Hall for Mississippi,≤100
101791315693,Destiny Rescue,"Destiny Rescue International, Inc.",≤100
100562019990818,U.S. Term Limits,U.S. Term Limits Inc.,≤100
58158120046,ACLJ,American Center for Law and Justice,≤100
102230249080409,Freedom First,"Freedom From the Press, LLC",≤100
262741493751666,The Pew Charitable Trusts,"PEW CHARITABLE TRUSTS, THE",≤100
163302087408673,Stop The Donald,Stop the Donald,≤100
710669049286394,Woo the People,Woo the People,≤100
118071565920,The Weather Channel,These ads ran without a disclaimer,≤100
105599502191866,Florida Jolt,"Jolt Media, Inc.",≤100
518194348194441,RepresentUs,RepresentUs,≤100
6316744206,Jon Tester,MONTANANS FOR TESTER,≤100
38897314734,Trust for Public Land,"TRUST FOR PUBLIC LAND, THE",≤100
152065518140304,Wildlife Conservation Society,Wildlife Conservation Society,≤100
114440734963600,Reel Tucker,BizPac Review,≤100
7656215652,Tim Kaine,Tim Kaine,≤100
19459912688,StandWithUs,StandWithUs,≤100
190697157619887,Freedom Foundation,Freedom Foundation,≤100
142474049098533,Robert Reich,Inequality Media Civic Action,≤100
100282586084755,"D.D. Black, Author of Pacific Northwest Crime Fiction",These ads ran without a disclaimer,≤100
25480500554,BRAC,"BRAC USA, Inc.",≤100
315692721932553,PR51st,THE PUERTO RICO STATEHOOD COUNCIL,≤100
440551812676698,Open The Books,American Transparency,≤100
108103552379131,MAGA Deplorables,The Raging Patriot,≤100
255544808211074,Ward 5 Alderwoman Lakeisha k Purchase,Friends of Lakeisha Purchase,≤100
1553978148244954,Build With Strength,Build With Strength,≤100
100221986153813,Lou's Daily News,"Freedom From the Press, LLC",≤100
103482538845527,Conservative Truth,"Freedom From the Press, LLC",≤100
118210194636417,100 Percent MORE Campaign,Fattah Neuroscience Global Advisors,≤100
110010433804232,Standing For Freedom Center,Standing for Freedom Center,≤100
182031182716445,Richard Nelson for Governor,Friends of Richard Nelson,≤100
203156483151292,PassionLife,PassionLife Ministries,≤100
122207534456852,Ayo and Iken,Ayo and Iken,≤100
583258211727279,Shai Fund,SHAI FUND INC,≤100
262536810935097,Housing Is A Human Right,AIDS HEALTHCARE FOUNDATION,≤100
200676905671,"Air Line Pilots Association, Int’l",Air Line Pilots Association,≤100
723394465079640,The Lion,Stanley M. Herzog Charitable Foundation,≤100
55708608675,RAND Corporation,"RAND CORPORATION, THE",≤100
111424138429025,The Clean Energy Life,REWIRE GROUP LLC,≤100
302111635698,National Association of Tax Professionals (NATP),National Association of Tax Professionals,≤100
424443217623488,Clarion Project,"CLARION PROJECT, INC.",≤100
100373909828064,Conservative America,The Raging Patriot,≤100
101224002310757,Seven Weeks Coffee,Seven Weeks Coffee,≤100
102579112455934,Making The Leap Podcast,Stanley M. Herzog Charitable Foundation,≤100
101350839190816,Macro Conservative,Macro Conservative,≤100
349904785020665,Law & Liberty,"Liberty Fund, Inc.",≤100
107363788552124,Local Solutions Support Center,Local Solutions Support Center,≤100
105632605766004,Stephanie Buhrer for Marion Co. Tax Assessor/Collector,Stephanie Buhrer for Marion Co. Tax Assessor/Collector,≤100
103176496007031,Men's Clothing Boutiques,These ads ran without a disclaimer,≤100
6314728663,Remedy Drive,Remedy Drive,≤100
78420171887,Sailors for the Sea,OCEANA INC,≤100
2095417444068117,For Our Future MI,For Our Future Action Fund,≤100
258848839880,Horizon Blue Cross Blue Shield of New Jersey,HORIZON HEALTHCARE SERVICES INC,≤100
102204903345,The Vilcek Foundation,"VILCEK FOUNDATION, INC., THE",≤100
1426913564268681,Daniel Sparks,Sparks4Senate,≤100
114008535880,Foundation for Individual Rights and Expression,"FOUNDATION FOR INDIVIDUAL RIGHTS AND EXPRESSION, INC.",≤100
106070881520645,Advance Colorado,Advance Colorado,≤100
101103254533,SOS International,SOS International,≤100
508887815910815,BPR,BizPac Review,≤100
123624513983,The Western Journal,The Western Journal,≤100
106809688968674,ChatOn - AI Chatbot Assistant,These ads ran without a disclaimer,≤100
103143769039197,Hexagon Developments,These ads ran without a disclaimer,≤100
1301218283344686,Andy Zay,ZAY FOR CONGRESS,≤100
373738603410030,Judicial Fairness Coalition- A Committee of CJA,CALIFORNIA JUDGES ASSOCIATION,≤100
102068689468846,Southern Utah TV & Satellite,SOUTHERN UTAH TV & SATELLITE,≤100
601678723294742,The Bill Walton Show,Resolute Protector Foundation,≤100
100744759790554,Expose Liberals,The Raging Patriot,≤100
122269174199638,USA Journal News,USA Features Media LLC,≤100
100119981671668,Blue Senate,BLUE SENATE PAC,≤100
106582384539447,Design for Freedom by Grace Farms,"GRACE FARMS FOUNDATION, INC.",≤100
1453144928262496,Overtime,These ads ran without a disclaimer,≤100
108843997369005,The Free Website Guys,These ads ran without a disclaimer,≤100
112638407053609,Jamal Osman,Osman Volunteer Committee,≤100
7606381190,Amy Klobuchar,KLOBUCHAR FOR MINNESOTA,≤100
830162603716633,Andy Beshear,Andy Beshear for Governor,≤100
939960396036229,Greenily - Your Family Only Greener,"Greenily, LLC",≤100
2327954210799469,ABpartnersco,These ads ran without a disclaimer,≤100
159960044025031,American Heritage Magazine,American Heritage Publishing,≤100
106909358810669,Stop RCV,Stop RCV,≤100
113544401828903,STOP LIBS,The Raging Patriot,≤100
100691296288550,Vote Shira Stallworth For Mississippi State Representative District 110,Vote Shira Stallworth For Mississippi State Representative District 110,≤100
104981939210693,Clayton Keirns,I Love My Freedom,≤100
615867588540441,Will Hurd,Hurd for America,≤100
346612865750115,Korea Defense Veterans Association,Korea Defense Veterans Association,≤100
289934516904,Millions Against Monsanto by OrganicConsumers.org,ORGANIC CONSUMERS ASSOCIATION,≤100
130110347120598,Amigos Internacionales,AMIGOS INTERNACIONALES CORPORATION,≤100
81755908577,Kids in Need of Defense (KIND),"KIND, Inc.",≤100
104092062075803,USA Jolt,"Jolt Media, Inc.",≤100
103277109172874,The Original Lou's News,"Freedom From the Press, LLC",≤100
7663052482,YFU USA,"YOUTH FOR UNDERSTANDING USA, INC.",≤100
107552458915066,Tiffany Lee Cowman For Hancock Chancery Clerk,Tiffany Lee Cowman For Hancock Chancery Clerk,≤100
118479622896426,The Veil Removed,The Veil Removed,≤100
1198501513581888,Representative Stacey Hobgood-Wilkes,Representative Stacey Hobgood-Wilkes,≤100
21218780346,Foreign Policy,These ads ran without a disclaimer,≤100
282632248801387,Andrea Jenkins for Ward 8,Andrea For Ward 8,≤100
110458972140691,American Patriot,The Raging Patriot,≤100
1444820465547227,Rank the Vote,Rank the Vote,≤100
104810574763043,Ghost Patch,These ads ran without a disclaimer,≤100
105169114225957,Coalition for Responsible Exit,Coalition for Responsible Exit,≤100
782093245218764,Qasim Rashid,Qasim for Congress,≤100
102794658754102,Daily Freedom,Trending Views,≤100
103452279103881,Ambassador Gordon Sondland,MOUTH Digital,≤100
129278807814364,Women of Welcome,Women of Welcome,≤100
202071006601223,GOOD PARTY,Good Party LLC,≤100
143063095713907,Hep,"CDM PUBLISHING, LLC",≤100
111499100431,National Association for Gun Rights,"THE NATIONAL ASSOCIATION FOR GUN RIGHTS, INC",≤100
48994809349,Ms. Foundation for Women,MS FOUNDATION FOR WOMEN INC,≤100
161419311535,The New Republic,These ads ran without a disclaimer,≤100
1196196390526965,Facebook Surveys,These ads ran without a disclaimer,≤100
1886927881621153,"C4 - Chris, Carbon County Commissioner",C4 - CHRIS FOR CARBON COUNTY COMMISSIONER,≤100
102392018062460,Delegate A.C. Cordoza,FRIENDS OF AC CORDOZA,≤100
344175515603105,Southern Company,These ads ran without a disclaimer,≤100
183790230111,Harris County Republican Party,Harris County Republican Party,≤100
104325980927924,Fun t-shirts,These ads ran without a disclaimer,≤100
6727932795,Institute for Humane Studies,Institute for Humane Studies,≤100
10524033745,Remote Area Medical - RAM,REMOTE AREA MEDICAL,≤100
169196224815,Giovanni Capriglione,Giovanni Capriglione Campaign,≤100
126815818975,Global Fund for Children,GLOBAL FUND FOR CHILDREN (THE),≤100
105066632162136,Vet the Vote,We the Veterans,≤100
111357897876676,Scotty Moore for Florida,Scotty Moore for Florida,≤100
121676104237203,Mike's Marvelous Masterpieces,These ads ran without a disclaimer,≤100
38234604057,PEN America,PEN AMERICAN CENTER INC,≤100
1620937204819048,Wildlife Trafficking Alliance,American Association of Zoological Parks & Aquariums,≤100
13341879933,Organic Consumers Association,ORGANIC CONSUMERS ASSOCIATION,≤100
1425435377743310,Conversations with Bill Kristol,FOUNDATION FOR CONSTITUTI,≤100
40217893542,AIPAC,American Israel Public Affairs Committee,≤100
106705056029405,Renee Pawlish - Author,These ads ran without a disclaimer,≤100
102286035642350,Patriots for USA,USA Features Media LLC,≤100
473191156175163,EDF Action,Environmental Defense Action Fund,≤100
106641672526650,MAGA 2024,The Raging Patriot,≤100
102873246032735,Stella McMahan for Coroner,Stella McMahan for Coroner,≤100
2361139837508625,Animal Victory,"One Red Lion, Inc DBA Animal Victory",≤100
8524198486,Physicians Committee for Responsible Medicine,"PHYSICIANS COMMITTEE FOR RESPONSIBLE MEDICINE, INC.",≤100
186977768011413,Ironworkers Rising,"International Association of Bridge, Structural, Ornamental, and Reinforcing Iron Workers",≤100
140155342671005,Sempervirens Fund,SEMPERVIRENS FUND,≤100
54580146753,Faith in Action,Faith in Action,≤100
6593503709,Gabby Giffords,Giffords,≤100
316955281351,APWU - The American Postal Workers Union,AMERICAN POSTAL WORKERS UNION,≤100
22627435207,Presbyterian Church (U.S.A.),Presbyterian Church (U.S.A.),≤100
168876449866088,The Years Project,THE YEARS PROJECT,≤100
108733862157788,Tim Sheehy,TIM SHEEHY FOR MONTANA,≤100
114982931437267,John Gomes for Mayor,JOHN GOMES FOR MAYOR,≤100
45901308455,MAP International,MAP INTERNATIONAL (INC.),≤100
100746819111892,Tom Keen for Florida,Tom Keen for Florida,≤100
102420431749179,Raging Americans,Raging Americans,≤100
106058025408954,Do No Harm Medicine,Do No Harm,≤100
125120044171675,"City of Lancaster, CA – Government","LANCASTER, CITY OF",≤100
659878157406228,America's Warrior Partnership,America's Warrior Partnership,≤100
710460605705480,Dugit Outreach Center,Dugit Messianic Outreach Center,≤100
37442103053,ACLU of New Jersey,AMERICAN CIVIL LIBERTIES UNION OF NJ,≤100
110624565660992,ZOE International,ZOE International,≤100
7145381235,American Jewish World Service - AJWS,"AMERICAN JEWISH WORLD SERVICE, INC.",≤100
311134189218940,For Our Future Nevada,For Our Future Action Fund,≤100
102327612557275,"Frank Burns,  Change for the 21ST",Elect Frank Burns Change For The 21st,≤100
113858467992659,David Owen for Delegate,Friends of David Owen,≤100
191371171409,Southern Group of State Foresters,Southern Group of State Foresters,≤100
58043814556,Oklahoma City Memorial Marathon,Oklahoma City Memorial Marathon,≤100
21395843375,Dialysis Patient Citizens,DIALYSIS PATIENT CITIZENS INC,≤100
109425288912319,Proud Patriots,The Raging Patriot,≤100
969264936445051,Nevada Veterans In Politics,"Veterans In Politics International, Inc.",≤100
85179583121,San Diego Police Officers Association,SAN DIEGO POLICE OFFICERS ASSOCIATION INC,≤100
104621899169071,Louisiana Trade & Commerce,Louisiana Trade & Commerce,≤100
192738164073627,A Better Balance,A Better Balance,≤100
100529699794683,Jessica Swartz,Jessica for Michigan,≤100
111725181971454,Patriotic Nick,The Raging Patriot,≤100
106862204671108,The Deplorable Americans,The Deplorable Americans,≤100
147126507164,ACTwireless,ACTwireless,≤100
1021724717913869,Bantam Communications,Bantam Communications,≤100
29770886815,Marijuana Policy Project,MARIJUANA POLICY PROJECT,≤100
499379343409991,Impact Fund,"IMPACT FUND, THE",≤100
174793662656828,Colorado Peak Politics,Peak Politics LLC,≤100
214061167976,El Tiempo Latino,MASTV EL PLANETA LLC,≤100
113058058533766,The American Patriot,The Raging Patriot,≤100
23852173291,Community Environmental Council (CEC),COMMUNITY ENVIRONMENTAL COUNCIL,≤100
653918824803452,WCS Newsroom,Wildlife Conservation Society,≤100
506680536015406,HumanProgress.org,"CATO INSTITUTE, INC.",≤100
578997822247700,Resolute Strategies,Resolute Strategies,≤100
189551501975684,MAGA Underground,MAGA Underground,≤100
341513602902369,CALL TO ACTIVISM,CALL TO ACTIVISM,≤100
101396592457270,Global Coin LLC,These ads ran without a disclaimer,≤100
174665813003584,Mission Partners for Christ,Mission Partners for Christ,≤100
925007000949719,ExxonMobil,These ads ran without a disclaimer,≤100
100512237997467,Community Health Partnership,Community Health Partnership,≤100
2007361039550045,"Center for Free, Fair, and Accountable Democracy","CENTER FOR FREE, FAIR, AND ACCOUNTABLE DEMOCRACY, INC.",≤100
101581329115492,Freedom Street,"Freedom From the Press, LLC",≤100
135393633232510,California Grocers Association,CALIFORNIA GROCERS ASSOCIATION,≤100
276076196388914,Coffee & Pan Dulce Show,Coffee & Pan Dulce Show,≤100
1735868916637509,KOP Clothing Inc.,These ads ran without a disclaimer,≤100
80060992758,Center for Food Safety,"CENTER FOR FOOD SAFETY, THE",≤100
695354394002844,Vickie Paladino for NYC,Vickie for City Council,≤100
100508506242850,Better Benefit Guidance,These ads ran without a disclaimer,≤100
110171351959046,Wayne Womack for Simpson Co.,Friends of Wayne Womack,≤100
220538341415523,The Satanic Temple,The Satanic Temple,≤100
102596355656379,Red Wave News Updates,"Freedom From the Press, LLC",≤100
487406107954778,Red Movement Store,These ads ran without a disclaimer,≤100
81517275796,UNICEF USA,UNITED STATES FUND FOR UNICEF,≤100
252814820267,HIAS,HIAS,≤100
43426724597,Paper Culture,Paper Culture LLC,≤100
43853729859,Campaigns & Elections,Political World Communications,≤100
14893370225,Sustainable Harvest International,SUSTAINABLE HARVEST INTERNATIONAL,≤100
105383531133271,Nancy Young for Tracy Mayor,Nancy Young for Tracy Mayor 2020,≤100
613924535450605,Daniel L. Hatcher,Daniel L. Hatcher,≤100
27311599342,Preemptive Love,Preemptive Love Coalition,≤100
100397759502728,Dear Jane Podcast,Choose Life Marketing,≤100
111464544881905,America First News,America First News,≤100
115143604891957,Kim Strassel: WSJ,Kim Strassel: WSJ,≤100
310925405807,Citizens Climate Lobby,Citizens' Climate Lobby,≤100
228754857151053,House Majority PAC,HOUSE MAJORITY PAC,≤100
30911162508,Forbes,These ads ran without a disclaimer,≤100
104897268381196,LeNovel,These ads ran without a disclaimer,≤100
101366834743111,Staunch Moderates,Staunch Moderates,≤100
106953012476760,Trump Train Tees,Trump Train Tees,≤100
45013872425,The Ripon Society,RIPON SOCIETY,≤100
339432396135584,The Exodus Road,The Exodus Road,≤100
106652927369737,Re-Elect Bullock for Supervisor 2024,Committee to Elect Bullock for Supervisor 2020,≤100
400851746967779,Nicole Malliotakis,NICOLE FOR NEW YORK,≤100
498221457664032,DHL U.S.,"DHL EXPRESS (USA), INC.",≤100
125937197447634,ACTA - American Council of Trustees and Alumni,AMERICAN COUNCIL OF TRUSTEES AND ALUMNI,≤100
19437978960,Chris Murphy,FRIENDS OF CHRIS MURPHY,≤100
1599237673639735,Change Media Group,Change Media Group,≤100
201248453800242,My Pay My Say,Mackinac Center for Public Policy,≤100
401240226922554,VoLo Foundation,VoLo Foundation,≤100
711909245654048,National Police Support Fund,National Police Support Fund,≤100
103629075847121,DIA,DIA LLC,≤100
1456948254627841,STAT,These ads ran without a disclaimer,≤100
153966377987310,Disability Rights Florida,"DISABILITY RIGHTS FLORIDA, INC.",≤100
181924628560212,Ekō,Ekō,≤100
765819533755980,Kevin W. Felsher State Representative District 117,Friends of Kevin W. Felsher,≤100
130753146592974,UCB USA,UCB USA,≤100
106427469080193,Bill Woolf for Senate,Woolf for Senate,≤100
16900111951,National Organization for Women (NOW),NATIONAL ORGANIZATION FOR WOMEN,≤100
449532451834913,Fishers Finery,Fishers Finery,≤100
106032806092251,Local First Arizona,Local First Arizona Foundation,≤100
107356708329311,Conservative News Stories,"Freedom From the Press, LLC",≤100
720943967965149,AFSCME Retirees,AMERICAN FEDERATION OF STATE COUNTY & MUNICIPAL EMPLOYEES,≤100
112499917544791,The Black Legacy Project,"MUSIC IN COMMON, INC.",≤100
1610834479233860,Fight For Reform,End Citizens United Non-federal,≤100
320823520454,Enough Is Enough,Enough is Enough,≤100
519881728373558,United Blacks Of America,United Blacks of America,≤100
137662367278,League of Women Voters of the US,LEAGUE OF WOMEN VOTERS OF THE UNITED STATES,≤100
103966991229588,Frank Bojazi,Trending Views,≤100
105502019112518,Push Digital Group,Push Digital,≤100
138492335404,Scott Walker,FORWARD USA FEDERAL POLITICAL ACTION COMMITTEE,≤100
227594571444676,Building New York's Best,Carpenter Contractor Alliance of Metropolitan New York,≤100
107766235181961,The Nunn Report,The Nunn Report,≤100
909371242735626,Conservative Candidate Caucus PAC,Conservative Candidate Caucus PAC,≤100
1038112106230748,Henk Rogers,Blue Planet Alliance Corporation,≤100
216052228433696,Arcus Foundation LGBTQ Social Justice,ARCUS FOUNDATION,≤100
105334892381660,AmericanTowns Politics,AMERICAN TOWNS,≤100
109475211795252,Freedom From The Press,"Freedom From the Press, LLC",≤100
1406149713044974,Intellectual Judaism,Intellectual Judaism,≤100
7361892567,Born Free USA,"BORN FREE USA, UNITED WITH ANIMAL PROTECTION INSTITUTE",≤100
217187838327836,The Story Exchange,The Story Exchange Foundation,≤100
1605295603062909,Hot Seat for Judges,Hot Seat for Judges,≤100
105015365674645,Pop-N-Play,These ads ran without a disclaimer,≤100
102221165021408,Law Forward,"Law Forward, Inc.",≤100
1729198467311786,G.A. Matiasz,62 Mile Press,≤100
293446934166966,"Platt, Thompson and Buescher, Attorneys at Law","Platt, Thompson and Buescher, Attorneys at Law",≤100
127691390582,PHI,"PARAPROFESSIONAL HEALTHCARE INSTITUTE, INC.",≤100
102961088866702,Sarah Klee Hood for Congress,SARAH KLEE HOOD FOR NY,≤100
21090771700,Gun Owners of America,Gun Owners of America,≤100
110094158160834,The American Tribune,"Freedom From the Press, LLC",≤100
102854636071768,Roberts for Sheriff,Roberts for Sheriff,≤100
203420943084617,Damnthedemocrats,Damnthedemocrats,≤100
14038292386,Women for Women International,WOMEN FOR WOMEN INTERNATIONAL,≤100
100806242836871,Preservation Pause,University of Arizona Indigenous Peoples Law and Policy Program,≤100
107656512024564,LIV Golf Nation,LIV Golf Nation,≤100
110789241969098,Andy Morales,Andy Morales,≤100
128904330509898,The University of Chicago Harris School of Public Policy,The University of Chicago Harris School of Public Policy,≤100
108750708844294,Grace Anne Blake for Caddo Commission District 8,Grace Anne Blake for Caddo,≤100
102712325850529,Libratum Press,Libratum Press LLC,≤100
104177748302844,Unsolved Mysteries,These ads ran without a disclaimer,≤100
23062764436,Erika’s Lighthouse: A Beacon of Hope for Adolescent Depression,Erika’s Lighthouse: A Beacon of Hope for Adolescent Depression,≤100
6781166087,Bob Casey,BOB CASEY FOR SENATE INC,≤100
290851614930809,Combat AntiSemitism,Combat Hate Foundation,≤100
102630946097114,Readically Scholar,These ads ran without a disclaimer,≤100
993294760683044,Education Reform Now,EDUCATION REFORM NOW ADVOCACY INC,≤100
55549065733,Voto Latino,VOTO LATINO INC.,≤100
104605160959720,Leda Health,Leda Health Corporation,≤100
121370409259213,Alpha-gal Information,These ads ran without a disclaimer,≤100
118686031245775,Bruce Hough For Congress,Friends of Bruce Hough,≤100
2001831300143832,Conversations with Jim Zirin,Conversations with Jim Zirin,≤100
170126260000702,Western Journal US News,The Western Journal,≤100
105692311896010,Positive Money US,Positive Money US,≤100
108468085874736,International Human Trafficking & Social Justice Conference,Human Trafficking & Social Justice Institute,≤100
632445790211259,Summit County Young Democrats,Summit County Young Democrats,≤100
113314398471785,Celeste Maloy,Celeste For Congress,≤100
82223469060,ACN - Aid to the Church in Need,"AID TO THE CHURCH IN NEED, INC.",≤100
38236386996,LSU Press,LSU Press,≤100
107828162210962,State Affairs Indiana,STATE AFFAIRS LLC,≤100
250392878345035,The Focused Pastor,Focus on the Family,≤100
9538894955,John F. Kennedy Presidential Library and Museum,"John Fitzgerald Kennedy Library Foundation, Inc.",≤100
100949179644508,Free and Fair Democracy PAC,FREE AND FAIR DEMOCRACY PAC,≤100
312657362217994,Women's Heart Alliance,Women's Heart Alliance,≤100
110853168664536,Jill Dutton For Texas,Jill Dutton for Texas,≤100
116884823952,Vulnerable People Project,HERO Inc.,≤100
273546779885377,The Gallant Pelham,"delupton, LLC",≤100
105350752337593,Citizens Exam,Citizens Exam,≤100
513785465632396,Airline Passengers for Justice,Airline Passengers for Justice,≤100
387312204617372,American Tort Reform Association,"AMERICAN TORT REFORM ASSOCIATION, INC.",≤100
116861961319806,Barn Raiser,Barn Raising Media Inc,≤100
14660729657,The Christian Science Monitor,These ads ran without a disclaimer,≤100
104355919273853,Jordan Bradford for Chancery Clerk,Jordan Bradford for Chancery Clerk,≤100
230180824062538,Councilman Anand Shah,Councilman Anand Shah,≤100
105421802441162,Congressman Mike Ezell,Congressman Mike Ezell,≤100
423356937751018,Central Coast Community Energy,CENTRAL COAST COMMUNITY E,≤100
293587294678559,Bienvenido,"Bienvenido, USA",≤100
196014930429730,Empowered by Light,Empowered By Light Foundation,≤100
488740674837681,198 Methods,198 methods,≤100
103659169274466,Todd Stewart for Stone County Sheriff 2023,Todd Stewart for Stone County Sheriff 2023,≤100
118351931297749,The Insight Insider,These ads ran without a disclaimer,≤100
105938305913705,Milton Families First,"Milton Families First Independent Committee, Inc",≤100
1663301430650007,Michael Kimelman,"Dekryption, LLC",≤100
107051145110721,The Investing Weekly Journal,These ads ran without a disclaimer,≤100
407573379367907,ISAR,These ads ran without a disclaimer,≤100
153171891404218,Common Sense Institute Colorado,Common Sense Institute,≤100
104237051371667,Fandiem,Fandiem Inc,≤100
36085812354,Rainforest Foundation US,"Rainforest Foundation, Inc.",≤100
206202032757114,Nature and Culture International,These ads ran without a disclaimer,≤100
103915962606545,Andrew Bailey,Bailey for Missouri,≤100
97279934919,bp America,BP CORPORATION NORTH AMERICA INC.,≤100
107077981585236,"Debt Elimination NOW, Neeley Law","Debt Elimination NOW, Neeley Law",≤100
682955925122567,Trending Views,Trending Views,≤100
165674110118949,Clearing out the Clutter,Clearing out the Clutter,≤100
109366181861530,President Trump is My Wingman,"Freedom From the Press, LLC",≤100
109593875402273,Niedbalski 4 Mishawaka,Niedbalski 4 Mishawaka,≤100
15041226930,Oxfam,These ads ran without a disclaimer,≤100
102658529406392,Allen Mashburn for NC Lieutenant Governor,Friends of Allen Mashburn,≤100
459300547433514,Linsay Rousseau,Linsay Rousseau,≤100
363500867116594,Will Metcalf,Will Metcalf,≤100
444237349074965,GPB News,Georgia Public Telecommunications Commission,≤100
104970128462895,Elias for Assembly,ELIAS FOR ASSEMBLY,≤100
113597385068989,Rozzana Verder-Aliga For CA State Senate District 3,Rozzana Verder-Aliga for Senate 2024,≤100
101564054951838,We The Forest,We The Forest,≤100
328042268580226,Stories of Antisemitism,Stories Of Antisemitism,≤100
10606591490,TIME,TIME USA LLC,≤100
109200595768753,The Christian Left,The Christian Left,≤100
300341323465160,The Daily Signal,HERITAGE FOUNDATION (THE),≤100
30618466815,Pacific Legal Foundation,Pacific Legal Foundation,≤100
20603236087,Love146,"LOVE146, INC.",≤100
106602704371225,Rob is Right,Rob is Right,≤100
458643554482238,Uri Velez La Sra de los Seguros,Euridis Velez,≤100
106969504351640,Claire Maxwell Rutherford County School Board Zone 5,Claire Maxwell Rutherford County School Board Zone 5,≤100
114080905042873,For the Majority,For the Majority,≤100
109446231895739,Love Your Space,These ads ran without a disclaimer,≤100
817114738446913,Hoosier Action,Hoosier Action,≤100
268868046463126,Beacon Center of Tennessee,BEACON CENTER OF TENNESSEE,≤100
430869277025501,Dr. Nancy O'Reilly,"WOMEN CONNECT4GOOD, INC.",≤100
111365084107318,The Founders USA,These ads ran without a disclaimer,≤100
1546952572205770,UAE USA United,The Embassy of the United Arab Emirates,≤100
63240625785,National Immigration Forum,NATIONAL IMMIGRATION FORUM,≤100
393076844046051,Progressive Caucus,CONGRESSIONAL PROGRESSIVE CAUCUS PAC,≤100
135308650091,Community Service Society of New York,COMMUNITY SERVICE SOCIETY OF NEW YORK,≤100
249467225254927,The Love > hate Project,LOVE GREATER THAN HATE PROJECT,≤100
60865633726,Love Justice International,TINY HANDS INTERNATIONAL,≤100
327853590558653,"Agri-Pulse Communications, Inc.","AGRI-PULSE COMMUNICATIONS, INC.",≤100
456650934476413,MARC - Medicare Advocacy Recovery Coalition,Medicare Advocacy and Recovery Coalition,≤100
265584563563176,JCRC of Greater Washington,The Jewish Community Relations Council of Greater Washington,≤100
85252863415,National Latina Institute for Reproductive Justice,NATIONAL LATINA INSTITUTE FOR REPRODUCTIVE HEALTH,≤100
126053105675,Save the Redwoods League,Save The Redwoods League,≤100
101018283332,Long Beach City,City of Long Beach,≤100
118702787822790,Affordable Health Insurance,These ads ran without a disclaimer,≤100
93692255431,Bread for the World,"BREAD FOR THE WORLD, INC.",≤100
119817351113595,Street Insider Entertainment,These ads ran without a disclaimer,≤100
192609620649,The University of Chicago,The University of Chicago,≤100
620515378314908,Noah Ring,Noah Ring,≤100
338218229911752,Integrity First PAC,INTEGRITY FIRST PAC,≤100
139835646030666,Alliance for Aviation Across America,Alliance for Aviation Across America,≤100
153704007991524,Women's Earth and Climate Action Network,Women's Earth and Climate Action Network (WECAN) International,≤100
102356589314098,Political Comms,Political Comms LLC,≤100
101500361547186,Keith Jacobs For President PAC,KEITH JACOBS FOR PRESIDENT,≤100
1802248836771260,Weird Little Tales,These ads ran without a disclaimer,≤100
102274838994065,Common Sense Institute Arizona,Common Sense Institute,≤100
106793912227344,mayornickerson,These ads ran without a disclaimer,≤100
407848989230502,The Rational Middle,"Rational Middle Media Group, LLC",≤100
109837098551466,Sarika Bansal for Cary Town Council District D,Friends of Sarika Bansal,≤100
107024195742262,Jirair for CA,JIRAIR RATEVOSIAN FOR CONGRESS,≤100
594519783957655,Citizens for National Security,Citizens For National Security,≤100
112552187080266,Protecting Every Future,American Council of Life Insurers,≤100
105058351297836,"Mayor of Irondale James D. Stewart, Jr.","Mayor James D. Stewart, Jr.",≤100
512225042147387,Mothers Out Front,MOTHERS OUT FRONT INC,≤100
111588141207502,Tamie US Congress,TAMIE WILSON FOR US,≤100
109484472066825,Jonathan Berry for State Representative,Jonathan Berry for State Senate,≤100
108128905126531,Clever 1st,These ads ran without a disclaimer,≤100
101542284893130,Delaware LIVE News,DELAWARE LIVE LLC,≤100
611865645522590,JusticeAid,JusticeAid,≤100
107095242215966,Investing Entertainment Daily,These ads ran without a disclaimer,≤100
101375548811087,Tim Kolar for GPP City Council,Tim Kolar for GPP City Council,≤100
105945142414993,Texans for Mauro,COMMITTEE TO ELECT MAURO GARZA FOR US CONGRESS,≤100
112912573793125,Rise Up for Justice,Rise Up for Justice,≤100
281844617168,Jewish Voice Ministries International,JEWISH VOICE MINISTRIES INTERNATIONAL,≤100
18540061737,The Ohio Environmental Council,The Ohio Environmental Council,≤100
109610760468209,Dr. Bradford Carlton,Carlton Family Corporation,≤100
1420200111329836,Alan C. Moore,Alan C. Moore,≤100
110981884065996,AbortionFinder,Power to Decide,≤100
320517874076,Montgomery Area Association of REALTORS®,Montgomery Area Association of REALTORS®,≤100
120750404328004,docarlenelove,These ads ran without a disclaimer,≤100
119183187854195,Asia Wild,Asia Wild,≤100
536562299702134,Put People First - PA,Put People First - PA,≤100
26236056993,Andrew Wommack Ministries,These ads ran without a disclaimer,≤100
645619022183855,USA National Miss South Carolina,These ads ran without a disclaimer,≤100
111027456985128,Lavinia Goodell,Lavinia Goodell,≤100
50714237985,The Rutherford Institute,RUTHERFORD INSTITUTE,≤100
104381772534875,Starter School,These ads ran without a disclaimer,≤100
674093346356017,Jen Kiggans for Congress,KIGGANS FOR CONGRESS,≤100
848933585148951,La Jolla Country Day School,These ads ran without a disclaimer,≤100
115851611042,The Max Foundation,THE MAX FOUNDATION,≤100
259212814698356,Democratic Majority for Israel,Democratic Majority for Israel,≤100
114381685773074,One Man's Opinion,One Man's Opinion,≤100
101377889168483,Gumbo Limbo Coastal Stewards,"Gumbo Limbo Coastal Stewards, Inc.",≤100
1141037812653481,"Judge Christopher ""Chris"" Gregory,  Justice of the Peace - Precinct 4","Christopher ""Chris"" Gregory Campaign.",≤100
1560105467624797,Generation180,Generation180,≤100
106327227394502,POTELIGEO® (mogamulizumab-kpkc),"KYOWA KIRIN, INC.",≤100
1570082353262795,YIMBY Action,YIMBY ACTION,≤100
281844617168,Jewish Voice Ministries International,Jewish Voice Ministries International,≤100
758584494291735,Lt Steven Rogers,Lt Steven Rogers,≤100
102784696247479,emmasrose_,These ads ran without a disclaimer,≤100
107828221535364,Wyoming Truth,These ads ran without a disclaimer,≤100
226786561578659,VitamiNews,These ads ran without a disclaimer,≤100
2259323457517498,Abolish the Electoral College,Abolish the Electoral College,≤100
101204378825808,Fight the Right,FIGHT THE RIGHT PAC,≤100
336442420497121,Consciously,Big Sister Corp.,≤100
6445219629,Omaha World-Herald,Omaha World-Herald,≤100
336551593173218,Walter Hudson for State Representative,Hudson for Minnesota,≤100
330408799230,Joe Courtney,Congressman Joe Courtney (CT-02),≤100
1797087313938555,Pat Ryan,PAT RYAN FOR CONGRESS,≤100
278105649059338,The AEGIS Alliance,The AEGIS Alliance,≤100
1522379728063829,Healthy World for All,RESOURCES LEGACY FUND,≤100
411566892619897,Shaking Up Science,Shaking Up Science,≤100
67198072267,Michigan Capitol Confidential,Michigan Capitol Confidential,≤100
428173550596440,Rep. Ritchie Torres,Office of Congressman Ritchie Torres,≤100
105885339192083,Shannon Dillon for Henrico Commonwealth Attorney,These ads ran without a disclaimer,≤100
677754392261894,"Our Nevada Judges, Inc.",Our Nevada Judges Inc,≤100
112633605203374,Gather the Nations,These ads ran without a disclaimer,≤100
105813455896701,teacherspiritguide,These ads ran without a disclaimer,≤100
287940097975718,Orphan Voice,Orphan Voice Inc,≤100
490349377808038,State Representative Justin Holland,Justin Holland Campaign,≤100
107558352401387,Project Liberty Action Network,These ads ran without a disclaimer,≤100
19856390207,LiveBeyond,MOBILE MEDICAL DISASTER RELIEF INC,≤100
110752871069652,Ohio Conservatives PAC,Ohio Conservatives PAC,≤100
113529358463467,American Leadership Fund,American Leadership Fund,≤100
5878048748,GlobalGiving,"GLOBALGIVING FOUNDATION, INC.",≤100
104801129318848,Buy Patriot Merch,These ads ran without a disclaimer,≤100
102176712079037,Daily Floridian,Daily Floridian,≤100
444493312758637,Amanda Batten,Friends of Amanda Batten,≤100
75993679952,ACLU of Pennsylvania,ACLU of Pennsylvania,≤100
103700905956132,NetZero,Net Zero,≤100
102157166037377,Wesley barnes,Wesley barnes,≤100
108108121456950,Blue States PAC,BLUE STATES PAC,≤100
125182621527545,Sarah McBride,McBride for Delaware,≤100
105646862461284,greatamericansproject,These ads ran without a disclaimer,≤100
108563459211349,El Mayor Tequila,These ads ran without a disclaimer,≤100
398233886974905,Mike Grieco for Miami Beach Mayor,"Mike Grieco for Miami Beach Mayor, non-partisan",≤100
65538457518,The Village Square,TO THE VILLAGE SQUARE INC,≤100
122479214181660,Lahoma4Chief 2023,These ads ran without a disclaimer,≤100
108276258909021,Olarglscal-fox,These ads ran without a disclaimer,≤100
300748678230,Tennessee Department of Economic and Community Development,Paid for by Tennessee Department of Economic and Community Development,≤100
117214891638398,Street Grace,Street Grace Inc,≤100
30914589895,The International Fellowship of Christians and Jews,"INTERNATIONAL FELLOWSHIP OF CHRISTIANS & JEWS, INC.",≤100
270826723039149,The Coalition to Protect Americas National Parks,"COALITION OF NATIONAL PARK SERVICE RETIREES, INC.",≤100
110700067011185,No Dem Left Behind PAC,NO DEM LEFT BEHIND PAC,≤100
123266097692163,Monmouth County Republican Committee,Monmouth County Republican Committee,≤100
13867925345,Equality Florida,Equality Florida,≤100
251311085673876,The First To Respond,These ads ran without a disclaimer,≤100
195100614324426,The Freedom Initiative,The Freedom Initiative,≤100
110624247393153,Republican Ads,"Republican Ads, LLC",≤100
965181706946254,US Rep Nanette Diaz Barragán,Official funds authorized by the House of Representatives,≤100
118178241651488,DSPolitical,"DSPolitical, LLC",≤100
300125763392341,Bigger Pie Forum,Bigger Pie Forum,≤100
348521388580843,Talks On Law,Talks On Law,≤100
107618578223660,California Courier,California Courier,≤100
2255846891314996,Corn Refiners Association,Corn Refiners Association,≤100
37461287798,Jesuit Refugee Service/USA,JESUIT REFUGEE SERVICE INC,≤100
104137448577519,Freddie for Fayetteville - Mayor,These ads ran without a disclaimer,≤100
104521238896557,June Marie Paintings,June-Marie Paintings,≤100
33072273262,"Little Rock, Arkansas",Little Rock Convention & Visitors Bureau,≤100
300876976679360,EPIC bar,These ads ran without a disclaimer,≤100
1060164470855840,Angela Rogensues,CTE ANGELA ROGENSUES,≤100
101630799223933,Camp Lejeune Claims Registration,These ads ran without a disclaimer,≤100
679775682081147,Gospel in Life,These ads ran without a disclaimer,≤100
287754774569171,Americans for Prosperity-Montana,AMERICANS FOR PROSPERITY,≤100
116274224738492,Jim Petras for Cleveland Heights,Jim Petras for Cleveland Heights,≤100
165987503528599,Lindsey Graham,"TEAM GRAHAM, INC.",≤100
100277132101163,One Percent for America,"ONE PERCENT FOR AMERICA, INC.",≤100
586490388694590,Edwards Housing,These ads ran without a disclaimer,≤100
100416560012896,Friends of the Everglades,FRIENDS OF THE EVERGLADES INC,≤100
168367339845613,The Humane League,"HUMANE LEAGUE, THE",≤100
96339890237,Wisconsin REALTORS Association,Wisconsin Realtors Association,≤100
121940824138795,North Carolina Association of Health Plans,"North Carolina Association of Health Plans, Inc",≤100
102210676014497,izzvibez,These ads ran without a disclaimer,≤100
2220049454938703,Macomb County Clerk-Register of Deeds,MACOMB COUNTY CLERKS OFFICE,≤100
110737847312980,Your Vote OC,The Republican Party of Orange County,≤100
101401528499337,"Commissioner Kionne McGhee, District 9",Kionne L. McGhee,≤100
80892038525,Ohio Democratic Party,OHIO DEMOCRATIC PARTY,≤100
388076585284592,SalmonState,SalmonState,≤100
122836074546643,Kentucky Senator Chris McDaniel,McDaniel For Senate,≤100
117543684268070,stanleytongceramics,These ads ran without a disclaimer,≤100
120434611053517,Daniel Forrester for Anderson County Chancellor,Daniel Forrester for Anderson County Chancellor,≤100
133937690180,Student Conservation Association,Student Conservation Association,≤100
111441768023852,Embroidery Shop,These ads ran without a disclaimer,≤100
102261749523309,Elect Josh Allison,These ads ran without a disclaimer,≤100
192153270853678,"Lira Bravo Law, PLLC",Lira Bravo Law PLLC,≤100
104797392466540,1 Minute Topics,These ads ran without a disclaimer,≤100
20237874656,Institute for Policy Studies,Institute for Policy Studies,≤100
251976498539216,Erwin Tulfo,These ads ran without a disclaimer,≤100
103935095594448,The MP Group,These ads ran without a disclaimer,≤100
243795232247,Mennonite Central Committee - MCC,MENNONITE CENTRAL COMMITTEE U.S.,≤100
104307112454499,MAGA GOP,Bridgeway Professionals,≤100
2854126084659334,Penkbike,These ads ran without a disclaimer,≤100
104661465527539,Municipalism Learning Series,Solidarity Research Center,≤100
105239511089757,Inmigrantes al Día,Inmigrantes al Dia,≤100
79683428354,Animals' Angels USA,ANIMALS ANGELS INCORPORATED,≤100
43527081680,Appalachian Mountain Club,Appalachian Mountain Club,≤100
116218234689337,Congressman Robert Garcia,Office of Congressman Robert Garcia,≤100
773432316041673,Calvary South Austin,Calvary South Austin,≤100
110092875676745,International Leadership Association,These ads ran without a disclaimer,≤100
7035457015,Brave New Films,BRAVE NEW FOUNDATION 501(C)(3),≤100
43949868082,Outright International,OutRight Action International with Facebook ad credits,≤100
383764641756488,Refugee & Immigrant Assistance Center,These ads ran without a disclaimer,≤100
1013454855413378,Arena Mail + Digital,Arenawins,≤100
115584358201525,Street Insider Magazine,These ads ran without a disclaimer,≤100
1163811040367180,Food & Water Action,FOOD & WATER ACTION,≤100
103929304678916,Voter Action Project,Integrity First Voter Action Project,≤100
100250426380093,Juan For Maryland,These ads ran without a disclaimer,≤100
1529786753965053,PXG,These ads ran without a disclaimer,≤100
2831837216845452,"Derek Norton - Mayor, City of Smyrna",Derek Norton for Mayor,≤100
109569258074838,Alex R Crawford,These ads ran without a disclaimer,≤100
261799810593614,Daniel Arthur Smith,These ads ran without a disclaimer,≤100
87377228013,Side with Love,UNITARIAN UNIVERSALIST ASSOCIATION,≤100
21218780346,Foreign Policy,FOREIGN POLICY,≤100
195275985287,Delaware County Democratic Party - Ohio,Delaware County Democratic County,≤100
110282325330578,Judson for Judge,Judson for Judge,≤100
123755994361809,Alliance San Diego,Equality Alliance of San Diego County,≤100
110133700706695,2 Queers In A Truck,2 Queers In A Truck,≤100
107146144777244,Tim Alexander for Congress,ALEXANDER4CONGRESS2022,≤100
114144021768838,Brian Sly,These ads ran without a disclaimer,≤100
106285175008010,Patrick Willis Strategic Consulting,These ads ran without a disclaimer,≤100
104533369302191,Warrior Blood Apparel,These ads ran without a disclaimer,≤100
100960489669689,Christian Charette for State Representative,Christian Charette for State Representative,≤100
110714121395656,Read House,These ads ran without a disclaimer,≤100
77906169595,Texans Care For Children,Texans Care for Children,≤100
276031089088216,Ridgegate Financial,These ads ran without a disclaimer,≤100
108505904007810,Clay Fuller: Main Street Patriot,Main Street Patriot LLC,≤100
100500465282483,Breaking Battlegrounds,September Group LLC,≤100
106621664707628,Representative Matt Rosendale,Office of Representative Matt Rosendale,≤100
30954968553,Smithsonian’s National Museum of the American Indian,National Museum of the American Indian,≤100
239658882763974,Poverty USA by CCHD,UNITED STATES CONFERENCE OF CATHOLIC BISHOPS,≤100
160484230634663,National Urban Indian Family Coalition,NATIONAL URBAN INDIAN FAMILY COALITION,≤100
102020496330754,Ivan  Junior  Jiménez Gonzalez,These ads ran without a disclaimer,≤100
392683144674817,Patriot Politics USA,Trending Views,≤100
1176617299018126,Hampton Commonwealth's Attorney and Victim Services Unit,Hampton Commonwealth's Attorney and Victim Services Unit,≤100
104604016029547,Steve Simon For Waterloo City Council At-Large,Simon for City Council,≤100
112443395099439,Jackson For Hobart,Committee to Elect Teddian Jackson,≤100
110380611926691,Judge Heela,These ads ran without a disclaimer,≤100
111904024679959,Bold Majority,BOLD MAJORITY PAC,≤100
452797224923658,The Democratic Coalition,THE DEMOCRATIC COALITION,≤100
749654048541705,Dexperts,These ads ran without a disclaimer,≤100
109954368851659,Seattles Smiles,These ads ran without a disclaimer,≤100
110599091754319,Jonathan Emord for U.S. Senate,EMORD FOR SENATE INC,≤100
100267349821382,Conservative Nicholas,The Raging Patriot,≤100
142856248701,Save Our Springs Alliance,Save Our Springs Alliance,≤100
100409635146406,BBC Select,These ads ran without a disclaimer,≤100
1788530101402591,Rep. John McCravy,McCravy for House,≤100
107960438668410,Advice Intellect,These ads ran without a disclaimer,≤100
8532248414,Wounded Warrior Project,These ads ran without a disclaimer,≤100
1027626217435226,Richouses,These ads ran without a disclaimer,≤100
149745555082419,Pioneer Institute for Public Policy Research,These ads ran without a disclaimer,≤100
123651254408327,Sokolove Law,"Sokolove Law, LLC",≤100
108905317397133,Thnk:,Thnk Holdings LLC,≤100
102865665784059,Zodiac Nation Outdoors,These ads ran without a disclaimer,≤100
1382031428685910,John Whitmire,John Whitmire Campaign,≤100
58584948953,PICO California,Pico California,≤100
122742807774775,Municipal Water District of Orange County,Municipal Water District of Orange County,≤100
104845836238949,World Animal Protection US,These ads ran without a disclaimer,≤100
137747116266280,AARP Foundation,These ads ran without a disclaimer,≤100
113516138401024,Tara Swenson for Duluth,Tara Swenson for Duluth,≤100
5861903849,USA for UNFPA,USA for UNFPA,≤100
105532442354341,Celia Agent Insurance,Celia Agent Insurance,≤100
341067573151931,Live Like Magick,These ads ran without a disclaimer,≤100
116374041727027,A New Leaf,"A NEW LEAF, INC.",≤100
103031639159375,Celebrity crowd,These ads ran without a disclaimer,≤100
260950614010259,Sandra Cano,Sandra Cano for Congress,≤100
417522508294454,Job Creators Network,Job Creators Network,≤100
871024699654165,Special Education Advocacy.org,These ads ran without a disclaimer,≤100
103736139244309,Coach Mercedez Lerne,These ads ran without a disclaimer,≤100
89773793450,Conference on Crimes Against Women,"CONFERENCE ON CRIMES AGAINST WOMEN, INC.",≤100
107178831882244,San Diego Signal,San Diego Signal,≤100
100248535693761,Funny Tots TV,These ads ran without a disclaimer,≤100
20239752285,The American Prospect,"The American Prospect, Inc.",≤100
116427711494593,American Fury,The Raging Patriot,≤100
526050950764260,Cheyenne Central,Cheyenne Central,≤100
269908037561,Missourians to Abolish the Death Penalty,Missourians to Abolish the Death Penalty,≤100
113546554489501,Foody Reading,These ads ran without a disclaimer,≤100
67368795121,Ohio Right to Life,Ohio Right to Life Society,≤100
1624206881186861,Lisa Blunt Rochester,Lisa Blunt Rochester for Senate,≤100
111937411761351,Hilarious LOLZ,These ads ran without a disclaimer,≤100
1338887272868699,Schwarz & Schwarz,These ads ran without a disclaimer,≤100
23311628592,Heartland Alliance,Heartland Alliance for Human Needs & Human Rights,≤100
340528409646227,Consumer Action for a Strong Economy,CASE for Consumers,≤100
228401243342,Northwestern University,These ads ran without a disclaimer,≤100
18780321251,American Chemistry,American Chemistry Council,≤100
105687052039828,Jessica Anderson for VA House of Delegates,Jessica Anderson For VA House of Delegates,≤100
482869205100278,Neema Project,Neema Project,≤100
123286000747661,Matt Gunderson for Congress,GUNDERSON FOR CONGRESS,≤100
577579002349073,Let's Grow Kids,"Let's Grow Kids, Inc",≤100
44821074152,Go For Broke National Education Center,GO FOR BROKE NATIONAL EDUCATION CENTER,≤100
101415254816106,Political Test Business Main Page,US org 1,≤100
102075659651581,Francis Nwabuzo,These ads ran without a disclaimer,≤100
105339821829330,Dr. Mariela Roca for Congress,ROCA FOR CONGRESS,≤100
1888216188065538,Congressman James Comer,Congressman James Comer,≤100
308506536540046,Alaskans for Better Elections,Alaskans for Better Elections,≤100
307577909645,Elizabeth River Project,ELIZABETH RIVER PROJECT,≤100
251512801547984,Ken King,Ken King for State Representative,≤100
102415608852755,Settle In,INTERNATIONAL RESCUE COMMITTEE INC,≤100
262400727558782,ArticlesVally,These ads ran without a disclaimer,≤100
621668134518008,Global March for Elephants and Rhinos,"Global March for Elephants and Rhinos, Inc.",≤100
760966834054315,Democratic Party of Brown County Wisconsin,Democratic Party of Brown County,≤100
6919565207,Islamic Relief USA,These ads ran without a disclaimer,≤100
105672864814790,Ultimate Survival,These ads ran without a disclaimer,≤100
896759427103774,Modern Medicaid Alliance,Modern Medicaid Alliance,≤100
121492337618573,HCS Help,These ads ran without a disclaimer,≤100
106821720913618,Otto Insurance,These ads ran without a disclaimer,≤100
104702522583558,Oscar Mata for Mayor,Friends of Oscar Mata,≤100
278799112231915,Sue-Ham,Sue-Ham,≤100
1868800143394669,Heber City,These ads ran without a disclaimer,≤100
103117627898141,Claggett For Ohio,Claggett for Ohio,≤100
1766394553620082,Improve Mississippi PAC,Improve MS Political Action Committee,≤100
124115965454,Cornerstone Action,Cornerstone Action,≤100
43131954532,Maine Conservation Voters,Maine Conservation Voters,≤100
466818760191731,Supporting Our Military Veterans,Supporting Our Military Veterans,≤100
531368367387817,Point Blank Political,"Point Blank Political, LLC",≤100
105504109288452,The Raging Patriot,The Raging Patriot,≤100
103433804692809,Law Offices of James S. Hong & Associates,Law Offices of James S. Hong,≤100
342825960311468,Texian Exchange Club,These ads ran without a disclaimer,≤100
133764907211570,Concerned Citizen,Concerned Citizen,≤100
504118316658151,SilencedOrganic,SilencedOrganic.com,≤100
169840807024913,Jobob,The Jobob Show,≤100
418775708189870,Social Movement Technologies,These ads ran without a disclaimer,≤100
129516457130685,Al Jadid Magazine,Al Jadid Magazine,≤100
103913471081871,"Marcus C. Evans, Jr.","Citizens for Marcus C. Evans, Jr",≤100
106095601125529,"Reaching Everyone In Distress Foundation, Inc.",Reaching Everyone in Distress Foundation Inc.,≤100
184040026329,Rep. Jon Hardister,Jon Hardister for NC,≤100
293245379135737,Niftiest,These ads ran without a disclaimer,≤100
103649939028193,Costa Mesa Confidential,Costa Mesa Confidential,≤100
1720878078241107,Conservative Move,Conservative Move,≤100
134687123337151,CDC HIV,Let's Stop HIV Together,≤100
188441263945,Laboratory to Combat Human Trafficking,LCHT,≤100
117591357946468,Vote Emon Thompson for Hinds County Supervisor District 4,Committee to Elect Emon Thompson,≤100
105577515850129,Don Carlson for Congress,Carlson for Congress,≤100
275642352610281,Evanston Animal Shelter,These ads ran without a disclaimer,≤100
112642477582238,Mericanaf,AAF Nation,≤100
104916968538177,TIS 이주공사,TIS VISA CORPORATION,≤100
224088354685502,Peter Durant for State Senate,Durant Committee,≤100
103309305706695,Victoria For Winter Springs,Victoria For Winter Springs,≤100
169668596476550,AFSCME en Español,AMERICAN FEDERATION OF STATE COUNTY & MUNICIPAL EMPLOYEES,≤100
274273169907462,Dane Maxwell for Mississippi,Friends of Dane Maxwell,≤100
107348245617529,Walter Hopper III,FRIENDS OF WALTER HOPPER,≤100
267353906619818,Mr. Gugu & Miss Go,These ads ran without a disclaimer,≤100
101288566315597,Gabriel Rodríguez,These ads ran without a disclaimer,≤100
100638533094811,Nick Hayes Music,These ads ran without a disclaimer,≤100
109913351974361,Vibe Check,These ads ran without a disclaimer,≤100
100682066421124,"The Execution, Life and Times of Patrick O'Donnell",These ads ran without a disclaimer,≤100
112637920299437,Fuse Thrillers,These ads ran without a disclaimer,≤100
103714812773916,Amir Pansky,These ads ran without a disclaimer,≤100
617580021740612,Polska Fundacja Narodowa,These ads ran without a disclaimer,≤100