﻿Page ID,Page name,Disclaimer,Amount spent (BRL)
301774903545521,Brasil Paralelo,Brasil Paralelo,3063
441467489336861,Prefeitura de Sinop,Prefeitura Municipal de Sinop,354
163111127092232,Governo de Mato Grosso,Governo de Mato Grosso,305
425350744240843,Comitê Internacional da Cruz Vermelha,Comitê Internacional da Cruz Vermelha,271
175804982467404,Safernet Brasil,Safernet Brasil pago com créditos de anúncio do Facebook,257
107926134331509,Hemerson Máximo,Hemerson Máximo,221
123323271155574,Virginia Mendes,Virginia Raquel Taveira E Silva Mendes Ferreira,198
347460535353050,PNB Online,PNB Online,177
104625758942119,Siga Antenado,"ASSOCIACAO ADMINISTRADORA DA FAIXA DE 3,5 GHZ - EAF",174
483630874998954,Mauro Mendes,Mauro Mendes Ferreira,172
1111649495517188,Dilemário Alencar,Dilemario Alencar,150
1894520370802455,Governo do Brasil,Secretaria Especial de Comunicação Social -Governo do Brasil,147
1124473760957316,FS Fueling Sustainability,FS Fueling Sustainability,146
133378606695344,Magazine Luiza,These ads ran without a disclaimer,131
121116005943892,Saúde Não Se Pesa,NOVO NORDISK FARMACÊUTICA DO BRASIL LTDA,109
425215080864180,Pfizer Brasil,Pfizer,106
112830251033781,Tiger,GRUPO HEINEKEN,≤100
465235726843103,Ambev,Ambev,≤100
495853807136270,Thiago Silva,Thiago Alexandre Rodrigues da Silva,≤100
109354687306376,Instituto Conhecimento Liberta,Instituto Conhecimento Liberta,≤100
258088921369,TOTVS,TOTVS,≤100
102395734972653,Eduardo Sanches,Carlos Eduardo Silva Sanchez Roman,≤100
302972573369748,Fellipe Corrêa,Fellipe Corrêa,≤100
1962626790720530,Beto Dois a Um,Beto Dois a Um,≤100
159489454773418,Eduardo Magalhães,EDUARDO VICTOR MAGALHÃES,≤100
255804437808407,Vale,Vale,≤100
1549054225424161,Eduardo Moreira,Instituto Conhecimento Liberta,≤100
175136909200706,Assembleia Legislativa do Estado de Mato Grosso,Assembleia Legislativa do Estado de Mato Grosso,≤100
141670129347094,Elizeu Nascimento,Elizeu Nascimento,≤100
116660936845284,Marcus Brito Jr,Marcus Antonio De Souza Brito Junior,≤100
159103797542,Greenpeace Brasil,Greenpeace Brasil,≤100
224777780881144,Visão Mundial,Visão Mundial,≤100
171169022896525,Guaraná Antarctica,Ambev,≤100
695502267317551,Ranielli Lima,Ranielli Patrick Arruda Lima,≤100
110092218261646,Edu Moreira,Edu Moreira,≤100
102856342511936,ICL Notícias,Instituto Conhecimento Liberta,≤100
101189854802059,Revista Oeste,Revista Oeste,≤100
197698930267127,Alana,Instituto Alana,≤100
367468876929300,Instituto Avon,AVON COSMETICOS LTDA,≤100
101147735696122,Frente Parlamentar Mista do Biodiesel,Profissionais do Texto LTDA,≤100
108890738625799,Garimpo Sustentável,Central das Organizações do Estado de Mato Grosso.,≤100
112021296931600,Mônica Lopes,IBPOM,≤100
115558703488480,IDP Online,Instituto Brasiliense de Direito Publico,≤100
103657841390283,lustein,These ads ran without a disclaimer,≤100
113165042099382,Brasil 61,Brasil 61,≤100
226093730774900,Popular Online,Popular Online,≤100
106613217881487,Vereador Investigador Gerson,Vereador Investigador Gerson,≤100
104486751876738,Tenente Coronel Zucco,Luciano Zucco,≤100
330379553673497,Oxfam Brasil,Oxfam Brasil,≤100
111241944518289,Legislativo na Prática,Instituto Dankemo,≤100
105933125105087,Aqui Pela Saúde Dela,Organon,≤100
265418896861350,A Tribuna MT,A Tribuna MT,≤100
107318201742773,Gerador de Votos,Carlos Bomfim,≤100
239977579362882,Blue3,Blue3 Investimentos,≤100
107742651063250,Academia de Pesquisa,Academia Brasileira de Formação e Pesquisa,≤100
1632845003624410,Lúcio Sorge,Lucio Sorge,≤100
198849783539777,Buscofem,Buscofem,≤100
163893463708223,Marcelo Vitorino,IDP,≤100
110225312350543,Nova Escola,Associação Nova Escola,≤100
1641991982711846,CBIC Brasil,Câmara Brasileira da Indústria da Construção,≤100
488522157948560,Sebastião Rezende,Sebastiao Machado Rezende,≤100
1498647100170828,Prefeitos do Futuro,Prefeitos do Futuro Cursos e Treinamentos LTDA,≤100
1602653090051018,Galãs Feios,Galãs Feios,≤100
145608108896911,Frente Parlamentar da Agropecuária - FPA,Instituto Pensar Agropecuária,≤100
188019017925352,Fundação Lemann,Fundação Lemann,≤100
201878973201295,Republicanos10,Republicanos10,≤100
224021551012451,Gerando Falcões,Gerando Falcões,≤100
2217678965141962,Coronel Koury Grupo B-38,These ads ran without a disclaimer,≤100
291969064306588,Método de Aprovação,SCIREJUS APLICATIVOS JURIDICOS LTDA,≤100
109918909035681,Cerveja Brahma Oficial,Ambev,≤100
456580098466417,Voto Certo,Voto Certo,≤100
1767220630177139,Animal Equality Brasil,Animal Equality Brasil,≤100
108147365877214,Canal Futura,Fundação Roberto Marinho,≤100
263199020531986,JOTA,JOTA,≤100
7970426802,WWF-Brasil,WWF-Brasil,≤100
2109538449371324,Fabrizio Ferraz,Fabrizio Ferraz,≤100
106558185227603,BP Select,Brasil Paralelo Entretenimento e Educação S/A,≤100
185875761943,MDB Nacional,MOVIMENTO DEMOCRÁTICO BRASILEIRO,≤100
139961289505697,Sodexo Brasil,These ads ran without a disclaimer,≤100
111130822268479,IDP,"Instituto Brasileiro de Ensino, Desenvolvimento e Pesquisa IDP - LTDA",≤100
109272165397476,Gerson Aragao,SCIREJUS APLICATIVOS JURIDICOS LTDA,≤100
135611223190336,ClimaInfo,Instituto ClimaInfo,≤100
111186368956008,Academia Brasileira de Direito Constitucional,ABDConst,≤100
101687831462814,"Rodrigo Andrade, A Real Mudança",Rodrigo Andrade,≤100
1513585108888249,Syngenta,Syngenta,≤100
103222252564490,Método de Aprovação,SCIREJUS APLICATIVOS JURIDICOS LTDA,≤100
108742321417244,Gerson Aragão,SCIREJUS APLICATIVOS JURIDICOS LTDA,≤100
118678938210868,SIMPI,SIMPI,≤100
2544666325578449,Eleja.se,Eleja.se,≤100
104738421003389,InvestNews BR,Easynvest,≤100
173480706086444,The Nature Conservancy Brasil,The Nature Conservancy Brasil,≤100
107332148172933,Geração 68 Sempre na Luta,Rodrigo Tomazini Dias,≤100
193719533998484,Fundação Fernando Henrique Cardoso,Fundação FHC,≤100
196548557024498,FACESP - Federação das Associações Comerciais do Estado de São Paulo,Facesp,≤100
172444996112900,Fundo Brasil,Fundo Brasil,≤100
1791040007779382,Excelência Educação,Excelência Educação,≤100
104553347942750,Eder Borges,Eder Fabiano Borges Adao,≤100
1544493995819099,Roberto Cláudio,Roberto Claudio Bezerra,≤100
101933305564897,Promic,Riole,≤100
108015435927747,FAS - Fundação Amazônia Sustentável,Fundação Amazonia Sustentável,≤100
147258388715323,Fundação Luterana de Diaconia (FLD),Fundação Luterana de Diaconia,≤100
106308415121143,Politique - Detalhamento de Votos,PRATIC SERVIÇOS EM TECNOLOGIA DA INFORMAÇÃO LTDA,≤100
187970114581051,Anistia Internacional Brasil,Anistia Internacional Brasil,≤100
103134051607601,Lima Vendedor,Elismar Malta Ribeiro,≤100
112063496842,IP Capital Partners,These ads ran without a disclaimer,≤100
149518311835447,Renata Bueno,Renata Bueno,≤100
456872437699016,Sindifisco Nacional,Sindifisco Nacional,≤100
363140553718136,Epoch Times Brasil,EPOCH TIMES BRASIL LTDA,≤100
171342419582453,"CNC - Confederação Nacional do Comércio de Bens, Serviços e Turismo","CONFEDERACAO NACIONAL DO COMERCIO DE BENS, SERVICOS E TURISMO - CNC",≤100
211334236088748,Welton Lemos,Welton De Oliveira Lemos,≤100
359871157981726,Decorando a Lei Seca,Decorando a Lei Seca,≤100
103039778175459,Hospitais PROADI-SUS,HCor,≤100
1313633058744565,Impulsiona,Instituto Península,≤100
1008846355811866,Lincoln Reis,Lincoln Reis,≤100
190833037616321,Jornal Extra,Jornal Extra,≤100
242062609325601,Agenda 227,ANDI AGENCIA DE NOTICIAS DOS DIREITOS DA INFANCIA,≤100
128802790469337,Todos Pela Educação,Todos Pela Educação,≤100
106226678765150,Omie Contadores,These ads ran without a disclaimer,≤100
114545680471703,Pedro Quintanilha - Mentalidade Empreendedora,Eduardo Lima Ferreira,≤100
107063348442736,Cultura Jurídica,FMR - CURSOS ONLINE LTDA,≤100
697646047064714,Abiquim,Abiquim,≤100
241839765912021,Estratégia Concursos,ESTRATÉGIA CONCURSOS SA,≤100
386384768194437,Agenda em Foco,Agenda em Foco,≤100
578446162520321,Alice Leite,These ads ran without a disclaimer,≤100
1703820879881222,Vereador Thiago Rodrigues,Thiago Rodrigues Alves,≤100
105520569004820,Absolar Comunica,Associação Brasileira de Energia Solar Fotovoltaica,≤100
667463076729677,UniGospel,UniGospel,≤100
358687161234,Proteção Animal Mundial,Sociedade Mundial de Proteção Animal - WSPA BRASIL,≤100
1703010579956133,Eleições 2024 - Cursos Online,Curso Eleitoral,≤100
102275945221840,Portal Tucumã,Portal Tucumã,≤100
1025300124169519,Mitsubishi Motors,These ads ran without a disclaimer,≤100
114248903470049,Frente Parlamentar Mista da Medicina,Frente Parlamentar de Medicina,≤100
108828235460637,Universidade Faveni,Guilherme Campos De Almeida,≤100
500679196780578,Instituto Ekos Brasil,Instituto Ekos Brasil,≤100
2093019170718787,Vereador Cordeiro,Antonio Cordeiro Dos Santos,≤100
161406070640025,Educação e Território,Cidade Escola Aprendiz,≤100
277985792247149,Luis Santos,Luis Santos Pereira Filho,≤100
489012484462741,Abrasel,Abrasel,≤100
1847744682154472,Robério Negreiros,ROBERIO BANDEIRA DE NEGREIROS FILHO,≤100
633578433500190,Rede Essent Jus,ESSENT JUS CONTABILIDADE E CONSULTORIA LTDA,≤100
1016014891780524,Estratégia Carreira Jurídica,ESTRATEGIA CONCURSOS SA,≤100
1788797064722263,Juarez Lopes,Juarez Lopes,≤100
104161123005913,Fundação Tide Setubal,Fundação Tide Azevedo Setubal,≤100
104098442554676,juninmarquesff,These ads ran without a disclaimer,≤100
540247616482635,Nohs Somos,Nohs Somos,≤100
109827627379945,Flavio Comajo,Flavio Alves Ribeiro,≤100
1957476444581670,Willyan Novaes,Willyan Cesar Cavalcante Novaes,≤100
114909954829962,vozes_vida_liberdade,These ads ran without a disclaimer,≤100
191158547728051,Centro de Referências em Educação Integral,Cidade Escola Aprendiz,≤100
1805476649710465,Nacionalidade Espanhola,JOSÉ ALBERTO ARAÚJO DE JESUS,≤100
742859855830690,IRELGOV,IRELGOV,≤100
107809564197704,Cetur - Conselho Empresarial de Turismo da CNC,"CONFEDERACAO NACIONAL DO COMERCIO DE BENS, SERVICOS E TURISMO - CNC",≤100
1085882971496519,Cristiano Teixeira Dantas,CRISTIANO DANTAS SOCIEDADE INDIVIDUAL DE ADVOCACIA,≤100
103779715064518,Uma Concertação pela Amazônia,Instituto Arapyaú de Educação e Desenvolvimento Sustentável,≤100
106206361334270,Marketing Político de Conteúdo,Samuel Jacques,≤100
115278478164605,psi_alinelima_,These ads ran without a disclaimer,≤100
106525678463910,União Brasil 44,UNIÃO BRASIL,≤100
446733592386057,Mais Inclusão no Mundo,Mais Inclusão no Mundo,≤100
101714635665855,Quarto Poder Paraná,Quarto Poder PR,≤100
1504580766531518,Mulheres Progressistas,PROGRESSISTAS - BRASIL - BR - NACIONAL,≤100
649566832145349,Informe Digital,Interativa Serviços de Marketing Ltda,≤100
100440424845197,Advocacia Previdenciária do zero - Prof. Thony Rennan,These ads ran without a disclaimer,≤100
355044661183298,Carol Santino Resenhas,These ads ran without a disclaimer,≤100
1024840290996769,Lucas Pimenta,Lucas Pimenta,≤100
109789152161,Sou da Paz,Instituto Sou da Paz,≤100
214665511883192,Aldeias Infantis SOS Brasil,These ads ran without a disclaimer,≤100
358687161234,Proteção Animal Mundial,These ads ran without a disclaimer,≤100
588818864464639,Imprensa Pública,Imprensa Pública,≤100
172154116311925,Sindserv Santos,Sindserv Santos - Sindicato dos Servidores Públicos Municipais de Santos,≤100
110899248610700,Mateus Oliver,Mateus Costa De Oliveira,≤100
179837479250006,Marcelo Lino,Marcelo Lino Da Silva,≤100
187869627968575,Roberto Tripoli,Roberto Tripoli,≤100
103586255620966,Portal O Judiciário,Interativa Serviços de Marketing Ltda,≤100
111006700550820,Cenarium Amazônia,CENARIUM AGENCIA DE NOTICIAS EIRELI,≤100
104368868914986,orizonvr,These ads ran without a disclaimer,≤100
102873468561052,moniquegarciaoficial,These ads ran without a disclaimer,≤100
109597815616,VEJA,Revista Veja,≤100
108055517438424,Joãozinho Maceió,Joãozinho Vereador,≤100
1459364967727482,Comunidade de Silvicultura,Comunidade de Silvicultura,≤100
107676025499422,CAMG Advogadas,These ads ran without a disclaimer,≤100
497369917354339,Brechó & Coisarada,These ads ran without a disclaimer,≤100
147673065320368,Instituto Rodrigo Mendes,These ads ran without a disclaimer,≤100
454225234639209,Vereadora Edir Sales,Edir Sales,≤100
106040261559088,Alex Sandro Perez Santos - Teologo,Alex Sandro Perez Santos,≤100
321102601376588,Abdala Fraxe,Abdala Habib Fraxe Junior,≤100
107154798987483,Agency IR GOLD,These ads ran without a disclaimer,≤100
158198544337175,Glauber Braga,Glauber Braga,≤100
232264546798998,Portal do Marcos Santos,Portal Marcos Santos,≤100
106385298993758,Thiago Alixandre,These ads ran without a disclaimer,≤100
892763220875099,Heni Ozi Cukier,These ads ran without a disclaimer,≤100
1509794265819118,AB Plast Manufaturados Plásticos Ltda,These ads ran without a disclaimer,≤100
109623061490802,MRV&CO,These ads ran without a disclaimer,≤100
101321981647613,Instituto Montese,Instituto Montese,≤100
105105145688318,Sonho de Casa,These ads ran without a disclaimer,≤100
106352845734245,advocaciatatianeferreira,These ads ran without a disclaimer,≤100
1901525780074995,Portal Pontual,Pontual pesquisas e mídias Eireli,≤100
104381478697731,gustavo_correia25,These ads ran without a disclaimer,≤100
102551538798020,Historiadelas,Historiadelas,≤100
109548648642271,Dailus Lab,These ads ran without a disclaimer,≤100
1304553112997097,Renata Zabeu,Renata Zabeu Luz,≤100
111600583709247,Quartopoderalagoas,Quarto Poder Alagoas,≤100
117444707957640,infoflashbr,These ads ran without a disclaimer,≤100
103908315038508,Anderson Pé Vereador,Anderson Pé Vereador,≤100
513736722432495,Menegaz Jr.,Menegaz Jr,≤100
118361911108522,2cicompmam,These ads ran without a disclaimer,≤100
167198460539347,Moises Diniz,Moises Lima,≤100
170196033315118,Vereador Ulisses Marins,Ulisses De Almeida Marins,≤100
100372545422728,Gazeta do Povo Negócios,EDITORA GAZETA DO POVO S/A,≤100
108557305342797,lasarodocarmojr,These ads ran without a disclaimer,≤100
269116656508331,Faaftech Soluções Inteligentes,These ads ran without a disclaimer,≤100
115963161441480,Destaque do Interior,Destaque do Interior,≤100
781084552238660,avosidade,These ads ran without a disclaimer,≤100
103302311260974,Vinicius Riverete,These ads ran without a disclaimer,≤100
114706930438464,"Filosofia, Cultura & Política",These ads ran without a disclaimer,≤100
102138423231691,Revista Semana Online,Revista Semana On,≤100
251565088803687,DRD Advogados,DRD Advogado,≤100
1623079434589666,Memed,Memed,≤100
1120200917990195,Dr. Eduardo Assis,Manoel Assis,≤100
109359807904005,Movimento Pessoas à Frente,Movimento Pessoas à Frente,≤100
109316292093762,Dicas Da Vivi,Cardoso Maria Socorro,≤100
495760127183117,Professor Edmo Neves,These ads ran without a disclaimer,≤100
102130795515446,Matheus Guimarães,Matheus Guimarães,≤100
469869739758453,Delegado Antonio Resende,ANTONIO GABRIEL HONORATO RESENDE,≤100
105986454955602,wowinstagrafite,These ads ran without a disclaimer,≤100
304040639690361,Renato Cariello,Renato Cariello,≤100
175072079887754,Sindicatos Online,Sindicatos Online - SON,≤100
170773429643671,"Rádio Alvorada FM 94,9",Rádio Alvorada,≤100
1556090657778249,Fabiano Dalloca,Fabiano Dalloca De Paula,≤100
104381471831984,Ultra Energia,These ads ran without a disclaimer,≤100
1793566280910848,Toda Hora,Toda Hora,≤100
113547641590017,fer_bruxo,These ads ran without a disclaimer,≤100
103098691103757,rabiluca marketing digital,rabiluca marketing digital,≤100
117174421313113,EAD Mais,These ads ran without a disclaimer,≤100
191158547728051,Centro de Referências em Educação Integral,These ads ran without a disclaimer,≤100
267146793788529,Sem Parar Empresas,Sem Parar Empresas,≤100
104514725151901,a hora do dinheiro,Victor Pinto Amatucci,≤100
110088864466896,Marcos Alves,These ads ran without a disclaimer,≤100
415540188621036,Marco Jean de Oliveira Teixeira - Advogado,Marco Jean de Oliveira Teixeira,≤100
534805630341699,Idecan Oficial,"INSTITUTO DE DESENVOLVIMENTO EDUCACIONAL, CULTURAL E ASSISTENCIAL NACIONAL",≤100
1578235319127195,Seiko Brasil,ORIENT RELOGIOS DA AMAZONIA LTDA,≤100
182907278585223,Uesley Lima - Grupo The One,These ads ran without a disclaimer,≤100
127789930632668,Conectas Direitos Humanos,Conectas Direitos Humanos,≤100
1664625240493495,Alexandro Suchara,Alexandro Suchara,≤100
961018944025871,EPPO Cidades Inteligentes,EPPO Cidades Inteligentes,≤100
108782560755928,Movimento Colabora Educação,Victor Pinto Amatucci,≤100
210467206143608,Portal de Prefeitura,Portal de prefeitura,≤100
109388717177176,Vereador Whelliton Silva,Whelliton Augusto Silva,≤100
223116331577731,Psicóloga Priscilla Fay,These ads ran without a disclaimer,≤100
101209415752805,Agência Regra,Agência Regra,≤100
429309847129487,Instituto de Arquitetos do Brasil,INSTITUTO DE ARQUITETOS DO BRASIL – IAB,≤100
1490922331155430,Unicursos Curitiba,UNICURSOS CAPACITAÇAO E TREINAMENTOS LTDA,≤100
169565796400057,Blog do Franklin,These ads ran without a disclaimer,≤100
540774879289725,Vereador Daniel Carvalho,Daniel Flávio de Moura Carvalho,≤100
100126859518381,Cândido Nüske Advocacia,These ads ran without a disclaimer,≤100
112128601668752,ouvidoriageraldpmt,These ads ran without a disclaimer,≤100
1742185649397815,Professor Carlos,These ads ran without a disclaimer,≤100
411976522176930,Jonas Tomazini,Jonas Tomazini,≤100
118558464851986,ACTbr,These ads ran without a disclaimer,≤100
1560867810607088,Bombozila,These ads ran without a disclaimer,≤100
124600732785757,Pela Cidadania,Pela Cidadania,≤100
109785372399873,IAB - Instituto dos Advogados Brasileiros,Instituto dos Advogados Brasileiros,≤100
122121664535323,TrovadorPR (Macedo Junior),Francisco Luiz Macedo Junior,≤100
1045645808838319,O Escotismo que queremos,These ads ran without a disclaimer,≤100
110665402343019,Revista Alumínio,These ads ran without a disclaimer,≤100
215741313109145,Shop Litoral Store,Shop Litoral Store,≤100
114057657982658,PSOLnasredes,Yuri Aaron Gomes Stipler,≤100
132804480113814,PwC Brasil,Pedro Martins,≤100
700360840056005,Robertinho Mendonça,JOSE MENDONÇA,≤100
109642105258837,Tv Bolsonaro Patriota,Tv Bolsonaro Patriota,≤100
101861558220747,One Passion Mission,One Passion Mission,≤100
193453687358589,Arthur Virgílio,These ads ran without a disclaimer,≤100
111523277298141,Ana Carolina Oliveira - Advocacia,These ads ran without a disclaimer,≤100
208749682549139,Apsen Farmacêutica,These ads ran without a disclaimer,≤100
112366150512424,johnathanmorais,These ads ran without a disclaimer,≤100
100430896273071,Seja Tributarista,These ads ran without a disclaimer,≤100
101698949133179,Thais Cassano - Bequal,Thais Cassano - Bequal,≤100
600114750155454,Braulio Lara,Braulio Lara,≤100
1700653083569544,Let's Poke,These ads ran without a disclaimer,≤100
108177195235128,Carbono 0,Carbono 0,≤100
265312144321652,Patriarca-Cidadania Italiana,Giuliana Callia,≤100
105565232181662,Jean Castro Advogado Previdenciarista,These ads ran without a disclaimer,≤100
695972200586897,Vereador Tenente Marcelo Berneira,Marcelo Berneira,≤100
971716929540046,Rubinho Nunes,Rubens Alberto Gatti Nunes,≤100
106537248314817,Programa 4 por 4,Brasil Media House,≤100
109202115446884,Mariana Melo,Sobrenome Oliveira,≤100
100575307986322,Deputado Fernando Santana,Fernando Santana,≤100
107286378879853,Oriz Partners,These ads ran without a disclaimer,≤100
112386590381433,Jorge Augusto Galvão Advocacia,These ads ran without a disclaimer,≤100
311672245543293,Fepesp - Federação dos Professores do Estado de SP,These ads ran without a disclaimer,≤100
101878831745597,rullerrodrigues,These ads ran without a disclaimer,≤100
386613051435067,TOTO ARTES,Tanielton Lopes Pereira J,≤100
107794742248141,Mariana Jimenez,Santiago Botero Jimenez,≤100
109311714699813,Canuto e Lucena Sociedade de Advogados,Canuto e Lucena Sociedade de Advogados,≤100
239624862864871,Relatório Reservado,Hush Comunicação,≤100
100187056292642,andressaavila60,These ads ran without a disclaimer,≤100
113116367156358,josue.corretor,These ads ran without a disclaimer,≤100
145247469014742,Prefeitura do Rio de Janeiro,These ads ran without a disclaimer,≤100
101474185387344,thiagobatiamo,These ads ran without a disclaimer,≤100
344990182510037,Mitsidi,Mitsidi,≤100
804420752984622,Luiz  Ramos Filho,Luiz Antonio da Costa Ramos,≤100
113650866857533,Diversitera,Diversitera,≤100
104293039274169,Arthur Lira,APPROVED EMPREENDIMENTOS DIGITAIS LTDA,≤100
113197840331191,Comunikey - Agência de Marketing e Publicidade,Iveson Gabriel Basileu De Oliveira Lima,≤100
109803838567088,Adv. Wesley Nunes Franco,Wesley Nunes Franco,≤100
109315408055828,Maria Eduarda,Jean Carlos Lemos Da Silva,≤100
106617988251761,A Máquina Pública,Bernardo Matos,≤100
110979451621931,Segue a Samba,These ads ran without a disclaimer,≤100
2066808853565800,Psicóloga Danielle Pinheiro,These ads ran without a disclaimer,≤100
100700666094632,dahora_jr,These ads ran without a disclaimer,≤100
787219221656034,Biofábrica de Corais,Biofábrica de Corais,≤100
108998095464590,Viés da Notícia,Cesar Costa Gmucha,≤100
196000337421963,iCrop - Gestão de Irrigação,These ads ran without a disclaimer,≤100
446633805423159,Instituto Vera Cruz,Instituto Vera Cruz,≤100
104639868022439,Henrique Alves,Henrique Manoel Alves,≤100
101472396014942,"Você Sabia, sobre isso ?",These ads ran without a disclaimer,≤100
103768438180017,Lab Criação,Lab Criação,≤100
391730127854957,Vereador Johny Claudy,Johny Claudy Fernandes,≤100
1720125068073321,Flávio Arns,Flávio Arns,≤100
301814029885718,Deputado Toninho Wandscheer,Deputado Toninho Wandscheer,≤100
599004516880467,ABRIG - Associação Brasileira de Relações Institucionais e Governamentais,These ads ran without a disclaimer,≤100
111112315254918,Larissa Michely,JB Midia,≤100
123884341029248,João Jorge,JOÃO JORGE DE SOUZA,≤100
108179208675337,rennyselasearreios,These ads ran without a disclaimer,≤100
113397161681542,RJ Empreendimentos ltda 1,RJ EMPREENDIMENTOS DIGITAIS LTDA,≤100
180409628639048,Oi Futuro,These ads ran without a disclaimer,≤100
101223071616706,Insight Inteligência,Insight Comunicação,≤100
104202962384264,República dos Patos,Rafael Ribeiro Do Nascimento,≤100
364042537032048,Paulo Paim,These ads ran without a disclaimer,≤100
367279553431714,Joel da Harpa,JOEL MAURINO DO CARMO,≤100
116100084761198,Adriana Hummitto,These ads ran without a disclaimer,≤100
1890511691240948,Roberto Pereira,Roberto Pereira,≤100
198244687300451,Radio Aurora,Germando Santos,≤100
1476689512570106,Deputado Evandro Araújo,Evandro José da Cruz Araújo,≤100
101928459402878,Show Money,NATURALE HEALTH PRODUTOS NATURAIS,≤100
103921077684993,Camila Komatsu,These ads ran without a disclaimer,≤100
106253182384603,bordalo_advogados,These ads ran without a disclaimer,≤100
101878469509028,christian.invest,These ads ran without a disclaimer,≤100
102529859430804,Método Fast IA,Método Fast IA,≤100
222510534595001,GAIAAPLAN - Todos um,These ads ran without a disclaimer,≤100
104553347942750,Eder Borges,These ads ran without a disclaimer,≤100
104806462407982,politicadamulhernegra,These ads ran without a disclaimer,≤100
218908215124901,"Coalizão Brasil Clima, Florestas e Agricultura",These ads ran without a disclaimer,≤100
1479347928855321,Munir Neto,Munir Francisco,≤100
327961817257527,Odara - Instituto da Mulher Negra,These ads ran without a disclaimer,≤100
106813315659876,maredeideias,These ads ran without a disclaimer,≤100
161835964475146,MDB Mulher - Ribeirão Preto e Região,Tania Smocking,≤100
456485074374104,Sindipetro SP,SINDICATO DOS TR NAS IN DE EX PE PR RE DE AR DI E TRA ATRAVES DE DU E IM DE PE DE E SI DOS EST DE SP GO E D FEDERAL,≤100
105153425816557,Cress Presente e Forte CHAPA 2,These ads ran without a disclaimer,≤100
380800386047511,Projeto MDC,These ads ran without a disclaimer,≤100
102492161580279,Reginaldo da Internet,These ads ran without a disclaimer,≤100
552634034766242,Gustavo Alberine Pereira Advocacia,These ads ran without a disclaimer,≤100
104397778813823,Oba Camisinha,These ads ran without a disclaimer,≤100
102248571167551,Delegada Gleide Ângelo,Gleide Nascimento Angelo,≤100
660320497455711,História da Ditadura,História da Ditadura,≤100
102175779321477,Ecx Pay,These ads ran without a disclaimer,≤100
105112782327792,Cuidar Crescer,These ads ran without a disclaimer,≤100
1237983752918814,Alexandre Xepa,Carlos Alexandre De Souza Ribeiro,≤100
697974553725352,Aleffe Gama,These ads ran without a disclaimer,≤100
109153238712331,raquelaadvogada,These ads ran without a disclaimer,≤100
102638889119894,Conexões Grupar,Grupo de Apoio ao Paciente Reumático Brasil,≤100
103222994655019,Elisangela Bragança,These ads ran without a disclaimer,≤100
330379553673497,Oxfam Brasil,These ads ran without a disclaimer,≤100
2398669613511168,Vereador Cabo Cassol,Max Rocha,≤100
1594613884123934,IDIB,INSTITUTO DE DESENVOLVIMENTO INSTITUCIONAL BRASILEIRO - IDIB,≤100
104142933038848,Revista Rotary Brasil,Revista Rotary Brasil,≤100
620314628044090,Marcio Alvino,Deputado Federal Marcio Alvino,≤100
108649982133254,Editora Sobredireito,W Akerman Serviços Educacionais Ltda,≤100
111043231925933,Século digital,These ads ran without a disclaimer,≤100
861478333979600,DepBrazão,Manoel Inacio Brazao,≤100
106643837505868,Grupo Reinserir Psicologia,These ads ran without a disclaimer,≤100
101179625001334,Fernanda Pereira Altoé,Fernanda Elisa Pereira Altoe,≤100
106291192184565,Prosper Tech Talents - Talentos,These ads ran without a disclaimer,≤100
103715335805912,_ecotre,These ads ran without a disclaimer,≤100
1655974574670766,Vanessa Senna,These ads ran without a disclaimer,≤100
430562334131618,Profº Facion,These ads ran without a disclaimer,≤100
325480451569723,Carlos Sendreto,These ads ran without a disclaimer,≤100
116633734704293,RJ Empreendimentos,RJ EMPREENDIMENTOS DIGITAIS LTDA,≤100
1412250662388911,Sismmac,These ads ran without a disclaimer,≤100
100404426070632,Livoltek BR,These ads ran without a disclaimer,≤100
228158820563303,André do Prado,Andre Luis Do Prado,≤100
111533827118547,TV Sepetiba,These ads ran without a disclaimer,≤100
105830294740129,Projeto CITinova,Social Comunicação,≤100
104245962080799,pedagogamariaeduarda,These ads ran without a disclaimer,≤100
1032715603539066,SOS  Brasil Soberano,Sindicato dos Engenheiros no Estado do Rio de Janeiro,≤100
250181105678317,Evolui Imóveis Empreendimentos Imobiliários,These ads ran without a disclaimer,≤100
390724748409385,Voz do Amazonas,GLEYDSON AYDEM MESQUITA,≤100
113896878237921,carinelimaborges,These ads ran without a disclaimer,≤100
278181519383460,André Villas-Bôas,These ads ran without a disclaimer,≤100
449637565569308,Hold,Hold Assessoria Legislativa,≤100
524662050884331,Carlos Augusto Balthazar,Carlos Augusto Carvalho Balthazar,≤100
102863245471819,clebio_ifatomisin_odeyale,These ads ran without a disclaimer,≤100
173115479546474,Sociedade Brasileira de Arborização Urbana,These ads ran without a disclaimer,≤100
902723136557133,William Akerman,William Akerman,≤100
104730832500395,mendespiranji,These ads ran without a disclaimer,≤100
106762122361145,monicassferraz,These ads ran without a disclaimer,≤100
110096481950305,Família Católica,These ads ran without a disclaimer,≤100
319356418132318,Gestos,Gestos Soropositividade Comunicação e Gênero,≤100
236720109751430,Instituto Reciclar,These ads ran without a disclaimer,≤100
109018938132546,Mãe Empoderada,These ads ran without a disclaimer,≤100
108995975273727,arthurumpel,These ads ran without a disclaimer,≤100
669131069828716,Gustavo Henrique,Gustavo Henrique Leite Feijo,≤100
107235482311106,Focomentor,These ads ran without a disclaimer,≤100
1632211580342871,Arayara,Instituto Internacional Arayara de Educação e Cultura,≤100
110748404426286,sementesdoventre,These ads ran without a disclaimer,≤100
100957595464074,Reciclar Cooperativa,These ads ran without a disclaimer,≤100
100478458356433,Alexandre Melo Franco Bahia,Alexandre Bahia,≤100
108173275513615,O. Dias,Steuu Silva,≤100
454363287967300,Elvis Cezar,These ads ran without a disclaimer,≤100
108602455184143,paulopaimsenador,These ads ran without a disclaimer,≤100
111590028082066,alysson.alex,These ads ran without a disclaimer,≤100
101255005612279,Instituto Silvia Lane,These ads ran without a disclaimer,≤100
103897082222839,endometrinoise,These ads ran without a disclaimer,≤100
191571357642430,Aciap - Associação Comercial e Empresarial de Paranavaí,Aciap Paranavaí,≤100
101223071616706,Insight Inteligência,These ads ran without a disclaimer,≤100
762090013865211,Professor Maykon Santos,Maykon Santos,≤100
1033864016716767,Trabalho Notável,These ads ran without a disclaimer,≤100
108683005456780,Revista Humboldt Brasil,These ads ran without a disclaimer,≤100
108891514083852,Buiu do Povo,Nazareno Da Silva,≤100
103139528968031,Insta do Victor,These ads ran without a disclaimer,≤100
202282779927433,"TAG Brazil - Tax, Legal & Financial Services",These ads ran without a disclaimer,≤100
1840055949555538,Sargento Simões,Anderson Simoes,≤100
674920165925236,Alessandro Guedes,Alessandro Guedes Dos Santos,≤100
101359215530767,raimundoholanda,These ads ran without a disclaimer,≤100
111545230641407,Professora  Ms Luiza Mandela,These ads ran without a disclaimer,≤100
715928891795420,Vereador Enfermeiro Alexandre,Alexandre Dias,≤100
104760001794806,Justa Pena BR,These ads ran without a disclaimer,≤100
191946971536216,Ismael Crispin,Deputado Estadual Ismael Crispin,≤100
563856437346678,Luana Génot,These ads ran without a disclaimer,≤100
100605442816340,Recuperar Ciudadanía Italiana,These ads ran without a disclaimer,≤100
109737738384769,knokcare Brasil,These ads ran without a disclaimer,≤100
118859501536389,iDeals Virtual Data Rooms,These ads ran without a disclaimer,≤100
110654313676729,Dell'Ome Law Firm - Imigração e Expatriação,These ads ran without a disclaimer,≤100
1558338911091097,Harbour.Space,These ads ran without a disclaimer,≤100
230440947049900,Banco Interamericano de Desenvolvimento,These ads ran without a disclaimer,≤100