﻿Page ID,Page name,Disclaimer,Amount spent (ARS)
129799846687423,Levantémonos,Levantemonos,13730
113686738612,Gobierno de la Ciudad de Buenos Aires,Gobierno de la Ciudad de Buenos Aires,3946
103088924366000,Noticias d,Noticias d,3883
61279025897,Gerardo Morales,Gobierno De Jujuy,1303
429298067264790,Sergio Ziliotto,Partido Justicialista Distrito La Pampa,1083
316402711752761,Pablo Chamatropulos,Pablo Chamatropulos,944
111036561971525,Snack noticias,Gaucho Rojo,872
513899261972162,Frente de Izquierda FIT,Frente de Izquierda,849
518460048335712,Alejo Ramos Mejía,Alejo Ramos Mejía,845
367089004808,Amnistía Internacional Argentina,Amnistía Internacional Argentina,813
104147274759706,Periodismo de Izquierda,Periodismo de Izquierda,574
121172324253132,Vamos Con Pichichi,Vamos con Pichichi,571
796480967084066,Cele Fierro,MST Movimiento Socialista de los Trabajadores,560
105933872199149,Mística,Mística,485
105929719128552,Unidos por La Adela,These ads ran without a disclaimer,429
101996084777901,Mariela Belski,Mariela Belski,413
110806461830762,El Sol Web,El Sol Web,346
958750317533178,Manuela Castañeira,Nuevo MAS,336
108679841853325,Contame Más,Contame Más,318
111669735076988,Hora Cero,Hora Cero Noticias,278
106560742263098,Noticias El Portal,Noticias El Portal,275
183940131655054,María Eugenia Vidal,María Eugenia Vidal,272
131381938371647,Corta La Bocha Noticias,Corta La Bocha,263
110079031997390,Con Larreta,Con Larreta,242
102007812840437,Jóvenes con Wado,Jóvenes con Wado,236
102534516011045,La Gloria Noticias,La Gloria Noticias,228
238778949515431,El Cronista,El Cronista,224
111051871572130,Partido Libertario La Pampa,Roberto Miguel Prchlik,223
106705804357319,Bluetti Global,These ads ran without a disclaimer,222
109554821547169,CPC Jardín MuniCba,municipalidad de córdoba,211
112090455034177,El Portavoz Oficial,El Portavoz,208
100890602929498,Jujuy tiene Futuro,Pablo Saul Jurado,207
605540860101596,Diario Criollo,Diario Criollo,198
628498977777284,El Continental,Periodico El Continental,190
111600998225620,Noticias Zero,Noticias Zero,182
101594852755793,El Bonaerense,El Bonaerense,179
825842354122893,Carolina Moises,Carolina Moises,168
335926266503071,7D,7D,158
100932749306130,Noticias Andinas,Noticias Andinas,138
113898744658728,El Progreso Web,El Progreso,130
101761569495985,Miguel Nanni 2023,Miguel Nanni 2023,126
105716442346264,Conurnarnia,Conurnarnia,124
107756622140473,El Litoral Web,El Litoral Web,122
138406616275954,Marcelo Orrego,Producción y Trabajo,119
1426373070912699,Cholila Online Portal de Noticias Digital,Cholila Online,112
103322152538185,La Verdad Noticias,La verdad noticias,108
102771249419644,Evelyn Rousiot,Evelyn Juliet Rousiot,≤100
390606981676723,Susana Torres,Susana Compromiso por San Luis,≤100
688001708286948,Juan Pablo Luque,Juan Pablo Luque,≤100
100645365125529,Civilidad,Fundación Civilidad,≤100
111446498207466,Cerro 21 Noticias,Cerro 21,≤100
103846469204203,La Ola Noticias,La Ola Noticias,≤100
59772763998,Mauricio Ibarra,These ads ran without a disclaimer,≤100
378225769015907,Fundación Embajada Abierta,Fundación Embajada Abierta,≤100
103038372620510,Hugo Passalacqua,Hugo Passalacqua,≤100
102187456039094,Enterate Ya,Enterate Ya!,≤100
113319381743808,Jonatan Gomez,MST La Pampa,≤100
781928915296113,Carlos Ale,Juan Carlos Ale,≤100
110039918575012,Noticias Express,Noticias Express,≤100
103948405867129,El Confidencial Noticias,El Confidencial Noticias,≤100
125183747539071,Noticias Argentinas,Noticias Argentinas,≤100
544986472243896,Data Diario,Data Diario,≤100
403416169712996,Fundación para la Investigación Científica y los Estudios Sociales,Fundación para la Investigación Científica y los Estudios Sociales,≤100
140451442722331,Grupo Tesacom,These ads ran without a disclaimer,≤100
755620767797794,Diario Mejor Informado,Prima Multimedios SRL,≤100
604575512919532,Cristian  Andino,Cristian  Andino,≤100
642047375905348,Gastón di Castelnuovo,Gaston Di Castelnuovo,≤100
304176325478,La Política Online,La Política Online,≤100
103021535961289,Cede,Cede,≤100
145806262649419,Fer Miño,Patria de Todos,≤100
705172499580470,Gustavo Martinez,Gustavo Martinez,≤100
115207861553384,JULIO JALIT,Julio  Antonio Jalit,≤100
544640985878621,Argentinos Online,Argentinos Online,≤100
110276628358382,El Autónomo,El Autónomo,≤100
109351389090584,Sergio Urribarri,Sergio Urribarri,≤100
104733589113258,La Gaceta Nacional,La Gaceta Nacional,≤100
1408542766063285,Carla Carrizo,Ana Carla Carrizo,≤100
112595328432641,Wado 2023,Jóvenes con Wado,≤100
101734714847563,Emanuel Castro Perez,Erik Emanuel Castro,≤100
101662834528956,Juan Grabois,Juan Grabois,≤100
1604553363177691,Raul Von Der Thusen,Raul Von Der Thusen,≤100
100383352725236,Presentes,These ads ran without a disclaimer,≤100
107631983989726,Argentina Federal,Argentina Federal,≤100
102084172824380,David Mortensen,Nelson David Mortensen,≤100
164433833587600,Todo Negativo,Todo Negativo,≤100
358162257947051,Ricardo Bussi,Ricardo Matias Mercado,≤100
110890318187982,Escucharte Santa Fe,Escucharte Santa Fe,≤100
851050008340973,Patricio del Corro,Frente de Izquierda,≤100
1414772295433829,Carlos Munisaga,Somos Rawson,≤100
291254690958520,Gobierno de Corrientes,Gobierno de Corrientes,≤100
331933457269706,Luis Albeza,Luis Fernando Albeza,≤100
558106334670581,Mauro Leiva,Leonardo Jesús Araya,≤100
105902931655581,Omar Galdurralde,Omar Daniel Galdurralde,≤100
149619018406294,Siglo XXI Editores Argentina,Siglo XXI Editores Argentina S.A.,≤100
105384144387929,Alejandrina Barry,Frente de Izquierda,≤100
65695624363,Rubén Giustiniani,Igualdad y Participación,≤100
211047755609903,Anibal Calafell,Anibal Horacio Calafell,≤100
111064391804839,Argentina Productiva,Argentina Productiva,≤100
259700217384725,Le Monde diplomatique - Edición Cono Sur,Capital Intelectual S.A.,≤100
610065179346397,NotiBaires,Comunicarg,≤100
699853426735213,Gustavo Solis,Gustavo Solis Monico,≤100
111637981320058,Productivismo - Política Argentina,Sergio Raul Samoilovich,≤100
105493327767840,Newsweek Argentina,Newsweek Argentina,≤100
103740369249125,El Provinciano,El Provinciano,≤100
105868508128629,60 segundos,60 Segundos,≤100
355798051672544,Iñaki Aldasoro,Iñaki Aldasoro,≤100
824347377653895,Guillermo Galvan,Guillermo Galvan,≤100
175844725888213,Alejandro Bodart,MST Movimiento Socialista de los Trabajadores,≤100
120343584305760,Nati Aguiar,Natalia Aguiar,≤100
428179387610545,Agenda Malvinas,Agenda Malvinas,≤100
834524439996161,Facundo Torres,Facundo Torres,≤100
255425604594790,Itai Hagman,Itai Hagman,≤100
628834470825985,Martín Olivero,Martin Olivero,≤100
2170927119892039,Manu Feito,Manu Feito,≤100
107796462136638,La República Noticias,La República Noticias,≤100
193671924033178,El Argentino,Estudio AMBA SRL,≤100
285054988640829,Juan Barrionuevo,Juan Barrionuevo,≤100
123647271053761,Partido de los Trabajadores Socialistas (PTS),Partido de los Trabajadores Socialistas (PTS),≤100
199078716794173,Nexofin,Nexofin,≤100
2251397431784810,InfoArgentina,Comunicarg,≤100
273175230630,CAME - Confederación Argentina de la Mediana Empresa,CAME - Confederación Argentina de la Mediana Empresa,≤100
114466054858948,Eduardo Cerimedo,Eduardo Cerimedo,≤100
111810204979485,Frente Grande - Carmen de Patagones,Agencia Glux,≤100
794695574216418,Pal' Sur,Laura Funes,≤100
147542145441233,Rodolfo Colombo,Rodolfo Guillermo Colombo,≤100
715474465134422,Patricia Hucena,Patricia Del Carmen Hucena,≤100
108308698126596,Mercadoaudiovisual,These ads ran without a disclaimer,≤100
2008446435864667,Primer Argentino,Primer Argentino,≤100
108261190561002,Laura Sprovieri,Laura Sprovieri,≤100
699758330894365,Actualidad Argentina,Actualidad Argentina,≤100
133937418577537,Utopia Urbana,Utopía Urbana,≤100
1405120706440456,Conclusión,Diario Conclusión,≤100
219071504942788,Pedro Albornoz Piossek,Pedro Albornoz Piossek,≤100
100574855548016,Diego Granda,Diego Granda,≤100
177720598950247,La Ciudad Desnuda,Juan Esteban Scoufalos,≤100
109351389090584,Sergio Urribarri,These ads ran without a disclaimer,≤100
134557130216408,Jorge Jofré,Jorge Jofre,≤100
1996821287271445,Marcelo Arancibia,Marcelo Arancibia,≤100
102715922606223,ANR La Matanza - Argentina,ANR La Matanza - Argentina,≤100
100135086249194,Noticias del Norte,Noticias del Norte,≤100
341154072731043,Naranja Telefonica,Hernan Eduardo Ventre,≤100
100420992989565,Frente Amplio Misiones,Frente Amplio Misiones,≤100
795202843959456,El Disenso,El Disenso,≤100
104024247927806,Programa FE,Programa FE,≤100
411259696087996,Julian Björklund 23,Julian Björklund 23,≤100
112677681794155,Gabriela Bastarrechea,Gabriela Bastarrechea,≤100
857382087671921,Maxi Abad,radicalesorg,≤100
2145251785736481,Fernando Rambaldi,Fernando Rambaldi,≤100
1465312150186084,Argentinos por la Educación,Argentinos por la Educación,≤100
220598064661184,Juan Carlos Gioja,Juan Carlos Gioja,≤100
119299427807984,yessicavaninas,These ads ran without a disclaimer,≤100
329366194442407,Inmobiliaria HONFI,Luis Esteban Honfi,≤100
113759564969446,El Ojo Salteño,Noticias la Plata,≤100
1018409418303450,Dra. Veronica Sikora,Veronica Sofia Sikora,≤100
103023565425749,Nahuel Pasquinelli,Nahuel Matias Pasquinelli,≤100
158710428055014,Isaac Lenguaza,Pablo Isaac Lenguaza,≤100
102294322808022,Agenda Política,Agenda Politica,≤100
117755554597201,Daniel Torres,Eusebio Daniel Torres,≤100
130929705668,Municipalidad de Córdoba,Municipalidad de Córdoba,≤100
105207265845422,Sebastian Carbajal,Sebastián Carbajal,≤100
233734300112003,Juan Monteverde,Ciudad Futura,≤100
1821508358130546,BAVSA,Buenos Aires Valores SA,≤100
154946458031100,Alejandro Karlen,Alejandro Karlen,≤100
104373848008745,Dr Armando Felipe Cabrera,Armando Felipe Cabrera,≤100
1744262295791445,Osjera,OSJERA,≤100
105103454321860,Valente Veronica,Veronica Virginia Valente,≤100
1960408947531757,Germán Alfaro,Municipalidad de San Miguel de Tucumán,≤100
101961091604984,ARGMedios,arg medios,≤100
564830380326427,Juan Carlos Polini,Polini,≤100
673677419727300,Horacio Vermal,Ricardo Matias Mercado,≤100
1161395573935025,Nicolás Rochas,Nicolás Rochas,≤100
579453668873451,Julio Bravo,Julio Bravo,≤100
463474643817662,PTS Chubut- Frente de Izquierda Unidad,Frente de Izquierda,≤100
454694298006068,Ayelen Acosta,Ayelen Acosta,≤100
362353223845903,Iniciativa Anticorrupción,Iniciativa Anticorrupción,≤100
103431172529739,El Diario Industrial,El Diario Industrial,≤100
167074513484961,11Noticias,11Noticias,≤100
119693794421876,Sabbadini Gobernador,Mauro Sabbadini,≤100
105631721521791,Fernando Santacruz,Fernando Anibal Santacruz,≤100
104365527708467,Pilar Municipalidad,Pilar Municipalidad,≤100
167959466567766,Jorge Henn,Daniela Raquel Montagnini,≤100
103780997884434,Comunidad Argentina,Comunidad Argentina,≤100
111182191949392,Ramón Ariel Pawluk Intendente 2023 Itacaruaré,Ramon Ariel Pawluk,≤100
355461591477952,Salta Va,Salta Va,≤100
113342722009221,La Topadora,Gustavo Gabriel Vaccarella,≤100
100689719674058,ceciliagarciacc,These ads ran without a disclaimer,≤100
340167656709022,Federico Agüero,Federico Agüero,≤100
1908234232793810,Frente Justicialista - Monterrico,Juan Eduardo Ortega,≤100
2327114977572273,Gustavo Fernández,Gustavo Emilio Fernandez,≤100
101438418769206,"Gladis Corach ""Unchi""",Gladis Corach,≤100
113384436026702,Caren Tepp,Ciudad Futura,≤100
113956666672324,Gerardo Torrent Cuart,Gerardo Torrent,≤100
438942059479338,Izquierda Socialista,Frente de Izquierda Unidad,≤100
222036948694933,Coco Chavez Diaz,These ads ran without a disclaimer,≤100
121617434239734,,These ads ran without a disclaimer,≤100
110924158639237,Silvia Valdiviezo,These ads ran without a disclaimer,≤100
101553701921506,Agustina Gallo,Agustina Gallo Puló,≤100
100109942928851,Hernán Parra,Hernán Abel Parra,≤100
101357186284233,Martín Palumbo,Ariana Belen Reile,≤100
107022228690687,Jornada Nacional,Jornada Nacional,≤100
102289782502796,Prensa Digital,Prensa Digital,≤100
327454924058033,Mariano Campero,Mariano Campero,≤100
1488831318060288,Unión Europea en Argentina,Delegación de la Union Europea,≤100
114529141604678,"Rosana ""Rosi"" Perez",Rosana Betriz Perez,≤100
1416842698618490,Sofía Brambilla,Sofia Brambilla,≤100
715950208845383,Política Obrera - Tucumán,Política Obrera - Tucumán,≤100
967512253279966,Martin Medrano,Martin Medrano,≤100
106809542339751,Juan Pablo Chiesa,Juan Pablo Chiesa,≤100
128565573847503,MisionesJournal.com.ar,Matias Daniel Sabat,≤100
110100144788981,Josefina Bussi,Josefina Maria Bussi,≤100
178919202140944,Francisco Quintana,Francisco Quintana,≤100
102570774863673,LOBBY,LOBBYEscuela,≤100
1497703627204705,Partido del Trabajo y del Pueblo San Juan,Federico Agüero,≤100
113395874909201,Punto Noticias,Punto Noticias Web,≤100
105166715290140,Momento Uno,Momento Uno,≤100
553094124789694,Guillermo Cara,Guillermo Hernán Cara,≤100
1896291893794933,Vanessa Cacho Devincenzi,Mario Ernesto Sabbatella,≤100
112013595131414,evelinamartossr,Mariana Evelina Martos,≤100
263571907867101,Jorge Scala,Jorge Scala,≤100
100927481418494,René Vicente Casas,Miguel Alexis Gutierrez,≤100
461048704010133,Fundación Andes,Fundación Andes,≤100
103088908746605,Expertos Internacionales en Desarrollo Sostenible,Analía Marsella,≤100
101369495514567,Realidad Córdoba,Realidad Córdoba,≤100
102296947917534,Ramiro Ortega,Ricardo Matias Mercado,≤100
1395474550528787,Opinorte,Opinorte,≤100
101436018708005,Realidad Catamarca,Realidad Catamarca,≤100
189703401219354,Ayelen Rasquetti,Ayelen Itati Rasquetti,≤100
137071079685429,Secretaría de Turismo Villa Gesell,Secretaria de Turismo de Villa Gesell,≤100
787447661327421,Alicia Moreau- Partido Socialista Catamarca,Elizabeth Fontao,≤100
110873570590384,"MST en Cs Medicas, UBA",MST FMed,≤100
101666962067527,Jorge Luis Codorniu,These ads ran without a disclaimer,≤100
104728892306082,Cristian Illesca 2023,Nadia Gimena Guzman,≤100
105792915475105,Osvaldo Fernández,Osvaldo Fernández,≤100
154643514568743,Sergio Abrevaya,Sergio Abrevaya,≤100
103661660997630,Psicosocialparquechacabuco,These ads ran without a disclaimer,≤100
108778237742733,Del Arca Empresa Social,These ads ran without a disclaimer,≤100
367680140022787,Federico Zárate,Federico Omar Jusue Zarate,≤100
1951634058482639,Somos Villa Rosa,Informate Pilar,≤100
104756595301563,Abraham Skierkier,Camilo Guillermo Rolón,≤100
400641116979984,Ciudad FM 90.5 Mendoza,ciudad fm 90.5 mendoza,≤100
813606588771959,CPC Ruta 20 Municba,municipalidad de córdoba,≤100
164548264112013,Alejandro Riveros,Alejandro Riveros,≤100
113657715040218,,These ads ran without a disclaimer,≤100
116691081403673,Dardo Guzman,These ads ran without a disclaimer,≤100
404593466264648,Carlos Bevilacqua,Carlos Bevilacqua,≤100
111492845540608,Fondo de Cultura Económica Argentina,Fondo de Cultura Económica Argentina,≤100
1596026777305262,Teresita Madera,perfiles productora,≤100
110673408360783,Seciti,"Secretaría de Ciencia, Tecnología e Innovación",≤100
110116998602195,Boletin No-Oficial,Boletín No Oficial,≤100
342005489233184,Martin Gainza,Martin Gainza,≤100
109301321543745,Matías Taccetta,Pro Chubut,≤100
289594974509402,Senado BA,Senado BA,≤100
442285665919263,Enrique Cresto,equipo digital,≤100
227890540666311,Olavarría Hoy - Noticias de la Ciudad,Olavarría Hoy,≤100
141472172555994,Sole Martinez,Sole Martinez,≤100
622147001149782,ATE Provincia de Santa Fe,Asociación Trabajadores del Estado - Santa Fe,≤100
108145258869282,Por amor a Salta,Por Amor a Salta,≤100
171330806277312,Diego Santilli,Instituto República,≤100
110336638100765,El Archivo - Periodismo de investigación,El Archivo - Periodismo de investigación,≤100
101321286190410,Avancemos Salta,Avancemos Salta,≤100
116710934724411,Defendamos la Provincia,Defendamos la Provincia,≤100
444517558919775,Edgardo Kueider,Edgardo Kueider,≤100
100520825048827,Movant Connection,These ads ran without a disclaimer,≤100
369181306485506,Patricia Cubria,showercomunicacion,≤100
746367662125053,Damian Contreras,Damian Contreras,≤100
100395029626459,Protagonistas del Cambio Buenos Aires,Protagonistas del cambio,≤100
819240928422696,César Treffinger,Cesar Treffinger,≤100
1960408947531757,Germán Alfaro,Partido por la Justicia Social,≤100
124654327208428,ricardo_gonzalez_a_y_b,These ads ran without a disclaimer,≤100
306808303586174,Clare Bonnard,These ads ran without a disclaimer,≤100
358442097543367,Materia,These ads ran without a disclaimer,≤100
644619142352278,Volvo Construction Equipment Hispanoamérica,These ads ran without a disclaimer,≤100