﻿Page ID,Page name,Disclaimer,Amount spent (ARS)
130929705668,Municipalidad de Córdoba,Municipalidad de Córdoba,1175485
2339859699626643,Hacemos Juntos por Córdoba,PJ Córdoba,509135
813606588771959,CPC Ruta 20 Municba,municipalidad de córdoba,150621
212404205842351,CPC Rancagua MuniCba,municipalidad de córdoba,149232
134952823851842,CPC Colón MuniCba,municipalidad de córdoba,80901
129799846687423,Levantémonos,Levantemonos,72623
597555623926805,CPC Empalme Municba,municipalidad de córdoba,32641
652162468224695,Juan Negri,Juan Negri,26281
109554821547169,CPC Jardín MuniCba,municipalidad de córdoba,16921
132275286851048,Luis Alfredo Juez,Frente Cívico de Córdoba,15977
102305658071845,Uthgra Córdoba,Julian Rousselot,12572
643960995713326,CPC Guiñazú MuniCba,municipalidad de córdoba,12492
385958661832297,CPC Villa El Libertador Municba,municipalidad de córdoba,12007
451835641522345,Marcelo Rodio,Marcelo Rodio,11868
103088924366000,Noticias d,Noticias d,11284
81460078787,Eduardo Accastello,Eduardo Accastello,11114
1025286324218044,CPC Mons Pablo Cabrera MuniCba,municipalidad de córdoba,10708
102191259342345,Pablo Cornet,Juntos por Va,10061
1573583459600036,Legislatura de Córdoba,Legislatura de Córdoba,9744
103228681837678,Gaston Moran,Gaston Moran,9680
108463388079549,Natalia Contini,Alejandrina Natalia Contini,8378
113686738612,Gobierno de la Ciudad de Buenos Aires,Gobierno de la Ciudad de Buenos Aires,7081
294792134027113,Tomás Grunhaut,Tomás Grunhaut,5576
428694170804146,Angelo Cornaglia,Angelo Cornaglia,5390
324003070984184,Diario Puntal,Diario Puntal,5370
108352032061590,Gabriel Bornoroni,Gabriel Bornoroni,5306
800096146713300,Marcelo Rodriguez,Marcelo Jorge Rodriguez,5220
194377447332998,Municipalidad de Villa Carlos Paz,Municipalidad de Villa Carlos Paz,5130
61279025897,Gerardo Morales,Gobierno De Jujuy,5076
107862828349752,Tiempo de Córdoba,Tiempo de Córdoba,5066
117219674675697,Natalia Bellón,Natalia Bellon,4734
2227117207535828,Adela Arning,Adela Arning,4587
104001031400824,Juntos Somos Más Valle Hermoso,Juntos Somos Más,4528
185496581858089,Juventud Peronista La Calera,Juventud Peronista La Calera,4525
104375948431009,Agenda 2030.lat,Agenda2030.lat,4246
696544017438215,Fabricio Díaz,Fabricio Díaz,4196
168606106578096,Municipio Ciudad de Arroyito,Norte Creative SRL,3439
771780936275200,Ignacio Alaniz,Ignacio Alaniz,3344
104405599268652,Jorge Arce,Jorge Arce,3285
1065521226832109,Juan Carlos Scotto,Juan Carlos Scotto,3248
355829998606763,Oder Actis,Nominus agencia digital,3044
367089004808,Amnistía Internacional Argentina,Amnistía Internacional Argentina,2592
195529894411125,Luis Dendarys,Soledad Andrea Maldonado,2512
259142520859953,Municipalidad de Villa General Belgrano,Municipalidad de Villa General Belgrano,2466
110806461830762,El Sol Web,El Sol Web,2430
1104005839631845,Verónica Gazzoni,Veronica Elvira Gazzoni,2395
105980232291529,Mónica Grassi,Mónica Susana Grassi,2389
111600998225620,Noticias Zero,Noticias Zero,2357
490975194414672,Matías Chamorro,Matías Chamorro,2284
106560742263098,Noticias El Portal,Noticias El Portal,2282
958750317533178,Manuela Castañeira,Nuevo MAS,2173
131381938371647,Corta La Bocha Noticias,Corta La Bocha,2136
104576054784633,Soy Cordobés,Soy cordobés,2060
104108652673289,Cosquín Avanza,Cosquín Avanza,2004
108679841853325,Contame Más,Contame Más,1980
111667775192921,Sergio Padro,Sergio Padro,1979
628498977777284,El Continental,Periodico El Continental,1965
105933872199149,Mística,Mística,1958
104147274759706,Periodismo de Izquierda,Periodismo de Izquierda,1948
977420185791449,Pedro Bossa,Pedro Bossa,1883
103983445547325,Facundo Rufeil,Nancy Jesica Quiroga Franco,1864
513899261972162,Frente de Izquierda FIT,Frente de Izquierda,1853
102534516011045,La Gloria Noticias,La Gloria Noticias,1837
567597717079567,Silvia Paleo,Silvia Paleo,1818
489148231265908,Alejandro Santolaya,Alejandro Santolaya,1766
104365527708467,Pilar Municipalidad,Pilar Municipalidad,1765
2145251785736481,Fernando Rambaldi,Fernando Rambaldi,1723
796480967084066,Cele Fierro,MST Movimiento Socialista de los Trabajadores,1713
111669735076988,Hora Cero,Hora Cero Noticias,1711
258546478015654,Laura Jure,Laura Jure,1708
605540860101596,Diario Criollo,Diario Criollo,1707
253898394637965,Luciana Echevarría,MST,1687
284126885639323,Partido Libertario San Francisco,Partido Libertario San Francisco,1637
121172324253132,Vamos Con Pichichi,Vamos con Pichichi,1628
101996084777901,Mariela Belski,Mariela Belski,1535
104733589113258,La Gaceta Nacional,La Gaceta Nacional,1489
212898482218428,Gabriel Frizza,Gabriel Frizza,1488
113997537022162,Giuseppe Bosco,Giuseppe Bosco,1479
606234156240763,Ezequiel Lemos,Ezequiel Lemos,1473
1535832286652986,Nicolás Piloni,Nicolás Piloni,1452
1943570372417559,Santiago Mansilla Figueroa,Santiago Mansilla Figueroa,1400
112288858513301,,Mariano Galfre,1354
106705804357319,Bluetti Global,These ads ran without a disclaimer,1333
743239569098884,Marcelo Cossar,Marcelo Arnolfo Cossar,1318
201333653808682,Nico Filoni,Nico Filoni,1309
1541663639410402,Peta Bernarte,Damian Javier Bernarte,1283
114163574254864,Fabio Ponce,Fabio Ponce,1219
1615729051982102,Juventud del PTS - Corriente Universitaria Córdoba,Partido de los Trabajadores Socialistas (PTS),1204
113898744658728,El Progreso Web,El Progreso,1202
110079031997390,Con Larreta,Con Larreta,1182
2246825555375359,Roberto Nicolo,Roberto Nicolo,1150
101932465248756,Gustavo Piscitello,Gustavo Jorge Piscitello,1121
113622778328775,Maxi Rossetto Intendente,Maxi Rossetto Intendente,1062
103733399330039,Cristian Ortega,Cristian Ortega,1041
238778949515431,El Cronista,El Cronista,1018
2383802844985113,Gonzalo Luján,Gonzalo Luján,993
1618268168432551,Frente de Izquierda Punilla,Partido de los Trabajadores Socialistas (PTS),965
333806275884,Municipalidad de Monte Cristo,Municipalidad de Monte Cristo,954
399216250203388,Julio Loza,Julio Antonio Loza,947
2775410565833764,Jose Maria Odarda,Jose Maria Odarda,944
112425320320116,Yamil Reigosa,Yamil Reigosa,927
1018409418303450,Dra. Veronica Sikora,Veronica Sofia Sikora,919
101594852755793,El Bonaerense,El Bonaerense,916
104467675569372,Resumen Central,Resumen Central,902
400574720505458,Victor Archilla,Victor Archilla,890
117251324665389,pumaslibertarios.vgb,These ads ran without a disclaimer,889
100890602929498,Jujuy tiene Futuro,Pablo Saul Jurado,824
110890318187982,Escucharte Santa Fe,Escucharte Santa Fe,782
484757575061442,Gobierno de la Ciudad de Alta Gracia,Municipalidad de Alta Gracia,781
183940131655054,María Eugenia Vidal,María Eugenia Vidal,773
915626515168821,Municipalidad Berrotaran,These ads ran without a disclaimer,773
1196745413687431,El Diario de Oliva,Santiago Montoya,763
105152432570567,Edgar Zorzenon 2023,Ana Rosa Funes Aragón,759
112090455034177,El Portavoz Oficial,El Portavoz,752
1622101791344540,Chiofalo Conduccion,María Amelia Chiofalo,733
108454608889493,,Enzo Julian Ferreira,724
107631983989726,Argentina Federal,Argentina Federal,704
138406616275954,Marcelo Orrego,Producción y Trabajo,694
108912352140741,Silvio Quiroga OK,Silvio Adrián Quiroga,686
117038028021332,Mario Carbonetti,Mario Eduardo Carbonetti,642
325539471476976,Lorena Ulieldin,Lorena Teresita Ulieldin,636
102007812840437,Jóvenes con Wado,Jóvenes con Wado,613
110336638100765,El Archivo - Periodismo de investigación,El Archivo - Periodismo de investigación,609
628834470825985,Martín Olivero,Martin Olivero,604
122994060695402,Enzo Quiroga OK,Enzo Fernando Quiroga,597
206443346792994,Ricardo Martin,Ricardo Martin,595
783164988386542,JDViola,Juan Domingo Viola,591
335926266503071,7D,7D,578
410782096385915,Unión Vecinal de Villa Ciudad Parque,These ads ran without a disclaimer,574
390606981676723,Susana Torres,Susana Compromiso por San Luis,561
1974541446111201,Iván Darío Ortega,Iván Darío Ortega,529
229823081792725,Polo Educativo Villa Ascasubi,Polo Educativo Villa Ascasubi,519
341607580031350,Raúl Recalde,Raúl Recalde,504
367680140022787,Federico Zárate,Federico Omar Jusue Zarate,490
113328424956836,Prensa Libre,Prensa Libre,487
2269026170037377,Roberto Casari,Roberto Casari,480
103948405867129,El Confidencial Noticias,El Confidencial Noticias,463
110276628358382,El Autónomo,El Autónomo,453
110039918575012,Noticias Express,Noticias Express,450
100857546278276,David Layús,David Layús,448
103322152538185,La Verdad Noticias,La verdad noticias,440
570768623092486,Luis Quiroga,Luis Quiroga,429
107113745646912,Marcos Bovo,Marcos Bovo,425
104521364508491,Juan Pablo Inglese,Juan Pablo Inglese,410
108875738848971,Se Viene el Cambio Edy Diaz. Intendente 2023,Eduardo Jose Diaz,408
487317914972166,Vamos Capilla,Vamos Capilla,403
113648051656225,Mirey Zeidan,Una Nueva Época,403
552677501548909,Municipalidad de San Carlos Minas,Cristian Adrian Frias,397
227469003952751,Mario Raúl Negri,Mario Negri,394
108261190561002,Laura Sprovieri,Laura Sprovieri,389
102187456039094,Enterate Ya,Enterate Ya!,388
105716442346264,Conurnarnia,Conurnarnia,375
910992128910944,Luis Rodriguez,Luis Rodriguez,374
107756622140473,El Litoral Web,El Litoral Web,367
103038372620510,Hugo Passalacqua,Hugo Passalacqua,361
544986472243896,Data Diario,Data Diario,360
125183747539071,Noticias Argentinas,Noticias Argentinas,360
378225769015907,Fundación Embajada Abierta,Fundación Embajada Abierta,356
140451442722331,Grupo Tesacom,These ads ran without a disclaimer,353
505057326224880,Gonzalo Pedano,Gonzalo Pedano,351
699758330894365,Actualidad Argentina,Actualidad Argentina,336
1045742742140641,ENREDACCIÓN,Ruben Fabián Garcia,332
1744262295791445,Osjera,OSJERA,332
101761569495985,Miguel Nanni 2023,Miguel Nanni 2023,331
131238743621287,Esteban Aviles,Esteban Anibal Aviles,326
481141178728974,Lucas Leandro Balian,Lucas Leandro Balian,315
383223201774706,90 Radio Rio Tercero,Mariano Alejandro Lujan,313
304176325478,La Política Online,La Política Online,309
102289782502796,Prensa Digital,Prensa Digital,301
108426895551486,,Mario Osvaldo Rivarola,300
114239328244220,Carlos Paz Unido,Carlos Paz Unido,300
454784648604570,José Ignacio Scotto,Jose Ignacio Scotto,292
103846469204203,La Ola Noticias,La Ola Noticias,274
103019019430831,Ismael Yammal,Ismael Yammal,271
100383352725236,Presentes,These ads ran without a disclaimer,263
403416169712996,Fundación para la Investigación Científica y los Estudios Sociales,Fundación para la Investigación Científica y los Estudios Sociales,260
642047375905348,Gastón di Castelnuovo,Gaston Di Castelnuovo,259
103021535961289,Cede,Cede,258
100211419079516,Soy Villa Nueva,Soy Villa Nueva,242
111064391804839,Argentina Productiva,Argentina Productiva,242
1454983451470303,Unidos por Yacanto,Unidos por Yacanto,240
331933457269706,Luis Albeza,Luis Fernando Albeza,235
1408542766063285,Carla Carrizo,Ana Carla Carrizo,230
103740369249125,El Provinciano,El Provinciano,225
104377591978898,Compacto Córdoba,Compacto Córdoba,223
103310945803230,,Santi Giovagnoli,222
100932749306130,Noticias Andinas,Noticias Andinas,220
65695624363,Rubén Giustiniani,Igualdad y Participación,207
533912853735321,Lucas Bettiol,Lucas Oscar Bettiol,196
604575512919532,Cristian  Andino,Cristian  Andino,195
100135086249194,Noticias del Norte,Noticias del Norte,175
119299427807984,yessicavaninas,These ads ran without a disclaimer,164
851050008340973,Patricio del Corro,Frente de Izquierda,160
834524439996161,Facundo Torres,Facundo Torres,154
120343584305760,Nati Aguiar,Natalia Aguiar,154
705172499580470,Gustavo Martinez,Gustavo Martinez,153
164433833587600,Todo Negativo,Todo Negativo,152
558106334670581,Mauro Leiva,Leonardo Jesús Araya,151
59772763998,Mauricio Ibarra,These ads ran without a disclaimer,151
175844725888213,Alejandro Bodart,MST Movimiento Socialista de los Trabajadores,151
117755554597201,Daniel Torres,Eusebio Daniel Torres,149
219071504942788,Pedro Albornoz Piossek,Pedro Albornoz Piossek,146
145806262649419,Fer Miño,Patria de Todos,145
433136076759972,Edhasa Argentina,Edhasa Argentina,141
105493327767840,Newsweek Argentina,Newsweek Argentina,140
544640985878621,Argentinos Online,Argentinos Online,137
781928915296113,Carlos Ale,Juan Carlos Ale,137
2170927119892039,Manu Feito,Manu Feito,133
358162257947051,Ricardo Bussi,Ricardo Matias Mercado,127
147542145441233,Rodolfo Colombo,Rodolfo Guillermo Colombo,127
139485256213513,radiokermes.com 106.1,Juan Pablo Gavazza,127
90680883335,Ciudadano News,Inversora Corporativa S.A,122
100645365125529,Civilidad,Fundación Civilidad,120
825842354122893,Carolina Moises,Carolina Moises,115
508050335906893,Felipe Michlig,Felipe Enrique Michlig,111
259700217384725,Le Monde diplomatique - Edición Cono Sur,Capital Intelectual S.A.,108
105902931655581,Omar Galdurralde,Omar Daniel Galdurralde,108
100574855548016,Diego Granda,Diego Granda,107
149619018406294,Siglo XXI Editores Argentina,Siglo XXI Editores Argentina S.A.,105
114466054858948,Eduardo Cerimedo,Eduardo Cerimedo,105
104024247927806,Programa FE,Programa FE,103
824347377653895,Guillermo Galvan,Guillermo Galvan,103
105631721521791,Fernando Santacruz,Fernando Anibal Santacruz,103
1414772295433829,Carlos Munisaga,Somos Rawson,≤100
134557130216408,Jorge Jofré,Jorge Jofre,≤100
193671924033178,El Argentino,Estudio AMBA SRL,≤100
109351389090584,Sergio Urribarri,These ads ran without a disclaimer,≤100
101662834528956,Juan Grabois,Juan Grabois,≤100
355798051672544,Iñaki Aldasoro,Iñaki Aldasoro,≤100
109351389090584,Sergio Urribarri,Sergio Urribarri,≤100
108308698126596,Mercadoaudiovisual,These ads ran without a disclaimer,≤100
1405120706440456,Conclusión,Diario Conclusión,≤100
211047755609903,Anibal Calafell,Anibal Horacio Calafell,≤100
105384144387929,Alejandrina Barry,Frente de Izquierda,≤100
115207861553384,JULIO JALIT,Julio  Antonio Jalit,≤100
699853426735213,Gustavo Solis,Gustavo Solis Monico,≤100
123647271053761,Partido de los Trabajadores Socialistas (PTS),Partido de los Trabajadores Socialistas (PTS),≤100
101734714847563,Emanuel Castro Perez,Erik Emanuel Castro,≤100
113384436026702,Caren Tepp,Ciudad Futura,≤100
107796462136638,La República Noticias,La República Noticias,≤100
112595328432641,Wado 2023,Jóvenes con Wado,≤100
255425604594790,Itai Hagman,Itai Hagman,≤100
428179387610545,Agenda Malvinas,Agenda Malvinas,≤100
102084172824380,David Mortensen,Nelson David Mortensen,≤100
238751766317224,Mariano Stinga,Mariano Stinga,≤100
199078716794173,Nexofin,Nexofin,≤100
1960408947531757,Germán Alfaro,Municipalidad de San Miguel de Tucumán,≤100
857382087671921,Maxi Abad,radicalesorg,≤100
755620767797794,Diario Mejor Informado,Prima Multimedios SRL,≤100
673677419727300,Horacio Vermal,Ricardo Matias Mercado,≤100
110864125304209,Juan Bertone,Juan Bertone,≤100
564830380326427,Juan Carlos Polini,Polini,≤100
329366194442407,Inmobiliaria HONFI,Luis Esteban Honfi,≤100
795202843959456,El Disenso,El Disenso,≤100
101961091604984,ARGMedios,arg medios,≤100
104373848008745,Dr Armando Felipe Cabrera,Armando Felipe Cabrera,≤100
291254690958520,Gobierno de Corrientes,Gobierno de Corrientes,≤100
263571907867101,Jorge Scala,Jorge Scala,≤100
105207265845422,Sebastian Carbajal,Sebastián Carbajal,≤100
411259696087996,Julian Björklund 23,Julian Björklund 23,≤100
112677681794155,Gabriela Bastarrechea,Gabriela Bastarrechea,≤100
102715922606223,ANR La Matanza - Argentina,ANR La Matanza - Argentina,≤100
119693794421876,Sabbadini Gobernador,Mauro Sabbadini,≤100
327454924058033,Mariano Campero,Mariano Campero,≤100
273175230630,CAME - Confederación Argentina de la Mediana Empresa,CAME - Confederación Argentina de la Mediana Empresa,≤100
154946458031100,Alejandro Karlen,Alejandro Karlen,≤100
715474465134422,Patricia Hucena,Patricia Del Carmen Hucena,≤100
55552980828,LaVoz.com.ar,La Voz del Interior,≤100
610065179346397,NotiBaires,Comunicarg,≤100
233734300112003,Juan Monteverde,Ciudad Futura,≤100
1161395573935025,Nicolás Rochas,Nicolás Rochas,≤100
111637981320058,Productivismo - Política Argentina,Sergio Raul Samoilovich,≤100
100420992989565,Frente Amplio Misiones,Frente Amplio Misiones,≤100
105868508128629,60 segundos,60 Segundos,≤100
967512253279966,Martin Medrano,Martin Medrano,≤100
1821508358130546,BAVSA,Buenos Aires Valores SA,≤100
228580567154587,El Cipayo,El Cipayo,≤100
2008446435864667,Primer Argentino,Primer Argentino,≤100
177720598950247,La Ciudad Desnuda,Juan Esteban Scoufalos,≤100
204959452871502,José Corral,José Manuel Corral,≤100
220598064661184,Juan Carlos Gioja,Juan Carlos Gioja,≤100
103023565425749,Nahuel Pasquinelli,Nahuel Matias Pasquinelli,≤100
110100144788981,Josefina Bussi,Josefina Maria Bussi,≤100
2327114977572273,Gustavo Fernández,Gustavo Emilio Fernandez,≤100
222036948694933,Coco Chavez Diaz,These ads ran without a disclaimer,≤100
113759564969446,El Ojo Salteño,Noticias la Plata,≤100
111842694665173,Entrevistas con el Dr. Jorge Derna,Jorge Alberto Derna,≤100
111492845540608,Fondo de Cultura Económica Argentina,Fondo de Cultura Económica Argentina,≤100
1996821287271445,Marcelo Arancibia,Marcelo Arancibia,≤100
102294322808022,Agenda Política,Agenda Politica,≤100
438942059479338,Izquierda Socialista,Frente de Izquierda Unidad,≤100
2251397431784810,InfoArgentina,Comunicarg,≤100
1488831318060288,Unión Europea en Argentina,Delegación de la Union Europea,≤100
133937418577537,Utopia Urbana,Utopía Urbana,≤100
113956666672324,Gerardo Torrent Cuart,Gerardo Torrent,≤100
109724748752408,Lucia Miranda,MO Servicios Digitales,≤100
103780997884434,Comunidad Argentina,Comunidad Argentina,≤100
102570774863673,LOBBY,LOBBYEscuela,≤100
113395874909201,Punto Noticias,Punto Noticias Web,≤100
101553701921506,Agustina Gallo,Agustina Gallo Puló,≤100
167959466567766,Jorge Henn,Daniela Raquel Montagnini,≤100
105103454321860,Valente Veronica,Veronica Virginia Valente,≤100
1497703627204705,Partido del Trabajo y del Pueblo San Juan,Federico Agüero,≤100
114529141604678,"Rosana ""Rosi"" Perez",Rosana Betriz Perez,≤100
1465312150186084,Argentinos por la Educación,Argentinos por la Educación,≤100
100689719674058,ceciliagarciacc,These ads ran without a disclaimer,≤100
429298067264790,Sergio Ziliotto,Partido Justicialista Distrito La Pampa,≤100
341154072731043,Naranja Telefonica,Hernan Eduardo Ventre,≤100
178919202140944,Francisco Quintana,Francisco Quintana,≤100
362353223845903,Iniciativa Anticorrupción,Iniciativa Anticorrupción,≤100
2181010232020070,Daniel Gomez Gesteira,Hector Daniel Gomez Gesteira,≤100
106809542339751,Juan Pablo Chiesa,Juan Pablo Chiesa,≤100
107022228690687,Jornada Nacional,Jornada Nacional,≤100
1416842698618490,Sofía Brambilla,Sofia Brambilla,≤100
355461591477952,Salta Va,Salta Va,≤100
292281090892843,Todo un País,Todo un Pais,≤100
103431172529739,El Diario Industrial,El Diario Industrial,≤100
454694298006068,Ayelen Acosta,Ayelen Acosta,≤100
189703401219354,Ayelen Rasquetti,Ayelen Itati Rasquetti,≤100
101438418769206,"Gladis Corach ""Unchi""",Gladis Corach,≤100
579453668873451,Julio Bravo,Julio Bravo,≤100
121617434239734,,These ads ran without a disclaimer,≤100
340167656709022,Federico Agüero,Federico Agüero,≤100
111182191949392,Ramón Ariel Pawluk Intendente 2023 Itacaruaré,Ramon Ariel Pawluk,≤100
342005489233184,Martin Gainza,Martin Gainza,≤100
113342722009221,La Topadora,Gustavo Gabriel Vaccarella,≤100
1646248842147254,Mejoremos,Ariel Ernesto Moyano,≤100
100927481418494,René Vicente Casas,Miguel Alexis Gutierrez,≤100
111051871572130,Partido Libertario La Pampa,Roberto Miguel Prchlik,≤100
158710428055014,Isaac Lenguaza,Pablo Isaac Lenguaza,≤100
299140303610315,Nestor Majul,Nestor Majul,≤100
1896291893794933,Vanessa Cacho Devincenzi,Mario Ernesto Sabbatella,≤100
102296947917534,Ramiro Ortega,Ricardo Matias Mercado,≤100
137071079685429,Secretaría de Turismo Villa Gesell,Secretaria de Turismo de Villa Gesell,≤100
101369495514567,Realidad Córdoba,Realidad Córdoba,≤100
1801160446825374,Andrés Forgione,Roberto Andres Forgione Svoboda,≤100
461048704010133,Fundación Andes,Fundación Andes,≤100
430773770330702,Gripe Prolongada - Dr. Jorge Derna,Gripe Prolongada - Dr. Jorge Derna,≤100
100109942928851,Hernán Parra,Hernán Abel Parra,≤100
110873570590384,"MST en Cs Medicas, UBA",MST FMed,≤100
112013595131414,evelinamartossr,Mariana Evelina Martos,≤100
110924158639237,Silvia Valdiviezo,These ads ran without a disclaimer,≤100
1335210643181280,Cristina Berra Senadora,Santi Cinquini,≤100
110116998602195,Boletin No-Oficial,Boletín No Oficial,≤100
1395474550528787,Opinorte,Opinorte,≤100
108778237742733,Del Arca Empresa Social,These ads ran without a disclaimer,≤100
622147001149782,ATE Provincia de Santa Fe,Asociación Trabajadores del Estado - Santa Fe,≤100
1908234232793810,Frente Justicialista - Monterrico,Juan Eduardo Ortega,≤100
715950208845383,Política Obrera - Tucumán,Política Obrera - Tucumán,≤100
167074513484961,11Noticias,11Noticias,≤100
104756595301563,Abraham Skierkier,Camilo Guillermo Rolón,≤100
103088908746605,Expertos Internacionales en Desarrollo Sostenible,Analía Marsella,≤100
1726365124243504,Clara García,Clara Garcia,≤100
105166715290140,Momento Uno,Momento Uno,≤100
101666962067527,Jorge Luis Codorniu,These ads ran without a disclaimer,≤100
164548264112013,Alejandro Riveros,Alejandro Riveros,≤100
1604553363177691,Raul Von Der Thusen,Raul Von Der Thusen,≤100
124654327208428,ricardo_gonzalez_a_y_b,These ads ran without a disclaimer,≤100
113587403663793,Cesar Julián.,Lujan Cesar Facundo Julian,≤100
553094124789694,Guillermo Cara,Guillermo Hernán Cara,≤100
104701969151334,Alan Sosa Tello,Alan Sosa Tello,≤100
101436018708005,Realidad Catamarca,Realidad Catamarca,≤100
100699469684152,VamosPosse,Juan Pablo Botasso - Vamos Posse,≤100
400641116979984,Ciudad FM 90.5 Mendoza,ciudad fm 90.5 mendoza,≤100
113962914977034,Somos FORJA,Somos Forja,≤100
104010365234947,Opinion Poll,Opinion Poll,≤100
105792915475105,Osvaldo Fernández,Osvaldo Fernández,≤100
109951468726663,Marcelo Sosa,Marcelo Sosa,≤100
106039065708144,Cañada Noticias,Cañada Noticias,≤100
191398291019999,Radio Rivadavia San Luis,Radio Rivadavia San Luis,≤100
128565573847503,MisionesJournal.com.ar,Matias Daniel Sabat,≤100
154643514568743,Sergio Abrevaya,Sergio Abrevaya,≤100
189648461186976,Liliana Fellner,Liliana Fellner,≤100
1596026777305262,Teresita Madera,perfiles productora,≤100
113657715040218,,These ads ran without a disclaimer,≤100
102931692772697,Defendamos Santa Fe,Defendamos Santa Fe,≤100
245511783066904,Matías Sebely,Matias Sebely,≤100
104728892306082,Cristian Illesca 2023,Nadia Gimena Guzman,≤100
100580902606304,Republicanos Tierra del Fuego,Republicanos Tierra del Fuego,≤100
112049281793676,Luis Giraudo,Luis Giraudo,≤100
787447661327421,Alicia Moreau- Partido Socialista Catamarca,Elizabeth Fontao,≤100
106769531548615,Unidad y Compromiso,Juan Jose Mac Donald,≤100
104856199182046,Gato Fernández,Gato Fernández,≤100
442285665919263,Enrique Cresto,equipo digital,≤100
441932999309507,Gabriel Real Diputado,Gabriel Real Diputado,≤100
947520791967929,Claudio Poggi,Claudio Poggi,≤100
444517558919775,Edgardo Kueider,Edgardo Kueider,≤100
100520825048827,Movant Connection,These ads ran without a disclaimer,≤100
567995886740690,Frente Nuevo Justo Daract,Jan Albert Ortlieb,≤100
241350889395189,Walter Vuoto,UHF,≤100
109258315464001,Valeria Lange,Valeria Lange Gurruchaga,≤100
116691081403673,Dardo Guzman,These ads ran without a disclaimer,≤100
114737514934596,Jose Ordoñez Un Amigo,José Edgardo Ordoñez,≤100
390101524493609,Maxi Gallucci,Maximiliano Hernán Gallucci,≤100
875642729164305,Partido Verde TDF,Partido Verde TDF,≤100
103661660997630,Psicosocialparquechacabuco,These ads ran without a disclaimer,≤100
699518503462446,Ximena Marenco,Analia Maria Ximena Marenco Diaz,≤100
227890540666311,Olavarría Hoy - Noticias de la Ciudad,Olavarría Hoy,≤100
2000063456707351,Sole Balán,Dpto Creativo,≤100
463474643817662,PTS Chubut- Frente de Izquierda Unidad,Frente de Izquierda,≤100
110673408360783,Seciti,"Secretaría de Ciencia, Tecnología e Innovación",≤100
121862207487348,La Ciudad Que Queremos,La ciudad que queremos,≤100
615479571992156,Juan Cardozo Traillou,Juan Cardozo Traillou,≤100
100789676330202,Walter Vogt,Walter Vogt,≤100
1471624973068591,Bettina Romero,Bettina Romero,≤100
109651888731321,Juan José Laudin,Juan José Laudin,≤100
101321286190410,Avancemos Salta,Avancemos Salta,≤100
105021265448275,Alberto Hensel,Alberto Hensel,≤100
127708286909840,RADIO DIMENSION Villa Mercedes,Radio Dimension,≤100
1445804622410982,Marcos Urtubey,Marcos Urtubey,≤100
116080808096360,Johanna Rios,Johanna Rios,≤100
308602079216533,Matias Posadas,Matías Posadas,≤100
386830351387514,InfoSanLuis.com,InfoSanLuis.com,≤100
495537530497152,Refundar Argentina,Refundar Argentina,≤100
102118508071592,Ger Diaz,Manuela Calvo,≤100
259111760849274,Federico Angelini,Juntos por el Cambio,≤100
1913468738912666,Beatriz Avila,Partido por la Justicia Social.org,≤100
118736245504093,TOTI  Intendente,Toti Intendente,≤100
641948702550925,Catamarca Gobierno,Gobierno de Catamarca,≤100
105704655045178,Carina Cordoba,Pablo Nathaniel Malagoli Morales,≤100
149721655226597,Oscar Cachi Martinez,Oscar Martínez,≤100
499141756879767,Federico Achával,Federico Achával,≤100
190516878133863,Guillermo Snopek,Guillermo Snopek,≤100
899213630149636,Carlitos Koth,Carlitos Koth,≤100
409843162468188,Inés Brizuela y Doria,Inés Brizuela y Doria,≤100
113716435000884,Frejupa Eduardo Castex,Hebelen Soledad Montelongo,≤100
601094853743555,Silvina Elizondo,Silvina Elizondo,≤100
1030058910343698,Federico Javier Cacace,Federico Javier Cacace Estrada,≤100
1418780111682690,Marcos Cleri,Marcos Cleri,≤100
108145258869282,Por amor a Salta,Por Amor a Salta,≤100
111452835245770,Adriel Dalgaard Knott,Adriel Compromiso por San Luis,≤100
101185972235145,PJ La Pampa,Partido Justicialista La Pampa,≤100
430171530685099,Connie Tommasone,Connie Tommasone,≤100
142473639655550,Lucio Paz Posse,Lucio Paz Posse,≤100
106240638430450,Gisela Lamberti,Gisela Cecilia Lamberti,≤100
112200072188893,Eduardo Cáceres,Eduardo Cáceres,≤100
183755148656395,Emiliano Durand Salta,Jorge Mario Emiliano Durand,≤100
113781658634572,Gustavo Sáenz,Gustavo Sáenz,≤100
327490147360219,Martín Berhongaray,Martín Berhongaray,≤100
116617641368990,smartpos.ok,smartpos.ok,≤100
686447918403785,Emiliano Durand,Juan Manuel Chalabe,≤100
1429940823885218,Javi Techeira,Javier Techeira,≤100
587918571392007,Lucas Figueras,Fundación Pensar Chaco Desarrollo,≤100
100804091452223,Ministerio de Conectividad y Modernización de La Pampa,Ministerio de Conectividad y Modernización de La Pampa,≤100
106277608413948,Felipe Biella,Salta Independiente,≤100
104195999244021,Primero La Pampa,Primero La Pampa,≤100
331459911021936,Lalo Stelatto,Lalo Stelatto,≤100
101320902906773,Unidos Creemos,Unidos Creemos,≤100
102126275498725,Jorge Pandolfino,Carla Alegranza,≤100
947697181983026,Ministerio De Salud La Pampa,Ministerio De Salud La Pampa,≤100
304859109656812,Octavio Crivaro,Frente de Izquierda,≤100
110150088683172,Informe NOA,Informe NOA,≤100
101626158321598,Municipalidad de Candelaria,Municipalidad de Candelaria,≤100
723789384402976,Municipalidad de Juana Koslay,Juana Koslay,≤100
644619142352278,Volvo Construction Equipment Hispanoamérica,These ads ran without a disclaimer,≤100
111975915500612,Jesus Hidalgo Music,These ads ran without a disclaimer,≤100
358442097543367,Materia,These ads ran without a disclaimer,≤100
306808303586174,Clare Bonnard,These ads ran without a disclaimer,≤100