﻿Page ID,Page name,Disclaimer,Amount spent (USD)
109854728594212,برنامج تحديث القطاع العام,برنامج تحديث القطاع العام,≤100
103323581486845,النائب سليمان موسى ابو يحيى,Sleman Abuyahia,≤100
102931605845722,تيار وطني يهدف لتأسيس حزب باسم العمل,حزب العمل,≤100
664477853670759,المكتب الاعلامي للنائب معتز ابورمان,Moutaz Abu Rumman,≤100
124480500567897,حزب نماء تحت التأسيس,Namaaparty,≤100
521303771314889,وزارة الصناعة و التجارة و التموين الاردنية Mit.gov.jo,Muhanad Alomyan,≤100
111934298458280,مجموعة القبة الإعلامية,مجموعة القبة الإعلامية,≤100
107141858896307,Rewell Society,Rewell Society,≤100
664477853670759,المكتب الاعلامي للنائب معتز ابورمان,These ads ran without a disclaimer,≤100
111245747385996,الدكتور نصّار الحيصة - نائبُ مُحافظة مأدبا و لواء ذيبان,الدكتور نصّار الحيصة - نائبُ مُحافظة مأدبا و لواء ذيبان,≤100
102498564631055,Asharq News الشرق للأخبار,These ads ran without a disclaimer,≤100
142329112477770,البنك الدولي,These ads ran without a disclaimer,≤100
102607876100368,Ramadan Almadani,These ads ran without a disclaimer,≤100
101624672498880,حزب الشراكة والإنقاذ  Partnership and Salvation Party,حزب الشراكة والإنقاذ  Partnership and Salvation Party,≤100
349430072209360,علي أحمد العمراني Ali Ahmed Al-imrani,These ads ran without a disclaimer,≤100
978420498967432,العربي 2,These ads ran without a disclaimer,≤100
28312410177,World Food Programme,These ads ran without a disclaimer,≤100
146947445351555,مركز الفكر الاستراتيجي للدراسات,These ads ran without a disclaimer,≤100