﻿Page ID,Page name,Disclaimer,Amount spent (USD)
293384094915450,جريدة الحراك الإخباري,جريدة الحراك الإخباري,≤100
17043549797,MIT Technology Review,These ads ran without a disclaimer,≤100
467865913299818,Mohamed Driss Horma Babana - محمد إدريس حرمه بابانا,These ads ran without a disclaimer,≤100
112757083778788,"Economic Daily, China",These ads ran without a disclaimer,≤100
985246578276059,هشام صفر Hichem Sifer,هشام صفر Hichem Sifer,≤100
155174084508744,Banque mondiale,These ads ran without a disclaimer,≤100
462816597868668,Maktoum mohammed,These ads ran without a disclaimer,≤100
102415047928145,Shanghai Electric,These ads ran without a disclaimer,≤100
127757937250301,German Information Centre Arab World - المركز الألماني للإعلام,These ads ran without a disclaimer,≤100
101560635421291,DiverCite.be,These ads ran without a disclaimer,≤100
116229124772170,Dicas de Mulher,These ads ran without a disclaimer,≤100
274017972795375,Algerie 24,aljazair24,≤100