﻿Page ID,Page name,Disclaimer,Amount spent (HNL)
703368406666619,Vox Populi HN,Vox Populi HN,≤100
101056639446839,N 4939104,These ads ran without a disclaimer,≤100
153003381515332,Cespad - Centro de Estudio para la Democracia,Centro de Estudio para la Democracia (Cespad),≤100
102542938464803,Naun Turcios Alcalde 2022-2026,Naun Turcios Alcalde 2022-2026,≤100
469362326528237,Consejo Nacional Anticorrupción CNA Honduras,These ads ran without a disclaimer,≤100
1619479898324505,Partido Liberal de Honduras,Partido Liberal de Honduras,≤100
104592172188409,Best Novel,These ads ran without a disclaimer,≤100
1803798173247388,NDC Solutions,These ads ran without a disclaimer,≤100