﻿Page ID,Page name,Disclaimer,Amount spent (MXN)
842599102419449,Gobierno del Estado de Campeche,Gobierno del Estado de Campeche,4523
2254153318173594,Informate Campeche,Informa campeche,2463
1137195676311043,Emilio Lara Calderón,Emilio Lara Calderon,2114
837607596288104,Eliseo Fernández Montufar,Community Manager,1572
936003293273572,Nexo Político,Nexo Político,1532
101517784906307,Tendencias Campeche,Tendencias Campeche,1000
110328441639197,Cuadrillas Ciudadanas,Cuadrillas Ciudadanas,927
118921468203786,Movimiento Ciudadano,Movimiento Ciudadano,659
240598816013949,Erick  Reyes,Erick Reyes,537
100928595695178,Mónica Fernández Montúfar,Redes Digitales,455
112057583931467,Morena Campeche,Morena Campeche,451
923633637651202,Morena Sí,Morena Sí,308
2110198899240334,Tomás Zapata Live,Tomás Zapata Live,293
236327629868256,Raúl Pozos,Raul Aaron Pozos Lanz,266
605875296741567,Movimiento Ciudadano Campeche Estatal,Hobbies Consultores,212
611053902572622,Focus Mx,Focus Mx,208
123032968418755,Pepe Segovia,Jose Del Carmen Segovia Cruz,172
173219723610412,Hipsi Estrella,Digital Service,158
186073704903313,México elige,México Elige,134
101740711752535,RUBRUM,Multipoll S.A. de C.V.,121
110731518636712,Por el Cambio,porelcambiomx.com,117
100284049183600,Campeche Central,Campeche Central,112
392117881331459,José Flores,José Luis Flores Pacheco,107
101267031439463,Voz de las Empresas,Consejo de la Comunicación,≤100
110315152032045,San Panchito Comunica,San Panchito Comunica,≤100
56713285274,Greenpeace México,Greenpeace México,≤100
707277452803584,PT Campeche Oficial,Partido del Trabajo Campeche,≤100
118089944564637,El México que Informa,El México que Informa,≤100
493453457351145,Coparmex Nacional,Coparmex Nacional,≤100
149132555116580,Campeche.com.mx,Ignacio Del Angel Pech,≤100
109082175273502,Tres Sesenta,Luis Anzola,≤100
264773293005,Marko Cortés,Marko Cortés,≤100
1583631301915573,Liborio Vidal,Liborio Vidal Aguilar,≤100
1520610478183053,Badabun,Vanessa Rivera,≤100
174058432636166,El Deforma,El Deforma,≤100
102551913153712,Ricardo Monreal A.,Ricardo Monreal Ávila,≤100
671351789719351,Ricardo Medina Farfán,Ricardo Miguel Medina Farfan,≤100
105948488890644,PT Escárcega,Juan Sánchez,≤100
133478060111915,Cemex Impacto Social,CEMEX México,≤100
1297159123630144,Ulises Ruiz Ortiz,Ulises Ernesto Ruiz Ortiz,≤100
109634395756375,Save the Children México,Save the Children México,≤100
354326078079338,Campaigns and Elections Mexico,Campaigns & Elections México,≤100
285058928236909,Mauricio Vila,Mauricio Vila,≤100
116502604717345,Ah Kim Pech News,Ah Kim Pech News,≤100
117949723126225,Carmen Hernandez Mateo,Carmen Hernandez Mateo,≤100
254852601222832,Cemex México,CEMEX México,≤100
116433311381559,Crónicas de a Pie,Cronicas de a Pie,≤100
108819392526809,Partido Acción Nacional,Partido Acción Nacional,≤100
122404620204,Oxfam México,OXFAM MEXICO AC,≤100
112901823690886,Toño López Ruiz,Jose Antonio Lopez Ruiz,≤100
1292423584107626,Ana Maria Lopez Hernandez,Juan Sánchez,≤100
1452189031676518,Hyundai México,HYUNDAI MEXICO,≤100
190085328448680,Colectivo Informativo,Tresa Publicidad,≤100
123747293960586,Simples Datos,Simples Datos,≤100
2059420467624770,El Tecolote Diario,El Tecolote Diario,≤100
107925032255657,Cadena Transformación,Cadena Transformacion,≤100
102211379502005,Gigante Informativo,Gigante Informativo,≤100
48966795116,Amnistía Internacional México,Amnistía Internacional México,≤100
119407562791248,Daniel Abreu Delgado,Daniel Abreu Delgado,≤100
381985873573,Partido de la Revolución Democrática PRD,Partido de la Revolución Democrática,≤100
104680124489636,Demoscopia Digital,Demoscopia Digital,≤100
458859544909547,DICES,DICES,≤100
114158248252278,Convocatorias 2023,Convocatorias 2023,≤100
102268952205344,Noticias México,Kimberley Lisset Martinez Alanis,≤100
101696231925216,Olmeca Multimedios Mx,Olmeca Multimedios,≤100
114057571486244,Vanity,These ads ran without a disclaimer,≤100
111335258596893,Mandarina Noticias,Mandarina Noticias,≤100
101701991930418,UNIDEV,UNIDEV,≤100
114334086978029,Cronica Digital,Crónica Digital,≤100
1095948597209125,Grupo Financiero Banorte,Banco Mercantil del Norte,≤100
111024680681758,Universidad Contemporánea de las Américas Frónesis Plantel Ciudad de México,Universidad Contemporánea de las Américas Frónesis Plantel Ciudad de México,≤100
756397431107703,Omar Ortega Álvarez,Omar Ortega Álvarez,≤100
309520537353,Fondo Semillas,Fondo Semillas,≤100
102571299059219,Centro de Desarrollo y Actualización de Competencias,Joaquin Tovilla Lopez,≤100
100485798522680,Diario Azteca,Diario Azteca,≤100
1415863341806268,DMC - Music Center,CENTRO DE ENCUENTRO ARTÍSTICO DMC A.C.,≤100
103824522682236,Sigamos La Transformación,Raymundo Morales,≤100
196705420663884,Código Magenta,Código Magenta,≤100
589484077738887,Jorge Álvarez Máynez,Estudio Bocadillo,≤100
1772086512892206,Revolución Democrática 2.0,Diana Laura Colin Lopez,≤100
114024430364416,YoXmx,Yoxmex,≤100
179387312078698,Partido Verde Ecologista México,Partido Verde Ecologista de México,≤100
115475744802204,Oleada 4T,Oleada 4t,≤100
105848177845789,All Out en español,All Out,≤100
239726076054918,Partido del Trabajo México,Partido del Trabajo México,≤100
235606900176440,Macronews,Macronews,≤100
245495562137150,Mitofsky,Roy Campos,≤100
223918508954449,PT Champoton Oficial,Juan Sánchez,≤100
116437828394342,Phiten Mexico,Phiten Mexico,≤100
465777803515977,Poncho Gutiérrez,Poncho Gutiérrez,≤100
124631600949535,Yo Influyo,Yoxmex,≤100
387796290649,GNP Seguros,GNP Seguros,≤100
584159151722389,Pavel López Gómez,Pavel López Gómez,≤100
101683735119994,El Reportero,El Reportero,≤100
665503193619321,CTM Nuevo León,CTM Nuevo León,≤100
351194631568626,Secretaría de Economía Sinaloa,Secretaría de Economía Sinaloa,≤100
107727682047392,XunMexicodeverdad,X UN MÉXICO DE VERDAD,≤100
109896661873670,Bienestar México,Bienestar México,≤100
171494803269262,Noticias México,euthenics,≤100
803041666459797,Enrique de la Madrid,Enrique de la Madrid,≤100
503029186533760,Osoigo México,Osoigo México,≤100
146709175702544,Gobierno de Quintana Roo,Gobierno de Quintana Roo,≤100
113475461707446,4T Noticias y más,Fernanda Guadalupe Diaz Manrique,≤100
107494537500293,Informativo Viral,Tresa Publicidad,≤100
257333027729841,Julieta Ramírez,Julieta Ramirez,≤100
102863700463398,Pepe Couttolenc,Partido Verde EDOMEX,≤100
108176578917695,El Bienestar de México,Julio Rodríguez,≤100
102107279495045,Las netas,LASNETAS.ORG,≤100
102491086147029,La 4T avanza,Maria Virginia Escalona Castro,≤100
158734694822818,PT Hopelchén,Juan Sánchez,≤100
104546498723247,Mauricio Cantú,Mauricio Cantú,≤100
105533795460071,Norte Monrealista,Norte Monrealista,≤100
102292168590496,Centro de Innovación y Actualización Profesional,Christian Jazmin Arechiga Lopez,≤100
101049254604630,Edgar Dueñas,Miguel Martin,≤100
147751821930575,Salud Digital Fundación Carlos Slim,Fundación Carlos Slim,≤100
126053684120856,Gobierno del Estado de Oaxaca,Gobierno del Estado de Oaxaca,≤100
400826360641681,Global Noticias,Tresa Publicidad,≤100
345995382241686,PODER 360,PODER 360,≤100
102255904996475,Geovanna Campos Vazquez,Julián Reynoso Mazoy,≤100
115452255131465,Alejandro Moreno Cárdenas,Alejandro Moreno Cárdenas,≤100
494394810587414,Adictivo,Adictivo,≤100
101201758419162,Noticias Digitales,Noticias Digitales,≤100
953657811446042,Conciencia Nacional por la Libertad Religiosa,Fundación en Promoción de la Familia y la Libertad AC,≤100
953657811446042,Conciencia Nacional por la Libertad Religiosa,Conciencia Nacional por la Libertad Religiosa,≤100
421877377878288,Municipio de Querétaro,Municipio de Querétaro,≤100
283674865910754,Reporteros Sin Censura,Tresa Publicidad,≤100
107732841148576,Esteban Abraham Macari,Esteban Abraham Macari,≤100
1614410865470755,Columnas de México,Columnas de México,≤100
1117222281664997,Gobierno Municipal de Chihuahua,Gobierno Municipal de Chihuahua,≤100
164183347562623,Denuncia México,euthenics,≤100
1148184328676223,Plaza Comunitaria Para Jovenes y Adultos.,These ads ran without a disclaimer,≤100
235994093744848,Contra Réplica,EDICIONES SAN FRANCISCO S.A. DE C.V.,≤100
112258358404104,Público,Público,≤100
130816463246126,Nortimex,Gerardo Soberanes,≤100
536886746673043,Jóvenes MX,Yoxmex,≤100
110245084073082,Amador Rodriguez Lozano,Amador Rodriguez Lozano,≤100
102393536157012,La patria con la 4T,Lidia Lopez Rodriguez,≤100
251441461671918,Igualdad Animal México,Respeto e Igualdad Animal A.C.,≤100
160752503961,EMEEQUIS,EMEEQUIS,≤100
277380886249639,ExxonMobil México,"ExxonMobil México, S. A. de C. V.",≤100
104065375986923,La Politigrería,Antonio Jair Diaz Calderon,≤100
411235336284306,Empresarios por la Cuarta Transformación,"Empresarios 4T, Asociación Civil",≤100
1446004195656918,PAN Coahuila,PAN Coahuila,≤100
107020672147342,José Miguel Martínez Campos,Gabriel Hernandez,≤100
101128435630238,Química y Formulación,Química y Formulación,≤100
698928537211863,Ayuntamiento de Tijuana,H. Ayuntamiento de Tijuana,≤100
632337564066144,SIHUA Consultoría Académica,SIHUÁ Consultoría Académica,≤100
111094778258609,Chema Martínez,Chema Martínez,≤100
101084949601318,Es Claudia Chihuahua,Nubia De La Rosa,≤100
509821702820171,24 Horas Quintana Roo,24 Horas Quintana Roo,≤100
100912992973625,La Política Actual,Josefina Garcia Saldaña,≤100
304972003957,EXPO PACK,EXPO PACK,≤100
1415691342026378,Fundación Carlos Slim,Fundación Carlos Slim,≤100
110187414493874,Plataforma Informativa Mexicana #PIM,euthenics,≤100
131763133152028,Avanzando el Plan C,Apolo Mayorga Galindo,≤100
651415091544662,Cancún Channel,David Jonathan Estrada Castillo,≤100
107738917712607,ALA,Alexa Trujillo,≤100
543830382749706,Compromiso Social Mx,Compromiso Social Mx,≤100
592495347619799,Mi familia es primero,Yoxmex,≤100
2172949669630212,Monte Fénix,MONTE FENIX,≤100
109728374729315,24 horas Yucatán,24 Horas Yucatán,≤100
2023599817873318,Vladimir Parra,Vladimir Parra,≤100
179269592856683,Movimiento Ciudadano Coatzacoalcos,Movimiento Ciudadano,≤100
103806271826947,Monica Cruz Oficial,Brenda Ivonne Gonzalez Romero,≤100
281188282215551,José Medina Mora Icaza,José Medina Mora Icaza,≤100
111211061367740,Pensando un País,Jorge Morales Rodríguez,≤100
695261801312971,Revista Encuentro en Acción,Carlos Alberto Cruz Alcántara,≤100
100431071908734,La-Lista,DCS MEDIA & COMMUNICATIONS,≤100
109573938764758,Con Claudia hasta el Final,Ana Maria Torres Rivera,≤100
92465443899,Reporte Índigo,Capital Media,≤100
739809672749132,Nuevo Sonora,Nuevo Sonora,≤100
120923597592109,Hoy Sí Mx,Consejo de la Comunicación,≤100
624625181241087,Noticias de Progreso,Noticias de Progreso,≤100
102931335827610,Fans de Jorge Romero - Georgemanía,Georgemanía,≤100
992816694189783,José Alam Chávez Jacobo,Jose Alam Chavez Jacobo,≤100
122154061801959,Colectivo Mujeres Cabeza de Familia,Yoxmex,≤100
100539512991362,Yo con Ella,Jessica Hernandez Martinez,≤100
640044982685950,PRD Michoacán,PARTIDO DE LA REVOLUCIÓN DEMOCRÁTICA,≤100
106763384981876,La Prensa Mx,Maria Elena Reyes Garcia,≤100
1522195418029530,Político MX,Político MX,≤100
409800789114458,Antonio Pelón Cervera,Antonio Pelón Cervera,≤100
350508488860,Renán Barrera,Renán Barrera,≤100
265938437673601,Yo Soy Mi Planeta,Yoxmex,≤100
177319665650476,ClikiSalud - Fundación Carlos Slim,Fundación Carlos Slim,≤100
707874865918912,ADN Alternativa Democrática Nacional,Canek Ortega Cano,≤100
108128157347207,Pollsmx,Alfonso Basilio Verdeja,≤100
138350596230547,GIRE - Grupo de Información en Reproducción Elegida,Menu Agency,≤100
1424057367811413,Ipas México,Jennifer Gonzalez Campos,≤100
658580710854883,Nueve Arte Urbano,Eduardo Sánchez Becerra,≤100
463358453871269,JuanMa Munguía,JuanMa Munguía,≤100
197544561006094,dlpoder,dlpoder,≤100
2818718441534332,Es de política mexicana,Es de Política Mexicana,≤100
2330030160374237,Balance 24,Balance 24,≤100
215664318620433,Sustentur,Sustentur,≤100
316162282245753,Ovidio Peralta Suárez,Ovidio Peralta Suárez,≤100
100292189692498,Prepa virtual SEP Mexico,Unidev Universidad SC,≤100
194020227388552,PT Coahuila,Partido del Trabajo Coahuila,≤100
184593128260173,Armando Alcala Alcaraz,Luis Armando Alcala Alcaraz,≤100
1514466245542140,América Rangel,AMERICA RANGEL,≤100
148709191834718,Alcaldes de México,Alcaldes de México,≤100
1470120803203418,Cabecera,Cabecera,≤100
113685655793633,Chuy de León,Chuy de León,≤100
174996952905637,Juan Enoc :. Ribón,Juan Enoc Ribón,≤100
102786396117647,Consolidemos la Transformación,Angelica Ledezma Estrada,≤100
909433945747355,Sandra Pámanes,Sandra Pámanes,≤100
884158955066166,RecuperaTuFuturo,RecuperaTuFuturo,≤100
101295992671758,Libertarismo México,México Libertario,≤100
101915037852973,CN13 Noticias,CN13 Noticias,≤100
233652128065243,Goberna México,Goberna Consultoría Política,≤100
104677602556872,Prepa para todos Unidev,Unidev Universidad SC,≤100
519051388241845,Fundación FEMSA,Fundación FEMSA,≤100
820039028079165,Gerardo Pliego,Gerardo Pliego,≤100
254852601222832,Cemex México,These ads ran without a disclaimer,≤100
196493763808241,CEEY,CENTRO DE ESTUDIOS ESPINOSA YGLESIAS,≤100
111980355074733,Adriana Grajales Gómez,Adriana Grajales Gómez,≤100
492853084519289,Héctor Narváez MX,Héctor Freddy Robaldi Narváez,≤100
176169819619698,Rompecabeza,Oscar Rodríguez Hernandez,≤100
100290215079895,Monica Escalera,Monica Escalera,≤100
878654108845351,Armando Tejeda,Armando Tejeda,≤100
174229585991829,Periódico Libre en el Sur,Francisco Ortiz Pinchetti,≤100
283480958685751,Obdulio Ávila M,Obdulio Ávila M,≤100
323351798154535,Olivia Martínez Leyva,Brecha Comunicación,≤100
103769542576820,Quintanarroense Hoy,Quintanarroense Hoy,≤100
2027030020852192,Asociación Mexicana de Energía Eólica,Asociación Mexicana de Energía Eólica,≤100
437616359600178,Fernando Garza Martinez,Alfonso Adrian Garcia Sevilla,≤100
102482418239090,Asociación Mexicana de productores del Vestido,Reynaldo Escamilla Rodriguez,≤100
135551399982108,Arquidiócesis de Tlalnepantla,Arquidiócesis de Tlalnepantla,≤100
106902489068662,,AM 2023,≤100
106681135502068,Ismael Carvallo,Ismael Carvallo,≤100
303184083041100,Gobierno del Estado de Yucatán,Gobierno del Estado de Yucatán,≤100
115896348052800,Preparatoria virtual SEP desde casa,UNIDEV Universidad SC,≤100
707874865918912,ADN Alternativa Democrática Nacional,Diana Laura Colin Lopez,≤100
172262836190214,Julen Rementeria del Puerto,Julen Rementeria del Puerto,≤100
101286431308424,Dr. Paco Sánchez,Dr Paco Sánchez,≤100
101517436136014,Americasmobilityofthefuture,Marco Antonio Alvarez Cruz,≤100
1570126169927933,Delfina Gómez Álvarez,Delfina Gómez Álvarez,≤100
105278152331161,Becas y Convocatorias,Becas y Convocatorias,≤100
107948098900409,Noticias 4T,Noticias 4T,≤100
923994957653139,Luisa Gutiérrez Ureña,Luisa Adriana Gutiérrez Ureña,≤100
110280934495656,Código Nuevo León,Código Nuevo León,≤100
111016235050841,Revuelta,Revuelta Mx,≤100
101202725148632,Armando Zuñiga Salinas,GRUPO IPS,≤100
104280278920721,Pueblo Conectado,Julio Florencio Lopez Sanchez,≤100
120954000944053,24 Horas Chiapas,24 Horas Chiapas,≤100
108596547197244,Omar Cervantes Rivera,Omar Cervantes Rivera,≤100
103533465483263,Centro de Estudios y Capacitación Integral en Nutrición,Alfredo Esquivel Villeda,≤100
1614460962138781,Realidades Quintana Roo,Werner Perea,≤100
1609872885923314,"Autismo: Diplomados, Cursos y Conferencias",Leticia Colina Escalante,≤100
122933577448829,RS24 Morelos,Roberto Carlos Marin Lara,≤100
400106994113819,Cesuma,These ads ran without a disclaimer,≤100
905324146270805,Carlos Quintana,Tropa Marketing,≤100
463488603728926,Agenda Setting,Agenda Setting Diario,≤100
504790099952655,Bennelly Hernández,Bennelly Jocabeth Hernandez Ruedas,≤100
109929920648150,El Sur Al Momento,Noticias Sureste,≤100
2224502900946392,Diplomados UNAM- Congreso.,Martin Vera,≤100
107388102211536,Percepcion Social,Percepcion Social,≤100
187408468118775,Jorge Torres #elbrecho,Brecha Comunicación,≤100
141680549249031,Radio Rosarito,Mario Alberto Serrano Monzon,≤100
109329305396368,Valeria Flores,Partido del Trabajo de México,≤100
105558432356449,,Partners of the Americas,≤100
2080425052271475,IQ inteligencia Colectiva,Armando Tenorio,≤100
473280473089704,Aurelia Leal López,Juan Francisco Cazarez Buelna,≤100
110432398246832,CIATSoftware Capacitación,Jesús Guerrero,≤100
236858516331750,RADIOFUSION TV,Leonardo Hernandez,≤100
103447518678068,Juan Pablo Celis,4TMichoacán,≤100
1109723182514993,Gobierno Municipal San Martín Texmelucan,Gobierno Municipal San Martín Texmelucan,≤100
465531963489973,Verónica Delgadillo,Verónica Delgadillo,≤100
1250751485006046,Secretaría de Seguridad Ciudadana de Q.Roo,Secretaría de Seguridad Ciudadana de Q.Roo,≤100
156562731088277,"Equidad de Género, Ciudadanía, Trabajo y Familia","Equidad de Género, Ciudadanía, Trabajo y Familia A.C.",≤100
1390151721225988,Diputada Daniela Alvarez,Diputada Daniela Alvarez,≤100
104194908706490,Preparatoria México SEP en línea,UNIDEV Universidad SC,≤100
338174139686776,Mauricio Kuri,Mauricio Kuri,≤100
103959544551197,Dermoter - Capacitación en Medicina Estética y Antiedad,Manuel Enrique Bernal Illarza,≤100
107201884405205,Montse Pérez Cisneros,Esther Montserrat Perez Cisneros,≤100
1648950615416147,Luis Zamora,Luis Zamora,≤100
104191707896834,Mayab Informativo,Noticias Sureste,≤100
394579937307087,Marybel Villegas Canché,Marybel Villegas Canché,≤100
1831931877077110,Partido del Trabajo Nuevo León,Partido Del Trabajo Nuevo León,≤100
176047519101203,Códice Informativo,Códice Informativo,≤100
116300734758352,Escáner Político,Escaner Politico Media,≤100
105768877736080,Mérida Actual,Noticias Sureste,≤100
117455491307964,Al Día,Al Dia Media,≤100
225774331107918,Jonathann Estrada,David Jonathan Estrada Castillo,≤100
432923167438353,Jorge Hernández Aguilera,Julián Reynoso Mazoy,≤100
103852349111297,Infórmate y +,Infórmate y +,≤100
232336684381335,RED periodismo veraz y objetivo,Ana Cristina Hernández Gallo,≤100
102991431463559,Exilio Periodismo Binacional,Exilio Periodismo Binacional,≤100
106667815186412,Prepa DVM Reyes Heroles,These ads ran without a disclaimer,≤100
119431864432720,YucaNews Noticias,Yucanews,≤100
1768914636668990,Andrés Atayde,Andrés Atayde Rubiolo,≤100
283653271758441,24 Morelos,24 CDMX,≤100
1613868898897076,Waldo Fernández González,Waldo Fernández González,≤100
164856266971710,Es lo Cotidiano,Es lo Cotidiano,≤100
543822652788842,Alerta News,Arturo Martin Huerta Romero,≤100
106395931972477,Promotur Fideicomiso para el Fomento del Turismo,Promotur Fideicomiso para el Fomento del Turismo,≤100
543589789374296,Memo Toscano,Guillermo Toscano Reyes,≤100
106493250995751,Oriente Al Instante,Noticias Sureste,≤100
138016565116389,Prepa En Linea SEP,UNIDEV Universidad SC,≤100
449319475244963,Comité Directivo Estatal del PAN Chihuahua,Comité Directivo Estatal del PAN Chihuahua,≤100
101809376164183,Prepa en casa SEP mx,Unidev Universidad SC,≤100
407868429421487,Juan Manuel Hernández Niebla,Juan Manuel Hernández Niebla,≤100
119591381084317,Prepa Unidev SEP,Unidev Universidad SC,≤100
1840456319605671,Instituto Educativo Felipe Carrillo Puerto,Instituto Educativo Felipe Carrillo Puerto,≤100
1103479286344796,Revista de Coahuila,Revista de Coahuila,≤100
104257531651667,Matza Maranto Zepeda,Maritsa Concepcion Maranto Zepeda,≤100
109926928389181,Gabriel Nunes,These ads ran without a disclaimer,≤100
109927953731014,Espacio Libre México,Espacio Libre México,≤100
107545877814736,Becas SEP,Kimberley Lisset Martinez Alanis,≤100
1906429816285166,Género y Política PRD Tv web,Canek Ortega Cano,≤100
101970745787120,Contraste MX,Contraste MX,≤100
113168997827516,Las Voces del Sur,Voces Guerrerenses,≤100
892793430760021,UDAL Plantel Teziutlán,UNIVERSIDAD DE AMÉRICA LATINA,≤100
1453035258301900,Carol Antonio Altamirano,Carol Antonio Altamirano,≤100
1818573238259164,Temas de Café en la Noticia,Temas de Café en la Noticia,≤100
681291175575804,Visible,Lievant Studio,≤100
136240676894192,Roberto Sosa Pichardo,Roberto Sosa Pichardo,≤100
1668929590004327,Avanzoft Software Avanzado,These ads ran without a disclaimer,≤100
110763055151832,Preparatoria en línea SEP,UNIDEV Universidad SC,≤100
105084060977192,Rosa María Hernández Espejo,Rosa Hernández Espejo,≤100
103008312077513,Juventud Morena,Miguel Angel Echeverria Trujeque,≤100
340258032732908,Altorre Foto Periodismo Michoacan,Altorre Foto Periodismo Michoacan,≤100
369716686400100,Deprimera Noticias,Deprimera Noticias,≤100
108276755314662,Portal Ciudadano de la Cámara de Diputados,Portal Ciudadano de la Cámara de Diputados,≤100
106088121009287,No al Trafico de Loros,No al Trafico de Loros,≤100
18716216245,Fundación Televisa,"FUNDACION TELEVISA, A.C.",≤100
109885031688642,Nallely Camarena,These ads ran without a disclaimer,≤100
106874624023669,Madigen Marketing Digital,Charleaks Ruiz,≤100
520075024716940,Movimiento Ciudadano Coahuila,Movimiento Ciudadano Coahuila,≤100
101008655199013,Juan Manuel Ramírez Velasco,Juan Manuel Ramírez Velasco,≤100
1587273468223028,Misaj Becerra,Misaj Gonzalez Becerra,≤100
107356960929927,Las Noticias-Política,Noticias Política,≤100
944823365909303,Medio Serio,Nuria Valenzuela Márquez,≤100
102084795217656,Cuatro T,Cuatro T Noticias,≤100
66197312668,Revista Internacional de arquitectura y diseño Arquine,Revista Internacional de Arquitectura y Diseño Arquine,≤100
111747610668938,Nota Online.,Nota Online.,≤100
109293358009070,Qué rayos con Vladi?,Vladimir Fernández Cabrera,≤100
151599265622637,Bertha Caraveo,Bertha Caraveo,≤100
103747299357893,Mario Delgado Fans,Grupo Delgado Fans,≤100
502725876775008,Scientia,Augusto Martín Cedillo López,≤100
107292939458376,UDAL Universidad de América Latina,UNIVERSIDAD DE AMÉRICA LATINA,≤100
107559512016725,Contraste News,Contraste News,≤100
590466967664589,El Balcón,Germán Espiridión Martínez,≤100
195400400486017,Antena San Luis,Antena San Luis S de RL de CV,≤100
114175028689083,Juan José Jiménez Yáñez,Juan José Jiménez Yáñez,≤100
107539391652958,Estrella Rojas,Estrella Rojas,≤100
206323119403212,Mario Delgado Carrillo,Mario Delgado Carrillo,≤100
319324652211955,Luis Monreal,Miguel Angel Baena Cervantes,≤100
398516457218493,Ana Cristina Organista de Oseguera,Ana Cristina Organista de Oseguera,≤100
209756585798494,La Jornada Zacatecas,La Jornada Zacatecas,≤100
101480295171643,Miguel Pérez Pompa,Jose Miguel Pérez Pompa,≤100
185702296375261,Mexicómo,MEXICOMO,≤100
104769105815812,Preparatoria SEP unidev,UNIDEV Universidad SC,≤100
117676694619099,Sala Capitalina,Sala Capitalina Media,≤100
110572795038873,CheinLovers,CheinLovers,≤100
273305282567,Gobierno de Jalisco,Gobierno de Jalisco,≤100
105742159026755,GDL Noticias,Charleaks Ruiz,≤100
291420500968149,Ricardo Mejia Berdeja,Ricardo Mejia Berdeja,≤100
108687728744220,Caribe Noticias,Caribe Noticias,≤100
710439142491735,Aldo Ruiz,Tintorama Digital,≤100
110638204921704,Voz Laboral,Partners of the Americas,≤100
109926551951416,UNNA_Infancia,Victor Velasco,≤100
109538585077104,Red Ciudadana Transformando Morelos,Red Ciudadana Transformando Morelos,≤100
1845950578802614,La hora de guerrero - Noticias,Angelica Banchez Robles,≤100
1856514037937535,SuperMesa,Ramon Jorge Guardado Pérez,≤100
129116715379616,La Lotería Del Pueblo,Hugo Junco Olvera,≤100
107509487815279,Dedogmasyrenuncias,DE DOGMAS Y RENUNCIAS,≤100
325192067516383,Diego Avila,Diego Avila,≤100
144832446134170,Icadih,These ads ran without a disclaimer,≤100
277139103951,Dante Delgado,Movimiento Ciudadano,≤100
104544534936318,Educación a distancia,Educación a distancia,≤100
447692052064851,Cnop Yucatán,Javier Alberto Rejón Vivas,≤100
107601427782942,Luis Rascón,Jl Rascon,≤100
103767734536936,Cripeso Servicios de Consultoría,Cripeso Servicios de Consultoría,≤100
103091928748316,Marca Violeta,Marca Violeta,≤100
103976052285806,El Bunker Político,El Bunker Político,≤100
1824552704460369,Angel Garza Reséndez,Coalición Rescatemos Coahuila,≤100
261548570655865,Juan Angel Flores Bustamante,Juan Ángel Flores Bustamante,≤100
101308478470933,Tiempo de México,Tiempo de MX,≤100
215836968456734,Alfonso Martínez Alcázar,Alfonso Martínez,≤100
107003701683545,Migra Noticias,These ads ran without a disclaimer,≤100
959213044118455,Cecilia Patrón Laviada,Cecilia Patrón Laviada,≤100
352229662778,Randstad México,These ads ran without a disclaimer,≤100
1468723019887327,ddeser,ddeser,≤100
157957047619470,Secretaría del Trabajo Jalisco,Gobierno de Jalisco,≤100
178625645626125,Movimiento Ciudadano Nuevo León,Movimiento Ciudadano NL,≤100
106811552699981,Eduardo Rodriguez,Jose Eduardo Rodriguez Perez,≤100
1871963173033717,Othon Hernández Candanedo,Othon Hernandez Candanedo,≤100
102098972594247,Momorelos,Medios Alternos de Morelos S.A. de C.V.,≤100
320404528148304,Nacho Campos,Nacho Campos E.,≤100
114818941111142,Cuautla Canal 2,Cuautla Canal 2,≤100
108041993872028,Fundación Cristina Cortinas,These ads ran without a disclaimer,≤100
153947391339205,Manolo Jiménez Salinas,MANOLO JIMENEZ SALINAS,≤100
109854164270687,México Noticias,México Noticias,≤100
192366194179807,León Municipio,León Municipio,≤100
459461090802103,Sedeco Jalisco,Gobierno de Jalisco,≤100
161020766408,Gobierno del Estado de Querétaro,Gobierno del Estado de Querétaro,≤100
109575971718478,Hitzel Bernal,Hitzel Bernal,≤100
316410785381595,Fundación Cendes,Centro Nacional para el Desarrollo Sexual Infantil y Juvenil A.C.,≤100
403947591345,Mario Machuca Sánchez,Mario Machuca Sánchez,≤100
111820754672338,Rotativo Digital,Rotativo Digital,≤100
100703765590493,Bunker Noticias,Bunker Noticias,≤100
100520825048827,Movant Connection,These ads ran without a disclaimer,≤100
164373266931161,Máspormás,Máspormás,≤100
669306863144908,Alberto Esquer,Moisés González,≤100
102068568784360,La Noticia Media,La Noticia Media,≤100
423398675060880,Estado 32,Marcelino Marcial Carrillo,≤100
105291228709143,Rotativo México,Rotativo México,≤100
1577134115646205,Lupita Murguía,Lupita Murguía,≤100
1651996485077161,Noti Red,Noti Red,≤100
192680674189566,El Respetable,Bruno Agustin López Arguelles,≤100
1444189109132895,Rigo Mares,Rigo Mares,≤100
896480353729275,Memo Ruiz,Brecha Comunicación,≤100
408978686187226,Notas al chile,Notas al Chile,≤100
109342674580528,Sandra Sierra,Coalición Rescatemos Coahuila,≤100
100992392634137,Secretaría  de Bienestar y Desarrollo Sustentable de Sinaloa,Cecilia Maria Cota Carrasco,≤100
360811057341855,PAN Nuevo León,PAN Nuevo León,≤100
103165569325422,Qromunicando,Qromunicando,≤100
555030401187058,Manuel Scott S,Jesus Manuel Scott Sanchez,≤100
285690871462237,Luz María Beristain Navarrete,Luz María Beristain Navarrete,≤100
105187135351432,El Informativo,El Informativo,≤100
265650330509829,Miguel Hermida,Miguel David Hermida Copado,≤100
259294300089,Gobierno de Zapopan,Gobierno de Zapopan,≤100
111001581987260,SHIS Consultores,Uriel Alonso Lara Silva,≤100
555207734563075,Policía de Guadalajara,Gobierno de Guadalajara,≤100
102886192659278,Nancy Cuevas Sanchez,MAD analytics,≤100
669306863144908,Alberto Esquer,Fernando Esquer,≤100
104683828731442,Diario Capital,Diario Capital,≤100
768729776576472,Susy Bermúdez,Susy Bermúdez,≤100
742040689262613,Imelda Castro Castro,Imelda Castro Castro,≤100
100430528133355,Información México,Información México,≤100
468586243214951,Cultura Jalisco,Gobierno de Jalisco,≤100
427137767353498,Clemente Castañeda,Clemente Castañeda H,≤100
112882117843391,Morena Estado de México,morenaedomex.si,≤100
110824085319584,Carlos Lara,Coalición Rescatemos Coahuila,≤100
445454469207355,Soy Tamaulipas,Soy Tamaulipas,≤100
115873754463126,Mexiquenses de Corazón,Mexiquenses de Corazón,≤100
858032527584472,Hiram Rodriguez L,Hiram Rodriguez L,≤100
1692954010920285,Partido Verde Piedras Negras,Partido Verde Coahuila,≤100
104498045944998,Beto De Luna,Coalición Rescatemos Coahuila,≤100
112265521480407,FEST Aragon,Charleaks Ruiz,≤100
1567158006922788,Alfredo Paredes,Brecha Comunicación,≤100
105978688518840,Verónica Vázquez,These ads ran without a disclaimer,≤100
374890996302488,Chucho Nader,Chucho Nader,≤100
101532591996363,Neox México,Neox México,≤100
592543167574677,Alfredo Vazquez Castaños,Miguel Angel Vazquez Lopez,≤100
108737448471399,Altavoz Web,Altavoz Web,≤100
120544204635995,Gobierno de Baja California,Gobierno de Baja California,≤100
327324764029820,Armando Guadiana,Armando Guadiana,≤100
111722858536644,Al Frente por Edomex,Al Frente por Edomex,≤100
2045812675540774,Erick Maffassanti,Daniel Erick Agustin Maffassanti,≤100
116987634683951,Margarita Ibarra Molina,COALICIÓN RESCATEMOS COAHUILA,≤100
110322757452191,Tampico Noticias,Tampico Noticias,≤100
572887279531469,Román Alberto Cepeda,Román Alberto Cepeda,≤100
606485553340465,Alternancia,Alternancia,≤100
105758101614814,Erika Díaz Villalón,Erika Díaz Villalón,≤100
104883599041870,México Informativo,México Informativo,≤100
1952970908251080,Toño Zapata,Luis Antonio Zapata Guerrero,≤100
101838023248031,Pulso Sur Noticias,Pulso Sur Noticias,≤100
111427834989502,¿POR QUÉ PAPÁ?,These ads ran without a disclaimer,≤100
1696577493927541,Veritas Noticias MX,Veritas Noticias MX,≤100
111980298454643,Miguel Ángel Sánchez Rivera,Miguel Ángel Sánchez Rivera,≤100
115499391426868,Evidencias,Evidencias,≤100
102601911392795,Luz Elena Morales,Brecha Comunicación,≤100
115501230577691,Libre Ejercicio,Libre Ejercicio,≤100
105182528447528,DOMY,Suri Luar Corona Lira,≤100
173227873302957,Prensa del Norte,Prensa del Norte,≤100
110964160732915,Ovier Medina,Jesus Ovier Medina Lucero,≤100
112041081846375,Aida García,Movimiento Ciudadano,≤100
108846835200933,Nacion24,Nacion24,≤100
108843925113701,Veracruz Ahora,Veracruz Ahora,≤100
108282458232967,Política en el Espacio,Política en el Espacio,≤100
2091732304477564,Senadores Ciudadanos,Grupo Parlamentario de Movimiento Ciudadano en el Senado de la República,≤100
103710145621987,Lizbeth Ogazón Nava,Lizbeth Ogazón Nava,≤100
110127401707360,Teorema,Teorema,≤100
637202699799385,Diputado González Romo,Ernesto González Romo,≤100
101464289606291,Víctor Ramírez,Víctor Ramírez,≤100
2032561100152700,Marisol Mercado,Edith Marisol Mercado Torres,≤100
387730198486409,Códice,Consejo de Investigación Ciudadana y Empresarial Códice A.C.,≤100
263327113809256,Secretaría de Salud Jalisco,Gobierno de Jalisco,≤100
475040405910613,Lenin Perez Rivera,Coalición Rescatemos Coahuila,≤100
104679845738578,La Rebelión de la Clase Media,Velasco & Solá,≤100
102950168111617,Día al Día Nuevo León,Día al Día Nuevo León,≤100
107329467479764,Rodrigo Valdez,Movimiento Ciudadano,≤100
42603376541,Universidad de Guadalajara,These ads ran without a disclaimer,≤100
101204342089098,Diana Karina Barreras,Diana Karina Barreras,≤100
359377594558289,Prensa Asociada,Prensa Asociada,≤100
237483363067310,Municipio COLON 94-97,Leopoldo Barcenas Uribe,≤100
664379213703876,Poncho Danao,Movimiento Ciudadano,≤100
751662078296907,Noticias 24siete,Noticias 24siete,≤100
1431361787158559,Inédito Mx,Inédito Mx,≤100
1075423372514320,Ramón Vázquez Valadez,Ramon Vazquez Valadez,≤100
100984402720642,Preparatoria en linea SEP,UNIDEV Universidad SC,≤100
146854998658908,Metropolitano Aguascalientes,Metropolitano Aguascalientes,≤100
155905091696219,La Revelación,La Revelación,≤100
697622430420733,Zurda,Zurda,≤100
405824826113969,IEEG Instituto Electoral del Estado de Guanajuato,IEEG Instituto Electoral del Estado de Guanajuato,≤100
105665831898946,Red El Centenario,Red El Centenario,≤100
111843677307845,Pablo Ortega,Partido Verde Coahuila,≤100
107841848841194,Juárez Número Uno,Juárez Número Uno,≤100
246114539297511,Marisol Becerra,HUMAN TARGETR,≤100
114814831508121,EdoMex al instante,EdoMex al instant,≤100
220429278974,Gobierno de Hermosillo,Gobierno de Hermosillo,≤100
133059550071850,Gobierno de Guadalajara,Gobierno de Guadalajara,≤100
1096312820453901,5 de Mayo Diario,5 de Mayo Diario,≤100
112627505161171,,Tu Vecino Informa,≤100
259386257405548,Alejandra López Noriega,Alejandra Lopez Noriega,≤100
103910909153457,Derecho de Réplica,Derecho de Réplica,≤100
101921529330142,Teyeliz,These ads ran without a disclaimer,≤100
107459775543951,Pacto Transformación,Pacto Transformación,≤100
848008481893903,Cruz Pérez Cuéllar,Cruz Pérez Cuéllar,≤100
1428058064155406,Mexicampo,These ads ran without a disclaimer,≤100
666193806817707,Instituto Rezza Digital,These ads ran without a disclaimer,≤100
1856486611250925,Marisela Terrazas,Marisela Terrazas Muñoz,≤100
100220696003610,Chisme a la Carta,Chisme a la Carta,≤100
1879285485657995,Dr. Pepe Cruz,Pepe Cruz,≤100
313962579324281,Luis Cantú G. Cachorro,Luis Cantú,≤100
102767832191810,Información La Frontera,Información La Frontera,≤100
105617002374073,Daniela Puente,Daniela Puente,≤100
151844091545900,Marcela Guerra,Marcela Guerra Castillo,≤100
1390335777932094,Puebla BLA,Puebla BLA,≤100
102219139246608,MarceLovers,Mundo Millenial,≤100
279469625434543,Paco Cienfuegos,Paco Cienfuegos,≤100
108199465164850,Resistencia Obradorista - Que Siga La Democracia,Resistencia Obradorista - Que Siga La Democracia,≤100
129061780478815,Sistema de Asistencia Social Jalisco,Gobierno de Jalisco,≤100
105382292158330,Obed Domínguez,Nubia De La Rosa,≤100
106865972279596,Por amor a México,Por Amor A Mexico,≤100
104364561773822,Oscar Avitia,Nubia De La Rosa,≤100
109718987583190,Brighite Granados,Nubia De La Rosa,≤100
107296958535185,U-Report México Uniendo Voces,U-Report México Uniendo Voces,≤100
469246976533189,Santiago Creel,SantiagoCreelM,≤100
358442097543367,Materia,These ads ran without a disclaimer,≤100
110242431205971,,These ads ran without a disclaimer,≤100
202318696463177,ILC América Latina,These ads ran without a disclaimer,≤100
283857728788528,Nayarit Hoy,Nayarit Hoy,≤100