﻿Page ID,Page name,Disclaimer,Amount spent (TRY)
226410901315304,Areda Survey,Areda Survey,≤100
115219274900927,Smatip1_cinar,Emrah Bilaloglu,≤100
100964136258105,Erdoğan Çiftcioğlu,Erdoğan Çiftcioğlu,≤100
100675732413915,Anketci.Net,Anketci.Net,≤100
1014466885240850,Semih Esen,Semih Esen,≤100
122193617537005,Haberettr,HABERET MEDYA AJANSI VE PRODÜKSİYON LİMİTED ŞİRKETİ,≤100
210993622366044,TVNET,TVNET,≤100
120266711045676,Başka Açıdan Tv,Başka Açıdan TV,≤100
890935934274178,Serdar Sandal,Burak Özer,≤100
111162852275902,Uluslararası Af Örgütü Türkiye Şubesi,Uluslararası Af Örgütü Türkiye Şubesi,≤100
109178520640670,İmtihan dünyası,Adem Saglam,≤100
146234755411446,Mirasımız Derneği,(MİRASIMIZ) Kudüs ve Civarındaki Osmanlı Mirasını Koruma ve Yaşatma Derneği,≤100
109648772104972,NNC MEDYA I nnchaber.com.tr,Kağan Onaran,≤100
2291169097838019,Pınarhisar Belediye Başkanı İhsan Talay,Ihsan Talay,≤100
426339260809702,Oğul Aktuna,Oğul Aktuna,≤100
105376981385020,Referandom,Referandom,≤100
1706624339582436,Tüsiar Araştırma Danışmanlık Ltd.Şti,TÜSİAR ARAŞTIRMA DANIŞMANLIK LTD ŞTİ,≤100
815048841929079,M. Ergün Turan,M. Ergün Turan,≤100
105389322562317,Antik Kuntik Premium,These ads ran without a disclaimer,≤100
104218149094407,Masal’a Umut Ol,These ads ran without a disclaimer,≤100
101315571670453,Webagron Tarımsal İçerik Platformu,Webagron Tarımsal İçerik Platformu,≤100
108417498863463,engencdernegi,These ads ran without a disclaimer,≤100
498108350567415,Nilüfer Deveci,Nilufer Deveci,≤100
108390012832175,Fatih Akkentli,Fatih Akkentli,≤100
1620080691588973,Serkan SARI,Serkan Sarı,≤100
369391953226531,Eyüp Eroğlu,Akif Yurdakul,≤100
101053304952406,Mersin Objektif,These ads ran without a disclaimer,≤100
105659912395522,ozgulozkanurunofficial,These ads ran without a disclaimer,≤100
463215923715177,Mehmet Yiğiner,Bekir Koyuncu,≤100
1572709256359993,İnternethaber TV,HADİ ÖZIŞIK,≤100
1776545895921237,Nedersiniz,Nedersiniz,≤100
142239475815871,Fatih Bilgen,These ads ran without a disclaimer,≤100
104691722197784,صحيفة الاستقلال - العربية,صحيفة الاستقلال,≤100
109007298600122,Gurbet Hikayeleri,Gurbet Hikayeleri,≤100
191453580768,Yeni Şafak,Yeni Şafak,≤100
108552928182311,Al Sancak Partisi,Nuri Çelebi,≤100
102811868454506,pedagogzeynepsimsek,These ads ran without a disclaimer,≤100
791541570931021,CHT Medya,CHT Medya,≤100
104373561467884,Serhat Servet Dövenci,Serhat Servet Dövenci33,≤100
602991949754369,BursaMuhalif Gazetesi,BursaMuhalif.com,≤100
146581405452633,Yeniden Milli Mücadele,Yeniden Milli Mücadele,≤100
101217539463859,Yenilik Şarttır,These ads ran without a disclaimer,≤100
103285814499773,Hikmet Yalım Halıcı,Kadir Dede,≤100
511707202180465,Kangal Aşkk'tır,Fırat Yıldız Ahmet,≤100
167633913392268,Kolejliler,Fırat Yıldız Ahmet,≤100
102477212191748,Rahmi Galip Vidinlioğlu,These ads ran without a disclaimer,≤100
219031704851494,SAS (Satın Almayın Sahiplenin),Fırat Yıldız Ahmet,≤100
107272515319025,Son Kale Türkiye,Son Kale Türkiye,≤100
100161253091491,Cat Merches,These ads ran without a disclaimer,≤100
116253901464354,Cat Merch,These ads ran without a disclaimer,≤100
244192865606024,People in Need,These ads ran without a disclaimer,≤100