﻿Page ID,Page name,Disclaimer,Amount spent (EUR)
46590675335,Save the Children Italia,Save the Children Italia,148
1493059244111204,Golden Goose,These ads ran without a disclaimer,119
103968169809912,Credem Banca,Finanziato da Credem Banca,112
53347533412,LAV,LAV Onlus,≤100
111385701759852,Presi per i fornelli,Presi per i fornelli,≤100
73493613024,ActionAid Italia,ActionAid Italia,≤100
39993728498,Amnesty International - Italia,Amnesty International Italia,≤100
2116265815351396,Vito Billardello Pagina Politica,Vito Billardello,≤100
183047736356,EMERGENCY,EMERGENCY,≤100
1811177225665334,Enel X,Enel X Italia s.r.l.,≤100
48677844864,Amref Health Africa - Italia,Amref Health Africa - Italia,≤100
579798038791266,Frosta Italia,Frosta,≤100
68826971281,Edison,Edison Spa,≤100
35346524498,Greenpeace Italia,Greenpeace Italia,≤100
54779960819,United Nations,United Nations with Facebook Ad Credits,≤100
355710427861591,Fratelli d'Italia,Fratelli d'Italia,≤100
48677844864,Amref Health Africa - Italia,Amref Health Africa,≤100
264302983606606,Stefano Bonaccini,Stefano Bonaccini,≤100
570007629863789,IlSicilia.it,IlSicilia.it,≤100
107356064962347,Hai Prenotato Vero?,casiraghi greco srl,≤100
576664002355828,CIWF Italia,CIWF Italia Onlus,≤100
65737832194,Medici Senza Frontiere,Medici Senza Frontiere,≤100
634243093317092,Amoro srl,Amoro Srl,≤100
210270519580762,Francesco Italia Sindaco,Francesco Italia Sindaco,≤100
295129913955200,Aboca,Aboca,≤100
251389298296527,Randstad Italia,Randstad Italia Spa,≤100
178362315106,European Parliament,European Parliament,≤100
70212282110,Altroconsumo,Altroconsumo,≤100
88997912868,WWF Italia,WWF Italia,≤100
309840349048638,e.on,E.ON Energia,≤100
400381673394375,CFC - Crisi Fiscale d'Impresa,CFC Legal,≤100
104112951913918,End The Slaughter Age,Filippo Maria Borsellino,≤100
1014207595271736,Azione contro la Fame Italia,Azione contro la Fame Italia,≤100
102550058686598,Sotto Il Mantello C O V I D - Libro Inchiesta,Sotto il Mantello Covid,≤100
865166100210938,Bosch Italia,Bosch Italia,≤100
2161696127186483,Fillea CGIL Sicilia,FILLEA CGIL SICILIA,≤100
421539548423434,SOS Rifugiati,UNHCR Italia - Agenzia ONU per i Rifugiati,≤100
109491080460389,Bambine Non Spose,WeWorld Onlus,≤100
113071918732530,Animal Equality Italia,Animal Equality Italia,≤100
212519685575,Fondazione AIRC per la Ricerca sul Cancro,Fondazione AIRC per la Ricerca sul cancro,≤100
150200761667597,Oxfam Italia,Oxfam Italia,≤100
781613228565179,E-Medine - European Citizenship Promotion,e-Medine,≤100
326588317493293,InformaPalermo,Pietro Galluccio,≤100
228770323835619,Zanichelli,Zanichelli editore Spa,≤100
110327701926480,IoCambio,io Cambio,≤100
693492780985618,HSI/Italia,HSI/Italia,≤100
320002541432025,Tradimalt Spa,Tradimalt Spa,≤100
1737345699671902,Antonio Ferrante,Antonio Ferrante,≤100
379352219185534,Francesco Puppi,ENGIE Italia,≤100
253657775240887,Pulsee,Axpo Italia,≤100
150301155010350,Intersos,Intersos,≤100
201484606557114,Fotovoltaico per Te,Fotovoltaico per Te,≤100
2797201316986482,Annalisa Tardino,Annalisa Tardino,≤100
1410474395723679,Petizioni.it,Petizioni.it,≤100
92505448987,CGIL Confederazione Generale Italiana del Lavoro,CGIL Confederazione Generale Italiana del Lavoro,≤100
406187203142799,Luciano Nobili,Luciano Nobili,≤100
102000366519353,EIPASS,Certipass srl,≤100
1643562069011200,La Valle Degli Orti,Frosta,≤100
1093222784082778,World Vision Italia,World Vision Italia Onlus,≤100
161746774183128,Tam Tam tv Siracusa,Tam Tam Tv,≤100
112231411542422,Davide Vasta • Deputato all’Assemblea Regionale Siciliana,Davide Vasta,≤100
101158695138594,SOS Climate Change,UNHCR,≤100
105517781627039,RM scuola - Università,RM Scuola Campus,≤100
791707730845440,Win the Bank - Tutto Quello Che Ti Serve Per Ottenere Credito,Win the Bank - Tutto Quello Che Ti Serve Per Ottenere Credito,≤100
347006748786906,AIEF,AIEF Associazione Italiana Educatori Finanziari,≤100
106276124655080,Food Wave,Pomilio Blumm,≤100
251763681572567,Gianluca Cannavò Candidato Sindaco di Acireale,Gianluca Cannavò Candidato Sindaco di Acireale,≤100
112020941497075,Generazione EU,Generazione EU,≤100
385509022061328,Acqua per Tutti,WeWorld Onlus,≤100
111832208899724,Il Sole 24 ORE - Diritto24,Il Sole 24 ORE - Diritto24,≤100
40433567307,UNICEF Italia,UNICEF Italia,≤100
247955922444460,Simone Digrandi - Politiche Giovanili Comune di Ragusa,Simone Digrandi,≤100
667483386685540,Silvia Sardone,Silvia Sardone,≤100
100618312394087,Giuseppe Pappalardo,Giuseppe Pappalardo,≤100
8792700660,Istituto Bruno Leoni,Istituto Bruno Leoni,≤100
101764407875365,NeN,NeN Energia,≤100
91261353336,Terre des Hommes Italia,Terre des Hommes Italia,≤100
101898776545732,Inapp,INAPP Istituto Nazionale per l’Analisi delle Politiche Pubbliche,≤100
110620717280562,Movimento Civico 4,Michele Mangiafico,≤100
313559438694166,VIDAS - Assistenza ai Malati inguaribili,VIDAS - Assistenza ai Malati inguaribili,≤100
587213524737852,WebSalute - Vvox,WebSalute,≤100
143185232391413,Il Sole 24 ORE - Immobili e Condominio,Il Sole 24 ORE - Immobili e Condominio,≤100
100959431868836,Andrea Bruno,Andrea Bruno,≤100
112221911380832,InvEu,Agrifondi srl,≤100
182120865170178,Gianluigi Paragone,Gianluigi Paragone,≤100
218932788177609,Soleterre Onlus,Soleterre Onlus,≤100
239696222820040,Plan International Italia,Plan International Italia,≤100
1871438029559484,Riccardo Gennuso,Riccardo Gennuso,≤100
106199837902239,Innesti,Caviro sca,≤100
80761643174,Fondazione Umberto Veronesi,Fondazione Umberto Veronesi,≤100
131887960826264,Carlo Calenda,Azione,≤100
661243440591428,Raffaella Paita,Raffaella Paita,≤100
110613501879102,Michela Grasso - candidato sindaco,Michela Grasso,≤100
104544555621560,Ewiva,Andrea Manchisi,≤100
153413827518,L'Occidentale-Orientamento quotidiano,Fondazione Magna Carta,≤100
251389298296527,Randstad Italia,These ads ran without a disclaimer,≤100
142331079621154,RESET,RESET S.r.l.,≤100
410043459011308,Fondazione IEO Monzino,Fondazione IEO-MONZINO,≤100
268976423121377,Essere Animali,Essere Animali,≤100
118713758151850,UNHCR Italia - Agenzia ONU per i Rifugiati,These ads ran without a disclaimer,≤100
476250932907074,Lorenzo Tosa,Lorenzo Tosa,≤100
111215267090745,Re Soil Foundation,ReSoilFoundation,≤100
1480937442190427,Tommaso Foti,Tommaso Foti,≤100
102808527862361,Uniti per la Siria,WeWorld Onlus,≤100
339966276040228,CMCC Climate,CMCC - Centro Euro-Mediterraneo sui Cambiamenti Climatici,≤100
121622734528770,Eidos Communication,Eidos Communication,≤100
1448101522079687,Onlymoso,Onlymoso,≤100
147451502073583,In Migrazione,In Migrazione,≤100
189080718374189,SEL - Società Elettrica Liparese,Società Elettrica Liparese SRL,≤100
793211171059364,Francescani per la Vita,Francescani per la Vita,≤100
1002444779925117,Antonio Gigliotti,These ads ran without a disclaimer,≤100
100644409468543,Fondazione Operation Smile Italia,Fondazione Operation Smile Italia,≤100
1657214567845698,BPER Banca,BPER Banca,≤100
267617064117828,Plastic Free,Plastic Free Odv Onlus,≤100
1445140735745708,Caritas Senigallia Onlus,Fondazione Caritas Senigallia Onlus,≤100
1393266557641903,Africa Rivista,Africa Rivista,≤100
469381559808559,ITLAS pavimenti in legno,Itlas srl,≤100
57335173611,Città di Modena,Città di Modena,≤100
102565915153347,OPES - Terzo Settore,Publigiovane Srl,≤100
232017336910584,Rivista Il Borghese,Casa Editrice Pagine,≤100
783815115084654,Gianpaolo Sacconi,Gianpaolo Sacconi,≤100
179082995487557,SOS Villaggi dei Bambini - Italia,SOS Villaggi dei Bambini - Italia,≤100
622450334886617,Fondazione Policlinico Universitario Agostino Gemelli IRCCS,Fondazione Policlinico Universitario Agostino Gemelli IRCCS,≤100
674115289288309,Silenzi e falsità della stampa italiana,MFM,≤100
503567226377662,"Centro Narconon ""Il Gabbiano""","Centro Narconon ""Il Gabbiano""",≤100
431856433578503,IT Health Fusion,IT Health Fusion,≤100
408718273286772,Salvatore De Meo,Salvatore De Meo,≤100
258755651183,Alfonso Pecoraro Scanio,Alfonso Pecoraro Scanio,≤100
451419891563905,Pro Vita & Famiglia Onlus,Pro Vita & Famiglia Onlus,≤100
377901329389619,Ener2Crowd,Ener2Crowd,≤100
1502325183364731,AMTS Catania Spa,AMTS - Azienda Metropolitana Trasporti e Sosta Catania S.p.A.,≤100
1668922680093325,Propensione.it,Propensione.it,≤100
1420345371514860,Interlife Onlus,Interlife,≤100
364760893882294,Gruppo civico Gaetano Iacono Sindaco,Gaetano Iacono,≤100
107779855294378,L'Identità,L'Identità,≤100
1836594869687471,Casa Don Puglisi,Associazione di Volontariato Don Giuseppe Puglisi Onlus,≤100
169042736456594,All Out,All Out,≤100
157463237749900,Olmedo Mobility Division,Olmedo Special Vehicles S.p.A,≤100
101221479103,Fondazione Progetto Arca Onlus,Fondazione Progetto Arca Onlus,≤100
205094896368318,Albatros,Albatros S.r.l.s.,≤100
153967571694403,Led Italia,LED Italia S.r.l,≤100
299584710061488,WeWorld Onlus,WeWorld Onlus,≤100
303531599691398,Mariastella Gelmini,Mariastella Gelmini,≤100
107492342616216,Legambiente Onlus,Legambiente Onlus,≤100
105796680963553,Gruppo Editoriale La Scuola SEI,Editrice La Scuola,≤100
312933172093226,Associazione Luca Coscioni,Associazione Luca Coscioni,≤100
299537233425264,Pro Loco UNPLI,Pro Loco UNPLI,≤100
151549811565741,Studio Legale Avv. Giuseppe Lipera del Foro di Catania,Giuseppe Lipera,≤100
410408122372430,Mario Ciarla,Mario Ciarla,≤100
629627600458266,Daniela Torto,Daniela Torto,≤100
1506899926282450,Fondazione UNA,Fondazione UNA Onlus,≤100
149328633881,Kento,These ads ran without a disclaimer,≤100
124450774313284,Etica Sgr,Etica Sgr,≤100
216178258459587,Nello Musumeci,SocialCom,≤100
116181541819083,Nicola Fratoianni,Nicola Fratoianni,≤100
1910000459309616,Sara Santagostino,Sara Santagostino,≤100
2270196856358992,PHYD,PHYD,≤100
583229838437691,Conflavoro PMI,Conflavoro PMI,≤100
993120200721882,Casa Don Puglisi - La Bottega,Associazione di Volontariato Don Giuseppe Puglisi Onlus,≤100
375026399323452,HappyAgeing,Rarelab,≤100
153574674705426,AVSI,AVSI,≤100
100354602590593,Carlo Alberto Tregua,Ediservice srl,≤100
1766466673641354,Antonino La Spina,Antonino La Spina,≤100
1942760395965996,Passaggio al Bosco Edizioni,Passaggio al Bosco Edizioni,≤100
1721402061409216,Parliament Watch Italia,Parliament Watch Italia,≤100
272801896733406,USR PLUS Italia,Partidul Uniunea Salvati Romania,≤100
832603073591251,Elena Palazzo,Elena Palazzo,≤100
127839944083908,Robby Giusti,Roberto Giusti,≤100
118241586064,Fondazione Patrizio Paoletti,Fondazione Patrizio Paoletti,≤100
2613707698646326,Pop Edizioni,POP EDIZIONI SRL SRL,≤100
141019746076225,Sorgenia,These ads ran without a disclaimer,≤100
150738452145624,BASF Italia,Basf Italia S.p.a.,≤100
1710827805727348,Fondazione Libellula,Fondazione Libellula,≤100
101047321724796,Semplicità,Fabrizio Bertoletti,≤100
59374667427,Alice for Children,Alice for Children,≤100
371010003552755,CNA Balneari Sicilia,Gianpaolo Miceli,≤100
111087784707438,Lorenzo Pacini,Lorenzo Pacini,≤100
176463392506898,DOC Generici,Plug & Play,≤100
112576383938294,Fondo Sanedil,Fondo Sanedil,≤100
473643636061643,"EdiSicilia dove arte, cultura e bellezza si incontrano",Rosario Cassaniti,≤100
1603966533257308,Maria Cristina Pisani,Maria Cristina Pisani,≤100
193027960795836,Consulenti del Lavoro,Fondazione Studi Consulenti del Lavoro,≤100
171869093280946,EICOM Energia,Eicom energia,≤100
150777885635982,Giorgio Mulè,Giorgio Mulè,≤100
637027463065554,Sicra Press,Lucia Gullotta,≤100
105276881579324,Terzogiornale,Fondazione per la critica sociale,≤100
1978323772189377,Ambiente Mare Italia,Ambiente Mare Italia,≤100
404771793253920,Salvo Galletta,These ads ran without a disclaimer,≤100
621188454669130,I Diavoli,I Diavoli,≤100
56755731998,Codacons,Codacons,≤100
289932296433,Medici con l'Africa Cuamm,Fondazione Opera San Francesco Saverio,≤100
363589373994,Filippo Rossi,Caffeina Media s.r.l.,≤100
138109442630,UNIMPRESA Unione Nazionale di Imprese,Donato Paolino,≤100
587390418278464,Floriano Massardi,Floriano Massardi,≤100
222461425147,Nuovi Orizzonti,Nuovi Orizzonti,≤100
588400107853314,Marco Furfaro,Marco Furfaro,≤100
782011665194418,Dott. Christian Franchini Consulente Finanziario,Christian Franchini,≤100
381647298581035,Rumundu,Rumundu,≤100
107618154328480,Alessio Arusa,Alessio Arusa,≤100
104856921232620,Antonino Salsone,Antonino Salsone,≤100
103478991969884,Organon Italia,Organon Italia,≤100
205798119968781,Cikis,Cikis,≤100
172718099490199,DOKITA,Dokita onlus,≤100
29698883228,AIFO,AIFO,≤100
318986935171451,Repower Italia,Repower Italia S.p.a.,≤100
1429383923849615,Fondo FASDA,Fondo FASDA,≤100
102627225818858,Dolores Bevilacqua,Dolores Bevilacqua,≤100
103546574756191,Fondo Pensione Priamo,Fondo Priamo,≤100
787903214594249,Fisascat Cisl,Fisascat Cisl,≤100
486228231540331,Partito Animalista Italiano,Cristiano Ceriello,≤100
367042640294086,Luca Ciriani,Luca Ciriani,≤100
181864685188048,Maurizio Marrone,Maurizio Marrone,≤100
1718838531535765,Camilla Laureti,Camilla Laureti,≤100
117785844904053,Antoniano onlus,Antoniano onlus,≤100
404402342956536,StartupItalia,These ads ran without a disclaimer,≤100
158558100860495,Arci nazionale,Arci Aps,≤100
45193527235,CPP Centro Psicopedagogico per la Pace e la gestione dei conflitti,CPP - Centro Psicopedagogico per l'educazione e la gestione dei conflitti,≤100
121793864832061,Daniele Novara,Centro Psicopedagogico per l'educazione e la gestione dei conflitti,≤100
1854943677875764,Sabrina Bocchino - Consigliere Regione Abruzzo,Sabrina Bocchino,≤100
109954454963611,GEA - Green Economy Agency,Gea Agency,≤100
109094031594910,Luigi Pinto,Matteo Bello,≤100
650387761676591,Candido,Casa Editrice Pagine,≤100
171795872872353,ISPI - Istituto per gli studi di politica internazionale,ISPI - Istituto per gli studi di politica internazionale,≤100
56208847866,Gianni Alemanno,Francesco Persampieri,≤100
2317087201903767,Falletti Blog,Francescantonio Falletti,≤100
1793510380925494,USR Diaspora,Partidul Uniunea Salvati Romania,≤100
156980270981618,Fondazione Mondo Digitale,Fondazione Mondo Digitale,≤100
148367009301755,Roberta Ferrero,Roberta Ferrero,≤100
106332794319228,Enrico Chiapparoli,Enrico Chiapparoli,≤100
1615189335210525,Leonardo Leone,These ads ran without a disclaimer,≤100
753800634652691,Paola Chiesa,Paola Maria Chiesa,≤100
103808931391041,Zoeme,Emanuele Menicocci,≤100
154144331904379,Marta Schifone,SocialCom,≤100
110354967359505,Materasso Bedshire,Ce.Pro.L di Gatti Luca,≤100
112777008752391,Valori.it,Valori.it,≤100
106577392014536,"Io, comandante di Wagner - Il libro rivelazione",Pienogiorno,≤100
814905568604078,ytali.com,ytali.com,≤100
160835213945443,ANC Salerno,Matteo Cuomo,≤100
290721534331298,Anna Ascani,Anna Ascani,≤100
206708532746370,Mara Bizzotto Pagina Ufficiale,Mara Bizzotto,≤100
150618724962388,Stefano Maullu,Stefano Maullu,≤100
109667708188369,Daniela Carli per La Spezia,Daniela Carli,≤100
1550989665152201,Fondazione Fossoli,Fondazione Fossoli,≤100
101401115049704,Roma Finanza,Vincenzo Franconiero,≤100
222403031687114,ArciAtea,ArciAtea APS,≤100
496204487084822,Antonello Aurigemma,Antonioaurigemma,≤100
114147990367032,Il secondo mestiere,Claudio Auria,≤100
264869596888019,Roberto Di Stefano,Roberto Di Stefano,≤100
374098735972573,Grafica Nappa,Grafica Nappa,≤100
19050847431,Terra,Terra!,≤100
496873810372627,Cittadini reattivi,Cittadini Reattivi APS,≤100
1676582112422226,Walter Zalukar,Walter Zalukar - Gruppo Misto Consiglio Regionale FVG,≤100
114344005243032,Chiara Colosimo,Chiara Colosimo,≤100
2233320866726559,Giulia Pastorella,Giulia Pastorella,≤100
698743116897167,Valeria Valente,Valeria Valente,≤100
675594109245764,Unisona,Unisona,≤100
101341869245338,Cataldo Baratta Fratelli d’Italia,Cataldo Baratta,≤100
448922805650836,Mabel Riolfo,Mabel Riolfo,≤100
343444682747487,Fondazione Asilo Mariuccia,Fondazione Asilo Mariuccia,≤100
57266165685,Agatino Giusti,Agatino Giusti,≤100
105296361571631,FGS srl,FGS srl,≤100
565903660254019,Giulia Tempesta,Giulia Tempesta,≤100
326480964397759,Antonio Lombardi,FEDERCEPICOSTRUZIONI,≤100
103002934764127,PON Legalità 2014-2020,PON Legalità 2014-2020,≤100
105636267811260,The Good in Town,The Good in Town,≤100
281191992492419,Massimiliano Maselli - FDI - Cons. Regione Lazio,Massimiliano Maselli,≤100
428689704565685,Luigi Maccaro,Luigi Maccaro,≤100
591249014329371,ClassiCult,ClassiCult,≤100
104956658838092,LiberAnagni,LiberAnagni,≤100
362460873844615,Alumni Politecnico di Milano,Alumni Politecnico di Milano,≤100
1487303214906884,Alberto Losacco,Alberto Losacco,≤100
109042261510620,Mirco Francioso,Francioso Mirco,≤100
238136239694133,Arcigay Palermo,Arcigay Palermo,≤100
165968498427823,Rete dei Comuni Sostenibili,Giovani Gostoli,≤100
1007973302727293,Teach For Italy,Teach For Italy,≤100
1176999669002221,Performer,Performer Srl,≤100
105765942097364,Sempre Lui - Il libro,Pienogiorno,≤100
48952279043,Andrea Mascaretti,Mascaretti Andrea,≤100
1247857098668597,Marco Galateo,Gruppo consiliare provinciale di Bolzano Fratelli d'Italia,≤100
31800331297,Gariwo - Foresta dei Giusti,Gariwo - Foresta dei Giusti,≤100
673109029772554,Marco Campomenosi,Marco Campomenosi,≤100
104048831252,Carlo Fidanza,Carlo Fidanza,≤100
109409244233102,L'Indipendente,L'Indipendente S.r.l.,≤100
186799161499691,Libraccio,D.M.B. S.r.l.,≤100
169101783890379,Fondazione Carolina,Fondazione Carolina,≤100
248758218623743,Next Nuova Economia per Tutti,NEXT - NUOVA ECONOMIA PER TUTTI,≤100
989994437684845,Daniela Di Bari,Giuseppe Casamassima,≤100
208046335427,Coop Alleanza 3.0,DGMP di Montevecchi N & C snc,≤100
106609584287802,Facta,Facta,≤100
248612615697451,Enoch Soranzo,Enoch Soranzo,≤100
112995657150811,Ecologica,Gianfranco Mascia,≤100
286934764814261,Legalizziamo,Associazione Luca Coscioni,≤100
105137288606752,Vincenza Palmieri Ambasciatrice per i Diritti Umani,Palmieri Maria Vincenza,≤100
512282875616533,Comitato Ventotene,Comitato Ventotene,≤100
360133591158746,zeroCO2,zeroCO2 SB SRL,≤100
1509286779364560,Italia non profit,Italia non profit,≤100
122583699917,Minimo Impatto,minimo impatto,≤100
1727514660628641,Roberto Cataldi,Roberto Cataldi,≤100
162764457111560,Dynamo Camp,Fondazione Dynamo Camp Onlus,≤100
741432559225902,Demetrio Piccini autore di fumetti,Demetrio Piccini,≤100
109857277095278,Jonatan Montanariello,Jonatan Montanariello,≤100
102177272679899,Monica Mazzoleni,Monica Mazzoleni,≤100
190766780967976,Geopolitica.info,Geopolitica.info,≤100
500030287045109,Michela Califano,Michela Califano,≤100
101448858960859,Gamma,Gamma,≤100
1827883270791776,lavorareascuola.it,Scuola Web Italia,≤100
105655754112279,Aon Italia,Aon Italia,≤100
137210956310640,Melting Pot Europa,Melting Pot Europa,≤100
922737261081955,Elisa Montemagni,Elisa Montemagni,≤100
101207809253408,New Era - Increase your performance,New Era,≤100
33481833782,Fa' la cosa giusta!,Cart'armata edizioni srl,≤100
166027216814695,Firriato,Firriato Winery,≤100
25054822553,Mondadori,These ads ran without a disclaimer,≤100
916307621787435,AMA - Accademia Mediterranea dell'Attore,These ads ran without a disclaimer,≤100
1403779849925484,Enzo Maraio,Enzo Maraio,≤100
1181670365223505,Costa Crociere Foundation,Costa Crociere Foundation,≤100
1494770570823635,Pippi Mellone Sindaco,"Pippi Mellone, Sindaco del Comune di Nardò",≤100
104752187601435,donne.it,donne.it,≤100
153583251338463,a&o Hostels,These ads ran without a disclaimer,≤100
104433631844846,Rosario Scandurra - Candidato Sindaco Valverde,Rosario Scandurra,≤100
305554879959325,Centro Italicum,centro culturale italicum,≤100
928073553889078,CitizenGO Italia,Matteo Fraioli,≤100
223175114447090,Sant'Egidio,Sant'Egidio,≤100
1975939216057184,Alvearia.net,Alvearia.net,≤100
111058465166975,Sinistra Italiana Genova,Sinistra Italiana Genova,≤100
114315297145171,Benessere Tisane di Zahara,These ads ran without a disclaimer,≤100
102776504903590,Claudio Parroccini,Parroccini Claudio,≤100
360415704883966,Prevenzione e Sanità Pubblica,Improve Communications,≤100
2006958696239686,Emanuela Del Re,Emanuela C. Del Re,≤100
156571947736127,Scuole in Rete per un Mondo di Solidarietà e Pace,Amici delle Scuole in Rete,≤100
352426935234383,Anna Laura Orrico,Anna Laura Orrico,≤100
407066069720164,We Wealth,Voices of Wealth S.r.l.,≤100
1313591018780606,Alan Canestrari - Assessore Comune di Senigallia,Alan,≤100
115134557849527,Valerio Biondi Consigliere Comunale Movimento 5 Stelle di Civita Castellana,Valerio Biondi,≤100
1382868132042683,Massimiliano Romeo,Massimiliano Romeo,≤100
108770011256563,XtraCult,XtraCult,≤100
104891121410035,eXL magazine,iDNA,≤100
204724029665288,Enegan - Luce e Gas,Enegan S.p.A.,≤100
113370130305928,Il Venerdì Libertario,Salvatore Francesco Caggese,≤100
263368177127232,Le Nius,Le Nius,≤100
167192463921273,Antonio Zennaro,Antonio Zennaro,≤100
181446015358247,ACRA,ACRA,≤100
472230402834813,Marco Meloro,Marco Meloro,≤100
1440383032939789,Antonio Palermo - Sindaco di Mendicino,Antonio Palermo,≤100
81698998693,Maurizio Lupi,Maurizio Lupi,≤100
830537113748734,BeGov - Associazione per la P.A.,BeGov - Associazione per la P.A.,≤100
532356256845059,Opes Italia,These ads ran without a disclaimer,≤100
1198302750251842,The Vision,The Vision,≤100
665319770567390,ISAAC antisismica,These ads ran without a disclaimer,≤100
114641895262640,Natural Code,Natural Code,≤100
537369456719694,Jane Lepori,Jane Lepori,≤100
1962932583848151,Uilm Nazionale,Uilm Nazionale,≤100
1970794093190456,Helios Arte e Cultura,Club Ausonia,≤100
67527694280,Arché,Arché,≤100
113773973716954,L'Adige di Verona,Fantasia Edutainment Srls,≤100
335126483234062,Maurizio Acerbo,Maurizio Acerbo,≤100
160297837351805,CGT Caterpillar,CGT S.p.A.,≤100
129078800535,Rinnovabili.it,Rinnovabili.it,≤100
678908455899403,Olimpia Troili,Olimpia Troili,≤100
102045102578153,Gruppo Robin,Comitato Robin,≤100
1776956162430608,L'Indispensabile - movimento rivoluzionario,Associazione Darsi Pace,≤100
1468582010125799,Leonardo Cecchi,Leonardo Cecchi,≤100
101012076137041,10 minuti.tv,Antonio Del Furbo,≤100
217810366941,Left,Left,≤100
108059111628543,Ada Lopreiato,Ada Lopreiato,≤100
2076186002612788,Forum Disuguaglianze Diversità,Forum Disuguaglianze Diversità,≤100
561524007557264,Tiziana Drago,Tiziana Carmela Rosaria Drago,≤100
104260031292530,Marcello Carli,Marcello Carli,≤100
102359048599710,Sostenabitaly,SOSTENABITALY,≤100
416298118974482,Vito Etna,Vito Etna,≤100
1525276264261539,Manfredi Potenti,Manfredi Potenti,≤100
106769777463191,Michele Fioroni,Michele Fioroni,≤100
628759500600888,Associazione Stalin,Paolo Pioppi,≤100
110144077841975,Salvatore Colacicco,Salvatore Colacicco,≤100
1551821181603037,"La Salute: un bene da difendere, un diritto da promuovere","La Salute: un bene da difendere, un diritto da promuovere",≤100
352187308292636,Mezzopieno,Mezzopieno,≤100
2444440952252936,Daniele Maura  Fratelli d'Italia,Daniele Maura,≤100
1623129891325124,Italia in Classe A,ENEA,≤100
111266561682774,Le Nostre Stelle,Antonino Annino,≤100
104800568170989,Chora Media,These ads ran without a disclaimer,≤100
1420012461585538,Assidai - Fondo di Assistenza Sanitaria per il tuo benessere,Assidai,≤100
2162934993958021,Associazione Altero Matteoli,Associazione Altero Matteoli,≤100
619956731519414,Marco Grimaldi - Alleanza Verdi Sinistra,Marco Grimaldi,≤100
422043331737607,Fabrizio Gherardi,Fabrizio Gherardi,≤100
102422942264260,Noi Liberi,NOI LIBERI,≤100
211245286496384,Vincenzo Riontino,Vincenzo Riontino,≤100
2064135507163963,storielibere.fm,storielibere.fm,≤100
1151916921518164,SatiLeaks,Gianfranco Colella,≤100
155869317820754,Il Commercialista - la tribù dei Commercialisti,Il Commercialista - la tribù dei Commercialisti,≤100
176210685871751,Arcs Culture Solidali,Arcs Culture Solidali,≤100
560791640621377,Daniele Diaco,Daniele Diaco,≤100
566863826747589,Cgil Venezia,Cgil Venezia,≤100
1637778729816876,Nagorà Laboratorio di Idee,Nagorà Laboratorio di idee,≤100
526901760669684,Partito Animalista Europeo,Partito Animalista Europeo,≤100
244955126364768,Controcultura: Spazio aperto Be.Brecht,Controcultura: Spazio aperto Be.Brecht,≤100
102357095763264,CandidatoPolitico.it,CandidatoPolitico.it,≤100
1652938831701959,"Carlo Tansi, la voce scomoda della Calabria",Carlo Tansi,≤100
125635380862838,Io Bevo,General Beverage,≤100
104570204462760,L'Informatore,Informatore,≤100
608375839515998,Avvocato Luca Favini - Studio Legale Ghedini Favini,Luca Favini,≤100
104555644443795,Dipende da Noi,Paola Maria Petrucci,≤100
116215202125086,Fabrizio De Pasquale,Fabrizio De Pasquale,≤100
617528441978708,Baracca 2 - la vendemmia,Federico Bason,≤100
556571591070176,Ford Ferri,Ford Ferri,≤100
108802175280768,Giovanni Gostoli,Giovani Gostoli,≤100
184701519023784,Econyl brand,These ads ran without a disclaimer,≤100
206632452732349,Rete L'Abuso,Francesco Zanardi,≤100
292002550983340,UAE Delegazione Campania,These ads ran without a disclaimer,≤100
331372771010,Festival della Mente,Festival della Mente,≤100
533873370084592,Il Liberale Qualunque,Francesco Chiarenza,≤100
356102944825132,Antonio Cascone,Antonio Cascone,≤100
337872406314816,Süd-Tiroler Freiheit,Süd-Tiroler Freiheit,≤100
107474840984143,"Enrico Berlinguer, gli ultimi giorni. Eppure il vento soffia ancora",Carlo Covino,≤100
269909651698,Istituto Oikos Onlus,Istituto Oikos Onlus,≤100
304147439715179,Maria Edera Spadoni,These ads ran without a disclaimer,≤100
328283157814676,ViviAmo Terrassa,Iacopo Biasin,≤100
2005956219619112,Ronchieri Giovanbattista - Assessore del Comune di Massa,These ads ran without a disclaimer,≤100
184254958392262,Avenida,These ads ran without a disclaimer,≤100
62469612018,Partito della Rifondazione Comunista,Partito della Rifondazione Comunista,≤100
485290418240956,ROCKWOOL,These ads ran without a disclaimer,≤100
563861997055351,Giorgia Latini,Giorgia Latini,≤100
293256813551,CasaFacile,Casa Facile,≤100
103151711785728,Grazia Di Maggio,Grazia Maria Benedetta Di Maggio,≤100
179644008773116,Comune di Castel Maggiore,Comune di Castel Maggiore,≤100
569863519700929,Barbara Zilli,Barbara Zilli,≤100
109409244233102,L'Indipendente,DV NETWORK SRL,≤100
351529958905179,Umberto Presutti Gallinella,Umberto Pasquale Alessio Presutti Gallinella,≤100
197736354140326,Angelo Orsenigo,Angelo Orsenigo,≤100
159192554552724,Vasilika Moon - Onlus,La luna di Vasilika ONLUS,≤100
2316890521929790,Per Cambiare L'Ordine delle Cose - Forum nazionale,These ads ran without a disclaimer,≤100
229483187248340,Automazione Industriale Ferrazza,Ferrazza S.r.l.,≤100
2064954427096620,Soumaila Diawara,These ads ran without a disclaimer,≤100
177990150967421,𝕃𝕒ᴠᴇʀɪᴛᴀ̀𝕕𝕚 𝕊𝕒𝕟𝔾𝕚𝕠𝕣𝕘𝕚𝕠 di Pietro L'Erario,Pietro L'Erario,≤100
105697815298,Andrea Zanoni,Andrea Zanoni,≤100
110138758306232,Civiltà Italiana,Civiltà Italiana,≤100
195326237145660,Consiglieri regionali PD Toscana,Consiglieri regionali PD Toscana,≤100
178808252718288,Dipartimento di Scienze e Politiche Ambientali - UNIMI,MB srl,≤100
127104351269409,Roberto Anelli,Roberto Anelli,≤100
633645229995232,Una città in comune,Francesco Tognarini,≤100
1341434042628646,Riccardo Zucconi,Riccardo Zucconi,≤100
151101408308636,Marcopolo Environmental Group,These ads ran without a disclaimer,≤100
105455877499515,Andrea Fora,Andrea Fora,≤100
106983654061295,Simone Bartoli,Simone Bartoli,≤100
229114191886,Lorenzo Vignali,Lorenzo Vignali,≤100
305098949676679,Comincenter,Comincenter,≤100
103703844791841,Vincenzo Calce,Vincenzo Calce,≤100
104578154630928,BIC Incubatori FVG,BIC INCUBATORI S.R.L.,≤100
126210297412918,Vaccarezza In Regione,Angelo Vaccarezza,≤100
402677536461567,AllMatters,These ads ran without a disclaimer,≤100
117213200277268,Muzio Annalisa,Annalisa Muzio,≤100
1689166371310786,Gianni Pastorino,Giovanni Battista Pastorino,≤100
106574208678030,Net Zero Digital,These ads ran without a disclaimer,≤100
101292282101391,Autotecnica Antoniazzi,These ads ran without a disclaimer,≤100
1196196390526965,Facebook Surveys,These ads ran without a disclaimer,≤100
123698491019029,Lombard Odier Group,These ads ran without a disclaimer,≤100
102964415425654,michael.caci,These ads ran without a disclaimer,≤100