﻿Page ID,Page name,Disclaimer,Amount spent (USD)
225385184188101,ქართული ოცნება / Georgian Dream,ქართული ოცნება / Georgian Dream,≤100
373058439451905,Irakli Garibashvili,Irakli Garibashvili,≤100
182742568494417,შინაგან საქმეთა სამინისტრო / Ministry of Internal Affairs of Georgia,Ministry Of Internal Affairs,≤100
2167628580128133,ირაკლი კობახიძე / Irakli Kobakhidze,Georgian Dream,≤100
1709314685984193,სტრატეგია აღმაშენებელი • Strategy Aghmashenebeli,სტრატეგია აღმაშენებელი • Strategy Aghmashenebeli,≤100
651534988375338,POSTV - ანალიტიკა,POSTV LLC,≤100
194165114388891,ევროპული საქართველო • European Georgia,ევროპული საქართველო,≤100
109164915167619,შინ ევროპისკენ • Home to Europe,შინ ევროპისკენ • Home to Europe,≤100
353943391364252,TV Imedi,TV Imedi,≤100
179300065451916,საქართველოს იუსტიციის სამინისტრო,საქართველოს იუსტიციის სამინისტრო,≤100
285690758154568,გარემოს დაცვისა და სოფლის მეურნეობის სამინისტრო,გარემოს დაცვისა და სოფლის მეურნეობის სამინისტრო,≤100
1037692123012971,კახა ოქრიაშვილი / Kakha Okriashvili,კახა ოქრიაშვილი / Kakha Okriashvili,≤100
107212234052832,მედიაკრიტიკა / Mediacritic,მედიაკრიტიკა / Mediacritic,≤100
766565596708923,ალექსანდრე ელისაშვილი / Alexander Elisashvili,ალეკო ელისაშვილი - მოქალაქეები,≤100
285100957669,საქართველოს ცენტრალური საარჩევნო კომისია / CEC of Georgia,Election Administration of Georgia,≤100
101675728268164,დამუხტე,დამუხტე,≤100
1746063075610569,საფარი • Sapari,Union Sapari,≤100
179119122157809,Pia.ge - ახალი ამბები,Pia.ge - ახალი ამბები,≤100
114735666574826,Formula • ფორმულა,TV Formula,≤100
204459169625213,Palitra L Publishing • გამომცემლობა პალიტრა L,Palitra L Publishing • გამომცემლობა პალიტრა L,≤100
113991509974808,მამუკა ხაზარაძე Mamuka Khazaradze,მამუკა ხაზარაძე Mamuka Khazaradze,≤100
749989348701035,ეს ქვეყანა შენია • This country is yours,Civil Society Institute,≤100
105294965729965,საქართველო უპირველეს ყოვლისა  • Georgia First,Georgia First,≤100
467242696954558,POSTV,POSTV,≤100
102634668592847,გიორგი ამილახვარი / Giorgi Amilakhvari,გიორგი ამილახვარი / Giorgi Amilakhvari,≤100
114191964091743,"საქართველოს კულტურის, სპორტისა და ახალგაზრდობის სამინისტრო",სიმონა ცალანი,≤100
106876831752797,Information Integrity Coalition • კოალიცია ინფორმაციის სანდოობისთვის,Zinc Network,≤100
1152104411502228,ნინო წილოსანი • Nino Tsilosani,Nino Tsilosani,≤100
107692938260573,არქივი - Archive,არქივი - Archive,≤100
108652531483661,ქართული ოცნება ჩემი არჩევანია,ქართული ოცნება ჩემი არჩევანია,≤100
1031485756902883,გირჩი • Girchi,გირჩი • Girchi,≤100
137044499682910,საბჭოთა წარსულის კვლევის ლაბორატორია Soviet Past Research Laboratory,საბჭოთა წარსულის კვლევის ლაბორატორია Soviet Past Research Laboratory,≤100
177657096172822,სირცხვილია • Shame Movement,სირცხვილია • Shame Movement,≤100
252682171418486,აღსრულების ეროვნული ბიურო,აღსრულების ეროვნული ბიურო,≤100
1886767171598724,ფლანგვის დეტექტორი,ფლანგვის დეტექტორი,≤100
536906143912475,RealPolitika • რეალპოლიტიკა,Gmc • მმართველობის მონიტორინგის ცენტრი,≤100
109261804792205,გიორგი კალანდარიშვილი - Giorgi Kalandarishvili,საქართველოს ცენტრალური საარჩევნო კომისია / CEC of Georgia,≤100
1436499703296575,მითების დეტექტორი,მითების დეტექტორი,≤100
103965262533554,არ აგარევინებთ,არ აგარევინებთ,≤100
497425910290053,სოციალური სამართლიანობის ცენტრი• Social Justice Center,Emc • ადამიანის უფლებების სწავლებისა და მონიტორინგის ცენტრი,≤100
105132801907394,საქართველოს ხმა,საქართველოს ხმა,≤100
103269208894167,რეფორმებისა და კვლევის ჯგუფი/ The Reforms and Research Group,The Reforms and research group,≤100
107709478476649,თამარ ჩერგოლეიშვილი / Tamar Chergoleishvili,European Georgia,≤100
102689205025480,ქეთი თურაზაშვილი - Keti Turazashvili,ალეკო ელისაშვილი - მოქალაქეები,≤100
107034578358462,პოლიტიკური სატირა / Political Satire,პოლიტიკური სატირა / Political Satire,≤100
1159313984168136,europop,Popsport,≤100
133052760057128,Tabula - ტაბულა,Tabula - ტაბულა,≤100
414248619353564,საქართველოს დაბადება,გირჩი • Girchi,≤100
471759786227198,Factcheck.ge,Factcheck.ge,≤100
1057076117677093,NEWS.On.ge,On.ge,≤100
112698110523947,7- მოქალაქეები/Citizens,ალეკო ელისაშვილი - მოქალაქეები,≤100
147881438604435,გიორგი კეკელიძე • Giorgi Kekelidze,Kekelidze,≤100
124485667654878,Kakha Kaladze კახა კალაძე,Kakha Kaladze კახა კალაძე,≤100
106059902195415,CourtWatch.ge - იყავი ინფორმირებული სასამართლოზე,Georgian Court Watch,≤100
195600981002208,გიორგი მელაშვილი / George Melashvili,Europe-Georgia Institute,≤100
101567864590599,კვლევითი ინსტიტუტი Gnomon Wise,Gnomon Wise,≤100
105436974713096,Lasha Kvlividze,Lasha Kvlividze,≤100
158714780827513,UNFPA,These ads ran without a disclaimer,≤100
113901298627389,სალომე ზურაბიშვილი / Salome Zourabichvili,სალომე ზურაბიშვილი,≤100
116773911394047,Guide to Economic Reforms • გზამკვლევი ეკონომიკურ რეფორმებში,Business Media Corporation,≤100