﻿Page ID,Page name,Disclaimer,Amount spent (ARS)
327490147360219,Martín Berhongaray,Martín Berhongaray,107015
1688491141369349,Gobierno de la Provincia de La Pampa,Gobierno de la Pampa,10032
174970176018,Horacio Rodríguez Larreta,PRO Ciudad de Buenos Aires,8905
429298067264790,Sergio Ziliotto,Partido Justicialista Distrito La Pampa,6392
130929705668,Municipalidad de Córdoba,Municipalidad de Córdoba,6030
168941069944763,Martin Maquieyra,Pro La Pampa,5358
105960568377813,Ministerio de Producción La Pampa,Ministerio de Producción de La Pampa,4289
101302041450958,Secretaría Energía y Minería La Pampa,Secretaría de Energía y Minería de La Pampa,3689
1832390087053498,Colo Roitman,Colo Roitman,3154
413965255639712,Martin Ardohain,PRO La Pampa,2651
104549218292037,Urgente Hoy,Urgente Hoy,2412
348209942315439,La Pampa 24,La Pampa 24,2322
100198331521581,Agencia Provincial de Noticias La Pampa,APN La Pampa,2304
103944978682114,Lado B Noticias,Lado B Noticias,2247
108747171494977,Ambiente La Pampa,Subsecretaria de Ambiente de La Pampa,2008
660416864150494,Obras La Pampa,Obras La Pampa,1656
101185972235145,PJ La Pampa,Partido Justicialista La Pampa,1636
256387424757136,"Ministerio de Gobierno, Justicia y Derechos Humanos de La Pampa","Ministerio de Gobierno, Justicia y Derechos Humanos de La Pampa",1432
947697181983026,Ministerio De Salud La Pampa,Ministerio De Salud La Pampa,1346
1702915199965134,Agencia Pais,Agencia Pais,1101
100804091452223,Ministerio de Conectividad y Modernización de La Pampa,Ministerio de Conectividad y Modernización de La Pampa,981
301506776559902,Gobierno de Córdoba,Gobierno de Córdoba,898
1724549447807950,Ministerio de Desarrollo Social de La Pampa,Ministerio de Desarrollo Social de La Pampa,835
1033484550055433,Ministerio de Seguridad,Ministerio de Seguridad de La Pampa,461
100406702411838,Juntos por el Cambio - Toay,Juntos por el Cambio - Toay,337
367089004808,Amnistía Internacional Argentina,Amnistía Internacional Argentina,321
1694291254179192,Guillermo Coppo,Guillermo Coppo,256
583422291843351,Municipalidad General Acha,Agustin Cruz Berhau,194
101996084777901,Mariela Belski,Mariela Belski,148
87545580838,C5N,C5N,126
109280513954027,Concejal Pablo Pera Ibarguren,Diego Camargo,106
137071079685429,Secretaría de Turismo Villa Gesell,Secretaria de Turismo de Villa Gesell,103
108679841853325,Contame Más,Contame Más,≤100
107862828349752,Tiempo de Córdoba,Tiempo de Córdoba,≤100
108335134881351,Política Hoy,Política Hoy,≤100
304176325478,La Política Online,La Política Online,≤100
335926266503071,7D,7D,≤100
106592485081222,A Diario Amanecer Informado,A Diario Amanecer Informado,≤100
1056002771173995,José Luis Berros,Jose Luis Berros,≤100
139485256213513,radiokermes.com 106.1,Juan Pablo Gavazza,≤100
125183747539071,Noticias Argentinas,Noticias Argentinas,≤100
628498977777284,El Continental,Periodico El Continental,≤100
105455288953338,Esto es Boca,Esto es Boca,≤100
452525851510103,Nicolás del Caño,Frente de Izquierda,≤100
102187456039094,Enterate Ya,Enterate Ya!,≤100
175844725888213,Alejandro Bodart,MST Movimiento Socialista de los Trabajadores,≤100
699758330894365,Actualidad Argentina,Actualidad Argentina,≤100
104147274759706,Periodismo de Izquierda,Periodismo de Izquierda,≤100
796480967084066,Cele Fierro,MST Movimiento Socialista de los Trabajadores,≤100
544640985878621,Argentinos Online,Argentinos Online,≤100
111064391804839,Argentina Productiva,Argentina Productiva,≤100
273175230630,CAME - Confederación Argentina de la Mediana Empresa,CAME - Confederación Argentina de la Mediana Empresa,≤100
105493327767840,Newsweek Argentina,Newsweek Argentina,≤100
857382087671921,Maxi Abad,radicalesorg,≤100
130103709495,Chino Navarro,Fernando Navarro,≤100
126812307650460,Hernan Reyes,Hernan Reyes,≤100
148770319024809,Juan Pablo Godoy Vélez,Juan Pablo Godoy Velez,≤100
104455719146837,El Meridiano,El Meridiano Noticias,≤100
111669735076988,Hora Cero,Hora Cero Noticias,≤100
102670562720030,Asociación de Periodistas,Cele Roig,≤100
1465312150186084,Argentinos por la Educación,Argentinos por la Educación,≤100
102304752512962,Libres del Sur Ensenada,Movimiento Libres Del Sur,≤100
103553635446983,Plan B Misiones,Martin Boerr,≤100
259700217384725,Le Monde diplomatique - Edición Cono Sur,Capital Intelectual S.A.,≤100
145806262649419,Fer Miño,Patria de Todos,≤100
103163212414881,Néstor Fiser,Dahyana Natali Terrier,≤100
1541428379519312,Luciano Demarco,Luciano Demarco,≤100
810080482399261,Striptease del Poder,Francisco Javier Llorens,≤100
1405120706440456,Conclusión,Diario Conclusión,≤100
102570774863673,LOBBY,LOBBYEscuela,≤100
158132310876894,Nicolás Suárez Colman,Nicolas Andrés Suarez Colman,≤100
1781680292066092,Matías Fernández,Matías Fernández,≤100
113384436026702,Caren Tepp,Ciudad Futura,≤100
103210325515576,Pablo Mamet,quierotw.ar,≤100
496728270512125,Nuevos Papeles,Nuevos Papeles,≤100
705172499580470,Gustavo Martinez,Gustavo Martinez,≤100
544986472243896,Data Diario,Data Diario,≤100
109287948479430,Diario 9️⃣,diario 9,≤100
112090455034177,El Portavoz Oficial,El Portavoz,≤100
202225953152762,Yomeanimo,These ads ran without a disclaimer,≤100
233734300112003,Juan Monteverde,Ciudad Futura,≤100
1515080865176797,Barbara Drake,Barbara Drake,≤100
178919202140944,Francisco Quintana,Francisco Quintana,≤100
565548733496177,Álvaro González,Alvaro Gonzalez,≤100
1144710688890787,Municipio de Tandil ADN,Municipio de Tandil ADN,≤100
103088924366000,Noticias d,Noticias d,≤100
1187338514630380,El rincón de Cris,Elizabeth Belen Acevedo,≤100
643513979193133,Unidos por Beatriz,Neuma,≤100
101961091604984,ARGMedios,arg medios,≤100
107631983989726,Argentina Federal,Argentina Federal,≤100
886667964679142,Fabián Gramajo,Fabián Gramajo,≤100
795202843959456,El Disenso,El Disenso,≤100
113923401326706,El país ya,El país ya,≤100
102531515432792,Espacio Audiovisual Nacional,DAC - Directores Argentinos Cinbematográficos,≤100
218683311587619,Jorge Alberto Giorno,Jorge Alberto Giorno,≤100
105248585666200,Carlos Piedrabuena,Carlos Eduardo Piedrabuena,≤100
428179387610545,Agenda Malvinas,Marco Federico Correa,≤100
109447250584054,Data Gremial,Data Gremial,≤100
378225769015907,Fundación Embajada Abierta,Fundación Embajada Abierta,≤100
107796462136638,La República Noticias,La República Noticias,≤100
154150058623611,Izquierda Web Noticias,Izquierda Web,≤100
1439672939588656,Arto Kalciyan,Leonardo Gabriel Forgia,≤100
118736245504093,TOTI  Intendente,TOTI  Intendente,≤100
807113569309561,Miguel Siciliano,Miguel Angel Siciliano,≤100
1671287342890703,"María ""Petu""  Argañaraz","María ""Petu""  Argañaraz",≤100
100932749306130,Noticias Andinas,Noticias Andinas,≤100
1575553356099879,Soher El Sukaria,Fundación Hacer Córdoba,≤100
104733589113258,La Gaceta Nacional,La Gaceta Nacional,≤100
106716278920168,Noticias Argentinas,Noticias Argentinas Web,≤100
469187843278784,Claudio Frangul,Claudio Frangul,≤100
330342144337641,Activistas Independientes,Matías Ezequiel Figueroa,≤100
105434454484182,Difusión de Prensa Argentina,Difusión de Prensa Argentina,≤100
110276628358382,El Autónomo,El Autónomo,≤100
428179387610545,Agenda Malvinas,Agenda Malvinas,≤100
967512253279966,Martin Medrano,Martin Medrano,≤100
177720598950247,La Ciudad Desnuda,Juan Esteban Scoufalos,≤100
112750202393508,Punta Querandí,Punta Querandí,≤100
134557130216408,Jorge Jofré,Jorge Jofre,≤100
101594852755793,El Bonaerense,El Bonaerense,≤100
110458734839453,Guerra Civil Española en Buenos Aires,These ads ran without a disclaimer,≤100
1416842698618490,Sofía Brambilla,Sofia Brambilla,≤100
108735120874242,Andrés Melis,Andres Melis,≤100
800128340385834,De La Matanza Como Vos,Franco Rafael Lamboglia,≤100
362204533804292,Municipio de Río Grande,Municipio de Río Grande,≤100
292129440851133,CropLife Latin America,These ads ran without a disclaimer,≤100
499141756879767,Federico Achával,De Tu Lado Siempre,≤100
441932999309507,Gabriel Real Diputado,Franco Nazareno Vitterbo,≤100
102534516011045,La Gloria Noticias,La Gloria Noticias,≤100
1045742742140641,ENREDACCIÓN,Ruben Fabián Garcia,≤100
1656878081252465,David Mizrahi,David Fernando Mizrahi,≤100
111199608456370,unaraizfina,These ads ran without a disclaimer,≤100
1215954961915796,RumiNews España,These ads ran without a disclaimer,≤100
154439464641434,"Alacero, Asociación Latinoamericana del Acero",These ads ran without a disclaimer,≤100
285530825204,Klitschko,These ads ran without a disclaimer,≤100
149940008355432,CRV International,These ads ran without a disclaimer,≤100
105075735813426,David Bravo Intendente 2023,These ads ran without a disclaimer,≤100
113154904968139,last_legendd,These ads ran without a disclaimer,≤100