﻿Page ID,Page name,Disclaimer,Amount spent (USD)
108087198273009,جمعية اهل الكويت لحقوق المبعدين,جمعية اهل الكويت لحقوق المبعدين,≤100
104886081432069,حركة البشائر الشبابية,حركة البشائر الشبابية,≤100
105097522488856,عمار الحمداني,Hajar Al Musk Company,≤100
110855024479814,حسن قاسم الخفاجي,حسن قاسم الخفاجي,≤100
107461271287114,ملتقى البشائر,ملتقى البشائر,≤100
100259398925618,نهال الشمري Nihal Alshammari,نهال الشمري Nihal Alshammari,≤100
105475888301408,وسام محمد Wesam Mohamed,وسام محمد Wesam Mohamed,≤100
107350002200364,فريق الجهد الخدمي والهندسي,فريق الجهد الخدمي والهندسي,≤100
102041188584795,صوت العراقيين الاحرار 2,These ads ran without a disclaimer,≤100
110452055224657,احنه بخدمتكم,احنه بخدمتكم,≤100
108058605358180,قناة الاولى العراقية - Alawla TV,قناة الاولى العراقية - Alawla TV,≤100
1346026248834683,مهرجان بابل للثقافات والفنون العالمية,مهرجان بابل للثقافات والفنون العالمية,≤100
104081694467489,ريان الكلداني Rian Chaldean,ريان الكلداني Rian Chaldean,≤100
100474832918847,الشيخ ابراهيم الدليمي,الشيخ ابراهيم الدليمي,≤100
112948751821206,طريق التنمية,طريق التنمية,≤100
100790616417850,أساس ميديا عراق - Asas Media Iraq,Asas Media,≤100
503530246416243,النائب احمد المشهداني,النائب احمد المشهداني,≤100
105897702562096,تجمع من أجل الديمقراطية,iDigi marketing,≤100
2003953506544982,ائتلاف النصر,Al-Nasar,≤100
100091546885305,فرات ظاهر السعد,These ads ran without a disclaimer,≤100
112713415128284,على خطاكم,على خطاكم,≤100
754878457919560,النائب عادل خميس المحلاوي,النائب عادل خميس المحلاوي,≤100
121598610877183,عزالدين العلي سليمان,عزالدين العلي سليمان,≤100
407001929890342,الاعلامي بهاء المستشار,الاعلامي بهاء المستشار,≤100
399110903587431,دژه تیرۆری کوردستان Kurdistan CT,دژه تیرۆری کوردستان Kurdistan CT,≤100
106882150782236,CTG Kurdistan,CTG Kurdistan,≤100
671428679961042,نهضة الأنبار,نهضة الأنبار,≤100
102310714635446,احمد الذواق,احمد الذواق,≤100
618738851849477,الشيخ محمد سعدون الصيهود,الشيخ محمد سعدون الصيهود,≤100
110666778648167,دولة تقدم,دولة تقدم,≤100
114491311536369,Mil-ميل,Mil-ميل,≤100
113497391782519,مكان نيوز,مكان نيوز,≤100
108073001676806,مقراب الشرق,مقراب الشرق,≤100
102634376208337,عين الحكومة,freetimecompany,≤100
109447781346241,النائب ياسر المالكي,النائب ياسر المالكي,≤100
267078350122003,الدكتور ماجد شنكالي,الدكتور ماجد شنكالي,≤100
152131781906555,وزارة النفط العراقية,وزارة النفط العراقية,≤100
105794599032017,شوية ملح,شوية ملح,≤100
105697295699748,واحد رئاسة,واحد رئاسة,≤100
102269962463238,بلوتوَ,These ads ran without a disclaimer,≤100
100948124964887,Fahmi Burhan  فەهمی بورهان,Fahmi Burhan  فەهمی بورهان,≤100
103369259345423,المجلس الاعلى الاسلامي العراقي,المجلس الاعلى الاسلامي العراقي,≤100
111032712042187,إمارة دليم في العراق والوطن العربي,iDigi Marketing,≤100
1816623088651940,مشرق الفريجي,مشرق الفريجي,≤100
108749495605331,بوابة بغداد الان - Baghdad Gate now,iDigi Marketing,≤100
110793645399422,العراق الجديد - New lraq,iDigi Marketing,≤100
102972181270368,رئيس مسلفن,رئيس مسلفن,≤100
102581416014304,واحد حكومة,واحد حكومة,≤100
170375086953470,صالح الحسناويّ :: Salih Al hasnawi,صالح الحسناويّ :: Salih Al hasnawi,≤100
687959731300822,كلمات نيوز,كلمات نيوز,≤100
103399708028308,احمد الركابي,احمد الركابي,≤100
101102885457535,جهينة - Juhaina,جهينة - Juhaina,≤100
1166989303378658,K24+,K24,≤100
1710947889173929,محمد جميل المياحي,محمد جميل المياحي,≤100
113841718425215,صدى الأنبار الإخبارية,These ads ran without a disclaimer,≤100
121598610877183,عزالدين العلي سليمان,These ads ran without a disclaimer,≤100
113841718425215,صدى الأنبار الإخبارية,iDigi Marketing,≤100
418944648163190,باقر جبر الزبيدي,باقر جبر الزبيدي,≤100
103339376118761,إئتلاف دولة القانون/ حركة حدود,إئتلاف دولة القانون/ حركة حدود,≤100
219835658350035,وزارة الزراعة العراقية,وزارة الزراعة العراقية,≤100
467222586811080,شێخەی مەمەند ئاغای ھەمەوەند,شێخەی مەمەند ئاغای ھەمەوەند,≤100
100514884851258,عاجل فقط,عاجل فقط,≤100
100927182865150,حكومة الخدمة,حكومة الخدمة,≤100
113467921643916,الدكتور مشعان الخزرجي,الدكتور مشعان الخزرجي,≤100
575392822639354,محبي الرئيس محمد الحلبوسي,محبي الرئيس محمد الحلبوسي,≤100
415565805306148,كوردستان نیوز Kurdistan News,كوردستان نیوز Kurdistan News,≤100
382364165660465,عادل فرج الحلبوسي,عادل فرج الحلبوسي,≤100
104153125957648,المنصة الرئاسية,المنصة الرئاسية,≤100
143435839066780,د.خالد شواني,Dashti Salam Saeed,≤100
102682039247529,الیقین,الیقین,≤100
280617905955101,تلفزيون الملوية Almalwiyaytv,تلفزيون الملوية Almalwiyaytv,≤100
109900771923337,المهندس عباس جبر العلي المالكي,المهندس عباس جبر العلي المالكي,≤100
111763060956749,قلم دولة القانون,قلم دولة القانون,≤100
103689842679535,واحد عمل,واحد عمل,≤100
108153498939891,Mohammed Abdulhammed,Mohammed Abdulhammed,≤100
109855073976416,المكتب الإعلامي لنائب الاول لرئيس مجلس النواب محسن المندلاوي,المكتب الإعلامي لنائب الاول لرئيس مجلس النواب محسن المندلاوي,≤100
105835761935325,حسين العوادي,حسين العوادي,≤100
113572453532430,عواجل عراقية,عواجل عراقية,≤100
100856945689354,Ayan Realestate - عقارات ايان,These ads ran without a disclaimer,≤100
109374408691931,بخدمتك,These ads ran without a disclaimer,≤100
537851572942101,المهندس رياض محسن العقابي,freetimecompany,≤100
186664002055025,المكتب الاعلامي للامين العام لحركة حسم للاصلاح,المكتب الاعلامي للامين العام لحركة حسم للاصلاح,≤100
107099748527093,أ.د. حامد يونس الزوبعي - وكيل وزارة النفط,أ.د. حامد يونس الزوبعي - وكيل وزارة النفط,≤100
1298625980153968,Tech 4 Peace التقنية من اجل السلام,Tech For Peace,≤100
430393733989512,عامر المرشدي,عامر المرشدي,≤100
711506772983323,Raz Press,Raz Press,≤100
102293958597480,حركة إنجاز,حركة إنجاز,≤100
104340502161086,الجمهورية الرابعة,JIBALLCO,≤100
107236997818471,1 News - وان نيوز,1 News - وان نيوز,≤100
105386931741233,احمد سالم عزيز,احمد سالم عزيز,≤100
101464488156447,محمد صالح -  Mohammed Salih,محمد صالح -  Mohammed Salih,≤100
108901438786484,حركة سومريون,حركة سومريون,≤100
100139883059878,د.فاطمة الزهراء نفعت الساعدي,These ads ran without a disclaimer,≤100
2769976743077006,دلسوزێت مەسرور بارزانى,دلسوزێت مەسرور بارزانى,≤100
101638199426926,ثابت محمد العباسي,ثابت محمد العباسي,≤100
100210256052830,Observer Iraq عراق اوبزيرفر,These ads ran without a disclaimer,≤100
115044954953221,نينوى,These ads ran without a disclaimer,≤100
486820705424112,سيروان روژبیاني Sirwan  Rozhbayani,سيروان روژبیاني Sirwan  Rozhbayani,≤100
102146479125411,مولو مو مو,مولو مو مو,≤100
276686282715100,وزارة العدل العراقية,وزارة العدل العراقية,≤100
451317918630856,جنود المسيح,These ads ran without a disclaimer,≤100
2200025410238656,مركز نداء الرافدين للبحوث والدراسات الإستراتيجية,مركز نداء الرافدين للبحوث والدراسات الإستراتيجية,≤100
1541794235911150,قره قوش بغديدا,These ads ran without a disclaimer,≤100
102475879366448,شبكة ليش .؟,These ads ran without a disclaimer,≤100
851899361610242,كتاب الميزان,كتاب الميزان,≤100
105595621237050,عبدالقادر الدخيل,عبدالقادر الدخيل,≤100
149721045092577,KirkukNow,KirkukNow Media Outlet,≤100
107500321741195,Smc مركز شعاع الإعلامي ـ,These ads ran without a disclaimer,≤100
115591005188475,Global Times,These ads ran without a disclaimer,≤100
110405084186278,Jabbar Mstafa,Jabbar Mstafa,≤100
147161912626120,شـيروان الدوبـرداني,شـيروان الدوبـرداني,≤100
411891885531368,کێشەی خەڵک,KX,≤100
1447878605441640,وزارة الدفاع العراقية,وزارة الدفاع العراقية,≤100
295663631027908,Barzani Headquarters بارەگای بارزانی,BarzaniHQ,≤100
106559872310653,بەشی تەکنیکی ژمـێریاری _Accounting Techniques Dept.,These ads ran without a disclaimer,≤100
106769595575705,كاطع ناصريه,كاطع ناصريه,≤100
117411464290585,Nabaz Abdulhamid,Nabaz Abdulhamid,≤100
368119983327926,العربي الجديد,These ads ran without a disclaimer,≤100
204803838632,Haider Al-Abadi,Haider Al-Abadi,≤100
100302065057431,الموصل نيوز,الموصل نيوز,≤100
611804712222267,الياس الحسيني Elias Alhusseini,الياس الحسيني Elias Alhusseini,≤100
388566237994155,كاطع ناصريه.بناء بيوت للايتام مواد غذائية ومنزلية وطبيب وغيرها,كاطع ناصريه.بناء بيوت للايتام مواد غذائية ومنزلية وطبيب وغيرها,≤100
111183655221163,Ari Nanakali - ئاری نانەکەلی,Ari Nanakali - ئاری نانەکەلی,≤100
103560309271906,کتلة الحزب الديمقراطي الكوردستاني في مجلس النواب العراقي,کتلة الحزب الديمقراطي الكوردستاني في مجلس النواب العراقي,≤100
492511684171110,الغد برس,الغد,≤100
113153977690492,Dr.Narmin Maruf د.نەرمین معروف,Dr.Narmin Maruf د.نەرمین معروف,≤100
1759874114075884,السيد صفوان بشير الجرجري,السيد صفوان بشير الجرجري,≤100
721595564641442,خان جغان,خان جغان,≤100
104738227873528,هيا بغداد - Haya Baghdad,هيا بغداد - Haya Baghdad,≤100
108161438940365,شركة الغسق الدولية للمقاولات العامة,شركة الغسق الدولية للمقاولات العامة,≤100
115033719858579,مشتەکۆڵە,mshtakolla,≤100
536916006441728,النائبة ناهدة الدايني,النائبة ناهدة الدايني,≤100
109895358486228,وزير عراقي,These ads ran without a disclaimer,≤100
108625789179165,Soi Dog Foundation,These ads ran without a disclaimer,≤100
103560758018367,بيبون,jmball,≤100
1434120716833949,Karim Shkur-ملاکریم,Karim Shkur-ملاکریم,≤100
108564302262290,واحد تقدم,واحد تقدم,≤100
626981910705310,بەڕێوەبەرایەتی گشتی چاودێری و گەشەپێدانی کۆمەڵایەتی-ھەولێر,بەڕێوەبەرایەتی گشتی چاودێری و گەشەپێدانی کۆمەڵایەتی-ھەولێر,≤100
395997657147730,صحيفة الشعب اليومية أونلاين بالعربية,These ads ran without a disclaimer,≤100
1951151558245122,Karwan Gaznay,Karwan Gaznay,≤100
101834821974169,Salar Sarhad Khalifa  سالار لالە سەرحەد,Salar Sarhad Khalifa  سالار لالە سەرحەد,≤100
113525311115265,DRAW عربية,Draw Media,≤100
1000222293436605,Fanack.com عربي,These ads ran without a disclaimer,≤100
668701066598159,مجلس حكماء المسلمين,These ads ran without a disclaimer,≤100
145136288859515,GQ South Africa,These ads ran without a disclaimer,≤100
273089522819834,24Media,These ads ran without a disclaimer,≤100