﻿Page ID,Page name,Disclaimer,Amount spent (KES)
123182861072147,Hon Musalia W Mudavadi,Michael Lulu Mudavadi,1735
107725671976672,Willis Evans Otieno,Willis Evans Otieno K'Ochieng,1218
1400771023469241,Anne Waiguru,Gacigi Njagi Gacigi,329
1834313933459789,BBC StoryWorks,These ads ran without a disclaimer,154
103408652150397,Hon. Mohamed Soud Machele,Ibrahim Aziz Omar,131
104694407605060,FAGE Limited,These ads ran without a disclaimer,125
204740833658478,Exness careers,These ads ran without a disclaimer,125
153063591397681,Amazon Web Services,These ads ran without a disclaimer,125
261969474347586,Kwetu News,Kwetu News,≤100
104278605094341,Motorists Association of Kenya,Peris Wambui Mugi,≤100
2118376161797721,Business Analytica Kenya,Peris Wambui Mugi,≤100
113349821122137,Johnny Art drawing,These ads ran without a disclaimer,≤100
100146899431342,Nairobi Leaks,Peris Wambui Mugi,≤100
101055482639910,Corridors of Power,Peris Wambui Mugi,≤100
105647461757849,Azimio/Inawezekana for Raila the 5th.,Bonface Ouma,≤100
246264109423432,Trending Today KE,Peris Wambui Mugi,≤100
327481331073838,The People's Law Society of Kenya,Peris Wambui Mugi,≤100
569821453410875,Ten Things You Didn't Know,Peris Wambui Mugi,≤100
693849871003458,KENYA HOT TODAY,Peris Wambui Mugi,≤100
1743520282644325,National Security Watch,Peris Wambui Mugi,≤100
909257062769623,Data Speaks,Peris Wambui Mugi,≤100
107300358297687,Statistics Kenya,Peris Wambui Mugi,≤100
2126427410954944,Newspaper Review,Peris Wambui Mugi,≤100
101618851420739,Kenyan Truth Teller,Peris Wambui Mugi,≤100
110923661403774,Ma3Route,Peris Wambui Mugi,≤100
1913963825321863,Kenya Insights,Peris Wambui Mugi,≤100
1759891824069653,The Kenyan Heralds,Peris Wambui Mugi,≤100
246999515773477,Siasa Lab,Peris Wambui Mugi,≤100
750948268577774,The County,Peris Wambui Mugi,≤100
112442200479900,The Informer,Peris Wambui Mugi,≤100
266899397413268,Congratulations Mheshimiwa,Peris Wambui Mugi,≤100
1692208237695305,Button Badges,George Kingori Warui,≤100
108703681766380,Bottom Up News,Robert Waswa Simiyu,≤100
105494315161744,talkdiplomacy,These ads ran without a disclaimer,≤100
375605576400149,The Inphamus Hour,These ads ran without a disclaimer,≤100
159655254060987,zChocolat.com,These ads ran without a disclaimer,≤100
131189377574,MDPI,These ads ran without a disclaimer,≤100
347614259651377,Carter Five,These ads ran without a disclaimer,≤100