﻿Page ID,Page name,Disclaimer,Amount spent (USD),Number of ads in Library
802090139805877,Tony Marioghae,These ads ran without a disclaimer,≤100,1
789394817776187,This is Hunan,These ads ran without a disclaimer,≤100,2
118631361198155,Drivepedia Thrills,These ads ran without a disclaimer,≤100,1
101082842736363,The world of reader,These ads ran without a disclaimer,≤100,1
116297088076487,therealafricandiary,These ads ran without a disclaimer,≤100,1
600632830063004,"CETRI, Centre tricontinental",These ads ran without a disclaimer,≤100,1
299227550122220,Radio Cina Internazionale,These ads ran without a disclaimer,≤100,1
108625789179165,Soi Dog Foundation,These ads ran without a disclaimer,≤100,1
107431635701822,Huang Hsi,These ads ran without a disclaimer,≤100,1