﻿Location name,Amount spent (RON)
Alba County,700
Arad County,809
Argeș County,1203
Bacău County,994
Bihor County,1070
Bistrița-Năsăud County,478
Botoșani County,583
Brașov County,1325
Brăila County,537
Bucharest,5239
Buzău County,702
Caraș-Severin County,540
Cluj County,2136
Constanța County,1479
Covasna County,333
Călărași County,386
Dolj County,1074
Dâmbovița County,830
Galați County,899
Giurgiu County,372
Gorj County,680
Harghita County,539
Hunedoara County,1081
Ialomița County,326
Iași County,2075
Ilfov County,802
Maramureș County,783
Mehedinți County,420
Mureș County,1209
Neamț County,1219
Olt County,554
Prahova County,1686
Satu Mare County,615
Sibiu County,863
Suceava County,1126
Sălaj County,451
Teleorman County,536
Timiș County,1683
Tulcea County,319
Unknown,≤100
Vaslui County,457
Vrancea County,531
Vâlcea County,645