﻿Page ID,Page name,Disclaimer,Amount spent (THB)
326043480893433,Khon Kaen Dyno & Automotive Engineering  LAB,These ads ran without a disclaimer,182
157659344260788,จุรินทร์ ลักษณวิศิษฏ์ Aoodda,Jurin Laksanawisit,≤100
100454798870209,พรรคเส้นด้าย - Zendai Party,พรรคเส้นด้าย - Zendai Party,≤100
101535845426970,พรรคไทยสร้างไทย,พรรคไทยสร้างไทย,≤100
104427797605274,ดร.เฉลิมชัย ศรีอ่อน รัฐมนตรีว่าการกระทรวงเกษตรและสหกรณ์,ดร.เฉลิมชัย ศรีอ่อน รัฐมนตรีว่าการกระทรวงเกษตรและสหกรณ์,≤100
204016840519336,ศ.ดร.นฤมล ภิญโญสินวัฒน์,ศ.ดร.นฤมล ภิญโญสินวัฒน์,≤100
114396410315247,ร้านสยามกีฬา-จำหน่ายชุดกีฬา/ปลีก-ส่ง,These ads ran without a disclaimer,≤100
111341764925564,สำนักสนับสนุนการพัฒนาระบบสุขภาพ - สำนัก 7 สสส.,สำนักสนับสนุนการพัฒนาระบบสุขภาพ - สำนัก 7 สสส.,≤100
345127652279503,มูลนิธิสากลเพื่อคนพิการ,มูลนิธิสากลเพื่อคนพิการ,≤100
100530401779420,พรรคไทยภักดี,พรรคไทยภักดี,≤100
1105604039583762,Line One สว.นท. ขอเชิญส่งประวัติ ส่วนตัว องค์กร เพื่อเข้ารับรางวัลประจำปี,Suksan Booran,≤100
115922723434700,ครูเจพีสรุปย่อ for Teacher,ครูเจพีสรุปย่อ for Teacher,≤100
1635406246730420,วรงค์ เดชกิจวิกรม - Warong Dechgitvigrom,Supaporn Sakuljuy,≤100
514800142336756,ดร. นิพนธ์ แจ่มจำรัส ชลบุรี เขต 7,Kevin Maltig,≤100
101504656149099,Peace Sasipatra  - ศศิร์ภัทรา พชิราพิชาพัฒน์,Peace Sasipatra  - ศศิร์ภัทรา พชิราพิชาพัฒน์,≤100
2046265545683549,เชียร์ลุง,เชียร์ลุง,≤100
296508406790,"Democrat Party, Thailand พรรคประชาธิปัตย์","Democrat Party, Thailand พรรคประชาธิปัตย์",≤100
102530815945359,องอาจ วชิรพงศ์,Areeya Namdokmai,≤100
190923294988741,สอบครูผู้ช่วยนะ,สอบครูผู้ช่วยนะ,≤100
102119372069250,สจ. ธานินท์ นวลวัฒน์,Studio415,≤100
972019486321939,บู้ จเด็ศ จันทรา,จเด็ด จันทรา,≤100
177948972256358,เอกนัฏ พร้อมพันธุ์ (ขิง),Chonticha Mahachai,≤100
365923533756876,Kleens อกไก่ปั่น,สันตยุต ทองวิลาศ,≤100
109316932096944,ดร.พร้อมพงศ์ นพฤทธิ์ - Dr.Prompong Nopparit,Prompong Nopparit,≤100
2151302718520482,ธิดารัตน์ ยิ่งเจริญ Tidarat Yingcharoen,ธิดารัตน์ ยิ่งเจริญ Tidarat Yingcharoen,≤100
128834482701273,BTH TOWN,These ads ran without a disclaimer,≤100
108515294626891,สอบข้าราชการท้องถิ่น By Thurakan,Chiraphorn Thuree,≤100
106561034744198,ลอรี่ - พงศ์พล ยอดเมืองเจริญ,ลอรี่ - พงศ์พล ยอดเมืองเจริญ,≤100
118757751143686,อิทธิพล ชลธราศิริ - Itthiphon Chontharasiri - แบงค์ชัย,Itthiphon Chontharasiri,≤100
107612328588715,The Voters,สันติสุข กาญจนประกร,≤100
418729291509368,สถาบันปรีดี พนมยงค์ Pridi Banomyong Institute,สถาบันปรีดี พนมยงค์ Pridi Banomyong Institute,≤100
105078449153137,วัดเพชรวราราม พระอารามหลวง,These ads ran without a disclaimer,≤100
224633698033299,The Better news,The Better news,≤100
111494824691027,มงคล เหลี่ยมวัฒนกุล - Mongkol Liamwattanakul,มงคล เหลี่ยมวัฒนกุล - Mongkol Liamwattanakul,≤100
107448364979874,ศิริพงศ์ นานคงแนบ - Siripong Nankongnab,Siripong Nankongnab,≤100
114914794432449,กฎหมายใช้สอบราชการ by Æ+,กฎหมายใช้สอบราชการ by Æ+,≤100
101903785231136,นายกไก่กังวาล ศักดิ์ชัย พิศาลผล,Thanachit Phraemuang,≤100
188623249245,Friends Talk,These ads ran without a disclaimer,≤100
100915662043252,Denis Ads.,บริษัท เดนิส แอดส์ จำกัด,≤100
431771376910462,พรรคครูไทยเพื่อประชาชน,These ads ran without a disclaimer,≤100
389895417865347,ลงทุนศาสตร์ - Investerest,These ads ran without a disclaimer,≤100
114437394843299,หนุ่ม เจษฎา เอี่ยมปุ่น - Jatsada Aiempun,หนุ่ม เจษฎา เอี่ยมปุ่น - Jatsada Aiempun,≤100
105826292451688,พลตำรวจตรี วัฒนา วงศ์จันทร์,Jirapiwat Wongchun,≤100
109794888685584,สมเจตน์ เกตุวัตถา,สมเจตน์ เกตุวัตถา,≤100
105338618893079,พรรคก้าวไกล จังหวัดสมุทรสาคร,Peerapol Thatom,≤100
142756472518931,สุภาภรณ์ คงวุฒิปัญญา,สุภาภรณ์ คงวุฒิปัญญา,≤100
112450028446192,สามารถ แก้วทอง - Samart Kaewthong,Sittiphan Chantamin,≤100
1686179558087025,ไพลิน เทียนสุวรรณ,ไพลิน เทียนสุวรรณ,≤100
175043896516780,"บำบัดทุกข์ บำรุงสุข  ""  หนุ่ม วีระ """,These ads ran without a disclaimer,≤100
100298682713615,เสื้อวินเทจ ลายมัน ผ้าดำ,เสื้อวินเทจ ลายมัน ผ้าดำ,≤100
268066420751113,บ่าวนิก - สิรภพ สมผล - Sirapob Somphol,Sirapob Somphol,≤100
105782438913837,มีศักดิ์ ภักดีคง,มีศักดิ์ ภักดีคง,≤100
769095856453652,Axel Arigato,These ads ran without a disclaimer,≤100
118592938221174,ZTE Corporation,These ads ran without a disclaimer,≤100