﻿Page ID,Page name,Disclaimer,Amount spent (TRY)
141870402543282,AK Parti,Ak Parti,277
158829607558395,Milliyetçi Hareket Partisi (MHP),Milliyetçi Hareket Partisi (MHP),181
191453580768,Yeni Şafak,Piri Medya Anonim Sirketi,≤100
114597108291949,Haydi..ama nereye?,Excelligents,≤100
210993622366044,TVNET,TVNET,≤100
100964136258105,Erdoğan Çiftcioğlu,Erdoğan Çiftcioğlu,≤100
629825407448189,Şerdil Dara Odabaşı,Şerdil Dara Odabaşı,≤100
498108350567415,Nilüfer Deveci,Nilufer Deveci,≤100
102841632670929,Türkiye Gönüllüleri,Türkiye Gönüllüleri,≤100
122193617537005,Haberettr,HABERET MEDYA AJANSI VE PRODÜKSİYON LİMİTED ŞİRKETİ,≤100
100431406701471,Internethaber,Internethaber,≤100
1930475813747433,Anket Araştırma Merkezi,Anket Araştırma Merkezi,≤100
316355873466,EKOMAX YAKIT TASARRUF VE PERFORMANS SİSTEMLERİ,These ads ran without a disclaimer,≤100
2082253428719870,Silkele Başkan Düşüyorlar,Silkele Başkan Düşüyorlar,≤100
100234309392938,Halal Paradise Didim,These ads ran without a disclaimer,≤100
319026564921676,Vatan Partisi,Vatan Partisi,≤100
105376981385020,Referandom,Referandom,≤100
108049655614131,Cumhurun Seçimi,Kurumsal Reklam,≤100
113506495059583,Kadınların Reisi,Kurumsal Reklam,≤100
252723995287282,Ali KEVEN,Recep Yilmaz,≤100
1614212022160759,Fehmi Yağlı,Fehmi Yagli,≤100
105716839182141,Köylü Kadın,Kurumsal Reklam,≤100
103599182728857,Doğru Adam,Kurumsal Reklam,≤100
111589081920420,Kadınların Gücü,Kurumsal Reklam,≤100
1776545895921237,Nedersiniz,Nedersiniz,≤100
815048841929079,M. Ergün Turan,M. Ergün Turan,≤100
111162852275902,Uluslararası Af Örgütü Türkiye Şubesi,Uluslararası Af Örgütü Türkiye Şubesi,≤100
106433519384639,Haber7,Haber7,≤100
177586435611321,Arçelik,These ads ran without a disclaimer,≤100
107643065228982,ddyyturkiye,These ads ran without a disclaimer,≤100
1764772837096478,Exxen,These ads ran without a disclaimer,≤100
101373896284011,Sma Hastası Azer Bebek - Bağış Kampanyası,Irem Kaplan,≤100
101334171225705,AK Parti Giresun Merkez İlçe Başkanlığı,These ads ran without a disclaimer,≤100
1211749922209927,CHP Yurt Dışı Örgütlenme,Ali Dağdelen,≤100
120266711045676,Başka Açıdan Tv,These ads ran without a disclaimer,≤100
122690747467671,Sana Söz Türkiye,Kurumsal Reklam,≤100
144096473392,Yeşil Gazete,Yeşil Gazete,≤100
119960821075537,Milletin Sesi,Kurumsal Reklam,≤100
113562291720284,Cumhuriyetçi Kadın,Kurumsal Reklam,≤100
619126554886307,Ali Hikmet Akıllı,Ali Hikmet Akilli,≤100
120293891041256,Deli Kadın,Kurumsal Reklam,≤100
326363220894548,Nail Çiler,Nail Çiler,≤100
800603909994685,Gülizar Biçer Karaca,Gülizar Biçer Karaca,≤100
117309278002209,erdinc_orencik,These ads ran without a disclaimer,≤100
108522315357697,h.h.k_19,These ads ran without a disclaimer,≤100
100625766126116,Cominify,Cominify,≤100
106617485469890,Türk Askeri,Türk Askeri,≤100
114800218162558,Haber Penceresi,Haber Penceresi,≤100
529631907372883,İYİ Parti Gaziantep,Erkan Yeşersın,≤100
235012790716,klavye mücahitleri,klavye mücahitleri,≤100
2028274240749386,Celal Köse,Celal Köse,≤100
1706624339582436,Tüsiar Araştırma Danışmanlık Ltd.Şti,TÜSİAR ARAŞTIRMA DANIŞMANLIK LTD ŞTİ,≤100
371221876280642,SI-UK Turkey,These ads ran without a disclaimer,≤100
108855465479915,Halk Haber Ajansı Yerel Gündem,Resul Mesut Büyüksarı,≤100
100665102848993,Gün Gün Kurtuluş,İlker  Tanrıverdi,≤100
107272515319025,Son Kale Türkiye,Son Kale Türkiye,≤100
183134165593297,"SES Eşitlik, Adalet, Kadın Platformu","SES Eşitlik, Adalet, Kadın Platformu",≤100
102598059496737,TC Hasan Öztürk,These ads ran without a disclaimer,≤100
104673902279375,Güçlü Lider Güçlü Türkiye,Güçlü Lider Güçlü Türkiye,≤100
369391953226531,Eyüp Eroğlu,Akif Yurdakul,≤100
101279288965014,irmanin_kehaneti,These ads ran without a disclaimer,≤100
107276120819529,Halk Haber TV,SİRİUS REKLAM ORGANİZASYON SANAYİ VE TİCARET LİMİTED ŞİRKETİ,≤100
392491680944925,Mevlüt Çavuşoğlu,Mevlüt Çavuşoğlu,≤100
465887546792664,Halkın Kurtuluş Partisi - HKP,TAYFUR BİN,≤100
146581405452633,Yeniden Milli Mücadele,Yeniden Milli Mücadele,≤100
103984509238399,Halk Haber,Halk Haber,≤100
1563142747277396,Vecdi Gündoğdu,Vecdi Gundogdu,≤100
108269755289200,Yaşasın Cumhuriyet,Yaşasın Cumhuriyet,≤100
100675732413915,Anketci.Net,Anketci.Net,≤100
1572709256359993,İnternethaber TV,HADİ ÖZIŞIK,≤100
107924807410702,Samet Bağcı,Samet Bağcı,≤100
128234402766154,Çorum Haber Merkezi,Çorum Haber Merkezi,≤100
104691722197784,صحيفة الاستقلال - العربية,صحيفة الاستقلال,≤100
103400816031847,Halkhaberajansı,Sirius Reklam Organizasyon Sanayi ve Ticaret Ltd. Şti,≤100
791541570931021,CHT Medya,CHT Medya,≤100
167633913392268,Kolejliler,Fırat Yıldız Ahmet,≤100
426420914157895,MARATON TV,MARATON TV,≤100
429226354299015,Tek Haber Gazetesi,Basbay Hasan Murat,≤100
511707202180465,Kangal Aşkk'tır,Fırat Yıldız Ahmet,≤100
298764070816267,Mehmet Tütüncü,Mehmet TÜTÜNCÜ Türkiye Temsilcisi,≤100
106508542096563,Ebedi Liderim,Ebedi Liderim,≤100
125911783747945,Güncel Haber,Emre İrgören,≤100
112554187889889,Fatih Adalan Blog,Fatih Adalan,≤100
103285814499773,Hikmet Yalım Halıcı,Kadir Dede,≤100
219031704851494,SAS (Satın Almayın Sahiplenin),Fırat Yıldız Ahmet,≤100
1412392675725616,IEEE KOU PİTEK Günleri,These ads ran without a disclaimer,≤100
102882481866679,مركز إنسان للدراسات الإعلامية,مركز إنسان للدراسات الإعلامية,≤100
459314071262613,Zeynettin Aydın,Zeynettin Aydın,≤100
506041856143607,Saadet İnegöl,Hasan Eroglu,≤100
1688458138057250,Büyükşehir Haber,Büyükşehir Haber,≤100
101192232736297,GLOOB,GLOOB,≤100
189730698137677,Kadir Canpolat,These ads ran without a disclaimer,≤100
557866130988813,Çiftçi TV,These ads ran without a disclaimer,≤100
1668169733465490,مركز الحوار السوري,مركز الحوار السوري,≤100
104361295902815,tonio____7,These ads ran without a disclaimer,≤100
120133434361072,Yahya Yayla Iki,These ads ran without a disclaimer,≤100
106789305232883,وكالة الشرق الأوسط الإخبارية,وكالة الشرق الأوسط الإخبارية,≤100
103546827719445,hg_haber,Hüseyin Gezgin,≤100
104373561467884,Serhat Servet Dövenci,Serhat Servet Dövenci33,≤100
111529041357422,Hakan Ataman,Hakan Ataman,≤100
107184060866156,Limitsiz Bilgi,These ads ran without a disclaimer,≤100
105564428492510,منتدى الحوار الشبابي,مركز الحوار السوري,≤100
463215923715177,Mehmet Yiğiner,Bekir Koyuncu,≤100
100254126174703,Mavi Marmara Gazetesi,Mavi Marmara Gazetesi,≤100
110375032002680,reed_tv,These ads ran without a disclaimer,≤100
101117432657583,_satori_design_,These ads ran without a disclaimer,≤100
116153656459389,Niyazi Özçelik,Niyazi Özçelik,≤100
108674412214382,Onur Karsavran,Onur Karsavran,≤100
101458815370202,astrologozlemtekgoz,These ads ran without a disclaimer,≤100
120447756533852,yusuf_cellist,These ads ran without a disclaimer,≤100
107086259056982,Hakkı Serkan Çapa,These ads ran without a disclaimer,≤100
114114591686370,Tarkan Yesil,These ads ran without a disclaimer,≤100