﻿Page ID,Page name,Disclaimer,Amount spent (THB)
101673076131930,พรรคเปลี่ยน,พรรคเปลี่ยน,2079
101535845426970,พรรคไทยสร้างไทย,พรรคไทยสร้างไทย,1992
111397721856987,สุรชัย ทวีคูณ,สุรชัย ทวีคูณ,815
241115389300595,คุณหญิงสุดารัตน์ เกยุราพันธุ์ Sudarat Keyuraphan,คุณหญิงสุดารัตน์ เกยุราพันธุ์ Sudarat Keyuraphan,642
101915462311238,พรรคไทยชนะ - พรรคการเมืองของประชาชน,พรรคไทยชนะ,237
484830871527961,ภาควัต ศรีสุรพล ซัน พรรคเพื่อไทย,ภาควัต ศรีสุรพล ซัน พรรคเพื่อไทย,207
283908908680102,พรรคพลังธรรมใหม่,พรรคพลังธรรมใหม่,200
149079361791677,พรรคเพื่อไทย,พรรคเพื่อไทย,131
100206651558734,พรรคชาติพัฒนากล้า - ChartpattanaKLA Party,พรรคชาติพัฒนากล้า - ChartpattanaKLA Party,111
182657125936067,พรรคภูมิใจไทย,พรรคภูมิใจไทย,≤100
161651553861945,Amnesty International Thailand,Amnesty International Thailand,≤100
104879999243950,พลชัย พิพิธวรกุล เบอร์ 2 เขต 4 ขอนแก่น พรรคประชาธิปัตย์,Ponchai Pipitvorakul,≤100
105546651850693,วีรนันท์ ฮวดศรี-Weeranan Huadsri-ทนายป๊อก,Weeranan Huadsri,≤100
2259432067709591,พรรคประชาธิปัตย์ ภาคกลาง,พรรคประชาธิปัตย์ ภาคกลาง,≤100
109239188766815,ดร. วิทยา อินาลา พรรคไทยพร้อม,Klod Sawadputsra,≤100
617620494922400,PPTV HD 36,PPTV HD 36,≤100
100486988544567,ไกด์ - วุฒิรักษ์ เเพงตาแก้ว - Wuttirak Pangthakaew,Wuttirak Pangthakaew,≤100
118757751143686,อิทธิพล ชลธราศิริ - Itthiphon Chontharasiri - แบงค์ชัย,Itthiphon Chontharasiri,≤100
109466785419773,นักรบ ณ ถลาง,Katmachom Jah,≤100
102807719039442,พรรครวมไทยสร้างชาติ United Thai Nation Party,พรรครวมไทยสร้างชาติ United Thai Nation Party,≤100
161052211196800,พรรคเสรีรวมไทย,พรรคเสรีรวมไทย,≤100
1635406246730420,วรงค์ เดชกิจวิกรม - Warong Dechgitvigrom,วรงค์ เดชกิจวิกรม - Warong Dechgitvigrom,≤100
2222987881148969,อดีต ส.ส. กรณิศ งามสุคนธ์รัตนา เขตวัฒนา เขตคลองเตย เบอร์ 1 บัตร สีม่วง,อดีต ส.ส. กรณิศ งามสุคนธ์รัตนา เขตวัฒนา เขตคลองเตย เบอร์ 1 บัตร สีม่วง,≤100
115970968131874,พีระพันธุ์ สาลีรัฐวิภาค FC,Sue Siam Company Limited,≤100
183238185051108,อรรถวิชช์ สุวรรณภักดี,อรรถวิชช์ สุวรรณภักดี,≤100
1023078414531349,The People,Kityanggul Phadungkarn,≤100
746280992139796,LINE MAN,These ads ran without a disclaimer,≤100
1632492300342371,สยามนิวส์,Sue Siam Company Limited,≤100
307513345840,SpringNews,SpringNews,≤100
101386439318479,วรัญญา แอนดาริส - ช่างแอนโยธา,วรัญญา แอนดาริส - ช่างแอนโยธา,≤100
137188693021815,สืบจากข่าว,สืบจากข่าว,≤100
103003377726705,เสื้อผ้าแฟชั่นNaPa,Threeramate Artkongharn,≤100
105955949137073,ติดตามกระแสคนดัง,Narat Thanyaratmetee,≤100
1105604039583762,Line One สว.นท. ขอเชิญส่งประวัติ ส่วนตัว องค์กร เพื่อเข้ารับรางวัลประจำปี,Suksan Booran,≤100
104963151112166,การเมือง kanmuang.com,การเมือง kanmuang.com,≤100
113023081702937,ธีระ สลักเพชร,ธีระ สลักเพชร,≤100
157659344260788,จุรินทร์ ลักษณวิศิษฏ์ Aoodda,Jurin Laksanawisit,≤100
71254499739,กรณ์ จาติกวณิช - Korn Chatikavanij,กรณ์ จาติกวณิช - Korn Chatikavanij,≤100
111485468432921,พรรคเปลี่ยนอนาคต Changefuture party,พรรคเปลี่ยนอนาคต Changefuture party,≤100
101805447867778,"แม็ค องอาจ ""เบอร์ 6"" บัตรสีม่วง","แม็ค องอาจ ""เบอร์ 6"" บัตรสีม่วง",≤100
101503812475360,ครูพรีมมี่ นรเสฏฐ์ เธียรประสิทธิ์,ครูพรีมมี่ นรเสฏฐ์ เธียรประสิทธิ์,≤100
110925395241605,พรรครักษ์ผืนป่าประเทศไทย,พรรครักษ์ผืนป่าประเทศไทย,≤100
112073738279329,สิงโต - ศักดิ์สิทธิ์ ขาวทอง,สิงโต - ศักดิ์สิทธิ์ ขาวทอง,≤100
877369462441031,ปูอัด ไชยามพวาน ผู้สมัคร ส.ส. เขตจอมทอง-บางขุนเทียน-ท่าข้าม พรรคก้าวไกล,Chaiyamparwaan Manpianjit,≤100
206170396080634,Business Today Thai,Business Today Thai,≤100
567028733726812,ต่อศักดิ์  อัศวเหม,ต่อศักดิ์  อัศวเหม,≤100
102803105638809,ประชาธิปไตยกินได้,ประชาธิปไตยกินได้,≤100
221139347953872,อภิมุข ฉันทวานิช - Apimuk Xanthavanij,อภิมุข ฉันทวานิช - Apimuk Xanthavanij,≤100
115922723434700,ครูเจพีสรุปย่อ for Teacher,ครูเจพีสรุปย่อ for Teacher,≤100
216196569814,Sanook - สนุกดอทคอม,Sanook - สนุกดอทคอม,≤100
2046265545683549,เชียร์ลุง,เชียร์ลุง,≤100
109890411945719,นพ.ญาณกิตติ์ ห่วงทรัพย์,นพ.ญาณกิตติ์ ห่วงทรัพย์,≤100
1405057026441619,Bright TV,Theepakorn Suwanmanee,≤100
159570997481890,พลตำรวจเอกเสรีพิศุทธ์ เตมียเวส,พลตำรวจเอกเสรีพิศุทธ์ เตมียเวส,≤100
100165239168253,โกหนึ่ง กิตติ กิตติธรกุล,โกหนึ่ง กิตติ กิตติธรกุล,≤100
101504656149099,Peace Sasipatra  - พีซ ศศิร์ภัทรา,Peace Sasipatra  - พีซ ศศิร์ภัทรา,≤100
100761582502948,จารุพล เรืองสุวรรณ - อาจารย์จา,Charupol Ruangsuwan,≤100
117849264601668,วิษณุ กรองกันภัย พรรคไทยพร้อม เบอร์ 28,ลลดา อมาตยกุล,≤100
108162078413935,capitalread.co,capitalread.co,≤100
1633051440333187,FTE หลักสูตรเพื่อพัฒนาเจ้าของธุรกิจรุ่นใหม่ ครบเครื่อง ทันใจ แบบเร่งรัด,"VP group infinity Co.,Ltd.",≤100
454523585079183,ภาดาท์ วรกานนท์ Pada Vorakanon,ภาดาท์ วรกานนท์ Pada Vorakanon,≤100
119422981093998,วื้อวึน,วื้อวึน,≤100
113053042064880,Kapook,Kapook,≤100
546416699215073,ห้องสื่อครูคอม,Krisada Khamma,≤100
109426527988876,ดร ปรเมษฐ์ จินา อดีตรองนายก อบจ.สุราษฎร์ธานี,ปรเมษฐ์ จินา,≤100
104645182578478,นิรันดร์ วัฒนศาสตร์สาธร,Supakit Ngoenkaew,≤100
2105350112863264,ร้อยเอก ดร.จองชัย วงศ์ทรายทอง - ผู้กองเบิร์ด,ร้อยเอก ดร.จองชัย วงศ์ทรายทอง - ผู้กองเบิร์ด,≤100
109216354265447,อัษฎางค์  แสวงการ,อัษฎางค์  แสวงการ,≤100
108635927540997,เทมส์ ไกรทัศน์ - ภูเก็ต,เทมส์ ไกรทัศน์ - ภูเก็ต,≤100
118563167838903,พรรคถิ่นกาขาวชาววิไล l Thinkakaochaovilai Party,Prawta Khongto,≤100
110119978657999,นพ.พลวิทย์ เจริญพงศ์,นพ.พลวิทย์ เจริญพงศ์,≤100
204016840519336,ศ.ดร.นฤมล ภิญโญสินวัฒน์,ศ.ดร.นฤมล ภิญโญสินวัฒน์,≤100
102575216109563,สยาม หัตถสงเคราะห์,Pichamon Insai,≤100
224559081073575,Mono 29,Mono 29,≤100
116668478038395,โด่ง ชัชวาล พรอมรธรรม เพื่อไทย เขต 1 ขอนแก่น เบอร์ 6,โด่ง ชัชวาล พรอมรธรรม,≤100
109008738745779,2ต,Bunsong Rodyo,≤100
324861724225604,อายุน้อยร้อยล้าน,Akarat Nitibhon,≤100
110672681521491,พรรคชาติรุ่งเรือง - Chat Rung Rueang Party,พรรคชาติรุ่งเรือง - Chat Rung Rueang Party,≤100
103493019318704,เพิ่มพงศ์ วงศ์ทรายทอง - เบลล์,เพิ่มพงศ์ วงศ์ทรายทอง,≤100
103863149219273,นิธิกร วุฒินันชัย เอก พรรคเพื่อไทย,เอก นิธิกร วุฒินันชัย,≤100
2086963124904186,พรรคก้าวไกล แม่ฮ่องสอน,พรรคก้าวไกล แม่ฮ่องสอน,≤100
105600099161637,อาทิตย์ สุวิทย์,อาทิตย์ สุวิทย์,≤100
110204590612663,ธีรัจชัย พันธุมาศ - Teerajchai Phunthumas,ธีรัจชัย พันธุมาศ,≤100
2207592052842230,ทวีชัย วงศ์ไพโรจน์กุล - เบสท์,Veerapat Sinpattrwongse,≤100
105960788419458,ทอม ภัทรดนัย ใหม่พระเนตร,ทอม ภัทรดนัย ใหม่พระเนตร,≤100
296508406790,"Democrat Party, Thailand พรรคประชาธิปัตย์","Democrat Party, Thailand พรรคประชาธิปัตย์",≤100
111067427367211,กิตติพล รวยฟูพันธ์ เบอร์ 14 ผู้สมัคร สส เขตทุ่งครุ ราษฎร์บูรณะ พรรคเพื่อไทย,กิตติพล รวยฟูพันธ์ เบอร์ 14 ผู้สมัคร สส เขตทุ่งครุ ราษฎร์บูรณะ พรรคเพื่อไทย,≤100
104179515944602,ประชาธิปัตย์ จันทบุรี-ตราด,Unicronet - Digital Marketing Solution,≤100
418729291509368,สถาบันปรีดี พนมยงค์ Pridi Banomyong Institute,สถาบันปรีดี พนมยงค์ Pridi Banomyong Institute,≤100
109307425431243,ซอลีฮีน อิสมาแอล,ซอลีฮีน อิสมาแอล,≤100
362673720528997,พรรครวมแผ่นดิน,พรรครวมแผ่นดิน,≤100
286272814717790,Phuket Times ภูเก็ตไทม์,Phuket Times ภูเก็ตไทม์,≤100
2322489704448400,"ณัฐพงษ์ ""KEN"" พิพัฒน์ไชยศิริ","ณัฐพงษ์ ""KEN"" พิพัฒน์ไชยศิริ",≤100
103111685371171,อัคร ทองใจสด - Akara Tongjaisod,Ad-cha Tongjaisod,≤100
100188869702970,ทนายวิเชียร สุขพันธุ์ ทนายประชาชน,Kittipon Sujiwan,≤100
109027265795454,ThaiNews – ไทยนิวส์,ThaiNews – ไทยนิวส์,≤100
104062279288492,สมศักดิ์ กุลาวาไชย - แดน ศรีราชา,กฤษณา เลิศวรากรชัย,≤100
107415288736977,ไคฟงสยาม,These ads ran without a disclaimer,≤100
108515294626891,สอบข้าราชการท้องถิ่น By Thurakan,Chiraphorn Thuree,≤100
841504069272304,รชตะ ซี ด่านกุล,รชตะ ด่านกุล,≤100
384722702090581,นิกม์ แสงศิรินาวิน - เบอร์ 8 สส. กทม. หนองจอก คลองสามวา - พรรคภูมิใจไทย,นิกม์ แสงศิรินาวิน - เบอร์ 8 สส. กทม. หนองจอก คลองสามวา - พรรคภูมิใจไทย,≤100
113001706909463,สส.เป้ นภาพร เพ็ชร์จินดา Dr.Napaporn Petchinda,สส.เป้ นภาพร เพ็ชร์จินดา Dr.Napaporn Petchinda,≤100
112332525119611,เอกภาพ หงสกุล ผู้สมัคร ส.ส.พรรคเพื่อไทย เขตสายไหม,เอกภาพ หงสกุล ผู้สมัคร ส.ส.พรรคเพื่อไทย เขตสายไหม,≤100
264065496937763,My Chavapol (ชวพล วัฒนพรมงคล),My Chavapol (ชวพล วัฒนพรมงคล),≤100
113067400607487,กันตพงศ์ ดีชัยยะ - แมพ,กันตพงศ์ ดีชัยยะ - แมพ,≤100
2083379161750953,ชัยยศ ปัญญาไวย ประชาธิปัตย์ภูเก็ต,ชัยยศ ปัญญาไวย ประชาธิปัตย์ภูเก็ต,≤100
100545119426784,พีระพันธุ์ FC,Bunsong Rodyo,≤100
106561034744198,ลอรี่ - พงศ์พล ยอดเมืองเจริญ,ลอรี่ - พงศ์พล ยอดเมืองเจริญ,≤100
101429565962919,ณัฏฐณิชา สารบรรณ - Nattanicha Saraban,ณัฏฐณิชา สารบรรณ - Nattanicha Saraban,≤100
385470045273656,ก้าวไกล ระยอง,Yo Pongsathon Sonpechnarintr,≤100
352318098651383,โตโต้ ปิยรัฐ - Piyarat Chongthep,โตโต้ ปิยรัฐ - Piyarat Chongthep,≤100
101529018228824,รวมไทยสร้างชาติ นครศรี เขต 9,สุวิทย์ ช่วยขุน,≤100
106611748784439,นัสชัย มูลสาย,These ads ran without a disclaimer,≤100
102544175903371,เบ๊นซ์ นิธิพล  เพื่อคนสมุทรปราการ,เบ๊นซ์ นิธิพล  เพื่อคนสมุทรปราการ,≤100
318392915554883,ภิญโญ กิจเลิศไพโรจน์ - Pinyo Kitlertphairoj,ภิญโญ กิจเลิศไพโรจน์ - Pinyo Kitlertphairoj,≤100
109263155401195,นายกประเทศ บุญยงค์,นายกประเทศ บุญยงค์,≤100
111341764925564,สำนักสนับสนุนการพัฒนาระบบสุขภาพ - สำนัก 7 สสส.,สำนักสนับสนุนการพัฒนาระบบสุขภาพ - สำนัก 7 สสส.,≤100
104342402244178,อารุม ตุ้มน้อย - Arum Tumnoi,อารุม ตุ้มน้อย - Arum Tumnoi,≤100
266046550746989,บุญลือ ประเสริฐโสภา,บุญลือ ประเสริฐโสภา,≤100
102949686071401,ทศพล แก้วทิมา ราชบุรีต้องดีกว่าเดิม,ทศพล แก้วทิมา ราชบุรีต้องดีกว่าเดิม,≤100
110325275488,efinanceThai,efinanceThai,≤100
190923294988741,สอบครูผู้ช่วยนะ,สอบครูผู้ช่วยนะ,≤100
106918887836105,ศรราม ภูมิไชย_แฟ้ม,ศรราม ภูมิไชย_แฟ้ม,≤100
108261230583781,เอิร์ธ พงศกร ขวัญเมือง - Earth Pongsakorn Kwanmuang,เอิร์ธ พงศกร ขวัญเมือง - Earth Pongsakorn Kwanmuang,≤100
104393812499502,ชีทสรุปกฎหมาย สำหรับสอบราชการ พนักงานราชการ by.kantap,ชีทสรุปกฎหมาย สำหรับสอบราชการ พนักงานราชการ by.kantap,≤100
102472856883043,Rinbee Thailand,These ads ran without a disclaimer,≤100
221185565356113,วิชาญ มีนชัยนันท์,วิชาญ มีนชัยนันท์,≤100
104321752173970,สมเกียรติ ขุนบุญจันทร์,สมเกียรติ ขุนบุญจันทร์,≤100
100156488333982,ศุภชัย นพขำ ปทุมธานี พรรคเพื่อไทย,ศุภชัย นพขำ ปทุมธานี พรรคเพื่อไทย,≤100
111331191880453,วินัย วิจิตรโสภณ - Winai Wijitsophon,วินัย วิจิตรโสภณ - Winai Wijitsophon,≤100
111680063837704,สหัสวัต คุ้มคง,สหัสวัต คุ้มคง,≤100
108201828409912,ณัฐวัฒน์ พอใช้ได้,Atirit Dechasiniwat,≤100
230353517736423,Nan Niamvanichkul,Nan Niamvanichkul,≤100
100418296100492,Nutri Diabet Thailand,These ads ran without a disclaimer,≤100
100985972856061,ธนพจน์ ทรัพย์ยอดแก้ว - Thanapoj Subyodkaew,Thanapoj Subyodkaew,≤100
381748525190733,สร้างสรรค์โอกาส,Panas Poomriew,≤100
111298031674697,นเรศ ธำรงค์ทิพยคุณ,นเรศ ธำรงค์ทิพยคุณ,≤100
112667281187463,ถิรเดช ตั้งมั่นก่อกิจ สจ.ม้อ,ถิรเดช ตั้งมั่นก่อกิจ สจ.ม้อ,≤100
111350351903826,ดร.ประเสริฐ เพื่อไทยสมุทรปราการ,Surasak Puangthong,≤100
114287438158688,อรรถวิทย์ เซะวิเศษ - Attawit Saewiset,Bunsong Rodyo,≤100
342127689673755,บักยอช - สยมพร วรรณูปถัมภ์,Patchamon Fukumnerd,≤100
345127652279503,มูลนิธิสากลเพื่อคนพิการ,มูลนิธิสากลเพื่อคนพิการ,≤100
317911298372936,อรอนงค์  กาญจนชูศักดิ์,อรอนงค์  กาญจนชูศักดิ์,≤100
100893829013139,ภูริวรรธก์ ใจสำราญ - Puriwat Chaisamran,Puriwat Chaisamran,≤100
2147269921986413,ธนัญญา พันธุ์การรุ่ง พรรคเพื่อไทย นครปฐมเขต2,Pang Thanakulchotikan,≤100
283155375658667,"จ่าสิบเอกพัฒณปกรณ์   ดอนตุ้มไพร ""จ่าเจี๊ยบ""",Sueb Supachai,≤100
109890411945719,นพ.ญาณกิตติ์ ห่วงทรัพย์,Natthavut Damtongsuk,≤100
177438153830567,พลอยทะเล ลักษมีแสงจันทร์,พลอยทะเล ลักษมีแสงจันทร์,≤100
107304892093610,Vote62,Vote62,≤100
106592249064812,เธียรสิน จิตพงค์ศรี,Naruecha Saedan,≤100
261630974453006,ดร.แป้ง เดือนเต็มดวง ณ เชียงใหม่,ดร.แป้ง เดือนเต็มดวง ณ เชียงใหม่,≤100
106895275690265,อั๋น อรรถพล วงษ์ประยูร,อั๋น อรรถพล วงษ์ประยูร,≤100
107013832345299,วิรัตน์ ปัตโต เขต 5 ขอนแก่น,วิรัตน์ ปัตโต,≤100
105350562517378,นายแพทย์ภาณุ พรวัฒนา,These ads ran without a disclaimer,≤100
112562765084856,หนึ่ง ธนิท กิตติจารุรักษ์,Sueb Supachai,≤100
104996498994841,NetZeroCarbon,NetZeroCarbon,≤100
101861489530398,มณีรัตน์ ลิมป์รัตนกาญจน์,มณีรัตน์ ลิมป์รัตนกาญจน์,≤100
101831726085555,พรรครวมแผ่นดิน,พรรครวมแผ่นดิน,≤100
2232486313631668,อนุรักษ์ จุรีมาศ,ธวัชชานลล์ ทำขุรู,≤100
112343717773740,Betapetonline,ชัชญา พานิช,≤100
107543695506457,ธนชัย สินธุไพร,Orf Thanachai Sindhuprai,≤100
107945618934003,ธนูชยานันท์ ปั้นบริสุทธิ์,ธนูชยานันท์ ปั้นบริสุทธิ์,≤100
268066420751113,บ่าวนิก - สิรภพ สมผล,Sirapob Somphol,≤100
119181906609798,หมอเฉลิมชัย กุลาเลิศ ผู้สมัคร ส.ส. พรรคก้าวไกล เขตห้วยขวาง วังทองหลาง,Chalermchai Kulalert,≤100
258984171484737,นนท์ นนทิวรรธน์,วรรณชัย เรือนแก้ว,≤100
101755712680612,รัก ณิชาภา โกวิทานนท์ ผู้สมัคร ส.ส.สมุทรสงคราม พรรคเพื่อไทย,รัก ณิชาภา โกวิทานนท์ ผู้สมัคร ส.ส.สมุทรสงคราม พรรคเพื่อไทย,≤100
105308564750704,ณัฏฐ์ มงคลนาวิน,ณัฏฐ์ มงคลนาวิน,≤100
116679231319335,ตุ๊ก - กานสินี,Dunyawat  Bamrungchan,≤100
105500285736267,กรรญดา ณ หนองคาย  ไทยภักดี หนองคาย,These ads ran without a disclaimer,≤100
100528305760472,ธนชาติ ไชยทองพันธ์,ธนชาติ ไชยทองพันธ์,≤100
106712599066987,รักเมืองหาดใหญ่9,Parawan Kuaseng,≤100
399190156841695,อนุวัตร์ ชาติพัฒนากล้า สุราษฎร์ธานี,อนุวัตร์ ชาติพัฒนากล้า สุราษฎร์ธานี,≤100
108518372157738,จักรพรรณ พลอยพานิชย์ Fanpage,Pao Geadtoum,≤100
114185228265574,ดร.เทอดเกียรติ  ชินสรนันท์,ดร.เทอดเกียรติ  ชินสรนันท์,≤100
166420290494333,สายไหมบ้านเรา - ดร.สมชาย เวสารัชตระกูล,สายไหมบ้านเรา - ดร.สมชาย เวสารัชตระกูล,≤100
114043631615331,ชานิสรา ภูวิจิตร บอสโอ๋เพื่อไทย,ชานิสรา,≤100
120566510971339,พรรคเพื่อไทยจังหวัดชลบุรี,Aready ads,≤100
103450342680650,อนุสรณ์ ปั้นทอง : เพื่อไทยบางเขน,อนุสรณ์ ปั้นทอง : เพื่อไทยบางเขน,≤100
103815855888467,โกหม่อง เพื่อไทย ภูเก็ต,โกหม่อง เพื่อไทย ภูเก็ต,≤100
107612328588715,The Voters,สันติสุข กาญจนประกร,≤100
253380768713576,ดร.จักรพันธ์ พรนิมิตร,ดร.จักรพันธ์ พรนิมิตร,≤100
113516956981172,ขจรศักดิ์ ประดิษฐาน,ขจรศักดิ์ ประดิษฐาน,≤100
105711950893323,The Modernist,บริษัท โอพีเนียน มีเดีย จำกัด,≤100
681918321922813,ดร.ตั้น กฤชนนท์ อัยยปัญญา,ดร.ตั้น กฤชนนท์ อัยยปัญญา,≤100
2071055443224881,พงษ์วริษฐ์  วงศ์หนองแวง คนของประชาชน,พงษ์วริษฐ์  วงศ์หนองแวง คนของประชาชน,≤100
113705587638009,น้องหมอขอตอบ,Phunna Songprasert,≤100
333851820592868,ยุทธนา โพธสุธน,ยุทธนา โพธสุธน,≤100
141739712586,ตรีรัตน์ ศิริจันทโรภาส - Treerat Sirichantaropas,ตรีรัตน์ ศิริจันทโรภาส - Treerat Sirichantaropas,≤100
329083600579850,เอกภัทร ภัทร์รัศมี,Krittin Maneerat,≤100
103346939405544,ปรีติ เจริญศิลป์ เบอร์ 1 ก้าวไกล นนทบุรี เขต 5,Preeti Charoensilp,≤100
100152313003832,จิตราภรณ์ กล้าแท้,Parit Patanee,≤100
613689015307999,ส.ส.แมน ฉัตรพันธ์ เดชกิจสุนทร,ส.ส.แมน ฉัตรพันธ์ เดชกิจสุนทร,≤100
110325891388981,พิมพกาญจน์ พลสมัคร,พิมพกาญจน์ พลสมัคร,≤100
102450935821483,พชร จันทรรวงทอง,พชร จันทรรวงทอง,≤100
1298558836966562,นายสัตวแพทย์ อนันต์ ฤกษ์ดี,อนันต์ ฤกษ์ดี,≤100
126520920405,a day,a day,≤100
105838817755256,วงศ์อะเคื้อ บุญศล - กิ่งแก้ว,วงศ์อะเคื้อ บุญศล - กิ่งแก้ว,≤100
103503346076459,สมเกียรติ ตันตระกูล,8898PRODUCTION COMPANY LIMITED,≤100
110346468668262,แมนแมนทำแทนคุณ,ศุภกิจ ตังทัตสวัสดิ์,≤100
103324852526899,ภัณฑิล น่วมเจิม - Bhuntin Noumjerm,Bhuntin Noumjerm,≤100
789991318125212,พงศกร รัตนเรืองวัฒนา,พงศกร รัตนเรืองวัฒนา,≤100
277320192288594,โอม จิรชาติ,โอม จิรชาติ,≤100
101315696177023,พรรณธนู วรรณกางซ้าย - ลอน - Pantanu Wannakangzay,พรรณธนู วรรณกางซ้าย - ลอน - Pantanu Wannakangzay,≤100
172057439546202,พันโท สินธพ แก้วพิจิตร (เสธ.แก้ว),พันโท สินธพ แก้วพิจิตร (เสธ.แก้ว),≤100
103453355440094,สมชาติ เตชถาวรเจริญ - พรรคก้าวไกล,Jiraporn Wongkulluck,≤100
273953703307472,ธกร เลาหพงศ์ชนะ - Takorn Laohapongchana,ธกร เลาหพงศ์ชนะ - Takorn Laohapongchana,≤100
106018291054558,พลังประชารัฐ ภูเก็ต สุทา ประทีป ณ ถลาง,พลังประชารัฐ ภูเก็ต สุทา ประทีป ณ ถลาง,≤100
111192548290482,กมนทรรศน์ กิตติสุนทรสกุล - เอิร์ธ -,Kamonthas Kittisoonthornsakul,≤100
104809958598855,อั้ม อดุลวิทย์ วิวัฒน์ธนาฒย์,อั้ม อดุลวิทย์ วิวัฒน์ธนาฒย์,≤100
100624122148338,โรงพยาบาลรวมใจรักษ์ สุขุมวิท 62 Ruamjairak Hospital Sukhumvit 62,โรงพยาบาลรวมใจรักษ์ สุขุมวิท 62 Ruamjairak Hospital Sukhumvit 62,≤100
107648367788852,วงศกร ชนะกิจ,วงศกร ชนะกิจ,≤100
109374672107915,อาร์มมี่ พชร ภูมิจิตร,Panuchai Sakanuchaichan,≤100
112232937794418,ยีชาย สมชาย เล่งหลัก,ยีชาย สมชาย เล่งหลัก,≤100
101795175419893,โอ๋ ชยิน พึ่งสาย,โอ๋ ชยิน พึ่งสาย,≤100
100281742774712,อำนาจ วิชัย พะเยา,อำนาจ วิชัย พะเยา,≤100
104297969298793,สุรชัย  อนุตธโต,สุรชัย อนุตธโต,≤100
110668021506069,เพื่อเทอทั้งสองใบ,เพื่อเทอทั้งสองใบ,≤100
383969052150419,ชาญชัย อิสระเสนารักษ์,Assawin Issarasenarak,≤100
101225802154967,คลองไทย พัทยา ชลบุรี,คลองไทย พัทยา ชลบุรี,≤100
101164632678987,อุดม กันม่วง - กำนันเผ่น,Sombat Khrutsing,≤100
102661302788490,กานต์ กฤตินี รุณแสง,วรรณชัย เรือนแก้ว,≤100
100744192938954,Nattapong Sumanotham - ณัฐพงษ์ สุมโนธรรม,Nattapong Sumanotham - ณัฐพงษ์ สุมโนธรรม,≤100
106603599085478,ตุ้ย นพดล ลัดดาแย้ม ปทุมธานี เขต2 เบอร์3,Worakit Chitrman,≤100
115968991450725,Piyasak Dechtongtip - ปิยะศักดิ์ เดชทองทิพย์,Chetsada Paochanthuek,≤100
2356323297757923,พัลลภ เสนาดี,These ads ran without a disclaimer,≤100
115195181447846,อ้อ ศิรินันท์ ศิริพานิช,อ้อ ศิรินันท์ ศิริพานิช,≤100
873902519623943,พงศพัศ  กตคุณวิสิทธิ์,พงศพัศ  กตคุณวิสิทธิ์,≤100
251765515195883,Nanthapong timchimplee,Nanthapong timchimplee,≤100
398815747525049,Sarut Wattanasomboon - ศรุต วัฒนสมบูรณ์,Sarut Wattanasomboon - ศรุต วัฒนสมบูรณ์,≤100
109866475168448,สิทธิศักดิ์ พุ้ยมอม,Theeraphat Laotula,≤100
106461847961914,ประสิทธิ์ ปัทมผดุงศักดิ์ - Prasit Puttamapadungsak,ประสิทธิ์ ปัทมผดุงศักดิ์ - Prasit Puttamapadungsak,≤100
109420251938390,"ชณทัต ปัทะมะภูวดล ""แม็ค""","ชณทัต ปัทะมะภูวดล ""แม็ค""",≤100
107668691460508,ดรุณี พูนประสิทธิ์ อดีต สจ.สระแก้ว,Narong Thongphantha,≤100
626952517700280,ลิ้ม ศรัณยสัณฑ์ วีรกุลสุนทร ว่าที่ผู้สมัคร ส.ส. เขตจอมทอง พรรคเพื่อไทย,ลิ้ม ศรัณยสัณฑ์ วีรกุลสุนทร ว่าที่ผู้สมัคร ส.ส. เขตจอมทอง พรรคเพื่อไทย,≤100
106891138382189,ประมวล สีแสง - ศรีสะเกษ เขต 2,ประมวล สีแสง - ศรีสะเกษ เขต 2,≤100
515031131965252,Arnon FC - อานนท์ นุ่นสุข,Arnon FC - อานนท์ นุ่นสุข,≤100
619556698479151,ชัชวาล อภิรักษ์มั่นคง,ชัชวาล อภิรักษ์มั่นคง,≤100
933748876827175,ปิยะมาศ บัวแก้ว,ปิยะมาศ บัวแก้ว,≤100
948574408612189,Dr.Kid+ ผู้ชายคิดบวก,These ads ran without a disclaimer,≤100
340110720173014,SaveThaiCuts,SaveThaiCuts,≤100
118384374541874,มงคล ศรีคำแหง พรรคเพื่อไทย,มงคล ศรีคำแหง,≤100
111734427310816,พณิชย์ วิทยาภัทร์ - แป๊บ,พณิชย์ วิทยาภัทร์ - แป๊บ,≤100
115905241390909,เนเน่ รัดเกล้า สุวรรณคีรี,Rudklao Intawong Suwankiri,≤100
108162861512775,อัครแสนคีรี โล่ห์วีระ - แสน,อัครแสนคีรี โล่ห์วีระ - แสน,≤100
100239615243582,จารุพรรณ เพชรดี,จารุพรรณ เพชรดี,≤100
106872458897954,ระพีพัฒน์ สุเมธโชติเมธา,ระพีพัฒน์ สุเมธโชติเมธา,≤100
101813058138277,อนาวิล รัตนสถาพร,อนาวิล รัตนสถาพร,≤100
107449532000210,ธิติวัฐ อดิศรพันธ์กุล - Thitiwat Adisornphankul,ธิติวัฐ อดิศรพันธ์กุล - Thitiwat Adisornphankul,≤100
106359684674462,MTCCD_camp,These ads ran without a disclaimer,≤100
107648367788852,วงศกร ชนะกิจ,Wongsakorn Chanakit,≤100
109253101480638,วรท ศิริรักษ์ - Warot Sirirak,วรท ศิริรักษ์ - Warot Sirirak,≤100
118262094560156,ทนายสมชัย คำเพราะ เบอร์7 เขต1 ยโสธร,Tittaya Lueapjumroen,≤100
103290836047096,พี่เอกจาตุรันต์#เพื่อนกันสมุทรปราการเขต 3,Pharonnawat Sueangamiam,≤100
225483931284436,ณัฐวรันธร ทองคำ  - อาทิตย์ บางใหญ่รถยก,ยุทธวีร์ ทองคำ,≤100
538633149666112,กวีวงศ์ อยู่วิจิตร-ผู้สมัคร ส.ส. เขตบางนา พระโขนง พรรคเพื่อไทย เบอร์ 3,กวีวงศ์ เบิด อยู่วิจิตร,≤100
105782438913837,มีศักดิ์ ภักดีคง,มีศักดิ์ ภักดีคง,≤100
102341789244455,นายไชยวัฒน์ พัฒนเจริญวงศ์ษา เบอร์11 พรรคทางเลือกใหม่ เขต1,นายไชยวัฒน์ พัฒนเจริญวงศ์ษา เบอร์11 พรรคทางเลือกใหม่ เขต1,≤100
414100949350619,ณัฐนันท์ กัลยาศิริ - ทนายบอน,ณัฐนันท์ กัลยาศิริ,≤100
622674297897819,Screenshirt2020,Screenshirt2020,≤100
105460725392279,คนรักนิยม,คนรักนิยม,≤100
100454798870209,พรรคเส้นด้าย - Zendai Party,พรรคเส้นด้าย - Zendai Party,≤100
100808236254749,ทรงพล ชูศิลป์กุล - Songphon Chusilkul,ทรงพล ชูศิลป์กุล - Songphon Chusilkul,≤100
106337912336664,ปั้น ณัทกร แก้วพิจิตร,ปั้น ณัทกร แก้วพิจิตร,≤100
106779942110654,พิเชฐ เดชอรัญ,พิเชฐ เดชอรัญ,≤100
103647078796818,วันทิต ตั้งรักษาสัตย์ จันทบุรี เขต 2 พรรคเพื่อไทย,วันทิต ตั้งรักษาสัตย์ จันทบุรี เขต 2 พรรคเพื่อไทย,≤100
110362667973472,สรวิศ เดชเสน - Sorawit Dessen,สรวิศ เดชเสน - Sorawit Dessen,≤100
111203087295386,ดร.ทวนชัย นิยมชาติ ผู้สมัคร สส เขตจอมทอง เขตบางบอน เขตหนองแขม เบอร์ 8,Thuanchai Niyomchart,≤100
2245605448891362,จักรวี วิสุทธิผล,Jakravee Visutipol,≤100
114437394843299,หนุ่ม เจษฎา เอี่ยมปุ่น - Jatsada Aiempun,หนุ่ม เจษฎา เอี่ยมปุ่น - Jatsada Aiempun,≤100
114323247935240,ดร.อาร์ เธียรทัศน์ เอี่ยมตระกูล,ดร.อาร์ เธียรทัศน์ เอี่ยมตระกูล,≤100
102760714981774,สุภาพร กำเนิดผล,สุภาพร กำเนิดผล,≤100
108281895579200,บุญฤทธิ์ พาณิชย์รุ่งเรือง - รองจอห์น เขต1,Warin Ekburin,≤100
113862788272954,ทรงชัยแอมบูแลนซ์,ทรงชัยแอมบูแลนซ์,≤100
601953326929372,ธัญวัจน์ กมลวงศ์วัฒน์ - Tunyawaj Kamolwongwat,Tunyawaj Kamolwongwat,≤100
2131398436998925,ชนินทร์ รุ่งแสง ปชป.,ชนินทร์ รุ่งแสง ปชป.,≤100
1703627159765622,ณัฐทรัชต์ ชามพูนท ใหม่,ณัฐทรัชต์ ชามพูนท,≤100
106876765669721,เอกภพ สายไหม,เอกภพ สายไหม,≤100
715838732136310,ธนเดช เพ็งสุข - Tanadej Pengsuk,Tanadej Pengsuk,≤100
100298682713615,เสื้อวินเทจ ลายมัน ผ้าดำ,เสื้อวินเทจ ลายมัน ผ้าดำ,≤100
598951253533198,คริส โปตระนันทน์ - Chris Potranandana,คริส โปตระนันทน์ - Chris Potranandana,≤100
104014285798198,กานต์ กิตติอำพน,กานต์ กิตติอำพน,≤100
2126516294040344,ธีรพงศ์ เย็นใจ,ธีรพงศ์ เย็นใจ,≤100
235330857168942,โอเล่ ปิยวัฒน พันธ์สายเชื้อ,โอเล่ ปิยวัฒน พันธ์สายเชื้อ,≤100
102086178653943,วรวุธ ลีลานภาศักดิ์-Worawut Leelanapasak,วรวุธ ลีลานภาศักดิ์-Worawut Leelanapasak,≤100
101903785231136,นายกไก่กังวาล ศักดิ์ชัย พิศาลผล,Thanachit Phraemuang,≤100
107448364979874,ศิริพงศ์ นานคงแนบ - Siripong Nankongnab,Siripong Nankongnab,≤100
115808517005660,นฤมล รัตนาภิบาล พี่บะฮ์,These ads ran without a disclaimer,≤100
105747868776184,สริญทิพญ ทัพมงคลทรัพย์,สริญทิพญ ทัพมงคลทรัพย์,≤100
2009054229181721,Nattacha Boonchaiinsawat - ณัฐชา บุญไชยอินสวัสดิ์,ณัฐชา บุญไชยอินสวัสดิ์,≤100
105710145448698,Dr.Kultida  Maopech,กุลธิดา เหมาเพชร,≤100
109072381002767,คงพัชร ไขรัศมี,คงพัชร ไขรัศมี,≤100
101274425792459,กิตติพงศ์ รวยฟูพันธ์ - ส.ก.ไอซ์ เขตทุ่งครุ,กิตติพงศ์ รวยฟูพันธ์ - ส.ก.ไอซ์ เขตทุ่งครุ,≤100
104571979194914,ปานทิพย์  พิมพ์พิชชา  ชัยศุภกิจเจริญ,Rujirat Pojaruen,≤100
2114436298869604,สงวน พงษ์มณี,สงวน พงษ์มณี,≤100
602399360188164,ดร.ไพร พัฒโน,ดร.ไพร พัฒโน,≤100
108140005533324,ทีมงานผู้สมัคร พรรคพลังประชารัฐ เขต 1 จีระเกียรติ ภูมิสวัสดิ์ - ผู้ว่าใหม่,Supawat Jaronedee,≤100
108374188845283,พันตำรวจโทอัครพงษ์ วรรณพงษ์ - ทนายสารวัตรตุ๋ย,ภัทรพงษ์ วรรณพงษ์,≤100
107597078770351,Marion Owens,Ekkachai Wichien,≤100
105636102470770,ธนาคร อุนจะนำ,Thanakorn Aunjanum,≤100
277143792910800,เฉลิมพงศ์ แสงดี - Chalermpong Saengdee,เฉลิมพงศ์ แสงดี - Chalermpong Saengdee,≤100
1127035387449522,BANGKOK THROUGH POSTER,These ads ran without a disclaimer,≤100
114759293778166,ผู้กล้าลำปาง เบอร์10 เขต1,อรหันต์ คันใจ,≤100
382558248956531,กมลพัฒน์  ปุงบางกะดี่  เขตบางขุนเทียน,กมลพัฒน์  ปุงบางกะดี่  เขตบางขุนเทียน,≤100
100301042076812,นพพล ธนิกุล,นพพล ธนิกุล,≤100
1930282217268558,ดร.ส้ม พัชรินทร์ ซำศิริพงษ์ เขต 2 กทม ปทุมวัน สาทร ราชเทวี พรรคภูมิใจไทย,ดร.ส้ม พัชรินทร์ ซำศิริพงษ์ เขต 2 กทม ปทุมวัน สาทร ราชเทวี พรรคภูมิใจไทย,≤100
107878395325726,ดร.พันธุ์ปิติ โพธิ์วิจิตร,ดร.พันธุ์ปิติ โพธิ์วิจิตร,≤100
109821032053736,สุพจน์ ฤกษ์ดี,สุพจน์ ฤกษ์ดี,≤100
414252935319150,สมหญิง บัวบุตร-ทีมงาน,สมหญิง บัวบุตร-ทีมงาน,≤100
281449469423502,สจ สถาพร กล่อมเจริญ นักต่อสู้สิทธิเพื่อประชาชน เขต4 สุราษฎร์ธานี,Phadungsak Sawasdee,≤100
112953064222988,อั๋น ภูวดล วงษ์โสภณากุล,อั๋น ภูวดล วงษ์โสภณากุล,≤100
107368818238731,Phattarapong Leelaphat - ภัทรพงษ์ ลีลาภัทร์,Phattarapong Leelaphat,≤100
1241410716007401,ทศพล เพ็งส้ม,Thosaphol Pengsom,≤100
121117164293823,คลองไทย เชียงใหม่ เขต 5 เบอร์ 12,These ads ran without a disclaimer,≤100
110730818172510,ดร.ต่อพงษ์ วรกุล - Dr.Toapong worakul,Toapong Worakul,≤100
102882965599145,เจษฎา ดนตรีเสนาะ - Jetsada Dontreesanoa,Jetsada Dontreesanoa,≤100
114279207156319,สุพิชญ์ชญา กิตติ์พรศิริกุล พราว,Supitchaya Kittpornsirikul,≤100
111119268085115,อนงค์นาถ จ่าแก้ว,Chadapon Maksuwan,≤100
107878701895152,ธนัญญา แท่นแก้ว - Tananya Tankaew,พรรคก้าวไกล,≤100
101557482461926,วรายุทธ จงอักษร - บุ๊ค ไทยสร้างไทย ยโสธร เขต 2,Warayoot Jongugsorn,≤100
276333213218322,ศิรสิทธิ์ สงนุ้ย - Sirasit Songnuy,Sirasit Songnuy,≤100
118029627900492,กัณฐณัฏฐ์ สุวรรณประภา,กัณฐณัฏฐ์ สุวรรณประภา,≤100
392520858044712,กัณตภณ ดวงอัมพร แรมโบ้ ก้าวไกล พญาไท ดินแดง,กัณตภณ ดวงอัมพร แรมโบ้ ก้าวไกล พญาไท ดินแดง,≤100
119032984485426,รัฐกร เบ้ เจนกิจณรงค์,รัฐกร เบ้ เจนกิจณรงค์,≤100
105564202863465,Wan ubumrung,Wan ubumrung,≤100
1295058060513854,เต้ ทินภัทร ปัญจมหาลาภ Tinnapat Punjamahalap,เต้ ทินภัทร ปัญจมหาลาภ,≤100
101794231527425,สุภกร ตันติไพบูลย์ธนะ - Supakon Tangtiphaiboontana,สุภกร ตันติไพบูลย์ธนะ,≤100
142756472518931,สุภาภรณ์ คงวุฒิปัญญา,สุภาภรณ์ คงวุฒิปัญญา,≤100
119984914342019,มณฑล เหมพิจิตร,Anon Hempijit,≤100
104809958598855,อั้ม อดุลวิทย์ วิวัฒน์ธนาฒย์,These ads ran without a disclaimer,≤100
116903218021802,ลิขิต อัศวจารุวรรณ-พรรคประชาธิปัตย์,ลิขิต อัศวจารุวรรณ,≤100
804181579762028,จิรายุ ห่วงทรัพย์,จิรายุ ห่วงทรัพย์,≤100
110398018491526,สุทิน นพขำ พรรคเพื่อไทย จังหวัดปทุมธานี,สุทิน นพขำ พรรคเพื่อไทย จังหวัดปทุมธานี,≤100
106325291501353,วิเวียน จุลมนต์,Vivian Chullamon,≤100
335978833560634,เอ้ สุชัชวีร์,เอ้ สุชัชวีร์,≤100
177948972256358,เอกนัฏ พร้อมพันธุ์ (ขิง),Chonticha Mahachai,≤100
104057718063482,สิทธิพล ภูธรณ์ ก้าวไกล ชัยภูมิ เขต4,นายสิทธิพล ภูธรณ์,≤100
105267429124868,Tip Ruchaitrakul ทิพย์ ฤาชัยตระกูล,Apisit Ruchaitrakul,≤100
104668064974489,อ๋อง ภวฤทธิ์ - ไทยสร้างไทยเชียงใหม่ เขต1,อ๋อง ภวฤทธิ์ - ไทยสร้างไทยเชียงใหม่ เขต1,≤100
113782578365416,รวมไทยสร้างชาติ เชียงใหม่,ปรีชาพล รัตนมณี,≤100
103943018154038,บุญสืบ จันทร์แจ่มศรี ปุ๊,บุญสืบ จันทร์แจ่มศรี,≤100
104060547853700,หมอรักษ์ พรรคภูมิใจไทย,Nawarat Dilokkunanant,≤100
112967547280040,เก่ง ชัยณรงค์ ภู่พิสิฐ,Tharit Naksawat,≤100
103290836047096,พี่เอกจาตุรันต์#เพื่อนกันสมุทรปราการเขต 3,Jathurun Bunbenjarat,≤100
369326170305129,เทวัญ ลิปตพัลลภ Tewan Liptapallop,เทวัญ ลิปตพัลลภ Tewan Liptapallop,≤100
110954691955005,ณภัสนันท์ อรินทคุณวงษ์ - Napassanan Arintakunawong,ninety two tech ads,≤100
207416296817756,พรรคก้าวไกลราชบุรี - Move Forward Party,Unnop Sricharoenchai,≤100
1551751431783222,The Momentum,The Momentum,≤100
110124428667637,อดิสัณห์ ชัยวิวัฒน์พงศ์-เทศป้อม,Adison Chaiwiwatpong,≤100
101493419239768,สุรธัช เณรภักดี - เณรปอน ไทยภักดี นครศรีธรรมราช,สุรธัช เณรภักดี - เณรปอน ไทยภักดี นครศรีธรรมราช,≤100
101573459356406,ภัทรพงศ์ ภัทรประสิทธิ์ - Phattrapong Phattraprasit,Suparerk Poopipatpinyo,≤100
110863091226908,เสวก ประเสริฐสุข,เสวก ประเสริฐสุข,≤100
100707529597990,พรรคเพื่อไทย จังหวัดตราด,พรรคเพื่อไทย จังหวัดตราด,≤100
102119372069250,สจ. ธานินท์ นวลวัฒน์,Studio415,≤100
1756789451111192,นายทัศนัย สุขประสาร,Thatsanai Sukprasan,≤100
530945957405983,Nitipon Piwmow - นิติพล ผิวเหมาะ,นิติพล ผิวเหมาะ,≤100
102206278613304,อรไพลิน อัครเลิศวรปรีชา,อรไพลิน อัครเลิศวรปรีชา,≤100
112801548095347,กาญจนา ภวัครานนท์ - ฟลุ๊ค,These ads ran without a disclaimer,≤100
111515101459256,องอาจ วงษ์ประยูร,สาธิดา วงษ์ประยูร,≤100
107628191145278,คลองสามวา เขต17 Fcเพื่อไทย,คลองสามวา เขต17 Fcเพื่อไทย,≤100
111270371545562,Songkran เสื้อยืดมือสอง USA ปลีก-ส่ง V.2,These ads ran without a disclaimer,≤100