﻿Page ID,Page name,Disclaimer,Amount spent (CHF)
100332749664541,Ja zum Klimaschutz-Gesetz,JA zum Klimaschutz,≤100
97220294896,SP Schweiz,SP Schweiz,≤100
104176871670876,Renteninitiative - Für eine sichere & nachhaltige Altersvorsorge,Verein Renteninitiative,≤100
162745750462776,Mieterinnen- und Mieterverband MV,Mieterinnen- und Mieterverband MV,≤100
1054282644596776,GE-démocratie,GE-démocratie,≤100
100213996124067,Grünliberale Sektion Emmen-Hochdorf,Grünliberale Sektion Emmen-Hochdorf,≤100
290544665132087,Jasmin Ursprung,Jasmin Ursprung,≤100
169752569742293,Schweizerischer Gewerbeverband sgv,Schweizerischer Gewerbeverband sgv,≤100
169510248558,Die Mitte - Le Centre,Die Mitte,≤100
111081131629685,Blackout stoppen,Volksinitiative «Jederzeit Strom für alle (Blackout stoppen)»,≤100
185972504782621,FDP.Die Liberalen Luzern,FDP.Die Liberalen Luzern,≤100
105890175750510,Luca Carbone  lucacarbone.ch,Luca Carbone,≤100
216444012216,EDU - UDF (Eidgenössisch-Demokratische Union),Eidgenössisch-Demokratische Union Schweiz,≤100
1526697364280066,Partito Socialista Ticino,Partito Socialista Ticino,≤100
784812424962943,Tele Z,TELE Z,≤100
102149056050165,Simon Leu,Simon Leu,≤100
154976914534194,Save the Children Schweiz/Suisse,Save the Children Schweiz,≤100
1483343695307824,Campax,Campax,≤100
125466200895962,Valentin Landmann,Sven Kunz,≤100
259871484198551,Thomas Matter,Thomas Matter,≤100
97721121385,Public Eye,Public Eye,≤100
191199475064849,Energie Club Schweiz,Energie Club Schweiz,≤100
102014399307738,Direkt,direkt,≤100
983775695036102,Gianluca Pardini,Gianluca Pardini,≤100
264952450282664,JUSO Luzern,JUSO Luzern,≤100
106321615725425,Oui à la Loi climat,Oui à la loi climat,≤100
353685744720476,Jungfreisinnige Stadt Luzern,Jungfreisinnige Stadt Luzern,≤100
2246378485612019,ASI - Associazione Svizzera Inquilini,ASI - Associazione Svizzera Inquilini,≤100
100844786282093,SÌ alla Legge clima,Sì alla legge clima,≤100
48980326364,Public Eye,Public Eye,≤100
1524954517562834,Prominis,Prominis GmbH,≤100
756722317788172,FDP.Die Liberalen Stadt Luzern,FDP.Die Liberalen Stadt Luzern,≤100
104820235801310,Politische Rechte für geistig Behinderte,Lukas Paul Spichiger,≤100
372803770225965,Mario Cozzio - GLP,Mario Cozzio - GLP,≤100
122849551077569,Democrats Abroad Switzerland,Democrats Abroad,≤100
104009029660183,Die Junge Mitte Kanton Luzern,Die Junge Mitte Kanton Luzern,≤100
1439209716323593,UDC Ticino,UDC Ticino,≤100
921336971288655,Nagra,Nagra,≤100
809697199378485,Sandra Cellarius,Sandra Alice Cellarius,≤100
80305304937,Grünliberale Partei Sursee,Grünliberale Partei Sursee,≤100
1504706079628728,ASLOCA Suisse,ASLOCA Suisse,≤100
1492503634364441,Liste d'Union Populaire,Ensemble à Gauche-Genève,≤100
100980232576650,Muriel Langenberger,Muriel Langenberger,≤100
218538701651843,Union suisse des arts et métiers usam,Schweizerischer Gewerbeverband sgv,≤100
114231361547107,SVP Wahlkreis Hochdorf LU,SVP - Wahlkreis Hochdorf LU,≤100
105590639145209,Andri Hummel in den Kantonsrat,Andri Mario Hummel,≤100
117741198303856,FDP Kanton Zürich,FDP Kanton Zürich,≤100
663896104043182,Kultur Luzern,Kultur Luzern,≤100
167983071434,SP Kriens,SP Kriens,≤100
1100444546752110,Rémy Oudin,Rémy Oudin,≤100
200905173303222,"SCI Switzerland (Schweiz, Suisse, Svizzera)","SCI Switzerland (Schweiz, Suisse, Svizzera)",≤100
101670246199662,Claudia Wicki-Huonder,Claudia Wicki-Huonder,≤100
117253641676210,SVP Stadtpartei Frauenfeld,These ads ran without a disclaimer,≤100
291359247729208,PS Suisse,PS Suisse,≤100
175478195846132,Les Vert·e·s suisses,Grüne Schweiz,≤100
502938426404635,Kirman Hotels,These ads ran without a disclaimer,≤100
2011711805804937,Haus von Eden,These ads ran without a disclaimer,≤100