﻿Page ID,Page name,Disclaimer,Amount spent (USD)
107330044933868,UNDP Africa,These ads ran without a disclaimer,≤100
270082823183144,Canton Fair,These ads ran without a disclaimer,≤100
141289332596921,PECB,These ads ran without a disclaimer,≤100
274600149369558,Afrimag,These ads ran without a disclaimer,≤100
215762698455412,شبكة رؤية الإخبارية,These ads ran without a disclaimer,≤100
1655063151268329,قناة دعوة الفضائية,These ads ran without a disclaimer,≤100