﻿Page ID,Page name,Disclaimer,Amount spent (EUR)
108894298039380,Milojko Spajić,Milojko Spajić - Pokret Evropa sad,≤100
313006358903165,Građanski pokret URA,Građanski pokret URA,≤100
1420588184916754,Aleksa Becic - Demokrate - Demokratska Crna Gora,Aleksa Becic - Demokrate - Demokratska Crna Gora,≤100
103656618479791,SNP CG - Socijalistička narodna partija Crne Gore,Marija Radinović,≤100
58776108439,Socijaldemokratska partija Crne Gore - SDP,Socijaldemokratska partija Crne Gore - SDP,≤100
291831471242238,Damir Šehović,Damir Šehović,≤100
103575562072435,Raško Konjević,Socijaldemokratska partija Crne Gore,≤100
103585292124869,Slobodna Crna Gora,Slobodna Crna Gora,≤100
103645778920740,Portal Dnevno,Portal Dnevno,≤100
111114298487036,Web Mind,These ads ran without a disclaimer,≤100