﻿Page ID,Page name,Disclaimer,Amount spent (JPY)
1904070096535109,スマート選挙,株式会社センキョ,728
475681929154100,国連UNHCR協会,国連UNHCR協会,157
208661552479830,日本財団,Shigeru Fujita,≤100
239558679475625,株式会社トマス技術研究所,Kenji Fukutomi,≤100
1615481598672156,Blueair Japan Official,These ads ran without a disclaimer,≤100
104533215755145,ZOE_Japan,ZOE Japan,≤100
1899665293632534,チームラボ採用 / teamLab Recruit,These ads ran without a disclaimer,≤100
236792844915124,Symview-シムビュー,These ads ran without a disclaimer,≤100
1672330153015605,透明アクリル業者票,アドアチーブ株式会社,≤100
105456521377112,Trang Nguyễn,These ads ran without a disclaimer,≤100
649747982030597,SOICO株式会社,These ads ran without a disclaimer,≤100
289931618238873,法輪功は素晴らしいですが、なぜ迫害されたのか,Luu Nga,≤100
115736368132854,Blue Sincere ブルーシンシア,These ads ran without a disclaimer,≤100
127831886126123,Africa Health ExCon,These ads ran without a disclaimer,≤100
1399099193667071,WP Creative Group,These ads ran without a disclaimer,≤100