﻿Page ID,Page name,Disclaimer,Amount spent (MYR)
221159141657466,Newswav,Newswav - Malaysia Latest News,≤100
157791694829873,Manndzri,Manndzri,≤100
104583751158392,Pustaka Permata Ummah,Pustaka Permata Ummah,≤100
220590201291065,Parti Islam Se-Malaysia (PAS) Pusat,Parti Islam Se-Malaysia (PAS) Pusat,≤100
479387615411779,Pemuda PAS Malaysia,Dewan Pemuda PAS Malaysia,≤100
109567768566893,Dakwah Pedalaman,Portal Mudah,≤100
103406462160763,Nat Market,VIDARA SDN BHD,≤100
11726505964,Astro AWANI,Astro AWANI,≤100
195105060510135,Kementerian Dalam Negeri (KDN),Aiman Hakim Bin Mohd Yusof,≤100
105786804486436,中文阅读网,These ads ran without a disclaimer,≤100
155707591143880,Prof. Dr Zainur Rashid Zainuddin,Yayasan Ikhlas,≤100
103627275288286,Lumi News Malaysia,Lumi Global Sdn Bhd,≤100
202159623191198,Kosmo Online,Kosmo Online,≤100
110330625151721,Chew & Co.,Chew & Co.,≤100
101551396138506,LifePost 爱生活,These ads ran without a disclaimer,≤100
167047123315520,Bernama TV,These ads ran without a disclaimer,≤100
517210464961612,刘华才博士,PGRM,≤100
219745198133003,Ustaz Haji Shahril Azman Bin Abd Halim Al Hafiz,Rafi'uddin Bin Kamaruddin,≤100
274030749389323,Pusat Khidmat ADUN Selama,Pusat Khidmat ADUN Selama,≤100
358755581658775,Benny Kuok 郭嘉荣,Chan Weng Kuok,≤100
87363369882,Sinar Harian,Sinar Harian,≤100
119405895873,Huawei,These ads ran without a disclaimer,≤100
761870613900500,CCTV 中文,These ads ran without a disclaimer,≤100
101863121947455,Dazma Shah,Dazma Shah,≤100
663424353704332,sinarplus,SinarPlus,≤100
332368703579842,Syed Ibrahim Syed Noh,Parti Keadilan Rakyat,≤100
110830488505576,Perikatan Nasional Klang,Muhammad Dzahiruddin Nasir,≤100
327277427664416,Nor Idayu Hashim,Nor Idayu Hashim,≤100
846837278740835,Shatiri FanClub  - Kota Damansara,YB Shatiri Mansor,≤100
330750857632133,Che'GuBard Original,Ahmad Anwar Asyraf Bin Ismail,≤100
164492150267814,Dewan Muslimat PAS Melaka,Dewan Muslimat PAS Melaka,≤100
105274205729426,Mohd Johari Bin Hussain,Salman Bin Mohd Zaki,≤100
233238730629575,Na'im Brundage,Na'im Bin Brundage,≤100
511561258941414,Bong Jenn Fonng 黄振峰,Bong Jenn Fonng,≤100
107799670664916,Vantros IM Laser - So Young,These ads ran without a disclaimer,≤100
108213478238644,AllSight Malaysia,AllSight Malaysia,≤100
173935606013378,PahangKu Media,Salman Bin Mohd Zaki,≤100
401340596873929,The True Net,Yoke Har Ng,≤100
199039390167044,Ameerah Malaysia,Ameerah Malaysia,≤100
110616053654362,Mohamad Ali Mohamad,Mohamad Ali Bin Mohamad,≤100
230445633883,Jabatan Penerangan Malaysia,Jabatan Penerangan Malaysia,≤100
474963719253432,Yayasan Ikhlas,Yayasan Ikhlas,≤100
107047938456392,Jam2u.com,VIDARA SDN BHD,≤100
109918387978015,沒有中間商賺差價,These ads ran without a disclaimer,≤100
326770580739640,Revive Israel Tikkun Global,These ads ran without a disclaimer,≤100
1556481434584901,Paul Xavier,These ads ran without a disclaimer,≤100
106894858726624,Save the Children International,These ads ran without a disclaimer,≤100