﻿Page ID,Page name,Disclaimer,Amount spent (EUR)
105785675757412,Happy,These ads ran without a disclaimer,≤100
331832984040,LichtBlick,LichtBlick,≤100
22541752487,Greenpeace Deutschland,Greenpeace Deutschland,≤100
102169625710148,ClimaClic,Burda Direct GmbH,≤100
341486659645594,FDP Fraktion Bundestag,Fraktion der Freien Demokraten im Deutschen Bundestag,≤100
236934790401,UNO-Flüchtlingshilfe,UNO-Flüchtlingshilfe,≤100
161273245888,Save the Children Deutschland,Save the Children Deutschland,≤100
111501317017740,Motatos Deutschland,Motatos,≤100
170688644503,UNICEF Deutschland,UNICEF Deutschland,≤100
121678260974,Initiative Neue Soziale Marktwirtschaft (INSM),Initiative Neue Soziale Marktwirtschaft,≤100
164014383647221,BARMER,BARMER,≤100
1790920000965539,CDU CSU Europa,CDU/CSU-Gruppe in der EVP-Fraktion im Europäischen Parlament,≤100
107898832590939,European Commission,European Commission,≤100
169367889785454,Arbeitgeberverband Gesamtmetall,Arbeitgeberverband Gesamtmetall,≤100
104641917753059,Forschung ist die beste Medizin,Verband Forschender Arzneimittelhersteller e.V.,≤100
368169643204974,Deutsche Bank Schüler-Karriere,Deutsche Bank Schüler-Karriere,≤100
103919417972272,Unabhängige Beauftragte für Fragen des sexuellen Kindesmissbrauchs,Unabhängiger Beauftragter für Fragen des sexuellen Kindesmissbrauchs,≤100
171844246207985,taz,TAZ Verlags- und Vertriebs GmbH,≤100
144380008933707,SPD-Fraktion im Bundestag,SPD-Bundestagsfraktion,≤100
352736338253081,Futurium,Futurium,≤100
200752383293733,International Justice Mission,International Justice Mission,≤100
2188342231399828,HSI/Deutschland,HSI Europe,≤100
478399422560922,KadeFungin,DR. KADE,≤100
218786540044,WWF Deutschland,WWF Deutschland,≤100
185420864938924,Interzero,These ads ran without a disclaimer,≤100
201065353264638,yello,yello,≤100
582382331851756,Prometheus - Das Freiheitsinstitut,Prometheus - Das Freiheitsinstitut,≤100
259770724096761,Animal Equality Germany,Animal Equality Germany e.V.,≤100
82734241364,Campact e.V.,Campact e.V.,≤100
1200588670058774,LAND.SCHAFFT.WERTE,LAND.SCHAFFT.WERTE,≤100
100345702834585,All Out Deutschland,All Out,≤100
1062482463795133,Liebesleben,Bundeszentrale für gesundheitliche Aufklärung (BZgA),≤100
147547541961576,Council of the European Union,Council of the European Union,≤100
44511549119,Konrad-Adenauer-Stiftung,Konrad-Adenauer-Stiftung e.V.,≤100
503345659690341,hsp,hsp - Die Fundraiser,≤100
1093989863995799,hep,hep global GmbH,≤100
1509790395958123,Aktion gegen den Hunger,Aktion gegen den Hunger,≤100
123292927706635,junge Welt,junge Welt,≤100
111698888335211,Daskannkunststoff,ALPLA Werke Alwin Lehner GmbH & Co KG,≤100
1440878759561839,WeMove Europe,WeMove Europe,≤100
56497026719,SOS-Kinderdörfer weltweit,SOS-Kinderdörfer weltweit Hermann-Gmeiner-Fonds Deutschland e.V.,≤100
456442717841951,HarperCollins Deutschland,Verlagsgruppe HarperCollins Deutschland GmbH,≤100
2211978065729846,Bundesministerium für Ernährung und Landwirtschaft - BMEL,Bundesministerium für Ernährung und Landwirtschaft,≤100
223829854355699,Frosch,Frosch,≤100
108141357768918,PRIO1 - Das Klima-Netzwerk,Klimastiftung für Bürger,≤100
263503200272,Welthungerhilfe,Welthungerhilfe,≤100
109573920927141,Ichwillfair,Initiative für nachhaltige Agrarlieferketten,≤100
136260152219,World Vision Deutschland e.V.,World Vision Deutschland e.V.,≤100
1077260675704647,Wohnglück,Impleco GmbH,≤100
514480748740424,FES KommunalAkademie,"Friedrich-Ebert-Stiftung, KommunalAkademie",≤100
675589985972309,HateAid,HateAid gGmbH,≤100
1947378708884004,Initiative Frosch,Initiative Frosch,≤100
286350444716030,UN-Dekade Wiederherstellung von Ökosystemen,UN-Dekade-Büro c/o nova-Institut GmbH,≤100
1176675472454246,CAPinside.com,CAPinside GmbH,≤100
114186703597807,VIER PFOTEN,VIER PFOTEN,≤100
332923170220,ONE Deutschland,ONE Deutschland,≤100
109316361840166,Climony For Future,climony,≤100
200229763665425,Rheinhessische,Rheinhessische Energie- und Wasserversorgungs-GmbH,≤100
133306764192,NABU Bundesverband,NABU Bundesverband,≤100
168504623205787,Stadtportal Wernigerode,Stadt Wernigerode,≤100
1508446642792459,Vattenfall,Vattenfall Deutschland,≤100
201417363210028,Deutsches Hygiene-Museum,Stiftung Deutsches Hygiene-Museum,≤100
343364921106,Caritas international,Caritas international,≤100
103453699750,ROBIN WOOD e.V.,ROBIN WOOD e.V.,≤100
104389425384135,Arbeitgeber Land Hessen,Hessisches Ministerium des Innern und für Sport,≤100
102392679384422,Heimat Neumünster,Heimat Neumünster,≤100
194436357268781,Deutsche Atlantische Gesellschaft,Deutsche Atlantische Gesellschaft e.V.,≤100
846335975484709,The Generation Forest,The Generation Forest eG,≤100
593476900673774,ifaw,ifaw,≤100
106557304106077,Plan E,stiftung elektro-altgeräte register,≤100
442641152463575,EGIS,EGIS VERWALTUNGS GMBH,≤100
2264160857188955,Kachelofenwelt,GVOB – GesamtVerband OfenBau e.V.,≤100
111088040478068,Rolf Epple Stiftung,Rolf Hendrik Epple,≤100
417517061951550,Einfach da für dich,ABDA - Bundesvereinigung Deutscher Apothekerverbände e. V.,≤100
1739138546404072,iwd,IW Medien,≤100
130534873659391,Green Planet Energy,Green Planet Energy eG,≤100
108431103901464,Zentralverband des Deutschen Dachdeckerhandwerks e. V.,"Zentralverband des Deutschen Dachdeckerhandwerks Fachverband Dach-, Wand- und Abdichtungstechn. e.V.",≤100
100468876017523,Welcoming Out,Welcoming Out gUG (haftungsbeschränkt),≤100
1004883576238809,GoodJobs,GoodJobs GmbH,≤100
198244400189055,Entega,ENTEGA Plus GmbH,≤100
102918022164831,Your Data Mirror,Interactive Media Foundation gGmbH,≤100
109268274798247,E-Fuels-Forum,CLASSIC Tankstellen GmbH & Co. KG,≤100
116449375528,foodwatch,foodwatch e.V.,≤100
217786668379580,350.org Deutschland,350.org Deutschland,≤100
386510604761682,Anker,These ads ran without a disclaimer,≤100
107517705260832,Kayra,These ads ran without a disclaimer,≤100