﻿Page ID,Page name,Disclaimer,Amount spent (COP)
132840983520233,Gobernación del Atlántico,Gobernación del Atlántico,74686
101871502791636,Carlos Acosta Juliao Oficial,Toro Digital,37472
1488419784774409,Alcaldía de Soledad,Alcaldía Municipal de Soledad,24793
1119413181474050,El Avispero Mov,Movilizatorio,22489
460297427472944,Corporación  Educativa Politécnico La Salle,Corporación Educativa Politécnico La Salle,22400
1147318942107929,Todos Somos Una,DEBRAIN LLC,9549
598343456889649,Maximo Noriega R.,Maximo Noriega R.,8880
194315573916010,Norma Hurtado Sanchez,Norma Hurtado Sánchez,3638
33735247931,Néstor Brugés,Néstor Brugés,3283
1815626541807349,Agencia de Periodismo Investigativo,Norbey Quevedo Hernandez,2901
141361183156268,Juan Carlos Upegui,Juan Carlos Upegui,2663
597006313643580,Gobernación del Valle del Cauca,Gobernación Valle del Cauca,2344
485720484847795,Ciro  Alejandro Ramirez Cortés,Ciro Alejandro Ramirez Cortés,2259
407615769604377,Mutante,Fundación Mutante,1790
2203948933156649,Oriana Zambrano Montoya,Oriana Teotiste Zambrano Montoya,1575
1699094717042360,Tania Fernández Sánchez,Tania Fernández Sánchez,1434
110095518587579,Verdad & Pruebas,Verdad & Pruebas,1276
1314470175266037,Liderazgo politico,Mauricio Florez-Morris,1223
1150942755027141,MMconsultor,MMconsultores,1153
2325955664348883,Cristhian Gómez,These ads ran without a disclaimer,1014
446016199240073,SERGIO MENDOZA,Sergio Mendoza,956
112155252163421,Sebastián López V.,Sebastian Lopez Valencia,906
515010172233659,Alvaro Mantilla,Alvaro Mantilla,863
148553182705913,Claudia Andrade Barrancabermeja Libre,Sebastian Giral Gomez,838
838927469815494,Diana Diago,Diana Marcela Diago,813
969143216462972,Felipe Cañizalez,Andreina Quintero Correa,794
1649671688486614,Juan Carlos Muñoz Sepulveda,Juan Carlos Sepulveda Muñoz,654
104697775825452,Maties Cute,These ads ran without a disclaimer,450
179003239458192,Jorge Humberto Rangel,Jorge Rangel,446
328788654224284,JuancamiloNews,Juan Camilo Jaramillo Ospina,360
105186491441647,Alvaro Narvaez Diaz,These ads ran without a disclaimer,322
835710939898329,Paulina Aguinaga,Paulina Aguinaga,272
1400280116941194,Fabian Diaz,Fabian Diaz,244
466445923412524,Miguel Ángel Barreto,Joshua Escobar Rengifo,218
1102089866560913,Boyacá Noticias,Diego Alexander Perez Sanabria,199
1529335724037224,Aeropuerto del Café,INTUAL,182
1242864402475742,BC Noticias,Oscar Javiar Bayona Villada,150
111248191341056,Linda Pinedo Puello,Carlos Andres Perez Lopez,147
101746488178952,PSA Abogados Empresarial,These ads ran without a disclaimer,126
201504926957834,Luis M. Carvajalino,Luis Manuel Carvajalino Quin,125
957315377742375,Pollo Solano,Mario Luis Solano Lizcano,120
104571062527908,Subsidios Para El País - Colombia,These ads ran without a disclaimer,≤100
103031081572545,Juan José Cubides,Juan José Cubides,≤100
121717528487698,Confidence Chile,These ads ran without a disclaimer,≤100
110863968578214,Fundación Sueños de Oro,These ads ran without a disclaimer,≤100
100481338357144,Comunas de Medellin,Comunas de Medellin,≤100
324718631509952,Cartago Soy Yo,Yaneth Alexandra Quintero Herrera,≤100
415910721915879,Hector Fabio Velasco Hernandez,Hector Fabio Velasco,≤100
104225931872147,Canal 6 Fusagasugá,Camilo Andres Nieto Poveda,≤100
102719636072188,Punto Educativo,These ads ran without a disclaimer,≤100
104194058046531,Omar Enrrique Ortega,Omar Enrrique Ortega,≤100
101978933230493,DHL,These ads ran without a disclaimer,≤100
127031794038958,Blue Marine Foundation,These ads ran without a disclaimer,≤100
101325199267025,F & M Brands Global Full,These ads ran without a disclaimer,≤100
338205530623,قناة الحوار - Alhiwar TV,These ads ran without a disclaimer,≤100
116308369063243,Kambria,These ads ran without a disclaimer,≤100
111269601874307,Comunidade da criança,These ads ran without a disclaimer,≤100
107078532290859,Kristin Parker,These ads ran without a disclaimer,≤100
209171846096099,Fotógrafo de Galápagos,These ads ran without a disclaimer,≤100
106620807391911,Roche,These ads ran without a disclaimer,≤100
105955335714645,Exsprout-store,These ads ran without a disclaimer,≤100
101090099546806,greenlybachue,These ads ran without a disclaimer,≤100
183268198375231,Pablo Ramírez Mánager,Pablo Ramírez Company,≤100