﻿Page ID,Page name,Disclaimer,Amount spent (COP)
2158318667815480,Nancy Henao Ruiz,Nancy Concejal Verde,15758
597006313643580,Gobernación del Valle del Cauca,Gobernación Valle del Cauca,9931
1242864402475742,BC Noticias,Oscar Javiar Bayona Villada,9515
1119413181474050,El Avispero Mov,Movilizatorio,6168
987563698019371,Duván Murillo Diputado,Duvan Murillo,4661
1147318942107929,Todos Somos Una,DEBRAIN LLC,2332
1588561874548381,Carlos Alfredo García - Abogado,Carlos Alfredo García - Abogado,2096
141361183156268,Juan Carlos Upegui,Juan Carlos Upegui,1710
194315573916010,Norma Hurtado Sanchez,Norma Hurtado Sánchez,1094
107868007400413,Risaralda Opina,Risaralda Opina,1004
485720484847795,Ciro  Alejandro Ramirez Cortés,Ciro Alejandro Ramirez Cortés,845
2203948933156649,Oriana Zambrano Montoya,Oriana Teotiste Zambrano Montoya,841
460297427472944,Corporación  Educativa Politécnico La Salle,Corporación Educativa Politécnico La Salle,834
407615769604377,Mutante,Fundación Mutante,761
1815626541807349,Agencia de Periodismo Investigativo,Norbey Quevedo Hernandez,619
179003239458192,Jorge Humberto Rangel,Jorge Rangel,566
53177129367,Dilian Francisca Toro Torres,Dilian Francisca Toro,450
112155252163421,Sebastián López V.,Sebastian Lopez Valencia,367
1699094717042360,Tania Fernández Sánchez,Tania Fernández Sánchez,350
2325955664348883,Cristhian Gómez,These ads ran without a disclaimer,323
515010172233659,Alvaro Mantilla,Alvaro Mantilla,255
148553182705913,Claudia Andrade Barrancabermeja Libre,Sebastian Giral Gomez,234
838927469815494,Diana Diago,Diana Marcela Diago,217
104697775825452,Maties Cute,These ads ran without a disclaimer,212
1649671688486614,Juan Carlos Muñoz Sepulveda,Juan Carlos Sepulveda Muñoz,204
110095518587579,Verdad & Pruebas,Verdad & Pruebas,188
969143216462972,Felipe Cañizalez,Andreina Quintero Correa,184
328788654224284,JuancamiloNews,Juan Camilo Jaramillo Ospina,169
1314470175266037,Liderazgo politico,Mauricio Florez-Morris,168
1529335724037224,Aeropuerto del Café,INTUAL,168
851680034864966,Proantioquia,FUNDACION PARA EL DESARROLLO DE ANTIOQUIA. ANTIOQUIA POR COLOMBIA,121
835710939898329,Paulina Aguinaga,Paulina Aguinaga,116
1150942755027141,MMconsultor,MMconsultores,112
1400280116941194,Fabian Diaz,Fabian Diaz,≤100
466445923412524,Miguel Ángel Barreto,Joshua Escobar Rengifo,≤100
103031081572545,Juan José Cubides,Juan José Cubides,≤100
1102089866560913,Boyacá Noticias,Diego Alexander Perez Sanabria,≤100
689470488084597,Joan Manuel,Andres Felipe Lopez Borja,≤100
446016199240073,SERGIO MENDOZA,Sergio Mendoza,≤100
107204794960194,Instituto Técnico La Salle,Instituto Técnico La Salle,≤100
415910721915879,Hector Fabio Velasco Hernandez,Hector Fabio Velasco,≤100
100481338357144,Comunas de Medellin,Comunas de Medellin,≤100
33735247931,Néstor Brugés,Néstor Brugés,≤100
104571062527908,Subsidios Para El País - Colombia,These ads ran without a disclaimer,≤100
101746488178952,PSA Abogados Empresarial,These ads ran without a disclaimer,≤100
121717528487698,Confidence Chile,These ads ran without a disclaimer,≤100
957315377742375,Pollo Solano,Mario Luis Solano Lizcano,≤100
324718631509952,Cartago Soy Yo,Yaneth Alexandra Quintero Herrera,≤100
104194058046531,Omar Enrrique Ortega,Omar Enrrique Ortega,≤100
333652197285167,Jorge Ramírez,Jorge Hernan Ramirez Barreto,≤100
102719636072188,Punto Educativo,These ads ran without a disclaimer,≤100
101978933230493,DHL,These ads ran without a disclaimer,≤100
183268198375231,Pablo Ramírez Mánager,Pablo Ramírez Company,≤100
101090099546806,greenlybachue,These ads ran without a disclaimer,≤100
209171846096099,Fotógrafo de Galápagos,These ads ran without a disclaimer,≤100
127031794038958,Blue Marine Foundation,These ads ran without a disclaimer,≤100
338205530623,قناة الحوار - Alhiwar TV,These ads ran without a disclaimer,≤100
101325199267025,F & M Brands Global Full,These ads ran without a disclaimer,≤100