﻿Page ID,Page name,Disclaimer,Amount spent (ISK)
573559522797177,Flokkur fólksins,Flokkur Fólksins,2931
737169626371453,Heimildin,Stundin,511
88342113892,Landvernd umhverfisverndarsamtök,Landvernd,486
276600879474149,Icelandic Wildlife Fund,The Icelandic Wildlife Fund,278
108295544832396,Jóhann Páll Jóhannsson,Jóhann Páll Jóhannsson,233
154893001218870,ADHD samtökin,ADHD samtökin,107
114057194960942,Samstöðin: Fréttir,Samstöðin ehf,≤100
123618754345051,Umhverfisstofnun,Umhverfisstofnun,≤100
111830524657428,Flæði - Vatnsmeðferðir,These ads ran without a disclaimer,≤100