﻿Page ID,Page name,Disclaimer,Amount spent (EUR)
946505742089103,Demokratski front,Demokratski front,≤100
100919256271184,Андрија Мандић - Andrija Mandić,Нова српска демократија,≤100
1420588184916754,Aleksa Becic - Demokrate - Demokratska Crna Gora,Aleksa Becic - Demokrate - Demokratska Crna Gora,≤100
107633972588243,Milo Đukanović,DPS Crne Gore,≤100
75782787032,Pokret za Promjene,Pokret za Promjene,≤100
252814308920994,Digital Forensic Center - DFC,Digital Forensic Center,≤100
455365674500777,CAZAS,Triple-M,≤100
106620772324031,Vladimir Martinović,Vladimir Martinovic,≤100
100628711754140,Nihad Canović,Nihad Canović,≤100
102416722029565,"Innovate4Climate, I4C 2023 - Bilbao",These ads ran without a disclaimer,≤100
102251318064432,Organon,These ads ran without a disclaimer,≤100