﻿Page ID,Page name,Disclaimer,Amount spent (EUR)
189701254384965,Eneco,Eneco,774
336575811655,Gemeente Rotterdam,Gemeente Rotterdam,367
444504516075907,Shell,Shell,343
132031878648,Natuurmonumenten,Vereniging tot Behoud van Natuurmonumenten in Nederland,253
1637965639787416,Nacht van de Vluchteling,Nacht van de Vluchteling,178
164448196903465,Simavi,Simavi,178
288295911466,Greenpeace Nederland,Greenpeace Nederland,177
428670174395114,Vattenfall,Vattenfall Nederland,174
83439828234,Milieudefensie,Milieudefensie,109
100993049941618,Gemeente Den Haag,Gemeente Den Haag,104
57729029960,Amnesty International Nederland,Amnesty International Nederland,103
159449970751999,Save the Children Nederland,Save the Children Nederland,≤100
159616160731599,KNVB,KNVB,≤100
108588405832078,Amref Flying Doctors NL,Amref Flying Doctors NL,≤100
115289021825188,Oxfam Novib,Oxfam Novib,≤100
203753056314055,Varkens in Nood,Varkens in Nood,≤100
115027651906533,Wakker Dier,Stichting Wakker Dier,≤100
165625476919894,CNV Vakmensen,CNV Vakmensen,≤100
112530232090434,NPO,NPO,≤100
54779960819,United Nations,United Nations with Facebook Ad Credits,≤100
201751609836046,Dokters van de Wereld (NL),Dokters van de Wereld (NL),≤100
189390074967767,Toegift,Toegift/Stichting Diensten voor Goede doelen,≤100
139858509373289,UNICEF Nederland,Unicef Nederland,≤100
488054904564547,ifaw,Stichting IFAW,≤100
93833638834,Plan International NL,Plan International Nederland,≤100
349312760804,World Vision Nederland,World Vision NL,≤100
288700097949818,Mijn Stem,Citisens,≤100
112230998444893,Steunfonds Laatste Wil,Lars Grijpma,≤100
404247949634770,CARE Nederland,CARE Nederland,≤100
133720236695807,Werken voor Nederland,Werken voor Nederland,≤100
117483088313381,CIWF Nederland,CIWF Nederland,≤100
514814491878400,NVVE,NVVE,≤100
115027651906533,Wakker Dier,Wakker Dier,≤100
100660309175869,NieuwRechts,NieuwRechts.nl,≤100
198486356863605,Longfonds,Longfonds,≤100
285512534937,Terre des Hommes Nederland,Terre des Hommes Nederland,≤100
114824741963035,Kom over en help,St. Kom over en help,≤100
202247686455791,KRO-NCRV,KRO-NCRV,≤100
128393027527,SP,SP,≤100
93833638834,Plan International NL,Plan International NL,≤100
1830425247191865,Cordaid,Cordaid,≤100
269793629749221,ZOA,ZOA,≤100
110720535616160,Gemeente Rijswijk,Gemeente Rijswijk,≤100
279322925441065,Vastenactie,Vastenactie,≤100
121719834601889,FNV Vakbond,FNV Vakbond,≤100
145580068834607,Veteranendag,Veteranendag,≤100
171605059556434,World Animal Protection Nederland,World Animal Protection Nederland,≤100
38957713985,VPRO,VPRO,≤100
225160178094449,Corekees,Corekees,≤100
1409007399336866,BNNVARA,BNNVARA,≤100
436101979807727,Pointer (KRO-NCRV),KRO-NCRV,≤100
170725579702314,ActionAid Nederland,ActionAid,≤100
1710452295646695,Den Haag Meldt,Den Haag Meldt,≤100
143686555666670,Trees for All,Trees for All,≤100
211661062254003,ChristenUnie,ChristenUnie,≤100
34880713930,ACN - Kerk in Nood,Kerk in Nood Nederland,≤100
104322931921972,Broodnodig,These ads ran without a disclaimer,≤100
141801972540083,EW Magazine,EW Magazine,≤100
106370071810105,Cultuur onder Vuur NL,Stichting Civitas Christiana,≤100
114759875350,Leefbaar Rotterdam,Jerry Van Dorp,≤100
148404651881567,VNO-NCW,VNO-NCW,≤100
133687759997528,ASN Bank,ASN Bank,≤100
133018533398772,Stichting Move,These ads ran without a disclaimer,≤100
1722656998043900,Uniqkey A/S,These ads ran without a disclaimer,≤100
124564577597743,Ministerie van Economische Zaken en Klimaat,Ministerie van Economische Zaken en Klimaat,≤100
222029491143966,Free Press Unlimited,Free Press Unlimited,≤100
403772503084759,Rijksdienst voor Ondernemend Nederland - RVO,Rijksdienst voor Ondernemend Nederland - RVO,≤100
190231243842,De Groene Amsterdammer,De Groene Amsterdammer,≤100
116592248404562,Rode Hoed,Rode Hoed,≤100
147683725284795,Mercy Ships Holland,Mercy Ships Holland,≤100
261743583890104,Mensen met een Missie,Mensen met een Missie,≤100
208250375865238,Woord en Daad,Stichting Woord en Daad,≤100
142080576837,Vrij Nederland,Vrij Nederland,≤100
480539702005665,DE VERLEIDERS,DE VERLEIDERS,≤100
160001040736183,Fairtrade Nederland,Fairtrade Nederland,≤100
256330771194175,Iedereen mediawijs,Iedereen mediawijs,≤100
985934598100413,Water Natuurlijk Fryslân,Water Natuurlijk Fryslân,≤100
1586038428202115,Siriz,Stichting Siriz,≤100
105784111524296,Ekō NL,Ekō NL,≤100
1474612649511154,FNV Zorg & Welzijn,FNV Zorg & Welzijn,≤100
116709535026239,Debatpodium Arminius,Stichting Arminius / Debatpodium Arminius,≤100
248146915232092,JOVD,JOVD,≤100
105339817717917,Gezin in Gevaar,Stichting Civitas Christiana,≤100
473492249475971,Stirezo Pro-life,Stichting Civitas Christiana,≤100
100455310014019,Solidaridad,Solidaridad,≤100
112486717952649,Super Rich Tax,GuidingTube,≤100
486293704724646,Krnwtr+ / Zereau Drinks,KRNWTR,≤100
542701052543711,NedZink,NedZink,≤100
272751376080288,FairWork,Francien Winsemius,≤100
178362315106,European Parliament,European Parliament,≤100
388281274593522,Samsam Magazine,Samsam Magazine,≤100
160464877301633,Waddenvereniging,Waddenvereniging,≤100
769751776468587,Argan,Stichting Argan,≤100
301641784038642,Strong Babies,Strong Babies,≤100
349172388461654,Stagehuis Schilderswijk,Stagehuis Schilderswijk,≤100
444575518984718,D66 Venray,D66 Venray,≤100
313228288806437,Motivaction International,Motivaction International B.V.,≤100
318502745709789,NoMorePlastic,NoMorePlastic,≤100
89151782746,Fauna & Flora International,These ads ran without a disclaimer,≤100
698451706850384,CDA Noordwijk-Noordwijkerhout-De Zilk,Duivenvoorde Sebastiaan,≤100
210455475818306,Stadsbelang Utrecht,Stadsbelang Utrecht,≤100
1432336870356280,Plastic Soup Surfer,Plastic Soup Surfer,≤100
106491429483582,SDOK,SDOK,≤100
291038524280578,Huis van Belle,These ads ran without a disclaimer,≤100
298960446807287,Blink,These ads ran without a disclaimer,≤100
112828704499012,de_belegger,These ads ran without a disclaimer,≤100
612984478813856,Henry Harvin Education,These ads ran without a disclaimer,≤100
528421427241283,Inwonersbelangen,Inwonersbelangen,≤100
105955311154401,Onlinestemtool.nl,Onlinestemtool.nl,≤100
109391388543268,Mariana Alves,These ads ran without a disclaimer,≤100
111846733645827,Kennispunt Lokale Politieke Partijen,Kennispunt Lokale Politieke Partijen,≤100
107880037304918,Radboud Fonds,Stichting Radboud Fonds,≤100
108966741644172,Koray Beserler 1,These ads ran without a disclaimer,≤100
101152096022679,Reilly Todd,These ads ran without a disclaimer,≤100
679710902118363,Here to Support,These ads ran without a disclaimer,≤100
158714780827513,UNFPA,These ads ran without a disclaimer,≤100
121071210928713,Наши в Европе,These ads ran without a disclaimer,≤100
144709575593854,EESC - European Economic and Social Committee,EESC - European Economic and Social Committee,≤100
1405955883005969,Festival TREK,These ads ran without a disclaimer,≤100
107042108303694,Partij Sleutelstad Leiden,Politieke Vereniging PS (Partij Sleutelstad),≤100
527351247377965,European Committee of the Regions,European Committee of the Regions,≤100
1212926025482591,DURF,DURF,≤100
122775067736304,POWER magazine,These ads ran without a disclaimer,≤100
161666143844859,Sandvik,These ads ran without a disclaimer,≤100
28312410177,World Food Programme,These ads ran without a disclaimer,≤100
1656590977890066,IDEO U,These ads ran without a disclaimer,≤100
100964879545752,niloofar.asadi62,These ads ran without a disclaimer,≤100
110748221476603,Angel Investors,These ads ran without a disclaimer,≤100
117730514578220,Наши в Европе,These ads ran without a disclaimer,≤100