﻿Page ID,Page name,Disclaimer,Amount spent (EUR)
101519168409673,Dimitar Kovacevski,СДСМ,≤100
148427235188637,СДСМ - Социјалдемократски сојуз на Македонија,СДСМ,≤100
100954761298205,frontline.mk,frontline.mk,≤100
192483774872658,Демократи,Демократи,≤100
1677572455714659,Јорго Огненовски,Jorgo Ognenovski,≤100
445469652211682,Bujar Osmani,Bujar Osmani,≤100
100444041691285,LSDM - Lidhja Socialdemokrate e Maqedonisë,СДСМ - Социјалдемократски сојуз на Македонија,≤100
324459714339171,Civil MK,Civil MK,≤100
1482737048633478,Институт за комуникациски студии ИКС / Institute of Communication Studies,Институт за комуникациски студии,≤100
834430179960751,СДСМ Ѓорче Петров,SDSM Gjorce Petrov,≤100
102860779377395,Само кажувам,Slavcho Nedelkovski,≤100
461034264336817,24инфо.мк,24инфо.мк,≤100
400497373674524,СамоПрашај.мк,Institut za komunikaciski studii,≤100
100751933349940,Институт за европска политика (ЕПИ)/European Policy Institute - EPI,Институт за европска политика (ЕПИ)/European Policy Institute - EPI,≤100
335085593528267,Sloboden Pecat,Sloboden Pecat,≤100
590981394365638,Maksim Dimitrievski,Maksim Dimitrievski,≤100
106175234344995,Зоран Коцевски,Zoran Kocevski,≤100
164829683652900,Faktor.mk,Faktor.mk,≤100
149032011830930,Centar.mk,Centar.mk,≤100
287369438092961,Бојан Стојаноски,Бојан Стојаноски,≤100
207681736096529,Љупчо Пренџов / Ljupco Prendjov,Љупчо Пренџов,≤100