﻿Page ID,Page name,Disclaimer,Amount spent (USD)
118534504566498,hamlat.alwazeer,These ads ran without a disclaimer,≤100
133223738568337,BMC News LIVE,BMC News LIVE,≤100
152559474759057,bahrain.bh,These ads ran without a disclaimer,≤100
100884009485439,American Global Consulting - Education,These ads ran without a disclaimer,≤100
259983971235868,Alshabaka Events & Tents,These ads ran without a disclaimer,≤100
175590267993,Al Majalla,These ads ran without a disclaimer,≤100
102839468523186,APEX อันดับหนึ่งเลเซอร์ขน,These ads ran without a disclaimer,≤100
110177867131162,Ajman Houses,These ads ran without a disclaimer,≤100
450326391674911,Allianz,These ads ran without a disclaimer,≤100