﻿Page ID,Page name,Disclaimer,Amount spent (EUR)
121065838444,Women's Aid,Women's Aid,≤100
105374762485355,We Consent,DRCC,≤100
18135444535,Trocaire,Trocaire,≤100
291699857688,EPP Group in the European Parliament,EPP Group in the European Parliament,≤100
158961023733,Amnesty International-Ireland,Amnesty International-Ireland,≤100
449282445418073,Irish Foreign Ministry,Department of Foreign Affairs and Trade,≤100
260630414430823,Department of Social Protection,Department of Social Protection,≤100
6891149895,Concern Worldwide,Concern Worldwide,≤100
439786533246186,Irish Human Rights & Equality Commission,"All Human, All Equal",≤100
291934661006674,HSE Ireland,HSE Ireland,≤100
455196627967510,Gas Networks Ireland,Gas Networks Ireland,≤100
201612129410,Oxfam,Oxfam Ireland,≤100
395121633857254,SEAI,SEAI,≤100
40411146661,Irish Heart Foundation,Irish Heart Foundation,≤100
1606428376342650,Senator Paul Gavan SF,Senator Paul Gavan SF,≤100
156701534946054,My Waste Ireland,My Waste Ireland,≤100
107898832590939,European Commission,European Commission,≤100
122938653695,Wind Energy Ireland,Wind Energy Ireland,≤100
580763859048353,Gript,Gript,≤100
165050580250025,Development Perspectives,Development Perspectives,≤100
247809738564793,Belong To,BeLonG To Youth Services,≤100
131456653566112,Skillnet Ireland,Skillnet Ireland,≤100
280965412440,National Youth Council of Ireland,National Youth Council of Ireland,≤100
112289898015469,Fair Seas,Fair Seas,≤100
116151744907,IIEA,IIEA,≤100
541250599362726,Protect Life,Family & Life,≤100
337495229149,All Ireland Rally for Life,Life Institute,≤100
1486666311655495,Chris MacManus MEP,Chris MacManus MEP,≤100
100857334937,World Vision Ireland,World Vision Ireland,≤100
810880028999581,Dublin Inquirer,Dublin Inquirer,≤100
178362315106,European Parliament,European Parliament,≤100
1665309010423674,Business Plus,These ads ran without a disclaimer,≤100
224615650378,Pro Life Campaign Ireland,Pro Life Campaign,≤100
267353906619818,Mr. Gugu & Miss Go,These ads ran without a disclaimer,≤100
137357969666256,GCN,GCN,≤100
101930202126045,Suicide Fighter,These ads ran without a disclaimer,≤100
193629300835,VOICE - Voice of Irish Concern for the Environment,VOICE - Voice of Irish Concern for the Environment,≤100
1613719375533223,Senator Shane Cassells,Shane Cassells,≤100
101668682611759,Благодійний фонд A36,These ads ran without a disclaimer,≤100
102635655320437,Number Match - Logic Puzzle Game,These ads ran without a disclaimer,≤100
130340509967548,Camel Investments,These ads ran without a disclaimer,≤100