﻿Page ID,Page name,Disclaimer,Amount spent (IDR)
101350709331663,G24News.tv,Yayasan Golkar Institut SPKP,1220907
68793499001,UNICEF,UNICEF with Facebook Ad Credits,199789
143840239716746,Indozone.id,PT. INDOZONE MEDIA INDONESIA,183757
103292932453775,GP Tapal Kuda,Ganjar Nusantara Indonesia,174105
101851468280755,RUMAH KITA Lamongan,Ganjar Nusantara Indonesia,133374
102317908914727,Climate Justice Indonesia,Climate Justice Indonesia,100575
326822061530978,Dinas Kominfo Nganjuk,Aditya Rachmat Pamungkas,75068
103117879108618,Jatim Untuk Ganjar,Ganjar Nusantara Indonesia,74700
103110502426027,Jatim Dukung Ganjar,Ganjar Nusantara Indonesia,69213
101396779210463,Rumah Kita Jatim,Ganjar Nusantara Indonesia,65363
102060486500863,The Jakarta Post,PT. Bina Media Tenggara,47489
342449962923657,Berita Ganjar Pranowo,Ganjar Nusantara Indonesia,44544
1408188616062841,Sofitel Bali Nusa Dua,Sofitel Bali Nusa Dua Beach Resort,38753
257708510916897,Dea Tunggaesti,Dea Tunggaesti,38118
107965558190911,Bansos by DTKS,Mirza Eko Purwanto,35068
166178460072395,اليونيسف بالعربية - UNICEF in Arabic,اليونيسف باستخدام اعتمادات الإعلان على الفيسبوك,31463
106559844743969,kumparanplus,PT. Dynamo Media Network,28939
110865154735990,Koran Harian Tanah Air,Muhammad Miftakhunnaim,25598
106758122177598,Sahabat Sejati Reglow,These ads ran without a disclaimer,24280
102273039070802,Info Terkini,Muhammad Miftakhunnaim,22402
197545083607941,Harian Kompas,Harian Kompas,21222
173776079818775,Saiful Mujani,Saidiman,20953
112287718233835,Tuban terlihat,Ganjar Nusantara Indonesia,20834
101348296012080,Batu raya merangkul,Ganjar Nusantara Indonesia,19380
106151352188226,Pamekasan cerah,Ganjar Nusantara Indonesia,19325
102465072563116,Pelindung bondowoso,Ganjar Nusantara Indonesia,18978
39253583478,PDI Perjuangan,Muhammad Miftakhunnaim,18851
111345751661034,Sampang terhebat,Ganjar Nusantara Indonesia,18631
105195635486519,Klise Nusantara,Ganjar Nusantara Indonesia,18614
105831108888060,Pasuruan bersama,Ganjar Nusantara Indonesia,18442
107126438755201,Mata situbondo,Ganjar Nusantara Indonesia,18391
109984318465038,Ngawi keren,Ganjar Nusantara Indonesia,18356
100734202741306,Ponorogo hebat,Ganjar Nusantara Indonesia,18315
105348782270164,Kontrol trenggalek,Ganjar Nusantara Indonesia,18311
108368611961682,Pusat mojokerto,Ganjar Nusantara Indonesia,18211
105337025602786,Lumajang terpandang,Ganjar Nusantara Indonesia,18170
109933408468992,Intisari malang,Ganjar Nusantara Indonesia,18069
103856925756142,Membaur surabaya raya,Ganjar Nusantara Indonesia,17817
109071325223743,Lamongan satu,Ganjar Nusantara Indonesia,17796
108526685278844,Warna warni blitar,Ganjar Nusantara Indonesia,17680
102292785914950,Idola pacitan,Ganjar Nusantara Indonesia,17632
105869408883391,Sumenep gembira,Ganjar Nusantara Indonesia,17626
100712919410182,Sidoarjo tersenyum,Ganjar Nusantara Indonesia,17622
104262792380394,Update jombang,Ganjar Nusantara Indonesia,17595
100580589422621,Cahaya bojonegoro,Ganjar Nusantara Indonesia,17553
103778105764269,Rangkuman madiun raya,Ganjar Nusantara Indonesia,17525
108268591971532,Banyuwangi pedia,Ganjar Nusantara Indonesia,17504
102342702575723,Lentera bangkalan,Ganjar Nusantara Indonesia,17371
109247435205581,Gresik berwarna,Ganjar Nusantara Indonesia,17348
104108629063055,Kediri bermakna,Ganjar Nusantara Indonesia,17342
110056788323890,Pikiran Indonesia,Ganjar Nusantara Indonesia,17295
103813185760502,Tulungagung cerah,Ganjar Nusantara Indonesia,17228
100184799462772,Update magetan,Ganjar Nusantara Indonesia,17086
106706392132350,Probolinggo info,Ganjar Nusantara Indonesia,16956
103394729135185,Cerita jember,Ganjar Nusantara Indonesia,16898
107565455160464,Indonesia Opini,Ganjar Nusantara Indonesia,16719
106730535462607,Nilai nganjuk,Ganjar Nusantara Indonesia,16589
108676115131939,Nusantara Cerdas,Ganjar Nusantara Indonesia,16555
105308715676825,Filosofi Indonesia,Ganjar Nusantara Indonesia,16161
202555993805088,Caption,Ganjar Nusantara Indonesia,16156
101338198587608,Indonesia Luar Biasa,Ganjar Nusantara Indonesia,16043
100493776029547,SiCaleg - Aplikasi Pemilihan Legislatif,SiCaleg,15899
101601538648991,Gerindra Lampung Official,"Asroni Paslah, S.Pd",15884
104799384898162,Indonesia Berkabar,Ganjar Nusantara Indonesia,15159
113058461386521,Mercusuar Indonesia,Ganjar Nusantara Indonesia,15129
100676262667808,Story Nusantara,Ganjar Nusantara Indonesia,15042
110547131467051,Ikfina Fahmawati,Diovanka Darmawan,13539
100147872667354,Kata Nusantara,Ganjar Nusantara Indonesia,13377
101760624522103,DPP Banteng Muda Indonesia,Farid Wahyudi,13234
228998964266672,Pemprov Jawa Timur,Ayu Fitria Mandarasari,12187
109083348423534,Untuk Rakyat,Muhammad Miftakhunnaim,11944
320858334728047,Partai Solidaritas Indonesia,Partai Solidaritas Indonesia,11589
102656349157647,Tugimanisme,Ganjar Nusantara Indonesia,7943
101403669397488,Nikmatul Sugiyarto,Juniar Dwi Harianto,7873
417235025304279,Sumber Rezeki Books Store,These ads ran without a disclaimer,7825
103013484811323,Jangan Lupa Sejarah,John Kamnahas,7331
110368964786452,Kemajuan Bersama,Muhammad Miftakhunnaim,5760
110952238516382,Kiki Daliyo,Juniar Dwi Harianto,5341
104830667806476,Melihat Indonesia,Ganjar Nusantara Indonesia,4606
103642302499894,Reglow Skincare BPOM,These ads ran without a disclaimer,4386
102497641558430,Indonesia Tolak HOAX,Muhammad Miftakhunnaim,4166
104427162506872,Fakta Anies,Fakta Anies,3884
40841178757,Elnino Mohi,Elnino Mohamad Husein Mohi,3741
303339530017265,Huawei For Indonesia,These ads ran without a disclaimer,3624
110100218339060,Wahai Ibu Pertiwi,Muhammad Miftakhunnaim,3431
104830667806476,Melihat Indonesia,Melihat Indonesia,3326
108695584343029,Baik Untuk Kita,Muhammad Miftakhunnaim,3305
101076948451651,Masa Depan Kita,Muhammad Miftakhunnaim,3220
100739975934515,Kemajuan Tanah Air,Muhammad Miftakhunnaim,3164
102626198026698,Rika Sudjiman,Juniar Dwi Harianto,3039
100359258525418,Pemulihan Lebih Baik,Muhammad Miftakhunnaim,2882
101679818973699,Sahabat Ganjar Pranowo,John Kamnahas,2669
100738338510838,Bangkitlah Indonesia,Iwan Hardiansyah,2352
108571334357297,Melangkah Lebih Baik,Muhammad Miftakhunnaim,2054
110952238516382,Kiki Daliyo,Dwi Wantoro,1718
111705291366075,Sobat Erick Thohir,Antonius Maghu Ate,1539
104843487722931,Portal Islam id,Portal Islam ID,1503
100879728277263,100 Juta Like Fans Berat Jokowi-Ahok,H. Dimjati,1409
103584384805755,Soloraya Terkini,Ganjar Nusantara Indonesia,1334
101403669397488,Nikmatul Sugiyarto,Ganjar Nusantara Indonesia,1193
338740510222539,"Rohmat Marzuki, S.Hut - Sarjana Kehutanan Mbangun Deso",Rohmat Marzuki,1101
111950628388763,Sahabat palestina,These ads ran without a disclaimer,844
103581752405141,Sobar Harahap,Ganjar Nusantara Indonesia,838
1500139846952052,Howel and Co,These ads ran without a disclaimer,469
110750361762052,Pikiran Rakyat,Desta Darmawansyah,444
1091942584184034,"Drs. H. Syamsuar, MSi",Syamsuar.id,266
114460673670696,Pati Raya ID,Ganjar Nusantara Indonesia,154
100398849135155,Sandiku Sayang,Iwan Hardiansyah,≤100
391593760918889,Rachael Burgess,These ads ran without a disclaimer,≤100
102199795319206,Pablo Marçal Oficial,These ads ran without a disclaimer,≤100
124252504303223,UNICEF (FR),UNICEF avec des crédits publicitaires Facebook,≤100
167878593236712,UNICEF en español,UNICEF con créditos publicitarios de Facebook,≤100
188842724507690,مفوضية اللاجئين,These ads ran without a disclaimer,≤100