﻿Page ID,Page name,Disclaimer,Amount spent (PKR)
108032181861181,Suno News HD,SUNO TV,181
107703715013954,JTR Media House,JTR Media House,≤100
204305176293161,Alamgir Khan,Alamgir Khan,≤100
109493084543028,Four Corners with Tarar,NEXT TV,≤100
124541487213657,Jawab Do with Farrukh Shahbaz Warraich,PNN,≤100
543755195637715,Mian Aslam,Mian Aslam,≤100
101160702224736,White News,White News,≤100
111021638285303,Chaudhry Aurangzeb,Chaudhry Aurangzeb,≤100
977981842265214,Pukaar,Pukaar,≤100
144494398930201,Jamaat-e-Islami Pakistan,Jamaat-e-Islami Pakistan,≤100
252434368713670,Humayun Akhtar Khan,Humayun Akhtar Khan,≤100
133648753466105,Group Development Pakistan,Group Development Pakistan,≤100
312736868781586,Albader Darbar Qadria Fazlia,Albader Darbar Qadria Fazlia,≤100
407889229718531,Sardar Tanveer Ilyas Khan,Sardar Tanveer Ilyas Khan,≤100
113870800131466,H.I Allama Raja Nasir Abbas Jafri,Muhammad Dilawar,≤100
304781399652673,Jamshed Iqbal Cheema,Jamshed Iqbal Cheema,≤100
101080725159933,Allama Shabbir Hasan Maisami,Allama Shabbir Hasan Maisami,≤100
171980796153771,Siraj ul Haq,Siraj ul Haq,≤100
105601235613570,Chaudhary Faisal Ali Bhulla -PTI UK,Chaudhary Faisal Ali Bhulla -PTI UK,≤100
103767962366726,Mehar Tariq Sajjad MPA PP116,Muhammad Umar,≤100
108727162154282,Azhar Iqbal,Azhar Iqbal,≤100
105690462092880,MM News Videos,MM Digital PVT LTD,≤100
108876282120706,Qazi Shafiq,Qazi Shafiq,≤100
148143495361532,Hafiz Farhat Abbas,Hafiz Farhat Abbas,≤100
97429917898,ProPakistani,ProPakistani,≤100
196186547486631,Mahr Mohsin Raza,Mahr Mohsin Raza,≤100
104954558438777,Asif Khan Mehsud,These ads ran without a disclaimer,≤100
104699294839888,Pakistan Tribune,Pakistan Tribune,≤100
172811916079618,NICH - National Institute Of Child Health,These ads ran without a disclaimer,≤100
100112112760730,Adeel Ali Khan,Adeel Ali Khan,≤100
240488586026340,"SINA Health, Education & Welfare Trust","SINA Health, Education & Welfare Trust",≤100
1221551921269506,Mahar Sajjad Cheena,Mahar Sajjad Cheena,≤100
565225540184937,CGTN,These ads ran without a disclaimer,≤100
327115907736300,Asia Global Institute,These ads ran without a disclaimer,≤100
163431977114538,Teleflex,These ads ran without a disclaimer,≤100
427787940590188,Радио Китай,These ads ran without a disclaimer,≤100
108539767622533,Nuray Chen,These ads ran without a disclaimer,≤100
1518216038506999,CRI - Rádio Internacional da China,These ads ran without a disclaimer,≤100
164432246934163,Chopard,These ads ran without a disclaimer,≤100