﻿Location name,Amount spent (INR)
Andaman and Nicobar Islands,163
Andhra Pradesh,105515
Arunachal Pradesh,1335
Assam,14941
Bihar,41192
Chandigarh,2429
Chhattisgarh,104980
Dadra and Nagar Haveli,898
Delhi,45598
Goa,3179
Gujarat,52936
Haryana,39621
Himachal Pradesh,8110
Jammu and Kashmir,6325
Jharkhand,17454
Karnataka,42745
Kerala,13015
Lakshadweep,≤100
Madhya Pradesh,342957
Maharashtra,189420
Manipur,150
Meghalaya,1012
Mizoram,2960
Nagaland,727
Odisha,13636
Puducherry,610
Punjab region,36263
Rajasthan,195976
Sikkim,1314
Tamil Nadu,24000
Telangana,129451
Tripura,2084
Unknown,≤100
Uttar Pradesh,123496
Uttarakhand,16956
West Bengal,33550