﻿Page ID,Page name,Disclaimer,Amount spent (CAD),Number of ads in Library
230448456985193,Elections Ontario,Elections Ontario,3009,18
104386908631938,Pathways Alliance,Pathways Alliance,2711,6
103805636333615,Quality Canadian Milk - Lait canadien de qualité,Quality Canadian Milk - Lait canadien de qualité,2420,18
303473312998028,FedEx,FedEx,2021,4
595964430504028,Mayors' Council on Regional Transportation,Mayors' Council on Regional Transportation,1717,15
162936387068600,Ontario Public Service Employees Union (OPSEU),Ontario Public Service Employees Union (OPSEU/SEFPO),1624,36
180862678644381,Ontario NDP,Ontario NDP,1210,59
113297740077607,Canadian Energy Centre,Canadian Energy Centre,1124,89
186266941387011,BMO Financial Group,BMO Financial Group,981,2
154462904588700,Enbridge Gas,Enbridge Gas,913,84
844239722367708,Innovative Medicines Canada / Médicaments novateurs Canada,Innovative Medicines Canada / Médicaments novateurs Canada,842,118
5794733873,David Suzuki Foundation,David Suzuki Foundation,840,23
167800183238142,YourAlberta (Government of Alberta),YourAlberta (Government of Alberta),766,3
106917558391358,Alliance nouvelles voies,Pathways Alliance,686,2
19750184960,Greenpeace Canada,Greenpeace Canada,668,89
27321532378,Pierre Poilievre,Conservative Party of Canada - Parti conservateur du Canada,607,4
633812813408377,Elections Canada,Elections Canada,588,26
185083894875909,Pathways to Education Canada / Passeport pour ma réussite Canada,Pathways to Education Canada,580,20
5661704203,Conservative Party of Canada - Parti conservateur du Canada,Conservative Party of Canada - Parti conservateur du Canada,577,38
367773226675582,The Home Depot,The Home Depot,523,5
9333642607,TELUS,TELUS,520,4
281999881613,World Vision Canada,World Vision Canada,517,9
1522162571382952,Oceana Canada,Oceana Canada,515,18
168106993245736,Canada Post,Canada Post,513,2
6095483909,Canadian Taxpayers Federation,Canadian Taxpayers Federation,503,58
283487578481273,Énergir,Énergir,484,15
1097840090260804,National Police Federation,National Police Federation,464,53
169928686425623,UFCW Local 401,UFCW Local 401,453,8
453724058039992,viaSport British Columbia,viaSport British Columbia,453,27
203485052997041,Hospital Employees' Union,Hospital Employees' Union,433,12
31912359596,University of Saskatchewan,University of Saskatchewan,428,13
104853517861788,Surrey’s Say on Policing,National Police Federation,419,1
107385241806,Plan International Canada,Plan International Canada,416,39
16761458703,University of British Columbia,The University of British Columbia,396,6
132872270152600,SaskEnergy,SaskEnergy,357,2
35715544220,Stand.earth,Stand.earth,351,16
109270528573715,𝐂𝐚𝐩𝐢𝐭𝐚𝐥 𝐂𝐥𝐮𝐛,These ads ran without a disclaimer,344,5
115835521825983,UNHCR Canada,UNHCR Canada,344,28
194782249201,Canadian Association of Petroleum Producers (CAPP),Canadian Association of Petroleum Producers,340,23
182629491891136,First Nations Health Authority,First Nations Health Authority,337,22
114943114838621,Fuel Forward,Canadian Fuels Association,333,38
153447518036926,Kiehl's,These ads ran without a disclaimer,330,1
143249880633,World Animal Protection Canada,World Animal Protection Canada,298,20
114104888684854,Élections Ontario,Elections Ontario,297,12
263417217038472,Forest Products Association of Canada,Forest Products Association of Canada,284,8
612093308848274,Port of Vancouver,Vancouver Fraser Port Authority,252,2
203652059653094,Government of British Columbia,Government of British Columbia,247,1
10633250963,Save the Children Canada,Save the Children Canada,232,26
123235041462,The Fraser Institute,Fraser Institute,230,18
108425434716453,Dehors par URBANIA,URBANIA MEDIA,226,7
21751825648,Justin Trudeau,Liberal Party of Canada | Parti libéral du Canada,199,54
9226212436,SaskPower,SaskPower,197,1
254245404682417,C.D. Howe Institute,C.D. Howe Institute,196,13
114849617772737,Care2 Canada,Press Pause Collective,195,8
52543970197,Environmental Defence Canada,Environmental Defence,188,8
473133932730673,Le Support de la Société québécoise de la déficience intellectuelle,Le Support de la Société québécoise de la déficience intellectuelle,188,4
126625247383774,Export Development Canada - Exportation et développement Canada,Export Development Canada - EDC,187,17
107367301047611,George Chahal,George Chahal,180,2
161817467263,Nova Scotia Government,Government of Nova Scotia,178,1
266408097438964,Canadian Consumer Rewards Coalition,Canadian Consumer Rewards Coalition,177,3
101898551911387,The Hub Canada,Hub Canada Media,174,95
73970658023,International Rescue Committee,These ads ran without a disclaimer,168,1
111755861837453,"Eugene Manning for PC Leader, Newfoundland and Labrador",Eugene Manning Campaign,162,18
208067655942289,Postes Canada,Canada Post,158,2
313429995379496,Saskatchewan Union of Nurses,Saskatchewan Union of Nurses,157,2
222322717930469,Government of New Brunswick,Government of New Brunswick,156,1
106360778489053,Fuelling Canada,Canadian Gas Association,156,72
100999094747422,Land Needs Guardians,Land Needs Guardians,153,4
169042736456594,All Out,ConnectAd,153,27
113246738704586,Northern Territories Federation of Labour,Northern Territories Federation of Labour,152,37
185448584824663,Calgary Health Foundation,Calgary Health Foundation,150,5
107151709065261,Gary Crawford,Gary Crawford Scarborough—Guildwood PC Campaign,149,16
121127820923190,The Canada Africa Growth Coalition,The Canada Africa Growth Coalition,148,10
107756318982458,Sean Webster,Kanata-Carleton PC Riding Association,148,10
1589839557920915,National Disability Credit Alliance,National Disability Credit Alliance,147,1
7522587804,Green Party of Ontario,Green Party of Ontario,146,6
568938803293644,True North,True North,141,4
14742445214,BC Green Party,BC Green Party,139,36
197337921788,Dying With Dignity Canada,Dying With Dignity Canada,126,19
405377872902754,Canada Action,Canada Action,124,7
105754167560390,Ekō Canada,Ekō,122,1
106432095003415,Our Nova Scotia RCMP,National Police Federation,118,15
114312524502,City of Surrey,City of Surrey,115,4
152759126824,Enbridge,Enbridge,114,2
133126913418452,Electrolux,Electrolux,113,2
214866875236330,PROMIS,Promis Immigration,104,9
200217723858499,Tony Wakeham,"Tony Wakeham, MHA for Stephenville - Port au Port",102,4
190035081047277,International Fellowship of Christians and Jews of Canada,International Fellowship of Christians and Jews of Canada,≤100,4
146592973368,Sunnybrook Health Sciences Centre,Sunnybrook Foundation,≤100,45
144952302745324,Nuclear Waste Management Organization,the Nuclear Waste Management Organization,≤100,3
113451888040685,KW Energy Home Services,KW Energy Home Services,≤100,1
101535288988376,Ontario's Clean Energy Advantage,Association of Power Producers of Ontario,≤100,2
1671097993122619,Children Believe,Children Believe,≤100,11
39315431246,Fair Vote Canada/Représentation équitable au Canada,Fair Vote Canada/Représentation équitable au Canada,≤100,7
168889579973,Fondation David Suzuki,Fondation David Suzuki,≤100,7
191240938428019,Le Devoir BIS,Le Devoir,≤100,6
228128483994287,RBC Race for the Kids Toronto,RBC Race for the Kids Toronto,≤100,28
247550302115830,Elections Saskatchewan,Elections Saskatchewan,≤100,2
111231197686977,The Breach,The Breach,≤100,6
361634250595693,Victoriaville et sa région,MRC d'Arthabaska,≤100,4
121222984568561,Amnesty International Canada,Amnesty International Canada,≤100,51
316627528373625,Le Festif de Baie-Saint-Paul,Le Festif de Baie-Saint-Paul,≤100,3
78753328415,Dogwood BC,Dogwood BC,≤100,2
54578722992,Wilderness Committee,Wilderness Committee,≤100,2
925033857594085,SureHealth Canada by GreenShield,SureHealth,≤100,26
142580569097102,Ontario Liberal Party / Parti Libéral de l'Ontario,Ontario Liberal Party / Parti Libéral de l'Ontario,≤100,13
392629388021829,Ally Global Foundation,Ally Global Foundation,≤100,13
139019864276,Oxfam Canada,Oxfam Canada,≤100,1
116207779747238,Jasraj Singh Hallan,MP Jasraj Singh Hallan,≤100,1
1919973584883295,The Maple,The Maple,≤100,3
54125409458,Oxfam-Québec,Oxfam-Québec,≤100,1
106764462731658,Honest Reporting Canada,Honest Reporting Canada,≤100,5
193076897427025,Fenplast,Fenplast,≤100,1
104321259649840,CATIE,CATIE,≤100,11
109934690732777,Encorp Atlantic/Atlantique,Encorp Atlantic / Atlantique,≤100,8
119123001761,Salut Bonjour,These ads ran without a disclaimer,≤100,1
985797494956599,The News Forum,The News Forum,≤100,30
108587420188,United Way Greater Toronto,United Way Greater Toronto,≤100,40
191368391620181,BC Cannabis Stores,BC Cannabis Stores,≤100,5
599601796904723,Humane Society International/Canada,Humane Society International/Canada,≤100,4
137821525367,Yukon Federation of Labour,Yukon Federation of Labour,≤100,43
11974905918,World Accord,World Accord,≤100,6
468844636547019,Gouvernement du Nouveau-Brunswick,Government of New Brunswick,≤100,1
63358436494,Naître et grandir,Naître et grandir,≤100,5
184856436064,Canadian Centre for Child Protection,Canadian Centre for Child Protection,≤100,2
1589045731340171,Colin Carrie,Colin Carrie,≤100,1
233017897569896,Emplois en régions,Emplois en régions,≤100,7
278388139026064,Patrick Brown,Patrick Brown,≤100,7
127882984614,Manitoba NDP,Manitoba NDP,≤100,3
1590219921201770,Élections Canada,Élections Canada,≤100,22
1344251769044889,BC Rental Project,BC Rental Project,≤100,6
513913392293367,Saskatchewan Pulse Growers,Saskatchewan Pulse Growers,≤100,5
106365669977985,Unpointcinq,Unpointcinq,≤100,5
132996628184,City of Vancouver - Local Government,City of Vancouver - Local Government,≤100,1
196322807083503,OECTA - Ontario English Catholic Teachers Association,OECTA - Ontario English Catholic Teachers Association,≤100,8
98938445882,City of Coquitlam - Municipality,City of Coquitlam,≤100,5
605582973434788,Doctors Without Borders/Medecins Sans Frontieres (MSF),Doctors Without Borders/Médecins Sans Frontières (MSF) Canada,≤100,9
49370559799,Ducks Unlimited Canada,Ducks Unlimited Canada,≤100,3
167559993283868,Nature Québec,Nature Québec,≤100,2
714595698939267,TPC - Therapeutic Psilocybin for Canadians,Therapsil,≤100,7
49530722523,Ecojustice,Ecojustice,≤100,8
206962006904247,Le Grand Marché de Québec,Le Grand Marché de Québec,≤100,12
172806652795178,Edmonton Community Foundation,Edmonton Community Foundation,≤100,12
317158175535179,BitLife,These ads ran without a disclaimer,≤100,6
638391216643974,CodeBlue BC,CodeBlue BC,≤100,4
163765883653829,Watershed Watch Salmon Society,Watershed Watch Salmon Society,≤100,16
656974534493920,Kevin Lamoureux,Kevin Lamoureux,≤100,1
2002150870039027,Amarjot Sandhu,Brampton West PC Riding Association,≤100,1
113444472016147,Saskatchewan Science Centre,Saskatchewan Science Centre,≤100,3
105288666168351,SOS Children's Villages Canada,SOS Children's Villages Canada,≤100,10
353695508437982,Oceans North,Oceans North,≤100,11
262370800536,CanadaHelps,CanadaHelps,≤100,3
134455149912301,Seva Canada,Seva Canada,≤100,6
256219551228579,CUPE 905,CUPE 905,≤100,2
60266912006,Liberal Party of Canada | Parti libéral du Canada,Liberal Party of Canada | Parti libéral du Canada,≤100,8
428551390928740,Fondation Rideau Hall Foundation,Rideau Hall Foundation,≤100,5
425399447824959,The Templeton Prize,These ads ran without a disclaimer,≤100,1
213972982110718,Terry Beech,"Terry Beech, MP for Burnaby North Seymour",≤100,20
151220518390123,Canfor,Canfor,≤100,2
368355790316073,Municipality of Trent Hills,Municipality of Trent Hills,≤100,1
385453678169704,Association of Alberta Sexual Assault Services,Association of Alberta Sexual Assault Services,≤100,20
314738962745241,"Lloyd Parrott, MHA Terra Nova District","Lloyd Parrott, MHA Terra Nova District",≤100,3
572892516092329,"Yvan Baker, MP","Yvan Baker, MP",≤100,1
103940668400885,"Louise Lortie, conseillère municipale de Marc-Aurèle-Fortin","Louise Lortie, conseillère municipale",≤100,3
80851911931,Canadian Civil Liberties Association,Canadian Civil Liberties Association,≤100,26
121658954562795,Mark Gerretsen,Mark Gerretsen,≤100,1
101819006077752,NWT2023,Bruce Valpy,≤100,2
388152681730010,"Alex Ruff, MP","Alex Ruff, MP",≤100,1
118739134550330,Action collective - Centres de protection de la jeunesse,Alexeev Avocats inc.,≤100,1
111462478865180,City of Ottawa,City of Ottawa,≤100,6
842010632481715,National Observer,National Observer,≤100,1
179642688739082,Amnistie internationale Canada Francophone,Amnistie Internationale Canada Francophone,≤100,41
250225271678009,Canadian Generic Pharmaceutical Association,Canadian Generic Pharmaceutical Drug Association,≤100,2
432251040227428,Nathaniel Erskine-Smith,Nate Erskine-Smith Leadership Campaign,≤100,15
103655764654302,Indigenous Leadership Initiative,The Indigenous Leadership Initiative,≤100,1
189238771095303,The School of Public Policy - University of Calgary,School of Public Policy - The University of Calgary,≤100,1
290633408116,Le Quotidien,Le Quotidien,≤100,2
55017182671,North Vancouver District,District of North Vancouver,≤100,1
198161003562116,Vancouver Humane Society,Vancouver Humane Society,≤100,1
423019977746485,Ontario Council of Hospital Unions,Ontario Council of Hospital Unions-CUPE,≤100,3
258816197490589,Chaire DSPG de l'UQAM,Chaire DSPG de l'UQAM,≤100,3
159713615718,WWF-Canada,WWF-Canada,≤100,1
309470448515,Journal Mobiles,Journal Mobiles,≤100,2
102895714667734,Mères au front,Mères au front,≤100,3
541315122557352,CODE NGO,CODE NGO,≤100,3
161576757217190,City of Lethbridge- City Hall,City of Lethbridge- City Hall,≤100,2
195608229977,BC NDP,BC NDP,≤100,2
107347981003473,Heart of Carthage Real Estate Dubai,These ads ran without a disclaimer,≤100,1
1386941401579023,Marie-Claude Nichols - Députée de Vaudreuil,Marie-Claude Nichols - Députée de Vaudreuil,≤100,1
203135665808,Mississauga Parks & Recreation,City of Mississauga,≤100,4
214839395204315,Centre canadien de protection de l'enfance,Canadian Centre for Child Protection,≤100,1
73707923189,Bissell Centre,Bissell Centre,≤100,1
192090351516372,Angus Reid Forum/ Forum Angus Reid,Angus Reid Forum/ Forum Angus Reid,≤100,1
300803733315174,Canadian Roots Exchange - Échanges Racines Canadiennes,Canadian Roots Exchange,≤100,1
937166036298256,Tom Shypitka,Tom Shypitka Kootenay East MLA,≤100,1
150294235064565,Allstate Canada,Allstate Canada,≤100,2
182909785066621,The Regional Municipality of Durham,These ads ran without a disclaimer,≤100,1
100212538213540,Kenora-Rainy River Districts Child and Family Services,Kenora-Rainy River Districts Child and Family Services,≤100,1
208246269225407,Mulligan Defence Lawyers,Mulligan Defence Lawyers Law Corporation,≤100,1
168617319831578,Nature Canada,Nature Canada,≤100,2
1889849914634460,Shuv Majumdar,Shuvaloy Majumdar Campaign,≤100,1
100911698621,Centre for International Governance Innovation (CIGI),Centre for International Governance Innovation (CIGI),≤100,1
101341720011488,ONFR+,ONFR+,≤100,1
111582684014878,Ryan Williams MP Bay of Quinte,Bay of Quinte Conservative Association,≤100,2
778249265891813,"Brent Jones, Realtor",Brent Jones,≤100,2
539849506029629,Fondation Marie-Vincent,Fondation Marie-Vincent,≤100,5
885367448177343,Bob Zimmer MP,Bob Zimmer MP,≤100,4
129648666837,Unite Here! Local 40,Unite Here! Local 40,≤100,2
1646486398969762,Norm Letnick,Norm Letnick MLA Constituency Office,≤100,1
106002962487318,Campaign University,Campaign University,≤100,1
228440567251132,CPA Canada,CPA Canada,≤100,3
118424664526518,The Tax Recovery Pros,The Tax Recovery Pros,≤100,2
136772905237,Historica Canada,Historica Canada,≤100,2
36466839406,UQAC - Université du Québec à Chicoutimi,Université du Québec à Chicoutimi,≤100,1
176256900912,Saskatchewan Party,The Saskatchewan Party,≤100,11
216762411676381,Saskatchewan Arts Alliance,Saskatchewan Arts Alliance,≤100,3
167054910655,Ville de Québec,Ville de Québec,≤100,1
186898398016771,FRONT - Femmes Regroupées en Options Non Traditionnelles,FRONT - Femmes Regroupées en Options Non Traditionnelles,≤100,11
1599103463663052,Michael McLeod,Michael McLeod,≤100,2
426889104367570,Conseil régional de l'environnement du Centre-du-Québec,Conseil régional de l'environnement du Centre-du-Québec,≤100,1
1422990784605742,iA Financial Group (Industrial Alliance),iA Financial Group (Industrial Alliance),≤100,1
163428743693572,"City of Charlottetown, PE","City of Charlottetown, PE",≤100,1
136350861428,Sierra Club BC,Sierra Club BC,≤100,2
282331419131165,Community Action Team - Port Alberni,Port Alberni Community Action Team,≤100,1
414858950050,Conservation Council of New Brunswick,Conservation Council of New Brunswick,≤100,1
116486331729420,350 Canada,350 Canada,≤100,25
467348316733220,Tracy Gray,Tracy Gray,≤100,1
141546939208399,The Manitoba Real Estate Association,The Manitoba Real Estate Association,≤100,3
137835112950812,Egale Canada,Egale Canada,≤100,1
171760333399108,Ludovic Grisé Farand - Maire de Saint-Bruno,Ludovic Grisé Farand,≤100,1
103885101103552,Jean Coutu Rockland Laurier,PHARMALEAD,≤100,1
573168036030771,Heiltsuk Tribal Council,These ads ran without a disclaimer,≤100,1
107091792685943,City of Pitt Meadows,City of Pitt Meadows,≤100,1
112290410248573,IGA Extra Famille St-Jacques,ECOLEAD Marketing,≤100,1
103290118198670,Alberta Women's Health Foundation,Alberta Women's Health Foundation,≤100,9
1384607308450527,Jean Coutu Gaspé,PHARMALEAD,≤100,1
100371388906713,Jean Coutu St-Sauveur,PHARMALEAD,≤100,1
605582973434788,Doctors Without Borders/Medecins Sans Frontieres (MSF),These ads ran without a disclaimer,≤100,3
157003433121,SE Health,These ads ran without a disclaimer,≤100,1
557724307720097,Right Now,RightNow HQ Canada,≤100,1
141646062556362,Société de l’arthrite du Canada,Société de l’arthrite,≤100,1
112183950454035,Feminine Riles,Feminine Riles,≤100,1
127187990764230,City of Courtenay,City of Courtenay,≤100,1
46085362644,Regional Municipality of Wood Buffalo,Regional Municipality of Wood Buffalo,≤100,1
680726711994774,Uniprix Jean-Marc Bélanger,PHARMALEAD,≤100,2
107618132013209,"Cyclonu, World Naked Bike Ride, internationale de Montréal",These ads ran without a disclaimer,≤100,1
111388184945495,Restore Island Rail,RestoreIslandRail,≤100,1
12101479244,B'nai Brith Canada,B'nai Brith Canada,≤100,2
122317267509759,Carlo Simmons,Carlo Simmons,≤100,1
181799528533269,Ville de Mont-Tremblant,Ville de Mont-Tremblant,≤100,1
184737731927171,Queer Yukon,Queer Yukon,≤100,4
419813708382526,"Claude Larochelle, conseiller municipal de Fabreville","Claude Larochelle, conseiller municipal",≤100,4
111404328067824,Friends of Land Use Planning,Friends of Land Use Planning,≤100,4
108471601462923,Vendde,These ads ran without a disclaimer,≤100,1
148610955179339,L'Orienthèque,L'Orienthèque,≤100,1
394745970602999,The Council of Canadians,The Council of Canadians,≤100,1
316302965122489,Clean Energy Canada,Clean Energy Canada,≤100,2
1535437630032439,Apollo Cinema,These ads ran without a disclaimer,≤100,1
139043186159634,Ville de Victoriaville,Ville de Victoriaville,≤100,1
182452388854875,Goodman Commercial,Goodman Commercial,≤100,2
103350612362345,Strong Coast,Strong Coast,≤100,1
518574831553012,People's Alliance Party of NB - L'Alliance des Gens du NB,People's Alliance Party of NB - L'Alliance des Gens du NB,≤100,1
163974530411362,Jean Coutu M. D'Amours & M. Leclerc,PHARMALEAD,≤100,1
103912195154922,CiviX West Vancouver,CIVIX WEST VANCOUVER ELECTOR SOCIETY,≤100,1
101383048024137,Jean Coutu M. D'Amours,PHARMALEAD,≤100,1
101230802931549,Daryl King Team,These ads ran without a disclaimer,≤100,1
1824349487859307,Kinga Surma,Etobicoke Centre PC Riding Association,≤100,1
122498320824732,Safe Streets Vancouver,Safe Streets Vancouver,≤100,2
441171505899037,ByTowne Cinema,These ads ran without a disclaimer,≤100,1
1459524474331964,Jean Coutu Briggs Drugs,PHARMALEAD,≤100,1
187805263715,RÉZO,RÉZO,≤100,1
149725101896137,Stepping Stones Crisis Society,Stepping Stones Crisis Society,≤100,8
1480397205549576,Rachel Blaney North Island - Powell River MP,MP Rachel Blaney,≤100,2
211531832738216,Brunet Plus Sainte-Julienne,PHARMALEAD,≤100,1
358082838280,BC Federation of Labour,BC Federation of Labour,≤100,1
1670059186635128,Brunet Ste-Adèle,PHARMALEAD,≤100,1
472055129505752,Ville de Terrebonne,Ville de Terrebonne,≤100,2
145655439443421,"Jean Coutu 515 Boul. Lacombe, Repentigny - secteur Le Gardeur",PHARMALEAD,≤100,1
106095490765706,Ryan Turnbull,"Ryan Turnbull, MP",≤100,1
110211228746490,Pour un choix éclairé dans Nicolet-Yamaska,Pour un choix éclairé dans Nicolet-Yamaska,≤100,2
222039741253078,CUPE Saskatchewan,CUPE Saskatchewan,≤100,1
1538230646323033,SecondStreet.org,SecondStreet.org,≤100,1
242109115885979,Canadian Light Source,Canadian Light Source,≤100,4
109259964070785,Skeena Strong,The Skeena,≤100,3
918395134840916,Jason Nixon,"Jason Nixon, MLA for Rimbey-Rocky Mountain House-Sundre",≤100,2
171967029608513,Babita Kumari - Real Estate Professional,These ads ran without a disclaimer,≤100,1
102102912197372,"Pascale Albernhe-Lahaie, conseillère municipale - district des Rivières","Pascale Albernhe-Lahaie, conseillère municipale - district des Rivières",≤100,1
105755999519492,Liberal Party of NB / Parti libéral du NB,Liberal Party of NB / Parti libéral du NB,≤100,1
107665431192107,My Homegrown Symphony,These ads ran without a disclaimer,≤100,1
273762186689593,Jonathan Scott,Jonathan Scott for Ward 2 Councillor,≤100,2
122330701270825,VitalityMD,VitalityMD,≤100,3
108160965869032,Pride PEI,Pride PEI,≤100,1
354378431592692,God Is Love Ministries,These ads ran without a disclaimer,≤100,1
387577611402843,Scott Cyr,Scott Cyr,≤100,1
416169538729792,Mapping the Way,Mapping the Way,≤100,3
105243842573347,bahare_slp,These ads ran without a disclaimer,≤100,1
113932273347092,Jean Coutu St-Canut,PHARMALEAD,≤100,1
204844912876739,Blake Richards,Banff-Airdrie Conservative EDA,≤100,1
483741501712814,David Coon,Parti vert NB Green Party,≤100,2
1500553866684504,Association québécoise pour le droit de mourir dans la dignité - AQDMD,Association québécoise pour le droit de mourir dans la dignité,≤100,1
597902120327040,"Martin Shields, MP","House of Commons, Office of Martin Shields MP",≤100,2
101254104704365,ProEcolo,ProÉcolo,≤100,4
112568821728397,Freedom Party of British Columbia,Freedom Party of British Columbia,≤100,1
1605226899703215,Ontario Association of Crime Stoppers,Ontario Association of Crime Stoppers,≤100,1
104608838699261,La ruchée,These ads ran without a disclaimer,≤100,1
101436926004250,Councillor Adil Khalqi,Councillor Adil Khalqi,≤100,1
109110221458427,Nathalie Sinclair Desgagné,Députée de Terrebonne,≤100,1
453989538009903,Pregnancy Care Canada,Pregnancy Care Canada,≤100,2
100598976023350,T Talk,These ads ran without a disclaimer,≤100,1
432051960198579,Okanagan College Women in Trades,These ads ran without a disclaimer,≤100,1
107500791481568,Kevin Falcon,BC Liberal Party,≤100,3
111176008261790,West Coast Now,West Coast Now,≤100,3
321363311968483,"Lucie Lecours, députée des Plaines à l'Assemblée nationale",Lucie Lecours - Députée de Les Plaines,≤100,1
117926081552324,Équiterre,Équiterre,≤100,1
272202456132203,Comité Chômage de Montréal,Comité Chômage de Montréal,≤100,2
1744911689126391,12up,These ads ran without a disclaimer,≤100,1
108625789179165,Soi Dog Foundation,These ads ran without a disclaimer,≤100,1
165588913534151,Handyman Connection Saskatoon,These ads ran without a disclaimer,≤100,1
1451940021709442,Uniprix Michael Guay,PHARMALEAD,≤100,1
102635655320437,Number Match - Logic Puzzle Game,These ads ran without a disclaimer,≤100,3
1408216169439893,Uniprix Julie Deslongchamps,PHARMALEAD,≤100,1
105432585649040,canadian_heritage_moment,These ads ran without a disclaimer,≤100,1
85291563763,ICNA Relief Canada,ICNA Relief Canada,≤100,3
452116211477904,Saskatchewan Parks and Recreation Association,Saskatchewan Parks and Recreation Association,≤100,1
10150095427915144,Ceasefire.ca,Rideau Institute,≤100,1
264449113754639,Kelly McCauley,Kelly McCauley,≤100,1
1770099126380076,Familiprix Danielle Tardif - Cantley,PHARMALEAD,≤100,1
142013860937649,La vie en vrac,La vie en vrac,≤100,1
388355077909911,R. Michael Anderson,These ads ran without a disclaimer,≤100,1
465152633548835,Generation Squeeze,Association for Generational Equity operating publicly as Generation Squeeze,≤100,1
165420506818231,JLM Metal Recycling,These ads ran without a disclaimer,≤100,1
102641588585816,Victoria Rumble Room,Victoria Rumble Room,≤100,1
1948712141904125,Gatineau.TV,Gatineau.TV,≤100,1
204023732984086,Rémy Perras Pro,Au Microphone,≤100,1
152011964819862,White Ribbon Campaign,whiteribbon.ca,≤100,2
2114146695521483,Damien C. Kurek,Damien C. Kurek (MP for Battle River-Crowfoot),≤100,2
230439407013759,Ville de Lac-Brome,Ville de Lac-Brome,≤100,2
126696884068046,Canadians for Tax Fairness,Canadians for Tax Fairness,≤100,1
462105760482785,Iranian Canadian Congress (ICC),Iranian Canadian Congress,≤100,1
114286393699596,The Peak,The Peak Media Collective Inc.,≤100,7
521421761260217,Ville d'Ottawa,City of Ottawa,≤100,5
178023535567275,Kawartha Land Trust,Kawartha Land Trust,≤100,1
373971396015344,Sagesse,Sagesse Domestic Violence Prevention Society,≤100,1
869127933125944,Indigenous Link,Indigenous Link,≤100,1
110171632407726,Conseil national des chômeurs et chômeuses,Conseil national des chômeurs et chômeuses,≤100,1
1352943704761404,Youth Climate Lab,These ads ran without a disclaimer,≤100,1
100541718079901,goodjudy.ca,These ads ran without a disclaimer,≤100,1
200990963441531,Boredom Therapy,These ads ran without a disclaimer,≤100,1
233291587365920,Linda Salas & Associates,LSF Immigration Consultants Inc.,≤100,1
182452388854875,Goodman Commercial,Goodman Report,≤100,1
153063064888197,Journal Le Nord,These ads ran without a disclaimer,≤100,1
100798439408577,"Céline Haytayan, députée de Laval-des-Rapides à l'Assemblée nationale","Céline Haytayan, députée de Laval-des-Rapides à l'Assemblée nationale",≤100,2
179446022145895,James Pasternak,James Pasternak,≤100,1
273909258097,Saanich News,a BPM advertiser,≤100,2
107559438973539,Our home On Native land,Our home On Native land,≤100,1
103343627847952,Marc-Antoine Berthiaume,Marc-Antoine Berthiaume,≤100,1
1401645180072600,Accessibility Advisory Committee,Accessibility Advisory Committee,≤100,1
100275176293439,Finance Umpire,These ads ran without a disclaimer,≤100,1
89366582597,Art Gallery of Nova Scotia,These ads ran without a disclaimer,≤100,1
215304981972670,The Ocean Legacy Foundation,The Ocean Legacy Foundation,≤100,1
121398421207430,The Molloy - Treasure Island,These ads ran without a disclaimer,≤100,1
136669553011995,Centre Greene,Centre Greene,≤100,1
157136240296,Marie Claire UK,These ads ran without a disclaimer,≤100,1
119141241532641,Kelowna Capital News,a Black Press Media advertiser,≤100,1
214924925244926,"Arrondissement de Ville-Marie, centre-ville",These ads ran without a disclaimer,≤100,1
1131266613640838,Municipality of the District of Lunenburg - MODL,Municipality of the District of Lunenburg,≤100,1
144917752205068,University of Regina Press,These ads ran without a disclaimer,≤100,1
270830316804101,Shawn Menard,Shawn Menard,≤100,1
199598300060910,Victoria News,a BPM advertiser,≤100,1
1461479950753102,My Sea to Sky,My Sea to Sky,≤100,1
112703431660807,ReforestPeace,These ads ran without a disclaimer,≤100,1
168785293157001,St. Thomas Elgin General Hospital Foundation,These ads ran without a disclaimer,≤100,4
134139016675972,Nanaimo News Bulletin,a Black Press Media advertiser,≤100,1
251551478191572,Campbell River Mirror,a Black Press Media advertiser,≤100,1
192507094122525,Vernon Morning Star,a Black Press Media advertiser,≤100,1
2118716751703898,Yellowknifer,Black Press Media,≤100,2
120474554691065,Langley Advance Times,a Black Press Media advertiser,≤100,1
208009899720,Cloverdale Reporter,a Black Press Media advertiser,≤100,1
250305668489402,Professor Kenny,These ads ran without a disclaimer,≤100,11
453989538009903,Pregnancy Care Canada,These ads ran without a disclaimer,≤100,1
473656809334015,Pflag York Region,Pflag York Region,≤100,1
102578075785015,conscious_humanity_777,These ads ran without a disclaimer,≤100,1
475020935982293,Museums of Mississauga,City of Mississauga,≤100,1
307579417525,Armée du Salut Québec,These ads ran without a disclaimer,≤100,1
138139866215606,Veterinarians without Borders,Veterinarians Without Borders / Vétérinaires Sans Frontières – Canada (VWB/VSF),≤100,2
293370840686094,Oak Bay News,a Black Press Media advertiser,≤100,1
108918301191,Dave Barber Cinematheque,Winnipeg Cinematheque,≤100,1
340586163073586,Physicians for Peace,These ads ran without a disclaimer,≤100,1
204223673035117,MBL - Movimento Brasil Livre,These ads ran without a disclaimer,≤100,1
616355908468201,"John P Schuman, CS, Child and Family Law","John P. Schuman, Professional Corporation",≤100,1
267353906619818,Mr. Gugu & Miss Go,These ads ran without a disclaimer,≤100,1
111000062311005,Centre-ville d'Arvida,These ads ran without a disclaimer,≤100,1
105405012105216,Code Reading,These ads ran without a disclaimer,≤100,1
1694706720796851,Manitoba Pork,Manitoba Pork Council,≤100,1
352127398180084,Centre for Gender & Sexual Health Equity - CGSHE,Centre for Gender & Sexual Health Equity,≤100,2
110891261067975,Uluslararası Doğu Türkistan Sivil Toplum Kuruluşları Birliği,These ads ran without a disclaimer,≤100,1
274235169951528,"Anthony Leardi, PC Essex","Anthony Leardi, PC Essex",≤100,1
259282224084288,The Munk Debates,These ads ran without a disclaimer,≤100,1
34042575517,Familia Torres,These ads ran without a disclaimer,≤100,1
111576195102452,Funny Moments,These ads ran without a disclaimer,≤100,2
1481996415461299,EntheoNation,These ads ran without a disclaimer,≤100,1
138457552871898,Live Aqua Beach Resort Cancun,These ads ran without a disclaimer,≤100,1
205485333631517,Vikram Kumar,These ads ran without a disclaimer,≤100,1
144450262776,Great Wine Capitals Global Network,These ads ran without a disclaimer,≤100,1
103248382562459,Voice Analysis Solutions,These ads ran without a disclaimer,≤100,1
541309512604876,Verbier International School,These ads ran without a disclaimer,≤100,1
849721618409171,Niagara Skydive,These ads ran without a disclaimer,≤100,1
135156639833927,United Nations OCHA,These ads ran without a disclaimer,≤100,1
1277035072390355,Battle Born Batteries,These ads ran without a disclaimer,≤100,1
100451933698060,AdVenture Communist,These ads ran without a disclaimer,≤100,1
205332123261241,Знакомства RusDate,These ads ran without a disclaimer,≤100,1
106243634054070,Hawaiian Legacy Reforestation Initiative,These ads ran without a disclaimer,≤100,1
102510362488894,Futbolete - Page 3,These ads ran without a disclaimer,≤100,1
106875275519862,Morocco AM 2023,These ads ran without a disclaimer,≤100,1
216311481960,Bill Gates,These ads ran without a disclaimer,≤100,1
100662878953653,Christianity the Complete Study in One Book-ebook,These ads ran without a disclaimer,≤100,1
152467601467262,BMO Groupe financier,BMO Financial Group,≤100,1
113442788455420,Gleb Karakulov,These ads ran without a disclaimer,≤100,1