﻿Page ID,Page name,Disclaimer,Amount spent (LBP)
102672531482527,Ihab Matar - إيهاب مطر,AW,343284
112056958469490,SPI Lebanon,SPI Lebanon,330746
154029261310643,LADE,LADE,190555
1438703606372190,Elham Said Freiha,Elham Said Freiha,162537
1904241623145929,Democracy Reporting International Lebanon,Sharks Creators,104478
394633411339696,fiftyfiftylb,FiftyFiftylb,86418
1744356319118477,هنا لبنان,هنا لبنان,74627
1918990294985442,Megaphone - ميغافون,Megaphone - ميغافون,59701
116141051407408,Amin Salam,Amin Salam,59701
105319651353770,Jusur,Jusur,46418
117345834653901,This is Beirut,This is Beirut,29851
316674545036384,SKeyes Center for Media and Cultural Freedom,SK_Eyes,29851
1012540132187376,Alafdal News الأفضل نيوز,AlAfdal News الأفضل نيور,23881
102023711572671,أساس ميديا -  Asas Media,Asas Media,23433
107800617419717,MYKA Foundation,MYKA Foundation,22974
466221740108607,May Chidiac Foundation - Media Institute,May Chidiac Foundation,19530
230720990840290,Safaa Darwich - صفاء درويش,Safaa Darwich - صفاء درويش,14925
212513695502997,Annahar Newspaper | جريدة النهار,Annahar Newspaper | جريدة النهار,14925
101195012850076,مبادرة الدولة الديمقراطية الواحدة,مبادرة الدولة الديمقراطية الواحدة,14925
110470091436602,Ici Beyrouth,Ici beyrouth,14925
2509759842418472,LebTalks,Lebtalks,14925
322181790311,Lebanese Forces News,Lebanese Information Technology Services s.a.r.l,14925
278035695547539,Legal Agenda  المفكرة القانونية,legal Agenda,14925
101155445273087,صحيفة السهم,AlSaham,14925
107698404702208,Alkalima,Alkalima Onlime,14925
117352551390847,DQS: SEAT of POWER,These ads ran without a disclaimer,≤100
673519436096629,ET بالعربي,These ads ran without a disclaimer,≤100
102518922872656,Beirut Park,These ads ran without a disclaimer,≤100
147710335240518,Eindhovens Dagblad,These ads ran without a disclaimer,≤100
116157328113022,Hide Park,Friedrich-Ebert-Stiftung Lebanon Office,≤100
137195823051820,Maharat Foundation,Maharat Foundation,≤100
210927869316790,Mohamad Shaker Kawas - محمد شاكر القواس,Mohamad Shaker Kawas - محمد شاكر القواس,≤100
323356544336,KAFA (enough) Violence & Exploitation,KAFA (enough) Violence & Exploitation,≤100
111876598323760,صدى الأرز اللبنانية,صدى الأرز اللبنانية,≤100
1508734656091225,فرسان الإمارات,These ads ran without a disclaimer,≤100
123458990728979,maharat_training_center1,These ads ran without a disclaimer,≤100
109112633772887,180post,180Post,≤100
110470091436602,Ici Beyrouth,These ads ran without a disclaimer,≤100
264907087015052,Sayidaty Kitchen مطبخ سيدتي,These ads ran without a disclaimer,≤100
112506518540027,Trend Beirut,These ads ran without a disclaimer,≤100