﻿Page ID,Page name,Disclaimer,Amount spent (USD)
113910694896133,SK លក់សំភារៈគ្រប់មុខ,These ads ran without a disclaimer,≤100
101029751624330,គង់ សោភ័ណ្ឌ អភិបាលខេត្តកណ្តាល Kong Sophorn Governor of Kandal Province,គង់ សោភ័ណ្ឌ អភិបាលខេត្តកណ្តាល Kong Sophorn Governor of Kandal Province,≤100
116704241030099,ក្រុមការងារចុះមូលដ្ឋានសង្កាត់បឹងសាឡាង,ក្រុមការងារចុះមូលដ្ឋានសង្កាត់បឹងសាឡាង,≤100
420791681386318,និយ័តករធានារ៉ាប់រងកម្ពុជា Insurance Regulator of Cambodia,Insurance Regulator of Cambodia,≤100
353597324672004,You Can Win,These ads ran without a disclaimer,≤100
648941691867874,Kroko ក្រគរ កែវ រតនៈ,Kroko ក្រគរ កែវ រតនៈ,≤100
106374614548737,ខេមបូចា ព័ត៌មាន,ខេមបូចា ព័ត៌មាន,≤100
1309741899186397,CamboJANews,CamboJANews,≤100
2260430647540976,កម្ពុជា ៤.០ - Cambodia 4.0,កម្ពុជា ៤.០ - Cambodia 4.0,≤100
105866705100869,Khmer Tech Market,Khmer Tech Market,≤100
1653709768184867,ជ្រុន ថេរ៉ាវ៉ាត - Chrun Theravat,ជ្រុន ថេរ៉ាវ៉ាត - Chrun Theravat,≤100
409568979238195,"Dr. Sok Prasith, Secretary of State Ministry of Information","Dr. Sok Prasith, Secretary of State Ministry of Information",≤100
165219820677952,លូ គឹមឈន់ - Lou Kimchhun,លូ គឹមឈន់ - Lou Kimchhun,≤100
1995251780700007,បណ្ឌិត ងិន បាណាល់ - Dr. NGIN Banal,បណ្ឌិត ងិន បាណាល់ - Dr. NGIN Banal,≤100
1129900250496858,EBo_Bookstore,EBo_Bookstore,≤100
271082999713221,CCFR,CCFR,≤100
1908630702702902,រី វ៉ាន់រ័ត្ន - Ry VannRoth,រី វ៉ាន់រ័ត្ន - Ry VannRoth,≤100
1596870507201410,HMK Printing & Rubber Stamp,These ads ran without a disclaimer,≤100
1717497868504337,Truth and Moments,These ads ran without a disclaimer,≤100