﻿Page ID,Page name,Disclaimer,Amount spent (USD)
103947371137774,Cabinet Dentaire Spécialisé Dr. Benafla - Résidence Chabani,These ads ran without a disclaimer,≤100
1861193460685901,LES Hommès Et LES Femmès Dé Sétif,LES Hommès Et LES Femmès Dé Sétif,≤100
104259969362270,Radio Trottoir شبكة راديو طروطوار,radiotrottoir.site,≤100
103553614349757,Hafryat plus,These ads ran without a disclaimer,≤100
995765983772115,Dzair Tube,Dzair Tube,≤100
102992285280678,الصفحة الرسمية للسيد النائب نوري سفيان,الصفحة الرسمية للسيد النائب نوري سفيان,≤100
104140320927199,قناة الإنتصار TV,قناة الإنتصار TV,≤100
102023009327901,Global Compassion Coalition,These ads ran without a disclaimer,≤100
713764258636748,J'aime la foi bahá'íe,These ads ran without a disclaimer,≤100
111679394767549,المشروع القومي لمشتقات البلازما,These ads ran without a disclaimer,≤100
117352551390847,DQS: SEAT of POWER,These ads ran without a disclaimer,≤100
158902574166516,Special Olympics MENA,These ads ran without a disclaimer,≤100
103658718861482,Primeclass Photo,These ads ran without a disclaimer,≤100
109831251935707,خليل المقداد,These ads ran without a disclaimer,≤100
415438789051284,"حزب سياسي جديد ""الحراك الجزائري العالمي سلمي من أجل الجزائر والقدس",These ads ran without a disclaimer,≤100