﻿Page ID,Page name,Disclaimer,Amount spent (USD)
1088892607843189,Ministerio de Vivienda y Edificaciones,Ministerio de la Vivienda y Edificaciones - MIVED,≤100
106687624223989,Rescate Democratico,Rescate Democratico,≤100
123397997671209,Listín Diario,Alejandro Jose Madera Rodriguez,≤100
116651011310300,Randy Díaz,These ads ran without a disclaimer,≤100
532600796858736,Jean Luis Rodriguez,Jean Luis Rodriguez Jimenez,≤100
819425271424097,David Sosa Senador,David Sosa,≤100
585610494937669,Judith Valdez Guzmán,Nicolás Enrique Grullón Ubinas,≤100
384585075208423,Alcaldía de Higüey,Joel Rijo Benzo,≤100
492966110748093,Su Mundo TV,Penelope Canario Herrera,≤100
101688437847211,Imagen Universal TV,Imagen Universal TV,≤100
102739112342896,masluis2024,Junior Bernavel Poche Mariñez,≤100
123391448284422,Alcaldia Salcedo,Pedro Raul Diloné Brito,≤100
102572189148048,Diálogo Noticias,Diálogo Noticias,≤100
103580622379705,Vocero del Caribe,Vocero del Caribe,≤100
110333361693951,Voz del Día,Voz del Día,≤100
1387069994766938,Lic. Alexander Rodriguez,These ads ran without a disclaimer,≤100