﻿Page ID,Page name,Disclaimer,Amount spent (EUR),Number of ads in Library
121065838444,Women's Aid,Women's Aid,536,85
6891149895,Concern Worldwide,Concern Worldwide,528,39
291699857688,EPP Group in the European Parliament,EPP Group in the European Parliament,272,6
105374762485355,We Consent,DRCC,197,2
158961023733,Amnesty International-Ireland,Amnesty International-Ireland,186,24
449282445418073,Irish Foreign Ministry,Department of Foreign Affairs and Trade,179,2
18135444535,Trocaire,Trocaire,177,2
115925111098521,Limerick United Against Racism,Limerick United Against Racism,136,7
1772885396319952,ESB Careers,ESB Careers,129,1
156701534946054,My Waste Ireland,My Waste Ireland,106,5
212716455604784,EirGrid,EirGrid,≤100,6
260630414430823,Department of Social Protection,Department of Social Protection,≤100,2
395121633857254,SEAI,SEAI,≤100,4
328781076730,Focus Ireland,Focus Ireland,≤100,6
439786533246186,Irish Human Rights & Equality Commission,"All Human, All Equal",≤100,7
455196627967510,Gas Networks Ireland,Gas Networks Ireland,≤100,2
291934661006674,HSE Ireland,HSE Ireland,≤100,3
201612129410,Oxfam,Oxfam Ireland,≤100,8
40411146661,Irish Heart Foundation,Irish Heart Foundation,≤100,1
1606428376342650,Senator Paul Gavan SF,Senator Paul Gavan SF,≤100,1
122938653695,Wind Energy Ireland,Wind Energy Ireland,≤100,2
224615650378,Pro Life Campaign Ireland,Pro Life Campaign Ireland,≤100,1
107898832590939,European Commission,European Commission,≤100,3
164027949687,Labour Party,Labour Party,≤100,1
13204463437,"UNHCR, the UN Refugee Agency",These ads ran without a disclaimer,≤100,1
222629035132,Fianna Fáil,Fianna Fáil,≤100,1
247809738564793,Belong To,BeLonG To Youth Services,≤100,7
112289898015469,Fair Seas,Fair Seas,≤100,4
1012851375393300,Social Democrats,Social Democrats,≤100,2
199320167085990,Bríd Smith TD,Brid Smith TD,≤100,2
178362315106,European Parliament,European Parliament,≤100,9
131456653566112,Skillnet Ireland,Skillnet Ireland,≤100,3
224615650378,Pro Life Campaign Ireland,Pro Life Campaign,≤100,3
103593071571436,MG Ireland,These ads ran without a disclaimer,≤100,2
280965412440,National Youth Council of Ireland,National Youth Council of Ireland,≤100,1
339810463063059,Conflict Of Nations : World War 3,These ads ran without a disclaimer,≤100,3
112895301297180,John Cahill - Tullow - People Before Profit,John Cahill - Tullow - People Before Profit,≤100,2
317158175535179,BitLife,These ads ran without a disclaimer,≤100,4
911248388996518,Jim O'Callaghan TD,Jim O'Callaghan,≤100,1
157136240296,Marie Claire UK,These ads ran without a disclaimer,≤100,1
337495229149,All Ireland Rally for Life,Life Institute,≤100,1
1486666311655495,Chris MacManus MEP,Chris MacManus MEP,≤100,2
608669872833125,Cllr Dan Mc Sweeney,Cllr Dan Mc Sweeney,≤100,1
25762350423,Ivana Bacik,Senator Ivana Bacik,≤100,1
100857334937,World Vision Ireland,World Vision Ireland,≤100,2
137859686237383,Family & Life,Family & Life,≤100,1
101875597927973,United Against Racism Mayo,United Against Racism Mayo,≤100,2
143691839012403,Irish Jesuits International,Irish Jesuits International,≤100,1
114927388264924,Tús Nua Therapy Center,These ads ran without a disclaimer,≤100,1
719890584766018,Paul Murphy TD,Paul Murphy TD,≤100,12
180024805746493,Pioneer HomeCare,These ads ran without a disclaimer,≤100,1
577183942371138,Grace O'Sullivan,Grace O'Sullivan,≤100,2
512028555814283,Senator Pat Casey,Senator Pat Casey,≤100,2
356334035168196,Cllr Elisa O'Donovan Limerick City West,Cllr Elisa O'Donovan Limerick City West,≤100,1
185032148201312,Seán Sherlock TD,Seán Sherlock,≤100,1
795638267221373,Senator Fiona O'Loughlin,Senator Fiona O'Loughlin,≤100,1
101882448673,Dezeen,These ads ran without a disclaimer,≤100,1
290382001169403,Louis O'Hara - Sinn Féin,Louis O'Hara - Sinn Féin,≤100,2
1400327846852698,Special EU Programmes Body - SEUPB,These ads ran without a disclaimer,≤100,1
267353906619818,Mr. Gugu & Miss Go,These ads ran without a disclaimer,≤100,5
1802248836771260,Weird Little Tales,These ads ran without a disclaimer,≤100,1
100824022313490,Web Curiosa,These ads ran without a disclaimer,≤100,1
1096538887134446,Reuters Plus,These ads ran without a disclaimer,≤100,1
1445183235708786,Computools,These ads ran without a disclaimer,≤100,1
1883003128429295,Queer Majority,These ads ran without a disclaimer,≤100,1
144709575593854,EESC - European Economic and Social Committee,EESC - European Economic and Social Committee,≤100,2
229016223825675,Shoebox Benny,These ads ran without a disclaimer,≤100,2
193629300835,VOICE - Voice of Irish Concern for the Environment,VOICE - Voice of Irish Concern for the Environment,≤100,1
113893941566308,Journal of Organizational Sociology,These ads ran without a disclaimer,≤100,1
104045279013024,The Travel Protagonist,These ads ran without a disclaimer,≤100,2
117643594692710,Gleb Karakulov,These ads ran without a disclaimer,≤100,1
250305668489402,Professor Kenny,These ads ran without a disclaimer,≤100,2
150793518281117,Covestro,These ads ran without a disclaimer,≤100,1
111622410196045,State of Youth,These ads ran without a disclaimer,≤100,1
106875925506577,Formula XN Ecommerce,These ads ran without a disclaimer,≤100,1
128787593816071,TWOTHIRDS,These ads ran without a disclaimer,≤100,1
102737585451729,One Decision Podcast,These ads ran without a disclaimer,≤100,2
126736377353024,Merchants Quay Ireland,These ads ran without a disclaimer,≤100,1
101853479470366,Weregreenly,These ads ran without a disclaimer,≤100,2
102138141748341,封神异世录,These ads ran without a disclaimer,≤100,1
1505333196415332,Côte d'Azur - школа французької мови,These ads ran without a disclaimer,≤100,1
217519028785017,Nature Research Custom Media,These ads ran without a disclaimer,≤100,1
1165715730222155,Consumer Choice Center,These ads ran without a disclaimer,≤100,1
161806560549186,Safran,These ads ran without a disclaimer,≤100,1
110010982106675,Spire Corporation,These ads ran without a disclaimer,≤100,1
109912082370456,Childline by ISPCC,These ads ran without a disclaimer,≤100,1
100451933698060,AdVenture Communist,These ads ran without a disclaimer,≤100,1
401718346592691,Bisexual.org,These ads ran without a disclaimer,≤100,1