﻿Page ID,Page name,Disclaimer,Amount spent (BRL)
301774903545521,Brasil Paralelo,Brasil Paralelo,1180
416907625028840,Governo do Estado de Minas Gerais,Governo de Minas Gerais,806
425350744240843,Comitê Internacional da Cruz Vermelha,Comitê Internacional da Cruz Vermelha,522
1894520370802455,Governo do Brasil,Secretaria Especial de Comunicação Social -Governo do Brasil,519
104625758942119,Siga Antenado,Siga Antenado,492
101189854802059,Revista Oeste,Revista Oeste,335
799291570129827,Bruno Garschagen,Bruno Garschagen,241
103128192792992,Conexão Médica RS,Conexão Médica RS,238
104578449190247,Desenrola Brasil,Desenrola Brasil,220
1608447079411218,Portal Concursos,PORTAL CURSOS PREPARATORIOS E OAB LTDA,142
2308676322748492,Marcio Carvalho de Sá,These ads ran without a disclaimer,142
333720355130,Petrobras,Petrobras,138
780458271981477,Prefeitura de Gravataí,AD3Plus,132
1549054225424161,Eduardo Moreira,Instituto Conhecimento Liberta,124
128850220504786,UNICEF Brasil,UNICEF Brasil,108
198849783539777,Buscofem,Buscofem,102
159103797542,Greenpeace Brasil,Greenpeace Brasil,≤100
115004524951374,Movies Cinema,These ads ran without a disclaimer,≤100
167035830067775,Prefeitura de Canoas,Prefeitura de Canoas,≤100
115558703488480,IDP Online,Instituto Brasiliense de Direito Publico,≤100
330379553673497,Oxfam Brasil,Oxfam Brasil,≤100
105445725945612,Pra Frente Cremers,Pra Frente Cremers,≤100
159103797542,Greenpeace Brasil,Greenpeace Brasil,≤100
212423668965384,Heitor Schuch,Heitor Schuch,≤100
358384060944062,Prefeitura do Rio Grande,AD3Plus,≤100
428453867252792,Professor Gustavo Fregapani,These ads ran without a disclaimer,≤100
465235726843103,Ambev,Ambev,≤100
726792094131244,Césinha,Césinha,≤100
364838737350939,Tony Oliveira,Tony Oliveira,≤100
175804982467404,Safernet Brasil,Safernet Brasil pago com créditos de anúncio do Facebook,≤100
585479801830569,Adilson Rodrigues,Adilson Rodrigues,≤100
101230328792183,Portal Concursos & OAB,Portal Concursos & OAB,≤100
377561862639050,Cristian Wasem,Cristian Wasem,≤100
448080838546739,Roberto Robaina,Roberto Robaina,≤100
101599692644273,Seu Crédīto Aprovado,These ads ran without a disclaimer,≤100
106812122300948,Angela Mendez,These ads ran without a disclaimer,≤100
115036222170663,Beto Fantinel,Beto Fantinel,≤100
104738421003389,InvestNews BR,Nubank,≤100
286484764739596,Conselho de Arquitetura e Urbanismo do Brasil - CAU/BR,Triads,≤100
241839765912021,Estratégia Concursos,ESTRATÉGIA CONCURSOS SA,≤100
884623401576910,Vereador Schumacher,Vereador Schumacher,≤100
109439068880592,Crédito Aprovado,These ads ran without a disclaimer,≤100
520803328039440,Recicla Sampa,Eco Urbis e Loga,≤100
100687681283605,General Hamilton Mourão,General Hamilton Mourão,≤100
101223388164989,Prefeito Zaffa,Prefeito Zaffa,≤100
145608108896911,Frente Parlamentar da Agropecuária - FPA,Instituto Pensar Agropecuária,≤100
102911607997479,Capitão Martim,Martim Adreani,≤100
522126697963113,Carlos Jordy,Carlos Jordy,≤100
101275371333153,Leandro Horlle,Leandro Horlle,≤100
1707196622926440,Patrícia Alba,Patrícia Alba,≤100
124600732785757,Pela Cidadania,Pela Cidadania,≤100
116725771476468,Eu Eleito,"Gambale Cursos, Produções e Marketing",≤100
110225312350543,Nova Escola,Associação Nova Escola,≤100
1727030854232669,Jone Soares,Jone Soares,≤100
220898724599599,Ação da Cidadania,These ads ran without a disclaimer,≤100
250305668489402,Professor Kenny,These ads ran without a disclaimer,≤100
258088921369,TOTVS,These ads ran without a disclaimer,≤100
769753176473124,Juvir Costella,Juvir Costella,≤100
153628338095740,Zé Nunes,Zé Nunes,≤100
7970426802,WWF-Brasil,WWF-Brasil,≤100
106312705760381,Formação Conservadora,Formação Conservadora,≤100
124632230915020,Luciana Genro,Luciana Krebs Genro,≤100
112171221915335,Vereador Claudio Janta,Claudio Janta,≤100
1551843481731206,Jessé Sangalli,Jessé Sangalli,≤100
639221006217553,André Gutierres,André Gutierres,≤100
102773638649611,Bruno Pereira,These ads ran without a disclaimer,≤100
108015435927747,FAS - Fundação Amazônia Sustentável,Fundação Amazonia Sustentável,≤100
187970114581051,Anistia Internacional Brasil,Anistia Internacional Brasil,≤100
360125334431298,Renova BR,ASSOCIAÇÃO RENOVA BR,≤100
217423271714827,Elvino Bohn Gass,Elvino Bohn Gass,≤100
226764694052487,Guto Scherer,Guto Scherer,≤100
675193629265637,Videocamp,Instituto Alana,≤100
132584057957,Skol,Ambev,≤100
242062609325601,Agenda 227,ANDI AGENCIA DE NOTICIAS DOS DIREITOS DA INFANCIA,≤100
1703010579956133,Eleições 2024 - Cursos Online,Curso Eleitoral,≤100
163893463708223,Marcelo Vitorino,Vitorino & Mendonça,≤100
111642545218806,rcstoreoficiall,These ads ran without a disclaimer,≤100
478361528957989,Vereador Mossini,Mossini,≤100
224021551012451,Gerando Falcões,Gerando Falcões,≤100
162499700429555,Jornal do Comércio,Empresa Jornalística J.C. JARROS LTDA,≤100
943683515649940,Luciano Silveira,Luciano Silveira,≤100
162297750451425,Criança e Consumo,Instituto Alana,≤100
714851578608014,Distrito,These ads ran without a disclaimer,≤100
100784975087297,Mizuno Cursos,Mizuno Cursos Ltda,≤100
101172545924268,Luiz Gastão,LUIZ GASTÃO BITTENCOURT DA SILVA,≤100
350875841718469,Sindicato dos Metroviários,SindimetrôRS,≤100
111130822268479,IDP,"Instituto Brasileiro de Ensino, Desenvolvimento e Pesquisa IDP - LTDA",≤100
172444996112900,Fundo Brasil,Fundo Brasil,≤100
102858578235716,Fran Rodrigues,Fran Rodrigues,≤100
487358637978920,Governo do Tocantins,Governo do Tocantins,≤100
556857124396136,Sindisaúde - RS,Sindisaúde-RS,≤100
201878973201295,Republicanos10,Republicanos10,≤100
760561963985631,Luiz Marenco - Deputado Estadual,Luiz Marenco - Deputado Estadual,≤100
368677850270447,Município de Santa Cruz do Sul,These ads ran without a disclaimer,≤100
108252554125296,Thiago Gutierres,Thiago Gutierres,≤100
162730733903925,Stela Farias,Stela Farias,≤100
332744796877450,Valdeci Oliveira,Página Valdeci Oliveira,≤100
228301373863551,Agência Pública,Agência Pública,≤100
109529074163275,Vereador Matheus Pompeo de Mattos,Vereador Matheus Pompeo de Mattos,≤100
105131108517896,Tiago Moraes,Tiago Moraes,≤100
273642106068512,Paulo Alexandre Barbosa,Paulo Alexandre Pereira Barbosa,≤100
261851382368559,Roberta da Marcação,Roberta da Marcação,≤100
166036104107155,Clicklog Transportes,Clicklog Transportes,≤100
100992545589724,Gigante 163,Gigante 163,≤100
185875761943,MDB Nacional,MOVIMENTO DEMOCRÁTICO BRASILEIRO,≤100
226121024066240,WRI Brasil,WRI Brasil,≤100
106368440784707,Rose Grings,Rose Grings,≤100
520798404655508,Baleia Rossi,Baleia Rossi,≤100
258088921369,TOTVS,TOTVS,≤100
1928722014060787,I9Madeiras,These ads ran without a disclaimer,≤100
363140553718136,Epoch Times Brasil,EPOCH TIMES BRASIL LTDA,≤100
172271576134185,Habitat para a Humanidade Brasil,Habitat para a Humanidade Brasil,≤100
107742651063250,Academia de Pesquisa,Academia Brasileira de Formação e Pesquisa,≤100
962615323779536,Progressistas,Progressistas,≤100
1124473760957316,FS Fueling Sustainability,FS Fueling Sustainability,≤100
111750668533737,Stephanie Aline,Stephanie Aline,≤100
112021296931600,Mônica Lopes,IBPOM,≤100
2544666325578449,Eleja.se,Eleja.se,≤100
492107667512953,Misô Sushi e Fondue,These ads ran without a disclaimer,≤100
154111111330577,Maria do Rosário,Maria do Rosário,≤100
131888505716447,Vereador Hitler  Pederssetti,Vereador Hitler  Pederssetti,≤100
308976223304,Tintas Coral,Akzonobel,≤100
263275013690014,Instituto Golden - Centro Educacional,These ads ran without a disclaimer,≤100
263199020531986,JOTA,JOTA,≤100
224777780881144,Visão Mundial,Visão Mundial,≤100
505796859912942,Vereador Dila,Vereador Dila,≤100
154846982013131,Vereador Jorge Willian,Vereador Jorge Willian,≤100
498077306990216,Ronaldo Santini,Ronaldo Santini,≤100
141311146554309,Novo 30 Bahia,Partido NOVO 30 BAHIA,≤100
1553926088007285,Fabricio Vargas,Fabricio Vargas,≤100
193719533998484,Fundação Fernando Henrique Cardoso,Fundação FHC,≤100
109597815616,VEJA,Revista Veja,≤100
143281799205326,Produtos Amanhecer,These ads ran without a disclaimer,≤100
103483818151512,Janaina Castro,Janaina Silva de Castro LTDA,≤100
109551634284591,randersoncirqueira,RANDERSON RODRIGUES CIRQUEIRA,≤100
106268852121019,O Maior Feirão,O Maior Feirão,≤100
104786165500515,Cemin advocacia,Cemin advocacia,≤100
470694129628477,Sindesc RS,Sindesc RS,≤100
241839765912021,Estratégia Concursos,These ads ran without a disclaimer,≤100
107451105709314,Enxergue os Sinais,Enxergue os Sinais,≤100
1119025734836220,Luciano Bertinetti,Luciano Bertinetti,≤100
1029170513768473,Mosaic Fertilizantes,MOSAIC FERTILIZANTES DO BRASIL LTDA,≤100
118869841134222,Jornal Ponto Mais,Jornal PONTO MAIS,≤100
456872437699016,Sindifisco Nacional,Sindifisco Nacional,≤100
111305321753629,Veridiana Pacheco,Veridiana Pacheco,≤100
107582924121396,Shopping da Direita,Shopping da Direita,≤100
914115575302130,Fundação Toyota do Brasil,Fundação Toyota do Brasil,≤100
116584561369076,Não mas mulas.,These ads ran without a disclaimer,≤100
680238528731583,Denise Pessôa,Denise Pessôa,≤100
1165488993512231,Nossas,NOSSAS,≤100
109561808392562,Rio.Futuro,Rio.Futuro,≤100
410655005626777,Deputado Federal Lincoln Portela,Lincoln Portela,≤100
102138423231691,Revista Semana Online,Revista Semana On,≤100
102856342511936,ICL Notícias,Instituto Conhecimento Liberta,≤100
106636887795907,Prof André Gazola,These ads ran without a disclaimer,≤100
100768909613377,Laiz Duarte,These ads ran without a disclaimer,≤100
957516341121664,Vereadora Maele,Vereadora Maele,≤100
118678938210868,SIMPI,SIMPI,≤100
133625896667318,Confederação Israelita do Brasil - CONIB,CONFEDERAÇÃO ISRAELITA DO BRASIL,≤100
285233753312937,Claudia Mendes,These ads ran without a disclaimer,≤100
109354687306376,Instituto Conhecimento Liberta,Instituto Conhecimento Liberta,≤100
254048208839562,Tesouro Direto,These ads ran without a disclaimer,≤100
115172553721431,Perfil Brasil,Grupo Perfil,≤100
105451879027858,Duquesa de Tax,These ads ran without a disclaimer,≤100
106493417547936,Natália Mendonça,Vitorino & Mendonça,≤100
511088952358805,Marcia Helena Martins Henrique,Marcia Helena Martins Henrique,≤100
102966526202092,Portal de Notícias e Informações,These ads ran without a disclaimer,≤100
101933305564897,Promic,Riole,≤100
1589055204701346,Nexo,Nexo Jornal,≤100
755979534560972,Instituto Liberta,Instituto Liberta,≤100
458048987893303,Delegado Palumbo,Delegado Palumbo,≤100
101049816116437,O Desenrola Brasil,O Desenrola Brasil,≤100
118089445565859,Edify Education,These ads ran without a disclaimer,≤100
337834286345988,Fundação Milton Campos,Fundação Milton Campos,≤100
367197653335628,Deputado Roosevelt,Deputado Roosevelt,≤100
106308415121143,Politique - Detalhamento de Votos,PRATIC SERVIÇOS EM TECNOLOGIA DA INFORMAÇÃO LTDA,≤100
353048034788683,Rico Domingues Concursos,These ads ran without a disclaimer,≤100
108202195519634,Uma Prosa com,These ads ran without a disclaimer,≤100
179837479250006,Marcelo Lino,Marcelo Lino,≤100
1397092957229155,Rafael Amaral,Rafael Amaral,≤100
711189698989364,Oceana Brasil,Oceana Brasil,≤100
976295639063920,Professora Andréa Paula,Professora Andréa Paula,≤100
102046893217762,Escola de Negócios e Seguros,Escola de Negócios e Seguros,≤100
109311714699813,Canuto e Lucena Sociedade de Advogados,Canuto e Lucena Sociedade de Advogados,≤100
100553136170825,Fena Saude,Fena Saude,≤100
108147365877214,Canal Futura,Fundação Roberto Marinho,≤100
471542526362059,Fetec PR - Federação dos/as Trabalhadores/as em Empresas de Crédito do PR,Fetec PR - Federação dos/as Trabalhadores/as em Empresas de Crédito do PR,≤100
102178949031259,Vinicius Silva,Vinicius Silva,≤100
161406070640025,Educação e Território,Cidade Escola Aprendiz,≤100
554603237933787,Julia Vidal .: Moda afro indígena brasileira,Julia Vidal Etnias Culturais,≤100
384012959105591,IDPA - Instituto de Direito Público Avançado,INSTITUTO DE DIREITO PUBLICO AVANCADO LTDA,≤100
112208748024338,Agência Rockn - Marketing de Resultados,Agência Rockn - Marketing de Resultados,≤100
358687161234,Proteção Animal Mundial,Sociedade Mundial de Proteção Animal - WSPA BRASIL,≤100
414416978713498,Smart Support,These ads ran without a disclaimer,≤100
478752158813845,Maurício Eskudlark Deputado,Maurício Eskudlark Deputado,≤100
109272165397476,Gerson Aragao,SCIREJUS APLICATIVOS JURIDICOS LTDA,≤100
1504580766531518,Mulheres Progressistas,PROGRESSISTAS - BRASIL - BR - NACIONAL,≤100
282802611759257,MidiaJur - Jornalismo Plural,Midiajur,≤100
829384103797494,Congresso Jurídico de Bento Gonçalves - RS,These ads ran without a disclaimer,≤100
103654108205888,Fonasefe,CAJUINA PRODUÇÕES E MÍDIA DIGITAL,≤100
239599112898257,Shopping Praça Nova Santa Maria,These ads ran without a disclaimer,≤100
676018995800125,Edilson Massocco,Edilson Massocco,≤100
872146752906653,Folha do Leste,Folha do Leste,≤100
106569065372442,Souza Bonés,These ads ran without a disclaimer,≤100
147258388715323,Fundação Luterana de Diaconia (FLD),Fundação Luterana de Diaconia,≤100
126491270729748,Childhood Brasil,Childhood Brasil,≤100
191158547728051,Centro de Referências em Educação Integral,Cidade Escola Aprendiz,≤100
130752594135445,Vereador José Freitas,Vereador José Freitas,≤100
219825344705412,Deputado André Corrêa,André Correa,≤100
1513585108888249,Syngenta,Syngenta,≤100
104553347942750,Eder Borges,Eder Borges - novo,≤100
108926553805185,Biossegurança Estética,These ads ran without a disclaimer,≤100
109561808392562,Rio.Futuro,These ads ran without a disclaimer,≤100
319356418132318,Gestos,Gestos Soropositividade Comunicação e Gênero,≤100
100475615641105,PHVox,PHVox LTDA,≤100
106550464385904,Consultora MRV,These ads ran without a disclaimer,≤100
103546759205529,Portal Patriota Notícias,Portal Patriota Notícias,≤100
1948093121868792,J & P Modas,These ads ran without a disclaimer,≤100
107292418986358,República_org TESTE,These ads ran without a disclaimer,≤100
111018828723398,Consultoria Limpa Nome,These ads ran without a disclaimer,≤100
504148936286853,Data Goal,Data Goal,≤100
107449552324057,Projeto Vereador Vitorioso,Vereador Vitorioso,≤100
1771357659780729,Conselho Regional de Medicina do RS - Cremers,These ads ran without a disclaimer,≤100
101981918812659,Sindjus,Sindicato dos Servidores do Poder Judiciário e do MPU no DF,≤100
106664591648228,kovitecnologialtda,These ads ran without a disclaimer,≤100
111326818564734,Projeto Opaoma,Camila Capel,≤100
517187471714725,IBDA - Instituto Brasileiro de Direito Administrativo,IBDA - Instituto Brasileiro de Direito Administrativo,≤100
1313633058744565,Impulsiona,Instituto Península,≤100
111484883742441,Vereadora Marisa Protetora de Animais,Marisa Schwarzer,≤100
166288866733886,Pirelli,Pirelli Comercial,≤100
107063348442736,Cultura Jurídica,FMR - CURSOS ONLINE LTDA,≤100
111006700550820,Cenarium Amazônia,Cenarium Agência de Notícias Ltda,≤100
193453687358589,Arthur Virgílio,Arthur Virgilio Neto,≤100
110308133921143,Denian Couto,Denian Couto,≤100
1422817644690446,Fórum Nacional de Reforma Urbana,Fórum Nacional de Reforma Urbana,≤100
111522248675464,Investimento Saudável,These ads ran without a disclaimer,≤100
227403640631475,Alencar Santana,Alencar Santana,≤100
101303951768460,Fabio Goldschmidt,Fabio Goldschmidt,≤100
108157761384449,Alexandre Silveira,Alexandre Silveira,≤100
152338908863109,William Dornela,William Dornela,≤100
1431719646851969,Abel Lumer,Politiclass,≤100
132804480113814,PwC Brasil,PwC Brasil,≤100
106040261559088,Alex Sandro Perez Santos - Teologo,Alex Sandro Perez Santos - Teologo,≤100
100529229605244,Wendell Rodrigues Da Silva - Advogado Trabalhista,These ads ran without a disclaimer,≤100
1450940791842660,Deputado Sperafico,Deputado Sperafico,≤100
135943699800093,Trevisan Advogados,These ads ran without a disclaimer,≤100
105194742646654,Dicas Valiosas Brasil2,These ads ran without a disclaimer,≤100
102674052751862,Jaqueline Neiva,These ads ran without a disclaimer,≤100
396614643772478,PT na Câmara,PT na Câmara,≤100
106063862426200,nelsoncanedoadvogado,nelsoncanedoadvogado,≤100
102449285907818,Genio Carbon,Genio Carbon,≤100
101840051641101,GreenYellow do Brasil,GreenYellow do Brasil,≤100
179021969682780,IMAC - Carne de Mato Grosso,IMAC - Carne de Mato Grosso,≤100
1491681474458343,Bancários Rio,Sindicato dos Bancários do Rio de Janeiro,≤100
102655391776852,Thomás Cambraia,Thomás Cambraia,≤100
576585092359152,Agência Ethos,ETHOS SERVIÇOS EM COMUNICAÇÃO LTDA,≤100
252086658173120,Movimento Mulher 360,Movimento Mulher 360,≤100
1700227383437806,OC Advogados,Oliveira e Carneiro Sociedade de Advogados,≤100
268802879881105,Movimento Democracia Pura,Movimento Democracia Pura,≤100
104262172534806,workoutstorefitness,These ads ran without a disclaimer,≤100
1033164463415165,Mônica Leal,Mônica Leal,≤100
114248903470049,Frente Parlamentar Mista da Medicina,Frente Parlamentar de Medicina,≤100
114057657982658,PSOLnasredes,Yuri Aaron Gomes Stipler,≤100
103898131003601,Harada Advogados,Harada Advogados,≤100
267146793788529,Sem Parar Empresas,Sem Parar Empresas,≤100
365328780221103,Museu da Pessoa,Museu da Pessoa,≤100
337480196266910,Federação Nacional dos Policiais Rodoviários Federais,Federação Nacional dos Policiais Rodoviários Federais,≤100
109368937572252,Sabrina Colela,Sabrina Colela Prieto,≤100
558500637516335,Gilberto Musto,Gilberto Musto,≤100
105520569004820,Absolar Comunica,Associação Brasileira de Energia Solar Fotovoltaica,≤100
104738421003389,InvestNews BR,These ads ran without a disclaimer,≤100
1284020904970294,Tiago Pereira - Advocacia na Prática,These ads ran without a disclaimer,≤100
111440704114038,Vereadora Márcia Alexandre,Vereadora Márcia Alexandre,≤100
1379947408815396,Politimax Inovação Política,Politimax LTDA,≤100
111744545321614,Rodrigo,These ads ran without a disclaimer,≤100
101321981647613,Instituto Monitor da Democracia,Instituto Monitor da Democracia,≤100
105383346220289,APUFPR-SSind - Associação dos Professores da UFPR,APUFPR,≤100
111961571700976,Score alto,Score alto,≤100
362665423935479,Assembleia Legislativa de Sergipe,Assembleia Legislativa de Sergipe,≤100
122237034210289,Silvia Beja,These ads ran without a disclaimer,≤100
534805630341699,Idecan Oficial,"INSTITUTO DE DESENVOLVIMENTO EDUCACIONAL, CULTURAL E ASSISTENCIAL NACIONAL",≤100
103779715064518,Uma Concertação pela Amazônia,Instituto Arapyaú de Educação e Desenvolvimento Sustentável,≤100
101515619177232,daniely_proenca_santos,These ads ran without a disclaimer,≤100
105824841113122,DMT Design 3D,DMT Design 3D,≤100
109358933933939,Debs Aquino MP,These ads ran without a disclaimer,≤100
1033613636794626,Edna Sampaio,Edna Luzia Almeida Sampaio,≤100
636206153090073,Márcio Araújo,Márcio Araújo,≤100
101635452816138,Dra. Daniela Santos Alcalde,These ads ran without a disclaimer,≤100
239624862864871,Relatório Reservado,Hush Comunicação,≤100
103232912652842,Camile Becker,These ads ran without a disclaimer,≤100
500679196780578,Instituto Ekos Brasil,Instituto Ekos Brasil,≤100
139007399495933,Fundação SOS Mata Atlântica,FUNDACAO S.O.S. PRO-MATA ATLANTICA,≤100
104161123005913,Fundação Tide Setubal,Fundação Tide Azevedo Setubal,≤100
111225968436940,Valmir Ferreira,Valmir Ferreira,≤100
665498620499336,"O Novo Legislativo, por Renata Cunha",Instituto Renata Cunha,≤100
809266029258600,Félix Soibelman,Félix Soibelman,≤100
115313178250627,George Torres,These ads ran without a disclaimer,≤100
1433929133492494,Renata Abreu,Renata Hellmeister de Abreu,≤100
103446899341164,Onze Supremos Podcast,These ads ran without a disclaimer,≤100
104456481092467,Carlos Kayoda - Estrategista Político,Carlos Kayoda,≤100
223383744823290,Deputado Federal Nicoletti,Antonio Nicoletti,≤100
1635257313414728,Movimento pela Base,Movimento pela Base,≤100
1720389428208302,Rafael Alves,These ads ran without a disclaimer,≤100
100459902106274,Vereador Pastor Bira,Vereador Pastor Bira,≤100
110472530305766,Farmacia 10x,These ads ran without a disclaimer,≤100
506417589696816,Asbraf,ASBRAF,≤100
2035480960045180,Faisal Rachman,These ads ran without a disclaimer,≤100
123884341029248,João Jorge,JOÃO JORGE DE SOUZA,≤100
102397455539259,NetZero,These ads ran without a disclaimer,≤100
1650669521834952,Vereadora Miriam Brandao,Vereadora Miriam Brandao,≤100
280413655431834,AMB - Associação Médica Brasileira,Associação Médica Brasileira,≤100
107284055290696,Júlio Rufino,Júlio Rufino,≤100
303981736949468,Jingle Vinheta,Jingle Vinheta,≤100
1481420282167459,Fabiano da Luz,Fabiano Da Luz,≤100
107926134331509,Hemerson Máximo,Hemerson Máximo,≤100
863231400430276,Que conta é essa,Que conta é essa,≤100
1403191786568329,Senac EAD,These ads ran without a disclaimer,≤100
116566381454446,shmoraisss.anki,shmoraisconcursos,≤100
110515235300373,Bradock Show,Bradock Show Rede de Comunicação e Imprensa Ltda,≤100
100446349450938,finafinessi,These ads ran without a disclaimer,≤100
105574921046701,Agroforestry Carbon,Agroforestry Carbon,≤100
1500495686862218,Acacio Miranda,Acacio Miranda,≤100
2020107241606285,Dr. Rafael Quintes D. Gomes - Psiquiatra,These ads ran without a disclaimer,≤100
102495059385512,cmm_municipios,These ads ran without a disclaimer,≤100
115449086912280,Eduardo Cursino,Eduardo Cursino,≤100
398845206932703,Guilherme Boulos,Guilherme Boulos,≤100
1675556369345677,Ibá - Indústria Brasileira de Árvores,These ads ran without a disclaimer,≤100
286484764739596,Conselho de Arquitetura e Urbanismo do Brasil - CAU/BR,These ads ran without a disclaimer,≤100
329871990503088,Dirceu Ten Caten,Dirceu Ten Caten,≤100
111136404807668,Prof. Raphael Franco,These ads ran without a disclaimer,≤100
656965247684115,Zequinha Marinho,Zequinha Marinho,≤100
2398669613511168,Vereador Cabo Cassol,Ananias Cassol,≤100
636233766531004,Canal do Ovidio,These ads ran without a disclaimer,≤100
546865738685056,DR. ALCEU Vereador,Dr. Alceu vereador,≤100
101928459402878,Show Money,NATURALE HEALTH PRODUTOS NATURAIS,≤100
105001854703569,Brasil Urgente,Brasil Urgente,≤100
1543051279253905,Editora Vestígio,Editora Vestígio,≤100
100620532933752,rodrigo.vieira.35762,These ads ran without a disclaimer,≤100
102214764600761,Conselho Federal dos Representantes Comerciais,Conselho Federal dos Representantes Comerciais,≤100
103752642541133,Receitas Air Fryer,These ads ran without a disclaimer,≤100
103919601504494,Isentei,These ads ran without a disclaimer,≤100
106100512556019,Filipe 013,These ads ran without a disclaimer,≤100
191158547728051,Centro de Referências em Educação Integral,These ads ran without a disclaimer,≤100
127139487368866,Rui Falcão,Rui Falcão,≤100
583473528775596,Aroma Acessórios,These ads ran without a disclaimer,≤100
114180441667420,Sidney Stahl,Sidney Stahl,≤100
111351555354439,Marco Iten,These ads ran without a disclaimer,≤100
105830512489078,Arte e Entretenimento,Arte e Entretenimento,≤100
109114962204449,Manual do Vereador 2024,Manual do Vereador 2024,≤100
1435540446680839,Anadem - Sociedade Brasileira de Direito Médico e Bioética,Sociedade Brasileira de Direito Médico e Bioética - ANADEM,≤100
1931989763744839,Gilson Marques,Gilson Marques,≤100
109785372399873,IAB - Instituto dos Advogados Brasileiros,Instituto dos Advogados Brasileiros,≤100
1745506938997857,Tchê Concursos - Escola Preparatória,These ads ran without a disclaimer,≤100
168642243860275,Peroli,These ads ran without a disclaimer,≤100
262471577138535,Geovane Moraes,These ads ran without a disclaimer,≤100
114908894534663,fabiano.vendas.ff,These ads ran without a disclaimer,≤100
113650866857533,Diversitera,Diversitera,≤100
102600288034022,avante26str,These ads ran without a disclaimer,≤100
117731017021903,thamynagell,These ads ran without a disclaimer,≤100
723230227842589,Câmara Municipal de Sorriso,CAMARA MUNICIPAL DE SORRISO,≤100
1392976464188949,Sandra Wagner - Vereadora,Sandra Wagner - Vereadora,≤100
494717690672796,Fala Caboco com Ivan Brito,Malbi,≤100
427453484041323,Neom-SP,These ads ran without a disclaimer,≤100
107499962168913,"França: Instituto de Pesquisa, Inteligência e Opinião","França: Instituto de Pesquisa, Inteligência e Opinião",≤100
111300555336157,Dias & Lima Advogados Associados,These ads ran without a disclaimer,≤100
101185422935371,trancistas_do_capao,These ads ran without a disclaimer,≤100
103391032666973,Léo Bastos,These ads ran without a disclaimer,≤100
106206361334270,Marketing Político de Conteúdo,Marketing Político de Conteúdo,≤100
113401851693860,Política Sincera,Política Sincera,≤100
246818565879214,Тнιago Ѕanтoѕ - Advocacia & Consultoria,These ads ran without a disclaimer,≤100
1632845003624410,Blog do Lúcio Sorge,Blog do Lúcio Sorge,≤100
170773429643671,"Rádio Alvorada FM 94,9",Rádio Alvorada,≤100
128628933996898,Cristiane Dupret,These ads ran without a disclaimer,≤100
110644988539235,Ana Fernandes,These ads ran without a disclaimer,≤100
173698339802515,Rafael Brito,Rafael Brito,≤100
102283848890809,Canal Agro Indústria,These ads ran without a disclaimer,≤100
102395734972653,Eduardo Sanches,Eduardo Sanches,≤100
703746870061237,Rodrigo,These ads ran without a disclaimer,≤100
102384321716297,Advocacia Cortona e Ranieri,Advocacia Cortona Ranieri,≤100
1667682790209887,Kleber Silva,Kleber Silva,≤100
102197194725525,Sinpeem,Sinpeem,≤100
110566712081689,um_icecube,These ads ran without a disclaimer,≤100
181943989082300,Congresso Brincar,Congresso Brincar,≤100
109789152161,Sou da Paz,Sou da Paz,≤100
104723481899777,Fernanda Fernandes,These ads ran without a disclaimer,≤100
1999347526953010,Filter & Gomes Advogados Associados,These ads ran without a disclaimer,≤100
109359807904005,Movimento Pessoas à Frente,Movimento Pessoas à Frente,≤100
127789930632668,Conectas Direitos Humanos,ASSOCIAÇÃO DIREITOS HUMANOS EM REDE,≤100
583606835056845,Maria do Carmo Lara,Maria do Carmo Lara,≤100
117813734669649,Lucas Silva,These ads ran without a disclaimer,≤100
108780628886206,Entretenimento,These ads ran without a disclaimer,≤100
1674919632780383,Placo do Brasil,Placo do Brasil,≤100
995100900504903,Galera Vermelha,Galera Vermelha,≤100
103042409833465,Pedro Ivo,These ads ran without a disclaimer,≤100
1623079434589666,Memed,Memed,≤100
106168771144813,Ibitu Energia,These ads ran without a disclaimer,≤100
100461809626255,Tire Meu Rosto da Sua Mira,These ads ran without a disclaimer,≤100
100283776021263,segredosdegramado,These ads ran without a disclaimer,≤100
2227398574204658,Suzano TV,Grupo Folha 12 - Suzano TV de comunicação,≤100
1561614984133603,Fábio Villa Nova,VEREADOR FÁBIO VILLA NOVA,≤100
113658271724301,Agência Catarinense de Notícias - ACN,Agência Catarinense de Notícias - ACN,≤100
2141777312729089,Fran Corrêa,Francislene Assis de Almeida Correa,≤100
1459364967727482,Comunidade de Silvicultura,Comunidade de Silvicultura,≤100
1593214337620524,Tecnegócios,Tecnegócios,≤100
220869642128846,Editora Telha,Editora Telha LTDA,≤100
159664764718426,Wilian Tonezi,Wilian Tonezi,≤100
633781950098002,Ellen Santos - Advocacia e Assessoria,These ads ran without a disclaimer,≤100
111648137816488,IEPfD Instituto de Estudos e Pesquisas para o fortalecimento da Democracia,IEPfD - Instituto de Estudos e Pesquisas para o fortalecimento da Democracia,≤100
101869048663411,Imóveis de Luxo Moabe,These ads ran without a disclaimer,≤100
101372925628900,Carlos Lothar,Carlos Lothar,≤100
149387798962918,Arnaldo Queiroz de Melo Júnior,Arnaldo Queiroz de Melo Júnior,≤100
396626607095420,Magda Mofatto,Magda Mofatto,≤100
459033994107660,MARIA GAL,These ads ran without a disclaimer,≤100
112042683743939,Uelton Almeida,Uelton Almeida,≤100
461990540812267,Luiz Antônio Corrêa,Luiz Antônio da Costa Carvalho Corrêa da Silva,≤100
1024840290996769,Lucas Pimenta,Lucas Pimenta,≤100
114439881686918,acaciosouto,These ads ran without a disclaimer,≤100
102529859430804,Método Fast IA,Método Fast IA,≤100
112056280673435,Observatório da Alimentação Escolar,Observatório da Alimentação Escolar (ÓAÊ),≤100
2419372891669210,MS em Brasília,MS em Brasília,≤100
116741251380717,iphonestori_,These ads ran without a disclaimer,≤100
505797666174725,Deputado Estadual Cabo Maciel,Deputado Estadual Cabo Maciel,≤100
101085402822631,Mateus Zani MKP,Mateus Zani MKP,≤100
103177755385518,Folhas Das Montanhas,Folhas Das Montanhas,≤100
103690195919442,Klai Ferreira,These ads ran without a disclaimer,≤100
307695939326477,Eaton Brasil,Eaton Brasil,≤100
197074800315828,Instituto Velho Amigo,Instituto Velho Amigo,≤100
159394350833983,Diário do Comércio,Diário do Comércio,≤100
531275990354514,Tagiane Meneghim Ribeiro - Estética,These ads ran without a disclaimer,≤100
157403084610512,Vereador Filipe Marchesi,Vereador Filipe Marchesi,≤100
104202962384264,República dos Patos,República dos Patos,≤100
582678941809143,Delegada Martha Rocha,Martha Mesquita da Rocha,≤100
108435685082380,Direito Simples e Objetivo - Prof. Juliano Yamakawa,These ads ran without a disclaimer,≤100
1555937724629128,Comitê Guandu - RJ,Comite Guandu RJ,≤100
320910192098867,Ufficio in Sensa Comunicação,Sensa Comunicação,≤100
109339615119868,fernandaemediato,These ads ran without a disclaimer,≤100
304569419631788,Anibelli Neto,Anibelli Neto,≤100
1731257107093456,Prof Helton Kramer,Prof Helton Kramer,≤100
456485074374104,Sindipetro SP,SINDICATO DOS TR NAS IN DE EX PE PR RE DE AR DI E TRA ATRAVES DE DU E IM DE PE DE E SI DOS EST DE SP GO E D FEDERAL,≤100
1634260070223161,Rodrigo FarmaDic,Rodrigo FarmaDic,≤100
108162549297546,Arquimedes de Castro,Arquimedes de Castro,≤100
2136832986366352,Emerson Cardoso,Emerson Cardoso,≤100
279744252068590,Bahia Notícias,These ads ran without a disclaimer,≤100
106168771144813,Ibitu Energia,Ibitu Energia,≤100
114485477898897,~SANTHRS_ELETROTEC~,These ads ran without a disclaimer,≤100
111513268588140,mii.almeidaa,These ads ran without a disclaimer,≤100
101156816396897,Renova Bandeira,These ads ran without a disclaimer,≤100
185066854914434,NEAF Concursos Públicos,These ads ran without a disclaimer,≤100
101134469501445,baiano_barbearia_oficial,These ads ran without a disclaimer,≤100
451370971560727,Tito,Tito,≤100
260243837420336,Sindipetro Bahia,SINDICATO DOS PETROLEIROS DO ESTADO DA BAHIA - SINDIPETRO-BAHIA,≤100
1437374416496807,MSTL - Movimento Sem Terra de Luta,MSTL - Movimento Sem Terra de Luta,≤100
130635826965893,Artesol,Artesol – Artesanato Solidário,≤100
971716929540046,Rubinho Nunes,Rubinho Nunes,≤100
101082785312525,JC Clínica de Estética Integrada,These ads ran without a disclaimer,≤100
2013912328823618,Pincinato Dollo Advocacia,These ads ran without a disclaimer,≤100
2053204664939272,Facilita Pré Concurso,Facilita Pré Concurso,≤100
103825246115347,gr.gabriel.r.rocha,These ads ran without a disclaimer,≤100
107169764994221,laddydaiane,These ads ran without a disclaimer,≤100
273910272715136,Cleiton Fossá,Cleiton Fossá,≤100
722049364664808,Yago Dias de Oliveira - Advocacia Especializada,These ads ran without a disclaimer,≤100
124433647752397,Carmo Luiz,Carmo Luiz,≤100
231970073519906,Prefeitura de Três Lagoas,Prefeitura de Três Lagoas,≤100
780064122098434,Vereador Claudinho Neves,Vereador Claudinho Neves,≤100
108726882200842,Iceberg Podcast,Iceberg Podcast,≤100
372700439745539,Victare Placas Personalizadas,These ads ran without a disclaimer,≤100
1531312407085067,Rafaela Camaraense,Rafaela Camaraense,≤100
257697420929027,Marcius Machado,Marcius Machado,≤100
167919396712006,Mirante do Gavião Amazon Lodge,These ads ran without a disclaimer,≤100
218990061510715,CNSP - Confederação Nacional dos Servidores Públicos,Confederação Nacional dos Servidores Públicos - CNSP,≤100
107100802344214,Taróloga Jamile,These ads ran without a disclaimer,≤100
1501969216506347,"Vereador Denis, o filho do Pedrinho do Mercado","Vereador Denis, o filho do Pedrinho do Mercado",≤100
101996361629429,Virgílio Mendonça,Virgílio Mendonça,≤100
108572548926588,Marco Representante Amaral,These ads ran without a disclaimer,≤100
358889358338010,Vitor Hugo,Vereador Vitor Hugo,≤100
101389102876738,vivianvallim_psicopedagoga,These ads ran without a disclaimer,≤100
423779541425056,Vereador Roberto da Quadra,Vereador Roberto da Quadra,≤100
108336875663643,violeta_kids_oficial,These ads ran without a disclaimer,≤100
258193608253982,Kalie Mendez,These ads ran without a disclaimer,≤100
102551538798020,Historiadelas,Historiadelas,≤100
161716947574963,Altair Silva,Altair Silva,≤100
104131619346932,seuparceirotonbr,These ads ran without a disclaimer,≤100
113715318320435,Direito da Saúde Descomplicado,Fontes Mídias,≤100
101489608356071,Robson Massaia,Robson Massaia,≤100
103304161533043,Atuacaoassistentesocial,These ads ran without a disclaimer,≤100
100710735473325,IDP - SP,"Instituto Brasileiro de Ensino, Desenvolvimento e Pesquisa Idp - LTDA",≤100
101195732911575,jeysonpensativo,These ads ran without a disclaimer,≤100
106011622294836,Pro Saúde,These ads ran without a disclaimer,≤100
785512141500546,Eu Sigo a Jesus,These ads ran without a disclaimer,≤100
106158382354030,marcusfellip,These ads ran without a disclaimer,≤100
106367065399802,marcelogorskiborges,These ads ran without a disclaimer,≤100
105409475569811,AO Recon Latin America,These ads ran without a disclaimer,≤100
104368311440632,Junior Leite,Junior Leite,≤100
297060357313900,Prof. Claudio Fonseca,Prof. Claudio Fonseca,≤100
588818864464639,Imprensa Pública,Imprensa Pública,≤100
197940137267828,Luiz Zacarias,Luiz Zacarias,≤100
101021879674078,eelafala,These ads ran without a disclaimer,≤100
104701706034874,Bianca Mya,These ads ran without a disclaimer,≤100
115708100297387,gilkii,gilkii,≤100
100309782267742,Site Caririensi,Cariri Ensi - Agência de Notícias,≤100
488522157948560,Sebastião Rezende,Sebastião Rezende,≤100
113979508427218,itinerariop,These ads ran without a disclaimer,≤100
111058161361163,marinanunesmodafitness,These ads ran without a disclaimer,≤100
102088105511034,Marcia Renckel,Marcia Renckel,≤100
110234891457920,emiliarasp,These ads ran without a disclaimer,≤100
2002814813328497,Márcia De Castro Oliveira,Márcia De Castro Oliveira,≤100
100948838431304,Mateus Góis,These ads ran without a disclaimer,≤100
210467206143608,Portal de Prefeitura,Portal de prefeitura,≤100
1729080530702072,Roberto Naves Prefeito,Roberto Naves Prefeito,≤100
215529315462855,Guto Lopes,These ads ran without a disclaimer,≤100
102989302597139,rs.patriota,These ads ran without a disclaimer,≤100
1008846355811866,Lincoln Reis,These ads ran without a disclaimer,≤100
107064491018671,Tiago Peretto,These ads ran without a disclaimer,≤100
105678127455478,Itamar da Silva,Itamar da Silva,≤100
107346485457968,Clara Teixeira Nails,These ads ran without a disclaimer,≤100
112263007936746,Com elas no Agro,These ads ran without a disclaimer,≤100
100475402294243,Consciência Brasil,Consciência Brasil,≤100
102951545564643,Inprática - Instituto de Prática Jurídica,These ads ran without a disclaimer,≤100
102977205991714,dep.esportedeparaopeba,These ads ran without a disclaimer,≤100
100636646045985,geovannatsantos,These ads ran without a disclaimer,≤100
121205644282606,Doularemos,These ads ran without a disclaimer,≤100
1447183688660068,WCecilio Brokers,These ads ran without a disclaimer,≤100
161205987764897,Dr. Júlio,Dr. Júlio,≤100
112091281541899,Foco Na Música,These ads ran without a disclaimer,≤100
596622527666245,Grupo Ampare,Grupo Ampare,≤100
116828568079269,chaves_advogados,These ads ran without a disclaimer,≤100
101952348338520,agilecredito,Ágile Crédito & Capital,≤100
101837762864351,Luiz Leonardo,These ads ran without a disclaimer,≤100
1608363096111149,Seja Eleito Brasil,Seja Eleito Brasil,≤100
1261575317324000,Capitão Alisson,These ads ran without a disclaimer,≤100
191591598062172,Duda Ramos,Duda Brito Ramos,≤100
117197254733188,padrao_ma,These ads ran without a disclaimer,≤100
563329307133035,Dr. João Paulo Ribeiro,These ads ran without a disclaimer,≤100
511229282361363,Ciclo Orgânico,These ads ran without a disclaimer,≤100
102317035550976,Artur Santos,These ads ran without a disclaimer,≤100
254090891357320,Sindicato dos Policiais Federais de Santa Catarina - Sinpofesc,These ads ran without a disclaimer,≤100
102916335978405,vilmarcappellaroof,These ads ran without a disclaimer,≤100
105741849213427,Bidweb Security It,These ads ran without a disclaimer,≤100
551976105239046,Jerry Comper,Jerry Comper,≤100
108787872273409,arcspmia,These ads ran without a disclaimer,≤100
100312609778580,Vereador Professor Valter,Vereador Professor Valter,≤100
1481798875472193,Paulo Cezar Martins,Paulo Cezar Martins,≤100
113676935411485,Eder Magrão Clube Fm 101.9,eder gean silva,≤100
105945352531660,Giovanni Calheiros,These ads ran without a disclaimer,≤100
102795885694138,milokibullz,These ads ran without a disclaimer,≤100
109696307094191,Emerald Glow Cosmetics,These ads ran without a disclaimer,≤100
111166093677170,annacarolinalins,These ads ran without a disclaimer,≤100
108625789179165,Soi Dog Foundation,These ads ran without a disclaimer,≤100