﻿Page ID,Page name,Disclaimer,Amount spent (USD)
1642445269316564,Martín Torrijos,Martín Torrijos,≤100
516525551716773,Partido Popular Panamá,Partido Popular Panamá,≤100
247768972007283,Tribunal Electoral de Panamá,Tribunal Electoral de Panamá,≤100
261153657290417,José Blandón,José Blandón,≤100
106775568769729,Goberna Panamá,Goberna Panamá,≤100
106905399091487,Primarias Cambio Democrático,Cambio Democratico,≤100
115587088255086,J E S S I️,These ads ran without a disclaimer,≤100
117093641403995,Rubiel Morales,Rubiel Morales,≤100