﻿Page ID,Page name,Disclaimer,Amount spent (USD)
271082999713221,CCFR,CCFR,≤100
648941691867874,Kroko ក្រគរ កែវ រតនៈ,Kroko ក្រគរ កែវ រតនៈ,≤100
103014198521274,ចែណា បោះដុំអាវយឺត អាវក្រណាត់ និងប៉ាក បោះពុម្ភឡូហ្គោល គ្រប់ប្រភេទ,These ads ran without a disclaimer,≤100
353597324672004,You Can Win,These ads ran without a disclaimer,≤100
465264724285283,Ouch Saravuth Page,These ads ran without a disclaimer,≤100
561034580603226,គីម រិទ្ធី - Kim Rithy,គីម រិទ្ធី - Kim Rithy,≤100
364239524030202,លីលី លក់គ្រឿងចម្លាក់ឈើប្រណិតនិងថ្មកែវ 0963666335,These ads ran without a disclaimer,≤100
106374614548737,ខេមបូចា ព័ត៌មាន,ខេមបូចា ព័ត៌មាន,≤100
1309741899186397,CamboJANews,CamboJANews,≤100
100601049516193,តាឡុង,These ads ran without a disclaimer,≤100
146649842083645,COMFREL,COMFREL,≤100
2260430647540976,កម្ពុជា ៤.០ - Cambodia 4.0,កម្ពុជា ៤.០ - Cambodia 4.0,≤100
108420395590520,មាន ចាន់យ៉ាដា - Mean Chanyada,មាន ចាន់យ៉ាដា - Mean Chanyada,≤100
219779514869475,រដ្ឋបាលរាជធានីភ្នំពេញ,រដ្ឋបាលរាជធានីភ្នំពេញ,≤100
409568979238195,"Dr. Sok Prasith, Secretary of State Ministry of Information","Dr. Sok Prasith, Secretary of State Ministry of Information",≤100
1877507419245810,រៀល ខេមរិន្ទ្រ Real Camerin,These ads ran without a disclaimer,≤100
1139617022860713,វុន សុខជា Vun Sokchea,វុន សុខជា Vun Sokchea,≤100
1995251780700007,បណ្ឌិត ងិន បាណាល់ - Dr. NGIN Banal,បណ្ឌិត ងិន បាណាល់ - Dr. NGIN Banal,≤100
116613175028420,វិទ្យុស្ត្រី Women's Radio,វិទ្យុស្ត្រី Women's Radio,≤100
558050957660331,ព្រឹទ្ធសភាកម្ពុជា Senate of Cambodia,ព្រឹទ្ធសភាកម្ពុជា Senate of Cambodia,≤100
110372271312240,ក្រុមការងារអភិវឌ្ឍយុវជនខេត្តព្រៃវែង,ក្រុមការងារអភិវឌ្ឍយុវជនខេត្តព្រៃវែង,≤100
100771714739592,សហគ្រិនខ្មែរ Khmer Enterprise,These ads ran without a disclaimer,≤100
1805721409748590,Cambodia Development Center,These ads ran without a disclaimer,≤100
105866705100869,Khmer Tech Market,Khmer Tech Market,≤100
106959629047710,ផារ៉ា មង្គល,These ads ran without a disclaimer,≤100
844603092353014,ជា ពិសី - Chea Pisey,ជា ពិសី - Chea Pisey,≤100
1129900250496858,EBo_Bookstore,EBo_Bookstore,≤100
165219820677952,លូ គឹមឈន់ - Lou Kimchhun,លូ គឹមឈន់ - Lou Kimchhun,≤100