﻿Page ID,Page name,Disclaimer,Amount spent (IDR)
23383061178,Prabowo Subianto,indonesia Adil makmur,351383
101901612703421,G24 Golkar Sultra,Yayasan Golkar Institute SPKP,71909
104940148858518,Bersama Mbak Puan,Bersama Puan,71800
101350709331663,G24News.tv,Yayasan Golkar Institut SPKP,66329
105818752347206,Teman Airlangga Hartarto,Aditia Ramdani,39252
197545083607941,Harian Kompas,Harian Kompas,32552
102712985995817,Sobat Airlangga Hartarto,Aditia Ramdani,29550
143840239716746,Indozone.id,PT. INDOZONE MEDIA INDONESIA,24781
110090765246136,Yanti Airlangga,Yayasan Golkar Institute SPKP,15882
101960622677350,E-KTA Partai Golkar,Yayasan Golkar Institute SPKP,9242
102122622640795,Catatan Menko Airlangga,Yayasan Golkar Institut,8873
614375262100876,Partai Nasdem,Naila Saadah,7600
320858334728047,Partai Solidaritas Indonesia,Partai Solidaritas Indonesia,7264
975393075954579,Syahrul Yasin Limpo,Ideabuzz ID,5179
101679818973699,Sahabat Ganjar Pranowo,John Kamnahas,3830
100398849135155,Sandiku Sayang,Iwan Hardiansyah,3501
107965558190911,Bansos by DTKS,Mirza Eko Purwanto,3483
100738338510838,Bangkitlah Indonesia,Iwan Hardiansyah,3373
102060486500863,The Jakarta Post,PT. Bina Media Tenggara,3324
342449962923657,Berita Ganjar Pranowo,Septian Raharjo,2482
102656349157647,Tugimanisme,Ganjar Nusantara Indonesia,2226
107241861191421,Ilmu Tambang,Ilmu Tambang,2188
100493776029547,SiCaleg - Aplikasi Pemilihan Legislatif,SiCaleg,2046
103581752405141,Sobar Harahap,Ganjar Nusantara Indonesia,1719
110750361762052,Pikiran Rakyat,Desta Darmawansyah,1657
110865154735990,Koran Harian Tanah Air,Muhammad Miftakhunnaim,1613
144214102401186,Maman Abdurrahman,Maman Abdurrahman,1247
342449962923657,Berita Ganjar Pranowo,Ganjar Nusantara Indonesia,1218
39253583478,PDI Perjuangan,Muhammad Miftakhunnaim,1029
109083348423534,Untuk Rakyat,Muhammad Miftakhunnaim,1015
103581752405141,Sobar Harahap,Juniar Dwi Harianto,930
101760624522103,DPP Banteng Muda Indonesia,Farid Wahyudi,845
105195635486519,Klise Nusantara,Ganjar Nusantara Indonesia,576
105308715676825,Filosofi Indonesia,Ganjar Nusantara Indonesia,568
108676115131939,Nusantara Cerdas,Ganjar Nusantara Indonesia,534
104799384898162,Indonesia Berkabar,Ganjar Nusantara Indonesia,532
113058461386521,Mercusuar Indonesia,Ganjar Nusantara Indonesia,515
104830667806476,Melihat Indonesia,Ganjar Nusantara Indonesia,495
107565455160464,Indonesia Opini,Ganjar Nusantara Indonesia,476
100676262667808,Story Nusantara,Ganjar Nusantara Indonesia,463
202555993805088,Caption,Ganjar Nusantara Indonesia,444
104830667806476,Melihat Indonesia,Melihat Indonesia,444
101338198587608,Indonesia Luar Biasa,Ganjar Nusantara Indonesia,443
102273039070802,Info Terkini,Muhammad Miftakhunnaim,442
100147872667354,Kata Nusantara,Ganjar Nusantara Indonesia,411
110056788323890,Pikiran Indonesia,Ganjar Nusantara Indonesia,371
110368964786452,Kemajuan Bersama,Muhammad Miftakhunnaim,359
101403669397488,Nikmatul Sugiyarto,Ganjar Nusantara Indonesia,334
101403669397488,Nikmatul Sugiyarto,Juniar Dwi Harianto,276
110100218339060,Wahai Ibu Pertiwi,Muhammad Miftakhunnaim,214
678421075696415,Giring Ganesha,Partai Solidaritas Indonesia,209
108695584343029,Baik Untuk Kita,Muhammad Miftakhunnaim,184
102497641558430,Indonesia Tolak HOAX,Muhammad Miftakhunnaim,180
1638134682877357,DPW Partai Perindo Jawa Barat,DPW Partai Perindo Jawa Barat,162
110952238516382,Kiki Daliyo,Juniar Dwi Harianto,155
100739975934515,Kemajuan Tanah Air,Muhammad Miftakhunnaim,150
107635175541351,Pinjaman kur online,These ads ran without a disclaimer,148
101076948451651,Masa Depan Kita,Muhammad Miftakhunnaim,140
104843487722931,Portal Islam id,Portal Islam ID,137
111874238435241,Yayasan Bangun Kecerdasan Bangsa,Yayasan Bangun Kecerdasan Bangsa,135
100359258525418,Pemulihan Lebih Baik,Muhammad Miftakhunnaim,127
102626198026698,Rika Sudjiman,Juniar Dwi Harianto,103
108156498584853,Tetap Puan,Marabunta Family Cyber,103
103421759149899,Geocorner Indonesia,Geocorner,≤100
108571334357297,Melangkah Lebih Baik,Muhammad Miftakhunnaim,≤100
748306718584642,ERM Academy,These ads ran without a disclaimer,≤100
114943128131679,infinitium.id,These ads ran without a disclaimer,≤100
100569658898988,FORTUNE Indonesia,These ads ran without a disclaimer,≤100
110952238516382,Kiki Daliyo,Dwi Wantoro,≤100
285603275243670,Pustaka Makmun Rasyid,These ads ran without a disclaimer,≤100
104197914934368,E.T. Gunnarsson,These ads ran without a disclaimer,≤100
327115907736300,Asia Global Institute,These ads ran without a disclaimer,≤100