﻿Page ID,Page name,Disclaimer,Amount spent (MYR)
169284053121990,Pemuda PAS Bangi,Pemuda PAS Bangi,≤100
242624549154600,Wong Kah Woh,DAP Taiping,≤100
155707591143880,Prof. Dr Zainur Rashid Zainuddin,Yayasan Ikhlas,≤100
285441958608631,Gerakan Setia Johor,Gerakan Setia Johor,≤100
108562495293165,Energy Asia,Energy Asia,≤100
214066990599,Berita Harian Online,Berita Harian Online,≤100
693929714007978,Hj Nicholas Sylvester Muhammad Abdullah,Portal Mudah,≤100
1481225741958270,YB Arafat - Pusat Khidmat Rakyat ADUN Hulu Kinta,Parti Keadilan Rakyat,≤100
122913508099,Parti Gerakan Rakyat Malaysia,PGRM,≤100
100636399607458,Malaysia MADANI,Malaysia MADANI,≤100
669791046367615,Malaysia Gazette,Malaysia Gazette,≤100
1893380910908918,Kesavan Subramaniam,Parti Keadilan Rakyat,≤100
101193781637538,sumbangan.com,sumbangan.com,≤100
231300803661301,Tan Kar Hing,Tan Kar Hing,≤100
504995402890608,Sandrea Ng,Sandrea Ng,≤100
221159141657466,Newswav,Newswav - Malaysia Latest News,≤100
446127318757289,Sirap Limau,Sirap Limau,≤100
138361272876308,马华公会,马华公会,≤100
134750209898122,Chang Lih Kang,Parti Keadilan Rakyat,≤100
223180581163143,Jagdeep Singh Deo 'Serving the People',Usha A/p Balakrishnan,≤100
517210464961612,刘华才博士,PGRM,≤100
109978830534400,Dr Dominic Lau Hoe Chai,PGRM,≤100
654227084641097,Datuk Dr. Zulkifli Mohamad al-Bakri,Datuk Dr. Zulkifli Mohamad al-Bakri,≤100
131360500212473,Buletin TV3,Buletin TV3,≤100
230121517155898,Pondok Moden Al Ikhwan,Pondok Moden Al Ikhwan,≤100
111966755228255,,These ads ran without a disclaimer,≤100
217391881631388,SAYS,SAYS,≤100
134750209898122,Chang Lih Kang,Chang Lih Kang,≤100
1045537408865140,Raja Cuti,Raja Cuti,≤100
113352184982497,Aiman Wan Alias,aimanwanalias,≤100
27588322041,BFM Radio - The Business Station,BFM Radio - The Business Station,≤100
87363369882,Sinar Harian,Sinar Harian,≤100
31373189944,Malaysiakini BM,FG Media Sdn Bhd,≤100
211591442051,Harian Metro,Rev Media Group,≤100
109862381904645,阿聪吹水堂 Ah Chung Talkshow,阿聪吹水堂 Ah Chung Talkshow,≤100
358755581658775,Benny Kuok 郭嘉荣 - 易经导师,Chan Weng Kuok,≤100
214453639029748,Sinaran Wanita,Sinaran Wanita,≤100
649108535272473,Raja Lepak,Raja Lepak,≤100
715857358512639,The Bikers Ranger,The Bikers Ranger,≤100
101867979097495,Wong Used Car Penang,These ads ran without a disclaimer,≤100
331730317215791,Pusat Khidmat Masyarakat DUN Murum,Kennedy Chukpai Ugon,≤100
401340596873929,The True Net,Yoke Har Ng,≤100
164492150267814,Dewan Muslimat PAS Melaka,Dewan Muslimat PAS Melaka,≤100
107382207626058,R.Yuneswaran,Yuneswaran A/L Ramaraj,≤100
1681552565464891,Perhubungan PAS KEDAH,Nor Fatin Najibah Ismail,≤100
104387479012996,首乌焕发王,These ads ran without a disclaimer,≤100
40949157713,JUICE Malaysia,JUICE Malaysia,≤100
111139538134735,Dr. Mohd Syakir Mohd Rosdi - Studies in Political Economy,Mohd Syakir Bin Mohd Rosdi,≤100
103739585569338,Excel PLUS Dato Dr Hj Mohd Fadzilah Kamsah,These ads ran without a disclaimer,≤100
314259468955437,ITEX Malaysia,These ads ran without a disclaimer,≤100
1850198128537850,PAS BANGI,PAS BANGI,≤100
159556865294,Nik Nazmi,Nik Nazmi,≤100
105095057904484,William Leong 梁自坚,Swee Sheun Lee,≤100
513240148874838,Lim Yi Wei 林怡威,Lim Yi Wei,≤100
115171541190335,Syed Ahmad Altimet Keadilan Cabang Ampang,Syed Ahmad Altimet Keadilan Cabang Ampang,≤100
101291341431976,Azril Sarit,Azril Rizal Yusof Bin Mohd Sarit,≤100
511561258941414,Bong Jenn Fonng 黄振峰,Bong Jenn Fonng,≤100
668479916637069,NES Fircroft,These ads ran without a disclaimer,≤100
117663097989396,,These ads ran without a disclaimer,≤100
104792919199978,早安總裁,These ads ran without a disclaimer,≤100