﻿Page ID,Page name,Disclaimer,Amount spent (NGN)
108431715228675,Ifesim,Ifesim,301
100202924924063,Page 36,Page 36,≤100
102041986049282,International School Of Light,International School Of Light,≤100
103018869332378,BantuPage,Ikechukwu Orji,≤100
106280839099805,Crowd 1 investment platform,These ads ran without a disclaimer,≤100
913242715449176,Prophet Ekong Ituen Ministries,Ekong Ituen,≤100
590202251174437,Interfaith Dialogue Forum for Peace,Interfaith Dialogue Forum for Peace,≤100
1923462681250830,Noak Hill Travels,These ads ran without a disclaimer,≤100
102169824695398,Rero TV,Rero TV,≤100
1813961455356524,Sen. Lawrence Ewhrudjakpo,Sen. Lawrence Ewhrudjakpo,≤100
103456135835061,Victor E. Archibong,Victor Emmanuel Archibong,≤100
558998827815560,Rhukkie Collections,These ads ran without a disclaimer,≤100
110034854692816,Eyewitness Nigeria,Eyewitness Nigeria,≤100
112534228002589,Hon. Nkoyo Toyo,Victor Emmanuel Archibong,≤100
113452948376451,Youth support,These ads ran without a disclaimer,≤100
109366762070994,Emodah,Emodah,≤100
374543173059777,Hon. Adewumi Adeyemi,Adedayo Tolulakin Oderinu,≤100
108948280634116,"FireHouse Church, Nyanya",These ads ran without a disclaimer,≤100
101526161771364,Anambra State New Media,Anambra State New Media,≤100
111180371693748,Rt.Hon Peter Odey - Cross River State Deputy Governor -Elect,Prince Charles Ekanem Iv,≤100
100595249525719,Benjamin Kayode Adereti Support Group,Benjamin Kayode Adereti Support Group,≤100
216311481960,Bill Gates,These ads ran without a disclaimer,≤100
110605158631640,Fullnews update,These ads ran without a disclaimer,≤100