﻿Page ID,Page name,Disclaimer,Amount spent (EUR)
106626487721376,Amazon Europe,Amazon France,391
122074554119,EU Social,EU Social,≤100
39435457457,Greenpeace France,Greenpeace France,≤100
139331629464336,EDF,EDF,≤100
100160149099313,Justice Initiative,Justice Initiative,≤100
335868279790722,CIWF France,CIWF France,≤100
14053295787,Oxfam France,Oxfam France,≤100
328157150830,Fondation Perce-Neige,Fondation Perce-Neige,≤100
81753537108,TotalEnergies,TotalEnergies,≤100
384955301529344,Institut du Cerveau - Paris Brain Institute,Institut du Cerveau - Paris Brain Institute,≤100
113579678698073,La SPA - Société Protectrice des Animaux,La SPA - Société Protectrice des Animaux,≤100
116455261255,Action contre la Faim (France),Action contre la Faim,≤100
129740893750695,Sexosafe.fr,Santé Publique France,≤100
2049417915273959,CFTC La Poste,CFTC Media+,≤100
126664467395166,Fédération Française des Diabétiques,Fédération française des diabétiques,≤100
116070051527,Mediapart,Mediapart,≤100
124635890909275,Apprentis d'Auteuil,Apprentis d'Auteuil,≤100
107898832590939,European Commission,European Commission,≤100
152835304742765,Les Petits Frères des Pauvres,Les Petits Frères des Pauvres,≤100
128938130499216,Fepem - Fédération des particuliers employeurs de France,FEPEM,≤100
128664172024,Confédération Nationale des Associations Familiales Catholiques - AFC,Confédération nationale des Associations Familiales Catholiques,≤100
252417390706,APF France handicap,APF France handicap,≤100
100255681599847,Veolia France,Veolia,≤100
79566127213,Challenges,Challenges.fr,≤100
135590433555491,Diffuz Solidaire,MACIF,≤100
154912951193067,Médecins Sans Frontières / MSF,Médecins Sans Frontières,≤100
105433001916166,Brut.Adnetwork,BRUT SAS,≤100
9025047571,Amnesty International France,Amnesty International France,≤100
197118360320055,ONE France,ONE Fr,≤100
112547358788607,CCFD-Terre Solidaire,CCFD-Terre Solidaire,≤100
54309785742,Fondation pour la Nature et l'Homme,Fondation pour la Nature et l'Homme,≤100
730681673751055,"Médicis, la mutuelle retraite des indépendants et entrepreneurs",Mediaplus France,≤100
100140410085507,350 France,350 France,≤100
178362315106,European Parliament,European Parliament,≤100
106554597767346,UNHCR France,UNHCR France,≤100
382775905162847,Unlock France,Agir pour le climat,≤100
107952054291157,AED - Aide à l'Eglise en Détresse,AED - Aide à l'Eglise en Détresse,≤100
145664313583,AVSF - Agronomes & Vétérinaires Sans Frontières,AVSF - Agronomes et Vétérinaires Sans Frontières,≤100
321595547867008,Association Prévention Routière,Association Prévention Routière,≤100
164585262346234,La santé au féminin,La santé au féminin,≤100
26907085049,Scouts et Guides de France,Scouts et Guides de France,≤100
111813051744,ACTION ENFANCE,ACTION ENFANCE,≤100
111839965247351,Nmushi,These ads ran without a disclaimer,≤100
120780477955028,Secours populaire,Secours populaire,≤100
1891306977793412,France Alzheimer et maladies apparentées,France Alzheimer et maladies apparentées,≤100
520430624775359,1 innovation par jour.,Explore Media,≤100
147126052393,Libération,Libération,≤100
1684441541609223,Pour l'Éco,Pour l'Éco,≤100
256197435586,Handicap International - Humanity & Inclusion,Handicap International,≤100
146613439195230,Michel-Edouard Leclerc,Michel-Edouard Leclerc,≤100
801651953289918,La Société Française des Monnaies,Société Française des Monnaies,≤100
176663393102,La Cimade,La Cimade,≤100
360872824739466,Fondation Française de l'Ordre de Malte,Fondation Française de l'Ordre de Malte,≤100
190767987677923,Institut Curie,Institut Curie,≤100
144248248998626,Vivre et Aimer France,Vivre et Aimer France,≤100
475614645800988,Pour une santé solidaire – Solimut Mutuelle de France,Solimut Mutuelle de France,≤100
103744558081062,GRDF Hauts-de-France et Normandie,GRDF,≤100
159828091120,Solidarités International,Solidarités International,≤100
274244579353193,AVA - Agir pour la Vie Animale,AVA - Agir pour la Vie Animale,≤100
314443337102,GRDF,GRDF,≤100
625616024204368,DIGNITE international,Dignite International,≤100
108961334029224,Ekō en français,Ekō,≤100
114676815236667,AIDES,AIDES,≤100
93745060700,CARE,CARE France,≤100
155317537884626,Ordre de Malte France,Ordre de Malte France,≤100
1620638098209175,SOS MEDITERRANEE France,SOS MEDITERRANEE France,≤100
220281585028,Zippo,These ads ran without a disclaimer,≤100
113096307692289,ADF International France,ADF International,≤100
241694996718264,NF Habitat,Cerqual,≤100
278641698813937,Fondation Raoul Follereau,Fondation Raoul Follereau,≤100
292127754145164,Alliance VITA,Alliance Vita,≤100
162383987105585,Association Valentin Haüy - AVH,Association Valentin Haüy - AVH,≤100
201716123952571,Mon épargne et moi,Natixis Investment Managers,≤100
413401852112275,La Mie de Pain,LA MIE DE PAIN,≤100
103492626006238,Les Écologistes,Les Écologistes,≤100
219062948053,Alternatives économiques,Alternatives Economiques,≤100
1415350452093573,ONU Femmes France,ONU Femmes France,≤100
54568872127,Association Un enfant par la main,Un Enfant par la Main,≤100
403007780216717,En immersion,O tempora,≤100
398893737205896,Pierre Fabre Oral Care France,Pierre Fabre Oral Care France,≤100
258180930939050,QUALITEL,QUALITEL,≤100
141960165823353,Gustave Roussy,Gustave Roussy,≤100
119292661162866,Soil Capital France,Soil Capital,≤100
1643393112549158,JHR Films,JHR FILMS,≤100
677902065668703,Fondation des Femmes,Fondation des femmes avec des coupons publicitaires Facebook,≤100
360872200698949,Afev France,Afev,≤100
840901192703231,Groupe Identité et Démocratie - France,Groupe Identité et Démocratie - France,≤100
395919323779707,CRIF,Crif,≤100
103804191671034,Tilt,"Tilt, une initiative de l'AFD",≤100
124821480532,Max Havelaar France,Max Havelaar France,≤100
1851927498383009,Apnée Swimwear,Apnée Swimwear,≤100
105056881344026,Bean Supply,These ads ran without a disclaimer,≤100
130735290418113,Stérimar,These ads ran without a disclaimer,≤100
1410895092518424,The Jokers,The Jokers,≤100
305982272814433,Jean Paul Garraud,Jean Paul Garraud,≤100
543966612290222,AJC Paris,AJC Paris,≤100
131208927084,LeMoniteur.fr,Infopro Digital,≤100
754644594590474,Soulager mais pas tuer,Soulager Mais Pas Tuer,≤100
566508133498745,Klorane Botanical Foundation,Klorane Botanical Foundation,≤100
194934737335658,foodwatch France,foodwatch France,≤100
114128620230242,Front Populaire,Front Populaire,≤100
119606718113453,Lagazette.fr,Infopro digital,≤100
240300105113,Outplay,Outplay,≤100
108543658680802,Le mouvement Être-là,Être-là,≤100
130606440325044,Macif,These ads ran without a disclaimer,≤100
297115661094216,V.O. Le cinéma indépendant,LUCKYTIME,≤100
1175684215786558,Groupe Tremblaye,Groupe Tremblaye,≤100
1150185098382760,Fraternité générale,Fraternité générale,≤100
520644961391787,Epicentre Films,Epicentre Films,≤100
107599673956443,Effy,These ads ran without a disclaimer,≤100
256197435586,Handicap International - Humanity & Inclusion,Handicap International - Humanity & Inclusion,≤100
457316367752668,Info'Com-CGT,Info'Com-CGT,≤100
267353906619818,Mr. Gugu & Miss Go,These ads ran without a disclaimer,≤100
618145235013084,Fondation Terre Solidaire,Fondation Terre Solidaire,≤100
1449889331992039,Gestes Propres,These ads ran without a disclaimer,≤100
1165729723477945,Moniwan,Moniwan,≤100
208868999155447,UNADEV - Union Nationale des Aveugles et Déficients Visuels,Union Nationale des Aveugles et Déficients Visuels,≤100
364959206939410,ACAT France,ACAT France,≤100
1451772388394989,UNSA Fonction publique,UNSA Fonction Publique,≤100
105707821897202,souvenirs_d_enfant,These ads ran without a disclaimer,≤100
104280745330020,M.tattoo,These ads ran without a disclaimer,≤100
113205478695478,Bleu-Blanc-Coeur,Bleu-Blanc-Coeur,≤100
364936960317601,Mondafrique,Mondafrique,≤100
62399341602,L'Usine Nouvelle,Infopro Digital,≤100
475160939168864,Karpos,These ads ran without a disclaimer,≤100
123674940994027,Revue Esprit,Revue Esprit,≤100
101113092129325,Onami Foods,These ads ran without a disclaimer,≤100
154314278551,Union Syndicale Solidaires,Union Syndicale Solidaires,≤100
763722197034246,En Développement,These ads ran without a disclaimer,≤100
104224929357646,Hope Lgbtqia+,Université de Nîmes,≤100
109686207314440,Helios,Helios,≤100
78867806775,MAX MILO,MAX MILO,≤100
179279165463695,Institut Catholique de Paris,Institut Catholique de Paris,≤100
108854242161197,Factuel,Factuel,≤100
121693529673,Socialter,Socialter,≤100
244309777833,UCO Angers,Université Catholique de l'Ouest,≤100
766541380023534,Les Céréales,Intercéréales,≤100
557139521084091,ICT Institut Catholique de Toulouse,Université Catholique de Toulouse,≤100
101362762036118,Engagés Pour Noisy,Engagés Pour Noisy,≤100
92206374445,Château Palmer,These ads ran without a disclaimer,≤100
147547541961576,Council of the European Union,Council of the European Union,≤100
196305677194732,Bastide Niel,Bastide Niel,≤100
169703896494897,HUB Institute,HUB Institute,≤100
1621692424754301,Minderoo Foundation,These ads ran without a disclaimer,≤100
376460652377147,Énergie Partagée,Énergie Partagée,≤100
876923129144814,Pollers,Pollers,≤100
464100464392629,Béguey Coq Hurlant,These ads ran without a disclaimer,≤100
452759908167832,Cristaline,These ads ran without a disclaimer,≤100
234345013259204,O.A.B.A. - Oeuvre d'Assistance aux Bêtes d'Abattoirs,OABA,≤100
138301850146155,AOC,AOC,≤100
107350711840842,Exploris - Croisières & Expéditions,These ads ran without a disclaimer,≤100
68177528749,Polytechnique Insights,These ads ran without a disclaimer,≤100
178876385538037,Euronews Next,These ads ran without a disclaimer,≤100
192583130787628,Réel média,These ads ran without a disclaimer,≤100
1004339129632565,Charles-Henri Gallois,Génération Fexit,≤100
169557873587123,Noken Porcelanosa Bathrooms,These ads ran without a disclaimer,≤100
140431706089748,Université Catholique de Lille,Université Catholique de Lille,≤100
165007593521801,MyFamily,These ads ran without a disclaimer,≤100
109894799181079,Casino France,These ads ran without a disclaimer,≤100
527351247377965,European Committee of the Regions,European Committee of the Regions,≤100
106905277331650,Actu-Juridique.fr,Actu-Juridique.fr,≤100
489492277865574,SDI Syndicat des Indépendants et des TPE,SDI Syndicat des Indépendants et des TPE,≤100
103226265820336,dominiquemarne,These ads ran without a disclaimer,≤100
1429906143943899,SPAR,These ads ran without a disclaimer,≤100
293970490688629,François Alfonsi (Officiel),FAlfonsi,≤100
196115627088595,Entre infirmières libérales,These ads ran without a disclaimer,≤100
115150138233674,Bonjours,These ads ran without a disclaimer,≤100
164743920229688,AELO - Association Nationale des Elus Locaux d'Opposition,AELO - Association des Élus Locaux d'Opposition,≤100
119521264725553,Q21,These ads ran without a disclaimer,≤100
102876098548131,christian_vedrine_de_saintloup,These ads ran without a disclaimer,≤100
248329655321135,Syndicat de Défense des Policiers Municipaux - SDPM,Syndicat de Défense des Policiers Municipaux - SDPM,≤100
2235705996746291,Orijen France,These ads ran without a disclaimer,≤100
2310917338926472,Younous Omarjee,These ads ran without a disclaimer,≤100
117742354612047,yohan.pawer,These ads ran without a disclaimer,≤100
135095559900284,Les Maisons du Voyage,These ads ran without a disclaimer,≤100
6651543066,CNN Business,These ads ran without a disclaimer,≤100
102827029242630,robertatkinson_nature,These ads ran without a disclaimer,≤100
222795921147122,DHG Dyeing House Gallery,These ads ran without a disclaimer,≤100
107218239064555,الرائد للخدمات الأوروبية,These ads ran without a disclaimer,≤100
216002252147968,Cocoon un abri pour les sans-abri,These ads ran without a disclaimer,≤100
608650595820049,The Conqueror Challenges,These ads ran without a disclaimer,≤100
108625789179165,Soi Dog Foundation,These ads ran without a disclaimer,≤100
131189377574,MDPI,These ads ran without a disclaimer,≤100
219075308118516,PETA France,These ads ran without a disclaimer,≤100