﻿Page ID,Page name,Disclaimer,Amount spent (USD)
1867615493511193,Дамира Ниязалиева,Дамира Ниязалиева,≤100
152964861581140,Daniar Terbishaliev,Terbishaliev Daniar,≤100
117862454526695,Салам Кыргызстан Кыргызча,Салам Кыргызстан Кыргызча,≤100
110981394562622,Жылдыздуу саясат,Jyldyzsayasat,≤100
109564264716954,Полит Портрет,politportret,≤100
101548148821304,Две точки зрения,politportret,≤100
107876058176442,Тентек Кыз,Tazakoom,≤100
172800432762053,Vesti.kg,Vesti.kg,≤100
272667889583737,Precedentinfo,Iliana Zhediger,≤100
112540897735953,Салам Кыргызстан,Салам Кыргызстан,≤100
100172476278127,Easy Study,These ads ran without a disclaimer,≤100