﻿Page ID,Page name,Disclaimer,Amount spent (VND)
105494042386482,"Việc Tử Tế Phạm Văn Thanh - Điều Trị U Bướu U tuyến Giáp, Basedow U Nang",These ads ran without a disclaimer,1407
105845511087981,TRUYỀN HÌNH AN VIÊN,TRUYỀN HÌNH AN VIÊN,1041
919479674872321,Báo Nghệ An,Báo Nghệ An,942
134257131705906,27Germs - Tâm Linh Tinh Hoa - Phong Thuỷ cải vận,These ads ran without a disclaimer,699
1779555198971521,Wappokay,These ads ran without a disclaimer,646
101865258169428,ĐEN Secondhand,ĐEN Secondhand,258
1698723730389591,Moon ESL - Phát âm tiếng Anh,These ads ran without a disclaimer,≤100