﻿Page ID,Page name,Disclaimer,Amount spent (USD)
386469311494240,Իրազեկ քաղաքացիների միավորում - Union of Informed Citizens,Union of Informed Citizens NGO,≤100
2311673205550677,AntiFake.am,"""Civil Consciousness"" liberal NGO (AntiFake.am)",≤100
102112125825376,Համախմբում,Համախմբում,≤100
195018463901371,CivilNet,CivilNet,≤100
100287342020600,Դավիթ Խաժակյան/Davit Khazhakyan,Դավիթ Խաժակյան/Davit Khazhakyan,≤100
117883984992205,ՀՀ արդարադատության նախարարություն/Ministry of Justice of Armenia,ՀՀ արդարադատության նախարարություն/Ministry of Justice of Armenia,≤100
179916515749362,FIP - Փաստերի ստուգման հարթակ,Union of Informed Citizens NGO,≤100