﻿Page ID,Page name,Disclaimer,Amount spent (JPY)
239558679475625,株式会社トマス技術研究所,Kenji Fukutomi,1780
1904070096535109,スマート選挙,株式会社センキョ,1353
475681929154100,国連UNHCR協会,国連UNHCR協会,273
579187028792625,社長と会社の手元現金を増やす仕組みづくりの専門家,社長と会社の手元現金を増やす仕組みづくりの専門家,251
318691345000883,ワールドクラスパートナーズ,These ads ran without a disclaimer,122
827164404045107,船井総研　住宅・不動産コンサルティング,These ads ran without a disclaimer,115
116519890473491,いわて自民党,いわて自民党,102
103914976352692,選挙ドットコム,イチニ株式会社,≤100
208661552479830,日本財団,Shigeru Fujita,≤100
107190895491621,大富豪の投資術 Investment College,These ads ran without a disclaimer,≤100
104533215755145,ZOE_Japan,ZOE Japan,≤100
1678389695608051,EDIX,These ads ran without a disclaimer,≤100
289931618238873,法輪功は素晴らしいですが、なぜ迫害されたのか,Luu Nga,≤100
1672330153015605,透明アクリル業者票,アドアチーブ株式会社,≤100
843900165658829,신세계푸드,These ads ran without a disclaimer,≤100
643057169228509,FT Channels,These ads ran without a disclaimer,≤100