﻿Page ID,Page name,Disclaimer,Amount spent (COP)
117374017630746,Limpieza con Derechos,Jerson David Londoño Pineda,2109
101071764864119,Dulce Veneno,Dulce Veneno,1025
267198759973201,Bairon Enrique Muñoz Lizarazo,Bairon Enrique Muñoz Lizarazo,519
643513979193133,Unidos por Beatriz,Neuma,463
257401965136834,Carlos Marroquín Luna Diputado,Carlos Andres Marroquin Luna,347
113149344929527,Loly Montañez,Loly Montañez,256
194315573916010,Norma Hurtado Sanchez,Norma Hurtado Sánchez,242
765302097170348,Línea Cero,Linea Cero,220
299469560099835,Alcaldía de Cali,Alcaldía de Cali,212
478500199550158,Luis Miguel Acosta,These ads ran without a disclaimer,208
471698040072735,Leonardo Siagama/Alcalde P/R,Leonardo Siagama,197
1823807254333065,Soy Más País,Soy Mas Pais,188
194315573916010,Norma Hurtado Sanchez,Norma Hurtado Sanchez,167
861234197280988,Stefany Gómez Concejala de Armenia,Stefany Gomez Murillo,143
835710939898329,Paulina Aguinaga,Paulina Aguinaga,101
1529335724037224,Aeropuerto del Café,INTUAL,≤100
1119413181474050,El Avispero Mov,Movilizatorio,≤100
1961087004115019,Zijin-Continental Gold Colombia,Zijin-Continental Gold,≤100
1815626541807349,Agencia de Periodismo Investigativo,Norbey Quevedo Hernandez,≤100
2347968758813268,Julito Romero,Julito Romero,≤100
252640334936797,Skandia Colombia,Kelly Vanessa Cuellar Garces,≤100
106892197676696,Pedro León Martínez,Pedro León Martínez Sánchez,≤100
200207836752561,Opinión Caribe,Opinión Caribe,≤100
108875804858437,Antimilitantes,Antimilitantes,≤100
407615769604377,Mutante,Fundación Mutante,≤100
130834367164,Red PaPaz,Red PaPaz,≤100
105848177845789,All Out en español,All Out Action Fund,≤100
299604886911205,Tizumba Online,Tizumba Online,≤100
655227911200346,Carlos Edward Osorio,Carlos Edward Osorio,≤100
188371488749555,Mauro Marquez,Mauricio Marquez Valencia,≤100
1727280190891954,FRANCE 24 Español,These ads ran without a disclaimer,≤100