﻿Page ID,Page name,Disclaimer,Amount spent (PEN)
101665683225827,José Luna Gálvez - Pepe Luna,José Luna Gálvez - Pepe Luna,≤100
566970220173238,Podemos Perú,Podemos Perú,≤100
106854614088402,Pepe Luna Morales,Pepe Luna Morales,≤100
103743634603223,HIAS Perú,HIAS Perú,≤100
264223880347121,Lampadia Oficial,LAMPADIA,≤100
100500902383840,Propuestas del Bicentenario,Videnza Fundación,≤100
142062936237878,Goberna,Goberna,≤100
534284396949027,Ilich López,Ilich López,≤100
1470976356522933,Daniel Urresti,Daniel Urresti,≤100
1897126257190528,Instituto Latinoamericano de Capacitaciones Jurídicas-ILCJ,ILCJ,≤100
1515699775335101,Buckner Perú,Buckner Perú,≤100
1439184006380894,ISTP Sistemas DEL SUR,These ads ran without a disclaimer,≤100
107231785611071,Noticias Piura,Noticias Piura,≤100
107410842368849,Ptv,P TV,≤100
595747177176077,Edmundo Del Aguila,Edmundo Del Aguila,≤100
105866567797539,Ivis Onairam Bartolo,These ads ran without a disclaimer,≤100
107290784647450,HB Abogados,HB Abogados,≤100
101002742582577,Red de Organizaciones Académicas de Gestión y Políticas Públicas,Red de Organizaciones Académicas de Gestión y Políticas Públicas,≤100
334371566595645,Marketing Consultores S.A.,These ads ran without a disclaimer,≤100
119337342805754,Jorge Morante - Congresista de la República,Jorge Morante - Congresista de la República,≤100
341727142519006,Demus-Estudio para la Defensa de los Derechos de la Mujer,DEMUS - Estudio para la Defensa de los Derechos de las Mujeres,≤100
233943790279421,Jaime Salomón,Jaime Salomón,≤100
200857600643943,Intercambio,Compañía de Jesús Provincia Del Perú,≤100
261082154445217,Pp Chilala,These ads ran without a disclaimer,≤100
105666946254177,La Tercera Chicama,La Tercera Chicama,≤100
103064252668045,Ingees01,These ads ran without a disclaimer,≤100
100325603342244,estilos,These ads ran without a disclaimer,≤100
140672216015006,Oriflame,These ads ran without a disclaimer,≤100
101593776262012,RC LUREN ICA,These ads ran without a disclaimer,≤100
151772885601972,Prime Institute,These ads ran without a disclaimer,≤100
495706950531442,Pepe Feria,Pepe Feria,≤100
107972128106412,Adelante Perú,Adelante Peru,≤100