﻿Page ID,Page name,Disclaimer,Amount spent (USD),Number of ads in Library
200480966638039,Supremacy 1914,These ads ran without a disclaimer,≤100,2
106348682400630,Nova - AI Chatbot,These ads ran without a disclaimer,≤100,2
116679401363112,Kelce Jam,These ads ran without a disclaimer,≤100,1
31292782350,Deutschland.de,These ads ran without a disclaimer,≤100,1
100374392742057,Weregreenly- Magazine,These ads ran without a disclaimer,≤100,1
75608370019,United States Institute of Peace,These ads ran without a disclaimer,≤100,1
369479089905524,Shane Mahoney,These ads ran without a disclaimer,≤100,1
395997657147730,صحيفة الشعب اليومية أونلاين بالعربية,These ads ran without a disclaimer,≤100,1
102723762108199,Tsikdem Communication,These ads ran without a disclaimer,≤100,1
1673669186277733,Freeda,These ads ran without a disclaimer,≤100,1
209803995714782,"Simplify, Live, Love",These ads ran without a disclaimer,≤100,1
8539814909,International Animal Rescue,These ads ran without a disclaimer,≤100,1