﻿Page ID,Page name,Disclaimer,Amount spent (USD),Number of ads in Library
104643525594273,Laurina,These ads ran without a disclaimer,≤100,1
200480966638039,Supremacy 1914,These ads ran without a disclaimer,≤100,2
110463704610731,Cute Kiwi,These ads ran without a disclaimer,≤100,1
462848513792011,国家大剧院National Centre for the Performing Arts,These ads ran without a disclaimer,≤100,1
175889425769412,BAR-TEK Motorsport,These ads ran without a disclaimer,≤100,2
110469051835836,Pinkpasiflora,These ads ran without a disclaimer,≤100,1
102415047928145,Shanghai Electric,These ads ran without a disclaimer,≤100,1
104404948072,Ema Arius,These ads ran without a disclaimer,≤100,1
771462172882741,OnePath Network,These ads ran without a disclaimer,≤100,1
104642729116605,VIEW Iceland,These ads ran without a disclaimer,≤100,1