﻿Page ID,Page name,Disclaimer,Amount spent (USD)
611176288894923,Leng Navatra   ឡេង ណាវ៉ាត្រា,Leng Navatra   ឡេង ណាវ៉ាត្រា,≤100
101029751624330,គង់ សោភ័ណ្ឌ អភិបាលខេត្តកណ្តាល Kong Sophorn Governor of Kandal Province,គង់ សោភ័ណ្ឌ អភិបាលខេត្តកណ្តាល Kong Sophorn Governor of Kandal Province,≤100
783660018410989,H.E. Oknha Datuk Othsman Hassan,Roya Mat,≤100
110034321816377,Hun Manet - C.O.Army Office,co-army,≤100
1995251780700007,បណ្ឌិត ងិន បាណាល់ - Dr. NGIN Banal,បណ្ឌិត ងិន បាណាល់ - Dr. NGIN Banal,≤100
648941691867874,Kroko ក្រគរ កែវ រតនៈ,Kroko ក្រគរ កែវ រតនៈ,≤100
1309741899186397,CamboJANews,CamboJANews,≤100
116638941394367,Chanthea Boutique,These ads ran without a disclaimer,≤100