﻿Page ID,Page name,Disclaimer,Amount spent (HUF)
120370174702378,Magyarország Kormánya,Magyarország Kormánya,10548
1237616006358749,Kékes Online,Kékes Online,8833
224274995688487,Bohár Dániel - Riporter,Megafon,8323
129255963785124,Heol.hu,Heol.hu,5459
294998357524107,Deák Dániel,Megafon,3527
543788999005363,ORIGO,Mediaworks Hungary Zrt.,2881
594088897289853,Alapjogokért Központ,Alapjogokért Központ,1401
103294948505659,Szánthó Miklós,Szánthó Miklós – Alapjogokért Központ,1289
248172631940,Mandiner,Mediaworks Hungary Zrt.,1105
178362315106,European Parliament,European Parliament,1037
109637397268775,Nyugati Pályán,Splendidea Communications Kft,1016
109414841321682,Magyar Falu Program,Magyar Falu Program,992
109503892404998,Világgazdaság,Mediaworks Hungary Zrt.,969
326635018181862,Magyar Nemzet,Mediaworks Hungary Zrt.,891
191461774219575,hirado.hu,hirado.hu,858
851784814892644,Simicskó István,KDNP frakció,566
132593883577930,Dr. Keresztes László Lóránt,LMP - Magyarország Zöld Pártja,518
734217673259088,Ujhelyi István dr.,Ujhelyi István EP-képviselő,468
191946490841225,Dúró Dóra,Mi Hazánk Mozgalom,454
143151351544,Színházi Olimpia 2023 / Theatre Olympics 2023,Szinházi Olimpia Nonprofit Kft.,438
1408906262689093,Nyitrai Zsolt,Fidesz,432
108346693873484,Győrffy Balázs,Balazs Gyorffy,392
237088069704442,Kósa Ádám,"Adam Kosa, Member of the European Parliament",386
142116653162328,Márki-Zay Péter,Mindenki Magyarországa Mozgalom,383
47198507012,LMP - Magyarország Zöld Pártja,LMP - Magyarország Zöld Pártja,377
1215492498464496,Angyal Károly,Angyal Károly Tibor,366
289633770813,UNICEF Magyarország,UNICEF Magyar Bizottság Alapítvány,363
376436808069,Eventim - Ticket Express Hungary,TEX Hungary Kft.,312
735736549957756,G7.hu,G7.hu Nonprofit Zrt.,300
506348326210466,Ungár Péter,LMP - Magyarország Zöld Pártja,290
345496092135627,Hír TV,Mediaworks Hungary Zrt.,262
303640261940,Nemzeti Sport Online,Mediaworks Hungary Zrt.,258
131283758531,HVG,HVG Kiadó ZRt.,251
76748198685,Budapest Pride,Budapest Pride,247
108248022589754,Bosch Magyarország,Bosch Magyarország,246
113684438795574,Párbeszéd Magyarországért,Párbeszéd Magyarországért,211
103478164920832,Rubicon Intézet,Rubicon Intézet,199
102426795954406,Nobilis Márton,Nobilis Márton,171
100452852734271,Startlap - Vásárlás tippek,Central Médiacsoport Zrt.,168
264210363649459,Élő Norbert,Élő Norbert,152
153992771336740,Origo Sport,Mediaworks Hungary Zrt.,146
221761091331222,Danube Institute,Danube Institute,144
107123677458699,Külpologika,Tamás Novák,142
126539424061030,Háttér Társaság,Háttér Társaság,141
1920158678081160,Nemzetpolitikai Államtitkárság,Nemzetpolitikai Államtitkárság,136
109565208474856,Startlap - Utazás tippek,Central Médiacsoport Zrt.,112
162344823835042,atlatszo.hu,atlatszo.hu,106
243470906428319,Juhász Hajnalka,Juhász Hajnalka,104
105129068891221,Frisshirek.hu,Genesis Médiacsoport Kft.,102
105774734948091,Hungarian Conservative,Hungarian Conservative,≤100
142684465906231,Üdvhadsereg Salvation Army Hungary,Üdvhadsereg Szabadegyház Magyarország,≤100
1584646591763647,Kanász-Nagy Máté,LMP - Magyarország Zöld Pártja,≤100
122553474422895,Vodafone Magyarország Alapítvány,Vodafone Magyarország Alapítvány,≤100
44847086574,Amnesty International Magyarország,Amnesty International Magyarország,≤100
537817739693723,Brain Bar,Brain Bar,≤100
408924035951553,Körforrás,Körforrás,≤100
102641477991941,bahir.hu - BAHÍR,Zöld Baranya Egyesület,≤100
670269189782610,Ficsak - Fiatal Családosok Klubja,Fiatal Családosok Klubja,≤100
264517713636590,PestiSracok.hu,PestiSrácok.hu,≤100
100467642324899,Realista,Az Év Irodája,≤100
788960034452071,Potápi Árpád János,Potápi Árpád János,≤100
447204268797621,RTL.hu,RTL.HU,≤100
104594918109266,Magyarország Ügyészsége,Magyarország Ügyészsége,≤100
1377431695828132,Nagy István,Dr. Nagy István,≤100
268042136672212,Századvég,Századvég Közéleti Tudásközpont Alapítvány,≤100
567351656665253,Varga Zoltán,Varga Zoltán Imre,≤100
126893087354793,Európai Parlament,Európai Parlament,≤100
581800425838191,Scruton,Scruton,≤100
1869511526651884,Zsigmond Barna Pál,Fidesz,≤100
947085241994133,Nőiszem - Mindennapok Női Szemmel Egyesület,Mindennapok Női Szemmel Egyesület,≤100
116541980473019,HellóMagyar,Helló Magyar,≤100
109237039114861,MEDIAPIAC.COM,Médiapiac Kft.,≤100
270300439972751,Szemlélek,Szemlélek Alapítvány,≤100
200615179974476,Tégy az abortusz ellen,Karácsonyi Zoltán,≤100
421262681731198,Vasarnap.hu,Kovács K. Zoltán Alapítvány,≤100
1578544965522747,Dr. Györei Péter ügyvéd,Dr. Györei Péter,≤100
1502745060010732,The European Conservative,European Conservative,≤100
161746613987047,Állampolgári Bizottság az Emberi Jogokért,Állampolgári Bizottság az Emberi Jogokért,≤100
1313300228710330,BASF Mezőgazdasági megoldások,BASF Hungária Kft.,≤100
106236922109249,Hajnal-2026,Gábor Radics,≤100
104120465115094,Schaller-Baross Ernő,Schaller-Baross Ernő,≤100
320701218553533,Alternatíva Párt,Alternatíva párt,≤100
85568463466,Mérce,Mérce,≤100
112879632128020,Novák Előd,Mi Hazánk Mozgalom,≤100
100609808517630,Drogkutató Intézet,Drogkutató Intézet Nonprofit Korlátolt Felelősségű Társaság,≤100
290353684405462,Mindenszo.hu,Mindenszo.hu,≤100
293410494975,Republikon Intézet,Republikon Alapítvány,≤100
193338710873126,Horinka László,Horinka László,≤100
104958058734636,Bekezdések,Nagy Áron,≤100
189897907725974,A Magyar Szív Dobbanása Berki Erika és Bóka Jenő Oldala,These ads ran without a disclaimer,≤100
149061108240,Kocsis Máté,Fidesz,≤100
286146221590937,Direkt36,Direkt36,≤100
103141961544400,Future of Debrecen,Future of Debrecen Egyesület,≤100
222935035147780,moszkvater.com,moszkvater.com,≤100
110292211697859,Erdélyi Rezső Krisztián Nézőpontja,Nézőpont,≤100
113183730045421,Momentum Klímakörök,Momentum Mozgalom,≤100
103156659242486,Orbán Viktor az európai civilizáció megmentője/kövesd az oldalt/,László Jozsef Szigeti,≤100
268042136672212,Századvég,These ads ran without a disclaimer,≤100
186937904681332,Szabó Rebeka,Szabó Rebeka Katalin,≤100
136848826340367,Blikk,These ads ran without a disclaimer,≤100
112001160547074,Grabant Ingatlan,Janos Grabant,≤100
170834092937469,K-Monitor,K-Monitor,≤100
861245927252072,Rácz Zoltán,Rácz Zoltán,≤100
10150143942470099,Privátbankár.hu,Privátbankár.hu,≤100
247563431962015,tiszatajonline.hu,Tiszatájonline.hu szerkesztősége,≤100
657276504312300,Szikora István,Szikora István,≤100
115295915203476,Európa Pont,Európai Bizottság Magyarországi Képviselete,≤100
1693538404064465,Magyar Hang,Magyar Hang - A Túlélő Magazin,≤100
111696017972206,Bolygó,Greenpeace Magyarország,≤100
221070257903108,Budapest Galéria,These ads ran without a disclaimer,≤100
115050303274279,Horváth Soma,Horváth Soma Àdám,≤100
110044873939739,Rehó János,Rehó János,≤100
251610181902636,Esterházy Magyarország Alapítvány,These ads ran without a disclaimer,≤100
519279158277826,Szülői Hang,Szülői Hang,≤100
1065713933504228,Új Egyenlőség,Új Egyenlőség,≤100
202099276507678,24.hu,24.hu,≤100
116333426406793,Apaidő,These ads ran without a disclaimer,≤100
215551471947529,Sajómente,Sajómente,≤100
311123672734164,MKKP Nógrád megye,Magyar Kétfarkú Kutya Párt,≤100
344902188590,Joint Venture Szövetség,Joint Venture Szövetség,≤100
170226773047078,EMVA Tanácsadó Kft.,These ads ran without a disclaimer,≤100
105893115011978,IN.hu,These ads ran without a disclaimer,≤100
106620807391911,Roche,These ads ran without a disclaimer,≤100
527351247377965,European Committee of the Regions,European Committee of the Regions,≤100
245094455536925,FOUR PAWS,These ads ran without a disclaimer,≤100
102036617851494,elina_brevnova,These ads ran without a disclaimer,≤100
139666286225597,Euranet Plus - Official,These ads ran without a disclaimer,≤100