﻿Page ID,Page name,Disclaimer,Amount spent (ARS)
130929705668,Municipalidad de Córdoba,Municipalidad de Córdoba,727170
110568602036048,Córdoba La Número 1,Córdoba La Número 1,560176
181701801980107,Daniel Passerini,Daniel Passerini,135546
174970176018,Horacio Rodríguez Larreta,Juntos por el Cambio,128285
1567551246808899,Laura Vilches,Frente de Izquierda,56179
111667775192921,Sergio Padro,Sergio Padro,12796
102305658071845,Uthgra Córdoba,Uthgra Córdoba,9790
451835641522345,Marcelo Rodio,Marcelo Rodio,8933
367089004808,Amnistía Internacional Argentina,Amnistía Internacional Argentina,6995
513899261972162,Frente de Izquierda FIT,Frente de Izquierda,6275
1018409418303450,Dra. Veronica Sikora,Visited7 Marketing Digital,5329
301506776559902,Gobierno de Córdoba,Gobierno de Córdoba,4946
213067009245740,Gonza Frontera,Gonza Frontera,3858
111600998225620,Noticias Zero,Noticias Zero,3713
465558466800210,Maxi Pullaro,Unidos para Cambiar Santa Fe,3580
642790409440295,Manuel Sosa,Manuel Sosa,3363
106560742263098,Noticias El Portal,Noticias El Portal,3105
72669217467,Vilma Ripoll,MST Movimiento Socialista de los Trabajadores,2893
108679841853325,Contame Más,Contame Más,2871
628498977777284,El Continental,Periodico El Continental,2813
638685723246794,Cesar Orgaz,Encuentro Vecinal Córdoba,2595
119455884451585,Juan Manuel Moroni,Juan Manuel Moroni,2569
274499579265964,María Eugenia Schmuck,María Eugenia Schmuck,2536
605540860101596,Diario Criollo,Diario Criollo,2362
112090455034177,El Portavoz Oficial,El Portavoz,2196
205125862909114,Grupo Feedback,Grupo Feedback,2052
110039918575012,Noticias Express,Noticias Express,1988
189940771071192,Secretaría de Turismo de San Luis,Secretaría de Turismo de San Luis,1902
1383679141758544,Total República,Total República,1897
110276628358382,El Autónomo,El Autónomo,1889
110806461830762,El Sol Web,El Sol Web,1849
118022918321722,Municipalidad Rio Tercero,Municipalidad de Rio Tercero,1807
174545086044880,Gobierno de Santa Fe,Brote AD S.A.,1793
544986472243896,Data Diario,Data Diario,1788
103088924366000,Noticias d,Noticias d,1671
100855346277788,81Dmentes,81Dmentes,1661
103832331784993,Ahora San Juan,Ahora San Juan,1637
113474153674452,Secretaría de Gestión Ambiental y Sostenibilidad,Secretaría de Gestión Ambiental y Sostenibilidad,1531
111669735076988,Hora Cero,Hora Cero Noticias,1528
104147274759706,Periodismo de Izquierda,Periodismo de Izquierda,1406
958750317533178,Manuela Castañeira,Nuevo MAS,1377
107533132202263,Paola Forcada,Paola Forcada,1372
567597717079567,Silvia Paleo,Silvia Paleo,1304
450436755696610,Pao Nanini,Pao Nanini,1304
107631983989726,Argentina Federal,Argentina Federal,1275
168606106578096,Municipio Ciudad de Arroyito,Norte Creative SRL,1275
131381938371647,Corta La Bocha Noticias,Corta La Bocha,1252
699758330894365,Actualidad Argentina,Actualidad Argentina,1246
113898744658728,El Progreso Web,El Progreso,1242
579052309200348,Gonzalo Parodi,Gonzalo Parodi,1206
103846469204203,La Ola Noticias,La Ola Noticias,1201
110116998602195,Boletin No-Oficial,Boletín No Oficial,1072
102534516011045,La Gloria Noticias,La Gloria Noticias,1046
103107652819753,Elijo Hacer,Elijo Hacer Santa Fe,995
206443346792994,Ricardo Martin,Ricardo Martin,923
109237045323181,Patagonia Noticias,Patagonia Noticias,913
111064391804839,Argentina Productiva,Argentina Productiva,862
105716442346264,Conurnarnia,Conurnarnia,831
104733589113258,La Gaceta Nacional,La Gaceta Nacional,787
1558955604361476,Mariano Villa,Mariano Villa,783
1558497147749042,Diario Alternativo Córdoba,Diario Alternativo Córdoba,775
110890318187982,Escucharte Santa Fe,Escucharte Santa Fe,769
1612872498951421,Adrián Scorza,Adrián Scorza,738
103740369249125,El Provinciano,El Provinciano,714
100135086249194,Noticias del Norte,Noticias del Norte,709
452525851510103,Nicolás del Caño,Frente de Izquierda,708
1470809306572155,Armando Luis Gay,Armando Luis Gay,704
335926266503071,7D,7D,700
100932749306130,Noticias Andinas,Noticias Andinas,670
103322152538185,La Verdad Noticias,La verdad noticias,666
113395874909201,Punto Noticias,Punto Noticias Web,659
201333653808682,Nico Filoni,Nico Filoni,656
106388015081214,Fede Carballeira,Creo en Rufino,646
699254193487823,Sebastián Cáceres,Sebastián Cáceres,614
100513966017836,Noticias del Sur,Noticias del Sur,606
185922194792026,Myriam Bregman,Frente de Izquierda,593
1573583459600036,Legislatura de Córdoba,Legislatura de Córdoba,593
194659330554017,Mónica Fein,Monica Fein,562
1436075150023122,PJ Digital,PJ Digital,553
104108652673289,Cosquín Avanza,Cosquín Avanza,546
263571907867101,Jorge Scala,Jorge Scala,525
437781189936346,Alejandra Rodenas,Alejandra Rodenas,510
459621964232344,Municipalidad de Cruz Del Eje,Municipalidad de Cruz del Eje,508
258546478015654,Laura Jure,Laura Jure,496
500835457086210,Oscar Rosas,Oscar Rosas,493
104480845106839,LiBooksAR,These ads ran without a disclaimer,453
2227117207535828,Adela Arning,Adela Arning,452
304176325478,La Política Online,La Política Online,452
101932465248756,Gustavo Piscitello,Gustavo Piscitello,444
1943570372417559,Santiago Mansilla Figueroa,Santiago Mansilla Figueroa,434
125183747539071,Noticias Argentinas,Noticias Argentinas,429
118325592137966,Maria Eugenia Vallota,Maria Eugenia Vallota,420
103021535961289,Cede,Cede,419
771805932912590,Felipe Hipolito Botta,Felipe Hipolito Botta,398
508050335906893,Felipe Michlig,Felipe Michlig,387
604575512919532,Cristian  Andino,Cristian  Andino,378
1996821287271445,Marcelo Arancibia,Marcelo Arancibia,371
111456641922572,Es de Pelados,Es De Pelados,347
105070965806033,Académia épica,Académia épica,346
1744262295791445,Osjera,OSJERA,334
105264931740380,Corta,Corta,322
229118432368013,Pinceladas Multicolor,These ads ran without a disclaimer,317
153609608543689,Mariam Monguzzi,Mariam Monguzzi,307
433136076759972,Edhasa Argentina,Edhasa Argentina,304
544640985878621,Argentinos Online,Argentinos Online,298
188537001308935,Anita Martinez,Anita Martinez,298
113997537022162,Giuseppe Bosco,Giuseppe Bosco,294
445691695763603,Eber W. Solis,Eber W. Solis,290
100211419079516,Soy Villa Nueva,Soy Villa Nueva,281
104417732484057,El Independiente Noticias,El Independiente,269
704600029924423,Andres Romero,Andres Romero,267
1045742742140641,ENREDACCIÓN,ENREDACCIÓN,265
102187456039094,Enterate Ya,Enterate Ya!,265
342638383052208,Peronistas con el Rolo,Peronistas con el Rolo,256
139485256213513,radiokermes.com 106.1,radiokermes.com 106.1,253
90680883335,Ciudadano News,Inversora Corporativa S.A,251
1488831318060288,Unión Europea en Argentina,Delegación de la Union Europea,249
1408542766063285,Carla Carrizo,Carla Carrizo,247
176035062445399,Hotel Canciller,These ads ran without a disclaimer,236
209725932468151,Valeria Arata,Valeria Arata,222
149619018406294,Siglo XXI Editores Argentina,Siglo XXI Editores Argentina S.A.,219
102056511679155,José Voytenco,UATRE,215
107113745646912,Marcos Bovo,Marcos Bovo,205
461419690967422,Ramiro Gambetta,Ramiro Gambetta,184
219074291500100,Hugo Marcucci,Hugo Marcucci,151
636160423513968,Natalia Armas Belavi,Prensa ARMAS BELAVI,149
297125914554575,Andrea Pupi Rodriguez,Andrea Pupi Rodriguez,144
259700217384725,Le Monde diplomatique - Edición Cono Sur,Capital Intelectual S.A.,138
1405120706440456,Conclusión,Diario Conclusión,120
940994859245169,Jimena Sosa,MST Movimiento Socialista de los Trabajadores,117
101961091604984,Argmediosok,arg medios,116
100861314854729,mariposafitsf,These ads ran without a disclaimer,112
176980972975177,Irene Gamboa,Frente de Izquierda Unidad,109
279606178843976,Sebastián Artola,Sebastián Artola,108
1431478870275226,Marcha del Orgullo,Federación Argentina LGBT+,105
107756622140473,El Litoral Web,El Litoral Web,104
1395474550528787,Opinorte,Opinorte,102
100272671672857,Carlos Cisneros,Carlos Cisneros,101
1920343608194338,Fabián Perechodnik,Fabián Perechodnik,≤100
102858281496444,Argentinos hoy,Argentinos hoy,≤100
252316758144514,Diario Digital Sitio Andino,Diario Digital Sitio Andino,≤100
113384436026702,Caren Tepp,Ciudad Futura,≤100
113677188301150,Matias Porta,Matias Porta,≤100
134557130216408,Jorge Jofré,Jorge Jofre,≤100
105455288953338,Esto es Boca,Esto es Boca,≤100
154252915376203,Natalia Capparelli,Natalia Capparelli,≤100
109446628305341,Lista Verde Fente Unidad - ATE,These ads ran without a disclaimer,≤100
858677804173509,Confederacion Intercooperativa Coninagro,Confederacion Intercooperativa Coninagro,≤100
240740769780061,Horacio Pascual Rigo,Horacio Pascual Rigo,≤100
857382087671921,Maxi Abad,radicalesorg,≤100
1570037119938635,Partido Socialista Carcarañá,Partido Socialista Carcarañá,≤100
206745532699914,Eduardo Aguilar,Eduardo Aguilar,≤100
645147478944271,Alberto Crossetti,Alberto Crossetti,≤100
233734300112003,Juan Monteverde,Ciudad Futura,≤100
810080482399261,Striptease del Poder,Striptease del Poder,≤100
153208645421931,Mario Jordan Diaz,Mario Jordan Diaz,≤100
100115149656982,Bárbara Andrade Advogada,These ads ran without a disclaimer,≤100
104046341137293,Panorama Pais,Panorama Pais,≤100
100712111681838,La Rosca,La Rosca,≤100
108584168319632,Daniel Cinalli,These ads ran without a disclaimer,≤100
448241162417184,Valeria Rios,Valeria Rios,≤100
378225769015907,Fundación Embajada Abierta,Fundación Embajada Abierta,≤100
1821508358130546,BAVSA,Buenos Aires Valores SA,≤100
631473677294936,Liberales por el Progreso,Liberales por el Progreso,≤100
133937418577537,Utopia Urbana,Utopía Urbana,≤100
106809542339751,Juan Pablo Chiesa,Juan Pablo Chiesa,≤100
373042126076124,Vegetarianos Hoy,These ads ran without a disclaimer,≤100
1699719786990283,Ariel Cozzoni Concejal,Ariel Cozzoni Concejal,≤100
108261190561002,Laura Sprovieri,Laura Sprovieri,≤100
113427843793691,TDF HOY,TDF HOY,≤100
1592347714335353,Marina Magnani,Unidad Ciudadana Rosario,≤100
256281951086148,Carolina Jacky & Asociados,Carolina Jacky & Asociados,≤100
178919202140944,Francisco Quintana,Francisco Quintana,≤100
189703401219354,Ayelen Rasquetti,Ayelen Rasquetti,≤100
100195608984136,Francisco Alvarez,Francisco Alvarez,≤100
111637981320058,Productivismo - Política Argentina,Productivismo - Política Argentina,≤100
1629188167175797,Ale Ambort,Ale Ambort,≤100
130897680800368,Unión por la Patria Roque Pérez,Unión por la Patria Roque Pérez,≤100
281900172713875,Marcelo Román 2023,Marcelo Román 2023,≤100
1426373070912699,Cholila Online Portal de Noticias Digital,Cholila Online,≤100
145806262649419,Fer Miño,Patria de Todos,≤100
118766791091096,Stella Maris Retamar,These ads ran without a disclaimer,≤100
2192388474354768,Martín Cerdá,Martín Cerdá,≤100
967512253279966,Martin Medrano,Martin Medrano,≤100
105641058350410,Lista 9,Lista 9,≤100
1335210643181280,Cristina Berra Senadora,Cristina Berra Senadora,≤100
101594852755793,El Bonaerense,El Bonaerense,≤100
1525482941081445,Roxana Reyes,Roxana Reyes,≤100
150275969728,Caminos Culturales,Caminos Culturales,≤100
109169932193380,Juan Jose Martinez,Juan Jose Martinez,≤100
1101837086656045,Podemos Más Ceres,Podemos Más Ceres,≤100
104668866011793,Hace Falta Gobierno,Hace falta gobierno,≤100
111423200356396,Gustavo Alvarez Concejal,Gustavo Alvarez Concejal,≤100
1467041676908836,Sol Fernández,Sol Fernández,≤100
1184563568400870,Gisela Reinoso,Gisela Reinoso,≤100
1726365124243504,Clara García,Clara Garcia,≤100
304971412943967,Instituto de Zumpango en Estudios Superiores en Criminalística IZESC,These ads ran without a disclaimer,≤100
111492845540608,Fondo de Cultura Económica Argentina,Fondo de Cultura Económica Argentina,≤100
103431172529739,El Diario Industrial,El Diario Industrial,≤100
120698314357773,Evangelina Cabral -  Oficial,These ads ran without a disclaimer,≤100
342005489233184,Martin Gainza,Martin Gainza,≤100
106135035195210,Hacemos Futuro - SL,Hacemos Futuro - SL,≤100
430773770330702,Gripe Prolongada - Dr. Jorge Derna,Gripe Prolongada - Dr. Jorge Derna,≤100
325539471476976,Lorena Ulieldin,Lorena Ulieldin,≤100
1834065990146734,Portal de Medios,Portal de Medios,≤100
177720598950247,La Ciudad Desnuda,La Ciudad Desnuda,≤100
118095054543669,agustinboffi20,These ads ran without a disclaimer,≤100
397862603671761,Maria de los Angeles Sacnun,Maria de los Angeles Sacnun,≤100
109531631411814,Carolina Giusti,Carolina Giusti,≤100
123157377427537,Duilio Rohrmann,Duilio Rohrmann,≤100
643407879434147,Ariel Rodaz,Ariel Rodaz,≤100
436246103621788,Damián Selci,Unidad Ciudadana Hurlingham - UCH,≤100
110921708638338,FRENTE AMPLIO POR LA SOBERANÍA,FRENTE AMPLIO POR LA SOBERANÍA,≤100
294017310722101,Senador Dupont,These ads ran without a disclaimer,≤100
1537662356247029,Agustin Peretti Concejal,Agustin Peretti Concejal,≤100
349169915274035,Hernan Luna,Hernan Luna,≤100
870332709651802,Alcides Calvo,Alcides Calvo,≤100
106467837769719,Andy Genna,Andy Genna,≤100
545691238836275,Bomberos Voluntarios Merlo - San Luis,These ads ran without a disclaimer,≤100
375850199231138,Pablo Garate,Somos Tres Arroyos,≤100
548096075699587,Gisela Da Ponte,Gisela Da Ponte,≤100
109848608062803,Octavio Chiche Lagar,These ads ran without a disclaimer,≤100
104358815744949,Hurlingham Post,Hurlingham Post,≤100
267157683453270,"Comisión Municipal de ""Ahí Veremos - Pellegrini""",These ads ran without a disclaimer,≤100
118736245504093,Toti Videla,TOTI  Intendente,≤100
1246840395341536,Organización Política Fe y Esperanza,Organización Política Fe y Esperanza,≤100
1537272609637659,Leandro Ugartemendia,Leandro Ugartemendia,≤100
334055540574250,Sergio Lucero,Sergio Lucero,≤100
1621221168148375,Festival Internacional de Poesía de Medellín,These ads ran without a disclaimer,≤100
101145732114681,Federico Feltes,These ads ran without a disclaimer,≤100
115104918251098,Mario Araujo,Mario Araujo,≤100
1635790410050010,Josefina Mendoza,Josefina Mendoza,≤100
1536637056372173,InfoData35,Info Data 35,≤100
100678408925605,francoisevenspaul,These ads ran without a disclaimer,≤100
107603192316375,Verito Gallo,These ads ran without a disclaimer,≤100
608650595820049,The Conqueror Challenges,These ads ran without a disclaimer,≤100
349791962189803,The Bridesblush Social,These ads ran without a disclaimer,≤100
338734370188057,Dra Margaret Mateo,These ads ran without a disclaimer,≤100
102795885694138,milokibullz,These ads ran without a disclaimer,≤100
109267975517064,Panel y Capacitación de Ingenierías,These ads ran without a disclaimer,≤100
101375582509907,Juan Barahona,These ads ran without a disclaimer,≤100
552790635089157,The Secular Community,These ads ran without a disclaimer,≤100
102902605182671,Trvlguides,These ads ran without a disclaimer,≤100
1082964091802622,La vida de Nos,These ads ran without a disclaimer,≤100
116603861327799,alex_sa.c,These ads ran without a disclaimer,≤100