﻿Page ID,Page name,Disclaimer,Amount spent (BRL)
145849575465679,Banco do Nordeste,Banco do Nordeste,1372
1894520370802455,Governo do Brasil,Secretaria Especial de Comunicação Social -Governo do Brasil,914
1594613884123934,IDIB,INSTITUTO DE DESENVOLVIMENTO INSTITUCIONAL BRASILEIRO - IDIB,222
175804982467404,Safernet Brasil,Safernet Brasil pago com créditos de anúncio do Facebook,222
225122704193171,Efraim Filho,Efraim Filho,163
241839765912021,Estratégia Concursos,ESTRATÉGIA CONCURSOS SA,139
255804437808407,Vale,Vale,123
425350744240843,Comitê Internacional da Cruz Vermelha,Comitê Internacional da Cruz Vermelha,116
301774903545521,Brasil Paralelo,Brasil Paralelo,108
333720355130,Petrobras,Petrobras,102
316828035004008,Tribunal Superior Eleitoral (TSE),Tribunal Superior Eleitoral (TSE),≤100
104652409136592,Sofia - Consultora,These ads ran without a disclaimer,≤100
101230328792183,Portal Concursos & OAB,PORTAL CURSOS PREPARATORIOS E OAB LTDA,≤100
198849783539777,Buscofem,Buscofem,≤100
1549054225424161,Eduardo Moreira,Instituto Conhecimento Liberta,≤100
196638160529871,Sinait -  Sindicato Nacional dos Auditores Fiscais do Trabalho,Sinait -  Sindicato Nacional dos Auditores Fiscais do Trabalho,≤100
105527742878890,Prefeitura do Recife,Prefeitura do Recife,≤100
330379553673497,Oxfam Brasil,Oxfam Brasil,≤100
108015435927747,FAS - Fundação Amazônia Sustentável,Fundação Amazonia Sustentável,≤100
486914985073732,Eduardo Girão,Eduardo Girão,≤100
118050884587780,Marcilio do HBE,Marcilio do HBE,≤100
115558703488480,IDP Online,Instituto Brasiliense de Direito Publico,≤100
2393876674167768,Vereadora Rebeca Sodre,These ads ran without a disclaimer,≤100
110418455214538,Bernardo K.,Filhos do Trovão,≤100
185500178231142,Governo do Maranhão,Governo do Estado do Maranhão,≤100
133452713505,Mercado Livre,These ads ran without a disclaimer,≤100
367468876929300,Instituto Avon,AVON COSMETICOS LTDA,≤100
159103797542,Greenpeace Brasil,Greenpeace Brasil,≤100
1608447079411218,Portal Concursos,PORTAL CURSOS PREPARATORIOS E OAB LTDA,≤100
360125334431298,Renova BR,ASSOCIAÇÃO RENOVA BR,≤100
185875761943,MDB Nacional,MOVIMENTO DEMOCRÁTICO BRASILEIRO,≤100
201878973201295,Republicanos10,Republicanos10,≤100
250305668489402,Professor Kenny,These ads ran without a disclaimer,≤100
168865359819628,NOVO 30,Partido Novo,≤100
118678938210868,SIMPI,SIMPI,≤100
110225312350543,Nova Escola,Associação Nova Escola,≤100
101189854802059,Revista Oeste,Revista Oeste,≤100
197698930267127,Alana,Instituto Alana,≤100
163893463708223,Marcelo Vitorino,Vitorino & Mendonça,≤100
102773638649611,Bruno Pereira,These ads ran without a disclaimer,≤100
224777780881144,Visão Mundial,Visão Mundial,≤100
110190561574954,Inst. Conhecimento Liberta,Instituto Conhecimento Liberta,≤100
323918771004168,Paulo Serra,Paulo Serra,≤100
106283144372677,IWG,These ads ran without a disclaimer,≤100
438427699521025,Dr. Olimpio,These ads ran without a disclaimer,≤100
113464941739883,"Gilson Dias - Livro de Direito Partidário, Político e Eleitoral","Gilson Dias - Livro de Direito Partidário, Político e Eleitoral",≤100
541089776080092,Sanofi Brasil,Sanofi Brasil,≤100
102565921765240,Anisio Soares 2020,Anisio Soares 2020,≤100
111326818564734,Projeto Opaoma,Camila Capel,≤100
258088921369,TOTVS,These ads ran without a disclaimer,≤100
226121024066240,WRI Brasil,WRI Brasil,≤100
758093927702663,Olhar,Olhar,≤100
454225234639209,Vereadora Edir Sales,Edir Sales,≤100
764737963722918,Abihpec - Associação Brasileira da Indústria de HPPC,These ads ran without a disclaimer,≤100
193719533998484,Fundação Fernando Henrique Cardoso,Fundação FHC,≤100
526405324195191,Programa Criança e Natureza,Instituto Alana,≤100
1124473760957316,FS Fueling Sustainability,FS Fueling Sustainability,≤100
1592820391005086,Aliansce Sonae,Aliansce Sonae,≤100
1703010579956133,Eleições 2024 - Cursos Online,Curso Eleitoral,≤100
242062609325601,Agenda 227,ANDI AGENCIA DE NOTICIAS DOS DIREITOS DA INFANCIA,≤100
1056301664514859,Em Teus Braços,These ads ran without a disclaimer,≤100
7970426802,WWF-Brasil,WWF-Brasil,≤100
106308415121143,Politique - Detalhamento de Votos,PRATIC SERVIÇOS EM TECNOLOGIA DA INFORMAÇÃO LTDA,≤100
1024840290996769,Lucas Pimenta,Lucas Pimenta,≤100
2544666325578449,Eleja.se,Eleja.se,≤100
109272165397476,Gerson Aragao,SCIREJUS APLICATIVOS JURIDICOS LTDA,≤100
258088921369,TOTVS,TOTVS,≤100
111130822268479,IDP,"Instituto Brasileiro de Ensino, Desenvolvimento e Pesquisa IDP - LTDA",≤100
228301373863551,Agência Pública,Agência Pública,≤100
112208748024338,Agência Rockn - Marketing de Resultados,Agência Rockn - Marketing de Resultados,≤100
1405025743082214,Coronel Alberto Feitosa,Alberto Jorge Nascimento Feitosa,≤100
1720389428208302,Rafael Alves,These ads ran without a disclaimer,≤100
102168632801964,Epicentro,These ads ran without a disclaimer,≤100
112669577540652,A Tenda das Candidatas,Tenda das Candidatas,≤100
287976424552426,Instituto Ecofuturo,Instituto Ecofuturo,≤100
264328204106216,Mais que um Palpite,These ads ran without a disclaimer,≤100
174217422747805,Humberto Costa,Humberto Sérgio Costa Lima,≤100
100768909613377,Laiz Duarte,These ads ran without a disclaimer,≤100
665498620499336,"O Novo Legislativo, por Renata Cunha",Instituto Renata Cunha,≤100
107742651063250,Academia de Pesquisa,Academia Brasileira de Formação e Pesquisa,≤100
106312705760381,Formação Conservadora,Formação Conservadora,≤100
172444996112900,Fundo Brasil,Fundo Brasil,≤100
103012685789972,Thiago Lima.,These ads ran without a disclaimer,≤100
792136380877298,Caio Paiva,Caio Paiva,≤100
178929658849555,Fonacate,FONACATE,≤100
172271576134185,Habitat para a Humanidade Brasil,Habitat para a Humanidade Brasil,≤100
111225968436940,Valmir Ferreira,Valmir Ferreira,≤100
286484764739596,Conselho de Arquitetura e Urbanismo do Brasil - CAU/BR,Triads,≤100
263199020531986,JOTA,JOTA,≤100
267146793788529,Sem Parar Empresas,Sem Parar Empresas,≤100
100475402294243,Consciência Brasil,Consciência Brasil,≤100
170773429643671,"Rádio Alvorada FM 94,9",Rádio Alvorada,≤100
2308676322748492,Marcio Carvalho de Sá,These ads ran without a disclaimer,≤100
656965247684115,Zequinha Marinho,Zequinha Marinho,≤100
112140536901513,Wesley Mendonça,Wesley Eduney Mendonça,≤100
190833037616321,Jornal Extra,Jornal Extra,≤100
404585332967669,Prefeitura de Senador Canedo,Versatily Ambiental e Marketing,≤100
106063862426200,nelsoncanedoadvogado,nelsoncanedoadvogado,≤100
530963097099862,Dr. Hildon,Dr. Hildon,≤100
100343179487871,Kenny Idiomas,These ads ran without a disclaimer,≤100
104738421003389,InvestNews BR,Nubank,≤100
109120338642911,Delta Energia,These ads ran without a disclaimer,≤100
410655005626777,Deputado Federal Lincoln Portela,Lincoln Portela,≤100
116936388070793,Dicas e Fatos,These ads ran without a disclaimer,≤100
103039778175459,Hospitais PROADI-SUS,Hospital Israelita Albert Einstein,≤100
100675022593564,AGIR36 NACIONAL,AGIR36 NACIONAL,≤100
100511156170601,Milena Machado Castro,These ads ran without a disclaimer,≤100
485434228470137,Tenente Coimbra,Deputado Estadual Tenente Coimbra,≤100
471542526362059,Fetec PR - Federação dos/as Trabalhadores/as em Empresas de Crédito do PR,Fetec PR - Federação dos/as Trabalhadores/as em Empresas de Crédito do PR,≤100
100553136170825,Fena Saude,Fena Saude,≤100
109597815616,VEJA,Revista Veja,≤100
107275492370404,Paulo Cavalcanti,Paulo Cavalcanti,≤100
146003468834776,Sintrajufe/RS,Sindicato dos Trabalhadores do Judiciário Federal e do Ministério Público da União no RS - Sintrajufe/RS,≤100
273642106068512,Paulo Alexandre Barbosa,Paulo Alexandre Pereira Barbosa,≤100
104161123005913,Fundação Tide Setubal,Fundação Tide Azevedo Setubal,≤100
187970114581051,Anistia Internacional Brasil,Anistia Internacional Brasil,≤100
132804480113814,PwC Brasil,PwC Brasil,≤100
106525678463910,União Brasil 44,UNIÃO BRASIL,≤100
1363310713744140,TOTVS Oeste,These ads ran without a disclaimer,≤100
267918733707038,Eduardo Ricatto,Carlos Eduardo Ricatto,≤100
1591957657774559,Joilma Teodora,Joilma Teodora,≤100
103850535859512,Anderson Souza,These ads ran without a disclaimer,≤100
534805630341699,Idecan Oficial,"INSTITUTO DE DESENVOLVIMENTO EDUCACIONAL, CULTURAL E ASSISTENCIAL NACIONAL",≤100
2046857602007324,Mappit,Mappit,≤100
114180441667420,Sidney Stahl,Sidney Stahl,≤100
108157761384449,Alexandre Silveira,Alexandre Silveira,≤100
239624862864871,Relatório Reservado,Hush Comunicação,≤100
1313633058744565,Impulsiona,Instituto Península,≤100
109770755848061,Suzano,Suzano SA,≤100
584350871735477,SEGRESP,Segresp Sindicato das Empresas e Proprietários de Serviços,≤100
105821366170914,PT - Partido dos Trabalhadores,Partido dos Trabalhadores,≤100
105563625913529,Lula_curitiba23,These ads ran without a disclaimer,≤100
1504580766531518,Mulheres Progressistas,PROGRESSISTAS - BRASIL - BR - NACIONAL,≤100
108901435559929,Manifestando Sonhos,These ads ran without a disclaimer,≤100
711189698989364,Oceana Brasil,Oceana Brasil,≤100
2323904661180742,All Out Brasil,All Out,≤100
145536926197315,Papo de Garagem,Papo de Garagem,≤100
104553347942750,Eder Borges,Eder Borges - novo,≤100
102275945221840,Portal Tucumã,Portal Tucumã,≤100
456872437699016,Sindifisco Nacional,Sindifisco Nacional,≤100
135611223190336,ClimaInfo,Instituto ClimaInfo,≤100
107449552324057,Projeto Vereador Vitorioso,Vereador Vitorioso,≤100
104257124819846,Homero Medeiros,These ads ran without a disclaimer,≤100
517187471714725,IBDA - Instituto Brasileiro de Direito Administrativo,IBDA - Instituto Brasileiro de Direito Administrativo,≤100
116251471454736,Fazuély MisiraviL,These ads ran without a disclaimer,≤100
154111111330577,Maria do Rosário,Maria do Rosário,≤100
118869841134222,Jornal Ponto Mais,Jornal PONTO MAIS,≤100
147034712136671,PSTU São Paulo,Diretório Municipal PSTU São Paulo,≤100
1700227383437806,OC Advogados,Oliveira e Carneiro Sociedade de Advogados,≤100
101698949133179,Thais Cassano - Bequal,Thais Cassano - Bequal,≤100
126491270729748,Childhood Brasil,Childhood Brasil,≤100
101933305564897,Promic,Riole,≤100
2321742228057029,Eleição & Política,Eleição & Política,≤100
145247469014742,Prefeitura do Rio de Janeiro,These ads ran without a disclaimer,≤100
1635257313414728,Movimento pela Base,Movimento pela Base,≤100
363140553718136,Epoch Times Brasil,EPOCH TIMES BRASIL LTDA,≤100
116667657960516,flaviocascavelense_oficial,These ads ran without a disclaimer,≤100
101861558220747,One Passion Mission,One Passion Mission,≤100
103697498399816,OAB e Concursos,These ads ran without a disclaimer,≤100
1623079434589666,Memed,Memed,≤100
105011392353770,João Pedro,These ads ran without a disclaimer,≤100
105520569004820,Absolar Comunica,Associação Brasileira de Energia Solar Fotovoltaica,≤100
101223071616706,Insight Inteligência,Insight Comunicação,≤100
326797144544,Partido Verde,Partido Verde,≤100
504148936286853,Data Goal,Data Goal,≤100
173698339802515,Rafael Brito,Rafael Brito,≤100
133625896667318,Confederação Israelita do Brasil - CONIB,CONFEDERAÇÃO ISRAELITA DO BRASIL,≤100
115158203571124,José Guerra de Andrade Lima Neto,These ads ran without a disclaimer,≤100
518015004918179,Professor Júnior Geo,José Luiz Pereira Junior,≤100
101744364896759,Tata Kasulembê,These ads ran without a disclaimer,≤100
111006700550820,Cenarium Amazônia,Cenarium Agência de Notícias Ltda,≤100
124600732785757,Pela Cidadania,Pela Cidadania,≤100
161406070640025,Educação e Território,Cidade Escola Aprendiz,≤100
110581625405509,G1,These ads ran without a disclaimer,≤100
863231400430276,Que conta é essa,Que conta é essa,≤100
139007399495933,Fundação SOS Mata Atlântica,FUNDACAO S.O.S. PRO-MATA ATLANTICA,≤100
1593214337620524,Tecnegócios,Tecnegócios,≤100
111139578897266,Médicos Sem Fronteiras,These ads ran without a disclaimer,≤100
1686950021551901,Meio,Canal Meio S.A.,≤100
116566381454446,shmoraisss.anki,shmoraisconcursos,≤100
111331958352805,Ana Silva,These ads ran without a disclaimer,≤100
157912844276400,Governo da Bahia,Governo da Bahia,≤100
364736787037906,Professor João Paulo Oliveira,Professor João Paulo Oliveira,≤100
145608108896911,Frente Parlamentar da Agropecuária - FPA,Instituto Pensar Agropecuária,≤100
358687161234,Proteção Animal Mundial,Sociedade Mundial de Proteção Animal - WSPA BRASIL,≤100
103779715064518,Uma Concertação pela Amazônia,Instituto Arapyaú de Educação e Desenvolvimento Sustentável,≤100
105007092200324,tavoraadvogados,These ads ran without a disclaimer,≤100
101466442828530,Escola dos Políticos,LP Marketing Político e Marketing Eleitoral,≤100
114248903470049,Frente Parlamentar Mista da Medicina,Frente Parlamentar de Medicina,≤100
109359807904005,Movimento Pessoas à Frente,Movimento Pessoas à Frente,≤100
109311714699813,Canuto e Lucena Sociedade de Advogados,Canuto e Lucena Sociedade de Advogados,≤100
108726882200842,Iceberg Podcast,Iceberg Podcast,≤100
101321981647613,Instituto Monitor da Democracia,Instituto Monitor da Democracia,≤100
101085402822631,Mateus Zani MKP,Mateus Zani MKP,≤100
106294802028844,TV Bolsonaro,TV Bolsonaro,≤100
506417589696816,Asbraf,ASBRAF,≤100
104786165500515,Cemin advocacia,Cemin advocacia,≤100
109354687306376,Instituto Conhecimento Liberta,Instituto Conhecimento Liberta,≤100
347742876973,ADPF - Associação Nacional dos Delegados de Polícia Federal,Associação Nacional dos Delegados de Polícia Federal,≤100
123884341029248,João Jorge,JOÃO JORGE DE SOUZA,≤100
109272165397476,Gerson Aragao,Scirejus Aplicativos Jurídicos LTDA,≤100
391282487731922,FES Fórum das Entidades Sindicais do Paraná,FES Paraná,≤100
101687831462814,"Rodrigo Andrade, A Real Mudança","Rodrigo Andrade, A Real Mudança",≤100
102248571167551,Delegada Gleide Ângelo,Delegada Gleide Ângelo,≤100
305977962832385,Bruno Souza,Bruno Souza,≤100
193453687358589,Arthur Virgílio,Arthur Virgilio Neto,≤100
1608363096111149,Seja Eleito Brasil,Seja Eleito Brasil,≤100
106040261559088,Alex Sandro Perez Santos - Teologo,Alex Sandro Perez Santos - Teologo,≤100
332471770181123,Delegada Graciela David,Delegada Graciela David,≤100
1589055204701346,Nexo,Nexo Jornal,≤100
147078478648452,DFB Festival,DFB Festival,≤100
210467206143608,Portal de Prefeitura,Portal de prefeitura,≤100
554603237933787,Julia Vidal .: Moda afro indígena brasileira,Julia Vidal Etnias Culturais,≤100
106493417547936,Natália Mendonça,Vitorino & Mendonça,≤100
987291081469741,Mari Corrêa - Cookies decorados,These ads ran without a disclaimer,≤100
1720125068073321,Flávio Arns,Flávio Arns,≤100
114748011640318,Mapa do Candidato,Perla Roriz,≤100
119083774506403,Valdete Silva,These ads ran without a disclaimer,≤100
100344766120531,Construnível Energias,Construnível Energias,≤100
162123460848255,Antônio José Lira,Antônio José Lira,≤100
100306786260112,Fernanda Fontes - Tudo sobre Contabilidade na gestão pública,These ads ran without a disclaimer,≤100
442049159153521,UJS - União da Juventude Socialista,União da Juventude Socialista,≤100
1459364967727482,Comunidade de Silvicultura,Comunidade de Silvicultura,≤100
1268027936626283,Deputado Albuquerque,Deputado Albuquerque,≤100
1632845003624410,Blog do Lúcio Sorge,Blog do Lúcio Sorge,≤100
110937605355804,Ordem Brasil GOV,These ads ran without a disclaimer,≤100
108147365877214,Canal Futura,Fundação Roberto Marinho,≤100
105824999148858,Camila Melo,Camila Melo,≤100
147258388715323,Fundação Luterana de Diaconia (FLD),Fundação Luterana de Diaconia,≤100
229434223794080,MOOD,MOOD,≤100
500679196780578,Instituto Ekos Brasil,Instituto Ekos Brasil,≤100
103698482691156,Eduardo Silva,These ads ran without a disclaimer,≤100
197940137267828,Luiz Zacarias,Luiz Zacarias,≤100
102529859430804,Método Fast IA,Método Fast IA,≤100
101164085317623,Epsoft Sistemas de DLP,These ads ran without a disclaimer,≤100
109138431390722,Guardiões da Infância e da Juventude,Guardiões da Infância e da Juventude,≤100
109085404602375,FAC - Festival Audiovisual de Cultura,CASA NA ARVORE PRODUCAO CINEMATOGRAFICA LTDA,≤100
420272671479041,Do Carmo,Do Carmo,≤100
2093019170718787,Vereador Cordeiro,Vereador Cordeiro,≤100
1605783726403441,Gabriel Tenório,These ads ran without a disclaimer,≤100
112859620883743,Joelma Barcelos,These ads ran without a disclaimer,≤100
1008846355811866,Lincoln Reis,Lincoln Reis,≤100
1731257107093456,Prof Helton Kramer,Prof Helton Kramer,≤100
250421125001212,Entre o Céu e a Favela,Entre o Céu e a Favela,≤100
191591598062172,Duda Ramos,Duda Brito Ramos,≤100
172444996112900,Fundo Brasil,These ads ran without a disclaimer,≤100
599004516880467,ABRIG - Associação Brasileira de Relações Institucionais e Governamentais,Associação Brasileira de Relações Institucionais e Governamentais,≤100
963741573718895,Bando Golíardis,Bando Golíardis,≤100
115150723600552,Perito Cibernético,These ads ran without a disclaimer,≤100
113805391692067,Davi Valença,Davi Valença,≤100
115014604905028,Sua Saúde,Sua Saúde,≤100
105383346220289,APUFPR-SSind - Associação dos Professores da UFPR,APUFPR,≤100
107220518744355,morganadacruzz,These ads ran without a disclaimer,≤100
344930808968007,Leonardo Amarante Advogados Associados,Leonardo Amarante Advogados Associados,≤100
108899008554627,Vitor Marques Advogado,These ads ran without a disclaimer,≤100
1507476039474128,Domingos Neto,Domingos Gomes de Aguiar Neto,≤100
113650866857533,Diversitera,Diversitera,≤100
191158547728051,Centro de Referências em Educação Integral,These ads ran without a disclaimer,≤100
101934359567173,Jobson da Internet,Jobson da Internet,≤100
101756249126836,Versatil,Versatil,≤100
509147426103770,Amaral e Bohrer Advogados,These ads ran without a disclaimer,≤100
113401851693860,Política Sincera,Política Sincera,≤100
104626429227800,profcarla487,These ads ran without a disclaimer,≤100
155147147899453,MG Contécnica,MG Contécnica,≤100
159394350833983,Diário do Comércio,Diário do Comércio,≤100
2190306087730959,Rafael Wolff,These ads ran without a disclaimer,≤100
107499962168913,"França: Instituto de Pesquisa, Inteligência e Opinião","França: Instituto de Pesquisa, Inteligência e Opinião",≤100
189847824361002,Vide Editorial,These ads ran without a disclaimer,≤100
157810057936562,Gilberto Sabino,These ads ran without a disclaimer,≤100
456485074374104,Sindipetro SP,SINDICATO DOS TR NAS IN DE EX PE PR RE DE AR DI E TRA ATRAVES DE DU E IM DE PE DE E SI DOS EST DE SP GO E D FEDERAL,≤100
102551538798020,Historiadelas,Historiadelas,≤100
1084601471711867,Vereador Giovani Ratinho JR,Vereador Giovani Ratinho JR,≤100
107063348442736,Cultura Jurídica,FMR - CURSOS ONLINE LTDA,≤100
110799948468252,tatirosa73,These ads ran without a disclaimer,≤100
120010637705699,Carros com procedência,These ads ran without a disclaimer,≤100
552483638152177,Giovani Cherini,Deputado Cherini,≤100
107284055290696,Júlio Rufino,Júlio Rufino,≤100
1859023414362509,Colabore com o Futuro,These ads ran without a disclaimer,≤100
105870555598208,Dr. Hamilton Braga,These ads ran without a disclaimer,≤100
257253784375215,Frases de Reyck Lovis,Frases de Reyck Lovis,≤100
108177195235128,Carbono 0,Carbono 0,≤100
333263690942647,Rose SaintClair,These ads ran without a disclaimer,≤100
109785372399873,IAB - Instituto dos Advogados Brasileiros,Instituto dos Advogados Brasileiros,≤100
159394350833983,Diário do Comércio,Associação Comercial de São Paulo,≤100
151100388293118,ONG Banco de Alimentos,ONG Banco de Alimentos,≤100
1379947408815396,Politimax Inovação Política,Politimax LTDA,≤100
100475615641105,PHVox,PHVox LTDA,≤100
100687681283605,General Hamilton Mourão,General Hamilton Mourão,≤100
117849354614321,Ouro Verde Meio Ambiente,These ads ran without a disclaimer,≤100
2073910452851661,Scherer & Nidaira - Advocacia,These ads ran without a disclaimer,≤100
102719412729750,afroacademico,These ads ran without a disclaimer,≤100
2532456400132436,Contadora Viviane Araújo,These ads ran without a disclaimer,≤100
119864217743329,Anderson Barbosa,These ads ran without a disclaimer,≤100
150733931732199,Caique,Caique,≤100
282802611759257,MidiaJur - Jornalismo Plural,Midiajur,≤100
942821265777220,Paulo Araújo,These ads ran without a disclaimer,≤100
1931989763744839,Gilson Marques,Gilson Marques,≤100
1578235319127195,Seiko Brasil,ORIENT RELOGIOS DA AMAZONIA LTDA,≤100
386613051435067,TOTO ARTES,TOTO ARTES,≤100
166288866733886,Pirelli,Pirelli Comercial,≤100
110635016987497,Refúgio 343,ASSOCIACAO REFUGIO 343,≤100
102449285907818,Genio Carbon,Genio Carbon,≤100
172724612816680,Claret,These ads ran without a disclaimer,≤100
107443429008845,Chapa Por Amor ao Graciosa - Eleições 19/06,Chapa Por Amor ao Graciosa - Eleições 19/06,≤100
216425768503772,Jorge Lapas,Jorge Lapas,≤100
101599692644273,Seu Crédīto Aprovado,These ads ran without a disclaimer,≤100
168642243860275,Peroli,These ads ran without a disclaimer,≤100
1491681474458343,Bancários Rio,Sindicato dos Bancários do Rio de Janeiro,≤100
200994989994067,Deputado Luiz Paulo,Deputado Luiz Paulo,≤100
102395734972653,Eduardo Sanches,Eduardo Sanches,≤100
1412250662388911,Sismmac,Sismmac,≤100
2456929481201021,iat_marcelo_pinto,These ads ran without a disclaimer,≤100
250960541687036,Antônio Gomide,Antônio Gomide,≤100
111909510650796,Rede Pelicano Brasil de Direitos Humanos,These ads ran without a disclaimer,≤100
103557769145433,oprogono,These ads ran without a disclaimer,≤100
112596045185790,Gospel Vibe,These ads ran without a disclaimer,≤100
112690271786899,igorveg,These ads ran without a disclaimer,≤100
1277999258918736,Aline Cestaroli - Educação e Parentalidade Encorajadora,These ads ran without a disclaimer,≤100
110708425245581,Luís Victor Consultoria - Treinamentos e Palestras,Luís Victor Consultoria - Treinamentos e Palestras,≤100
110733095378402,João Pedro,These ads ran without a disclaimer,≤100
109029568883659,secmmeioambientebda,These ads ran without a disclaimer,≤100
110509671834361,Caminho Nacional,These ads ran without a disclaimer,≤100
107857875624247,atualizaadireito,These ads ran without a disclaimer,≤100
285233753312937,Claudia Mendes,These ads ran without a disclaimer,≤100
280034985777391,Citrus Ateliê,These ads ran without a disclaimer,≤100
282808818793220,Tiago Soares,These ads ran without a disclaimer,≤100
300385920154650,Marcio Rosa,Marcio Rosa,≤100
685626774927316,Marina Helou,Marina Helou,≤100
220869642128846,Editora Telha,Editora Telha LTDA,≤100
191158547728051,Centro de Referências em Educação Integral,Cidade Escola Aprendiz,≤100
767023926786549,FEAAC SP,Federação dos Empregados de Agentes Autônomos do Comércio do Estado de São Paulo,≤100
287227438493961,Sindicato dos Trabalhadores Rurais de Montes Claros,These ads ran without a disclaimer,≤100
115172553721431,Perfil Brasil,Grupo Perfil,≤100
739029772875928,João Henrique,João Henrique Miranda Soares Catan,≤100
101077049466321,Eunice Aquino,These ads ran without a disclaimer,≤100
597586823728141,Caroline Calaça,These ads ran without a disclaimer,≤100
109489061934312,sme.ourinhos,These ads ran without a disclaimer,≤100
107154278843678,assessoriaeadvocacianobrega,These ads ran without a disclaimer,≤100
251235795032635,Itamar Borges,Itamar Borges,≤100
108880102121684,drpaulogoncalvesadv,These ads ran without a disclaimer,≤100
110714539970,Beats,Ambev,≤100
108162778365380,VIX Logística,These ads ran without a disclaimer,≤100
111151302320888,Vernalha Pereira Advogados,These ads ran without a disclaimer,≤100
108804135194263,Dinelli Artes,These ads ran without a disclaimer,≤100
100314648128021,Carlos Vinicios,CARLOS VINICIOS DE MELO VIEIRA,≤100
1592904067621088,Aurora Coop,These ads ran without a disclaimer,≤100
101928459402878,Show Money,NATURALE HEALTH PRODUTOS NATURAIS,≤100
394623300572500,Febraban Tech,Febraban Tech,≤100
114564749230075,Verônica do Social,These ads ran without a disclaimer,≤100
213048568820524,Vereador Paulo Frange,PAULO JESUS FRANGE,≤100
1410081845905887,Processo Legislativo e Regimentos,These ads ran without a disclaimer,≤100
110879394830492,Gustavo Pires,These ads ran without a disclaimer,≤100
199629846863073,Telma de Souza,Telma Sandra Augusto de Souza,≤100
488522157948560,Sebastião Rezende,Sebastião Rezende,≤100
172864929398737,Alcon - Pet Food,These ads ran without a disclaimer,≤100
108472805556792,prof.caiofarias,These ads ran without a disclaimer,≤100
104719229231636,sarahtarsila,These ads ran without a disclaimer,≤100
100335089760364,dennis.reisadv,These ads ran without a disclaimer,≤100
175072079887754,Sindicatos Online,Sindicatos Online - SON,≤100
1419311538286030,VRS Academy,These ads ran without a disclaimer,≤100
328142457316749,Palhaça Rubra,These ads ran without a disclaimer,≤100
593156624451277,Serginho Caxias,Serginho Caxias,≤100
112929108269591,Roberto Costa,These ads ran without a disclaimer,≤100
104655472614929,Fabiano Cabral Dias,Fabiano Cabral Dias,≤100
107874935455061,Anna Miranda,These ads ran without a disclaimer,≤100
112982738452603,magna.literatura.livros,These ads ran without a disclaimer,≤100
127474516937257,DG LTDA,These ads ran without a disclaimer,≤100
102088105511034,Marcia Renckel,Marcia Renckel,≤100
106243745586107,Maria rosario,These ads ran without a disclaimer,≤100
791431354245527,Adilson Barroso - Ambientalista,Adilson Barroso - Ambientalista,≤100
105262805652284,Summit Cidades,FEPESE - Fundação de Estudos e Pesquisas Socioeconômicos,≤100
680238528731583,Denise Pessôa,Denise Pessôa,≤100
1729080530702072,Roberto Naves Prefeito,Roberto Naves Prefeito,≤100
105327889162699,Global Summit Telemedicine & Digital Health APM,These ads ran without a disclaimer,≤100
206365432837539,Deputado Federal Dimas Fabiano,Deputado Federal Dimas Fabiano,≤100
110918924963826,Cubo Mágico - Consultoria Comportamental,These ads ran without a disclaimer,≤100
106010578449568,Dulip Store,These ads ran without a disclaimer,≤100
108603545518524,Abilio Junior,These ads ran without a disclaimer,≤100
520803328039440,Recicla Sampa,Eco Urbis e Loga,≤100
104494422018863,My art.,These ads ran without a disclaimer,≤100
108920301266986,Ricardo Nogueira - Fotógrafo de futebol,These ads ran without a disclaimer,≤100
117303287964393,Leveg Alimentos,These ads ran without a disclaimer,≤100
123727464036615,Barberfab,These ads ran without a disclaimer,≤100
140691279324273,Imagens de Marca,These ads ran without a disclaimer,≤100
121297387613406,BooksRoads,These ads ran without a disclaimer,≤100
101391035984198,Pr Daniel Carvalho,These ads ran without a disclaimer,≤100
21474437688,Deloitte,These ads ran without a disclaimer,≤100