﻿Page ID,Page name,Disclaimer,Amount spent (EUR)
40433567307,UNICEF Italia,UNICEF Italia,≤100
53347533412,LAV,LAV Onlus,≤100
1630535077216590,Regione Liguria,Regione Liguria,≤100
111385701759852,Presi per i fornelli,Presi per i fornelli,≤100
1643562069011200,La Valle Degli Orti,Frosta,≤100
39993728498,Amnesty International - Italia,Amnesty International Italia,≤100
46590675335,Save the Children Italia,Save the Children Italia,≤100
73493613024,ActionAid Italia,ActionAid Italia,≤100
183047736356,EMERGENCY,EMERGENCY,≤100
68826971281,Edison,Edison Spa,≤100
65737832194,Medici Senza Frontiere,Medici Senza Frontiere,≤100
88997912868,WWF Italia,WWF Italia,≤100
103968169809912,Credem Banca,Finanziato da Credem Banca,≤100
579798038791266,Frosta Italia,Frosta,≤100
178362315106,European Parliament,European Parliament,≤100
136117531977459,Gruppo Partito Democratico - Regione Liguria,Gruppo Consiliare Partito Democratico-Articolo Uno,≤100
35346524498,Greenpeace Italia,Greenpeace Italia,≤100
400381673394375,CFC - Crisi Fiscale d'Impresa,CFC Legal,≤100
1811177225665334,Enel X,Enel X Italia s.r.l.,≤100
1657214567845698,BPER Banca,BPER Banca,≤100
268976423121377,Essere Animali,Essere Animali,≤100
70212282110,Altroconsumo,Altroconsumo,≤100
48677844864,Amref Health Africa - Italia,Amref Health Africa - Italia,≤100
102550058686598,Sotto Il Mantello C O V I D - Libro Inchiesta,Sotto il Mantello Covid,≤100
1486718904933717,Fondazione Compagnia di San Paolo,Compagnia di San Paolo,≤100
236739746666589,Coop Liguria,Coop Liguria,≤100
91261353336,Terre des Hommes Italia,Terre des Hommes Italia,≤100
353868374653514,Dipartimento per le politiche giovanili e il servizio civile universale – Presidenza del Consiglio dei Ministri,Dipartimento per le politiche giovanili e il servizio civile universale – Presidenza del Consiglio dei Ministri,≤100
150200761667597,Oxfam Italia,Oxfam Italia,≤100
48677844864,Amref Health Africa - Italia,Amref Health Africa,≤100
289752771388757,Culligan Italiana,Culligan Italiana,≤100
309840349048638,e.on,E.ON Energia,≤100
693492780985618,HSI/Italia,HSI/Italia,≤100
313559438694166,VIDAS - Assistenza ai Malati inguaribili,VIDAS - Assistenza ai Malati inguaribili,≤100
247705175335084,ReCommon,Re:Common,≤100
113071918732530,Animal Equality Italia,Animal Equality Italia,≤100
110852105601178,Marco Scajola Assessore Regione Liguria,Scajola Marco,≤100
634243093317092,Amoro srl,Amoro Srl,≤100
92505448987,CGIL Confederazione Generale Italiana del Lavoro,CGIL Confederazione Generale Italiana del Lavoro,≤100
129614623725639,Cesvi Onlus,Cesvi Fondazione Onlus,≤100
126210297412918,Vaccarezza In Regione,Angelo Vaccarezza,≤100
110372232331805,Mission Bambini,Mission Bambini,≤100
295129913955200,Aboca,Aboca,≤100
1568184330161608,WeSchool,WeSchool s.r.l.,≤100
2079368948955135,FS News,FSNews,≤100
441812505843728,Corepla,Corepla,≤100
408718273286772,Salvatore De Meo,Salvatore De Meo,≤100
45408828511,OIPA Italia,OIPA,≤100
453751868072095,W la Dislessia,AllenaMente Società Cooperativa Sociale,≤100
171795872872353,ISPI - Istituto per gli studi di politica internazionale,ISPI - Istituto per gli studi di politica internazionale,≤100
366568029646,COOPI,COOPI,≤100
212519685575,Fondazione AIRC per la Ricerca sul Cancro,Fondazione AIRC per la Ricerca sul cancro,≤100
131887960826264,Carlo Calenda,Azione,≤100
557773551234843,Schroders Italy,Schroder Investment Management (Europe) S.A. - Succursale Italiana,≤100
410043459011308,Fondazione IEO Monzino,Fondazione IEO-MONZINO,≤100
2059411634324435,Medici del Mondo,Medici del Mondo,≤100
1410474395723679,Petizioni.it,Petizioni.it,≤100
103843386353847,Studio Pagano & Partners,Monica Pagano,≤100
80761643174,Fondazione Umberto Veronesi,Fondazione Umberto Veronesi,≤100
160406350666170,Eurodeputati PD,EurodeputatiPD,≤100
141019746076225,Sorgenia,Sorgenia,≤100
865166100210938,Bosch Italia,Bosch Italia,≤100
694072700804066,Liguria.today,M&R Comunicazione,≤100
101221479103,Fondazione Progetto Arca Onlus,Fondazione Progetto Arca Onlus,≤100
618013698348617,Animal Law Italia,Animal Law Italia,≤100
503567226377662,"Centro Narconon ""Il Gabbiano""","Centro Narconon ""Il Gabbiano""",≤100
661243440591428,Raffaella Paita,Raffaella Paita,≤100
667483386685540,Silvia Sardone,Silvia Sardone,≤100
347006748786906,AIEF,AIEF Associazione Italiana Educatori Finanziari,≤100
102000366519353,EIPASS,Certipass srl,≤100
101898776545732,Inapp,INAPP Istituto Nazionale per l’Analisi delle Politiche Pubbliche,≤100
209177905767652,Quesada Cristian,Quesada Cristian,≤100
116045341373316,Felice Merola,Felice Merola,≤100
598765886892277,Forever Bambù Società Benefit,Forever Bambù,≤100
106199837902239,Innesti,Caviro sca,≤100
2794426070573094,Up2You,Up2You,≤100
251389298296527,Randstad Italia,Randstad Italia Spa,≤100
136888059662453,Mani Tese Ong Onlus,Mani Tese Ong Onlus,≤100
253657775240887,Pulsee,Axpo Italia,≤100
406187203142799,Luciano Nobili,Luciano Nobili,≤100
246596022430699,Mescalito Film,Mescalito Film,≤100
1454196401466109,WeForGreen,ForGreen Spa Società Benefit,≤100
1692232124412053,Protezione Sociale Italiana,Protezione Sociale Italiana,≤100
1093222784082778,World Vision Italia,World Vision Italia Onlus,≤100
451419891563905,Pro Vita & Famiglia Onlus,Pro Vita & Famiglia Onlus,≤100
197449616933013,Le edizioni del Mulino,Le edizioni del Mulino,≤100
169042736456594,All Out,All Out,≤100
1534292720039481,Gruppo Caviro,Gruppo Caviro,≤100
8792700660,Istituto Bruno Leoni,Istituto Bruno Leoni,≤100
412537312142759,Marevivo Onlus,Marevivo Onlus,≤100
107356064962347,Hai Prenotato Vero?,casiraghi greco srl,≤100
622450334886617,Fondazione Policlinico Universitario Agostino Gemelli IRCCS,Fondazione Policlinico Universitario Agostino Gemelli IRCCS,≤100
182120865170178,Gianluigi Paragone,Gianluigi Paragone,≤100
303531599691398,Mariastella Gelmini,Mariastella Gelmini,≤100
100512382575024,Associazione Tutela Escursionisti e Scialpinisti,Pierpaolo Mori,≤100
59374667427,Alice for Children,Alice for Children,≤100
104544555621560,Ewiva,Andrea Manchisi,≤100
210147662385535,Paola De Micheli,Paola De Micheli,≤100
186799161499691,Libraccio,D.M.B. S.r.l.,≤100
2173211049619737,Keaton,Carmen Barbano,≤100
153904631400191,Comune di Milano,Comune di Milano,≤100
375882802451994,Capitalfin,Capitalfin,≤100
284515247529,Corriere della Sera,Corriere della Sera,≤100
201484606557114,Fotovoltaico per Te,Fotovoltaico per Te,≤100
232017336910584,Rivista Il Borghese,Casa Editrice Pagine,≤100
167490604112292,Assistenza Raccolta Differenziata Gruppo Hera,Hera spa,≤100
1176999669002221,Performer,Performer Srl,≤100
100128926330298,Cirfood District,CIRFOOD sc,≤100
104515779204773,Beniamino Colantuono,Beniamino Colantuono,≤100
291380024325396,Brando Benifei,Brando Benifei,≤100
56755731998,Codacons,Codacons,≤100
180275292801010,Fratelli d'Italia Camera,"Gruppo Parlamentare della Camera dei Deputati ""Fratelli D'Italia""",≤100
105796680963553,Gruppo Editoriale La Scuola SEI,Editrice La Scuola,≤100
377901329389619,Ener2Crowd,Ener2Crowd,≤100
228770323835619,Zanichelli,Zanichelli editore Spa,≤100
106318735428971,Intersos Lab - Centro di Formazione,INTERSOS Lab,≤100
142331079621154,RESET,RESET S.r.l.,≤100
299584710061488,WeWorld Onlus,WeWorld Onlus,≤100
100644409468543,Fondazione Operation Smile Italia,Fondazione Operation Smile Italia,≤100
370557446365305,Deloitte,Deloitte,≤100
1445140735745708,Caritas Senigallia Onlus,Fondazione Caritas Senigallia Onlus,≤100
396512120735562,CIRFOOD,CIRFOOD sc,≤100
674115289288309,Silenzi e falsità della stampa italiana,MFM,≤100
1627286304226828,Fondazione per la Scuola della Compagnia di San Paolo,Fondazione per la Scuola della Compagnia di San Paolo,≤100
107492342616216,Legambiente Onlus,Legambiente Onlus,≤100
107618154328480,Alessio Arusa,Alessio Arusa,≤100
219708888198414,Fondazione Giangiacomo Feltrinelli,Fondazione Giangiacomo Feltrinelli,≤100
116181541819083,Nicola Fratoianni,Nicola Fratoianni,≤100
106788055084178,Per il futuro dei bambini,Cesvi,≤100
101284482868895,Polo Progressista,Polo Progressista,≤100
95118674590,Collettiva,Collettiva,≤100
19050847431,Terra,Terra!,≤100
1942760395965996,Passaggio al Bosco Edizioni,Passaggio al Bosco Edizioni,≤100
2613707698646326,Pop Edizioni,POP EDIZIONI SRL SRL,≤100
57335173611,Città di Modena,Città di Modena,≤100
2797201316986482,Annalisa Tardino,Annalisa Tardino,≤100
162764457111560,Dynamo Camp,Fondazione Dynamo Camp Onlus,≤100
1668922680093325,Propensione.it,Propensione.it,≤100
29698883228,AIFO,AIFO,≤100
686689721540002,Volt Italia,Volt Italia - Unisciti al Cambiamento,≤100
156980270981618,Fondazione Mondo Digitale,Fondazione Mondo Digitale,≤100
858330457856066,Jacopo Coghe,Jacopo Coghe,≤100
223175114447090,Sant'Egidio,Sant'Egidio,≤100
445235400057,Commissione europea – Rappresentanza in Italia,Commissione europea – Rappresentanza in Italia,≤100
367042640294086,Luca Ciriani,Luca Ciriani,≤100
174478206566341,Fabrizio Marrazzo,Partito Gay LGBT+ Solidale Ambientalista Liberale,≤100
469381559808559,ITLAS pavimenti in legno,Itlas srl,≤100
105517781627039,RM scuola - Università,RM Scuola Campus,≤100
121622734528770,Eidos Communication,Eidos Communication,≤100
180329672596502,Fratelli d'Italia Senato,Fratelli d'Italia Senato,≤100
112576383938294,Fondo Sanedil,Fondo Sanedil,≤100
554378897906935,Diana De Marchi,Diana De Marchi,≤100
153967571694403,Led Italia,LED Italia S.r.l,≤100
112020941497075,Generazione EU,Generazione EU,≤100
206632452732349,Rete L'Abuso,Francesco Zanardi,≤100
157463237749900,Olmedo Mobility Division,Olmedo Special Vehicles S.p.A,≤100
104856921232620,Antonino Salsone,Antonino Salsone,≤100
105296361571631,FGS srl,FGS srl,≤100
480871535271240,Fondazione Cariplo,Fondazione Cariplo,≤100
1100025470177000,Claudia Mazzetti,Claudia Mazzetti,≤100
104891121410035,eXL magazine,iDNA,≤100
253597776466,greenreport.it,greenreport.it,≤100
103883909128749,The Muffa,Unaluna Srl,≤100
621188454669130,I Diavoli,I Diavoli,≤100
239696222820040,Plan International Italia,Plan International Italia,≤100
100108295569239,Message in a Bottle - WILD,These ads ran without a disclaimer,≤100
1718838531535765,Camilla Laureti,Camilla Laureti,≤100
100354602590593,Carlo Alberto Tregua,Ediservice srl,≤100
124450774313284,Etica Sgr,Etica Sgr,≤100
153574674705426,AVSI,AVSI,≤100
1933493643607841,Terrasanta.net,Fondazione Terra Santa,≤100
435438343485188,Carmelo Cassibba Presidente del Consiglio Comunale Genova,M2COMUNICA,≤100
205094896368318,Albatros,Albatros S.r.l.s.,≤100
106577392014536,"Io, comandante di Wagner - Il libro rivelazione",Pienogiorno,≤100
252449503661,La7,La7,≤100
104980721725834,Associazione DONNEXSTRADA,Associazione DONNEXSTRADA,≤100
117266648305733,LifeGate,LifeGate,≤100
103145348920594,"Associazione agricoltori, proprietari e residenti Roseto Borsacchio",Pierpaolo Mori,≤100
312933172093226,Associazione Luca Coscioni,Associazione Luca Coscioni,≤100
887405791294493,Scuola Greco Pittella,Scuola Greco Pittella S.r.l.,≤100
619956731519414,Marco Grimaldi - Alleanza Verdi Sinistra,Marco Grimaldi,≤100
150301155010350,Intersos,Intersos,≤100
171869093280946,EICOM Energia,Eicom energia,≤100
1506899926282450,Fondazione UNA,Fondazione UNA Onlus,≤100
904552096600100,River Cleaning,River Cleaning,≤100
2233320866726559,Giulia Pastorella,Giulia Pastorella,≤100
1545240805698926,Cristian Leccese,Cristian Leccese,≤100
650387761676591,Candido,Casa Editrice Pagine,≤100
19050847431,Terra,Terra_aps,≤100
583229838437691,Conflavoro PMI,Conflavoro PMI,≤100
111215267090745,Re Soil Foundation,ReSoilFoundation,≤100
108100707418309,Strumenti Politici,Marco Fontana,≤100
1448101522079687,Onlymoso,Onlymoso,≤100
290721534331298,Anna Ascani,Anna Ascani,≤100
172718099490199,DOKITA,Dokita onlus,≤100
174399239283748,HW STYLE S.R.L.,Hw style S.r.l.,≤100
591249014329371,ClassiCult,ClassiCult,≤100
234490856714052,Pandora Rivista,These ads ran without a disclaimer,≤100
331372771010,Festival della Mente,Festival della Mente,≤100
134666913247297,Sicurezza e Lavoro,Sicurezza e Lavoro,≤100
112777008752391,Valori.it,Valori.it,≤100
339966276040228,CMCC Climate,CMCC - Centro Euro-Mediterraneo sui Cambiamenti Climatici,≤100
192209717630141,First Cisl nazionale,First Cisl,≤100
1393266557641903,Africa Rivista,Africa Rivista,≤100
404402342956536,StartupItalia,StartupItalia,≤100
527351247377965,European Committee of the Regions,European Committee of the Regions,≤100
1710827805727348,Fondazione Libellula,Fondazione Libellula,≤100
588400107853314,Marco Furfaro,Marco Furfaro,≤100
111058465166975,Sinistra Italiana Genova,Sinistra Italiana Genova,≤100
605435696586935,Alessandra Todde,Alessandra Todde,≤100
127839944083908,Robby Giusti,Roberto Giusti,≤100
2157706944445944,Azione,Azione,≤100
45193527235,CPP Centro Psicopedagogico per la Pace e la gestione dei conflitti,CPP - Centro Psicopedagogico per l'educazione e la gestione dei conflitti,≤100
105636267811260,The Good in Town,The Good in Town,≤100
105404488611825,Piave.,Piave Digital Agency,≤100
96844400700,Marcello Gemmato,Marcello Gemmato,≤100
48398083442,Stefano Caldoro,Stefano Caldoro,≤100
73493613024,ActionAid Italia,These ads ran without a disclaimer,≤100
41195081676,Mario Pittoni,Mario Pittoni,≤100
1978323772189377,Ambiente Mare Italia,Ambiente Mare Italia,≤100
660676587322229,Salvagente,Salvagente APS,≤100
56208847866,Gianni Alemanno,Francesco Persampieri,≤100
208046335427,Coop Alleanza 3.0,DGMP di Montevecchi N & C snc,≤100
106000462378083,Francesco Rocca,Rocca Presidente,≤100
48952279043,Andrea Mascaretti,Mascaretti Andrea,≤100
105570288965454,Fabio Pacciani - sindaco Siena 2023,Fabio Pacciani,≤100
673109029772554,Marco Campomenosi,Marco Campomenosi,≤100
1953765388272707,Luca Andreassi,Luca Andreassi,≤100
269909651698,Istituto Oikos Onlus,Istituto Oikos Onlus,≤100
158558100860495,Arci nazionale,Arci Aps,≤100
101047321724796,Semplicità,Fabrizio Bertoletti,≤100
258755651183,Alfonso Pecoraro Scanio,Alfonso Pecoraro Scanio,≤100
753800634652691,Paola Chiesa,Paola Maria Chiesa,≤100
114344005243032,Chiara Colosimo,Chiara Colosimo,≤100
793211171059364,Francescani per la Vita,Francescani per la Vita,≤100
110354967359505,Materasso Bedshire,Ce.Pro.L di Gatti Luca,≤100
67527694280,Arché,Arché,≤100
101931519903657,Saint-Gobain,Saint-Gobain Italia S.p.A.,≤100
222403031687114,ArciAtea,ArciAtea APS,≤100
117785844904053,Antoniano onlus,Antoniano onlus,≤100
355710427861591,Fratelli d'Italia,Fratelli d'Italia,≤100
101518308143756,Stramp.it,Stefano Consolati,≤100
176463392506898,DOC Generici,Plug & Play,≤100
112221911380832,InvEu,Agrifondi srl,≤100
109409244233102,L'Indipendente,L'Indipendente S.r.l.,≤100
354549961415187,Fp Cgil Veneto,fpcgilveneto,≤100
147451502073583,In Migrazione,In Migrazione,≤100
229483187248340,Automazione Industriale Ferrazza,Ferrazza S.r.l.,≤100
206708532746370,Mara Bizzotto Pagina Ufficiale,Mara Bizzotto,≤100
121793864832061,Daniele Novara,Centro Psicopedagogico per l'educazione e la gestione dei conflitti,≤100
324262394281742,Eurven,Eurven,≤100
1268790256589881,People,People,≤100
1676582112422226,Walter Zalukar,Walter Zalukar - Gruppo Misto Consiglio Regionale FVG,≤100
102895905313865,Maria Rachele Ruiu,Maria Rachele Ruiu,≤100
106609584287802,Facta,Facta,≤100
192495427538956,Chiesa Evangelica Luterana in Italia,Chiesa Evangelica Luterana,≤100
154767423377839,Managaia.eco,Managaia.eco,≤100
109042261510620,Mirco Francioso,Francioso Mirco,≤100
116795406383587,Margherita Barbieri,These ads ran without a disclaimer,≤100
102177272679899,Monica Mazzoleni,Monica Mazzoleni,≤100
182760498490334,infoConcorsi,EdiSES Edizioni Srl,≤100
105697815298,Andrea Zanoni,Andrea Zanoni,≤100
107795544958817,Serena Masi - Consigliera del Municipio 9 Milano,Serena Masi,≤100
108415851357834,M8 Srl - Sicurezza sui Luoghi di Lavoro,These ads ran without a disclaimer,≤100
149462018791,Un Ponte Per,Un Ponte Per,≤100
113370130305928,Il Venerdì Libertario,Salvatore Francesco Caggese,≤100
393065737944038,Cecilia Del Re,Cecilia Del Re,≤100
264869596888019,Roberto Di Stefano,Roberto Di Stefano,≤100
1574941869410381,Biblion edizioni,Biblion Edizioni,≤100
62469612018,Partito della Rifondazione Comunista,Partito della Rifondazione Comunista,≤100
318986935171451,Repower Italia,Repower Italia S.p.a.,≤100
195895477096555,Cefa - Il seme della solidarietà - Onlus,Cefa- Il seme della solidarietà- Onlus,≤100
343132907074660,Villy de Luca,Villy de Luca,≤100
787146064702149,Artemisia Centro Antiviolenza,Artemisia Centro Antiviolenza,≤100
104048831252,Carlo Fidanza,Carlo Fidanza,≤100
129078800535,Rinnovabili.it,These ads ran without a disclaimer,≤100
590301457742958,Zeta,Zeta,≤100
884455481592665,European People,Marco Parroccini,≤100
404600599728488,Pefc Italia,PEFC Italia,≤100
54943073948,Il Giornale del Cibo,Il Giornale del Cibo,≤100
286934764814261,Legalizziamo,Associazione Luca Coscioni,≤100
410408122372430,Mario Ciarla,Mario Ciarla,≤100
486228231540331,Partito Animalista Italiano,Cristiano Ceriello,≤100
190766780967976,Geopolitica.info,Geopolitica.info,≤100
263368177127232,Le Nius,Le Nius,≤100
922737261081955,Elisa Montemagni,Elisa Montemagni,≤100
1440145816219300,Progresso Ligure con Stefano Anzalone,Progresso Ligure,≤100
112995657150811,Ecologica,Gianfranco Mascia,≤100
104752187601435,donne.it,donne.it,≤100
110363287258897,Alessandro Iacobelli,Alessandro Iacobelli,≤100
1525276264261539,Manfredi Potenti,Manfredi Potenti,≤100
407066069720164,We Wealth,Voices of Wealth S.r.l.,≤100
108912334169600,Imperium Est,These ads ran without a disclaimer,≤100
37004778340,Nuovofilmstudio,These ads ran without a disclaimer,≤100
106097955166502,Cristiani Radicali,These ads ran without a disclaimer,≤100
2006958696239686,Emanuela Del Re,Emanuela C. Del Re,≤100
184254958392262,Avenida,Avenida,≤100
496873810372627,Cittadini reattivi,Cittadini Reattivi APS,≤100
107217741509533,Loreto Marcelli Consiglio Regione Lazio,Loreto Marcelli,≤100
1843691212524792,ASviS - Alleanza Italiana per lo Sviluppo Sostenibile,ASviS - Alleanza Italiana per lo Sviluppo Sostenibile,≤100
114147990367032,Il secondo mestiere,Claudio Auria,≤100
153413827518,L'Occidentale-Orientamento quotidiano,Fondazione Magna Carta,≤100
1689166371310786,Gianni Pastorino,Giovanni Battista Pastorino,≤100
108947418663332,Sara Kelany,Sara Kelany,≤100
385509022061328,Acqua per Tutti,WeWorld Onlus,≤100
154144331904379,Marta Schifone,SocialCom,≤100
787903214594249,Fisascat Cisl,Fisascat Cisl,≤100
517325798340124,Marta Bonafoni,Marta Bonafoni,≤100
106332794319228,Enrico Chiapparoli,Enrico Chiapparoli,≤100
107379378333563,Tozzi Green,TOZZI GREEN,≤100
518586948254355,Airlite,Airlite,≤100
588845787878880,Davide Casati,Davide Casati,≤100
254392371560419,Conto Corrente Online,These ads ran without a disclaimer,≤100
107064418766090,In Con-Tatto: dott.ssa Maria Lisa Spaziante psicologa psicoterapeuta,In Con-Tatto: dott.ssa Maria Lisa Spaziante psicologa psicoterapeuta,≤100
227498090641951,SNADIR Nazionale,SNADIR Nazionale,≤100
503020973556565,Stefano Bruno Galli,Stefano Bruno Galli,≤100
155970757773137,ISDE - Associazione Medici per l'Ambiente,Francesco Romizi,≤100
672715886453237,Michele Conti,Michele Conti,≤100
109094031594910,Luigi Pinto,Matteo Bello,≤100
176656693132003,Alessandro Carrara,Alessandro Carrara,≤100
519853801726819,Guida all'Europrogettazione,Fondazione CRT,≤100
205798119968781,Cikis,Cikis,≤100
379688310244,La Civiltà Cattolica,La Civiltà Cattolica,≤100
2064954427096620,Soumaila Diawara,These ads ran without a disclaimer,≤100
500030287045109,Michela Califano,Michela Califano,≤100
106005222027595,podisticasavonese,These ads ran without a disclaimer,≤100
167192463921273,Antonio Zennaro,Antonio Zennaro,≤100
103701682407918,Il comunista imbruttito,These ads ran without a disclaimer,≤100
738144506224261,Emedea  La Nostra Famiglia,Associazione La Nostra Famiglia,≤100
102178818216120,ID Defend,These ads ran without a disclaimer,≤100
105143907891885,LuBrus in feisbuca - scribacchiatore curiosante,Luca Brusutti,≤100
1603966533257308,Maria Cristina Pisani,Maria Cristina Pisani,≤100
114423861549177,riccardopezzopane,These ads ran without a disclaimer,≤100
386546178130059,Edizioni Dedalo,Edizioni Dedalo,≤100
2090420411183414,Vincenzo Caputo,Vincenzo Caputo Srl,≤100
2012236382431045,Onorio Di Giovanna - Consigliere Comunale,Onorio Di Giovanna - Consigliere Comunale,≤100
472230402834813,Marco Meloro,Marco Meloro,≤100
307409299288429,Alberto Veronesi,Alberto Veronesi,≤100
565903660254019,Giulia Tempesta,Giulia Tempesta,≤100
1113878852053355,Consorzio Cev,Consorzio CEV,≤100
1198302750251842,The Vision,The Vision,≤100
103609779300803,Figli di Dio e della Madonna,Vincenzo Spina,≤100
119465469634213,Cora Fattori,Cora Fattori,≤100
105765942097364,Sempre Lui - Il libro,Pienogiorno,≤100
737134969808976,Nicola Di Marco,Nicola Di Marco,≤100
322901021759598,Federico Morgagni - Consigliere comunale di Forlì,Federico Morgagni,≤100
108770011256563,XtraCult,XtraCult,≤100
1429383923849615,Fondo FASDA,Fondo FASDA,≤100
1766466673641354,Antonino La Spina,Antonino La Spina,≤100
103546574756191,Fondo Pensione Priamo,Fondo Priamo,≤100
1776956162430608,L'Indispensabile - movimento rivoluzionario,Associazione Darsi Pace,≤100
1494770570823635,Pippi Mellone Sindaco,"Pippi Mellone, Sindaco del Comune di Nardò",≤100
264172003626267,Savino Balzano,Savino Balzano,≤100
113818887738305,armin_a.k.h.a.v.a.n,These ads ran without a disclaimer,≤100
396198737495385,Gabriele Barucco,Gabriele Barucco,≤100
129078800535,Rinnovabili.it,Rinnovabili.it,≤100
741432559225902,Demetrio Piccini autore di fumetti,Demetrio Piccini,≤100
169101783890379,Fondazione Carolina,Fondazione Carolina,≤100
693009861537935,Mountain Genius,These ads ran without a disclaimer,≤100
105655754112279,Aon Italia,Aon Italia,≤100
113469791606852,Iep - Indipendenti e Progressisti Siena,Iep - Indipendenti e Progressisti Siena,≤100
617528441978708,Baracca 2 - la vendemmia,Federico Bason,≤100
1304924732940838,Riccardo del Nonno,Riccardo Del Nonno,≤100
1518880968428021,Unione forense per la tutela dei diritti umani,Unione forense per la tutela dei diritti umani,≤100
1007973302727293,Teach For Italy,Teach For Italy,≤100
150738452145624,BASF Italia,Basf Italia S.p.a.,≤100
880721485388958,PITTI Edizioni,These ads ran without a disclaimer,≤100
1468582010125799,Leonardo Cecchi,These ads ran without a disclaimer,≤100
158105921408965,Libricini,These ads ran without a disclaimer,≤100
355895101196989,Andrea Casu,Andrea Casu,≤100
138109442630,UNIMPRESA Unione Nazionale di Imprese,Donato Paolino,≤100
31800331297,Gariwo - Foresta dei Giusti,Gariwo - Foresta dei Giusti,≤100
537369456719694,Jane Lepori,Jane Lepori,≤100
126407037950426,SunPower Italia,These ads ran without a disclaimer,≤100
279670699158197,WAS - Ultra Coscienza,WAS,≤100
1854943677875764,Sabrina Bocchino - Consigliere Regione Abruzzo,Sabrina Bocchino,≤100
1727514660628641,Roberto Cataldi,Roberto Cataldi,≤100
473584653125948,ARSchooInnovation,Lucana Sistemi srl,≤100
109491080460389,Bambine Non Spose,WeWorld Onlus,≤100
101707359494450,Federico Conte Candidato Consiglio Regionale Lazio 2023,Federico Conte,≤100
194674343880352,Raffaele Franco Photography,These ads ran without a disclaimer,≤100
1035757379850845,Rosanna Conte,Rosanna Conte - Europarlamentare della Lega,≤100
166027216814695,Firriato,Firriato Winery,≤100
121471475122501,Società e Tributi Week,MTA STUDIO,≤100
177990150967421,𝕃𝕒ᴠᴇʀɪᴛᴀ̀𝕕𝕚 𝕊𝕒𝕟𝔾𝕚𝕠𝕣𝕘𝕚𝕠 di Pietro L'Erario,Pietro L'Erario,≤100
159724414835815,NED,Midori Srl,≤100
193027960795836,Consulenti del Lavoro,Fondazione Studi Consulenti del Lavoro,≤100
1382868132042683,Massimiliano Romeo,Massimiliano Romeo,≤100
109470391414529,Sara Pompili M5S,Luca Berilli,≤100
217810366941,Left,Left,≤100
305857383716,Comunicattive,Comunicattive srl,≤100
1207039406003958,Mascherine - Dispositivi di Protezione Individuale,Donnie De Michele,≤100
590497308135303,Democrazia Solidale - DEMOS Monterotondo,Democrazia Solidale - DEMOS,≤100
1420012461585538,Assidai - Fondo di Assistenza Sanitaria per il tuo benessere,Assidai,≤100
478247465671732,TotalEnergies,TotalEnergies,≤100
113705828225073,dear.jammy,These ads ran without a disclaimer,≤100
114071548239973,war_analysis_italia,These ads ran without a disclaimer,≤100
1637778729816876,Nagorà Laboratorio di Idee,Nagorà Laboratorio di idee,≤100
1496504030436035,Pitillos Italia,Angelo Ammendola,≤100
1403779849925484,Enzo Maraio,Enzo Maraio,≤100
109303448291537,Dott. Roberto Minotti - Studio di San Giovanni & Monteverde,These ads ran without a disclaimer,≤100
574913852523601,Jacopo Morrone,Jacopo Morrone,≤100
218671751661739,Fondazione Villa Maraini,Stefano Spada,≤100
120225622972559,Francesca Ceruti Consigliere Regionale Lombardia,Francesca Ceruti,≤100
1654365274659107,Giovanni Innocenti,Giovanni Innocenti,≤100
1623129891325124,Italia in Classe A,ENEA,≤100
105560631103288,Silvia Zamboni,Silvia Zamboni,≤100
341860389261473,Federico Mollicone,Federico Mollicone,≤100
1975939216057184,Alvearia.net,Alvearia.net,≤100
216178258459587,Nello Musumeci,SocialCom,≤100
512282875616533,Comitato Ventotene,Comitato Ventotene,≤100
868116753399426,Con Zucca Uniti per Belgioioso,Con Zucca Uniti per Belgioioso,≤100
325880488176976,University Network,These ads ran without a disclaimer,≤100
102357095763264,CandidatoPolitico.it,CandidatoPolitico.it,≤100
264302983606606,Stefano Bonaccini,Stefano Bonaccini,≤100
1151916921518164,SatiLeaks,Gianfranco Colella,≤100
248612615697451,Enoch Soranzo,Enoch Soranzo,≤100
348012531936270,Viaggi della Memoria,Viaggi della Memoria,≤100
2366762910225461,Toni Matarrelli,Antonio Matarrelli,≤100
1010977059051457,Simone Foglio,Publigiovane Srl,≤100
814905568604078,ytali.com,ytali.com,≤100
308719606486381,Matteo Adinolfi Eurodeputato,Matteo Adinolfi,≤100
250216921658628,Roberto Cosolini,Roberto Cosolini,≤100
153226661931217,I Cittadini per Angelo Niceta,Manfredo Gennaro,≤100
374098735972573,Grafica Nappa,Grafica Nappa,≤100
148510888496015,CVCS,These ads ran without a disclaimer,≤100
325437890904836,Silvana Denicolò - M5S,Silvana Denicolò - M5S,≤100
102887921779425,Il Gallo Silvestre,These ads ran without a disclaimer,≤100
160297837351805,CGT Caterpillar,CGT S.p.A.,≤100
113744660501294,Daniele Iseppi Consigliere Comunale  Pavullo,Daniele Iseppi,≤100
206936886139,Coldwell Banker Italy,Coldwell Banker Italy,≤100
109280955368703,Federico Petitti,Federico Petitti,≤100
31693491382,Nuovo Cinema Aquila,These ads ran without a disclaimer,≤100
204724029665288,Enegan - Luce e Gas,Enegan S.p.A.,≤100
669723373220313,Ruul,These ads ran without a disclaimer,≤100
109422581828386,Ambasciatori Pasticceri Eccellenza Italiana,Ambasciatori Pasticceri dell'Eccellenza Italiana,≤100
134944209887036,DAN Europe (Divers Alert Network Europe),These ads ran without a disclaimer,≤100
237312406418173,Jacopo Zannini,Jacopo Zannini,≤100
115134557849527,Valerio Biondi Consigliere Comunale Movimento 5 Stelle di Civita Castellana,Valerio Biondi,≤100
1537401999847009,Paolo Bongioanni - Il Kaimano,Paolo Bongioanni,≤100
608375839515998,Avvocato Luca Favini - Studio Legale Ghedini Favini,Luca Favini,≤100
560791640621377,Daniele Diaco,Daniele Diaco,≤100
178808252718288,Dipartimento di Scienze e Politiche Ambientali - UNIMI,MB srl,≤100
142749879072224,BlacK Out Totale,These ads ran without a disclaimer,≤100
1732339916992169,Senza Filtro,Senza Filtro,≤100
1629608780627433,Stampa di piu,Grafiche Calabria Srl,≤100
281191992492419,Massimiliano Maselli - FDI - Cons. Regione Lazio,Massimiliano Maselli,≤100
1657081317643771,Gianpaolo Natali,Gianpaolo Natali,≤100
1827883270791776,lavorareascuola.it,Scuola Web Italia,≤100
526901760669684,Partito Animalista Europeo,Partito Animalista Europeo,≤100
1420345371514860,Interlife Onlus,Interlife,≤100
2162934993958021,Associazione Altero Matteoli,Associazione Altero Matteoli,≤100
767163076808708,Marica Fantuz,Marica Fantuz,≤100
108059111628543,Ada Lopreiato,Ada Lopreiato,≤100
111280115142496,Meri Marziali - spazio politico,Meri Marziali,≤100
500948160053562,Monica Sambo per Venezia,Monica Sambo,≤100
168405566935647,Compagnia Diritto e Rovescio,These ads ran without a disclaimer,≤100
351529958905179,Umberto Presutti Gallinella,Umberto Pasquale Alessio Presutti Gallinella,≤100
716882765141129,Emma Petitti,Emma Petitti,≤100
103151711785728,Grazia Di Maggio,Grazia Maria Benedetta Di Maggio,≤100
106727507898191,AMUS - Aeronautica,Mario Troccoli,≤100
361678077904637,Anaao Assomed Lombardia,Stefano Magnone,≤100
196867727176671,Gianni Lampis,Gianni Lampis,≤100
1618078638446744,4G Energia,slashto,≤100
1635274383416590,Aurelio in Comune,Aurelio in Comune,≤100
825203174231710,Luigi Bisogno,Luigi Bisogno,≤100
221128081277991,Ribelli,Ribelli,≤100
109409244233102,L'Indipendente,DV NETWORK SRL,≤100
1670602683180032,Federico Sambruni,Federico Sambruni,≤100
464466844003620,Enrica Onorati,Enrica Onorati,≤100
1560957027485691,Rifondazione comunista  Civita Castellana,Yuri Cavalieri,≤100
104433631844846,Rosario Scandurra - Candidato Sindaco Valverde,Rosario Scandurra,≤100
2129952287061876,Ivano Martinetti,Ivano Martinetti,≤100
105211072462251,zoltan.szeker,These ads ran without a disclaimer,≤100
104616535864747,Ubaldo Zerbinati,Emanuel Di Marco,≤100
237843932914197,Alground Tecnologia Cyberwarfare,Trizio Consulting,≤100
678908455899403,Olimpia Troili,Olimpia Troili,≤100
101065682891918,Gianluca Bolognesi,Gianluca Bolognesi,≤100
1862307547429963,Nonna Roma,Nonna Roma,≤100
2381325198757919,BallicodellaRocca,Daniela Ballico,≤100
542257836283048,Gabriele Davide,Gabriele Davide,≤100
300150133651032,L'inserto,These ads ran without a disclaimer,≤100
114200462090955,Buffa,Silvio Di Natale,≤100
580324295505361,Politico  Vincente,Stefano D'Agostino,≤100
324465484922691,"Circolo Culturale ""Giuseppe Saragat - Giacomo Matteotti""",Enzo Pirillo,≤100
204182692934155,Amande Art,These ads ran without a disclaimer,≤100
108802175280768,Giovanni Gostoli,Giovani Gostoli,≤100
602678809928628,Guido Quintino Liris,Daniela Ianni,≤100
104578154630928,BIC Incubatori FVG,BIC INCUBATORI S.R.L.,≤100
326480964397759,Antonio Lombardi,FEDERCEPICOSTRUZIONI,≤100
248758218623743,Next Nuova Economia per Tutti,NEXT - NUOVA ECONOMIA PER TUTTI,≤100
311377002815583,Terricciola SiCura,Terricciola SiCura,≤100
110558397268096,Gabriele Guzzi,Gabriele Guzzi,≤100
101951619327094,uncuorecomevaligia,These ads ran without a disclaimer,≤100
1695169034125625,Alessandro Caramiello,Alessandro Caramiello,≤100
125635380862838,Io Bevo,General Beverage,≤100
122191987831675,Fabio Amendolara,Fabio Amendolara,≤100
434829060370453,Agricola Moderna,SUNSPRING S.R.L.,≤100
2028030093905997,Matteo Pietrosante - Assessore Lavori Pubblici III Municipio,Matteo Pietrosante,≤100
159192554552724,Vasilika Moon - Onlus,La luna di Vasilika ONLUS,≤100
155869317820754,Il Commercialista - la tribù dei Commercialisti,Il Commercialista - la tribù dei Commercialisti,≤100
991598257587797,Riccardo Corbucci,Riccardo Corbucci,≤100
105332674760119,ista Italia Srl,Ista Italia srl,≤100
165968498427823,Rete dei Comuni Sostenibili,Giovani Gostoli,≤100
2119732698342937,Vodafone Group,These ads ran without a disclaimer,≤100
41883361077,IPS News Agency,These ads ran without a disclaimer,≤100
319549428716940,Maria Luisa Lima,These ads ran without a disclaimer,≤100
1669176300044167,NurSind Bologna Citta' Metropolitana,These ads ran without a disclaimer,≤100
235597449861947,British Asian Christian Association,These ads ran without a disclaimer,≤100
968643809909024,Mubariz Mansimov,These ads ran without a disclaimer,≤100
113656864962740,Новости Дня.,These ads ran without a disclaimer,≤100
156515867722292,PICS Telecom International,These ads ran without a disclaimer,≤100
101431759532529,gyn.op.dr.turalismayilov,These ads ran without a disclaimer,≤100
104546295740207,Aura of the world,These ads ran without a disclaimer,≤100
105326115386676,The New Voice of Ukraine,These ads ran without a disclaimer,≤100
101388672787942,avrahamdrewkoven,These ads ran without a disclaimer,≤100
105371502336242,乌克兰.ua,These ads ran without a disclaimer,≤100
113938434893253,Tomorrow’s Affairs,These ads ran without a disclaimer,≤100