﻿Page ID,Page name,Disclaimer,Amount spent (MXN)
707791509334451,Alejandra Gutiérrez,Hot Marketing,14854
113573477135935,Servicio de Administración Tributaria del Estado de Guanajuato,Servicio de Administración Tributaria del Estado de Guanajuato,4215
180533315991,Guanajuato Gobierno del Estado,Gobierno del Estado de Guanajuato,2981
163411220385285,PAN Guanajuato,PAN Guanajuato,2392
505132912869455,Instituto Guanajuatense para las Personas con Discapacidad,Ads Project Media,1979
63044235866,UN Climate Change,UN Climate Change with Facebook Ad Credits,1240
162949857103721,Gobierno Colima,Gobierno Colima,946
1613868898897076,Waldo Fernández González,Waldo Fernández González,903
589484077738887,Jorge Álvarez Máynez,Estudio Bocadillo,660
100557755099985,Convocatorias 2023,Convocatorias 2023,621
645731535452116,FactoMétrica,FactoMétrica,564
496075770555516,Salamanca Municipio,Salamanca Municipio,507
106281564753802,Distritt Noticias,AdSocial,491
198315533529654,Purísima del Rincón,Purísima del Rincón,484
264773293005,Marko Cortés,Marko Cortés,442
108334872107207,El Noticioso de Occidente,El Noticioso de Occidente,373
458070297649993,El Pípila.mx,El Pípila.mx,350
237286396650510,Enkoll Inteligencia de Mercados,Enkoll,338
109634395756375,Save the Children México,Save the Children México,332
431715380946459,Libre Noticias,Adsocial,279
129116715379616,La Lotería Del Pueblo,Hugo Junco Olvera,266
103337707812182,Mujer México,ADsocial,263
493453457351145,Coparmex Nacional,Coparmex Nacional,261
105449498268490,Préstamos vía nómina,Herminia Contreras Aldana,258
108819392526809,Partido Acción Nacional,Partido Acción Nacional,254
923633637651202,Morena Sí,Morena Sí,240
354326078079338,Campaigns and Elections Mexico,Mario Alberto Rivera Lagarreta,226
56713285274,Greenpeace México,Greenpeace México,220
123842270960929,Walmart de México y Centroamérica,Nueva Walmart de México SRL de CV,211
824196837618685,Michel González,Karen Michel González Marquez,200
237316300021978,Erandi Bermúdez,Erandi Bermúdez,187
421877377878288,Municipio de Querétaro,Municipio de Querétaro,164
109004905332009,El corazón de la transformación,El corazón de la transformación,162
354326078079338,Campaigns and Elections Mexico,Campaigns & Elections México,157
100206439556436,Jalisco Jala con Claudia,Jalisco Jala con Claudia,156
1660634044174927,Mendoza Blanco & Asociados S.C.,"Mendoza Blanco & Asociados, S.C.",155
122404620204,Oxfam México,OXFAM MEXICO AC,150
405824826113969,IEEG Instituto Electoral del Estado de Guanajuato,IEEG Instituto Electoral del Estado de Guanajuato,149
170761873343298,Tecutli Gómez,Tecutli Gomez,143
460436987319985,Diputados Ciudadanos,Grupo Parlamentario de Movimiento Ciudadano en la Cámara de Diputados,141
309520537353,Fondo Semillas,Fondo Semillas,131
103451872329701,Salvemos Miles de Vidas México,Salvemos Miles de Vidas México,130
194294770607313,Alejandro Navarro,Anavarro,129
1026579000822851,Isidoro Bazaldúa Lugo,Isidoro Bazaldúa Lugo,129
107467018150116,Mariel Padilla,Mariel Alejandra Padilla Rangel,125
100295832888456,Con Claudia Si,conclaudiasi.net,113
104800055232221,Electoralia,electoralia,108
102551913153712,Ricardo Monreal A.,Ricardo Monreal Ávila,108
695113350546657,Promoción Ciudad de México,SOME MARKETING,103
633007690102039,Gustavo de Hoyos Walther,Gustavo de Hoyos Walther,101
469246976533189,Santiago Creel,SantiagoCreelM,≤100
254852601222832,CEMEX México,CEMEX México,≤100
111428001815534,Con Claudia,Con Claudia,≤100
103451872329701,Salvemos Miles de Vidas México,Juan Antonio Loredo Velasco,≤100
387796290649,GNP Seguros,GNP Seguros,≤100
458859544909547,DICES,DICES,≤100
106173512327089,Sí di,Sí di,≤100
110039430775865,Apoyo Nacional en el Gobierno Mexicano,Adriana Estrada Micete,≤100
114024430364416,YoXmx,Yoxmex,≤100
179039462918664,Diputado Baltazar Gaona García,Baltazar Gaona Garcia,≤100
102515245994693,Tlaxcala Si,tlaxcalasi.net,≤100
961310490582166,FeliFer Macías,Felipe Macías,≤100
583723315168183,El Jaguar,La Agencia de la ONU para los Refugiados (ACNUR) México,≤100
1749137535343213,Ricardo Ferro,Luis Ricardo Ferro Baeza,≤100
104051184791091,Beneficios en el Gobierno en todo México,Nancy Carmen Ramirez Casas,≤100
536886746673043,Jóvenes MX,Yoxmex,≤100
105409857986465,Programas Financieros para el Gobierno Mexicano y Beneficios,Edith Martinez Orta,≤100
147751821930575,Salud Digital Fundación Carlos Slim,Fundación Carlos Slim,≤100
346352612235933,Verónica Camino Farjat,Verónica Camino Farjat,≤100
52061777022,Querétaro.Travel,SOME MARKETING,≤100
107727682047392,XunMexicodeverdad,X UN MÉXICO DE VERDAD,≤100
171494803269262,Noticias México,euthenics,≤100
107539391652958,Estrella Rojas,Estrella Rojas,≤100
100215376197287,Guerreros del voto,Guerreros del Voto,≤100
139551722754346,Asomarte,SOME CONTENT MARKETING,≤100
110067904935566,Moises Moreno,José Moisés Moreno Melo,≤100
106865972279596,Por amor a México,Por Amor A Mexico,≤100
377671629054421,Polemon,Polemon,≤100
48966795116,Amnistía Internacional México,Amnistía Internacional México,≤100
177319665650476,ClikiSalud - Fundación Carlos Slim,Fundación Carlos Slim,≤100
114175028689083,Juan José Jiménez Yáñez,Juan José Jiménez Yáñez,≤100
649764085110324,Carlos Arce,Carlos Francisco Arce Macias,≤100
322632628342690,Secretaría de Turismo del Estado de Querétaro,SOME MARKETING,≤100
224725504745481,Sí en Querétaro,SOME CONTENT MARKETING,≤100
182252948625872,Los Rescatadores,"Refleacciona con Responsabilidad, A.C.",≤100
124631600949535,Yo Influyo,Yoxmex,≤100
133478060111915,CEMEX Impacto Social,CEMEX Negocio Responsable,≤100
103290404864989,Beneficios Nacionales de Gobierno,Edith Martinez Orta,≤100
409800789114458,Antonio Pelón Cervera,Macronews,≤100
100242005506001,Medestetic México,Medestetic México,≤100
235606900176440,Macronews,Macronews,≤100
376946485751065,Adriana Hernández,Adriana Hernández,≤100
365214180565121,Bladimir González,Bladimir González,≤100
189131335143204,"Soy Mexicano, Soy Derecho",Soy Mexicano Soy Derecho,≤100
924215500923867,Lucy Meza,Lucy Meza,≤100
1861550397441449,Revista32,Revista32,≤100
156562731088277,"Equidad de Género, Ciudadanía, Trabajo y Familia","Equidad de Género, Ciudadanía, Trabajo y Familia",≤100
104680124489636,Demoscopia Digital,Demoscopia Digital,≤100
196705420663884,Código Magenta,Código Magenta,≤100
159970704486664,Focos Mx,"Equidad de Género, Ciudadanía, Trabajo y Familia",≤100
164183347562623,Denuncia México,euthenics,≤100
108618725037273,Al Memento,Hector Daniel Sanchez Moreno,≤100
107652783975551,CS Medicina Estética,CS Medicina Estética,≤100
107722055440614,Home Byte,These ads ran without a disclaimer,≤100
146467178707344,La Voz de Michoacán,La Voz de Michoacán,≤100
101128435630238,Química y Formulación,Química y Formulación,≤100
100580816697506,Querétaro Centro de Congresos QCC y Querétaro Teatro Metropolitano QTM,SOME CONTENT MARKETING,≤100
1415691342026378,Fundación Carlos Slim,Fundación Carlos Slim,≤100
236349593718788,Jesús María Montemayor Garza,Brecha Comunicación,≤100
915220875259528,Telokwento,TELOKWENTO,≤100
265938437673601,Yo Soy Mi Planeta,Yoxmex,≤100
245685942538080,VOTA Querétaro,VOTA Querétaro,≤100
154652694604556,Ricardo Gallardo Cardona,Ricardo Gallardo Cardona,≤100
92465443899,Reporte Índigo,Capital Media,≤100
122154061801959,Colectivo Mujeres Cabeza de Familia,Movimiento YoXMéxico,≤100
592495347619799,Mi familia es primero,Yoxmex,≤100
138016565116389,Prepa En Linea SEP,UNIDEV Universidad SC,≤100
148709191834718,Alcaldes de México,Alcaldes de México,≤100
373929522783692,Myrna Grimaldo Iracheta,Peter Enriquez,≤100
953657811446042,Conciencia Nacional por la Libertad Religiosa,Fundación en Promoción de la Familia y la Libertad AC,≤100
1900720236889785,Senador Casimiro Méndez Ortiz,Casimiro Méndez Ortiz,≤100
104194908706490,Preparatoria México SEP en línea,UNIDEV Universidad SC,≤100
100264525710986,Preparatoria en línea México,UNIDEV Universidad SC,≤100
251441461671918,Igualdad Animal México,Respeto e Igualdad Animal A.C.,≤100
105533795460071,Norte Monrealista,Norte Monrealista,≤100
245495562137150,Mitofsky,Roy Campos,≤100
106379064650791,Edgar Hernandez Dañu,Edgar Hernandez Dañu,≤100
105848177845789,All Out en español,All Out,≤100
905324146270805,Carlos Quintana,Tropa Marketing,≤100
351614618580265,Diputado Mauricio Prieto,Mauricio Prieto,≤100
111609457634338,Ana Gómez,Ana Laura Gomez Calzada,≤100
320349101760473,Inboplast A.C.,Inboplast A.C.,≤100
108950188713101,Memes Derechos Laborales,SUB Inteligencia de marca S de RL de CV,≤100
104198335842437,Preparatoria SEP Virtual,UNIDEV Universidad SC,≤100
109610531312367,Preparatoria Desde Casa SEP,UNIDEV Universidad SC,≤100
540795076057624,Enfoco.mx,Enfoco.mx,≤100
100431071908734,La-Lista,DCS MEDIA & COMMUNICATIONS,≤100
2340595106035117,Ismael Brito Mazariegos,Ismael Brito Mazariegos,≤100
196493763808241,CEEY,CENTRO DE ESTUDIOS ESPINOSA YGLESIAS,≤100
1524562054451857,Enrique Godinez,Enrique Godínez,≤100
101461686043880,Centro Certificador de Estudios Especializados.,Abel Ivan Aragon Maldonado,≤100
1987170371533053,Raymundo Atanacio,Raymundo Atanacio Luna,≤100
239726076054918,Partido del Trabajo México,Partido del Trabajo México,≤100
1514466245542140,América Rangel,AMERICA RANGEL,≤100
1327748667304965,Carlos Peña Ortiz,Carlos Peña Ortiz,≤100
110187414493874,Plataforma Informativa Mexicana #PIM,euthenics,≤100
107308034009698,Partido del Trabajo Querétaro Estatal,Partido Del Trabajo Queretaro,≤100
266763400088630,Arturo Yañez Cuellar,Jose Aurelio Vargas Sandoval,≤100
116437828394342,Phiten Mexico,Phiten Mexico,≤100
358081608046386,Jorge de la Garza,Jorge de la Garza,≤100
108298965311241,Preparatoria en línea SEP,UNIDEV Universidad SC,≤100
185702296375261,Mexicómo,MEXICOMO,≤100
247091415478957,Lorena de la Garza Venecia,Lorena de la Garza Venecia,≤100
164856266971710,Es lo Cotidiano,Es lo Cotidiano,≤100
110239881352852,Preparatoria en casa unidev,UNIDEV Universidad SC,≤100
381985873573,Partido de la Revolución Democrática PRD,Partido de la Revolución Democrática,≤100
306881586007009,Los Ángeles Press,Ruth Gutiérrez,≤100
100905166136342,Preparatoria SEP en línea,Unidev Uiversidad SC,≤100
101740711752535,RUBRUM,Multipoll S.A. de C.V.,≤100
772916632876835,Instituto Nacional de Estandarización y Certificación,Instituto Nacional de Estandarización y certificación,≤100
105925314120759,Mario Bracamonte,Julián Reynoso Mazoy,≤100
1438179653137260,Centro Carbonell,Centro de Estudios Jurídicos Carbonell,≤100
104654145285377,José Miguel de la Cruz Lima,Jose Miguel De La Cruz Lima,≤100
110763055151832,Preparatoria en línea SEP,UNIDEV Universidad SC,≤100
387917398509610,Colegio Internacional para el Desarrollo de la Educación y la Cultura,COLEGIO INTERNACIONAL PARA EL DESARROLLO DE LA EDUCACIÓN Y LA CULTURA A.C.,≤100
102842448953539,SOFIA GDB,Sofia Gdb,≤100
105409565326997,El Transformador MX,Julián Reynoso Mazoy,≤100
1879362632284126,Instituto LeadMagnet,Oswaldo Alvarez Calderon,≤100
750731415621118,Remote Sensing MDPI,These ads ran without a disclaimer,≤100
109474928114443,Actívate,José Ángel Soubervielle,≤100
104494905701158,Al Chile,Hector Daniel Sanchez Moreno,≤100
107738917712607,ALA,Alexa Trujillo,≤100
320404528148304,Nacho Campos,Nacho Campos E.,≤100
519051388241845,Fundación FEMSA,Fundación FEMSA,≤100
2330030160374237,Balance 24,Balance 24,≤100
101202725148632,Armando Zuñiga Salinas,GRUPO IPS,≤100
138350596230547,GIRE - Grupo de Información en Reproducción Elegida,Menu Agency,≤100
171089086312900,Raul Lozano,Raul Lozano Caballero,≤100
100753679061274,Diputados Federales Morena Chihuahua,Josue Daniel Aguirre Aguirre,≤100
1468723019887327,ddeser,ddeser,≤100
268579708326323,Georgina Solorio García,Georgina Solorio García,≤100
103533465483263,Centro de Estudios y Capacitación Integral en Nutrición,Alfredo Esquivel Villeda,≤100
106521845216893,Preparatoria en línea México SEP,UNIDEV Universidad SC,≤100
104548891505228,Dr. Elias Barajas Bautista,Dr.Elias Barajas,≤100
584159151722389,Pavel López Gómez,Pavel López Gómez,≤100
233652128065243,Goberna México,Goberna,≤100
288380955652,Eduardo Rivera Pérez,Erp Rivera,≤100
102254572233058,Ayuntamiento de Rioverde 2021 - 2024,Ayuntamiento de Rioverde 2021-2024,≤100
1140370492701453,Movimiento Ciudadano ARANDAS,Fernando Morales Ramírez,≤100
107388102211536,Percepcion Social,Jesus Guadalupe Fuentes Reyes,≤100
100332908733199,Fundación Traxión,Fundación Traxión,≤100
333932057250036,Alejandro Rojas Díaz Durán,ARDD,≤100
106926388587850,elcuartopoder.mx,elcuartopoder.mx,≤100
1724003164500887,Daylín García Ruvalcaba,Daylin García Ruvalcaba,≤100
338439980329802,Fiscalía General de Querétaro,Fiscalía General de Querétaro,≤100
106028654283325,SíMiPlaneta,These ads ran without a disclaimer,≤100
281188282215551,José Medina Mora Icaza,José Medina Mora Icaza,≤100
625822217504525,Francisco Javier Garza de Coss,Francisco Javier Garza de Coss,≤100
302448513146235,Jorge Romero Herrera,JORGE ROMERO,≤100
101295992671758,Libertarismo México,México Libertario,≤100
1522195418029530,Político MX,Político MX,≤100
791951890896578,Patricia Salazar,Patricia Salazar,≤100
1329071977102915,Pacto Mundial México,"Red del Pacto Mundial de y en México, A. C.",≤100
187575292021954,El Rincón Político,El Rincón Político,≤100
136240676894192,Roberto Sosa Pichardo,Roberto Sosa Pichardo,≤100
681291175575804,Visible,Lievant Studio,≤100
208032075884221,Mario Mata Carrasco,Mario Mata Carrasco,≤100
114551410376800,Ranking Consultores,Ranking Consultores,≤100
113316147663555,Preparatoria desde casa Unidev,UNIDEV Universidad SC,≤100
105251765700597,Bimboverso,Bimboverso,≤100
244524445753966,Armando Contreras Castillo,Armando Contreras Castillo,≤100
841674626169513,Mayra Ojeda Chavez,Mayra Ojeda,≤100
105462911936981,Laura Esquivel,HUMAN TARGET,≤100
189444025115478,Mauricio Ramírez Konishi,Julio Cesar Moreira Dosantos,≤100
108099371628440,Diputada  Edi M. Soriano Barrera,Edi Margarita Soriano,≤100
255087598160063,Radio 13 Digital,Radio 13 Digital,≤100
109130204053554,Alas para el Cambio,Alas para el Cambio,≤100
107260908482745,Lolita Verdín,Verdin Maria,≤100
257333027729841,Julieta Ramírez,Julieta Ramirez,≤100
855181581284411,Policarpo Flores,Chooy Flores,≤100
101701991930418,UNIDEV,UNIDEV,≤100
509821702820171,24 Horas Quintana Roo,24 Horas Quintana Roo,≤100
101417472182189,Universal Duo,Hector Daniel Sanchez Moreno,≤100
104402255089316,Vigilante,Dreams Engine S.A de C.V.,≤100
864782290397886,LIBEREMOS.MX,Artemio Estrella Rodriguez,≤100
107699114281500,Amir Dmorena,Jgreg Morales,≤100
215664318620433,Sustentur,Sustentur,≤100
107020672147342,José Miguel Martínez Campos,Gabriel Hernandez,≤100
102931375657044,Tabasqueños con Javier May,Héctor Pérez Ruiz,≤100
1845345668905320,Antonio Escobar,These ads ran without a disclaimer,≤100
113769363761816,Luz García,Luz María García,≤100
141680549249031,Radio Rosarito,Mario Alberto Serrano Monzon,≤100
101069159489872,Partido Verde Ciudad Juárez,Edgar Arnoldo Espinoza Holguin,≤100
642184602596077,Alejandro Villegas Pérez,Josue Roman Vargas Garcia,≤100
801673763367076,Carlos Cesar Jasso Rodríguez,Carlos Cesar Jasso Rodriguez,≤100
176993162348636,"El Colegio de Jalisco, A. C.",El Colegio de Jalisco,≤100
822905401108747,PoderMX,PoderMX,≤100
108471668438894,Revolucion San Luis,DEGI,≤100
242561136449130,PYMO,These ads ran without a disclaimer,≤100
111982838049960,COSUM Hidalgo,Sindicatos Unidos de México,≤100
233604220888841,Adriana Esther Martínez Sánchez,Adriana Esther Martinez Sanchez,≤100
792479130806972,Portal Michoacano - comunicación con sentido social,Alejandro Esquivel Mendoza,≤100
102066728517222,Jorge Magaña,Jorge Magaña,≤100
2098960567045890,Adrian Mx Coacalco,Adrian Mejia Reyes,≤100
102255904996475,Geovanna Campos Vazquez,Julián Reynoso Mazoy,≤100
759181304130481,Isaac Montoya,Nancy Stephanie Ramírez Olivares,≤100
109927953731014,Espacio Libre México,Marcos Oliver Sánchez Romero,≤100
1561665210574560,Giovanni Contestabile Borbolla,Dulce Maria Flores Herrera,≤100
593799727327482,Workbeat,These ads ran without a disclaimer,≤100
102492928333364,Revista Forja,Revista Forja,≤100
110522125009709,Yommira Carrillo Barreto,Yommira Jockimber Carrillo Barreto,≤100
165222107418758,Con Aroma de Café,José De Angel Lopez,≤100
407868429421487,Juan Manuel Hernández Niebla,Juan Manuel Hernández Niebla,≤100
101798928719130,Noé Castillo Olvera,Jose Arturo Zamorano Morales,≤100
107509487815279,Dedogmasyrenuncias,DE DOGMAS Y RENUNCIAS,≤100
1614410865470755,Columnas de México,Columnas de México,≤100
857608504308460,Toño Gutiérrez Jardón,Jose Antonio Gutierrez Jardon,≤100
476940885780129,César Oceguera,César Estrada,≤100
1587273468223028,Misaj Becerra,Misaj Gonzalez Becerra,≤100
106338501265771,La punta y el iceberg,La punta y el iceberg,≤100
106892552154385,Estrellita Fuentes,Jonathan Perez Palomares,≤100
432923167438353,Jorge Hernández Aguilera,Julián Reynoso Mazoy,≤100
101878228730002,Partido del Trabajo Chiapas,Partido Del Trabajo Chiapas,≤100
174912852563520,Centro Católico Multimedial,Centro Católico Multimedial,≤100
1937376869899554,Jorge Díaz Loeza,Jorge Díaz Loeza,≤100
111747610668938,Nota Online.,Nota Online.,≤100
1176628419094356,Navor Rojas,Cynthia Aylin Lopez Suárez,≤100
216561382207540,Periódico La Encuesta,Periódico La Encuesta,≤100
102394738094821,Thor Salayandia,These ads ran without a disclaimer,≤100
110545181905650,El Hidalguense Digital,Anabell Alanis Jurado,≤100
290819967780547,Dra. Julia Salinas Ducker,These ads ran without a disclaimer,≤100
1702792110034668,En la esquina del rincón.,Fernando Garcia Velazquez,≤100
103919201795770,Joel Corral Alcantar,Joel Corral Alcantar,≤100
543830382749706,Compromiso Social Mx,Compromiso Social Mx,≤100
112039950452398,Abel Meza,Abel Palomera Meza,≤100
1776223812696913,Daniel Altamirano,Daniel Altamirano,≤100
220612165082734,Save Democracy,Save Democracy,≤100
102167268647910,Martha Azucena Camacho Reynoso,Social Planning,≤100
122154061801959,Colectivo Mujeres Cabeza de Familia,Yoxmex,≤100
778165328945716,Semanario Siete,Nicanor Medina Sanchez,≤100
109316894778999,Querétaro de Verdad,David Rogelio Hernandez Smeke,≤100
236858516331750,RADIOFUSION TV,Leonardo Hernandez,≤100
874552292605393,Prepa IDAI,Instituto de Desarrollo Académico Intensivo S.C.,≤100
996060393800265,Betty Rivera al Aire TV,Beatriz Rivera,≤100
643513979193133,Unidos por Beatriz,Neuma,≤100
176047519101203,Códice Informativo,Códice Informativo,≤100
104169981002558,Hidalgo Decide,Hidalgo Decide,≤100
116885794604642,DF Apoya,These ads ran without a disclaimer,≤100
177503385791052,Mariano Agustín Escobar,Mariano Agustín Escobar,≤100
181815868495275,Noti Arandas,Grupo NotiArandas SA de CV,≤100
1453035258301900,Carol Antonio Altamirano,Carol Antonio Altamirano,≤100
279469625434543,Paco Cienfuegos,Paco Cienfuegos,≤100
1857761427782780,IAS Automation,INNOVATIVE AUTOMATION SOLUTIONS,≤100
101938768900219,Nea,"Grit Payment Solutions, S.A.P.I. de C.V.",≤100
112507801521278,VEMO,VEMO,≤100
104500292498221,Ciatsoftware Automatización,These ads ran without a disclaimer,≤100
420690148033445,Enrique Galindo Ceballos,Francisco Enrique Galindo Ceballos,≤100
103347578150986,LOPON - Documental,These ads ran without a disclaimer,≤100
482694188600843,Panorama Michoacano,Martha Patricia Escobar García,≤100
106246311267414,Valeria Cruz Armendariz,Nubia De La Rosa,≤100
103084629229632,Scanner Doc,These ads ran without a disclaimer,≤100
112238915038322,Cursos del Estado,These ads ran without a disclaimer,≤100
103612434995727,Helena Anillo,These ads ran without a disclaimer,≤100
111058375168303,Sport,These ads ran without a disclaimer,≤100
211193332422899,Edgar Sánchez Garza,Edgar Gerardo Sanchez Garza,≤100
747420075340256,El Agricultor Primero,These ads ran without a disclaimer,≤100
177830772256889,De'Anza,These ads ran without a disclaimer,≤100
325225394749570,Fundación Vizcaya,Fundación Grupo Vizcaya Multimedia,≤100
104748932470097,Secretaría de Mujeres Morena Chihuahua,Nubia De La Rosa,≤100
158714780827513,UNFPA,UNFPA,≤100
274394006605216,History A2Z Magazine,These ads ran without a disclaimer,≤100
529780353736402,H.Ayuntamiento de La Huerta,H.Ayuntamiento de La Huerta,≤100
1812297282329742,Jorge Triana,Jorge Triana Tena,≤100
112984664528580,Investing Gaceta,These ads ran without a disclaimer,≤100
31292782350,Deutschland.de,These ads ran without a disclaimer,≤100
161707728106607,BayWa r.e. Global,These ads ran without a disclaimer,≤100