﻿Page ID,Page name,Disclaimer,Amount spent (INR)
294493857651676,Rahul Gandhi,Indian National Congress,12801
103704155350118,Gates Foundation India,The Bill & Melinda Gates Foundation,12438
54779960819,United Nations,United Nations with Facebook Ad Credits,7315
104314355053373,TheSootr,TheSootr,5826
106353715613486,श्री वल्लभ विहार,Aashish Patel,5440
263042377039487,Indian National Congress -  Gujarat,INC,3999
107395897271506,Kutumb,Swatantra Verma,2647
158714780827513,UNFPA,UNFPA,2592
104490101026502,Reena Bourasi Setia,Prabuddh Dubey,1850
2078242259060363,Kukufm,Mohana Saha,1543
574079826086251,Phir Ek Baar Modi Sarkar,phirekbaarmodisarkar.com,950
163025777648018,Shashank Bhargava,Shashank Bhargava,949
355739144465220,BJP Madhya Pradesh,Bharatiya Janata Party (BJP),764
109821031926617,Indian Peoples Party,Purshottam Tiwari,639
104516512296314,Kartik Sharma,Adv Tech,636
746818948706131,AAP TRADE WING,Deepanshu Yadav,598
441249902634004,Baba Siddique,Baba Siddique,560
371698843567971,Rajshree rudra pratap singh MLA,Anurag Sharma,541
369780283211302,Dr. Sudhakar K,Dr. K Sudhakar,537
109986065209042,Mera Apna Rahul,Mera Apna Rahul,509
132480390432415,Jindal Stainless Solutions,Chariot Media,490
428157337550611,ICMM,These ads ran without a disclaimer,487
1987488401557504,Mahathugbandhan - महाठगबंधन,Mahathugbandhan - महाठगबंधन,476
159111004444064,NACO India,Naco India,445
106543051719826,Kamal kishore trivedi,Arjun Sharma,442
999917373375145,VD Sharma,VD Sharma,411
105671775473178,Jan Suraaj,Jan Suraaj,404
1207048289400325,Jagat Bahadur Singh Annu,Ranjeet Singh Bisen,398
875420125855408,Dhanraj Vispute,Siddigital,378
106901781497453,भाजपा देपालपुर इंदौर,Karan Bakshi,377
211316456818,Suveg Rathi सुवेग राठी,Suveg,342
797282533806883,Goutam Bantu Gurjar,Arjun Sharma,333
184278081698180,Ashok Gehlot,Ashok Gehlot,321
1539884952921760,Ravindra Sahu Jhoomarwala,Hemant Kushwaha,320
100488601295720,Leena Sanjay Jain MLA,Yashraj Vyas,320
311725339195090,MLA Murli Morwal,Karan Morwal,318
304168753787735,Mohan Singh Rathore,Mohan Singh Rathod,301
21169267101,Give,Give,291
100931599132399,Arun Sharma,Arun Kumar Sharma,271
2114964935249734,Sonu Sharma,Arjun Sharma,268
107076548846055,Dharmendra Katare,Shivam Namdev,260
107113000831690,Dr.Manik Saha,maniksaha.com,256
230195174008918,Ajit Damodar Gavhane,Ajit Damodar Gavhane,226
105222094270542,Dalbir Singh,Rahul Kumar,226
390976557590103,I Support Narendra Modi,Adv Tech,224
299400490478057,Ankit Dhepte,Raju Chourasia,223
1548923041893741,Virender Singh Rathore,INC,221
20386543316,WWF-India,Mukesh Nauhwar,220
1327351450720146,Pradhan Mantri Bhartiya Janaushadhi Pariyojana,Pharmaceuticals & Medical Devices Bureau of India,216
108859771892572,Ek dhoko Kejriwalne - એક ધોકો કેજરીવાલને,Paltu Express,212
537021156329658,Sukhbir Singh Jaunapuria,Pankaj Sharma,207
189271178483352,Five Lotus Indo German,Five Lotus Indo German,196
103782051383159,School of Politics,School of Politics,195
424429107582290,BJP Gujarat,BJP Gujarat,191
1406676006269693,Kedar Kansana,Arun Kumar Sharma,187
103822485906168,Badnawar Badlaw,Yashraj Vyas,178
323076075093317,Mahesh Parmar,Umesh Gehlot,176
1069260329941259,Shashi Yadav,Anmol Ratan,174
1569852659799372,Nishant Anand,Nishant Anand,165
108582761945542,Dharambir Sharma BJP ward 51,Anything Infotech,163
466642616726169,Parul University,Parul University,163
891813491151164,Murli Morwal Fan Club,Karan Morwal,163
243524299157863,Pushkar Singh Dhami,Pushkar Singh Dhami,159
833671193439526,Siddharth Tiwari - Raj,Shivam Singh,156
1834471916779453,Sopan kohale,Akash Singh,154
385658441549334,Deepak Bhati Chotiwala,Dipak Bhati,151
100457031678093,Ku. Abhishek Singh Tinku Banna,Yashraj Vyas,150
106261054498841,Advocate Rajat Bhargava,Rajat Bhargava,146
206756829376811,BJP Delhi,BJP Delhi,139
989090571278347,Suraj Kero,Raju Chourasia,137
105279822289517,Sajjan Singh Tiwari,Hemant Singh Baghel,137
107153958711155,South First,south Fist,133
113819783860759,Dinesh Khatik,Harish Sahrawat,132
115136550288881,Devender Kumar,Devendra Kumar,131
700079793418618,J S Patel Fan Club,Ankitkumar Dineshbhai Patel,129
928448863892029,RK Sinha,RK Sinha,128
109707661884154,Indian Compass,theindiancompass.com,127
166340574115636,Virat 24 News,Ramanand Pandey,125
108934881962235,Smt. Surekha Inderchand Daga,Surekha Daga,124
488445034624008,Saawan Sonkar,Shashikant Joshi,123
178705962537053,OurDemocracy India,OurDemocracy India,123
105918132279967,DM Online Service,Chandra Pratap Singh,122
104525769149972,Surender Chauhan,Satish Kumar,121
1747048441985062,Nasir Islam - Auth. Page,Nasir Islam,119
105338571259716,Dineshsinh Mahida,Dineshshih Ganpatshih Mahida,118
1885127628421612,Deepak Joshi Pintu,Nikhil Goud,118
640369399392914,Baijayant 'Jay' Panda,Baijayant Panda,116
101423475985650,A Babuchak - એ બબુચક,A Babuchak,116
112337648164178,Surya Samachar,Ajit Kumar,116
109354741887336,Udhay Anna - உதய் அண்ணா,Politicode,115
198090980676319,Manish Sinha,Ashutosh Kumar,114
1433075113609108,Rakhee Rathore,Mukesh Kumar Yadav,112
101169975741947,Brandscouncil Ratings,Council for Brand Business Promotions & Research,112
148415565260574,Schneider Electric,These ads ran without a disclaimer,110
260049638267608,Nisith Pramanik,Shivam  Sareen,108
667560657014524,Mahendra Singh Solanki,Nitesh Tiwari,104
255127379719425,Sarita Phogat,Kuldeep,104
405952736604783,Rajendrasinh Mohansinh  Rathava -Rajubhai Bjp,Digitix Media,≤100
323768478326741,Ved pal lohia,Adarsh Pandey,≤100
104479789002800,Manoj Manohar Utwal,Rameshwar Yogi,≤100
106119054198607,Vijay Kumar Councillor,Adarsh Pandey,≤100
263560423714979,Dr. Mahesh Sharma,Subham Singh,≤100
158714780827513,UNFPA,These ads ran without a disclaimer,≤100
1571167366231304,Ramakant Bhargava,Saket Bhargava,≤100
105641591260871,Shyam Singh,Shyam Singh,≤100
140930379388330,Kishan Reddy Gangapuram,TechnoDigi,≤100
196338294250820,Rohit Gangwal,Modi For PM Organisation,≤100
100900109027623,જય સરદાર - Jay Sardar,Jay Sardar,≤100
359865374046054,Bhagwan Sahay Saini,Election Fight,≤100
606877419792314,Amit Chaudhary,Karan Singh,≤100
109066315147120,News Temple,Jainendra Agrawal,≤100
1306174302734349,Col Umesh Verma IPoS-Rtd,Chandan Vishwakarma,≤100
109141098395573,Inclusive Minds,Inclusive Minds,≤100
107069552104307,Bandi Sanjay - Future of Telangana,Prafful Gyanchandani,≤100
102878332658199,Rajbala Lakra,Mohd Waquas,≤100
108025552116652,Saba Gazi,Rahat Ali,≤100
103694149070984,Kantilal Amrutiya,Nayan Durlabhjibhai Gadhiya,≤100
103432662353884,Chuntli Express - ચૂંટલી એક્સપ્રેસ,ChuntliExpress.com,≤100
30290552843,Greenpeace India,Greenpeace India Society,≤100
388569701617132,Vemula Prashanth Reddy,Avusharla Raju,≤100
110115671863420,Kacche Din,Kacche Din,≤100
802311956513987,Rahul Singh,Rahul Singh,≤100
528144820729879,Pramod Sehwag,Vikas Kumar,≤100
295405070641302,Balraj Kundu,Pankaj Sharma,≤100
1433894153522813,Pramod Bhaya,Sharad Sharma,≤100
105621058003723,Janhit Medical,Sarvesh Patidar,≤100
1504874859806315,Rajesh Patel,Ajeet Bhati,≤100
176102126058271,BharatBenz,These ads ran without a disclaimer,≤100
1427079930877756,Chintala Ramachandra Reddy,Anilkumar Sadula,≤100
339835596096353,Satish Poonia,Choudhary Ramesh Chaudhary,≤100
101730022772513,Dhananjaya Gangadharaiah,Dhananjaya Gangadharaiah,≤100
114717553693865,Liberal TV,Liberal TV Punjabi,≤100
108896145203983,AAP na Paap,AAP NA PAAP,≤100
1934399020113515,Neemaa Bhagat,Lakshay,≤100
104569618054081,Vikas Arya,Arya Vikas,≤100
847408585328193,Mukesh goel,ChunavNeeti,≤100
108335282107234,DharmJeet,Karan Singh,≤100
607252739670252,Dr. Prannay G Sharma,Kumar Ratnam Sharma,≤100
108642125403516,Anita Sanjay Pandey,Chandan Vishwakarma,≤100
102375669367135,MANU PATEL - BJP,Raj Tulsirambhai Pakhale,≤100
539413209551061,Raghuraj Singh Shakya,Yash Bagh,≤100
104485492096797,Hemant Pujari,TSM,≤100
129644757628201,Khushboo Gupta,riturajtomar.in,≤100
110431218358189,Take Back Bengaluru,Take Back  Bengaluru,≤100
107764708812894,gurubhaicasino2,These ads ran without a disclaimer,≤100
109916533853207,AMIT KUMAR SINGH,Akash Singh,≤100
104311631954217,Pharma Simplified,Dawa Charcha,≤100
110731224720027,अटल बिहारी वाजपेयी हिंदी विवि भोपाल म प्र उज्जैन अध्ययन केंद्र क्र 456,Shivam Kumar Choubey,≤100
1116353905141402,Dr. Shivani Matanhelia,Kanushree Matanhelia,≤100
101378635840924,Ajay Ravi Hans,Ajay Hans,≤100
959860307481002,Kasu Mahesh Reddy,Thulasiram Banduchode,≤100
105124865726721,Medapati Prakash Reddy,Medapati Prakash Reddy,≤100
417955518281067,Saurabh Singh,Sangyaa PR Consultants,≤100
150727778825020,Mobius Foundation,Mobius Foundation,≤100
449538358418368,GE,These ads ran without a disclaimer,≤100
111140327237049,Vishwajit Singh Chouhan,Sarvesh Patidar,≤100
102219508788916,Umed Singh phogat AAP,ChunavNeeti,≤100
1785302198354679,Dr. Somendra Tomar,Chirag Aggarwal,≤100
1538706756395389,Naresh sankla,PSST Digital Intiatives Pvt Ltd,≤100
408255699307921,Dr. Manoj Rajoria,Saurabh Saini,≤100
102225209087164,Ashok yadav,Riyaz Ahmad,≤100
102818307824921,Sunil Jindal - BJP Vikaspuri Vidhan Sabha,Gulshan Soni,≤100
108569778323608,MedilinksIndia,Medilinks India,≤100
1445699355734614,Dr. Rameshwar Dusad,Rameshwar Lal Dusad,≤100
1325597657464869,VAISHNAV INFRATECH,Sukhneet Singh,≤100
186199704897466,RD Foundation,RD Foundation,≤100
102927112109432,Priyal Bhardwaj,Subham Singh,≤100
101311586081402,"खेतसिंह मेड़तिया बोलागुड़ा , पाली",Khetsingh Takhatsingh Medtiya,≤100
130257431040130,Harshad Ribadiya,Parthiv Solanki,≤100
1360805680600676,Sandeep Kshirsagar,Yogesh Padmakarrao Pawar,≤100
1675237799375590,Chandra Mohan Patowary,Jitendra Newatia,≤100
323533675176475,Jitendra Vaidya,Aarti Seth,≤100
1436418516569943,Dr. Ashishrao R. Deshmukh,Swapnil Sudhakar Narad,≤100
183635768462259,Madan Kaushik,Sumit Pal Kanaujia,≤100
104616115291200,Ganga Pandey,Khandagre Sourabh,≤100
238629133729053,Manphool Choudhary,Chauhan Singh Jaideep,≤100
1027943173963724,Renuukaa Sinngh,TheVoloPV,≤100
107844612055062,SURBHI GHAI,Raushan Raj Shrivastava,≤100
489992467782059,People's Samachar,Sourabh Shrivastava,≤100
104800952455774,Shahin Parveen शाहिन परवीन,Shaad Ahmad Kabir,≤100
103498668364101,Sudesh Wati,Mahender Pratap,≤100
216879079078673,Sanjay Singh Yadav,Sanjay Singh Yadav,≤100
114003928190066,Gopal Patil,Margik Patel,≤100
1545884642352465,Mahendrasinhvaghela,Navnit,≤100
2089546314695980,Savita Pawan Sharma,Mahender Pratap,≤100
866084103402820,Krishan Gahlot,Prateek Gahlot,≤100
265992950099792,Panchjanya,Bharat Prakashan (Delhi) Limited,≤100
110046725117316,Safeer Choudhary,Ashish Sapolia,≤100
101140398468343,Gajendra Jadhav - गजेंद्र जाधव,Gajendra Rajendra Jadhav,≤100
988113031199582,Dr. Ramesh Chand Tomar,Ashutosh Mishra,≤100
347754176313316,Shagufta Chaudhary Zubair,Shaad Ahmad Kabir,≤100
374951950026418,Kanti Sodha MLA Anand,Ankit Sharma,≤100
462642084085070,GUNVANTRAY PARMAR,Gunvantray Parmar,≤100
106065442029919,Himani Ambawta Aap,ChunavNeeti,≤100
363421830405146,Kavita Devender Solanki,Bandna Thakur,≤100
369248413429725,YS Sharmila Reddy,Cloud & Loud Communications Pvt Ltd,≤100
2410046102615904,Shakti Singh Goyal,Sarvesh Patidar,≤100
1394348340777321,The Statesman,The Statesman,≤100
105952738723449,Bahan Munesh Dedha,Ankit Tiwari,≤100
106976385494588,Ps Quick Online Services,Jotiram Shivaji Jadhav,≤100
2176894079208790,LawStreet Journal,Law Street,≤100
248713832463524,चुनाव राष्ट्रभक्ति का,Rakesh Jain,≤100
616601668522378,Nirmal Dhayal,Pankaj Sharma,≤100
562044387170079,Gaurav Sharma,Gaurav Sharma,≤100
1684418781793319,Balkrishna Patel,Ankur Mehta,≤100
660476430787331,Gaurav Pandhi,Gaurav Pandhi,≤100
112061804808512,Sports Development Authority of Bihar - SDAB,Ajit Kumar,≤100
664645690284871,Bhavin Shah - Award Winning Motivational Speaker & Trainer,These ads ran without a disclaimer,≤100
246558505475210,Bala Ram Choudhary,Mukesh Choudhary,≤100
521008221441347,Agri Expo India,Yuva Udaan Events Pvt. Ltd,≤100
103719915895025,Shri hari finance,Vikas Kumar,≤100
935503089847466,Pant Path,Pant Path,≤100
110041803678379,Kabir Shankar Bose,Kabir Shankar Bose,≤100
102157409392910,Arjun Singh Marwah BJP,Anand Raj Singh,≤100
102608619253290,Dr Kundan Sudhakar Phegade,Akash Singh,≤100
111155775135826,Bhikhu Dave 108,Krutarth Maulin Dave,≤100
113101774385787,Avinash Kale,Pavan Laxmanrao Bhalerao,≤100
241940555912671,Chandigarh University,Chandigarh University,≤100
1781479445448595,Rajnish Kumar Singh,Vaibhav Suryawanshi,≤100
1559470284286071,M.K.Somashekar,Pranusha Mysore Somashekar,≤100
962944467067839,Sandeep Saini,Sandeep Kumar Saini,≤100
393768164105774,Parimal Nathwani,Parimal Nathwani,≤100
224618077692752,Sanjay Tandon,Saraansh Tandon,≤100
1414919838742386,Nandhikanti Sridhar,Rakesh Bimanagoni,≤100
110740294873531,Gagan Kasana,Chetan Joshi,≤100
103428619189012,Ps Qucik Service,Jotiram Shivaji Jadhav,≤100
111473091445002,Mamta Yadav BJP,Mamta Yadav,≤100
138813576196142,Asim Arun,Rohan Agarwal,≤100
675268652538693,Dr Dhan Singh Rawat,secureo,≤100
107533605102536,Panchanagouda Dyamanagoudar Official,Sangmesh Kallappa Modi,≤100
283366758968671,Kumbh Singh Patawat Luna,Engitech Media,≤100
102488514550471,Shyam Mishra Bjp,Election Fight,≤100
103123778911207,CSC Id Provider,Satyam Kumar Sahni,≤100
906669456079497,Patarkar Vatarkar,Naveen Bali,≤100
160131974738553,Navy Jain - Sagar,Vivek Kumar Singh,≤100
385303288239154,Raghuveer Singh Tanwar,Raghuveer Singh Tanwar,≤100
785060428216759,Jagmohan Mehlawat,Mahender Pratap,≤100
115581696797257,Suresh Raje,Suresh Kumar Raje,≤100
289523714454891,Essar,These ads ran without a disclaimer,≤100
108437191907485,Replanet,Prabhindar Singh Chopra,≤100
791996340811292,Dr Madhuri Borse,Vipul Jayantilal Bafna,≤100
111730805079076,Suresh Kumar Tripathi,Digital Dreams Systems,≤100
159095781468113,"Tripura Urban Livelihoods Mission- UD Dept, Govt. Of Tripura",Pratim Deb,≤100
105683184948269,Madanlal Verma,Madan Lal Verma,≤100
624725047669339,Shilpa Kaur Gurmukh Singh Bittoo,ChunavNeeti,≤100
104413831647263,Jeevan Kumar,Sandeep Kumar,≤100
695738973874352,Dr. Sumer Singh Solanki,Sumer Singh Solanki,≤100
105999155405710,Pandit Avadh Sharma,Pawan Kumar Sharma,≤100
101850588512201,Awaz -The Voice हिन्दी,These ads ran without a disclaimer,≤100
112210295510027,World Zionist Organization - ההסתדרות הציונית העולמית,These ads ran without a disclaimer,≤100
315088035610998,Tulsi Joshi BJP,Vivek Kumar,≤100
112867380444214,Rajvardhan Singh Dattigaon,Shailendra Sial,≤100
643001122724792,Shambhu Kumar,Punit Kumar Pandav,≤100
475898282465005,Dr K Laxman,Vijay Kumar Tapadia,≤100
294703864386320,Rashtriya Kisan Manch,Rashtriya Kisan Manch,≤100
100485426184353,Rashtriya Uttar Bhartiya Samaj Party - Delhi,Manoj Kumar Singh,≤100
1578558702356487,Shantanu chauhan,Shantanu Chauhan,≤100
107265272005040,Girdhari Lal Indoria,Surendra Sharma,≤100
106891142240522,vijay_the_cop,These ads ran without a disclaimer,≤100
484694901661075,2baconil,ZERO GRAVITY COMMUNICATIONS,≤100
102061622743982,Rekha Amarnath Jatav,Sandeep Kumar Rana,≤100
708994425878702,Sandeep Namdev BJP,Sandeep Namdev,≤100
1088373891289696,Kamal yadav Page,Akash Singh,≤100
1267404519972230,Amit Sahu,Ajendra Singh Rajpoot,≤100
509680612544315,Dr.Sanjeev Kumar,Dr.Sanjeev Kumar,≤100
414822692663213,Anurag Vishwanath Sharma,Yogesh Raikwar,≤100
753616211443025,Ramanbhai Patel - Starline,Ankit Sharma,≤100
1689373261361383,Saurabh Bahuguna,Vikas Singh Bisht,≤100
108432861353908,Karan Singh Yadav,Mukesh Kumar Yadav,≤100
2164040393828753,Galla Gossip,Adarsh Pandey,≤100
146702709146110,Ashu Singh Surpura,Ankit Kumawat,≤100
109345811730415,आपका तरुण गुप्ता आजसू,Sudhir Kumar Sharma,≤100
1874185392653723,Cabinet Minister Pramod Jain Bhaya,Rupali Sharma,≤100
1780378335513078,Sandeep Singh,Sandeep Kumar Singh,≤100
843177322403859,International Institute of CSR and Sustainability - IICSR Group,These ads ran without a disclaimer,≤100
490167811006821,Neena Vikram Verma,Yuvau Digital,≤100
109779231360891,Sanjay Mori,Siddharth Kantilal Chhodavadiya,≤100
1382300511994686,Bhupendra Singh,Entertainment Chacha,≤100
164017073736433,Jagmal Vala,Jagmalbhai Jadavbhai Vala,≤100
109829948550654,Digitalbado Brand Managment,Vaibhav Tiwari,≤100
102077162237505,Dalchand Dali,Acwits Solutions LLP,≤100
153896938152738,Dr Rutvij Patel,Rutvij Manuprasad Patel,≤100
2005689009648067,Dr. Dinesh Vashishtha BJP,Rahul Tiwari,≤100
113934138208978,Jayavik Patel,Pixatronix,≤100
101038361392185,Dharmender Kumar,Naveen Kumar Verma,≤100
104050985586417,Dharmendra Bhardwaj,Harish Sahrawat,≤100
842665649135167,FairGaze,FairGaze,≤100
218519749005654,Dr. Rakesh Singh Jadon,Rakesh Singh Jadon,≤100
162115051234970,Dharmendra Singh Lodhi mla,Dharmendra Singh Lodhi,≤100
101903275450620,Anil Gautam Advocate,These ads ran without a disclaimer,≤100
294529347608828,Rishikesh Upadhyay,Rishikesh Upadhyay,≤100
179765292047054,Manickam Tagore,Kathiresan K,≤100
1932819150326652,MLA Kanu Patel,Ankit Sharma,≤100
103074589299262,Suman Sharma,Amit Kumar,≤100
101840249362114,Ps Qucik Advisor Online Solution,Maniram Ramu Dhurwe,≤100
317384182331947,Manish Chaudhary मनीष चौधरी,Vivek Kumar,≤100
187816558508200,Jagdish Sharma,Jagdish Sharma,≤100
104162075818505,Om Prakash Agrawal - ओम प्रकाश अग्रवाल ' बाबूजी ',Puneet Kumar Singh,≤100
103324308499191,Naam Kharab Hai,Satish Kumar,≤100
104918521224442,Deepak Vohra,Shaad Ahmad Kabir,≤100
994578073995343,B. L. Verma,Sourabh Arvind Dubey,≤100
103384352468278,Bharat Aaj,Shubham Garg,≤100
102351648972541,Ravi Kumar Mishra,Ravi Kumar Mishra,≤100
103249569186257,We Support KP Maurya,Deepak Pal,≤100
105479261858477,अटल बिहारी वाजपेयी हिंदी विवि भोपाल म प्र धार अध्ययन केंद्र क्र 376,Shivam Kumar Choubey,≤100
110874408402352,agayushofficial,These ads ran without a disclaimer,≤100
1691244377838256,Nathabhai Patel,Mukeshbhai Sujabhai Chaudhary,≤100
115005408992492,Dharamvir Singh,Kuldeep,≤100
100502312031923,Surendra Pathare,Maithili B Godbole,≤100
101415568994408,Anita Hakam Singh,Acwits Solutions LLP,≤100
100156322804104,India Positive,Saurabh Tyagi,≤100
263901690694136,Akshay Sharma,Rahul Kumar Srivastava,≤100
865684863462852,Sharad Sharma,Sharad Sharma,≤100
127932930638411,Adoor Prakash,Jiji T Jacob,≤100
104256922515360,Vastavik Bharat Party,These ads ran without a disclaimer,≤100
103212161473862,RubyDharmender Rawat - AAP,Mandeep Singh,≤100
245345792846821,Sushil Sunny Agrawal,Prashant Singh,≤100
104333802379265,Pol Khol - પોલ ખોલ,Deepak Pal,≤100
102410136024947,CMJAY UTPAL,Utpal Infra project LLP,≤100
180117106127331,अभय सैनी एड्वोकेट,Bugal Singh Saini,≤100
104413831647263,Jeevan Kumar,Nishant Kumar,≤100
112959218061339,Team Imaginers - Rotary International District 3150,Anil Kumar Chakravarthy Isunooru,≤100
213839668641820,Dr. Anil Jain,Deepak Pal,≤100
238190696338655,Himmatsingh Patel MLA,Dhyan Sunilbhai Raval,≤100
108375301065807,Diginerve,These ads ran without a disclaimer,≤100
423928144293931,Mahender Pratap Singh,Pankaj Sharma,≤100
103422065795457,Virendrasinh Vaghela - Ajitsinh Vasan,Navnit,≤100
113871470976100,Aruna Avinash Kale,Pavan Laxmanrao Bhalerao,≤100
103006332640336,Ariba Khan,Syed Mohd Haris Mobeen,≤100
1427017750928273,WhiteMirchi.Com,Shakun Shivram Raghuvanshi,≤100
361718734223966,Yogesh Kumar Tamrakar,Anurag Sharma,≤100
103949538651072,Anil Chaudhary Jsf,Ankit Tiwari,≤100
1570443916567165,Jitendra Kumar Sonkar,Jitendra Kumar Sonkar,≤100
1924627484438235,Arlak Ayurveda,Swati Dhiman,≤100
106233358808991,बीरेंद्र सिंह MLA - Wazirganj,Sukhneet Singh,≤100
2562278837178609,Brijendra Pratap Singh,Brijendra Pratap Singh,≤100
621054018262029,"डॉ. अवधेश कुमार वर्मा, सामाजिक कार्यकर्ता एवं शिक्षाविद, सचिव-भवदीय ग्रुप",Shri Krishna Dubey,≤100
743418359142684,Bajrangi Prasad Yadav,Bajrangi Prasad Yadav,≤100
1446366615417004,Shyam Sharma Bijaipur,Engitech Media,≤100
108134157370493,Tarun Raj Page,Pravesh Kumar Rajput,≤100
432385290200109,Shambhu Singh Khetasar,Engitech Media,≤100
100282061994360,Prem Od Ramdevra,Prema Ram,≤100
395910177835208,Vijay Kumar Singh Congress,Rahul Shrivastwa,≤100
100229115905349,हरि बल्लीवाल फैन्स क्लब,TSM,≤100
106256564506749,Tarun Devi Das,Tarun,≤100
140072696102301,Pankajkumar Desai,Pankajkumar Vinubhai Desai,≤100
102160134578645,Kapil Dev Garg,Kapil Dev,≤100
551959658561415,PK Fan Club,Team PK,≤100
1934691169911634,Tukesh Ratre,Arpit Jain,≤100
231512217793516,Ashok Goel Mangaliwala,Ashok Kumar Goel,≤100
685707864866321,Lion Dr D.மோசஸ் ஜோஷ்வா,Mosses,≤100
107148595058269,Adv Harita Mehta,Sandeep Kumar Rana,≤100
1822196704770409,Priya Chandela,Luxmi Devi,≤100
100276188144654,News 43,Akhilesh Kumar Sharma,≤100
711397795590368,"Rahul Chimanbhai Mehta , Right to Recall Party",Rahul Chimanbhai Mehta,≤100
1607404612875963,Shankar Gora,Engitech Media,≤100
1171462299729165,Sandeep Singh Deswal,Navdeep Sehrawat,≤100
431454157629297,Mukesh Ahlawat,Nitish Kashyap,≤100
103128038354073,NRI CELL BJP Haryana,Navdeep Sehrawat,≤100
935169003195387,Ritesh Ranjan Singh- Bittu Singh,Manish Kumar,≤100
101460484949823,Ajeet Singh,Ajeet Singh,≤100
104264108977681,Esperanza Global,Esperanza Global Eco Solutions,≤100
103618388224409,Dr. Omkar Herlekar,Magicwork Inc,≤100
268998889945816,Darshana Singh,Darshana Singh,≤100
1436053929837684,Mahendra Singh Shekhawat,Rakesh Kumar Sharma,≤100
106806095100566,Abhishek Jain inc,Abhishek Jain,≤100
1974146329541025,Vinit Malviya,These ads ran without a disclaimer,≤100
1296730893678209,Rooparam Saran Bmr,Rupa Ram Saran,≤100
234704393876570,Dr R K Verma,Rkverma,≤100
100452136229191,Shyam Sundar Verma - Chairman Khalilabad,Nityesh Srivastava,≤100
126824866260694,Susheel Mishra,Mahesh Kumar,≤100
105898378459115,Panney Singh Posana,Ganesh Kumar,≤100
565714670143123,Ashok Saini,Engitech Media,≤100
100764935994274,Mukesh Sharma,Mukesh Kumar Sharma,≤100
116029248570217,Yash Godha,Kuldeep Jat,≤100
105810534344510,Free Training Placement,BBR Services,≤100
111879810337797,Pankaj Prahlad Singh Rana,Vijender Singh,≤100
100917675475554,UIA 2023 World Congress Copenhagen,These ads ran without a disclaimer,≤100
138927162813391,Dailyhunt,Verse Innovation Pvt. Ltd.,≤100
111405061793222,कुसुम राजीव वर्मा,Ravi Kant Mathur,≤100
113123373786875,MLA Devender Nim,Anshul Sharma,≤100
104441248861952,Neelam Aggarwal,Pankaj Sharma,≤100
100417006046204,Nayan Kumar,Nayan Kumar,≤100
108742684077976,Kunwar Abhishek Singh,Vidhi Agrawal,≤100
442621916181334,Chattar Singh Rachhoya,Manjeet,≤100
1034642453257468,Team Pramod Bhaya,Sumit Khandelwal,≤100
365389330603692,TIP Sessions : Coastal Edit,TIP SESSIONS,≤100
489815867840647,Tilottma Chowdhary,Dilshad Khan,≤100
103455038940976,Kamal Yadav,Election Fight,≤100
273332066175444,Abhinandan Educational and Welfare Society,Ashish  Chauhan,≤100
111112756913338,Subodh Gupta Historian,These ads ran without a disclaimer,≤100
104780028198312,Jitendra Bansala,Rohit Kumar Jha,≤100
113521106733862,Ramesh Ambawta AAP,ChunavNeeti,≤100
112333551648886,Kalpana Bhatnagar,Ganesh Kumar,≤100
101940905390018,Abul Fazal Enclave Ward no 188,Charan Singh,≤100
111784457307834,Sanir Sahu,n r graphic,≤100
387419652084648,"Bhaskar Mishra, Singrauli mp",Akash Singh,≤100
224753514204375,Janaagraha Centre for Citizenship and Democracy,Janaagraha Centre for Citizenship and Democracy,≤100
108132065348327,NaMo Story,Deepak Pal,≤100
646663075769662,Vinod Chandrakar Supporters,Arpit Jain,≤100
110419821879501,National Technical Textile Mission,These ads ran without a disclaimer,≤100
1397767487148044,Jaidatta Kshirsagar,Jaydatta Sonajirao Kshirsagar,≤100
168228334032318,Sat Sharma CA,Naveen Sharma,≤100
104349501516784,Babulal Kumawat,Shiv Charan,≤100
112363415023333,Priyanka Saxena,Rahat Ali,≤100
502940219791637,Vaidya Academy,Vaidya Academy,≤100
108276178401559,Netta D'Souza,Policy Briefcase,≤100
105682567774739,Tajinder Singh Sran,Tajinder Singh,≤100
109133858644134,Jayesh Murkute,Anup Bhalchandra Deodhar,≤100
245528646359816,Vipul Sharma,Pramender Kumar,≤100
100475508592062,Sitaram Poswal,Dinesh Singh,≤100
110231911499260,Prashant Shukla,Prashant Shukla,≤100
104445745820995,Devendra Yadav - Supporters,Arpit Jain,≤100
1698107907185631,Hetero Healthcare Limited,These ads ran without a disclaimer,≤100
197799933601096,Pujya Shashi Prabha Ji,Madan Mohan Tiwari,≤100
100313208217752,अखिलेश सिंह लोजपा बक्सर,Akhilesh Kumar Singh,≤100
761826677309909,Bhupinder Lather,Book My Promo,≤100
324590688063708,Dadu Nagdeve,n r graphics,≤100
103475174496565,Rao Satvir Singh,Mamta Tyagi,≤100
1574483566114189,Dr. Mamta Pandey,Akash Singh,≤100
104797988966910,Santosh Raghunath Nalawade,Santosh Raghunath Nalawade,≤100
1929823443694918,Pardeep Lohan,Pardeep Kumar,≤100
305470186750646,Shakuntala Sahu,Arpit Jain,≤100
103278762601531,Dr Shiv Kumar Dahariya - Supporter,Arpit Jain,≤100
111974655026737,Sushil Singh Yadav,Shushil Singh Yadav,≤100
325602694251353,Rajeev Rai,Rajeev Kumar Rai,≤100
212994587376752,Shiv Pratap Rajput,Badri Narayan Jangid,≤100
107510764917560,Yogesh Alipur BJP,Kuldeep,≤100
142752549111246,Construction World Magazine,Asapp Info Global Services Pvt. Ltd,≤100
109258424539134,Adv Ratan Tyagi - AAP,Ratan Tyagi,≤100
2221499791511001,Amit Chachan,Bharat Bhusan Chachan,≤100
1422722534642965,B Suresh Gowda,Bettaiah Suresh Gowda,≤100
100534132896380,Sumita Malik,Sumita Malik,≤100
192213110798937,GL Bajaj Institute of Management & Research. PGDM Institute,These ads ran without a disclaimer,≤100
1437285613167585,Dr Sujay Vikhe Patil,Sanket Sandeep Dhorje,≤100
109790300699649,subhash_boricha,These ads ran without a disclaimer,≤100
178109602592348,Anil Kumar Sharma,Webtix,≤100
2039577862777056,First Verdict Media,First Verdict Media,≤100
167229880115630,Nadeem Javed,Satish Kumar,≤100
427724428076206,EvmHatao2,Rahul Chimanbhai Mehta VoteVapsi,≤100
111409665094033,Public Opinion Live,Ranjeet Kumar,≤100
271711770069401,सुरेश धाकड़ राठखेड़ा,Gajendra Verma,≤100
110890320713954,Syed Raza,TheVoloPV,≤100
1614689125343644,SILAII,SILAII,≤100
110401617341907,Balvant Gadhavi,Digital branding Agency,≤100
898081150271237,Shashi Prabha Solanki,Vijay Kumar,≤100
699674620433708,Bherulal choudhary,These ads ran without a disclaimer,≤100
714482812004246,Sumit Hridayesh,Vikas Singh Bisht,≤100
108497578583588,Janpeace Live,Trishanu Kaushik,≤100
101160849457686,Vibhor Rana,Bhupendra Sharma,≤100
1822357177777568,Bhaiyya Gandhe,Malhar Mahendra Gandhe,≤100
110089478333366,Ch. Bhagveer AAP,Pankaj Sharma,≤100
259991992544394,Arjun Jaiswal,Chandan Vishwakarma,≤100
321228061382932,Pt. Shekhar Dixit,Websofy Software Private Limited,≤100
108939271272352,"Hindu Ankit Bhatnagar  प्रदेश अध्यक्ष,अखिल भारत हिंदू महासभा",Ankit Bhatnagar,≤100
107946518029943,Sheelu Sahu,Naveen Singhal,≤100
108850188718272,Vinayaka KM,Vinayaka K M,≤100
1502196213352379,Anil Kumar chauhan,These ads ran without a disclaimer,≤100
774085386059198,Voice Of Healthcare,Sandesh Kumar Chahar,≤100
103327465892185,Globle Finance,Dharamraj Singh,≤100
111311421805149,पार्षद पद प्रत्याशी निशा चंद्रा पत्नी विनोद कुमार चंद्रा वार्ड नंबर 1.,Anand Nishad,≤100
832173120268465,Rajpal Singh,Kushagra Pandey,≤100
110120115042838,Ramesh Choudhary,GRIP AMATYA PVT. LTD.,≤100
224787738121110,Manan Dani,Mananbhai Jatinkumar Dani,≤100
105783738969553,देवेंद्र धर दुबे भाजपा,Nikhil Dhar Dubey,≤100
107976162144731,Ltd loan finance,These ads ran without a disclaimer,≤100
103298462618255,ડૉ. કાર્તિક પાંડેય - પ્રજા વિજય પક્ષ પાર્ટી,These ads ran without a disclaimer,≤100
1610180912621752,Dushyant Chaudhary,Jainendra Agrawal,≤100
1901998206505522,Jansewak Bharat Bhushan Madaan,Rahul Yadav,≤100
518698335171946,Pratap Singh Mehrawar Mission Vidhansabha Deeg - Kumher,Jainendra Agrawal,≤100
101610392620043,ITS Speciality Dental Clinic,ITS Speciality Dental Clinic,≤100
624694914211753,Hinduja Global Solutions,These ads ran without a disclaimer,≤100
100179215257432,Hardwar Dubey,Pranshu Dubey,≤100
693717310726178,Bharat Gundagoni,Bharat Kumar Gundagoni,≤100
169674900373227,The Mohua Show,These ads ran without a disclaimer,≤100
421458761569191,K V Naveen Kiran,C Vishwanath Manjunath,≤100
103179388878130,Dayaram Kookna,Dayaram Kookna,≤100
274625602685907,Nayab Saini,Praveen,≤100
102123079337554,International Society for Krishna Consciousness,ISKCON Delhi,≤100
104634791483747,Sukhbir Shokeen,Poliarc Media,≤100
100307808451377,Ankur Raj Tiwari,Gautam Singh,≤100
100163446023101,Ritendra Chaudhary BJP,Pawan Sachan,≤100
1742108602693359,Niket Kumar Sinha,Digitroops Services Private Limited,≤100
912978008770734,MLC Virendra Narayan Yadav,Manoj Kumar,≤100
922428907951102,"MS Prabhakar Rao ,MLC",These ads ran without a disclaimer,≤100
101091045259649,I.Saravanan,Boopathi Raja,≤100
153079358175835,"Indian Public School,Gulabbagh,Purnea",Amit  Dadhich,≤100
326102339565,Oxfam India,Oxfam India,≤100
182600871930746,Sujata Paul - India First,Sujata Paul,≤100
100284852406288,Janata Dal United - Muzaffarpur,Janata Dal (United),≤100
816288898474925,Naresh Pareek,Pawan Kumar Sharma,≤100
109654533765932,Ayodhya Nagar Nigam,Sandeep Kumar Sharma,≤100
1346291785426106,Rita Choudhary,Ganesh Thapa,≤100
449378495112356,Swades Foundation,These ads ran without a disclaimer,≤100
115220224403369,Yogesh Shukla,Shreshth Tiwari,≤100
183176388540530,Manish Yadav,Manish Yadav,≤100
102488514550471,Shyam Mishra Bjp,Surbhi Kumari,≤100
1692446997478851,Divy Trivedi,Vikas Acharya,≤100
2156789771066526,Archi's Galaxy,Archis Galaxy,≤100
107192855352262,Satbir Singh Kasana,Jagmohan,≤100
110967695146133,Govind Kumar Jain,Ganesh Kumar,≤100
964271870337650,Surendra Singh Nagar,Badri Narayan Jangid,≤100
564555960375146,Bhavya Multimedia Services,Mahesh Raut,≤100
217563402339878,Safe Zindagi,These ads ran without a disclaimer,≤100
103088902327676,Dwarka Kunj,Rahul Tiwari,≤100
113356014587642,Anupam Sharma,Prashant Sharma,≤100
100246572087472,Bhupendra Singh Shaktawat,Bhupendra Singh Shaktawat,≤100
109666834688109,Saleem Sarang,Saleem Rafik Sarang,≤100
871031006253278,Rambir Tanwar,Akshay Kumar Singh,≤100
105596701293129,Ayodhya Development Authority,Sandeep Kumar Sharma,≤100
1331545046906640,Gottumukkala Venkateshwara Rao,Venkateswar Rao Gottumukkala,≤100
100805142432697,Indian Political Research,Anuj Kumar,≤100
103833782263290,Arvind Singh Bhati,Engitech Media,≤100
105920094384672,Naveen E Gulagannavar,Veereshkumar Rajashekhar Gudarad,≤100
126275820728403,Balu Shukla,Khushbu S Shah,≤100
1819164655012159,BJP Deepali Kapoor,Ankit Tiwari,≤100
110256607025712,Munsi Nazbul Karim,Kazi Amir Soyel,≤100
104843719062006,Sanjay Ravidas,Sanjay Ravidas,≤100
313259842689696,IAS Vishal Singh,Sandeep Kumar Sharma,≤100
444825485952597,John.,Vikram Singh John,≤100
1745109715768038,Pravesh ratn,Kartikesh Sharma,≤100
138636842959151,Gyasuddin Shaikh,Navnit,≤100
111276250676310,Pradeep Rai,Vivek Kumar Singh,≤100
110044260470271,Vinay Jangid Sharma Vidhansabha Suwasra,Narendra Singh Pachar,≤100
724948084950742,Ramaa Vineet Tokas,Adarsh Pandey,≤100
232186905414090,Atul Bhagat,Atul Bhagat,≤100
307988255894298,Abhimanyu Singh Rajvi,Puneet Kumar Bulwani,≤100
104405855817124,Arun Padole-अरुण पडोळे,Nitin Dnyandeo Rahate,≤100
113369900454663,Jagan choudhary,Jagan Choudhary,≤100
105512231492166,Narender Kumar Singh,Vivek Kumar,≤100
100614352313120,Ajeet Singh Sengar,Ashish Sharma,≤100
100973575090545,Bajrang Shukla -बजरंग शुक्ला,Bandna Thakur,≤100
208588329501133,Mukesh Sharma,Praveen Kumar Garg,≤100
264905000377104,Sunil Shelke,Raju Baban Doundkar,≤100
110605777170914,Ram Devi Bawri,Ram Devi,≤100
110959113087090,Telangana Jana Samithi Party,Md Rahul Jahangeer,≤100
102616298277409,Afaque ahmad,Afaque Ahmad,≤100
1932900346831325,Rajesh D Sanghvi,Rajesh Dineshchandra Sanghvi,≤100
619380398128358,Pradipsinh Vaghela,Pradipsinh Narendrasinh Vaghela,≤100
102010991748513,Ashish Patel,Ashish Natwarlal Patel,≤100
102220672717953,Er. Aditya Chaudhary,Acwits Solutions LLP,≤100
104077558071957,Manoj Sorathiya,Manoj Sorathiya,≤100
215348045283558,Adv.Ganesh Satpute,Ganesh Bhimrao Satpute,≤100
526222491203445,The Chaupal,Adv Tech,≤100
269761569864265,Rao Padma,Kushal Reddy Rao,≤100
290191104452412,Yogesh Sagar,Priyank Nitin Pamkar,≤100
111016951378962,Abhinav Thapar,Abhinav Thapar,≤100
1805949176373381,अलोक कुमार,Mayank Kumar,≤100
1839204416403215,Arjun Trehan,Arjun Trehan,≤100
269442696723658,"Kuldeep kumar ""Deep kamboj malukpura""",Kuldeep Kumar,≤100
1743147019302453,Parminder singh sandhu,Parminder Singh,≤100
825870624112435,Ramesh Chandra Ratn,Arun Sharma,≤100
367693910079524,Mohit Jaswant Yadav Page,Mohit Yadav,≤100
101068759508571,Ganesh Kumar Agarwal,Ganesh Kumar Agarwal,≤100
110116401723193,Narendra Bhupendra - નરેન્દ્ર ભૂપેન્દ્ર,gujarat2022.com,≤100
111334093631633,Ramniwas Gahlot Bjp,Aditya Nath Jha,≤100
1055801694535372,Adv. Kameshwar Gumber - Aman,Kameshwar Gumber,≤100
1416312818600708,Adv Manoj Nyangli,Amit Kumar Sharma,≤100
1513964588900738,Swaabhi,Swaroopa Devdatta Utgi,≤100
302211316810005,Sabke Armaan- सबके अरमान,Arman Khan,≤100
103805294563543,Pragati Pictures Production,Rakhi Ramanand Singh,≤100
411881455838266,Harshwardhan Deepak Mankar,Sayali Dhananjay Nalawade,≤100
100589504691400,Purusharth Singh,Purusharth Singh,≤100
678876002499539,Mohd Shamim Khan,Shamim Khan,≤100
396244111077748,Pramod Vishwakarma - BJP,Divyansh Vishwakarma,≤100
541191682746522,Samarveer Kaushik,Samarvir Kaushik,≤100
251467211588756,Kanaram Jat,Kana Ram Jat,≤100
446114139224512,Dr.Rahul Tyagi,Vipin Kumar,≤100
105338588312144,Ashapower India,These ads ran without a disclaimer,≤100
111973607331976,Reading Room India,These ads ran without a disclaimer,≤100
107508668733524,Mr. Rentwala,Utkarsh Srivastava,≤100
103792101269125,DuniyaDari News,Lokender Rana,≤100
470929816335236,Veer Sen Yadav,Veer Sen Singh,≤100
261208307785338,Shatrughan Gautam,Shatrughan Gautam,≤100
108088074367367,Sunayna Prakash - Soul 2 Soul with Sunayna,Amit Prakash,≤100
1601094433447847,Ganesh Deshmukh,Ganesh Bapusaheb Deshmukh,≤100
1453788318187947,Maninder Pal Singh,Maninder Pal Singh,≤100
292954404384524,Gajendra Singh Patel,Gajendra Singh Patel,≤100
105861588928100,imrajantrivedi,These ads ran without a disclaimer,≤100
1780820742138870,Mindray India,These ads ran without a disclaimer,≤100
139020712818344,Ajay Chandrakar,Ajay Chandrakar,≤100
108525405331801,Dr. A R Belagali,Nitesh Mahesh Pogul,≤100
103170832633540,Rupesh Rajput,These ads ran without a disclaimer,≤100
719033928865586,Daily Poster,Anuj Kumar,≤100
100375442865456,Mr. Loanwala,These ads ran without a disclaimer,≤100
129952997339452,Rajendra Maske,Rajendra Tukaram Maske,≤100
362309980970515,Afsaana-Poets Column,Anmolika Watal,≤100
102845218886327,arjunsingh20343,These ads ran without a disclaimer,≤100
113445186963818,Beena Balguher,Satish Kumar,≤100
102964555630139,Meghalaya with Conrad,Meghalaya with Conrad,≤100
801745766517149,Bhajanlal Sharma,These ads ran without a disclaimer,≤100
101731302783757,Bharat Just Abhi,These ads ran without a disclaimer,≤100
924791427628665,Sunil Kelanka,Shivendra Shailendra Tiwari,≤100
106462702201006,Dhanvanti Bachan Singh AAP,Dhanvanti Bachan Singh,≤100
108052545143472,Raj Bala Prem Tokas,Kuldeep,≤100
1687357367955761,Jalaj Kumar Chaudhary AAP,Naveen Kumar Verma,≤100
297229797104524,Nishank Tripathi BJP,Nishank Tripathi,≤100
101556365243260,Kachhadiya Jitendrabhai,Kachhadiya Jitendrabhai,≤100
110679913629785,Rajesh Yadav,Akash Singh,≤100
1109826479083738,Rajeev Sharma BJP,Puneet Kumar Singh,≤100
2166659946755192,PR Services & Technology,Pravin Vasantrao Rulhe,≤100
525608184132449,Harivansh Singh BJP,Suyash Singh,≤100
342786780244656,Mission Modi 2024,Vivek Patidar,≤100
1688294024743308,Vandana Shah,These ads ran without a disclaimer,≤100
715515095146698,Gandra Venkataramana Reddy,Goutham Reddy Gandra,≤100
104525071773121,Climato Reformers,Shaurya Shreeansh Bakshi,≤100
201156146959026,Mohinder Bhagat,Atul Bhagat,≤100
257916314892663,Dr Kaustubh Narayan Misra,Kaustubh Narayan Misra,≤100
102161921182493,Ram Niwas Garg,Ram Niwas Garg,≤100
881458738613193,Ajay Kothiyal,Suresh Chandra Kapri,≤100
261810094357404,Shivaram Hebbar,Gundala Rahul,≤100
348188559343087,ANIL Bhatia,These ads ran without a disclaimer,≤100
132806813793938,Paramjit Singh Sarna,Harjap Singh Dhingra,≤100
101582119266618,Shailesh Kumar Pandey,These ads ran without a disclaimer,≤100
107905548765933,Dr. Vikrant Singh Clinic App,These ads ran without a disclaimer,≤100
969762379757920,Digital Politics,Anuj Kumar,≤100
102139932590562,Srivari Devasthanam Samamsthanam,These ads ran without a disclaimer,≤100
102634802423981,Surpal Singh Ajnar,Sarvesh Patidar,≤100
745732168802118,Rakesh Prasad,Rakesh Prasad,≤100
214875725850773,Wehindustan News,FASCINATE WEB SOLUTION PRIVATE LIMITED,≤100
704847062939121,Ranbir Nandan,Ranbir Nandan,≤100
103714028518672,Umang Bajaj,Ankit Tiwari,≤100
2222875324603544,Ram Kumar,Prakash Jaiswal,≤100
105530752376295,"Shiromani Akali Dal, Delhi Unit",Harjap Singh Dhingra,≤100
107545897823033,For Men India,Antara Das,≤100
209289839112288,World Health Partners,These ads ran without a disclaimer,≤100
105211528341692,उत्तर प्रदेश की राजनीति,Hemant,≤100
105334595275921,Maanik Mahna,These ads ran without a disclaimer,≤100
1559524440800397,Krutarth Dave,Krutarth Maulin Dave,≤100
761174950735198,Rajendra Singh Dholia,Prakash Jaiswal,≤100
638232669576304,Sanjay Koradia,Techigem Media Agency,≤100
126455024584757,Randeep Deol,Randeep Singh,≤100
702157376600034,Prints Publications,OmLogic Consulting Pvt. Ltd.,≤100
1665291570439564,Neetu Chaudhary,Adarsh Pandey,≤100
797288287125932,Bhuman Bhatt,Krutarth Maulin Dave,≤100
801745766517149,Bhajanlal Sharma,Ashish Sapolia,≤100
574635899358117,WorkForce Infotech Pvt Ltd,Viswa Deepak Tripathi,≤100
101613628900010,Smartway Wellness Pvt. Ltd.,Bhoomi Harendra Mistry,≤100
114333393628446,Nidhi Satyavrat Chaturvedi,Nidhi Chaturvedi,≤100
111868911739828,Ghulam Nabi Azad Fans,Advertiseyouonline,≤100
361691194687436,Umesh Sharma,Book My Promo,≤100
551959658561415,PK Fan Club,These ads ran without a disclaimer,≤100
162846583818544,Jitendra Meena,Harsh Meena,≤100
1149375478489344,Harvinder Singh Sarna,Harjap Singh Dhingra,≤100
719456094734999,Ramesh Agrahari,Utkarsh Srivastava,≤100
1100583156625229,Dheeraj Gurjar,Satish Kumar,≤100
213947398791863,Dhananjai Singh Khimsar,Dhananjai Singh,≤100
219839024870824,Dr. Ramesh Chennamaneni,Dr. Ramesh Chennamaneni,≤100
532212371044688,Navkar Prime Developers,These ads ran without a disclaimer,≤100
101310291557528,Voice of New India,Hemant,≤100
103704155350118,Gates Foundation India,These ads ran without a disclaimer,≤100
2107159476234735,Hamro Sikkim,Hamro Sikkim Party,≤100
104311939102335,अटल बिहारी वाजपेयी हिंदी विश्वविद्यालय अध्ययन केंद्र 'ग्वालियर' क्रमांक-577,Shivam Kumar Choubey,≤100
367203836657399,Rajendra Singh Surpura,Ganesh Thapa,≤100
2300402240284352,Sadhvi Prachi,Amar Khandelwal,≤100
101513646123162,Luckyson_Nongthombam,Nongthombam Luckyson Singh,≤100
107946518029943,Sheelu Sahu,Hitesh Kumar,≤100
104860424918954,दिल है हिन्दुस्तानी,Abhijit Kumar,≤100
2082424261866450,Vii Media,Bhalinder Singh,≤100
2267770133539892,Jitendra Kumar Mohanty,These ads ran without a disclaimer,≤100
101844802427541,Kuldeep Rajput,Kuldip Rajput,≤100
109118451420406,Pukhraj Choudhary,Pukhraj Choudhary,≤100
345351849716061,Nimesh Pathak,Bhupendra Sharma,≤100
112132937023603,Nandlal Chauhan,Nandlal Chauhan,≤100
2308874506058535,Kantanu Kundu,Kantanu Kundu,≤100
1190373854366805,Maharashtra Today,Maharashtra Today,≤100
228053777220961,Daily Ajit,Daily Ajit,≤100
112538875003943,Dr Pramod Uniyal,Balram Singh,≤100
108500111075991,Mizoram Pradesh Congress Committee,Lallianchhunga,≤100
531472047253533,Dr P K Sareen,Akram Ali,≤100
332556386921772,Boopathi Mariyappan,Boopathi M,≤100
108711685305283,Manish Mishra “Ravi Ranjan”,Digital Kumbh Pvt. LTD.,≤100
298094417762087,Mukesh Patel Gandhinagar,Mihir Kalita,≤100
109882618603238,Jaswant Legha,Mathar Khan,≤100
108545095423498,Anubhav Dhir BJP,Nagesh Kumar,≤100
108159201571035,अरविन्द जायसवाल,Avadesh  Kumar,≤100
1290567077990189,Dr Rajesh Ganesh Parthsarthi,Rohit Kumar,≤100
100766795424041,मोदी योगी समर्थक,Nikhil Aggarwal,≤100
1955301821451552,Abhishek Dutta,Abhishek Dutta,≤100
110021430607714,Phir Ek Baar Yogi Sarkar,Hemant,≤100
1695937753998263,Dr. Ranjeet Singh Jakhar,These ads ran without a disclaimer,≤100
103244395945301,Naveen Garg,Tarundeb,≤100
974205249275606,Beat of Life Entertainment,These ads ran without a disclaimer,≤100
105813284380310,Dee4unews,Deepak Kumar Bhandari,≤100
769092390172812,GirlsBuzz,These ads ran without a disclaimer,≤100
278423842321236,BJP Rajasthan,BJP Rajasthan,≤100
106657231959376,हिन्दुस्तान की राजनीति,Hemant,≤100
109389741738340,Ganpat Singh Rathore,Rahul Rathi,≤100
547594728712343,Suresh Vishwas,Suresh Vishwas,≤100
108239700872557,R L shivapraksh fans club,Sumit Kumar,≤100
2269124803162623,News National 24x7,Prabhat Kumar Shukla,≤100
101972659359439,Preesha Promoters and Realtors,Victor Singh,≤100
1521487944736293,Factly,Factly Media & Research,≤100
109546308136398,Sankar Dutta - শংকর দত্ত,Bholanath Dey,≤100
794348367359918,Bharath mudiraj,C Bharath Kumar,≤100
112907224183292,Socio Legal Corp,These ads ran without a disclaimer,≤100
112076118079574,भारत की राजनीति,Hemant,≤100
102271685994623,અમારા ઈન્દ્રનીલ ભાઈ - Amara Indranil Bhai,Politicode,≤100
391871947689517,Dipak Gangani AAP,Dipakbhai Ramnikbhai Gangani,≤100
108528118544338,Amader Pabiacherra,drugsfree,≤100
2054594301284380,Choudhary Jasveer Singh,These ads ran without a disclaimer,≤100
101538858448134,The Summer News,Gagandeep Singh,≤100
129310125525826,Weजन News Updates,Prateek Gautam,≤100
446440348783073,Sarita Bhadauriya MLA,Ashish Kumar Singh,≤100
108254907281565,Anil Meena Karwala,Mathar Khan,≤100
105752811018187,A H O News,Md Gauhar Alam,≤100
328153847848599,Dr. Sarvan Baghel,Akashdeep Tiwari,≤100
874964115867447,Amod Kr Bidhuri,Amod Kumar Bidhuri,≤100
1978240835728263,Virendra Sharma Hawamahal,Pawan Kumar Sharma,≤100
101001688648152,RBR,Bharath Kumar Ravula,≤100
105815225595031,मोदी साथे राजस्थान,modisaatherajasthan.com,≤100
1678177965761136,ANKUR POPLY BJP,Ankur,≤100
105331745445757,Omprakash Khichar Advocate,Rohit Githala,≤100
1947865801968156,Jasmeet Singh Pitampura,Harjap Singh Dhingra,≤100
1176292075857668,Brajesh Kumar Jalan,Brajesh Kumar Jalan,≤100
973189589455249,Thakur Jaivir Singh,Thakur Jaivir Singh,≤100
283102698462820,Congress Hatao Desh Bachao.,These ads ran without a disclaimer,≤100
169982380266717,Rajesh zala,Dhruv Panchal,≤100
101516772793240,Preeti Gupta,Vivek Kumar,≤100
304565416733278,Ashish Sinha,These ads ran without a disclaimer,≤100
107437671854089,Fareed Mahfooz Kidwai,Qazi Faraz Ahmad,≤100
863961040416615,Punit Verma पूर्व उपाध्यक्ष विश्व हिन्दू परिषद् काशी प्रान्त,Punit Varma,≤100
243524299157863,Pushkar Singh Dhami,These ads ran without a disclaimer,≤100
892816974073155,Nagpur Metro Rail,These ads ran without a disclaimer,≤100
104211439033799,Jagane Kavali,Jagane Kavali,≤100
104638524883328,Ashwin Patel BJP,Right Business Avenues LLP,≤100
101441326107487,हिंदू जागरण मंच,Thakur Sagarsinh Jiyalal Gadrel,≤100
1442341059344753,Acro Paints Ltd,These ads ran without a disclaimer,≤100
117422048977088,Bhart Sen Nagra,Anmol Dubey,≤100
108761297540419,Ishwar Yogi,Ishwar Yogi,≤100
455697974986681,Bangla Hunt,Bangla Hunt,≤100
219514401576120,SG Suryah,SG Suryah,≤100
113849551321116,Telangana Galam,Telangana_Galam,≤100
102883978891268,current_affairs_weekly,These ads ran without a disclaimer,≤100
246571835412965,Rupesh Sharma,Anshu Garg,≤100
2373793756186868,Sunil Hiranwar,These ads ran without a disclaimer,≤100
107101275351748,ಜಿ ನಿಜಗುಣರಾಜು ಬಿಜೆಪಿ ಮುಖಂಡರು - ಚಾಮರಾಜನಗರ ವಿಧಾನಸಭಾ ಕ್ಷೇತ್ರ,NGR Fans,≤100
103214551475043,Akhoury Onkar Nath,Kumar Ratnam Sharma,≤100
100964012405796,MLA Dr. Saptarshi Banerjee,Arpan Saha,≤100
1629895220373258,Dr. Manoj Kumar Shah,Kaustubh Bhatt,≤100
101602501464510,CR PraphulKrishnan,Abhinath V,≤100
110772737414872,SambadSamakal,Joymalya Deshmukh,≤100
110496791886025,Urmila Gupta- AAP,Amresh Kumar Bhaskar,≤100
270666596375251,Jhatkaa.org,Jhatkaa.org,≤100
110239450703931,Krishan Jakhar,Krishan Jakhar,≤100
275606562600951,M.P. Naranbhai kachhadiya,Piyush Mantri,≤100
100448598417985,KHONJ 24,Sanjoy Kumar Dutta,≤100
550287678727831,Bharath Reddy Ravula,Bharath Kumar Ravula,≤100
106233358808991,बीरेंद्र सिंह MLA - Wazirganj,Samir Raj,≤100
696662543693222,Manjunath Rajajinagar,Manjunatha,≤100
327120054405346,Jagananna ki Thoduga,Jagan Anna ki Thoduga,≤100
101482996059089,"अटल बिहारी वाजपेयी हिंदी विश्वविद्यालय, म प्र सागर अ क्र - 572",Shivam Kumar Choubey,≤100
100488982907880,Gandhinagar Dakshin Nu Gaurav - Alpesh Thakor,Deepak Pal,≤100
765119473671678,Gagandeep Singh Sunny Kainth,Gagandeep Singh,≤100
110570145044943,Sanjay Gupta,Enlarge Media Pvt Ltd,≤100
1429769180589411,Mithlesh Pathak AAP,Amresh Kumar Bhaskar,≤100
100936959524128,Shivani  Mendiratta,Ankush Chavla,≤100
105560431512954,Boopathi Raja K,Boopathi Raja,≤100
100347116184149,"Indra singh,Khinwara",Akshay Nagesh Bhosale,≤100
104474582461971,Ravi Shankar,Ravi Shankar,≤100
397905646999977,Govind Dubey,These ads ran without a disclaimer,≤100
102761212658653,Shiv Singh Bhot,Jainendra Agrawal,≤100
105058285717594,Team Vijayananda Reddy,Kuppireddy Venkataramana Reddy Kushal,≤100
445541289194245,Dhiren senapaty,Aditya Tiwary,≤100
101704818889664,News Aap Tak,Tarundeb,≤100
1502736986697992,Rakesh Joshi AAP,ChunavNeeti,≤100
112222247128021,G Express News,Rajviq,≤100
103255672604018,હર્ષદકુમાર એસ વાઘેલા આમ આદમી પાર્ટી -116 નડિયાદ વિધાનસભા ઉમેદવાર,Jigneshkumar Sureshbhai Vaghela,≤100
1642717489328594,Ankita Anil Vidhate,Anil Keshav Vidhate,≤100
1882282868540655,K.S. Chauhan,Simer Simer Deep Singh,≤100
110506684105252,Surjeet Singh Dipak,Akash Singh,≤100
115019107761236,HP Tiles Machinery Noida,Mohd Shakeel Khan,≤100
109897125140821,UnSeen India,DEVOUT GROWTH MEDIA PVT LTD,≤100
105989862344265,Ashish Tyagi AAP,Naresh Kumar Shoeran,≤100
104473875561391,Brown Paper,These ads ran without a disclaimer,≤100
102271382309202,Rithik Suman,Rithik Suman,≤100
949811111887764,Bjp for Chotaudepur District,Trivedi Pulkit Prahladbhai,≤100
203795313615859,PDTV News,Nagarjuna Reddy Kaipa,≤100
1529124300469667,Nelluri Eswar Ranjith,These ads ran without a disclaimer,≤100
147699975283367,Ranajagjitsinha Patil,Trimurti Techserv Pvt. Ltd.,≤100
100708119203564,Louis Perron,These ads ran without a disclaimer,≤100
1556481434584901,Paul Xavier,These ads ran without a disclaimer,≤100
106859752119249,Mega Minds Tech,These ads ran without a disclaimer,≤100
102058329113370,American Tourister Asia,These ads ran without a disclaimer,≤100
191483281412,U.S. Consulate General Mumbai,These ads ran without a disclaimer,≤100
130369030334301,KidsRights,These ads ran without a disclaimer,≤100
161789877175634,Science at Taylor & Francis,These ads ran without a disclaimer,≤100
45413563867,The Free and Equal Elections Foundation,These ads ran without a disclaimer,≤100
174669949315709,U.S. Embassy India,These ads ran without a disclaimer,≤100
297115847031767,Get Deen,These ads ran without a disclaimer,≤100
402052193189194,Siemens,These ads ran without a disclaimer,≤100
285530825204,Klitschko,These ads ran without a disclaimer,≤100