﻿Page ID,Page name,Disclaimer,Amount spent (USD)
112437831252270,محمد خالد الغويل,محمد خالد الغويل,≤100
102697318856209,حزب السلام والازدهار,السلام والازدهار,≤100
434882810264087,مروان عبدالله عميش,These ads ran without a disclaimer,≤100
1985636674868074,صحي و مفيد مع دكتورة منال عز الدين,These ads ran without a disclaimer,≤100
1302059039869141,Ala Fekra,These ads ran without a disclaimer,≤100
1039675682714205,스브스뉴스,These ads ran without a disclaimer,≤100