﻿Page ID,Page name,Disclaimer,Amount spent (USD)
1486821808275599,Тогмидын Доржханд,Munkhtur Ravjir,≤100
1715979395313134,ХҮН нам,Хөдөлмөрийн Үндэсний Нам - ХҮН,≤100
104297524912070,NEXT 30,NEXT 30,≤100
454746178067182,Purevdorj Bukhchuluun,Purevdorj Bukhchuluun,≤100
458732720870223,Жамъянхорлоогийн СҮХБААТАР,Sukhbaatar Jamiyankhorloo,≤100
2032935363584959,Цэвэгдоржийн Туваан,Цэвэгдоржийн Туваан,≤100
211750049399470,Цогтсайханы Батхуяг,Batkhuyag Tsogtsaikhan,≤100
109352650803239,"Улсын эрх ашиг, тусгаар тогтнолын нам FB page",Batjargal Gochoosuren,≤100