﻿Page ID,Page name,Disclaimer,Amount spent (MXN)
449095701815347,Salvador Zamora,Salvador Zamora,13785
133059550071850,Gobierno de Guadalajara,Gobierno de Guadalajara,12168
234934546961166,Escudo Urbano C5 Jalisco,Escudo Urbano C5 Jalisco,10828
259294300089,Gobierno de Zapopan,Gobierno de Zapopan,9865
555207734563075,Policía de Guadalajara,Gobierno de Guadalajara,6848
450197489139926,Jalisco Noticias,Sistema Jalisciense de Radio y Televisión,3342
118921468203786,Movimiento Ciudadano,Movimiento Ciudadano,3256
245495562137150,Mitofsky,Roy Campos,3041
192680674189566,El Respetable,Bruno Agustin López Arguelles,2074
952701658121166,Juan José Frangie,Juan José Frangie,2009
103451872329701,Salvemos Miles de Vidas México,Salvemos Miles de Vidas México,1536
56713285274,Greenpeace México,Greenpeace México,1105
104220248078081,Lupillo Fletes,Jose Guadalupe Fletes Araiza,1084
485010671619821,Gerardo Quirino Velázquez Chávez,Gerardo Quirino Velázquez Chavez,959
170008086498200,Jalisco TV,Sistema Jalisciense de Radio y Televisión,906
1545555582174942,TResearch,TResearch,804
294591180601746,Dr. Carlos Lomelí Bolaños,Dr. Carlos Lomelí Bolaños,785
170761873343298,Tecutli Gómez,Tecutli Gomez,729
1275235792603673,Susana De la Rosa,Susana De la Rosa,649
105533795460071,Norte Monrealista,Norte Monrealista,576
110558647535296,Cuquis Camarena,Cuquis Camarena,515
806858212689187,Pablo Lemus Navarro,Pablo Lemus Navarro,510
102358729205991,Movimiento Progresista Jalisco,Johny Efren Sauceda Rodríguez,451
109634395756375,Save the Children México,Save the Children México,433
2091732304477564,Senadores Ciudadanos,Grupo Parlamentario de Movimiento Ciudadano en el Senado de la República,433
1183421698366005,Citlalli Amaya,Citlalli Amaya,397
110552178493339,TcoNoticias,TCO Noticias,389
923633637651202,Morena Sí,Morena Sí,379
669306863144908,Alberto Esquer,Alberto Esquer,363
100557755099985,Convocatorias 2023,Convocatorias 2023,347
332575820600075,Checo Barrera,Sergio Barrera,345
48966795116,Amnistía Internacional México,Amnistía Internacional México,312
106865972279596,Por amor a México,Por Amor A Mexico,312
111094778258609,Chema Martínez,Chema Martínez,308
663705357351016,Profe  Michel,Profe Luis Michel,301
463358453871269,JuanMa Munguía,JuanMa Munguía,288
108233771986420,Luis Barboza Niño,LUIS BARBOZA NIÑO,267
105426922369721,Valentía Morena,Valentía Morena S.a de C.v,265
112507801521278,VEMO,VEMO,261
948706741944897,El Portal de Lagos,El Portal de Lagos,259
115452255131465,Alejandro Moreno Cárdenas,Alejandro Moreno Cárdenas,252
1604225183208432,Heraldo de México Aguascalientes,Aguascalientes,251
110788828491768,Morenxs en Morelos,Morenxs en Morelos,215
102539288557323,Museo de Ciencias Ambientales,Museo de ciencias ambientales,200
170072680225916,Tlajomulco Unido,Tlajomulco Unido,193
122404620204,Oxfam México,OXFAM MEXICO AC,191
102713462642162,Campeche con la 4T,campecheconla4t.com,183
54779960819,United Nations,United Nations with Facebook Ad Credits,175
105909711629537,El Popular,Josefina Garcia Saldaña,173
148709191834718,Alcaldes de México,Alcaldes de México,171
254852601222832,CEMEX México,CEMEX México,169
101369119427544,La Cuestión Mx,La Cuestión Mx,162
180533315991,Guanajuato Gobierno del Estado,Gobierno del Estado de Guanajuato,159
100711195224121,Mexicanos por la 4T Jalisco,Abraham Heriberto Moreno Hernandez,146
104102699242091,El Pulso de la Ribera,VoxPopuli México,140
133478060111915,CEMEX Impacto Social,CEMEX Negocio Responsable,136
1958708677787953,Marcos Rosalio,David Angel Rosalio Torres,132
106794678874700,4TI,4TImpacto,129
101444426097331,la_conexion_shop,These ads ran without a disclaimer,127
630661037367142,Futuro,Futuro,125
106763384981876,La Prensa Mx,Maria Elena Reyes Garcia,113
103821621408670,Programa en el Gobierno Mexicano Independiente,Cinthia Abigil Torres Medina,110
1874397736161441,Manuel Gálvez,Luis Ernesto García Ruiz,110
458859544909547,DICES,DICES,≤100
101139655205238,Jesús Durán,Jose De Jesus Duran Magallanes,≤100
104051184791091,Beneficios en el Gobierno en todo México,Edith Martinez Orta,≤100
114867690693176,Fabiola Cuan,Leticia Fabiola Cuan Ramirez,≤100
1478078895821433,Bruno El Respetable,Bruno Agustin López Arguelles,≤100
502768120122655,AutoSports Patria Accesorios de Lujo y Servicios Automotrices,Kattia Del Rosario Ramos,≤100
381985873573,Partido de la Revolución Democrática PRD,Partido de la Revolución Democrática,≤100
107652783975551,CS Medicina Estética,CS Medicina Estética,≤100
106006482764390,Gobierno del Estado de Sinaloa,Gobierno del Estado de Sinaloa,≤100
107707170705853,Juan Manuel Jiménez Gómez,Juan Manuel Jimenez Gomez,≤100
100242005506001,Medestetic México,Medestetic México,≤100
147751821930575,Salud Digital Fundación Carlos Slim,Fundación Carlos Slim,≤100
682427185183797,De Política y Algo Más.,De Política y Algo Más.,≤100
469750359716602,Centro de Formación en Marketing Político,Centro MKT Político,≤100
162869297752046,Mirtha Villalvazo,Mirtha Villalvazo,≤100
100904265340191,Laura Bustos,Anwar Sahagún Bustos,≤100
107738917712607,ALA,Alexa Trujillo,≤100
368555896997049,Enrique Estrada,Enrique Estrada,≤100
105728245738079,Sigue López #conadánsí,Que Siga López,≤100
232610576753278,Universidad Montrer,Guadalupe Guerrero Garcia,≤100
109019495184907,CEP Centro De Estudios Profesionales,Heber Williams Pino Aguilar,≤100
2251910481696111,Oscar Vásquez Llamas,Oscar Vásquez Llamas,≤100
180425288675416,Manuel Rodríguez González,Manuel Rodríguez González,≤100
812361765480663,Pedro Kumamoto,Cristóbal Alvarez Palomar,≤100
124631600949535,Yo Influyo,Yoxmex,≤100
182127647235802,Con Morena Sí,Con Morena Si,≤100
110039430775865,Apoyo Nacional en el Gobierno Mexicano,Marcela Narvaez Ramirez,≤100
102598911744851,Eliud Saldaña Vázquez,Arturo Eliud Saldaña Vazquez,≤100
142145835862894,IEXE Universidad,IEXE Universidad,≤100
2002560629995226,QUE POCA MADRE,QUE POCA MADRE,≤100
387796290649,GNP Seguros,GNP Seguros,≤100
111820754672338,Rotativo Digital,Rotativo Digital,≤100
114024430364416,YoXmx,Yoxmex,≤100
103821621408670,Programa en el Gobierno Mexicano Independiente,Nancy Carmen Ramirez Casas,≤100
100353769541167,Bazar Político,Jesus Reyes,≤100
109224501525813,Gobierno Municipal de Ayotlán Jalisco. 2021-2024,Ramiro Ramirez Mares,≤100
101286431308424,Dr. Paco Sánchez,Dr Paco Sánchez,≤100
136917060120452,Siker/CuartaMx,Siker/CuartaMx,≤100
104680124489636,Demoscopia Digital,Demoscopia Digital,≤100
2330030160374237,Balance 24,Balance 24,≤100
469246976533189,Santiago Creel,SantiagoCreelM,≤100
105964394755574,Bety Rocha,Bertha Alicia Rocha Garcia,≤100
108742671346499,El MP Digital,Antonio Jair Diaz Calderon,≤100
446414485440381,"Enrique ""Kike"" Díaz",Jose Enrique Díaz Martinez,≤100
641721392993995,Periódico Tribuna Lagos,Periódico Tribuna Lagos,≤100
1424369637876973,Senador Joel Padilla,Joel Padilla Peña,≤100
110039430775865,Apoyo Nacional en el Gobierno Mexicano,Adriana Estrada Micete,≤100
354326078079338,Campaigns and Elections Mexico,Campaigns & Elections México,≤100
953657811446042,Conciencia Nacional por la Libertad Religiosa,Fundación en Promoción de la Familia y la Libertad AC,≤100
1415691342026378,Fundación Carlos Slim,Fundación Carlos Slim,≤100
105505599062277,Atte.tuamiga,Atte.tuamiga,≤100
122154061801959,Colectivo Mujeres Cabeza de Familia,Yoxmex,≤100
175155689785578,Diputado Rubén Romo Ochoa,Francisco Rubén Romo Ochoa,≤100
660391554433548,Cristina Ibarra,Cristina Ibarra,≤100
101128435630238,Química y Formulación,Química y Formulación,≤100
107727682047392,XunMexicodeverdad,X UN MÉXICO DE VERDAD,≤100
101461686043880,Centro Certificador de Estudios Especializados.,Abel Ivan Aragon Maldonado,≤100
109804970767338,Advance,Advance Desarrollo,≤100
164183347562623,Denuncia México,euthenics,≤100
101212808784634,República 21,Rosa Eugenia Diaz Biones,≤100
277380886249639,ExxonMobil México,"ExxonMobil México, S. A. de C. V.",≤100
235606900176440,Macronews,Macronews,≤100
233652128065243,Goberna México,Goberna,≤100
234134579963795,Víctor Torres López,Víctor López,≤100
265938437673601,Yo Soy Mi Planeta,Yoxmex,≤100
108950188713101,Memes Derechos Laborales,SUB Inteligencia de marca S de RL de CV,≤100
177319665650476,ClikiSalud - Fundación Carlos Slim,Fundación Carlos Slim,≤100
281188282215551,José Medina Mora Icaza,José Medina Mora Icaza,≤100
181815868495275,Noti Arandas,Grupo NotiArandas SA de CV,≤100
1857761427782780,IAS Automation,INNOVATIVE AUTOMATION SOLUTIONS,≤100
915220875259528,Telokwento,TELOKWENTO,≤100
101740711752535,RUBRUM,Multipoll S.A. de C.V.,≤100
1095948597209125,Grupo Financiero Banorte,Banco Mercantil del Norte,≤100
361036630742937,La Política Online MX,La Política Online MX,≤100
109691518694146,Olmeca Multimedios CDMX,Edith Alejandra Theurel Cotero,≤100
1812297282329742,Jorge Triana,Jorge Triana Tena,≤100
133056480769,Gobierno del Estado de Chihuahua,Gobierno del Estado de Chihuahua,≤100
105462911936981,Laura Esquivel,HUMAN TARGET,≤100
100184146186145,Educación y Oportunidades,These ads ran without a disclaimer,≤100
320349101760473,Inboplast A.C.,Inboplast A.C.,≤100
536886746673043,Jóvenes MX,Yoxmex,≤100
1772086512892206,Revolución Democrática 2.0,Canek Ortega Cano,≤100
196493763808241,CEEY,CENTRO DE ESTUDIOS ESPINOSA YGLESIAS,≤100
109736067585320,Karla Díaz,These ads ran without a disclaimer,≤100
106065802301223,Empresarios Regios,Empresarios Regios,≤100
264060497093390,Shamir Fernández Hernández,Gabriel Francisco Pedro,≤100
543830382749706,Compromiso Social Mx,Compromiso Social Mx,≤100
104477285788147,Mi Opinión,Mi Opinión,≤100
104641228499939,Tsikini. Brote Pro Justicia y Dignidad.,Tsikini,≤100
2340595106035117,Ismael Brito Mazariegos,Ismael Brito Mazariegos,≤100
110187414493874,Plataforma Informativa Mexicana #PIM,euthenics,≤100
1614410865470755,Columnas de México,Columnas de México,≤100
1834107960160586,Marco A. Mendoza Bustamante,Marco Antonio Mendoza Bustamante,≤100
707874865918912,ADN Alternativa Democrática Nacional,Canek Ortega Cano,≤100
112676734239538,Lolis López,Ivän Osegura Gonzalez,≤100
149356031821584,Arena Pública,Arena Pública,≤100
109474928114443,Actívate,José Ángel Soubervielle,≤100
451216681705111,José Luis Polo Palafox,Jose Luis Polo Palafox,≤100
116437828394342,Phiten Mexico,Phiten Mexico,≤100
171494803269262,Noticias México,euthenics,≤100
107756041807121,oxfam_es,These ads ran without a disclaimer,≤100
160752503961,EMEEQUIS,EMEEQUIS,≤100
681291175575804,Visible,Lievant Studio,≤100
100431071908734,La-Lista,DCS MEDIA & COMMUNICATIONS,≤100
104402255089316,Vigilante,Dreams Engine S.A de C.V.,≤100
104262592557526,Preparatoria en línea desde casa SEP,UNIDEV Universidad SC,≤100
220540158005037,Asociación Mexicana de Ciencias Políticas,Asociación Mexicana de Ciencias Políticas,≤100
280499759247656,Revista Poder,Revista Poder,≤100
1424057367811413,Ipas México,Jennifer Gonzalez Campos,≤100
592495347619799,Mi familia es primero,Yoxmex,≤100
146709175702544,Gobierno de Quintana Roo,ELEMENTAL,≤100
113068922066479,Códice S.C.,Jose Manuel Alvarado Santos,≤100
115525382301678,El Río Lagos - Noticias,El Río Lagos - Noticias,≤100
105925314120759,Mario Bracamonte,Julián Reynoso Mazoy,≤100
103290404864989,Beneficios Nacionales de Gobierno,Cinthia Abigil Torres Medina,≤100
100712572609319,René García,René Edmundo García Rojo,≤100
249241882605535,María Padilla Romo,Juan Manuel Jimenez Gomez,≤100
101202725148632,Armando Zuñiga Salinas,GRUPO IPS,≤100
1514466245542140,América Rangel,AMERICA RANGEL,≤100
422544544574063,Centro de Estudios en Neurociencias y Psicología del Estado de Chiapas S.C.,Juan Carlos Nunez Hermosillo,≤100
101701991930418,UNIDEV,UNIDEV,≤100
1362899813848288,Cobertura 360 MX,Cobertura 360 MX,≤100
1879362632284126,Instituto LeadMagnet,Oswaldo Alvarez Calderon,≤100
102957089372885,Preparatoria Virtual de México,UNIDEV Universidad SC,≤100
138350596230547,GIRE - Grupo de Información en Reproducción Elegida,Menu Agency,≤100
107509487815279,Dedogmasyrenuncias,DE DOGMAS Y RENUNCIAS,≤100
239726076054918,Partido del Trabajo México,Partido del Trabajo México,≤100
196705420663884,Código Magenta,Código Magenta,≤100
100101715679554,ZOE México,ZOE México,≤100
2224502900946392,Diplomados UNAM- Congreso.,Martin Vera,≤100
110402150604275,Así La República,Así la República,≤100
285690871462237,Luz María Beristain Navarrete,Luz María Beristain Navarrete,≤100
106178698930897,Preparatoria SEP en línea,Unidev Universidad SC,≤100
1570126169927933,Delfina Gómez Álvarez,Delfina Gómez Álvarez,≤100
103169108800942,Andrea Tovar,Andrea Tovar Saavedra,≤100
247091415478957,Lorena de la Garza Venecia,Lorena de la Garza Venecia,≤100
257405024438750,Esteban De Gyves,These ads ran without a disclaimer,≤100
219168613441556,Abogados México,Jose Miguel Ramirez Valenzuela,≤100
803041666459797,Enrique de la Madrid,Enrique de la Madrid,≤100
465777803515977,Poncho Gutiérrez,Poncho Gutiérrez,≤100
860599244054747,Subrayado,Brenda Pérez Carbajal,≤100
106521845216893,Preparatoria en línea México SEP,UNIDEV Universidad SC,≤100
104317925893208,Suryaneem,Suryaneem,≤100
1635547433336430,En Vivo Durango,Hector Andres Soto Hernandez,≤100
107020672147342,José Miguel Martínez Campos,Gabriel Hernandez,≤100
121810864676914,Periódico Enfoque,Enfoque EiM Noticias,≤100
268579708326323,Georgina Solorio García,Georgina Solorio García,≤100
339348456857,Última Palabra,Ultima Palabra,≤100
107260908482745,Lolita Verdín,Verdin Maria,≤100
209428235768912,24 Horas. El Diario sin Límites,Diario 24 Horas,≤100
100332908733199,Fundación Traxión,Fundación Traxión,≤100
102849895453455,El nacionalista,Rene Mejia Torres,≤100
112252053650029,Preparatoria SEP en Línea,UNIDEV Universidad SC,≤100
102724752608138,Mexiquenses Unidos con Adán,Mexiquenses Unidos con Adán,≤100
1856514037937535,SuperMesa,Ramon Jorge Guardado Pérez,≤100
106527704042985,Junior Gattas,Mauricio Alejandro Gattas Cano,≤100
1871963173033717,Othon Hernández Candanedo,Othon Hernandez Candanedo,≤100
174229585991829,Periódico Libre en el Sur,Francisco Ortiz Pinchetti,≤100
109941394793117,Pily De Aguinaga,Gabriel Francisco Pedro,≤100
108460405435270,Enbroncados,Enbroncados,≤100
115896348052800,Preparatoria virtual SEP desde casa,UNIDEV Universidad SC,≤100
102428026076286,Preparatoria desde casa SEP,UNIDEV Universidad SC,≤100
103657085905852,Índigo Energía e Industria,Índigo Energía e Industria,≤100
100814035366893,hijo.a,These ads ran without a disclaimer,≤100
61924315868,Gobierno de Michoacán,Gobierno de Michoacán,≤100
102931375657044,Tabasqueños con Javier May,Tabasqueños con Javier May,≤100
104666922531492,Corporativo APL Legal,These ads ran without a disclaimer,≤100
103395775997425,Prepa en Linea desde casa SEP,UNIDEV Universidad SC,≤100
101243359536311,Preparatoria en línea SEP desde casa,UNIDEV Universidad SC,≤100
2085563958340354,Raúl Torres,Raúl Torres,≤100
103447518678068,Juan Pablo Celis,4TMichoacán,≤100
643513979193133,Unidos por Beatriz,Neuma,≤100
589484077738887,Jorge Álvarez Máynez,Estudio Bocadillo,≤100
409800789114458,Antonio Pelón Cervera,Macronews,≤100
194020227388552,PT Coahuila,Partido del Trabajo Coahuila,≤100
109130204053554,Alas para el Cambio,Alas para el Cambio,≤100
286051098107613,Fuego Cruzado,Victor Hugo Chavez Luna,≤100
106307612088667,Preparatoria en Línea SEP,UNIDEV Universidad SC,≤100
108917220989534,Fernando Ferrer,Fernando Ferrer,≤100
582650362076920,César Ulloa G.,César Ulloa G.,≤100
108471668438894,Revolucion San Luis,DEGI,≤100
404238596997498,Sandra Vizcaíno,Sandra Vizcaíno,≤100
640044982685950,PRD Michoacán,PARTIDO DE LA REVOLUCIÓN DEMOCRÁTICA,≤100
416100162170424,Opinionesquevalen - Encuestas pagas,These ads ran without a disclaimer,≤100
109610531312367,Preparatoria Desde Casa SEP,UNIDEV Universidad SC,≤100
1522195418029530,Político MX,Político MX,≤100
164856266971710,Es lo Cotidiano,Es lo Cotidiano,≤100
320404528148304,Nacho Campos,Nacho Campos E.,≤100
108961632054878,Ayudas Familiares,These ads ran without a disclaimer,≤100
1772821586329486,Macropolisqr,Alejandro Vargas Gonzalez,≤100
113316147663555,Preparatoria desde casa Unidev,UNIDEV Universidad SC,≤100
100671096208741,Perfil Fronterizo al Momento,Perfil Fronterizo al Momento,≤100
519051388241845,Fundación FEMSA,Fundación FEMSA,≤100
101896949369261,Justicia Regia,Justicia Regia,≤100
209756585798494,La Jornada Zacatecas,La Jornada Zacatecas,≤100
658580710854883,Nueve Arte Urbano,Eduardo Sánchez Becerra,≤100
107388102211536,Percepcion Social,Jesus Guadalupe Fuentes Reyes,≤100
105409565326997,El Transformador MX,Julián Reynoso Mazoy,≤100
102944568266680,Layin Silvet,Alberto Lobo Almaraz,≤100
101253081944055,Rafael Linares Rivera,Rafael Linares,≤100
335187423266540,Info Metrópoli,Info Metrópoli,≤100
473280473089704,Aurelia Leal López,Juan Francisco Cazarez Buelna,≤100
2080425052271475,IQ inteligencia Colectiva,Armando Tenorio,≤100
202622746785871,Revista Emprendedor Mx,Revista Emprendedor,≤100
106874624023669,Madigen Marketing Digital,Charleaks Ruiz,≤100
387917398509610,Colegio Internacional para el Desarrollo de la Educación y la Cultura,COLEGIO INTERNACIONAL PARA EL DESARROLLO DE LA EDUCACIÓN Y LA CULTURA A.C.,≤100
106338501265771,La punta y el iceberg,La punta y el iceberg,≤100
104194908706490,Preparatoria México SEP en línea,UNIDEV Universidad SC,≤100
113338548317991,Preparatoria SEP en línea,UNIDEV Universidad SC,≤100
101259548948419,BenditaRed,BenditaRed,≤100
502725876775008,Scientia,Augusto Martín Cedillo López,≤100
154652694604556,Ricardo Gallardo Cardona,Ricardo Gallardo Cardona,≤100
2320876348160276,JH Consultant,These ads ran without a disclaimer,≤100
333932057250036,Alejandro Rojas Díaz Durán,ARDD,≤100
100905166136342,Preparatoria SEP en línea,Unidev Uiversidad SC,≤100
371111709616105,Valkiria On Line,Valkiria On Line,≤100
354326078079338,Campaigns and Elections Mexico,Mario Alberto Rivera Lagarreta,≤100
2251931065120585,Edmundo Torrescano Medina,Edmundo Azael Torrescano Medina,≤100
176047519101203,Códice Informativo,Códice Informativo,≤100
138016565116389,Prepa En Linea SEP,UNIDEV Universidad SC,≤100
383681541749473,Diálogo Jerez,Diálogo Jerez,≤100
1338826526222530,Héctor Ponce,Héctor Ponce Tizoc,≤100
384495964895391,Willy Ochoa,Eduardo Díaz,≤100
1431361787158559,Inédito Mx,Inédito Mx,≤100
104654145285377,José Miguel de la Cruz Lima,Jose Miguel De La Cruz Lima,≤100
110239881352852,Preparatoria en casa unidev,UNIDEV Universidad SC,≤100
624561728187715,Carmen Rodríguez,Miguel Alberto Valenzuela Miranda,≤100
108086911387918,Preparatoria Virtual Unidev,UNIDEV Universidad SC,≤100
186996945520642,Cultura Verde,Cultura Verde Amor por el Planeta A.C.,≤100
2244971795773309,El Metichon,EMT Noticias,≤100
875972845793393,Susana Rodríguez,These ads ran without a disclaimer,≤100
1600783076843787,Esbasicomx,Angel Ayala Arriaga,≤100
317786922083190,"Citrus  Cursos, Publicidad y Marketing",These ads ran without a disclaimer,≤100
101237389222759,Alfonso Rodríguez Bautista,Morena Huehuetoca,≤100
387730198486409,Códice,Consejo de Investigación Ciudadana y Empresarial Códice A.C.,≤100
509821702820171,24 Horas Quintana Roo,24 Horas Quintana Roo,≤100
103614461742259,Rogelio Cota,Rogelio Enrique Cota Gutierrez,≤100
462460250474093,Sergio Torres Félix,Sergio Torres,≤100
123706374310822,Lo de Hoy México,LCC Mkt,≤100
104280278920721,Pueblo Conectado,Juan Antonio Calderon Montoya,≤100
101295992671758,Libertarismo México,México Libertario,≤100
244524445753966,Armando Contreras Castillo,Armando Contreras Castillo,≤100
243560165841293,Diario Digital Femenino,These ads ran without a disclaimer,≤100
340258032732908,Altorre Foto Periodismo Michoacan,Altorre Foto Periodismo Michoacan,≤100
186509968038074,El Informador Obrero,El Informador Obrero,≤100
110245084073082,Amador Rodriguez Lozano,Amador Rodriguez Lozano,≤100
111747610668938,Nota Online.,Nota Online.,≤100
100264525710986,Preparatoria en línea México,UNIDEV Universidad SC,≤100
106917395544366,Red Morena Digital,Fabian Ismael Torres Alvarez,≤100
615839115545562,Glenda Ochoa,Brenda Guadalupe Chavez Ramírez,≤100
110763055151832,Preparatoria en línea SEP,UNIDEV Universidad SC,≤100
1857095601256885,Contragolpe Absoluto,Miztli Deneb Aguirre Montealegre,≤100
103318515925385,Informe Regio,informe Regio,≤100
695261801312971,Revista Encuentro en Acción,Revista Encuentro en Acción,≤100
1561665210574560,Giovanni Contestabile Borbolla,Dulce Maria Flores Herrera,≤100
1587273468223028,Misaj Becerra,Misaj Gonzalez Becerra,≤100
290163821687964,Rocío Pérez Cruz,Aldo Zariñan Blancas,≤100
432923167438353,Jorge Hernández Aguilera,Julián Reynoso Mazoy,≤100
103008312077513,Juventud Morena,Miguel Angel Echeverria Trujeque,≤100
710439142491735,Aldo Ruiz,Erik Soto Becerril,≤100
458070297649993,El Pípila.mx,El Pípila.mx,≤100
1556866434628746,Corazon Verde Matehuala,These ads ran without a disclaimer,≤100
101738497976987,La Esperanza De Tamaulipas,La Esperanza De Tamaulipas,≤100
851861834882932,Julia Jiménez,Mery Alejandra España Orozco,≤100
482694188600843,Panorama Michoacano,Martha Patricia Escobar García,≤100
101210129467789,Primero Monterrey,Primero Monterrey,≤100
101540994725549,Bertin Arias.,Jose Isidro Bertin Arias Medrano,≤100
101493924570259,Cescorp Transportation,These ads ran without a disclaimer,≤100
109728374729315,24 horas Yucatán,24 Horas Yucatán,≤100
1453035258301900,Carol Antonio Altamirano,Carol Antonio Altamirano,≤100
235994093744848,Contra Réplica,EDICIONES SAN FRANCISCO S.A. DE C.V.,≤100
102255904996475,Geovanna Campos Vazquez,Julián Reynoso Mazoy,≤100
100479299537613,Regios al Cuadrado,Regios al Cuadrado,≤100
836061576445686,Ags Radio Tv,Ags Radio Tv,≤100
195400400486017,Antena San Luis,Antena San Luis S de RL de CV,≤100
106133419003024,Lo Mejor de Monterrey,Lo mejor de MTY,≤100
104621811930420,Ricardo I. Cázares,Ricardo Ibarra Cázares,≤100
105605635657911,Al día en Monterrey,Al día en Monterrey,≤100
1447605802172501,Karla Fiesco García,Karla Fiesco García,≤100
105742159026755,GDL Noticias,Charleaks Ruiz,≤100
322210114635895,Update México,Update México,≤100
164183347562623,Denuncia México,These ads ran without a disclaimer,≤100
569211433439752,Reflexiones en voz alta por Francisco Javier Pizarro,Zaira Angelina Pizarro Valenzuela,≤100
103328144621907,Diputada Evangelina Bustamante,Evangelina Bustamante,≤100
470205443125327,Antonio Magaña,El minutero,≤100
102843165746526,Es la Hora de Tabasco,Hector Daniel Sanchez Moreno,≤100
232336684381335,RED periodismo veraz y objetivo,Ana Cristina Hernández Gallo,≤100
592543167574677,Alfredo Vazquez Castaños,Miguel Angel Vazquez Lopez,≤100
283653271758441,24 Morelos,24 CDMX,≤100
1840771059482305,Gildardo Pérez Gabino,Gildardo Pérez Gabino,≤100
140609392651493,Centro Alemán de Información para Latinoamérica,These ads ran without a disclaimer,≤100
1773177236335336,Comunicación e imagen,Anna Montiel,≤100
376683823064705,La Quinta Década,These ads ran without a disclaimer,≤100
858032527584472,Hiram Rodriguez L,Hiram Rodriguez L,≤100
100817295667787,Sergio Tamai Regidor,Jonas Zavala,≤100
1854833181459690,Parabólica En Red,Parabólica,≤100
414759801952148,Ulises Mejia Haro,Ulises Mejia Haro,≤100
354807834533037,Mauro Guerra Villarreal,MAURO GUERRA VILLARREAL,≤100
109554947983964,Preparatoria en linea México,UNIDEV Universidad SC,≤100
116650986800907,Miss Estrellita,These ads ran without a disclaimer,≤100
112794637562224,Libres por MX,Libres por MX,≤100
1176628419094356,Navor Rojas,Cynthia Aylin Lopez Suárez,≤100
992816694189783,José Alam Chávez Jacobo,Jose Alam Chavez Jacobo,≤100
651415091544662,Cancún Channel,David Jonathan Estrada Castillo,≤100
527089334352864,Diana Aguilar Ruelas,DigitalMX,≤100
104169981002558,Hidalgo Decide,Hidalgo Decide,≤100
215664318620433,Sustentur,Sustentur,≤100
103767734536936,Cripeso Servicios de Consultoría,Cripeso Servicios de Consultoría,≤100
230864580414099,Enfermero Muñoz,Francisco Muñoz,≤100
110303981200346,Estudia en casa con INELI,INSTITUTO INELI,≤100
459633917507063,El Periodista MX,Héctor Freddy Robaldi Narváez,≤100
110094293942584,Potosinos Con Valor,POTOSINOS CON VALOR,≤100
405799886190886,Canaco Servytur Tuxtla,Cybac Ti SA de CV,≤100
105365702386289,Que plan en MTY,Que Plan en MTY,≤100
258178344513883,Aarón Yáñez Limas,Hector Aaron Yañez Limas,≤100
112039950452398,Abel Meza,Abel Palomera Meza,≤100
177854402389449,Imdosoc,These ads ran without a disclaimer,≤100
102842448953539,SOFIA GDB,Sofia Gdb,≤100
543882089126145,Lalo Aguilar,These ads ran without a disclaimer,≤100
1830740170519250,Femeka,These ads ran without a disclaimer,≤100
103762085120682,Rubén Barba,Mauricio Espinosa Jasso,≤100
100656189283230,AKI Galia,These ads ran without a disclaimer,≤100
1900429806888291,Rehabilitación Cipacor,These ads ran without a disclaimer,≤100
109927953731014,Espacio Libre México,Espacio Libre México,≤100
141680549249031,Radio Rosarito,Mario Alberto Serrano Monzon,≤100
182224979243764,Benjamín Carrera,Benjamín Carrera Chavez,≤100
1617098015207541,Colima Al Día,Colima Al Día,≤100
395943233826179,Zona Cero Izcalli,Hernesto Coello Hernandez,≤100
107750608839428,Tu Colonia NL,Tu Colonia Nuevo León,≤100
100329672903852,Gerardo Valenzuela,Ernesto Guadalupe Espinoza Cervantes,≤100
378946959217888,Salvador Cruz Villegas,Salvador Cruz Villegas,≤100
539348002799101,IntegraRSE,These ads ran without a disclaimer,≤100
822905401108747,PoderMX,PoderMX,≤100
282818088564172,Paloma Amézquita,Paloma Amézquita,≤100
279469625434543,Paco Cienfuegos,Paco Cienfuegos,≤100
1225211200864686,moreliamix.com,mmx digital solutions,≤100
1398856907022932,Colegio María Montessori,These ads ran without a disclaimer,≤100
685340238591681,Coordinación de Delegaciones Regionales,These ads ran without a disclaimer,≤100
617214185047697,Oliva Noticias,Oliva Noticias,≤100
1661676774101223,Claudia Agatón,Claudia Josefina Agatón Muñiz,≤100
1776223812696913,Daniel Altamirano,Daniel Altamirano,≤100
140795939947196,Selina Trujillo,Selina Trujillo Arizmendi,≤100
622948811053558,Early Institute,These ads ran without a disclaimer,≤100
625822217504525,Francisco Javier Garza de Coss,Francisco Javier Garza de Coss,≤100
1644648305656640,Ernestina Castro,Ernestina Castro,≤100
102368071158002,Solis Latam,These ads ran without a disclaimer,≤100
108745975439751,Mexican News,These ads ran without a disclaimer,≤100
102542454680516,Lupita Oyervides,Maria Oyervides Valdez,≤100
735663383283813,Alfredo Fernández,Alfredo Fernández Arceo,≤100
108960501297573,Lety Vázquez,Lety Vázquez Hernández,≤100
471454806521725,Orgullo LGBT+ Querétaro,Benjamin Delgado,≤100
337687212939881,CEFAPSIC,These ads ran without a disclaimer,≤100
433610543474544,Héctor Aguilera L,These ads ran without a disclaimer,≤100
201405100476600,Javier Aguilar El Tocumbo,Javier Aguilar,≤100
103124019069931,clara_klum,These ads ran without a disclaimer,≤100
110929015235500,ukraine_fund_net,These ads ran without a disclaimer,≤100
8002590959,Rainforest Action Network - RAN,These ads ran without a disclaimer,≤100
1196196390526965,Facebook Surveys,These ads ran without a disclaimer,≤100
107514541536074,The House Glaze,These ads ran without a disclaimer,≤100
101696231925216,Olmeca Multimedios Mx,Olmeca Multimedios,≤100
101361821909491,Amexme Capítulo Huatulco,These ads ran without a disclaimer,≤100
108449505480772,Osnova,These ads ran without a disclaimer,≤100
229422400424478,Julieta Mejía,Julieta Mejía,≤100
108625789179165,Soi Dog Foundation,These ads ran without a disclaimer,≤100
106587021891599,Frejnijbasbd,These ads ran without a disclaimer,≤100
100344435204047,Luis Daniel Lopez,Nubia De La Rosa,≤100
108744713846579,Danilo Ramos,These ads ran without a disclaimer,≤100