﻿Page ID,Page name,Disclaimer,Amount spent (EUR)
46590675335,Save the Children Italia,Save the Children Italia,≤100
183047736356,EMERGENCY,EMERGENCY,≤100
65737832194,Medici Senza Frontiere,Medici Senza Frontiere,≤100
40433567307,UNICEF Italia,UNICEF Italia,≤100
178362315106,European Parliament,European Parliament,≤100
53347533412,LAV,LAV Onlus,≤100
309840349048638,e.on,E.ON Energia,≤100
39993728498,Amnesty International - Italia,Amnesty International Italia,≤100
1811177225665334,Enel X,Enel X Italia s.r.l.,≤100
279234965434875,Energit,Energ.it Spa,≤100
73493613024,ActionAid Italia,ActionAid Italia,≤100
88997912868,WWF Italia,WWF Italia,≤100
68826971281,Edison,Edison Spa,≤100
126578555602,Skuola.net,Skuola.net,≤100
35346524498,Greenpeace Italia,Greenpeace Italia,≤100
48677844864,Amref Health Africa - Italia,Amref Health Africa - Italia,≤100
70212282110,Altroconsumo,Altroconsumo,≤100
1440878759561839,WeMove Europe,WeMove Europe,≤100
470320123103435,NOW,Mariaenrica Barile,≤100
299584710061488,WeWorld Onlus,WeWorld Onlus,≤100
171795872872353,ISPI - Istituto per gli studi di politica internazionale,ISPI - Istituto per gli studi di politica internazionale,≤100
381647298581035,Rumundu,Rumundu,≤100
103435909471,Fastweb,These ads ran without a disclaimer,≤100
1657214567845698,BPER Banca,BPER Banca,≤100
300657503437034,Lions Italia,Lions Italia,≤100
105251455781615,Roberto.Deriu,Matteo Gioiosano,≤100
693492780985618,HSI/Italia,HSI/Italia,≤100
192141407570169,Rizzoli,Rizzoli,≤100
102550058686598,Sotto Il Mantello C O V I D - Libro Inchiesta,Sotto il Mantello Covid,≤100
179082995487557,SOS Villaggi dei Bambini - Italia,SOS Villaggi dei Bambini - Italia,≤100
372245919454054,BNL BNP Paribas,These ads ran without a disclaimer,≤100
116674114654565,Chiudi col gas,Chiudi col gas,≤100
887405791294493,Scuola Greco Pittella,Scuola Greco Pittella S.r.l.,≤100
576664002355828,CIWF Italia,CIWF Italia Onlus,≤100
421539548423434,SOS Rifugiati,UNHCR Italia - Agenzia ONU per i Rifugiati,≤100
634243093317092,Amoro srl,Amoro Srl,≤100
48677844864,Amref Health Africa - Italia,Amref Health Africa,≤100
253657775240887,Pulsee,Axpo Italia,≤100
2072190446415066,Camilla Soru,Camilla Soru,≤100
91261353336,Terre des Hommes Italia,Terre des Hommes Italia,≤100
1014207595271736,Azione contro la Fame Italia,Azione contro la Fame Italia,≤100
1198302750251842,The Vision,The Vision,≤100
150200761667597,Oxfam Italia,Oxfam Italia,≤100
135029639894519,Associazione Italiana per la Lotta al Neuroblastoma,Associazione Italiana per la Lotta al Neuroblastoma,≤100
169013663273776,Alleanza Assicurazioni,Alleanza Assicurazioni,≤100
295129913955200,Aboca,Aboca,≤100
105704838950975,Action for Democracy.IT,Action for Democracy,≤100
622450334886617,Fondazione Policlinico Universitario Agostino Gemelli IRCCS,Fondazione Policlinico Universitario Agostino Gemelli IRCCS,≤100
577383699442272,Paolo Borchia,Paolo Borchia,≤100
598765886892277,Forever Bambù Società Benefit,Forever Bambù,≤100
105574611218263,Scuola Capitale Sociale,Scuola Capitale Sociale,≤100
150738452145624,BASF Italia,Basf Italia S.p.a.,≤100
313559438694166,VIDAS - Assistenza ai Malati inguaribili,VIDAS - Assistenza ai Malati inguaribili,≤100
201484606557114,Fotovoltaico per Te,Fotovoltaico per Te,≤100
107356064962347,Hai Prenotato Vero?,casiraghi greco srl,≤100
396136951185531,Fridays For Future Italia,Fridays For Future Italia,≤100
212519685575,Fondazione AIRC per la Ricerca sul Cancro,Fondazione AIRC per la Ricerca sul cancro,≤100
103968169809912,Credem Banca,Finanziato da Credem Banca,≤100
1410474395723679,Petizioni.it,Petizioni.it,≤100
102808527862361,Uniti per la Siria,WeWorld Onlus,≤100
113071918732530,Animal Equality Italia,Animal Equality Italia,≤100
865166100210938,Bosch Italia,Bosch Italia,≤100
109491080460389,Bambine Non Spose,WeWorld Onlus,≤100
197449616933013,Le edizioni del Mulino,Le edizioni del Mulino,≤100
105354978875655,Franco MULA   consigliere regionale,Francesco Paolo Mula,≤100
111832208899724,Il Sole 24 ORE - Diritto24,Il Sole 24 ORE - Diritto24,≤100
579798038791266,Frosta Italia,Frosta,≤100
269804456695686,MSDsalute,The Brand Shop Srl,≤100
2794426070573094,Up2You,Up2You,≤100
410043459011308,Fondazione IEO Monzino,Fondazione IEO-MONZINO,≤100
100644409468543,Fondazione Operation Smile Italia ETS,Fondazione Operation Smile Italia ETS,≤100
101898776545732,Inapp,INAPP Istituto Nazionale per l’Analisi delle Politiche Pubbliche,≤100
445235400057,Commissione europea – Rappresentanza in Italia,Commissione europea – Rappresentanza in Italia,≤100
378568295634789,Il Sole 24 ORE - Fisco,Il Sole 24 ORE - Fisco,≤100
312933172093226,Associazione Luca Coscioni,Associazione Luca Coscioni,≤100
343890852404946,Ele's,Ele22,≤100
114110060033055,Paper First,Il Fatto Quotidiano,≤100
129614623725639,Cesvi Onlus,Cesvi Fondazione Onlus,≤100
107492342616216,Legambiente Onlus,Legambiente Onlus,≤100
124450774313284,Etica Sgr,Etica Sgr,≤100
453751868072095,W la Dislessia,AllenaMente Società Cooperativa Sociale,≤100
80761643174,Fondazione Umberto Veronesi,Fondazione Umberto Veronesi,≤100
92505448987,CGIL Confederazione Generale Italiana del Lavoro,CGIL Confederazione Generale Italiana del Lavoro,≤100
268976423121377,Essere Animali,Essere Animali,≤100
105137288606752,Vincenza Palmieri Ambasciatrice per i Diritti Umani,Palmieri Maria Vincenza,≤100
351542581540725,FNOVI Federazione Nazionale Ordini Veterinari Italiani,Federazione Nazionale degli Ordini Veterinari Italiani - FNOVI,≤100
661243440591428,Raffaella Paita,Raffaella Paita,≤100
104112951913918,End The Slaughter Age,Filippo Maria Borsellino,≤100
100896914607046,dejan_cetnikovic,Dejan Cetnikovic,≤100
791707730845440,Win the Bank - Tutto Quello Che Ti Serve Per Ottenere Credito,Win the Bank - Tutto Quello Che Ti Serve Per Ottenere Credito,≤100
8792700660,Istituto Bruno Leoni,Istituto Bruno Leoni,≤100
1814545205425619,BEEing,Beeing,≤100
673109029772554,Marco Campomenosi,Marco Campomenosi,≤100
102000366519353,EIPASS,Certipass srl,≤100
162764457111560,Dynamo Camp,Fondazione Dynamo Camp Onlus,≤100
118612976685752,Indip - Periodico indipendente di approfondimento,Indip.it,≤100
587213524737852,WebSalute - Vvox,WebSalute,≤100
107898832590939,European Commission,European Commission,≤100
469381559808559,ITLAS Società Benefit,Itlas srl,≤100
105517781627039,RM scuola - Università,RM Scuola Campus,≤100
101764407875365,NeN,NeN Energia,≤100
385509022061328,Acqua per Tutti,WeWorld Onlus,≤100
412537312142759,Marevivo Onlus,Marevivo Onlus,≤100
377901329389619,Ener2Crowd,Ener2Crowd,≤100
110372232331805,Mission Bambini,Mission Bambini,≤100
236739746666589,Coop Liguria,Coop Liguria,≤100
59374667427,Alice for Children,Alice for Children,≤100
232017336910584,Rivista Il Borghese,Casa Editrice Pagine,≤100
954544221325158,Prodocs ong,PRO.DO.C.S. Progetto Domani: Cultura e Solidarietà,≤100
169065407139584,Tilt,Tilt,≤100
464256556936524,Iacopo Melio,Iacopo Melio,≤100
142331079621154,RESET,RESET S.r.l.,≤100
503567226377662,"Centro Narconon ""Il Gabbiano""","Centro Narconon ""Il Gabbiano""",≤100
200837093313910,Farmacie Apoteca Natura,Farmacie Apoteca Natura,≤100
120380341313167,Sinistra Italiana,Sinistra Italiana,≤100
180329672596502,Fratelli d'Italia Senato,Fratelli d'Italia Senato,≤100
557773551234843,Schroders Italy,Schroder Investment Management (Europe) S.A. - Succursale Italiana,≤100
180275292801010,Fratelli d'Italia Camera,"Gruppo Parlamentare della Camera dei Deputati ""Fratelli D'Italia""",≤100
131887960826264,Carlo Calenda,Azione,≤100
451419891563905,Pro Vita & Famiglia Onlus,Pro Vita & Famiglia Onlus,≤100
1393266557641903,Africa Rivista,Africa Rivista,≤100
104980721725834,Associazione DONNEXSTRADA,Associazione DONNEXSTRADA,≤100
1093222784082778,World Vision Italia,World Vision Italia Onlus,≤100
105796680963553,Gruppo Editoriale La Scuola SEI,Editrice La Scuola,≤100
117266648305733,LifeGate,LifeGate,≤100
1518761145057165,Caaf Cgil Emilia-Romagna,CAAF CGIL Emilia-Romagna,≤100
108100707418309,Strumenti Politici,Marco Fontana,≤100
367042640294086,Luca Ciriani,Luca Ciriani,≤100
728199340562828,Stefano Guindani,Stefano Guindani,≤100
2797201316986482,Annalisa Tardino,Annalisa Tardino,≤100
735661046503097,Slc Cgil Nazionale,Slc Cgil Nazionale,≤100
143185232391413,Il Sole 24 ORE - Immobili e Condominio,Il Sole 24 ORE - Immobili e Condominio,≤100
104544555621560,Ewiva,Ewiva,≤100
112777008752391,Valori.it,Valori.it,≤100
1448101522079687,Onlymoso,Onlymoso,≤100
2613707698646326,Pop Edizioni,POP EDIZIONI SRL SRL,≤100
121622734528770,Eidos Communication,Eidos Communication,≤100
1779762108963356,Cuneodice.it,Cuneodice.it,≤100
150144325048677,Il Sole 24 ORE - Enti locali e Edilizia,Il Sole 24 ORE - Enti locali e Edilizia,≤100
136199179756675,Il Riabilitatore,Il Riabilitatore,≤100
331092066942114,Fondazione Italia Uganda,Fondazione Italia Uganda Onlus,≤100
182120865170178,Gianluigi Paragone,Gianluigi Paragone,≤100
108895805815369,alfemminile.com,Alfemminile,≤100
8387084989,Marco Travaglio,SEIF Società Editoriale Il Fatto Spa,≤100
667483386685540,Silvia Sardone,Silvia Sardone,≤100
118241586064,Fondazione Patrizio Paoletti,Fondazione Patrizio Paoletti,≤100
458563760919509,Consorzio Rilegno,Consorzio Rilegno,≤100
583229838437691,Conflavoro PMI,Conflavoro PMI,≤100
407861879769918,Simona Baldassarre,Simona Renata Baldassarre,≤100
107779855294378,L'Identità,L'Identità,≤100
412041645842754,FQ MillenniuM,Il Fatto Quotidiano,≤100
441812505843728,Corepla,Corepla,≤100
104727538126958,The Watcher Post,The Watcher Post,≤100
103032285379522,Idra Water,These ads ran without a disclaimer,≤100
280738811962818,GIMBE,Fondazione GIMBE,≤100
1506899926282450,Fondazione UNA,Fondazione UNA Onlus,≤100
117207375009827,Confindustria Dispositivi Medici,Confindustria Dispositivi Medici,≤100
57335173611,Città di Modena,Città di Modena,≤100
686689721540002,Volt Italia,Volt Italia - Unisciti al Cambiamento,≤100
101809911384599,Flowe,Flowe,≤100
1480937442190427,Tommaso Foti,Tommaso Foti,≤100
522896174518525,Fondazione Don Gnocchi,Fondazione Don Gnocchi,≤100
157463237749900,Olmedo Mobility Division,Olmedo Special Vehicles S.p.A,≤100
174312339435062,Alternativa Popolare,Alternativa Popolare,≤100
153967571694403,Led Italia,LED Italia S.r.l,≤100
102357095763264,CandidatoPolitico.it,CandidatoPolitico.it,≤100
1441172666130044,Marco Zanni,Marco Zanni,≤100
101158695138594,SOS Climate Change,UNHCR,≤100
621188454669130,I Diavoli,I Diavoli,≤100
129078800535,Rinnovabili.it,Rinnovabili.it,≤100
110273477370,Terre di mezzo Editore,Cart'armata edizioni srl,≤100
112352038802143,Giuliano Pisapia,Giuliano Pisapia,≤100
210270519580762,Francesco Italia Sindaco,Francesco Italia Sindaco,≤100
1668922680093325,Propensione.it,Propensione.it,≤100
181864685188048,Maurizio Marrone,Maurizio Marrone,≤100
154767423377839,Managaia.eco,Managaia.eco,≤100
1597396783847997,Iren,Iren,≤100
172718099490199,DOKITA,Dokita onlus,≤100
477626419674394,Mariano Scuotri,Mariano Scuotri,≤100
111215267090745,Re Soil Foundation,ReSoilFoundation,≤100
160297837351805,CGT Caterpillar,CGT S.p.A.,≤100
1210143102422413,Alessia Ambrosi,Alessia Ambrosi,≤100
602678809928628,Guido Quintino Liris,Guido Quintino Liris,≤100
375882802451994,Capitalfin,Capitalfin,≤100
104800568170989,Chora Media,Chora Media,≤100
1176999669002221,Performer,Performer Srl,≤100
101047321724796,Semplicità,Fabrizio Bertoletti,≤100
106199837902239,Innesti,Caviro sca,≤100
2031937623511148,Lega Ginnastica,Lega Ginnastica,≤100
431436357311703,Federico Garau,Federico Garau,≤100
1623129891325124,Italia in Classe A,ENEA,≤100
408718273286772,Salvatore De Meo,Salvatore De Meo,≤100
109992254071726,Annamaria Colao,Annamaria Colao,≤100
263971476968601,Federazione Italiana Golf,Federazione Italiana Golf,≤100
675594109245764,Unisona,Unisona,≤100
347006748786906,AIEF,AIEF Associazione Italiana Educatori Finanziari,≤100
1942760395965996,Passaggio al Bosco Edizioni,Passaggio al Bosco Edizioni,≤100
105296361571631,FGS srl,FGS srl,≤100
112576383938294,Fondo Sanedil,Fondo Sanedil,≤100
370124820863,Sightsavers Italia Onlus,Sightsavers International Italia Onlus,≤100
1419354464978596,Giovanni Toti,Giovanni Toti,≤100
116181541819083,Nicola Fratoianni,Nicola Fratoianni,≤100
229726223879624,Agenzia Erasmus+ INAPP,INAPP Istituto Nazionale per l’Analisi delle Politiche Pubbliche,≤100
45408828511,OIPA Italia,OIPA,≤100
884455481592665,European People,Marco Parroccini,≤100
101216323253423,Italcementi,Italcementi S.p.A.,≤100
57751256819,Confprofessioni,Confprofessioni,≤100
109325385127578,Amici di nandocan,Fernando Cancedda,≤100
41195081676,Mario Pittoni,Mario Pittoni,≤100
1501172506846384,Carlo Caputo,Carlo Caputo,≤100
36416147716,FederlegnoArredo,FederlegnoArredo,≤100
264869596888019,Roberto Di Stefano,Roberto Di Stefano,≤100
222403031687114,ArciAtea,ArciAtea APS,≤100
110832464032752,TuIn,TuIn,≤100
105655754112279,Aon Italia,Aon Italia,≤100
172914676069816,Centro Studi Americani,Centro Studi Americani,≤100
95118674590,Collettiva,Collettiva,≤100
1445140735745708,Caritas Senigallia Onlus,Fondazione Caritas Senigallia Onlus,≤100
169042736456594,All Out,All Out,≤100
205100820237610,Federbeton,Federbeton,≤100
108829505461841,Riccardo Schininà,Luciana Licitra,≤100
1007973302727293,Teach For Italy,Teach For Italy,≤100
264123593678882,Mapei SpA,These ads ran without a disclaimer,≤100
345024339582702,Tipografia De Vanna,Tipografia De Vanna,≤100
121793864832061,Daniele Novara,Centro Psicopedagogico per l'educazione e la gestione dei conflitti,≤100
286934764814261,Legalizziamo,Associazione Luca Coscioni,≤100
111913151734180,Esodati del Superbonus,Simone Giovanna,≤100
104182395946288,Rete Albatros,Albatros Srls,≤100
113478153656563,WeWorld Global,WeWorld Onlus,≤100
104182395946288,Rete Albatros,Albatros Srls,≤100
100343302443208,City Green Light,CityGreenLight,≤100
268501353185869,"Endometriosi - APE ODV, organizzazione di volontariato",Associazione Progetto Endometriosi,≤100
519333915133882,Forest Sharing,Bluebiloba Start-up innovativa srl,≤100
480871535271240,Fondazione Cariplo,Fondazione Cariplo,≤100
1435345293368935,Comitato Daniele Chianelli,Comitato per la Vita Daniele Chianelli,≤100
223175114447090,Sant'Egidio,Sant'Egidio,≤100
41607193831,Giffoni Film Festival,Giffoni Film Festival,≤100
111113388574992,Ivano Marchiol - Candidato Sindaco Udine,Ivano Marchiol,≤100
108018342056930,4 Tax - Legal,These ads ran without a disclaimer,≤100
650387761676591,Candido,Casa Editrice Pagine,≤100
56755731998,Codacons,Codacons,≤100
1766466673641354,Antonino La Spina,Antonino La Spina,≤100
592859190806155,Lucio Malan,Lucio Malan,≤100
109094031594910,Luigi Pinto,Luigi Pinto,≤100
1843691212524792,ASviS - Alleanza Italiana per lo Sviluppo Sostenibile,ASviS - Alleanza Italiana per lo Sviluppo Sostenibile,≤100
105636267811260,The Good in Town,The Good in Town,≤100
54943073948,Il Giornale del Cibo,Il Giornale del Cibo,≤100
153574674705426,AVSI,AVSI,≤100
103145348920594,"Associazione agricoltori, proprietari e residenti Roseto Borsacchio",Pierpaolo Mori,≤100
171869093280946,EICOM Energia,Eicom energia,≤100
527351247377965,European Committee of the Regions,European Committee of the Regions,≤100
1978323772189377,Ambiente Mare Italia,Ambiente Mare Italia,≤100
1676582112422226,Walter Zalukar,Walter Zalukar - Gruppo Misto Consiglio Regionale FVG,≤100
588618511234072,Style Magazine Italia,Style Magazine Italia - RCS,≤100
609529512482095,Amate Sponde,Valemedia srl,≤100
103622722494694,Ecco think tank,ECCO think tank,≤100
109409244233102,L'Indipendente,L'Indipendente S.r.l.,≤100
363589373994,Filippo Rossi,Caffeina Media s.r.l.,≤100
127839944083908,Robby Giusti,Roberto Giusti,≤100
637027463065554,Sicra Press,Lucia Gullotta,≤100
104595358855645,Chiara Frontini,Chiara Frontini,≤100
780102252381558,Alessio Butti,Alessio Butti,≤100
1710827805727348,Fondazione Libellula,Fondazione Libellula,≤100
290721534331298,Anna Ascani,Anna Ascani,≤100
486228231540331,Partito Animalista Italiano,Cristiano Ceriello,≤100
206708532746370,Mara Bizzotto Pagina Ufficiale,Mara Bizzotto,≤100
207397399633315,Biosalus Italia,These ads ran without a disclaimer,≤100
106331511288672,Francesco Biacchi,Francesco Biacchi,≤100
160725107411590,CONOU Consorzio Nazionale Gestione Raccolta Trattamento Oli Minerali Usati,eprcomunicazione,≤100
105849768548758,PreviAmbiente,Fondo PreviAmbiente,≤100
218671751661739,Fondazione Villa Maraini,Stefano Spada,≤100
1445564122344567,Sandromengadv,Sandro Ottaviano Menga,≤100
108770011256563,XtraCult,XtraCult,≤100
753800634652691,Paola Chiesa,Paola Maria Chiesa,≤100
355895101196989,Andrea Casu,Andrea Casu,≤100
2048664861850577,Il Digitale,IlDigitale.it,≤100
106577392014536,"Io, comandante di Wagner - Il libro rivelazione",Pienogiorno,≤100
741432559225902,Demetrio Piccini autore di fumetti,Demetrio Piccini,≤100
81698998693,Maurizio Lupi,Maurizio Lupi,≤100
110354967359505,Materasso Bedshire,Ce.Pro.L di Gatti Luca,≤100
107321830749965,Lavialibera,La Via Libera,≤100
462862687580578,Monica Canciani per Trieste,Monica Canciani,≤100
35855858513,Missioni Don Bosco ONLUS,Missioni Don Bosco ONLUS,≤100
698743116897167,Valeria Valente,Valeria Valente,≤100
2039584306154147,Italia Viva Padova,Italia Viva Padova,≤100
793211171059364,Francescani per la Vita,Francescani per la Vita,≤100
1280128282137797,Enzo Amich,Amich Vincenzo,≤100
1168815166600773,Fab,Fab,≤100
106769777463191,Michele Fioroni,Michele Fioroni,≤100
251194124900835,Class onlus,Camillo Piazza,≤100
109995768699674,USB Sanità,USB sanità,≤100
112995657150811,Ecologica,Gianfranco Mascia,≤100
204034721659,Il Libraio,Il Libraio,≤100
616062541887492,Problem Solving Contact Center,Problem Solving srl,≤100
159192554552724,Vasilika Moon - La Luna di Vasilika Onlus,La luna di Vasilika ONLUS,≤100
102508391325323,Giandomenico Fortino,Giandomenico Fortino,≤100
560791640621377,Daniele Diaco,Daniele Diaco,≤100
227498090641951,SNADIR Nazionale,SNADIR Nazionale,≤100
258755651183,Alfonso Pecoraro Scanio,Alfonso Pecoraro Scanio,≤100
149377389030988,Eliana Liotta,These ads ran without a disclaimer,≤100
106788055084178,Per il futuro dei bambini,Cesvi,≤100
103853939270641,Quitterz Club Il Metodo per Smettere di Fumare,Alessandro Ettorre,≤100
1817269115180421,Gustabacco Enoteca,Gustabacco,≤100
195895477096555,Cefa - Il seme della solidarietà - Onlus,Cefa- Il seme della solidarietà- Onlus,≤100
343132907074660,Villy de Luca,Villy de Luca,≤100
110524804076778,Vincenzo Ciampi,Vincenzo Ciampi,≤100
205798119968781,Cikis,Cikis,≤100
108411878337608,Takes Over ItaloDisco,These ads ran without a disclaimer,≤100
591249014329371,ClassiCult,ClassiCult,≤100
102359048599710,Sostenabitaly,SOSTENABITALY,≤100
112184058442541,Luca Pasquero,Francesco Biacchi,≤100
102438334573784,Antonella Zedda,Antonella Zedda,≤100
138109442630,UNIMPRESA Unione Nazionale di Imprese,Donato Paolino,≤100
102336802180581,Anastasia Doglia consigliere circoscrizionale Forza Italia,Anastasia Doglia,≤100
106609584287802,Facta,Facta,≤100
108761354810576,GrifoFinance,GrifoFinance,≤100
176463392506898,DOC Generici,DOC Generici,≤100
2270196856358992,PHYD,PHYD,≤100
103546574756191,Fondo Pensione Priamo,Fondo Priamo,≤100
1420345371514860,Interlife Onlus,Interlife,≤100
167192463921273,Antonio Zennaro,Antonio Zennaro,≤100
103002934764127,PON Legalità 2014-2020,PON Legalità 2014-2020,≤100
537369456719694,Jane Lepori,Jane Lepori,≤100
787903214594249,Fisascat Cisl,Fisascat Cisl,≤100
103145057924793,Digital Recruiting Week,Start Hub Consulting,≤100
485102175017311,Nello Angelucci,Nello Angelucci,≤100
107792215572487,Video Corso 231,Vibracci Ctrl,≤100
565903660254019,Giulia Tempesta,Giulia Tempesta,≤100
728571713894695,Sun Ballast,These ads ran without a disclaimer,≤100
147451502073583,In Migrazione,In Migrazione,≤100
467181846695913,Salutissima,Fondo Assistenza e Benessere - Società di Mutuo Soccorso,≤100
590301457742958,Zeta,Zeta,≤100
110148550676851,Cristiano Ceriello,Cristiano Ceriello,≤100
117913115000855,Learning Academy by Sanoma Italia,Pearson Italia,≤100
254307534973677,Bartolomeo Giachino,Gioachino Bartolomeo,≤100
186799161499691,Libraccio,D.M.B. S.r.l.,≤100
345136718845,Ministero dell'Ambiente e della Sicurezza Energetica,Ministero dell'Ambiente e della Sicurezza Energetica,≤100
331372771010,Festival della Mente,Festival della Mente,≤100
367800670221861,"Wrog di Remo Bassetti. Wrog, laboratorio politico e zona freestyle",Remo Bassetti,≤100
100117711856322,The MebWay,The MebWay,≤100
101949839469829,Giovani in MoVimento,Giovani in MoVimento,≤100
56208847866,Gianni Alemanno,Gianni Alemanno,≤100
192209717630141,First Cisl nazionale,First Cisl,≤100
178808252718288,Dipartimento di Scienze e Politiche Ambientali - UNIMI,MB srl,≤100
882873055387445,Dragotti&Associati,Stefania Merelli,≤100
112976877976173,wefox Italy,These ads ran without a disclaimer,≤100
169101783890379,Fondazione Carolina,Fondazione Carolina,≤100
1382868132042683,Massimiliano Romeo,Massimiliano Romeo,≤100
212034775726,Quotidiano di Sicilia,Quotidiano di Sicilia,≤100
1440383032939789,Antonio Palermo - Sindaco di Mendicino,Antonio Palermo,≤100
200702630390075,Officina Stampa,L'Osservatore d'Italia,≤100
31800331297,Gariwo - Foresta dei Giusti,Gariwo - Foresta dei Giusti,≤100
608527502965400,gloryfeel Italia,These ads ran without a disclaimer,≤100
248612615697451,Enoch Soranzo,Enoch Soranzo,≤100
193027960795836,Consulenti del Lavoro,Fondazione Studi Consulenti del Lavoro,≤100
112004943601874,CIC Consorzio Italiano Compostatori,CIC Consorzio Italiano Compostatori,≤100
67527694280,Arché,Arché,≤100
81698998693,Maurizio Lupi,Noi con l'Italia,≤100
1496504030436035,Pitillos Italia,Angelo Ammendola,≤100
165968498427823,Rete dei Comuni Sostenibili,Giovani Gostoli,≤100
583898255087055,Massimiliano Rastelli,Massimiliano Rastelli,≤100
343444682747487,Fondazione Asilo Mariuccia,Fondazione Asilo Mariuccia,≤100
1537401999847009,Paolo Bongioanni - Il Kaimano,Paolo Bongioanni,≤100
106432898630153,Forza Italia Moncalieri,Pier Alessandro Bellagamba,≤100
229483187248340,Automazione Industriale Ferrazza,Ferrazza S.r.l.,≤100
1862307547429963,Nonna Roma,Nonna Roma,≤100
2334936960070037,Foligno 2030,Foligno 2030,≤100
379688310244,La Civiltà Cattolica,La Civiltà Cattolica,≤100
156980270981618,Fondazione Mondo Digitale,Fondazione Mondo Digitale,≤100
111266561682774,Le Nostre Stelle,Antonino Annino,≤100
262873680428918,Massimo Bitonci,Massimo Bitonci,≤100
104570204462760,L'Informatore,Informatore,≤100
624608431059294,Evolvere,Evolvere,≤100
113113275439704,Fondazione CON IL SUD,Fondazione con il sud,≤100
115218755162436,ABC Associazione Bambini Chirurgici del Burlo,A.B.C. Associazione per i Bambini Chirurgici del Burlo onlus,≤100
149462018791,Un Ponte Per,Un Ponte Per,≤100
104578168020289,Gabriele Giovannetti,Gabriele Giovannetti,≤100
263368177127232,Le Nius,Le Nius,≤100
407066069720164,We Wealth,Voices of Wealth S.r.l.,≤100
1603966533257308,Maria Cristina Pisani,Maria Cristina Pisani,≤100
1420012461585538,Assidai - Fondo di Assistenza Sanitaria per il tuo benessere,Assidai,≤100
154144331904379,Marta Schifone,SocialCom,≤100
152209451624802,Consorzio Produttori Italiani Materassi di Qualità,These ads ran without a disclaimer,≤100
496873810372627,Cittadini reattivi,Cittadini Reattivi APS,≤100
551772571506225,Let's do it Italy,Let's do It! Italy,≤100
125635380862838,Io Bevo,General Beverage,≤100
922737261081955,Elisa Montemagni,Elisa Montemagni,≤100
100788072284161,Terzo Millennio,Terzo Millennio,≤100
535609693464890,OFFSide Fest Italia,Offside Italia,≤100
34244362829,DANIELE BIACCHESSI,Daniele Biacchessi,≤100
1429383923849615,Fondo FASDA,Fondo FASDA,≤100
120608994683563,Vincenzo Barbagallo,Vincenzo Barbagallo,≤100
101258288809334,Giorgio Giulio Ingold,Giorgio Giulio Ingold,≤100
657593647588625,Giuseppe Lanzara,Giuseppe Lanzara,≤100
160476923996021,Assolombarda,Assolombarda,≤100
455636657795285,Fondazione Marche Cultura,Fondazione Marche Cultura,≤100
1962932583848151,Uilm Nazionale,Uilm Nazionale,≤100
108953278798613,Valeria Grillo - Elezioni Regionali 2023,Valeria Grillo,≤100
1504902903093208,Associazione Differenza Donna,Associazione Differenza Donna,≤100
177990150967421,La Verità di San Giorgio,Pietro L'Erario,≤100
1525276264261539,Manfredi Potenti,Manfredi Potenti,≤100
988564131291116,Lanfranco Zappalà Sindaco,Lanfranco Maurizio Alessandro Zappalà,≤100
373212809704128,Mitobalosa,These ads ran without a disclaimer,≤100
112022758381738,Comitato Fermare la Guerra,Comitato Fermare la Guerra,≤100
109857277095278,Jonatan Montanariello,Jonatan Montanariello,≤100
303531599691398,Mariastella Gelmini,Mariastella Gelmini,≤100
1289625734535764,TrustMeUp,TrustMeUp,≤100
100511255667405,Antonello Talerico,Simona Porcaro,≤100
563861997055351,Giorgia Latini,Giorgia Latini,≤100
110138758306232,Civiltà Italiana,Civiltà Italiana,≤100
100211626247272,Maria Rita Parsi,Maria Rita Parsi,≤100
619956731519414,Marco Grimaldi - Alleanza Verdi Sinistra,Marco Grimaldi,≤100
1151916921518164,SatiLeaks,Gianfranco Colella,≤100
1618078638446744,4G Energia,slashto,≤100
45193527235,CPP Centro Psicopedagogico per la Pace e la gestione dei conflitti,CPP - Centro Psicopedagogico per l'educazione e la gestione dei conflitti,≤100
608375839515998,Avvocato Luca Favini - Studio Legale Ghedini Favini,Luca Favini,≤100
354423511336978,VSB - Vereinigung Südtiroler Biolog:innen,These ads ran without a disclaimer,≤100
208046335427,Coop Alleanza 3.0,DGMP di Montevecchi N & C snc,≤100
1186359874841377,Rossana Cannata,Giuseppe Costanzo Zammataro,≤100
626987914308883,PlanetCare,These ads ran without a disclaimer,≤100
155697555152756,Cristiano l'Antipopulista,Cristiano Cappellari,≤100
107644588582744,Veroli,Angiolo Veroli,≤100
375026399323452,HappyAgeing,Rarelab,≤100
100354602590593,Carlo Alberto Tregua,Ediservice srl,≤100
102565915153347,OPES - Terzo Settore,Publigiovane Srl,≤100
101341869245338,Cataldo Baratta - Il Politicante,Cataldo Baratta,≤100
57266165685,Agatino Giusti,Agatino Giusti,≤100
100279282975196,Woomanity,Kairos Cooperativa Sociale,≤100
103609779300803,Figli di Dio e della Madonna,Vincenzo Spina,≤100
1975939216057184,Alvearia.net,Alvearia.net,≤100
453667791784073,Alex Marini,Alex Marini,≤100
106762669017344,Castagnini Sindaco Siena,Castagnini Sindaco Siena,≤100
204556343433745,Alessandro Priori - Assessore Comune Velletri,Alessandro Priori,≤100
1827883270791776,lavorareascuola.it,Scuola Web Italia,≤100
268911749952654,Alfonso Luigi Marra,These ads ran without a disclaimer,≤100
1447874178803782,UNA MANO ALLA VITA onlus,Una Mano alla Vita Onlus,≤100
843931585711084,Alessandro Da Re,Alessandro Da Re,≤100
335126483234062,Maurizio Acerbo,Maurizio Acerbo,≤100
1494770570823635,Pippi Mellone Sindaco,"Pippi Mellone, Sindaco del Comune di Nardò",≤100
134666913247297,Sicurezza e Lavoro,Sicurezza e Lavoro,≤100
108947418663332,Sara Kelany,Sara Kelany,≤100
590611178105666,Wonderwhy,Wonder Why,≤100
122191987831675,Fabio Amendolara,Fabio Amendolara,≤100
1403653346384000,Studio Legale Di Veroli,Studio Legale Di Veroli,≤100
295209044003397,UDU Venezia,UDU Venezia,≤100
298085074056860,Antonio Calligaris,Antonio Calligaris,≤100
195326237145660,Consiglieri regionali PD Toscana,Consiglieri regionali PD Toscana,≤100
137779833073053,Salvo Liuzzo candidato Sindaco,Salvo Liuzzo candidato Sindaco,≤100
104748772553513,Edoardo Iurincich - Candidato Consigliere Regionale FVG,Edoardo Iurincich,≤100
1411140479103638,Mirko Giacone,Mirko Giacone,≤100
344545715705333,PD Aurelio,Vincenzo Cuozzo,≤100
100440105016011,Coordinamento Comitati per la Rinascita di Bologna,Andrea Spettoli,≤100
2088704344683209,Open Arms Italia,Open Arms Italia,≤100
218911188148674,CISAL Confederazione Italiana Sindacati Autonomi Lavoratori,CISAL,≤100
1690675680996286,Pagina Roberto Rosso,Roberto Rosso,≤100
1391346011087876,Fratelli D'Italia Pasiano,Federico Casagrande,≤100
108783474741992,Sinistra Ecologista Torino,Sinistra Ecologista,≤100
305857383716,Comunicattive,Comunicattive srl,≤100
104555644443795,Dipende da Noi,Paola Maria Petrucci,≤100
239789346075185,Simone Concorsi,These ads ran without a disclaimer,≤100
264172003626267,Savino Balzano,Savino Balzano,≤100
474314055968372,fischer group,These ads ran without a disclaimer,≤100
130002763697204,Gaetano Quagliariello,Gaetano Quagliariello,≤100
1486718904933717,Fondazione Compagnia di San Paolo,Compagnia di San Paolo,≤100
109667708188369,Daniela Carli per La Spezia,Daniela Carli,≤100
663706213838768,Carmela Auriemma,Carmela Auriemma,≤100
110634657163632,ScientifiCult,ScientifiCult,≤100
356102944825132,Antonio Cascone,Antonio Cascone,≤100
100590726310054,antoniosicilia,Antonio Sicilia,≤100
1678990582375073,Vesuvio DOP Consorzio Tutela Vini,Vesuvio DOP,≤100
112846441749507,Alessandro Bisogni - Sindaco Siena,These ads ran without a disclaimer,≤100
105010988916749,EXIT- Lombardia,These ads ran without a disclaimer,≤100
105570288965454,Fabio Pacciani - sindaco Siena 2023,Fabio Pacciani,≤100
104267245752639,Matteo Natalini - Riconquistare l’Italia,Matteo Natalini,≤100
1637778729816876,Nagorà Laboratorio di Idee,Nagorà Laboratorio di idee,≤100
1566893983535463,Andrea Giorgio,Andrea Giorgio,≤100
112232964796025,Medicina Generale Siena,Medicina Generale Siena,≤100
548577435509026,d&b audiotechnik,These ads ran without a disclaimer,≤100
1821913614485612,Paolo Siani,Paolo Siani,≤100
417590008596992,Sud e Civiltà,Sud e Civilta,≤100
2072300169461705,Ylenja Lucaselli,These ads ran without a disclaimer,≤100
526901760669684,Partito Animalista Europeo,Partito Animalista Europeo,≤100
482333168785544,RHITA,These ads ran without a disclaimer,≤100
75581908817,Sergio Silvestris,Sergio Paolo Francesco Silvestris,≤100
414162429205369,Davide Falteri,Davide Falteri,≤100
1734684993480546,Elisa Lodi,Elisa Lodi,≤100
641341053150087,Massimo Cantoro,Massimo Cantoro,≤100
1694062087568484,Stefano Ioffredo,Stefano Ioffredo,≤100
109094031594910,Luigi Pinto,Matteo Bello,≤100
963373667373045,Raffaella Bonsangue,Raffaella Bonsangue,≤100
233084937185037,Forza Italia a Trieste,These ads ran without a disclaimer,≤100
125959077461240,infowine.com,These ads ran without a disclaimer,≤100
753507771473073,Studio Legale Scicchitano,These ads ran without a disclaimer,≤100
108607824863343,Fabrizio Grant - VII Municipio,Fabrizio Grant,≤100
446520012412658,La Giustizia,These ads ran without a disclaimer,≤100
1914671958849609,Avvocato Cinzia Capone,Studio Legale Capone,≤100
112852028335947,Where Are Our People?,These ads ran without a disclaimer,≤100
106861962175519,Portmone.com - онлайн-платежі,These ads ran without a disclaimer,≤100
106755900682761,NewGen Bikes,These ads ran without a disclaimer,≤100
1785368905093518,PastFactory,These ads ran without a disclaimer,≤100
188872144758,CCTV,These ads ran without a disclaimer,≤100
151744228264505,SmallRig,These ads ran without a disclaimer,≤100
363188490768324,Parole mute - Claudia Neri,These ads ran without a disclaimer,≤100
105928567914548,Scuole in Fermento,These ads ran without a disclaimer,≤100