﻿Page ID,Page name,Disclaimer,Amount spent (TRY)
1481865401841739,Müge Yıldız Topak,Müge Yıldız Topak,≤100
220319391464566,Vahap Akay,Vahap Akay,≤100
122193617537005,Haberettr,HABERET MEDYA AJANSI VE PRODÜKSİYON LİMİTED ŞİRKETİ,≤100
141311632555208,Bağımsız Türkiye Partisi,Bağımsız Türkiye Partisi,≤100
191453580768,Yeni Şafak,Yeni Şafak,≤100
980409445496233,Umut Güngör,These ads ran without a disclaimer,≤100
111162852275902,Uluslararası Af Örgütü Türkiye Şubesi,Uluslararası Af Örgütü Türkiye Şubesi,≤100
120266711045676,Başka Açıdan Tv,Başka Açıdan TV,≤100
109086995017642,firatpicturesturkey,firatpicturesturkey,≤100
199503873424371,KEMALİZM,KEMALİZM,≤100
1439683329600228,Ümit Uysal,Ümit Uysal,≤100
101315571670453,Webagron Tarımsal İçerik Platformu,Webagron Tarımsal İçerik Platformu,≤100
210993622366044,TVNET,TVNET,≤100
505757142770713,Rönesans Holding,Rönesans Holding Anonim Şirketi,≤100
105376981385020,Referandom,Referandom,≤100
115658254810065,Mantap NIH,These ads ran without a disclaimer,≤100
111751313846537,Hülya Erdem,Hülya Erdem,≤100
226410901315304,Areda Survey,Areda Survey,≤100
1085457468132635,DEV MADEN SEN,DEV MADEN SEN,≤100
103984509238399,Halk Haber,Halk Haber,≤100
1776545895921237,Nedersiniz,Nedersiniz,≤100
575755372513811,Muhittin Böcek,Muhittin Böcek,≤100
157404000994312,Tanju ÖZCAN,These ads ran without a disclaimer,≤100
183134165593297,"SES Eşitlik, Adalet, Kadın Platformu","SES Eşitlik, Adalet, Kadın Platformu",≤100
100665102848993,Gün Gün Kurtuluş,Gün Gün Kurtuluş,≤100
107276120819529,Halk Haber TV,SİRİUS REKLAM ORGANİZASYON SANAYİ VE TİCARET LİMİTED ŞİRKETİ,≤100
103400816031847,Halk Ajans,Sirius Reklam Organizasyon Sanayi ve Ticaret Ltd. Şti,≤100
144295649058307,Ekrem İmamoğlu,Ekrem İmamoğlu,≤100
146581405452633,Yeniden Milli Mücadele,Yeniden Milli Mücadele,≤100
210993622366044,TVNET,These ads ran without a disclaimer,≤100
108390012832175,Fatih Akkentli,Fatih Akkentli,≤100
101760022372875,omerfarukalpdogan,These ads ran without a disclaimer,≤100
442942082484899,Ege Gündem Gazetesi,Ege Gündem Gazetesi,≤100
222657917794717,Çukurova Gazetesi,These ads ran without a disclaimer,≤100
100701695747178,Usta Kasap,Şenpiliç Gıda Sanayi A.Ş.,≤100
100942688529011,osmaniyeyerfistigi80,osmaniyeyerfistigi80,≤100
101176952277447,Türkiye'nin Makinecileri TM,These ads ran without a disclaimer,≤100
791541570931021,CHT Medya,CHT Medya,≤100
463215923715177,Mehmet Yiğiner,Mehmet Yiğiner,≤100
117491812983397,Yurttan Sesler,Yurttan Sesler,≤100
2028274240749386,Celal Köse,Celal Köse,≤100
800603909994685,Gülizar Biçer Karaca,Gülizar Biçer Karaca,≤100
104790481715851,ازجمله,Azjomle,≤100
106789305232883,وكالة الشرق الأوسط الإخبارية,وكالة الشرق الأوسط الإخبارية,≤100
162426093833308,Fransızca Öğreniyorum,These ads ran without a disclaimer,≤100
120362821004992,Haber Global TV,These ads ran without a disclaimer,≤100
298764070816267,Mehmet Tütüncü,Mehmet TÜTÜNCÜ Türkiye Temsilcisi,≤100
350774215112844,GZT,These ads ran without a disclaimer,≤100
100964136258105,Erdoğan Çiftcioğlu,Erdoğan Çiftcioğlu,≤100
1522246651339711,Büyük Türkiye,Büyük Türkiye,≤100
110590951676969,erensayin.21,These ads ran without a disclaimer,≤100
104373561467884,Serhat Servet Dövenci,Serhat Servet Dövenci33,≤100
101441529690838,PRO Publica,These ads ran without a disclaimer,≤100
110070405364683,hamicskn,These ads ran without a disclaimer,≤100
1668169733465490,مركز الحوار السوري,مركز الحوار السوري,≤100
106005844716544,ask_a_hijabi,These ads ran without a disclaimer,≤100
100405516456816,Doug Kamath Online 72911,These ads ran without a disclaimer,≤100
102523611180596,Time TV,These ads ran without a disclaimer,≤100
101978648584912,Jadetzy,These ads ran without a disclaimer,≤100