﻿Page ID,Page name,Disclaimer,Amount spent (TRY)
106433519384639,Haber7,Haber7,≤100
122193617537005,Haberettr,HABERET MEDYA AJANSI VE PRODÜKSİYON LİMİTED ŞİRKETİ,≤100
109086995017642,firatpicturesturkey,firatpicturesturkey,≤100
191453580768,Yeni Şafak,Yeni Şafak,≤100
141311632555208,Bağımsız Türkiye Partisi,Bağımsız Türkiye Partisi,≤100
505757142770713,Rönesans Holding,Rönesans Holding Anonim Şirketi,≤100
2222003764721494,Halit Doğan,Halit Doğan,≤100
101315571670453,Webagron Tarımsal İçerik Platformu,Webagron Tarımsal İçerik Platformu,≤100
120266711045676,Başka Açıdan Tv,Başka Açıdan TV,≤100
112517906909567,Hami Bakan,These ads ran without a disclaimer,≤100
210993622366044,TVNET,TVNET,≤100
105376981385020,Referandom,Referandom,≤100
226410901315304,Areda Survey,Areda Survey,≤100
1085457468132635,DEV MADEN SEN,DEV MADEN SEN,≤100
127896160644676,KORAY AYDIN,KORAY AYDIN,≤100
111162852275902,Uluslararası Af Örgütü Türkiye Şubesi,Uluslararası Af Örgütü Türkiye Şubesi,≤100
199503873424371,KEMALİZM,KEMALİZM,≤100
108390012832175,Fatih Akkentli,Fatih Akkentli,≤100
100942688529011,osmaniyeyerfistigi80,osmaniyeyerfistigi80,≤100
1776545895921237,Nedersiniz,Nedersiniz,≤100
107276120819529,Halk Haber TV,SİRİUS REKLAM ORGANİZASYON SANAYİ VE TİCARET LİMİTED ŞİRKETİ,≤100
426339260809702,Oğul Aktuna,Oğul Aktuna,≤100
183134165593297,"SES Eşitlik, Adalet, Kadın Platformu","SES Eşitlik, Adalet, Kadın Platformu",≤100
702800386480460,Gerçek Gazetesi,Gerçek Gazetesi,≤100
154012084797126,Yeni Şafak,Yeni Şafak,≤100
100701695747178,Usta Kasap,Şenpiliç Gıda Sanayi A.Ş.,≤100
100665102848993,Gün Gün Kurtuluş,Gün Gün Kurtuluş,≤100
459314071262613,Zeynettin Aydın,Zeynettin Aydın,≤100
111751313846537,Hülya Erdem,Hülya Erdem,≤100
163370640412446,Bursa,Sosyal TV,≤100
480865392321146,Kalan Karakus,Cumhuriyet Halk Partisi,≤100
146581405452633,Yeniden Milli Mücadele,Yeniden Milli Mücadele,≤100
103400816031847,Halk Ajans,Sirius Reklam Organizasyon Sanayi ve Ticaret Ltd. Şti,≤100
298764070816267,Mehmet Tütüncü,Mehmet TÜTÜNCÜ Türkiye Temsilcisi,≤100
103984509238399,Halk Haber,Halk Haber,≤100
105533695666114,esengulkasoglu,These ads ran without a disclaimer,≤100
1706624339582436,Tüsiar Araştırma Danışmanlık Ltd.Şti,TÜSİAR ARAŞTIRMA DANIŞMANLIK LTD ŞTİ,≤100
326363220894548,Nail Çiler,Nail Çiler,≤100
110471555281943,Poddy Türkiye,Poddy Türkiye,≤100
815048841929079,M. Ergün Turan,M. Ergün Turan,≤100
162426093833308,Fransızca Öğreniyorum,These ads ran without a disclaimer,≤100
102196939609245,astrolojiyazari_,These ads ran without a disclaimer,≤100
106789305232883,وكالة الشرق الأوسط الإخبارية,وكالة الشرق الأوسط الإخبارية,≤100
104790481715851,ازجمله,Azjomle,≤100
800603909994685,Gülizar Biçer Karaca,Gülizar Biçer Karaca,≤100
114070384989253,Ayhan Dülek,These ads ran without a disclaimer,≤100
105564428492510,منتدى الحوار الشبابي,مركز الحوار السوري,≤100
802006146497578,KA.DER-Kadın Adayları Destekleme Derneği,These ads ran without a disclaimer,≤100
220319391464566,Vahap Akay,Vahap Akay,≤100
113249571609702,Hörümçək az,These ads ran without a disclaimer,≤100