﻿Page ID,Page name,Disclaimer,Amount spent (VND)
101914358044085,Tài Liệu Ôn Thi Viên Chức Giáo Dục,Tài Liệu Ôn Thi Viên Chức Giáo Dục,32368
108269057574237,Bitu - English Speaking App,These ads ran without a disclaimer,22367
120235188603455,Thiên Mộc Hương - Agarwood Jewelry,These ads ran without a disclaimer,5968
111831663772285,BOMvn,BOMvn,3109
155460521146066,RFI Tiếng Việt,These ads ran without a disclaimer,2275
1521989858025066,Beko,These ads ran without a disclaimer,1366
105845511087981,TRUYỀN HÌNH AN VIÊN,TRUYỀN HÌNH AN VIÊN,1246
101865258169428,ĐEN Secondhand,ĐEN Secondhand,226
114156791558188,OJOO ENC_global,These ads ran without a disclaimer,206
211622535546548,RoboForex,These ads ran without a disclaimer,≤100