﻿Page ID,Page name,Disclaimer,Amount spent (USD),Number of ads in Library
124109327256894,Dra. Ângela Pistão,These ads ran without a disclaimer,≤100,3
918318338180165,CHINT GROUP,These ads ran without a disclaimer,≤100,1
316496640057,7iber,These ads ran without a disclaimer,≤100,2
200480966638039,Supremacy 1914,These ads ran without a disclaimer,≤100,2
357444017777047,Bronson.men,These ads ran without a disclaimer,≤100,1
105882932497074,Mathias - Eternal Ninja,These ads ran without a disclaimer,≤100,1
47815171686,Banyan Tree Hotels & Resorts,These ads ran without a disclaimer,≤100,1
343786409509707,The East Gate,These ads ran without a disclaimer,≤100,2
111132794348779,That Happened,These ads ran without a disclaimer,≤100,1