﻿Page ID,Page name,Disclaimer,Amount spent (USD)
106369298780721,Арман Джумагельдиев,Арман Джумагельдиев,≤100
254153404625528,Деловой портал Капитал.kz,Деловой портал Капитал.kz,≤100
324882354342147,Krivosheev.live,Denis Krivosheyev,≤100
101720929392107,Дмитрий Олейников,Дмитрий Олейников,≤100
170032706814473,Республика - Kazakhstan 2.0,Юлия Козлова,≤100
1945250445581724,Ведомости Казахстана,Валерий Самарец-Сурганов,≤100
111140845160140,zelenayalenta,These ads ran without a disclaimer,≤100
184044398295924,Aikyn.kz,These ads ran without a disclaimer,≤100