﻿Page ID,Page name,Disclaimer,Amount spent (USD)
1510566305893572,Rómulo Roux,Rómulo Roux,181
1642445269316564,Martín Torrijos,Martín Torrijos,≤100
247768972007283,Tribunal Electoral de Panamá,Tribunal Electoral de Panamá,≤100
103615842756513,Meliton Arrocha,Medios Estrategicos SA,≤100
1097813780407298,Panamá informativo,Panamá informativo,≤100
366779907095778,Willie Bermúdez,Willie Bermúdez,≤100
106905399091487,Primarias Cambio Democrático,Cambio Democratico,≤100
115292478232323,Ricardo Vigil,Ricardo Vigil,≤100
327804570952589,Partido Alianza,Partido Alianza,≤100
1069728019776875,Panamenistas,Panamenistas,≤100
106775568769729,Goberna Panamá,Goberna Panamá,≤100
1287808041330441,Luis Eduardo Camacho Castro,These ads ran without a disclaimer,≤100