﻿Page ID,Page name,Disclaimer,Amount spent (USD)
147084112022235,La Nouvelle Tribune,La Nouvelle Tribune,≤100
103180295526797,Ministère de l’Equipement et de l’Eau - وزارة التجهيز والماء,M Equipement Maroc,≤100
167254950013774,Rue20.Com,Ayoub Elkouari,≤100
104925294411810,SNRTnews,SNRTnews,≤100
107627395144123,الحكومة المغربية,الحكومة المغربية,≤100
102498564631055,Asharq News الشرق للأخبار,These ads ran without a disclaimer,≤100
338109312883186,China Xinhua News,These ads ran without a disclaimer,≤100
104572698809103,Bladna 24,BLADNA24,≤100
453709124719281,Chouf TV,Chouf TV,≤100
150915698728343,INFOMarruecos,Youssef Qasmaoui,≤100
438771642823963,الإيسيسكو,ICESCO,≤100
820262131363591,Arabi21 - عربي21,These ads ran without a disclaimer,≤100
368119983327926,العربي الجديد,These ads ran without a disclaimer,≤100
108842875028489,المستشار البرلماني السالك الموساوي,Aimad Eddine Abouhou,≤100
102093685620627,Best Diplomats,These ads ran without a disclaimer,≤100
124377194285112,Jfranews - جفرا نيوز,These ads ran without a disclaimer,≤100
53298096310,Prague City University,These ads ran without a disclaimer,≤100
131189377574,MDPI,These ads ran without a disclaimer,≤100
285530825204,Klitschko,These ads ran without a disclaimer,≤100
725452280954763,جمعية أمل اولاد يعيش للبيئة و التنمية البشرية,These ads ran without a disclaimer,≤100
107419398838282,Global Digital Inclusion Partnership,These ads ran without a disclaimer,≤100