﻿Page ID,Page name,Disclaimer,Amount spent (USD)
111515841026178,Counterspark,"Counterspark, Inc.",1131
219224241438635,Compassion & Choices,COMPASSION & CHOICES,753
7030901126,Campaign for Tobacco-Free Kids,Campaign for Tobacco-Free Kids,688
1472549903019349,CCAN Action Fund,"CHESAPEAKE CLIMATE ACTION NETWORK, INC.",654
104394262049761,Jeremy's Razors,The Daily Wire,509
199504650087085,United,"UNITED AIRLINES, INC.",436
18982436812,ACLU,American Civil Liberties Union,365
97279934919,bp America,BP CORPORATION NORTH AMERICA INC.,355
121268821249550,World Central Kitchen,World Central Kitchen,352
101432317199,Blue Cross and Blue Shield Association,BLUE CROSS AND BLUE SHIELD ASSOCIATION,348
106244251043808,America's Plastic Makers,"AMERICAN CHEMISTRY COUNCIL, INC.",342
6514736316,Walden University,Walden University,326
85452072376,NEWSMAX,"NEWSMAX MEDIA, INC.",305
67945990059,The American Petroleum Institute,The American Petroleum Institute,280
542962552402896,Maryland Department of Agriculture,Maryland Department of Agriculture,246
127225910653607,PragerU,PragerU,234
1435071773455316,Daily Wire,The Daily Wire,231
110322801968638,Obamacare-Plans,Obamacareplans,206
541678832585415,"Analytics Consulting, LLC",ANALYTICS INC,193
186291828074120,Drexel University,Drexel University,193
2056485407811667,Clean Energy for Maryland,Waldron Strategies,179
108774614054683,American Edge Project,American Edge,177
6500552187,Hulu,"HULU, LLC",175
62903684544,Sierra Club Maryland Chapter,Sierra Club,157
112463982125496,Maryland State Education Association,MARYLAND STATE EDUCATION ASSOCIATION,153
376247475788800,Green & Healthy Homes Initiative,Green & Healthy Homes Initiative,147
351969895378,NAFCU - National Association of Federally-Insured Credit Unions,NAFCU,138
385473284886474,Hillsdale College,Hillsdale College,114
103499034671877,Choose Who You Use Maryland,Choose Who You Use Maryland,114
383292061349,Health Facilities Association of Maryland,Health Facilities Association of Maryland,113
12596759677,RAICES,REFUGEE AND IMMIGRANT CENTER FOR EDUCATION AND LEGAL SERVICES,≤100
92925746942,Judicial Watch,Judicial Watch,≤100
592707041080920,Stand Together,Stand Together Chamber of Commerce Inc.,≤100
309308412520731,Sandy Hook Promise,Sandy Hook Promise,≤100
691761057548436,Maryland Department of Health - Substance Use Disorders,Maryland Department of Health,≤100
116064745113092,Neighborhood Sun,Neighborhood Sun Benefit Corp,≤100
110002418617215,Save Our Benefits Maryland,Save Our Benefits Maryland,≤100
122432537796726,Pharmaceutical Care Management Association (PCMA),PHARMACEUTICAL CARE MANAGEMENT ASSOCIATION,≤100
15771560300,Earthjustice,EARTHJUSTICE,≤100
2353537341582545,Proud Patriots,Proud Patriots,≤100
17002121901,Lancôme,L OREAL USA,≤100
431891506856669,Dove,Unilever,≤100
20059927218,Chesapeake Climate Action Network,"CHESAPEAKE CLIMATE ACTION NETWORK, INC.",≤100
25852730092,Care2,"Care2.com, Inc",≤100
102769134675149,Evergreen Action,Evergreen Collaborative,≤100
108784274958612,Liberate Abortion,HOPEWELL FUND,≤100
109092142462587,Adam Schiff,SCHIFF FOR SENATE,≤100
304600892905134,Hillsdale College Online Courses,HILLSDALE COLLEGE,≤100
108547455113940,Our America,Our America,≤100
1316372698453411,Alexandria Ocasio-Cortez,Alexandria Ocasio-Cortez for Congress,≤100
1832744013698336,Mahogany Mommies,Mahogany Mommies,≤100
18709174006,National Audubon Society,"NATIONAL AUDUBON SOCIETY, INC.",≤100
100403528653081,Punchbowl News,Punchbowl News,≤100
100712889249331,Health Equity Coalition for Chronic Disease,Health Equity Coalition for Chronic Disease,≤100
30139072158,CARE,CARE,≤100
7341997111,Conservation International,Conservation International,≤100
570092813023833,Matt Walsh,The Daily Wire,≤100
6041057841,The Humane Society of the United States,"HUMANE SOCIETY OF THE UNITED STATES, THE",≤100
76470053424,TIAA,TEACHERS INSURANCE AND ANNUITY ASSOCIATION OF AMERICA,≤100
1461100540775171,The Tuttle Twins,LIBERTAS INSTITUTE,≤100
361960287311696,Better Medicare Alliance,"Better Medicare Alliance, Inc",≤100
366741496830,Southern California Edison (SCE),Southern California Edison,≤100
142692869075359,Olney Theatre Center,OLNEY THEATRE CENTER FOR THE ARTS INC,≤100
542678889114683,The Coca-Cola Company,The Coca-Cola Company,≤100
19554217292,American Heart Association: You're the Cure,American Heart Association,≤100
80562389320,NARAL Pro-Choice America,NARAL PRO-CHOICE AMERICA CORP,≤100
166618413413767,Jay Sekulow,American Center for Law and Justice,≤100
100328619530085,Bishop Gold Group,Bishop Gold Group LLC,≤100
145034262195374,InSinkErator,InSinkErator_Whirlpool,≤100
7292655492,MoveOn,MOVEON.ORG CIVIC ACTION,≤100
161183970656851,Ruben Gallego,GALLEGO FOR ARIZONA,≤100
42002969352,Center on Budget and Policy Priorities,Center on Budget and Policy Priorities,≤100
103807629149771,Working Forests Initiative,"WORKING FOREST INITIATIVE, INC.",≤100
23875187730,Feeding America,Feeding America,≤100
12301006942,Democratic Party,DNC SERVICES CORP./DEM. NAT'L COMMITTEE,≤100
167586229923327,World Food Program USA,World Food Program USA,≤100
150464834999897,Maryland Pesticide Education Network - MPEN,MARYLAND PESTICIDE EDUCATION,≤100
12375354406,USO,United Service Organizations,≤100
114008535880,Foundation for Individual Rights and Expression,FOUNDATION FOR INDIVIDUAL RIGHTS IN EDUCATION,≤100
100168566232753,IRS Helper,Leads Team LLC,≤100
240112514625857,Care Comes First Maryland,1199SEIU United Healthcare Workers East,≤100
198213743669747,DC Jobs With Justice,DC JOBS WITH JUSTICE,≤100
7357041101,Tammy Baldwin,TAMMY BALDWIN FOR SENATE,≤100
100801038449520,Natural Allies for a Clean Energy Future,"Natural Allies, Inc.",≤100
21492729544,Catholic Relief Services,CATHOLIC RELIEF SERVICES - UNITED STATES CONFERENCE OF CATHOLIC BISHOPS,≤100
40217893542,AIPAC,AIPAC,≤100
104253615152700,America First Legal,America First Legal Foundation,≤100
100905842810613,US Final Expense Authority,Final Expense Authority LLC,≤100
103375628943529,Adam Frisch,Adam for Colorado,≤100
95001097200,National Association of Manufacturers,NATIONAL ASSOCIATION OF MANUFACTURERS OF THE UNITED STATES OF AMERICA INC.,≤100
121626482110,Operation Smile,OPERATION SMILE,≤100
19437978960,Chris Murphy,FRIENDS OF CHRIS MURPHY,≤100
443329669123990,USAFacts,USAFacts Institute,≤100
342294162453301,Planned Parenthood,Planned Parenthood Federation of America,≤100
209516845093,NRDC Action Fund,NRDC Action Fund,≤100
140357056032320,NEA Today,National Education Association,≤100
142432192446984,David Horowitz Freedom Center,David Horowitz Freedom Center,≤100
8492293163,Environmental Defense Fund,Environmental Defense Fund,≤100
109428868495649,Christopher Miller for Mayor of Taneytown,Christopher Gehrig Miller,≤100
112134538464796,ErcAccess,Leads Team LLC,≤100
13885075114,Action Against Hunger USA,ACTION AGAINST HUNGER - USA,≤100
114710126648118,Republican Dogs,Republican Dogs,≤100
15239367801,The Wilderness Society,"WILDERNESS SOCIETY, THE",≤100
110322801968638,Obamacare-Plans,These ads ran without a disclaimer,≤100
104295601633638,American Cornerstone Institute,American Cornerstone Institute Inc,≤100
8325302025,Friends of the Earth U.S.,Friends of the Earth,≤100
103313141063508,The Welcome Party,The Welcome Party,≤100
203805062990264,Ben Shapiro,The Daily Wire,≤100
7263476274,Mercy Corps,Mercy Corps,≤100
7735858972,Humane Society Legislative Fund,Humane Society Legislative Fund,≤100
106988501633912,Offshore Wind Alliance of Delaware and Maryland,Offshore Wind Alliance of Delaware and Maryland,≤100
153446658100252,Lumina Foundation,Lumina Foundation,≤100
1470540296409810,Fair Fight Action,FAIR FIGHT ACTION INC,≤100
34362997676,United States Holocaust Memorial Museum,UNITED STATES HOLOCAUST MEMORIAL MUSEUM,≤100
101658952281268,Sustainable Earth Eating,Sustainable Earth Eating,≤100
187005858017014,Climate Power,Climate Power,≤100
106568024842114,Rideshare Assault Support,Citizen Ad Network LLC,≤100
49651563727,Live Action,Live Action,≤100
7192716362,Amnesty International USA,"AMNESTY INTERNATIONAL OF THE U. S. A., INC.",≤100
598997096888503,Abramorama,Abramorama,≤100
1958912674200535,The Pour Over,Pour Over,≤100
109450205366582,The American Advisory,The American Advisor,≤100
314499212242,Pfizer,Pfizer Inc.,≤100
103695769458,United States Mint,United States Mint,≤100
183792172090826,Northern Virginia Clean Water Partners,Northern Virginia Regional Commission,≤100
145917588805718,Dr Jordan B Peterson,The Daily Wire,≤100
8047221596,Save the Children US,SAVE THE CHILDREN FEDERATION INC.,≤100
72931140459,Center for Biological Diversity,"CENTER FOR BIOLOGICAL DIVERSITY, INC.",≤100
297987334762,Jamie Raskin,Jamie Raskin for Congress,≤100
29717379728,International Justice Mission,International Justice Mission,≤100
240937060405,Center for Science in the Public Interest (CSPI),Center for Science in the Public Interest,≤100
113891694102,Energy Citizens,AMERICAN PETROLEUM INSTITUTE,≤100
8501031021,VoteVets.org,VOTEVETS,≤100
216311481960,Bill Gates,Bill Gates,≤100
100684991996307,November Coalition,NOVEMBER COALITION,≤100
51379424899,Mercy Ships,MERCY SHIPS INTERNATIONAL,≤100
113318901345595,Baby Patriots,Proud Patriots,≤100
103531607822207,Noticias para Inmigrantes,"Wise Rock Media, PBC",≤100
332381081952,Progressive Maryland,Progressive Maryland Inc,≤100
376776419037747,Turning Point USA,"Turning Point USA, Inc.",≤100
8210266638,93.9 WKYS,Urban1,≤100
546066468753446,Black Health Matters,BLACK HEALTH MATTERS FOUNDATION INC,≤100
22234040933,United Nations Foundation,United Nations Foundation,≤100
408526523045391,Mammoth Nation,Mammoth Nation,≤100
245741028804051,Barbara Sinatra Center,Barbara Sinatra Children's Center,≤100
199993410020023,Maryland PIRG,"Maryland Public Interest Research Foundation, Inc.",≤100
109599248636777,Consumer Credit Card Protection Coalition,CONSUMER CREDIT CARD PROTECTION COALITION,≤100
203197030603239,8 Billion Trees,8 Billion Trees LLC,≤100
23790541544,Democrats,DCCC,≤100
104491841664875,Break Free,"Country First Action, Inc.",≤100
1679521432262834,Physicians Grassroots Network,American Medical Association,≤100
102960695956522,Amazing Patriots,Amazing Patriots,≤100
137400059634429,Gaithersburg Book Festival,City of Gaithersburg,≤100
72092591211,FBI – Federal Bureau of Investigation,Federal Bureau of Investigation,≤100
140968452585173,92QJams Baltimore,Urban1,≤100
109352563640,Water.org,WATER.ORG INC.,≤100
11791104453,NRDC,Natural Resources Defense Council,≤100
239452426714,American Action Network,American Action Network,≤100
665345483483486,NRA - National Rifle Association of America,NATIONAL RIFLE ASSN OF AMERICA,≤100
156482079997,Ørsted U.S.,Orsted North America INC,≤100
299405436754707,FP1 Strategies,FP1 Strategies,≤100
114351251909317,MyBGE,BALTIMORE GAS & ELECTRIC COMPANY,≤100
1012679305536045,Elissa Slotkin,Elissa Slotkin for Michigan,≤100
115379705206001,U.S. Department of Homeland Security Blue Campaign,U.S Department of Homeland Security Blue Campaign,≤100
100711852963449,Team Vivek,VIVEK 2024,≤100
1593518174052711,Candace Owens,The Daily Wire,≤100
109521013225,Nikki Haley,Nikki Haley for President,≤100
1382441768496365,Pentair,PENTAIR,≤100
1431889706937050,Free & Fair Markets Initiative,"Free and Fair Markets Initiative, Inc.",≤100
104760636770,Vera Institute of Justice,"VERA INSTITUTE OF JUSTICE, INC.",≤100
103588388469410,Disparity Trap,Disparity Trap,≤100
1600352356914768,PushBlack,PushBlack,≤100
107764430968176,Tuttle Twins TV Show,"Tuttle Twins Show, LLC",≤100
70874333603,CatholicVote,catholicvote.org,≤100
108483545459412,Jerome Segal,Jerome Segal,≤100
2245766435469741,Beersy,Beersy LLC,≤100
542968069983885,HappeningNow,HappeningNow America,≤100
583258211727279,Shai Fund,SHAI FUND INC,≤100
38235851310,USA for UNHCR,UNITED STATES ASSOCIATION FOR UNHCR,≤100
745304825534862,Steve Scalise,Team Scalise,≤100
37461287798,Jesuit Refugee Service/USA,JESUIT REFUGEE SERVICE INC,≤100
104977525752112,Freedom of Patriots,Freedom of Patriots,≤100
866779926670025,Citizens for Tobacco Rights,Citizens for Tobacco Rights,≤100
108641741851973,Magic Valley Energy,Magic Valley Energy LLC,≤100
100373975829221,Fòs Feminista Org,Fòs Feminista,≤100
303374266418976,AFPM,American Fuel & Petrochemical Manufacturers,≤100
580610428636345,Fight for $15,Fight for $15,≤100
6502038524,First Book,FIRST BOOK,≤100
428821014132730,Katie Porter,KATIE PORTER FOR SENATE,≤100
11602044174,Independent Women's Forum,Independent Women's Forum,≤100
100279129644164,Health Saving Tips,Seniors Today USA,≤100
265584563563176,JCRC of Greater Washington,The Jewish Community Relations Council of Greater Washington,≤100
20787991568,Senate Democrats,DSCC,≤100
945455208962159,For Everyone Collective,For Everyone Collective,≤100
159658557547960,Wall Street Journal Opinion,The Wall Street Journal,≤100
170756446429578,Othering & Belonging Institute,Othering and Belonging Institute,≤100
172758932738142,PhRMA,PHARMACEUTICAL RESEARCH AND MANUFACTURERS OF AMERICA,≤100
20188298765,ACLU of Maryland,AMERICAN CIVIL LIBERTIES UNION OF MARYLAND INC,≤100
102711341886833,Forever Scholars,Forever Scholars,≤100
613924535450605,Daniel L. Hatcher,Daniel Landon Hatcher,≤100
1201574069988840,NoFilter with Ana Kasparian,"The Young Turks, Inc.",≤100
555787351119974,Coalition to Protect America's Health Care,Coalition to Protect America’s Health Care,≤100
19746387261,Humane Society International,Humane Society International,≤100
1470540296409810,Fair Fight Action,FAIR FIGHT,≤100
43005439032,American Diabetes Association,American Diabetes Association,≤100
228132537208218,Tammy Duckworth,TAMMY FOR ILLINOIS,≤100
228496330584852,Pete Smith,Friends of Pete Smith,≤100
101704558574021,Lucas Kunce,Lucas Kunce for Missouri,≤100
108268161352786,Stanley M. Herzog Foundation,Herzog Foundation,≤100
108408962542926,Magic 95.9 Baltimore,Urban1,≤100
746938465317981,Nuclear Matters,Nuclear Matters,≤100
104178315156683,Blue Perigon Digital,Blue Perigon Digital,≤100
100728088391862,Delmarva Parent Teacher Coalition,Delmarva Parent Teacher Coalition,≤100
355783211719644,Veteran Caregivers of America,"Veteran Caregivers, LLC",≤100
657708380952174,Voices of the Civil Rights Movement,Comcast,≤100
59543893235,National Constitution Center,National Constitution Center,≤100
105561217523274,The Dispatch,"Dispatch Media, Inc.",≤100
317284821682168,Messianic Jewish Alliance of America (MJAA),Messianic Jewish Alliance of America,≤100
197760674021143,Indivisible Guide,INDIVISIBLE ACTION,≤100
5435784683,Greenpeace USA,"GREENPEACE, INC.",≤100
145973965440671,Carnegie Corporation of New York,CARNEGIE CORPORATION OF NEW YORK,≤100
681626158940626,Mission Roll Call,Americas Warrior Partnership,≤100
132066233534659,Healthcare Education Project,Healthcare Education Project,≤100
82223469060,ACN - Aid to the Church in Need,"AID TO THE CHURCH IN NEED, INC.",≤100
56332452163,AMA Patients Action Network,American Medical Association,≤100
38471053686,Elizabeth Warren,"WARREN DEMOCRATS, INC.",≤100
372577693078008,"Saenz-Garcia Law, PLLC","Saenz-Garcia Law, PLLC",≤100
309798029121030,Everytown for Gun Safety,Everytown for Gun Safety Action Fund Inc,≤100
125769584126996,Yael Eckstein,"INTERNATIONAL FELLOWSHIP OF CHRISTIANS & JEWS, INC.",≤100
108934528580381,Rapid Response Polls,Eric M Manning,≤100
21375324480,The Heritage Foundation,HERITAGE FOUNDATION (THE),≤100
250485248333218,Clean Air Task Force,CLEAN AIR TASK FORCE,≤100
45393753416,Alliance Defending Freedom,Alliance Defending Freedom,≤100
15503839732,Peter G. Peterson Foundation,Peter G. Peterson Foundation,≤100
5720973755,Defenders of Wildlife,DEFENDERS OF WILDLIFE,≤100
125179374733697,Big News Buzz,Resource Media,≤100
153278754738777,Climate Reality,The Climate Reality Project,≤100
936968016365794,The Eric Metaxas Radio Show,Salem Media,≤100
111812468884033,W.K. Kellogg Foundation,W. K. KELLOGG FOUNDATION,≤100
47710973068,Voices for Cooperative Power,Voices for Cooperative Power,≤100
43287633515,Action for the Climate Emergency,Action for the Climate Emergency,≤100
557051651115624,Stidham Financial Services,Stidham Financial Services,≤100
1338822066131069,Women's March,Women's March,≤100
408250066356,Bill O'Reilly,"Bill Me, Inc.",≤100
36872302227,Cory Booker,CORY BOOKER FOR SENATE,≤100
282728185140429,Rep For Vets,The Rep For Vets,≤100
50822254585,Mountain States Legal Foundation,Mountain States Legal Foundation,≤100
89336510798,American Friends of the Hebrew University,American Friends of Hebrew University,≤100
131023707236064,Applecart,Project Applecart LLC,≤100
1476342155924546,Big Rig Threads,Big Rig T-Shirts and Decals LLC,≤100
878935975829857,Healthcare Supply Chain Association,Healthcare Supply Chain Association,≤100
12357407443,American Friends Service Committee,AMERICAN FRIENDS SERVICE COMMITTEE,≤100
786167111464006,Woodson Center,The Woodson Center,≤100
111380958315889,Secure Financial Future,INVESTMENT COMPANY INSTITUTE,≤100
50576707351,Republican State Leadership Committee,Republican State Leadership Committee,≤100
101090559295696,TPUSA Faith,TURNING POINT USA NFP,≤100
134452023239984,Human Coalition,Human Coalition,≤100
267180743723148,National Geographic Society,National Geographic Society,≤100
126305280752104,Slavic Gospel Association,SLAVIC GOSPEL ASSOCIATION,≤100
102487414911362,Stop AAPI Hate,Stop AAPI Hate,≤100
96935476345,Democratic Governors Association (DGA),"Democratic Action, democraticgovernors.org, not authorized by any candidate or candidate's committee.",≤100
102592959026,Ocean Conservancy,"OCEAN CONSERVANCY, INC.",≤100
260668817346988,Ignite National,IGNITE,≤100
6315243665,Faith in Public Life,"FAITH IN PUBLIC LIFE, INC.",≤100
36474716066,Color Of Change,ColorofChange.org,≤100
110480728196620,Small Business Digital Alliance,Small Business Digital Alliance,≤100
507070522767934,AACR Foundation,"AMERICAN ASSOCIATION FOR CANCER RESEARCH, INC.",≤100
7860876103,Joe Biden,DNC SERVICES CORP./DEM. NAT'L COMMITTEE,≤100
118626774835274,Medicare Made Clear,Medicare Made Clear from United Healthcare,≤100
689547608156721,The Burial Solution,The Burial Solution,≤100
108761895812039,Montgomery College Television - MCTV,MCTV,≤100
700153177010264,Plant Based Products Council,Plant Based Products Council,≤100
116115111094914,Mirena® (levonorgestrel-releasing intrauterine system) 52 mg,These ads ran without a disclaimer,≤100
131306317680000,Social Goods,"Social Goods, LLC",≤100
6787988478,Physicians for Human Rights,"PHYSICIANS FOR HUMAN RIGHTS, INC.",≤100
104107788684988,Tom Klingenstein,TomKlingenstein.com,≤100
201446296572389,Compassion in World Farming (USA),Compassion in World Farming Inc,≤100
182620315479,Plan International USA,Plan International USA,≤100
38882699096,Polaris,POLARIS PROJECT,≤100
173470656019870,The Daily Yonder,CENTER FOR RURAL STRATEGIES,≤100
106058025408954,Do No Harm Medicine,Do No Harm,≤100
18813753280,Human Rights Campaign,Human Rights Campaign Foundation,≤100
108512875350,The Atlas Society,The Objectivist Center Ltd,≤100
103648802451237,Fair Courts America,Fair Courts America,≤100
84112077638,Greater Good Charities,GREATERGOOD.ORG,≤100
84645912778,Prosperity Now,PROSPERITY NOW,≤100
57673294024,PRAISE 104.1 FM,Urban1,≤100
458142697588014,AARP Public Policy Institute,AARP,≤100
310925405807,Citizens Climate Lobby,Citizens' Climate Lobby,≤100
169687486427698,Jentezen Franklin,FREE CHAPEL WORSHIP CENTER,≤100
428330877769054,Ask Anything,Ask Anything,≤100
197760674021143,Indivisible Guide,Indivisible Project,≤100
378084314984,Trane Technologies,Trane Technologies,≤100
826456714149334,Black Millennials 4 Flint,Black Millennials 4 Flint,≤100
262680017949612,Quincy Institute for Responsible Statecraft,Quincy Institute,≤100
5644748986,National Wildlife Federation,NATIONAL WILDLIFE FEDERATION,≤100
1505244559517282,Colin Allred,COLIN ALLRED FOR CONGRESS,≤100
127637620616803,Comcast Newsmakers,Comcast,≤100
17203056985,Partners In Health,Partners In Health,≤100
290548664672,First Liberty,First Liberty Institute,≤100
83290028957,Care Net,CARE NET,≤100
478022368897483,The Ocean Cleanup,The Ocean Cleanup with Facebook Ad Credits,≤100
113496178208014,Protecting Our Democracy,Protecting Our Democracy,≤100
780941275347834,Ilhan Omar,ILHAN FOR CONGRESS,≤100
7606381190,Amy Klobuchar,KLOBUCHAR FOR MINNESOTA,≤100
104500097856057,"SunGaze Solar, LLC","SunGaze Solar, L.L.C.",≤100
101391906600,Live Action News,Live Action,≤100
2254455051442790,Flag and Cross,Flag & Cross,≤100
104614641200137,MeidasTouch,MEIDASTOUCH,≤100
6240652407,Young America's Foundation,Young America's Foundation Inc,≤100
302111635698,National Association of Tax Professionals (NATP),National Association of Tax Professionals,≤100
50982313030,Food & Water Watch,Food & Water Watch,≤100
109749408609311,Proud Patriots USA,Proud Patriots USA,≤100
7962229886,Environmental Working Group,ENVIRONMENTAL WORKING GROUP,≤100
407902639235640,JNS.org,Jewish News Syndicate,≤100
8524198486,Physicians Committee for Responsible Medicine,"PHYSICIANS COMMITTEE FOR RESPONSIBLE MEDICINE, INC.",≤100
343714718985673,Think Wood,Think Wood,≤100
109118211910879,Mr. 45,Green Straw LLC,≤100
51405613519,Focus on the Family,Focus on the Family,≤100
188627788423714,The Scoop Politics,The Scoop Media Inc.,≤100
113553048669158,Rick Scott,RICK SCOTT FOR FLORIDA,≤100
292351509697,Jerusalem Prayer Team,Jerusalem Prayer Team,≤100
144359178921200,Majic 102.3/92.7,Urban1,≤100
106779538059265,Jay Timmons,NATIONAL ASSOCIATION OF MANUFACTURERS OF THE UNITED STATES OF AMERICA INC.,≤100
18983389920,Open Society Foundations,Open Society Foundations,≤100
42940254353,Human Rights Watch,"HUMAN RIGHTS WATCH, INC.",≤100
745910525468062,National Center on Sexual Exploitation,National Center on Sexual Exploitation,≤100
10498053716,Media Research Center,MEDIA RESEARCH CENTER,≤100
1526736227567131,TrueCoverage,True Coverage,≤100
6334782252,Oceana,Oceana,≤100
142957224352,International Medical Corps,International Medical Corps,≤100
201956993160690,MRCTV,MEDIA RESEARCH CENTER,≤100
61492859575,Americares,"Americares Foundation, Inc.",≤100
109819009036381,The New York Sun,NEW YORK SUN COMPANY LLC,≤100
105561217523274,The Dispatch,These ads ran without a disclaimer,≤100
185886644779524,Public Service Commission of the District of Columbia,Public Service Commission of the District of Columbia,≤100
112735922758892,Charlie Kirk,"Turning Point USA, Inc.",≤100
21090771700,Gun Owners of America,Gun Owners of America,≤100
100388126216021,The Red Onlooker,Gregory Lawrence Burright,≤100
497348647140658,Point Source Youth,Point Source Youth,≤100
1569253233364184,Praise 106.1 Baltimore,Urban1,≤100
331037760381749,Sierra Magazine,SIERRA CLUB,≤100
8895898655,Rainforest Alliance,"RAINFOREST ALLIANCE, INC.",≤100
30079936984,CWS,"CHURCH WORLD SERVICE, INC.",≤100
160630887998827,Let Them Live,Oliver Harrison  Berning,≤100
397207347056799,Voices for Healthy Kids,AMERICAN HEART ASSOCIATION INC,≤100
290851614930809,Combat AntiSemitism,Combat Hate Foundation,≤100
141786816970,Cruise Lines International Association - CLIA,Cruise Lines International Association,≤100
1534290989956166,Philanthropy Roundtable,"PHILANTHROPY ROUNDTABLE, THE",≤100
2152371365037033,Aliados Adelante,AARP,≤100
106197598905797,Golfglrius,These ads ran without a disclaimer,≤100
158505287559920,Save the Storks,Save the Storks,≤100
152264148166020,Moms Clean Air Force,Moms Clean Air Force,≤100
102047517918,The Commonwealth Fund,"COMMONWEALTH FUND, THE",≤100
367292494407,AJC - American Jewish Committee,AMERICAN JEWISH COMMITTEE,≤100
105173311888160,Star and Bar,Star and Bar,≤100
107661474402498,Liberty Eagle Apparel,United Patriot,≤100
100913694925880,"Akalan Law Firm, PLLC","Akalan Law Firm, PLLC",≤100
137918019584028,Starfish Project,"STARFISH PROJECT, INCORPORATED",≤100
107454490912636,Jewish Future Pledge,Jewish Future Pledge Inc,≤100
16534314739,Facing History and Ourselves,"FACING HISTORY AND OURSELVES NATIONAL FOUNDATION, INC.",≤100
20876805343,March of Dimes,MARCH OF DIMES INC.,≤100
8936818385,Accuracy in Media,Flo Communications,≤100
10725413603,Interfaith Alliance,Interfaith Alliance,≤100
429233848012141,The HALO Trust USA,"HALO TRUST (USA), INC. (THE)",≤100
252814820267,HIAS,HIAS,≤100
395387250536986,Janet for Justice,JANET FOR JUSTICE,≤100
154561574598964,White Coat Waste Project,THE WHITE COAT WASTE PROJECT INC,≤100
77130778113,Coalition for Medicare Choices,The Coalition for Medicare Choices,≤100
925007000949719,ExxonMobil,EXXON MOBIL CORPORATION,≤100
100758682697459,Mayday Health,"Mayday Medicines, Inc.",≤100
859142114232628,CARE - Californians for Affordable & Reliable Energy,Californians for Affordable and Reliable Energy,≤100
83865976093,Truthout,TRUTHOUT,≤100
124506846628,Agape International Missions,AGAPE INTERNATIONAL MISSIONS,≤100
101224002310757,Seven Weeks Coffee,Seven Weeks Coffee,≤100
101041998305221,The Proud Republicans,Tomer Barazani,≤100
102413723172970,Nick Adams,Nick Adams,≤100
747783932079184,Jared Golden for Congress,COMMITTEE TO ELECT JARED GOLDEN,≤100
505653766599222,America First with Dr. Sebastian Gorka,Salem Media,≤100
57259033959,AARP,AARP,≤100
74783093812,Just Vision,JUST VISION INC,≤100
92021268117,Working America,Working America,≤100
6165653060,AFSCME,AMERICAN FEDERATION OF STATE COUNTY & MUNICIPAL EMPLOYEES,≤100
28446275521,Military Officers Association of America (MOAA),Military Officers Association of America,≤100
16477459734,League of Conservation Voters,"LEAGUE OF CONSERVATION VOTERS, INC",≤100
300992409852,Hoover Institution,Hoover Institution,≤100
10234472029,Council on Foreign Relations,Council on Foreign Relations,≤100
1546952572205770,UAE USA United,The Embassy of the United Arab Emirates,≤100
284293125336159,Regulatory Transparency Project,FEDERALIST SOCIETY FOR LAW & PUBLIC POLICY STUDIES,≤100
7145381235,American Jewish World Service - AJWS,"AMERICAN JEWISH WORLD SERVICE, INC.",≤100
299295363912730,New Politics Leadership Academy,New Politics Leadership Academy,≤100
182723117043,Chicago Council on Global Affairs,CHICAGO COUNCIL ON GLOBAL AFFAI,≤100
14957887077,Freedom House,"FREEDOM HOUSE, INC.",≤100
265251610146,Virginia League of Conservation Voters,Virginia League of Conservation Voters,≤100
222539451627775,The Graceful Goose,The Graceful Goose,≤100
164966660351345,Hope Outfitters,Hope Outfitters,≤100
214061167976,El Tiempo Latino,MASTV EL PLANETA LLC,≤100
200650357207240,I Love My Freedom,I Love My Freedom,≤100
106563958759988,Semafor,Semafor Inc.,≤100
108266445888054,Patriot Academy,TORCH OF FREEDOM FOUNDATION,≤100
108247581851552,Democracy Defense Fund,DEMOCRACY DEFENSE FUND,≤100
96491683438,"The Friends of Israel Gospel Ministry, Inc.","FRIENDS OF ISRAEL GOSPEL MINISTRY, INC, THE",≤100
19342050934,Leadership Institute,LEADERSHIP INSTITUTE INC,≤100
103565195134756,America First Policy Institute,America First Policy Institute,≤100
1898234727131235,Reel America,BizPac Review,≤100
105120815642998,Partnership to Address Global Emissions,PARTNERSHIP TO ADDRESS GLOBAL EMISSIONS INC,≤100
58736997707,Marco Rubio,Rubio Victory Committee,≤100
109716011638325,Jane Fonda Climate PAC,JANE FONDA CLIMATE PAC,≤100
129255907131113,NumbersUSA,NUMBERSUSA EDUCATION AND RESEARCH FOUNDATION,≤100
286224862049910,Salim Adofo,Salim Kwabena Thandiwe Adofo,≤100
7515233409,"Mikey Weinstein, MRFF",MILITARY RELIGIOUS FREEDOM FOUNDATION,≤100
243184199040637,Caring Across Generations,Caring Across Generations,≤100
105753898811449,Align Us,Align Us,≤100
190198574334684,FHE Health,THE FLORIDA HOUSE EXPERIENCE M,≤100
111464544881905,America First News,Tomer Barazani,≤100
316955281351,APWU - The American Postal Workers Union,AMERICAN POSTAL WORKERS UNION,≤100
124487677571733,Greg Todd,These ads ran without a disclaimer,≤100
342887442508723,Convention of States,Convention of States Action,≤100
205795426669644,Facts and Logic about the Middle East,Facts and Logic About the Middle East,≤100
645392368909975,carafem,carafem,≤100
817567028361575,The Halcyon Movement,The halcyon movement,≤100
80770833881,Eagles' Wings,EAGLES' WINGS MINISTRIES,≤100
238473269650980,Capital & Main,CAPITAL & MAIN,≤100
647380495652111,The Oxygen Project,Oxygen Short Inc,≤100
69983322463,Ted Cruz,TED CRUZ FOR SENATE,≤100
71324717432,National Association of Scholars,NATIONAL ASSOCIATION OF SCHOLARS,≤100
121039907919,ChatterBlast,ChatterBlast Media,≤100
1165715730222155,Consumer Choice Center,Consumer Choice Center,≤100
43426724597,Paper Culture,Paper Culture LLC,≤100
896759427103774,Modern Medicaid Alliance,Modern Medicaid Alliance,≤100
168876449866088,The Years Project,THE YEARS PROJECT,≤100
114301413446447,The Climate Initiative,Kennebunkport Climate Initiative,≤100
104908071917505,Welcome.us,Welcome.us,≤100
830162603716633,Andy Beshear,Andy Beshear for Governor,≤100
7219151423,The Fund for American Studies (TFAS),FUND FOR AMERICAN STUDIES,≤100
417522508294454,Job Creators Network,Job Creators Network,≤100
60182072999,Lila Rose,Live Action,≤100
205671813294,Mountain View Solar,"MOUNTAIN VIEW SOLAR AND WIND, LLC",≤100
983629811723932,Home Title Lock,Home Title Lock,≤100
11465191261,JPMorgan Chase & Co.,These ads ran without a disclaimer,≤100
428717568028384,Dan Cruz For Senate,Dan Cruz For Senate,≤100
999556810102061,Signature Seas,Signature Seas,≤100
259351004139042,Ashbrook Center,Ashbrook Center,≤100
136319820561312,Erika Yalowitz for Virginia State Senate,Erika for Virginia,≤100
442553959494293,Center for Climate Integrity,Center for Climate Integrity,≤100
403737406341879,National Women's Health Network,NATIONAL WOMENS HEALTH NETWORK,≤100
103875099042033,DailyWire+,The Daily Wire,≤100
309680162567,Dresher Center for the Humanities at UMBC,These ads ran without a disclaimer,≤100
801419943264962,BLM Wild,BLM Wild,≤100
417709355647,The Lynde and Harry Bradley Foundation,"LYNDE AND HARRY BRADLEY FOUNDATION, INC., THE",≤100
1050320055029012,Outrider Foundation,OUTRIDER FOUNDATION INC,≤100
102266109215416,DeSantis Watch,"Florida Watch, Inc",≤100
30914589895,The International Fellowship of Christians and Jews,"INTERNATIONAL FELLOWSHIP OF CHRISTIANS & JEWS, INC.",≤100
25121889784,Texas Public Policy Foundation,Texas Public Policy Foundation,≤100
1266807373376447,West Virginians For Energy Freedom,West Virginians For Energy Freedom,≤100
93228695778,Tea Party Patriots,Tea Party Patriots,≤100
971668776283950,PolicyEd,Hoover Institution,≤100
101265712581252,Eicervconom,These ads ran without a disclaimer,≤100
210277954204,The Young Turks,"The Young Turks, Inc.",≤100
150984828444765,Chris McDaniel for Lt. Governor,Committee to Elect Chris McDaniel,≤100
41182871633,National Museum of American Jewish History,National Museum of American Jewish History,≤100
159937287765742,CityHealth,CityHealth,≤100
102421369434228,Goose's News Daily,Justin Gustafson,≤100
108179361951729,Republican Patriots,Tomer Barazani,≤100
133937690180,Student Conservation Association,Student Conservation Association,≤100
163684173651518,SEIU Local 2015,SEIU LOCAL 2015,≤100
130268756992804,Yale Climate Connections,Yale Climate Connections,≤100
101400032438085,The A-Mark Foundation,A MARK FOUNDATION,≤100
63240625785,National Immigration Forum,NATIONAL IMMIGRATION FORUM,≤100
206238602739505,Taxpayers Protection Alliance,Taxpayers Protection Alliance,≤100
116139428050914,The Retort Report,Todd James Peterson,≤100
788559044606908,America Forward,NEW PROFIT INC,≤100
95135221781,Federal News Network,Hubbard Radio DC,≤100
59254639983,Boston Medical Center,BOSTON MEDICAL CENTER,≤100
10524033745,Remote Area Medical - RAM,REMOTE AREA MEDICAL,≤100
711478725532801,Civiqs,Civiqs,≤100
101626535691142,Tina Blum Cohen for U.S. House of Representatives Texas District 7,TINA BLUM COHEN FOR US HOUSE OF REPRESENTATIVES TEXAS DISTRICT 7,≤100
1869687273277265,Run for Something,Run For Something PAC,≤100
1832888600167903,JD for Arlington,JD for Arlington,≤100
100184235633007,Summit Carbon Solutions,"Summit Carbon Solutions, LLC",≤100
372082579523719,Rabbi Dr. Shmuly Yanklowitz,Rabbi Dr. Shmuly Yanklowitz,≤100
102027764795677,American Wire,BizPac Review,≤100
110856865095475,Albert Vega for Springfield Supervisor,Friends of Albert Vega,≤100
103128974521953,Michael Feggans for Delegate,Michael Feggans for Virginia,≤100
46347342434,EMILY's List,EMILY'S LIST,≤100
78420171887,Sailors for the Sea,OCEANA INC,≤100
86071521216,Second Amendment Foundation,SECOND AMENDMENT FOUNDATION INC,≤100
399997860992,Educators for Excellence,Educators for Excellence,≤100
510681319319292,U.S. Civil Rights Trail,US Civil Rights Trail Marketing Alliance INC,≤100
97466887664,Innocence Project,"INNOCENCE PROJECT, INC., THE",≤100
126053105675,Save the Redwoods League,Save The Redwoods League,≤100
181924628560212,Ekō,Ekō,≤100
8002590959,Rainforest Action Network - RAN,RAINFOREST ACTION NETWORK,≤100
271453369908901,FLAG  - Foundation for Liberty and American Greatness,Tomer Barazani,≤100
782589285112360,Clark for Mayor of Harvey,Citizens for Christopher J Clark,≤100
51052893175,Speaker Kevin McCarthy,Speaker Kevin McCarthy,≤100
226999127329906,New York Immigration Lawyer,Law Office of Alena Shautsova,≤100
169710960125365,Curzio Research,Curzio Research,≤100
104377641671195,Salem Podcast Network,Salem Media,≤100
464998390249008,The Independence Fund,"INDEPENDENCE FUND, INC, THE",≤100
170491079663777,The Sentencing Project,"SENTENCING PROJECT INC, THE",≤100
337038226473839,Trish Regan,"SALEM MEDIA GROUP, INC.",≤100
102079592297532,Leftdiculous Card Game,"Right Entertainment, LLC",≤100
126893748252841,American Firearms Association,American Firearms Coalition,≤100
130945114804,World Jewish Congress,WORLD JEWISH CONGRESS AMERICAN SECTION INC,≤100
487569614682924,CAPP USA,Yellow Line Productions LLC,≤100
1850752118493392,Kanaeokana,Kanaeokana,≤100
43934405787,IPPF,International Planned Parenthood Federation Worldwide Inc,≤100
508887815910815,BPR,BizPac Review,≤100
130848666099,Business Forward,Business Forward Inc.,≤100
110316380149,Family Policy Alliance,Family Policy Alliance,≤100
260713150211,Protect Our Winters,Protect Our Winters,≤100
1445796818829958,The Nature Conservancy Virginia,NATURE CONSERVANCY,≤100
5943727453,American Humane,American Humane,≤100
636093333133893,UCR School of Public Policy,UCR School of Public Policy,≤100
300341323465160,The Daily Signal,HERITAGE FOUNDATION (THE),≤100
524399207959953,Truth & Liberty Coalition,Truth & Liberty Coalition,≤100
102204903345,The Vilcek Foundation,"VILCEK FOUNDATION, INC., THE",≤100
142474049098533,Robert Reich,Inequality Media,≤100
16317479654,Deseret News,Deseret News,≤100
106582384539447,Design for Freedom by Grace Farms,"GRACE FARMS FOUNDATION, INC.",≤100
552580508224925,Chan Zuckerberg Initiative,"CHAN ZUCKERBERG INITIATIVE, LLC",≤100
149745555082419,Pioneer Institute for Public Policy Research,"Pioneer Institute, Inc.",≤100
1428755447227803,Defend The Second,Next Level Goods,≤100
279799525443906,HELPS Nonprofit,HELPS Nonprofit Law Firm,≤100
136362309708243,Restaurant Opportunities Centers United (ROC United),"RESTAURANT OPPORTUNITIES CENTERS (ROC) UNITED, INC.",≤100
234142976633158,Wake Up World & Smell the Coffee,Edith Dume Lerner,≤100
123778085411,American Society of Radiologic Technologists,ASRT,≤100
103047259150209,What I Want to Know with Kevin P. Chavous,"Stride, Inc.",≤100
1599237673639735,Change Media Group,Change Media Group,≤100
116850341317501,GOP Gear,Red First,≤100
100957336268290,"Brighter Vision Mental Health, LLC",These ads ran without a disclaimer,≤100
100417168386329,Heal America,Stand Together Chamber of Commerce Inc.,≤100
169042736456594,All Out,All Out Action Fund.,≤100
90209763480,The Federalist Society,The Federalist Society,≤100
142474049098533,Robert Reich,Inequality Media Civic Action,≤100
1961067630824935,Roborock,These ads ran without a disclaimer,≤100
234744096655497,Alliance For Early Success,Alliance for Early Success,≤100
64974200999,America-Israel Friendship League,AMERICA-ISRAEL FRIENDSHIP LEAGUE,≤100
28915909437,American Veterinary Medical Association Congressional Advocacy Network,AMERICAN VETERINARY MEDICAL ASSOCIATION,≤100
129353084077944,Maebe A. Girl,MAEBE A. GIRL FOR CONGRESS,≤100
114226275387369,republicEn,republicEn,≤100
100470349235347,Save Texas,Texas Campaign for the Environment,≤100
589658204411894,Office of South Carolina Treasurer Curtis Loftis,Future Scholar. Administered by State Treasurer Curtis Loftis. Not paid for with state funds.,≤100
9538894955,John F. Kennedy Presidential Library and Museum,"John Fitzgerald Kennedy Library Foundation, Inc.",≤100
1744911689126391,12up,These ads ran without a disclaimer,≤100
101605354952785,Glenn Youngkin,Spirit of Virginia,≤100
19420215926,CNSNews.com,MEDIA RESEARCH CENTER,≤100
210357995667559,The National Memo,The National Memo,≤100
60865633726,Love Justice International,TINY HANDS INTERNATIONAL,≤100
102079069140653,ROCKLEOPARDyoga,These ads ran without a disclaimer,≤100
186977768011413,Ironworkers Rising,"International Association of Bridge, Structural, Ornamental, and Reinforcing Iron Workers",≤100
74872201965,Dan David Prize,These ads ran without a disclaimer,≤100
102142101657930,OurFight.online,Our Fight Inc,≤100
103257956511353,Community Foundation for Loudoun and Northern Fauquier Counties,COMMUNITY FOUNDATION FOR LOUDOUN AND NORTHERN FAUQUIER COUNTIES,≤100
333513037263180,bobbie,These ads ran without a disclaimer,≤100
11551978516,URGE: Unite for Reproductive & Gender Equity,UNITE FOR REPRODUCTIVE & GENDER EQUITY,≤100
118876484849338,Mike Suarez for Tampa,"Mike Suarez for Tampa City Council, District 2",≤100
138276702894458,Right On Crime,Texas Public Policy Foundation,≤100
103530021364583,Carolina Forward,North Carolina Forward,≤100
27461595703,Carbonfund,Carbonfund.org Foundation,≤100
125937197447634,ACTA - American Council of Trustees and Alumni,AMERICAN COUNCIL OF TRUSTEES AND ALUMNI,≤100
151894654697,Save Our States,Save Our States,≤100
105692311896010,Positive Money US,Positive Money US,≤100
499379343409991,Impact Fund,"IMPACT FUND, THE",≤100
312208869424760,Field Team 6,Field Team 6,≤100
108537340548276,"Haiku, Inc.",Kyle Reyes,≤100
103546351703577,Dallas Express,Dallas Express Media,≤100
2070944712939738,American Police Officers Alliance,American Police Officers Alliance,≤100
183230542015806,J Street Baltimore,J STREET INC,≤100
107925603976843,Protect App-Based Drivers and Services,Protect App-Based Drivers and Services,≤100
101716172441500,Brennan Center en Español,"WILLIAM J. BRENNAN CENTER FOR JUSTICE, INC.",≤100
108731490859583,America's Work Force Union Podcast,"Bortini Management Associates, Inc.",≤100
101674425989138,MIT Economics Survey on Climate Change,"MIT Climate Change Survey, MIT Department of Economics",≤100
101691358819949,John K. Amanchukwu Sr.,"John Amanchukwu, Sr.",≤100
115195631833717,NAHREP The National Association of Hispanic Real Estate Professionals,NATIONAL ASSOCIATION OF HISPANIC REAL ESTATE PROFESSIONALS,≤100
100700519593180,"Buck Nasty Media. Sports, culture, politics, and the Nasty Truth",Robert Mattox,≤100
700941689954518,Defend Our Future,Defend Our Future,≤100
348104422491159,UNDIVIDED,UNDIVIDED,≤100
102420431749179,Raging Americans,Tomer Barazani,≤100
261951940219,Goldman Environmental Prize,Goldman Environmental Foundation,≤100
112114435501106,Hugh Hewitt,Salem Media,≤100
99546661271,Easterseals Delaware & Maryland's Eastern Shore,"EASTER SEALS DELAWARE & MARYLANDS EASTERN SHORE, INC.",≤100
102748688472759,Parents Defending Education,Parents Defending Education,≤100
6756153498,Mike Bloomberg,Bloomberg Philanthropies,≤100
74470852653,Mike Pompeo,Champion American Values PAC,≤100
158689780839317,vegan,Eugene Khutoryansky,≤100
100607179026941,Of Thee I Sing 1776,Harold Gershowitz,≤100
104092062075803,PBC Jolt,"Jolt Media, Inc.",≤100
40217893542,AIPAC,American Israel Public Affairs Committee,≤100
101239962270235,Bright Future Iowa,Bright Future Iowa,≤100
312657362217994,Women's Heart Alliance,Women's Heart Alliance,≤100
187193292037,Discovery Education,These ads ran without a disclaimer,≤100
673667436317733,Texas Consumer Association,Texas Consumer Association,≤100
345378512258813,Elise Stefanik,ELISE FOR CONGRESS,≤100
285017061510900,The Ants and the Grasshopper,Generation Food,≤100
103001002005081,PublicSq,PublicSq.,≤100
109710757964393,Pamela Boggess for Fort Worth City Council,Pamela Boggess Campaign,≤100
494259170754224,Keeping IDentities Safe,KEEPING IDENTITIES SAFE,≤100
349800859019034,The 19th News,The 19th,≤100
104134582247672,Anthony D'Esposito,DESPOSITO FOR NEW YORK,≤100
108028728590880,CTLPod,POPULATION MEDIA CENTER INC,≤100
291102898490822,Conservative Comedy Store,Conservative Comedy Store,≤100
178700205665083,FamilyLife Blended,CAMPUS CRUSADE FOR CHRIST INC,≤100
85252863415,National Latina Institute for Reproductive Justice,NATIONAL LATINA INSTITUTE FOR REPRODUCTIVE HEALTH,≤100
112735922758892,Charlie Kirk,Salem Media Group,≤100
607339103061292,Jody Owens Hinds County District Attorney,Friends of Jody Owens,≤100
105892547586690,Swell,Anecure Inc,≤100
1625318647679604,Utah Association of Realtors,Utah Association of REALTORS®,≤100
101791315693,Destiny Rescue,"Destiny Rescue International, Inc.",≤100
112345611796763,Donald Trump Voters,I Love My Freedom,≤100
138434734461,CIIS Public Programs,CIIS Public Programs,≤100
105004902188550,dr.lisamiller,These ads ran without a disclaimer,≤100
8321461609,MomsRising.org,MomsRising Together,≤100
156496968533805,Explore Beyond,NCTA - The Internet & Television Association,≤100
103328515934791,Take Back 2024,The Blue State Conservative,≤100
234873863355500,Yale Alumni Association,Yale Alumni Association,≤100
661744180680367,National Police Association,"NATIONAL POLICE ASSOCIATION, INC.",≤100
482100658584410,We Stand For Energy,"EDISON ELECTRIC INSTITUTE, INC.",≤100
220538341415523,The Satanic Temple,The Satanic Temple,≤100
110068881944540,Clarence Cox for Sheriff,Friends of Clarence Cox,≤100
5633824547,FreedomWorks,"FREEDOMWORKS, INC.",≤100
37442103053,ACLU of New Jersey,AMERICAN CIVIL LIBERTIES UNION OF NJ,≤100
101437432582765,The Center for Infrastructure and Economic Development,Center for Infrastructure and Economic Development Inc.,≤100
795162290631372,Citrus Pregnancy Center,LIFE CHOICE CARE CENTER INC,≤100
105599502191866,Florida Jolt,"Jolt Media, Inc.",≤100
346612865750115,Korea Defense Veterans Association,Korea Defense Veterans Association,≤100
11111618026,Union of Concerned Scientists,"UNION OF CONCERNED SCIENTISTS, INC.",≤100
204295565648,Representative Jason Fischer,Jason Fischer Campaign,≤100
146678415405673,FindLaw for Legal Professionals,FindLaw Legal Professionals,≤100
109729861699329,Speak4,Speak4,≤100
54580146753,Faith in Action,Faith in Action,≤100
217187838327836,The Story Exchange,The Story Exchange Foundation,≤100
6333396177,NewsBusters.org,MEDIA RESEARCH CENTER,≤100
206226362732803,Inspire Clean Energy,"Inspire Energy Holdings, LLC",≤100
179610235833,City of Charlotte Government,City of Charlotte,≤100
431019887282794,Tomorrow's World Today,Flying Cork,≤100
1042560925858683,John Kelly,John Alexander Kelly,≤100
610264146298573,The American Council,The American Council for Evangelicals,≤100
1223818144299403,DFRLab,"ATLANTIC COUNCIL OF THE UNITED STATES, INC. (THE)",≤100
85945492130,EnergyBoom,Energy Boom,≤100
107326878275017,National Pretrial,National Pretrial,≤100
226489691251,Keep New Hanover Beautiful,Keep New Hanover Beautiful,≤100
7035457015,Brave New Films,BRAVE NEW FOUNDATION 501(C)(3),≤100
109585095231048,Vote Yes for Unit 5,Yes for  Unit 5,≤100
539618616234937,GateWay Second Chance Foundation,GateWay Second Chance Foundation,≤100
50513265848,Citizens United,Citizens United,≤100
162069790604,AARP Arizona,AARP,≤100
103948701221001,Pro-Life Flag Project,Pro-Life Flag Project,≤100
100123286264769,Tanner DiBella,American Council for Evangelicals,≤100
940653386126953,StandingWithYou.org,Standingwithyou.org,≤100
93534862768,Georgia Conservation Voters,Georgia Conservation Voters,≤100
109835458625468,Brian Flynn for Assembly,Brian Flynn for Assembly,≤100
108332374240579,SAVE ROCHESTER-Black Lives Matter,"Save Rochester, Inc.",≤100
110170005258857,Klicked Digital,DeDonato Enterprises,≤100
2321993584737314,The Markin Report,The Markin Report,≤100
104821105571303,Danny Becton for Duval County Property Appraiser,"Danny Becton, Republican, for Duval County Property Appraiser",≤100
220873174076,Animal Equality,ANIMAL EQUALITY,≤100
1196196390526965,Facebook Surveys,These ads ran without a disclaimer,≤100
101930385197156,Alianza Center,"Alianza Center, Inc.",≤100
115851611042,The Max Foundation,THE MAX FOUNDATION,≤100
103885799225717,Liberty Protector,Liberty Protector,≤100
9364828262,Citizens Against Government Waste,CITIZENS AGAINST GOVERNMENT WASTE,≤100
753777097992228,Liberty Hill Publishing,Liberty Hill Publishing,≤100
102579389208198,Country First Academy,Keep Country First Policy Action,≤100
1050178538369612,DonorSee,DonorSee,≤100
700806360047982,CFG Action,Club for Growth Action,≤100
13867925345,Equality Florida,Equality Florida,≤100
102712325850529,Libratum Press,Libratum Press LLC,≤100
106524405582141,Settle In for Ukrainians,INTERNATIONAL RESCUE COMMITTEE INC,≤100
103953861725,Population Council,"POPULATION COUNCIL, INC., THE",≤100
105407295261035,Sam Stone for Phoenix,Sam for 6,≤100
199891603386344,Common Ground Committee,Common Ground Committee,≤100
111499465080080,John Tillman,John Tillman,≤100
336442420497121,Consciously,Big Sister Corp.,≤100
100692068471118,Explain America,Apse Media LLC,≤100
121750354532995,Yale Program on Climate Change Communication,Yale Program on Climate Change Communication,≤100
251734676525,Kevin Cramer,CRAMER FOR SENATE,≤100
1557434891170862,Derek Green,GREEN FUND,≤100
1653885501501009,Propeller,Propeller Enterprises,≤100
8550121410,Free Speech America Project,MEDIA RESEARCH CENTER,≤100
12503116997,Dennis Prager,Salem Media,≤100
278434943062355,WellBeing International,"WellBeing International, Inc.",≤100
114206761565524,Theoreticalm,These ads ran without a disclaimer,≤100
127668823933246,The NewDEAL,NEWDEAL,≤100
203294399456,Public Interest Registry,Public Interest Registry,≤100
31597994711,National Apartment Association,NATIONAL APARTMENT ASSOCIATION,≤100
140155342671005,Sempervirens Fund,SEMPERVIRENS FUND,≤100
43853729859,Campaigns & Elections,Political World Communications,≤100
111213355160155,United States Liberty,United States Liberty,≤100
103942559018946,Afghan Relief,These ads ran without a disclaimer,≤100
143063095713907,Hep,"CDM PUBLISHING, LLC",≤100
102807748984964,"Crime and Criminal Justice, research by Katie Krumbholz",Katie Marie Krumbholz,≤100
1444820465547227,Rank the Vote,Rank the Vote,≤100
117592091643709,Tree of Life Ministries｜Evangelism in Israel,Tree of Life Ministries,≤100
309798029121030,Everytown for Gun Safety,Everytown for Gun Safety Support Fund Inc,≤100
1425435377743310,Conversations with Bill Kristol,FOUNDATION FOR CONSTITUTI,≤100
1835838916635491,Transamerica Institute,Transamerica Center for Health Studies,≤100
106022068706327,Tennessee For All,Memphis for All,≤100
18017481462,Acton Institute,Acton Institute,≤100
183165025062107,The TESA Collective,"The Toolbox for Education and Social Action, Inc",≤100
105652832443066,Carbon Titans,CARBON TITANS LLC,≤100
117507751891,United Poultry Concerns,"UNITED POULTRY CONCERNS, INC",≤100
275947565591,"Woods and Woods, LLC, The Veteran's Firm","Woods & Woods, LLC",≤100
101542284893130,Delaware LIVE News,DELAWARE LIVE LLC,≤100
514446149038714,The Iowa Standard,The Iowa Standard,≤100
107409909326665,Stephen Wise Free Synagogue,"WISE, STEPHEN FREE SYNAGOGUE",≤100
126855128568,FEBC (Far East Broadcasting Company),"FAR EAST BROADCASTING COMPANY, INC.",≤100
187850809456,PSEA - PA State Education Association,PENNSYLVANIA STATE EDUCATION ASSOCIATION,≤100
38236386996,LSU Press,LSU Press,≤100
123460781200,Alon Ben-Meir,Alon Ben-Meir Inc,≤100
330641537286442,Virginia Constitutional Conservatives,Virginia Constitutional Conservatives,≤100
133913826633461,Grassroot Institute of Hawaii,Grassroot Institute of Hawaii,≤100
101393349503381,Economic Sentinel,"EconomicSentinel.com, LLC",≤100
208551063368,Dominican Friars of the Province of Saint Joseph,DOMINICAN FOUNDATION,≤100
659878157406228,America's Warrior Partnership,America's Warrior Partnership,≤100
322945079029,Glory Church International,GLORY CHURCH INTERNATIONAL,≤100
110010433804232,Standing For Freedom Center,Standing for Freedom Center,≤100
170126260000702,Western Journal US News,The Western Journal,≤100
58158120046,ACLJ,American Center for Law and Justice,≤100
106636928696502,John Massoud,MASSOUD FOR SENATE,≤100
115823401394817,Impress,These ads ran without a disclaimer,≤100
11024050756,Bioneers,Bioneers,≤100
160630887998827,Let Them Live,Let Them Live,≤100
414641038607265,African-American Roundtable,"African American Roundtable, Inc",≤100
322255474988452,Skytale Digital - Restaurant Marketing,These ads ran without a disclaimer,≤100
197374340229,E2 - Environmental Entrepreneurs,E2 (Environmental Entrepreneurs),≤100
97624620788,American Friends of Magen David Adom,AMERICAN FRIENDS OF MAGEN DAVID ADOM,≤100
82609311925,GreenLatinos,GreenLatinos,≤100
101103254533,SOS International,SOS International,≤100
75553755070,Michael Smerconish,Michael Smerconish,≤100
170169493012341,The Fund for Global Human Rights,FUND FOR GLOBAL HUMAN RIGHTS,≤100
143173285763,Tenth Amendment Center,Tenth Amendment Center,≤100
182079698493370,Portside,Portside,≤100
19072122251,National Women's History Museum,NATIONAL WOMENS HISTORY MUSEUM,≤100
104099074492299,Derrick Van Orden,VAN ORDEN FOR CONGRESS,≤100
6954880804,Green America,GREEN AMERICA,≤100
98770677047,LawInfo.com,LawInfo,≤100
206720776418967,Society of Native Nations,Society of Native Nations,≤100
108813425157763,"Hoyt Prindle for Tampa City Council, District 6","Hoyt Prindle, non-partisan candidate for Tampa City Council (District 6)",≤100
36085812354,Rainforest Foundation US,"Rainforest Foundation, Inc.",≤100
993294760683044,Education Reform Now,EDUCATION REFORM NOW ADVOCACY INC,≤100
102658018862855,Salem News Channel,Salem Media Group,≤100
103338614839717,Peter S. Wenz,Peter S. Wenz,≤100
100562019990818,U.S. Term Limits,U.S. Term Limits Inc.,≤100
6236054211,Brady: United Against Gun Violence,Brady Campaign to Prevent Gun Violence,≤100
594519783957655,Citizens for National Security,Citizens For National Security,≤100
29727753421,New Jersey Education Association,NEW JERSEY EDUCATION ASSOCIATION,≤100
61863318139,World Resources Institute,WORLD RESOURCES INSTITUTE,≤100
101903508281567,The Dude's Threads,The Dude's Threads,≤100
102252122442327,House On Fire,The CLEO Institute,≤100
102044622753692,American Potential Podcast,AMERICANS FOR PROSPERITY,≤100
105306835585083,WVCEH Fair Housing,WVCEH Fair Housing,≤100
269348454714,IMB,"INTERNATIONAL MISSION BOARD OF THE SOUTHERN BAPTIST CONVENTION, THE",≤100
433364950062784,Power Over Energy,Power Over Energy,≤100
154930410085,"Zion Oil and Gas, Inc.","Zion OIl & Gas, Inc.",≤100
143784945647421,Death with Dignity,DEATH WITH DIGNITY NATIONAL CENTER,≤100
381578445243960,Kristan Hawkins,"STUDENTS FOR LIFE OF AMERICA, INC.",≤100
6808755897,Governing,e.Republic,≤100
503499229999618,Serena Gonzales-Gutierrez,Serena for Denver,≤100
107645227592678,To Which We Belong,Mystic Artists,≤100
101350839190816,Macro Conservative,Macro Conservative,≤100
122417236309,Children's Home Society of Virginia,Children's Home Society of Virginia,≤100
334833683229560,National Performance Network,NATIONAL PERFORMANCE NETWORK INC,≤100
106426150767053,"Angela Burns for Delray Beach City Commission, Seat 4",Angela Burns for City Commission,≤100
116047174732323,Dolor Lux,These ads ran without a disclaimer,≤100
1729198467311786,G.A. Matiasz,62 Mile Press,≤100
210214622426593,Nexus Family Healing,NEXUS,≤100
1553978148244954,Build With Strength,Build With Strength,≤100
163662804426854,Life Advancement Group,LIFE ADVANCEMENT GROUP,≤100
111311390623711,2A Daddy,2A Daddy LLC,≤100
502151103244047,Join RSD,RIVERSIDE COUNTY SHERIFFS DEP,≤100
191199947570555,Michigan AFL-CIO,Michigan AFL-CIO,≤100
183472861249,Point Foundation,Point Foundation,≤100
104916968538177,TIS 이주공사,TIS VISA CORPORATION,≤100
254943996005,Catholic Answers,"CATHOLIC ANSWERS, INC.",≤100
115613890351673,Screaming Freedom Apparel,Screaming Freedom Apparel,≤100
390209621135277,Leidy Baldo Master Coach,These ads ran without a disclaimer,≤100
278052172260101,ZERO TO THREE,ZERO TO THREE,≤100
137737302951973,Kentucky Center for Economic Policy,Kentucky Center for Economic Policy,≤100
353237777925,Pennsylvania House Dems,Pennsylvania House Democratic Campaign Committee,≤100
100416829644887,Bossy Beaver Apparel,Bossy Beaver Apparel,≤100
104220428897136,gymtanpatrol,These ads ran without a disclaimer,≤100
399060493533519,The Justice Foundation,JUSTICE FOUNDATION,≤100
101283468990062,Local Voices United,Local Voices United,≤100
110597208617912,Hello Sunshine Baby Thrift,These ads ran without a disclaimer,≤100
698400060189827,Dan Sullivan,Alaskans for Sullivan,≤100
506680536015406,HumanProgress.org,"CATO INSTITUTE, INC.",≤100
112197355094696,Rahman Johnson for Jacksonville City Council District 14,Rahman Johnson for City Council District 14,≤100
19992349706,Taxpayers for Common Sense,TAXPAYERS FOR COMMON SENSE,≤100
109475211795252,Freedom From The Press,Michael Scott Hughes,≤100
110274460578553,Pittsburgh Works,Pittsburgh Works Together,≤100
1832245947018802,Chris Rose for US Senate - WV,ROSE FOR WEST VIRGINIA,≤100
192738164073627,A Better Balance,A Better Balance,≤100
329155814320463,"Joshua Travis, Community Advocate for Park Forest Trustee",Joshua J Travis,≤100
1581700732145378,Rasheen Aldridge For 14th Ward Alderman,Citizens for Rasheen Aldridge,≤100
106862204671108,The Deplorable Americans,Justin Gustafson,≤100
109031318770907,Joanna Weiss for Congress,Joanna Weiss for Congress,≤100
108260598407381,Cashmeretribe Shop,These ads ran without a disclaimer,≤100
273823172633650,Foundation for Government Accountability,The Foundation for Government Accountability,≤100
109366181861530,President Trump is My Wingman,Jason Donald Robertson,≤100
200548226627766,The Progressive Magazine,Norman Joseph Stockwell,≤100
424443217623488,Clarion Project,"CLARION PROJECT, INC.",≤100
2099448153445994,Students for Life Action,Students for Life Action,≤100
100136138903212,A New Species Emerges,William Simpson,≤100
520171088019503,Liforme,These ads ran without a disclaimer,≤100
392189600337,Minnesota Nurses Association,Minnesota Nurses Association,≤100
106568024842114,Rideshare Assault Support,Injury Match,≤100
103839541551153,Rep. Eric Morrison,Delaware House Democrats,≤100
110847698099863,Solarquote.org,solarquote.org,≤100
101377889168483,Gumbo Limbo Coastal Stewards,"Gumbo Limbo Coastal Stewards, Inc.",≤100
100798399617825,Jude Sincoskie For Sanibel City Council,Jude Sincoskie for Sanibel City Council,≤100
915656035153394,Oceanites,OCEANITES INC,≤100
20603236087,Love146,"LOVE146, INC.",≤100
307930162724,California Faculty Association,California Faculty Association,≤100
103744092617832,Repatriots,Khairock Digital AI In,≤100
100284648021034,New Tolerance Campaign,New Tolerance Campaign,≤100
678363045674180,Florida Realtors PAC,Realtors® Political Advocacy Committee,≤100
104377518078467,More Perfect Union,MORE PERFECT UNION FOUNDATION,≤100
156552959916,Chamberlain University,Chamberlain University,≤100
102254715563026,Paula Avila-Guillen,Women's Equality Center,≤100
101312698628642,Ryan Samuels,Ryan Francis Samuels,≤100
126815818975,Global Fund for Children,GLOBAL FUND FOR CHILDREN (THE),≤100
735450726543930,Clergy for a New Drug Policy,Clergy for a New Drug Policy,≤100
104979848524405,Starts With Us,Lubetzky Family Foundation,≤100
839158786226886,Two Party Opera,Brian Thomas Carroll,≤100
103341702689498,unlawfularrestprevention,These ads ran without a disclaimer,≤100
107934381079489,Select Fire Apparel,Mark Anthony Penn,≤100
100500465282483,Breaking Battlegrounds,September Group LLC,≤100
2361139837508625,Animal Victory,"One Red Lion, Inc DBA Animal Victory",≤100
101204378825808,Fight the Right,FIGHT THE RIGHT PAC,≤100
107142265621370,Arizona Recap,SINEMA FOR ARIZONA,≤100
11687019412,Whitney Dineen Author,These ads ran without a disclaimer,≤100
7361892567,Born Free USA,"BORN FREE USA, UNITED WITH ANIMAL PROTECTION INSTITUTE",≤100
105348224679358,The Don't Unfriend Me Show,DONT UNFRIEND ME,≤100
108108121456950,Blue States PAC,BLUE STATES PAC,≤100
41093998634,The Christian Post,The Christian Post,≤100
112168888451050,Macy Hill for Fort Worth District 7,Macy Hill for Fort Worth,≤100
120601996294661,The Geysers,The Geysers - A wholly owned subsidiary of Calpine Corporation,≤100
111559311404785,Biquette,These ads ran without a disclaimer,≤100
103773439225591,Spectatork,These ads ran without a disclaimer,≤100
881846485242129,Kyle Reyes,Kyle Reyes,≤100
372799605421,DeSmog,DeSmog,≤100
175403889150682,FindLaw.com,FindLaw Consumer,≤100
100637631678746,Conservative News Daily,Conservative News Daily,≤100
195261533834361,Friends of Animals,"FRIENDS OF ANIMALS, INC.",≤100
103575659314424,Casper for Council,Blake J Casper Campaign,≤100
150322194563,PASA Primates: Pan African Sanctuary Alliance,PAN AFRICAN SANCTUARIES ALLIANCE,≤100
109292752077520,Kwame Spearman for Denver Mayor,Kwame for Denver,≤100
1692379677742656,Utility Pro Work Wear,These ads ran without a disclaimer,≤100
505082913012317,Must Read Alaska,Must Read Alaska LLC,≤100
109848795293568,Patriots Kingdom,Patriots Kingdom,≤100
69717994787,buildOn,BUILDON INC,≤100
101581329115492,Freedom Street,Jason Donald Robertson,≤100
149607228384141,America Needs Fatima,"American Society for the Defense of Tradition, Family and Property",≤100
111170975233915,Investment Central,Kevin Hu,≤100
723394465079640,The Lion,Stanley M. Herzog Charitable Foundation,≤100
104355145867842,"Yes on Z: Great Teachers, Great Orinda Schools",Orinda Community for Excellent Schools Yes on Z,≤100
102802765956784,Chris Miller for Jacksonville,Chris Miller Campaign,≤100
2436403486378786,Tim Temple,Tim Temple Campaign,≤100
2168484930102843,EJ Moonshot,EJ Creations LLC,≤100
123651254408327,Sokolove Law,"Sokolove Law, LLC",≤100
101782866045184,History Buff,These ads ran without a disclaimer,≤100
568103006940639,Law Office of Gary J. Kim,Law Offices of Gary J. Kim,≤100
101292045857358,The Party of the Second Amendment,James Frett,≤100
175590267993,Al Majalla,These ads ran without a disclaimer,≤100
100653549442327,League of Women Voters Martin County,League of Women Voters Martin County,≤100
103433804692809,Law Offices of James S. Hong & Associates,Law Offices of James S. Hong,≤100
10606591490,TIME,TIME USA LLC,≤100
22907478728,Clean Water Action,CLEAN WATER ACTION INC,≤100
2602473023098666,Democratic Polling Center,Democratic Governors Association,≤100
710460605705480,Dugit Outreach Center,Dugit Messianic Outreach Center,≤100
710669049286394,Woo the People,Woo the People,≤100
1010664679060500,Voting Rights Brigade,Voting Rights Brigade,≤100
193861605858,Buffalo Field Campaign,BUFFALO FIELD CAMPAIGN,≤100
258186881053838,Dave Yarnes,Dave Yarnes,≤100
101810652152706,Ship It Zero,PACIFIC ENVIRONMENT AND RESOURCES CENTER,≤100
103064732371232,Future for Ukraine,These ads ran without a disclaimer,≤100
100108202817818,Bettermanly - The R Page,These ads ran without a disclaimer,≤100
452797224923658,The Democratic Coalition,THE DEMOCRATIC COALITION,≤100
904042819787285,Mental.,These ads ran without a disclaimer,≤100
109035554162766,Mountain State Spotlight,Mountain State Spotlight,≤100
30866133883,Alaska Wilderness League,ALASKA WILDERNESS LEAGUE,≤100
10359470549,PBS Teachers,These ads ran without a disclaimer,≤100
50719463053,Virginia Tech,These ads ran without a disclaimer,≤100
1532204373696989,Detroit is Different,"DETROIT IS DIFFERENT, INC.",≤100
649662278486235,Stand For Trees,Stand For Trees,≤100
138354569532939,"Tradition, Family, Property - TFP","American Society for the Defense of Tradition, Family and Property",≤100
115262456592822,Christians Engaged,Christians Engaged,≤100
1353722684643583,EPF Media,EPF Media,≤100
148439128199,Massachusetts Down Syndrome Congress (MDSC),MA DOWN SYNDROME CONGRESS,≤100
112349344988730,Adrian Petrila for Mayor,ADRIAN PETRILA CAMPAIGN,≤100
108433238844,CWEB,CWEB Inc.,≤100
103210743084765,Resonate,Resonate,≤100
100416560012896,Friends of the Everglades,FRIENDS OF THE EVERGLADES INC,≤100
147126507164,ACTwireless,ACTwireless,≤100
111044621745187,Liberty News,William Gordan Tanner,≤100
105060269781,Premiere Collectibles,"Premiere Marketing, Inc.",≤100
719735274774629,The Local,East Falls Media,≤100
108307735495778,Four Sisters Publishing,Four Sisters Publishing,≤100
103617546010285,all.hail.tishell,These ads ran without a disclaimer,≤100
149766845226,Pittsburgh Theological Seminary,These ads ran without a disclaimer,≤100
100124709108034,Patriot One News,Matt Clark Agency,≤100
657142061016056,CAMERA on Campus,CAMERA,≤100
320823520454,Enough Is Enough,Enough is Enough,≤100
98876727842,Cummins Inc,These ads ran without a disclaimer,≤100
143981748956175,Rural Assembly,Rural Assembly,≤100
115045118135002,Mariclare Hayes for District Judge,Friends of Mariclare Hayes,≤100
105334892381660,AmericanTowns Politics,AMERICAN TOWNS,≤100
105815445626322,cal.interpreters,These ads ran without a disclaimer,≤100
473191156175163,EDF Action,Environmental Defense Action Fund,≤100
683095228488145,Scott McKnight,The Scott McKnight Campaign,≤100
266744843422391,Zoetis,Zoetis Inc.,≤100
100710759119069,Blue Planet Ecosystem,Blue Planet Ecosystem,≤100
22157042654,TheatreWorks Silicon Valley,TheatreWorks Silicon Valley,≤100
40755480179,Students For Liberty,STUDENTS FOR LIBERTY INC,≤100
513695272011123,The Genesis Prize,GPF NA LLC,≤100
1376465702586897,Coloradans for Responsible Energy Development,Coloradans for Responsible Energy Development,≤100
113986481630469,Trending Patriots,I Love My Freedom,≤100
101808226125075,Yes on A for Quality Novato Schools,Yes for Novato Schools,≤100
227535924071462,Animal Petitions,AnimalPetitions.org,≤100
109715331987710,Prue for Lake Forest,Prue for Lake Forest,≤100
100516662950502,CEVRA Clean Energy Vehicle Recreation Association,These ads ran without a disclaimer,≤100
103376804451432,Trending Politics,I Love My Freedom,≤100
101875949317399,East Hidalgo County Community Organization Inc.,East Hidalgo County Community Organization Inc. EHCCO,≤100
101769576791,Health Action Network,Health Action Network,≤100
104905208856666,Єдиний державний хаб зі збору доказів воєнних злочинів,These ads ran without a disclaimer,≤100
23362993101,Center for Immigration Studies,CENTER FOR IMMIGRATION STUDIES,≤100
307577909645,Elizabeth River Project,ELIZABETH RIVER PROJECT,≤100
103849955608658,Cookie Alfaro Realtor at Cloud 9 Real Estate Group,These ads ran without a disclaimer,≤100
1560286300899883,Diabetes Patient Advocacy Coalition,Diabetes Patient Advocacy Coalition,≤100
107622955460520,Lindsey Brock for City Council,Lindsey Brock for City Council,≤100
115533195792,Reston Association,RESTON ASSOCIATION,≤100
338218229911752,Integrity First PAC,INTEGRITY FIRST PAC,≤100
17414523278,Democracy Now!,DEMOCRACY NOW,≤100
117214891638398,Street Grace,Street Grace Inc,≤100
70795936969,Children International,CHILDREN INTERNATIONAL,≤100
103658284919733,equality242,These ads ran without a disclaimer,≤100
124621759456,"Aylstock, Witkin, Kreis & Overholtz",These ads ran without a disclaimer,≤100
111904024679959,Bold Majority,BOLD MAJORITY PAC,≤100
199010435394,Turtle Island Restoration Network,Turtle Island Restoration Network,≤100
715401842169627,World Young Rheumatic Diseases Day - WORD Day,These ads ran without a disclaimer,≤100
291838961553129,Louisiana Secretary of State Kyle Ardoin,Kyle Ardoin Campaign,≤100
161013040611385,Friends of Haiku Stairs,FRIENDS OF HAIKU STAIRS,≤100
101602011596761,Beaches Activists Movement,John Wesley Weldon,≤100
100978046207814,Ryan Chamberlin for State House District 24 - Florida,Ryan Chamberlin Campaign,≤100
107064011602890,The American Idea Podcast,Ashbrook,≤100
102579112455934,Making The Leap Podcast,Stanley M. Herzog Charitable Foundation,≤100
114307901581467,Families for Affordable Food,Families for Affordable Food,≤100
32880315377,The Neo-Futurists,These ads ran without a disclaimer,≤100
102230249080409,Freedom First,Jason Donald Robertson,≤100
449532451834913,Fishers Finery,Fishers Finery,≤100
243498882520314,FoodFinder,"FOODFINDER, INC.",≤100
100221986153813,Lou's Daily News,Michael Scott Hughes,≤100
327853590558653,"Agri-Pulse Communications, Inc.","AGRI-PULSE COMMUNICATIONS, INC.",≤100
153704007991524,Women's Earth and Climate Action Network,Women's Earth and Climate Action Network (WECAN) International,≤100
1165122570296957,Phoenix Zones Initiative,Phoenix Zones Initiative,≤100
124383441363,Connecticut Education Association (CEA),CONNECTICUT EDUCATION ASSOCIATION,≤100
112220007166072,Faithful Politics Podcast,William Chan Wright,≤100
589037974528585,"Steuben County, NY","Steuben County, NY",≤100
108418205375134,Let's Win For America Action,LET'S WIN FOR AMERICA ACTION,≤100
101699619291244,Brad for Denver,Brad for Denver,≤100
126037931371545,Law Offices of Jonathan K. Park & Associates,Law Offices of Jonathan K. Park & Associates,≤100
33699882778,Dr. Bronner's,Dr. Bronner's,≤100
1731084720451495,Saprea,The Younique Foundation,≤100
112912573793125,Rise Up for Justice,Avrom L Altman,≤100
114227571605727,_miasjourney,These ads ran without a disclaimer,≤100
11029708945,World Politics Review,WORLD POLITICS REVIEW LLC,≤100
66237904047,Marine Fish Conservation Network,Marine Fish Conservation Network,≤100
1448985902033866,Trans Lifeline,Trans Lifeline,≤100
104660195062596,Gen Z Conservative,William Gordan Tanner,≤100
110240301985361,Every Second Counts by David Donachie,These ads ran without a disclaimer,≤100
897994503631860,HealthInsurance.net,ASSURANCE IQ INC,≤100
110094158160834,The American Tribune,Michael Scott Hughes,≤100
117140627918521,Rivera for Cambridge,Rivera for Cambridge,≤100
304842759546695,Brooklyn Institute for Social Research,Brooklyn Institute for Social Research,≤100
104619838807412,Stephen Leon for President of the United States of America,Stephen Leon,≤100
84177291169,"Dairy Farmers of America, Inc.",DAIRY FARMERS OF AMERICA INC,≤100
106124975682358,Jimmy Fondren for Mississippi House District 111,Committee To Elect Jimmy Fondren,≤100
102336136141792,We Need President Trump,I Love My Freedom,≤100
150786841635929,AFSCME Wisconsin Council 32,AMERICAN FEDERATION OF STATE COUNTY & MUNICIPAL EMPLOYEES,≤100
114605114846830,billionaire.ts.club,These ads ran without a disclaimer,≤100
197212467007163,She Should Run,SHE SHOULD RUN,≤100
631897996837356,Adult & Teen Challenge of Oklahoma,These ads ran without a disclaimer,≤100
103387475108048,Rimm-PODCAST,Igor Spasojevic,≤100
14893370225,Sustainable Harvest International,SUSTAINABLE HARVEST INTERNATIONAL,≤100
431160200556073,Barry Fenchak for Trustee,Barry Joseph  Fenchak,≤100
150779984941409,Rave Mobile Safety,These ads ran without a disclaimer,≤100
212677670907,American Constitution Society,AMERICAN CONSTITUTION SOCIETY,≤100
216052228433696,Arcus Foundation LGBTQ Social Justice,ARCUS FOUNDATION,≤100
223922031074790,The Abortion Survivors Network,The Abortion Survivors Network,≤100
100806242836871,Preservation Pause,University of Arizona Indigenous Peoples Law and Policy Program,≤100
96286403078,iHeartDogs.com,HomeLife Media,≤100
102356589314098,Political Comms,Political Comms LLC,≤100
101421051897848,Congresswoman Mary Miller,United States House of Representatives,≤100
107010494015560,Virginians for Clean Energy,270 Strategies,≤100
101348982766544,Los Ases De Mi Tranquilidad,These ads ran without a disclaimer,≤100
497949630282962,Retirement Specialty Group,Retirement Specialty Group,≤100
273546779885377,The Gallant Pelham,"delupton, LLC",≤100
123185498255,Carsie Blanton,Carsie Blanton Music,≤100
87277126609,Natural Resources Council of Maine,NATURAL RESOURCES COUNCIL OF MAINE INC,≤100
701541503526361,Arizona Leadership Coalition,Arizona Leadership Coalition,≤100
109284291894484,American News Stories,William Gordan Tanner,≤100
2310488009211056,Poder Latinx,Poder Latinx,≤100
30500779658,Interfaith Power & Light,Interfaith Power & Light,≤100
103567696018835,Permanent Resident Card,These ads ran without a disclaimer,≤100
955218744536566,C-Strategies Inc.,C-Strategies Inc.,≤100
101939781315530,ThePeel.news,ThePeel.news,≤100
108588701950679,Idaho Moms,Idaho Moms,≤100
114065428253003,Re-Elect Randy White,Randy White Campaign,≤100
340105854416,AARP Ohio,AARP,≤100
306480006853271,Political-Paige.com BLOG,Political-Paige.com,≤100
30618466815,Pacific Legal Foundation,Pacific Legal Foundation,≤100
103929304678916,Voter Action Project,Integrity First Voter Action Project,≤100
109866391899613,Raul Arias for City Council,Raul Arias for City Council,≤100
127691390582,PHI,"PARAPROFESSIONAL HEALTHCARE INSTITUTE, INC.",≤100
111131133551811,The Locke Society,Locke Society Inc,≤100
106959920878115,The Well Done Foundation,"WELL DONE FOUNDATION, INC.",≤100
105155545186714,Friends of Orono,Friends of Orono,≤100
105424792474975,americanrevolutionary1776,These ads ran without a disclaimer,≤100
674182529399211,Gun Owners Radio,Gun Owners Media LLC,≤100
234218367390878,Friends & Neighbors,FRIENDS & NEIGHBORS OF MARTIN COUNTY,≤100
211650575617316,KAT Centre,KAT US INC,≤100
102596355656379,Red Wave News Updates,Michael Scott Hughes,≤100
101926171557502,Equal Employee Assistance Program,These ads ran without a disclaimer,≤100
644308565682800,Tanya Acker,Tanya Marie Acker,≤100
102001643601754,Mónica Alonzo Campaign,Alonzo For Dallas,≤100
1449073545419430,The Lone Liberal Republican,Arthur Winter,≤100
107414074990650,Defense of Freedom Institute,"Defense of Freedom Institute for Policy Studies, Inc.",≤100
2007361039550045,"Center for Free, Fair, and Accountable Democracy","CENTER FOR FREE, FAIR, AND ACCOUNTABLE DEMOCRACY, INC.",≤100
183484875153093,Kim Monson Show,The Kim Monson Show,≤100
107356708329311,Conservative News Stories,William Gordan Tanner,≤100
270826723039149,The Coalition to Protect Americas National Parks,"COALITION OF NATIONAL PARK SERVICE RETIREES, INC.",≤100
103974389650244,Amenders for Federal Spending Control,Mark Albert Meier,≤100
117858901192463,Dis-Bar Judge Michael Sweet - Sac County,John David Branch,≤100
334853517772130,Katie Couric Media,These ads ran without a disclaimer,≤100
109374912424067,Drew McKissick,DrewMcKissick.com,≤100
118635175464489,uPolitics,"Uinterview, Inc.",≤100
102762964438534,Prince Rav Yisrael For Sparta,Anayah Yisrael,≤100
36091862898,The Mackinac Center for Public Policy,Mackinac Center for Public Policy,≤100
163662804426854,Life Advancement Group,Nathan Montgomery Berning,≤100
762738863923804,Akamai Careers,These ads ran without a disclaimer,≤100
109691517473416,Love and Faith Outreach Ministries,These ads ran without a disclaimer,≤100
102693612110382,California Local,CALIFORNIA LOCAL,≤100
245481022560114,State Representative John Stefanski,John Stefanski Campaign,≤100
86711894400,National Write Your Congressman,National Write Your Congressman,≤100
832398280203517,Republican Party of South Florida - SWBRO,Republican Party of South Florida SWBRO,≤100
254707443080387,Bucks County Beacon,Bucks County Beacon LLC,≤100
1420200111329836,Alan C. Moore,Alan Christopher Moore,≤100
105239511089757,Inmigrantes al Día,Inmigrantes al Dia,≤100
189044857936094,Americans For Prosperity - Alaska,AMERICANS FOR PROSPERITY,≤100
1571401929773000,North County  Climate Change Alliance,North County Climate Change Alliance,≤100
114456680428182,SAGE,Seafood and Gender Equality (SAGE),≤100
91346559231,Democratic Legislative Campaign Committee - DLCC,Democratic Legislative Campaign Committee,≤100
188123211213122,Michigan Coalition for Responsible Gun Owners,MICHIGAN COALITION FOR RESPONSIBLE GUN OWNERS,≤100
417003782372467,Foundation Blue Media,Foundation Blue LLC,≤100
276076196388914,Coffee & Pan Dulce Show,Coffee & Pan Dulce Show,≤100
107310358783,Global Zero,GLOBAL ZERO,≤100
103954521867884,"Frederick County, MD",These ads ran without a disclaimer,≤100
119216091518705,Protect The Harvest,Karen Elizabeth Glueck,≤100
19972147679,SEIU,SEIU COPE (SERVICE EMPLOYEES INTERNATIONAL UNION COMMITTEE ON POLITICAL EDUCATION),≤100
107766235181961,The Nunn Report,The Nunn Report,≤100
156362631095762,Secular Pro-Life,Secular Pro-Life,≤100
100353033398790,Citizens For Isaiah Thomas,Citizens For Isaiah Thomas,≤100
28483858161,Texas Scorecard,ScorecardMedia,≤100
732029366894309,Thumbwind,Thumbwind Publications,≤100
42324160403,BET,VIACOM INC.,≤100
173266720288435,Galan Law Firm,Galan Law Firm PLLC,≤100
131664893560695,Origins OSU,Origins: Current Events in Historical Perspective,≤100
133740559987144,Native American Rights Fund,NATIVE AMERICAN RIGHTS FUND,≤100
101658452820749,Elect Deshundra,Deshundra Jefferson,≤100
104170548737844,The Forsaken Ministries,These ads ran without a disclaimer,≤100
349528025129958,"Brevard County Sheriff's Office, Florida (Official)",Robert Wayne Ivey,≤100
1666922183524165,ReThink Energy NJ,ReThink Energy NJ,≤100
109575145733890,McGuireWoods Consulting,McGuireWoods Consulting LLC,≤100
106632602369415,liberty_protection,These ads ran without a disclaimer,≤100
490349377808038,State Representative Justin Holland,Justin Holland Campaign,≤100
1470151473238140,Save the Boundary Waters,Northeastern MInnesotans for Wilderness,≤100
207833736045744,MHAction.org,Patrick R. McHugh,≤100
408252582872693,Daniella Levine Cava,"Daniella Levine Cava, Non-Partisan, for Miami-Dade County Mayor",≤100
470369419784714,Nick Palmisciano,Nick Palmisciano,≤100
1436129040048603,Lone Candle,Aaron Jerard Kurz,≤100
74261463421,AFSCME Council 28 WFSE,"WASHINGTON FEDERATION OF STATE EMPLOYEES, AFL-CIO",≤100
102691808529879,Neha Lee Designs and Illustrations,These ads ran without a disclaimer,≤100
288967931243607,New Jersey Second Amendment Society,New Jersey Second Amendment Society,≤100
37540989546,Power to Decide,Power to Decide,≤100
1272747939436113,Crissyspeaks,These ads ran without a disclaimer,≤100
104521238896557,June Marie Paintings,June-Marie Paintings,≤100
522359791285231,American Greatness,Center for American Greatness Inc,≤100
168131096570714,Pinkston,Pinkston,≤100
65538457518,The Village Square,TO THE VILLAGE SQUARE INC,≤100
169668596476550,AFSCME en Español,AMERICAN FEDERATION OF STATE COUNTY & MUNICIPAL EMPLOYEES,≤100
113178611685345,TiogaCounty Voter's Choice,Tioga County Voter's Choice,≤100
105495775564367,President Trump Updates,Logan Thomas Corson,≤100
229377983774677,Lee Brian Schrager,These ads ran without a disclaimer,≤100
390079948412508,Angry Dad,Nathan Roberts,≤100
133753583953215,American History in 90 Minutes - The Common-Sense Guide to U.S. History,American History in 90 Minutes,≤100
110419778975556,South Carolina House Republican Caucus,South Carolina House Republican Caucus,≤100
240914282958205,Rob Long for Delray Beach City Commission Seat 2,Rob Long for City Commission,≤100
1722429257859104,Dr Hari Shanker Gangwar,These ads ran without a disclaimer,≤100
777328175779919,Jetlifee Flags,These ads ran without a disclaimer,≤100
169042736456594,All Out,These ads ran without a disclaimer,≤100
108662425498649,McCormick: Point of View,Michael Robert Mccormick,≤100
221364705166573,NUNYO & COMPANY,NUNYO & COMPANY,≤100
488740674837681,198 Methods,198 methods,≤100
287419001041,National Black Book Festival,CUSHCITY.COM INC,≤100
114160220335768,Hit No More,New York Foundling,≤100
110519695636906,Meyerland Area Democrats Club,Meyerland Area Democrats Club,≤100
81755908577,Kids in Need of Defense (KIND),"KIND, Inc.",≤100
105646098341257,Crown Distributions,These ads ran without a disclaimer,≤100
106160454878601,Alex Bucelo for Coral Gables Commission,Alex Bucelo Campaign,≤100
95328236543,Georgia Public Policy Foundation,Georgia Public Policy Foundaiton,≤100
375543739837794,"Shielding Lives, Inc.",Shielding Lives Inc,≤100
108505418632952,Climate change is real,Michael Test,≤100
77906169595,Texans Care For Children,Texans Care for Children,≤100
262164587131475,Free martial arts material for your own local school teachers to use,Ryan Gilbert,≤100
103176709379659,CryptoHaven,Crypto Haven LLC,≤100
21405373759,Vision Maker Media,These ads ran without a disclaimer,≤100
114337090330435,Tint,Robert R Rose,≤100
111822028415908,Khari Mosley for City Council,Friends of Khari Mosley,≤100
104905129168065,Let.Live,LET-LIVE,≤100
102102582738227,Black Joy,These ads ran without a disclaimer,≤100
377572616357769,Russ Vernon-Jones' Blog,"Coming Together: Understanding Racism, Working for Justice & Building Connections",≤100
187713745097888,Save the Alamo,Save The Alamo Committee,≤100
109068551731974,Sillychillly,Marc Alan Goldstein,≤100
103516432637926,Jim Herblin for Prosper ISD Trustee Place 5,Jim Herblin for Prosper ISD Trustee Place 5,≤100
113917961582616,The Way To Freedom,These ads ran without a disclaimer,≤100
108143565283667,Coastal Quest,COASTAL QUEST,≤100
865570390139870,Cara Spencer,Spencer for Alderman,≤100
73250630864,The Kennedy Center,These ads ran without a disclaimer,≤100
197179660936164,"Bill Carlson, Tampa City Council Member, District 4",Bill Carlson Campaign,≤100
1456358987748756,Kathleen Vallee Stein Author,These ads ran without a disclaimer,≤100
100313992666117,Sarah for Denver,Sarah for Denver,≤100
455917944481699,Senator Brian Jones,Senator Brian W. Jones,≤100
100120674890768,Re-Elect Dr. Monique Thompson LEISD School Board Trustee Place 1,Campaign to Elect Dr Monique Thompson for Little Elm ISD Trustee Place 1,≤100
123500462249,Oregon Food Bank,"OREGON FOOD BANK, INC.",≤100
302103665493,Catholic Charities of New York,Catholic Charities Archdiocese of New York,≤100
50714237985,The Rutherford Institute,RUTHERFORD INSTITUTE,≤100
502969216761221,Common Sense Civics and Citizenship,Candace Donnelly,≤100
109465560444254,Roce Today,I-ROCE LLC,≤100
78877543601,Milwaukee Jewish Federation,MILWAUKEE JEWISH FEDERATION INC,≤100
147786295234727,San Francisco Department on the Status of Women,San Francisco Department on the Status of Women,≤100
458643554482238,Uri Velez La Sra de los Seguros,Euridis Velez,≤100
105800435721037,The Right Hour,Logan Thomas Corson,≤100
1914561178824972,Trumped,Christopher Charles Cooper,≤100
103851532013523,Policyfetch.com,Quantum Digital Media Inc,≤100
1806503762973029,Johnny Slicks,These ads ran without a disclaimer,≤100
107158475469863,Linda Ragsdale - O'Fallon Ward 5,Ragsdale For OFallon,≤100
186108419168,SEIU Local 503,"SERVICE EMPLOYEES INTERNATIONAL UNION LOCAL 503, OREGON PUBLIC EMPLOYEES UNION",≤100
58043814556,Oklahoma City Memorial Marathon,Oklahoma City Memorial Marathon,≤100
1554838218119347,Dr. Shane's Cafe,Shane Philip Linder,≤100
887139178003592,The Dean Obeidallah Show,The Dean Obeidallah Show,≤100
139835646030666,Alliance for Aviation Across America,Alliance for Aviation Across America,≤100
264403673724202,Lucile Packard Foundation for Children's Health,LUCILE PACKARD FOUNDATION FOR CHILDREN'S HEALTH,≤100
1630589287171625,City-County Councillor David Ray,Committee to Elect David Ray,≤100
169840807024913,Jobob,The Jobob Show,≤100
181438572390,Sarasota County Democratic Party,Sarasota County Democratic Party,≤100
103747761393271,Lootpress,Lootpress,≤100
254041961380087,NoBull Burger,These ads ran without a disclaimer,≤100
330280744268309,CT Examiner,CT Examiner LLC,≤100
19036504767,Center for Victims of Torture,"CENTER FOR VICTIMS OF TORTURE, THE",≤100
113417134335063,The Radical Independent,Christopher William Jerome,≤100
153478095260251,Reimagine,These ads ran without a disclaimer,≤100
104937389024204,jhutch369,These ads ran without a disclaimer,≤100
305730296471268,"Delegate Emily Brewer, 64th District",Friends of Emily Brewer,≤100
109636347504231,studentssellingstickers,These ads ran without a disclaimer,≤100
112425184542774,Kevin Robinson For Phoenix City Council,Kevin Robinson For Phoenix City Council District 6. Authorized by Kevin Robinson.,≤100
263527537245,Minnesota Governor's Council on Developmental Disabilities,Minnesota Governor's Council on Developmental Disabilities,≤100
116945211276055,Make America Florida,Logan Thomas Corson,≤100
108180206470137,Iowans for Wind & Solar,270 Strategies,≤100
1402723203319187,Melissa Wintrow for Idaho,Wintrow for Idaho Senate,≤100
1401753023408728,"1199 SEIU in Westchester, Hudson Valley, Capital Region",1199SEIU United Healthcare Workers East,≤100
232467307162583,Farm Action,Family Farm Action,≤100
280569155330326,AFP - Iowa,AMERICANS FOR PROSPERITY,≤100
101388895464004,"Charles County, MD",These ads ran without a disclaimer,≤100
164705640251416,Citizens First Congress,Citizens First Congress,≤100
174186369853082,Scott Marsh,These ads ran without a disclaimer,≤100
113212198241330,Friends of Doug Mastriano,Friends of Doug Mastriano,≤100
427656937297996,Diario Las Americas,LAS AMERICAS MULTIMEDIA GROUP LLC,≤100
96935476345,Democratic Governors Association (DGA),Democratic Governors Association,≤100
80100802880,MaleSurvivor,MaleSurvivor,≤100
425677887526239,NYSERDA,NYSERDA,≤100
103351042545820,Fort Worth Families Forward,Fort Worth Families Forward,≤100
121535694533267,The Money School,DELAWARE COMMUNITY REINVESTMENT ACTION COUNCIL INC,≤100
101754019446990,From the Big House to Your House,Catherine Esther Marinello,≤100
513785465632396,Airline Passengers for Justice,Airline Passengers for Justice,≤100
106932884906684,Prosper Citizen Group PAC,"Prosper Citizen Group, PAC",≤100
491085311394017,Ranked Choice Voting Montana,RCV Montana,≤100
18356619353,The Academy of Natural Sciences,The Academy of Natural Sciences,≤100
2165441450136848,"Issues with Mail Order Pharmacy, Corporate Retail Pharmacy, & PBMs",Unite For Safe Medications,≤100
36260434734,Experience Life Magazine,These ads ran without a disclaimer,≤100
117476607915549,Will Davis for Delegate,Will Davis for Delegate,≤100
160704400998579,Dealer Wizard,These ads ran without a disclaimer,≤100
107418177702609,Middle America News,Logan Thomas Corson,≤100
64206021703,National Committee to Preserve Social Security and Medicare,NATIONAL COMMITTE TO PRESERVE SOCIAL SECURITY AND MEDICARE,≤100
1383059588609414,Eric Lucero for MN Senate,Lucero For State Senate Committee,≤100
227865897548974,Black Art Matters Music Fest,These ads ran without a disclaimer,≤100
100929871778293,tisssy666,These ads ran without a disclaimer,≤100
113823987882761,"Eden Village of Richmond, Inc.",Cathy Ritter,≤100
104006060167356,Blount County Democratic Party - TN,Blount County Democratic Party,≤100
106529052308850,Neil Harrington for Salem Mayor,The Harrington Committee,≤100
451398474911885,City of Statesboro Government,CITY OF STATESBORO,≤100
101541668799519,Huffines Liberty Foundation,Huffines Liberty Foundation,≤100
297004519250,The Script Lab,These ads ran without a disclaimer,≤100
103378899076893,The Pagan Empire Inc.,These ads ran without a disclaimer,≤100
249467225254927,The Love > hate Project,LOVE GREATER THAN HATE PROJECT,≤100
112897365044685,Mark Greer for Mayor,Friends of Mark Greer,≤100
103552914774916,Science Moms,"Potential Energy Coalition, Inc. with Facebook ad credits",≤100
670157783440223,Alliance for a Just Philadelphia,Movement Alliance Project,≤100
112121345046993,Tennessee Freedom Circle,Tennessee Freedom Circle,≤100
101667029494850,Diana Welch for Mayor,Diana Palmer Welch,≤100
288369791569,SEIU 721,SEIU Local 721,≤100
728745887260738,Ben Queen,Friends of Ben Queen,≤100
105806305772855,Flatten the Flats - Lower Moreland,These ads ran without a disclaimer,≤100
113720187049738,HyggeWellbeing,These ads ran without a disclaimer,≤100
111335918508358,Amanda Dvine,These ads ran without a disclaimer,≤100
139577716095155,Newcastle University,These ads ran without a disclaimer,≤100
100432571538898,The Natural Patch Co.,These ads ran without a disclaimer,≤100
104318848658160,lana.gfeller,These ads ran without a disclaimer,≤100
105995112283387,the_kepler_diaries,These ads ran without a disclaimer,≤100
105827044660950,Health For You,These ads ran without a disclaimer,≤100
371262537335,Nefesh B'Nefesh,These ads ran without a disclaimer,≤100
301960393281716,Study International,These ads ran without a disclaimer,≤100
137669006302817,Global Network of Women's Shelters,These ads ran without a disclaimer,≤100