﻿Page ID,Page name,Disclaimer,Amount spent (IDR)
320858334728047,Partai Solidaritas Indonesia,Partai Solidaritas Indonesia,5365917
108132042285089,Erwin Aksa,Yayasan Golkar Institute,4928503
23383061178,Prabowo Subianto,indonesia Adil makmur,1317967
104054595928021,Bakti Untuk Rakyat,Bakti Untuk Rakyat,1084596
197545083607941,Harian Kompas,Harian Kompas,849092
106918395489616,Golkar Institute SPKP,Yayasan Golkar Institut SPKP,728939
1004727719661767,Rian Ernest,Yayasan Golkar Institute,505386
101350709331663,Golkar 2024,Yayasan Golkar Institut SPKP,468700
111864151754055,Esensi TV,Esensi Tv,325298
333711983956998,Erwin Aksa,Yayasan Golkar Institute SPKP,200011
101581086043965,Generasi Emas 2045,Generasi Emas 2045,196207
110094970475583,Yayasan Ada Orang Baik,Yayasan Ada Orang Baik,160485
147555216186069,Christina Aryani,Christina Aryani Foundation,137833
104830667806476,Melihat Indonesia,Melihat Indonesia,131118
118310007922514,Jakarta Untuk Ganjar,Ganjar Nusantara Indonesia,119990
102656349157647,Tugimanisme,Tugimanisme,104172
100649018546817,GanjarFans,GanjarFans,94337
104899195891472,Berita Ganjar Pranowo,Berita Ganjar Pranowo,87110
104117921752426,Ganjaran App,Ganjaran App,74993
110294151987732,Head Politika,Head Politika,69737
102060486500863,The Jakarta Post,PT. Bina Media Tenggara,66868
349963858704476,Komit Digital,Komit Digital,63951
329230813824422,Slamet Sukardi,Slamet Sukardi,62640
106690092440342,Pemilu KIT,PEMILU KIT,61615
39253583478,PDI Perjuangan,PDI Perjuangan,59332
106894958316644,Relawan sintawati,Relawan sintawati,36171
108511588277325,Galeria Konveksi,Galeria Konveksi,28420
112931408360736,Safer Internet Lab,Safer Internet Lab,27638
110865154735990,Koran Harian Tanah Air,Koran Harian Tanah Air,27478
256838011014355,Partai Gerakan Indonesia Raya (Gerindra),Partai Gerindra,24335
101760624522103,DPP Banteng Muda Indonesia,DPP Banteng Muda Indonesia,17922
110750361762052,Pikiran Rakyat,Pikiran Rakyat,17153
102273039070802,Info Terkini,Info Terkini,16815
106079928863841,Kepulauan seribu bersatu,Berita Kota,16598
110827921712816,Melihat jakarta pusat,Berita Kota,16406
101866128977837,Belajar Pemilu,Belajar Pemilu,16260
103663435776469,Figur jakarta barat,Berita Kota,16179
107713638697378,Filosofi jakarta timur,Berita Kota,16163
100780439404059,Aspirasi jakarta utara,Berita Kota,16062
168218596696591,Hetifah Sjaifudian,Yayasan Golkar Institute,16060
105193322287911,Ideal jakarta selatan,Berita Kota,15598
103330282779367,Dua Digits Creative,Dua Digits Creative,15426
128765763451340,Sahabat Riden,Sahabat Riden,15165
101944999430847,Rumah Perjuangan,Rumah Perjuangan,13160
107188919067902,Tania Laena Putri,yayasan laena internasional school,11861
110799152010497,Prabowo Lanjutkan Kepemimpinan,Prabowo Lanjutkan Kepemimpinan,11746
106919112303644,Jasa Pembuatan Video,Jasa Pembuatan Video,10701
1413233442285275,Prabowo Untuk NKRI,Prabowo Untuk NKRI,10589
101123099434988,Bestory ID,These ads ran without a disclaimer,9904
104920542152835,Caleg Pilihan Kita,Caleg Pilihan Kita,9787
116715223517954,YouSee Indonesia,YouSee Indonesia,9772
572779142753263,Freeport Indonesia,Freeport Indonesia,9530
107600565668590,Munafri Arifuddin,Yayasan Golkar Institute,8657
101061776109725,Jefri Haris Pratama,Jefri Haris Pratama,8492
101338198587608,Indonesia Luar Biasa,Rumah Opini,7205
107241861191421,Ilmu Tambang,Ilmu Tambang,6077
109455838815878,Moveprenuere,Moveprenuere,5849
107674052345943,Racik Digital,Racik Digital,5590
103344702680007,Think Big Indonesia,Think Big Indonesia,5076
164909433966316,Suara Anies,Suara Anies,4614
112589195019287,Enjoy the Moment,These ads ran without a disclaimer,4520
104844282389488,Kelas Digital Marketing,Kelas Digital Marketing,4203
109482038873245,Digital Marketing Politik ID,Konsultandm.com,4123
104307408946684,心灵智慧,These ads ran without a disclaimer,3229
105308715676825,Filosofi Indonesia,Rumah Opini,2737
108676115131939,Nusantara Cerdas,Rumah Opini,2673
104799384898162,Indonesia Berkabar,Rumah Opini,2454
100359258525418,Pemulihan Lebih Baik,Pemulihan Lebih Baik,2357
108695584343029,Baik Untuk Kita,Baik Untuk Kita,2250
113058461386521,Mercusuar Indonesia,Rumah Opini,2247
105195635486519,Klise Nusantara,Rumah Opini,2178
110195418669687,Sahabat Yatim,Yayasan Sahabat Yatim Indonesia,2144
255601878216867,Komisaris Politik,Komisaris Politik,2143
108571334357297,Melangkah Lebih Baik,Melangkah Lebih Baik,1963
107565455160464,Indonesia Opini,Rumah Opini,1901
110100218339060,Wahai Ibu Pertiwi,Wahai Ibu Pertiwi,1732
101076948451651,Masa Depan Kita,Masa Depan Kita,1689
112121101796090,Opini 2024,Opini 2024,1663
106004407402000,Cakap Politik,Cakap Politik,1646
104427162506872,Fakta Anies,Fakta Anies,1631
101403669397488,Nikmatul Sugiyarto,Nikmatul Sugiyarto,1601
110368964786452,Kemajuan Bersama,Kemajuan Bersama,1595
102497641558430,Indonesia Tolak HOAX,Indonesia Tolak HOAX,1579
103581752405141,Sobar Harahap,Sobar Harahap,1508
101442143039076,PatriotParty Site,Skylabs Indonesia,1374
102302819001520,Political Marketing Intelligence,These ads ran without a disclaimer,1211
193237974052689,Partai Keadilan Sejahtera,Partai Keadilan Sejahtera,1124
110056788323890,Pikiran Indonesia,Ganjar Nusantara Indonesia,1019
105078282583947,Rumah Kita Korsel,Ganjar Nusantara Indonesia,1006
105195635486519,Klise Nusantara,Ganjar Nusantara Indonesia,985
100159712647702,Fakta Anies Baswedan,Fakta Anies Baswedan,951
100676262667808,Story Nusantara,Ganjar Nusantara Indonesia,927
101338198587608,Indonesia Luar Biasa,Ganjar Nusantara Indonesia,903
113058461386521,Mercusuar Indonesia,Ganjar Nusantara Indonesia,882
107565455160464,Indonesia Opini,Ganjar Nusantara Indonesia,872
202555993805088,Caption,Ganjar Nusantara Indonesia,867
104799384898162,Indonesia Berkabar,Ganjar Nusantara Indonesia,805
114862318264218,Marketing 2024,KelasMaster.id,758
100147872667354,Kata Nusantara,Ganjar Nusantara Indonesia,708
105308715676825,Filosofi Indonesia,Ganjar Nusantara Indonesia,691
108676115131939,Nusantara Cerdas,Ganjar Nusantara Indonesia,620
108156498584853,Tetap Puan,Marabunta Family Cyber,452
526765274016858,DPD Gerindra Gorontalo,DPD Gerindra Gorontalo,412
101804639078770,Unboxing Anies,Unboxing Anies,278
104413062365657,Bogor Berargument,Berita Kota,255
306213619526427,Jusuf Kalla Fans Club,Jusuf Kalla Fans Club,242
116278701533784,Nur handayani,These ads ran without a disclaimer,200
112031464483846,Speaking Partner Kampung Inggris,These ads ran without a disclaimer,≤100
101761793006094,NF Peduli TV,These ads ran without a disclaimer,≤100
105675465939654,Ganjar Lestari,These ads ran without a disclaimer,≤100
110844183599101,DigitalKreatif,DigitalKreatif,≤100
1498604230447999,Kabar Nasional,These ads ran without a disclaimer,≤100
100615419601107,Simson Polin,Simson Polin,≤100
110378084570016,"Yuliawati, SE","Yuliawati, SE",≤100
108625789179165,Soi Dog Foundation,These ads ran without a disclaimer,≤100