﻿Page ID,Page name,Disclaimer,Amount spent (MXN)
118921468203786,Movimiento Ciudadano,Movimiento Ciudadano,6336
104095896067767,Marcelo es Mejor,marceloesmejor.com,3959
326647354840146,Sergio Gutiérrez Luna,Sergio Gutiérrez Luna,3752
219668194797769,Encuestas en México,Jesus Gonzalez Lozano,3657
120385634315272,Tiempo de Noticias,Tiempo de Noticias,3553
336331806996086,Tsunami veracruzano,Tsunami veracruzano,3480
101435299357501,Ahora #EsAdán,Con Adan Si,3439
1491263724459803,Fuerza Noticias,Jesus Gonzalez Lozano,3054
119813324392503,Latitud Cero,Latitud Cero,2985
105196101648843,Sergio Gutiérrez Luna Veracruz,Jesus Gonzalez Lozano,2681
123856230700096,Toyota Motor México,TOYOTA MOTOR DE MEXICO,2414
102121839522309,Conoce Más,Conoce Más,2063
108291675564193,El Mundo Noticias,El Mundo Noticias,1849
923633637651202,Morena Sí,Morena Sí,1818
156133818401658,Chekomanía,Jesus Gonzalez Lozano,1598
115866258181287,Haremos Historia,Haremos Historia,1352
123842270960929,Walmart de México y Centroamérica,Nueva Walmart de México SRL de CV,1174
106832192386081,Sigue la Tendencia,Sigue la Tendencia,1118
106689315603748,Somos Centro,Somos Centro,1060
114871741627741,Cambio al Guinda,Cambio al Guinda,1042
108819392526809,Partido Acción Nacional,Partido Acción Nacional,996
102448386063970,Somos de José Azueta,Somos de José Azueta,907
362430908370,Aeromexico,Aeromexico,905
842599102419449,Gobierno del Estado de Campeche,Gobierno del Estado de Campeche,863
101267031439463,Voz de las Empresas,Consejo de la Comunicación,856
103813715878847,Mujeres Mexicanas,Mujeres Mexicanas,694
114933404815809,Hoy Veracruz,Hoy Veracruz,689
115543218144896,Diario El Mexicano,El Mexicano Diario,686
120607030955709,Todo Noticias,Todo Noticias,675
113982881676646,Poder Morenx,Poder Morenx,621
108843925113701,Veracruz Ahora,Veracruz Ahora,543
264773293005,Marko Cortés,Marko Cortés,504
109634395756375,Save the Children México,Save the Children México,472
56713285274,Greenpeace México,Greenpeace México,446
351784981501494,Pepe Yunes,Pepe Yunes,398
645731535452116,FactoMétrica,FactoMétrica,391
1520610478183053,Badabun,Badabun,371
131356454301711,Agustín Torres,Movimiento Ciudadano,348
102551913153712,Ricardo Monreal A.,Ricardo Monreal Ávila,339
179057055989259,Fernando Elias,Fernando Guevaraelias,318
118621424595489,Comiendo con El Carnal - Ya sabes cual,Francisco Guillén Montufar,314
100161226251964,El Centro Informativo,El Centro Informativo,313
1256616351140075,Nora Lagunes Jauregui,Nora Jessica Lagunes Jauregui,305
254852601222832,Cemex México,CEMEX México,299
104263072608587,Corcholatómetro,Corcholatómetro,293
108334872107207,El Noticioso de Occidente,El Noticioso de Occidente,289
1871963173033717,Othon Hernández Candanedo,Othon Hernandez Candanedo,282
110802201854701,El Norte de México,El Norte de México,270
116583071373428,Encuestadora de la Cuenca,Encuestadora De La Cuenca,266
116013104730058,México en el Mundo.,México en el Mundo.,265
154652694604556,Ricardo Gallardo Cardona,Ricardo Gallardo Cardona,256
169862406356,Mercedes-Benz México,These ads ran without a disclaimer,255
105414048762055,Irma Bolaños,DIF Oaxaca,254
101671039450825,Noticias Sureste,Noticias Sureste,251
1986962148012473,100 por Marcelo,100 por Marcelo,242
110171835367463,Portada Informativa,Portada Informativa,242
106901138918730,México en Transformación,México en Transformación,241
458859544909547,DICES,Ruben Alonso Soria Sanchez,231
111354078205125,El Lechero,El Lechero,231
106424302286459,Para el Centro es ella,Para el Centro es ella,227
104403729221619,Hecho en Boca,Hecho en Boca,225
105526144609844,Tato Vega,Tato Vega,214
182850088467637,Marcos Isleño,Francisco Antonio Fernandez Castillo,212
239726076054918,Partido del Trabajo México,Partido del Trabajo México,205
108691922194941,Convocatorias 2023B,Convocatorias 2023,198
1424057367811413,Ipas México,Jennifer Gonzalez Campos,190
139767742461,Manuel Velasco Coello,Luis Humberto Morales Paniagua,184
116546948099512,Times Mujer Mx,Times Mujer Mx,182
120475107640369,La Realidad de hoy,La Realidad de hoy,180
493453457351145,Coparmex Nacional,Coparmex Nacional,172
1452189031676518,Hyundai México,HYUNDAI MEXICO,171
2091732304477564,Senadores Ciudadanos,Grupo Parlamentario de Movimiento Ciudadano en el Senado de la República,170
133478060111915,Cemex Impacto Social,CEMEX México,169
111290081772772,Frontera de México,Frontera de México,166
1297159123630144,Ulises Ruiz Ortiz,Ulises Ernesto Ruiz Ortiz,164
361036630742937,La Política Online MX,La Política Online MX,160
354326078079338,Campaigns and Elections Mexico,Campaigns & Elections México,159
323319651067985,Monitor Nacional,Monitor Nacional,154
102107279495045,Las netas,LASNETAS.ORG,150
387796290649,GNP Seguros,GNP Seguros,147
122404620204,Oxfam México,OXFAM MEXICO AC,147
100452504650093,Jesus Miguel Hernandez Medina,Jesús Miguel Hernández Medina,145
102268952205344,Noticias México,Kimberley Lisset Martinez Alanis,145
117578037942108,Democracia Informada,https://democraciainformada.com/,143
345995382241686,PODER 360,PODER 360,141
104680124489636,Demoscopia Digital,Demoscopia Digital,139
179857722071104,UNITEX,Unitex,134
289568107808375,UVEG Universidad Virtual del Estado de Guanajuato,Ads Project Media,130
115810774439693,Gartay,These ads ran without a disclaimer,123
2131697270275782,Ciudadanos con sentido,Ciudadanos con sentido,119
103160281865723,Roberto San Roman,Roberto Francisco San Roman Solana,107
102356589506525,Sabritas Mexico,These ads ran without a disclaimer,106
2507816779269288,El Ambientalista,El Ambientalista,101
235994093744848,Contra Réplica,EDICIONES SAN FRANCISCO S.A. DE C.V.,101
132530063461739,Grupo haconsultores,Augusto Hernandez Alonso,≤100
101319892583290,Alejandro Esteban Sosa,Alejandro Esteban Sosa Benítez,≤100
2330030160374237,Balance 24,Balance 24,≤100
124631600949535,Yo Influyo,Yoxmex,≤100
101639172897577,Por Ella por Todas,Por Ella por Todas,≤100
1583631301915573,Liborio Vidal,Liborio Vidal Aguilar,≤100
2059420467624770,El Tecolote Diario,El Tecolote Diario,≤100
107925032255657,Cadena Transformación,Cadena Transformacion,≤100
110591051084261,Lesli Ortiz,Kometa Marketing,≤100
115050749243673,Erik Benito Pérez Mistega,Erik Benito Pérez Mistega,≤100
101701991930418,UNIDEV,UNIDEV,≤100
119049317875791,Adriana Lagunes Sánchez,Adriana Lagunes,≤100
102750802713136,Comunidad informada,Comunidad informada,≤100
250585719186768,Ecosystem,These ads ran without a disclaimer,≤100
803041666459797,Enrique de la Madrid,Enrique de la Madrid,≤100
109193625116615,México Ahora Noticias,México Ahora,≤100
469246976533189,Santiago Creel,SantiagoCreelM,≤100
106763384981876,La Prensa Mx,Maria Elena Reyes Garcia,≤100
1473004362981239,Informe Confidencial,Informe Confidencial,≤100
374890996302488,Chucho Nader,Chucho Nader,≤100
549332432108481,Naomi Santos,Naomi Edith Santos Gomez,≤100
112550337051136,Elite Soccer,These ads ran without a disclaimer,≤100
180425288675416,Manuel Rodríguez González,Manuel Rodríguez González,≤100
101798928719130,Noé Castillo Olvera,Jose Arturo Zamorano Morales,≤100
156639921819,Gii360,Gii360,≤100
107727682047392,XunMexicodeverdad,X UN MÉXICO DE VERDAD,≤100
503029186533760,Osoigo México,Osoigo México,≤100
245495562137150,Mitofsky,Roy Campos,≤100
107652783975551,CS Medicina Estética,CS Medicina Estética,≤100
277380886249639,ExxonMobil México,"ExxonMobil México, S. A. de C. V.",≤100
102889662253183,Avanzada Nacional,Avanzada Nacional,≤100
109030278835032,Venta Directa,Javier Santes,≤100
106771391872401,H. Ayuntamiento de Huatusco 2022-2025,Grupo Comercial Saltamontes,≤100
110187414493874,Plataforma Informativa Mexicana #PIM,euthenics,≤100
1415863341806268,DMC - Music Center,CENTRO DE ENCUENTRO ARTÍSTICO DMC A.C.,≤100
100242005506001,Medestetic México,Medestetic México,≤100
100867376619769,Xóchitl Gálvez Ruiz,Xóchitl Gálvez Ruiz,≤100
953657811446042,Conciencia Nacional por la Libertad Religiosa,Fundación en Promoción de la Familia y la Libertad AC,≤100
365062723639932,The Humane League Latinoamérica,The Humane League Latinoamérica,≤100
281188282215551,José Medina Mora Icaza,José Medina Mora Icaza,≤100
117808668000040,La Gaceta México,La Gaceta México,≤100
107738917712607,ALA,Alexa Trujillo,≤100
48966795116,Amnistía Internacional México,Amnistía Internacional México,≤100
106784679722875,Cuéntamelo Ya,Cuéntamelo Ya,≤100
106681135502068,Ismael Carvallo,Ismael Carvallo,≤100
92465443899,Reporte Índigo,Capital Media,≤100
164183347562623,Denuncia México,euthenics,≤100
102571299059219,Centro de Desarrollo y Actualización de Competencias,Joaquin Tovilla Lopez,≤100
100185585567216,Álvaro Gómez Flores,Álvaro Gómez Flores,≤100
1237469239731188,Mexico Times,Mexico Times,≤100
116488984776235,Josmar Gabriel Canché,Josmar Gabriel Canché Hernández,≤100
463358453871269,JuanMa Munguía,JuanMa Munguía,≤100
103390382793994,Eduardo Olmos Castro,Rodrigo Lopez Armendáriz,≤100
217358075441896,Florencia Martínez Rivera,Antonio De Jesus Orozco Perez,≤100
102724752608138,Mexiquenses Unidos con Adán,Mexiquenses Unidos con Adán,≤100
651415091544662,Cancún Channel,David Jonathan Estrada Castillo,≤100
138350596230547,GIRE - Grupo de Información en Reproducción Elegida,Menu Agency,≤100
279883823182,Noticias San Luis Potosí,Noticias San Luis Potosí,≤100
171494803269262,Noticias México,euthenics,≤100
2307195646200863,Sin discriminación,Sin discriminación,≤100
104658292657604,Rumor Veraz,Rumor Veraz,≤100
196705420663884,Código Magenta,Código Magenta,≤100
119588441128670,Ferdando Lanota,Efecto Regio,≤100
147751821930575,Salud Digital Fundación Carlos Slim,Fundación Carlos Slim,≤100
559088967789286,Rosalba Valencia Cruz,Maria Fernanda Guadalupe Pérez Martinez,≤100
160752503961,EMEEQUIS,EMEEQUIS,≤100
203709812204,José Ramón Gómez Leal JR,Jose Ramon Gomez Leal,≤100
561934300901737,H. Ayuntamiento de Tepeaca,H. Ayuntamiento de Tepeaca,≤100
118938647885958,Un Camino para México,Un Camino para Mexico,≤100
247437782374345,Indira Rosales San Román,Indira Rosales San Román,≤100
101740711752535,RUBRUM,Multipoll S.A. de C.V.,≤100
112366181686258,Mexicanos al grito por la democracia,Mexicanos al grito por la democracia,≤100
101128435630238,Química y Formulación,Química y Formulación,≤100
159530538040314,Paty Valencia,Jose Antonio Romero Valencia,≤100
103657085905852,Índigo Energía e Industria,Índigo Energía e Industria,≤100
257333027729841,Julieta Ramírez,Julieta Ramirez,≤100
182252948625872,Los Rescatadores,"Refleacciona con Responsabilidad, A.C.",≤100
101602504963994,Instituto Clavijero,These ads ran without a disclaimer,≤100
119585627793846,Artillería Política,Artillería Política,≤100
217477584953353,CAINTRA Nuevo León,These ads ran without a disclaimer,≤100
120522854696026,Canadim - Canadian Immigration Law Firm,These ads ran without a disclaimer,≤100
785662604828663,México Empresarial,México Empresarial,≤100
213693228664478,Cámara de Diputados - H. Congreso de la Unión,Camara de Diputados - H. congreso de la unión,≤100
130064153725994,CEI Warden,These ads ran without a disclaimer,≤100
1415691342026378,Fundación Carlos Slim,Fundación Carlos Slim,≤100
123382667413696,Estudios de Opinión Pública by Demoscopia Digital,Estudios de Opinión Pública by Demoscopia Digital,≤100
116437828394342,Phiten Mexico,Phiten Mexico,≤100
112627505161171,Paty Tere,Tu Vecino Informa,≤100
463489204042534,Secretaría de Obras Públicas y Movilidad de Uruapan,Secretaría de Obras Públicas y Movilidad,≤100
1676128462664093,PAN Puebla,TrifoliaMedia,≤100
100732580703775,El tiempo Yucatán,El tiempo Yucatán,≤100
536886746673043,Jóvenes MX,Yoxmex,≤100
251441461671918,Igualdad Animal México,Respeto e Igualdad Animal A.C.,≤100
710439142491735,Aldo Ruiz,Tintorama Digital,≤100
105533795460071,Norte Monrealista,Norte Monrealista,≤100
157444728824,Realia Instituto Universitario para la Cultura y las Artes,These ads ran without a disclaimer,≤100
409800789114458,Antonio Pelón Cervera,Antonio Pelón Cervera,≤100
235606900176440,Macronews,Macronews,≤100
104546498723247,Mauricio Cantú,Mauricio Cantú,≤100
101202725148632,Armando Zuñiga Salinas,GRUPO IPS,≤100
201526167017293,Mario Soto Esquer,Mario Soto Esquer,≤100
470124566409465,Jurgan Jacobo,These ads ran without a disclaimer,≤100
120709364288241,Cbkpshopp03,These ads ran without a disclaimer,≤100
104592172188409,Best Novel,These ads ran without a disclaimer,≤100
213630952742008,Mty News,Al Digital Noticias,≤100
1768914636668990,Andrés Atayde,Andrés Atayde Rubiolo,≤100
347050702310517,Alfredo Chávez,Alfredo Chavez,≤100
364602665328,El Colegio de México - Colmex,"El Colegio de México, A.C.",≤100
109850528799250,En Hidalgo Ahora Es Adán Augusto,Irma Rubio Paloma,≤100
107730748666646,Genera México,Genera México,≤100
177319665650476,ClikiSalud - Fundación Carlos Slim,Fundación Carlos Slim,≤100
122154061801959,Colectivo Mujeres Cabeza de Familia,Yoxmex,≤100
658580710854883,Nueve Arte Urbano,Eduardo Sánchez Becerra,≤100
114024430364416,YoXmx,YoxMex,≤100
100156532534649,Academia de Ingles MX,These ads ran without a disclaimer,≤100
101924738980276,Bachillerato en línea Unidev,Unidev Universidad SC,≤100
174229585991829,Periódico Libre en el Sur,Francisco Ortiz Pinchetti,≤100
309520537353,Fondo Semillas,Fondo Semillas,≤100
395853843856495,Pedro Rodríguez Villegas,Pedro David Rodríguez Villegas,≤100
104654145285377,José Miguel de la Cruz Lima,Jose Miguel De La Cruz Lima,≤100
114024430364416,YoXmx,Yoxmex,≤100
148709191834718,Alcaldes de México,Alcaldes de México,≤100
147068952044134,Instituto Nacional de Salud Mental - Insame,These ads ran without a disclaimer,≤100
941757969225899,Política sin censura,Política sin censura,≤100
1447605802172501,Karla Fiesco García,Karla Fiesco García,≤100
192680674189566,El Respetable,Bruno Agustin López Arguelles,≤100
1692643974305322,Fabiola Alanís Sámano,Angelica Yazmin Navarro Arroyq,≤100
1527311874184683,Ismael Cabeza de Vaca,Ismael Cabeza de Vaca,≤100
57301464976,Veras.Mx,Veras.Mx,≤100
2299747217020256,Ágora Emprende,These ads ran without a disclaimer,≤100
101243359536311,Preparatoria en línea SEP desde casa,UNIDEV Universidad SC,≤100
105733512243982,Es Claudia Tamaulipas,Es Claudia Tamaulipas,≤100
633007690102039,Gustavo de Hoyos Walther,Gustavo De Hoyos Walther,≤100
104529444265792,Jorge Aguirre,Jorge Alberto Aguirre Robles,≤100
108039991795197,Unidev prepa en línea - SEP,Unidev Universidad SC,≤100
101295992671758,Libertarismo México,México Libertario,≤100
265938437673601,Yo Soy Mi Planeta,Yoxmex,≤100
103333352753869,Ricardo Monreal  La Mera V,Juan Carlos Garcia Perez,≤100
102492928333364,Revista Forja,Revista Forja,≤100
1609872885923314,"Autismo: Diplomados, Cursos y Conferencias",Leticia Colina Escalante,≤100
143772822457780,Ivan Gurrola Vega,Ivan Gurrola Vega,≤100
215664318620433,Sustentur,Sustentur,≤100
116216726453585,Rigoberto Ramos Ordoñez,Rigoberto Ramos Ordoñez,≤100
176047519101203,Códice Informativo,Códice Informativo,≤100
1121776881182981,Centro Noticias Tehuacán,Centro Noticias Tehuacán,≤100
225774331107918,Jonathann Estrada,David Jonathan Estrada Castillo,≤100
103925618420506,Ursula Patricia Salazar Mojica,Gerardo Roberto Ramirez Salazar,≤100
109474928114443,Actívate,José Ángel Soubervielle,≤100
103992455470006,Tamaulipas en la Mira,Abraham Serafín Abundez Estrada,≤100
1093163384039096,Ángel García Yáñez,Ángel García Yáñez,≤100
909433945747355,Sandra Pámanes,Sandra Pámanes,≤100
561348627320564,Rocío Abreu Artiñano,Rocío Abreu Artiñano,≤100
108083330882827,Iniciativa Climática de México,Iniciativa Climática de México,≤100
247775885648262,Víctor Lagunas Peñaloza,Victor Lagunas Peñaloza,≤100
519051388241845,Fundación FEMSA,Fundación FEMSA,≤100
1614410865470755,Columnas de México,Columnas de México,≤100
264174383671124,Periódico Visión Política & Social,Periódico Visión Política & Social,≤100
1024697394224040,David De La Peña,David De La Peña,≤100
640044982685950,PRD Michoacán,PARTIDO DE LA REVOLUCIÓN DEMOCRÁTICA,≤100
283653271758441,24 Morelos,24 CDMX,≤100
320404528148304,Nacho Campos,Nacho Campos E.,≤100
113232271616467,La Sierra Madre,La Sierra Madre,≤100
115592847024547,Iraís Reyes,Iraís Reyes,≤100
437616359600178,Fernando Garza Martinez,Alfonso Adrian Garcia Sevilla,≤100
338174139686776,Mauricio Kuri,Mauricio Kuri,≤100
592495347619799,Mi familia es primero,Yoxmex,≤100
100215376197287,Guerreros del voto,Guerreros del Voto,≤100
106037864919855,Ana Ayala,Ana Ayala,≤100
1856514037937535,SuperMesa,Ramon Jorge Guardado Pérez,≤100
100984402720642,Preparatoria en linea SEP,UNIDEV Universidad SC,≤100
582650362076920,César Ulloa G.,César Ulloa G.,≤100
1504871416478299,Ariel Aguilar,Ariel Alonso Aguilar Algandar,≤100
124004344344977,Ultra Noticias Aguascalientes,Anibal Salazar Mendez,≤100
100227116412043,José Miguel Jiménez Castillo,José Miguel Jiménez Castillo,≤100
407868429421487,Juan Manuel Hernández Niebla,Juan Manuel Hernández Niebla,≤100
100397949641018,Xochilove.rs,Xochilove.rs,≤100
109926551951416,UNNA_Infancia,Victor Velasco,≤100
182206105760846,Domingo Gómez López,These ads ran without a disclaimer,≤100
422544544574063,Centro de Estudios en Neurociencias y Psicología del Estado de Chiapas S.C.,Juan Carlos Nunez Hermosillo,≤100
567633750007609,Geovanna Bañuelos,Geovanna Bañuelos,≤100
108276755314662,Portal Ciudadano de la Cámara de Diputados,Portal Ciudadano de la Cámara de Diputados,≤100
112260695120606,TrendTrackers,These ads ran without a disclaimer,≤100
107856097255170,Jorge Abdala,Brecha Comunicación,≤100
115896348052800,Preparatoria virtual SEP desde casa,UNIDEV Universidad SC,≤100
559260444586386,4Tamaulipas,4Tamaulipas,≤100
112252053650029,Preparatoria SEP en Línea,UNIDEV Universidad SC,≤100
102215622696643,Visión Informativa del Norte,Visión Informativa del Norte,≤100
103802738303353,René Oyarvide Ibarra,Rene Oyarvide Ibarra,≤100
105880127492594,David Saucedo,David Esteban Saucedo Torres,≤100
213247992038369,Academia de Ballet Felipe Méndez,Felipe Méndez,≤100
1079634858748971,ASUME un Compromiso con México,ASUME,≤100
304475876391146,Asociación Mexicana de Psicoterapia - Ampsie,Asociación Mexicana de Psicoterapia y Educación a.c,≤100
103447518678068,Juan Pablo Celis,4TMichoacán,≤100
102861165870685,Amadas por el Rey,These ads ran without a disclaimer,≤100
100101715679554,ZOE México,ZOE México,≤100
114175028689083,Juan José Jiménez Yáñez,Juan José Jiménez Yáñez,≤100
107607818513380,Partido Del Trabajo CDMX,PARTIDO DEL TRABAJO CDMX,≤100
111205981646278,Ambas Manos,Ambas Manos,≤100
109927953731014,Espacio Libre México,Espacio Libre México,≤100
100120968744068,AulaTec Chihuahua Norte,Pedro Beristain Flores,≤100
113204251796086,Visión México Noticias,Visión México Noticias,≤100
944823365909303,Medio Serio,Nuria Valenzuela Márquez,≤100
185702296375261,Mexicómo,MEXICOMO,≤100
196493763808241,CEEY,CENTRO DE ESTUDIOS ESPINOSA YGLESIAS,≤100
104966359233203,Mundo Informativo,Mundo Informativo,≤100
2224502900946392,Diplomados UNAM- Congreso.,Martin Vera,≤100
492853084519289,Héctor Narváez MX,Héctor Freddy Robaldi Narváez,≤100
110107811968214,Luis Ángel Montiel,Luis Ángel Montiel Duran,≤100
114612040724292,Tu Prepa en Línea Unidev,UNIDEV Universidad SC,≤100
203204102812,Fundación Friedrich Naumann para la Libertad México,Alexandra Patricia Arevalo Muñoz,≤100
965031250259633,Química Tarri,These ads ran without a disclaimer,≤100
790122277825560,Sentido Común,Sentido Común Medios,≤100
206323119403212,Mario Delgado Carrillo,Mario Delgado Carrillo,≤100
1602149413423131,Gobierno Municipal de Matamoros,Gobierno Municipal de Matamoros,≤100
104194908706490,Preparatoria México SEP en línea,UNIDEV Universidad SC,≤100
198328023568183,Jorge G. Castañeda,Jorge Castañeda Gutman,≤100
101259548948419,BenditaRed,BenditaRed,≤100
110510251325528,Red En Común,Red en Común,≤100
2361409457423699,Miguel Gómez Orta,Jesus Moises Perez Calvo,≤100
590492288110770,De machos a HOMBRES,IDMAH INSTITUTO PARA EL DESARROLLO DE MASCULINIDADES ANTI HEGEMONICAS,≤100
123690407380120,Seguros es Mejor,Carlos Mauricio Navarro Espinosa,≤100
116641134798888,"Asambleas para la Continuidad de la ""4T"" Naucalpan",These ads ran without a disclaimer,≤100
1656612551258486,Fernando Carrillo G.,These ads ran without a disclaimer,≤100
112585171778105,Noticias Espectaculares,Noticias Espectaculares,≤100
2244971795773309,El Metichon,El Metichon,≤100
523908611353044,Reflector,REFLECTOR Agencia de Noticias,≤100
372976776109443,Quintana Roo Ahora - Noticias de Quintana Roo,Quintana Roo Ahora - Noticias de Quintana Roo,≤100
476940885780129,César Oceguera,César Estrada,≤100
273023497832507,Diario Libre Expresión,Diario Libre Expresión,≤100
214612091906228,Preparatoria Federal Miguel Hidalgo Mexicali,These ads ran without a disclaimer,≤100
104272608232696,Roberto Rodríguez Préstamos a Pensionados y Jubilados,Roberto Rodriguez Rojas,≤100
118704061217018,Impulso Durango,Marcos Oliver Sánchez Romero,≤100
107511424314165,Certificados Avalados por la SEP,These ads ran without a disclaimer,≤100
473280473089704,Aurelia Leal López,Juan Francisco Cazarez Buelna,≤100
108285588456412,Instituto Dasein Meraki,Silvia Jazmin Zarate Chong,≤100
103179422205695,Actualización Profesional - IUNHi,These ads ran without a disclaimer,≤100
109130204053554,Alas para el Cambio,Alas para el Cambio,≤100
108876111941201,Verificado México,Verificado México,≤100
105399042577512,Ags Radio Tv Noticias,Ags Radio Tv,≤100
466147276907340,El Rincón Del Chamán,El Rincón Del Chamán,≤100
107388102211536,Percepcion Social,Percepcion Social,≤100
194885537530704,"Sindicato Minero ""Los Mineros""","Sindicato Minero ""Los Mineros""",≤100
421877377878288,Municipio de Querétaro,Municipio de Querétaro,≤100
400106994113819,Cesuma,These ads ran without a disclaimer,≤100
239748533039750,PT Tlaxcala,Partido Del Trabajo Tlaxcala,≤100
104147292441684,Criticadn.mx,Criticadn.mx,≤100
101121142827861,Periodistas Anónimos,Periodistas Anónimos,≤100
102842855217815,Stanford Social Innovation Review en Español,Stanford Social Innovation Review en Español,≤100
2170836576562672,Territorial,Sistema Territorial,≤100
583723315168183,El Jaguar,La Agencia de la ONU para los Refugiados (ACNUR) México,≤100
538376106328648,Alberto Viveros Noticias,Alberto Viveros Noticias,≤100
1449954901943995,Pixels 3000 noticias,Ana Yasha Hernández,≤100
103692169399091,Derecha Moderna,Contenido de Valor,≤100
127179196969893,La Puerta del Golfo,La Puerta del Golfo,≤100
106181368002656,Ricardo Islas Salinas,Regidor Ricardo Islas Salinas,≤100
110964721419254,Observatorio Legislativo,Observatorio Legislativo,≤100
112192653650111,Jorge Ocampo,Edgar Ivan De Dios Toscano,≤100
111980355074733,Adriana Grajales Gómez,Adriana Grajales Gómez,≤100
150565728301011,Zona Cero - San Luis Potosí,Zona Cero - San Luis Potosí,≤100
109730735428359,Pueblo Informado,El AP,≤100
286051098107613,Fuego Cruzado,Victor Hugo Chavez Luna,≤100
100619665161104,El Pulso de Tamaulipas,El Pulso de Tamaulipas,≤100
502725876775008,Scientia,Augusto Martín Cedillo López,≤100
1386965674911678,Centro Cultural Ecuestre Domecq,These ads ran without a disclaimer,≤100
229692224219771,Capcia,These ads ran without a disclaimer,≤100
107727682047392,XunMexicodeverdad,These ads ran without a disclaimer,≤100
1740061819428242,Grupo TFP México,These ads ran without a disclaimer,≤100
509821702820171,24 Horas Quintana Roo,24 Horas Quintana Roo,≤100
108593091022739,Paty Doroteo,These ads ran without a disclaimer,≤100
422666764496703,La Guía de Mamá,These ads ran without a disclaimer,≤100
109575971718478,Hitzel Bernal,These ads ran without a disclaimer,≤100
663176313825884,Gobierno Municipal de Apaxco,Gobierno Municipal de Apaxco,≤100
102940334807800,"Dr. Ricardo Allende, Cardiólogo",These ads ran without a disclaimer,≤100
106874624023669,Madigen Marketing Digital,Charleaks Ruiz,≤100
105824921306256,igualdades,These ads ran without a disclaimer,≤100
113842657021916,Liliana Olea,Liliana Olea,≤100
1394199960834828,Miguel Monraz,Miguel Angel Monraz Ibarra,≤100
117299594600726,La Última Hora.,La Última Hora.,≤100
1024212257622837,Paola Jiménez Hernández,LIPCO,≤100
101877815746441,The BC Times,The BC Times,≤100
101555818455943,"Rafael ""Rafa"" Ramírez",Jose Rafael Ramírez Morales,≤100
182224979243764,Benjamín Carrera,Benjamín Carrera,≤100
255209398581175,Luis Gómez,Luis Gómez,≤100
1896354887304052,CPE News,CPE News,≤100
103767734536936,Cripeso Servicios de Consultoría,Cripeso Servicios de Consultoría,≤100
1878107562403856,Julio Moreno Parra,Julio Moreno,≤100
107539391652958,Estrella Rojas,Estrella Rojas,≤100
101543142699640,La Voz De La Sierra Norte De Puebla,La Voz De La Sierra Norte De Puebla,≤100
107881552165656,Araceli Celestino,Araceli Celestino,≤100
110763055151832,Preparatoria en línea SEP,UNIDEV Universidad SC,≤100
104769105815812,Preparatoria SEP unidev,UNIDEV Universidad SC,≤100
109092718607958,Carlos Escobar,Carlos Escobar,≤100
108439952221419,Primicia del Sur,Primicia del Sur,≤100
1470120803203418,Cabecera,Cabecera,≤100
107545877814736,Becas SEP,Kimberley Lisset Martinez Alanis,≤100
293521214648222,Emiliano Sánchez Reyes,Emiliano Sanchez Reyes,≤100
241856122540609,Dr. Héctor Muñoz,Jesus Hector Muñoz Escobar,≤100
1587273468223028,Misaj Becerra,Misaj Gonzalez Becerra,≤100
851624448552566,Red Iberoamericana de Educación y Liderazgo,These ads ran without a disclaimer,≤100
681291175575804,Visible,Lievant Studio,≤100
100397661436282,Jamile Moguel,These ads ran without a disclaimer,≤100
129605344564248,Adriana Candelario,Adriana Candelario,≤100
100262824860292,Guayabo Vengador,Guayabo Vengador,≤100
120145884414301,MX Al Día,Mx Al Día,≤100
111094778258609,Chema Martínez,Chema Martínez,≤100
465830880436743,"Confederación Revolucionaria de Trabajadores, CRT.","Confederación Revolucionaria de Trabajadores, CRT.",≤100
103008312077513,Juventud Morena,Miguel Angel Echeverria Trujeque,≤100
104257531651667,Matza Maranto Zepeda,Maritsa Concepcion Maranto Zepeda,≤100
100542251736413,Liz Arroyo,Liz Arroyo,≤100
164856266971710,Es lo Cotidiano,Es lo Cotidiano,≤100
106811552699981,Eduardo Rodriguez,Jose Eduardo Rodriguez Perez,≤100
345156559163874,Norma Mejía Lira,Redboxmex,≤100
111722236869896,Hugo Peñaloza,These ads ran without a disclaimer,≤100
134188236725011,Noemi Luna,Noemi Berenice Luna Ayala,≤100
100431071908734,La-Lista,DCS MEDIA & COMMUNICATIONS,≤100
101621281865887,Blanca Alcalá Ruiz,Blanca Alcalá Ruiz,≤100
267530300017171,Clinica de Atención Médica y Detección en ITS. . Amsavih,These ads ran without a disclaimer,≤100
104914328253519,Pedro Ortega,Pedro Ortega,≤100
111969565605071,Ríodoce,Ríodoce,≤100
366287743992291,Dr. Javier Nares,Transgender Surgery,≤100
108070795592338,dr.oliveros.psiquiatra,These ads ran without a disclaimer,≤100
177503385791052,Mariano Agustín Escobar,Mariano Agustín Escobar,≤100
628969220610696,Mon Maron,Mon Maron,≤100
2023599817873318,Vladimir Parra,Vladimir Parra,≤100
109736050805126,El Minutero,El minutero,≤100
105730758122121,Chuy Gómez,Gilberto De Jesus Gomez Reyes,≤100
102995568595429,Defendamos La Esperanza,Defendamos La Esperanza,≤100
2340595106035117,Ismael Brito Mazariegos,Ismael Brito Mazariegos,≤100
168829076613304,TvMex,TvMex,≤100
1468723019887327,ddeser,ddeser,≤100
111747610668938,Nota Online.,Nota Online.,≤100
449018802149520,Teziutlán al Día,Lucero Carrillo Cruz,≤100
243111396754988,Edin Estrada,Jesus Fabian Piña Talavera,≤100
107094742191099,Libros Valis,These ads ran without a disclaimer,≤100
1390151721225988,Diputada Daniela Alvarez,Diputada Daniela Alvarez,≤100
109293358009070,Qué rayos con Vladi?,Vladimir Fernández Cabrera,≤100
110265661245619,Preparatoria en línea SEP,UNIDEV Universidad SC,≤100
513619345425694,Zona Cero Atizapán,Hernesto Coello Hernandez,≤100
1436546763266753,Dany Solís,Dany Solís,≤100
113645938433717,maryhdz4908,These ads ran without a disclaimer,≤100
106954437740880,Alianza Iberoamericana para el Desarrollo Democrático - México,Omar Timoty Guzman Sanchez,≤100
292719910788350,Edwiges Armendariz,These ads ran without a disclaimer,≤100
1176628419094356,Navor Rojas,Cynthia Aylin Lopez Suárez,≤100
100102741827356,Centro de Gobernanza y Cooperación Internacional A.C.,Centro de Gobernanza y Cooperación Internacional A.C.,≤100
108960501297573,Lety Vázquez,Lety Vázquez Hernández,≤100
226699804054458,Juan Carlos Barragán Vélez,Juan Carlos Barragan Velez,≤100
105278152331161,Becas y Convocatorias,Becas y Convocatorias,≤100
111810526917005,Leticia Olivares Jiménez,Faustino Damian Claudio,≤100
315361578933374,Partido del Trabajo Ciudad Hidalgo Michoacán,These ads ran without a disclaimer,≤100
107444485363790,Partido Nueva Alianza Puebla,Nueva Alianza Puebla,≤100
1776223812696913,Daniel Altamirano,Daniel Altamirano,≤100
455622555010627,Somos Toluca Libre,Somos Toluca Libre,≤100
127740114598004,El orgullo de Morena,El orgullo de Morena,≤100
256979584356081,Mensajes de las Brujas,These ads ran without a disclaimer,≤100
607833932640780,Sergio Baños,These ads ran without a disclaimer,≤100
381087842366795,Mario López,Mario López,≤100
104155492522626,YA SE NOTA SLP,These ads ran without a disclaimer,≤100
104119559145883,Ninfa Cantú Deándar,Ninfa Cantú Deándar,≤100
108789464247053,Expreso García,Expreso García,≤100
104748958622204,Celia Jáuregui Ibarra,CELIA JAUREGUI IBARRA,≤100
910384219086171,Nancy Gutiérrez,Nancy Gutiérrez,≤100
301653613284149,Periódico de Izcalli,PERIÓDICO DE IZCALLI,≤100
112169625158380,Dra. Ann,These ads ran without a disclaimer,≤100
400605063453583,El Pensador,El Pensador,≤100
860599244054747,Subrayado,Subrayado,≤100
101493924570259,Cescorp Transportation,These ads ran without a disclaimer,≤100
996060393800265,Betty Rivera al Aire TV,Beatriz Rivera,≤100
2321331638145287,Christian Quintana,Christian Quintana,≤100
586562335147795,Academia & Certificaciones PH - Alisados Progresivos-Permanente,These ads ran without a disclaimer,≤100
308042772687696,Sumario Yucatán,These ads ran without a disclaimer,≤100
106579078520991,Karla Díaz García,Karla Díaz García,≤100
122150927533479,Comite Oficial Futuro sin Etiquetas,These ads ran without a disclaimer,≤100
120055394419535,Infórmate Ya,These ads ran without a disclaimer,≤100
169260623923829,Infórmate y decide,These ads ran without a disclaimer,≤100
1044283188982092,José Carlos Fuentes Ordaz,Jose Carlos Fuentes Ordaz,≤100
101267859361758,Amir Sierra Carrillo,Amir Sierra Carrillo,≤100
732197693848744,LB Consultorias,These ads ran without a disclaimer,≤100
106847862349242,IB Pack,These ads ran without a disclaimer,≤100
103230634906476,Gabriel López Carrillo,Gabriel López Carrillo,≤100
373662519336067,Ruben Guajardo Barrera,Rubén Guajardo Barrera,≤100
428942400835539,Mezcal Ojo de Tigre,These ads ran without a disclaimer,≤100
132075853511754,Qualtop Group,These ads ran without a disclaimer,≤100
568574243330012,Polimatía Online,These ads ran without a disclaimer,≤100
102516374505622,Huasca Noticias,PACHUCA INFORMA,≤100
169702397046975,Diputada Gaby Regalado,Diputada Gaby Regalado,≤100
105746521274254,Ph Certificaciones y Capacitación Profesionales,These ads ran without a disclaimer,≤100
154483503074510,Instituto Internacional de Psicanálise,These ads ran without a disclaimer,≤100
349791962189803,The Bridesblush Social,These ads ran without a disclaimer,≤100
101084949601318,Es Claudia Chihuahua,Nubia De La Rosa,≤100
101210135113722,Amanda Rocha Morelos,Nubia De La Rosa,≤100
103693011035550,Santander Global,These ads ran without a disclaimer,≤100
103056022692771,La Ciudad es Clara,La Ciudad es Clara,≤100
58691098550,Society of Petroleum Engineers,These ads ran without a disclaimer,≤100
852370551453606,GARP,These ads ran without a disclaimer,≤100
118167054608904,Shiyu EE,These ads ran without a disclaimer,≤100
103385241064955,SkinAlliance,These ads ran without a disclaimer,≤100
106246311267414,Valeria Cruz Armendariz,Nubia De La Rosa,≤100
127024441274026,Wellington.mx,Gerardo Enrique Garibay Camarena,≤100
21474437688,Deloitte,These ads ran without a disclaimer,≤100
100344435204047,Luis Daniel Lopez,Nubia De La Rosa,≤100
138858946125756,MexVax.com,These ads ran without a disclaimer,≤100
131202380775397,"Oaxaca, la historia jamás contada. Guillermo Rangel Rojas",Guillermo Rangel Rojas,≤100
469362326528237,Consejo Nacional Anticorrupción CNA Honduras,These ads ran without a disclaimer,≤100
111902331908852,Ágora Chilanga,Ágora Chilanga,≤100
101134691707170,Fight The Lies,These ads ran without a disclaimer,≤100
352241124810616,Visión y Óptica,These ads ran without a disclaimer,≤100