﻿Page ID,Page name,Disclaimer,Amount spent (INR)
486980998032652,BJP Karnataka,Bharatiya Janata Party (BJP),5760217
1511782779066279,Indian National Congress - Karnataka,Indian National Congress - Karnataka,2169371
1927351340858687,ಬಿ ಪಿ ಹರೀಶ್,Gowda Basavana,87135
124366547225308,ಜಯಶ್ರೀ ಕೆ.ಎನ್. ರಾಜು - ಗುಂಡ್ಲುಪೇಟೆ,Kalavathi M,71414
284805671674675,Krishna Byre Gowda For Bengaluru North,Krishna Byre Gowda For Bengaluru North,54150
102811167950527,Janata Dal Secular,Pancharatna Yojane,48823
206810882806875,Samvada ಸಂವಾದ,Samvada ಸಂವಾದ,41809
111525635603133,C T Ravi,Vijay S,38910
105367865882955,CV Raman Nagar Constituency INC,Shankaravel Jayadevan,30911
102617005585949,Ashok Jayaram,Vijay S,30571
808339755882267,Suresh Shetty Gurme,Suresh Shetty Gurme,30510
220333908099821,Aam Aadmi Party Karnataka,Aam Aadmi Party Karnataka,25524
531434090219534,Aam Aadmi Party Bangalore,Aam Aadmi Party Karnataka,23906
114423274957250,"Nivedith Alva - ""ಪ್ರಗತಿಪರ ಯುವಸೇವಕ""",Coceptual Media,20851
102835346135703,Fans of Gurme Suresh Anna,Gurme Suresh Anna,18944
1925563641096276,S T Somashekar,S T Somashekar,18021
147694659289470,Ashok Managuli,Ashok Managuli,14209
226716647471508,Vinay Kumar Sorake,Vinay Kumar Sorake,13868
100351106200287,Four Point 2Tech,Shiva Kumar Yashwanth Kumar,13863
530490267348228,Byatarayanapura Speaks - 2018,Byatarayanapura Speaks - 2018,13608
139429406230702,Kumaraswamy for CM,Kumaraswamy for CM,13133
100110012911465,Prasadraj Kanchan,Prasadraj Kanchan,12236
1992965680961300,Dr. Uday B. Garudachar ಅಭಿಮಾನಿ ಬಳಗ,Dr. Uday B. Garudachar ಅಭಿಮಾನಿ ಬಳಗ,11864
100855212912542,Hunsur ulisi manjanna gellisi / ಹುಣಸೂರು ಉಳಿಸಿ ಮಂಜಣ್ಣ ಗೆಲ್ಲಿಸಿ,Hunsur ulisi manjanna gellisi / ಹುಣಸೂರು ಉಳಿಸಿ ಮಂಜಣ್ಣ ಗೆಲ್ಲಿಸಿ,11395
104878157547649,H Nagesh,Hk Ramesh,11028
115020639874323,Yasirkhan Pathan,Hind Technologies,10962
115452171516554,V. Somanna 4 Varuna,Sai Kiran,10483
102098615927130,Nam Namo - ನಮ್ ನಮೋ,karunadueesanje.com,10309
100561291852617,Ashok Mruthyunjaya - Bangalore VP AAP,Ashok Mruthyunjaya,10138
562212137468656,S D DILIP KUMAR,S D DILIP KUMAR,9442
102750822697993,M Srinivasa Reddy,M Srinivasa Reddy,9377
100881489585554,Gururaj Gantihole / ಗುರುರಾಜ್ ಗಂಟಿಹೊಳೆ,Gururaj Gantihole / ಗುರುರಾಜ್ ಗಂಟಿಹೊಳೆ,8981
566348456774265,Karnataka - Updates,Karnataka - Updates,8748
556794794409307,Sapthagiri Gowda,Sapthagiri Gowda,7943
110458847449388,Dr. Narayana Gowda / ಡಾ. ನಾರಾಯಣ ಗೌಡ,Vijay S,7675
102748128070970,Yuva Shakti Karnataka,Yuva Shakti Karnataka,7023
113125761613615,Namma CM Bommai,Kiran A,6670
653585468018416,Ramesh Bhusanur,KICE MEDIA,6458
1012740472118925,Thammesh Gowda HC,Thammesh Gowda HC,6447
115143964889450,Vijay Singh Fan Club,Bumble Bee,6423
734995760038606,Yogesh H C,Yogesh H C,6305
987698971405130,Doddanagouda G Patil ದೊಡ್ಡನಗೌಡ ಜಿ ಪಾಟೀಲ,Doddanagouda G Patil ದೊಡ್ಡನಗೌಡ ಜಿ ಪಾಟೀಲ,5741
105861005829107,Kaup Central,Kaup Central,5404
100593012792684,Keerthan Kumar,Praveen L,5231
283149055377454,S L Ghotnekar Abhimani Balaga,S L GHOTNEKAR ABHIMANI BALAGA,5211
201141296623500,Prakash Koliwad,Prakash Koliwad,5140
655922641191564,Lankesh,Paalya Lankesh Inderjit,5114
100739659684071,T S Srivatsa,BJP Mysore,5094
811330598995413,Jagadeesh Gudagunti,Kice Media,5073
746739692075854,Anil H Lad,Anil H Lad,5018
558553517577172,Appugouda Patil Revoor - Dattatreya Patil,Appugouda Patil Revoor - Dattatreya Patil,4699
21169267101,Give,Give,4623
531897070196882,Puttanna,Sai Kiran,4610
122388860762264,Bendre News Kannada,Bendre News Kannada,4608
111062454096871,BJP Shivamogga City,BJP Shivamogga City,4464
444000972398140,Dr. Ajay Dharam Singh,Ramkishan Singh Maninder Singh,4372
492852630727055,Rajkumar M Topannavar,Rajkumar Mahadev Topannavar,4264
114035494998180,ramesh.hk,Haralahalli Kempegowda,4136
101259901697213,Dr. Ravi Patil,Dr. Ravi Patil,4105
117735024559728,Anil Kumar R,Anil Kumar R,3944
111174918614498,ಕವೀಶ್ ಗೌಡ ಅಭಿಮಾನಿಗಳ ಬಳಗ,Codeflurry Technologies,3898
102807256077988,G N Venugopal,G N Venugopal,3884
116399561444959,Siddu R Konnur,Siddappa Konnur,3875
674653536330238,ಅಖಿಲ ಕರ್ನಾಟಕ ಬಿ ಸಿ ಪಾಟೀಲ್ ಅಭಿಮಾನಿ ಬಳಗ,ಅಖಿಲ ಕರ್ನಾಟಕ ಬಿ ಸಿ ಪಾಟೀಲ್ ಅಭಿಮಾನಿ ಬಳಗ,3866
104715015355419,Sudhakar Shetty Brigade,Sudhakar Shetty Brigade,3813
101966515776251,Sharan I T,Sharan I T,3772
1744909255724698,DeccanDigest,DeccanDigest,3768
429413370793689,Prakash Khandre,Prakash Khandre,3735
104830828593863,ಮುರುಗೇಶ್ ನಿರಾಣಿ ಅಭಿಮಾನಿ ಬಳಗ,Naythan Carvalho,3732
115182834868995,Dhananjaya gowda soldiers,Rajashekhar,3715
103357492023752,Muralidhar Patil मुरली दादा पाटील,Muralidhar Patil,3661
242884719508214,Uthkarsh A,Uthkarsh A,3657
413642976134919,ಶ್ರೀ ಅಮರೇಗೌಡ ಬಯ್ಯಾಪುರ ಶಾಸಕರು ಕುಷ್ಟಗಿ ವಿಧಾನಸಭೆ,ಶ್ರೀ ಅಮರೇಗೌಡ ಬಯ್ಯಾಪುರ ಶಾಸಕರು ಕುಷ್ಟಗಿ ವಿಧಾನಸಭೆ,3642
947576045413714,Appachu Ranjan Mla,Vinay Simha Krishna,3558
105478632537093,Priya krishna Youth Leader,Naveen Kumarc,3552
912096938897209,Vijay Singh,Vijay Singh,3550
104990485906666,Shilpa Raghavendra BJP,Raajatantra,3518
100126289743823,Manjula Karadi,Shivkumar Reavansiddappa Mamadapur,3495
1622717307846846,Pracharak Advertising and Promotion,Pracharak Advertising and Promotion,3430
111625317182506,Inayat Ali,DesignBoxed,3408
106844625621727,Karnataka Rashtra Samithi Ballari,K Srinivasa Reddy,3381
105898731863885,Bhaskar Prasad SDPI For Pulikeshinagar,Sufi Roshan,3362
937428432940319,Ganesh Hukkeri,Ganesh Hukkeri,3356
114595314946299,B Shivaramu Abhimani Balaga,Zero Birate,3341
107371048916909,Oo pretiya thamma / ಓ ಪ್ರೀತಿಯ ತಮ್ಮ,Oo pretiya thamma / ಓ ಪ್ರೀತಿಯ ತಮ್ಮ,3291
105241070878860,S Lingamurthy,S Lingamurthy,3275
107395897271506,Kutumb,Swatantra Verma,3158
113102191724630,H.S. Shivakumar,Digi-Ants Digital World,3157
219203331862161,Siddu Patil,Siddu Patil,3156
101361402162899,JDS Updates-BIDAR / ಜೆಡಿಎಸ್ ಸುದ್ದಿ ಮನೆ ಬೀದರ್,JDS Updates-BIDAR / ಜೆಡಿಎಸ್ ಸುದ್ದಿ ಮನೆ ಬೀದರ್,3075
112952941626423,ನಿಮ್ಮ ಸಿದ್ದಾರ್ಥ ಸಿಂಗ್,ನಿಮ್ಮ ಸಿದ್ದಾರ್ಥ ಸಿಂಗ್,3021
107663785351084,Nimma Siddhu Patil-Tegnur   ನಿಮ್ಮ ಸಿದ್ದು ಪಾಟೀಲ್- ತೆಗ್ನೂರು,Nimma Siddhu Patil-Tegnur   ನಿಮ್ಮ ಸಿದ್ದು ಪಾಟೀಲ್- ತೆಗ್ನೂರು,3004
485973368124928,RV Devraj,RV Devraj,2958
105791528533183,ವಿಕಾಸ ಕಾರ್ಕಳ Vikasa Karkala,Avinash M V,2884
1438724319681116,DK Shivakumar,DesignBoxed,2806
100593012792684,Keerthan Kumar,Keerthan Kumar,2793
110132941851275,Anjinappa puttu for SDL,Sagar,2763
172274863547479,Malavika Gubbivani - ಮಾಲವಿಕ ಗುಬ್ಬಿವಾಣಿ,Malavika Gubbi Vani,2761
169431409884839,Srinivas Gowda Hanumaiah,Digiants,2649
113125761613615,Namma CM Bommai,Manjunath N,2620
152793035357394,AC Srinivasa Pulikeshi Nagar,AC Srinivasa Pulikeshi Nagar,2615
1101097403326599,Chief Electoral Officer Karnataka,Chief Electoral Officer Karnataka,2521
103704155350118,Gates Foundation India,These ads ran without a disclaimer,2490
103978051023455,Hunsur Manjanna fans,Hunsur Manjanna fans,2479
683396311762727,Manappa Vajjal,Manappa Vajjal,2479
122216174185342,Hampanagouda Badarli,Shridhara Badigera,2464
109513638786773,Voice of Kumta-Honnavara,allaboutadwords,2421
438732172878624,Aravind Limbavali,Aravind Limbavali,2404
101939526213473,Asha Thimmappa Puttur ಆಶಾ ತಿಮ್ಮಪ್ಪ ಪುತ್ತೂರು,webrainy,2297
191399134327652,aramco,These ads ran without a disclaimer,2209
2018838005012663,Prajakeeya vijay,Prajakeeya vijay,2070
171812199887301,SR Srinivas Gubbi MLA FC,Asthra Digi Tech ADT,2064
111849175115505,ದಾಸರಹಳ್ಳಿ ಜನಾಭಿಮತ - Dasarahalli Janabimatha,S Sendil Kumar,2056
100124179689119,Saluru ShivaKumar Gowda - ಸಾಲೂರು ಶಿವಕುಮಾರ್ ಗೌಡ,Shiva Kumar Gowda,2053
491580774286451,Suryakanth Nagamarapalli,Vilas Vijay Kulkarni,2037
113007061680460,Sneha Jeevi Mane maga manjanna / ಸ್ನೇಹ ಜೀವಿ ಮನೆ ಮಗ ಮಂಜಣ್ಣ,Sneha Jeevi Mane maga manjanna / ಸ್ನೇಹ ಜೀವಿ ಮನೆ ಮಗ ಮಂಜಣ್ಣ,2032
119087661115288,ಯುವಕರ ಕಣ್ಮಣಿ ಡಾ. ದೇವರಾಜ ಪಾಟೀಲ,ಯುವಕರ ಕಣ್ಮಣಿ ಡಾ. ದೇವರಾಜ ಪಾಟೀಲ,1995
115452171516554,V. Somanna 4 Varuna,Avinash,1936
972034532927409,The Gulbarga Mirror,The Gulbarga Mirror,1824
113334911744562,Inayat Ali Fans - ಇನಾಯತ್ ಅಲಿ ಅಭಿಮಾನಿಗಳು,Krishna Singh Thakuri,1792
105352585115651,H P Manjunath MLA,H P Manjunath MLA,1777
106747718765267,ನಿಮ್ಮ ಸೇವಕ ದೊಡ್ಡನಗೌಡ ಜೀ ಪಾಟೀಲ್ ಹುನಗುಂದ - ಇಲಕಲ್ಲ,Sidramappa,1742
102829655999310,Abdul Hameed Mushrif - ಅಬ್ದುಲ್ ಹಮೀದ ಮುಶ್ರೀಫ್,Nitesh Mahesh Pogul,1732
681765828678544,Sharada Puryanaik,Sharada Puryanaik,1679
102097292710408,Tejaswi V Patel,Tejaswi V Patel,1622
114552704834271,Hullalli Suresh Balaga - ಹುಲ್ಲಳ್ಳಿ ಸುರೇಶ್ ಬಳಗ,Avinash,1621
105993895826098,Aravind dalwai,Anand Madivalappa Byalal,1619
115883701481069,Hubballi Central Speaks,Giridhar Hiremath,1611
130795077597478,Oxford School - Nagarabhavi,Oxford School - Nagarabhavi,1609
100357762363551,Manjunatha Bachegowda,Manjunatha Bachegowda,1603
103812439247204,Keshava Rajanna B Fanpage,Keshava Rajanna B Fanpage,1597
1826491730900559,Keshava Rajanna B,Abishek Nb,1544
109891457147316,Mahesh Kumathalli Fans,Mahesh Kumathalli Fans,1542
270666596375251,Jhatkaa.org,Jhatkaa.org,1513
625163821153270,KV Mallesh,KV Mallesh,1504
114552704834271,Hullalli Suresh Balaga - ಹುಲ್ಲಳ್ಳಿ ಸುರೇಶ್ ಬಳಗ,Sai Kiran,1503
116006448044854,Manjanna for Minister / ಮಂಜಣ್ಣ ಫಾರ್ ಮಿನಿಸ್ಟರ್,Manjanna for Minister / ಮಂಜಣ್ಣ ಫಾರ್ ಮಿನಿಸ್ಟರ್,1489
113926498210718,TEAM BASAVARAJ MATTIMADU,TEAM BASAVARAJ MATTIMADU,1478
101681502225609,Gunjur Srinivas Reddy - ಗುಂಜೂರು ಶ್ರೀನಿವಾಸರೆಡ್ಡಿ - ಶ್ರೀನಿವಾಸಪುರ,These ads ran without a disclaimer,1475
114901701577588,ಮತ್ತೊಮ್ಮೆ ತಿಪ್ಪಾರೆಡ್ಡಿ,Sai Kiran,1471
132689140088396,smilefoundation,smilefoundation,1450
441249902634004,Baba Siddique,Baba Siddique,1442
501042280227351,Shantagouda Patil,kice media,1439
696067314066568,Mahesh Tenginkai,BrandRaga,1424
109128725441813,Vinay Gowda,Ashok Kumar Mandal,1423
112490228448486,Deepak,Ashok Kumar Mandal,1409
383190408775460,K. C. Veerendra Puppy,K. C. Veerendra Puppy,1393
188649165145127,S R Srinivas,asthra digi tech - ADT,1386
542975576226588,My Leaders,MYLEADERS TECHNOLOGIES,1386
137234473729985,Subhash  Rathod,Subhash V Rathod,1311
1879745165376429,D Sudhakar,D Sudhakar,1283
1476946025935650,Yoga Ramesha,Sharva Creative Communications,1274
112545031778070,Karnataka News 24x7,Sai Kiran,1273
100507876374216,ಬ್ಯಾಟರಾಯನಪುರ ಕೇಸರಿ,Vinay Raveendra Wandakar,1238
109559675390158,Karthik,Ashok Kumar Mandal,1235
286437648137325,L.A.Ravi Subramanya,Sharva Creative Communications,1234
100725272901469,"Abdul Hameed Mushriff Fan's Club""","Abdul Hameed Mushriff Fan's Club""",1227
109352408717959,B L Devaraja,B L Devaraja,1221
114907348250593,Team Dinesh Hegde,Dinesh Hegde Molahalli,1205
106154555410671,Santhosh Kamath AAP,Sushanth Bv,1186
108421918065044,KA 48 Jamkhandi,KIce Media,1170
109023665506187,H D Thammaiah,Thammaiah H D,1159
316918261779061,Santosh Lad,RMT,1156
111132015103321,K R Sridhara Reddy,K R Sridhara Reddy,1154
125561964154544,Suresh Kumar,Suresh Kumar,1131
558553517577172,Appugouda Patil Revoor - Dattatreya Patil,Mohammad Umar Farooq,1110
123405501008524,Mercedes-Benz India,Mercedes-Benz India,1063
117081938029416,KRPP Fans,Teksoft,1048
175171476249639,Dr. Umesh Mahabalshetti,KICE MEDIA,1037
100164763074774,Right Look,Kiran Kumar K,1023
105364719162618,N M Noor Ahmed,N M Noor Ahmed,1022
102386805186305,S R Navalihiremath,Praveen Mruthunjayya Torgalmath,1018
105040862572706,Shivaraj Sajjanar,Shivaraj Sharanappa Sajjanar,1013
108184561480441,ಸಂತೋಷ್ ಲಾಡ್ ಯುವ ಪಡೆ,Right Media Tech,986
421458761569191,K V Naveen Kiran,C Vishwanath Manjunath,974
369550016882510,Ashok Rai Fans,Ashok Rai Fans,963
106154555410671,Santhosh Kamath AAP,webodaya,905
1412702778955739,J.R. LOBO,J.R. LOBO,891
120998100978465,Belagavi Uttar Constituency,Giridhar Hiremath,888
148010855792512,HK Suresh,Sai Kiran,886
115993994741430,Siddu Revoor,Sandeepa N,878
109650752120389,ನಮ್ಮ ಪದ್ಮನಾಭನಗರ ನಮ್ಮ ಅಶೋಕ್ - Namma Padmanabhanagar Ashok,Dayananda R,868
111250048626026,ಕನಕಪುರ ಸಾಮ್ರಾಟ್ ನಮ್ಮ ಅಶೋಕ್ - Kanakapura Samrat Namma Ashok,Dayananda R,862
118268811237261,ದೇವರಹಳ್ಳಿ ಸೋಮಶೇಖರ್ ಬಳಗ,Praveena S,858
479998865355592,Aditya Birla Group,Aditya Birla Group,851
141183519817477,Aiyshwarya Manchanahalli Mahadev,Policy Briefcase,833
120438727697914,Niranjan D Raj,Pramod N,814
152793351967032,K.G.Bopaiah,K.G.Bopaiah,805
106917495262631,Arvind Kejriwal ಬೆಂಗಳೂರು,Kamran  Shahid,779
102273292864097,Belagavi Public Speaks,Giridhar Hiremath,762
1483669311889160,Big Screen Studio,Big Screen Studio,749
105024622518723,"AbhiRam Hegde, Halalla",These ads ran without a disclaimer,747
173132270075189,Dr. S Shivaraj Patil,Dr. S Shivaraj Patil,739
107638877780864,ಕೆ ಷಡಕ್ಷರಿ ತಿಪಟೂರು,ಕೆ ಷಡಕ್ಷರಿ ತಿಪಟೂರು,729
100866222545418,Sridhar Gowda,Sourabh Tirpude,723
174283119250672,Bal Raksha Bharat,Bal Raksha Bharat,720
116260278124378,Manvi BJP,M Araveenda Prabhu,703
102299372829238,ಹೊಳೆದಂಡೆ ಹುಲಿ,Vinay Raveendra Wandakar,703
225227524588339,Chiranjeevi Jetty,Global Political Strategy Committee,693
110602515361589,Nanna Kanasina Hassana,Kumaraswamy B S,684
124057787281099,Trolls hunsur,Trolls hunsur,677
117557481310533,Sindhe Bhimsain Rao,Shekhar,673
103812439247204,Keshava Rajanna B Fanpage,Abishek Nb,664
116229774775403,Sajjana Swaroopa / ಸಜ್ಜನ ಸ್ವರೂಪ,H L Unnatha,663
985563114862975,ಮೋಹನ್ ದಾಸರಿ - Mohan Dasari,Mohan Dasari,659
565225540184937,CGTN,These ads ran without a disclaimer,655
282198256011533,PM Narendra Swamy,PM Narendra Swamy,626
104961325846139,Arjun Halagigoudar,Arjun Halagigoudar,616
750867108394533,B R Patil,Krologix Technologies Pvt. Ltd,612
530490267348228,Byatarayanapura Speaks - 2018,Shamanth Earaiah,610
111943568546508,Shilpa Babu,Shilpa Babu,575
106291952149593,Manjunath Naidu,Manjunath Naidu,572
531680123657363,Shivakumar Natikar,Shivakumar Natikar,556
411129449009589,K.C. Venugopal,K.C. Venugopal,550
109545244848137,Crafto,Kutumb App,550
112545031778070,Karnataka News 24x7,Avinash,547
109470364774303,Ellorum Nammudan,Ellorum Nammudan,541
111419338439620,Congress Mukt BTM,Congress Mukt BTM,540
108394644823710,Sunil Gowda,Sunil Sun,513
797927846899300,Flag Foundation of India,Flag Foundation of India,512
1751148411602073,Dr. Ranganath MLA Kunigal,Dr. Ranganath MLA Kunigal,511
138323482894268,Taruni,Taruni,501
1595929447387307,ನಮ್ಮ ಕಾಪು - ನಮ್ಮ ಸೊರಕೆ,Abhishek Dinesh Hokarne,491
116650004667508,Karamjit Kaur Chaudhary,Karamjit Kaur Chaudhary,490
441190706260264,Kundapraa.com ಕುಂದಾಪ್ರ ಡಾಟ್ ಕಾಂ,SMV,462
107334185444129,Charitism Global,Charitism Global,461
1763440703957366,Ramakant Konduskar,digital kolhapur,456
806424636109251,Abdul Majeed,Sufi Roshan,448
114272033623338,Byrathi Suresh,Byrathi Suresh,440
105004671156096,Bengaluru Moving,Bengaluru Moving,431
1906315629698533,Ashok Kheny,Ashok Kheny,431
2098801757111358,Ayanur Manjunath ಅಯನೂರ್ ಮಂಜುನಾಥ್,Manjunath Santhosh Ayanur,421
100560489493422,ಜನಪರ - ಜೀವಪರ,ಜನಪರ - ಜೀವಪರ,406
102871236100559,Vijayapura Daily - ವಿಜಯಪುರ ಡೈಲಿ,Vijayapura Daily - ವಿಜಯಪುರ ಡೈಲಿ,400
102123079337554,International Society for Krishna Consciousness,ISKCON Delhi,399
108368481299858,Karnataka Times,Sai Kiran,391
103782051383159,School of Politics,School of Politics,389
102428579409533,Dr Prakash JP,Dr Prakash JP,386
1726206627468054,A S Patil Nadahalli,K Manjunatha,369
756824464358589,Mithun Rai,Mithun Rai,362
1644165492504830,Anekal Ramoji Gowda,Ramoji Gowda,354
101437656247049,Modi Quotes,Modi Quotes,353
1745999979044838,Eshwar Khandre,M Ramyalakshmi,331
111990818528707,wesupportavinash,These ads ran without a disclaimer,326
103035808058655,RK Ramesh,Muthanallur Gopalaiah Sudharshan Reddy,319
107087981640879,Rakshith Shivaram Tulunad,Rakshith Shivaram Tulunad,310
30290552843,Greenpeace India,Greenpeace Environment Trust,309
2409371185963750,MBA and Beyond Admission Consulting,These ads ran without a disclaimer,307
109941745280740,CitiJan,Kondeti S Phani Prakash,305
104747929200204,Kaveesh Gowda Vasu,Kaveesh Gowda Vasu,304
111481637431723,RaghavendraReddy Patil Wadwat,Vijayshankar Reddy,301
117273974645744,Sufi Roshan Blog,Sufi Roshan,296
2078242259060363,Kukufm,These ads ran without a disclaimer,288
1571167366231304,Ramakant Bhargava,Saket Bhargava,277
105037262559247,E-SurveyIndia,Krologix Technologies Pvt. Ltd,277
105665879165269,ಧನಂಜಯ್ ಗೌಡ  ಅಭಿಮಾನಿ ಬಳಗ,Shripad Hegde,275
108410747409311,Vivek Raj,Vivek Raj,271
113193325039715,A.B PATIL 2023,A.B PATIL 2023,270
105611785859714,ಮೊಯಿನುದ್ದೀನ್ ಬಾವಾ ಬೆಂಬಲಿಗರು,Mahendra Singh Thakuri,268
613967225429021,T N Javarayi Gowda,T N Javarayi Gowda,268
100998629475499,S P Nagaraja Gowda,S P Nagaraja Gowda,259
1559470284286071,M.K.Somashekar,Pranusha Mysore Somashekar,258
153891144797146,Uttam Kumar Reddy,Ashutosh Mishra,255
256291788190346,Gangadhar Bhat Karwar,Gangadhar Bhat Karwar,251
603501043456317,Karnataka Rashtra Samithi,Karnataka Rashtra Samithi,247
110540855019509,Sheegehalli Sundar,K Manjunatha,246
1401957830062535,S R Patil-Shivanagouda R Patil,Kareppa Bangi,243
103037346504236,News Karnataka,Quick Advisory and Digital,239
102342075797132,Anoop Iyengar,Nataraja,238
110052345409481,K S Vijay Anand,Sunil Bedre Nagarajarao,238
102458756176439,Ashok Kumar Karanji Bidar,SAS Party,235
106437932189823,Cement Manju,Cement Manju,230
100549119644561,Jo Ram Ko Laye Hain Hum Unko Layenge 2024,Jo Ram Ko Laye Hain Hum Unko Layenge 2024,229
115079044823900,Preetham Gowda - Hassan MLA,Preetham Gowda - Hassan MLA,227
116383754696955,Antardhwani - The Inner Voice,Antardhwani,218
114313261635556,Team Upendra Pai,Basavachetan,214
449378495112356,Swades Foundation,Swades Foundation,212
466835200043903,उमेद अभियान - Maharashtra State Rural Livelihoods Mission,MASRLM,208
1138735989474869,H Ravindra,H Ravindra,208
116217541436909,MLA Tanveer Sait Official,Abrar Mohammed,200
110132160741768,Polstrat,Polstrat Communication,199
2098801757111358,Ayanur Manjunath ಅಯನೂರ್ ಮಂಜುನಾಥ್,Vinayaka R,194
571167629925037,Ravi Boseraju,Somchandra Penumatcha,194
105839257809019,The Leader,ASTHRA DIGITECH,190
1675397462487995,Shivaraj Tangadagi,Shivaraj Tangadagi,183
103158362650110,AAP Sumana Bellarkar,Desmond Joseph Dsouza,180
105340111975765,Shrimant Patil,Shrimant Patil,170
671049086265245,Abhay Patil,Chaitanya Ramesh Dalvi,167
1617592108503224,Araga Jnanendra,Araga Jnanendra,162
2025274010873024,Thokala Srinivas Reddy,Sanvi Kreations,161
100232173035863,Congress Kallekai - ಕಾಂಗ್ರೆಸ್ ಕಳ್ಳೇಕಾಯ್ Videos,Congress Kallekai - ಕಾಂಗ್ರೆಸ್ ಕಳ್ಳೇಕಾಯ್ Videos,158
100409492602935,Dr Rajanandini Kagodu,K Manjunatha,155
107275334785456,VenkatReddy Mudnal ವೆಂಕಟರೆಡ್ಡಿ ಮುದ್ನಾಳ,VenkatReddy Mudnal ವೆಂಕಟರೆಡ್ಡಿ ಮುದ್ನಾಳ,155
1305477266244063,A.Muneer jansale,Abdul Muneer,154
100745809671565,ಸತೀಶ್ ಸೈಲ್,Yogesh Gonda,149
317187395100509,Vikramjit Singh Chaudhary,Vikramjit Singh Chaudhary,147
100913996298390,Prajasuddhinews,N Gowtham,146
111200893854840,Tipparaju Hawaldar,Amita Joshi,139
698096280212576,Bhatti Vikramarka Mallu,Bhatti Vikramarka Mallu,136
277974762958824,Dr Rameshbabu VM IA&AS,Dr Rameshbabu VM IA&AS,135
233200177415258,Dr H M Chandrashekar,Vinayaka R,132
316991888349139,One School At A Time (OSAAT),OSAAT EDUCATIONAL CHARITABLE TRUST,131
100614605326759,"S RAGHU, MLA, Sir CV Raman Nagar Assembly Constituency","S RAGHU, MLA, Sir CV Raman Nagar Assembly Constituency",129
104516512296314,Kartikeya Sharma,Kartikeya Sharma,127
165714096933078,Piyush Goyal,Piyush Goyal,122
605390272841833,Shrirang Appa Barne,Abhay Balu Ahire,117
105404407858260,Prithvi Halappa,Prithvi Muralidhar Halappa,115
343731449001203,Dainik Savera,Mohit Johari,114
430864437043861,D K Brijesh,Devassia Brijeshdkaithakkal,114
207716982590230,Cipla,These ads ran without a disclaimer,113
107663785351084,Nimma Siddhu Patil-Tegnur   ನಿಮ್ಮ ಸಿದ್ದು ಪಾಟೀಲ್- ತೆಗ್ನೂರು,Siddharam Apparao Patil,113
204744199661412,Shias of  Hyderabad,Syed Riyazuddin Hyder,112
674757045920691,Jayadev Galla,Aditya Vemulapalli,108
103233616091849,Mahaveer Mohite,Sangamesh Tubachi,107
105596701293129,Ayodhya Development Authority,Sandeep Kumar Sharma,105
102551982600274,Vijayshankar Reddy,Vijayshankar Reddy,105
100712133026463,ಅನ್ವರ್  ಪಾಷಾ ಹೆಬ್ಬಾಳ ವಿದಾನಸಭಾ ಕ್ಷೇತ್ರ ಉಪಾದ್ಯಕ್ಷರು,Anwarpasha,104
101829069250703,Chittapur Assembly constituency Congress,Sagar,103
806181806121459,Harshvardhan NandKumar Singh Chouhan,Ishan Mishra,103
140930379388330,Kishan Reddy Gangapuram,Kishan Reddy Gangapuram,102
2372696399654740,ವೆಂಕಟೇಶ ಜಂಬಗಿ,Venkappa S Jambagi,≤100
106922571353178,Manoj Dhama,FASCINATE WEB SOLUTION PRIVATE LIMITED,≤100
108666228855496,Ashok Kheny For Bidar,Sai Kishor Thatikanti,≤100
103080718018839,Dr H V Kotturesha Rasthapuramath,Halladarasthapurmath,≤100
685881558130468,Kamal Nath,Kamal Nath,≤100
103488114954871,M G Rangadhamaiah ಎಂ ಜಿ ರಂಗಧಾಮಯ್ಯ,M G Rangadhamaiah ಎಂ ಜಿ ರಂಗಧಾಮಯ್ಯ,≤100
114563814949718,Prashant Singhal BJP,Rahul Singh,≤100
102275329396663,GS Shyam,Shyam Gollarahally Siddappa,≤100
189271178483352,Five Lotus Indo German,Five Lotus Indo German,≤100
121924297508141,Impact Guru Foundation India,Impact Guru Foundation India,≤100
2088375444510377,ನಮ್ಮ ಸಿಎಂ,asthra digi tech,≤100
106518205517596,Vijayanagar Bangalore,Vijayanagar Bangalore,≤100
100735178208398,Udyami India,Samadhan Samiti,≤100
1722187834676013,Jasvir Singh Garhi,Jasvir Singh Garhi,≤100
271925582604,Citizens For Justice and Peace,Citizens for Justice and Peace,≤100
519296628180189,K. Manik Rao,Mithun Raj Koninty,≤100
108935364979003,Ragidi Laxma Reddy,Laxmareddy Ragidi,≤100
33497111948,Child Rights and You,Child Rights and You,≤100
522250264487836,K.B Prasanna Kumar,Avinash Nompi P,≤100
103853825953918,vicky_khurhna123,These ads ran without a disclaimer,≤100
104121972556162,Fans of Hoodi Vijaykumar,M Sujai Kanth,≤100
104490652376878,Vijay kumar kalyan matka,Vijaya Kumar,≤100
100579492974806,Garibo Ke Modi,Garibo Ke Modi,≤100
112475780481777,Bahadur Singh Chouhan,Manoj,≤100
109141098395573,Inclusive Minds,Inclusive Minds,≤100
640369399392914,Baijayant 'Jay' Panda,Baijayant Panda,≤100
106779022378556,Karnataka BJP Supporters,Manjunath Hiremath,≤100
105682567774739,Tajinder Singh Sran,Tajinder Singh,≤100
1785302198354679,Dr. Somendra Tomar,Somendra Singh,≤100
476623509093274,Rajesh Naik U,Rajesh Naik,≤100
1970631066563882,Ramesh Kumar Choudhary,These ads ran without a disclaimer,≤100
132406124102264,Sunil Sarraf,Sunil Sarraf,≤100
224618077692752,Sanjay Tandon,CosMark Media Pvt Ltd,≤100
384000501947350,Devendra Yadav,Think First,≤100
647244058952240,Jaypal Singh Chawda,Jaypal Singh Chawda,≤100
104908641373434,Anukriti Gusain Rawat,Anukriti Gusain,≤100
100203085686005,D Panduranga Garag,These ads ran without a disclaimer,≤100
102218576103904,Badlaav ki Aandhi Priyanka Gandhi,Badlaav Ki Aandhi Priyanka Gandhi,≤100
421962034490470,Dhananjay Mahadik MP Kolhapur,Ashwamedha Media,≤100
103323631482097,ಜಿ.ಹೆಚ್. ಶ್ರೀನಿವಾಸ್ ಅಭಿಮಾನಿಗಳು,ಜಿ.ಹೆಚ್. ಶ್ರೀನಿವಾಸ್ ಅಭಿಮಾನಿಗಳು,≤100
116476584663869,Sirikonda Madhusudanachary,Sirikonda Madhusudanachary,≤100
154161255255794,Gyaneshwar Patil,Rajnarayan Gurjar,≤100
280151592660279,"Dr.Syed Naseer Hussain, MP, Rajya Sabha",Shayista Suman,≤100
114190608317326,Adv. Amar Kisanrao Yallurkar,Shivaraj Annasaheb Chavan,≤100
339835596096353,Satish Poonia,Maheep Poonia,≤100
105671775473178,Jan Suraaj,Jan Suraaj,≤100
1400922716824148,Ameet Satam,Kunal Jitendra Ajmera,≤100
100399135166564,Office of narayan patel,Rajnarayan Gurjar,≤100
338791202812647,Earth Care Awards,Prabhindar Singh Chopra,≤100
897056127025640,InKhabar,InKhabar,≤100
642996226201566,Sudhakar Shrangare,Aslam Afroz Kazi,≤100
113858681342028,Dr. Anjali Yadav,Shiv Charan,≤100
112200111797648,Dr Pramod Sawant : Man On Mission,Hrishekesh Vinayak Kulkarni,≤100
385658441549334,Deepak Bhati Chotiwala,Dipak Bhati,≤100
1776811369217595,Shravan Singh Rao Borli,Vikram Vaishnav,≤100
102976016109737,AP With Lokesh,Politics for Impact,≤100
104736419210593,PACE INDIA,PACE INDIA,≤100
746568209028564,Dr. Basu Eye Hospital,Dr. Basu Eye Hospital,≤100
695738973874352,Dr. Sumer Singh Solanki,Sumer Singh Solanki,≤100
994578073995343,B. L. Verma,Sourabh Arvind Dubey,≤100
1372667142873942,S-Team Services,S-Team Services,≤100
106398618060114,Jayashankar S,Jayashankar S,≤100
675268652538693,Dr Dhan Singh Rawat,Dr Dhan Singh Rawat,≤100
918414611597115,Amar Prasad Reddy,Venkata Satish Chandu,≤100
1345108368906054,Mla Ashok Uike,Mla Ashok Uike,≤100
1955301821451552,Abhishek Dutta,Abhishek Dutta,≤100
103040206040226,Dr. B S Ajaikumar's Thought Leadership,Dr. B S Ajaikumar's Thought Leadership,≤100
552159824873262,Kethireddy M.L.A,Venkata Krishna Reddy Kethireddy,≤100
115672001487908,The Green Pillar,Stuti Singh,≤100
106932525621052,T H Suresh Babu Followers,Bharath Raj,≤100
333426070147135,Benny Kuriakose Associates,Benny Kuriakose Associates,≤100
110431218358189,Take Back Bengaluru,Take Back  Bengaluru,≤100
1743820172518316,Renu gupta Dinesh,Renu gupta Dinesh,≤100
112314771829803,NorthEast Investors Summit,Sourabh Arvind Dubey,≤100
132309676835568,Lokmat,Pranoti Vasant Dalvi,≤100
162115051234970,Dharmendra Singh Lodhi mla,Dharmendra Singh Lodhi,≤100
841171029605948,India News,India News,≤100
1360805680600676,Sandeep Kshirsagar,Yogesh Padmakarrao Pawar,≤100
105051572533311,Madho Singh Dawar,Kamal Patidar,≤100
102124532876081,Chittapur BJP,Vijay Kumar Tapadia,≤100
253882521658554,Dr Somya Gurjar,Rajesh Goutam,≤100
684567351588726,Just In Time,These ads ran without a disclaimer,≤100
385303288239154,Raghuveer Singh Tanwar,Raghuveer Singh Tanwar,≤100
110543328232554,Vartha Chakra,Vartha Chakra,≤100
415332588877399,Banda Karthika Reddy,Chandra Reddy Banda,≤100
2691509044407025,Sankalp Shettar,Sankalp Jagadish Shettar,≤100
168545223213479,Omprakash Hudla,Pankaj Sharma,≤100
179765292047054,Manickam Tagore,Kathiresan K,≤100
231512217793516,Ashok Goel Mangaliwala,Ashok Kumar Goel,≤100
115175213261020,Partner With Indigenous Producers,Partner With Indigenous Producers,≤100
201156146959026,Mohinder Bhagat,Mohinder Paul,≤100
250007248502240,Golu Shukla,Modi For PM Organization,≤100
109034074092751,Rakesh dayma alote,Rakesh dayma alote,≤100
102530442803315,Instant Loan Service,These ads ran without a disclaimer,≤100
213947398791863,Dhananjai Singh Khimsar,Dhananjai Singh,≤100
108638702066665,Deepak Ajeet Khatri,Deepak Khatri,≤100
143673076357988,Rajeev Sharma,Ansh Saxena,≤100
110835681871560,Saliesh Kumar,Abhinabh Kumar Das,≤100
106814685630635,Upkar Chandrakar,The VoloPV,≤100
493096601074391,Pramila Pandey- प्रमिला पाण्डेय,Atul Kumar Kushwaha,≤100
111560924353656,Swetha Reddy,Rajendra Reddy Bhuvanagiri,≤100
630955390420927,Amitabh Bajpai,Hari Om Tripathi,≤100
104569618054081,Vikas Arya,Arya Vikas,≤100
213839668641820,Dr. Anil Jain,Brand Recourse Technologies,≤100
101442886255228,Only Kheny Can Do It,Sai Kishor Thatikanti,≤100
537021156329658,Sukhbir Singh Jaunapuria,Pankaj Sharma,≤100
1612012092202484,Bharat patwari,Bharat patwari,≤100
195167817324812,Pawan Khera,Pawan Khera,≤100
102798551410851,Anukool Chavhan,Anukool Vijay Chavhan,≤100
834432743328746,Prakash Dwivedi,Prakash Chandra Dwivedi,≤100
112762105121990,Natraj pencil company LTD.,These ads ran without a disclaimer,≤100
758732480809533,Marri Adithya Reddy,Ramesh Tamannagari,≤100
334992293683612,Dr. Pramod Sawant,Dr. Pramod Sawant,≤100
1932900346831325,Rajesh D Sanghvi,Rajesh Dineshchandra Sanghvi,≤100
995582213894808,Kothapalli Geetha,Venkata Satish Chandu,≤100
404746486258732,Project Nanhi Kali,Project Nanhi Kali,≤100
619380398128358,Pradipsinh Vaghela,Pradipsinh Narendrasinh Vaghela,≤100
615440561843630,Pusp Jain,Bharat P. Talaisha,≤100
108505858773239,Madhya Pradesh Police,Madhya Pradesh Police,≤100
231167140371342,Kanhaiya Lal Choudhary,Raghunandan Sharma,≤100
2115793292068685,Chawand Singh Eklingpura,Engitech Media,≤100
679159028834779,ममता मीना,Mamta Meena,≤100
110694598653936,Ashok Kheny Team,Sai Kishor Thatikanti,≤100
112399491818085,अविरल चल अनुराग,GST Marketing,≤100
1335462983188401,Nabadal Banik,Nabadal Banik,≤100
1088373891289696,Kamal yadav,Akash Singh,≤100
1766669316969944,Kapil makne - कपिल माकणे,: Amol Sarjerao Mangalekar,≤100
103182355403293,Manthan2024,Amit Kumar Singh,≤100
292216604197270,Harsh Sanghavi,Piyush Mantri,≤100
105404982543713,himansusekharh,These ads ran without a disclaimer,≤100
203795313615859,PDTV News,Nagarjuna Reddy Kaipa,≤100
426895610773497,The Logical Indian,Ankur Kumar,≤100
312898778847834,TERRAM PACIS,These ads ran without a disclaimer,≤100
104065704766619,Marigold Arts,These ads ran without a disclaimer,≤100
291247477906169,Mahatma Gandhi to Modi,Nanoland Publishers,≤100
558095644313561,Manish Rawat,Manish Rawat,≤100
529298577561300,Naveen Dagar BJP,Naveen Dagar BJP,≤100
104633612411419,Dr Samir Kagalkar,Dr Samir Kagalkar,≤100
902991053078224,Rushikesh Patel,Piyush Mantri,≤100
102715296085726,Neta Ji,Deepak Mehla,≤100
100196004828444,North Eastern Council,Sourabh Arvind Dubey,≤100
103229149430006,old coin buyers,These ads ran without a disclaimer,≤100
105694514269834,North Eastern Region Community Resource Management Society,Shrinivas Ravichandran Nadar,≤100
317042561720861,Sunil Deodhar,Dharmendrasing Narendrasing Rajput,≤100
104071715577392,SK International Sainik School Retharedharan - Sangli,Sanket Vinodkumar Surana,≤100
2100849650146359,Ramarao Patil Pawar,Venkata Satish Chandu,≤100
511725522329475,Sampurna Samachar Seva,Sampurna Samachar Seva,≤100
101934341160333,प्रमोद नाना भानगिरे - Pramod Nana Bhangire,Clearby Services,≤100
111412713935321,Atul Kumar kushwaha,Vikas Kumar Singh,≤100
101227132700026,Ashok Rohani,Ashok Rohani,≤100
241940555912671,Chandigarh University,Chandigarh University,≤100
529881643856534,Bhanuben Babariya,Piyush Mantri,≤100
113607803769884,Nattasha Sharrma,Policy Briefcase,≤100
263560423714979,Dr. Mahesh Sharma,Subham Singh,≤100
550287678727831,Bharath Reddy Ravula,Bharath Kumar Ravula,≤100
112061804808512,Bihar State Sports Authority - BSSA,Ajit Kumar,≤100
216506801885954,Pankaj Chaudhary,Yash Bagh,≤100
104052978235240,Pandian For People,Abhijeet Shesh,≤100
105362914553786,Bapu Singh Tanwar,Bapu Singh Tanwar,≤100
119324884471716,Kuldeep Thakur SKM,Puneet Kumar Singh,≤100
289085061102499,Sukhwinder Singh Bindra,Sukhwinder Pal Singh,≤100
1079003695464206,Bhimanna Naik,Akshay Balakrishna Habib,≤100
192845294660932,Rakesh Giri,Rakesh Giri,≤100
110697875316729,r2s_signature.weddings,These ads ran without a disclaimer,≤100
100803622889152,The Bihari Top,Faltech Services Pvt. Ltd.,≤100
243524299157863,Pushkar Singh Dhami,Pushkar Singh Dhami,≤100
1701369040086950,ANIL JAIN MLA,Arjun Sharma,≤100
1919704441684688,Rakesh Sachan,Manvendra Sachan,≤100
115846131496563,Devi Priya Unnikrishnan,These ads ran without a disclaimer,≤100
204599692918446,Rajesh Ranjan,Rajesh Ranjan,≤100
116692343573431,Dhriti  Banerjee Jalan,Sougata Banerjee,≤100
176518289957089,Mr Gejja Ram Valmiki,Geja Ram,≤100
110336004853588,Anil Satav Patil,Anil Satav Patil,≤100
103544656778013,Dr Akhilesh Prasad Singh,Akhiles Prasad Singh,≤100
104126689284374,Madvik Bamboos,These ads ran without a disclaimer,≤100
111070434608021,Geetha Ainala,Geetha Ainala,≤100
30702412762,NewsX,NewsX,≤100
105736812450373,శంకరన్న సైన్యం,Sunya Technologies,≤100
858612907672344,टीम प्रकाश चौधरी बड़ी सादड़ी,Ganesh Kumar,≤100
100835619365958,Nisha Parulekar - निशा परुळेकर,Jagdish Raghunath More,≤100
110194685265228,Praveen Jha,Praveen Jha,≤100
108920493878689,Gurmeet Singh Soora,Karandeep Kaur,≤100
109058654923540,सब का साथ सब का विकास,सब का साथ सब का विकास,≤100
109148774209167,helponhunger,These ads ran without a disclaimer,≤100
205278732829897,Prem Prakash Pandey,TheVOLOPV,≤100
269761569864265,Rao Padma,Kushal Reddy Rao,≤100
101223832727172,Farmers For Ashok Kheny,Farmers For Ashok Kheny,≤100
109251108613188,spefl.official,These ads ran without a disclaimer,≤100
103771114684559,Subhash Ram Charitra,Shivendra Singh Kushwah,≤100
118251857866758,Shoaib Bhaiya,Shoaib Bhaiya,≤100
107705338961847,fast mudra loan,These ads ran without a disclaimer,≤100
108660352150315,Jai Bheem Bharath Party,Shaik Shammiara,≤100
100473756790047,Dungar Ram Gedar,Dungar Ram Gedar,≤100
195684603941652,Babubhai Jamnadas Patel,Piyush Mantri,≤100
103136981458064,Rajni Gawaria,These ads ran without a disclaimer,≤100
253298788099181,Banda Chandra Reddy,Chandra Reddy Banda,≤100
100236283005200,Perika Suresh,Vijay Kumar Tapadia,≤100
125739587087627,Sanjay Metakari-Entrepreneur,These ads ran without a disclaimer,≤100
108497578583588,Janpeace Live,Trishanu Kaushik,≤100
105061898255318,Jitendra Kothari,Jitendra Kothari,≤100
111347144653824,Krishna Kumar Singh,Puneet Kumar Singh,≤100
100720419078919,Ajay Kumar Singh - Aditya,Arun Pratap Singh,≤100
1561939470716058,Kuldeep Kumar,Balram Singh,≤100
100764935994274,Mukesh Sharma,Rupali Sharma,≤100
294529347608828,Rishikesh Upadhyay,Rishikesh Upadhyay,≤100
132859090587882,Surajit Datta,Surajit Datta,≤100
106002534369805,Shoumika Amal Mahadik,Ashwamedh Media,≤100
145703105530196,Brahmachari Chaitanyanand Ji,Prashant Gupta,≤100
112552897745539,सुभाष चन्द्र गुप्ता सूरतगढ़,सुभाष चन्द्र गुप्ता सूरतगढ़,≤100
105331745445757,Omprakash Khichar Advocate,Rohit Githala,≤100
1470607919835752,HCG Panda Cancer Centre Cuttack,These ads ran without a disclaimer,≤100
100546863013383,I Support Ashok Kheny,Sai Kishor Thatikanti,≤100
107153958711155,South First,south Fist,≤100
101913964674756,Pramod yadav प्रमोद यादव,Rishi Kumar Yadav,≤100
102597425311635,Surya Pratap Singh,Surya Pratap Singh,≤100
167229880115630,Nadeem Javed,Satish Kumar,≤100
857371254407796,Pushpendra Kumar Singh Jadaun - BJP Parshad ALG UP,Pushpendra Kumar Singh Jadaun - BJP Parshad ALG UP,≤100
111982111384557,Rajbabu Upadhyay,Arun Pratap Singh,≤100
102010991748513,Ashish Patel,Ashish Natwarlal Patel,≤100
111104803904992,The Daily Guardian,The Daily Guardian,≤100
291531884297397,Dushyant Singh Tomar BJP,Dushyant Singh Tomar BJP,≤100
111755497416969,Sukhbir Singh Sidhu,Danish Khan,≤100
571648656189925,IIT Madras,These ads ran without a disclaimer,≤100
347337386104390,Rama Chandra Yadav,B Ramachandra,≤100
343757222868869,Gurpal Singh Goldy,Gurpal Singh,≤100
1098055100247295,Umesh Dwivedi,Arun Pratap Singh,≤100
103412238714079,Kanta kardam,Puneet Kumar Singh,≤100
1516056088662747,Venkatesh Multistate,SASH MEDIA,≤100
101854318835394,Abdur Razzak,Injamul Hoque,≤100
100334431962573,The Disposal Company,These ads ran without a disclaimer,≤100
105411252517837,Ashok Kheny For Bidar South,Sai Kishor Thatikanti,≤100
110044260470271,Vinay Jangid Sharma,Vinay Jangid Sharma,≤100
102032105157546,Jai Inder Kaur,Romanchit,≤100
101752132913803,Ashish Bansal,Ashish Bansal,≤100
370579039710759,Sharadendu Tiwari,Shivendra Singh Kushwah,≤100
103206797721245,Tollygunge Trinamool Congress,Mohammad Azharuddin,≤100
103833782263290,Arvind Singh Bhati,Engitech Media,≤100
632518450236186,Sudarshan Bhagat,Sudarshan Bhagat,≤100
475898282465005,Dr K Laxman,Vijay Kumar Tapadia,≤100
106944578673011,Manoj Tarwala,Manoj Tarwala,≤100
1706371292942156,"Ministry of Development of North Eastern Region, Government of India","Ministry of Development of North Eastern Region, Government of India",≤100
524165647975801,Arvind Chaudhary Chintu,Arvind Choudhary,≤100
279484519067006,Anil Chopra,Ganesh Thapa,≤100
1186503331379587,Kandikanti Ashok Goud,Puneet Kumar Goud Kandi Kanti,≤100
1004702849579249,Sanjay Shah,Shivendra Singh Kushwah,≤100
557498237959403,Thakurdas Nagwanshi,Shivendra Singh Kushwah,≤100
107545897823033,For Men India,Antara Das,≤100
100563631339612,Sushil Rana,FS Findscope Consultancy,≤100
526222491203445,The Chaupal,The Chaupal,≤100
115303184883991,Vishesh Meena INC,Ganesh Kumar,≤100
542592522530451,P Rajeev,Mohan Vidhyadhar Lohar,≤100
110847490543428,Vipul Kumar Salwan,Vipul Kumar Salwan,≤100
295639383836442,Agewell Foundation,Aanchal Gupta,≤100
1397767487148044,Jaidatta Kshirsagar,Jaydatta Sonajirao Kshirsagar,≤100
110041803678379,Kabir Shankar Bose,Kabir Shankar Bose,≤100
108159201571035,अरविन्द जायसवाल,Avadesh  Kumar,≤100
260777364447046,Pradhan Mantri Kaushal Kendra,Rajdeep Shivaji Patil,≤100
524665794408050,CASA,Arushi Narchal,≤100
178606642759483,Gaurav Yadav,Gaurav Yadav,≤100
108015368279979,Solh Wellness,Solh Wellness,≤100
100423322637137,Kawasi lakhma,Dhaval Kumar Jain,≤100
114717553693865,Liberal TV,Liberal TV Punjabi,≤100
104784422526215,anshummanjoshi,These ads ran without a disclaimer,≤100
426854497508656,Dr.Phoolchand Bhinda,Phool Chand Bhinda,≤100
854256021383031,Vinod Sevan Lal Chandrakar,Tukesh Kumar Ratre,≤100
102325429272140,AITC Debasish Mukherjee,Arpan Saha,≤100
660476430787331,Gaurav Pandhi,Gaurav Pandhi,≤100
106290285789750,Prashant Singhal,Karan Singh,≤100
106461882440863,Shafeeq Ahmad Ansari,Md Prince,≤100
2238647176463048,Dr.Vijender Singh,Anshul Kumar Gupta,≤100
623384268030608,Pradeep Lariya,Shivendra Singh Kushwah,≤100
203795313615859,PDTV News,Sandeep Gowda Undrakonda,≤100
883643511778046,Mahesh Rai,Shivendra Singh Kushwah,≤100
109801588758607,Sanjay Tamboli,Sanjay Tamboli,≤100
174948422918011,Harshvardhan Shaktawat,Harshvardhan Shaktawat,≤100
102184019304193,Exposing Now,Exposing Now,≤100
470458233479120,Aparajita Sarangi,Reach Digitally,≤100
115607494747717,Hungry chokre,Hungry chokre,≤100
113101774385787,Avinash Kale,Pavan Laxmanrao Bhalerao,≤100
106240464785356,Anna Rambabu,Vutla Vinod,≤100
116417198030973,Adv Avinash jeengar,Ganesh Kumar,≤100
621054018262029,"डॉ. अवधेश कुमार वर्मा, सामाजिक कार्यकर्ता एवं शिक्षाविद, सचिव-भवदीय ग्रुप","डॉ. अवधेश कुमार वर्मा, सामाजिक कार्यकर्ता एवं शिक्षाविद, सचिव-भवदीय ग्रुप",≤100
394168494317389,MIT World Peace University,MIT World Peace University,≤100
109253634221142,Dr Abhishek Kumar Ramadhin,Abhishek Kumar Ramadhin,≤100
104981937529386,Kuldeep Singh Rathod,Shivendra Singh Kushwah,≤100
1039557042789139,BJP Dadra & Nagar Haveli,Ashish Natwarlal Patel,≤100
113519568270032,Anand Prakash Miri,Pandev Balodi,≤100
111846001904709,Dhanlaxmi financial services,These ads ran without a disclaimer,≤100
2118803388399006,Click2Public,Click2Public Technologies OPC Pvt. Ltd.,≤100
102102622351285,Raghuvir Singh Meena IPS,Akash Meena,≤100
1181178675395060,Heylin Spark,Heylin Spark,≤100
427428084040490,Rajkumar Saini Bishangarh,fs findscope consultancy,≤100
1613686538669654,Ashok Singhal Foundation,Digital Xplode,≤100
437210049675281,चुनाव नगर पालिका परिषद,Shivam Verma,≤100
110967695146133,Govind Kumar Jain,Ganesh Kumar,≤100
104088772109615,Urvashi Ashok Jaiswal BJP,Deepak Mishra,≤100
112132937023603,Nandlal Chauhan,Nandlal Chauhan,≤100
177924969696841,Rajendra Tiwari,Shivam Dubey,≤100
213099295938554,Balasaheb Gaikwad,Rahul Digambarrao Borole,≤100
294787978097959,Rakesh kumar Chattree,Arun Pratap Singh,≤100
767805023307544,Santosh Kumar Singh BJP,Akash Singh,≤100
153887384672062,Doctors Without Borders / Médecins Sans Frontières,These ads ran without a disclaimer,≤100
1003634343005791,Aanand Shukla - आनन्द शुक्ला,Arun Pratap Singh,≤100
102838152104730,Bjp kisan Morcha punjab,Ashish Soni,≤100
109243215486099,योगी समर्थक,Goldy Tyagi,≤100
762783950782939,Vipul Sharma Noida BJP,Arun Sharma,≤100
103855322709642,Yogiraaj,Goldy Tyagi,≤100
104521050914326,Baliram Siraskar,Baliram Siraskar,≤100
1937229199904146,Universal Diplomatic Affairs of Human Rights,Universal Diplomatic Affairs of Human Rights,≤100
142987199196522,Suresh Khade,Suresh Khade,≤100
181418895366896,Ganesh Joshi,Mayank Joshi,≤100
1463405053879604,Baldev Alawalpur,Anju  Chaudhary,≤100
111298630628242,Rajvardhan Singh Parmar,Dharmendra Chhonkar,≤100
696055677109053,Neeraj Kundan,Deepak Khatri,≤100
108927025203555,BJP Jalandhar Lok Sabha,BJP Jalandhar Lok Sabha,≤100
236364486833201,Bjp help center india,Rajat Kumar Prjapti,≤100
496604864144301,Dr Ganesh Dutt,FS Findcscope Consultancy,≤100
105352618893717,Shankar yadav,Shankar yadav,≤100
102323545504609,Rama Devi Chopra,Rama Devi Chopra,≤100
126455024584757,Randeep Singh Deol,Randeep Singh,≤100
163577014441724,Subhash Gangoli MLA,Dinesh,≤100
108091173926988,Mrityunjay Sharma - BJP,Mrityunjay Sharma,≤100
110620591827233,Heerapuram Fayaz Basha,Vinay Babu Nandam,≤100
109916533853207,AMIT KUMAR SINGH,Akash Singh,≤100
170406447891376,Dr. Koteswara Rao,These ads ran without a disclaimer,≤100
325602694251353,Rajeev Rai,Rajeev Kumar Rai,≤100
109100632165563,shobharam5215,These ads ran without a disclaimer,≤100
2043667552352357,Soniya Atul Shukla,Amit Kumar Singh,≤100
105255899171606,Malli Jagane Kavali,Nagarjuna Reddy Kaipa,≤100
1574483566114189,Dr. Mamta Pandey,Akash Singh,≤100
647353902009584,Dr. Nilam Yadav,Nilam Yadav,≤100
101287129555091,Global News Hindi,Global News Hindi,≤100
2078242259060363,Kukufm,Mohana Saha,≤100
107801838537744,Rajesh Katara,Rajesh Katara,≤100
428551800928390,Laxmi Rakesh Giri Goswami,Laxmi Rakesh Giri Goswami,≤100
101613628900010,Smartway Wellness Pvt. Ltd.,Bhoomi Harendra Mistry,≤100
108991074835056,Archana Rathaur,Archana Rathaur,≤100
219514401576120,SG Suryah,SG Suryah,≤100
532582040125177,Polkhol Maharashtra - Kantikumar Jain,Kantikumar Harakchandji Jain,≤100
108006512204175,Rahul Yadav,Rahul Yadav,≤100
1781479445448595,Rajnish Kumar Singh,Arpit Jain,≤100
1263109480456697,Ratna Kumari Shahpura,Ganesh Kumar,≤100
106840682274008,Deepak Patel,Rohit Githala,≤100
1433583803429953,Rahat Hussain,Rahat Hussain,≤100
107336164119124,Ashvani Singh Little,Akash Singh,≤100
109479962142576,Sai Tex,Akash Singh,≤100
376088749187854,Office Of Dr.Saurabh Rathore,Saurabh Singh,≤100
317748571640742,K Sudhakaran,Lijomon Joseph,≤100
114300678310159,Aniket Vilasrao Bagal,EES WEB,≤100
565714670143123,Ashok Saini,Engitech Media,≤100
104088772109615,Urvashi Ashok Jaiswal BJP,Urvashi Ashok Jaiswal BJP,≤100
168228334032318,Sat Sharma CA,Naveen Sharma,≤100
1728198263951365,Vamsi Gaddam,These ads ran without a disclaimer,≤100
1461744967453263,Ramendra Tripathi,Anuj Kumar,≤100
106099305645868,Krishna Yadav,These ads ran without a disclaimer,≤100
105354058906524,Bjp Shekhar Sharma,Shekhar Sharma,≤100
115787714760392,Jan Jagaran Yatra,Dharmendra Chhonkar,≤100
105522892460788,सच्चे हैं सत्यनारायण- Sache Hai Satyanarayan,Amit Kumar Singh,≤100
121577400912316,Malti Basu,Malati Gupta,≤100
103719669313108,Rajkumari Gurjar,Pankaj Sharma,≤100
1706371292942156,"Ministry of Development of North Eastern Region, Government of India",Arshad Ali,≤100
1879092478989809,Idam Valam,Idam Valam,≤100
2206070859406490,Ashok Chaudhary,Ashok Chaudhary,≤100
102124379533901,City Rounds Davangere,These ads ran without a disclaimer,≤100
1346291785426106,Rita Choudhary,Ganesh Thapa,≤100
107344272047377,Sanjeet vishwakarma,Pandev Balodi,≤100
101571686227986,Fans of ਦੀਪ ਸਿੱਧੂ - Deep Sidhu,Real Social,≤100
105437742512606,anusuyahazarika,These ads ran without a disclaimer,≤100
863961040416615,Punit Verma पूर्व उपाध्यक्ष विश्व हिन्दू परिषद् काशी प्रान्त,Punit Varma,≤100
1171462299729165,Sandeep Singh Deswal,Navdeep Sehrawat,≤100
107451772250920,Nandan Kumar,Pandev Balodi,≤100
106456887722695,Adesh Yadav BJP,Anil Kumar,≤100
267277290015473,Rehana Rayaz Chisti,WEBTIX,≤100
101181391709672,Vijay Choudhary,Vijay Choudhary,≤100
1882679961782904,Anushesh Sharma,Anushesh Sharma,≤100
101717189500525,Gaurav Pundir,These ads ran without a disclaimer,≤100
542010592633135,Dr Mangal Yadav,Dr Mangal Yadav,≤100
825870624112435,Ramesh Chandra Ratn,Arun Sharma,≤100
114606387073785,Deepak Balutia,Rahul Kumar,≤100
111627301005753,Abhinay Rai,Akash Singh,≤100
683341508773936,Ram Pratap Yadav,Saurabh Yadav,≤100
102443579518555,Natraj pen pencil Homework job 30000 salary 15000 advance,These ads ran without a disclaimer,≤100
103965888599188,Infinite Trading Academy,EES WEB,≤100
103784118675658,Education For All,Krishna Kumar Sinha,≤100
2238940452991193,Santosh Pandey,Kunal Jitendra Ajmera,≤100
2311621982403889,Akanksha Taparia,These ads ran without a disclaimer,≤100
802311956513987,Rahul Singh,Rahul Singh,≤100
100952989571623,who_india,These ads ran without a disclaimer,≤100
103100085360996,Madho Singh Udat,Akash Singh,≤100
991588634260961,Madhusudan Agrahari BJP,Naveen Singhal,≤100
102466218341704,Aasna Jaiswal,Aasna Jaiswal,≤100
121732907565364,Yogesh Bhati Khoda,Karan Singh,≤100
102932672799355,Savitri Choudhary,webultrasolution.com,≤100
118633394545542,Sanjivkumar Baburao Wadikar,Sandesh Sanjivkumar Wadikar,≤100
103618082722298,वर्तिका गुप्ता,Shivam Verma,≤100
1651727365046605,Pukh Raj Parashar,Pukh Raj Parashar,≤100
146177392223532,Indian National Congress - Punjab,Indian National Congress - Punjab,≤100
1731493857081536,Dr. Kuldeep Bhandari,Dr. Kuldeep Bhandari,≤100
1106424342713011,महा MTB,Mumbai Tarun Bharat,≤100
113819783860759,Dinesh Khatik,Harish Sahrawat,≤100
807729982669771,Chaudhary jeetandra singh jatav,Akash Singh,≤100
1571395092879283,Malender Rajan - मलेंदर राजन,Election Fight,≤100
145554128849446,Chintala Ramachandra Reddy,Gogireddy Sai Vaibhav Reddy,≤100
892110527476687,Rajendra Singh Yadav,Riyaz Ahmad,≤100
112775440648987,Politicsarca,Priyabrata Ganguly,≤100
110181818688820,Pandit Vikas om Sanganeri,Pawan Kumar Sharma,≤100
423928144293931,Mahender Pratap Singh,Pankaj Sharma,≤100
107859390939293,Mohammad Aman Khan - MAK,Mohammad Aman Khan - MAK,≤100
113600070339320,WWE Kavita Devi,WWE Kavita Devi,≤100
367203836657399,Rajendra Singh Surpura,Prakash Jaiswal,≤100
103299131730772,Er. Navin Kumar,These ads ran without a disclaimer,≤100
135657743788459,Amit Chauhan,Amit Kumar,≤100
107250704737912,CA Sushil Bandpatte,Sushil Chandu Bandpatte,≤100
1301601559980950,Sant Kumar Gupta - Mithai Lal,Sant Kumar Gupta - Mithai Lal,≤100
107258018956480,ZatchUp,These ads ran without a disclaimer,≤100
107673402231129,Kainsara Infraprojects Pvt. Ltd.,These ads ran without a disclaimer,≤100
1819997541592243,Imran Qureshi,Imran Qureshi,≤100
123204638367845,Dr.Saurabh Rathore Hanumangarh,Saurabh Singh,≤100
292947814732278,Womenssocialcorner,These ads ran without a disclaimer,≤100
547446695324625,Vijay Laxmi Gautam,Madan Mohan Tiwari,≤100
109990715418976,पुष्पा सत्यपाल प्रधान,Pankaj Kumar,≤100
107099065680362,World Council for Women Rights - Puducherry,World Council for Women Rights,≤100
109027442133819,Dr. Sanjay Singh,Naveen Singhal,≤100
101424836286250,Shripal,Shripal Singh,≤100
100282511512680,Sanjay Sutar - संजय सुतार,Sanjay Vilas Sutar,≤100
1873726816178376,Gaurav Singh Chauhan,Delhi Info Media,≤100
269174147050795,महेंद्र सिंह किरार सामरसिंगा,Nitin Raghuwanshi,≤100
342300295978073,Syed Afzal Abbas,Syed Afzal Abbas,≤100
252023092136537,Dinesh Pratap Singh,Dinesh Pratap Singh,≤100
577856385582447,Raghu Sharma,Sunil Maan,≤100
888268528001414,N.Venkate Gowda,Gogireddy Sai Vaibhav Reddy,≤100
111174407296190,K Ramesh Raju,These ads ran without a disclaimer,≤100
102528681766242,Satya Hunkar News,Satyapal Singh,≤100
100250732439696,Rajesh Singh,Rajesh Rambali Singh,≤100
196338294250820,Rohit Gangwal,Modi For PM Organisation,≤100
332330707662742,Shekhar Ovhal - शेखर ओव्हाळ,Shekhar Ovhal - शेखर ओव्हाळ,≤100
115156531558353,Vivek Mishra,Saksham Kesarwani,≤100
108080828884036,Gehlot Phir Se,DesignBoxed,≤100
109396018798891,Bhagwan Das BSP,Yogesh Raikwar,≤100
101186938100412,आशीष हरिचरण तिवारी,These ads ran without a disclaimer,≤100
2362229027338767,బీజేపీ వైపు ప్రజల చూపు,Bharath Kumar Ravula,≤100
224787738121110,Manan Dani,Mananbhai Jatinkumar Dani,≤100
846994962145905,Manoj Kumar Aggarwal,Durga Kumari,≤100
110197854912974,Sonu Singh Garg,Pratik Garg,≤100
775575516153446,Aneesh khan Aalam,These ads ran without a disclaimer,≤100
109340175425667,Manoj Mishra Fan Club,Abhijeet Shesh,≤100
1385169951561354,Arjunbhai for Porbandar,Arjunbhai for Porbandar,≤100
107995188948373,Anjana Singhal,Karan Singh,≤100
116864946822517,Pradhuman Singh Jakhli,These ads ran without a disclaimer,≤100
214455708957285,Yogesh Kumar Tripathi,Akshay Gupta,≤100
118552134469003,Raju Batham Official,Raju Batham,≤100
791996340811292,Dr Madhuri Borse Patil,Vipul Jayantilal Bafna,≤100
643216342792266,দেবাশিস পণ্ডা ভারতীয় Debasis Panda Bhartiya West Bengal,Debasis Panda,≤100
1557720247784482,HerKey,These ads ran without a disclaimer,≤100
105919999093332,Varta24/वार्ता 24,Varta24/वार्ता 24,≤100
330228123709826,Sonu Singh,Arun Pratap Singh,≤100
470929816335236,Veer Sen Yadav,Veer Sen Singh,≤100
108482478848453,अब की बार किसान सरकार,Mavuluri Rajesh,≤100
612629662420991,Ankit Sharma,Sunil Kumar Prajapat,≤100
1116604591824005,Sandeep Garg,Sandeep Garg,≤100
416058801922933,Bharat News,Bharat News,≤100
1406676006269693,Kedar Kansana,Kedar Kansana,≤100
675674499123384,Sambhaji Patil Nilangekar,DIwise,≤100
1045805345546273,Ashish Sharad Deodhar,Ashish Sharad Devdhar,≤100
100935642733964,Hindi Khabar Digital,The Narrative Builders,≤100
279830658847295,Jayesh Yadav,Jayesh Yadav,≤100
106394871443089,Amit Kumar Singh,Amit Kumar Singh,≤100
364476590604680,Surya Samachar,Ajit Kumar,≤100
437736246329765,Anand Sagar,Daksh Dhankhar,≤100
380886545745747,Narayan Meena,Punit Agarwal,≤100
1802523420012948,Pratap Singh Khachariyawas,Anirudh Sharma,≤100
1433894153522813,Pramod Bhaya,Kapil Sain,≤100
106558878416687,Shailendra patel,These ads ran without a disclaimer,≤100
109656810435165,Aapla Awaj News Network,Prathamesh Somnath Kadam,≤100
101838379117756,SMS  தமிழ் தலைவா,These ads ran without a disclaimer,≤100
564295077289076,Rajkumar Gaur MLA Sriganganagar,Raj Kumar Gaur,≤100
1958673024455049,Sattu Mallesh,Sattu Mallesh,≤100
111940531706303,Kumar Sudarshan Singh,These ads ran without a disclaimer,≤100
103976292090637,Siddharth Babu,Siddharth Babu,≤100
100446005629223,Parvez Ahmad Media,Abi Zaid,≤100
113484060843656,The Unmute,The Unmute,≤100
572608223125372,Vikas Rana,Shankar Prasad Thakur,≤100
1395097470761321,Vanga Madhusudhan Reddy,Gogireddy Sai Vaibhav Reddy,≤100
431454157629297,Mukesh Ahlawat,Nitish Kashyap,≤100
107275608820146,Vipul Srivastava,These ads ran without a disclaimer,≤100
117341424656198,Ekta Singh,Filmitics,≤100
236135776853694,SP Gurjar Bariyara,Bhagatsingh,≤100
302417850271322,National Samachar 24x7,National Samachar 24x7,≤100
564340420252773,Amit Sihag,Ranvijay Lamba,≤100
104122195260035,Bharti Tarun Kaushik Bhaiya Ji,Tarun Kumar Kaushik,≤100
107114604539894,Arjun Vedant -Desi Patrakar,These ads ran without a disclaimer,≤100
1610220162535973,Ambedkar  family,Praveen Dasari,≤100
1757441471197224,Hardik Patel,Hardik Patel,≤100
105222094270542,Dalbir Singh,Shankar Prasad Thakur,≤100
435124759989017,Yogendra Singh Mandloi,Yajuvendra Singh Mandloi,≤100
164559610778586,Indrasharan Singh Chauhan,Suraj Kaul,≤100
101924458306932,Dr Sunil Mishra,These ads ran without a disclaimer,≤100
110834131975270,Namburu sankar rao,Dasari Yugandhar Nag,≤100
101895555846480,Healthy Baby App,Siddh Divyang Foundation,≤100
505112169945742,Bollywood World Entertainment,These ads ran without a disclaimer,≤100
458921050845532,Dr. Kailash Verma,Dr. Kailash Verma,≤100
112065760634789,Thakur Piyush Pratap Singh - पीयूष दिनेश प्रताप सिंह,Piyoos Prtap Singh,≤100
520972198086866,BJP Punjab,Bharatiya Janata Party (BJP),≤100
256050398281355,MD Chopdar,WEBTIX,≤100
1176347162398086,Guru Nanak Naam Leva,Guru Nanak Naam Leva,≤100
108785340650294,Mohansingh Palduna,Krishna Chandr Chouhan,≤100
113731397885523,Chandraprakash Chauhan,Utkarsh Srivastava,≤100
186199704897466,RD Foundation,RD Foundation,≤100
105571221175235,Rajveer Singh Sahu,Rajveer Singh,≤100
195069364726665,Dr. Shishupal Yadav,Dr. Shishupal Yadav,≤100
1576734822340874,Ejya Yadav,Easy Social,≤100
108923765470906,Bharat Jagruthi - भारत जागृति,Mavuluri Rajesh,≤100
1802087953245529,Pavan Singh Rajput,Prakhar Kashyap Singh,≤100
108199110960976,Dattatray Achyutrao Sawant - दत्तात्रय अच्युतराव सावंत,content factory,≤100
316219399121573,Rajeev Kumar Thakur,Rajeev Kumar Thakur,≤100
115708754832402,Prithvi Gupta,Naveen Singhal,≤100
109546308136398,Sankar Dutta - শংকর দত্ত,Bholanath Dey,≤100
890312897806104,Raj Kumar Dubey,Pawan Sachan,≤100
1403961939859432,Bhanwar Jitendra Singh,Politics Simplified,≤100
532838137140675,Kamal Pahadia,Pawan Kumar Sharma,≤100
413851615359128,Rakesh Yadav,These ads ran without a disclaimer,≤100
104211439033799,Jagane Kavali,Jagane Kavali,≤100
103088902327676,Dwarka Kunj,Rahul Tiwari,≤100
105258102529268,Indian Film Industry Filmy Video,These ads ran without a disclaimer,≤100
357016611315216,महापौर विभा कुमारी पूर्णिया,Bibha Kumari,≤100
107594063255738,Ankur Warikoo,These ads ran without a disclaimer,≤100
1806466166242152,Rahul Raj Rastogi,Chetan Singh Kanyal,≤100
1325597657464869,VAISHNAV INFRATECH,Sukhneet Singh,≤100
685707864866321,Lion Dr D.மோசஸ் ஜோஷ்வா,Mosses,≤100
484952278510471,Avdhesh Chandra Gupta,Umesh Chandra Gupta,≤100
110145607337130,Himmat Singh Jhala,Akash Chauhan,≤100
102696789439866,Satpal Singh,Vivek Vashisth,≤100
835481029818511,Rahul Tiwari,Shivam Dubey,≤100
426799224176976,ActionAid,These ads ran without a disclaimer,≤100
109320538808049,Roop Kaur Sandhu,Gurinder  Singh,≤100
103075976021769,Aditya Narayan Tiwari,These ads ran without a disclaimer,≤100
269442696723658,Kuldeep kumar 'Deep kamboj Malukpura',Kuldeep Kumar,≤100
567305050274170,"Ajay Shanker Srivastava , Advocate",These ads ran without a disclaimer,≤100
861658647547864,Sarita Jawahar Mangwani,Sarita Mangwani,≤100
113650521689074,Vinod Jaiswal,Utkarsh Srivastava,≤100
104860424918954,दिल है हिन्दुस्तानी,Abhijit Kumar,≤100
106419895704838,Manoj Somani,Harshit Solanki,≤100
102752979475186,ambujpandey1,These ads ran without a disclaimer,≤100
1301601559980950,Sant Kumar Gupta - Mithai Lal,Deepak Mishra,≤100
116181829763311,Rajendra Gora,These ads ran without a disclaimer,≤100
426881010719758,Soumik Hossain,Angur Shaikh,≤100
102519939308428,टीम: संजय कुमार झा,Summit Polcom,≤100
106995345590598,prince_eduhub_,These ads ran without a disclaimer,≤100
109189744695292,Hardip Singh Mundian,Hardip Singh,≤100
102111112713801,Daman Sethi,Utkarsh Srivastava,≤100
100330656046490,Team Pedda Reddy,Tamma Prudhvi Reddy,≤100
105998229071954,Madhav Bhandari - माधव भांडारी,GRIP AMATYA,≤100
100882521819883,Janmanch News,Devendra Kumar,≤100
1657088514513592,Girish Pareek,Pawan Kumar Sharma,≤100
100231442923679,Yadhu Krishnan Mj,These ads ran without a disclaimer,≤100
1399553863632546,Kolan Hanmanth Reddy,Kolan Hanmanth Reddy,≤100
104663008973111,मैं मिथिला हूँ,Summit Polcom,≤100
345702226193796,Premshankar Verma MLA,Harsh Verma,≤100
108785447311988,Nagesh Gupta,Nageshwar Rao Kotike,≤100
104605707770674,Shravan Mishra,Shravan Mishra,≤100
2218902201680311,RAVI RAI,Utkarsh Srivastava,≤100
228053777220961,Daily Ajit,Daily Ajit,≤100
546163992540983,Rajneesh Pateriya,Rajneesh Pateriya,≤100
132689140088396,smilefoundation,Smile Foundation,≤100
112291655141502,Arpit Das Ji Maharaj,Utkarsh Srivastava,≤100
105407765818641,Salik Gharti,These ads ran without a disclaimer,≤100
304794613213995,Rajiv Yadav,Prakhar Kashyap Singh,≤100
115438731524636,Imandari Ek MahanGa Shok Hai Jo Har KisiKe Bas Ki Bat Nahi,These ads ran without a disclaimer,≤100
106992129028574,Manoj Singh,These ads ran without a disclaimer,≤100
108610998434090,Anand Singh,These ads ran without a disclaimer,≤100
105378595882613,Dr-Mukesh Maida,These ads ran without a disclaimer,≤100
703726259672921,BJP Telangana,Bharatiya Janata Party (BJP),≤100
125993630420829,Chelluboina Srinivasa Rao,Sunraise Solutions,≤100
111659031904738,RCY For Youth,Digital Wala Company,≤100
111604301898917,OM Prakash - राजू झा,Clickiexpress,≤100
100276188144654,News 43,Akhilesh Kumar Sharma,≤100
113332697083135,The Hint Today,Priyanka Saha,≤100
104616732508630,A2Z Voice,These ads ran without a disclaimer,≤100
296002831234834,Swapnil Kothari,Swapnil Kothari,≤100
104459082465618,Pawan Kumar Joshi,Deepesh Shukla,≤100
113658384888566,Harmanpreet Singh Richi,These ads ran without a disclaimer,≤100
102205702058061,Dr.Elamaran Siddha Elakiyen Ayurveda treatment,These ads ran without a disclaimer,≤100
382073148521371,EG classes for IAS,Prakhar Kashyap Singh,≤100
249890832100392,Jai Krishan Singh Rouri,Jai Krishan Singh Rouri,≤100
102284642865427,Pushpa Devi,These ads ran without a disclaimer,≤100
114575350669010,Ludhiana PLUS,Aditya Mohindra,≤100
391737747598762,Raja Pathak - B.J.P,Akash Singh,≤100
372685193263374,Puneet Singh Pariya,Puneet Singh Pariya,≤100
116851214616281,reenapaiva,These ads ran without a disclaimer,≤100
1433075113609108,Rakhee Rathore,Mukesh Kumar Yadav,≤100
114085551591042,Uma Bharti Bairwa,Pawan Kumar Sharma,≤100
103172189444740,Harikant Ahluwalia Mayor-Pratyashi Meerut 2023,Vishesh Chaudhary,≤100
103071131178031,Bandu Khandve - बंडू शहाजी खांदवे,Santoshi V Kashid,≤100
1874653249523846,Sandeep Sohi,Sandeep Singh,≤100
1235786446534273,Ajeet Patil Kavhekar,Rahul Rajendra Birajdar,≤100
105813284380310,Dee4unews,Deepak Kumar Bhandari,≤100
1436053929837684,Dr. Mahendra Singh Shekhawat,Dr. Mahendra Singh Shekhawat,≤100
1652675041670519,Troopel,Atul Malikram,≤100
103671805788557,Sanskriti sangyan-संस्कृति संज्ञान,Sanskriti sangyan-संस्कृति संज्ञान,≤100
787962211249299,Khabar Samay,Pinetree Digital Network Pvt. Ltd.,≤100
140064983547766,Village Express TV,Arvind Kumar,≤100
200887113275448,DMK - Dravida Munnetra Kazhagam,DMK - Dravida Munnetra Kazhagam,≤100
111135334049877,Rakesh Thakur,Vikrant Shukla,≤100
1947296068903392,Vinay Saxena,Manish Soni,≤100
279514716011469,Myadam Balakrishna,Myadam Balakrishna,≤100
140624336584770,Yogender Pal Singh Champawat,Akash Singh,≤100
220438025285564,Ningalkkum nedam,These ads ran without a disclaimer,≤100
386155911576531,Damodar Shivram & Co.,These ads ran without a disclaimer,≤100
107946518029943,Sheelu Sahu,Naveen Singhal,≤100
1401117106783618,Bjp Chhattisgarh,Bharatiya Janata Party,≤100
171933597744750,Black Short India,Mahesh Kumar,≤100
256490127853757,Pradipsinh Jadeja,Pradipsinh Jadeja,≤100
119122784479280,Rajdhani TV Punjab,Inderpal Singh,≤100
2480533842232920,POWERCHINA,These ads ran without a disclaimer,≤100
244693762372002,Dubai International Award for Best Practices,These ads ran without a disclaimer,≤100
107691964950618,_analog_dialogue,These ads ran without a disclaimer,≤100
45413563867,The Free and Equal Elections Foundation,These ads ran without a disclaimer,≤100
427648547297783,Hasan Ismaik - حسن إسميك,These ads ran without a disclaimer,≤100
108211672155757,datdesibaji,These ads ran without a disclaimer,≤100
109346178805742,Jean Hill,These ads ran without a disclaimer,≤100
105494315161744,talkdiplomacy,These ads ran without a disclaimer,≤100
47815171686,Banyan Tree Hotels & Resorts,These ads ran without a disclaimer,≤100
111060477943906,paint_is_to_feel,These ads ran without a disclaimer,≤100