﻿Page ID,Page name,Disclaimer,Amount spent (INR)
486980998032652,BJP Karnataka,Bharatiya Janata Party (BJP),9674
334992293683612,Dr. Pramod Sawant,Dr. Pramod Sawant,1514
21169267101,Give,Give,244
112200111797648,Dr Pramod Sawant : Man On Mission,Hrishekesh Vinayak Kulkarni,210
191399134327652,aramco,These ads ran without a disclaimer,164
103357492023752,Muralidhar Patil मुरली दादा पाटील,Muralidhar Patil,129
479998865355592,Aditya Birla Group,Aditya Birla Group,≤100
283149055377454,S L Ghotnekar Abhimani Balaga,S L GHOTNEKAR ABHIMANI BALAGA,≤100
123405501008524,Mercedes-Benz India,Mercedes-Benz India,≤100
1595929447387307,ನಮ್ಮ ಕಾಪು - ನಮ್ಮ ಸೊರಕೆ,Abhishek Dinesh Hokarne,≤100
565225540184937,CGTN,These ads ran without a disclaimer,≤100
270666596375251,Jhatkaa.org,Jhatkaa.org,≤100
132689140088396,smilefoundation,smilefoundation,≤100
103782051383159,School of Politics,School of Politics,≤100
466835200043903,उमेद अभियान - Maharashtra State Rural Livelihoods Mission,MASRLM,≤100
109545244848137,Crafto,Kutumb App,≤100
111525635603133,C T Ravi,Vijay S,≤100
343731449001203,Dainik Savera,Mohit Johari,≤100
797927846899300,Flag Foundation of India,Flag Foundation of India,≤100
174283119250672,Bal Raksha Bharat,Bal Raksha Bharat,≤100
116650004667508,Karamjit Kaur Chaudhary,Karamjit Kaur Chaudhary,≤100
101437656247049,Modi Quotes,Modi Quotes,≤100
102123079337554,International Society for Krishna Consciousness,ISKCON Delhi,≤100
105993895826098,Aravind dalwai,Anand Madivalappa Byalal,≤100
107395897271506,Kutumb,Swatantra Verma,≤100
104490652376878,Vijay kumar kalyan matka,Vijaya Kumar,≤100
256291788190346,Gangadhar Bhat Karwar,Gangadhar Bhat Karwar,≤100
100549119644561,Jo Ram Ko Laye Hain Hum Unko Layenge 2024,Jo Ram Ko Laye Hain Hum Unko Layenge 2024,≤100
107334185444129,Charitism Global,Charitism Global,≤100
411129449009589,K.C. Venugopal,K.C. Venugopal,≤100
317187395100509,Vikramjit Singh Chaudhary,Vikramjit Singh Chaudhary,≤100
1571167366231304,Ramakant Bhargava,Saket Bhargava,≤100
105596701293129,Ayodhya Development Authority,Sandeep Kumar Sharma,≤100
189271178483352,Five Lotus Indo German,Five Lotus Indo German,≤100
112952941626423,ನಿಮ್ಮ ಸಿದ್ದಾರ್ಥ ಸಿಂಗ್,ನಿಮ್ಮ ಸಿದ್ದಾರ್ಥ ಸಿಂಗ್,≤100
109023665506187,H D Thammaiah,Thammaiah H D,≤100
104516512296314,Kartikeya Sharma,Kartikeya Sharma,≤100
109141098395573,Inclusive Minds,Inclusive Minds,≤100
282198256011533,PM Narendra Swamy,PM Narendra Swamy,≤100
114563814949718,Prashant Singhal BJP,Rahul Singh,≤100
100735178208398,Udyami India,Samadhan Samiti,≤100
312898778847834,TERRAM PACIS,These ads ran without a disclaimer,≤100
110458847449388,Dr. Narayana Gowda / ಡಾ. ನಾರಾಯಣ ಗೌಡ,Vijay S,≤100
168545223213479,Omprakash Hudla,Pankaj Sharma,≤100
207716982590230,Cipla,These ads ran without a disclaimer,≤100
206810882806875,Samvada ಸಂವಾದ,Samvada ಸಂವಾದ,≤100
1722187834676013,Jasvir Singh Garhi,Jasvir Singh Garhi,≤100
537021156329658,Sukhbir Singh Jaunapuria,Pankaj Sharma,≤100
140930379388330,Kishan Reddy Gangapuram,Kishan Reddy Gangapuram,≤100
630955390420927,Amitabh Bajpai,Hari Om Tripathi,≤100
685881558130468,Kamal Nath,Kamal Nath,≤100
105051572533311,Madho Singh Dawar,Kamal Patidar,≤100
132406124102264,Sunil Sarraf,Sunil Sarraf,≤100
102811167950527,Janata Dal Secular,Pancharatna Yojane,≤100
102218576103904,Badlaav ki Aandhi Priyanka Gandhi,Badlaav Ki Aandhi Priyanka Gandhi,≤100
153891144797146,Uttam Kumar Reddy,Ashutosh Mishra,≤100
104736419210593,PACE INDIA,PACE INDIA,≤100
154161255255794,Gyaneshwar Patil,Rajnarayan Gurjar,≤100
1927351340858687,ಬಿ ಪಿ ಹರೀಶ್,Gowda Basavana,≤100
338791202812647,Earth Care Awards,Prabhindar Singh Chopra,≤100
806181806121459,Harshvardhan NandKumar Singh Chouhan,Ishan Mishra,≤100
897056127025640,InKhabar,InKhabar,≤100
841171029605948,India News,India News,≤100
426895610773497,The Logical Indian,Ankur Kumar,≤100
165714096933078,Piyush Goyal,Piyush Goyal,≤100
108184561480441,ಸಂತೋಷ್ ಲಾಡ್ ಯುವ ಪಡೆ,Right Media Tech,≤100
115672001487908,The Green Pillar,Stuti Singh,≤100
333426070147135,Benny Kuriakose Associates,Benny Kuriakose Associates,≤100
103040206040226,Dr. B S Ajaikumar's Thought Leadership,Dr. B S Ajaikumar's Thought Leadership,≤100
253882521658554,Dr Somya Gurjar,Rajesh Goutam,≤100
121924297508141,Impact Guru Foundation India,Impact Guru Foundation India,≤100
674757045920691,Jayadev Galla,Aditya Vemulapalli,≤100
1644165492504830,Anekal Ramoji Gowda,Ramoji Gowda,≤100
106922571353178,Manoj Dhama,FASCINATE WEB SOLUTION PRIVATE LIMITED,≤100
115143964889450,Vijay Singh Fan Club,Bumble Bee,≤100
213947398791863,Dhananjai Singh Khimsar,Dhananjai Singh,≤100
100579492974806,Garibo Ke Modi,Garibo Ke Modi,≤100
640369399392914,Baijayant 'Jay' Panda,Baijayant Panda,≤100
102530442803315,Instant Loan Service,These ads ran without a disclaimer,≤100
2078242259060363,Kukufm,Mohana Saha,≤100
605390272841833,Shrirang Appa Barne,Abhay Balu Ahire,≤100
110835681871560,Saliesh Kumar,Abhinabh Kumar Das,≤100
1932900346831325,Rajesh D Sanghvi,Rajesh Dineshchandra Sanghvi,≤100
1785302198354679,Dr. Somendra Tomar,Somendra Singh,≤100
113858681342028,Dr. Anjali Yadav,Shiv Charan,≤100
1559470284286071,M.K.Somashekar,Pranusha Mysore Somashekar,≤100
112314771829803,NorthEast Investors Summit,Sourabh Arvind Dubey,≤100
108505858773239,Madhya Pradesh Police,Madhya Pradesh Police,≤100
106461882440863,Shafeeq Ahmad Ansari,Md Prince,≤100
116476584663869,Sirikonda Madhusudanachary,Sirikonda Madhusudanachary,≤100
394168494317389,MIT World Peace University,MIT World Peace University,≤100
104065704766619,Marigold Arts,These ads ran without a disclaimer,≤100
698096280212576,Bhatti Vikramarka Mallu,Bhatti Vikramarka Mallu,≤100
110697875316729,r2s_signature.weddings,These ads ran without a disclaimer,≤100
100399135166564,Office of narayan patel,Rajnarayan Gurjar,≤100
385658441549334,Deepak Bhati Chotiwala,Dipak Bhati,≤100
105404982543713,himansusekharh,These ads ran without a disclaimer,≤100
675268652538693,Dr Dhan Singh Rawat,Dr Dhan Singh Rawat,≤100
642996226201566,Sudhakar Shrangare,Aslam Afroz Kazi,≤100
104071715577392,SK International Sainik School Retharedharan - Sangli,Sanket Vinodkumar Surana,≤100
100593012792684,Keerthan Kumar,Praveen L,≤100
449378495112356,Swades Foundation,Swades Foundation,≤100
33497111948,Child Rights and You,Child Rights and You,≤100
384000501947350,Devendra Yadav,Think First,≤100
115175213261020,Partner With Indigenous Producers,Partner With Indigenous Producers,≤100
116383754696955,Antardhwani - The Inner Voice,Antardhwani,≤100
30290552843,Greenpeace India,Greenpeace Environment Trust,≤100
108935364979003,Ragidi Laxma Reddy,Laxmareddy Ragidi,≤100
119324884471716,Kuldeep Thakur SKM,Puneet Kumar Singh,≤100
746568209028564,Dr. Basu Eye Hospital,Dr. Basu Eye Hospital,≤100
103233616091849,Mahaveer Mohite,Sangamesh Tubachi,≤100
112762105121990,Natraj pencil company LTD.,These ads ran without a disclaimer,≤100
1955301821451552,Abhishek Dutta,Abhishek Dutta,≤100
493096601074391,Pramila Pandey- प्रमिला पाण्डेय,Atul Kumar Kushwaha,≤100
1360805680600676,Sandeep Kshirsagar,Yogesh Padmakarrao Pawar,≤100
105671775473178,Jan Suraaj,Jan Suraaj,≤100
241940555912671,Chandigarh University,Chandigarh University,≤100
103206797721245,Tollygunge Trinamool Congress,Mohammad Azharuddin,≤100
103853825953918,vicky_khurhna123,These ads ran without a disclaimer,≤100
2025274010873024,Thokala Srinivas Reddy,Sanvi Kreations,≤100
204599692918446,Rajesh Ranjan,Rajesh Ranjan,≤100
102715296085726,Neta Ji,Deepak Mehla,≤100
791996340811292,Dr Madhuri Borse Patil,Vipul Jayantilal Bafna,≤100
101227132700026,Ashok Rohani,Ashok Rohani,≤100
243524299157863,Pushkar Singh Dhami,Pushkar Singh Dhami,≤100
30702412762,NewsX,NewsX,≤100
108638702066665,Deepak Ajeet Khatri,Deepak Khatri,≤100
231167140371342,Kanhaiya Lal Choudhary,Raghunandan Sharma,≤100
111412713935321,Atul Kumar kushwaha,Vikas Kumar Singh,≤100
109916533853207,AMIT KUMAR SINGH,Akash Singh,≤100
110336004853588,Anil Satav Patil,Anil Satav Patil,≤100
1400922716824148,Ameet Satam,Kunal Jitendra Ajmera,≤100
647244058952240,Jaypal Singh Chawda,Jaypal Singh Chawda,≤100
364476590604680,Surya Samachar,Ajit Kumar,≤100
1743820172518316,Renu gupta Dinesh,Renu gupta Dinesh,≤100
195167817324812,Pawan Khera,Pawan Khera,≤100
289085061102499,Sukhwinder Singh Bindra,Sukhwinder Pal Singh,≤100
110194685265228,Praveen Jha,Praveen Jha,≤100
441249902634004,Baba Siddique,Baba Siddique,≤100
106814685630635,Upkar Chandrakar,The VoloPV,≤100
918414611597115,Amar Prasad Reddy,Venkata Satish Chandu,≤100
113519568270032,Anand Prakash Miri,Pandev Balodi,≤100
109034074092751,Rakesh dayma alote,Rakesh dayma alote,≤100
102597425311635,Surya Pratap Singh,Surya Pratap Singh,≤100
104908641373434,Anukriti Gusain Rawat,Anukriti Gusain,≤100
1101097403326599,Chief Electoral Officer Karnataka,Chief Electoral Officer Karnataka,≤100
107705338961847,fast mudra loan,These ads ran without a disclaimer,≤100
103978051023455,Hunsur Manjanna fans,Hunsur Manjanna fans,≤100
100196004828444,North Eastern Council,Sourabh Arvind Dubey,≤100
1651727365046605,Pukh Raj Parashar,Pukh Raj Parashar,≤100
317042561720861,Sunil Deodhar,Dharmendrasing Narendrasing Rajput,≤100
163577014441724,Subhash Gangoli MLA,Dinesh,≤100
201156146959026,Mohinder Bhagat,Mohinder Paul,≤100
529298577561300,Naveen Dagar BJP,Naveen Dagar BJP,≤100
679159028834779,ममता मीना,Mamta Meena,≤100
112475780481777,Bahadur Singh Chouhan,Manoj,≤100
100803622889152,The Bihari Top,Faltech Services Pvt. Ltd.,≤100
114717553693865,Liberal TV,Liberal TV Punjabi,≤100
109656810435165,Aapla Awaj News Network,Prathamesh Somnath Kadam,≤100
205278732829897,Prem Prakash Pandey,TheVOLOPV,≤100
145703105530196,Brahmachari Chaitanyanand Ji,Prashant Gupta,≤100
250007248502240,Golu Shukla,Modi For PM Organization,≤100
1397767487148044,Jaidatta Kshirsagar,Jaydatta Sonajirao Kshirsagar,≤100
695738973874352,Dr. Sumer Singh Solanki,Sumer Singh Solanki,≤100
108091173926988,Mrityunjay Sharma - BJP,Mrityunjay Sharma,≤100
103182355403293,Manthan2024,Amit Kumar Singh,≤100
1706371292942156,"Ministry of Development of North Eastern Region, Government of India",Arshad Ali,≤100
854256021383031,Vinod Sevan Lal Chandrakar,Tukesh Kumar Ratre,≤100
291531884297397,Dushyant Singh Tomar BJP,Dushyant Singh Tomar BJP,≤100
325602694251353,Rajeev Rai,Rajeev Kumar Rai,≤100
491580774286451,Suryakanth Nagamarapalli,Vilas Vijay Kulkarni,≤100
101934341160333,प्रमोद नाना भानगिरे - Pramod Nana Bhangire,Clearby Services,≤100
526222491203445,The Chaupal,The Chaupal,≤100
102184019304193,Exposing Now,Exposing Now,≤100
660476430787331,Gaurav Pandhi,Gaurav Pandhi,≤100
475898282465005,Dr K Laxman,Vijay Kumar Tapadia,≤100
104569618054081,Vikas Arya,Arya Vikas,≤100
912096938897209,Vijay Singh,Vijay Singh,≤100
111347144653824,Krishna Kumar Singh,Puneet Kumar Singh,≤100
100614605326759,"S RAGHU, MLA, Sir CV Raman Nagar Assembly Constituency","S RAGHU, MLA, Sir CV Raman Nagar Assembly Constituency",≤100
213839668641820,Dr. Anil Jain,Brand Recourse Technologies,≤100
100764935994274,Mukesh Sharma,Rupali Sharma,≤100
105061898255318,Jitendra Kothari,Jitendra Kothari,≤100
291247477906169,Mahatma Gandhi to Modi,Nanoland Publishers,≤100
111755497416969,Sukhbir Singh Sidhu,Danish Khan,≤100
104052978235240,Pandian For People,Abhijeet Shesh,≤100
385303288239154,Raghuveer Singh Tanwar,Raghuveer Singh Tanwar,≤100
104633612411419,Dr Samir Kagalkar,Dr Samir Kagalkar,≤100
111104803904992,The Daily Guardian,The Daily Guardian,≤100
263560423714979,Dr. Mahesh Sharma,Subham Singh,≤100
124366547225308,ಜಯಶ್ರೀ ಕೆ.ಎನ್. ರಾಜು - ಗುಂಡ್ಲುಪೇಟೆ,Kalavathi M,≤100
102443579518555,Natraj pen pencil Homework job 30000 salary 15000 advance,These ads ran without a disclaimer,≤100
1461744967453263,Ramendra Tripathi,Anuj Kumar,≤100
114423274957250,"Nivedith Alva - ""ಪ್ರಗತಿಪರ ಯುವಸೇವಕ""",Coceptual Media,≤100
104521050914326,Baliram Siraskar,Baliram Siraskar,≤100
105682567774739,Tajinder Singh Sran,Tajinder Singh,≤100
1171462299729165,Sandeep Singh Deswal,Navdeep Sehrawat,≤100
404746486258732,Project Nanhi Kali,Project Nanhi Kali,≤100
421962034490470,Dhananjay Mahadik MP Kolhapur,Ashwamedha Media,≤100
107153958711155,South First,south Fist,≤100
100250732439696,Rajesh Singh,Rajesh Rambali Singh,≤100
100720419078919,Ajay Kumar Singh - Aditya,Arun Pratap Singh,≤100
485973368124928,RV Devraj,RV Devraj,≤100
339835596096353,Satish Poonia,Maheep Poonia,≤100
1706371292942156,"Ministry of Development of North Eastern Region, Government of India","Ministry of Development of North Eastern Region, Government of India",≤100
2311621982403889,Akanksha Taparia,These ads ran without a disclaimer,≤100
101752132913803,Ashish Bansal,Ashish Bansal,≤100
108927025203555,BJP Jalandhar Lok Sabha,BJP Jalandhar Lok Sabha,≤100
162115051234970,Dharmendra Singh Lodhi mla,Dharmendra Singh Lodhi,≤100
101913964674756,Pramod yadav प्रमोद यादव,Rishi Kumar Yadav,≤100
1776811369217595,Shravan Singh Rao Borli,Vikram Vaishnav,≤100
550287678727831,Bharath Reddy Ravula,Bharath Kumar Ravula,≤100
106398618060114,Jayashankar S,Jayashankar S,≤100
216506801885954,Pankaj Chaudhary,Yash Bagh,≤100
153887384672062,Doctors Without Borders / Médecins Sans Frontières,These ads ran without a disclaimer,≤100
170406447891376,Dr. Koteswara Rao,These ads ran without a disclaimer,≤100
224618077692752,Sanjay Tandon,CosMark Media Pvt Ltd,≤100
106917495262631,Arvind Kejriwal ಬೆಂಗಳೂರು,Kamran  Shahid,≤100
1612012092202484,Bharat patwari,Bharat patwari,≤100
103855322709642,Yogiraaj,Goldy Tyagi,≤100
105331745445757,Omprakash Khichar Advocate,Rohit Githala,≤100
102275329396663,GS Shyam,Shyam Gollarahally Siddappa,≤100
1335462983188401,Nabadal Banik,Nabadal Banik,≤100
1613686538669654,Ashok Singhal Foundation,Digital Xplode,≤100
994578073995343,B. L. Verma,Sourabh Arvind Dubey,≤100
542592522530451,P Rajeev,Mohan Vidhyadhar Lohar,≤100
834432743328746,Prakash Dwivedi,Prakash Chandra Dwivedi,≤100
109251108613188,spefl.official,These ads ran without a disclaimer,≤100
100593012792684,Keerthan Kumar,Keerthan Kumar,≤100
132309676835568,Lokmat,Pranoti Vasant Dalvi,≤100
2115793292068685,Chawand Singh Eklingpura,Engitech Media,≤100
103412238714079,Kanta kardam,Puneet Kumar Singh,≤100
111625317182506,Inayat Ali,DesignBoxed,≤100
108015368279979,Solh Wellness,Solh Wellness,≤100
110132941851275,Anjinappa puttu for SDL,Sagar,≤100
1088373891289696,Kamal yadav,Akash Singh,≤100
647353902009584,Dr. Nilam Yadav,Nilam Yadav,≤100
995582213894808,Kothapalli Geetha,Venkata Satish Chandu,≤100
558095644313561,Manish Rawat,Manish Rawat,≤100
802311956513987,Rahul Singh,Rahul Singh,≤100
415332588877399,Banda Karthika Reddy,Chandra Reddy Banda,≤100
110847490543428,Vipul Kumar Salwan,Vipul Kumar Salwan,≤100
106944578673011,Manoj Tarwala,Manoj Tarwala,≤100
143673076357988,Rajeev Sharma,Ansh Saxena,≤100
108497578583588,Janpeace Live,Trishanu Kaushik,≤100
343757222868869,Gurpal Singh Goldy,Gurpal Singh,≤100
111070434608021,Geetha Ainala,Geetha Ainala,≤100
113607803769884,Nattasha Sharrma,Policy Briefcase,≤100
1004702849579249,Sanjay Shah,Shivendra Singh Kushwah,≤100
100282511512680,Sanjay Sutar - संजय सुतार,Sanjay Vilas Sutar,≤100
213099295938554,Balasaheb Gaikwad,Rahul Digambarrao Borole,≤100
109243215486099,योगी समर्थक,Goldy Tyagi,≤100
102932672799355,Savitri Choudhary,webultrasolution.com,≤100
179765292047054,Manickam Tagore,Kathiresan K,≤100
1186503331379587,Kandikanti Ashok Goud,Puneet Kumar Goud Kandi Kanti,≤100
571648656189925,IIT Madras,These ads ran without a disclaimer,≤100
100835619365958,Nisha Parulekar - निशा परुळेकर,Jagdish Raghunath More,≤100
106290285789750,Prashant Singhal,Karan Singh,≤100
1701369040086950,ANIL JAIN MLA,Arjun Sharma,≤100
107545897823033,For Men India,Antara Das,≤100
110620591827233,Heerapuram Fayaz Basha,Vinay Babu Nandam,≤100
294787978097959,Rakesh kumar Chattree,Arun Pratap Singh,≤100
632518450236186,Sudarshan Bhagat,Sudarshan Bhagat,≤100
511725522329475,Sampurna Samachar Seva,Sampurna Samachar Seva,≤100
100423322637137,Kawasi lakhma,Dhaval Kumar Jain,≤100
109801588758607,Sanjay Tamboli,Sanjay Tamboli,≤100
857371254407796,Pushpendra Kumar Singh Jadaun - BJP Parshad ALG UP,Pushpendra Kumar Singh Jadaun - BJP Parshad ALG UP,≤100
105437742512606,anusuyahazarika,These ads ran without a disclaimer,≤100
621054018262029,"डॉ. अवधेश कुमार वर्मा, सामाजिक कार्यकर्ता एवं शिक्षाविद, सचिव-भवदीय ग्रुप","डॉ. अवधेश कुमार वर्मा, सामाजिक कार्यकर्ता एवं शिक्षाविद, सचिव-भवदीय ग्रुप",≤100
1728198263951365,Vamsi Gaddam,These ads ran without a disclaimer,≤100
107344272047377,Sanjeet vishwakarma,Pandev Balodi,≤100
110044260470271,Vinay Jangid Sharma,Vinay Jangid Sharma,≤100
102696789439866,Satpal Singh,Vivek Vashisth,≤100
428551800928390,Laxmi Rakesh Giri Goswami,Laxmi Rakesh Giri Goswami,≤100
2118803388399006,Click2Public,Click2Public Technologies OPC Pvt. Ltd.,≤100
2238647176463048,Dr.Vijender Singh,Anshul Kumar Gupta,≤100
683341508773936,Ram Pratap Yadav,Saurabh Yadav,≤100
269761569864265,Rao Padma,Kushal Reddy Rao,≤100
1003634343005791,Aanand Shukla - आनन्द शुक्ला,Arun Pratap Singh,≤100
112061804808512,Bihar State Sports Authority - BSSA,Ajit Kumar,≤100
113101774385787,Avinash Kale,Pavan Laxmanrao Bhalerao,≤100
102102622351285,Raghuvir Singh Meena IPS,Akash Meena,≤100
109990715418976,पुष्पा सत्यपाल प्रधान,Pankaj Kumar,≤100
105352618893717,Shankar yadav,Shankar yadav,≤100
807729982669771,Chaudhary jeetandra singh jatav,Akash Singh,≤100
220333908099821,Aam Aadmi Party Karnataka,Aam Aadmi Party Karnataka,≤100
1116604591824005,Sandeep Garg,Sandeep Garg,≤100
253298788099181,Banda Chandra Reddy,Chandra Reddy Banda,≤100
416058801922933,Bharat News,Bharat News,≤100
101287129555091,Global News Hindi,Global News Hindi,≤100
1882679961782904,Anushesh Sharma,Anushesh Sharma,≤100
231512217793516,Ashok Goel Mangaliwala,Ashok Kumar Goel,≤100
294529347608828,Rishikesh Upadhyay,Rishikesh Upadhyay,≤100
100881489585554,Gururaj Gantihole / ಗುರುರಾಜ್ ಗಂಟಿಹೊಳೆ,Gururaj Gantihole / ಗುರುರಾಜ್ ಗಂಟಿಹೊಳೆ,≤100
376088749187854,Office Of Dr.Saurabh Rathore,Saurabh Singh,≤100
2100849650146359,Ramarao Patil Pawar,Venkata Satish Chandu,≤100
109396018798891,Bhagwan Das BSP,Yogesh Raikwar,≤100
111846001904709,Dhanlaxmi financial services,These ads ran without a disclaimer,≤100
2691509044407025,Sankalp Shettar,Sankalp Jagadish Shettar,≤100
114606387073785,Deepak Balutia,Rahul Kumar,≤100
103299131730772,Er. Navin Kumar,These ads ran without a disclaimer,≤100
109253634221142,Dr Abhishek Kumar Ramadhin,Abhishek Kumar Ramadhin,≤100
112132937023603,Nandlal Chauhan,Nandlal Chauhan,≤100
1511782779066279,Indian National Congress - Karnataka,Indian National Congress - Karnataka,≤100
102010991748513,Ashish Patel,Ashish Natwarlal Patel,≤100
103618082722298,वर्तिका गुप्ता,Shivam Verma,≤100
109058654923540,सब का साथ सब का विकास,सब का साथ सब का विकास,≤100
1970631066563882,Ramesh Kumar Choudhary,These ads ran without a disclaimer,≤100
236364486833201,Bjp help center india,Rajat Kumar Prjapti,≤100
178606642759483,Gaurav Yadav,Gaurav Yadav,≤100
105362914553786,Bapu Singh Tanwar,Bapu Singh Tanwar,≤100
104784422526215,anshummanjoshi,These ads ran without a disclaimer,≤100
107250704737912,CA Sushil Bandpatte,Sushil Chandu Bandpatte,≤100
1406676006269693,Kedar Kansana,Kedar Kansana,≤100
110132160741768,Polstrat,Polstrat Communication,≤100
1571395092879283,Malender Rajan - मलेंदर राजन,Election Fight,≤100
107451772250920,Nandan Kumar,Pandev Balodi,≤100
181418895366896,Ganesh Joshi,Mayank Joshi,≤100
100563631339612,Sushil Rana,FS Findscope Consultancy,≤100
2206070859406490,Ashok Chaudhary,Ashok Chaudhary,≤100
103136981458064,Rajni Gawaria,These ads ran without a disclaimer,≤100
108482478848453,अब की बार किसान सरकार,Mavuluri Rajesh,≤100
892110527476687,Rajendra Singh Yadav,Riyaz Ahmad,≤100
108991074835056,Archana Rathaur,Archana Rathaur,≤100
102325429272140,AITC Debasish Mukherjee,Arpan Saha,≤100
1176347162398086,Guru Nanak Naam Leva,Guru Nanak Naam Leva,≤100
111560924353656,Swetha Reddy,Rajendra Reddy Bhuvanagiri,≤100
123204638367845,Dr.Saurabh Rathore Hanumangarh,Saurabh Singh,≤100
2043667552352357,Soniya Atul Shukla,Amit Kumar Singh,≤100
370579039710759,Sharadendu Tiwari,Shivendra Singh Kushwah,≤100
2362229027338767,బీజేపీ వైపు ప్రజల చూపు,Bharath Kumar Ravula,≤100
643216342792266,দেবাশিস পণ্ডা ভারতীয় Debasis Panda Bhartiya West Bengal,Debasis Panda,≤100
1106424342713011,महा MTB,Mumbai Tarun Bharat,≤100
100236283005200,Perika Suresh,Vijay Kumar Tapadia,≤100
470458233479120,Aparajita Sarangi,Reach Digitally,≤100
139429406230702,Kumaraswamy for CM,Kumaraswamy for CM,≤100
105354058906524,Bjp Shekhar Sharma,Shekhar Sharma,≤100
762783950782939,Vipul Sharma Noida BJP,Arun Sharma,≤100
115607494747717,Hungry chokre,Hungry chokre,≤100
437210049675281,चुनाव नगर पालिका परिषद,Shivam Verma,≤100
858612907672344,टीम प्रकाश चौधरी बड़ी सादड़ी,Ganesh Kumar,≤100
102032105157546,Jai Inder Kaur,Romanchit,≤100
105694514269834,North Eastern Region Community Resource Management Society,Shrinivas Ravichandran Nadar,≤100
767805023307544,Santosh Kumar Singh BJP,Akash Singh,≤100
176518289957089,Mr Gejja Ram Valmiki,Geja Ram,≤100
1919704441684688,Rakesh Sachan,Manvendra Sachan,≤100
100334431962573,The Disposal Company,These ads ran without a disclaimer,≤100
520972198086866,BJP Punjab,Bharatiya Janata Party (BJP),≤100
113484060843656,The Unmute,The Unmute,≤100
104088772109615,Urvashi Ashok Jaiswal BJP,Urvashi Ashok Jaiswal BJP,≤100
1039557042789139,BJP Dadra & Nagar Haveli,Ashish Natwarlal Patel,≤100
105522892460788,सच्चे हैं सत्यनारायण- Sache Hai Satyanarayan,Amit Kumar Singh,≤100
101717189500525,Gaurav Pundir,These ads ran without a disclaimer,≤100
196338294250820,Rohit Gangwal,Modi For PM Organisation,≤100
835481029818511,Rahul Tiwari,Shivam Dubey,≤100
105340111975765,Shrimant Patil,Shrimant Patil,≤100
863961040416615,Punit Verma पूर्व उपाध्यक्ष विश्व हिन्दू परिषद् काशी प्रान्त,Punit Varma,≤100
105919999093332,Varta24/वार्ता 24,Varta24/वार्ता 24,≤100
1781479445448595,Rajnish Kumar Singh,Arpit Jain,≤100
107673402231129,Kainsara Infraprojects Pvt. Ltd.,These ads ran without a disclaimer,≤100
109027442133819,Dr. Sanjay Singh,Naveen Singhal,≤100
107258018956480,ZatchUp,These ads ran without a disclaimer,≤100
101924458306932,Dr Sunil Mishra,These ads ran without a disclaimer,≤100
108006512204175,Rahul Yadav,Rahul Yadav,≤100
101186938100412,आशीष हरिचरण तिवारी,These ads ran without a disclaimer,≤100
565714670143123,Ashok Saini,Engitech Media,≤100
164559610778586,Indrasharan Singh Chauhan,Suraj Kaul,≤100
106840682274008,Deepak Patel,Rohit Githala,≤100
115787714760392,Jan Jagaran Yatra,Dharmendra Chhonkar,≤100
103719669313108,Rajkumari Gurjar,Pankaj Sharma,≤100
1346291785426106,Rita Choudhary,Ganesh Thapa,≤100
547446695324625,Vijay Laxmi Gautam,Madan Mohan Tiwari,≤100
103544656778013,Dr Akhilesh Prasad Singh,Akhiles Prasad Singh,≤100
104088772109615,Urvashi Ashok Jaiswal BJP,Deepak Mishra,≤100
111627301005753,Abhinay Rai,Akash Singh,≤100
423928144293931,Mahender Pratap Singh,Pankaj Sharma,≤100
107336164119124,Ashvani Singh Little,Akash Singh,≤100
108159201571035,अरविन्द जायसवाल,Avadesh  Kumar,≤100
557498237959403,Thakurdas Nagwanshi,Shivendra Singh Kushwah,≤100
100446005629223,Parvez Ahmad Media,Abi Zaid,≤100
825870624112435,Ramesh Chandra Ratn,Arun Sharma,≤100
342300295978073,Syed Afzal Abbas,Syed Afzal Abbas,≤100
113600070339320,WWE Kavita Devi,WWE Kavita Devi,≤100
426854497508656,Dr.Phoolchand Bhinda,Phool Chand Bhinda,≤100
685707864866321,Lion Dr D.மோசஸ் ஜோஷ்வா,Mosses,≤100
118251857866758,Shoaib Bhaiya,Shoaib Bhaiya,≤100
111982111384557,Rajbabu Upadhyay,Arun Pratap Singh,≤100
111298630628242,Rajvardhan Singh Parmar,Dharmendra Chhonkar,≤100
101424836286250,Shripal,Shripal Singh,≤100
224787738121110,Manan Dani,Mananbhai Jatinkumar Dani,≤100
121577400912316,Malti Basu,Malati Gupta,≤100
203795313615859,PDTV News,Nagarjuna Reddy Kaipa,≤100
542010592633135,Dr Mangal Yadav,Dr Mangal Yadav,≤100
108199110960976,Dattatray Achyutrao Sawant - दत्तात्रय अच्युतराव सावंत,content factory,≤100
470929816335236,Veer Sen Yadav,Veer Sen Singh,≤100
1385169951561354,Arjunbhai for Porbandar,Arjunbhai for Porbandar,≤100
380886545745747,Narayan Meena,Punit Agarwal,≤100
496604864144301,Dr Ganesh Dutt,FS Findcscope Consultancy,≤100
116692343573431,Dhriti  Banerjee Jalan,Sougata Banerjee,≤100
103100085360996,Madho Singh Udat,Akash Singh,≤100
100935642733964,Hindi Khabar Digital,The Narrative Builders,≤100
111940531706303,Kumar Sudarshan Singh,These ads ran without a disclaimer,≤100
104830828593863,ಮುರುಗೇಶ್ ನಿರಾಣಿ ಅಭಿಮಾನಿ ಬಳಗ,Naythan Carvalho,≤100
317748571640742,K Sudhakaran,Lijomon Joseph,≤100
102097292710408,Tejaswi V Patel,Tejaswi V Patel,≤100
106099305645868,Krishna Yadav,These ads ran without a disclaimer,≤100
109100632165563,shobharam5215,These ads ran without a disclaimer,≤100
107114604539894,Arjun Vedant -Desi Patrakar,These ads ran without a disclaimer,≤100
100952989571623,who_india,These ads ran without a disclaimer,≤100
675674499123384,Sambhaji Patil Nilangekar,DIwise,≤100
132859090587882,Surajit Datta,Surajit Datta,≤100
102838152104730,Bjp kisan Morcha punjab,Ashish Soni,≤100
1574483566114189,Dr. Mamta Pandey,Akash Singh,≤100
186199704897466,RD Foundation,RD Foundation,≤100
347337386104390,Rama Chandra Yadav,B Ramachandra,≤100
102528681766242,Satya Hunkar News,Satyapal Singh,≤100
1325597657464869,VAISHNAV INFRATECH,Sukhneet Singh,≤100
102323545504609,Rama Devi Chopra,Rama Devi Chopra,≤100
167229880115630,Nadeem Javed,Satish Kumar,≤100
126455024584757,Randeep Singh Deol,Randeep Singh,≤100
1098055100247295,Umesh Dwivedi,Arun Pratap Singh,≤100
623384268030608,Pradeep Lariya,Shivendra Singh Kushwah,≤100
109148774209167,helponhunger,These ads ran without a disclaimer,≤100
316219399121573,Rajeev Kumar Thakur,Rajeev Kumar Thakur,≤100
696055677109053,Neeraj Kundan,Deepak Khatri,≤100
113819783860759,Dinesh Khatik,Harish Sahrawat,≤100
1802523420012948,Pratap Singh Khachariyawas,Anirudh Sharma,≤100
1652675041670519,Troopel,Atul Malikram,≤100
562212137468656,S D DILIP KUMAR,S D DILIP KUMAR,≤100
113650521689074,Vinod Jaiswal,Utkarsh Srivastava,≤100
279830658847295,Jayesh Yadav,Jayesh Yadav,≤100
115156531558353,Vivek Mishra,Saksham Kesarwani,≤100
252023092136537,Dinesh Pratap Singh,Dinesh Pratap Singh,≤100
121732907565364,Yogesh Bhati Khoda,Karan Singh,≤100
105407765818641,Salik Gharti,These ads ran without a disclaimer,≤100
103771114684559,Subhash Ram Charitra,Shivendra Singh Kushwah,≤100
101613628900010,Smartway Wellness Pvt. Ltd.,Bhoomi Harendra Mistry,≤100
505112169945742,Bollywood World Entertainment,These ads ran without a disclaimer,≤100
105222094270542,Dalbir Singh,Shankar Prasad Thakur,≤100
102466218341704,Aasna Jaiswal,Aasna Jaiswal,≤100
109340175425667,Manoj Mishra Fan Club,Abhijeet Shesh,≤100
1819997541592243,Imran Qureshi,Imran Qureshi,≤100
108923765470906,Bharat Jagruthi - भारत जागृति,Mavuluri Rajesh,≤100
109479962142576,Sai Tex,Akash Singh,≤100
112065760634789,Thakur Piyush Pratap Singh - पीयूष दिनेश प्रताप सिंह,Piyoos Prtap Singh,≤100
110967695146133,Govind Kumar Jain,Ganesh Kumar,≤100
567305050274170,"Ajay Shanker Srivastava , Advocate",These ads ran without a disclaimer,≤100
108080828884036,Gehlot Phir Se,DesignBoxed,≤100
101854318835394,Abdur Razzak,Injamul Hoque,≤100
108660352150315,Jai Bheem Bharath Party,Shaik Shammiara,≤100
991588634260961,Madhusudan Agrahari BJP,Naveen Singhal,≤100
421458761569191,K V Naveen Kiran,C Vishwanath Manjunath,≤100
110181818688820,Pandit Vikas om Sanganeri,Pawan Kumar Sharma,≤100
106456887722695,Adesh Yadav BJP,Anil Kumar,≤100
484952278510471,Avdhesh Chandra Gupta,Umesh Chandra Gupta,≤100
109650752120389,ನಮ್ಮ ಪದ್ಮನಾಭನಗರ ನಮ್ಮ ಅಶೋಕ್ - Namma Padmanabhanagar Ashok,Dayananda R,≤100
1757441471197224,Hardik Patel,Hardik Patel,≤100
367203836657399,Rajendra Singh Surpura,Prakash Jaiswal,≤100
113731397885523,Chandraprakash Chauhan,Utkarsh Srivastava,≤100
110041803678379,Kabir Shankar Bose,Kabir Shankar Bose,≤100
437736246329765,Anand Sagar,Daksh Dhankhar,≤100
100473756790047,Dungar Ram Gedar,Dungar Ram Gedar,≤100
112552897745539,सुभाष चन्द्र गुप्ता सूरतगढ़,सुभाष चन्द्र गुप्ता सूरतगढ़,≤100
100507876374216,ಬ್ಯಾಟರಾಯನಪುರ ಕೇಸರಿ,Vinay Raveendra Wandakar,≤100
577856385582447,Raghu Sharma,Sunil Maan,≤100
140064983547766,Village Express TV,Arvind Kumar,≤100
2238940452991193,Santosh Pandey,Kunal Jitendra Ajmera,≤100
1873726816178376,Gaurav Singh Chauhan,Delhi Info Media,≤100
174948422918011,Harshvardhan Shaktawat,Harshvardhan Shaktawat,≤100
115452171516554,V. Somanna 4 Varuna,Sai Kiran,≤100
295639383836442,Agewell Foundation,Aanchal Gupta,≤100
330228123709826,Sonu Singh,Arun Pratap Singh,≤100
1045805345546273,Ashish Sharad Deodhar,Ashish Sharad Devdhar,≤100
1557720247784482,HerKey,These ads ran without a disclaimer,≤100
228053777220961,Daily Ajit,Daily Ajit,≤100
101895555846480,Healthy Baby App,Siddh Divyang Foundation,≤100
102124379533901,City Rounds Davangere,These ads ran without a disclaimer,≤100
103088902327676,Dwarka Kunj,Rahul Tiwari,≤100
104990485906666,Shilpa Raghavendra BJP,Raajatantra,≤100
861658647547864,Sarita Jawahar Mangwani,Sarita Mangwani,≤100
135657743788459,Amit Chauhan,Amit Kumar,≤100
1463405053879604,Baldev Alawalpur,Anju  Chaudhary,≤100
302417850271322,National Samachar 24x7,National Samachar 24x7,≤100
104981937529386,Kuldeep Singh Rathod,Shivendra Singh Kushwah,≤100
108610998434090,Anand Singh,These ads ran without a disclaimer,≤100
292947814732278,Womenssocialcorner,These ads ran without a disclaimer,≤100
106394871443089,Amit Kumar Singh,Amit Kumar Singh,≤100
1937229199904146,Universal Diplomatic Affairs of Human Rights,Universal Diplomatic Affairs of Human Rights,≤100
524165647975801,Arvind Chaudhary Chintu,Arvind Choudhary,≤100
101181391709672,Vijay Choudhary,Vijay Choudhary,≤100
117341424656198,Ekta Singh,Filmitics,≤100
236135776853694,SP Gurjar Bariyara,Bhagatsingh,≤100
113332697083135,The Hint Today,Priyanka Saha,≤100
279484519067006,Anil Chopra,Ganesh Thapa,≤100
427428084040490,Rajkumar Saini Bishangarh,fs findscope consultancy,≤100
103671805788557,Sanskriti sangyan-संस्कृति संज्ञान,Sanskriti sangyan-संस्कृति संज्ञान,≤100
883643511778046,Mahesh Rai,Shivendra Singh Kushwah,≤100
1576734822340874,Ejya Yadav,Easy Social,≤100
100882521819883,Janmanch News,Devendra Kumar,≤100
119122784479280,Rajdhani TV Punjab,Inderpal Singh,≤100
118552134469003,Raju Batham Official,Raju Batham,≤100
115846131496563,Devi Priya Unnikrishnan,These ads ran without a disclaimer,≤100
109761007457435,SriGanesh - Cantonment,Sriganesh Narayanan,≤100
572608223125372,Vikas Rana,Shankar Prasad Thakur,≤100
101571686227986,Fans of ਦੀਪ ਸਿੱਧੂ - Deep Sidhu,Real Social,≤100
104122195260035,Bharti Tarun Kaushik Bhaiya Ji,Tarun Kumar Kaushik,≤100
109546308136398,Sankar Dutta - শংকর দত্ত,Bholanath Dey,≤100
103976292090637,Siddharth Babu,Siddharth Babu,≤100
846994962145905,Manoj Kumar Aggarwal,Durga Kumari,≤100
219514401576120,SG Suryah,SG Suryah,≤100
1731493857081536,Dr. Kuldeep Bhandari,Dr. Kuldeep Bhandari,≤100
1735584716762864,Dr. Sukhwinder Kumar Sukhi,Dr. Sukhwinder Kumar Sukhi,≤100
1802087953245529,Pavan Singh Rajput,Prakhar Kashyap Singh,≤100
103704155350118,Gates Foundation India,These ads ran without a disclaimer,≤100
146177392223532,Indian National Congress - Punjab,Indian National Congress - Punjab,≤100
101993642891067,Sada Jalandhar,Abhishek Shukla,≤100
256050398281355,MD Chopdar,WEBTIX,≤100
1263109480456697,Ratna Kumari Shahpura,Ganesh Kumar,≤100
115708754832402,Prithvi Gupta,Naveen Singhal,≤100
431454157629297,Mukesh Ahlawat,Nitish Kashyap,≤100
357016611315216,महापौर विभा कुमारी पूर्णिया,Bibha Kumari,≤100
107995188948373,Anjana Singhal,Karan Singh,≤100
430864437043861,D K Brijesh,Devassia Brijeshdkaithakkal,≤100
612629662420991,Ankit Sharma,Sunil Kumar Prajapat,≤100
102976016109737,AP With Lokesh,Politics for Impact,≤100
168228334032318,Sat Sharma CA,Naveen Sharma,≤100
2218902201680311,RAVI RAI,Utkarsh Srivastava,≤100
271925582604,Citizens For Justice and Peace,Citizens for Justice and Peace,≤100
532838137140675,Kamal Pahadia,Pawan Kumar Sharma,≤100
1301601559980950,Sant Kumar Gupta - Mithai Lal,Sant Kumar Gupta - Mithai Lal,≤100
556794794409307,Sapthagiri Gowda,Sapthagiri Gowda,≤100
564295077289076,Rajkumar Gaur MLA Sriganganagar,Raj Kumar Gaur,≤100
552159824873262,Kethireddy M.L.A,Venkata Krishna Reddy Kethireddy,≤100
105442407982182,InderIqbal Singh Atwal,InderIqbal Singh Atwal,≤100
107859390939293,Mohammad Aman Khan - MAK,Mohammad Aman Khan - MAK,≤100
116417198030973,Adv Avinash jeengar,Ganesh Kumar,≤100
103172189444740,Harikant Ahluwalia Mayor-Pratyashi Meerut 2023,Vishesh Chaudhary,≤100
107275608820146,Vipul Srivastava,These ads ran without a disclaimer,≤100
100276188144654,News 43,Akhilesh Kumar Sharma,≤100
1433894153522813,Pramod Bhaya,Kapil Sain,≤100
105745119021149,Pradesh Tak,Taptitech Digital Media Works Pvt Ltd,≤100
203795313615859,PDTV News,Sandeep Gowda Undrakonda,≤100
105571221175235,Rajveer Singh Sahu,Rajveer Singh,≤100
2098801757111358,Ayanur Manjunath ಅಯನೂರ್ ಮಂಜುನಾಥ್,Vinayaka R,≤100
1874653249523846,Sandeep Sohi,Sandeep Singh,≤100
114907348250593,Team Dinesh Hegde,Dinesh Hegde Molahalli,≤100
104849339191151,Ashwini Laxman Jagtap,Pawar Yuvraj Arun,≤100
1806466166242152,Rahul Raj Rastogi,Chetan Singh Kanyal,≤100
890312897806104,Raj Kumar Dubey,Pawan Sachan,≤100
531434090219534,Aam Aadmi Party Bangalore,Aam Aadmi Party Karnataka,≤100
1301601559980950,Sant Kumar Gupta - Mithai Lal,Deepak Mishra,≤100
106995345590598,prince_eduhub_,These ads ran without a disclaimer,≤100
269174147050795,महेंद्र सिंह किरार सामरसिंगा,Nitin Raghuwanshi,≤100
1403961939859432,Bhanwar Jitendra Singh,Politics Simplified,≤100
106992129028574,Manoj Singh,These ads ran without a disclaimer,≤100
105378595882613,Dr-Mukesh Maida,These ads ran without a disclaimer,≤100
1947296068903392,Vinay Saxena,Manish Soni,≤100
112291655141502,Arpit Das Ji Maharaj,Utkarsh Srivastava,≤100
102111112713801,Daman Sethi,Utkarsh Srivastava,≤100
1657088514513592,Girish Pareek,Pawan Kumar Sharma,≤100
100203085686005,D Panduranga Garag,These ads ran without a disclaimer,≤100
111174918614498,ಕವೀಶ್ ಗೌಡ ಅಭಿಮಾನಿಗಳ ಬಳಗ,Codeflurry Technologies,≤100
104860424918954,दिल है हिन्दुस्तानी,Abhijit Kumar,≤100
111062454096871,BJP Shivamogga City,BJP Shivamogga City,≤100
110197854912974,Sonu Singh Garg,Pratik Garg,≤100
115303184883991,Vishesh Meena INC,Ganesh Kumar,≤100
102194569275814,Isma Zaheer,Isma Zaheer,≤100
532582040125177,Polkhol Maharashtra - Kantikumar Jain,Kantikumar Harakchandji Jain,≤100
132689140088396,smilefoundation,Smile Foundation,≤100
104211439033799,Jagane Kavali,Jagane Kavali,≤100
105940717778089,Dr. Priti Rajpurohit,Priti Rajpurohit,≤100
177924969696841,Rajendra Tiwari,Shivam Dubey,≤100
110145607337130,Himmat Singh Jhala,Akash Chauhan,≤100
108785340650294,Mohansingh Palduna,Krishna Chandr Chouhan,≤100
115020639874323,Yasirkhan Pathan,Hind Technologies,≤100
105258102529268,Indian Film Industry Filmy Video,These ads ran without a disclaimer,≤100
304794613213995,Rajiv Yadav,Prakhar Kashyap Singh,≤100
106558878416687,Shailendra patel,These ads ran without a disclaimer,≤100
2098801757111358,Ayanur Manjunath ಅಯನೂರ್ ಮಂಜುನಾಥ್,Manjunath Santhosh Ayanur,≤100
225227524588339,Chiranjeevi Jetty,Global Political Strategy Committee,≤100
146702709146110,Ashu Singh Surpura,Tinkershala,≤100
316918261779061,Santosh Lad,RMT,≤100
1879092478989809,Idam Valam,Idam Valam,≤100
2480533842232920,POWERCHINA,These ads ran without a disclaimer,≤100
47815171686,Banyan Tree Hotels & Resorts,These ads ran without a disclaimer,≤100
109346178805742,Jean Hill,These ads ran without a disclaimer,≤100
107691964950618,_analog_dialogue,These ads ran without a disclaimer,≤100
244693762372002,Dubai International Award for Best Practices,These ads ran without a disclaimer,≤100
427648547297783,Hasan Ismaik - حسن إسميك,These ads ran without a disclaimer,≤100
105494315161744,talkdiplomacy,These ads ran without a disclaimer,≤100
2409371185963750,MBA and Beyond Admission Consulting,These ads ran without a disclaimer,≤100