﻿Page ID,Page name,Disclaimer,Amount spent (NZD)
11870725774,Greenpeace Aotearoa,Greenpeace NZ,≤100
175954932952,WWF New Zealand,WWF New Zealand,≤100
183355881680015,New Zealand National Party,New Zealand National Party,≤100
116362033529,Amnesty International New Zealand,Amnesty International Aotearoa New Zealand,≤100
337477311451,New Zealand Labour Party,NZ Parliamentary Service on behalf of New Zealand Labour Party,≤100
110186134060806,Fairness in Focus,Medicines New Zealand,≤100
37547788323,UNICEF Aotearoa,Christopher Phillip Lane,≤100
6172127502,Vodafone New Zealand,Vodafone New Zealand,≤100
23625700722,Oxfam,Oxfam Aotearoa,≤100
196967540964595,Mindful Money,Mindful Money,≤100
417859725433,SAFE,Save Animals From Exploitation Incorperated,≤100
102500959802535,World Vision New Zealand,World Vision New Zealand,≤100
112431991697294,Animal Justice Party Aotearoa NZ,Animal Justice Party Aotearoa NZ,≤100
103565732543787,Both Sides Now,Both Sides Now,≤100
173912362663564,Electoral Commission NZ,Electoral Commission NZ,≤100
112793716847509,Environmental Law Initiative,Environmental Law Initiative,≤100