﻿Page ID,Page name,Disclaimer,Amount spent (EUR)
178362315106,European Parliament,European Parliament,≤100
147547541961576,Council of the European Union,Council of the European Union,≤100
833033333450772,BPI Solidariedade,Banco BPI,≤100
587845577964346,Médicos Sem Fronteiras,Médicos Sem Fronteiras,≤100
347829038571812,Aldeias de Crianças SOS Portugal,Aldeias de Crianças SOS Portugal,≤100
123061614692,Nestlé,Nestlé,≤100
1601186910118928,Banco BPI,Banco BPI,≤100
197936253581591,Fundação Francisco Manuel dos Santos,Fundação Francisco Manuel dos Santos,≤100
163880252839,Deco Proteste,DECO PROTESTE,≤100
480077632487005,Daikin Portugal,Daikin Portugal S.A.,≤100
145359705502132,Pordata,PORDATA,≤100
901697383231864,Contas Connosco,Contas Connosco,≤100
325947881481785,Mais Cofidis,Mais Cofidis,≤100
604331369992722,Deputados do PCP no PE,Deputados do PCP no PE,≤100
246126962250063,Grupo PPE no Parlamento Europeu,EPP Group in the European Parliament,≤100
481847405755917,Teva Portugal,Teva Portugal,≤100
226480340878271,Infralobo,Infralobo,≤100
170555122972051,Parlamento Europeu - Gabinete em Portugal,Parlamento Europeu - Gabinete em Portugal,≤100
105440292535677,Diversity & Inclusion Journey,Share Your World,≤100
371358802881568,Freguesia de Aradas,Freguesia de Aradas,≤100
108383397178648,Bokay,Bokay,≤100
107252064043989,Luís Montenegro,Partido Social Democrata,≤100
412322482264070,Nespresso,Nespresso,≤100
101920814806371,Casa dos livros,Casa dos livros,≤100
411416286140977,ANAM,Associação Nacional de Assembleias Municipais,≤100
1709939012603940,Ricardo Baptista Leite,Ricardo Baptista Leite,≤100
98673036962,ROLDA,These ads ran without a disclaimer,≤100
85728663404,Standvirtual,Standvirtual,≤100
100540912157837,Palácio da Leitura,Palácio da Leitura,≤100
202907266393447,FGS I Fundação Gonçalo da Silveira,FGS I Fundação Gonçalo da Silveira,≤100
103930608502,Real Associação de Lisboa,Real Associação de Lisboa,≤100
187489057968093,GAT Grupo de Ativistas em Tratamentos,GAT Grupo de Ativistas em Tratamentos,≤100
413110028708018,Uniarea,Uniarea,≤100
28312410177,World Food Programme,These ads ran without a disclaimer,≤100
230875547030767,Serge Ferrari,These ads ran without a disclaimer,≤100
1571730739515611,Plataforma Gaia com Norte,Plataforma Gaia com Norte,≤100
111594653874078,BoP,These ads ran without a disclaimer,≤100
582360601854799,Manuseado,Manuseado,≤100
263169571249376,DIMEP Europa,These ads ran without a disclaimer,≤100
108166048910328,Срочные Новости,These ads ran without a disclaimer,≤100
102224898933734,MindDig,These ads ran without a disclaimer,≤100
109986535364231,Lopes Silvana,These ads ran without a disclaimer,≤100
104099512361482,Funnies Now - Magazine,These ads ran without a disclaimer,≤100
19746387261,Humane Society International,These ads ran without a disclaimer,≤100
104405159011073,Sheba Tel HaShomer Global Division,These ads ran without a disclaimer,≤100