﻿Page ID,Page name,Disclaimer,Amount spent (EUR)
184344791588436,Partit Socialdemòcrata d'Andorra,Partit Socialdemòcrata d'Andorra,≤100
430374277000520,Govern d'Andorra,Govern d'Andorra,≤100
290481071013525,Pere López Agràs,Partit Socialdemòcrata d'Andorra,≤100
184344791588436,Partit Socialdemòcrata d'Andorra,Grup parlamentari socialdemòcrata,≤100
34823056709,MASIA ONE,These ads ran without a disclaimer,≤100
428037900702440,Mancomunitat Vall d'Albaida,These ads ran without a disclaimer,≤100
107483864336789,I am a Casting Worker,These ads ran without a disclaimer,≤100
178925535502983,Matthew Fowler,These ads ran without a disclaimer,≤100
322599777438,BBD,These ads ran without a disclaimer,≤100