﻿Page ID,Page name,Disclaimer,Amount spent (BRL)
301774903545521,Brasil Paralelo,Brasil Paralelo,1539
416907625028840,Governo do Estado de Minas Gerais,Governo de Minas Gerais,1107
343655492351770,Associação Brasileira de Apoiadores Beneméritos do Teatro Guaíra,Associação Brasileira de Apoiadores Beneméritos do Teatro Guaíra,630
425350744240843,Comitê Internacional da Cruz Vermelha,Comitê Internacional da Cruz Vermelha,553
264837510312080,Prefeitura de Irati,MUNICIPIO DE IRATI,482
1894520370802455,Governo do Brasil,Secretaria Especial de Comunicação Social -Governo do Brasil,384
631711806855209,Prefeitura de Colombo,Prefeitura de Colombo,255
101230328792183,Portal Concursos & OAB,PORTAL CURSOS PREPARATORIOS E OAB LTDA,215
104625758942119,Siga Antenado,Siga Antenado,208
112021296931600,Mônica Lopes,IBPOM,187
533495260042236,Sérgio Souza,Sérgio Souza,171
175804982467404,Safernet Brasil,Safernet Brasil pago com créditos de anúncio do Facebook,164
434025000001338,OAB Paraná,OAB Paraná,147
1549054225424161,Eduardo Moreira,Instituto Conhecimento Liberta,146
124468541555244,Garena Free Fire,These ads ran without a disclaimer,130
1453730484882193,Arilson Chiorato,Arilson Maroldi Chiorato,129
333720355130,Petrobras,Petrobras,115
136344939876101,Gleisi Hoffmann,GLEISI HELENA HOFFMANN,101
128850220504786,UNICEF Brasil,UNICEF Brasil,≤100
799291570129827,Bruno Garschagen,Bruno Garschagen,≤100
617874064891185,Câmara Municipal de Cianorte,Câmara Municipal de Cianorte,≤100
101189854802059,Revista Oeste,These ads ran without a disclaimer,≤100
196638160529871,Sinait -  Sindicato Nacional dos Auditores Fiscais do Trabalho,Sinait -  Sindicato Nacional dos Auditores Fiscais do Trabalho,≤100
465235726843103,Ambev,Ambev,≤100
115558703488480,IDP Online,Instituto Brasiliense de Direito Publico,≤100
201044363357878,Aliel Machado,Aliel Machado,≤100
1977144492578298,Bruno Secco,Bruno Secco,≤100
163893463708223,Marcelo Vitorino,Vitorino & Mendonça,≤100
287652947932104,APP-Sindicato,APP Sindicato dos Trabalhadores em Educação Pública do Paraná,≤100
194875410645035,Centro Universitário UniDomBosco,DOM BOSCO ENSINO SUPERIOR LTDA,≤100
104578449190247,Desenrola Brasil,Desenrola Brasil,≤100
104929198579247,O escobar Pro,O escobar Pro,≤100
159103797542,Greenpeace Brasil,Greenpeace Brasil,≤100
409540602424777,Luciano Ducci,Luciano Ducci,≤100
101189854802059,Revista Oeste,Revista Oeste,≤100
678984648871372,Thiago Buhrer,Thiago Buhrer,≤100
286484764739596,Conselho de Arquitetura e Urbanismo do Brasil - CAU/BR,Triads,≤100
300385920154650,Marcio Rosa,Marcio Rosa,≤100
330379553673497,Oxfam Brasil,Oxfam Brasil,≤100
104476969270901,Alessandro de Lara,ALESSANDRO SALES DE LARA,≤100
241839765912021,Estratégia Concursos,ESTRATÉGIA CONCURSOS SA,≤100
1206261422820710,Prefeitura de Foz do Iguaçu,Prefeitura de Foz do Iguaçu,≤100
159103797542,Greenpeace Brasil,Greenpeace Brasil,≤100
110308133921143,Denian Couto,Denian Couto,≤100
1476689512570106,Deputado Evandro Araújo,Deputado Evandro Araújo,≤100
220898724599599,Ação da Cidadania,These ads ran without a disclaimer,≤100
102090164567824,Adnan El Sayed,Adnan Abdallah El Sayed,≤100
1476484059297321,Vereador Rodolfo Revers,Rodolfo Revers,≤100
102856342511936,ICL Notícias,Instituto Conhecimento Liberta,≤100
478752158813845,Maurício Eskudlark Deputado,Maurício Eskudlark Deputado,≤100
220778897969256,Zeca Dirceu,Zeca Dirceu,≤100
104738421003389,InvestNews BR,Nubank,≤100
105520569004820,Absolar Comunica,Absolar Comunica,≤100
129296464237962,Prefeitura de Ourinhos,Prefeitura de Ourinhos,≤100
106312705760381,Formação Conservadora,Formação Conservadora,≤100
813542872090662,Leonidas Dias,Leonidas Dias,≤100
110211491369096,Roberto Justus,Roberto Justus,≤100
522126697963113,Carlos Jordy,Carlos Jordy,≤100
110225312350543,Nova Escola,Associação Nova Escola,≤100
1029170513768473,Mosaic Fertilizantes,MOSAIC FERTILIZANTES DO BRASIL LTDA,≤100
101473251687412,Bachir Abbas,Bachir Abbas,≤100
103886541282774,João Morales,João Morales,≤100
198849783539777,Buscofem,Buscofem,≤100
105520569004820,Absolar Comunica,Associação Brasileira de Energia Solar Fotovoltaica,≤100
982184008593453,Vereadora Olinda Fiorentin,Vereadora Olinda Fiorentin,≤100
270377486357382,Crea-PR,CONSELHO REGIONAL DE ENGENHARIA E AGRONOMIA DO PARANA,≤100
145608108896911,Frente Parlamentar da Agropecuária - FPA,Instituto Pensar Agropecuária,≤100
695027077529838,Conselho Regional dos Técnicos Industriais da 4ª Região,Tiriva Publicidade E Propaganda LTDA,≤100
116187124818347,Marcio Pacheco Cascavel,Marcio Pacheco Cascavel,≤100
520803328039440,Recicla Sampa,Eco Urbis e Loga,≤100
792144484455338,Nildão,Nildão,≤100
162297750451425,Criança e Consumo,Instituto Alana,≤100
1412250662388911,Sismmac,Sismmac,≤100
202597213460491,R. Vermelho & Advogados Associados,R. Vermelho & Advogados Associados,≤100
258088921369,TOTVS,These ads ran without a disclaimer,≤100
1640729199512643,Silvio Santo,Silvio Santo Vereador,≤100
1697263900565403,Samuel Dantas,Samuel Dantas,≤100
108879372266090,Pedro Rodrigues,These ads ran without a disclaimer,≤100
1164910073641031,Paulo Litro,Paulo Litro,≤100
109145595283281,Adão Litro,Adão Litro,≤100
108015435927747,FAS - Fundação Amazônia Sustentável,Fundação Amazonia Sustentável,≤100
2308676322748492,Marcio Carvalho de Sá,These ads ran without a disclaimer,≤100
675193629265637,Videocamp,Instituto Alana,≤100
7970426802,WWF-Brasil,WWF-Brasil,≤100
360125334431298,Renova BR,ASSOCIAÇÃO RENOVA BR,≤100
2398669613511168,Vereador Cabo Cassol,Ananias Cassol,≤100
105755411564969,Prefeitura de Wenceslau Braz,Prefeitura de Wenceslau Braz,≤100
111750668533737,Stephanie Aline,Stephanie Aline,≤100
102773638649611,Bruno Pereira,These ads ran without a disclaimer,≤100
1703010579956133,Eleições 2024 - Cursos Online,Curso Eleitoral,≤100
541089776080092,Sanofi Brasil,Sanofi Brasil,≤100
487358637978920,Governo do Tocantins,Governo do Tocantins,≤100
152338908863109,William Dornela,William Dornela,≤100
308976223304,Tintas Coral,Akzonobel,≤100
520798404655508,Baleia Rossi,Baleia Rossi,≤100
132584057957,Skol,Ambev,≤100
112208748024338,Agência Rockn - Marketing de Resultados,Agência Rockn - Marketing de Resultados,≤100
124600732785757,Pela Cidadania,Pela Cidadania,≤100
241839765912021,Estratégia Concursos,These ads ran without a disclaimer,≤100
425928464423345,Alecio Espinola,Alecio Espinola,≤100
1608447079411218,Portal Concursos,PORTAL CURSOS PREPARATORIOS E OAB LTDA,≤100
1706235726300831,Geraldo Stocco,Geraldo Stocco,≤100
2391538784456538,Michael brustulin,Michael brustulin,≤100
187970114581051,Anistia Internacional Brasil,Anistia Internacional Brasil,≤100
201878973201295,Republicanos10,Republicanos10,≤100
288645558398141,HDL Contabilidade,These ads ran without a disclaimer,≤100
1544493995819099,Roberto Cláudio,Roberto Claudio Bezerra,≤100
100710735473325,IDP - SP,"Instituto Brasileiro de Ensino, Desenvolvimento e Pesquisa Idp - LTDA",≤100
363140553718136,Epoch Times Brasil,EPOCH TIMES BRASIL LTDA,≤100
196613427043958,Fiesp,FEDERACAO DAS INDUSTRIAS DO ESTADO DE SAO PAULO,≤100
141311146554309,Novo 30 Bahia,Partido NOVO 30 BAHIA,≤100
103886345889377,Projeto Ofc Digital,These ads ran without a disclaimer,≤100
107451261775965,Alicia Silveira,These ads ran without a disclaimer,≤100
104368311440632,Junior Leite,Junior Leite,≤100
250305668489402,Professor Kenny,These ads ran without a disclaimer,≤100
2188955714673774,Advocacia Vieira,Advocacia Vieira,≤100
196791070788913,Robson Zanetti Advogado,Robson Zanetti Advogado,≤100
962615323779536,Progressistas,Progressistas,≤100
103359724739743,João Pedro,These ads ran without a disclaimer,≤100
172271576134185,Habitat para a Humanidade Brasil,Habitat para a Humanidade Brasil,≤100
198659803550570,Marco Brasil,Marco Brasil,≤100
100992545589724,Gigante 163,Gigante 163,≤100
1572577942821324,Manoel Franco,Manoel Franco,≤100
109597815616,VEJA,Revista Veja,≤100
263199020531986,JOTA,JOTA,≤100
224777780881144,Visão Mundial,Visão Mundial,≤100
228301373863551,Agência Pública,Agência Pública,≤100
107742651063250,Academia de Pesquisa,Academia Brasileira de Formação e Pesquisa,≤100
272187756285586,Chico Brasileiro,Chico Brasileiro,≤100
185875761943,MDB Nacional,MOVIMENTO DEMOCRÁTICO BRASILEIRO,≤100
224021551012451,Gerando Falcões,Gerando Falcões,≤100
176861049584508,Luiz Henrique Dias,Luiz Henrique Dias,≤100
226121024066240,WRI Brasil,WRI Brasil,≤100
193719533998484,Fundação Fernando Henrique Cardoso,Fundação FHC,≤100
242062609325601,Agenda 227,ANDI AGENCIA DE NOTICIAS DOS DIREITOS DA INFANCIA,≤100
1288884344512365,Paulinho,Paulinho,≤100
226356800824206,Tico Kuzma,Tico Kuzma,≤100
172444996112900,Fundo Brasil,Fundo Brasil,≤100
285083994905681,MDB Mulher Nacional,MOVIMENTO DEMOCRATICO BRASILEIRO BRASIL BR NACIONAL,≤100
914507925285700,Tiago Correa - Vereador,Noticia Verificada,≤100
258088921369,TOTVS,TOTVS,≤100
303981736949468,Jingle Vinheta,Jingle Vinheta,≤100
287976424552426,Instituto Ecofuturo,Instituto Ecofuturo,≤100
280413655431834,AMB - Associação Médica Brasileira,Associação Médica Brasileira,≤100
103483818151512,Janaina Castro,Janaina Silva de Castro LTDA,≤100
210383352904859,Dedicação Delta,These ads ran without a disclaimer,≤100
471542526362059,Fetec PR - Federação dos/as Trabalhadores/as em Empresas de Crédito do PR,Fetec PR - Federação dos/as Trabalhadores/as em Empresas de Crédito do PR,≤100
251150715807998,Associação dos Municípios de Pequeno Porte do Estado de São Paulo - AMPPESP,ASSOCIAÇÃO DOS MUNICÍPIOS DE PEQUENO PORTE DO ESTADO DE SÃO PAULO,≤100
976295639063920,Professora Andréa Paula,Professora Andréa Paula,≤100
1606259523000174,Munir Kalil Advogado,These ads ran without a disclaimer,≤100
2544666325578449,Eleja.se,Eleja.se,≤100
104553347942750,Eder Borges,Eder Borges - novo,≤100
104249948739597,tributariotop,These ads ran without a disclaimer,≤100
101933305564897,Promic,Riole,≤100
218573715511395,Viapark,ITARARE EMPREENDIMENTOS IMOBILIARIOS S/A,≤100
104786165500515,Cemin advocacia,Cemin advocacia,≤100
640048019400474,Gisele Welsch,These ads ran without a disclaimer,≤100
456872437699016,Sindifisco Nacional,Sindifisco Nacional,≤100
914115575302130,Fundação Toyota do Brasil,Fundação Toyota do Brasil,≤100
410655005626777,Deputado Federal Lincoln Portela,Lincoln Portela,≤100
755979534560972,Instituto Liberta,Instituto Liberta,≤100
112322978202620,Jackson Lucian Silva,These ads ran without a disclaimer,≤100
171631669624527,Bayer Brasil,These ads ran without a disclaimer,≤100
100768909613377,Laiz Duarte,These ads ran without a disclaimer,≤100
109440325463738,Clara,Clara,≤100
576585092359152,Agência Ethos,ETHOS SERVIÇOS EM COMUNICAÇÃO LTDA,≤100
254048208839562,Tesouro Direto,These ads ran without a disclaimer,≤100
133625896667318,Confederação Israelita do Brasil - CONIB,CONFEDERAÇÃO ISRAELITA DO BRASIL,≤100
109045724868180,lucassantoscs,lucassantoscs,≤100
540774879289725,Vereador Daniel Carvalho,Vereador Daniel Carvalho,≤100
106525678463910,União Brasil 44,UNIÃO BRASIL,≤100
511088952358805,Marcia Helena Martins Henrique,Marcia Helena Martins Henrique,≤100
260442374080149,Adriano Ramos,Adriano Ramos,≤100
174471285940778,Nelson Trad Filho,Nelson Trad Filho,≤100
1589055204701346,Nexo,Nexo Jornal,≤100
108147365877214,Canal Futura,Fundação Roberto Marinho,≤100
101321981647613,Instituto Monitor da Democracia,Instituto Monitor da Democracia,≤100
694006540763163,"Tecer Teatro - arte, educação e cultura",These ads ran without a disclaimer,≤100
109311714699813,Canuto e Lucena Sociedade de Advogados,Canuto e Lucena Sociedade de Advogados,≤100
106783199132179,Wagner Jean Da Rosa,Wagner Jean Da Rosa,≤100
103222901367803,Helius Energias Renováveis,These ads ran without a disclaimer,≤100
179837479250006,Marcelo Lino,Marcelo Lino,≤100
106308415121143,Politique - Detalhamento de Votos,PRATIC SERVIÇOS EM TECNOLOGIA DA INFORMAÇÃO LTDA,≤100
505797666174725,Deputado Estadual Cabo Maciel,Deputado Estadual Cabo Maciel,≤100
105184625591605,Anderson Santos,These ads ran without a disclaimer,≤100
106552462462588,Segredo dos leiloes,These ads ran without a disclaimer,≤100
326043511188824,Folha do Valle,Folha do Valle,≤100
106493417547936,Natália Mendonça,Vitorino & Mendonça,≤100
107097089096589,Ferrasso Advogados,These ads ran without a disclaimer,≤100
323918771004168,Paulo Serra,Paulo Serra,≤100
726792094131244,Césinha,Césinha,≤100
109272165397476,Gerson Aragao,SCIREJUS APLICATIVOS JURIDICOS LTDA,≤100
517187471714725,IBDA - Instituto Brasileiro de Direito Administrativo,IBDA - Instituto Brasileiro de Direito Administrativo,≤100
110515235300373,Bradock Show,Bradock Show Rede de Comunicação e Imprensa Ltda,≤100
1085882971496519,Cristiano Teixeira Dantas,CRISTIANO DANTAS SOCIEDADE INDIVIDUAL DE ADVOCACIA,≤100
100553136170825,Fena Saude,Fena Saude,≤100
113937044996012,dr.jorgeakel,These ads ran without a disclaimer,≤100
118869841134222,Jornal Ponto Mais,Jornal PONTO MAIS,≤100
486914985073732,Eduardo Girão,Eduardo Girão,≤100
102046893217762,Escola de Negócios e Seguros,Escola de Negócios e Seguros,≤100
101172545924268,Luiz Gastão,LUIZ GASTÃO BITTENCOURT DA SILVA,≤100
358687161234,Proteção Animal Mundial,Sociedade Mundial de Proteção Animal - WSPA BRASIL,≤100
267146793788529,Sem Parar Empresas,Sem Parar Empresas,≤100
1660973687452223,Sindarspen Policiais Penais,These ads ran without a disclaimer,≤100
107449552324057,Projeto Vereador Vitorioso,Vereador Vitorioso,≤100
1504580766531518,Mulheres Progressistas,PROGRESSISTAS - BRASIL - BR - NACIONAL,≤100
105383346220289,APUFPR-SSind - Associação dos Professores da UFPR,APUFPR,≤100
148794291858816,Bene Barbosa,These ads ran without a disclaimer,≤100
1124473760957316,FS Fueling Sustainability,FS Fueling Sustainability,≤100
179021969682780,IMAC - Carne de Mato Grosso,IMAC - Carne de Mato Grosso,≤100
109354687306376,Instituto Conhecimento Liberta,Instituto Conhecimento Liberta,≤100
133673860082014,Portobello Cerâmica,These ads ran without a disclaimer,≤100
229434223794080,MOOD,MOOD,≤100
120689140932673,Caroline Arruda,These ads ran without a disclaimer,≤100
100475615641105,PHVox,PHVox LTDA,≤100
1931965243746616,Professora Rita Gonçalves,Inovart Cursos e Treinamentos,≤100
263381844041205,A  Voz de Realeza,These ads ran without a disclaimer,≤100
107451105709314,Enxergue os Sinais,Enxergue os Sinais,≤100
111326818564734,Projeto Opaoma,Camila Capel,≤100
609045389271557,Procuradoria Geral do Estado de Mato Grosso,These ads ran without a disclaimer,≤100
367197653335628,Deputado Roosevelt,Deputado Roosevelt,≤100
1563627910535156,Márcio Burguinha,Márcio Burguinha,≤100
107063348442736,Cultura Jurídica,FMR - CURSOS ONLINE LTDA,≤100
103898131003601,Harada Advogados,Harada Advogados,≤100
114180441667420,Sidney Stahl,Sidney Stahl,≤100
191158547728051,Centro de Referências em Educação Integral,Cidade Escola Aprendiz,≤100
123884341029248,João Jorge,JOÃO JORGE DE SOUZA,≤100
109561808392562,Rio.Futuro,These ads ran without a disclaimer,≤100
108157761384449,Alexandre Silveira,Alexandre Silveira,≤100
109041232151743,O Penido Vinícius,These ads ran without a disclaimer,≤100
112056280673435,Observatório da Alimentação Escolar,Observatório da Alimentação Escolar (ÓAÊ),≤100
337480196266910,Federação Nacional dos Policiais Rodoviários Federais,Federação Nacional dos Policiais Rodoviários Federais,≤100
113715318320435,Direito da Saúde Descomplicado,Fontes Mídias,≤100
1613277542231707,Douglas Carbonne,Douglas Carbonne,≤100
161406070640025,Educação e Território,Cidade Escola Aprendiz,≤100
665498620499336,"O Novo Legislativo, por Renata Cunha",Instituto Renata Cunha,≤100
100972262995672,falapedroso,These ads ran without a disclaimer,≤100
1901525780074995,Portal Pontual,Pontual pesquisas e mídias Eireli,≤100
114057657982658,PSOLnasredes,Yuri Aaron Gomes Stipler,≤100
113676935411485,Eder Magrão Clube Fm 101.9,eder gean silva,≤100
358889358338010,Vitor Hugo,Vereador Vitor Hugo,≤100
1024840290996769,Lucas Pimenta,Lucas Pimenta,≤100
114363871673378,rennerconsultoriapolitica,These ads ran without a disclaimer,≤100
1422817644690446,Fórum Nacional de Reforma Urbana,Fórum Nacional de Reforma Urbana,≤100
122359354194750,João Pedro,These ads ran without a disclaimer,≤100
809266029258600,Félix Soibelman,Félix Soibelman,≤100
109110994173276,DR. Fernando Marcondes,DR. Fernando Marcondes,≤100
101303951768460,Fabio Goldschmidt,Fabio Goldschmidt,≤100
107386675472442,Contadora Bruna Dias,These ads ran without a disclaimer,≤100
181943989082300,Congresso Brincar,Congresso Brincar,≤100
159664764718426,Wilian Tonezi,Wilian Tonezi,≤100
398845206932703,Guilherme Boulos,Guilherme Boulos,≤100
102138423231691,Revista Semana Online,Revista Semana On,≤100
475498829176954,Funpresp-Exe,These ads ran without a disclaimer,≤100
166288866733886,Pirelli,Pirelli Comercial,≤100
263563620333111,Eduardo Braga,Eduardo Braga,≤100
337834286345988,Fundação Milton Campos,Fundação Milton Campos,≤100
109789152161,Sou da Paz,Sou da Paz,≤100
147258388715323,Fundação Luterana de Diaconia (FLD),Fundação Luterana de Diaconia,≤100
1720389428208302,Rafael Alves,These ads ran without a disclaimer,≤100
1403191786568329,Senac EAD,These ads ran without a disclaimer,≤100
362665423935479,Assembleia Legislativa de Sergipe,Assembleia Legislativa de Sergipe,≤100
132804480113814,PwC Brasil,PwC Brasil,≤100
1076634549195104,Professora Flávia Cabral,Professora Flávia Cabral,≤100
111006700550820,Cenarium Amazônia,Cenarium Agência de Notícias Ltda,≤100
1749446111993232,Rodrigo Rodrigues,Rodrigo Rodrigues,≤100
179856875529257,Padre João,João Carlos Siqueira,≤100
109770755848061,Suzano,Suzano SA,≤100
273642106068512,Paulo Alexandre Barbosa,Paulo Alexandre Pereira Barbosa,≤100
1313633058744565,Impulsiona,Instituto Península,≤100
114248903470049,Frente Parlamentar Mista da Medicina,Frente Parlamentar de Medicina,≤100
102449285907818,Genio Carbon,Genio Carbon,≤100
512207352265686,Unibes Cultural,These ads ran without a disclaimer,≤100
384012959105591,IDPA - Instituto de Direito Público Avançado,INSTITUTO DE DIREITO PUBLICO AVANCADO LTDA,≤100
113389738332356,Lista branca,These ads ran without a disclaimer,≤100
100863172840078,Dr Leonardo Alonso,These ads ran without a disclaimer,≤100
110027934194958,Vereador Carlim Despachante,Vereador Carlim Despachante,≤100
130752594135445,Vereador José Freitas,Vereador José Freitas,≤100
600114750155454,Braulio Lara,Braulio Lara,≤100
1551615751566711,Alexandre Ferreira,Alexandre Ferreira,≤100
126491270729748,Childhood Brasil,Childhood Brasil,≤100
171003873032425,Wilsinho da Tabu,Wilsinho da Tabu,≤100
116566381454446,shmoraisss.anki,These ads ran without a disclaimer,≤100
114712998183577,clarissa_petruz,These ads ran without a disclaimer,≤100
1459364967727482,Comunidade de Silvicultura,Comunidade de Silvicultura,≤100
239624862864871,Relatório Reservado,Hush Comunicação,≤100
101840051641101,GreenYellow do Brasil,GreenYellow do Brasil,≤100
1593214337620524,Tecnegócios,Tecnegócios,≤100
1700227383437806,OC Advogados,Oliveira e Carneiro Sociedade de Advogados,≤100
105574921046701,Agroforestry Carbon,Agroforestry Carbon,≤100
504148936286853,Data Goal,Data Goal,≤100
111961571700976,Score alto,Score alto,≤100
209862986597378,XB3 Soluções,XB3 Soluções,≤100
139007399495933,Fundação SOS Mata Atlântica,FUNDACAO S.O.S. PRO-MATA ATLANTICA,≤100
104456481092467,Carlos Kayoda - Estrategista Político,Carlos Kayoda,≤100
555465644539300,Rosa Fernandes,ROSA MARIA ORLANDO FERNANDES,≤100
142652206199393,Aliança Pela Alimentação Adequada e Saudável,Aliança Pela Alimentação Adequada e Saudável,≤100
101223071616706,Insight Inteligência,Insight Comunicação,≤100
365328780221103,Museu da Pessoa,Museu da Pessoa,≤100
101010949258152,Cachaça Artesanal do Mestre,These ads ran without a disclaimer,≤100
118678938210868,SIMPI,SIMPI,≤100
945224262262466,Emerson Stein,These ads ran without a disclaimer,≤100
105605932603890,João Pedro,These ads ran without a disclaimer,≤100
111440704114038,Vereadora Márcia Alexandre,Vereadora Márcia Alexandre,≤100
500679196780578,Instituto Ekos Brasil,Instituto Ekos Brasil,≤100
430764976934472,Hocca Bar - O Famoso do Mercadão,These ads ran without a disclaimer,≤100
534805630341699,Idecan Oficial,"INSTITUTO DE DESENVOLVIMENTO EDUCACIONAL, CULTURAL E ASSISTENCIAL NACIONAL",≤100
145536926197315,Papo de Garagem,Papo de Garagem,≤100
858498090919137,Luxus Produções,These ads ran without a disclaimer,≤100
1635257313414728,Movimento pela Base,Movimento pela Base,≤100
711189698989364,Oceana Brasil,Oceana Brasil,≤100
335509840539462,Júlio Lamim,Júlio Lamim,≤100
1632845003624410,Blog do Lúcio Sorge,Blog do Lúcio Sorge,≤100
265325206900552,Professora Flávia Rita,These ads ran without a disclaimer,≤100
236469113158293,Associação Italiana Coral São José de Botuverá - Coral Giuseppe Verdì,Associação Italiana Coral São José de Botuverá,≤100
112402218444477,Débora Rossato Advocacia e Consultoria Jurídica,These ads ran without a disclaimer,≤100
290789094362628,Beto Cambará - Egberto Lazari,Beto Cambará - Egberto Lazari,≤100
170773429643671,"Rádio Alvorada FM 94,9",Rádio Alvorada,≤100
102343683293212,Tadeu Veneri,These ads ran without a disclaimer,≤100
223383744823290,Deputado Federal Nicoletti,Antonio Nicoletti,≤100
104161123005913,Fundação Tide Setubal,Fundação Tide Azevedo Setubal,≤100
108069841052291,Juninho Poceiro,Juninho Poceiro,≤100
105283982635579,Feirão limpa nome,These ads ran without a disclaimer,≤100
238761896484083,Rosana Valle,Rosana Valle,≤100
1695544247372940,Dr. Francisco,Dr Francisco Costa,≤100
645673892249947,Sindicato Sindmub,These ads ran without a disclaimer,≤100
111498314691810,Lucas Bove,Lucas Bove,≤100
103779715064518,Uma Concertação pela Amazônia,Instituto Arapyaú de Educação e Desenvolvimento Sustentável,≤100
112028296858235,Os Guias Ágeis,Os Guias Ágeis,≤100
1388528287892880,Juntos Construiremos um Mundo Melhor,These ads ran without a disclaimer,≤100
111139578897266,Médicos Sem Fronteiras,These ads ran without a disclaimer,≤100
102197194725525,Sinpeem,Sinpeem,≤100
102275945221840,Portal Tucumã,Portal Tucumã,≤100
273910272715136,Cleiton Fossá,Cleiton Fossá,≤100
111225968436940,Valmir Ferreira,Valmir Ferreira,≤100
116725771476468,Eu Eleito,"Gambale Cursos, Produções e Marketing",≤100
104736824966573,juliomoredo,These ads ran without a disclaimer,≤100
106063862426200,nelsoncanedoadvogado,nelsoncanedoadvogado,≤100
1379947408815396,Politimax Inovação Política,Politimax LTDA,≤100
106964359131397,dentistas_no_sus,These ads ran without a disclaimer,≤100
459175011296799,Deyvid Breis,Deyvid Breis,≤100
314213892042373,Diego Garcia,Diego Garcia,≤100
101461472775199,ortuam_fideles,These ads ran without a disclaimer,≤100
109009338229395,FPA na prática,These ads ran without a disclaimer,≤100
148169708615477,NDD - Tech,These ads ran without a disclaimer,≤100
105830512489078,Arte e Entretenimento,Arte e Entretenimento,≤100
104281075897975,Sexóloga Gabrielle Rosa,Sexóloga Gabrielle Rosa,≤100
103374445989530,Matheus Fraga de Araujo,Matheus Fraga de Araujo,≤100
196548557024498,FACESP - Federação das Associações Comerciais do Estado de São Paulo,Facesp,≤100
112091281541899,Foco Na Música,These ads ran without a disclaimer,≤100
103974175946044,safraleiloes,These ads ran without a disclaimer,≤100
1032715603539066,SOS  Brasil Soberano,Sindicato dos Engenheiros no Estado do Rio de Janeiro,≤100
1500495686862218,Acacio Miranda,Acacio Miranda,≤100
293937259066545,foconaaposentadoria,These ads ran without a disclaimer,≤100
1543051279253905,Editora Vestígio,Editora Vestígio,≤100
116566381454446,shmoraisss.anki,shmoraisconcursos,≤100
101466442828530,Escola dos Políticos,LP Marketing Político e Marketing Eleitoral,≤100
111648137816488,IEPfD Instituto de Estudos e Pesquisas para o fortalecimento da Democracia,IEPfD - Instituto de Estudos e Pesquisas para o fortalecimento da Democracia,≤100
101136066234268,Andre Luis da Silva Campos,These ads ran without a disclaimer,≤100
396626607095420,Magda Mofatto,Magda Mofatto,≤100
863231400430276,Que conta é essa,Que conta é essa,≤100
101996361629429,Virgílio Mendonça,Virgílio Mendonça,≤100
109114962204449,Manual do Vereador 2024,Manual do Vereador 2024,≤100
112171221915335,Vereador Claudio Janta,Claudio Janta,≤100
375961972835683,Gilmar O Mirandinha,Gilmar O Mirandinha,≤100
104019725526179,SC.Corporation,These ads ran without a disclaimer,≤100
113948618280845,MGD Digital,These ads ran without a disclaimer,≤100
122144860798759,Feirão Limpa Nome,Feirão Limpa Nome,≤100
105686977578936,Clovis Renato - Direitos,These ads ran without a disclaimer,≤100
101928459402878,Show Money,NATURALE HEALTH PRODUTOS NATURAIS,≤100
1653956114889863,RADAR - Gestão para Advogados,These ads ran without a disclaimer,≤100
462223517218816,Vinicius Carvalho,Vinicius Carvalho,≤100
108869335542665,The Energia Solar,These ads ran without a disclaimer,≤100
1623079434589666,Memed,Memed,≤100
108726882200842,Iceberg Podcast,Iceberg Podcast,≤100
114619128302503,nayaralopesf,These ads ran without a disclaimer,≤100
112665401856472,Abins,These ads ran without a disclaimer,≤100
1317691638293651,Caxiasnet,These ads ran without a disclaimer,≤100
108581585539880,vivekanandameireles,These ads ran without a disclaimer,≤100
1033613636794626,Edna Sampaio,Edna Luzia Almeida Sampaio,≤100
102551538798020,Historiadelas,Historiadelas,≤100
444117346371939,Ivo Neto,Ivo Neto,≤100
153278282047297,Portal Vade News,These ads ran without a disclaimer,≤100
109359807904005,Movimento Pessoas à Frente,Movimento Pessoas à Frente,≤100
506417589696816,Asbraf,ASBRAF,≤100
100368069403722,Litto Lima,These ads ran without a disclaimer,≤100
113650866857533,Diversitera,Diversitera,≤100
642933639124007,Joaquim Guilherme,Joaquim Guilherme,≤100
102214764600761,Conselho Federal dos Representantes Comerciais,Conselho Federal dos Representantes Comerciais,≤100
723230227842589,Câmara Municipal de Sorriso,CAMARA MUNICIPAL DE SORRISO,≤100
367316530330861,SinHoRes Osasco - Alphaville & Região,SinHoRes,≤100
676018995800125,Edilson Massocco,Edilson Massocco,≤100
101252195962370,Cuidadores do Ervino,These ads ran without a disclaimer,≤100
1426465500959786,Renova Contábil,These ads ran without a disclaimer,≤100
108926553805185,Biossegurança Estética,These ads ran without a disclaimer,≤100
114980051527956,Vanguarda Do NORTE,ZARA PUBLICIDADE LTDA,≤100
488522157948560,Sebastião Rezende,Sebastião Rezende,≤100
159394350833983,Diário do Comércio,Diário do Comércio,≤100
113427331749644,barbaridadehistorica,These ads ran without a disclaimer,≤100
102395734972653,Eduardo Sanches,Eduardo Sanches,≤100
105935241815920,Sinsdetran/MA,Sinsdetran/MA,≤100
214951818607467,Tamer Junior,Tamer Junior,≤100
115449086912280,Eduardo Cursino,Eduardo Cursino,≤100
556857124396136,Sindisaúde - RS,Sindisaúde-RS,≤100
101778129634471,geopoliticaemdebate,These ads ran without a disclaimer,≤100
111190528389354,Movimento da Convivência,These ads ran without a disclaimer,≤100
257253784375215,Frases de Reyck Lovis,Frases de Reyck Lovis,≤100
1433929133492494,Renata Abreu,Renata Hellmeister de Abreu,≤100
107926134331509,Hemerson Máximo,Hemerson Máximo,≤100
296598611181178,American Trading Academy - Brasil,These ads ran without a disclaimer,≤100
1033864016716767,Trabalho Notável,These ads ran without a disclaimer,≤100
1435540446680839,Anadem - Sociedade Brasileira de Direito Médico e Bioética,Sociedade Brasileira de Direito Médico e Bioética - ANADEM,≤100
153628338095740,Zé Nunes,Zé Nunes,≤100
103921808519498,cruxen_advogados,These ads ran without a disclaimer,≤100
161205987764897,Dr. Júlio,Dr. Júlio,≤100
105524541062291,Seja Democracia,These ads ran without a disclaimer,≤100
107284055290696,Júlio Rufino,Júlio Rufino,≤100
582678941809143,Delegada Martha Rocha,Martha Mesquita da Rocha,≤100
102384321716297,Advocacia Cortona e Ranieri,Advocacia Cortona Ranieri,≤100
1111649495517188,Dilemário Alencar,Dilemário Alencar,≤100
100307022778179,Tudo nosso nada deles,These ads ran without a disclaimer,≤100
359545214736234,Fundação Podemos,These ads ran without a disclaimer,≤100
157403084610512,Vereador Filipe Marchesi,Vereador Filipe Marchesi,≤100
1931989763744839,Gilson Marques,Gilson Marques,≤100
109583428661689,Associação Monteiro Solidário,These ads ran without a disclaimer,≤100
113401851693860,Política Sincera,Política Sincera,≤100
653759671916518,Edemilson Marino Prefeito,Edemilson Marino,≤100
221746064961162,Laudiceia Miranda,These ads ran without a disclaimer,≤100
626481220809332,TDP WINES,These ads ran without a disclaimer,≤100
456485074374104,Sindipetro SP,SINDICATO DOS TR NAS IN DE EX PE PR RE DE AR DI E TRA ATRAVES DE DU E IM DE PE DE E SI DOS EST DE SP GO E D FEDERAL,≤100
127789930632668,Conectas Direitos Humanos,ASSOCIAÇÃO DIREITOS HUMANOS EM REDE,≤100
105405794493123,Delta pra Delta - Mentoria para concursos,These ads ran without a disclaimer,≤100
971716929540046,Rubinho Nunes,Rubinho Nunes,≤100
107480040732904,DigitalFlow Management,DigitalFlow Management,≤100
107556142387206,lojastudou,These ads ran without a disclaimer,≤100
109785372399873,IAB - Instituto dos Advogados Brasileiros,Instituto dos Advogados Brasileiros,≤100
107833437414945,BSBTimes,ROGÉRIO CIRINO PRODUÇÕES ARTÍSTICAS EIRELI,≤100
2053204664939272,Facilita Pré Concurso,Facilita Pré Concurso,≤100
212409802106965,ANDI - Comunicação e Direitos,ANDI Comunicação e Direitos,≤100
1385478111751673,Revolução Socialista - PSOL,Revolução Socialista - PSOL,≤100
116251471454736,Fazuély MisiraviL,These ads ran without a disclaimer,≤100
251938781998291,Iede,These ads ran without a disclaimer,≤100
813615022023685,Marcio Nunes,Marcio Nunes,≤100
106919712316974,marinafono_infantil,These ads ran without a disclaimer,≤100
306378149952222,Matheus Utsch Vereador PL,Matheus Utsch Vereador PL,≤100
102499684669319,Márcio Lemos,Márcio Lemos,≤100
760561963985631,Luiz Marenco - Deputado Estadual,Luiz Marenco - Deputado Estadual,≤100
859405214075157,InfoAmazonia,These ads ran without a disclaimer,≤100
115874728116848,Jordan Santana,These ads ran without a disclaimer,≤100
173698339802515,Rafael Brito,Rafael Brito,≤100
745747685490262,Palhaço Picolé,These ads ran without a disclaimer,≤100
1338230009552408,Randoncorp,These ads ran without a disclaimer,≤100
263018824273789,Vereador Paulo Rodrigo,Vereador Paulo Rodrigo,≤100
102529859430804,Método Fast IA,Método Fast IA,≤100
314201762284041,Fundação Friedrich Ebert - Brasil,Fundação Friedrich Ebert - Brasil,≤100
203183283123762,Empiricus,These ads ran without a disclaimer,≤100
100114268507784,Becka's Moda,These ads ran without a disclaimer,≤100
636206153090073,Márcio Araújo,Márcio Araújo,≤100
1581646895404044,SINTSAÚDERJ - Sindicato dos Trabalhadores no Combate às Endemias no RJ,These ads ran without a disclaimer,≤100
100620626270363,Leonardo Liébana,These ads ran without a disclaimer,≤100
1731257107093456,Prof Helton Kramer,Prof Helton Kramer,≤100
102487029179841,Rubem Ur Rocha,These ads ran without a disclaimer,≤100
532685216941863,Daniel do Irineu,Daniel do Irineu,≤100
104202962384264,República dos Patos,República dos Patos,≤100
185045679113900,Hiato Conteúdo Digital,These ads ran without a disclaimer,≤100
1489658954630315,Subúrbio Tattooing,These ads ran without a disclaimer,≤100
104540362693248,pluraisdiep,These ads ran without a disclaimer,≤100
1531312407085067,Rafaela Camaraense,Rafaela Camaraense,≤100
516677798446591,TN tráfego pago,These ads ran without a disclaimer,≤100
115587478122477,Jonathan Angelo,Jonathan Angelo Alves,≤100
197074800315828,Instituto Velho Amigo,Instituto Velho Amigo,≤100
113310101666844,carangolasocial,These ads ran without a disclaimer,≤100
452258221489387,Velhos Malandros,These ads ran without a disclaimer,≤100
152581414866887,"Moreno, Paulino & Soares Advogados","Moreno, Paulino & Soares Advogados",≤100
210467206143608,Portal de Prefeitura,Portal de prefeitura,≤100
2079006738800190,Jozane Faleiro,These ads ran without a disclaimer,≤100
1437374416496807,MSTL - Movimento Sem Terra de Luta,MSTL - Movimento Sem Terra de Luta,≤100
105409475569811,AO Recon Latin America,These ads ran without a disclaimer,≤100
100440424845197,Advocacia Previdenciária do zero - Prof. Thony Rennan,These ads ran without a disclaimer,≤100
103145949490495,Patrizia Cardoso,These ads ran without a disclaimer,≤100
413293045521944,Suender - Vereador  Anápolis/GO,Suender Teodoro da Silva,≤100
110835588245024,MCenther,These ads ran without a disclaimer,≤100
800421053400879,Fábio Carleto,Fábio Carleto,≤100
105656279253852,Ultimas Notícias,These ads ran without a disclaimer,≤100
1008846355811866,Lincoln Reis,Lincoln Reis,≤100
409733062460769,Beth Sahão,Beth Sahão,≤100
104991921855269,advocaciapedrocosta,These ads ran without a disclaimer,≤100
119919573133150,Cristiano Silva,Cristiano Silva,≤100
610036125809616,Portal Lunetas,These ads ran without a disclaimer,≤100
456485074374104,Sindipetro SP,These ads ran without a disclaimer,≤100
106858795714327,thiagomenezespe,These ads ran without a disclaimer,≤100
780064122098434,Vereador Claudinho Neves,Vereador Claudinho Neves,≤100
107553494156169,Marcelo Giovanini,Marcelo Giovanini,≤100
100268094868374,CEBAS Consultoria,These ads ran without a disclaimer,≤100
130635826965893,Artesol,Artesol – Artesanato Solidário,≤100
949392571743965,Folha Regional,These ads ran without a disclaimer,≤100
471321039605266,Adilson Junior,Adilson Junior,≤100
1992998417602130,Marco Antonio Lima,Marco Antonio Lima,≤100
2227398574204658,Suzano TV,Grupo Folha 12 - Suzano TV de comunicação,≤100
297060357313900,Prof. Claudio Fonseca,Prof. Claudio Fonseca,≤100
100231238751372,Michely Borges Advogada,These ads ran without a disclaimer,≤100
109335984984755,Escrithas UFF,These ads ran without a disclaimer,≤100
94759429645,Fundação Telefônica Vivo,These ads ran without a disclaimer,≤100
108317932068535,Alexandre Vieira Affonso,These ads ran without a disclaimer,≤100
100291142543303,ricjatoba,These ads ran without a disclaimer,≤100
102644869567149,Conti Coisas,These ads ran without a disclaimer,≤100
453401278092959,Aprovação PGE,These ads ran without a disclaimer,≤100
115602368180674,Afèfé Sisé -criação em Performance Afro,These ads ran without a disclaimer,≤100
1544903485815344,Carla Ayres,Vereadora Carla Ayres,≤100
320910192098867,Ufficio in Sensa Comunicação,Sensa Comunicação,≤100
103105899136823,quitanda.literaria,These ads ran without a disclaimer,≤100
112465838412635,MG2 Mármores e Granitos,Mg2 Mármores e Granitos,≤100
730963827020262,Ouse Saber,These ads ran without a disclaimer,≤100
1624058497849824,Felipe Michel,These ads ran without a disclaimer,≤100
460793137817855,Dr. Alex Cavalcante,These ads ran without a disclaimer,≤100
106978579032886,João Pedro,These ads ran without a disclaimer,≤100
158894974200303,Vitor Lippi,Vitor Lippi,≤100
109578030864443,advogadogustavomiranda,These ads ran without a disclaimer,≤100
365501063558363,Prefeitura de Florianópolis,These ads ran without a disclaimer,≤100
106259335827341,secult.marmelopolis,These ads ran without a disclaimer,≤100
112638585090860,claudiosantosth,These ads ran without a disclaimer,≤100
364786703634183,Prefeitura de Angélica - MS,Prefeitura de Angélica - MS,≤100
170196033315118,Vereador Ulisses Marins,Vereador Ulisses Marins,≤100
197940137267828,Luiz Zacarias,Luiz Zacarias,≤100
479089705503936,Dep. Ricardo França,Ricardo Longatti França,≤100
100833344855408,Rogério Amorim,Rogério Amorim,≤100
115839384787476,nascimentoadvocaciape,These ads ran without a disclaimer,≤100
717377738399439,Painel Brasil,PAINEL BRASIL,≤100
1481798875472193,Paulo Cezar Martins,Paulo Cezar Martins,≤100
109902598487955,cassiano_oficialdm,These ads ran without a disclaimer,≤100
1729080530702072,Roberto Naves Prefeito,Roberto Naves Prefeito,≤100
106014212181380,psicovitoriacsomacal,These ads ran without a disclaimer,≤100
103670478487349,segurosemsegredo,These ads ran without a disclaimer,≤100
462919400408185,Aparecido Inácio e Pereira Advogados Associados,These ads ran without a disclaimer,≤100
554603237933787,Julia Vidal .: Moda afro indígena brasileira,Julia Vidal Etnias Culturais,≤100
104338447746942,Ricardo Melchiades,These ads ran without a disclaimer,≤100
423779541425056,Vereador Roberto da Quadra,Vereador Roberto da Quadra,≤100
1684703675113186,CBI of Miami,These ads ran without a disclaimer,≤100
102526121716727,Talk com Wang,Talk com Wang,≤100
752324974855919,Abramge,These ads ran without a disclaimer,≤100
121979310824341,Instituto de Oftalmologia Castilh,These ads ran without a disclaimer,≤100
1481420282167459,Fabiano da Luz,Fabiano Da Luz,≤100
1924473111101782,Moises Rabinovici,These ads ran without a disclaimer,≤100
104844171820023,rio.vinialves,These ads ran without a disclaimer,≤100
102269642043444,Proffilippeaugusto,These ads ran without a disclaimer,≤100
2419372891669210,MS em Brasília,MS em Brasília,≤100
102916335978405,vilmarcappellaroof,These ads ran without a disclaimer,≤100
1474026932838483,Ivana Bastos,Ivana Bastos,≤100
106544335762663,fattopolitica,These ads ran without a disclaimer,≤100
106672185132387,Atual Vivo pra isto,These ads ran without a disclaimer,≤100
109374032158676,Grau P.  Ilha do Governador,These ads ran without a disclaimer,≤100
271070706391564,Prefeitura de Paraíso do Tocantins,Prefeitura de Paraíso do Tocantins,≤100
314195252119626,Alan Martins,These ads ran without a disclaimer,≤100
279806108818817,Karla Alves,These ads ran without a disclaimer,≤100
100278135680139,Ribus,These ads ran without a disclaimer,≤100
105445725945612,Pra Frente Cremers,Pra Frente Cremers,≤100
485434228470137,Tenente Coimbra,Deputado Estadual Tenente Coimbra,≤100
104387252334800,fabioxavierpi,These ads ran without a disclaimer,≤100
101240869203537,sbgf.geof,These ads ran without a disclaimer,≤100
108417922309847,deolhonainclusao,These ads ran without a disclaimer,≤100
1617689705130171,Andrade Maia Advogados,These ads ran without a disclaimer,≤100
104655472614929,Fabiano Cabral Dias,Fabiano Cabral Dias,≤100
102333582592876,fabio_cammarota,These ads ran without a disclaimer,≤100
113815861646309,mariaecamaral.adv,These ads ran without a disclaimer,≤100
128312973585438,Dona Lourdes,These ads ran without a disclaimer,≤100
793617707432860,Cabo Rubinho,Cabo Rubinho,≤100
1634260070223161,Rodrigo FarmaDic,Rodrigo FarmaDic,≤100
489880617787228,Adriano Alves,Adriano Alves,≤100
105813925351547,crecheescolacantofeliz,These ads ran without a disclaimer,≤100
1985136638435931,PixelBees,These ads ran without a disclaimer,≤100
110223675118480,Jornal Impacto Cotia,Jornal Impacto Cotia,≤100
1520747971516743,Dep. Estadual Ricardo Madalena,Deputado Ricardo Rossi Madalena,≤100
530834034026400,Uniatitude,These ads ran without a disclaimer,≤100
526405324195191,Programa Criança e Natureza,These ads ran without a disclaimer,≤100
191591598062172,Duda Ramos,Duda Brito Ramos,≤100
108821078377320,Gabarita Marinha,These ads ran without a disclaimer,≤100
2057407467820878,CaféComPolítica,CaféComPolítica,≤100
102088105511034,Marcia Renckel,Marcia Renckel,≤100
108625789179165,Soi Dog Foundation,These ads ran without a disclaimer,≤100
216650141692498,DEIDO BOY MAGAZINE,These ads ran without a disclaimer,≤100
100209806237934,HillGilstraptexas,These ads ran without a disclaimer,≤100
108022475508329,PromoveConsult,These ads ran without a disclaimer,≤100