﻿Page ID,Page name,Disclaimer,Amount spent (USD),Number of ads in Library
101158798961328,Suzi Barbosa,Suzi Barbosa,≤100,3
104050689270424,Liberty & Justice,These ads ran without a disclaimer,≤100,1
250305668489402,Professor Kenny,These ads ran without a disclaimer,≤100,1
1473321922884514,Chińskie Radio Międzynarodowe,These ads ran without a disclaimer,≤100,1
102635655320437,Number Match - Logic Puzzle Game,These ads ran without a disclaimer,≤100,2
130369030334301,KidsRights,These ads ran without a disclaimer,≤100,1
180520171996876,IslamInSpanish,These ads ran without a disclaimer,≤100,1
411678622607999,China International Import Expo,These ads ran without a disclaimer,≤100,1