﻿Page ID,Page name,Disclaimer,Amount spent (INR)
117426084569698,Unfiltered Jammu Kashmir,Unfiltered Jammu Kashmir,3674
404746486258732,Project Nanhi Kali,Project Nanhi Kali,1844
326102339565,Oxfam India,Oxfam India,709
592025620827002,Choudhary Lal Singh,Divya Suraj Partap Singh,499
104516512296314,Kartikeya Sharma,Adv Tech,481
110555385263382,Jaagta Jammu,jaagtajammu.com,443
109986065209042,Mera Apna Rahul,MeraApnaRahul,392
170484126349815,Indian Cancer Society,Indian Cancer Society,369
111868911739828,Ghulam Nabi Azad Fans,Advertiseyouonline,237
110046725117316,Safeer Choudhary,Ashish Sapolia,236
102218576103904,Badlaav ki Aandhi Priyanka Gandhi,Badlaav Ki Aandhi Priyanka Gandhi,224
1622408948038140,Bandhan Bank,These ads ran without a disclaimer,204
101566225414298,Innovation Mission Punjab,Innovation Mission Punjab,201
385066518260726,Advocate Ishant Gupta,Ishant Gupta,172
1433526693616228,Himachali Rishta - हिमाचली रिश्ता डॉट कॉम,Himachali Rishta - हिमाचली रिश्ता डॉट कॉम,157
1954072204870360,NEWJ,Anant Bhardwaj,138
30290552843,Greenpeace India,Greenpeace India Society,136
201156146959026,Mohinder Bhagat,Mohinder Paul,131
479998865355592,Aditya Birla Group,Aditya Birla Group,125
105011357950621,Gaurav Gupta,Rodiex Services LLP,120
107395897271506,Kutumb,Swatantra Verma,101
1450629991853191,Arvind Gupta,Arvind Gupta,≤100
526222491203445,The Chaupal,Adv Tech,≤100
746568209028564,Dr. Basu Eye Hospital,Dr. Basu Eye Hospital,≤100
110115671863420,Kacche Din,Kacche Din,≤100
132480390432415,Jindal Stainless Solutions,Chariot Media,≤100
101056732504706,Punjab BOLDA -Television,Gursharan Singh Sandhu,≤100
390976557590103,I Support Narendra Modi,I Support Narendra Modi,≤100
174283119250672,Save the Children India,Bal Raksha Bharat,≤100
667862236707254,Rohit Kumar Singh,Arshad Ansari,≤100
1535221630039925,Dr. Bhagwat Karad,Bhagvat Kisanrao Karad,≤100
241940555912671,Chandigarh University,Chandigarh University,≤100
674757045920691,Jayadev Galla,Aditya Vemulapalli,≤100
350558792662542,Neeru Yadav,Parveen,≤100
105671775473178,Jan Suraaj,Jan Suraaj,≤100
270666596375251,Jhatkaa.org,Jhatkaa.org,≤100
100735178208398,Udyami India,Samadhan Samiti,≤100
165714096933078,Piyush Goyal,Piyush Goyal,≤100
105291110825687,Dr. Chandan Yadav,Yash Bagh,≤100
148931718592314,Tarun Chugh,Adv Tech,≤100
33497111948,Child Rights and You,Child Rights and You,≤100
373495509407731,Vriksham - Pregnancy Care Education,These ads ran without a disclaimer,≤100
369063569936141,Lung Care Foundation,Lung Care Foundation,≤100
108861325372008,Bharat Bhagya Vidhata,BharatBhagyaVidhata,≤100
243524299157863,Pushkar Singh Dhami,Pushkar Singh Dhami,≤100
102447714973094,Yusuf Salahuddin,Yusuf Salahuddin,≤100
109141098395573,Inclusive Minds,Inclusive Minds,≤100
204318116677554,National Herald,National Herald,≤100
605390272841833,Shrirang Appa Barne,Abhay Balu Ahire,≤100
107395897271506,Kutumb,Kutumb App,≤100
872654896183648,Tata Trusts,These ads ran without a disclaimer,≤100
165227637400043,Mahant Balaknath Yogi,TrendyFeeds,≤100
165227637400043,Mahant Balaknath Yogi,TrendyFeeds,≤100
21169267101,Give,Give,≤100
102123079337554,International Society for Krishna Consciousness,ISKCON Delhi,≤100
111317665179593,Kashmir Observer - Videos,These ads ran without a disclaimer,≤100
102106021886833,A K Sharma,Harish Sahrawat,≤100
103782051383159,School of Politics,School of Politics,≤100
1919641618278971,Sachin Chaudhary,Satish Kumar,≤100
102964555630139,Meghalaya with Conrad,Meghalaya with Conrad,≤100
788386614603338,KROSS BIKES,These ads ran without a disclaimer,≤100
108437191907485,Replanet,Prabhindar Singh Chopra,≤100
1427837557497343,Jayesh gupta,Jayesh Kumar,≤100
171538063001636,Global Punjab TV,Navdeep Singh,≤100
315526695589912,Channel IAM -English,Raveendran Nair  Jayakrishnan,≤100
324431637935197,We Support Narendra Modi,Adv Tech,≤100
109022618722480,Prof. Nasir Ahmed,Prof. Nasir Ahmed,≤100
142752549111246,Construction World Magazine,Asapp Info Global Services Pvt. Ltd,≤100
102571638081024,Vipra sena,Pawan Kumar Sharma,≤100
137192210235379,देशभक्त भारतीय,Adv Tech,≤100
283050962056557,Rohit Sardana and Sudhir Chaudhary Fan Club,Adv Tech,≤100
301482743520742,Aseem Gupta,Rani Devi,≤100
1587626031546593,Village Square India,These ads ran without a disclaimer,≤100
667560657014524,Mahendra Singh Solanki,Nitesh Tiwari,≤100
103251851710926,Akula Srivani,Anjan Kumar Akula,≤100
114331084875398,Arjun Passi,Aksh Bhargava,≤100
110561101748520,ronitsaab02,These ads ran without a disclaimer,≤100
1785302198354679,Dr. Somendra Tomar,Somendra Singh,≤100
108209555020383,B somashekar,RMT,≤100
525464697504061,Sardar VM Singh,Virinder Mohan Singh,≤100
234910573228520,Chhattisgarh Tourism,Chhattisgarh Tourism,≤100
285029500623,CARE India,CARE India,≤100
216506801885954,Pankaj Chaudhary,Yash Bagh,≤100
1493467387573959,Ghulam Nabi Azad,Advertiseyouonline,≤100
642996226201566,Sudhakar Shrangare,Aslam Afroz Kazi,≤100
1644165492504830,Ramoji Gowda,Ramoji Gowda,≤100
330653920296895,Bhagyashree Holistic Astrology,These ads ran without a disclaimer,≤100
100460032153199,Jagmohan Singh Raju,Akshta Agrawal,≤100
577856385582447,Raghu Sharma,Kanishk Bansal,≤100
104416232559434,Hennur Pulikeshi,Click Digital Marketing Services,≤100
104841141528181,Rural Voice,These ads ran without a disclaimer,≤100
105824457802200,The Khabarsaar,Amandeep Singh,≤100
186384718807381,Daya Singh,Daya Singh,≤100
179765292047054,Manickam Tagore,Kathiresan K,≤100
108410747409311,Vivek Raj,Vivek Raj,≤100
101559751704648,Utsav App: Devotion & Festivals,These ads ran without a disclaimer,≤100
1783001841927248,Nutan Odisha,Cloud & Loud Communications,≤100
1924627484438235,Arlak Ayurveda,Swati Dhiman,≤100
339835596096353,Satish Poonia,Choudhary Ramesh Chaudhary,≤100
1088373891289696,Kamal yadav,Akash Singh,≤100
102710804961947,Patanjali Nutrela Products,Saura Bh Sin Gh,≤100
104718925536907,rightarmleftist,These ads ran without a disclaimer,≤100
385658441549334,Deepak Bhati Chotiwala,Dipak Bhati,≤100
385303288239154,Raghuveer Singh Tanwar,Raghuveer Singh Tanwar,≤100
112290388372786,Shubham Yadav,Shubham Yadav,≤100
108371188834418,Bagwahwar Dham Sarkar,These ads ran without a disclaimer,≤100
1703018979921668,Vishram Gurjar,These ads ran without a disclaimer,≤100
214875725850773,Wehindustan News,Wehindustan News,≤100
157300124326821,Arlak Biotech,Swati Dhiman,≤100
695738973874352,Dr. Sumer Singh Solanki,Sumer Singh Solanki,≤100
112475780481777,Bahadur Singh Chouhan,Manoj,≤100
276512419511205,Kathi Karthika,Policy Briefcase,≤100
507635355915357,Hindustan Zinc Limited,These ads ran without a disclaimer,≤100
195167817324812,Pawan Khera,Indian National Congress,≤100
994578073995343,B. L. Verma,Sourabh Arvind Dubey,≤100
1651727365046605,Pukh Raj Parashar,Pukh Raj Parashar,≤100
116824130588533,গণনাদ,These ads ran without a disclaimer,≤100
107153958711155,South First,south Fist,≤100
524665794408050,CASA,Arushi Narchal,≤100
104119764974972,BM Sukumara Shetty Kollur,BM Sukumara Shetty Kollur,≤100
109066315147120,News Temple,Jainendra Agrawal,≤100
100380065910449,Nikita Group,Nikita Group,≤100
474751009223949,Jaipur Literature Festival,Teamwork Arts Private Limited,≤100
112061804808512,Sports Development Authority of Bihar - SDAB,Ajit Kumar,≤100
109336528365298,cancerkadoctor,These ads ran without a disclaimer,≤100
100684609345673,म्हारा छोरा,adv-tech,≤100
105813284380310,Dee4unews,Deepak Kumar Bhandari,≤100
107280297380583,Rafan,These ads ran without a disclaimer,≤100
112245054862768,Climate Fact Checks,These ads ran without a disclaimer,≤100
892715324214105,Nitendra Singh Rathore,Kumar Ratnam Sharma,≤100
271711770069401,सुरेश धाकड़ राठखेड़ा,Gajendra Verma,≤100
104939532483223,Shri Badal Choudhury,Rupali Deb,≤100
107648861401368,IBN 24x7 World,Rahul Beri,≤100
107864648831408,Nammavar Kamal Haasan,Nammavar kamal hassan,≤100
373869479842506,Kuldeep Singh Rathore,These ads ran without a disclaimer,≤100
108528118544338,Amader Pabiacherra / আমাদের ৫০ পাবিয়াছড়া বিধানসভা,Tripurapolitics.in,≤100
132689140088396,smilefoundation,Smile Foundation,≤100
100261681984666,S P Tyagi Pintu,Mahesh Dawara,≤100
100953371725973,Nalin Hooda,Nalin Hooda,≤100
2148832695374789,Dharam Vir Dhindsa Advocate,These ads ran without a disclaimer,≤100
371431979647138,Rajesh Tantri,Rajesh Tantri,≤100
1171462299729165,Sandeep Singh Deswal,Navdeep Sehrawat,≤100
152154292012572,Navjivan,Navjivan,≤100
132430276857604,Muralidhar Rao,Bipin,≤100
101817042688378,M.P. Nagarajan,Pattan Nagarajan,≤100
704847062939121,Ranbir Nandan,Ranbir Nandan,≤100
102161921182493,Ram Niwas Garg,Ram Niwas Garg,≤100
106453702174921,बंजारा समाज - दिग्रस दारव्हा  नेर,Akash Ramesh Waghchoure,≤100
103128038354073,NRI CELL BJP Haryana,Navdeep Sehrawat,≤100
102297601605813,Uttampal Singh Purni,Uttampal Singh Purni,≤100
550287678727831,Bharath Reddy Ravula,Bharath Kumar Ravula,≤100
104594334484048,Rajat Ullagaddimath,Gundala Rahul,≤100
381937732180611,Vineet Joshi,Vineet Joshi,≤100
1360805680600676,Sandeep Kshirsagar,Yogesh Padmakarrao Pawar,≤100
123900254903525,Rahul Singh Lodhi,Rahul Singh Lodhi,≤100
451812812005455,Himadri bhatnagar,These ads ran without a disclaimer,≤100
414822692663213,Anurag Vishwanath Sharma,Yogesh Raikwar,≤100
106182825670967,Gigur Myrthong,Rupali Deb,≤100
104941881435891,Advocate Jaherul Islam,These ads ran without a disclaimer,≤100
528144820729879,Pramod Sehwag,Vikas Kumar,≤100
769092390172812,GirlsBuzz,These ads ran without a disclaimer,≤100
103447715984080,Devki Shah Foundation - Regd,Bhawana Negi,≤100
1319340718092759,Catch Foundation,These ads ran without a disclaimer,≤100
511725522329475,Sampurna Samachar Seva,Sampurna Samachar Seva,≤100
168228334032318,Sat Sharma CA,Naveen Sharma,≤100
1382038335401197,Bahujan Samaj Party,Amit Kumar Pal,≤100
108721748160943,Sanjay Gupta,Sanjay Gupta,≤100
1714627758756924,अशोक सिंह रावत -भाजपा,Susheel Kumar Garg,≤100
1408837089361736,Banappagari Venkat reddy,Banappagari Naren Sai Reddy,≤100
211316456818,Suveg Rathi,Mahat info tech,≤100
100183672985561,CSP ID Provider,Satyam Kumar Sahni,≤100
162115051234970,Dharmendra Singh Lodhi mla,Dharmendra Singh Lodhi,≤100
155184094662465,Kesineni Nani,Srinivas Kesineni,≤100
101247818926544,चौधरी नरेंद्र सिंह ब्लॉक प्रमुख गोंडा,चौधरी नरेंद्र सिंह ब्लॉक प्रमुख गोंडा,≤100
321228061382932,Pt. Shekhar Dixit,Websofy Software Private Limited,≤100
1345108368906054,Mla Ashok Uike,Mla Ashok Uike,≤100
283040485772796,Rakesh Singh Yadav,Mahat info tech,≤100
350880081913337,Sahdev Salaria,Rajesh Jaswal,≤100
1613686538669654,Ashok Singhal Foundation,Digital Xplode,≤100
102415843475683,Gaali Free India,These ads ran without a disclaimer,≤100
100195048804779,KRJ Bharath,Krishna Raghava Jayendra Bharath,≤100
104741622483190,Kimfa Sidney Marbaniang,Rupali Deb,≤100
100963116200702,Martin M. Danggo,Rupali Deb,≤100
107501421446303,Ramalingappa,Ramalingappa Ramalingappa,≤100
689591581145844,G B JyothiGanesh MLA,Kolala Siddalingappa Rakesh,≤100
104001385524847,Randhir Jha -  मेयर प्रत्याशी मधुबनी,Anu Jha,≤100
100574186258842,Adelbert Nongrum,Rupali Deb,≤100
107633428902012,pradhanmantri aawas Yojana,These ads ran without a disclaimer,≤100
101964264562944,Sanjay Singh Gangwar,Sanjay Singh Gangwar,≤100
362309980970515,Afsaana-Poets Column,Anmolika Watal,≤100
1133457670027548,Sarbjot Singh Saabi,Sarbjot Singh,≤100
672509046429068,Brahma Nand,Brahma Nand,≤100
1964648457141458,Shanthi Kumar,Mayurnath Matam,≤100
113351418298786,Renikton Lyngdoh Tongkhar,Rupali Deb,≤100
794348367359918,Bharath mudiraj,C Bharath Kumar,≤100
101258822830916,Jimmy.D.Sangma,Rupali Deb,≤100
110847490543428,Vipul Kumar Salwan,Vipul Kumar Salwan,≤100
112414770280026,HindAyan Cycling Race,Kishor Kisanrao Hinge,≤100
107278732219269,Thomas.A.Sangma,Rupali Deb,≤100
643001122724792,Shambhu Kumar,Punit Kumar Pandav,≤100
110775195162564,Deepa Seira,These ads ran without a disclaimer,≤100
1040170316105348,Sanjay M.L. Dhakar,Mahesh Kumar,≤100
268437163351102,Saurabh Srivastava,Saurabh Srivastava,≤100
112333551648886,Kalpana Bhatnagar,Ganesh Kumar,≤100
105790989036460,Saleng A Sangma,Rupali Deb,≤100
101610392620043,ITS Speciality Dental Clinic,ITS Speciality Dental Clinic,≤100
107545897823033,For Men India,Antara Das,≤100
110330611716054,Dr P.V Siddareddy MLA,Dr P.V Siddareddy MLA,≤100
981603711956127,Abdul Hafiz Malik,brandprogrammer,≤100
103556325989936,योगी राज,Hemant Singh Bisht,≤100
101417149506128,Mohendro Rapsang,Rupali Deb,≤100
101862884520636,Premier Energies,These ads ran without a disclaimer,≤100
106817644995582,The Social Prachar,The Social Prachar,≤100
213947398791863,Dhananjai Singh Khimsar,Dhananjai Singh,≤100
109391860938944,DishaShankar,Shankar Disha,≤100
617711705242584,Khabarwaale Tv,Parminder Singh Jatpuri,≤100
109626378647904,Brening A. Sangma,Rupali Deb,≤100
1393081727423694,Chandrupatla Sunil Reddy,Sunil Kumar Chandrupatla,≤100
110724078544459,Macmillan Byrsat,Rupali Deb,≤100
104465075863035,Hamletson Dohling,Rupali Deb,≤100
100896318010383,Dr. Ashish Deshmukh FC,Swapnil Sudhakar Narad,≤100
444000972398140,Dr. Ajay Dharam Singh,Ramkishan Singh Maninder Singh,≤100
109319748678034,Dikkanchi D Shira,Rupali Deb,≤100
928448863892029,RK Sinha,RK Sinha,≤100
114705141520196,Haddzy casino,These ads ran without a disclaimer,≤100
317042561720861,Sunil Deodhar,Sunil Deodhar,≤100
423874327718687,Vikas Bhagat Fans Page,Sandeep Mishra,≤100
182600871930746,Sujata Paul - India First,Sujata Paul,≤100
101332242841068,Jim M Sangma,Rupali Deb,≤100
100321805910320,Jamesons Info Solutions,Jamesons Info Solutions,≤100
113548794935725,Benedic Marak,Rupali Deb,≤100
1040170316105348,Sanjay M.L. Dhakar,Harishanker Dhaker,≤100
1932900346831325,Rajesh D Sanghvi,Rajesh Dineshchandra Sanghvi,≤100
1802523420012948,Pratap Singh Khachariyawas,Anirudh Sharma,≤100
1887212424905834,JB Ecotex- PET Plastic Recycler,JB Ecotex Limited,≤100
108372718774225,Samuel M. Sangma,Rupali Deb,≤100
110515455221825,Rakkam A.Sangma,Rupali Deb,≤100
109916533853207,AMIT KUMAR SINGH,Akash Singh,≤100
1626663520906810,NbliK,Abhishek Yadav,≤100
101460125428339,World Council for Women Rights - WCWR,Ramanadar Selvaganesan,≤100
102858672688717,Redvale,Akash Singh,≤100
100386762910841,Pankaj Srivastava - JIS,Pankaj Srivastava - JIS,≤100
106825905031150,"Nagar Palika Parishad, Hapur",Nitin Kumar,≤100
106527322327055,WIPE - Women in Private Equity and Enterprise by Radically Yours,These ads ran without a disclaimer,≤100
1433894153522813,Pramod Bhaya,Kapil Sain,≤100
586892648072232,Harjeet Singh,Hindsoft Technology Pvt Ltd,≤100
101357375492571,Vikas Kumar Vyas,Engitech Media,≤100
110690441891619,Timothy D shira,Rupali Deb,≤100
106313415317403,Shobhit Jaiswal,Sarvesh Shukla,≤100
103200525802861,Pradip Patil - प्रदीप पाटील,Pradip Baliram Patil,≤100
111227844982047,Yogi Akhleshwar Das,Sachin Raj,≤100
907380126044074,Vishwas Chaudhary,Vishwas Chaudhary,≤100
100408622352310,Mohit Yadav,Mohit Yadav,≤100
106261054498841,Advocate Rajat Bhargava,Rajat Bhargava,≤100
1966700650252559,Jitendra Sharma,Jitendra Kumar Sharma,≤100
111654838334899,सीताराम पोखरियाल,Akash Singh,≤100
1770518973014321,Kuldeep Vats,Click2Public Technologies OPC Pvt. Ltd.,≤100
100817604729634,Sohel ahmad,These ads ran without a disclaimer,≤100
1269633546399445,Khemchand Sharma BJP,Khemchand Sharma,≤100
140624336584770,Yogender Pal Singh Champawat,Akash Singh,≤100
163190160489585,Vasundhara Raje,Vasundhara Raje,≤100
1518866631735090,MLA Jarnail Singh,MLA Jarnail Singh,≤100
924791427628665,Sunil Kelanka,Shivendra Shailendra Tiwari,≤100
767805023307544,Santosh Kumar Singh BJP,Akash Singh,≤100
548452342279333,जनसेवक प्रमोद भाया,Kapil Sain,≤100
101713962007976,Amrit Mahotsav,Amrit Mahotsav,≤100
101948326130646,Story With RS,Bharat Saharan,≤100
273332066175444,Abhinandan Educational and Welfare Society,Ashish  Chauhan,≤100
115931624737211,ईजी.अमन सिकरवार भवनपुरा,Akash Singh,≤100
101613628900010,Smartway Wellness Pvt. Ltd.,Bhoomi Harendra Mistry,≤100
156305911727294,Ravinder Singh Negi,Shyam Sunder Singh Negi,≤100
1069257996457343,Dadisetty Raja,Vamsi Krishna Manipadi,≤100
2163983083861031,Atul Kapoor,Atul Kapoor,≤100
108317665490916,Satyen Srivastava,Naveen Singhal,≤100
104576522329562,Rishabh Jha,These ads ran without a disclaimer,≤100
804538566410307,Sudhindar Moond,Rohit Githala,≤100
113123373786875,Devender Nim,Anshul Sharma,≤100
104985694729728,Bheem Patel,Akash Singh,≤100
1384169104959232,Sardarbhai Chaudhari - BJP,Sardarbhai S Chaudhary,≤100
696682427199877,Udaysing Rajput - उदयसिंग राजपूत,Udaysing Sardarsing Rajput,≤100
102643838573054,Badam Devi Verma,Bhagwan Sahai Shyoran,≤100
100240102800860,डॉ. शिव मोहन सिंह,International Centre for Stem Cells Cancer and Biotechnology,≤100
172182742974160,Chunni Lal Sahu,Chunni Lal Sahu,≤100
105446072160586,Suprabhat Pragati,Akash Singh,≤100
419305594841863,Business Insider India,These ads ran without a disclaimer,≤100
108768127281142,Tech Vikas,These ads ran without a disclaimer,≤100
100469544979274,Nirav Shah,Nirav Shah,≤100
555009411337356,Sanjeev Goel Sikka,Himanshu Sharma,≤100
181418895366896,Ganesh Joshi,Mayank Joshi,≤100
108293074221501,Dr Ajay Singh - ज़िलाध्यक्ष भाजपा रीवा,Krantiveer Singh,≤100
285403455681355,Railway Children India,Railway Children India,≤100
140930379388330,Kishan Reddy Gangapuram,TechnoDigi,≤100
105465095794882,Ritu Pawar,Mandar Prasad Gawade,≤100
2078242259060363,Kukufm,Mohana Saha,≤100
222719048656244,Ved Prakash Ojha  IMC,Vivek Vashisth,≤100
112455577735638,Ashok Kumar,Arun Pratap Singh,≤100
374624255968280,Lokender Singh Rajawat,Kapil Sain,≤100
100485426184353,AJP,Manoj Kumar Singh,≤100
104160802532063,महाराष्ट्राची विकासगंगा,महाराष्ट्राची विकासगंगा,≤100
257916314892663,Kaustubh Narayan Misra,Kaustubh Narayan Misra,≤100
251547676770775,switchonindia,These ads ran without a disclaimer,≤100
102334668505691,Mukesh Kumar Chopra,Mukesh Kumar Chopra,≤100
1007918565944825,JayaPrakashBharat,Dornala Jaya Prakash,≤100
256050398281355,MD Chopdar,WEBTIX,≤100
108864437402638,Rinku kumawat,These ads ran without a disclaimer,≤100
111245651146736,आर्यावर्त आशीष,These ads ran without a disclaimer,≤100
169359970347416,India Health Wise,India Health Wise,≤100
537021156329658,Sukhbir Singh Jaunapuria,Pankaj Sharma,≤100
1846504055439672,Virat vlogs,These ads ran without a disclaimer,≤100
102091768921733,Ashok dubey bjp,Prashant Mahton,≤100
328392384265218,Hasmukh Gehlot,Hasmukh Mohanlal Gehlot,≤100
108920493878689,Gurmeet Singh Soora,Karandeep Kaur,≤100
104132784819840,Naryan Singh Narsot,These ads ran without a disclaimer,≤100
2691509044407025,Sankalp Shettar,Sankalp Jagadish Shettar,≤100
1929823443694918,Pardeep Lohan,Pardeep Kumar,≤100
469374213129239,Trehan Iris,These ads ran without a disclaimer,≤100
101913964674756,Pramod yadav प्रमोद यादव,Rishi Kumar Yadav,≤100
112132937023603,Nandlal Chauhan,Nandlal Chauhan,≤100
622412417896753,Shiromani Akali Dal Delhi,Harjap Singh Dhingra,≤100
100882521819883,Janmanch News,Devendra Kumar,≤100
764865110238987,Varinder Shah - Bulle Shah,Big Boys Consulting Private Limited,≤100
1849504638653413,Khabar Info,Sarvesh Shukla,≤100
101565746101514,Pooja Jaswani,Qazi Faraz Ahmad,≤100
834432743328746,Prakash Dwivedi,Prakash Chandra Dwivedi,≤100
105641591260871,Shyam Singh,Shyam Singh,≤100
109041710706538,Shankar Ninama Ghatol,Ganesh Thapa,≤100
101682891613754,Harish Bunkar,These ads ran without a disclaimer,≤100
1743147019302453,Parminder singh sandhu,Parminder Singh,≤100
250007248502240,Golu Shukla,Modi For PM Organization,≤100
1386155748352037,Dr D C Verma,These ads ran without a disclaimer,≤100
802311956513987,Rahul Singh,Rahul Singh,≤100
313259842689696,IAS Vishal Singh,Sandeep Kumar Sharma,≤100
102195525618194,বাংলা হান্ট,Banglahunt Digital Media Pvt. Ltd.,≤100
103088902327676,Dwarka Kunj,Rahul Tiwari,≤100
106412445020988,Samman afroz khan,Khandagre Sourabh,≤100
747930775373319,Saral Patel,Saral Patel,≤100
435129856992845,Shailendra Bhargava,Ganesh Thapa,≤100
1409940289249387,दिव्यांशु सिंह,These ads ran without a disclaimer,≤100
106802937934432,Padma venkat reddy,Banappagari Naren Sai Reddy,≤100
111152015053913,Star boys rj,These ads ran without a disclaimer,≤100
102838152104730,Bjp kisan Morcha punjab,Ashish Soni,≤100
475898282465005,Dr K Laxman,Vijay Kumar Tapadia,≤100
541307662707328,Dr. Bhajanlal Rollan,Narendra Singh Pachar,≤100
1715398485373895,Piyush Ranjan Nishad,Arun Pratap Singh,≤100
112299140114374,Narendra Singh,Arun Pratap Singh,≤100
111016951378962,Abhinav Thapar,Abhinav Thapar,≤100
863961040416615,Punit Verma पूर्व उपाध्यक्ष विश्व हिन्दू परिषद् काशी प्रान्त,Punit Varma,≤100
146702709146110,Ashu Singh Surpura,Ankit Kumawat,≤100
197799933601096,Pujya Shashi Prabha Ji,Madan Mohan Tiwari,≤100
135180180340322,Jitendra Verma,Arshad Ansari,≤100
111560924353656,Swetha Reddy,Rajendra Reddy Bhuvanagiri,≤100
1424790517764665,"Lucky Sahu भारतीय जनता पार्टी, प्रयागराज",Tejas Sahu,≤100
108984951723852,Mithlesh Malik,Naresh Kumar Shoeran,≤100
1783001841927248,Nutan Odisha,Niti Pollsters Private Limited,≤100
105352618893717,Shankar yadav,Shankar Lal Yadav,≤100
108232210915541,Agrawal S R & Associates,These ads ran without a disclaimer,≤100
108497578583588,Janpeace Live,Trishanu Kaushik,≤100
426868484184031,Vimal Katiyar,Sumeet Kumar,≤100
426854497508656,Dr.Phoolchand Bhinda,Phool Chand Bhinda,≤100
2370311926329271,Dr. Surendra Singh Shekhawat,Tanuj Singh,≤100
106394871443089,Amit Kumar Singh,Amit Kumar Singh,≤100
628497700506631,Rajendra Meena Shekhpura,Prakash Jaiswal,≤100
109440785244401,Red Pix 24x7,Felix Gerald G,≤100
342300295978073,Syed Afzal Abbas,These ads ran without a disclaimer,≤100
978736438816607,Neha Sarrvesh shukla,Sarvesh Shukla,≤100
100992536219420,Dr Chandrakant Anil Kranti,Akash Singh,≤100
294787978097959,Rakesh kumar Chattree,Arun Pratap Singh,≤100
478917072528895,Ankit Singh Chandel,Gagan Sahu,≤100
109696210400237,Jan Adhikar Morcha.,Akash Singh,≤100
105305651295841,Baba Parmanand Health and Wellness Pvt Ltd,These ads ran without a disclaimer,≤100
643216342792266,দেবাশিস পণ্ডা ভারতীয় Debasis Panda Bhartiya West Bengal,Debasis Panda,≤100
652494751574762,Pramod Jaiswal,Sarvesh Shukla,≤100
101846456136219,robi.khaira_,These ads ran without a disclaimer,≤100
104841141528181,Rural Voice,Rural Voice Media Private Limited,≤100
100935642733964,Hindi Khabar Digital,The Narrative Builders,≤100
1039557042789139,BJP Dadra & Nagar Haveli,Ashish Natwarlal Patel,≤100
101182734937029,Mazharul Haque jdu leader baruraj vidhansabha motipur Muzaffarpur bihar,These ads ran without a disclaimer,≤100
1938903423072824,Dr Nishant khare,Pankaj Kumar Pal,≤100
255040845056495,Shikha Mishra,Arun Pratap Singh,≤100
106378422059330,Himmat Singh Bharatpur,Jainendra Agrawal,≤100
111302621550855,Sadguru Mahadeo Kadam,These ads ran without a disclaimer,≤100
102010991748513,Ashish Patel,Ashish Natwarlal Patel,≤100
237168624905603,Chota Story,These ads ran without a disclaimer,≤100
102018225696367,वसीम राईन पसमांदा मुस्लिम महाज,Bhupendra Sharma,≤100
121286572595378,Harendra Ninama हरेंद्र निनामा,Ganesh Thapa,≤100
102351648972541,Ravi Kumar Mishra,Ravi Kumar Mishra,≤100
102751837801969,Vijendra Singh Bhamu,Narendra Singh Pachar,≤100
113356014587642,Anupam Sharma,Prashant Sharma,≤100
103609511145569,Jet digital brand management,Varun Shivpuriya,≤100
105870244728334,Lalit Batra,Lalit Batra,≤100
105001542244404,rahul.bharat.15,These ads ran without a disclaimer,≤100
1805949176373381,अलोक कुमार,Mayank Kumar,≤100
109618480745193,Rajiv Katyal Palwal,Rajeev Katyal,≤100
1406676006269693,Kedar Kansana,Arun Kumar Sharma,≤100
112934385452109,Kristu Jayanti College Autonomous,These ads ran without a disclaimer,≤100
229918548975944,Priyank Tripathi BJYM,Sarika Pandey,≤100
105530752376295,"Shiromani Akali Dal, Delhi Unit",Harjap Singh Dhingra,≤100
108159201571035,अरविन्द जायसवाल,Avadesh  Kumar,≤100
104418098717773,Navinder Ahluwalia,Navindersingh Daljitsingh Ahluwalia,≤100
1919641618278971,Sachin Chaudhary,Mahat Info tech,≤100
565714670143123,Ashok Saini,Engitech Media,≤100
1689646261257328,"अंकित मिश्रा ""राष्ट्रवादी""",These ads ran without a disclaimer,≤100
107992748196742,Surendra Singh Tomar,Surendr Sinh Tomar,≤100
1336863726383886,Gopal Lal Sharma,Ganesh Thapa,≤100
196338294250820,Rohit Gangwal,Modi For PM Organisation,≤100
295405070641302,Balraj Kundu,Pankaj Sharma,≤100
2610079412396734,Amaresh Rai,Amaresh Kumar Rai,≤100
111362581856611,Mohit Taing Bhardwaj अधिवक्ता श्री कृष्ण जन्मभूमि,Akash Singh,≤100
265267653816271,Devendraa K Sharma,Pankaj Sharma,≤100
361031561139301,Rakesh Jangir,Saurabh Singh,≤100
132806813793938,Paramjit Singh Sarna,Harjap Singh Dhingra,≤100
388569701617132,Vemula Prashanth Reddy,Avusharla Raju,≤100
102323545504609,Rama Chopra जिला प्रमुख जयपुर,Rama Chopra जिला प्रमुख जयपुर,≤100
106918065589700,Rofiqul Islam,These ads ran without a disclaimer,≤100
411581785652009,Karamjit Singh Rintu,Karamjit Singh Sandhu,≤100
393951120752155,Malladi Sandeep Kumar,Sandeep Kumar Malladi,≤100
104122195260035,Bharti Tarun Kaushik Bhaiya Ji,Tarun Kumar Kaushik,≤100
126099078056243,Aachman India,Aachman India,≤100
102616298277409,Afaque ahmad,Afaque ahmad,≤100
176666610656782,Vaishali tomar,Vaishali tomar,≤100
326243404670820,Mohammad Shariq,Shariq  Mohd,≤100
108531050841926,Shanu Yadav,Shanu Yadav,≤100
112814766940734,Mahesh Gaikwad,Pawan Baban Ahire,≤100
110967695146133,Govind Kumar Jain,Ganesh Kumar,≤100
423928144293931,Mahender Pratap Singh,Pankaj Sharma,≤100
100264849555644,Balasahebanchi Shivsena,Balasahebanchi Shivsena,≤100
107295154390475,अजय कुमार सिंह “टप्पू” Ajay Kumar Singh “Tappu”,Prakhar Singh,≤100
100282305463071,Aditya Narayan Tiwari,Aditya Narayan Tiwari,≤100
102461091191232,Vakati Narayana Reddy,K Sai Bharath,≤100
1149375478489344,Harvinder Singh Sarna,Harjap Singh Dhingra,≤100
106456887722695,Adesh Yadav BJP,Anil Kumar,≤100
105515161411695,Pankaj Singla,Anil Kumar,≤100
231512217793516,Ashok Goel Mangaliwala,Ashok Kumar Goel,≤100
111124304051135,Basic Home Loans,These ads ran without a disclaimer,≤100
536259386850684,Babu Singh,Rajat Kumar Parida,≤100
2156330694593998,Priyanka Pravin Barse,Mayur Satish Kadav,≤100
105762658743105,Deep Singh Vasuniya,Shiv Charan,≤100
1397767487148044,Jaidatta Kshirsagar,Jaydatta Sonajirao Kshirsagar,≤100
108536391949423,जनसेवक मंच,Pankaj Sharma,≤100
245675895557121,Pawan Goyal,Pawan Kumar Sharma,≤100
117709997892827,Youtube target 1k,These ads ran without a disclaimer,≤100
1002191723202473,Suresh Sindal,Suresh Kumar Sindal,≤100
327009747444640,Ayushi Shrimali,Akash Singh,≤100
100113008488735,Eknath Shinde FC,Eknath Shinde FC,≤100
100275759105809,Irfan Khan,Irfan Khan,≤100
100512571627874,Surendra Dotar - सुरेन्द्र दौतड़,Webtix,≤100
113914497400326,Baba Gazi Dass Ji Club Register Roper-PUNJAB,Devinder Singh Bajwa,≤100
103564305970423,Arvind Bhajipale,Arvind Keshaorao Bhajipale,≤100
269761569864265,Rao Padma,Kushal Reddy Rao,≤100
160666758117361,Pradip Dwivedi,These ads ran without a disclaimer,≤100
113369900454663,Jagan choudhary,Jagan Choudhary,≤100
1463405053879604,Baldev Alawalpur,Anju  Chaudhary,≤100
107217890971938,Tanu Yadav,These ads ran without a disclaimer,≤100
101453849339216,Kuntal Som,These ads ran without a disclaimer,≤100
106095411621229,Manoj Aruchamy,Manoj Aruchamy,≤100
107192855352262,Satbir Singh Kasana,Jagmohan,≤100
101124349528160,Shree Ummed Club Kota,Kapil Sain,≤100
113221617135066,Prerna Kalra,Prerna Kalra,≤100
118486457802712,Hemagirish Havinal,Giridhar Hiremath,≤100
103434492387110,BJP Karnataka Raita Morcha,Mohan Vidhyadhar Lohar,≤100
100189608970240,Pappu Tripathi,Shubham Rajesh Mishra,≤100
1479870168717602,Sanjeev Singh Rathore,Sanjeev Singh Rathore,≤100
101521235940655,Mukesh Tatwal,Chetan Joshi,≤100
102152441360906,Prakash Bhakar,Shiv Charan,≤100
112709838355954,Prachar99,Prachar99,≤100
930895676948627,Sanjay Kushram,These ads ran without a disclaimer,≤100
112411131645969,Shinde Saheb FC,Shinde Saheb FC,≤100
102734855379503,Beauty of the World,These ads ran without a disclaimer,≤100
780619092045549,Anand Yadav,These ads ran without a disclaimer,≤100
107946518029943,Sheelu Sahu,Naveen Singhal,≤100
102184012635065,lento_solar,These ads ran without a disclaimer,≤100
488445034624008,Saawan Sonkar,Shashikant Joshi,≤100
713416382011902,Sahil Shivaji Kedari,These ads ran without a disclaimer,≤100
110197854912974,Sonu Singh Garg,Pratik Garg,≤100
1607734579349513,Adv. Sandeep Dattu Katke,Adv. Sandeep Dattu Katke,≤100
234704393876570,Dr R K Verma,Rkverma,≤100
607252739670252,Dr. Prannay G Sharma,Kumar Ratnam Sharma,≤100
181032549148843,Dr. Ashwathnarayan Fan Club,Vinay Simha Krishna,≤100
104590325539529,Adv Harita Mehta Fan Club,Sandeep Kumar Rana,≤100
236500783397189,Kamlesh Paswan,Kamlesh Paswan,≤100
1760939410804220,Sudarshan Kumar,Sudarshan Kumar,≤100
1882711862044371,Er. Shashi Bhushan Rai - Gappu rai,Shashi Bhushan Rai,≤100
102325429272140,AITC Debasish Mukherjee,Arpan Saha,≤100
101637524564797,Pawan Hindustani,Naresh Kumar Shoeran,≤100
102531209428854,KBC lucky draw department,These ads ran without a disclaimer,≤100
423924598022376,Shankar Lalwani,Mayur Sethi,≤100
955423581222600,Ashutosh Pandey Bjp,Vivek Kumar Singh,≤100
102597425311635,Surya Pratap Singh,Surya Pratap Singh,≤100
2108726996065900,Bhawani Singh Rundal,Pawan Kumar Sharma,≤100
108954265044529,Amit Nagpal,These ads ran without a disclaimer,≤100
101711842844331,natraj pvt. ltd.,These ads ran without a disclaimer,≤100
109546308136398,Sankar Dutta - শংকর দত্ত,Bholanath Dey,≤100
245528646359816,Vipul Sharma,Pramender Kumar,≤100
455695858513825,Riyasatnama,Kumar Ratnam Sharma,≤100
111576633954789,Ashwani Sharma,Ashwani Sharma,≤100
378768795567538,Deepak tiwari bjp Vidisha,These ads ran without a disclaimer,≤100
1610180912621752,Dushyant Chaudhary,Jainendra Agrawal,≤100
748875405258424,Chetan Dudi,Ramkishor Bajroliya,≤100
1479086895672584,Sureshkumar Jethliya-सुरेशकुमार जेथलिया,Vaibhav Ganesh Chikhale,≤100
455697974986681,Bangla Hunt,Bangla Hunt,≤100
1978240835728263,Virendra Sharma Hawamahal,Pawan Kumar Sharma,≤100
104937075674394,The Narrative Builders,The Narrative Builders,≤100
346967155652729,Rajveer Diler,Kuldeep Sharma,≤100
695300434184553,Shashikant Dashora Page,Ganesh Kumar,≤100
106942281023549,Vinay Vilas Kadam,Vaibhav Vilas Kadam,≤100
106670418983139,rohit_kolankar_9000,These ads ran without a disclaimer,≤100
260452011000438,Vinod Tiwari,Vinod Tiwari,≤100
106654801667621,"Arti Sharma, Chairperson BDC Ghordi",These ads ran without a disclaimer,≤100
109986065209042,Mera Apna Rahul,Mera Apna Rahul,≤100
100955988374188,Shyambali Yadav,Prakhar Kashyap Singh,≤100
186280771833567,Deepak Pote,Lovekesh Ramesh Sirgaiyye,≤100
791996340811292,Dr Madhuri Borse,Vipul Jayantilal Bafna,≤100
521087391666842,Dr.Rajesh Babal,These ads ran without a disclaimer,≤100
100236486233099,Sunil Singh,These ads ran without a disclaimer,≤100
268998889945816,Darshana Singh,Darshana Singh,≤100
1109826479083738,Rajeev Sharma BJP,Puneet Kumar Singh,≤100
109666834688109,Saleem Sarang,Saleem Rafik Sarang,≤100
101342226152296,Vinay Mishra,Hemant Singh Baghel,≤100
100366996109057,Er Manoj Kumar patel,Er Manoj Kumar patel,≤100
418299601867116,Youth For Nation,Mahesh Kumar Sharma,≤100
100644889548561,phd.and.research.support,These ads ran without a disclaimer,≤100
696662543693222,Manjunath Rajajinagar,Manjunatha,≤100
297229797104524,Nishank Tripathi BJP,Nishank Tripathi,≤100
1433894153522813,Pramod Bhaya,Sharad Sharma,≤100
112124980485446,Qamar siddiqui,These ads ran without a disclaimer,≤100
1947865801968156,Jasmeet Singh Pitampura,Harjap Singh Dhingra,≤100
102994271417943,Ashutosh Kumar Tripathi,Shishupal Kumar,≤100
102370509068053,News Junction,Parveen,≤100
100228562992954,Shri Ramkanti Gurukul,Nitin Kumar,≤100
101844802427541,Kuldeep Rajput,Kuldip Rajput,≤100
208588329501133,Mukesh Sharma,Praveen Kumar Garg,≤100
100475508592062,Sitaram Poswal,Dinesh Singh,≤100
644400709346753,Adv.Uma Shanker Sharma,These ads ran without a disclaimer,≤100
113188955003281,Raj Shaikh-राज शेख,Vaibhav Ganesh Chikhale,≤100
132859090587882,Surajit Datta,Surajit Datta,≤100
224753514204375,Janaagraha,Janaagraha Centre for Citizenship and Democracy,≤100
102284996009454,theentrepreneur_sibinbiju,These ads ran without a disclaimer,≤100
587008988138630,Dinesh Desai,Pixatronix,≤100
1578558702356487,Shantanu chauhan,Shantanu Chauhan,≤100
105967395418188,The Columnist Forum,These ads ran without a disclaimer,≤100
284506005068909,दिल से,These ads ran without a disclaimer,≤100
1337036716330736,Sankar Lal Kasana,Shiv Charan,≤100
103833782263290,Arvind Singh Bhati,Engitech Media,≤100
103533582220210,Salim Khan,These ads ran without a disclaimer,≤100
113736628186529,"भीती नाही कशाची, भाजपा तुमच्या पाठीशी",Mahesh Dattatray Bhendekar,≤100
339263876226418,Baljinder Kaur,These ads ran without a disclaimer,≤100
847103992333127,ɴᴀɪᴠᴇᴅʏᴀ ғᴏᴜɴᴅᴀᴛɪᴏɴ,ɴᴀɪᴠᴇᴅʏᴀ ғᴏᴜɴᴅᴀᴛɪᴏɴ,≤100
432559257164129,Amarnath Gami,These ads ran without a disclaimer,≤100
750231501852667,Bhupendra Singh Rawat,Mahat Info Tech,≤100
535945553152749,Imran Hasan,Imran Hasan,≤100
831467126988134,Sudesh Rai,Sambhav Parashar,≤100
953600271404690,BJP Meghalaya,Bharatiya Janata Party,≤100
111274770546608,Archita Bid,These ads ran without a disclaimer,≤100
102103535826892,தமிழ்நாடு மாணவர் காங்கிரஸ்,Abdul Salam Naseer Ahamed,≤100
108573331731641,Public Awaz,These ads ran without a disclaimer,≤100
876699415772381,Rakesh Visheshwar Ojha,Rakesh Ranjan,≤100
281087312058182,Anand Dubey,Akash Singh,≤100
104136199047870,Bharat Todo Gang - भारत तोड़ो गैंग,Bharat Todo Gang - भारत तोड़ो गैंग,≤100
106871545633399,imbageshwardhamsarkar9424,These ads ran without a disclaimer,≤100
256786777695561,Anil Deshmukh,Vaibhav Gajendra Tumane,≤100
100450456113804,Ajay yadav samajwadi,Akash Singh,≤100
101075721291161,Soumy Mishra,These ads ran without a disclaimer,≤100
594042034339752,रामकिशन फौजी श्रीडूंगरगढ़,These ads ran without a disclaimer,≤100
558095644313561,Manish Rawat,These ads ran without a disclaimer,≤100
111403555021192,dr_nishant_khare,These ads ran without a disclaimer,≤100
255219788590393,Ashok Chaudhary,AniEffects Media Works,≤100
981146398754617,Chingari,Sumit Ghosh,≤100
118846334443228,TDP Kavali,Nagarjuna Reddy Kaipa,≤100
1755855271133253,Altaf Ahmad,These ads ran without a disclaimer,≤100
219839024870824,Dr. Ramesh Chennamaneni,Dr. Ramesh Chennamaneni,≤100
102110222364370,𝐒𝐡𝐮𝐛𝐡𝐚𝐦 𝐙 𝐏𝐚𝐭𝐢𝐝𝐚𝐫,These ads ran without a disclaimer,≤100
479718995470919,Sat Prakash Rana,These ads ran without a disclaimer,≤100
110323734128375,Anupam Mishra Rld,SYED. MOHD. FUZAIL,≤100
104860424918954,दिल है हिन्दुस्तानी,Abhijit Kumar,≤100
111238355101471,sunmak1011,These ads ran without a disclaimer,≤100
637770583015153,BriCole,These ads ran without a disclaimer,≤100
644185542390974,Datuk P Gunaseelan,These ads ran without a disclaimer,≤100
443464592695498,Owl Pro Drones,These ads ran without a disclaimer,≤100
101291402680536,kateja_akhil,These ads ran without a disclaimer,≤100
101054365776547,Charming Changzhou,These ads ran without a disclaimer,≤100
112757083778788,"Economic Daily, China",These ads ran without a disclaimer,≤100
632228990183262,Chinesische Volkszeitung Online,These ads ran without a disclaimer,≤100
105363750882345,Young Activists Summit,These ads ran without a disclaimer,≤100
194953000528458,Global Campus of Human Rights,These ads ran without a disclaimer,≤100
187092881819389,Mongabay-India,These ads ran without a disclaimer,≤100
1616354495243083,International Fellowship of Reconciliation - IFOR,These ads ran without a disclaimer,≤100
100856989080533,Wayarc Daily,These ads ran without a disclaimer,≤100