﻿Page ID,Page name,Disclaimer,Amount spent (USD),Number of ads in Library
465746703486496,Энхбаярын Батшугар,Энхбаярын Батшугар,175,1
1715979395313134,ХҮН нам,Хөдөлмөрийн Үндэсний Нам - ХҮН,116,1
100285895550731,Мэдээллийн Ажилтан,Мэдээллийн Ажилтан,≤100,1
844579789004530,Хассуурийн Ганхуяг,Khassuuri Gankhuyag,≤100,1
171521449877169,Жамбалын Ганбаатар,Ganbaatar Jambal,≤100,1
454746178067182,Purevdorj Bukhchuluun,Purevdorj Bukhchuluun,≤100,1
1645028429160586,Дамбын Батлут,Энхчулуун Чинбат,≤100,2
108721589821589,Ганибалын Амартүвшин,Amartuvshin Hanibal,≤100,2
383345825359559,Энхтайваны Бат-Амгалан,Tugsbayar Batsaikhan,≤100,1
109352650803239,"Улсын эрх ашиг, тусгаар тогтнолын нам FB page",Batjargal Gochoosuren,≤100,1
1495592410758924,Санжаагийн Мөнгөнчимэг Sanjaa Mungunchimeg,Zaya Bee,≤100,1
112757083778788,"Economic Daily, China",These ads ran without a disclaimer,≤100,1
17973644177,Global Peace Foundation,These ads ran without a disclaimer,≤100,1
220362138159743,Дэлхийн цаг,These ads ran without a disclaimer,≤100,1
104980492469454,T1215-4,These ads ran without a disclaimer,≤100,1
105257432441286,T1215-7,These ads ran without a disclaimer,≤100,1
918318338180165,CHINT GROUP,These ads ran without a disclaimer,≤100,1
103806092588576,T1215-3,These ads ran without a disclaimer,≤100,1
118981582262,Sid Roth's It's Supernatural,These ads ran without a disclaimer,≤100,1
101715608808670,Judgment Day: Angel of God,These ads ran without a disclaimer,≤100,2
108814005377784,1111_tc,These ads ran without a disclaimer,≤100,1
492984144218541,Morning Worship Moment,These ads ran without a disclaimer,≤100,1
173254003362613,WE ARE CHINA,These ads ran without a disclaimer,≤100,1
1297262943720616,Fuqing China,These ads ran without a disclaimer,≤100,1
110584791401665,GeneZation Show,These ads ran without a disclaimer,≤100,2
101158816191470,T1215-6,These ads ran without a disclaimer,≤100,1