﻿Page ID,Page name,Disclaimer,Amount spent (USD)
1833266473569830,Cumbre Iberoamericana,Cumbre Iberoamericana,227
112477522422248,David Collado,David Collado,≤100
108587379178593,miprd,Partido Revolucionario Dominicano,≤100
111523985183829,Demetrio Lluberes senador,Demetrio Lluberes Vizcaino,≤100
327223854467979,Lenin Senador,Lenin Valdez Lopez,≤100
111522395020384,Miguel Vargas,Miguel Vargas,≤100
123397997671209,Listín Diario,Alejandro Jose Madera Rodriguez,≤100
107437682259468,,Wallys Manaurys Cabrera Reynoso,≤100
734071116605879,Abel Martínez,abelmartinezsectorexterno@gmail.com,≤100
708959485865189,Elias Baez,Elias Baez De Los Santos,≤100
339085486274571,Alexis Victoria Yeb,Alexis Victoria Yeb,≤100
538940222810512,Senado de la República Dominicana,Senado de la República Dominicana,≤100
100829795929706,Diario Informal RD,Diario Informal,≤100
102090892618035,Sumando Estrellas,These ads ran without a disclaimer,≤100
492966110748093,Su Mundo TV,Penelope Canario Herrera,≤100
106687624223989,Rescate Democratico,Rescate Democratico,≤100
107579318751815,Fiduciaria Reservas,Fiduciaria Reservas,≤100
339913656194630,Ludwig Alvarez Diputado,Ludwig Alvarez Diputado,≤100
706210266210992,Cmtv Media,Cmtv Media,≤100
104770519115308,,Proyecto Miguel Valera,≤100
117816784572416,,Anibal Arturo Stefani Camarena,≤100
100603866099821,yordani.heredia,These ads ran without a disclaimer,≤100
254440931346977,Cámara de Comercio  y Producción de La Vega,Cámara de Comercio  y Producción de La Vega,≤100
2126697284323461,Pedrogomezofficial,These ads ran without a disclaimer,≤100
199280106773010,Heritage Auctions Sports,These ads ran without a disclaimer,≤100
729644930404420,Ramón Rogelio Genao,Ramón Rogelio Genao,≤100
116643774656886,Ismael Reyes,Penelope Canario Herrera,≤100
324547508978160,Nj productora 2023,Nicolás Enrique Grullón Ubinas,≤100
1917715138510680,Follow Your Legend,These ads ran without a disclaimer,≤100
103237966051441,Niño López Alcalde,These ads ran without a disclaimer,≤100
101259045957665,Rose Peeples,These ads ran without a disclaimer,≤100
200309724138068,LuchemosRD,These ads ran without a disclaimer,≤100
1618779045003548,Agustín Burgos Tejada,Agustin Burgos Tejada,≤100