﻿Page ID,Page name,Disclaimer,Amount spent (ILS)
124191360932729,התעוררות בירושלים,התעוררות בירושלים,1128
979469898759509,יוסי חביליו - Yosi Havilio,יוסי חביליו - Yosi Havilio,567
111523625527552,התנועה לאיכות השלטון,התנועה לאיכות השלטון,412
107217383988190,מגזין אפוק,Epoch Magazine,341
120240631007633,הילה לנקרי-מיוסט,הילה לנקרי-מיוסט,284
104405316012511,עליזה בלוך - Aliza Bloch,עליזה בלוך,278
108212852272431,ג'קי יעקב צבי,יעקב ג'קי צבי לראשות המועצה,261
125126963820139,סיעת רק-ביחד,רז קינסטליך- בחירות לראשות עיריית ראשל״צ,188
204780362875106,מקור ראשון,מקור ראשון,141
649373828424341,Moshe Lion - משה ליאון,Moshe Lion - משה ליאון,129
1662907067255622,איגוד הגז הטבעי,Unik,111
104020512761050,أجا الوقت,Standing Together,111
103851839280828,חופשי בארצנו - מטה המאבק,מטה המאבק - נלחמים על הדמוקרטיה,107
421210797920379,מועצה אזורית בנימין,מועצה אזורית בנימין,103
2588484674623591,Hitorérout - Tous Ensemble Pour Jérusalem,Hitorérout - Tous Ensemble Pour Jérusalem,≤100
518230731522883,Laura Wharton לורה ורטון,Laura Wharton לורה ורטון,≤100
100262749814598,קובי אלירז - לראשות מועצת בנימין,קובי אלירז - לראשות מועצת בנימין,≤100
128834187134576,Ahmad Tibi احمد طيبي,Ahmad Tibi احمد طيبي,≤100
138399090105076,הבנק החברתי למזון תינוקות,הבנק החברתי למזון תינוקות,≤100
1073548259341247,לובי 99,לובי 99,≤100
174270389949755,ישראל גנץ - Israel Ganz,ישראל גנץ - Israel Ganz,≤100
107836625941364,Yair Lapid - יאיר לפיד,מפלגת יש עתיד,≤100
104222621115858,הביטחוניסטים,הביטחוניסטים,≤100
218832864804823,הקריה האקדמית אונו - מינהל הציונות הדתית,הקריה האקדמית אונו - מנהל הציונות הדתית,≤100
281777035357977,איתמר בן גביר,איתמר בן גביר,≤100
124395890927240,הקרן החדשה לישראל,הקרן החדשה לישראל,≤100
1244297295663794,שלמה נאמן - Shlomo Neeman,שלמה נאמן - Shlomo Neeman,≤100
44385426513,Greenpeace Israel   - גרינפיס ישראל,Greenpeace Israel   - גרינפיס ישראל,≤100
954415847987172,תעסוקה שווה - פתרונות תעסוקה למעסיקים ולאנשים עם מוגבלות,תעסוקה שווה - פתרונות תעסוקה למעסיקים ולאנשים עם מוגבלות,≤100
108787681841168,רישיון נשק בקליק,רישיון נשק בקליק,≤100
109523830757998,דמוקרטtv,דרכנו,≤100
132107110817900,"מרכז הנדל""ן","מרכז הנדל""ן",≤100
877405719007268,מכון ארגמן - Argaman Institute,מכון ארגמן,≤100
428948830813584,"מגדילים - האתר הישראלי להתחדשות עירונית ונדל""ן","מגדילים - האתר הישראלי להתחדשות עירונית ונדל""ן",≤100
305986442906304,סלע מאיר הוצאה לאור,סלע מאיר דיגיטל,≤100
114429471587565,"יפעת עובדיה לוסקי - יו""ר קק""ל",קרן קימת לישראל,≤100
101771772947147,שלומי ירוחם Shlomi yerucham,טל שחר תקשורת,≤100
105275438920642,חדשות גוש דן,These ads ran without a disclaimer,≤100
221429664638160,קדמה,קדמה,≤100
140536699429565,המכון למחקרי ביטחון לאומי,המכון למחקרי ביטחון לאומי,≤100
141721971504,Histadrut - ההסתדרות החדשה,Histadrut - ההסתדרות החדשה,≤100
161648040544835,יצחק הרצוג - Isaac Herzog,יצחק הרצוג - Isaac Herzog,≤100
109049212192912,יעקב בורובסקי-לראשות העיר חיפה,יעקב בורובסקי-לראשות העיר חיפה,≤100
1828669360700280,דרך שירה בנקי - shira banki's way,Shira Banki's Way - דרך שירה בנקי,≤100
1484712825147171,Tomer Warsha Adv • Immigration to Israel • Aliya • Immigrants • Citizenship,"משרד עו""ד תומר ורשה",≤100
536667660149293,מתן כהנא Matan Kahana,מתן כהנא Matan Kahana,≤100
279345532129864,ההסתדרות הציונית העולמית,ההסתדרות הציונית העולמית,≤100
106057988971053,אלי כהן - Eli Cohen,אלי כהן - Eli Cohen,≤100
474079052648531,יועז הנדל   Yoaz Hendel,יועז הנדל,≤100
108037760571199,הקונגרס הישראלי,הקונגרס הישראלי,≤100
849824028408565,תנועת אם תרצו,תנועת אם תרצו,≤100
110917020553426,Ari Shavit - ארי שביט,Ari Shavit - ארי שביט,≤100
114630296604026,"Davar - Workers, Society and Economy in Israel",דבר העובדים בארץ ישראל,≤100
115286055016,Life & Environment - חיים וסביבה,Life & Environment,≤100
113920975088292,טוב לדעת,טוב לדעת,≤100
662721113760589,TheMarker Labels,TheMarker Labels,≤100
137449656335533,Amnesty International Israel,Amnesty International Israel,≤100
124894077550811,ישראל חופשית,ישראל חופשית,≤100
100849682799685,JusTogether,JusTogether,≤100
1457440094475905,Stav Shaffir סתיו שפיר,Stav Shaffir סתיו שפיר,≤100
102524746200583,רחמים מלול - ראש עיריית רחובות,רחמים מלול,≤100
108820357145208,יצחק וסרלאוף,יצחק וסרלאוף,≤100
224993517556428,Da'am Party - מפלגת דעם - حزب دعم,Da'am Party - מפלגת דעם - حزب دعم,≤100
531875713862476,צבי סוכות,צבי סוכות,≤100
110397971747090,REM - Reverse Engineered Materials,Unik,≤100
111919847028684,שומרים - המרכז לתקשורת ודמוקרטיה,שומרים - המרכז לתקשורת ודמוקרטיה,≤100
1514952655390958,משרד תומר ורשה - עורכי דין • הגירה והסדרת מעמד • אשרות בישראל • זכויות אדם,"משרד עו""ד תומר ורשה",≤100
197861515565,שתיל - شتيل - Shatil,שתיל - Shatil,≤100
106399699069435,משרד עורכי דין טל אופיר - Tal Ofir Law Firm,These ads ran without a disclaimer,≤100
112210295510027,World Zionist Organization - ההסתדרות הציונית העולמית,ההסתדרות הציונית העולמית,≤100
116563891775107,עיריית פתח תקווה,עיריית פתח תקוה,≤100
220045128798930,"עו""ד ידידיה בלומהוף - תביעות משרד הביטחון",משרד עורכי דין ידידיה בלומהוף,≤100
151429721541665,Dan Illouz -  דן אילוז,Dan Illouz -  דן אילוז,≤100
561508917249930,Gal Sharabi - גל שרעבי - דמאיו,Gal Sharabi - גל שרעבי - דמאיו,≤100
109913515759452,Bokra Net بُــــكرا,Bokra Net بُــــكرا,≤100
104063512343698,פשוט טוב.,פשוט טוב.,≤100
1413508632231171,המכון הישראלי לאנרגיה ולסביבה,המכון הישראלי לאנרגיה ולסביבה,≤100
102538596209008,יאיר שטבון - לראשות העיר אריאל,lior shapira,≤100
994811120638154,כרם נבות كرم نابوت,כרם נבות كرم نابوت,≤100
107124799990825,חן שרייבר-נשיא לשכת רואי החשבון בישראל,These ads ran without a disclaimer,≤100
259585924100042,Regavim,Regavim,≤100
756869797682674,Свободный Израиль,Свободный Израиль,≤100
172680759548006,האקדמית רמת-גן,המכללה האקדמית רמת גן,≤100
1822651321364643,121 - מנוע לשינוי חברתי,121 - מנוע לשינוי חברתי,≤100
107124799990825,חן שרייבר-נשיא לשכת רואי החשבון בישראל,חן שרייבר,≤100
454113211616883,מועצה מקומית בית אל - Beit El Municipality,מועצה מקומית בית אל,≤100
399925850154841,מרכז ישיבות ואולפנות בני עקיבא,מרכז ישיבות ואולפנות בני עקיבא,≤100
105879602152307,Easy2get,These ads ran without a disclaimer,≤100
124692413947278,ארי אודס,ארי אודס,≤100
178433145502975,Avigdor Liberman - אביגדור ליברמן,ישראל ביתנו,≤100
279689895974754,Avi Slama Votre prochain Maire de Netanya,Avi Slama Votre prochain Maire de Netanya,≤100
198917210119704,שלום עכשיו,שלום עכשיו,≤100
530146840479296,Rosenbaum Communication - עופר רוזנבאום,Rosenbaum Communication,≤100
444832565529651,המכון הישראלי לדמוקרטיה,המכון הישראלי לדמוקרטיה,≤100
114183292001372,Gisha LCFM,Gisha - Legal Center for Freedom of Movement,≤100
403470203161681,"קרן רש""י - Rashi Foundation","קרן רש""י לצמצום פערים חברתיים",≤100
134896023193138,יוזמת ז'נבה,"ח.ל חינוך לשלום בע""מ (יוזמת ז'נבה)",≤100
767262423350854,פורום הדיור הציבורי,פורום הדיור הציבורי,≤100
1534418936869034,אתר החדשות דבר,אתר החדשות דבר,≤100
100585238528895,לובי המיליון - One Million Lobby,One Million Lobby לובי המיליון,≤100
413997108637911,עיריית ירושלים,These ads ran without a disclaimer,≤100
94258847306,האגודה לזכויות האזרח בישראל,האגודה לזכויות האזרח בישראל,≤100
107058789108097,יאיר מעיין - Yair Maayan,יאיר מעיין,≤100
164416690244223,המועצה הציונית בישראל,המועצה הציונית בישראל,≤100
885381241499674,Qualita,Qualita,≤100
167657276622943,אראל מרגלית - Erel Margalit,אראל מרגלית - Erel Margalit,≤100
378985879235977,ערן דורון- Eran Doron,ערן דורון- Eran Doron,≤100
193264714026809,אמונה - תנועת האישה הדתית לאומית,אמונה - תנועת האישה הדתית לאומית,≤100
161096657252221,שוברים שתיקה,שוברים שתיקה,≤100
108776220922414,אלי דלל - Eli Dallal,אלי דלל - Eli Dallal,≤100
100900832922166,אחים לנשק-לוחמים ולוחמות במסע להצלת הדמוקרטיה,אחים לנשק-לוחמים ולוחמות במסע להצלת הדמוקרטיה,≤100
433529446712013,Ayman Odeh - أيمن عودة,Ayman Odeh - أيمن عودة,≤100
227073477334754,אופיר שפיגל - יחסי ציבור,אופיר שפיגל תקשורת וקשרי ממשל,≤100
263337740379308,Ran Rahav,Ran Rahav Communications & Public Relations LTD,≤100
367616380398137,גבי קדוש Gaby Kadosh,גבי קדוש Gaby Kadosh,≤100
1745766355635658,רב גן ישראלי,These ads ran without a disclaimer,≤100
101529666123079,אוהד טל - Ohad Tal,אוהד טל - Ohad Tal,≤100
100150135880863,תכלית - המכון למדיניות ישראלית,Tachlith,≤100
1913755198907011,"המרכז הרפואי לטיפול בהשמנה - ד""ר רז",המרכז הרפואי לטיפול בהשמנה,≤100
270133532996654,בית פרת - מדרשה ישראלית,בית פרת - מדרשה ישראלית,≤100
250947744954005,התנועה הקיבוצית,התנועה הקיבוצית,≤100
117658294683078,ישראלTop5,top5israel,≤100
109708842392860,מרכז השלטון המקומי בישראל,מרכז השלטון המקומי בישראל,≤100
122151567825903,ארגון בטרם לבטיחות ילדים,ארגון בטרם לבטיחות ילדים,≤100
103085619445870,ניר ברכיה משרד עורכי דין,ניר ברכיה משרד עורכי דין,≤100
845872788822559,"אר""מ - ארגון רופאי המדינה",ארגון רופאי המדינה,≤100
110897178941008,מרכז אדוה,מרכז אדוה,≤100
501178966564217,פורום קהלת Kohelet Forum,פורום קהלת Kohelet Forum,≤100
153028785566305,Parents Against Child Detention הורים נגד מעצרי ילדים,Parents Against Child Detention הורים נגד מעצרי ילדים,≤100
112848572066805,מחאת ההייטק,מחאת ההייטק,≤100
1915868198652314,האם ראית את האופק לאחרונה?,האם ראית את האופק לאחרונה?,≤100
101545285387643,Beegreen ביגרין  - קירות ירוקים,Beegreen ביגרין  - קירות ירוקים,≤100
119995701391029,בית בן-גוריון בתל אביב,בית בן גוריון,≤100
304921469636475,סיכוי-אופוק سيكوي-أفق,עמותת סיכוי-אופוק,≤100
290003511833151,נאור שירי - Naor Shiri,נאור שירי - Naor Shiri,≤100
114433028268482,נביו אבבה,נביו אבבה,≤100
103185328887035,דניאל ליזרוביץ',דניאל ליזרוביץ',≤100
319883612234507,ליאור שמחה - Lior Zimche,ליאור שמחה - Lior Zimche,≤100
102036005190785,Logivote - הפתרון השלם למערכת ניהול קמפיינים ובחירות דיגיטליות,LogiVote,≤100
136803203078703,להב - לשכת ארגוני העצמאים והעסקים בישראל,להב,≤100
102703162781358,הדס שקד - נכונה לגלבוע,הדס שקד - נכונה לגלבוע,≤100
116877711723730,ממרי,ממרי,≤100
112878401788032,ערן בן יהודה - Eran Ben Yehuda,ערן בן יהודה - Eran Ben Yehuda,≤100
251040535229741,יאיר צברי - Yair Zabari,יאיר צברי - Yair Zabari,≤100
108760035823125,The Van Leer Jerusalem Institute - מכון ון ליר בירושלים,The Van Leer Jerusalem Institute - מכון ון ליר בירושלים,≤100
225859937576032,הליגה נגד השמצה - ישראל,הליגה נגד השמצה בישראל,≤100
414581845222057,פורום המשפחות השכולות Parents Circle Families Forum منتدى العائلات الثكلى,פורום המשפחות השכולות Parents Circle Families Forum منتدى العائلات الثكلى,≤100
546024288762312,"ד""ר יחיאל לסרי","ד""ר יחיאל לסרי",≤100
139922199493073,גבעת חביבה چڤعات حبيبة,גבעת חביבה چڤعات حبيبة,≤100
191738340912361,Taub Center - מרכז טאוב,מרכז טאוב לחקר המדיניות החברתית בישראל,≤100
115755304767435,אושר שקלים - Osher Shkalim,אושר שקלים - Osher Shkalim,≤100
548633762006156,השילוח - כתב עת ישראלי להגות ומדיניות - Hashiloach,השילוח - כתב עת ישראלי להגות ומדיניות - Hashiloach,≤100
303720457847,לשכת רואי חשבון בישראל,לשכת רואי חשבון בישראל,≤100
426502237384307,מפלגת יש עתיד,מפלגת יש עתיד,≤100
219256864871723,Lea Fadida לאה פדידה,Lea Fadida לאה פדידה,≤100
271404389601060,Yaakov Hagoel - יעקב חגואל,Yaakov Hagoel - יעקב חגואל,≤100
102396379571730,בן נשר,מעשים טובים,≤100
117303134655251,שכונת קרני רמון,שכונת קרני רמון,≤100
390174201363786,Eli Nacht • אלי נכט,Eli Nacht • אלי נכט,≤100
1616620351898508,Адвокат Варша • Иммиграция • Рабочая виза в Израиле • Воссоединение семьи,"משרד עו""ד תומר ורשה",≤100
100185971057,מכון משגב לביטחון לאומי ולאסטרטגיה ציונית,מכון משגב לאסטרטגיה ציונית ולביטחון לאומי,≤100
101614785409781,Роман Соколов     Roman Sokolov,מפלגת כוח אזרחי,≤100
103851895179872,אמהות לביאות,אמהות לביאות,≤100
133593466685177,העין השביעית,העין השביעית,≤100
57400032655,קבלה לעם,"בני ברוך קבלה לעם ע""ר",≤100
158195257562237,מיכאל לייטמן,"בני ברוך קבלה לעם ע""ר",≤100
94762908662,נעמת - תנועת הנשים של ישראל,נעמת | Women @ Work,≤100
723141737847411,ראובן לדיאנסקי,ראובן לדיאנסקי,≤100
107926607591864,זוּלת - לשוויון וזכויות אדם,זוּלת - לשוויון וזכויות אדם,≤100
116796928132577,יחיאל טוהמי לראשות אריאל,יחיאל טוהמי לראשות אריאל,≤100
128753804569169,"עו""ד רחל פרץ גלם לראשות המועצה האזורית באר טוביה","עו""ד רחל פרץ גלם לראשות המועצה האזורית באר טוביה",≤100
112453045545484,"עו""ד עדי וייס - רשלנות רפואית",These ads ran without a disclaimer,≤100
117719250022172,נאוה שפירא,נאוה שפירא,≤100
388953167846667,כביש אחד,These ads ran without a disclaimer,≤100
341448679281672,יריב לוין - Yariv Levin,yariv levin - יריב לוין,≤100
219292404944900,אביב איטח Aviv Itach,אביב איטח Aviv Itach,≤100
431104047342928,אזרחים למען אוויר נקי,אזרחים למען אוויר נקי,≤100
221885774492166,לשכת המסחר,לשכת המסחר,≤100
108449188226947,עילם הבית של המוסיקאים,עילם,≤100
110953105276453,"מרלן שחאדה, משרד עורכי דין","מרלן שחאדה, משרד עורכי דין",≤100
1230703323658792,מרכזים לצדק חברתי,מרכזים לצדק חברתי,≤100
154698021323966,יוזמות אברהם  مبادرات  ابراهيم,יוזמות אברהם مبادرات ابراهيم,≤100
369655989728696,אסף דעבול - Asaf Daabul,אסף דעבול - Asaf Daabul,≤100
104783631865965,תלם,קרן ברל כצנלסון,≤100
106037399237990,שלומי פרץ לראשות בנימינה-גבעת עדה,שלומי פרץ לראשות בנימינה-גבעת עדה,≤100
108433902545902,Geneva Initiative,יוזמת ז'נבה,≤100
104984005680662,משמר הראיסים,משמר הראיסים מאת דוד סוויסה,≤100
387662485168743,LPY הוצאת אזרחות פולנית,LPY הוצאת אזרחות פולנית,≤100
119373658139954,Friedrich-Ebert-Stiftung Israel,Friedrich Ebert Stiftung Israel,≤100
452342168247343,יוחנן פלסנר - Yohanan Plesner,המכון הישראלי לדמוקרטיה,≤100
111604720373428,הפורום הישראלי למשפט וחירות,הפורום הישראלי למשפט וחירות,≤100
103069056049581,שלום ישראל אלבז- shalom israel elbaz,יחסי ציבור,≤100
101041399718024,Saar Yakolev,Saar Yakolev,≤100
108115348997001,מידן בר לראשות מועצת עמק חפר,מידן בר,≤100
100874495867668,"מריאנה דן - משרד עורכי דין בתחום אבטחת המידע, הגנת הפרטיות וסייבר לעסקים",These ads ran without a disclaimer,≤100
370270343005611,ישראל ביתנו,ישראל ביתנו,≤100
107246919303268,Havruta - חברותא,חברותא - הומואים דתיים,≤100
610994792373739,ירון לוי - Yaron Levi,ירון לוי - Yaron Levi,≤100
335399036546914,ישראל כ״ץ - Israel Katz,ישראל כ״ץ - Israel Katz,≤100
102130312025727,נירה שפק - Nira Shpak,נירה שפק - Nira Shpak,≤100
114869678131807,משמר החינוך הממלכתי,משמר החינוך,≤100
2036461326389031,Nir A. Cohen,Nir A. Cohen,≤100
1073460539346074,אלון שוסטר - Alon Schuster,אלון שוסטר - Alon Schuster,≤100
161804953943328,Яир Лапид,יש עתיד - בראשות יאיר לפיד,≤100
1510157982620509,הלן גלבר - Helen Gelber,הלן גלבר - Helen Gelber,≤100
310003182800720,עושים חקלאות ישראלית - מועצת הצמחים,עושים חקלאות ישראלית - מועצת הצמחים,≤100
114497231906750,רן קוניק העמוד הרשמי,רן קוניק העמוד הרשמי,≤100
106095958152182,פרוייקט ארוחת עשר,These ads ran without a disclaimer,≤100
166981530486600,המכון למדיניות העם היהודי - The Jewish People Policy Institute,The Jewish People Policy Institute,≤100
120308586214,בנק יהב,These ads ran without a disclaimer,≤100
103438503043348,העוקץ,העוקץ,≤100
210968782252395,פתחון לב,פתחון לב,≤100
501512673192146,Авигдор Либерман,ישראל ביתנו,≤100
175041709215197,עיריית דימונה,עיריית דימונה,≤100
224562257709477,דניאל (דני) עטר,דניאל (דני) עטר,≤100
162972883752327,התנועה לחופש המידע,התנועה לחופש המידע,≤100
189484181112276,ארגון סגל ההוראה האקדמי באוניברסיטת בן גוריון,ארגון סגל ההוראה האקדמי באוניברסיטת בן גוריון,≤100
117621584537422,"עו""ד ניסן זכריה לראשות העיר חולון","עו""ד ניסן זכריה לראשות העיר חולון",≤100
1710352505687844,משה ליבר - Moshe Liber,משה ליבר,≤100
315149999091604,אביש שלמה לראשות מועצה אזורית מנשה,אביש שלמה לראשות מועצה אזורית מנשה,≤100
457794627605948,Karine Elharrar- קארין אלהרר,יש עתיד,≤100
109514532161308,ראובן גמזון לראשות מועצת גדרות,ראובן גמזון,≤100
666263786873603,Kerem Navot - Naboth’s Vineyard,Kerem Navot - Naboth’s Vineyard,≤100
914741188600735,עומדים ביחד نقف معًا,עומדים ביחד نقف معًا,≤100
163213311020271,רונן סלטון לראשות המועצה,רונן סלטון לראשות המועצה,≤100
134252303927914,Майкл Мур - מייקל מור,Майкл Мур - מייקל מור,≤100
131091344093915,"איתן קנול עו""ד","איתן קנול עו""ד",≤100
389810911067075,Наш дом Израиль,ישראל ביתנו,≤100
106191544511584,البيت العكاوي,البيت العكاوي,≤100
115256976973278,Nikk.Agency IL UA Новости Израиля - Привет Израиль Что нового?,Nikk.Agency IL UA Новости Израиля - Привет Израиль Что нового?,≤100
111912221330671,מי שבעד ירים את היד,מי שבעד ירים את היד,≤100
101189206302646,"עמית אדר - עו""ד הסדרי חובות, פשיטת רגל, חדלות פירעון",These ads ran without a disclaimer,≤100
139320722917886,מרכז יצחק רבין,מרכז יצחק רבין,≤100
131281930323101,התאחדות קבלני השיפוצים,These ads ran without a disclaimer,≤100
103546549403297,ניהול משברים,Ben Horin Alexandrovitz,≤100
1137441646281466,Nir Meir - ניר מאיר,התנועה הקיבוצית,≤100
182055351857379,"שח""ם - ארגון השחקנים והשחקניות בישראל","שח""ם - ארגון השחקנים בישראל",≤100
137892919675912,עמנואל שחף,Emanuel Shahaf,≤100
108671078468737,عكا تجمعنا,عكا تجمعنا,≤100
105903455474742,המרכז ליהדות ומדינה  - Judaism and state policy center  - JSPC,המרכז ליהדות ומדינה  - Judaism and state policy center  - JSPC,≤100
100978407934166,תנועה ישראלית,Israeli Movement,≤100
162326317497380,זיו דשא,זיו דשא,≤100
106729829160918,גייל שורש לראשות העיר רמת השרון,free ramat hasharon,≤100
402936269773132,עליזה לביא,A.Lav,≤100
164514821050422,בועז שלמה לראשות המועצה האזורית לכיש,בועז שלמה לראשות המועצה האזורית לכיש,≤100
105568199274431,הילה בן הראש חכמון לראשות מועצת כוכב יאיר צור יגאל,הילה בן הראש חכמון לראשות מועצת כוכב יאיר צור יגאל,≤100
1985203285097720,התנועה לטוהר המידות,התנועה לטוהר המידות,≤100
554308731366675,محامون من أجل إدارة سليمة - Lawyers for Good Governance,lawyers for good governance,≤100
361464970647064,זהר בלום - Zohar Blum,זהר בלום - Zohar Blum,≤100
121364580933895,עזרא חבה,These ads ran without a disclaimer,≤100
125091411019052,שושי כחלון-כידור,שושי כחלון-כידור,≤100
108695997467499,Михаил Пелливерт,Михаил Пелливерт,≤100
598980316966396,טיולים אחרים אמיר פלג,These ads ran without a disclaimer,≤100
114201461733889,"מיכאל וידל- ראש עיריית רמלה, העמוד הפוליטי",ראש העיר מיכאל וידל,≤100
517540671748006,"Движение ""Единство"" во главе с Дмитрием Бруком","Движение ""Единство"" во главе с Дмитрием Бруком",≤100
106285879037393,אודי דניאלי לראשות מועצת באר טוביה,אודי דניאלי לראשות מועצת באר טוביה,≤100
101321749348491,אליהו רביבו Eliyahu Revivo,אליהו רביבו Eliyahu Revivo,≤100
103766122741406,ליאור איובי - לראשות המועצה האזורית שפיר,lior ayubi,≤100
106396902115076,فادي عراقي مهنية - ارادة - قدرات,فادي عراقي مهنية - ارادة - قدرات,≤100
1838534943110252,שלמה שש  גן רווה,שלמה שש  גן רווה,≤100
109775023981238,דרור אהרון - גן יבנה,These ads ran without a disclaimer,≤100
1541559162728136,רדיו תשעים,רדיו תשעים,≤100
615531405455497,הדר לביא,הדר לביא,≤100
1663146750615217,ספרי ניב,These ads ran without a disclaimer,≤100
453211678066891,Gil Kreslavsky Photography,These ads ran without a disclaimer,≤100
198271533676930,תנועת הפדרציה  حركة الاتحاد,Emanuel Shahaf,≤100
740979979265707,פורום דרור בליכוד,פורום דרור בליכוד,≤100
119839967685159,شركة تيكت لتجارة الالكترونية,These ads ran without a disclaimer,≤100
109353154135430,E.N. Publishing,These ads ran without a disclaimer,≤100
102637382928626,Broken Knowing,These ads ran without a disclaimer,≤100
105312495917813,Continental Club,These ads ran without a disclaimer,≤100
109226351931340,Jimena Gonzalez,These ads ran without a disclaimer,≤100