﻿Page ID,Page name,Disclaimer,Amount spent (USD)
179167545479394,Салідарнасць,Онлайн-медиа «Салiдарнасць»,≤100
105497721784216,Филин. Оперативная аналитика и публицистика,Филин. Оперативная аналитика и публицистика,≤100
108625789179165,Soi Dog Foundation,These ads ran without a disclaimer,≤100
109672108830357,Politikkio,These ads ran without a disclaimer,≤100
102882402725627,vernopravd,These ads ran without a disclaimer,≤100