﻿Page ID,Page name,Disclaimer,Amount spent (EUR)
298060500819,Kainuun Kokoomus,Kainuun Kokoomus ry,≤100
117830778937801,Sosiaali- ja terveysministeriö,Sosiaali- ja terveysministeriö,≤100
136656729733568,YIT Suomi,YIT Suomi,≤100
782481818579101,Poliitikko Sanna Laine,Sanna Laine,≤100
360860753953531,Fortum,Fortum Suomi,≤100
147045322015050,Kainuun Vihreät,Nina Sari Hannele Jyrkäs,≤100
229433767936563,Lääkärit Ilman Rajoja,Lääkärit Ilman Rajoja,≤100
271311152007,Plan International Suomi,Plan International Suomi,≤100
119054448115588,WWF Suomi,WWF Suomi,≤100
8252999126,Suomen UNICEF – UNICEF Finland,Suomen UNICEF – UNICEF Finland,≤100
78648671844,Julkisten ja hyvinvointialojen liitto JHL,Julkisten ja hyvinvointialojen liitto JHL,≤100
315913915173701,"Joni Meriläinen, kaupunginvaltuutettu",Joni Meriläinen,≤100
134934386349,Amnesty International - Suomen osasto,Amnesty International Suomen osasto,≤100
104537989034024,Timo Väänänen,Timo Väänänen,≤100
445988248775782,Simo Grönroos,Gronroos Simo Juhani,≤100
188570803251,Rakennusliitto,Rakennusliitto,≤100
738052799688293,Lauri Nikula,Lauri Nikula,≤100
302999099849625,Katja Hänninen,Vasemmistoliiton eduskuntaryhmä,≤100
9227859351,Greenpeace Suomi,Greenpeace Suomi,≤100
55312855747,Keskusta,Suomen Keskusta r.p.,≤100
433087293448371,Tiedekulma,Tiedekulma,≤100
356999604459518,Jari Myllykoski,Vasemmistoliiton eduskuntaryhmä,≤100
316760665177444,Avioliitto on naisen ja miehen välinen liitto,Aito avioliiitto ry,≤100
243988403384,Docendo,Docendo Oy,≤100
111005869699,Kirkon Ulkomaanapu,Kirkon Ulkomaanapu,≤100
616767991866845,Tieteiden yö,Ella Anni Aurora Ranta,≤100
187533664613953,Ammattiliitto Pro,Ammattiliitto Pro,≤100
60390955171,Vasemmistoliitto,Vasemmistoliiton eduskuntaryhmä,≤100
275168389198010,Ehkäisevä päihdetyö EHYT ry,Ehkäisevä päihdetyö EHYT ry,≤100
232815610172259,Eero Heinäluoma,MEP Eero Heinäluoma S&D,≤100
663505500519694,Johanna Hasu - Eduskuntavaaliehdokas,Johanna Hasu,≤100
1566987606884915,Metsä palvelee,Metsäliitto Osuuskunta,≤100
201285237101,Kokoomus,Kokoomus,≤100
102626225365927,CO₂ncrete Solution,Betoniteollisuus ry,≤100
54313274188,Naisten Pankki,Naisten Pankki,≤100
110112319062867,Electrobike,Electrobike / Scanfour Oy,≤100
220884089007,Suomen luonnonsuojeluliitto,Suomen luonnonsuojeluliitto,≤100
380401649069840,JPColorization - Colorized History,Janne Kalevi Polsa,≤100
104418794504506,LähiTapiola Kiinteistövarainhoito,LähiTapiola Kiinteistövarainhoito,≤100
141305472602496,Sähköliitto,Sähköalojen ammattiliitto,≤100
346582876022,Suomen Luonto,Suomen Luonto,≤100
273737158343,Seta,Seta ry,≤100
101194362553159,Työttömyyskassa Aaria,Työttömyyskassa Aaria,≤100
209080945038,Pia Lohikoski,Vasemmistoliiton eduskuntaryhmä,≤100
351679088241560,Janne Heikkinen,Janne Heikkinen,≤100
200739723082,University of Helsinki,University of Helsinki,≤100
1584297174923704,Arene ry,Ammattikorkeakoulujen rehtorineuvosto Arene ry,≤100
105880982314983,Ahti-Pekka Vornanen,Ahti-Pekka Vornanen,≤100
146594745401444,Iisalmen Sanomat,Iisalmen Sanomat,≤100
474666389342298,Liberaalipuolue,Liberaalipuolue – Vapaus valita r.p,≤100
8265674748,Suomen Lähetysseura,Suomen Lähetysseura,≤100
129286757147002,Tehy ry,Tehy ry,≤100
107094261806806,Heidi Aaltonen,Heidi Ilona Matilda Aaltonen,≤100
115745171909257,Laura Ala-Kokko,Laura Sofia Ala-Kokko,≤100
617733068345315,Mikkel Näkkäläjärvi,Nakkalajarvi Mikkel Antte Iisakki,≤100
292596227591239,Granlund,These ads ran without a disclaimer,≤100
257045532851,TAPIO,Tapio Oy,≤100
163903613685550,Eurooppalainen Suomi ry,Eurooppalainen Suomi ry,≤100
189362187761641,Allianssi,Allianssi,≤100
382972838740989,"Jari Kokko, digitalkkari",Jari Kokko,≤100
747938388746923,Suomen Ekomodernistit,Hirvonen Janne Petteri,≤100
393536527693016,Markus Myllyniemi,Markus Myllyniemi,≤100
104823962105254,Antti Ollikainen,Antti Ollikainen,≤100
381290523932,VIKES Viestintä ja kehitys -säätiö,Viestintä ja kehitys -säätiö,≤100
431677586881425,Kansalaisopistojen liitto KoL,Kansalaisopistojen liitto KoL – Medborgarinstitutens förbund MiF ry,≤100
356515104370992,Joona Räsänen,Joona Juhani Räsänen,≤100
362058531025252,Ekokompassi,Ekokompassi,≤100
302941236400380,Pakolaisneuvonta ry - Refugee Advice Centre,Pakolaisneuvonta ry - Refugee Advice Centre,≤100
153374888023578,Fingo - Suomalaiset kehitysjärjestöt,Fingo - Suomalaiset kehitysjärjestöt,≤100
342587803678,Varsinais-Suomen Kokoomusnuoret,Varsinais-Suomen Kokoomusnuoret,≤100
212257028078,Toisenlainen Lahja,Toisenlainen Lahja,≤100