﻿Page ID,Page name,Disclaimer,Amount spent (MXN)
114249423327281,Los Reporteros MX,Los Reporteros MX,205
102265631123832,Gobierno de Puebla,Gobierno de Puebla,201
1434774360104311,Dr. Christian Gabriel Rios,Dr. Christian Gabriel Rios,153
56713285274,Greenpeace México,Greenpeace México,140
242334769225146,Sergio Salomón Céspedes Peregrina,Sergio Salomón Céspedes Peregrina,135
100220696003610,Chisme a la Carta,Chisme a la Carta,114
102268952205344,Noticias México,Kimberley Lisset Martinez Alanis,≤100
174058432636166,El Deforma,El Deforma,≤100
101267031439463,Voz de las Empresas,Consejo de la Comunicación,≤100
179387312078698,Partido Verde Ecologista México,Partido Verde Ecologista de México,≤100
109634395756375,Save the Children México,Save the Children México,≤100
115509508197576,Melitón Lozano Pérez,Melitón Lozano Pérez,≤100
102965142770908,Poder Chairo,Jose Luis Hernandez Martinez,≤100
1088842861167560,Gilberto Flores Maldonado,Gilberto Flores Maldonado,≤100
254852601222832,Cemex México,CEMEX México,≤100
206579733449,Corona,These ads ran without a disclaimer,≤100
133478060111915,Cemex Impacto Social,CEMEX México,≤100
100912992973625,La Política Actual,Josefina Garcia Saldaña,≤100
101212808784634,República 21,Rosa Eugenia Diaz Biones,≤100
113330078338341,Marcelistas MX,Marcelistas MX,≤100
1452189031676518,Hyundai México,HYUNDAI MEXICO,≤100
105414048762055,Irma Bolaños,DIF Oaxaca,≤100
108816242204133,El Pueblo Bueno,Maria De Lourdes Mondragon Arcos,≤100
104680124489636,Demoscopia Digital,Demoscopia Digital,≤100
122404620204,Oxfam México,OXFAM MEXICO AC,≤100
102571299059219,Centro de Desarrollo y Actualización de Competencias,Joaquin Tovilla Lopez,≤100
181228948581076,Fernando Manzanilla Prieto,Fernando Manzanilla Prieto,≤100
493453457351145,Coparmex Nacional,Coparmex Nacional,≤100
113982881676646,Poder Morenx,Poder Morenx,≤100
123382667413696,Estudios de Opinión Pública by Demoscopia Digital,Estudios de Opinión Pública by Demoscopia Digital,≤100
108176578917695,El Bienestar de México,Julio Rodríguez,≤100
844418029243150,Luis Zuñiga Noticias,Luis Zuñiga Noticias,≤100
361036630742937,La Política Online MX,La Política Online MX,≤100
102491086147029,La 4T avanza,Maria Virginia Escalona Castro,≤100
107769258946800,La Patria Informada,Alberto Delgado Faudoa,≤100
113077265118657,Si con la 4T,Luis Edgar Lopez Romero,≤100
479751765559726,Manuel Hernández Badillo,Manuel Hernández Badillo,≤100
102107279495045,Las netas,LASNETAS.ORG,≤100
101701991930418,UNIDEV,UNIDEV,≤100
102625129494716,AMLigos de la Transformación,Xareny Vazquez Flores,≤100
503029186533760,Osoigo México,Osoigo México,≤100
116148341441527,Amlopolis 4T Y MAS,Mario Raul Samano Alvarado,≤100
454013577974506,IEEM Oficial,IEEM Oficial,≤100
107652783975551,CS Medicina Estética,CS Medicina Estética,≤100
105054429117082,Manuel Alonso García,Manuel Alonso García,≤100
104065375986923,La Politigrería,Antonio Jair Diaz Calderon,≤100
112263625166092,El Siervo De La Nación,Gabriel Alejandro Romero Gallaga,≤100
113181255108162,Devotos de la 4T,Mario Hernandez Resendiz,≤100
979621495397568,Instituto de Certificación Empresarial ICEMéxico,Instituto de Certificación Empresarial ICEMéxico,≤100
100771439692852,México Despierto,Hazael Santos Moreno Lopez,≤100
100242005506001,Medestetic México,Medestetic México,≤100
1415863341806268,DMC - Music Center,CENTRO DE ENCUENTRO ARTÍSTICO DMC A.C.,≤100
1545555582174942,TResearch,TResearch,≤100
111024680681758,Universidad Contemporánea de las Américas Frónesis Plantel Ciudad de México,Universidad Contemporánea de las Américas Frónesis Plantel Ciudad de México,≤100
103146715098739,Jaime Acevedo,INGENIO,≤100
102393536157012,La patria con la 4T,Lidia Lopez Rodriguez,≤100
115759524751786,Mujeres Con Claudia,Mariana Granados,≤100
130816463246126,Nortimex,Gerardo Soberanes,≤100
109573938764758,Con Claudia hasta el Final,Ana Maria Torres Rivera,≤100
101128435630238,Química y Formulación,Química y Formulación,≤100
458859544909547,DICES,Ruben Alonso Soria Sanchez,≤100
116142839763520,Fernando Sarur,Fernando Sarur,≤100
108364860944816,En mi Opinión,En mi Opinión,≤100
109926551951416,UNNA_Infancia,Victor Velasco,≤100
100261926280943,Camino al 2024,Camino al 2024,≤100
110766427433130,Cambio de Rumbo,Cambio de Rumbo,≤100
110638204921704,Voz Laboral,Partners of the Americas,≤100
48966795116,Amnistía Internacional México,Amnistía Internacional México,≤100
102292168590496,Centro de Innovación y Actualización Profesional,Christian Jazmin Arechiga Lopez,≤100
387796290649,GNP Seguros,GNP Seguros,≤100
1109723182514993,Gobierno Municipal San Martín Texmelucan,Gobierno Municipal San Martín Texmelucan,≤100
540795076057624,Enfoco.mx,Enfoco.mx,≤100
710439142491735,Aldo Ruiz,Tintorama Digital,≤100
112418093457017,Tendencia MX,Tendencia MX,≤100
113475461707446,4T Noticias y más,Fernanda Guadalupe Diaz Manrique,≤100
725455684145196,Acciona.México,These ads ran without a disclaimer,≤100
109681131991108,La silla,La silla,≤100
233462580874475,Gaceta News México,Gaceta News México,≤100
111186967357632,Luis García,These ads ran without a disclaimer,≤100
187288641425273,Carlos de la Fuente,Carlos de la Fuente,≤100
330687001173397,Olivia Salomón,Olivia Salomón,≤100
409800789114458,Antonio Pelón Cervera,Antonio Pelón Cervera,≤100
147751821930575,Salud Digital Fundación Carlos Slim,Fundación Carlos Slim,≤100
112154506882378,La Contraparte,La Contraparte,≤100
235606900176440,Macronews,Macronews,≤100
785662604828663,México Empresarial,México Empresarial,≤100
66197312668,Revista Internacional de arquitectura y diseño Arquine,Revista Internacional de Arquitectura y Diseño Arquine,≤100
139767742461,Manuel Velasco Coello,Luis Humberto Morales Paniagua,≤100
1753289634935846,Eventos  México,Eventos  México,≤100
114955908124845,La reforma news,La reforma news,≤100
108285588456412,Instituto Dasein Meraki,Silvia Jazmin Zarate Chong,≤100
1237469239731188,Mexico Times,Mexico Times,≤100
245495562137150,Mitofsky,Roy Campos,≤100
318695938319703,Alfonso Ramírez Cuéllar,José Coronel,≤100
312685741710,H. Ayuntamiento de Puebla,Servicios Profesionales Casimlo,≤100
814262205633579,Poder ciudadano MX,Poder ciudadano MX,≤100
100539512991362,Yo con Ella,Jessica Hernandez Martinez,≤100
164183347562623,Denuncia México,euthenics,≤100
524272988105175,La Prensa Verificada,La Prensa Verificada,≤100
398592967233285,CACEH Nacional,CACEH Centro de Apoyo y Capacitacion para Empleadas del Hogar,≤100
105278152331161,Becas y Convocatorias,Becas y Convocatorias,≤100
104414115346312,ORT Nòticias,These ads ran without a disclaimer,≤100
177319665650476,ClikiSalud - Fundación Carlos Slim,Fundación Carlos Slim,≤100
831319236907829,Conspiracción,Conspiracción,≤100
110433190536865,Colegio Universitario MIIB,Colegio Universitario MIIB,≤100
257333027729841,Julieta Ramírez,Julieta Ramirez,≤100
929865914025290,Yo Observador,Yo Observador,≤100
1422169704755958,Alfredo Ramírez Bedolla,Alfredo Ramírez Bedolla,≤100
411235336284306,Empresarios por la Cuarta Transformación,"Empresarios 4T, Asociación Civil",≤100
101959847869428,Mercapp Soluciones Financieras,These ads ran without a disclaimer,≤100
803041666459797,Enrique de la Madrid,Enrique de la Madrid,≤100
101976559497185,APIC American Political Innovation Center,APIC American Political Innovation Center,≤100
574111312714474,Javier Lamarque,Javier Lamarque,≤100
101530532912726,Juntos con la 4t,Adriana Perez Juarez,≤100
116437828394342,Phiten Mexico,Phiten Mexico,≤100
1473004362981239,Informe Confidencial,Informe Confidencial,≤100
1653542234724922,Cristina Salinas,Cristina Salinas,≤100
326647354840146,Sergio Gutiérrez Luna,Sergio Gutiérrez Luna,≤100
104280278920721,Pueblo Conectado,Julio Florencio Lopez Sanchez,≤100
102786396117647,Consolidemos la Transformación,Angelica Ledezma Estrada,≤100
354326078079338,Campaigns and Elections Mexico,Mario Alberto Rivera Lagarreta,≤100
122154061801959,Colectivo Mujeres Cabeza de Familia,Yoxmex,≤100
265938437673601,Yo Soy Mi Planeta,Yoxmex,≤100
1583631301915573,Liborio Vidal,Liborio Vidal Aguilar,≤100
924215500923867,Lucy Meza,Lucy Meza,≤100
115592847024547,Iraís Reyes,Iraís Reyes,≤100
582650362076920,César Ulloa G.,César Ulloa G.,≤100
171494803269262,Noticias México,euthenics,≤100
642536792588121,Maria De Los Angeles Arévalo Bustamante,Maria De Los Angeles Arévalo Bustamante,≤100
1415691342026378,Fundación Carlos Slim,Fundación Carlos Slim,≤100
190085328448680,Colectivo Informativo,Tresa Publicidad,≤100
111205981646278,Ambas Manos,Ambas Manos,≤100
104194908706490,Preparatoria México SEP en línea,UNIDEV Universidad SC,≤100
113199128401564,El Jarocho de la 4t,Rafael Fuentes Avila,≤100
730446657351260,El Huaje Noticias,El Huaje Noticias,≤100
2330030160374237,Balance 24,Balance 24,≤100
1834107960160586,Marco A. Mendoza Bustamante,Marco Antonio Mendoza Bustamante,≤100
2224502900946392,Diplomados UNAM- Congreso.,Martin Vera,≤100
102724752608138,Mexiquenses Unidos con Adán,Mexiquenses Unidos con Adán,≤100
107732841148576,Esteban Abraham Macari,Esteban Abraham Macari,≤100
196705420663884,Código Magenta,Código Magenta,≤100
101621281865887,Blanca Alcalá Ruiz,Adriana Colchado Jiménez,≤100
107296958535185,U-Report México Uniendo Voces,U-Report México Uniendo Voces,≤100
509821702820171,24 Horas Quintana Roo,24 Horas Quintana Roo,≤100
100513488319963,Comité Nacional de Jóvenes Por México a.c,Comité Nacional de Jóvenes Por México a.c,≤100
138350596230547,GIRE - Grupo de Información en Reproducción Elegida,Menu Agency,≤100
112290384855250,Columba López,These ads ran without a disclaimer,≤100
144969959396436,Jonathan Avalos Rodríguez,Jonathan Avalos Rodríguez,≤100
108083330882827,Iniciativa Climática de México,Iniciativa Climática de México,≤100
592495347619799,Mi familia es primero,Yoxmex,≤100
364602665328,El Colegio de México - Colmex,"El Colegio de México, A.C.",≤100
109575971718478,Hitzel Bernal,Hitzel Bernal,≤100
102944568266680,Layin Silvet,Alberto Lobo Almaraz,≤100
107856488319497,Sinergia Digital,Sinergia Digital,≤100
101633669512181,Isabel Peñuñuri,David Fernández González,≤100
283653271758441,24 Morelos,24 CDMX,≤100
212833630159498,Daniel Vázquez,Daniel Vázquez García,≤100
101461686043880,Centro Certificador de Estudios Especializados.,Abel Ivan Aragon Maldonado,≤100
1708378782713605,Pulmón Urbano A.C.,Pulmón Urbano A.C.,≤100
106681135502068,Ismael Carvallo,Ismael Carvallo,≤100
101740711752535,RUBRUM,Multipoll S.A. de C.V.,≤100
115896348052800,Preparatoria virtual SEP desde casa,UNIDEV Universidad SC,≤100
117565757945173,Metabox Academy,These ads ran without a disclaimer,≤100
114612040724292,Tu Prepa en Línea Unidev,UNIDEV Universidad SC,≤100
338174139686776,Mauricio Kuri,Mauricio Kuri,≤100
365062723639932,The Humane League Latinoamérica,The Humane League Latinoamérica,≤100
272933221659,Colegio de Contadores Públicos de México,These ads ran without a disclaimer,≤100
957262277720945,Carlos Ucán,Producciones Jaguar,≤100
109130204053554,Alas para el Cambio,Alas para el Cambio,≤100
176047519101203,Códice Informativo,Códice Informativo,≤100
584159151722389,Pavel López Gómez,Pavel López Gómez,≤100
953657811446042,Conciencia Nacional por la Libertad Religiosa,Fundación en Promoción de la Familia y la Libertad AC,≤100
148709191834718,Alcaldes de México,Alcaldes de México,≤100
116502604717345,Ah Kim Pech News,Ah Kim Pech News,≤100
116206710188098,Preparatoria SEP Virtual,Unidev Universidad SC,≤100
109474928114443,Actívate,José Ángel Soubervielle,≤100
221794613190853,Adriana Riveramelo,Adriana Riveramelo,≤100
1614410865470755,Columnas de México,Columnas de México,≤100
106551728748819,Opinia,Opinia,≤100
105848177845789,All Out en español,All Out,≤100
567633750007609,Geovanna Bañuelos,Geovanna Bañuelos,≤100
107573518096806,Prepa SEP Unidev,Unidev Universidad SC,≤100
106829724361200,Juan Rivera Trejo,David Fernández González,≤100
177515892891362,José Iván  Herrera Villagómez,José Iván  Herrera Villagómez,≤100
961310490582166,FeliFer Macías,Felipe Macías,≤100
104147292441684,Criticadn.mx,Criticadn.mx,≤100
105533795460071,Norte Monrealista,Norte Monrealista,≤100
107545877814736,Becas SEP,Kimberley Lisset Martinez Alanis,≤100
543589789374296,Memo Toscano,Guillermo Toscano Reyes,≤100
320349101760473,Inboplast A.C.,Inboplast A.C.,≤100
109728374729315,24 horas Yucatán,24 Horas Yucatán,≤100
407868429421487,Juan Manuel Hernández Niebla,Juan Manuel Hernández Niebla,≤100
100431071908734,La-Lista,DCS MEDIA & COMMUNICATIONS,≤100
2081576392054703,Fernanda Flores Aguirre,Fda Flores,≤100
110763055151832,Preparatoria en línea SEP,UNIDEV Universidad SC,≤100
519051388241845,Fundación FEMSA,Fundación FEMSA,≤100
944823365909303,Medio Serio,Nuria Valenzuela Márquez,≤100
289568107808375,UVEG Universidad Virtual del Estado de Guanajuato,Ads Project Media,≤100
106092085781613,Preparatoria desde casa,Unidev Universidad SC,≤100
277380886249639,ExxonMobil México,"ExxonMobil México, S. A. de C. V.",≤100
105557195762193,Informador de Oaxaca,Informador de Oaxaca,≤100
102938758222498,Oscar Castillo Zarazua,Oscar Castillo,≤100
117725681285297,El Comunicador Maya,El Comunicador Maya,≤100
1176628419094356,Navor Rojas,Cynthia Aylin Lopez Suárez,≤100
637202699799385,Diputado González Romo,Ernesto González Romo,≤100
113842657021916,Liliana Olea,Liliana Olea,≤100
1845950578802614,La hora de guerrero - Noticias,Angelica Banchez Robles,≤100
104546498723247,Mauricio Cantú,Mauricio Cantú,≤100
1702792110034668,En la esquina del rincón.,Fernando Garcia Velazquez,≤100
111980355074733,Adriana Grajales Gómez,Adriana Grajales Gómez,≤100
109717477968968,Los Asesores,Luis Miguel Carriedo Tellez,≤100
1407514189462890,Carlos Master Muñoz,These ads ran without a disclaimer,≤100
132236040250570,Acertijos desde Sinaloa,Francisco Zatarain,≤100
105548358540170,Jean De Rosas,Jeanette De Rosas,≤100
252482341462381,Cristina Díaz,Cristina Díaz,≤100
909433945747355,Sandra Pámanes,Sandra Pámanes,≤100
232336684381335,RED periodismo veraz y objetivo,Ana Cristina Hernández Gallo,≤100
1523140624565532,Luis Susarrey,Luis Alberto Susarrey Flores,≤100
400106994113819,Cesuma,These ads ran without a disclaimer,≤100
100423322323235,"Morelos, territorio Morena","Morelos, territorio Morena",≤100
210502088965525,Los Strategas,Los Strategas,≤100
327903113960543,José Antonio Hernández Griego,Jose Antonio Hernandez Griego,≤100
110432398246832,CIATSoftware Capacitación,Jesús Guerrero,≤100
101798928719130,Noé Castillo Olvera,Jose Arturo Zamorano Morales,≤100
235994093744848,Contra Réplica,EDICIONES SAN FRANCISCO S.A. DE C.V.,≤100
111186967357632,Luis García,Luis Alfonso Garcia Huitron,≤100
100711195224121,Mexicanos por la 4T Jalisco,Abraham Heriberto Moreno Hernandez,≤100
120954000944053,24 Horas Chiapas,24 Horas Chiapas,≤100
185702296375261,Mexicómo,MEXICOMO,≤100
1075423372514320,Ramón Vázquez Valadez,Ramon Vazquez Valadez,≤100
100284049183600,Campeche Central,Campeche Central,≤100
114024430364416,YoXmx,Yoxmex,≤100
104402255089316,Vigilante,Dreams Engine S.A de C.V.,≤100
1587273468223028,Misaj Becerra,Misaj Gonzalez Becerra,≤100
105880127492594,David Saucedo,David Esteban Saucedo Torres,≤100
268185906992829,Acatzingo al Despertar,Lucero Carrillo Cruz,≤100
292496132255,Antonio Tello - NTV,Antonio Tello - NTV,≤100
103230634906476,Gabriel López Carrillo,Jesus Fabian Piña Talavera,≤100
387796290649,GNP Seguros,These ads ran without a disclaimer,≤100
215664318620433,Sustentur,Sustentur,≤100
878654108845351,Armando Tejeda,Armando Tejeda,≤100
510790388949381,Jeremías Zúñiga Mezano,Jeremías Zúñiga Mezano,≤100
176993162348636,"El Colegio de Jalisco, A. C.",El Colegio de Jalisco,≤100
101259378771847,Guadalupe Yamak,José De Angel Lopez,≤100
113232271616467,La Sierra Madre,La Sierra Madre,≤100
112585171778105,Noticias Espectaculares,Noticias Espectaculares,≤100
549332432108481,Naomi Santos,Naomi Edith Santos Gomez,≤100
265578185292434,Eva América Mayagoitia,Eva América Mayagoitia,≤100
112213913990597,LAMA,These ads ran without a disclaimer,≤100
101259548948419,BenditaRed,BenditaRed,≤100
115264911171089,𝑷𝒆𝒑𝒆 𝑮𝒂𝒍𝒊𝒏𝒅𝒐 𝒀𝒂𝒎𝒂𝒌 𝑶𝑭𝑰𝑪𝑰𝑨𝑳,𝑷𝒆𝒑𝒆 𝑮𝒂𝒍𝒊𝒏𝒅𝒐 𝒀𝒂𝒎𝒂𝒌 𝑶𝑭𝑰𝑪𝑰𝑨𝑳,≤100
115803128082415,Info mexico virtual.,These ads ran without a disclaimer,≤100
421877377878288,Municipio de Querétaro,Municipio de Querétaro,≤100
104769105815812,Preparatoria SEP unidev,UNIDEV Universidad SC,≤100
138016565116389,Prepa En Linea SEP,UNIDEV Universidad SC,≤100
651415091544662,Cancún Channel,David Jonathan Estrada Castillo,≤100
103008312077513,Juventud Morena,Miguel Angel Echeverria Trujeque,≤100
340945746414391,Angeles Gutiérrez Valdez,Maria De Los Angeles Gutierrez Valdez,≤100
103814012380444,Partido Verde Ecologista Chihuahua,Partido Verde Ecologista Chihuahua,≤100
247775885648262,Víctor Lagunas Peñaloza,Victor Lagunas Peñaloza,≤100
105558432356449,Centro de Conciliación Laboral del Estado de Jalisco,Partners of the Americas,≤100
319324652211955,Luis Monreal,Miguel Angel Baena Cervantes,≤100
812361765480663,Pedro Kumamoto,Pedro Kumamoto,≤100
104677602556872,Prepa para todos Unidev,Unidev Universidad SC,≤100
1338826526222530,Héctor Ponce,Héctor Ponce Tizoc,≤100
536886746673043,Jóvenes MX,Yoxmex,≤100
104805888231365,Mexicano,"Editorial Kino, S.A. de C.V.",≤100
905324146270805,Carlos Quintana,Tropa Marketing,≤100
109927953731014,Espacio Libre México,Espacio Libre México,≤100
250380041811823,Instituto Tlalpan,These ads ran without a disclaimer,≤100
607974622950512,Valeria Santiago Barrientos,Alejandra Mishell Sanchez Alvarez,≤100
112252053650029,Preparatoria SEP en Línea,UNIDEV Universidad SC,≤100
1734083513565249,Hablemos Claro Noticias con Gastón Montaño,Gaston Wenceslao Montaño Alvarez,≤100
102889662253183,Avanzada Nacional,Avanzada Nacional,≤100
106395931972477,Promotur Fideicomiso para el Fomento del Turismo,Promotur Fideicomiso para el Fomento del Turismo,≤100
136240676894192,Roberto Sosa Pichardo,Roberto Sosa Pichardo,≤100
543830382749706,Compromiso Social Mx,Compromiso Social Mx,≤100
616061725124082,Mario Vázquez,Mario Humberto Vázquez Robles,≤100
101480295171643,Miguel Pérez Pompa,Jose Miguel Pérez Pompa,≤100
681291175575804,Visible,Lievant Studio,≤100
124631600949535,Yo Influyo,Yoxmex,≤100
111747610668938,Nota Online.,Nota Online.,≤100
351614618580265,Diputado Mauricio Prieto,Mauricio Prieto Gomez,≤100
472006669668182,Oilo Yucatán,Oilo noticias,≤100
801673763367076,Carlos Cesar Jasso Rodríguez,Carlos Cesar Jasso Rodriguez,≤100
625822217504525,Francisco Javier Garza de Coss,Francisco Javier Garza de Coss,≤100
103852349111297,Infórmate y +,Infórmate y +,≤100
631195260345898,Partido Verde Guerrero,Partido Verde Guerrero,≤100
373696682782345,Mario Zepeda,Mario Ezequiel Zepeda Jacobo,≤100
695261801312971,Revista Encuentro en Acción,Carlos Alberto Cruz Alcántara,≤100
101780365441613,Santos Alberto Tarín Espinoza,Santos Alberto Tarín Espinoza,≤100
215364542672368,Javier Cruz,Gonzalo Javier Cruz Sanchez,≤100
875770769153544,Adán Moctezuma,Adan Moctezuma,≤100
206604539439888,Luis Nava,Luis Nava,≤100
109191994783454,Atmósfera Violeta,These ads ran without a disclaimer,≤100
108970623801463,Profr Carlos Rea Camacho,Profr Carlos Rea Camacho,≤100
100671096208741,Perfil Fronterizo,Perfil Fronterizo al Momento,≤100
105084060977192,Rosa María Hernández Espejo,Rosa Hernández Espejo,≤100
1663199587336163,SCAPSATM,"Sistema de Conservación, Agua Potable y Saneamiento de Agua de Temixco Morelos",≤100
106853071237547,Óscar Gutiérrez Camacho,Hector Daniel Sanchez Moreno,≤100
100077697601605,RMV Play,These ads ran without a disclaimer,≤100
1470120803203418,Cabecera,Cabecera,≤100
108854634988888,Ayuntamiento de Agua Dulce 2022-2025,Jose Arturo Zamorano Morales,≤100
190394041002546,Nuevo Gráfico,Nuevo Gráfico,≤100
108255341304797,Cancún Channel Edición,David Jonathan Estrada Castillo,≤100
1093163384039096,Ángel García Yáñez,Ángel García Yáñez,≤100
111969565605071,Ríodoce,Ríodoce,≤100
109944714836365,"Instituto de Investigación, Innovación, Capacitación y Actualización",These ads ran without a disclaimer,≤100
620611228034083,Rabindranath Salazar Solorio,Rabindranath Salazar Solorio,≤100
304354683273899,Pastor HECTOR FERRER,These ads ran without a disclaimer,≤100
543822652788842,Alerta News,Arturo Martin Huerta Romero,≤100
164856266971710,Es lo Cotidiano,Es lo Cotidiano,≤100
106026657916240,La Jornada Estado de México,La Jornada Estado de México,≤100
104257531651667,Matza Maranto Zepeda,Maritsa Concepcion Maranto Zepeda,≤100
213247992038369,Academia de Ballet Felipe Méndez,Felipe Méndez,≤100
187408468118775,Jorge Torres #elbrecho,Adictivo,≤100
170280463564813,Debate Político MX,Ariel Baltazar Cordova Wilson,≤100
1468723019887327,ddeser,ddeser,≤100
108276755314662,Portal Ciudadano de la Cámara de Diputados,Portal Ciudadano de la Cámara de Diputados,≤100
106874624023669,Madigen Marketing Digital,Charleaks Ruiz,≤100
107140161819481,Partido Encuentro Solidario del Estado de Zacatecas Oficial,Partido Encuentro Solidario del Estado de Zacatecas Oficial,≤100
112032205191271,Informa tierra caliente,These ads ran without a disclaimer,≤100
1429156507389951,El Heraldo SLP,These ads ran without a disclaimer,≤100
345156559163874,Norma Mejía Lira,Redboxmex,≤100
100755979598763,Amigos Campeche de Adán Augusto,These ads ran without a disclaimer,≤100
492853084519289,Héctor Narváez MX,Héctor Freddy Robaldi Narváez,≤100
104969985500026,alex_cruz_2018,These ads ran without a disclaimer,≤100
433144440178661,Anabey García,Ernesto Arrez,≤100
1304770176337900,El Sol de García,El Sol de México SA de CV,≤100
225774331107918,Jonathann Estrada,David Jonathan Estrada Castillo,≤100
402196160175517,Francisco Patiño Cardona,Francisco Patiño Cardona,≤100
134188236725011,Noemi Luna,Noemi Berenice Luna Ayala,≤100
106528952132176,RS24,RS24 En Unidad por Morelos A.C.,≤100
120004598726849,FullTrust,These ads ran without a disclaimer,≤100
101319892583290,Alejandro Esteban Sosa,Alejandro Esteban Sosa Benítez,≤100
996060393800265,Betty Rivera al Aire TV,Beatriz Rivera,≤100
113689874992902,Kukulkán Times,Kukulkán Times,≤100
1003353736384054,Noticias de Tijuana,Rodrigo Medeles Ruiz,≤100
306164263253389,Educación Nacional,These ads ran without a disclaimer,≤100
100326749114637,Armando González Romero,Juan Armando González Romero,≤100
2172949669630212,Monte Fénix,MONTE FENIX,≤100
105730758122121,Chuy Gómez,Gilberto De Jesus Gomez Reyes,≤100
103815765038167,Lorena Sanchez Vargas,These ads ran without a disclaimer,≤100
106866305596350,Tu vecino informa,Tu Vecino Informa,≤100
108960501297573,Lety Vázquez,Lety Vázquez Hernández,≤100
523908611353044,Reflector,REFLECTOR Agencia de Noticias,≤100
132530063461739,Grupo haconsultores,Augusto Hernandez Alonso,≤100
1426944100948033,Movimiento Cinco de Junio,Movimiento Cinco de Junio,≤100
101039232957533,afiliaciones avon alvaro obregoncdmx,These ads ran without a disclaimer,≤100
1635547433336430,En Vivo Durango,Hector Andres Soto Hernandez,≤100
203911472957381,Luis Pérez de Acha,Luis M. Pérez de Acha,≤100
6651543066,CNN Business,These ads ran without a disclaimer,≤100
87011584968,Thompson Hotels,These ads ran without a disclaimer,≤100
1100475430121149,Santander Universidades,These ads ran without a disclaimer,≤100
165007593521801,MyFamily,These ads ran without a disclaimer,≤100
329882267074187,Cristina Sada Salinas,Cristina Sada Salinas,≤100
101375582509907,Juan Barahona,These ads ran without a disclaimer,≤100
167878593236712,UNICEF en español,These ads ran without a disclaimer,≤100
680750975324493,Xinachtli,These ads ran without a disclaimer,≤100
100790745610161,RIOS MAYAS. Frontera Sur.,These ads ran without a disclaimer,≤100
233652128065243,Goberna México,Goberna,≤100