﻿Page ID,Page name,Disclaimer,Amount spent (COP)
104468561432859,Alexander Castro,Alexander Castro,251164
1589652347763879,Aquileo Medina A,Aquileo Medina Arteaga,118801
360840354678432,MK Team 24 7,Michel Wadih Kafruni Marin,30714
2301802950094361,Wilson Gutiérrez Montaña,María Fernanda Casas Ramirez,21380
104328067049129,Niñez YA - Sociedad civil por la niñez y la adolescencia,NiñezYA - Sociedad civil por la niñez y la adolescencia,5562
643513979193133,Justicia para Beatriz,Neuma,4998
108077528892290,Andrés Zamora Rovira,Space Marketing,4949
674235259688031,Carlos Ñuztes - Un Equipo para Todos,Carlos  David Ñuztes,4296
108158921672438,Llener Borja,Alvaro Jose Gomez Ramirez,4070
597006313643580,Gobernación del Valle del Cauca,Gobernación Valle del Cauca,3781
370492339735164,Centro Democrático - Comunidad Oficial,Centro Democrático - Comunidad Oficial,2304
581095835894514,Noticentro 1 CM&,Noticentro 1 CM&,1943
227254903968728,Marketing Personal,These ads ran without a disclaimer,1491
104472845840664,Juan Carlos Corrales,Juan Carlos Corrales,1367
105848177845789,All Out en español,All Out Action Fund,1316
113805144289592,Periódico La Pirámide,Periodico La Piramide,1209
832764363485573,Roberto Rodríguez Z.,Oscar Alexander Garcia Lopez,1113
102143071616787,Goberna Colombia,Goberna,1038
100232346317619,David Enrique Arango Quintana,David Enrique Arango Quintana,827
1400280116941194,Fabian Diaz,Fabian Diaz,728
167222580002790,Clara Luz Roldan Gonzalez,Clara Luz Roldán,557
2179680032345809,Cesar Augusto Torres Ríos,Cesar Augusto Torres Ríos,550
969143216462972,Felipe Cañizalez,Andreina Quintero Correa,521
267198759973201,Bairon Enrique Muñoz Lizarazo,Bairon Enrique Muñoz Lizarazo,437
1458739367777443,Wilson Gonzalez Piedecuesta,Wilson Gonzalez,400
838927469815494,Diana Diago,Diana Marcela Diago,389
569978373130700,Andrés Lizarralde Henao,Andrés Lizarralde Henao,375
103445938692040,Sebastián Morales,Sebastian Morales,362
411471016347514,Concejal Esteban Gañan,John Esteban Gañan Ospina,337
106874245463524,Luis Berneris Hurtado,Luis Berneris Hurtado,310
2341225942579432,Edwin Marín Concejal,Edwin Fabian Marin Marin,301
1529335724037224,Aeropuerto del Café,INTUAL,293
861234197280988,Stefany Gómez Concejala de Armenia,Stefany Gomez Murillo,266
1147318942107929,Todos Somos Una,DEBRAIN LLC,231
896046427178402,O'Farrell S.R.L,These ads ran without a disclaimer,222
264386463968386,Nubia Stella Martínez,Centro Democrático - Comunidad Oficial,197
100687408426888,Entrenando a mi PERRO,Juan Sebastian Ortiz Leal,192
114778278552099,Octavio Cardona León,Octavio Cardona León,172
103596816009903,Voy con Leo,Voy con Leo,126
108946084100541,Alcaldía Cartagena Del Chairá,Tuto Gonzalez,124
53177129367,Dilian Francisca Toro Torres,Dilian Francisca Toro,114
170276379775886,Instituto de Ciencia Política Hernán Echavarría Olózaga,Instituto de Ciencia Política Hernán Echavarría Olózaga (ICP),106
851680034864966,Proantioquia,FUNDACION PARA EL DESARROLLO DE ANTIOQUIA. ANTIOQUIA POR COLOMBIA,103
1815626541807349,Agencia de Periodismo Investigativo,Norbey Quevedo Hernandez,≤100
342293549947071,Duvan Mesa Sáenz,These ads ran without a disclaimer,≤100
494354027360929,Dirección de Educación Continua Pontificia Universidad Javeriana Bogotá,These ads ran without a disclaimer,≤100
2985975288082911,Lourdes Mateus: La Salud Es Tu Derecho,Lourdes Paola Mateus Serrano,≤100
411935876243052,Christian Perez,Christian Perez,≤100
2156874387878167,Yilber Leandro Saavedra,Yilber Leandro Saavedra,≤100
2298227617162317,SIGE - Sistema de Información para la Gestión Electoral,These ads ran without a disclaimer,≤100
859664117498334,Martha Alzate,Martha Alzate,≤100
299604886911205,Tizumba Online,Tizumba Online,≤100
105347795713762,livisilva.finanzas,These ads ran without a disclaimer,≤100
1649671688486614,Juan Carlos Muñoz Sepulveda,Juan Carlos Sepulveda Muñoz,≤100
104701351208795,"Secretaría de Infraestructura, Renovación Urbana y Vivienda","Secretaría de Infraestructura, Renovación Urbana y Vivienda",≤100
868705309806145,Entérate Villavo,Leonel Uriel Alzate Herrera,≤100
350160788433059,Proclama Cauca y Valle,Proclama Cauca y Valle,≤100
106886611550331,ohwell_x,These ads ran without a disclaimer,≤100
1975298409356242,Schaeffler REPXPERT México y CA,These ads ran without a disclaimer,≤100
1392286137657957,Jorge Rios Designer,These ads ran without a disclaimer,≤100
111967013731903,Goldwind,These ads ran without a disclaimer,≤100
103084375858203,Mi Campaña Aplicación,BJS inversiones,≤100
101841301686317,Marian Capriles Realtor in Orlando,These ads ran without a disclaimer,≤100