﻿Page ID,Page name,Disclaimer,Amount spent (TWD),Number of ads in Library
238507146264909,國際特赦組織 台灣分會 Amnesty International Taiwan,國際特赦組織 台灣分會 Amnesty International Taiwan,54158,186
343347583411734,歡樂大東家,These ads ran without a disclaimer,15008,2
286487218798,遠見雜誌,遠見雜誌,11993,9
158025223269,今周刊,今周刊,10117,9
148475335184300,Greenpeace 綠色和平 (台灣網站),Greenpeace 綠色和平 (台灣網站),9932,29
105864701769057,瑞馳智庫學院,瑞馳智庫股份有限公司,8822,7
467933563234921,南門書局-網路圖書名店、也有實體店面，誠信可靠！,玉河 孫,8699,18
106801464127093,目目非營利 MUVE NPO,目目非營利,8477,14
1424528754540995,健康遠見 - 對身體好！,健康遠見,8072,1
693907914395620,良杯製所 Oolab,良杯製所 Oolab,7670,7
103141681121150,城市學,遠見雜誌,7022,6
776085285851021,就業大獅,These ads ran without a disclaimer,6272,3
555403217887724,台灣國際器官移植關懷協會（Taicot）,台灣國際器官移植關懷協會（Taicot）,5019,7
219315794887869,聯合報,聯合報股份有限公司,4969,13
101046209392101,新事貸-新鑫特優經銷商,新事貸-新鑫特優經銷商,4799,1
110699089014688,三立新聞,三立新聞,4507,8
1633741366908742,曾獻瑩,章明吳,3953,2
241284961029,udn.com 聯合新聞網,udn.com 聯合新聞網,3727,3
113021403762187,法律協會-債務協商 更生 清算 -全台服務,傢宇 吳,3201,1
220168461484157,全統運動報名網,全統運動報名網,2881,14
1537741526464370,桃園市議長邱奕勝,奕勝 邱,2858,3
664175463714845,50＋好好：用新的方法，創造自己的理想老後,50＋好好：用新的方法，創造自己的理想老後,2736,3
109462390640602,企業勞動法務管理顧問-勞動契約、勞資爭議、勞務健檢、教育訓練、法律事務、法律風險控管,芸廷 林,2732,49
347432368933987,LINE TODAY Taiwan,LINE TODAY Taiwan,2271,8
211730475524462,大陸委員會,大陸委員會,2141,7
188311137478,中時新聞網,時報資訊,2083,1
860723987295409,黃永昌,黃永昌,1881,1
1649523455281990,遠山呼喚,遠山呼喚,1733,5
125386714156073,天使心家族社會福利基金會,天使心家族社會福利基金會,1664,13
236329653113740,台灣玩具圖書館,台灣玩具圖書館,1650,9
177161918975981,基督教芥菜種會,基督教芥菜種會,1533,15
658507204537241,蔡耀頡《承擔》青新世代,瑜珊張,1112,1
1751961571765479,CSR在天下,偉倫 高,1112,1
1837393259853915,正直敢言-林祈烽,柏德 林,1077,2
171759036215066,創世紀不動產教育訓練中心,Micky  Wu,1050,16
931772660185882,劉崇顯 新竹市議員,Chung Hsien Liu,1019,1
235679595900,民視新聞,民視新聞,1000,1
100806002691584,陳識明,郁琪廖,982,3
359293781476624,看護達人 華鎰仲介,看護達人 華鎰仲介,973,6
1629474157289221,小牛頓,小牛頓科學教育有限公司,969,6
215213505975,FUNDAY英語教育,FUNDAY英語教育,959,3
106319540949564,五顯大帝開基祖廟-彰化大村埤腳五通宮,These ads ran without a disclaimer,952,1
322447507832934,文茜的世界周報 Sisy's World News,文耀胡,952,1
111206991666159,莊謦宇 壯圍鄉長候選人,莊謦宇,951,2
1487218698275407,南門書局二店-網路特價書店-也有實體店面，價格親民，誠信可靠的老店。（師友文化）,玉河 孫,934,3
101355918337667,地天泰國際顧問有限公司,地天泰國際顧問有限公司,919,3
1339118476184144,復華金管家：投資人生一定要加的朋友,復華證券投資信託股份有限公司,883,1
109002541829823,我的御劍日記,These ads ran without a disclaimer,863,2
569626243213799,生鮮時書,生鮮時書,838,2
104624290080479,張育美,翊斌黃,789,3
234636916658305,北區國稅局,北區國稅局,786,6
390569611008641,願景工程基金會 Vision Project,願景工程基金會,765,22
1717154984995050,陳冠宇,冠宇 陳,729,1
276183192418062,熊米屋烘焙坊,柏璋蘇,727,6
101718182459153,天秤座戰士,Companionship Digital,726,3
285691048228640,新北市議員 劉哲彰,怡文 王,712,1
170671044596,天主教善牧基金會,天主教善牧基金會,701,10
108254142604400,【iVoter立委議題立場分析平台】,猷盛林,686,3
109342485815974,屏東縣政府財稅局,元戎張,681,1
106513612253920,三立電視公司,These ads ran without a disclaimer,678,2
175549807657,台達基金會,台達基金會,639,4
383894332404945,陳慶齡 新竹市議員,晧瑀 吳,637,2
550276398371783,靜宜大學 Providence University,靜宜大學 Providence University,636,4
282131515802876,新北民政保平安,采威國際資訊股份有限公司,597,2
104645762150840,台灣氣候聯盟Taiwan Climate Partnership,台灣氣候聯盟Taiwan Climate Partnership,592,3
1632601180343924,臺科大 EMBA,梅良楊,579,1
101445749266285,哇新聞,哇新聞,578,14
938117856232411,康寧大學,惠玲高,563,2
137143073105957,愛秀團隊－林碧秀,碧秀 林,524,3
739049559498402,元氣網,udn.com,514,4
148513668543221,地球公民基金會,地球公民基金會,498,4
871546686204671,吳國寶 服務專區,吳國寶,495,1
101629185999930,永安理財專員-花花,黃詩凭,483,1
201107280815936,潔淨學-不咬手潔淨體貼,永勝 許,474,3
201785650801,亞洲大學(Asia University Taiwan),These ads ran without a disclaimer,462,1
1847777185521418,放言 Fount Media,放言科技傳媒股份有限公司,459,4
1844336125834708,桃園市議員 徐玉樹,桃園市議員 徐玉樹,449,2
122912938347467,歐陽霆,霆 歐陽,432,1
222454641957181,林昭賢,林昭賢,427,1
850754301947812,鏡新聞,鏡新聞,410,3
283193422168539,尤瑞春 和美鎮長候選人,尤瑞春 和美鎮長候選人,406,1
1603472716564539,五倍創意 vxdesign,五倍創意股份有限公司,397,2
213646928757562,梁為超,市議員梁為超粉絲團,395,1
436843193180529,Unipapa,Unipapa,387,7
555448224595231,許立丕後援會粉絲團,立丕 許,386,3
108761728351753,陳俞融,Yu-Jung Chen,372,1
593374924100942,經濟民主連合,社團法人經濟民主連合,344,3
101983198766056,凌濤,Tao Ling,342,1
104496092259062,方信淵-高雄市議員,方信淵,341,1
480749581974167,Buanamegah wisata,These ads ran without a disclaimer,308,1
522737194537177,紅姐-姜梅紅,姜鈞翔,304,1
263677040314477,社團法人台灣防暴聯盟,社團法人台灣防暴聯盟,300,1
112607318091165,金門好媳婦｜吳佩雯律師,吳佩雯,289,2
107162861090654,法律協會-前置協商  更生 清算  免費諮詢,Yaya Lin,288,1
101010965692006,林秉宥,林秉宥,285,1
2430390413849261,奕綸有限公司,京昀,281,1
829253007099726,張肇良會做事,肇良 張,267,1
903637369830148,公正民意調查,公正民意調查,256,38
1497733343797402,有魄力 肯服務·簡賜勝,有魄力 肯服務·簡賜勝,254,1
164216566973089,Taiwan Raelian Movement 台灣雷爾運動,彭韋銘,248,1
1581541812103731,台灣獼猴共存推廣協會,美吟林,246,1
1628725724010088,縣議員許書維   有經驗 會做事,縣議員許書維   有經驗 會做事,246,1
1494980514073617,故事 StoryStudio,故事：寫給所有人的歷史,242,2
487213414986961,數位外交行動計畫 Digital Diplomacy,Joy  Hu,224,3
341828817053225,新故事運動 New Story Movement,新故事運動 New Story Movement,220,1
101576862144790,工程師看政治,玄超 黃,218,3
289158417927469,大衛綠色科技，大衛太陽能,大衛綠色科技，大衛太陽能,216,1
109946254161907,Tommy 獨立理財顧問,詠程 許,208,2
127628276929,天下雜誌,天下雜誌,208,2
103032645529885,菱傳媒,菱傳媒,207,1
103640919705348,綠色公民行動聯盟Green Citizens' Action Alliance,綠色公民行動聯盟Green Citizens' Action Alliance,207,1
168792563157134,UF Japan日本留學中心,UF Japan日本留學中心,185,3
102250944650873,本質研究 SKINeed,依諭 李,164,2
460410744059213,TotalEnergies,沛儒謝,152,1
1616764821902568,不敗教主-陳重銘,These ads ran without a disclaimer,150,1
354149841356884,哈本咖啡 Happen Coffee,林奕丞,148,1
153114576645,皇冠文化集團,皇冠文化集團,148,1
105642832328740,黃敏惠 嘉義市長候選人,黃敏惠嘉義市長候選人,147,1
1606596916218497,桃園市議員吳嘉和,桃園市議員吳嘉和,147,1
201785650801,亞洲大學(Asia University Taiwan),亞洲大學,146,1
125534862174582,萬狀通-legal885-法律自動書狀生成,萬狀通-legal885-法律自動書狀生成,138,3
102171452376534,陳財能,陳財能,137,1
575747599156894,環境資訊中心,台灣環境資訊協會,135,1
1503745219913314,"孫大千Sun, Ta-Chien",宜軒 李,133,2
526108450863586,南投縣政府文化局,南投縣政府文化局,132,3
546919432374583,台灣三井不動產－投資顧問部,緻霖高,129,1
972132016144408,施佩妤《十年有妤．感恩有您》,施佩妤《十年有妤．感恩有您》,122,2
717760681685006,GeneOnline 基因線上,These ads ran without a disclaimer,119,1
101031041508790,永貞新村 紅茶冰 X 雞蛋糕 品牌總部,These ads ran without a disclaimer,119,1
359412951284086,啟景國際 KGC - 移民·護照·留學·置產,啟景國際 KGC - 移民·護照·留學·置產,118,1
218229778615150,朱珍瑤,珍瑤朱,118,1
123082847747496,婦女救援基金會,財團法人台北市婦女救援社會福利事業基金會,116,2
174567875906128,Epson,台灣愛普生科技股份有限公司,114,3
49275915266,MSI Reproductive Choices,These ads ran without a disclaimer,111,6
603411289733430,黑體文化,These ads ran without a disclaimer,108,2
108675627404410,Melbourne Asia Review,These ads ran without a disclaimer,104,1
100440469276192,坐島觀天In the view of Taiwanese,立場新聞-台灣,101,1
155862098695105,壽豐鄉長候選人-曾淑懿,士豪劉,≤100,1
368820985964,台灣伴侶權益推動聯盟,台灣伴侶權益推動聯盟,≤100,1
105742975534267,麥寮鄉民代表 吳明宜 服務團隊,麥寮鄉民代表 吳明宜 服務團隊,≤100,2
139995871775,中國文化大學推廣教育部,These ads ran without a disclaimer,≤100,1
101108749239486,站前當舖 房屋貸款 土地貸款 汽車貸款 機車貸款免留車,站前當舖 房屋貸款 土地貸款 汽車貸款 機車貸款免留車,≤100,1
109750505173191,黃sir開講-黃英學,黃sir開講-黃英學,≤100,2
110918307881765,見人見狗研究中心,kpi-center,≤100,1
100506478473780,公視主題之夜 SHOW,公視主題之夜SHOW,≤100,2
1385833738386412,徐志榮,嘉玲 詹,≤100,6
673035569401167,育田基金會 Mercyland,財團法人育田社會福利慈善基金會,≤100,3
1645501069043806,科科性別,國立高雄師範大學,≤100,1
1843778662346739,慈恩哲思之丘 Cien reflection zone,宥漆吴,≤100,1
376261345868585,李文斌,楊喬淩,≤100,1
111289515704943,環境品質文教基金會 EQPF,佾展 鄭,≤100,1
2359567157407721,福山里里長葉德龍,榆臻陳,≤100,1
106416431874695,陳詩薇,陳詩薇,≤100,1
2306976372908913,小伽羅生活日記,These ads ran without a disclaimer,≤100,1
106988285440232,邵啟月 竹北市民代表,邵啟月,≤100,1
158714780827513,UNFPA,These ads ran without a disclaimer,≤100,8
185944451466049,MOVINGSTAGE,These ads ran without a disclaimer,≤100,1
1379388662325800,胡仁順-花蓮縣議員候選人「花蓮市」,仁順 胡,≤100,1
15705531260,EF 台灣 海外遊學留學,These ads ran without a disclaimer,≤100,1
111242616968136,新視界整合行銷有限公司,These ads ran without a disclaimer,≤100,2
101138632788303,Kawaiii.Female,These ads ran without a disclaimer,≤100,1
103921062032627,苗栗縣非都市土地再生能源發電案場巡監綠電巡守隊,振宏林,≤100,1
521176024619313,花輪哥,傑齊 黃,≤100,7
101662265434180,消防安全有法可管,黃柄諺,≤100,1
1501887220103594,台灣女人連線．台灣女人健康網,台灣女人連線,≤100,1
362947561186301,何禮臺-新城鄉公所,紳旭 李,≤100,1
1885038748252057,Boris,These ads ran without a disclaimer,≤100,1
107048263999185,百面科技顧問,述信蔡,≤100,1
1587111954882044,魅力基隆,魅力基隆,≤100,3
1559815210701221,新台灣和平基金會,These ads ran without a disclaimer,≤100,1
368397373312842,游顥,游顥,≤100,1
126535244622269,台北市議員 李柏毅,李柏毅,≤100,1
105465185614479,福和里里長候選人 林寅利（阿利）,福和里里長候選人 林寅利（阿利）,≤100,1
1538132793111026,補體素 Protison,These ads ran without a disclaimer,≤100,3
905634552843396,蔡育輝,淑貞黃,≤100,1
102775395748336,悦讀VIP,冠宇 侯,≤100,1
259935137521515,顏政德 新竹市議員,顏政德,≤100,1
390569611008641,願景工程基金會 Vision Project,These ads ran without a disclaimer,≤100,15
263695400491952,長榮政蒼,These ads ran without a disclaimer,≤100,1
217519028785017,Nature Research Custom Media,These ads ran without a disclaimer,≤100,2
171962497713994,高雄好房網推薦,冠宇 侯,≤100,1
348634178936677,市議員黃美慧,美慧 黃,≤100,1
111983621692815,jjk.true,These ads ran without a disclaimer,≤100,1
1992951864115792,周柏吟,柏吟周,≤100,2
107436034820213,TSFF 台灣永續影展,These ads ran without a disclaimer,≤100,1
107463295270625,岡山橋頭飛起來,岡山橋頭飛起來,≤100,2
465616346853075,RE-THINK 重新思考,RE-THINK 重新思考,≤100,2
103201652475505,林口里孫維誠,孫維誠,≤100,1
109609211873505,愛鄰如親大烈嶼 吳嘉將,愛鄰如親大烈嶼 吳嘉將,≤100,1
104058278615128,看不到然後呢,These ads ran without a disclaimer,≤100,1
454248311304772,點子生活科技,These ads ran without a disclaimer,≤100,1
1990456904602331,創意金點科技股份有限公司,These ads ran without a disclaimer,≤100,2
1553668178254881,淨毒五郎 Chef Clean,志強靳,≤100,1
138878546370,徐景文,徐景文,≤100,1
124473380937123,勵馨基金會 The Garden of Hope Foundation,勵馨基金會 The Garden of Hope Foundation,≤100,2
106585287727165,花蓮縣原住民陶樸閣合作社,王沈剛竹,≤100,1
963067597161275,遠雄綠禾-鹽行國中重劃區,These ads ran without a disclaimer,≤100,1
104478515128771,自忠學堂,Kaiwun Lin,≤100,4
100661818730059,Judgement Day: Decide It,These ads ran without a disclaimer,≤100,1
105101134933400,Finance World,These ads ran without a disclaimer,≤100,1
1520844304842519,型男營養師曾相為,These ads ran without a disclaimer,≤100,1
106022369958421,新世紀黃蜂女子壘球企業聯隊,These ads ran without a disclaimer,≤100,1
151405678864363,全民Party,These ads ran without a disclaimer,≤100,1
895235543926742,胡言亂語股票討論區,These ads ran without a disclaimer,≤100,1
345383962211058,Infineon Technologies AG,These ads ran without a disclaimer,≤100,1
120162743875,MPact,These ads ran without a disclaimer,≤100,1
191347651290,China Daily,These ads ran without a disclaimer,≤100,1
110095967929912,Best Of The Best On Kickstarter,These ads ran without a disclaimer,≤100,4
226406520645,YSL Beauty,These ads ran without a disclaimer,≤100,1
565225540184937,CGTN,These ads ran without a disclaimer,≤100,1