﻿Page ID,Page name,Disclaimer,Amount spent (NIO)
1178907632131454,Galaxy Training,These ads ran without a disclaimer,≤100
318820991498689,G-22,These ads ran without a disclaimer,≤100
152914224736727,Banco Mundial,These ads ran without a disclaimer,≤100
330588664374135,Sunshine Solar  Energia Solar,These ads ran without a disclaimer,≤100
277122708999234,Casa McGregor,Carolina Nohemy Gutierrez Alvarado,≤100
1702138929926817,Mongabay Latam,These ads ran without a disclaimer,≤100
227380361162581,Danny Bøy,These ads ran without a disclaimer,≤100