﻿Page ID,Page name,Disclaimer,Amount spent (USD),Number of ads in Library
133223738568337,BMC News LIVE,BMC News LIVE,≤100,9
19746387261,Humane Society International,These ads ran without a disclaimer,≤100,1
105311938353424,Trading Legend รวยรวยรวย - 37Games,These ads ran without a disclaimer,≤100,1
112644208363799,may1000years,These ads ran without a disclaimer,≤100,1
108091988358295,Travels All Abroad,These ads ran without a disclaimer,≤100,1
108271242164727,مجلة المجتمع,These ads ran without a disclaimer,≤100,1
102023711572671,أساس ميديا -  Asas Media,These ads ran without a disclaimer,≤100,1
1397405843841104,Ines de la Fressange Paris,These ads ran without a disclaimer,≤100,1
31292782350,Deutschland.de,These ads ran without a disclaimer,≤100,1