﻿Page ID,Page name,Disclaimer,Amount spent (USD)
103323581486845,النائب سليمان موسى ابو يحيى,Sleman Abuyahia,≤100
109854728594212,برنامج تحديث القطاع العام,برنامج تحديث القطاع العام,≤100
102931605845722,تيار وطني يهدف لتأسيس حزب باسم العمل,حزب العمل,≤100
664477853670759,المكتب الاعلامي للنائب معتز ابورمان,Moutaz Abu Rumman,≤100
107141858896307,Rewell Society,Rewell Society,≤100
109219087226819,مكتب النائب محمد يحيى المحارمة الاعلامي,مكتب النائب محمد يحيى المحارمة الاعلامي,≤100
521303771314889,وزارة الصناعة و التجارة و التموين الاردنية Mit.gov.jo,Muhanad Alomyan,≤100
821430017924241,Sungrow,These ads ran without a disclaimer,≤100
110501320799684,alysha_n_malhotra,These ads ran without a disclaimer,≤100
106860992137148,الموجز في التاريخ و الحضارة,These ads ran without a disclaimer,≤100
101289218907718,Web News,These ads ran without a disclaimer,≤100