﻿Page ID,Page name,Disclaimer,Amount spent (BOB)
110555990500784,Ingvar Ellefsen - Diputado,Ingvar Ellefsen,≤100
279677395908479,Virginio Lema Trigo,Walter Agustin Zambrana Arze,≤100
130336323685885,Gobernación de Santa Cruz,Gobernación de Santa Cruz,≤100
106403237850347,Goberna Bolivia,Goberna,≤100
391416088139258,Movimiento Pro-Pacha,Guillermo Mallea,≤100
181646422172306,FAM BOLIVIA,Edwin Quispe Ortiz,≤100
104257317751894,Santiago Condori Apaza,Sandro Iquise Vincenti,≤100
100421178670997,Grande mi Oruro,Coordenada Digital,≤100
113376820321312,Tierra Digna,Coordenada Digital,≤100
1947703858861720,Mayra Zalles - Diputada,Mayra Ingrid Zalles Trigo,≤100
142076522643000,GestióNGPA SRL,These ads ran without a disclaimer,≤100
103276561855899,El Diario Virtual,El Diario Virtual,≤100
107706102295108,Wire Tool,These ads ran without a disclaimer,≤100
94005676787,Hitachi Vantara,These ads ran without a disclaimer,≤100