﻿Page ID,Page name,Disclaimer,Amount spent (USD)
342294162453301,Planned Parenthood,Planned Parenthood Federation of America,611
122432537796726,Pharmaceutical Care Management Association (PCMA),PHARMACEUTICAL CARE MANAGEMENT ASSOCIATION,470
570092813023833,Matt Walsh,The Daily Wire,342
106795887744054,In Utah,Utah Governor's Office of Economic Opportunity,298
127225910653607,PragerU,PragerU,232
101769576791,Health Action Network,Health Action Network,196
385473284886474,Hillsdale College,Hillsdale College,162
851220855030432,J.P. Morgan,"JPMORGAN CHASE BANK, NA",158
1461100540775171,The Tuttle Twins,LIBERTAS INSTITUTE,153
10461186460,Ben & Jerry's,"BEN & JERRY'S HOMEMADE, INC.",146
59818905941,Utah Democratic Party,UTAH STATE DEMOCRATIC COMMITTEE,118
376006035816016,Storyworth,These ads ran without a disclaimer,101
6514736316,Walden University,Walden University,≤100
304905122888875,Rocky Mountain Power,Rocky Mountain Power,≤100
2353537341582545,Proud Patriots,Proud Patriots,≤100
108945561919531,The Great American Services,The Great American Services,≤100
565283270180788,HECHO,NATIONAL WILDLIFE FEDERATION,≤100
18982436812,ACLU,American Civil Liberties Union,≤100
203805062990264,Ben Shapiro,The Daily Wire,≤100
110214011784161,Global America Center,Global America Center,≤100
106568024842114,Rideshare Assault Support,Citizen Ad Network LLC,≤100
92925746942,Judicial Watch,Judicial Watch,≤100
309308412520731,Sandy Hook Promise,Sandy Hook Promise,≤100
309798029121030,Everytown for Gun Safety,Everytown for Gun Safety Action Fund Inc,≤100
153080620724,Donald J. Trump,TRUMP SAVE AMERICA JOINT FUNDRAISING COMMITTEE,≤100
592707041080920,Stand Together,Stand Together Chamber of Commerce Inc.,≤100
80562389320,NARAL Pro-Choice America,NARAL PRO-CHOICE AMERICA CORP,≤100
15771560300,Earthjustice,EARTHJUSTICE,≤100
103912059097010,One Real American,One Real American,≤100
130945114804,World Jewish Congress,ATTN: INC.,≤100
106644838819876,One Great American Solutions,One Great American Solutions,≤100
110431415026491,The American Enthusiasm,The American Enthusiasm,≤100
113891694102,Energy Citizens,AMERICAN PETROLEUM INSTITUTE,≤100
106244251043808,America's Plastic Makers,"AMERICAN CHEMISTRY COUNCIL, INC.",≤100
76470053424,TIAA,TEACHERS INSURANCE AND ANNUITY ASSOCIATION OF AMERICA,≤100
160389977329803,ATTN:,ATTN: INC.,≤100
166618413413767,Jay Sekulow,American Center for Law and Justice,≤100
8492293163,Environmental Defense Fund,Environmental Defense Fund,≤100
203197030603239,8 Billion Trees,8 Billion Trees LLC,≤100
40217893542,AIPAC,AIPAC,≤100
1435071773455316,Daily Wire,The Daily Wire,≤100
5720973755,Defenders of Wildlife,DEFENDERS OF WILDLIFE,≤100
7341997111,Conservation International,Conservation International,≤100
2053678114723700,President Trump's Patriot Army,I Love My Freedom,≤100
7030901126,Campaign for Tobacco-Free Kids,Campaign for Tobacco-Free Kids,≤100
104295601633638,American Cornerstone Institute,American Cornerstone Institute Inc,≤100
104394262049761,Jeremy's Razors,The Daily Wire,≤100
107483817554072,WorkMoney,WorkMoney,≤100
85452072376,NEWSMAX,"NEWSMAX MEDIA, INC.",≤100
7229514244,Drug Policy Alliance,DRUG POLICY ALLIANCE,≤100
746938465317981,Nuclear Matters,Nuclear Matters,≤100
22067606728,Allen West,The Association of Mature American Citizens Inc,≤100
100992801635617,Conservative-American.org,Conservative American Strategies,≤100
6204742571,Sierra Club,SIERRA CLUB,≤100
104253615152700,America First Legal,America First Legal Foundation,≤100
38235851310,USA for UNHCR,UNITED STATES ASSOCIATION FOR UNHCR,≤100
18709174006,National Audubon Society,"NATIONAL AUDUBON SOCIETY, INC.",≤100
106121804986003,Best Health Tips,Seniors Today USA,≤100
85273022315,NAMI,NAMI,≤100
108641741851973,Magic Valley Energy,Magic Valley Energy LLC,≤100
314499212242,Pfizer,Pfizer Inc.,≤100
57259033959,AARP,AARP,≤100
6041057841,The Humane Society of the United States,"HUMANE SOCIETY OF THE UNITED STATES, THE",≤100
12301006942,Democratic Party,DNC SERVICES CORP./DEM. NAT'L COMMITTEE,≤100
140357056032320,NEA Today,National Education Association,≤100
13885075114,Action Against Hunger USA,ACTION AGAINST HUNGER - USA,≤100
203805062990264,Ben Shapiro,Daily Wire,≤100
689547608156721,The Burial Solution,THE BURIAL SOLUTION,≤100
304600892905134,Hillsdale College Online Courses,HILLSDALE COLLEGE,≤100
428821014132730,Katie Porter,KATIE PORTER FOR SENATE,≤100
49651563727,Live Action,Live Action,≤100
109320440856128,Stand Up to Jewish Hate,"Foundation to Combat Anti-Semitism, Inc.",≤100
30139072158,CARE,CARE,≤100
15239367801,The Wilderness Society,"WILDERNESS SOCIETY, THE",≤100
412302902150250,Undeniably Dairy,Undeniably Dairy,≤100
209516845093,NRDC Action Fund,NRDC Action Fund,≤100
158791100909689,Concerned Veterans for America,Concerned Veterans for America,≤100
1593518174052711,Candace Owens,The Daily Wire,≤100
108668858578908,Médico Cubierto,JADE Computer Services LLC,≤100
108774614054683,American Edge Project,American Edge,≤100
103875099042033,DailyWire+,The Daily Wire,≤100
1593518174052711,Candace Owens,Daily Wire,≤100
21375324480,The Heritage Foundation,HERITAGE FOUNDATION (THE),≤100
376776419037747,Turning Point USA,"Turning Point USA, Inc.",≤100
100168566232753,IRS Helper,Leads Team LLC,≤100
10128918116,Gavin Newsom,Campaign for Democracy PAC,≤100
1316372698453411,Alexandria Ocasio-Cortez,Alexandria Ocasio-Cortez for Congress,≤100
282380365148226,Center for Safe Internet Pharmacies,Center for Safe Internet Pharmacies LTD,≤100
107764430968176,Tuttle Twins TV Show,"Tuttle Twins Show, LLC",≤100
555787351119974,Coalition to Protect America's Health Care,Coalition to Protect America’s Health Care,≤100
7292655492,MoveOn,MOVEON.ORG POLITICAL ACTION,≤100
102079592297532,Leftdiculous Card Game,"Right Entertainment, LLC",≤100
408526523045391,Mammoth Nation,Mammoth Nation,≤100
665345483483486,NRA - National Rifle Association of America,NATIONAL RIFLE ASSN OF AMERICA,≤100
100466376050855,Real America Home,Real America Home,≤100
117070665008945,Harmons Grocery Stores,These ads ran without a disclaimer,≤100
104760636770,Vera Institute of Justice,"VERA INSTITUTE OF JUSTICE, INC.",≤100
260713150211,Protect Our Winters,Protect Our Winters,≤100
102592959026,Ocean Conservancy,"OCEAN CONSERVANCY, INC.",≤100
580610428636345,Fight for $15,Fight for $15,≤100
359477377917,American Federation for Children,American Federation for Children,≤100
103807629149771,Working Forests Initiative,"WORKING FOREST INITIATIVE, INC.",≤100
602074469965571,Plan C,NATIONAL WOMENS HEALTH NETWORK,≤100
50822254585,Mountain States Legal Foundation,Mountain States Legal Foundation,≤100
108268161352786,Stanley M. Herzog Foundation,Herzog Foundation,≤100
255062275778,Tim Tebow Foundation,TIM TEBOW FOUNDATION,≤100
106456872157681,Claxtonlawgroup,CLAXTON LAW PLLC,≤100
159658557547960,Wall Street Journal Opinion,The Wall Street Journal,≤100
61492859575,Americares,"Americares Foundation, Inc.",≤100
114008535880,Foundation for Individual Rights and Expression,"FOUNDATION FOR INDIVIDUAL RIGHTS AND EXPRESSION, INC.",≤100
115415064388243,Brett Cooper,The Daily Wire,≤100
69983322463,Ted Cruz,TED CRUZ FOR SENATE,≤100
112600915451330,No Labels,No Labels,≤100
216311481960,Bill Gates,Bill Gates,≤100
57615046615,Rainforest Trust,RAINFOREST TRUST INC,≤100
86071521216,Second Amendment Foundation,SECOND AMENDMENT FOUNDATION INC,≤100
23875187730,Feeding America,Feeding America,≤100
100652668612020,Essential Plastics Coalition,"CENTER FOR CONSUMER FREEDOM, THE",≤100
7735858972,Humane Society Legislative Fund,Humane Society Legislative Fund,≤100
6502038524,First Book,FIRST BOOK,≤100
570953166908066,Vivek Ramaswamy,VIVEK 2024,≤100
112735922758892,Charlie Kirk,"Turning Point USA, Inc.",≤100
897994503631860,HealthInsurance.net,ASSURANCE IQ INC,≤100
229215343903783,Unbottled,These ads ran without a disclaimer,≤100
11602044174,Independent Women's Forum,Independent Women's Forum,≤100
115379705206001,U.S. Department of Homeland Security Blue Campaign,U.S Department of Homeland Security Blue Campaign,≤100
103695769458,United States Mint,United States Mint,≤100
267180743723148,National Geographic Society,National Geographic Society,≤100
83290028957,Care Net,CARE NET,≤100
245741028804051,Barbara Sinatra Center,Barbara Sinatra Children's Center,≤100
340153562850578,Tim Tebow,TIM TEBOW FOUNDATION,≤100
1540549669581410,Voices for Affordable Health,Voices for Affordable Health,≤100
103886259329726,US Loan Center,US Loan Center Advantage,≤100
281844617168,Jewish Voice Ministries International,Jewish Voice Ministries International,≤100
8325302025,Friends of the Earth U.S.,Friends of the Earth,≤100
100758682697459,Mayday Health,"Mayday Medicines, Inc.",≤100
103885799225717,Liberty Protector,Liberty Protector,≤100
29934350147,Marketplace Business News,AMERICAN PUBLIC MEDIA,≤100
105331908787374,Republican Accountability PAC,REPUBLICAN ACCOUNTABILITY PAC INC,≤100
44659430888,Responsibility.org,FOUNDATION FOR ADVANCING ALCOHOL RESPONSIBILITY,≤100
19437978960,Chris Murphy,FRIENDS OF CHRIS MURPHY,≤100
19554217292,American Heart Association: You're the Cure,American Heart Association,≤100
84112077638,Greater Good Charities,GREATERGOOD.ORG,≤100
7192716362,Amnesty International USA,"AMNESTY INTERNATIONAL OF THE U. S. A., INC.",≤100
70874333603,CatholicVote,catholicvote.org,≤100
105454117977117,Voices for Consumer Choice,Voices for Consumer Choice,≤100
1476342155924546,Big Rig Threads,Big Rig T-Shirts and Decals LLC,≤100
101674425989138,MIT Economics Survey on Climate Change,"MIT Climate Change Survey, MIT Department of Economics",≤100
681626158940626,Mission Roll Call,Americas Warrior Partnership,≤100
121626482110,Operation Smile,OPERATION SMILE,≤100
372577693078008,"Saenz-Garcia Law, PLLC","Saenz-Garcia Law, PLLC",≤100
107661474402498,Liberty Eagle Apparel,United Patriot,≤100
1470540296409810,Fair Fight Action,FAIR FIGHT,≤100
23875187730,Feeding America,FEEDING AMERICA,≤100
29717379728,International Justice Mission,International Justice Mission,≤100
219242560293,Meals on Wheels America,Meals On Wheels America,≤100
57774720835,RESOLVE: The National Infertility Association,RESOLVE THE NATIONAL INFERTILITY ASSOCIATION (USED IN VA BY: RESOLVE INCORPORATED),≤100
200650357207240,I Love My Freedom,I Love My Freedom,≤100
72931140459,Center for Biological Diversity,"CENTER FOR BIOLOGICAL DIVERSITY, INC.",≤100
111464544881905,America First News,Tomer Barazani,≤100
1562713090633117,Operation Underground Railroad,OPERATION UNDERGROUND RAI,≤100
12375354406,USO,United Service Organizations,≤100
128288676833,Rocky Mountain Elk Foundation,"ROCKY MOUNTAIN ELK FOUNDATION, INC.",≤100
103531607822207,Noticias para Inmigrantes,"Wise Rock Media, PBC",≤100
45393753416,Alliance Defending Freedom,Alliance Defending Freedom,≤100
109092142462587,Adam Schiff,SCHIFF FOR SENATE,≤100
102748688472759,Parents Defending Education,Parents Defending Education,≤100
8002590959,Rainforest Action Network - RAN,RAINFOREST ACTION NETWORK,≤100
583258211727279,Shai Fund,SHAI FUND INC,≤100
103355385129734,The Climate Pledge,The Climate Pledge,≤100
410143045995386,Patients for Affordable Drugs,Patients for Affordable Drugs Inc.,≤100
1428755447227803,Defend The Second,Next Level Goods,≤100
50982313030,Food & Water Watch,Food & Water Watch,≤100
140499052681592,Bank of the West,BANK OF THE WEST,≤100
105561217523274,The Dispatch,"Dispatch Media, Inc.",≤100
114008535880,Foundation for Individual Rights and Expression,FOUNDATION FOR INDIVIDUAL RIGHTS IN EDUCATION,≤100
160630887998827,Let Them Live,Oliver Harrison  Berning,≤100
68680511262,NFL,NFL PROPERTIES LLC,≤100
38471053686,Elizabeth Warren,"WARREN FOR SENATE, INC.",≤100
11791104453,NRDC,Natural Resources Defense Council,≤100
149607228384141,America Needs Fatima,"American Society for the Defense of Tradition, Family and Property",≤100
349068689306,Tim Scott,Tim Scott Presidential Exploratory Committee,≤100
96935476345,Democratic Governors Association (DGA),"Democratic Action, democraticgovernors.org, not authorized by any candidate or candidate's committee.",≤100
161183970656851,Ruben Gallego,GALLEGO FOR ARIZONA,≤100
51379424899,Mercy Ships,MERCY SHIPS INTERNATIONAL,≤100
100684991996307,November Coalition,NOVEMBER COALITION,≤100
101869563236902,FreedomFest,FreedomFest,≤100
145973965440671,Carnegie Corporation of New York,CARNEGIE CORPORATION OF NEW YORK,≤100
1958912674200535,The Pour Over,Pour Over,≤100
107414074990650,Defense of Freedom Institute,"Defense of Freedom Institute for Policy Studies, Inc.",≤100
340473586612116,Officialcarinsurance,These ads ran without a disclaimer,≤100
105627742460145,Tobacco Kills NY,TOBACCO-FREE KIDS ACTION FUND,≤100
126211280741703,Midwest Values PAC,Midwest Values PAC,≤100
219612384781411,Bloomberg Philanthropies,Bloomberg Philanthropies,≤100
443329669123990,USAFacts,USAFacts Institute,≤100
6266829799,Sherrod Brown,FRIENDS OF SHERROD BROWN,≤100
21090771700,Gun Owners of America,Gun Owners of America,≤100
250485248333218,Clean Air Task Force,CLEAN AIR TASK FORCE,≤100
21492729544,Catholic Relief Services,CATHOLIC RELIEF SERVICES - UNITED STATES CONFERENCE OF CATHOLIC BISHOPS,≤100
105320035424908,"Now, Share It","Now, Share It",≤100
7263476274,Mercy Corps,Mercy Corps,≤100
2245766435469741,Beersy,Beersy LLC,≤100
106563958759988,Semafor,Semafor Inc.,≤100
169597416843751,Stand Up America,Stand Up America,≤100
197760674021143,Indivisible Guide,INDIVISIBLE ACTION,≤100
43005439032,American Diabetes Association,American Diabetes Association,≤100
160005659383,PreBorn,"MISSION: PRE-BORN, INC.",≤100
108913648781152,Hardworking Americans,Hardworking Americans Inc,≤100
466164103423147,Thorn,Thorn,≤100
10606591490,TIME,TIME USA LLC,≤100
417709355647,The Lynde and Harry Bradley Foundation,"LYNDE AND HARRY BRADLEY FOUNDATION, INC., THE",≤100
130234313704399,United We Dream,UNITED WE DREAM NETWORK INC,≤100
108266445888054,Patriot Academy,TORCH OF FREEDOM FOUNDATION,≤100
1116377255172784,Concerned Veterans for America Foundation,Concerned Veterans for America Foundation,≤100
780941275347834,Ilhan Omar,ILHAN FOR CONGRESS,≤100
24481937944,Theodore Roosevelt Conservation Partnership,"THEODORE ROOSEVELT CONSERVATION PARTNERSHIP, INC",≤100
5644748986,National Wildlife Federation,NATIONAL WILDLIFE FEDERATION,≤100
114194528248221,The Health Giveback,JADE Computer Services,≤100
100809736190174,American Promises,American Promises,≤100
15041226930,Oxfam,"OXFAM AMERICA, INC.",≤100
252814820267,HIAS,HIAS,≤100
151894654697,Save Our States,Save Our States,≤100
113981244991506,Secure Your Future,THE BURIAL SOLUTION,≤100
107034431979369,United24,Non-profit organization UNITED24,≤100
168876449866088,The Years Project,THE YEARS PROJECT,≤100
102546979162526,Clean4Change,These ads ran without a disclaimer,≤100
290548664672,First Liberty Institute,First Liberty Institute,≤100
101391906600,Live Action News,Live Action,≤100
112134538464796,ErcAccess,Leads Team LLC,≤100
632176236951077,Alliance for Justice Action Campaign,Alliance for Justice Action Campaign,≤100
34490197275,Stitcher,Stitcher,≤100
1832744013698336,Mahogany Mommies,Mahogany Mommies,≤100
5699478389,Custom Ink,These ads ran without a disclaimer,≤100
343714718985673,Think Wood,Think Wood,≤100
15503839732,Peter G. Peterson Foundation,Peter G. Peterson Foundation,≤100
318196171580489,Ron DeSantis,Friends of Ron DeSantis,≤100
911828698840246,ReLEntless Defender Apparel,ReLEntless Defender Apparel,≤100
60261764250,Childhelp,"CHILDHELP, INC.",≤100
154561574598964,White Coat Waste Project,THE WHITE COAT WASTE PROJECT INC,≤100
1526707030943680,Phoenix Dream Center,City Help Inc of Phoenix dba Phoenix Dream Center,≤100
8934429638,Planned Parenthood Action,Planned Parenthood Action Fund,≤100
100403528653081,Punchbowl News,Punchbowl News,≤100
331037760381749,Sierra Magazine,SIERRA CLUB,≤100
205433106156172,DEO - Dentist Entrepreneur Organization,These ads ran without a disclaimer,≤100
107445151903077,Change The Code,GREENPEACE INC,≤100
408250066356,Bill O'Reilly,"Bill Me, Inc.",≤100
786167111464006,Woodson Center,The Woodson Center,≤100
240937060405,Center for Science in the Public Interest (CSPI),Center for Science in the Public Interest,≤100
134452023239984,Human Coalition,Human Coalition,≤100
243184199040637,Caring Across Generations,Caring Across Generations,≤100
112642477582238,Mericanaf,AAF Nation,≤100
297987334762,Jamie Raskin,Jamie Raskin for Congress,≤100
282728185140429,Rep For Vets,The Rep For Vets,≤100
152264148166020,Moms Clean Air Force,Moms Clean Air Force,≤100
132066233534659,Healthcare Education Project,Healthcare Education Project,≤100
34362997676,United States Holocaust Memorial Museum,UNITED STATES HOLOCAUST MEMORIAL MUSEUM,≤100
7860876103,Joe Biden,DNC SERVICES CORP./DEM. NAT'L COMMITTEE,≤100
317284821682168,Messianic Jewish Alliance of America (MJAA),Messianic Jewish Alliance of America,≤100
169042736456594,All Out,All Out Action Fund.,≤100
8501031021,VoteVets.org,VOTEVETS,≤100
119953292796,Jim Banks,BANKS FOR SENATE,≤100
18813753280,Human Rights Campaign,"HUMAN RIGHTS CAMPAIGN, INC.",≤100
6240652407,Young America's Foundation,Young America's Foundation Inc,≤100
153446658100252,Lumina Foundation,Lumina Foundation,≤100
58736997707,Marco Rubio,Rubio Victory Committee,≤100
40973310753,Pathfinder International,Pathfinder International,≤100
367292494407,AJC - American Jewish Committee,AMERICAN JEWISH COMMITTEE,≤100
164966660351345,Hope Outfitters,Hope Outfitters,≤100
1526736227567131,TrueCoverage,True Coverage,≤100
110003135240961,Pride of America,Pride of American,≤100
518194348194441,RepresentUs,RepresentUs,≤100
126105480781184,Texas Home School Coalition (THSC),TEXAS HOME SCHOOL COALITION,≤100
220873174076,Animal Equality,ANIMAL EQUALITY,≤100
172758932738142,PhRMA,PHARMACEUTICAL RESEARCH AND MANUFACTURERS OF AMERICA,≤100
6787988478,Physicians for Human Rights,"PHYSICIANS FOR HUMAN RIGHTS, INC.",≤100
711478725532801,Civiqs,Civiqs,≤100
228132537208218,Tammy Duckworth,TAMMY FOR ILLINOIS,≤100
1382441768496365,Pentair,PENTAIR,≤100
507070522767934,AACR Foundation,"AMERICAN ASSOCIATION FOR CANCER RESEARCH, INC.",≤100
43934405787,IPPF,International Planned Parenthood Federation Worldwide Inc,≤100
74470852653,Mike Pompeo,Champion American Values PAC,≤100
101330089548224,John Burrows for Congress,John Burrows for Congress,≤100
104908071917505,Welcome.us,Welcome.us,≤100
117437204982602,American Wild Horse Campaign,American Wild Horse Preservation Campaign,≤100
8047221596,Save the Children US,SAVE THE CHILDREN FEDERATION INC.,≤100
127225910653607,PragerU,These ads ran without a disclaimer,≤100
6355071377,American Cancer Society Cancer Action Network - ACS CAN,AMERICAN CANCER SOCIETY CANCER ACTION NETWORK INC,≤100
474062436008137,Team McCaul,"McCaul for Congress, Inc.",≤100
103588388469410,Disparity Trap,Disparity Trap,≤100
201446296572389,Compassion in World Farming (USA),Compassion in World Farming Inc,≤100
120778038066631,EveryLibrary,EveryLibrary,≤100
110847698099863,Solarquote.org,These ads ran without a disclaimer,≤100
118903025362,FLOR,"FLOR, Inc.",≤100
89855016270,National Conference of State Legislatures,National Conference of State Legislatures,≤100
393076844046051,Progressive Caucus,CONGRESSIONAL PROGRESSIVE CAUCUS PAC,≤100
23790541544,Democrats,DCCC,≤100
106608038931801,Loyal Patriots,Loyal Patriots,≤100
25852730092,Care2,"Care2.com, Inc",≤100
106058025408954,Do No Harm Medicine,Do No Harm,≤100
142432192446984,David Horowitz Freedom Center,David Horowitz Freedom Center,≤100
945455208962159,For Everyone Collective,For Everyone Collective,≤100
104977525752112,Freedom of Patriots,Freedom of Patriots,≤100
425771317501061,Michael Knowles,The Daily Wire,≤100
116197620249405,Recycling Facts,Center for Consumer Freedom,≤100
102413723172970,Nick Adams,Nick Adams,≤100
318691681482265,Liberty Justice Center,Liberty Justice Center,≤100
262741493751666,The Pew Charitable Trusts,"PEW CHARITABLE TRUSTS, THE",≤100
131306317680000,Social Goods,"Social Goods, LLC",≤100
1600352356914768,PushBlack,PushBlack,≤100
173896102623920,Old Row,Old Row,≤100
1534290989956166,Philanthropy Roundtable,"PHILANTHROPY ROUNDTABLE, THE",≤100
259351004139042,Ashbrook Center,Ashbrook Center,≤100
124506846628,Agape International Missions,AGAPE INTERNATIONAL MISSIONS,≤100
1613516851999536,Sunrise Movement,Sunrise,≤100
217649245509,Nature | PBS,WNET,≤100
6316744206,Jon Tester,MONTANANS FOR TESTER,≤100
102027764795677,American Wire,BizPac Review,≤100
273205087827354,Citizens Alliance of Idaho,Citizens Alliance of Idaho,≤100
1163811040367180,Food & Water Action,FOOD & WATER ACTION,≤100
226999127329906,New York Immigration Lawyer,Law Office of Alena Shautsova,≤100
497348647140658,Point Source Youth,Point Source Youth,≤100
21395843375,Dialysis Patient Citizens,DIALYSIS PATIENT CITIZENS INC,≤100
197760674021143,Indivisible Guide,Indivisible Project,≤100
101069505589,American Association of Pro Life OB/GYNS,AAPLOG,≤100
108512875350,The Atlas Society,The Objectivist Center Ltd,≤100
111380958315889,Secure Financial Future,INVESTMENT COMPANY INSTITUTE,≤100
114710126648118,Republican Dogs,Republican Dogs,≤100
46347342434,EMILYs List,EMILY'S LIST,≤100
108293898875429,President Trump Supporters,I Love My Freedom,≤100
313426465202,Arizona Wildlife Federation,ARIZONA WILDLIFE FEDERATION,≤100
170756446429578,Othering & Belonging Institute,Othering and Belonging Institute,≤100
108733284000016,Oklahoma Families for Affordable Health Care,Oklahoma Families for Affordable Health Care,≤100
60182072999,Lila Rose,Live Action,≤100
230674337091593,Monti Kids,These ads ran without a disclaimer,≤100
93228695778,Tea Party Patriots,Tea Party Patriots,≤100
107034431979369,United24,These ads ran without a disclaimer,≤100
12185972707,350.org,350 ORG,≤100
6334782252,Oceana,Oceana,≤100
100373975829221,Fòs Feminista Org,Fòs Feminista,≤100
115031433563622,Leading Ladies,BizPac Review,≤100
471928596287830,Brian Mast,Mast for Congress,≤100
1338822066131069,Women's March,Women's March,≤100
38882699096,Polaris,POLARIS PROJECT,≤100
100119981671668,Blue Senate,BLUE SENATE PAC,≤100
110981884065996,AbortionFinder,Power to Decide,≤100
17203056985,Partners In Health,Partners In Health,≤100
310925405807,Citizens Climate Lobby,Citizens' Climate Lobby,≤100
1013454855413378,Arena Mail + Digital,Arenawins,≤100
107508342292098,Obamacare Answers,Mid Media Group LLC,≤100
105753898811449,Align Us,Kyle Reyes,≤100
7962229886,Environmental Working Group,ENVIRONMENTAL WORKING GROUP,≤100
355783211719644,Veteran Caregivers of America,"Veteran Caregivers, LLC",≤100
508887815910815,BPR,BizPac Review,≤100
91346559231,Democratic Legislative Campaign Committee - DLCC,Democratic Legislative Campaign Committee,≤100
104623832132932,Perry Johnson,PERRY JOHNSON FOR PRESIDENT INC.,≤100
1165715730222155,Consumer Choice Center,Consumer Choice Center,≤100
458643554482238,Uri Velez La Sra de los Seguros,Euridis Velez,≤100
378084314984,Trane Technologies,Trane Technologies,≤100
1065631633538453,Physicians Across Continents,These ads ran without a disclaimer,≤100
8321461609,MomsRising.org,MomsRising Together,≤100
105173311888160,Star and Bar,Star and Bar,≤100
116546288359245,Heritage Action for America,HERITAGE ACTION FOR AMERICA,≤100
109352563640,Water.org,WATER.ORG INC.,≤100
10498053716,Media Research Center,MEDIA RESEARCH CENTER,≤100
109716011638325,Jane Fonda Climate PAC,JANE FONDA CLIMATE PAC,≤100
19746387261,Humane Society International,Humane Society International,≤100
109059380894319,Togethxr,These ads ran without a disclaimer,≤100
48485058304,Pachamama Alliance,"PACHAMAMA ALLIANCE, THE",≤100
1898234727131235,Reel America,BizPac Review,≤100
293225127381200,Patriot Depot,The Patriot Depot,≤100
201956993160690,MRCTV,MEDIA RESEARCH CENTER,≤100
522359791285231,American Greatness,Center for American Greatness Inc,≤100
96491683438,"The Friends of Israel Gospel Ministry, Inc.","FRIENDS OF ISRAEL GOSPEL MINISTRY, INC, THE",≤100
2602473023098666,Democratic Polling Center,Democratic Governors Association,≤100
21242962092,ClientEarth,CLIENTEARTH USA INC,≤100
51405613519,Focus on the Family,Focus on the Family,≤100
153278754738777,Climate Reality,The Climate Reality Project,≤100
114301413446447,The Climate Initiative,Kennebunkport Climate Initiative,≤100
118626774835274,Medicare Made Clear,Medicare Made Clear from United Healthcare,≤100
120102651346136,Nevada State Treasurer’s Office,STATE TREASURER NEVADA OFFICE OF,≤100
407902639235640,JNS.org,Jewish News Syndicate,≤100
9324910069,NRSC,NRSC,≤100
1628922377207463,Randy Feenstra,FEENSTRA FOR CONGRESS,≤100
103565195134756,America First Policy Institute,America First Policy Institute,≤100
164498676940373,American Masters,WNET,≤100
8524198486,Physicians Committee for Responsible Medicine,"PHYSICIANS COMMITTEE FOR RESPONSIBLE MEDICINE, INC.",≤100
21935371894,Metro United Way,"METRO UNITED WAY, INC.",≤100
125769584126996,Yael Eckstein,"INTERNATIONAL FELLOWSHIP OF CHRISTIANS & JEWS, INC.",≤100
126305280752104,Slavic Gospel Association,SLAVIC GOSPEL ASSOCIATION,≤100
132766376763861,I Make America,Association of Equipment Manufacturers,≤100
93565224474,Mercy For Animals,MERCY FOR ANIMALS,≤100
25121889784,Texas Public Policy Foundation,Texas Public Policy Foundation,≤100
158505287559920,Save the Storks,Save the Storks,≤100
349800859019034,The 19th News,The 19th,≤100
110316380149,Family Policy Alliance,Family Policy Alliance,≤100
100676654763777,Clarifion,These ads ran without a disclaimer,≤100
126855128568,FEBC (Far East Broadcasting Company),"FAR EAST BROADCASTING COMPANY, INC.",≤100
142474049098533,Robert Reich,Inequality Media,≤100
169204449790211,Conservative News Today,BizPac Review,≤100
102747582433733,Shared Influence,THE PUBLIC GOOD PROJECTS INC,≤100
130945114804,World Jewish Congress,WORLD JEWISH CONGRESS AMERICAN SECTION INC,≤100
546066468753446,Black Health Matters,BLACK HEALTH MATTERS FOUNDATION INC,≤100
205795426669644,Facts and Logic about the Middle East,Facts and Logic About the Middle East,≤100
1821609834721994,Otis Elevator Co,OTIS ELEVATOR COMPANY,≤100
107454490912636,Jewish Future Pledge,Jewish Future Pledge Inc,≤100
28446275521,Military Officers Association of America (MOAA),Military Officers Association of America,≤100
105756057589080,The Lincoln Project,THE LINCOLN PROJECT,≤100
127276773973529,SEVA FOUNDATION,Seva Foundation,≤100
128167457221813,Public Transportation,Voices for Public Transit,≤100
110480728196620,Small Business Digital Alliance,Small Business Digital Alliance,≤100
118152441212175,Digital Innovation for America,Digital Innovation for America,≤100
105621592509394,Healthcare Help,These ads ran without a disclaimer,≤100
83865976093,Truthout,TRUTHOUT,≤100
101224002310757,Seven Weeks Coffee,Seven Weeks Coffee,≤100
645392368909975,carafem,carafem,≤100
104631299194819,Love Loyalty Honor,Love Loyalty Honor,≤100
40102638699,J Street,J STREET EDUCATION FUND INC,≤100
142957224352,International Medical Corps,International Medical Corps,≤100
36085812354,Rainforest Foundation US,"Rainforest Foundation, Inc.",≤100
38897314734,Trust for Public Land,"TRUST FOR PUBLIC LAND, THE",≤100
2321993584737314,The Markin Report,The Markin Report,≤100
121750354532995,Yale Program on Climate Change Communication,Yale Program on Climate Change Communication,≤100
464998390249008,The Independence Fund,"INDEPENDENCE FUND, INC, THE",≤100
505653766599222,America First with Dr. Sebastian Gorka,Salem Media,≤100
24330467048,Americans for Prosperity,AMERICANS FOR PROSPERITY,≤100
85252863415,National Latina Institute for Reproductive Justice,NATIONAL LATINA INSTITUTE FOR REPRODUCTIVE HEALTH,≤100
27311599342,Preemptive Love,Preemptive Love Coalition,≤100
116204538416735,The AIDS Institute,AIDS INSTITUTE INC,≤100
114571218194112,Let's Get This Thread,"Results Optimized, LLC",≤100
1731084720451495,Saprea,The Younique Foundation,≤100
1707505176197284,FREOPP,THE FOUNDATION FOR RESEARCH ON EQUAL OPPORTUNITY,≤100
36872302227,Cory Booker,CORY BOOKER FOR SENATE,≤100
284293125336159,Regulatory Transparency Project,FEDERALIST SOCIETY FOR LAW & PUBLIC POLICY STUDIES,≤100
110760245177659,Save America,Save America,≤100
271453369908901,FLAG  - Foundation for Liberty and American Greatness,Tomer Barazani,≤100
236312179825896,Republican Main Street Partnership,REPUBLICAN MAIN STREET PARTNERSHIP INC,≤100
16477459734,League of Conservation Voters,"LEAGUE OF CONSERVATION VOTERS, INC",≤100
1443127535947107,Save the Children Action Network,Save the Children Action Network,≤100
59543893235,National Constitution Center,National Constitution Center,≤100
299016790922,Bobby Eberle,Bobby Eberle,≤100
109118211910879,Mr. 45,Green Straw LLC,≤100
77278490877,National Corn Growers Association,NATIONAL CORN GROWERS ASSOCIATION INC,≤100
110624565660992,ZOE International,ZOE International,≤100
332671562949,Diversey,"Diversey Holdings, LTD.",≤100
5634829153,Salesforce,These ads ran without a disclaimer,≤100
936968016365794,The Eric Metaxas Radio Show,Salem Media,≤100
266602360083204,The Children's Trust,"CHILDREN'S TRUST, INC",≤100
104721922541733,Nuclear Now,Nuclear Now,≤100
101090559295696,TPUSA Faith,TURNING POINT USA NFP,≤100
337038226473839,Trish Regan,"SALEM MEDIA GROUP, INC.",≤100
71324717432,National Association of Scholars,NATIONAL ASSOCIATION OF SCHOLARS,≤100
470369419784714,Nick Palmisciano,Nick Palmisciano,≤100
925007000949719,ExxonMobil,EXXON MOBIL CORPORATION,≤100
8895898655,Rainforest Alliance,"RAINFOREST ALLIANCE, INC.",≤100
193091432290835,Link Logistics Real Estate,These ads ran without a disclaimer,≤100
104377518078467,More Perfect Union,MORE PERFECT UNION FOUNDATION,≤100
8550121410,Free Speech America Project,MEDIA RESEARCH CENTER,≤100
689547608156721,The Burial Solution,Sean Thomas Brooks,≤100
100692068471118,Explain America,Apse Media LLC,≤100
97279934919,bp America,BP CORPORATION NORTH AMERICA INC.,≤100
18983389920,Open Society Foundations,Open Society Foundations,≤100
46093654473,National Republican Congressional Committee,NRCC,≤100
102359255363362,Puck,Puck,≤100
182620315479,Plan International USA,Plan International USA,≤100
138354569532939,"Tradition, Family, Property - TFP","American Society for the Defense of Tradition, Family and Property",≤100
103376804451432,Trending Politics,I Love My Freedom,≤100
19774119425,Habitat for Humanity,Habitat for Humanity International,≤100
169687486427698,Jentezen Franklin,FREE CHAPEL WORSHIP CENTER,≤100
7191206138,ASPCA,ASPCA,≤100
97466887664,Innocence Project,"INNOCENCE PROJECT, INC., THE",≤100
102204903345,The Vilcek Foundation,"VILCEK FOUNDATION, INC., THE",≤100
313723095478950,Daily Citizen,Focus on the Family,≤100
140155342671005,Sempervirens Fund,SEMPERVIRENS FUND,≤100
356050017804283,WSPA (Western States Petroleum Association),WESTERN STATES PETROLEUM ASSOCIATION,≤100
50513265848,Citizens United,Citizens United,≤100
59877921429,Lutheran Immigration and Refugee Service,"LUTHERAN IMMIGRATION AND REFUGEE SERVICE, INC.",≤100
7219151423,The Fund for American Studies (TFAS),FUND FOR AMERICAN STUDIES,≤100
1226257404067392,Floridians for Government Accountability,"FLORIDIANS FOR GOVERNMENT ACCOUNTABILITY, INC.",≤100
108258998739587,I Did not know,These ads ran without a disclaimer,≤100
104981939210693,Clayton Keirns,I Love My Freedom,≤100
142474049098533,Robert Reich,Inequality Media Civic Action,≤100
1272534336242476,CFR Education,Council on Foreign Relations,≤100
19420215926,CNSNews.com,MEDIA RESEARCH CENTER,≤100
109710757964393,Pamela Boggess for Fort Worth City Council,Pamela Boggess Campaign,≤100
178700205665083,FamilyLife Blended,CAMPUS CRUSADE FOR CHRIST INC,≤100
16317479654,Deseret News,Deseret News,≤100
30914589895,The International Fellowship of Christians and Jews,"INTERNATIONAL FELLOWSHIP OF CHRISTIANS & JEWS, INC.",≤100
141786816970,Cruise Lines International Association - CLIA,Cruise Lines International Association,≤100
940653386126953,StandingWithYou.org,Standingwithyou.org,≤100
1117698914923696,Nurx,These ads ran without a disclaimer,≤100
193861605858,Buffalo Field Campaign,BUFFALO FIELD CAMPAIGN,≤100
123344354000398,Workers United Facts,CENTER FOR UNION FACTS,≤100
7145381235,American Jewish World Service - AJWS,"AMERICAN JEWISH WORLD SERVICE, INC.",≤100
78420171887,Sailors for the Sea,OCEANA INC,≤100
103047259150209,What I Want to Know with Kevin P. Chavous,"Stride, Inc.",≤100
227594571444676,Building New York's Best,Carpenter Contractor Alliance of Metropolitan New York,≤100
14038292386,Women for Women International,WOMEN FOR WOMEN INTERNATIONAL,≤100
673667436317733,Texas Consumer Association,Texas Consumer Association,≤100
30914589895,The International Fellowship of Christians and Jews,INTERNATIONAL FELLOWSHIP OF CHRISTIANS & JEWS INC,≤100
103648802451237,Fair Courts America,Fair Courts America,≤100
92021268117,Working America,Working America,≤100
214061167976,El Tiempo Latino,Center for Community Change Action,≤100
55708608675,RAND Corporation,"RAND CORPORATION, THE",≤100
101670979560788,Reel Police,BizPac Review,≤100
107008774760761,Color Us United,Color Us United,≤100
397207347056799,Voices for Healthy Kids,AMERICAN HEART ASSOCIATION INC,≤100
524399207959953,Truth & Liberty Coalition,Truth & Liberty Coalition,≤100
163662804426854,Life Advancement Group,Nathan Montgomery Berning,≤100
206052849902620,Intermountain Immigration,"Intermountain Immigration, LLC",≤100
547694159068385,Indus Health Network,These ads ran without a disclaimer,≤100
47710973068,Voices for Cooperative Power,Voices for Cooperative Power,≤100
10524033745,Remote Area Medical - RAM,REMOTE AREA MEDICAL,≤100
102490504962117,Phade products,Phade products,≤100
48994809349,Ms. Foundation for Women,MS FOUNDATION FOR WOMEN INC,≤100
262902450432,TeachKind,PEOPLE FOR ETHICAL TREATMENT OF ANIMALS INC,≤100
103375628943529,Adam Frisch,Adam for Colorado,≤100
39436858124,UC Berkeley School of Law,These ads ran without a disclaimer,≤100
458142697588014,AARP Public Policy Institute,AARP,≤100
162244692732,Brennan Center for Justice at NYU Law,"WILLIAM J. BRENNAN CENTER FOR JUSTICE, INC.",≤100
133913826633461,Grassroot Institute of Hawaii,Grassroot Institute of Hawaii,≤100
20787991568,Senate Democrats,DSCC,≤100
747783932079184,Jared Golden for Congress,COMMITTEE TO ELECT JARED GOLDEN,≤100
199891603386344,Common Ground Committee,Common Ground Committee,≤100
108537340548276,"Haiku, Inc.",Kyle Reyes,≤100
106058287863062,Turn Oakland County Green,Turn Oakland County Green,≤100
104396194587918,C3 Solutions,Conservative Coalition for Climate Solutions,≤100
260668817346988,Ignite National,IGNITE,≤100
12357407443,American Friends Service Committee,AMERICAN FRIENDS SERVICE COMMITTEE,≤100
345751305447288,Daugherty Water for Food Global Institute,Daugherty Water for Food Global Institute,≤100
101626535691142,Tina Blum Cohen for U.S. House of Representatives Texas District 7,TINA BLUM COHEN FOR US HOUSE OF REPRESENTATIVES TEXAS DISTRICT 7,≤100
105058165745226,prripoll,These ads ran without a disclaimer,≤100
312657362217994,Women's Heart Alliance,Women's Heart Alliance,≤100
80060992758,Center for Food Safety,"CENTER FOR FOOD SAFETY, THE",≤100
165858562140,Western Resource Advocates,WESTERN RESOURCE ADVOCATES,≤100
1014939468549433,"Rae McDaniel, MEd, LCPC, Certified Sex Therapist",These ads ran without a disclaimer,≤100
112339644228184,Next Chapter Podcasts,"Next Chapter Podcasts, LLC",≤100
462747990484294,Seniors Speak Out,Healthcare Leadership Council,≤100
397054531024452,COPS Training Portal,COPS Training Portal,≤100
143173285763,Tenth Amendment Center,Tenth Amendment Center,≤100
999556810102061,Signature Seas,Signature Seas,≤100
104491841664875,Country First,"Country First Action, Inc.",≤100
104614641200137,MeidasTouch,MEIDASTOUCH,≤100
289697754542973,Vote YES for UCS,Vote YES for UCS,≤100
186977768011413,Ironworkers Rising,"International Association of Bridge, Structural, Ornamental, and Reinforcing Iron Workers",≤100
149506275069183,Florida State Hispanic Chamber Of Commerce,Florida State Hispanic Chamber of Commerce,≤100
109521013225,Nikki Haley,Nikki Haley for President,≤100
82609311925,GreenLatinos,GreenLatinos,≤100
89336510798,American Friends of the Hebrew University,American Friends of Hebrew University,≤100
393795797388359,FOUR PAWS,FOUR PAWS INTERNATIONAL INC,≤100
6333396177,NewsBusters.org,MEDIA RESEARCH CENTER,≤100
108731490859583,America's Work Force Union Podcast,"Bortini Management Associates, Inc.",≤100
2070944712939738,American Police Officers Alliance,American Police Officers Alliance,≤100
7606381190,Amy Klobuchar,KLOBUCHAR FOR MINNESOTA,≤100
234142976633158,Wake Up World & Smell the Coffee,Edith Dume Lerner,≤100
43163225096,Idaho Democratic Party,IDAHO STATE DEMOCRATIC PARTY,≤100
300341323465160,The Daily Signal,HERITAGE FOUNDATION (THE),≤100
164049599660,Catholic Relief Services en español,CATHOLIC RELIEF SERVICES,≤100
174793662656828,Colorado Peak Politics,Peak Politics LLC,≤100
115262456592822,Christians Engaged,Christians Engaged,≤100
102868946106278,Reel Congress,BizPac Review,≤100
924098007641423,Guardian Labs,These ads ran without a disclaimer,≤100
114009933764548,The Patriot Club,RightWingGear.com,≤100
268742029966978,PowerToFly,These ads ran without a disclaimer,≤100
1590877284560136,Patti Harris,Bloomberg Philanthropies,≤100
123857614319417,Texas Nationalist Movement,Texas Nationalist Movement,≤100
106359662726593,Golden Apple,GOLDEN APPLE FOUNDATION EXCELLENCE IN TEACHING,≤100
102961088866702,Sarah Klee Hood for Congress,SARAH KLEE HOOD FOR NY,≤100
109599248636777,Consumer Credit Card Protection Coalition,CONSUMER CREDIT CARD PROTECTION COALITION,≤100
18017481462,Acton Institute,Acton Institute,≤100
104092062075803,USA Jolt,"Jolt Media, Inc.",≤100
103228475513073,Better Tomorrow In Tennessee,Better Tomorrow In Tennessee,≤100
291102898490822,Conservative Comedy Store,Conservative Comedy Store,≤100
430964644347524,Campaign Ad-Cloud,Campaign Ad-Cloud,≤100
101294929460167,Missourians for Fair Legal Funding,Missourians for Fair Legal Funding,≤100
203294399456,Public Interest Registry,Public Interest Registry,≤100
101791315693,Destiny Rescue,"Destiny Rescue International, Inc.",≤100
139685516113917,William Morrow,HARPERCOLLINS PUBLISHERS L.L.C.,≤100
16900111951,National Organization for Women (NOW),NATIONAL ORGANIZATION FOR WOMEN,≤100
102961048478150,Center for Renewing America,CENTER FOR RENEWING AMERICA INC,≤100
109749408609311,Proud Patriots USA,Proud Patriots USA,≤100
101269696289945,Henry,These ads ran without a disclaimer,≤100
291141624664794,Bright Body,Bright Body,≤100
100711852963449,Team Vivek,VIVEK 2024,≤100
220538341415523,The Satanic Temple,The Satanic Temple,≤100
1021724717913869,Bantam Communications,Bantam Communications,≤100
58158120046,ACLJ,American Center for Law and Justice,≤100
217187838327836,The Story Exchange,The Story Exchange Foundation,≤100
80770833881,Eagles' Wings,ROBERT STEARNS INTERNATIONAL INC,≤100
125937197447634,ACTA - American Council of Trustees and Alumni,AMERICAN COUNCIL OF TRUSTEES AND ALUMNI,≤100
2248759605441364,Ahimsa,These ads ran without a disclaimer,≤100
103546351703577,Dallas Express,Dallas Express Media,≤100
105975318453101,LEADAmerica.org,Leadership to Ensure the American Dream,≤100
114513494875415,America's Freedom Page,USA Features Media LLC,≤100
101717572423510,Protect Your Pay RI,Protect Your Pay RI,≤100
43426724597,Paper Culture,Paper Culture LLC,≤100
1271463226269367,Texans for Affordable Health Care,American Coalition for Affordable Healthcare,≤100
105532442354341,Celia Agent Insurance,Celia Angelina Romero De Osteicoechea,≤100
124383441363,Connecticut Education Association (CEA),CONNECTICUT EDUCATION ASSOCIATION,≤100
287754774569171,Americans for Prosperity-Montana,AMERICANS FOR PROSPERITY,≤100
103747761393271,Lootpress,Lootpress,≤100
331216390906913,Betterbrand,These ads ran without a disclaimer,≤100
1545775885684426,Jason Miyares,Miyares for Virginia,≤100
101103254533,SOS International,SOS International,≤100
451075468389015,Donald Trump Is My President,Donald Trump Is My President,≤100
153704007991524,Women's Earth and Climate Action Network,Women's Earth and Climate Action Network (WECAN) International,≤100
366357370215980,Re-Elect Chief Gary Batton,Batton Campaign Fund,≤100
115851611042,The Max Foundation,THE MAX FOUNDATION,≤100
8340223883,Avaaz,Avaaz Foundation,≤100
234744096655497,Alliance For Early Success,Alliance for Early Success,≤100
1715411108562631,Laflore Paris,These ads ran without a disclaimer,≤100
311901101987,"The Seeing Eye, Inc.",SEEING EYE INC,≤100
109450205366582,The American Advisory,The American Advisor,≤100
116056898085779,American Exceptionalism PAC,AMERICAN EXCEPTIONALISM PAC,≤100
265584563563176,JCRC of Greater Washington,The Jewish Community Relations Council of Greater Washington,≤100
170126260000702,Western Journal US News,Western Journal US News,≤100
5970146660,Community Change,Center for Community Change Action,≤100
428330877769054,Ask Anything,Ask Anything,≤100
1646143148996309,ADM,ADM,≤100
386305465057247,Liberty Nation,Liberty Nation,≤100
109729861699329,Speak4,Speak4,≤100
32050048014,The Conservation Fund,"CONSERVATION FUND, A NONPROFIT CORPORATION, THE",≤100
104099512361482,Funnies Now - Magazine,These ads ran without a disclaimer,≤100
1980217022255856,Atticus,These ads ran without a disclaimer,≤100
116323731432533,,Online Benefits Journal,≤100
454663890502,Alliance for Patient Access,ALLIANCE FOR PATIENT ACCESS,≤100
1424003277893336,Allan Domb,Allan Domb for Philadelphia,≤100
403737406341879,National Women's Health Network,NATIONAL WOMENS HEALTH NETWORK,≤100
119906061037654,The Political Pendulum,TWIN TAURUS LLC,≤100
48530203934,The American Alpine Club,"AMERICAN ALPINE CLUB, THE",≤100
101041998305221,The Proud Republicans,Tomer Barazani,≤100
101320255680036,MVC Diaspora Network,Maruxa D Cardenas,≤100
149220264647,ADL - Anti-Defamation League,Anti-Defamation League,≤100
128336777202447,MDLinx,These ads ran without a disclaimer,≤100
118385911198439,Trending Politics News,I Love My Freedom,≤100
134571176638205,One Tree Planted,One Tree Planted,≤100
105291309130334,EngenderingLoveorg,These ads ran without a disclaimer,≤100
276436719261,Riverkeeper,RIVERKEEPER INC,≤100
105348224679358,The Don't Unfriend Me Show,DONT UNFRIEND ME,≤100
20603236087,Love146,"LOVE146, INC.",≤100
100562019990818,U.S. Term Limits,U.S. Term Limits Inc.,≤100
833703819981407,Atlantic Re:think,The Atlantic Monthly Group LLC,≤100
103851532013523,Policyfetch.com,Quantum Digital Media Inc,≤100
106959920878115,The Well Done Foundation,"WELL DONE FOUNDATION, INC.",≤100
104660195062596,Gen Z Conservative,Michael Scott Hughes,≤100
104933662932387,CreativeFuture,CreativeFuture,≤100
238348260390644,The Brigid Alliance,"BRIGID ALLIANCE, THE",≤100
235039782048,Array of Hope,ARRAY OF HOPE,≤100
295199098300,Scary Mommy,"BDG MEDIA, INC.",≤100
112062103882377,Florida Consumer Alliance,Florida Consumer Alliance,≤100
122103887952099,Tenthouse Structures,These ads ran without a disclaimer,≤100
58043814556,Oklahoma City Memorial Marathon,Oklahoma City Memorial Marathon,≤100
124823057545947,Interface,"INTERFACE, INC.",≤100
346612865750115,Korea Defense Veterans Association,Korea Defense Veterans Association,≤100
102044622753692,American Potential Podcast,AMERICANS FOR PROSPERITY,≤100
227535924071462,Animal Petitions,AnimalPetitions.org,≤100
361088970643071,Georgia Commute Options,Georgia Commute Options,≤100
601678723294742,The Bill Walton Show,Resolute Protector Foundation,≤100
309798029121030,Everytown for Gun Safety,Everytown for Gun Safety Support Fund Inc,≤100
110413484971344,The Frugal Saver,"WISDOM COMPANIES, LLC , THE",≤100
108503659576,National Coalition for Public School Options,National Coalition for Public School Options,≤100
100372919464342,H. Hojo,These ads ran without a disclaimer,≤100
131618273567984,Jeff Landry,Landry for Louisiana,≤100
473191156175163,EDF Action,Environmental Defense Action Fund,≤100
56074851990,Truth Initiative,TRUTH INITIATIVE FOUNDATION,≤100
279890513018,Islamic Networks Group - ING,"ISLAMIC NETWORKS, INC.",≤100
104377641671195,Salem Podcast Network,Salem Media,≤100
711909245654048,National Police Support Fund,National Police Support Fund,≤100
130848666099,Business Forward,Business Forward Inc.,≤100
104838302579077,ukrainewish,These ads ran without a disclaimer,≤100
36230141853,Zeal Optics,These ads ran without a disclaimer,≤100
276379069892534,Spotlight Initiative,Spotlight Initiative,≤100
513785465632396,Airline Passengers for Justice,Airline Passengers for Justice,≤100
5647744585,PETA (People for the Ethical Treatment of Animals),"PEOPLE FOR THE ETHICAL TREATMENT OF ANIMALS, INC.",≤100
238473269650980,Capital & Main,CAPITAL & MAIN,≤100
181924628560212,Ekō,Ekō,≤100
431019887282794,Tomorrow's World Today,Flying Cork,≤100
130268756992804,Yale Climate Connections,Yale Climate Connections,≤100
108703294887683,The Recycled Rubber Coalition,Kenneth Stratton Kirton,≤100
102596355656379,Red Wave News Updates,Michael Scott Hughes,≤100
7035457015,Brave New Films,BRAVE NEW FOUNDATION 501(C)(3),≤100
27461595703,Carbonfund,Carbonfund.org Foundation,≤100
260254314444109,"Tasha Lowery, Draper City Council",Tasha Doyle Lowery,≤100
105430894660049,Charter Schools Now,Charter Schools Now PAC,≤100
384006901653736,The Moore Charitable Foundation,Moore Charitable Foundation,≤100
6756153498,Mike Bloomberg,Bloomberg Philanthropies,≤100
55014581847,Strategic Elements,Strategic Elements,≤100
5435784683,Greenpeace USA,"GREENPEACE, INC.",≤100
250392878345035,The Focused Pastor,Focus on the Family,≤100
97624620788,American Friends of Magen David Adom,AMERICAN FRIENDS OF MAGEN DAVID ADOM,≤100
102142101657930,OurFight.online,Our Fight Inc,≤100
1196196390526965,Facebook Surveys,These ads ran without a disclaimer,≤100
747004618667089,Belev Echad,BELEV ECHAD INC,≤100
228058837366607,Right Viral,Free American Fund,≤100
156496968533805,Explore Beyond,NCTA - The Internet & Television Association,≤100
266744843422391,Zoetis,Zoetis Inc.,≤100
100606926342805,Santidades Místicas,These ads ran without a disclaimer,≤100
1883837055193241,Shield Republic,Shield Republic,≤100
195100614324426,The Freedom Initiative,The Freedom Initiative,≤100
399060493533519,The Justice Foundation,JUSTICE FOUNDATION,≤100
1186891087992163,Eddie Melton,Melton for Mayor of Gary,≤100
162069790604,AARP Arizona,AARP,≤100
133937690180,Student Conservation Association,Student Conservation Association,≤100
101810652152706,Ship It Zero,PACIFIC ENVIRONMENT AND RESOURCES CENTER,≤100
49402381706,Californians for Population Stabilization,"CALIFORNIANS FOR POPULATION STABILIZATION, INC.",≤100
1942060522564525,FarmWeekNow,FarmWeekNow,≤100
147368882623027,Black Futures Lab,Black Futures Lab,≤100
261951940219,Goldman Environmental Prize,Goldman Environmental Foundation,≤100
137332930294201,Citizen Brain with Josh Kornbluth,Global Brain Health Institute,≤100
401240226922554,VoLo Foundation,VoLo Foundation,≤100
100607179026941,Of Thee I Sing 1776,Harold Gershowitz,≤100
101254489360004,Texas Agriculture Connection,Texas Agriculture Connection,≤100
138492335404,Scott Walker,FORWARD USA FEDERAL POLITICAL ACTION COMMITTEE,≤100
109848024127875,Elaine E Beck,Elaine E Beck,≤100
110210055663448,AIDSVu,AIDSVu,≤100
192738164073627,A Better Balance,A Better Balance,≤100
103592025044272,Penn State Forward,BOARDING SCHOOL INC,≤100
121940824138795,North Carolina Association of Health Plans,"North Carolina Association of Health Plans, Inc",≤100
186291828074120,Drexel University,Drexel University,≤100
95335385742,National Fish and Wildlife Foundation,National Fish and Wildlife Foundation,≤100
49275915266,MSI Reproductive Choices,MSI-US,≤100
506680536015406,HumanProgress.org,"CATO INSTITUTE, INC.",≤100
444237349074965,GPB News,Georgia Public Telecommunications Commission,≤100
107645227592678,To Which We Belong,Mystic Artists,≤100
100700519593180,"Buck Nasty Media. Sports, culture, politics, and the Nasty Truth",Robert Mattox,≤100
105599502191866,Florida Jolt,"Jolt Media, Inc.",≤100
113480505002852,Rick Jones for VISD District 5 Trustee,Rick Jones for VISD District 5 Trustee,≤100
81839392622,American Century Investments,AMERICAN CENTURY SERVICES CORPORATION,≤100
2273201606253899,Terry Lynne for Farmers Branch,Terry Lynne For Farmers Branch,≤100
104107455066450,Russell Cohen on moderation in public policy,Howard Cohen,≤100
304842759546695,Brooklyn Institute for Social Research,Brooklyn Institute for Social Research,≤100
159422384079137,UCSB Interdisciplinary Humanities Center,UCSB Interdisciplinary Humanities Center,≤100
633115206829137,Revived Soldiers Ukraine,These ads ran without a disclaimer,≤100
113496178208014,Protecting Our Democracy,Protecting Our Democracy,≤100
102590994772178,Social Democratic Advocacy,Steven J. Schwartzberg,≤100
7698537893,Libertarian Party of Florida,LIBERTARIAN PARTY OF FLORIDA,≤100
101930385197156,Alianza Center,"Alianza Center, Inc.",≤100
1444820465547227,Rank the Vote,Rank the Vote,≤100
341513602902369,CALL TO ACTIVISM,CALL TO ACTIVISM,≤100
109284291894484,American News Stories,Michael Scott Hughes,≤100
107323051758635,Josh Riley,Josh Riley for Congress,≤100
170491079663777,The Sentencing Project,"SENTENCING PROJECT INC, THE",≤100
700941689954518,Defend Our Future,Defend Our Future,≤100
161107820658032,La Red Hispana,"HISPANIC COMMUNICATIONS NETWORK, LLC",≤100
112462627215690,Thrive Lifeline,These ads ran without a disclaimer,≤100
430869277025501,Dr. Nancy O'Reilly,"WOMEN CONNECT4GOOD, INC.",≤100
114226275387369,republicEn,republicEn,≤100
150559895031,Rapha International,"Rapha House International, Inc.",≤100
1752211025000504,Wynona's House Child Advocacy Center,Senator Wynona Lipman Child Advocacy Center,≤100
100425422872820,Georgia Blue PAC,Georgia Blue PAC,≤100
830162603716633,Andy Beshear,Andy Beshear for Governor,≤100
38234604057,PEN America,PEN AMERICAN CENTER INC,≤100
100617036135739,Illinois Answers Project,BETTER GOVERNMENT ASSOCIATION,≤100
6236054211,Brady: United Against Gun Violence,Brady Campaign to Prevent Gun Violence,≤100
192609620649,The University of Chicago,The University of Chicago,≤100
1425435377743310,Conversations with Bill Kristol,FOUNDATION FOR CONSTITUTI,≤100
839158786226886,Two Party Opera,Brian Thomas Carroll,≤100
102779544633123,SoDak 350,SoDak 350,≤100
103277109172874,The Original Lou's News,Michael Scott Hughes,≤100
107307332001305,The US Debt Bureau,These ads ran without a disclaimer,≤100
101400032438085,The A-Mark Foundation,A MARK FOUNDATION,≤100
1040965162589549,SecondMuse,SECONDMUSE LLC,≤100
20239752285,The American Prospect,"The American Prospect, Inc.",≤100
105239511089757,Inmigrantes al Día,Inmigrantes al Dia,≤100
1677111425839949,American Promise,"AMERICAN PROMISE, INC.",≤100
109613811893240,Aiby • AI Art & Avatar Generator,These ads ran without a disclaimer,≤100
112071038480355,Real News Now,Real News Now,≤100
101350839190816,Macro Conservative,Macro Conservative,≤100
43853729859,Campaigns & Elections,Political World Communications,≤100
110010433804232,Standing For Freedom Center,Standing for Freedom Center,≤100
90022052772,Williams,"WILLIAMS COMPANIES, INC., THE",≤100
102230249080409,Freedom First,Jason Donald Robertson,≤100
245064808869530,Bay Area Community Health Advisory Council,COMMUNITY INITIATIVES,≤100
839073729808623,Hillary Scholten,SCHOLTEN FOR CONGRESS,≤100
1448985902033866,Trans Lifeline,Trans Lifeline,≤100
111132794348779,That Happened,These ads ran without a disclaimer,≤100
103661695812032,Displayerect,These ads ran without a disclaimer,≤100
29423827874,Proclaiming Justice to the Nations,PROCLAIMING JUSTICE TO THE NATIONS INC,≤100
102746209412411,Supported Aid,These ads ran without a disclaimer,≤100
2099448153445994,Students for Life Action,Students for Life Action,≤100
100710759119069,Blue Planet Ecosystem,Blue Planet Ecosystem,≤100
70795936969,Children International,CHILDREN INTERNATIONAL,≤100
116496171339138,Garrison Maurer- For Comal ISD Single Member District# 4 Board Trustee,Maurer Green Garrison,≤100
390323077703525,California LGBTQ Health & Human Services Network,HEALTH ACCESS FOUNDATION,≤100
84645912778,Prosperity Now,PROSPERITY NOW,≤100
112345611796763,Donald Trump Voters,I Love My Freedom,≤100
6334782252,Oceana,OCEANA INC,≤100
710669049286394,Woo the People,Woo the People,≤100
502151103244047,Join RSD,RIVERSIDE COUNTY SHERIFFS DEP,≤100
487569614682924,CAPP USA,Yellow Line Productions LLC,≤100
283539049045405,Oklahoma Health Action,Oklahoma Health Action,≤100
1522379728063829,Healthy World for All,RESOURCES LEGACY FUND,≤100
896759427103774,Modern Medicaid Alliance,Modern Medicaid Alliance,≤100
101949802863339,letexperiencedpilotsfly,These ads ran without a disclaimer,≤100
101581329115492,Freedom Street,Jason Donald Robertson,≤100
154930410085,"Zion Oil and Gas, Inc.","Zion OIl & Gas, Inc.",≤100
19219803864,Tax Foundation,Tax Foundation,≤100
102712325850529,Libratum Press,Libratum Press LLC,≤100
73277646827,Trees for the Future,These ads ran without a disclaimer,≤100
107958555493486,TRUMP,Conrad Orgain Irby,≤100
103552914774916,Science Moms,Potential Energy Coalition Inc,≤100
215479992305641,Becoming Young,Becoming Young,≤100
327853590558653,"Agri-Pulse Communications, Inc.","AGRI-PULSE COMMUNICATIONS, INC.",≤100
105889739108143,The French Perspective,The French Perspective,≤100
1191336950894416,City of Carlsbad NM Government,Social Media Manager,≤100
278052172260101,ZERO TO THREE,ZERO TO THREE,≤100
41082876034,Clean Beauty Collective,These ads ran without a disclaimer,≤100
254943996005,Catholic Answers,"CATHOLIC ANSWERS, INC.",≤100
984421991732710,Paycheckology,Paycheckology,≤100
1052574034781087,Clean Energy Credit Union,These ads ran without a disclaimer,≤100
100221986153813,Lou's Daily News,Michael Scott Hughes,≤100
1914537155242810,Life: Powered,Texas Public Policy Foundation,≤100
400859377323929,Mike Korchak for District Attorney,The Friends of Mike Korchak,≤100
106568024842114,Rideshare Assault Support,Select Justice LLC,≤100
93692255431,Bread for the World,"BREAD FOR THE WORLD, INC.",≤100
21641005582,Waitt Institute for Violence Prevention,These ads ran without a disclaimer,≤100
131664893560695,Origins OSU,Origins: Current Events in Historical Perspective,≤100
88410949777,Population Media Center,"POPULATION MEDIA CENTER, INC.",≤100
117507751891,United Poultry Concerns,"UNITED POULTRY CONCERNS, INC",≤100
143063095713907,Hep,"CDM PUBLISHING, LLC",≤100
661744180680367,National Police Association,"NATIONAL POLICE ASSOCIATION, INC.",≤100
142260190351,Comment Magazine,"Cardus, Inc.",≤100
142405795847179,Breathe Project,COMMUNITY FOUNDATION OF GREATER JOHNSTOWN,≤100
105858001496295,Mattie Parker for Fort Worth Mayor,Mattie Parker For Mayor Campaign,≤100
114765400352270,Kite & Key Media,VMTS EDUCATION INC,≤100
306480006853271,Political-Paige.com BLOG,Political-Paige.com,≤100
108725508673742,Fire Dan Munsey,"San Bernardino County Professional Firefighters, Local 935 Political Action Committee",≤100
104979848524405,Starts With Us,Lubetzky Family Foundation,≤100
40840768680,National Coalition Against Censorship,These ads ran without a disclaimer,≤100
127668823933246,The NewDEAL,NEWDEAL,≤100
333535289458,Kentucky Coalition Against Domestic Violence,"KENTUCKY COALITION AGAINST DOMESTIC VIOLENCE, INC.",≤100
113926938281145,REDDY for MAYOR,Dayakar Dasi Reddy,≤100
100284648021034,New Tolerance Campaign,New Tolerance Campaign,≤100
225422650854192,Election Systems & Software,Election Systems & Software,≤100
2168484930102843,EJ Moonshot,EJ Creations LLC,≤100
100157429721288,WE Support MAGA,Derrick Robinson Jr.,≤100
112164951042,The Fletcher School at Tufts University,These ads ran without a disclaimer,≤100
105861441295494,97Percent,97PERCENT ORG INC,≤100
210937299260017,USA Features Media,USA Features Media LLC,≤100
122616020765045,Advancing Akron,Partners Advancing Our Future,≤100
424443217623488,Clarion Project,"CLARION PROJECT, INC.",≤100
116067754765133,raw_minnesota,These ads ran without a disclaimer,≤100
243498882520314,FoodFinder,"FOODFINDER, INC.",≤100
117956368577,Charlie Geren,Charlie Geren Campaign,≤100
342912699555462,Craig N. Hooper,These ads ran without a disclaimer,≤100
393932827634250,Dissent Pins,These ads ran without a disclaimer,≤100
100637631678746,Conservative News Daily,Conservative News Daily,≤100
110442961603215,Yikes Today,Yikes Today,≤100
1832888600167903,JD for Arlington,JD for Arlington,≤100
106862204671108,The Deplorable Americans,Justin Gustafson,≤100
100374392742057,Weregreenly- Magazine,These ads ran without a disclaimer,≤100
210357995667559,The National Memo,The National Memo,≤100
100118109690373,Bill Smuckler,Friends of Smuckler,≤100
109509160871762,Evan Elliott for Noblesville City Council,Evan for Noblesville,≤100
122787467408862,Save Ohio STRS,"Save Ohio STRS, Inc.",≤100
1374906906166064,The Policy Circle,The Policy Circle,≤100
30079936984,CWS,"CHURCH WORLD SERVICE, INC.",≤100
1599237673639735,Change Media Group,Change Media Group,≤100
87476473344,BUFF,These ads ran without a disclaimer,≤100
46530484629,Idaho Conservation League,The Idaho Conservation League,≤100
101377889168483,Gumbo Limbo Coastal Stewards,"Gumbo Limbo Coastal Stewards, Inc.",≤100
659878157406228,America's Warrior Partnership,America's Warrior Partnership,≤100
37461287798,Jesuit Refugee Service/USA,JESUIT REFUGEE SERVICE INC,≤100
358113240871900,Nuclear Energy Institute,These ads ran without a disclaimer,≤100
165674110118949,Clearing out the Clutter,Colin David Moore,≤100
101466816025710,Renew Healthcare,Quantum Digital Media Inc.,≤100
107548405572311,Craig Guy for Hudson County Executive,Craig Guy for Hudson County Executive,≤100
1654550184799326,RetireSafe,RetireSafe,≤100
773432316041673,Calvary South Austin,Calvary South Austin,≤100
284624954962951,Gus Bilirakis for Congress,Bilirakis For Congress,≤100
103929304678916,Voter Action Project,Integrity First Voter Action Project,≤100
197374340229,E2 - Environmental Entrepreneurs,E2 (Environmental Entrepreneurs),≤100
101159132929750,Civic Roots Foundation,Civic Roots Foundation Inc.,≤100
100514449680060,Limpiezas Espirituales,These ads ran without a disclaimer,≤100
1471523363105552,Indiana/Kentucky/Ohio Regional Council of Carpenters,INDIANA REGIONAL COUNCIL OF CARPENTERS,≤100
1050178538369612,DonorSee,DonorSee,≤100
115074531500036,Paxton Motheral for Tarrant Water Board,Paxton Motheral Campaign,≤100
9694956217,Animal Legal Defense Fund,ANIMAL LEGAL DEFENSE FUND,≤100
49560242814,Consumer Energy Alliance,Consumer Energy Alliance,≤100
249467225254927,The Love > hate Project,LOVE GREATER THAN HATE PROJECT,≤100
203156483151292,PassionLife,PassionLife Ministries,≤100
110094158160834,The American Tribune,Michael Scott Hughes,≤100
102356589314098,Political Comms,Political Comms LLC,≤100
1570082353262795,YIMBY Action,YIMBY ACTION,≤100
101960885328177,Odessa Headlines,Odessa Headlines,≤100
269348454714,IMB,"INTERNATIONAL MISSION BOARD OF THE SOUTHERN BAPTIST CONVENTION, THE",≤100
111904024679959,Bold Majority,BOLD MAJORITY PAC,≤100
208551063368,Dominican Friars of the Province of Saint Joseph,DOMINICAN FOUNDATION,≤100
109807943719796,Nothing Is Going To Get Better,Nothing Is Going To Get Better,≤100
182079698493370,Portside,Portside,≤100
21169267101,Give,These ads ran without a disclaimer,≤100
50714237985,The Rutherford Institute,RUTHERFORD INSTITUTE,≤100
333296277174151,Christopher Forton for Lakeway City Council,CHRIS FORTON 4 LAKEWAY,≤100
303374266418976,AFPM,American Fuel & Petrochemical Manufacturers,≤100
147523538641547,Capitol Ministries,CAPITOL MINISTRIES,≤100
723394465079640,The Lion,Stanley M. Herzog Charitable Foundation,≤100
1015449978587077,Alliance for Youth Action,Alliance for Youth Action,≤100
83675416943,"Marty Kiar, Broward County Property Appraiser",Broward County Property Appraiser,≤100
55804331295,Texas Association of Business,TEXAS ASSOCIATION OF BUSINESS,≤100
102421369434228,Goose's News Daily,Justin Gustafson,≤100
110266498587298,Hilary Fuelleborn for Register of Wills,Friends of Hilary Fuelleborn,≤100
208876186220,Great Transition Initiative,"TELLUS INSTITUTE, INC.",≤100
476127029450706,Jim Murphy State Representative 94th House District,Citizens for Murphy,≤100
111265763982792,Austin Arthur of West Orange,Austin Arthur,≤100
117214891638398,Street Grace,Street Grace Inc,≤100
222539451627775,The Graceful Goose,The Graceful Goose,≤100
950685078464558,Center for a Humane Economy,Center For A Humane Economy,≤100
106124975682358,Jimmy Fondren for Mississippi House District 111,Committee To Elect Jimmy Fondren,≤100
40102638699,J Street,J STREET INC,≤100
290851614930809,Combat AntiSemitism,Combat Hate Foundation,≤100
57259033959,AARP,These ads ran without a disclaimer,≤100
142932506806,Texas Alliance for Life,"Texas Alliance for Life, Inc.",≤100
261287791193463,Wood County Young Democrats,Zachary Stephen Schmidt,≤100
127691390582,PHI,"PARAPROFESSIONAL HEALTHCARE INSTITUTE, INC.",≤100
1662317660757785,Great American Syndicate,Great American Syndicate,≤100
133753583953215,American History in 90 Minutes - The Common-Sense Guide to U.S. History,American History in 90 Minutes,≤100
117957137899832,Working Power,Working Power LLC,≤100
158622247528610,Tufts University School of Medicine,These ads ran without a disclaimer,≤100
193488666400,McMaster University,These ads ran without a disclaimer,≤100
251512801547984,Ken King,Ken King for State Representative,≤100
275947565591,"Woods and Woods, LLC, The Veteran's Firm","Woods & Woods, LLC",≤100
87812961818,Florida Network of Youth and Family Services,"FLORIDA NETWORK OF YOUTH AND FAMILY SERVICES, INCORPORATED",≤100
102941209383465,Kent O'Brien for Lakeway,Kent For Lakeway,≤100
113206318037744,cityofbirthinglove,These ads ran without a disclaimer,≤100
212677670907,American Constitution Society,AMERICAN CONSTITUTION SOCIETY,≤100
375688409707497,Connecticut Coalition for Retirement Security,NATIONAL PUBLIC PENSION COALITION,≤100
45372564473,The Mark Twain House & Museum,MARK TWAIN MEMORIAL,≤100
357146712413,Olivia Diaz,City of Las Vegas,≤100
197212467007163,She Should Run,SHE SHOULD RUN,≤100
1946103095604765,Melinda Katz,Katz NYS,≤100
55053345685,Pretrial Justice Institute,PRETRIAL JUSTICE INSTITUTE,≤100
171524666565192,Dave Stauffer for Governor,David William Stauffer,≤100
105120839164944,Andrew Beddow For City Council,Andrew Beddow For City Council,≤100
36091862898,The Mackinac Center for Public Policy,Mackinac Center for Public Policy,≤100
107596225560791,Storyteller Corner,These ads ran without a disclaimer,≤100
170126260000702,Western Journal US News,The Western Journal,≤100
621063378058314,Republican Party of McLennan County,McLennan County Republican Party,≤100
107126342000125,Education Truth Project,Education Truth Project,≤100
102286035642350,Patriots for USA,USA Features Media LLC,≤100
2085563958340354,Raúl Torres,Statera Comunicacion,≤100
101333276139685,Custom.Shop,These ads ran without a disclaimer,≤100
104916968538177,TIS 이주공사,TIS VISA CORPORATION,≤100
113205727957728,Minnesota Parents Alliance,Minnesota Parents Alliance,≤100
83960796709,Institute for Southern Studies,INSTITUTE FOR SOUTHERN STUDIES INC,≤100
19812142290,J Henry Fair Photography,These ads ran without a disclaimer,≤100
105686261786586,Healing Racism Institute of Pioneer Valley,Healing Racism Institute of Pioneer Valley,≤100
116479559899968,Courage & Grow,Courage & Grow,≤100
110985805280302,Jason Harris for Catawba Chief,David Samuel Capen,≤100
107582203192,Deputy Sheriff's Association of Bexar County,DEPUTY SHERIFFS ASSOCIATION OF BEXAR COUNTY,≤100
101374728149342,A Starting Point,A Starting Point LLC,≤100
1406149713044974,Intellectual Judaism,Intellectual Judaism,≤100
102392018062460,Delegate A.C. Cordoza,FRIENDS OF AC CORDOZA,≤100
14084625156,Susan G. Komen,Susan G. Komen,≤100
130265845565680,Vote Jesse Nelson,Jesse Nelson,≤100
65538457518,The Village Square,TO THE VILLAGE SQUARE INC,≤100
105133381269785,lyricleighwriting,These ads ran without a disclaimer,≤100
22627435207,Presbyterian Church (U.S.A.),Presbyterian Church (U.S.A.),≤100
187713745097888,Save the Alamo,Save The Alamo Committee,≤100
11918108948,African Wildlife Foundation,AFRICAN WILDLIFE FOUNDATION,≤100
173263326992,Healthline,These ads ran without a disclaimer,≤100
136362309708243,Restaurant Opportunities Centers United (ROC United),"RESTAURANT OPPORTUNITIES CENTERS (ROC) UNITED, INC.",≤100
102982659268640,Heart & Health,Partner for Heart & Health,≤100
75553755070,Michael Smerconish,Michael Smerconish,≤100
452797224923658,The Democratic Coalition,THE DEMOCRATIC COALITION,≤100
533826820093244,Resource Recovery Coalition of California,Resource Recovery Coalition of California,≤100
94047978366,PCCC - BoldProgressives.org,PROGRESSIVE CHANGE CAMPAIGN COMMITTEE,≤100
104423134948283,Bbright,These ads ran without a disclaimer,≤100
5861903849,USA for UNFPA,FRIENDS OF UNFPA INC,≤100
109282668621181,Piyush For Schools,These ads ran without a disclaimer,≤100
188919757787559,Vine Maple Place,These ads ran without a disclaimer,≤100
554985234558497,Knauf Insulation North America,These ads ran without a disclaimer,≤100
2007361039550045,"Center for Free, Fair, and Accountable Democracy","CENTER FOR FREE, FAIR, AND ACCOUNTABLE DEMOCRACY, INC.",≤100
130505563289,Climate Generation,Climate Generation: A Will Steger Legacy,≤100
849840411792918,Korean Church,United Methodist Communications,≤100
124011913944243,Yes on S for High-Quality South Pasadena Schools,Committee for Yes on S 2023,≤100
75198195635,Machinists Union,GRAND LODGE INTERNATIONAL ASSOCIATION OF MACHINISTS AND AEROSPACE WORKERS,≤100
273546779885377,The Gallant Pelham,"delupton, LLC",≤100
225879060980,Habitat for Horses,HABITAT FOR HORSES INC,≤100
110162251288958,Rob Kovic for Assembly,Rob Kovic for Assembly,≤100
64468870451,Premiere Speakers Bureau,Premiere Speakers Bureau,≤100
392189600337,Minnesota Nurses Association,Minnesota Nurses Association,≤100
579213635588460,Warrior Finger,These ads ran without a disclaimer,≤100
251734676525,Kevin Cramer,CRAMER FOR SENATE,≤100
101099279062885,Optimistic American,The Optimistic American,≤100
64974200999,America-Israel Friendship League,AMERICA-ISRAEL FRIENDSHIP LEAGUE,≤100
113375607184700,Kate Clark,These ads ran without a disclaimer,≤100
28531478218,Illinois Realtors,ILLINOIS ASSOCIATION OF REALTORS,≤100
568103006940639,Law Office of Gary J. Kim,Law Offices of Gary J. Kim,≤100
69717994787,buildOn,BUILDON INC,≤100
183178002499514,Niamh M Middleton,Niamh M Middleton,≤100
1401751556610553,Political Civilian,Jason Byrd Marshall,≤100
279799525443906,HELPS Nonprofit,HELPS Nonprofit Law Firm,≤100
138434734461,CIIS Public Programs,CIIS Public Programs,≤100
710460605705480,Dugit Outreach Center,Dugit Messianic Outreach Center,≤100
14893370225,Sustainable Harvest International,SUSTAINABLE HARVEST INTERNATIONAL,≤100
200548226627766,The Progressive Magazine,Norman Joseph Stockwell,≤100
265000892725,Dallas Area Rape Crisis Center,DALLAS AREA RAPE CRISIS CENTER,≤100
107383838486866,Alan Blaylock for Fort Worth City Council,Alan Blaylock for Fort Worth City Council,≤100
112453231808427,Reinos Místicos,These ads ran without a disclaimer,≤100
112168888451050,Macy Hill for Fort Worth District 7,Macy Hill for Fort Worth,≤100
30618466815,Pacific Legal Foundation,Pacific Legal Foundation,≤100
296451777564823,Indiana Environmental Reporter,Indiana Environmental Reporter,≤100
644308565682800,Tanya Acker,Tanya Marie Acker,≤100
207997082561783,Coalition for Humane Immigrant Rights,Coalition for Humane Immigrant Rights,≤100
40217893542,AIPAC,American Israel Public Affairs Committee,≤100
1653885501501009,Propeller,Propeller Enterprises,≤100
105685932264906,Pro Day Magazine,These ads ran without a disclaimer,≤100
293587294678559,Bienvenido,"Bienvenido, USA",≤100
108966404699566,Free For ALL Podcast,Michael D Mccoy,≤100
2001831300143832,Conversations with Jim Zirin,Conversations with Jim Zirin,≤100
106443562203359,WiseList,These ads ran without a disclaimer,≤100
280569155330326,AFP - Iowa,AMERICANS FOR PROSPERITY,≤100
177725632972150,Matt Towne,Matthew D Towne,≤100
302111635698,National Association of Tax Professionals (NATP),National Association of Tax Professionals,≤100
337323319689579,Wild Farm Alliance,WILD FARM ALLIANCE,≤100
1578341329151121,Shefvckinbad,Shefvckinbad,≤100
111361948537337,Amanda Thompson for City Council,Amanda Thompson for City Council,≤100
108102704441,US Campaign for Palestinian Rights,Education for Just Peace in the Middle East,≤100
121341950882334,Our Own Backyards Texas,Our Own Backyards Texas,≤100
37540989546,Power to Decide,Power to Decide,≤100
5593944035,Competitive Enterprise Institute,COMPETITIVE ENTERPRISE INSTITUTE,≤100
103983379801,Texas Democratic Party,Texas Democratic Party,≤100
210369719561642,Aethon Books,These ads ran without a disclaimer,≤100
96286403078,iHeartDogs.com,HomeLife Media,≤100
305730296471268,"Delegate Emily Brewer, 64th District",Friends of Emily Brewer,≤100
1165122570296957,Phoenix Zones Initiative,Phoenix Zones Initiative,≤100
110624247393153,Republican Ads,"Republican Ads, LLC",≤100
270826723039149,The Coalition to Protect Americas National Parks,"COALITION OF NATIONAL PARK SERVICE RETIREES, INC.",≤100
299921096753812,Sage Lewis,People for Sage Lewis,≤100
151577215422581,Zioness Movement,"Zioness Movement, Inc.",≤100
1066028990105772,Pacific Remote Islands Coalition,RESOURCES LEGACY FUND,≤100
513695272011123,The Genesis Prize,GPF NA LLC,≤100
189445177858595,Metropistas,Metropistas,≤100
147126507164,ACTwireless,ACTwireless,≤100
114657621506286,Jeff Wilhite,Friends of Wilhite,≤100
1612370289089732,Teagan Wright Comedy,Teagan Wright Comedy,≤100
594519783957655,Citizens for National Security,Citizens For National Security,≤100
311536622860495,SoCal Daily Pulse,SoCal Daily Pulse,≤100
388076585284592,SalmonState,SalmonState,≤100
103577788092886,Quarantine Racism,Quarantine Racism,≤100
407767916003589,U.S. Representative John Carter,Office of U.S. Representative John Carter,≤100
103210743084765,Resonate,Resonate,≤100
2327804674136406,California Gig Workers Union - Northern California,SEIU California,≤100
100440136353873,المختار ولد اخليفه El Mokhtar ould Khalifa,These ads ran without a disclaimer,≤100
27544763621,Prison Fellowship,Prison Fellowship,≤100
16695101734,National Association of Social Workers,These ads ran without a disclaimer,≤100
103786405991596,loyalty_unconditionally,These ads ran without a disclaimer,≤100
86711894400,National Write Your Congressman,National Write Your Congressman,≤100
288369791569,SEIU 721,SEIU Local 721,≤100
230180824062538,Councilman Anand Shah,Anand U Shah,≤100
101488112733136,Bright Body Baby,Bright Body Baby,≤100
102413012819246,Videntes y  Maestros,These ads ran without a disclaimer,≤100
90209763480,The Federalist Society,The Federalist Society,≤100
105334892381660,AmericanTowns Politics,AMERICAN TOWNS,≤100
111679245191541,Isamac for BERKS,Isamac for Berks,≤100
403716816314673,Lee Saunders,AMERICAN FEDERATION OF STATE COUNTY & MUNICIPAL EMPLOYEES,≤100
124115965454,Cornerstone Action,Cornerstone Action,≤100
216052228433696,Arcus Foundation LGBTQ Social Justice,ARCUS FOUNDATION,≤100
6165653060,AFSCME,AMERICAN FEDERATION OF STATE COUNTY & MUNICIPAL EMPLOYEES,≤100
274384599786357,American Farm Company,These ads ran without a disclaimer,≤100
490349377808038,State Representative Justin Holland,Justin Holland Campaign,≤100
482869205100278,Neema Project,Neema Project,≤100
185596045581840,Big Sky 55+,Big Sky 55+,≤100
227985911045342,CR News,CR,≤100
1560286300899883,Diabetes Patient Advocacy Coalition,Diabetes Patient Advocacy Coalition,≤100
109465560444254,Roce Today,I-ROCE LLC,≤100
110607104761521,Shellfish Growers Climate Coalition,NATURE CONSERVANCY,≤100
103685201159834,Tony Zorc,Tony Zorc for President,≤100
102579112455934,Making The Leap Podcast,Stanley M. Herzog Charitable Foundation,≤100
2259323457517498,Abolish the Electoral College,Abolish the Electoral College,≤100
103126019311610,Jimmy Bierman for Supervisor,Jimmy Bierman for Supervisor,≤100
100617765305538,Elizabeth Kelch - Author,These ads ran without a disclaimer,≤100
123273902497140,RISE & HEDGE,These ads ran without a disclaimer,≤100
106582384539447,Design for Freedom by Grace Farms,"GRACE FARMS FOUNDATION, INC.",≤100
105396751588542,Daphne Stanley GISD Place 4 School Board Trustee,COMMITTEE TO RE-ELECT DAPHNE STANLEY,≤100
1028676604000868,"John H. Bryan, Attorney at Law",These ads ran without a disclaimer,≤100
1720878078241107,Conservative Move,Conservative Move,≤100
117592091643709,Tree of Life Ministries｜Evangelism in Israel,Tree of Life Ministries,≤100
138856231379,ecoATM,These ads ran without a disclaimer,≤100
1042560925858683,John Kelly,John Alexander Kelly,≤100
497949630282962,Retirement Specialty Group,Retirement Specialty Group,≤100
240425642652222,South Florida Wildlands Association,South Florida Wildlands Association,≤100
2436403486378786,Tim Temple,Tim Temple Campaign,≤100
105538288406606,The House Part,These ads ran without a disclaimer,≤100
174998999194943,NALC Truth Page,David Watson Noble,≤100
1715587955338111,National Incarceration Association,National Incarceration Association,≤100
338218229911752,Integrity First PAC,INTEGRITY FIRST PAC,≤100
96935476345,Democratic Governors Association (DGA),Democratic Governors Association,≤100
690457604737953,Independent Colleges and Universities of Florida - ICUF,ICUF,≤100
100794789585004,Tim Short for Mayor,Elect Tim Short Campaign,≤100
162076961537,CA Charter Schools Association,CALIFORNIA CHARTER SCHOOLS ASSOCIATION,≤100
130130503698358,Eastern European Mission,EASTERN EUROPEAN MISSION,≤100
1630589287171625,City-County Councillor David Ray,Committee to Elect David Ray,≤100
40755480179,Students For Liberty,STUDENTS FOR LIBERTY INC,≤100
678363045674180,Florida Realtors PAC,Realtors® Political Advocacy Committee,≤100
110762178628199,Accountable SC,"Accountable SC, LLC",≤100
361923194259602,Millbrae SOS - Support Our Students,"Millbrae – Support Our Students, Yes on A",≤100
42590232694,CAIR,"CAIR-FOUNDATION, INC.",≤100
488740674837681,198 Methods,198 methods,≤100
107002635514603,wild.learning,These ads ran without a disclaimer,≤100
735450726543930,Clergy for a New Drug Policy,Clergy for a New Drug Policy,≤100
191195674423572,Great Plains Tribal Leaders Health Board,GREAT PLAINS TRIBAL CHAIRMEN'S HEALTH BOARD,≤100
577812748950650,Colchester CT Democratic Town Committee,Colchester Democratic Town Committee,≤100
359560497939415,Re-Elect Chief Hoskin and Deputy Chief Warner,Hoskin Warner,≤100
115909018067820,"Michael C LaSala, PhD, LCSW",These ads ran without a disclaimer,≤100
104728131848361,Offshore Wind For North Carolina,Southeastern Wind Coalition,≤100
101239962270235,Bright Future Iowa,Bright Future Iowa,≤100
351888444870822,Children's Advocacy Institute,Children's Advocacy Institute,≤100
100416560012896,Friends of the Everglades,FRIENDS OF THE EVERGLADES INC,≤100
116988634687753,The Justice Junction,Justin Zappia,≤100
79743808136,NAIS -- National Association of Independent Schools,"NATIONAL ASSOCIATION OF INDEPENDENT SCHOOLS, INC.",≤100
101931635812737,Reform Congress,Reform Congress,≤100
100540971962779,Localyst,"Accelerate Change, Inc.",≤100
107409909326665,Stephen Wise Free Synagogue,"WISE, STEPHEN FREE SYNAGOGUE",≤100
6808755897,Governing,e.Republic,≤100
111051575264758,Jack Murphy,I Love My Freedom,≤100
1804156426550062,Tim Kennedy for Senate,KENNEDY FOR SENATE,≤100
109068551731974,Sillychillly,Marc Alan Goldstein,≤100
144774322208562,SAVE,SAVE Inc.,≤100
104527761385122,Elect Julio Cerda for SISD place 2,Julio Cerda,≤100
103433804692809,Law Offices of James S. Hong & Associates,Law Offices of James S. Hong,≤100
328065780936817,Forest Fire Facts,Forest Fire Facts,≤100
858043064223510,FEFA,These ads ran without a disclaimer,≤100
112912573793125,Rise Up for Justice,Avrom L Altman,≤100
109031318770907,Joanna Weiss for Congress,Joanna Weiss for Congress,≤100
116472304662312,Matt Varble for Irving City Council Place 5,Matthew James Varble,≤100
12044622723,"Museum of Science, Boston",MUSEUM OF SCIENCE,≤100
100913694925880,"Akalan Law Firm, PLLC","Akalan Law Firm, PLLC",≤100
356431274698532,Ryan Hampton,Ryan Hampton,≤100
330617944306531,Jerica Richardson,"Jerica for Cobb, Inc",≤100
111076598184105,Organize at MLK Labor,"Martin Luther King, Jr. County Labor Council of Washington, AFL-CIO",≤100
39415627366,The Gordon School,"GORDON SCHOOL, THE",≤100
117585100107693,zungleboo,These ads ran without a disclaimer,≤100
100847206239598,Lazo de Amor,These ads ran without a disclaimer,≤100
488514654610218,Log Cabin Republicans of Orange County,Log Cabin Republicans,≤100
1974843506136098,The Guerrilla Politic,The Guerrilla Politic,≤100
174665813003584,Mission Partners for Christ,Mission Partners for Christ,≤100
105421802441162,Congressman Mike Ezell,Congressman Mike Ezell,≤100
103904152532938,"Ripley & Associates, Inc.",These ads ran without a disclaimer,≤100
913674978645759,Beloved Way,Beloved Christian Church Disciples of Christ,≤100
169840807024913,Jobob,The Jobob Show,≤100
100494119579435,Daily-Choices LC,These ads ran without a disclaimer,≤100
101562439539854,"Christi Wiles Thomas, Candidate, Register of Wills",These ads ran without a disclaimer,≤100
1616728165212478,Environmental Voter Project,"Environmental Voter Project, Inc.",≤100
38236386996,LSU Press,LSU Press,≤100
107461545589929,The Gen Z Conservative,Logan Thomas Corson,≤100
115407598098885,Darwin for Controller,Friends of Darwin,≤100
105802435807239,Marlow Jacobson for Polk County Commissioner District 1,These ads ran without a disclaimer,≤100
104360981789855,promisedlandmuseum,These ads ran without a disclaimer,≤100
101715195997935,Videntes del amor,These ads ran without a disclaimer,≤100
993294760683044,Education Reform Now,EDUCATION REFORM NOW ADVOCACY INC,≤100
326823877726361,Tactilian - Car Flag Magnets,These ads ran without a disclaimer,≤100
117852011575387,Unitarian Universalist Fellowship of Winston-Salem,UNITARIAN UNIVERSALIST FELLOWSHIP,≤100
116374041727027,A New Leaf,"A NEW LEAF, INC.",≤100
661373064295837,Arbor Acres,These ads ran without a disclaimer,≤100
100806242836871,Preservation Pause,University of Arizona Indigenous Peoples Law and Policy Program,≤100
120915979267,Life In Messiah International,"AMF INTERNATIONAL, INC.",≤100
1428283027462702,Restoration of America,RESTORATION PAC,≤100
309890072778981,Wisconsin Homeowners Alliance,Wisconsin Homeowners Alliance,≤100
104178088892414,Yemi Mobolade,FRIENDS OF YEMI,≤100
116945211276055,Make America Florida,Logan Thomas Corson,≤100
101204378825808,Fight the Right,FIGHT THE RIGHT PAC,≤100
110731825144291,SA Justice Charter,San Antonio Justice Charter,≤100
134757692422,Right To Play USA,These ads ran without a disclaimer,≤100
103255375067070,Supervisor Terra Lawson-Remer,Supervisor Terra Lawson-Remer,≤100
108221275336555,uanimals.eng,These ads ran without a disclaimer,≤100
102528662783070,"भारत विकास परिषद् ,समाना",These ads ran without a disclaimer,≤100
292281798294447,Shammas Malik,Malik for Akron,≤100
245481022560114,John Stefanski,John Stefanski Campaign,≤100
169668596476550,AFSCME en Español,AMERICAN FEDERATION OF STATE COUNTY & MUNICIPAL EMPLOYEES,≤100
114665075250432,The Zalkin Law Firm,"The Zalkin Law Firm, P.C.",≤100
115997714761143,No Name No Face,These ads ran without a disclaimer,≤100
102413472486082,Overseas Shipholding Group - OSG,These ads ran without a disclaimer,≤100
100183138237871,Bryan Livingston,Bryan Keith Livingston,≤100
868405419972384,The Outrage,These ads ran without a disclaimer,≤100
312533068780133,New Jersey Firefighters PFANJ,"Professional Firefighters Association of New Jersey - ""PFANJ""",≤100
108433238844,CWEB,CWEB Inc.,≤100
112727107713063,Manuel Trevino for Sheriff 2024,Manuel Trevino,≤100
101004619116214,Alef Stories,These ads ran without a disclaimer,≤100
811900825495982,Niskanen Center,The Niskanen Center,≤100
108520787621337,Chris Firearms,These ads ran without a disclaimer,≤100
102431455226232,Time To Run,TIME TO RUN,≤100
230529037868740,The Prod Cast,The Prodcast,≤100
105800435721037,The Right Hour,Logan Thomas Corson,≤100
39813692310,Michigan Democratic Party,MICHIGAN DEMOCRATIC STATE CENTRAL COMMITTEE,≤100
157848104394760,AprilAire,These ads ran without a disclaimer,≤100
939142902771066,The American Leader,THE AMERICAN LEADER,≤100
110366545303057,Maggie Ploener For Legislature,These ads ran without a disclaimer,≤100
118505644540858,Andrea Olsen,These ads ran without a disclaimer,≤100
449532451834913,Fishers Finery,Fishers Finery,≤100
114167895375664,Cherokee Nation,"CHEROKEE NATION, THE",≤100
110170005258857,Klicked Digital,DeDonato Enterprises,≤100
109476034966891,Electrify News,These ads ran without a disclaimer,≤100
582957058805133,Christopher Wolf Crusade,These ads ran without a disclaimer,≤100
667568823434660,Bikers CARE,"BIKERS C.A.R.E., INC.",≤100
101132412327407,Freemyfather1829,These ads ran without a disclaimer,≤100
76294311601,Committee for Accuracy in Middle East Reporting and Analysis - CAMERA,These ads ran without a disclaimer,≤100
1727980437413400,Partnership to Advance Cardiovascular Health,Partnership to Advance Cardiovascular Health,≤100
240582285994250,The Woody Foundation,These ads ran without a disclaimer,≤100
100266022831207,Memory Lane,These ads ran without a disclaimer,≤100
110907938599325,Rellix Productions,Rellix Productions,≤100
315002418709177,Congressman Jay Obernolte,U.S. House of Representatives,≤100
104137122604825,Vela espiritual,These ads ran without a disclaimer,≤100
101644445094181,The Billy Bones Club,These ads ran without a disclaimer,≤100
103014288180726,Thunder Lighter,These ads ran without a disclaimer,≤100
161707728106607,BayWa r.e. Global,These ads ran without a disclaimer,≤100
100476796144216,CORE Library,These ads ran without a disclaimer,≤100
110863715132963,Maestros del amor,These ads ran without a disclaimer,≤100
113938434893253,Tomorrow’s Affairs,These ads ran without a disclaimer,≤100
113079975378944,Mike Ball Dive Expeditions,These ads ran without a disclaimer,≤100