﻿Page ID,Page name,Disclaimer,Amount spent (EUR)
101519168409673,Dimitar Kovacevski,СДСМ,≤100
100954761298205,frontline.mk,frontline.mk,≤100
100746718435265,Fatmir Bytyqi,Fatmir Bytyqi,≤100
101754962766151,Рацин.мк,Рацин.мк,≤100
489378444428334,Brif.mk,Brif.mk,≤100
445469652211682,Bujar Osmani,Bujar Osmani,≤100
102860779377395,Само кажувам,Само кажувам,≤100
248423295202678,Македонски институт за медиуми - МИМ / Macedonian Institute for Media - MIM,Македонски институт за медиуми - МИМ / Macedonian Institute for Media - MIM,≤100
1677572455714659,Јорго Огненовски,Jorgo Ognenovski,≤100
324459714339171,Civil MK,Civil MK,≤100
461034264336817,24инфо.мк,24инфо.мк,≤100
149032011830930,Centar.mk,Centar.mk,≤100
192483774872658,Демократи,Демократи,≤100
1482737048633478,Институт за комуникациски студии ИКС / Institute of Communication Studies,Институт за комуникациски студии,≤100
216014178764093,Timco Mucunski,Timco Mucunski,≤100
251107349152220,Горан Герасимовски,Goran Gerasimovski,≤100
105285830908789,Bashkim Hasani,Bashkim Hasani,≤100
164829683652900,Faktor.mk,Faktor.mk,≤100
112622660371058,Гласни идеи,Гласни идеи,≤100
255990845327431,Левица,Левица / E majta / Levica,≤100
1723716297849902,Ljupcho Nikolovski,Ljupcho Nikolovski,≤100
1431650310475334,Vlado Misajlovski,Vlado Misajlovski,≤100
869754339830023,Maski magazin/Машки магазин powered by Faktor.mk,Faktor Portal DOO,≤100
1482737048633478,Институт за комуникациски студии ИКС / Institute of Communication Studies,These ads ran without a disclaimer,≤100
1564344927175199,European Summer School Prague,These ads ran without a disclaimer,≤100
103789762224168,Xender emmanuel the  Internet Analyst,These ads ran without a disclaimer,≤100