﻿Page ID,Page name,Disclaimer,Amount spent (PHP)
100350202335117,Benhur Abalos,Supporters and Friends of Benhur Abalos,1665
154332771585,Center for Leaders,Center for Leaders,486
121096004646927,"Pablo John ""PJ"" Garcia",Friends of PJ Garcia,457
197727873578501,Senator Migz Zubiri,Senator Migz Zubiri,203
104955062184489,BBM Movement,UEEI Consorcia Inc,172
701517253228758,DOSTv,DOSTv,168
386570178125149,Senator Win Gatchalian,Senator Win Gatchalian,156
113192036820162,Prof. Soc Anthony del Rosario,We Care Incorporated,148
113238417024056,Anna Mae Yu Lamentillo,Anna Mae Yu Lamentillo,140
547821942058909,Pilipinas Today,WFPH,132
495629064258114,Lolita Karen Javier,Amor U. Nacional,131
104163848038251,Doc Tess Villaluz Heyrosa,David Tapales Ramos,130
114540208900132,Erico Aris Aumentado,Erico Aris Aumentado,105
1860498353989958,Carl Steven Avellana Weigel,Carl Steven Avellana Weigel,≤100
115419768085260,Lokal,Lokal,≤100
1380167115635985,LEDS Clothing,LEDS Clothing,≤100
103401515144127,Atty. Migs Nograles,Atty. Migs Nograles,≤100
112186511545750,ACEN RES,ACEN RES,≤100
1759941490758280,Jerry Treñas,Ma. Ruthmar Ignacio Gabileo,≤100
585583411583810,ONE CAVITE,ONE CAVITE,≤100
111324628476603,REact PH: Choose Renewables,REact PH: Choose Renewables,≤100
109515814905110,4Ps Party-list,4Ps Party-list,≤100
1512452085732585,Stratbase ADR Institute,Stratbase ADR Institute,≤100
1566478310240623,Francis Tolentino,Francis Tolentino,≤100
269175894020945,Pilipinas Today,WFPH,≤100
100305568984268,EdukNaman,Philippine Business for Education Inc.,≤100
784522714997609,Commission on Human Rights of the Philippines,Commission on Human Rights of the Philippines,≤100
163550757135020,News5,News5,≤100
101520066053972,RepublicAsia,"RepublicAsia Media, Inc.",≤100
223618785182273,Pilipinas,WFPH,≤100
110015017184689,Filipinas TODAY,WFPH,≤100
100406438859954,Fight Illicit Trade,Fight Illicit Trade,≤100
1669303526443380,Trendsuertres Customized Promotional Items Baller Wrist Band Keychains etc.,Diomar Dizon Lagunero,≤100
529901257160994,Paz Radaza,Klin Mar Mejo,≤100
1922749344643532,The World Tonight,The World Tonight,≤100
104246114777292,Mayor Marjorie “Joie” Perales,Mayor Marjorie “Joie” Perales,≤100
1028037000714012,Kaiser Longterm- HMO-Arlene V. De Castro,These ads ran without a disclaimer,≤100
1332938170076882,Tatak QC,Polsure,≤100
145265112840190,Kasama Ka Sa Pag-Unlad,Polsure,≤100
254225618540932,Love ng QC si Teacher,Polsure,≤100
914556591894195,CitizenWatch Philippines,CitizenWatch Philippines,≤100
108285398860955,Evolve Republic,These ads ran without a disclaimer,≤100
1030706640379655,Pilipinas: Coal Free by 2030,Coal Free Philippines,≤100
320130741416822,Special Olympics Pilipinas,Special Olympics Pilipinas,≤100
406656099381045,Jose Ma Montelibano's Blog,Jose Ma. Locsin Montelibano,≤100
705660422953865,About Metro Pacific,WFPH,≤100
1917338948277858,Asenso Pinoy  by: Dennis Duhapa,These ads ran without a disclaimer,≤100
319488142121,Jinggoy Estrada,Anak Ng Masa,≤100
107427980954216,Saksi Ngayon,Manuel Jr Singson Siquian,≤100
227733163959394,Stargate PeopleAsia,Stargate PeopleAsia,≤100
100136438865259,Ako Volunteer - BBM SARA,Volunteerism Initiative,≤100
298753410968669,Pilipinas Today Club,WFPH,≤100
374004705980904,Philippine Business for Education,Philippine Business for Education,≤100
185343611506734,AGAP Partylist,Jochebed Dungo De La Cruz,≤100
104291395914077,Nuclear Supporters PH,Nuclear Supporters PH,≤100
109824251728384,"Bagong Pilipinas, Bagong Mukha","Bagong Pilipinas, Bagong Mukha",≤100
120781447628331,Bantz Nessa,These ads ran without a disclaimer,≤100
119790231047264,Laban ng Bayan Since 1896,The Daily Dosage Booster,≤100
556893261136432,Atty. Lordan Suan,Atty. Lordan Suan,≤100
103935062668034,Free Flow Club,These ads ran without a disclaimer,≤100
128378443508730,The Mall pull out,These ads ran without a disclaimer,≤100
102550901310332,Pilipinas AHA Visayas,WFPH,≤100
186667502068528,Larry De Costa,WFPH,≤100
107709755469083,Bayan ng Magigiting,The Message Booster Enterprise,≤100
1856611721228196,BH Bernadette Herrera,Bagong Henerasyon Partylist,≤100
100599879598493,Ortigas Lifestyle Network,The Daily Dosage Booster,≤100
105969951219886,Sibika.ph,Philippine Business for Education Inc.,≤100
104595105786231,Pinoy OFW Network,The Message Booster Enterprise,≤100
652113794827265,BU Leaders - CBEM,Roby Roel Vale Borja,≤100
102907729290658,Pilipinas Kong Mahal,The Message Booster Enterprise,≤100
127901950225902,Ang Tagamasid,These ads ran without a disclaimer,≤100
389309271851098,Pinoy Builders,Jonnadeth Sicat Coja,≤100
102081865474762,Kiddie Learning Train,Philippine Business for Education Inc.,≤100
207494196545897,"San Anselmo Publications, Inc.",Eldrige Marvin Bihis Aceron,≤100
113178534485189,OFW Partylist,OFW Partylist,≤100
106256777922958,SEA Today News,These ads ran without a disclaimer,≤100
242562552438872,DOST-STARBOOKS,DOST-STARBOOKS,≤100
105910268672335,Pinaura ka ni Sandy Javier,Amor U. Nacional,≤100
404729389612751,"Teodorico ""Nonong"" T Haresco, Jr",BIHA-MPC : People of Aklan,≤100
100108226244136,PH 24 ORAS,The Message Booster Enterprise,≤100
247331620535579,Mike Defensor,The Mike Defensor Organization,≤100
115434504800943,Overseas Opportunity,These ads ran without a disclaimer,≤100
480552092150213,Malayang Quezon City,The Message Booster Enterprise,≤100
2101088876594734,MBS- Senior Deputy Speaker DOY Leachon,Ronalee Escondo Leachon,≤100
116877730169772,Atty. Ana Alvarez,Jan Ione Royo Salveron,≤100
102316525220299,coffeetablegrails,These ads ran without a disclaimer,≤100
100469492859086,Siglo ng Kalinga,These ads ran without a disclaimer,≤100
1452648134951782,Local Government Unit of Solano,Tyrone Joy Galasinao Dagdag,≤100
103679252545648,Obrero Pilipino,The Message Booster Enterprise,≤100
101178932348592,Office of the Municipal Mayor - Atty. Philip A. Dacayo,Tyrone Joy Galasinao Dagdag,≤100
411599033012938,Si Obed - Ang Kaibigan Mo,Jochebed Dungo De La Cruz,≤100
104775207615249,TESDA Region I,TESDA One,≤100
114800534893965,Ligtas na Pilipinas,The Message Booster Enterprise,≤100
221097485264422,Councilor Numero “Uno” Lim,Numero Gonzales Lim,≤100
106875428267782,Wonderhome Naturals,These ads ran without a disclaimer,≤100
332536503771530,Vice Governor Karen Agapay,Edgar Habana Ruado,≤100
116377571336724,Venz Thrifteristic,These ads ran without a disclaimer,≤100
101292275353483,Philippine Daily Inquirer,These ads ran without a disclaimer,≤100
182966732406926,Tractorco Company Inc.,These ads ran without a disclaimer,≤100
107121854955061,Cong Jay Khonghun,Mark Alfonso Gonzales,≤100
478513355552953,Jing Castaneda,These ads ran without a disclaimer,≤100
257045211013828,San Antonio Spurs Pro,These ads ran without a disclaimer,≤100
101289218907718,Web News,These ads ran without a disclaimer,≤100
821430017924241,Sungrow,These ads ran without a disclaimer,≤100
565225540184937,CGTN,These ads ran without a disclaimer,≤100
105396005720390,Sahabat palestin,These ads ran without a disclaimer,≤100