﻿Page ID,Page name,Disclaimer,Amount spent (USD)
225385184188101,ქართული ოცნება / Georgian Dream,ქართული ოცნება / Georgian Dream,≤100
373058439451905,Irakli Garibashvili,Irakli Garibashvili,≤100
496913277182918,Network of Centers for Civic Engagement - NCCE,Network of Centers for Civic Engagement - NCCE,≤100
353943391364252,TV Imedi,TV Imedi,≤100
1709314685984193,სტრატეგია აღმაშენებელი • Strategy Aghmashenebeli,სტრატეგია აღმაშენებელი • Strategy Aghmashenebeli,≤100
107079819324769,საქართველოს თავდაცვის სამინისტრო / Ministry of Defence of Georgia,საქართველოს თავდაცვის სამინისტრო / Ministry of Defence of Georgia,≤100
651534988375338,POSTV - ანალიტიკა,POSTV LLC,≤100
107212234052832,მედიაკრიტიკა / Mediacritic,მედიაკრიტიკა / Mediacritic,≤100
106696602753341,ეკონომიკისა და მდგრადი განვითარების სამინისტრო,ეკონომიკისა და მდგრადი განვითარების სამინისტრო,≤100
749989348701035,ეს ქვეყანა შენია • This country is yours,Civil Society Institute,≤100
227232231055980,Egor Kuroptev,Egor Kuroptev,≤100
2136963033183230,თორნიკე რიჟვაძე • Tornike Rijvadze,თორნიკე რიჟვაძე • Tornike Rijvadze,≤100
133052760057128,Tabula - ტაბულა,Tabula - ტაბულა,≤100
1159313984168136,europop,Popsport,≤100
101372621663976,არჩილ ჩიქოვანი • Archil Chikovani,არჩილ ჩიქოვანი • Archil Chikovani,≤100
179300065451916,საქართველოს იუსტიციის სამინისტრო,საქართველოს იუსტიციის სამინისტრო,≤100
2167628580128133,ირაკლი კობახიძე / Irakli Kobakhidze,Georgian Dream,≤100
107034578358462,პოლიტიკური სატირა / Political Satire,პოლიტიკური სატირა / Political Satire,≤100
1886767171598724,ფლანგვის დეტექტორი,ფლანგვის დეტექტორი,≤100
1578471278894473,POSTV - ახალი ამბები,POSTV,≤100
105294965729965,საქართველო უპირველეს ყოვლისა  • Georgia First,Georgia First,≤100
114735666574826,Formula • ფორმულა,TV Formula,≤100
194165114388891,ევროპული საქართველო • European Georgia,ევროპული საქართველო,≤100
103269208894167,რეფორმებისა და კვლევის ჯგუფი/ The Reforms and Research Group,The Reforms and research group,≤100
471759786227198,Factcheck.ge,Factcheck.ge,≤100
1267468489937737,"აი, ფაქტი • ifact.ge","აი, ფაქტი • ifact.ge",≤100
126642864053395,ღია საზოგადოების ფონდი I Open Society Georgia Foundation,OSGF,≤100
204459169625213,Palitra L Publishing • გამომცემლობა პალიტრა L,Palitra L Publishing • გამომცემლობა პალიტრა L,≤100
1746063075610569,საფარი • Sapari,Union Sapari,≤100
467242696954558,POSTV,POSTV,≤100
121078177912733,საქართველოს იუსტიციის სასწავლო ცენტრი -TCJ,საქართველოს იუსტიციის სასწავლო ცენტრი -TCJ,≤100
107336238433922,PrimeNews.Ge,PrimeNews.Ge,≤100
1031485756902883,გირჩი • Girchi,გირჩი • Girchi,≤100
179119122157809,Pia.ge - ახალი ამბები,Pia.ge - ახალი ამბები,≤100
112698110523947,7- მოქალაქეები/Citizens,ალეკო ელისაშვილი - მოქალაქეები,≤100
222439314545383,სახელმწიფო სერვისების განვითარების სააგენტო / psda,სახელმწიფო სერვისების განვითარების სააგენტო / psda,≤100
197243066983672,ერთიანი ნაციონალური მოძრაობა • United National Movement,ერთიანი ნაციონალური მოძრაობა • United National Movement,≤100
113991509974808,მამუკა ხაზარაძე Mamuka Khazaradze,მამუკა ხაზარაძე Mamuka Khazaradze,≤100
102063615283231,ფრიდონ ინჯია . Fridon Injia,ფრიდონ ინჯია . Fridon Injia,≤100
277709595710849,სოფლის განვითარების სააგენტო - Rural Development Agency,სოფლის განვითარების სააგენტო - Rural Development Agency,≤100
102689205025480,ქეთი თურაზაშვილი - Keti Turazashvili,ალეკო ელისაშვილი - მოქალაქეები,≤100
766565596708923,ალექსანდრე ელისაშვილი / Alexander Elisashvili,ალეკო ელისაშვილი - მოქალაქეები,≤100
109793210760998,Safe You - საქართველო,Safe You Georgia,≤100
312044018831500,სურსათის ეროვნული სააგენტო / National Food Agency,სურსათის ეროვნული სააგენტო / National Food Agency,≤100
102634668592847,გიორგი ამილახვარი / Giorgi Amilakhvari,გიორგი ამილახვარი / Giorgi Amilakhvari,≤100
114191964091743,"საქართველოს კულტურის, სპორტისა და ახალგაზრდობის სამინისტრო","საქართველოს კულტურის, სპორტისა და ახალგაზრდობის სამინისტრო",≤100
1097681207089811,პუბლიკა • Publika,პუბლიკა • Publika,≤100
480323335835739,მაუწყებელი • Mautskebeli,მაუწყებელი • Mautskebeli,≤100
180568365331697,შერიგებისა და სამოქალაქო თანასწორობის საკითხებში სახელმწიფო მინისტრის აპარატი,SMR Georgia,≤100
104745128534842,64,64,≤100
414248619353564,საქართველოს დაბადება,გირჩი • Girchi,≤100
147881438604435,გიორგი კეკელიძე • Giorgi Kekelidze,Kekelidze,≤100
136827876490842,საინფორმაციო ცენტრი ნატოსა და ევროკავშირის შესახებ • NATO & EU Info Center,საინფორმაციო ცენტრი ნატოსა და ევროკავშირის შესახებ • NATO & EU Info Center,≤100
116263589076940,Vato Shakarishvili • ვატო შაქარიშვილი,Vato Shakarishvili • ვატო შაქარიშვილი,≤100
28821170162,Giga Bokeria,European Georgia,≤100
115293058488180,საქართველოს ეროვნული არქივი/National Archives of Georgia,საქართველოს ეროვნული არქივი/National Archives of Georgia,≤100
198164676867952,განათლებისა და მეცნიერების სამინისტრო,საქართველოს განათლებისა და მეცნიერების სამინისტრო,≤100
103965262533554,არ აგარევინებთ,არ აგარევინებთ,≤100
1545848578984351,საქართველოს კონკურენციის ეროვნული სააგენტო •  gnca,Georgian National Competition Agency,≤100
1057076117677093,NEWS.On.ge,On.ge,≤100
105513718835653,"მეცნიერების, განათლებისა და კულტურის პროფკავშირი - SEC Workers Union","მეცნიერების, განათლებისა და კულტურის პროფკავშირი - SEC Workers Union",≤100
146485005422635,საქართველოს ხელოვნების სასახლე-კულტურის ისტორიის მუზეუმი,საქართველოს ხელოვნების სასახლე-კულტურის ისტორიის მუზეუმი,≤100
114247550124982,Badri Japaridze • ბადრი ჯაფარიძე,Badri Japaridze • ბადრი ჯაფარიძე,≤100
107709478476649,Tamar Chergoleishvili,European Georgia,≤100
195600981002208,გიორგი მელაშვილი / George Melashvili,Europe-Georgia Institute,≤100
106059902195415,CourtWatch.ge - იყავი ინფორმირებული სასამართლოზე,Georgian Court Watch,≤100
226778855962557,Natia Mezvrishvili • ნათია მეზვრიშვილი,These ads ran without a disclaimer,≤100
1396827330340895,გოგი მეშველიანი / Gogi Meshveliani,გოგი მეშველიანი / Gogi Meshveliani,≤100
114623925357107,საქართველოს ფოსტა / Georgian Post,საქართველოს ფოსტა / Georgian Post,≤100
371014900056787,ციფრული მმართველობის სააგენტო • Digital Governance Agency,ციფრული მმართველობის სააგენტო • Digital Governance Agency,≤100
285690758154568,გარემოს დაცვისა და სოფლის მეურნეობის სამინისტრო,გარემოს დაცვისა და სოფლის მეურნეობის სამინისტრო,≤100
101507808947429,ad hoc · ედ ჰოკი,These ads ran without a disclaimer,≤100
1505333196415332,Côte d'Azur - школа французької мови,These ads ran without a disclaimer,≤100