﻿Page ID,Page name,Disclaimer,Amount spent (EUR)
101519168409673,Dimitar Kovacevski,Димитар Ковачевски,≤100
148427235188637,СДСМ - Социјалдемократски сојуз на Македонија,СДСМ - Социјалдемократски сојуз на Македонија,≤100
100746718435265,Fatmir Bytyqi,Fatmir Bytyqi,≤100
324459714339171,Civil MK,Civil MK,≤100
90137764259,"ВМРО-ДПМНЕ, ВМРО-ДЕМОКРАТСКА ПАРТИЈА ЗА МАКЕДОНСКО НАЦИОНАЛНО ЕДИНСТВО","ВМРО-ДПМНЕ, ВМРО-ДЕМОКРАТСКА ПАРТИЈА ЗА МАКЕДОНСКО НАЦИОНАЛНО ЕДИНСТВО",≤100
590981394365638,Maksim Dimitrievski,Maksim Dimitrievski,≤100
192483774872658,Демократи,Демократи,≤100
248423295202678,Македонски институт за медиуми - МИМ / Macedonian Institute for Media - MIM,Македонски институт за медиуми - МИМ / Macedonian Institute for Media - MIM,≤100
1094158057369124,Stefan Bogoev,Стефан Богоев,≤100
829371753904952,Hristijan Mickoski,ВМРО-ДПМНЕ,≤100
1723716297849902,Ljupcho Nikolovski,Ljupcho Nikolovski,≤100
1482737048633478,Институт за комуникациски студии ИКС / Institute of Communication Studies,Институт за комуникациски студии,≤100
335085593528267,Sloboden Pecat,Sloboden Pecat,≤100
112622660371058,Гласни идеи,Гласни идеи,≤100
1677572455714659,Јорго Огненовски,Jorgo Ognenovski,≤100
400497373674524,СамоПрашај.мк,Institut za komunikaciski studii,≤100
971176269757392,Дома,Институт за комуникациски студии ИКС / Institute of Communication Studies,≤100
869754339830023,Maski magazin/Машки магазин powered by Faktor.mk,Faktor Portal DOO,≤100
100954761298205,frontline.mk,frontline.mk,≤100