﻿Page ID,Page name,Disclaimer,Amount spent (EUR)
148427235188637,СДСМ - Социјалдемократски сојуз на Македонија,СДСМ,≤100
101754962766151,Рацин.мк,Рацин.мк,≤100
330217683655885,Lokalno,Lokalno,≤100
829371753904952,Hristijan Mickoski,ВМРО-ДПМНЕ,≤100
335085593528267,Sloboden Pecat,Sloboden Pecat,≤100
109452208789335,Трн.мк,Трн.мк,≤100
114716014845582,Портал,Портал,≤100
971176269757392,Дома,Институт за комуникациски студии ИКС / Institute of Communication Studies,≤100
287369438092961,Бојан Стојаноски,Бојан Стојаноски,≤100
192483774872658,Демократи,Демократи,≤100