﻿Page ID,Page name,Disclaimer,Amount spent (USD)
109854728594212,برنامج تحديث القطاع العام,برنامج تحديث القطاع العام,≤100
664477853670759,المكتب الاعلامي للنائب معتز ابورمان,المكتب الاعلامي للنائب معتز ابورمان,≤100
102931605845722,تيار وطني يهدف لتأسيس حزب باسم العمل,حزب العمل,≤100
103323581486845,النائب سليمان موسى ابو يحيى,النائب سليمان موسى ابو يحيى,≤100
664477853670759,المكتب الاعلامي للنائب معتز ابورمان,Moutaz Abu Rumman,≤100
100889555094190,صفحة النائب محمد عقيل شطناوي - ابو النور,صفحة النائب محمد عقيل شطناوي - ابو النور,≤100
107141858896307,Rewell Society,Rewell Society,≤100
354945232030231,حزب الإتحاد Etihad Party,حزب الإتحاد Etihad Party,≤100
101445391795131,Fawasel For Civil Society Development فواصل لتنمية المجتمع المدني,Fawasel For Civil Society Development فواصل لتنمية المجتمع المدني,≤100
1918605931485644,رواسخ,These ads ran without a disclaimer,≤100