﻿Page ID,Page name,Disclaimer,Amount spent (USD)
106621705810520,Cosmetics DZ,These ads ran without a disclaimer,≤100
107847177821253,NOW الشرق,These ads ran without a disclaimer,≤100
102207552798601,Youth clicks,These ads ran without a disclaimer,≤100
108625789179165,Soi Dog Foundation,These ads ran without a disclaimer,≤100
725946641169344,عبد العالي حساني شريف Abdelaali Hassani Cherif,Abdelaali Hassani Cherif,≤100
1861193460685901,LES Hommès Et LES Femmès Dé Sétif,LES Hommès Et LES Femmès Dé Sétif,≤100
496508537511118,La Familia Store Algeria,These ads ran without a disclaimer,≤100
101760315738301,بيع قطع الارضي,These ads ran without a disclaimer,≤100