﻿Page ID,Page name,Disclaimer,Amount spent (NGN)
2010410822318073,Tvcnewsng,Tvcnewsng,476
103864958273670,"School of Politics, Policy, and Governance",The School Of Politics Policy and Governance,126
102625132726631,Edo DecidesTv,These ads ran without a disclaimer,≤100
103018869332378,BantuPage,BantuPage,≤100
660685641036325,Sandeco Group,Sandeco Group,≤100
111035392018206,Mallam zaki,These ads ran without a disclaimer,≤100
108217010644446,Oku Ozieoghene Victory,Oku Ozieoghene Victory,≤100
100202924924063,Page 36,Page 36,≤100
104576632565512,K-Move,K-Move,≤100
103308039255667,Mr-Precidentz James,These ads ran without a disclaimer,≤100
104679584528987,Flourish,Flourish,≤100
204420296789348,Ekerete Udoh,Ekerete Udoh,≤100
101288566202804,B & J Blessed Charity Foundation,These ads ran without a disclaimer,≤100
109290394640821,Common Sense Family,These ads ran without a disclaimer,≤100
113877501331090,Christian Aburime,Christian Aburime,≤100
102494176217517,Dr. Patrick Umoh,suneses-energy,≤100
381910422173667,Lilsnazzy Creationz,These ads ran without a disclaimer,≤100
111180371693748,Rt.Hon Peter Odey - Cross River State Deputy Governor,Rt.Hon Peter Odey - Cross River State Deputy Governor,≤100
112015191108359,Inside Port Harcourt,Inside Port Harcourt,≤100
128728490537179,Senator Asuquo Ekpenyong,Senator Asuquo Ekpenyong,≤100
710631155650743,Street Talents  Tv,Street Talents  Tv,≤100
101526161771364,Anambra State New Media,Anambra State New Media,≤100
2251786924852107,Victor Jrn,These ads ran without a disclaimer,≤100
1813961455356524,Sen. Lawrence Ewhrudjakpo,Sen. Lawrence Ewhrudjakpo,≤100
102169824695398,Rero TV,Rero TV,≤100
913242715449176,Prophet Ekong Ituen Ministries,Prophet Ekong Ituen Ministries,≤100
119723736100630,Ala - Delight Publicity Services,Ala - Delight Publicity Services,≤100
2202717973275316,Daniel Eromonsele,Daniel Eromonsele,≤100
110891496953038,Eagles Assembly Abuja,These ads ran without a disclaimer,≤100
1759753480924658,PublicSector Global,These ads ran without a disclaimer,≤100
1474591649344815,Hon. Sunny Ofe,These ads ran without a disclaimer,≤100
107868989007138,The Matrix News,Pan Matrix,≤100
365611603529330,Asambleísta Consuelo Flores Carrera,These ads ran without a disclaimer,≤100
258237094650339,Voice Of More,Voice Of More,≤100
123550894353506,niyi ADESANYA,These ads ran without a disclaimer,≤100
104044266054498,Edustore Africa,These ads ran without a disclaimer,≤100
343382302456957,Senator Orji Uzor Kalu,Senator Orji Uzor Kalu,≤100
339682613478916,Athanase BOUDO,These ads ran without a disclaimer,≤100