﻿Page ID,Page name,Disclaimer,Amount spent (INR)
103704155350118,Gates Foundation India,The Bill & Melinda Gates Foundation,5600
294493857651676,Rahul Gandhi,Indian National Congress,5330
109076322510196,Saviour Education Abroad,Saviour Education Abroad OPC Pvt Ltd,4912
68793499001,UNICEF,UNICEF with Facebook Ad Credits,3257
112293334871512,Bharat Jodo,Indian National Congress,1787
270111243000982,Harsimrat Kaur Badal,Harsimrat Kaur Badal,1580
363810233822217,Vikramjit Sahney,Gurdeep Singh,1446
228053777220961,Daily Ajit,Daily Ajit,1303
105671775473178,Jan Suraaj,Jan Suraaj,1149
220763285057394,Upkar Singh Sandhu,Shiba Luthra,1085
270111243000982,Harsimrat Kaur Badal,Shiromani Akali Dal,1002
101056732504706,Punjab BOLDA -Television,Gursharan Singh Sandhu,750
101538858448134,The Summer News,Gagandeep Singh,741
101713962007976,Amrit Mahotsav,Amrit Mahotsav,540
158714780827513,UNFPA,UNFPA,489
104516512296314,Kartik Sharma,Adv Tech,478
351616078284404,Indian National Congress,Indian National Congress,476
914876481977787,Ajay Mangupur,Varinderjeet Singh,441
107395897271506,Kutumb,Swatantra Verma,434
103395429127963,Public Guardian,Brijinder Kaur Rai,379
111399808109012,Dr. KNS Kang,Gurnaaz Singh Kang,368
1006309686054751,Ajayvir Singh Lalpura,Yash Bagh,350
103545201184270,Hrithik Arora,Hrithik Arora,347
104295385865861,Punjab Survey,Jatinder Pal Singh,319
343731449001203,Dainik Savera,Mohit Johari,314
1488581191158902,Conscious Planet,Isha outreach,313
105813284380310,Dee4unews,Deepak Kumar Bhandari,290
101038215243427,Youth Voice Foundation,Gagandeep Singh Dhatt,256
105682567774739,Tajinder Singh Sran,Tajinder Singh,254
174283119250672,Save the Children India,Bal Raksha Bharat,219
135947097097073,Jaspreet Singh Dahiya,Jaspreet Singh Dahiya,215
100460032153199,Jagmohan Singh Raju,Saurabh Gosain,195
111734600644064,MLA Ajitpal Singh Kohli,Amandeep Singh,188
109141098395573,Inclusive Minds,Inclusive Minds,187
30290552843,Greenpeace India,Greenpeace India Society,185
105824457802200,The Khabarsaar,Amandeep Singh,159
1433526693616228,Himachali Rishta - हिमाचली रिश्ता डॉट कॉम,Himachali Rishta - हिमाचली रिश्ता डॉट कॉम,152
132806813793938,Paramjit Singh Sarna,Harjap Singh Dhingra,148
101897054923377,Arshdeep Samar,Gagandeep Singh,132
110431218358189,Take Back Bengaluru,Take Back  Bengaluru,128
201156146959026,Mohinder Bhagat,Mohinder Paul,121
105594005414191,AVP News Punjab,Arpit Jain,120
109986065209042,Mera Apna Rahul,Mera Apna Rahul,116
224618077692752,Sanjay Tandon,Saraansh Tandon,104
101854806119390,World Punjabi Digital,The Narrative Builders,104
20386543316,WWF-India,Mukesh Nauhwar,≤100
1149375478489344,Harvinder Singh Sarna,Harjap Singh Dhingra,≤100
148684961908359,Raman Bahl,Dev Bahl,≤100
105598004865574,"ਮਹਾਰਾਜਾ ਰਣਜੀਤ ਸਿੰਘ ਦਾ ""ਪੰਜਾਬ"" ਫੇਰ ਬਣਾਉਣਾ",Harpreet Singh,≤100
102520331399638,Breaking News Punjab,Simranjeet Singh,≤100
207343709721346,Harbhajan Singh ETO,Harshjit Singh,≤100
213618532742157,ਨਸ਼ੇ ਤੋਂ ਮੁੱਕਤੀ ਪਾਉ ਜੀਵਨ ਸਫ਼ਲ ਬਣਾਓ,Harjit Singh,≤100
105530752376295,"Shiromani Akali Dal, Delhi Unit",Harjap Singh Dhingra,≤100
746568209028564,Dr. Basu Eye Hospital,Dr. Basu Eye Hospital,≤100
103782051383159,School of Politics,School of Politics,≤100
109354741887336,Udhay Anna - உதய் அண்ணா,Politicode,≤100
138927162813391,Dailyhunt,Verse Innovation Pvt. Ltd.,≤100
100735178208398,Udyami India,Samadhan Samiti,≤100
109707661884154,Indian Compass,theindiancompass.com,≤100
100328978216424,"Fight Pollution, Not Plastics",Nitesh Singh,≤100
113914497400326,Baba Gazi Dass Ji Club Register Roper-PUNJAB,Devinder Singh Bajwa,≤100
365136584238569,Shiv Deswal Degana,Brand Balance Private Limited,≤100
110068088617140,Naresh Singh,Amit Kumar Singh,≤100
1510631479236816,Hawa Badlo,social cloud ventures Pvt Ltd,≤100
265992950099792,Panchjanya,Bharat Prakashan (Delhi) Limited,≤100
114575350669010,Ludhiana PLUS,Aditya Mohindra,≤100
106828085233860,Mark Consultant,These ads ran without a disclaimer,≤100
537021156329658,Sukhbir Singh Jaunapuria,Pankaj Sharma,≤100
110846984022901,MPIDC,Abhishek Shukla,≤100
112326528253527,Apex Online Solution,Ajay Tiwari,≤100
2078242259060363,Kukufm,Mohana Saha,≤100
959860307481002,Kasu Mahesh Reddy,Thulasiram Banduchode,≤100
243524299157863,Pushkar Singh Dhami,Pushkar Singh Dhami,≤100
1327351450720146,Pradhan Mantri Bhartiya Janaushadhi Pariyojana,Pharmaceuticals & Medical Devices Bureau of India,≤100
1433075113609108,Rakhee Rathore,Rohit Githala,≤100
102478992663949,LYCEE Trust,These ads ran without a disclaimer,≤100
241940555912671,Chandigarh University,Chandigarh University,≤100
109986065209042,Mera Apna Rahul,MeraApnaRahul,≤100
1785302198354679,Dr. Somendra Tomar,Somendra Singh,≤100
1947865801968156,Jasmeet Singh Pitampura,Harjap Singh Dhingra,≤100
111347144653824,Krishna Kumar Singh,Puneet Kumar Singh,≤100
132495066874513,GAIL (India) Limited,social cloud ventures,≤100
632187700186491,Santokh Singh Chaudhary,Ajay Kumar,≤100
239920290089141,Punjab Now Hd,Amandeep Singh,≤100
184278081698180,Ashok Gehlot,Ashok Gehlot,≤100
101042837917123,Mamta Bhupesh,Ritik Keer,≤100
103241429198724,Lok Opinion,Kamaldeep Singh,≤100
105122552273484,casecaller,These ads ran without a disclaimer,≤100
675268652538693,Dr Dhan Singh Rawat,secureo,≤100
132689140088396,smilefoundation,Smile Foundation,≤100
110846984022901,MPIDC,Anand Raj Singh,≤100
408255699307921,Dr. Manoj Rajoria,Saurabh Saini,≤100
584593654939786,ET Edge,These ads ran without a disclaimer,≤100
105918132279967,DM Online Service,Chandra Pratap Singh,≤100
104052753400618,Union Bank of India,Goldmine Advertising Limited,≤100
1663652603780676,Wedding Tales Matrimony,These ads ran without a disclaimer,≤100
103472575834884,Avi Rajput,Avi Rajput,≤100
1479103082361100,"Swachh Bharat Mission, India",Prashant Kumar,≤100
719658791440653,Swami Sumedhanand Saraswati,Dharmendra Chhonkar,≤100
148931718592314,Tarun Chugh,Adv Tech,≤100
109735351891742,Apex India service,Ajay Tiwari,≤100
694622163885355,Devender singh babli,Devender Singh Babli,≤100
101840249362114,Ps Qucik Advisor Online Solution,Maniram Ramu Dhurwe,≤100
143609916516,Naukri.com,These ads ran without a disclaimer,≤100
1110178129121993,Ashok Vishnoi IRS,Pawan Kumar Sharma,≤100
667560657014524,Mahendra Singh Solanki,Nitesh Tiwari,≤100
114717553693865,Liberal TV,Liberal TV Punjabi,≤100
111734638327250,Edicator Current News,Prakhar Prashant Sharma,≤100
109066315147120,News Temple,Jainendra Agrawal,≤100
100196004828444,North Eastern Council,Sourabh Arvind Dubey,≤100
369063569936141,Lung Care Foundation,Lung Care Foundation,≤100
100935642733964,Hindi Khabar Digital,The Narrative Builders,≤100
466642616726169,Parul University,Parul University,≤100
111298630628242,Rajvardhan Singh Parmar,Dharmendra Chhonkar,≤100
218519749005654,Dr. Rakesh Singh Jadon,Rakesh Singh Jadon,≤100
1549125462051884,BQPrime,These ads ran without a disclaimer,≤100
985108821675494,Hari Singh Sapre,Prateek Malhotra,≤100
660476430787331,Gaurav Pandhi,Gaurav Pandhi,≤100
170484126349815,Indian Cancer Society,Indian Cancer Society,≤100
2202748353387524,Bibi Jagir Kaur,Rahul Kumar,≤100
357315174671360,Wazir Singh Dahiya,Wazir Singh Dahiya,≤100
606877419792314,Amit Chaudhary,Karan Singh,≤100
577856385582447,Raghu Sharma,Kanishk Bansal,≤100
105741735593870,MakeMyTrip Foundation,Prashant Raj,≤100
484694901661075,2baconil,ZERO GRAVITY COMMUNICATIONS,≤100
339835596096353,Satish Poonia,Choudhary Ramesh Chaudhary,≤100
106126212227764,P Mudar Loan,Mukeshbhai Samatbhai Rathod,≤100
49218554014,Swami Ramdev,Saura Bh Sin Gh,≤100
1932900346831325,Rajesh D Sanghvi,Rajesh Dineshchandra Sanghvi,≤100
295405070641302,Balraj Kundu,Pankaj Sharma,≤100
104908641373434,Anukriti Gusain Rawat,Anukriti Gusain,≤100
198671796954923,Ram Singh Netaji,Ram Singh,≤100
573455786084034,Dr Shrikant Eknath Shinde,Pratik Sunil Sharma,≤100
22390992794,Deepender Singh Hooda,Abhishek Bhadaoriya,≤100
105124865726721,Medapati Prakash Reddy,Medapati Prakash Reddy,≤100
385303288239154,Raghuveer Singh Tanwar,Raghuveer Singh Tanwar,≤100
285029500623,CARE India,CARE India,≤100
103428619189012,Ps Qucik Service,Jotiram Shivaji Jadhav,≤100
108132195454668,Aam Aadmi Problems,Bikramjit Singh,≤100
107183428120144,Dr C Saraswathi,Dr. C. Saraswathi,≤100
289085061102499,Sukhwinder Singh Bindra,Sukhwinder Pal Singh,≤100
163025777648018,Shashank Bhargava,Shashank Bhargava,≤100
107999948316591,Khema Ram Bana,Mahesh Kumar,≤100
101014615763086,shivam_sarkar_8641,These ads ran without a disclaimer,≤100
994578073995343,B. L. Verma,Sourabh Arvind Dubey,≤100
152154292012572,Navjivan,Navjivan,≤100
695738973874352,Dr. Sumer Singh Solanki,Sumer Singh Solanki,≤100
107922322082002,Books Bundle,Dheeraj Paneri,≤100
106976385494588,Ps Quick Online Services,Jotiram Shivaji Jadhav,≤100
1706371292942156,"Ministry of Development of North Eastern Region, Government of India",Sourabh Arvind Dubey,≤100
104030655873576,Bharat K Gupta,Aksh Bhargava,≤100
112061804808512,Sports Development Authority of Bihar - SDAB,Ajit Kumar,≤100
417955518281067,Saurabh Singh,Sangyaa PR Consultants,≤100
816288898474925,Naresh Pareek,Pawan Kumar Sharma,≤100
1005694449531092,Sunil ydv SS,Sunil Kumar,≤100
564340420252773,Amit Sihag,Ranvijay Lamba,≤100
146702709146110,Ashu Singh Surpura,Ankit Kumawat,≤100
102161921182493,Ram Niwas Garg,Ram Niwas Garg,≤100
186199704897466,RD Foundation,RD Foundation,≤100
103205695784211,Vandana Verma,Prem Shankar,≤100
106070341358047,devii_srii_,These ads ran without a disclaimer,≤100
107265272005040,Girdhari Lal Indoria,Surendra Sharma,≤100
104897397548712,YV Care,These ads ran without a disclaimer,≤100
165714096933078,Piyush Goyal,Piyush Goyal,≤100
385658441549334,Deepak Bhati Chotiwala,Dipak Bhati,≤100
1919641618278971,Sachin Chaudhary,Satish Kumar,≤100
100485426184353,Rashtriya Uttar Bhartiya Samaj Party - Delhi,Manoj Kumar Singh,≤100
104897397548712,YV Care,YV Care,≤100
115220224403369,Yogesh Shukla,Shreshth Tiwari,≤100
1924627484438235,Arlak Ayurveda,Swati Dhiman,≤100
206551940272964,Mahendra Kumar Rajput,Engitech Media,≤100
103040252649768,Environment Protection Technology Exhibition,WATER TODAY PVT LTD,≤100
373951566528182,Gaurav Arora,These ads ran without a disclaimer,≤100
110073091814905,लोनी की राजनीती,Umesh Kumar,≤100
301058180261039,Kunwar Brijesh Singh,TechnoDigi,≤100
667862236707254,Rohit Kumar Singh,Arshad Ansari,≤100
114697697026290,DI News,Krishnakant Singh,≤100
204318116677554,National Herald,National Herald,≤100
928448863892029,RK Sinha,RK Sinha,≤100
1507954916102954,Shree Chintaman Ganesh,Arjun Sharma,≤100
307988255894298,Abhimanyu Singh Rajvi,Puneet Kumar Bulwani,≤100
103123778911207,CSC Id Provider,Satyam Kumar Sahni,≤100
1929823443694918,Pardeep Lohan,Pardeep Kumar,≤100
1316180251743524,Gokul Butail,Gokul Butail,≤100
268437163351102,Saurabh Srivastava,Saurabh Srivastava,≤100
179765292047054,Manickam Tagore,Kathiresan K,≤100
100417006046204,Nayan Kumar,Nayan Kumar,≤100
106263485565009,Aaradhayam Infra Builders Pvt. Ltd,Aaradhayam Infra Builders Pvt. Ltd,≤100
156952354853555,Alok Chandrakar,Alok Kumarchandrakar,≤100
234704393876570,Dr R K Verma,Rkverma,≤100
1360805680600676,Sandeep Kshirsagar,Yogesh Padmakarrao Pawar,≤100
162115051234970,Dharmendra Singh Lodhi mla,Dharmendra Singh Lodhi,≤100
411581785652009,Karamjit Singh Rintu,Karamjit Singh Sandhu,≤100
111868911739828,Ghulam Nabi Azad Fans,Advertiseyouonline,≤100
1721458171210244,Ajay Pratap Singh,Ajay Pratap Singh,≤100
109916533853207,AMIT KUMAR SINGH,Akash Singh,≤100
2425906077438656,Anil kumar patil,Akshay Balakrishna Habib,≤100
1436053929837684,Dr. Mahendra Singh Shekhawat,Rakesh Kumar Sharma,≤100
520949671329992,Indian School of Democracy,Indian School of Democracy,≤100
615909255097238,Shera Jat,Rohit Githala,≤100
112867380444214,Rajvardhan Singh Dattigaon,Shailendra Sial,≤100
528144820729879,Pramod Sehwag,Vikas Kumar,≤100
100250732439696,Rajesh Singh,Rajesh Rambali Singh,≤100
290438368064409,Umanatha Kotian,Dheeresh Kolya,≤100
1644165492504830,Ramoji Gowda,Ramoji Gowda,≤100
326102339565,Oxfam India,Oxfam India,≤100
108209555020383,B somashekar,RMT,≤100
592025620827002,Choudhary Lal Singh,Divya Suraj Partap Singh,≤100
415332588877399,Banda Karthika Reddy,Chandra Reddy Banda,≤100
1336863726383886,Gopal Lal Sharma,Bright infocomp services pvt. ltd.,≤100
1607404612875963,Shankar Gora,Engitech Media,≤100
1770518973014321,Kuldeep Vats,Click2Public Technologies OPC Pvt. Ltd.,≤100
1247832465228198,Mahendra Singh Rathore,Engitech Media,≤100
108402914265460,Vikas Sharma BJP,Jitin Muteja,≤100
103760102031014,Rajeshwar Singh,Medevento Planner,≤100
2073550086271961,विवेक अग्रवाल बीजेपी,These ads ran without a disclaimer,≤100
109440785244401,Red Pix 24x7,Felix Gerald G,≤100
102710804961947,Patanjali Nutrela Products,Saura Bh Sin Gh,≤100
1433894153522813,Pramod Bhaya,Kapil Sain,≤100
108716531641352,Renewable Energy Expo,Water Today Pvt Ltd,≤100
142752549111246,Construction World Magazine,Asapp Info Global Services Pvt. Ltd,≤100
100543192637806,N1 Live,Suraj Mukhi Sharma,≤100
1742108602693359,Niket Kumar Sinha,Digitroops Services Private Limited,≤100
106567631300522,The Shinde Sena,Ritesh Bhimrao Bhagat,≤100
109598060672353,Democratic Live,Ankit Jha,≤100
1660883877495922,Gauri Shankar  Verma,Neetesh Verma,≤100
1592265114364332,JP Yadav,Engitech Media,≤100
103119925540718,Naseem Khan,Deepak Chauhan,≤100
323533675176475,Jitendra Vaidya,Aarti Seth,≤100
1433894153522813,Pramod Bhaya,Sharad Sharma,≤100
101613628900010,Smartway Wellness Pvt. Ltd.,Bhoomi Harendra Mistry,≤100
100931599132399,Arun Sharma,Arun Kumar Sharma,≤100
105381452031278,Mangal Murti Charitable Trust,These ads ran without a disclaimer,≤100
110861521871409,हुल्लड़,Ajit Kumar,≤100
103618388224409,Dr. Omkar Herlekar,Magicwork Inc,≤100
109400273976649,Baat Bihar Ki,Baat Bihar Ki,≤100
317557251601791,Tagsen,These ads ran without a disclaimer,≤100
1100194563332064,P J Chaudhary,Parthibhai Jethabhai Chaudhary,≤100
1331545046906640,Gottumukkala Venkateshwara Rao,Venkateswar Rao Gottumukkala,≤100
106991181696755,Gaurav chaudhary,Vaibhav Mittal,≤100
284084385706387,Vineet  Dangi,Arun Kumar Sharma,≤100
102447714973094,Yusuf Salahuddin,Yusuf Salahuddin,≤100
112337648164178,Surya Samachar,Ajit Kumar,≤100
103088902327676,Dwarka Kunj,Rahul Tiwari,≤100
350880081913337,Sahdev Salaria,Rajesh Jaswal,≤100
213839668641820,Dr. Anil Jain,Deepak Pal,≤100
112355991437883,Rajan Mehta,Sachin Kumar,≤100
107680954849478,Election Advisor App,Brij Mohan Duggal,≤100
1100583156625229,Dheeraj Gurjar,Dheeraj Gujar,≤100
283366758968671,Kumbh Singh Patawat Luna,Engitech Media,≤100
108497578583588,Janpeace Live,Trishanu Kaushik,≤100
108132065348327,NaMo Story,Deepak Pal,≤100
100488601295720,Leena Sanjay Jain MLA,Yashraj Vyas,≤100
426881010719758,Soumik Hossain,Angur Shaikh,≤100
101160849457686,Vibhor Rana,Bhupendra Sharma,≤100
685707864866321,Lion Dr D.மோசஸ் ஜோஷ்வா,Mosses,≤100
105608048991533,Sahityalok,Rahul Kankan,≤100
292954404384524,Gajendra Singh Patel,Gajendra Singh Patel,≤100
321849925071414,Dr. Parthasarathi,P V Parthasarathi,≤100
246558505475210,Bala Ram Choudhary,Mukesh Choudhary,≤100
104618464826047,Sanjay Sangharsh Singh,Sanjay Kumar Singh,≤100
257875091068074,Govind Sharma Ghattiya,Nilesh Sharma,≤100
912096938897209,Vijay Singh,Vijay Singh,≤100
107045342050995,Kesineni Sivanath,Raju Karangula,≤100
111872195073358,Kusum Sharma - Mona,Vcsmedia,≤100
509680612544315,Dr.Sanjeev Kumar,Dr.Sanjeev Kumar,≤100
724244334312892,Smart Laboratories Pvt Ltd,Smart Laboratories Pvt Ltd,≤100
182550995287327,Manish Kumar Singh,Mathar Khan,≤100
761826677309909,Bhupinder Lather,Book My Promo,≤100
1877498618981855,Rajesh Bhaida,Rajesh Kumar Meena,≤100
155418314920954,Orchid HRD Trainings भाषणकला व राजकीय नेतृत्व कौशल्य प्रशिक्षण,Ganesh Subhashrao Lomte,≤100
111715128377489,सवर्ण महासंघ फॉउंडेशन -मुख्यालय,Vishal Singh,≤100
106711265261864,Rajeshwar for Youth,SureLocal Supply Chain Pvt Ltd,≤100
100472584999687,चेतन चोटया हरमाड़ा,Mathar Khan,≤100
1325597657464869,VAISHNAV INFRATECH,Sukhneet Singh,≤100
1578558702356487,Shantanu chauhan,Shantanu Chauhan,≤100
101612006057342,Dr.Basundhara Lal,Naveen Singhal,≤100
111672313815571,Suresh Kumar Yadav,Sunil Kumar,≤100
108692921616537,Umesh agrahari,V Media Creative,≤100
216879079078673,Sanjay Singh Yadav,Sanjay Singh Yadav,≤100
1610180912621752,Dushyant Chaudhary,Jainendra Agrawal,≤100
115581696797257,Suresh Raje,Suresh Kumar Raje,≤100
102920229000371,JAMMU TAWI,Ashish Sapolia,≤100
271711770069401,सुरेश धाकड़ राठखेड़ा,Gajendra Verma,≤100
864391150326989,Vishal Singh Chanchal,Prakhar Kashyap Singh,≤100
1537144593251043,Vijaypal Singh Tomar,Puneet Kumar Singh,≤100
269174147050795,महेंद्र सिंह किरार सामरसिंगा,Nitin Raghuwanshi,≤100
514610422407086,Daniels Menstore PVT. LTD.,Eldhose N Daniel,≤100
708090369570460,Nitasha Rakesh Sihag,Harish Jakhar,≤100
111016951378962,Abhinav Thapar,Abhinav Thapar,≤100
101593506025785,official.aroha.dussad,These ads ran without a disclaimer,≤100
1559470284286071,M.K.Somashekar,Pranusha Mysore Somashekar,≤100
842665649135167,FairGaze,FairGaze,≤100
113123373786875,MLA Devender Nim,Anshul Sharma,≤100
865561586896058,Sushil Singh,Prakhar Kashyap Singh,≤100
101565746101514,Pooja Jaswani,Qazi Faraz Ahmad,≤100
231167140371342,Kanhaiya Lal Choudhary,Raghunandan Sharma,≤100
100198516244785,th3_old_monk,These ads ran without a disclaimer,≤100
113198364964227,mridulsarkar762,These ads ran without a disclaimer,≤100
101302046075743,Dr. Ashish Kr Sinha,Dr. Ashish Kr Sinha,≤100
764865110238987,Varinder Shah - Bulle Shah,Big Boys Consulting Private Limited,≤100
105641591260871,Shyam Singh,Shyam Singh,≤100
334991907010438,Dr. Om Patel,Ankit Patel,≤100
156305911727294,Ravinder Singh Negi,Shyam Sunder Singh Negi,≤100
1346291785426106,Rita Choudhary,Ganesh Thapa,≤100
1591165924493137,Kuldeep Chaudhary,Kuldeep Chaudhary,≤100
103102022564374,PS Quick Service Adviros Hub,Chandra Pratap Singh,≤100
408032679785089,Ravinder Dabas Rocky,Ravinder Kumar,≤100
112215324565703,नगर रामलीला समिति - आरा,Kordinate,≤100
390976557590103,I Support Narendra Modi,Adv Tech,≤100
108482655070359,Ishan Tyagi,Rahul Kumar Srivastava,≤100
1408837089361736,Banappagari Venkat reddy,Banappagari Naren Sai Reddy,≤100
106594270917401,Raja Tiwary fans club,These ads ran without a disclaimer,≤100
102684134480899,फिल्मी NEWJ,Anant Bhardwaj,≤100
1098055100247295,Umesh Dwivedi,Arun Pratap Singh,≤100
643001122724792,Shambhu Kumar,Punit Kumar Pandav,≤100
269761569864265,Rao Padma,Kushal Reddy Rao,≤100
107519398868608,Lanka Dinakar,K Sai Bharath,≤100
102061952537848,Dr.Akanksha Tyagi Dager - BJP,Akanksha Dager,≤100
791996340811292,Dr Madhuri Borse,Vipul Jayantilal Bafna,≤100
393768164105774,Parimal Nathwani,Parimal Nathwani,≤100
208439321204229,ErasaVir,These ads ran without a disclaimer,≤100
253778858656895,Javed Ansari,Javed Parve Abdul Samad Ansari,≤100
127932930638411,Adoor Prakash,Jiji T Jacob,≤100
102351648972541,Ravi Kumar Mishra,Ravi Kumar Mishra,≤100
428523897619076,Anand Shankar Singh INC,Rahul Kumar Srivastava,≤100
101728151694323,Lawgic.in,These ads ran without a disclaimer,≤100
105560431512954,Boopathi Raja K,Boopathi Raja,≤100
114961101456858,Om Nagar- Lalit,Nitish Kashyap,≤100
108960495285364,Shakeel Ahmad Khan,Mehbub Ahmed Laskar,≤100
100303839524966,offical_suresh_singh_rawat,These ads ran without a disclaimer,≤100
105058285717594,Team Vijayananda Reddy,Kuppireddy Venkataramana Reddy Kushal,≤100
100448149494077,Devashish Dev,Devashish Dev,≤100
296690450943198,Sunil Tiwari,Pawan Kumar Sharma,≤100
101637745961613,Sanjay Bhesawal - Aam Aadmi Party,Upgradex Business,≤100
110679913629785,Rajesh Yadav,Akash Singh,≤100
974791372549951,Nishant Kumar “Dablu Singh Patel”,Nishant Kumar,≤100
924791427628665,Sunil Kelanka,Shivendra Shailendra Tiwari,≤100
102161872635979,Vinita Bittu Singh,Manish Kumar,≤100
105898378459115,Panney Singh Posana,Ganesh Kumar,≤100
101430871871779,Asha Maurya,Asha Maurya,≤100
104413831647263,Jeevan Kumar,Sandeep Kumar,≤100
1803180416641643,Mahendra Singh Bhati,Engitech Media,≤100
111959363556300,Omkar Singh Markam,Arpit Jain,≤100
222719048656244,Ved Prakash Ojha  IMC,Vivek Vashisth,≤100
110044260470271,Vinay Jangid Sharma Vidhansabha Suwasra,Narendra Singh Pachar,≤100
108500111075991,Mizoram Pradesh Congress Committee,Lallianchhunga,≤100
112333551648886,Kalpana Bhatnagar,Ganesh Kumar,≤100
101342226152296,Vinay Mishra,Hemant Singh Baghel,≤100
104471954877219,शोएब खत्री,Mohd Soyab Khatri,≤100
124355137715451,Dr Ranju Ramawat,Ganesh Thapa,≤100
100319031684412,Sonu Khokhar,These ads ran without a disclaimer,≤100
469343139809648,Rajendra Rathore,Engitech Media,≤100
154438398508793,Jamal Sajid,Mohd Jamal,≤100
102848075943324,Health-e,These ads ran without a disclaimer,≤100
102010991748513,Ashish Patel,Ashish Natwarlal Patel,≤100
409262542574866,Sandeep Sharma,Raghunandan Sharma,≤100
107545897823033,For Men India,Antara Das,≤100
103667284605471,B P Singh Rawat,Akash Singh,≤100
490167811006821,Neena Vikram Verma,Yuvau Digital,≤100
465836170626706,Suman Biswas,Suman Biswas,≤100
475898282465005,Dr K Laxman,Vijay Kumar Tapadia,≤100
103566739175423,सरिता देवी,Sarita Devi,≤100
112676663703345,Rakesh Yadav,Arun Kumar Sharma,≤100
106589030995220,Election Fight,Surbhi Kumari,≤100
112132937023603,Nandlal Chauhan,Nandlal Chauhan,≤100
935503089847466,Pant Path,Pant Path,≤100
565714670143123,Ashok Saini,Engitech Media,≤100
103004629308904,Vijendradhaker,Anshul Kumar Gupta,≤100
1766927516917918,POSHatWork,These ads ran without a disclaimer,≤100
361031561139301,Rakesh Jangir,Saurabh Singh,≤100
345351849716061,Nimesh Pathak,Bhupendra Sharma,≤100
108939271272352,"Hindu Ankit Bhatnagar  प्रदेश अध्यक्ष,अखिल भारत हिंदू महासभा",These ads ran without a disclaimer,≤100
108939271272352,"Hindu Ankit Bhatnagar  प्रदेश अध्यक्ष,अखिल भारत हिंदू महासभा",Ankit Bhatnagar,≤100
150727778825020,Mobius Foundation,Mobius Foundation,≤100
108163508708383,online game,These ads ran without a disclaimer,≤100
639628649547122,Atmaram Tarar,Dogma Soft Limited,≤100
100614352313120,Ajeet Singh Sengar,Ashish Sharma,≤100
106840062199325,Geeta Kushwaha,Ranjan Kumar,≤100
1397767487148044,Jaidatta Kshirsagar,Jaydatta Sonajirao Kshirsagar,≤100
106713842045571,"Pollution Control Board, Assam","Pollution Control Board, Assam",≤100
104843719062006,Sanjay Ravidas,Sanjay Ravidas,≤100
105515161411695,Pankaj Singla,Anil Kumar,≤100
652895074820721,Priyanka Tibrewal,Priyanka Tibrewal,≤100
106261054498841,Advocate Rajat Bhargava,Rajat Bhargava,≤100
100766795424041,मोदी योगी समर्थक,Nikhil Aggarwal,≤100
201156146959026,Mohinder Bhagat,Atul Bhagat,≤100
1955301821451552,Abhishek Dutta,Abhishek Dutta,≤100
104272295772832,Pallavi Gupta,Pallavi Gupta,≤100
106802937934432,Padma venkat reddy,Banappagari Naren Sai Reddy,≤100
102018225696367,वसीम राईन पसमांदा मुस्लिम महाज,Bhupendra Sharma,≤100
367203836657399,Rajendra Singh Surpura,Ganesh Thapa,≤100
964271870337650,Surendra Singh Nagar,Karan Singh,≤100
1493467387573959,Ghulam Nabi Azad,Advertiseyouonline,≤100
1030516517105920,Bannaram Meena - बन्नाराम मीणा,Mahat info tech,≤100
761174950735198,Rajendra Singh Dholia,Prakash Jaiswal,≤100
100626912687369,ಕೈ ಏರಿಸಿ ಕರುನಾಡಿಗಾಗಿ,Kai Yerisi  Karunadigagi,≤100
998903396858134,Ram Karan Singh-Bachchan Singh,These ads ran without a disclaimer,≤100
1406676006269693,Kedar Kansana,Arun Kumar Sharma,≤100
231512217793516,Ashok Goel Mangaliwala,Ashok Kumar Goel,≤100
100450456113804,Ajay yadav samajwadi,Akash Singh,≤100
119434281453609,ABB,Weber Shandwick,≤100
106806095100566,Abhishek Jain inc,Abhishek Jain,≤100
111560924353656,Swetha Reddy,Rajendra Reddy Bhuvanagiri,≤100
106914210870983,Modi Supporters Palakurthi Constituency,Bharath Kumar Ravula,≤100
103784782495613,अर्चना कुमारी,Mathar Khan,≤100
106070285658502,Haridwar Naresh Sharma,Subodh Prasad,≤100
1954072204870360,NEWJ,Anant Bhardwaj,≤100
113934138208978,Jayavik Patel,Pixatronix,≤100
831772496945461,Rajiv yadav,Rajiv Yadav,≤100
101844802427541,Kuldeep Rajput,Kuldip Rajput,≤100
834432743328746,Prakash Dwivedi,Prakash Chandra Dwivedi,≤100
988113031199582,Dr. Ramesh Chand Tomar,Ashutosh Mishra,≤100
107618782040426,Nagendra singh dodiya,Nagendra Singh Dodiya,≤100
108536391949423,जनसेवक मंच,Pankaj Sharma,≤100
524498060993947,Maiden Pharmaceuticals LTD,These ads ran without a disclaimer,≤100
409347832785034,Momspresso Hindi,These ads ran without a disclaimer,≤100
101555832280555,Satwant Singh Bhullar Director,These ads ran without a disclaimer,≤100
325602694251353,Rajeev Rai,Rajeev Kumar Rai,≤100
794348367359918,Bharath mudiraj,C Bharath Kumar,≤100
135180180340322,Jitendra Verma,Arshad Ansari,≤100
693448470757432,Rameshwar Sharma रामेश्वर शर्मा,Shyam Kumar Vishvakarma,≤100
304580107099066,खबर सीमांचल सेव,खबर सीमांचल सेव,≤100
446114139224512,Dr.Rahul Tyagi,Vipin Kumar,≤100
1116353905141402,Dr. Shivani Matanhelia,Kanushree Matanhelia,≤100
104605707770674,Shravan Mishra,Arpit Jain,≤100
112290388372786,Shubham Yadav,Shubham Yadav,≤100
274625602685907,Nayab Saini,Praveen,≤100
1874185392653723,Cabinet Minister Pramod Jain Bhaya,Rupali Sharma,≤100
219588748935061,Sandeep Pandey,sandesh foundation,≤100
275323192533622,Mad over Marketing (M.O.M),These ads ran without a disclaimer,≤100
181068529175415,Shaban Ali,Saban Ali,≤100
1371217389629971,Neelanshu Chaturvedi,Hemant Singh Baghel,≤100
299444897457971,Subasini Jena,Utpan Kumar,≤100
2176894079208790,LawStreet Journal,Law Street,≤100
1592265114364332,JP Yadav,Pramender Kumar,≤100
110967695146133,Govind Kumar Jain,Ganesh Kumar,≤100
708994425878702,Sandeep Namdev BJP,Sandeep Namdev,≤100
702157376600034,Prints Publications,OmLogic Consulting Pvt. Ltd.,≤100
291247477906169,Mahatma Gandhi to Modi,Nanoland Publishers,≤100
528580124002251,Udayan Sharma,Priyavrat Sharma,≤100
183215718834130,Laxmi  Devi Jain,Laxmi Devi Jain,≤100
624122961126616,Dhanwati Chandela,Luxmi Devi,≤100
304580107099066,खबर सीमांचल सेव,Md Farhan Alam,≤100
104515622457399,ayx024,These ads ran without a disclaimer,≤100
182600871930746,Sujata Paul - India First,Sujata Paul,≤100
109666834688109,Saleem Sarang,Saleem Rafik Sarang,≤100
100874289462210,Gunjan Singh,Dhanjeet Sah,≤100
268998889945816,Darshana Singh,Darshana Singh,≤100
102597425311635,Surya Pratap Singh,Surya Pratap Singh,≤100
431454157629297,Mukesh Ahlawat,Nitish Kashyap,≤100
100339002890807,Jagdish Prasad Ray Bhartiya,Jagdish Prasad Ray,≤100
102275329396663,GS Shyam,Shyam Gollarahally Siddappa,≤100
321228061382932,Pt. Shekhar Dixit,Websofy Software Private Limited,≤100
109592654091516,Dr. Akhil Shukla Advocate,Rajesh Goutam,≤100
168228334032318,Sat Sharma CA,Naveen Sharma,≤100
100246572087472,Bhupendra Singh Shaktawat,Bhupendra Singh Shaktawat,≤100
105032885752356,Vivekanand Hospital,Vivekanand Hospital,≤100
315603771494,Milaap,These ads ran without a disclaimer,≤100
294787978097959,Rakesh kumar Chattree,Arun Pratap Singh,≤100
255040845056495,Shikha Mishra,Arun Pratap Singh,≤100
1190373854366805,Maharashtra Today,Maharashtra Today,≤100
101059166038577,Amit Mahindru,Yash Bagh,≤100
344759656599624,"गुप्तेश कुमार , पूर्णिया नगर निगम",Sourabh Kumar,≤100
135657743788459,Amit Chauhan,Amit Kumar,≤100
107257065559692,Devendra Pareek Kekri,Ganesh Kumar,≤100
106217671329032,Aditya Dhankhar,Aditya Dhankhar,≤100
104058855804292,Vishal Kumar- विशाल कुमार,Sarvagya Kumar,≤100
978736438816607,Neha Sarrvesh shukla,Sarvesh Shukla,≤100
103587042165306,Prashant Rajpoot,Prshant Rajpoot,≤100
580427808717105,Svyam Bane Gopal,These ads ran without a disclaimer,≤100
108670588419963,"उपेन्द्र पासवान, भावी युवा प्रत्याशी महापौर/मेयर, गया नगर निगम, गया",Upendra Kumar,≤100
105331745445757,Omprakash Khichar Advocate,Rohit Githala,≤100
105995325484858,Zylocrush,Sangyaa PR Consultants,≤100
2308874506058535,Kantanu Kundu,Kantanu Kundu,≤100
678876002499539,Mohd Shamim Khan,Shamim Khan,≤100
104349501516784,Babulal Kumawat,Shiv Charan,≤100
100475508592062,Sitaram Poswal,Bhagatsingh,≤100
107250704737912,CA Sushil Bandpatte,Sushil Chandu Bandpatte,≤100
395910177835208,Vijay Kumar Singh Congress,Rahul Shrivastwa,≤100
391654307564047,Abhinav Rajasthan Party,Ashok Choudhary,≤100
100764935994274,Mukesh Sharma,Mukesh Kumar Sharma,≤100
260452011000438,Vinod Tiwari,Vinod Tiwari,≤100
666990533754186,Niranjan Kushwaha,Vivek Kumar,≤100
105596701293129,Ayodhya Development Authority,Sandeep Kumar Sharma,≤100
100600939487805,सरोज सिंह - उपमहापौर प्रत्याशी पूनम देवी,These ads ran without a disclaimer,≤100
103214551475043,Akhoury Onkar Nath,Kumar Ratnam Sharma,≤100
587008988138630,Dinesh Desai,Desai Dinesh Harishbhai,≤100
111986121488075,"भव्य प्रदेश, मध्य प्रदेश",Ayush Gupta,≤100
100160502759995,Narendra Chauhan- नुदल भैया,Prakhar Kashyap Singh,≤100
112631763450744,रूबी कुमारी  / The Voice Of Youth,Manglesh Kumar Tiwari,≤100
107946518029943,Sheelu Sahu,Naveen Singhal,≤100
102751445574062,कहो दिल से योगी फिर से,Manoj Kumar Singh,≤100
103723208008804,Rita Baviskar,Rita Bhupendra Baviskar,≤100
1187079298120542,CRIME Master DODO,These ads ran without a disclaimer,≤100
486818768523911,Anil Sharda,Arpit Jain,≤100
101660868074292,Mahesh thakoor Bjp Udupi,Vijay S,≤100
104715141421719,Malati Singh,Mithilesh  Kumar,≤100
1066596800079494,Devandra Pratap Singh Tomer,These ads ran without a disclaimer,≤100
658320740962100,Prakash Mundiyakheda,Danish Khan,≤100
1171462299729165,Sandeep Singh Deswal,Navdeep Sehrawat,≤100
107594498397701,Kajer Manush Aroop Biswas-কাজের মানুষ অরূপ বিশ্বাস,Nargis Khatun,≤100
111243388422067,Sardool Kang Srikaranpur,Satnam Singh Kang,≤100
112454965016733,Manindra Jain,Naveen Singhal,≤100
450464038333122,Aam Aadmi Party Jharkhand,Pritam Kumar Mishra,≤100
237858153078265,Shabnam Godara,Anil Kumar,≤100
1745109715768038,Pravesh ratn,Kartikesh Sharma,≤100
113858681342028,Dr. Anjali Yadav,Shiv Charan,≤100
108936428255810,Akhil Bhartiya JAT Mahasabha,Ashok Kumar,≤100
1935128343433294,"Sri Shyam Sundar Singh ""Dhiraj""",Shyamsunder Singh Dheeraj,≤100
101014165891472,Shankar Kumar Singh,Ashish Kumar Pandey,≤100
105999155405710,Pandit Avadh Sharma,Pawan Kumar Sharma,≤100
106949818442504,The Water Chronicles,Prithviraj Nath,≤100
106313415317403,Shobhit Jaiswal,Sarvesh Shukla,≤100
101989165801500,Madhya Pradesh Updates,Abhishek Shukla,≤100
385208225422747,Maherul Alom,These ads ran without a disclaimer,≤100
100446005629223,Parvez Ahmad Media,These ads ran without a disclaimer,≤100
102643838573054,Badam Devi Verma,Badam Verma,≤100
101820529123226,Prashanti Farm,Kuldeep Chaudhary,≤100
362113381001487,Avneet Kaur - Mayor Panipat,Manpreet Singh,≤100
136599518256515,हाजीपुर खबर,Digitroops Services Private Limited,≤100
106094465585422,निर्माता नए मिथिला के लिए,Narotam Choudhary,≤100
108785340650294,Mohansingh Palduna,Krishna Chandr Chouhan,≤100
106456887722695,Adesh Yadav BJP,Anil Kumar,≤100
107533605102536,Panchanagouda Dyamanagoudar Official,Sangmesh Kallappa Modi,≤100
652494751574762,Pramod Jaiswal,Sarvesh Shukla,≤100
423928144293931,Mahender Pratap Singh,Pankaj Sharma,≤100
109591111640137,Jitendra Prasad Gupta,Jitendra Pd Gupta,≤100
110120115042838,Ramesh Choudhary,GRIP AMATYA PVT. LTD.,≤100
544607612271308,Surjeet Chaddha,Dheeraj Paneri,≤100
1439180666170743,Shashank Pandey,Harshit Solanki,≤100
100973575090545,Bajrang Shukla -बजरंग शुक्ला,Bandna Thakur,≤100
183176388540530,Manish Yadav,Manish Yadav,≤100
912964308811725,Virender Singh Bisht,Balveer Singh Yadav,≤100
101934341160333,प्रमोद नाना भानगिरे - Pramod Nana Bhangire,Clearby Services,≤100
1601406430168052,Santosh Bhegade - संतोष भेगडे,Pauras Vilas Dukare,≤100
1427017750928273,WhiteMirchi.Com,Shakun Shivram Raghuvanshi,≤100
105481285405407,Md Abulaish,These ads ran without a disclaimer,≤100
600061223342178,Ghanshyam Tiwari,Aashish Tiwari,≤100
100784414729765,Bhuma Kishore Reddy,Kishore Reddy Bhuma,≤100
101495306097722,Hansraj Haidripura,These ads ran without a disclaimer,≤100
103833782263290,Arvind Singh Bhati,Engitech Media,≤100
108663388441405,Punam Gupta for Municipal Chairman,Laxmi Prasad,≤100
106138622320464,Venigandla Ramu,Raju Karangula,≤100
102247648189554,Political महाराष्ट्र,Shamal Hiralal Khairnar,≤100
110918958196244,Rajasthan Government Health Scheme - RGHS,Rajasthan Government Health Scheme - RGHS,≤100
520949671329992,Indian School of Democracy,These ads ran without a disclaimer,≤100
825870624112435,Ramesh Chandra Ratn,Arun Sharma,≤100
455697974986681,Bangla Hunt,Bangla Hunt,≤100
2193066414275116,Urid Media Group,Rajendra Prasad Dwivedi,≤100
1849504638653413,Khabar Info,Sarvesh Shukla,≤100
107196692233094,Puneet Kumar Sharma BJP,LCA Digi,≤100
854256021383031,Vinod Sevan Lal Chandrakar,Shreyansh Jain Kotadia,≤100
371540486218592,Yes Punjab,Yes Punjab,≤100
112587548132465,sanskar_institute,These ads ran without a disclaimer,≤100
112053926911766,Navnit Kumar Jha,Navneet Kumar,≤100
108704895406520,Hari Singh Saini,Tanuj Singh,≤100
1384169104959232,Sardarbhai Chaudhari - BJP,Sardarbhai S Chaudhary,≤100
331544177050160,Adv. Rahul Subhash Kool,Rahul Subhash Kool,≤100
157411781636662,Hoodi Vijaykumar,Sharva Creative Communications,≤100
110996090609464,Kuldeep Singh Sikarwar,Pawan Kumar Kumawat,≤100
343727436538375,Hemlata - Hemu,Desh Deepak Tamta,≤100
101393802707257,Congress party rajasthan,These ads ran without a disclaimer,≤100
491580774286451,Suryakanth Nagamarapalli,Vilas Vijay Kulkarni,≤100
115884448421783,NBA,These ads ran without a disclaimer,≤100
579869909299147,Swaroop Mentada,These ads ran without a disclaimer,≤100
1569852659799372,Nishant Anand,Nishant Anand,≤100
103475512385092,Narendra D,A Amithraj Shivu,≤100
286724994809192,Karan Singh Uchiyarda,Digital Unplug,≤100
1271259876358363,Adv Bindu Dubey,Bindu Kamlesh Dubey,≤100
107844612055062,SURBHI GHAI,Raushan Raj Shrivastava,≤100
102134791334894,उमेश यादव नि0 M.L.C प्रत्याशी समाजवादी पार्टी वाराणसी,Jaiprakash Singh Yadav,≤100
453985838705208,बस यूँ ही - आनंद प्रकाश,Sandarbh Anand Sharma,≤100
104871824994918,Ghanshyam makvana,Ghanshyam Makvana,≤100
594856377269199,Dandem Ram Reddy,Dandem Ram Reddy,≤100
109722648506534,sattam_arivom_vaanga,These ads ran without a disclaimer,≤100
110041803678379,Kabir Shankar Bose,Kabir Shankar Bose,≤100
422850371147549,Shubham Dhoot,Shubham Dilip Dhoot,≤100
255650617894190,Ventura,These ads ran without a disclaimer,≤100
109108857431254,Citizen Saikat Chatterjee,Pratima Barman,≤100
1034642453257468,Team Pramod Bhaya,Sumit Khandelwal,≤100
1978240835728263,Virendra Sharma Hawamahal,Pawan Kumar Sharma,≤100
100347116184149,"Indra singh,Khinwara",Akshay Nagesh Bhosale,≤100
802311956513987,Rahul Singh,Rahul Singh,≤100
100307808451377,Ankur Raj Tiwari,Gautam Singh,≤100
1610201659246357,Transport Corporation of India,These ads ran without a disclaimer,≤100
219514401576120,SG Suryah,SG Suryah,≤100
384574805474754,Happiness India,Krishan Kumar Saini,≤100
876699415772381,Rakesh Visheshwar Ojha,Rakesh Ranjan,≤100
107212515368983,Er Stuti Gupta,These ads ran without a disclaimer,≤100
236500783397189,Kamlesh Paswan,Kamlesh Paswan,≤100
110725414765690,Maharashtra Pradesh Congress - SC Department,These ads ran without a disclaimer,≤100
1406213402974138,Abhay Singh,These ads ran without a disclaimer,≤100
111409665094033,Public Opinion Live,Ranjeet Kumar,≤100
531472047253533,Dr P K Sareen,Akram Ali,≤100
109552150801121,The Globe East,Simanta  Sarma,≤100
102417506055213,श्री ज्ञानेश्वर ग्राम विकास पॅनेल,Shirish Shripatrao Jadhav,≤100
105239698712008,Karauli Congress,Pushpendra Meena,≤100
111703251656850,un_visible_world,These ads ran without a disclaimer,≤100
274797719559977,ICIEC,These ads ran without a disclaimer,≤100
1626877920864508,Vodafone Foundation,These ads ran without a disclaimer,≤100
526079487415848,XCMG Group,These ads ran without a disclaimer,≤100
124252504303223,UNICEF (FR),UNICEF avec des crédits publicitaires Facebook,≤100
477385565779582,How to use abortion pill,These ads ran without a disclaimer,≤100
166178460072395,اليونيسف بالعربية - UNICEF in Arabic,اليونيسف باستخدام اعتمادات الإعلان على الفيسبوك,≤100
167878593236712,UNICEF en español,UNICEF con créditos publicitarios de Facebook,≤100
630406247597638,ImpactWayv,These ads ran without a disclaimer,≤100
101493902773017,SPIC-Turkey,These ads ran without a disclaimer,≤100
303624683019094,HACEY's Health Initiative,These ads ran without a disclaimer,≤100
237292769749310,CRI Pashto,These ads ran without a disclaimer,≤100
1164694603562682,FastTony.es,These ads ran without a disclaimer,≤100
203857292983532,AviationCV.com,These ads ran without a disclaimer,≤100
115196960182562,La Need Machine,These ads ran without a disclaimer,≤100
108625789179165,Soi Dog Foundation,These ads ran without a disclaimer,≤100
525102824185497,Indo-Pacific Defense Forum,These ads ran without a disclaimer,≤100