﻿Page ID,Page name,Disclaimer,Amount spent (MXN)
108687728744220,Caribe Noticias,Caribe Noticias,9943
103769542576820,Quintanarroense Hoy,Quintanarroense Hoy,6604
146709175702544,Gobierno de Quintana Roo,Gobierno de Quintana Roo,6120
118921468203786,Movimiento Ciudadano,Movimiento Ciudadano,1547
394579937307087,Marybel Villegas Canché,Marybel Villegas Canché,1175
102864378311529,Hoy en México,Hoy En México,875
631188077022801,Contrapunto Noticias,David Jonathan Estrada Castillo,586
110523892059387,Al Momento Playa,Al Momento Playa,544
285690871462237,Luz María Beristain Navarrete,Luz María Beristain Navarrete,540
837607596288104,Eliseo Fernández Montufar,Community Manager,476
112323375011275,Paseando con Carlos,Paseando con Carlos,450
1250751485006046,Secretaría de Seguridad Ciudadana de Q.Roo,Secretaría de Seguridad Ciudadana de Q.Roo,423
100705784852191,El Sureste,El Sureste,409
179387312078698,Partido Verde Ecologista México,Partido Verde Ecologista de México,394
113272504197582,Noticias Quintana Roo,NoticiasQroo,374
110187414493874,Plataforma Informativa Mexicana #PIM,euthenics,365
56713285274,Greenpeace México,Greenpeace México,349
2065892447022847,CPC Quintana Roo,CPC Quintana Roo,288
1640124799592742,Juan Carlos Beristain,Juan Carlos Beristain,277
114432383802576,El Maya,El Maya,253
114249423327281,Los Reporteros MX,Los Reporteros MX,250
1434774360104311,Dr. Christian Gabriel Rios,Dr. Christian Gabriel Rios,241
590466967664589,El Balcón,Germán Espiridión Martínez,205
100477186303619,Sentinela MX,Sentinela MX,173
1713497495597064,Pedro Enrique Pérez Díaz,Pedro Enrique Pérez Díaz,147
109634395756375,Save the Children México,Save the Children México,134
123382667413696,Estudios de Opinión Pública by Demoscopia Digital,Estudios de Opinión Pública by Demoscopia Digital,129
119578977778969,Defendiendo la Democracia,Defendiendo la democracia,124
102434822240150,Convivencia A.C.,Convivencia,≤100
108255341304797,Cancún Channel Edición,David Jonathan Estrada Castillo,≤100
698680770292245,YucaFlash,Yucaflash,≤100
493453457351145,Coparmex Nacional,Coparmex Nacional,≤100
254852601222832,Cemex México,CEMEX México,≤100
1772821586329486,Macropolisqr,Alejandro Vargas Gonzalez,≤100
108691922194941,Convocatorias 2023B,Convocatorias 2023,≤100
509821702820171,24 Horas Quintana Roo,24 Horas Quintana Roo,≤100
1840456319605671,Instituto Educativo Felipe Carrillo Puerto,Instituto Educativo Felipe Carrillo Puerto,≤100
1572542089703366,Clic Noticias,CLIC Noticias,≤100
101267031439463,Voz de las Empresas,Consejo de la Comunicación,≤100
1415863341806268,DMC - Music Center,CENTRO DE ENCUENTRO ARTÍSTICO DMC A.C.,≤100
101838023248031,Pulso Sur Noticias,Pulso Sur Noticias,≤100
2045812675540774,Erick Maffassanti,Daniel Erick Agustin Maffassanti,≤100
1730758870296537,Líder Quintana Roo,Líder Quintana Roo,≤100
1424057367811413,Ipas México,Jennifer Gonzalez Campos,≤100
503029186533760,Osoigo México,Osoigo México,≤100
1614460962138781,Realidades Quintana Roo,Werner Perea,≤100
100576651786390,Odiosa,Odiosa,≤100
122404620204,Oxfam México,OXFAM MEXICO AC,≤100
213693228664478,Cámara de Diputados - H. Congreso de la Unión,Camara de Diputados - H. congreso de la unión,≤100
102107279495045,Las netas,LASNETAS.ORG,≤100
48966795116,Amnistía Internacional México,Amnistía Internacional México,≤100
103146715098739,Jaime Acevedo,INGENIO,≤100
102268952205344,Noticias México,Kimberley Lisset Martinez Alanis,≤100
139767742461,Manuel Velasco Coello,Luis Humberto Morales Paniagua,≤100
133478060111915,Cemex Impacto Social,CEMEX México,≤100
398592967233285,CACEH Nacional,CACEH Centro de Apoyo y Capacitacion para Empleadas del Hogar,≤100
111024680681758,Universidad Contemporánea de las Américas Frónesis Plantel Ciudad de México,Universidad Contemporánea de las Américas Frónesis Plantel Ciudad de México,≤100
109926551951416,UNNA_Infancia,Victor Velasco,≤100
116437828394342,Phiten Mexico,Phiten Mexico,≤100
101701991930418,UNIDEV,UNIDEV,≤100
844418029243150,Luis Zuñiga Noticias,Luis Zuñiga Noticias,≤100
233652128065243,Goberna México,Goberna,≤100
409800789114458,Antonio Pelón Cervera,Antonio Pelón Cervera,≤100
107296958535185,U-Report México Uniendo Voces,U-Report México Uniendo Voces,≤100
109474928114443,Actívate,José Ángel Soubervielle,≤100
235606900176440,Macronews,Macronews,≤100
196705420663884,Código Magenta,Código Magenta,≤100
1545555582174942,TResearch,TResearch,≤100
101128435630238,Química y Formulación,Química y Formulación,≤100
458859544909547,DICES,Ruben Alonso Soria Sanchez,≤100
105414048762055,Irma Bolaños,DIF Oaxaca,≤100
1452189031676518,Hyundai México,HYUNDAI MEXICO,≤100
245495562137150,Mitofsky,Roy Campos,≤100
1505586176359766,Marco Polo Carballo,Marco Polo Carballo,≤100
105278152331161,Becas y Convocatorias,Becas y Convocatorias,≤100
215664318620433,Sustentur,Sustentur,≤100
104680124489636,Demoscopia Digital,Demoscopia Digital,≤100
147751821930575,Salud Digital Fundación Carlos Slim,Fundación Carlos Slim,≤100
138350596230547,GIRE - Grupo de Información en Reproducción Elegida,Menu Agency,≤100
247775885648262,Víctor Lagunas Peñaloza,Victor Lagunas Peñaloza,≤100
387796290649,GNP Seguros,GNP Seguros,≤100
66197312668,Revista Internacional de arquitectura y diseño Arquine,Revista Internacional de Arquitectura y Diseño Arquine,≤100
110638204921704,Voz Laboral,Partners of the Americas,≤100
364602665328,El Colegio de México - Colmex,"El Colegio de México, A.C.",≤100
1237469239731188,Mexico Times,Mexico Times,≤100
114880227093290,Centro de Reconocimiento de la Dignidad Humana,Centro de Reconocimiento de la Dignidad Humana,≤100
103554995261550,Torreonenses informados,Elena Duran Jimenez,≤100
101976559497185,APIC American Political Innovation Center,APIC American Political Innovation Center,≤100
122894234064177,Noticias Morenas,Arantza Correa,≤100
124631600949535,Yo Influyo,Yoxmex,≤100
108285588456412,Instituto Dasein Meraki,Silvia Jazmin Zarate Chong,≤100
326647354840146,Sergio Gutiérrez Luna,Sergio Gutiérrez Luna,≤100
104711288260927,El sendero de la destransformación,Sendero de Transformación,≤100
101610742619985,Coahuila mi tierra querida,Elena Duran Jimenez,≤100
330687001173397,Olivia Salomón,Olivia Salomón,≤100
320349101760473,Inboplast A.C.,Inboplast A.C.,≤100
2330030160374237,Balance 24,Balance 24,≤100
281125785691978,Saber Votar,Angel Alfredo Solis Lugo,≤100
536886746673043,Jóvenes MX,Yoxmex,≤100
463358453871269,JuanMa Munguía,JuanMa Munguía,≤100
257333027729841,Julieta Ramírez,Julieta Ramirez,≤100
102724752608138,Mexiquenses Unidos con Adán,Mexiquenses Unidos con Adán,≤100
170400799759497,dianaalvarado.mx,Diana Alvarado Hernandez,≤100
1768914636668990,Andrés Atayde,Andrés Atayde Rubiolo,≤100
1415691342026378,Fundación Carlos Slim,Fundación Carlos Slim,≤100
105848177845789,All Out en español,All Out,≤100
281480555531156,Intertraffic Mexico,These ads ran without a disclaimer,≤100
150242128346693,SURA Latam,These ads ran without a disclaimer,≤100
1583631301915573,Liborio Vidal,Liborio Vidal Aguilar,≤100
115592847024547,Iraís Reyes,Iraís Reyes,≤100
354326078079338,Campaigns and Elections Mexico,Mario Alberto Rivera Lagarreta,≤100
176047519101203,Códice Informativo,Códice Informativo,≤100
105880127492594,David Saucedo,David Esteban Saucedo Torres,≤100
710439142491735,Aldo Ruiz,Tintorama Digital,≤100
215155355246903,Francisco Cabeza De Vaca,Francisco Cabeza De Vaca,≤100
111016235050841,Revuelta,Revuelta Mx,≤100
574111312714474,Javier Lamarque,Javier Lamarque,≤100
365062723639932,The Humane League Latinoamérica,The Humane League Latinoamérica,≤100
400106994113819,Cesuma,These ads ran without a disclaimer,≤100
265938437673601,Yo Soy Mi Planeta,Yoxmex,≤100
338174139686776,Mauricio Kuri,Mauricio Kuri,≤100
196493763808241,CEEY,CENTRO DE ESTUDIOS ESPINOSA YGLESIAS,≤100
651415091544662,Cancún Channel,David Jonathan Estrada Castillo,≤100
1377925025780555,Play Business,These ads ran without a disclaimer,≤100
2224502900946392,Diplomados UNAM- Congreso.,Martin Vera,≤100
174229585991829,Periódico Libre en el Sur,Francisco Ortiz Pinchetti,≤100
109130204053554,Alas para el Cambio,Alas para el Cambio,≤100
953657811446042,Conciencia Nacional por la Libertad Religiosa,Fundación en Promoción de la Familia y la Libertad AC,≤100
411235336284306,Empresarios por la Cuarta Transformación,"Empresarios 4T, Asociación Civil",≤100
106709938859131,CeNeutral,These ads ran without a disclaimer,≤100
117243477978474,Termina tu preparatoria en 4 meses SEP,Unidev Universidad SC,≤100
979621495397568,Instituto de Certificación Empresarial ICEMéxico,Instituto de Certificación Empresarial ICEMéxico,≤100
350508488860,Renán Barrera,Renán Barrera,≤100
957262277720945,Carlos Ucán,Producciones Jaguar,≤100
2044319415808059,Gaby Montoya,Gabriela Montoya Terrazas,≤100
122154061801959,Colectivo Mujeres Cabeza de Familia,Yoxmex,≤100
111211061367740,Pensando un País,Jorge Morales Rodríguez,≤100
283653271758441,24 Morelos,24 CDMX,≤100
582650362076920,César Ulloa G.,César Ulloa G.,≤100
104805888231365,Mexicano,"Editorial Kino, S.A. de C.V.",≤100
107545877814736,Becas SEP,Kimberley Lisset Martinez Alanis,≤100
103134374949806,Digitally Worries,These ads ran without a disclaimer,≤100
117725681285297,El Comunicador Maya,El Comunicador Maya,≤100
110763055151832,Preparatoria en línea SEP,UNIDEV Universidad SC,≤100
106551728748819,Opinia,Opinia,≤100
105533795460071,Norte Monrealista,Norte Monrealista,≤100
104996372034476,Enfoque Campechano,Enfoque Campechano,≤100
1614410865470755,Columnas de México,Columnas de México,≤100
104596904976876,Juan Antonio Pinilla,Iván Ramirez,≤100
212833630159498,Daniel Vázquez,Daniel Vázquez García,≤100
105311079080408,Psic. Bianca Janeth,These ads ran without a disclaimer,≤100
225774331107918,Jonathann Estrada,David Jonathan Estrada Castillo,≤100
213247992038369,Academia de Ballet Felipe Méndez,Felipe Méndez,≤100
730446657351260,El Huaje Noticias,El Huaje Noticias,≤100
115896348052800,Preparatoria virtual SEP desde casa,UNIDEV Universidad SC,≤100
177319665650476,ClikiSalud - Fundación Carlos Slim,Fundación Carlos Slim,≤100
110432398246832,CIATSoftware Capacitación,Jesús Guerrero,≤100
100992392634137,Secretaría  de Bienestar y Desarrollo Sustentable de Sinaloa,Cecilia Maria Cota Carrasco,≤100
104402255089316,Vigilante,Dreams Engine S.A de C.V.,≤100
171494803269262,Noticias México,euthenics,≤100
105558432356449,Centro de Conciliación Laboral del Estado de Jalisco,Partners of the Americas,≤100
235994093744848,Contra Réplica,EDICIONES SAN FRANCISCO S.A. DE C.V.,≤100
567633750007609,Geovanna Bañuelos,Geovanna Bañuelos,≤100
123925404299017,"otromexico, sc","otromexico, sc",≤100
431588506963148,Ana Francis Mor,Ana Francis Mor,≤100
164183347562623,Denuncia México,euthenics,≤100
1338826526222530,Héctor Ponce,Héctor Ponce Tizoc,≤100
106926388587850,elcuartopoder.mx,elcuartopoder.mx,≤100
101385435125458,Ivonne Pantoja,Laura Ivonne Pantoja Abascal,≤100
1003353736384054,Noticias de Tijuana,Rodrigo Medeles Ruiz,≤100
1426944100948033,Movimiento Cinco de Junio,Movimiento Cinco de Junio,≤100
472006669668182,Oilo Yucatán,Oilo noticias,≤100
100431071908734,La-Lista,DCS MEDIA & COMMUNICATIONS,≤100
182224979243764,Benjamín Carrera,Benjamín Carrera Chavez,≤100
349638941884989,Ángelo Gutiérrez,Ángelo Gutiérrez,≤100
109575971718478,Hitzel Bernal,Hitzel Bernal,≤100
592495347619799,Mi familia es primero,Yoxmex,≤100
104967109018216,Forjando Diamantes México,Gustavo Alfonso Pérez García,≤100
996060393800265,Betty Rivera al Aire TV,Beatriz Rivera,≤100
106092085781613,Preparatoria desde casa,Unidev Universidad SC,≤100
148709191834718,Alcaldes de México,Alcaldes de México,≤100
114839596954956,Deyanira Uribe Cuevas,Deyanira Uribe Cuevas,≤100
101798928719130,Noé Castillo Olvera,Jose Arturo Zamorano Morales,≤100
351614618580265,Diputado Mauricio Prieto,Mauricio Prieto Gomez,≤100
104147292441684,Criticadn.mx,Criticadn.mx,≤100
325192067516383,Diego Avila,Diego Avila,≤100
100200812059483,Nuestro Futuro,These ads ran without a disclaimer,≤100
101212808784634,República 21,Rosa Eugenia Diaz Biones,≤100
103814012380444,Partido Verde Ecologista Chihuahua,Partido Verde Ecologista Chihuahua,≤100
107573518096806,Prepa SEP Unidev,Unidev Universidad SC,≤100
1726263860961341,Observatorio de la Laguna,Observatorio de la Laguna,≤100
681291175575804,Visible,Lievant Studio,≤100
458859544909547,DICES,DICES,≤100
277380886249639,ExxonMobil México,"ExxonMobil México, S. A. de C. V.",≤100
269491626469328,Caesarstone México,These ads ran without a disclaimer,≤100
642536792588121,Maria De Los Angeles Arévalo Bustamante,Maria De Los Angeles Arévalo Bustamante,≤100
286051098107613,Fuego Cruzado,Victor Hugo Chavez Luna,≤100
92465443899,Reporte Índigo,Capital Media,≤100
105324158951762,Morena TV,Morena TV,≤100
106073915030870,Que hacer en Tapachula,These ads ran without a disclaimer,≤100
108854634988888,Ayuntamiento de Agua Dulce 2022-2025,Jose Arturo Zamorano Morales,≤100
113199128401564,El Jarocho de la 4t,Rafael Fuentes Avila,≤100
1523140624565532,Luis Susarrey,Luis Alberto Susarrey Flores,≤100
101259548948419,BenditaRed,BenditaRed,≤100
100478479044286,Conexión H,Esteban Gildardo Peláez Bautista,≤100
944823365909303,Medio Serio,Nuria Valenzuela Márquez,≤100
102482418239090,Asociación Mexicana de productores del Vestido,Reynaldo Escamilla Rodriguez,≤100
421877377878288,Municipio de Querétaro,Municipio de Querétaro,≤100
1663199587336163,SCAPSATM,"Sistema de Conservación, Agua Potable y Saneamiento de Agua de Temixco Morelos",≤100
392117881331459,José Flores,José Luis Flores Pacheco,≤100
519051388241845,Fundación FEMSA,Fundación FEMSA,≤100
631195260345898,Partido Verde Guerrero,Partido Verde Guerrero,≤100
510790388949381,Jeremías Zúñiga Mezano,Jeremías Zúñiga Mezano,≤100
112774104526982,La Fuerza de la Base,These ads ran without a disclaimer,≤100
407868429421487,Juan Manuel Hernández Niebla,Juan Manuel Hernández Niebla,≤100
801673763367076,Carlos Cesar Jasso Rodríguez,Carlos Cesar Jasso Rodriguez,≤100
695261801312971,Revista Encuentro en Acción,Carlos Alberto Cruz Alcántara,≤100
101477474723596,TumbaPato,TumbaPato®,≤100
101295992671758,Libertarismo México,México Libertario,≤100
961310490582166,FeliFer Macías,Felipe Macías,≤100
101461686043880,Centro Certificador de Estudios Especializados.,Abel Ivan Aragon Maldonado,≤100
111969565605071,Ríodoce,Ríodoce,≤100
119588441128670,Ferdando Lanota,Efecto Regio,≤100
100759888106960,Lucio Espinoza,Lucio Espinoza,≤100
2081576392054703,Fernanda Flores Aguirre,Fda Flores,≤100
176993162348636,"El Colegio de Jalisco, A. C.",El Colegio de Jalisco,≤100
875770769153544,Adán Moctezuma,Adan Moctezuma,≤100
232336684381335,RED periodismo veraz y objetivo,Ana Cristina Hernández Gallo,≤100
637202699799385,Diputado González Romo,Ernesto González Romo,≤100
107474715653696,Coahuila 3.0,Coahuila 3.0,≤100
109573938764758,Con Claudia hasta el Final,Ana Maria Torres Rivera,≤100
250380041811823,Instituto Tlalpan,These ads ran without a disclaimer,≤100
105557195762193,Informador de Oaxaca,Informador de Oaxaca,≤100
265578185292434,Eva América Mayagoitia,Eva América Mayagoitia,≤100
1587273468223028,Misaj Becerra,Misaj Gonzalez Becerra,≤100
104257531651667,Matza Maranto Zepeda,Maritsa Concepcion Maranto Zepeda,≤100
607974622950512,Valeria Santiago Barrientos,Alejandra Mishell Sanchez Alvarez,≤100
101780365441613,Santos Alberto Tarín Espinoza,Santos Alberto Tarín Espinoza,≤100
543830382749706,Compromiso Social Mx,Compromiso Social Mx,≤100
106395931972477,Promotur Fideicomiso para el Fomento del Turismo,Promotur Fideicomiso para el Fomento del Turismo,≤100
636669016755546,Librería “La Cháchara Periférica”,Emilio Ivan Montaño Pereda,≤100
108083330882827,Iniciativa Climática de México,Iniciativa Climática de México,≤100
105730758122121,Chuy Gómez,Gilberto De Jesus Gomez Reyes,≤100
101851639365340,Norberto Maldonado,These ads ran without a disclaimer,≤100
103770071085964,ariel_feernandez,These ads ran without a disclaimer,≤100
112263625166092,El Siervo De La Nación,Gabriel Alejandro Romero Gallaga,≤100
252482341462381,Cristina Díaz,Cristina Díaz,≤100
101480295171643,Miguel Pérez Pompa,Jose Miguel Pérez Pompa,≤100
353044389196661,Codigo Psi. Estado de Mexico,These ads ran without a disclaimer,≤100
194885537530704,"Sindicato Minero ""Los Mineros""","Sindicato Minero ""Los Mineros""",≤100
433144440178661,Anabey García,Ernesto Arrez,≤100
105824921306256,igualdades,These ads ran without a disclaimer,≤100
116502604717345,Ah Kim Pech News,Ah Kim Pech News,≤100
136240676894192,Roberto Sosa Pichardo,Roberto Sosa Pichardo,≤100
523908611353044,Reflector,REFLECTOR Agencia de Noticias,≤100
110422535281304,Los Desechos de San Luis,These ads ran without a disclaimer,≤100
206604539439888,Luis Nava,Luis Nava,≤100
878654108845351,Armando Tejeda,Armando Tejeda,≤100
352610308550504,Eda Palacios Márquez,Eda Palacios Márquez,≤100
113842657021916,Liliana Olea,Liliana Olea,≤100
492853084519289,Héctor Narváez MX,Héctor Freddy Robaldi Narváez,≤100
108970623801463,Profr Carlos Rea Camacho,Profr Carlos Rea Camacho,≤100
109927953731014,Espacio Libre México,Espacio Libre México,≤100
106874624023669,Madigen Marketing Digital,Charleaks Ruiz,≤100
215364542672368,Javier Cruz,Gonzalo Javier Cruz Sanchez,≤100
103230634906476,Gabriel López Carrillo,Jesus Fabian Piña Talavera,≤100
1075423372514320,Ramón Vázquez Valadez,Ramon Vazquez Valadez,≤100
1093163384039096,Ángel García Yáñez,Ángel García Yáñez,≤100
306164263253389,Educación Nacional,These ads ran without a disclaimer,≤100
105084060977192,Rosa María Hernández Espejo,Rosa Hernández Espejo,≤100
111747610668938,Nota Online.,Nota Online.,≤100
103634469376759,Última Hora Coahuila,Ultima hora Coahuila,≤100
106811552699981,Eduardo Rodriguez,Jose Eduardo Rodriguez Perez,≤100
373696682782345,Mario Zepeda,Mario Ezequiel Zepeda Jacobo,≤100
110964721419254,Observatorio Legislativo,Observatorio Legislativo,≤100
116204501388935,Informativo Nacional,Informativo Nacional,≤100
109126574683990,Entre-Vistas,These ads ran without a disclaimer,≤100
1856514037937535,SuperMesa,Ramon Jorge Guardado Pérez,≤100
502725876775008,Scientia,Augusto Martín Cedillo López,≤100
104546498723247,Mauricio Cantú,Mauricio Cantú,≤100
228673967262826,Región Sur Gto,Guzmán Martínez Jorge,≤100
102491086147029,La 4T avanza,Maria Virginia Escalona Castro,≤100
103852349111297,Infórmate y +,Infórmate y +,≤100
106528952132176,RS24,RS24 En Unidad por Morelos A.C.,≤100
340945746414391,Angeles Gutiérrez Valdez,Maria De Los Angeles Gutierrez Valdez,≤100
134188236725011,Noemi Luna,Noemi Berenice Luna Ayala,≤100
584159151722389,Pavel López Gómez,Pavel López Gómez,≤100
113232271616467,La Sierra Madre,La Sierra Madre,≤100
108176578917695,El Bienestar de México,Julio Rodríguez,≤100
108276755314662,Portal Ciudadano de la Cámara de Diputados,Portal Ciudadano de la Cámara de Diputados,≤100
106771391872401,H. Ayuntamiento de Huatusco 2022-2025,Grupo Comercial Saltamontes,≤100
812361765480663,Pedro Kumamoto,Pedro Kumamoto,≤100
138380622879706,Revista Ganar-Ganar,These ads ran without a disclaimer,≤100
185702296375261,Mexicómo,MEXICOMO,≤100
108689415501751,lana express,These ads ran without a disclaimer,≤100
100771439692852,México Despierto,Hazael Santos Moreno Lopez,≤100
107539391652958,Estrella Rojas,Estrella Rojas,≤100
399404716766552,Oscar Cano Diputado,LIBRA DIGITAL,≤100
107140161819481,Partido Encuentro Solidario del Estado de Zacatecas Oficial,Partido Encuentro Solidario del Estado de Zacatecas Oficial,≤100
292496132255,Antonio Tello - NTV,Antonio Tello - NTV,≤100
101343425204111,Microcréditos para Negocios,Johannan Villalobos,≤100
104194908706490,Preparatoria México SEP en línea,UNIDEV Universidad SC,≤100
1413293405662235,Red Diversidad,Jose Eduardo Rodriguez Perez,≤100
102991431463559,Exilio Periodismo Binacional,Exilio Periodismo Binacional,≤100
100671096208741,Perfil Fronterizo,Perfil Fronterizo al Momento,≤100
778165328945716,Semanario Siete,Nicanor Medina Sanchez,≤100
1390151721225988,Diputada Daniela Alvarez,Diputada Daniela Alvarez,≤100
108159462024805,Transporte Digno Saltillo,These ads ran without a disclaimer,≤100
192693601460059,Rocio Sarmiento,Marco Antonio Rodríguez Rivera,≤100
113342271719951,Filiberto Benavides,Filiberto Benavides,≤100
100777322314097,Chic0norm4l,These ads ran without a disclaimer,≤100
857608504308460,Toño Gutiérrez Jardón,Jose Antonio Gutierrez Jardon,≤100
905324146270805,Carlos Quintana,Tropa Marketing,≤100
616061725124082,Mario Vázquez,Mario Humberto Vázquez Robles,≤100
109654054166309,México Hoy - MXH,México Hoy - MXH,≤100
206579733449,Corona,These ads ran without a disclaimer,≤100
290163821687964,Rocío Pérez Cruz,Aldo Zariñan Blancas,≤100
1304770176337900,El Sol de García,El Sol de México SA de CV,≤100
104137552416718,GRADA,These ads ran without a disclaimer,≤100
113475461707446,4T Noticias y más,Fernanda Guadalupe Diaz Manrique,≤100
111012604084848,Profe. Macario Hermosillo,Profe. Macario Hermosillo,≤100
236858516331750,RADIOFUSION TV,Leonardo Hernandez,≤100
101686671855770,GOU México,These ads ran without a disclaimer,≤100
101621281865887,Blanca Alcalá Ruiz,Adriana Colchado Jiménez,≤100
2059420467624770,El Tecolote Diario,El Tecolote Diario,≤100
105421252312492,Esperanza con Rumbo para Tizimín,These ads ran without a disclaimer,≤100
101685082261788,Fundación Coca-Cola México,These ads ran without a disclaimer,≤100
1590900311013083,Municipio de Tlaxiaco,Nestor Arias,≤100
102372736158707,Amara Art Box,These ads ran without a disclaimer,≤100
111830251767809,Plastic 2 Energy,These ads ran without a disclaimer,≤100
121350964566751,DHL Motorsports,These ads ran without a disclaimer,≤100
100904822517086,Non-trivial,These ads ran without a disclaimer,≤100
106560845770062,the.mermaidgoddess,These ads ran without a disclaimer,≤100
203911472957381,Luis Pérez de Acha,Luis M. Pérez de Acha,≤100
21474437688,Deloitte,These ads ran without a disclaimer,≤100
102623776002357,Funnies Now - Magazine Page 2,These ads ran without a disclaimer,≤100
104099512361482,Funnies Now - Magazine,These ads ran without a disclaimer,≤100
87011584968,Thompson Hotels,These ads ran without a disclaimer,≤100
119521264725553,Q21,These ads ran without a disclaimer,≤100
107771778700060,criptocuriosas,These ads ran without a disclaimer,≤100
104364561773822,Oscar Avitia,Nubia De La Rosa,≤100
1417808395126914,Journey Freight International Inc.,These ads ran without a disclaimer,≤100
105688031046061,DNC-Capacitación Organizacional,These ads ran without a disclaimer,≤100