﻿Page ID,Page name,Disclaimer,Amount spent (USD)
127065984044980,Universal Robina,Universal Robina,≤100
101029751624330,គង់ សោភ័ណ្ឌ អភិបាលខេត្តកណ្តាល Kong Sophorn Governor of Kandal Province,គង់ សោភ័ណ្ឌ អភិបាលខេត្តកណ្តាល Kong Sophorn Governor of Kandal Province,≤100
107704088257820,Aquarii BD Cambodia,"AQUARII BD (CAMBODIA) CO., LTD.",≤100
218945130140738,Arthur’s Online Store,Arthur’s Online Store,≤100
2260430647540976,កម្ពុជា ៤.០ - Cambodia 4.0,Reun Daro,≤100
105866705100869,Khmer Tech Market,Khmer Tech Market,≤100
102312105610965,Agrosolar Cambodia,Agrosolar Cambodia,≤100
100136939277807,"Sean Borath,Ph.D","Sean Borath,Ph.D",≤100
108988280889583,MPN TV News,Lor Vy,≤100
1582014712074227,គណបក្សប្រជាជនកម្ពុជា Cambodian People's Party,David Than,≤100
543230525840908,Asianerial Advisory Int.,Asianerial Advisory Int.,≤100
561034580603226,គីម រិទ្ធី - Kim Rithy,គីម រិទ្ធី - Kim Rithy,≤100
103952141169390,រាជធានីភ្នំពេញ បេះដូងប្រជាជនកម្ពុជា,រាជធានីភ្នំពេញ បេះដូងប្រជាជនកម្ពុជា,≤100
1129900250496858,EBo_Bookstore,EBo_Bookstore,≤100
106374614548737,ខេមបូចា ព័ត៌មាន,ខេមបូចា ព័ត៌មាន,≤100
1995251780700007,បណ្ឌិត ងិន បាណាល់ - Dr. NGIN Banal,Dyna Moeung,≤100
844603092353014,ជា ពិសី - Chea Pisey,ជា ពិសី - Chea Pisey,≤100
1691081041182548,Cambonomist,Ren Rayut,≤100
110372271312240,ក្រុមការងារអភិវឌ្ឍយុវជនខេត្តព្រៃវែង,Dyna Moeung,≤100
101414018039441,Presihanouk City,Presihanouk City,≤100
648941691867874,Kroko ក្រគរ កែវ រតនៈ,Kroko ក្រគរ កែវ រតនៈ,≤100
1309741899186397,CamboJANews,CamboJANews,≤100
558050957660331,ព្រឹទ្ធសភាកម្ពុជា Senate of Cambodia,Kok Vay,≤100
146649842083645,COMFREL,COMFREL,≤100