﻿Page ID,Page name,Disclaimer,Amount spent (USD)
127065984044980,Universal Robina,Universal Robina,≤100
101029751624330,គង់ សោភ័ណ្ឌ អភិបាលខេត្តកណ្តាល Kong Sophorn Governor of Kandal Province,គង់ សោភ័ណ្ឌ អភិបាលខេត្តកណ្តាល Kong Sophorn Governor of Kandal Province,≤100
100136939277807,"Sean Borath,Ph.D","Sean Borath,Ph.D",≤100
561034580603226,គីម រិទ្ធី - Kim Rithy,គីម រិទ្ធី - Kim Rithy,≤100
218945130140738,Arthur’s Online Store,Arthur’s Online Store,≤100
105866705100869,Khmer Tech Market,Khmer Tech Market,≤100
558050957660331,ព្រឹទ្ធសភាកម្ពុជា Senate of Cambodia,Kok Vay,≤100
648941691867874,Kroko ក្រគរ កែវ រតនៈ,Kroko ក្រគរ កែវ រតនៈ,≤100
2260430647540976,កម្ពុជា ៤.០ - Cambodia 4.0,Reun Daro,≤100
1129900250496858,EBo_Bookstore,EBo_Bookstore,≤100
108988280889583,MPN TV News,Lor Vy,≤100
110372271312240,ក្រុមការងារអភិវឌ្ឍយុវជនខេត្តព្រៃវែង,Dyna Moeung,≤100
844603092353014,ជា ពិសី - Chea Pisey,ជា ពិសី - Chea Pisey,≤100
102312105610965,Agrosolar Cambodia,Agrosolar Cambodia,≤100
271082999713221,Cri ccfr,Cri ccfr,≤100
409568979238195,"Dr. Sok Prasith, Secretary of State Ministry of Information","Dr. Sok Prasith, Secretary of State Ministry of Information",≤100
107704088257820,Aquarii BD Cambodia,"AQUARII BD (CAMBODIA) CO., LTD.",≤100
146649842083645,COMFREL,COMFREL,≤100
1995251780700007,បណ្ឌិត ងិន បាណាល់ - Dr. NGIN Banal,Dyna Moeung,≤100
100673698524565,អ៊ូច ភា អភិបាលខេត្តតាកែវ-Ouch Phea Governor of Takeo Province,Khat Nita,≤100
1691081041182548,Cambonomist,Ren Rayut,≤100
1556626584654766,Rin Virak - រិន វីរៈ,Ly Sophanith,≤100
1309741899186397,CamboJANews,CamboJANews,≤100