﻿Page ID,Page name,Disclaimer,Amount spent (USD)
10250877124,Arab News,These ads ran without a disclaimer,≤100
100884009485439,American Global Consulting - Education,These ads ran without a disclaimer,≤100
106381020732219,Kerala Infrastructure Investment Fund Board,These ads ran without a disclaimer,≤100
111315388417300,InFlavour,These ads ran without a disclaimer,≤100
113414308041611,Great Arab Minds,These ads ran without a disclaimer,≤100
21169267101,Give,These ads ran without a disclaimer,≤100