﻿Page ID,Page name,Disclaimer,Amount spent (CHF)
599025353636034,B Lab Switzerland,B LAB (SWITZERLAND),157
291359247729208,PS Suisse,PS Suisse,≤100
103550668590403,Mieux vivre sa vie,Mieux Vivre Sa Vie,≤100
1054282644596776,GE-démocratie,GE-démocratie,≤100
48980326364,Public Eye,Public Eye,≤100
510352742440847,Coalition pour des multinationales responsables,Coalition pour des multinationales responsables,≤100
115134174862244,perspectivesuisse.ch,IG Wirtschaftsverbände,≤100
105527252338650,perspektiveschweiz.ch,IG Wirtschaftsverbände,≤100
111081131629685,Blackout stoppen,Volksinitiative «Jederzeit Strom für alle (Blackout stoppen)»,≤100
154976914534194,Save the Children Schweiz/Suisse,Save the Children Schweiz,≤100
169510248558,Die Mitte - Le Centre,Die Mitte,≤100
535897123124799,Jeunes Libéraux-Radicaux Suisse,Jeunes Libéraux-Radicaux Suisses,≤100
921336971288655,Nagra,Nagra,≤100
169752569742293,Schweizerischer Gewerbeverband sgv,Schweizerischer Gewerbeverband sgv,≤100
102014399307738,Direkt,direkt,≤100
107816654786278,Antenne LGBTI Genève,"Stiefel, Irvin & Associates",≤100
104460881166122,Pro Natura Valais / Wallis,Pro Natura Valais / Wallis,≤100
1524859774444235,Koalition für Konzernverantwortung,Koalition für Konzernverantwortung,≤100
103269145789541,Stop au blackout,Initiative populaire « De l’électricité pour tous en tout temps (Stop au blackout) »,≤100
110481348648633,Ludivine-Luy-Lovey au Conseil National 2023,Ludivine Luy Lovey,≤100
97721121385,Public Eye,Public Eye,≤100
1541379879413801,FER Genève,These ads ran without a disclaimer,≤100
291504744242501,Lega dei Ticinesi - sezione Chiasso,Stefano Tonini,≤100
51415837765,Greenpeace Switzerland,Greenpeace Switzerland,≤100
478040605021,Junge Grüne Schweiz,Junge Grüne Schweiz,≤100
1951249848443600,Protect Our Winters Switzerland,Protect Our Winters Switzerland,≤100
106964611977537,Switlo,Switlo,≤100
97220294896,SP Schweiz,SP Schweiz,≤100
1027844850652657,Boomerang Ideas,Boomerang Ideas AG,≤100
158820214312321,Citations Ron Hubbard,Mieux Vivre Sa Vie,≤100
125466200895962,Valentin Landmann,Sven Kunz,≤100
1524954517562834,Prominis,Prominis GmbH,≤100
100116156110843,Stop al blackout,Iniziativa popolare «Energia elettrica in ogni tempo per tutti (Stop al blackout)»,≤100
100381452863244,Libertés et Justice sociale,Libertés et Justice sociale,≤100
105188432853984,Tribune de Genève,These ads ran without a disclaimer,≤100
2011626645562796,Andri Silberschmidt,These ads ran without a disclaimer,≤100
102644509280975,Ripe government,These ads ran without a disclaimer,≤100
763722197034246,En Développement,These ads ran without a disclaimer,≤100
414645712302029,The Diplomatic Affairs,These ads ran without a disclaimer,≤100
1798578616828336,"Indus Development Foundation, Canada",These ads ran without a disclaimer,≤100
608650595820049,The Conqueror Challenges,These ads ran without a disclaimer,≤100
237692023818,Belfast Telegraph,These ads ran without a disclaimer,≤100
102727121816068,Святлана Ціханоўская,These ads ran without a disclaimer,≤100
100211985747396,Klimaform,These ads ran without a disclaimer,≤100
175807639890984,"Dr. Hanuman - Yoga, Breath & Joy",These ads ran without a disclaimer,≤100
101276259161394,SWEED,These ads ran without a disclaimer,≤100
537872126249267,Червоний Хрест України,These ads ran without a disclaimer,≤100