﻿Page ID,Page name,Disclaimer,Amount spent (PYG)
1468570519872644,Santiago Peña,PRANA SA,108225
175406365841914,Arnoldo Wiens,Global Agencia,65965
103759862278474,Victor Miranda Py,Clicnovo,62266
196599783696918,Efrain Alegre,Pedro Efraín Alegre Sasiain,50505
1310731702357133,GEN,GEN,36075
103966462488145,Ulises Martínez - Gobernador,Moises Ulises Martinez Benitez,30593
1695481804025162,Eduardo Nakayama,Eduardo Hirohito Nakayama Rojas,21645
1222077187832207,Gustavo Leite,Gustavo Alfredo Leite Gusinky,21645
309537729651941,JuanMa Brunetti,Global Agencia,18863
286989224667281,Marito Abdo,Marca Py,15681
266016903502005,Senador Carlos Gómez Zelada,Senador Carlos Gómez Zelada,14219
110447625137045,Pilar Callizo,PautaPY,13906
132554373464255,La Nación,Nación Media,10245
109830218400800,Lea Giménez,Lea Raquel Gimenez Duarte,10006
199949073442305,Lilian Samaniego,Adventura,8765
104096115823278,Tomas Bittar Junta de Gobierno 2023-2028,Tomas Enrique Bittar Navarro,7818
102193762632115,Patricia dos Santos,Patricia Dos Santos,7215
862862090459595,Seba Villarejo,Juan Sebastian Villarejo Velilla,7215
102266292553995,Sucia Política,Diego Ricardo Ramírez,6235
325540631525675,En La Tecla,En la Tecla,6063
2033757383511165,Mario Paz Castaing,Rocio Magali Moreno Vera,5801
106270632061579,Edgar Alejandro Fernandez,Edgar Alejandro Fernandez Garcete,5516
100265174952816,Cesarito Sosa,César Luis Sosa Fariña,5374
107564631419895,La Profe Any,Oscar Gustavo Caballero Martinez,4062
490637354648727,Ing.Juan Carlos Baruja - Gobernador 2018/2023,Juan Carlos Baruja Fernandez,3755
1508684459364082,Tadeo Zarratea,Tadeo Zarratea Davalos,3541
1832577620365172,Eusebio Ramón Ayala Senador 2023,Manu Nuñez Franco,3385
532716330164048,Sole Núñez,Soledad Núñez,3030
943824938962084,Luis Fernando,Luis Carlos Arce,2936
1151984808290856,Hugo Portillo,Hugo Portillo,2869
111421181205339,Vidala Franco 2023,Christian Guillermo Vazquez Sanchez,2805
100778482648263,Cerini 2023,DGWorld Consultoría Digital,2469
263037407490496,Édgar López Gobernador,Christian Guillermo Vazquez Sanchez,2466
495567100804506,Tito 2023,Federico Rafael Vergara Aguero,2113
103040788902949,Concertación Nacional 2023,Rocio Magali Moreno Vera,2063
105031404894363,Carlos Mercado Rotela,Daniel Elieser Mariño Suarez,2044
102467002671611,Jorge Heisecke,Jorge Heisecke,2026
299252357224023,Darío Filártiga Opción 23 Senado,Fiorella Maria Sanchez Capurro,1946
110060281794994,Luis Talavera Alegre - Presidente 2023,José Emanuel Ruiz Díaz Bogado,1546
103373961784268,Giani Ramírez,Gianina Beatriz Ramírez Riboldi,1390
838018169889993,Fernando Ojeda,Fernando Ojeda,1311
517426394969535,Ricardo Canese,Ricardo Canese,1285
283132325082901,Esperanza Martínez,Esperanza Martinez De Portillo,1276
665680343451704,Lider Amarilla,Lider Santiago Amarilla Rios,1103
420279778178605,Adelaida Diputada 2023,Adelaida Cantero De Torres,1088
141678063114851,Ruben Velazquez,Dalva Natividad Acosta Vallejos,1067
1692624097481207,Mujeres GANAR,Comunicá,1044
107823568693539,Lucas Aquino Senador,Hugo Ildefonso Espinola Ricardo,1027
1510805942583059,Norma Zarate de Monges,Norma Zarate,905
107345678780633,Miguel Sosa Cabañas,Miguel Sosa Cabañas,864
124625661665046,Patrick Kemper,Patrick Paul Kemper Thiede,737
101118654956109,Jorge Amarilla,Jorge Cipriano Amarilla Bobadilla,707
646939832039958,Hugo Ibarra - Diputado Nacional,Eladio Ortiz Gayoso,641
102887709202228,Pedro Mayor Martinez- Candidato a Senador,Antonio Morinigo,635
102961601810205,ARA FM,Zunilda Ramona Yrala Lopez,623
105796025619350,Tati Giménez Diputado 2023,Patria Querida,607
108246601026063,Derlis Rodríguez Diputado 2023,Derlis Manuel Rodríguez Baez,589
110311005122985,Guillermo Sosa,Guillermo Sosa,433
102316839215739,Hilda Ferras Candidato Político,Hilda Beatriz Arguello,370
107860488531638,David Cardozo,Adolfo David Cardozo,260
363306313879750,Marle Chispita Orue,Marlene Tatiana Orue Leon,259
2176116945978444,Christian Valdez,Christian Valdez,231
120061519391875,César Paredes,César Paredes,135
106330075290231,Andrés Gubetich,Andres Gubetich,132
107012315505583,Silvio Gabaglio Senador.,José Amarilla,125
104762035619626,Randy Soto Sachelaridi,Randy Soto,102
1365651890238610,Soberanía Paraguay,Prensa_Py,≤100
1593908204188878,Arq. Carlos López,Juan Roberto Villaverde Emategui,≤100
105162875597097,Marcelo Bedoya Senador 2023,PLRA,≤100
278226125974096,El Paraguayo Independiente,Paraguayo Independiente,≤100
104331465102964,Rita Pérez Concejal Departamental,Rita Liz Pérez Aguilar,≤100
359307964420456,Terere Cómplice,Meli Olavarrieta,≤100
107706177740738,Periodismo 29,Periodismo 29,≤100
110514441614136,Edith Ortiz Gullón,Hugo Portillo,≤100
484457328277805,Eladio Ortiz,Eladio Ortiz Gayoso,≤100
1011833908887463,Atilio Alegre,IMAGEN DE GOBIERNO,≤100
150741961754512,Mercedes Canese Antúnez,Mercedes Canese,≤100
106255304846092,crhistianbedoya,Crhistian Alcides Bedoya,≤100
108824810612735,Ing. Jorge Palazón,Jorge Palazon,≤100
115386205692372,Noguera Gobernador 2023,Julio Cesar Díaz Rolon,≤100
110491594962344,Manuel González Concejal 2023,Ana Gisell Bogado Miranda,≤100
105787598141250,Ever Rojas Borja,IMAGEN DE GOBIERNO,≤100
498022813689642,Oscar González Drakeford,IMAGEN DE GOBIERNO,≤100
103114005868340,Rodrigo Rios Coronel,IMAGEN DE GOBIERNO,≤100
115692416547495,Jymmy Marconni Torales,Diego Arturo Aquino Montiel,≤100
1441704549436832,Regina Rios,Regina Rios Irala,≤100
227622537655549,CGTN en Español,These ads ran without a disclaimer,≤100
97320092545,PAHO-WHO,These ads ran without a disclaimer,≤100
461660720881072,José Rodríguez,Douglas Mateus Hendges,≤100
242118359309178,Ricardo Estigarribia,Douglas Mateus Hendges,≤100
101736596126028,kateryna_palanska,These ads ran without a disclaimer,≤100
106682318781403,Rafaela Guanes Senadora,Rafaela Guanes,≤100