﻿Page ID,Page name,Disclaimer,Amount spent (VND)
280124715749325,Sự Thật Về Pháp Luân Công,Sự Thật Về Pháp Luân Công,5117
919479674872321,Báo Nghệ An,Báo Nghệ An,731
104475292620899,Người Công Giáo,These ads ran without a disclaimer,730
107940495397632,Tiệm sách lịch sử,These ads ran without a disclaimer,507
289040404770754,DẠY CẮT MAY THỜI TRANG LINKmode,These ads ran without a disclaimer,166
103403077832667,Hóng Express,Hóng Express,144
105390405730263,Kiến thức thời 5.0,These ads ran without a disclaimer,125
107201140790723,CHD,These ads ran without a disclaimer,≤100