﻿Page ID,Page name,Disclaimer,Amount spent (VND)
101914358044085,Tài Liệu Ôn Thi Viên Chức Giáo Dục,Tài Liệu Ôn Thi Viên Chức Giáo Dục,28059
280124715749325,Sự Thật Về Pháp Luân Công,Sự Thật Về Pháp Luân Công,3866
289040404770754,DẠY CẮT MAY THỜI TRANG LINKmode,These ads ran without a disclaimer,1205
919479674872321,Báo Nghệ An,Báo Nghệ An,655
103403077832667,Hóng Express,Hóng Express,348
104475292620899,Người Công Giáo,These ads ran without a disclaimer,199
105390405730263,Kiến thức thời 5.0,These ads ran without a disclaimer,188
107940495397632,Tiệm sách lịch sử,These ads ran without a disclaimer,132