﻿Page ID,Page name,Disclaimer,Amount spent (CRC)
102084562479533,Digital506,Digital506,1656
117702158266385,Antonio Álvarez Desanti,Antonio Alvarez Desanti,1616
1883588135197697,Wild Earth Allies,These ads ran without a disclaimer,539
1540070352761579,Leslye Bojorges,Leslye Ruben Bojorges Leon,539
1564830553770208,Encuentro Municipal,José Luis Jimenez Robleto,452
116522821359620,Turismo por Costa Rica,Turismo Por Costa Rica,≤100
101955851918321,Alcaldía de Alajuela,Alcaldía de Alajuela,≤100
117476041631671,AmCham Costa Rica,AmCham Costa Rica,≤100
101981918812659,Sindjus,These ads ran without a disclaimer,≤100