﻿Page ID,Page name,Disclaimer,Amount spent (JMD),Number of ads in Library
804165119745401,NIDS Facts,These ads ran without a disclaimer,1565,1
107390872334339,interrogating_leprechauns,These ads ran without a disclaimer,382,1
135073411731685,BBBgamers LiveShow,These ads ran without a disclaimer,≤100,1
322865159833,RCD Espanyol de Barcelona,These ads ran without a disclaimer,≤100,2
101715608808670,Judgment Day: Angel of God,These ads ran without a disclaimer,≤100,1
100416934901628,Oasis Hunters,These ads ran without a disclaimer,≤100,1