﻿Page ID,Page name,Disclaimer,Amount spent (TRY)
141870402543282,AK Parti,Ak Parti,338
294889615437,Sinan Oğan,Sinan Oğan,≤100
319026564921676,Vatan Partisi,Vatan Partisi,≤100
146234755411446,Mirasımız Derneği,(MİRASIMIZ) Kudüs ve Civarındaki Osmanlı Mirasını Koruma ve Yaşatma Derneği,≤100
100910024639566,Ali Babacan,Deva Partisi,≤100
979738848890749,Faruk Kılıç,Faruk Kilic,≤100
158829607558395,Milliyetçi Hareket Partisi (MHP),Milliyetçi Hareket Partisi (MHP),≤100
105376981385020,Referandom,Referandom,≤100
102095934751904,Deva Partisi,Deva Partisi,≤100
100939478640264,Gazete Oksijen,Gazete Oksijen,≤100
362110253924146,Hasan Tahsin Usta,Gaziosmanpaşa Belediyesi,≤100
111162852275902,Uluslararası Af Örgütü Türkiye Şubesi,Uluslararası Af Örgütü Türkiye Şubesi,≤100
105724511499805,Yeniden Refah Partisi,Yeniden Refah Partisi,≤100
144295649058307,Ekrem İmamoğlu,Ekrem İmamoğlu,≤100
453048084856285,Desmond is Amazing,These ads ran without a disclaimer,≤100
111841058524860,Ahmet ŞAHİN,Rahmi Mete Ay,≤100
306104152918585,Creamaxi Dijital,Creamaxi Dijital,≤100
106561381741274,Promosyon Kahve,GANİTTO GIDA SANAYİ VE TİCARET ANONİM ŞİRKETİ,≤100
100450405705894,Zafer Partisi Fethiye İlçe Başkanlığı,Sait Ertürk,≤100
109407151806354,İsmail İnlidere,Ismail Inlidere,≤100
108376020766134,Metin Bolat,Metin Bolat,≤100
141311632555208,Bağımsız Türkiye Partisi,Mehmet Erkul,≤100
108107585034488,Bahadır Erdem,Bahadır Erdem,≤100
108928264155408,Mehmet Başaran,Mehmet Basaran,≤100
106789305232883,وكالة الشرق الأوسط الإخبارية,وكالة الشرق الأوسط الإخبارية,≤100
459314071262613,Zeynettin Aydın,Zeynettin Aydın,≤100
575755372513811,Muhittin Böcek,Antalya Büyükşehir Belediyesi,≤100
463215923715177,Mehmet Yiğiner,Bekir Koyuncu,≤100
1620080691588973,Serkan SARI,Serkan Sarı,≤100
849273831775608,Burhanettin Bulut,Burhanettin Bulut,≤100
101762502501680,,Komşu Kızı,≤100
586687158076723,Mehmet Tüm,Mehmet Tüm,≤100
413113452433564,Cengiz Gökçel,Cengiz Gökçel,≤100
815048841929079,M. Ergün Turan,M. Ergün Turan,≤100
107834062250062,,These ads ran without a disclaimer,≤100
109514177857013,Yeniden Refah Partisi Simav,Yeniden Refah Partisi Simav İlçe Başkanlığı,≤100
108675144970867,7/24 Gündem,7/24 Gündem,≤100
101605686227473,,Hakan Kuşçuoğlu,≤100
101315571670453,Webagron Tarımsal İçerik Platformu,Webagron Tarımsal İçerik Platformu,≤100
109986351868062,ridvan_bade,These ads ran without a disclaimer,≤100
102949289425237,,These ads ran without a disclaimer,≤100
107924807410702,Samet Bağcı,Samet Bağcı,≤100
450603291709606,Dava Adamları,Huseyin Rahat,≤100
1093516560666635,Asrın Adamları,Huseyin Rahat,≤100
101700471513125,Kadir Aydın,Kadir Aydın,≤100
123016030720712,,These ads ran without a disclaimer,≤100
106187277979172,Dijital Gaste,Veysel Karahan,≤100
108390012832175,Fatih Akkentli,Fatih Akkentli,≤100
2026878447367426,Yeniden Refah Partisi Esenyurt İlçe Başkanlığı,yeniden refah partisi esenyurt ilçe baskanlığı,≤100
2200892810164954,Kırıkkale TV,Kırıkkale TV,≤100
281934188895543,Önce Vatan,Önce Vatan,≤100
108552928182311,Al Sancak Partisi,Nuri Çelebi,≤100
103285814499773,Hikmet Yalım Halıcı,Kadir Dede,≤100
118117557861464,,Ömer Ziyauddin Biryeşil,≤100
118671501166940,,Serkan Aydındır,≤100
101323482281931,Uzm.Dr. Hüseyin Cengiz Gürbüz,Huseyin Cengiz Gurbuz,≤100
108074748542713,Yeniden Refah Partisi Şanlıurfa İl Başkanlığı,Faruk Yurek,≤100
2028274240749386,Celal Köse,Celal Köse,≤100
212556146253726,,Allah Yolunda,≤100
100378170842291,Özer ÖZEL,Özer Özel,≤100
210636876843,Türkiye Gençlik Birliği (TGB),Türkiye Gençlik Birliği-TGB,≤100
264716173609808,Amasya Milletvekili Ramis Topal,Ramis Topal,≤100
103185292590218,İlkadım TV Haber,İlkadım TV,≤100
465887546792664,Halkın Kurtuluş Partisi - HKP,TAYFUR BİN,≤100
101452232253259,Kubilay Çiçek,Kubilay Çiçek,≤100
180404128680446,Dr. Şadi YAZICI,Dr. Şadi YAZICI,≤100
283657205667155,Mustafa Ali Fırtına,Mustafa Ali Firtina,≤100
105274372458490,SMA Güneş'imiz,These ads ran without a disclaimer,≤100
109632007076932,Türkiye Müteahhitler Birliği,TÜRKİYE MÜTEAHHİTLER BİRLİĞİ,≤100
113944458195273,Rahmi Mete AY,Rahmi Mete Ay,≤100
101412759569893,ozkancakir81,Özkan Çakır,≤100
350785668413058,Prof. Dr. Ali Rıza Erbay,These ads ran without a disclaimer,≤100
144096473392,Yeşil Gazete,Yeşil Gazete,≤100
2040128776040928,Yelda Erol Gökcan,TBMM,≤100
172200336891287,Medya Penceresi,Medya Penceresi,≤100
1572709256359993,İnternethaber TV,HADİ ÖZIŞIK,≤100
100930021431743,Gazete Kolektif,Ercan Erdal,≤100
104373561467884,Serhat Servet Dövenci,Serhat Servet Dövenci33,≤100
588319621318434,Op.Dr. Mustafa Seven - Samgüdef,Mustafa Seven,≤100
328937400947396,,Murat Yaşar Müncester,≤100
104267921764717,Deva Partisi Trabzon İl Başkanlığı,Kubilay Çiçek,≤100
110010815263548,Gerçek Gündem TV,Bülent Özdoğan,≤100
115203036969497,Mehmet Yunus Seven,Mehmet Yunus Seven,≤100
922594934433874,Kulis Özel,Burak Rahat,≤100
107184060866156,Limitsiz Bilgi,These ads ran without a disclaimer,≤100
107088348866304,Haberde.com.TR,Murat Ocak,≤100
100804794823150,Ali Ünal,Ali Ünal,≤100
107276120819529,Halk Haber TV,SİRİUS REKLAM ORGANİZASYON SANAYİ VE TİCARET LİMİTED ŞİRKETİ,≤100
906394629482043,CHP Parti Okulu,CHP Parti Okulu,≤100
102528268194280,İlhami Okudan,These ads ran without a disclaimer,≤100
101435892910632,,These ads ran without a disclaimer,≤100
108390012832175,Fatih Akkentli,Ozan Özbay,≤100
261075507431404,Afyon,Hayrettin Köle,≤100
1028368393892777,Mehmet Ali Özkan,Mehmet Ali ÖZKAN,≤100
310263419180566,Selman Yıldırım,These ads ran without a disclaimer,≤100
276652289141318,OSMAN KOZAN,Osman Kozan,≤100
101198518278121,Mehmet Selim Girbiyanoğlu,Mehmet Selim Girbiyanoglu,≤100
115019014873238,Kurtuluş Yılmaz,Kurtuluş Yılmaz,≤100
102976372750184,,These ads ran without a disclaimer,≤100
162643753879231,Deniz Köken,Deniz Köken,≤100
104790481715851,ازجمله,Azjomle,≤100
1597613193844586,,Cumhurbaşkanı Kılıçdaroğlu,≤100
127896160644676,KORAY AYDIN,KORAY AYDIN,≤100
1410342882615385,Eskişehir Haber,Eskişehir Haber,≤100
106433519384639,Haber7,Haber7,≤100
103098904742608,Murat Serdar Koç,Murat Serdar Koc,≤100
143550053055256,Dr Zekayi Bağriyanik,These ads ran without a disclaimer,≤100
595642140778460,Arda Balaban Turizm,These ads ran without a disclaimer,≤100
481582842321978,İbrahim Güzel,İbrahim Güzel,≤100
107585911970797,Fehmi Kuyucu,These ads ran without a disclaimer,≤100
107779141654452,europeanmobilityweek,These ads ran without a disclaimer,≤100
822633781141031,FC Bayern München,These ads ran without a disclaimer,≤100