﻿Page ID,Page name,Disclaimer,Amount spent (USD)
362213890520498,a2i - Aspire to Innovate,a2i - Aspire to Innovate,136
103414131574909,Press Xpress,PressXpress,≤100
102804535567991,"জয় বাংলা,  জয় বঙ্গবন্ধু- এগিয়েই যাবে বাংলাদেশ","জয় বাংলা,  জয় বঙ্গবন্ধু- এগিয়েই যাবে বাংলাদেশ",≤100
214814651932840,Panjeree Publications Ltd.,Panjeree Publications Ltd.,≤100
229443881058540,BD Peoples Voice,BD Peoples Voice,≤100
101014292265016,অপ্রতিরোধ্য অগ্রযাত্রা,অপ্রতিরোধ্য অগ্রযাত্রা,≤100
108886898530589,Dhaka24,Dhaka24,≤100
111768425244624,Voice of the Displaced People,Reality Media US,≤100
254138648026636,সফল বাংলাদেশ,Effective Lead Gen,≤100
111251941065959,বাংলার সমাচার,Think Digital Way,≤100
362533164365915,Voice Of Dhaka,Voice Of Dhaka,≤100
112918444736861,যদি কিন্তু তবুও,যদি কিন্তু তবুও,≤100
107264669046041,আদালত পাড়ার নৈরাজ্য,আদালত পাড়ার নৈরাজ্য,≤100
106254828481844,সত্যের পথে আগামীর সম্ভাবনায়,সত্যের পথে আগামীর সম্ভাবনায়,≤100
353130515348425,Bangladesh Nationalist Party-BNP,Bangladesh Nationalist Party-BNP,≤100
401664150604083,Daily Jagrota Bangla,Daily Jagrota Bangla,≤100
116167389784568,আমার নেত্রী আমার অহংকার,Flix Marketing,≤100
162107741307973,এই বাংলাদেশ আমাদের,এই বাংলাদেশ আমাদের,≤100
434501430028190,Young Bangla,Young Bangla,≤100
2207468469513727,নৌকা মানেই,নৌকা মানেই,≤100
112209270629059,LearnEng with Shahan,These ads ran without a disclaimer,≤100
1273222292809950,Suvash Hawlader,Suvash Hawlader,≤100
186948511918618,Positive Bangladesh,Positive Bangladesh,≤100
2120667158192427,লায়ন আলহাজ্ব মোহাম্মদ ইমরান,আলহাজ্ব মোহাম্মদ ইমরান,≤100
426726231113882,Ishraque Hossain - ইশরাক হোসেন,Ishraque Hossain - ইশরাক হোসেন,≤100
1930781123914291,আবিজা,All Marketing Center,≤100
581402578564086,CRI,CRI,≤100
260485101489192,Go Bangladesh,All Marketing Center,≤100
1865638280223884,Rajneeti - রাজনীতি,Rajneeti - রাজনীতি,≤100
225353397503225,Zunaid Ahmed Palak,Zunaid Ahmed Palak,≤100
527402880793569,MAMUN BOOK HOUSE,MAMUN BOOK HOUSE,≤100
100612562275472,Razzak Fashion - রাজ্জাক ফ্যাশন,Razzak Fashion - রাজ্জাক ফ্যাশন,≤100
113342141392180,দুর্নিবার - Durnibar,All Marketing Center,≤100
101904779388952,ভালোর পথে-Bhalor Pothe,ভালোর পথে-Bhalor Pothe,≤100
1637850026472872,বঙ্গবন্ধু অনলাইন আর্কাইভ,Flix Marketing,≤100
418263542033269,Bangladesher Kotha - বাংলাদেশের কথা,Bangladesher Kotha - বাংলাদেশের কথা,≤100
105510682188939,Booster Dose-বুস্টার ডোজ,Flrida Marketing,≤100
1941359985984595,Dainik Bandarban,Vision Mark NY,≤100
675943342847079,Ahmed Firoz Kabir MP,Ahmed Firoz Kabir MP,≤100
108617938808376,ষড়যন্ত্রের আড়ালে,Flrida Marketing,≤100
2022137391381938,এই বাংলাদেশ তোমাদের নয়,এই বাংলাদেশ তোমাদের নয়,≤100
2158993094317933,Kazi Md.Rashedul Hassan Rashed,Kazi Md.Rashedul Hassan Rashed,≤100
116094318069731,Arshad Adnan,Arshad Adnan,≤100
105035929098779,Politic Society,Politic Society,≤100
157368095197913,BCS Preceptors',These ads ran without a disclaimer,≤100
104675215375869,Deshbidash,Deshbidash,≤100
105867285406730,Deshi Dokandar-দেশি দোকানদার,Deshi Dokandar-দেশি দোকানদার,≤100
103242132373483,Sheikh Hasina : Our Pride,Sheikh Hasina : Our Pride,≤100
535503280269676,Xinhua Culture&Travel,These ads ran without a disclaimer,≤100
100130444870706,Badge Making Store,Badge Making Store,≤100
112249340649600,Dinbodol BD,Dinbodol BD,≤100
195123041072338,নাশকতা - Nashokota,All Marketing Center,≤100
692126324506258,Padma silker rajshahi  পদ্মা সিল্কের রাজশাহী,Padma silker rajshahi  পদ্মা সিল্কের রাজশাহী,≤100
132975130832652,Amader Muktijuddho,Amader Muktijuddho,≤100
103243935851195,Jonotar Dorpon-জনতার দর্পণ,Jonotar Dorpon,≤100
166064673583399,Bangladesh Awami League,Bangladesh Awami League,≤100
102614762749427,আমিই বাংলা,High Reach Market,≤100
116834651444825,Prof Dr. Md. Nazrul Islam,Nobo IT,≤100
103564102653807,জাগ্রত জনতা,High Reach Market,≤100
106950942368987,Pratham Bangla Foundation-PBF,Pratham Bangla Foundation,≤100
347135082762359,Salman F Rahman,Salman F Rahman,≤100
103564102653807,জাগ্রত জনতা,Centrals Marketing,≤100
2048704288508984,বর্ণিল নবাবগঞ্জ-Bornil Nobabgonj,Auto App Inc,≤100
508518392998811,প্রাণের দোহার-Praner Dohar,Marketing Solution,≤100
509936206006336,অপরূপা,Centrals Marketing,≤100
106284182272238,আহবান - Ahoban,আহবান - Ahoban,≤100
1910583609067515,প্রগতির মানিকগঞ্জ-Progotir Manikganj,My Solution Blog,≤100
252877475497729,The Bangla Herald,Marketing Pro US,≤100
562399497616867,Faruk Ahmed Shaon,These ads ran without a disclaimer,≤100
113142841677963,রুপসী বাংলা,High Reach Market,≤100
2120667158192427,লায়ন আলহাজ্ব মোহাম্মদ ইমরান,লায়ন আলহাজ্ব মোহাম্মদ ইমরান,≤100
116727611307181,রুখে দাও ষড়যন্ত্র,Royalties Ads,≤100
1763961473907868,সেই রাজাকার এই রাজাকার,Centrals Marketing,≤100
101715608106975,ভাওয়ালের কণ্ঠ,ভাওয়ালের কণ্ঠ,≤100
155185439618881,বিদ্যাবাড়ি অনলাইন বুকশপ,বিদ্যাবাড়ি অনলাইন বুকশপ,≤100
100150056375349,bangladesh crime watch,These ads ran without a disclaimer,≤100
336242810327432,সাভারের সূর্যোদয়-Savarer Surjodoy,My Solution Blog,≤100
378886745490924,Aparadh Kantha - অপরাধ কন্ঠ,Effective Lead Gen,≤100
269704510100247,বাংলার বাঘ,Centrals Marketing,≤100
101651602036095,Mississippi Publications-মিসিসিপি পাবলিকেশন্স,Mississippi Publications-মিসিসিপি পাবলিকেশন্স,≤100
388975341269133,Tonmoy Ahmed,Tonmoy Ahmed,≤100
105715675111401,"স্কোয়াড্রন লীডার সাদরুল আহমেদ খান, অবঃ",These ads ran without a disclaimer,≤100
180520171996876,IslamInSpanish,These ads ran without a disclaimer,≤100
100256679539303,Islamia Book House,These ads ran without a disclaimer,≤100
110655841759609,বাংলাদেশ সংবাদ,Centrals Marketing,≤100
107579682072496,নাগরিক বার্তা,Httr Ads,≤100
674465032645885,Syed Shazidur Rahman Faruk,These ads ran without a disclaimer,≤100
101009976268233,রিজিক অর্গানিক ফুড,These ads ran without a disclaimer,≤100
1528447994111844,পাহাড়ের বজ্রকন্ঠ,Collective Marketing US,≤100
105715675111401,"স্কোয়াড্রন লীডার সাদরুল আহমেদ খান, অবঃ","স্কোয়াড্রন লীডার সাদরুল আহমেদ খান, অবঃ",≤100
537617023847365,Digital voter slip,Digital voter slip,≤100
385200605556790,OLD Collection,OLD Collection,≤100
433659713676324,Daily Bangladesh,Daily Bangladesh,≤100
102639559351794,খেলা হবে,Reality Media US,≤100
105046209201340,Sufi Faruq,These ads ran without a disclaimer,≤100
313407132449192,Share Biz,These ads ran without a disclaimer,≤100
110594548697927,Md Roqunuzzaman Suja,These ads ran without a disclaimer,≤100
103368979248327,Prince Mahmud,These ads ran without a disclaimer,≤100
164315863670362,rokomari.com,These ads ran without a disclaimer,≤100
105343244826062,বিজ্ঞানে মুসলমানদের অবদান,These ads ran without a disclaimer,≤100
110314078720503,Md Jahangir Molla Jr.,These ads ran without a disclaimer,≤100
113730688438943,Md. Rafiqul Islam,These ads ran without a disclaimer,≤100
100421296207429,ক্রাইম স্টেশন-Crime Station,ক্রাইম স্টেশন-Crime Station,≤100
108625789179165,Soi Dog Foundation,These ads ran without a disclaimer,≤100
111458985079091,বাংলার আমরা-Banglar Amra,বাংলার আমরা-Banglar Amra,≤100
113890838169672,ইসলামের আলো - Light of Islam,ইসলামের আলো - Light of Islam,≤100
111776108159616,কবি আসিফ,কবি আসিফ,≤100
108481122220801,ইসলামিক জীবন,These ads ran without a disclaimer,≤100
195369264691245,দৈনিক খাগড়াছড়ি   Dainik Khagrachari,Creati Campaign,≤100
318245035273577,Khan Ahmed Shuvo MP,Khan Ahmed Shuvo MP,≤100
111839431721166,Md Jahid,These ads ran without a disclaimer,≤100
110233305051874,Our BNP,Our BNP,≤100
411678622607999,China International Import Expo,These ads ran without a disclaimer,≤100
106320485643626,Jatiyo Party,Jatiyo Party,≤100
118265831263733,The Yash Approach,These ads ran without a disclaimer,≤100
107783369040611,বাংলাদেশ আওয়ামী লীগ,These ads ran without a disclaimer,≤100
106193089071732,জিয়া প্রজন্মদল কেন্দ্রীয় কমিট ।,These ads ran without a disclaimer,≤100
108117645444622,ভোটের হাওয়া,ভোটের হাওয়া,≤100
111384611463237,TMN RONi,TMN RONi,≤100
250305668489402,Professor Kenny,These ads ran without a disclaimer,≤100
101314669684741,Anwar Shahjahan,These ads ran without a disclaimer,≤100
129609190402872,Anwar Shahjahan - আনোয়ার শাহজাহান,These ads ran without a disclaimer,≤100