﻿Page ID,Page name,Disclaimer,Amount spent (UYU)
2229936167288652,Juan Sartori,Equipo Juan Sartori,105
225968600759645,Andrés Lima,Andrés Lima,≤100
100492222711808,Somos Todos Uruguayos,Somos Todos Uruguayos,≤100
1958459981088832,Renovamos Maldonado,These ads ran without a disclaimer,≤100
316246769083069,Corruptos Radio,Corruptos Radio,≤100
110605941407413,orenda.lectora,These ads ran without a disclaimer,≤100
204223673035117,MBL - Movimento Brasil Livre,These ads ran without a disclaimer,≤100
114986235237547,CERES Uruguay,CERES Uruguay,≤100