﻿Page ID,Page name,Disclaimer,Amount spent (RON)
1395939193764858,Marcel Ciolacu,Partidul Social Democrat,271
1058116737612843,USR,Uniunea Salvați România,183
178362315106,European Parliament,European Parliament,≤100
1592660281028385,USR Bihor,USR Bihor,≤100
163943696987223,Ziarul Puterea,Ziarul Puterea,≤100
111541767412870,Adrian Hatos,Adrian Hatos,≤100
108295090637741,ASAP România,Fundatia The Institute,≤100
321890494859228,Vlad Gheorghe,Vlad Gheorghe,≤100
113873916863079,Mathias Corvinus Collegium - Erdély,Mathias Corvinus Collegium Egyesület,≤100
291177524360702,Partidul Social Democrat,Partidul Social Democrat,≤100
101170469166841,Florian Sirca,Florian Sirca,≤100
100642451664106,Adrian Madar,Adrian Madar,≤100
102601499822802,RMDSZ,RMDSZ,≤100
1560147330888040,Winkler Gyula,Winkler Gyula,≤100
107898832590939,European Commission,European Commission,≤100
114319753592403,AFACERI.news,Trend Communication,≤100
149371012371397,Newsweek Romania,Newsweek Romania,≤100
581911828514783,Partidul Mișcarea Populară,Partidul Mișcarea Populară,≤100
215328865181171,Borboly Csaba,Borboly Csaba,≤100
731035500293728,Siegfried Muresan,Siegfried Muresan,≤100
101285816081220,Ilias Papageorgiadis,Ilias Papageorgiadis,≤100
102743169253473,Reciclăm în România,Reciclăm în România,≤100
1559885467641191,Râul Alb,Râul Alb,≤100
279454772645662,Nicu Ștefănuță,Nicu Ștefănuță,≤100
332232000196436,ARCA - Romanian Forum for Refugees and Migrants,ARCA Forumul Român pentru Refugiați și Migranți,≤100
104217171285776,Asociația Industriei Lemnului - Prolemn,Asociația Industriei Lemnului - Prolemn,≤100
205001282852200,Milvus Group,Asociatia GRUPUL MILVUS,≤100
747983061916032,Átlátszó Erdély,Átlátszó Erdély,≤100
186612088034700,Facias - Fundatia pentru Apararea Cetatenilor Impotriva Abuzurilor Statului,FACIAS,≤100
1156150484398630,MozaiQ,MozaiQ,≤100
188113901227053,Maszol.ro,Maszol.ro,≤100
207741001672,Speranta pentru Romania,Speranta pentru Romania,≤100
1498149113813076,Florin Cîţu,Florin Cîţu,≤100
104369154745548,Diana Stoica,Diana Stoica,≤100
112460626989588,Antal Géza,Antal Géza,≤100
181221645364365,Carmen Avram,Carmen Avram,≤100
293176278283120,Cronicile - Curs de guvernare,Varianta Media,≤100
109983011774065,Proiectul Romania 2030,Sociallite Media Solutions,≤100
101340741758468,Radu Pescar,Radu Pescar,≤100
675042232534141,Vincze Loránt,Vincze Loránt,≤100
200813406761691,Corina Cretu,Corina Cretu,≤100
2443020582586584,Romania Eficienta,Romania Eficienta,≤100
132389806830877,Peace Action Training and Research Institute of Romania (PATRIR),Peace Action Training and Research Institute of Romania (PATRIR),≤100
360828814115641,Asociatia Slujire Crestina,Asociatia Slujire Crestina,≤100
332232000196436,ARCA - Romanian Forum for Refugees and Migrants,ARCA - Romanian Forum for Refugees and Migrants,≤100
1491544234239734,Forța Dreptei,Forta-Dreptei,≤100
1653726584879481,Mihai Fifor,Fifor Mihai,≤100
104417752138292,Claudiu Târziu,Claudiu Târziu,≤100
174794259264098,FDP - Protagoniști în educație,Asociația FDP - Protagoniști în Educație,≤100
111683464064929,Sergiu Mihalcea,Sergiu Mihalcea,≤100
102410783138358,Anuntul Telefonic,Anuntul Telefonic SRL,≤100
1145522045624751,Filip Havarneanu,Filip Havarneanu,≤100
1164341813627057,Maria Gabriela Horga,Maria Gabriela Horga,≤100
360184320712594,Raluca Turcan,Partidul Naţional Liberal,≤100
658668994510595,Norofert Group,Norofert Group,≤100
600025356762034,Carina Pflege Locuri de munca Germania,Olimpia Schugar,≤100
107066808189586,Panorama.ro,NEWBIZ ONLINE PUBLISHING S.R.L.,≤100
321896004518929,Ioan Mang,Ioan Mang,≤100
109849657256655,60m.RO,60M.RO,≤100
103445844473825,Alianța pentru Unirea Românilor - AUR,Partidul Alianta pentru Unirea Romanilor,≤100
509548582409324,Ghidul Primãriilor,Millenium Management Sistem SRL,≤100
220579784732993,Daniel Buda,Daniel Buda,≤100
137651470305528,Federația Patronală Petrol și Gaze,Federatia Patronală Petrol și Gaze,≤100
281341562263123,Cristina Prună,Cristina-Madalina Pruna,≤100
102106432515274,Partidul Patriotilor,Partidul Patriotilor,≤100
100491781650498,Premierul Nostru,Premierul Nostru,≤100
150909498384134,Varga Glad,Varga Glad,≤100
155195491318605,eoficial.ro,Eoficial.ro,≤100
163950740830769,Gaz De Romania,Gaz De Romania,≤100
201920416986321,EM360 Studio,EM360 cu Adi Maniutiu,≤100
205092989831102,Senator Maricel Popa,Maricel Popa,≤100
779335275738093,Podul,Podul,≤100
112130176975380,Radu Ghidău,Radu Ghidău,≤100
100750288081463,Partidul România în Acțiune,Partidul Romania in Actiune,≤100
502514186907494,Apa Noastră,Apa Noastră,≤100
116481441424828,KartaStruct,KartaStruct,≤100
344517529430253,Senatul Științific,Senatul Stiintific,≤100
932511363436611,Cristian Dima,Cristian Dima,≤100
699756933795757,VoxiKids & VoxiClinic,These ads ran without a disclaimer,≤100
103445844473825,Alianța pentru Unirea Românilor - AUR,Partidul Politic ALIANȚA PENTRU UNIREA ROMÂNILOR,≤100
111273528544907,Alianța Național Creștină,Alianța Național Creștină,≤100
108198834362110,Eugen Cucu - Consilier Local Sanpetru,Eugen Cucu - Consilier Local Sanpetru,≤100
192365285011395,Si eu reusesc,A.L.E.G.,≤100
686190454826244,Declic,Declic,≤100
101422251500208,Calin Groza,Calin Groza,≤100
101763692272709,Avocat Ciuchi Elena-Corina,Cabinet de Avocat CIUCHI Elena-Corina,≤100
153754291326316,Calea Europeană,European Media Connections,≤100
772662992868343,PNL Arges,PNL Arges,≤100
1046576302107963,Ciprian Serban,Ciprian Serban,≤100
110583568433497,Partidul Umanist Social Liberal PUSL Filiala Galați,Digital Fairy Studio SRL,≤100
116634326439880,Mindcraft Stories,Mindcraft Stories,≤100
169962753021439,A.L.E.G.,A.L.E.G.,≤100
939093039450192,PS News,PS News,≤100
103383915623247,Mișcarea pentru Democrație Directă,Asociația Mișcarea pentru Democrație Directă,≤100
908169412659988,Bogdan Grecia,Bogdan Grecia,≤100
1161590740517881,Tomis News,Tomis News,≤100
799949990211564,Ioana Ramona Bruynseels,Ioana Ramona Bruynseels,≤100
104793855473920,Strategikon,ASOCIATIA CENTRUL DE RELATII EXTERNE,≤100
1029958020423567,Agro-Est Muntenia,Agro-Est,≤100
253324688030581,Municipiul Alba Iulia,Municipiul Alba Iulia,≤100
105860297893714,Alin Prunean,Alin Prunean,≤100
568228499905015,Liga Studenţilor - LS IAŞI,Liga Studenților (LS IAȘI),≤100
582876612392374,Hotel Ceres Pucioasa,Hotel Ceres Pucioasa,≤100
101773278158392,Drobeta Turnu Severin - Știri,Drobeta Turnu Severin - Știri,≤100
442948192439179,Silvian-Emanuel Man,Silvian-Emanuel Man,≤100
100872245631464,AEM Holding,AEM Holding,≤100
101462959574536,Agrocentrala,Agrocentrala,≤100
101425605680403,Green Start-Up,Green Start-Up,≤100
2335902076680451,AGXecutive,AGXECUTIVE,≤100
247193432357291,Diaspora TV  Switzerland,These ads ran without a disclaimer,≤100
1505333196415332,Côte d'Azur - школа французької мови,These ads ran without a disclaimer,≤100
109231571984405,Accelera,These ads ran without a disclaimer,≤100