﻿Page ID,Page name,Disclaimer,Amount spent (USD)
986013844824671,In Zhejiang,These ads ran without a disclaimer,≤100
107164101598971,Président du Sénat Herimanana Razafimahefa,Nicole Zafimaroson,≤100
920398048101746,Roindefo Monja,Roindefo Monja,≤100
1833872426859495,Ministère de l'Environnement et du Développement Durable,Ministère de l'Environnement et du Développement Durable,≤100
105173452392388,Celcom Sénat,Nicole Zafimaroson,≤100
228179610664723,Razafindravahy Edgard,PREY Group,≤100
102973742572204,All Info Portal,These ads ran without a disclaimer,≤100
1439281819620732,AAENA Madagascar,AAENA Madagascar,≤100
501402253315190,SavingGanesh.org - ElephantsNow,These ads ran without a disclaimer,≤100
1617753965111540,Oil and Gas World/Oil Sands Strong,These ads ran without a disclaimer,≤100