﻿Page ID,Page name,Disclaimer,Amount spent (USD)
231693652138907,Malden Solar,"NEXTERA ENERGY RESOURCES, LLC",3441
105355871121994,Indiana Unclaimed Property Division,"Office of the Indiana Attorney General, Unclaimed Property Division",1474
85452072376,NEWSMAX,"NEWSMAX MEDIA, INC.",1022
106573835522001,Indiana Student Funding Alliance,HOOSIERS FOR QUALITY EDUCATION INC,877
108524420538011,Hoosiers for Renewables,Hoosiers for Renewables LLC,686
119953292796,Jim Banks,BANKS FOR SENATE,594
6041057841,The Humane Society of the United States,"HUMANE SOCIETY OF THE UNITED STATES, THE",487
284744734876627,Americans for Prosperity - Indiana,AMERICANS FOR PROSPERITY,459
1457455907816634,Erin Houchin,Houchin for Congress,414
385473284886474,Hillsdale College,Hillsdale College,331
18982436812,ACLU,American Civil Liberties Union,328
107828162210962,State Affairs Indiana,STATE AFFAIRS LLC,275
493442877852991,Kevin Woody Rider,Rider for Carmel,246
1374600396108713,Hoosiers for Reliable Energy,"Reliable Energy, Inc.",234
127225910653607,PragerU,PragerU,231
7030901126,Campaign for Tobacco-Free Kids,Campaign for Tobacco-Free Kids,226
1505536366406401,Willis for Westfield,Willis for Westfield,194
92925746942,Judicial Watch,Judicial Watch,181
103941762623895,DeKalb Energy Freedom,DeKalb Energy Freedom,168
112552187080266,Protecting Every Future,American Council of Life Insurers,165
106965415629355,America Strong and Free PAC,America Strong and Free PAC,163
166833599370,USCCA,USCCA,163
164203030438398,Mike Braun,MIKE BRAUN FOR INDIANA,161
201470373308396,BMO US,BMO Harris Bank,156
108547455113940,Our America,Our America,151
570092813023833,Matt Walsh,The Daily Wire,145
7191206138,ASPCA,ASPCA,144
40217893542,AIPAC,AIPAC,142
309308412520731,Sandy Hook Promise,Sandy Hook Promise,136
101495814891610,Funeral Benefits & Services,Heartwork global,131
717339155320936,Better Solutions for Healthcare,Better Solutions for Healthcare,129
6514736316,Walden University,Walden University,128
2353537341582545,Proud Patriots,Proud Patriots,125
304600892905134,Hillsdale College Online Courses,HILLSDALE COLLEGE,116
1547907108783963,The National Forum for Heart Disease & Stroke Prevention,The National Forum for Heart Disease & Stroke Prevention,115
143089732792,Marsha Blackburn,Marsha for Senate,112
106244251043808,America's Plastic Makers,"AMERICAN CHEMISTRY COUNCIL, INC.",111
101304335471385,Eric Doden for Indiana Governor,Doden for Indiana,111
6500552187,Hulu,"HULU, LLC",104
1461100540775171,The Tuttle Twins,LIBERTAS INSTITUTE,≤100
25852730092,Care2,"Care2.com, Inc",≤100
76470053424,TIAA,TEACHERS INSURANCE AND ANNUITY ASSOCIATION OF AMERICA,≤100
100157729104551,Indiana Firearms Coalition,Indiana Firearms Coalition Inc,≤100
132441803783915,Cheryl Musgrave for Mayor,Friends of Musgrave,≤100
103875099042033,DailyWire+,The Daily Wire,≤100
15771560300,Earthjustice,EARTHJUSTICE,≤100
104394262049761,Jeremy's Razors,The Daily Wire,≤100
209516845093,NRDC Action Fund,NRDC Action Fund,≤100
110776702403268,Right to Life Northeast Indiana,ALLEN COUNTY RIGHT TO LIFE,≤100
1435071773455316,Daily Wire,The Daily Wire,≤100
18709174006,National Audubon Society,"NATIONAL AUDUBON SOCIETY, INC.",≤100
49651563727,Live Action,Live Action,≤100
114008535880,Foundation for Individual Rights and Expression,FOUNDATION FOR INDIVIDUAL RIGHTS IN EDUCATION,≤100
1958912674200535,The Pour Over,Pour Over,≤100
104253615152700,America First Legal,America First Legal Foundation,≤100
7192716362,Amnesty International USA,"AMNESTY INTERNATIONAL OF THE U. S. A., INC.",≤100
153874588032568,Faith in Indiana,FAITH IN INDIANA,≤100
113318901345595,Baby Patriots,Proud Patriots,≤100
100712889249331,Health Equity Coalition for Chronic Disease,Health Equity Coalition for Chronic Disease,≤100
100992801635617,Conservative-American.org,Conservative American Strategies,≤100
1493728830847908,Chris Jensen for Noblesville,Jensen for Noblesville,≤100
113891694102,Energy Citizens,AMERICAN PETROLEUM INSTITUTE,≤100
104295601633638,American Cornerstone Institute,American Cornerstone Institute Inc,≤100
1832744013698336,Mahogany Mommies,Mahogany Mommies,≤100
592707041080920,Stand Together,Stand Together Chamber of Commerce Inc.,≤100
2045942335655986,Fort Wayne Metropolitan Human Relations Commission,"City of Fort Wayne, Metropolitan Human Relations Commission",≤100
689547608156721,The Burial Solution,The Burial Solution,≤100
80562389320,NARAL Pro-Choice America,NARAL PRO-CHOICE AMERICA CORP,≤100
102960695956522,Amazing Patriots,Amazing Patriots,≤100
172758932738142,PhRMA,PHARMACEUTICAL RESEARCH AND MANUFACTURERS OF AMERICA,≤100
1316372698453411,Alexandria Ocasio-Cortez,Alexandria Ocasio-Cortez for Congress,≤100
99612358427,American Family Insurance,AMERICAN FAMILY MUTUAL INSURANCE CO. SI,≤100
897994503631860,HealthInsurance.net,ASSURANCE IQ INC,≤100
542678889114683,The Coca-Cola Company,The Coca-Cola Company,≤100
145917588805718,Dr Jordan B Peterson,The Daily Wire,≤100
47710973068,Voices for Cooperative Power,Voices for Cooperative Power,≤100
6266829799,Sherrod Brown,FRIENDS OF SHERROD BROWN,≤100
104977525752112,Freedom of Patriots,Freedom of Patriots,≤100
110682710328209,Safer Communities,Christoph B Blaylock,≤100
203805062990264,Ben Shapiro,The Daily Wire,≤100
479697025386367,Pennsylvania Coalition Against Domestic Violence,PENNSYLVANIA COALITION AGAINST DOMESTIC VIOLENCE,≤100
42002969352,Center on Budget and Policy Priorities,Center on Budget and Policy Priorities,≤100
866779926670025,Citizens for Tobacco Rights,Citizens for Tobacco Rights,≤100
940653386126953,StandingWithYou.org,Standingwithyou.org,≤100
203197030603239,8 Billion Trees,8 Billion Trees LLC,≤100
681626158940626,Mission Roll Call,Americas Warrior Partnership,≤100
40032861193,ACLU of Indiana,INDIANA CIVIL LIBERTIES UNION INC,≤100
7263476274,Mercy Corps,Mercy Corps,≤100
109749408609311,Proud Patriots USA,Proud Patriots USA,≤100
443329669123990,USAFacts,USAFacts Institute,≤100
23875187730,Feeding America,Feeding America,≤100
72931140459,Center for Biological Diversity,"CENTER FOR BIOLOGICAL DIVERSITY, INC.",≤100
110003135240961,Pride of America,Pride of American,≤100
314499212242,Pfizer,Pfizer Inc.,≤100
925007000949719,ExxonMobil,EXXON MOBIL CORPORATION,≤100
342294162453301,Planned Parenthood,Planned Parenthood Federation of America,≤100
21492729544,Catholic Relief Services,CATHOLIC RELIEF SERVICES - UNITED STATES CONFERENCE OF CATHOLIC BISHOPS,≤100
30139072158,CARE,CARE,≤100
161183970656851,Ruben Gallego,GALLEGO FOR ARIZONA,≤100
1593518174052711,Candace Owens,The Daily Wire,≤100
6204742571,Sierra Club,SIERRA CLUB,≤100
114720264544782,Moving Forward,Seniors Today USA,≤100
166618413413767,Jay Sekulow,American Center for Law and Justice,≤100
8492293163,Environmental Defense Fund,Environmental Defense Fund,≤100
83290028957,Care Net,CARE NET,≤100
121268821249550,World Central Kitchen,World Central Kitchen,≤100
269348454714,IMB,"INTERNATIONAL MISSION BOARD OF THE SOUTHERN BAPTIST CONVENTION, THE",≤100
100417168386329,Heal America,Stand Together Chamber of Commerce Inc.,≤100
376776419037747,Turning Point USA,"Turning Point USA, Inc.",≤100
428821014132730,Katie Porter,KATIE PORTER FOR SENATE,≤100
1837364269858572,Marshall County Health Department,Marshall County Health Department,≤100
1600352356914768,PushBlack,PushBlack,≤100
408526523045391,Mammoth Nation,Mammoth Nation,≤100
100758682697459,Mayday Health,"Mayday Medicines, Inc.",≤100
104107788684988,Tom Klingenstein,TomKlingenstein.com,≤100
70874333603,CatholicVote,catholicvote.org,≤100
240937060405,Center for Science in the Public Interest (CSPI),Center for Science in the Public Interest,≤100
745304825534862,Steve Scalise,Team Scalise,≤100
5720973755,Defenders of Wildlife,DEFENDERS OF WILDLIFE,≤100
109320440856128,Together Beat Hate,"Foundation to Combat Anti-Semitism, Inc.",≤100
103375628943529,Adam Frisch,Adam for Colorado,≤100
101391906600,Live Action News,Live Action,≤100
309798029121030,Everytown for Gun Safety,Everytown for Gun Safety Action Fund Inc,≤100
12375354406,USO,United Service Organizations,≤100
406456986070332,Matt Gaetz,Friends of Matt Gaetz,≤100
151894654697,Save Our States,Save Our States,≤100
538742493281745,Mike Ley for Mayor,Mike Ley for Mayor,≤100
110442961603215,Yikes Today,Tomer Barazani,≤100
115379705206001,U.S. Department of Homeland Security Blue Campaign,U.S Department of Homeland Security Blue Campaign,≤100
105821059090461,Working Families for Chicago,Working Families for Chicago,≤100
580610428636345,Fight for $15,Fight for $15,≤100
118271677096,CLIF Bar,CLIF BAR & COMPANY,≤100
216311481960,Bill Gates,Bill Gates,≤100
103531607822207,Noticias para Inmigrantes,"Wise Rock Media, PBC",≤100
100328619530085,Bishop Gold Group,Bishop Gold Group LLC,≤100
354851377936744,BookTV,NATIONAL CABLE SATELLITE CORPORATION,≤100
1977575225902318,Pat Goodwin,Goodwin for Terre Haute,≤100
57774720835,RESOLVE: The National Infertility Association,RESOLVE THE NATIONAL INFERTILITY ASSOCIATION (USED IN VA BY: RESOLVE INCORPORATED),≤100
45393753416,Alliance Defending Freedom,Alliance Defending Freedom,≤100
140357056032320,NEA Today,National Education Association,≤100
108641741851973,Magic Valley Energy,Magic Valley Energy LLC,≤100
104491841664875,Break Free,"Country First Action, Inc.",≤100
7030901126,Campaign for Tobacco-Free Kids,TOBACCO-FREE KIDS ACTION FUND,≤100
103807629149771,Working Forests Initiative,"WORKING FOREST INITIATIVE, INC.",≤100
114710126648118,Republican Dogs,Republican Dogs,≤100
21090771700,Gun Owners of America,Gun Owners of America,≤100
106813352239679,Hands Off My Payments,Payments Protection Coalition,≤100
15239367801,The Wilderness Society,"WILDERNESS SOCIETY, THE",≤100
38235851310,USA for UNHCR,UNITED STATES ASSOCIATION FOR UNHCR,≤100
109092142462587,Adam Schiff,SCHIFF FOR SENATE,≤100
103565195134756,America First Policy Institute,America First Policy Institute,≤100
186805048171120,U.S. LawShield,U.S. LawShield,≤100
25121889784,Texas Public Policy Foundation,Texas Public Policy Foundation,≤100
317284821682168,Messianic Jewish Alliance of America (MJAA),Messianic Jewish Alliance of America,≤100
7357041101,Tammy Baldwin,TAMMY BALDWIN FOR SENATE,≤100
103695769458,United States Mint,United States Mint,≤100
2245766435469741,Beersy,Beersy LLC,≤100
606828483108996,Deb Whitfield for Lawrence Mayor,Deb Whitfield for Lawrence,≤100
137764189586887,Chicago Teachers Union,Chicago Teachers Union,≤100
7735858972,Humane Society Legislative Fund,Humane Society Legislative Fund,≤100
153278754738777,Climate Reality,The Climate Reality Project,≤100
49059279814,Institute for Justice,INSTITUTE FOR JUSTICE,≤100
154561574598964,White Coat Waste Project,THE WHITE COAT WASTE PROJECT INC,≤100
907931509251615,Governor Larry Hogan,An America United,≤100
125769584126996,Yael Eckstein,"INTERNATIONAL FELLOWSHIP OF CHRISTIANS & JEWS, INC.",≤100
546066468753446,Black Health Matters,BLACK HEALTH MATTERS FOUNDATION INC,≤100
786167111464006,Woodson Center,The Woodson Center,≤100
11791104453,NRDC,Natural Resources Defense Council,≤100
17203056985,Partners In Health,Partners In Health,≤100
13885075114,Action Against Hunger USA,ACTION AGAINST HUNGER - USA,≤100
108268161352786,Stanley M. Herzog Foundation,Herzog Foundation,≤100
8047221596,Save the Children US,SAVE THE CHILDREN FEDERATION INC.,≤100
101903508281567,The Dude's Threads,The Dude's Threads,≤100
201956993160690,MRCTV,MEDIA RESEARCH CENTER,≤100
19746387261,Humane Society International,Humane Society International,≤100
127637620616803,Comcast Newsmakers,Comcast,≤100
18079407397,CPAC,AMERICAN CONSERVATIVE UNION,≤100
94595460445,Personal PAC,PERSONAL PAC INC,≤100
134452023239984,Human Coalition,Human Coalition,≤100
318196171580489,Ron DeSantis,Friends of Ron DeSantis,≤100
138290759549138,"Hope Clinic for Women in Granite City, Illinois",Hope Clinic for Women,≤100
109521013225,Nikki Haley,Nikki Haley for President,≤100
7292655492,MoveOn,MOVEON.ORG POLITICAL ACTION,≤100
11465191261,JPMorgan Chase & Co.,These ads ran without a disclaimer,≤100
6240652407,Young America's Foundation,Young America's Foundation Inc,≤100
51379424899,Mercy Ships,MERCY SHIPS INTERNATIONAL,≤100
159658557547960,Wall Street Journal Opinion,The Wall Street Journal,≤100
1201574069988840,NoFilter with Ana Kasparian,"The Young Turks, Inc.",≤100
100403528653081,Punchbowl News,Punchbowl News,≤100
82609311925,GreenLatinos,GREENLATINOS,≤100
180781279292799,Daniel La Spata for the 1st Ward,Neighbors for Daniel La Spata,≤100
983629811723932,Home Title Lock,Home Title Lock,≤100
8936818385,Accuracy in Media,Flo Communications,≤100
160630887998827,Let Them Live,Oliver Harrison  Berning,≤100
8325302025,Friends of the Earth U.S.,Friends of the Earth,≤100
7292655492,MoveOn,MOVEON.ORG CIVIC ACTION,≤100
10498053716,Media Research Center,MEDIA RESEARCH CENTER,≤100
110094361992731,Greg Davis for City Council,Gregory Davis,≤100
219612384781411,Bloomberg Philanthropies,Bloomberg Philanthropies,≤100
102748688472759,Parents Defending Education,Parents Defending Education,≤100
2254455051442790,Flag and Cross,Flag & Cross,≤100
583258211727279,Shai Fund,SHAI FUND INC,≤100
101626535691142,Tina Blum Cohen for U.S. House of Representatives Texas District 7,TINA BLUM COHEN FOR US HOUSE OF REPRESENTATIVES TEXAS DISTRICT 7,≤100
106058025408954,Do No Harm Medicine,Do No Harm,≤100
1476342155924546,Big Rig Threads,Big Rig T-Shirts and Decals LLC,≤100
51405613519,Focus on the Family,Focus on the Family,≤100
100295932715908,Morrell For Mayor,Morrell For Mayor,≤100
102769134675149,Evergreen Action,Evergreen Collaborative,≤100
111380958315889,Secure Financial Future,INVESTMENT COMPANY INSTITUTE,≤100
142432192446984,David Horowitz Freedom Center,David Horowitz Freedom Center,≤100
158337134192979,Career Education Colleges and Universities,Career Education Colleges and Universities,≤100
290548664672,First Liberty,First Liberty Institute,≤100
169687486427698,Jentezen Franklin,FREE CHAPEL WORSHIP CENTER,≤100
12301006942,Democratic Party,DNC SERVICES CORP./DEM. NAT'L COMMITTEE,≤100
27544763621,Prison Fellowship,Prison Fellowship,≤100
1210977178970524,Alderman Roberto Maldonado,Citizens for Maldonado,≤100
82223469060,ACN - Aid to the Church in Need,"AID TO THE CHURCH IN NEED, INC.",≤100
216311481960,Bill Gates,These ads ran without a disclaimer,≤100
1686656858213989,Blake N. Dahl ∴ Attorney at Law,Law Office of Burt & Dahl,≤100
69983322463,Ted Cruz,TED CRUZ FOR SENATE,≤100
101319825565305,Lacayo Group Inc,LACAYO GROUP INC,≤100
201446296572389,Compassion in World Farming (USA),Compassion in World Farming Inc,≤100
102944619008819,1 Million Strong,Stand Together Chamber of Commerce Inc.,≤100
100388126216021,The Red Onlooker,Gregory Lawrence Burright,≤100
197760674021143,Indivisible Guide,Indivisible Project,≤100
7860876103,Joe Biden,DNC SERVICES CORP./DEM. NAT'L COMMITTEE,≤100
542968069983885,HappeningNow,HappeningNow America,≤100
40217893542,AIPAC,American Israel Public Affairs Committee,≤100
471928596287830,Brian Mast,Mast for Congress,≤100
7219151423,The Fund for American Studies (TFAS),FUND FOR AMERICAN STUDIES,≤100
102413723172970,Nick Adams,Nick Adams,≤100
50822254585,Mountain States Legal Foundation,Mountain States Legal Foundation,≤100
6502038524,First Book,FIRST BOOK,≤100
657708380952174,Voices of the Civil Rights Movement,Comcast,≤100
292351509697,Jerusalem Prayer Team,Jerusalem Prayer Team,≤100
6316744206,Jon Tester,MONTANANS FOR TESTER,≤100
118626774835274,Medicare Made Clear,Medicare Made Clear from United Healthcare,≤100
102592959026,Ocean Conservancy,"OCEAN CONSERVANCY, INC.",≤100
126893748252841,American Firearms Association,American Firearms Coalition,≤100
106563958759988,Semafor,Semafor Inc.,≤100
108512875350,The Atlas Society,The Objectivist Center Ltd,≤100
160389977329803,ATTN:,ATTN: INC.,≤100
23790541544,Democrats,DCCC,≤100
96935476345,Democratic Governors Association (DGA),"Democratic Action, democraticgovernors.org, not authorized by any candidate or candidate's committee.",≤100
342887442508723,Convention of States,Convention of States Action,≤100
945455208962159,For Everyone Collective,For Everyone Collective,≤100
57259033959,AARP,AARP,≤100
164966660351345,Hope Outfitters,Hope Outfitters,≤100
30914589895,The International Fellowship of Christians and Jews,"INTERNATIONAL FELLOWSHIP OF CHRISTIANS & JEWS, INC.",≤100
182723117043,Chicago Council on Global Affairs,CHICAGO COUNCIL ON GLOBAL AFFAI,≤100
118283728182293,SEIU Healthcare IL & IN,SEIU Healthcare Illinois Indiana PAC,≤100
16477459734,League of Conservation Voters,"LEAGUE OF CONSERVATION VOTERS, INC",≤100
93228695778,Tea Party Patriots,Tea Party Patriots,≤100
30079936984,CWS,"CHURCH WORLD SERVICE, INC.",≤100
110900593579375,ShipHappens: A zero barrier access point to Naloxone,Antonia F Sawyer,≤100
167436749970543,Right to Life of Southwest Indiana,Right to Life of Southwest Indiana,≤100
367292494407,AJC - American Jewish Committee,AMERICAN JEWISH COMMITTEE,≤100
507070522767934,AACR Foundation,"AMERICAN ASSOCIATION FOR CANCER RESEARCH, INC.",≤100
107764430968176,Tuttle Twins TV Show,"Tuttle Twins Show, LLC",≤100
1590877284560136,Patti Harris,Bloomberg Philanthropies,≤100
96491683438,"The Friends of Israel Gospel Ministry, Inc.","FRIENDS OF ISRAEL GOSPEL MINISTRY, INC, THE",≤100
372577693078008,"Saenz-Garcia Law, PLLC","Saenz-Garcia Law, PLLC",≤100
282728185140429,Rep For Vets,The Rep For Vets,≤100
245741028804051,Barbara Sinatra Center,Barbara Sinatra Children's Center,≤100
478022368897483,The Ocean Cleanup,The Ocean Cleanup with Facebook Ad Credits,≤100
408250066356,Bill O'Reilly,"Bill Me, Inc.",≤100
602074469965571,Plan C,NATIONAL WOMENS HEALTH NETWORK,≤100
315528175667844,Women2Women,Women2Women Conversations Tour,≤100
2077195692595888,Treva Hodges,Friends of Treva Hodges,≤100
113989378253451,Seguro Barato,THE BURIAL SOLUTION,≤100
21375324480,The Heritage Foundation,HERITAGE FOUNDATION (THE),≤100
20787991568,Senate Democrats,DSCC,≤100
284293125336159,Regulatory Transparency Project,FEDERALIST SOCIETY FOR LAW & PUBLIC POLICY STUDIES,≤100
407902639235640,JNS.org,Jewish News Syndicate,≤100
188627788423714,The Scoop Politics,The Scoop Media Inc.,≤100
107061675201855,Homegrown Energy Indiana,Invenergy,≤100
395387250536986,Janet for Justice,JANET FOR JUSTICE,≤100
458142697588014,AARP Public Policy Institute,AARP,≤100
109819009036381,The New York Sun,NEW YORK SUN COMPANY LLC,≤100
100158359550646,The 907 Initiative,907 initiative,≤100
6756153498,Mike Bloomberg,Bloomberg Philanthropies,≤100
63489887485,4-H,NATIONAL 4-H COUNCIL,≤100
115155798130090,Sandberg for Mayor,Susan Sandberg for Mayor,≤100
29717379728,International Justice Mission,International Justice Mission,≤100
197760674021143,Indivisible Guide,INDIVISIBLE ACTION,≤100
108620667163768,For Our Future,Resource Media,≤100
56332452163,AMA Patients Action Network,American Medical Association,≤100
77278490877,National Corn Growers Association,National Corn Growers Association,≤100
60182072999,Lila Rose,Live Action,≤100
179513292162226,American History TV,NATIONAL CABLE SATELLITE CORPORATION,≤100
153446658100252,Lumina Foundation,Lumina Foundation,≤100
557051651115624,Stidham Financial Services,Stidham Financial Services,≤100
108309218562440,Andy Nielsen for Indianapolis City-County Council District 14,Committee to Elect Andy Nielsen,≤100
121626482110,Operation Smile,OPERATION SMILE,≤100
417522508294454,Job Creators Network,Job Creators Network,≤100
74783093812,Just Vision,JUST VISION INC,≤100
1534290989956166,Philanthropy Roundtable,"PHILANTHROPY ROUNDTABLE, THE",≤100
50982313030,Food & Water Watch,Food & Water Watch,≤100
97466887664,Innocence Project,"INNOCENCE PROJECT, INC., THE",≤100
173470656019870,The Daily Yonder,CENTER FOR RURAL STRATEGIES,≤100
5435784683,Greenpeace USA,"GREENPEACE, INC.",≤100
2321993584737314,The Markin Report,The Markin Report,≤100
314121315788033,Stand with Parkland,Stand With Parkland,≤100
112735922758892,Charlie Kirk,"Turning Point USA, Inc.",≤100
8524198486,Physicians Committee for Responsible Medicine,"PHYSICIANS COMMITTEE FOR RESPONSIBLE MEDICINE, INC.",≤100
105120815642998,Partnership to Address Global Emissions,PARTNERSHIP TO ADDRESS GLOBAL EMISSIONS INC,≤100
145973965440671,Carnegie Corporation of New York,CARNEGIE CORPORATION OF NEW YORK,≤100
106333152164020,United24 Media,United24,≤100
19420215926,CNSNews.com,MEDIA RESEARCH CENTER,≤100
126305280752104,Slavic Gospel Association,SLAVIC GOSPEL ASSOCIATION,≤100
431019887282794,Tomorrow's World Today,Flying Cork,≤100
101041998305221,The Proud Republicans,Tomer Barazani,≤100
7145381235,American Jewish World Service - AJWS,"AMERICAN JEWISH WORLD SERVICE, INC.",≤100
1869687273277265,Run for Something,Run For Something PAC,≤100
38882699096,Polaris,POLARIS PROJECT,≤100
299016790922,Bobby Eberle,Bobby Eberle,≤100
106786651418592,State Affairs Georgia,STATE AFFAIRS LLC,≤100
9364828262,Citizens Against Government Waste,CITIZENS AGAINST GOVERNMENT WASTE,≤100
745910525468062,National Center on Sexual Exploitation,National Center on Sexual Exploitation,≤100
39910576365,National Alliance for Public Charter Schools,NATIONAL ALLIANCE FOR PUBLIC CHARTER SCHOOLS,≤100
101704558574021,Lucas Kunce,Lucas Kunce for Missouri,≤100
108615842526079,The Ronald Reagan Presidential Foundation and Institute,The Ronald Reagan Presidential Foundation and Institute,≤100
16991655875,Stand Up To Cancer,These ads ran without a disclaimer,≤100
102420431749179,Raging Americans,Tomer Barazani,≤100
20876805343,March of Dimes,MARCH OF DIMES INC.,≤100
110901241505143,John Darge,John Andrew Darge,≤100
243184199040637,Caring Across Generations,Caring Across Generations,≤100
116983487942979,Cahill for City-County Council,Cahill for City-County Council,≤100
10606591490,TIME,TIME USA LLC,≤100
108266445888054,Patriot Academy,TORCH OF FREEDOM FOUNDATION,≤100
378084314984,Trane Technologies,Trane Technologies,≤100
1338822066131069,Women's March,Women's March,≤100
1679521432262834,Physicians Grassroots Network,American Medical Association,≤100
72092591211,FBI – Federal Bureau of Investigation,Federal Bureau of Investigation,≤100
104908071917505,Welcome.us,Welcome.us,≤100
108179361951729,Republican Patriots,Tomer Barazani,≤100
107750385566561,Anthony Dinkel for Terre Haute City Council,Committee to Elect Anthony Dinkel,≤100
83865976093,Truthout,TRUTHOUT,≤100
104000815284407,Iglesia que Sufre ACN - US,"AID TO THE CHURCH IN NEED, INC.",≤100
210277954204,The Young Turks,"The Young Turks, Inc.",≤100
19342050934,Leadership Institute,LEADERSHIP INSTITUTE INC,≤100
271453369908901,FLAG  - Foundation for Liberty and American Greatness,Tomer Barazani,≤100
101090559295696,TPUSA Faith,TURNING POINT USA NFP,≤100
125179374733697,Big News Buzz,Resource Media,≤100
95125689939,American Committee for the Weizmann Institute of Science,"AMERICAN COMMITTEE FOR THE WEIZMANN INSTITUTE OF SCIENCE, INC.",≤100
102579389208198,Country First Academy,Keep Country First Policy Action,≤100
102615481493582,CIRCA,These ads ran without a disclaimer,≤100
124506846628,Agape International Missions,AGAPE INTERNATIONAL MISSIONS,≤100
1898234727131235,Reel America,BizPac Review,≤100
101806635900663,Powering America: Northwest Indiana,Powering America Northwest Indiana,≤100
104979848524405,Starts With Us,Lubetzky Family Foundation,≤100
859142114232628,CARE - Californians for Affordable & Reliable Energy,Californians for Affordable and Reliable Energy,≤100
1443127535947107,Save the Children Action Network,Save the Children Action Network,≤100
101069505589,American Association of Pro Life OB/GYNS,AAPLOG,≤100
36474716066,Color Of Change,ColorofChange.org,≤100
780941275347834,Ilhan Omar,ILHAN FOR CONGRESS,≤100
1613516851999536,Sunrise Movement,Sunrise,≤100
397207347056799,Voices for Healthy Kids,AMERICAN HEART ASSOCIATION INC,≤100
7515233409,"Mikey Weinstein, MRFF",MILITARY RELIGIOUS FREEDOM FOUNDATION,≤100
46347342434,EMILY's List,EMILY'S LIST,≤100
58043814556,Oklahoma City Memorial Marathon,Oklahoma City Memorial Marathon,≤100
176099663659,Armed Services YMCA,ARMED SERVICES YMCA OF THE USA,≤100
645392368909975,carafem,carafem,≤100
109118211910879,Mr. 45,Green Straw LLC,≤100
1382441768496365,Pentair,PENTAIR,≤100
7606381190,Amy Klobuchar,KLOBUCHAR FOR MINNESOTA,≤100
129240690441636,The Legal Defense Fund,"N. A. A. C. P. LEGAL DEFENSE AND EDUCATIONAL FUND, INC.",≤100
36872302227,Cory Booker,CORY BOOKER FOR SENATE,≤100
770630746339678,Huddlestun for Hobart,Huddlestun for Hobart,≤100
345378512258813,Elise Stefanik,ELISE FOR CONGRESS,≤100
355783211719644,Veteran Caregivers of America,"Veteran Caregivers, LLC",≤100
19437978960,Chris Murphy,FRIENDS OF CHRIS MURPHY,≤100
100516335998181,Locomotive Solar,Locomotive Solar,≤100
222539451627775,The Graceful Goose,The Graceful Goose,≤100
129255907131113,NumbersUSA,NUMBERSUSA EDUCATION AND RESEARCH FOUNDATION,≤100
380884168648080,Population Research Institute,POPULATION RESEARCH INSTITUTE,≤100
8550121410,Free Speech America Project,MEDIA RESEARCH CENTER,≤100
34362997676,United States Holocaust Memorial Museum,UNITED STATES HOLOCAUST MEMORIAL MUSEUM,≤100
608578919186659,World Vision International,WORLD VISION INTERNATIONAL,≤100
116139428050914,The Retort Report,Todd James Peterson,≤100
104178789124636,Assured Health Insurance,Assured Health Insurance,≤100
343714718985673,Think Wood,Think Wood,≤100
360830993995439,"City of Nappanee, IN","City of Nappanee, IN",≤100
68634638883,The Salvation Army Great Lakes Division,The Salvation Army Eastern Michigan Division,≤100
102421369434228,Goose's News Daily,Justin Gustafson,≤100
92021268117,Working America,Working America,≤100
830162603716633,Andy Beshear,Andy Beshear for Governor,≤100
87186661244,Johns Hopkins Bloomberg School of Public Health,Johns Hopkins Bloomberg School of Public Health,≤100
349800859019034,The 19th News,The 19th,≤100
150984828444765,Chris McDaniel for Lt. Governor,Committee to Elect Chris McDaniel,≤100
102089412666187,Jessie Fuentes for 26th Ward,Friends of Jessie Fuentes,≤100
71324717432,National Association of Scholars,NATIONAL ASSOCIATION OF SCHOLARS,≤100
817567028361575,The Halcyon Movement,The halcyon movement,≤100
267180743723148,National Geographic Society,National Geographic Society,≤100
43426724597,Paper Culture,Paper Culture LLC,≤100
102176712079037,Daily Floridian,Daily Floridian,≤100
109352563640,Water.org,WATER.ORG INC.,≤100
60261764250,Childhelp,"CHILDHELP, INC.",≤100
42940254353,Human Rights Watch,"HUMAN RIGHTS WATCH, INC.",≤100
105173311888160,Star and Bar,Star and Bar,≤100
256367537714120,Rethink Church,United Methodist Communications,≤100
75774105475,Knights of Columbus,Knights of Columbus,≤100
1470540296409810,Fair Fight Action,FAIR FIGHT,≤100
15503839732,Peter G. Peterson Foundation,Peter G. Peterson Foundation,≤100
19972147679,SEIU,SEIU COPE (SERVICE EMPLOYEES INTERNATIONAL UNION COMMITTEE ON POLITICAL EDUCATION),≤100
130945114804,World Jewish Congress,WORLD JEWISH CONGRESS AMERICAN SECTION INC,≤100
61492859575,Americares,"Americares Foundation, Inc.",≤100
400851746967779,Nicole Malliotakis,NICOLE FOR NEW YORK,≤100
5644748986,National Wildlife Federation,NATIONAL WILDLIFE FEDERATION,≤100
297987334762,Jamie Raskin,Jamie Raskin for Congress,≤100
5943727453,American Humane,American Humane,≤100
152552653066,"Greater Martinsville Chamber of Commerce - Martinsville, IN",GREATER MARTINSVILLE CHAMBER OF COMMERCE,≤100
118372414848063,UN Women USA,UN Women USA,≤100
100298938781,Robert Wood Johnson Foundation,THE ROBERT WOOD JOHNSON FOUNDATION,≤100
505653766599222,America First with Dr. Sebastian Gorka,Salem Media,≤100
1731084720451495,Saprea,The Younique Foundation,≤100
29423827874,Proclaiming Justice to the Nations,PROCLAIMING JUSTICE TO THE NATIONS INC,≤100
107454490912636,Jewish Future Pledge,Jewish Future Pledge Inc,≤100
226999127329906,New York Immigration Lawyer,Law Office of Alena Shautsova,≤100
102027764795677,American Wire,BizPac Review,≤100
299295363912730,New Politics Leadership Academy,New Politics Leadership Academy,≤100
508887815910815,BPR,BizPac Review,≤100
182620315479,Plan International USA,Plan International USA,≤100
250485248333218,Clean Air Task Force,CLEAN AIR TASK FORCE,≤100
8501031021,VoteVets.org,VOTEVETS,≤100
9538894955,John F. Kennedy Presidential Library and Museum,"John Fitzgerald Kennedy Library Foundation, Inc.",≤100
191199947570555,Michigan AFL-CIO,Michigan AFL-CIO,≤100
100659542766814,Johnny Stimley for Mayor,Johnny  Alfred Stimley,≤100
524399207959953,Truth & Liberty Coalition,Truth & Liberty Coalition,≤100
1316372698453411,Alexandria Ocasio-Cortez,THE SQUAD VICTORY FUND,≤100
1632814840319802,John Fetterman,Fetterman for PA,≤100
9324910069,NRSC,NRSC,≤100
95483488591,Democratic Party of Wisconsin,DEMOCRATIC PARTY OF WISCONSIN,≤100
22234040933,United Nations Foundation,United Nations Foundation,≤100
6787988478,Physicians for Human Rights,"PHYSICIANS FOR HUMAN RIGHTS, INC.",≤100
205517185023,Chinese American Service League,Chinese American Service League,≤100
417709355647,The Lynde and Harry Bradley Foundation,"LYNDE AND HARRY BRADLEY FOUNDATION, INC., THE",≤100
259351004139042,Ashbrook Center,Ashbrook Center,≤100
21472760578,C-SPAN,C-SPAN,≤100
337038226473839,Trish Regan,"SALEM MEDIA GROUP, INC.",≤100
101224002310757,Seven Weeks Coffee,Seven Weeks Coffee,≤100
203294399456,Public Interest Registry,Public Interest Registry,≤100
114765400352270,Kite & Key Media,VMTS EDUCATION INC,≤100
21242962092,ClientEarth,CLIENTEARTH USA INC,≤100
13867925345,Equality Florida,Equality Florida,≤100
100500465282483,Breaking Battlegrounds,September Group LLC,≤100
302111635698,National Association of Tax Professionals (NATP),National Association of Tax Professionals,≤100
255486647814076,Penguin Kids,Penguin Random House,≤100
63240625785,National Immigration Forum,NATIONAL IMMIGRATION FORUM,≤100
8895898655,Rainforest Alliance,"RAINFOREST ALLIANCE, INC.",≤100
50513265848,Citizens United,Citizens United,≤100
700941689954518,Defend Our Future,Defend Our Future,≤100
152264148166020,Moms Clean Air Force,Moms Clean Air Force,≤100
190198574334684,FHE Health,THE FLORIDA HOUSE EXPERIENCE M,≤100
35169196082,Project HOPE,"PROJECT HOPE-THE PEOPLE-TO-PEOPLE HEALTH FOUNDATION, INC.",≤100
102044622753692,American Potential Podcast,AMERICANS FOR PROSPERITY,≤100
105753898811449,Align Us,Align Us,≤100
464998390249008,The Independence Fund,"INDEPENDENCE FUND, INC, THE",≤100
97279934919,bp America,BP CORPORATION NORTH AMERICA INC.,≤100
65345481263,The Center for Women and Families,The Center for Women and Families,≤100
101189759411333,Hanwha Sustainability,These ads ran without a disclaimer,≤100
673667436317733,Texas Consumer Association,Texas Consumer Association,≤100
169042736456594,All Out,All Out Action Fund.,≤100
131306317680000,Social Goods,"Social Goods, LLC",≤100
497348647140658,Point Source Youth,Point Source Youth,≤100
112735922758892,Charlie Kirk,Salem Media Group,≤100
8321461609,MomsRising.org,MomsRising Together,≤100
113341457791145,Voices for Healthy Green Spaces,Voices for Healthy Green Spaces,≤100
108180998440229,Save Democracy AZ,Save Democracy Inc.,≤100
48994809349,Ms. Foundation for Women,MS FOUNDATION FOR WOMEN INC,≤100
936968016365794,The Eric Metaxas Radio Show,Salem Media,≤100
162244692732,Brennan Center for Justice at NYU Law,"WILLIAM J. BRENNAN CENTER FOR JUSTICE, INC.",≤100
12503116997,Dennis Prager,Salem Media,≤100
300341323465160,The Daily Signal,HERITAGE FOUNDATION (THE),≤100
118020501849,Citizens Action Coalition,CITIZENS ACTION COALITION,≤100
224684514243482,Tom Cotton,"COTTON FOR SENATE, INC.",≤100
89336510798,American Friends of the Hebrew University,American Friends of Hebrew University,≤100
103561212644785,Ambria for Alderman,Ambria for Alderman,≤100
101761126009518,Patriotic Army,Tomer Barazani,≤100
95135221781,Federal News Network,Hubbard Radio DC,≤100
100303055971758,Half Price Books Workers United,United Food and Commercial Workers International Union,≤100
312657362217994,Women's Heart Alliance,Women's Heart Alliance,≤100
100684991996307,November Coalition,NOVEMBER COALITION,≤100
111699952187442,St. Luke's United Methodist Church,St. Luke's United Methodist Church,≤100
101762312289025,DAN for Seymour,Dan for Seymour,≤100
103181722673178,Elect John T. VanDenburgh to Chesterton Town Council,Olivia Vandenburgh,≤100
109599248636777,Consumer Credit Card Protection Coalition,CONSUMER CREDIT CARD PROTECTION COALITION,≤100
102142101657930,OurFight.online,Our Fight Inc,≤100
100700519593180,"Buck Nasty Media. Sports, culture, politics, and the Nasty Truth",Robert Mattox,≤100
111495005590988,Pattern,Pattern Energy,≤100
167586229923327,World Food Program USA,World Food Program USA,≤100
107014711872980,TUSK,"Virtual World Computing, LLC",≤100
142957224352,International Medical Corps,International Medical Corps,≤100
116853658346802,Evangelical Environmental Network,EVANGELICAL ENVIRONMENTAL NETWORK,≤100
85252863415,National Latina Institute for Reproductive Justice,NATIONAL LATINA INSTITUTE FOR REPRODUCTIVE HEALTH,≤100
700806360047982,CFG Action,Club for Growth Action,≤100
102486559194712,Private Equity Stakeholder Project,Climate Nexus - Rockefeller Philanthropy Advisors Sponsored Project,≤100
111306298500421,Julie Hartman,Salem Media Group,≤100
1521463681450292,IL CleanJobs,Illinois Clean Jobs Coalition,≤100
20959731389,Greater Chicago Food Depository,Greater Chicago Food Depository,≤100
110480728196620,Small Business Digital Alliance,Small Business Digital Alliance,≤100
70795936969,Children International,CHILDREN INTERNATIONAL,≤100
7962229886,Environmental Working Group,ENVIRONMENTAL WORKING GROUP,≤100
104614641200137,MeidasTouch,MEIDASTOUCH,≤100
104092062075803,PBC Jolt,"Jolt Media, Inc.",≤100
103001002005081,PublicSq,PublicSq.,≤100
105348224679358,The Don't Unfriend Me Show,DONT UNFRIEND ME,≤100
298442338588,Julian Jumpin Perez,FRIENDS OF JULIAN INC,≤100
1581066988819381,Alums for Campus Fairness,Alums for Campus Fairness,≤100
104377518078467,More Perfect Union,MORE PERFECT UNION FOUNDATION,≤100
107766235181961,The Nunn Report,The Nunn Report,≤100
625717610882456,Willie Wilson,WILLIE WILSON FOR MAYOR,≤100
112114435501106,Hugh Hewitt,Salem Media,≤100
487569614682924,CAPP USA,Yellow Line Productions LLC,≤100
262680017949612,Quincy Institute for Responsible Statecraft,Quincy Institute,≤100
101691358819949,John K. Amanchukwu Sr.,"John Amanchukwu, Sr.",≤100
8002590959,Rainforest Action Network - RAN,RAINFOREST ACTION NETWORK,≤100
228132537208218,Tammy Duckworth,TAMMY FOR ILLINOIS,≤100
101400032438085,The A-Mark Foundation,A MARK FOUNDATION,≤100
100522916278232,Elect Erin Collins for Chesterton Town Council,Committee to Elect Erin Collins,≤100
10234472029,Council on Foreign Relations,Council on Foreign Relations,≤100
589658204411894,Office of South Carolina Treasurer Curtis Loftis,Future Scholar. Administered by State Treasurer Curtis Loftis. Not paid for with state funds.,≤100
18017481462,Acton Institute,Acton Institute,≤100
84112077638,Greater Good Charities,GREATERGOOD.ORG,≤100
83854481790,One Love Global,ONE LOVE GLOBAL,≤100
104694525770551,PolicyTune,PolicyTune,≤100
2602473023098666,Democratic Polling Center,Democratic Governors Association,≤100
105652832443066,Carbon Titans,CARBON TITANS LLC,≤100
105599502191866,Florida Jolt,"Jolt Media, Inc.",≤100
181924628560212,Ekō,Ekō,≤100
58158120046,ACLJ,American Center for Law and Justice,≤100
100314172867011,American Memorial,Heartwork global,≤100
234142976633158,Wake Up World & Smell the Coffee,Edith Dume Lerner,≤100
310925405807,Citizens Climate Lobby,Citizens' Climate Lobby,≤100
143173285763,Tenth Amendment Center,Tenth Amendment Center,≤100
168109446538119,St. Martin's Press,Macmillan Publishing,≤100
108970206976,World Vision USA,These ads ran without a disclaimer,≤100
111464544881905,America First News,Tomer Barazani,≤100
132066233534659,Healthcare Education Project,Healthcare Education Project,≤100
17414523278,Democracy Now!,DEMOCRACY NOW,≤100
206238602739505,Taxpayers Protection Alliance,Taxpayers Protection Alliance,≤100
93565224474,Mercy For Animals,MERCY FOR ANIMALS,≤100
105561217523274,The Dispatch,"Dispatch Media, Inc.",≤100
999556810102061,Signature Seas,Signature Seas,≤100
103328515934791,Take Back 2024,The Blue State Conservative,≤100
154930410085,"Zion Oil and Gas, Inc.","Zion OIl & Gas, Inc.",≤100
102784342640570,Better Nation Guide,Hot Review Products,≤100
2070944712939738,American Police Officers Alliance,American Police Officers Alliance,≤100
149745555082419,Pioneer Institute for Public Policy Research,"Pioneer Institute, Inc.",≤100
78420171887,Sailors for the Sea,OCEANA INC,≤100
291102898490822,Conservative Comedy Store,Conservative Comedy Store,≤100
41093998634,The Christian Post,The Christian Post,≤100
18983389920,Open Society Foundations,Open Society Foundations,≤100
114301413446447,The Climate Initiative,Kennebunkport Climate Initiative,≤100
210357995667559,The National Memo,The National Memo,≤100
107304825234918,We Thrive Live,These ads ran without a disclaimer,≤100
250852758452201,Becca Balint for Congress,Becca for Vermont,≤100
300992409852,Hoover Institution,Hoover Institution,≤100
38924681853,Antarctic and Southern Ocean Coalition,"ANTARCTIC SOUTHERN OCEAN COALITION, THE",≤100
192609620649,The University of Chicago,The University of Chicago,≤100
702582586516561,CBN Israel,These ads ran without a disclaimer,≤100
312208869424760,Field Team 6,Field Team 6,≤100
116983848450009,Discovery Institute,DISCOVERY INSTITUTE,≤100
121134828035788,Golden Gate Sports,These ads ran without a disclaimer,≤100
118283728182293,SEIU Healthcare IL & IN,SEIU Healthcare Illinois & Indiana,≤100
148731991811588,Baird,Robert W. Baird & Co. Incorporated,≤100
158505287559920,Save the Storks,Save the Storks,≤100
251734676525,Kevin Cramer,CRAMER FOR SENATE,≤100
139034619493222,CUNY Citizenship Now,CUNY Citizenship Now!,≤100
142932506806,Texas Alliance for Life,"Texas Alliance for Life, Inc.",≤100
116128215081925,ADL Education,ANTI-DEFAMATION LEAGUE,≤100
205795426669644,Facts and Logic about the Middle East,Facts and Logic About the Middle East,≤100
331037760381749,Sierra Magazine,SIERRA CLUB,≤100
163684173651518,SEIU Local 2015,SEIU LOCAL 2015,≤100
100692068471118,Explain America,Apse Media LLC,≤100
494259170754224,Keeping IDentities Safe,KEEPING IDENTITIES SAFE,≤100
100977456222370,chris_affiliate_marketing,These ads ran without a disclaimer,≤100
322870825821,Macmillan Audio,Macmillan Holdings,≤100
108503659576,National Coalition for Public School Options,National Coalition for Public School Options,≤100
104470808993524,Royko For Chicago,Royko For Chicago,≤100
428330877769054,Ask Anything,Ask Anything,≤100
169710960125365,Curzio Research,Curzio Research,≤100
138354569532939,"Tradition, Family, Property - TFP","American Society for the Defense of Tradition, Family and Property",≤100
100652402259075,The Intersect,Accelerate Change Inc,≤100
125937197447634,ACTA - American Council of Trustees and Alumni,AMERICAN COUNCIL OF TRUSTEES AND ALUMNI,≤100
1498434403513472,IPS Community Coalition,James Joseph Scheurich,≤100
49275915266,MSI Reproductive Choices,MSI-US,≤100
102204903345,The Vilcek Foundation,"VILCEK FOUNDATION, INC., THE",≤100
225244284245133,Chicago Votes,Chicago Votes Action Fund,≤100
102328676125063,Affordable Care Hub,These ads ran without a disclaimer,≤100
106300061200130,Assange Defense,People Power Initiatives,≤100
138276702894458,Right On Crime,Texas Public Policy Foundation,≤100
6333396177,NewsBusters.org,MEDIA RESEARCH CENTER,≤100
100562019990818,U.S. Term Limits,U.S. Term Limits Inc.,≤100
152759126824,Enbridge,Enbridge Inc.,≤100
133937690180,Student Conservation Association,Student Conservation Association,≤100
105861441295494,97Percent,97PERCENT ORG INC,≤100
101103254533,SOS International,SOS International,≤100
160630887998827,Let Them Live,Let Them Live,≤100
84645912778,Prosperity Now,PROSPERITY NOW,≤100
110316380149,Family Policy Alliance,Family Policy Alliance,≤100
971668776283950,PolicyEd,Hoover Institution,≤100
658879504288370,Choose Life Marketing,Choose Life Marketing,≤100
123778085411,American Society of Radiologic Technologists,ASRT,≤100
989746657728543,Dell Technologies,These ads ran without a disclaimer,≤100
60865633726,Love Justice International,TINY HANDS INTERNATIONAL,≤100
130130503698358,Eastern European Mission,EASTERN EUROPEAN MISSION,≤100
170169493012341,The Fund for Global Human Rights,FUND FOR GLOBAL HUMAN RIGHTS,≤100
16534314739,Facing History and Ourselves,"FACING HISTORY AND OURSELVES NATIONAL FOUNDATION, INC.",≤100
1552383398339227,"Matt Nicholson Mayor Seymour, Indiana","Matt Nicholson Mayor Seymour, Indiana",≤100
875653915822271,Dream.Org,Dream.Org,≤100
107152002240318,Bettergift.shop,These ads ran without a disclaimer,≤100
9785626650,Public Citizen,Public Citizen,≤100
67198072267,Michigan Capitol Confidential,Michigan Capitol Confidential,≤100
220538341415523,The Satanic Temple,The Satanic Temple,≤100
392189600337,Minnesota Nurses Association,Minnesota Nurses Association,≤100
106012960870435,Wall Street Rebel,These ads ran without a disclaimer,≤100
108247581851552,Democracy Defense Fund,DEMOCRACY DEFENSE FUND,≤100
40755480179,Students For Liberty,STUDENTS FOR LIBERTY INC,≤100
522359791285231,American Greatness,Center for American Greatness Inc,≤100
594519783957655,Citizens for National Security,Citizens For National Security,≤100
138602119541424,GE,These ads ran without a disclaimer,≤100
162678203751209,Gilead Sciences,GILEAD SCIENCES INC,≤100
111833201704,Faith and Freedom Coalition,Faith & Freedom Coalition,≤100
1669532483372455,The Victory Channel,Kenneth Copeland Ministries,≤100
100104419147228,Do Good Chicken,DO GOOD FOODS LLC,≤100
192738164073627,A Better Balance,A Better Balance,≤100
473191156175163,EDF Action,Environmental Defense Action Fund,≤100
104320435875702,Veticare Insurance,Veticare Insurance LLC,≤100
108625789179165,Soi Dog Foundation,These ads ran without a disclaimer,≤100
149551598424903,Boys Town,These ads ran without a disclaimer,≤100
346612865750115,Korea Defense Veterans Association,Korea Defense Veterans Association,≤100
204880427309,PepcoConnect,These ads ran without a disclaimer,≤100
27461595703,Carbonfund,Carbonfund.org Foundation,≤100
28446275521,Military Officers Association of America (MOAA),Military Officers Association of America,≤100
102079592297532,Leftdiculous Card Game,"Right Entertainment, LLC",≤100
54310679625,Alliance for Justice,ALLIANCE FOR JUSTICE,≤100
59254639983,Boston Medical Center,BOSTON MEDICAL CENTER,≤100
110468488981853,UNRWA USA,UNRWA USA,≤100
56185383245,HispanicPro,These ads ran without a disclaimer,≤100
108537340548276,"Haiku, Inc.",These ads ran without a disclaimer,≤100
118876484849338,Mike Suarez for Tampa,"Mike Suarez for Tampa City Council, District 2",≤100
128167457221813,Public Transportation,Voices for Public Transit,≤100
316955281351,APWU - The American Postal Workers Union,AMERICAN POSTAL WORKERS UNION,≤100
112563564254924,Right to Life of Louisville,RIGHT TO LIFE OF LOUISVILLE INC,≤100
290851614930809,Combat AntiSemitism,Combat Hate Foundation,≤100
381578445243960,Kristan Hawkins,"STUDENTS FOR LIFE OF AMERICA, INC.",≤100
24481937944,Theodore Roosevelt Conservation Partnership,"THEODORE ROOSEVELT CONSERVATION PARTNERSHIP, INC",≤100
179610235833,City of Charlotte Government,City of Charlotte,≤100
248262725706461,Power The Future,Power The Future Inc,≤100
1755568161347548,Wes Climer,Climer for Senate,≤100
108028728590880,CTLPod,POPULATION MEDIA CENTER INC,≤100
149607228384141,America Needs Fatima,"American Society for the Defense of Tradition, Family and Property",≤100
199891603386344,Common Ground Committee,Common Ground Committee,≤100
351969895378,NAFCU - National Association of Federally-Insured Credit Unions,NAFCU,≤100
156496968533805,Explore Beyond,NCTA - The Internet & Television Association,≤100
345751305447288,Daugherty Water for Food Global Institute,Daugherty Water for Food Global Institute,≤100
100741471695626,Lutherans For Racial Justice,Lutherans for Racial Justice,≤100
269479249997,NSSF—The Firearm Industry Trade Association,National Shooting Sports Foundation,≤100
193861605858,Buffalo Field Campaign,BUFFALO FIELD CAMPAIGN,≤100
698400060189827,Dan Sullivan,Alaskans for Sullivan,≤100
138492335404,Scott Walker,FORWARD USA FEDERAL POLITICAL ACTION COMMITTEE,≤100
104098769286691,Conscious Mommy,These ads ran without a disclaimer,≤100
103360649270235,Kentuckians Against Illegal Gambling,Kentuckians Against Illegal Gambling,≤100
103047259150209,What I Want to Know with Kevin P. Chavous,"Stride, Inc.",≤100
107396738937463,Sanity For America,Louis Arocho,≤100
136362309708243,Restaurant Opportunities Centers United (ROC United),"RESTAURANT OPPORTUNITIES CENTERS (ROC) UNITED, INC.",≤100
109716011638325,Jane Fonda Climate PAC,JANE FONDA CLIMATE PAC,≤100
118178241651488,DSPolitical,"DSPolitical, LLC",≤100
1444820465547227,Rank the Vote,Rank the Vote,≤100
327853590558653,"Agri-Pulse Communications, Inc.","AGRI-PULSE COMMUNICATIONS, INC.",≤100
5633824547,FreedomWorks,"FREEDOMWORKS, INC.",≤100
273823172633650,Foundation for Government Accountability,The Foundation for Government Accountability,≤100
130848666099,Business Forward,Business Forward Inc.,≤100
499379343409991,Impact Fund,"IMPACT FUND, THE",≤100
482100658584410,We Stand For Energy,"EDISON ELECTRIC INSTITUTE, INC.",≤100
168876449866088,The Years Project,THE YEARS PROJECT,≤100
103546351703577,Dallas Express,Dallas Express Media,≤100
2127948947450005,Rossana Rodriguez,People for Rossana,≤100
128288676833,Rocky Mountain Elk Foundation,"ROCKY MOUNTAIN ELK FOUNDATION, INC.",≤100
107414074990650,Defense of Freedom Institute,"Defense of Freedom Institute for Policy Studies, Inc.",≤100
109104709178585,The Nature Conservancy in Illinois,NATURE CONSERVANCY,≤100
97624620788,American Friends of Magen David Adom,AMERICAN FRIENDS OF MAGEN DAVID ADOM,≤100
299588323424419,Legal Newsline,The Record,≤100
458643554482238,Uri Velez La Sra de los Seguros,Euridis Velez,≤100
43934405787,IPPF,International Planned Parenthood Federation Worldwide Inc,≤100
232467307162583,Farm Action,Family Farm Action,≤100
56431624743,Ceres,Ceres,≤100
761930047342763,Catholic Conference of Oklahoma,Catholic Conference of Oklahoma INC,≤100
163662804426854,Life Advancement Group,LIFE ADVANCEMENT GROUP,≤100
254943996005,Catholic Answers,"CATHOLIC ANSWERS, INC.",≤100
459728905706,UMCGiving,United Methodist Communications,≤100
513785465632396,Airline Passengers for Justice,Airline Passengers for Justice,≤100
238473269650980,Capital & Main,CAPITAL & MAIN,≤100
227535924071462,Animal Petitions,AnimalPetitions.org,≤100
2011179709101228,Planned Parenthood of Illinois,Planned Parenthood of Illinois,≤100
24330467048,Americans for Prosperity,AMERICANS FOR PROSPERITY,≤100
109366181861530,President Trump is My Wingman,Jason Donald Robertson,≤100
170126260000702,Western Journal US News,The Western Journal,≤100
102047517918,The Commonwealth Fund,"COMMONWEALTH FUND, THE",≤100
513695272011123,The Genesis Prize,GPF NA LLC,≤100
114226275387369,republicEn,republicEn,≤100
16317479654,Deseret News,Deseret News,≤100
217187838327836,The Story Exchange,The Story Exchange Foundation,≤100
262902450432,TeachKind,PEOPLE FOR ETHICAL TREATMENT OF ANIMALS INC,≤100
114128055303516,ProgressNow New Mexico,ProgressNow New Mexico,≤100
101350839190816,Macro Conservative,Macro Conservative,≤100
82609311925,GreenLatinos,GreenLatinos,≤100
399060493533519,The Justice Foundation,JUSTICE FOUNDATION,≤100
109021568309875,Derek Petteys for State Auditor,Derek Leonard Petteys,≤100
100373975829221,Fòs Feminista Org,Fòs Feminista,≤100
101997038916484,Ironclad Resolve,IRONCLAD RESOLVE LLC,≤100
16900111951,National Organization for Women (NOW),NATIONAL ORGANIZATION FOR WOMEN,≤100
102712325850529,Libratum Press,Libratum Press LLC,≤100
108731490859583,America's Work Force Union Podcast,"Bortini Management Associates, Inc.",≤100
115856618521532,Great Lakes Now,DETROIT EDUCATIONAL TELEVISION FOUNDATION,≤100
103639379254898,Building a Better Economy,Building a Better Economy PC,≤100
111333413863498,Freedom First Society,FREEDOM FIRST SOCIETY,≤100
32408604530,United Methodist News,United Methodist News,≤100
103316295438939,Lost Debate,Lost Debate,≤100
142474049098533,Robert Reich,Inequality Media Civic Action,≤100
1359505927455440,Global Health NOW,Johns Hopkins Bloomberg School of Public Health,≤100
1018654714824453,Maccabee Task Force,Maccabee Task Force Foundation,≤100
279799525443906,HELPS Nonprofit,HELPS Nonprofit Law Firm,≤100
114307901581467,Families for Affordable Food,Families for Affordable Food,≤100
723394465079640,The Lion,Stanley M. Herzog Charitable Foundation,≤100
64206021703,National Committee to Preserve Social Security and Medicare,NATIONAL COMMITTE TO PRESERVE SOCIAL SECURITY AND MEDICARE,≤100
610264146298573,The American Council,The American Council for Evangelicals,≤100
30618466815,Pacific Legal Foundation,Pacific Legal Foundation,≤100
101581329115492,Freedom Street,Jason Donald Robertson,≤100
105858001496295,Mattie Parker for Fort Worth Mayor,Mattie Parker For Mayor Campaign,≤100
203583423017526,National Immigration Law Center,National Immigration Law Center,≤100
131023707236064,Applecart,Project Applecart LLC,≤100
102713782089354,American Friends of HelpAge India,These ads ran without a disclaimer,≤100
123651254408327,Sokolove Law,"Sokolove Law, LLC",≤100
113002387113240,Melissa Litchfield for America,Melissa Anne Litchfield,≤100
130268756992804,Yale Climate Connections,Yale Climate Connections,≤100
1449073545419430,The Lone Liberal Republican,Arthur Winter,≤100
258186881053838,Dave Yarnes,Dave Yarnes,≤100
915656035153394,Oceanites,OCEANITES INC,≤100
210940455677523,Visit Waupaca County,Waupaca County Economic Development Corporation,≤100
108537340548276,"Haiku, Inc.",Kyle Reyes,≤100
28915909437,American Veterinary Medical Association Congressional Advocacy Network,AMERICAN VETERINARY MEDICAL ASSOCIATION,≤100
107310358783,Global Zero,GLOBAL ZERO,≤100
109475211795252,Freedom From The Press,Michael Scott Hughes,≤100
2165631230180902,Cabinet Health,These ads ran without a disclaimer,≤100
101239962270235,Bright Future Iowa,Bright Future Iowa,≤100
106222134809638,"Elite Noire, Inc.",ELITE NOIRE INC,≤100
38812906703,United Friends of the Children,United Friends of the Children,≤100
102579112455934,Making The Leap Podcast,Stanley M. Herzog Charitable Foundation,≤100
100357348516487,States United Democracy Center,States United Democracy Center Inc.,≤100
129353084077944,Maebe A. Girl,MAEBE A. GIRL FOR CONGRESS,≤100
1138048899572104,Ja'Mal Green,Go Green Chicago,≤100
110010433804232,Standing For Freedom Center,Standing for Freedom Center,≤100
107119637688502,Western Justice,Western Justice Legislative Fund,≤100
107444342282249,Dog Rescue Foundation,These ads ran without a disclaimer,≤100
106582384539447,Design for Freedom by Grace Farms,"GRACE FARMS FOUNDATION, INC.",≤100
186977768011413,Ironworkers Rising,"International Association of Bridge, Structural, Ornamental, and Reinforcing Iron Workers",≤100
122894447754361,Institute for New Economic Thinking,"INSTITUTE FOR NEW ECONOMIC THINKING, THE",≤100
44164653347,Safer States,Safer States,≤100
296451777564823,Indiana Environmental Reporter,Indiana Environmental Reporter,≤100
106862204671108,The Deplorable Americans,Justin Gustafson,≤100
100123286264769,Tanner DiBella,American Council for Evangelicals,≤100
366119653930669,"IMO Legal, LLC- US Immigration Attorney","IMO LEGAL, LLC",≤100
5593944035,Competitive Enterprise Institute,COMPETITIVE ENTERPRISE INSTITUTE,≤100
54580146753,Faith in Action,Faith in Action,≤100
117592091643709,Tree of Life Ministries｜Evangelism in Israel,Tree of Life Ministries,≤100
1425435377743310,Conversations with Bill Kristol,FOUNDATION FOR CONSTITUTI,≤100
126053105675,Save the Redwoods League,Save The Redwoods League,≤100
950685078464558,Center for a Humane Economy,Center For A Humane Economy,≤100
234744096655497,Alliance For Early Success,Alliance for Early Success,≤100
226489691251,Keep New Hanover Beautiful,Keep New Hanover Beautiful,≤100
139855639478732,Grand New Flag,These ads ran without a disclaimer,≤100
107645227592678,To Which We Belong,Mystic Artists,≤100
147126507164,ACTwireless,ACTwireless,≤100
1526736227567131,TrueCoverage,True Coverage,≤100
204295565648,Representative Jason Fischer,Jason Fischer Campaign,≤100
243605012672167,Greg Casar,GREG CASAR FOR CONGRESS,≤100
454663890502,Alliance for Patient Access,ALLIANCE FOR PATIENT ACCESS,≤100
103948701221001,Pro-Life Flag Project,Pro-Life Flag Project,≤100
77130778113,Coalition for Medicare Choices,The Coalition for Medicare Choices,≤100
11111618026,Union of Concerned Scientists,"UNION OF CONCERNED SCIENTISTS, INC.",≤100
107716217248729,The Colour of Beautiful,These ads ran without a disclaimer,≤100
350360835071297,Georgia Center for Opportunity,These ads ran without a disclaimer,≤100
108186238426486,The Dissident,These ads ran without a disclaimer,≤100
104674934957245,Ceramic King Coatings Treasure Coast,These ads ran without a disclaimer,≤100
101437432582765,The Center for Infrastructure and Economic Development,Center for Infrastructure and Economic Development Inc.,≤100
881846485242129,Kyle Reyes,Kyle Reyes,≤100
64468870451,Premiere Speakers Bureau,Premiere Speakers Bureau,≤100
710460605705480,Dugit Outreach Center,Dugit Messianic Outreach Center,≤100
1553978148244954,Build With Strength,Build With Strength,≤100
160256933988781,National Black Cultural Information Trust,Our Legaci Press,≤100
1276431139051842,Angie Gray for Delray Beach City Commission Seat 4,"Angie Gray for Delray Beach City Commission, Seat 4.",≤100
23852173291,Community Environmental Council (CEC),COMMUNITY ENVIRONMENTAL COUNCIL,≤100
304492001817,Emma's Revolution,Sandra Elaine Opatow,≤100
221401431386940,Pramila Jayapal,PRAMILA FOR CONGRESS,≤100
110108081870718,Prentice4Ward,Friends of Prentice Butler,≤100
142260190351,Comment Magazine,"Cardus, Inc.",≤100
106318047674762,Liz Terwilliger for Congress,Liz Terwilliger for Congress,≤100
117507751891,United Poultry Concerns,"UNITED POULTRY CONCERNS, INC",≤100
1263024850527632,Welcome to the Jungle,These ads ran without a disclaimer,≤100
249467225254927,The Love > hate Project,LOVE GREATER THAN HATE PROJECT,≤100
106959920878115,The Well Done Foundation,"WELL DONE FOUNDATION, INC.",≤100
143063095713907,Hep,"CDM PUBLISHING, LLC",≤100
296438217073791,11th Hour Racing,11th Hour Racing,≤100
19992349706,Taxpayers for Common Sense,TAXPAYERS FOR COMMON SENSE,≤100
109423992070926,Reaching Care,Reaching Care,≤100
28483858161,Texas Scorecard,ScorecardMedia,≤100
100184235633007,Summit Carbon Solutions,"Summit Carbon Solutions, LLC",≤100
102230249080409,Freedom First,Jason Donald Robertson,≤100
242845139551348,GVPedia,GVPEDIA INC,≤100
102596355656379,Red Wave News Updates,Michael Scott Hughes,≤100
403737406341879,National Women's Health Network,NATIONAL WOMENS HEALTH NETWORK,≤100
109715331987710,Prue for Lake Forest,Prue for Lake Forest,≤100
103338614839717,Peter S. Wenz,Peter S. Wenz,≤100
2238649459496800,Center for Racial and Gender Equity,Workers Center for Racial Justice,≤100
503499229999618,Serena Gonzales-Gutierrez,Serena for Denver,≤100
101586078357081,Peter Demos,Peter Demos,≤100
102219885857369,Bill Black,These ads ran without a disclaimer,≤100
104377641671195,Salem Podcast Network,Salem Media,≤100
112425184542774,Kevin Robinson For Phoenix City Council,Kevin Robinson For Phoenix City Council District 6. Authorized by Kevin Robinson.,≤100
240914282958205,Rob Long for Delray Beach City Commission Seat 2,Rob Long for City Commission,≤100
101292045857358,The Party of the Second Amendment,James Frett,≤100
466164103423147,Thorn,Thorn,≤100
106507979018667,Patti Thanos for Orland District 135 Board of Education,Patricia B Thanos,≤100
28339277789,Newberry Library,These ads ran without a disclaimer,≤100
1570082353262795,YIMBY Action,YIMBY ACTION,≤100
104335659047710,Rubik Notes,These ads ran without a disclaimer,≤100
506680536015406,HumanProgress.org,"CATO INSTITUTE, INC.",≤100
348104422491159,UNDIVIDED,UNDIVIDED,≤100
120601996294661,The Geysers,The Geysers - A wholly owned subsidiary of Calpine Corporation,≤100
102658018862855,Salem News Channel,Salem Media Group,≤100
102696615805995,Patrick Nagle for 46th Ward Alderman,Patrick Nagle for 46th Ward Alderman,≤100
270826723039149,The Coalition to Protect Americas National Parks,"COALITION OF NATIONAL PARK SERVICE RETIREES, INC.",≤100
104660195062596,Gen Z Conservative,William Gordan Tanner,≤100
234628203317767,Made for Freedom,Made for Freedom,≤100
110094158160834,The American Tribune,Michael Scott Hughes,≤100
101377889168483,Gumbo Limbo Coastal Stewards,"Gumbo Limbo Coastal Stewards, Inc.",≤100
122671561263552,Committee for Better Banks,"COMMUNICATIONS WORKERS OF AMERICA, AFL-CIO, CLC",≤100
106101025702376,tc_and_ak,These ads ran without a disclaimer,≤100
113487751645026,New daul,These ads ran without a disclaimer,≤100
106568024842114,Rideshare Assault Support,Injury Match,≤100
104915849089509,C3 Councilmember At Large - Craig Kim,Yong Gen Kim,≤100
112380271583322,Misha,These ads ran without a disclaimer,≤100
208551063368,Dominican Friars of the Province of Saint Joseph,DOMINICAN FOUNDATION,≤100
1731458707172809,Charters for Change,Elevate Chicago,≤100
339432396135584,The Exodus Road,The Exodus Road,≤100
59543893235,National Constitution Center,National Constitution Center,≤100
101803615972593,Innovation Race,"TEA PARTY PATRIOTS ACTION, INC.",≤100
2099448153445994,Students for Life Action,Students for Life Action,≤100
108261068768344,Reyes for Mayor,Reyes for Mayor,≤100
111910503859549,Justin’s fight for justice,Nancy Lee Riley,≤100
2168484930102843,EJ Moonshot,EJ Creations LLC,≤100
96286403078,iHeartDogs.com,HomeLife Media,≤100
120915979267,Life In Messiah International,"AMF INTERNATIONAL, INC.",≤100
12357407443,American Friends Service Committee,AMERICAN FRIENDS SERVICE COMMITTEE,≤100
223922031074790,The Abortion Survivors Network,The Abortion Survivors Network,≤100
50714237985,The Rutherford Institute,RUTHERFORD INSTITUTE,≤100
101769576791,Health Action Network,Health Action Network,≤100
150322194563,PASA Primates: Pan African Sanctuary Alliance,PAN AFRICAN SANCTUARIES ALLIANCE,≤100
112019855107729,Holt Persinger for State House,Holt Persinger for State House,≤100
100124709108034,Patriot One News,Matt Clark Agency,≤100
505082913012317,Must Read Alaska,Must Read Alaska LLC,≤100
40399561583,Friends Journal,FRIENDS PUBLISHING CORP,≤100
227594571444676,Building New York's Best,Carpenter Contractor Alliance of Metropolitan New York,≤100
119216091518705,Protect The Harvest,Karen Elizabeth Glueck,≤100
207833736045744,MHAction.org,Patrick R. McHugh,≤100
101541668799519,Huffines Liberty Foundation,Huffines Liberty Foundation,≤100
40102638699,J Street,J STREET INC,≤100
1914174848869788,NY Renews,NY Renews,≤100
109284291894484,American News Stories,William Gordan Tanner,≤100
103063425028781,Every Day Monkey Lifestyle,These ads ran without a disclaimer,≤100
43853729859,Campaigns & Elections,Political World Communications,≤100
1830987987134045,Origins Explained,These ads ran without a disclaimer,≤100
129278807814364,Women of Welcome,Women of Welcome,≤100
64974200999,America-Israel Friendship League,AMERICA-ISRAEL FRIENDSHIP LEAGUE,≤100
1832245947018802,Chris Rose for US Senate - WV,ROSE FOR WEST VIRGINIA,≤100
164805026871617,Pregnancy Center East,Pregnancy Center East Inc.,≤100
36085812354,Rainforest Foundation US,"Rainforest Foundation, Inc.",≤100
105407295261035,Sam Stone for Phoenix,Sam for 6,≤100
439271970343,World Help,WORLD HELP,≤100
182034571982073,Dade Phelan,Texans for Dade,≤100
1376465702586897,Coloradans for Responsible Energy Development,Coloradans for Responsible Energy Development,≤100
106426150767053,"Angela Burns for Delray Beach City Commission, Seat 4",Angela Burns for City Commission,≤100
106244251043808,America's Plastic Makers,These ads ran without a disclaimer,≤100
65538457518,The Village Square,TO THE VILLAGE SQUARE INC,≤100
101400831234849,MDNewsline,These ads ran without a disclaimer,≤100
104450985901405,thedailyheard,These ads ran without a disclaimer,≤100
23362993101,Center for Immigration Studies,CENTER FOR IMMIGRATION STUDIES,≤100
245481022560114,State Representative John Stefanski,John Stefanski Campaign,≤100
100221986153813,Lou's Daily News,Michael Scott Hughes,≤100
6165653060,AFSCME,AMERICAN FEDERATION OF STATE COUNTY & MUNICIPAL EMPLOYEES,≤100
30500779658,Interfaith Power & Light,Interfaith Power & Light,≤100
105060269781,Premiere Collectibles,"Premiere Marketing, Inc.",≤100
108812115318757,JuanPablo Prieto for 30th Ward Alderperson,Friends of JuanPablo Prieto,≤100
81517275796,UNICEF USA,These ads ran without a disclaimer,≤100
105451942439465,Sabina Covo for Miami,"Sabina Covo, Non-partisan, for City of Miami Commissioner, District 2",≤100
158689780839317,vegan,Eugene Khutoryansky,≤100
424443217623488,Clarion Project,"CLARION PROJECT, INC.",≤100
178700205665083,FamilyLife Blended,CAMPUS CRUSADE FOR CHRIST INC,≤100
100576296153503,26th Ward News,26th Ward News,≤100
108775318620622,Timmy Knudsen for 43rd Ward Alderman,Friends of Timmy Knudsen,≤100
262741493751666,The Pew Charitable Trusts,"PEW CHARITABLE TRUSTS, THE",≤100
103747761393271,Lootpress,Lootpress,≤100
550592228409362,Brand Hong Kong,These ads ran without a disclaimer,≤100
111564223958042,Ending Disease Documentary,Crushed Planet,≤100
117214891638398,Street Grace,Street Grace Inc,≤100
159422384079137,UCSB Interdisciplinary Humanities Center,UCSB Interdisciplinary Humanities Center,≤100
2007361039550045,"Center for Free, Fair, and Accountable Democracy","CENTER FOR FREE, FAIR, AND ACCOUNTABLE DEMOCRACY, INC.",≤100
225902781414,William Gheen President of Americans for Legal Immigration,AMERICANS FOR LEGAL IMMIGRATION PAC,≤100
107356708329311,Conservative News Stories,William Gordan Tanner,≤100
275947565591,"Woods and Woods, LLC, The Veteran's Firm","Woods & Woods, LLC",≤100
29727753421,New Jersey Education Association,NEW JERSEY EDUCATION ASSOCIATION,≤100
214061167976,El Tiempo Latino,MASTV EL PLANETA LLC,≤100
531368367387817,Point Blank Political,"Point Blank Political, LLC",≤100
7227987111,GAIN POWER,"GAIN Power, LLC",≤100
83960796709,Institute for Southern Studies,INSTITUTE FOR SOUTHERN STUDIES INC,≤100
1196196390526965,Facebook Surveys,These ads ran without a disclaimer,≤100
126815818975,Global Fund for Children,GLOBAL FUND FOR CHILDREN (THE),≤100
162026603851694,Colton James,These ads ran without a disclaimer,≤100
246491525549550,Ed Post,Education Post,≤100
103575659314424,Casper for Council,Blake J Casper Campaign,≤100
644308565682800,Tanya Acker,Tanya Marie Acker,≤100
124078811641,Boise State Alumni and Friends,These ads ran without a disclaimer,≤100
102252122442327,House On Fire,The CLEO Institute,≤100
107968981713041,ceyeo,These ads ran without a disclaimer,≤100
106706714469410,For AR People,For AR People,≤100
101393349503381,Economic Sentinel,"EconomicSentinel.com, LLC",≤100
102356589314098,Political Comms,Political Comms LLC,≤100
104834210883,The Story of Stuff Project,The Story of Stuff Project,≤100
111044621745187,Liberty News,William Gordan Tanner,≤100
22560886676,Ché Ahn,Che Ahn Ministries,≤100
211650575617316,KAT Centre,KAT US INC,≤100
304842759546695,Brooklyn Institute for Social Research,Brooklyn Institute for Social Research,≤100
1003592146347827,WikiLaw,Matthew Dennis Mcmaster,≤100
189551501975684,MAGA Underground,Caleb Matthew Seamone,≤100
449532451834913,Fishers Finery,Fishers Finery,≤100
40201530406,American Society of the University of Haifa,James Samuel Fattal,≤100
120773048603321,Payam Zamani,These ads ran without a disclaimer,≤100
1949064322040283,Principles,"Principles, LLC",≤100
108725508673742,Fire Dan Munsey,"San Bernardino County Professional Firefighters, Local 935 Political Action Committee",≤100
100806242836871,Preservation Pause,University of Arizona Indigenous Peoples Law and Policy Program,≤100
131058900273186,"Quiroga Law Office, PLLC","Quiroga Law Office, PLLC",≤100
38812906703,United Friends of the Children,These ads ran without a disclaimer,≤100
107637012171564,Southland Marquee,Southland Marquee,≤100
306480006853271,Political-Paige.com BLOG,Political-Paige.com,≤100
136319820561312,Erika Yalowitz for Virginia State Senate,Erika for Virginia,≤100
2310488009211056,Poder Latinx,Poder Latinx,≤100
1914537155242810,Life: Powered,Texas Public Policy Foundation,≤100
103381269276717,Votedog2024,Votedog2024,≤100
101791315693,Destiny Rescue,"Destiny Rescue International, Inc.",≤100
166732173519455,Suzette Martinez Valladares,Suzette Martinez Valladares for Senate 2024,≤100
1223818144299403,DFRLab,"ATLANTIC COUNCIL OF THE UNITED STATES, INC. (THE)",≤100
1599237673639735,Change Media Group,Change Media Group,≤100
257555958952,American University of the Caribbean School of Medicine,American University of the Caribbean School of Medicine,≤100
107142265621370,Arizona Recap,SINEMA FOR ARIZONA,≤100
1409136279195797,Jackie Hope Glass,Jackie Glass for Norfolk,≤100
112364384923739,"McCaskill for Mayor Harvey, IL 60426",Friends of Anthony L McCaskill,≤100
103452279103881,Ambassador Gordon Sondland,Gilbert Lunsford Jr Eugene,≤100
104310075898159,Botsford For Alderman,Botsford for Alderman,≤100
107326878275017,National Pretrial,National Pretrial,≤100
1327559570587836,The Bail Project,"BAIL PROJECT, THE",≤100
104821105571303,Danny Becton for Duval County Property Appraiser,"Danny Becton, Republican, for Duval County Property Appraiser",≤100
102868451477291,Syndio,These ads ran without a disclaimer,≤100
69717994787,buildOn,BUILDON INC,≤100
104099074492299,Derrick Van Orden,VAN ORDEN FOR CONGRESS,≤100
107225061128876,Commonwealth Educational Opportunities,Commonwealth Educational Opportunities,≤100
157596564371710,Americans for Prosperity-New Mexico,These ads ran without a disclaimer,≤100
636093333133893,UCR School of Public Policy,UCR School of Public Policy,≤100
115742024767525,Liberty Solutions,Joshua Newmark,≤100
106746992189224,The State of Women Podcast,POPULATION MEDIA CENTER INC,≤100
100607179026941,Of Thee I Sing 1776,Harold Gershowitz,≤100
1658498144427540,Redeemer Church of South Hills,Redeemer Church of South HIlls,≤100
156362631095762,Secular Pro-Life,Secular Pro-Life,≤100
1759614564297707,MIT Climate,MIT Environmental Solutions Initiative,≤100
512954815727434,Jake Ellzey,JAKE ELLZEY FOR CONGRESS,≤100
2436403486378786,Tim Temple,Tim Temple Campaign,≤100
442553959494293,Center for Climate Integrity,Center for Climate Integrity,≤100
91346559231,Democratic Legislative Campaign Committee - DLCC,Democratic Legislative Campaign Committee,≤100
839158786226886,Two Party Opera,Brian Thomas Carroll,≤100
106781341960896,official_rose_khamboukhay,These ads ran without a disclaimer,≤100
36091862898,The Mackinac Center for Public Policy,Mackinac Center for Public Policy,≤100
220873174076,Animal Equality,ANIMAL EQUALITY,≤100
103210743084765,Resonate,Resonate,≤100
104267862419377,Eddie Guillen for 23rd Ward Alderman,Eddie Guillen for 23rd Ward Alderman,≤100
199010435394,Turtle Island Restoration Network,Turtle Island Restoration Network,≤100
38236386996,LSU Press,LSU Press,≤100
110170005258857,Klicked Digital,DeDonato Enterprises,≤100
250392878345035,The Focused Pastor,Focus on the Family,≤100
76523801829,the Christian Century,CHRISTIAN CENTURY,≤100
200548226627766,The Progressive Magazine,Norman Joseph Stockwell,≤100
2182361598486512,NEH GAPE Institute,These ads ran without a disclaimer,≤100
100781258379575,SOAA - Special Operations Association of America,Special Operations Association of America,≤100
6808755897,Governing,e.Republic,≤100
111733031626317,Nagualep,These ads ran without a disclaimer,≤100
246633904835,First Unitarian Society of Milwaukee,FIRST UNITARIAN SOCIETY OF,≤100
119388253264855,Tocqueville Lecture Series,Benjamin Isaak Gross,≤100
323725548525314,ECOccasion,Ecoccasion,≤100
103929304678916,Voter Action Project,Integrity First Voter Action Project,≤100
258423574619883,Friends of Linda Hudson,Friends of Linda Hudson,≤100
100710759119069,Blue Planet Ecosystem,Blue Planet Ecosystem,≤100
109729861699329,Speak4,Speak4,≤100
103426858855557,Eyes That Speak by Christy Bowe,Gilbert Lunsford Jr Eugene,≤100
109167948622194,Ed Bannon for 38,Friends of Ed Bannon,≤100
683095228488145,Scott McKnight,The Scott McKnight Campaign,≤100
101939781315530,ThePeel.news,ThePeel.news,≤100
127691390582,PHI,"PARAPROFESSIONAL HEALTHCARE INSTITUTE, INC.",≤100
303374266418976,AFPM,American Fuel & Petrochemical Manufacturers,≤100
249657733004,GW Alumni,These ads ran without a disclaimer,≤100
101899599364887,Roof Service 2733,These ads ran without a disclaimer,≤100
6954880804,Green America,GREEN AMERICA,≤100
104355145867842,"Yes on Z: Great Teachers, Great Orinda Schools",Orinda Community for Excellent Schools Yes on Z,≤100
121750354532995,Yale Program on Climate Change Communication,Yale Program on Climate Change Communication,≤100
103517308361597,TakeCharge,Take Charge Minnesota,≤100
401240226922554,VoLo Foundation,VoLo Foundation,≤100
11074328022,Carolina Development,UNC-Chapel Hill Office of University Development,≤100
741175809362330,Lamont Bagby for State Senate,Friends of Lamont Bagby,≤100
101283666039519,Community Corey for 29th Ward Alderman,COMMUNITY COREY FOR 29TH WARD ALDERMAN,≤100
795162290631372,Citrus Pregnancy Center,LIFE CHOICE CARE CENTER INC,≤100
91082404467,Employee Benefit News,These ads ran without a disclaimer,≤100
100798399617825,Jude Sincoskie For Sanibel City Council,Jude Sincoskie for Sanibel City Council,≤100
112912573793125,Rise Up for Justice,Avrom L Altman,≤100
1420200111329836,Alan C. Moore,Alan Christopher Moore,≤100
118227621359,Izaak Walton League of America,IZAAK WALTON LEAGUE OF AMERICA,≤100
243498882520314,FoodFinder,"FOODFINDER, INC.",≤100
105299302460703,Krystal Floyd for Coroner,Krystal Floyd for Coroner,≤100
128967667298112,Math4cure,Karen Beth Young,≤100
109031318770907,Joanna Weiss for Congress,Joanna Weiss for Congress,≤100
689313484832877,Presenting: R.J. Atkins,Rickey Dwayne Atkins,≤100
90209763480,The Federalist Society,The Federalist Society,≤100
1383059588609414,Eric Lucero for MN Senate,Lucero For State Senate Committee,≤100
100913694925880,"Akalan Law Firm, PLLC","Akalan Law Firm, PLLC",≤100
748392398562644,Rich Janor,CITIZENS FOR RICH JANOR,≤100
194354700701808,Rep. Andrew Farmer,Friends of Andrew Farmer,≤100
112349344988730,Adrian Petrila for Mayor,ADRIAN PETRILA CAMPAIGN,≤100
172107229664004,State Representative Dan Howell,DanHowell4TN,≤100
102201169034543,True Patriot Shops,True Patriot Shops,≤100
102254715563026,Paula Avila-Guillen,Women's Equality Center,≤100
124099554276848,Fair Housing Center of Southeast & Mid Michigan,"FAIR HOUSING CENTER OF WASHTENAW COUNTY, INC",≤100
490349377808038,State Representative Justin Holland,Justin Holland Campaign,≤100
7035457015,Brave New Films,BRAVE NEW FOUNDATION 501(C)(3),≤100
105334892381660,AmericanTowns Politics,AMERICAN TOWNS,≤100
183484875153093,Kim Monson Show,The Kim Monson Show,≤100
133753583953215,American History in 90 Minutes - The Common-Sense Guide to U.S. History,American History in 90 Minutes,≤100
249300355381,Compassion Services International,These ads ran without a disclaimer,≤100
50498162578,Legal Aid Justice Center,Legal Aid Justice Center,≤100
212677670907,American Constitution Society,AMERICAN CONSTITUTION SOCIETY,≤100
111131133551811,The Locke Society,Locke Society Inc,≤100
1557762667797764,Trial Lawyers University,These ads ran without a disclaimer,≤100
114065428253003,Re-Elect Randy White,Randy White Campaign,≤100
497949630282962,Retirement Specialty Group,Retirement Specialty Group,≤100
163662804426854,Life Advancement Group,Nathan Montgomery Berning,≤100
110068881944540,Clarence Cox for Sheriff,Friends of Clarence Cox,≤100
372799605421,DeSmog,DeSmog,≤100
190990064264722,YWCA Evanston/North Shore,YWCA Evanston North Shore,≤100
245793972255202,Abroad in Japan,These ads ran without a disclaimer,≤100
127668823933246,The NewDEAL,NEWDEAL,≤100
100416560012896,Friends of the Everglades,FRIENDS OF THE EVERGLADES INC,≤100
1470151473238140,Save the Boundary Waters,Northeastern MInnesotans for Wilderness,≤100
472215299609974,David Gregory,Gregory for Missouri,≤100
106137965200119,Indian River News,"Indian River News, LLC",≤100
287406281315655,California Nurses Association,California Nurses Association,≤100
138434734461,CIIS Public Programs,CIIS Public Programs,≤100
109374912424067,Drew McKissick,DrewMcKissick.com,≤100
19774119425,Habitat for Humanity,Habitat for Humanity International,≤100
104760932430136,"Lamont Robinson, for 4th Ward Alderman",Lamont Robinson for Alderman,≤100
103890642536849,Dan Cuevas for Harrison County Supervisor DIST 1,Dan Cuevas for Harrison County Supervisor DIST 1,≤100
842296019227013,A Chance In Life,These ads ran without a disclaimer,≤100
116374041727027,A New Leaf,"A NEW LEAF, INC.",≤100
434788733635087,Invisible Men,These ads ran without a disclaimer,≤100
86711894400,National Write Your Congressman,National Write Your Congressman,≤100
252814820267,HIAS,HIAS,≤100
79010847059,Dherbs,These ads ran without a disclaimer,≤100
2152371365037033,Aliados Adelante,AARP,≤100
118635175464489,uPolitics,"Uinterview, Inc.",≤100
11024050756,Bioneers,Bioneers,≤100
137662367278,League of Women Voters of the US,LEAGUE OF WOMEN VOTERS OF THE UNITED STATES,≤100
514446149038714,The Iowa Standard,The Iowa Standard,≤100
210214622426593,Nexus Family Healing,NEXUS,≤100
109035554162766,Mountain State Spotlight,Mountain State Spotlight,≤100
44228398202,ONE Community,"ONE Community Media, LLC",≤100
103739957866477,Zinc8 Energy Solutions,"Vorticom, Inc.",≤100
87377228013,Side with Love,UNITARIAN UNIVERSALIST ASSOCIATION,≤100
1909154786072245,Verkada,These ads ran without a disclaimer,≤100
747783932079184,Jared Golden for Congress,COMMITTEE TO ELECT JARED GOLDEN,≤100
93534862768,Georgia Conservation Voters,Georgia Conservation Voters,≤100
607339103061292,Jody Owens Hinds County District Attorney,Friends of Jody Owens,≤100
276076196388914,Coffee & Pan Dulce Show,Coffee & Pan Dulce Show,≤100
104164055811423,Rebecca Janowitz for the 43rd Ward,Friends of Rebecca Janowitz Committee,≤100
1021724717913869,Bantam Communications,Bantam Communications,≤100
110519695636906,Meyerland Area Democrats Club,Meyerland Area Democrats Club,≤100
349528025129958,"Brevard County Sheriff's Office, Florida (Official)",Robert Wayne Ivey,≤100
105331281509462,Congressman Jake LaTurner,Office of Congressman Jake LaTurner,≤100
849840411792918,Korean Church,United Methodist Communications,≤100
12185972707,350.org,350 ORG,≤100
101204378825808,Fight the Right,FIGHT THE RIGHT PAC,≤100
102802765956784,Chris Miller for Jacksonville,Chris Miller Campaign,≤100
377572616357769,Russ Vernon-Jones' Blog,"Coming Together: Understanding Racism, Working for Justice & Building Connections",≤100
1353722684643583,EPF Media,EPF Media,≤100
110666398605350,"Edgar ""Edek"" Esparza for 25th Police District Council","Friends of Edgar ""Edek"" Esparza",≤100
349702751902673,Hereditary Angioedema Association - HAEA,HEREDITARY ANGIOEDEMA ASSOCIATION INC.,≤100
1573475709616619,Southwest Democrats,Southwest Democrats,≤100
104905129168065,Let.Live,LET-LIVE,≤100
338218229911752,Integrity First PAC,INTEGRITY FIRST PAC,≤100
153478095260251,Reimagine,These ads ran without a disclaimer,≤100
337410674157273,Our Funny Little Site World,These ads ran without a disclaimer,≤100
187713745097888,Save the Alamo,Save The Alamo Committee,≤100
1448985902033866,Trans Lifeline,Trans Lifeline,≤100
568103006940639,Law Office of Gary J. Kim,Law Offices of Gary J. Kim,≤100
1191336950894416,City of Carlsbad NM Government,Social Media Manager,≤100
107311702293642,madeline.pourciau,These ads ran without a disclaimer,≤100
101808226125075,Yes on A for Quality Novato Schools,Yes for Novato Schools,≤100
126855128568,FEBC (Far East Broadcasting Company),"FAR EAST BROADCASTING COMPANY, INC.",≤100
111904024679959,Bold Majority,BOLD MAJORITY PAC,≤100
143011502475434,Eurasia Community,These ads ran without a disclaimer,≤100
109877501934583,Marty for Denver,Marty Zimmerman Campaign Fund,≤100
14893370225,Sustainable Harvest International,SUSTAINABLE HARVEST INTERNATIONAL,≤100
103236092537897,Rosa Hernandez 4 Joliet City Council District 4,FRIENDS OF ROSA HERNANDEZ,≤100
106484814293721,Terry Engles,These ads ran without a disclaimer,≤100
49929580840,Center for Human Rights in Iran,These ads ran without a disclaimer,≤100
108656981864126,Vicko for 15,Vicko for 15,≤100
174998999194943,NALC Truth Page,David Watson Noble,≤100
147523538641547,Capitol Ministries,CAPITOL MINISTRIES,≤100
1186891087992163,Eddie Melton,Melton for Mayor of Gary,≤100
101021968145597,Jennifer Bushman - Sustainable Seafood Educator,These ads ran without a disclaimer,≤100
200362680092062,Serving Orphans Worldwide,These ads ran without a disclaimer,≤100
100978046207814,Ryan Chamberlin for State House District 24 - Florida,Ryan Chamberlin Campaign,≤100
148439128199,Massachusetts Down Syndrome Congress (MDSC),MA DOWN SYNDROME CONGRESS,≤100
452797224923658,The Democratic Coalition,THE DEMOCRATIC COALITION,≤100
198899023478303,Matt Letourneau for Supervisor,Matt Letourneau for Supervisor,≤100
101930385197156,Alianza Center,"Alianza Center, Inc.",≤100
143784945647421,Death with Dignity,DEATH WITH DIGNITY NATIONAL CENTER,≤100
119344539932039,Favorite shop,These ads ran without a disclaimer,≤100
164049599660,Catholic Relief Services en español,CATHOLIC RELIEF SERVICES,≤100
373235096030149,California Biotech Foundation,California Biotech Foundation,≤100
103744092617832,Repatriots,Khairock Digital AI In,≤100
430869277025501,Dr. Nancy O'Reilly,"WOMEN CONNECT4GOOD, INC.",≤100
114414808235140,BSCKll - Nguyễn Hồng Siêm,These ads ran without a disclaimer,≤100
108813425157763,"Hoyt Prindle for Tampa City Council, District 6","Hoyt Prindle, non-partisan candidate for Tampa City Council (District 6)",≤100
216052228433696,Arcus Foundation LGBTQ Social Justice,ARCUS FOUNDATION,≤100
100136138903212,A New Species Emerges,William Simpson,≤100
105557061361936,Erudit,These ads ran without a disclaimer,≤100
390079948412508,Angry Dad,Nathan Roberts,≤100
1117087564977698,NCNW Headquarters,These ads ran without a disclaimer,≤100
769428483406539,Cyber Readiness Institute,Cyber Readiness Institute,≤100
102262718547519,Crazy Uncle Gil,Gilbert Cuevas,≤100
103433804692809,Law Offices of James S. Hong & Associates,Law Offices of James S. Hong,≤100
481331019059116,The Published Reporter,The Published Reporter,≤100
2066178160274531,Rosita Real Foods,These ads ran without a disclaimer,≤100
109068551731974,Sillychillly,Marc Alan Goldstein,≤100
183472861249,Point Foundation,Point Foundation,≤100
1476876305939363,Artalla studio,These ads ran without a disclaimer,≤100
240425642652222,South Florida Wildlands Association,South Florida Wildlands Association,≤100
111266144791520,UNiTE THE REPUBLIC,These ads ran without a disclaimer,≤100
491595330975073,Cristel Orrand,These ads ran without a disclaimer,≤100
112411134550324,B2i Digital,These ads ran without a disclaimer,≤100
258234158133458,Cribl,These ads ran without a disclaimer,≤100
105239511089757,Inmigrantes al Día,Inmigrantes al Dia,≤100
317504715015970,L+R,These ads ran without a disclaimer,≤100
1914561178824972,Trumped,Christopher Charles Cooper,≤100
120602998137138,"Gina Danna, Historical Fiction Author",These ads ran without a disclaimer,≤100
19036504767,Center for Victims of Torture,"CENTER FOR VICTIMS OF TORTURE, THE",≤100
117956368577,Charlie Geren,Charlie Geren Campaign,≤100
1399736660066130,Jews for a Secular Democracy,SOCIETY FOR HUMANISTIC JUDAISM,≤100
106568024842114,Rideshare Assault Support,Select Justice LLC,≤100
123500462249,Oregon Food Bank,"OREGON FOOD BANK, INC.",≤100
38234604057,PEN America,These ads ran without a disclaimer,≤100
111204039054580,Konni Burton,Konni Burton,≤100
111357494701319,neaux.doubt,These ads ran without a disclaimer,≤100
108307735495778,Four Sisters Publishing,Four Sisters Publishing,≤100
100329535080292,Top Gun '87,Danny Wilson Hamilton,≤100
140155342671005,Sempervirens Fund,SEMPERVIRENS FUND,≤100
268868046463126,Beacon Center of Tennessee,BEACON CENTER OF TENNESSEE,≤100
104916968538177,TIS 이주공사,TIS VISA CORPORATION,≤100
348266570146,Makom,"Jewish Foundation for Group Homes, DBA Makom",≤100
102711712325546,mklein_lcsw,These ads ran without a disclaimer,≤100
126025868223709,PlaySpace Designs,These ads ran without a disclaimer,≤100
105495775564367,President Trump Updates,Logan Thomas Corson,≤100
164595420872,Sachs Media,Sachs Media Group,≤100
1571401929773000,North County  Climate Change Alliance,North County Climate Change Alliance,≤100
2124706474441696,L. M. Lewis Consulting,Lashana Montrice Lewis,≤100
108505418632952,Climate change is real,Michael Test,≤100
189044857936094,Americans For Prosperity - Alaska,AMERICANS FOR PROSPERITY,≤100
54368662036,Keap,These ads ran without a disclaimer,≤100
100256326341854,Linda Garrett - Author Page,These ads ran without a disclaimer,≤100
139835646030666,Alliance for Aviation Across America,Alliance for Aviation Across America,≤100
112227840600450,Greening Your Life -GYL,GreeningYourLife.Org,≤100
312870062895448,StateThugs,StateThugs.com,≤100
291838961553129,Louisiana Secretary of State Kyle Ardoin,Kyle Ardoin Campaign,≤100
102065992732608,PA Leaders Action Fund,PA Leaders Action Fund,≤100
205076766177455,Jostens Adviser & Staff,These ads ran without a disclaimer,≤100
43949868082,Outright International,OutRight Action International with Facebook ad credits,≤100
1122745701241304,Parlier4Oswego,Friends of Troy Parlier,≤100
773432316041673,Calvary South Austin,Calvary South Austin,≤100
108247910586301,Rik Mehta,These ads ran without a disclaimer,≤100
107010494015560,Virginians for Clean Energy,270 Strategies,≤100
1666922183524165,ReThink Energy NJ,ReThink Energy NJ,≤100
546538909079105,All Seated in a Barn,These ads ran without a disclaimer,≤100
168903333153558,Cor Strategies,Cor Strategies,≤100
299872783397193,"Kelly Burk, Leesburg",Friends of Kelly Burk,≤100
317990588295540,Governor Tom,Thomas Mills Wood Ii,≤100
104714535297521,MBB Law,These ads ran without a disclaimer,≤100
122742807774775,Municipal Water District of Orange County,Municipal Water District of Orange County,≤100
1713655282191321,Family Justice Resource Center,Family Justice Resource Center,≤100
887139178003592,The Dean Obeidallah Show,The Dean Obeidallah Show,≤100
1788530101402591,Rep. John McCravy,McCravy for House,≤100
107618578223660,California Courier,California Courier,≤100
259126831110296,SPFPA,These ads ran without a disclaimer,≤100
106568024842114,Rideshare Assault Support,Citizen Ad Network LLC,≤100
113846267099187,thedorkyjewish,These ads ran without a disclaimer,≤100
109021008774467,10_billion_people_podcast,These ads ran without a disclaimer,≤100
108433238844,CWEB,CWEB Inc.,≤100
294508332028,Lakota People's Law Project,ROMERO INSTITUTE,≤100
161009417724382,Kwon Atlas,Kwon Atlas for Denver LLC,≤100
153704007991524,Women's Earth and Climate Action Network,Women's Earth and Climate Action Network (WECAN) International,≤100
105959115327125,Statement Apparel Co.,Statement Apparel,≤100
131664893560695,Origins OSU,Origins: Current Events in Historical Perspective,≤100
104815938999745,Dan Coffey for JTHS 204 Board,Dan Coffey for JTHS 204 Board,≤100
102106796152627,childhoodlostisme,These ads ran without a disclaimer,≤100
100653549442327,League of Women Voters Martin County,League of Women Voters Martin County,≤100
123185498255,Carsie Blanton,Carsie Blanton Music,≤100
100736299046643,saraomran0fficial,These ads ran without a disclaimer,≤100
197374340229,E2 - Environmental Entrepreneurs,E2 (Environmental Entrepreneurs),≤100
109465560444254,Roce Today,I-ROCE LLC,≤100
1955953381348064,State Representative Trent Ashby,Texans for Trent Ashby,≤100
363500867116594,Will Metcalf,Will Metcalf,≤100
993294760683044,Education Reform Now,EDUCATION REFORM NOW ADVOCACY INC,≤100
205801809889757,Black Goddess Alliance,These ads ran without a disclaimer,≤100
117428850086366,"1848 Project, Inc.",1848 Project Inc,≤100
104496798734880,Real Dope-Williejay,These ads ran without a disclaimer,≤100
104107455066450,Russell Cohen on moderation in public policy,These ads ran without a disclaimer,≤100
43609808159,Happy Family Organics,These ads ran without a disclaimer,≤100
721423631394373,Josh Guillory,Friends of Josh Guillory,≤100
305730296471268,"Delegate Emily Brewer, 64th District",Friends of Emily Brewer,≤100
1459706084294073,Ariel Fernandez for Coral Gables Commission,Ariel Fernandez for Coral Gables Commission,≤100
110847698099863,Solarquote.org,solarquote.org,≤100
106095601125529,"Reaching Everyone In Distress Foundation, Inc.",Reaching Everyone in Distress Foundation Inc.,≤100
162609130462859,Center for Black Equity,CBE-PRIDE,≤100
1364675073622436,Association des Burkinabè de New-York - ABNY,These ads ran without a disclaimer,≤100
1729997313949503,Nancy Anderson Fitness,These ads ran without a disclaimer,≤100
126037931371545,Law Offices of Jonathan K. Park & Associates,Law Offices of Jonathan K. Park & Associates,≤100
346842236235,For Love of Water,For Love of Water,≤100
55757954259,artnet,These ads ran without a disclaimer,≤100
407767916003589,U.S. Representative John Carter,Office of U.S. Representative John Carter,≤100
1165122570296957,Phoenix Zones Initiative,Phoenix Zones Initiative,≤100
1358278167552929,Traverse Journeys,These ads ran without a disclaimer,≤100
155523661205268,Palabra Abierta,These ads ran without a disclaimer,≤100
480278498670815,Danimer Scientific,Danimer Scientific,≤100
344880003243869,Chadwick's Experiences,These ads ran without a disclaimer,≤100
100997395395778,CoinsPaid Media,These ads ran without a disclaimer,≤100
12350348061,University of Minnesota School of Public Health,These ads ran without a disclaimer,≤100
108108121456950,Blue States PAC,BLUE STATES PAC,≤100
701541503526361,Arizona Leadership Coalition,Arizona Leadership Coalition,≤100
103934359124379,pepe_barrios,These ads ran without a disclaimer,≤100
249789687311,Virginia Senate Republican Caucus,Virginia Senate Republican Caucus,≤100
504118316658151,SilencedOrganic,SilencedOrganic.com,≤100
539618616234937,GateWay Second Chance Foundation,GateWay Second Chance Foundation,≤100
103823461156208,Nashville Anesthesia Professionals,These ads ran without a disclaimer,≤100
414641038607265,African-American Roundtable,"African American Roundtable, Inc",≤100
109100225365014,Kevin Lynch For FWISD School Board District 5,Kevin Lynch for FWISD,≤100
1720878078241107,Conservative Move,Conservative Move,≤100
95001097200,National Association of Manufacturers,NATIONAL ASSOCIATION OF MANUFACTURERS OF THE UNITED STATES OF AMERICA INC.,≤100
149948038378989,Congregation Beit Simchat Torah - CBST,Congregation Beit Simchat Torah (CBST),≤100
117780971929,Florida LGBTQ Democratic Caucus,Florida LGBTQ+ Democratic Caucus,≤100
183388441737673,First Amendment Museum,FIRST AMENDMENT MUSEUM,≤100
825571424125386,Lighthouse For Life,Lighthouse for Life,≤100
649662278486235,Stand For Trees,Stand For Trees,≤100
437616929954902,Many Shades of Pink Breast Cancer Foundation,These ads ran without a disclaimer,≤100
36137667182,Carlow University,These ads ran without a disclaimer,≤100
503699929651019,Washington Times Opinion,Washington Times,≤100
169668596476550,AFSCME en Español,AMERICAN FEDERATION OF STATE COUNTY & MUNICIPAL EMPLOYEES,≤100
105800435721037,The Right Hour,Logan Thomas Corson,≤100
1518962768392546,Great Lakes Gun Rights,Great Lakes Gun Rights LLC,≤100
101564054951838,We The Forest,We The Forest,≤100
115407598098885,Darwin for Controller,Friends of Darwin,≤100
616079045236845,tallyED,tallyED.com,≤100
868405419972384,The Outrage,These ads ran without a disclaimer,≤100
169840807024913,Jobob,The Jobob Show,≤100
60350681195,Stanford Doerr School of Sustainability,These ads ran without a disclaimer,≤100
193163794039969,The School of Visibility,These ads ran without a disclaimer,≤100
108839354164133,piriejonesgrossman,These ads ran without a disclaimer,≤100
37442103053,ACLU of New Jersey,AMERICAN CIVIL LIBERTIES UNION OF NJ,≤100
106124975682358,Jimmy Fondren for Mississippi House District 111,Committee To Elect Jimmy Fondren,≤100
251903888862477,West Seneca Democrats,West Seneca Democratic Committee,≤100
81391603670,Carson City  Republican Party,Carson City Republican Central Committee,≤100
294723237645372,Vine Grove City Hall,These ads ran without a disclaimer,≤100
117270568319993,NYSUT - A Union of Professionals,New York State United Teachers,≤100
103274742643,Centro Romero,Centro Romero,≤100
114337090330435,Tint,Robert R Rose,≤100
107418177702609,Middle America News,Logan Thomas Corson,≤100
107461545589929,The Gen Z Conservative,Logan Thomas Corson,≤100
1889726717940047,Assemblyman Bergen,Bergen For Assembly,≤100
104521238896557,June Marie Paintings,June-Marie Paintings,≤100
1581700732145378,Rasheen Aldridge For 14th Ward Alderman,Citizens for Rasheen Aldridge,≤100
360026581051085,Jonathon Hansen for De Pere City Council,Hansen for De Pere,≤100
2203907813182007,Joseph Trahan,Joseph Trahan,≤100
660652870742910,Broome County Republican Women's Club,Michelle Cornwell,≤100
311069818950199,Kentucky Medical Association,Kentucky Medical Association,≤100
101228419229182,"Charity Fund ""Power of Love""",These ads ran without a disclaimer,≤100
105566824535889,Floridians for Ethics and Truth in Politics,Floridians for Ethics and Truth in Politics,≤100
896759427103774,Modern Medicaid Alliance,Modern Medicaid Alliance,≤100
287419001041,National Black Book Festival,CUSHCITY.COM INC,≤100
116945211276055,Make America Florida,Logan Thomas Corson,≤100
1269485653192452,Tombstone2,Mohammed Nasir Razavi,≤100
65727594614,Brandon Creighton,Friends of Brandon Creighton,≤100
107736205557411,travelfonsecastyle,These ads ran without a disclaimer,≤100
20603236087,Love146,"LOVE146, INC.",≤100
102001643601754,Mónica Alonzo Campaign,Alonzo For Dallas,≤100
262164587131475,Free martial arts material for your own local school teachers to use,Ryan Gilbert,≤100
168997603171090,Voices  for Children Advocacy Center,Voices for Children Advocacy Center,≤100
43821078871,Transport Workers Union (TWU),Transport Workers Union of America,≤100
105369351871470,Brewer For Jax,"Norman Brewer, Republican, for Jacksonville City Council, District 11.",≤100
144429905313,AFSCME Council 31,AMERICAN FEDERATION OF STATE COUNTY AND MUNICIPAL EMPLOYEES COUNCIL 31,≤100
115125374812686,Ahleah for Village of Tinley Park Clerk,A Better Tinley Park,≤100
502969216761221,Common Sense Civics and Citizenship,Candace Donnelly,≤100
312910705386867,Teach For America - Twin Cities,Teach for America Twin Cities,≤100
95328236543,Georgia Public Policy Foundation,Georgia Public Policy Foundaiton,≤100
674182529399211,Gun Owners Radio,Gun Owners Media LLC,≤100
92137476592,Montana Trout Unlimited,These ads ran without a disclaimer,≤100
174941115857811,Campaign for Southern Equality,Campaign for Southern Equality,≤100
44946602140,Gonzaga University,These ads ran without a disclaimer,≤100
271487666283601,Eugene Neighborhoods Forum,Eugene Neighborhoods Forum,≤100
562360770635161,Business Network For Offshore Wind,These ads ran without a disclaimer,≤100
63465984863,Arctic Adventures,These ads ran without a disclaimer,≤100
107780627769226,Mamas_triplet_love,These ads ran without a disclaimer,≤100
108292944333886,"Julia Sullivan, Author",Julia E. Sullivan,≤100
277351405243,AVSI-USA,These ads ran without a disclaimer,≤100
105990415642100,DeSantis Supporters,Logan Thomas Corson,≤100
101507421902113,mikenice_stayfit,These ads ran without a disclaimer,≤100
107344338471443,Jordan Faircloth for Judge,Jordan Faircloth for Judge,≤100
157466154464584,Terror Films,These ads ran without a disclaimer,≤100
330377545051,CPAN -- The Coalition Protecting Auto No-Fault,COALITION PROTECTING NO FAULT,≤100
14960614435,Ben Jealous,Gilbert Lunsford Jr Eugene,≤100
144218332276139,UnitedHealth Group,These ads ran without a disclaimer,≤100
884935988188624,Tokyo Gov,These ads ran without a disclaimer,≤100
96935476345,Democratic Governors Association (DGA),Democratic Governors Association,≤100
112022491619318,American Apex News,Logan Thomas Corson,≤100
100440519076489,"Jed Davis, IL State Representative",Jed for Freedom,≤100
103530021364583,Carolina Forward,North Carolina Forward,≤100
73234973898,Stages,Stages,≤100
109250881975349,Patriot Spirit Apparel,These ads ran without a disclaimer,≤100
492875900759776,Randlion,These ads ran without a disclaimer,≤100
80100802880,MaleSurvivor,MaleSurvivor,≤100
488740674837681,198 Methods,198 methods,≤100
115922924714411,Betsy L. Ross,These ads ran without a disclaimer,≤100
100135679641746,Global Hindi Tv,These ads ran without a disclaimer,≤100
106147139049391,jetlaggworld,These ads ran without a disclaimer,≤100
20188298765,ACLU of Maryland,AMERICAN CIVIL LIBERTIES UNION OF MARYLAND INC,≤100
112031364484406,ninaapplepine,These ads ran without a disclaimer,≤100
112041828472143,Revamp Thrift Shop,These ads ran without a disclaimer,≤100
124383441363,Connecticut Education Association (CEA),CONNECTICUT EDUCATION ASSOCIATION,≤100
107923912206168,me0w1tud3_,These ads ran without a disclaimer,≤100
764759586941054,UCB,These ads ran without a disclaimer,≤100
2057904910996257,Jefferson County PVA,Jefferson County PVA,≤100
307930162724,California Faculty Association,California Faculty Association,≤100
361960287311696,Better Medicare Alliance,"Better Medicare Alliance, Inc",≤100
118231994497054,Tommy4PISD • Tommy Van Wolfe for Prosper ISD School Board - Place 5,"Tommy4PISD - Tommy Van Wolfe for Prosper ISD School Board, Place 5",≤100
40658728264,The College of Liberal Arts and Sciences,These ads ran without a disclaimer,≤100
126297815645,Youth Villages,These ads ran without a disclaimer,≤100
1858202647762787,Teresa’s Studio,These ads ran without a disclaimer,≤100
106296024672434,Sanctum Bracelets,These ads ran without a disclaimer,≤100
861536073897961,Leslie Herod,LHFM LESLIE FOR MAYOR,≤100
103376642616894,Samie Martinez for 33rd Ward Alderman,Friends of Samie Martinez,≤100
180506833418,Surfrider Foundation - Maui Chapter,These ads ran without a disclaimer,≤100
728745887260738,Ben Queen,Friends of Ben Queen,≤100
2165441450136848,"Issues with Mail Order Pharmacy, Corporate Retail Pharmacy, & PBMs",Unite For Safe Medications,≤100
110358474830805,thesoulsurvivorssuite,These ads ran without a disclaimer,≤100
103942559018946,Afghan Relief,These ads ran without a disclaimer,≤100
116632371339568,SunSource,These ads ran without a disclaimer,≤100
177380625645754,Dr. Jeffrey Nall,These ads ran without a disclaimer,≤100
645457662581853,HafsaY Grd,These ads ran without a disclaimer,≤100
186108419168,SEIU Local 503,"SERVICE EMPLOYEES INTERNATIONAL UNION LOCAL 503, OREGON PUBLIC EMPLOYEES UNION",≤100
105968126106920,Repreve,These ads ran without a disclaimer,≤100
130234313704399,United We Dream,UNITED WE DREAM NETWORK INC,≤100
104871302193211,Briar Harvey,These ads ran without a disclaimer,≤100
454521561557159,Reckon,These ads ran without a disclaimer,≤100
302103665493,Catholic Charities of New York,Catholic Charities Archdiocese of New York,≤100
105888902425441,Self Reliance Society,These ads ran without a disclaimer,≤100
100804745846537,Rounderbum US,These ads ran without a disclaimer,≤100
107622955460520,Lindsey Brock for City Council,Lindsey Brock for City Council,≤100
1719000921660893,Sabrina Cervantes,Sabrina Cervantes or State Senate 2024,≤100
117858901192463,Dis-Bar Judge Michael Sweet - Sac County,John David Branch,≤100
1883837055193241,Shield Republic,Shield Republic,≤100
100154832577573,eastendoutfits,These ads ran without a disclaimer,≤100
103974389650244,Amenders for Federal Spending Control,Mark Albert Meier,≤100
167721133253158,The White House Historical Association,These ads ran without a disclaimer,≤100
110813572296073,The Swagga House,These ads ran without a disclaimer,≤100
104973821688428,American Accountability Foundation,American Accountability Foundation,≤100
102981818536237,crystalrockslife,These ads ran without a disclaimer,≤100
105842682156969,Performance Art,These ads ran without a disclaimer,≤100
104316985796054,Birsol,These ads ran without a disclaimer,≤100
114777685207518,Viva: Juntos por la Niñez,These ads ran without a disclaimer,≤100
470023986364609,Archipanic,These ads ran without a disclaimer,≤100
106708708228342,School of Humanity,These ads ran without a disclaimer,≤100
101647736203718,Stop Netanyahu’s anti LGBTQ Legislation,These ads ran without a disclaimer,≤100
105297412473708,The Tabios Foundation,These ads ran without a disclaimer,≤100
356716921369234,Eri-Platform,These ads ran without a disclaimer,≤100
102312012802564,misty_mag,These ads ran without a disclaimer,≤100