﻿Page ID,Page name,Disclaimer,Amount spent (PEN)
101665683225827,José Luna Gálvez - Pepe Luna,Laidy Diana Peceros Espinoza,≤100
140765589379192,Pedro Spadaro,El Callao Contigo Pedro Spadaro,≤100
100500902383840,Propuestas del Bicentenario,Videnza Fundación,≤100
264223880347121,Lampadia Oficial,LAMPADIA,≤100
687691121319854,Ernesto Álvarez Miranda,Ernesto Julio Alvarez Miranda,≤100
110410021729107,Reggaetón Lima Festival,These ads ran without a disclaimer,≤100
107793581074164,Parque del Recuerdo- Consejera Lisbeth Castro,Parque del Recuerdo- Consejera Lisbeth Castro,≤100
142062936237878,Goberna,Goberna,≤100
120711281333057,Municipalidad de San Isidro,William Levano Sanchez,≤100
102775842736349,Erick Melchor Torres - Regidor de Los Olivos,Enrique Godofredo Vildoso Alvarado,≤100
335551357288,Flor de Maria Hurtado Valdez,Flor De Maria Hurtado Valdez,≤100
100330785132565,Saca tu cuenta,Juan Jose Garcia Chau,≤100
474392346103738,RCR Red de Comunicación Regional,Red de Comunicación Regional,≤100
250852305414229,Revista VOZ - Perú,Ramon Herrera,≤100
89660988793,Asociación Paz y Esperanza,Asociación Paz y Esperanza,≤100
104264071546502,Asociación de Regidores del Perú - ARPE,Harvey Lennin Quiñones Patricio,≤100
534284396949027,Ilich López,Renzo Jireh Casas Torres,≤100
425376271135953,Sin censura,Sin censura,≤100
1536375629973878,Prensa La Eskina,La Eskina Ediciones EIRL,≤100
106395164602216,Juan Burgos,Luis Alberto Chavarry Gutierrez,≤100
1630616653863244,Vitae Educación Ejecutiva,Vitae Educación Ejecutiva,≤100
103188165795844,El Faro de Chancay TV,El Faro de Chancay TV,≤100
316564475960113,Estudio Jurídico Tarazona & Asociados,Diego Alberto Isla Yengle,≤100
1087427024663496,Omar Merino López,Merino Lopex Omar,≤100
106666041256404,Elizabeth Medina,Elizabeth Medina,≤100
100677892543934,Asociación Pro Olmos,Asociación Pro Olmos,≤100
1490129174650573,OIM Perú,These ads ran without a disclaimer,≤100
883608538372189,Cidap Perú,José Antonio Mangini Sánchez,≤100
113857973395461,Luis Angel Aragón - Congresista de la República,Diego Alonzo Alvarez Guevara,≤100
417661094920749,Mas Que Consumidores,Abdon César Augusto Delgado La Cotera,≤100
173144229408518,RENIECPERU,RENIECPERU,≤100
107290784647450,HB Abogados,Julio Alberto Huerta Barrera,≤100
2408653149412251,Edith Carranza al Decanato,Edith Betzabe Carranza Enríquez,≤100
462790453744032,Sutep,Sindicato Unitario de Trabajadores en la Educación del Perú - SUTEP,≤100
104723341438240,EnRumbo Noticias,EnRumbo Noticias,≤100
101340091339173,ELAN - Escuela de Liderazgo para Adultos y Niños,Paul Renzo Soto Perez,≤100
317113615022843,César Acuña,Cesar Acuña Peralta,≤100
101053675911037,Fabri & Asociados Consultoría Política y de Mercadeo,Whilber Eugenio Huallanca Conde,≤100
111309771954029,,Cree y Crea,≤100
109926928389181,Gabriel Nunes,These ads ran without a disclaimer,≤100
358442097543367,Materia,These ads ran without a disclaimer,≤100
100520825048827,Movant Connection,These ads ran without a disclaimer,≤100
32813056753,RPP Noticias,These ads ran without a disclaimer,≤100
109019574560600,Aula Gaceta,Joel V. Supo Baldo,≤100