﻿Page ID,Page name,Disclaimer,Amount spent (THB)
105782438913837,มีศักดิ์ ภักดีคง,มีศักดิ์ ภักดีคง,913
102807719039442,พรรครวมไทยสร้างชาติ United Thai Nation Party,พรรครวมไทยสร้างชาติ United Thai Nation Party,127
157659344260788,จุรินทร์ ลักษณวิศิษฏ์ Aoodda,Jurin Laksanawisit,123
112073738279329,สิงโต - ศักดิ์สิทธิ์ ขาวทอง,สิงโต - ศักดิ์สิทธิ์ ขาวทอง,107
109466785419773,นักรบ ณ ถลาง,Katmachom Jah,≤100
104427797605274,ดร.เฉลิมชัย ศรีอ่อน รัฐมนตรีว่าการกระทรวงเกษตรและสหกรณ์,ดร.เฉลิมชัย ศรีอ่อน รัฐมนตรีว่าการกระทรวงเกษตรและสหกรณ์,≤100
109239188766815,ดร. วิทยา อินาลา,Klod Sawadputsra,≤100
296508406790,"Democrat Party, Thailand พรรคประชาธิปัตย์","Democrat Party, Thailand พรรคประชาธิปัตย์",≤100
100690702820149,ณัฐจกานต์ เพ็ชศรี - Natjakan Phetsri,Natjakan Phetsri,≤100
368356080442700,กำนันพงษ์ศักดิ์ จ่าแก้ว - คนรักสุราษฎร์,Chadapon Maksuwan,≤100
345127652279503,มูลนิธิสากลเพื่อคนพิการ,มูลนิธิสากลเพื่อคนพิการ,≤100
109720095237186,กษิรัช สุวรรณเพ็ญ - ประชาธิปัตย์ ตาก,Kasirat Suwanpen,≤100
100932118600686,"เรารักลุงป้อม ""We love Lung Pom""",These ads ran without a disclaimer,≤100
174674890018644,นายเดชอิศม์ ขาวทอง นายกชาย,Phetai Sretrairat,≤100
115922723434700,ครูเจพีสรุปย่อ for Teacher,ครูเจพีสรุปย่อ for Teacher,≤100
514800142336756,ดร. นิพนธ์ แจ่มจำรัส ชลบุรี เขต 7,Kevin Maltig,≤100
622674297897819,Screenshirt2020,Screenshirt2020,≤100
1105604039583762,Line One สว.นท. ขอเชิญส่งประวัติ ส่วนตัว องค์กร เพื่อเข้ารับรางวัลประจำปี,Suksan Booran,≤100
2046265545683549,เชียร์ลุง,เชียร์ลุง,≤100
204016840519336,ศ.ดร.นฤมล ภิญโญสินวัฒน์,ศ.ดร.นฤมล ภิญโญสินวัฒน์,≤100
102530815945359,องอาจ วชิรพงศ์,Areeya Namdokmai,≤100
101541079361501,กำนันชัย พิชัย ชมภูพล,กำนันชัย พิชัย ชมภูพล,≤100
101535845426970,พรรคไทยสร้างไทย,พรรคไทยสร้างไทย,≤100
116679231319335,ตุ๊ก - กานสินี,Dunyawat  Bamrungchan,≤100
106212605666715,จ๋ายกวี  คนต่งห่อหยัดได้,Kaweejaiphuket,≤100
108515294626891,สอบข้าราชการท้องถิ่น By Thurakan,Chiraphorn Thuree,≤100
241115389300595,คุณหญิงสุดารัตน์ เกยุราพันธุ์ Sudarat Keyuraphan,คุณหญิงสุดารัตน์ เกยุราพันธุ์ Sudarat Keyuraphan,≤100
101504656149099,Peace Sasipatra  - ศศิร์ภัทรา พชิราพิชาพัฒน์,Peace Sasipatra  - ศศิร์ภัทรา พชิราพิชาพัฒน์,≤100
2263098807292933,ทนายศฤงคาร  ข่ายสุวรรณ์,Saringkan Khaisuwon,≤100
111341764925564,สำนักสนับสนุนการพัฒนาระบบสุขภาพ - สำนัก 7 สสส.,สำนักสนับสนุนการพัฒนาระบบสุขภาพ - สำนัก 7 สสส.,≤100
100240152175449,ป้าโส FC by Tacina,Dunyawat  Bamrungchan,≤100
100545119426784,พีระพันธุ์ FC,Bunsong Rodyo,≤100
2131398436998925,ชนินทร์ รุ่งแสง ปชป.,ชนินทร์ รุ่งแสง ปชป.,≤100
190923294988741,สอบครูผู้ช่วยนะ,สอบครูผู้ช่วยนะ,≤100
365923533756876,Kleens อกไก่ปั่น,สันตยุต ทองวิลาศ,≤100
100454798870209,พรรคเส้นด้าย - Zendai Party,พรรคเส้นด้าย - Zendai Party,≤100
141739712586,ตรีรัตน์ ศิริจันทโรภาส - Treerat Sirichantaropas,ตรีรัตน์ ศิริจันทโรภาส - Treerat Sirichantaropas,≤100
177948972256358,เอกนัฏ พร้อมพันธุ์ (ขิง),Chonticha Mahachai,≤100
101903785231136,นายกไก่กังวาล ศักดิ์ชัย พิศาลผล,Thanachit Phraemuang,≤100
106561034744198,ลอรี่ - พงศ์พล ยอดเมืองเจริญ,ลอรี่ - พงศ์พล ยอดเมืองเจริญ,≤100
103418552677315,นันทวัชร์ กูลเกื้อศิประไพ,These ads ran without a disclaimer,≤100
105334607816624,𝐊𝐢𝐧𝐠𝐠𝐞𝐦𝐬 เพชรแท้ ราคาถูก อุบลราชธานี,These ads ran without a disclaimer,≤100
152665702176493,Ringsideการเมือง,Ringsideการเมือง,≤100
146007617136671,พลสิทธิ์ พงศ์พัฒนะกิจ -Ponlasit Pongpattanakit,พลสิทธิ์ พงศ์พัฒนะกิจ -Ponlasit Pongpattanakit,≤100
100614854960815,Hide and Seek Cat Litter,These ads ran without a disclaimer,≤100
277320192288594,โอม จิรชาติ,โอม จิรชาติ,≤100
103863149219273,นิธิกร วุฒินันชัย เอก พรรคเพื่อไทย,เอก นิธิกร วุฒินันชัย,≤100
114365901603259,ดร.นิพนธ์  แจ่มจำรัส,Kevin Maltig,≤100
1964681493614060,ดาวแปดแฉก,These ads ran without a disclaimer,≤100
109316932096944,ดร.พร้อมพงศ์ นพฤทธิ์ - Dr.Prompong Nopparit,Prompong Nopparit,≤100
1635406246730420,วรงค์ เดชกิจวิกรม - Warong Dechgitvigrom,วรงค์ เดชกิจวิกรม - Warong Dechgitvigrom,≤100
572592940087101,คณพลคนกันเอง,Kanapon Senabunyaritthi,≤100
107612328588715,The Voters,สันติสุข กาญจนประกร,≤100
114914794432449,กฎหมายใช้สอบราชการ by Æ+,กฎหมายใช้สอบราชการ by Æ+,≤100
345016283447364,ข้าวแต๋นแผ่นดิบขายส่ง ถูกที่สุด ส่งตรงจากแหล่งผลิต มีบริการชำระปลายทาง,These ads ran without a disclaimer,≤100
224633698033299,The Better news,The Better news,≤100
106492485566151,วิชิต วราศิริกุล เพื่อทุ่งครุ-ราษฎร์บูรณะ เราทำได้,Nattagid Manasermwong,≤100
118757751143686,อิทธิพล ชลธราศิริ - Itthiphon Chontharasiri - แบงค์ชัย,Itthiphon Chontharasiri,≤100
100915662043252,Denis Ads.,บริษัท เดนิส แอดส์ จำกัด,≤100
601953326929372,ธัญวัจน์ กมลวงศ์วัฒน์ - Tunyawaj Kamolwongwat,Tunyawaj Kamolwongwat,≤100
317911298372936,อรอนงค์  กาญจนชูศักดิ์,These ads ran without a disclaimer,≤100
100563224683217,Amarat Chokepamitkul อมรัตน์ โชคปมิตต์กุล,These ads ran without a disclaimer,≤100
105929502780726,VOA Thai,These ads ran without a disclaimer,≤100