﻿Page ID,Page name,Disclaimer,Amount spent (MYR)
100636399607458,Malaysia MADANI,Malaysia MADANI,117
242624549154600,Wong Kah Woh,DAP Taiping,≤100
195105060510135,Kementerian Dalam Negeri (KDN),Kementerian Dalam Negeri (KDN),≤100
138361272876308,马华公会,马华公会,≤100
560429700762980,PAS SHAH ALAM,PAS SHAH ALAM,≤100
176159849754763,MCA,MCA,≤100
231300803661301,Tan Kar Hing,Tan Kar Hing,≤100
169284053121990,Pemuda PAS Bangi,Pemuda PAS Bangi,≤100
27588322041,BFM Radio - The Business Station,BFM Radio - The Business Station,≤100
108562495293165,Energy Asia,Energy Asia,≤100
11726505964,Astro AWANI,Astro AWANI,≤100
1893380910908918,Kesavan Subramaniam,Parti Keadilan Rakyat,≤100
517210464961612,刘华才博士,PGRM,≤100
47298465905,Malaysiakini,FG Media Sdn Bhd,≤100
87363369882,Sinar Harian,Sinar Harian,≤100
214066990599,Berita Harian Online,Berita Harian Online,≤100
31373189944,Malaysiakini BM,FG Media Sdn Bhd,≤100
1481225741958270,YB Arafat - Pusat Khidmat Rakyat ADUN Hulu Kinta,Parti Keadilan Rakyat,≤100
122913508099,Parti Gerakan Rakyat Malaysia,PGRM,≤100
504995402890608,Sandrea Ng,Sandrea Ng,≤100
112512589548367,Bersih dan Stabil : BEST,Bersih dan Stabil : BEST,≤100
223180581163143,Jagdeep Singh Deo 'Serving the People',Jagdeep Singh Deo 'Serving the People',≤100
100737932373477,Beyond Qalbu,Beyond Qalbu Sdn Bhd,≤100
109978830534400,Dr Dominic Lau Hoe Chai,PGRM,≤100
221159141657466,Newswav,Newswav - Malaysia Latest News,≤100
134750209898122,Chang Lih Kang,Parti Keadilan Rakyat,≤100
146911248727335,Abdul Hadi Awang,Abdul Hadi Awang,≤100
438780682811447,PAS Selayang,PAS Selayang,≤100
214453639029748,Sinaran Wanita,Sinaran Wanita,≤100
412182652174876,JESSICA Hong Kong,These ads ran without a disclaimer,≤100
105300152138818,Khairin-Nisa Ismail,Khairin-Nisa Ismail,≤100
239848446510,IDEAS,Institute for Democracy and Economic Affairs (IDEAS),≤100
1571636606449509,Angelus Corporate Services Sdn Bhd,These ads ran without a disclaimer,≤100
107060175401210,Manar Community Utama,Manar Holding Sdn Bhd,≤100
109598287885557,NTS Printing - One Stop Printing Centre,NTS Printing - One Stop Printing Centre,≤100
164492150267814,Dewan Muslimat PAS Melaka,Dewan Muslimat PAS Melaka,≤100
100569215711534,Sinar Daily,Sinar Daily,≤100
117019231415675,Think Smart Study,These ads ran without a disclaimer,≤100
668505209866001,Hilmi Abdullah,These ads ran without a disclaimer,≤100
109862381904645,阿聪吹水堂 Ah Chung Talkshow,阿聪吹水堂 Ah Chung Talkshow,≤100
102442792762174,V.Sivakumar,DE DIGITAL SDN BHD,≤100
243631675973641,Al-Aafiyah Travel & Tours Sdn Bhd,These ads ran without a disclaimer,≤100
111966760286677,Nurul Amal Mohd Fauzi,Nurul Amal Mohd Fauzi,≤100
695414447139619,YYC Advisors,These ads ran without a disclaimer,≤100
100278952355253,Khairul Annuar Mansor,Khairul Annuar Mansor,≤100
230445633883,Jabatan Penerangan Malaysia,Jabatan Penerangan Malaysia,≤100
103982675921636,Malaysia Forward,These ads ran without a disclaimer,≤100
203710569807485,Hafizul Faiz,These ads ran without a disclaimer,≤100
113678588447432,MYVisa Agency Services,These ads ran without a disclaimer,≤100
114770891671003,Nadi Ekuity,These ads ran without a disclaimer,≤100
154574060056739,Warta Rakyat,Warta Rakyat,≤100
401340596873929,The True Net,The True Net,≤100
1427029197598579,Friends of AzwanBro,These ads ran without a disclaimer,≤100
418111285431277,Pusat Khidmat Rakyat Ahli Parlimen Kuala Selangor,These ads ran without a disclaimer,≤100
272279436131157,nippon.com 繁體字,These ads ran without a disclaimer,≤100
110891261067975,Uluslararası Doğu Türkistan Sivil Toplum Kuruluşları Birliği,These ads ran without a disclaimer,≤100
159556865294,Nik Nazmi,Nik Nazmi,≤100
168151513217686,Maybank,These ads ran without a disclaimer,≤100
102659372556779,Neow Choo Seong 梁子祥,These ads ran without a disclaimer,≤100
108625789179165,Soi Dog Foundation,These ads ran without a disclaimer,≤100
180520171996876,IslamInSpanish,These ads ran without a disclaimer,≤100