﻿Page ID,Page name,Disclaimer,Amount spent (NIO)
101995169082388,Embajada de China en Nicaragua,Lino Alvarado,≤100
856012741442139,Ipas LAC,Neuma,≤100
903379026492506,Articulación de Movimientos Sociales y OSC Nicaragua,These ads ran without a disclaimer,≤100
188140874572413,Charles Darwin Foundation,These ads ran without a disclaimer,≤100
1702138929926817,Mongabay Latam,These ads ran without a disclaimer,≤100
379836622078991,Delegación de la Unión Europea-Nicaragua,Delegación de la Unión Europea en Nicaragua,≤100
108584201404731,La Civiltà Cattolica - Edición en español,These ads ran without a disclaimer,≤100
109076095187370,Youthoppia,These ads ran without a disclaimer,≤100
260505207474088,Libélula Cambio Climático,These ads ran without a disclaimer,≤100