﻿Page ID,Page name,Disclaimer,Amount spent (USD)
293384094915450,جريدة الحراك الإخباري,جريدة الحراك الإخباري,≤100
995765983772115,Dzair Tube,Dzair Tube,≤100
270082823183144,Canton Fair,These ads ran without a disclaimer,≤100
107330044933868,UNDP Africa,These ads ran without a disclaimer,≤100
31292782350,Deutschland.de,These ads ran without a disclaimer,≤100
215762698455412,شبكة رؤية الإخبارية,These ads ran without a disclaimer,≤100
1655063151268329,قناة دعوة الفضائية,These ads ran without a disclaimer,≤100
102943879102734,Tv قناة النصر,بن تاوزة ميلود,≤100
106119562179959,Fifreedomtoday,These ads ran without a disclaimer,≤100