﻿Page ID,Page name,Disclaimer,Amount spent (USD),Number of ads in Library
107164101598971,Président du Sénat Herimanana Razafimahefa,Nicole Zafimaroson,≤100,2
105173452392388,Celcom Sénat,Nicole Zafimaroson,≤100,2
1779124972372679,Miss Perfect,These ads ran without a disclaimer,≤100,1
100246552643240,Mi-Kanto,These ads ran without a disclaimer,≤100,1
200480966638039,Supremacy 1914,These ads ran without a disclaimer,≤100,2
110463704610731,Cute Kiwi,These ads ran without a disclaimer,≤100,1
112634255115232,Community Healthcare Services,These ads ran without a disclaimer,≤100,1
106307205764231,Z-48-pro,These ads ran without a disclaimer,≤100,1
270082823183144,Canton Fair,These ads ran without a disclaimer,≤100,1
121027706313,GlobalSpec,These ads ran without a disclaimer,≤100,1
113084254966376,Eddie Maestas,These ads ran without a disclaimer,≤100,1
2418643321715898,Daily Stickers,These ads ran without a disclaimer,≤100,1
149290745229517,Online Antisemitism Task Force,These ads ran without a disclaimer,≤100,1
102585156036985,Wifi Data & Network Manager-0417-L1,These ads ran without a disclaimer,≤100,1
1286486861452393,Asia World Model United Nations,These ads ran without a disclaimer,≤100,1
142329112477770,البنك الدولي,These ads ran without a disclaimer,≤100,1