﻿Page ID,Page name,Disclaimer,Amount spent (USD)
101029751624330,គង់ សោភ័ណ្ឌ អភិបាលខេត្តកណ្តាល Kong Sophorn Governor of Kandal Province,គង់ សោភ័ណ្ឌ អភិបាលខេត្តកណ្តាល Kong Sophorn Governor of Kandal Province,≤100
543230525840908,Asianerial Advisory Int.,Asianerial Advisory Int.,≤100
102149901154440,Man Navy,Man Navy,≤100
783660018410989,H.E. Oknha Datuk Othsman Hassan,Roya Mat,≤100
111975152184324,"Samdech Hun Sen, Cambodian Prime Minister","Samdech Hun Sen, Cambodian Prime Minister",≤100
271082999713221,Cri ccfr,Cri ccfr,≤100
107248224050954,ឡុង នរិន្ទ - Long Norrin,ឡុង នរិន្ទ - Long Norrin,≤100
110372271312240,ក្រុមការងារអភិវឌ្ឍយុវជនខេត្តព្រៃវែង,Dyna Moeung,≤100
106374614548737,ខេមបូចា ព័ត៌មាន,ខេមបូចា ព័ត៌មាន,≤100
2260430647540976,កម្ពុជា ៤.០ - Cambodia 4.0,Reun Daro,≤100
1582014712074227,គណបក្សប្រជាជនកម្ពុជា Cambodian People's Party,David Than,≤100
105866705100869,Khmer Tech Market,Khmer Tech Market,≤100
558050957660331,ព្រឹទ្ធសភាកម្ពុជា Senate of Cambodia,Kok Vay,≤100
1995251780700007,បណ្ឌិត ងិន បាណាល់ - Dr. NGIN Banal,Dyna Moeung,≤100
1118529501568378,មន្ទីរសាធារណការ និងដឹកជញ្ជូន ខេត្តបាត់ដំបង,មន្ទីរសាធារណការ និងដឹកជញ្ជូន ខេត្តបាត់ដំបង,≤100
1309741899186397,CamboJANews,CamboJANews,≤100
68793499001,UNICEF,These ads ran without a disclaimer,≤100
107704088257820,Aquarii BD Cambodia,"AQUARII BD (CAMBODIA) CO., LTD.",≤100
844603092353014,ជា ពិសី - Chea Pisey,ជា ពិសី - Chea Pisey,≤100
146649842083645,COMFREL,COMFREL,≤100
1691081041182548,Cambonomist,Chan Phearom,≤100