﻿Page ID,Page name,Disclaimer,Amount spent (INR)
294493857651676,Rahul Gandhi,Indian National Congress,21092
54779960819,United Nations,United Nations with Facebook Ad Credits,20792
103704155350118,Gates Foundation India,The Bill & Melinda Gates Foundation,15204
107395897271506,Kutumb,Swatantra Verma,4244
187668288312583,Otrivin,Haleon India,4153
1646469018966996,Dayashankar Singh,Sumit Kumar,4139
109986065209042,Mera Apna Rahul,MeraApnaRahul,3733
104516512296314,Kartikeya Sharma,Adv Tech,3552
109986065209042,Mera Apna Rahul,Mera Apna Rahul,3362
184278081698180,Ashok Gehlot,Ashok Gehlot,3042
105671775473178,Jan Suraaj,Jan Suraaj,2977
523121567889527,Jitender Kumar Bhardwaj,Jitender Kumar Bhardwaj,2858
21169267101,Give,Give,2556
1488581191158902,Conscious Planet,Isha outreach,1745
110540565228341,Ganguly H Kurabathalli,Ganguly H Kurubathalli,1484
185351434858339,Rahul Richhariya,Rahul Richhariya,1353
165714096933078,Piyush Goyal,Piyush Goyal,1269
1327351450720146,Pradhan Mantri Bhartiya Janaushadhi Pariyojana,Pharmaceuticals & Medical Devices Bureau of India,1067
103782051383159,School of Politics,School of Politics,1028
100240102800860,Gorakhpur-Faizabad Graduate MLC Candidate - Prof. Dr. Sheo Mohan Singh,International Centre for Stem Cells Cancer and Biotechnology,1028
414299629034323,Sanjeev Agarwal,Satyam Agarwal,995
174283119250672,Save the Children India,Bal Raksha Bharat,942
1755672218047464,Pratima Singh,Vikramaditya Singh,868
109545244848137,Crafto,Kutumb App,853
107782041629618,Team Kailash Kesarwani,Team Kailash Kesarwani,743
109614434145129,Praveen Chandra Srivastava,Sparsh Rastogi,687
746568209028564,Dr. Basu Eye Hospital,Dr. Basu Eye Hospital,663
1196196390526965,Facebook Surveys,These ads ran without a disclaimer,662
243524299157863,Pushkar Singh Dhami,Pushkar Singh Dhami,660
102707862589461,Apex Online Solution,Sahar Ali,656
110846984022901,MPIDC,Anand Raj Singh,614
111467411792777,TEDx Mussoorie 2023,TEDx Mussoorie 2023,590
301058180261039,Kunwar Brijesh Singh,TechnoDigi,579
107203148110541,Action Speaks Louder,These ads ran without a disclaimer,579
605390272841833,Shrirang Appa Barne,Abhay Balu Ahire,546
107113000831690,Dr.Manik Saha,maniksaha.com,501
220915357934024,Arvind Sangal,Bharat Sangal,496
100232692891295,Pushpendra Singh,Sandeep Mishra,488
104719664464698,Prashasnik Gurukul,Shraddha Singh,474
113338681581166,NICT Technology Csp Pvt Ltd,Abhishek Kumar,444
269656350189153,सागर गुप्ता,Sagar Gupta,438
466642616726169,Parul University,Parul University,432
105652472401409,AROMA Villas,Praveen Kumar,430
112757083778788,"Economic Daily, China",These ads ran without a disclaimer,414
104656344931338,Pravesh Agrawal,Swanit Infotech,405
107217890971938,Tanu Yadav,Tanu Yadav,401
132495066874513,GAIL (India) Limited,social cloud ventures,395
1510631479236816,Hawa Badlo,social cloud ventures Pvt Ltd,388
547446695324625,Vijay Laxmi Gautam,Madan Mohan Tiwari,386
216506801885954,Pankaj Chaudhary,Yash Bagh,385
1521106071438318,CMO Chhattisgarh,Clarion IT,375
106126212227764,P Mudar Loan,Mukeshbhai Samatbhai Rathod,374
103206797721245,Tollygunge Trinamool Congress,Mohammad Azharuddin,373
1780378335513078,Sandeep Singh,Sandeep Kumar Singh,370
1806837606282996,Kartikey Kaushik,These ads ran without a disclaimer,358
109014161259936,Viraj Sagar Das,Prem Shankar,344
297842950890788,Disney+ Hotstar India,These ads ran without a disclaimer,344
577856385582447,Raghu Sharma,Kanishk Bansal,338
101172242346540,Prince Chaudhary,Nitin Kumar,333
100560335965049,The Pamphlet,The Pamphlet,332
108672068366317,Prahalad Das Gupta,Mukesh Singh,326
103206797721245,Tollygunge Trinamool Congress,Nargis Khatun,310
108721748160943,Sanjay Gupta,Sanjay Gupta,305
1990248287670848,Shashank Mani शशांक मणि,Shashank Mani,303
2087304161537503,विशेष बामल,Vishesh Bamel,297
365136584238569,Shiv Deswal Degana,Brand Balance Private Limited,294
187873361569866,Nand Ghar,Aman Prakash,293
105617802345989,BQ Prime Hindi,Bloomberg Quint,290
978717532164504,Baburam Nishad,Amit Tiwari,289
463022610923583,Kartikey Shukla,Anuj Kumar,288
109707661884154,Indian Compass,theindiancompass.com,285
271985123173847,Pushpendra singh bjp sadar vidhansabha 180 raebareli,Pushpendra Singh,280
761826677309909,Bhupinder Lather,Book My Promo,266
231167140371342,Kanhaiya Lal Choudhary,Raghunandan Sharma,266
886181921715691,Kedar Hazra,Nisant Kumar,264
100735178208398,Udyami India,Samadhan Samiti,261
111731533857854,Elections Management,Ajay Kumar,258
2051492865096870,Er.Praveen Nishad,Akshay Anand,257
224618077692752,Sanjay Tandon,Saraansh Tandon,256
339835596096353,Satish Poonia,Choudhary Ramesh Chaudhary,249
110656905220206,Seema Misra,Nitin Kumar,248
719033928865586,Daily Poster,Anuj Kumar,247
462977060473889,Mukesh srivastava MLA,Ritesh Kumar Srivastav,244
1493467387573959,Ghulam Nabi Azad,Advertiseyouonline,243
1785302198354679,Dr. Somendra Tomar,Somendra Singh,242
592160907509900,Diya Kumari,Diya Kumari,241
148931718592314,Tarun Chugh,Adv Tech,237
102111112713801,Daman Sethi,Utkarsh Srivastava,234
110470334428541,Dr. Dhirendra Pratap Singh - Dheeru Singh,Shashank Gupta,231
1629895220373258,Dr. Manoj Kumar Shah,Kaustubh Bhatt,226
103511128730044,Imran Akhtar - Sunny,Kuldeep,225
994578073995343,B. L. Verma,Sourabh Arvind Dubey,222
104908641373434,Anukriti Gusain Rawat,Anukriti Gusain,221
295405070641302,Balraj Kundu,Pankaj Sharma,217
102663795656574,Marengo Asia Healthcare,These ads ran without a disclaimer,216
112813480291968,Mahesh singh kinng,Akash Singh,215
351633781843801,Ashok Katariya,Vivek Sharma,213
107967851436576,Shiv Pratap Singh Yadav,Santosh Kumar,213
101652122809974,Sunil Tripathi,Sunil Kumar Tiwari,210
268437163351102,Saurabh Srivastava,Saurabh Srivastava,204
218519749005654,Dr. Rakesh Singh Jadon,Rakesh Singh Jadon,203
109472460840327,Vipin Srivastava alias Balendra Pratap,Ritesh Kumar Srivastav,203
100848838931597,Tikam singh Ranawat,Kamlesh Kumar,202
101286252396531,Srvs Group of Educational Institutions,Akash Singh,202
1451153194952491,Suresh Chand Soni,Shelendra Soni,200
483268195358928,Roshan lal verma -mla,Utkarsh Batham,199
111785660507163,openprisonvoices,Aalap Dipen Vyas,197
111527111467505,Rupesh Chaudhary BJP,Rupesh Chaudhary,197
101283608900819,Arshad iqbal INC,Digitix Media,195
163025777648018,Shashank Bhargava,Shashank Bhargava,193
111730805079076,Suresh Kumar Tripathi,Digital Dreams Systems,188
102490589104580,Apna Hindustan,Hemant Singh Bisht,185
101713962007976,Amrit Mahotsav,Amrit Mahotsav,184
552159824873262,Kethireddy M.L.A,Venkata Krishna Reddy Kethireddy,181
104311631954217,Pharma Simplified,Dawa Charcha,180
1464107573864436,Lalit Yadav - Mundawar,Lekhraj Kumawat,180
103609511145569,Jet digital brand management,Varun Shivpuriya,178
1548923041893741,Virender Singh Rathore,INC,178
630955390420927,Amitabh Bajpai,Hari Om Tripathi,178
102710804961947,Patanjali Nutrela Products,Saura Bh Sin Gh,175
135102620673150,Ramswaroop Kasana,Rohit Githala,172
1675237799375590,Chandra Mohan Patowary,Jitendra Newatia,172
2078242259060363,Kukufm,Mohana Saha,171
112816070484196,Saurabh Srivastava,Saurabh Srivastava,169
171300193305647,Aishwarya Chaudhary Adv. - Mausam Bhaiya,These ads ran without a disclaimer,167
109835227509180,Upendra Pal Singh,Utkarsh Batham,162
449945121742046,Ravi Kumar Yadav,Venkata Satish Chandu,161
1749332311853178,Chandra Mani Yadav-चन्द्रमणि यादव,Chandra Mani Yadav,160
1619332168387269,Anurag singh MLA,Ankaj Tiwari,158
321228061382932,Pt. Shekhar Dixit,Websofy Software Private Limited,157
112012941066867,उत्तराखंड मुख्यमंत्री रिपोर्ट कार्ड,Abhishek Shukla,157
100323604995836,Ramdas Patil Sumthankar,Swapnil Dilip Byale,157
108742684077976,Kunwar Abhishek Singh,Vidhi Agrawal,155
109017460813329,Ishwarjot Cheema,Iswarjot Singh Cheema,155
132689140088396,smilefoundation,Smile Foundation,154
2138900846327639,Swami Pravakta Nand Ji,Jay Drath Prawakta Nand,152
1932900346831325,Rajesh D Sanghvi,Rajesh Dineshchandra Sanghvi,151
1110178129121993,Ashok Vishnoi IRS,Pawan Kumar Sharma,150
285029500623,CARE India,CARE India,149
110613061629801,Ufos World,Prashant Kumar,147
100485426184353,Rashtriya Uttar Bhartiya Samaj Party - Delhi,Manoj Kumar Singh,146
1100583156625229,Dheeraj Gurjar,Dheeraj Gujar,143
104052753400618,Union Bank of India,Goldmine Advertising Limited,141
113015261647792,Nancy Jaiswal,Utkarsh Srivastava,138
827495487267419,Amin Pathan,Amin Pathan,135
342821709631360,Ratan Lal Nath,Ratan Lal Nath,134
112090987301375,Rakesh Rajput,Rakesh Rajput,134
642996226201566,Sudhakar Shrangare,Aslam Afroz Kazi,133
109354741887336,Udhay Anna - உதய் அண்ணா,Politicode,133
152154292012572,Navjivan,Navjivan,132
101610392620043,ITS Speciality Dental Clinic,ITS Speciality Dental Clinic,132
195167817324812,Pawan Khera,Indian National Congress,130
907380126044074,Vishwas Chaudhary,Vishwas Chaudhary,128
525464697504061,Sardar VM Singh,Virinder Mohan Singh,127
528144820729879,Pramod Sehwag,Vikas Kumar,127
276512419511205,Kathi Karthika,Policy Briefcase,127
216879079078673,Sanjay Singh Yadav,Sanjay Singh Yadav,126
1660883877495922,Gauri Shankar  Verma,Neetesh Verma,126
1260752167386562,Chhatrabali Singh,Akash Singh,123
162115051234970,Dharmendra Singh Lodhi mla,Dharmendra Singh Lodhi,120
110218775247217,Dr Gadala Srinivasa Rao,Srinivasa Rao Gadala,120
236513316512772,Paras Jain Khatauli,Paras Jain,118
667560657014524,Mahendra Singh Solanki,Nitesh Tiwari,118
1360805680600676,Sandeep Kshirsagar,Yogesh Padmakarrao Pawar,117
385658441549334,Deepak Bhati Chotiwala,Dipak Bhati,116
104539981973411,"Antranjay Singh ""Goldi Raja""",Prashant Singh,116
447540119348781,Gali Somasekhara Reddy,Venkatesh Hari Krishna,111
109735351891742,Apex India service,Ajay Tiwari,111
1929823443694918,Pardeep Lohan,Pardeep Kumar,110
103688032445275,Prince Yukesh Singh,Ankaj Tiwari,109
1850064485271092,Vijay Kaushik,Kanav Kathuria,108
102011589444451,Youth Brigade Paras Jain Khatauli,Paras Jain,106
102927112109432,Priyal Bhardwaj,Subham Singh,106
107538390972980,झारखंड प्रदेश यादव महासभा,Bajrangi Prasad Yadav,105
236135776853694,SP Gurjar Bariyara,Bhagatsingh,103
100250732439696,Rajesh Singh,Rajesh Rambali Singh,102
102723655951874,विपिन शुक्ला,Click2Public Technologies OPC Pvt. Ltd.,102
435124759989017,Yogendra Singh Mandloi,Yajuvendra Singh Mandloi,102
114378828185358,Santosh Kumar Jaiswal,Vivek Kumar,≤100
106176554999083,Pankaj Mishra,Akash Singh,≤100
104557294471061,Vikas Sharma,Pawan Kumar Sharma,≤100
104652182000619,Gurjeet Singh Talwandi,Gurjeet Singh Cheema,≤100
104513162414797,Dr Sanghmitra Maurya,Click2Public Technologies OPC Pvt. Ltd.,≤100
506874439519016,SANJEEV SINGH,Engitech Media,≤100
100896385784559,Anand mani tripathi BJP,Anand Mani Tripathi,≤100
1223457774404080,Marengo QRG Hospital,These ads ran without a disclaimer,≤100
657519207705019,Sunita Verma,Nitin Raj,≤100
423874327718687,Vikas Bhagat Fans Page,Sandeep Mishra,≤100
1569852659799372,Nishant Anand,Nishant Anand,≤100
108868417297364,"Abhinav Mishra ""Happy""",Abhinav Mishra,≤100
898286727215266,Webstruck Stream Solutions Pvt. Ltd,Kanav Kathuria,≤100
284084385706387,Vineet  Dangi,Arun Kumar Sharma,≤100
708844685796745,OP Choudhary,OP Choudhary,≤100
241940555912671,Chandigarh University,Chandigarh University,≤100
110197854912974,Sonu Singh Garg,Pratik Garg,≤100
105110844616542,"भानू प्रताप सिंह ""यादव""",zinka logistics solutions pvt ltd,≤100
100135222805027,Thakur Manjeet Singh Pradhan Ji,Himanshu Goel,≤100
105596701293129,Ayodhya Development Authority,Sandeep Kumar Sharma,≤100
109278495036865,Ankur Porwal,Election Fight,≤100
111622410196045,State of Youth,These ads ran without a disclaimer,≤100
101657432455302,Dr Vattsalya Upadhyay,Vatsalya Upadhyay,≤100
109066315147120,News Temple,Jainendra Agrawal,≤100
100931599132399,Arun Sharma,Arun Kumar Sharma,≤100
369780283211302,Dr. Sudhakar K,Divya Gowda,≤100
102068925718399,Rakesh Sharma,Rajat Agrawal,≤100
107508668733524,Mr. Rentwala,Utkarsh Srivastava,≤100
719456094734999,Ramesh Agrahari,Utkarsh Srivastava,≤100
164900183924250,Santosh singh BJP,Akash Singh,≤100
106825905031150,"Nagar Palika Parishad, Hapur",Nitin Kumar,≤100
719658791440653,Swami Sumedhanand Saraswati,Dharmendra Chhonkar,≤100
271711770069401,सुरेश धाकड़ राठखेड़ा,Gajendra Verma,≤100
204318116677554,National Herald,National Herald,≤100
836445993379766,Ram Pratap Verma MLA,Akash Singh,≤100
104101179215970,वीरेन्द्र सिंह पटेल Virendra Singh Patel,Utkarsh Srivastava,≤100
385303288239154,Raghuveer Singh Tanwar,Raghuveer Singh Tanwar,≤100
1406676006269693,Kedar Kansana,Arun Kumar Sharma,≤100
108366798238330,Haryana Affordable Housing Scheme,Arpit Mittal,≤100
1822357177777568,Bhaiyya Gandhe,Malhar Mahendra Gandhe,≤100
186199704897466,RD Foundation,RD Foundation,≤100
102822679137454,Shaktirath Singh “शक्ति”,Shaktirath Singh “शक्ति”,≤100
326243404670820,Mohammad Shariq,Shariq  Mohd,≤100
777771655697023,Aditya Shankar Prasad,Pramender Kumar,≤100
103431795767026,Chand Siddiqui,Mohammad Chand Siddiqui,≤100
1507954916102954,Shree Chintaman Ganesh,Arjun Sharma,≤100
155418314920954,Orchid HRD Trainings भाषणकला व राजकीय नेतृत्व कौशल्य प्रशिक्षण,Ganesh Subhashrao Lomte,≤100
102597425311635,Surya Pratap Singh,Surya Pratap Singh,≤100
739221966159227,Rajesh Singh,Adv Tech,≤100
109916533853207,AMIT KUMAR SINGH,Akash Singh,≤100
667862236707254,Rohit Kumar Singh,Arshad Ansari,≤100
660307317641231,Confiance Communications,These ads ran without a disclaimer,≤100
108209555020383,B somashekar,RMT,≤100
102123079337554,International Society for Krishna Consciousness,ISKCON Delhi,≤100
106456887722695,Adesh Yadav BJP,Anil Kumar,≤100
621054018262029,"डॉ. अवधेश कुमार वर्मा, सामाजिक कार्यकर्ता एवं शिक्षाविद, सचिव-भवदीय ग्रुप",Shri Krishna Dubey,≤100
801476753252217,Rajan Naik,Rajan Naik,≤100
105666934718238,Ranjit Das,Ranjit Das,≤100
103207392085077,JP Valluru,Anshika Srivastava,≤100
103125628674152,Dushyant Raj Singh Chundawat Chittorgarh,Tanuj Nandwana,≤100
102161921182493,Ram Niwas Garg,Ram Niwas Garg,≤100
101897054923377,Arshdeep Samar,Gagandeep Singh,≤100
101059166038577,Amit Mahindru,Yash Bagh,≤100
307988255894298,Abhimanyu Singh Rajvi,Puneet Kumar Bulwani,≤100
112676663703345,Rakesh Yadav,Arun Kumar Sharma,≤100
101249476015960,We Support Jagjit Sharma,Jagjit Sharma,≤100
102091768921733,Ashok dubey bjp,Prashant Mahton,≤100
192327827624662,The Citizen,The Citizen,≤100
764865110238987,Varinder Shah - Bulle Shah,Big Boys Consulting Private Limited,≤100
100179215257432,Hardwar Dubey,Pranshu Dubey,≤100
100389844707830,Mahesh Tilakdhari,Ravita Bilochi,≤100
111861104315866,Prateek Kalia,Prateek Kalia,≤100
2205544183064603,Surender Panwar,Ashish Sakhuja,≤100
106313415317403,Shobhit Jaiswal,Sarvesh Shukla,≤100
896461820502127,Dharmendra Dhama,Dharmendra Dhama,≤100
246558505475210,Bala Ram Choudhary,Mukesh Choudhary,≤100
100109299645048,Balbir Singh Raghuwanshi,Vivek Kumar,≤100
163190160489585,Vasundhara Raje,Vasundhara Raje,≤100
179765292047054,Manickam Tagore,Kathiresan K,≤100
109865758363404,Ojamin India,Ashish Ramesh Joshi,≤100
2073183832762291,Meri Neta - Priyanka Gandhi,Jitender Kumar Bhardwaj,≤100
104136199047870,Bharat Todo Gang - भारत तोड़ो गैंग,Bharat Todo Gang - भारत तोड़ो गैंग,≤100
115220224403369,Yogesh Shukla,Shreshth Tiwari,≤100
100397065389654,Nitin Pathak BJP,Nitin Rameshchandra Pathak,≤100
105665855743500,नगर पंचायत बरियारपुर,Neeraj Kumar Pandey,≤100
1885066701723302,Suneel Saraf MLA,Suneel Saraf,≤100
108082131858647,भगवा सेवक प्रदीप शर्मा,These ads ran without a disclaimer,≤100
108920493878689,Gurmeet Singh Soora,Karandeep Kaur,≤100
112061804808512,Sports Development Authority of Bihar - SDAB,Ajit Kumar,≤100
224753514204375,Janaagraha,Janaagraha Centre for Citizenship and Democracy,≤100
103123778911207,CSC Id Provider,Satyam Kumar Sahni,≤100
112104898209337,रणसंग्राम निवडणुकीचा,Omkar Ramesh Bibave,≤100
323533675176475,Jitendra Vaidya,Aarti Seth,≤100
180117106127331,अभय सैनी एड्वोकेट,Bugal Singh Saini,≤100
142752549111246,Construction World Magazine,Asapp Info Global Services Pvt. Ltd,≤100
292081617502897,Avijit De Bhowmik,Ujjal Ray,≤100
103641339136662,Pushkar Awasthi,Pushkar Awasthi,≤100
126705612205953,Devendra Jha BJP,Digital Kumbh Pvt. Ltd.,≤100
107987368257362,NM Naveen Kumar - ಎನ್ ಎಂ ನವೀನ್ ಕುಮಾರ್,Naveen N M,≤100
1787417641526210,Pankhuri Pathak,Pankhuri Pathak,≤100
100294672142198,Punjabi Dhaba - पंजाबी ढाबा,Abhay Kumar Tiwari,≤100
112554440463293,Malkhan Singh Chouhan - BJP,Prashant Mahton,≤100
1469646599969390,Qaumi Awaz,QAUMI AWAZ,≤100
528307847248802,Indian National Congress -  Madhya Pradesh,Abhay Kumar Tiwari,≤100
1385030988493740,Devendra Pratap Singh,Mayank Mani,≤100
1088373891289696,Kamal yadav,Akash Singh,≤100
106306701515836,Ayush Tyagi Kakda,Ayush Tyagi,≤100
108984951723852,Mithlesh Malik,Naresh Kumar Shoeran,≤100
113101774385787,Avinash Kale,Pavan Laxmanrao Bhalerao,≤100
1955301821451552,Abhishek Dutta,Abhishek Dutta,≤100
112326528253527,Apex Online Solution,Ajay Tiwari,≤100
736338686396054,Rafique Mandelia,Webtix,≤100
973751146027048,Vijay Pratap,Karan Singh,≤100
743418359142684,Bajrangi Prasad Yadav,Bajrangi Prasad Yadav,≤100
2043030032584454,Rahul Chaturvedi,Rahul Ramprasad Chaturvedi,≤100
1924627484438235,Arlak Ayurveda,Swati Dhiman,≤100
496155810804760,DevNarayan Latala,Rohit Githala,≤100
293685377636118,Asianet News Tamil,Asianet News Tamil,≤100
981603711956127,Abdul Hafiz Malik,brandprogrammer,≤100
528580124002251,Udayan Sharma,Priyavrat Sharma,≤100
975067502615074,Modi fan,Keyword India Network Pvt. Ltd.,≤100
101206052272845,Devi Singh Shekhawat,Lekhraj Kumawat,≤100
106280825481824,Kundan Pandey,Deepak Vishwkarma,≤100
1610180912621752,Dushyant Chaudhary,Jainendra Agrawal,≤100
1247832465228198,Mahendra Singh Rathore,Engitech Media,≤100
1605035726374622,Khatana Bulletin,KHATANA BULLETIN,≤100
105820848944884,Apex India Online Hub,Mukeshbhai Samatbhai Rathod,≤100
1659432747661383,Purnanshu Ojha,Ankaj Tiwari,≤100
2362229027338767,బీజేపీ వైపు ప్రజల చూపు,Bharath Kumar Ravula,≤100
245528646359816,Vipul Sharma,Engitech Media,≤100
1100194563332064,P J Chaudhary,Parthibhai Jethabhai Chaudhary,≤100
107148595058269,Adv Harita Mehta,Sandeep Kumar Rana,≤100
350880081913337,Sahdev Salaria,Rajesh Jaswal,≤100
581568278627202,Jitendra Awhad,Mohasin Azad Shaikh,≤100
544436915744299,Dhirendra Bahadur Singh,Ajay Singh,≤100
107662551383404,Adore happy homes Pride,Aggarwal Buildtech,≤100
524665794408050,CASA,Arushi Narchal,≤100
106378422059330,Himmat Singh Bharatpur,Jainendra Agrawal,≤100
912978008770734,MLC Virendra Narayan Yadav,Manoj Kumar,≤100
163577014441724,Subhash Gangoli MLA,Dinesh,≤100
2146194495652513,Adv Rajesh Goutam,Rajesh Goutam,≤100
1345108368906054,Mla Ashok Uike,Mla Ashok Uike,≤100
1025916094091284,Sudhir Kumar Nimoth,Sudhir Kumar,≤100
928448863892029,RK Sinha,RK Sinha,≤100
579070728906826,Prabhasakshi,Gautam Radheshyam Morarka,≤100
1882711862044371,Er. Shashi Bhushan Rai - Gappu rai,Shashi Bhushan Rai,≤100
1964648457141458,Shanthi Kumar,Mayurnath Matam,≤100
426881010719758,Soumik Hossain,Angur Shaikh,≤100
574635899358117,WorkForce Infotech Pvt Ltd,Viswa Deepak Tripathi,≤100
135180180340322,Jitendra Verma,Arshad Ansari,≤100
110073091814905,लोनी की राजनीती,Umesh Kumar,≤100
578430339598121,Lalit Panwar,Kanav Kathuria,≤100
106567158347049,प्रमुख समाचार,Niraj Pandey,≤100
186946195324323,Sandeep Kumar,Sandip Kumar,≤100
104471954877219,शोएब खत्री,Mohd Soyab Khatri,≤100
105836815721880,Aviscad,Ashish Prakash,≤100
791996340811292,Dr Madhuri Borse,Vipul Jayantilal Bafna,≤100
104590325539529,Adv Harita Mehta Fan Club,Sandeep Kumar Rana,≤100
656937724323324,Adani Foundation,These ads ran without a disclaimer,≤100
550287678727831,Bharath Reddy Ravula,Bharath Kumar Ravula,≤100
106261054498841,Advocate Rajat Bhargava,Rajat Bhargava,≤100
101934364973378,SUNIL YADAV BJP,Sunil Kumar,≤100
261172711461844,बाघी शिबू दुबे,Amit Kumar,≤100
104835264704460,रघुवीर सहरिया सलेमपुर,Anshul Kumar Gupta,≤100
101156092832173,Prem Hospital Super Speciality Center,Pawan Kumar Sharma,≤100
257916314892663,Kaustubh Narayan Misra,Kaustubh Narayan Misra,≤100
304580107099066,खबर सीमांचल सेव,Md Farhan Alam,≤100
110800303908267,Kuber Singh Gurjar,Kuber Singh Gurjar,≤100
208588329501133,Mukesh Sharma,Praveen Kumar Garg,≤100
104867526497,Frontlist,Frontlist,≤100
110809954597475,Premavati PK Verma,Dheeraj Kumar Verma,≤100
115581696797257,Suresh Raje,Suresh Kumar Raje,≤100
112481673891034,CA Suresh Jha,Pranav Laltuna Sada,≤100
1921643788064061,DEMOcracy,These ads ran without a disclaimer,≤100
418608865242948,Priyasharmaravlani,Krishna Murti Sharma,≤100
107946518029943,Sheelu Sahu,Naveen Singhal,≤100
104498978750459,Aman Singh,Ratish Mukhiya,≤100
854360801347770,Deepak Singh Som,Deepak Singh Som,≤100
109618480745193,Rajiv Katyal Palwal,Rajeev Katyal,≤100
113871470976100,Aruna Avinash Kale,Pavan Laxmanrao Bhalerao,≤100
107813374962437,gags_dhatt,YOUTH VOICE FOUNDATION,≤100
167769307277225,Bharat Singh Kushwah,Bharat Singh Kushwah,≤100
1781479445448595,Rajnish Kumar Singh,Vaibhav Suryawanshi,≤100
2163983083861031,Atul Kapoor,Atul Kapoor,≤100
102964555630139,Meghalaya with Conrad,Meghalaya with Conrad,≤100
231512217793516,Ashok Goel Mangaliwala,Ashok Kumar Goel,≤100
225066494265078,Adv K K Aneeshkumar,Aneeshkumar K K,≤100
109865981414136,Civic Studios,These ads ran without a disclaimer,≤100
1397767487148044,Jaidatta Kshirsagar,Jaydatta Sonajirao Kshirsagar,≤100
105682567774739,Tajinder Singh Sran,Tajinder Singh,≤100
747930775373319,Saral Patel,Saral Patel,≤100
200447686806046,Amandeep Singh Chawla,Kanav Kathuria,≤100
268998889945816,Darshana Singh,Darshana Singh,≤100
109492058199928,Being Spiritual Foundation,Being Spiritual Foundation,≤100
109391860938944,DishaShankar,Shankar Disha,≤100
693289664149663,Dr. Shashikant Sharma,DIMPLE.R,≤100
2218902201680311,RAVI RAI,Utkarsh Srivastava,≤100
313259842689696,IAS Vishal Singh,Sandeep Kumar Sharma,≤100
792213974253605,Surendra Patwa,Udaysingh,≤100
108711685305283,Manish Mishra “Ravi Ranjan”,Digital Kumbh Pvt. LTD.,≤100
1451713601732629,PK Verma,Dheeraj Kumar Verma,≤100
132430276857604,Muralidhar Rao,Bipin,≤100
100381598277258,Ashutosh dwivedi,Suraj Kaul,≤100
269761569864265,Rao Padma,Kushal Reddy Rao,≤100
106674071232063,Rohitashav Singh Chouhan,Rohitashav Singh,≤100
197799933601096,Pujya Shashi Prabha Ji,Madan Mohan Tiwari,≤100
108381642141153,ccwaorg,These ads ran without a disclaimer,≤100
624122961126616,Dhanwati Chandela,Luxmi Devi,≤100
415332588877399,Banda Karthika Reddy,Chandra Reddy Banda,≤100
100233879550570,Satya Narayan Jaiswal,Easy Social,≤100
111560924353656,Swetha Reddy,Rajendra Reddy Bhuvanagiri,≤100
215348045283558,Adv.Ganesh Satpute,Ganesh Bhimrao Satpute,≤100
105717162026502,PropXperts,PropXperts,≤100
314931168679734,Ashok Thakur,Kanav Kathuria,≤100
1463405053879604,Baldev Alawalpur,Anju  Chaudhary,≤100
116997354325105,Wg Cdr Anuma Acharya,Anuma Acharya,≤100
1849504638653413,Khabar Info,Sarvesh Shukla,≤100
101460484949823,Ajeet Singh,Ajeet Singh,≤100
10150110302115599,Genesis Foundation,Genesis Foundation,≤100
108788231529522,Haider Raza,FACSSTARTUP,≤100
107866654803432,Shivpratap singh chouhan,Shivpratap Singh Chouhan,≤100
409262542574866,Sandeep Sharma,Raghunandan Sharma,≤100
108015368279979,Solh Wellness,Omlogic consulting pvt. ltd.,≤100
146482327551882,Ramesh Singh Yadav,Ramesh Singh Yadav,≤100
109138840964904,Mahendra singh,Mahendra Singh,≤100
744615822251779,Surendra Mahicha,Surendra Mahicha,≤100
101325909230536,Ram Kumar Singh,Akshay Anand,≤100
145703105530196,Brahmachari Chaitanyanand Ji,Prashant Gupta,≤100
112333551648886,Kalpana Bhatnagar,Ganesh Kumar,≤100
447657925340264,Soni Shivhare,Shyamji Gupta,≤100
318205675275285,APL Apollo Tubes Limited,APL Apollo Tubes,≤100
863961040416615,Punit Verma पूर्व उपाध्यक्ष विश्व हिन्दू परिषद् काशी प्रान्त,Punit Varma,≤100
1804645403107297,Shaurya Deep Srivastava - Sachin,Shaurya Deep,≤100
100287422635991,Anshul Dixit,Anshul Dixit,≤100
110679913629785,Rajesh Yadav,Akash Singh,≤100
104413831647263,Jeevan Kumar,Sandeep Kumar,≤100
534940950026720,Harendra Singh Chaudhary,Rahul Kumar Kirodiwal,≤100
107257065559692,Devendra Pareek Kekri,Ganesh Kumar,≤100
802311956513987,Rahul Singh,Rahul Singh,≤100
332337080473230,Rocking Naushad,Mohammed Naushad Ali,≤100
375394599197605,Parvesh Sahib Singh,Dhiraj Bhardwaj,≤100
350558792662542,Sarpanch Neeru Yadav,Parveen,≤100
520532458072812,Prerna Samsher Warpudkar,Rajratan Baburao Gore,≤100
105608048991533,Sahityalok,Sahityalok,≤100
106412445020988,Samman afroz khan,Khandagre Sourabh,≤100
1887212424905834,JB Ecotex- PET Plastic Recycler,JB Ecotex Limited,≤100
107802952127524,ICCMO INDIA 2023,ICCMO INDIA 2023,≤100
1171462299729165,Sandeep Singh Deswal,Navdeep Sehrawat,≤100
109387391216175,Shweta Tiwari,Shweta,≤100
106652634472427,Vota Survey,Krishna Kambalapally,≤100
102435908872240,Hari Prasad Baliwal,Mohan Lal Baliwal,≤100
103128038354073,NRI CELL BJP Haryana,Navdeep Sehrawat,≤100
489109204503408,Dr. Snehashish Vardhan Pandey,Abhishek Pathak,≤100
102152441360906,Prakash Bhakar,Shiv Charan,≤100
105741735593870,MakeMyTrip Foundation,Prashant Raj,≤100
133962727230301,Raju Shinde - राजू शिंदे,Rushikesh Dwarkadas Chipate,≤100
168228334032318,Sat Sharma CA,Naveen Sharma,≤100
1578558702356487,Shantanu chauhan,Shantanu Chauhan,≤100
253298788099181,Banda Chandra Reddy,Chandra Reddy Banda,≤100
100295504777172,Yogendra Sharma  Noida,Praj Sharma,≤100
1444400162538920,Idris Multani - इद्रिस मुलतानी,Rahul Digambarrao Borole,≤100
106600387541566,Kamal Chib,Kamal Chib,≤100
105503602228742,NPP Mylliem,NPP Mylliem,≤100
112132937023603,Nandlal Chauhan,Nandlal Chauhan,≤100
426788214113442,Aman Arora,Aman Arora,≤100
108402914265460,Vikas Sharma BJP,Jitin Muteja,≤100
267594743799475,Neetu Chaudhary,Neetu Chaudhary,≤100
572608223125372,Vikas Rana,Bandna Thakur,≤100
1497062850592565,Eikowa,These ads ran without a disclaimer,≤100
899092420138226,Yogesh Pal Aroraa,Yogesh Pal,≤100
283040485772796,Rakesh Singh Yadav,Mahat info tech,≤100
110847490543428,Vipul Kumar Salwan,Vipul Kumar Salwan,≤100
111135334049877,Rakesh Thakur,Vikrant Shukla,≤100
1607404612875963,Shankar Gora,Pramender Kumar,≤100
678876002499539,Mohd Shamim Khan,Shamim Khan,≤100
978736438816607,Neha Sarrvesh shukla,Sarvesh Shukla,≤100
1337036716330736,Sankar Lal Kasana,Shiv Charan,≤100
935503089847466,Pant Path,Pant Path,≤100
103327465892185,Globle Finance,Dharamraj Singh,≤100
107680954849478,Election Advisor App,Brij Mohan Duggal,≤100
1116353905141402,Dr. Shivani Matanhelia,Kanushree Matanhelia,≤100
181418895366896,Ganesh Joshi,Mayank Joshi,≤100
111868911739828,Ghulam Nabi Azad Fans,Advertiseyouonline,≤100
105641591260871,Shyam Singh,Shyam Singh,≤100
1978240835728263,Virendra Sharma Hawamahal,Pawan Kumar Sharma,≤100
100455765031044,Shankarpawarofficial,Manglesh Yogendra Singh,≤100
335180153338823,Dr.Jinendra Shastri,These ads ran without a disclaimer,≤100
102123449068334,Er.Venu Gopal Sinha,Venu Gopal Sinha,≤100
105999155405710,Pandit Avadh Sharma,Pawan Kumar Sharma,≤100
565714670143123,Ashok Saini,Engitech Media,≤100
360055177344642,Animal Equality India,Animal Equality India,≤100
962944467067839,Sandeep Saini,These ads ran without a disclaimer,≤100
110967695146133,Govind Kumar Jain,Ganesh Kumar,≤100
511725522329475,Sampurna Samachar Seva,Sampurna Samachar Seva,≤100
475898282465005,Dr K Laxman,Vijay Kumar Tapadia,≤100
145235542494307,Vivek Thakur,Vivek Thakur,≤100
111126541054276,Harpreet Singh,Shaan Chona,≤100
652494751574762,Pramod Jaiswal,Sarvesh Shukla,≤100
113934138208978,Jayavik Patel,Pixatronix,≤100
109654533765932,Ayodhya Nagar Nigam,Sandeep Kumar Sharma,≤100
1475773509416144,𝙎𝙖𝙠𝙞𝙡 𝘼𝙝𝙢𝙚𝙙,Engitech Media,≤100
105222094270542,Dalbir Singh,Shankar Prasad Thakur,≤100
112476810467062,Rajnish Kumar Singh,Vivek Kumar,≤100
106610625404907,The Fame Guru,Sumit Rajput,≤100
1384169104959232,Sardarbhai Chaudhari - BJP,Sardarbhai S Chaudhary,≤100
103916982584310,niralp2213,These ads ran without a disclaimer,≤100
794348367359918,Bharath mudiraj,C Bharath Kumar,≤100
358089768022150,Vishnu Lata,Krishna Choudhary,≤100
100764935994274,Mukesh Sharma,Mukesh Kumar Sharma,≤100
109807958497573,Mithu Jhajhra,Vijay Kumar,≤100
182600871930746,Sujata Paul - India First,Sujata Paul,≤100
423928144293931,Mahender Pratap Singh,Pankaj Sharma,≤100
1770775269667293,Rahul Soni,Rahul Soni,≤100
102461091191232,Vakati Narayana Reddy,K Sai Bharath,≤100
1877498618981855,Rajesh Bhaida,Rajesh Kumar Meena,≤100
153896938152738,Dr Rutvij Patel,Rutvij Manuprasad Patel,≤100
577204189638568,Amit Chaudhary,These ads ran without a disclaimer,≤100
196338294250820,Rohit Gangwal,Modi For PM Organisation,≤100
490167811006821,Neena Vikram Verma,Yuvau Digital,≤100
629977310955589,Krishna Sharma,Ankit Sood,≤100
110794827459497,Dr Mamtamayi Priyadarshini,Mamtamayi Priyadarshini,≤100
106904622236202,허니루,These ads ran without a disclaimer,≤100
103947148863121,Piyush Rai,These ads ran without a disclaimer,≤100
105165261064628,Manoj Singh Thakur,Rajnarayan Gurjar,≤100
292954404384524,Gajendra Singh Patel,Gajendra Singh Patel,≤100
643216342792266,দেবাশিস পণ্ডা ভারতীয় Debasis Panda Bhartiya West Bengal,Debasis Panda,≤100
132806813793938,Paramjit Singh Sarna,Harjap Singh Dhingra,≤100
704847062939121,Ranbir Nandan,Ranbir Nandan,≤100
108497578583588,Janpeace Live,Trishanu Kaushik,≤100
912096938897209,Vijay Singh,Vijay Singh,≤100
207579059999896,Shiv Bansal,Shiv Kumar Bansal,≤100
320383098135177,Bharatiya Yuva Shakti Trust - BYST,Bharatiya Yuva Shakti Trust - BYST,≤100
106949818442504,The Water Chronicles,Prithviraj Nath,≤100
1002191723202473,Suresh Sindal,Suresh Kumar Sindal,≤100
110287198523943,Impaac Foundation,These ads ran without a disclaimer,≤100
150727778825020,Mobius Foundation,Mobius Foundation,≤100
109939088415594,Astrologer Sushil Kumaar Singh,These ads ran without a disclaimer,≤100
106177778335243,Aditya Kumar Paswan,Aditya Kumar,≤100
1834369746850103,Ankit Bansal,Ankit Bansal,≤100
100408016236265,भारत जोड़ो यात्रा - हरियाणा,Amit Sharma,≤100
153887384672062,Doctors Without Borders / Médecins Sans Frontières,These ads ran without a disclaimer,≤100
327009747444640,Ayushi Shrimali,Akash Singh,≤100
500095053430483,Bidyut Baran Mahato,Nisant Kumar,≤100
1802523420012948,Pratap Singh Khachariyawas,Anirudh Sharma,≤100
107192855352262,Satbir Singh Kasana,Jagmohan,≤100
2136992293229170,Ganesh Rebari,Ganesh Rebari,≤100
103088902327676,Dwarka Kunj,Rahul Tiwari,≤100
924791427628665,Sunil Kelanka,Shivendra Shailendra Tiwari,≤100
104441248861952,Neelam Aggarwal,Pankaj Sharma,≤100
100766795424041,मोदी योगी समर्थक,Nikhil Aggarwal,≤100
102351648972541,Ravi Kumar Mishra,Ravi Kumar Mishra,≤100
108222168633360,With RaGa,Badri Narayan Jangid,≤100
340224609676146,Sunita Gathala,Rohit Githala,≤100
1636301950026709,Pt. Mahant Avnesh Kaushik,Himanshu,≤100
101430871871779,Asha Maurya,Asha Maurya,≤100
112111373862747,Hindustan Raksha Dharam foundation,Ankit Jha,≤100
100992536219420,Dr Chandrakant Anil Kranti,Akash Singh,≤100
108999335410129,Rangnath Solanke-रंगनाथ सोळंके,Vaibhav Ganesh Chikhale,≤100
345351849716061,Nimesh Pathak,Bhupendra Sharma,≤100
108716531641352,Renewable Energy Expo,Water Today Pvt Ltd,≤100
250007248502240,Golu Shukla,Modi For PM Organization,≤100
1325597657464869,VAISHNAV INFRATECH,Sukhneet Singh,≤100
1966700650252559,Jitendra Sharma,Jitendra Kumar Sharma,≤100
106471270702510,Robit Tiwari,Akash Singh,≤100
700171774147955,Aakash Zaildar BJP,Lavkesh Kumar,≤100
112142894659387,Ravinder Singh Balyan,Ravinder Singh Balyan,≤100
109911111856710,MP Vikramjit Singh,Gurdeep Singh,≤100
960727980622179,"The Indian Public School, Dehradun",Ajit Kumar,≤100
1030516517105920,Bannaram Meena - बन्नाराम मीणा,Mahat info tech,≤100
101726242702714,ये नया बिहार है,Summit Polcom,≤100
336045820978489,Surendra Maithani,Surendra Kumar Maithani,≤100
108686290902855,Mallikarjun Madal,Mallikarjun Madal,≤100
361031561139301,Rakesh Jangir,Rajesh Kumar,≤100
234704393876570,Dr R K Verma,Rkverma,≤100
112652284959060,Vinay Kumar,These ads ran without a disclaimer,≤100
1433894153522813,Pramod Bhaya,Sharad Sharma,≤100
1910994925599137,Rameshdada Patil,Rushikesh Mahadev Jadhav,≤100
101613628900010,Smartway Wellness Pvt. Ltd.,Bhoomi Harendra Mistry,≤100
408458959325881,एडवोकेट मनीष दाधीच,These ads ran without a disclaimer,≤100
292081617502897,Avijit De Bhowmik,Pratima Barman,≤100
203530119821084,Sharda Rathore,Vinay Singh,≤100
112454965016733,Manindra Jain,Naveen Singhal,≤100
103052231879074,Giri Vardhan Reddy,These ads ran without a disclaimer,≤100
101202991859601,deepthinking_ek_soch,These ads ran without a disclaimer,≤100
106462702201006,Dhanvanti Bachan Singh AAP,Dhanvanti Bachan Singh,≤100
106843267549318,𝐓𝐡𝐞 𝐒𝐢𝐤𝐡𝐬 𝐓𝐫𝐢𝐮𝐦𝐩𝐡,These ads ran without a disclaimer,≤100
103089764812592,Harendra N Singh,These ads ran without a disclaimer,≤100
100198135841149,Nadauli Helps,These ads ran without a disclaimer,≤100
2093499954031364,SKM for the People,Rupesh Rai,≤100
607252739670252,Dr. Prannay G Sharma,Kumar Ratnam Sharma,≤100
107496088753054,Chunaav,These ads ran without a disclaimer,≤100
465836170626706,Suman Biswas,Suman Biswas,≤100
104985694729728,Bheem Patel,Akash Singh,≤100
104609115789411,paperconnect.co.in,These ads ran without a disclaimer,≤100
115431283666339,sawhney.nikhil,These ads ran without a disclaimer,≤100
296690450943198,Sunil Tiwari,Pawan Kumar Sharma,≤100
107648861401368,IBN 24x7 World,Rahul Beri,≤100
172334649487460,Clover Infotech,These ads ran without a disclaimer,≤100
103812439247204,Keshava Rajanna B Fanpage,Abishek Nb,≤100
101761126144112,Natraj company,These ads ran without a disclaimer,≤100
755825081098044,Rajendra Kumar Gehlot,Kunal Singh Gehlot,≤100
166929581483,Shubham Sharma,Rahul Kumar Srivastava,≤100
102497059315779,VVIP News,Punita Tyagi,≤100
1601273096613084,Om Meghwal Bjp,Om Prakash Kumawat,≤100
398130620306151,Raj Bahadur Chauhan,Raj Bahadur Chauhan,≤100
1592265114364332,JP Yadav,Pramender Kumar,≤100
769092390172812,GirlsBuzz,These ads ran without a disclaimer,≤100
109666834688109,Saleem Sarang,Saleem Rafik Sarang,≤100
1409535529078881,Rohit Deshmukh,Rohit Rohidas Deshmukh,≤100
100189608970240,Pappu Tripathi,Shubham Rajesh Mishra,≤100
101934341160333,प्रमोद नाना भानगिरे - Pramod Nana Bhangire,Clearby Services,≤100
105646878056332,Fans of Sardar Paramjit Singh Sarna,Harjap Singh Dhingra,≤100
538793092941074,Dr. Dashrath Kumar Hinunia,These ads ran without a disclaimer,≤100
426868484184031,Vimal Katiyar,Sumeet Kumar,≤100
101831845737766,Neeraj Pant,Balram Singh,≤100
825870624112435,Ramesh Chandra Ratn,Arun Sharma,≤100
350206462328661,chikoo_wild,These ads ran without a disclaimer,≤100
108704895406520,Hari Singh Saini,Tanuj Singh,≤100
105331745445757,Omprakash Khichar Advocate,Rohit Githala,≤100
103683047739814,Raaj Kumar Anand,These ads ran without a disclaimer,≤100
110044260470271,Vinay Jangid Sharma,Narendra Singh Pachar,≤100
102018225696367,वसीम राईन पसमांदा मुस्लिम महाज,Bhupendra Sharma,≤100
816288898474925,Naresh Pareek,Pawan Kumar Sharma,≤100
101460484949823,Ajeet Singh,These ads ran without a disclaimer,≤100
1644165492504830,Ramoji Gowda,Ramoji Gowda,≤100
107545897823033,For Men India,Antara Das,≤100
103455712638861,Sanjay Singh,These ads ran without a disclaimer,≤100
101513646123162,Luckyson_Nongthombam,Nongthombam Luckyson Singh,≤100
104349501516784,Babulal Kumawat,Shiv Charan,≤100
100358095283850,MD. Ibne Amir Zill Ekram,E A Z Zalal Walekram,≤100
102684134480899,फिल्मी NEWJ,Anant Bhardwaj,≤100
107995621887668,noddy_writer,These ads ran without a disclaimer,≤100
281087312058182,Anand Dubey,Akash Singh,≤100
116029359800919,Biju Yuva Janata Dal,R Santosh Kumar Reddy,≤100
100326608153669,Alka,Alka,≤100
106983525610810,Rauru Sunil,TEKSOFT IT SOLUTIONS,≤100
108377202062947,Ashok Kale Bandhu,These ads ran without a disclaimer,≤100
210251616112761,India Development Review,These ads ran without a disclaimer,≤100
601714013183183,Bhushan Ashok Bhatt,Bhushan Ashokbhai Bhatt,≤100
2095140507231761,Valluru Jayaprakash Narayana,Anshika Srivastava,≤100
146702709146110,Ashu Singh Surpura,These ads ran without a disclaimer,≤100
639811992701582,Ankit Chechi,These ads ran without a disclaimer,≤100
2159484957646626,Mahant Daleep Rawat,Daleep,≤100
532582040125177,Polkhol Maharashtra - Kantikumar Jain,Kantikumar Harakchandji Jain,≤100
1108242266050014,Mohan Lal,Kanav Kathuria,≤100
282167225613953,Sharad Jain,Arpit Jain,≤100
235573150172779,Donatekart,These ads ran without a disclaimer,≤100
105530752376295,"Shiromani Akali Dal, Delhi Unit",Harjap Singh Dhingra,≤100
110120115042838,Ramesh Choudhary,GRIP AMATYA PVT. LTD.,≤100
100962286149842,gadriya_sarkar_02,These ads ran without a disclaimer,≤100
1009889015815725,Virender Singh,Sumit Ahuja,≤100
1934076883480916,Rajpal Singh Rawat,Rajpal Singh Rawat,≤100
102275329396663,GS Shyam,Shyam Gollarahally Siddappa,≤100
104526899199228,B L Rani Samyuktha,Byrappa Venugopala,≤100
104810619169980,ajay_jangir01,These ads ran without a disclaimer,≤100
219588748935061,Sandeep Pandey,sandesh foundation,≤100
291247477906169,Mahatma Gandhi to Modi,Nanoland Publishers,≤100
103174788112818,अरुण राजोरिया भाजपा अनुसूचित जाति मोर्चा इंदौर मध्य प्रदेश,These ads ran without a disclaimer,≤100
139020712818344,Ajay Chandrakar,Ajay Chandrakar,≤100
100589847991303,English NEWJ,Anant Bhardwaj,≤100
100538162057061,Slurrp,These ads ran without a disclaimer,≤100
105560431512954,Boopathi Raja K,Boopathi Raja,≤100
123751521145637,CSR Times,Zeeshan,≤100
1799262683737317,Arvind Dharmapuri,Arvind Dharmapuri,≤100
2156330694593998,Priyanka Pravin Barse,Priyanka Pravin Barse,≤100
102325429272140,AITC Debasish Mukherjee,Arpan Saha,≤100
449166198915836,Bijender Antil Rai,These ads ran without a disclaimer,≤100
111806568448032,Naveen Agarwal,These ads ran without a disclaimer,≤100
748306718584642,ERM Academy,These ads ran without a disclaimer,≤100
109696210400237,Jan Adhikar Morcha.,Akash Singh,≤100
155967751278777,BundelkhandNEWS.Com,Shyam Ji Nigam,≤100
2108726996065900,Bhawani Singh Rundal,Bhawani Singh Shekhawat,≤100
110112611940973,religion_inspire,These ads ran without a disclaimer,≤100
100686786131352,BJP Mission LB Nagar,Gogireddy Sai Vaibhav Reddy,≤100
108722001780301,Dr Maulana Md Aejaz Ahmad,These ads ran without a disclaimer,≤100
105921148248562,Akash Pandey,Akash Pandey,≤100
443308303109599,Advocate Sikandar Yadav,Amar Yadav,≤100
109440785244401,Red Pix 24x7,Felix Gerald G,≤100
118590185521798,Gobind Thakur,These ads ran without a disclaimer,≤100
395665757732335,Manokamna Siddh Panchmukhi Hanuman Mandir,Rahul Tiwari,≤100
106263485565009,Aaradhayam Infra Builders Pvt. Ltd,Aaradhayam Infra Builders Pvt. Ltd,≤100
531472047253533,Dr P K Sareen,Akram Ali,≤100
105813284380310,Dee4unews,Deepak Kumar Bhandari,≤100
104122195260035,Bharti Tarun Kaushik Bhaiya Ji,Tarun Kumar Kaushik,≤100
223872655086604,Pushpraj karwariya,These ads ran without a disclaimer,≤100
183215718834130,Laxmi  Devi Jain,Laxmi Devi Jain,≤100
755793641259128,Ribu Srivastava,Ribu Srivastava,≤100
411581785652009,Karamjit Singh Rintu,Karamjit Singh Sandhu,≤100
101303258290235,Dr. Kanhaiya Singh,Shubham Kumar,≤100
109546308136398,Sankar Dutta - শংকর দত্ত,Bholanath Dey,≤100
220653521461677,CPIM West Bengal,CPIM West Bengal,≤100
739136402921092,Sandeep Neoli,Sandeep,≤100
2202748353387524,Bibi Jagir Kaur,Rahul Kumar,≤100
1692446997478851,Divy Trivedi,Vikas Acharya,≤100
393372964413198,Prakash jha,Prakash Jha,≤100
111257875157447,Priyanka Ashish Gupta,Akash Singh,≤100
455697974986681,Bangla Hunt,Bangla Hunt,≤100
109108857431254,Citizen Saikat Chatterjee,Pratima Barman,≤100
105898378459115,Panney Singh Posana,Ganesh Kumar,≤100
117098190993608,artbynischay,These ads ran without a disclaimer,≤100
111654838334899,सीताराम पोखरियाल,Akash Singh,≤100
1149375478489344,Harvinder Singh Sarna,Harjap Singh Dhingra,≤100
129952997339452,Rajendra Maske,Rajendra Tukaram Maske,≤100
715413968601904,Yelahanka  Constituency BJP supporter's,Prashanth B,≤100
101006778533313,Daily7India,Raman Kumar,≤100
444000972398140,Dr. Ajay Dharam Singh,Ramkishan Singh Maninder Singh,≤100
1792991864303706,Eluru Mayor Noorjahan,Royyuru Santosh Mar,≤100
105400344394498,cutenesspersonifyd,These ads ran without a disclaimer,≤100
108939271272352,"Hindu Ankit Bhatnagar  प्रदेश अध्यक्ष,अखिल भारत हिंदू महासभा",Ankit Bhatnagar,≤100
200656053749674,Harkesh meena,These ads ran without a disclaimer,≤100
100214898257722,Bhak Budbak - भक बुड़बक,bhakbudbak.com,≤100
103615311416005,Harshvardhan Singh Kushwah,Mayank Patel,≤100
100530147194094,Mission Green Mumbai,These ads ran without a disclaimer,≤100
19583259315,Centre for Civil Society,These ads ran without a disclaimer,≤100
104343024695257,Nisarga Narayanaswamy,Venkateshappa Sunil,≤100
134111256629876,Pramerica Emerging Visionaries,These ads ran without a disclaimer,≤100
138927162813391,Dailyhunt,Verse Innovation Pvt. Ltd.,≤100
108422911624704,भारतीय डाक विभाग भर्ती,These ads ran without a disclaimer,≤100
219514401576120,SG Suryah,SG Suryah,≤100
694910440580332,Renu Bisht,Pankaj Thapliyal,≤100
206756829376811,BJP Delhi,BJP Delhi,≤100
2156330694593998,Priyanka Pravin Barse,Mayur Satish Kadav,≤100
104721892240916,News Circle,Ravi Kumar Ray,≤100
113332697083135,The Hint Today,Priyanka Saha,≤100
152374184862102,OCN Network,These ads ran without a disclaimer,≤100
388483981691850,Tarunjyoti Tewari,Tarun Jyoti Tewari,≤100
126080402123301,Ganga Ram Gurjar,Gangaram Gurjar,≤100
307325726364403,Bhuma Brahmananda Reddy,Vutla Vinod,≤100
727443264021863,Bharat Bhaiya भरत भैया,Bharat Singh,≤100
103574078673858,Mission Clean Doon,These ads ran without a disclaimer,≤100
1757441471197224,Hardik Patel,Chauhan Singh Jaideep,≤100
110070131310893,Tez Tarrar,Tez Tarrar Media Pvt Ltd,≤100
603697863301609,Vivek Singh Bohra,Karmanya Singh,≤100
741646779252820,Zubair Anam,These ads ran without a disclaimer,≤100
362184484148294,M3 India,These ads ran without a disclaimer,≤100
587008988138630,Dinesh Desai,Pixatronix,≤100
100847005191135,Harishankar Khatik,Hari Shankar Khatik,≤100
245010789016279,I love u,These ads ran without a disclaimer,≤100
104739884408105,Ravi Kumar Jain,Ravi Kumar Jain,≤100
666990533754186,Niranjan Kushwaha,Vivek Kumar,≤100
136061961941819,किसान व्यापारी बाजार 1,These ads ran without a disclaimer,≤100
981146398754617,Chingari,Sumit Ghosh,≤100
361691194687436,Umesh Sharma,Book My Promo,≤100
1557361624498223,Sunny Nimhan,Ravindra S Bhaisade,≤100
1706371292942156,"Ministry of Development of North Eastern Region, Government of India",Sourabh Arvind Dubey,≤100
796872737016939,Jitendra Sharma Bansur,Ujjval Jain,≤100
104860424918954,दिल है हिन्दुस्तानी,Abhijit Kumar,≤100
254079461311688,ANOKHI MEDIA,These ads ran without a disclaimer,≤100
106122568841080,MakandaL,These ads ran without a disclaimer,≤100
106560804570965,Public Investments Solutions En,These ads ran without a disclaimer,≤100
137704262972584,MobiHealthNews,These ads ran without a disclaimer,≤100
109184428639401,TaxTris,These ads ran without a disclaimer,≤100
327115907736300,Asia Global Institute,These ads ran without a disclaimer,≤100
191399134327652,aramco,These ads ran without a disclaimer,≤100
102277955915903,Global Peace Foundation,These ads ran without a disclaimer,≤100
109918387978015,沒有中間商賺差價,These ads ran without a disclaimer,≤100
116430521327202,Luiza Garcia P,These ads ran without a disclaimer,≤100
1547313135519851,Dr. Rajwant Singh,These ads ran without a disclaimer,≤100