﻿Page ID,Page name,Disclaimer,Amount spent (CHF)
1526697364280066,Partito Socialista Ticino,Partito Socialista Ticino,≤100
97220294896,SP Schweiz,SP Schweiz,≤100
111081131629685,Blackout stoppen,Volksinitiative «Jederzeit Strom für alle (Blackout stoppen)»,≤100
48980326364,Public Eye,Public Eye,≤100
1483343695307824,Campax,Campax,≤100
103977239013757,CARA,Association CARA,≤100
291359247729208,PS Suisse,PS Suisse,≤100
102014399307738,Direkt,direkt,≤100
100116156110843,Stop al blackout,Iniziativa popolare «Energia elettrica in ogni tempo per tutti (Stop al blackout)»,≤100
97721121385,Public Eye,Public Eye,≤100
15733998334,FDP,FDP,≤100
259871484198551,Thomas Matter,Thomas Matter,≤100
194790813901953,Grüne Schweiz,Grüne Schweiz,≤100
175478195846132,Les Vert·e·s suisses,Grüne Schweiz,≤100
169752569742293,Schweizerischer Gewerbeverband sgv,Schweizerischer Gewerbeverband sgv,≤100
230522120377463,FDP Allschwil-Schönenbuch,FDP Allschwil-Schönenbuch,≤100
169510248558,Die Mitte - Le Centre,Die Mitte,≤100
103269145789541,Stop au blackout,Initiative populaire « De l’électricité pour tous en tout temps (Stop au blackout) »,≤100
104755129093222,Vox Natio,Tobias Hauser,≤100
125466200895962,Valentin Landmann,Sven Kunz,≤100
110533229026103,EVP / PEV,EVP Schweiz,≤100
104771128127858,annahowareyou_berlin,These ads ran without a disclaimer,≤100
106081745697557,Local News Today,These ads ran without a disclaimer,≤100