﻿Page ID,Page name,Disclaimer,Amount spent (EUR)
106626487721376,Amazon Europe,Amazon Europe,≤100
103822184707126,Shell Deutschland,Shell Deutschland,≤100
22541752487,Greenpeace Deutschland,Greenpeace Deutschland,≤100
102169625710148,ClimaClic,Burda Direct GmbH,≤100
331832984040,LichtBlick,LichtBlick,≤100
218786540044,WWF Deutschland,WWF Deutschland,≤100
75492447764,GLS Bank,GLS Bank,≤100
236934790401,UNO-Flüchtlingshilfe,UNO-Flüchtlingshilfe,≤100
119717121028852,Rheinland-Pfalz Gold,"Ministerium für Wirtschaft, Verkehr, Landwirtschaft und Weinbau Rheinland-Pfalz",≤100
248913988520756,Union Investment,Union Investment Privatfonds GmbH,≤100
100160149099313,Justice Initiative,Purpose Europe Limited,≤100
593476900673774,ifaw,ifaw,≤100
56497026719,SOS-Kinderdörfer weltweit,SOS-Kinderdörfer weltweit Hermann-Gmeiner-Fonds Deutschland e.V.,≤100
201065353264638,yello,yello,≤100
341486659645594,FDP Fraktion Bundestag,Fraktion der Freien Demokraten im Deutschen Bundestag,≤100
273454591804,SOS-Kinderdorf Deutschland,SOS-Kinderdorf e.V.,≤100
82734241364,Campact e.V.,Campact e.V.,≤100
133306764192,NABU Bundesverband,NABU Bundesverband,≤100
111501317017740,Motatos Deutschland,Motatos,≤100
103919417972272,Unabhängige Beauftragte für Fragen des sexuellen Kindesmissbrauchs,Unabhängige Beauftragte für Fragen des sexuellen Kindesmissbrauchs,≤100
121678260974,Initiative Neue Soziale Marktwirtschaft (INSM),Initiative Neue Soziale Marktwirtschaft,≤100
1790920000965539,CDU CSU Europa,CDU/CSU-Gruppe in der EVP-Fraktion im Europäischen Parlament,≤100
134278719946186,Bayer,Bayer AG,≤100
118043817945466,Schufa Holding AG,SCHUFA Holding AG,≤100
484950398505596,IRC Deutschland,IRC Deutschland,≤100
130039690359915,Aktionsgemeinschaft Solidarische Welt,Aktionsgemeinschaft Solidarische Welt,≤100
478399422560922,KadeFungin,DR. KADE,≤100
106896292163793,mehr-schutz.de,AstraZeneca GmbH,≤100
186706861370824,Antidiskriminierungsstelle des Bundes (ADS),Antidiskriminierungsstelle des Bundes (ADS),≤100
116544291761495,Kindernothilfe E.V.,Kindernothilfe E.V.,≤100
1578640155687393,Sea-Watch,Sea-Watch,≤100
1855211144766647,Migrando,Graske Rechtsanwälte,≤100
170688644503,UNICEF Deutschland,UNICEF Deutschland,≤100
451980374985742,ecoligo,ecoligo,≤100
130534873659391,Green Planet Energy,Green Planet Energy eG,≤100
40415227476,Jusos in der SPD,Jusos in der SPD,≤100
107898832590939,European Commission,European Commission,≤100
332923170220,ONE Deutschland,ONE Deutschland,≤100
116335026590900,Mülltrennung wirkt,die dualen Systeme,≤100
2135010219947091,MINTmagie,Bundesministerium für Bildung und Forschung,≤100
511785248971976,"Bundesministerium für Familie, Senioren, Frauen und Jugend","Bundesministerium für Familie, Senioren, Frauen und Jugend",≤100
1508446642792459,Vattenfall,Vattenfall Europe Sales GmbH,≤100
223829854355699,Frosch,Frosch,≤100
100345702834585,All Out Deutschland,All Out,≤100
314610442075420,TeamClimate,TeamClimate,≤100
174118102615738,Brot für die Welt,Brot für die Welt,≤100
21242962092,ClientEarth,ClientEarth Deutschland,≤100
111698888335211,Daskannkunststoff,ALPLA Werke Alwin Lehner GmbH & Co KG,≤100
144527739568157,Searchtalent,Searchtalent,≤100
1062482463795133,Liebesleben,Bundeszentrale für gesundheitliche Aufklärung (BZgA),≤100
155869971119836,Dr. Becker Klinikgruppe,Dr. Becker Klinikgesellschaft mbH & Co. KG,≤100
1509790395958123,Aktion gegen den Hunger,Aktion gegen den Hunger,≤100
101274842793956,Greenpeace grad jetzt,Greenpeace e.V.,≤100
108268845888673,Bundesministerium für Arbeit und Soziales,Bundesministerium für Arbeit und Soziales,≤100
354868221267558,Deutscher Fußball-Bund,Deutscher Fußball-Bund,≤100
1093989863995799,hep,hep global GmbH,≤100
144380008933707,SPD-Fraktion im Bundestag,SPD-Bundestagsfraktion,≤100
136260152219,World Vision Deutschland e.V.,World Vision Deutschland e.V.,≤100
109573920927141,Ichwillfair,Initiative für nachhaltige Agrarlieferketten,≤100
718677004826671,Deutsche Umwelthilfe,Deutsche Umwelthilfe,≤100
237087969829041,"Karton, natürlich",Fachverband Kartonverpackungen für flüssige Nahrungsmittel e.V. (FKN),≤100
344556287396,Penguin Bücher,Penguin Random House Verlagsgruppe GmbH,≤100
675589985972309,HateAid,HateAid gGmbH,≤100
457569408150093,Weil's hilft,GESUNDHEIT AKTIV e. V. Bürger- und Patientenverband,≤100
147245511963527,DGB,Deutscher Gewerkschaftsbund (DGB),≤100
1508446642792459,Vattenfall,Vattenfall Deutschland,≤100
186206440652,BDI - Bundesverband der Deutschen Industrie,Bundesverband der Deutschen Industrie e.V.,≤100
135591596484147,ABDA - Bundesvereinigung Deutscher Apothekerverbände e. V.,ABDA - Bundesvereinigung Deutscher Apothekerverbände e. V.,≤100
259770724096761,Animal Equality Germany,Animal Equality Germany e.V.,≤100
245106622258525,CDU-Fraktion Land Bremen,CDU-Bürgerschaftsfraktion Bremen (Landtag),≤100
13479664941,JUNGE FREIHEIT,Junge Freiheit Verlag GmbH & Co. KG,≤100
343364921106,Caritas international,Caritas international,≤100
21289227249,FDP,FDP,≤100
1947378708884004,Initiative Frosch,Initiative Frosch,≤100
2211978065729846,Bundesministerium für Ernährung und Landwirtschaft - BMEL,Bundesministerium für Ernährung und Landwirtschaft,≤100
837029206665363,Tabakquartier Bremen,Tabakquartier,≤100
136885869703480,Wissenschaftsjahr,Bundesministerium für Bildung und Forschung,≤100
99923813221,vorwärts,Berliner vorwärts Verlagsgesellschaft mbH vorwärts,≤100
217786668379580,350.org Deutschland,350.org Deutschland,≤100
109268274798247,E-Fuels-Forum,CLASSIC Tankstellen GmbH & Co. KG,≤100
2188342231399828,HSI/Deutschland,HSI Europe,≤100
107085727344683,Mein Schlüssel zur Welt,Bundesministerium für Bildung und Forschung,≤100
1393167744264822,Bundesministerium für Digitales und Verkehr,Bundesministerium für Digitales und Verkehr,≤100
156733414463449,SAUBER ENERGIE,SE SAUBER ENERGIE GmbH & Co. KG,≤100
150793518281117,Covestro,Covestro,≤100
314428179245339,Dennis Josef Meseg,Atelier Dennis Josef Meseg,≤100
218490288164311,CampusGrüne Kiel,CampusGrüne Kiel,≤100
190633894286732,Diakonie Katastrophenhilfe,Diakonie Katastrophenhilfe,≤100
2164515363828527,Solidaridad Deutschland,Solidaridad Deutschland e.V.,≤100
1200588670058774,LAND.SCHAFFT.WERTE,LAND.SCHAFFT.WERTE,≤100
263503200272,Welthungerhilfe,Welthungerhilfe,≤100
111789447030484,Bundesfinanzministerium,Bundesfinanzministerium,≤100
1110204782371616,Die Moderne Landwirtschaft,Forum Moderne Landwirtschaft e.V.,≤100
846335975484709,The Generation Forest,The Generation Forest eG,≤100
1733491446954051,Design Democracy,Design Democracy,≤100
141410219264688,SENEC,SENEC GmbH,≤100
127143338110,missio,missio,≤100
399241730563,Quarks,Westdeutscher Rundfunk Köln,≤100
539968076139979,IVPU Verband,IVPU Industrieverband Polyurethan-Hartschaum e.V.,≤100
352736338253081,Futurium,Futurium,≤100
171844246207985,taz,TAZ Verlags- und Vertriebs GmbH,≤100
104389425384135,Arbeitgeber Land Hessen,Hessisches Ministerium des Innern und für Sport,≤100
249986091716256,Deutscher Jagdverband e.V.,Deutscher Jagdverband e.V.,≤100
512403718895902,Wildtierschutz Deutschland e.V.,Wildtierschutz Deutschland e.V.,≤100
103919417972272,Unabhängige Beauftragte für Fragen des sexuellen Kindesmissbrauchs,Unabhängiger Beauftragter für Fragen des sexuellen Kindesmissbrauchs,≤100
225012151032427,Bürgerwerke,Bürgerwerke,≤100
110541501801364,Not Just Celsius,Interactive Media Foundation gGmbH,≤100
116449375528,foodwatch,foodwatch e.V.,≤100
135984139804495,SoVD - Sozialverband Deutschland e.V.,SoVD - Sozialverband Deutschland e.V.,≤100
105196990914241,Dr. Gunnar Beck,Dr. Gunnar Beck,≤100
2665513323462858,Hendrik Hamel,These ads ran without a disclaimer,≤100
510117665830401,Hilfetelefon Gewalt gegen Frauen,"Hilfetelefon ""Gewalt gegen Frauen""",≤100
114069011290980,Steffen Haltermann,Steffen Haltermann,≤100
134483979119,Rosa-Luxemburg-Stiftung,Rosa-Luxemburg-Stiftung,≤100
614408642007931,Zurich,Zürich Beteiligungs-Aktiengesellschaft (Deutschland),≤100
303855196900,Paradigma,Ritter Energie- und Umwelttechnik GmbH & Co. KG,≤100
164513593594332,Deutsche Aidshilfe,Deutsche Aidshilfe,≤100
103578574523838,recoupling.de,These ads ran without a disclaimer,≤100
611910082337980,VerbraucherCheck.net,VerbraucherCheck.net,≤100
706006922832857,Nikolaus Kramer MdL,Nikolaus Kramer MdL,≤100
1739138546404072,iwd,IW Medien,≤100
206584163580,Stiftung Mercator,Stiftung Mercator,≤100
108633728581883,Rettet Biokraftstoffe,OVID Verband,≤100
236044090111,VDI Verein Deutscher Ingenieure,VDI Verein Deutscher Ingenieure e.V.,≤100
23216224900,Plan International Deutschland,Plan International Deutschland e.V.,≤100
442641152463575,EGIS,EGIS VERWALTUNGS GMBH,≤100
134662743239116,academics.de,academics GmbH,≤100
105220712376554,Greifswald Moor Centrum,Succow Stiftung,≤100
101124947919410,GermanZero,GermanZero e.V.,≤100
790148178038834,Union Stiftung,Union Stiftung,≤100
101683398140023,Salus,Salus,≤100
567366010021216,Bundesministerium der Justiz,Bundesministerium der Justiz,≤100
340811472964473,Christen an der Seite Israels,Christen an der Seite Israels,≤100
145944615464920,Polarstern Energie,Polarstern Energie,≤100
156449679027,Renovabis,Renovabis e.V.,≤100
100322788072812,The Closest Loop,The Closest Loop GmbH,≤100
1176675472454246,CAPinside.com,CAPinside GmbH,≤100
53848679944,Laut gegen Nazis,Laut gegen Nazis e. V.,≤100
129066162283,BRAVO,These ads ran without a disclaimer,≤100
106557304106077,Plan E,stiftung elektro-altgeräte register,≤100
165629350137468,Schaebens,Schaebens,≤100
114554831934355,Tierschutzbund,Deutscher Tierschutzbund e.V.,≤100
417517061951550,Einfach da für dich,ABDA - Bundesvereinigung Deutscher Apothekerverbände e. V.,≤100
107720323974236,Dr. Reza Kazemi,Campaigns & Technology,≤100
1287910941236600,AfD Fraktion Darmstadt,AfD-Darmstadt-Fraktion,≤100
777901452303455,dbb bundesfrauenvertretung,dbb beamtenbund und tarifunion,≤100
103204458635909,Ralf Schönborn,Ralf Schönborn (MdL) Alternative für Deutschland (AfD),≤100
168113884409,JUGEND für Europa,JUGEND für Europa - Nationale Agentur Erasmus+ Jugend und Europäisches Solidaritätskorps,≤100
110802954153447,Klim,Klim GmbH,≤100
1540045636302649,Arolsen Archives,Arolsen Archives,≤100
108550857143852,Environmental Justice Foundation Deutschland,Environmental Justice Foundation Charitable Trust Deutschland gGmbH,≤100
40874340559,Mehr Demokratie e.V.,Mehr Demokratie e.V.,≤100
102219084765726,Spirit by Senay Stuttgart,These ads ran without a disclaimer,≤100
545040792244231,"Dr. Fabian Mehring, MdL","Dr. Fabian Mehring, Mitglied des bayerischen Landtags",≤100
123292927706635,junge Welt,junge Welt,≤100
300225473377094,indeon magazin,Medienhaus der Evangelischen Kirche in Hessen und Nassau GmbH,≤100
1565754943752371,Robert Farle,Robert Farle,≤100
105847091865007,part.GmbH,These ads ran without a disclaimer,≤100
244729433744,SPIESSER.de,Orange YC GmbH,≤100
344190642723095,Schwertfeger & Kollegen GmbH,Schwertfeger & Kollegen GmbH,≤100
302829863147214,Baden-Württemberg Stiftung,Baden-Württemberg Stiftung,≤100
1002415163151655,LV Niedersachsen - Tierschutzpartei,LV Niedersachsen - Tierschutzpartei,≤100
1077260675704647,Wohnglück,Impleco GmbH,≤100
137521576294353,Deutsche Kinderhilfe - Die ständige Kindervertretung e.V.,Deutsche Kinderhilfe - Die ständige Kindervertretung e.V.,≤100
51091986850,Diether Dehm,Diether Dehm,≤100
1004883576238809,GoodJobs,GoodJobs GmbH,≤100
105531424209280,DeskMate Cloud PCs & Cloud Desktops,deskMate,≤100
116064499060160,Dirk Brandes - Für Niedersachsen im Bundestag,"Dirk Brandes, MdB",≤100
359669268020620,Moin Liebe - Tschüss Hass,Laut gegen Nazis e.V.,≤100
117534528257937,Bund für Umwelt und Naturschutz Deutschland,Bund für Umwelt und Naturschutz Deutschland,≤100
1237818033002038,"Rüdiger Lucassen, MdB","Rüdiger Lucassen, MdB",≤100
111088040478068,Rolf Epple Stiftung,Rolf Hendrik Epple,≤100
1967019790197412,Markus Wagner,"Markus Wagner, MdL",≤100
117065414989292,IKK classic,IKK classic,≤100
1810088999013118,Kölner Presseclub e.V.,Kölner Presseclub,≤100
170813019659671,Stadtwerke Tübingen: Wir wirken mit.,Stadtwerke Tübingen GmbH,≤100
1068271363212666,hub.berlin,These ads ran without a disclaimer,≤100
1695216187437098,Albrecht Glaser,Albrecht Glaser,≤100
185101174836284,IG Metall Jugend,IG Metall Jugend,≤100
630809920303095,Erasmus+,These ads ran without a disclaimer,≤100
159223080754400,Stiftung Menschen für Menschen - Karlheinz Böhms Äthiopienhilfe,Stiftung Menschen für Menschen - Karlheinz Böhms Äthiopienhilfe,≤100
363842953730453,AfD Sachsen-Anhalt,AfD Sachsen-Anhalt,≤100
105237008197753,Matthias Moosdorf MdB,Matthias Moosdorf,≤100
105123672171340,Johannes Hunger,Bündnis 90/Die Grünen Kreisverband Landkreis Landshut,≤100
108209480522423,Dr. Sylvia Limmer,Dr. Sylvia Limmer,≤100
121097790490,Albert Schweitzer Stiftung für unsere Mitwelt,Albert Schweitzer Stiftung für unsere Mitwelt,≤100
177668628806,Haus der Geschichte,Stiftung Haus der Geschichte der Bundesrepublik Deutschland,≤100
1889496344625839,"Jürgen Braun, MdB",Jürgen Braun MdB,≤100
100354762415568,BitteWas - Kontern gegen Fake und Hass,Landesmedienzentrum Baden-Württemberg Standort Stuttgart,≤100
260106687889118,Kopp Verlag,Kopp Verlag,≤100
178362315106,European Parliament,European Parliament,≤100
107407945980041,Deutsches Kinderhilfswerk e.V.,Deutsches Kinderhilfswerk e.V.,≤100
354020804610580,SPD Erlangen,SPD Erlangen,≤100
198244400189055,Entega,ENTEGA Plus GmbH,≤100
48418911548,OMNIBUS FÜR DIREKTE DEMOKRATIE,OMNIBUS für Direkte Demokratie gemeinnützige GmbH,≤100
380162436147660,JAfD,JAfD,≤100
102492129806270,Waschbär Umweltversand,Waschbär GmbH,≤100
600924583252236,Landeszentrale für politische Bildung Sachsen-Anhalt,Landeszentrale für politische Bildung Sachsen-Anhalt,≤100
113144551581839,gartenjournal_net,These ads ran without a disclaimer,≤100
801630029947609,Jan Nolte,Jan Nolte,≤100
1415068268801621,Ratgeber-Ofen,"HKI - Industrieverband Haus-, Heiz- und Küchentechnik e. V.",≤100
103343858375708,Martin Schmidt - AfD MdL,Martin Schmidt,≤100
561953460655717,Social Media Ads,Social Media Ads,≤100
194436357268781,Deutsche Atlantische Gesellschaft,Deutsche Atlantische Gesellschaft e.V.,≤100
1487616731457354,Demo für Alle,Demo für Alle,≤100
1783417735277557,Martin Reichardt,Martin Reichardt,≤100
136218413073164,PowerShift e.V.,PowerShift,≤100
105427069255523,Vlamingo-clothing,These ads ran without a disclaimer,≤100
161990010584761,Stiftung Demokratie Saarland,Stiftung Demokratie Saarland,≤100
102667815247083,Stiftung Forum Recht,Stiftung Forum Recht,≤100
90523314133,"Sozialistische Gleichheitspartei, IV Internationale - SGP","Sozialistische Gleichheitspartei, Vierte Internationale",≤100
181535349099426,"Jörn König, MdB","Jörn König, MdB",≤100
2158012137543502,AfD-Fraktion im Bayerischen Landtag,AfD-Fraktion im Bayerischen Landtag,≤100
586748738119030,Kommunal,Zimper Media GmbH,≤100
130374060326405,Diakonie RWL,Diakonisches Werk Rheinland-Westfalen-Lippe e.V.,≤100
110328191845942,DieParusie.de,DieParusie.de,≤100
107389761091734,WooDu,WooDu GmbH,≤100
212830898880956,Prof. Michael Kaufmann,"Wahlkreisbüro Prof. Michael Kaufmann, MdB",≤100
223078917757220,GEW Saarland,GEW,≤100
188188564583,FDP Hessen,FDP Hessen,≤100
107140025016889,ELMAR GEHRKE,ELMAR GEHRKE,≤100
576456965749730,Rheinischer Blindenfürsorgeverein 1886 Düren,These ads ran without a disclaimer,≤100
126018348796319,DanielSchneider,DanielSchneider,≤100
103958091556809,Du Land der Bayern,Du Land der Bayern,≤100
365566760558158,"Dr. Christian Wirth, MdB","Dr. Christian Wirth, MdB",≤100
108790714228260,EPS BHKW GmbH,EPS BHKW GmbH,≤100
78309442751,Bayernpartei,Bayernpartei,≤100
108566447230388,BÜNDNIS 90/DIE GRÜNEN Kreisverband Altmark,BÜNDNIS 90/DIE GRÜNEN Kreisverband Altmark,≤100
113735448246506,Björn Zimmer - Ihr Bürgermeisterkandidat,Björn Zimmer - Ihr Bürgermeisterkandidat,≤100
313146097028,FH Oberösterreich,These ads ran without a disclaimer,≤100
188048734548939,Quarteera,Quarteera e. V.,≤100
102127549126386,bgr_falkensee,These ads ran without a disclaimer,≤100
289198773510,LSVD Bayern,LSVD Bayern e.V.,≤100
108051069259615,Werner & Mertz GmbH,Werner & Mertz GmbH,≤100
242641809484926,Joana Cotar,Joana Cotar,≤100
108766202103136,HARMlose Fragen,HARMlose Fragen,≤100
102505911172634,Olga Petersen AfD,Olga Petersen AfD,≤100
120519827980254,Karsten Klein,Karsten Klein,≤100
442474682778346,Gerd Mannes,"Gerd Mannes, MdL",≤100
1124641927546813,Hoffnungsträger,Hoffnungsträger,≤100
108395028639276,Vernunft geht über Ideologie,Vernunft geht über Ideologie,≤100
106449952350547,vivalaflorachemnitz,These ads ran without a disclaimer,≤100
123695861022292,Schwarzesocke Mailorder,Schwarzesocke Mailorder,≤100
630172117364339,POST von GEHRKE,POST von GEHRKE,≤100
1439163392818750,Żaklin Nastic,Zaklin Nastic,≤100
103324904374317,VSE Karriere,VSE AG,≤100
677376205783261,AfD Fraktion Stadt und Kreis Gifhorn,AfD Fraktion Gifhorn,≤100
110976485656573,Junge Liberale JuLis,Junge Liberale,≤100
101106926129610,abeltshauser_sich_bewusst_sein,These ads ran without a disclaimer,≤100
1571250986502563,Christoph Willeke,Christoph Willeke,≤100
376908203717,UNICEF Africa,These ads ran without a disclaimer,≤100
267353906619818,Mr. Gugu & Miss Go,These ads ran without a disclaimer,≤100
217519028785017,Nature Research Custom Media,These ads ran without a disclaimer,≤100
164347406952444,Crack Magazine,These ads ran without a disclaimer,≤100