﻿Page ID,Page name,Disclaimer,Amount spent (USD),Number of ads in Library
153063591397681,Amazon Web Services,These ads ran without a disclaimer,≤100,1
175590267993,Al Majalla,These ads ran without a disclaimer,≤100,1
1767096530199949,Zhejiang University,These ads ran without a disclaimer,≤100,1
111595864923192,Aasi Tahir Siddique,These ads ran without a disclaimer,≤100,1
461895657190529,NHK WORLD-JAPAN,These ads ran without a disclaimer,≤100,1
100627069630168,Cecília Martins,These ads ran without a disclaimer,≤100,3
287842647957979,EU International Partnerships,These ads ran without a disclaimer,≤100,1
101584952237158,Fer Barcelar,These ads ran without a disclaimer,≤100,1
200480966638039,Supremacy 1914,These ads ran without a disclaimer,≤100,2
104444729065513,Victoria Segovia,These ads ran without a disclaimer,≤100,1
669307523469574,EveryJew,These ads ran without a disclaimer,≤100,2
120498394320803,C301-40,These ads ran without a disclaimer,≤100,1
75608370019,United States Institute of Peace,These ads ran without a disclaimer,≤100,1
156850176567,المجلة,These ads ran without a disclaimer,≤100,1