﻿Page ID,Page name,Disclaimer,Amount spent (JPY)
475681929154100,国連UNHCR協会,国連UNHCR協会,13169
1677419399148240,たはら亮 後援会（朝霞市）,Ryo  Tahara,2081
208661552479830,日本財団,Shigeru Fujita,1992
1904070096535109,スマート選挙,株式会社センキョ,1357
298060150283457,大分県日出町,帆足吉美,1274
239558679475625,株式会社トマス技術研究所,Kenji Fukutomi,791
296703483713248,【久喜市議会議員】新井けん応援ページ,Ken Arai,378
1397074863864450,Fair Finance Guide Japan,Fair Finance Guide Japan,197
256504371891671,the-issues.jp,株式会社issues,164
298060150283457,大分県日出町,大分県日出町,152
544702409046206,手相の見方大事典テソペディア,株式会社Qu Creation,141
459101354119592,石巻金華鯖ずし”華ずし”,Tsubasa Itabashi,≤100
151214938794853,ミエセン,ジャッグジャパン株式会社,≤100
211683239011895,大東建託株式会社,ASUE株式会社,≤100
881025135256351,Japan In-depth,Japan In-depth,≤100
440882039453825,シトリック アミノ広報,These ads ran without a disclaimer,≤100
104533215755145,ZOE_Japan,ZOE Japan,≤100
1410243545774903,一般社団法人日本wpa,Ogawa Yuzo,≤100
100199881840737,Minghui Japan（ミンフイ　ジャパン）ー明慧日本,明慧日本,≤100
136636846682019,ふるさと名品オブ・ザ・イヤー,These ads ran without a disclaimer,≤100
1672330153015605,透明アクリル業者票,アドアチーブ株式会社,≤100
102345105947737,選挙しか勝たん！どぶ板を業者に任せる楽ちん候補予定者のための「ポスターPR党」by 選挙ドットウィン「03-6915-2310」,僕俺株式会社,≤100
108260075086726,無理ゲー社会を賢く生き抜く方法,These ads ran without a disclaimer,≤100
112413612104443,This is Finland,These ads ran without a disclaimer,≤100