﻿Page ID,Page name,Disclaimer,Amount spent (EUR),Number of ads in Library
1420588184916754,Aleksa Becic - Demokrate - Demokratska Crna Gora,Aleksa Becic - Demokrate - Demokratska Crna Gora,≤100,3
211681129037635,Portal Analitika,Portal Analitika,≤100,2
313006358903165,Građanski pokret URA,Građanski pokret URA,≤100,2
58776108439,Socijaldemokratska partija Crne Gore - SDP,Socijaldemokratska partija Crne Gore - SDP,≤100,6
1594195590882320,DEMOS - Miodrag Lekić,DEMOS - Miodrag Lekić,≤100,2
103575562072435,Raško Konjević,Socijaldemokratska partija Crne Gore,≤100,1
291831471242238,Damir Šehović,Damir Šehović,≤100,2
103656618479791,SNP CG - Socijalistička narodna partija Crne Gore,Marija Radinović,≤100,1
103645778920740,Portal Dnevno,Portal Dnevno,≤100,3
339810463063059,Conflict Of Nations : World War 3,These ads ran without a disclaimer,≤100,1
110584791401665,GeneZation Show,These ads ran without a disclaimer,≤100,2
103585292124869,Slobodna Crna Gora,Slobodna Crna Gora,≤100,1
108894298039380,Milojko Spajić,Milojko Spajić - Pokret Evropa sad,≤100,1
492984144218541,Morning Worship Moment,These ads ran without a disclaimer,≤100,1
104980492469454,T1215-4,These ads ran without a disclaimer,≤100,1