﻿Page ID,Page name,Disclaimer,Amount spent (FJD),Number of ads in Library
117052698001766,First Wala,These ads ran without a disclaimer,≤100,1
102998939765184,Persian bms,These ads ran without a disclaimer,≤100,2
115575820139019,Af Fhyf,These ads ran without a disclaimer,≤100,1
106308164844758,Countless Stories,These ads ran without a disclaimer,≤100,1
107706102295108,Wire Tool,These ads ran without a disclaimer,≤100,2
101849728551147,Fun Break Central,These ads ran without a disclaimer,≤100,1
1883003128429295,Queer Majority,These ads ran without a disclaimer,≤100,1