﻿Page ID,Page name,Disclaimer,Amount spent (JPY)
108136530968730,おねがい社長！,These ads ran without a disclaimer,2505
265075920177069,陸上自衛隊 Japan Ground Self-Defense Force,陸上自衛隊 Japan Ground Self-Defense Force,1650
1904070096535109,スマート選挙,株式会社センキョ,613
172980666081766,Seminars セミナーズ,These ads ran without a disclaimer,463
110058508784307,ライズ・アップ・ジャパン,株式会社経営科学出版,269
108437581751884,Nurse navi,These ads ran without a disclaimer,180
104159619344078,Shopsuqiogood-3,These ads ran without a disclaimer,144
208661552479830,日本財団,日本財団,117
112971385070778,リドラボ,These ads ran without a disclaimer,105
101973635470022,大丸・松坂屋 Think GREEN,These ads ran without a disclaimer,≤100
281777375260988,オッズパーク,These ads ran without a disclaimer,≤100
425742864543901,GMOあおぞらネット銀行,These ads ran without a disclaimer,≤100
298060150283457,大分県日出町,大分県日出町,≤100
173291492700083,Ｚ会,These ads ran without a disclaimer,≤100
195088317190451,グリーンピース・ジャパン,一般社団法人グリーンピース・ジャパン,≤100
109843215371766,映画『おまえの罪を自白しろ』,These ads ran without a disclaimer,≤100
104533215755145,ZOE_Japan,ZOE Japan,≤100
183768428314416,女性社長.net （joseishacho.net）,These ads ran without a disclaimer,≤100
100199881840737,Minghui Japan（ミンフイ　ジャパン）ー明慧日本,明慧日本,≤100
676873696061766,ブレインコントロールコーチ　荒井隆秀,ブレインコントロールコーチ　荒井隆秀,≤100
414756385218124,関西NGO協議会/Kansai NGO Council,特定非営利活動法人関西NGO協議会,≤100
101289366621166,大和ハウスグループ,These ads ran without a disclaimer,≤100
103307385856246,美容Lab,These ads ran without a disclaimer,≤100
1812425055659979,介護ワーカー,These ads ran without a disclaimer,≤100
1590535061243274,精神障害当事者会ポルケ,精神障害当事者会ポルケ,≤100
676655469036670,松下政経塾,松下政経塾,≤100
117415158057707,Goodshopnzja-1,These ads ran without a disclaimer,≤100
104064816025242,Dinosaur Fight tab,These ads ran without a disclaimer,≤100
117176554731738,Vickers Cheryl,These ads ran without a disclaimer,≤100