﻿Page ID,Page name,Disclaimer,Amount spent (USD),Number of ads in Library
225385184188101,ქართული ოცნება / Georgian Dream,ქართული ოცნება / Georgian Dream,322,10
651534988375338,POSTV - ანალიტიკა,POSTV LLC,162,11
353943391364252,TV Imedi,TV Imedi,≤100,3
101183782205426,სინამდვილეში,Georgian Dream,≤100,1
222439314545383,სახელმწიფო სერვისების განვითარების სააგენტო / psda,სერვისების განვითარების სააგენტო,≤100,6
749989348701035,ეს ქვეყანა შენია • This country is yours,Civil Society Institute,≤100,10
1159313984168136,europop,Popsport,≤100,16
277709595710849,სოფლის განვითარების სააგენტო - Rural Development Agency,სოფლის განვითარების სააგენტო / Rda,≤100,2
182742568494417,შინაგან საქმეთა სამინისტრო / Ministry of Internal Affairs of Georgia,Ministry Of Internal Affairs,≤100,2
103965262533554,არ აგარევინებთ,Davit Davitashvili,≤100,5
153105401406117,ტურიზმის ეროვნული ადმინისტრაცია • Georgian National Tourism Administration,Georgian National Tourism Administration,≤100,1
137784719692774,საქართველოს მთავრობა,საქართველოს მთავრობა,≤100,2
1746063075610569,საფარი/Sapari,Union Sapari,≤100,3
106116218389057,გამზირი • Gamziri,Nini Jalabadze,≤100,2
105294965729965,საქართველო უპირველეს ყოვლისა  • Georgia First,Georgia First,≤100,7
104544911468291,შალვა პაპუაშვილი • Shalva Papuashvili,Georgian Dream,≤100,1
177657096172822,სირცხვილია • Shame Movement,სირცხვილია • Shame Movement,≤100,2
285690758154568,გარემოს დაცვისა და სოფლის მეურნეობის სამინისტრო,გარემოს დაცვისა და სოფლის მეურნეობის სამინისტრო,≤100,1
2136963033183230,თორნიკე რიჟვაძე • Tornike Rijvadze,თორნიკე რიჟვაძე • Tornike Rijvadze,≤100,1
101675728268164,დამუხტე,POSTV,≤100,1
180568365331697,შერიგებისა და სამოქალაქო თანასწორობის საკითხებში სახელმწიფო მინისტრის აპარატი,SMR Georgia,≤100,1
113991509974808,მამუკა ხაზარაძე Mamuka Khazaradze,მამუკა ხაზარაძე Mamuka Khazaradze,≤100,1
621059661576199,ავთანდილ თალაკვაძე / Avtandil Talakvadze,Georgian Dream,≤100,1
107490771649032,GeoPress,GeoPress,≤100,4
224200947654386,Heinrich-Böll-Stiftung South Caucasus,Heinrich-Böll-Stiftung South Caucasus,≤100,3
133052760057128,Tabula - ტაბულა,Tabula - ტაბულა,≤100,54
691251661323712,თავისუფალი ბაზარი,გირჩი • Girchi,≤100,1
414248619353564,საქართველოს დაბადება,გირჩი • Girchi,≤100,1
106671920976963,Movement EDU,Movement tv LLC,≤100,3
115293058488180,საქართველოს ეროვნული არქივი/National Archives of Georgia,საქართველოს ეროვნული არქივი/National Archives of Georgia,≤100,5
112698110523947,7- მოქალაქეები/Citizens,ალეკო ელისაშვილი - მოქალაქეები,≤100,2
480323335835739,მაუწყებელი • Mautskebeli,მაუწყებელი • Mautskebeli,≤100,2
100621279554377,კონსერვატორია,POSTV LLC,≤100,4
339810463063059,Conflict Of Nations : World War 3,These ads ran without a disclaimer,≤100,1
158969037628815,თბილისის საკრებულო / Tbilisi City Assembly,თბილისის საკრებულო / Tbilisi City Assembly,≤100,2
106317295238732,Amos Emard,These ads ran without a disclaimer,≤100,1
276733003042772,Levan Ioseliani,ალეკო ელისაშვილი - მოქალაქეები,≤100,1
297075367343408,BTU • ბიზნესისა და ტექნოლოგიების უნივერსიტეტი,BTU • ბიზნესისა და ტექნოლოგიების უნივერსიტეტი,≤100,1
103608307719308,EuroClub Kvareli • ყვარლის ევროკლუბი,EuroClub Kvareli,≤100,1
101545558591952,დავით ფაცაცია / David Patsatsia,დავით ფაცაცია/Davit Patsatsia,≤100,2
1436499703296575,მითების დეტექტორი,მითების დეტექტორი,≤100,1
106406091708349,ირაკლი თავდგირიძე • Irakli Tavdgiridze,ირაკლი თავდგირიძე,≤100,1
101567864590599,კვლევითი ინსტიტუტი Gnomon Wise,Gnomon Wise,≤100,3
103269208894167,რეფორმებისა და კვლევის ჯგუფი/ The Reforms and Research Group,The Reforms and research group,≤100,1
1740887375921884,TOK TV,TOK TV,≤100,1
194582501162686,KiKi,Tanadgoma,≤100,1
106059902195415,CourtWatch.ge - იყავი ინფორმირებული სასამართლოზე,Georgian Court Watch,≤100,2
1386065384959039,სოლიდარობა მშვიდობისთვის - ახალი სივრცე,Solidarity For Peace,≤100,1
1057076117677093,NEWS.On.ge,On.ge,≤100,2
471759786227198,Factcheck.ge,Factcheck.ge,≤100,1
195600981002208,გიორგი მელაშვილი / George Melashvili,Europe-Georgia Institute,≤100,1
136827876490842,საინფორმაციო ცენტრი ნატოსა და ევროკავშირის შესახებ • NATO & EU Info Center,საინფორმაციო ცენტრი ნატოსა და ევროკავშირის შესახებ • NATO & EU Info Center,≤100,2
101654607896202,BeforeCrypt,These ads ran without a disclaimer,≤100,1
104958844244267,Ongo,Ongo,≤100,1
100248638448903,natali_alanya,These ads ran without a disclaimer,≤100,1
143661702404558,Хочу учиться в США,These ads ran without a disclaimer,≤100,2
106922568877844,CRC - Cyber Resilience Center - კიბერმედეგობის ცენტრი,These ads ran without a disclaimer,≤100,1
107302922233781,Komuro homeland,These ads ran without a disclaimer,≤100,1
103235859312409,Probably immigration,These ads ran without a disclaimer,≤100,1
111056268521175,Mrtudxzzppgkcvxxz,These ads ran without a disclaimer,≤100,1
103668129270014,Gentle skateboarder,These ads ran without a disclaimer,≤100,1
111821271714950,Democracy Frontline - конкурс для українських митців,These ads ran without a disclaimer,≤100,1
114026591554469,Dreamof resource,These ads ran without a disclaimer,≤100,1
101453006161732,Azz rhinoceros,These ads ran without a disclaimer,≤100,1
53298096310,Prague City University,These ads ran without a disclaimer,≤100,2
114223108198950,Kata molecule scientific,These ads ran without a disclaimer,≤100,1
101450572816278,Rzfygmsxawqpxw,These ads ran without a disclaimer,≤100,1
133530100014336,ამერიკის ხმა,These ads ran without a disclaimer,≤100,1
108200448809169,Passage wombat,These ads ran without a disclaimer,≤100,1
2167628580128133,ირაკლი კობახიძე / Irakli Kobakhidze,Georgian Dream,≤100,1
101715608808670,Judgment Day: Angel of God,These ads ran without a disclaimer,≤100,2
124377194285112,Jfranews - جفرا نيوز,These ads ran without a disclaimer,≤100,2
285530825204,Klitschko,These ads ran without a disclaimer,≤100,2
107419398838282,Global Digital Inclusion Partnership,These ads ran without a disclaimer,≤100,3
145752338944033,Air China,These ads ran without a disclaimer,≤100,1
102093685620627,Best Diplomats,These ads ran without a disclaimer,≤100,1
106918888863637,Veterinary Sciences MDPI,These ads ran without a disclaimer,≤100,1
100417379468020,Agronomy MDPI,These ads ran without a disclaimer,≤100,3
102353784761148,CERC in Migration and Integration,These ads ran without a disclaimer,≤100,1
270082823183144,Canton Fair,These ads ran without a disclaimer,≤100,1