﻿Page ID,Page name,Disclaimer,Amount spent (USD)
1584183878552505,Institute for Strategy and Policy- Myanmar,an advertiser in Myanmar,≤100
2074476209434546,Happy Healthy Myanmar  ပျော်ရွှင်ကျန်းမာ တို့မြန်မာ,an advertiser in Myanmar,≤100
102301285627762,ဒို့အသံ ဒို့ဟန်,an advertiser in Myanmar,≤100
565225540184937,CGTN,These ads ran without a disclaimer,≤100
104511348661456,အေးဆေးပါ,an advertiser in Myanmar,≤100
103760818568298,B book,an advertiser in Myanmar,≤100
728555550862331,Myanma Awba - Comet Fertilizer,These ads ran without a disclaimer,≤100
395933837270620,Tet Luu Kyaw - တက်လူကျော် စာပေ,an advertiser in Myanmar,≤100