﻿Page ID,Page name,Disclaimer,Amount spent (USD),Number of ads in Library
1618337698388191,Michael Ashwin Adhin,Ashwin Adhin,≤100,1
101998658413144,Black Streak Anime,These ads ran without a disclaimer,≤100,3
188872144758,CCTV,These ads ran without a disclaimer,≤100,1
31292782350,Deutschland.de,These ads ran without a disclaimer,≤100,2
200480966638039,Supremacy 1914,These ads ran without a disclaimer,≤100,2
315543515306,Jing Daily,These ads ran without a disclaimer,≤100,1
100339112933404,Baga1402_04,These ads ran without a disclaimer,≤100,1
110463704610731,Cute Kiwi,These ads ran without a disclaimer,≤100,1
171596616293058,ROOM diseño,These ads ran without a disclaimer,≤100,1
285530825204,Klitschko,These ads ran without a disclaimer,≤100,1
81348477963,Archbishop Nicholas Duncan-Williams,These ads ran without a disclaimer,≤100,1
145752338944033,Air China,These ads ran without a disclaimer,≤100,1