﻿Page ID,Page name,Disclaimer,Amount spent (USD)
105778678603723,Eric Deters for Governor,Eric Deters,863
127225910653607,PragerU,PragerU,465
85452072376,NEWSMAX,"NEWSMAX MEDIA, INC.",379
19437978960,Chris Murphy,FRIENDS OF CHRIS MURPHY,279
10461186460,Ben & Jerry's,"BEN & JERRY'S HOMEMADE, INC.",268
570092813023833,Matt Walsh,The Daily Wire,267
491375734622617,Kentucky Coal Association,Kentucky Coal Association,211
482100658584410,We Stand For Energy,"EDISON ELECTRIC INSTITUTE, INC.",198
57259033959,AARP,AARP,172
2353537341582545,Proud Patriots,Proud Patriots,165
92925746942,Judicial Watch,Judicial Watch,146
309798029121030,Everytown for Gun Safety,Everytown for Gun Safety Action Fund Inc,141
130268756992804,Yale Climate Connections,Yale Climate Connections with Facebook Ad Credits,140
172758932738142,PhRMA,PHARMACEUTICAL RESEARCH AND MANUFACTURERS OF AMERICA,132
342294162453301,Planned Parenthood,Planned Parenthood Federation of America,129
1669941646417657,Senior Choice Financial,Senior Choice Financial,124
108016355284568,Bluegrass Freedom Action,Bluegrass Freedom Action,122
18982436812,ACLU,American Civil Liberties Union,117
40217893542,AIPAC,AIPAC,104
113891694102,Energy Citizens,AMERICAN PETROLEUM INSTITUTE,102
107483817554072,WorkMoney,WorkMoney,102
309308412520731,Sandy Hook Promise,Sandy Hook Promise,≤100
80562389320,NARAL Pro-Choice America,NARAL PRO-CHOICE AMERICA CORP,≤100
385473284886474,Hillsdale College,Hillsdale College,≤100
6514736316,Walden University,Walden University,≤100
1888216188065538,Congressman James Comer,Congressman James Comer,≤100
2053678114723700,President Trump's Patriot Army,I Love My Freedom,≤100
491362440908122,The Beer Institute,BEER INSTITUTE,≤100
7030901126,Campaign for Tobacco-Free Kids,Campaign for Tobacco-Free Kids,≤100
108774614054683,American Edge Project,American Edge,≤100
108547455113940,Our America,Our America,≤100
314499212242,Pfizer,Pfizer Inc.,≤100
18709174006,National Audubon Society,"NATIONAL AUDUBON SOCIETY, INC.",≤100
203197030603239,8 Billion Trees,8 Billion Trees LLC,≤100
112563564254924,Right to Life of Louisville,RIGHT TO LIFE OF LOUISVILLE INC,≤100
219242560293,Meals on Wheels America,Meals On Wheels America,≤100
49651563727,Live Action,Live Action,≤100
592707041080920,Stand Together,Stand Together Chamber of Commerce Inc.,≤100
22067606728,Allen West,The Association of Mature American Citizens Inc,≤100
100992801635617,Conservative-American.org,Conservative American Strategies,≤100
472757489600437,Kentucky Senate Republicans,Kentucky Senate Caucus Campaign Committee,≤100
101437432582765,The Center for Infrastructure and Economic Development,Center for Infrastructure and Economic Development Inc.,≤100
10128918116,Gavin Newsom,Campaign for Democracy PAC,≤100
104760636770,Vera Institute of Justice,"VERA INSTITUTE OF JUSTICE, INC.",≤100
517738568716016,Daniel Cameron for Governor of Kentucky,DANIEL CAMERON FOR GOVERNOR,≤100
1461100540775171,The Tuttle Twins,LIBERTAS INSTITUTE,≤100
200650357207240,I Love My Freedom,I Love My Freedom,≤100
102990146017865,Rep. Morgan McGarvey,Representative Morgan McGarvey,≤100
203805062990264,Ben Shapiro,The Daily Wire,≤100
15771560300,Earthjustice,EARTHJUSTICE,≤100
23875187730,Feeding America,Feeding America,≤100
104253615152700,America First Legal,America First Legal Foundation,≤100
147368882623027,Black Futures Lab,Black Futures Lab,≤100
555787351119974,Coalition to Protect America's Health Care,Coalition to Protect America’s Health Care,≤100
103912059097010,One Real American,One Real American,≤100
112600915451330,No Labels,No Labels,≤100
115379705206001,U.S. Department of Homeland Security Blue Campaign,U.S Department of Homeland Security Blue Campaign,≤100
6041057841,The Humane Society of the United States,"HUMANE SOCIETY OF THE UNITED STATES, THE",≤100
106568024842114,Rideshare Assault Support,Citizen Ad Network LLC,≤100
1413858742171052,Melinda French Gates,Melinda French Gates,≤100
109320440856128,Stand Up to Jewish Hate,"Foundation to Combat Anti-Semitism, Inc.",≤100
100466376050855,Real America Home,Real America Home,≤100
8492293163,Environmental Defense Fund,Environmental Defense Fund,≤100
112134538464796,ErcAccess,Leads Team LLC,≤100
103778018155757,Mercer Coalition for Responsible Development,Mercer Coalition for Responsible Developement,≤100
199504650087085,United,"UNITED AIRLINES, INC.",≤100
7735858972,Humane Society Legislative Fund,Humane Society Legislative Fund,≤100
70874333603,CatholicVote,catholicvote.org,≤100
100314172867011,American Memorial,Final Expense Authority LLC,≤100
104977525752112,Freedom of Patriots,Freedom of Patriots,≤100
103885799225717,Liberty Protector,Liberty Protector,≤100
38471053686,Elizabeth Warren,"WARREN FOR SENATE, INC.",≤100
1316372698453411,Alexandria Ocasio-Cortez,Alexandria Ocasio-Cortez for Congress,≤100
153080620724,Donald J. Trump,TRUMP SAVE AMERICA JOINT FUNDRAISING COMMITTEE,≤100
106286978438991,Mike Harmon for Governor,Mike Harmon for Governor,≤100
76470053424,TIAA,TEACHERS INSURANCE AND ANNUITY ASSOCIATION OF AMERICA,≤100
209516845093,NRDC Action Fund,NRDC Action Fund,≤100
109021568309875,Derek Petteys for State Auditor,Derek Leonard Petteys,≤100
6204742571,Sierra Club,SIERRA CLUB,≤100
30139072158,CARE,CARE,≤100
166618413413767,Jay Sekulow,American Center for Law and Justice,≤100
376006035816016,Storyworth,These ads ran without a disclaimer,≤100
428821014132730,Katie Porter,KATIE PORTER FOR SENATE,≤100
106244251043808,America's Plastic Makers,"AMERICAN CHEMISTRY COUNCIL, INC.",≤100
7341997111,Conservation International,Conservation International,≤100
106300061200130,Assange Defense,People Power Initiatives,≤100
161183970656851,Ruben Gallego,GALLEGO FOR ARIZONA,≤100
376776419037747,Turning Point USA,"Turning Point USA, Inc.",≤100
100168566232753,IRS Helper,Leads Team LLC,≤100
104724569202483,Alex Hales,These ads ran without a disclaimer,≤100
104295601633638,American Cornerstone Institute,American Cornerstone Institute Inc,≤100
23875187730,Feeding America,FEEDING AMERICA,≤100
107778864905662,Andrew Cooperrider for Kentucky State Treasurer,Cooperrider for KY,≤100
168876449866088,The Years Project,THE YEARS PROJECT,≤100
100758682697459,Mayday Health,"Mayday Medicines, Inc.",≤100
632973866872363,Kentucky CASA Network,"Kentucky CASA Network, Inc.",≤100
681626158940626,Mission Roll Call,Americas Warrior Partnership,≤100
101020915277718,Drain the Swamp Kentucky,Derek Leonard Petteys,≤100
159658557547960,Wall Street Journal Opinion,The Wall Street Journal,≤100
114008535880,Foundation for Individual Rights and Expression,FOUNDATION FOR INDIVIDUAL RIGHTS IN EDUCATION,≤100
100652668612020,Essential Plastics Coalition,"CENTER FOR CONSUMER FREEDOM, THE",≤100
38235851310,USA for UNHCR,UNITED STATES ASSOCIATION FOR UNHCR,≤100
721016327953823,Harrison County Kentucky Republican Party,Harrison County Kentucky Republican Party,≤100
103807629149771,Working Forests Initiative,"WORKING FOREST INITIATIVE, INC.",≤100
106644838819876,One Great American Solutions,One Great American Solutions,≤100
359477377917,American Federation for Children,American Federation for Children,≤100
372577693078008,"Saenz-Garcia Law, PLLC","Saenz-Garcia Law, PLLC",≤100
570953166908066,Vivek Ramaswamy,VIVEK 2024,≤100
106608038931801,Loyal Patriots,Loyal Patriots,≤100
69983322463,Ted Cruz,TED CRUZ FOR SENATE,≤100
110431415026491,The American Enthusiasm,The American Enthusiasm,≤100
304600892905134,Hillsdale College Online Courses,HILLSDALE COLLEGE,≤100
1470540296409810,Fair Fight Action,FAIR FIGHT,≤100
408526523045391,Mammoth Nation,Mammoth Nation,≤100
7292655492,MoveOn,MOVEON.ORG POLITICAL ACTION,≤100
689547608156721,The Burial Solution,The Burial Solution,≤100
19746387261,Humane Society International,Humane Society International,≤100
61492859575,Americares,"Americares Foundation, Inc.",≤100
580610428636345,Fight for $15,Fight for $15,≤100
108945561919531,The Great American Services,The Great American Services,≤100
106563958759988,Semafor,Semafor Inc.,≤100
45393753416,Alliance Defending Freedom,Alliance Defending Freedom,≤100
19554217292,American Heart Association: You're the Cure,American Heart Association,≤100
109179375151983,Med Plan Coverage,Seniors Today USA,≤100
102027764795677,American Wire,BizPac Review,≤100
508887815910815,BPR,BizPac Review,≤100
103355385129734,The Climate Pledge,The Climate Pledge,≤100
12301006942,Democratic Party,DNC SERVICES CORP./DEM. NAT'L COMMITTEE,≤100
68680511262,NFL,NFL PROPERTIES LLC,≤100
83290028957,Care Net,CARE NET,≤100
15239367801,The Wilderness Society,"WILDERNESS SOCIETY, THE",≤100
11602044174,Independent Women's Forum,Independent Women's Forum,≤100
1898234727131235,Reel America,BizPac Review,≤100
1476342155924546,Big Rig Threads,Big Rig T-Shirts and Decals LLC,≤100
780941275347834,Ilhan Omar,ILHAN FOR CONGRESS,≤100
105561217523274,The Dispatch,"Dispatch Media, Inc.",≤100
602074469965571,Plan C,NATIONAL WOMENS HEALTH NETWORK,≤100
111464544881905,America First News,Tomer Barazani,≤100
6266829799,Sherrod Brown,FRIENDS OF SHERROD BROWN,≤100
1330785533656393,OVP Health,These ads ran without a disclaimer,≤100
104394262049761,Jeremy's Razors,The Daily Wire,≤100
1958912674200535,The Pour Over,Pour Over,≤100
101391906600,Live Action News,Live Action,≤100
51379424899,Mercy Ships,MERCY SHIPS INTERNATIONAL,≤100
169204449790211,Conservative News Today,BizPac Review,≤100
1435071773455316,Daily Wire,The Daily Wire,≤100
1593518174052711,Candace Owens,The Daily Wire,≤100
108268161352786,Stanley M. Herzog Foundation,Herzog Foundation,≤100
12375354406,USO,United Service Organizations,≤100
6240652407,Young America's Foundation,Young America's Foundation Inc,≤100
21090771700,Gun Owners of America,Gun Owners of America,≤100
107661474402498,Liberty Eagle Apparel,United Patriot,≤100
86071521216,Second Amendment Foundation,SECOND AMENDMENT FOUNDATION INC,≤100
105925292435704,Elect Richard Henderson Senate district 28,Richard Dale Henderson,≤100
216311481960,Bill Gates,Bill Gates,≤100
8325302025,Friends of the Earth U.S.,Friends of the Earth,≤100
1375372595977513,UWorld Insurance Group,UWORLD INSURANCE GROUP,≤100
21375324480,The Heritage Foundation,HERITAGE FOUNDATION (THE),≤100
115031433563622,Leading Ladies,BizPac Review,≤100
746938465317981,Nuclear Matters,Nuclear Matters,≤100
47710973068,Voices for Cooperative Power,Voices for Cooperative Power,≤100
100113541464939,Start Early,Start Early,≤100
6502038524,First Book,FIRST BOOK,≤100
154561574598964,White Coat Waste Project,THE WHITE COAT WASTE PROJECT INC,≤100
138290759549138,"Hope Clinic for Women in Granite City, Illinois",Hope Clinic for Women,≤100
169597416843751,Stand Up America,Stand Up America,≤100
107764430968176,Tuttle Twins TV Show,"Tuttle Twins Show, LLC",≤100
105454117977117,Voices for Consumer Choice,Voices for Consumer Choice,≤100
282380365148226,Center for Safe Internet Pharmacies,Center for Safe Internet Pharmacies LTD,≤100
108293898875429,President Trump Supporters,I Love My Freedom,≤100
102413723172970,Nick Adams,Nick Adams,≤100
6355071377,American Cancer Society Cancer Action Network - ACS CAN,AMERICAN CANCER SOCIETY CANCER ACTION NETWORK INC,≤100
13885075114,Action Against Hunger USA,ACTION AGAINST HUNGER - USA,≤100
7192716362,Amnesty International USA,"AMNESTY INTERNATIONAL OF THE U. S. A., INC.",≤100
8501031021,VoteVets.org,VOTEVETS,≤100
175647186421524,Team ENOUGH,Team ENOUGH,≤100
125769584126996,Yael Eckstein,"INTERNATIONAL FELLOWSHIP OF CHRISTIANS & JEWS, INC.",≤100
711478725532801,Civiqs,Civiqs,≤100
110760245177659,Save America,Save America,≤100
7263476274,Mercy Corps,Mercy Corps,≤100
1600352356914768,PushBlack,PushBlack,≤100
43005439032,American Diabetes Association,American Diabetes Association,≤100
34362997676,United States Holocaust Memorial Museum,UNITED STATES HOLOCAUST MEMORIAL MUSEUM,≤100
30708742052,FCTRY,FCTRY,≤100
21492729544,Catholic Relief Services,CATHOLIC RELIEF SERVICES - UNITED STATES CONFERENCE OF CATHOLIC BISHOPS,≤100
105753898811449,Align Us,Kyle Reyes,≤100
105331908787374,Republican Accountability PAC,REPUBLICAN ACCOUNTABILITY PAC INC,≤100
142432192446984,David Horowitz Freedom Center,David Horowitz Freedom Center,≤100
107034431979369,United24,Non-profit organization UNITED24,≤100
134452023239984,Human Coalition,Human Coalition,≤100
2245766435469741,Beersy,Beersy LLC,≤100
471928596287830,Brian Mast,Mast for Congress,≤100
786167111464006,Woodson Center,The Woodson Center,≤100
50822254585,Mountain States Legal Foundation,Mountain States Legal Foundation,≤100
340153562850578,Tim Tebow,TIM TEBOW FOUNDATION,≤100
108641741851973,Magic Valley Energy,Magic Valley Energy LLC,≤100
7860876103,Joe Biden,DNC SERVICES CORP./DEM. NAT'L COMMITTEE,≤100
5644748986,National Wildlife Federation,NATIONAL WILDLIFE FEDERATION,≤100
226999127329906,New York Immigration Lawyer,Law Office of Alena Shautsova,≤100
255062275778,Tim Tebow Foundation,TIM TEBOW FOUNDATION,≤100
58736997707,Marco Rubio,Rubio Victory Committee,≤100
788559044606908,America Forward,NEW PROFIT INC,≤100
114008535880,Foundation for Individual Rights and Expression,"FOUNDATION FOR INDIVIDUAL RIGHTS AND EXPRESSION, INC.",≤100
245741028804051,Barbara Sinatra Center,Barbara Sinatra Children's Center,≤100
60182072999,Lila Rose,Live Action,≤100
282728185140429,Rep For Vets,The Rep For Vets,≤100
140357056032320,NEA Today,National Education Association,≤100
133649613319094,A Call to Men,A CALL TO MEN,≤100
100692068471118,Explain America,Apse Media LLC,≤100
114710126648118,Republican Dogs,Republican Dogs,≤100
126211280741703,Midwest Values PAC,Midwest Values PAC,≤100
101605354952785,Glenn Youngkin,Spirit of Virginia,≤100
557051651115624,Stidham Financial Services,Stidham Financial Services,≤100
160630887998827,Let Them Live,Oliver Harrison  Berning,≤100
267180743723148,National Geographic Society,National Geographic Society,≤100
107445151903077,Change The Code,GREENPEACE INC,≤100
103499034671877,Choose Who You Use Maryland,Choose Who You Use Maryland,≤100
169687486427698,Jentezen Franklin,FREE CHAPEL WORSHIP CENTER,≤100
150663765012441,Warren County KY Gov,Warren County Government,≤100
507070522767934,AACR Foundation,"AMERICAN ASSOCIATION FOR CANCER RESEARCH, INC.",≤100
103695769458,United States Mint,United States Mint,≤100
25372476424,Best Friends Animal Society,BEST FRIENDS ANIMAL SOCIETY,≤100
1832744013698336,Mahogany Mommies,Mahogany Mommies,≤100
100403528653081,Punchbowl News,Punchbowl News,≤100
451075468389015,Donald Trump Is My President,Donald Trump Is My President,≤100
102592959026,Ocean Conservancy,"OCEAN CONSERVANCY, INC.",≤100
121626482110,Operation Smile,OPERATION SMILE,≤100
101704558574021,Lucas Kunce,Lucas Kunce for Missouri,≤100
101041998305221,The Proud Republicans,Tomer Barazani,≤100
302182941354,AARP Advocates,AARP,≤100
138354569532939,"Tradition, Family, Property - TFP","American Society for the Defense of Tradition, Family and Property",≤100
152264148166020,Moms Clean Air Force,Moms Clean Air Force,≤100
362156930490099,Kenton County Republican Party,Kenton County Republican Party,≤100
1575347412785991,cheddar news,Cheddar,≤100
71393981315,WildAid,"WILDAID, INC",≤100
355783211719644,Veteran Caregivers of America,"Veteran Caregivers, LLC",≤100
15041226930,Oxfam,"OXFAM AMERICA, INC.",≤100
1669532483372455,The Victory Channel,Kenneth Copeland Ministries,≤100
102868946106278,Reel Congress,BizPac Review,≤100
74470852653,Mike Pompeo,Champion American Values PAC,≤100
126893748252841,American Firearms Association,American Firearms Coalition,≤100
583258211727279,Shai Fund,SHAI FUND INC,≤100
173896102623920,Old Row,Old Row,≤100
103376804451432,Trending Politics,I Love My Freedom,≤100
657708380952174,Voices of the Civil Rights Movement,Comcast,≤100
6236054211,Brady: United Against Gun Violence,Brady Campaign to Prevent Gun Violence,≤100
93228695778,Tea Party Patriots,Tea Party Patriots,≤100
91346559231,Democratic Legislative Campaign Committee - DLCC,Democratic Legislative Campaign Committee,≤100
102310812823338,Jennifer Kazimer for Mayor,Jennifer Kazimer Committee to Elect for Mayor,≤100
1428755447227803,Defend The Second,Next Level Goods,≤100
30914589895,The International Fellowship of Christians and Jews,INTERNATIONAL FELLOWSHIP OF CHRISTIANS & JEWS INC,≤100
114765400352270,Kite & Key Media,VMTS EDUCATION INC,≤100
117437204982602,American Wild Horse Campaign,American Wild Horse Preservation Campaign,≤100
101090559295696,TPUSA Faith,TURNING POINT USA NFP,≤100
153446658100252,Lumina Foundation,Lumina Foundation,≤100
407902639235640,JNS.org,Jewish News Syndicate,≤100
290548664672,First Liberty Institute,First Liberty Institute,≤100
103228475513073,Better Tomorrow In Tennessee,Better Tomorrow In Tennessee,≤100
203805062990264,Ben Shapiro,Daily Wire,≤100
240937060405,Center for Science in the Public Interest (CSPI),Center for Science in the Public Interest,≤100
243184199040637,Caring Across Generations,Caring Across Generations,≤100
7357041101,Tammy Baldwin,TAMMY BALDWIN FOR SENATE,≤100
85273022315,NAMI,NAMI,≤100
72931140459,Center for Biological Diversity,"CENTER FOR BIOLOGICAL DIVERSITY, INC.",≤100
8934429638,Planned Parenthood Action,Planned Parenthood Action Fund,≤100
911828698840246,ReLEntless Defender Apparel,ReLEntless Defender Apparel,≤100
197760674021143,Indivisible Guide,INDIVISIBLE ACTION,≤100
127637620616803,Comcast Newsmakers,Comcast,≤100
109092142462587,Adam Schiff,SCHIFF FOR SENATE,≤100
24481937944,Theodore Roosevelt Conservation Partnership,"THEODORE ROOSEVELT CONSERVATION PARTNERSHIP, INC",≤100
104908071917505,Welcome.us,Welcome.us,≤100
1869687273277265,Run for Something,Run For Something PAC,≤100
105756057589080,The Lincoln Project,THE LINCOLN PROJECT,≤100
158791100909689,Concerned Veterans for America,Concerned Veterans for America,≤100
318196171580489,Ron DeSantis,Friends of Ron DeSantis,≤100
50982313030,Food & Water Watch,Food & Water Watch,≤100
690457604737953,Independent Colleges and Universities of Florida - ICUF,ICUF,≤100
271453369908901,FLAG  - Foundation for Liberty and American Greatness,Tomer Barazani,≤100
111541268269434,One America Services,One American Services,≤100
269348454714,IMB,"INTERNATIONAL MISSION BOARD OF THE SOUTHERN BAPTIST CONVENTION, THE",≤100
317284821682168,Messianic Jewish Alliance of America (MJAA),Messianic Jewish Alliance of America,≤100
102627405678230,Affordable Health Care & Burial Solutions,champ healthcare,≤100
57774720835,RESOLVE: The National Infertility Association,RESOLVE THE NATIONAL INFERTILITY ASSOCIATION (USED IN VA BY: RESOLVE INCORPORATED),≤100
23790541544,Democrats,DCCC,≤100
8047221596,Save the Children US,SAVE THE CHILDREN FEDERATION INC.,≤100
104981939210693,Clayton Keirns,I Love My Freedom,≤100
15503839732,Peter G. Peterson Foundation,Peter G. Peterson Foundation,≤100
105627742460145,Tobacco Kills NY,TOBACCO-FREE KIDS ACTION FUND,≤100
443329669123990,USAFacts,USAFacts Institute,≤100
210820618956311,Community Change Action,Community Change Voters,≤100
51405613519,Focus on the Family,Focus on the Family,≤100
164498676940373,American Masters,WNET,≤100
103531607822207,Noticias para Inmigrantes,"Wise Rock Media, PBC",≤100
96935476345,Democratic Governors Association (DGA),"Democratic Action, democraticgovernors.org, not authorized by any candidate or candidate's committee.",≤100
24330467048,Americans for Prosperity,AMERICANS FOR PROSPERITY,≤100
199345626761194,The Nature Conservancy of Kentucky,NATURE CONSERVANCY,≤100
2109346099084063,UofL Health,These ads ran without a disclaimer,≤100
103565195134756,America First Policy Institute,America First Policy Institute,≤100
333710103706307,GIFFORDS,Giffords,≤100
1424003277893336,Allan Domb,Allan Domb for Philadelphia,≤100
120102651346136,Nevada State Treasurer’s Office,STATE TREASURER NEVADA OFFICE OF,≤100
97466887664,Innocence Project,"INNOCENCE PROJECT, INC., THE",≤100
126105480781184,Texas Home School Coalition (THSC),TEXAS HOME SCHOOL COALITION,≤100
219612384781411,Bloomberg Philanthropies,Bloomberg Philanthropies,≤100
297987334762,Jamie Raskin,Jamie Raskin for Congress,≤100
489151041277148,FirstNet Authority,First Responder Network Authority,≤100
5720973755,Defenders of Wildlife,DEFENDERS OF WILDLIFE,≤100
20787991568,Senate Democrats,DSCC,≤100
205795426669644,Facts and Logic about the Middle East,Facts and Logic About the Middle East,≤100
32682889528,U.S. Chamber of Commerce,The U.S. Chamber of Commerce,≤100
17203056985,Partners In Health,Partners In Health,≤100
40755480179,Students For Liberty,STUDENTS FOR LIBERTY INC,≤100
100684991996307,November Coalition,NOVEMBER COALITION,≤100
281844617168,Jewish Voice Ministries International,Jewish Voice Ministries International,≤100
103875099042033,DailyWire+,The Daily Wire,≤100
121268821249550,World Central Kitchen,World Central Kitchen,≤100
112735922758892,Charlie Kirk,"Turning Point USA, Inc.",≤100
103648802451237,Fair Courts America,Fair Courts America,≤100
1526736227567131,TrueCoverage,True Coverage,≤100
146738662022,Association for Enterprise Opportunity (AEO),"ASSOCIATION FOR ENTERPRISE OPPORTUNITY, INC.",≤100
108266445888054,Patriot Academy,TORCH OF FREEDOM FOUNDATION,≤100
462747990484294,Seniors Speak Out,Healthcare Leadership Council,≤100
104377518078467,More Perfect Union,MORE PERFECT UNION FOUNDATION,≤100
102200252489086,The Debt Bureau,These ads ran without a disclaimer,≤100
284293125336159,Regulatory Transparency Project,FEDERALIST SOCIETY FOR LAW & PUBLIC POLICY STUDIES,≤100
124506846628,Agape International Missions,AGAPE INTERNATIONAL MISSIONS,≤100
60261764250,Childhelp,"CHILDHELP, INC.",≤100
396554207144521,New York Association of Convenience Stores - NYACS,New York Association of Convenience Stores - NYACS,≤100
29934350147,Marketplace Business News,AMERICAN PUBLIC MEDIA,≤100
100712889249331,Health Equity Coalition for Chronic Disease,Health Equity Coalition for Chronic Disease,≤100
67418361170,Cinemark,These ads ran without a disclaimer,≤100
313723095478950,Daily Citizen,Focus on the Family,≤100
1338822066131069,Women's March,Women's March,≤100
367292494407,AJC - American Jewish Committee,AMERICAN JEWISH COMMITTEE,≤100
107394202272763,And To The Republic,AND TO THE REPUBLIC,≤100
408250066356,Bill O'Reilly,"Bill Me, Inc.",≤100
160005659383,PreBorn,"MISSION: PRE-BORN, INC.",≤100
2321993584737314,The Markin Report,The Markin Report,≤100
101069505589,American Association of Pro Life OB/GYNS,AAPLOG,≤100
102961048478150,Center for Renewing America,CENTER FOR RENEWING AMERICA INC,≤100
1593518174052711,Candace Owens,Daily Wire,≤100
101903508281567,The Dude's Threads,The Dude's Threads,≤100
11006419356,The Voice of the Martyrs - USA,"VOICE OF THE MARTYRS, INC., THE",≤100
349800859019034,The 19th News,The 19th,≤100
109194908627105,The Highland Park Gun Violence Project,Highland Park Gun Violence Project,≤100
201446296572389,Compassion in World Farming (USA),Compassion in World Farming Inc,≤100
10498053716,Media Research Center,MEDIA RESEARCH CENTER,≤100
103886259329726,US Loan Center,US Loan Center Advantage,≤100
173470656019870,The Daily Yonder,CENTER FOR RURAL STRATEGIES,≤100
197760674021143,Indivisible Guide,Indivisible Project,≤100
124924174551188,Awe Inspired,JILCO,≤100
120778038066631,EveryLibrary,EveryLibrary,≤100
169042736456594,All Out,All Out Action Fund.,≤100
58158120046,ACLJ,American Center for Law and Justice,≤100
119953292796,Jim Banks,BANKS FOR SENATE,≤100
2602473023098666,Democratic Polling Center,Democratic Governors Association,≤100
412302902150250,Undeniably Dairy,Undeniably Dairy,≤100
397054531024452,COPS Training Portal,COPS Training Portal,≤100
105941575697608,Conservative,Tomer Barazani,≤100
1562713090633117,Operation Underground Railroad,OPERATION UNDERGROUND RAI,≤100
1590877284560136,Patti Harris,Bloomberg Philanthropies,≤100
393932827634250,Dissent Pins,Common Practice,≤100
132441803783915,Cheryl Musgrave for Mayor,Friends of Musgrave,≤100
102888751400855,Choose Who You Use Pennsylvania,Choose Who You Use PA,≤100
100373975829221,Fòs Feminista Org,Fòs Feminista,≤100
2254455051442790,Flag and Cross,Flag & Cross,≤100
46347342434,EMILYs List,EMILY'S LIST,≤100
40102638699,J Street,J STREET INC,≤100
29717379728,International Justice Mission,International Justice Mission,≤100
40102638699,J Street,J STREET EDUCATION FUND INC,≤100
19420215926,CNSNews.com,MEDIA RESEARCH CENTER,≤100
518194348194441,RepresentUs,RepresentUs,≤100
7515233409,"Mikey Weinstein, MRFF",MILITARY RELIGIOUS FREEDOM FOUNDATION,≤100
43934405787,IPPF,International Planned Parenthood Federation Worldwide Inc,≤100
104092062075803,USA Jolt,"Jolt Media, Inc.",≤100
140499052681592,Bank of the West,BANK OF THE WEST,≤100
36872302227,Cory Booker,CORY BOOKER FOR SENATE,≤100
36474716066,Color Of Change,ColorofChange.org,≤100
93973548615,The Family Foundation,The Family Foundation,≤100
940653386126953,StandingWithYou.org,Standingwithyou.org,≤100
190198574334684,FHE Health,THE FLORIDA HOUSE EXPERIENCE M,≤100
101330089548224,John Burrows for Congress,John Burrows for Congress,≤100
114301413446447,The Climate Initiative,Kennebunkport Climate Initiative,≤100
1196196390526965,Facebook Surveys,These ads ran without a disclaimer,≤100
1382441768496365,Pentair,PENTAIR,≤100
6787988478,Physicians for Human Rights,"PHYSICIANS FOR HUMAN RIGHTS, INC.",≤100
110068881944540,Clarence Cox for Sheriff,Friends of Clarence Cox,≤100
101670979560788,Reel Police,BizPac Review,≤100
107454490912636,Jewish Future Pledge,Jewish Future Pledge Inc,≤100
118303441570966,Homeowner Smart,NATIONAL ASSOCIATION OF REALTORS,≤100
108733284000016,Oklahoma Families for Affordable Health Care,Oklahoma Families for Affordable Health Care,≤100
109716011638325,Jane Fonda Climate PAC,JANE FONDA CLIMATE PAC,≤100
524399207959953,Truth & Liberty Coalition,Truth & Liberty Coalition,≤100
110480728196620,Small Business Digital Alliance,Small Business Digital Alliance,≤100
92021268117,Working America,Working America,≤100
1573514862764092,Speech First,Speech First,≤100
331037760381749,Sierra Magazine,SIERRA CLUB,≤100
201956993160690,MRCTV,MEDIA RESEARCH CENTER,≤100
945455208962159,For Everyone Collective,For Everyone Collective,≤100
106058025408954,Do No Harm Medicine,Do No Harm,≤100
410143045995386,Patients for Affordable Drugs,Patients for Affordable Drugs Inc.,≤100
1575347412785991,cheddar news,Cheddar News,≤100
100809736190174,American Promises,American Promises,≤100
102562629410133,Art in a Democracy,These ads ran without a disclaimer,≤100
1666922183524165,ReThink Energy NJ,ReThink Energy NJ,≤100
115749514794275,Americans Get Help,Americans Get Help,≤100
116546288359245,Heritage Action for America,HERITAGE ACTION FOR AMERICA,≤100
8002590959,Rainforest Action Network - RAN,RAINFOREST ACTION NETWORK,≤100
21395843375,Dialysis Patient Citizens,DIALYSIS PATIENT CITIZENS INC,≤100
89336510798,American Friends of the Hebrew University,American Friends of Hebrew University,≤100
145973965440671,Carnegie Corporation of New York,CARNEGIE CORPORATION OF NEW YORK,≤100
116204538416735,The AIDS Institute,AIDS INSTITUTE INC,≤100
131306317680000,Social Goods,"Social Goods, LLC",≤100
132766376763861,I Make America,Association of Equipment Manufacturers,≤100
250392878345035,The Focused Pastor,Focus on the Family,≤100
108537340548276,"Haiku, Inc.",Kyle Reyes,≤100
466164103423147,Thorn,Thorn,≤100
337038226473839,Trish Regan,"SALEM MEDIA GROUP, INC.",≤100
106359662726593,Golden Apple,GOLDEN APPLE FOUNDATION EXCELLENCE IN TEACHING,≤100
101224002310757,Seven Weeks Coffee,Seven Weeks Coffee,≤100
129213609793,Jewish Food,JTA-MJL NEW CORP.,≤100
149607228384141,America Needs Fatima,"American Society for the Defense of Tradition, Family and Property",≤100
166379546745372,Washington Post Live,These ads ran without a disclaimer,≤100
1163811040367180,Food & Water Action,FOOD & WATER ACTION,≤100
12357407443,American Friends Service Committee,AMERICAN FRIENDS SERVICE COMMITTEE,≤100
522359791285231,American Greatness,Center for American Greatness Inc,≤100
9324910069,NRSC,NRSC,≤100
661744180680367,National Police Association,"NATIONAL POLICE ASSOCIATION, INC.",≤100
8524198486,Physicians Committee for Responsible Medicine,"PHYSICIANS COMMITTEE FOR RESPONSIBLE MEDICINE, INC.",≤100
6756153498,Mike Bloomberg,Bloomberg Philanthropies,≤100
134687123337151,CDC HIV,Centers for Disease Control and Prevention,≤100
108503659576,National Coalition for Public School Options,National Coalition for Public School Options,≤100
1707505176197284,FREOPP,THE FOUNDATION FOR RESEARCH ON EQUAL OPPORTUNITY,≤100
262741493751666,The Pew Charitable Trusts,"PEW CHARITABLE TRUSTS, THE",≤100
104396194587918,C3 Solutions,Conservative Coalition for Climate Solutions,≤100
378084314984,Trane Technologies,Trane Technologies,≤100
115262456592822,Christians Engaged,Christians Engaged,≤100
300992409852,Hoover Institution,Hoover Institution,≤100
7145381235,American Jewish World Service - AJWS,"AMERICAN JEWISH WORLD SERVICE, INC.",≤100
110003135240961,Pride of America,Pride of American,≤100
1418081008242531,Hey Alma,JTA-MJL NEW CORP.,≤100
109352563640,Water.org,WATER.ORG INC.,≤100
292351509697,Jerusalem Prayer Team,Jerusalem Prayer Team,≤100
83865976093,Truthout,TRUTHOUT,≤100
142957224352,International Medical Corps,International Medical Corps,≤100
19984154032,Great Performances l PBS,WNET,≤100
103851532013523,Policyfetch.com,Quantum Digital Media Inc,≤100
393076844046051,Progressive Caucus,CONGRESSIONAL PROGRESSIVE CAUCUS PAC,≤100
105522602483398,Breaking News Alert,VIP Ad Solutions LLC,≤100
109118211910879,Mr. 45,Green Straw LLC,≤100
63240625785,National Immigration Forum,NATIONAL IMMIGRATION FORUM,≤100
127276773973529,SEVA FOUNDATION,Seva Foundation,≤100
71324717432,National Association of Scholars,NATIONAL ASSOCIATION OF SCHOLARS,≤100
93565224474,Mercy For Animals,MERCY FOR ANIMALS,≤100
252814820267,HIAS,HIAS,≤100
259351004139042,Ashbrook Center,Ashbrook Center,≤100
101382324808450,Brooke Hicks-Nelson,These ads ran without a disclaimer,≤100
220873174076,Animal Equality,ANIMAL EQUALITY,≤100
6334782252,Oceana,Oceana,≤100
163662804426854,Life Advancement Group,Nathan Montgomery Berning,≤100
113318901345595,Baby Patriots,Proud Patriots,≤100
318691681482265,Liberty Justice Center,Liberty Justice Center,≤100
122787467408862,Save Ohio STRS,"Save Ohio STRS, Inc.",≤100
109231571984405,Accelera,These ads ran without a disclaimer,≤100
309798029121030,Everytown for Gun Safety,Everytown for Gun Safety Support Fund Inc,≤100
11791104453,NRDC,Natural Resources Defense Council,≤100
251149258803938,NTWRK,These ads ran without a disclaimer,≤100
116056898085779,American Exceptionalism PAC,AMERICAN EXCEPTIONALISM PAC,≤100
149506275069183,Florida State Hispanic Chamber Of Commerce,Florida State Hispanic Chamber of Commerce,≤100
936968016365794,The Eric Metaxas Radio Show,Salem Media,≤100
109599248636777,Consumer Credit Card Protection Coalition,CONSUMER CREDIT CARD PROTECTION COALITION,≤100
114513494875415,America's Freedom Page,USA Features Media LLC,≤100
102359255363362,Puck,Puck,≤100
464998390249008,The Independence Fund,"INDEPENDENCE FUND, INC, THE",≤100
41093998634,The Christian Post,The Christian Post,≤100
397207347056799,Voices for Healthy Kids,AMERICAN HEART ASSOCIATION INC,≤100
146905052046536,"F5 Enterprises, LLC Creative Marketing & Photography",F5 Enterprises LLC / Ink Spot Cafe,≤100
113341457791145,Voices for Healthy Green Spaces,Voices for Healthy Green Spaces,≤100
112345611796763,Donald Trump Voters,I Love My Freedom,≤100
118626774835274,Medicare Made Clear,Medicare Made Clear from United Healthcare,≤100
100119981671668,Blue Senate,BLUE SENATE PAC,≤100
12596759677,RAICES,These ads ran without a disclaimer,≤100
16317479654,Deseret News,Deseret News,≤100
147523538641547,Capitol Ministries,CAPITOL MINISTRIES,≤100
1302410613110458,Telemundo Nueva Inglaterra Directo Al Consumidor,NBCUniversal,≤100
118903025362,FLOR,"FLOR, Inc.",≤100
80770833881,Eagles' Wings,ROBERT STEARNS INTERNATIONAL INC,≤100
105599502191866,Florida Jolt,"Jolt Media, Inc.",≤100
1526707030943680,Phoenix Dream Center,City Help Inc of Phoenix dba Phoenix Dream Center,≤100
182723117043,Chicago Council on Global Affairs,CHICAGO COUNCIL ON GLOBAL AFFAI,≤100
431019887282794,Tomorrow's World Today,Flying Cork,≤100
312657362217994,Women's Heart Alliance,Women's Heart Alliance,≤100
8550121410,Free Speech America Project,MEDIA RESEARCH CENTER,≤100
102747582433733,Shared Influence,THE PUBLIC GOOD PROJECTS INC,≤100
101647259395520,Project on Constitutional Originalism and CIT,Project on Constitutional Originalism and CIT - Catholic University of America,≤100
32252997166,American Dental Association,AMERICAN DENTAL ASSOCIATION,≤100
149220264647,ADL - Anti-Defamation League,Anti-Defamation League,≤100
396765477009779,Confidential Care Mobile Ministry,CONFIDENTIAL CARE MOBILE MINISTRY INC,≤100
8321461609,MomsRising.org,MomsRising Together,≤100
142474049098533,Robert Reich,Inequality Media,≤100
403737406341879,National Women's Health Network,NATIONAL WOMENS HEALTH NETWORK,≤100
101674425989138,MIT Economics Survey on Climate Change,"MIT Climate Change Survey, MIT Department of Economics",≤100
104669815210540,A Healthier Ohio Now,A Healthier Ohio Now,≤100
357750373755,National Domestic Workers Alliance,National Domestic Workers Alliance,≤100
89855016270,National Conference of State Legislatures,National Conference of State Legislatures,≤100
118385911198439,Trending Politics News,I Love My Freedom,≤100
199891603386344,Common Ground Committee,Common Ground Committee,≤100
25852730092,Care2,"Care2.com, Inc",≤100
130945114804,World Jewish Congress,WORLD JEWISH CONGRESS AMERICAN SECTION INC,≤100
384006901653736,The Moore Charitable Foundation,Moore Charitable Foundation,≤100
100406939603706,Clean Beauty Justice,These ads ran without a disclaimer,≤100
133937690180,Student Conservation Association,Student Conservation Association,≤100
1646143148996309,ADM,ADM,≤100
103552914774916,Science Moms,Potential Energy Coalition Inc,≤100
158505287559920,Save the Storks,Save the Storks,≤100
510681319319292,U.S. Civil Rights Trail,US Civil Rights Trail Marketing Alliance INC,≤100
546066468753446,Black Health Matters,BLACK HEALTH MATTERS FOUNDATION INC,≤100
104491841664875,Country First,"Country First Action, Inc.",≤100
143173285763,Tenth Amendment Center,Tenth Amendment Center,≤100
386305465057247,Liberty Nation,Liberty Nation,≤100
105173311888160,Star and Bar,Star and Bar,≤100
17414523278,Democracy Now!,DEMOCRACY NOW,≤100
1534290989956166,Philanthropy Roundtable,"PHILANTHROPY ROUNDTABLE, THE",≤100
710460605705480,Dugit Outreach Center,Dugit Messianic Outreach Center,≤100
1226257404067392,Floridians for Government Accountability,"FLORIDIANS FOR GOVERNMENT ACCOUNTABILITY, INC.",≤100
117592091643709,Tree of Life Ministries｜Evangelism in Israel,Tree of Life Ministries,≤100
138528180024579,Daily Feed,These ads ran without a disclaimer,≤100
105377404649506,Solidarity Fund by Coworker,COWORKER SOLIDARITY FUND,≤100
2070944712939738,American Police Officers Alliance,American Police Officers Alliance,≤100
104721922541733,Nuclear Now,Nuclear Now,≤100
109710757964393,Pamela Boggess for Fort Worth City Council,Pamela Boggess Campaign,≤100
104657602040321,Truth Media,Truth Media,≤100
110762178628199,Accountable SC,"Accountable SC, LLC",≤100
126855128568,FEBC (Far East Broadcasting Company),"FAR EAST BROADCASTING COMPANY, INC.",≤100
1628922377207463,Randy Feenstra,FEENSTRA FOR CONGRESS,≤100
38882699096,Polaris,POLARIS PROJECT,≤100
601678723294742,The Bill Walton Show,Resolute Protector Foundation,≤100
59543893235,National Constitution Center,National Constitution Center,≤100
999556810102061,Signature Seas,Signature Seas,≤100
18017481462,Acton Institute,Acton Institute,≤100
8895898655,Rainforest Alliance,"RAINFOREST ALLIANCE, INC.",≤100
51533142540,Public Advocate of the U.S.,PUBLIC ADVOCATE OF THE US,≤100
108512875350,The Atlas Society,The Objectivist Center Ltd,≤100
30914589895,The International Fellowship of Christians and Jews,"INTERNATIONAL FELLOWSHIP OF CHRISTIANS & JEWS, INC.",≤100
116197620249405,Recycling Facts,Center for Consumer Freedom,≤100
89234192992,American Heritage Education Foundation,"AMERICAN HERITAGE FILMS, LLC",≤100
100792901432118,Eat The Change,These ads ran without a disclaimer,≤100
105348224679358,The Don't Unfriend Me Show,DONT UNFRIEND ME,≤100
673667436317733,Texas Consumer Association,Texas Consumer Association,≤100
111380958315889,Secure Financial Future,INVESTMENT COMPANY INSTITUTE,≤100
105306835585083,WVCEH Fair Housing,WVCEH Fair Housing,≤100
123857614319417,Texas Nationalist Movement,Texas Nationalist Movement,≤100
96491683438,"The Friends of Israel Gospel Ministry, Inc.","FRIENDS OF ISRAEL GOSPEL MINISTRY, INC, THE",≤100
124383441363,Connecticut Education Association (CEA),CONNECTICUT EDUCATION ASSOCIATION,≤100
164966660351345,Hope Outfitters,Hope Outfitters,≤100
293511771033062,Morgan Stanley,These ads ran without a disclaimer,≤100
234142976633158,Wake Up World & Smell the Coffee,Edith Dume Lerner,≤100
182620315479,Plan International USA,Plan International USA,≤100
10606591490,TIME,TIME USA LLC,≤100
5970146660,Community Change,Center for Community Change Action,≤100
710669049286394,Woo the People,Woo the People,≤100
458142697588014,AARP Public Policy Institute,AARP,≤100
10524033745,Remote Area Medical - RAM,REMOTE AREA MEDICAL,≤100
112062103882377,Florida Consumer Alliance,Florida Consumer Alliance,≤100
6333396177,NewsBusters.org,MEDIA RESEARCH CENTER,≤100
473191156175163,EDF Action,Environmental Defense Action Fund,≤100
101350839190816,Macro Conservative,Macro Conservative,≤100
291102898490822,Conservative Comedy Store,Conservative Comedy Store,≤100
114765061544619,Matthew Pfeifer for Ohio Police & Fire Pension Fund Board of Trustees,Matthew James Pfeifer,≤100
101626535691142,Tina Blum Cohen for U.S. House of Representatives Texas District 7,TINA BLUM COHEN FOR US HOUSE OF REPRESENTATIVES TEXAS DISTRICT 7,≤100
11111618026,Union of Concerned Scientists,"UNION OF CONCERNED SCIENTISTS, INC.",≤100
18813753280,Human Rights Campaign,"HUMAN RIGHTS CAMPAIGN, INC.",≤100
228058837366607,Right Viral,Free American Fund,≤100
1186891087992163,Eddie Melton,Melton for Mayor of Gary,≤100
128288676833,Rocky Mountain Elk Foundation,"ROCKY MOUNTAIN ELK FOUNDATION, INC.",≤100
172728509447983,Re-Elect Gerald D. Arrington as Commonwealth's Attorney,Gerald Douglas Arrington,≤100
346612865750115,Korea Defense Veterans Association,Korea Defense Veterans Association,≤100
261951940219,Goldman Environmental Prize,Goldman Environmental Foundation,≤100
1731084720451495,Saprea,The Younique Foundation,≤100
2248759605441364,Ahimsa,These ads ran without a disclaimer,≤100
147126507164,ACTwireless,ACTwireless,≤100
154930410085,"Zion Oil and Gas, Inc.","Zion OIl & Gas, Inc.",≤100
1272534336242476,CFR Education,Council on Foreign Relations,≤100
723394465079640,The Lion,Stanley M. Herzog Charitable Foundation,≤100
18983389920,Open Society Foundations,Open Society Foundations,≤100
102421369434228,Goose's News Daily,Justin Gustafson,≤100
162244692732,Brennan Center for Justice at NYU Law,"WILLIAM J. BRENNAN CENTER FOR JUSTICE, INC.",≤100
95135221781,Federal News Network,Hubbard Radio DC,≤100
6334782252,Oceana,OCEANA INC,≤100
101159132929750,Civic Roots Foundation,Civic Roots Foundation Inc.,≤100
138934736151182,Kveller.com,JTA-MJL NEW CORP.,≤100
1165715730222155,Consumer Choice Center,Consumer Choice Center,≤100
27311599342,Preemptive Love,Preemptive Love Coalition,≤100
38897314734,Trust for Public Land,"TRUST FOR PUBLIC LAND, THE",≤100
195100614324426,The Freedom Initiative,The Freedom Initiative,≤100
130130503698358,Eastern European Mission,EASTERN EUROPEAN MISSION,≤100
310925405807,Citizens Climate Lobby,Citizens' Climate Lobby,≤100
113480505002852,Rick Jones for VISD District 5 Trustee,Rick Jones for VISD District 5 Trustee,≤100
64974200999,America-Israel Friendship League,AMERICA-ISRAEL FRIENDSHIP LEAGUE,≤100
106582384539447,Design for Freedom by Grace Farms,"GRACE FARMS FOUNDATION, INC.",≤100
7962229886,Environmental Working Group,ENVIRONMENTAL WORKING GROUP,≤100
505653766599222,America First with Dr. Sebastian Gorka,Salem Media,≤100
108683745237509,Pocket FM Stories,These ads ran without a disclaimer,≤100
1117698914923696,Nurx,These ads ran without a disclaimer,≤100
97279934919,bp America,BP CORPORATION NORTH AMERICA INC.,≤100
1021724717913869,Bantam Communications,Bantam Communications,≤100
108102704441,US Campaign for Palestinian Rights,Education for Just Peace in the Middle East,≤100
95335385742,National Fish and Wildlife Foundation,National Fish and Wildlife Foundation,≤100
1654550184799326,RetireSafe,RetireSafe,≤100
110124618713,American Principles Project,American Principles Project,≤100
9012050691,Scribol,These ads ran without a disclaimer,≤100
148342611858906,MyJewishLearning.com,JTA-MJL NEW CORP.,≤100
105692311896010,Positive Money US,Positive Money US,≤100
7606381190,Amy Klobuchar,KLOBUCHAR FOR MINNESOTA,≤100
393795797388359,FOUR PAWS,FOUR PAWS INTERNATIONAL INC,≤100
100700519593180,"Buck Nasty Media. Sports, culture, politics, and the Nasty Truth",Robert Mattox,≤100
470369419784714,Nick Palmisciano,Nick Palmisciano,≤100
14038292386,Women for Women International,WOMEN FOR WOMEN INTERNATIONAL,≤100
49275915266,MSI Reproductive Choices,MSI-US,≤100
227594571444676,Building New York's Best,Carpenter Contractor Alliance of Metropolitan New York,≤100
102490504962117,Phade products,Phade products,≤100
16477459734,League of Conservation Voters,"LEAGUE OF CONSERVATION VOTERS, INC",≤100
56074851990,Truth Initiative,TRUTH INITIATIVE FOUNDATION,≤100
107645227592678,To Which We Belong,Mystic Artists,≤100
278052172260101,ZERO TO THREE,ZERO TO THREE,≤100
112339644228184,Next Chapter Podcasts,"Next Chapter Podcasts, LLC",≤100
700941689954518,Defend Our Future,Defend Our Future,≤100
327853590558653,"Agri-Pulse Communications, Inc.","AGRI-PULSE COMMUNICATIONS, INC.",≤100
300341323465160,The Daily Signal,HERITAGE FOUNDATION (THE),≤100
28446275521,Military Officers Association of America (MOAA),Military Officers Association of America,≤100
103546351703577,Dallas Express,Dallas Express Media,≤100
399060493533519,The Justice Foundation,JUSTICE FOUNDATION,≤100
168109446538119,St. Martin's Press,Macmillan Publishing,≤100
163662804426854,Life Advancement Group,LIFE ADVANCEMENT GROUP,≤100
485980975070908,Abigail Spanberger,SPANBERGER FOR CONGRESS,≤100
84645912778,Prosperity Now,PROSPERITY NOW,≤100
153278754738777,Climate Reality,The Climate Reality Project,≤100
101700638824989,Councilwoman Kassandra Timothe,District 2 City of North Miami,≤100
5943727453,American Humane,American Humane,≤100
100806242836871,Preservation Pause,University of Arizona Indigenous Peoples Law and Policy Program,≤100
142474049098533,Robert Reich,Inequality Media Civic Action,≤100
16900111951,National Organization for Women (NOW),NATIONAL ORGANIZATION FOR WOMEN,≤100
162069790604,AARP Arizona,AARP,≤100
101581329115492,Freedom Street,Jason Donald Robertson,≤100
240719919410268,Elect Ellington,Elect Ellington,≤100
361088970643071,Georgia Commute Options,Georgia Commute Options,≤100
140155342671005,Sempervirens Fund,SEMPERVIRENS FUND,≤100
182079698493370,Portside,Portside,≤100
5647744585,PETA (People for the Ethical Treatment of Animals),"PEOPLE FOR THE ETHICAL TREATMENT OF ANIMALS, INC.",≤100
101294929460167,Missourians for Fair Legal Funding,Missourians for Fair Legal Funding,≤100
207833736045744,MHAction.org,Patrick R. McHugh,≤100
279799525443906,HELPS Nonprofit,HELPS Nonprofit Law Firm,≤100
28483858161,Texas Scorecard,ScorecardMedia,≤100
105364682148003,Available To All,Available To All,≤100
279890513018,Islamic Networks Group - ING,"ISLAMIC NETWORKS, INC.",≤100
110010433804232,Standing For Freedom Center,Standing for Freedom Center,≤100
114684731585166,Stand Against Su,Stand Against Su,≤100
103496691094956,Freespoke,"FREEDOM FRIES, LLC",≤100
170004579701070,RootsAction,Action For A Progressive Future,≤100
341513602902369,CALL TO ACTIVISM,CALL TO ACTIVISM,≤100
311901101987,"The Seeing Eye, Inc.",SEEING EYE INC,≤100
100221986153813,Lou's Daily News,Michael Scott Hughes,≤100
228132537208218,Tammy Duckworth,TAMMY FOR ILLINOIS,≤100
303374266418976,AFPM,American Fuel & Petrochemical Manufacturers,≤100
110624247393153,Republican Ads,"Republican Ads, LLC",≤100
236312179825896,Republican Main Street Partnership,REPUBLICAN MAIN STREET PARTNERSHIP INC,≤100
103277109172874,The Original Lou's News,Michael Scott Hughes,≤100
65538457518,The Village Square,TO THE VILLAGE SQUARE INC,≤100
78420171887,Sailors for the Sea,OCEANA INC,≤100
114866324809551,Secure my health,These ads ran without a disclaimer,≤100
266602360083204,The Children's Trust,"CHILDREN'S TRUST, INC",≤100
645392368909975,carafem,carafem,≤100
1883837055193241,Shield Republic,Shield Republic,≤100
2188424341404612,Project Ready,Project Ready,≤100
21242962092,ClientEarth,CLIENTEARTH USA INC,≤100
110624565660992,ZOE International,ZOE International,≤100
170126260000702,Western Journal US News,The Western Journal,≤100
104933662932387,CreativeFuture,CreativeFuture,≤100
48994809349,Ms. Foundation for Women,MS FOUNDATION FOR WOMEN INC,≤100
111333413863498,Freedom First Society,FREEDOM FIRST SOCIETY,≤100
112071038480355,Real News Now,Real News Now,≤100
106862204671108,The Deplorable Americans,Justin Gustafson,≤100
101562699358103,Bright Universe,These ads ran without a disclaimer,≤100
260713150211,Protect Our Winters,Protect Our Winters,≤100
103588388469410,Disparity Trap,Disparity Trap,≤100
189823834389266,JTA News,JTA-MJL NEW CORP.,≤100
114665075250432,The Zalkin Law Firm,"The Zalkin Law Firm, P.C.",≤100
104979848524405,Starts With Us,Lubetzky Family Foundation,≤100
100562019990818,U.S. Term Limits,U.S. Term Limits Inc.,≤100
88410949777,Population Media Center,"POPULATION MEDIA CENTER, INC.",≤100
238348260390644,The Brigid Alliance,"BRIGID ALLIANCE, THE",≤100
323083351064533,The News Literacy Project,The News Literacy Project,≤100
109284291894484,American News Stories,Michael Scott Hughes,≤100
116983848450009,Discovery Institute,DISCOVERY INSTITUTE,≤100
69347890321,2U,"2U, Inc.",≤100
115265634814563,Nate Dettmer for Forney City Council Place 6,Edward Dettmer,≤100
2361139837508625,Animal Victory,"One Red Lion, Inc DBA Animal Victory",≤100
102148292648259,Power Up Texas,Power Up Texas,≤100
102449109430011,The American Union PAC,The American Union PAC,≤100
322945079029,Glory Church International,GLORY CHURCH INTERNATIONAL,≤100
97624620788,American Friends of Magen David Adom,AMERICAN FRIENDS OF MAGEN DAVID ADOM,≤100
101103254533,SOS International,SOS International,≤100
428330877769054,Ask Anything,Ask Anything,≤100
138492335404,Scott Walker,FORWARD USA FEDERAL POLITICAL ACTION COMMITTEE,≤100
1271463226269367,Texans for Affordable Health Care,American Coalition for Affordable Healthcare,≤100
214061167976,El Tiempo Latino,Center for Community Change Action,≤100
126193157395400,Road Scholar,These ads ran without a disclaimer,≤100
244687155031,Penn Graduate School of Education,Penn Graduate School of Education,≤100
227535924071462,Animal Petitions,AnimalPetitions.org,≤100
104660195062596,Gen Z Conservative,Michael Scott Hughes,≤100
100711852963449,Team Vivek,VIVEK 2024,≤100
238473269650980,Capital & Main,CAPITAL & MAIN,≤100
139685516113917,William Morrow,HARPERCOLLINS PUBLISHERS L.L.C.,≤100
64206021703,National Committee to Preserve Social Security and Medicare,NATIONAL COMMITTE TO PRESERVE SOCIAL SECURITY AND MEDICARE,≤100
73970658023,International Rescue Committee,These ads ran without a disclaimer,≤100
304842759546695,Brooklyn Institute for Social Research,Brooklyn Institute for Social Research,≤100
129353084077944,Maebe A. Girl,MAEBE A. GIRL FOR CONGRESS,≤100
121750354532995,Yale Program on Climate Change Communication,Yale Program on Climate Change Communication,≤100
104178315156683,Blue Perigon Digital,Blue Perigon Digital,≤100
43426724597,Paper Culture,Paper Culture LLC,≤100
20082123510,The New York Jewish Week,JTA-MJL NEW CORP.,≤100
101366834743111,Staunch Moderates,Greg Todd Simmons,≤100
140499052681592,Bank of the West,These ads ran without a disclaimer,≤100
107414074990650,Defense of Freedom Institute,"Defense of Freedom Institute for Policy Studies, Inc.",≤100
232467307162583,Farm Action,Family Farm Action,≤100
170491079663777,The Sentencing Project,"SENTENCING PROJECT INC, THE",≤100
36085812354,Rainforest Foundation US,"Rainforest Foundation, Inc.",≤100
148742625279219,BlocPower,"BlocPower, LLC",≤100
100284648021034,New Tolerance Campaign,New Tolerance Campaign,≤100
44948378512,Destiny Image Publishers,"DESTINY IMAGE, INC.",≤100
217187838327836,The Story Exchange,The Story Exchange Foundation,≤100
104107455066450,Russell Cohen on moderation in public policy,Howard Cohen,≤100
178700205665083,FamilyLife Blended,CAMPUS CRUSADE FOR CHRIST INC,≤100
104377641671195,Salem Podcast Network,Salem Media,≤100
124249383207,Ross University School of Medicine,Ross University School of Medicine,≤100
101717572423510,Protect Your Pay RI,Protect Your Pay RI,≤100
130848666099,Business Forward,Business Forward Inc.,≤100
110316380149,Family Policy Alliance,Family Policy Alliance,≤100
80770833881,Eagles' Wings,EAGLES' WINGS MINISTRIES,≤100
102142101657930,OurFight.online,Our Fight Inc,≤100
2168484930102843,EJ Moonshot,EJ Creations LLC,≤100
181924628560212,Ekō,Ekō,≤100
115415064388243,Brett Cooper,The Daily Wire,≤100
266744843422391,Zoetis,Zoetis Inc.,≤100
102044622753692,American Potential Podcast,AMERICANS FOR PROSPERITY,≤100
120662607641281,Wilczynski for Congress,Wilczynski for Congress,≤100
1553978148244954,Build With Strength,Build With Strength,≤100
880399345411847,Islamic Medical Association of North America - IMANA,These ads ran without a disclaimer,≤100
1545775885684426,Jason Miyares,Miyares for Virginia,≤100
109856025180094,It's Giving,These ads ran without a disclaimer,≤100
87199812705,Advocates for Youth,ADVOCATES FOR YOUTH INC,≤100
102230249080409,Freedom First,Jason Donald Robertson,≤100
142932506806,Texas Alliance for Life,"Texas Alliance for Life, Inc.",≤100
497949630282962,Retirement Specialty Group,Retirement Specialty Group,≤100
291141624664794,Bright Body,Bright Body,≤100
366357370215980,Re-Elect Chief Gary Batton,Batton Campaign Fund,≤100
21935371894,Metro United Way,"METRO UNITED WAY, INC.",≤100
569022853258776,Terrence K Williams,These ads ran without a disclaimer,≤100
114528814873407,The Flyover,The Flyover,≤100
27461595703,Carbonfund,Carbonfund.org Foundation,≤100
11918108948,African Wildlife Foundation,AFRICAN WILDLIFE FOUNDATION,≤100
254943996005,Catholic Answers,"CATHOLIC ANSWERS, INC.",≤100
104099512361482,Funnies Now - Magazine,These ads ran without a disclaimer,≤100
1012679305536045,Elissa Slotkin,Elissa Slotkin for Michigan,≤100
84112077638,Greater Good Charities,GREATERGOOD.ORG,≤100
332671562949,Diversey,"Diversey Holdings, LTD.",≤100
234744096655497,Alliance For Early Success,Alliance for Early Success,≤100
136362309708243,Restaurant Opportunities Centers United (ROC United),"RESTAURANT OPPORTUNITIES CENTERS (ROC) UNITED, INC.",≤100
37461287798,Jesuit Refugee Service/USA,JESUIT REFUGEE SERVICE INC,≤100
94047978366,PCCC - BoldProgressives.org,PROGRESSIVE CHANGE CAMPAIGN COMMITTEE,≤100
105442191724004,Your Patriot Store,EZPole Flagpoles,≤100
177636868921270,PittMoss,These ads ran without a disclaimer,≤100
102286035642350,Patriots for USA,USA Features Media LLC,≤100
55014581847,Strategic Elements,Strategic Elements,≤100
142405795847179,Breathe Project,COMMUNITY FOUNDATION OF GREATER JOHNSTOWN,≤100
497348647140658,Point Source Youth,Point Source Youth,≤100
130268756992804,Yale Climate Connections,Yale Climate Connections,≤100
102712325850529,Libratum Press,Libratum Press LLC,≤100
242845139551348,GVPedia,GVPEDIA INC,≤100
290851614930809,Combat AntiSemitism,Combat Hate Foundation,≤100
458643554482238,Uri Velez La Sra de los Seguros,Euridis Velez,≤100
7219151423,The Fund for American Studies (TFAS),FUND FOR AMERICAN STUDIES,≤100
113269308707177,La Voz Bilingual Newspaper,La Voz Bilingual Newspaper,≤100
7035457015,Brave New Films,BRAVE NEW FOUNDATION 501(C)(3),≤100
122453784481824,Common Conversations,F5 Enterprises LLC / Common Convo,≤100
487569614682924,CAPP USA,Yellow Line Productions LLC,≤100
136812255593,Brazos Press,Baker Publishing Group,≤100
299295363912730,New Politics Leadership Academy,New Politics Leadership Academy,≤100
103338614839717,Peter S. Wenz,Peter S. Wenz,≤100
19219803864,Tax Foundation,Tax Foundation,≤100
425771317501061,Michael Knowles,The Daily Wire,≤100
101308925134403,BlackPush Inc.,BlackPush Inc,≤100
2099448153445994,Students for Life Action,Students for Life Action,≤100
127274387374817,Full Windsor,These ads ran without a disclaimer,≤100
210357995667559,The National Memo,The National Memo,≤100
139425673227,Kendall Pace Art,These ads ran without a disclaimer,≤100
252478088698832,Species Unite,These ads ran without a disclaimer,≤100
100617036135739,Illinois Answers Project,BETTER GOVERNMENT ASSOCIATION,≤100
102047517918,The Commonwealth Fund,"COMMONWEALTH FUND, THE",≤100
110474234159426,We The People Wine,We The People Wine,≤100
114351251909317,MyBGE,BALTIMORE GAS & ELECTRIC COMPANY,≤100
107126342000125,Education Truth Project,Education Truth Project,≤100
356050017804283,WSPA (Western States Petroleum Association),WESTERN STATES PETROLEUM ASSOCIATION,≤100
210937299260017,USA Features Media,USA Features Media LLC,≤100
104614641200137,MeidasTouch,MEIDASTOUCH,≤100
101564054951838,We The Forest,We The Forest,≤100
104168992542940,Campaign HQ Insiders,CampaignHQ,≤100
208551063368,Dominican Friars of the Province of Saint Joseph,DOMINICAN FOUNDATION,≤100
12185972707,350.org,350 ORG,≤100
215479992305641,Becoming Young,Becoming Young,≤100
317371771995065,AARP Arizona Hispanic Connection,AARP,≤100
75198195635,Machinists Union,GRAND LODGE INTERNATIONAL ASSOCIATION OF MACHINISTS AND AEROSPACE WORKERS,≤100
125161609108,Charlie Stadtlander,Charles Randall Stadtlander,≤100
381578445243960,Kristan Hawkins,"STUDENTS FOR LIFE OF AMERICA, INC.",≤100
19043592886,The Voice of Black Cincinnati,These ads ran without a disclaimer,≤100
102204903345,The Vilcek Foundation,"VILCEK FOUNDATION, INC., THE",≤100
186291828074120,Drexel University,Drexel University,≤100
110829724076371,BuildClinical,These ads ran without a disclaimer,≤100
58043814556,Oklahoma City Memorial Marathon,Oklahoma City Memorial Marathon,≤100
102596355656379,Red Wave News Updates,Michael Scott Hughes,≤100
106959920878115,The Well Done Foundation,"WELL DONE FOUNDATION, INC.",≤100
1425435377743310,Conversations with Bill Kristol,FOUNDATION FOR CONSTITUTI,≤100
126815818975,Global Fund for Children,GLOBAL FUND FOR CHILDREN (THE),≤100
134571176638205,One Tree Planted,One Tree Planted,≤100
30618466815,Pacific Legal Foundation,Pacific Legal Foundation,≤100
206052849902620,Intermountain Immigration,"Intermountain Immigration, LLC",≤100
174793662656828,Colorado Peak Politics,Peak Politics LLC,≤100
49651563727,Live Action,These ads ran without a disclaimer,≤100
839073729808623,Hillary Scholten,SCHOLTEN FOR CONGRESS,≤100
226158107735831,Minnesotans for Paid Family Leave,Minnesota AFL-CIO,≤100
430869277025501,Dr. Nancy O'Reilly,"WOMEN CONNECT4GOOD, INC.",≤100
103047259150209,What I Want to Know with Kevin P. Chavous,"Stride, Inc.",≤100
192738164073627,A Better Balance,A Better Balance,≤100
100995864950425,El Donzo & Deez,These ads ran without a disclaimer,≤100
106568024842114,Rideshare Assault Support,Injury Match,≤100
137332930294201,Citizen Brain with Josh Kornbluth,Global Brain Health Institute,≤100
216650472350996,K9 PTSD Center,"K9 PTSD CENTER, INC",≤100
133913826633461,Grassroot Institute of Hawaii,Grassroot Institute of Hawaii,≤100
25121889784,Texas Public Policy Foundation,Texas Public Policy Foundation,≤100
1821609834721994,Otis Elevator Co,OTIS ELEVATOR COMPANY,≤100
100346845944749,USA Veterans Community Club,These ads ran without a disclaimer,≤100
1835838916635491,Transamerica Institute,Transamerica Center for Health Studies,≤100
1444820465547227,Rank the Vote,Rank the Vote,≤100
38234604057,PEN America,PEN AMERICAN CENTER INC,≤100
392189600337,Minnesota Nurses Association,Minnesota Nurses Association,≤100
401240226922554,VoLo Foundation,VoLo Foundation,≤100
321568941233860,The Independent American,Franco Benito Marco Valdivieso,≤100
55804331295,Texas Association of Business,TEXAS ASSOCIATION OF BUSINESS,≤100
11029708945,World Politics Review,WORLD POLITICS REVIEW LLC,≤100
115121134953,Boys & Girls Clubs of Mercer County,These ads ran without a disclaimer,≤100
1677111425839949,American Promise,"AMERICAN PROMISE, INC.",≤100
100637631678746,Conservative News Daily,Conservative News Daily,≤100
208872873173211,Truckers.com,"Small Business in Transportation Coalition, Inc.",≤100
1448985902033866,Trans Lifeline,Trans Lifeline,≤100
101931635812737,Reform Congress,Reform Congress,≤100
87812961818,Florida Network of Youth and Family Services,"FLORIDA NETWORK OF YOUTH AND FAMILY SERVICES, INCORPORATED",≤100
101769576791,Health Action Network,Health Action Network,≤100
612124368931434,Mitch Holmes for Keller,Mitch Holmes for Keller,≤100
105858001496295,Mattie Parker for Fort Worth Mayor,Mattie Parker For Mayor Campaign,≤100
175403889150682,FindLaw.com,FindLaw Consumer,≤100
55708608675,RAND Corporation,"RAND CORPORATION, THE",≤100
101791315693,Destiny Rescue,"Destiny Rescue International, Inc.",≤100
82223469060,ACN - Aid to the Church in Need,"AID TO THE CHURCH IN NEED, INC.",≤100
14893558501,Prevent Child Abuse America,PREVENT CHILD ABUSE AMERICA,≤100
153704007991524,Women's Earth and Climate Action Network,Women's Earth and Climate Action Network (WECAN) International,≤100
106124975682358,Jimmy Fondren for Mississippi House District 111,Committee To Elect Jimmy Fondren,≤100
112168888451050,Macy Hill for Fort Worth District 7,Macy Hill for Fort Worth,≤100
9694956217,Animal Legal Defense Fund,ANIMAL LEGAL DEFENSE FUND,≤100
1914537155242810,Life: Powered,Texas Public Policy Foundation,≤100
109866370700481,PushBlack Finance,PushBlack,≤100
29423827874,Proclaiming Justice to the Nations,PROCLAIMING JUSTICE TO THE NATIONS INC,≤100
107323051758635,Josh Riley,Josh Riley for Congress,≤100
225879060980,Habitat for Horses,HABITAT FOR HORSES INC,≤100
186977768011413,Ironworkers Rising,"International Association of Bridge, Structural, Ornamental, and Reinforcing Iron Workers",≤100
143981748956175,Rural Assembly,Rural Assembly,≤100
43853729859,Campaigns & Elections,Political World Communications,≤100
32408604530,United Methodist News,United Methodist News,≤100
110094158160834,The American Tribune,Michael Scott Hughes,≤100
505082913012317,Must Read Alaska,Must Read Alaska LLC,≤100
111616897431513,Make America a Team Again,MakeAmericaATeamAgain.com,≤100
113496178208014,Protecting Our Democracy,Protecting Our Democracy,≤100
628423320573742,Vote Run Lead,VOTERUNLEAD,≤100
220538341415523,The Satanic Temple,The Satanic Temple,≤100
96286403078,iHeartDogs.com,HomeLife Media,≤100
50714237985,The Rutherford Institute,RUTHERFORD INSTITUTE,≤100
223922031074790,The Abortion Survivors Network,The Abortion Survivors Network,≤100
2007361039550045,"Center for Free, Fair, and Accountable Democracy","CENTER FOR FREE, FAIR, AND ACCOUNTABLE DEMOCRACY, INC.",≤100
7698537893,Libertarian Party of Florida,LIBERTARIAN PARTY OF FLORIDA,≤100
113279391737,Peachtree Corners,Mighty Rockets LLC,≤100
833703819981407,Atlantic Re:think,The Atlantic Monthly Group LLC,≤100
182574111780105,California Bicycle Coalition,California Bicycle Coalition,≤100
328724140554664,UW Medicine,These ads ran without a disclaimer,≤100
82609311925,GreenLatinos,GreenLatinos,≤100
424443217623488,Clarion Project,"CLARION PROJECT, INC.",≤100
103685201159834,Tony Zorc,Tony Zorc for President,≤100
110170005258857,Klicked Digital,DeDonato Enterprises,≤100
502151103244047,Join RSD,RIVERSIDE COUNTY SHERIFFS DEP,≤100
215313465921275,Yaqeen Welfare Foundation,YAQEEN WELFARE FOUNDATION,≤100
14084625156,Susan G. Komen,Susan G. Komen,≤100
109918548540213,Leading History,These ads ran without a disclaimer,≤100
1605295603062909,Hot Seat for Judges,Terri Lynn Day,≤100
102557156097935,Carter for Humble ISD,Natalie Ernelle Carter,≤100
114226275387369,republicEn,republicEn,≤100
81839392622,American Century Investments,AMERICAN CENTURY SERVICES CORPORATION,≤100
480278498670815,Danimer Scientific,Danimer Scientific,≤100
306480006853271,Political-Paige.com BLOG,Political-Paige.com,≤100
69717994787,buildOn,BUILDON INC,≤100
106754155722642,Patriot Wear,These ads ran without a disclaimer,≤100
523938087747648,Catapult,Catapult,≤100
226294220134,Livability,These ads ran without a disclaimer,≤100
101377889168483,Gumbo Limbo Coastal Stewards,"Gumbo Limbo Coastal Stewards, Inc.",≤100
101254489360004,Texas Agriculture Connection,Texas Agriculture Connection,≤100
39436858124,UC Berkeley School of Law,These ads ran without a disclaimer,≤100
117630767881553,Reduce Reuse Recycle.,These ads ran without a disclaimer,≤100
251734676525,Kevin Cramer,CRAMER FOR SENATE,≤100
50513265848,Citizens United,Citizens United,≤100
75553755070,Michael Smerconish,Michael Smerconish,≤100
106386158767588,DOPE Quick Reads,DOPE QUICK READS LLC,≤100
283539049045405,Oklahoma Health Action,Oklahoma Health Action,≤100
87777747127,Greg Palast,Palast Investigative Fund,≤100
143063095713907,Hep,"CDM PUBLISHING, LLC",≤100
122671561263552,Committee for Better Banks,"COMMUNICATIONS WORKERS OF AMERICA, AFL-CIO, CLC",≤100
110413484971344,The Frugal Saver,The Frugal Saver,≤100
165674110118949,Clearing out the Clutter,Colin David Moore,≤100
227985911045342,CR News,CR,≤100
19342050934,Leadership Institute,LEADERSHIP INSTITUTE INC,≤100
2023114331282570,Florida Daily,Florida Daily,≤100
108118933908193,Next Level Goods,NextlevelGoods LLC,≤100
107461782259135,Tom Morris for Judge,Committee to Elect Morris for Judge,≤100
1505244559517282,Colin Allred,COLIN ALLRED FOR CONGRESS,≤100
102419958039684,Danny Robins Volusia County,"Danny Robins for County Council, District 3",≤100
1907921789531594,The History of Black Philadelphia,Gregory L Johnson,≤100
101930385197156,Alianza Center,"Alianza Center, Inc.",≤100
839158786226886,Two Party Opera,Brian Thomas Carroll,≤100
105549351284853,Ideaspace: U.S. Immigration Policy,"Ideaspace Project, Inc.",≤100
1428283027462702,Restoration of America,RESTORATION PAC,≤100
6165653060,AFSCME,AMERICAN FEDERATION OF STATE COUNTY & MUNICIPAL EMPLOYEES,≤100
101810652152706,Ship It Zero,PACIFIC ENVIRONMENT AND RESOURCES CENTER,≤100
104905129168065,Let.Live,LET-LIVE,≤100
103684272694849,K&Bea Designs,These ads ran without a disclaimer,≤100
83960796709,Institute for Southern Studies,INSTITUTE FOR SOUTHERN STUDIES INC,≤100
482869205100278,Neema Project,Neema Project,≤100
190037676426,Women's Advocates,Women's Advocates,≤100
235039782048,Array of Hope,ARRAY OF HOPE,≤100
750121728449001,Rebuild SoCal,Rebuild SoCal Partnership,≤100
117507751891,United Poultry Concerns,"UNITED POULTRY CONCERNS, INC",≤100
103543655840463,Story Blitz,These ads ran without a disclaimer,≤100
113205727957728,Minnesota Parents Alliance,Minnesota Parents Alliance,≤100
117214891638398,Street Grace,Street Grace Inc,≤100
157521957980788,Reimagining the Civic Commons,Reimagining the Civic Commons,≤100
170126260000702,Western Journal US News,Western Journal US News,≤100
5878048748,GlobalGiving,"GLOBALGIVING FOUNDATION, INC.",≤100
34906136673,Denmark.dk,These ads ran without a disclaimer,≤100
1832245947018802,Chris Rose for US Senate - WV,ROSE FOR WEST VIRGINIA,≤100
191195674423572,Great Plains Tribal Leaders Health Board,GREAT PLAINS TRIBAL CHAIRMEN'S HEALTH BOARD,≤100
113817908310335,Gene Talarico for Ocean Township Council,Eugene J Talarico,≤100
101374728149342,A Starting Point,A Starting Point LLC,≤100
101535059388333,Benefit Helpline,These ads ran without a disclaimer,≤100
273546779885377,The Gallant Pelham,"delupton, LLC",≤100
102356589314098,Political Comms,Political Comms LLC,≤100
499379343409991,Impact Fund,"IMPACT FUND, THE",≤100
322728757761954,Victor Marx,These ads ran without a disclaimer,≤100
113026817019341,Steve Connally's Brain,Steve Connally's Brain,≤100
6954880804,Green America,GREEN AMERICA,≤100
1662317660757785,Great American Syndicate,Great American Syndicate,≤100
48530203934,The American Alpine Club,"AMERICAN ALPINE CLUB, THE",≤100
102135745811769,The Sky Rains,David John Hild,≤100
1616728165212478,Environmental Voter Project,"Environmental Voter Project, Inc.",≤100
100118109690373,Bill Smuckler,Friends of Smuckler,≤100
729978077379188,Dane Fine Art,These ads ran without a disclaimer,≤100
101869563236902,FreedomFest,FreedomFest,≤100
101401179944527,Mona Foundation,MONA FOUNDATION,≤100
103592025044272,Penn State Forward,BOARDING SCHOOL INC,≤100
57615046615,Rainforest Trust,RAINFOREST TRUST INC,≤100
100710759119069,Blue Planet Ecosystem,Blue Planet Ecosystem,≤100
1633068446926625,Bharath Maddineni for TANA Treasurer,Bharath Maddineni for TANA Treasurer,≤100
42478204665,Centerstone,CENTERSTONE OF AMERICA INC,≤100
183178002499514,Niamh M Middleton,Niamh M Middleton,≤100
122616020765045,Advancing Akron,Partners Advancing Our Future,≤100
249467225254927,The Love > hate Project,LOVE GREATER THAN HATE PROJECT,≤100
268672113155656,The Expectations Project,THE EXPECTATIONS PROJECT INC,≤100
22627435207,Presbyterian Church (U.S.A.),Presbyterian Church (U.S.A.),≤100
502969216761221,Common Sense Civics and Citizenship,Candace Donnelly,≤100
1050178538369612,DonorSee,DonorSee,≤100
434635993263210,"King County, Washington - Government","King County, WA",≤100
735450726543930,Clergy for a New Drug Policy,Clergy for a New Drug Policy,≤100
449532451834913,Fishers Finery,Fishers Finery,≤100
131664893560695,Origins OSU,Origins: Current Events in Historical Perspective,≤100
1374906906166064,The Policy Circle,The Policy Circle,≤100
7191206138,ASPCA,ASPCA,≤100
103929304678916,Voter Action Project,Integrity First Voter Action Project,≤100
102590994772178,Social Democratic Advocacy,Steven J. Schwartzberg,≤100
102392018062460,Delegate A.C. Cordoza,FRIENDS OF AC CORDOZA,≤100
433364950062784,Power Over Energy,Power Over Energy,≤100
225422650854192,Election Systems & Software,Election Systems & Software,≤100
109729861699329,Speak4,Speak4,≤100
594519783957655,Citizens for National Security,Citizens For National Security,≤100
339432396135584,The Exodus Road,The Exodus Road,≤100
1942060522564525,FarmWeekNow,FarmWeekNow,≤100
103747761393271,Lootpress,Lootpress,≤100
896759427103774,Modern Medicaid Alliance,Modern Medicaid Alliance,≤100
116472304662312,Matt Varble for Irving City Council Place 5,Matthew James Varble,≤100
236682687005525,Inola church of Christ,Billy Mac Keele,≤100
111261130621150,Root and Vine News,These ads ran without a disclaimer,≤100
116479559899968,Courage & Grow,Courage & Grow,≤100
7757414599,"Denver Climate Action, Sustainability and Resiliency","The Denver Office of Climate Action, Sustainability, and Resiliency",≤100
124011913944243,Yes on S for High-Quality South Pasadena Schools,Committee for Yes on S 2023,≤100
193043201336,Republican Women of Madison,Sheila Sue Banister,≤100
67047720896,Extraordinary Women Ministries,"AMERICAN ASSOCIATION OF CHRISTIAN COUNSELORS, INC.",≤100
111634051760329,cqa14,These ads ran without a disclaimer,≤100
112912573793125,Rise Up for Justice,Avrom L Altman,≤100
70795936969,Children International,CHILDREN INTERNATIONAL,≤100
513785465632396,Airline Passengers for Justice,Airline Passengers for Justice,≤100
166067968795,Alexander City Chamber of Commerce,These ads ran without a disclaimer,≤100
14893370225,Sustainable Harvest International,SUSTAINABLE HARVEST INTERNATIONAL,≤100
1629887997222820,"T. Powers CCDW Training, LLC",T. Powers CCDW Training LLC,≤100
111131133551811,The Locke Society,Locke Society Inc,≤100
111515841026178,Counterspark,"Counterspark, Inc.",≤100
2259323457517498,Abolish the Electoral College,Abolish the Electoral College,≤100
164049599660,Catholic Relief Services en español,CATHOLIC RELIEF SERVICES,≤100
38236386996,LSU Press,LSU Press,≤100
1040965162589549,SecondMuse,SECONDMUSE LLC,≤100
109807943719796,Nothing Is Going To Get Better,Nothing Is Going To Get Better,≤100
107582203192,Deputy Sheriff's Association of Bexar County,DEPUTY SHERIFFS ASSOCIATION OF BEXAR COUNTY,≤100
203156483151292,PassionLife,PassionLife Ministries,≤100
113047261699694,Ali Sheikhani For Fort Bend County Constable - Precinct 3,Ali Sheikhani For Fort Bend County Constable - Precinct 3,≤100
116545234724631,Bring Lasting Greatness to America,Manzeel Ahmed,≤100
338218229911752,Integrity First PAC,INTEGRITY FIRST PAC,≤100
407767916003589,U.S. Representative John Carter,Office of U.S. Representative John Carter,≤100
158689780839317,vegan,Eugene Khutoryansky,≤100
313214702055743,National Public Pension Coalition,National Public Pension Coalition,≤100
711909245654048,National Police Support Fund,National Police Support Fund,≤100
229650170852437,Psychotropical,These ads ran without a disclaimer,≤100
105511668706944,Elect Campbell For District 3 Zionsville,Campbell for town Council,≤100
264403673724202,Lucile Packard Foundation for Children's Health,LUCILE PACKARD FOUNDATION FOR CHILDREN'S HEALTH,≤100
111051575264758,Jack Murphy,I Love My Freedom,≤100
129207622999,One Voice Ministries:  Hank and Brenda Kunneman,These ads ran without a disclaimer,≤100
269479249997,NSSF—The Firearm Industry Trade Association,National Shooting Sports Foundation,≤100
276436719261,Riverkeeper,RIVERKEEPER INC,≤100
93692255431,Bread for the World,"BREAD FOR THE WORLD, INC.",≤100
187850809456,PSEA - PA State Education Association,PENNSYLVANIA STATE EDUCATION ASSOCIATION,≤100
275947565591,"Woods and Woods, LLC, The Veteran's Firm","Woods & Woods, LLC",≤100
410809436013820,Gedony Fontil,Gedony Fontil,≤100
108649364845367,One Main Street Colorado,One Main Street Colorado,≤100
249557685489132,Spiritual and Practical Socialism,Michael Robert Mccormick,≤100
108725508673742,Fire Dan Munsey,"San Bernardino County Professional Firefighters, Local 935 Political Action Committee",≤100
127691390582,PHI,"PARAPROFESSIONAL HEALTHCARE INSTITUTE, INC.",≤100
1420200111329836,Alan C. Moore,Alan Christopher Moore,≤100
1678616769061606,Southeastern Wind Coalition,Southeastern Wind Coalition,≤100
99050726344,Phillips Theological Seminary,PHILLIPS THEOLOGICAL SEMINARY,≤100
103210743084765,Resonate,Resonate,≤100
291838961553129,Louisiana Secretary of State Kyle Ardoin,Kyle Ardoin Campaign,≤100
104521238896557,June Marie Paintings,June-Marie Paintings,≤100
584939464980643,Global Conservation,These ads ran without a disclaimer,≤100
104916968538177,TIS 이주공사,TIS VISA CORPORATION,≤100
86711894400,National Write Your Congressman,National Write Your Congressman,≤100
96935476345,Democratic Governors Association (DGA),Democratic Governors Association,≤100
296640397135194,Wyoming Pathways,These ads ran without a disclaimer,≤100
246770166935,Alaska Policy Forum,Alaska Policy Forum Inc.,≤100
939960396036229,Greenily - Your Family Only Greener,"Greenily, LLC",≤100
112897365044685,Mark Greer for Mayor,Friends of Mark Greer,≤100
332045340230510,"De La Fuente Construction, Inc",These ads ran without a disclaimer,≤100
108108121456950,Blue States PAC,BLUE STATES PAC,≤100
102867611512504,Safest Family on the Block,These ads ran without a disclaimer,≤100
276379069892534,Spotlight Initiative,Spotlight Initiative,≤100
101204378825808,Fight the Right,FIGHT THE RIGHT PAC,≤100
101507775480834,The Lion and The Owl,These ads ran without a disclaimer,≤100
331216390906913,Betterbrand,These ads ran without a disclaimer,≤100
189044857936094,Americans For Prosperity - Alaska,AMERICANS FOR PROSPERITY,≤100
159422384079137,UCSB Interdisciplinary Humanities Center,UCSB Interdisciplinary Humanities Center,≤100
1715411108562631,Laflore Paris,These ads ran without a disclaimer,≤100
117208177964322,Manage My Trash,These ads ran without a disclaimer,≤100
111076598184105,Organize at MLK Labor,"Martin Luther King, Jr. County Labor Council of Washington, AFL-CIO",≤100
115074531500036,Paxton Motheral for Tarrant Water Board,Paxton Motheral Campaign,≤100
240425642652222,South Florida Wildlands Association,South Florida Wildlands Association,≤100
2001831300143832,Conversations with Jim Zirin,Conversations with Jim Zirin,≤100
292281798294447,Shammas Malik,Malik for Akron,≤100
112838895005168,Justice O'Clock,These ads ran without a disclaimer,≤100
1599237673639735,Change Media Group,Change Media Group,≤100
115045118135002,Mariclare Hayes for District Judge,Friends of Mariclare Hayes,≤100
2436403486378786,Tim Temple,Tim Temple Campaign,≤100
103860008217959,Check CU,Check CU,≤100
161107820658032,La Red Hispana,"HISPANIC COMMUNICATIONS NETWORK, LLC",≤100
230053303681902,Americans for Prosperity Arizona,AMERICANS FOR PROSPERITY,≤100
108226702230613,SIEP Page 1,AdvertiserAuthenticity MWA12,≤100
100329645893795,Healthy Kids Healthy World,These ads ran without a disclaimer,≤100
91571429285,National Association of Landscape Professionals,"National Association of Landscape Professionals, INC.",≤100
541678832585415,"Analytics Consulting, LLC",ANALYTICS INC,≤100
117957137899832,Working Power,Working Power LLC,≤100
659878157406228,America's Warrior Partnership,America's Warrior Partnership,≤100
597866343974179,Anchorage Coalition to End Homelessness,Anchorage Coalition to End Homelessness,≤100
5593944035,Competitive Enterprise Institute,COMPETITIVE ENTERPRISE INSTITUTE,≤100
121341950882334,Our Own Backyards Texas,Our Own Backyards Texas,≤100
50498162578,Legal Aid Justice Center,Legal Aid Justice Center,≤100
169354336460345,Allen County Children Services,Allen County Children Services,≤100
90209763480,The Federalist Society,The Federalist Society,≤100
644308565682800,Tanya Acker,Tanya Marie Acker,≤100
118052555397,Trinity Church Wall Street,These ads ran without a disclaimer,≤100
245064808869530,Bay Area Community Health Advisory Council,COMMUNITY INITIATIVES,≤100
130505563289,Climate Generation,Climate Generation: A Will Steger Legacy,≤100
27544763621,Prison Fellowship,Prison Fellowship,≤100
568103006940639,Law Office of Gary J. Kim,Law Offices of Gary J. Kim,≤100
141137642565232,JRA Cycles,These ads ran without a disclaimer,≤100
144774322208562,SAVE,SAVE Inc.,≤100
1570082353262795,YIMBY Action,YIMBY ACTION,≤100
107409909326665,Stephen Wise Free Synagogue,"WISE, STEPHEN FREE SYNAGOGUE",≤100
461530314600399,Common Sense American Politics,Common Sense American Politics,≤100
200666266624469,Rep. Frank Burns,Robert William Caton,≤100
773432316041673,Calvary South Austin,Calvary South Austin,≤100
125120044171675,"City of Lancaster, CA – Government","LANCASTER, CITY OF",≤100
139835646030666,Alliance for Aviation Across America,Alliance for Aviation Across America,≤100
103913471081871,"Marcus C. Evans, Jr.","Citizens for Marcus C. Evans, Jr",≤100
939142902771066,The American Leader,THE AMERICAN LEADER,≤100
101541668799519,Huffines Liberty Foundation,Huffines Liberty Foundation,≤100
133753583953215,American History in 90 Minutes - The Common-Sense Guide to U.S. History,American History in 90 Minutes,≤100
105269625578850,The Public Page for Ohio Physicians for Reproductive Rights,Ohio Physicians for Reproductive Rights,≤100
764284030332485,Abortion Access Front,Abortion Access Front,≤100
28531478218,Illinois Realtors,ILLINOIS ASSOCIATION OF REALTORS,≤100
106573835522001,Indiana Student Funding Alliance,HOOSIERS FOR QUALITY EDUCATION INC,≤100
567996196560301,Sonya Wilson: Deaf Climber,These ads ran without a disclaimer,≤100
111282855189489,captainsqrl,These ads ran without a disclaimer,≤100
110133700706695,2 Queers In A Truck,2 Queers In A Truck,≤100
196098536897,Texas Right to Life,Texas Right to Life,≤100
490349377808038,State Representative Justin Holland,Justin Holland Campaign,≤100
101495782090286,Noah Webster Educational Foundation,Noah Webster Educational Foundation,≤100
109068551731974,Sillychillly,Marc Alan Goldstein,≤100
12350348061,University of Minnesota School of Public Health,These ads ran without a disclaimer,≤100
1578341329151121,Shefvckinbad,Shefvckinbad,≤100
111904024679959,Bold Majority,BOLD MAJORITY PAC,≤100
913674978645759,Beloved Way,Beloved Christian Church Disciples of Christ,≤100
122894447754361,Institute for New Economic Thinking,"INSTITUTE FOR NEW ECONOMIC THINKING, THE",≤100
222539451627775,The Graceful Goose,The Graceful Goose,≤100
75054466127,Keep Louisiana Beautiful,"KEEP LOUISIANA BEAUTIFUL, INC.",≤100
102176712079037,Daily Floridian,Daily Floridian,≤100
708310712587332,Irene Blackman,These ads ran without a disclaimer,≤100
112398721749303,pinkhairolelady_business,These ads ran without a disclaimer,≤100
109465560444254,Roce Today,I-ROCE LLC,≤100
187713745097888,Save the Alamo,Save The Alamo Committee,≤100
1630589287171625,City-County Councillor David Ray,Committee to Elect David Ray,≤100
101754019446990,From the Big House to Your House,Catherine Esther Marinello,≤100
165858562140,Western Resource Advocates,WESTERN RESOURCE ADVOCATES,≤100
337323319689579,Wild Farm Alliance,WILD FARM ALLIANCE,≤100
107383838486866,Alan Blaylock for Fort Worth City Council,Alan Blaylock for Fort Worth City Council,≤100
113079975378944,Mike Ball Dive Expeditions,These ads ran without a disclaimer,≤100
106116200741347,John Quick,Jonathan Douglas Quick,≤100
683095228488145,Scott McKnight,The Scott McKnight Campaign,≤100
28916340215,Obesity Action Coalition (OAC),These ads ran without a disclaimer,≤100
103983379801,Texas Democratic Party,Texas Democratic Party,≤100
105334892381660,AmericanTowns Politics,AMERICAN TOWNS,≤100
452797224923658,The Democratic Coalition,THE DEMOCRATIC COALITION,≤100
29464444855,Loyola University Chicago,Loyola University Chicago,≤100
267585587350364,Basics in MKE,These ads ran without a disclaimer,≤100
45372564473,The Mark Twain House & Museum,MARK TWAIN MEMORIAL,≤100
138434734461,CIIS Public Programs,CIIS Public Programs,≤100
127668823933246,The NewDEAL,NEWDEAL,≤100
143479412390639,WV FREE,WV FREE,≤100
96124072223,Princeton University Press,These ads ran without a disclaimer,≤100
12044622723,"Museum of Science, Boston",MUSEUM OF SCIENCE,≤100
87377228013,Side with Love,UNITARIAN UNIVERSALIST ASSOCIATION,≤100
105430894660049,Charter Schools Now,Charter Schools Now PAC,≤100
113538413796776,Four10 Ministries,These ads ran without a disclaimer,≤100
102262718547519,Crazy Uncle Gil,Gilbert Cuevas,≤100
305730296471268,"Delegate Emily Brewer, 64th District",Friends of Emily Brewer,≤100
1066028990105772,Pacific Remote Islands Coalition,RESOURCES LEGACY FUND,≤100
105074269086608,Simpplicitt_fashion,These ads ran without a disclaimer,≤100
107252098653566,1776 Project PAC,1776 Project PAC,≤100
128247177280409,International Brotherhood of Electrical Workers Local 1,INTERNATIONAL BROTHERHOOD OF ELECTRICAL WORKERS LOCAL 1,≤100
284624954962951,Gus Bilirakis for Congress,Bilirakis For Congress,≤100
83675416943,"Marty Kiar, Broward County Property Appraiser",Broward County Property Appraiser,≤100
107950135401669,Midview Local Schools - Levy Committee,Midview Local Schools - Levy Committee,≤100
115877001448210,People Power United,People Power United,≤100
488740674837681,198 Methods,198 methods,≤100
110478361801170,Primmitive,These ads ran without a disclaimer,≤100
212677670907,American Constitution Society,AMERICAN CONSTITUTION SOCIETY,≤100
13187955196,Young Americans for Liberty,Young Americans for Liberty,≤100
20603236087,Love146,"LOVE146, INC.",≤100
258012354252280,Informing Christians,Debra J M Smith,≤100
172683773493,CornerHouse,CORNER HOUSE,≤100
104379448378069,eyerepublic.co,These ads ran without a disclaimer,≤100
1804156426550062,Tim Kennedy for Senate,KENNEDY FOR SENATE,≤100
108813425157763,"Hoyt Prindle for Tampa City Council, District 6","Hoyt Prindle, non-partisan candidate for Tampa City Council (District 6)",≤100
579213635588460,Warrior Finger,These ads ran without a disclaimer,≤100
115524111445719,Vote Yes for the Edge,Committee for Excellent Schools,≤100
109719585354209,Johnny Flores for School Board Hays CISD District 2,Johnny Flores for School Board Hays CISD District 2,≤100
100340099632821,Luci Welsh For MDJ,Patrick Andrew Welsh,≤100
444528972383763,CodeCrew,These ads ran without a disclaimer,≤100
175403889150682,FindLaw.com,These ads ran without a disclaimer,≤100
118510457803652,Images we see,Aruna Sankaranarayanan,≤100
100110939144499,Rural Illinois for Local Energy Production,Rural Illinois For Local Energy Production,≤100
302111635698,National Association of Tax Professionals (NATP),National Association of Tax Professionals,≤100
174772265869562,The Adventure Project,ADVENTURE PROJECT,≤100
23160889877,Running Strong for American Indian Youth,These ads ran without a disclaimer,≤100
177725632972150,Matt Towne,Matthew D Towne,≤100
275304592504875,The Unitē App,"Unite Humanity, LLC",≤100
103433804692809,Law Offices of James S. Hong & Associates,Law Offices of James S. Hong,≤100
1571401929773000,North County  Climate Change Alliance,North County Climate Change Alliance,≤100
548443441866241,Haley2024 The Movement,Haley2024 the Movement,≤100
993294760683044,Education Reform Now,EDUCATION REFORM NOW ADVOCACY INC,≤100
115407598098885,Darwin for Controller,Friends of Darwin,≤100
197212467007163,She Should Run,SHE SHOULD RUN,≤100
105990415642100,DeSantis Supporters,Logan Thomas Corson,≤100
130291281110782,Wendover Productions,These ads ran without a disclaimer,≤100
273410096527642,Mayor Scott Conger,Scott Conger for Mayor,≤100
644363822285953,The Nature Conservancy in Wisconsin,NATURE CONSERVANCY,≤100
102815749356378,SunPower Brokers Inc.,These ads ran without a disclaimer,≤100
6406874733,Mike Rogers,MIKE ROGERS FOR CONGRESS,≤100
135347019945572,SEAGLASS Wine Co.,These ads ran without a disclaimer,≤100
176099663659,Armed Services YMCA,ARMED SERVICES YMCA OF THE USA,≤100
6766783198,John Carter,JOHN CARTER FOR CONGRESS,≤100
103828241312020,Sarasota County Democratic Jewish Caucus,Sarasota County Democratic Party Jewish Caucus,≤100
1143610592478888,Mel Anthony Dotcom,Mel Anthony Dotcom,≤100
117852011575387,Unitarian Universalist Fellowship of Winston-Salem,UNITARIAN UNIVERSALIST FELLOWSHIP,≤100
103668575999812,Wild Wisdom Collective- The Underground,These ads ran without a disclaimer,≤100
48485058304,Pachamama Alliance,"PACHAMAMA ALLIANCE, THE",≤100
989746657728543,Dell Technologies,These ads ran without a disclaimer,≤100
109979072066171,lovesechos,These ads ran without a disclaimer,≤100
108433238844,CWEB,CWEB Inc.,≤100
102941209383465,Kent O'Brien for Lakeway,Kent For Lakeway,≤100
107622955460520,Lindsey Brock for City Council,Lindsey Brock for City Council,≤100
245481022560114,John Stefanski,John Stefanski Campaign,≤100
105033941084604,2023 Wigginton for Council,Wendie Louise Wigginton,≤100
120457234322999,"Chris Hanna Justice Court Judge District Five Desoto County, MS",James Christopher Hanna,≤100
102253819225055,myveganworldmagazine,These ads ran without a disclaimer,≤100
234218367390878,Friends & Neighbors,FRIENDS & NEIGHBORS OF MARTIN COUNTY,≤100
108737298470615,Atlanta Street Interviews,These ads ran without a disclaimer,≤100
100913694925880,"Akalan Law Firm, PLLC","Akalan Law Firm, PLLC",≤100
101746962063,Mercy Home for Boys & Girls,These ads ran without a disclaimer,≤100
116051187749855,TOP5,These ads ran without a disclaimer,≤100
1039247939544707,1440 Daily Digest,These ads ran without a disclaimer,≤100
1792966030729641,"Wild Project - Leadership, Organizing, & Action",Wisconsin Leadership Development Project,≤100
129064750465027,Women's Earth Alliance,These ads ran without a disclaimer,≤100
234628203317767,Made for Freedom,Made for Freedom,≤100
429881530453417,"Jefferson County Farmers & Neighbors, Inc. - JFAN","Jefferson County Farmers & Neighbors, Inc.",≤100
101452022677460,Nathan Focht - for Mayor of Minneola,Nathan Focht Campaign,≤100
361923194259602,Millbrae SOS - Support Our Students,"Millbrae – Support Our Students, Yes on A",≤100
391616714191830,Davines,These ads ran without a disclaimer,≤100
202071006601223,GOOD PARTY,Good Party LLC,≤100
106410062300605,I Love USA,These ads ran without a disclaimer,≤100
427084097477881,AHIP,These ads ran without a disclaimer,≤100
887139178003592,The Dean Obeidallah Show,The Dean Obeidallah Show,≤100
613305815483410,Beya Made,These ads ran without a disclaimer,≤100
100466502100994,Raja Kasukurthi for TANA Secretary,These ads ran without a disclaimer,≤100
246633904835,First Unitarian Society of Milwaukee,FIRST UNITARIAN SOCIETY OF,≤100
169840807024913,Jobob,The Jobob Show,≤100
105800435721037,The Right Hour,Logan Thomas Corson,≤100
100416560012896,Friends of the Everglades,FRIENDS OF THE EVERGLADES INC,≤100
1176617299018126,Hampton Commonwealth's Attorney and Victim Services Unit,Hampton Commonwealth's Attorney and Victim Services Unit,≤100
213998472307,Hoosier Environmental Council,"HOOSIER ENVIRONMENTAL COUNCIL, INC",≤100
359560497939415,Re-Elect Chief Hoskin and Deputy Chief Warner,Hoskin Warner,≤100
1070343826414078,Lead Locally,Lead Locally,≤100
1811054522463877,Michelle Atkinson for Medford School Board,Michelle Atkinson for Medford School Board,≤100
102046336194851,Stay United Methodist,Stay United Methodist,≤100
8291852604,Tobacco Free Florida,Florida Department of Health Bureau of Tobacco Free Florida,≤100
175596662434,Family Leisure,These ads ran without a disclaimer,≤100
128884757172392,Florida Assisted Living Association,"FLORIDA ASSISTED LIVING ASSOCIATION, INC.",≤100
117970737927177,Tax The Libs,These ads ran without a disclaimer,≤100
105114918820476,Matt Codding for Ward 2,Shawn Matthew Codding,≤100
678363045674180,Florida Realtors PAC,Realtors® Political Advocacy Committee,≤100
311953269253246,The Box Travels,"Yeht Kitaun Publishing, LLC",≤100
76523801829,the Christian Century,CHRISTIAN CENTURY,≤100
107418177702609,Middle America News,Logan Thomas Corson,≤100
107461545589929,The Gen Z Conservative,Logan Thomas Corson,≤100
1977575225902318,Pat Goodwin,Goodwin for Terre Haute,≤100
115851611042,The Max Foundation,THE MAX FOUNDATION,≤100
243498882520314,FoodFinder,"FOODFINDER, INC.",≤100
105383532206151,Yoder for Lancaster,Yoder for Lancaster,≤100
189445177858595,Metropistas,Metropistas,≤100
419172532191894,Beyond Plastics,Beyond Plastics,≤100
104129018193122,Atalaya Armstrong the Advocate,Atalaya T Armstrong,≤100
110611869633989,"Our Meraki, Inc.",These ads ran without a disclaimer,≤100
110243455070232,John T. Williams,John T. Williams,≤100
105239511089757,Inmigrantes al Día,Inmigrantes al Dia,≤100
106748465710109,Tiny Toast,These ads ran without a disclaimer,≤100
747783932079184,Jared Golden for Congress,COMMITTEE TO ELECT JARED GOLDEN,≤100
105686261786586,Healing Racism Institute of Pioneer Valley,Healing Racism Institute of Pioneer Valley,≤100
106351719044810,Chalos for Terre Haute,Chalos for Terre Haute,≤100
328421240138,Rachel Barnhart,Barnhart for County Legislature,≤100
108635778814987,kristenforprez,These ads ran without a disclaimer,≤100
234883080791381,Greene County Sentinel News,These ads ran without a disclaimer,≤100
197374340229,E2 - Environmental Entrepreneurs,E2 (Environmental Entrepreneurs),≤100
114657621506286,Jeff Wilhite,Friends of Wilhite,≤100
131618273567984,Jeff Landry,Landry for Louisiana,≤100
141395226689,New York State Nurses Association,"NEW YORK STATE NURSES ASSOCIATION, THE",≤100
502726393396554,MedGlobal,These ads ran without a disclaimer,≤100
102431455226232,Time To Run,TIME TO RUN,≤100
141395099461,Haiti180,These ads ran without a disclaimer,≤100
6321018343,The Japan Times,These ads ran without a disclaimer,≤100
107064011602890,The American Idea Podcast,Ashbrook,≤100
107958555493486,TRUMP,Conrad Orgain Irby,≤100
1653885501501009,Propeller,Propeller Enterprises,≤100
68025637757,A+ Education Partnership,"A+ EDUCATION PARTNERSHIP, THE",≤100
195261533834361,Friends of Animals,"FRIENDS OF ANIMALS, INC.",≤100
244286338925347,Republican Party of Duval County,Republican Party of Duval County,≤100
984421991732710,Paycheckology,Paycheckology,≤100
90022052772,Williams,"WILLIAMS COMPANIES, INC., THE",≤100
811900825495982,Niskanen Center,The Niskanen Center,≤100
23948253723,National Marine Sanctuary Foundation,These ads ran without a disclaimer,≤100
110818941452003,Morehackz Stories,These ads ran without a disclaimer,≤100
158622247528610,Tufts University School of Medicine,These ads ran without a disclaimer,≤100
14516439825,New York Magazine,These ads ran without a disclaimer,≤100
208876186220,Great Transition Initiative,"TELLUS INSTITUTE, INC.",≤100
105601571489370,Councilmember Larry Agran,The Office of Councilmember Larry Agran,≤100
104541471632475,Evvy,These ads ran without a disclaimer,≤100
375543739837794,"Shielding Lives, Inc.",Shielding Lives Inc,≤100
730238507162118,Cryptonary,These ads ran without a disclaimer,≤100
187598947831,T&F Education & Teaching,These ads ran without a disclaimer,≤100
118152307902977,History Wordsearches,These ads ran without a disclaimer,≤100
378273073021139,Paxsies Underwear,These ads ran without a disclaimer,≤100
113331248356899,Holmesoddflatm8,These ads ran without a disclaimer,≤100