﻿Page ID,Page name,Disclaimer,Amount spent (EUR)
40433567307,UNICEF Italia,UNICEF Italia,≤100
73493613024,ActionAid Italia,ActionAid Italia,≤100
46590675335,Save the Children Italia,Save the Children Italia,≤100
183047736356,EMERGENCY,EMERGENCY,≤100
353868374653514,Dipartimento per le politiche giovanili e il servizio civile universale – Presidenza del Consiglio dei Ministri,Dipartimento per le politiche giovanili e il servizio civile universale – Presidenza del Consiglio dei Ministri,≤100
53347533412,LAV,LAV Onlus,≤100
39993728498,Amnesty International - Italia,Amnesty International Italia,≤100
70212282110,Altroconsumo,Altroconsumo,≤100
48677844864,Amref Health Africa - Italia,Amref Health Africa,≤100
268976423121377,Essere Animali,Essere Animali,≤100
150738452145624,BASF Italia,Basf Italia S.p.a.,≤100
68826971281,Edison,Edison Spa,≤100
1643562069011200,La Valle Degli Orti,Frosta,≤100
295129913955200,Aboca,Aboca,≤100
2794426070573094,Up2You,Up2You,≤100
309840349048638,e.on,E.ON Energia,≤100
105796680963553,Gruppo Editoriale La Scuola SEI,Editrice La Scuola,≤100
865166100210938,Bosch Italia,Bosch Italia,≤100
1811177225665334,Enel X,Enel X Italia s.r.l.,≤100
201484606557114,Fotovoltaico per Te,Fotovoltaico per Te,≤100
410043459011308,Fondazione IEO Monzino,Fondazione IEO-MONZINO,≤100
171795872872353,ISPI - Istituto per gli studi di politica internazionale,ISPI - Istituto per gli studi di politica internazionale,≤100
136888059662453,Mani Tese Ong Onlus,Mani Tese Ong Onlus,≤100
1657214567845698,BPER Banca,BPER Banca,≤100
619956731519414,Marco Grimaldi - Alleanza Verdi Sinistra,Marco Grimaldi,≤100
441812505843728,Corepla,Corepla,≤100
169042736456594,All Out,All Out,≤100
537369456719694,Jane Lepori,Jane Lepori,≤100
101898776545732,Inapp,INAPP Istituto Nazionale per l’Analisi delle Politiche Pubbliche,≤100
113469791606852,Iep - Indipendenti e Progressisti Siena,Iep - Indipendenti e Progressisti Siena,≤100
503567226377662,"Centro Narconon ""Il Gabbiano""","Centro Narconon ""Il Gabbiano""",≤100
228770323835619,Zanichelli,Zanichelli editore Spa,≤100
65737832194,Medici Senza Frontiere,Medici Senza Frontiere,≤100