﻿Page ID,Page name,Disclaimer,Amount spent (USD)
225385184188101,ქართული ოცნება / Georgian Dream,ქართული ოცნება / Georgian Dream,≤100
220225047997169,"დევნილთა, შრომის, ჯანმრთელობისა და სოციალური დაცვის სამინისტრო","დევნილთა, შრომის, ჯანმრთელობისა და სოციალური დაცვის სამინისტრო",≤100
177657096172822,სირცხვილია • Shame Movement,სირცხვილია • Shame Movement,≤100
107079819324769,საქართველოს თავდაცვის სამინისტრო / Ministry of Defence of Georgia,საქართველოს თავდაცვის სამინისტრო / Ministry of Defence of Georgia,≤100
353943391364252,TV Imedi,TV Imedi,≤100
114735666574826,Formula • ფორმულა,TV Formula,≤100
749989348701035,ეს ქვეყანა შენია • This country is yours,Civil Society Institute,≤100
651534988375338,POSTV - ანალიტიკა,POSTV LLC,≤100
107212234052832,მედიაკრიტიკა / Mediacritic,მედიაკრიტიკა / Mediacritic,≤100
137784719692774,საქართველოს მთავრობა,საქართველოს მთავრობა,≤100
103965262533554,არ აგარევინებთ,არ აგარევინებთ,≤100
1159313984168136,europop,Popsport,≤100
114191964091743,"საქართველოს კულტურის, სპორტისა და ახალგაზრდობის სამინისტრო","საქართველოს კულტურის, სპორტისა და ახალგაზრდობის სამინისტრო",≤100
197243066983672,ერთიანი ნაციონალური მოძრაობა • United National Movement,ერთიანი ნაციონალური მოძრაობა • United National Movement,≤100
133052760057128,Tabula - ტაბულა,Tabula - ტაბულა,≤100
107709478476649,Tamar Chergoleishvili,European Georgia,≤100
1578471278894473,POSTV - ახალი ამბები,POSTV,≤100
1886767171598724,ფლანგვის დეტექტორი,ფლანგვის დეტექტორი,≤100
480323335835739,მაუწყებელი • Mautskebeli,მაუწყებელი • Mautskebeli,≤100
109624013843429,ახალგაზრდობის სააგენტო • Youth Agency,ახალგაზრდობის სააგენტო • Youth Agency,≤100
180568365331697,შერიგებისა და სამოქალაქო თანასწორობის საკითხებში სახელმწიფო მინისტრის აპარატი,SMR Georgia,≤100
1031485756902883,გირჩი • Girchi,გირჩი • Girchi,≤100
110768738297837,ქართული ოცნების ქალთა ორგანიზაცია / GD Women,Georgian Dream,≤100
179300065451916,საქართველოს იუსტიციის სამინისტრო,საქართველოს იუსტიციის სამინისტრო,≤100
285100957669,საქართველოს ცენტრალური საარჩევნო კომისია / CEC of Georgia,Election Administration of Georgia,≤100
467242696954558,POSTV,POSTV,≤100
194165114388891,ევროპული საქართველო • European Georgia,ევროპული საქართველო,≤100
115808134821838,UNM Youth • ენმ ახალგაზრდული,UNM Youth • ენმ ახალგაზრდული,≤100
108652531483661,ქართული ოცნება ჩემი არჩევანია,ქართული ოცნება ჩემი არჩევანია,≤100
277709595710849,სოფლის განვითარების სააგენტო - Rural Development Agency,სოფლის განვითარების სააგენტო - Rural Development Agency,≤100
471759786227198,Factcheck.ge,Factcheck.ge,≤100
1746063075610569,საფარი • Sapari,Union Sapari,≤100
334284660078608,სემეკი -  ენერგეტიკისა და წყალმომარაგების მარეგულირებელი კომისია,სემეკი -  ენერგეტიკისა და წყალმომარაგების მარეგულირებელი კომისია,≤100
222439314545383,სახელმწიფო სერვისების განვითარების სააგენტო / psda,სახელმწიფო სერვისების განვითარების სააგენტო / psda,≤100
126642864053395,ღია საზოგადოების ფონდი I Open Society Georgia Foundation,OSGF,≤100
32810184427,Liberty Institute • თავისუფლების ინსტიტუტი,Liberty Institute,≤100
1152104411502228,ნინო წილოსანი • Nino Tsilosani,ნინო წილოსანი • Nino Tsilosani,≤100
105513718835653,"მეცნიერების, განათლებისა და კულტურის პროფკავშირი - SEC Workers Union","მეცნიერების, განათლებისა და კულტურის პროფკავშირი - SEC Workers Union",≤100
121078177912733,საქართველოს იუსტიციის სასწავლო ცენტრი -TCJ,საქართველოს იუსტიციის სასწავლო ცენტრი -TCJ,≤100
100263319189575,ცოტნე აბესაძე • Tsotne Abesadze,ცოტნე აბესაძე • Tsotne Abesadze,≤100
104544911468291,შალვა პაპუაშვილი • Shalva Papuashvili,Georgian Dream,≤100
147881438604435,გიორგი კეკელიძე • Giorgi Kekelidze,Kekelidze,≤100
102634668592847,გიორგი ამილახვარი / Giorgi Amilakhvari,გიორგი ამილახვარი / Giorgi Amilakhvari,≤100
1267468489937737,"აი, ფაქტი • ifact.ge","აი, ფაქტი • ifact.ge",≤100
1038115876252768,Gigi Tsereteli  გიგი წერეთელი,Gigi Tsereteli  გიგი წერეთელი,≤100
102069624992748,მსჯავრდებულთა პროფესიული მომზადებისა და გადამზადების ცენტრი,მსჯავრდებულთა პროფესიული მომზადებისა და გადამზადების ცენტრი,≤100
262575877222080,ეროვნული სატყეო სააგენტო,ეროვნული სატყეო სააგენტო,≤100
195600981002208,გიორგი მელაშვილი / George Melashvili,Europe-Georgia Institute,≤100
101545558591952,დავით ფაცაცია / David Patsatsia,დავით ფაცაცია / David Patsatsia,≤100
221812481191218,საქართველოს ახალგაზრდა იურისტთა ასოციაცია,საქართველოს ახალგაზრდა იურისტთა ასოციაცია,≤100
536906143912475,RealPolitika • რეალპოლიტიკა,Gmc • მმართველობის მონიტორინგის ცენტრი,≤100
1396827330340895,გოგი მეშველიანი / Gogi Meshveliani,გოგი მეშველიანი / Gogi Meshveliani,≤100
414248619353564,საქართველოს დაბადება,გირჩი • Girchi,≤100
111744518242509,სტუდენტები ევროპული მომავლისთვის • Students For The European Future,სტუდენტები ევროპული მომავლისთვის • Students For The European Future,≤100
194582501162686,KiKi,Tanadgoma,≤100
198164676867952,განათლებისა და მეცნიერების სამინისტრო,საქართველოს განათლებისა და მეცნიერების სამინისტრო,≤100
179119122157809,Pia.ge - ახალი ამბები,Pia.ge - ახალი ამბები,≤100
742737425917235,ავთანდილ ცინცაძე/Avtandil Tsintsadze,ავთანდილ ცინცაძე/Avtandil Tsintsadze,≤100
312027595840346,რეპროდუქციული ჯანმრთელობა,Tanadgoma,≤100
1097681207089811,პუბლიკა • Publika,პუბლიკა • Publika,≤100
106425097877919,beedunn21,These ads ran without a disclaimer,≤100