﻿Page ID,Page name,Disclaimer,Amount spent (IDR)
101350709331663,Golkar 2024,Yayasan Golkar Institut SPKP,2415877
23383061178,Prabowo Subianto,indonesia Adil makmur,1092917
107600565668590,Munafri Arifuddin,Yayasan Golkar Institute,1030350
110419528729730,Golkar Makassar,Yayasan Golkar Institute,498144
104054595928021,Bakti Untuk Rakyat,Bakti Untuk Rakyat,208821
193237974052689,Partai Keadilan Sejahtera,Partai Keadilan Sejahtera,202104
101629779030791,Ahmad Abdy Baramuli,Efendi Syafruddin,192570
333711983956998,Erwin Aksa,Yayasan Golkar Institute SPKP,168567
106918395489616,Golkar Institute SPKP,Yayasan Golkar Institut SPKP,117516
111864151754055,Esensi TV,Esensi Tv,115591
110799152010497,Prabowo Lanjutkan Kepemimpinan,Prabowo Lanjutkan Kepemimpinan,100235
320858334728047,Partai Solidaritas Indonesia,Partai Solidaritas Indonesia,71004
104899195891472,Berita Ganjar Pranowo,Berita Ganjar Pranowo,64138
105984728799517,Sulsel Dukung Ganjar,Ganjar Nusantara Indonesia,51647
104830667806476,Melihat Indonesia,Melihat Indonesia,50171
106690092440342,Pemilu KIT,PEMILU KIT,35260
105852615873385,Mustaqim Musma - Caleg DPRD Jeneponto 2024,PT. Citra Media Pedoman,30760
197545083607941,Harian Kompas,Harian Kompas,27619
101804639078770,Unboxing Anies,Unboxing Anies,26440
1408188616062841,Sofitel Bali Nusa Dua,Sofitel Bali Nusa Dua Beach Resort,24490
101670979099537,OverheardKonoha,OverheardKonoha,24384
256838011014355,Partai Gerakan Indonesia Raya (Gerindra),Partai Gerindra,23754
1500140530273695,Kimia Farma Care,Kimia Farma,23744
104535639334986,"Mena Bahrah,SH.,M.Kn",These ads ran without a disclaimer,20402
119807501130498,KASTA - Kawan Asri Tadda,Asri Tadda,19241
110294151987732,Head Politika,Head Politika,19212
111833015239745,Sahabat Prabowo,Sahabat Prabowo,18967
101679818973699,Sahabat Ganjar Pranowo,Sahabat Ganjar Pranowo,17783
102735702350673,Publikberhaktau,Publikberhaktau,17426
101866128977837,Belajar Pemilu,Belajar Pemilu,16135
110750361762052,Pikiran Rakyat,Pikiran Rakyat,15613
101228692503239,Opini Publik,Opini Publik,15559
116859974651478,Gerakan Infaq Beras Bandung,Gerakan Infaq Beras Bandung,15455
110865154735990,Koran Harian Tanah Air,Koran Harian Tanah Air,14221
104844282389488,Kelas Digital Marketing,Kelas Digital Marketing,14096
100649018546817,GanjarFans,GanjarFans,14075
108511588277325,Galeria Konveksi,Galeria Konveksi,12475
103330282779367,Dua Digits Creative,Dua Digits Creative,11174
39253583478,PDI Perjuangan,PDI Perjuangan,10290
102485526095574,Sudah Pasti Cuan,Sudah Pasti Cuan,10072
102273039070802,Info Terkini,Info Terkini,9998
349963858704476,Komit Digital,Komit Digital,9008
164909433966316,Suara Anies,Suara Anies,7448
116490098137792,immank80nk,These ads ran without a disclaimer,6363
103301445622409,Aksi Tanggap Anies,Aksi Tanggap Anies,5986
101760624522103,DPP Banteng Muda Indonesia,DPP Banteng Muda Indonesia,5525
100159712647702,Fakta Anies Baswedan,Fakta Anies Baswedan,5193
102656349157647,Tugimanisme,Tugimanisme,4488
106149044946173,mbgitahandayani,These ads ran without a disclaimer,4422
105903795626960,Ruangcuan.com,Ruangcuan.com,4275
109763495194509,Kementerian Haji dan Umrah - IND,These ads ran without a disclaimer,3997
111805655036485,Humas DPRD Pati,Humas DPRD Pati,3828
572779142753263,Freeport Indonesia,Freeport Indonesia,3461
116715223517954,YouSee Indonesia,YouSee Indonesia,3291
100133123132376,Racik Creative,Racik Creative,3136
1165819730216749,Global Ehsan Relief Indonesia,Global Ehsan Relief Indonesia,3022
102186489570377,Srindo News,Srindo News,2951
105502371840701,UMKM USAHA,These ads ran without a disclaimer,2693
803249480013556,Inside Tokopedia,These ads ran without a disclaimer,2270
106919112303644,Jasa Pembuatan Video,Jasa Pembuatan Video,1917
1885017341733339,Relawan Anies,Relawan Anies,1871
750108475004221,SMK Nurul Firdaus,SMK Nurul Firdaus,1427
110547131467051,Ikfina Fahmawati,Ikfina Fahmawati,1366
107241861191421,Ilmu Tambang,Ilmu Tambang,1197
453351114734458,Kabar PKS,Kabar PKS,1015
109083348423534,Untuk Rakyat,Untuk Rakyat,1015
756567881057213,Airlangga Hartarto,Airlangga Hartarto,1015
100159712647702,Fakta Anies Baswedan,Gerakan Perubahan,996
255601878216867,Komisaris Politik,Komisaris Politik,917
112039398549118,Viradef.id,These ads ran without a disclaimer,907
117799294648639,Rangkai Digital,RangkaiDigital.com,845
102497641558430,Indonesia Tolak HOAX,Indonesia Tolak HOAX,741
106004407402000,Cakap Politik,Cakap Politik,671
108571334357297,Melangkah Lebih Baik,Melangkah Lebih Baik,663
102265096099887,Sobat Kang Yunandar Perwira,Sobat Kang Yunandar Perwira,655
101120396317496,Pemerintah Kabupaten Gresik,Pemerintah Kabupaten Gresik,552
108695584343029,Baik Untuk Kita,Baik Untuk Kita,538
110100218339060,Wahai Ibu Pertiwi,Wahai Ibu Pertiwi,494
102981496004696,Sedulur Nafa Urbach,Sedulur Nafa Urbach,452
114012201650176,Fakta Terselubung,Fakta Terselubung,444
110001631906856,Berita Viral Hari Ini,Berita Viral Hari Ini,421
110368964786452,Kemajuan Bersama,Kemajuan Bersama,418
102060486500863,The Jakarta Post,PT. Bina Media Tenggara,409
100879728277263,100 Juta Like Fans Berat Jokowi-Ahok,100 Juta Like Fans Berat Jokowi-Ahok,359
103959895185608,Project Multatuli,Project Multatuli,352
118206724577374,Ir. Redi Nusantara MM Ph. D,Ir. Redi Nusantara MM Ph. D,350
1524796867736498,ADA APA,These ads ran without a disclaimer,333
101076948451651,Masa Depan Kita,Masa Depan Kita,305
106369021821580,Partai Buruh,Partai Buruh,284
107002541917334,Bjp Bayu Jaya Prmana,These ads ran without a disclaimer,244
104948061011963,Alexander Wilyo - AW,These ads ran without a disclaimer,243
334101036610279,Janna De Luxe,These ads ran without a disclaimer,202
109310647588553,BKN PDI Perjuangan,These ads ran without a disclaimer,192
103963518349203,Herry Naap,These ads ran without a disclaimer,187
106253264560859,Air Kami,Air Kami,121
1835861630024192,Info Seputar Depok,Kabar Berita,≤100
107486389040482,sahabatgusyoga,These ads ran without a disclaimer,≤100
111278488658589,Info Energi Indonesia,These ads ran without a disclaimer,≤100
273454719936085,"Yohanis Fransiskus Lema, S.IP, M.Si","Yohanis Fransiskus Lema, S.IP, M.Si",≤100
1681324032192032,Gleneagles Hospital Penang,These ads ran without a disclaimer,≤100
117352551390847,DQS: SEAT of POWER,These ads ran without a disclaimer,≤100
102023009327901,Global Compassion Coalition,These ads ran without a disclaimer,≤100
111679394767549,المشروع القومي لمشتقات البلازما,These ads ran without a disclaimer,≤100
147710335240518,Eindhovens Dagblad,These ads ran without a disclaimer,≤100
245094455536925,FOUR PAWS,These ads ran without a disclaimer,≤100