﻿Page ID,Page name,Disclaimer,Amount spent (EUR)
40433567307,UNICEF Italia,UNICEF Italia,286
183047736356,EMERGENCY,EMERGENCY,166
46590675335,Save the Children Italia,Save the Children Italia,109
53347533412,LAV,LAV Onlus,102
77034286895,Partito Democratico,Partito Democratico,≤100
65737832194,Medici Senza Frontiere,Medici Senza Frontiere,≤100
613417015791230,Alessandra Basso,Alessandra Basso,≤100
88997912868,WWF Italia,WWF Italia,≤100
39993728498,Amnesty International - Italia,Amnesty International Italia,≤100
105000058993069,Andrea Crisanti,Andrea Crisanti,≤100
309840349048638,e.on,E.ON Energia,≤100
1638510526420491,Refugees Welcome Italia,Refugees Welcome Italia,≤100
178362315106,European Parliament,European Parliament,≤100
268976423121377,Essere Animali,Essere Animali,≤100
1657214567845698,BPER Banca,BPER Banca,≤100
35346524498,Greenpeace Italia,Greenpeace Italia,≤100
48677844864,Amref Health Africa - Italia,Amref Health Africa,≤100
70212282110,Altroconsumo,Altroconsumo,≤100
103968169809912,Credem Banca,Finanziato da Credem Banca,≤100
188120904568067,Comedy Central IT,Comedy Central IT,≤100
693492780985618,HSI/Italia,HSI/Italia,≤100
141019746076225,Sorgenia,Sorgenia,≤100
1035757379850845,Rosanna Conte,Rosanna Conte - Europarlamentare della Lega,≤100
576664002355828,CIWF Italia,CIWF Italia Onlus,≤100
2794426070573094,Up2You,Up2You,≤100
101158695138594,SOS Climate Change,UNHCR,≤100
33327548320,Croce Rossa Italiana - Italian Red Cross,Croce Rossa Italiana - Italian Red Cross,≤100
73493613024,ActionAid Italia,ActionAid Italia,≤100
48677844864,Amref Health Africa - Italia,Amref Health Africa - Italia,≤100
169013663273776,Alleanza Assicurazioni,Alleanza Assicurazioni,≤100
179082995487557,SOS Villaggi dei Bambini - Italia,SOS Villaggi dei Bambini - Italia,≤100
421539548423434,SOS Rifugiati,UNHCR Italia - Agenzia ONU per i Rifugiati,≤100
1811177225665334,Enel X,Enel X Italia s.r.l.,≤100
1440878759561839,WeMove Europe,WeMove Europe,≤100
865166100210938,Bosch Italia,Bosch Italia,≤100
101535112411995,Fai Cisl_Verona,Fai Cisl_Verona,≤100
634243093317092,Amoro srl,Amoro Srl,≤100
423472904417850,Gianantonio Da Re,Gianantonio Da Re,≤100
103221808122706,inspiringirls_italia,inspiringirls_italia,≤100
313559438694166,VIDAS - Assistenza ai Malati inguaribili,VIDAS - Assistenza ai Malati inguaribili,≤100
1643562069011200,La Valle Degli Orti,Frosta,≤100
299584710061488,WeWorld Onlus,WeWorld Onlus,≤100
113071918732530,Animal Equality Italia,Animal Equality Italia,≤100
1014207595271736,Azione contro la Fame Italia,Azione contro la Fame Italia,≤100
264302983606606,Stefano Bonaccini,Stefano Bonaccini,≤100
102550058686598,Sotto Il Mantello C O V I D - Libro Inchiesta,Sotto il Mantello Covid,≤100
150301155010350,Intersos,Intersos,≤100
171799682950378,Università degli Studi di Padova,Università degli studi di Padova,≤100
129614623725639,Cesvi Onlus,Cesvi Fondazione Onlus,≤100
45408828511,OIPA Italia,OIPA,≤100
91261353336,Terre des Hommes Italia,Terre des Hommes Italia,≤100
312933172093226,Associazione Luca Coscioni,Associazione Luca Coscioni,≤100
289752771388757,Culligan Italiana,Culligan Italiana,≤100
110372232331805,Mission Bambini,Mission Bambini,≤100
150200761667597,Oxfam Italia,Oxfam Italia,≤100
843931585711084,Alessandro Da Re,Alessandro Da Re,≤100
598765886892277,Forever Bambù Società Benefit,Forever Bambù,≤100
253657775240887,Pulsee,Axpo Italia,≤100
355710427861591,Fratelli d'Italia,Fratelli d'Italia,≤100
408718273286772,Salvatore De Meo,Salvatore De Meo,≤100
579798038791266,Frosta Italia,Frosta,≤100
214454558764681,Elly Schlein,Elly Schlein,≤100
144252722411260,Giacomo Possamai,Giacomo Possamai,≤100
103262248860376,Giovani Per L’umanità - Youths For Humanity’s,Prince Howlader,≤100
160406350666170,Eurodeputati PD,EurodeputatiPD,≤100
377901329389619,Ener2Crowd,Ener2Crowd,≤100
212519685575,Fondazione AIRC per la Ricerca sul Cancro,Fondazione AIRC per la Ricerca sul cancro,≤100
1410474395723679,Petizioni.it,Petizioni.it,≤100
295129913955200,Aboca,Aboca,≤100
441812505843728,Corepla,Corepla,≤100
208046335427,Coop Alleanza 3.0,DGMP di Montevecchi N & C snc,≤100
667483386685540,Silvia Sardone,Silvia Sardone,≤100
114820138190169,Scelta PerSona,Simone Caltagirone,≤100
410043459011308,Fondazione IEO Monzino,Fondazione IEO-MONZINO,≤100
100644409468543,Fondazione Operation Smile Italia ETS,Fondazione Operation Smile Italia ETS,≤100
80761643174,Fondazione Umberto Veronesi,Fondazione Umberto Veronesi,≤100
162764457111560,Dynamo Camp,Fondazione Dynamo Camp Onlus,≤100
195919950450700,Enercom Luce e Gas,Enercom Luce e Gas,≤100
453751868072095,W la Dislessia,AllenaMente Società Cooperativa Sociale,≤100
1473092859585200,Antonio De Poli,Antonio De Poli,≤100
100128926330298,Cirfood District,CIRFOOD sc,≤100
112742913642812,Orange Romance,Orange Romance,≤100
314813895237426,Fondazione Bracco,Fondazione Bracco,≤100
746909186050567,Stefano Carraro - Responsabile Clienti Alleanza,Alleanza Assicurazioni,≤100
150738452145624,BASF Italia,Basf Italia S.p.a.,≤100
799395923429886,Ideando il mondo della grafica e della stampa,ideando pubblicità,≤100
385509022061328,Acqua per Tutti,WeWorld Onlus,≤100
109491080460389,Bambine Non Spose,WeWorld Onlus,≤100
8792700660,Istituto Bruno Leoni,Istituto Bruno Leoni,≤100
92505448987,CGIL Confederazione Generale Italiana del Lavoro,CGIL Confederazione Generale Italiana del Lavoro,≤100
135029639894519,Associazione Italiana per la Lotta al Neuroblastoma,Associazione Italiana per la Lotta al Neuroblastoma,≤100
101898776545732,Inapp,INAPP Istituto Nazionale per l’Analisi delle Politiche Pubbliche,≤100
102808527862361,Uniti per la Siria,WeWorld Onlus,≤100
347006748786906,AIEF,AIEF Associazione Italiana Educatori Finanziari,≤100
101221479103,Fondazione Progetto Arca Onlus,Fondazione Progetto Arca Onlus,≤100
887405791294493,Scuola Greco Pittella,Scuola Greco Pittella S.r.l.,≤100
860701317410852,Rifondazione Comunista - Federazione di Vicenza,Rifondazione Comunista Federazione Vicenza,≤100
103843386353847,Studio Pagano & Partners,Monica Pagano,≤100
104544555621560,Ewiva,Ewiva,≤100
272801896733406,USR PLUS Italia,Partidul Uniunea Salvati Romania,≤100
201484606557114,Fotovoltaico per Te,Fotovoltaico per Te,≤100
102000366519353,EIPASS,Certipass srl,≤100
104578154630928,BIC Incubatori FVG,BIC INCUBATORI S.R.L.,≤100
661243440591428,Raffaella Paita,Raffaella Paita,≤100
104525187934033,Specchio d'Italia,Specchio d'Italia,≤100
131887960826264,Carlo Calenda,Azione,≤100
566863826747589,Cgil Venezia,Cgil Venezia,≤100
121622734528770,Eidos Communication,Eidos Communication,≤100
106199837902239,Innesti,Caviro sca,≤100
1093222784082778,World Vision Italia,World Vision Italia Onlus,≤100
100753869536330,La Scuola del Fatto Quotidiano,SEIF Società Editoriale Il Fatto Spa,≤100
114110060033055,Paper First,Il Fatto Quotidiano,≤100
1431465240488204,Gabriele Michieletto Consigliere Regionale - Zaia Presidente,Gabriele Michieletto,≤100
246596022430699,Mescalito Film,Mescalito Film,≤100
59374667427,Alice for Children,Alice for Children,≤100
182120865170178,Gianluigi Paragone,Gianluigi Paragone,≤100
90724424660,Peter Gomez,SEIF Società Editoriale Il Fatto Spa,≤100
100896914607046,dejan_cetnikovic,Dejan Cetnikovic,≤100
124450774313284,Etica Sgr,Etica Sgr,≤100
587213524737852,WebSalute - Vvox,WebSalute,≤100
112020941497075,Generazione EU,Generazione EU,≤100
686689721540002,Volt Italia,Volt Italia - Unisciti al Cambiamento,≤100
107492342616216,Legambiente Onlus,Legambiente Onlus,≤100
142331079621154,RESET,RESET S.r.l.,≤100
469381559808559,ITLAS pavimenti in legno,Itlas srl,≤100
1420517681335669,Alessandro Dal Ri,Alessandro Dal Ri,≤100
1991539964432178,Gruppo Tea,Gruppo Tea,≤100
169042736456594,All Out,All Out,≤100
104800568170989,Chora Media,Chora Media,≤100
553245751493792,Qualifica Group,These ads ran without a disclaimer,≤100
208439292553517,Cittadinanzattiva APS,Cittadinanzattiva,≤100
367042640294086,Luca Ciriani,Luca Ciriani,≤100
101764407875365,NeN,NeN Energia,≤100
116181541819083,Nicola Fratoianni,Nicola Fratoianni,≤100
167490604112292,Assistenza Raccolta Differenziata Gruppo Hera,Hera spa,≤100
1568184330161608,WeSchool,WeSchool s.r.l.,≤100
557773551234843,Schroders Italy,Schroder Investment Management (Europe) S.A. - Succursale Italiana,≤100
105796680963553,Gruppo Editoriale La Scuola SEI,Editrice La Scuola,≤100
464256556936524,Iacopo Melio,Iacopo Melio,≤100
232017336910584,Rivista Il Borghese,Casa Editrice Pagine,≤100
541448116362496,Katia Uberti il nostro Sindaco,Katia Uberti il nostro Sindaco,≤100
180275292801010,Fratelli d'Italia Camera,"Gruppo Parlamentare della Camera dei Deputati ""Fratelli D'Italia""",≤100
618013698348617,Animal Law Italia,Animal Law Italia,≤100
112777008752391,Valori.it,Valori.it,≤100
180329672596502,Fratelli d'Italia Senato,Fratelli d'Italia Senato,≤100
396512120735562,CIRFOOD,CIRFOOD sc,≤100
284515247529,Corriere della Sera,Corriere della Sera,≤100
102357095763264,CandidatoPolitico.it,CandidatoPolitico.it,≤100
1506899926282450,Fondazione UNA,Fondazione UNA Onlus,≤100
318986935171451,Repower Italia,Repower Italia S.p.a.,≤100
907936302614327,Angels in Run,Angels in Run,≤100
157463237749900,Olmedo Mobility Division,Olmedo Special Vehicles S.p.A,≤100
1942760395965996,Passaggio al Bosco Edizioni,Passaggio al Bosco Edizioni,≤100
117266648305733,LifeGate,LifeGate,≤100
2797201316986482,Annalisa Tardino,Annalisa Tardino,≤100
197449616933013,Le edizioni del Mulino,Le edizioni del Mulino,≤100
111215267090745,Re Soil Foundation,ReSoilFoundation,≤100
104398884619766,Ministero dell'Economia e delle Finanze,Ministero dell'Economia e delle Finanze,≤100
105697815298,Andrea Zanoni,Andrea Zanoni,≤100
407861879769918,Simona Baldassarre,Simona Renata Baldassarre,≤100
57335173611,Città di Modena,Città di Modena,≤100
1843691212524792,ASviS - Alleanza Italiana per lo Sviluppo Sostenibile,ASviS - Alleanza Italiana per lo Sviluppo Sostenibile,≤100
104549831970452,Mattia Boscolo Chiodoro,Mattia Boscolo Chiodoro,≤100
153967571694403,Led Italia,LED Italia S.r.l,≤100
621188454669130,I Diavoli,I Diavoli,≤100
105517781627039,RM scuola - Università,RM Scuola Campus,≤100
109409244233102,L'Indipendente,L'Indipendente S.r.l.,≤100
106577392014536,"Io, comandante di Wagner - Il libro rivelazione",Pienogiorno,≤100
153574674705426,AVSI,AVSI,≤100
104980721725834,Associazione DONNEXSTRADA,Associazione DONNEXSTRADA,≤100
884455481592665,European People,Marco Parroccini,≤100
1454196401466109,WeForGreen,ForGreen Spa Società Benefit,≤100
375882802451994,Capitalfin,Capitalfin,≤100
1389519327952496,BCC Credito Cooperativo,BCC Credito Cooperativo,≤100
147451502073583,In Migrazione,In Migrazione,≤100
124783974312946,Erica Rivolta,Erica Rivolta,≤100
480871535271240,Fondazione Cariplo,Fondazione Cariplo,≤100
503567226377662,"Centro Narconon ""Il Gabbiano""","Centro Narconon ""Il Gabbiano""",≤100
393452754097302,Solarcenter,Archimede s.r.l.,≤100
353868374653514,Dipartimento per le politiche giovanili e il servizio civile universale – Presidenza del Consiglio dei Ministri,Dipartimento per le politiche giovanili e il servizio civile universale – Presidenza del Consiglio dei Ministri,≤100
127839944083908,Robby Giusti,Roberto Giusti,≤100
462112877855708,Ermenegildo Rossi,Ermenegildo Rossi,≤100
56755731998,Codacons,Codacons,≤100
1480937442190427,Tommaso Foti,Tommaso Foti,≤100
125302808869575,Romina Leuzzi - Responsabile Clienti Alleanza Ferrara San Giorgio,Alleanza Assicurazioni,≤100
100919408134711,Lega per Salvini Premier - Sezione di San pietro in Gu,Lega Nord Sezione San Pietro in Gu,≤100
290721534331298,Anna Ascani,Anna Ascani,≤100
192209717630141,First Cisl nazionale,First Cisl,≤100
115218755162436,ABC Associazione Bambini Chirurgici del Burlo,A.B.C. Associazione per i Bambini Chirurgici del Burlo onlus,≤100
19050847431,Terra,Terra!,≤100
121793864832061,Daniele Novara,Centro Psicopedagogico per l'educazione e la gestione dei conflitti,≤100
222285517801483,Elopak,These ads ran without a disclaimer,≤100
105296361571631,FGS srl,FGS srl,≤100
409442125822365,Studio Legale Lombardo,Studio Legale Lombardo,≤100
2613707698646326,Pop Edizioni,POP EDIZIONI SRL SRL,≤100
107618154328480,Alessio Arusa,Alessio Arusa,≤100
274507425995055,"SOMS, Circolo Galileo Galilei",SOMS Mogliano Veneto APS,≤100
286934764814261,Legalizziamo,Associazione Luca Coscioni,≤100
172718099490199,DOKITA,Dokita onlus,≤100
119200734774774,Radicali,Radicali,≤100
1176999669002221,Performer,Performer Srl,≤100
2048664861850577,ildigitale.it,IlDigitale.it,≤100
129078800535,Rinnovabili.it,Rinnovabili.it,≤100
343132907074660,Villy de Luca,Villy de Luca,≤100
2173211049619737,Keaton,Carmen Barbano,≤100
210147662385535,Paola De Micheli,Paola De Micheli,≤100
106788055084178,Per il futuro dei bambini,Cesvi,≤100
106318735428971,Intersos Lab - Centro di Formazione,INTERSOS Lab,≤100
1445140735745708,Caritas Senigallia Onlus,Fondazione Caritas Senigallia Onlus,≤100
105465711300148,Knowledge Share - University & Research center patent platform,These ads ran without a disclaimer,≤100
235656346542306,CoopVoce,Coop Italia - Direzione Telefonia CoopVoce,≤100
793211171059364,Francescani per la Vita,Francescani per la Vita,≤100
268911749952654,Alfonso Luigi Marra,Alfonso Luigi Marra,≤100
856344664406039,Partito Democratico Abano Terme,Partito Democratico Abano Terme,≤100
45193527235,CPP Centro Psicopedagogico per la Pace e la gestione dei conflitti,CPP - Centro Psicopedagogico per l'educazione e la gestione dei conflitti,≤100
218671751661739,Fondazione Villa Maraini,Stefano Spada,≤100
103124791775267,Il Periscopio del Diritto,Michele Alfredo Chiariello,≤100
205798119968781,Cikis,Cikis,≤100
698743116897167,Valeria Valente,Valeria Valente,≤100
31893742684,Banca Sella,BANCA SELLA SPA,≤100
235656346542306,CoopVoce,These ads ran without a disclaimer,≤100
219708888198414,Fondazione Giangiacomo Feltrinelli,Fondazione Giangiacomo Feltrinelli,≤100
1676582112422226,Walter Zalukar,Walter Zalukar - Gruppo Misto Consiglio Regionale FVG,≤100
95118674590,Collettiva,Collettiva,≤100
467181846695913,Fondo Assistenza e Benessere,Fondo Assistenza e Benessere - Società di Mutuo Soccorso,≤100
279234965434875,Energit,Energ.it Spa,≤100
157218361626760,Cronache Ribelli,Davide Gallucci,≤100
264869596888019,Roberto Di Stefano,Roberto Di Stefano,≤100
107881235549987,Daya De Nardi,Jessica Zaghet,≤100
425705351541008,Riccardo Lanzo,Riccardo Lanzo,≤100
753800634652691,Paola Chiesa,Paola Maria Chiesa,≤100
1486718904933717,Fondazione Compagnia di San Paolo,Compagnia di San Paolo,≤100
195167010525230,CCDU,CCDU,≤100
1668922680093325,Propensione.it,Propensione.it,≤100
679536672167529,Pd Novellara,Sara Lasagni,≤100
583229838437691,Conflavoro PMI,Conflavoro PMI,≤100
326480964397759,Antonio Lombardi,FEDERCEPICOSTRUZIONI,≤100
254827334550018,Praim,Praim srl,≤100
1710827805727348,Fondazione Libellula,Fondazione Libellula,≤100
609529512482095,Amate Sponde,Valemedia srl,≤100
148367009301755,Roberta Ferrero,Roberta Ferrero,≤100
190766780967976,Geopolitica.info,Geopolitica.info,≤100
445235400057,Commissione europea – Rappresentanza in Italia,Commissione europea – Rappresentanza in Italia,≤100
105276881579324,Terzogiornale,Fondazione per la critica sociale,≤100
227498090641951,SNADIR Nazionale,SNADIR Nazionale,≤100
112576383938294,Fondo Sanedil,Fondo Sanedil,≤100
404402342956536,StartupItalia,StartupItalia,≤100
291380024325396,Brando Benifei,Brando Benifei,≤100
675594109245764,Unisona,Unisona,≤100
363589373994,Filippo Rossi,Caffeina Media s.r.l.,≤100
104727538126958,The Watcher Post,The Watcher Post,≤100
345136718845,Ministero dell'Ambiente e della Sicurezza Energetica,Ministero dell'Ambiente e della Sicurezza Energetica,≤100
1256189614498949,Alberto Bozza,Alberto Bozza,≤100
181864685188048,Maurizio Marrone,Maurizio Marrone,≤100
109992254071726,Annamaria Colao,Annamaria Colao,≤100
206708532746370,Mara Bizzotto Pagina Ufficiale,Mara Bizzotto,≤100
177990150967421,La Verità di San Giorgio,Pietro L'Erario,≤100
281797875189719,Avanti! online,Avanti! online,≤100
109094031594910,Luigi Pinto,Matteo Bello,≤100
102462152029826,Operatori Sanitari nel Mondo,Claudio Scatola,≤100
1603966533257308,Maria Cristina Pisani,Maria Cristina Pisani,≤100
673109029772554,Marco Campomenosi,Marco Campomenosi,≤100
112221911380832,InvEu,Agrifondi srl,≤100
193027960795836,Consulenti del Lavoro,Fondazione Studi Consulenti del Lavoro,≤100
104995138746733,Paolo Costanzo +Europa,Paolo Costanzo,≤100
470320123103435,NOW,Mariaenrica Barile,≤100
174312339435062,Alternativa Popolare,Alternativa Popolare,≤100
169101783890379,Fondazione Carolina,Fondazione Carolina,≤100
101047321724796,Semplicità,Fabrizio Bertoletti,≤100
1448101522079687,Onlymoso,Onlymoso,≤100
105879237815238,Fondazione Unipolis,Fondazione Unipolis,≤100
1007973302727293,Teach For Italy,Teach For Italy,≤100
146415948745160,Tecnè,Michela Morizzo,≤100
48952279043,Andrea Mascaretti,Mascaretti Andrea,≤100
114344005243032,Chiara Colosimo,Chiara Colosimo,≤100
335126483234062,Maurizio Acerbo,Maurizio Acerbo,≤100
694642417262339,Sparanise In Movimento,Salvatore Martiello,≤100
106716195664064,Noi Moderati - Lombardia,Noi con l'Italia,≤100
103546574756191,Fondo Pensione Priamo,Fondo Priamo,≤100
1978323772189377,Ambiente Mare Italia,Ambiente Mare Italia,≤100
1036401756387621,Tgroup SpA,These ads ran without a disclaimer,≤100
106609584287802,Facta,Facta,≤100
81698998693,Maurizio Lupi,Noi con l'Italia,≤100
190575544322460,Bennet,These ads ran without a disclaimer,≤100
351056272332033,IEuD - Istituto Europeo delle Dipendenze,Istituto Europeo Delle Dipendenze s.r.l.,≤100
203065183038056,Edizioni Centro Studi Erickson,Edizioni Centro Studi Erickson,≤100
112184058442541,Luca Pasquero,Francesco Biacchi,≤100
186799161499691,Libraccio,D.M.B. S.r.l.,≤100
1198302750251842,The Vision,The Vision,≤100
108161764240082,stefanotalone,These ads ran without a disclaimer,≤100
622710157744372,Dire.it,Agenzia di stampa DIRE,≤100
101085588391900,Burato Giovanni,Giovanni Burato,≤100
305857383716,Comunicattive,Comunicattive srl,≤100
268501353185869,"Endometriosi - APE ODV, organizzazione di volontariato",Associazione Progetto Endometriosi,≤100
171869093280946,EICOM Energia,Eicom energia,≤100
105636267811260,The Good in Town,The Good in Town,≤100
156980270981618,Fondazione Mondo Digitale,Fondazione Mondo Digitale,≤100
102479275235267,Ecotoni,Compagnia delle Foreste,≤100
303531599691398,Mariastella Gelmini,Mariastella Gelmini,≤100
222403031687114,ArciAtea,ArciAtea APS,≤100
2007020126006311,Acqua Alma,Acqua Alma,≤100
782909321766629,Marchi & Fildi Group,These ads ran without a disclaimer,≤100
263368177127232,Le Nius,Le Nius,≤100
229483187248340,Automazione Industriale Ferrazza,Ferrazza S.r.l.,≤100
573828172688916,Stefano Passarini,Stefano Passarini,≤100
1382868132042683,Massimiliano Romeo,Massimiliano Romeo,≤100
223175114447090,Sant'Egidio,Sant'Egidio,≤100
518586948254355,Airlite,Airlite,≤100
229726223879624,Agenzia Erasmus+ INAPP,INAPP Istituto Nazionale per l’Analisi delle Politiche Pubbliche,≤100
1341434042628646,Riccardo Zucconi,Riccardo Zucconi,≤100
667673283645724,Udine in Azione,Azione,≤100
110354967359505,Materasso Bedshire,Ce.Pro.L di Gatti Luca,≤100
167192463921273,Antonio Zennaro,Antonio Zennaro,≤100
105765942097364,Sempre Lui - Il libro,Pienogiorno,≤100
446084849159280,Zico Pieri,Giacomo Pieri,≤100
1948843311809719,Alessandro Corbetta,Alessandro Corbetta,≤100
102729379302718,Associazione Il Giorno Dopo ODV,Mirko Bortolotti,≤100
154767423377839,Managaia.eco,Managaia.eco,≤100
1393266557641903,Africa Rivista,Africa Rivista,≤100
125635380862838,Io Bevo,General Beverage,≤100
117913115000855,Learning Academy by Sanoma Italia,Pearson Italia,≤100
605435696586935,Alessandra Todde,Alessandra Todde,≤100
153413827518,L'Occidentale-Orientamento quotidiano,L'Occidentale,≤100
590301457742958,Zeta,Zeta,≤100
110247984688432,Civuolecostanza Orsola Costanza,Orsola Costanza,≤100
100279282975196,Woomanity,Kairos Cooperativa Sociale,≤100
486228231540331,Partito Animalista Italiano,Cristiano Ceriello,≤100
650387761676591,Candido,Casa Editrice Pagine,≤100
198307320795172,Are you R,Are you R,≤100
622450334886617,Fondazione Policlinico Universitario Agostino Gemelli IRCCS,Fondazione Policlinico Universitario Agostino Gemelli IRCCS,≤100
108770011256563,XtraCult,XtraCult,≤100
445306708881847,Markus Maurmair,Maurmair Markus,≤100
154144331904379,Marta Schifone,SocialCom,≤100
158631584189136,Fondazione UniVerde,Fondazione Univerde,≤100
118356801554598,EU Food & Farming,These ads ran without a disclaimer,≤100
164552756898127,G.B. Palumbo Editore,G.B. Palumbo Editore,≤100
559675377890674,Stefano Pedrollo,Stefano Pedrollo,≤100
732537393467461,Cpd Consulta,Cpd Consulta,≤100
1766466673641354,Antonino La Spina,Antonino La Spina,≤100
404600599728488,Pefc Italia,PEFC Italia,≤100
1825242501026900,Centro Studi Dialogo,Centro Studi Dialogo,≤100
782011665194418,Dott. Christian Franchini Consulente Finanziario,Christian Franchini,≤100
660676587322229,Salvagente,Salvagente APS,≤100
33481833782,Fa' la cosa giusta!,Cart'armata edizioni srl,≤100
943592402382817,Stato Civile: Libero,Giovanni Corbanese,≤100
537369456719694,Jane Lepori,Jane Lepori,≤100
239696222820040,Plan International Italia,Plan International Italia,≤100
1084664418411199,Alex Cioni,These ads ran without a disclaimer,≤100
2006958696239686,Emanuela Del Re,Emanuela C. Del Re,≤100
155754657821240,Simone Polesello per il Fvg,Simone Polesello,≤100
781324601913224,Marco Di Falco,Marco Di Falco,≤100
109294818740224,I'm not a doll,Andrea Tubertini,≤100
345024339582702,Tipografia De Vanna,Tipografia De Vanna,≤100
178808252718288,Dipartimento di Scienze e Politiche Ambientali - UNIMI,MB srl,≤100
108645638597110,Dialquadrato,Dialquadrato,≤100
103853939270641,Quitterz Club Il Metodo per Smettere di Fumare,Alessandro Ettorre,≤100
100354602590593,Carlo Alberto Tregua,Ediservice srl,≤100
451419891563905,Pro Vita & Famiglia Onlus,Pro Vita & Famiglia Onlus,≤100
535609693464890,OFFSide Fest Italia,Offside Italia,≤100
105441205443694,Topgreenstore,These ads ran without a disclaimer,≤100
1525276264261539,Manfredi Potenti,Manfredi Potenti,≤100
591249014329371,ClassiCult,ClassiCult,≤100
112995657150811,Ecologica,Gianfranco Mascia,≤100
787903214594249,Fisascat Cisl,Fisascat Cisl,≤100
258755651183,Alfonso Pecoraro Scanio,Alfonso Pecoraro Scanio,≤100
171795872872353,ISPI - Istituto per gli studi di politica internazionale,ISPI - Istituto per gli studi di politica internazionale,≤100
103530655830553,Eco by Naty Global,These ads ran without a disclaimer,≤100
380164962524472,Simona Tironi,Simona Tironi,≤100
741432559225902,Demetrio Piccini autore di fumetti,Demetrio Piccini,≤100
287539351688695,Marika Diminutto - Fratelli d'Italia,Marika Diminutto,≤100
102949761393836,Commissariato Generale di Terra Santa - Sud Italia,Commissariato Generale di Terra Santa - Sud Italia,≤100
67527694280,Arché,Arché,≤100
993120200721882,Casa Don Puglisi - La Bottega,Associazione di Volontariato Don Giuseppe Puglisi Onlus,≤100
104595358855645,Chiara Frontini,Chiara Frontini,≤100
1113878852053355,Consorzio Cev,Consorzio CEV,≤100
710657238945661,Idea Plast srl,Idea Plast S.R.L.,≤100
356102944825132,Antonio Cascone,Antonio Cascone,≤100
969637999787267,Giulio Venturi,Giulio Venturi,≤100
107600422240107,Yekatit 12-19 Febbraio,These ads ran without a disclaimer,≤100
922737261081955,Elisa Montemagni,Elisa Montemagni,≤100
652577951530892,Marì Muscarà,Maria Muscarà,≤100
1581235308792916,Magnitudofilm,These ads ran without a disclaimer,≤100
355895101196989,Andrea Casu,Andrea Casu,≤100
379688310244,La Civiltà Cattolica,La Civiltà Cattolica,≤100
31800331297,Gariwo - Foresta dei Giusti,Gariwo - Foresta dei Giusti,≤100
361678077904637,Anaao Assomed Lombardia,Stefano Magnone,≤100
341860389261473,Federico Mollicone,Federico Mollicone,≤100
1429383923849615,Fondo FASDA,Fondo FASDA,≤100
190832121346975,Merceria Cristina,These ads ran without a disclaimer,≤100
325880488176976,University Network,These ads ran without a disclaimer,≤100
987211228033960,SÌ Tav SÌ Lavoro per Torino,Sì Lavoro Sì Tav Movimento per la Crescita,≤100
103471154469641,La Trentina - Buona come la sua terra,These ads ran without a disclaimer,≤100
1736994623023559,Pedagogisti Familiari ANPEF,A.N.P.E.F. Associazione Nazionale dei Pedagogisti Familiari,≤100
393726400696283,Grisport,These ads ran without a disclaimer,≤100
110008275279346,Achille Spinelli,Achille Spinelli,≤100
113242780217751,VitoNautika,These ads ran without a disclaimer,≤100
106105781117760,Alta Riviera Real Estate,These ads ran without a disclaimer,≤100
1860622814155987,Cgil Veneto,Carlo Covino,≤100
300912913295793,IBSA Farmaceutici,IBSA Farmaceutici,≤100
548821201887889,Paolo Marcheschi,Paolo Marcheschi,≤100
101732063293364,Istituto Toniolo,Istituto Toniolo,≤100
2150320288417425,Beatrice De Maio consigliere comunale di Modena,Fabio De Maio,≤100
473584653125948,ARSchooInnovation,Lucana Sistemi srl,≤100
138109442630,UNIMPRESA Unione Nazionale di Imprese,Donato Paolino,≤100
101136318271055,Comitato Progetto Comune,Maria Laura Faccini,≤100
106475064780918,Mirco Angelucci,angelucci mirco,≤100
569863519700929,Barbara Zilli,Barbara Zilli,≤100
814256855300529,Centro F. L. Ferrari,Centro Culturale Francesco Luigi Ferrari,≤100
100140832137106,Italian Defence Technologies,Italian Defence Technologies,≤100
137210956310640,Melting Pot Europa,Melting Pot Europa,≤100
115705898106079,SOS Guinea Bissau,These ads ran without a disclaimer,≤100
214283755421613,Antonello Peru,Antonello Peru,≤100
237843932914197,Alground Cyberwarfare Geopolitica,Trizio Consulting,≤100
34244362829,DANIELE BIACCHESSI,Daniele Biacchessi,≤100
109667708188369,Daniela Carli per La Spezia,Daniela Carli,≤100
1994549320790542,Luca Garibaldi,Luca Garibaldi,≤100
478247465671732,TotalEnergies,TotalEnergies,≤100
407066069720164,We Wealth,Voices of Wealth S.r.l.,≤100
159192554552724,Vasilika Moon - Onlus,La luna di Vasilika ONLUS,≤100
468173689932952,Partito Progressista,Mario Cantone,≤100
137518989610476,Federalberghi Torino,Federalberghi Torino,≤100
198004843626128,Partito Democratico del Trentino,Partito Democratico del Trentino,≤100
107711661632417,Claudia Pratelli,Claudia Pratelli,≤100
160297837351805,CGT Caterpillar,CGT S.p.A.,≤100
102565915153347,OPES - Terzo Settore,Publigiovane Srl,≤100
767163076808708,Marica Fantuz,Marica Fantuz,≤100
150538088974692,Refugee.Info.Italy,Refugee.Info.Italy,≤100
602678809928628,Guido Quintino Liris,Daniela Ianni,≤100
1965879920340499,Arezzo 2020 per cambiare a sinistra,These ads ran without a disclaimer,≤100
178948469536215,Saverio De Bonis,Saverio De Bonis,≤100
814905568604078,ytali.com,ytali.com,≤100
1623129891325124,Italia in Classe A,ENEA,≤100
565903660254019,Giulia Tempesta,Giulia Tempesta,≤100
149462018791,Un Ponte Per,Un Ponte Per,≤100
107379378333563,Tozzi Green,TOZZI GREEN,≤100
150777885635982,Giorgio Mulè,Giorgio Mulè,≤100
335126483234062,Maurizio Acerbo,These ads ran without a disclaimer,≤100
144709575593854,EESC - European Economic and Social Committee,EESC - European Economic and Social Committee,≤100
100788072284161,Terzo Millennio,Terzo Millennio,≤100
331372771010,Festival della Mente,Festival della Mente,≤100
496873810372627,Cittadini reattivi,Cittadini Reattivi APS,≤100
105332674760119,ista Italia Srl,Ista Italia srl,≤100
1538926219695299,Genova che osa,Genova che osa,≤100
1678990582375073,Vesuvio DOP Consorzio Tutela Vini,Vesuvio DOP,≤100
2162934993958021,Associazione Altero Matteoli,Associazione Altero Matteoli,≤100
114306448224606,News,These ads ran without a disclaimer,≤100
1496504030436035,Pitillos Italia,Angelo Ammendola,≤100
425023447643668,MedReAct,MedReAct,≤100
678908455899403,Olimpia Troili,Olimpia Troili,≤100
510543356065092,Assessore Romano Favetta - MPV,Jessica Marzilli,≤100
184684151574230,Simone Brancozzi,Simone Brancozzi,≤100
1584341225139028,Fabrizio Rossi,Fabrizio Rossi,≤100
429869420485277,Uil del Trentino,Uil del Trentino,≤100
110634657163632,ScientifiCult,ScientifiCult,≤100
167774085356283,Erika Li Volsi,These ads ran without a disclaimer,≤100
1975939216057184,Alvearia.net,Alvearia.net,≤100
1445354675792937,Centro Studi Rosario Livatino,Centro Studi Rosario Livatino,≤100
248758218623743,Next Nuova Economia per Tutti,NEXT - NUOVA ECONOMIA PER TUTTI,≤100
470705503003893,ilikepuglia,I Like Puglia S.r.l.,≤100
107321830749965,Lavialibera,La Via Libera,≤100
1151916921518164,SatiLeaks,Gianfranco Colella,≤100
615675435199972,Alessandro Piana - Vice Presidente e Assessore Regione Liguria,Alessandro Piana - Vicepresidente e Assessore Regione Liguria,≤100
144293048945865,Knowità,Knowità Srl,≤100
825203174231710,Luigi Bisogno,Luigi Bisogno,≤100
362460873844615,Alumni Politecnico di Milano,Alumni Politecnico di Milano,≤100
266957210152139,Gilberto Pichetto,Gilberto Pichetto,≤100
468003700060232,DINO PEPE,Dino Pepe,≤100
988564131291116,Lanfranco Zappalà Sindaco,Lanfranco Maurizio Alessandro Zappalà,≤100
1449917045144695,Partito Democratico Circolo di Dogliani,Stefano Ciccone,≤100
218911188148674,CISAL Confederazione Italiana Sindacati Autonomi Lavoratori,CISAL,≤100
111266561682774,Le Nostre Stelle,Antonino Annino,≤100
361972104197601,Salvatore Palumbo Forza Italia - VIII Circoscrizione Palermo,Salvatore Palumbo,≤100
106739885660003,Trentino Oltre - Per un Partito Democratico protagonista,Trentino Oltre,≤100
100117311468700,Rilanciafriuli,Furio Petrossi,≤100
1420012461585538,Assidai - Fondo di Assistenza Sanitaria per il tuo benessere,Assidai,≤100
208046335427,Coop Alleanza 3.0,These ads ran without a disclaimer,≤100
175246233010467,Alberto Budai Consigliere Regionale FVG,Fabio Fiorin,≤100
1404361459775696,Forlini Optical,FORLINI OPTICAL Srl,≤100
608375839515998,Avvocato Luca Favini - Studio Legale Ghedini Favini,Luca Favini,≤100
114147990367032,Il secondo mestiere,Claudio Auria,≤100
108356284058248,massimilianofrassi,These ads ran without a disclaimer,≤100
19050847431,Terra,Terra_aps,≤100
188764584969445,La Lunga Rabbia - Archivio del “lungo sessantotto” italiano,These ads ran without a disclaimer,≤100
134666913247297,Sicurezza e Lavoro,Sicurezza e Lavoro,≤100
100236899166817,Cellula Coscioni Pordenone,Cellula Pordenone - Associazione Luca Coscioni per la libertà di ricerca scientifica,≤100
122583699917,Minimo Impatto,minimo impatto,≤100
1827883270791776,lavorareascuola.it,Scuola Web Italia,≤100
105849768548758,PreviAmbiente,Fondo PreviAmbiente,≤100
122191987831675,Fabio Amendolara,Fabio Amendolara,≤100
244955126364768,Controcultura: Spazio aperto Be.Brecht,Controcultura: Spazio aperto Be.Brecht,≤100
1787265254901144,Multiverso,These ads ran without a disclaimer,≤100
339727276722,Monica Bordoni - Consigliere Comunale Osimo,Monica Bordoni,≤100
166027216814695,Firriato,Firriato Winery,≤100
102422942264260,Noi Liberi,NOI LIBERI,≤100
228073157368,HISTORY,These ads ran without a disclaimer,≤100
454592348045799,T.wai - Torino World Affairs Institute,T.wai,≤100
126210297412918,Vaccarezza In Regione,Angelo Vaccarezza,≤100
1776956162430608,L'Indispensabile - movimento rivoluzionario,Associazione Darsi Pace,≤100
324262394281742,Eurven,Eurven,≤100
109117651674505,Ony Onofrio D'Onghia,These ads ran without a disclaimer,≤100
104555644443795,Dipende da Noi,Paola Maria Petrucci,≤100
1792705090955570,Ance AV Avellino,These ads ran without a disclaimer,≤100
753253628339973,Alex Ploner - Team K,Alex Ploner,≤100
204724029665288,Enegan - Luce e Gas,Enegan S.p.A.,≤100
1451345288320470,Michele Dallapiccola Consigliere Provinciale,Michele Dallapiccola,≤100
946455705501090,Italian Digital Revolution - AIDR,Aidr,≤100
103609779300803,Figli di Dio e della Madonna,Vincenzo Spina,≤100
111058465166975,Sinistra Italiana Genova,Sinistra Italiana Genova,≤100
526901760669684,Partito Animalista Europeo,Partito Animalista Europeo,≤100
1528751127190820,Enrico Turato,Enrico Turato,≤100
104903412492526,Coordinatore Comitato Tutela Salute Pubblica FVG,Egidio Santin,≤100
103192638478535,Contratti di Fiume delle Valli del Noce e del Sinni,FLAG COAST TO COAST Soc. cons. a r.l.,≤100
1494770570823635,Pippi Mellone Sindaco,"Pippi Mellone, Sindaco del Comune di Nardò",≤100
165968498427823,Rete dei Comuni Sostenibili,Giovani Gostoli,≤100
2206853809566678,Paolo Omoboni Sindaco,Paolo Omoboni,≤100
107089441136039,Mare Pulito,Mare Pulito,≤100
138886362851168,Laura Famulari,Laura Famulari,≤100
332685650675007,Mario Anzil,Mario Anzil,≤100
1407800559480010,Hirmer Verlag,These ads ran without a disclaimer,≤100
105926814393942,QuBítv,QuBítv,≤100
694072700804066,Liguria.today,These ads ran without a disclaimer,≤100
672715886453237,Michele Conti,Michele Conti,≤100
502864049810547,Infodifesa,These ads ran without a disclaimer,≤100
101258678456575,Trieste 2030,These ads ran without a disclaimer,≤100
119104539661400,Anna Paris,Anna Paris,≤100
137843962956595,Equilibra,These ads ran without a disclaimer,≤100
163533620383520,Fondazione Magna Carta,Fondazione Magna Carta,≤100
119283008140727,Pela Case,These ads ran without a disclaimer,≤100
155697555152756,Cristiano l'Antipopulista,Cristiano Cappellari,≤100
2005956219619112,Ronchieri Giovanbattista - Assessore del Comune di Massa,These ads ran without a disclaimer,≤100
116316293085763,Giuseppe Nucera,Giuseppe Nucera,≤100
1562648707302483,Amedeo Ciaccheri,Amedeo Ciaccheri,≤100
1576444002611235,Salute e Sviluppo,Salute e Sviluppo,≤100
102797792747317,Federico Asti,These ads ran without a disclaimer,≤100
106030315169173,Photos of houses,These ads ran without a disclaimer,≤100
102803162427248,costruiamosalute,Salute - Regione Emilia-Romagna,≤100
274349052661382,Fondazione Trentina Alcide De Gasperi,Fondazione Trentina Alcide De Gasperi,≤100
1695169034125625,Alessandro Caramiello,Alessandro Caramiello,≤100
398845420211357,Giovanni Zannola,Giovanni Zannola,≤100
108895805815369,alfemminile.com,Alfemminile,≤100
62617453081,Domenico Damascelli,Domenico Damascelli,≤100
235739137000036,Camillo de Milato,These ads ran without a disclaimer,≤100
239789346075185,Simone Concorsi,These ads ran without a disclaimer,≤100
103151711785728,Grazia Di Maggio,Grazia Maria Benedetta Di Maggio,≤100
154805417888759,PSI - Partito Socialista Federazione provinciale di Ravenna,Francesco Pitrelli,≤100
100919195693624,Giancarlo Schiano - M5S,Giancarlo Schiano,≤100
280738811962818,GIMBE,Fondazione GIMBE,≤100
106831365552516,As Multiservice,These ads ran without a disclaimer,≤100
351741678725769,Riparalo,These ads ran without a disclaimer,≤100
736490409864062,Lega FVG - Semplicemente NOI,Leonardo Esposito,≤100
791628370904125,Iremmo - Institut de Recherche et d'Études Méditerranée Moyen-Orient,These ads ran without a disclaimer,≤100
2259199297554119,Roberto Braibanti,Roberto Braibanti,≤100
112232964796025,Medicina Generale Siena,Medicina Generale Siena,≤100
142522189151259,European Association for the Education of Adults - EAEA,These ads ran without a disclaimer,≤100
193188864038037,Francesco Martines,Francesco Martines,≤100
110306800847417,Giovanni Setaro,Giovanni Setaro,≤100
105966205510321,Daniele Padovano,Daniele Padovano,≤100
323149724828497,Alessandro Basso,Alessandro Basso,≤100
1439514556290274,Nicola Caputo,Nicola Caputo,≤100
108869884694293,Campobase,Associazione Campobase,≤100
828123477318104,Piero De Luca,Piero De Luca,≤100
105583651918041,Settimanale di Investing,These ads ran without a disclaimer,≤100
134571176638205,One Tree Planted,These ads ran without a disclaimer,≤100
111647831286627,Greta Cristini,These ads ran without a disclaimer,≤100
111166248276745,Invisible Republic,These ads ran without a disclaimer,≤100
131189377574,MDPI,These ads ran without a disclaimer,≤100
146853612068126,All-Energy,These ads ran without a disclaimer,≤100