﻿Page ID,Page name,Disclaimer,Amount spent (USD)
106687624223989,Rescate Democratico,Rescate Democratico,≤100
112477522422248,David Collado,David Collado,≤100
123397997671209,Listín Diario,Alejandro Jose Madera Rodriguez,≤100
339085486274571,Alexis Victoria Yeb,Alexis Victoria Yeb,≤100
532600796858736,Jean Luis Rodriguez,Jean Luis Rodriguez Jimenez,≤100
1595969940616082,Alexis Jiménez RD,Alexis Jiménez RD,≤100
100710379656333,Movimiento Más Luis,Movimiento Más Luis,≤100
104931575750756,Altagracia González,Altagracia González,≤100
101732136035686,Yo sigo con Yoger Alcalde,Ricardo Noel Garcia Leon,≤100
430008757208257,Dr. Iván Silva,Ivan Jose Silva Fernandez,≤100
1629575853928723,Jesús Cabrera,Equisoft SRL,≤100
103984154814135,malejandrocastillo,Manuel Alejandro Castillo,≤100
119217667808458,Mecho Senadora,Pedro Raul Diloné Brito,≤100
105171771737100,laberuntard,These ads ran without a disclaimer,≤100
492966110748093,Su Mundo TV,Penelope Canario Herrera,≤100
401144539898661,Fondo Marena,Nicolás Enrique Grullón Ubinas,≤100
101102818125884,Carlos Gómez Senador,Carlos Gomez,≤100
112362972140883,Dafne Guzman,These ads ran without a disclaimer,≤100
106559005470359,Ecopolitica,Ecopolitica,≤100
110279305385382,Fernando Osorio - Moreno Regidor,Fernando Antonio  Osorio Martinez,≤100
121877458011478,Alcaldía ASDE,Ronald Familia Fria,≤100
112953245073829,salamiregidor,These ads ran without a disclaimer,≤100
120621177616114,Dr. Wady Musa,Wady Jose Musa Valerio,≤100
104204428019174,Viajar es Mundial,These ads ran without a disclaimer,≤100