﻿Page ID,Page name,Disclaimer,Amount spent (USD)
109604544889317,गुरुमन्त्र एकेडेमी Gurumantra Academy,गुरुमन्त्र एकेडेमी Gurumantra Academy,≤100
106233958955664,तादी खोला नेपाल,These ads ran without a disclaimer,≤100
176104589110851,IEEE,These ads ran without a disclaimer,≤100
105269972661899,,These ads ran without a disclaimer,≤100
525102824185497,Indo-Pacific Defense Forum,These ads ran without a disclaimer,≤100
102446849340981,Nayak Shankar,These ads ran without a disclaimer,≤100