﻿Page ID,Page name,Disclaimer,Amount spent (USD)
2383640714999798,HamroNepal Cooperative,HamroNepal Cooperative,≤100
101986938330715,China Economic Information Service -CEIS,These ads ran without a disclaimer,≤100
100757458889452,Santiago Morocho Oña,These ads ran without a disclaimer,≤100
1414802032117321,South Asian Regional Trade Union Council,South Asian Regional Trade Union Council,≤100
327115907736300,Asia Global Institute,These ads ran without a disclaimer,≤100
635947956441355,Unofficial Capital FM,Unofficial Capital FM,≤100
239982637475,Independent Evaluation Group (IEG),These ads ran without a disclaimer,≤100
104197914934368,E.T. Gunnarsson,These ads ran without a disclaimer,≤100
100996575982707,Samajik Feed,Internet Market Today Pvt. Ltd.,≤100
106945188922839,Neuron Pain Clinic,These ads ran without a disclaimer,≤100
294028895335,The Ehlers-Danlos Society,These ads ran without a disclaimer,≤100