﻿Page ID,Page name,Disclaimer,Amount spent (RON)
1058116737612843,USR,Uniunea Salvați România,120
1395939193764858,Marcel Ciolacu,Partidul Social Democrat,≤100
181375448581167,Partidul Naţional Liberal,Partidul National Liberal,≤100
108802474284645,Alexandru Pușcașu,ALEXANDRU-CLAUDIU PUSCASU,≤100
108295090637741,ASAP România,Fundatia The Institute,≤100
207741001672,Speranta pentru Romania,Speranta pentru Romania,≤100
474810956013732,Transilvania 365,Petrica Cristi Florea,≤100
731035500293728,Siegfried Muresan,Siegfried Muresan,≤100
1504323906337545,Litere.net,litere.net,≤100
54779960819,United Nations,United Nations with Facebook Ad Credits,≤100
321890494859228,Vlad Gheorghe,GHEORGHE VLAD-DAN,≤100
109260655301896,Dezvaluiri,Dezvaluiri,≤100
360828814115641,Asociatia Slujire Crestina,Asociatia Slujire Crestina,≤100
163943696987223,Ziarul Puterea,Ziarul Puterea,≤100
2546711162025064,Politice.net,politice.net,≤100
168243139877442,BZI,BZI,≤100
686190454826244,Declic,Declic,≤100
1382783485324942,San Miguel,These ads ran without a disclaimer,≤100
178362315106,European Parliament,European Parliament,≤100
100211372942318,România=GEȚIA,Mărgărit-Daniel Buzoi,≤100
176989973158138,Guvernare.net,Guvernare.net,≤100
260365460647855,Mircea Geoana,Mircea Geoana,≤100
106809077982489,"Fundatia ""Perfect Civic""",Fundația „Perfect Civic”,≤100
149371012371397,Newsweek Romania,Newsweek Romania,≤100
333606539787,UNICEF Romania,UNICEF Romania,≤100
114319753592403,AFACERI.news,Horia-Marius Bogdan,≤100
100491781650498,Premierul Nostru,Premierul Nostru,≤100
220579784732993,Daniel Buda,Buda Daniel,≤100
939093039450192,PS News,PS News,≤100
296067753922553,Ştiri Antena 3 CNN,Antena 3,≤100
364996840328403,Asociația Liga Albanezilor din România,ALAR,≤100
101617875628718,Enviro Pack Consult,These ads ran without a disclaimer,≤100
107556038785047,USR Dizabilități,Uniunea Salvați România,≤100
113910327963153,Andrei Ohaci,Andrei Ohaci,≤100
2443020582586584,Romania Eficienta,Romania Eficienta,≤100
123526378261795,Stiri Locale,Stiri Locale,≤100
341037705981172,Humanitas,Humanitas,≤100
1157480384268430,Partidul Umanist Social Liberal PUSL Sediul Central,Partidul Umanist Social Liberal,≤100
107126744527532,Farcaș Mihai-Dan,FARCAS MIHAI DAN,≤100
103640708229788,Laurențiu Marin,Laurentiu-Daniel Marin,≤100
112599703659958,Green News,ASOCIATIA GREEN ACADEMY,≤100
669547186434860,Daniel Pînzaru,George-Daniel Pînzaru,≤100
112561930654300,NTD Romania,Cristian Nica,≤100
159027940804196,Consiliul Superior al Magistraturii,Complete media,≤100
1796777377209154,Regia Nationala a Padurilor - Romsilva,Regia Nationala a Padurilor - Romsilva,≤100
1491544234239734,Forța Dreptei,Forta-Dreptei,≤100
181221645364365,Carmen Avram,Carmen Avram,≤100
379633622148337,RMDSZ Nőszervezet,RMDSZ Nőszervezet,≤100
101340741758468,Radu Pescar,Pescar Radu Mircea,≤100
104484254797326,Laura Vicol,Deputat Laura Vicol,≤100
165467823513147,Alin Tișe,Alin Tișe,≤100
137651470305528,Federația Patronală Petrol și Gaze,Federatia Patronală Petrol și Gaze,≤100
102905778991186,Partidul Adevăr și Dreptate,Toroican Ioan,≤100
100935048994575,Business Watch,Business watch,≤100
109741634195523,Gabriel Bulumac,Gabi Bulumac,≤100
428654640523065,Mircea Rosca,Chelan Bogdan,≤100
924354934394338,Iulian Lorincz,Iulian Lorincz,≤100
102410783138358,Anuntul Telefonic,Anuntul Telefonic SRL,≤100
111719871398798,Asociatia Mesagerul lui Hristos,FLORIN-ALEXANDRU BUDE,≤100
111281564109712,Zakariás Zoltán,Erdélyi Magyar Szövetség,≤100
164624876574,Avocat Porosnicu Gianina Vera,Bianca Daniela Stefan,≤100
105999601301943,Ana Cătăuță,Ana-Maria Catauta,≤100
1164341813627057,Maria Gabriela Horga,Gabriela Horga,≤100
337159212964962,Ziua de Cluj,Ziua de Cluj,≤100
668129379887378,Dan Motreanu,Dan Motreanu,≤100
100850998460894,Rodica Boancă,Rodica Boanca,≤100
1560147330888040,Winkler Gyula,Winkler Gyula,≤100
107066808189586,Panorama.ro,NEWBIZ ONLINE PUBLISHING S.R.L.,≤100
102601499822802,RMDSZ,RMDSZ,≤100
101161965173287,Ropres.RO,Ropres.ro,≤100
169962753021439,A.L.E.G.,A.L.E.G.,≤100
1190871690932388,New Star Online TV,NewStarOnlineTV,≤100
109445158308624,De fapt,DeFapt.ro,≤100
100468771924489,DiEM25 în România,Razvan Mirsu,≤100
261202277284497,Theodor Paleologu,Ioana Prândurel,≤100
442721279504718,Elena Grosu,Elena Grosu,≤100
658668994510595,Norofert Group,Norofert Group,≤100
110037751658256,Liga pentru Deșteptarea României,Liga pentru Deșteptarea României,≤100
502514186907494,Apa Noastră,Mihnea Eugen Pospai,≤100
675042232534141,Vincze Loránt,Vincze Loránt,≤100
600025356762034,Carina Pflege Locuri de munca Germania,Olimpia Schugar,≤100
741115212683860,Astrolog Adrian Chelariu,Adrian Chelariu,≤100
1771130776494389,Corina Scarlat pentru Câmpulung,Corina Scarlat,≤100
100783455871268,Oana Diana Leonte,Oana Diana Leonte,≤100
106098884636145,ADI Deșeuri Bistrița-Năsăud,ADI Deseuri Bistrita-Nasaud,≤100
1028428697211383,USR Sibiu,USR PLUS Sibiu,≤100
102416742676189,Finanțări Digitalizare Transilvania,Cristina - Anca Șerban,≤100
116634326439880,Mindcraft Stories,Mindcraft Stories,≤100
1029958020423567,Agro-Est Muntenia,Agro-Est,≤100
103383915623247,Mișcarea pentru Democrație Directă,Mișcarea pentru Democrație Directă,≤100
267821410080602,Cronica Romana,Parvu Florin,≤100
101643545586108,Alianța Pentru Patrie,Alianța Pentru Patrie,≤100
1895756110442362,Ancheta de Hunedoara,Marcel-Marin Bot,≤100
109485238372885,Economistii.RO,Economistii.RO,≤100
101254968456255,Călin Gheorghe Maties-senator,Calin-Gheorghe Maties,≤100
163950740830769,Gaz De Romania,Gaz De Romania,≤100
103483408125726,Cosmin Gîdea,Oltenia STAR,≤100
188113901227053,Maszol.ro,Maszol.ro,≤100
230645588376761,Dr. Rákossy Botond-József,Partidul Oamenilor Liberi Filiala Judeteana Harghita,≤100
113510423782476,Diana Baciuna,DIANA-STEFANA BACIUNA,≤100
116634326439880,Mindcraft Stories,These ads ran without a disclaimer,≤100
104550061381109,Political.RO,POLITICAL.RO,≤100
100872245631464,AEM Holding,AEM Holding,≤100
144614315599146,Ziarul de Investigații,Ziarul de Investigații,≤100
502514186907494,Apa Noastră,These ads ran without a disclaimer,≤100
114460923709287,4media.INFO,4Media.INFO,≤100
103286128708594,Cristian Mură,MINCULEASA CLAUDIU-NICOLAE,≤100
104303254861007,Petre Enciu,Petre Enciu,≤100
185582988821530,Cătălin Teniță,Cabinet Parlamentar Dragoș-Cătălin Teniță,≤100
275718032506812,Oana Bulai,Bulai Oana Gianina,≤100
110324305005394,Lăcătuș Marius Andrei,Lacatus Marius Andrei,≤100
129863897156315,Viata si speranta 2003,These ads ran without a disclaimer,≤100
59642883858,The Public Advisors,These ads ran without a disclaimer,≤100
233826257775,Computerworld.hu,These ads ran without a disclaimer,≤100
1409458915968999,Daniela   Onita-Ivascu,Tagspot,≤100
101486552782564,Unbrandable,These ads ran without a disclaimer,≤100
245094455536925,FOUR PAWS,These ads ran without a disclaimer,≤100
1196196390526965,Facebook Surveys,These ads ran without a disclaimer,≤100
109804718490788,ReBuild Ukraine,These ads ran without a disclaimer,≤100
522040488002422,Babbel,These ads ran without a disclaimer,≤100
107203148110541,Action Speaks Louder,These ads ran without a disclaimer,≤100
144709575593854,EESC - European Economic and Social Committee,EESC - European Economic and Social Committee,≤100
185561295623272,Move To Help Foundation,These ads ran without a disclaimer,≤100
147702172102998,Honeywell,These ads ran without a disclaimer,≤100