﻿Page ID,Page name,Disclaimer,Amount spent (ARS),Number of ads in Library
130929705668,Municipalidad de Córdoba,Municipalidad de Córdoba,1446043,81
301506776559902,Gobierno de Córdoba,Gobierno de Córdoba,503646,54
369199359904207,Municipalidad de Tres de Febrero,Municipalidad de Tres de Febrero,220250,8
233792609964941,Municipio de Esteban Echeverría,Municipio de Esteban Echeverría,160611,10
327490147360219,Martín Berhongaray,Martín Berhongaray,103602,56
317140548314140,San Fernando Municipio,San Fernando Municipio,70989,4
101185599412309,Marcos para Neuquén,Marcos para Neuquen,70902,9
367089004808,Amnistía Internacional Argentina,Amnistía Internacional Argentina,51643,42
465558466800210,Maxi Pullaro,Juntos por el Cambio Evolución,50294,49
680986725302906,Roberto Mirabella,Hacemos Santa Fe,48795,11
103088924366000,Noticias d,Noticias d,47235,287
174970176018,Horacio Rodríguez Larreta,PRO Ciudad de Buenos Aires,46271,39
100686031576569,Primero la gente,Secretaría de Medios y Comunicación Pública,43958,2
110746414660916,Lomas Noticias,Nicolas Orona,40236,2
104726201267494,Legislatura de Neuquén,Legislatura de Neuquén,35648,4
191138187655299,Municipalidad de Quilmes,Municipalidad de Quilmes,35294,39
100395029626459,Protagonistas del Cambio Buenos Aires,Protagonistas del cambio,35291,4
363825283650115,Vicente López,Vicente López,28272,7
1383234345334458,Ramiro Marra,Ramiro Marra,26760,12
2057819794450925,CPC Pueyrredón MuniCba,municipalidad de córdoba,26410,3
109447250584054,Data Gremial,Data Gremial,26338,3
924253577657013,Gobierno de Tierra del Fuego AIAS,Gobierno de Tierra del Fuego,22364,35
101996084777901,Mariela Belski,Mariela Belski,19380,17
1662250880709156,Lanús Municipio,Lanús Municipio,18240,5
102436695787908,Chubut por el Cambio,Juntos por Chubut,16109,11
171330806277312,Diego Santilli,Instituto República,15823,34
101364195948955,KATO DICE Y HACE,KATO DICE Y HACE,15749,4
155326881225340,Cristian Ritondo,Hablen de a uno,15487,3
104195999244021,Primero La Pampa,Primero La Pampa,15058,5
102305658071845,Uthgra Córdoba,Julian Rousselot,13050,4
141472172555994,Sole Martinez,Vicente López,11081,2
87545580838,C5N,C5N,10432,3
652162468224695,Juan Negri,Juan Negri,10242,4
256803881073240,Gobierno de Salta,Gobierno de Salta,9988,2
587918571392007,Lucas Figueras,Fundación Pensar Chaco Desarrollo,9872,2
641948702550925,Catamarca Gobierno,Gobierno de Catamarca,9784,1
113122186717848,Emiliano Estrada,Emiliano Estrada,9734,5
138406616275954,Marcelo Orrego,Producción y Trabajo,9402,4
387470471654182,Carlos Zapata,Rodrigo Alfreperez Quinteros,9375,5
414147902070636,Políticas para la República,Políticas para la República,9219,2
945167758836265,Max Perkins,Max Perkins Oneto Gaona,9207,2
587405287971230,Mariano Cascallares,Partido Justicialista Almirante Brown,8921,7
109287948479430,Diario 9️⃣,diario 9,8862,49
480129710135,Municipio de Tigre,Municipalidad de Tigre,8761,28
104455719146837,El Meridiano,El Meridiano Noticias,8702,4
103944978682114,Lado B Noticias,Lado B Noticias,8647,8
113138195384719,Nestor Grindetti,Nestor Grindetti,8565,4
314550791947743,InfoBonaerenses,Noticias de mi barrio,8411,4
107796462136638,La República Noticias,La República Noticias,8326,4
131381938371647,Corta La Bocha Noticias,Corta La Bocha,8258,8
362204533804292,Municipio de Río Grande,Municipio de Río Grande,8255,5
103210325515576,Pablo Mamet,quierotw.ar,8112,4
194377447332998,Municipalidad de Villa Carlos Paz,Municipalidad de Villa Carlos Paz,8080,15
427271967380241,Lucas Delfino,Juntos,7985,7
122008198196943,Revolución Popular,Revolución Popular,7948,5
369181306485506,Patricia Cubria,showercomunicacion,7888,6
107787349381054,Pablo Alaniz,Pablo Alaniz,7778,3
104733589113258,La Gaceta Nacional,La Gaceta Nacional,7621,8
551027964955087,Julio César Martinez,Julio Cesar Martinez,7470,2
136275719722184,Diario El Litoral Santa Fe,El Litoral,7321,3
327844944459820,Claudio Vidal,Edgardo Gabriel Rovira,7244,1
111669735076988,Hora Cero,Hora Cero Noticias,7136,7
110890318187982,Escucharte Santa Fe,Darret,7114,2
255392011709766,Gobierno de Formosa,Gobierno de Formosa,6992,17
1782770091995310,Mariano Castagnaro,Mariano Lucas Castagnaro,6942,1
107631983989726,Argentina Federal,Argentina Federal,6911,8
429298067264790,Sergio Ziliotto,Partido Justicialista Distrito La Pampa,6648,8
104046341137293,Panorama Pais,Panorama Pais,6416,1
459777610743664,Ariel Sujarchuk,HAY ALTERNATIVA PARA EL CAMBIO EN ESCOBAR - HACE,6347,5
147447928678753,Carlos Eguia,Carlos Alberto Eguia,6335,2
190356261138005,Leandro Zdero,Leandro Zdero,6322,3
104521364508491,Juan Pablo Inglese,Juan Pablo Inglese,6262,2
103729412624985,Nueva Pampa,Nueva Pampa,5965,9
107862828349752,Tiempo de Córdoba,Tiempo de Córdoba,5965,7
1086999731414893,Lucas Castelli,Lucas Alberto Castelli,5919,76
335926266503071,7D,7D,5831,4
699758330894365,Actualidad Argentina,Actualidad Argentina,5624,3
183940131655054,María Eugenia Vidal,María Eugenia Vidal,5434,4
705172499580470,Gustavo Martinez,Gustavo Martinez,5192,12
1347237252022683,El Diario Norte,Noticias de mi barrio,5158,4
101338992806651,La Plata Despierta,La Plata Despierta,5104,1
110806461830762,El Sol Web,El Sol Web,5062,4
106986760983071,Redacción Política,Baires News Group,4949,4
175844725888213,Alejandro Bodart,MST Movimiento Socialista de los Trabajadores,4942,7
103322152538185,La Verdad Noticias,La verdad noticias,4894,4
862393870465260,Fabian Martin,Fabian Martin Intendente,4816,1
791115407580121,Gustavo Melella,Gustavo Melella,4735,9
227513130941976,Ignacio Torres,Pro Chubut,4729,5
723384297773969,Walter Berarducci,Walter Fabian Berarducci,4716,1
307661541236,Grupo La Provincia,GLP,4648,17
110276628358382,El Autónomo,El Autónomo,4606,4
168941069944763,Martin Maquieyra,Pro La Pampa,4584,7
386830351387514,InfoSanLuis.com,InfoSanLuis.com,4439,7
107756622140473,El Litoral Web,El Litoral Web,4409,2
118736245504093,TOTI  Intendente,TOTI  Intendente,4315,9
796480967084066,Cele Fierro,MST Movimiento Socialista de los Trabajadores,4300,3
592558020802278,María Emilia Soria,María Emilia Soria,4084,5
245081835610307,Gobierno De Río Cuarto,Gobierno De Río Cuarto,4075,5
452525851510103,Nicolás del Caño,Frente de Izquierda,4065,2
125183747539071,Noticias Argentinas,Noticias Argentinas,4061,54
896073793900056,Lalo Creus,Diego Gianutti,3955,3
1688491141369349,Gobierno de la Provincia de La Pampa,Gobierno de la Pampa,3946,6
106716278920168,Noticias Argentinas,Noticias Argentinas Web,3914,6
103371005775934,Carlos Lorenzo,Carlos Lorenzo,3829,6
811490865528770,Guillermo Viñuales,Guillermo Viñuales,3721,4
90148244993,Patricia Bullrich,Pro Nacional,3719,2
947520791967929,Claudio Poggi,Claudio Javier Poggi,3675,1
2339859699626643,Hacemos por Córdoba,Hacemos por Córdoba,3670,5
1275311129309933,Marcos Koopmann,Marcos Koopmann,3604,1
1832390087053498,Colo Roitman,Colo Roitman,3551,8
107590944370114,Voz de Santa Fe,www.vozdesantafe.com.ar,3426,6
1604553363177691,Concejal von der Thusen,Raul Von Der Thusen,3426,2
115879768037908,Antonio Grandoni,ANTONIO GRANDONI,3423,6
109819601940472,Eduardo Camus,Eduardo Camus,3303,2
672238573214250,Diego Arévalo,Diego Arévalo,3246,3
110116998602195,Boletin No-Oficial,Boletín No Oficial,3197,3
807113569309561,Miguel Siciliano,Miguel Angel Siciliano,3172,4
484757575061442,Gobierno de la Ciudad de Alta Gracia,Municipalidad de Alta Gracia,3162,1
109237045323181,Patagonia Noticias,Patagonia Noticias,3141,2
100513966017836,Noticias del Sur,Noticias del Sur,3099,2
113783585451798,Mariano Mansilla,Mariano Victorio Mansilla Garodnik,3074,2
105434454484182,Difusión de Prensa Argentina,Difusión de Prensa Argentina,3000,2
105237068485789,La Prensa Energética,La Prensa Energetica,2934,2
605540860101596,Diario Criollo,Diario Criollo,2901,2
1540115579589194,Pablo Corsalini,Pablo Corsalini,2883,4
105960568377813,Ministerio de Producción La Pampa,Ministerio de Producción de La Pampa,2880,9
628498977777284,El Continental,Periodico El Continental,2873,2
552677501548909,Municipalidad de San Carlos Minas,Cristian Adrian Frias,2818,3
442074085928723,Raúl Jalil,Raúl Jalil,2807,2
782697941744883,Catamarca Capital,Catamarca Capital,2760,10
174545086044880,Gobierno de Santa Fe,Gobierno de Santa Fe,2699,11
104230022197116,En línea Chubut,En Línea Chubut,2695,5
112090455034177,El Portavoz Oficial,El Portavoz,2596,1
1170748123064391,Federico Frigerio,Federico Frigerio,2592,4
103906831909733,Luciana Cuk,Acción San Juan,2571,4
103021535961289,Cede,Cede,2558,2
100370865976735,Reporte del Valle,Reporte del Valle,2518,2
1567154286880194,Marcelo Albaca,Marcelo Albaca,2510,4
603661516349988,Ya Basta - La Izquierda en Filo,IzquierdaWeb,2488,3
238608056195754,Leandro Busatto,Leandro Busatto,2474,18
2327114977572273,Gustavo Fernández,Gustavo Emilio Fernandez,2451,4
743239569098884,Marcelo Cossar,Marcelo Arnolfo Cossar,2407,27
857382087671921,Maxi Abad,radicalesorg,2366,10
274883916030955,Pablo Losada,United Business Arg,2362,11
101302041450958,Secretaría Energía y Minería La Pampa,Secretaría de Energía y Minería de La Pampa,2353,4
101446999301893,Política Central,politica central,2329,14
947697181983026,Ministerio De Salud La Pampa,Ministerio De Salud La Pampa,2302,6
1315072021867341,Ente,Ente,2284,4
104375948431009,Agenda 2030.lat,Agenda2030.lat,2281,1
114299924620455,Andrés Antonietti,Andres Antonietti,2263,2
113328424956836,Prensa Libre,Prensa Libre,2257,2
110984251257472,Informe San Juan,Informe San Juan,2257,1
1724549447807950,Ministerio de Desarrollo Social de La Pampa,Ministerio de Desarrollo Social de La Pampa,2251,4
234890990763613,Federico Fulini,Federico Fulini,2234,2
212137105468799,Minuto Neuquén,Minuto,2230,2
391699984932525,Pablo Cervi,Centro de Inversiones y Desarrollos Patagónicos,2220,1
241766066497583,Leandro Cavaco,Leandro Cavaco,2218,3
886667964679142,Fabián Gramajo,Fabián Gramajo,2216,3
100198331521581,Agencia Provincial de Noticias La Pampa,APN La Pampa,2197,6
1452353831716808,Gustavo Canteros,Proyecto Corrientes,2197,14
111600998225620,Noticias Zero,Noticias Zero,2162,2
1873194886282596,Francisco Mondotte,Daniel Mondotte,2154,1
162975431069266,Lucas Aparicio,Lucas Aparicio,2149,1
316538378371170,Chaco Gobierno de Todos,Chaco Gobierno de Todos,2138,13
800096146713300,Marcelo Rodriguez,Marcelo Jorge Rodriguez,2138,1
108747171494977,Ambiente La Pampa,Subsecretaria de Ambiente de La Pampa,2130,4
105472487597843,PoliticaProvincia,Politica Provincia,2130,1
1402615893393659,Marcos Castelló,Marcos Antonio Castello,2100,1
624986924234661,Gustavo Bordet,Partido Justicialista Entre Ríos,2092,2
102289782502796,Prensa Digital,Prensa Digital,2086,2
543624772318229,Diego Valenzuela,Diego Valenzuela,2074,4
655212881557862,Matias Melia,Unidos por Pinamar,2047,1
1642712085944827,Alejandro Vilca,Frente de Izquierda,2046,1
348209942315439,La Pampa 24,La Pampa 24,2022,5
442285665919263,Enrique Cresto,equipo digital,2007,7
256387424757136,"Ministerio de Gobierno, Justicia y Derechos Humanos de La Pampa","Ministerio de Gobierno, Justicia y Derechos Humanos de La Pampa",1994,4
579052309200348,Gonzalo Parodi,Hernan Gonzalo Parodi,1990,3
104549218292037,Urgente Hoy,Urgente Hoy,1973,6
105132645589543,Construyendo - Gral. Pueyrredon,Construyendo,1961,2
105904438005497,Facundo Lancioni Kaprow,Facundo Lancioni,1961,2
105980232291529,Mónica Grassi,Mónica Susana Grassi,1890,1
621662804554294,Florencia Lopez,Maria Florencia López,1870,2
932158520193023,Municipalidad de José C. Paz,Municipio de José Clemente Paz,1862,1
1064807416890278,Emilio Baistrocchi,Emilio Baistrocchi,1805,1
110039918575012,Noticias Express,Noticias Express,1793,4
424702354318618,Pedro Puerta,Pedro Puerta,1783,1
819240928422696,César Treffinger,Cesar Treffinger,1775,2
186080358099920,Partido Demócrata de Mendoza,Partido Demócrata de Mendoza,1770,2
134557130216408,Jorge Jofré,Jorge Jofre,1744,1
137071079685429,Secretaría de Turismo Villa Gesell,Secretaria de Turismo de Villa Gesell,1735,4
101594852755793,El Bonaerense,El Bonaerense,1722,3
1420904314883935,El Puntano,El Puntano,1715,4
105493327767840,Newsweek Argentina,Newsweek Argentina,1698,35
102187456039094,Enterate Ya,Enterate Ya!,1676,2
544640985878621,Argentinos Online,Argentinos Online,1666,3
337756742965295,José Orlando Cáceres,José Orlando Cáceres,1635,1
103431172529739,El Diario Industrial,El Diario Industrial,1617,2
186065678122253,InfoBAN Agencia de Noticias,InfoBAN Agencia de Noticias,1596,1
104365527708467,Pilar Municipalidad,Pilar Municipalidad,1580,1
726998547382753,Martin Tetaz,Martín Tetaz,1521,3
742755562475908,Javier Noguera,Javier Noguera,1505,1
106673018805830,Lucas Veliz,Usina Creativa,1491,2
104147274759706,Periodismo de Izquierda,Periodismo de Izquierda,1471,2
145806262649419,Fer Miño,Patria de Todos,1459,3
710189803134791,Federico López,Federico Martin Lopez,1449,2
499141756879767,Federico Achával,De Tu Lado Siempre,1435,4
1116134798424337,JuanMa Barenghi,Juan Manuel Barenghi,1430,1
2021141788107491,Othar Macharashvili,Othar Macharashvili,1424,2
413965255639712,Martin Ardohain,PRO La Pampa,1424,2
1573583459600036,Legislatura de Córdoba,Legislatura de Córdoba,1411,3
106560742263098,Noticias El Portal,Noticias El Portal,1410,2
416744201672837,Municipio de Roca,Municipalidad de General Roca,1349,3
198291456887013,Emiliano Bursese,Emiliano Martin Bursese,1340,1
105572509032794,Gerardo Blanes,Gerardo Blanes,1333,1
184491722081467,Dani Lopez,Daniel Hernan Lopez De Gaetano,1314,2
103846469204203,La Ola Noticias,La Ola Noticias,1301,2
350084848936137,Sociedad Cooperativa Popular Limitada,Sociedad Cooperativa Popular Limitada,1297,1
152351941446339,Jorge Milton Capitanich,Chaco Gobierno de Todos,1295,4
101673378015007,Rio Segundo Municipalidad,Pia Caballero,1284,1
2243331109041866,Gustavo H Arrieta,Gustavo H Arrieta,1272,5
101505288317194,Antonella Garcia,Antonella Natacha Garcia,1265,2
206054467013925,Lucas Carballo,Lucas Manuel Alberto Carballo,1252,1
287386615304441,Jocha Castro Videla,Jose Antonio Castro Videla,1233,1
331459911021936,Lalo Stelatto,Lalo Stelatto,1227,9
439141789570154,Livio Gutierrez,Livio Gutierrez,1220,2
223506754358437,LaOpinionPopular.com.ar,Carlos Blas Garcia,1211,1
660416864150494,Obras La Pampa,Obras La Pampa,1199,3
340454606681986,Hugo Cabral,Hugo Cabral,1181,3
108261190561002,Laura Sprovieri,Irina Tognola,1181,3
2438220102914670,Juan Pelaez,Juan Pelaez,1173,1
1405120706440456,Conclusión,Diario Conclusión,1164,8
104838940899300,Memo,El Memo,1158,5
259150698371428,Emanuel Coliñir,Emanuel Rene Coliñir,1144,4
259700217384725,Le Monde diplomatique - Edición Cono Sur,Capital Intelectual S.A.,1143,6
795202843959456,El Disenso,El Disenso,1141,2
334055540574250,Sergio Lucero,Sergio Gabriel Lucero,1137,2
436791896382535,Red Eco Alternativo,These ads ran without a disclaimer,1118,1
358162257947051,Ricardo Bussi,Ricardo Matias Mercado,1109,3
555130984621600,Santiago Nogueira,Santiago Leopoldo Nogueira,1105,1
394521371165263,Cecilia Roffé,Maria Cecilia Roffe,1105,2
255709918416546,Joaquín Sánchez Charró,Joaquín Sánchez Charró,1098,1
112718824982515,Sonia Martorano,Gobierno de Santa Fe,1086,4
589866887756301,Leandro González,Leandro González,1086,1
496728270512125,Nuevos Papeles,Nuevos Papeles,1062,7
108415570552033,Ing. Anibal H Pazos,Leonardo Martin Gerber,1060,3
211047755609903,Anibal Calafell,Anibal Horacio Calafell,1049,2
233734300112003,Juan Monteverde,Ciudad Futura,1042,2
836721716420200,Lautaro Jimenez,Frente de Izquierda,1039,5
112409081643672,Radicales por Bahía,Carlos Enrique Schivndt,988,2
1541663639410402,Peta Bernarte,Damian Javier Bernarte,964,2
108679841853325,Contame Más,Contame Más,962,2
60189524894,Defensoría del Pueblo de la Ciudad de Buenos Aires,Defensoría del Pueblo de la Ciudad de Buenos Aires,962,11
105021265448275,Alberto Hensel,Alberto Hensel,934,4
433136076759972,Edhasa Argentina,Edhasa Argentina,930,1
440677362630997,Sebastian Galmarini,Sebastian Galmarini,925,4
101124492234921,Rodrigo Galván,Rodrigo Alberto Galvan Fernandez,925,3
2088278501388267,"Ministerio de Economía, Hacienda y Finanzas de Formosa","Ministerio de Economía, Hacienda y Finanzas de Formosa",923,90
115265413177720,Franquito Hernandez Berni,Franco Esteban Francisco Hernandez Berni,916,3
1541428379519312,Luciano Demarco,Luciano Demarco,908,2
294784154520177,Caro Piedrabuena,Carolina Piedrabuena,906,2
405968363074387,Marco Julio Puricelli,Ideas y Vision,880,2
755993527765325,Franco Aranda,Franco Aranda,865,4
185382695166196,Joaquín Blanco,Joaquín Blanco,834,6
289910177711776,Gobierno de Tucumán,Gobierno de Tucumán,833,3
101801685891012,Revista Knowable,These ads ran without a disclaimer,823,2
106503788650419,Salta Al Instante,Lucas Ariel Arias,815,1
200449356802931,Francisco Guevara,Alejandro Francisco Guevara Olivera,798,1
103553635446983,Plan B Misiones,Martin Boerr,791,1
1485840381721462,Municipalidad de La Calera,Municipalidad de La Calera,789,14
108359645337913,Ider Peretti,Facundo Gabriel Sanchez,783,1
783164988386542,JDViola,Juan Domingo Viola,778,2
114271673602981,NEA HOY,NEA HOY,756,36
447363149171196,Alejandro Palmieri,Alejandro Palmier,754,1
111017727886118,Chuchi Molina,Chuchi Adriana Molina,752,1
1575553356099879,Soher El Sukaria,Fundación Hacer Córdoba,743,2
107769284163260,Agencia Foco,Ecom Chaco,741,62
1694291254179192,Guillermo Coppo,Guillermo Coppo,736,2
105716442346264,Conurnarnia,Conurnarnia,733,2
404593466264648,Carlos Bevilacqua,Comunicación Villarino,725,10
258546478015654,Laura Jure,Laura Jure,725,2
614512062374214,Marcelo Casaretto,Marcelo Casaretto,725,2
544986472243896,Data Diario,Data Diario,720,1
114466054858948,Eduardo Cerimedo,Eduardo Cerimedo,719,1
102570774863673,LOBBY,LOBBYEscuela,718,8
103163212414881,Néstor Fiser,Dahyana Natali Terrier,718,2
102604221181656,Sandra Orquera,Ricardo Matias Mercado,709,2
147441998639026,Dulcenter Autoservicio Mayorista,Gallemar SRL,699,2
1556242677990029,Emir Félix,Prensa San Rafael,696,1
101342586037212,Republicanos Unidos  SJ,Maria Belen Varela,691,2
289231387826235,Municipio Cañada de Gómez,Municipalidad de Cañada de Gómez,686,1
289231387826235,Municipio Cañada de Gómez,Municipalidad de Cañada de Gómez,686,1
477463972361734,Rafa Moyano,Eduardo Dario Pereyra,685,3
103937882603401,2954,Mariano Suarez,675,2
723789384402976,Municipalidad de Juana Koslay,Juana Koslay,671,1
1665439590356231,Sebastián Salazar,Jorge Sebastian Salazar,669,1
1395474550528787,Opinorte,Opinorte,667,4
105372982137906,Educación Igual Futuro,Diego Nestor Edgardo Reyna,661,1
2019602358355510,Opina Patagonia,Mariela Edith Rebaudo,654,1
572676212777687,Alfredo Schiavoni,Alfredo Oscar Schiavoni,646,1
648791755133650,Norma López,Norma López,645,3
623004601078857,Erika Gonnet,Gobierno de Santa Fe,644,2
1616731398614099,Marisa Fassi,Frente de Todos Cañuelas,641,2
215867742129773,Pablo del Valle,Pablo del Valle,641,2
879513872091792,Romina Rosas,Romina Rosas,627,4
970738089654602,Subsecretaría de Seguridad de Lanús,Subsecretaría de Seguridad de Lanús,624,2
113384436026702,Caren Tepp,Ciudad Futura,623,1
418718771833277,Carim Peche,Carim Peche,616,1
112233751493488,Lavoz de Chubut,LaVozdeChubut,611,3
101736596126028,kateryna_palanska,These ads ran without a disclaimer,608,1
1726365124243504,Clara García,Clara Garcia,603,1
100854288886307,Zonales,Comunicacion Editorial Grafica Argentina,596,14
133937418577537,Utopia Urbana,Utopía Urbana,596,2
1750226538579919,Facundo Perez Carletti,Facundo Jose Perez Carletti,590,2
100804091452223,Ministerio de Conectividad y Modernización de La Pampa,Ministerio de Conectividad y Modernización de La Pampa,568,2
104936189140335,Héctor Cardozo,Héctor Cardozo,560,4
101307041779921,gdcstudio,These ads ran without a disclaimer,558,1
1477665742536733,FrenteVecinalista,Dario Adolfo Baez,553,1
1033484550055433,Ministerio de Seguridad,Ministerio de Seguridad de La Pampa,551,2
101993342681,Noticias de la Calle,La Verdad SRL,549,2
114671484578218,Concordia YA,Concordia YA,546,2
793493827424692,Mauricio Camacho,Mauricio Camacho,530,1
102296947917534,Ramiro Ortega,Ricardo Matias Mercado,524,1
111311814786954,Facundo M Lopez,Facundo Manuel Lopez,523,1
980562078650430,Rosalía Fucello,Rosalía Fucello,521,1
1399896206897402,Frente Renovador San Isidro,Frente Renovador San Isidro,521,5
509211279105159,NoticiasMDQ,Noticias MDQ,515,1
1744262295791445,Osjera,OSJERA,511,2
1482461681990163,Off Topic Periodismo Transmedia,Off Topic Periodismo Transmedia,509,1
100256179569570,Dr Carlos Rodriguez,Carlos Augusto Rodriguez,500,1
108005414995696,Ambito Catamarca,Ambito Catamarca,496,2
1478052378895112,Hugo Daniel Avila,Roxana Beatriz Moya,492,2
1045742742140641,ENREDACCIÓN,Ruben Fabián Garcia,488,2
1734160603475180,Emiliano Alvarez Porte,Emiliano Marcelo Alvarez Porte,474,1
316402711752761,Pablo Chamatropulos,Pablo Chamatropulos,473,1
561628140549166,Juan Senn,Juan Alberto Alejandro Senn,466,9
110279171931974,Sebastián Guastavino,Sebastian Guastavino,465,3
341194479579871,Rafael Cavagna,Rafael Cavagna,461,2
316379785892393,Flor González,Florencia Natalia Gonzalez,459,1
218683311587619,Jorge Alberto Giorno,Jorge Alberto Giorno,453,2
104756595301563,Abraham Skierkier,Camilo Guillermo Rolón,452,1
314347728622878,Monica Peralta,Impulso para Mejorar,452,1
122083401231374,Los LLanos Online,Los LLanos Online,451,1
1970394976522659,Flavia Delmonte,Almacen Creativo,447,1
107712327621327,Nico Bari,Nicolas Sebastian Bari,439,1
622147001149782,ATE Provincia de Santa Fe,Asociación Trabajadores del Estado - Santa Fe,438,1
199078716794173,Nexofin,Nexofin,435,1
107940494045854,Municipalidad de Embarcación,Claudio Marcelo Rojas,434,2
111840548197413,Marcos Corach,Marcos Corach,425,1
1197375597028066,Alejandro Aradas,Alejandro Aradas,423,1
810080482399261,Striptease del Poder,Francisco Javier Llorens,420,1
673677419727300,Horacio Vermal,Ricardo Matias Mercado,419,1
657989904846248,Quique Balmaceda,Enrique Gregorio Balmaceda,418,1
1418780111682690,Marcos Cleri,Santiago Candal,418,1
111492845540608,Fondo de Cultura Económica Argentina,Fondo de Cultura Económica Argentina,417,1
177720598950247,La Ciudad Desnuda,Juan Esteban Scoufalos,417,2
163829927003495,Armando Pipi Traferri,Armando Pipi Traferri,411,1
423715397827826,Virginia Cornejo,María Fabiana Castillo,410,1
604214836312170,Gustavo Spalletti,Hugo Gustavo Spalletti,407,1
1018409418303450,Dra. Veronica Sikora,Veronica Sofia Sikora,406,1
105248585666200,Carlos Piedrabuena,Carlos Eduardo Piedrabuena,398,1
1144710688890787,Municipio de Tandil ADN,Municipio de Tandil ADN,397,1
108682515006438,Denuncias SALTA,Damian Eduardo Cruz,388,1
104377591978898,Compacto Córdoba,Compacto Córdoba,382,2
103439277924669,Mauricio Maroevich,Mauricio Rodrigo Maroevich,381,2
428179387610545,Agenda Malvinas,Agenda Malvinas,379,3
108735120874242,Andrés Melis,Andres Melis,375,1
103119501253023,Silke Arndt,Silke Arndt,370,1
669439323069874,Lauria propiedades,Pablo Lauria,370,7
2430987773892829,Fishel Fernando Szlajen,Fernando Gustavo Szlajen,364,2
747965795322803,Federico Masso,Federico Masso,364,1
2145251785736481,Fernando Rambaldi,Fernando Rambaldi,362,2
105012734676380,Carla A. Cervera,Carla Andrea Cervera,359,1
209171846096099,Fotógrafo de Galápagos,These ads ran without a disclaimer,357,1
775357269485593,La Libertad Avanza Capilla del Monte,Diego Leonardo Settimo,354,1
170392843321327,Leo Iturmendi,Noni Iturmendi,349,1
237311066674942,Centro de Salud Deporte Solidario,Proyecto Deporte Solidario,349,1
1187338514630380,El rincón de Cris,Elizabeth Belen Acevedo,346,1
223010517779253,Municipio de Villarino,Comunicación Villarino,338,2
432590050494586,Código Plural,Código Plural,338,1
100406702411838,Juntos por el Cambio - Toay,Juntos por el Cambio - Toay,334,2
109612858472866,FM Capital,Radio la capital,331,18
230031541239153,Federico Miranda,Federico Miranda,330,1
1656878081252465,David Mizrahi,David Fernando Mizrahi,329,1
109427865253803,Tigrixbot,Municipalidad de Tigre,329,2
131280335507,Secretaría de Cultura de la Municipalidad de Berazategui,Secretaría de Cultura y Educación,329,1
225251184289016,Gabriel Pozzuto,Gabriel Fabian Pozzuto,328,1
1439672939588656,Arto Kalciyan,Leonardo Gabriel Forgia,328,1
109498231812940,Carlos Rajoy,Carlos Alfredo  Rajoy,326,1
104889834755358,Pablo.Bresciani,Pablo Javier Bresciani,323,1
139485256213513,radiokermes.com 106.1,Juan Pablo Gavazza,319,11
206745532699914,Eduardo Aguilar,Eduardo Alberto Aguilar,317,1
101663272412375,Emprendedores y artesanos Pico Truncado,Hector Andres Dominguez,317,1
106769948735697,Sergio Capparelli,Sergio Daniel Capparelli,315,1
417568458996247,Dario Huesen,Dario Victor Huesen,314,1
177426579379200,Bautista Cestac Cufré,Juan Bautista Cestac Cufré,306,1
1452655481640639,Rodrigo Müller,Rodrigo Abelardo Muller,305,1
112673040177992,MMB,Maria  De Los Angeles Guevara,304,1
112343646991977,te_cuento_mi_viaje_,These ads ran without a disclaimer,302,1
681154782085870,Palabras Fueguinas,Comunicarg,302,2
1540756842902100,Municipio de Luján,Municipio de Luján,301,1
254715434700510,Gonzalo Atanasof,Gonzalo Raico Atanasof,300,5
1917902881865685,Adrian Reche,Adrian Reche,287,2
106424888809406,AB Consultora - Opinión Pública y Comunicación Politica,AB Consultora - Opinión Pública y Comunicación Politica,279,1
105447715646193,Verónica Geese,Veronica Geese,254,1
1535832286652986,Nicolás Piloni,Nicolás Piloni,252,2
508042719277404,Fabricio Bolatti,FABRICIO BOLATTI,251,1
419372375098772,PACO Achitte,Eduardo Alfredo Achitte,239,2
1380526148691608,Pedro A Wasiejko,Leandro Marcelo Moyano Ridderskamp,239,1
1546471862335425,Mónica Urquiza,M.Urquiza,234,2
1558497147749042,Diario Alternativo Córdoba,Diario Alternativo Córdoba,231,2
1514526765519305,Somos Rawson,Somos Rawson,219,1
168606106578096,Municipio Ciudad de Arroyito,Norte Creative SRL,218,1
113923401326706,El país ya,El país ya,209,1
583422291843351,Municipalidad General Acha,Agustin Cruz Berhau,208,3
178919202140944,Francisco Quintana,Francisco Quintana,206,1
102304752512962,Libres del Sur Ensenada,Movimiento Libres Del Sur,198,1
1576204632683863,Marcelo Lopez,Marcelo Lopez,198,1
101961091604984,ARGMedios,arg medios,191,3
428179387610545,Agenda Malvinas,Marco Federico Correa,180,1
198430371085435,Confiar,Miguel Alexis Gutierrez,165,1
141882839166950,Tres Lineas,Tres Lineas,165,2
331343914062847,Carlos Paz Despierta,Dany Ribetti,162,1
100272671672857,Carlos Cisneros,Carlos Cisneros,158,7
238546219688035,Felipe Alvarez,Fundación Innova La Rioja,158,1
161168404454194,Sensación Tierra del Fuego,ComunicaciónPop,153,1
112320104715079,Córdoba 247,Córdoba 247,153,1
1597978070226346,María Belén Tapia,Maria Belen Tapia,150,1
112769436861945,Legislador Paulo Ternavasio,Maria Montsserrat Abraham,149,1
100906542624841,Primero Rio Grande,Primero Río Grande,138,2
541328952579697,Noelia Ruiz,Noelia Ruiz,133,1
288936811232526,Nicolás Carvalho,Julieta Sacco,131,1
1413352092227070,Leo Vildoza,Leonardo Emilio Vildoza,110,1
591630090979869,Miguel Arancibia,Miguel Humberto Arancibia,103,1
1725527357461878,Gustavo Orozco,Cinthia Nahir Mohamed,101,2
420724655175395,Cristian Mayal,Cristian Mayal,≤100,1
781928915296113,Carlos Ale,Juan Carlos Ale,≤100,1
101436018708005,Realidad Catamarca,Realidad Catamarca,≤100,2
109728121530193,Lepore Norte,These ads ran without a disclaimer,≤100,1
106598582198526,everythingtradinges,These ads ran without a disclaimer,≤100,1
102354289057608,Por la salud de ellas,These ads ran without a disclaimer,≤100,2
142695092477589,Alex Campbell,Alexander Campbell,≤100,1
1452217588346468,José María Albizo Cazón,José María Albizo Cazón,≤100,1
100755969418563,javierjiguacel,These ads ran without a disclaimer,≤100,1
1381818465395862,En Pareja,These ads ran without a disclaimer,≤100,1
107919011974055,Hoy Sur,Hoy Sur,≤100,2
163984417021229,Diario Jornada,Diario Jornada,≤100,1
1469247346700561,Principios Diario,Principios Diario,≤100,1
1430925633898116,Primer Plano,Primer Plano Online,≤100,2
101877559476087,lleca.oficial,These ads ran without a disclaimer,≤100,1
274710259293363,Postales de San Isidro,Postales de San Isidro,≤100,1
103329222670155,"Los Juríes ""Salud, Amor y Libertad""",These ads ran without a disclaimer,≤100,1
110227198563072,Viajero Bonaerense - Proyecto 135,These ads ran without a disclaimer,≤100,1
109796377231366,Piscis Noticias,Flyn Multimedios,≤100,1
310943025606302,World Cancer Day,These ads ran without a disclaimer,≤100,2
1702138929926817,Mongabay Latam,These ads ran without a disclaimer,≤100,1
580785122055191,Pablo Cobos,Pablo Ezequiel Cobos,≤100,1
116234668016142,Salta Informa,Salta Informa,≤100,2
833530653383521,Gestión Sindical,Comunicacion Editorial Grafica Argentina,≤100,1
117769075088356,Francisco Torroba,Francisco Torroba,≤100,2
103597027708447,SuperPlanet Games,These ads ran without a disclaimer,≤100,2
55552980828,LaVoz.com.ar,La Voz del Interior,≤100,1
108567449190445,VOS,La Voz del Interior,≤100,1
106439208799632,Leandro Matilla,Leandro Matilla,≤100,1
103862352612261,leydenietos.es,These ads ran without a disclaimer,≤100,1
593149474205894,Topo Ramos,Topo Ramos,≤100,1
106022882033350,Puntopolitico,PuntoPolitico,≤100,1
114191719953779,Falun Dafa Latam,Colón es para Shen Yun,≤100,1
59772763998,Mauricio Ibarra,Eduardo Mauricio Ibarra,≤100,1
109452985104987,Officialjombo1,These ads ran without a disclaimer,≤100,1
110619710625408,Marisa Carrillo,Marisa Gladys Carrillo,≤100,1
101715608808670,Judgment Day: Angel of God,These ads ran without a disclaimer,≤100,2
211454462257570,International Hockey Federation (FIH),These ads ran without a disclaimer,≤100,1
1107005629310630,American English for Educators,These ads ran without a disclaimer,≤100,1
109484729082711,Climate Tracker,These ads ran without a disclaimer,≤100,1
1196196390526965,Facebook Surveys,These ads ran without a disclaimer,≤100,2
102089678252706,Rotary Club for Global Action,These ads ran without a disclaimer,≤100,1
1243388392422876,Oxfam en Centroamérica,These ads ran without a disclaimer,≤100,4
131602424169035,Oxfam en Español,These ads ran without a disclaimer,≤100,1
237748346388433,Laura Glez,These ads ran without a disclaimer,≤100,1
104500251454347,projetomam2020,These ads ran without a disclaimer,≤100,1
224597158386607,Rosa Luxemburg Foundation,These ads ran without a disclaimer,≤100,1
347265340270,Architecture Competitions,These ads ran without a disclaimer,≤100,1
1598860693706208,Melilian Asesores Migratorios,These ads ran without a disclaimer,≤100,1
316496640057,7iber,These ads ran without a disclaimer,≤100,1
31292782350,Deutschland.de,These ads ran without a disclaimer,≤100,1