﻿Page ID,Page name,Disclaimer,Amount spent (EGP)
102883459081121,Mohamed Taher - محمد طاهر,Mohamed Taher - محمد طاهر,≤100
308088503057656,النائب محمود عصام,النائب محمود عصام,≤100
108210648333964,محمود طاهر -Mahmoud Taher,محمود طاهر -Mahmoud Taher,≤100
2102862883129084,حجازى للاستشارات القانونية,حجازى للاستشارات القانونية,≤100
106719921012688,Ahmed Bahaa Shalaby-أحمد بهاء شلبي,Integrated Marketing Communications For Media.IMC,≤100