﻿Page ID,Page name,Disclaimer,Amount spent (USD)
104557275823271,Islamic Coin,These ads ran without a disclaimer,≤100
270082823183144,Canton Fair,These ads ran without a disclaimer,≤100
146079765678,قناة اقرأ الفضائية,These ads ran without a disclaimer,≤100
2092924957605425,Solis,These ads ran without a disclaimer,≤100
995765983772115,Dzair Tube,Dzair Tube,≤100
107944608042253,الصفحة الرسمية للنائب الدكتور بوجلطية ناصر,الصفحة الرسمية للنائب الدكتور بوجلطية ناصر,≤100