﻿Page ID,Page name,Disclaimer,Amount spent (MXN)
105624182802445,NMás,Martha Lucia Simone Ramirez,≤100
56713285274,Greenpeace México,Greenpeace México,≤100
129116715379616,La Lotería Del Pueblo,Hugo Junco Olvera,≤100
123842270960929,Walmart de México y Centroamérica,Nueva Walmart de México SRL de CV,≤100
493453457351145,Coparmex Nacional,Coparmex Nacional,≤100
695113350546657,Promoción Ciudad de México,SOME MARKETING,≤100
102128049027869,afrocaracolas,These ads ran without a disclaimer,≤100
105848177845789,All Out en español,All Out,≤100
322632628342690,Secretaría de Turismo del Estado de Querétaro,SOME MARKETING,≤100
52061777022,Querétaro.Travel,SOME MARKETING,≤100
105624182802445,NMás,Monserrat García Romero,≤100
139551722754346,Asomarte,SOME CONTENT MARKETING,≤100
224725504745481,Sí en Querétaro,SOME CONTENT MARKETING,≤100
147751821930575,Salud Digital Fundación Carlos Slim,Fundación Carlos Slim,≤100
751269661657206,Bayer Crop Science México,Bayer de México S.A de C.V,≤100
450197489139926,Jalisco Noticias,Sistema Jalisciense de Radio y Televisión,≤100
100580816697506,Querétaro Centro de Congresos QCC y Querétaro Teatro Metropolitano QTM,SOME CONTENT MARKETING,≤100
1452189031676518,Hyundai México,HYUNDAI MEXICO,≤100
156562731088277,"Equidad de Género, Ciudadanía, Trabajo y Familia","Equidad de Género, Ciudadanía, Trabajo y Familia",≤100
182252948625872,Los Rescatadores,"Refleacciona con Responsabilidad, A.C.",≤100
254852601222832,CEMEX México,CEMEX México,≤100
107738917712607,ALA,Alexa Trujillo,≤100
114024430364416,YoXmx,Yoxmex,≤100
309520537353,Fondo Semillas,Fondo Semillas,≤100
170761873343298,Tecutli Gómez,Tecutli Gomez,≤100
108312680848636,Juan Baljarg,Juan Antonio Lopez Baljarg,≤100
1415691342026378,Fundación Carlos Slim,Fundación Carlos Slim,≤100
265938437673601,Yo Soy Mi Planeta,Yoxmex,≤100
48966795116,Amnistía Internacional México,Amnistía Internacional México,≤100
107539391652958,Estrella Rojas,Estrella Rojas,≤100
196705420663884,Código Magenta,Código Magenta,≤100
104805888231365,Mexicano,"Editorial Kino, S.A. de C.V.",≤100
109634395756375,Save the Children México,Save the Children México,≤100
100215376197287,Guerreros del voto,Guerreros del Voto,≤100
320349101760473,Inboplast A.C.,Inboplast A.C.,≤100
101295992671758,Libertarismo México,México Libertario,≤100
247091415478957,Lorena de la Garza Venecia,Lorena de la Garza Venecia,≤100
159970704486664,Focos Mx,"Equidad de Género, Ciudadanía, Trabajo y Familia",≤100
245495562137150,Mitofsky,Roy Campos,≤100
164856266971710,Es lo Cotidiano,Es lo Cotidiano,≤100
109575971718478,Hitzel Bernal,Hitzel Bernal,≤100
235606900176440,Macronews,Macronews,≤100
174229585991829,Periódico Libre en el Sur,Francisco Ortiz Pinchetti,≤100
182127647235802,Con Morena Sí,Con Morena Si,≤100
390528021812774,Jorge Luis Llaven Abarca,Jorge Llaven,≤100
100431071908734,La-Lista,DCS MEDIA & COMMUNICATIONS,≤100
414759801952148,Ulises Mejia Haro,Ulises Mejia Haro,≤100
370512397061204,Paloma Teran V,Paloma Maria Teran Villalobos,≤100
116437828394342,Phiten Mexico,Phiten Mexico,≤100
102288948500119,Alvaro Ramirez Noguera,Alvaro Ramírez,≤100
100557755099985,Convocatorias 2023,Convocatorias 2023,≤100
100332908733199,Fundación Traxión,Fundación Traxión,≤100
923633637651202,Morena Sí,Morena Sí,≤100
101461686043880,Centro Certificador de Estudios Especializados.,Abel Ivan Aragon Maldonado,≤100
138350596230547,GIRE - Grupo de Información en Reproducción Elegida,Menu Agency,≤100
167878593236712,UNICEF en español,UNICEF con créditos publicitarios de Facebook,≤100
68793499001,UNICEF,UNICEF with Facebook Ad Credits,≤100
339718516152582,Jesús Arteaga,Jesus Emmanuel Arteaga Cadena,≤100