﻿Page ID,Page name,Disclaimer,Amount spent (MXN)
292073374782474,Gobierno de Tlalnepantla de Baz,Municipio de Tlalnepantla,13929
100557755099985,Convocatorias 2023,Convocatorias 2023,1971
103451872329701,Salvemos Miles de Vidas México,Juan Antonio Loredo Velasco,1803
112882117843391,Morena Estado de México,morenaedomex.si,1659
1613868898897076,Waldo Fernández González,Waldo Fernández González,1545
110841274807666,Instituto Municipal de la Juventud,Municipio de Tlalnepantla,1542
103436538894727,Dirección Jurídica Tlalnepantla,Municipio de Tlalnepantla,1030
110046841554967,Dirección de Desarrollo Urbano Tlalnepantla,Municipio de Tlalnepantla,1021
493453457351145,Coparmex Nacional,Coparmex Nacional,932
109634395756375,Save the Children México,Save the Children México,861
261548570655865,Juan Angel Flores Bustamante,Juan Ángel Flores Bustamante,833
208889643060921,Krishna Romero,Romero Krishna,778
56713285274,Greenpeace México,Greenpeace México,767
129116715379616,La Lotería Del Pueblo,Hugo Junco Olvera,650
122404620204,Oxfam México,OXFAM MEXICO AC,629
186073704903313,México elige,México Elige,542
110902534801030,Dirección de Movilidad Tlalnepantla,Municipio de Tlalnepantla,536
108488778457755,Gestoría Social Para El Bienestar 2,Luis Felipe Benitez Gomez,534
106151448516201,Líder Observador,Líder Observador,531
167878593236712,UNICEF en español,UNICEF con créditos publicitarios de Facebook,504
111554837647079,El Mundo Virtual,El Mundo Virtual,488
923633637651202,Morena Sí,Morena Sí,487
101090286010719,Gestoría Social Para el Bienestar Baja California Sur,Luis Felipe Benitez Gomez,475
123842270960929,Walmart de México y Centroamérica,Nueva Walmart de México SRL de CV,435
377671629054421,Polemon,Polemon,386
100950931706263,Poder Digital,Poder Digital México,384
309520537353,Fondo Semillas,Fondo Semillas,382
236254476579304,Enrique Vargas Del V.,Enrique Vargas Del V.,369
105153944962600,El Plural de México,El Plural de México,357
100320426220425,Colima con C de Claudia,Colima con C de Claudia S.A DE C.V,339
101435299357501,Con Adán Sí,Con Adan Si,330
695113350546657,Promoción Ciudad de México,SOME MARKETING,319
237316300021978,Erandi Bermúdez,Erandi Bermúdez,316
216236995629947,Viridiana Fuentes,Viridiana Fuentes Cruz,299
557899054567326,El Globo Noticias,Globo Noticias,281
109234410751644,Hola-Atizapan 0ficial,HOLA ATIZAPAN,251
103188645496211,Progresando En Mexico,Yo Trabajo Bien,234
1452189031676518,Hyundai México,HYUNDAI MEXICO,225
107656576071553,Central Municipal,Central Municipal,213
106865972279596,Por amor a México,Por Amor A Mexico,213
958104594263358,Alcaldía Cuajimalpa de Morelos,Alcaldía Cuajimalpa de Morelos,213
112507801521278,VEMO,VEMO,209
589484077738887,Jorge Álvarez Máynez,Estudio Bocadillo,201
101171882824621,Ayudando con decisión,Oscar Calderon Pastrana,200
727958977345076,A lo tabasqueño,A Lo Tabasqueño,196
109228437096500,Gabriel García Hernández,Gabriel García Hernandez,195
254852601222832,CEMEX México,CEMEX México,190
103451872329701,Salvemos Miles de Vidas México,Salvemos Miles de Vidas México,189
1447605802172501,Karla Fiesco García,Karla Fiesco García,177
469246976533189,Santiago Creel,SantiagoCreelM,174
751269661657206,Bayer Crop Science México,Bayer de México S.A de C.V,166
133478060111915,CEMEX Impacto Social,CEMEX Negocio Responsable,160
387796290649,GNP Seguros,GNP Seguros,155
1812297282329742,Jorge Triana,Jorge Triana Tena,155
68793499001,UNICEF,UNICEF with Facebook Ad Credits,155
182127647235802,Con Morena Sí,Con Morena Si,151
239726076054918,Partido del Trabajo México,Partido del Trabajo México,148
105624182802445,NMás,Martha Lucia Simone Ramirez,138
100215376197287,Guerreros del voto,Guerreros del Voto,135
1540267016299241,Gobierno de Atizapán de Zaragoza,Gobierno de Atizapán de Zaragoza,134
458859544909547,DICES,DICES,131
147751821930575,Salud Digital Fundación Carlos Slim,Fundación Carlos Slim,131
104544534936318,Educación a distancia,Educación a distancia,129
306607686481833,Miguel Angel Gamboa,Humberto Castillo,128
1052054228168651,Daniel Montiel Luna,Daniel Montiel Luna,117
182252948625872,Los Rescatadores,"Refleacciona con Responsabilidad, A.C.",112
215836968456734,Alfonso Martínez Alcázar,Alfonso Martínez,108
233652128065243,Goberna México,Goberna,107
251441461671918,Igualdad Animal México,Respeto e Igualdad Animal A.C.,≤100
156562731088277,"Equidad de Género, Ciudadanía, Trabajo y Familia","Equidad de Género, Ciudadanía, Trabajo y Familia",≤100
101504319469656,Grupo del Valle Garbal,Grupo del Valle Garbal,≤100
479751765559726,Manuel Hernández Badillo,Manuel Hernández Badillo,≤100
190635461685441,Karina Alvarado,Erika Karina Alvarado Alcántar,≤100
101461686043880,Centro Certificador de Estudios Especializados.,Abel Ivan Aragon Maldonado,≤100
100378571663638,Jezabel Delgado,Lourdes Jezabel Delgado Flores,≤100
106265108914436,Jacarandas de mis Amores,"otromexico, sc",≤100
189131335143204,"Soy Mexicano, Soy Derecho",Soy Mexicano Soy Derecho,≤100
196705420663884,Código Magenta,Código Magenta,≤100
648426535772747,24/7,24-7 NoticiasMx,≤100
102288948500119,Alvaro Ramirez Noguera,Alvaro Ramírez,≤100
52061777022,Querétaro.Travel,SOME MARKETING,≤100
257333027729841,Julieta Ramírez,Julieta Ramirez,≤100
633007690102039,Gustavo de Hoyos Walther,Gustavo de Hoyos Walther,≤100
102128049027869,afrocaracolas,These ads ran without a disclaimer,≤100
177319665650476,ClikiSalud - Fundación Carlos Slim,Fundación Carlos Slim,≤100
277380886249639,ExxonMobil México,"ExxonMobil México, S. A. de C. V.",≤100
159970704486664,Focos Mx,"Equidad de Género, Ciudadanía, Trabajo y Familia",≤100
107425517747228,Porte Elegante,These ads ran without a disclaimer,≤100
139551722754346,Asomarte,SOME CONTENT MARKETING,≤100
640987292668055,Daniel Sibaja,Daniel Sibaja,≤100
102167268647910,Martha Azucena Camacho Reynoso,Social Planning,≤100
168829076613304,TvMex,TvMex,≤100
104680124489636,Demoscopia Digital,Demoscopia Digital,≤100
281188282215551,José Medina Mora Icaza,José Medina Mora Icaza,≤100
105624182802445,NMás,Monserrat García Romero,≤100
322632628342690,Secretaría de Turismo del Estado de Querétaro,SOME MARKETING,≤100
105533795460071,Norte Monrealista,Norte Monrealista,≤100
224725504745481,Sí en Querétaro,SOME CONTENT MARKETING,≤100
114024430364416,YoXmx,Yoxmex,≤100
107727682047392,XunMexicodeverdad,X UN MÉXICO DE VERDAD,≤100
107539391652958,Estrella Rojas,Estrella Rojas,≤100
844135105741974,Satelite Travel Services,SATELITE TRAVEL,≤100
2059420467624770,El Tecolote Diario,El Tecolote Diario,≤100
926952400656659,Román Cortés,Román Cortés,≤100
103924218500629,𝗜𝗡𝗦𝗧𝗜𝗧𝗨𝗧𝗢 𝗜𝗡𝗘𝗟𝗜,INSTITUTO INELI,≤100
548888578474160,Juan Zepeda,Paola Violeta Rodríguez Benítez,≤100
1024212257622837,Paola Jiménez Hernández,LIPCO,≤100
124631600949535,Yo Influyo,Yoxmex,≤100
112430254900123,Tendencia MX,Estudio Bocadillo,≤100
100431071908734,La-Lista,DCS MEDIA & COMMUNICATIONS,≤100
803041666459797,Enrique de la Madrid,Enrique de la Madrid,≤100
48966795116,Amnistía Internacional México,Amnistía Internacional México,≤100
116437828394342,Phiten Mexico,Phiten Mexico,≤100
915220875259528,Telokwento,TELOKWENTO,≤100
107509487815279,Dedogmasyrenuncias,DE DOGMAS Y RENUNCIAS,≤100
1415691342026378,Fundación Carlos Slim,Fundación Carlos Slim,≤100
104641228499939,Tsikini. Brote Pro Justicia y Dignidad.,Tsikini,≤100
105848177845789,All Out en español,All Out,≤100
116175691755266,Silvano Aureoles Conejo,Silvano Aureoles Conejo,≤100
101128435630238,Química y Formulación,Química y Formulación,≤100
105639724529464,Metropolitano Noticias,Grupo Metropolitano Noticias,≤100
320349101760473,Inboplast A.C.,Inboplast A.C.,≤100
102801038911607,Soy AM,Ivan Carrillo Olvera,≤100
103265252097522,Olimpia Tamara Girón,Olimpia Tamara Girón Hernandez,≤100
104805888231365,Mexicano,"Editorial Kino, S.A. de C.V.",≤100
495055010599404,Alberto Granados,Jose Alberto Granados Favila,≤100
107738917712607,ALA,Alexa Trujillo,≤100
390528021812774,Jorge Luis Llaven Abarca,Jorge Llaven,≤100
245495562137150,Mitofsky,Roy Campos,≤100
104059462440040,One Minute Hacks Magazine,These ads ran without a disclaimer,≤100
105462911936981,Laura Esquivel,HUMAN TARGET,≤100
354326078079338,Campaigns and Elections Mexico,Mario Alberto Rivera Lagarreta,≤100
605875296741567,Movimiento Ciudadano Campeche Estatal,Azul Consultores,≤100
100580816697506,Querétaro Centro de Congresos QCC y Querétaro Teatro Metropolitano QTM,SOME CONTENT MARKETING,≤100
108950188713101,Memes Derechos Laborales,SUB Inteligencia de marca S de RL de CV,≤100
112790631397994,MC Atlacomulli,Antonio Lopez Benitez,≤100
105406191993014,El Noti de la 4T,Espacio Político,≤100
235606900176440,Macronews,Macronews,≤100
1139132652869740,Emilio Alvarez Icaza Longoria,Emilio Álvarez Icaza,≤100
409800789114458,Antonio Pelón Cervera,Macronews,≤100
331303163575225,Red Familia,Red Familia,≤100
108341180995447,4T México,Diana Melissa Leyva Rochin,≤100
1220823957937555,Frente Nacional x la Familia,Frente Nacional x la Familia,≤100
536886746673043,Jóvenes MX,Yoxmex,≤100
101740711752535,RUBRUM,Multipoll S.A. de C.V.,≤100
681291175575804,Visible,Lievant Studio,≤100
109796011267751,Tlalnepantla Morena,Tlalnepantla Morena,≤100
1296689523797796,María Luisa Mendoza,María Luisa Mendoza,≤100
450197489139926,Jalisco Noticias,Sistema Jalisciense de Radio y Televisión,≤100
149356031821584,Arena Pública,Arena Pública,≤100
953657811446042,Conciencia Nacional por la Libertad Religiosa,Fundación en Promoción de la Familia y la Libertad AC,≤100
236510279713136,SéUno Noticias,SéUno Noticias,≤100
213054628856737,Movimiento Ciudadano Ciudad de México,Movimiento Ciudadano,≤100
96637444189,Embajada Estados Unidos en México,Embajada de Estados Unidos en México,≤100
339718516152582,Jesús Arteaga,Jesus Emmanuel Arteaga Cadena,≤100
106593198814000,Voces de la Transformación,Hector Daniel Sanchez Moreno,≤100
716369808396889,Francisco Martínez Neri,Francisco Martínez Neri,≤100
101204342089098,Diana Karina Barreras,Diana Karina Barreras,≤100
1900720236889785,Senador Casimiro Méndez Ortiz,Casimiro Méndez Ortiz,≤100
358081608046386,Jorge de la Garza,Jorge de la Garza,≤100
196493763808241,CEEY,CENTRO DE ESTUDIOS ESPINOSA YGLESIAS,≤100
122154061801959,Colectivo Mujeres Cabeza de Familia,Movimiento YoXMéxico,≤100
247091415478957,Lorena de la Garza Venecia,Lorena de la Garza Venecia,≤100
108672891272896,Al Día con México,Al Día con México,≤100
627468831243713,Prensa La Nación,La Nación,≤100
1857761427782780,IAS Automation,INNOVATIVE AUTOMATION SOLUTIONS,≤100
1362899813848288,Cobertura 360 MX,Cobertura 360 MX,≤100
451216681705111,José Luis Polo Palafox,Jose Luis Polo Palafox,≤100
265938437673601,Yo Soy Mi Planeta,Yoxmex,≤100
140795939947196,Selina Trujillo,Selina Trujillo Arizmendi,≤100
167853737205938,Arturo Hernández Tapia Diputado Federal,Arturo Roberto Hernández Tapia,≤100
268579708326323,Georgina Solorio García,Georgina Solorio García,≤100
215474162361086,Agenda Viral,Agenda Viral,≤100
114175028689083,Juan José Jiménez Yáñez,Juan José Jiménez Yáñez,≤100
106521845216893,Preparatoria en línea México SEP,UNIDEV Universidad SC,≤100
100722181941711,Diego Calderón M,Diego Calderon Martinez,≤100
104194908706490,Preparatoria México SEP en línea,UNIDEV Universidad SC,≤100
92465443899,Reporte Índigo,Capital Media,≤100
101740696051085,Jóvenes Con López,Jazmín Adriana Yáñez Centeno,≤100
109575971718478,Hitzel Bernal,Hitzel Bernal,≤100
148709191834718,Alcaldes de México,Alcaldes de México,≤100
164119290359519,Marcelo Torres Cofiño,Marcelo Torres Cofiño,≤100
171089086312900,Raul Lozano,Raul Lozano Caballero,≤100
101202725148632,Armando Zuñiga Salinas,GRUPO IPS,≤100
102165251230435,Mi Veracruz,Armando Adan Morales Mares,≤100
2117182215203941,Miguel Reynaga,Miguel Reynaga,≤100
502725876775008,Scientia,Augusto Martín Cedillo López,≤100
502637543566687,Cancun Herald,Roberto Hernández Luna,≤100
592495347619799,Mi familia es primero,Yoxmex,≤100
170761873343298,Tecutli Gómez,Tecutli Gomez,≤100
1438179653137260,Centro Carbonell,Centro de Estudios Jurídicos Carbonell,≤100
543589789374296,Memo Toscano,Guillermo Toscano Reyes,≤100
2330030160374237,Balance 24,Balance 24,≤100
180425288675416,Manuel Rodríguez González,Manuel Rodríguez González,≤100
209756585798494,La Jornada Zacatecas,La Jornada Zacatecas,≤100
864842056941867,Pepe Toño Zapata Meraz,Pepe Zapata Meraz,≤100
185702296375261,Mexicómo,MEXICOMO,≤100
800053706697232,Lupita Saldaña,Lupita Saldaña,≤100
2277249845928369,Harto Parlante,MEDIA VIAL,≤100
801673763367076,Carlos Cesar Jasso Rodríguez,Carlos Cesar Jasso Rodriguez,≤100
1522195418029530,Político MX,Político MX,≤100
106763384981876,La Prensa Mx,Maria Elena Reyes Garcia,≤100
105925314120759,Mario Bracamonte,Julián Reynoso Mazoy,≤100
105922448818613,Mario Peraza,Mario Xavier Peraza Ramírez,≤100
107699114281500,Amir Dmorena,Jgreg Morales,≤100
100332908733199,Fundación Traxión,Fundación Traxión,≤100
103613524959626,Fer Rocha,Fernando Rocha Rosario,≤100
760338230775180,San Luis Ya Es Verde,San Luis Ya Es Verde,≤100
1468723019887327,ddeser,ddeser,≤100
111807781533688,El Habanero News,Lizbeth Morales Morales,≤100
519051388241845,Fundación FEMSA,Fundación FEMSA,≤100
1514466245542140,América Rangel,AMERICA RANGEL,≤100
663176313825884,Gobierno Municipal de Apaxco,Gobierno Municipal de Apaxco,≤100
1695167424058348,Teresa Castell,Maria Teresa Castell De Oro,≤100
118205142918183,Cátedra Francisco I. Madero,Cátedra Francisco I Madero,≤100
288380955652,Eduardo Rivera Pérez,Erp Rivera,≤100
103533465483263,Centro de Estudios y Capacitación Integral en Nutrición,Alfredo Esquivel Villeda,≤100
333932057250036,Alejandro Rojas Díaz Durán,ARDD,≤100
437616359600178,Fernando Garza Martinez,Alfonso Adrian Garcia Sevilla,≤100
2032561100152700,Marisol Mercado,Edith Marisol Mercado Torres,≤100
1424057367811413,Ipas México,Jennifer Gonzalez Campos,≤100
108298965311241,Preparatoria en línea SEP,UNIDEV Universidad SC,≤100
104621811930420,Ricardo I. Cázares,Ricardo Ibarra Cázares,≤100
174229585991829,Periódico Libre en el Sur,Francisco Ortiz Pinchetti,≤100
101701991930418,UNIDEV,UNIDEV,≤100
944823365909303,Medio Serio,Nuria Valenzuela Márquez,≤100
1776223812696913,Daniel Altamirano,Daniel Altamirano,≤100
886306708180781,Irma Juan Carlos,Irma Juan Carlos,≤100
110239881352852,Preparatoria en casa unidev,UNIDEV Universidad SC,≤100
101295992671758,Libertarismo México,México Libertario,≤100
113554082085514,Omar Holguín Franco,Omar Holguin Franco,≤100
109610531312367,Preparatoria Desde Casa SEP,UNIDEV Universidad SC,≤100
322210114635895,Update México,Update México,≤100
138350596230547,GIRE - Grupo de Información en Reproducción Elegida,Menu Agency,≤100
1329071977102915,Pacto Mundial México,"Red del Pacto Mundial de y en México, A. C.",≤100
111982838049960,COSUM Hidalgo,Sindicatos Unidos de México,≤100
103710145621987,Lizbeth Ogazón Nava,Raymundo Mendoza Arredondo,≤100
509821702820171,24 Horas Quintana Roo,24 Horas Quintana Roo,≤100
924215500923867,Lucy Meza,Lucy Meza,≤100
110659484594616,Preparatoria en línea SEP,Luis Javier Hernandez Rodriguez,≤100
473280473089704,Aurelia Leal López,Juan Francisco Cazarez Buelna,≤100
1176628419094356,Navor Rojas,Cynthia Aylin Lopez Suárez,≤100
109016488687744,Información Digital Política,Información Digital Política,≤100
106322671165769,Nación Morena,MX Noticias,≤100
2068442100105071,Fernando Moreno Peña,Adrian Romero,≤100
110522125009709,Yommira Carrillo Barreto,Yommira Jockimber Carrillo Barreto,≤100
543830382749706,Compromiso Social Mx,Compromiso Social Mx,≤100
339463469972939,Muévete Querétaro,Benjamin Delgado,≤100
219168613441556,Abogados México,Jose Miguel Ramirez Valenzuela,≤100
104402255089316,Vigilante,Dreams Engine S.A de C.V.,≤100
112119070458251,Chucho Herrera B.,Gabriela Esquivel Vargas,≤100
263322224391549,Sandra Martos,Juan Carlos Perez,≤100
421877377878288,Municipio de Querétaro,Municipio de Querétaro,≤100
1327748667304965,Carlos Peña Ortiz,Carlos Peña Ortiz,≤100
1687317911566724,Pablo Badillo Sánchez,Pablo Badillo Sánchez,≤100
194885537530704,"Sindicato Minero ""Los Mineros""","Sindicato Minero ""Los Mineros""",≤100
625822217504525,Francisco Javier Garza de Coss,Francisco Javier Garza de Coss,≤100
790122277825560,Sentido Común,Sentido Común Medios,≤100
1030764330310037,La Transformación,La Transformación,≤100
106005605644145,Frontera Morena,Frontera Morena S.a de C.v,≤100
186996945520642,Cultura Verde,Cultura Verde Amor por el Planeta A.C.,≤100
1453035258301900,Carol Antonio Altamirano,Carol Antonio Altamirano,≤100
414759801952148,Ulises Mejia Haro,Ulises Mejia Haro,≤100
640044982685950,PRD Michoacán,PARTIDO DE LA REVOLUCIÓN DEMOCRÁTICA,≤100
384136444988869,Alcaldía Miguel Hidalgo,Alcaldía Miguel Hidalgo,≤100
370512397061204,Paloma Teran V,Paloma Maria Teran Villalobos,≤100
858032527584472,Hiram Rodriguez L,Hiram Rodriguez L,≤100
105613505562379,Gestoría Social Para El Bienestar Michoacán,Luis Felipe Benitez Gomez,≤100
164856266971710,Es lo Cotidiano,Es lo Cotidiano,≤100
107562220902795,Altavoz Turismo,Marco Guzmán,≤100
1614410865470755,Columnas de México,Columnas de México,≤100
106520688486571,Ulises Pinzón,Joel Ulises Pinzon Vazquez,≤100
176047519101203,Códice Informativo,Códice Informativo,≤100
106178698930897,Preparatoria SEP en línea,Unidev Universidad SC,≤100
2004573189584629,Sinactraho México,Sindicato Nacional de Trabajadores y Trabajadoras del Hogar en México,≤100
105409565326997,El Transformador MX,Julián Reynoso Mazoy,≤100
407211343215036,La Cadera de Eva,These ads ran without a disclaimer,≤100
102255904996475,Geovanna Campos Vazquez,Julián Reynoso Mazoy,≤100
112039950452398,Abel Meza,Abel Palomera Meza,≤100
106958254354281,Red de Círculos de Estudio Fuego Nuevo Iztapalapa,Erick Córdova,≤100
432923167438353,Jorge Hernández Aguilera,Julián Reynoso Mazoy,≤100
1856514037937535,SuperMesa,Ramon Jorge Guardado Pérez,≤100
160752503961,EMEEQUIS,EMEEQUIS,≤100
979768502162452,Itzel Balderas,Itzel Balderas,≤100
107006157772894,Luisa López,Sergio Ernesto Hernández Moreno,≤100
1734083513565249,Hablemos Claro Noticias con Gastón Montaño,Gaston Wenceslao Montaño Alvarez,≤100
111356791665420,El Radar,Hector Daniel Sanchez Moreno,≤100
102254572233058,Ayuntamiento de Rioverde 2021 - 2024,Ayuntamiento de Rioverde 2021-2024,≤100
108312680848636,Juan Baljarg,Juan Antonio Lopez Baljarg,≤100
108507028258754,Ruth Ma. García Gtz.,These ads ran without a disclaimer,≤100
135962546480912,CIDES Centro de Investigación para el Desarrollo Sustentable,These ads ran without a disclaimer,≤100
126951727515062,Ola Noticias,Ola Noticias,≤100
176993162348636,"El Colegio de Jalisco, A. C.",El Colegio de Jalisco,≤100
1587273468223028,Misaj Becerra,Misaj Gonzalez Becerra,≤100
1871963173033717,Othon Hernández Candanedo,Othon Hernandez Candanedo,≤100
143133599697081,Mario Chispan Sanchez,Mario Chispan Sánchez,≤100
111747610668938,Nota Online.,Nota Online.,≤100
226699804054458,Juan Carlos Barragán Vélez,Juan Carlos Barragan Velez,≤100
146854998658908,Metropolitano Aguascalientes,Metropolitano Aguascalientes,≤100
101798928719130,Noé Castillo Olvera,Jose Arturo Zamorano Morales,≤100
2044319415808059,Gaby Montoya,Edwin Felipe Yepiz Quintero,≤100
2098960567045890,Adrian Mx Coacalco,Adrian Mejia Reyes,≤100
203204102812,Fundación Friedrich Naumann para la Libertad México,Alexandra Patricia Arevalo Muñoz,≤100
121810864676914,Periódico Enfoque,Enfoque EiM Noticias,≤100
106419172066942,La Nación MX,Nación MX,≤100
100605682421369,Inmediprest Yucatán,These ads ran without a disclaimer,≤100
1441496505905381,Gobierno del Estado de Nayarit,Gobierno del Estado de Nayarit,≤100
112050088415555,Miguel Morales N.,Miguel Morales Norberto,≤100
624561728187715,Carmen Rodríguez,NDS NOTICIAS,≤100
105702148235206,Pepe Braña,Jose Braña Mojica,≤100
107444485363790,Partido Nueva Alianza Puebla,Nueva Alianza Puebla,≤100
1629634957274549,Osval Orduña Saide,These ads ran without a disclaimer,≤100
190085328448680,Colectivo Informativo,Tresa Publicidad,≤100
122154061801959,Colectivo Mujeres Cabeza de Familia,Yoxmex,≤100
449926035107790,AP Mascarillas,Ap Mascarillas S.A. DE C.V.,≤100
190394041002546,Nuevo Gráfico,Nuevo Gráfico,≤100
651415091544662,Cancún Channel,David Jonathan Estrada Castillo,≤100
107924793226971,Última trinchera,Roberto Enrique Galindo Dominguez,≤100
822905401108747,PoderMX,PoderMX,≤100
143206302503625,Guanajuato Político,Guanajuato Político,≤100
136240676894192,Roberto Sosa Pichardo,Roberto Sosa Pichardo,≤100
348895839272298,Brandon Steve Jimenez,Brandon Esteban Jimenez,≤100
642184602596077,Alejandro Villegas Pérez,Josue Roman Vargas Garcia,≤100
292496132255,Antonio Tello - NTV,Antonio Tello Ntv,≤100
100692962039831,David Echartea Rodriguez,David Echartea,≤100
140110469912857,Hola Guerrero,Hola Media Content,≤100
104272608232696,Roberto Rodríguez Préstamos a Pensionados y Jubilados,Roberto Rodriguez Rojas,≤100
104046975827105,elbrayanlarashow,These ads ran without a disclaimer,≤100
108921278034512,Garmo Click,These ads ran without a disclaimer,≤100
424799597729218,DIF Tequisquiapan,Redboxmex,≤100
111164391554173,Miguel Lara,Marco Dimas,≤100
383813548439460,PerióMetro,Andrés Vera Díaz,≤100
107494537500293,Informativo Viral,Tresa Publicidad,≤100
400826360641681,Global Noticias,Tresa Publicidad,≤100
101555818455943,"Rafael ""Rafa"" Ramírez",Jose Rafael Ramírez Morales,≤100
365062723639932,The Humane League Latinoamérica,THE HUMANE LEAGUE MEXICO A.C.,≤100
283653271758441,24 Morelos,24 CDMX,≤100
104198335842437,Preparatoria SEP Virtual,UNIDEV Universidad SC,≤100
458070297649993,El Pípila.mx,El Pípila.mx,≤100
643513979193133,Unidos por Beatriz,Neuma,≤100
101938768900219,Nea,"Grit Payment Solutions, S.A.P.I. de C.V.",≤100
110107561400496,Gina Arana Regidora,Georgina Erendira Arana Cruz,≤100
279469625434543,Paco Cienfuegos,Paco Cienfuegos,≤100
904619292907245,Periódico Enfoque Aguascalientes,Enfoque EiM Noticias Ags,≤100
107190124154668,Rashel Cohen Lan,These ads ran without a disclaimer,≤100
108625789179165,Soi Dog Foundation,These ads ran without a disclaimer,≤100
103763599243675,Aiko,These ads ran without a disclaimer,≤100
166178460072395,اليونيسف بالعربية - UNICEF in Arabic,اليونيسف باستخدام اعتمادات الإعلان على الفيسبوك,≤100
100895318189085,wassupgio,These ads ran without a disclaimer,≤100
158714780827513,UNFPA,UNFPA,≤100
124252504303223,UNICEF (FR),UNICEF avec des crédits publicitaires Facebook,≤100
385385178182941,SIGNUS Ecovalor,These ads ran without a disclaimer,≤100