﻿Page ID,Page name,Disclaimer,Amount spent (MXN)
589484077738887,Jorge Álvarez Máynez,Estudio Bocadillo,7140
104680124489636,Demoscopia Digital,Demoscopia Digital,4634
106188791314493,Diario Alebrije,Diario Alebrije,3507
101683735119994,El Reportero,El Reportero,3449
105459508439018,Informativo Mx,Informativo Mex,3232
2011285802526787,El Soberano,El Soberano,3217
878034448921586,Hoy CDMX,Hoy CDMX,2774
100962115764216,Contacto Noticioso,Contacto Noticioso1,2708
100557755099985,Convocatorias 2023,Convocatorias 2023,1938
102068568784360,La Noticia Media,La Noticia Media,1869
56713285274,Greenpeace México,Greenpeace México,1832
109634395756375,Save the Children México,Save the Children México,1592
100161226251964,El Centro Informativo,El Centro Informativo,1553
63044235866,UN Climate Change,UN Climate Change with Facebook Ad Credits,1544
122404620204,Oxfam México,OXFAM MEXICO AC,1462
438035766216106,Adrian Juarez Jimenez,Diana Cruz,1435
102863700463398,Pepe Couttolenc,Partido Verde EDOMEX,984
314886345672157,Diego Garrido,Diego Orlando Garrido Lopez,928
118921468203786,Movimiento Ciudadano,Movimiento Ciudadano,921
377671629054421,Polemon,Polemon,906
237286396650510,Enkoll Inteligencia de Mercados,Enkoll,904
129116715379616,La Lotería Del Pueblo,Hugo Junco Olvera,894
110211745174793,Opinion Pública,Opinion Publica,878
187575292021954,El Rincón Político,El Rincón Político,831
103451872329701,Salvemos Miles de Vidas México,Salvemos Miles de Vidas México,826
695113350546657,Promoción Ciudad de México,SOME MARKETING,769
493453457351145,Coparmex Nacional,Coparmex Nacional,745
923633637651202,Morena Sí,Morena Sí,643
208889643060921,Krishna Romero,Romero Krishna,578
1570135889879076,Santiago Taboada,Santiago Taboada,563
106104551569591,Giovani Gutiérrez,GIOVANI GUTIERREZ,511
54779960819,United Nations,United Nations with Facebook Ad Credits,505
174921316719276,Alcaldía Gustavo A. Madero,Alcaldía Gustavo A. Madero,473
309520537353,Fondo Semillas,Fondo Semillas,468
123842270960929,Walmart de México y Centroamérica,Nueva Walmart de México SRL de CV,447
103451872329701,Salvemos Miles de Vidas México,Juan Antonio Loredo Velasco,440
111428001815534,Con Claudia,Con Claudia,417
231205014943789,Desde abajo y con la gente,Desde abajo y con la gente,404
105121875731197,Consumidor Informado Mx,Consumidor Informado Mx,369
102551913153712,Ricardo Monreal A.,Ricardo Monreal Ávila,344
2091732304477564,Senadores Ciudadanos,Grupo Parlamentario de Movimiento Ciudadano en el Senado de la República,314
112507801521278,VEMO,VEMO,273
109374565321852,Obradoristas con Claudia,Obradoristas con Claudia,268
107020364819069,Carla Helena Castro,Carla Helena Castro,263
107652783975551,CS Medicina Estética,CS Medicina Estética,245
108346657558085,Edmundo Cotero,Brayan Alberto Palma Valdas,242
105371694526107,Raymundo Ramírez Pompa Corrupción en Nuevo León,Graco Ramirez Chavez,242
2085563958340354,Raúl Torres,Raúl Torres,226
2070411576577524,El Reynomántico,Rey Nomantico,225
101128435630238,Química y Formulación,Química y Formulación,210
198623844282,COPARMEX Ciudad de México,COPARMEX Ciudad de México,203
102141682723260,Panistas con Jorge Romero,Panistas con Jorge Romero,201
254852601222832,CEMEX México,CEMEX México,197
354326078079338,Campaigns and Elections Mexico,Campaigns & Elections México,188
206323119403212,Mario Delgado Carrillo,Mario Delgado Carrillo,167
583723315168183,El Jaguar,La Agencia de la ONU para los Refugiados (ACNUR) México,165
147751821930575,Salud Digital Fundación Carlos Slim,Fundación Carlos Slim,158
100242005506001,Medestetic México,Medestetic México,146
1857761427782780,IAS Automation,INNOVATIVE AUTOMATION SOLUTIONS,144
844135105741974,Satelite Travel Services,SATELITE TRAVEL,143
48966795116,Amnistía Internacional México,Amnistía Internacional México,143
458859544909547,DICES,DICES,142
133478060111915,CEMEX Impacto Social,CEMEX Negocio Responsable,128
107962542103259,Hoy en México,Hoy en México,118
156639921819,Gii360,Gii360,118
237316300021978,Erandi Bermúdez,Erandi Bermúdez,115
180339432448255,AZ2 - Marketing Makers,Juan Antonio Azcárraga Salcido,110
102265891491136,Morenarcos,Pejeland,103
109654054166309,México Hoy - MXH,México Hoy - MXH,102
354326078079338,Campaigns and Elections Mexico,Mario Alberto Rivera Lagarreta,101
108952945073000,Daniel Montiel Tlalnepantla,Daniel Montiel Luna,≤100
400826360641681,Global Noticias,Tresa Publicidad,≤100
190085328448680,Colectivo Informativo,Tresa Publicidad,≤100
159970704486664,Focos Mx,"Equidad de Género, Ciudadanía, Trabajo y Familia",≤100
357633994942461,Martha Avila,Martha Soledad Avila Ventura,≤100
124631600949535,Yo Influyo,Yoxmex,≤100
110430508589150,Que Siga López,Que Siga López,≤100
189131335143204,"Soy Mexicano, Soy Derecho",Soy Mexicano Soy Derecho,≤100
110918145149291,Noticias Noti Mex,Noti Mex,≤100
107494537500293,Informativo Viral,Tresa Publicidad,≤100
102263252105108,La Gaceta de México,La Gaceta de México,≤100
103867575247891,Noticias al Día,Noticias al Día,≤100
264773293005,Marko Cortés,Marko Cortés,≤100
114024430364416,YoXmx,Yoxmex,≤100
387796290649,GNP Seguros,GNP Seguros,≤100
177319665650476,ClikiSalud - Fundación Carlos Slim,Fundación Carlos Slim,≤100
1415691342026378,Fundación Carlos Slim,Fundación Carlos Slim,≤100
196493763808241,CEEY,CENTRO DE ESTUDIOS ESPINOSA YGLESIAS,≤100
790122277825560,Sentido Común,Sentido Común Medios,≤100
536886746673043,Jóvenes MX,Yoxmex,≤100
395853843856495,Pedro Rodríguez Villegas,Pedro David Rodríguez Villegas,≤100
101740711752535,RUBRUM,Multipoll S.A. de C.V.,≤100
1935870343195560,Morena Distrito SIETE Hidalgo,Francisco Patiño Cardona,≤100
245495562137150,Mitofsky,Roy Campos,≤100
915220875259528,Telokwento,TELOKWENTO,≤100
100215376197287,Guerreros del voto,Guerreros del Voto,≤100
800259993484888,Efekto Informativo,Efekto Informativo,≤100
156562731088277,"Equidad de Género, Ciudadanía, Trabajo y Familia","Equidad de Género, Ciudadanía, Trabajo y Familia",≤100
772916632876835,Instituto Nacional de Estandarización y Certificación,Instituto Nacional de Estandarización y certificación,≤100
101202725148632,Armando Zuñiga Salinas,GRUPO IPS,≤100
185702296375261,Mexicómo,MEXICOMO,≤100
164183347562623,Denuncia México,euthenics,≤100
1624591081124413,Cuestión de Polémica,Cuestión de Polémica,≤100
1724003164500887,Daylín García Ruvalcaba,Daylin García Ruvalcaba,≤100
469750359716602,Centro de Formación en Marketing Político,Centro MKT Político,≤100
1095948597209125,Grupo Financiero Banorte,Banco Mercantil del Norte,≤100
107727682047392,XunMexicodeverdad,X UN MÉXICO DE VERDAD,≤100
265938437673601,Yo Soy Mi Planeta,Yoxmex,≤100
592495347619799,Mi familia es primero,Yoxmex,≤100
107738917712607,ALA,Alexa Trujillo,≤100
1514466245542140,América Rangel,AMERICA RANGEL,≤100
311473665534289,OMAR MUÑOZ BURGOS,Omar Muñoz Burgos,≤100
502725876775008,Scientia,Augusto Martín Cedillo López,≤100
1139132652869740,Emilio Alvarez Icaza Longoria,Emilio Álvarez Icaza,≤100
1052054228168651,Daniel Montiel Luna,Daniel Montiel Luna,≤100
681291175575804,Visible,Lievant Studio,≤100
174229585991829,Periódico Libre en el Sur,Francisco Ortiz Pinchetti,≤100
110343944689068,Tania González Pardo,Tania González Pardo,≤100
1862694870637618,Radio SME,Radio SME,≤100
1926979987523267,Rita Ozalia Rodríguez V,Rita Ozalia Rodríguez,≤100
105533795460071,Norte Monrealista,Norte Monrealista,≤100
320349101760473,Inboplast A.C.,Inboplast A.C.,≤100
264060497093390,Shamir Fernández Hernández,Gabriel Francisco Pedro,≤100
1086864884768084,Santiago Torreblanca,Santiago Torreblanca Engell,≤100
399039653601852,Ayuda a la Iglesia Necesitada - ACN México,These ads ran without a disclaimer,≤100
420690148033445,Enrique Galindo Ceballos,Francisco Enrique Galindo Ceballos,≤100
2340595106035117,Ismael Brito Mazariegos,Ismael Brito Mazariegos,≤100
102931375657044,Tabasqueños con Javier May,Tabasqueños con Javier May,≤100
102931335827610,Fans de Jorge Romero - Georgemanía,Georgemanía,≤100
122154061801959,Colectivo Mujeres Cabeza de Familia,Movimiento YoXMéxico,≤100
107539391652958,Estrella Rojas,Estrella Rojas,≤100
1695167424058348,Teresa Castell,Maria Teresa Castell De Oro,≤100
101212808784634,República 21,Rosa Eugenia Diaz Biones,≤100
107732841148576,Esteban Abraham Macari,Esteban Abraham Macari,≤100
104641228499939,Tsikini. Brote Pro Justicia y Dignidad.,Tsikini,≤100
633007690102039,Gustavo de Hoyos Walther,Gustavo de Hoyos Walther,≤100
102705865857437,historias.alternas_,These ads ran without a disclaimer,≤100
187288641425273,Carlos de la Fuente,Carlos de la Fuente,≤100
104570837902035,Paco Santos,STREAMING AND NETWORK VISION MEXICO,≤100
306881586007009,Los Ángeles Press,Ruth Gutiérrez,≤100
2330030160374237,Balance 24,Balance 24,≤100
104194908706490,Preparatoria México SEP en línea,UNIDEV Universidad SC,≤100
1438179653137260,Centro Carbonell,Centro de Estudios Jurídicos Carbonell,≤100
1394237530625018,Monitor Ciudadano,Cesar Augusto Soto Ibarra,≤100
226699804054458,Juan Carlos Barragán Vélez,Juan Carlos Barragan Velez,≤100
247091415478957,Lorena de la Garza Venecia,Lorena de la Garza Venecia,≤100
104198335842437,Preparatoria SEP Virtual,UNIDEV Universidad SC,≤100
109717477968968,Los Asesores,Luis Miguel Carriedo Tellez,≤100
953657811446042,Conciencia Nacional por la Libertad Religiosa,Fundación en Promoción de la Familia y la Libertad AC,≤100
253587731846571,Hoy Coacalco,Uzziel Gadiel Lopez Zamudio,≤100
106521845216893,Preparatoria en línea México SEP,UNIDEV Universidad SC,≤100
138016565116389,Prepa En Linea SEP,UNIDEV Universidad SC,≤100
192507774257431,Omar Borboa,Oscar Hidalgo Quezada,≤100
102022096059517,biculturalpsychologist,These ads ran without a disclaimer,≤100
104942411949988,Gobierno Municipal Matamoros Coahuila 2022-2024,Brecha Comunicación,≤100
100264525710986,Preparatoria en línea México,UNIDEV Universidad SC,≤100
924215500923867,Lucy Meza,Lucy Meza,≤100
203709812204,José Ramón Gómez Leal JR,Jose Ramon Gomez Leal,≤100
148709191834718,Alcaldes de México,Alcaldes de México,≤100
100905166136342,Preparatoria SEP en línea,Unidev Uiversidad SC,≤100
1441307759434186,Puebla Unida,Puebla Unida,≤100
287596308827301,Guillermo Reyes Villela,Guillermo Reyes Villela,≤100
92465443899,Reporte Índigo,Capital Media,≤100
208032075884221,Mario Mata Carrasco,Mario Mata Carrasco,≤100
1522195418029530,Político MX,Político MX,≤100
105880127492594,David Saucedo,David Esteban Saucedo Torres,≤100
209756585798494,La Jornada Zacatecas,La Jornada Zacatecas,≤100
487228204811239,Elda Candelaria Ayuso Achach,Elda Candelaria Ayuso Achach,≤100
993642083981746,Malta Cleyton,These ads ran without a disclaimer,≤100
1018104078271814,Cecilia Márquez,Cecilia Márquez,≤100
100431071908734,La-Lista,DCS MEDIA & COMMUNICATIONS,≤100
302448513146235,Jorge Romero Herrera,JORGE ROMERO,≤100
268579708326323,Georgina Solorio García,Georgina Solorio García,≤100
106338501265771,La punta y el iceberg,La punta y el iceberg,≤100
101380232695634,cambiemosrumbo,These ads ran without a disclaimer,≤100
102825618623397,"Sitissste Veracruz, Sección 15",These ads ran without a disclaimer,≤100
106923085206834,DIF Matamoros Coahuila,Brecha Comunicación,≤100
104726975674582,Fitmacouple,Cardenas Lopez Jose Luis,≤100
103533465483263,Centro de Estudios y Capacitación Integral en Nutrición,Alfredo Esquivel Villeda,≤100
1024212257622837,Paola Jiménez Hernández,LIPCO,≤100
791951890896578,Patricia Salazar,Patricia Salazar,≤100
105153944962600,El Plural de México,El Plural de México,≤100
333932057250036,Alejandro Rojas Díaz Durán,ARDD,≤100
357785638352619,Eduardo Olmos Castro,Brecha Comunicación,≤100
905324146270805,Carlos Quintana,Tropa Marketing,≤100
1468723019887327,ddeser,ddeser,≤100
105758251882852,Daniel Barreda Pavón,EstretagiaCam,≤100
109610531312367,Preparatoria Desde Casa SEP,UNIDEV Universidad SC,≤100
186996945520642,Cultura Verde,Cultura Verde Amor por el Planeta A.C.,≤100
110545181905650,El Hidalguense Digital,Anabell Alanis Jurado,≤100
145638409223940,Factor Quatro Noticias,These ads ran without a disclaimer,≤100
102066728517222,Jorge Magaña,Jorge Magaña,≤100
108950188713101,Memes Derechos Laborales,These ads ran without a disclaimer,≤100
255087598160063,Radio 13 Digital,Radio 13 Digital,≤100
409800789114458,Antonio Pelón Cervera,Macronews,≤100
107388102211536,Percepcion Social,Jesus Guadalupe Fuentes Reyes,≤100
111982838049960,COSUM Hidalgo,Sindicatos Unidos de México,≤100
316162282245753,Ovidio Peralta Suárez,Ovidio Peralta Suárez,≤100
519051388241845,Fundación FEMSA,Fundación FEMSA,≤100
101701991930418,UNIDEV,UNIDEV,≤100
106213764854106,Fany Padilla,Estefania Padilla Martinez,≤100
1614410865470755,Columnas de México,Columnas de México,≤100
110067904935566,Moises Moreno,José Moisés Moreno Melo,≤100
358081608046386,Jorge de la Garza,Jorge de la Garza,≤100
171089086312900,Raul Lozano,Raul Lozano Caballero,≤100
1987170371533053,Raymundo Atanacio,Raymundo Atanacio Luna,≤100
110741422746678,Gustavo Macalpin,Gustavo Macalpin,≤100
105409565326997,El Transformador MX,Julián Reynoso Mazoy,≤100
114551410376800,Ranking Consultores,Ranking Consultores,≤100
476940885780129,César Oceguera,César Estrada,≤100
201599513204304,La Cruda Realidad Docente,Rodrigo Luna Guevara,≤100
109927953731014,Espacio Libre México,Marcos Oliver Sánchez Romero,≤100
105925314120759,Mario Bracamonte,Julián Reynoso Mazoy,≤100
2251931065120585,Edmundo Torrescano Medina,Edmundo Azael Torrescano Medina,≤100
195400400486017,Antena San Luis,Antena San Luis S de RL de CV,≤100
907553062923904,Aldeser,These ads ran without a disclaimer,≤100
110763055151832,Preparatoria en línea SEP,UNIDEV Universidad SC,≤100
780651975342188,María Elena Abaroa,Jorge Serrano,≤100
257333027729841,Julieta Ramírez,Julieta Ramirez,≤100
100332908733199,Fundación Traxión,Fundación Traxión,≤100
102888631604449,"Facultad de Jurisprudencia, UAdeC, Oficial.",These ads ran without a disclaimer,≤100
110297950669512,Javier Jerónimo Apolonio,Juan Carlos Miranda De Paz,≤100
113316147663555,Preparatoria desde casa Unidev,UNIDEV Universidad SC,≤100
216561382207540,Periódico La Encuesta,Periódico La Encuesta,≤100
437008466399345,Vicente Vázquez,Vicente González,≤100
2170836576562672,Territorial,Sistema Territorial,≤100
110239881352852,Preparatoria en casa unidev,UNIDEV Universidad SC,≤100
176993162348636,"El Colegio de Jalisco, A. C.",El Colegio de Jalisco,≤100
110187414493874,Plataforma Informativa Mexicana #PIM,euthenics,≤100
841441875939734,Indagar Estudios de Mercado,Indagar,≤100
2098960567045890,Adrian Mx Coacalco,Adrian Mejia Reyes,≤100
982229391798987,Doctor Eduardo Cervantes Aguilar,Eduardo Cervantes Aguilar,≤100
101798928719130,Noé Castillo Olvera,Jose Arturo Zamorano Morales,≤100
244524445753966,Armando Contreras Castillo,Armando Contreras Castillo,≤100
215474162361086,Agenda Viral,Agenda Viral,≤100
174912852563520,Centro Católico Multimedial,Centro Católico Multimedial,≤100
220612165082734,Save Democracy,Save Democracy,≤100
110232781141466,Quincena Revista,Alberto Perez Leyva,≤100
165760267285896,Fernando Alvarez,Fernando Alvarez,≤100
107699114281500,Amir Dmorena,Jgreg Morales,≤100
235606900176440,Macronews,Macronews,≤100
281188282215551,José Medina Mora Icaza,José Medina Mora Icaza,≤100
102995548100281,Laura González,Laura Teresa González Hernandez,≤100
543830382749706,Compromiso Social Mx,Compromiso Social Mx,≤100
707874865918912,ADN Alternativa Democrática Nacional,Canek Ortega Cano,≤100
349362031895959,Julián Zacarías Curi,Julián Zacarías Curi,≤100
1553350868260589,Victor Hugo Lozano Poveda,Víctor Hugo Lozano Poveda,≤100
100839678681055,Aracely Pérez Roa,These ads ran without a disclaimer,≤100
108298965311241,Preparatoria en línea SEP,UNIDEV Universidad SC,≤100
164856266971710,Es lo Cotidiano,Es lo Cotidiano,≤100
883076891822948,Jesús Rosales Puebla,Jesús Rosales,≤100
127374167321064,Erick Zapata,Erick Zapata,≤100
100550925533949,IQ Fiscal Centro Evaluador de Competencias,These ads ran without a disclaimer,≤100
102255904996475,Geovanna Campos Vazquez,Julián Reynoso Mazoy,≤100
266763400088630,Arturo Yañez Cuellar,Jose Aurelio Vargas Sandoval,≤100
432923167438353,Jorge Hernández Aguilera,Julián Reynoso Mazoy,≤100
1661676774101223,Claudia Agatón,Claudia Josefina Agatón Muñiz,≤100
184593128260173,Armando Alcala Alcaraz,Luis Armando Alcala Alcaraz,≤100
101319892583290,Alejandro Esteban Sosa,Alejandro Esteban Sosa Benítez,≤100
112818248281037,Jose Manuel Lopez,These ads ran without a disclaimer,≤100
278268919245798,El Candidato MX,El Candidato MX,≤100
105735142357697,Panistas por México,Panistas por México,≤100
122154061801959,Colectivo Mujeres Cabeza de Familia,Yoxmex,≤100
107509487815279,Dedogmasyrenuncias,DE DOGMAS Y RENUNCIAS,≤100
1937376869899554,Jorge Díaz Loeza,Jorge Díaz Loeza,≤100
1583631301915573,Liborio Vidal,Liborio Vidal Aguilar,≤100
1329071977102915,Pacto Mundial México,"Red del Pacto Mundial de y en México, A. C.",≤100
1587273468223028,Misaj Becerra,Misaj Gonzalez Becerra,≤100
108165555435880,Región Huasteca Mx,REGION HUASTECA,≤100
320404528148304,Nacho Campos,Nacho Campos E.,≤100
102766218219656,El Cronista Yucatán,Francisco Rafael Gomez Chi,≤100
1749137535343213,Ricardo Ferro,Luis Ricardo Ferro Baeza,≤100
640044982685950,PRD Michoacán,PARTIDO DE LA REVOLUCIÓN DEMOCRÁTICA,≤100
109274195183155,La CDMX que soñamos,La CDMX que soñamos,≤100
112039950452398,Abel Meza,Abel Palomera Meza,≤100
801673763367076,Carlos Cesar Jasso Rodríguez,Carlos Cesar Jasso Rodriguez,≤100
104402255089316,Vigilante,Dreams Engine S.A de C.V.,≤100
608650595820049,The Conqueror Challenges,These ads ran without a disclaimer,≤100
904619292907245,Periódico Enfoque Aguascalientes,Enfoque EiM Noticias Ags,≤100
105318356303939,Luis Walton Aburto,BeCa Comunicaciones,≤100
1776223812696913,Daniel Altamirano,Daniel Altamirano,≤100
216236995629947,Viridiana Fuentes,Viridiana Fuentes Cruz,≤100
1176628419094356,Navor Rojas,Cynthia Aylin Lopez Suárez,≤100
106086621157623,Arturo Serrano,Arturo Serrano,≤100
106995441434905,KARLA CRUZ,SamKai,≤100
109433054731059,Ricardo Peña M.,Ricardo Peña Munguia,≤100
373929522783692,Myrna Grimaldo Iracheta,Peter Enriquez,≤100
171494803269262,Noticias México,euthenics,≤100
111150206920515,Nación14,These ads ran without a disclaimer,≤100
108471668438894,Revolucion San Luis,DEGI,≤100
1619085871733548,Denuncia Potosina,These ads ran without a disclaimer,≤100
109728374729315,24 horas Yucatán,24 Horas Yucatán,≤100
106811552699981,Eduardo Rodriguez,Jose Eduardo Rodriguez Perez,≤100
387917398509610,Colegio Internacional para el Desarrollo de la Educación y la Cultura,COLEGIO INTERNACIONAL PARA EL DESARROLLO DE LA EDUCACIÓN Y LA CULTURA A.C.,≤100
114175028689083,Juan José Jiménez Yáñez,Juan José Jiménez Yáñez,≤100
106351014779790,Ricardo Espinoza,These ads ran without a disclaimer,≤100
110758375042664,Felipe Castro,Eric De Laa,≤100
1856514037937535,SuperMesa,Ramon Jorge Guardado Pérez,≤100
279469625434543,Paco Cienfuegos,Paco Cienfuegos,≤100
1453035258301900,Carol Antonio Altamirano,Carol Antonio Altamirano,≤100
822905401108747,PoderMX,PoderMX,≤100
2490201471042440,Raquel Ramírez Rodríguez,Raquel Ramirez Rodriguez,≤100
100262575796989,GRUPO EQUSS Seguridad Privada,These ads ran without a disclaimer,≤100
106151448516201,Líder Observador,Líder Observador,≤100
643513979193133,Unidos por Beatriz,Neuma,≤100
473280473089704,Aurelia Leal López,Juan Francisco Cazarez Buelna,≤100
106771391872401,H. Ayuntamiento de Huatusco 2022-2025,Grupo Comercial Saltamontes,≤100
165058126914960,Universitas Multimedios,Universitas Multimedios,≤100
717890051977219,Julio León,Yazmin Alejandra Galvan Martínez,≤100
335611129797038,El Heraldo de Aguascalientes,El Heraldo de Aguascalientes,≤100
106865972279596,Por amor a México,Por Amor A Mexico,≤100
211193332422899,Edgar Sánchez Garza,Edgar Gerardo Sanchez Garza,≤100
1196196390526965,Facebook Surveys,These ads ran without a disclaimer,≤100
158714780827513,UNFPA,UNFPA,≤100