﻿Page ID,Page name,Disclaimer,Amount spent (CHF)
97220294896,SP Schweiz,SP Schweiz,≤100
272817049474798,Adrian Spahr,Adrian Spahr,≤100
169510248558,Die Mitte - Le Centre,Die Mitte,≤100
110533229026103,EVP / PEV,EVP Schweiz,≤100
921336971288655,Nagra,Nagra,≤100
111930631689315,migroliNOTsocar,Migrolinotsocar,≤100
291359247729208,PS Suisse,PS Suisse,≤100
194790813901953,Grüne Schweiz,Grüne Schweiz,≤100
193388757364033,Solidar Suisse,Solidar Suisse,≤100
103977239013757,CARA,Association CARA,≤100
157838091029021,FDP.Die Liberalen Steffisburg,FDP.Die Liberalen Steffisburg,≤100
103865108846573,FDP.Die Liberalen Herzogenbuchsee,FDP Herzogenbuchsee,≤100
1524954517562834,Prominis,Prominis GmbH,≤100
201545746545669,Solidar Suisse,Solidar Suisse,≤100
101203448879130,Initiative für Umweltverantwortung,Junge Grüne Schweiz,≤100
169752569742293,Schweizerischer Gewerbeverband sgv,Schweizerischer Gewerbeverband sgv,≤100
48980326364,Public Eye,Public Eye,≤100
175478195846132,Les Vert·e·s suisses,Grüne Schweiz,≤100
108505338136191,Initiative pour la responsabilité environnementale,Junge Grüne Schweiz,≤100
257497631736082,Gletscher-Initiative,Verein Klimaschutz Schweiz,≤100
100345702834585,All Out Deutschland,All Out,≤100
111081131629685,Blackout stoppen,Volksinitiative «Jederzeit Strom für alle (Blackout stoppen)»,≤100
169042736456594,All Out,All Out,≤100
1092252917594218,Initiative pour les glaciers,Association suisse pour la protection du climat,≤100
103550668590403,Mieux vivre sa vie,Mieux Vivre Sa Vie,≤100
97721121385,Public Eye,Public Eye,≤100
125466200895962,Valentin Landmann,Sven Kunz,≤100
104176871670876,Renteninitiative - Für eine sichere & nachhaltige Altersvorsorge,Verein Renteninitiative,≤100
257497631736082,Gletscher-Initiative,These ads ran without a disclaimer,≤100
102014399307738,Direkt,direkt,≤100
105527252338650,perspektiveschweiz.ch,IG Wirtschaftsverbände,≤100
1483343695307824,Campax,Campax,≤100
101023239974455,Europäische Bewegung Schweiz - Mouvement européen Suisse,European Movement Switzerland,≤100
513407995428696,actif-trafiC,actif-trafiC,≤100
103269145789541,Stop au blackout,Initiative populaire « De l’électricité pour tous en tout temps (Stop au blackout) »,≤100
158714780827513,UNFPA,These ads ran without a disclaimer,≤100
100116156110843,Stop al blackout,Iniziativa popolare «Energia elettrica in ogni tempo per tutti (Stop al blackout)»,≤100
117275531631620,Le Centre Fribourg-Ville / Die Mitte Stadt Freiburg,Le Centre Fribourg-Ville / Die Mitte Stadt Freiburg,≤100
692001657599783,Vincent Arlettaz,Vincent Arlettaz,≤100
54779960819,United Nations,United Nations with Facebook Ad Credits,≤100
1092252917594218,Initiative pour les glaciers,These ads ran without a disclaimer,≤100
260591187302640,Parti socialiste genevois,Parti socialiste genevois,≤100
106227118235466,IamExpat in Switzerland,These ads ran without a disclaimer,≤100
110095967929912,Best Of The Best On Kickstarter,These ads ran without a disclaimer,≤100
186691125128189,Air Liquide,These ads ran without a disclaimer,≤100
106552340680221,Gamezarea,These ads ran without a disclaimer,≤100
1220981994590364,FT Partner Content,These ads ran without a disclaimer,≤100