﻿Location name,Amount spent (PGK)
Autonomous Region of Bougainville,≤100
Chimbu Province,≤100
East New Britain Province,≤100
East Sepik Province,≤100
Eastern Highlands Province,≤100
Enga Province,≤100
Gulf Province,≤100
Hela Province,≤100
Jiwaka Province,≤100
Madang Province,≤100
Manus Province,≤100
Milne Bay Province,≤100
Morobe Province,≤100
New Ireland Province,≤100
Oro Province,≤100
Port Moresby,113
Sandaun Province,≤100
Southern Highlands Province,≤100
West New Britain Province,≤100
Western Highlands Province,≤100