﻿Page ID,Page name,Disclaimer,Amount spent (USD)
172758932738142,PhRMA,PHARMACEUTICAL RESEARCH AND MANUFACTURERS OF AMERICA,3569
113324148685241,LIUNA Minnesota & North Dakota,Laborers’ District Council of Minnesota and North Dakota Political Fund,947
57038638555,Minnesota Hospital Association,MINNESOTA HOSPITAL ASSOCIATION,813
109004821964574,We Choose Us Action,Faith in Minnesota,684
191247007554047,Center of the American Experiment,Center of the American Experiment,653
107623574732126,North Star Prosperity,North Star Prosperity,619
163303407407167,State of Great MN,Coalition of Minnesota Businesses,577
260366367717440,Committee to Protect Health Care,The Committee to Protect Health Care,451
226158107735831,Minnesotans for Paid Family Leave,Minnesota AFL-CIO,410
19972147679,SEIU,SEIU COPE (SERVICE EMPLOYEES INTERNATIONAL UNION COMMITTEE ON POLITICAL EDUCATION),400
570092813023833,Matt Walsh,The Daily Wire,376
107483817554072,WorkMoney,WorkMoney,350
152759126824,Enbridge,Enbridge Inc.,298
1226854550711523,Get Biofuel,Get Biofuel,296
851220855030432,J.P. Morgan,"JPMORGAN CHASE BANK, NA",283
10461186460,Ben & Jerry's,"BEN & JERRY'S HOMEMADE, INC.",262
214654472015772,Minnesota Gun Rights,American Firearms Coalition,256
18780321251,American Chemistry,American Chemistry Council,244
303374266418976,AFPM,American Fuel & Petrochemical Manufacturers,238
168900732521,University of Minnesota Giving,University of Minnesota Foundation,233
105554759120110,Save Our States Action,Save Our States Action,228
7030901126,Campaign for Tobacco-Free Kids,Campaign for Tobacco-Free Kids,215
114519061260011,We Choose Us MN,ISAIAH,193
385473284886474,Hillsdale College,Hillsdale College,180
309308412520731,Sandy Hook Promise,Sandy Hook Promise,175
18982436812,ACLU,American Civil Liberties Union,172
107439427661844,Accountable Tech,Accountable Tech,157
219302818239217,Minnesota Gun Owners Caucus,Minnesota Gun Owners Caucus,148
92925746942,Judicial Watch,Judicial Watch,146
112648958409011,Rare Access Action Project,Rare Access Action Project,143
100957046301634,Citizens Against Cannabis Corruption,Citizens Against Cannabis Corruption,142
15650561930,Conservation Minnesota,CONSERVATION MINNESOTA,137
38235851310,USA for UNHCR,UNITED STATES ASSOCIATION FOR UNHCR,136
90072588167,Education Minnesota,EDUCATION MINNESOTA,135
309798029121030,Everytown for Gun Safety,Everytown for Gun Safety Action Fund Inc,132
113205727957728,Minnesota Parents Alliance,Minnesota Parents Alliance,131
592707041080920,Stand Together,Stand Together Chamber of Commerce Inc.,119
153080620724,Donald J. Trump,TRUMP SAVE AMERICA JOINT FUNDRAISING COMMITTEE,114
201470373308396,BMO US,BMO Harris Bank,113
106568024842114,Rideshare Assault Support,Citizen Ad Network LLC,102
342294162453301,Planned Parenthood,Planned Parenthood Federation of America,≤100
100168566232753,IRS Helper,Leads Team LLC,≤100
150754245010983,Saint Paul & Minnesota Foundation,"SAINT PAUL FOUNDATION, INCORPORATED, THE",≤100
15771560300,Earthjustice,EARTHJUSTICE,≤100
127225910653607,PragerU,PragerU,≤100
112134538464796,ErcAccess,Leads Team LLC,≤100
1461100540775171,The Tuttle Twins,LIBERTAS INSTITUTE,≤100
109092142462587,Adam Schiff,SCHIFF FOR SENATE,≤100
376006035816016,Storyworth,These ads ran without a disclaimer,≤100
203197030603239,8 Billion Trees,8 Billion Trees LLC,≤100
428821014132730,Katie Porter,KATIE PORTER FOR SENATE,≤100
2353537341582545,Proud Patriots,Proud Patriots,≤100
80562389320,NARAL Pro-Choice America,NARAL PRO-CHOICE AMERICA CORP,≤100
404165106317928,Minnesota Action Network,Minnesota Action Network,≤100
109849005245589,American Family Benefits & Services,Final Expense Authority LLC,≤100
410784729505143,Danny Nadeau,Danny Nadeau,≤100
486123405130007,100 Percent Campaign,100% Action,≤100
203805062990264,Ben Shapiro,The Daily Wire,≤100
2053678114723700,President Trump's Patriot Army,I Love My Freedom,≤100
166618413413767,Jay Sekulow,American Center for Law and Justice,≤100
18709174006,National Audubon Society,"NATIONAL AUDUBON SOCIETY, INC.",≤100
6514736316,Walden University,Walden University,≤100
491362440908122,The Beer Institute,BEER INSTITUTE,≤100
40217893542,AIPAC,AIPAC,≤100
263527537245,Minnesota Governor's Council on Developmental Disabilities,Minnesota Governor's Council on Developmental Disabilities,≤100
110214011784161,Global America Center,Global America Center,≤100
85452072376,NEWSMAX,"NEWSMAX MEDIA, INC.",≤100
100992801635617,Conservative-American.org,Conservative American Strategies,≤100
237158469893,YWCA Minneapolis,YWCA Minneapolis,≤100
106244251043808,America's Plastic Makers,"AMERICAN CHEMISTRY COUNCIL, INC.",≤100
685467058130434,Blue Cross and Blue Shield of Minnesota,"BCBSM, INC.",≤100
19972147679,SEIU,SEIU,≤100
140357056032320,NEA Today,National Education Association,≤100
113891694102,Energy Citizens,AMERICAN PETROLEUM INSTITUTE,≤100
30139072158,CARE,CARE,≤100
12301006942,Democratic Party,DNC SERVICES CORP./DEM. NAT'L COMMITTEE,≤100
102947509118612,PLAM Action MN,PLAM Action,≤100
392189600337,Minnesota Nurses Association,Minnesota Nurses Association,≤100
7229514244,Drug Policy Alliance,DRUG POLICY ALLIANCE,≤100
109320440856128,Stand Up to Jewish Hate,"Foundation to Combat Anti-Semitism, Inc.",≤100
22067606728,Allen West,The Association of Mature American Citizens Inc,≤100
57259033959,AARP,AARP,≤100
8492293163,Environmental Defense Fund,Environmental Defense Fund,≤100
10128918116,Gavin Newsom,Campaign for Democracy PAC,≤100
1435071773455316,Daily Wire,The Daily Wire,≤100
7341997111,Conservation International,Conservation International,≤100
160389977329803,ATTN:,ATTN: INC.,≤100
104253615152700,America First Legal,America First Legal Foundation,≤100
5720973755,Defenders of Wildlife,DEFENDERS OF WILDLIFE,≤100
109240174088160,Ciresi Walburn Foundation,Ciresi Walburn Foundation,≤100
7292655492,MoveOn,MOVEON.ORG POLITICAL ACTION,≤100
6041057841,The Humane Society of the United States,"HUMANE SOCIETY OF THE UNITED STATES, THE",≤100
103912059097010,One Real American,One Real American,≤100
282380365148226,Center for Safe Internet Pharmacies,Center for Safe Internet Pharmacies LTD,≤100
103807629149771,Working Forests Initiative,"WORKING FOREST INITIATIVE, INC.",≤100
104295601633638,American Cornerstone Institute,American Cornerstone Institute Inc,≤100
6266829799,Sherrod Brown,FRIENDS OF SHERROD BROWN,≤100
100905842810613,US Final Expense Authority,Final Expense Authority LLC,≤100
104394262049761,Jeremy's Razors,The Daily Wire,≤100
116197620249405,Recycling Facts,Center for Consumer Freedom,≤100
126211280741703,Midwest Values PAC,Midwest Values PAC,≤100
1316372698453411,Alexandria Ocasio-Cortez,Alexandria Ocasio-Cortez for Congress,≤100
15239367801,The Wilderness Society,"WILDERNESS SOCIETY, THE",≤100
1593518174052711,Candace Owens,The Daily Wire,≤100
6204742571,Sierra Club,SIERRA CLUB,≤100
49651563727,Live Action,Live Action,≤100
23875187730,Feeding America,Feeding America,≤100
398026240228728,American Cancer Society Cancer Action Network Minnesota - ACS CAN,AMERICAN CANCER SOCIETY CANCER ACTION NETWORK INC,≤100
100314172867011,American Memorial,Final Expense Authority LLC,≤100
81498431082,Friends of the Mississippi River,FRIENDS OF THE MISSISSIPPI RIVER INC,≤100
665345483483486,NRA - National Rifle Association of America,NATIONAL RIFLE ASSN OF AMERICA,≤100
161183970656851,Ruben Gallego,GALLEGO FOR ARIZONA,≤100
145034262195374,InSinkErator,InSinkErator_Whirlpool,≤100
61492859575,Americares,"Americares Foundation, Inc.",≤100
209516845093,NRDC Action Fund,NRDC Action Fund,≤100
359477377917,American Federation for Children,American Federation for Children,≤100
555787351119974,Coalition to Protect America's Health Care,Coalition to Protect America’s Health Care,≤100
115379705206001,U.S. Department of Homeland Security Blue Campaign,U.S Department of Homeland Security Blue Campaign,≤100
203805062990264,Ben Shapiro,Daily Wire,≤100
103517308361597,TakeCharge,Take Charge Minnesota,≤100
102079592297532,Leftdiculous Card Game,"Right Entertainment, LLC",≤100
267180743723148,National Geographic Society,National Geographic Society,≤100
412302902150250,Undeniably Dairy,Undeniably Dairy,≤100
155645630648,West Central Initiative,West Central Initiative,≤100
110431415026491,The American Enthusiasm,The American Enthusiasm,≤100
104760636770,Vera Institute of Justice,"VERA INSTITUTE OF JUSTICE, INC.",≤100
96935476345,Democratic Governors Association (DGA),"Democratic Action, democraticgovernors.org, not authorized by any candidate or candidate's committee.",≤100
219242560293,Meals on Wheels America,Meals On Wheels America,≤100
43005439032,American Diabetes Association,American Diabetes Association,≤100
1593518174052711,Candace Owens,Daily Wire,≤100
21375324480,The Heritage Foundation,HERITAGE FOUNDATION (THE),≤100
70874333603,CatholicVote,catholicvote.org,≤100
12375354406,USO,United Service Organizations,≤100
100466376050855,Real America Home,Real America Home,≤100
110847698099863,Solarquote.org,These ads ran without a disclaimer,≤100
19437978960,Chris Murphy,FRIENDS OF CHRIS MURPHY,≤100
102592959026,Ocean Conservancy,"OCEAN CONSERVANCY, INC.",≤100
252375344865979,House Republican Campaign Committee,HRCC,≤100
8325302025,Friends of the Earth U.S.,Friends of the Earth,≤100
108945561919531,The Great American Services,The Great American Services,≤100
304600892905134,Hillsdale College Online Courses,HILLSDALE COLLEGE,≤100
103875099042033,DailyWire+,The Daily Wire,≤100
250485248333218,Clean Air Task Force,CLEAN AIR TASK FORCE,≤100
50822254585,Mountain States Legal Foundation,Mountain States Legal Foundation,≤100
216311481960,Bill Gates,Bill Gates,≤100
228132537208218,Tammy Duckworth,TAMMY FOR ILLINOIS,≤100
13885075114,Action Against Hunger USA,ACTION AGAINST HUNGER - USA,≤100
1476342155924546,Big Rig Threads,Big Rig T-Shirts and Decals LLC,≤100
100684991996307,November Coalition,NOVEMBER COALITION,≤100
69983322463,Ted Cruz,TED CRUZ FOR SENATE,≤100
159658557547960,Wall Street Journal Opinion,The Wall Street Journal,≤100
114008535880,Foundation for Individual Rights and Expression,FOUNDATION FOR INDIVIDUAL RIGHTS IN EDUCATION,≤100
107661474402498,Liberty Eagle Apparel,United Patriot,≤100
19554217292,American Heart Association: You're the Cure,American Heart Association,≤100
112600915451330,No Labels,No Labels,≤100
130945114804,World Jewish Congress,ATTN: INC.,≤100
570953166908066,Vivek Ramaswamy,VIVEK 2024,≤100
7192716362,Amnesty International USA,"AMNESTY INTERNATIONAL OF THE U. S. A., INC.",≤100
103375628943529,Adam Frisch,Adam for Colorado,≤100
681626158940626,Mission Roll Call,Americas Warrior Partnership,≤100
109749408609311,Proud Patriots USA,Proud Patriots USA,≤100
57615046615,Rainforest Trust,RAINFOREST TRUST INC,≤100
11602044174,Independent Women's Forum,Independent Women's Forum,≤100
34362997676,United States Holocaust Memorial Museum,UNITED STATES HOLOCAUST MEMORIAL MUSEUM,≤100
200650357207240,I Love My Freedom,I Love My Freedom,≤100
134452023239984,Human Coalition,Human Coalition,≤100
6502038524,First Book,FIRST BOOK,≤100
312910705386867,Teach For America - Twin Cities,Teach for America Twin Cities,≤100
107414074990650,Defense of Freedom Institute,"Defense of Freedom Institute for Policy Studies, Inc.",≤100
7735858972,Humane Society Legislative Fund,Humane Society Legislative Fund,≤100
38471053686,Elizabeth Warren,"WARREN FOR SENATE, INC.",≤100
106563958759988,Semafor,Semafor Inc.,≤100
102748688472759,Parents Defending Education,Parents Defending Education,≤100
8501031021,VoteVets.org,VOTEVETS,≤100
100652668612020,Essential Plastics Coalition,"CENTER FOR CONSUMER FREEDOM, THE",≤100
100119981671668,Blue Senate,BLUE SENATE PAC,≤100
580610428636345,Fight for $15,Fight for $15,≤100
100403528653081,Punchbowl News,Punchbowl News,≤100
281844617168,Jewish Voice Ministries International,Jewish Voice Ministries International,≤100
107764430968176,Tuttle Twins TV Show,"Tuttle Twins Show, LLC",≤100
1958912674200535,The Pour Over,Pour Over,≤100
114008535880,Foundation for Individual Rights and Expression,"FOUNDATION FOR INDIVIDUAL RIGHTS AND EXPRESSION, INC.",≤100
103588388469410,Disparity Trap,Disparity Trap,≤100
14893558501,Prevent Child Abuse America,PREVENT CHILD ABUSE AMERICA,≤100
107716217248729,The Colour of Beautiful,URBAN POETIK MINISTRIES CORPORATION,≤100
1470540296409810,Fair Fight Action,FAIR FIGHT ACTION INC,≤100
255062275778,Tim Tebow Foundation,TIM TEBOW FOUNDATION,≤100
101674425989138,MIT Economics Survey on Climate Change,"MIT Climate Change Survey, MIT Department of Economics",≤100
557051651115624,Stidham Financial Services,Stidham Financial Services,≤100
40102638699,J Street,J STREET EDUCATION FUND INC,≤100
68680511262,NFL,NFL PROPERTIES LLC,≤100
51379424899,Mercy Ships,MERCY SHIPS INTERNATIONAL,≤100
7263476274,Mercy Corps,Mercy Corps,≤100
160630887998827,Let Them Live,Oliver Harrison  Berning,≤100
83290028957,Care Net,CARE NET,≤100
197760674021143,Indivisible Guide,INDIVISIBLE ACTION,≤100
392189600337,Minnesota Nurses Association,"MINNESOTA NURSES' ASSOCIATION, THE",≤100
376776419037747,Turning Point USA,"Turning Point USA, Inc.",≤100
1470540296409810,Fair Fight Action,FAIR FIGHT,≤100
632176236951077,Alliance for Justice Action Campaign,Alliance for Justice Action Campaign,≤100
518194348194441,RepresentUs,RepresentUs,≤100
105454117977117,Voices for Consumer Choice,Voices for Consumer Choice,≤100
113981244991506,Secure Your Future,THE BURIAL SOLUTION,≤100
121626482110,Operation Smile,OPERATION SMILE,≤100
45393753416,Alliance Defending Freedom,Alliance Defending Freedom,≤100
103695769458,United States Mint,United States Mint,≤100
79125112926,Students for Life of America,"STUDENTS FOR LIFE OF AMERICA, INC.",≤100
252814820267,HIAS,HIAS,≤100
72931140459,Center for Biological Diversity,"CENTER FOR BIOLOGICAL DIVERSITY, INC.",≤100
23875187730,Feeding America,FEEDING AMERICA,≤100
103355385129734,The Climate Pledge,The Climate Pledge,≤100
29717379728,International Justice Mission,International Justice Mission,≤100
108620667163768,For Our Future,Resource Media,≤100
443329669123990,USAFacts,USAFacts Institute,≤100
318196171580489,Ron DeSantis,Friends of Ron DeSantis,≤100
408526523045391,Mammoth Nation,Mammoth Nation,≤100
314499212242,Pfizer,Pfizer Inc.,≤100
15041226930,Oxfam,"OXFAM AMERICA, INC.",≤100
84112077638,Greater Good Charities,GREATERGOOD.ORG,≤100
1832744013698336,Mahogany Mommies,Mahogany Mommies,≤100
2245766435469741,Beersy,Beersy LLC,≤100
21492729544,Catholic Relief Services,CATHOLIC RELIEF SERVICES - UNITED STATES CONFERENCE OF CATHOLIC BISHOPS,≤100
8934429638,Planned Parenthood Action,Planned Parenthood Action Fund,≤100
583258211727279,Shai Fund,SHAI FUND INC,≤100
11791104453,NRDC,Natural Resources Defense Council,≤100
349068689306,Tim Scott,Tim Scott Presidential Exploratory Committee,≤100
40973310753,Pathfinder International,Pathfinder International,≤100
152264148166020,Moms Clean Air Force,Moms Clean Air Force,≤100
169597416843751,Stand Up America,Stand Up America,≤100
105331908787374,Republican Accountability PAC,REPUBLICAN ACCOUNTABILITY PAC INC,≤100
466164103423147,Thorn,Thorn,≤100
114765400352270,Kite & Key Media,VMTS EDUCATION INC,≤100
317284821682168,Messianic Jewish Alliance of America (MJAA),Messianic Jewish Alliance of America,≤100
1600352356914768,PushBlack,PushBlack,≤100
108268161352786,Stanley M. Herzog Foundation,Herzog Foundation,≤100
51405613519,Focus on the Family,Focus on the Family,≤100
711478725532801,Civiqs,Civiqs,≤100
104173252580022,Scott Graham for Mpls,Scott for Mpls,≤100
6316744206,Jon Tester,MONTANANS FOR TESTER,≤100
101069505589,American Association of Pro Life OB/GYNS,AAPLOG,≤100
115415064388243,Brett Cooper,The Daily Wire,≤100
786167111464006,Woodson Center,The Woodson Center,≤100
780941275347834,Ilhan Omar,ILHAN FOR CONGRESS,≤100
911828698840246,ReLEntless Defender Apparel,ReLEntless Defender Apparel,≤100
50982313030,Food & Water Watch,Food & Water Watch,≤100
21090771700,Gun Owners of America,Gun Owners of America,≤100
105561217523274,The Dispatch,"Dispatch Media, Inc.",≤100
5644748986,National Wildlife Federation,NATIONAL WILDLIFE FEDERATION,≤100
101391906600,Live Action News,Live Action,≤100
10606591490,TIME,TIME USA LLC,≤100
6355071377,American Cancer Society Cancer Action Network - ACS CAN,AMERICAN CANCER SOCIETY CANCER ACTION NETWORK INC,≤100
8002590959,Rainforest Action Network - RAN,RAINFOREST ACTION NETWORK,≤100
154561574598964,White Coat Waste Project,THE WHITE COAT WASTE PROJECT INC,≤100
117064484638841,Elect Ian Ziese for Dakota Electric,Ian Ziese,≤100
108641741851973,Magic Valley Energy,Magic Valley Energy LLC,≤100
343714718985673,Think Wood,Think Wood,≤100
108913648781152,Hardworking Americans,Hardworking Americans Inc,≤100
86071521216,Second Amendment Foundation,SECOND AMENDMENT FOUNDATION INC,≤100
945455208962159,For Everyone Collective,For Everyone Collective,≤100
100373975829221,Fòs Feminista Org,Fòs Feminista,≤100
149607228384141,America Needs Fatima,"American Society for the Defense of Tradition, Family and Property",≤100
103087482648723,Krach Institute for Tech Diplomacy at Purdue,PURDUE RESEARCH FOUNDATION,≤100
417709355647,The Lynde and Harry Bradley Foundation,"LYNDE AND HARRY BRADLEY FOUNDATION, INC., THE",≤100
130234313704399,United We Dream,UNITED WE DREAM NETWORK INC,≤100
109716011638325,Jane Fonda Climate PAC,JANE FONDA CLIMATE PAC,≤100
131306317680000,Social Goods,"Social Goods, LLC",≤100
110511361225616,Conservative American PAC,Vincent Joseph Beaudette,≤100
17203056985,Partners In Health,Partners In Health,≤100
372577693078008,"Saenz-Garcia Law, PLLC","Saenz-Garcia Law, PLLC",≤100
333710103706307,GIFFORDS,Giffords,≤100
340153562850578,Tim Tebow,TIM TEBOW FOUNDATION,≤100
96491683438,"The Friends of Israel Gospel Ministry, Inc.","FRIENDS OF ISRAEL GOSPEL MINISTRY, INC, THE",≤100
105753898811449,Align Us,Kyle Reyes,≤100
290548664672,First Liberty Institute,First Liberty Institute,≤100
24481937944,Theodore Roosevelt Conservation Partnership,"THEODORE ROOSEVELT CONSERVATION PARTNERSHIP, INC",≤100
197760674021143,Indivisible Guide,Indivisible Project,≤100
24330467048,Americans for Prosperity,AMERICANS FOR PROSPERITY,≤100
1526707030943680,Phoenix Dream Center,City Help Inc of Phoenix dba Phoenix Dream Center,≤100
101934249187736,30 for Freedom - Woodbury Chapter,Ryan Richard Nyquist,≤100
125769584126996,Yael Eckstein,"INTERNATIONAL FELLOWSHIP OF CHRISTIANS & JEWS, INC.",≤100
297987334762,Jamie Raskin,Jamie Raskin for Congress,≤100
112735922758892,Charlie Kirk,"Turning Point USA, Inc.",≤100
507070522767934,AACR Foundation,"AMERICAN ASSOCIATION FOR CANCER RESEARCH, INC.",≤100
104908071917505,Welcome.us,Welcome.us,≤100
107034431979369,United24,Non-profit organization UNITED24,≤100
113440686782377,Prairie Action ND,Prairie Action ND,≤100
103531607822207,Noticias para Inmigrantes,"Wise Rock Media, PBC",≤100
8047221596,Save the Children US,SAVE THE CHILDREN FEDERATION INC.,≤100
401025113606192,Reform Fargo,Reform North Dakota,≤100
410143045995386,Patients for Affordable Drugs,Patients for Affordable Drugs Inc.,≤100
74470852653,Mike Pompeo,Champion American Values PAC,≤100
145515185535518,Teamsters Local 320,These ads ran without a disclaimer,≤100
6240652407,Young America's Foundation,Young America's Foundation Inc,≤100
219612384781411,Bloomberg Philanthropies,Bloomberg Philanthropies,≤100
471928596287830,Brian Mast,Mast for Congress,≤100
114710126648118,Republican Dogs,Republican Dogs,≤100
160005659383,PreBorn,"MISSION: PRE-BORN, INC.",≤100
114301413446447,The Climate Initiative,Kennebunkport Climate Initiative,≤100
110316380149,Family Policy Alliance,Family Policy Alliance,≤100
240937060405,Center for Science in the Public Interest (CSPI),Center for Science in the Public Interest,≤100
1470151473238140,Save the Boundary Waters,Northeastern MInnesotans for Wilderness,≤100
145973965440671,Carnegie Corporation of New York,CARNEGIE CORPORATION OF NEW YORK,≤100
1590877284560136,Patti Harris,Bloomberg Philanthropies,≤100
101090559295696,TPUSA Faith,TURNING POINT USA NFP,≤100
140499052681592,Bank of the West,BANK OF THE WEST,≤100
103744903024220,MN350: Building a Climate Movement in Minnesota,MN350 & MN350 Action,≤100
101330089548224,John Burrows for Congress,John Burrows for Congress,≤100
168876449866088,The Years Project,THE YEARS PROJECT,≤100
243184199040637,Caring Across Generations,Caring Across Generations,≤100
23790541544,Democrats,DCCC,≤100
58736997707,Marco Rubio,Rubio Victory Committee,≤100
92021268117,Working America,Working America,≤100
1869687273277265,Run for Something,Run For Something PAC,≤100
93228695778,Tea Party Patriots,Tea Party Patriots,≤100
170756446429578,Othering & Belonging Institute,Othering and Belonging Institute,≤100
138354569532939,"Tradition, Family, Property - TFP","American Society for the Defense of Tradition, Family and Property",≤100
1428755447227803,Defend The Second,Next Level Goods,≤100
47710973068,Voices for Cooperative Power,Voices for Cooperative Power,≤100
57774720835,RESOLVE: The National Infertility Association,RESOLVE THE NATIONAL INFERTILITY ASSOCIATION (USED IN VA BY: RESOLVE INCORPORATED),≤100
102027764795677,American Wire,BizPac Review,≤100
76470053424,TIAA,TEACHERS INSURANCE AND ANNUITY ASSOCIATION OF AMERICA,≤100
18813753280,Human Rights Campaign,"HUMAN RIGHTS CAMPAIGN, INC.",≤100
245741028804051,Barbara Sinatra Center,Barbara Sinatra Children's Center,≤100
106730442395106,Real American Center,Real American Center,≤100
164498676940373,American Masters,WNET,≤100
46093654473,National Republican Congressional Committee,NRCC,≤100
1013454855413378,Arena Mail + Digital,Arenawins,≤100
142432192446984,David Horowitz Freedom Center,David Horowitz Freedom Center,≤100
109521013225,Nikki Haley,Nikki Haley for President,≤100
102961088866702,Sarah Klee Hood for Congress,SARAH KLEE HOOD FOR NY,≤100
1646143148996309,ADM,ADM,≤100
25852730092,Care2,"Care2.com, Inc",≤100
83865976093,Truthout,TRUTHOUT,≤100
115031433563622,Leading Ladies,BizPac Review,≤100
19746387261,Humane Society International,Humane Society International,≤100
1443127535947107,Save the Children Action Network,Save the Children Action Network,≤100
318691681482265,Liberty Justice Center,Liberty Justice Center,≤100
110624565660992,ZOE International,ZOE International,≤100
25121889784,Texas Public Policy Foundation,Texas Public Policy Foundation,≤100
8321461609,MomsRising.org,MomsRising Together,≤100
355783211719644,Veteran Caregivers of America,"Veteran Caregivers, LLC",≤100
118903025362,FLOR,"FLOR, Inc.",≤100
108266445888054,Patriot Academy,TORCH OF FREEDOM FOUNDATION,≤100
1707505176197284,FREOPP,THE FOUNDATION FOR RESEARCH ON EQUAL OPPORTUNITY,≤100
508887815910815,BPR,BizPac Review,≤100
2321993584737314,The Markin Report,The Markin Report,≤100
407902639235640,JNS.org,Jewish News Syndicate,≤100
104507259139090,Great American World,Great American World,≤100
46347342434,EMILYs List,EMILY'S LIST,≤100
126305280752104,Slavic Gospel Association,SLAVIC GOSPEL ASSOCIATION,≤100
105975318453101,LEADAmerica.org,Leadership to Ensure the American Dream,≤100
284293125336159,Regulatory Transparency Project,FEDERALIST SOCIETY FOR LAW & PUBLIC POLICY STUDIES,≤100
408250066356,Bill O'Reilly,"Bill Me, Inc.",≤100
1338822066131069,Women's March,Women's March,≤100
116546288359245,Heritage Action for America,HERITAGE ACTION FOR AMERICA,≤100
169042736456594,All Out,All Out Action Fund.,≤100
1898234727131235,Reel America,BizPac Review,≤100
259351004139042,Ashbrook Center,Ashbrook Center,≤100
1163811040367180,Food & Water Action,FOOD & WATER ACTION,≤100
118626774835274,Medicare Made Clear,Medicare Made Clear from United Healthcare,≤100
109804228606725,Benton Solar,"NEXTERA ENERGY RESOURCES, LLC",≤100
102413723172970,Nick Adams,Nick Adams,≤100
147368882623027,Black Futures Lab,Black Futures Lab,≤100
119953292796,Jim Banks,BANKS FOR SENATE,≤100
20787991568,Senate Democrats,DSCC,≤100
169687486427698,Jentezen Franklin,FREE CHAPEL WORSHIP CENTER,≤100
309890072778981,Wisconsin Homeowners Alliance,Wisconsin Homeowners Alliance,≤100
15503839732,Peter G. Peterson Foundation,Peter G. Peterson Foundation,≤100
105452335806886,Vote for Kristie Jerde,Kristie Jerde,≤100
282728185140429,Rep For Vets,The Rep For Vets,≤100
1534290989956166,Philanthropy Roundtable,"PHILANTHROPY ROUNDTABLE, THE",≤100
130945114804,World Jewish Congress,WORLD JEWISH CONGRESS AMERICAN SECTION INC,≤100
7860876103,Joe Biden,DNC SERVICES CORP./DEM. NAT'L COMMITTEE,≤100
162244692732,Brennan Center for Justice at NYU Law,"WILLIAM J. BRENNAN CENTER FOR JUSTICE, INC.",≤100
103565195134756,America First Policy Institute,America First Policy Institute,≤100
111464544881905,America First News,Tomer Barazani,≤100
7606381190,Amy Klobuchar,KLOBUCHAR FOR MINNESOTA,≤100
133937690180,Student Conservation Association,Student Conservation Association,≤100
21242962092,ClientEarth,CLIENTEARTH USA INC,≤100
378084314984,Trane Technologies,Trane Technologies,≤100
7145381235,American Jewish World Service - AJWS,"AMERICAN JEWISH WORLD SERVICE, INC.",≤100
108293898875429,President Trump Supporters,I Love My Freedom,≤100
60182072999,Lila Rose,Live Action,≤100
97466887664,Innocence Project,"INNOCENCE PROJECT, INC., THE",≤100
7962229886,Environmental Working Group,ENVIRONMENTAL WORKING GROUP,≤100
118152441212175,Digital Innovation for America,Digital Innovation for America,≤100
101869563236902,FreedomFest,FreedomFest,≤100
132066233534659,Healthcare Education Project,Healthcare Education Project,≤100
251734676525,Kevin Cramer,CRAMER FOR SENATE,≤100
12185972707,350.org,350 ORG,≤100
201446296572389,Compassion in World Farming (USA),Compassion in World Farming Inc,≤100
6787988478,Physicians for Human Rights,"PHYSICIANS FOR HUMAN RIGHTS, INC.",≤100
101224002310757,Seven Weeks Coffee,Seven Weeks Coffee,≤100
103885799225717,Liberty Protector,Liberty Protector,≤100
226999127329906,New York Immigration Lawyer,Law Office of Alena Shautsova,≤100
6334782252,Oceana,Oceana,≤100
1186891087992163,Eddie Melton,Melton for Mayor of Gary,≤100
8524198486,Physicians Committee for Responsible Medicine,"PHYSICIANS COMMITTEE FOR RESPONSIBLE MEDICINE, INC.",≤100
91346559231,Democratic Legislative Campaign Committee - DLCC,Democratic Legislative Campaign Committee,≤100
236312179825896,Republican Main Street Partnership,REPUBLICAN MAIN STREET PARTNERSHIP INC,≤100
723394465079640,The Lion,Stanley M. Herzog Charitable Foundation,≤100
210940455677523,Visit Waupaca County,Waupaca County Economic Development Corporation,≤100
101080822634195,Fix It Films,Fix It Healthcare,≤100
310925405807,Citizens Climate Lobby,Citizens' Climate Lobby,≤100
36872302227,Cory Booker,CORY BOOKER FOR SENATE,≤100
110480728196620,Small Business Digital Alliance,Small Business Digital Alliance,≤100
104623832132932,Perry Johnson,PERRY JOHNSON FOR PRESIDENT INC.,≤100
124506846628,Agape International Missions,AGAPE INTERNATIONAL MISSIONS,≤100
487569614682924,CAPP USA,Yellow Line Productions LLC,≤100
14038292386,Women for Women International,WOMEN FOR WOMEN INTERNATIONAL,≤100
153278754738777,Climate Reality,The Climate Reality Project,≤100
292351509697,Jerusalem Prayer Team,Jerusalem Prayer Team,≤100
1065631633538453,Physicians Across Continents,These ads ran without a disclaimer,≤100
19420215926,CNSNews.com,MEDIA RESEARCH CENTER,≤100
100809736190174,American Promises,American Promises,≤100
112642477582238,Mericanaf,AAF Nation,≤100
60261764250,Childhelp,"CHILDHELP, INC.",≤100
217649245509,Nature | PBS,WNET,≤100
169204449790211,Conservative News Today,BizPac Review,≤100
104491841664875,Country First,"Country First Action, Inc.",≤100
106058025408954,Do No Harm Medicine,Do No Harm,≤100
2602473023098666,Democratic Polling Center,Democratic Governors Association,≤100
111380958315889,Secure Financial Future,INVESTMENT COMPANY INSTITUTE,≤100
12357407443,American Friends Service Committee,AMERICAN FRIENDS SERVICE COMMITTEE,≤100
105756057589080,The Lincoln Project,THE LINCOLN PROJECT,≤100
313723095478950,Daily Citizen,Focus on the Family,≤100
50513265848,Citizens United,Citizens United,≤100
102546979162526,Clean4Change,These ads ran without a disclaimer,≤100
183616858375889,City of Fridley,These ads ran without a disclaimer,≤100
29934350147,Marketplace Business News,AMERICAN PUBLIC MEDIA,≤100
153446658100252,Lumina Foundation,Lumina Foundation,≤100
43934405787,IPPF,International Planned Parenthood Federation Worldwide Inc,≤100
984421991732710,Paycheckology,Paycheckology,≤100
107323051758635,Josh Riley,Josh Riley for Congress,≤100
425771317501061,Michael Knowles,The Daily Wire,≤100
208070503032,Beltrami Electric Cooperative,BELTRAMI ELECTRIC CO-OP INC,≤100
367292494407,AJC - American Jewish Committee,AMERICAN JEWISH COMMITTEE,≤100
182620315479,Plan International USA,Plan International USA,≤100
16317479654,Deseret News,Deseret News,≤100
107445151903077,Change The Code,GREENPEACE INC,≤100
1272534336242476,CFR Education,Council on Foreign Relations,≤100
120778038066631,EveryLibrary,EveryLibrary,≤100
125179374733697,Big News Buzz,Resource Media,≤100
158505287559920,Save the Storks,Save the Storks,≤100
164966660351345,Hope Outfitters,Hope Outfitters,≤100
85252863415,National Latina Institute for Reproductive Justice,NATIONAL LATINA INSTITUTE FOR REPRODUCTIVE HEALTH,≤100
7191206138,ASPCA,ASPCA,≤100
89855016270,National Conference of State Legislatures,National Conference of State Legislatures,≤100
77278490877,National Corn Growers Association,NATIONAL CORN GROWERS ASSOCIATION INC,≤100
173896102623920,Old Row,Old Row,≤100
139685516113917,William Morrow,HARPERCOLLINS PUBLISHERS L.L.C.,≤100
201956993160690,MRCTV,MEDIA RESEARCH CENTER,≤100
524399207959953,Truth & Liberty Coalition,Truth & Liberty Coalition,≤100
39813692310,Michigan Democratic Party,MICHIGAN DEMOCRATIC STATE CENTRAL COMMITTEE,≤100
464998390249008,The Independence Fund,"INDEPENDENCE FUND, INC, THE",≤100
141786816970,Cruise Lines International Association - CLIA,Cruise Lines International Association,≤100
117437204982602,American Wild Horse Campaign,American Wild Horse Preservation Campaign,≤100
109352563640,Water.org,WATER.ORG INC.,≤100
116056898085779,American Exceptionalism PAC,AMERICAN EXCEPTIONALISM PAC,≤100
110981884065996,AbortionFinder,Power to Decide,≤100
18017481462,Acton Institute,Acton Institute,≤100
100758682697459,Mayday Health,"Mayday Medicines, Inc.",≤100
128288676833,Rocky Mountain Elk Foundation,"ROCKY MOUNTAIN ELK FOUNDATION, INC.",≤100
114009933764548,The Patriot Club,RightWingGear.com,≤100
120102651346136,Nevada State Treasurer’s Office,STATE TREASURER NEVADA OFFICE OF,≤100
142957224352,International Medical Corps,International Medical Corps,≤100
34490197275,Stitcher,Stitcher,≤100
111357897876676,Scotty Moore for Congress,Scotty Moore for Congrss,≤100
107034431979369,United24,These ads ran without a disclaimer,≤100
38882699096,Polaris,POLARIS PROJECT,≤100
127276773973529,SEVA FOUNDATION,Seva Foundation,≤100
89336510798,American Friends of the Hebrew University,American Friends of Hebrew University,≤100
142474049098533,Robert Reich,Inequality Media Civic Action,≤100
29464444855,Loyola University Chicago,Loyola University Chicago,≤100
279890513018,Islamic Networks Group - ING,"ISLAMIC NETWORKS, INC.",≤100
1562713090633117,Operation Underground Railroad,OPERATION UNDERGROUND RAI,≤100
5970146660,Community Change,Center for Community Change Action,≤100
100692068471118,Explain America,Apse Media LLC,≤100
142474049098533,Robert Reich,Inequality Media,≤100
126855128568,FEBC (Far East Broadcasting Company),"FAR EAST BROADCASTING COMPANY, INC.",≤100
238348260390644,The Brigid Alliance,"BRIGID ALLIANCE, THE",≤100
1599237673639735,Change Media Group,Change Media Group,≤100
430964644347524,Campaign Ad-Cloud,Campaign Ad-Cloud,≤100
271453369908901,FLAG  - Foundation for Liberty and American Greatness,Tomer Barazani,≤100
403716816314673,Lee Saunders,AMERICAN FEDERATION OF STATE COUNTY & MUNICIPAL EMPLOYEES,≤100
107008774760761,Color Us United,Color Us United,≤100
21395843375,Dialysis Patient Citizens,DIALYSIS PATIENT CITIZENS INC,≤100
105173311888160,Star and Bar,Star and Bar,≤100
349800859019034,The 19th News,The 19th,≤100
220873174076,Animal Equality,ANIMAL EQUALITY,≤100
999556810102061,Signature Seas,Signature Seas,≤100
1382441768496365,Pentair,PENTAIR,≤100
986933941425487,Woodwell Climate Research Center,Woodwell Climate Research Center,≤100
71324717432,National Association of Scholars,NATIONAL ASSOCIATION OF SCHOLARS,≤100
673667436317733,Texas Consumer Association,Texas Consumer Association,≤100
84645912778,Prosperity Now,PROSPERITY NOW,≤100
522359791285231,American Greatness,Center for American Greatness Inc,≤100
291102898490822,Conservative Comedy Store,Conservative Comedy Store,≤100
293225127381200,Patriot Depot,The Patriot Depot,≤100
93565224474,Mercy For Animals,MERCY FOR ANIMALS,≤100
157578131280578,Legal Marijuana Now MN,Legal Marijuana Now Party,≤100
546066468753446,Black Health Matters,BLACK HEALTH MATTERS FOUNDATION INC,≤100
205795426669644,Facts and Logic about the Middle East,Facts and Logic About the Middle East,≤100
21169267101,Give,These ads ran without a disclaimer,≤100
132766376763861,I Make America,Association of Equipment Manufacturers,≤100
104981939210693,Clayton Keirns,I Love My Freedom,≤100
393076844046051,Progressive Caucus,CONGRESSIONAL PROGRESSIVE CAUCUS PAC,≤100
10498053716,Media Research Center,MEDIA RESEARCH CENTER,≤100
101704558574021,Lucas Kunce,Lucas Kunce for Missouri,≤100
6165653060,AFSCME,AMERICAN FEDERATION OF STATE COUNTY & MUNICIPAL EMPLOYEES,≤100
11918108948,African Wildlife Foundation,AFRICAN WILDLIFE FOUNDATION,≤100
331037760381749,Sierra Magazine,SIERRA CLUB,≤100
102359255363362,Puck,Puck,≤100
484004754966331,Jackery,These ads ran without a disclaimer,≤100
5647744585,PETA (People for the Ethical Treatment of Animals),"PEOPLE FOR THE ETHICAL TREATMENT OF ANIMALS, INC.",≤100
104809459160835,Queens Future,Queens Future,≤100
17414523278,Democracy Now!,DEMOCRACY NOW,≤100
103376804451432,Trending Politics,I Love My Freedom,≤100
100806242836871,Preservation Pause,University of Arizona Indigenous Peoples Law and Policy Program,≤100
121268821249550,World Central Kitchen,These ads ran without a disclaimer,≤100
304842759546695,Brooklyn Institute for Social Research,Brooklyn Institute for Social Research,≤100
43426724597,Paper Culture,Paper Culture LLC,≤100
108512875350,The Atlas Society,The Objectivist Center Ltd,≤100
195100614324426,The Freedom Initiative,The Freedom Initiative,≤100
497348647140658,Point Source Youth,Point Source Youth,≤100
121750354532995,Yale Program on Climate Change Communication,Yale Program on Climate Change Communication,≤100
403737406341879,National Women's Health Network,NATIONAL WOMENS HEALTH NETWORK,≤100
48994809349,Ms. Foundation for Women,MS FOUNDATION FOR WOMEN INC,≤100
309798029121030,Everytown for Gun Safety,Everytown for Gun Safety Support Fund Inc,≤100
262741493751666,The Pew Charitable Trusts,"PEW CHARITABLE TRUSTS, THE",≤100
1226257404067392,Floridians for Government Accountability,"FLORIDIANS FOR GOVERNMENT ACCOUNTABILITY, INC.",≤100
397207347056799,Voices for Healthy Kids,AMERICAN HEART ASSOCIATION INC,≤100
36085812354,Rainforest Foundation US,"Rainforest Foundation, Inc.",≤100
114571218194112,Let's Get This Thread,"Results Optimized, LLC",≤100
902485329837313,NinjaOne,These ads ran without a disclaimer,≤100
103552914774916,Science Moms,Potential Energy Coalition Inc,≤100
103044096109594,Eugene Delgaudio,PUBLIC ADVOCATE OF THE UNITED STATES,≤100
104977525752112,Freedom of Patriots,Freedom of Patriots,≤100
18983389920,Open Society Foundations,Open Society Foundations,≤100
312657362217994,Women's Heart Alliance,Women's Heart Alliance,≤100
147126507164,ACTwireless,ACTwireless,≤100
106119088901067,Vitalize Citizens Club,Vitalize Citizens Club,≤100
116821227998416,Protect Women Ohio,Protect Women Ohio,≤100
690457604737953,Independent Colleges and Universities of Florida - ICUF,ICUF,≤100
103648802451237,Fair Courts America,Fair Courts America,≤100
101670979560788,Reel Police,BizPac Review,≤100
473191156175163,EDF Action,Environmental Defense Action Fund,≤100
337038226473839,Trish Regan,"SALEM MEDIA GROUP, INC.",≤100
30914589895,The International Fellowship of Christians and Jews,"INTERNATIONAL FELLOWSHIP OF CHRISTIANS & JEWS, INC.",≤100
689547608156721,The Burial Solution,Sean Thomas Brooks,≤100
6756153498,Mike Bloomberg,Bloomberg Philanthropies,≤100
513695272011123,The Genesis Prize,GPF NA LLC,≤100
102961048478150,Center for Renewing America,CENTER FOR RENEWING AMERICA INC,≤100
14084625156,Susan G. Komen,Susan G. Komen,≤100
110003135240961,Pride of America,Pride of American,≤100
111464544881905,America First News,America First News,≤100
140155342671005,Sempervirens Fund,SEMPERVIRENS FUND,≤100
104377518078467,More Perfect Union,MORE PERFECT UNION FOUNDATION,≤100
104631299194819,Love Loyalty Honor,Love Loyalty Honor,≤100
109118211910879,Mr. 45,Green Straw LLC,≤100
114226275387369,republicEn,republicEn,≤100
38897314734,Trust for Public Land,"TRUST FOR PUBLIC LAND, THE",≤100
104614641200137,MeidasTouch,MEIDASTOUCH,≤100
16900111951,National Organization for Women (NOW),NATIONAL ORGANIZATION FOR WOMEN,≤100
101103254533,SOS International,SOS International,≤100
16534314739,Facing History and Ourselves,"FACING HISTORY AND OURSELVES NATIONAL FOUNDATION, INC.",≤100
124383441363,Connecticut Education Association (CEA),CONNECTICUT EDUCATION ASSOCIATION,≤100
182723117043,Chicago Council on Global Affairs,CHICAGO COUNCIL ON GLOBAL AFFAI,≤100
254943996005,Catholic Answers,"CATHOLIC ANSWERS, INC.",≤100
107260975453369,TrendFeed,These ads ran without a disclaimer,≤100
19342050934,Leadership Institute,LEADERSHIP INSTITUTE INC,≤100
101791315693,Destiny Rescue,"Destiny Rescue International, Inc.",≤100
107077981585236,"Debt Elimination NOW, Neeley Law","Debt Elimination NOW, Neeley Law",≤100
116204538416735,The AIDS Institute,AIDS INSTITUTE INC,≤100
234142976633158,Wake Up World & Smell the Coffee,Edith Dume Lerner,≤100
397054531024452,COPS Training Portal,COPS Training Portal,≤100
265584563563176,JCRC of Greater Washington,The Jewish Community Relations Council of Greater Washington,≤100
110210055663448,AIDSVu,AIDSVu,≤100
1165715730222155,Consumer Choice Center,Consumer Choice Center,≤100
174793662656828,Colorado Peak Politics,Peak Politics LLC,≤100
2070944712939738,American Police Officers Alliance,American Police Officers Alliance,≤100
80060992758,Center for Food Safety,"CENTER FOR FOOD SAFETY, THE",≤100
163662804426854,Life Advancement Group,Nathan Montgomery Berning,≤100
115262456592822,Christians Engaged,Christians Engaged,≤100
123857614319417,Texas Nationalist Movement,Texas Nationalist Movement,≤100
1526736227567131,TrueCoverage,True Coverage,≤100
100484735718366,The Coalition for Carolina,Coalition for Carolina,≤100
58158120046,ACLJ,American Center for Law and Justice,≤100
143173285763,Tenth Amendment Center,Tenth Amendment Center,≤100
393795797388359,FOUR PAWS,FOUR PAWS INTERNATIONAL INC,≤100
411973422963732,Twenty Daily,These ads ran without a disclaimer,≤100
268742029966978,PowerToFly,These ads ran without a disclaimer,≤100
717339155320936,Better Solutions for Healthcare,Better Solutions for Healthcare,≤100
102221165021408,Law Forward,"Law Forward, Inc.",≤100
431019887282794,Tomorrow's World Today,Flying Cork,≤100
104092062075803,USA Jolt,"Jolt Media, Inc.",≤100
111812468884033,W.K. Kellogg Foundation,W. K. KELLOGG FOUNDATION,≤100
217187838327836,The Story Exchange,The Story Exchange Foundation,≤100
103132752758268,Debt Buster,These ads ran without a disclaimer,≤100
190621894334907,Mille Lacs Health System,These ads ran without a disclaimer,≤100
100711852963449,Team Vivek,VIVEK 2024,≤100
102747582433733,Shared Influence,THE PUBLIC GOOD PROJECTS INC,≤100
474062436008137,Team McCaul,"McCaul for Congress, Inc.",≤100
30914589895,The International Fellowship of Christians and Jews,INTERNATIONAL FELLOWSHIP OF CHRISTIANS & JEWS INC,≤100
102868946106278,Reel Congress,BizPac Review,≤100
6333396177,NewsBusters.org,MEDIA RESEARCH CENTER,≤100
104135498618328,Bored Cow,These ads ran without a disclaimer,≤100
199891603386344,Common Ground Committee,Common Ground Committee,≤100
55708608675,RAND Corporation,"RAND CORPORATION, THE",≤100
839073729808623,Hillary Scholten,SCHOLTEN FOR CONGRESS,≤100
260713150211,Protect Our Winters,Protect Our Winters,≤100
149506275069183,Florida State Hispanic Chamber Of Commerce,Florida State Hispanic Chamber of Commerce,≤100
2248759605441364,Ahimsa,These ads ran without a disclaimer,≤100
78420171887,Sailors for the Sea,OCEANA INC,≤100
81839392622,American Century Investments,AMERICAN CENTURY SERVICES CORPORATION,≤100
59877921429,Lutheran Immigration and Refugee Service,"LUTHERAN IMMIGRATION AND REFUGEE SERVICE, INC.",≤100
399060493533519,The Justice Foundation,JUSTICE FOUNDATION,≤100
8550121410,Free Speech America Project,MEDIA RESEARCH CENTER,≤100
220538341415523,The Satanic Temple,The Satanic Temple,≤100
1821609834721994,Otis Elevator Co,OTIS ELEVATOR COMPANY,≤100
112602535494455,The Reporters Inc,REPORTERS INC,≤100
106608038931801,Loyal Patriots,Loyal Patriots,≤100
109599248636777,Consumer Credit Card Protection Coalition,CONSUMER CREDIT CARD PROTECTION COALITION,≤100
108537340548276,"Haiku, Inc.",Kyle Reyes,≤100
126105480781184,Texas Home School Coalition (THSC),TEXAS HOME SCHOOL COALITION,≤100
21935371894,Metro United Way,"METRO UNITED WAY, INC.",≤100
1715587955338111,National Incarceration Association,National Incarceration Association,≤100
104979848524405,Starts With Us,Lubetzky Family Foundation,≤100
1980217022255856,Atticus,These ads ran without a disclaimer,≤100
28446275521,Military Officers Association of America (MOAA),Military Officers Association of America,≤100
104721922541733,Nuclear Now,Nuclear Now,≤100
451075468389015,Donald Trump Is My President,Donald Trump Is My President,≤100
1613516851999536,Sunrise Movement,Sunrise,≤100
101626535691142,Tina Blum Cohen for U.S. House of Representatives Texas District 7,TINA BLUM COHEN FOR US HOUSE OF REPRESENTATIVES TEXAS DISTRICT 7,≤100
248539568517772,New Jersey League of Conservation Voters,NJ LEAGUE OF CONSERVATION,≤100
138492335404,Scott Walker,FORWARD USA FEDERAL POLITICAL ACTION COMMITTEE,≤100
103747761393271,Lootpress,Lootpress,≤100
621063378058314,Republican Party of McLennan County,McLennan County Republican Party,≤100
110624247393153,Republican Ads,"Republican Ads, LLC",≤100
386305465057247,Liberty Nation,Liberty Nation,≤100
102490504962117,Phade products,Phade products,≤100
2390004754407420,Childcare Changemakers,Community Change Action,≤100
114513494875415,America's Freedom Page,USA Features Media LLC,≤100
327853590558653,"Agri-Pulse Communications, Inc.","AGRI-PULSE COMMUNICATIONS, INC.",≤100
210357995667559,The National Memo,The National Memo,≤100
192609620649,The University of Chicago,The University of Chicago,≤100
56074851990,Truth Initiative,TRUTH INITIATIVE FOUNDATION,≤100
27311599342,Preemptive Love,Preemptive Love Coalition,≤100
156496968533805,Explore Beyond,NCTA - The Internet & Television Association,≤100
506680536015406,HumanProgress.org,"CATO INSTITUTE, INC.",≤100
149220264647,ADL - Anti-Defamation League,Anti-Defamation League,≤100
1545775885684426,Jason Miyares,Miyares for Virginia,≤100
101159132929750,Civic Roots Foundation,Civic Roots Foundation Inc.,≤100
101239962270235,Bright Future Iowa,Bright Future Iowa,≤100
1628922377207463,Randy Feenstra,FEENSTRA FOR CONGRESS,≤100
110413484971344,The Frugal Saver,"WISDOM COMPANIES, LLC , THE",≤100
458142697588014,AARP Public Policy Institute,AARP,≤100
101931635812737,Reform Congress,Reform Congress,≤100
110607104761521,Shellfish Growers Climate Coalition,NATURE CONSERVANCY,≤100
108703294887683,The Recycled Rubber Coalition,Kenneth Stratton Kirton,≤100
645392368909975,carafem,carafem,≤100
8895898655,Rainforest Alliance,"RAINFOREST ALLIANCE, INC.",≤100
104099512361482,Funnies Now - Magazine,These ads ran without a disclaimer,≤100
227594571444676,Building New York's Best,Carpenter Contractor Alliance of Metropolitan New York,≤100
27544763621,Prison Fellowship,Prison Fellowship,≤100
118385911198439,Trending Politics News,I Love My Freedom,≤100
103546351703577,Dallas Express,Dallas Express Media,≤100
108733284000016,Oklahoma Families for Affordable Health Care,Oklahoma Families for Affordable Health Care,≤100
181924628560212,Ekō,Ekō,≤100
104396194587918,C3 Solutions,Conservative Coalition for Climate Solutions,≤100
64468870451,Premiere Speakers Bureau,Premiere Speakers Bureau,≤100
104259799088160,Daily Rumble,These ads ran without a disclaimer,≤100
228058837366607,Right Viral,Free American Fund,≤100
102204903345,The Vilcek Foundation,"VILCEK FOUNDATION, INC., THE",≤100
1654550184799326,RetireSafe,RetireSafe,≤100
747004618667089,Belev Echad,BELEV ECHAD INC,≤100
104660195062596,Gen Z Conservative,Michael Scott Hughes,≤100
100562019990818,U.S. Term Limits,U.S. Term Limits Inc.,≤100
313426465202,Arizona Wildlife Federation,ARIZONA WILDLIFE FEDERATION,≤100
1425435377743310,Conversations with Bill Kristol,FOUNDATION FOR CONSTITUTI,≤100
266602360083204,The Children's Trust,"CHILDREN'S TRUST, INC",≤100
1117698914923696,Nurx,These ads ran without a disclaimer,≤100
250392878345035,The Focused Pastor,Focus on the Family,≤100
133913826633461,Grassroot Institute of Hawaii,Grassroot Institute of Hawaii,≤100
747783932079184,Jared Golden for Congress,COMMITTEE TO ELECT JARED GOLDEN,≤100
106058287863062,Turn Oakland County Green,Turn Oakland County Green,≤100
101531371215365,edding USA,These ads ran without a disclaimer,≤100
109710757964393,Pamela Boggess for Fort Worth City Council,Pamela Boggess Campaign,≤100
101400032438085,The A-Mark Foundation,A MARK FOUNDATION,≤100
103851532013523,Policyfetch.com,Quantum Digital Media Inc,≤100
100700519593180,"Buck Nasty Media. Sports, culture, politics, and the Nasty Truth",Robert Mattox,≤100
102421369434228,Goose's News Daily,Justin Gustafson,≤100
332671562949,Diversey,"Diversey Holdings, LTD.",≤100
311901101987,"The Seeing Eye, Inc.",SEEING EYE INC,≤100
88410949777,Population Media Center,"POPULATION MEDIA CENTER, INC.",≤100
260668817346988,Ignite National,IGNITE,≤100
103983379801,Texas Democratic Party,Texas Democratic Party,≤100
112339644228184,Next Chapter Podcasts,"Next Chapter Podcasts, LLC",≤100
10524033745,Remote Area Medical - RAM,REMOTE AREA MEDICAL,≤100
102044622753692,American Potential Podcast,AMERICANS FOR PROSPERITY,≤100
111661588557387,Living Tech Now,Living Tech Now,≤100
108731490859583,America's Work Force Union Podcast,"Bortini Management Associates, Inc.",≤100
361088970643071,Georgia Commute Options,Georgia Commute Options,≤100
16477459734,League of Conservation Voters,"LEAGUE OF CONSERVATION VOTERS, INC",≤100
183165025062107,The TESA Collective,"The Toolbox for Education and Social Action, Inc",≤100
27461595703,Carbonfund,Carbonfund.org Foundation,≤100
601678723294742,The Bill Walton Show,Resolute Protector Foundation,≤100
102712325850529,Libratum Press,Libratum Press LLC,≤100
112062103882377,Florida Consumer Alliance,Florida Consumer Alliance,≤100
112521665098122,Health Insurance Help Center,These ads ran without a disclaimer,≤100
505653766599222,America First with Dr. Sebastian Gorka,Salem Media,≤100
262902450432,TeachKind,PEOPLE FOR ETHICAL TREATMENT OF ANIMALS INC,≤100
170491079663777,The Sentencing Project,"SENTENCING PROJECT INC, THE",≤100
102596355656379,Red Wave News Updates,Michael Scott Hughes,≤100
59543893235,National Constitution Center,National Constitution Center,≤100
113496178208014,Protecting Our Democracy,Protecting Our Democracy,≤100
345751305447288,Daugherty Water for Food Global Institute,Daugherty Water for Food Global Institute,≤100
278876378889211,Armenian Museum of America,"ARMENIAN MUSEUM OF AMERICA, INC.",≤100
1575347412785991,cheddar news,Cheddar,≤100
300341323465160,The Daily Signal,HERITAGE FOUNDATION (THE),≤100
55053345685,Pretrial Justice Institute,PRETRIAL JUSTICE INSTITUTE,≤100
80770833881,Eagles' Wings,ROBERT STEARNS INTERNATIONAL INC,≤100
341513602902369,CALL TO ACTIVISM,CALL TO ACTIVISM,≤100
134994209997993,Electric TV,These ads ran without a disclaimer,≤100
186291828074120,Drexel University,Drexel University,≤100
1715411108562631,Laflore Paris,These ads ran without a disclaimer,≤100
159422384079137,UCSB Interdisciplinary Humanities Center,UCSB Interdisciplinary Humanities Center,≤100
108503659576,National Coalition for Public School Options,National Coalition for Public School Options,≤100
108102704441,US Campaign for Palestinian Rights,Education for Just Peace in the Middle East,≤100
105348224679358,The Don't Unfriend Me Show,DONT UNFRIEND ME,≤100
110760245177659,Save America,Save America,≤100
1200498506802502,cocojune,These ads ran without a disclaimer,≤100
40102638699,J Street,J STREET INC,≤100
19774119425,Habitat for Humanity,Habitat for Humanity International,≤100
266744843422391,Zoetis,Zoetis Inc.,≤100
7219151423,The Fund for American Studies (TFAS),FUND FOR AMERICAN STUDIES,≤100
113480505002852,Rick Jones for VISD District 5 Trustee,Rick Jones for VISD District 5 Trustee,≤100
278052172260101,ZERO TO THREE,ZERO TO THREE,≤100
106582384539447,Design for Freedom by Grace Farms,"GRACE FARMS FOUNDATION, INC.",≤100
19036504767,Center for Victims of Torture,"CENTER FOR VICTIMS OF TORTURE, THE",≤100
203294399456,Public Interest Registry,Public Interest Registry,≤100
222539451627775,The Graceful Goose,The Graceful Goose,≤100
104622121026372,Earth Breeze,These ads ran without a disclaimer,≤100
100718576155928,Conscious Money Enterprises LLC,Dontie Mitchell,≤100
46785153750,National Fair Housing Alliance,National Fair Housing Alliance,≤100
936968016365794,The Eric Metaxas Radio Show,Salem Media,≤100
105599502191866,Florida Jolt,"Jolt Media, Inc.",≤100
108615842526079,The Ronald Reagan Presidential Foundation and Institute,The Ronald Reagan Presidential Foundation and Institute,≤100
102200252489086,The Debt Bureau,These ads ran without a disclaimer,≤100
101960885328177,Odessa Headlines,Odessa Headlines,≤100
206052849902620,Intermountain Immigration,"Intermountain Immigration, LLC",≤100
29423827874,Proclaiming Justice to the Nations,PROCLAIMING JUSTICE TO THE NATIONS INC,≤100
1559386374365464,NewsBreak App,These ads ran without a disclaimer,≤100
162069790604,AARP Arizona,AARP,≤100
470369419784714,Nick Palmisciano,Nick Palmisciano,≤100
170126260000702,Western Journal US News,The Western Journal,≤100
178700205665083,FamilyLife Blended,CAMPUS CRUSADE FOR CHRIST INC,≤100
102230249080409,Freedom First,Jason Donald Robertson,≤100
192738164073627,A Better Balance,A Better Balance,≤100
214061167976,El Tiempo Latino,Center for Community Change Action,≤100
38234604057,PEN America,PEN AMERICAN CENTER INC,≤100
103592025044272,Penn State Forward,BOARDING SCHOOL INC,≤100
93692255431,Bread for the World,"BREAD FOR THE WORLD, INC.",≤100
5435784683,Greenpeace USA,"GREENPEACE, INC.",≤100
107645227592678,To Which We Belong,Mystic Artists,≤100
5699478389,Custom Ink,These ads ran without a disclaimer,≤100
39436858124,UC Berkeley School of Law,These ads ran without a disclaimer,≤100
1424003277893336,Allan Domb,Allan Domb for Philadelphia,≤100
1731084720451495,Saprea,The Younique Foundation,≤100
9324910069,NRSC,NRSC,≤100
137332930294201,Citizen Brain with Josh Kornbluth,Global Brain Health Institute,≤100
290851614930809,Combat AntiSemitism,Combat Hate Foundation,≤100
143170325693090,Saatva,These ads ran without a disclaimer,≤100
106862204671108,The Deplorable Americans,Justin Gustafson,≤100
104377641671195,Salem Podcast Network,Salem Media,≤100
830162603716633,Andy Beshear,Andy Beshear for Governor,≤100
7035457015,Brave New Films,BRAVE NEW FOUNDATION 501(C)(3),≤100
82223469060,ACN - Aid to the Church in Need,"AID TO THE CHURCH IN NEED, INC.",≤100
112071038480355,Real News Now,Real News Now,≤100
75198195635,Machinists Union,GRAND LODGE INTERNATIONAL ASSOCIATION OF MACHINISTS AND AEROSPACE WORKERS,≤100
710669049286394,Woo the People,Woo the People,≤100
43853729859,Campaigns & Elections,Political World Communications,≤100
109729861699329,Speak4,Speak4,≤100
182079698493370,Portside,Portside,≤100
130848666099,Business Forward,Business Forward Inc.,≤100
100374392742057,Weregreenly- Magazine,These ads ran without a disclaimer,≤100
101350839190816,Macro Conservative,Macro Conservative,≤100
186977768011413,Ironworkers Rising,"International Association of Bridge, Structural, Ornamental, and Reinforcing Iron Workers",≤100
170004579701070,RootsAction,Action For A Progressive Future,≤100
1677111425839949,American Promise,"AMERICAN PROMISE, INC.",≤100
940653386126953,StandingWithYou.org,Standingwithyou.org,≤100
97279934919,bp America,BP CORPORATION NORTH AMERICA INC.,≤100
81372493950,POET,"POET, LLC",≤100
1448985902033866,Trans Lifeline,Trans Lifeline,≤100
2007361039550045,"Center for Free, Fair, and Accountable Democracy","CENTER FOR FREE, FAIR, AND ACCOUNTABLE DEMOCRACY, INC.",≤100
2168484930102843,EJ Moonshot,EJ Creations LLC,≤100
710460605705480,Dugit Outreach Center,Dugit Messianic Outreach Center,≤100
302111635698,National Association of Tax Professionals (NATP),National Association of Tax Professionals,≤100
424443217623488,Clarion Project,"CLARION PROJECT, INC.",≤100
21641005582,Waitt Institute for Violence Prevention,These ads ran without a disclaimer,≤100
1196196390526965,Facebook Surveys,These ads ran without a disclaimer,≤100
279799525443906,HELPS Nonprofit,HELPS Nonprofit Law Firm,≤100
32050048014,The Conservation Fund,"CONSERVATION FUND, A NONPROFIT CORPORATION, THE",≤100
1271463226269367,Texans for Affordable Health Care,American Coalition for Affordable Healthcare,≤100
261951940219,Goldman Environmental Prize,Goldman Environmental Foundation,≤100
1444820465547227,Rank the Vote,Rank the Vote,≤100
36230141853,Zeal Optics,These ads ran without a disclaimer,≤100
1946103095604765,Melinda Katz,Katz NYS,≤100
269348454714,IMB,"INTERNATIONAL MISSION BOARD OF THE SOUTHERN BAPTIST CONVENTION, THE",≤100
295199098300,Scary Mommy,"BDG MEDIA, INC.",≤100
849840411792918,Korean Church,United Methodist Communications,≤100
628423320573742,Vote Run Lead,VOTERUNLEAD,≤100
104178704279594,Main St. First,Resource Media,≤100
124823057545947,Interface,"INTERFACE, INC.",≤100
126815818975,Global Fund for Children,GLOBAL FUND FOR CHILDREN (THE),≤100
170126260000702,Western Journal US News,Western Journal US News,≤100
120189635022,Bitdefender,These ads ran without a disclaimer,≤100
100575081546002,Blue Sea,These ads ran without a disclaimer,≤100
711909245654048,National Police Support Fund,National Police Support Fund,≤100
49275915266,MSI Reproductive Choices,MSI-US,≤100
208551063368,Dominican Friars of the Province of Saint Joseph,DOMINICAN FOUNDATION,≤100
103047259150209,What I Want to Know with Kevin P. Chavous,"Stride, Inc.",≤100
83960796709,Institute for Southern Studies,INSTITUTE FOR SOUTHERN STUDIES INC,≤100
100607179026941,Of Thee I Sing 1776,Harold Gershowitz,≤100
195261533834361,Friends of Animals,"FRIENDS OF ANIMALS, INC.",≤100
115851611042,The Max Foundation,THE MAX FOUNDATION,≤100
2099448153445994,Students for Life Action,Students for Life Action,≤100
273546779885377,The Gallant Pelham,"delupton, LLC",≤100
104107455066450,Russell Cohen on moderation in public policy,Howard Cohen,≤100
22339908994,Vote Solar,Vote Solar,≤100
80357799397,L.A. Louver,These ads ran without a disclaimer,≤100
162076961537,CA Charter Schools Association,CALIFORNIA CHARTER SCHOOLS ASSOCIATION,≤100
287754774569171,Americans for Prosperity-Montana,AMERICANS FOR PROSPERITY,≤100
107454490912636,Jewish Future Pledge,Jewish Future Pledge Inc,≤100
276379069892534,Spotlight Initiative,Spotlight Initiative,≤100
106359662726593,Golden Apple,GOLDEN APPLE FOUNDATION EXCELLENCE IN TEACHING,≤100
103277109172874,The Original Lou's News,Michael Scott Hughes,≤100
14440196673,Teamsters,Teamsters,≤100
1883837055193241,Shield Republic,Shield Republic,≤100
109284291894484,American News Stories,Michael Scott Hughes,≤100
101581329115492,Freedom Street,Jason Donald Robertson,≤100
1406149713044974,Intellectual Judaism,Intellectual Judaism,≤100
150559895031,Rapha International,"Rapha House International, Inc.",≤100
37540989546,Power to Decide,Power to Decide,≤100
275947565591,"Woods and Woods, LLC, The Veteran's Firm","Woods & Woods, LLC",≤100
230674337091593,Monti Kids,These ads ran without a disclaimer,≤100
119906061037654,The Political Pendulum,TWIN TAURUS LLC,≤100
101930385197156,Alianza Center,"Alianza Center, Inc.",≤100
7922603659,Leave No Trace,These ads ran without a disclaimer,≤100
117592091643709,Tree of Life Ministries｜Evangelism in Israel,Tree of Life Ministries,≤100
125937197447634,ACTA - American Council of Trustees and Alumni,AMERICAN COUNCIL OF TRUSTEES AND ALUMNI,≤100
147523538641547,Capitol Ministries,CAPITOL MINISTRIES,≤100
513785465632396,Airline Passengers for Justice,Airline Passengers for Justice,≤100
101848089863820,Bold Nebraska,These ads ran without a disclaimer,≤100
110094158160834,The American Tribune,Michael Scott Hughes,≤100
2327952327292256,Iron Flask,Iron Flask,≤100
109509160871762,Evan Elliott for Noblesville City Council,Evan for Noblesville,≤100
234744096655497,Alliance For Early Success,Alliance for Early Success,≤100
105291309130334,EngenderingLoveorg,These ads ran without a disclaimer,≤100
105627742460145,Tobacco Kills NY,TOBACCO-FREE KIDS ACTION FUND,≤100
346612865750115,Korea Defense Veterans Association,Korea Defense Veterans Association,≤100
82609311925,GreenLatinos,GreenLatinos,≤100
101254489360004,Texas Agriculture Connection,Texas Agriculture Connection,≤100
122103887952099,Tenthouse Structures,These ads ran without a disclaimer,≤100
350914689303,AARP Iowa,AARP,≤100
833703819981407,Atlantic Re:think,The Atlantic Monthly Group LLC,≤100
203156483151292,PassionLife,PassionLife Ministries,≤100
461530314600399,Common Sense American Politics,Common Sense American Politics,≤100
107958555493486,TRUMP,Conrad Orgain Irby,≤100
55014581847,Strategic Elements,Strategic Elements,≤100
112168888451050,Macy Hill for Fort Worth District 7,Macy Hill for Fort Worth,≤100
100221986153813,Lou's Daily News,Michael Scott Hughes,≤100
839158786226886,Two Party Opera,Brian Thomas Carroll,≤100
105280684938489,KnowledgeVerse,These ads ran without a disclaimer,≤100
321568941233860,The Independent American,Franco Benito Marco Valdivieso,≤100
97624620788,American Friends of Magen David Adom,AMERICAN FRIENDS OF MAGEN DAVID ADOM,≤100
356050017804283,WSPA (Western States Petroleum Association),WESTERN STATES PETROLEUM ASSOCIATION,≤100
100710759119069,Blue Planet Ecosystem,Blue Planet Ecosystem,≤100
58043814556,Oklahoma City Memorial Marathon,Oklahoma City Memorial Marathon,≤100
261287791193463,Wood County Young Democrats,Zachary Stephen Schmidt,≤100
503699929651019,Washington Times Opinion,Washington Times,≤100
112123995142812,Forest Initiative llc,These ads ran without a disclaimer,≤100
117507751891,United Poultry Concerns,"UNITED POULTRY CONCERNS, INC",≤100
47564598184,A Greener World,These ads ran without a disclaimer,≤100
8340223883,Avaaz,Avaaz Foundation,≤100
227535924071462,Animal Petitions,AnimalPetitions.org,≤100
154930410085,"Zion Oil and Gas, Inc.","Zion OIl & Gas, Inc.",≤100
111265763982792,Austin Arthur of West Orange,Austin Arthur,≤100
950685078464558,Center for a Humane Economy,Center For A Humane Economy,≤100
185596045581840,Big Sky 55+,Big Sky 55+,≤100
79743808136,NAIS -- National Association of Independent Schools,"NATIONAL ASSOCIATION OF INDEPENDENT SCHOOLS, INC.",≤100
100284648021034,New Tolerance Campaign,New Tolerance Campaign,≤100
122787467408862,Save Ohio STRS,"Save Ohio STRS, Inc.",≤100
80770833881,Eagles' Wings,EAGLES' WINGS MINISTRIES,≤100
306480006853271,Political-Paige.com BLOG,Political-Paige.com,≤100
117287724959762,Brownfield Ag News,Brownfield Ag News,≤100
613924535450605,Daniel L. Hatcher,Daniel Landon Hatcher,≤100
109807943719796,Nothing Is Going To Get Better,Nothing Is Going To Get Better,≤100
9694956217,Animal Legal Defense Fund,ANIMAL LEGAL DEFENSE FUND,≤100
497949630282962,Retirement Specialty Group,Retirement Specialty Group,≤100
499379343409991,Impact Fund,"IMPACT FUND, THE",≤100
482208828521358,Rachel Carson Council,These ads ran without a disclaimer,≤100
49402381706,Californians for Population Stabilization,"CALIFORNIANS FOR POPULATION STABILIZATION, INC.",≤100
101574916113869,Kathy Stewart For D10,Campaign for Kathy Stewart,≤100
210937299260017,USA Features Media,USA Features Media LLC,≤100
101377889168483,Gumbo Limbo Coastal Stewards,"Gumbo Limbo Coastal Stewards, Inc.",≤100
20239752285,The American Prospect,"The American Prospect, Inc.",≤100
297623125000962,Wisconsin Jobs & Energy Coalition,Wisconsin Jobs and Energy,≤100
482869205100278,Neema Project,Neema Project,≤100
358113240871900,Nuclear Energy Institute,"NUCLEAR ENERGY INSTITUTE, INC.",≤100
363500867116594,Will Metcalf,Will Metcalf,≤100
428330877769054,Ask Anything,Ask Anything,≤100
430103120438251,Stephen Knipper for Secretary of State,Knipper for SOS,≤100
130130503698358,Eastern European Mission,EASTERN EUROPEAN MISSION,≤100
100637631678746,Conservative News Daily,Conservative News Daily,≤100
225422650854192,Election Systems & Software,Election Systems & Software,≤100
102579112455934,Making The Leap Podcast,Stanley M. Herzog Charitable Foundation,≤100
164049599660,Catholic Relief Services en español,CATHOLIC RELIEF SERVICES,≤100
43726922006,SiteGround,These ads ran without a disclaimer,≤100
131618273567984,Jeff Landry,Landry for Louisiana,≤100
258062237693141,Rural & Agriculture Council of America,Rural & Agriculture Council of America,≤100
215479992305641,Becoming Young,Becoming Young,≤100
174665813003584,Mission Partners for Christ,Mission Partners for Christ,≤100
207833736045744,MHAction.org,Patrick R. McHugh,≤100
105889739108143,The French Perspective,The French Perspective,≤100
291141624664794,Bright Body,Bright Body,≤100
95335385742,National Fish and Wildlife Foundation,National Fish and Wildlife Foundation,≤100
48530203934,The American Alpine Club,"AMERICAN ALPINE CLUB, THE",≤100
40217893542,AIPAC,American Israel Public Affairs Committee,≤100
30618466815,Pacific Legal Foundation,Pacific Legal Foundation,≤100
101320255680036,MVC Diaspora Network,Maruxa D Cardenas,≤100
320795891292789,NCMIC,These ads ran without a disclaimer,≤100
350397961975292,Councilman Pete H. Crisp for Mayor,Pete Hinojosa Crisp,≤100
7757414599,"Denver Climate Action, Sustainability and Resiliency","The Denver Office of Climate Action, Sustainability, and Resiliency",≤100
134571176638205,One Tree Planted,One Tree Planted,≤100
1040965162589549,SecondMuse,SECONDMUSE LLC,≤100
401240226922554,VoLo Foundation,VoLo Foundation,≤100
110010433804232,Standing For Freedom Center,Standing for Freedom Center,≤100
458643554482238,Uri Velez La Sra de los Seguros,Euridis Velez,≤100
106959920878115,The Well Done Foundation,"WELL DONE FOUNDATION, INC.",≤100
245064808869530,Bay Area Community Health Advisory Council,COMMUNITY INITIATIVES,≤100
244687155031,Penn Graduate School of Education,Penn Graduate School of Education,≤100
177725632972150,Matt Towne,Matthew D Towne,≤100
105652832443066,Carbon Titans,CARBON TITANS LLC,≤100
207242941103,The Deen Show,These ads ran without a disclaimer,≤100
1553978148244954,Build With Strength,Build With Strength,≤100
234628203317767,Made for Freedom,Made for Freedom,≤100
104977581307440,Dawn Hardy,These ads ran without a disclaimer,≤100
10881062011,Bulletin of the Atomic Scientists,These ads ran without a disclaimer,≤100
235039782048,Array of Hope,ARRAY OF HOPE,≤100
105430894660049,Charter Schools Now,Charter Schools Now PAC,≤100
102779544633123,SoDak 350,SoDak 350,≤100
38236386996,LSU Press,LSU Press,≤100
1752211025000504,Wynona's House Child Advocacy Center,Senator Wynona Lipman Child Advocacy Center,≤100
239179863091065,Guardians of the Children Mooresville Chapter,These ads ran without a disclaimer,≤100
103210743084765,Resonate,Resonate,≤100
102286035642350,Patriots for USA,USA Features Media LLC,≤100
107409909326665,Stephen Wise Free Synagogue,"WISE, STEPHEN FREE SYNAGOGUE",≤100
102142101657930,OurFight.online,Our Fight Inc,≤100
1720878078241107,Conservative Move,Conservative Move,≤100
102590994772178,Social Democratic Advocacy,Steven J. Schwartzberg,≤100
101294929460167,Missourians for Fair Legal Funding,Missourians for Fair Legal Funding,≤100
165858562140,Western Resource Advocates,WESTERN RESOURCE ADVOCATES,≤100
117214891638398,Street Grace,Street Grace Inc,≤100
1942060522564525,FarmWeekNow,FarmWeekNow,≤100
6334782252,Oceana,OCEANA INC,≤100
110054858717882,Recall Mayor McIsaac,South Dakotans for Transparent Government,≤100
112345611796763,Donald Trump Voters,I Love My Freedom,≤100
238473269650980,Capital & Main,CAPITAL & MAIN,≤100
331216390906913,Betterbrand,These ads ran without a disclaimer,≤100
121341950882334,Our Own Backyards Texas,Our Own Backyards Texas,≤100
1907921789531594,The History of Black Philadelphia,Gregory L Johnson,≤100
153704007991524,Women's Earth and Climate Action Network,Women's Earth and Climate Action Network (WECAN) International,≤100
594519783957655,Citizens for National Security,Citizens For National Security,≤100
87812961818,Florida Network of Youth and Family Services,"FLORIDA NETWORK OF YOUTH AND FAMILY SERVICES, INCORPORATED",≤100
109848024127875,Elaine E Beck,Elaine E Beck,≤100
106568024842114,Rideshare Assault Support,Injury Match,≤100
50714237985,The Rutherford Institute,RUTHERFORD INSTITUTE,≤100
191195674423572,Great Plains Tribal Leaders Health Board,GREAT PLAINS TRIBAL CHAIRMEN'S HEALTH BOARD,≤100
20603236087,Love146,"LOVE146, INC.",≤100
165674110118949,Clearing out the Clutter,Colin David Moore,≤100
101810652152706,Ship It Zero,PACIFIC ENVIRONMENT AND RESOURCES CENTER,≤100
128336777202447,MDLinx,These ads ran without a disclaimer,≤100
2273201606253899,Terry Lynne for Farmers Branch,Terry Lynne For Farmers Branch,≤100
296451777564823,Indiana Environmental Reporter,Indiana Environmental Reporter,≤100
115407598098885,Darwin for Controller,Friends of Darwin,≤100
357146712413,Olivia Diaz,City of Las Vegas,≤100
136362309708243,Restaurant Opportunities Centers United (ROC United),"RESTAURANT OPPORTUNITIES CENTERS (ROC) UNITED, INC.",≤100
13187955196,Young Americans for Liberty,Young Americans for Liberty,≤100
1832888600167903,JD for Arlington,JD for Arlington,≤100
204295565648,Representative Jason Fischer,Jason Fischer Campaign,≤100
1666922183524165,ReThink Energy NJ,ReThink Energy NJ,≤100
268672113155656,The Expectations Project,THE EXPECTATIONS PROJECT INC,≤100
143063095713907,Hep,"CDM PUBLISHING, LLC",≤100
40755480179,Students For Liberty,These ads ran without a disclaimer,≤100
427656937297996,Diario Las Americas,LAS AMERICAS MULTIMEDIA GROUP LLC,≤100
134757692422,Right To Play USA,These ads ran without a disclaimer,≤100
106512732370668,Monasterio astral santificado,These ads ran without a disclaimer,≤100
188199457997873,Mass Impact,IMAGE TRINITY,≤100
96286403078,iHeartDogs.com,HomeLife Media,≤100
14893370225,Sustainable Harvest International,SUSTAINABLE HARVEST INTERNATIONAL,≤100
130268756992804,Yale Climate Connections,Yale Climate Connections,≤100
107931151953032,Kodie Kulp,Wesley Allen,≤100
106124975682358,Jimmy Fondren for Mississippi House District 111,Committee To Elect Jimmy Fondren,≤100
85273022315,NAMI,NAMI,≤100
117957137899832,Working Power,Working Power LLC,≤100
171524666565192,Dave Stauffer for Governor,David William Stauffer,≤100
400859377323929,Mike Korchak for District Attorney,The Friends of Mike Korchak,≤100
113926938281145,REDDY for MAYOR,Dayakar Dasi Reddy,≤100
120915979267,Life In Messiah International,"AMF INTERNATIONAL, INC.",≤100
366357370215980,Re-Elect Chief Gary Batton,Batton Campaign Fund,≤100
243498882520314,FoodFinder,"FOODFINDER, INC.",≤100
896759427103774,Modern Medicaid Alliance,Modern Medicaid Alliance,≤100
249467225254927,The Love > hate Project,LOVE GREATER THAN HATE PROJECT,≤100
105692311896010,Positive Money US,Positive Money US,≤100
111105897150325,Solitaire Home Design,These ads ran without a disclaimer,≤100
101204378825808,Fight the Right,FIGHT THE RIGHT PAC,≤100
292178031417792,Delegate Ibraheem Samirah,SAMIRAH FOR STATE SENATE,≤100
7698537893,Libertarian Party of Florida,LIBERTARIAN PARTY OF FLORIDA,≤100
115074531500036,Paxton Motheral for Tarrant Water Board,Paxton Motheral Campaign,≤100
225879060980,Habitat for Horses,HABITAT FOR HORSES INC,≤100
115856618521532,Great Lakes Now,DETROIT EDUCATIONAL TELEVISION FOUNDATION,≤100
100425422872820,Georgia Blue PAC,Georgia Blue PAC,≤100
36091862898,The Mackinac Center for Public Policy,Mackinac Center for Public Policy,≤100
390323077703525,California LGBTQ Health & Human Services Network,HEALTH ACCESS FOUNDATION,≤100
127691390582,PHI,"PARAPROFESSIONAL HEALTHCARE INSTITUTE, INC.",≤100
127668823933246,The NewDEAL,NEWDEAL,≤100
2085563958340354,Raúl Torres,Statera Comunicacion,≤100
2259323457517498,Abolish the Electoral College,Abolish the Electoral College,≤100
608578919186659,World Vision International,WORLD VISION INTERNATIONAL,≤100
338218229911752,Integrity First PAC,INTEGRITY FIRST PAC,≤100
174998999194943,NALC Truth Page,David Watson Noble,≤100
130505563289,Climate Generation,Climate Generation: A Will Steger Legacy,≤100
65538457518,The Village Square,TO THE VILLAGE SQUARE INC,≤100
358113240871900,Nuclear Energy Institute,These ads ran without a disclaimer,≤100
56835992597,Mushroom Council,These ads ran without a disclaimer,≤100
107582203192,Deputy Sheriff's Association of Bexar County,DEPUTY SHERIFFS ASSOCIATION OF BEXAR COUNTY,≤100
100617036135739,Illinois Answers Project,BETTER GOVERNMENT ASSOCIATION,≤100
114260374943122,ป้อง' เด็กปั้นของใครหลายคน,These ads ran without a disclaimer,≤100
1042560925858683,John Kelly,John Alexander Kelly,≤100
101842652891572,Change for Philly: Domb for Mayor,National Association of Realtors Fund,≤100
133012286771509,Alaska Family Action,Alaska Family Action,≤100
101717572423510,Protect Your Pay RI,Protect Your Pay RI,≤100
104402199192660,Earl Ofari Hutchinson,These ads ran without a disclaimer,≤100
104916968538177,TIS 이주공사,TIS VISA CORPORATION,≤100
557523828087852,Marina for Milwaukee,Marina for Milwaukee,≤100
1359505927455440,Global Health NOW,Johns Hopkins Bloomberg School of Public Health,≤100
109044999140694,CAS,These ads ran without a disclaimer,≤100
110762178628199,Accountable SC,"Accountable SC, LLC",≤100
1570082353262795,YIMBY Action,YIMBY ACTION,≤100
1630589287171625,City-County Councillor David Ray,Committee to Elect David Ray,≤100
444237349074965,GPB News,Georgia Public Telecommunications Commission,≤100
1401751556610553,Political Civilian,Jason Byrd Marshall,≤100
112164951042,The Fletcher School at Tufts University,These ads ran without a disclaimer,≤100
112912573793125,Rise Up for Justice,Avrom L Altman,≤100
110162251288958,Rob Kovic for Assembly,Rob Kovic for Assembly,≤100
111904024679959,Bold Majority,BOLD MAJORITY PAC,≤100
115058778132203,Congressman Zach Nunn,Congressman Zach Nunn,≤100
102001643601754,Mónica Alonzo Campaign,Alonzo For Dallas,≤100
104521238896557,June Marie Paintings,June-Marie Paintings,≤100
100118109690373,Bill Smuckler,Friends of Smuckler,≤100
109068551731974,Sillychillly,Marc Alan Goldstein,≤100
482148685166110,Retirement Housing Foundation,Retirement Housing Foundation,≤100
216052228433696,Arcus Foundation LGBTQ Social Justice,ARCUS FOUNDATION,≤100
40201530406,American Society of the University of Haifa,James Samuel Fattal,≤100
100831262645102,Janeforzvillemayor,Friends for Jane Burgess,≤100
144895038966014,Town of Brookhaven,Town of Brookhaven,≤100
2001831300143832,Conversations with Jim Zirin,Conversations with Jim Zirin,≤100
102642059017251,Taking Back the Narrative,These ads ran without a disclaimer,≤100
1804156426550062,Tim Kennedy for Senate,KENNEDY FOR SENATE,≤100
116472304662312,Matt Varble for Irving City Council Place 5,Matthew James Varble,≤100
100819986690601,Rob Jozwiak for Mayor,The Committee to Elect Robert Q. Jozwiak,≤100
116803881298089,Middle Fork Strategies,Middle Fork Strategies,≤100
452797224923658,The Democratic Coalition,THE DEMOCRATIC COALITION,≤100
6808755897,Governing,e.Republic,≤100
375688409707497,Connecticut Coalition for Retirement Security,NATIONAL PUBLIC PENSION COALITION,≤100
248723557028,AlgaeCal,These ads ran without a disclaimer,≤100
104483742449646,CenterClip,"CenterClip, Inc.",≤100
101769576791,Health Action Network,Health Action Network,≤100
124011913944243,Yes on S for High-Quality South Pasadena Schools,Committee for Yes on S 2023,≤100
104178315156683,Blue Perigon Digital,Blue Perigon Digital,≤100
116479559899968,Courage & Grow,Courage & Grow,≤100
101269696289945,Henry,These ads ran without a disclaimer,≤100
103780785264683,KBSPETS.Los Angeles,These ads ran without a disclaimer,≤100
37461287798,Jesuit Refugee Service/USA,JESUIT REFUGEE SERVICE INC,≤100
104177748302844,Unsolved Mysteries,These ads ran without a disclaimer,≤100
107815278950023,Be Answered,These ads ran without a disclaimer,≤100
1738464863076490,Resident's Right to Know - Miami Beach Transparency,These ads ran without a disclaimer,≤100
109465560444254,Roce Today,I-ROCE LLC,≤100
102252271834291,"Danielle Trumble, Deputy Mayor and 5th Ward City Councilor",Trumble For Council,≤100
384006901653736,The Moore Charitable Foundation,Moore Charitable Foundation,≤100
107596225560791,Storyteller Corner,These ads ran without a disclaimer,≤100
169354336460345,Allen County Children Services,Allen County Children Services,≤100
251512801547984,Ken King,Ken King for State Representative,≤100
101854752254577,Manage Climate,These ads ran without a disclaimer,≤100
104365638696246,PoliticalWeasels.com,Michael Scott Huber,≤100
96935476345,Democratic Governors Association (DGA),Democratic Governors Association,≤100
111131133551811,The Locke Society,Locke Society Inc,≤100
101194839412257,The Golden Apple,These ads ran without a disclaimer,≤100
116606411350211,Jeanette Martinez for Fort Worth City Council District 11,Jeanette For Fort Worth,≤100
197212467007163,She Should Run,SHE SHOULD RUN,≤100
111132794348779,That Happened,These ads ran without a disclaimer,≤100
735450726543930,Clergy for a New Drug Policy,Clergy for a New Drug Policy,≤100
105466847986560,KUL,These ads ran without a disclaimer,≤100
333296277174151,Christopher Forton for Lakeway City Council,CHRIS FORTON 4 LAKEWAY,≤100
1727980437413400,Partnership to Advance Cardiovascular Health,Partnership to Advance Cardiovascular Health,≤100
1420200111329836,Alan C. Moore,Alan Christopher Moore,≤100
115877001448210,People Power United,People Power United,≤100
102679692591570,Curiosity Flow,These ads ran without a disclaimer,≤100
187713745097888,Save the Alamo,Save The Alamo Committee,≤100
70795936969,Children International,CHILDREN INTERNATIONAL,≤100
118903025362,FLOR,These ads ran without a disclaimer,≤100
105861441295494,97Percent,97PERCENT ORG INC,≤100
568103006940639,Law Office of Gary J. Kim,Law Offices of Gary J. Kim,≤100
343811277565,Joseph Phelps Vineyards,These ads ran without a disclaimer,≤100
475146822502353,Columbiana County Republican Party,Columbiana County Republican Party,≤100
110985805280302,Jason Harris for Catawba Chief,David Samuel Capen,≤100
22627435207,Presbyterian Church (U.S.A.),Presbyterian Church (U.S.A.),≤100
104766211232210,Feel Good Action,Feel Good Action,≤100
110907938599325,Rellix Productions,Rellix Productions,≤100
240696209348952,RoofSnap,These ads ran without a disclaimer,≤100
270826723039149,The Coalition to Protect Americas National Parks,"COALITION OF NATIONAL PARK SERVICE RETIREES, INC.",≤100
103929304678916,Voter Action Project,Integrity First Voter Action Project,≤100
121940824138795,North Carolina Association of Health Plans,"North Carolina Association of Health Plans, Inc",≤100
577812748950650,Colchester CT Democratic Town Committee,Colchester Democratic Town Committee,≤100
644308565682800,Tanya Acker,Tanya Marie Acker,≤100
100500465282483,Breaking Battlegrounds,September Group LLC,≤100
105058165745226,prripoll,These ads ran without a disclaimer,≤100
129516457130685,Al Jadid Magazine,Al Jadid Magazine,≤100
57259033959,AARP,These ads ran without a disclaimer,≤100
100266022831207,Memory Lane,These ads ran without a disclaimer,≤100
108725508673742,Fire Dan Munsey,"San Bernardino County Professional Firefighters, Local 935 Political Action Committee",≤100
103786405991596,loyalty_unconditionally,These ads ran without a disclaimer,≤100
159960044025031,American Heritage Magazine,American Heritage Publishing,≤100
7515233409,"Mikey Weinstein, MRFF",MILITARY RELIGIOUS FREEDOM FOUNDATION,≤100
117956368577,Charlie Geren,Charlie Geren Campaign,≤100
110266498587298,Hilary Fuelleborn for Register of Wills,Friends of Hilary Fuelleborn,≤100
69717994787,buildOn,BUILDON INC,≤100
102356589314098,Political Comms,Political Comms LLC,≤100
165641023620568,The 917 Society - Non-Profit,These ads ran without a disclaimer,≤100
107950135401669,Midview Local Schools - Levy Committee,Midview Local Schools - Levy Committee,≤100
55804331295,Texas Association of Business,TEXAS ASSOCIATION OF BUSINESS,≤100
133753583953215,American History in 90 Minutes - The Common-Sense Guide to U.S. History,American History in 90 Minutes,≤100
111522798568736,redstateriot,These ads ran without a disclaimer,≤100
46530484629,Idaho Conservation League,The Idaho Conservation League,≤100
161107820658032,La Red Hispana,"HISPANIC COMMUNICATIONS NETWORK, LLC",≤100
103433804692809,Law Offices of James S. Hong & Associates,Law Offices of James S. Hong,≤100
98673036962,ROLDA,These ads ran without a disclaimer,≤100
100518736329060,Wisconsin Coalition for Education Freedom,Wisconsin Coalition for Education Freedom,≤100
430869277025501,Dr. Nancy O'Reilly,"WOMEN CONNECT4GOOD, INC.",≤100
264403673724202,Lucile Packard Foundation for Children's Health,LUCILE PACKARD FOUNDATION FOR CHILDREN'S HEALTH,≤100
359560497939415,Re-Elect Chief Hoskin and Deputy Chief Warner,Hoskin Warner,≤100
109769905370603,CBA Advertising Agency,These ads ran without a disclaimer,≤100
258012354252280,Informing Christians,Debra J M Smith,≤100
112668421738713,Green Transportation Summit & Expo,These ads ran without a disclaimer,≤100
197374340229,E2 - Environmental Entrepreneurs,E2 (Environmental Entrepreneurs),≤100
66774556378,La Crosse Tribune,La Crosse Tribune,≤100
86711894400,National Write Your Congressman,National Write Your Congressman,≤100
131664893560695,Origins OSU,Origins: Current Events in Historical Perspective,≤100
2436403486378786,Tim Temple,Tim Temple Campaign,≤100
102257292713372,Alejandra Morales,These ads ran without a disclaimer,≤100
102176712079037,Daily Floridian,Daily Floridian,≤100
114167895375664,Cherokee Nation,"CHEROKEE NATION, THE",≤100
158622247528610,Tufts University School of Medicine,These ads ran without a disclaimer,≤100
107418177702609,Middle America News,Logan Thomas Corson,≤100
174971709316,Cigna Healthcare,These ads ran without a disclaimer,≤100
299921096753812,Sage Lewis,People for Sage Lewis,≤100
176099663659,Armed Services YMCA,ARMED SERVICES YMCA OF THE USA,≤100
105120839164944,Andrew Beddow For City Council,Andrew Beddow For City Council,≤100
434635993263210,"King County, Washington - Government","King County, WA",≤100
5593944035,Competitive Enterprise Institute,COMPETITIVE ENTERPRISE INSTITUTE,≤100
1811054522463877,Michelle Atkinson for Medford School Board,Michelle Atkinson for Medford School Board,≤100
19219803864,Tax Foundation,Tax Foundation,≤100
207997082561783,Coalition for Humane Immigrant Rights,Coalition for Humane Immigrant Rights,≤100
102982659268640,Heart & Health,Partner for Heart & Health,≤100
142260190351,Comment Magazine,"Cardus, Inc.",≤100
104661465527539,Municipalism Learning Series,Solidarity Research Center,≤100
337159009663383,Metro Inclusive Health,These ads ran without a disclaimer,≤100
2188424341404612,Project Ready,Project Ready,≤100
105800435721037,The Right Hour,Logan Thomas Corson,≤100
104137122604825,Vela espiritual,These ads ran without a disclaimer,≤100
143981748956175,Rural Assembly,Rural Assembly,≤100
100440136353873,المختار ولد اخليفه El Mokhtar ould Khalifa,These ads ran without a disclaimer,≤100
312533068780133,New Jersey Firefighters PFANJ,"Professional Firefighters Association of New Jersey - ""PFANJ""",≤100
488740674837681,198 Methods,198 methods,≤100
101374728149342,A Starting Point,A Starting Point LLC,≤100
142405795847179,Breathe Project,COMMUNITY FOUNDATION OF GREATER JOHNSTOWN,≤100
1616728165212478,Environmental Voter Project,"Environmental Voter Project, Inc.",≤100
361923194259602,Millbrae SOS - Support Our Students,"Millbrae – Support Our Students, Yes on A",≤100
116496171339138,Garrison Maurer- For Comal ISD Single Member District# 4 Board Trustee,Maurer Green Garrison,≤100
110863715132963,Maestros del amor,These ads ran without a disclaimer,≤100
1662317660757785,Great American Syndicate,Great American Syndicate,≤100
111184950457867,Equity Mirror,These ads ran without a disclaimer,≤100
104728131848361,Offshore Wind For North Carolina,Southeastern Wind Coalition,≤100
575647992529096,Move to Amend Santa Clara County,Rob Means,≤100
109219567419215,The Hawk’s Eye - C & N,John D Ferrara,≤100
212677670907,American Constitution Society,AMERICAN CONSTITUTION SOCIETY,≤100
104408035968789,Studens AID 2023,These ads ran without a disclaimer,≤100
111051575264758,Jack Murphy,I Love My Freedom,≤100
283539049045405,Oklahoma Health Action,Oklahoma Health Action,≤100
116945211276055,Make America Florida,Logan Thomas Corson,≤100
125120044171675,"City of Lancaster, CA – Government","LANCASTER, CITY OF",≤100
683095228488145,Scott McKnight,The Scott McKnight Campaign,≤100
12044622723,"Museum of Science, Boston",MUSEUM OF SCIENCE,≤100
100913694925880,"Akalan Law Firm, PLLC","Akalan Law Firm, PLLC",≤100
476127029450706,Jim Murphy State Representative 94th House District,Citizens for Murphy,≤100
1653885501501009,Propeller,Propeller Enterprises,≤100
109866391899613,Raul Arias for City Council,Raul Arias for City Council,≤100
122616020765045,Advancing Akron,Partners Advancing Our Future,≤100
107462791921043,Poetry for Ukraine,These ads ran without a disclaimer,≤100
100112796084881,Futbolete - Page 4,These ads ran without a disclaimer,≤100
111361948537337,Amanda Thompson for City Council,Amanda Thompson for City Council,≤100
103126019311610,Jimmy Bierman for Supervisor,Jimmy Bierman for Supervisor,≤100
245481022560114,John Stefanski,John Stefanski Campaign,≤100
105685932264906,Pro Day Magazine,These ads ran without a disclaimer,≤100
502151103244047,Join RSD,RIVERSIDE COUNTY SHERIFFS DEP,≤100
9012050691,Scribol,These ads ran without a disclaimer,≤100
102262718547519,Crazy Uncle Gil,Gilbert Cuevas,≤100
106386158767588,DOPE Quick Reads,DOPE QUICK READS LLC,≤100
100794789585004,Tim Short for Mayor,Elect Tim Short Campaign,≤100
659878157406228,America's Warrior Partnership,America's Warrior Partnership,≤100
104974859211873,Andres Asion for Miami Beach City Commission,"Andres Asion for Miami Beach Commissioner, Group 4, Non-Partisan",≤100
230529037868740,The Prod Cast,The Prodcast,≤100
104168992542940,Campaign HQ Insiders,CampaignHQ,≤100
183178002499514,Niamh M Middleton,Niamh M Middleton,≤100
105672864814790,Ultimate Survival,These ads ran without a disclaimer,≤100
107443768220199,Buenos Días Michigan,Prosperity Michigan,≤100
1792966030729641,"Wild Project - Leadership, Organizing, & Action",Wisconsin Leadership Development Project,≤100
1374906906166064,The Policy Circle,The Policy Circle,≤100
216650472350996,K9 PTSD Center,"K9 PTSD CENTER, INC",≤100
485754644838324,Lane County Tribune,Lane County Tribune,≤100
193091432290835,Link Logistics Real Estate,These ads ran without a disclaimer,≤100
280569155330326,AFP - Iowa,AMERICANS FOR PROSPERITY,≤100
102941209383465,Kent O'Brien for Lakeway,Kent For Lakeway,≤100
1914537155242810,Life: Powered,Texas Public Policy Foundation,≤100
1578341329151121,Shefvckinbad,Shefvckinbad,≤100
104192625773372,Remember When?,These ads ran without a disclaimer,≤100
104178088892414,Yemi Mobolade,FRIENDS OF YEMI,≤100
678363045674180,Florida Realtors PAC,Realtors® Political Advocacy Committee,≤100
388076585284592,SalmonState,SalmonState,≤100
1560286300899883,Diabetes Patient Advocacy Coalition,Diabetes Patient Advocacy Coalition,≤100
75553755070,Michael Smerconish,Michael Smerconish,≤100
114132736806408,Brodey Weber for Lincoln City Council,Vote Weber,≤100
83675416943,"Marty Kiar, Broward County Property Appraiser",Broward County Property Appraiser,≤100
211042665665979,"Orange County, Florida Government","Orange County, Florida Government",≤100
1176617299018126,Hampton Commonwealth's Attorney and Victim Services Unit,Hampton Commonwealth's Attorney and Victim Services Unit,≤100
100183138237871,Bryan Livingston,Bryan Keith Livingston,≤100
110133700706695,2 Queers In A Truck,2 Queers In A Truck,≤100
533826820093244,Resource Recovery Coalition of California,Resource Recovery Coalition of California,≤100
108143565283667,Coastal Quest,COASTAL QUEST,≤100
116374041727027,A New Leaf,"A NEW LEAF, INC.",≤100
112727107713063,Manuel Trevino for Sheriff 2024,Manuel Trevino,≤100
110243455070232,John T. Williams,John T. Williams,≤100
287419001041,National Black Book Festival,CUSHCITY.COM INC,≤100
110611869633989,"Our Meraki, Inc.",These ads ran without a disclaimer,≤100
103255375067070,Supervisor Terra Lawson-Remer,Supervisor Terra Lawson-Remer,≤100
200666266624469,Rep. Frank Burns,Robert William Caton,≤100
101448949535855,Impink for Council,Impink for Council,≤100
173263326992,Healthline,These ads ran without a disclaimer,≤100
112022491619318,American Apex News,Logan Thomas Corson,≤100
101488112733136,Bright Body Baby,Bright Body Baby,≤100
109127355474844,LISTA de Los Profes,These ads ran without a disclaimer,≤100
27079109778,Rubén Blades,These ads ran without a disclaimer,≤100
108451395321372,Chatter Bubble Daily,These ads ran without a disclaimer,≤100
271487666283601,Eugene Neighborhoods Forum,Eugene Neighborhoods Forum,≤100
105334892381660,AmericanTowns Politics,AMERICAN TOWNS,≤100
103577788092886,Quarantine Racism,Quarantine Racism,≤100
107461545589929,The Gen Z Conservative,Logan Thomas Corson,≤100
104423134948283,Bbright,These ads ran without a disclaimer,≤100
797121490373293,Dr. Barbara Sharief,Sharief for Florida,≤100
40755480179,Students For Liberty,STUDENTS FOR LIBERTY INC,≤100
116067754765133,raw_minnesota,These ads ran without a disclaimer,≤100
351888444870822,Children's Advocacy Institute,Children's Advocacy Institute,≤100
229912350500534,Arab American Civic Council,The Arab American Civic Council,≤100
203583423017526,National Immigration Law Center,National Immigration Law Center,≤100
106769148511724,National Newsletter - Newsbreak US,These ads ran without a disclaimer,≤100
311536622860495,SoCal Daily Pulse,SoCal Daily Pulse,≤100
404073366346489,格TV,These ads ran without a disclaimer,≤100
378084314984,Trane Technologies,These ads ran without a disclaimer,≤100
41082876034,Clean Beauty Collective,These ads ran without a disclaimer,≤100
328065780936817,Forest Fire Facts,Forest Fire Facts,≤100
305730296471268,"Delegate Emily Brewer, 64th District",Friends of Emily Brewer,≤100
109867412017241,Jennifer L Buttrey Dammann for Terre Haute City Council District 6,Jennifer L Buttrey Dammann for Terre Haute City Council District 6,≤100
104360981789855,promisedlandmuseum,These ads ran without a disclaimer,≤100
337323319689579,Wild Farm Alliance,WILD FARM ALLIANCE,≤100
517233781943841,Field Notes From the Dark,These ads ran without a disclaimer,≤100
105239511089757,Inmigrantes al Día,Inmigrantes al Dia,≤100
189445177858595,Metropistas,Metropistas,≤100
129587677234115,Immigration Law & Justice Network,National Justice for Our Neighbors,≤100
103294935864327,Silver Screen Beat,These ads ran without a disclaimer,≤100
108966404699566,Free For ALL Podcast,Michael D Mccoy,≤100
1021724717913869,Bantam Communications,Bantam Communications,≤100
138434734461,CIIS Public Programs,CIIS Public Programs,≤100
1522379728063829,Healthy World for All,RESOURCES LEGACY FUND,≤100
427084097477881,AHIP,America's Health Insurance Plans,≤100
114351251909317,MyBGE,BALTIMORE GAS & ELECTRIC COMPANY,≤100
102392018062460,Delegate A.C. Cordoza,FRIENDS OF AC CORDOZA,≤100
109476034966891,Electrify News,These ads ran without a disclaimer,≤100
208876186220,Great Transition Initiative,"TELLUS INSTITUTE, INC.",≤100
110519695636906,Meyerland Area Democrats Club,Meyerland Area Democrats Club,≤100
42590232694,CAIR,"CAIR-FOUNDATION, INC.",≤100
142932506806,Texas Alliance for Life,"Texas Alliance for Life, Inc.",≤100
184040026329,Rep. Jon Hardister,Jon Hardister for NC,≤100
102185441975157,Earley for Delegate,Earley for Delegate,≤100
178984868807815,Nebraska History Museum,History Nebraska,≤100
103128974521953,Michael Feggans for Delegate,Michael Feggans for Virginia,≤100
939142902771066,The American Leader,THE AMERICAN LEADER,≤100
407767916003589,U.S. Representative John Carter,Office of U.S. Representative John Carter,≤100
108364808198866,Michigan Black & Bougie,Prosperity Michigan,≤100
105858001496295,Mattie Parker for Fort Worth Mayor,Mattie Parker For Mayor Campaign,≤100
108221275336555,uanimals.eng,These ads ran without a disclaimer,≤100
1066028990105772,Pacific Remote Islands Coalition,RESOURCES LEGACY FUND,≤100
40840768680,National Coalition Against Censorship,These ads ran without a disclaimer,≤100
1165122570296957,Phoenix Zones Initiative,Phoenix Zones Initiative,≤100
106991768326883,Futbolete - Magazine,These ads ran without a disclaimer,≤100
113938434893253,Tomorrow’s Affairs,These ads ran without a disclaimer,≤100
317805045583572,Amigos de Carlos Pineda en USA,These ads ran without a disclaimer,≤100
409786973169158,Tru Earth,These ads ran without a disclaimer,≤100
101651136237895,Park End and Beckfield Matters,These ads ran without a disclaimer,≤100
113079975378944,Mike Ball Dive Expeditions,These ads ran without a disclaimer,≤100
193488666400,McMaster University,These ads ran without a disclaimer,≤100