﻿Page ID,Page name,Disclaimer,Amount spent (CRC)
265843867173714,La Revista,La Revista,11252
109647142474976,Alcalde Arnoldo Barahona,Alcalde Arnoldo Barahona,6538
123191400766960,Incubadora +Cr,+Costa Rica,2354
1697191247176676,Diego Miranda Méndez,Diego Miranda Méndez,1444
450806748585319,María Marta Carballo Diputada,María Marta Carballo Diputada,1193
102851155670931,mUEve,mUEve,1090
1540070352761579,Leslye Bojorges,Leslye Bojorges,545
155614067838731,RiskMathics Financial Innovation,These ads ran without a disclaimer,381
101955851918321,Alcaldía de Alajuela,Alcaldía de Alajuela,372
101853761904109,nutricionconmarjorie,These ads ran without a disclaimer,≤100
108625789179165,Soi Dog Foundation,These ads ran without a disclaimer,≤100
116506828078044,Tabeladecor,These ads ran without a disclaimer,≤100
306124066492503,Dr. Ricardo Morales,These ads ran without a disclaimer,≤100
349791962189803,The Bridesblush Social,These ads ran without a disclaimer,≤100
608650595820049,The Conqueror Challenges,These ads ran without a disclaimer,≤100
109267975517064,Panel y Capacitación de Ingenierías,These ads ran without a disclaimer,≤100