﻿Page ID,Page name,Disclaimer,Amount spent (EUR)
267617064117828,Plastic Free,Plastic Free Odv Onlus,120
40433567307,UNICEF Italia,UNICEF Italia,≤100
101740255839919,Ida Simonella,Ida Simonella,≤100
46590675335,Save the Children Italia,Save the Children Italia,≤100
334896229959695,Daniele Silvetti,Daniele Silvetti,≤100
102927901196174,Circolo culturale A. Bianchini,Circolo Culturale A. Bianchini Fano,≤100
121038920937683,Paolo Petrini,Paolo Petrini,≤100
53347533412,LAV,LAV Onlus,≤100
1657214567845698,BPER Banca,BPER Banca,≤100
73493613024,ActionAid Italia,ActionAid Italia,≤100
400381673394375,CFI - Crisi Fiscale d'Impresa,CFC Legal,≤100
865166100210938,Bosch Italia,Bosch Italia,≤100
103770321789797,Taffo Funeral Services,Taffo Funeral Services,≤100
39993728498,Amnesty International - Italia,Amnesty International Italia,≤100
150301155010350,Intersos,Intersos,≤100
126586477024123,Daniele Sturani,Daniele Sturani,≤100
267617064117828,Plastic Free,These ads ran without a disclaimer,≤100
178362315106,European Parliament,European Parliament,≤100
33327548320,Croce Rossa Italiana - Italian Red Cross,Croce Rossa Italiana - Italian Red Cross,≤100
68826971281,Edison,Edison Spa,≤100
35346524498,Greenpeace Italia,Greenpeace Italia,≤100
398388100260460,Francesco Rubini,Francesco Filogna Rubini,≤100
114491358270231,Francesco Novelli,Criluma Tech,≤100
163857096962330,SodaStream Italia,SodaStream Italia,≤100
1534292720039481,Gruppo Caviro,Gruppo Caviro,≤100
88997912868,WWF Italia,WWF Italia,≤100
65737832194,Medici Senza Frontiere,Medici Senza Frontiere,≤100
70212282110,Altroconsumo,Altroconsumo,≤100
1440878759561839,WeMove Europe,WeMove Europe,≤100
183005792343589,Lucia Trenta,Lucia Trenta,≤100
519490478135836,Wolters Kluwer Italia,Wolters Kluwer Italia,≤100
48677844864,Amref Health Africa - Italia,Amref Health Africa - Italia,≤100
147816925280422,Centro Papa Giovanni XXIII Onlus,Centro Papa Giovanni XXIII Onlus,≤100
102270666171706,Claudio Paolinelli Candidato Consigliere,Claudio Paolinelli,≤100
111993090605648,Carlo Pesaresi - Ancona Diamoci del Noi,Carlo Pesaresi,≤100
117002198716130,Bosch Home Comfort Italia,Bosch Clima,≤100
192141407570169,Rizzoli,Rizzoli,≤100
120685144278124,Davide Alessandro,Davide Alessandro,≤100
101809911384599,Flowe,Flowe,≤100
109039824874287,JANUS - Sperimentazione di sistema per costruire comunità resilienti,Unione Montana Esino Frasassi,≤100
101549431647027,Augusto Curti,Curti Augusto,≤100
634243093317092,Amoro srl,Amoro Srl,≤100
1474826522845148,Borroni Pierpaolo,Pierpaolo Borroni,≤100
203772046798581,Farmindustria,Farmindustria,≤100
393681110789492,Marche a Rifiuti Zero,Marche a Rifiuti Zero,≤100
119465469634213,Cora Fattori,Cora Fattori,≤100
299584710061488,WeWorld Onlus,WeWorld Onlus,≤100
131887960826264,Carlo Calenda,Azione,≤100
1198302750251842,The Vision,The Vision,≤100
103968169809912,Credem Banca,Finanziato da Credem Banca,≤100
289752771388757,Culligan Italiana,Culligan Italiana,≤100
169013663273776,Alleanza Assicurazioni,Alleanza Assicurazioni,≤100
150200761667597,Oxfam Italia,Oxfam Italia,≤100
146208959428292,Popolo della Famiglia Marche,Popolo della Famiglia Marche,≤100
118713758151850,UNHCR Italia - Agenzia ONU per i Rifugiati,These ads ran without a disclaimer,≤100
313559438694166,VIDAS - Assistenza ai Malati inguaribili,VIDAS - Assistenza ai Malati inguaribili,≤100
647837585241405,I Wonder Pictures,I Wonder Pictures,≤100
110372232331805,Mission Bambini,Mission Bambini,≤100
441812505843728,Corepla,Corepla,≤100
179082995487557,SOS Villaggi dei Bambini - Italia,SOS Villaggi dei Bambini - Italia,≤100
132707500076838,Il Fatto Quotidiano,SEIF S.p.A. – Società Editoriale Il Fatto Spa,≤100
295129913955200,Aboca,Aboca,≤100
385509022061328,Acqua per Tutti,WeWorld Onlus,≤100
103173735192932,Hera Casa e Business,Hera Comm S.p.a.,≤100
105630722126015,"Roberta Belletti - Civitanova, la mia città",Roberta Belletti,≤100
113071918732530,Animal Equality Italia,Animal Equality Italia,≤100
126578555602,Skuola.net,Skuola.net,≤100
114810221532477,Progetto Civico PSE,Traini Marco,≤100
598765886892277,Forever Bambù Società Benefit,Forever Bambù,≤100
138508756357110,Ferrari Formaggi,These ads ran without a disclaimer,≤100
107898832590939,European Commission,European Commission,≤100
887405791294493,Scuola Greco Pittella,Scuola Greco Pittella S.r.l.,≤100
309840349048638,e.on,E.ON Energia,≤100
101494732696970,Tommaso Fagioli,Tommaso Fagioli,≤100
2259577060934800,Huawei Italia,Huawei Italia,≤100
312933172093226,Associazione Luca Coscioni,Associazione Luca Coscioni,≤100
116674114654565,Chiudi col gas,Chiudi col gas,≤100
119257324753315,Francesco Boccia,Francesco Boccia,≤100
91261353336,Terre des Hommes Italia,Terre des Hommes Italia,≤100
141019746076225,Sorgenia,Sorgenia,≤100
48677844864,Amref Health Africa - Italia,Amref Health Africa,≤100
102357095763264,CandidatoPolitico.it,CandidatoPolitico.it,≤100
183047736356,EMERGENCY,EMERGENCY,≤100
246153172508,Cittadini in Comune - Falconara Marittima,Cittadini in comune,≤100
112637915441017,Acli - Associazioni cristiane lavoratori italiani,Acli - Associazioni cristiane lavoratori italiani,≤100
102000119102227,I conti con la storia,I conti con la storia,≤100
118241586064,Fondazione Patrizio Paoletti,Fondazione Patrizio Paoletti,≤100
284515247529,Corriere della Sera,Corriere della Sera,≤100
106221872448881,Daniele Spinsanti,Daniele Spinsanti,≤100
458563760919509,Consorzio Rilegno,Consorzio Rilegno,≤100
451419891563905,Pro Vita & Famiglia Onlus,Pro Vita & Famiglia Onlus,≤100
201484606557114,Fotovoltaico per Te,Fotovoltaico per Te,≤100
253657775240887,Pulsee,Axpo Italia,≤100
106199837902239,Innesti,Caviro sca,≤100
77616581723,Smile House Fondazione ETS,Operation Smile Italia ONLUS,≤100
526901760669684,Partito Animalista Europeo,Partito Animalista Europeo,≤100
729398120525957,Piombini Sensini Onlus,Associazione Piombini Sensini Onlus,≤100
101571535935993,Stop_afrofobia,Amref Health Africa,≤100
202343513183670,DHL Express Italy,DHL Express Italy,≤100
421539548423434,SOS Rifugiati,UNHCR Italia - Agenzia ONU per i Rifugiati,≤100
124450774313284,Etica Sgr,Etica Sgr,≤100
103611179360745,Alessio Moglie per il Consiglio Comunale,Alessio Moglie,≤100
196610140321,FAI - Fondo per l'Ambiente Italiano,FAI - Fondo per l'Ambiente Italiano,≤100
153574674705426,AVSI,AVSI,≤100
104858145800147,Antonio De Poli per le Marche,Antonio De Poli,≤100
791707730845440,Win the Bank - Tutto Quello Che Ti Serve Per Ottenere Credito,Win the Bank - Tutto Quello Che Ti Serve Per Ottenere Credito,≤100
103139948665880,Dipende da Noi - Civitanova Marche,Dipende da Noi,≤100
45408828511,OIPA Italia,OIPA,≤100
106884352373750,Marco Battino,Marco Battino,≤100
104544555621560,Ewiva,Ewiva,≤100
108232155430828,Lawyer Jan,These ads ran without a disclaimer,≤100
171795872872353,ISPI - Istituto per gli studi di politica internazionale,ISPI - Istituto per gli studi di politica internazionale,≤100
453751868072095,W la Dislessia,AllenaMente Società Cooperativa Sociale,≤100
165001987464879,Laboratorio Civico,Laboratorio Civico,≤100
149332780118,Aboca Museum,Aboca Museum,≤100
287058614715780,ENGIE,ENGIE Italia,≤100
153358054761359,Problemi di famiglia,Problemi di Famiglia,≤100
152334065066,Fairtrade Italia,Fairtrade Italia,≤100
627764340688070,TheFork.it,TheFork,≤100
60444503161,Subito,Subito,≤100
100644409468543,Fondazione Operation Smile Italia ETS,Fondazione Operation Smile Italia ETS,≤100
174921619345619,Samuele Mascarin - LE IDEE IN COMUNE,Samuele Mascarin - LE IDEE IN COMUNE,≤100
412537312142759,Marevivo Onlus,Marevivo Onlus,≤100
518554421552994,quixa,quixa,≤100
147547541961576,Council of the European Union,Council of the European Union,≤100
123495291012482,Salone Internazionale del Libro,Salone del Libro,≤100
124350426146098,Mustela Family,These ads ran without a disclaimer,≤100
851927164832967,Colussi GranTurchese,Colussi,≤100
280099795721649,U-Report On The Move,UNICEF,≤100
312470629348073,Etienn Lucarelli,Etienn Lucarelli,≤100
232017336910584,Rivista Il Borghese,Casa Editrice Pagine,≤100
105796680963553,Gruppo Editoriale La Scuola SEI,Editrice La Scuola,≤100
1583832781922269,La Verità,La Verità,≤100
107492342616216,Legambiente Onlus,Legambiente Onlus,≤100
1464779663812914,Springer Nature,These ads ran without a disclaimer,≤100
576664002355828,CIWF Italia,CIWF Italia Onlus,≤100
235988030502709,Gian Vittorio Battilà - candidato Sindaco 2023 per PSE,Laboratorio Civico PSE,≤100
92505448987,CGIL Confederazione Generale Italiana del Lavoro,CGIL Confederazione Generale Italiana del Lavoro,≤100
118894198121313,Parmacotto,These ads ran without a disclaimer,≤100
1410474395723679,Petizioni.it,Petizioni.it,≤100
154767423377839,Managaia.eco,Managaia.eco,≤100
102000366519353,EIPASS,Certipass srl,≤100
111393727278587,Lucio Alticozzi,Lucio Alticozzi,≤100
1814545205425619,BEEing,Beeing,≤100
100964541456650,Will Media,Will Media,≤100
410043459011308,Fondazione IEO Monzino,Fondazione IEO-MONZINO,≤100
331092066942114,Fondazione Italia Uganda,Fondazione Italia Uganda Onlus,≤100
164552756898127,G.B. Palumbo Editore,G.B. Palumbo Editore,≤100
109491080460389,Bambine Non Spose,WeWorld Onlus,≤100
108470381036173,Massimiliano Litto Training,These ads ran without a disclaimer,≤100
121622734528770,Eidos Communication,Eidos Communication,≤100
218932788177609,Soleterre Onlus,Soleterre Onlus,≤100
557773551234843,Schroders Italy,Schroder Investment Management (Europe) S.A. - Succursale Italiana,≤100
1063463440373814,AFES - Formazione e Consulenza,AFES - Formazione e Consulenza,≤100
110022917927214,BRT,BRT S.P.A.,≤100
377901329389619,Ener2Crowd,Ener2Crowd,≤100
59374667427,Alice for Children,Alice for Children,≤100
476098022442147,The Good Lobby Italia,The Good Lobby Italia,≤100
1014207595271736,Azione contro la Fame Italia,Azione contro la Fame Italia,≤100
469381559808559,ITLAS Società Benefit,Itlas srl,≤100
268976423121377,Essere Animali,Essere Animali,≤100
587213524737852,WebSalute - Vvox,WebSalute,≤100
180329672596502,Fratelli d'Italia Senato,Fratelli d'Italia Senato,≤100
150738452145624,BASF Italia,Basf Italia S.p.a.,≤100
624608431059294,Evolvere,Evolvere,≤100
182120865170178,Gianluigi Paragone,Gianluigi Paragone,≤100
1121383767958557,ENDAS Italia,Paolo Serapiglia,≤100
445235400057,Commissione europea – Rappresentanza in Italia,Commissione europea – Rappresentanza in Italia,≤100
667483386685540,Silvia Sardone,Silvia Sardone,≤100
105517781627039,RM scuola - Università,RM Scuola Campus,≤100
1707926739346315,Fabbri Editori,Fabbri Editori,≤100
180275292801010,Fratelli d'Italia Camera,"Gruppo Parlamentare della Camera dei Deputati ""Fratelli D'Italia""",≤100
603617763320528,Alduino Tommolini,Alduino Tommolini,≤100
113113275439704,Fondazione CON IL SUD,Fondazione con il sud,≤100
101348011991472,Cromaris Italia,These ads ran without a disclaimer,≤100
279254145570834,Monini,Monini s.p.a.,≤100
112450034440882,La plastica è cambiata,Alpla,≤100
172718099490199,DOKITA,Dokita onlus,≤100
235914189806912,Vivavoce,Vivavoce,≤100
73842934441,CIAI,CIAI,≤100
96235894379,Teknoring,Wolters Kluwer Italia S.r.l.,≤100
54943073948,Il Giornale del Cibo,Il Giornale del Cibo,≤100
81698998693,Maurizio Lupi,Noi con l'Italia,≤100
222461425147,Nuovi Orizzonti,Nuovi Orizzonti,≤100
107321830749965,Lavialibera,Lavialibera,≤100
147451502073583,In Migrazione,In Migrazione,≤100
661243440591428,Raffaella Paita,Raffaella Paita,≤100
136888059662453,Mani Tese Ong Onlus,Mani Tese Ong Onlus,≤100
162764457111560,Dynamo Camp,Fondazione Dynamo Camp Onlus,≤100
583229838437691,Conflavoro PMI,Conflavoro PMI,≤100
380885402054839,Manuel Vescovi,Manuel Vescovi,≤100
101931519903657,Saint-Gobain,Saint-Gobain Italia S.p.A.,≤100
100265251712870,Associazione familiari vittime Covid 19 Sereni e sempre uniti,#Sereniesempreuniti - Familiari delle Vittime Covid-19,≤100
423472904417850,Gianantonio Da Re,Gianantonio Da Re,≤100
101216323253423,Italcementi,Italcementi S.p.A.,≤100
117266648305733,LifeGate,LifeGate,≤100
104800568170989,Chora Media,Chora Media,≤100
116181541819083,Nicola Fratoianni,Nicola Fratoianni,≤100
102096831697815,POLIUREA ITALIA,These ads ran without a disclaimer,≤100
2794426070573094,Up2You,Up2You,≤100
160297837351805,CGT Caterpillar,CGT S.p.A.,≤100
234250624070408,ONBSI,ONBSI,≤100
227498090641951,SNADIR Nazionale,SNADIR Nazionale,≤100
375882802451994,Capitalfin,Capitalfin,≤100
104980721725834,Associazione DONNEXSTRADA,Associazione DONNEXSTRADA,≤100
36416147716,FederlegnoArredo,FederlegnoArredo,≤100
212519685575,Fondazione AIRC per la Ricerca sul Cancro,Fondazione AIRC per la Ricerca sul cancro,≤100
279234965434875,Energit,Energ.it Spa,≤100
335126483234062,Maurizio Acerbo,Maurizio Acerbo,≤100
1710827805727348,Fondazione Libellula,Fondazione Libellula,≤100
172914676069816,Centro Studi Americani,Centro Studi Americani,≤100
1093222784082778,World Vision Italia,World Vision Italia Onlus,≤100
1585369755090498,Mediobanca,Mediobanca,≤100
486228231540331,Partito Animalista Italiano,Cristiano Ceriello,≤100
157463237749900,Olmedo Mobility Division,Olmedo Special Vehicles S.p.A,≤100
698743116897167,Valeria Valente,Valeria Valente,≤100
112221911380832,InvEu,Agrifondi srl,≤100
175906752483707,Carpineto Grandi Vini di Toscana,These ads ran without a disclaimer,≤100
1506899926282450,Fondazione UNA,Fondazione UNA Onlus,≤100
107178070662274,RiVending,Venditalia Servizi Srl,≤100
101360778321507,Co Ma Ri Srl,CMS S.p.A.,≤100
169042736456594,All Out,All Out,≤100
153226661931217,I Cittadini per Angelo Niceta,Manfredo Gennaro,≤100
1441172666130044,Marco Zanni,Marco Zanni,≤100
407861879769918,Simona Baldassarre,Simona Renata Baldassarre,≤100
1073665092729297,Umbria Green Festival,These ads ran without a disclaimer,≤100
370124820863,Sightsavers Italia Onlus,Sightsavers International Italia Onlus,≤100
112777008752391,Valori.it,Valori.it,≤100
102808527862361,Uniti per la Siria,WeWorld Onlus,≤100
24869470178,Pasta Garofalo,Pasta Garofalo,≤100
105849768548758,PreviAmbiente,Fondo PreviAmbiente,≤100
106318735428971,Intersos Lab - Centro di Formazione,INTERSOS Lab,≤100
101158695138594,SOS Climate Change,UNHCR,≤100
471928609536485,Authos SpA Società Benefit,AUTHOS SPA,≤100
126790500697643,LILA - Lega Italiana per la Lotta contro l'Aids,Lila Onlus,≤100
351542581540725,FNOVI Federazione Nazionale Ordini Veterinari Italiani,Federazione Nazionale degli Ordini Veterinari Italiani - FNOVI,≤100
1843691212524792,ASviS - Alleanza Italiana per lo Sviluppo Sostenibile,ASviS - Alleanza Italiana per lo Sviluppo Sostenibile,≤100
793211171059364,Francescani per la Vita,Francescani per la Vita,≤100
142589879147197,Europa Verde - Verdi,Europa Verde,≤100
101764407875365,NeN,NeN Energia,≤100
120380341313167,Sinistra Italiana,Sinistra Italiana,≤100
153967571694403,Led Italia,LED Italia S.r.l,≤100
129614623725639,Cesvi Onlus,Cesvi Fondazione Onlus,≤100
1486718904933717,Fondazione Compagnia di San Paolo,Compagnia di San Paolo,≤100
753800634652691,Paola Chiesa,Paola Maria Chiesa,≤100
480871535271240,Fondazione Cariplo,Fondazione Cariplo,≤100
181864685188048,Maurizio Marrone,Maurizio Marrone,≤100
618013698348617,Animal Law Italia,Animal Law Italia,≤100
1942760395965996,Passaggio al Bosco Edizioni,Passaggio al Bosco Edizioni,≤100
103546574756191,Fondo Pensione Priamo,Fondo Priamo,≤100
157218361626760,Cronache Ribelli,Davide Gallucci,≤100
588618511234072,Style Magazine Italia,Style Magazine Italia - RCS,≤100
158558100860495,Arci nazionale,Arci Aps,≤100
535397089896623,Ale Colucci,Alessandro Colucci,≤100
183280345095956,Matt,These ads ran without a disclaimer,≤100
112725384764927,Tiziano Spada,Spada Tiziano,≤100
621188454669130,I Diavoli,I Diavoli,≤100
1448101522079687,Onlymoso,Onlymoso,≤100
303531599691398,Mariastella Gelmini,Mariastella Gelmini,≤100
101276022925912,Merck Italia,Merck Italia,≤100
1429383923849615,Fondo FASDA,Fondo FASDA,≤100
1732339916992169,Senza Filtro,Senza Filtro,≤100
1381250628573926,The Conservative Online,ECR Party,≤100
218671751661739,Fondazione Villa Maraini,Stefano Spada,≤100
378568295634789,Il Sole 24 ORE - Fisco,Il Sole 24 ORE - Fisco,≤100
920813058010834,Marco Landi,Marco Landi,≤100
780102252381558,Alessio Butti,Alessio Butti,≤100
115218755162436,ABC Associazione Bambini Chirurgici del Burlo,A.B.C. Associazione per i Bambini Chirurgici del Burlo onlus,≤100
1280128282137797,Enzo Amich,Amich Vincenzo,≤100
45193527235,CPP Centro Psicopedagogico per la Pace e la gestione dei conflitti,CPP - Centro Psicopedagogico per l'educazione e la gestione dei conflitti,≤100
320002541432025,Tradimalt Spa,Tradimalt Spa,≤100
347006748786906,AIEF,AIEF Associazione Italiana Educatori Finanziari,≤100
1454654521423894,Massimo Mallegni,Massimo Mallegni,≤100
129078800535,Rinnovabili.it,Rinnovabili.it,≤100
176210685871751,Arcs Culture Solidali,Arcs Culture Solidali,≤100
307927752673403,Il Salone della CSR e dell'innovazione sociale,Il Salone della CSR e dell'innovazione sociale,≤100
269909651698,Istituto Oikos Onlus,Istituto Oikos Onlus,≤100
195167010525230,CCDU,CCDU,≤100
121793864832061,Daniele Novara,Centro Psicopedagogico per l'educazione e la gestione dei conflitti,≤100
105570288965454,Fabio Pacciani - sindaco Siena 2023,Fabio Pacciani,≤100
289932296433,Medici con l'Africa Cuamm,Fondazione Opera San Francesco Saverio,≤100
268501353185869,"Endometriosi - APE ODV, organizzazione di volontariato",Associazione Progetto Endometriosi,≤100
114344005243032,Chiara Colosimo,Chiara Colosimo,≤100
212217152707657,Ivan Verzilli al Comune di Teramo,Ivan Verzilli al Comune di Teramo,≤100
35855858513,Missioni Don Bosco ONLUS,Missioni Don Bosco ONLUS,≤100
1978323772189377,Ambiente Mare Italia,Ambiente Mare Italia,≤100
104856921232620,Antonino Salsone,Antonino Salsone,≤100
31893742684,Banca Sella,BANCA SELLA SPA,≤100
197449616933013,Le edizioni del Mulino,Le edizioni del Mulino,≤100
262873680428918,Massimo Bitonci,Massimo Bitonci,≤100
106609584287802,Facta,Facta,≤100
1258835734218209,Michaela Biancofiore,Michaela Biancofiore,≤100
264869596888019,Roberto Di Stefano,Roberto Di Stefano,≤100
657593647588625,Giuseppe Lanzara,Giuseppe Lanzara,≤100
217896574898601,Banca Ifis,These ads ran without a disclaimer,≤100
103221808122706,inspiringirls_italia,inspiringirls_italia,≤100
106577392014536,"Io, comandante di Wagner - Il libro rivelazione",Pienogiorno,≤100
115976633118872,Neanche l'inferno risponde,Giorgio Ronco,≤100
650387761676591,Candido,Casa Editrice Pagine,≤100
1673669186277733,Freeda,AG Digital Media,≤100
1480937442190427,Tommaso Foti,Tommaso Foti,≤100
101538465927126,Emotional&More,Emotional Studio & More SRLS,≤100
110618421978995,Maurizio Miceli Sindaco,Maurizio Miceli Sindaco,≤100
117785844904053,Antoniano onlus,Antoniano onlus,≤100
100232365950748,Tiberi Roberto,Roberto Tiberi,≤100
112576383938294,Fondo Sanedil,Fondo Sanedil,≤100
104834196224406,Formiche,Formiche,≤100
111215267090745,Re Soil Foundation,ReSoilFoundation,≤100
222403031687114,ArciAtea,ArciAtea APS,≤100
1268790256589881,People,People,≤100
107792215572487,Video Corso 231,Vibracci Ctrl,≤100
248612615697451,Enoch Soranzo,Enoch Soranzo,≤100
735661046503097,Slc Cgil Nazionale,Slc Cgil Nazionale,≤100
307673492722778,Zarotti,These ads ran without a disclaimer,≤100
1690675680996286,Pagina Roberto Rosso,Roberto Rosso,≤100
897103380380508,Novaterra Zeelandia,These ads ran without a disclaimer,≤100
104182395946288,Rete Albatros,Albatros Srls,≤100
884455481592665,European People,Marco Parroccini,≤100
537369456719694,Jane Lepori,Jane Lepori,≤100
106788055084178,Per il futuro dei bambini,Cesvi,≤100
577998532387925,RisorgimentoSicilia.it,Risorgimento Sicilia,≤100
1490730267848206,Merqurio Napoli,Marcello Merola,≤100
37153145818,Prosciutto di San Daniele,These ads ran without a disclaimer,≤100
101047321724796,Semplicità,Fabrizio Bertoletti,≤100
210270519580762,Francesco Italia Sindaco,Francesco Italia Sindaco,≤100
1828039084121555,Con i Bambini,Con i Bambini,≤100
247705175335084,ReCommon,Re:Common,≤100
1568184330161608,WeSchool,WeSchool s.r.l.,≤100
102462152029826,Operatori Sanitari nel Mondo,Claudio Scatola,≤100
2048664861850577,Il Digitale,IlDigitale.it,≤100
535609693464890,OFFSide Fest Italia,Offside Italia,≤100
1007973302727293,Teach For Italy,Teach For Italy,≤100
109409244233102,L'Indipendente,L'Indipendente S.r.l.,≤100
310674329409996,Fondazione Marcegaglia Onlus,Fondazione Marcegaglia Onlus,≤100
2283963305264429,Festival delle Idee,Associazione Futuro delle Idee,≤100
205798119968781,Cikis,Cikis,≤100
144943015569117,Vega Formazione,These ads ran without a disclaimer,≤100
619956731519414,Marco Grimaldi - Alleanza Verdi Sinistra,Marco Grimaldi,≤100
458027194373390,Possibile,Possibile,≤100
2157706944445944,Azione,Azione,≤100
1835853853222010,ULTRASOUNDtech,ULTRASOUNDtech,≤100
206708532746370,Mara Bizzotto Pagina Ufficiale,Mara Bizzotto,≤100
110148550676851,Cristiano Ceriello,Cristiano Ceriello,≤100
590301457742958,Zeta,Zeta,≤100
53333471319,Fondazione L'Albero della Vita - onlus,Fondazione L'Albero della Vita - onlus,≤100
392924770773761,Giulio Terzi,Giuliomaria Terzi Di Sant'agata,≤100
195895477096555,Cefa - Il seme della solidarietà - Onlus,Cefa- Il seme della solidarietà- Onlus,≤100
556039361581037,Withub,Withub,≤100
105655754112279,Aon Italia,Aon Italia,≤100
326480964397759,Antonio Lombardi,FEDERCEPICOSTRUZIONI,≤100
172576080121698,Lorenzo Valentini,Lorenzo Valentini,≤100
160132570689280,Arcigay,Arcigay,≤100
80761643174,Fondazione Umberto Veronesi,Fondazione Umberto Veronesi,≤100
219476978806244,Peppe Cassì,Giuseppe Cassì,≤100
198307320795172,Are you R,Are you R,≤100
117913115000855,Learning Academy by Sanoma Italia,Pearson Italia,≤100
1623129891325124,Italia in Classe A,ENEA,≤100
108770011256563,XtraCult,XtraCult,≤100
204724029665288,Enegan - Luce e Gas,Enegan S.p.A.,≤100
345136718845,Ministero dell'Ambiente e della Sicurezza Energetica,Ministero dell'Ambiente e della Sicurezza Energetica,≤100
205898879794988,Energia Corrente,These ads ran without a disclaimer,≤100
322268997886078,Andrea Giorgis,Andrea Giorgis,≤100
110694578605312,"La Democrazia Cinese, il blog di Giuliano Noci","La Democrazia Cinese, il blog di Giuliano Noci",≤100
79128475979,FUNIMA International Onlus,FUNIMA International Onlus,≤100
297566579018,IoScrittore,IoScrittore,≤100
103843386353847,Studio Pagano & Partners,Monica Pagano,≤100
1525276264261539,Manfredi Potenti,Manfredi Potenti,≤100
229483187248340,Automazione Industriale Ferrazza,Ferrazza S.r.l.,≤100
165968498427823,Rete dei Comuni Sostenibili,Giovani Gostoli,≤100
361577344270475,EconomiaCircolare.com,Economiacircolare.com,≤100
105636267811260,The Good in Town,The Good in Town,≤100
362736877172156,Andrea Monti,Andrea Monti,≤100
112419051106422,Previdenza Cooperativa,Previdenza Cooperativa,≤100
174870902882597,Assoambiente,Assoambiente,≤100
853902504738306,Centro Benedetta D’Intino,Centro Benedetta d'Intino,≤100
160725107411590,CONOU Consorzio Nazionale Gestione Raccolta Trattamento Oli Minerali Usati,eprcomunicazione,≤100
1574941869410381,Biblion edizioni,Biblion Edizioni,≤100
2270196856358992,PHYD,PHYD,≤100
343132907074660,Villy de Luca,Villy de Luca,≤100
108947418663332,Sara Kelany,Sara Kelany,≤100
67527694280,Arché,Arché,≤100
343444682747487,Fondazione Asilo Mariuccia,Fondazione Asilo Mariuccia,≤100
263368177127232,Le Nius,Le Nius,≤100
103203094498016,Filippo Ciaccia,Filippo Ciaccia,≤100
171869093280946,EICOM Energia,Eicom energia,≤100
112231411542422,Davide Vasta • Deputato all’Assemblea Regionale Siciliana,Davide Vasta,≤100
404600599728488,Pefc Italia,PEFC Italia,≤100
103622722494694,Ecco think tank,ECCO think tank,≤100
1776956162430608,L'Indispensabile - movimento rivoluzionario,Associazione Darsi Pace,≤100
592859190806155,Lucio Malan,Lucio Malan,≤100
108802175280768,Giovanni Gostoli,Giovani Gostoli,≤100
401694036583152,Consorzio Ricrea Acciaio,These ads ran without a disclaimer,≤100
112045001860697,Loreto 2030,Loreto 2030,≤100
451452544893797,Alter.POLIS,Alter.POLIS,≤100
292557288123759,AFemaleChoice,Lara Epifanio,≤100
101464222391210,simona.cardinali.351,These ads ran without a disclaimer,≤100
121832620851076,"Roberto Cerulli, candidato sindaco Monte Argentario",Roberto Cerulli,≤100
875419312564350,GranoSalus. Produttori in difesa del  Consumatore,Saverio De Bonis,≤100
182760498490334,infoConcorsi,EdiSES Edizioni Srl,≤100
254827334550018,Praim,Praim srl,≤100
249598215055352,Giulius Pet Shop,These ads ran without a disclaimer,≤100
111530161629383,Intra,iKarma SRL,≤100
113370130305928,Il Venerdì Libertario,Il Venerdì Libertario,≤100
100370792840782,Don Riboldi Il coraggio tradito,Don Riboldi Il coraggio tradito,≤100
101341869245338,Cataldo Baratta - Il Politicante,Cataldo Baratta,≤100
10150113987575383,Festival Biblico,Festival Biblico,≤100
2797201316986482,Annalisa Tardino,Annalisa Tardino,≤100
519586758077176,Andrea Apostolo,Andrea Apostolo,≤100
631273106928631,Stirati Sindaco - Liberi e Democratici,Liberi e Democratici,≤100
105296361571631,FGS srl,FGS srl,≤100
109995768699674,USB Sanità,USB sanità,≤100
154144331904379,Marta Schifone,SocialCom,≤100
103725242332017,Equilibri Magazine,Equilibri Magazine,≤100
979170492162869,Coordinamento per la Democrazia Costituzionale,COORDINAMENTO PER LA DEMOCRAZIA COSTITUZIONALE,≤100
1566464517005046,ASSIV,ASSIV,≤100
2613707698646326,Pop Edizioni,POP EDIZIONI SRL SRL,≤100
20674188266,Lato B - l'altro lato di Milano,Lato B - L'altro lato di Milano,≤100
100896914607046,dejan_cetnikovic,Dejan Cetnikovic,≤100
608197162618204,Patronato  Epasa-Itaco Cittadini e Imprese,Epasa-Itaco Cittadini e Imprese,≤100
363589373994,Filippo Rossi,Caffeina Media s.r.l.,≤100
290721534331298,Anna Ascani,Anna Ascani,≤100
103124791775267,Il Periscopio del Diritto,Michele Alfredo Chiariello,≤100
107222298795161,Aurora Floridia,Aurora Floridia,≤100
1697229077225391,Foodinsider.it,Associazione Foodinsider,≤100
138109442630,UNIMPRESA Unione Nazionale di Imprese,Donato Paolino,≤100
105332674760119,ista Italia Srl,Ista Italia srl,≤100
387628074641412,E-cology Italia,E-cology Italia,≤100
111267199355882,FNM Group,FNM Group,≤100
112707153827563,Enfea Salute,Enfea Salute,≤100
106473192166860,TIF Media,Controradio s.r.l.,≤100
1766466673641354,Antonino La Spina,Antonino La Spina,≤100
1582931588587085,Stefano Buono,Stefano Buono,≤100
418802441622230,John Cabot University - Guarini Institute for Public Affairs,Guarini Institute for Public Affairs - John Cabot University,≤100
218911188148674,CISAL Confederazione Italiana Sindacati Autonomi Lavoratori,CISAL,≤100
146415948745160,Tecnè,Michela Morizzo,≤100
109674771399494,"UCDL - Unione per le Cure, i Diritti e le Libertà","Unione per le Cure, i Diritti e le Libertà",≤100
56755731998,Codacons,Codacons,≤100
103103546048391,Astenuti,Silvia Armati,≤100
612675188834603,ANPI Sez. Territoriale Camposampierese,Alessandro Dal Corso,≤100
194937987296026,Giovanna Melandri,Giovanna Melandri,≤100
106210861204106,Guido Trebo - assessore,Guido Trebo,≤100
103424628077353,Karu,These ads ran without a disclaimer,≤100
522896174518525,Fondazione Don Gnocchi,These ads ran without a disclaimer,≤100
331372771010,Festival della Mente,Festival della Mente,≤100
491624874237844,DGV,DGV,≤100
110354967359505,Materasso Bedshire,Ce.Pro.L di Gatti Luca,≤100
112995657150811,Ecologica,Gianfranco Mascia,≤100
57266165685,Agatino Giusti,Agatino Giusti,≤100
100514958863956,Beyond Project - Gender Equality in Early Years,Beyond Project - Gender Equality in Early Years,≤100
108075925587881,Gregorio Arceri - Elezioni amministrative 2023 Brescia,Gregorio Arceri,≤100
620239501415401,Davide Bordoni,Davide Bordoni,≤100
112184058442541,Luca Pasquero,Francesco Biacchi,≤100
1915378315158342,Matteo Melotti - Candidato Sindaco per Villafranca,Matteo Melotti - Candidato Sindaco per Villafranca,≤100
287025371680728,ClasseViva - Il Registro Elettronico,These ads ran without a disclaimer,≤100
214283755421613,Antonello Peru,Antonello Peru,≤100
110954675068281,Roberto Bozzi- Sindaco per Siena,Davide Vivaldi - Candidato Toscana U01 per #Azione,≤100
863670390343095,Gruppo Illiria,Gruppo Illiria,≤100
103131132505611,colorobe_,These ads ran without a disclaimer,≤100
1420345371514860,Interlife Onlus,Interlife,≤100
195326237145660,Consiglieri regionali PD Toscana,Consiglieri regionali PD Toscana,≤100
102438334573784,Antonella Zedda,Antonella Zedda,≤100
258755651183,Alfonso Pecoraro Scanio,Alfonso Pecoraro Scanio,≤100
100558004769759,Il Pane di Sant'Antonio,Opera Pia il Pane di S.Antonio,≤100
2054413738135268,VeronettaCivile,Stefano Napolitano,≤100
258648574567666,Francesco Luciani,These ads ran without a disclaimer,≤100
177990150967421,La Verità di San Giorgio,Pietro L'Erario,≤100
107269185396543,Francesco Gallo Deputato Nazionale,Carmelo Abate,≤100
2100347216672531,"Noi, per Gavorrano - Andrea Maule Sindaco",Andrea Maule,≤100
712440805815665,Future Education Modena,These ads ran without a disclaimer,≤100
245896288829424,Acer Italia,These ads ran without a disclaimer,≤100
348012531936270,Viaggi della Memoria,Viaggi della Memoria,≤100
107516374414528,Keplero,Associazione Keplero,≤100
103337036053774,SustainaBytes,These ads ran without a disclaimer,≤100
126210297412918,Vaccarezza In Regione,Angelo Vaccarezza,≤100
111547788223937,Everse,These ads ran without a disclaimer,≤100
103478991969884,Organon Italia,These ads ran without a disclaimer,≤100
103775538872540,AstroDis • Musica per Cambiare,Alessandro Castro,≤100
1382868132042683,Massimiliano Romeo,Massimiliano Romeo,≤100
113053691716786,Carlo Vulpio Sindaco,Carlo Vulpio,≤100
269514173218509,Fabrizio Gareggia Sindaco,Fabrizio Gareggia,≤100
425023447643668,MedReAct,MedReAct,≤100
112349000332251,Davide Marraffino - Consigliere,Davide Marraffino,≤100
100691529407,SULLA STRADA ONLUS,SULLA STRADA ONLUS,≤100
1562198404057623,Informatore,Informatore,≤100
1487303214906884,Alberto Losacco,Alberto Losacco,≤100
100387133404972,Gay Center,Gay Center,≤100
478247465671732,TotalEnergies,TotalEnergies,≤100
1181670365223505,Costa Crociere Foundation,Costa Crociere Foundation,≤100
104995138746733,Paolo Costanzo +Europa,Paolo Costanzo,≤100
108006304234752,Amici del Partito marxista-leninista italiano PMLI.Biella,Gabriele Urban,≤100
415597932173946,Economia Circolare,Eco Connection Media,≤100
200837093313910,Farmacie Apoteca Natura,Farmacie Apoteca Natura,≤100
2006958696239686,Emanuela Del Re,Emanuela C. Del Re,≤100
31800331297,Gariwo - Foresta dei Giusti,Gariwo - Foresta dei Giusti,≤100
104570204462760,L'Informatore,Informatore,≤100
186799161499691,Libraccio,D.M.B. S.r.l.,≤100
266957210152139,Gilberto Pichetto,Gilberto Pichetto,≤100
1603966533257308,Maria Cristina Pisani,Maria Cristina Pisani,≤100
133659483463065,Pastificio Felicetti,These ads ran without a disclaimer,≤100
633645229995232,Una città in comune,Associazione Pisa in Comune,≤100
106972529043326,L' altra Laigueglia - Claudia Arduino Sindaco,Francesca Desimine,≤100
1165984496783001,Torino Web TV,Torino Web TV,≤100
1975939216057184,Alvearia.net,Alvearia.net,≤100
199809013951963,Monica Pagano,Monica Pagano,≤100
510543356065092,Romano Favetta - Candidato Sindaco,Jessica Marzilli,≤100
605017032954809,Inca Cgil Nazionale,These ads ran without a disclaimer,≤100
100211626247272,Maria Rita Parsi,Maria Rita Parsi,≤100
404402342956536,StartupItalia,StartupItalia,≤100
1817269115180421,Gustabacco Enoteca,Gustabacco,≤100
386032761821034,GIULIA MARCHIONNI,Giulia Marchionni,≤100
305857383716,Comunicattive,Comunicattive srl,≤100
407066069720164,We Wealth,Voices of Wealth S.r.l.,≤100
104555644443795,Dipende da Noi,Dipende da Noi,≤100
100742278426619,Alessandra Sponda,Alessandra Sponda,≤100
646685805954125,Maria Passaro Sindaco - La Città di tutti,Maria Passaro Sindaco - La Città di tutti,≤100
204034721659,Il Libraio,Il Libraio,≤100
166027216814695,Firriato,Firriato Winery,≤100
267633166627729,DAS Difesa Legale,These ads ran without a disclaimer,≤100
496873810372627,Cittadini reattivi,Cittadini Reattivi APS,≤100
110027305395238,Roberto Zunino per Carcare,Roberto Zunino,≤100
1676582112422226,Walter Zalukar,Walter Zalukar - Gruppo Misto Consiglio Regionale FVG,≤100
176906199690991,Aditus Culture,These ads ran without a disclaimer,≤100
278930172136112,Terraè - officina della sostenibilità,Terraè - officina della sostenibilità,≤100
57751256819,Confprofessioni,Confprofessioni,≤100
1736994623023559,Pedagogisti Familiari ANPEF,A.N.P.E.F. Associazione Nazionale dei Pedagogisti Familiari,≤100
117725514625281,Emanuele Borella pagina Civica,Emanuele Borella,≤100
107128728621445,Rinascita Civica - Partecipare Vittorio,Mirella Balliana,≤100
167192463921273,Antonio Zennaro,Antonio Zennaro,≤100
130843517503808,Parco di Monte Menola,Parco di Monte Menola,≤100
842762285857820,Andrew Spannaus - Transatlantico.info,Transatlantico.info,≤100
2162934993958021,Associazione Altero Matteoli,Associazione Altero Matteoli,≤100
142486380698322,Les Collectionneurs Italia,These ads ran without a disclaimer,≤100
590611178105666,Wonderwhy,Wonder Why,≤100
101732063293364,Istituto Toniolo,Istituto Toniolo,≤100
316818499032889,Luca Baroni - Storie Anomale,Luca Baroni,≤100
112352038802143,Giuliano Pisapia,Giuliano Pisapia,≤100
787903214594249,Fisascat Cisl,Fisascat Cisl,≤100
293256813551,CasaFacile,These ads ran without a disclaimer,≤100
102746778312451,Giuseppe Francioso,Giuseppe Francioso,≤100
109649207044197,Dr. Massimiliano Zaramella Chirurgo Vascolare,Dr. Massimiliano Zaramella Chirurgo Vascolare,≤100
172877272818490,Romano Arti Grafiche,Romano Arti Grafiche,≤100
1618078638446744,4G Energia,slashto,≤100
121336650887459,Alfonso Musa,Alfonso Musa,≤100
1564544176959806,Cittadini Liberi - Alleanza degli Innovatori,Cittadini Liberi - Alleanza degli Innovatori,≤100
993120200721882,Casa Don Puglisi - La Bottega,Associazione di Volontariato Don Giuseppe Puglisi Onlus,≤100
1454878551488658,Pino Bicchielli,Adabire Aznar Vanessa,≤100
297511093782394,Csx-Firenze,Csx-Firenze,≤100
434829060370453,Agricola Moderna,SUNSPRING S.R.L.,≤100
100178145554917,Deephinterland,Deep Hinterland,≤100
144293048945865,Knowità,Knowità Srl,≤100
1637778729816876,Nagorà Laboratorio di Idee,Nagorà Laboratorio di idee,≤100
111784673804342,Una nuova Etica in Italia,Francesco Cottafavi,≤100
105138745857910,Carlo Antonetti,Carlo Antonetti,≤100
294966997762063,Raffaele Nevi,Raffaele Nevi,≤100
414325455372563,Lightland Soluzioni Energia Srl,Lightland Srl,≤100
318986935171451,Repower Italia,Repower Italia S.p.a.,≤100
119788749421831,Barcaioli Fabio,Barcaioli Fabio,≤100
113379140127659,Matteo Arcenni,Matteo Arcenni,≤100
121169997548953,Matteo Giacomini Zaniol,Matteo Giacomini Zaniol,≤100
1524999864481577,SMET Logistics,SMET S.p.A.,≤100
591249014329371,ClassiCult,ClassiCult,≤100
1494770570823635,Pippi Mellone Sindaco,"Pippi Mellone, Sindaco del Comune di Nardò",≤100
100289548320054,HT Hotel Trieste-Gradisca d'Isonzo,These ads ran without a disclaimer,≤100
112623638306277,Marco Di Leo,Marco Di Leo,≤100
146323648878301,Sondrio Democratica,Francesco Bettinelli,≤100
144709575593854,EESC - European Economic and Social Committee,EESC - European Economic and Social Committee,≤100
1511090682500479,Tuttavia Palermo,Francesca Chiarenza,≤100
112672441408378,eco__road,Simone Musacchio,≤100
103605957978351,FenealUil Nazionale,FENEALUIL,≤100
293173811838,Zeroviolenza,Zeroviolenza,≤100
185612778897530,Adele Triggiano,Michele D'Elia,≤100
118272361563416,Serenissima Ristorazione,Serenissima Ristorazione,≤100
1733499100094181,Trusters,Trusters,≤100
26556029942,Laboratori di analisi cliniche De.Da srl,These ads ran without a disclaimer,≤100
104770531957936,Pilu Pierlucio Firrao,Pierlucio Firrao,≤100
208711130104,Etelwardo Sigismondi,Etelwardo Sigismondi,≤100
80161254850,European Youth Forum,These ads ran without a disclaimer,≤100
155689883772,FOTO Cult,These ads ran without a disclaimer,≤100
278697162625598,Patto Civico 2023,Alexandre Dei,≤100
104730438003911,Cambiamenti Climatici - News e approfondimenti,Cambiamenti Climatici - News e approfondimenti,≤100
1732945593632797,Unione Italiana Ciechi e Ipovedenti UICI Consiglio Regionale del Lazio,Claudio Cola,≤100
107711661632417,Claudia Pratelli,Claudia Pratelli,≤100
132553296808689,Massimo Coppola,Massimo Coppola,≤100
102803162427248,costruiamosalute,Salute - Regione Emilia-Romagna,≤100
106237078887971,Angela Pennetti,Angela Pennetti,≤100
2259199297554119,Roberto Braibanti,Roberto Braibanti,≤100
107960388941796,Porte Aperte Genzano,These ads ran without a disclaimer,≤100
140074834902234,DiVento - Sportello di Comunità,DiVento - Sportello di Comunità,≤100
1969352823389586,Francesco Filieri al Consiglio Comunale,Francesco Filieri,≤100
602678809928628,Guido Quintino Liris,Guido Quintino Liris,≤100
178808252718288,Dipartimento di Scienze e Politiche Ambientali - UNIMI,MB srl,≤100
159192554552724,Vasilika Moon - La Luna di Vasilika Onlus,La luna di Vasilika ONLUS,≤100
103979385780286,Marco Aurelio Getulio Forconi,Marco Aurelio Getulio Forconi,≤100
104891121410035,eXL magazine,iDNA,≤100
324415918006,Iscos Cisl - Istituto Sindacale per la Cooperazione allo Sviluppo,Iscos,≤100
1682557118704686,ottod'Ame,These ads ran without a disclaimer,≤100
107379378333563,Tozzi Green,TOZZI GREEN,≤100
1151916921518164,SatiLeaks,SatiLeaks,≤100
103145348920594,"Associazione agricoltori, proprietari e residenti Roseto Borsacchio",Pierpaolo Mori,≤100
332733097145614,Luca Ghezzi,Luca Ghezzi,≤100
526372627413191,"Cortexa, Eccellenza nel Sistema a Cappotto",These ads ran without a disclaimer,≤100
101825375174853,Fler World,These ads ran without a disclaimer,≤100
367484670387819,Flavio Di Muro,Flavio Di Muro,≤100
1087189548124068,Luigi Giordano,Luigi Giordano,≤100
109514885064008,CANIsmarritietrovati,These ads ran without a disclaimer,≤100
1059209660929969,Conoe Consorzio per la raccolta e il trattamento degli oli vegetali esausti,CONOE,≤100
500948160053562,Monica Sambo per Venezia,Monica Sambo,≤100
521181664623561,Surgery for children,Surgery for Children,≤100
104578154630928,BIC Incubatori FVG,BIC INCUBATORI S.R.L.,≤100
655999437776201,PD San Donato Milanese,PD San Donato Milanese,≤100
312427835757903,Libri di Pietro De Sarlo,Pietro Francesco Maria De Sarlo,≤100
108380058876874,Erika Licata - Candidata al Consiglio Comunale,Erika Licata,≤100
205510406714871,Alberto Rossi Sindaco di Seregno,Alberto Rossi Sindaco,≤100
212034775726,Quotidiano di Sicilia,Quotidiano di Sicilia,≤100
340304166366511,Americo Di Benedetto,Americo Di Benedetto,≤100
573828172688916,Stefano Passarini,Stefano Passarini,≤100
1562648707302483,Amedeo Ciaccheri,Amedeo Ciaccheri,≤100
570062543030882,La Valigia di Gio,La Valigia di Gio,≤100
227274951361378,Dott. Antonio Diplomatico,Ester Diplomatico,≤100
608375839515998,Avvocato Luca Favini - Studio Legale Ghedini Favini,Luca Favini,≤100
117213200277268,Muzio Annalisa,Annalisa Muzio,≤100
100210064720867,Merita,Merita,≤100
1020725961324733,Eraldo Ciangherotti,Eraldo Ciangherotti,≤100
427029014355822,Capitan Acciaio,These ads ran without a disclaimer,≤100
1645675955479538,Gianvito Casarella - Fratelli d'Italia,Gianvito Casarella,≤100
279670699158197,WAS - Wil H. B.,WAS,≤100
172355223478666,Angelantonio Angarano,Angelantonio Angarano,≤100
101156041497429,Opinione & Libertà - Jacopo Russo,These ads ran without a disclaimer,≤100
137256334849,Pagina di Pietro De Sarlo,Pietro Francesco Maria De Sarlo,≤100
831606146934263,Banca di Bologna,These ads ran without a disclaimer,≤100
554291604988152,Luligumis Amigurumis,These ads ran without a disclaimer,≤100
356102944825132,Antonio Cascone,Antonio Cascone,≤100
169101783890379,Fondazione Carolina,Fondazione Carolina,≤100
102631332814637,Dispute Coin Network,These ads ran without a disclaimer,≤100
100381313039540,Total News,These ads ran without a disclaimer,≤100
120613924682133,Business Gateways International LLC,These ads ran without a disclaimer,≤100
103461859197333,Lawyer,These ads ran without a disclaimer,≤100
104548622209357,ecoshika,These ads ran without a disclaimer,≤100
222795921147122,DHG Dyeing House Gallery,These ads ran without a disclaimer,≤100
106455438982920,Back Legal,These ads ran without a disclaimer,≤100
107132684935276,Petit Pappus,These ads ran without a disclaimer,≤100
163129914381556,Lawyer Vi,These ads ran without a disclaimer,≤100
109231571984405,Accelera,These ads ran without a disclaimer,≤100
101653285444113,SK텔레콤 뉴스룸,These ads ran without a disclaimer,≤100
126479563692159,perpacedelmela,These ads ran without a disclaimer,≤100
100374392742057,Weregreenly- Magazine,These ads ran without a disclaimer,≤100
1196196390526965,Facebook Surveys,These ads ran without a disclaimer,≤100