﻿Page ID,Page name,Disclaimer,Amount spent (EUR)
263503200272,Welthungerhilfe,Welthungerhilfe,598
22541752487,Greenpeace Deutschland,Greenpeace Deutschland,559
170688644503,UNICEF Deutschland,UNICEF Deutschland,360
768905426534529,Bundesregierung,Bundesregierung,335
1578640155687393,Sea-Watch,Sea-Watch,315
331832984040,LichtBlick,LichtBlick,279
511785248971976,"Bundesministerium für Familie, Senioren, Frauen und Jugend","Bundesministerium für Familie, Senioren, Frauen und Jugend",255
139968284118,terre des hommes,terre des hommes,253
82734241364,Campact e.V.,Campact e.V.,246
261985647756704,AfD im EU-Parlament,AfD im EU-Parlament,237
161273245888,Save the Children Deutschland,Save the Children Deutschland,217
21242962092,ClientEarth,ClientEarth Deutschland,180
23216224900,Plan International Deutschland,Plan International Deutschland e.V.,169
218786540044,WWF Deutschland,WWF Deutschland,160
154149027994068,ZDF,ZDF,160
105845231718268,Light for the World Deutschland,Light for the World - Licht für die Welt e.V.,159
108268845888673,Bundesministerium für Arbeit und Soziales,Bundesministerium für Arbeit und Soziales,115
1919185338293853,AfD-Fraktion NRW,AfD-Fraktion NRW,108
102169625710148,ClimaClic,Burda Direct GmbH,107
1790920000965539,CDU CSU Europa,CDU/CSU-Gruppe in der EVP-Fraktion im Europäischen Parlament,≤100
294772850956765,Green Forest Fund e.V.,GREEN FOREST FUND e.V.,≤100
484950398505596,IRC Deutschland,IRC Deutschland,≤100
102902027852676,ForTomorrow,ForTomorrow gGmbH with Facebook ad credits,≤100
136260152219,World Vision Deutschland e.V.,World Vision Deutschland e.V.,≤100
236934790401,UNO-Flüchtlingshilfe,UNO-Flüchtlingshilfe,≤100
111217141367419,DAHW - Infektionskrankheiten stoppen,DAHW Deutsche Lepra- und Tuberkulosehilfe e.V.,≤100
1509790395958123,Aktion gegen den Hunger,Aktion gegen den Hunger,≤100
116544291761495,Kindernothilfe E.V.,Kindernothilfe E.V.,≤100
341486659645594,FDP Fraktion Bundestag,Fraktion der Freien Demokraten im Deutschen Bundestag,≤100
478399422560922,KadeFungin,DR. KADE,≤100
259770724096761,Animal Equality Germany,Animal Equality Germany e.V.,≤100
81386795687,CSU (Christlich-Soziale Union),CSU (Christlich-Soziale Union),≤100
1173504606112676,Bundesministerium für Bildung und Forschung,Bundesministerium für Bildung und Forschung,≤100
163397580344398,HBO-Zentrum Euregio Aachen,HBO-Zentrum Euregio Aachen GmbH & Co. KG,≤100
195646150169,IGBCE,IGBCE,≤100
614408642007931,Zurich,Zürich Beteiligungs-Aktiengesellschaft (Deutschland),≤100
133306764192,NABU Bundesverband,NABU Bundesverband,≤100
130018647016828,Mall - Umweltsysteme,Mall GmbH,≤100
386954881473291,AfD Hamm,Pierre Jung,≤100
2188342231399828,HSI/Deutschland,HSI Europe,≤100
1393167744264822,Bundesministerium für Digitales und Verkehr,Bundesministerium für Verkehr und digitale Infrastruktur,≤100
82055658434,CARE Deutschland e.V.,CARE Deutschland e.V.,≤100
100528568765838,Timo Schisanowski MdB,Timo Schisanowski,≤100
593476900673774,ifaw,ifaw,≤100
453448094682382,Ali Dogan,SPD Minden-Lübbecke,≤100
100345702834585,All Out Deutschland,All Out,≤100
109573920927141,Ichwillfair,Initiative für nachhaltige Agrarlieferketten,≤100
101274842793956,Greenpeace grad jetzt,Greenpeace e.V.,≤100
718677004826671,Deutsche Umwelthilfe,Deutsche Umwelthilfe,≤100
1176675472454246,CAPinside.com,CAPinside GmbH,≤100
120479081330563,Körber-Stiftung,Körber-Stiftung,≤100
187685374535,Reporter ohne Grenzen Deutschland,"'Paid for by [Reporter ohne Grenzen, deutsche Sektion e.V.] with Facebook ad credits’",≤100
107085727344683,Mein Schlüssel zur Welt,Bundesministerium für Bildung und Forschung,≤100
2056256127791743,Damian Boeselager,Damian Boeselager,≤100
164014383647221,BARMER,BARMER,≤100
160355334000102,PLANT-MY-TREE,PLANT-MY-TREE,≤100
134209407129787,Volt Deutschland,Volt Deutschland,≤100
150527751674751,Greens/EFA in the European Parliament,Greens/EFA in the European Parliament,≤100
147238675314839,Ruhr Nachrichten,MGW Media Group Westfalen GmbH & Co. KG,≤100
62058563854,"Dr. Peter Liese, MdEP",Eüropabüro für Südwestfalen - Dr. Peter Liese,≤100
101285651990166,Planted,I Planted GmbH,≤100
1847338492218497,Dr. Carsten Brodesser,CDU Oberberg,≤100
533449653783649,Impfopoint,Impfopoint – einer Initiative des Landesapothekerverband Baden-Württemberg e.V,≤100
103453699750,ROBIN WOOD e.V.,ROBIN WOOD e.V.,≤100
375763085829863,Eva Lux - Leverkusen,Josefa Maria Lux,≤100
521512268012838,Kindernetzwerk e.V.,Kindernetzwerk e.V.,≤100
104930259005132,Die Wohnungsbaugenossenschaften Köln und Umgebung,Die Wohnungsbaugenossenschaften Köln und Umgebung,≤100
105664798388099,Make.org,Make.org,≤100
156733414463449,SAUBER ENERGIE,SE SAUBER ENERGIE GmbH & Co. KG,≤100
206584163580,Stiftung Mercator,Stiftung Mercator,≤100
1004883576238809,GoodJobs,GoodJobs GmbH,≤100
102918022164831,Your Data Mirror,Interactive Media Foundation gGmbH,≤100
209697875758716,DIE JUNGEN UNTERNEHMER,Die Jungen Unternehmer,≤100
145944615464920,Polarstern Energie,Polarstern Energie,≤100
134483979119,Rosa-Luxemburg-Stiftung,Rosa-Luxemburg-Stiftung,≤100
111501317017740,Motatos Deutschland,Motatos,≤100
512403718895902,Wildtierschutz Deutschland e.V.,Wildtierschutz Deutschland e.V.,≤100
110541501801364,Not Just Celsius,Interactive Media Foundation gGmbH,≤100
655866611703957,Bürgerinitiative BIENE,BIENE Krefeld,≤100
105202642419481,Plant-My-Tree. Die Stiftung.,PLANT-MY-TREE. Die Stiftung.,≤100
120285481321029,Lehramt in NRW-Fit ins Referendariat!,Stefan Reimer,≤100
103558289679671,Bündnis 90/Die Grünen Berlin,Die Landesgeschäftsführung von Bündnis 90/Die Grünen Berlin,≤100
135591596484147,ABDA - Bundesvereinigung Deutscher Apothekerverbände e. V.,ABDA - Bundesvereinigung Deutscher Apothekerverbände e. V.,≤100
214526595274349,BSH GmbH & Co.KG,BSH GmbH & Co. KG,≤100
348979855478911,Esra Limbacher,Esra Limbacher,≤100
101269712766754,enorm_stark,These ads ran without a disclaimer,≤100
52583930298,Hochschule Magdeburg-Stendal,Hochschule Magdeburg-Stendal,≤100
961777890623902,Serdar Yüksel,Philipp Christian Witt,≤100
1218561858288255,Motaris GmbH,Motaris GmbH,≤100
314428179245339,Dennis Josef Meseg,Dennis Josef Meseg,≤100
108633728581883,Rettet Biokraftstoffe,OVID Verband,≤100
130974066970817,UKinGermany,Foreign and Commonwealth Office,≤100
104959658833469,Verfolgte im Nationalsozialismus,Bundesverband Information & Beratung für NS-Verfolgte e.V.,≤100
100918065361043,Klaus Mack,Klaus Jurgen Mack,≤100
1093989863995799,hep,hep global GmbH,≤100
1508446642792459,Vattenfall,Vattenfall Deutschland,≤100
399241730563,Quarks,Westdeutscher Rundfunk Köln,≤100
103919417972272,Unabhängige Beauftragte für Fragen des sexuellen Kindesmissbrauchs,Unabhängiger Beauftragter für Fragen des sexuellen Kindesmissbrauchs,≤100
101528199427339,Bathcoatcrew,These ads ran without a disclaimer,≤100
110796605637211,SPD Solingen,SPD Solingen,≤100
21289227249,FDP,FDP,≤100
260335584433785,Mehmet Yildiz,Mehmet Yildiz,≤100
718828648210134,Dein Winter. Dein Sport.,Dein Winter. Dein Sport.,≤100
108512861653277,Gregor Kempert,Gregor Niclas Kempert,≤100
283266582089,action medeor e.V.,action medeor e.V.,≤100
417517061951550,Einfach da für dich,ABDA - Bundesvereinigung Deutscher Apothekerverbände e. V.,≤100
116064499060160,Dirk Brandes - Für Niedersachsen im Bundestag,Dirk Brandes,≤100
238949011389927,AGS-Gevelsberger SPD,AGS-Gevelsberger SPD,≤100
117534528257937,Bund für Umwelt und Naturschutz Deutschland,Bund für Umwelt und Naturschutz Deutschland,≤100
110056008288031,Rechtsanwaltskanzlei Matthias Prinz - Mainz,Matthias Prinz,≤100
189617674514883,Rheinland-Pfalz,Rheinland-Pfalz,≤100
16697124481,Amerikahaus München,Amerikahaus München,≤100
637407053037068,Michael Breilmann,Michael Breilmann,≤100
1967019790197412,Markus Wagner,"Markus Wagner, MdL",≤100
153467308073688,FDP Bielefeld,FDP Kreisverband Bielefeld,≤100
1077260675704647,Wohnglück,Impleco GmbH,≤100
101011128446841,Bündnis Deutschland,Bündnis Deutschland,≤100
191851397669230,VETO – Tierschutz,VETO - Tierschutz,≤100
183372748341662,CDU Achim,Jurgen Gerhart Striedieck,≤100
100572773318575,Ärzte der Welt,Ärzte der Welt,≤100
413826305343387,Krautreporter,Krautreporter,≤100
176981982738246,Fraktion der AfD-Siegen-Wittgenstein im Kreistag,Heinrich Roland Steffe,≤100
2665513323462858,Hendrik Hamel,Hendrik Hamel e.K.,≤100
128131443919554,SPD Spandau,SPD Spandau,≤100
1540045636302649,Arolsen Archives,Arolsen Archives,≤100
191399134327652,aramco,These ads ran without a disclaimer,≤100
262653703751126,CDU Gelsenkirchen,CDU Kreisverband Gelsenkirchen,≤100
359720447745148,Sustainable Natives,sustainable natives eG with Facebook ad credits,≤100
1681376372160874,Krautzone,These ads ran without a disclaimer,≤100
103281292025808,berlinovogram,These ads ran without a disclaimer,≤100
1206348496067700,NAEB e.V. Stromverbraucherschutz,Heinrich Konrad Düpmann,≤100
116061881782325,Bundesarbeitskreis Arbeit und Leben e.V.,Bundesarbeitskreis Arbeit und Leben e.V.,≤100
101944088204294,SPD Burgaltendorf-Überruhr,SPD-OV Essen-Burgaltendorf-Überruhr,≤100
111789447030484,Bundesfinanzministerium,Bundesfinanzministerium,≤100
362358333808372,FDP Ratingen,FDP Ratingen,≤100
1113272392053746,Mit Liebe zum Detail,These ads ran without a disclaimer,≤100
102896132170251,Molkerei Weihenstephan,Molkerei Weihenstephan GmbH & Co. KG,≤100
185070192443461,CDU in Stolberg,CDU Stolberg,≤100
112005127912585,"Michael Tryzna Partei -MTP ""Verband Stadt und Landkreis Kassel""",Michael Tryzna,≤100
311202319246364,Unserhuerth,Saleh Abou El Mati,≤100
104445349105231,Jörg-Michael Schrader,CDU Kreisverband Minden-Lübbecke,≤100
882321835275858,BDH Bundesverband Rehabilitation,BDH Bundesverband Rehabilitation,≤100
1790885824313860,Fidelity International DE,FIL Investment Services GmbH,≤100
114554831934355,Tierschutzbund,Deutscher Tierschutzbund e.V.,≤100
251218774987056,Kfz-Sachverständigenbüro / Havariekommissariat Lars Dziemba,Lars Dziemba,≤100
185890618101849,Romero Initiative - CIR,Christliche Initiative Romero,≤100
110288477351423,Blut Hilft Forschen,in.vent DIAGNOSTICA GMBH,≤100
225499161202327,"Peter Felser, AfD",Michaela Luise Schuster,≤100
107619991821245,Die Zeytenwantler - Alte Zeyt trifft Neue Zeit - Gesundheit ganzheitlich,Birgit Wilma Schilling,≤100
686548441500195,Dietmar Panske,Dietmar Panske MdL,≤100
109857895185207,ZEIT für X - Studio ZX,Studio ZX GmbH – Ein Unternehmen der ZEIT Verlagsgruppe,≤100
111384830523915,Ratsfrau Marina Spillner SPD,Marina Karin Spillner,≤100
562346783854479,CDU Marl,CDU Marl,≤100
178362315106,European Parliament,European Parliament,≤100
611910082337980,VerbraucherCheck.net,Caesar Richard Reinhold Ludwig  Schütz,≤100
284524533339913,Kleinwasserkraft,Arbeitsgemeinschaft Wasserkraftwerke Baden-Württemberg (AWK) e.V.,≤100
112743275430520,International Campaign for Tibet Deutschland e.V.,International Campaign for Tibet Deutschland e.V.,≤100
104895171452029,Robin Bugla AfD,Robin Peter Bugla,≤100
198244400189055,Entega,ENTEGA Plus GmbH,≤100
100202601987964,KlimazukunftWald,Deutscher Forstwirtschaftsrat e. V.,≤100
206137046066509,Grüne Koblenz,B'90/Die GRÜNEN KV Koblenz,≤100
260106687889118,Kopp Verlag,Kopp Verlag,≤100
120519827980254,Karsten Klein,Karsten Klein,≤100
274000059331698,DEMO - Die Fachzeitschrift für Kommunalpolitik,DEMO - Die Fachzeitschrift für Kommunalpolitik,≤100
269904819820567,Katholische Akademie des Bistums Dresden-Meißen,Katholische Akademie des Bistums Dresden-Meißen,≤100
101326131878243,GP Prüfservice,Marcus Pauli,≤100
107285167377732,SOS Balkanroute,These ads ran without a disclaimer,≤100
101985564727063,Tamer Kandemir,Tamer Kandemir,≤100
164513593594332,Deutsche Aidshilfe,Deutsche Aidshilfe,≤100
123292927706635,junge Welt,junge Welt,≤100
200862356620805,GegenStandpunkt,GegenStandpunkt Verlagsgesellschaft mbH,≤100
53848679944,Laut gegen Nazis,Laut gegen Nazis e. V.,≤100
280002472792336,Bredstedt - unsere kleine Stadt,Stadt Bredstedt,≤100
249296718436,IG Metall,IG Metall,≤100
100915756074355,paularoma81,These ads ran without a disclaimer,≤100
101023868033254,Markus Klaus,Markus Klaus,≤100
242343555837158,Männer,blu media network GmbH,≤100
183142558400276,SPD Hennef,SPD Hennef,≤100
331481220554095,AfD Uelzen,Alternative für Deutschland Kreisverband Uelzen,≤100
107579450419,Bündnis 90/Die Grünen Gelsenkirchen,BÜNDNIS 90/DIE GRÜNEN Ratsfraktion Gelsenkirchen,≤100
105574007865072,ABI Solingen - Alternative Bürgerinitiative,These ads ran without a disclaimer,≤100
110802954153447,Klim,Carbon Farmed Solutions GmbH,≤100
101748872546074,MAIN-Weg,MainWeg gGmbH,≤100
121097790490,Albert Schweitzer Stiftung für unsere Mitwelt,Albert Schweitzer Stiftung für unsere Mitwelt,≤100
268673200306678,Freie Wähler Neumünster,Holger Steffen,≤100
609530432465249,Eric Dietrich MdL,Eric Dietrich,≤100
471518443003850,Karl Hermann Bolldorf,Karl Hermann Bolldorf,≤100
117020298444213,Geh Deinen Weg,These ads ran without a disclaimer,≤100
415367309037687,Klaus Esser,Klaus Esser,≤100
510695342636413,Oliver von Falkenburg,Oliver Von Falkenburg,≤100
101197982584394,Sad Eyes - Staats Animal Rescue,These ads ran without a disclaimer,≤100
109571061352443,healthy.dessert.ua,These ads ran without a disclaimer,≤100
319285165607756,CarWash Gelsenkirchen,These ads ran without a disclaimer,≤100
291201177660058,5ter Stock - Medienproduktion,These ads ran without a disclaimer,≤100
106706775037850,Politisches-Forum.de,Anton Waldemar Fred,≤100
101313251466113,CDU-Fraktion Dortmund,CDU-Fraktion im Rat der Stadt Dortmund,≤100
105018555000761,Soziale Republik,Verein für konstruktiven Sozialismus e.V.,≤100
132505256799678,Linksfraktion Berlin,Linksfraktion Berlin,≤100
111217055119803,_path_not_taken_,These ads ran without a disclaimer,≤100
204139474516,abgeordnetenwatch.de,abgeordnetenwatch.de,≤100
112134080497160,Osnabrücker Rundschau,Osnabrücker Rundschau,≤100
734658309921952,Andreas Kay Mentaltrainer,These ads ran without a disclaimer,≤100
552943554723146,Kommunikationsgewerkschaft DPV (DPVKOM),Maik Brandenburger,≤100
54779960819,United Nations,United Nations with Facebook Ad Credits,≤100
111233810781057,Niko Reith,Nikolai Alexander Reith,≤100
834788169942025,Volksbank Krefeld,These ads ran without a disclaimer,≤100
116449375528,foodwatch,foodwatch e.V.,≤100
103558749124919,asiazensus,These ads ran without a disclaimer,≤100
147547541961576,Council of the European Union,Council of the European Union,≤100
198882567359885,Dostal & Partner,dostal & partner management-beratung gmbh,≤100
695574287527285,Stadtwerke Dreieich,These ads ran without a disclaimer,≤100
204191076644782,"Thüringer Ministerium für Bildung, Jugend und Sport","Thüringer Ministerium für Bildung, Jugend und Sport",≤100
528905763960844,Back on Track e.V.,These ads ran without a disclaimer,≤100
100686255612248,apt Group,These ads ran without a disclaimer,≤100
1492601647681902,AfD Westerwald,AfD Westerwald,≤100
1119942894694068,Hamburger Hilfskonvoi,Christian Großeholz,≤100
581244975375929,AWO Region Hannover e.V.,AWO Region Hannover e.V.,≤100
848908368459075,André Wendt,André Wendt,≤100
450712981662234,Markus Ferber,Markus Ferber,≤100
659320797543272,Gunnar Lindemann MdA,Gunnar Norbert Lindemann,≤100
100173382819685,Report-W.de,Report-w.de,≤100
106875925506577,Formula XN Ecommerce,These ads ran without a disclaimer,≤100
117475810106886,tess_zeichnet,These ads ran without a disclaimer,≤100
357974010944938,Energieversorgung Mittelrhein AG,Energieversorgung Mittelrhein AG,≤100
107776544516416,Jana Gräf,These ads ran without a disclaimer,≤100
101493772776934,dkp.wuppertal,These ads ran without a disclaimer,≤100
104134548384669,Für Moers,"Fraktion ""Für Moers""",≤100
63044235866,UN Climate Change,UN Climate Change with Facebook Ad Credits,≤100
106123098657128,Niklas Schenker,These ads ran without a disclaimer,≤100
678815422181853,Kerstin Celina,Kerstin Susanne Celina,≤100
78309442751,Bayernpartei,Bayernpartei,≤100
1978165015788569,J. Friedrich Storz Verkehrswegebau GmbH & Co KG,J. Friedrich Storz Verkehrswegebau GmbH & Co KG,≤100
112993930579267,Friedenskanal Hamburg,Marco Gasch,≤100
328085820996950,Online خبرعاجل,These ads ran without a disclaimer,≤100
274393199630147,Matthias Nölke,Matthias Nölke,≤100
459830674207433,International Bankers Forum e.V.,International Bankers Forum e. V.,≤100
110596851827896,nicole_kumpis,These ads ran without a disclaimer,≤100
331622844197016,Robert Lambrou,Athanasios Robert Lambrou,≤100
2067679966811436,Micha 4 Fingers,These ads ran without a disclaimer,≤100
1196196390526965,Facebook Surveys,These ads ran without a disclaimer,≤100
1479153242344123,BION Terrarium Center,These ads ran without a disclaimer,≤100
105557452003032,جهاز مكافحة الهجرة غير الشرعية,These ads ran without a disclaimer,≤100
340577086006224,CRI German,These ads ran without a disclaimer,≤100