﻿Page ID,Page name,Disclaimer,Amount spent (EUR),Number of ads in Library
194278021265803,Michal Šimečka • Progresívne Slovensko,Progresívne Slovensko,372,19
111165370750,Amnesty International Slovakia,Amnesty International Slovakia,133,8
147166706140048,Martin Hojsík,Martin Hojsík • Progresívne Slovensko,124,6
163449818290,KDH,KDH,123,6
1928247723902365,Humánny pokrok,Humánny pokrok,115,19
150674111712306,OBYČAJNÍ ĽUDIA a nezávislé osobnosti,OBYČAJNÍ ĽUDIA a nezávislé osobnosti,≤100,2
557862947737785,Progresívne Slovensko,Progresívne Slovensko,≤100,9
409652449379928,"Ministerstvo investícií, regionálneho rozvoja a informatizácie SR","Ministerstvo investícií, regionálneho rozvoja a informatizácie Slovenskej republiky",≤100,2
109669047774695,Brainee.sk,"MAFRA Slovakia, a.s.",≤100,26
103101388140837,Marian Kotleba,Marian Kotleba,≤100,1
178362315106,European Parliament,European Parliament,≤100,10
339528979423925,Aktuality.sk,Ringier Slovakia Media s.r.o.,≤100,4
608493236475568,Pavol Slota • DOMOV - Národná strana,DOMOV národná strana,≤100,2
106092371358835,Za právny štát,Občianske združenie ZA DEMOKRACIU A PRÁVNY ŠTÁT,≤100,1
283025969119,Odpady-portal.sk,PROPERTY & ENVIRONMENT s.r.o.,≤100,22
237493046280813,Katarina Roth Nevedalova,Katarina Roth Nevedalova,≤100,22
100996313315404,Greenpeace Slovensko,Greenpeace Slovensko,≤100,2
1555021474808039,Richard Takáč - poslanec NR SR,Richard Takáč,≤100,6
309315359104222,Milan Majerský,KDH,≤100,2
71030757230,Sloboda a Solidarita,Sloboda a Solidarita,≤100,3
802573516467334,Juraj Blanár,Juraj Blanár,≤100,3
732167026967322,Robert Fico,Robert Fico,≤100,2
324560137683033,Ivan ŠTEFANEC,Ivan Štefanec,≤100,21
1632554420365677,Sóda,Sóda by O2 Slovakia,≤100,1
141217272588202,Ministerstvo zahraničných vecí a európskych záležitostí SR,Ministerstvo zahraničných vecí a európskych záležitostí SR,≤100,1
105603301203054,Michal Bartek,Michal Bartek,≤100,4
152001744925539,Dobré noviny,"Dobré médiá, s.r.o.",≤100,10
552717621530226,Alojz Hlina,Alojz Hlina,≤100,2
2322076957827734,Ladislav Kamenický,Ladislav Kamenický,≤100,4
348063062356711,Dobré rádio,"Dobré médiá, s.r.o",≤100,1
935929019771603,Sconto Nábytok,These ads ran without a disclaimer,≤100,4
189835675075869,Green Academy,Green Academy,≤100,2
178878375475789,Energie-portal.sk,PROPERTY & ENVIRONMENT s.r.o.,≤100,37
102146246492040,SMER - SD,SMER - SD,≤100,1
1625320827727426,Cziprusz Zoltán,Zoltán Cziprusz,≤100,1
594790970995799,Miriam Lexmann,Miriam Lexmann,≤100,1
100612851457308,Matúš Šutaj Eštok,Matúš Šutaj Eštok,≤100,1
344709529755622,SAPI,SAPI,≤100,16
281532302344709,Lukáš Čelinák,Lukáš Čelinák,≤100,2
264610253564449,Hyundai Slovensko,Hyundai Motor Czech s.r.o.,≤100,2
253595649968,Monika Beňová,Monika Beňová,≤100,40
53798312370,EURACTIV.sk,EURACTIV.sk,≤100,8
104893459551069,Ekotopfilm SK,Ekotopfilm SK,≤100,2
1689615797972980,PUCUNG,Nadácia Zastavme korupciu,≤100,3
747432352095906,Kominarstvo MxM,Jozef Mičko,≤100,1
115158133613256,OZ Rodičia.sk,Rodičia.sk,≤100,1
1547609242134506,Patrick Linhart poslanec,Patrick Linhart poslanec,≤100,2
110647840532680,Merge Mayor,These ads ran without a disclaimer,≤100,1
1009998019021765,Forró Krisztián,"Szövetség – Magyarok, nemzetiségek, régiók. Aliancia – Maďari, národnosti, regióny.",≤100,1
588989111148781,Košický samosprávny kraj,Košický samosprávny kraj,≤100,8
115617656972625,tachles.tv,TACHLES,≤100,1
200480966638039,Supremacy 1914,These ads ran without a disclaimer,≤100,3
109216190454517,Szövetség - Összefogás Platform,SZÖVETSÉG - Magyarok. Nemzetiségek. Regiók. / ALIANCIA - Maďari. Národnosti. Regióny.,≤100,1
45533785629,Nadácia Pontis,Nadácia Pontis,≤100,1
427164051018545,Jaroslav Karahuta - Za zdravé slovenské potraviny.,Jaroslav Karahuta,≤100,1
113253491254685,Boris Benkovič,Boris Benkovič,≤100,1
186953775142661,ESET,"ESET, spol. s r.o.",≤100,1
1902930980016117,MY Regióny,"Petit Press, a.s., Divízia týždenníkov, o. z.",≤100,1
116570825042936,Café Európa,Zastupenie Europskej komisie na Slovensku,≤100,1
105330172030395,Ján Magušin,Ján Magušin,≤100,1
443163935751338,Košice - Mesto Košice,Mesto Košice,≤100,1
2001358070115171,Jaro Polaček,Jaroslav Polaček,≤100,3
100127022511369,Žilina SP21,beNOW media group a.s.,≤100,2
107123088175118,Adam Žilák,Adam Žilák,≤100,1
104936221959583,Úrad na ochranu oznamovateľov,Úrad na ochranu oznamovateľov,≤100,1
101733132743442,Ivan Bilohuščin - Tím SaS Obrana,Ivan Bilohuscin,≤100,1
575688175964913,Medirex,"Medirex, a.s.",≤100,5
272361053251921,Tomáš Šudík,Šudík Tomáš,≤100,1
102758272021092,Janka Jányová,Jana Jányová,≤100,1
106390307409654,Bystriny,Bystriny,≤100,1
102227341615671,Slovenský Patriot - politická strana,Slovenský PATRIOT,≤100,1
359327906370,JRK Slovensko,JRK Slovensko s.r.o.,≤100,2
109606527580798,Politics.social,Gerulata Technologies j. s. a.,≤100,1
635476236633895,Nakupovanie s Potravinovým Kritikom,Nakupovanie s Potravinovým Kritikom,≤100,1
273314859522164,Ján Nosko,Ján Nosko,≤100,2
168426906521039,Konzervatívny inštitút M. R. Štefánika,Konzervatívny inštitút M. R. Štefánika,≤100,1
2308634932743152,Socialisti,Socialisti.sk,≤100,5
301188353351405,Anna Zemanová,Anna Zemanová,≤100,2
101273708611409,Výkrik z regiónov,Daniel Kojnok,≤100,2
207791952957118,PS:Events,"PS:Events, s.r.o.",≤100,1
171940162834209,Karol Janas - Primátor Mesta Považská Bystrica,Karol Janas,≤100,1
112376177146742,Climate game on Slovakia,BROZ (Bratislavské regionálne ochranárske združenie),≤100,8
104209377829196,Vladimír Ledecký,Vladimír Ledecký,≤100,3
46047258125,A4 - priestor súčasnej kultúry,"A4 – Asociácia združení pre súčasnú kultúru, o.z.",≤100,1
103660101145202,DiEM25 na Slovensku,Michal Gabris,≤100,1
62854026816,Körkép,Király Zsolt,≤100,1
117754892955994,Branislav Vančo • Progresívne Slovensko,Branislav Vančo,≤100,6
237493046280813,Katarina Roth Nevedalova,SMER - sociálna demokracia,≤100,1
119718562044151,Voda-portal.sk,PROPERTY & ENVIRONMENT s.r.o.,≤100,18
2143280622390205,Investigatívne centrum Jána Kuciaka,Investigatívne centrum Jána Kuciaka,≤100,1
2308492039426614,Úrad vlády Slovenskej republiky,Úrad vlády Slovenskej republiky,≤100,1
175235119785296,Asociácia priemyselných zväzov a dopravy,Asociácia priemyselných zväzov a dopravy,≤100,1
104809955831406,Progresívny merč,Progresívny inštitút,≤100,2
522186401540084,Magyar Fórum - Maďarské fórum,Simon Zsolt,≤100,2
1846501408935178,Marek Vagovič,Media Forum s. r. o.,≤100,1
150005588344408,Slovak Foreign Policy Association,Slovenská spoločnosť pre zahraničnú politiku (SFPA),≤100,1
1851504675124369,Cseh Peter,Cseh Peter,≤100,1
485871734945686,Hodos Község hivatalos oldala - Oficiálna stránka Obce Vydrany,Obec Vydrany,≤100,1
101240639122178,Parkovanie v Žiline,Karol Čepec,≤100,1
719891421424984,Free Food,These ads ran without a disclaimer,≤100,1
538863419526923,Arcidiecézna charita Košice,Arcidiecézna charita Košice,≤100,1
338553069601371,Nová Cvernovka,Nová Cvernovka,≤100,2
196250908064,Epi.sk,Poradca podnikateľa,≤100,1
108617908185210,Za slobodu slova,Inštitút pre paradigmatické reformy,≤100,1
173672580178480,Matej Kundrát - Potiahnime SEVER vyššie,Matej Kundrát,≤100,1
2085197845105229,Milan Polešenský,Milan Polešenský,≤100,1
173051606640148,Uhol_92,These ads ran without a disclaimer,≤100,1
105696625616469,Richard Glück,Richard Glück,≤100,1
116795486378224,Marián Kéry- poslanec NR SR,SMER - SD,≤100,2
288082501907215,New School Communications,New School Communications,≤100,1
288680881434,Iniciatíva Inakosť,Iniciatíva Inakosť,≤100,1
110198307912855,Marián Ďuriš • Republika,Marian Duris,≤100,1
587016641709920,SMER - SD Prešovský kraj,SMER - SD,≤100,1
105457801428876,Martin VARGA,Martin Varga,≤100,1
103273345411090,Freepepo,Alexander Račkovič,≤100,1
111252961056929,Milan Dubec,Milan Dubec,≤100,1
1472836309622380,Nadácia Zastavme korupciu,Šimpe Ondruš,≤100,1
108326823969091,Zuzana Bošnáková,Zuzana Bošnáková,≤100,1
110210235160235,Tomáš Medveď - váš poslanec v Liptovskom Mikuláši,Tomas Medved,≤100,1
753874924708092,Juraj Draxler,Juraj Draxler,≤100,1
1779011449074677,"Friedrich-Ebert-Stiftung, Zastúpenie v Slovenskej republike","Friedrich-Ebert-Stiftung, Zastúpenie v SR",≤100,4
102013346622578,Petržalka,Mestská časť Bratislava-Petržalka,≤100,1
114022154063401,Centrum vzdelávacích analýz,Centrum vzdelávacích analýz,≤100,1
561521547213921,CUS - Centrum účtovníkov Slovenska,"CUS - Centrum účtovníkov Slovenska, s. r. o.",≤100,1
707424385983782,Gergely Papp Adrianna,Adrianna Gergely Papp,≤100,1
492110760982274,Meet the Heroes,Meet the Heroes,≤100,1
104531091765973,Michal Pišoja - Moderné nemocnice,Asociácia nemocníc Slovenska,≤100,2
108501111443753,Artur Bekmatov,Artúr Bekmatov,≤100,1
104759652338940,pavelakniha,These ads ran without a disclaimer,≤100,1
53247283454,Hospodárske noviny,"MAFRA Slovakia, a.s.",≤100,1
433001657513550,Reporting Democracy,These ads ran without a disclaimer,≤100,1
103010318316057,Tomáš Merašický • podpredseda KDH,Tomáš Merašický,≤100,1
144709575593854,EESC - European Economic and Social Committee,EESC - European Economic and Social Committee,≤100,1
101152096022679,Reilly Todd,These ads ran without a disclaimer,≤100,1
527351247377965,European Committee of the Regions,European Committee of the Regions,≤100,1
103597027708447,SuperPlanet Games,These ads ran without a disclaimer,≤100,1
372318027492,Marie Claire Magyarország,These ads ran without a disclaimer,≤100,1
1102199946478493,Spotlight,These ads ran without a disclaimer,≤100,2
108142008555145,UAID foundation,These ads ran without a disclaimer,≤100,1
116310878056949,Mandy Wong Chatgpt,These ads ran without a disclaimer,≤100,1
204564332928305,National Geographic Magazin Magyarország,These ads ran without a disclaimer,≤100,2
110463704610731,Cute Kiwi,These ads ran without a disclaimer,≤100,1
462848513792011,国家大剧院National Centre for the Performing Arts,These ads ran without a disclaimer,≤100,1
156384024387787,Nők Lapja,These ads ran without a disclaimer,≤100,2