﻿Page ID,Page name,Disclaimer,Amount spent (USD)
107627395144123,الحكومة المغربية,الحكومة المغربية,≤100
166178460072395,اليونيسف بالعربية - UNICEF in Arabic,اليونيسف باستخدام اعتمادات الإعلان على الفيسبوك,≤100
147084112022235,La Nouvelle Tribune,La Nouvelle Tribune,≤100
68793499001,UNICEF,UNICEF with Facebook Ad Credits,≤100
1117512094962616,Ministère de l’Industrie et du Commerce,MCINET,≤100
124252504303223,UNICEF (FR),UNICEF avec des crédits publicitaires Facebook,≤100
578201022242371,MJCC وزارة الشباب والثقافة والتواصل,"Ministère de la Jeunesse, de la Culture et de la Communication",≤100
161637767281862,LE MATIN.ma,Groupe Le Matin,≤100
104925294411810,SNRTnews,SNRTnews,≤100
100194852696708,"Rabat, Capital of African Culture 2022","Ministère de la Jeunesse, de la Culture et de la Communication",≤100
167254950013774,Rue20.Com,Ayoub Elkouari,≤100
123393171111656,Mehdi Bensaid   المهدي بنسعيد,Mohammed Mehdi Bensaid,≤100
108842875028489,المستشار البرلماني السالك الموساوي,Aimad Eddine Abouhou,≤100
190126634445277,Africa Defense Forum ADF Magazine,These ads ran without a disclaimer,≤100
179421405524768,Economy Rent a Car,These ads ran without a disclaimer,≤100
453709124719281,Chouf TV,Chouf TV,≤100
316496640057,7iber,These ads ran without a disclaimer,≤100