﻿Page ID,Page name,Disclaimer,Amount spent (USD)
7030901126,Campaign for Tobacco-Free Kids,TOBACCO-FREE KIDS ACTION FUND,1477
2086540831566733,Ohioans for a Healthy Economy,"Ohioans for a Healthy Economy, Inc.",1393
113891694102,Energy Citizens,AMERICAN PETROLEUM INSTITUTE,899
261319066080,Americans for Prosperity - Ohio,AMERICANS FOR PROSPERITY,895
132835670115422,Ohio Children's Trust Fund,Ohio Children's Trust Fund,605
166833599370,USCCA,USCCA,581
70995214846,Business Roundtable,Business Roundtable,569
103552914774916,Science Moms,"Potential Energy Coalition, Inc. with Facebook ad credits",531
925007000949719,ExxonMobil,EXXON MOBIL CORPORATION,517
108584138494617,Alliance for Quality Broadband Ohio,Alliance for Quality Broadband,496
24330467048,Americans for Prosperity,AMERICANS FOR PROSPERITY,490
106244251043808,America's Plastic Makers,"AMERICAN CHEMISTRY COUNCIL, INC.",447
104042452981815,AARP Black Community,AARP,442
6204742571,Sierra Club,SIERRA CLUB,434
76470053424,TIAA,TEACHERS INSURANCE AND ANNUITY ASSOCIATION OF AMERICA,418
104224114671958,Energy For Progress,THE AMERICAN PETROLEUM INSTITUTE,382
57259033959,AARP,AARP,380
43426724597,Paper Culture,Paper Culture LLC,307
5720973755,Defenders of Wildlife,DEFENDERS OF WILDLIFE,281
309308412520731,Sandy Hook Promise,Sandy Hook Promise,268
18982436812,ACLU,American Civil Liberties Union,261
121268821249550,World Central Kitchen,World Central Kitchen,255
308353252483,Kristi Noem,Kristi for Governor,253
897994503631860,HealthInsurance.net,ASSURANCE IQ INC,249
92925746942,Judicial Watch,Judicial Watch,241
296295018082,AARP en Español,AARP,237
342294162453301,Planned Parenthood,Planned Parenthood Federation of America,237
80562389320,NARAL Pro-Choice America,NARAL PRO-CHOICE AMERICA CORP,233
109111900634787,Reverend Raphael Warnock,WARNOCK FOR GEORGIA,207
22067606728,Allen West,The Association of Mature American Citizens Inc,199
8934429638,Planned Parenthood Action,Planned Parenthood Action Fund,197
58029141741,RMI,RMI with Facebook ad credits,195
178835922297833,American Clinical Laboratory Association,American Clinical Laboratory Association,184
47710973068,Voices for Cooperative Power,Voices for Cooperative Power,182
15239367801,The Wilderness Society,"WILDERNESS SOCIETY, THE",175
85452072376,NEWSMAX,"NEWSMAX MEDIA, INC.",174
103912059097010,One Real American,One Real American,171
107186117710457,Ohioans for Fair Rx Prices,Ohioans for Fair Rx Prices,170
102415355916214,American Heart City,American Heart City,160
314499212242,Pfizer,Pfizer Inc.,160
49651563727,Live Action,Live Action,159
5644748986,National Wildlife Federation,NATIONAL WILDLIFE FEDERATION,154
121626482110,Operation Smile,OPERATION SMILE,152
112552187080266,Protecting Every Future,American Council of Life Insurers,147
32682889528,U.S. Chamber of Commerce,The U.S. Chamber of Commerce,143
103023588781642,Ohio Conservatives for Bail Reform,Ohio Conservatives for Bail Reform,139
203197030603239,8 Billion Trees,8 Billion Trees LLC,139
866779926670025,Citizens for Tobacco Rights,Citizens for Tobacco Rights,134
1461100540775171,The Tuttle Twins,LIBERTAS INSTITUTE,129
12375354406,USO,United Service Organizations,126
172758932738142,PhRMA,PHARMACEUTICAL RESEARCH AND MANUFACTURERS OF AMERICA,126
210820618956311,Community Change Action,Community Change Action,124
302182941354,AARP Advocates,AARP,123
385473284886474,Hillsdale College,Hillsdale College,120
580610428636345,Fight for $15,Fight for $15,114
108774614054683,American Edge Project,American Edge,114
1832744013698336,Mahogany Mommies,Mahogany Mommies,107
77130778113,Coalition for Medicare Choices,The Coalition for Medicare Choices,103
103945768988283,ObamacarePlans.com,Obamacareplans,102
25852730092,Care2,"Care2.com, Inc",101
18709174006,National Audubon Society,"NATIONAL AUDUBON SOCIETY, INC.",≤100
219242560293,Meals on Wheels America,Meals on Wheels,≤100
53541257714,The Arc of the United States,"ARC OF THE UNITED STATES, INC., THE",≤100
114625730266879,The Republican Accountability Project,Defending Democracy Together,≤100
133931303345903,Zach Klein,Klein Committee,≤100
13885075114,Action Against Hunger USA,ACTION AGAINST HUNGER - USA,≤100
61492859575,Americares,"Americares Foundation, Inc.",≤100
84177291169,"Dairy Farmers of America, Inc.",DAIRY FARMERS OF AMERICA INC,≤100
105454117977117,Voices for Consumer Choice,Voices for Consumer Choice,≤100
357750373755,National Domestic Workers Alliance,National Domestic Workers Alliance,≤100
80060992758,Center for Food Safety,"CENTER FOR FOOD SAFETY, THE",≤100
359477377917,American Federation for Children,American Federation for Children,≤100
103807629149771,Working Forests Initiative,Working Forests Initiative,≤100
702582586516561,CBN Israel,"The Christian Broadcasting Network, Inc.",≤100
353356487804,Johnson & Johnson Nursing,These ads ran without a disclaimer,≤100
100992801635617,Conservative-American.org,Conservative American Strategies,≤100
250485248333218,Clean Air Task Force,CLEAN AIR TASK FORCE,≤100
203805062990264,Ben Shapiro,The Daily Wire,≤100
102960695956522,Amazing Patriots,Amazing Patriots,≤100
127225910653607,PragerU,PragerU,≤100
30914589895,The International Fellowship of Christians and Jews,INTERNATIONAL FELLOWSHIP OF CHRISTIANS & JEWS INC,≤100
166618413413767,Jay Sekulow,American Center for Law and Justice,≤100
58433611572,Seventh Generation,SEVENTH GENERATION INC,≤100
154561574598964,White Coat Waste Project,THE WHITE COAT WASTE PROJECT INC,≤100
542968069983885,HappeningNow,HappeningNow America,≤100
115613890351673,Screaming Freedom Apparel,Screaming Freedom Apparel,≤100
1622236508017452,Stand for Life,"LIFE COLLECTIVE, INC.",≤100
8492293163,Environmental Defense Fund,Environmental Defense Fund,≤100
15771560300,Earthjustice,EARTHJUSTICE,≤100
104253615152700,America First Legal,America First Legal Foundation,≤100
592707041080920,Stand Together,Stand Together Chamber of Commerce Inc.,≤100
1196196390526965,Facebook Surveys,These ads ran without a disclaimer,≤100
1534290989956166,Philanthropy Roundtable,"PHILANTHROPY ROUNDTABLE, THE",≤100
19972147679,SEIU,SEIU,≤100
108547455113940,Our America,Our America,≤100
269348454714,IMB,"INTERNATIONAL MISSION BOARD OF THE SOUTHERN BAPTIST CONVENTION, THE",≤100
304435663079126,iAmerica,SERVICE EMPLOYEES INTERNATIONAL UNION,≤100
11055104471,ONE,ONE CAMPAIGN,≤100
23875187730,Feeding America,FEEDING AMERICA,≤100
45393753416,Alliance Defending Freedom,Alliance Defending Freedom,≤100
887717177933723,AFSCME Ohio Council 8,AMERICAN FEDERATION OF STATE COUNTY & MUNICIPAL EMPLOYEES,≤100
158505287559920,Save the Storks,Save the Storks,≤100
104760636770,Vera Institute of Justice,"VERA INSTITUTE OF JUSTICE, INC.",≤100
110018833813683,Defend the Senate,SMP,≤100
107005161695319,Herschel Walker,"TEAM HERSCHEL, INC.",≤100
51405613519,Focus on the Family,Focus on the Family,≤100
570092813023833,Matt Walsh,The Daily Wire,≤100
123499639275,National CASA / GAL Association for Children,NATIONAL CASA ASSOCIATION,≤100
100417168386329,Heal America,Stand Together Chamber of Commerce Inc.,≤100
762583443832298,In Our Own Voice: National Black Women's Reproductive Justice Agenda,IN OUR OWN VOICE NATIONAL BLACK WOMEN'S,≤100
542678889114683,The Coca-Cola Company,The Coca-Cola Company,≤100
11602044174,Independent Women's Forum,Independent Women's Forum,≤100
9538894955,John F. Kennedy Presidential Library and Museum,"John Fitzgerald Kennedy Library Foundation, Inc.",≤100
107153355166646,The Protein PACT,NORTH AMERICAN MEAT INSTITUTE,≤100
1682876188698809,United for Respect,United for Respect,≤100
101069505589,American Association of Pro Life OB/GYNS,AAPLOG,≤100
30139072158,CARE,CARE,≤100
367292494407,AJC - American Jewish Committee,AMERICAN JEWISH COMMITTEE,≤100
8325302025,Friends of the Earth U.S.,Friends of the Earth,≤100
110480728196620,Small Business Digital Alliance,Small Business Digital Alliance,≤100
2390004754407420,Childcare Changemakers,Community Change Action,≤100
2245766435469741,Beersy,Beersy LLC,≤100
1145019702185006,Alliance for Safety and Justice,Alliance for Safety and Justice,≤100
5861903849,USA for UNFPA,FRIENDS OF UNFPA INC,≤100
104295601633638,American Cornerstone Institute,American Cornerstone Institute Inc,≤100
11791104453,NRDC,Natural Resources Defense Council,≤100
12301006942,Democratic Party,DNC SERVICES CORP./DEM. NAT'L COMMITTEE,≤100
72931140459,Center for Biological Diversity,"CENTER FOR BIOLOGICAL DIVERSITY, INC.",≤100
38235851310,USA for UNHCR,UNITED STATES ASSOCIATION FOR UNHCR,≤100
29717379728,International Justice Mission,International Justice Mission,≤100
51379424899,Mercy Ships,MERCY SHIPS INTERNATIONAL,≤100
101391906600,Live Action News,Live Action,≤100
40217893542,AIPAC,AIPAC,≤100
836826976517252,International Christian Embassy Jerusalem - USA,"International Christian Embassy Jerusalem - USA, Inc.",≤100
7341997111,Conservation International,Conservation International,≤100
133845049915,American Highway Users Alliance,American Highway Users Alliance,≤100
227764782729,AMERICAN - STRONG!,American Strong LLC,≤100
406456986070332,Matt Gaetz,Friends of Matt Gaetz,≤100
6041057841,The Humane Society of the United States,"HUMANE SOCIETY OF THE UNITED STATES, THE",≤100
100259229082893,The Baltimore Banner,The Baltimore Banner,≤100
19554217292,American Heart Association: You're the Cure,American Heart Association,≤100
112642477582238,Mericanaf,AAF Nation,≤100
309541989079465,Libertas Institute,LIBERTAS INSTITUTE,≤100
100373975829221,Fòs Feminista Org,Fòs Feminista,≤100
665345483483486,NRA - National Rifle Association of America,NATIONAL RIFLE ASSN OF AMERICA,≤100
1593518174052711,Candace Owens,The Daily Wire,≤100
293807357774812,Run for Something Action Fund,Run For Something,≤100
104669815210540,A Healthier Ohio Now,A Healthier Ohio Now,≤100
111192301727895,Freedom Speaks Up,Freedom Speaks Up,≤100
112425441094454,The Art of the Tweet,The Art of the Tweet LLC,≤100
6040534532,One Acre Fund,ONE ACRE FUND,≤100
940653386126953,StandingWithYou.org,Standingwithyou.org,≤100
304600892905134,Hillsdale College Online Courses,HILLSDALE COLLEGE,≤100
100684991996307,November Coalition,NOVEMBER COALITION,≤100
130945114804,World Jewish Congress,ATTN: INC.,≤100
187005858017014,Climate Power,Climate Power,≤100
40078161989,National Center for Transgender Equality,NATIONAL CENTER FOR TRANSGENDER EQUALITY,≤100
147126507164,ACTwireless,ACTwireless,≤100
109038335154690,Clear Mountain Energy Center,Clermont County Solar Project,≤100
16477459734,League of Conservation Voters,"LEAGUE OF CONSERVATION VOTERS, INC",≤100
679171239164792,Supermajority,Supermajority,≤100
83290028957,Care Net,CARE NET,≤100
105120815642998,Partnership to Address Global Emissions,PARTNERSHIP TO ADDRESS GLOBAL EMISSIONS INC,≤100
1428755447227803,Defend The Second,Next Level Goods,≤100
605168822998856,314 Action,314 ACTION FUND,≤100
17203056985,Partners In Health,Partners In Health,≤100
70874333603,CatholicVote,catholicvote.org,≤100
215830238462422,The LIBRE Initiative,The Libre Initiative,≤100
142474049098533,Robert Reich,Inequality Media Civic Action,≤100
42872222699,Dana Loesch,The Association of Mature American Citizens Inc,≤100
142432192446984,David Horowitz Freedom Center,David Horowitz Freedom Center,≤100
109637125764343,Population Connection,Population Connection,≤100
380884168648080,Population Research Institute,POPULATION RESEARCH INSTITUTE,≤100
114765400352270,Kite & Key Media,VMTS EDUCATION INC,≤100
376776419037747,Turning Point USA,"Turning Point USA, Inc.",≤100
1476342155924546,Big Rig Threads,Big Rig T-Shirts and Decals LLC,≤100
15041226930,Oxfam,"OXFAM AMERICA, INC.",≤100
284293125336159,Regulatory Transparency Project,FEDERALIST SOCIETY FOR LAW & PUBLIC POLICY STUDIES,≤100
102218465611039,Circleville Solar,These ads ran without a disclaimer,≤100
290851614930809,Combat AntiSemitism,Combat Hate Foundation,≤100
109320440856128,Together Beat Hate,"Foundation to Combat Anti-Semitism, Inc.",≤100
86071521216,Second Amendment Foundation,SECOND AMENDMENT FOUNDATION INC,≤100
309798029121030,Everytown for Gun Safety,Everytown for Gun Safety Action Fund Inc,≤100
20787991568,Senate Democrats,DSCC,≤100
106925294739244,Advancing American Freedom,Advancing American Freedom,≤100
60182072999,Lila Rose,Live Action,≤100
109352563640,Water.org,WATER.ORG INC.,≤100
802271849850801,Freedom for All Americans,Freedom for All Americans,≤100
1163811040367180,Food & Water Action,FOOD & WATER ACTION,≤100
7192716362,Amnesty International USA,"AMNESTY INTERNATIONAL OF THE U. S. A., INC.",≤100
8047221596,Save the Children US,SAVE THE CHILDREN FEDERATION INC.,≤100
84645912778,Prosperity Now,PROSPERITY NOW,≤100
107168898379486,Speed & Scale,Speed & Scale,≤100
90022052772,Williams,"WILLIAMS COMPANIES, INC., THE",≤100
311887399212832,EZ Health Marketplace,SMART INSURANCE IQ INC,≤100
18017481462,Acton Institute,Acton Institute,≤100
101898606040307,Health-USA,HealthUSA Org,≤100
103355385129734,The Climate Pledge,The Climate Pledge,≤100
147368882623027,Black Futures Lab,Black Futures Lab,≤100
100758682697459,Mayday Health,"Mayday Medicines, Inc.",≤100
1435071773455316,Daily Wire,The Daily Wire,≤100
72225505417,Orvis,Orvis,≤100
6240652407,Young America's Foundation,Young America's Foundation Inc,≤100
6165653060,AFSCME,"AFSCME Working Families Fund, AFSCMEFAMILIES.ORG. Not authorized by any candidate or candidate’s committee.",≤100
182620315479,Plan International USA,Plan International USA,≤100
2254455051442790,Flag and Cross,Flag & Cross,≤100
50982313030,Food & Water Watch,Food & Water Watch,≤100
107008774760761,Color Us United,Color Us United,≤100
1526736227567131,TrueCoverage,True Coverage,≤100
786167111464006,Woodson Center,The Woodson Center,≤100
375742685850856,Firearms Policy Coalition,"FIREARMS POLICY COALITION, INC.",≤100
216311481960,Bill Gates,Bill Gates,≤100
108247581851552,Democracy Defense Fund,DEMOCRACY DEFENSE FUND,≤100
6502038524,First Book,FIRST BOOK,≤100
602074469965571,Plan C,NATIONAL WOMENS HEALTH NETWORK,≤100
18780321251,American Chemistry,American Chemistry Council,≤100
103565195134756,America First Policy Institute,America First Policy Institute,≤100
199826043375900,Larry Hogan,An America United,≤100
201446296572389,Compassion in World Farming (USA),Compassion in World Farming Inc,≤100
106913491375624,Israel War Room,Israel War Room,≤100
24481937944,Theodore Roosevelt Conservation Partnership,"THEODORE ROOSEVELT CONSERVATION PARTNERSHIP, INC",≤100
12596759677,RAICES,REFUGEE AND IMMIGRANT CENTER FOR EDUCATION AND LEGAL SERVICES,≤100
113318901345595,Baby Patriots,Proud Patriots,≤100
1775452652560512,Black Progressive Action Coalition - BPAC,BPAC,≤100
103531607822207,Noticias para Inmigrantes,"Wise Rock Media, PBC",≤100
222778077862868,Crime Survivors for Safety and Justice,Alliance for Safety and Justice,≤100
117437204982602,American Wild Horse Campaign,American Wild Horse Preservation Campaign,≤100
443329669123990,USAFacts,USAFacts Institute,≤100
657708380952174,Voices of the Civil Rights Movement,Comcast,≤100
105561217523274,The Dispatch,"Dispatch Media, Inc.",≤100
149220264647,ADL - Anti-Defamation League,Anti-Defamation League,≤100
186805048171120,U.S. LawShield,U.S. LawShield,≤100
36872302227,Cory Booker,CORY BOOKER FOR SENATE,≤100
59254639983,Boston Medical Center,BOSTON MEDICAL CENTER,≤100
57615046615,Rainforest Trust,RAINFOREST TRUST INC,≤100
21090771700,Gun Owners of America,Gun Owners of America,≤100
127637620616803,Comcast Newsmakers,Comcast,≤100
118303441570966,Homeowner Smart,NATIONAL ASSOCIATION OF REALTORS,≤100
139599847972,National Nurses United,National Nurses United,≤100
7145381235,American Jewish World Service - AJWS,"AMERICAN JEWISH WORLD SERVICE, INC.",≤100
102784342640570,Better Nation Guide,Hot Review Products,≤100
134452023239984,Human Coalition,Human Coalition,≤100
243498882520314,FoodFinder,"FOODFINDER, INC.",≤100
140499052681592,Bank of the West,BANK OF THE WEST,≤100
40217893542,AIPAC,American Israel Public Affairs Committee,≤100
696930446991476,Financialadviser.com,"All Phone Leads, Inc.",≤100
29883711738,Independent Women's Voice,Independent Women's Voice,≤100
114167895375664,Cherokee Nation,Cherokee Nation,≤100
243184199040637,Caring Across Generations,Caring Across Generations,≤100
19746387261,Humane Society International,Humane Society International,≤100
431019887282794,Tomorrow's World Today,Flying Cork,≤100
458142697588014,AARP Public Policy Institute,AARP,≤100
337038226473839,Trish Regan,"SALEM MEDIA GROUP, INC.",≤100
38882699096,Polaris,POLARIS PROJECT,≤100
24470472733,The Trevor Project,The Trevor Project,≤100
206226362732803,Inspire Clean Energy,"Inspire Energy Holdings, LLC",≤100
7735858972,Humane Society Legislative Fund,Humane Society Legislative Fund,≤100
466164103423147,Thorn,Thorn,≤100
104255434986319,Teal Crate,Vougs,≤100
945455208962159,For Everyone Collective,For Everyone Collective,≤100
104377641671195,Salem Podcast Network,Salem Media,≤100
1338822066131069,Women's March,Women's March,≤100
72092591211,FBI – Federal Bureau of Investigation,Federal Bureau of Investigation,≤100
1382441768496365,Pentair,PENTAIR,≤100
107445151903077,Change The Code,GREENPEACE INC,≤100
18079407397,CPAC,AMERICAN CONSERVATIVE UNION,≤100
35169196082,Project HOPE,"PROJECT HOPE-THE PEOPLE-TO-PEOPLE HEALTH FOUNDATION, INC.",≤100
745910525468062,National Center on Sexual Exploitation,National Center on Sexual Exploitation,≤100
105442191724004,Your Patriot Store,EZPole Flagpoles,≤100
102413723172970,Nick Adams,Nick Adams,≤100
1562713090633117,Operation Underground Railroad,These ads ran without a disclaimer,≤100
286999398309679,Enel Green Power,"Enel North America, Inc.",≤100
107656731666716,Medicare Advisors,Weekly Wealth,≤100
104811701387594,Our Community's Health,TruthNotLies,≤100
27817332304,American Foundation for Suicide Prevention,AMERICAN FOUNDATION FOR SUICIDE PREVENTION,≤100
109496585053950,Green Lutra,These ads ran without a disclaimer,≤100
513695272011123,The Genesis Prize,GPF NA LLC,≤100
142474049098533,Robert Reich,Inequality Media,≤100
101573474533442,Chronic Care Policy Alliance,The Chronic Care Policy Alliance,≤100
118372414848063,UN Women USA,UN Women USA,≤100
1898234727131235,Reel America,BizPac Review,≤100
173641254524,National Network of Abortion Funds,National Network of Abortion Funds,≤100
114301413446447,The Climate Initiative,Kennebunkport Climate Initiative,≤100
48046820798,Veeam Software,These ads ran without a disclaimer,≤100
245741028804051,Barbara Sinatra Center,Barbara Sinatra Children's Center,≤100
1958912674200535,The Pour Over,Pour Over,≤100
1251572271595505,The Institute for Human Ecology,Institute for Human Ecology - Catholic University of America,≤100
104396194587918,C3 Solutions,Conservative Coalition for Climate Solutions,≤100
308159713150350,Voter Protection Project,VOTER PROTECTION PROJECT,≤100
101611771729304,Our True God,One True God,≤100
290548664672,First Liberty,First Liberty Institute,≤100
17432811417,Working Families Party,Working Families Party National Political Action Committee,≤100
101319825565305,Lacayo Group Inc,LACAYO GROUP INC,≤100
159658557547960,Wall Street Journal Opinion,The Wall Street Journal,≤100
102230249080409,Freedom First,Jason Donald Robertson,≤100
408250066356,Bill O'Reilly,"Bill Me, Inc.",≤100
11006419356,The Voice of the Martyrs - USA,"VOICE OF THE MARTYRS, INC., THE",≤100
18983389920,Open Society Foundations,Open Society Foundations,≤100
101224002310757,Seven Weeks Coffee,Seven Weeks Coffee,≤100
164805026871617,Pregnancy Center East,Pregnancy Center East Inc.,≤100
133649613319094,A Call to Men,A CALL TO MEN,≤100
100113865706707,ADF Generational Wins Prayer Initiative,ALLIANCE DEFENSE FUND INC,≤100
542630009176179,Propane Education & Research Council,Propane Education & Research Council,≤100
259351004139042,Ashbrook Center,Ashbrook Center,≤100
36091862898,The Mackinac Center for Public Policy,The Mackinac Center for Public Policy,≤100
148048225348895,Danielle D'Souza Gill,DDG Media LLC,≤100
100585302852839,Health LIVE,Health Live Official,≤100
93228695778,Tea Party Patriots,Tea Party Patriots,≤100
2321993584737314,The Markin Report,The Markin Report,≤100
103331191362482,Oak Run Solar Project,Oak Run Solar Project,≤100
1220981994590364,FT Partner Content,These ads ran without a disclaimer,≤100
101791315693,Destiny Rescue,"Destiny Rescue International, Inc.",≤100
407902639235640,JNS.org,Jewish News Syndicate,≤100
103807629149771,Working Forests Initiative,"WORKING FOREST INITIATIVE, INC.",≤100
58158120046,ACLJ,American Center for Law and Justice,≤100
507070522767934,AACR Foundation,"AMERICAN ASSOCIATION FOR CANCER RESEARCH, INC.",≤100
571182609571332,NextGen America,NextGen Climate Action,≤100
107308698272177,Gas Leaks Action,Gas Leaks Action,≤100
48994809349,Ms. Foundation for Women,MS FOUNDATION FOR WOMEN INC,≤100
983629811723932,Home Title Lock,Home Title Lock,≤100
113635518226619,Medicare USA,These ads ran without a disclaimer,≤100
169042736456594,All Out,All Out Action Fund.,≤100
197760674021143,Indivisible Guide,INDIVISIBLE ACTION,≤100
105715796618476,Protect Greater Chaco,Protect Greater Chaco,≤100
1327559570587836,The Bail Project,"BAIL PROJECT, THE",≤100
14038292386,Women for Women International,WOMEN FOR WOMEN INTERNATIONAL,≤100
12185972707,350.org,350 ORG,≤100
101769576791,Health Action Network,Health Action Network,≤100
100221986153813,Lou's Daily News,Jennifer Ann Robertson,≤100
110316380149,Family Policy Alliance,Family Policy Alliance,≤100
936968016365794,The Eric Metaxas Radio Show,Salem Media,≤100
911828698840246,ReLEntless Defender Apparel,ReLEntless Defender Apparel,≤100
546066468753446,Black Health Matters,BLACK HEALTH MATTERS FOUNDATION INC,≤100
1219895884702640,Popcorn for the People,LET'S WORK FOR GOOD,≤100
240937060405,Center for Science in the Public Interest (CSPI),Center for Science in the Public Interest,≤100
355783211719644,Veteran Caregivers of America,"Veteran Caregivers, LLC",≤100
361960287311696,Better Medicare Alliance,"Better Medicare Alliance, Inc",≤100
103277109172874,The Original Lou's News,Jennifer Ann Robertson,≤100
21472760578,C-SPAN,C-SPAN,≤100
258534771339840,Republican Party of Medina County - RPMC,Republican Party of Medina County,≤100
424443217623488,Clarion Project,"CLARION PROJECT, INC.",≤100
191056827594903,Representative Mike Kelly,U.S. Representative Mike Kelly,≤100
36474716066,Color Of Change,ColorofChange.org,≤100
142957224352,International Medical Corps,International Medical Corps,≤100
317284821682168,Messianic Jewish Alliance of America (MJAA),Messianic Jewish Alliance of America,≤100
10498053716,Media Research Center,MEDIA RESEARCH CENTER,≤100
104665365704499,Health Insurance Secrets,Healthcare Marketplace Navigators LLC,≤100
108266445888054,Patriot Academy,TORCH OF FREEDOM FOUNDATION,≤100
157219894855724,Re-Elect Judge Paul Malchesky,Committee to Elect Malchesky for Judge,≤100
200969413280005,Shell,Shell,≤100
23790541544,Democrats,DCCC,≤100
348973409274904,Velvet Hamster,Velvet Hamster,≤100
130848666099,Business Forward,Business Forward Inc.,≤100
210357995667559,The National Memo,The National Memo,≤100
97624620788,American Friends of Magen David Adom,AMERICAN FRIENDS OF MAGEN DAVID ADOM,≤100
1399099193667071,WP Creative Group,WP BrandStudio,≤100
100113541464939,Start Early,Start Early,≤100
59877921429,Lutheran Immigration and Refugee Service,"LUTHERAN IMMIGRATION AND REFUGEE SERVICE, INC.",≤100
129255907131113,NumbersUSA,NUMBERSUSA EDUCATION AND RESEARCH FOUNDATION,≤100
157810487611661,Freethink,Freethink,≤100
103916546350474,Stericycle,Stericycle,≤100
101581329115492,Freedom Street,Jason Donald Robertson,≤100
19342050934,Leadership Institute,LEADERSHIP INSTITUTE INC,≤100
1503295233268493,Lebowski Lovers,These ads ran without a disclaimer,≤100
175034712516314,WaterAid America,WaterAid America,≤100
96931493939,Californians Against Higher Taxes,Californians Against Higher Taxes,≤100
273559687814125,Lauren McNally for Ohio,Lauren McNally For Ohio,≤100
30618466815,Pacific Legal Foundation,Pacific Legal Foundation,≤100
25372476424,Best Friends Animal Society,BEST FRIENDS ANIMAL SOCIETY,≤100
29934350147,Marketplace Business News,AMERICAN PUBLIC MEDIA,≤100
557051651115624,Stidham Financial Services,Stidham Financial Services,≤100
300992409852,Hoover Institution,Hoover Institution,≤100
13867925345,Equality Florida,Equality Florida,≤100
182723117043,Chicago Council on Global Affairs,CHICAGO COUNCIL ON GLOBAL AFFAI,≤100
1562713090633117,Operation Underground Railroad,OPERATION UNDERGROUND RAI,≤100
50822254585,Mountain States Legal Foundation,Mountain States Legal Foundation,≤100
169687486427698,Jentezen Franklin,FREE CHAPEL WORSHIP CENTER,≤100
190062194353228,Wycliffe Associates,"WYCLIFFE ASSOCIATES, INC.",≤100
194115677277113,A21,A21,≤100
21559454473,FAIR,FEDERATION FOR AMERICAN IMMIGRATION REFORM,≤100
74203588228,New Jersey Hall of Fame,New Jersey Hall of Fame,≤100
170126260000702,Western Journal US News,The Western Journal,≤100
378084314984,Trane Technologies,Trane Technologies,≤100
104491841664875,Adam Kinzinger,Future First Leadership PAC,≤100
6756153498,Mike Bloomberg,Bloomberg Philanthropies,≤100
107764430968176,Tuttle Twins TV Show,"Tuttle Twins Show, LLC",≤100
1964269556987922,American Conservation Coalition,American Conservation Coalition Campus,≤100
102027764795677,American Wire,BizPac Review,≤100
279799525443906,HELPS Nonprofit,HELPS Nonprofit Law Firm,≤100
508887815910815,BPR,BizPac Review,≤100
343714718985673,Think Wood,Think Wood,≤100
7292655492,MoveOn,MOVEON.ORG POLITICAL ACTION,≤100
11111618026,Union of Concerned Scientists,"UNION OF CONCERNED SCIENTISTS, INC.",≤100
60261764250,Childhelp,"CHILDHELP, INC.",≤100
153278754738777,Climate Reality,The Climate Reality Project,≤100
700941689954518,Defend Our Future,Defend Our Future,≤100
105791402802932,Democratic Party of Georgia,Democratic Party of Georgia,≤100
102142101657930,OurFight.online,Our Fight Inc,≤100
92021268117,Working America,Working America,≤100
114772634447050,Douglas Nobles for Judge,Nobles for Judge,≤100
106033855442625,Coalition to End Tobacco Targeting,Coalition to End Tobacco Targeting,≤100
271453369908901,FLAG  - Foundation for Liberty and American Greatness,Tomer Barazani,≤100
95483488591,Democratic Party of Wisconsin,DEMOCRATIC PARTY OF WISCONSIN,≤100
1869687273277265,Run for Something,Run For Something PAC,≤100
102769134675149,Evergreen Action,Evergreen Collaborative,≤100
97466887664,Innocence Project,"INNOCENCE PROJECT, INC., THE",≤100
106505370729792,Proudly Served,Real Voices Media,≤100
103875099042033,DailyWire+,The Daily Wire,≤100
27478282874,UNITE HERE!,UNITE HERE,≤100
110420685199238,WeVision EarlyEd,Bainum Family Foundation,≤100
100591845925552,EMILY's List Action,Emily's List Action,≤100
518194348194441,RepresentUs,RepresentUs,≤100
120778038066631,EveryLibrary,EveryLibrary,≤100
291102898490822,Conservative Comedy Store,Conservative Comedy Store,≤100
104768398061257,Let America Vote PAC,LET AMERICA VOTE PAC,≤100
296680801734,Dr. James Dobson's Family Talk,Dr. James Dobson's Family Talk,≤100
103482538845527,Conservative Truth,Home of the Brave Media LLC,≤100
105173311888160,Star and Bar,Star and Bar,≤100
769924816419024,Graham Allen,Robert Graham Allen,≤100
9324910069,NRSC,NRSC,≤100
17414523278,Democracy Now!,DEMOCRACY NOW,≤100
224110651893,International African American Museum,IAAM,≤100
238473269650980,Capital & Main,CAPITAL & MAIN,≤100
111839087214971,Vot-ER,VotER,≤100
971668776283950,PolicyEd,HOOVER INSTITUTION,≤100
125937197447634,ACTA - American Council of Trustees and Alumni,AMERICAN COUNCIL OF TRUSTEES AND ALUMNI,≤100
10150124349775072,"Riddle & Brantley, LLP","RIDDLE & BRANTLEY, LLP",≤100
107034431979369,United24,Non-profit organization UNITED24,≤100
464998390249008,The Independence Fund,"INDEPENDENCE FUND, INC, THE",≤100
109297388592738,One Health Plus,One Health Plus,≤100
101803615972593,Innovation Race,"TEA PARTY PATRIOTS ACTION, INC.",≤100
102043555830358,Giving Green,IDinsight,≤100
106909358810669,Stop RCV,Stop RCV,≤100
126893748252841,American Firearms Association,American Firearms Coalition,≤100
101090559295696,TPUSA Faith,TURNING POINT USA NFP,≤100
124506846628,Agape International Missions,AGAPE INTERNATIONAL MISSIONS,≤100
164966660351345,Hope Outfitters,Hope Outfitters,≤100
109123378562348,Georgia Honor,GEORGIA HONOR,≤100
28446275521,Military Officers Association of America (MOAA),Military Officers Association of America,≤100
1590877284560136,Patti Harris,Bloomberg Philanthropies,≤100
1479899112252729,Ukrainian American House,Ukrainian American House,≤100
1679521432262834,Physicians Grassroots Network,American Medical Association,≤100
573990992631231,U.S. Department of Health and Human Services,U.S. Department of Health & Human Services,≤100
16534314739,Facing History and Ourselves,"FACING HISTORY AND OURSELVES NATIONAL FOUNDATION, INC.",≤100
8936818385,Accuracy in Media,Flo Communications,≤100
116546288359245,Heritage Action for America,HERITAGE ACTION FOR AMERICA,≤100
106058025408954,Do No Harm Medicine,Do No Harm,≤100
105598238721153,We The Kids,We The Kidz LLC,≤100
372577693078008,"Saenz-Garcia Law, PLLC","Saenz-Garcia Law, PLLC",≤100
56332452163,AMA Patients Action Network,American Medical Association,≤100
140471979488965,Paul Bettencourt,Friends of Paul Bettencourt,≤100
1883837055193241,Shield Republic,These ads ran without a disclaimer,≤100
1571132936490223,JewBelong,JEWBELONG INC.,≤100
700806360047982,CFG Action,Club for Growth Action,≤100
206202032757114,Nature and Culture International,NATURE AND CULTURE INTERNATIONAL,≤100
187741797907314,The American Society of Anesthesiologists (ASA),"AMERICAN SOCIETY OF ANESTHESIOLOGISTS, INC., THE",≤100
110413484971344,The Frugal Saver,"WISDOM COMPANIES, LLC , THE",≤100
408526523045391,Mammoth Nation,Mammoth Nation,≤100
312657362217994,Women's Heart Alliance,Women's Heart Alliance,≤100
131306317680000,Social Goods,"Social Goods, LLC",≤100
111824001908,Hakeem Jeffries,JEFFRIES FOR CONGRESS,≤100
40755480179,Students For Liberty,STUDENTS FOR LIBERTY INC,≤100
495170667357093,Electronic Payments Coalition,ELECTRONIC PAYMENTS COALITION INC,≤100
149081336362,AmeriCorps VISTA,Corporation for National & Community Service,≤100
517185715005608,Milbank LLP,Milbank LLP,≤100
90705538313,Sheet Metal Air Rail and Transportation Workers,INTERNATIONAL ASSOCIATION OF SHEET METAL AIR RAIL & TRANSPORTATION W,≤100
215968684159,AFT - American Federation of Teachers,American Federation of Teachers,≤100
105599502191866,Florida Jolt,"Jolt Media, Inc.",≤100
85252863415,National Latina Institute for Reproductive Justice,NATIONAL LATINA INSTITUTE FOR REPRODUCTIVE HEALTH,≤100
108081724073759,Caloma,Caloma,≤100
104329844668,American Bar Association,American Bar Association,≤100
108179361951729,Republican Patriots,Tomer Barazani,≤100
144370909098347,TiffinOhio.net,Tiffin Publishing LLC,≤100
100284648021034,New Tolerance Campaign,New Tolerance Campaign,≤100
465501220622013,Lift Up the Vulnerable,Lift Up the Vulnerable,≤100
106735050716071,Lovely Franklin,Tomer Barazani,≤100
111044621745187,Liberty News,Michael Scott Hughes,≤100
256072828435344,Parkmed NYC,Reproductive Health Access Training Center,≤100
7191206138,ASPCA,ASPCA,≤100
55549065733,Voto Latino,VOTO LATINO INC.,≤100
782509455125554,Antioch Baptist Church Cleveland,ANTIOCH MISSIONARY BAPTIST CHURCH,≤100
219612384781411,Bloomberg Philanthropies,Bloomberg Philanthropies,≤100
255062275778,Tim Tebow Foundation,TIM TEBOW FOUNDATION,≤100
103851532013523,Policyfetch.com,Quantum Digital Media Inc,≤100
52704825212,Trail Runner magazine,These ads ran without a disclaimer,≤100
602714436529710,End Citizens United,END CITIZENS UNITED,≤100
119216091518705,Protect The Harvest,Karen Elizabeth Glueck,≤100
414456732055451,Faith in Action International,Faith in Action,≤100
153678684700451,American Investment Council,AMERICAN INVESTMENT COUNCIL,≤100
154930410085,"Zion Oil and Gas, Inc.","Zion OIl & Gas, Inc.",≤100
250937275581234,Problk Health,Problk Health LLC,≤100
1425435377743310,Conversations with Bill Kristol,FOUNDATION FOR CONSTITUTI,≤100
67626834312,National Women's Law Center,National Women's Law Center,≤100
248181906078243,National Institute for Civil Discourse,CommonSense American,≤100
10234472029,Council on Foreign Relations,Council on Foreign Relations,≤100
136362309708243,Restaurant Opportunities Centers United (ROC United),"RESTAURANT OPPORTUNITIES CENTERS (ROC) UNITED, INC.",≤100
101732141294780,They See Blue,THEY SEE BLUE,≤100
181385265351965,Mosaic Magazine,Mosaic,≤100
69717994787,buildOn,BUILDON INC,≤100
226999127329906,New York Immigration Lawyer,Law Office of Alena Shautsova,≤100
105692311896010,Positive Money US,Positive Money US,≤100
169204449790211,Conservative News Today,BizPac Review,≤100
300341323465160,The Daily Signal,HERITAGE FOUNDATION (THE),≤100
100403528653081,Punchbowl News,Punchbowl News,≤100
114226275387369,republicEn,republicEn,≤100
28158738995,Women's Refugee Commission,Women's Refugee Commission,≤100
171287339973880,LCV Victory Fund,"LCV Victory Fund, 202-785-8683, and not authorized by any candidate or candidate’s committee",≤100
100119981671668,Blue Senate,BLUE SENATE PAC,≤100
125179374733697,Big News Buzz,Resource Media,≤100
102420431749179,Raging Americans,Tomer Barazani,≤100
30708742052,FCTRY,FCTRY,≤100
128334087241432,Todd Starnes,Starnes Media Group LLC,≤100
163302087408673,Stop The Donald,Stop the Donald,≤100
181924628560212,SumOfUs,SumOfUs,≤100
108155598473433,American Patriot News,Krista D Bloch,≤100
143173285763,Tenth Amendment Center,Tenth Amendment Center,≤100
103328515934791,Take Back 2024,The Blue State Conservative,≤100
106001278558202,For The Love Of News,Krista D Bloch,≤100
279890513018,Islamic Networks Group - ING,"ISLAMIC NETWORKS, INC.",≤100
59543893235,National Constitution Center,National Constitution Center,≤100
102047517918,The Commonwealth Fund,"COMMONWEALTH FUND, THE",≤100
14226615647,People For the American Way,People For the American Way,≤100
109118211910879,Mr. 45,Green Straw LLC,≤100
74783093812,Just Vision,JUST VISION INC,≤100
15503839732,Peter G. Peterson Foundation,Peter G. Peterson Foundation,≤100
100692068471118,Explain America,Apse Media LLC,≤100
100484735718366,The Coalition for Carolina,Coalition for Carolina,≤100
342887442508723,Convention of States,Convention of States Action,≤100
147523538641547,Capitol Ministries,CAPITOL MINISTRIES,≤100
497348647140658,Point Source Youth,Point Source Youth,≤100
541807025833154,Malala Fund,Malala Fund,≤100
107553188401159,Brandon Gill,The Boswell Project,≤100
7515233409,"Mikey Weinstein, MRFF",MILITARY RELIGIOUS FREEDOM FOUNDATION,≤100
309798029121030,Everytown for Gun Safety,Everytown for Gun Safety Support Fund Inc,≤100
80770833881,Eagles' Wings,EAGLES' WINGS MINISTRIES,≤100
238348260390644,The Brigid Alliance,"BRIGID ALLIANCE, THE",≤100
97261063097,Global Fund for Women,"GLOBAL FUND FOR WOMEN, INC., THE",≤100
144105014310,Panasonic North America,These ads ran without a disclaimer,≤100
100983515068287,"Justice For Greenwood Foundation, Inc.",Justice for Greenwood Foundation Inc,≤100
64974200999,America-Israel Friendship League,AMERICA-ISRAEL FRIENDSHIP LEAGUE,≤100
310925405807,Citizens Climate Lobby,Citizens' Climate Lobby,≤100
6165653060,AFSCME,AMERICAN FEDERATION OF STATE COUNTY & MUNICIPAL EMPLOYEES,≤100
105060269781,Premiere Collectibles,"Premiere Marketing, Inc.",≤100
282728185140429,Rep For Vets,The Rep For Vets,≤100
107718977629934,RHEDI,RHEDI,≤100
110003135240961,Pride of America,Pride of American,≤100
109716011638325,Jane Fonda Climate PAC,JANE FONDA CLIMATE PAC,≤100
142992759853421,Be A Hero,Be A Hero Action,≤100
338758899543225,Alan Wilson,Alan Wilson for Attorney General,≤100
104979848524405,Starts With Us,These ads ran without a disclaimer,≤100
17043549797,MIT Technology Review,"TECHNOLOGY REVIEW, INC.",≤100
102245545464309,My Patriot  Post,Krista D Bloch,≤100
139034619493222,CUNY Citizenship Now,CUNY Citizenship Now!,≤100
104178704279594,Main St. First,Resource Media,≤100
49421708941,Americans for Limited Government,AMERICANS FOR LIMITED GOVERNMENT IN,≤100
107423015148834,Agenda PAC,AGENDA PAC,≤100
6787988478,Physicians for Human Rights,"PHYSICIANS FOR HUMAN RIGHTS, INC.",≤100
25121889784,Texas Public Policy Foundation,Texas Public Policy Foundation,≤100
108997885106909,Chip in America,Chip In America LLC,≤100
101836378085260,Orlando Owens For Wisconsin State Treasurer,Friends of Orlando Owens LLC,≤100
133768194093477,Savannah Maddox,Savannah Maddox for Governor,≤100
336442420497121,Consciously,Big Sister Corp.,≤100
141169844763069,US Cannabis Council,United States Cannabis Council,≤100
100158948453494,Lars for President,LARS MAPSTEAD FOR PRESIDENT,≤100
1018654714824453,Maccabee Task Force,Maccabee Task Force Foundation,≤100
104614641200137,MeidasTouch,MEIDASTOUCH,≤100
108020636846,Policy Matters Ohio,POLICY MATTERS OHIO,≤100
100388729554147,COL Fashion,Culture of Life,≤100
101712394738402,The Meteor,The Meteor,≤100
118626774835274,Medicare Made Clear,Medicare Made Clear from United Healthcare,≤100
999556810102061,Signature Seas,Signature Seas,≤100
345378512258813,Elise Stefanik,ELISE FOR CONGRESS,≤100
151894654697,Save Our States,Save Our States,≤100
1470540296409810,Fair Fight Action,FAIR FIGHT,≤100
38234604057,PEN America,PEN AMERICAN CENTER INC,≤100
2070944712939738,American Police Officers Alliance,American Police Officers Alliance,≤100
10461186460,Ben & Jerry's,"BEN & JERRY'S HOMEMADE, INC.",≤100
113819843492581,Somos Votantes,Somos Votantes,≤100
299016790922,Bobby Eberle,Bobby Eberle,≤100
108620667163768,For Our Future,Resource Media,≤100
109366181861530,President Trump is My Wingman,Jennifer Ann Robertson,≤100
100835322535347,Trump Trading Store,Trump Trading Store,≤100
1634651343331439,Project Wren,Landon Scott Brand,≤100
102255626515926,Mayor Wayne M Messam,City of Miramar,≤100
340000075813,Jewish Cleveland,JEWISH FEDERATION OF CLEVELAND,≤100
174793662656828,Colorado Peak Politics,Peak Politics LLC,≤100
61265398450,AmeriCorps NCCC,Corporation for National and Community Service,≤100
234628203317767,Made for Freedom,Made for Freedom,≤100
915656035153394,Oceanites,OCEANITES INC,≤100
107156032037486,Derrick Evans,Jonathan Evans,≤100
661744180680367,National Police Association,"NATIONAL POLICE ASSOCIATION, INC.",≤100
82223469060,ACN - Aid to the Church in Need,"AID TO THE CHURCH IN NEED, INC.",≤100
103602275197310,Communist Free - Freedom First,September Group LLC,≤100
19219803864,Tax Foundation,Tax Foundation,≤100
109475211795252,Freedom From The Press,Michael Scott Hughes,≤100
186097812110,BioNJ,BIONJ INC,≤100
17548474116,Reason Magazine,"REASON FOUNDATION, THE",≤100
346612865750115,Korea Defense Veterans Association,Korea Defense Veterans Association,≤100
246323280108,American Medical Association,These ads ran without a disclaimer,≤100
399060493533519,The Justice Foundation,JUSTICE FOUNDATION,≤100
1376465702586897,Coloradans for Responsible Energy Development,Coloradans for Responsible Energy Development,≤100
454663890502,Alliance for Patient Access,ALLIANCE FOR PATIENT ACCESS,≤100
178746337565646,Save Our Allies,Save Our Allies,≤100
102748688472759,Parents Defending Education,Parents Defending Education,≤100
103885799225717,Liberty Protector,Liberty Protector,≤100
199891603386344,Common Ground Committee,Common Ground Committee,≤100
102165635680839,This Week in Toledo,Sean M Nestor,≤100
1223818144299403,DFRLab,"ATLANTIC COUNCIL OF THE UNITED STATES, INC. (THE)",≤100
331037760381749,Sierra Magazine,SIERRA CLUB,≤100
105861441295494,97Percent,97PERCENT ORG INC,≤100
103546351703577,Dallas Express,The Dallas Express,≤100
403737406341879,National Women's Health Network,NATIONAL WOMENS HEALTH NETWORK,≤100
10803722213,Common Cause,COMMON CAUSE,≤100
23978156246,UnidosUS,UnidosUS,≤100
110799871814504,Health PLUS,Health Plus Official,≤100
143063095713907,Hep,"CDM PUBLISHING, LLC",≤100
102596355656379,Red Wave News Updates,Michael Scott Hughes,≤100
1553978148244954,Build With Strength,Build With Strength,≤100
85543026043,Consumers Energy,Consumers Energy,≤100
102176712079037,Daily Floridian,Daily Floridian,≤100
117592091643709,Tree of Life Ministries｜Evangelism in Israel,Tree of Life Ministries,≤100
356050017804283,WSPA (Western States Petroleum Association),WESTERN STATES PETROLEUM ASSOCIATION,≤100
110624565660992,ZOE International,ZOE International,≤100
417522508294454,Job Creators Network,Job Creators Network,≤100
102712325850529,Libratum Press,Libratum Press LLC,≤100
131023707236064,Applecart,Project Applecart LLC,≤100
234142976633158,Wake Up World & Smell the Coffee,Edith Dume Lerner,≤100
105334892381660,AmericanTowns Politics,AMERICAN TOWNS,≤100
104657602040321,Truth Media,Truth Media,≤100
170591064699,Southern Poverty Law Center,"SOUTHERN POVERTY LAW CENTER, INC., THE",≤100
101165966152,AFL-CIO,AFL-CIO,≤100
100806058498601,Long Lead,"Long Lead, LLC",≤100
210937299260017,USA Features Media,USA Features Media LLC,≤100
44357672795,Independent Institute,"INDEPENDENT INSTITUTE, THE",≤100
10524033745,Remote Area Medical - RAM,REMOTE AREA MEDICAL,≤100
1832245947018802,Chris Rose for US Senate - WV,ROSE FOR WEST VIRGINIA,≤100
101761126009518,Patriotic Army,Tomer Barazani,≤100
28676237108,Brookfield Properties Retail,These ads ran without a disclaimer,≤100
59783434599,Hasbara Fellowships,HASBARA FELLOWSHIPS,≤100
106746992189224,The State of Women Podcast,POPULATION MEDIA CENTER INC,≤100
205795426669644,Facts and Logic about the Middle East,Facts and Logic About the Middle East,≤100
101111655405022,The Rationist,Timothy Robert Ferguson,≤100
104377518078467,More Perfect Union,MORE PERFECT UNION FOUNDATION,≤100
109404241722062,Clean Up MidAm,Clean Up MidAm Coalition,≤100
27461595703,Carbonfund,Carbonfund.org Foundation,≤100
11024050756,Bioneers,Bioneers,≤100
101350839190816,Macro Conservative,Macro Conservative,≤100
349800859019034,The 19th News,The 19th,≤100
895720774159876,Colquitt County Republican Party,Republican Party Colquitt County,≤100
1731084720451495,Saprea,The Younique Foundation,≤100
92729316952,Covanta,Covanta,≤100
206238602739505,Taxpayers Protection Alliance,Taxpayers Protection Alliance,≤100
2099448153445994,Students for Life Action,Students for Life Action,≤100
103725461407761,Maryorie Pineda Insurance,JM INSURANCE GROUP LLC,≤100
386305465057247,Liberty Nation,Liberty Nation,≤100
303374266418976,AFPM,American Fuel & Petrochemical Manufacturers,≤100
472758906150050,The Freedomist,Freedomist LLC,≤100
1756514954650448,Indigenous Energy Initiative - IEI,EARTH ISLAND INSTITUTE INC,≤100
102277115688995,Patriot News Headquarters,Krista D Bloch,≤100
18813753280,Human Rights Campaign,Human Rights Campaign Foundation,≤100
129064750465027,Women's Earth Alliance,Earth Island Institute,≤100
186319338839,GLAAD,These ads ran without a disclaimer,≤100
107931151953032,Kodie Kulp,Wesley Allen,≤100
102315041409283,Horses in our Hands,In our Hands Action Fund,≤100
109284291894484,American News Stories,Michael Scott Hughes,≤100
610264146298573,The American Council,The American Council for Evangelicals,≤100
163662804426854,Life Advancement Group,LIFE ADVANCEMENT GROUP,≤100
494259170754224,Keeping IDentities Safe,KEEPING IDENTITIES SAFE,≤100
54580146753,Faith in Action,Faith in Action,≤100
108268161352786,Stanley M. Herzog Foundation,Herzog Foundation,≤100
192738164073627,A Better Balance,A Better Balance,≤100
499379343409991,Impact Fund,"IMPACT FUND, THE",≤100
5878048748,GlobalGiving,"GLOBALGIVING FOUNDATION, INC.",≤100
102794658754102,Daily Freedom,Trending Views,≤100
38897314734,Trust for Public Land,"TRUST FOR PUBLIC LAND, THE",≤100
319210354382,Reform Party of Virginia,REFORM PARTY OF VIRGINIA,≤100
103546351703577,Dallas Express,Dallas Express Media,≤100
105269625578850,The Public Page for Ohio Physicians for Reproductive Rights,Ohio Physicians for Reproductive Rights,≤100
100123286264769,Tanner DiBella,American Council for Evangelicals,≤100
116884823952,Vulnerable People Project,HERO Inc.,≤100
220538341415523,The Satanic Temple,The Satanic Temple,≤100
9694956217,Animal Legal Defense Fund,ANIMAL LEGAL DEFENSE FUND,≤100
20603236087,Love146,"LOVE146, INC.",≤100
101291175235213,Congresswoman Ashley Hinson,official funds authorized by the House of Representatives,≤100
186291828074120,Drexel University,Drexel University,≤100
110042181919423,Leading With Greatness,Patriotic Uniting For All,≤100
118178241651488,DSPolitical,"DSPolitical, LLC",≤100
273546779885377,The Gallant Pelham,"delupton, LLC",≤100
750121728449001,Rebuild SoCal,Rebuild SoCal Partnership,≤100
6355071377,American Cancer Society Cancer Action Network - ACS CAN,AMERICAN CANCER SOCIETY CANCER ACTION NETWORK INC,≤100
458643554482238,Uri Velez La Sra de los Seguros,Euridis Velez,≤100
107645227592678,To Which We Belong,Mystic Artists,≤100
106862204671108,The Deplorable Americans,Justin Gustafson,≤100
2602473023098666,Democratic Polling Center,Democratic Governors Association,≤100
114167895375664,Cherokee Nation,"CHEROKEE NATION, THE",≤100
107766235181961,The Nunn Report,The Nunn Report,≤100
192609620649,The University of Chicago,The University of Chicago,≤100
8908243810,SELF,These ads ran without a disclaimer,≤100
107722268674706,Cathy Hull,Cathy Hull Originals,≤100
6954880804,Green America,GREEN AMERICA,≤100
6817268395,Campus Pride,CAMPUS PRIDE INC,≤100
102826611878758,Saul Zaentz Charitable Foundation,Saul Zaentz Charitable Foundation,≤100
46396911959,Bethany Christian Services,BETHANY CHRISTIAN SERVICE,≤100
227535924071462,Animal Petitions,AnimalPetitions.org,≤100
103983691875963,Building Healthy Families,CANAVAN FOUNDATION INC,≤100
65538457518,The Village Square,"TO THE VILLAGE SQUARE, INC.",≤100
128167457221813,Public Transportation,Voices for Public Transit,≤100
77273593330,Hillel International,HILLEL THE FOUNDATION FOR JEWISH CAMPUS LIFE,≤100
102171788248013,Social Social,These ads ran without a disclaimer,≤100
21395843375,Dialysis Patient Citizens,DIALYSIS PATIENT CITIZENS INC,≤100
601472019907779,Latino Victory,Latino Victory Fund,≤100
91346559231,Democratic Legislative Campaign Committee - DLCC,Democratic Legislative Campaign Committee,≤100
659878157406228,America's Warrior Partnership,America's Warrior Partnership,≤100
439271970343,World Help,WORLD HELP,≤100
95426912609,Paola Gianturco Author,Paola Gianturco Author,≤100
169710960125365,Curzio Research,Curzio Research,≤100
107369255337226,Nero for America,NERO FOR AMERICA,≤100
294196590710262,FWD.us,FWD.us,≤100
103934071014071,Fire Drill Fridays,These ads ran without a disclaimer,≤100
100866752814666,"Bold, Bright, And Brave","Bold, Bright, & Brave",≤100
224346480985378,Convergence Magazine,Convergence Magazine,≤100
103452279103881,Ambassador Gordon Sondland,Gilbert Lunsford Jr Eugene,≤100
168876449866088,The Years Project,THE YEARS PROJECT,≤100
102286035642350,Patriots for USA,USA Features Media LLC,≤100
100981815983867,Power For The People,POWER FOR THE PEOPLE LLC,≤100
635038436602528,Helen Gym,FRIENDS OF HELEN GYM,≤100
108028728590880,CTLPod,POPULATION MEDIA CENTER INC,≤100
491750841251088,Filtrol,Wex Companies,≤100
1208669005920585,159 Georgia Together,159 Georgia Together,≤100
203294399456,Public Interest Registry,Public Interest Registry,≤100
195261533834361,Friends of Animals,"FRIENDS OF ANIMALS, INC.",≤100
1666922183524165,ReThink Energy NJ,ReThink Energy NJ,≤100
111034825665225,GoPhilanthropic,GO PHILANTHROPIC CHARITABLE FUND,≤100
29423827874,Proclaiming Justice to the Nations,PROCLAIMING JUSTICE TO THE NATIONS INC,≤100
1449073545419430,The Lone Liberal Republican,Arthur Winter,≤100
106348486169704,Moms for America,Moms for America INC,≤100
480278498670815,Danimer Scientific,Danimer Scientific,≤100
1444820465547227,Rank the Vote,Rank the Vote,≤100
224684250862,Consumer Freedom,"CENTER FOR CONSUMER FREEDOM, THE",≤100
111812468884033,W.K. Kellogg Foundation,W. K. KELLOGG FOUNDATION,≤100
104977525752112,Freedom of Patriots,Freedom of Patriots,≤100
710669049286394,Woo the People,Woo the People,≤100
111564223958042,Ending Disease Documentary,Crushed Planet,≤100
131319143614919,Life at AT&T,"AT&T Services, Inc.",≤100
1375303095849798,Hidalgo County Bail Bond Association,Rene Andres Anzaldua,≤100
262610761306,Counterpoint Press,Counterpoint Press,≤100
110321788291361,Murray For Bella Vista Mayor,Randy Murray For Mayor,≤100
107925603976843,Protect App-Based Drivers and Services,Protect App-Based Drivers and Services,≤100
67011831040,Canon Press,Canon Press,≤100
339432396135584,The Exodus Road,The Exodus Road,≤100
110094158160834,Red Wave News,Michael Scott Hughes,≤100
170169493012341,The Fund for Global Human Rights,FUND FOR GLOBAL HUMAN RIGHTS,≤100
201956993160690,MRCTV,MEDIA RESEARCH CENTER,≤100
1027702813921248,EmbraceRace,EmbraceRace,≤100
711478725532801,Civiqs,Civiqs,≤100
110847698099863,Solarquote.org,solarquote.org,≤100
1667638686847579,The Collective PAC,COLLECTIVE FUTURE,≤100
100990842647491,Mountain States Policy Center,"Mountain States Policy Center, Inc.",≤100
327853590558653,"Agri-Pulse Communications, Inc.","AGRI-PULSE COMMUNICATIONS, INC.",≤100
100268986164432,"Gilbert Gonzalez, City Council District #1",Nohely Jiselle Flores,≤100
1678616769061606,Southeastern Wind Coalition,Southeastern Wind Coalition,≤100
100217569523715,Larisa Svechin,Getting Things Done PC,≤100
827597877353389,Bill Eigel,"Eigel For Missouri, Thomas Hughes, Treasurer",≤100
113545460414372,Carter Heyward,Carter Heyward,≤100
108209831585,Palmetto Family,"PALMETTO FAMILY COUNCIL, INC",≤100
413500232549343,National Vet Help,National Vet Help,≤100
1521463681450292,IL CleanJobs,Illinois Clean Jobs Coalition,≤100
148731991811588,Baird,Robert W. Baird & Co. Incorporated,≤100
106582384539447,Design for Freedom by Grace Farms,"GRACE FARMS FOUNDATION, INC.",≤100
206842149343702,The Alliance for Middle East Peace (ALLMEP),Nicholas Ernesto Acosta,≤100
1555020631394957,American Jewish University - AJU,American Jewish University,≤100
108675627404410,Melbourne Asia Review,These ads ran without a disclaimer,≤100
162069790604,AARP Arizona,AARP,≤100
103338614839717,Peter S. Wenz,Peter S. Wenz,≤100
50714237985,The Rutherford Institute,RUTHERFORD INSTITUTE,≤100
830162603716633,Andy Beshear,Andy Beshear for Governor,≤100
34362997676,United States Holocaust Memorial Museum,UNITED STATES HOLOCAUST MEMORIAL MUSEUM,≤100
151577215422581,Zioness Movement,"Zioness Movement, Inc.",≤100
186977768011413,Ironworkers Rising,"International Association of Bridge, Structural, Ornamental, and Reinforcing Iron Workers",≤100
101564054951838,We The Forest,We The Forest,≤100
149209528606936,Climate Hawks Vote,CLIMATE HAWKS VOTE POLITICAL ACTION,≤100
150322194563,PASA Primates: Pan African Sanctuary Alliance,PAN AFRICAN SANCTUARIES ALLIANCE,≤100
96286403078,iHeartDogs.com,HomeLife Media,≤100
216052228433696,Arcus Foundation LGBTQ Social Justice,ARCUS FOUNDATION,≤100
111238797362504,The Democracy Project,"The Democracy Project, Inc.",≤100
117049828380915,Horse Network,Horse Network,≤100
47393489592,Jew in the City,Jew in the City an NJ nonprofit,≤100
112203121682194,Deviate from Denial Book,Pubvendo LLC,≤100
268868046463126,Beacon Center of Tennessee,BEACON CENTER OF TENNESSEE,≤100
122894447754361,Institute for New Economic Thinking,"INSTITUTE FOR NEW ECONOMIC THINKING, THE",≤100
1581819558516148,Nunn Bush,Weyco Group,≤100
107326878275017,National Pretrial,National Pretrial,≤100
43853729859,Campaigns & Elections,Political World Communications,≤100
828868593857999,"Mike Scott Commissioner Elect, Orange County District 6",Michael Rashad Scott,≤100
55757954259,artnet,These ads ran without a disclaimer,≤100
106842688782323,Sabrina Cohen for Miami Beach Commissioner,Sabrina Cohen for Miami Beach Commission,≤100
105538688731146,Box Programming,These ads ran without a disclaimer,≤100
266790296879,Bloomberg,These ads ran without a disclaimer,≤100
111333413863498,Freedom First Society,FREEDOM FIRST SOCIETY,≤100
461530314600399,Common Sense American Politics,Common Sense American Politics,≤100
236829849700741,Al-Monitor,AL-MONITOR,≤100
101674425989138,MIT Economics Survey on Climate Change,Lucy Page,≤100
103234915883299,Jenny Gonzalez Seguros,Jimenez Insurance and Financial Group LLC,≤100
199010435394,Turtle Island Restoration Network,Turtle Island Restoration Network,≤100
524399207959953,Truth & Liberty Coalition,Truth & Liberty Coalition,≤100
217187838327836,The Story Exchange,The Story Exchange Foundation,≤100
100124709108034,Patriot One News,Matt Clark Agency,≤100
102745147891580,Trump Coolers,Trump Coolers,≤100
561970593860027,Emil Guillermo Media,Emil Amok Guillermo,≤100
113341457791145,Voices for Healthy Green Spaces,Voices for Healthy Green Spaces,≤100
480282659170095,Civic Health Project,Civic Health Project,≤100
188607107843102,Texas Values,TEXAS VALUES,≤100
17023576156,The Leadership Conference on Civil and Human Rights,The Leadership Conference on Civil and Human Rights,≤100
26668999076,The Cato Institute,"CATO INSTITUTE, INC.",≤100
108731490859583,America's Work Force Union Podcast,"Bortini Management Associates, Inc.",≤100
109951025170694,Libra Press Books,Libra Press,≤100
160225016065,MIT Sloan Management Review,These ads ran without a disclaimer,≤100
197374340229,E2 - Environmental Entrepreneurs,E2 (Environmental Entrepreneurs),≤100
1510567695822499,American Federation for Children - Wisconsin,American Federation for Children,≤100
249557685489132,Spiritual and Practical Socialism,Michael Robert Mccormick,≤100
877481359045751,Lets Green CA,ROMERO INSTITUTE,≤100
121710673644,Business Fleet,These ads ran without a disclaimer,≤100
278434943062355,WellBeing International,"WellBeing International, Inc.",≤100
192015461630968,Supporting Our Brave Veterans,These ads ran without a disclaimer,≤100
2310488009211056,Poder Latinx,Poder Latinx,≤100
139699586077134,KEMBA Financial Credit Union,These ads ran without a disclaimer,≤100
1599237673639735,Change Media Group,Change Media Group,≤100
100562019990818,U.S. Term Limits,U.S. Term Limits Inc.,≤100
260713150211,Protect Our Winters,Protect Our Winters,≤100
165674110118949,Clearing out the Clutter,Colin D Moore,≤100
77688524017,Truman Library Institute,HARRY S TRUMAN LIBRARY INSTITUTE,≤100
100517736205311,MTM,MIKE TER MAAT FOR PRESIDENT,≤100
111296919309406,Empire of Deceit,Amsterdam & Partners LLP,≤100
87377228013,Side with Love,UNITARIAN UNIVERSALIST ASSOCIATION,≤100
240425642652222,South Florida Wildlands Association,South Florida Wildlands Association,≤100
1546952572205770,UAE USA United,The Embassy of the United Arab Emirates,≤100
109305451664069,City Accountability Project,City Accountability Project,≤100
225902781414,William Gheen President of Americans for Legal Immigration,AMERICANS FOR LEGAL IMMIGRATION PAC,≤100
928924573981076,REFORM,These ads ran without a disclaimer,≤100
1000253160054572,Cori Bush,Cori Bush for Congress,≤100
481331019059116,The Published Reporter,The Published Reporter,≤100
1450419611843805,Thatcher Coalition,Thatcher Coalition,≤100
106602704371225,Rob is Right,Rob is Right,≤100
330280744268309,CT Examiner,CT Examiner LLC,≤100
317503418305219,Mike Strain,"Michael G. ""Mike"" Strain Campaign",≤100
1443878795835012,Personal Care Products Council,PERSONAL CARE PRODUCTS COUNCIL,≤100
144850842237429,Independentvoting.org,Independent Voting (IndependentVoting.org),≤100
100710759119069,Blue Planet Ecosystem,Blue Planet Ecosystem,≤100
108696864395392,Texas Land and Liberty Coalition,Texas Land & Liberty Coalition,≤100
105348224679358,Don't Unfriend Me,DONT UNFRIEND ME,≤100
208536709176438,Weiss Ratings,These ads ran without a disclaimer,≤100
104197751646893,Fix The Cost Shift,Fix the Cost Shift,≤100
142932506806,Texas Alliance for Life,"Texas Alliance for Life, Inc.",≤100
589658204411894,Office of South Carolina Treasurer Curtis Loftis,Future Scholar. Administered by State Treasurer Curtis Loftis. Not paid for with state funds.,≤100
2007361039550045,"Center for Free, Fair, and Accountable Democracy","CENTER FOR FREE, FAIR, AND ACCOUNTABLE DEMOCRACY, INC.",≤100
366351973736242,Red Rock Secured,Red Rock Secured,≤100
1556481434584901,Paul Xavier,These ads ran without a disclaimer,≤100
346937065399354,Occupy Democrats,OCCUPY DEMOCRATS ELECTION FUND,≤100
37442103053,ACLU of New Jersey,AMERICAN CIVIL LIBERTIES UNION OF NJ,≤100
104775027706678,Assemblywoman Sarah Clark - AD 136,Sarah Clark for Assembly,≤100
110010433804232,Standing For Freedom Center,Standing for Freedom Center,≤100
104861071996581,NextGen PAC,NEXTGEN CLIMATE ACTION COMMITTEE,≤100
180212755483311,Black Lives Matter,Black Lives Matter Global Network Foundation,≤100
112589635471203,Zoweh,ZOWEH MINISTRIES INC,≤100
106959920878115,The Well Done Foundation,"WELL DONE FOUNDATION, INC.",≤100
108433238844,CWEB,CWEB Inc.,≤100
243605012672167,Greg Casar,GREG CASAR FOR CONGRESS,≤100
106992736032001,causes.com,COUNTABLE,≤100
1050320055029012,Outrider.org,OUTRIDER FOUNDATION INC,≤100
6696842658,Avodah,AVODAH THE JEWISH SERVICE CORPS,≤100
67945990059,The American Petroleum Institute,The American Petroleum Institute,≤100
262774994217218,Matt Mayberry for NH,These ads ran without a disclaimer,≤100
227968540946541,The Daniels Group,The Daniels Group,≤100
107604678550406,Courageous Conversations about our Schools,Futernick Consulting LLC,≤100
113903067031126,Equity Books,equitybooks,≤100
210277954204,The Young Turks,"The Young Turks, Inc.",≤100
1661301174087040,Brian Barczyk,These ads ran without a disclaimer,≤100
126379917403141,UnitedHealthcare Empowering Health,Intersport Inc.,≤100
27544763621,Prison Fellowship,Prison Fellowship,≤100
16871848717,Stop It Now!,STOP IT NOW!,≤100
2078647579047586,Project Pulso,Project Pulso,≤100
103520838222542,Piano By Pictures,These ads ran without a disclaimer,≤100
1453339054911514,Latino Community Fund -LCF Georgia,Latino Community Fund Inc.,≤100
534332363577954,Political scrapbook,David Granville Hough,≤100
150559895031,Rapha International,"Rapha House International, Inc.",≤100
133294620046953,Mission India,MISSION INDIA INC,≤100
39119822138,Center for Progressive Reform,Center for Progressive Reform,≤100
100145644726687,Opportunity For All Floridians,Opportunity For All Floridians,≤100
487569614682924,CAPP USA,Yellow Line Productions LLC,≤100
100607179026941,Of Thee I Sing 1776,Harold Gershowitz,≤100
105170744437701,The Reproductive Freedom Fund of New Hampshire,The Reproductive Freedom Fund of New Hampshire,≤100
331661123551110,Leadership for Educational Equity,Leadership for Educational Equity,≤100
586402784803665,OLÉ NewMexico,"OLE EDUCATION FUND, THE",≤100
153704007991524,Women's Earth and Climate Action Network,Women's Earth and Climate Action Network (WECAN) International,≤100
1347377405282853,Living Earth Naturals,Living Earth Naturals,≤100
110981884065996,Abortion Finder,Power to Decide,≤100
1751339905091832,Dana Goldman,Dana Goldman Campaign,≤100
111528377844985,Better Capitalism,Partnering LLC,≤100
101466816025710,Renew Healthcare,Quantum Digital Media Inc.,≤100
455379537837652,Michael Schulder's Wavemaker,"Schulder Productions, LLC",≤100
104382528958356,Jenna Caldwell,Pubvendo,≤100
1289129381221829,Bookmad Bookshelf,These ads ran without a disclaimer,≤100
402576019773022,Wake Forest University School of Medicine,These ads ran without a disclaimer,≤100
273223673607541,Sandy Springs Together,Sandy Springs Together,≤100
152759126824,Enbridge,Enbridge Inc.,≤100
301497088297,Mobile Concepts Specialty Vehicles,These ads ran without a disclaimer,≤100
337017506309686,"City of Spartanburg, SC",City of Spartanburg,≤100
449532451834913,Fishers Finery,Fishers Finery,≤100
306480006853271,Political-Paige.com BLOG,Political-Paige.com,≤100
263311807031163,Sasha Issenberg,EmmKay Media,≤100
183472861249,Point Foundation,Point Foundation,≤100
111904024679959,Bold Majority,BOLD MAJORITY PAC,≤100
234061016646684,Friedman & Houlding LLP,Friedman & Houlding LLP,≤100
106568024842114,Rideshare Assault Support,Injury Match,≤100
349528025129958,"Brevard County Sheriff's Office, Florida (Official)",Robert Wayne Ivey,≤100
101716172441500,Brennan Center en Español,"WILLIAM J. BRENNAN CENTER FOR JUSTICE, INC.",≤100
107515958597172,Odakova,These ads ran without a disclaimer,≤100
338218229911752,Integrity First PAC,INTEGRITY FIRST PAC,≤100
109217467244059,Health Justice Recovery Alliance,Oregon Health Justice Recovery Alliance,≤100
221401431386940,Pramila Jayapal,PRAMILA FOR CONGRESS,≤100
100913694925880,"Akalan Law Firm, PLLC","Akalan Law Firm, PLLC",≤100
101258509347475,Friends of Be an Angel,"FRIENDS OF BE AN ANGEL, INC.",≤100
1658498144427540,Redeemer Church of South Hills,Redeemer Church of South HIlls,≤100
407767916003589,U.S. Representative John Carter,Office of U.S. Representative John Carter,≤100
430869277025501,Dr. Nancy O'Reilly,"WOMEN CONNECT4GOOD, INC.",≤100
1840062339636847,John D. Flynn for Bella Vista Mayor,Committee to Elect John Flynn,≤100
586626644723972,US Military News Portal,Christian Lawrence Wilson,≤100
14310874716,The Middle East Media Research Institute (MEMRI),MIDDLE EAST MEDIA RESEACH INSTITUTE INC,≤100
187713745097888,Save the Alamo,Save The Alamo Committee,≤100
50513265848,Citizens United,Citizens United,≤100
710460605705480,Dugit Outreach Center,Dugit Messianic Outreach Center,≤100
112912573793125,Rise Up for Justice,Avrom L Altman,≤100
227594571444676,Building New York's Best,"Carpenter Contractor Alliance of Metropolitan New York, Inc.",≤100
594519783957655,Citizens for National Security,Citizens For National Security,≤100
586923928036132,CIPS - Christians in Public Service,CHRISTIANS IN PUBLIC SERVICE,≤100
138492335404,Scott Walker,FORWARD USA FEDERAL POLITICAL ACTION COMMITTEE,≤100
107646992144084,Vincenzo Odoguardi - MAIE,MARCO BALDOCCHI GROUP INC,≤100
101080822634195,Fix It Films,Fix It Healthcare,≤100
106853208671984,Troy Hebert for Chief of Police,Troy Hebert Campaign,≤100
138920486202280,VOTE411,League of Women Voters Education Fund,≤100
142820996197184,Fcsp-Shop.us,These ads ran without a disclaimer,≤100
109374912424067,Drew McKissick,DrewMcKissick.com,≤100
284685902274597,Rev. Desmond Wallace - School Board District 14,Desmond Wayde Wallace,≤100
452797224923658,The Democratic Coalition,THE DEMOCRATIC COALITION,≤100
232467307162583,Farm Action,Family Farm Action Inc,≤100
106986341085385,MLE Of The Maury Seldin LLC,MLE Of The Maury Seldin LLC,≤100
142260190351,Comment Magazine,"Cardus, Inc.",≤100
86711894400,National Write Your Congressman,National Write Your Congressman,≤100
100806242836871,Preservation Pause,University of Arizona Indigenous Peoples Law and Policy Program,≤100
472811836234923,Fred Akshar,Akshar For Sheriff,≤100
70795936969,Children International,CHILDREN INTERNATIONAL,≤100
314964416195,American Seniors Association,AMERICAN SENIOR ASSOCIATION,≤100
108684375088100,Kevin Grindlay for Georgia,Kevin Grindlay for Georgia,≤100
124047827634,The Greenlining Institute,THE GREENLINING INSTITUTE,≤100
110322138238412,Back the Blue Line,Front Line Support Inc.,≤100
122207534456852,Ayo and Iken,Ayo and Iken,≤100
249467225254927,The Love > hate Project,LOVE GREATER THAN HATE PROJECT,≤100
896759427103774,Modern Medicaid Alliance,Modern Medicaid Alliance,≤100
109170560820620,Pro-Black Pro-Life,Cherilyn Elaine Holloway,≤100
133753583953215,American History in 90 Minutes - The Common-Sense Guide to U.S. History,American History in 90 Minutes,≤100
103190308020464,The Alex Cuesta Show,Alexander A Cuesta,≤100
230180824062538,Councilman Anand Shah,Anand U Shah,≤100
211901856263434,Conservatives for a Clean Energy Future,Paid for by Conservatives for a Clean Energy Future,≤100
103860008217959,Check CU,Check CU,≤100
115518893453702,BrightAction,Climate Solutions Net,≤100
189044857936094,Americans For Prosperity - Alaska,AMERICANS FOR PROSPERITY,≤100
120939708684,West Virginia Center on Budget and Policy,WEST VIRGINIA CENTER ON BUDGET AND POLICY,≤100
6808755897,Governing,e.Republic,≤100
1370427629741248,Protect Michigan Kids from Abusive Spanking,Thomas William Christopher Johnson,≤100
103926489227719,Hon Abdirisak Sheekhaduun,These ads ran without a disclaimer,≤100
101930385197156,Alianza Center,"Alianza Center, Inc.",≤100
288536308709632,Stand with Grocery Workers,United Food and Commercial Workers International Union,≤100
139835646030666,Alliance for Aviation Across America,Alliance for Aviation Across America,≤100
100713722763577,Love Sunny Isles,Safe Streets Miami,≤100
488740674837681,198 Methods,198 methods,≤100
101745838861028,1819 News,1819 Media,≤100
1420200111329836,Alan C. Moore,Alan Christopher Moore,≤100
100427345058411,Deliver Democracy,DELIVER DEMOCRACY,≤100
139008609443440,Ponytail Lights,These ads ran without a disclaimer,≤100
120945717945722,Uber,Uber,≤100
222990002457055,Elect Larisa Svechin for Mayor of Sunny Isles Beach,Larisa Svechin for Mayor of Sunny Isles Beach,≤100
107726137669311,B3K Prosperity,B3K Prosperity,≤100
110340331742946,Lola M Adeyemo,Pubvendo,≤100
114764543416,Maricopa County Clean Air,Maricopa County Air Quality Department,≤100
164049599660,Catholic Relief Services en español,CATHOLIC RELIEF SERVICES,≤100
44228398202,ONE Community,"ONE Community Media, LLC",≤100
157521957980788,Reimagining the Civic Commons,Reimagining the Civic Commons,≤100
1353722684643583,EPF Media,EPF Media,≤100
993294760683044,Education Reform Now,EDUCATION REFORM NOW ADVOCACY INC,≤100
1570082353262795,YIMBY Action,YIMBY ACTION,≤100
100500465282483,Breaking Battlegrounds,September Group LLC,≤100
105866154938442,Eye Care For Ukraine,We Care For Ukraine dba Eye Care For Ukraine,≤100
385190968159995,Retro Report,These ads ran without a disclaimer,≤100
182586558444730,National Family Farm Coalition,NATIONAL FAMILY FARM COALITION,≤100
825571424125386,Lighthouse For Life,Lighthouse for Life,≤100
237644275109,Voices for Utah Children,Voices for Utah Children,≤100
207833736045744,MHAction.org,Patrick R. McHugh,≤100
102139473197021,Local Motion,"PEDNET COALITION, INC.",≤100
108896007590060,Reclaim Midtown,Russell Eric Biggs,≤100
117507751891,United Poultry Concerns,"UNITED POULTRY CONCERNS, INC",≤100
103929304678916,Voter Action Project,Integrity First Voter Action Project,≤100
83960796709,Institute for Southern Studies,INSTITUTE FOR SOUTHERN STUDIES INC,≤100
59906318232,Nebraskans for Alternatives to the Death Penalty,NEBRASKANS AGAINST DEATH PENALTY,≤100
419172532191894,Beyond Plastics,Beyond Plastics,≤100
105443305606165,Donna Hutchinson For Bella Vista City Council,Donna Hutchinson for City Council,≤100
117214891638398,Street Grace,Street Grace Inc,≤100
1582186255355611,"Community Law Group, PLLC - Abogados de la Comunidad",COMMUNITY LAW GROUP PLLC,≤100
1674259952634958,Kevin Walsh,Kevin Walsh for Kyrene School Board,≤100
108108121456950,Blue States PAC,BLUE STATES PAC,≤100
147806135405797,Rocky Mount State Historic Site,ROCKY MOUNT HISTORICAL ASSOCIATION,≤100
101309012167028,American Indian Community House,These ads ran without a disclaimer,≤100
106636928696502,John Massoud,MASSOUD FOR SENATE,≤100
100741471695626,Lutherans For Racial Justice,Lutherans for Racial Justice,≤100
531368367387817,Point Blank Political,"Point Blank Political, LLC",≤100
109465560444254,Roce Today,I-ROCE LLC,≤100
133012286771509,Alaska Family Action,Alaska Family Action,≤100
1401753023408728,"1199 SEIU in Westchester, Hudson Valley, Capital Region",1199SEIU United Healthcare Workers East,≤100
276076196388914,Coffee & Pan Dulce Show,Coffee & Pan Dulce Show,≤100
102762964438534,Prince Rav Yisrael For Sparta,Anayah Yisrael,≤100
227594571444676,Building New York's Best,Carpenter Contractor Alliance of Metropolitan New York,≤100
37187635660,"The GEO Group, Inc.","The GEO Group, Inc.",≤100
109068551731974,Sillychillly,Marc Alan Goldstein,≤100
459858467436599,ATL All Day,These ads ran without a disclaimer,≤100
544649299014023,Avalara MyLodgeTax,Avalara MyLodgeTax,≤100
100755859429133,Guidehouse Consulting,These ads ran without a disclaimer,≤100
483373685140527,Birthright Israel Foundation,"BIRTHRIGHT ISRAEL FOUNDATION, THE",≤100
99050726344,Phillips Theological Seminary,PHILLIPS THEOLOGICAL SEMINARY,≤100
112078117033545,Suffer the Little Children Podcast,Laine E Hissett,≤100
270826723039149,The Coalition to Protect Americas National Parks,"COALITION OF NATIONAL PARK SERVICE RETIREES, INC.",≤100
101103254533,SOS International,SOS International,≤100
505082913012317,Must Read Alaska,Must Read Alaska LLC,≤100
133913826633461,Grassroot Institute of Hawaii,Grassroot Institute of Hawaii,≤100
123651254408327,Sokolove Law,"Sokolove Law, LLC",≤100
108667352053116,Mattmillerreal,These ads ran without a disclaimer,≤100
104750679005557,Patriots Saving America,USA Features Media LLC,≤100
118635175464489,uPolitics,"Uinterview, Inc.",≤100
243097236198,City of Sioux Falls - Municipal Government,City of Sioux Falls,≤100
111997165050987,The Georgia Independent,American Independent Media,≤100
108575573929323,Voters of Tomorrow,"Voters Of Tomorrow Action, Inc.",≤100
78420171887,Sailors for the Sea,OCEANA INC,≤100
141374766260,Kansas Policy Institute,KANSAS POLICY INSTITUTE,≤100
174009339411865,SmartNews,These ads ran without a disclaimer,≤100
17168992485,Carnegie Hall,Carnegie Hall,≤100
101672329381420,Northeast Wisconsin Patriots,Diane Carol Bast,≤100
97332209201,REDF,REDF,≤100
1448985902033866,Trans Lifeline,Trans Lifeline,≤100
569581706866440,US Savings,These ads ran without a disclaimer,≤100
208107366586160,Broward County Resilience,Broward County Resilient Environment Department,≤100
128595617222254,Arcus Foundation - Great Ape Conservation,ARCUS FOUNDATION,≤100
102864045731061,Islamicoasischi,These ads ran without a disclaimer,≤100
188199457997873,Mass Impact,IMAGE TRINITY,≤100
567126383373960,New York State Animal Protection Federation,New York State Animal Protection Federation,≤100
1443911602577177,James Brown for City Council,Campaign Fund for James Brown,≤100
330641537286442,Virginia Constitutional Conservatives,Virginia Constitutional Conservatives,≤100
45372564473,The Mark Twain House & Museum,MARK TWAIN MEMORIAL,≤100
100899568840963,Learn Arena,These ads ran without a disclaimer,≤100
1406149713044974,Intellectual Judaism,Intellectual Judaism,≤100
107859805329131,Heather Wills for 18th Ward Chicago,Neighbors for Heather Wills,≤100
1422044311357928,Minnesota Young Republicans,Minnesota Young Republicans,≤100
352529216413,Institute for Social Policy and Understanding - ISPU,INSTITUTE FOR SOCIAL POLICY AND UNDERSTANDING (ISPU),≤100
633469933820382,Marina Martinez Seguros,Marina Martinez,≤100
201470373308396,BMO US,BMO Harris Bank,≤100
299816736768175,Waukesha County Democratic Party,Waukesha County Democratic Party,≤100
103210743084765,Resonate,Resonate,≤100
103075656740,St. Johns Housing Partnership,St. Johns Housing Partnership,≤100
103356011667055,Market Values,These ads ran without a disclaimer,≤100
102432685699079,Dr. Sydnee Smirl McElroy for House of Delegates,McElroy for House of Delegates,≤100
416384822549260,A Better Delaware,A Better Delaware,≤100
1010664679060500,Voting Rights Brigade,Voting Rights Brigade,≤100
101934808214473,KushThru,Antoine D Avery,≤100
112364384923739,"McCaskill for Mayor Harvey, IL 60426",Friends of Anthony L McCaskill,≤100
162373073824096,EdSurge,These ads ran without a disclaimer,≤100
114347493304289,Think Kids,"THINK KIDS, INC.",≤100
674182529399211,Gun Owners Radio,Gun Owners Media LLC,≤100
1138048899572104,Ja'Mal Green,Go Green Chicago,≤100
28483858161,Texas Scorecard,ScorecardMedia,≤100
166384506863088,All Above All,All* Above All,≤100
109866101953307,Vota por Warnock,Democratic Party of Georgia,≤100
106887465438852,Modern Economy Project,PRISM STRATEGY INC,≤100
1191336950894416,City of Carlsbad NM Government,Social Media Manager,≤100
78877543601,Milwaukee Jewish Federation,MILWAUKEE JEWISH FEDERATION INC,≤100
192771954102960,Jordan Sekulow,American Center for Law and Justice,≤100
212677670907,American Constitution Society,AMERICAN CONSTITUTION SOCIETY,≤100
110519695636906,Meyerland Area Democrats Club,Meyerland Area Democrats Club,≤100
1883837055193241,Shield Republic,Shield Republic,≤100
119788114703058,Friends of Mark Fisher,Friends of Mark Fisher,≤100
282536788457423,"Center For Family Life and Recovery, Inc.","CENTER FOR FAMILY LIFE AND RECOVERY, INC.",≤100
150744414946191,Texas Coalition for Animal Protection,These ads ran without a disclaimer,≤100
103187325242676,New Freedom Lane County,New Freedom Lane County,≤100
169282116541956,El Nuevo Georgia,New Georgia Media Inc dba El Nuevo Georgia Newspaper,≤100
424929461017295,Martha Stewart & Marley Spoon,These ads ran without a disclaimer,≤100
6476528946,NAACP,National Association for the Advancement of Colored People (NAACP),≤100
229548747155106,Paul Milde,Paul Milde,≤100
105791402802932,Democratic Party of Georgia,GEORGIA FEDERAL ELECTIONS COMMITTEE,≤100
1613516851999536,Sunrise Movement,Sunrise,≤100
381144248486,Arizona Small Business Association,Arizona Small Business Association,≤100
116374041727027,A New Leaf,"A NEW LEAF, INC.",≤100
93973548615,The Family Foundation,The Family Foundation,≤100
251431266783,World Missionary Evangelism,These ads ran without a disclaimer,≤100
141450443014677,Caracal Reports,Caracal Reports Inc,≤100
100787421789614,Charlie Hannah for School Board,The Charlie Hannah Organization,≤100
107485788834971,The Rose Petal Project,The Rose Petal Project,≤100
277763511191,Neighborhood Legal Services,NEIGHBORHOOD LEGAL SERVICE ASSOCIATION,≤100
85494514323,Urban League of Portland,Urban League of Portland,≤100
102262718547519,Crazy Uncle Gil,Gilbert Cuevas,≤100
73970658023,International Rescue Committee,International Rescue Committee,≤100
7361892567,Born Free USA,"BORN FREE USA, UNITED WITH ANIMAL PROTECTION INSTITUTE",≤100
100527858304852,Jonathan Wichmann for Wisconsin,Jonathan Wichmann For Wisconsin Governor,≤100
1842612892619447,Drew Petersen,Protect Our Winters,≤100
110133700706695,2 Queers In A Truck,2 Queers In A Truck,≤100
442553959494293,Center for Climate Integrity,Center for Climate Integrity,≤100
192738164073627,A Better Balance,A BETTER BALANCE,≤100
215540845475754,Apenniesworth,Andrew Adam Theriac,≤100
109688445137725,Ron DeSantis News and Updates,Logan Thomas Corson,≤100
108610275182265,Bir Reading,These ads ran without a disclaimer,≤100
116935897880,Salish Lodge & Spa,These ads ran without a disclaimer,≤100
101204378825808,Fight the Right,FIGHT THE RIGHT PAC,≤100
103322631645007,Mars Hill Responsible Development,Mars Hill Responsible Development,≤100
608051615915339,Blackstorm Ministry,Benjamin Neville Lloyd Francis,≤100
20188298765,ACLU of Maryland,AMERICAN CIVIL LIBERTIES UNION OF MARYLAND INC,≤100
127691390582,PHI,"PARAPROFESSIONAL HEALTHCARE INSTITUTE, INC.",≤100
101136259077493,The Flame USA,The Flame,≤100
349702751902673,Hereditary Angioedema Association - HAEA,HEREDITARY ANGIOEDEMA ASSOCIATION INC.,≤100
109323440966912,Protect Earth from Mars Sample Return,Thomas E Dehel,≤100
161331700649595,Broome Republicans,Broome County Republican Committee,≤100
760966834054315,Democratic Party of Brown County Wisconsin,Democratic Party of Brown County,≤100
105495775564367,President Trump Updates,Logan Thomas Corson,≤100
103672123082599,Democrats of Jefferson County WV,Jefferson County Democrats,≤100
106386158767588,DOPE Quick Reads,DOPE QUICK READS LLC,≤100
38236386996,LSU Press,LSU Press,≤100
69118604016,Carnegie Institution for Science,Carnegie Institution for Science,≤100
103974389650244,Amenders for Federal Spending Control,Mark Albert Meier,≤100
101762312289025,DAN for Seymour,Dan for Seymour,≤100
106568024842114,Rideshare Assault Support,Select Justice LLC,≤100
1713655282191321,Family Justice Resource Center,Family Justice Resource Center,≤100
116020488347,Nevada Conservation League,Nevada Conservation League Education Fund,≤100
101497941620428,MolinaCares,The MolinaCares Accord,≤100
185274441487290,United Way of Southwest Louisiana,"UNITED WAY OF SOUTHWEST LOUISIANA, INC.",≤100
102359709114087,Jeremy Cady,Jeremy Cady,≤100
111600070708637,Alderwoman Monet S. Wilson,Citizens to Elect Monet S. Wilson,≤100
101947878961335,AZ Luminaria,Arizona Luminaria,≤100
67047720896,Extraordinary Women Ministries,"AMERICAN ASSOCIATION OF CHRISTIAN COUNSELORS, INC.",≤100
105990415642100,DeSantis Supporters,Logan Thomas Corson,≤100
100970501612434,Oregon Small Business Association,Oregon Small Business Association PAC,≤100
662962894077729,The Well News,The Well News,≤100
112022491619318,American Apex News,Logan Thomas Corson,≤100
513785465632396,Airline Passengers for Justice,Airline Passengers for Justice,≤100
1813976225323826,Bill Ward - Your Voice in Mayville,Willam James Ward,≤100
1621211201473752,OKTreasure.com,Oklahoma State Treasurer's Office,≤100
371581923612669,Medicare Insurance Agents,Medicare Insurance Agents,≤100
1792966030729641,"Wild Project - Leadership, Organizing, & Action",Wisconsin Leadership Development Project,≤100
108212887514458,Kiri Bio,These ads ran without a disclaimer,≤100
164223783681838,Tax Talk Today,"Tax Talk Today, Inc.",≤100
103433804692809,Law Offices of James S. Hong & Associates,Law Offices of James S. Hong,≤100
105742258322485,Clean Path New York,Clean Path New York LLC,≤100
887139178003592,The Dean Obeidallah Show,The Dean Obeidallah Show,≤100
191371171409,Southern Group of State Foresters,Southern Group of State Foresters,≤100
7292655492,MoveOn,MOVEON.ORG CIVIC ACTION,≤100
113682260532902,Lance's Books,Lance Burnside Hillsinger,≤100
141165705140,Veteran Feminists of America,These ads ran without a disclaimer,≤100
107397558434606,34N22,"34N22, INC.",≤100
197294715523,EmbroideryDesigns.com,These ads ran without a disclaimer,≤100
162044580508252,JX2 and NTRL Team Roping,These ads ran without a disclaimer,≤100
169840807024913,Jobob,The Jobob Show,≤100
110941988489080,sindhubhargavi_reddy,These ads ran without a disclaimer,≤100
1403340303304263,FemFest NC,These ads ran without a disclaimer,≤100
811900825495982,Niskanen Center,The Niskanen Center,≤100
106178071176467,Connect The Future,Connect the Future,≤100
50498162578,Legal Aid Justice Center,Legal Aid Justice Center,≤100
104916968538177,TIS 이주공사,TIS VISA CORPORATION,≤100
100403209247516,HOV Store,These ads ran without a disclaimer,≤100
103526379114991,GOA Victory Fund,GOA Victory Fund,≤100
260713150211,Protect Our Winters,PROTECT OUR WINTERS,≤100
2085198731562101,Coalition to End Money Bond,Illinois Network for Pretrial Justice,≤100
105089989034151,omaruaye_for_senate,These ads ran without a disclaimer,≤100
100734465858062,Kids First Kentucky,Kentucky Association of School Superintendents,≤100
138434734461,CIIS Public Programs,CIIS Public Programs,≤100
104796999552455,Groundswell International,Groundswell International,≤100
110411398584,NRECA,National Rural Electric Cooperative Association,≤100
1374826826104281,Sensibo,These ads ran without a disclaimer,≤100
112525447904828,Pittsburgh Racial Justice Summit,MANDY LORRAINE KIVOWITZ-DELFAVER,≤100
110748051487386,Oregonians for Choice at the Pump,Northwest Grocery Association,≤100
18918509840,Fair Trade Certified,These ads ran without a disclaimer,≤100
105502959483490,Remember in November,Antonina Rosa Gagliano,≤100
104291022275832,Firefly Solar,Firefly Solar,≤100
106345232200030,Marca Ewers-Shurtleff for Bryan City Council District 5,Tina Ann Duncan,≤100
124115965454,Cornerstone Action,Cornerstone Action,≤100
105399815347439,The Virginia Worker,The Virginia Worker,≤100
168997603171090,Voices  for Children Advocacy Center,Voices for Children Advocacy Center,≤100
101239962270235,Bright Future Iowa,Bright Future Iowa,≤100
1616728165212478,Environmental Voter Project,"Environmental Voter Project, Inc.",≤100
311536622860495,SoCal Daily Pulse,SoCal Daily Pulse,≤100
1942520902707477,Care in Action US,"CARE IN ACTION PAC (45 BROADWAY, SUITE 320, NEW YORK, NY 10006) AND NOT AUTHORIZED BY ANY CANDIDATE OR CANDIDATE'S COMMITTEE. CARE IN ACTION PAC IS RESPONSIBLE FOR THE CONTENT OF THIS COMMUNICATION.",≤100
833703819981407,Atlantic Re:think,These ads ran without a disclaimer,≤100
2165441450136848,"Issues with Mail Order Pharmacy, Corporate Retail Pharmacy, & PBMs",Unite For Safe Medications,≤100
103274742643,Centro Romero,Centro Romero,≤100
568103006940639,Law Office of Gary J. Kim,Law Offices of Gary J. Kim,≤100
108471008637861,We Care for WA,SEIU Healthcare 1199NW,≤100
101280379140925,Sunny Isles Conservatives,Safe Streets Miami,≤100
96826022393,Yale Environment 360,These ads ran without a disclaimer,≤100
105458184606384,Students for Justice Internship Program,Center for Common Ground,≤100
401583820566367,Asian American Advocacy Fund,ASIAN AMERICAN ADVOCACY FUND PAC,≤100
1720878078241107,Conservative Move,Conservative Move,≤100
86937680702,Norton,These ads ran without a disclaimer,≤100
273271399500160,John W. Carlin,John William Carlin,≤100
1788530101402591,Rep. John McCravy,McCravy for House,≤100
100153265451536,therapist.com,These ads ran without a disclaimer,≤100
869165529877300,John Mark Windle - State Representative,Friends of John Mark Windle,≤100
146252089505,Chicago Alliance Against Sexual Exploitation,Illinois Network for Pretrial Justice,≤100
105017994401004,The ShanWag Show,Shanedria Wagner,≤100
105811525167723,adventproj,These ads ran without a disclaimer,≤100
862811677109104,We Care For WA Cares,Washingtonians for a Responsible Future,≤100
20904146327,Georgia Public Broadcasting,Georgia Public Telecommunications Commission,≤100
112501706989329,Mountaineer News,These ads ran without a disclaimer,≤100
106786651418592,State Affairs,STATE AFFAIRS LLC,≤100
1706206872929391,Carlyn Obringer,Carlyn Obringer for Concord City Council,≤100
14182731186,Texas Appleseed,TEXAS APPLESEED,≤100
107418177702609,Middle America News,Logan Thomas Corson,≤100
100380268833174,Gagarin News,These ads ran without a disclaimer,≤100
214061167976,El Tiempo Latino,Center for Community Change Action,≤100
1577089705837768,Simply Earth,Simply Earth,≤100
115506229996657,José Leyva Asesor Integral,JLL BUSINESS & ADVANTAGES LLC,≤100
100588181565071,Stephanie Vigil for Colorado House,Committee to Elect Stephanie Vigil,≤100
591566840920364,Citizens Energizing Michigan's Economy,Citizens Energizing Michigan's Economy,≤100
115396346988468,Von Behren City Council,Paul Jay Vonbehren,≤100
105971838145360,quba.qa,These ads ran without a disclaimer,≤100
122742807774775,Municipal Water District of Orange County,Municipal Water District of Orange County,≤100
73877691965,Carnegie Library of Pittsburgh,CARNEGIE  LIBRARY OF PITTSBURGH,≤100
186446996173,Maryland LCV,MARYLAND LEAGUE OF CONSERVATION VOTERS,≤100
106359888857732,Quick Fun Magazine,These ads ran without a disclaimer,≤100
101523901599197,Fair Shot Texas PAC,Fair Shot Texas PAC,≤100
107010494015560,Virginians for Clean Energy,270 Strategies,≤100
312168682119,The Commonwealth Institute For Fiscal Analysis,"COMMONWEALTH INSTITUTE FOR FISCAL ANALYSIS, THE",≤100
100416560012896,Friends of the Everglades,FRIENDS OF THE EVERGLADES INC,≤100
113417134335063,The Radical Independent,Christopher William Jerome,≤100
102931382507143,Hal McMillin for Mayor of Westlake,Hal McMillin Campaign Fund,≤100
96306740657,Out Youth,OUT YOUTH,≤100
109157043854748,Raise Your Hand Texas Advocate - Dallas,Matthew Davis Hall,≤100
108925252480631,Echoes & Reflections,ANTI-DEFAMATION LEAGUE,≤100
638058836837442,Kansas Attorney General,Kansas Attorney General's Office,≤100
181438572390,Sarasota County Democratic Party,Sarasota County Democratic Party,≤100
64468870451,Premiere Speakers Bureau,Premiere Speakers Bureau,≤100
323083351064533,The News Literacy Project,The News Literacy Project,≤100
75993679952,ACLU of Pennsylvania,ACLU of Pennsylvania,≤100
288369791569,SEIU 721,SEIU Local 721,≤100
100364578945162,Hablemos Claro - Noticias Locales,Hablemos Claro - Noticias Locales,≤100
140706995941854,Asian Americans Advancing Justice Atlanta,"ASIAN AMERICANS ADVANCING JUSTICE-ATLANTA, INC.",≤100
101523538141537,Empowering Our Women St.Lucia,These ads ran without a disclaimer,≤100
67198072267,Michigan Capitol Confidential,The Mackinac Center for Public Policy,≤100
111139571590008,The Shift with Georgian and Winnie Banov,Global Celebration,≤100
374460252629435,Links2Success,These ads ran without a disclaimer,≤100
657142061016056,CAMERA on Campus,CAMERA,≤100
113451652001328,Harvest Rock Church,HARVEST ROCK CHURCH,≤100
103864472260650,California Climate Accountability Project,CA Climate Accountability,≤100
110500431600342,The San Francisco Inquirer,The San Francisco Inquirer,≤100
114517875225866,The Other 98%,OTHER 98 PERCENT ACTION,≤100
452691231535190,The Jordanian,These ads ran without a disclaimer,≤100
209516845093,NRDC Action Fund,NRDC Action Fund,≤100
81397783339,Hawaii State Teachers Association,HAWAII STATE TEACHERS ASSOCIATION,≤100
126037931371545,Law Offices of Jonathan K. Park & Associates,Law Offices of Jonathan K. Park & Associates,≤100
105148578683703,Kyle Rittenhouse,AAF Nation,≤100
115625901135975,NJ Doctors for Patient Safety,New Jersey State Society of Anesthesiologists,≤100
107034431979369,United24,These ads ran without a disclaimer,≤100
17364823283,SEIU Healthcare Michigan,SEIU HEALTHCARE,≤100
143845192443481,Celia Israel,Celia for Austin,≤100
103857865055506,Hot Pop Today Daily,These ads ran without a disclaimer,≤100
106138222116,New York Civil Liberties Union,NYCLU,≤100
100165315231945,Save the Beer Economy,Anheuser-Busch,≤100
103530021364583,Carolina Forward,North Carolina Forward,≤100
102396585859137,Tazz Barthel,These ads ran without a disclaimer,≤100
282024622563470,Kevin Smith Mayor,Kevin Smith for Mayor,≤100
504161563089343,BlackPAC,Black PAC,≤100
126052760507,Mama Cash,These ads ran without a disclaimer,≤100
110045348598528,The First and Second Joseph,These ads ran without a disclaimer,≤100
186691125128189,Air Liquide,These ads ran without a disclaimer,≤100
155366291914669,Humane Society International - Africa,These ads ran without a disclaimer,≤100
2233160400049137,CrunchyTales,These ads ran without a disclaimer,≤100
100725611563534,Eastory,These ads ran without a disclaimer,≤100
187554171340576,Discovered Magazine,These ads ran without a disclaimer,≤100
54779960819,United Nations,United Nations with Facebook Ad Credits,≤100
105254645499431,official_duchess1,These ads ran without a disclaimer,≤100
106685059404298,ReelArtPress,These ads ran without a disclaimer,≤100