﻿Page ID,Page name,Disclaimer,Amount spent (EUR)
259982662533931,Продължаваме Промяната,Продължаваме промяната,≤100
174946829211086,ГЕРБ - Благоевград,Коалиция ГЕРБ-СДС,≤100
1716549201986593,Слави Т. Трифонов,ПП Има Такъв Народ,≤100
1832673263678286,Корнелия Нинова,Корнелия Нинова,≤100
178362315106,European Parliament,European Parliament,≤100
106634937559960,Има Такъв Народ,ПП Има Такъв Народ,≤100
321478315276502,Българска Социалдемокрация-Евролевица,Aleksandar Tomov,≤100
336639303182606,ГЕРБ - София,Коалиция ГЕРБ-СДС,≤100
107898832590939,European Commission,European Commission,≤100
168165046713893,МГЕРБ - София,Коалиция ГЕРБ-СДС,≤100
398343726922160,Костадин Костадинов,Възраждане,≤100
193905760625866,Doppelherz Bulgaria,Queisser Pharma Bulgaria,≤100
114230327828648,Обединени за силен Петрич,Обединени за силен Петрич,≤100
101786686180699,Коалиция Заедно,Коалиция Заедно,≤100
112598698012224,Кажи честно с Ани,Anelia Duleva,≤100
1679461339043861,Възраждане,Възраждане,≤100
170315589442,Gospodari,Gospodari,≤100
110632484871987,В търсене на истината,В търсене на истината,≤100
103043611080627,Владимир Маринов / Vladimir Marinov,Владимир Маринов / Vladimir Marinov,≤100
103701342084781,Николай Нанков,Николай Нанков,≤100
2779309075418363,ГЕРБ - Варна,Коалиция ГЕРБ-СДС,≤100
195547920622446,ГЕРБ - Русе,Коалиция ГЕРБ-СДС,≤100
101004989217302,Благомир Коцев,Blagomir Kotsev,≤100
2169116143357997,Постоянна ромска конференция,Roma Standing Conference,≤100
101606392738438,Истината Днес,Истината Днес,≤100
565497246807650,ГЕРБ - Бургас,Коалиция ГЕРБ-СДС,≤100
102639823136950,ГЕРБ - Пловдив,Коалиция ГЕРБ-СДС,≤100
1848253305454498,Явор Божанков,Явор Божанков,≤100
572486973244463,ГЕРБ - София област,Коалиция ГЕРБ-СДС,≤100
274783042565155,Уча.се,Уча.се,≤100
195938627212812,Грийнпийс България,Greenpeace Bulgaria,≤100
102451422232213,Маноил Манев,Коалиция ГЕРБ-СДС,≤100
229586070497595,ГЕРБ - Стара Загора,Коалиция ГЕРБ-СДС,≤100
569147729770766,Демократична България -  Дупница,Nikolay Tabakov,≤100
103043611080627,Владимир Маринов / Vladimir Marinov,Vladimir Marinov,≤100
624504488055570,Тома Биков,Коалиция ГЕРБ-СДС,≤100
527351247377965,European Committee of the Regions,European Committee of the Regions,≤100
879946662058927,ГЕРБ - Търговище,ПП ГЕРБ,≤100
441560425921645,"Проф. д-р Костадин Ангелов, дм",Коалиция ГЕРБ-СДС,≤100
213386875678475,ГЕРБ - Смолян,Коалиция ГЕРБ-СДС,≤100
218461415015757,ГЕРБ - Ловеч,Коалиция ГЕРБ-СДС,≤100
631020226923156,ГЕРБ - Хасково,Коалиция ГЕРБ-СДС,≤100
108516671445728,Любен Иванов,ДЕМОКРАТИ ЗА СИЛНА БЪЛГАРИЯ,≤100
107451585959113,Български законник,Български законник,≤100
2175132019401468,ГЕРБ - Плевен,Коалиция ГЕРБ-СДС,≤100
1486682081577647,ГЕРБ - Велико Търново,Коалиция ГЕРБ-СДС,≤100
100502688162733,За Бога и Човека,Димитър Савов,≤100
461814507324842,ГЕРБ - Перник,Коалиция ГЕРБ-СДС,≤100
1260394000692583,ГЕРБ - Ямбол,Коалиция ГЕРБ-СДС,≤100
451847921546203,Coca-Cola HBC Careers,Stefani Ilieva,≤100
268313163283362,ГЕРБ - Добрич,Коалиция ГЕРБ-СДС,≤100
409484042460989,ГЕРБ - Пловдив област,Коалиция ГЕРБ-СДС,≤100
104363788192208,ГЕРБ - Монтана,Коалиция ГЕРБ-СДС,≤100
100937691863391,ГЕРБ - Габрово,Коалиция ГЕРБ-СДС,≤100
255481947815005,ГЕРБ - Враца,Коалиция ГЕРБ-СДС,≤100
1456221634613364,ГЕРБ - Пазарджик,Коалиция ГЕРБ-СДС,≤100
686195611462532,ГЕРБ - Кърджали,Коалиция ГЕРБ-СДС,≤100
103439391741697,Обединени Християндемократи,Димитър Савов,≤100
639420676160607,ГЕРБ - Силистра,Коалиция ГЕРБ-СДС,≤100
544860025671476,ГЕРБ - Разград,Коалиция ГЕРБ-СДС,≤100
470560413107657,ГЕРБ - Шумен,Коалиция ГЕРБ-СДС,≤100
110230707522435,ГЕРБ - Видин,Коалиция ГЕРБ-СДС,≤100
1456643971252496,ГЕРБ - Сливен,Коалиция ГЕРБ-СДС,≤100
108388415032539,Министерство на иновациите и растежа,Министерство на иновациите и растежа,≤100
118479519994430,"Гражданско сдружение ""Демокрация и законност""",СНЦ “Демокрация и Законност”,≤100
239398666862456,Място България,Място България - BG Бъди активен,≤100
105717938256405,БСП Пловдив,БСП Пловдив,≤100
105443290973366,Булевард България,Булевард България,≤100
163350039852,Европейски парламент в България,Европейски парламент в България,≤100
100113979589573,Програма Генерация,ГЕНЕРАЦИЯ програма,≤100
101067484628574,Cash Media,Cash Media,≤100
284609378287194,НПО портал,НПО Портал,≤100
110524007015828,Димитър Вучев,Коалиция ГЕРБ-СДС,≤100
195845357147061,Аз Гласувам,Аз Гласувам,≤100
86892662264,Ютилитис (Utilities),Atanas Georgiev,≤100
322229356712,ЕКОПАК България АД,ЕКОПАК България АД,≤100
232638410766880,Дойчин Ников,Doychin Nikov,≤100
104296628174169,Димитър за България Православна Свята,Димитър Савов,≤100
1458646187743756,Йордан Йорданов,Yordan Yordanov,≤100
196869257582,Еко Новини,Еко Новини,≤100
1838183843072359,"Area 05, District 30, Zonta International",Bistra Ilieva,≤100
444930982267001,Цвета Кирилова,Tsveta Kirilova,≤100
106101801856649,Васил Тодев / Vasil Todev,Зелено движение,≤100
107340315606606,Деница Сачева / Denitsa Sacheva,Коалиция ГЕРБ-СДС,≤100
339751459548178,Bulgarian Platform for International Development,Българска платформа за международно развитие,≤100
106477301502313,Йордан Кръстанов - кандидат на СДС Пловдив - област,Chavdar Marev,≤100
102813838855334,Продължаваме Промяната - Велинград,Иван Петров,≤100
1544953965731921,Цветан Гайд,Георги Георгиев,≤100
105914987965667,Легенди / Legends,Веселин Вълчев,≤100
1160198847470825,BESCO - The Bulgarian Startup Association,BESCO,≤100
651747871952382,Кристиян Шкварек,Krystian Szkwarek,≤100
151920014003,Овергаз,Овергаз,≤100
19746387261,Humane Society International,These ads ran without a disclaimer,≤100
101727068829380,Контекст Европа,These ads ran without a disclaimer,≤100
468697149869823,Diageo Bar Academy,These ads ran without a disclaimer,≤100
100787419515516,Пилон РОЖЕН,These ads ran without a disclaimer,≤100