﻿Page ID,Page name,Disclaimer,Amount spent (EUR)
291934661006674,HSE Ireland,HSE Ireland,≤100
260630414430823,Department of Social Protection,Department of Social Protection,≤100
174058850034538,"Department of the Environment, Climate and Communications","Department of the Environment, Climate and Communications",≤100
222629035132,Fianna Fáil,Fianna Fáil,≤100
148726998530273,Sinn Féin Ireland,Sinn Féin,≤100
6891149895,Concern Worldwide,Concern Worldwide,≤100
439786533246186,Irish Human Rights & Equality Commission,"All Human, All Equal",≤100
253456724751421,Bank of Ireland,Bank of Ireland,≤100
158961023733,Amnesty International-Ireland,Amnesty International-Ireland,≤100
156701534946054,My Waste Ireland,My Waste Ireland,≤100
88243924389,Depaul Ireland. Ending Homelessness.,Depaul Ireland,≤100
1486666311655495,Chris MacManus MEP,Chris Macmanus,≤100
1772885396319952,ESB Careers,ESB Careers,≤100
995539950504041,Go Vegan World,Go Vegan World,≤100
142564695770293,VSO Ireland,VSO Ireland,≤100
264172043210,Fine Gael,Fine Gael,≤100
122938653695,Wind Energy Ireland,Wind Energy Ireland,≤100
587504668428229,Albert D Byrne,Albert David Byrne,≤100
158325247540273,Life Institute,Life Institute,≤100
344422890306,SpunOut.ie,SpunOut.ie,≤100
161221517234532,National Animal Rights Association,Laura Broxson,≤100
112519427263066,Cork County Council Environment Department,Cork County Council Environmental Awareness Office,≤100
907926932552673,Donegal Sinn Féin,Dáire Ó Néill,≤100
133688260046579,Jimi Cullen Music,Jimi Cullen Music,≤100
165050580250025,Development Perspectives,Development Perspectives,≤100
100857334937,World Vision Ireland,World Vision Ireland,≤100
159323080797772,Ireland Palestine Solidarity Campaign (IPSC),Ireland Palestine Solidarity Campaign (IPSC),≤100
224615650378,Pro Life Campaign Ireland,Pro Life Campaign Ireland,≤100
137859686237383,Family & Life,Family & Life,≤100
112289898015469,Fair Seas,Fair Seas,≤100
178362315106,European Parliament,European Parliament,≤100
159618437424819,Elave Skincare,These ads ran without a disclaimer,≤100
1087491177963859,EU vs Disinformation,These ads ran without a disclaimer,≤100
108625789179165,Soi Dog Foundation,These ads ran without a disclaimer,≤100