﻿Page ID,Page name,Disclaimer,Amount spent (INR)
304421537040442,SDF News,Vivek Chamling,218
112484411646368,Shell On The Road,These ads ran without a disclaimer,≤100
21169267101,Give,Give,≤100
108978782195322,Anti Diabetic Ha An Duong,These ads ran without a disclaimer,≤100
243524299157863,Pushkar Singh Dhami,Pushkar Singh Dhami,≤100
479998865355592,Aditya Birla Group,Aditya Birla Group,≤100
100196004828444,North Eastern Council,Sourabh Arvind Dubey,≤100
270666596375251,Jhatkaa.org,Jhatkaa.org,≤100
108752647711446,Se Ma Velusamy - செ.ம.வேலுசாமி,V Mohana Maniganda Babu,≤100
103782051383159,School of Politics,School of Politics,≤100
411129449009589,K.C. Venugopal,K.C. Venugopal,≤100
797927846899300,Flag Foundation of India,Flag Foundation of India,≤100
107395897271506,Kutumb,Swatantra Verma,≤100
404746486258732,Project Nanhi Kali,Project Nanhi Kali,≤100
104736419210593,PACE INDIA,PACE INDIA,≤100
333426070147135,Benny Kuriakose Associates,Benny Kuriakose Associates,≤100
174283119250672,Bal Raksha Bharat,Bal Raksha Bharat,≤100
109545244848137,Crafto,Kutumb App,≤100
290805814352519,Aam Aadmi Party,Aam Aadmi Party,≤100
118227367824577,Garuda Aerospace Pvt Ltd,Garuda Aerospace Pvt Ltd,≤100
107760062318468,E-Mudra Loan,Ajay Tiwari,≤100
168545223213479,Omprakash Hudla,Pankaj Sharma,≤100
103040206040226,Dr. B S Ajaikumar's Thought Leadership,Dr. B S Ajaikumar's Thought Leadership,≤100
153192418171615,जनेऊँ क्रांति Janeu Kranti,Chandra Mohan,≤100
102218576103904,Badlaav ki Aandhi Priyanka Gandhi,Badlaav Ki Aandhi Priyanka Gandhi,≤100
123405501008524,Mercedes-Benz India,Mercedes-Benz India,≤100
466835200043903,उमेद अभियान - Maharashtra State Rural Livelihoods Mission,MASRLM,≤100
106400382314315,The Elite Explorers,These ads ran without a disclaimer,≤100
132689140088396,smilefoundation,smilefoundation,≤100
100549119644561,Jo Ram Ko Laye Hain Hum Unko Layenge 2024,Jo Ram Ko Laye Hain Hum Unko Layenge 2024,≤100
1706371292942156,"Ministry of Development of North Eastern Region, Government of India","Ministry of Development of North Eastern Region, Government of India",≤100
108923765470906,Bharat Jagruthi - भारत जागृति,Bharat Jagruthi - भारत जागृति,≤100
104516512296314,Kartikeya Sharma,Kartikeya Sharma,≤100
112314771829803,NorthEast Global Investors Summit,Sourabh Arvind Dubey,≤100
104028005324777,Kunwar Pradyuman Singh Lodhi,Aman Dubey,≤100
115672001487908,The Green Pillar,Stuti Singh,≤100
140930379388330,Kishan Reddy Gangapuram,Kishan Reddy Gangapuram,≤100
1327351450720146,Pradhan Mantri Bhartiya Janaushadhi Pariyojana,Pharmaceuticals & Medical Devices Bureau of India,≤100
253882521658554,Dr Somya Gurjar,Rajesh Goutam,≤100
746568209028564,Dr. Basu Eye Hospital,Dr. Basu Eye Hospital,≤100
1954072204870360,NEWJ,Anant Bhardwaj,≤100
640369399392914,Baijayant 'Jay' Panda,Baijayant Panda,≤100
100328978216424,"Fight Pollution, Not Plastics",Nitesh Singh,≤100
685881558130468,Kamal Nath,Kamal Nath,≤100
100878375837253,Happiesthealth,These ads ran without a disclaimer,≤100
285029500623,CARE India,CARE India,≤100
105694514269834,North Eastern Region Community Resource Management Society,Shrinivas Ravichandran Nadar,≤100
897056127025640,InKhabar,InKhabar,≤100
107334185444129,Charitism Global,Charitism Global,≤100
138927162813391,Dailyhunt,Verse Innovation Pvt. Ltd.,≤100
537021156329658,Sukhbir Singh Jaunapuria,Pankaj Sharma,≤100
102123079337554,International Society for Krishna Consciousness,ISKCON Delhi,≤100
10150110302115599,Genesis Foundation,Genesis Foundation,≤100
285403455681355,Railway Children India,Railway Children India,≤100
347337386104390,Rama Chandra Yadav,B Ramachandra,≤100
528307847248802,Indian National Congress -  Madhya Pradesh,Abhay Tiwari,≤100
2082424261866450,Vii Media,Bhalinder Singh,≤100
1571167366231304,Ramakant Bhargava,Saket Bhargava,≤100
675268652538693,Dr Dhan Singh Rawat,Dr Dhan Singh Rawat,≤100
145703105530196,Brahmachari Chaitanyanand Ji,Prashant Gupta,≤100
100735178208398,Udyami India,Samadhan Samiti,≤100
150106531736299,BJP West Bengal,Bharatiya Janata Party (BJP),≤100
165714096933078,Piyush Goyal,Piyush Goyal,≤100
189271178483352,Five Lotus Indo German,Five Lotus Indo German,≤100
109253634221142,Dr Abhishek Kumar Ramadhin,Abhishek Kumar Ramadhin,≤100
111104803904992,The Daily Guardian,The Daily Guardian,≤100
100105502371364,Arpan Public School,These ads ran without a disclaimer,≤100
1932900346831325,Rajesh D Sanghvi,Rajesh Dineshchandra Sanghvi,≤100
696055677109053,Neeraj Kundan,Deepak Khatri,≤100
841171029605948,India News,India News,≤100
115576021532129,,Mohit Johari,≤100
367693910079524,Mohit Jaswant Yadav Page,Mohit Yadav,≤100
100931053003731,Hanur Nagaraju,These ads ran without a disclaimer,≤100
524665794408050,CASA,Arushi Narchal,≤100
116383754696955,Antardhwani - The Inner Voice,Antardhwani,≤100
1652675041670519,Troopel,Atul Malikram,≤100
241940555912671,Chandigarh University,Chandigarh University,≤100
100579492974806,Garibo Ke Modi,Garibo Ke Modi,≤100
102288061192895,Youth Transformers,Youth Transformers,≤100
108500111075991,Mizoram Pradesh Congress Committee,Lallianchhunga,≤100
118463464573027,pencil packing job work from home,These ads ran without a disclaimer,≤100
282198256011533,PM Narendra Swamy,PM Narendra Swamy,≤100
186199704897466,RD Foundation,RD Foundation,≤100
108482478848453,अब की बार किसान सरकार,अब की बार किसान सरकार,≤100
103784118675658,Education For All,Krishna Kumar Sinha,≤100
108080618745590,,These ads ran without a disclaimer,≤100
102258715160712,Hemant K Bhartiya -Chandi Chowk Loksbha,Hemant Kumar,≤100
743418359142684,Bajrangi Prasad Yadav,Bajrangi Prasad Yadav,≤100
698096280212576,Bhatti Vikramarka Mallu,Bhatti Vikramarka Mallu,≤100
529298577561300,Naveen Dagar BJP,Naveen Dagar BJP,≤100
121924297508141,Impact Guru Foundation India,Impact Guru Foundation India,≤100
104525071773121,Climato Reformers,Shaurya Shreeansh Bakshi,≤100
108903808756780,Team Mukesh Sharma,Rupali Sharma,≤100
102785749762041,Parshottam Rupala,Piyush Mantri,≤100
213947398791863,Dhananjai Singh Khimsar,Dhananjai Singh,≤100
271711770069401,सुरेश धाकड़ राठखेड़ा,Gajendra Verma,≤100
327435757385465,Jaisingh Agrawal,Jaisingh Agrawal,≤100
104071715577392,SK International Sainik School Retharedharan - Sangli,Sanket Vinodkumar Surana,≤100
375141272567406,Ravindra Chavan,Ravindra Chavan,≤100
101189481412295,BELSA HERBALS,Sagar Vijay Ghatole,≤100
102715296085726,Neta Ji,Deepak Mehla,≤100
806181806121459,Harshvardhan NandKumar Singh Chouhan,Ishan Mishra,≤100
101613628900010,Smartway Wellness Pvt. Ltd.,Bhoomi Harendra Mistry,≤100
113649153374836,Sudhir Singla BJP,Sudhir Kumar Singla,≤100
102976016109737,AP With Lokesh,Politics for Impact,≤100
250007248502240,Golu Shukla,Modi For PM Organization,≤100
33497111948,Child Rights and You,Child Rights and You,≤100
571648656189925,IIT Madras,These ads ran without a disclaimer,≤100
110861872278207,Asianet Suvarna News,Asianet Suvarna News,≤100
108935364979003,Ragidi Laxma Reddy,Laxmareddy Ragidi,≤100
105327789228958,E-Mudra Capital,Manoj Kumar Singh,≤100
1613686538669654,Ashok Singhal Foundation,Digital Xplode,≤100
205278732829897,Prem Prakash Pandey,TheVOLOPV,≤100
132852616780722,Reliance Nippon Life Insurance,These ads ran without a disclaimer,≤100
747930775373319,Saral Patel,Saral Patel,≤100
449378495112356,Swades Foundation,Swades Foundation,≤100
115175213261020,Partner With Indigenous Producers,Partner With Indigenous Producers,≤100
1008679835869143,Satish Chandra Dubey,Satish Chandra Dubey,≤100
918414611597115,Amar Prasad Reddy,Venkata Satish Chandu,≤100
231512217793516,Ashok Goel Mangaliwala,Ashok Kumar Goel,≤100
558095644313561,Manish Rawat,Manish Rawat,≤100
421962034490470,Dhananjay Mahadik MP Kolhapur,Ashwamedha Media,≤100
105596701293129,Ayodhya Development Authority,Sandeep Kumar Sharma,≤100
106263322188063,Pandit Shiv Guru Unhel,Arjun Sharma,≤100
102897188475391,Dr. Bhaben Choudhury,Rohit Githala,≤100
660476430787331,Gaurav Pandhi,Gaurav Pandhi,≤100
106650475483675,The Borderlens,The Borderlens,≤100
263560423714979,Dr. Mahesh Sharma,Subham Singh,≤100
994578073995343,B. L. Verma,Sourabh Arvind Dubey,≤100
104590325539529,Adv Harita Mehta Fan Club,Sandeep Kumar Rana,≤100
328153847848599,Dr. Sarvan Baghel,Ankit Tiwari,≤100
367203836657399,Rajendra Singh Surpura,Prakash Jaiswal,≤100
102573082840274,,Aditya Nath Jha,≤100
112616918414075,abhaykumarvishwakrma4,These ads ran without a disclaimer,≤100
1360805680600676,Sandeep Kshirsagar,Yogesh Padmakarrao Pawar,≤100
104122195260035,Bharti Tarun Kaushik Bhaiya Ji,Tarun Kumar Kaushik,≤100
1706371292942156,"Ministry of Development of North Eastern Region, Government of India",Arshad Ali,≤100
475898282465005,Dr K Laxman,Vijay Kumar Tapadia,≤100
1675237799375590,Chandra Mohan Patowary,Jitendra Newatia,≤100
545875115498387,Anexas Consultancy,These ads ran without a disclaimer,≤100
162115051234970,Dharmendra Singh Lodhi mla,Dharmendra Singh Lodhi,≤100
216506801885954,Pankaj Chaudhary,Yash Bagh,≤100
533228953699664,Nisheet Choudhary -Bablu,digimadez,≤100
101571686227986,Fans of ਦੀਪ ਸਿੱਧੂ - Deep Sidhu,Real Social,≤100
834432743328746,Prakash Dwivedi,Prakash Chandra Dwivedi,≤100
104633612411419,Dr Samir Kagalkar,Dr Samir Kagalkar,≤100
647244058952240,Jaypal Singh Chawda,Jaypal Singh Chawda,≤100
100764935994274,Mukesh Sharma,Rupali Sharma,≤100
1893540457545685,Virendra Singh Tomar,Virendra Singh Tomar,≤100
116899511008671,Mahendra Gitala,Mahendra Gitala,≤100
426881010719758,Soumik Hossain,Angur Shaikh,≤100
1574300169512865,Bhoop Singh Poonia,Bhoop Singh Poonia,≤100
1397767487148044,Jaidatta Kshirsagar,Jaydatta Sonajirao Kshirsagar,≤100
123204638367845,Dr.Saurabh Rathore Hanumangarh,Saurabh Singh,≤100
201156146959026,Mohinder Bhagat,Mohinder Paul,≤100
102447714973094,Yusuf Salahuddin,Yusuf Salahuddin,≤100
195167817324812,Pawan Khera,Pawan Khera,≤100
1644165492504830,Anekal Ramoji Gowda,Ramoji Gowda,≤100
350880081913337,Sahdev Salaria,Rajesh Jaswal,≤100
679159028834779,ममता मीना,Mamta Meena,≤100
1919704441684688,Rakesh Sachan,Manvendra Sachan,≤100
511725522329475,Sampurna Samachar Seva,Sampurna Samachar Seva,≤100
101854318835394,Abdur Razzak,Injamul Hoque,≤100
1955301821451552,Abhishek Dutta,Abhishek Dutta,≤100
648392601873373,Ashok Chandna,Mukesh Kumar Yadav,≤100
144288257791875,धीरेन्द्र प्रताप सिंह 'धीरू',Arvind Kumar Vishwakarma,≤100
106163284605046,Sanjay Singh,Sanjay Singh,≤100
101387005126071,Student Edge : Innovative Children's Newspaper,These ads ran without a disclaimer,≤100
1612012092202484,Bharat patwari,Bharat patwari,≤100
685080418508716,Mohd.AsifZaki,Mohd.AsifZaki,≤100
110194685265228,Praveen Jha,Praveen Jha,≤100
109074230801626,Er Hansraj Baloti,Anshul Kumar Gupta,≤100
101140398468343,Gajendra Jadhav - गजेंद्र जाधव,Gajendra Rajendra Jadhav,≤100
100935642733964,Hindi Khabar Digital,The Narrative Builders,≤100
108006512204175,Rahul Yadav,Rahul Yadav,≤100
256050398281355,MD Chopdar,WEBTIX,≤100
112061804808512,Bihar State Sports Authority - BSSA,Ajit Kumar,≤100
103767744732591,Mindcoach Swati,These ads ran without a disclaimer,≤100
110132160741768,Polstrat,Polstrat Communication,≤100
995582213894808,Kothapalli Geetha,Venkata Satish Chandu,≤100
104932221042125,Office - Indra Choudhary,Office - Indra Choudhary,≤100
111022707724735,MAMABHANJA9694,These ads ran without a disclaimer,≤100
550287678727831,Bharath Reddy Ravula,Bharath Kumar Ravula,≤100
101964264562944,Sanjay Singh Gangwar,Sanjay Singh Gangwar,≤100
291531884297397,Dushyant Singh Tomar BJP,Dushyant Singh Tomar BJP,≤100
2497824053580486,Sunita Battan,Sunita Battan,≤100
108482478848453,अब की बार किसान सरकार,Mavuluri Rajesh,≤100
426895610773497,The Logical Indian,Ankur Kumar,≤100
106537674450366,Ajay Singh 'Tunnu' - अजय सिंह 'टुन्नू',Harsh Ajay,≤100
1088373891289696,Kamal yadav,Akash Singh,≤100
150727778825020,Mobius Foundation,Mobius Foundation,≤100
1176347162398086,Guru Nanak Naam Leva,Guru Nanak Naam Leva,≤100
116476584663869,Sirikonda Madhusudanachary,Sirikonda Madhusudanachary,≤100
102325429272140,AITC Debasish Mukherjee,Arpan Saha,≤100
109027442133819,Dr. Sanjay Singh,Naveen Singhal,≤100
2238940452991193,Santosh Pandey,Kunal Jitendra Ajmera,≤100
157378813085018,Rajesh Shukla,Vivek Kumar Singh,≤100
236364486833201,Bjp help center india,Rajat Kumar Prjapti,≤100
231167140371342,Kanhaiya Lal Choudhary,Raghunandan Sharma,≤100
108015368279979,Solh Wellness,Solh Wellness,≤100
647353902009584,Dr. Nilam Yadav,Nilam Yadav,≤100
109546308136398,Sankar Dutta - শংকর দত্ত,Bholanath Dey,≤100
1701369040086950,ANIL JAIN MLA,Arjun Sharma,≤100
269761569864265,Rao Padma,Kushal Reddy Rao,≤100
1661980207382407,Princess Pat Akpabio,These ads ran without a disclaimer,≤100
338119813349681,Parentune Hindi,These ads ran without a disclaimer,≤100
290322331649534,Dr Tushar Rathod - तुषार राठोड,Rajratan Baburao Gore,≤100
113367904125545,Sayan das,Sayan Das,≤100
100473756790047,Dungar Ram Gedar,Dungar Ram Gedar,≤100
114846331600500,Natraj company pen pencil home job salary 30000 advance 15000,These ads ran without a disclaimer,≤100
107451772250920,Nandan Kumar,Pandev Balodi,≤100
542010592633135,Dr Mangal Yadav,Dr Mangal Yadav,≤100
102497059315779,VVIP News,Punita Tyagi,≤100
1785302198354679,Dr. Somendra Tomar,Somendra Singh,≤100
102010991748513,Ashish Patel,Ashish Natwarlal Patel,≤100
105352618893717,Shankar yadav,Shankar yadav,≤100
104908641373434,Anukriti Gusain Rawat,Anukriti Gusain,≤100
1990248287670848,Shashank Mani शशांक मणि,Shashank Mani,≤100
132859090587882,Surajit Datta,Surajit Datta,≤100
1802523420012948,Pratap Singh Khachariyawas,Anirudh Sharma,≤100
1731493857081536,Dr. Kuldeep Bhandari,Dr. Kuldeep Bhandari,≤100
112132937023603,Nandlal Chauhan,Nandlal Chauhan,≤100
1882679961782904,Anushesh Sharma,Anushesh Sharma,≤100
113519568270032,Anand Prakash Miri,Pandev Balodi,≤100
184848438961199,Surya Singh,Surya Singh,≤100
114283891662929,,These ads ran without a disclaimer,≤100
1704806346480363,Kuch Kahoon khabrien,Lalit Sharma,≤100
301482743520742,Aseem Gupta,Rani Devi,≤100
1678177965761136,ANKUR POPLY BJP,Ankur,≤100
151567962213919,Deepak Gupta,Deepak Gupta,≤100
110847490543428,Vipul Kumar Salwan,Vipul Kumar Salwan,≤100
107153958711155,South First,south Fist,≤100
646254808827102,SunShell Power,These ads ran without a disclaimer,≤100
100236283005200,Perika Suresh,Vijay Kumar Tapadia,≤100
380886545745747,Narayan Meena,Punit Agarwal,≤100
107344272047377,Sanjeet vishwakarma,Pandev Balodi,≤100
385658441549334,Deepak Bhati Chotiwala,Dipak Bhati,≤100
110041803678379,Kabir Shankar Bose,Kabir Shankar Bose,≤100
177278814067350,IDream R Murthy MLA,Manoj Kumar,≤100
612629662420991,Ankit Sharma,Sunil Kumar Prajapat,≤100
113715530539259,Prajatantra News,Ravi Pratap Singh,≤100
177924969696841,Rajendra Tiwari,Shivam Dubey,≤100
119050504504279,जितेंद्र पटेल Jitendra Patel,Jeetendra Patel,≤100
552159824873262,Kethireddy M.L.A,Venkata Krishna Reddy Kethireddy,≤100
236500783397189,Kamlesh Paswan,Kamlesh Paswan,≤100
1651727365046605,Pukh Raj Parashar,Pukh Raj Parashar,≤100
647578265426509,Gurdev Sharma Debi,Gurdev Sharma Debi,≤100
1039557042789139,BJP Dadra & Nagar Haveli,Ashish Natwarlal Patel,≤100
100948094985536,Humaid Shakeel,Sunil Kumar Prajapat,≤100
317042561720861,Sunil Deodhar,Dharmendrasing Narendrasing Rajput,≤100
2238647176463048,Dr.Vijender Singh,Anshul Kumar Gupta,≤100
219514401576120,SG Suryah,SG Suryah,≤100
678876002499539,Mohd Shamim Khan,Shamim Khan,≤100
835481029818511,Rahul Tiwari,Shivam Dubey,≤100
2118803388399006,Click2Public,Click2Public Technologies OPC Pvt. Ltd.,≤100
1003634343005791,Aanand Shukla - आनन्द शुक्ला,Arun Pratap Singh,≤100
103719669313108,Rajkumari Gurjar,Pankaj Sharma,≤100
292954404384524,Gajendra Singh Patel,Gajendra Singh Patel,≤100
408032679785089,Ravinder Dabas Rocky,Ravinder Kumar,≤100
154161255255794,Gyaneshwar Patil,Rajnarayan Gurjar,≤100
109034074092751,Rakesh dayma alote,Rakesh dayma alote,≤100
1742889082665547,BJP Mizoram,Bharatiya Janata Party,≤100
174948422918011,Harshvardhan Shaktawat,Harshvardhan Shaktawat,≤100
107148595058269,Adv Harita Mehta,Sandeep Kumar Rana,≤100
264390293982577,Punaram Seervi BJP,Punaram Seervi BJP,≤100
104395434284012,Beerappa Bezadi BJP,Beerappa Bezadi,≤100
150862441991219,Amit Shivhare,Amit Shivhare,≤100
1819997541592243,Imran Qureshi,Imran Qureshi,≤100
101934341160333,प्रमोद नाना भानगिरे - Pramod Nana Bhangire,Clearby Services,≤100
437736246329765,Anand Sagar,Daksh Dhankhar,≤100
109735351891742,Apex India service,Ajay Tiwari,≤100
632518450236186,Sudarshan Bhagat,Sudarshan Bhagat,≤100
100423322637137,Kawasi lakhma,Dhaval Kumar Jain,≤100
2136992293229170,Ganesh Rebari,Ganesh Rebari,≤100
110293617376832,Ramratan Payal,Suraj Kaul,≤100
112176441376431,Jagroop Singh Randhawa,These ads ran without a disclaimer,≤100
103858322283790,रविंद्र चव्हाण For BJP महाराष्ट्र,Bhajahari Pandit,≤100
108923765470906,Bharat Jagruthi - भारत जागृति,Mavuluri Rajesh,≤100
175720976444661,PRO India,PRO India,≤100
101817042688378,M.P. Nagarajan,Pattan Nagarajan,≤100
1692446997478851,Divy Trivedi,Vikas Acharya,≤100
105522892460788,सच्चे हैं सत्यनारायण- Sache Hai Satyanarayan,Amit Kumar Singh,≤100
294529347608828,Rishikesh Upadhyay,Rishikesh Upadhyay,≤100
543596058995303,"Dr. Param Navdeep Singh Doctor, Social Activist, Politician","Dr. Param Navdeep Singh Doctor, Social Activist, Politician",≤100
152596918263474,Desh Bhagat University,These ads ran without a disclaimer,≤100
685707864866321,Lion Dr D.மோசஸ் ஜோஷ்வா,Mosses,≤100
113332697083135,The Hint Today,Priyanka Saha,≤100
825870624112435,Ramesh Chandra Ratn,Arun Sharma,≤100
325602694251353,Rajeev Rai,Rajeev Kumar Rai,≤100
577856385582447,Raghu Sharma,Sunil Maan,≤100
113484060843656,The Unmute,The Unmute,≤100
113358511675853,Tarlochan Singh,Book My Promo,≤100
391737747598762,Raja Pathak - B.J.P,Akash Singh,≤100
427428084040490,Rajkumar Saini Bishangarh,fs findscope consultancy,≤100
389557067910726,Arvind Menon,Arvind Menon,≤100
111276250676310,Pradeep Rai,Vivek Kumar Singh,≤100
108497578583588,Janpeace Live,Trishanu Kaushik,≤100
470458233479120,Aparajita Sarangi,Reach Digitally,≤100
2300402240284352,Sadhvi Prachi,Amar Khandelwal,≤100
1325597657464869,VAISHNAV INFRATECH,Sukhneet Singh,≤100
1463405053879604,Baldev Alawalpur,Anju  Chaudhary,≤100
565714670143123,Ashok Saini,Engitech Media,≤100
105431335652801,,Dr. Shailendra Kumar Jharia,≤100
102553062783456,Mowglis Land Pre School,Suraj Kaul,≤100
123826567368835,,Raghuveer Meena,≤100
103544656778013,Dr Akhilesh Prasad Singh,Akhiles Prasad Singh,≤100
2025252410936193,Shivaendra Pratap Singh,Shivendra Singh,≤100
1505330276415965,Ajay Porwal,ANUBHAV JAIN1,≤100
316066412277473,Satish Sharma,Satish Sharma,≤100
1186503331379587,Kandikanti Ashok Goud,Puneet Kumar Goud Kandi Kanti,≤100
1802087953245529,Pavan Singh Rajput,Prakhar Kashyap Singh,≤100
102323545504609,Rama Devi Chopra,Rama Devi Chopra,≤100
762783950782939,Vipul Sharma Noida BJP,Arun Sharma,≤100
765119473671678,Gagandeep Singh Sunny Kainth,Gagandeep Singh,≤100
468064866696490,Pratap Jena,Ankit Pratap Jena,≤100
423928144293931,Mahender Pratap Singh,Pankaj Sharma,≤100
106269212457159,MLA Rajkumar Patel - आ.राजकुमार पटेल,Rohit Rajkumar Patel,≤100
106917495262631,Arvind Kejriwal ಬೆಂಗಳೂರು,Kamran  Shahid,≤100
643216342792266,দেবাশিস পণ্ডা ভারতীয় Debasis Panda Bhartiya West Bengal,Debasis Panda,≤100
272526582847236,Navin Jaiswal,Navin Jaiswal,≤100
105625338928748,DR. Ramkishor choudhary,DR. Ramkishor choudhary,≤100
101285234830400,SPEAK for LIFE,These ads ran without a disclaimer,≤100
668517723232330,Dr.Bhupendra Singh Rathore,These ads ran without a disclaimer,≤100
2205544183064603,Surender Panwar,Ashish Sakhuja,≤100
110044260470271,Vinay Jangid Sharma,Vinay Jangid Sharma,≤100
377394279122555,Vikas Baba Srivastava - Page,Ankit Tiwari,≤100
102102622351285,Raghuvir Singh Meena IPS,Akash Meena,≤100
179765292047054,Manickam Tagore,Kathiresan K,≤100
578430339598121,Lalit Panwar,Kanav Kathuria,≤100
112420847190684,Bijay Kumar Yadav,Bijay Kumar Yadav,≤100
108080828884036,Gehlot Phir Se,DesignBoxed,≤100
196338294250820,Rohit Gangwal,Modi For PM Organisation,≤100
311419586291379,Dinesh Saini,Virendra Kumar Saini,≤100
100563631339612,Sushil Rana,FS Findscope Consultancy,≤100
1031693853543948,Gundu Aashritha Vijay Raj,Gundu Aashritha Vijay Raj,≤100
433382980078113,Gudur Narayana Reddy,Ajith Reddy Gudur,≤100
102194569275814,Isma Zaheer,Isma Zaheer,≤100
1346291785426106,Rita Choudhary,Tasha Choudhary,≤100
120393466504604,Shahbaz Khan,Shabaz Khan,≤100
809216772512175,Yogendra Mahant,Himanshu Shastry,≤100
2043667552352357,Soniya Atul Shukla,Amit Kumar Singh,≤100
102838152104730,Bjp kisan Morcha punjab,Ashish Soni,≤100
1098055100247295,Umesh Dwivedi,Arun Pratap Singh,≤100
1856074367972717,Mukesh Yadav,Mukesh Kumar Yadav,≤100
102042506004910,Santosh Bhargava,These ads ran without a disclaimer,≤100
109916533853207,AMIT KUMAR SINGH,Akash Singh,≤100
1643418169278971,Lakhabhai Sagathiya,Lakhabhai Jethabhai Sagathiya,≤100
448636251893672,Sarthak Educational Trust,Sarthak Educational Trust,≤100
100835619365958,Nisha Parulekar - निशा परुळेकर,Jagdish Raghunath More,≤100
103414968852773,Umesh Kate,Social Rajneeti,≤100
435124759989017,Yogendra Singh Mandloi,Yajuvendra Singh Mandloi,≤100
2100849650146359,Ramarao Patil Pawar,Venkata Satish Chandu,≤100
109352055422391,Aditya Vikram Jaswal,Palaksys,≤100
110220311879090,Sejal Desai Ray,These ads ran without a disclaimer,≤100
605390272841833,Shrirang Appa Barne,Abhay Balu Ahire,≤100
426854497508656,Dr.Phoolchand Bhinda,Phool Chand Bhinda,≤100
1781479445448595,Rajnish Kumar Singh,Arpit Jain,≤100
106577052229355,Rakesh Choudhary,Shiv Charan,≤100
112552897745539,सुभाष चन्द्र गुप्ता सूरतगढ़,सुभाष चन्द्र गुप्ता सूरतगढ़,≤100
382073148521371,EG classes for IAS,Prakhar Kashyap Singh,≤100
1689373261361383,Saurabh Bahuguna,Saurabh Bahuguna,≤100
257916314892663,Dr Kaustubh Narayan Misra,Kaustubh Narayan Misra,≤100
394168494317389,MIT World Peace University,MIT World Peace University,≤100
109058654923540,सब का साथ सब का विकास,सब का साथ सब का विकास,≤100
102364342187097,aniltadvi.aniltadvi.982,These ads ran without a disclaimer,≤100
112475780481777,Bahadur Singh Chouhan,Manoj,≤100
102197312670602,विधायक भेंट मुलाकात - Vidhayak Bhet Mulakat,Krishna Pandey,≤100
132806813793938,Paramjit Singh Sarna,Harjap Singh Dhingra,≤100
359726167827402,Bhuneshwar Singh Baghel,Bhuneshwar Singh Baghel,≤100
116997354325105,Wg Cdr Anuma Acharya,Wg Cdr Anuma Acharya,≤100
496604864144301,Dr Ganesh Dutt,FS Findcscope Consultancy,≤100
126455024584757,Randeep Singh Deol,Randeep Singh,≤100
1574483566114189,Dr. Mamta Pandey,Akash Singh,≤100
1584395508448696,Manash Borah,Manash Borah,≤100
105919999093332,Varta24/वार्ता 24,Varta24/वार्ता 24,≤100
863961040416615,Punit Verma पूर्व उपाध्यक्ष विश्व हिन्दू परिषद् काशी प्रान्त,Punit Varma,≤100
111647134759163,Shakti Lal Shah,Jitendra Singh Rana,≤100
111154821949915,bilaal.mohmad.3,These ads ran without a disclaimer,≤100
252023092136537,Dinesh Pratap Singh,Dinesh Pratap Singh,≤100
105222094270542,Dalbir Singh,Shankar Prasad Thakur,≤100
103952472480230,Umang Khetan,Umang Khetan,≤100
1818020935123174,Dr. Shama Mohamed,Dr. Shama Mohamed,≤100
321228061382932,Pt. Shekhar Dixit,Websofy Software Private Limited,≤100
101781252334419,Brandscouncil Ratings,Council for Brand Business Promotions & Research,≤100
203795313615859,PDTV News,Nagarjuna Reddy Kaipa,≤100
101746305768067,woonews.in,woonews.in,≤100
140624336584770,Yogender Pal Singh Champawat,Akash Singh,≤100
583870115333986,Chandra Vijay Singh Bhadoria,Kaushlendra Kashyap,≤100
107291942153850,inbest_financialsolutions,These ads ran without a disclaimer,≤100
107545897823033,For Men India,Antara Das,≤100
1757441471197224,Hardik Patel,Hardik Patel,≤100
103129288441449,Jahanvi Vyas,Vyas Jahnvi Mitalbhai,≤100
104860424918954,दिल है हिन्दुस्तानी,Abhijit Kumar,≤100
178606642759483,Gaurav Yadav,Gaurav Yadav,≤100
368618796604982,"International Institute of Health Management Research, Delhi",These ads ran without a disclaimer,≤100
100397139468406,T4G Labs,These ads ran without a disclaimer,≤100
110197854912974,Sonu Singh Garg,Pratik Garg,≤100
107336164119124,Ashvani Singh Little,Akash Singh,≤100
106799801892085,Missionutthaan2023,These ads ran without a disclaimer,≤100
348329712475958,Renu khuggar,fs findscope consultancy llp,≤100
1108242266050014,Mohan Lal,Kanav Kathuria,≤100
105560431512954,Boopathi Raja K,Boopathi Raja,≤100
104441248861952,Neelam Aggarwal,Pankaj Sharma,≤100
112520265175088,,Gulshan Soni,≤100
103100085360996,Madho Singh Udat,Akash Singh,≤100
2159484957646626,Mahant Daleep Rawat,Daleep,≤100
1873726816178376,Gaurav Singh Chauhan,Delhi Info Media,≤100
102207322867680,,These ads ran without a disclaimer,≤100
700400056788900,Sanjay Saxena BJP MP,Suraj Kaul,≤100
106141092410482,,Sk Giasuddin Hossain,≤100
803035656462899,Naresh Gujjar,Naresh Singh,≤100
110900615241269,Ramanuj Sharma,Concept Digital Marketing,≤100
127234961352526,Abhijeet Patil - अभिजीत पाटील,Yogesh Bharat Wagaj,≤100
260452011000438,Vinod Tiwari,Vinod Tiwari,≤100
2362229027338767,బీజేపీ వైపు ప్రజల చూపు,Bharath Kumar Ravula,≤100
243546349788322,Sunil Sharma,These ads ran without a disclaimer,≤100
336824383413082,Punjab Aab Tak,Gurbhej Singh,≤100
925114417507079,"Vivek Techno School, Jaipur",These ads ran without a disclaimer,≤100
802311956513987,Rahul Singh,Rahul Singh,≤100
102632652751968,Team Dr Ajay Meena,Punit Agarwal,≤100
629464330862082,Dileep Yadav,Dilip Yadav,≤100
181418895366896,Ganesh Joshi,Mayank Joshi,≤100
109346178805742,Jean Hill,These ads ran without a disclaimer,≤100
161666143844859,Sandvik,These ads ran without a disclaimer,≤100
148788988477345,The National,These ads ran without a disclaimer,≤100
103659765532260,華夏focus,These ads ran without a disclaimer,≤100
102892417916,Voice of Tibet,These ads ran without a disclaimer,≤100