﻿Page ID,Page name,Disclaimer,Amount spent (TRY)
100910024639566,Ali Babacan,Deva Partisi,≤100
478670012154037,Think Then Choose Wisely,These ads ran without a disclaimer,≤100
102095934751904,Deva Partisi,Deva Partisi,≤100
104720632449919,Tarihte Bugün,Taha Gümüştaş,≤100
108552928182311,Al Sancak Partisi,Nuri Çelebi,≤100
180404128680446,Dr. Şadi YAZICI,Dr. Şadi YAZICI,≤100
463215923715177,Mehmet Yiğiner,Bekir Koyuncu,≤100
465887546792664,Halkın Kurtuluş Partisi - HKP,TAYFUR BİN,≤100
1156591567874276,Halil Arda,Halil Arda,≤100
413113452433564,Cengiz Gökçel,Cengiz Gökçel,≤100
144096473392,Yeşil Gazete,Yeşil Gazete,≤100
107924807410702,Samet Bağcı,Samet Bağcı,≤100
219031704851494,SAS (Satın Almayın Sahiplenin),Fırat Yıldız Ahmet,≤100
532775093532626,Yücel Bulut,Yucel Bulut,≤100
107184060866156,Limitsiz Bilgi,These ads ran without a disclaimer,≤100
103167881182863,Temiz Enerji Haber Portalı,Temiz Enerji Haber Portalı,≤100
506041856143607,Saadet İnegöl,Hasan Eroglu,≤100
851556338241562,Ayşen Kurt,Ayşen Kurt,≤100
511707202180465,Kangal Aşkk'tır,Fırat Yıldız Ahmet,≤100
370802392936678,Antalya Muratpaşa Belediyesi,Antalya Muratpaşa Belediyesi,≤100
1614212022160759,Fehmi Yağlı,Fehmi Yagli,≤100
104373561467884,Serhat Servet Dövenci,Serhat Servet Dövenci33,≤100
319374238130637,Osman Gürün,Osman Gurun,≤100
108390012832175,Fatih Akkentli,Atacan Özbay,≤100
979738848890749,Faruk Kılıç,Faruk Kilic,≤100
104691722197784,صحيفة الاستقلال - العربية,صحيفة الاستقلال,≤100
283657205667155,Mustafa Ali Fırtına,Mustafa Ali Firtina,≤100
103098904742608,Murat Serdar Koç,Murat Serdar Koc,≤100
2479232322108775,guven_balaban,These ads ran without a disclaimer,≤100
1572709256359993,İnternethaber TV,HADİ ÖZIŞIK,≤100
167633913392268,Kolejliler,Fırat Yıldız Ahmet,≤100
1104153776387884,Halk Haber Ajansı,Resul Mesut Büyüksarı,≤100
106879338020716,Halk Ajans,Resul Mesut Büyüksarı,≤100
104267921764717,Deva Partisi Trabzon İl Başkanlığı,Kubilay Çiçek,≤100
100930021431743,Gazete Kolektif,Ercan Erdal,≤100
106789305232883,وكالة الشرق الأوسط الإخبارية,وكالة الشرق الأوسط الإخبارية,≤100
1028368393892777,Mehmet Ali Özkan,Mehmet Ali ÖZKAN,≤100
106140325698235,smailknuryilmaz,These ads ran without a disclaimer,≤100
102675466062962,turku_evi58,These ads ran without a disclaimer,≤100
101700471513125,Kadir Aydın,Kadir Aydın,≤100
105074442228798,fatmanurr_dagli,These ads ran without a disclaimer,≤100
834954409860187,Gamze Akkuş İlgezdi,Gamze Akkuş İlgezdi,≤100
115203036969497,Mehmet Yunus Seven,Mehmet Yunus Seven,≤100
32334159836,Altair,These ads ran without a disclaimer,≤100
228606667667157,MPULSE,These ads ran without a disclaimer,≤100