﻿Page ID,Page name,Disclaimer,Amount spent (USD)
985246578276059,هشام صفر Hichem Sifer,هشام صفر Hichem Sifer,≤100
452309995522420,قالمة اليوم Guelma Today,قالمة اليوم Guelma Today,≤100
293384094915450,جريدة الحراك الإخباري,جريدة الحراك الإخباري,≤100
1655478897929127,Ladies Social Network,These ads ran without a disclaimer,≤100
995765983772115,Dzair Tube,Dzair Tube,≤100
106157461342918,Faisal M Aldhafeeri,These ads ran without a disclaimer,≤100
8428544759,Six Degrees Records,These ads ran without a disclaimer,≤100
274017972795375,Algerie 24,aljazair24,≤100
104646717812795,IOMRD Deutschland المنظمة العراقية لحقوق الإنسان في ألمانيا,These ads ran without a disclaimer,≤100
111881955207831,Algerie patriot,Algerie patriot,≤100
110980888642151,Twibbon April,These ads ran without a disclaimer,≤100
107410862226340,Make Africa Great Again,These ads ran without a disclaimer,≤100
102415047928145,Shanghai Electric,These ads ran without a disclaimer,≤100
100082986559771,,These ads ran without a disclaimer,≤100
107412565484376,الاستاذ زاير محمد شمس الدين . التاريخ والجغرافيا. ثانوي,These ads ran without a disclaimer,≤100