﻿Page ID,Page name,Disclaimer,Amount spent (USD)
293384094915450,جريدة الحراك الإخباري,جريدة الحراك الإخباري,≤100
175590267993,Al Majalla,These ads ran without a disclaimer,≤100
1655478897929127,Ladies Social Network,These ads ran without a disclaimer,≤100
131664893560695,Origins OSU,These ads ran without a disclaimer,≤100
995765983772115,Dzair Tube,Dzair Tube,≤100
112854258459158,,These ads ran without a disclaimer,≤100
110980888642151,Twibbon April,These ads ran without a disclaimer,≤100
111881955207831,Algerie patriot,Algerie patriot,≤100
107412565484376,الاستاذ زاير محمد شمس الدين . التاريخ والجغرافيا. ثانوي,These ads ran without a disclaimer,≤100
102415047928145,Shanghai Electric,These ads ran without a disclaimer,≤100
104646717812795,IOMRD Deutschland المنظمة العراقية لحقوق الإنسان في ألمانيا,These ads ran without a disclaimer,≤100
117039841320523,Big Pink Youth Dialogue,These ads ran without a disclaimer,≤100
274017972795375,Algerie 24,aljazair24,≤100
107410862226340,Make Africa Great Again,These ads ran without a disclaimer,≤100
100082986559771,,These ads ran without a disclaimer,≤100