﻿Page ID,Page name,Disclaimer,Amount spent (USD)
100996575982707,Samajik Feed,Internet Market Today Pvt. Ltd.,≤100
417555479037006,PPSG TECH Pvt. Ltd.,PPSG TECH Pvt. Ltd.,≤100
149255008546296,Govinda Giri,Govinda Giri,≤100
141382225905204,Keki Adhikari,These ads ran without a disclaimer,≤100
565225540184937,CGTN,These ads ran without a disclaimer,≤100
1414802032117321,South Asian Regional Trade Union Council,South Asian Regional Trade Union Council,≤100
103641276053002,Canada-Job_Banks-Asia_Countries,These ads ran without a disclaimer,≤100
237783629999287,Arthik Awaj,Arthik Awaj,≤100
426799224176976,Ebenezer is Marketing,These ads ran without a disclaimer,≤100
137775936298821,HoneyTrek,These ads ran without a disclaimer,≤100
405199520209766,The Belt and Road News Network,These ads ran without a disclaimer,≤100
312898778847834,TERRAM PACIS,These ads ran without a disclaimer,≤100
224597158386607,Rosa Luxemburg Foundation,These ads ran without a disclaimer,≤100
19740928752,World Animal Protection,These ads ran without a disclaimer,≤100
279870685422915,Eviance,These ads ran without a disclaimer,≤100