﻿Page ID,Page name,Disclaimer,Amount spent (HNL)
1619479898324505,Partido Liberal de Honduras,Partido Liberal de Honduras,≤100
153003381515332,Cespad - Centro de Estudio para la Democracia,Centro de Estudio para la Democracia (Cespad),≤100
459107311130639,Dr. Luther Harry,Dr. Luther Harry,≤100
103560496038224,Centro Educativo Truper,These ads ran without a disclaimer,≤100
486382251906084,Honduras El Pais,Diario El  Pais.hn,≤100
120461674757079,Hilda Pacheco,These ads ran without a disclaimer,≤100
100520825048827,Movant Connection,These ads ran without a disclaimer,≤100
352241124810616,Visión y Óptica,These ads ran without a disclaimer,≤100