﻿Page ID,Page name,Disclaimer,Amount spent (BRL)
301774903545521,Brasil Paralelo,Brasil Paralelo,339
425350744240843,Comitê Internacional da Cruz Vermelha,Comitê Internacional da Cruz Vermelha,247
63044235866,UN Climate Change,UN Climate Change with Facebook Ad Credits,179
1489999951307578,"Supremo Rondon Cursos, Concursos e OAB","Supremo Rondon Cursos, Concursos e OAB",158
54779960819,United Nations,United Nations with Facebook Ad Credits,≤100
961419673977870,Kalynka Meirelles,Kalynka Barbara Meireles De Almeida Lissoni Nani,≤100
889636981377556,Colégio Marista Santo Antônio,Colégio Marista Santo Antônio,≤100
333720355130,Petrobras,Petrobras,≤100
101189854802059,Revista Oeste,Revista Oeste,≤100
110418455214538,Bernardo K.,Filhos do Trovão,≤100
151135455036766,CBN Cuiabá,CBN CUIABÁ - RADIO CUIABANA DE MELODIAS LTDA,≤100
107589328880817,Brasil no Foco,Francine De Almeida Viana Pereira,≤100
159103797542,Greenpeace Brasil,Greenpeace Brasil,≤100
108742321417244,Gerson Aragão,SCIREJUS APLICATIVOS JURIDICOS LTDA,≤100
197587446941661,Valor Econômico,Editora Globo,≤100
106613217881487,Vereador Investigador Gerson,Vereador Investigador Gerson,≤100
551476945265046,Anamaria Bianchini,These ads ran without a disclaimer,≤100
226093730774900,Popular Online,Popular Online,≤100
1666788846735640,Charles Fernando,These ads ran without a disclaimer,≤100
632661123412005,Acrimat Associação,These ads ran without a disclaimer,≤100
115558703488480,IDP Online,Instituto Brasiliense de Direito Publico,≤100
1960660980851902,Leiagora Portal de Notícias,These ads ran without a disclaimer,≤100
109354687306376,Instituto Conhecimento Liberta,Instituto Conhecimento Liberta,≤100
112021296931600,Mônica Lopes,IBPOM,≤100
105520569004820,Absolar Comunica,Associação Brasileira de Energia Solar Fotovoltaica,≤100
113165042099382,Brasil 61,Brasil 61,≤100
109426504235531,Tayllan Zanatta,These ads ran without a disclaimer,≤100
330379553673497,Oxfam Brasil,Oxfam Brasil,≤100
102612699337412,Rennova Consultora,These ads ran without a disclaimer,≤100
104390314991614,Maria Glória,These ads ran without a disclaimer,≤100
282802611759257,MidiaJur - Jornalismo Plural,Midiajur,≤100
7970426802,WWF-Brasil,WWF-Brasil,≤100
110130805137999,Robô Reacionário,Alétheia Brasil,≤100
110225312350543,Nova Escola,Associação Nova Escola,≤100
560599677292902,Prefeitura de Belém,Prefeitura de Belém,≤100
258088921369,TOTVS,TOTVS,≤100
224777780881144,Visão Mundial,Visão Mundial,≤100
265418896861350,A Tribuna MT,A Tribuna MT,≤100
104827392475350,Célia Almeida,Celia Bibiana De Almeida,≤100
101230328792183,Portal Concursos & OAB,PORTAL CURSOS PREPARATORIOS E OAB LTDA,≤100
104738421003389,InvestNews BR,Easynvest,≤100
103654108205888,Fonasefe,CAJUINA PRODUÇÕES E MÍDIA DIGITAL,≤100
1767220630177139,Animal Equality Brasil,Animal Equality Brasil,≤100
111130822268479,IDP,"Instituto Brasileiro de Ensino, Desenvolvimento e Pesquisa IDP - LTDA",≤100
228301373863551,Agência Pública,Agência Pública,≤100
2323904661180742,All Out Brasil,All Out,≤100
291969064306588,Método de Aprovação,SCIREJUS APLICATIVOS JURIDICOS LTDA,≤100
1746222495610114,Prof. Karine Waldrich,Karine Waldrich,≤100
104695982501298,Brasil Notícias,Diogo Fortuna Reboucas,≤100
2109548659331951,Cursinho da Glória,Cursinho da Glória Eireli ME,≤100
239977579362882,Blue3,Blue3 Investimentos,≤100
196791070788913,Robson Zanetti Advogado,Robson Zanetti,≤100
107318201742773,Gerador de Votos,Carlos Bomfim,≤100
103222252564490,Método de Aprovação,SCIREJUS APLICATIVOS JURIDICOS LTDA,≤100
101377912820413,Seminário Reboot,Agência Nuvem,≤100
163893463708223,Marcelo Vitorino,IDP,≤100
105928277775208,FRED Studio Produtora De Jingles,Frede Santos,≤100
102185548694651,Essencial é a Vida,APUB,≤100
187970114581051,Anistia Internacional Brasil,Anistia Internacional Brasil,≤100
104490315426843,Centro Lemann,These ads ran without a disclaimer,≤100
458245938056642,LIMPA MEU NOME,Andre Serra,≤100
1632845003624410,Lúcio Sorge,Lucio Sorge,≤100
128802790469337,Todos Pela Educação,Todos Pela Educação,≤100
109047521948390,Xj6 club br,These ads ran without a disclaimer,≤100
132804480113814,PwC Brasil,Pedro Martins,≤100
111006700550820,Cenarium Amazônia,CENARIUM AGENCIA DE NOTICIAS EIRELI,≤100
111046155196359,D Maria Schiavelli Caetano,Dione De Oliveira,≤100
132804480113814,PwC Brasil,PwC Brasil,≤100
185875761943,MDB Nacional,MOVIMENTO DEMOCRÁTICO BRASILEIRO,≤100
101328235485196,Reforma Administrativa: destrói os serviços públicos,Reforma que destrói,≤100
104553347942750,Eder Borges,Eder Fabiano Borges Adao,≤100
103483818151512,Janaina Castro,Sobrenome Janaina Silva De Castro,≤100
107063348442736,Cultura Jurídica,FMR - CURSOS ONLINE LTDA,≤100
269116656508331,Faaftech Soluções Inteligentes,These ads ran without a disclaimer,≤100
300385920154650,Marcio Rosa,Marcio Rosa Da Silva,≤100
101933305564897,Promic,Riole,≤100
359871157981726,Decorando a Lei Seca,Decorando a Lei Seca,≤100
127789930632668,Conectas Direitos Humanos,Conectas Direitos Humanos,≤100
187869627968575,Roberto Tripoli,Roberto Tripoli,≤100
593156624451277,Serginho Caxias,Sergio Alberto Correa Da Rocha,≤100
163839873754994,Vital Help,VITAL HELP BENEFÍCIOS LTDA,≤100
111186368956008,Academia Brasileira de Direito Constitucional,ABDConst,≤100
844549288949778,IBPAD - Instituto Brasileiro de Pesquisa e Análise de Dados,IBPAD - INSTITUTO BRASILEIRO DE PESQUISA E ANALISE DE DADOS LTDA - ME,≤100
149518311835447,Renata Bueno,Renata Bueno,≤100
170238043113891,Professor Rômulo Passos,Romulo Silva Passos,≤100
279314692415274,Professor Miguel,Miguel Lopes Cardoso Junior,≤100
100182705963579,José Sousa,Jose Silva,≤100
107751545537146,Meu Melhor Mandato,Emerson Jose Pereira Saraiva,≤100
107094855482314,João Geraldes,Joao Victor Barros Geraldes,≤100
100475402294243,Consciência Brasil,Felipe Gabriel Coelho Gomes,≤100
258695297638169,Instituto Lumiarte,Instituto Lumiarte,≤100
147258388715323,Fundação Luterana de Diaconia (FLD),Fundação Luterana de Diaconia,≤100
502258773133826,Sandra Navajas,Sandra Navajas,≤100
1490922331155430,Unicursos Curitiba,UNICURSOS CAPACITAÇAO E TREINAMENTOS LTDA,≤100
319356418132318,Gestos,Gestos Soropositividade Comunicação e Gênero,≤100
239624862864871,Relatório Reservado,Hush Comunicação,≤100
101750592443856,Liga Tributária,These ads ran without a disclaimer,≤100
1134991966519866,Fabrício Lima Silva,These ads ran without a disclaimer,≤100
108555800869440,Sleeping Giants Brasil,Sleeping Giants Brasil,≤100
106623079444681,INLEGIS,INLEGIS,≤100
100902095581028,RB Crédito,These ads ran without a disclaimer,≤100
105933125105087,Aqui Pela Saúde Dela,Organon,≤100
123884341029248,João Jorge,JOÃO JORGE DE SOUZA,≤100
109597815616,VEJA,Revista Veja,≤100
465508674236677,Edmar Ptak,Edmar Ptak Guimaraes,≤100
446733592386057,Mais Inclusão no Mundo,Mais Inclusão no Mundo,≤100
100460269169140,Talita Cílios,These ads ran without a disclaimer,≤100
158779925464,Época NEGÓCIOS,Editora Globo,≤100
1008846355811866,Lincoln Reis,Lincoln Reis,≤100
102248442711316,Emerson Costa Advocacia,These ads ran without a disclaimer,≤100
207518726005432,PSTU Nacional,PSTU,≤100
103768438180017,Lab Criação,Lab Criação,≤100
101323716100036,Curso O Segredo da Casa de Apostas,These ads ran without a disclaimer,≤100
526405324195191,Programa Criança e Natureza,These ads ran without a disclaimer,≤100
103622272610995,ivambertocarvalhoadvocacia,These ads ran without a disclaimer,≤100
760723213973971,Mapa Educação,Mapa Educação,≤100
108530854854863,Transmitindo,TRANSMITINDO.COM.BR,≤100
1431719646851969,Abel Lumer,Abel Lumer,≤100
481960978885807,Paula Belmonte,PAULA MORENO PARO BELMONTE,≤100
177581372270155,Abraji,Abraji,≤100
347742876973,ADPF - Associação Nacional dos Delegados de Polícia Federal,Associação Nacional dos Delegados de Polícia Federal,≤100
104450872287601,daniella_fgts,These ads ran without a disclaimer,≤100
100710735473325,IDP - SP,"Instituto Brasileiro de Ensino, Desenvolvimento e Pesquisa Idp - LTDA",≤100
103920308461143,Observatório Social do Petróleo,Cajuína Produções e Mídia Digital,≤100
106765624437265,luizrafaelmelo,These ads ran without a disclaimer,≤100
136775633154402,Plan International Brasil,Plan International,≤100
101280752194527,G5News / Goiás,Rafael Pereira Da Costa,≤100
665498620499336,"O Novo Legislativo, por Renata Cunha",Instituto Renata Cunha,≤100
489012484462741,Abrasel,Abrasel,≤100
116762524367308,Geopolítica com JR.,Jones Ferreira,≤100
2013628912048268,Brasil Amazônia Agora,Brasil Amazônia Agora,≤100
320741841325616,ZonaCurva,Fernando Do Valle Barbosa,≤100
1504580766531518,Mulheres Progressistas,PROGRESSISTAS - BRASIL - BR - NACIONAL,≤100
105876338867591,fernandomoraess,These ads ran without a disclaimer,≤100
475113842596525,Museu do Amanhã,Museu do Amanhã,≤100
193719533998484,Fundação Fernando Henrique Cardoso,Fundação FHC,≤100
390414131042353,Vitão Riccomini,Vitor Hugo Riccomini,≤100
115172553721431,Perfil Brasil,Grupo Perfil,≤100
109166260746487,Vereador Luizinho  Kanecão,Luiz Carlos Donizete Da Silva,≤100
122255682509331,FisiosDermato,These ads ran without a disclaimer,≤100
546638152036818,Ulysses Gomes,ULYSSES GOMES DE OLIVEIRA NETO,≤100
113530774950899,Delegado João Manoel de Andrade,Joao Manoel De Andrade,≤100
105468438169552,Joãozinho do Cavalo Vereador,Giovanne Aparecido Da Silva,≤100
150698751651835,Baptista Luz Advogados,Baptista Luz Advogados,≤100
1990589534564935,CMP Brasil,CMP Central de Movimentos Populares,≤100
201878973201295,Republicanos10,Republicanos10,≤100
108423388243450,matheusvalerio.adv,These ads ran without a disclaimer,≤100
113477078269220,365Scores Brasil,These ads ran without a disclaimer,≤100
166288866733886,Pirelli,Pirelli Comercial,≤100
109642105258837,Tv Bolsonaro Patriota,Anderson Pinheiro,≤100
102551538798020,Historiadelas,Historiadelas,≤100
801580406684247,Professor José Braúna,These ads ran without a disclaimer,≤100
111880000590843,Invest Safe,These ads ran without a disclaimer,≤100
1700227383437806,OC Advogados,Oliveira e Carneiro Sociedade de Advogados,≤100
107033138730405,Be Home,These ads ran without a disclaimer,≤100
100306552231937,Vereador Emerson Camargo,Emerson Camargo Dos Santos,≤100
603214206429002,Instituto Camaleão,Projeto Camaleão,≤100
111198428216107,elpidioalvespinheiro,These ads ran without a disclaimer,≤100
213048568820524,Vereador Paulo Frange,Rodrigo Carvalho,≤100
107765908245144,tirantbrasil,These ads ran without a disclaimer,≤100
506417589696816,Asbraf,ASBRAF,≤100
1868911816561936,Vereador Celmir Martello,Marcelo Silva,≤100
103281755716294,ctdomarketingpolitico,Thiago Tenorio,≤100
125472794229668,ConcursoPM,These ads ran without a disclaimer,≤100
102275945221840,Portal Tucumã,Portal Tucumã,≤100
103776625619329,Leonardo Martins,Leonardo Martins Thees,≤100
419228248099705,Oassessor.com,O Assessor Serviços em Tecnologia da Informação Ltda,≤100
172444996112900,Fundo Brasil,Fundo Brasil,≤100
419943148364718,Gabriela Souza - Advocacia para Mulheres,These ads ran without a disclaimer,≤100
107903101021004,prof.felipefernandes,These ads ran without a disclaimer,≤100
534805630341699,Idecan Oficial,"INSTITUTO DE DESENVOLVIMENTO EDUCACIONAL, CULTURAL E ASSISTENCIAL NACIONAL",≤100
654229231656524,Juridicando na Rede,These ads ran without a disclaimer,≤100
161406070640025,Educação e Território,Cidade Escola Aprendiz,≤100
415540188621036,Marco Jean de Oliveira Teixeira - Advogado,Marco Jean de Oliveira Teixeira,≤100
372853126822520,Julio Cesar Martins,These ads ran without a disclaimer,≤100
103456511146179,liviaamarallopes,These ads ran without a disclaimer,≤100
267859826616179,Juliana Bicudo,These ads ran without a disclaimer,≤100
343375966288078,Diário do Estado de São Paulo,Diário do Estado de São Paulo,≤100
103779715064518,Uma Concertação pela Amazônia,Instituto Arapyaú de Educação e Desenvolvimento Sustentável,≤100
102616332716430,Marcus Ramone - Escritor,These ads ran without a disclaimer,≤100
1024840290996769,Lucas Pimenta,Lucas Pimenta,≤100
107970658385398,Liz Gomes Advogados,Livia Clementino,≤100
102250636100983,O Repórter do Brasil,EDHONES HENRIQUE FERRETRA NN« «ÍMTTIS,≤100
1000129460136641,Prof. Pontalti,Mateus Benato Pontalti,≤100
153278282047297,Portal Vade News,Eduardo Fuccia,≤100
546865738685056,DR. ALCEU Vereador,Dr. Alceu vereador,≤100
368275693193161,Porvir,Instituto Porvir,≤100
1546713675557805,Dra. Daniela Pinho,These ads ran without a disclaimer,≤100
103586255620966,Portal O Judiciário,Interativa Serviços de Marketing Ltda,≤100
100475615641105,PHVox,These ads ran without a disclaimer,≤100
293351651572087,Lia Lara,Instituto Dankemo,≤100
172154116311925,Sindserv Santos,Sindserv Santos - Sindicato dos Servidores Públicos Municipais de Santos,≤100
262829777095884,Rodrigo Ashiuchi,Rodrigo Kenji De Souza Ashiuchi,≤100
113672158272454,Alan Batista - Mareal Engenharia,These ads ran without a disclaimer,≤100
576357832740382,Volps TV,These ads ran without a disclaimer,≤100
100440424845197,Advocacia Previdenciária do zero - Prof. Thony Rennan,These ads ran without a disclaimer,≤100
100919162757554,Falsos Mestres,Samuel Silva,≤100
280153455440575,Site de Notícias Portal Jatobá,These ads ran without a disclaimer,≤100
265312144321652,Patriarca-Cidadania Italiana,Giuliana Callia,≤100
120675675314902,B4,These ads ran without a disclaimer,≤100
251565088803687,DRD Advogados,DRD Advogado,≤100
150294649018041,Julia Murça,These ads ran without a disclaimer,≤100
215481402320993,Prefeitura Municipal de Minaçu,Prefeitura Municipal de Minaçu-Go,≤100
110712138577326,miguel_da_surf,These ads ran without a disclaimer,≤100
101005622692545,Integridade ESG,Insight Comunicação,≤100
110377654916163,ABRAPEL - Associação Brasileira de Pesquisadores Eleitorais,Associação Brasileira de Pesquisadores Eleitorais,≤100
1748022592106701,Vereador Marcio Bosa,Marcio Bosa,≤100
762090013865211,Professor Maykon Santos,Maykon Santos,≤100
113087798296763,andreiveribeiroadvocacia,These ads ran without a disclaimer,≤100
113650866857533,Diversitera,Diversitera,≤100
268802879881105,Movimento Democracia Pura,Movimento Democracia Pura,≤100
111981764977985,Elton de Castro,Instituto Tavares,≤100
387346095216939,projetosdeleimunicipais,Hamilton Machado Valeriote Junior,≤100
115172553721431,Perfil Brasil,These ads ran without a disclaimer,≤100
994985210573583,Contabilidade Facilitada,These ads ran without a disclaimer,≤100
382016865703942,Fagner Junior,These ads ran without a disclaimer,≤100
329539677059087,Zap Comunicação,Charles Rodrigues,≤100
149949182164825,Vereador Elber Correa,Elber Correa Da Silva,≤100
109055221354055,Esfera Brasil,ESFERA ᴮᴿ,≤100
795361717256039,Ednilson Filho de XANGÔ Lourenço de Moraes - Médium,These ads ran without a disclaimer,≤100
110261004046738,Preguistê,These ads ran without a disclaimer,≤100
109785372399873,IAB - Instituto dos Advogados Brasileiros,Instituto dos Advogados Brasileiros,≤100
108292638694217,Valentina Tavares,Valentina Gomes Tavares,≤100
106896372083988,Mapas Históricos,Diogo Rodrigues,≤100
192275604834034,Lucas Mello,These ads ran without a disclaimer,≤100
1915028175242169,Ana Paula Freiberger,These ads ran without a disclaimer,≤100
598482614147506,Hermenêutica Política,Hermenêutica Política,≤100
1641234622618194,leonardoabrahao.psi,LEONARDO ABRAHÃO PIRES REZENDE,≤100
105208385373918,sereiasimm,These ads ran without a disclaimer,≤100
1491681474458343,Bancários Rio,Sindicato dos Bancários do Rio de Janeiro,≤100
195633240461905,Amcham Brasil,AMERICAN CHAMBER OF COMMERCE FOR BRAZIL SAO PAULO,≤100
105039488975351,Gustavo Paixão,These ads ran without a disclaimer,≤100
359871157981726,Decorando a Lei Seca,These ads ran without a disclaimer,≤100
110504520771884,Fabio Chirinhan,Fabio Chirinhan,≤100
493951014366393,Cidade Urbitá,These ads ran without a disclaimer,≤100
101232946100429,Pedro Fonseca,Pedro Fonseca Advogados,≤100
927699353983317,Vereador Alessandro - Lê,ALESSANDRO LUÍS TEIXEIRA,≤100
105041675402253,claragomes22,These ads ran without a disclaimer,≤100
1098853826888928,Mateus Santos Vereador,These ads ran without a disclaimer,≤100
112437821454121,maxatualidades,These ads ran without a disclaimer,≤100
101321981647613,Instituto Montese,Instituto Montese,≤100
101928459402878,Show Money,NATURALE HEALTH PRODUTOS NATURAIS,≤100
475140119340608,Rafael Alan,Rafael Romeiro,≤100
110873078491446,william.ferreira80,These ads ran without a disclaimer,≤100
101784872659738,Profissionais da Saúde,Gianny Cesconetto,≤100
101387835255178,Paulo Castro Advogado,These ads ran without a disclaimer,≤100
108893775285122,milenemattosadv,These ads ran without a disclaimer,≤100
102524755706768,abreumay_,These ads ran without a disclaimer,≤100
101179792736681,Juliano Quelho Advogados,These ads ran without a disclaimer,≤100
100100485052043,draalinepontesandrade,These ads ran without a disclaimer,≤100
342144619179061,Instituto 215,Institituto 215,≤100
103844692602038,Sophia Lorena Fogaça,Marta Santana Caridade de Almeida,≤100
103253328592082,Filippe Augusto,These ads ran without a disclaimer,≤100
235113928436250,aleblecha7,These ads ran without a disclaimer,≤100
177796722633925,Abraão da Melgil,Abraão da Melgil,≤100
116479337989798,Daniela Souza,Marta De Santana Caridade De Almeida,≤100
317140004548,FGVces,FGVces,≤100
113605194948340,Sophia Juliana Teixeira,Marta de Santana Caridade de Almeida,≤100
109886657375139,Ambiental Consultoria e Projetos,These ads ran without a disclaimer,≤100
122121664535323,TrovadorPR (Macedo Junior),Francisco Luiz Macedo Junior,≤100
456485074374104,Sindipetro SP,SINDICATO DOS TR NAS IN DE EX PE PR RE DE AR DI E TRA ATRAVES DE DU E IM DE PE DE E SI DOS EST DE SP GO E D FEDERAL,≤100
106773051930485,fernandocampos,These ads ran without a disclaimer,≤100
1515262768781745,Vereadora Professora Nadir,These ads ran without a disclaimer,≤100
100402282784825,RL-Direito Trabalhista Bancário,These ads ran without a disclaimer,≤100
158429414269490,Eduardo do Blog,Eduardo Ferreira De Oliveira,≤100
102551538798020,Historiadelas,These ads ran without a disclaimer,≤100
193453904723542,Mateus Braga,Mateus Carlos Da Silva Braga,≤100
69488070826,Fundação Abrinq,Fundação Abrinq,≤100
100153432904133,Vistos Já Assessoria Consular,These ads ran without a disclaimer,≤100
389207654753578,Ministério Público de Contas do Estado do Pará,These ads ran without a disclaimer,≤100
106526242208438,Carlos Bernardo,ELEICAO 2022 APARECIDO CARLOS BERNARDO DEPUTADO FEDERAL,≤100
106409768919384,ernanidepaula008,These ads ran without a disclaimer,≤100
110332788368977,EcoSol Mauá,Marcio Martins,≤100
108147365877214,Canal Futura,Fundação Roberto Marinho,≤100
520803328039440,Recicla Sampa,Eco Urbis e Loga,≤100
109130858731716,Notícias do Momento,These ads ran without a disclaimer,≤100
106056394860336,Karolayny Escobar,These ads ran without a disclaimer,≤100
104500818170928,Mariano Cabreira,Mariano Cabreira,≤100
2190306087730959,Rafael Wolff,These ads ran without a disclaimer,≤100
103233309245160,vaniastobbe.adv,These ads ran without a disclaimer,≤100
108386432141039,Luana Santos,Marta De Santana Caridade De Almeida,≤100
1871214056477429,Democracia e Socialismo,These ads ran without a disclaimer,≤100
104456481092467,Carlos Kayoda - Estrategista Político,Carlos Kayoda,≤100
152305031470133,Hypeness,Hypeness,≤100
105265368629026,mulhersoltatuavoz,These ads ran without a disclaimer,≤100
154846982013131,Vereador Jorge Willian,Jorge Willian Feistler,≤100
107437845271691,comidaeconomia,These ads ran without a disclaimer,≤100
100218735954758,bookaholic.mari,These ads ran without a disclaimer,≤100
216302945094085,Condsef,Confederação dos Trabalhadores no Serviço Público Federal (Condsef),≤100
2128360467376085,AUDITORE,These ads ran without a disclaimer,≤100
1435540446680839,Anadem - Sociedade Brasileira de Direito Médico e Bioética,Sociedade Brasileira de Direito Médico e Bioética - ANADEM,≤100
196548557024498,FACESP - Federação das Associações Comerciais do Estado de São Paulo,Facesp,≤100
106480298932478,acrise_e_estetica,These ads ran without a disclaimer,≤100
104486751876738,Tenente Coronel Zucco,Luciano Zucco,≤100
239350747376187,Nelson Wilians - NW,These ads ran without a disclaimer,≤100
103577971780845,leticiamenezes.psi,These ads ran without a disclaimer,≤100
184630681556877,Usaflex,These ads ran without a disclaimer,≤100
109696201860338,edeniaalcantaraa,These ads ran without a disclaimer,≤100
108595811016584,brunosousacoms,These ads ran without a disclaimer,≤100
337834286345988,Fundação Milton Campos,Fundação Milton Campos,≤100
106385298993758,Thiago Alixandre,These ads ran without a disclaimer,≤100
380364252010537,Josenir Teixeira Advocacia,These ads ran without a disclaimer,≤100
1597172553761116,Vereadora Ana Claudia Lesnik,Ana Lesnik,≤100
101079226093668,Lendo Para Alice,These ads ran without a disclaimer,≤100
792897527470274,Jornal Contratempo,Jornal Contratempo,≤100
101999869337167,adriana.sa.gomide,These ads ran without a disclaimer,≤100
101840051641101,GreenYellow do Brasil,These ads ran without a disclaimer,≤100
105522198709842,Maria Maria Experian,These ads ran without a disclaimer,≤100
347709872324338,Juliane Alcalde,These ads ran without a disclaimer,≤100
137573340290670,Patricia Ellen da Silva,These ads ran without a disclaimer,≤100
103180504850498,boiadeiro.de.bolsonaristas,These ads ran without a disclaimer,≤100
421059554926095,Consegcred,These ads ran without a disclaimer,≤100
468352006846891,Cidadania Italiana ABC,These ads ran without a disclaimer,≤100
103981860983391,Precato,These ads ran without a disclaimer,≤100
100507206162260,licitacao_com_excelencia,These ads ran without a disclaimer,≤100
998620913587874,TC,TC TRADERS CLUB SA,≤100
1429991283952332,Tadeu Martins Leite,Tadeu Martins Leite,≤100
346310442792181,Vereador Ramon Alexandre,Ramon Araujo,≤100
100478458356433,Alexandre Melo Franco Bahia,Alexandre Bahia,≤100
109489064947441,miqueias.silva9,These ads ran without a disclaimer,≤100
102414661775555,Rádio TV Regional,Carla De Jorge Insauralde,≤100
214832599430196,Deusliro C. M. Dantas,These ads ran without a disclaimer,≤100
678292159218274,MaxiQuim Ltda.,These ads ran without a disclaimer,≤100
725745814226749,Confinamento Experimental de Bovinos de Corte - CEBC,These ads ran without a disclaimer,≤100
108337504019947,philipemeloipojuca,These ads ran without a disclaimer,≤100
100743855911298,Fala.maris,These ads ran without a disclaimer,≤100
106283498968374,Alexsandro C. Silva,These ads ran without a disclaimer,≤100
1973091062770877,Lilian Cardoso,These ads ran without a disclaimer,≤100
1594613884123934,IDIB,INSTITUTO DE DESENVOLVIMENTO INSTITUCIONAL BRASILEIRO - IDIB,≤100
214516388756678,Pastor Ascendino Batista,Jonathan Batista Oliveira,≤100
102158314814765,Rafael Bem  Reels Pro,These ads ran without a disclaimer,≤100
500679196780578,Instituto Ekos Brasil,Instituto Ekos Brasil,≤100
102717942718980,L & v Soluções Financeiras,These ads ran without a disclaimer,≤100
108232032054368,CredFácil Pádua,These ads ran without a disclaimer,≤100
103354634565289,João Paulo Kowalsky,These ads ran without a disclaimer,≤100
104922018901808,luandamenina,These ads ran without a disclaimer,≤100
2115463815347891,Railson Rocha-Conteúdos Jurídicos,These ads ran without a disclaimer,≤100
112923415021908,Credfacil 2,These ads ran without a disclaimer,≤100
113028338334082,assessoria.godoy,These ads ran without a disclaimer,≤100
221762855435776,Sinttasb-DF,These ads ran without a disclaimer,≤100
102101359281645,Tarcio Mota Of,These ads ran without a disclaimer,≤100
162297750451425,Criança e Consumo,These ads ran without a disclaimer,≤100
841927982854556,Maurício Nogueira Silvério,These ads ran without a disclaimer,≤100
114652366912327,Atmosplan,These ads ran without a disclaimer,≤100
110320465253852,iconesdarebeldia,These ads ran without a disclaimer,≤100
1500606083580137,João Azevêdo,João Azevedo,≤100
330480980492772,Arnaldo Maranhão,Arnaldo Maranhão,≤100
111642171758148,michelle.ensina,These ads ran without a disclaimer,≤100
101861558220747,One Passion Mission,One Passion Mission,≤100
1196196390526965,Facebook Surveys,These ads ran without a disclaimer,≤100
1890146454611538,DESMI A/S,These ads ran without a disclaimer,≤100
1199020920114389,EOS Data Analytics,These ads ran without a disclaimer,≤100
200591487539890,Flow Podcast,These ads ran without a disclaimer,≤100