﻿Page ID,Page name,Disclaimer,Amount spent (USD)
373058439451905,Irakli Garibashvili,Irakli Garibashvili,433
225385184188101,ქართული ოცნება / Georgian Dream,ქართული ოცნება / Georgian Dream,199
651534988375338,POSTV - ანალიტიკა,POSTV LLC,128
353943391364252,TV Imedi,TV Imedi,≤100
177657096172822,სირცხვილია • Shame Movement,სირცხვილია • Shame Movement,≤100
114735666574826,Formula • ფორმულა,TV Formula,≤100
2167628580128133,ირაკლი კობახიძე / Irakli Kobakhidze,Georgian Dream,≤100
1709314685984193,სტრატეგია აღმაშენებელი • Strategy Aghmashenebeli,სტრატეგია აღმაშენებელი • Strategy Aghmashenebeli,≤100
107079819324769,საქართველოს თავდაცვის სამინისტრო / Ministry of Defence of Georgia,საქართველოს თავდაცვის სამინისტრო / Ministry of Defence of Georgia,≤100
1159313984168136,europop,Popsport,≤100
105294965729965,საქართველო უპირველეს ყოვლისა  • Georgia First,Georgia First,≤100
480323335835739,მაუწყებელი • Mautskebeli,მაუწყებელი • Mautskebeli,≤100
536906143912475,RealPolitika • რეალპოლიტიკა,Gmc • მმართველობის მონიტორინგის ცენტრი,≤100
109465502082833,იმგზავრე მერთან ერთად,იმგზავრე მერთან ერთად,≤100
107336238433922,PrimeNews.Ge,PrimeNews.Ge,≤100
1031485756902883,გირჩი • Girchi,გირჩი • Girchi,≤100
179119122157809,Pia.ge - ახალი ამბები,Pia.ge - ახალი ამბები,≤100
133052760057128,Tabula - ტაბულა,Tabula - ტაბულა,≤100
194165114388891,ევროპული საქართველო • European Georgia,ევროპული საქართველო,≤100
119019367833311,Cool move,These ads ran without a disclaimer,≤100
212371088796021,საქართველოს რეგიონული განვითარებისა და ინფრასტრუქტურის სამინისტრო,საქართველოს რეგიონული განვითარებისა და ინფრასტრუქტურის სამინისტრო,≤100
107709478476649,Tamar Chergoleishvili,European Georgia,≤100
204459169625213,Palitra L Publishing • გამომცემლობა პალიტრა L,Palitra L Publishing • გამომცემლობა პალიტრა L,≤100
108652531483661,ქართული ოცნება ჩემი არჩევანია,ქართული ოცნება ჩემი არჩევანია,≤100
101675728268164,დამუხტე,დამუხტე,≤100
180568365331697,შერიგებისა და სამოქალაქო თანასწორობის საკითხებში სახელმწიფო მინისტრის აპარატი,SMR Georgia,≤100
113987662621748,გიორგი ტყემალაძე / Giorgi Tkemaladze,გიორგი ტყემალაძე / Giorgi Tkemaladze,≤100
1267468489937737,"აი, ფაქტი • ifact.ge","აი, ფაქტი • ifact.ge",≤100
467242696954558,POSTV,POSTV,≤100
104544911468291,შალვა პაპუაშვილი • Shalva Papuashvili,Georgian Dream,≤100
103965262533554,არ აგარევინებთ,არ აგარევინებთ,≤100
252682171418486,აღსრულების ეროვნული ბიურო,აღსრულების ეროვნული ბიურო,≤100
277709595710849,სოფლის განვითარების სააგენტო - Rural Development Agency,სოფლის განვითარების სააგენტო - Rural Development Agency,≤100
749989348701035,ეს ქვეყანა შენია • This country is yours,Civil Society Institute,≤100
106059902195415,CourtWatch.ge - იყავი ინფორმირებული სასამართლოზე,Georgian Court Watch,≤100
101372621663976,არჩილ ჩიქოვანი • Archil Chikovani,არჩილ ჩიქოვანი • Archil Chikovani,≤100
1886767171598724,ფლანგვის დეტექტორი,ფლანგვის დეტექტორი,≤100
114191964091743,"საქართველოს კულტურის, სპორტისა და ახალგაზრდობის სამინისტრო","საქართველოს კულტურის, სპორტისა და ახალგაზრდობის სამინისტრო",≤100
1578471278894473,POSTV - ახალი ამბები,POSTV,≤100
260471031303890,Chavchavadze Center / ჭავჭავაძის ცენტრი,Chavchavadze Center,≤100
109793210760998,Safe You - საქართველო,Safe You Georgia,≤100
1097681207089811,პუბლიკა • Publika,პუბლიკა • Publika,≤100
147881438604435,გიორგი კეკელიძე • Giorgi Kekelidze,Kekelidze,≤100
850629331811796,დავით შერაზადიშვილი ბოლნისის მერი/Davit Sherazadishvili Mayor of Bolnisi,დავით შერაზადიშვილი ბოლნისის მერი/Davit Sherazadishvili Mayor of Bolnisi,≤100
107034578358462,პოლიტიკური სატირა / Political Satire,პოლიტიკური სატირა / Political Satire,≤100
102063615283231,ფრიდონ ინჯია . Fridon Injia,ფრიდონ ინჯია . Fridon Injia,≤100
414248619353564,საქართველოს დაბადება,გირჩი • Girchi,≤100
114623925357107,საქართველოს ფოსტა / Georgian Post,საქართველოს ფოსტა / Georgian Post,≤100
1396827330340895,გოგი მეშველიანი / Gogi Meshveliani,გოგი მეშველიანი / Gogi Meshveliani,≤100
220225047997169,"დევნილთა, შრომის, ჯანმრთელობისა და სოციალური დაცვის სამინისტრო","დევნილთა, შრომის, ჯანმრთელობისა და სოციალური დაცვის სამინისტრო",≤100
136827876490842,საინფორმაციო ცენტრი ნატოსა და ევროკავშირის შესახებ • NATO & EU Info Center,საინფორმაციო ცენტრი ნატოსა და ევროკავშირის შესახებ • NATO & EU Info Center,≤100
1545848578984351,საქართველოს კონკურენციის ეროვნული სააგენტო •  gnca,Georgian National Competition Agency,≤100
222439314545383,სახელმწიფო სერვისების განვითარების სააგენტო / psda,სახელმწიფო სერვისების განვითარების სააგენტო / psda,≤100
196407173753743,ბოლნისის მუნიციპალიტეტის მერია/ Bolnisi Municipality City Hall,ბოლნისის მუნიციპალიტეტის მერია/ Bolnisi Municipality City Hall,≤100
115293058488180,საქართველოს ეროვნული არქივი/National Archives of Georgia,საქართველოს ეროვნული არქივი/National Archives of Georgia,≤100
285690758154568,გარემოს დაცვისა და სოფლის მეურნეობის სამინისტრო,გარემოს დაცვისა და სოფლის მეურნეობის სამინისტრო,≤100
371014900056787,ციფრული მმართველობის სააგენტო • Digital Governance Agency,ციფრული მმართველობის სააგენტო • Digital Governance Agency,≤100
194582501162686,KiKi,Tanadgoma,≤100
102689205025480,ქეთი თურაზაშვილი - Keti Turazashvili,ალეკო ელისაშვილი - მოქალაქეები,≤100
105513718835653,"მეცნიერების, განათლებისა და კულტურის პროფკავშირი - SEC Workers Union","მეცნიერების, განათლებისა და კულტურის პროფკავშირი - SEC Workers Union",≤100
107212234052832,მედიაკრიტიკა / Mediacritic,მედიაკრიტიკა / Mediacritic,≤100
1802248836771260,Weird Little Tales,These ads ran without a disclaimer,≤100
147710335240518,Eindhovens Dagblad,These ads ran without a disclaimer,≤100