﻿Page ID,Page name,Disclaimer,Amount spent (USD)
193342920825918,China News 中国新闻网,These ads ran without a disclaimer,≤100
106827194681183,Africa Equity Media,These ads ran without a disclaimer,≤100
150710244948176,Numotus,These ads ran without a disclaimer,≤100
565225540184937,CGTN,These ads ran without a disclaimer,≤100
89529786318,Elizabeth Glaser Pediatric AIDS Foundation,These ads ran without a disclaimer,≤100
326770580739640,Revive Israel Tikkun Global,These ads ran without a disclaimer,≤100
105737374415391,Sport En Commun,These ads ran without a disclaimer,≤100