﻿Page ID,Page name,Disclaimer,Amount spent (USD)
324882354342147,Krivosheev.live,Denis Krivosheyev,≤100
110277805025942,Алға Қазақстан,Алға Қазақстан,≤100
613142792176360,Sotreport.kz,Sotreport.kz,≤100
1945250445581724,Ведомости Казахстана,Валерий Самарец-Сурганов,≤100
2329940843948537,Клуб «Polyton»,Дмитрий Тихонов,≤100
170032706814473,Республика - Kazakhstan 2.0,Юлия Козлова,≤100
790702617731617,TALAP.Talks,These ads ran without a disclaimer,≤100
100179702009328,IMF in Russian,These ads ran without a disclaimer,≤100