﻿Page ID,Page name,Disclaimer,Amount spent (EUR)
93535661889,TV3 televizija,TV3 televizija,≤100
460195401047293,Enefit Lietuva,Enefit Lietuva,≤100
198404080183024,Swedbank Lietuvoje,„Swedbank“ Lietuvoje,≤100
233692766675500,YIT Lietuva,"YIT Lietuva, UAB",≤100
144390998341,Maltos Ordino Pagalbos Tarnyba - Maltiečiai,Maltos ordino pagalbos tarnyba,≤100
908109372657935,Neįgaliųjų reikalų departamentas prie SADM,Neįgaliųjų reikalų departamentas prie Socialinės apsaugos ir darbo ministerijos,≤100
103869638236737,MSD Lietuva,MSD,≤100
101148414840079,Debunk.org,Debunk.org,≤100
129433038849921,Litgrid,Litgrid AB,≤100
1085608784979392,Visuomenės ir verslo plėtros institutas,Visuomenės ir verslo plėtros institutas,≤100
81004804444,Liberalai,Liberalai,≤100
105924376125620,Lietuvos žmogaus teisių centras,Lietuvos žmogaus teisių centras,≤100
178362315106,European Parliament,European Parliament,≤100
1838977559657201,Kasparas Adomaitis,Kasparas Adomaitis,≤100
187111975181,Knygynų tinklas „Pegasas“,Pegasas,≤100
630229464086126,Lindström,Lindström,≤100
189830997701961,Lietuvos nacionalinis muziejus,Lietuvos nacionalinis muziejus,≤100
287613331259579,M.G.Maksimalietis,M.G.Maksimalietis,≤100
198341459649,LGL,LGL,≤100
1621012557985107,Vilniaus universiteto leidykla / Vilnius University Press,Vilniaus universitetas,≤100
106971448095397,ŽPV prevencija,MSD,≤100
1770790246511545,Perkuknyga.lt,Perkuknyga.lt,≤100
1860782777346343,Astons Russia,These ads ran without a disclaimer,≤100
173767875968236,Žalvaris,UAB Žalvaris,≤100
115107046595576,Krikščionių sąjunga,Krikščionių sąjunga,≤100
136670833106241,LTPF - Lietuvos teisėsaugos pareigūnų federacija,LTPF,≤100
100500041463161,Nenutrink medžio,VŠĮ „Už savus“,≤100
1266535153386545,Rimantas Dagys,Dagys Rimantas Jonas,≤100
105263208546786,Sveikatos teisės institutas STI,"Sveikatos teisės institutas, VšĮ",≤100
527351247377965,European Committee of the Regions,European Committee of the Regions,≤100
106222374637021,Daugiau balanso,Lygių galimybių kontrolieriaus tarnyba,≤100
127777341898,Kino teatras „Pasaka“,These ads ran without a disclaimer,≤100
620244244655757,Akademinis politologų klubas,Akademinis politologų klubas,≤100
289397611132,Working Ranch Magazine,These ads ran without a disclaimer,≤100
116348888049995,Interlitica,These ads ran without a disclaimer,≤100
100976675096468,Exmork Technology,These ads ran without a disclaimer,≤100
106569706154975,Modern Expo,These ads ran without a disclaimer,≤100
102780722682542,Una ragazza pechinese,These ads ran without a disclaimer,≤100