﻿Page ID,Page name,Disclaimer,Amount spent (ARS)
450525428374372,Secretaría de Derechos Humanos de la Nación,Secretaría de Medios y Comunicación Pública,1875
110079031997390,Con Larreta,Con Larreta,1134
341449295874456,SEOhoy,Momentum SEO,941
136275719722184,Diario El Litoral Santa Fe,El Litoral,786
1452353831716808,Gustavo Canteros,Proyecto Corrientes,783
367089004808,Amnistía Internacional Argentina,Amnistía Internacional Argentina,665
525334380868858,Martín Lousteau,Martín Lousteau,537
1970489049897070,Emiliano Yacobitti,Emiliano Yacobitti,472
206054467013925,Lucas Carballo,Lucas Manuel Alberto Carballo,436
238778949515431,El Cronista,El Cronista,423
20906273675,Greenpeace Argentina,Greenpeace Argentina,402
185922194792026,Myriam Bregman,Frente de Izquierda,363
419372375098772,PACO Achitte,Eduardo Alfredo Achitte,349
103088924366000,Noticias d,Noticias d,322
335926266503071,7D,7D,321
498407047269224,Miguel Arias,Miguel Mateo Arias,321
103010378532761,Iván Gyöker,Iván Nicolas Gyöker,306
107473468922571,Es hora de levantarse,Es Hora de Levantarse,291
508042719277404,Fabricio Bolatti,FABRICIO BOLATTI,199
194683810915627,Ariel Báez,Ariel Carlos Baez,194
109337155756466,Norte Grande Federal,NG FEDERAL,193
104147274759706,Periodismo de Izquierda,Periodismo de Izquierda,164
183940131655054,María Eugenia Vidal,María Eugenia Vidal,163
108261190561002,Laura Sprovieri,Laura Sprovieri,150
796480967084066,Cele Fierro,MST Movimiento Socialista de los Trabajadores,147
114271673602981,NEA HOY,NEA HOY,146
452525851510103,Nicolás del Caño,Frente de Izquierda,143
1408542766063285,Carla Carrizo,Ana Carla Carrizo,136
1279140805478956,Baires POST,Baires POST,134
459777610743664,Ariel Sujarchuk,HAY ALTERNATIVA PARA EL CAMBIO EN ESCOBAR - HACE,122
109237045323181,Patagonia Noticias,Patagonia Noticias,121
101996084777901,Mariela Belski,Mariela Belski,121
103462642684045,Ger Cura,Gerardo Jose Cura,117
175844725888213,Alejandro Bodart,MST Movimiento Socialista de los Trabajadores,107
125183747539071,Noticias Argentinas,Noticias Argentinas,104
105740201004457,Ya Basta - Juventud del Nuevo MAS,Izquierda Web,≤100
378225769015907,Fundación Embajada Abierta,Fundación Embajada Abierta,≤100
134557130216408,Jorge Jofré,Jorge Jofre,≤100
914256738635117,Agustín Romano Norri,Agustin Jose Norri,≤100
145806262649419,Fer Miño,Patria de Todos,≤100
105434454484182,Difusión de Prensa Argentina,Difusión de Prensa Argentina,≤100
101594852755793,El Bonaerense,El Bonaerense,≤100
113384436026702,Caren Tepp,Ciudad Futura,≤100
111064391804839,Argentina Productiva,Argentina Productiva,≤100
438942059479338,Izquierda Socialista,Frente de Izquierda Unidad,≤100
105237068485789,La Prensa Energética,La Prensa Energetica,≤100
102126974997519,La República Porteña,Republica Porteña,≤100
105493327767840,Newsweek Argentina,Newsweek Argentina,≤100
111509551806903,El Deportivo Web,El deportivo oficial,≤100
1075490039263857,Walter Ghione,Walter Ghione,≤100
441932999309507,Gabriel Real Diputado,Franco Nazareno Vitterbo,≤100
403416169712996,Fundación para la Investigación Científica y los Estudios Sociales,Fundación para la Investigación Científica y los Estudios Sociales,≤100
109064367346748,Javier Branca Concejal,Javier Eduardo Branca,≤100
101349631999937,Noticias para el Cambio,Noticias para el Cambio,≤100
857382087671921,Maxi Abad,radicalesorg,≤100
458384960873948,Alejandro Cacace,Alejandro Cacace,≤100
113898744658728,El Progreso Web,El Progreso,≤100
441212389961966,Rita Sallaberry,Rita Sallaberry,≤100
531559036880392,Tribunal Electoral de la Provincia de Misiones,Tribunal Electoral de la Provincia de Misiones,≤100
1461396270780254,Mendoza Post,Carlos Javier Ponce,≤100
114128604816454,Mia Cittadinanza Italiana,These ads ran without a disclaimer,≤100
101163591558152,PTC Therapeutics SAM,These ads ran without a disclaimer,≤100
1672892756263757,Juan Carlos Giordano,Izquierda Socialista,≤100
628498977777284,El Continental,Periodico El Continental,≤100
131028307231874,Cristina Britez,Cristina Britez,≤100
134751226547299,Joaquín De la Torre,Joaquín de la Torre,≤100
327150604873221,Municipalidad de Puerto Iguazú,Municipalidad de Puerto Iguazú,≤100
233734300112003,Juan Monteverde,Ciudad Futura,≤100
544986472243896,Data Diario,Data Diario,≤100
111637981320058,Productivismo - Política Argentina,Sergio Raul Samoilovich,≤100
273175230630,CAME - Confederación Argentina de la Mediana Empresa,CAME - Confederación Argentina de la Mediana Empresa,≤100
103088908746605,Expertos Internacionales en Desarrollo Sostenible,Analía Marsella,≤100
104919122026034,Revolución,Revolución,≤100
107590944370114,Voz de Santa Fe,www.vozdesantafe.com.ar,≤100
102225455988133,Ramiro Adanto,Franco Nahuel Adanto,≤100
810080482399261,Striptease del Poder,Francisco Javier Llorens,≤100
705172499580470,Gustavo Martinez,Gustavo Martinez,≤100
154150058623611,Izquierda Web Noticias,Izquierda Web,≤100
178501982481850,UCR Misiones,Saul Aaron Maidana,≤100
238608056195754,Leandro Busatto,Leandro Busatto,≤100
542137185925627,Atilio Basualdo Intendente,Victor Pablo Basualdo,≤100
103021535961289,Cede,Cede,≤100
258519981604620,Marcos Otaño,Matias Agustin Alvarez Pereyra,≤100
752831704894955,Celeste Ruiz Diaz,Maria Celeste Ruiz Díaz,≤100
1434475783438153,Magical,These ads ran without a disclaimer,≤100
113783585451798,Mariano Mansilla,Mariano Victorio Mansilla Garodnik,≤100
259700217384725,Le Monde diplomatique - Edición Cono Sur,Capital Intelectual S.A.,≤100
430773770330702,Gripe Prolongada - Dr. Jorge Derna,Gripe Prolongada - Dr. Jorge Derna,≤100
101961091604984,ARGMedios,arg medios,≤100
103163212414881,Néstor Fiser,Dahyana Natali Terrier,≤100
100135086249194,Noticias del Norte,Noticias del Norte,≤100
211047755609903,Anibal Calafell,Anibal Horacio Calafell,≤100
105455288953338,Esto es Boca,Esto es Boca,≤100
104646448661838,La Pampa Ahora,La Pampa Ahora,≤100
258101354389715,Santiago E. Lambertucci,Santiago Lambertucci,≤100
113923401326706,El país ya,El país ya,≤100
177720598950247,La Ciudad Desnuda,Juan Esteban Scoufalos,≤100
102436695787908,Chubut por el Cambio,Juntos por Chubut,≤100
1187338514630380,El rincón de Cris,Elizabeth Belen Acevedo,≤100
428179387610545,Agenda Malvinas,Agenda Malvinas,≤100
227761857237569,Instituto Gestar,Instituto GESTAR,≤100
185382695166196,Joaquín Blanco,Joaquín Blanco,≤100
104455719146837,El Meridiano,El Meridiano Noticias,≤100
827976107371258,Dr. Claudio Raúl Filippa,Dr. Claudio Raúl Filippa,≤100
111600998225620,Noticias Zero,Noticias Zero,≤100
146903305519923,Vocacion,Vocacion SRL,≤100
1702894209952550,La Yapa Salta 2023,José Francisco Fernandez Garnica,≤100
777456318937265,Fabián Brest Concejal PJ San Isidro,Fabian Dario Brest,≤100
1651324754987038,InfoAires,Comunicarg,≤100
100513966017836,Noticias del Sur,Noticias del Sur,≤100
2251397431784810,InfoArgentina,Comunicarg,≤100
1450732588568178,Carlos Ybrhain Ponce,Carlos Ybrhain Ponce,≤100
433136076759972,Edhasa Argentina,Edhasa Argentina,≤100
321762458692324,Sergio Castrillón,Mariano Gabriel Aguirre,≤100
967512253279966,Martin Medrano,Martin Medrano,≤100
133937418577537,Utopia Urbana,Utopía Urbana,≤100
107796462136638,La República Noticias,La República Noticias,≤100
1405120706440456,Conclusión,Diario Conclusión,≤100
105134442507191,Juntos por el Cambio Arroyo Algodón,Franco Exequiel Crosio,≤100
1801160446825374,Andrés Forgione,Roberto Andres Forgione Svoboda,≤100
747420075340256,El Agricultor Primero,These ads ran without a disclaimer,≤100
102670562720030,Asociación de Periodistas,Cele Roig,≤100
154643514568743,Sergio Abrevaya,Sergio Abrevaya,≤100
163829927003495,Armando Pipi Traferri,Armando Pipi Traferri,≤100
105716442346264,Conurnarnia,Conurnarnia,≤100
100932749306130,Noticias Andinas,Noticias Andinas,≤100
100272671672857,Carlos Cisneros,Carlos Cisneros,≤100
1426373070912699,Cholila Online Portal de Noticias Digital,Luis Darío Fernández,≤100
110276628358382,El Autónomo,El Autónomo,≤100
276078106173122,Mauricio Castillo,Mauricio Castillo,≤100
348498375215969,Ricardo Buryaile,Jeremias Biglia,≤100
341154072731043,Naranja Telefonica,Hernan Eduardo Ventre,≤100
105479475252542,Noticias Exaltación,Diego Ruben Sanchez,≤100
281151022835048,Atiano Masoneves,Atiano Damian Masoneves,≤100
152914224736727,Banco Mundial,These ads ran without a disclaimer,≤100
311431722397745,Unión Integral y Democrática de todos los pueblos-MID,These ads ran without a disclaimer,≤100
1892960024315209,Red Católicas por el Derecho a Decidir de América Latina y el Caribe,These ads ran without a disclaimer,≤100
903577146395715,Toronto Centre,These ads ran without a disclaimer,≤100
104909819029969,"Parteria,Ginecologia Natural & Reg.Akáshico",These ads ran without a disclaimer,≤100