﻿Page ID,Page name,Disclaimer,Amount spent (EUR)
72249031214,Partido Popular,Partido Popular,390
85475456459,Vodafone España,Vodafone España,186
57845333112,Save the Children España,Save the Children España,≤100
189318235003,PSOE,Partido Socialista Obrero Español,≤100
213159705740032,Círculo Podemos Ponferrada,Círculo Podemos Ponferrada,≤100
1594042857541409,Cs Carbajosa,Cs Carbajosa,≤100
133044800622,Greenpeace España,Greenpeace España,≤100
103911272426713,Vamos Palencia,¡Vamos Palencia!,≤100
394849374419833,Carlos Gª Carbayo,Carlos Gª Carbayo,≤100
306840072990831,Socios Cruz Roja,Socios Cruz Roja,≤100
78151799929,Amnistía Internacional España,Amnistía Internacional España,≤100
20108693880,Oxfam Intermón,Oxfam Intermón,≤100
407573742780370,IU Segovia,IU Segovia,≤100
11473659787,Educo,Educo,≤100
212100439710559,PSOE Ayuntamiento de Zamora,PSOE Ayuntamiento de Zamora,≤100
178362315106,European Parliament,European Parliament,≤100
710421425658959,PSOE Castilla y León,PSOE Castilla y León,≤100
169915749735403,CEAR,CEAR,≤100
179238492577646,Grupo Popular Ayuntamiento de Salamanca,Grupo Popular Ayuntamiento de Salamanca,≤100
276999106249,Asociación Española Contra el Cáncer,Asociación Española Contra el Cáncer,≤100
467925280299505,Médicos Sin Fronteras España,Médicos Sin Fronteras España,≤100
304863363036064,Miriam Andrés Prieto,Miriam Andrés Prieto,≤100
94118672764,ACNUR Comite español,ACNUR Comite español,≤100
57973661707,WWF España,WWF España,≤100
100160149099313,Justice Initiative,Justice Initiative,≤100
362765833804611,PSOE León,PSOE León,≤100
1492969844254443,PSOE Arico,PSOE Arico,≤100
101812872336696,Alivia,Fundación Alivia España,≤100
245741112112300,Ayuda En Acción,Ayuda En Acción,≤100
570770963015441,Podemos Aragón,COALICIÓN ELECTORAL PODEMOS ALIANZA VERDE,≤100
107518084857844,Sanitio Formación,These ads ran without a disclaimer,≤100
213086312044776,Aldeas Infantiles SOS de España,Aldeas Infantiles SOS de España,≤100
907075152781882,PSOE Ponferrada,PSOE Ponferrada,≤100
815597255122198,Osoigo,Osoigo,≤100
139153867956,Fundació Pasqual Maragall,Fundación Pasqual Maragall,≤100
47896270298,Iberostar Hotels & Resorts,Iberostar Hotels & Resorts,≤100
111122815295227,Partido Socialista Libre Federación - Socialistas X Ponferrada,Partido Socialista Libre Federación (PSLF) - Socialistas X Ponferrada,≤100
114515394586608,SENTIR ARANDA,Agrupación de electores SENTIR ARANDA,≤100
821902454827883,Wave Of Change,Wave of Change,≤100
103804202650797,Nadiesinlomínimo,Nadiesinlomínimo,≤100
1017016031820645,David Alcalde Valverde Virgen,David Alcalde Valverde Virgen,≤100
130003853694570,Izquierda Unida Zamora,Izquierda Unida Zamora,≤100
251020021637315,Iberdrola,Iberdrola,≤100
177626595648785,Fundación ONCE,Fundación ONCE,≤100
152984254897718,The Objective,The Objective Media SL,≤100
183202371808498,EH Bildu,EH Bildu,≤100
114433531559522,Jorge Pérez Robles,PSOE de Villaquilambre,≤100
1772591363067613,Revo Prosperidad Sostenible,Revo Prosperidad Sostenible,≤100
175357075823543,CRIS contra el Cancer,CRIS contra el Cancer,≤100
111892984250,Fundación World Vision España,Fundación World Vision International,≤100
473126329392309,Accem,Accem,≤100
129614120033592,Gurea Geroa,Gurea Geroa,≤100
131231529742,Fundación Anesvad,Fundación Anesvad,≤100
816037411765482,Itagra formación,Itagra Formación,≤100
366619768708,Plan International España,Plan International España,≤100
115944275248057,PSOE Sahagún,PSOE Shagún,≤100
117887575012127,Leche Pascual,Leche Pascual,≤100
171998672850722,REPSOL,REPSOL,≤100
244777995534742,Ayuda a la Iglesia Necesitada - ACN España,Ayuda a la Iglesia Necesitada,≤100
161616883888862,Parlamento Europeo - Oficina en España,Parlamento Europeo - Oficina en España,≤100
281802578697399,Adrián Barbón,Federación Socialista Asturiana FSA-PSOE,≤100
57973661707,WWF España,WWF España,≤100
95878687102,Fundación Vicente Ferrer,Fundación Vicente Ferrer,≤100
45817335745,Entreculturas,Entreculturas,≤100
184715964882826,Fundación Mutua Madrileña,Fundación Mutua Madrileña,≤100
209596949081406,Fundación ANAR,Fundación ANAR,≤100
145392772153769,InfoBierzo,Zimmer Press SL,≤100
1551600245056675,Ibiza Pride,Ibiza Pride,≤100
988042594725110,PP Cubas de la Sagra,CREATYVA CENTRAL PUBLICITARIA SL,≤100
216290708406257,Alianza por la Solidaridad,Alianza por la Solidaridad,≤100
228545230545402,Manos Unidas,Manos Unidas,≤100
302436570114382,Amigos de los Mayores,Amigos de los Mayores,≤100
114246916794630,En Asma el Cero Cuenta,Edelman Spain,≤100
386544511535601,Comité Ciudadano Anti-Sida de Burgos,Comité Ciudadano Anti-Sida de Burgos,≤100
765407570150834,CsEuskadi,Ciudadanos,≤100
105848177845789,All Out en español,All Out en español,≤100
111515815585558,Solidaridad Internacional,Solidaridad Internacional,≤100
741696855903082,Opositatest,Opositatest,≤100
132850536742025,Partido Popular de Aragón,Partido Popular de Aragón,≤100
112538350301638,Ministerio de Igualdad,These ads ran without a disclaimer,≤100
341793479830142,Padrinos por la Discapacidad,FUNDACIÓN JUAN BONAL,≤100
344832912281662,Fundación Adecco,Fundación Adecco,≤100
131917366935150,Zurich,Zurich,≤100
553983948100016,Músicos por la Salud,Fundación Social District (Músicos por la Salud),≤100
105484811020545,Ecólatras,Ecólatras,≤100
489030751247982,Novartis España,Novartis,≤100
112855748370968,"Contigo Tudela ""Toma La Palabra""","Contigo Tudela ""Toma La Palabra""",≤100
174861442642585,Defensa Social,Defensa Social,≤100
120104454689359,MAPFRE,MAPFRE,≤100
106657974847796,Junior Report,Junior Report,≤100
522165734963300,USR Spania și Portugalia,Partidul Uniunea Salvați România,≤100
603070196369791,EAJ PNV Araba,EAJ-PNV,≤100
472993039555396,PP Lugo local,PP Concello de Lugo,≤100
70020937349,SEO/BirdLife,SEO/BirdLife,≤100
2356861491237297,Aiara Batuz,Aiara Batuz,≤100
328501003939356,UIK,UIK,≤100
179666655404875,Comisión Europea en España,Comisión Europea en España,≤100
546163778860630,Mesa de la Ría,Mesa de la Ría de Huelva,≤100
154606807934565,Populares de La Roda,PARTIDO POPULAR LA RODA,≤100
471951929539262,Energia_Vital,Energia_Vital,≤100
1769311653388327,Diari La Ciutat de Tarragona,Diari La Ciutat,≤100
128142261270017,Fundación Repsol,Fundación Repsol,≤100
711070775679625,Huawei Spain,Huawei Spain,≤100
105775779046568,Diego Canga Fano,Partido Popular de Asturias,≤100
400445143359153,Fundació Silvestre,Fundació Silvestre,≤100
178168275528158,Secretaría General Iberoamericana (SEGIB),Secretaría General Iberoamericana (SEGIB),≤100
105587705334940,Padrinos,FUNDACIÓN JUAN BONAL,≤100
647816811904202,PSC Sant Feliu de Llobregat,PSC Sant Feliu de Llobregat,≤100
104626078500694,Theramex Spain,Theramex Healthcare Spain SLU,≤100
185420298267664,Alternativa Dos Veciños,Alternativa dos Veciños,≤100
113092447385,Twenergy,Twenergy,≤100
851797758163947,Gana Medina,Gana Medina,≤100
102134199167166,Instituto Universitario de Liderazgo,Lorente Lopez Sara,≤100
2079113599036168,Guadalupe Nauda,Guadalupe Nauda,≤100
138311156188297,Fundación Cajasol,Fundación Cajasol,≤100
158287010886289,Hay Derecho,Hay Derecho,≤100
796716270345901,Ecoforest,Ecoforest,≤100
1035516339843936,Relevo Contigo,Relevo Contigo,≤100
109630835242660,Olaya Suárez,Olaya Suárez,≤100
1716846438609314,Haz Testamento Solidario,"DARYL UPSALL & ASSOCIATES, S.L.",≤100
103846978515471,Institut d'Estudis Politics,Institut d'Estudis Politics,≤100
73510463324,Partido Socialista de Navarra (PSN-PSOE),PSN-PSOE,≤100
100127678806934,Jon Iraola Iriondo,PSE-EE GIPUZKOA,≤100
425291327652957,Galletas Gullón,Galletas Gullón,≤100
121794324641122,Forbes España,Forbes España,≤100
1390745591150821,NRC - Norwegian Refugee Council,These ads ran without a disclaimer,≤100
102134199167166,Instituto Universitario de Liderazgo,Instituto Universitario de Liderazgo,≤100
174696652583261,Fundación Aladina,Fundación Aladina,≤100
2359680654287432,FORO Caso,FORO,≤100
130159273838199,PSdeG-PSOE Vilagarcía,PSdeG-PSOE Vilagarcía,≤100
590383217731500,Iniciativa Por El Rosario-Verdes,These ads ran without a disclaimer,≤100
519314391541186,Psoe Alcaudete,Psoe Alcaudete,≤100
108153764300977,Alcalá Futura,Alcalá Futura,≤100
110708001520980,Kanduh,Kanduh,≤100
267353906619818,Mr. Gugu & Miss Go,These ads ran without a disclaimer,≤100
136233853252388,Iu Cádiz Ciudad,Iu Cádiz Ciudad,≤100
107585941917299,Futuro,Futuro,≤100
112890951401343,Alminutonoticias,Alminutonoticias,≤100
2236415766605276,"Berja, vamos a más","Berja, vamos a más",≤100
270587517074225,MySolarEnergy,MySolarEnergy,≤100
159665490863316,Cepsa,"COMPAÑÍA ESPAÑOLA DE PETRÓLEOS, S.A. (CEPSA)",≤100
329166974398268,Loren Medina,Loren Medina,≤100
216211528733118,TAPP Water,These ads ran without a disclaimer,≤100
116136108464509,CaixaBank,CaixaBank,≤100
198198820328526,Psoe La Rioja,PSOE La Rioja,≤100
1005758609559650,Jorge Azcón,Partido Popular Zaragoza,≤100
657705047950864,Lucas Ferro,Lucas Ferro,≤100
303327820010023,Valents L’Hospitalet,These ads ran without a disclaimer,≤100
134590246581400,Parlament Europeu a Barcelona,Parlament Europeu a Barcelona,≤100
101564882873979,Invеrsоr RedEl,These ads ran without a disclaimer,≤100
527351247377965,European Committee of the Regions,European Committee of the Regions,≤100
1416480145321673,Jessica de León Verdugo,Jessica de León Verdugo,≤100
2027572763988835,Más Madrid,Coalición electoral MÁS MADRID-VERDES EQUO,≤100
513589438722143,Compromís-Verds Calp,Compromís,≤100
1383583355250118,Psoe de La Algaba,Psoe de La Algaba,≤100
105664031745,UNRWA.es,UNRWA España,≤100
357998244350278,Populares Ciudad Real,Populares Ciudad Real,≤100
110719683960962,Adelante Sanlúcar de Barrameda,Adelante Andalucía Sanlúcar,≤100
1644939442406544,Socialistas La Vila,Socialistas La Vila,≤100
104397935779380,Trajado,These ads ran without a disclaimer,≤100
340569499642887,In Género,In Género,≤100
325746574210851,PP Vitoria-Gasteiz,PARTIDO POPULAR DE ÁLAVA,≤100
468082066665498,María Dolores Corujo Berriel,María Dolores Corujo,≤100
87930687376,PSC Partit dels  Socialistes de Catalunya,PSC Partit dels  Socialistes de Catalunya,≤100
301640760070,Fontilles,Fontilles,≤100
126470724088118,PP Álava,PARTIDO POPULAR,≤100
231266226928934,PP Andújar,PP Andújar,≤100
2136875976576551,Más Madrid Ciudad,Más Madrid,≤100
392350094277764,Ángel L. Hernández,PODEMOS,≤100
1732871583597515,Rodrigo,These ads ran without a disclaimer,≤100
1628240223885309,Ana Barceló,Ana Barceló,≤100
182309018544469,Juan Martel,These ads ran without a disclaimer,≤100
208010139225371,IU Huétor Vega,IU Huétor Vega,≤100
385565258868748,Javier Botella,Unión Portuense,≤100
107775045149642,PP Valverde del Fresno,PP Valverde del Fresno,≤100
105371845887214,Sergio Hidalgo Alonso,FORO Asturias,≤100
393648528050997,PP Atarfe,PP Atarfe,≤100
386077058130018,PSOE Collado Villalba,PSOE COLLADO VILLALBA,≤100
106210422471593,Compromiso_gal_santiago,Compromiso por Santiago,≤100
144709575593854,EESC - European Economic and Social Committee,EESC - European Economic and Social Committee,≤100
139153867956,Fundació Pasqual Maragall,Fundació Pasqual Maragall,≤100
108150251544616,FORO Asturias Occidente,FORO,≤100
520454785025802,La Despensa de Cercedilla,These ads ran without a disclaimer,≤100
377697609099758,PSOE Valdemorillo,PSOE Valdemorillo,≤100
1616417678586264,PSOE Alhaurín El Grande,PSOE Alhaurín el Grande,≤100
228263857292151,Populares Marbella San Pedro,Partido Popular Marbella - San Pedro,≤100
170970449608409,PSOE Aragón,PSOE Aragón,≤100
226263258100,SOCIALISTAS VASCOS,SOCIALISTAS VASCOS,≤100
102925069351403,Activar Villena,PP Villena,≤100
638585286260533,MÉS per Marratxí,MÉS per Mallorca,≤100
157783340940291,FORO Asturias,FORO,≤100
126470724088118,PP Álava,PP alaveses,≤100
204908063581126,Generación SAVIA,Generación SAVIA - Fundación Endesa,≤100
232048120990011,Bizislowbarakaldo,These ads ran without a disclaimer,≤100
192609414119158,Populares Calahorra,Populares Calahorra,≤100
506452939501653,Círculo Podemos Adeje,Círculo Podemos Adeje,≤100
98277678847,Partido Popular de Galicia,Partido Popular de Galicia,≤100
357646194393914,Poble Actiu,Poble Actiu,≤100
1394202187555081,Patricia Hernández Gutiérrez,PSOE Santa Cruz de Tenerife,≤100
823069741102143,PSdeG-PSOE Culleredo,PSdeG-PSOE Culleredo,≤100
110903811993447,Rafa Burgos,Rafaél Jesús Burgos Castelo,≤100
108802918807003,FORO Amieva,FORO,≤100
1604260333186976,PRC Miengo,These ads ran without a disclaimer,≤100
1657481797839467,Rita Maestre,Más Madrid,≤100
841703202573273,BNG de Silleda,BNG - Bloque Nacionalista Galego,≤100
112715368367343,Zeljko Petrovic Zekic,These ads ran without a disclaimer,≤100
635548300422173,CCD Torreblanca,CCD Torreblanca,≤100
880898781934441,Populares de Miguelturra,Populares de Miguelturra,≤100
1388794701411233,IU Medina Sidonia,IU Medina Sidonia,≤100
100912541413695,Más Impulso,These ads ran without a disclaimer,≤100
323337264521482,Socialistas Buenavista del Norte,These ads ran without a disclaimer,≤100
713474208684131,Podemos Euskadi,Podemos Euskadi,≤100
189715157717723,La Región,La Región,≤100
808224965913700,BNG A Gudiña,BNG A Gudiña,≤100
161916260510295,Òmnium Cultural,Òmnium Cultural,≤100
349070085158795,PSOE provincia de Badajoz,PSOE provincia de Badajoz,≤100
106707916656,UPN - Unión del Pueblo Navarro,UPN,≤100
1605548733019004,Partido Popular de Calasparra,Partido Popular de Calasparra,≤100
1656731171220154,Ciuca - Telde,Ciuca - Telde,≤100
107177612200219,Natalia Chueca,Natalia Chueca,≤100
113053673506196,Cáceres Viva,Cáceres Viva,≤100
114340890425106,Ecoviu,ecoviu,≤100
128019127293488,Infomiño.com,Partido Popular de A Guarda,≤100
109804605891436,Socialistas Vizcaínos,Socialistas Vizcaínos,≤100
492842464489895,Lliures Roses,Lliures Roses,≤100
109453372148058,Javier Ceruti,Ciudadanos,≤100
89151782746,Fauna & Flora,These ads ran without a disclaimer,≤100
105968126106920,Repreve,These ads ran without a disclaimer,≤100
106119299072087,Sisters of Ukraine,These ads ran without a disclaimer,≤100
112315805184691,Инновации Илона,These ads ran without a disclaimer,≤100