﻿Page ID,Page name,Disclaimer,Amount spent (EUR)
46590675335,Save the Children Italia,Save the Children Italia,195
40433567307,UNICEF Italia,UNICEF Italia,195
183047736356,EMERGENCY,EMERGENCY,101
73493613024,ActionAid Italia,ActionAid Italia,≤100
210270519580762,Francesco Italia Sindaco,Francesco Italia Sindaco,≤100
182631478421403,Rio Mare,Bolton Food,≤100
68826971281,Edison,Edison Spa,≤100
112349000332251,Davide Marraffino - Consigliere,Davide Marraffino - Consigliere,≤100
103968169809912,Credem Banca,Finanziato da Credem Banca,≤100
53347533412,LAV,LAV Onlus,≤100
39993728498,Amnesty International - Italia,Amnesty International Italia,≤100
35346524498,Greenpeace Italia,Greenpeace Italia,≤100
101809911384599,Flowe,Flowe,≤100
106642341804004,Marco Intravaia,Marco Intravaia,≤100
103751447990333,Giovanni Amato Movimento 5 Stelle,Giovanni Amato Movimento 5 Stelle,≤100
688807341172196,Medici Senza Frontiere - Gruppo di Palermo,Medici Senza Frontiere - Gruppo di Palermo,≤100
116111724811149,Io sto con Zaccà,Francesco Filippo Zacca,≤100
119355131059934,Cerda Progetto Comune - Riolo Sindaco,Cerda Progetto Comune - Riolo Sindaco,≤100
104667969258692,Quintino Rocca Sindaco,Quintino Rocca Sindaco,≤100
101299305993199,Paolo Starvaggi - Sant'Agata va in porto,Paolo Starvaggi - Sant'Agata va in porto,≤100
50396156556,Francesco Fichera Sindaco,Francesco Fichera Sindaco,≤100
178362315106,European Parliament,European Parliament,≤100
1500883786707762,Francesco Brillante sindaco di Trapani,Francesco Brillante sindaco di Trapani,≤100
309840349048638,e.on,E.ON Energia,≤100
117656641216815,Giacomo Tranchida - Sindaco di Trapani,Giacomo Tranchida - Sindaco di Trapani,≤100
113425918365945,Giovanni Cultrera - Sindaco,Giovanni Cultrera,≤100
1000392486681830,Italia Viva,Italia Viva,≤100
542186902560698,Unione Buddhista Italiana,Unione Buddhista Italiana,≤100
113371038388348,Maurizio Caserta,Maurizio Caserta,≤100
48677844864,Amref Health Africa - Italia,Amref Health Africa - Italia,≤100
70212282110,Altroconsumo,Altroconsumo,≤100
163857096962330,SodaStream Italia,SodaStream Italia,≤100
110618421978995,Maurizio Miceli Sindaco,Maurizio Miceli Sindaco,≤100
196175940529862,Edy Bandiera,Edy Bandiera,≤100
100892254947063,Bulfamante Pietro - Consigliere Comunale,Bulfamante Pietro - Consigliere Comunale,≤100
116111724811149,Io sto con Zaccà,These ads ran without a disclaimer,≤100
100304179175212,Piermaria Capuana,Piermaria Capuana,≤100
1557163024589428,EcoFuturo Festival,EcoFuturo Festival,≤100
137779833073053,Salvo Liuzzo candidato Sindaco,Salvo Liuzzo candidato Sindaco,≤100
188623431682250,Ivan Scimonelli,Ivan Scimonelli,≤100
639135403145267,Davide Rossitto,Davide Rossitto,≤100
88997912868,WWF Italia,WWF Italia,≤100
219476978806244,Peppe Cassì,Peppe Cassì,≤100
378568295634789,Il Sole 24 ORE - Fisco,Il Sole 24 ORE - Fisco,≤100
111726648535640,SI / Tommaso Micalizzi Sindaco,SI / Tommaso Micalizzi Sindaco,≤100
65737832194,Medici Senza Frontiere,Medici Senza Frontiere,≤100
299584710061488,WeWorld Onlus,WeWorld Onlus,≤100
151549811565741,Studio Legale Avv. Giuseppe Lipera del Foro di Catania,Studio Legale Avv. Giuseppe Lipera del Foro di Catania,≤100
253657775240887,Pulsee,Axpo Italia,≤100
101094702981116,Vincenzo Piazza,Vincenzo Piazza,≤100
519696408044791,Sergio Bonafede,Sergio Bonafede,≤100
1840254292684395,Sebastiano Sgroi - San Gregorio,Sebastiano Sgroi - San Gregorio,≤100
105558659183305,Renata Giunta Sindaca,Renata Giunta Sindaca,≤100
179082995487557,SOS Villaggi dei Bambini - Italia,SOS Villaggi dei Bambini - Italia,≤100
190837724659552,Consulcesi,Consulcesi,≤100
114657781604393,Armando Fava - Candidato al Consiglio comunale di Ragusa,Armando Fava,≤100
105703889174360,Ferdinando Messina Sindaco,Marta Messina,≤100
295129913955200,Aboca,Aboca,≤100
887405791294493,Scuola Greco Pittella,Scuola Greco Pittella S.r.l.,≤100
195415460223,Marcello Ranno in comune,Marcello Ranno in comune,≤100
109491080460389,Bambine Non Spose,WeWorld Onlus,≤100
150144325048677,Il Sole 24 ORE - Enti locali e Edilizia,Il Sole 24 ORE - Enti locali e Edilizia,≤100
309618843020,Fondazione Ronald McDonald,Fondazione per l'Infanzia Ronald McDonald Italia,≤100
476785099053430,MoVimento 5 Stelle Siracusa,Movimento 5 Stelle Siracusa,≤100
139503039461017,IBL Banca,IBL Banca Spa,≤100
634243093317092,Amoro srl,Amoro Srl,≤100
115739044819795,Rosaria Perricone al Consiglio Comunale di Ragusa,Rosaria Perricone al Consiglio Comunale di Ragusa,≤100
284515247529,Corriere della Sera,Corriere della Sera,≤100
103017831318330,Sergio Firrincieli Sindaco per Ragusa,Sergio Firrincieli,≤100
111832208899724,Il Sole 24 ORE - Diritto24,Il Sole 24 ORE - Diritto24,≤100
519490478135836,Wolters Kluwer Italia,Wolters Kluwer Italia,≤100
251763681572567,Gianluca Cannavò - Solo per Acireale,Gianluca Cannavò - Solo per Acireale,≤100
161746774183128,Tam Tam tv Siracusa,Tam Tam Tv,≤100
570007629863789,IlSicilia.it,IlSicilia.it,≤100
107356064962347,Hai Prenotato Vero?,casiraghi greco srl,≤100
111037718571749,Angelo Balsamo Candidato Sindaco,Angelo Balsamo Candidato Sindaco,≤100
320002541432025,Tradimalt Spa,Tradimalt Spa,≤100
103328976089700,Salvatore Litrico,Vincenzo Barbagallo,≤100
955226457998129,ZTL,ZTL,≤100
1704592752957919,Daniele Bottino Consigliere Comunale,Daniele Bottino Consigliere Comunale,≤100
693492780985618,HSI/Italia,HSI/Italia,≤100
187561254997,Il Sole 24 ORE - Lavoro,Il Sole 24 ORE - Lavoro,≤100
143185232391413,Il Sole 24 ORE - Immobili e Condominio,Il Sole 24 ORE - Immobili e Condominio,≤100
1093222784082778,World Vision Italia,World Vision Italia Onlus,≤100
106106079146139,Emanuela Giuffrida,Emanuela Giuffrida,≤100
101873482909543,Rito Compilato Sindaco - Alternativa Sangiovannese,Alternativa Sangiovannese,≤100
116756804715569,Leandro Giurdanella per Monisteri Sindaco,Leandro Giurdanella,≤100
108099915586951,Umberto Calvanese,Umberto Calvanese,≤100
2259577060934800,Huawei Italia,Huawei Italia,≤100
116674114654565,Chiudi col gas,Chiudi col gas,≤100
104476412377983,De Luca per Ragusa - Cassì Sindaco,Saverio Buscemi,≤100
477395788983744,Pro Castellammare,Pro Castellammare,≤100
311252102703548,Progettiamo Santa Ninfa - Carlo Ferreri Sindaco,Progettiamo Santa Ninfa - Carlo Ferreri Sindaco,≤100
203948240315984,Maria Monisteri,Comitato Elettorale Maria Monisteri,≤100
112231411542422,Davide Vasta • Deputato all’Assemblea Regionale Siciliana,Davide Vasta,≤100
126578555602,Skuola.net,Skuola.net,≤100
1186359874841377,Rossana Cannata,Rossana Cannata,≤100
131624926503865,Giuseppe Capizzi Sindaco,Lista Civica Nuova Era,≤100
201484606557114,Fotovoltaico per Te,Fotovoltaico per Te,≤100
110220315386380,Gregorio Raciti,GREGORIO RACITI SUD CHIAMA NORD,≤100
112154855181911,Giuseppe Costante,Giuseppe Costante,≤100
100684596232027,Risorgi Maletto - Antonio Mazzeo Sindaco,Risorgi Maletto - Antonio Mazzeo Sindaco,≤100
106584169062521,Aldo Grammatico - Tutta un'altra storia per Paceco,Aldo Grammatico - Tutta un'altra storia per Paceco,≤100
233622977397539,Viviana Lombardo,Viviana Lombardo,≤100
108785032174220,Mario Presti,Mario Presti,≤100
229852740434983,Nino Garozzo Sindaco,Nino Garozzo,≤100
230738230802831,Federazione Nazionale dei Cavalieri del Lavoro,Federazione Nazionale dei Cavalieri del Lavoro,≤100
112549491814117,Francesco Bravato,Francesco Bravato,≤100
103560492708813,Rossana Caruso,Rossana Caruso,≤100
116541314761725,Marilia Di Giovanni Consigliera,Marilia Di Giovanni,≤100
100896914607046,dejan_cetnikovic,Karaoke Reporter,≤100
113582678388231,Daniele Cavallaro,Daniele Cavallaro,≤100
110620717280562,Movimento Civico 4,Movimento Civico 4,≤100
2054588024816421,Sergio Schininà,Sergio Schininà,≤100
113077008395911,Andrea Ingiulla Sindaco,Andrea Ingiulla Sindaco,≤100
313559438694166,VIDAS - Assistenza ai Malati inguaribili,VIDAS - Assistenza ai Malati inguaribili,≤100
102000366519353,EIPASS,Certipass srl,≤100
247955922444460,Simone Digrandi,Simone Digrandi,≤100
101454735380764,LaEsse News,LaEsseNews,≤100
1843691212524792,ASviS - Alleanza Italiana per lo Sviluppo Sostenibile,ASviS - Alleanza Italiana per lo Sviluppo Sostenibile,≤100
333035670651424,Sicilia Medica,Sicilia Medica,≤100
312933172093226,Associazione Luca Coscioni,Associazione Luca Coscioni,≤100
410043459011308,Fondazione IEO Monzino,Fondazione IEO-MONZINO,≤100
91261353336,Terre des Hommes Italia,Terre des Hommes Italia,≤100
115547091466418,Ivana Castello sindaca,Ivana Castello sindaca,≤100
45408828511,OIPA Italia,OIPA,≤100
1692232124412053,Protezione Sociale Italiana,Protezione Sociale Italiana,≤100
422703967772535,Lega - Salvini Premier,Lega - Salvini Premier,≤100
192141407570169,Rizzoli,Rizzoli,≤100
102475632822927,Cristina Grasso per il Consiglio Comunale di Catania,Cristina Grasso,≤100
123495291012482,Salone Internazionale del Libro,Salone del Libro,≤100
723870194640758,Belpasso in Comune,Belpasso in Comune,≤100
117390074616866,reAttiva Acate,reAttiva Acate,≤100
123782404856741,Giuffrè Francis Lefebvre,Giuffrè Francis Lefebvre,≤100
117098931321158,IDEAlist,IDEAlist,≤100
1014207595271736,Azione contro la Fame Italia,Azione contro la Fame Italia,≤100
113071918732530,Animal Equality Italia,Animal Equality Italia,≤100
598765886892277,Forever Bambù Società Benefit,Forever Bambù,≤100
1410504362543805,Paolo Pennisi,Paolo Pennisi,≤100
2797201316986482,Annalisa Tardino,Annalisa Tardino,≤100
113180296797058,Davide Musumeci - Candidato al Consiglio Comunale di Catania,Davide Musumeci - Candidato al Consiglio Comunale di Catania,≤100
31893742684,Banca Sella,BANCA SELLA SPA,≤100
110372232331805,Mission Bambini,Mission Bambini,≤100
844001342283748,Paolo Cavallaro candidato consiglio comunale Siracusa,Paolo Cavallaro candidato consiglio comunale Siracusa,≤100
48677844864,Amref Health Africa - Italia,Amref Health Africa,≤100
252449503661,La7,La7,≤100
314813895237426,Fondazione Bracco,Fondazione Bracco,≤100
865166100210938,Bosch Italia,Bosch Italia,≤100
1871438029559484,Riccardo Gennuso,Riccardo Gennuso,≤100
153574674705426,AVSI,AVSI,≤100
1410474395723679,Petizioni.it,Petizioni.it,≤100
988564131291116,Lanfranco Zappalà Sindaco,Lanfranco Zappalà Sindaco,≤100
1836594869687471,Casa Don Puglisi,Associazione di Volontariato Don Giuseppe Puglisi Onlus,≤100
870268356345640,Helpcode - Il diritto di essere bambini,Helpcode - Il diritto di essere bambini,≤100
102075069519023,MetaCometa,MetaCometa APS,≤100
110598062026952,Santy Rannone,Evolve Agency,≤100
136888059662453,Mani Tese Ong Onlus,Mani Tese Ong Onlus,≤100
580828552286623,Salvo Privitera Consigliere Comunale,Salvo Privitera Consigliere Comunale,≤100
1657214567845698,BPER Banca,BPER Banca,≤100
102259352870827,Vincenzo Pace Sindaco,Legalità e speranza Vincenzo Pace Sindaco,≤100
112707325101421,Luigi Savio Sortino,Luigi Savio Sortino,≤100
218932788177609,Soleterre Onlus,Soleterre Onlus,≤100
106199837902239,Innesti,Caviro sca,≤100
583229838437691,Conflavoro PMI,Conflavoro PMI,≤100
431324813546160,Otto per Mille Valdese,Otto per Mille Valdese,≤100
92505448987,CGIL Confederazione Generale Italiana del Lavoro,CGIL Confederazione Generale Italiana del Lavoro,≤100
105517781627039,RM scuola - Università,RM Scuola Campus,≤100
584708468315842,Artemisia Fondazione,Artemisia Fondazione,≤100
1613955835513725,Video Star,Vincenzo Amato,≤100
109455948776363,Tonino Margagliotti SiAmo Priolo,Tonino Margagliotti SiAmo Priolo,≤100
647837585241405,I Wonder Pictures,I Wonder Pictures,≤100
150200761667597,Oxfam Italia,Oxfam Italia,≤100
279234965434875,Energit,Energ.it Spa,≤100
150738452145624,BASF Italia,Basf Italia S.p.a.,≤100
57751256819,Confprofessioni,Confprofessioni,≤100
142331079621154,RESET,RESET S.r.l.,≤100
124450774313284,Etica Sgr,Etica Sgr,≤100
110613501879102,Michela Grasso - candidato sindaco,Michela Grasso - candidato sindaco,≤100
661243440591428,Raffaella Paita,Raffaella Paita,≤100
276893559610832,Matteo Catania,Matteo Catania,≤100
160297837351805,CGT Caterpillar,CGT S.p.A.,≤100
101866495232330,Cristian Trio,Cristian Trio,≤100
851927164832967,Colussi GranTurchese,Colussi,≤100
180329672596502,Fratelli d'Italia Senato,Fratelli d'Italia Senato,≤100
222461425147,Nuovi Orizzonti,Nuovi Orizzonti,≤100
124061623960970,Giovanna Strano impegno per Siracusa,Giovanna Strano,≤100
1749907845093878,Fabio Manciagli - Candidato al consiglio comunale della Città di Acireale,Fabio Manciagli - Candidato al consiglio comunale della Città di Acireale,≤100
101732063293364,Istituto Toniolo,Istituto Toniolo,≤100
1448101522079687,Onlymoso,Onlymoso,≤100
105516089470922,CBM Italia Onlus,CBM Italia Onlus,≤100
232017336910584,Rivista Il Borghese,Casa Editrice Pagine,≤100
182120865170178,Gianluigi Paragone,Gianluigi Paragone,≤100
100964541456650,Will Media,Will Media,≤100
171795872872353,ISPI - Istituto per gli studi di politica internazionale,ISPI - Istituto per gli studi di politica internazionale,≤100
120380341313167,Sinistra Italiana,Sinistra Italiana,≤100
180275292801010,Fratelli d'Italia Camera,"Gruppo Parlamentare della Camera dei Deputati ""Fratelli D'Italia""",≤100
557773551234843,Schroders Italy,Schroder Investment Management (Europe) S.A. - Succursale Italiana,≤100
377901329389619,Ener2Crowd,Ener2Crowd,≤100
162764457111560,Dynamo Camp,Fondazione Dynamo Camp Onlus,≤100
1635049603278902,Carmelo D'Urso,Carmelo D'Urso,≤100
109627695436894,Angelo Greco,Angelo Greco,≤100
267617064117828,Plastic Free,Plastic Free Odv Onlus,≤100
1744930932393043,Carlo Auteri,Carlo Auteri,≤100
197449616933013,Le edizioni del Mulino,Le edizioni del Mulino,≤100
102808527862361,Uniti per la Siria,WeWorld Onlus,≤100
234250624070408,ONBSI,ONBSI,≤100
793211171059364,Francescani per la Vita,Francescani per la Vita,≤100
112221911380832,InvEu,Agrifondi srl,≤100
113285405092575,Tino Antoci,Tino Antoci,≤100
329374603934329,NET ITALY ETS Associazione italiana Pazienti Tumore Neuroendocrino,NET ITALY ETS,≤100
1534292720039481,Gruppo Caviro,Gruppo Caviro,≤100
113641134963649,Fabio Filippino,Plan Studios Group Srl,≤100
421539548423434,SOS Rifugiati,UNHCR Italia - Agenzia ONU per i Rifugiati,≤100
587213524737852,WebSalute - Vvox,WebSalute,≤100
863841003671139,Associazione Energia da Biomasse Solide,Associazione Energia da Biomasse Solide (EBS),≤100
1675937735981041,Zurich,Zurich,≤100
96235894379,Teknoring,Wolters Kluwer Italia S.r.l.,≤100
126662574668084,Più Europa,Più Europa,≤100
105796680963553,Gruppo Editoriale La Scuola SEI,Editrice La Scuola,≤100
59374667427,Alice for Children,Alice for Children,≤100
166027216814695,Firriato,Firriato Winery,≤100
101764407875365,NeN,NeN Energia,≤100
1908065165883983,Alessandro Sittinieri,Alessandro Sittinieri,≤100
1355429651258306,Rioda,Rioda,≤100
1506899926282450,Fondazione UNA,Fondazione UNA Onlus,≤100
131490729846100,Rosario Condorelli - Sindaco di Gravina di Catania,Rosario Condorelli - Sindaco di Gravina di Catania,≤100
1704304106558735,MIO Catania - Movimento imprese ospitalità,Roberto Tudisco,≤100
1710827805727348,Fondazione Libellula,Fondazione Libellula,≤100
576664002355828,CIWF Italia,CIWF Italia Onlus,≤100
169042736456594,All Out,All Out,≤100
104856921232620,Antonino Salsone,Antonino Salsone,≤100
427045550656152,Fondazione TOG,Fondazione TOG,≤100
73842934441,CIAI,CIAI,≤100
1486718904933717,Fondazione Compagnia di San Paolo,Compagnia di San Paolo,≤100
375882802451994,Capitalfin,Capitalfin,≤100
227160244510020,Francesca Alderisi,These ads ran without a disclaimer,≤100
101067571696261,Salvo Sallemi,Salvatore Sallemi Sindaco,≤100
331092066942114,Fondazione Italia Uganda,Fondazione Italia Uganda Onlus,≤100
635867170171423,Pagina Antonino Zinnanti,Pagina Antonino Zinnanti,≤100
1819470518348724,Rita Corrini Sindaco / Insieme Per Roccalumera,Rita Corrini Sindaco / Insieme Per Roccalumera,≤100
109257562058009,Gianfranco Fidone Sindaco,Gianfranco Fidone Sindaco,≤100
505586582810644,Sara Fagone,Sara Fagone,≤100
1585369755090498,Mediobanca,Mediobanca,≤100
441790842571175,Filctem-Cgil Nazionale,Filctem-Cgil Nazionale,≤100
112777008752391,Valori.it,Valori.it,≤100
668089176677820,Davide Bonsignore - Responsabile Clienti Alleanza,Alleanza Assicurazioni,≤100
1445354675792937,Centro Studi Rosario Livatino,Centro Studi Rosario Livatino,≤100
101158695138594,SOS Climate Change,UNHCR,≤100
1121383767958557,ENDAS Italia,ENDAS Italia,≤100
667483386685540,Silvia Sardone,Silvia Sardone,≤100
1814545205425619,BEEing,Beeing,≤100
2613707698646326,Pop Edizioni,POP EDIZIONI SRL SRL,≤100
157463237749900,Olmedo Mobility Division,Olmedo Special Vehicles S.p.A,≤100
1730787487211027,Luigi Pagliuca,CNPR - La Cassa di previdenza dei Ragionieri commercialisti e degli Esperti contabili,≤100
172914676069816,Centro Studi Americani,Centro Studi Americani,≤100
101360778321507,Co Ma Ri Srl,CMS S.p.A.,≤100
100687276355768,Daniela Coria,Daniela Coria,≤100
223175114447090,Sant'Egidio,Sant'Egidio,≤100
208762493043908,Angelo Giuffrida,Angelo Giuffrida,≤100
179079635538489,Svimed Centro Euromediterraneo per lo Sviluppo Sostenibile,Svi.Med. Onlus,≤100
107529305424420,Cristina Ciminnisi,Cristina Ciminnisi,≤100
101047321724796,Semplicità,Semplicità,≤100
111205053070334,AmiAmo Campofelice - Michela Taravella Sindaco,AmiAmo Campofelice - Michela Taravella Sindaco,≤100
124369720648683,Cristina Vinci,Cristina Vinci,≤100
109377672102433,Valentina Licitra candidata consigliere comunale per Ragusa,Valentina Licitra candidata consigliere comunale per Ragusa,≤100
153967571694403,Led Italia,LED Italia S.r.l,≤100
142589879147197,Europa Verde - Verdi,Europa Verde,≤100
114508601509170,Francofonte Futura,Francofonte Futura,≤100
117266648305733,LifeGate,LifeGate,≤100
1978323772189377,Ambiente Mare Italia,Ambiente Mare Italia,≤100
80761643174,Fondazione Umberto Veronesi,Fondazione Umberto Veronesi,≤100
112637915441017,Acli - Associazioni cristiane lavoratori italiani,Acli - Associazioni cristiane lavoratori italiani,≤100
247705175335084,ReCommon,Re:Common,≤100
791707730845440,Win the Bank - Tutto Quello Che Ti Serve Per Ottenere Credito,Win the Bank - Tutto Quello Che Ti Serve Per Ottenere Credito,≤100
129614623725639,Cesvi Onlus,Cesvi Fondazione Onlus,≤100
118241586064,Fondazione Patrizio Paoletti,Fondazione Patrizio Paoletti,≤100
107492342616216,Legambiente Onlus,Legambiente Onlus,≤100
101216323253423,Italcementi,Italcementi S.p.A.,≤100
106788055084178,Per il futuro dei bambini,Cesvi,≤100
1766466673641354,Antonino La Spina,Antonino La Spina,≤100
696507580454398,Terra e Vita,New Business Media Srl,≤100
107779855294378,L'Identità,L'Identità,≤100
112527688820507,Mustela Italia,Mustela Italia,≤100
196610140321,FAI - Fondo per l'Ambiente Italiano,FAI - Fondo per l'Ambiente Italiano,≤100
260528934107037,Luci sull'Est,Luci sull'Est,≤100
1597396783847997,Iren,Iren,≤100
103211424754369,Domani,Domani,≤100
347006748786906,AIEF,AIEF Associazione Italiana Educatori Finanziari,≤100
1721402061409216,Parliament Watch Italia,Parliament Watch Italia,≤100
181864685188048,Maurizio Marrone,Maurizio Marrone,≤100
637027463065554,Sicra Press,Sicra Press,≤100
116181541819083,Nicola Fratoianni,Nicola Fratoianni,≤100
155463611292666,Rodolfo Rapisarda Pagina politica,Rodolfo Rapisarda Pagina politica,≤100
103478991969884,Organon Italia,Organon Italia,≤100
103725242332017,Equilibri Magazine,Equilibri Magazine,≤100
160725107411590,CONOU Consorzio Nazionale Gestione Raccolta Trattamento Oli Minerali Usati,eprcomunicazione,≤100
25275148282,Mario Tribastone,Mario Tribastone,≤100
100644409468543,Fondazione Operation Smile Italia ETS,Fondazione Operation Smile Italia ETS,≤100
469381559808559,ITLAS Società Benefit,Itlas srl,≤100
142597289421426,AzzeroCO2,AzzeroCO2,≤100
1176999669002221,Performer,Performer Srl,≤100
109992254071726,Annamaria Colao,Annamaria Colao,≤100
266944644076141,Gioventù Nazionale - Provincia di Ragusa,Gioventù Nazionale - Provincia di Ragusa,≤100
103546574756191,Fondo Pensione Priamo,Fondo Priamo,≤100
103227776047030,Peppe Cassì Sindaco,Lista Peppe Cassì Sindaco,≤100
101571535935993,Stop_afrofobia,Amref Health Africa,≤100
202343513183670,DHL Express Italy,DHL Express Italy,≤100
115218755162436,ABC Associazione Bambini Chirurgici del Burlo,A.B.C. Associazione per i Bambini Chirurgici del Burlo onlus,≤100
451419891563905,Pro Vita & Famiglia Onlus,Pro Vita & Famiglia Onlus,≤100
1835853853222010,ULTRASOUNDtech,ULTRASOUNDtech,≤100
101939102847156,Fabrizio Fonte - Il Sindaco per Custonaci,Fabrizio Fonte - Il Sindaco per Custonaci,≤100
103447439330933,Enzo Monteleone Sindaco,Enzo Monteleone Sindaco,≤100
117501451247077,Pears with love,SG Project Srl,≤100
141019746076225,Sorgenia,Sorgenia,≤100
129078800535,Rinnovabili.it,Rinnovabili.it,≤100
101538465927126,Emotional&More,Emotional Studio & More SRLS,≤100
268976423121377,Essere Animali,Essere Animali,≤100
189111801880558,Gaetano Scollo al Consiglio Comunale,Gaetano Scollo al Consiglio Comunale,≤100
423472904417850,Gianantonio Da Re,Gianantonio Da Re,≤100
155869317820754,Il Commercialista - la tribù dei Commercialisti,Il Commercialista - la tribù dei Commercialisti,≤100
1628937483870883,Francesca Trapani Portavoce al Consiglio Comunale di Trapani,Francesca Trapani Portavoce al Consiglio Comunale di Trapani,≤100
100514958863956,Beyond Project - Gender Equality in Early Years,Beyond Project - Gender Equality in Early Years,≤100
102555822208649,IncludiMi,IncludiMi,≤100
117785844904053,Antoniano onlus,Antoniano onlus,≤100
112951843409449,Emanuele Presterà - Responsabile Clienti Alleanza,Alleanza Assicurazioni,≤100
412537312142759,Marevivo Onlus,Marevivo Onlus,≤100
1268790256589881,People,People,≤100
366568029646,COOPI,COOPI,≤100
1673669186277733,Freeda,AG Digital Media,≤100
574469982759827,Cristina Lodi,Cristina Lodi,≤100
650387761676591,Candido,Casa Editrice Pagine,≤100
2794426070573094,Up2You,Up2You,≤100
79128475979,FUNIMA International Onlus,FUNIMA International Onlus,≤100
81698998693,Maurizio Lupi,Noi con l'Italia,≤100
289932296433,Medici con l'Africa Cuamm,Fondazione Opera San Francesco Saverio,≤100
440146682694978,Pecore Sicule di Salvo Grillo,These ads ran without a disclaimer,≤100
673109029772554,Marco Campomenosi,Marco Campomenosi,≤100
105966205510321,Daniele Padovano Sindaco di Corciano,These ads ran without a disclaimer,≤100
618013698348617,Animal Law Italia,Animal Law Italia,≤100
735661046503097,Slc Cgil Nazionale,Slc Cgil Nazionale,≤100
526901760669684,Partito Animalista Europeo,Partito Animalista Europeo,≤100
1538926219695299,Genova che osa,Genova che osa,≤100
194794413943019,Telefono Rosa,Telefono Rosa - Pagina Ufficiale,≤100
160132570689280,Arcigay,Arcigay,≤100
710657238945661,Idea Plast srl,Idea Plast S.R.L.,≤100
119214044413546,Giorgio Mirabella - Consigliere Comunale,Giorgio Mirabella,≤100
745664078897738,Giuseppe Fallica - Candidato consiglio comunale Belpasso,Giuseppe Fallica - Candidato consiglio comunale Belpasso,≤100
264869596888019,Roberto Di Stefano,Roberto Di Stefano,≤100
291380024325396,Brando Benifei,Brando Benifei,≤100
131887960826264,Carlo Calenda,Azione,≤100
883213561790345,Italian Videogame Program,These ads ran without a disclaimer,≤100
114002228306117,Enzo Di Mauro,Ybis srl,≤100
246387818841237,Stefania Signorini,Stefania Signorini,≤100
109591211883808,Opinioni in libertà,Opinioni in libertà,≤100
56755731998,Codacons,Codacons,≤100
110354967359505,Materasso Bedshire,Ce.Pro.L di Gatti Luca,≤100
103622722494694,Ecco think tank,ECCO think tank,≤100
147451502073583,In Migrazione,In Migrazione,≤100
303531599691398,Mariastella Gelmini,Mariastella Gelmini,≤100
109215691927736,Michele Ritondo - Candidato Consigliere,Michele Ritondo - Candidato Consigliere,≤100
121793864832061,Daniele Novara,Centro Psicopedagogico per l'educazione e la gestione dei conflitti,≤100
106440155763330,Insieme per Santa Maria la Stella,Parisi Valeria,≤100
1390745591150821,NRC - Norwegian Refugee Council,These ads ran without a disclaimer,≤100
385509022061328,Acqua per Tutti,WeWorld Onlus,≤100
343444682747487,Fondazione Asilo Mariuccia,Fondazione Asilo Mariuccia,≤100
153226661931217,I Cittadini per Angelo Niceta,I Cittadini per Angelo Niceta,≤100
1469689626666348,Italia del Meridione,Italia del Meridione,≤100
192209717630141,First Cisl nazionale,First Cisl,≤100
114344005243032,Chiara Colosimo,Chiara Colosimo,≤100
556039361581037,Withub,Withub,≤100
53121700020,Oscar Licciardello,Oscar Licciardello,≤100
108333568812471,Pro Italia Cristiana,Luci sull'Est,≤100
45193527235,CPP Centro Psicopedagogico per la Pace e la gestione dei conflitti,CPP - Centro Psicopedagogico per l'educazione e la gestione dei conflitti,≤100
112576383938294,Fondo Sanedil,Fondo Sanedil,≤100
1504902903093208,Associazione Differenza Donna,Associazione Differenza Donna,≤100
107178070662274,RiVending,Venditalia Servizi Srl,≤100
104800568170989,Chora Media,Chora Media,≤100
110412317131564,Antonio Cofrancesco - candidato amministrative 2023,Antonio Cofrancesco - candidato amministrative 2023,≤100
258755651183,Alfonso Pecoraro Scanio,Alfonso Pecoraro Scanio,≤100
119200734774774,Radicali,Radicali,≤100
182760498490334,infoConcorsi,EdiSES Edizioni Srl,≤100
703541910010137,Einaudi editore,Einaudi editore,≤100
212034775726,Quotidiano di Sicilia,Quotidiano di Sicilia,≤100
127839944083908,Robby Giusti,Robby Giusti,≤100
67527694280,Arché,Arché,≤100
370124820863,Sightsavers Italia Onlus,Sightsavers International Italia Onlus,≤100
194937987296026,Giovanna Melandri,Giovanna Melandri,≤100
104182395946288,Rete Albatros,Albatros Srls,≤100
379688310244,La Civiltà Cattolica,La Civiltà Cattolica,≤100
111215267090745,Re Soil Foundation,ReSoilFoundation,≤100
203065183038056,Edizioni Centro Studi Erickson,Edizioni Centro Studi Erickson,≤100
53333471319,Fondazione L'Albero della Vita - onlus,Fondazione L'Albero della Vita - onlus,≤100
1732871583597515,Rodrigo,These ads ran without a disclaimer,≤100
144709575593854,EESC - European Economic and Social Committee,EESC - European Economic and Social Committee,≤100
111810305178033,Dario Costantini,CNA Nazionale,≤100
106609584287802,Facta,Facta,≤100
107792215572487,Video Corso 231,Vibracci Ctrl,≤100
77616581723,Smile House Fondazione ETS,Smile House Fondazione ETS,≤100
227008457327049,EmmetiStore.it,EMMETI ISOLANTI srl,≤100
100558004769759,Il Pane di Sant'Antonio,Opera Pia il Pane di S.Antonio,≤100
269909651698,Istituto Oikos Onlus,Istituto Oikos Onlus,≤100
1280128282137797,Enzo Amich,Enzo Amich,≤100
222403031687114,ArciAtea,ArciAtea APS,≤100
201344863274720,USB Pubblico Impiego,USB Pubblico Impiego,≤100
207333056533265,Francesco Stabile Sindaco di Valderice,Francesco Stabile Sindaco di Valderice,≤100
104980721725834,Associazione DONNEXSTRADA,Associazione DONNEXSTRADA,≤100
35855858513,Missioni Don Bosco ONLUS,Missioni Don Bosco ONLUS,≤100
1429383923849615,Fondo FASDA,Fondo FASDA,≤100
1603966533257308,Maria Cristina Pisani,Maria Cristina Pisani,≤100
698743116897167,Valeria Valente,Valeria Valente,≤100
2222744427970460,Giuseppe Martusciello - Candidato Sindaco per Quarto,Giuseppe Martusciello - Candidato Sindaco per Quarto,≤100
343132907074660,Villy de Luca,Villy de Luca,≤100
1942760395965996,Passaggio al Bosco Edizioni,Passaggio al Bosco Edizioni,≤100
753800634652691,Paola Chiesa,Paola Chiesa,≤100
167777223281448,Coop Lombardia,Coop Lombardia,≤100
101898776545732,Inapp,INAPP Istituto Nazionale per l’Analisi delle Politiche Pubbliche,≤100
104048831252,Carlo Fidanza,Carlo Fidanza,≤100
105383334303085,Ridiamodignità,Ridiamo Dignità,≤100
126837377007,Assoutenti,Assoutenti,≤100
1524999864481577,SMET Logistics,SMET S.p.A.,≤100
171869093280946,EICOM Energia,Eicom energia,≤100
1817269115180421,Gustabacco Enoteca,Gustabacco,≤100
229483187248340,Automazione Industriale Ferrazza,Ferrazza S.r.l.,≤100
263368177127232,Le Nius,Le Nius,≤100
1393266557641903,Africa Rivista,Africa Rivista,≤100
277050869126670,Istituto Liberale,Istituto Liberale,≤100
404585153400483,Alessandria Pride,LineLab,≤100
1181670365223505,Costa Crociere Foundation,Costa Crociere Foundation,≤100
565903660254019,Giulia Tempesta,Giulia Tempesta,≤100
156980270981618,Fondazione Mondo Digitale,Fondazione Mondo Digitale,≤100
154144331904379,Marta Schifone,SocialCom,≤100
114769018255387,Stefania Padula Candidato Sindaco M5S Pomezia,Stefania Padula Candidato Sindaco M5S Pomezia,≤100
525015217841196,Potere al Popolo,Potere al Popolo,≤100
112849905138522,Technology Today,These ads ran without a disclaimer,≤100
135041449903205,Casa delle donne per non subire violenza - Bologna,These ads ran without a disclaimer,≤100
107736128697080,EOS - Edison Orizzonte Sociale,EOS - Edison Orizzonte Sociale,≤100
108968771840180,Aliseo,Aliseo,≤100
954709931335834,Paesi Edizioni,Paesi Edizioni srl,≤100
186799161499691,Libraccio,D.M.B. S.r.l.,≤100
106577392014536,"Io, comandante di Wagner - Il libro rivelazione",Pienogiorno,≤100
419643241534941,Assedio Bianco,Assedio Bianco,≤100
535609693464890,OFFSide Fest Italia,Offside Italia,≤100
107321830749965,Lavialibera,Lavialibera,≤100
54943073948,Il Giornale del Cibo,Il Giornale del Cibo,≤100
104713337907237,Tempio Universale,Tempio Universale,≤100
1970483463205998,Mama Chat,Mama Chat APS,≤100
137518989610476,Federalberghi Torino,Federalberghi Torino,≤100
103002934764127,PON Legalità 2014-2020,PON Legalità 2014-2020,≤100
473247159761222,Le Contemporanee,Le Contemporanee,≤100
10150113987575383,Festival Biblico,Festival Biblico,≤100
108770011256563,XtraCult,XtraCult,≤100
415597932173946,Economia Circolare,Eco Connection Media,≤100
154767423377839,Managaia.eco,Managaia.eco,≤100
172718099490199,DOKITA,Dokita onlus,≤100
2270196856358992,PHYD,PHYD,≤100
416456931739449,Fondazione Finanza Etica,Fondazione Finanza Etica,≤100
341860389261473,Federico Mollicone,Federico Mollicone,≤100
395165287247949,A Sud,A Sud Onlus,≤100
137210956310640,Melting Pot Europa,Melting Pot Europa,≤100
1962932583848151,Uilm Nazionale,Uilm Nazionale,≤100
101341869245338,Cataldo Baratta - Il Politicante,Cataldo Baratta - Il Politicante,≤100
1639788846238202,Centro Astalli Trento,Centro Astalli Trento,≤100
486228231540331,Partito Animalista Italiano,Partito Animalista Italiano,≤100
100379850054571,Licia Ronzulli,Licia Ronzulli,≤100
310674329409996,Fondazione Marcegaglia Onlus,Fondazione Marcegaglia Onlus,≤100
345136718845,Ministero dell'Ambiente e della Sicurezza Energetica,Ministero dell'Ambiente e della Sicurezza Energetica,≤100
2048664861850577,Il Digitale,IlDigitale.it,≤100
110694578605312,"La Democrazia Cinese, il blog di Giuliano Noci","La Democrazia Cinese, il blog di Giuliano Noci",≤100
103124791775267,Il Periscopio del Diritto,Il Periscopio del Diritto,≤100
866540863468277,Luca Novelli,Luca Novelli,≤100
276823222344450,Circolo di Cultura Omosessuale Mario Mieli,Circolo di Cultura Omosessuale Mario Mieli,≤100
257223487652443,ETIFOR,Etifor,≤100
535397089896623,Ale Colucci,Alessandro Colucci,≤100
105785884951154,Alberami,Alberami Srl,≤100
1776956162430608,L'Indispensabile - movimento rivoluzionario,Associazione Darsi Pace,≤100
496873810372627,Cittadini reattivi,Cittadini Reattivi APS,≤100
1732339916992169,Senza Filtro,Senza Filtro,≤100
100735859683862,Referendum Ripudia la Guerra,Associazione Comitato Referendum Ripudia la Guerra,≤100
105861115373299,Festival Internazionale dell'Economia,Gius. Laterza & Figli,≤100
107379378333563,Tozzi Green,TOZZI GREEN,≤100
100691529407,SULLA STRADA ONLUS,SULLA STRADA ONLUS,≤100
360415704883966,Prevenzione e Sanità Pubblica,Improve Communications,≤100
608197162618204,Patronato  Epasa-Itaco Cittadini e Imprese,Epasa-Itaco Cittadini e Imprese,≤100
1668922680093325,Propensione.it,Propensione.it,≤100
190417011163052,Fials Bologna,Fials Bologna,≤100
105296361571631,FGS srl,FGS srl,≤100
404600599728488,Pefc Italia,PEFC Italia,≤100
753929841427075,Associazione MarcoSacchi,These ads ran without a disclaimer,≤100
204034721659,Il Libraio,Il Libraio,≤100
31800331297,Gariwo - Foresta dei Giusti,Gariwo - Foresta dei Giusti,≤100
523268051186707,Varese Pride,Arcigay Varese,≤100
641489622905365,Il Ponte ODV di Piazzola sul Brenta,Il Ponte ODV di Piazzola sul Brenta,≤100
588618511234072,Style Magazine Italia,Style Magazine Italia - RCS,≤100
205798119968781,Cikis,Cikis,≤100
527351247377965,European Committee of the Regions,European Committee of the Regions,≤100
1196364137092970,Scomodo,Scomodo,≤100
179450359207406,Cgil Novara e Vco,CGIL NOVARA VCO,≤100
104891121410035,eXL magazine,iDNA,≤100
480871535271240,Fondazione Cariplo,Fondazione Cariplo,≤100
1403653346384000,Studio Legale Di Veroli,Studio Legale Di Veroli,≤100
106722924280085,Sicilia News,These ads ran without a disclaimer,≤100
115834959855187,Andreas Fernandez,Andreas Fernandez,≤100
110558397268096,Gabriele Guzzi,Gabriele Guzzi,≤100
169101783890379,Fondazione Carolina,Fondazione Carolina,≤100
105637108534411,Bologna for Climate Justice,Bologna for Climate Justice,≤100
1623129891325124,Italia in Classe A,ENEA,≤100
476098022442147,The Good Lobby Italia,The Good Lobby Italia,≤100
103843386353847,Studio Pagano & Partners,Studio Pagano & Partners,≤100
106046545789313,dabassmentshaolin,These ads ran without a disclaimer,≤100
130002763697204,Gaetano Quagliariello,Gaetano Quagliariello,≤100
134666913247297,Sicurezza e Lavoro,Sicurezza e Lavoro,≤100
218671751661739,Fondazione Villa Maraini,Fondazione Villa Maraini,≤100
103191465604360,Il Lupo Cerviero,Il Lupo Cerviero,≤100
111267199355882,FNM Group,FNM Group,≤100
19050847431,Terra,Terra_aps,≤100
176210685871751,Arcs Culture Solidali,Arcs Culture Solidali,≤100
2356584774461769,Andrea Magrì,Andrea Magrì,≤100
537369456719694,Jane Lepori,Jane Lepori,≤100
348960008624813,La Nuova Europa,La Nuova Europa,≤100
904552096600100,River Cleaning,River Cleaning,≤100
111530161629383,Intra,iKarma SRL,≤100
1525276264261539,Manfredi Potenti,Manfredi Potenti,≤100
649593578399941,Alessandro Urzì,Alessandro Urzì,≤100
356113501462770,Lista Spiga,Lista Spiga,≤100
104834196224406,Formiche,Formiche,≤100
407066069720164,We Wealth,Voices of Wealth S.r.l.,≤100
206936886139,Coldwell Banker Italy,Coldwell Banker Italy,≤100
144293048945865,Knowità,Knowità Srl,≤100
1676582112422226,Walter Zalukar,Walter Zalukar - Gruppo Misto Consiglio Regionale FVG,≤100
161273934364797,Paradigma Italia,These ads ran without a disclaimer,≤100
104730438003911,Cambiamenti Climatici - News e approfondimenti,Cambiamenti Climatici - News e approfondimenti,≤100
1618078638446744,4G Energia,These ads ran without a disclaimer,≤100
100211626247272,Maria Rita Parsi,Maria Rita Parsi,≤100
198307320795172,Are you R,Are you R,≤100
378660065975256,Lega - Salvini Premier - Licata,Lega Sicilia Salvini Premier,≤100
293173811838,Zeroviolenza,Zeroviolenza,≤100
108100707418309,Strumenti Politici,Marco Fontana,≤100
20674188266,Lato B - l'altro lato di Milano,Lato B - L'altro lato di Milano,≤100
1511090682500479,Tuttavia Palermo,Tuttavia Palermo,≤100
991598257587797,Riccardo Corbucci,Riccardo Corbucci,≤100
1007973302727293,Teach For Italy,Teach For Italy,≤100
159192554552724,Vasilika Moon - La Luna di Vasilika Onlus,La luna di Vasilika ONLUS,≤100
591249014329371,ClassiCult,ClassiCult,≤100
290721534331298,Anna Ascani,Anna Ascani,≤100
100387133404972,Gay Center,Gay Center,≤100
2162934993958021,Associazione Altero Matteoli,Associazione Altero Matteoli,≤100
108853828356076,De Nora,These ads ran without a disclaimer,≤100
102614496096668,Hug Italia,Hug Italia,≤100
100219415973564,Corciano Futura,Corciano Futura,≤100
778174858925483,Fondazione Roberto Franceschi Onlus,Fondazione Roberto Franceschi Onlus,≤100
590611178105666,Wonderwhy,Wonder Why,≤100
729279087108860,PlanBee,PlanBee,≤100
434829060370453,Agricola Moderna,SUNSPRING S.R.L.,≤100
1562648707302483,Amedeo Ciaccheri,Amedeo Ciaccheri,≤100
122191987831675,Fabio Amendolara,Fabio Amendolara,≤100
1151916921518164,SatiLeaks,SatiLeaks,≤100
672715886453237,Michele Conti,Michele Conti,≤100
1574941869410381,Biblion edizioni,Biblion Edizioni,≤100
111784673804342,Una nuova Etica in Italia,Una nuova Etica in Italia,≤100
491624874237844,DGV,DGV,≤100
347538182517015,Marco Andreoli,Marco Andreoli,≤100
109094031594910,Luigi Pinto,Luigi Pinto,≤100
131610120337704,Confcommercio Reggio Calabria,CONFCOMMERCIO RC,≤100
1862307547429963,Nonna Roma,Nonna Roma,≤100
1494770570823635,Pippi Mellone Sindaco,"Pippi Mellone, Sindaco del Comune di Nardò",≤100
814905568604078,ytali.com,ytali.com,≤100
118713758151850,UNHCR Italia - Agenzia ONU per i Rifugiati,These ads ran without a disclaimer,≤100
112232964796025,Medicina Generale Siena,Medicina Generale Siena,≤100
107584508965053,Consulta Padovana,Consulta Padovana,≤100
1618078638446744,4G Energia,slashto,≤100
245094455536925,FOUR PAWS,These ads ran without a disclaimer,≤100
121752650861237,Leonardo Fabbri,Leonardo Fabbri,≤100
108432711870421,Marco Bertucci,Marco Bertucci,≤100
107723781937587,Pistoia Ecologista Progressista - Sinistra per Branchetti,Pistoia Ecologista Progressista,≤100
533303247194043,Mirco Dinamo Rufilli,Mirco Dinamo,≤100
147816925280422,Centro Papa Giovanni XXIII Onlus,Centro Papa Giovanni XXIII Onlus,≤100
2233320866726559,Giulia Pastorella,Giulia Pastorella,≤100
100756891466230,Franco Ianeselli,Franco Ianeselli,≤100
112315805184691,Инновации Илона,These ads ran without a disclaimer,≤100
110667650558756,Opera di Padre Marella,Fraternità Cristiana Opera di Padre Marella - Città dei Ragazzi,≤100
1598538693745362,Federcaccia Nazionale,Federcaccia Nazionale,≤100
267353906619818,Mr. Gugu & Miss Go,These ads ran without a disclaimer,≤100
123698491019029,Lombard Odier Group,These ads ran without a disclaimer,≤100
105968126106920,Repreve,These ads ran without a disclaimer,≤100
89151782746,Fauna & Flora,These ads ran without a disclaimer,≤100
100912541413695,Más Impulso,These ads ran without a disclaimer,≤100
105159369188048,Hotelex Shanghai,These ads ran without a disclaimer,≤100
208371683037269,NBCU Catalyst,These ads ran without a disclaimer,≤100