﻿Page ID,Page name,Disclaimer,Amount spent (USD)
116555091385575,AFT - Delaware,AFT - Pennsylvania,736
122258358636926,Sound of Freedom Movie,"Sound of Freedom, LLC",517
308596713439,The Breakthrough Institute,The Breakthrough Institute,201
925007000949719,ExxonMobil,EXXON MOBIL CORPORATION,162
104764865532188,Assistance for American,Assistance for American,149
172758932738142,PhRMA,PHARMACEUTICAL RESEARCH AND MANUFACTURERS OF AMERICA,147
7860876103,Joe Biden,BIDEN VICTORY FUND,116
107483817554072,WorkMoney,WorkMoney,≤100
314499212242,Pfizer,Pfizer Inc.,≤100
1624206881186861,Lisa Blunt Rochester,Lisa Blunt Rochester for Senate,≤100
100364185463048,Angel Studios,"Angel Studios, Inc.",≤100
103875099042033,DailyWire+,The Daily Wire,≤100
11465191261,JPMorgan Chase & Co.,"JPMORGAN CHASE BANK, NA",≤100
6514736316,Walden University,Walden University,≤100
147368882623027,Black Futures Lab,Black Futures Lab,≤100
106225895742374,American Final Expense Authority,Final Expense Authority LLC,≤100
102915374460262,Shell USA,Shell,≤100
1255705481272786,America250,AMERICA 250 FOUNDATION INC,≤100
106244251043808,America's Plastic Makers,"AMERICAN CHEMISTRY COUNCIL, INC.",≤100
385473284886474,Hillsdale College,Hillsdale College,≤100
135880909935010,Francis Suarez,"SUAREZ FOR PRESIDENT, INC.",≤100
18982436812,ACLU,American Civil Liberties Union,≤100
8492293163,Environmental Defense Fund,Environmental Defense Fund,≤100
122490537430251,My American Circle,My American Circle,≤100
1589261434655726,Advocate Alliance Group,Advocate Alliance Group LLC,≤100
10128918116,Gavin Newsom,Campaign for Democracy Committee,≤100
203197030603239,8 Billion Trees,8 Billion Trees LLC,≤100
21492729544,Catholic Relief Services,CATHOLIC RELIEF SERVICES - UNITED STATES CONFERENCE OF CATHOLIC BISHOPS,≤100
145917588805718,Dr Jordan B Peterson,The Daily Wire,≤100
92925746942,Judicial Watch,Judicial Watch,≤100
106583555450073,Bidencare Health Plans,Obamacareplans,≤100
104095962704249,SOS America PAC,SOS America PAC,≤100
592707041080920,Stand Together,Stand Together Chamber of Commerce Inc.,≤100
154555391359382,Assemblymember Shirley Weber,These ads ran without a disclaimer,≤100
113891694102,Energy Citizens,AMERICAN PETROLEUM INSTITUTE,≤100
6204742571,Sierra Club,SIERRA CLUB,≤100
6041057841,The Humane Society of the United States,"HUMANE SOCIETY OF THE UNITED STATES, THE",≤100
200650357207240,I Love My Freedom,I Love My Freedom,≤100
103315464587143,All Access,LEADN LLC,≤100
127225910653607,PragerU,PragerU,≤100
495170667357093,Electronic Payments Coalition,ELECTRONIC PAYMENTS COALITION INC,≤100
18709174006,National Audubon Society,"NATIONAL AUDUBON SOCIETY, INC.",≤100
80562389320,NARAL Pro-Choice America,NARAL PRO-CHOICE AMERICA CORP,≤100
309308412520731,Sandy Hook Promise,Sandy Hook Promise,≤100
342294162453301,Planned Parenthood,Planned Parenthood Federation of America,≤100
57259033959,AARP,AARP,≤100
1461100540775171,The Tuttle Twins,LIBERTAS INSTITUTE,≤100
103839541551153,Rep. Eric Morrison,Delaware House Democratic Caucus,≤100
1562713090633117,Operation Underground Railroad,OPERATION UNDERGROUND RAI,≤100
116633631028959,Rob Sebastiano Social Democrat,Rob Sebastiano,≤100
1316372698453411,Alexandria Ocasio-Cortez,Alexandria Ocasio-Cortez for Congress,≤100
100684991996307,November Coalition,NOVEMBER COALITION,≤100
376776419037747,Turning Point USA,"Turning Point USA, Inc.",≤100
103375628943529,Adam Frisch,Adam for Colorado,≤100
167239703641594,Doug Burgum,"DOUG BURGUM FOR AMERICA, INC.",≤100
23875187730,Feeding America,Feeding America,≤100
145973965440671,Carnegie Corporation of New York,CARNEGIE CORPORATION OF NEW YORK,≤100
107661474402498,United Patriot,United Patriot,≤100
96935476345,Democratic Governors Association (DGA),"Democratic Action, democraticgovernors.org, not authorized by any candidate or candidate's committee.",≤100
24413227922,Kamala Harris,BIDEN VICTORY FUND,≤100
2353537341582545,Proud Patriots,Proud Patriots,≤100
570092813023833,Matt Walsh,The Daily Wire,≤100
12375354406,USO,United Service Organizations,≤100
111840507067847,Velda for Mayor,Velda for Mayor,≤100
104175362696063,Advantage Relief Programs,Advantage Relief Programs,≤100
148283301869985,Many Hopes,ONE HOME MANY HOPES INC,≤100
1526736227567131,TrueCoverage,True Coverage,≤100
106644838819876,One Great American Solutions,One Great American Solutions,≤100
7341997111,Conservation International,Conservation International,≤100
58433611572,Seventh Generation,SEVENTH GENERATION INC,≤100
102713205989094,Great USA Life,Great USA Life,≤100
100403528653081,Punchbowl News,Punchbowl News,≤100
689547608156721,The Burial Solution,The Burial Solution,≤100
30139072158,CARE,"COOPERATIVE FOR ASSISTANCE AND RELIEF EVERYWHERE, INC. (CARE)",≤100
153080620724,Donald J. Trump,TRUMP SAVE AMERICA JOINT FUNDRAISING COMMITTEE,≤100
159658557547960,Wall Street Journal Opinion,The Wall Street Journal,≤100
190226429055,U.S. Department of Labor,United States Department of Labor,≤100
140357056032320,NEA Today,National Education Association,≤100
76470053424,TIAA,TEACHERS INSURANCE AND ANNUITY ASSOCIATION OF AMERICA,≤100
318485024912044,Rep. Paul Baumbach,Delaware House Democratic Caucus,≤100
7030901126,Campaign for Tobacco-Free Kids,Campaign for Tobacco-Free Kids,≤100
42940254353,Human Rights Watch,"HUMAN RIGHTS WATCH, INC.",≤100
108002342125350,Rep. Stell Parker Selby,Delaware House Democratic Caucus,≤100
8501031021,VoteVets,VOTEVETS,≤100
105498195740484,Rep. Sophie Phillips,Delaware House Democratic Caucus,≤100
1600352356914768,PushBlack,PushBlack,≤100
6355071377,American Cancer Society Cancer Action Network - ACS CAN,AMERICAN CANCER SOCIETY CANCER ACTION NETWORK INC,≤100
70874333603,CatholicVote,catholicvote.org,≤100
340153562850578,Tim Tebow,TIM TEBOW FOUNDATION,≤100
110594725386545,Tell It Like It Is PAC,Tell It Like It Is PAC,≤100
570953166908066,Vivek Ramaswamy,VIVEK 2024,≤100
49651563727,Live Action,Live Action,≤100
142432192446984,David Horowitz Freedom Center,David Horowitz Freedom Center,≤100
6266829799,Sherrod Brown,FRIENDS OF SHERROD BROWN,≤100
162678203751209,Gilead Sciences,GILEAD SCIENCES INC,≤100
297987334762,Jamie Raskin,Jamie Raskin for Congress,≤100
115056554950266,Enroll Health Now,Enroll Health Now,≤100
103715861368344,McCormick & Company,MCCORMICK & COMPANY INC,≤100
304600892905134,Hillsdale College Online Courses,HILLSDALE COLLEGE,≤100
114008535880,Foundation for Individual Rights and Expression,FOUNDATION FOR INDIVIDUAL RIGHTS IN EDUCATION,≤100
161183970656851,Ruben Gallego,GALLEGO FOR ARIZONA,≤100
103695769458,United States Mint,United States Mint,≤100
121626482110,Operation Smile,OPERATION SMILE,≤100
13885075114,Action Against Hunger USA,ACTION AGAINST HUNGER - USA,≤100
6024998621,StoryCorps,StoryCorps,≤100
60326619815,Asian Pacific American Institute for Congressional Studies (APAICS),Asian Pacific American Institute for Congressional Studies (APAICS),≤100
38235851310,USA for UNHCR,UNITED STATES ASSOCIATION FOR UNHCR,≤100
8934429638,Planned Parenthood Action,Planned Parenthood Action Fund,≤100
100992801635617,Conservative-American.org,Conservative American Strategies,≤100
1958912674200535,The Pour Over,Pour Over,≤100
166618413413767,Jay Sekulow,American Center for Law and Justice,≤100
18356619353,The Academy of Natural Sciences,The Academy of Natural Sciences,≤100
9062006483,REI,"RECREATIONAL EQUIPMENT, INC.",≤100
203805062990264,Ben Shapiro,The Daily Wire,≤100
51379424899,Mercy Ships,MERCY SHIPS INTERNATIONAL,≤100
114710126648118,Republican Dogs,Republican Dogs,≤100
104295601633638,American Cornerstone Institute,American Cornerstone Institute Inc,≤100
2053678114723700,President Trump's Patriot Army,I Love My Freedom,≤100
702582586516561,CBN Israel,The Christian Broadcasting Network,≤100
339406392862392,Weller Does Delmarva,Weller Does Delmarva Show,≤100
1070343826414078,Lead Locally,Lead Locally,≤100
115379705206001,U.S. Department of Homeland Security Blue Campaign,DHS Blue Campaign,≤100
556095874596027,Hearts for Home Care Advocacy,BAYADA Hearts for Home Care,≤100
681626158940626,Mission Roll Call,Americas Warrior Partnership,≤100
21375324480,The Heritage Foundation,HERITAGE FOUNDATION (THE),≤100
2382869555319923,Mondaire Jones,MONDAIRE FOR CONGRESS,≤100
51405613519,Focus on the Family,Focus on the Family,≤100
130945114804,World Jewish Congress,WORLD JEWISH CONGRESS AMERICAN SECTION INC,≤100
580610428636345,Fight for $15,Fight for $15,≤100
50822254585,Mountain States Legal Foundation,Mountain States Legal Foundation,≤100
85452072376,NEWSMAX,"NEWSMAX MEDIA, INC.",≤100
546066468753446,Black Health Matters,BLACK HEALTH MATTERS FOUNDATION INC,≤100
115379705206001,U.S. Department of Homeland Security Blue Campaign,U.S Department of Homeland Security Blue Campaign,≤100
332028597354723,National Partnership for Women & Families Action Fund,National Partnership for Woman & Families Action Fund,≤100
13673457388,Penguin Random House,Penguin Random House LLC,≤100
8047221596,Save the Children US,SAVE THE CHILDREN FEDERATION INC.,≤100
104659801302856,Anna Kaplan for New York,Anna Kaplan for New York,≤100
15239367801,The Wilderness Society,"WILDERNESS SOCIETY, THE",≤100
111824001908,Hakeem Jeffries,JEFFRIES FOR CONGRESS,≤100
782093245218764,Qasim Rashid,Qasim for Congress,≤100
665345483483486,NRA - National Rifle Association of America,NATIONAL RIFLE ASSN OF AMERICA,≤100
170756446429578,Othering & Belonging Institute,Othering and Belonging Institute,≤100
7263476274,Mercy Corps,Mercy Corps,≤100
7735858972,Humane Society Legislative Fund,Humane Society Legislative Fund,≤100
53674651369,SBA Pro-Life America,"SUSAN B. ANTHONY LIST, INC.",≤100
6165653060,AFSCME,AMERICAN FEDERATION OF STATE COUNTY & MUNICIPAL EMPLOYEES,≤100
107764430968176,Tuttle Twins TV Show,"Tuttle Twins Show, LLC",≤100
197760674021143,Indivisible Guide,INDIVISIBLE ACTION,≤100
428821014132730,Katie Porter,KATIE PORTER FOR SENATE,≤100
317667194946264,Ro Khanna,RO FOR CONGRESS INC,≤100
110483677935904,Team DeSantis,Ron DeSantis for President,≤100
45393753416,Alliance Defending Freedom,Alliance Defending Freedom,≤100
786167111464006,Woodson Center,The Woodson Center,≤100
129353084077944,Maebe A. Girl,MAEBE A. GIRL FOR CONGRESS,≤100
108268161352786,Stanley M. Herzog Foundation,Herzog Foundation,≤100
103588388469410,Disparity Trap,Disparity Trap,≤100
1682876188698809,United for Respect,United for Respect,≤100
1382441768496365,Pentair,PENTAIR,≤100
263050693742071,Core Power,These ads ran without a disclaimer,≤100
18813753280,Human Rights Campaign,"HUMAN RIGHTS CAMPAIGN, INC.",≤100
102592959026,Ocean Conservancy,"OCEAN CONSERVANCY, INC.",≤100
112838648421750,Defend Clean Jobs,Defend Clean Jobs,≤100
100346689495660,Pete's Pranks,Petes Pranks,≤100
15041226930,Oxfam,"OXFAM AMERICA, INC.",≤100
154561574598964,White Coat Waste Project,THE WHITE COAT WASTE PROJECT INC,≤100
240937060405,Center for Science in the Public Interest (CSPI),Center for Science in the Public Interest,≤100
357750373755,National Domestic Workers Alliance,National Domestic Workers Alliance,≤100
11111618026,Union of Concerned Scientists,"UNION OF CONCERNED SCIENTISTS, INC.",≤100
5644748986,National Wildlife Federation,NATIONAL WILDLIFE FEDERATION,≤100
1428755447227803,Defend The Second,Next Level Goods,≤100
11791104453,NRDC,Natural Resources Defense Council,≤100
110099228407333,Chevron Advocacy Network,Chevron Advocacy Network,≤100
101704558574021,Lucas Kunce,Lucas Kunce for Missouri,≤100
19437978960,Chris Murphy,FRIENDS OF CHRIS MURPHY,≤100
34362997676,United States Holocaust Memorial Museum,UNITED STATES HOLOCAUST MEMORIAL MUSEUM,≤100
104394262049761,Jeremy's Razors,The Daily Wire,≤100
134452023239984,Human Coalition,Human Coalition,≤100
152264148166020,Moms Clean Air Force,Moms Clean Air Force,≤100
61492859575,Americares,"Americares Foundation, Inc.",≤100
35715544220,Stand.earth,Stand.earth,≤100
2255535767896743,Mark Robinson,Friends of Mark Robinson,≤100
106563958759988,Semafor,Semafor Inc.,≤100
1194419550610259,Our Revolution,Our Revolution,≤100
443329669123990,USAFacts,USAFacts Institute,≤100
121646744225694,Americonned Doc,Shine The Light Films Inc.,≤100
15771560300,Earthjustice,EARTHJUSTICE,≤100
40217893542,AIPAC,AIPAC,≤100
246323280108,American Medical Association,American Medical Association,≤100
512225042147387,Mothers Out Front,MOTHERS OUT FRONT INC,≤100
1505244559517282,Colin Allred,COLIN ALLRED FOR SENATE,≤100
35169196082,Project HOPE,"PROJECT HOPE-THE PEOPLE-TO-PEOPLE HEALTH FOUNDATION, INC.",≤100
95001097200,National Association of Manufacturers,NATIONAL ASSOCIATION OF MANUFACTURERS OF THE UNITED STATES OF AMERICA INC.,≤100
1443127535947107,Save the Children Action Network,Save the Children Action Network,≤100
104253615152700,America First Legal,America First Legal Foundation,≤100
107454490912636,Jewish Future Pledge,Jewish Future Pledge Inc,≤100
28126338304,Surfrider Foundation,"SURFRIDER FOUNDATION, INC",≤100
317284821682168,Messianic Jewish Alliance of America (MJAA),Messianic Jewish Alliance of America,≤100
93228695778,Tea Party Patriots,Tea Party Patriots,≤100
131306317680000,Social Goods,"Social Goods, LLC",≤100
6726182861,Mike Pence,Mike Pence for President,≤100
169597416843751,Stand Up America,Stand Up America,≤100
101064776613325,Charles Tyrwhitt,These ads ran without a disclaimer,≤100
8325302025,Friends of the Earth U.S.,Friends of the Earth,≤100
109320440856128,Stand Up to Jewish Hate,"Foundation to Combat Anti-Semitism, Inc.",≤100
118804524589483,Farmer's Justice,These ads ran without a disclaimer,≤100
282728185140429,Rep For Vets,The Rep For Vets,≤100
93692255431,Bread for the World,"BREAD FOR THE WORLD, INC.",≤100
126893748252841,American Firearms Association,American Firearms Coalition,≤100
72092591211,FBI – Federal Bureau of Investigation,Federal Bureau of Investigation,≤100
103531607822207,Noticias para Inmigrantes,"Wise Rock Media, PBC",≤100
6787988478,Physicians for Human Rights,"PHYSICIANS FOR HUMAN RIGHTS, INC.",≤100
8321461609,MomsRising.org,MomsRising Together,≤100
116025928060049,Obamacare Health Plans,These ads ran without a disclaimer,≤100
7191206138,ASPCA,ASPCA,≤100
1832744013698336,Mahogany Mommies,Mahogany Mommies,≤100
17911165812,Covenant House International,Covenant House,≤100
10498053716,Media Research Center,MEDIA RESEARCH CENTER,≤100
47710973068,Voices for Cooperative Power,Voices for Cooperative Power,≤100
36872302227,Cory Booker,CORY BOOKER FOR SENATE,≤100
375742685850856,Firearms Policy Coalition,"FIREARMS POLICY COALITION, INC.",≤100
300992409852,Hoover Institution,Hoover Institution,≤100
72931140459,Center for Biological Diversity,"CENTER FOR BIOLOGICAL DIVERSITY, INC.",≤100
1338822066131069,Women's March,Women's March,≤100
106315901551850,The U.S. Concealed Carry Association for Saving Lives,U.S. Concealed Carry Association For Saving Lives. Not Authorized By Any Candidate Or Candidate's Committee.,≤100
5435784683,Greenpeace USA,"GREENPEACE, INC.",≤100
30914589895,The International Fellowship of Christians and Jews,INTERNATIONAL FELLOWSHIP OF CHRISTIANS & JEWS INC,≤100
309798029121030,Everytown for Gun Safety,Everytown for Gun Safety Action Fund Inc,≤100
182620315479,Plan International USA,Plan International USA,≤100
6502038524,First Book,FIRST BOOK,≤100
91346559231,Democratic Legislative Campaign Committee - DLCC,Democratic Legislative Campaign Committee,≤100
7192716362,Amnesty International USA,"AMNESTY INTERNATIONAL OF THE U. S. A., INC.",≤100
109999331898234,My Affordable Care Act,The Burial Solution,≤100
100119981671668,Blue Senate,BLUE SENATE PAC,≤100
141786816970,CLIA - Cruise Lines International Association,Cruise Lines International Association,≤100
343714718985673,Think Wood,Think Wood,≤100
482100658584410,We Stand For Energy,"EDISON ELECTRIC INSTITUTE, INC.",≤100
1606780826273282,The Committee to Unleash Prosperity,Committee to Unleash Prosperity Inc.,≤100
100728088391862,Delmarva Parent Teacher Coalition,Delmarva Parent Teacher Coalition,≤100
2602473023098666,Democratic Polling Center,Democratic Governors Association,≤100
372922692828,SEIU-United Healthcare Workers West,SEIU United Healthcare Workers West Local 2005,≤100
69983322463,Ted Cruz,TED CRUZ FOR SENATE,≤100
83996318078,Change.org,"Change.org, PBC",≤100
145034262195374,InSinkErator,InSinkErator_Whirlpool,≤100
107533860975028,Conservative,CONSERVATIVE LLC,≤100
121940824138795,North Carolina Association of Health Plans,"North Carolina Association of Health Plans, Inc",≤100
8524198486,Physicians Committee for Responsible Medicine,"PHYSICIANS COMMITTEE FOR RESPONSIBLE MEDICINE, INC.",≤100
101391906600,Live Action News,Live Action,≤100
113731336694,Goldwater Institute,"GOLDWATER INSTITUTE ,THE",≤100
20787991568,Senate Democrats,DSCC,≤100
105561217523274,The Dispatch,"Dispatch Media, Inc.",≤100
118385911198439,Trending Politics News,I Love My Freedom,≤100
355783211719644,Veteran Caregivers of America,"Veteran Caregivers, LLC",≤100
372577693078008,"Saenz-Garcia Law, PLLC","Saenz-Garcia Law, PLLC",≤100
103355385129734,The Climate Pledge,The Climate Pledge,≤100
497348647140658,Point Source Youth,Point Source Youth,≤100
7292655492,MoveOn,MOVEON.ORG POLITICAL ACTION,≤100
23790541544,Democrats,DCCC,≤100
349800859019034,The 19th News,The 19th,≤100
110442961603215,Yikes Today,Yikes Today,≤100
466164103423147,Thorn,Thorn,≤100
112642477582238,Mericanaf,AAF Nation,≤100
104491841664875,Country First,"Country First Action, Inc.",≤100
408526523045391,Mammoth Nation,Mammoth Nation,≤100
228132537208218,Tammy Duckworth,TAMMY FOR ILLINOIS,≤100
83290028957,Care Net,CARE NET,≤100
5647744585,PETA (People for the Ethical Treatment of Animals),"PEOPLE FOR THE ETHICAL TREATMENT OF ANIMALS, INC.",≤100
104107788684988,Tom Klingenstein,TomKlingenstein.com,≤100
104859815770730,Simple Health Solutions,Health Enrollment Department LLC,≤100
89336510798,American Friends of the Hebrew University,American Friends of Hebrew University,≤100
243184199040637,Caring Across Generations,Caring Across Generations,≤100
1526707030943680,Phoenix Dream Center,City Help Inc of Phoenix dba Phoenix Dream Center,≤100
367292494407,AJC - American Jewish Committee,AMERICAN JEWISH COMMITTEE,≤100
46347342434,EMILYs List,EMILY'S LIST,≤100
340528409646227,Consumer Action for a Strong Economy,CASE for Consumers,≤100
216311481960,Bill Gates,Bill Gates,≤100
103565195134756,America First Policy Institute,America First Policy Institute,≤100
6316744206,Jon Tester,MONTANANS FOR TESTER,≤100
1470540296409810,Fair Fight Action,FAIR FIGHT ACTION INC,≤100
258062237693141,Rural & Agriculture Council of America,Rural & Agriculture Council of America,≤100
1470540296409810,Fair Fight Action,FAIR FIGHT,≤100
118303441570966,Homeowner Smart,NATIONAL ASSOCIATION OF REALTORS,≤100
999556810102061,Signature Seas,Signature Seas,≤100
293225127381200,Patriot Depot,The Patriot Depot,≤100
7656215652,Tim Kaine,Tim Kaine,≤100
1163811040367180,Food & Water Action,FOOD & WATER ACTION,≤100
19746387261,Humane Society International,Humane Society International,≤100
104977525752112,Freedom of Patriots,Freedom of Patriots,≤100
55160732111,Cystic Fibrosis Foundation,CYSTIC FIBROSIS FOUNDATION,≤100
166194476728392,Center Street,"Hachette Book Group, Inc.",≤100
1435071773455316,Daily Wire,The Daily Wire,≤100
603230363139284,Anthony Bompiani,These ads ran without a disclaimer,≤100
103885799225717,Liberty Protector,Liberty Protector,≤100
82223469060,ACN - Aid to the Church in Need,"AID TO THE CHURCH IN NEED, INC.",≤100
6476528946,NAACP,National Association for the Advancement of Colored People (NAACP),≤100
219612384781411,Bloomberg Philanthropies,Bloomberg Philanthropies,≤100
251734676525,Kevin Cramer,CRAMER FOR SENATE,≤100
197760674021143,Indivisible Guide,Indivisible Project,≤100
149220264647,ADL - Anti-Defamation League,Anti-Defamation League,≤100
497719423723034,Planned Parenthood California Central Coast,Planned Parenthood California Central Coast,≤100
108397175612671,Republic Guardians,Republic Guardians,≤100
108247581851552,Democracy Defense Fund,DEMOCRACY DEFENSE FUND,≤100
567371470277443,The Wilderness Society Action Fund,The Wilderness Society Action Fund,≤100
278052172260101,ZERO TO THREE,ZERO TO THREE,≤100
657708380952174,Voices of the Civil Rights Movement,Comcast,≤100
407902639235640,JNS.org,Jewish News Syndicate,≤100
284293125336159,Regulatory Transparency Project,FEDERALIST SOCIETY FOR LAW & PUBLIC POLICY STUDIES,≤100
160630887998827,Let Them Live,Let Them Live,≤100
22234040933,United Nations Foundation,UNITED NATIONS FOUNDATION INC.,≤100
86071521216,Second Amendment Foundation,SECOND AMENDMENT FOUNDATION INC,≤100
109994434856766,George William,These ads ran without a disclaimer,≤100
114301413446447,The Climate Initiative,Kennebunkport Climate Initiative,≤100
113496178208014,Protecting Our Democracy,Protecting Our Democracy,≤100
60261764250,Childhelp,"CHILDHELP, INC.",≤100
203805062990264,Ben Shapiro,Daily Wire,≤100
112735922758892,Charlie Kirk,"Turning Point USA, Inc.",≤100
109352563640,Water.org,WATER.ORG INC.,≤100
336442420497121,Consciously,Big Sister Corp.,≤100
153278754738777,Climate Reality,The Climate Reality Project,≤100
349068689306,Tim Scott,Tim Scott for America,≤100
38471053686,Elizabeth Warren,"WARREN FOR SENATE, INC.",≤100
215653202574079,Future Majority,"Future Majority, Inc",≤100
2245766435469741,Beersy,Beersy LLC,≤100
102748688472759,Parents Defending Education,Parents Defending Education,≤100
19342050934,Leadership Institute,LEADERSHIP INSTITUTE INC,≤100
7515233409,"Mikey Weinstein, MRFF",MILITARY RELIGIOUS FREEDOM FOUNDATION,≤100
745304825534862,Steve Scalise,Team Scalise,≤100
6334782252,Oceana,Oceana,≤100
7292655492,MoveOn,MOVEON.ORG CIVIC ACTION,≤100
29717379728,International Justice Mission,International Justice Mission,≤100
836826976517252,International Christian Embassy Jerusalem - USA,"International Christian Embassy Jerusalem - USA, Inc.",≤100
17414523278,Democracy Now!,DEMOCRACY NOW,≤100
13867925345,Equality Florida,Equality Florida,≤100
505653766599222,America First with Dr. Sebastian Gorka,Salem Media,≤100
16534314739,Facing History & Ourselves,Facing History & Ourselves,≤100
58736997707,Marco Rubio,Rubio Victory Committee,≤100
5970146660,Community Change,Center for Community Change Action,≤100
393795797388359,FOUR PAWS,FOUR PAWS INTERNATIONAL INC,≤100
49699114675,Menage a Trois Wines,These ads ran without a disclaimer,≤100
114765400352270,Kite & Key Media,VMTS EDUCATION INC,≤100
25852730092,Care2,"Care2.com, Inc",≤100
7219151423,The Fund for American Studies (TFAS),FUND FOR AMERICAN STUDIES,≤100
124506846628,Agape International Missions,AGAPE INTERNATIONAL MISSIONS,≤100
170491079663777,The Sentencing Project,"SENTENCING PROJECT INC, THE",≤100
83865976093,Truthout,TRUTHOUT,≤100
1546952572205770,UAE USA United,The Embassy of the United Arab Emirates,≤100
202071006601223,GOOD PARTY,Good Party LLC,≤100
462669013928631,Jacky Rosen for Nevada,ROSEN FOR NEVADA,≤100
107830128834941,Keith Gross,KEITH GROSS FOR FLORIDA,≤100
985041388318595,FIDES Insurance LLC,FIDES Insurance LLC,≤100
74470852653,Mike Pompeo,Champion American Values PAC,≤100
220873174076,Animal Equality,ANIMAL EQUALITY,≤100
1438722236161076,County of Los Angeles,County of Los Angeles,≤100
92021268117,Working America,Working America,≤100
400851746967779,Nicole Malliotakis,NICOLE FOR NEW YORK,≤100
105173311888160,Star and Bar,Star and Bar,≤100
15503839732,Peter G. Peterson Foundation,Peter G. Peterson Foundation,≤100
194115677277113,A21,THE A21 CAMPAIGN,≤100
6130721655,Philadelphia Inquirer,These ads ran without a disclaimer,≤100
142957224352,International Medical Corps,International Medical Corps,≤100
278845882737338,Christopher F. Rufo,Christopher F. Rufo,≤100
21218780346,Foreign Policy,FOREIGN POLICY,≤100
312873151992,The African American Male Wellness Agency,African American Male Wellness Walk,≤100
1654550184799326,RetireSafe,RetireSafe,≤100
110316380149,Family Policy Alliance,Family Policy Alliance,≤100
163302087408673,Stop The Donald,Stop the Donald,≤100
104719928295399,Turn Left PAC,TURN LEFT PAC,≤100
46093654473,National Republican Congressional Committee,NRCC,≤100
936968016365794,The Eric Metaxas Radio Show,Salem Media,≤100
105157841248307,No Filter Politics,No Filter Politics,≤100
112600915451330,No Labels,No Labels,≤100
945455208962159,For Everyone Collective,For Everyone Collective,≤100
126211280741703,Midwest Values PAC,Midwest Values PAC,≤100
103648802451237,Fair Courts America,Fair Courts America,≤100
174793662656828,Colorado Peak Politics,Peak Politics LLC,≤100
403737406341879,National Women's Health Network,NATIONAL WOMENS HEALTH NETWORK,≤100
26082912881,Project On Government Oversight,Project On Government Oversight,≤100
108970206976,World Vision USA,WORLD VISION INC.,≤100
6756153498,Mike Bloomberg,Bloomberg Philanthropies,≤100
164771506031,Claremont Institute,"CLAREMONT INSTITUTE FOR THE STUDY OF STATESMANSHIP AND POLITICAL  PHILOSPHY, THE",≤100
100373975829221,Fòs Feminista Org,Fòs Feminista,≤100
103082819375063,For a Better Bayou,For a Better Bayou,≤100
104760636770,Vera Institute of Justice,Vera Institute of Justice,≤100
112114435501106,Hugh Hewitt,Salem Media,≤100
128407097202162,Advocates for Children of New Jersey,ADVOCATES FOR CHILDREN OF,≤100
10524033745,Remote Area Medical - RAM,REMOTE AREA MEDICAL,≤100
110480728196620,Small Business Digital Alliance,Small Business Digital Alliance,≤100
316955281351,APWU - The American Postal Workers Union,AMERICAN POSTAL WORKERS UNION,≤100
313723095478950,Daily Citizen,Focus on the Family,≤100
116546288359245,Heritage Action for America,HERITAGE ACTION FOR AMERICA,≤100
19192438096,AAAS - The American Association for the Advancement of Science,American Association for the Advancement of Science,≤100
162244692732,Brennan Center for Justice at NYU Law,"WILLIAM J. BRENNAN CENTER FOR JUSTICE, INC.",≤100
112735922758892,Charlie Kirk,Salem Media Group,≤100
133937690180,Student Conservation Association,Student Conservation Association,≤100
114633944922650,"Sunlyt, LLC","Sunlyt, LLC",≤100
1116377255172784,Concerned Veterans for America Foundation,Concerned Veterans for America Foundation,≤100
49421708941,Americans for Limited Government,AMERICANS FOR LIMITED GOVERNMENT IN,≤100
1590877284560136,Patti Harris,Bloomberg Philanthropies,≤100
48994809349,Ms. Foundation for Women,MS FOUNDATION FOR WOMEN INC,≤100
106704911834640,Squirrel Business,These ads ran without a disclaimer,≤100
717339155320936,Better Solutions for Healthcare,Better Solutions for Healthcare,≤100
101656855710163,News From The States,States Newsroom,≤100
205795426669644,Facts and Logic about the Middle East,Facts and Logic About the Middle East,≤100
101999568183948,Criminal Justice Courses,These ads ran without a disclaimer,≤100
458142697588014,AARP Public Policy Institute,AARP,≤100
28915909437,American Veterinary Medical Association Congressional Advocacy Network,AMERICAN VETERINARY MEDICAL ASSOCIATION,≤100
250392878345035,The Focused Pastor,Focus on the Family,≤100
1869687273277265,Run for Something,Run For Something PAC,≤100
269348454714,IMB,"INTERNATIONAL MISSION BOARD OF THE SOUTHERN BAPTIST CONVENTION, THE",≤100
173896102623920,Old Row,Old Row,≤100
380884168648080,Population Research Institute,POPULATION RESEARCH INSTITUTE,≤100
107350962049617,Count on Mothers,Mothers Count LLC,≤100
9324910069,NRSC,NRSC,≤100
104908071917505,Welcome.us,Welcome.us,≤100
278876378889211,Armenian Museum of America,"ARMENIAN MUSEUM OF AMERICA, INC.",≤100
114009933764548,The Patriot Club,RightWingGear.com,≤100
102486559194712,Private Equity Stakeholder Project,Climate Nexus - Rockefeller Philanthropy Advisors Sponsored Project,≤100
201446296572389,Compassion in World Farming (USA),Compassion in World Farming Inc,≤100
416913748508616,We Welcome,We Welcome,≤100
6240652407,Young America's Foundation,Young America's Foundation Inc,≤100
2254455051442790,Patriot Depot,Flag & Cross,≤100
524399207959953,Truth & Liberty Coalition,Truth & Liberty Coalition,≤100
97466887664,Innocence Project,"INNOCENCE PROJECT, INC., THE",≤100
107766235181961,The Nunn Report,The Nunn Report,≤100
290851614930809,Combat AntiSemitism,Combat Hate Foundation,≤100
60182072999,Lila Rose,Live Action,≤100
156496968533805,Explore Beyond,NCTA - The Internet & Television Association,≤100
7145381235,American Jewish World Service - AJWS,"AMERICAN JEWISH WORLD SERVICE, INC.",≤100
102961088866702,Sarah Klee Hood for Congress,SARAH KLEE HOOD FOR NY,≤100
104895398215442,Escape from The American Cage,Konrad Milewski,≤100
108024335231493,Tower Climbers Union/CWA,"COMMUNICATIONS WORKERS OF AMERICA, AFL-CIO, CLC",≤100
384006901653736,The Moore Charitable Foundation,Moore Charitable Foundation,≤100
120102651346136,Nevada State Treasurer’s Office,STATE TREASURER NEVADA OFFICE OF,≤100
1272534336242476,CFR Education,Council on Foreign Relations,≤100
18079407397,CPAC,American Conservative Union,≤100
102989874860962,Financial Guide,These ads ran without a disclaimer,≤100
16900111951,National Organization for Women (NOW),NATIONAL ORGANIZATION FOR WOMEN,≤100
408250066356,Bill O'Reilly,"Bill Me, Inc.",≤100
378084314984,Trane Technologies,Trane Technologies,≤100
176548369099092,Barbara Lee,Barbara Lee for U.S. Senate,≤100
101374728149342,A Starting Point,A Starting Point LLC,≤100
103552914774916,Science Moms,Potential Energy Coalition Inc,≤100
109118211910879,Mr. 45,Green Straw LLC,≤100
100607179026941,Of Thee I Sing 1776,Of Thee I Sing 1776,≤100
100692068471118,Explain America,Apse Media LLC,≤100
555787351119974,Coalition to Protect America's Health Care,Coalition to Protect America’s Health Care,≤100
103546351703577,Dallas Express,Dallas Express Media,≤100
168876449866088,The Years Project,THE YEARS PROJECT,≤100
548635402311623,Farmer's Justice Group,These ads ran without a disclaimer,≤100
1230571136989811,Top of Mind,Top of Mind,≤100
260933440643373,UltraViolet,UltraViolet Education Fund,≤100
90209763480,The Federalist Society,The Federalist Society,≤100
100700519593180,"Buck Nasty Media. Sports, culture, politics, and the Nasty Truth","Buck Nasty Media. Sports, culture, politics, and the Nasty Truth",≤100
507070522767934,AACR Foundation,"AMERICAN ASSOCIATION FOR CANCER RESEARCH, INC.",≤100
71324717432,National Association of Scholars,NATIONAL ASSOCIATION OF SCHOLARS,≤100
2352630938293825,Mytacticalpromos,Entremax,≤100
567101470157212,Obama Foundation,The Barack Obama Foundation,≤100
400013980059152,Coworker.org,Coworker.org,≤100
103376804451432,Trending Politics,I Love My Freedom,≤100
103762036034439,Unblock Humanity,Unblock Humanity,≤100
109599248636777,Consumer Credit Card Protection Coalition,CONSUMER CREDIT CARD PROTECTION COALITION,≤100
201956993160690,MRCTV,MEDIA RESEARCH CENTER,≤100
109748660821862,The Los Angeles Alliance For Human Rights,LA Alliance for Human Rights,≤100
238473269650980,Capital & Main,CAPITAL & MAIN,≤100
43934405787,IPPF,International Planned Parenthood Federation Worldwide Inc,≤100
153678684700451,American Investment Council,AMERICAN INVESTMENT COUNCIL,≤100
1570082353262795,YIMBY Action,YIMBY ACTION,≤100
101400032438085,The A-Mark Foundation,A MARK FOUNDATION,≤100
700153177010264,Plant Based Products Council,Plant Based Products Council,≤100
1290536624348001,Informed Immigrant,FWD.us Education Fund,≤100
105753898811449,Align Us,Align Us,≤100
6333396177,NewsBusters.org,MEDIA RESEARCH CENTER,≤100
227594571444676,Building New York's Best,Carpenter Contractor Alliance of Metropolitan New York,≤100
27311599342,Preemptive Love,Preemptive Love Coalition,≤100
215968684159,AFT - American Federation of Teachers,American Federation of Teachers,≤100
97624620788,American Friends of Magen David Adom,AMERICAN FRIENDS OF MAGEN DAVID ADOM,≤100
113986481630469,Trending Patriots,I Love My Freedom,≤100
104396194587918,C3 Solutions,Conservative Coalition for Climate Solutions,≤100
142474049098533,Robert Reich,Inequality Media Civic Action,≤100
104483742449646,CenterClip,"CenterClip, Inc.",≤100
43426724597,Paper Culture,Paper Culture LLC,≤100
103517308361597,TakeCharge,Take Charge Minnesota,≤100
101903508281567,The Dude's Threads,The Dude's Threads,≤100
745910525468062,National Center on Sexual Exploitation,National Center on Sexual Exploitation,≤100
234142976633158,Wake Up World & Smell the Coffee,WakeUpWorld108,≤100
152065518140304,Wildlife Conservation Society,Wildlife Conservation Society,≤100
1593518174052711,Candace Owens,Daily Wire,≤100
147896321153,Muscular Dystrophy Association,Muscular Dystrophy Association,≤100
105250915938055,Patriotic Prints and more.,Patriotic prints Inc,≤100
259351004139042,Ashbrook Center,Ashbrook Center,≤100
130753146592974,UCB USA,UCB USA,≤100
252814820267,HIAS,HIAS,≤100
106568024842114,Rideshare Assault Support,Citizen Ad Network LLC,≤100
82609311925,GreenLatinos,GreenLatinos,≤100
102413723172970,Nick Adams,Nick Adams,≤100
10252353761,Commonwealth Foundation,COMMONWEALTH FOUNDATION,≤100
95135221781,Federal News Network,Federal News Network,≤100
92729316952,Covanta,Covanta,≤100
499379343409991,Impact Fund,"IMPACT FUND, THE",≤100
103792215945362,Pride and Freedom,Pride and Freedom,≤100
16317479654,Deseret News,Deseret News,≤100
56074851990,Truth Initiative,TRUTH INITIATIVE FOUNDATION,≤100
106967202260421,Rodney Hall for Mississippi House Dist. 20,Hall for Mississippi,≤100
59877921429,Lutheran Immigration and Refugee Service,"LUTHERAN IMMIGRATION AND REFUGEE SERVICE, INC.",≤100
126305280752104,Slavic Gospel Association,SLAVIC GOSPEL ASSOCIATION,≤100
196014930429730,Empowered by Light,Empowered By Light Foundation,≤100
142474049098533,Robert Reich,Inequality Media,≤100
50982313030,Food & Water Watch,Food & Water Watch,≤100
1425435377743310,Conversations with Bill Kristol,FOUNDATION FOR CONSTITUTI,≤100
97279934919,bp America,BP CORPORATION NORTH AMERICA INC.,≤100
118152441212175,Digital Innovation for America,Digital Innovation for America,≤100
64206021703,National Committee to Preserve Social Security and Medicare,NATIONAL COMMITTE TO PRESERVE SOCIAL SECURITY AND MEDICARE,≤100
203156483151292,PassionLife,PassionLife Ministries,≤100
6727932795,Institute for Humane Studies,Institute for Humane Studies,≤100
830162603716633,Andy Beshear,Andy Beshear for Governor,≤100
221890358218748,Til Valhalla Project,These ads ran without a disclaimer,≤100
103047259150209,What I Want to Know with Kevin P. Chavous,"Stride, Inc.",≤100
113965178417621,michaelhockmanart,These ads ran without a disclaimer,≤100
111353945167018,Congressman Tom Kean,"Office of Congressman Tom Kean, Jr.",≤100
101379158990057,United Council on Welfare Fraud,United Council on Welfare Fraud,≤100
104237051371667,Fandiem,Fandiem Inc,≤100
44224524016,American Kidney Fund,"AMERICAN KIDNEY FUND, INC.",≤100
265302400637965,Dan Meuser for Congress,MEUSER FOR CONGRESS,≤100
128103650601995,The Conservative Caucus,The Conservative Caucus,≤100
292351509697,Jerusalem Prayer Team,Jerusalem Prayer Team,≤100
58709265392,Americans United for Separation of Church and State,American's United for Separation of Church and State,≤100
102982659268640,Heart & Health,Partner for Heart & Health,≤100
113992227446477,Bernie Moreno,BERNIE MORENO FOR SENATE,≤100
123624513983,The Western Journal,The Western Journal,≤100
304842759546695,Brooklyn Institute for Social Research,Brooklyn Institute for Social Research,≤100
1573514862764092,Speech First,Speech First,≤100
28446275521,Military Officers Association of America (MOAA),Military Officers Association of America,≤100
112837868505404,John Fonfara for Hartford Mayor,Fonfara for Hartford,≤100
70795936969,Children International,CHILDREN INTERNATIONAL,≤100
110624565660992,ZOE International,ZOE International,≤100
55708608675,RAND Corporation,"RAND CORPORATION, THE",≤100
6820348410,Kirsten Gillibrand,Gillibrand for Senate,≤100
281844617168,Jewish Voice Ministries International,Jewish Voice Ministries International,≤100
220538341415523,The Satanic Temple,The Satanic Temple,≤100
102047517918,The Commonwealth Fund,The Commonwealth Fund,≤100
110789241969098,Andy Morales,Andy Morales,≤100
309798029121030,Everytown for Gun Safety,Everytown for Gun Safety Support Fund Inc,≤100
234744096655497,Alliance For Early Success,Alliance for Early Success,≤100
314325338699374,We Are The Mighty,"The Mighty Networks, Inc.",≤100
300341323465160,The Daily Signal,HERITAGE FOUNDATION (THE),≤100
107308698272177,Gas Leaks Action,Gas Leaks Action,≤100
195261533834361,Friends of Animals,"FRIENDS OF ANIMALS, INC.",≤100
130268756992804,Yale Climate Connections,Yale Climate Connections,≤100
183165025062107,The TESA Collective,"The Toolbox for Education and Social Action, Inc",≤100
1691667177798461,Brut,Brut,≤100
1914537155242810,Life: Powered,Texas Public Policy Foundation,≤100
19992349706,Taxpayers for Common Sense,TAXPAYERS FOR COMMON SENSE,≤100
238711349624826,The Wetherall Company Public Service Advertising,The Wetherall Company LLC,≤100
113102010040319,Dharma Gates,These ads ran without a disclaimer,≤100
311901101987,"The Seeing Eye, Inc.",SEEING EYE INC,≤100
7229514244,Drug Policy Alliance,DRUG POLICY ALLIANCE,≤100
661744180680367,National Police Association,"NATIONAL POLICE ASSOCIATION, INC.",≤100
226999127329906,New York Immigration Lawyer,Law Office of Alena Shautsova,≤100
645392368909975,carafem,carafem,≤100
106959920878115,The Well Done Foundation,"WELL DONE FOUNDATION, INC.",≤100
258848839880,Horizon Blue Cross Blue Shield of New Jersey,These ads ran without a disclaimer,≤100
97544505459,Luther Seminary,These ads ran without a disclaimer,≤100
107283865722247,Bill Roedy for Miami Beach Mayor,WILLIAM HARVEY ROEDY JR CAMPAIGN,≤100
386305465057247,Liberty Nation News,Liberty Nation,≤100
138290759549138,Hope Clinic,Hope Clinic for Women,≤100
164966660351345,Hope Outfitters,Hope Outfitters,≤100
14038292386,Women for Women International,WOMEN FOR WOMEN INTERNATIONAL,≤100
150468198331534,The David Pakman Show,The David Pakman Show,≤100
183484875153093,Kim Monson Show,The Kim Monson Show,≤100
112339644228184,Next Chapter Podcasts,"Next Chapter Podcasts, LLC",≤100
30914589895,The International Fellowship of Christians and Jews,"INTERNATIONAL FELLOWSHIP OF CHRISTIANS & JEWS, INC.",≤100
130405893644450,Temple University,These ads ran without a disclaimer,≤100
21375324480,The Heritage Foundation,These ads ran without a disclaimer,≤100
100298938781,Robert Wood Johnson Foundation,THE ROBERT WOOD JOHNSON FOUNDATION,≤100
223608490170,The Ruth Institute,The Ruth Institute,≤100
1534290989956166,Philanthropy Roundtable,"PHILANTHROPY ROUNDTABLE, THE",≤100
147126507164,ACTwireless,ACTwireless,≤100
474227102732389,Turning Point Action,Turning Point Action,≤100
291102898490822,Conservative Comedy Store,Conservative Comedy Store,≤100
162069790604,AARP Arizona,AARP,≤100
102421369434228,Goose's News Daily,Goose's News Daily,≤100
105377404649506,Solidarity Fund by Coworker,COWORKER SOLIDARITY FUND,≤100
1492209061034879,Freddie O'Connell for Mayor,Ready for Freddie Committee,≤100
583258211727279,Shai Fund,SHAI FUND INC,≤100
327853590558653,"Agri-Pulse Communications, Inc.","AGRI-PULSE COMMUNICATIONS, INC.",≤100
302111635698,National Association of Tax Professionals (NATP),National Association of Tax Professionals,≤100
1586732664896365,FPC Action Foundation,FPC ACTION FOUNDATION,≤100
100295932715908,Morrell For Mayor,Morrell For Mayor,≤100
104728131848361,Offshore Wind For North Carolina,Southeastern Wind Coalition,≤100
1499191057075106,Chronic Disease Coalition,Chronic Disease Coalition,≤100
106983299030526,"Apollo Global Management, Inc.",These ads ran without a disclaimer,≤100
193078140705171,Stavros Niarchos Foundation,"SNF USA, INC.",≤100
747783932079184,Jared Golden for Congress,COMMITTEE TO ELECT JARED GOLDEN,≤100
10331123781,Special Olympics,Special Olympics Inc,≤100
101103254533,SOS International,SOS International,≤100
110010433804232,Standing For Freedom Center,Standing for Freedom Center,≤100
78420171887,Sailors for the Sea,OCEANA INC,≤100
181924628560212,Ekō,Ekō,≤100
428173550596440,Rep. Ritchie Torres,Office of Congressman Ritchie Torres,≤100
73970658023,International Rescue Committee,These ads ran without a disclaimer,≤100
111424138429025,The Clean Energy Life,REWIRE GROUP LLC,≤100
482869205100278,Neema Project,Neema Project,≤100
233766500047,All Dulles Area Muslim Society (ADAMS),These ads ran without a disclaimer,≤100
114665075250432,The Zalkin Law Firm,"The Zalkin Law Firm, P.C.",≤100
209516845093,NRDC Action Fund,NRDC Action Fund,≤100
101099418089760,"Wealthy Woman Lawyer, LLC",These ads ran without a disclaimer,≤100
101267705869524,OLAS Media,OLAS Media,≤100
50513265848,Citizens United,Citizens United,≤100
114982931437267,John Gomes for Mayor,JOHN GOMES FOR MAYOR,≤100
513785465632396,Airline Passengers for Justice,Airline Passengers for Justice,≤100
532282430591813,Planet Detroit,Planet Detroit,≤100
1374906906166064,The Policy Circle,The Policy Circle,≤100
427084097477881,AHIP,America's Health Insurance Plans,≤100
674093346356017,Jen Kiggans for Congress,KIGGANS FOR CONGRESS,≤100
100591845925552,EMILY's List Action,Emily's List Action,≤100
407848989230502,The Rational Middle,"Rational Middle Media Group, LLC",≤100
1652735661427924,Compass Tax Educators,These ads ran without a disclaimer,≤100
283268564212,Robert Rivas,Robert Rivas for Assembly 2024,≤100
114311491625816,Inappro Emporium,Inappro Emporium,≤100
119938547748319,Navigator Research,Navigator Research,≤100
341163402640457,NowThis,"VOX MEDIA, INC.",≤100
154670481249867,PowerSwitch Action,PowerSwitch Action,≤100
1444820465547227,Rank the Vote,Rank the Vote,≤100
309931049030916,Break The Silence Against Domestic Violence,"BREAK THE SILENCE AGAINST DOMESTIC VIOLENCE, INC",≤100
111598723672729,Alliance for Automotive Innovation,ALLIANCE FOR AUTOMOTIVE INNOVATION,≤100
117988274548521,GELF Energy,These ads ran without a disclaimer,≤100
102221165021408,Law Forward,"Law Forward, Inc.",≤100
546707688675095,Smart Approaches to Marijuana,SAM Action,≤100
169042736456594,All Out,All Out Action Fund.,≤100
424443217623488,Clarion Project,"CLARION PROJECT, INC.",≤100
5861903849,USA for UNFPA,USA for UNFPA,≤100
110210055663448,AIDSVu,AIDSVu,≤100
401240226922554,VoLo Foundation,VoLo Foundation,≤100
271453369908901,FLAG  - Foundation for Liberty and American Greatness,FLAG  - Foundation for Liberty and American Greatness,≤100
106834545428519,Matt Wiltshire for Mayor,Matt for Mayor,≤100
102204903345,The Vilcek Foundation,"VILCEK FOUNDATION, INC., THE",≤100
107414074990650,Defense of Freedom Institute,"Defense of Freedom Institute for Policy Studies, Inc.",≤100
304049377193669,Re-Elect Supervisor Jaron,Re-Elect Jaron Brandon District 5 Supervisor 2024,≤100
2080509938917749,New Jersey Composting Council,New Jersey Composting Council,≤100
122894447754361,Institute for New Economic Thinking,"INSTITUTE FOR NEW ECONOMIC THINKING, THE",≤100
127225910653607,PragerU,These ads ran without a disclaimer,≤100
458643554482238,Uri Velez La Sra de los Seguros,Euridis Velez,≤100
174971709316,Cigna Healthcare,These ads ran without a disclaimer,≤100
130848666099,Business Forward,Business Forward Inc.,≤100
677546855674210,Stand to Reason,These ads ran without a disclaimer,≤100
113202014337897,Defending American Liberty,Defending American Liberty,≤100
158060394299863,Town of Oyster Bay Democratic Committee,Town of Oyster Bay Democratic Committee,≤100
113568841713132,aikanefilm,These ads ran without a disclaimer,≤100
310925405807,Citizens Climate Lobby,Citizens' Climate Lobby,≤100
113341457791145,Voices for Healthy Green Spaces,Voices for Healthy Green Spaces,≤100
281844617168,Jewish Voice Ministries International,JEWISH VOICE MINISTRIES INTERNATIONAL,≤100
102044622753692,American Potential Podcast,AMERICANS FOR PROSPERITY,≤100
116736114679779,First Freedoms Foundation,FIRST FREEDOMS FOUNDATION PAC,≤100
104981939210693,Clayton Keirns,I Love My Freedom,≤100
109284291894484,American News Stories,"Freedom From the Press, LLC",≤100
25480500554,BRAC,"BRAC USA, Inc.",≤100
896675980427212,Rep. Joanna McClinton,Rep. Joanna McClinton,≤100
30618466815,Pacific Legal Foundation,Pacific Legal Foundation,≤100
1503295233268493,Lebowski Lovers,The Dude's Threads,≤100
168109446538119,St. Martin's Press,Macmillan Publishing,≤100
111922698405886,Don Kohler For Judge,Friends of Don Kohler,≤100
192738164073627,A Better Balance,A Better Balance,≤100
143173285763,Tenth Amendment Center,Tenth Amendment Center,≤100
217187838327836,The Story Exchange,The Story Exchange Foundation,≤100
430869277025501,Dr. Nancy O'Reilly,"WOMEN CONNECT4GOOD, INC.",≤100
710669049286394,Woo the People,Woo the People,≤100
67945990059,The American Petroleum Institute,The American Petroleum Institute,≤100
12357407443,American Friends Service Committee,AMERICAN FRIENDS SERVICE COMMITTEE,≤100
29770886815,Marijuana Policy Project,MARIJUANA POLICY PROJECT,≤100
109893362130598,Great American Patriots,I Love My Freedom,≤100
376801102416184,Rep. Scott Perry,Office of Congressman Scott Perry (PA-10),≤100
107356708329311,Conservative News Stories,"Freedom From the Press, LLC",≤100
5637143257,The Boston Globe,These ads ran without a disclaimer,≤100
142856248701,Save Our Springs Alliance,Save Our Springs Alliance,≤100
150066488433456,Solano Law Firm,SOLANO LAW FIRM LLC,≤100
103277109172874,The Original Lou's News,"Freedom From the Press, LLC",≤100
75553755070,Michael Smerconish,Michael Smerconish,≤100
141269835892560,The WIE Suite,These ads ran without a disclaimer,≤100
747004618667089,Belev Echad,BELEV ECHAD INC,≤100
1744911689126391,12up,These ads ran without a disclaimer,≤100
610264146298573,The American Council,The American Council for Evangelicals,≤100
719735274774629,The Local,East Falls Media,≤100
186977768011413,Ironworkers Rising,"International Association of Bridge, Structural, Ornamental, and Reinforcing Iron Workers",≤100
1605295603062909,Hot Seat for Judges,Hot Seat for Judges,≤100
122269174199638,USA Journal News,USA Features Media LLC,≤100
254943996005,Catholic Answers,"CATHOLIC ANSWERS, INC.",≤100
1731084720451495,Saprea,The Younique Foundation,≤100
116624091379652,jfishman21,These ads ran without a disclaimer,≤100
101418181605942,The Health Guru,These ads ran without a disclaimer,≤100
723394465079640,The Lion,Stanley M. Herzog Charitable Foundation,≤100
104979848524405,Starts With Us,Lubetzky Family Foundation,≤100
122654655280238,i360,i360,≤100
103886259329726,US Loan Center,US Loan Center Advantage,≤100
100888792995,City of Palo Alto - Public Agency,"PALO ALTO, CITY OF",≤100
106909358810669,Stop RCV,Stop RCV,≤100
529136360430526,Justice for Sydney's Gay Victims,These ads ran without a disclaimer,≤100
107472855565952,Supervisor Jeff Flores,Supervisor Jeff Flores,≤100
118810339361,Plante Moran,These ads ran without a disclaimer,≤100
322589090892,Clean Air Council,CLEAN AIR COUNCILS,≤100
98828483195,Safe Horizon,Safe Horizon,≤100
346612865750115,Korea Defense Veterans Association,Korea Defense Veterans Association,≤100
102712325850529,Libratum Press,Libratum Press LLC,≤100
104329844668,American Bar Association,American Bar Association,≤100
23641203189,Show-Me Institute,Show-Me Institute,≤100
1445796818829958,The Nature Conservancy Virginia,NATURE CONSERVANCY,≤100
2168484930102843,EJ Moonshot,EJ Creations LLC,≤100
118479622896426,The Veil Removed,The Veil Removed,≤100
262536810935097,Housing Is A Human Right,AIDS HEALTHCARE FOUNDATION,≤100
101350839190816,Macro Conservative,Macro Conservative,≤100
104882775118194,Blame It On Biden,"Broken Fixes Entertainment, LLC",≤100
104916968538177,TIS 이주공사,TIS VISA CORPORATION,≤100
102794658754102,Daily Freedom,Trending Views,≤100
110624247393153,Republican Ads,"Republican Ads, LLC",≤100
100746819111892,Tom Keen for Florida,Tom Keen for Florida,≤100
248507065275406,Congressman Matt Cartwright,Congressman Matt Cartwright,≤100
399366360669553,Jamaal Bowman,Bowman For Congress,≤100
38234604057,PEN America,PEN AMERICAN CENTER INC,≤100
116056898085779,American Exceptionalism PAC,AMERICAN EXCEPTIONALISM PAC,≤100
341513602902369,CALL TO ACTIVISM,CALL TO ACTIVISM,≤100
110700067011185,No Dem Left Behind PAC,NO DEM LEFT BEHIND PAC,≤100
248489425206081,Alex Stovall for Congress,ALEX FOR CONGRESS,≤100
100484735718366,The Coalition for Carolina,Coalition for Carolina,≤100
594519783957655,Citizens for National Security,Citizens For National Security,≤100
1729198467311786,G.A. Matiasz,62 Mile Press,≤100
101791315693,Destiny Rescue,"Destiny Rescue International, Inc.",≤100
215479992305641,Becoming Young,Becoming Young,≤100
354329797956187,The Catholic Association,"The Catholic Association, Inc",≤100
104959612493666,American Heritage,American Heritage,≤100
1560105467624797,Generation180,Generation180,≤100
101581329115492,Freedom Street,"Freedom From the Press, LLC",≤100
110178605122851,Fun Magazine Net,These ads ran without a disclaimer,≤100
1553978148244954,Build With Strength,Build With Strength,≤100
504118316658151,SilencedOrganic,SilencedOrganic.com,≤100
407767916003589,U.S. Representative John Carter,Office of U.S. Representative John Carter,≤100
104657602040321,Truth Media,Truth Media,≤100
106582384539447,Design for Freedom by Grace Farms,"GRACE FARMS FOUNDATION, INC.",≤100
137662367278,League of Women Voters of the US,LEAGUE OF WOMEN VOTERS OF THE UNITED STATES,≤100
295644160460352,Donald Trump Jr.,These ads ran without a disclaimer,≤100
101810652152706,Ship It Zero,PACIFIC ENVIRONMENT AND RESOURCES CENTER,≤100
143063095713907,Hep,"CDM PUBLISHING, LLC",≤100
12596759677,RAICES,REFUGEE AND IMMIGRANT CENTER FOR EDUCATION AND LEGAL SERVICES,≤100
109173865481115,Mark Adamle,These ads ran without a disclaimer,≤100
225422650854192,Election Systems & Software,Election Systems & Software,≤100
103481651030324,Great Lakes. Michigan Jobs.,Great Lakes. Michigan Jobs.,≤100
104521238896557,June Marie Paintings,June-Marie Paintings,≤100
5878048748,GlobalGiving,"GLOBALGIVING FOUNDATION, INC.",≤100
110019337015716,Inspiring Young Heroes,Young Heroes Project,≤100
262328690573306,Friends of Baxter State Park,FRIENDS OF BAXTER STATE PARK,≤100
102392018062460,Delegate A.C. Cordoza,FRIENDS OF AC CORDOZA,≤100
130130503698358,Eastern European Mission,EASTERN EUROPEAN MISSION,≤100
929799807078079,CITIZENARTS,CITIZENARTS EDUCATION COMPANY,≤100
109475211795252,Freedom From The Press,"Freedom From the Press, LLC",≤100
613924535450605,Daniel L. Hatcher,Daniel L. Hatcher,≤100
104873005081197,Repro Legal Defense Fund,IF/WHEN/HOW,≤100
170126260000702,Western Journal US News,The Western Journal,≤100
273546779885377,The Gallant Pelham,"delupton, LLC",≤100
113987532011901,"The Prayer Book Society, USA",These ads ran without a disclaimer,≤100
104605160959720,Leda Health,Leda Health Corporation,≤100
293526774748897,Parlatore Law Group,PARLATORE LAW GROUP LLP,≤100
120778038066631,EveryLibrary,EveryLibrary,≤100
377572616357769,Russ Vernon-Jones' Blog,"Coming Together: Understanding Racism, Working for Justice & Building Connections",≤100
118626774835274,Medicare Made Clear,Medicare Made Clear from United Healthcare,≤100
17203056985,Partners In Health,Partners In Health,≤100
127668823933246,The NewDEAL,NEWDEAL,≤100
122274013712979,Hom Stories,These ads ran without a disclaimer,≤100
102763296131905,Post News,Post News,≤100
1166660030079480,National Democratic Redistricting Committee,National Democratic Redistricting Committee,≤100
102510362488894,Futbolete - Page 3,These ads ran without a disclaimer,≤100
58043814556,Oklahoma City Memorial Marathon,Oklahoma City Memorial Marathon,≤100
116951001428932,BNN as seen on YouTube,These ads ran without a disclaimer,≤100
6919565207,Islamic Relief USA,These ads ran without a disclaimer,≤100
111001362000671,"Steve Jackowski, Author",These ads ran without a disclaimer,≤100
984421991732710,Paycheckology,Paycheckology,≤100
225879060980,Habitat for Horses,HABITAT FOR HORSES INC,≤100
21090771700,Gun Owners of America,Gun Owners of America,≤100
123857614319417,Texas Nationalist Movement,Texas Nationalist Movement,≤100
568103006940639,Law Office of Gary J. Kim,Law Offices of Gary J. Kim,≤100
101377889168483,Gumbo Limbo Coastal Stewards,"Gumbo Limbo Coastal Stewards, Inc.",≤100
163662804426854,Life Advancement Group,Life Advancement Group,≤100
105994201980331,Wording Stories,These ads ran without a disclaimer,≤100
36085812354,Rainforest Foundation US,"Rainforest Foundation, Inc.",≤100
19774119425,Habitat for Humanity,Habitat for Humanity International,≤100
235147283196528,Christi Craddick,Christi Craddick Campaign,≤100
7606381190,Amy Klobuchar,KLOBUCHAR FOR MINNESOTA,≤100
312870062895448,StateThugs,StateThugs.com,≤100
45901308455,MAP International,MAP INTERNATIONAL (INC.),≤100
105169114225957,Coalition for Responsible Exit,Coalition for Responsible Exit,≤100
239658882763974,Poverty USA by CCHD,UNITED STATES CONFERENCE OF CATHOLIC BISHOPS,≤100
102596355656379,Red Wave News Updates,"Freedom From the Press, LLC",≤100
203583423017526,National Immigration Law Center,National Immigration Law Center,≤100
111357897876676,Scotty Moore for Florida,Scotty Moore for Florida,≤100
100598976023350,T Talk,These ads ran without a disclaimer,≤100
100749216420320,Student Loans,These ads ran without a disclaimer,≤100
64974200999,America-Israel Friendship League,AMERICA-ISRAEL FRIENDSHIP LEAGUE,≤100
108611065115149,Avo Lee,These ads ran without a disclaimer,≤100
102619456089273,J.C. Brignone for Hancock County Chancery Clerk,These ads ran without a disclaimer,≤100
103966991229588,Frank Bojazi,Trending Views,≤100
105350752337593,Citizens Exam,Citizens Exam,≤100
2220049454938703,Macomb County Clerk-Register of Deeds,MACOMB COUNTY CLERKS OFFICE,≤100
249247419293008,Braxton Mitchell,Braxton Mitchell,≤100
1599237673639735,Change Media Group,Change Media Group,≤100
14084625156,Susan G. Komen,Susan G. Komen,≤100
65538457518,The Village Square,TO THE VILLAGE SQUARE INC,≤100
100158948453494,Lars for President,LARS MAPSTEAD FOR PRESIDENT,≤100
131618273567984,Jeff Landry,Landry for Louisiana,≤100
105320825886769,Steve Boston for Senate,Steve Boston for Senate,≤100
611865645522590,JusticeAid,JusticeAid,≤100
303374266418976,AFPM,American Fuel & Petrochemical Manufacturers,≤100
1475978805992832,Irvine Community News & Views,Irvine Community News & Views,≤100
106919660776918,batboybankie,These ads ran without a disclaimer,≤100
109194908627105,The Highland Park Gun Violence Project,Highland Park Gun Violence Project,≤100
28483858161,Texas Scorecard,ScorecardMedia,≤100
105917021150694,Knox County State's Attorney Jeremy Karlin,Knox County State's Attorney Jeremy S. Karlin,≤100
487406107954778,Red Movement Store,These ads ran without a disclaimer,≤100
348521388580843,Talks On Law,Talks On Law,≤100
528012934035108,Joe Mulligan for Middletown,Friends of Joe Mulligan,≤100
102658529406392,Allen Mashburn for NC Lieutenant Governor,Friends of Allen Mashburn,≤100
112236561388423,Nano Reading,These ads ran without a disclaimer,≤100
106170005330245,Nini Stories,These ads ran without a disclaimer,≤100
320823520454,Enough Is Enough,Enough is Enough,≤100
167710473877631,What We Do in the Shadows FX,These ads ran without a disclaimer,≤100
14893370225,Sustainable Harvest International,SUSTAINABLE HARVEST INTERNATIONAL,≤100
160961537249741,Orcas Island Children's House,These ads ran without a disclaimer,≤100
142932506806,Texas Alliance for Life,"Texas Alliance for Life, Inc.",≤100
85252863415,National Latina Institute for Reproductive Justice,NATIONAL LATINA INSTITUTE FOR REPRODUCTIVE HEALTH,≤100
97161645884,TASH,TASH,≤100
112264711922772,President Stuff,These ads ran without a disclaimer,≤100
12141462551,Washington National Cathedral,These ads ran without a disclaimer,≤100
2255846891314996,Corn Refiners Association,Corn Refiners Association,≤100
43949868082,Outright International,OutRight Action International with Facebook ad credits,≤100
110500431600342,The San Francisco Inquirer,The San Francisco Inquirer,≤100
142187265807692,McCauley For Mayor,McCauleyForMayor.com,≤100
105334892381660,AmericanTowns Politics,AMERICAN TOWNS,≤100
103019409737549,Empower Missouri,Empower Missouri,≤100
200990963441531,Boredom Therapy,These ads ran without a disclaimer,≤100
111265763982792,Austin Arthur of West Orange,"Austin Arthur for Orange County, Florida Commissioner District 1, Non-Partisan",≤100
293587294678559,Bienvenido,"Bienvenido, USA",≤100
381578445243960,Kristan Hawkins,"STUDENTS FOR LIFE OF AMERICA, INC.",≤100
133764907211570,Concerned Citizen,Concerned Citizen,≤100
266744843422391,Zoetis,Zoetis Inc.,≤100
160191644025128,Walton Family Foundation,These ads ran without a disclaimer,≤100
21898300328,BuzzFeed,BuzzFeed,≤100
35677414105,National Kidney Foundation,NATIONAL KIDNEY FOUNDATION INC,≤100
108692022262659,FactsRx,"FactsRx, LLC",≤100
103896262089697,Cool mule,These ads ran without a disclaimer,≤100
109200595768753,The Christian Left,The Christian Left,≤100
153966377987310,Disability Rights Florida,"DISABILITY RIGHTS FLORIDA, INC.",≤100
67198072267,Michigan Capitol Confidential,Michigan Capitol Confidential,≤100
127744561336445,Players Coalition,These ads ran without a disclaimer,≤100
1042560925858683,John Kelly,John Kelly,≤100
87777747127,Greg Palast,Palast Investigative Fund,≤100
123755994361809,Alliance San Diego,Equality Alliance of San Diego County,≤100
296451777564823,Indiana Environmental Reporter,Indiana Environmental Reporter,≤100
267530053441186,Concord Clayton Pioneer,Clayton Pioneer Inc.,≤100
101290868022400,Helpful Savers,These ads ran without a disclaimer,≤100
107251195285052,Florida's Right to Clean Water,Florida Right to Clean Water,≤100
96491683438,"The Friends of Israel Gospel Ministry, Inc.","FRIENDS OF ISRAEL GOSPEL MINISTRY, INC, THE",≤100
123367397757899,Poems for Free,Poems for Free,≤100
101018283332,Long Beach City,City of Long Beach,≤100
19990774371,Delegate Nic Kipke,Friends of Nic Kipke,≤100
861825983838055,Cloth & Cord Jewelry/Accessories,These ads ran without a disclaimer,≤100
100284648021034,New Tolerance Campaign,New Tolerance Campaign,≤100
275947565591,"Woods and Woods, LLC, The Veteran's Firm","Woods & Woods, LLC",≤100
192609620649,The University of Chicago,The University of Chicago,≤100
228304007241528,The Vegas Voice,Vegas Voice Media LLC,≤100
87377228013,Side with Love,UNITARIAN UNIVERSALIST ASSOCIATION,≤100
1359505927455440,Global Health NOW,Johns Hopkins Bloomberg School of Public Health,≤100
838799112914425,Wisconsin Justice Initiative,Wisconsin Justice Initiative Inc.,≤100
103875198963204,The Equitable Campaign Hub,The Equitable Campaign Hub LLC,≤100
103929304678916,Voter Action Project,Integrity First Voter Action Project,≤100
106705056029405,Renee Pawlish - Author,These ads ran without a disclaimer,≤100
104437132139432,Revolución Ciudadana EEUU & Canadá,These ads ran without a disclaimer,≤100
115262456592822,Christians Engaged,Christians Engaged,≤100
203420943084617,Damnthedemocrats,Damnthedemocrats,≤100
60865633726,Love Justice International,TINY HANDS INTERNATIONAL,≤100
306480006853271,Political-Paige.com BLOG,Political-Paige.com,≤100
79010847059,Dherbs,These ads ran without a disclaimer,≤100
186070498791676,The Dude,The Dude's Designs,≤100
1832245947018802,Chris Rose for US Senate - WV,ROSE FOR WEST VIRGINIA,≤100
1191593944306272,State Rep. Julie Johnson,Julie Johnson for Congress,≤100
100478571975739,Alan Geraci 2024,These ads ran without a disclaimer,≤100
107645227592678,To Which We Belong,Mystic Artists,≤100
105055152148626,Dalio Philanthropies,"Dalio Foundation, Inc.",≤100
105529465894531,Unify Montrose,Unify America,≤100
993294760683044,Education Reform Now,EDUCATION REFORM NOW ADVOCACY INC,≤100
103893891262140,Bearce Artistry,These ads ran without a disclaimer,≤100
210214622426593,Nexus Family Healing,NEXUS,≤100
104681138248125,Tiny Revival Clothing Co.,Tiny Revival Clothing Co.,≤100
96935476345,Democratic Governors Association (DGA),Democratic Governors Association,≤100
102431482417812,American Free Enterprise Action,These ads ran without a disclaimer,≤100
106862204671108,The Deplorable Americans,The Deplorable Americans,≤100
230180824062538,Councilman Anand Shah,Councilman Anand Shah,≤100
249467225254927,The Love > hate Project,LOVE GREATER THAN HATE PROJECT,≤100
100637631678746,Conservative News Daily,Conservative News Daily,≤100
10606591490,TIME,TIME USA LLC,≤100
111180475131981,Chris Nealon,These ads ran without a disclaimer,≤100
38459747036,World Relief,World Relief,≤100
118876401217924,New International hope for Refugee &  Immigrants,These ads ran without a disclaimer,≤100
114720784962153,Sam Bregman for District Attorney,Bregman for DA,≤100
101224002310757,Seven Weeks Coffee,Seven Weeks Coffee,≤100
104107455066450,H. Russell Cohen,H. Russell Cohen,≤100
102230249080409,Freedom First,"Freedom From the Press, LLC",≤100
109558452189254,René Díaz-Corzo,Rene Diaz,≤100
106687451972508,Elect Jack Scott DeSoto County District  5 Supervisor,Friends of Jack Scott,≤100
999015486922043,Elvin Villalobos,Elect Elvin Villalobos,≤100
1526187657699204,Valoree Swanson for Texas,Valoree Swanson for Texas,≤100
58158120046,ACLJ,American Center for Law and Justice,≤100
108285168924742,Victoria Masika for Town Commissioner,These ads ran without a disclaimer,≤100
116528314794382,Las Vegas Spaceport,These ads ran without a disclaimer,≤100
240425642652222,South Florida Wildlands Association,South Florida Wildlands Association,≤100
349528025129958,"Brevard County Sheriff's Office, Florida (Official)","Brevard County Sheriff's Office, Florida (Official)",≤100
103648168940978,Help Ukrainian Hospitals,"Help Ukrainian Hospitals, Inc",≤100
102431455226232,Time To Run,TIME TO RUN,≤100
711909245654048,National Police Support Fund,National Police Support Fund,≤100
100380901362541,Our Place of Hope,Our Place of Hope,≤100
90022052772,Williams,"WILLIAMS COMPANIES, INC., THE",≤100
111027456985128,Lavinia Goodell,Lavinia Goodell,≤100
45372564473,The Mark Twain House & Museum,MARK TWAIN MEMORIAL,≤100
260857705787317,stud35machado,These ads ran without a disclaimer,≤100
169840807024913,Jobob,The Jobob Show,≤100
76773076004,Richmond Times-Dispatch,Richmond Times-Dispatch,≤100
201248453800242,My Pay My Say,Mackinac Center for Public Policy,≤100
187850809456,PSEA - PA State Education Association,PENNSYLVANIA STATE EDUCATION ASSOCIATION,≤100
230053303681902,Americans for Prosperity Arizona,AMERICANS FOR PROSPERITY,≤100
112071038480355,Real News Now,Real News Now,≤100
117592091643709,Tree of Life Ministries｜Evangelism in Israel,Tree of Life Ministries,≤100
109330805754158,AARP MN,AARP,≤100
118066774607479,Marcia Masulla for Council at-Large,Marcia for Nashville,≤100
33130879085,The Hastings Center,The Hastings Center,≤100
112443395099439,Jackson For Hobart,Committee to Elect Teddian Jackson,≤100
461530314600399,Common Sense American Politics,Common Sense American Politics,≤100
235039782048,Array of Hope,ARRAY OF HOPE,≤100
245481022560114,John Stefanski,John Stefanski Campaign,≤100
102953441994382,Your Ruling Planet - Lifestyle,These ads ran without a disclaimer,≤100
311134189218940,For Our Future Nevada,For Our Future Action Fund,≤100
108977698331129,Happy Stories,These ads ran without a disclaimer,≤100
108806160713057,The Boys of the Bone Yard Slash,These ads ran without a disclaimer,≤100
186314388125261,National Council of Jewish Women Arizona,National Council of Jewish Women Arizona,≤100
220503571689546,Women4Change,Women4Change Indiana,≤100
147523538641547,Capitol Ministries,CAPITOL MINISTRIES,≤100
106095601125529,"Reaching Everyone In Distress Foundation, Inc.",Reaching Everyone in Distress Foundation Inc.,≤100
287419001041,National Black Book Festival,CUSHCITY.COM INC,≤100
773432316041673,Calvary South Austin,Calvary South Austin,≤100
106609109378861,H2O Hero,Monroe County Department of Environmental Services,≤100
105828152802803,Afro Flow Yoga,These ads ran without a disclaimer,≤100
110270970151,Slow Food USA,These ads ran without a disclaimer,≤100
163465613709694,Poodle Breeders,These ads ran without a disclaimer,≤100
513695272011123,The Genesis Prize,GPF NA LLC,≤100
659878157406228,America's Warrior Partnership,America's Warrior Partnership,≤100
102440322847835,Get U.S Citizenship,Get U.S Citizenship,≤100
38897314734,Trust for Public Land,"TRUST FOR PUBLIC LAND, THE",≤100
122742807774775,Municipal Water District of Orange County,Municipal Water District of Orange County,≤100
103649939028193,Costa Mesa Confidential,Costa Mesa Confidential,≤100
260713150211,Protect Our Winters,Protect Our Winters,≤100
109366181861530,President Trump is My Wingman,"Freedom From the Press, LLC",≤100
216052228433696,Arcus Foundation LGBTQ Social Justice,ARCUS FOUNDATION,≤100
102579112455934,Making The Leap Podcast,Stanley M. Herzog Charitable Foundation,≤100
133753583953215,American History in 90 Minutes - The Common-Sense Guide to U.S. History,American History in 90 Minutes,≤100
101415254816106,[FB Test Page] Political Test Business Main Page,US org 1,≤100
896759427103774,Modern Medicaid Alliance,Modern Medicaid Alliance,≤100
1226854550711523,Get Biofuel,Get Biofuel,≤100
484865984976254,ClickCease by CHEQ,These ads ran without a disclaimer,≤100
657142061016056,CAMERA on Campus,CAMERA,≤100
1620937204819048,Wildlife Trafficking Alliance,American Association of Zoological Parks & Aquariums,≤100
109871108392871,Sargon B Yalda,These ads ran without a disclaimer,≤100
165674110118949,Clearing out the Clutter,Clearing out the Clutter,≤100
109729861699329,Speak4,Speak4,≤100
104992755189904,Latina Civic Foundation,Stateside Affairs,≤100
43853729859,Campaigns & Elections,Political World Communications,≤100
110094158160834,The American Tribune,"Freedom From the Press, LLC",≤100
100711852963449,Team Vivek,VIVEK 2024,≤100
338218229911752,Integrity First PAC,INTEGRITY FIRST PAC,≤100
169668596476550,AFSCME en Español,AMERICAN FEDERATION OF STATE COUNTY & MUNICIPAL EMPLOYEES,≤100
139835646030666,Alliance for Aviation Across America,Alliance for Aviation Across America,≤100
102176712079037,Daily Floridian,Daily Floridian,≤100
792094960903157,Bearly Articulating,These ads ran without a disclaimer,≤100
144917752205068,University of Regina Press,These ads ran without a disclaimer,≤100
106912565273063,Kov Reading,These ads ran without a disclaimer,≤100
31966561030,National Taxpayers Union,National Taxpayers Union,≤100
50714237985,The Rutherford Institute,RUTHERFORD INSTITUTE,≤100
287754774569171,Americans for Prosperity-Montana,AMERICANS FOR PROSPERITY,≤100
8145161702,Lambda Legal,LAMBDA LEGAL DEFENSE & EDUCATION FUND INC,≤100
487569614682924,CAPP USA,Yellow Line Productions LLC,≤100
285823032086448,John Padora,PADORA FOR COLORADO,≤100
111299081323681,Entretenimiento,These ads ran without a disclaimer,≤100
244293668529,Nassau County Democratic Committee,Nassau County Democratic Committee,≤100
376250065793807,Citizens for Responsible Energy Solutions,CITIZENS FOR RESPONSIBLE ENERGY SOLUTIONS INC,≤100
2259323457517498,Abolish the Electoral College,Abolish the Electoral College,≤100
102663191965686,Salex,Salex Sv,≤100
223415567869583,Phil Anderson for US Senate,PHILLIP ANDERSON FOR US SENATE,≤100
1038112106230748,Henk Rogers,Blue Planet Alliance Corporation,≤100
1420200111329836,Alan C. Moore,Alan C. Moore,≤100
105348224679358,The Don't Unfriend Me Show,DONT UNFRIEND ME,≤100
106124975682358,Jimmy Fondren for Mississippi House District 111,Committee To Elect Jimmy Fondren,≤100
108131805539170,Dr. David Ciampi for Mayor,Friends to Elect David F Ciampi,≤100
718336841517599,Purina Sheep & Goat,These ads ran without a disclaimer,≤100
110393668234420,Halawa Stories,These ads ran without a disclaimer,≤100
1568124206773393,Envision Freedom Fund,These ads ran without a disclaimer,≤100
117214891638398,Street Grace,Street Grace Inc,≤100
328042268580226,Stories of Antisemitism,Stories Of Antisemitism,≤100
200666266624469,Rep. Frank Burns,Rep. Frank Burns,≤100
104891932503484,Congressman Nick LaLota,Congressman Nick LaLota,≤100
639031809582672,GreaterAndGrander.com,GreaterAndGrander.com,≤100
107077981585236,"Debt Elimination NOW, Neeley Law","Debt Elimination NOW, Neeley Law",≤100
103728861917891,Mayor Jamie D. Watts,Jamie D. Watts,≤100
452797224923658,The Democratic Coalition,THE DEMOCRATIC COALITION,≤100
101115702875353,Congresswoman Jen Kiggans,Congresswoman Jen Kiggans,≤100
100403554946506,Trenton Threatened Skies,TRENTON THREATENED SKIES A NJ NONPROFIT CORPORATION,≤100
112420651829327,DeSantis 2024 Quotes Shirt - Make America Florida,world beater brands llc,≤100
120479957688167,"Corrado, DePhillips & Barlas for LD40",Corrado DePhillips Barlas for LD40,≤100
204223673035117,MBL - Movimento Brasil Livre,These ads ran without a disclaimer,≤100
109460607956387,Armando Juarez Gonzalez,These ads ran without a disclaimer,≤100
114679045302848,Global Democracy,These ads ran without a disclaimer,≤100
104469449001715,finegemsandminerals,These ads ran without a disclaimer,≤100
109980275128359,Histoposters,These ads ran without a disclaimer,≤100
107665431192107,My Homegrown Symphony,These ads ran without a disclaimer,≤100