﻿Page ID,Page name,Disclaimer,Amount spent (VEF)
304971412943967,Instituto de Zumpango en Estudios Superiores en Criminalística IZESC,These ads ran without a disclaimer,14578
110605941407413,orenda.lectora,These ads ran without a disclaimer,4072
100136869328198,Hyosung Worldwide,These ads ran without a disclaimer,569
116987781644980,Shangay,These ads ran without a disclaimer,≤100
552790635089157,The Secular Community,These ads ran without a disclaimer,≤100
111761433935219,lacausa264,These ads ran without a disclaimer,≤100
103005468773328,Crypto Network,These ads ran without a disclaimer,≤100