﻿Page ID,Page name,Disclaimer,Amount spent (EUR),Number of ads in Library
334361224413,N-VA,Nieuw-Vlaamse Alliantie,4198,34
56605856504,Vlaams Belang,Vlaams Belang,3866,5
57253967150,Vooruit,Vooruit,2401,71
24079407056,Bart De Wever,Nieuw-Vlaamse Alliantie,2345,20
54970503767,PVDA,PVDA,1901,19
305365056290036,Raoul Hedebouw - PVDA,PVDA,1486,11
504580942987092,Egbert Lachaert,Open Vld,1454,18
236485149843971,Peter Mertens,PVDA,1200,8
583742175322666,Jo Brouns,Jo Brouns,716,18
543319679114946,Matthias Diependaele,Nieuw-Vlaamse Alliantie,586,7
942750852588816,Conner Rousseau,Vooruit,568,10
121822074551891,Action Damien - Damiaanactie,Action Damien,478,6
53668151866,Open Vld,Open Vld,475,25
1947077568914353,Sammy Mahdi,CD&V,382,5
236330169511,MR - Mouvement Réformateur,MR - Mouvement Réformateur,365,7
483497581789280,Theo Francken,Nieuw-Vlaamse Alliantie,352,5
53838654385,PTB,PTB,349,19
518402351504731,Parti Socialiste (PS),Parti Socialiste (PS),295,3
603811736730421,Tom Vandendriessche,Tom Vandendriessche MEP,278,8
341174129258800,Georges-Louis Bouchez,Georges-Louis Bouchez,278,4
933317623465246,Recupel,Recupel,257,4
84920854319,Groen,Groen,253,57
208140805905898,GAIA - Global Action in the Interest of Animals,GAIA - Global Action in the Interest of Animals,229,2
73232790238,Greenpeace Belgium,Greenpeace Belgium,221,94
942750852588816,Conner Rousseau,Conner Rousseau,204,10
60317812912,Jan Jambon,Nieuw-Vlaamse Alliantie,202,5
443445539013483,Alexia Bertrand,Open Vld,200,3
164113290270958,UAntwerpen,UAntwerpen,191,3
108820070638334,Les Engagés - Mouvement participatif,Les Engagés,191,28
495564387205601,CD&V Limburg,CD&V,142,5
1848893498684520,Santander Consumer Bank Belgium,Santander Consumer Bank,134,6
80987045743,Amnesty International België Vlaanderen,Amnesty International België Vlaanderen,134,16
133467219125,Ben Weyts,Nieuw-Vlaamse Alliantie,134,12
1661453500556261,Peter De Roover,N-VA,133,1
440758486069432,Jasper Pillen,Open VLD,119,3
1373626132778895,Jeremie Vaneeckhout,Groen,110,9
1477520555859157,Comac Studenten,Comac,107,3
38296327361,Ecolo,Ecolo,≤100,2
101240187963272,wallonie-photovoltaiques.com,LA PLATEFORME DU LEAD,≤100,6
1375436739430055,Anneleen Van Bossuyt,Nieuw-Vlaamse Alliantie (Anneleen Van Bossuyt),≤100,5
291699857688,EPP Group in the European Parliament,EPP Group in the European Parliament,≤100,22
453932394796444,Zuhal Demir,Nieuw-Vlaamse Alliantie,≤100,9
1480604288895159,N-VA Brussels Hoofdstedelijk Gewest,Nieuw-Vlaamse Alliantie,≤100,5
408479362538591,Vlaams Parlement,Vlaams Parlement,≤100,2
111434905112353,Assemblée citoyenne pour le climat - Burgerraad voor het klimaat,Bruxelles Environnement,≤100,2
275607285891320,Johan Van Overtveldt,Nieuw-Vlaamse Alliantie,≤100,5
162499363939852,PTB Région Bruxelles-Capitale /  PVDA Brussels Hoofdstedelijk Gewest,PTB,≤100,1
372776579930604,Petra De Sutter,Groen,≤100,6
379749768826697,N-VA Stad Antwerpen,Nieuw-Vlaamse Alliantie,≤100,4
203903005659,Vlaams Belang Jongeren,Vlaams Belang Jongeren,≤100,3
150977208365420,Assita Kanko,Nieuw-Vlaamse Alliantie,≤100,4
556347961236170,FGTB Titres-services,FGTB Titres-services,≤100,7
1474193815933413,ABVV Schoonmaak,ABVV Schoonmaak,≤100,9
328565540829675,ABVV Dienstencheques,ABVV Dienstencheques,≤100,7
111723720244690,Tinne Van der Straeten,Groen,≤100,8
141790109882222,ABVV Bewaking,ABVV Bewaking,≤100,6
1498177693625569,FGTB Gardiennage,FGTB Gardiennage,≤100,6
254275311677180,FGTB Nettoyage,FGTB Nettoyage,≤100,8
1885580581677707,maconstruction.be,maconstruction.be,≤100,53
173518112695794,DéFI,DéFI,≤100,15
443153442745815,Time for a European Federation,European Federation,≤100,2
107781141962077,Nadia Naji,Groen,≤100,15
1722656998043900,Uniqkey A/S,These ads ran without a disclaimer,≤100,2
103639808471391,Clean Cities,Transport & Environment,≤100,2
100138896719025,Comité Femmes Éliane Vogel-Polsky Vrouwencomité,Comité Femmes Éliane Vogel-Polsky Vrouwencomité,≤100,7
174309193235171,FGTB Construction,FGTB Construction,≤100,5
616252382042509,ABVV Bouw,ABVV Bouw,≤100,7
125138890876117,N-VA Gent,Nieuw-Vlaamse Alliantie,≤100,5
108645756526900,Chez Nous,Chez Nous,≤100,10
940751969325677,Eaglestone,Clairet Mathieu Nicolas,≤100,1
249473338453614,MR Bruxelles,MR Bruxelles,≤100,6
1094451167319305,Line De Witte,PVDA,≤100,2
110049460908305,Zakia Khattabi,Ecolo,≤100,9
536040200159049,FGTB Coiffure,FGTB Coiffure,≤100,6
1581695045419840,Gaëtan Van Goidsenhoven,Gaëtan Van Goidsenhoven,≤100,2
2348856148493991,Scan-R,ASBL SCAN-R,≤100,1
232762767418563,ABVV Kappers,ABVV Kappers,≤100,5
386211174868638,Comac étudiants,Comac,≤100,1
111213851043035,Sara Matthieu,Groen,≤100,3
106265382759554,Jong N-VA,Jong N-VA,≤100,1
151858145215878,RedFox België,Redfox (België),≤100,13
1473802016233527,Informazout,Informazout,≤100,4
1000331320002877,RedFox Belgique,RedfoxFR,≤100,8
100947845480,Sven Gatz,Open Vld,≤100,4
318423514835874,Caritas International.be,Caritas International,≤100,9
244030075734828,Vlaams Belang Brugge,Vlaams Belang,≤100,4
14619952769,Het Belang van Limburg,Het Belang van Limburg,≤100,4
316139873331,A.S.Adventure,A.S.Adventure,≤100,2
2101118869952701,Melissa Depraetere,Vooruit,≤100,10
584806884924010,Tom Van Grieken,Vlaams Belang,≤100,1
109988677044893,Filip De Man,Filip De Man,≤100,1
290536231471445,David Leisterh,David Leisterh,≤100,3
129039903901425,Dokters Van de Wereld,Dokters Van de Wereld,≤100,3
192748010567,Vincent Van Quickenborne,Vincent Van Quickenborne,≤100,3
365952313470327,Médecins Du Monde Belgique,Médecins du Monde,≤100,1
109303661918715,Yvan Verougstraete,Les Engagés,≤100,4
257957707639205,Centre Communautaire Laïc Juif,Centre Communautaire Laïc Juif,≤100,2
2077348495667437,Holcim Belgium,Holcim Belgium,≤100,5
103185044437485,Marianne - België,PVDA,≤100,1
142133146307105,Vlaams Belang Gent,Vlaams Belang Gent,≤100,4
102084208341677,Sarah Schlitz,Ecolo,≤100,2
192748010567,Vincent Van Quickenborne,Open Vld,≤100,1
240544726004671,Universiteit Gent,Universiteit Gent,≤100,2
107898832590939,European Commission,European Commission,≤100,5
1767703483548430,The Barn Bio Market - Brussels,The Barn Bio Market,≤100,6
217584858273969,Unilin,Unilin,≤100,2
15299247059,EURACTIV,EURACTIV Media Network BV,≤100,17
260207497491940,Annick De Ridder,Nieuw-Vlaamse Alliantie,≤100,2
127338613992096,Humanistisch Verbond,Humanistisch Verbond,≤100,2
250836601610919,N-VA Mechelen,Nieuw-Vlaamse Alliantie,≤100,2
100307785701897,Eclosio - Belgique,Eclosio,≤100,1
1410219772556421,Maggie De Block,Maggie De Block,≤100,3
108150475417413,Les futurs.brussels,Les futurs.brussels,≤100,6
234207847248569,Acteurs de l'économie sociale,ConcertES,≤100,1
111501451789338,Ben Van Duppen,PVDA,≤100,1
194951997194401,N-VA Sint-Niklaas,Nieuw-Vlaamse Alliantie,≤100,3
251034964924788,N-VA Leuven,Nieuw-Vlaamse Alliantie,≤100,2
100590008596220,Georges Gilkinet,Ecolo,≤100,2
168411579894593,N-VA Roeselare,Nieuw-Vlaamse Alliantie,≤100,2
1509912979289620,Vzw Zijn Beweging tegen Geweld / Stop partnergeweld,Anne-Marie De Schepper - vzw Zijn,≤100,2
144986545155,Groen Brussel,Groen Brussel,≤100,6
279758248890258,François Desquesnes,Les Engagés,≤100,4
340983056822492,The Barn Bio Market - Antwerpen,The Barn Bio Market,≤100,6
356739147855925,ENGIE,ENGIE,≤100,1
103095447779775,Marianne - Belgique,PTB,≤100,1
1827159337591424,Toon Vandeurzen,Toon Vandeurzen,≤100,17
234120763597078,VLAIO,Agentschap Innoveren & Ondernemen,≤100,2
271441273413145,Vlaams Belang Deinze,Vlaams Belang Deinze,≤100,1
1620310611353628,Volt Belgium,Volt Belgium,≤100,2
103746756361685,N-VA Brugge,Nieuw-Vlaamse Alliantie,≤100,1
156982520361,Groen Gent,Groen Gent,≤100,1
104905208856666,Єдиний державний хаб зі збору доказів воєнних злочинів,These ads ran without a disclaimer,≤100,1
252751761458943,Open Diest,Open Diest,≤100,2
396488943767814,Mamas for Africa,Mamas for Africa,≤100,1
110844205773,WWF-Belgium,WWF-Belgium,≤100,19
1121251937901508,Hilde Vautmans,Vautmans Hilde Josee J,≤100,1
203339423030276,albelli Fotoboeken België,These ads ran without a disclaimer,≤100,2
362996563734991,N-VA Kortrijk,Nieuw-Vlaamse Alliantie,≤100,2
110647840532680,Merge Mayor,These ads ran without a disclaimer,≤100,1
511931408892308,Jongsocialisten,Jongsocialisten vzw,≤100,2
628587350532977,N-VA Diest,N-VA Diest,≤100,2
549906475047973,Arkopharma Belgium,Arkopharma Belgium,≤100,2
178362315106,European Parliament,European Parliament,≤100,2
201043033241910,Groen Haacht,Groen Haacht,≤100,1
998887823550443,Brecht Warnez,Warnez Brecht Luc T,≤100,3
1362491840500648,CD&V Provincie West-Vlaanderen,CD&V Provincie West-Vlaanderen,≤100,2
200480966638039,Supremacy 1914,These ads ran without a disclaimer,≤100,1
96380798126,Çavaria,çavaria vzw,≤100,1
1016780215187655,Rachid Azaoum,Rachid Azaoum,≤100,1
188590271170028,ABVV,Vlaams ABVV,≤100,1
274961409207861,N-VA Groot Aalst,Nieuw-Vlaamse Alliantie,≤100,3
234267906711043,Christophe De Beukelaer,Les Engagés,≤100,5
1516688831944301,Bart Tommelein,Bart Tommelein,≤100,2
164046407701632,Stephanie D'Hose,Open Vld,≤100,2
102241721335553,Rigoni di Asiago Belgium,Rigoni di Asiago,≤100,2
1267941043222661,Marche Mondiale des Femmes Belgique - Wereldvrouwenmars Belgïe,Marcela de la Peña,≤100,1
377214036395387,Unilin Insulation Belgium,Unilin Insulation,≤100,13
106609767689970,Vlaams Belang Ieper,Vlaams Belang,≤100,1
206936833281320,Alexandre Pirson,Alexandre Sedera Kazeeronique P. Pirson,≤100,1
2009766875990183,Loes Vandromme,Vandromme Loes Martha,≤100,1
1354772694581392,Vlaams Belang Waasmunster,Vlaams Belang,≤100,1
278042498937412,Groen Hamme,Peggy Geerinckx,≤100,1
260711457326124,CD&V Sint-Niklaas,CD&V Sint-Niklaas,≤100,1
1664229433634791,Jurgen Vanlerberghe,Vanlerberghe Jurgen Maurits P,≤100,1
103993246355647,Etopia,Etopia,≤100,1
304080633021701,Jacqueline Galant,Gillian Pol Hermand,≤100,1
2141077652780131,Maxim Veys,Vooruit,≤100,2
153917655547506,Vlaams Belang Sint-Gillis-Waas,Vlaams Belang,≤100,1
134813254052332,Vlaams Belang Lebbeke,Vlaams Belang,≤100,1
563697593799419,Kurt Van Noten - districtsraadslid voor het Vlaams Belang in Ekeren,Van Noten Kurt,≤100,1
110008099112275,Vlaams Belang Ekeren,Van Noten Kurt,≤100,1
100139751453863,Vlaams Belang Eeklo,Vlaams Belang,≤100,1
16123379845,André Antoine,Les Engagés,≤100,2
382142342334084,USR Belgia,Partidul Uniunea Salvați România,≤100,1
181975318662681,Raoul Hedebouw,PTB,≤100,2
546608812184232,Les Engagés du Bassin de Vie de Liège-Seraing,Cedric Pierre J Lemaire,≤100,1
231465544211675,Bavo De Mol,De Mol Bavo Johannes X,≤100,3
1747704655296978,Gladys Kazadi,Les Engagés,≤100,3
238063502909953,LVSV Leuven,Olivier Van Poppel,≤100,1
1797427180478228,Maurits Vande Reyde,Maurits Vande Reyde,≤100,1
150932761651575,N-VA Turnhout,Nieuw-Vlaamse Alliantie,≤100,1
109519493980477,Youssef Handichi,PTB,≤100,1
107409350769021,Guillaume Soupart,Guillaume Toni S Soupart,≤100,1
52997544531,cd&v,CD&V,≤100,3
228307843991539,Alexander De Croo,Open Vld,≤100,4
512227765628811,N-VA Oostende,Nieuw-Vlaamse Alliantie,≤100,2
970323373060505,Maison Belge Du Crédit,MBC,≤100,1
539909526473870,Lydia Peeters,Open Vld,≤100,2
537943959730602,Vlaams Belang Beersel,Vlaams Belang,≤100,2
109025321921423,Suzy Wouters,Suzy Wouters,≤100,2
108954217393185,Els Sterckx,Els Josee G Sterckx,≤100,1
311379702280746,Groen Duffel,Groen Duffel,≤100,1
1231496380238101,Plateforme de lutte contre le racisme de la province de Namur,Emily Seleck,≤100,1
164355333623231,The Left,The Left,≤100,1
248153292639229,"De Coöperatie, meer dan een partij",Jan Huib Nas,≤100,1
246002852835846,Alain Vander Elst,Alain Vander Elst,≤100,2
273659720232767,Christophe Bastin,Les Engagés,≤100,2
634051606697086,Pierre Kompany,Les Engagés,≤100,2
114020116968807,Benoît Dispa,Les Engagés,≤100,1
361250950623072,Julien Matagne,Les Engagés,≤100,1
278758345625756,Vanessa Matz,Les Engagés,≤100,1
182914008446995,N-VA Genk,Nieuw-Vlaamse Alliantie,≤100,2
805999309414488,Anne-Catherine Goffinet,Les Engagés,≤100,3
105114087649592,Vlaams Belang Harelbeke,Vlaams Belang,≤100,1
364334440286059,Forza Ninove,Guy D'haeseleer,≤100,1
1430501343944560,Vlaams Belang Assenede,Vlaams Belang Assenede,≤100,2
113860036970877,Vlaams Belang Wielsbeke,Vlaams Belang,≤100,2
587378191677220,Pistone Lionel,Lionel Pistone,≤100,1
264327263594641,Jeugdraad Gent,Jeugdraad Gent,≤100,1
596498330504863,GroenPlus Limburg,Bert Verleysen,≤100,1
122123487813722,Bert Wollants,Wollants Bert,≤100,1
102489252707663,Samen2850,Samen2850,≤100,1
796751540415821,Vooruit in Niel,sp.a Niel,≤100,1
104631804784853,Nicky Martens,Martens Nicky,≤100,1
487219508003168,LABO vzw,LABO vzw,≤100,1
105636332067896,Vera Jans,Jans Vera Maria J,≤100,6
183728085015968,N-VA Aalter,Tillieu Jelle Gerard M,≤100,1
505900563118265,Thomas Vints,Thomas Vints,≤100,10
135966279809587,N-VA Scherpenheuvel-Zichem,N-VA Scherpenheuvel-Zichem,≤100,1
103527653325777,Stijn Stassijns - Affligems Nieuws,Stijn Stassijns,≤100,1
991297737741165,Jeroen Tiebout,Nieuw-Vlaamse Alliantie (Jeroen Tiebout),≤100,2
391744777602083,CD&V Wingene-Zwevezele,CD&V Wingene-Zwevezele,≤100,1
596946040405796,Bart Somers,Open Vld,≤100,8
1387946014842141,Grands-parents pour le climat Belgique,Michel Jules L Cordier,≤100,1
125255587613102,N-VA Oudsbergen,These ads ran without a disclaimer,≤100,1
520057091397328,Promote Ukraine,Marta Barandiy,≤100,1
107406617346301,Sophie Thémont,Sophie Thémont,≤100,1
275053675867941,Cercle des Etudiants Libéraux de l'ULB,Fédération des Étudiants Libéraux ASBL,≤100,1
237117385530,Paradiski,These ads ran without a disclaimer,≤100,2
101118185828551,Platform2103.Brugge,Wouter Rommel,≤100,2
1616405871795502,Vlaams Belang Hechtel-Eksel,Vlaams Belang Hechtel-Eksel,≤100,1
152685908120740,N-VA Tongeren,N-VA Tongeren,≤100,1
101733149531615,HLN,These ads ran without a disclaimer,≤100,3
670216333161980,Vlaams Belang Buggenhout,Vlaams Belang Buggenhout,≤100,1
246679618727906,N-VA Beerse-Vlimmeren,N-VA Beerse-Vlimmeren,≤100,1
126129940761150,TEAM8710 Wielsbeke,TEAM8710 Wielsbeke,≤100,1
808383386025450,Tom Dewandelaere,Tom Dewandelaere,≤100,1
102107409416853,Ken Willekens,Ken Willekens,≤100,1
474321052731881,MOC Bruxelles,MOC Bruxelles,≤100,1
984867054996076,Joris Vandenbroucke,Vooruit Gent,≤100,1
2366326216929196,Bal burgemeester Putte,Bal burgemeester Peter Gysbrechts,≤100,1
910441742347121,CD&V Laakdal,Voet Stein,≤100,2
189913087722338,Vooruit Hemiksem,Talboom Rodney,≤100,1
646029919203348,8 maars Ghent,8 maars Ghent,≤100,1
942548119113599,Maison de la Laïcité Andenne,Régis Panisi,≤100,1
156768187790267,Vooruit Turnhout,Vooruit Turnhout,≤100,1
279758248890258,François Desquesnes,Heiene Brigitte E Dressen,≤100,2
518361498216254,Volterra  - Meetjeslands Energieproject,Volterra CVSO,≤100,1
763722197034246,En Développement,These ads ran without a disclaimer,≤100,1
287302791796724,Mouvement citoyen de Sprimont,Michel Auguste P Beaufays,≤100,1
1866599903632659,Vlaams Belang Stekene,Vlaams Belang Stekene,≤100,3
329166224252438,Vlaams Belang Ham,Vlaams Belang,≤100,1
404939213355109,Cindy Franssen.,Cindy Franssen,≤100,1
105672738237904,Sintruin Begot,Clerinx Natascha Benny G,≤100,1
1478003689091667,Speakers Corner,Joël Verheyden,≤100,1
111447555070614,Dorpslijst Olen,Tim Danny M Nagels,≤100,1
983442595060481,Steven Vandeput,Nieuw-Vlaamse Alliantie,≤100,1
932872670066965,Groen Sint-Gillis-Waas,Ivan De Block,≤100,1
133545640085984,N-VA Merelbeke,Eeckhout Ivan Hubert M,≤100,1
192242654157261,Open Vld Hemiksem,Greet Jacops,≤100,1
885579701636000,Arnaud Piplart,Arnaud Willy P. Piplart,≤100,1
100138896719025,Comité Femmes Éliane Vogel-Polsky Vrouwencomité,These ads ran without a disclaimer,≤100,1
225129783361,VLAAMS BELANG MALLE,Jens Jan E Melis,≤100,1
101389761771028,Fédération PS Verviers,Fédération verviétoise du PS,≤100,1
152830995374313,CD&V Oosterzele,Steven Hutse,≤100,1
1630276830552738,Les Engagés Mons,Les Engagés Mons,≤100,1
131167466986260,N-VA Hasselt,Nieuw-Vlaamse Alliantie,≤100,4
281007358613309,N-VA Laarne-Kalken,N-VA Laarne-Kalken,≤100,1
116579274675720,Katılım Enerji,These ads ran without a disclaimer,≤100,1
527351247377965,European Committee of the Regions,European Committee of the Regions,≤100,2
140556749292891,National Library of Israel,These ads ran without a disclaimer,≤100,1
112804988334325,Bioma Eco Project,These ads ran without a disclaimer,≤100,3
312193962150632,Carpentier,Carpentier Hardwoord Solutions nv.,≤100,1
110105907522931,bento_de_espinoza,These ads ran without a disclaimer,≤100,1
299227550122220,Radio Cina Internazionale,These ads ran without a disclaimer,≤100,1
101262139356532,ardep_sl,These ads ran without a disclaimer,≤100,1
110284901967132,Mirko Boncaldo,These ads ran without a disclaimer,≤100,1
669307523469574,EveryJew,These ads ran without a disclaimer,≤100,6
297004519250,The Script Lab,These ads ran without a disclaimer,≤100,1
1744911689126391,12up,These ads ran without a disclaimer,≤100,2
31292782350,Deutschland.de,These ads ran without a disclaimer,≤100,1
103003239307231,Baltic Pipe,These ads ran without a disclaimer,≤100,1
100340357979334,Break,These ads ran without a disclaimer,≤100,2
74872201965,Dan David Prize,These ads ran without a disclaimer,≤100,1
101597542641620,Ukrainian PR Army,These ads ran without a disclaimer,≤100,1
102314469478524,OreaStores,These ads ran without a disclaimer,≤100,1
106097432099419,LadyAtivan,These ads ran without a disclaimer,≤100,1
182172915138959,Delfina Foundation,These ads ran without a disclaimer,≤100,1
103597027708447,SuperPlanet Games,These ads ran without a disclaimer,≤100,1
108029944246996,POLITICO Studio,These ads ran without a disclaimer,≤100,1