﻿Page ID,Page name,Disclaimer,Amount spent (USD)
105747815677191,Кого отмазывают власти?,Айдар Бөгембайұлы,≤100
613142792176360,Sotreport.kz,Sotreport.kz,≤100
170032706814473,Республика - Kazakhstan 2.0,Юлия Козлова,≤100
882311285179814,Feminita,Feminita,≤100
100103623448672,Esquire Kazakhstan,These ads ran without a disclaimer,≤100
106607305511065,Выбор Страны - Ел Таңдауы,These ads ran without a disclaimer,≤100
246096298859351,Turkystan.kz,These ads ran without a disclaimer,≤100
106108599005844,sorimantil,These ads ran without a disclaimer,≤100