﻿Page ID,Page name,Disclaimer,Amount spent (USD),Number of ads in Library
113448085040707,albandresa,These ads ran without a disclaimer,≤100,1
100568669539555,afkarmedia.om,These ads ran without a disclaimer,≤100,1
106889128630292,kanab.12,These ads ran without a disclaimer,≤100,1
266878498498509,OngkoBiggan.com,These ads ran without a disclaimer,≤100,1
135073411731685,BBBgamers LiveShow,These ads ran without a disclaimer,≤100,1
244196442342820,Muslim Pro,These ads ran without a disclaimer,≤100,2
101262239238670,بولوتيكا - Polotica,These ads ran without a disclaimer,≤100,1
111679394767549,المشروع القومي لمشتقات البلازما,These ads ran without a disclaimer,≤100,1
322865159833,RCD Espanyol de Barcelona,These ads ran without a disclaimer,≤100,4