﻿Page ID,Page name,Disclaimer,Amount spent (EUR)
105958751249374,Energia naturalis,Energia naturalis d.o.o.,≤100
86874647886,Net.hr,Net.hr,≤100
688325737947866,Telegram.hr,Telegram Media Grupa,≤100
1781165065440754,N1 Hrvatska,N1 Hrvatska,≤100
1547834282153752,Srđ je grad,Srd je grad,≤100
129634970518,SDP Hrvatske,SDP Hrvatske,≤100
178362315106,European Parliament,European Parliament,≤100
210627425725812,Studentski.hr,Studentski.hr,≤100
107898832590939,European Commission,European Commission,≤100
122081620813,DNEVNIK.hr,NOVA TV,≤100
1665775650371580,Gradonačelnik.hr,Gradonačelnik.hr,≤100
195031067209193,Libresse,These ads ran without a disclaimer,≤100
147547541961576,Council of the European Union,Council of the European Union,≤100
106928174232844,Domovinski pokret,Domovinski pokret,≤100
585411648152023,Peđa Grbin,SDP Hrvatske,≤100
1774798116169873,Marijan Pavliček,Hrvatski suverenisti,≤100
235319525101705,Genius by InterCapital,InterCapital Asset Management,≤100
1064762700374086,Možemo - politička platforma,Možemo - politička platforma,≤100
102198203158768,AgroKlub.com,Agroklub d.o.o.,≤100
1487935214842281,Faktograf.hr,Faktograf.hr,≤100
108270901418113,Tomislav Tomašević,Zagreb je NAŠ!,≤100
110933407315208,Hrvatski-glasnik,hrvatski glasnik,≤100
108173908019683,Novi vjetrovi Fažane,Lidija Udovički,≤100
546658495451796,CROSOL,Juran Branka,≤100
108508448416583,Domovinski pokret Vukovar,Domovinski pokret,≤100
2203684973028242,Katarina Peović,Radnička Fronta,≤100
414865581996126,Nacional News Magazin,Nacional News Magazin,≤100
105747374525245,Željko Sačić,Hrvatski suverenisti,≤100
100525388993074,Infodemija,Infodemija,≤100
102409151592858,ZGRADOnačelnik.hr,Zgradonačelnik.hr,≤100
112019395148413,Žrtve kaznenih djela,Ženska soba,≤100
114973231566708,24EU FN,These ads ran without a disclaimer,≤100
1609569505990338,Східноукраїнський національний університет імені Володимира Даля,These ads ran without a disclaimer,≤100