﻿Page ID,Page name,Disclaimer,Amount spent (PKR)
110657041281786,South Today,South Today,≤100
252434368713670,Humayun Akhtar Khan,Humayun Akhtar Khan,≤100
304781399652673,Jamshed Iqbal Cheema,Jamshed Iqbal Cheema,≤100
109493084543028,Four Corners with Tarar,NEXT TV,≤100
589408861751444,UNEP International Environmental Technology Centre,These ads ran without a disclaimer,≤100
361971188258443,Syed Tariq Mahmood ul Hassan,Syed Tariq Mahmood ul Hassan,≤100
407889229718531,Sardar Tanveer Ilyas Khan,Sardar Tanveer Ilyas Khan,≤100
543755195637715,Mian Aslam,Mian Aslam,≤100
107801948674316,BBU News WORLD,BBU NEWS WORLD,≤100
108430245385929,Movement IPS Pakistan,Muhammad Shahid Imran,≤100
105396082410434,Pakistan News,Osama Rehman Butt,≤100
103832481522086,NH TV,Osama Rehman Butt,≤100
1195191507161580,Senator Seemi Ezdi,Hamza Shahid,≤100
100985089430508,Ch Mumtaz Akhtar kahloon,Ch Mumtaz Akhtar kahloon,≤100
234578749895304,Relief Foundation International,Relief Foundation International,≤100
148143495361532,Hafiz Farhat Abbas,Hafiz Farhat Abbas,≤100
113578877760214,Shahid Khan,Shahid Khan,≤100
2107858016193986,Voice of Sindh,Voice of Sindh,≤100
115445627811504,Muhammad Kashif Mairaj,Muhammad Kashif Mairaj,≤100
133648753466105,Group Development Pakistan,Group Development Pakistan,≤100
108731623986929,Voice of Sindh,Voice of Sindh,≤100
844525778957371,ALI Hasnain Bhatti,These ads ran without a disclaimer,≤100
791511734372615,Accountability Lab Pakistan,These ads ran without a disclaimer,≤100
107073018393501,Top Properties DHA Bahawalpur,These ads ran without a disclaimer,≤100
104071392320809,IBEX TIMES,These ads ran without a disclaimer,≤100
110250330354380,Discover Beijing,These ads ran without a disclaimer,≤100
108032181861181,SUNO TV,These ads ran without a disclaimer,≤100
107176508894501,Chima Patrick,These ads ran without a disclaimer,≤100
80408983549,Qantara.de - Dialogue with the Islamic World,These ads ran without a disclaimer,≤100
107688494708255,Humaniti,These ads ran without a disclaimer,≤100
223495844457800,China Plus Culture,These ads ran without a disclaimer,≤100
2174517772657414,A21 Middle East News,These ads ran without a disclaimer,≤100
1239952466122244,Adtalem Global Education,These ads ran without a disclaimer,≤100
137704262972584,MobiHealthNews,These ads ran without a disclaimer,≤100