﻿Page ID,Page name,Disclaimer,Amount spent (BSD),Number of ads in Library
114606549484,Philip Brave Davis,The Office of The Prime Minister Bahamas,307,2
109784241737504,A Closer Look,Fincastle Media Group,≤100,1
146824719213191,"Clay Sweeting MP, Central & South Eleuthera","Clay Sweeting MP, Central & South Eleuthera",≤100,1
200480966638039,Supremacy 1914,These ads ran without a disclaimer,≤100,1
833041780127640,ORG Bahamas Foundation,Organization for Responsible Governance,≤100,1
435761629822155,Commonwealth Foundation,These ads ran without a disclaimer,≤100,2
725505594135727,Adventure Escape,These ads ran without a disclaimer,≤100,1
101715608808670,Judgment Day: Angel of God,These ads ran without a disclaimer,≤100,1
112757083778788,"Economic Daily, China",These ads ran without a disclaimer,≤100,1
338109312883186,China Xinhua News,These ads ran without a disclaimer,≤100,1
371227786709544,Refund Express LLC,These ads ran without a disclaimer,≤100,1