﻿Page ID,Page name,Disclaimer,Amount spent (JPY)
197770137236410,日本維新の会,日本維新の会,32037
112523977041775,参政党,参政党,8978
475681929154100,国連UNHCR協会,国連UNHCR協会,6719
1904070096535109,スマート選挙,株式会社センキョ,6502
100789405705259,神奈川県選挙管理委員会,株式会社旭広告社,1771
1589376521307736,飯田まさなり／平塚市食育推進会議委員,飯田まさなり／平塚市食育推進会議委員,1687
108376722204259,吉川さとし,藤川 忠彦,1594
208661552479830,日本財団,Shigeru Fujita,1341
651801698258818,NewsTV,NewsTV,1071
239558679475625,株式会社トマス技術研究所,Kenji Fukutomi,899
579187028792625,社長と会社の手元現金を増やす仕組みづくりの専門家,社長と会社の手元現金を増やす仕組みづくりの専門家,848
107434722289629,鈴木あきまさ（鈴木晶雅）大田区･東京都議会議員,鈴木あきまさ,743
103914976352692,選挙ドットコム,イチニ株式会社,694
547986165247623,NPO法人 多民族共生人権教育センター,NPO法人 多民族共生人権教育センター,193
1454796194806512,文京区議会議員 海津 敦子 かいづあつこ,海津敦子,134
100338936292616,南雲恵,These ads ran without a disclaimer,132
107367904080878,VIVA-たいけん美じゅつ場-,NPO法人取手アートプロジェクトオフィス,114
102483539424919,補助金クラウド,These ads ran without a disclaimer,109
151214938794853,ミエセン,ジャッグジャパン株式会社,107
286961748136968,目黒区議会議員　河野陽子,Yoko Kono,≤100
108260075086726,無理ゲー社会を賢く生き抜く方法,These ads ran without a disclaimer,≤100
428707860616752,文京区議会議員えびさわけいこ,えびさわけいこ事務所,≤100
100199881840737,Minghui Japan（ミンフイ　ジャパン）ー明慧日本,明慧日本,≤100
115247946520017,電波オークションを実現する会,Mitsumasa Kato,≤100
100554152593223,堤じゅん太事務所 【京都府議会議員】,堤 じゅん太,≤100
259163764160829,FoE Japan,FoE Japan,≤100
1672330153015605,透明アクリル業者票,アドアチーブ株式会社,≤100
270368192998908,世田谷区議会議員  あべ力也,阿部 力也,≤100
1607696895913679,日経プラス９サタデー　ニュースの疑問,Takamasa Kikawa,≤100
1883724355067784,GANMA！,These ads ran without a disclaimer,≤100
2191273960909166,前小山町長　込山正秀後援会,前小山町長　込山正秀後援会,≤100
109253298556320,黒田しげる｜菊川市｜県政に新風を！,These ads ran without a disclaimer,≤100
100722958836671,HIS World,These ads ran without a disclaimer,≤100
544991069308243,日本投資機構株式会社,These ads ran without a disclaimer,≤100
106198279062104,Japão.Online,Japão.Online,≤100
1917715138510680,Follow Your Legend,These ads ran without a disclaimer,≤100
108136530968730,おねがい社長！,These ads ran without a disclaimer,≤100
822633781141031,FC Bayern München,These ads ran without a disclaimer,≤100