﻿Page ID,Page name,Disclaimer,Amount spent (INR)
107395897271506,Kutumb,Swatantra Verma,5908
104052753400618,Union Bank of India,Goldmine Advertising Limited,3654
204689143344832,MX Player,These ads ran without a disclaimer,2639
424429107582290,BJP Gujarat,BJP Gujarat,2113
411129449009589,K.C. Venugopal,K.C. Venugopal,1204
404746486258732,Project Nanhi Kali,Project Nanhi Kali,1132
100549119644561,Jo Ram Ko Laye Hain Hum Unko Layenge 2024,Jo Ram Ko Laye Hain Hum Unko Layenge 2024,1118
479998865355592,Aditya Birla Group,Aditya Birla Group,1088
110809634572462,Mathurbhai Savani,Mathurbhai Savani,1021
103782051383159,School of Politics,School of Politics,984
1757441471197224,Hardik Patel,Hardik Patel,982
619380398128358,Pradipsinh Vaghela,Pradipsinh Narendrasinh Vaghela,910
21169267101,Give,Give,873
1571167366231304,Ramakant Bhargava,Saket Bhargava,767
100974976268078,Thp Gift,Lata Vani,636
292216604197270,Harsh Sanghavi,Piyush Mantri,632
30290552843,Greenpeace India,Greenpeace Environment Trust,625
114233898263244,Indian Compass Videos,theindiancompass.com,598
574079826086251,Phir Ek Baar Modi Sarkar,phirekbaarmodisarkar.com,560
112783995126450,Dr. Saket Bhargava,Saket Bhargava,534
532100997327830,kumikomametsuka,These ads ran without a disclaimer,526
100907784722781,QR 678,QR 678,509
466642616726169,Parul University,Parul University,493
103567102688791,Aam Karobari,Kabir Singh Virk,486
104736419210593,PACE INDIA,PACE INDIA,435
107567748879463,Surendra Kumar Saraf,Surendra Kumar Saraf,385
132689140088396,smilefoundation,smilefoundation,373
797927846899300,Flag Foundation of India,Flag Foundation of India,369
109545244848137,Crafto,Kutumb App,358
111527528465749,Rao Prem Singh,Rao Prem Singh,354
243524299157863,Pushkar Singh Dhami,Pushkar Singh Dhami,337
174283119250672,Bal Raksha Bharat,Bal Raksha Bharat,336
123405501008524,Mercedes-Benz India,Mercedes-Benz India,335
104516512296314,Kartikeya Sharma,Kartikeya Sharma,326
30290552843,Greenpeace India,Greenpeace India Society,322
118227367824577,Garuda Aerospace Pvt Ltd,Garuda Aerospace Pvt Ltd,314
1987488401557504,Mahathugbandhan - महाठगबंधन,Mahathugbandhan - महाठगबंधन,298
105596701293129,Ayodhya Development Authority,Sandeep Kumar Sharma,288
251467211588756,Kanaram Jat,Pankaj Sharma,282
318205675275285,APL Apollo Tubes Limited,APL Apollo Tubes,279
1770778019903694,Sandip Desai,Desai Sandipkumar Jayantilal,251
285029500623,CARE India,CARE India,234
116383754696955,Antardhwani - The Inner Voice,Antardhwani,226
100735178208398,Udyami India,Samadhan Samiti,219
1509686912447438,"Miteshbhai Patel, Bakabhai - BJP","Miteshbhai Patel, Bakabhai - BJP",206
107334185444129,Charitism Global,Charitism Global,204
1669600686398747,Jignesh Mevani,PrometheanTech,197
2238940452991193,Santosh Pandey,Kunal Jitendra Ajmera,196
168545223213479,Omprakash Hudla,Pankaj Sharma,192
605390272841833,Shrirang Appa Barne,Abhay Balu Ahire,188
165714096933078,Piyush Goyal,Piyush Goyal,182
537021156329658,Sukhbir Singh Jaunapuria,Pankaj Sharma,181
418953654897992,Jitender Gothwal,Ritik Keer,176
550784855849041,Aditya Zula,Aditya Prakash Zula,171
100579492974806,गरीबों का मोदी,गरीबों का मोदी,159
101437656247049,Modi Quotes,Modi Quotes,159
685881558130468,Kamal Nath,Kamal Nath,157
107388915676520,Sudha Devi - सुधा देवी,Avyakta Singh,156
101781252334419,Brandscouncil Ratings,Council for Brand Business Promotions & Research,154
515733388449554,Sunil Parihar,Divyesh Parihar,152
100475508592062,Sitaram Poswal,Bhagatsingh,134
140930379388330,Kishan Reddy Gangapuram,Kishan Reddy Gangapuram,134
100328978216424,"Fight Pollution, Not Plastics",Nitesh Singh,128
113819783860759,Dinesh Khatik,Harish Sahrawat,125
106280695607208,Dr Ajay Kumar Singh,Rakesh Kumar,125
489148751117080,Porbandar Ab Tak,Lila Modhavadiya,115
109243215486099,योगी समर्थक,Goldy Tyagi,104
111412713935321,Atul Kumar kushwaha,Vikas Kumar Singh,103
145703105530196,Brahmachari Chaitanyanand Ji,Prashant Gupta,102
350880081913337,Sahdev Salaria,Rajesh Jaswal,101
675268652538693,Dr Dhan Singh Rawat,Dr Dhan Singh Rawat,101
308228153335785,Chandanji Thakor,Thakor Sanjaykumar Chandanji,101
116476584663869,Sirikonda Madhusudanachary,Sirikonda Madhusudanachary,≤100
110963378497435,BizoTax Pvt Ltd,BizoTax Pvt Ltd,≤100
102123079337554,International Society for Krishna Consciousness,ISKCON Delhi,≤100
1932900346831325,Rajesh D Sanghvi,Rajesh Dineshchandra Sanghvi,≤100
408255699307921,Dr. Manoj Rajoria,Saurabh Saini,≤100
1706371292942156,"Ministry of Development of North Eastern Region, Government of India","Ministry of Development of North Eastern Region, Government of India",≤100
101843749562808,Lingala Hari Goud,politicalvoicenews.com,≤100
382990208485386,Brigade Group,These ads ran without a disclaimer,≤100
808248039220230,Neel rao,Gautam Singh,≤100
104062973021500,Sony Group - Global,These ads ran without a disclaimer,≤100
104982108521618,Jogani Mahendra,Mahendrabhai Jogani,≤100
110861872278207,Asianet Suvarna News,Asianet Suvarna News,≤100
361032697673359,Bakaji Thakor,Bakaji Thakor,≤100
100196004828444,North Eastern Council,Sourabh Arvind Dubey,≤100
103719915895025,Shri hari finance,Vikas Kumar,≤100
667560657014524,Mahendra Singh Solanki,SWANIT INFOTECH,≤100
276512419511205,Kathi Karthika,Policy Briefcase,≤100
110907065232642,Team Shyam Mali Bhakri,Akash Singh,≤100
282198256011533,PM Narendra Swamy,PM Narendra Swamy,≤100
112399491818085,अविरल चल अनुराग,GST Marketing,≤100
1039557042789139,BJP Dadra & Nagar Haveli,Bharatiya Janata Party,≤100
108680105179334,Dhaval Patel,Krunal Pramod Jungade,≤100
122181687920651,Mahendra Chaudhary parshad,Mahendra Chaudhari,≤100
2564644760228938,Pooja Kushwah,Pooja Kushwah,≤100
186199704897466,RD Foundation,RD Foundation,≤100
121924297508141,Impact Guru Foundation India,Impact Guru Foundation India,≤100
1421188744673725,Dharmveer Patrakar,Dharmveer Patrakar,≤100
105206495896262,अशोक वर्मा,Ashok Kumar,≤100
253882521658554,Dr Somya Gurjar,Rajesh Goutam,≤100
259540637731180,Shahnawaz Mangal,Aksh Bhargava,≤100
26781952138,The Times of India,The Times of India,≤100
333426070147135,Benny Kuriakose Associates,Benny Kuriakose Associates,≤100
458921050845532,Dr. Kailash Verma,Dr. Kailash Verma,≤100
119324884471716,Kuldeep Thakur SKM,Puneet Kumar Singh,≤100
746568209028564,Dr. Basu Eye Hospital,Dr. Basu Eye Hospital,≤100
1785302198354679,Dr. Somendra Tomar,Somendra Singh,≤100
897056127025640,InKhabar,InKhabar,≤100
547446695324625,Vijay Laxmi Gautam,Madan Mohan Tiwari,≤100
122131984855152,Dr. Debraj Shome,Dr. Debraj Shome,≤100
158304157570734,Mahindra Group,These ads ran without a disclaimer,≤100
213947398791863,Dhananjai Singh Khimsar,Dhananjai Singh,≤100
1088373891289696,Kamal yadav,Akash Singh,≤100
105612955847467,अजय पाण्डेय - सत्यम,Pankaj Kumar Pal,≤100
102218576103904,Badlaav ki Aandhi Priyanka Gandhi,Badlaav Ki Aandhi Priyanka Gandhi,≤100
1728198263951365,Vamsi Gaddam,These ads ran without a disclaimer,≤100
250007248502240,Golu Shukla,Modi For PM Organization,≤100
204599692918446,Rajesh Ranjan,Rajesh Ranjan,≤100
270666596375251,Jhatkaa.org,Jhatkaa.org,≤100
106135688866214,India Wants Kejriwal,Ojas Bhandari,≤100
106681545350233,The Sunday Guardian,The Sunday Guardian,≤100
841171029605948,India News,India News,≤100
100453486197309,Abdulla Gulzar,Abdulla Gulzar,≤100
670321879700525,Swarajya,Swarajya,≤100
1345108368906054,Mla Ashok Uike,Mla Ashok Uike,≤100
152154292012572,Navjivan,Navjivan,≤100
806181806121459,Harshvardhan NandKumar Singh Chouhan,Ishan Mishra,≤100
106126212227764,P Mudar Loan,Mukeshbhai Samatbhai Rathod,≤100
132309676835568,Lokmat,Pranoti Vasant Dalvi,≤100
103207392085077,JP Valluru,Anshika Srivastava,≤100
115672001487908,The Green Pillar,Stuti Singh,≤100
1644165492504830,Anekal Ramoji Gowda,Ramoji Gowda,≤100
213839668641820,Dr. Anil Jain,Brand Recourse Technologies,≤100
107378771853942,Vedram Manhare,The VoloPV,≤100
114331084875398,Arjun Passi,Aksh Bhargava,≤100
840960266047094,Chopra Consultancy,Udit Chopra,≤100
912096938897209,Vijay Singh,Vijay Singh,≤100
1531482640477210,Ratnam Group,Ratnam Group,≤100
1385169951561354,Arjunbhai for Porbandar,Arjunbhai for Porbandar,≤100
107344272047377,Sanjeet vishwakarma,Kavita Kumari,≤100
414822692663213,Anurag Vishwanath Sharma,Yogesh Raikwar,≤100
640369399392914,Baijayant 'Jay' Panda,Baijayant Panda,≤100
153896938152738,Dr Rutvij Patel,Rutvij Manuprasad Patel,≤100
241940555912671,Chandigarh University,Chandigarh University,≤100
33497111948,Child Rights and You,Child Rights and You,≤100
113649153374836,Sudhir Singla BJP,Sudhir Kumar Singla,≤100
1943365575690499,Ashwani Tomar,Ashwani Tomar,≤100
103040206040226,Dr. B S Ajaikumar's Thought Leadership,Dr. B S Ajaikumar's Thought Leadership,≤100
10150110302115599,Genesis Foundation,Genesis Foundation,≤100
339835596096353,Satish Poonia,Maheep Poonia,≤100
104587555602306,Indian National Congress Shimla-Urban,Megha Sharma,≤100
2095140507231761,Valluru Jayaprakash Narayana,Anshika Srivastava,≤100
342487329552753,Praveen Mishra - Bhanu,Naveen Kumar,≤100
772881856123469,Skyshade,These ads ran without a disclaimer,≤100
141491449241356,Ranjitsinh Mohite Patil,Ranjitsinh Mohite Patil,≤100
108409168565838,ZNL,These ads ran without a disclaimer,≤100
918414611597115,Amar Prasad Reddy,Venkata Satish Chandu,≤100
435124759989017,Yogendra Singh Mandloi,Yajuvendra Singh Mandloi,≤100
216506801885954,Pankaj Chaudhary,Yash Bagh,≤100
695738973874352,Dr. Sumer Singh Solanki,Sumer Singh Solanki,≤100
114190608317326,Adv. Amar Kisanrao Yallurkar,Shivaraj Annasaheb Chavan,≤100
994578073995343,B. L. Verma,Sourabh Arvind Dubey,≤100
100246572087472,Bhupendra Singh Shaktawat,Bhupendra Singh Shaktawat,≤100
384000501947350,Devendra Yadav,Think First,≤100
621054018262029,"डॉ. अवधेश कुमार वर्मा, सामाजिक कार्यकर्ता एवं शिक्षाविद, सचिव-भवदीय ग्रुप","डॉ. अवधेश कुमार वर्मा, सामाजिक कार्यकर्ता एवं शिक्षाविद, सचिव-भवदीय ग्रुप",≤100
110336004853588,Anil Satav Patil,Anil Satav Patil,≤100
100380944916786,Sangeeta Jaiswal,Sangeeta Jaiswal,≤100
109034074092751,Rakesh dayma alote,Rakesh dayma alote,≤100
2078242259060363,Kukufm,Mohana Saha,≤100
106630711343439,O News हिंदी,Anand Shankar Jha,≤100
520949671329992,Indian School of Democracy,Indian School of Democracy,≤100
123900254903525,Rahul Singh Lodhi,Rahul Singh Lodhi,≤100
854256021383031,Vinod Sevan Lal Chandrakar,Tukesh Kumar Ratre,≤100
231167140371342,Kanhaiya Lal Choudhary,Raghunandan Sharma,≤100
107547661857152,Nimisha Mehta,Gopal Jha,≤100
104841141528181,Rural Voice,Rural Voice Media Private Limited,≤100
162115051234970,Dharmendra Singh Lodhi mla,Dharmendra Singh Lodhi,≤100
292954404384524,Gajendra Singh Patel,Gajendra Singh Patel,≤100
104633612411419,Dr Samir Kagalkar,Dr Samir Kagalkar,≤100
103482636062393,Shaheen Bano,Shaheen Bano,≤100
647244058952240,Jaypal Singh Chawda,Jaypal Singh Chawda,≤100
117212794637795,ರಾರಾಜಿಸಲಿ ರಾಜಾಜಿನಗರ - Rarajisali Rajajinagara,Dayananda R,≤100
394168494317389,MIT World Peace University,MIT World Peace University,≤100
118510704541756,Dr. Sapna Kashyap,Shubhankar Sood,≤100
102597425311635,Surya Pratap Singh,Surya Pratap Singh,≤100
1780378335513078,Sandeep Singh,Sandeep Kumar Singh,≤100
1747098898838906,Rana vikram singh,Rana vikram singh,≤100
364476590604680,Surya Samachar,Ajit Kumar,≤100
104908641373434,Anukriti Gusain Rawat,Anukriti Gusain,≤100
111581803830502,Extra News Live,Goldy Tyagi,≤100
144288257791875,धीरेन्द्र प्रताप सिंह 'धीरू',Arvind Kumar Vishwakarma,≤100
449378495112356,Swades Foundation,Swades Foundation,≤100
106650475483675,The Borderlens,The Borderlens,≤100
102123419539115,Amit Shah Fan Army,Hemant,≤100
101926822644856,TRT Afrika Swahili,These ads ran without a disclaimer,≤100
105331745445757,Omprakash Khichar Advocate,Rohit Githala,≤100
111625317182506,Inayat Ali,DesignBoxed,≤100
679159028834779,ममता मीना,Mamta Meena,≤100
101913964674756,Pramod yadav प्रमोद यादव,Rishi Kumar Yadav,≤100
615440561843630,Pusp Jain,Bharat P. Talaisha,≤100
2108726996065900,Bhawani Singh Rundal,Pawan Kumar Sharma,≤100
282167225613953,Sharad Jain,Sharad Jain,≤100
791996340811292,Dr Madhuri Borse Patil,Vipul Jayantilal Bafna,≤100
1360805680600676,Sandeep Kshirsagar,Yogesh Padmakarrao Pawar,≤100
1116604591824005,Sandeep Garg,Sandeep Garg,≤100
102616298277409,Afaque ahmad,Afaque ahmad,≤100
524665794408050,CASA,Arushi Narchal,≤100
291531884297397,Dushyant Singh Tomar BJP,Dushyant Singh Tomar BJP,≤100
105206369218116,E-Mudara Loan,Anoop Kumar Pandey,≤100
108482478848453,अब की बार किसान सरकार,Mavuluri Rajesh,≤100
1675237799375590,Chandra Mohan Patowary,Jitendra Newatia,≤100
106290285789750,Prashant Singhal,Karan Singh,≤100
393768164105774,Parimal Nathwani,Parimal Nathwani,≤100
1613686538669654,Ashok Singhal Foundation,Digital Xplode,≤100
107427451744068,Amit Jain,Bharat Kushwah,≤100
1783001841927248,Nutan Odisha,Cloud & Loud Communications,≤100
1559470284286071,M.K.Somashekar,Pranusha Mysore Somashekar,≤100
427521707672968,Gyana Ram Ranwa Chandpura,Shiv Charan,≤100
385658441549334,Deepak Bhati Chotiwala,Dipak Bhati,≤100
289085061102499,Sukhwinder Singh Bindra,Sukhwinder Pal Singh,≤100
201156146959026,Mohinder Bhagat,Mohinder Paul,≤100
140624336584770,Yogender Pal Singh Champawat,Akash Singh,≤100
105863649164971,TheSwitchads_,Indu  Rayadurgam,≤100
108006512204175,Rahul Yadav,Rahul Yadav,≤100
170844986298918,Mint,These ads ran without a disclaimer,≤100
104125021608019,Lokesh Dubey,Asheesh,≤100
108429485040440,राधेश्याम वर्मा,These ads ran without a disclaimer,≤100
415332588877399,Banda Karthika Reddy,Chandra Reddy Banda,≤100
242426286149904,Dr K B Tripathi,Kul Bhooshan Tripathi,≤100
268437163351102,Saurabh Srivastava,Saurabh Srivastava,≤100
104071715577392,SK International Sainik School Retharedharan - Sangli,Sanket Vinodkumar Surana,≤100
105694514269834,North Eastern Region Community Resource Management Society,Shrinivas Ravichandran Nadar,≤100
100502312031923,Surendra Pathare,Maithili B Godbole,≤100
524165647975801,Arvind Chaudhary Chintu,Arvind Choudhary,≤100
995582213894808,Kothapalli Geetha,Venkata Satish Chandu,≤100
111112337095269,Sivasaami Kandasamy,Sivasaamik,≤100
100104899572027,Indian National Congress Kasumpti,Indian National Congress Kasumpti,≤100
642581262461206,Hemant Singh Phogat,Hemant Singh Phogat,≤100
204318116677554,National Herald,National Herald,≤100
111168751482439,INC Ratlam Jhabua Alirajpur Loksabha,Shobhna Onkar,≤100
150862441991219,Amit Shivhare,Amit Shivhare,≤100
1696518780601167,Mahendra Chandwa,Mahendra Chandwa,≤100
102032105157546,Jai Inder Kaur,Romanchit,≤100
110847490543428,Vipul Kumar Salwan,Vipul Kumar Salwan,≤100
542010592633135,Dr Mangal Yadav,Dr Mangal Yadav,≤100
119095334488233,Dr. Mahendra Pratap Singh,TM Imaging and Diagnostics,≤100
713416382011902,Sahil Shivaji Kedari,Sahil Shivaji Kedari,≤100
103251851710926,Akula Srivani,Anjan Kumar Akula,≤100
108738418872245,Dr. Somti kain,Amit Dhariwal,≤100
115550873477698,Shyam Mali Bhakari,Shyam Mali Bhakari,≤100
1651727365046605,Pukh Raj Parashar,Pukh Raj Parashar,≤100
108672068366317,Prahalad Das Gupta,Mukesh Singh,≤100
106807332390687,Alka Kanwar,Shubhankar Sood,≤100
104088772109615,Urvashi Ashok Jaiswal BJP,Deepak Mishra,≤100
2497824053580486,Sunita Battan,Sunita Battan,≤100
343004639828503,Samala Pavan Reddy - BJP Corporator,Pavan Reddy Samala,≤100
100931599132399,Arun Sharma,Arun Sharma,≤100
2115793292068685,Chawand Singh Eklingpura,Engitech Media,≤100
103618082722298,वार्तिका गुप्ता,Shivam Verma,≤100
108923765470906,Bharat Jagruthi - भारत जागृति,Mavuluri Rajesh,≤100
104821051909550,खास बात,Aksh Bhargava,≤100
102010991748513,Ashish Patel,Ashish Natwarlal Patel,≤100
109916533853207,AMIT KUMAR SINGH,Akash Singh,≤100
112061804808512,Bihar State Sports Authority - BSSA,Ajit Kumar,≤100
110748075312242,BINOY KUMAR SINGH,Alka Jain,≤100
1526917110732627,Beti Foundation,Beti Foundation,≤100
1701369040086950,ANIL JAIN MLA,Arjun Sharma,≤100
109058654923540,सब का साथ सब का विकास,सब का साथ सब का विकास,≤100
107995188948373,Anjana Singhal,Karan Singh,≤100
378362679001615,Manoj Shukla,Manoj Shukla,≤100
111298630628242,Rajvardhan Singh Parmar,Dharmendra Chhonkar,≤100
1544440205625616,Pradeep Nayar BJP,Arjun Sharma,≤100
103182355403293,Manthan2024,Amit Kumar Singh,≤100
101364849264056,Devilal Dadarwal,Devilal Dadarwal,≤100
344776312274829,Ashoka University,These ads ran without a disclaimer,≤100
453985838705208,बस यूँ ही - आनंद प्रकाश,Sandarbh Anand Sharma,≤100
1692446997478851,Divy Trivedi,Vikas Acharya,≤100
406554676628011,Game On,Anant Bhardwaj,≤100
100614605326759,"S RAGHU, MLA, Sir CV Raman Nagar Assembly Constituency","S RAGHU, MLA, Sir CV Raman Nagar Assembly Constituency",≤100
184848438961199,Surya Singh,Surya Singh,≤100
150727778825020,Mobius Foundation,Mobius Foundation,≤100
773615606030238,Varun Pratap Singh,Varun Pratap Singh,≤100
110132160741768,Polstrat,Polstrat Communication,≤100
313807031993827,The Amar Chitra Katha Studio,These ads ran without a disclaimer,≤100
317042561720861,Sunil Deodhar,Dharmendrasing Narendrasing Rajput,≤100
765119473671678,Gagandeep Singh Sunny Kainth,Gagandeep Singh,≤100
1062126860561994,B20,These ads ran without a disclaimer,≤100
490587811385953,Adv Shailendra Singh Gurjar,Saurabh Singh,≤100
446802242369953,Dr Shazad Ahmed Malik,Shahzad Ahmed,≤100
253778858656895,Javed Ansari,Javed Parve Abdul Samad Ansari,≤100
305754383582665,Bhosle Mohan Rao Patil,political voice news,≤100
205278732829897,Prem Prakash Pandey,TheVOLOPV,≤100
902991053078224,Rushikesh Patel,Piyush Mantri,≤100
148039562030208,सुशील आनंद शुक्ल संचार प्रमुख छत्तीसगढ़ कांग्रेस,Arpit Jain,≤100
168545223213479,Omprakash Hudla,Bharat Meena,≤100
110051547152845,The Newswala Network,Akhilesh Kumar Gupta,≤100
105625338928748,DR. Ramkishor choudhary,DR. Ramkishor choudhary,≤100
1335462983188401,Nabadal Banik,Nabadal Banik,≤100
101415396278750,Dr Masarrat Tanveer Ahmad,Shubham Saxena,≤100
1626071071002770,Roopsingh Meena,Raghuveer Meena,≤100
108015368279979,Solh Wellness,Solh Wellness,≤100
304794613213995,Rajiv Yadav,Prakhar Kashyap Singh,≤100
1576734822340874,Ejya Yadav,Easy Social,≤100
2100849650146359,Ramarao Patil Pawar,Venkata Satish Chandu,≤100
647353902009584,Dr. Nilam Yadav,Nilam Yadav,≤100
155263828420124,Deomani Dwivedi,Akash Singh,≤100
279830658847295,Jayesh Yadav,Jayesh Yadav,≤100
107946518029943,Sheelu Sahu,Naveen Singhal,≤100
1706371292942156,"Ministry of Development of North Eastern Region, Government of India",Arshad Ali,≤100
103190304931739,Puneet Gupta,Rahul Singh,≤100
1397767487148044,Jaidatta Kshirsagar,Jaydatta Sonajirao Kshirsagar,≤100
101713962007976,Amrit Mahotsav,Amrit Mahotsav,≤100
101484635299482,Shashi Kant,Shashi Kant,≤100
103833782263290,Arvind Singh Bhati,Engitech Media,≤100
111588098522661,Adv Niharika Kamal BJP,These ads ran without a disclaimer,≤100
219184559533331,Buyofuel,These ads ran without a disclaimer,≤100
792213974253605,Surendra Patwa,Udaysingh,≤100
102497059315779,VVIP News,Punita Tyagi,≤100
390976557590103,I Support Narendra Modi,I Support Narendra Modi,≤100
1781479445448595,Rajnish Kumar Singh,Arpit Jain,≤100
2083370235035165,Yogender Singh Chhonker,Karan Singh,≤100
113332697083135,The Hint Today,Priyanka Saha,≤100
643001122724792,Shambhu Kumar,Punit Kumar Pandav,≤100
110044260470271,Vinay Jangid Sharma,Vinay Jangid Sharma,≤100
216879079078673,Sanjay Singh Yadav,Sanjay Singh Yadav,≤100
106613722696068,Oasis Fertility,These ads ran without a disclaimer,≤100
111281678536095,Kavali Jagan,Nagarjuna Reddy Kaipa,≤100
108497578583588,Janpeace Live,Trishanu Kaushik,≤100
475898282465005,Dr K Laxman,Vijay Kumar Tapadia,≤100
105940537995682,Deepesh Tandel,Bharatiya Janata Party,≤100
1949802628682701,Rana Sujeet Singh,Rana Sujeet Singh,≤100
739221966159227,Rajesh Singh,Rajesh Singh,≤100
151567962213919,Deepak Gupta,These ads ran without a disclaimer,≤100
115787714760392,Jan Jagaran Yatra,Dharmendra Chhonkar,≤100
108091173926988,Mrityunjay Sharma - BJP,Mrityunjay Sharma,≤100
342300295978073,Syed Afzal Abbas,Syed Afzal Abbas,≤100
109027442133819,Dr. Sanjay Singh,Naveen Singhal,≤100
100473756790047,Dungar Ram Gedar,Dungar Ram Gedar,≤100
109352055422391,Aditya Vikram Jaswal,Palaksys,≤100
113414111553268,बब्बू भैया सभासद प्रत्याशी द्वारिकापुरी,Prashant Agarwal,≤100
269761569864265,Rao Padma,Kushal Reddy Rao,≤100
115883701481069,Hubballi Central Speaks,Giridhar Hiremath,≤100
1731493857081536,Dr. Kuldeep Bhandari,Dr. Kuldeep Bhandari,≤100
106830497646320,Avadhesh kumar,Avadhesh kumar,≤100
224787738121110,Manan Dani,Mananbhai Jatinkumar Dani,≤100
552159824873262,Kethireddy M.L.A,Venkata Krishna Reddy Kethireddy,≤100
102465501806712,Gunnala Sunithakka Sena,Gunnala Sunithakka Sena,≤100
1422722534642965,B Suresh Gowda,Click Digital Marketing Services,≤100
105352618893717,Shankar yadav,Shankar yadav,≤100
643216342792266,দেবাশিস পণ্ডা ভারতীয় Debasis Panda Bhartiya West Bengal,Debasis Panda,≤100
108558100489665,IHW Council,IHW Council,≤100
101328314869205,Atal Amrit Abhiyan Society,Atal Amrit Abhiyan Society,≤100
448636251893672,Sarthak Educational Trust,Sarthak Educational Trust,≤100
102123449068334,Er.Venu Gopal Sinha,Venu Gopal Sinha,≤100
756051184414551,Thapar Institute of Engineering & Technology,Thapar Institute of Engineering & Technology,≤100
178606642759483,Gaurav Yadav,Gaurav Yadav,≤100
253298788099181,Banda Chandra Reddy,Chandra Reddy Banda,≤100
1498107450404179,Thakur Ashu Sengar,Ashu Sengar,≤100
102838152104730,Bjp kisan Morcha punjab,Ashish Soni,≤100
196338294250820,Rohit Gangwal,Modi For PM Organisation,≤100
108204855596850,coin selling head branch,These ads ran without a disclaimer,≤100
263613904560987,Parveen Narang,Aftab Khan,≤100
105813008609251,Bhagat Singh Kushwah,Bhagat Singh Kushwah,≤100
426854497508656,Dr.Phoolchand Bhinda,Phool Chand Bhinda,≤100
135180180340322,Jitendra Verma,Arshad Ansari,≤100
1450629991853191,Arvind Gupta,Arvind Gupta,≤100
109807297952057,Abha Singh BJP,Nitin Kumar,≤100
107081225202487,Dr.Anil Dabbu,Unikudos Software,≤100
880061088804589,Sameer Bhati,Sameer Bhati,≤100
630955390420927,Amitabh Bajpai,Hari Om Tripathi,≤100
2118803388399006,Click2Public,Click2Public Technologies OPC Pvt. Ltd.,≤100
151640195016242,Madhusudan Bhinda,Suman,≤100
626040200837891,Ashwini Paranjpe,Trivikram Kashinath Paranjpe,≤100
912964308811725,Virender Singh Bisht,Balram Singh,≤100
470458233479120,Aparajita Sarangi,Reach Digitally,≤100
1489647731256741,Dr Jitendra Singh,Ayush Deshpande,≤100
107250704737912,CA Sushil Bandpatte,Sushil Chandu Bandpatte,≤100
632518450236186,Sudarshan Bhagat,Sudarshan Bhagat,≤100
1002191723202473,Suresh Sindal,Suresh Kumar Sindal,≤100
105971319012537,Team Mohan pandey,Team Mohan pandey,≤100
101557958777565,Gujarat Herald News,Gujarat Herald News,≤100
102899812612791,Govind Agarwal BJP,Govind Agarwal BJP,≤100
154514751235352,Women's Web,These ads ran without a disclaimer,≤100
321228061382932,Pt. Shekhar Dixit,Websofy Software Private Limited,≤100
100720419078919,Ajay Kumar Singh - Aditya,Arun Pratap Singh,≤100
126455024584757,Randeep Singh Deol,Randeep Singh,≤100
1735930556666795,Rishipal Singh,Engitech Media,≤100
1601406430168052,Santosh Bhegade - संतोष भेगडे,Pauras Vilas Dukare,≤100
109830814975379,Raghu Parmar,Rinkesh Namdev,≤100
878507758895759,Narendra Kumar,Aatmnirbhar Sena,≤100
106797518975875,P.Soundararajan,Soundararajan Balakumaran,≤100
108320244286278,Ãmãñ Ãgãrwãl Bhãrtiyã,Aman Agarwal,≤100
257916314892663,Dr Kaustubh Narayan Misra,Kaustubh Narayan Misra,≤100
1678177965761136,ANKUR POPLY BJP,Ankur,≤100
113768418367722,,Balvir Singh,≤100
1039557042789139,BJP Dadra & Nagar Haveli,Ashish Natwarlal Patel,≤100
2300402240284352,Sadhvi Prachi,Amar Khandelwal,≤100
1990248287670848,Shashank Mani शशांक मणि,Shashank Mani,≤100
100236283005200,Perika Suresh,Vijay Kumar Tapadia,≤100
102102622351285,Raghuvir Singh Meena IPS,Akash Meena,≤100
371698843567971,MLA Rajshree Rudrapratap Singh,ANUBHAV JAIN1,≤100
105919999093332,Varta24/वार्ता 24,Varta24/वार्ता 24,≤100
864391150326989,Vishal Singh Chanchal,Prakhar Kashyap Singh,≤100
700079793418618,J S Patel,Gayatri Suchetkumar Darji,≤100
174948422918011,Harshvardhan Shaktawat,Harshvardhan Shaktawat,≤100
101223832727172,Farmers For Ashok Kheny,Farmers For Ashok Kheny,≤100
113607111642214,Jayprakash Trivedi,Jayprakash Trivedi,≤100
1587393841473816,Ravi Rautela BJP,Balram Singh,≤100
577847985708945,Statecraft,Statecraft,≤100
299152813446985,Rajasthan Samgrah Kalyan Sansthan RSKS INDIA,These ads ran without a disclaimer,≤100
104670389147551,सभासद  मल्लाही टोला 1,Kamran Khan,≤100
825870624112435,Ramesh Chandra Ratn,Arun Sharma,≤100
102871236100559,Vijayapura Daily - ವಿಜಯಪುರ ಡೈಲಿ,Vijayapura Daily - ವಿಜಯಪುರ ಡೈಲಿ,≤100
725962877786349,Bhajanlal Jatav,DESIGNHOPES,≤100
2238647176463048,Dr.Vijender Singh,Anshul Kumar Gupta,≤100
104961325846139,Arjun Halagigoudar,Arjun Halagigoudar,≤100
195069364726665,Dr. Shishupal Yadav,Dr. Shishupal Yadav,≤100
509271282754642,vooki,These ads ran without a disclaimer,≤100
132859090587882,Surajit Datta,Surajit Datta,≤100
100525296370713,Rajpal SINGH Prajapati,Rajpal Singh,≤100
101528805191590,Dr. Inigo Irudayaraj - Trichy East MLA,Stanislaus Inigo Irudayaraj,≤100
30702412762,NewsX,NewsX,≤100
287137498056981,Shailesh Nitin Trivedi,ANUBHAV JAIN1,≤100
111918421878532,pandit_kalicharan_shastri_ji_,These ads ran without a disclaimer,≤100
108689704852720,Mahalakshmi Sreenivas,Mahalakshmi Sreenivasulu,≤100
935503089847466,Pant Path,Pant Path,≤100
110386972042720,,These ads ran without a disclaimer,≤100
107382425122143,Manoj Sisodia,Kavita Kumari,≤100
103811669373497,coin selling head branch,These ads ran without a disclaimer,≤100
106917495262631,Arvind Kejriwal ಬೆಂಗಳೂರು,Kamran  Shahid,≤100
168228334032318,Sat Sharma CA,Naveen Sharma,≤100
678803825664159,Kanta Sonwal,Prakash Jaiswal,≤100
1396007407299588,Deepak Prakash,Udit Kumar,≤100
108711685305283,Manish Mishra “Ravi Ranjan”,Digital Kumbh Pvt. LTD.,≤100
105560431512954,Boopathi Raja K,Boopathi Raja,≤100
102472605654629,rajput__udaysing,These ads ran without a disclaimer,≤100
2520433251371103,Renu Rana,Arun Kumar Sharma,≤100
177924969696841,Rajendra Tiwari,Shivam Dubey,≤100
104874761908880,Mohd Zakir Ali Saifi,Click2Public Technologies OPC Pvt. Ltd.,≤100
294529347608828,Rishikesh Upadhyay,Rishikesh Upadhyay,≤100
466835200043903,उमेद अभियान - Maharashtra State Rural Livelihoods Mission,MASRLM,≤100
260452011000438,Vinod Tiwari,Vinod Tiwari,≤100
1842309969424143,Avnish Kant Gupta,Ashwani Shalya,≤100
113484060843656,The Unmute,The Unmute,≤100
642996226201566,Sudhakar Shrangare,Aslam Afroz Kazi,≤100
113356014587642,Anupam Sharma,Prashant Sharma,≤100
285403455681355,Railway Children India,Railway Children India,≤100
568675259997108,City Headlines News,Aftab Kamar Khan,≤100
108159201571035,अरविन्द जायसवाल,Avadesh  Kumar,≤100
170722905051029,Hari Pratap Singh,Hari Pratap Singh,≤100
100544425118869,World Punjabi Organisation India,Gurdeep Singh,≤100
644400709346753,Adv.Uma Shanker Sharma,Adv.Uma Shanker Sharma,≤100
106398618060114,Jayashankar S,Jayashankar S,≤100
108886725521832,കിരൺ. കെ.ആർ,These ads ran without a disclaimer,≤100
173536432700799,Ahmed Balala,Ahmed Balala,≤100
863961040416615,Punit Verma पूर्व उपाध्यक्ष विश्व हिन्दू परिषद् काशी प्रान्त,Punit Varma,≤100
685707864866321,Lion Dr D.மோசஸ் ஜோஷ்வா,Mosses,≤100
109179291985422,Adavalli Krishna,Sateesh Vinjam,≤100
132406124102264,Sunil Sarraf,Sunil Sarraf,≤100
102323545504609,Rama Devi Chopra,Rama Devi Chopra,≤100
1610220162535973,Ambedkar  family,Praveen Dasari,≤100
565714670143123,Ashok Saini,Engitech Media,≤100
263199214590386,Westcoast Papermills,These ads ran without a disclaimer,≤100
110197854912974,Sonu Singh Garg,Pratik Garg,≤100
660476430787331,Gaurav Pandhi,Gaurav Pandhi,≤100
104122195260035,Bharti Tarun Kaushik Bhaiya Ji,Tarun Kumar Kaushik,≤100
106163284605046,Sanjay Singh,Sanjay Singh,≤100
135657743788459,Amit Chauhan,Amit Kumar,≤100
104765761522667,Pankaj Dawar,The Social Prachar,≤100
103544656778013,Dr Akhilesh Prasad Singh,Akhiles Prasad Singh,≤100
109352408717959,B L Devaraja,B L Devaraja,≤100
106650475483675,The Borderlens,These ads ran without a disclaimer,≤100
1955301821451552,Abhishek Dutta,Abhishek Dutta,≤100
817607004928968,Narendra Shivaji Patel,Narendra Singh Patel,≤100
101842762838248,Starlet Care Services,These ads ran without a disclaimer,≤100
101571686227986,Fans of ਦੀਪ ਸਿੱਧੂ - Deep Sidhu,Real Social,≤100
115708754832402,Prithvi Gupta,Naveen Singhal,≤100
550287678727831,Bharath Reddy Ravula,Bharath Kumar Ravula,≤100
892110527476687,Rajendra Singh Yadav,Riyaz Ahmad,≤100
104906185574109,Monica Garkhel,These ads ran without a disclaimer,≤100
107757854358804,Love Shrimali,Love Shrimali,≤100
1935128343433294,"Sri Shyam Sundar Singh ""Dhiraj""",Shyamsunder Singh Dheeraj,≤100
101854318835394,Abdur Razzak-আব্দুর রাজ্জাক,Injamul Hoque,≤100
117600365625337,The Blue Circle,These ads ran without a disclaimer,≤100
1176347162398086,Guru Nanak Naam Leva,Guru Nanak Naam Leva,≤100
103088902327676,Dwarka Kunj,Rahul Tiwari,≤100
109396018798891,Bhagwan Das BSP,Yogesh Raikwar,≤100
121088499422905,अमोल भारती,Prakhar Kashyap Singh,≤100
126680654670226,विमल द्विवेदी,Anchit Shri,≤100
118718117854712,Devendra Fadnavis Supporters,Ashutosh Sudarshan Rapatwar,≤100
111560924353656,Swetha Reddy,Rajendra Reddy Bhuvanagiri,≤100
108540562128181,harphoolchoudhary_rusu,These ads ran without a disclaimer,≤100
111271545234047,Telangana Singidi,Pudari Prashanth,≤100
957979757643166,Manish Mishra,Gautam Singh,≤100
106901781497453,भाजपा देपालपुर इंदौर,Karan Bakshi,≤100
216953671779092,Kedarnath Shukla,Kedarnath Shukla,≤100
103357492023752,Muralidhar Patil मुरली दादा पाटील,Muralidhar Patil,≤100
354210368277318,Diwan Singh Bisht MLA,Sandeep Bhardwaj,≤100
857371254407796,Pushpendra Kumar Singh Jadaun - BJP Parshad ALG UP,Pushpendra Kumar Singh Jadaun - BJP Parshad ALG UP,≤100
120716450992804,coin selling head branch,These ads ran without a disclaimer,≤100
103128038354073,NRI CELL BJP Haryana,Navdeep Sehrawat,≤100
532142600461773,Dharmendra Chhonkar,Dharmendra Chhonkar,≤100
104464255848971,चौ॰ भँवर सिंह ठेकेदार,Pingmedia,≤100
116650004667508,Karamjit Kaur Chaudhary,Karamjit Kaur Chaudhary,≤100
100935642733964,Hindi Khabar Digital,The Narrative Builders,≤100
107018461146331,Padakanti Ramadevi,Sandela Sai Kamal,≤100
104784948615947,Pushpendra jatav,Pushpendra Singh,≤100
102861739422105,Kuldeep Rai Sharma,Policy Briefcase,≤100
1368237823187657,Feel SHONAN_en,These ads ran without a disclaimer,≤100
101883268426116,Kotla Kiran Kumar Reddy,Gogireddy Sai Vaibhav Reddy,≤100
252023092136537,Dinesh Pratap Singh,Dinesh Pratap Singh,≤100
102325429272140,AITC Debasish Mukherjee,Arpan Saha,≤100
529744130828159,Filaantro,These ads ran without a disclaimer,≤100
110526438571568,Hajri Ajnar,Sarvesh Patidar,≤100
249890832100392,Jai Krishan Singh Rouri,Jai Krishan Singh Rouri,≤100
108502391985686,Suraj Giri,Trilok Singh,≤100
112314771829803,NorthEast Investors Summit,Sourabh Arvind Dubey,≤100
236500783397189,Kamlesh Paswan,Kamlesh Paswan,≤100
171737698908,Sony India,These ads ran without a disclaimer,≤100
106456887722695,Adesh Yadav BJP,Anil Kumar,≤100
107336164119124,Ashvani Singh Little,Akash Singh,≤100
981603711956127,Abdul Hafiz Malik,brandprogrammer,≤100
113926498210718,TEAM BASAVARAJ MATTIMADU,TEAM BASAVARAJ MATTIMADU,≤100
103100085360996,Madho Singh Udat,Akash Singh,≤100
1839204416403215,Arjun Trehan,Arjun Trehan,≤100
107901032129375,टीम विपिन मौर्या सभासद प्रत्याशी वार्ड नं 22 बजरंग नगर मेहंदीहाता,These ads ran without a disclaimer,≤100
116093954724520,sivakasi_muthu_velar,These ads ran without a disclaimer,≤100
111627301005753,Abhinay Rai,Akash Singh,≤100
1561939470716058,Kuldeep Kumar,Balram Singh,≤100
1301601559980950,Sant Kumar Gupta - Mithai Lal,Deepak Mishra,≤100
101143809618490,Padam Singh Dahiya,Ajay Dahiya,≤100
318181832137114,Shamsher Singh Gogi,Book My Promo,≤100
411581785652009,Karamjit Singh Rintu,Karamjit Singh Sandhu,≤100
625042464321544,Chandrahar Patil - पै.चंद्रहार पाटील,Sanket Kachare,≤100
108828628393591,Lakshay Chauhan,Akash Singh,≤100
201454989874085,Janmeja Singh Sekhon,Inderpartap Singh Dhillon,≤100
103513754735006,महाराणा प्रताप कर्मचारी एकीकृत महासंघ,Rahul Kumar Kirodiwal,≤100
102166479516631,प्रदीप बंसल चेयरमैन प्रत्याशी,Deepnarayan Chaubey,≤100
115663941396257,Geetha Geethamma,These ads ran without a disclaimer,≤100
325602694251353,Rajeev Rai,Rajeev Kumar Rai,≤100
1468615483155325,Tankadhar Tripathy,Tankadhar Tripathy,≤100
100446005629223,Parvez Ahmad Media,Abi Zaid,≤100
2148832695374789,Dharam Vir Dhindsa Advocate,Dharam Vir Dhindsa Advocate,≤100
1674435646146248,Lakhan Patel,Lakhan Patel,≤100
101613628900010,Smartway Wellness Pvt. Ltd.,Bhoomi Harendra Mistry,≤100
216718282069372,Technovalley - Advanced Knowledge Services,These ads ran without a disclaimer,≤100
180004642020645,IIHMR University,These ads ran without a disclaimer,≤100
274842592677222,Chhotelal Singh Kharwar,Prakhar Kashyap Singh,≤100
117563600047608,पक्की ख़बर,These ads ran without a disclaimer,≤100
1574483566114189,Dr. Mamta Pandey,Akash Singh,≤100
103431795767026,Chand Siddiqui,Mohammad Chand Siddiqui,≤100
1188100394624390,Abhay chaudhary,Bharat Kushwah,≤100
112917548447772,Soni Jaiswal On Mission,Vishal Kumar Maurya,≤100
109709397316526,Dr. Ashraf Ali,Aameer Aazam,≤100
103691661472274,Duryodhan Aihole,Duryodhan Aihole,≤100
151567962213919,Deepak Gupta,Deepak Gupta,≤100
103772808080221,ChandraShekhar Joshi,Kailash Vaishnav,≤100
196646273703597,Foundation for Ecological Security,These ads ran without a disclaimer,≤100
2220752738241520,Kamlesh Kumar Singh,Kamlesh Kumar Singh,≤100
110905338652297,ವರುಣಾದ ವಾರಸ್ದಾರ - Varunada Vaarasdara,Dayananda R,≤100
105515161411695,Pankaj Singla,Anil Kumar,≤100
1826435860922199,Rajkumar Rawat,Rajkumar Rawat,≤100
160271429148070,Vikram Goud,Vikram Goud,≤100
116997354325105,Wg Cdr Anuma Acharya,Wg Cdr Anuma Acharya,≤100
385303288239154,Raghuveer Singh Tanwar,Raghuveer Singh Tanwar,≤100
1109826479083738,Rajeev Sharma BJP,Puneet Kumar Singh,≤100
105509018162813,Hariram Bana,These ads ran without a disclaimer,≤100
1074397962692240,Rishi Palpu,Rishi Palpu,≤100
716085012115556,Today Bhaskar,Yashvi Goyal,≤100
111654838334899,सीताराम पोखरियाल,Akash Singh,≤100
437736246329765,Anand Sagar,Daksh Dhankhar,≤100
1802087953245529,Pavan Singh Rajput,Prakhar Kashyap Singh,≤100
382073148521371,EG classes for IAS,Prakhar Kashyap Singh,≤100
767805023307544,Santosh Kumar Singh BJP,Akash Singh,≤100
116216431070608,LIVE NOTIFIED,LIVE NOTIFIED,≤100
102625849396266,Jcoder,Sattar Ali,≤100
278423842321236,BJP Rajasthan,Bharatiya Janata Party (BJP),≤100
302417850271322,National Samachar 24x7,National Samachar 24x7,≤100
111117698633050,Mudra finance,These ads ran without a disclaimer,≤100
132806813793938,Paramjit Singh Sarna,Harjap Singh Dhingra,≤100
102078311465297,Fourmi Consultancy,These ads ran without a disclaimer,≤100
470929816335236,Veer Sen Yadav,Veer Sen Singh,≤100
455697974986681,Bangla Hunt,Bangla Hunt,≤100
100195048804779,KRJ Bharath,Gogireddy Sai Vaibhav Reddy,≤100
103414968852773,Umesh Kate,Social Rajneeti,≤100
107545897823033,For Men India,Antara Das,≤100
105590519184211,Keshav Prasad,Jamesons Info Solutions,≤100
468064866696490,Pratap Jena,Ankit Pratap Jena,≤100
112355991437883,Rajan Mehta,Neeraj Mehta,≤100
118821871189434,Samajwadi party Sirathu,These ads ran without a disclaimer,≤100
111135334049877,Rakesh Thakur,Vikrant Shukla,≤100
101941219545036,राजेंद्र भारतीय,Mridul,≤100
1718414508381983,iQuanta,These ads ran without a disclaimer,≤100
484626021565201,Hallmark Public School,These ads ran without a disclaimer,≤100
121241044277295,,Akash Singh,≤100
104681495833114,इलियास अहमद,These ads ran without a disclaimer,≤100
1592206197714706,काजी इदरीस अहमद,Click2Public Technologies OPC Pvt. Ltd.,≤100
112016070704207,Sadguru Global Infotech,Sadguru Global Infotech,≤100
118635294452663,everyday_economics_kd,These ads ran without a disclaimer,≤100
1545343209060784,Mahendra Ram Singh Yadav,Mahendra Ram Singh Yadav,≤100
414990101962369,Dr. Balu Ram Choudhary,Dr. Balu Ram Choudhary,≤100
530490267348228,Byatarayanapura Speaks - 2018,Shamanth Earaiah,≤100
330699247884246,Sunil Kumar Kranti,Sunil Kumar Kranti,≤100
1749332311853178,Chandra Mani Yadav-चन्द्रमणि यादव,Chandra Mani Yadav,≤100
113650521689074,Vinod Jaiswal,Utkarsh Srivastava,≤100
108935364979003,Ragidi Laxma Reddy,Laxmareddy Ragidi,≤100
1360464037385842,Veerabhadrappa Halaharavi Ex Mla,Vh Halaharavi,≤100
1850064485271092,Vijay Kaushik,Kanav Kathuria,≤100
331544177050160,Adv. Rahul Subhash Kool,Rahul Subhash Kool,≤100
307302646126530,Sanjeev Vijayvergia,Rajnish Kumar Pandey,≤100
101419969473188,Jitendra Tiwari Bengal,Jitendra Tiwari Bengal,≤100
574169982632189,Dr. Samarjit Singh,Laxman Singh,≤100
104263247937304,RePad,These ads ran without a disclaimer,≤100
295639383836442,Agewell Foundation,Aanchal Gupta,≤100
1434690276755183,P C Sharma,Prakash Chand Sharma,≤100
316991888349139,One School At A Time (OSAAT),OSAAT EDUCATIONAL CHARITABLE TRUST,≤100
1181211801943489,Vishnu Dayal Ram,Nisant Kumar,≤100
1149375478489344,Harvinder Singh Sarna,Harjap Singh Dhingra,≤100
1884144638347433,Surendra Yadav pradhan morahu,Saurabh Shukla,≤100
110376694487428,मनोज मोरे भीकनगांव,Akash Singh,≤100
1374801462803542,Unmesh Patil - उन्मेश पाटील,Unmesh Patil - उन्मेश पाटील,≤100
105591795848833,श्रीमती पुष्पा देवी माता मोहित सिंह,Pranesh Kumar Mishra,≤100
104521050914326,Baliram Siraskar,Baliram Siraskar,≤100
426881010719758,Soumik Hossain,Angur Shaikh,≤100
110534982023180,समर्थक महेश कुमार दुबे,These ads ran without a disclaimer,≤100
107148595058269,Adv Harita Mehta,Sandeep Kumar Rana,≤100
1014089075388866,Arvind Pandey,Pradeep Anand,≤100
110340215302198,Avinash Patil,These ads ran without a disclaimer,≤100
117964634599931,Dr. Manglesh Kumar Srivastava,Kumar Parth,≤100
1171462299729165,Sandeep Singh Deswal,Navdeep Sehrawat,≤100
1433583803429953,Rahat Hussain,Rahat Hussain,≤100
109253634221142,Dr Abhishek Kumar Ramadhin,Abhishek Kumar Ramadhin,≤100
287971211847379,Katasani Shiva Narasimha Reddy,Gogireddy Sai Vaibhav Reddy,≤100
1833775603555181,Amarjeet Singh Dhillon,Amarjeet Singh,≤100
105530752376295,"Shiromani Akali Dal, Delhi Unit",Harjap Singh Dhingra,≤100
154438398508793,Jamal Sajid,Mohd Jamal,≤100
140866993291618,ರಾಜೇಶ್ ನಾಯ್ಕ್ ಉಳಿಪಾಡಿಗುತ್ತು ಅಭಿಮಾನಿಗಳು,ರಾಜೇಶ್ ನಾಯ್ಕ್ ಉಳಿಪಾಡಿಗುತ್ತು ಅಭಿಮಾನಿಗಳು,≤100
102976016109737,AP With Lokesh,Politics for Impact,≤100
101964264562944,Sanjay Singh Gangwar,Sanjay Singh Gangwar,≤100
1443694495872539,Alok Ranjan,Rupesh Kumar,≤100
181068529175415,Shaban Ali,Saban Ali,≤100
104860424918954,दिल है हिन्दुस्तानी,Abhijit Kumar,≤100
107485295154471,Samvaad,Manmeet Kakkar,≤100
104008785699728,Office of Dinesh Pratap Singh,Office of Dinesh Pratap Singh,≤100
269442696723658,Kuldeep kumar 'Deep kamboj Malukpura',Kuldeep Kumar,≤100
437551369748562,Pratilipi Telugu - ప్రతిలిపి తెలుగు,These ads ran without a disclaimer,≤100
103701579285982,Deputy Mayor - Munger Nagar Nigam,These ads ran without a disclaimer,≤100
112753855132819,Dr Era Srivastava,These ads ran without a disclaimer,≤100
2336650766455468,Tanaji Sawant - तानाजी सावंत,Prakash Netaji Dhumal,≤100
533269740489273,Shivbhagwan Naga,Shivbhagwan Naga,≤100
1554353774598890,Paini khabar,Deepnarayan Chaubey,≤100
362309980970515,Afsaana-Poets Column,Anmolika Watal,≤100
113102191724630,H.S. Shivakumar,Digi-Ants Digital World,≤100
219514401576120,SG Suryah,SG Suryah,≤100
237858153078265,Shabnam Godara,Anil Kumar,≤100
105813284380310,Dee4unews,Deepak Kumar Bhandari,≤100
109862434091851,Crop For Life,These ads ran without a disclaimer,≤100
865561586896058,Sushil Singh,Prakhar Kashyap Singh,≤100
157378813085018,Rajesh Shukla,Vivek Kumar Singh,≤100
110041900802477,Magahi News,magahi news,≤100
152596918263474,Desh Bhagat University,These ads ran without a disclaimer,≤100
110569971856598,Sain veer Chandela,These ads ran without a disclaimer,≤100
104590325539529,Adv Harita Mehta Fan Club,Sandeep Kumar Rana,≤100
101307312829391,ఐ టీడీపీ జై టీడీపీ,These ads ran without a disclaimer,≤100
111786513660703,The Postman,The Postman,≤100
719456094734999,Ramesh Agrahari,Utkarsh Srivastava,≤100
113775634976682,Kishan Upadhyay,These ads ran without a disclaimer,≤100
1101097403326599,Chief Electoral Officer Karnataka,Chief Electoral Officer Karnataka,≤100
105079445808554,Mahadev Balali,WMB,≤100
108276638038082,Ganesh Shankar Singh,These ads ran without a disclaimer,≤100
112795041792592,Anurag Saikia,These ads ran without a disclaimer,≤100
626068767790790,Pawankumar Singh Bhati,Pawankumar Singh Bhati,≤100
499923680082155,Dr K V Singh,Ranvijay Lamba,≤100
100421052931761,Santosh Pathak INC,Bhupendra Singh,≤100
296002831234834,Swapnil Kothari,Swapnil Kothari,≤100
104052978235240,Pandian For People,Abhijeet Shesh,≤100
2078242259060363,Kukufm,These ads ran without a disclaimer,≤100
168205947057352,Madan Singh Chouhan,Madan Singh Chouhan,≤100
1401117106783618,Bjp Chhattisgarh,Bharatiya Janata Party,≤100
750867108394533,B R Patil,Krologix Technologies Pvt. Ltd,≤100
572119322946420,Manish Kumar Singh,Manish Kumar Singh,≤100
102111112713801,Daman Sethi,Utkarsh Srivastava,≤100
1637206336576173,Sanjay Jaiswal,Sanjay Jaiswal,≤100
109801588758607,Sanjay Tamboli,Sanjay Tamboli,≤100
516576275094648,BJP Assam Pradesh,Bharatiya Janata Party (BJP),≤100
1471581409720618,BJP Uttar Pradesh,Bharatiya Janata Party (BJP),≤100
385066518260726,Ishant Gupta,Ishant Gupta,≤100
183635768462259,Madan Kaushik,Abhimanyu Singh,≤100
521639147910659,Bhagirath Choudhary,Ujjval Jain,≤100
317187395100509,Vikramjit Singh Chaudhary,Rahul Krishan Balraj Ahuja,≤100
1947296068903392,Vinay Saxena,Manish Soni,≤100
101729609525138,Gupteshwer Gupta,Deepak Kumar,≤100
203795313615859,PDTV News,Sandeep Gowda Undrakonda,≤100
1511782779066279,Indian National Congress - Karnataka,Indian National Congress - Karnataka,≤100
108080828884036,Gehlot Phir Se,DesignBoxed,≤100
151894932136869,ನಾಡೋಜ ಜಗದೀಶ ಗುಡಗುಂಟಿ ಅಭಿಮಾನಿ ಬಳಗ,Kice Media,≤100
574635899358117,WorkForce Infotech Pvt Ltd,Viswa Deepak Tripathi,≤100
150106531736299,BJP West Bengal,Bharatiya Janata Party (BJP),≤100
864391150326989,Vishal Singh Chanchal,Anup Kumar Jaiswal,≤100
100366573049375,Die-Hard fans of R.K. Ramesh,These ads ran without a disclaimer,≤100
101097592338106,माँ अम्बिका विहार धामनोद,Aashish Patel,≤100
112802994935654,Shashi Jain BJP,RFP Digital Productions,≤100
170510573143983,South Asian Voices,These ads ran without a disclaimer,≤100
627890167247866,EDOTCO Group,These ads ran without a disclaimer,≤100
17043549797,MIT Technology Review,These ads ran without a disclaimer,≤100
1518216038506999,CRI - Rádio Internacional da China,These ads ran without a disclaimer,≤100
187092881819389,Mongabay-India,These ads ran without a disclaimer,≤100
447263991993811,UNICEF South Asia,These ads ran without a disclaimer,≤100
118655694495362,Ji jp,These ads ran without a disclaimer,≤100
213003865396175,Arabian Travel Market,These ads ran without a disclaimer,≤100
563226870435533,Emirates Critical Care Conference,These ads ran without a disclaimer,≤100
105494315161744,talkdiplomacy,These ads ran without a disclaimer,≤100
520171088019503,Liforme,These ads ran without a disclaimer,≤100
131189377574,MDPI,These ads ran without a disclaimer,≤100
1165428293488172,Energy Source & Distribution,These ads ran without a disclaimer,≤100