﻿Page ID,Page name,Disclaimer,Amount spent (MYR)
485555938296885,Aman Palestin Berhad,These ads ran without a disclaimer,≤100
693929714007978,Hj Nicholas Sylvester Muhammad Abdullah,Portal Mudah,≤100
260612367434680,Lidah Hitam,Mohd Rais Bin Omar,≤100
425293244166119,Sehinggit,Sehinggit,≤100
112512589548367,Bersih dan Stabil : BEST,Bersih dan Stabil : BEST,≤100
474963719253432,Yayasan Ikhlas,Yayasan Ikhlas,≤100
135856610910,Liew Chin Tong,Liew Chin Tong,≤100
101193781637538,sumbangan.com,sumbangan.com,≤100
27588322041,BFM Radio - The Business Station,BFM Radio - The Business Station,≤100
221159141657466,Newswav,Newswav - Malaysia Latest News,≤100
107211378784840,牛熊投资 - 一招打天下,These ads ran without a disclaimer,≤100
149208308580838,Fuziah Salleh,Keadilan Rakyat,≤100
109530075225317,Rezeki Infaq,Rezeki Infaq,≤100
155707591143880,Prof. Dr Zainur Rashid Zainuddin,Yayasan Ikhlas,≤100
130114577096206,刘镇东,Liew Chin Tong,≤100
47298465905,Malaysiakini,FG Media Sdn Bhd,≤100
109862381904645,阿聪吹水堂 Ah Chung Talkshow,阿聪吹水堂 Ah Chung Talkshow,≤100
1405154206375082,辩论海啸,辩论海啸,≤100
223180581163143,Jagdeep Singh Deo 'Serving the People',Usha A/p Balakrishnan,≤100
109978830534400,Dr Dominic Lau Hoe Chai,PGRM,≤100
169284053121990,Pemuda PAS Bangi,Pemuda PAS Bangi,≤100
104503762988176,Hidayah Centre Foundation,Hidayah Centre Foundation,≤100
517210464961612,刘华才博士,PGRM,≤100
560429700762980,PAS SHAH ALAM,PAS SHAH ALAM,≤100
490728928001480,ORANGKATA,ORANGKATA,≤100
929403260489334,Nadi Mahasiswa Malaysia,Nadi Mahasiswa Malaysia,≤100
104583751158392,Pustaka Permata Ummah,Pustaka Permata Ummah,≤100
401788663279891,Yayasan Sofa Negeri Sembilan,Yayasan Sofa,≤100
217391881631388,SAYS,SAYS,≤100
653852281302843,Orang Kelantan,Kromium Digital,≤100
122913508099,Parti Gerakan Rakyat Malaysia,PGRM,≤100
134750209898122,Chang Lih Kang,Parti Keadilan Rakyat,≤100
1262706293818697,Terengganu Strategic & Integrity Institute - TSIS,Terengganu Strategic & Integrity Institute - TSIS,≤100
225392457942420,Shahir Adnan,Mohd Shahir Bin Adnan,≤100
1692040137540677,TawauKini,Kromium Digital,≤100
138361272876308,马华公会,马华公会,≤100
100844041862257,Suhaimi Haji Nasir - Page,Suhaimi Haji Nasir - Page,≤100
401340596873929,The True Net,Yoke Har Ng,≤100
159394141451669,PJ Startup Festival,Lim Yi Wei,≤100
87363369882,Sinar Harian,Sinar Harian,≤100
1589112137969765,PAS Wilayah Persekutuan,Siti Nor Kartini Binti Mohd Ramli,≤100
157791694829873,Manndzri,Manndzri,≤100
107382207626058,R.Yuneswaran,Yuneswaran A/L Ramaraj,≤100
428009970864153,อ้วนรังสิต พระเครื่อง,These ads ran without a disclaimer,≤100
106256777922958,SEA Today News,These ads ran without a disclaimer,≤100
100708872848620,Mohd Azrul Abu Hassan,These ads ran without a disclaimer,≤100
331730317215791,Pusat Khidmat Masyarakat DUN Murum,Kennedy Chukpai Ugon,≤100
101174156100187,KlikVip,These ads ran without a disclaimer,≤100
102384275222664,鳳 梨 小 說,These ads ran without a disclaimer,≤100