﻿Page ID,Page name,Disclaimer,Amount spent (EUR)
108808368725503,Πανουργιάς Παπαϊωάννου - Panourgias Papaioannou,Πανουργιάς Παπαϊωάννου - Panourgias Papaioannou,≤100
105519424225426,Εθνική Αρχή Διαφάνειας,Εθνική Αρχή Διαφάνειας,≤100
278117815576023,EU Justice and Consumers,EU Justice and Consumers,≤100
178362315106,European Parliament,European Parliament,≤100
91877963116,WWF Greece,WWF Greece,≤100
1637375619619220,Άγγελος Αγραφιώτης,Άγγελος Αγραφιώτης,≤100
110893015189195,Χρήστος Κουτσούκος - Christos Koutsoukos,Χρήστος Κουτσούκος - Christos Koutsoukos,≤100
192906947432657,Protagon.gr (official),Protagon.gr (official),≤100
104299506270374,Euro2day,Euro2day,≤100
404183552993057,newmoney.gr,newmoney.gr,≤100
112873984180079,Sterea economy,Sterea Economy,≤100
123836729361,New York College,New York College,≤100
110420085358866,Βασιλική Βούλγαρη-Γκλάβα Υποψήφια Περιφερειακή Σύμβουλος Π.Ε. Φθιώτιδας,Βασιλική Βούλγαρη-Γκλάβα Υποψήφια Περιφερειακή Σύμβουλος Π.Ε. Φθιώτιδας,≤100
287878625015994,Reader.gr,Reader.gr,≤100
104871439107989,Justice Initiative Greece,Justice Initiative Greece,≤100
527351247377965,European Committee of the Regions,European Committee of the Regions,≤100
521845371622559,Μανόλης Καλαμπόκας - Αντιδήμαρχος Υγείας Δήμου Αθηναίων,Μανόλης Καλαμπόκας,≤100
108183264211965,UNICEF Greece,UNICEF Greece,≤100
104692221824082,Energymag.gr,Energymag,≤100
305608429284,EU Environment,These ads ran without a disclaimer,≤100
139872412072,Coca-Cola 3E,COCA-COLA ΤΡΙΑ ΕΨΙΛΟΝ ΕΛΛΑΔΟΣ Α.Β.Ε.Ε.,≤100
227289347288526,Bodossaki Foundation - Ίδρυμα Μποδοσάκη,BODOSSAKI FOUNDATION,≤100
325604665061611,MSD Greece,MSD Greece,≤100
100612501646328,Jenny.gr,Jenny.gr,≤100
105421881795490,Νέα Μητροπολιτική Αττική,Νέα Μητροπολιτική Αττική,≤100
107718178601878,Banks.com.gr Business News,ETHOS MEDIA,≤100
155936831104234,"Αποστολόπουλος Ηλίας,  Δήμαρχος Παπάγου - Χολαργού","Αποστολόπουλος Ηλίας,  Δήμαρχος Παπάγου - Χολαργού",≤100
345120415540164,Mama365,Mama365.gr,≤100
159977541380043,The President,The President,≤100
109167905361203,UNIC Greece,These ads ran without a disclaimer,≤100
782442791937028,Κωστας Γκαβογιαννης,Κωστας Γκαβογιαννης,≤100
174590159233465,Thessaloniki International Film Festival,Thessaloniki International Film Festival,≤100
427461580226,iatronet,Iatronet Ltd,≤100
1645903788996329,liberal.gr,liberal.gr,≤100
103057864872953,Radar,Radar.gr,≤100
1375259192718674,The TOC,The TOC,≤100
117037629671698,BusinessDaily,Business Daily,≤100
1867952363274780,economico.gr,economico.gr,≤100
2127727860849871,Σπύρος Ριζόπουλος,Σπύρος Ριζόπουλος,≤100
10348684611,Esquire Greece,Esquire Greece,≤100
186848962521,capital.gr,www.capital.gr,≤100
240199722469,The Best Portal,THE BEST net I.K.E. (ΕΝΗΜΕΡΩΣΗ ΕΠΙΚΟΙΝΩΝΙΑ THE BEST I.K.E.),≤100
111151151051341,Debater,debater,≤100
931897020261427,AVIN,AVIN,≤100
407314116092988,Πέτη Πέρκα,Πέτη Πέρκα,≤100
88027997208,Διεθνής Αμνηστία - Ελληνικό Τμήμα,Amnesty International Greece,≤100
107098807881409,Political.gr,POLITICAL,≤100
1438293789797221,ecoelastika,ecoelastika,≤100
109468948773265,Capitol17 Athens Office,Concept Labs,≤100
551917914903015,ekriti.gr,ekriti.gr,≤100
107453529357258,Γιάννης Κωνσταντάτος,Δήμαρχος Ελληνικού - Αργυρούπολης,≤100
2428107534084155,DailyPost.gr,ΝΟΗΣΙΣ ΙΚΕ,≤100
150398005058111,ASD Account Financial Advisor SA,A.S.D. FINANCIAL CONSULTANTS SA,≤100
1557160734539215,KMOP,KMOP,≤100
221720494659233,Ανδρέας Παχατουρίδης,Ανδρέας Παχατουρίδης,≤100
1842193576012736,Αργύρης Ντινόπουλος,Αργύρης Ντινόπουλος,≤100
368217916600933,Αγγειοχειρουργός  Νίκος Παρασκευάς,Αγγειοχειρουργός  Νίκος Παρασκευάς,≤100
404278389937250,Λατινοπούλου Αφροδίτη,Λατινοπούλου Αφροδίτη,≤100
1727608780803972,Λογιστικός Σύλλογος Αθηνών,Λογιστικός Σύλλογος Αθηνών,≤100
1004900052864353,mononews.gr,mononews.gr,≤100
359612061446497,iEidiseis.gr,NEWSROOM Α.Ε.,≤100
104172728093075,TERNA ENERGY,Terna Energy,≤100
294443673994778,Lykavitos,HT PRESS ONLINE IKE,≤100
96558369375,Εμπορικός Σύλλογος Αθηνών,Εμπορικος Συλλογος Αθηνων,≤100
592545094577774,Παναγιώτης Λουκόπουλος - Ενωτική Πρωτοβουλία,Παναγιώτης Λουκόπουλος - Ενωτική Πρωτοβουλία,≤100
1049665441831944,Bosch Hellas,Bosch Hellas,≤100
590556791403274,OsteoStrong Greece,OsteoStrong Greece,≤100
109706817338385,MoveD.gr,MoveD.gr,≤100
108950054276789,GEK TERNA Group of Companies,GEK TERNA GROUP,≤100
1859719680758779,Σπύρος Σταματόπουλος,Σπύρος Σταματόπουλος,≤100
1748153855406537,vradini.gr,vradini.gr,≤100
1903473413254089,Vagelis Papakonstantinou,Vagelis Papakonstantinou,≤100
495613237937576,Point MEDIA,Point MEDIA,≤100
147547541961576,Council of the European Union,Council of the European Union,≤100
187177148001601,Κωνσταντίνος Καραγκούνης,Κωνσταντίνος Καραγκούνης,≤100
144709575593854,EESC - European Economic and Social Committee,EESC - European Economic and Social Committee,≤100
211321812266264,Αθήνα9.84,Αθήνα 9.84,≤100
110882622056474,Δημήτρης Μουλιάτος - Υποψήφιος Περιφερειακός Σύμβουλος Δυτικής Αθήνας,Δημήτρης Μουλιάτος,≤100
633964833608956,dikastiko.gr,Dikastiko.gr,≤100
197766903578854,ΕΚΔΟΣΕΙΣ ΚΛΕΙΔΑΡΙΘΜΟΣ,ΕΚΔΟΣΕΙΣ ΚΛΕΙΔΑΡΙΘΜΟΣ ΕΠΕ,≤100
105268585825426,Νατάσσα Κοσμοπούλου,Νατάσσα Κοσμοπούλου,≤100
105249502133823,Election Leaders - Πολιτικό Marketing,Election Leaders,≤100
339494163887900,ΑγαΠάμε την Πόλη μας τον Άγιο Δημήτριο,ΑγαΠάμε την Πόλη μας τον Άγιο Δημήτριο,≤100
1453465951584091,Eurolife FFH,Eurolife FFH,≤100
107964744451079,Το Μανιφέστο της Ύπαρξης,Το Μανιφέστο της Ύπαρξης,≤100
674103179323981,Μίνα Καούνη & Συνεργάτες,Μίνα Καούνη & Συνεργάτες,≤100
219634128212269,Ασφαλιστική Αγορά,Asfalistiki Agora,≤100
120105951028115,Σπύρος Βασιλείου υποψήφιος  Δήμαρχος Ι.Π Μεσολογγίου,Σπύρος Βασιλείου υποψήφιος  Δήμαρχος Ι.Π Μεσολογγίου,≤100
2250439728530985,Δημήτρης Οικονόμου - Υποψήφιος Δήμαρχος Παπάγου-Χολαργού,Δημήτρης Οικονόμου - Υποψήφιος Δήμαρχος Παπάγου-Χολαργού,≤100
109034535945,Georgios Orfanos,Georgios Orfanos,≤100
143040822415807,Flashnews.gr,flashnews.gr,≤100
2198361083589693,Σάββας Χαλιαμπάλιας,Σάββας Χαλιαμπάλιας,≤100
720161824810756,Κωνσταντίνος Ζέρβας,Konstantinos Zervas,≤100
101986622709441,Δήμος Πρωταγωνιστής - Λευτέρης Αλεξανδρίδης,Δήμος Πρωταγωνιστής - Λευτέρης Αλεξανδρίδης,≤100
141003892670757,Νίκος Κ. Σοφιανός - Nikos C. Sofianos,These ads ran without a disclaimer,≤100
1008869135799694,Δήμος Ξυλοκάστρου - Ευρωστίνης,Δήμος Ξυλοκάστρου - Ευρωστίνης,≤100
187534718452,Isthmos,Isthmos,≤100
102992528411169,Κώστας Μιλόβας,Κώστας Μιλόβας,≤100
100962512612906,ΚΔΑΠ Νηρέας - Βέροια,These ads ran without a disclaimer,≤100
716811695006895,Συμμαχία Πολιτών,Συμμαχία Πολιτών,≤100
102857431526747,Ecopots Greece,Garden Experts AE,≤100
105475882182783,Ναυτικό Επιμελητήριο Ελλάδος,Ναυτικό Επιμελητήριο της Ελλάδος,≤100
488218854548148,Φαίνη Χατζηαθανασιάδου-Feni Chatziathanasiadou,Φαίνη Χατζηαθανασιάδου-Feni Chatziathanasiadou,≤100
103754084863302,Εκδόσεις Επίκεντρο,Εκδόσεις Επίκεντρο,≤100
112238801834667,OTAmagazine,OTAmagazine,≤100
108201527612821,2045.gr,2045.gr,≤100
107993708884648,Σαρωνικός Δύναμη Πνοής,Σαρωνικός Δύναμη Πνοής,≤100
105402208234839,E-wall,These ads ran without a disclaimer,≤100
103914335903607,Κλαίρη Δεληγιάννη-Klairi Deligianni,Κλαίρη Δεληγιάννη-Klairi Deligianni,≤100
2126601480936876,Γιάννης Πισιμίσης - Νέα Πνοή για τα Βριλήσσια,Γιάννης Πισιμίσης - Νέα Πνοή για τα Βριλήσσια,≤100
2002795206680989,Θεόδωρος Αμπατζόγλου  Δήμαρχος Αμαρουσίου,Θεόδωρος Αμπατζόγλου  Δήμαρχος Αμαρουσίου,≤100
618521531881415,Συμμαχία Δημιουργίας για το Δήμο Ζωγράφου,Συμμαχία Δημιουργίας για το Δήμο Ζωγράφου,≤100
1786629368244395,Dr. Κωνσταντίνος Λάγιος,Dr. Κωνσταντίνος Λάγιος,≤100
102506872574096,Χριστίνα Φούντζουλα - Christina Fountzoula,Χριστίνα Φούντζουλα - Christina Fountzoula,≤100
393542154022051,HellasFin,HellasFin investment services SA,≤100
1796286800600041,Mobile Info Team for refugees in Greece - الفريق المتنقل لمعلومات اللاجئين,Mobile Info Team for refugees in Greece - الفريق المتنقل لمعلومات اللاجئين,≤100
115257728224867,Θεόδωρος Ριζούλης - Υποψήφιος Δήμαρχος Δ.  Αγιάς,ΘΕΟΔΩΡΟΣ ΡΙΖΟΥΛΗΣ,≤100
103501014669406,Giannis Kalafatelis,Γ.Καλαφατέλης - Δήμαρχος Διονύσου,≤100
611274705567424,Ινστιτούτο Νίκος Πουλαντζάς- Nicos Poulantzas Institute,Ινστιτούτο Νίκος Πουλαντζάς- Nicos Poulantzas Institute,≤100
112092918494879,Πράσινη Πόλη - Δημήτρης Πρωτοπαπάς - Κόρινθος 2023,Πράσινη Πόλη - Δημήτρης Πρωτοπαπάς - Κόρινθος 2023,≤100
101516079192118,Πανεπιστήμιο Αιγαίου - Προγράμματα Δια Βίου Μάθησης,These ads ran without a disclaimer,≤100
110396898482192,Αντωνία Καρακατσάνη,Αντωνία Καρακατσάνη,≤100
146224542103767,Athens Review of Books,Athens Review of Books,≤100
511797485992500,Δημοτική Επαναφορά,These ads ran without a disclaimer,≤100
106233639109883,Ορέστης Λέτσος  Υποψήφιος Δημοτικός Σύμβουλος Ιλίου,These ads ran without a disclaimer,≤100
1407405476194965,Thomas Chrysochoidis,Thomas Chrisohoidis one person LTD,≤100
795737207122308,Ignatios Kaitezidis - Ιγνάτιος Καϊτεζίδης,Ignatios Kaitezidis,≤100
1527304447562278,Γιάννης Σταθόπουλος,Γιάννης Σταθόπουλος,≤100
394013391085857,Θανάσης Λιακόπουλος - Υποψήφιος Περιφερειακός Σύμβουλος,Θανάσης Λιακόπουλος - Υποψήφιος Περιφερειακός Σύμβουλος,≤100
1200465556797225,Θανάσης Παπαθανάσης,Θανάσης Παπαθανάσης,≤100
316499049130739,FollowThess,FollowThess,≤100
534857483700841,Πέτρος Ψωμάς - σπιράλ δημοτική παράταξη,Psomas Petros,≤100
1554850174582846,politic.gr,Politic.gr,≤100
161395161178657,Marousi24.gr,Marousi24.gr,≤100
123215787362632,Μαστοράκου Άννα,Marketingad,≤100
2176318779356508,Κέντρο Βιογενετικής,Κέντρο Βιογενετικής,≤100
102620666010969,Astydama,Astydama,≤100
100363452031210,Nicolas Karanikolas,Nicolas Karanikolas,≤100
111612674846425,Clima21,These ads ran without a disclaimer,≤100
143024356408798,Ιωάννης Σεπτούχας,Ιωάννης Σεπτούχας,≤100
113936231600029,Βασίλης Π. Τρωγάδης - Δημοτική Αλλαγή,Βασίλης Π. Τρωγάδης - Δημοτική Αλλαγή,≤100
105298679258867,Un pont de pierre,These ads ran without a disclaimer,≤100
403692447114613,"Γεροντάκη  Κωνσταντίνα - Νάντη , Δημοτική σύμβουλος Βριλησσίων",These ads ran without a disclaimer,≤100
267353906619818,Mr. Gugu & Miss Go,These ads ran without a disclaimer,≤100
108625789179165,Soi Dog Foundation,These ads ran without a disclaimer,≤100