﻿Page ID,Page name,Disclaimer,Amount spent (IDR)
23383061178,Prabowo Subianto,indonesia Adil makmur,623321
104278069107924,G24 Golkar NTB,Yayasan Golkar Institute SPKP,238410
320858334728047,Partai Solidaritas Indonesia,Partai Solidaritas Indonesia,61047
110090765246136,Yanti Airlangga,Yayasan Golkar Institute SPKP,53826
105818752347206,Teman Airlangga Hartarto,Aditia Ramdani,24497
102122622640795,Catatan Menko Airlangga,Yayasan Golkar Institut,22655
114105438017003,GP Nusa Tenggara Barat,Ganjar Nusantara Indonesia,18527
111864151754055,Esensi TV,Esensi Tv,15405
1481929088506672,Andini Effendi,Yayasan Infobox,13843
109152778730274,Miea Kusuma,Yayasan Infobox,12705
104708079203574,Airlangga Hartarto 2024,Yayasan Infobox,12305
103290336009963,Akbar Faizal Uncensored,Yayasan Infobox,12280
197545083607941,Harian Kompas,Harian Kompas,11498
333711983956998,Erwin Aksa,Yayasan Golkar Institute SPKP,8069
173776079818775,Saiful Mujani,Saidiman,6790
101350709331663,G24News.tv,Yayasan Golkar Institut SPKP,6746
39684526732,Wanda Hamidah,Yayasan Infobox,6176
101679818973699,Sahabat Ganjar Pranowo,John Kamnahas,6008
217841272115804,Kabar Golkar,Yayasan Kabar Golkar,5475
110771227439502,Teman Sandi,Mohammad Izur Islami,4783
104830667806476,Melihat Indonesia,Melihat Indonesia,4382
101760624522103,DPP Banteng Muda Indonesia,Farid Wahyudi,3898
102712985995817,Sobat Airlangga Hartarto,Aditia Ramdani,3554
102656349157647,Tugimanisme,Ganjar Nusantara Indonesia,3379
342449962923657,Berita Ganjar Pranowo,Septian Raharjo,3323
104830667806476,Melihat Indonesia,Ganjar Nusantara Indonesia,3133
101101492306034,Mega News,Siti Sarah Iskandar,3053
116705041036588,Francine Widjojo,Francine Widjojo,3018
104427162506872,Fakta Anies,Fakta Anies,2898
108156498584853,Tetap Puan,Marabunta Family Cyber,2650
110865154735990,Koran Harian Tanah Air,Muhammad Miftakhunnaim,2030
895727830637189,Relawan Puan,Miftakhul Ansori,1884
342449962923657,Berita Ganjar Pranowo,Ganjar Nusantara Indonesia,1846
444318475704011,Yayasan Bangun Kecerdasan Bangsa,Yayasan Bangun Kecerdasan Bangsa,1789
108511588277325,Galeria Konveksi,Solehudin,1710
813887722072071,Yayasan Pundi Amal Bakti Ummat,Yayasan Pundi Amal Bakti Ummat,1647
103581752405141,Sobar Harahap,Ganjar Nusantara Indonesia,1550
109083348423534,Untuk Rakyat,Muhammad Miftakhunnaim,1477
39253583478,PDI Perjuangan,Muhammad Miftakhunnaim,1224
102626198026698,Rika Sudjiman,Juniar Dwi Harianto,1212
110952238516382,Kiki Daliyo,Dwi Wantoro,796
105308715676825,Filosofi Indonesia,Ganjar Nusantara Indonesia,607
100676262667808,Story Nusantara,Ganjar Nusantara Indonesia,602
105195635486519,Klise Nusantara,Ganjar Nusantara Indonesia,566
113058461386521,Mercusuar Indonesia,Ganjar Nusantara Indonesia,550
101338198587608,Indonesia Luar Biasa,Ganjar Nusantara Indonesia,544
102273039070802,Info Terkini,Muhammad Miftakhunnaim,520
104799384898162,Indonesia Berkabar,Ganjar Nusantara Indonesia,501
100147872667354,Kata Nusantara,Ganjar Nusantara Indonesia,499
107565455160464,Indonesia Opini,Ganjar Nusantara Indonesia,498
202555993805088,Caption,Ganjar Nusantara Indonesia,478
110368964786452,Kemajuan Bersama,Muhammad Miftakhunnaim,476
108676115131939,Nusantara Cerdas,Ganjar Nusantara Indonesia,469
110056788323890,Pikiran Indonesia,Ganjar Nusantara Indonesia,439
108552765129669,Asik-asik,These ads ran without a disclaimer,436
108695584343029,Baik Untuk Kita,Muhammad Miftakhunnaim,333
102497641558430,Indonesia Tolak HOAX,Muhammad Miftakhunnaim,323
110100218339060,Wahai Ibu Pertiwi,Muhammad Miftakhunnaim,318
1091942584184034,"Drs. H. Syamsuar, MSi",Syamsuar.id,313
100739975934515,Kemajuan Tanah Air,Muhammad Miftakhunnaim,306
312490859193724,mensbatik,Bayu Setayudha,287
101076948451651,Masa Depan Kita,Muhammad Miftakhunnaim,267
101403669397488,Nikmatul Sugiyarto,Ganjar Nusantara Indonesia,259
100359258525418,Pemulihan Lebih Baik,Muhammad Miftakhunnaim,251
108571334357297,Melangkah Lebih Baik,Muhammad Miftakhunnaim,233
193237974052689,Partai Keadilan Sejahtera,Partai Keadilan Sejahtera,107
112325760183581,ppmn_official,These ads ran without a disclaimer,≤100
1766105710290235,Dr. Andreas Hugo Pareira,Dr. Andreas Hugo Pareira,≤100
314205292747611,Sahabat Abraham Liyanto,Yesenia Irene Liyanto,≤100
112749448851,Coca-Cola Europacific Partners,These ads ran without a disclaimer,≤100
103449517822304,CNPC,These ads ran without a disclaimer,≤100