﻿Page ID,Page name,Disclaimer,Amount spent (USD),Number of ads in Library
108600575420958,goodnewsnationofficial,These ads ran without a disclaimer,≤100,1
102023009327901,Global Compassion Coalition,These ads ran without a disclaimer,≤100,1
144460788957278,IFT - Institute of Food Technologists,These ads ran without a disclaimer,≤100,1
111679394767549,المشروع القومي لمشتقات البلازما,These ads ran without a disclaimer,≤100,1
299227550122220,Radio Cina Internazionale,These ads ran without a disclaimer,≤100,1
31292782350,Deutschland.de,These ads ran without a disclaimer,≤100,2
112757083778788,"Economic Daily, China",These ads ran without a disclaimer,≤100,2
103497027790225,Fonos,These ads ran without a disclaimer,≤100,1
908878692509737,العين الإخبارية,These ads ran without a disclaimer,≤100,1