﻿Page ID,Page name,Disclaimer,Amount spent (USD)
293384094915450,جريدة الحراك الإخباري,جريدة الحراك الإخباري,≤100
102858675331583,النائب - بوزيان مزاري,النائب - بوزيان مزاري,≤100
89529786318,Elizabeth Glaser Pediatric AIDS Foundation,These ads ran without a disclaimer,≤100
158714780827513,UNFPA,These ads ran without a disclaimer,≤100
995765983772115,Dzair Tube,Dzair Tube,≤100
193342920825918,China News 中国新闻网,These ads ran without a disclaimer,≤100
897091320427120,LSE International Inequalities Institute,These ads ran without a disclaimer,≤100
122466425961,Toward Freedom,These ads ran without a disclaimer,≤100
419971021493700,Whisper2-9.13,These ads ran without a disclaimer,≤100
127757937250301,German Information Centre Arab World - المركز الألماني للإعلام,These ads ran without a disclaimer,≤100
105737374415391,Sport En Commun,These ads ran without a disclaimer,≤100
754311031276333,Euro-Med Women Network,These ads ran without a disclaimer,≤100
100206326198319,Presse Express,Presse express,≤100