﻿Page ID,Page name,Disclaimer,Amount spent (PYG)
242259253120490,Igualdad de Genero SÍ,Igualdad de Genero SÍ,72674
176941749043831,YAMIL ESGAIB,YAMIL ESGAIB,7366
368247363370300,LATITUD 25,Latitud 25,7267
347341592056826,Sergio Estigarribia.,Sergio Estigarribia.,7267
278226125974096,El Paraguayo Independiente,Paraguayo Independiente,5109
272098156231873,Diario HOY Paraguay,Diario HOY Paraguay,4288
116747321316881,Javier Ferreira,Javier Ferreira,2954
111912341409356,Centinela del Norte,Centinela del Norte,1424
104226655226040,Revota,Revota,1392
101209788723937,Dr. Omar Gonzalez,Dr. Omar Gonzalez,1106
286989224667281,Marito Abdo,These ads ran without a disclaimer,677
107706177740738,Periodismo 29,Periodismo 29,596
1365651890238610,Soberanía Paraguay,Prensa_Py,292
599371683431175,Cooperativa Cumbre de la Cordillera,Cooperativa Cumbre de la Cordillera,≤100
100548348891894,PlusAtlas News,These ads ran without a disclaimer,≤100
105409475569811,AO Recon Latin America,These ads ran without a disclaimer,≤100
116603861327799,alex_sa.c,These ads ran without a disclaimer,≤100