﻿Page ID,Page name,Disclaimer,Amount spent (USD)
832286717112482,O'zbekiston Respublikasi Markaziy saylov komissiyasi,O'zbekiston Respublikasi Markaziy saylov komissiyasi,≤100
107695245275144,Отабек Меренжанов,These ads ran without a disclaimer,≤100
832286717112482,O'zbekiston Respublikasi Markaziy saylov komissiyasi,These ads ran without a disclaimer,≤100
100374392742057,Weregreenly- Magazine,These ads ran without a disclaimer,≤100
28312410177,World Food Programme,These ads ran without a disclaimer,≤100