﻿Page ID,Page name,Disclaimer,Amount spent (TRY)
1998130653848755,Ramazan Kaşlı  MHP Aksaray Milletvekili,Ramazan Kaşlı  MHP Aksaray Milletvekili,2271
319726958236378,Turan Yaldır,Turan Yaldır,1170
364129684334540,Yılmaz İLHAN,Yılmaz İLHAN,958
625595944453722,Ali Abbas Ertürk,Ali Abbas Erturk,927
2038469613118937,Mustafa Zavlak,Mustafa Zavlak,827
1930475813747433,Anket Araştırma Merkezi,Rukiye Şeyma Aydın,446
141870402543282,AK Parti,Ak Parti,318
158829607558395,Milliyetçi Hareket Partisi (MHP),Milliyetçi Hareket Partisi (MHP),195
106156139007999,Ünal Bacık,Ünal Bacık,106
110100730866049,Şehit Eren Öztürk Cami ve Kuran Kursu Derneği,These ads ran without a disclaimer,≤100
107621395263001,Bilge Yılmaz,Bilge Yılmaz,≤100
76599755300,Kemal Kılıçdaroğlu,Kemal Kılıçdaroğlu,≤100
114242991638875,Nedenoyvereyim,Neden Oy Vereyim,≤100
497191817041688,Erdoğan Gönüllüleri,Woo Medya ve Organizasyon Ltd Şti,≤100
442270952898050,Ahmet Sel,Ahmet Sel,≤100
102095934751904,Deva Partisi,Deva Partisi,≤100
111579745240906,Turan Yıldırım,Turan Yıldırım,≤100
191453580768,Yeni Şafak,Piri Medya Anonim Sirketi,≤100
180404128680446,Dr. Şadi YAZICI,Dr. Şadi YAZICI,≤100
102841632670929,Türkiye Gönüllüleri,Türkiye Gönüllüleri,≤100
612582702103642,Av. İsmail Atakan Ünver,Av. İsmail Atakan Ünver,≤100
877839188967827,Büyük Türkiye,Adem Demirkol,≤100
176338225842984,Yeşil Sol Parti,Yeşil Sol Parti,≤100
101495115896210,Abdullah Özdemir,Abdullah Özdemir,≤100
116356958083849,Prof. Dr. Abdurrahman BAKIR,Mehmet Gazi Arslan,≤100
144295649058307,Ekrem İmamoğlu,Ekrem İmamoğlu,≤100
319026564921676,Vatan Partisi,Vatan Partisi,≤100
109018715503344,,Turgut Özkan,≤100
1414815935509791,MHP Kayseri Milletvekili Baki Ersoy,Latif Ersoy,≤100
104555602151780,Ebrar Nura Umutol,Emrah Bilaloglu,≤100
2002476263319014,BİZİM Kırşehir Gazetesi,BİZİM Kırşehir Gazetesi,≤100
109797878715416,Av. Mustafa ABAK,Ali Çakmakcı,≤100
950162258347563,Denizli Medya,Denizli Medya,≤100
110981947086145,Cumali İnce,Cumali İnce,≤100
115689658163861,Hakan Öztürk,Özge Akman,≤100
102135501584696,Türkiye İşçi Partisi - Mersin,Türkiye İşçi Partisi - Mersin,≤100
111162852275902,Uluslararası Af Örgütü Türkiye Şubesi,Uluslararası Af Örgütü Türkiye Şubesi,≤100
246451168813753,Yeniden Refah Partisi Çekmeköy İlçe Başkanlığı,Süfyan Ayyildiz,≤100
1028368393892777,Mehmet Ali Özkan,Mehmet Ali ÖZKAN,≤100
103364071239790,Kırşehir Kısa Haber,Kırşehir Kısa Haber,≤100
100625766126116,Cominify,Cominify,≤100
1573208652936912,Mustafa Erdem,Mustafa Erdem,≤100
100566981431204,Mersin Haber Özel,Mersin Haber Özel,≤100
150157215021128,Akahan,Akahan,≤100
422728948538319,Recep Bakırcı,Hasan Fehmi Demir,≤100
105915341216004,Mesut Nur,Mesut Nur,≤100
101136958182226,Kırşehir Haber Vakti,Kırşehir Haber Vakti,≤100
1598524763796358,CHP Bayraklı İlçe Örgütü,CHP Bayraklı İlçe Örgütü,≤100
106561381741274,Promosyon Kahve,GANİTTO GIDA SANAYİ VE TİCARET ANONİM ŞİRKETİ,≤100
1986133791650620,Lütfi Kaşıkçı,Gülşah Erbey Dağ,≤100
243074609592713,Rasim Ari,Rasim Ari,≤100
101315571670453,Webagron Tarımsal İçerik Platformu,Webagron Tarımsal İçerik Platformu,≤100
100568266218274,Gençliğin Yüzleri,Gençliğin Yüzleri,≤100
101316846258251,İbrahim Şenel,Ibrahim Şenel,≤100
378633122196492,Lutfullah Kayalar,Serhan Kayalar,≤100
252568965442843,Talat Dinçer,Talat Dinçer,≤100
144096473392,Yeşil Gazete,Yeşil Gazete,≤100
532775093532626,Yücel Bulut,Yucel Bulut,≤100
103728271055286,Selçuk Kılıçaslan,Selcuk Kilicaslan,≤100
362110253924146,Hasan Tahsin Usta,Gaziosmanpaşa Belediyesi,≤100
557866130988813,Çiftçi TV,Çiftçi TV,≤100
107924807410702,Samet Bağcı,Samet Bağcı,≤100
1439683329600228,Ümit Uysal,Ümit Uysal,≤100
1493940890859471,Birileri Var,Birileri Var,≤100
103285814499773,Hikmet Yalım Halıcı,Hikmet Yalım Halıcı,≤100
1093516560666635,Asrın Adamları,Huseyin Rahat,≤100
815048841929079,M. Ergün Turan,M. Ergün Turan,≤100
105377837597506,Gonya TV,Osman Avci,≤100
100747092360982,ferhatiscimen,Ferhat Işçimen,≤100
114332131632502,buyukataman16,These ads ran without a disclaimer,≤100
104790481715851,ازجمله,Azjomle,≤100
109514177857013,Yeniden Refah Partisi Simav,Yeniden Refah Partisi Simav İlçe Başkanlığı,≤100
107233182319799,Hatice Yıldız,Ramazan Savaş,≤100
100345912204104,Nuri Cengiz,Cumhuriyet Halk Partisi,≤100
1437665699815071,Doğruluk Payı,Dogruluk Payı,≤100
107504668924245,İYİ PARTİ Milas İlçe Başkanlığı,Gürsel İnce,≤100
163370640412446,Bursa,Sosyal TV,≤100
890935934274178,Serdar Sandal,Burak Özer,≤100
106195378286534,TESAM Online Akademi,These ads ran without a disclaimer,≤100
101452232253259,Kubilay Çiçek,Kubilay Çiçek,≤100
107850404005558,Kent 77,Umut Kucukbayraktar,≤100
103512145794595,İnsanlık İçin,İnsanlık İçin,≤100
126424754165391,Yunus Kaan Kısaca,Yunus Kaan  Kisaca,≤100
465887546792664,Halkın Kurtuluş Partisi - HKP,TAYFUR BİN,≤100
109407151806354,İsmail İnlidere,Ismail Inlidere,≤100
619126554886307,Ali Hikmet Akıllı,Ali Hikmet Akilli,≤100
108390012832175,Fatih Akkentli,Fatih Akkentli,≤100
742924015834670,Başak Gazetesi,Başak Gazetesi,≤100
2312287989041656,MHP Rize İl Başkanlığı,Hasan Fehmi Demir,≤100
1156591567874276,Halil Arda,Halil Arda,≤100
108552928182311,Al Sancak Partisi,Nuri Çelebi,≤100
306491676172909,Gerçek Gazetesi,Gerçek Gazetesi,≤100
103315052537581,Rapor Bülteni,Rapor Bülteni,≤100
108855465479915,Halk Haber Ajansı Yerel Gündem,Resul Mesut Büyüksarı,≤100
116360214748683,Gökhan İDİZ,Gökhan İdiz,≤100
442942082484899,Ege Gündem Gazetesi,Ege Gündem Gazetesi,≤100
459314071262613,Zeynettin Aydın,Zeynettin Aydın,≤100
104077115765568,Newsturkiye,These ads ran without a disclaimer,≤100
821150371248664,Özgürlük Araştırmaları,Özgürlük Araştırmaları,≤100
1837681716475411,Vatan Delisi,Vatan Delisi,≤100
2040128776040928,Yelda Erol Gökcan,TBMM,≤100
108376020766134,Metin Bolat,Metin Bolat,≤100
101353555909780,HaberWepte.Com,HaberWepte.Com,≤100
1001476859872937,Atilla ZORLU,Atila Zorlu,≤100
1572709256359993,İnternethaber TV,HADİ ÖZIŞIK,≤100
232290986907516,Change.org,These ads ran without a disclaimer,≤100
107276120819529,Halk Haber TV,SİRİUS REKLAM ORGANİZASYON SANAYİ VE TİCARET LİMİTED ŞİRKETİ,≤100
115647918164842,İbrahim Arslan,İbrahim Arslan,≤100
549579538907553,Erhan ÖZHAN I Bünyan I Kayseri,Erhan Ozhan,≤100
922594934433874,Kulis Özel,Burak Rahat,≤100
103516652725356,Mehmet Firat Doğan,These ads ran without a disclaimer,≤100
101762502501680,Komşu Kızı,Komşu Kızı,≤100
121529270866615,Haber S,İlyas Ege,≤100
103400816031847,Halkhaberajansı,Sirius Reklam Organizasyon Sanayi ve Ticaret Ltd. Şti,≤100
101377402352688,aylinbayraktartr,These ads ran without a disclaimer,≤100
1394601864141315,Kadıköy Kent Dayanışması,These ads ran without a disclaimer,≤100
105964842465200,Veteriner Hekim Ziya Yılmaz,Ziya Yılmaz,≤100
212556146253726,Allah Yolunda,Allah Yolunda,≤100
113944458195273,Rahmi Mete AY,Rahmi Mete Ay,≤100
114079334979839,Sibel Suiçmez,Sibel Suiçmez,≤100
413113452433564,Cengiz Gökçel,Cengiz Gökçel,≤100
104267921764717,Deva Partisi Trabzon İl Başkanlığı,Kubilay Çiçek,≤100
103984509238399,Halk Haber,Halk Haber,≤100
283345415854103,Necip Topuz,Karataş Belediyesi,≤100
103004904766639,Melih Kırkpınar,These ads ran without a disclaimer,≤100
107393581995540,Milletin Sesi,Milletin Sesi,≤100
620296077998047,Remzi Hoca,These ads ran without a disclaimer,≤100
273568980163535,MHP Mersin Milletvekili A. Serdar Soydan,Tasarım Medya Reklam,≤100
103285814499773,Hikmet Yalım Halıcı,Kadir Dede,≤100
100930021431743,Gazete Kolektif,Ercan Erdal,≤100
1597613193844586,Cumhurbaşkanı Kılıçdaroğlu,Cumhurbaşkanı Kılıçdaroğlu,≤100
106789305232883,وكالة الشرق الأوسط الإخبارية,وكالة الشرق الأوسط الإخبارية,≤100
100390712964512,Deli Kadın,Deli Kadın,≤100
113529951240803,Başbuğ Atatürk,Başbuğ Atatürk,≤100
1320256987987839,Kadın Birliği,Kadın Birliği,≤100
264716173609808,Ramis Topal,Ramis Topal,≤100
108909775344274,Master sat,These ads ran without a disclaimer,≤100
463215923715177,Mehmet Yiğiner,Bekir Koyuncu,≤100
219031704851494,SAS (Satın Almayın Sahiplenin),Fırat Yıldız Ahmet,≤100
106197277802679,H24,H24,≤100
127896160644676,KORAY AYDIN,KORAY AYDIN,≤100
298764070816267,Mehmet Tütüncü,Mehmet TÜTÜNCÜ Türkiye Temsilcisi,≤100
979738848890749,Faruk Kılıç,Faruk Kilic,≤100
114678663595015,Raporlar,These ads ran without a disclaimer,≤100
112522241798358,Muhammed Fatih Dağlıoğlugil,Muhammed Fatih Dağlıoğlugil,≤100
107540738465938,rpkcekmece,These ads ran without a disclaimer,≤100
839363442860590,Dr. Mustafa Canbey,Mustafa Canbey,≤100