﻿Page ID,Page name,Disclaimer,Amount spent (USD)
85452072376,NEWSMAX,"NEWSMAX MEDIA, INC.",1035
1502469976641298,Hudcofb,"Hudson County, NJ",949
127225910653607,PragerU,PragerU,743
112688501227731,My Schools Newark,New Jersey Children's Foundation,685
121268821249550,World Central Kitchen,World Central Kitchen,683
29727753421,New Jersey Education Association,NEW JERSEY EDUCATION ASSOCIATION,619
6514736316,Walden University,Walden University,533
186291828074120,Drexel University,Drexel University,529
113496178208014,Protecting Our Democracy,Protecting Our Democracy,507
309798029121030,Everytown for Gun Safety,Everytown for Gun Safety Action Fund Inc,431
309308412520731,Sandy Hook Promise,Sandy Hook Promise,410
18982436812,ACLU,American Civil Liberties Union,364
106244251043808,America's Plastic Makers,"AMERICAN CHEMISTRY COUNCIL, INC.",323
6500552187,Hulu,"HULU, LLC",298
105011228482985,Zwicker and Freiman for the 16th Legislative District,16 District Democrats,281
102757624532911,NYC Mayor's Public Engagement Unit,City of New York,278
7030901126,Campaign for Tobacco-Free Kids,TOBACCO-FREE KIDS ACTION FUND,266
103175021296846,Save Our Planet,Sahak Nalbandyan,245
262444352805,NJ Clean Energy,New Jersey Board of Public Utilities,238
40217893542,AIPAC,AIPAC,223
7030901126,Campaign for Tobacco-Free Kids,Campaign for Tobacco-Free Kids,213
15771560300,Earthjustice,EARTHJUSTICE,196
100104419147228,Do Good Chicken,DO GOOD FOODS LLC,193
248539568517772,New Jersey League of Conservation Voters,NJ LEAGUE OF CONSERVATION,175
6041057841,The Humane Society of the United States,"HUMANE SOCIETY OF THE UNITED STATES, THE",144
92925746942,Judicial Watch,Judicial Watch,139
385473284886474,Hillsdale College,Hillsdale College,137
106568024842114,Rideshare Assault Support,Citizen Ad Network LLC,135
102281724942742,Affordable Energy for New Jersey,Affordable Energy for New Jersey,135
1316372698453411,Alexandria Ocasio-Cortez,Alexandria Ocasio-Cortez for Congress,129
106965415629355,America Strong and Free PAC,America Strong and Free PAC,125
7341997111,Conservation International,Conservation International,120
304600892905134,Hillsdale College Online Courses,HILLSDALE COLLEGE,119
57259033959,AARP,AARP,112
172758932738142,PhRMA,PHARMACEUTICAL RESEARCH AND MANUFACTURERS OF AMERICA,107
260244824449371,Consumers for Quality Care,Consumers 4 Quality Care,105
110126461838942,Jersey City Make It Better,Jersey City Make it Better,≤100
38235851310,USA for UNHCR,UNITED STATES ASSOCIATION FOR UNHCR,≤100
25852730092,Care2,"Care2.com, Inc",≤100
209516845093,NRDC Action Fund,NRDC Action Fund,≤100
163965296965203,32BJ SEIU,LOCAL 32 BJ SEIU,≤100
2353537341582545,Proud Patriots,Proud Patriots,≤100
30139072158,CARE,CARE,≤100
107483817554072,WorkMoney,WorkMoney,≤100
385195211818552,Rep Josh Gottheimer,Rep. Josh Gottheimer,≤100
11791104453,NRDC,Natural Resources Defense Council,≤100
106437025609079,Unify Ukraine,MikeWorldWide on behalf of the Polish government through Bank Gospodarstwa Krajowego,≤100
110589583842808,Union Built Matters NYC,Union Built Matters,≤100
592707041080920,Stand Together,Stand Together Chamber of Commerce Inc.,≤100
104394262049761,Jeremy's Razors,The Daily Wire,≤100
21492729544,Catholic Relief Services,CATHOLIC RELIEF SERVICES - UNITED STATES CONFERENCE OF CATHOLIC BISHOPS,≤100
82609311925,GreenLatinos,GREENLATINOS,≤100
18709174006,National Audubon Society,"NATIONAL AUDUBON SOCIETY, INC.",≤100
7192716362,Amnesty International USA,"AMNESTY INTERNATIONAL OF THE U. S. A., INC.",≤100
109092142462587,Adam Schiff,SCHIFF FOR SENATE,≤100
518194348194441,RepresentUs,RepresentUs,≤100
49651563727,Live Action,Live Action,≤100
1832744013698336,Mahogany Mommies,Mahogany Mommies,≤100
114008535880,Foundation for Individual Rights and Expression,FOUNDATION FOR INDIVIDUAL RIGHTS IN EDUCATION,≤100
61492859575,Americares,"Americares Foundation, Inc.",≤100
103375628943529,Adam Frisch,Adam for Colorado,≤100
166618413413767,Jay Sekulow,American Center for Law and Justice,≤100
542678889114683,The Coca-Cola Company,The Coca-Cola Company,≤100
104253615152700,America First Legal,America First Legal Foundation,≤100
148268611787,AARP New Jersey,AARP,≤100
153278754738777,Climate Reality,The Climate Reality Project,≤100
103912059097010,One Real American,One Real American,≤100
108925252480631,Echoes & Reflections,ANTI-DEFAMATION LEAGUE,≤100
1461100540775171,The Tuttle Twins,LIBERTAS INSTITUTE,≤100
376776419037747,Turning Point USA,"Turning Point USA, Inc.",≤100
314499212242,Pfizer,Pfizer Inc.,≤100
95483488591,Democratic Party of Wisconsin,DEMOCRATIC PARTY OF WISCONSIN,≤100
103531607822207,Noticias para Inmigrantes,"Wise Rock Media, PBC",≤100
1589261434655726,Advocate Alliance Group,Advocate Alliance Group LLC,≤100
140357056032320,NEA Today,National Education Association,≤100
1666922183524165,ReThink Energy NJ,ReThink Energy NJ,≤100
100992801635617,Conservative-American.org,Conservative American Strategies,≤100
925007000949719,ExxonMobil,EXXON MOBIL CORPORATION,≤100
23875187730,Feeding America,Feeding America,≤100
107143638874957,Congressional Integrity Project,Congressional Integrity Project,≤100
121626482110,Operation Smile,OPERATION SMILE,≤100
80562389320,NARAL Pro-Choice America,NARAL PRO-CHOICE AMERICA CORP,≤100
110847698099863,Solarquote.org,solarquote.org,≤100
51379424899,Mercy Ships,MERCY SHIPS INTERNATIONAL,≤100
83290028957,Care Net,CARE NET,≤100
443329669123990,USAFacts,USAFacts Institute,≤100
13885075114,Action Against Hunger USA,ACTION AGAINST HUNGER - USA,≤100
6204742571,Sierra Club,SIERRA CLUB,≤100
570092813023833,Matt Walsh,The Daily Wire,≤100
111602135111487,WNY Forward,West New York Forward,≤100
342294162453301,Planned Parenthood,Planned Parenthood Federation of America,≤100
12375354406,USO,United Service Organizations,≤100
72931140459,Center for Biological Diversity,"CENTER FOR BIOLOGICAL DIVERSITY, INC.",≤100
106568024842114,Rideshare Assault Support,Select Justice LLC,≤100
240937060405,Center for Science in the Public Interest (CSPI),Center for Science in the Public Interest,≤100
367292494407,AJC - American Jewish Committee,AMERICAN JEWISH COMMITTEE,≤100
148494598849,Milken Educator Awards,MILKEN FAMILY FOUNDATION,≤100
59543893235,National Constitution Center,National Constitution Center,≤100
358113240871900,Nuclear Energy Institute,"NUCLEAR ENERGY INSTITUTE, INC.",≤100
7357041101,Tammy Baldwin,TAMMY BALDWIN FOR SENATE,≤100
542968069983885,HappeningNow,HappeningNow America,≤100
104295601633638,American Cornerstone Institute,American Cornerstone Institute Inc,≤100
19449173240,WBLS,WBLS,≤100
161183970656851,Ruben Gallego,GALLEGO FOR ARIZONA,≤100
103807629149771,Working Forests Initiative,"WORKING FOREST INITIATIVE, INC.",≤100
149551598424903,Boys Town,These ads ran without a disclaimer,≤100
85945492130,EnergyBoom,Energy Boom,≤100
15239367801,The Wilderness Society,"WILDERNESS SOCIETY, THE",≤100
206238602739505,Taxpayers Protection Alliance,Taxpayers Protection Alliance,≤100
7735858972,Humane Society Legislative Fund,Humane Society Legislative Fund,≤100
546066468753446,Black Health Matters,BLACK HEALTH MATTERS FOUNDATION INC,≤100
425677887526239,NYSERDA,NYSERDA,≤100
109343632071185,New York Patient Protection Coalition,Patient Protection Coalition,≤100
103695769458,United States Mint,United States Mint,≤100
57774720835,RESOLVE: The National Infertility Association,RESOLVE THE NATIONAL INFERTILITY ASSOCIATION (USED IN VA BY: RESOLVE INCORPORATED),≤100
142432192446984,David Horowitz Freedom Center,David Horowitz Freedom Center,≤100
20787991568,Senate Democrats,DSCC,≤100
203197030603239,8 Billion Trees,8 Billion Trees LLC,≤100
197760674021143,Indivisible Guide,INDIVISIBLE ACTION,≤100
76812521484,Assemblyman Gary Schaer,Tyler I Callum,≤100
36872302227,Cory Booker,CORY BOOKER FOR SENATE,≤100
580610428636345,Fight for $15,Fight for $15,≤100
2188424341404612,Project Ready,Project Ready,≤100
129240690441636,The Legal Defense Fund,"N. A. A. C. P. LEGAL DEFENSE AND EDUCATIONAL FUND, INC.",≤100
19746387261,Humane Society International,Humane Society International,≤100
104451082185872,BOSS Furniture,These ads ran without a disclaimer,≤100
70874333603,CatholicVote,catholicvote.org,≤100
408526523045391,Mammoth Nation,Mammoth Nation,≤100
216311481960,Bill Gates,Bill Gates,≤100
1958912674200535,The Pour Over,Pour Over,≤100
576141372589729,Rebecca for Philadelphia,Rebecca for Philadelphia,≤100
160389977329803,ATTN:,ATTN: INC.,≤100
145917588805718,Dr Jordan B Peterson,The Daily Wire,≤100
5943727453,American Humane,American Humane,≤100
21375324480,The Heritage Foundation,HERITAGE FOUNDATION (THE),≤100
60738375708,Easterseals New Jersey,These ads ran without a disclaimer,≤100
318196171580489,Ron DeSantis,Friends of Ron DeSantis,≤100
1449461518652183,4Patriots,These ads ran without a disclaimer,≤100
8325302025,Friends of the Earth U.S.,Friends of the Earth,≤100
7263476274,Mercy Corps,Mercy Corps,≤100
18356619353,The Academy of Natural Sciences,The Academy of Natural Sciences,≤100
8047221596,Save the Children US,SAVE THE CHILDREN FEDERATION INC.,≤100
681626158940626,Mission Roll Call,Americas Warrior Partnership,≤100
108547455113940,Our America,Our America,≤100
108641741851973,Magic Valley Energy,Magic Valley Energy LLC,≤100
199628561213,Nicholas J. Sacco,Nick Sacco for Mayor,≤100
145973965440671,Carnegie Corporation of New York,CARNEGIE CORPORATION OF NEW YORK,≤100
1382441768496365,Pentair,PENTAIR,≤100
5720973755,Defenders of Wildlife,DEFENDERS OF WILDLIFE,≤100
1435071773455316,Daily Wire,The Daily Wire,≤100
102944619008819,1 Million Strong,Stand Together Chamber of Commerce Inc.,≤100
118271677096,CLIF Bar,CLIF BAR & COMPANY,≤100
205395906412,UAW International Union,"INTERNATIONAL UNION, UNITED AUTOMOBILE, AEROSPACE AND AGRICULTURAL IMPLEMENT WORKERS OF AM",≤100
745304825534862,Steve Scalise,Team Scalise,≤100
372577693078008,"Saenz-Garcia Law, PLLC","Saenz-Garcia Law, PLLC",≤100
1600352356914768,PushBlack,PushBlack,≤100
262741493751666,The Pew Charitable Trusts,"PEW CHARITABLE TRUSTS, THE",≤100
113318901345595,Baby Patriots,Proud Patriots,≤100
72092591211,FBI – Federal Bureau of Investigation,Federal Bureau of Investigation,≤100
154561574598964,White Coat Waste Project,THE WHITE COAT WASTE PROJECT INC,≤100
2245766435469741,Beersy,Beersy LLC,≤100
107764430968176,Tuttle Twins TV Show,"Tuttle Twins Show, LLC",≤100
104977525752112,Freedom of Patriots,Freedom of Patriots,≤100
15041226930,Oxfam,"OXFAM AMERICA, INC.",≤100
106563958759988,Semafor,Semafor Inc.,≤100
108268161352786,Stanley M. Herzog Foundation,Herzog Foundation,≤100
57615046615,Rainforest Trust,RAINFOREST TRUST INC,≤100
159658557547960,Wall Street Journal Opinion,The Wall Street Journal,≤100
104107788684988,Tom Klingenstein,TomKlingenstein.com,≤100
39910576365,National Alliance for Public Charter Schools,NATIONAL ALLIANCE FOR PUBLIC CHARTER SCHOOLS,≤100
1809078699219595,Fat Tire,"NEW BELGIUM BREWING COMPANY, INC.",≤100
786167111464006,Woodson Center,The Woodson Center,≤100
106715055591359,David Imamura for County Legislator,David Imamura for County Legislator,≤100
102592959026,Ocean Conservancy,"OCEAN CONSERVANCY, INC.",≤100
109320440856128,Together Beat Hate,"Foundation to Combat Anti-Semitism, Inc.",≤100
312118886873,Byron DeLear,Byron DeLear,≤100
406456986070332,Matt Gaetz,Friends of Matt Gaetz,≤100
34362997676,United States Holocaust Memorial Museum,UNITED STATES HOLOCAUST MEMORIAL MUSEUM,≤100
583258211727279,Shai Fund,SHAI FUND INC,≤100
103875099042033,DailyWire+,The Daily Wire,≤100
201446296572389,Compassion in World Farming (USA),Compassion in World Farming Inc,≤100
10498053716,Media Research Center,MEDIA RESEARCH CENTER,≤100
101704558574021,Lucas Kunce,Lucas Kunce for Missouri,≤100
907931509251615,Governor Larry Hogan,An America United,≤100
110442961603215,Yikes Today,Tomer Barazani,≤100
18813753280,Human Rights Campaign,"HUMAN RIGHTS CAMPAIGN, INC.",≤100
267180743723148,National Geographic Society,National Geographic Society,≤100
945455208962159,For Everyone Collective,For Everyone Collective,≤100
27544763621,Prison Fellowship,Prison Fellowship,≤100
983629811723932,Home Title Lock,Home Title Lock,≤100
6502038524,First Book,FIRST BOOK,≤100
53541257714,The Arc of the United States,"ARC OF THE UNITED STATES, INC., THE",≤100
216609005609,New Jersey Natural Gas,New Jersey Natural Gas,≤100
227764782729,AMERICAN - STRONG!,American Strong LLC,≤100
29717379728,International Justice Mission,International Justice Mission,≤100
203805062990264,Ben Shapiro,The Daily Wire,≤100
105821059090461,Working Families for Chicago,Working Families for Chicago,≤100
161151357262063,Fountain House,"FOUNTAIN HOUSE, INC.",≤100
141902213148762,aHUS Source,These ads ran without a disclaimer,≤100
169597416843751,Stand Up America,Stand Up America,≤100
7292655492,MoveOn,MOVEON.ORG POLITICAL ACTION,≤100
115195631833717,NAHREP The National Association of Hispanic Real Estate Professionals,NATIONAL ASSOCIATION OF HISPANIC REAL ESTATE PROFESSIONALS,≤100
397207347056799,Voices for Healthy Kids,AMERICAN HEART ASSOCIATION INC,≤100
149607228384141,America Needs Fatima,"American Society for the Defense of Tradition, Family and Property",≤100
34661411150,AIDS Healthcare Foundation,AIDS HEALTHCARE FOUNDATION,≤100
106222134809638,"Elite Noire, Inc.",ELITE NOIRE INC,≤100
431019887282794,Tomorrow's World Today,Flying Cork,≤100
478022368897483,The Ocean Cleanup,The Ocean Cleanup with Facebook Ad Credits,≤100
104000815284407,Iglesia que Sufre ACN - US,"AID TO THE CHURCH IN NEED, INC.",≤100
197760674021143,Indivisible Guide,Indivisible Project,≤100
1764185850558806,Apex Clean Energy,Apex Clean Energy,≤100
1679521432262834,Physicians Grassroots Network,American Medical Association,≤100
30914589895,The International Fellowship of Christians and Jews,"INTERNATIONAL FELLOWSHIP OF CHRISTIANS & JEWS, INC.",≤100
98828483195,Safe Horizon,Safe Horizon,≤100
331037760381749,Sierra Magazine,SIERRA CLUB,≤100
56332452163,AMA Patients Action Network,American Medical Association,≤100
1748694448564858,NJ - State Renewable Energy,These ads ran without a disclaimer,≤100
48530203934,The American Alpine Club,"AMERICAN ALPINE CLUB, THE",≤100
657708380952174,Voices of the Civil Rights Movement,Comcast,≤100
96935476345,Democratic Governors Association (DGA),"Democratic Action, democraticgovernors.org, not authorized by any candidate or candidate's committee.",≤100
23790541544,Democrats,DCCC,≤100
18657179701,Jennifer McClellan,McClellan for Congress,≤100
32582320449,CMMB,CATHOLIC MEDICAL MISSION BOARD INC,≤100
142957224352,International Medical Corps,International Medical Corps,≤100
936968016365794,The Eric Metaxas Radio Show,Salem Media,≤100
1338822066131069,Women's March,Women's March,≤100
7219151423,The Fund for American Studies (TFAS),FUND FOR AMERICAN STUDIES,≤100
35169196082,Project HOPE,"PROJECT HOPE-THE PEOPLE-TO-PEOPLE HEALTH FOUNDATION, INC.",≤100
50982313030,Food & Water Watch,Food & Water Watch,≤100
43426724597,Paper Culture,Paper Culture LLC,≤100
101391906600,Live Action News,Live Action,≤100
106813352239679,Hands Off My Payments,Payments Protection Coalition,≤100
6756153498,Mike Bloomberg,Bloomberg Philanthropies,≤100
105120815642998,Partnership to Address Global Emissions,PARTNERSHIP TO ADDRESS GLOBAL EMISSIONS INC,≤100
134452023239984,Human Coalition,Human Coalition,≤100
153446658100252,Lumina Foundation,Lumina Foundation,≤100
102232311550486,Equally Informed Philly,"Resolve Philadelphia, Inc",≤100
114710126648118,Republican Dogs,Republican Dogs,≤100
8501031021,VoteVets.org,VOTEVETS,≤100
69983322463,Ted Cruz,TED CRUZ FOR SENATE,≤100
290851614930809,Combat AntiSemitism,Combat Hate Foundation,≤100
1443127535947107,Save the Children Action Network,Save the Children Action Network,≤100
5435784683,Greenpeace USA,"GREENPEACE, INC.",≤100
103885799225717,Liberty Protector,Liberty Protector,≤100
83996318078,Change.org,"Change.org, PBC",≤100
102711341886833,Forever Scholars,Forever Scholars,≤100
302111635698,National Association of Tax Professionals (NATP),National Association of Tax Professionals,≤100
8524198486,Physicians Committee for Responsible Medicine,"PHYSICIANS COMMITTEE FOR RESPONSIBLE MEDICINE, INC.",≤100
96491683438,"The Friends of Israel Gospel Ministry, Inc.","FRIENDS OF ISRAEL GOSPEL MINISTRY, INC, THE",≤100
13867925345,Equality Florida,Equality Florida,≤100
103588388469410,Disparity Trap,Disparity Trap,≤100
100417168386329,Heal America,Stand Together Chamber of Commerce Inc.,≤100
74783093812,Just Vision,JUST VISION INC,≤100
2254455051442790,Flag and Cross,Flag & Cross,≤100
112735922758892,Charlie Kirk,"Turning Point USA, Inc.",≤100
1869687273277265,Run for Something,Run For Something PAC,≤100
317284821682168,Messianic Jewish Alliance of America (MJAA),Messianic Jewish Alliance of America,≤100
182620315479,Plan International USA,Plan International USA,≤100
507070522767934,AACR Foundation,"AMERICAN ASSOCIATION FOR CANCER RESEARCH, INC.",≤100
315528175667844,Women2Women,Women2Women Conversations Tour,≤100
131306317680000,Social Goods,"Social Goods, LLC",≤100
378084314984,Trane Technologies,Trane Technologies,≤100
343714718985673,Think Wood,Think Wood,≤100
354851377936744,BookTV,NATIONAL CABLE SATELLITE CORPORATION,≤100
125769584126996,Yael Eckstein,"INTERNATIONAL FELLOWSHIP OF CHRISTIANS & JEWS, INC.",≤100
203294399456,Public Interest Registry,Public Interest Registry,≤100
58736997707,Marco Rubio,Marco Rubio for Senate,≤100
118626774835274,Medicare Made Clear,Medicare Made Clear from United Healthcare,≤100
1593518174052711,Candace Owens,The Daily Wire,≤100
314121315788033,Stand with Parkland,Stand With Parkland,≤100
104491841664875,Adam Kinzinger,Future First Leadership PAC,≤100
250485248333218,Clean Air Task Force,CLEAN AIR TASK FORCE,≤100
271434569418,HumaneWatch,Center for Consumer Freedom,≤100
12301006942,Democratic Party,DNC SERVICES CORP./DEM. NAT'L COMMITTEE,≤100
126305280752104,Slavic Gospel Association,SLAVIC GOSPEL ASSOCIATION,≤100
100661921869056,New Yorkers for Responsible Gaming Inc.,New Yorkers for Responsible Gaming Inc.,≤100
5861903849,USA for UNFPA,FRIENDS OF UNFPA INC,≤100
408250066356,Bill O'Reilly,"Bill Me, Inc.",≤100
101224002310757,Seven Weeks Coffee,Seven Weeks Coffee,≤100
152264148166020,Moms Clean Air Force,Moms Clean Air Force,≤100
147338175306962,Dr. Shefali,These ads ran without a disclaimer,≤100
471928596287830,Brian Mast,Mast for Congress,≤100
305115773870,Adobe,These ads ran without a disclaimer,≤100
54299458916,Downtown Alliance,Alliance for Downtown New York,≤100
103648802451237,Fair Courts America,Fair Courts America,≤100
1050320055029012,Outrider Foundation,OUTRIDER FOUNDATION INC,≤100
224684514243482,Tom Cotton,"COTTON FOR SENATE, INC.",≤100
102748688472759,Parents Defending Education,Parents Defending Education,≤100
322870825821,Macmillan Audio,Macmillan Holdings,≤100
428821014132730,Katie Porter,KATIE PORTER FOR SENATE,≤100
219612384781411,Bloomberg Philanthropies,Bloomberg Philanthropies,≤100
19437978960,Chris Murphy,FRIENDS OF CHRIS MURPHY,≤100
7962229886,Environmental Working Group,ENVIRONMENTAL WORKING GROUP,≤100
111380958315889,Secure Financial Future,INVESTMENT COMPANY INSTITUTE,≤100
74470852653,Mike Pompeo,Champion American Values PAC,≤100
6240652407,Young America's Foundation,Young America's Foundation Inc,≤100
15503839732,Peter G. Peterson Foundation,Peter G. Peterson Foundation,≤100
2152371365037033,Aliados Adelante,AARP,≤100
205795426669644,Facts and Logic about the Middle East,Facts and Logic About the Middle East,≤100
1503295233268493,Lebowski Lovers,The Dude's Threads,≤100
102757624532911,NYC Mayor's Public Engagement Unit,NYC Mayor’s Public Engagement Unit,≤100
107014711872980,TUSK,"Virtual World Computing, LLC",≤100
50822254585,Mountain States Legal Foundation,Mountain States Legal Foundation,≤100
125937197447634,ACTA - American Council of Trustees and Alumni,AMERICAN COUNCIL OF TRUSTEES AND ALUMNI,≤100
21218780346,Foreign Policy,FOREIGN POLICY,≤100
101090559295696,TPUSA Faith,TURNING POINT USA NFP,≤100
100328619530085,Bishop Gold Group,Bishop Gold Group LLC,≤100
101400032438085,The A-Mark Foundation,A MARK FOUNDATION,≤100
355783211719644,Veteran Caregivers of America,"Veteran Caregivers, LLC",≤100
109352563640,Water.org,WATER.ORG INC.,≤100
348266570146,Makom,"Jewish Foundation for Group Homes, DBA Makom",≤100
110480728196620,Small Business Digital Alliance,Small Business Digital Alliance,≤100
228132537208218,Tammy Duckworth,TAMMY FOR ILLINOIS,≤100
226999127329906,New York Immigration Lawyer,Law Office of Alena Shautsova,≤100
77278490877,National Corn Growers Association,National Corn Growers Association,≤100
169687486427698,Jentezen Franklin,FREE CHAPEL WORSHIP CENTER,≤100
83865976093,Truthout,TRUTHOUT,≤100
125179374733697,Big News Buzz,Resource Media,≤100
866779926670025,Citizens for Tobacco Rights,Citizens for Tobacco Rights,≤100
428330877769054,Ask Anything,Ask Anything,≤100
297987334762,Jamie Raskin,Jamie Raskin for Congress,≤100
100388126216021,The Red Onlooker,Gregory Lawrence Burright,≤100
1476342155924546,Big Rig Threads,Big Rig T-Shirts and Decals LLC,≤100
60261764250,Childhelp,"CHILDHELP, INC.",≤100
108247581851552,Democracy Defense Fund,DEMOCRACY DEFENSE FUND,≤100
38882699096,Polaris,POLARIS PROJECT,≤100
2602473023098666,Democratic Polling Center,Democratic Governors Association,≤100
201956993160690,MRCTV,MEDIA RESEARCH CENTER,≤100
102413723172970,Nick Adams,Nick Adams,≤100
1546952572205770,UAE USA United,The Embassy of the United Arab Emirates,≤100
784709138238459,The Blue Magazine,"DDV Media, LLC",≤100
407902639235640,JNS.org,Jewish News Syndicate,≤100
505653766599222,America First with Dr. Sebastian Gorka,Salem Media,≤100
255486647814076,Penguin Kids,Penguin Random House,≤100
700941689954518,Defend Our Future,Defend Our Future,≤100
116128215081925,ADL Education,ANTI-DEFAMATION LEAGUE,≤100
375742685850856,Firearms Policy Coalition,"FIREARMS POLICY COALITION, INC.",≤100
179513292162226,American History TV,NATIONAL CABLE SATELLITE CORPORATION,≤100
102960695956522,Amazing Patriots,Amazing Patriots,≤100
162244692732,Brennan Center for Justice at NYU Law,"WILLIAM J. BRENNAN CENTER FOR JUSTICE, INC.",≤100
105753898811449,Align Us,Align Us,≤100
109819009036381,The New York Sun,NEW YORK SUN COMPANY LLC,≤100
182723117043,Chicago Council on Global Affairs,CHICAGO COUNCIL ON GLOBAL AFFAI,≤100
181924628560212,Ekō,Ekō,≤100
95135221781,Federal News Network,Hubbard Radio DC,≤100
745910525468062,National Center on Sexual Exploitation,National Center on Sexual Exploitation,≤100
311155110668,Common Sense Society,Common Sense Society,≤100
170169493012341,The Fund for Global Human Rights,FUND FOR GLOBAL HUMAN RIGHTS,≤100
282728185140429,Rep For Vets,The Rep For Vets,≤100
167586229923327,World Food Program USA,World Food Program USA,≤100
292351509697,Jerusalem Prayer Team,Jerusalem Prayer Team,≤100
6266829799,Sherrod Brown,FRIENDS OF SHERROD BROWN,≤100
290548664672,First Liberty,First Liberty Institute,≤100
63489887485,4-H,NATIONAL 4-H COUNCIL,≤100
102579389208198,Country First Academy,Keep Country First Policy Action,≤100
18079407397,CPAC,AMERICAN CONSERVATIVE UNION,≤100
17382403969,"The Lesbian, Gay, Bisexual & Transgender Community Center","LESBIAN & GAY COMMUNITY SERVICES CENTER, INC.",≤100
127637620616803,Comcast Newsmakers,Comcast,≤100
1664493223829904,Road to Repair,Local 825 Labor Management Fund,≤100
405209453580678,Proud Trump Supporters,Proud Right Winger,≤100
93565224474,Mercy For Animals,MERCY FOR ANIMALS,≤100
188627788423714,The Scoop Politics,The Scoop Media Inc.,≤100
105561217523274,The Dispatch,"Dispatch Media, Inc.",≤100
51405613519,Focus on the Family,Focus on the Family,≤100
9423488774,American Clean Power Association,These ads ran without a disclaimer,≤100
200650357207240,I Love My Freedom,I Love My Freedom,≤100
971668776283950,PolicyEd,Hoover Institution,≤100
289152731181136,Friedrich-Ebert-Stiftung New York Office,Friedrich-Ebert-Stiftung New York Office,≤100
109118211910879,Mr. 45,Green Straw LLC,≤100
108620667163768,For Our Future,Resource Media,≤100
134307742932,The New York Landmarks Conservancy,NEW YORK LANDMARKS CONSERVANCY INC,≤100
317715676043,Conservation Voters of Pennsylvania,Conservation Voters of Pennsylvania,≤100
101716172441500,Brennan Center en Español,"WILLIAM J. BRENNAN CENTER FOR JUSTICE, INC.",≤100
113339508777388,PCOS Challenge: The National Polycystic Ovary Syndrome Association,"PCOS Challenge, Inc.",≤100
176099663659,Armed Services YMCA,ARMED SERVICES YMCA OF THE USA,≤100
1581066988819381,Alums for Campus Fairness,Alums for Campus Fairness,≤100
5644748986,National Wildlife Federation,NATIONAL WILDLIFE FEDERATION,≤100
46347342434,EMILY's List,EMILY'S LIST,≤100
149745555082419,Pioneer Institute for Public Policy Research,"Pioneer Institute, Inc.",≤100
312533068780133,New Jersey Firefighters PFANJ,"Professional Firefighters Association of New Jersey - ""PFANJ""",≤100
132066233534659,Healthcare Education Project,Healthcare Education Project,≤100
28446275521,Military Officers Association of America (MOAA),Military Officers Association of America,≤100
19342050934,Leadership Institute,LEADERSHIP INSTITUTE INC,≤100
89336510798,American Friends of the Hebrew University,American Friends of Hebrew University,≤100
110003135240961,Pride of America,Pride of American,≤100
102204903345,The Vilcek Foundation,"VILCEK FOUNDATION, INC., THE",≤100
30708742052,FCTRY,FCTRY,≤100
90209763480,The Federalist Society,The Federalist Society,≤100
160630887998827,Let Them Live,Oliver Harrison  Berning,≤100
244796209316301,Bernards Township Democratic Committee,Bernards Township Democratic Committee,≤100
106058025408954,Do No Harm Medicine,Do No Harm,≤100
111247808542707,Yusef Salaam For The People,Yusef Salaam For The People,≤100
45393753416,Alliance Defending Freedom,Alliance Defending Freedom,≤100
100298938781,Robert Wood Johnson Foundation,THE ROBERT WOOD JOHNSON FOUNDATION,≤100
1201574069988840,NoFilter with Ana Kasparian,"The Young Turks, Inc.",≤100
114665075250432,The Zalkin Law Firm,"The Zalkin Law Firm, P.C.",≤100
108266445888054,Patriot Academy,TORCH OF FREEDOM FOUNDATION,≤100
345378512258813,Elise Stefanik,ELISE FOR CONGRESS,≤100
100162215660565,Replace Sinema,Change for Arizona 2024 PAC,≤100
107454490912636,Jewish Future Pledge,Jewish Future Pledge Inc,≤100
312657362217994,Women's Heart Alliance,Women's Heart Alliance,≤100
169042736456594,All Out,All Out Action Fund.,≤100
310925405807,Citizens Climate Lobby,Citizens' Climate Lobby,≤100
5970146660,Community Change,Center for Community Change Action,≤100
105173311888160,Star and Bar,Star and Bar,≤100
124506846628,Agape International Missions,AGAPE INTERNATIONAL MISSIONS,≤100
106333152164020,United24 Media,United24,≤100
8002590959,Rainforest Action Network - RAN,RAINFOREST ACTION NETWORK,≤100
132766376763861,I Make America,Association of Equipment Manufacturers,≤100
7515233409,"Mikey Weinstein, MRFF",MILITARY RELIGIOUS FREEDOM FOUNDATION,≤100
195530355493,Chicks On The Right,The Association of Mature American Citizens Inc,≤100
143089732792,Marsha Blackburn,Marsha for Senate,≤100
103565195134756,America First Policy Institute,America First Policy Institute,≤100
8936818385,Accuracy in Media,Flo Communications,≤100
52563647525,Kyrsten Sinema,SINEMA FOR ARIZONA,≤100
238473269650980,Capital & Main,CAPITAL & MAIN,≤100
104377641671195,Salem Podcast Network,Salem Media,≤100
105040038708712,Assemblywoman Michele Matsikoudis,Michele Matsikoudis for Assembly,≤100
7860876103,Joe Biden,DNC SERVICES CORP./DEM. NAT'L COMMITTEE,≤100
1759614564297707,MIT Climate,MIT Environmental Solutions Initiative,≤100
40217893542,AIPAC,American Israel Public Affairs Committee,≤100
303374266418976,AFPM,American Fuel & Petrochemical Manufacturers,≤100
102486559194712,Private Equity Stakeholder Project,Climate Nexus - Rockefeller Philanthropy Advisors Sponsored Project,≤100
524399207959953,Truth & Liberty Coalition,Truth & Liberty Coalition,≤100
93228695778,Tea Party Patriots,Tea Party Patriots,≤100
817567028361575,The Halcyon Movement,The halcyon movement,≤100
497348647140658,Point Source Youth,Point Source Youth,≤100
105628272435390,Asian American Voices United - AAVU,Asian American Voices United,≤100
400851746967779,Nicole Malliotakis,NICOLE FOR NEW YORK,≤100
7145381235,American Jewish World Service - AJWS,"AMERICAN JEWISH WORLD SERVICE, INC.",≤100
21242962092,ClientEarth,CLIENTEARTH USA INC,≤100
271453369908901,FLAG  - Foundation for Liberty and American Greatness,Tomer Barazani,≤100
337038226473839,Trish Regan,"SALEM MEDIA GROUP, INC.",≤100
101626535691142,Tina Blum Cohen for U.S. House of Representatives Texas District 7,TINA BLUM COHEN FOR US HOUSE OF REPRESENTATIVES TEXAS DISTRICT 7,≤100
106244251043808,America's Plastic Makers,These ads ran without a disclaimer,≤100
64974200999,America-Israel Friendship League,AMERICA-ISRAEL FRIENDSHIP LEAGUE,≤100
139034619493222,CUNY Citizenship Now,CUNY Citizenship Now!,≤100
8895898655,Rainforest Alliance,"RAINFOREST ALLIANCE, INC.",≤100
417522508294454,Job Creators Network,Job Creators Network,≤100
104614641200137,MeidasTouch,MEIDASTOUCH,≤100
158505287559920,Save the Storks,Save the Storks,≤100
156496968533805,Explore Beyond,NCTA - The Internet & Television Association,≤100
113891694102,Energy Citizens,AMERICAN PETROLEUM INSTITUTE,≤100
107861898416196,Councilman Robert Rios,Robert Rios,≤100
700806360047982,CFG Action,Club for Growth Action,≤100
162678203751209,Gilead Sciences,GILEAD SCIENCES INC,≤100
186977768011413,Ironworkers Rising,"International Association of Bridge, Structural, Ornamental, and Reinforcing Iron Workers",≤100
198068387283369,Hope Inspire Love,Hope Inspire Love Inc.,≤100
6333396177,NewsBusters.org,MEDIA RESEARCH CENTER,≤100
6787988478,Physicians for Human Rights,"PHYSICIANS FOR HUMAN RIGHTS, INC.",≤100
104172389094689,T. Hermana Cielo Amparo,Astrología Cielo Amparo,≤100
169668596476550,AFSCME en Español,AMERICAN FEDERATION OF STATE COUNTY & MUNICIPAL EMPLOYEES,≤100
203583423017526,National Immigration Law Center,National Immigration Law Center,≤100
102176712079037,Daily Floridian,Daily Floridian,≤100
999556810102061,Signature Seas,Signature Seas,≤100
464998390249008,The Independence Fund,"INDEPENDENCE FUND, INC, THE",≤100
110468488981853,UNRWA USA,UNRWA USA,≤100
234142976633158,Wake Up World & Smell the Coffee,Edith Dume Lerner,≤100
13229849337,National Law Enforcement Officers Memorial Fund,NATIONAL LAW ENFORCEMENT OFFICERS MEMORIAL FUND,≤100
649662278486235,Stand For Trees,Stand For Trees,≤100
42872222699,Dana Loesch,The Association of Mature American Citizens Inc,≤100
291710921403893,Summit Marches On,Summit Marches On,≤100
92998331295,Make the Road New York,Make the Road New York,≤100
37442103053,ACLU of New Jersey,AMERICAN CIVIL LIBERTIES UNION OF NJ,≤100
48994809349,Ms. Foundation for Women,MS FOUNDATION FOR WOMEN INC,≤100
10234472029,Council on Foreign Relations,Council on Foreign Relations,≤100
105334892381660,AmericanTowns Politics,AMERICAN TOWNS,≤100
114226275387369,republicEn,republicEn,≤100
175647186421524,Team ENOUGH,Team ENOUGH,≤100
103047259150209,What I Want to Know with Kevin P. Chavous,"Stride, Inc.",≤100
114301413446447,The Climate Initiative,Kennebunkport Climate Initiative,≤100
100540971962779,Localyst,"Accelerate Change, Inc.",≤100
18983389920,Open Society Foundations,Open Society Foundations,≤100
1424003277893336,Allan Domb,Allan Domb for Philadelphia,≤100
245741028804051,Barbara Sinatra Center,Barbara Sinatra Children's Center,≤100
299016790922,Bobby Eberle,Bobby Eberle,≤100
103316295438939,Lost Debate,Lost Debate,≤100
227594571444676,Building New York's Best,Carpenter Contractor Alliance of Metropolitan New York,≤100
100913694925880,"Akalan Law Firm, PLLC","Akalan Law Firm, PLLC",≤100
100758682697459,Mayday Health,"Mayday Medicines, Inc.",≤100
111306298500421,Julie Hartman,Salem Media Group,≤100
97466887664,Innocence Project,"INNOCENCE PROJECT, INC., THE",≤100
342887442508723,Convention of States,Convention of States Action,≤100
109716011638325,Jane Fonda Climate PAC,JANE FONDA CLIMATE PAC,≤100
674093346356017,Jen Kiggans for Congress,KIGGANS FOR CONGRESS,≤100
109526232935380,Synthisophy,Synthisophy,≤100
300992409852,Hoover Institution,Hoover Institution,≤100
164966660351345,Hope Outfitters,Hope Outfitters,≤100
101691358819949,John K. Amanchukwu Sr.,"John Amanchukwu, Sr.",≤100
56431624743,Ceres,Ceres,≤100
168876449866088,The Years Project,THE YEARS PROJECT,≤100
99056648937,NIAC,NIAC Action,≤100
100158359550646,The 907 Initiative,907 initiative,≤100
506680536015406,HumanProgress.org,"CATO INSTITUTE, INC.",≤100
126893748252841,American Firearms Association,American Firearms Coalition,≤100
77130778113,Coalition for Medicare Choices,The Coalition for Medicare Choices,≤100
21472760578,C-SPAN,C-SPAN,≤100
102027764795677,American Wire,BizPac Review,≤100
116139428050914,The Retort Report,Todd James Peterson,≤100
155131494544162,"Center for the Study of White American Culture, Inc.",CENTER FOR THE STUDY OF WHITE AMERICAN CULTURE,≤100
168109446538119,St. Martin's Press,Macmillan Publishing,≤100
29423827874,Proclaiming Justice to the Nations,PROCLAIMING JUSTICE TO THE NATIONS INC,≤100
91346559231,Democratic Legislative Campaign Committee - DLCC,Democratic Legislative Campaign Committee,≤100
252814820267,HIAS,HIAS,≤100
365195713604559,"Jersey City, NJ Local - News Break",These ads ran without a disclaimer,≤100
100184235633007,Summit Carbon Solutions,"Summit Carbon Solutions, LLC",≤100
151577215422581,Zioness Movement,"Zioness Movement, Inc.",≤100
78420171887,Sailors for the Sea,OCEANA INC,≤100
108028728590880,CTLPod,POPULATION MEDIA CENTER INC,≤100
30618466815,Pacific Legal Foundation,Pacific Legal Foundation,≤100
138354569532939,"Tradition, Family, Property - TFP","American Society for the Defense of Tradition, Family and Property",≤100
8550121410,Free Speech America Project,MEDIA RESEARCH CENTER,≤100
84645912778,Prosperity Now,PROSPERITY NOW,≤100
1327559570587836,The Bail Project,"BAIL PROJECT, THE",≤100
162069790604,AARP Arizona,AARP,≤100
43934405787,IPPF,International Planned Parenthood Federation Worldwide Inc,≤100
830162603716633,Andy Beshear,Andy Beshear for Governor,≤100
97279934919,bp America,BP CORPORATION NORTH AMERICA INC.,≤100
813454762164198,No Dogs Left Behind,These ads ran without a disclaimer,≤100
259351004139042,Ashbrook Center,Ashbrook Center,≤100
130848666099,Business Forward,Business Forward Inc.,≤100
47710973068,Voices for Cooperative Power,Voices for Cooperative Power,≤100
100806242836871,Preservation Pause,University of Arizona Indigenous Peoples Law and Policy Program,≤100
523938087747648,Catapult,Catapult,≤100
150468198331534,The David Pakman Show,The David Pakman Show,≤100
60182072999,Lila Rose,Live Action,≤100
5593944035,Competitive Enterprise Institute,COMPETITIVE ENTERPRISE INSTITUTE,≤100
269348454714,IMB,"INTERNATIONAL MISSION BOARD OF THE SOUTHERN BAPTIST CONVENTION, THE",≤100
100798594958887,inseparable,Inseparable Action Inc,≤100
380884168648080,Population Research Institute,POPULATION RESEARCH INSTITUTE,≤100
25121889784,Texas Public Policy Foundation,Texas Public Policy Foundation,≤100
16477459734,League of Conservation Voters,"LEAGUE OF CONSERVATION VOTERS, INC",≤100
113341457791145,Voices for Healthy Green Spaces,Voices for Healthy Green Spaces,≤100
112114435501106,Hugh Hewitt,Salem Media,≤100
2085563958340354,Raúl Torres,Statera Comunicacion,≤100
246491525549550,Ed Post,Education Post,≤100
71324717432,National Association of Scholars,NATIONAL ASSOCIATION OF SCHOLARS,≤100
1359505927455440,Global Health NOW,Johns Hopkins Bloomberg School of Public Health,≤100
19420215926,CNSNews.com,MEDIA RESEARCH CENTER,≤100
106746992189224,The State of Women Podcast,POPULATION MEDIA CENTER INC,≤100
251734676525,Kevin Cramer,CRAMER FOR SENATE,≤100
112735922758892,Charlie Kirk,Salem Media Group,≤100
105088565794956,Mancino For District Judge,Mancino For District Judge,≤100
123778085411,American Society of Radiologic Technologists,ASRT,≤100
508887815910815,BPR,BizPac Review,≤100
190198574334684,FHE Health,THE FLORIDA HOUSE EXPERIENCE M,≤100
10606591490,TIME,TIME USA LLC,≤100
2070944712939738,American Police Officers Alliance,American Police Officers Alliance,≤100
63240625785,National Immigration Forum,NATIONAL IMMIGRATION FORUM,≤100
33110852384,Doctors Without Borders/Médecins Sans Frontières (MSF),Doctors Without Borders/Médecins Sans Frontières (MSF),≤100
723394465079640,The Lion,Stanley M. Herzog Charitable Foundation,≤100
102142101657930,OurFight.online,Our Fight Inc,≤100
23852173291,Community Environmental Council (CEC),COMMUNITY ENVIRONMENTAL COUNCIL,≤100
875653915822271,Dream.Org,Dream.Org,≤100
131023707236064,Applecart,Project Applecart LLC,≤100
417709355647,The Lynde and Harry Bradley Foundation,"LYNDE AND HARRY BRADLEY FOUNDATION, INC., THE",≤100
896759427103774,Modern Medicaid Alliance,Modern Medicaid Alliance,≤100
1461359247295079,Daily-Choices,These ads ran without a disclaimer,≤100
8321461609,MomsRising.org,MomsRising Together,≤100
11602044174,Independent Women's Forum,Independent Women's Forum,≤100
494259170754224,Keeping IDentities Safe,KEEPING IDENTITIES SAFE,≤100
108567305235263,Healthy High Consultants P.C.,Healthy High Consultants P.C.,≤100
104134582247672,Anthony D'Esposito,DESPOSITO FOR NEW YORK,≤100
291102898490822,Conservative Comedy Store,Conservative Comedy Store,≤100
105060269781,Premiere Collectibles,"Premiere Marketing, Inc.",≤100
24481937944,Theodore Roosevelt Conservation Partnership,"THEODORE ROOSEVELT CONSERVATION PARTNERSHIP, INC",≤100
102044622753692,American Potential Podcast,AMERICANS FOR PROSPERITY,≤100
104142590938144,Jersey City Times,Jersey City Times LLC,≤100
1898234727131235,Reel America,BizPac Review,≤100
102421369434228,Goose's News Daily,Justin Gustafson,≤100
1425435377743310,Conversations with Bill Kristol,FOUNDATION FOR CONSTITUTI,≤100
427656937297996,Diario Las Americas,LAS AMERICAS MULTIMEDIA GROUP LLC,≤100
100700519593180,"Buck Nasty Media. Sports, culture, politics, and the Nasty Truth",Robert Mattox,≤100
138934736151182,Kveller.com,These ads ran without a disclaimer,≤100
18017481462,Acton Institute,Acton Institute,≤100
243184199040637,Caring Across Generations,Caring Across Generations,≤100
107925603976843,Protect App-Based Drivers and Services,Protect App-Based Drivers and Services,≤100
16317479654,Deseret News,Deseret News,≤100
116850341317501,GOP Gear,Red First,≤100
109031318770907,Joanna Weiss for Congress,Joanna Weiss for Congress,≤100
109599248636777,Consumer Credit Card Protection Coalition,CONSUMER CREDIT CARD PROTECTION COALITION,≤100
234744096655497,Alliance For Early Success,Alliance for Early Success,≤100
9324910069,NRSC,NRSC,≤100
135669583008,AMP Global Youth,AMERICANS FOR INFORMED DEMOCRACY CORP,≤100
429851780486352,Old Astoria Neighborhood Association,OLD ASTORIA NEIGHBORHOOD ASSOCIATION INC.,≤100
336442420497121,Consciously,Big Sister Corp.,≤100
109729861699329,Speak4,Speak4,≤100
625717610882456,Willie Wilson,WILLIE WILSON FOR MAYOR,≤100
1534290989956166,Philanthropy Roundtable,"PHILANTHROPY ROUNDTABLE, THE",≤100
38924681853,Antarctic and Southern Ocean Coalition,"ANTARCTIC SOUTHERN OCEAN COALITION, THE",≤100
103546351703577,Dallas Express,Dallas Express Media,≤100
110316380149,Family Policy Alliance,Family Policy Alliance,≤100
82223469060,ACN - Aid to the Church in Need,"AID TO THE CHURCH IN NEED, INC.",≤100
499379343409991,Impact Fund,"IMPACT FUND, THE",≤100
27461595703,Carbonfund,Carbonfund.org Foundation,≤100
101803615972593,Innovation Race,"TEA PARTY PATRIOTS ACTION, INC.",≤100
104092062075803,PBC Jolt,"Jolt Media, Inc.",≤100
12503116997,Dennis Prager,Salem Media,≤100
103530021364583,Carolina Forward,North Carolina Forward,≤100
49275915266,MSI Reproductive Choices,MSI-US,≤100
673667436317733,Texas Consumer Association,Texas Consumer Association,≤100
214061167976,El Tiempo Latino,MASTV EL PLANETA LLC,≤100
56680318666,Illinois Policy,Illinois Policy,≤100
262902450432,TeachKind,PEOPLE FOR ETHICAL TREATMENT OF ANIMALS INC,≤100
174793662656828,Colorado Peak Politics,Peak Politics LLC,≤100
50513265848,Citizens United,Citizens United,≤100
1570082353262795,YIMBY Action,YIMBY ACTION,≤100
795162290631372,Citrus Pregnancy Center,LIFE CHOICE CARE CENTER INC,≤100
1731084720451495,Saprea,The Younique Foundation,≤100
1195497510633238,Maria for Philly,Friends of Maria,≤100
10524033745,Remote Area Medical - RAM,REMOTE AREA MEDICAL,≤100
101791315693,Destiny Rescue,"Destiny Rescue International, Inc.",≤100
169282116541956,El Nuevo Georgia,New Georgia Media Inc dba El Nuevo Georgia Newspaper,≤100
104377518078467,More Perfect Union,MORE PERFECT UNION FOUNDATION,≤100
69717994787,buildOn,BUILDON INC,≤100
44164653347,Safer States,Safer States,≤100
192738164073627,A Better Balance,A Better Balance,≤100
114513494875415,America's Freedom Page,USA Features Media LLC,≤100
118283728182293,SEIU Healthcare IL & IN,SEIU Healthcare Illinois Indiana PAC,≤100
401240226922554,VoLo Foundation,VoLo Foundation,≤100
54580146753,Faith in Action,Faith in Action,≤100
108731490859583,America's Work Force Union Podcast,"Bortini Management Associates, Inc.",≤100
33860907121,FunTimes Magazine,"FUNTIMES MAGAZINE, LLC",≤100
104178315156683,Blue Perigon Digital,Blue Perigon Digital,≤100
279799525443906,HELPS Nonprofit,HELPS Nonprofit Law Firm,≤100
1526736227567131,TrueCoverage,True Coverage,≤100
227535924071462,Animal Petitions,AnimalPetitions.org,≤100
107811138763496,SwiftResults.net Trending,These ads ran without a disclaimer,≤100
178746337565646,Save Our Allies,Save Our Allies,≤100
522359791285231,American Greatness,Center for American Greatness Inc,≤100
458142697588014,AARP Public Policy Institute,AARP,≤100
102065992732608,PA Leaders Action Fund,PA Leaders Action Fund,≤100
1018654714824453,Maccabee Task Force,Maccabee Task Force Foundation,≤100
164049599660,Catholic Relief Services en español,CATHOLIC RELIEF SERVICES,≤100
116853658346802,Evangelical Environmental Network,EVANGELICAL ENVIRONMENTAL NETWORK,≤100
105874892253099,hydrationsupreme,These ads ran without a disclaimer,≤100
133937690180,Student Conservation Association,Student Conservation Association,≤100
143173285763,Tenth Amendment Center,Tenth Amendment Center,≤100
105442191724004,Your Patriot Store,EZPole Flagpoles,≤100
11024050756,Bioneers,Bioneers,≤100
34362997676,United States Holocaust Memorial Museum,These ads ran without a disclaimer,≤100
304842759546695,Brooklyn Institute for Social Research,Brooklyn Institute for Social Research,≤100
221401431386940,Pramila Jayapal,PRAMILA FOR CONGRESS,≤100
16900111951,National Organization for Women (NOW),NATIONAL ORGANIZATION FOR WOMEN,≤100
77062934697,Texas Impact,TEXAS IMPACT,≤100
102047517918,The Commonwealth Fund,"COMMONWEALTH FUND, THE",≤100
314222577166,CORE,These ads ran without a disclaimer,≤100
97624620788,American Friends of Magen David Adom,AMERICAN FRIENDS OF MAGEN DAVID ADOM,≤100
148342611858906,MyJewishLearning.com,These ads ran without a disclaimer,≤100
183472861249,Point Foundation,Point Foundation,≤100
210277954204,The Young Turks,"The Young Turks, Inc.",≤100
102286035642350,Patriots for USA,USA Features Media LLC,≤100
104979848524405,Starts With Us,Lubetzky Family Foundation,≤100
103953861725,Population Council,"POPULATION COUNCIL, INC., THE",≤100
110170005258857,Klicked Digital,DeDonato Enterprises,≤100
101239962270235,Bright Future Iowa,Bright Future Iowa,≤100
138276702894458,Right On Crime,Texas Public Policy Foundation,≤100
101674425989138,MIT Economics Survey on Climate Change,"MIT Climate Change Survey, MIT Department of Economics",≤100
272321759583178,Conservatives for Responsible Stewardship,Conservatives for Responsible Stewardship,≤100
123397377677195,"School of International Service, AU","School of International Service, American University",≤100
278434943062355,WellBeing International,"WellBeing International, Inc.",≤100
1914537155242810,Life: Powered,Texas Public Policy Foundation,≤100
199891603386344,Common Ground Committee,Common Ground Committee,≤100
101930385197156,Alianza Center,"Alianza Center, Inc.",≤100
103739957866477,Zinc8 Energy Solutions,"Vorticom, Inc.",≤100
399060493533519,The Justice Foundation,JUSTICE FOUNDATION,≤100
105599502191866,Florida Jolt,"Jolt Media, Inc.",≤100
1021724717913869,Bantam Communications,Bantam Communications,≤100
58158120046,ACLJ,American Center for Law and Justice,≤100
82106496620,AARP New York,AARP,≤100
100517736205311,MTM,MIKE TER MAAT FOR PRESIDENT,≤100
206623622690681,NYC Department of Health and Mental Hygiene,New York City Department of Health and Mental Hygiene,≤100
105451942439465,Sabina Covo for Miami,"Sabina Covo, Non-partisan, for City of Miami Commissioner, District 2",≤100
217187838327836,The Story Exchange,The Story Exchange Foundation,≤100
110537227535547,Gays against Dorchester Towers,Wing Ming Infante,≤100
150720154976207,Protect My Public Media,"APTS Action, Inc.",≤100
839183619577851,Subpod,These ads ran without a disclaimer,≤100
131664893560695,Origins OSU,Origins: Current Events in Historical Perspective,≤100
148337431855825,Houghton Mifflin Harcourt,These ads ran without a disclaimer,≤100
103328515934791,Take Back 2024,The Blue State Conservative,≤100
339432396135584,The Exodus Road,The Exodus Road,≤100
197179660936164,"Bill Carlson, Tampa City Council Member, District 4",Bill Carlson Campaign,≤100
300341323465160,The Daily Signal,HERITAGE FOUNDATION (THE),≤100
107326878275017,National Pretrial,National Pretrial,≤100
170126260000702,Western Journal US News,The Western Journal,≤100
100562019990818,U.S. Term Limits,U.S. Term Limits Inc.,≤100
160256933988781,National Black Cultural Information Trust,Our Legaci Press,≤100
151894654697,Save Our States,Save Our States,≤100
85252863415,National Latina Institute for Reproductive Justice,NATIONAL LATINA INSTITUTE FOR REPRODUCTIVE HEALTH,≤100
589658204411894,Office of South Carolina Treasurer Curtis Loftis,Future Scholar. Administered by State Treasurer Curtis Loftis. Not paid for with state funds.,≤100
114765400352270,Kite & Key Media,VMTS EDUCATION INC,≤100
16534314739,Facing History and Ourselves,"FACING HISTORY AND OURSELVES NATIONAL FOUNDATION, INC.",≤100
296438217073791,11th Hour Racing,11th Hour Racing,≤100
121750354532995,Yale Program on Climate Change Communication,Yale Program on Climate Change Communication,≤100
150322194563,PASA Primates: Pan African Sanctuary Alliance,PAN AFRICAN SANCTUARIES ALLIANCE,≤100
105542194609943,panoplia_org,These ads ran without a disclaimer,≤100
197374340229,E2 - Environmental Entrepreneurs,E2 (Environmental Entrepreneurs),≤100
1553978148244954,Build With Strength,Build With Strength,≤100
101471035744662,Yes. Every Kid. Foundation,yes. every kid. foundation,≤100
106568024842114,Rideshare Assault Support,Injury Match,≤100
17414523278,Democracy Now!,DEMOCRACY NOW,≤100
44409199155,Amazon Conservation Team,AMAZON CONSERVATION TEAM,≤100
122894447754361,Institute for New Economic Thinking,"INSTITUTE FOR NEW ECONOMIC THINKING, THE",≤100
100403528653081,Punchbowl News,Punchbowl News,≤100
747783932079184,Jared Golden for Congress,COMMITTEE TO ELECT JARED GOLDEN,≤100
160630887998827,Let Them Live,Let Them Live,≤100
318691681482265,Liberty Justice Center,Liberty Justice Center,≤100
103957375691272,Marcilio Rodhe,These ads ran without a disclaimer,≤100
193861605858,Buffalo Field Campaign,BUFFALO FIELD CAMPAIGN,≤100
102546979162526,Clean4Change,These ads ran without a disclaimer,≤100
114128055303516,ProgressNow New Mexico,ProgressNow New Mexico,≤100
109521013225,Nikki Haley,Nikki Haley for President,≤100
103648168940978,Help Ukrainian Hospitals,"Help Ukrainian Hospitals, Inc",≤100
145034262195374,InSinkErator,InSinkErator_Whirlpool,≤100
568103006940639,Law Office of Gary J. Kim,Law Offices of Gary J. Kim,≤100
70795936969,Children International,CHILDREN INTERNATIONAL,≤100
108512875350,The Atlas Society,The Objectivist Center Ltd,≤100
1223818144299403,DFRLab,"ATLANTIC COUNCIL OF THE UNITED STATES, INC. (THE)",≤100
832398280203517,Republican Party of South Florida - SWBRO,Republican Party of South Florida SWBRO,≤100
192609620649,The University of Chicago,The University of Chicago,≤100
106959920878115,The Well Done Foundation,"WELL DONE FOUNDATION, INC.",≤100
101792099326231,Ambtngoldofficial,These ads ran without a disclaimer,≤100
43853729859,Campaigns & Elections,Political World Communications,≤100
396429050545032,"James ""Jimmy"" Sanchez",Sanchez for 2023,≤100
300341323465160,The Daily Signal,The Daily Signal,≤100
940653386126953,StandingWithYou.org,Standingwithyou.org,≤100
140155342671005,Sempervirens Fund,SEMPERVIRENS FUND,≤100
219205398922475,Deanna Singh,These ads ran without a disclaimer,≤100
361960287311696,Better Medicare Alliance,"Better Medicare Alliance, Inc",≤100
100416560012896,Friends of the Everglades,FRIENDS OF THE EVERGLADES INC,≤100
101377889168483,Gumbo Limbo Coastal Stewards,"Gumbo Limbo Coastal Stewards, Inc.",≤100
1042560925858683,John Kelly,John Alexander Kelly,≤100
349800859019034,The 19th News,The 19th,≤100
107119637688502,Western Justice,Western Justice Legislative Fund,≤100
105861441295494,97Percent,97PERCENT ORG INC,≤100
1406149713044974,Intellectual Judaism,Intellectual Judaism,≤100
103517308361597,TakeCharge,Take Charge Minnesota,≤100
111333413863498,Freedom First Society,FREEDOM FIRST SOCIETY,≤100
719735274774629,The Local,East Falls Media,≤100
181924628560212,Ekō,These ads ran without a disclaimer,≤100
64206021703,National Committee to Preserve Social Security and Medicare,NATIONAL COMMITTE TO PRESERVE SOCIAL SECURITY AND MEDICARE,≤100
915656035153394,Oceanites,OCEANITES INC,≤100
102579112455934,Making The Leap Podcast,Stanley M. Herzog Charitable Foundation,≤100
103426858855557,Eyes That Speak by Christy Bowe,Gilbert Lunsford Jr Eugene,≤100
102712325850529,Libratum Press,Libratum Press LLC,≤100
180781279292799,Daniel La Spata for the 1st Ward,Neighbors for Daniel La Spata,≤100
327853590558653,"Agri-Pulse Communications, Inc.","AGRI-PULSE COMMUNICATIONS, INC.",≤100
220538341415523,The Satanic Temple,The Satanic Temple,≤100
174057765941,Republican Party of Virginia,REPUBLICAN PARTY OF VIRGINIA INC,≤100
143063095713907,Hep,"CDM PUBLISHING, LLC",≤100
127668823933246,The NewDEAL,NEWDEAL,≤100
1518962768392546,Great Lakes Gun Rights,Great Lakes Gun Rights LLC,≤100
103501825994723,Keith Farren for Magisterial District Judge,The Committee To Elect Keith Farren for Magisterial District Judge,≤100
302103665493,Catholic Charities of New York,Catholic Charities Archdiocese of New York,≤100
111564223958042,Ending Disease Documentary,Crushed Planet,≤100
104211991766012,slim.pikins,These ads ran without a disclaimer,≤100
1454068511554108,Delaware Twp Democratic Club,Delaware Twp Democratic Club,≤100
118178241651488,DSPolitical,"DSPolitical, LLC",≤100
117507751891,United Poultry Concerns,"UNITED POULTRY CONCERNS, INC",≤100
107304825234918,We Thrive Live,These ads ran without a disclaimer,≤100
23362993101,Center for Immigration Studies,CENTER FOR IMMIGRATION STUDIES,≤100
101903508281567,The Dude's Threads,The Dude's Threads,≤100
108034622206023,"Martin Zilber for City of Miami Commission, District 2",Martin Zilber Campaign,≤100
1557434891170862,Derek Green,GREEN FUND,≤100
154930410085,"Zion Oil and Gas, Inc.","Zion OIl & Gas, Inc.",≤100
1196196390526965,Facebook Surveys,These ads ran without a disclaimer,≤100
199010435394,Turtle Island Restoration Network,Turtle Island Restoration Network,≤100
178700205665083,FamilyLife Blended,CAMPUS CRUSADE FOR CHRIST INC,≤100
101437432582765,The Center for Infrastructure and Economic Development,Center for Infrastructure and Economic Development Inc.,≤100
36085812354,Rainforest Foundation US,"Rainforest Foundation, Inc.",≤100
106582384539447,Design for Freedom by Grace Farms,"GRACE FARMS FOUNDATION, INC.",≤100
126815818975,Global Fund for Children,GLOBAL FUND FOR CHILDREN (THE),≤100
101542284893130,Delaware LIVE News,DELAWARE LIVE LLC,≤100
131319143614919,Life at AT&T,"AT&T Services, Inc.",≤100
103948701221001,Pro-Life Flag Project,Pro-Life Flag Project,≤100
102252122442327,House On Fire,The CLEO Institute,≤100
403737406341879,National Women's Health Network,NATIONAL WOMENS HEALTH NETWORK,≤100
881846485242129,Kyle Reyes,Kyle Reyes,≤100
106862204671108,The Deplorable Americans,Justin Gustafson,≤100
136362309708243,Restaurant Opportunities Centers United (ROC United),"RESTAURANT OPPORTUNITIES CENTERS (ROC) UNITED, INC.",≤100
346612865750115,Korea Defense Veterans Association,Korea Defense Veterans Association,≤100
195261533834361,Friends of Animals,"FRIENDS OF ANIMALS, INC.",≤100
116344908016289,Vote Dave Clark for District Judge,David A. Clark,≤100
123460781200,Alon Ben-Meir,Alon Ben-Meir Inc,≤100
120778038066631,EveryLibrary,EveryLibrary,≤100
101350839190816,Macro Conservative,Macro Conservative,≤100
348104422491159,UNDIVIDED,UNDIVIDED,≤100
104916968538177,TIS 이주공사,TIS VISA CORPORATION,≤100
19774119425,Habitat for Humanity,Habitat for Humanity International,≤100
105239511089757,Inmigrantes al Día,Inmigrantes al Dia,≤100
108934528580381,Rapid Response Polls,Eric M Manning,≤100
261019170905,True Texas Project,TRUE TEXAS PROJECT,≤100
401748223343662,Kyrabe Stories - Personal & Professional Development Blog,These ads ran without a disclaimer,≤100
104320435875702,Veticare Insurance,Veticare Insurance LLC,≤100
2282192471851540,CHIP NYC,Community Housing Improvement Program,≤100
480282659170095,Civic Health Project,Civic Health Project,≤100
594519783957655,Citizens for National Security,Citizens For National Security,≤100
110002418617215,Save Our Benefits Maryland,Save Our Benefits Maryland,≤100
211650575617316,KAT Centre,KAT US INC,≤100
430869277025501,Dr. Nancy O'Reilly,"WOMEN CONNECT4GOOD, INC.",≤100
100607179026941,Of Thee I Sing 1776,Harold Gershowitz,≤100
710460605705480,Dugit Outreach Center,Dugit Messianic Outreach Center,≤100
610264146298573,The American Council,The American Council for Evangelicals,≤100
482100658584410,We Stand For Energy,"EDISON ELECTRIC INSTITUTE, INC.",≤100
644308565682800,Tanya Acker,Tanya Marie Acker,≤100
126891202041311,Reason Foundation,These ads ran without a disclaimer,≤100
272716539512166,Cycle for the Cause,"LESBIAN & GAY COMMUNITY SERVICES CENTER, INC.",≤100
277821499329302,TOTAL GLOW,These ads ran without a disclaimer,≤100
163662804426854,Life Advancement Group,LIFE ADVANCEMENT GROUP,≤100
101899599364887,Roof Service 2733,These ads ran without a disclaimer,≤100
106119299072087,sisters_of_ukraine,These ads ran without a disclaimer,≤100
138492335404,Scott Walker,FORWARD USA FEDERAL POLITICAL ACTION COMMITTEE,≤100
117592091643709,Tree of Life Ministries｜Evangelism in Israel,Tree of Life Ministries,≤100
183484875153093,Kim Monson Show,The Kim Monson Show,≤100
105348224679358,The Don't Unfriend Me Show,DONT UNFRIEND ME,≤100
104821105571303,Danny Becton for Duval County Property Appraiser,"Danny Becton, Republican, for Duval County Property Appraiser",≤100
106939250713577,The Progress Network,These ads ran without a disclaimer,≤100
107310358783,Global Zero,GLOBAL ZERO,≤100
250392878345035,The Focused Pastor,Focus on the Family,≤100
110010433804232,Standing For Freedom Center,Standing for Freedom Center,≤100
115489644380953,Build Your Teaching Toolbox,Pubvendo LLC,≤100
6954880804,Green America,GREEN AMERICA,≤100
142932506806,Texas Alliance for Life,"Texas Alliance for Life, Inc.",≤100
254943996005,Catholic Answers,"CATHOLIC ANSWERS, INC.",≤100
513785465632396,Airline Passengers for Justice,Airline Passengers for Justice,≤100
366119653930669,"IMO Legal, LLC- US Immigration Attorney","IMO LEGAL, LLC",≤100
1003592146347827,WikiLaw,Matthew Dennis Mcmaster,≤100
839158786226886,Two Party Opera,Brian Thomas Carroll,≤100
373235096030149,California Biotech Foundation,California Biotech Foundation,≤100
130268756992804,Yale Climate Connections,Yale Climate Connections,≤100
2168484930102843,EJ Moonshot,EJ Creations LLC,≤100
109475211795252,Freedom From The Press,Michael Scott Hughes,≤100
175403889150682,FindLaw.com,FindLaw Consumer,≤100
104011101862823,The Timeshare Law Firm,These ads ran without a disclaimer,≤100
106760105550775,Tyler Barrett for Tampa City Council,Tyler for Tampa,≤100
20188298765,ACLU of Maryland,AMERICAN CIVIL LIBERTIES UNION OF MARYLAND INC,≤100
567126383373960,New York State Animal Protection Federation,New York State Animal Protection Federation,≤100
87455999754,ACLU of Mississippi,ACLU of Mississippi,≤100
173470656019870,The Daily Yonder,CENTER FOR RURAL STRATEGIES,≤100
104470808993524,Royko For Chicago,Royko For Chicago,≤100
246633904835,First Unitarian Society of Milwaukee,FIRST UNITARIAN SOCIETY OF,≤100
128288676833,Rocky Mountain Elk Foundation,"ROCKY MOUNTAIN ELK FOUNDATION, INC.",≤100
11111618026,Union of Concerned Scientists,"UNION OF CONCERNED SCIENTISTS, INC.",≤100
424443217623488,Clarion Project,"CLARION PROJECT, INC.",≤100
87377228013,Side with Love,UNITARIAN UNIVERSALIST ASSOCIATION,≤100
79743808136,NAIS -- National Association of Independent Schools,"NATIONAL ASSOCIATION OF INDEPENDENT SCHOOLS, INC.",≤100
461530314600399,Common Sense American Politics,Common Sense American Politics,≤100
44137769986,American Psychiatric Association,These ads ran without a disclaimer,≤100
109366181861530,President Trump is My Wingman,Jason Donald Robertson,≤100
40399561583,Friends Journal,FRIENDS PUBLISHING CORP,≤100
50498162578,Legal Aid Justice Center,Legal Aid Justice Center,≤100
259212814698356,Democratic Majority for Israel,Democratic Majority for Israel,≤100
748796918496789,"Orange County, NY Democratic Committee",Orange County Democratic Committee,≤100
310003665764536,Representative Steve Eliason,Steven Allen Eliason,≤100
100123286264769,Tanner DiBella,American Council for Evangelicals,≤100
107414074990650,Defense of Freedom Institute,"Defense of Freedom Institute for Policy Studies, Inc.",≤100
118227621359,Izaak Walton League of America,IZAAK WALTON LEAGUE OF AMERICA,≤100
103561212644785,Ambria for Alderman,Ambria for Alderman,≤100
1444820465547227,Rank the Vote,Rank the Vote,≤100
126037931371545,Law Offices of Jonathan K. Park & Associates,Law Offices of Jonathan K. Park & Associates,≤100
7292655492,MoveOn,MOVEON.ORG CIVIC ACTION,≤100
100388289219720,Passions for our Tortured Planet,Brian Thomas Field,≤100
101769576791,Health Action Network,Health Action Network,≤100
950685078464558,Center for a Humane Economy,Center For A Humane Economy,≤100
210937299260017,USA Features Media,USA Features Media LLC,≤100
107645227592678,To Which We Belong,Mystic Artists,≤100
7035457015,Brave New Films,BRAVE NEW FOUNDATION 501(C)(3),≤100
100801038449520,Natural Allies for a Clean Energy Future,"Natural Allies, Inc.",≤100
101103254533,SOS International,SOS International,≤100
1883837055193241,Shield Republic,Shield Republic,≤100
138434734461,CIIS Public Programs,CIIS Public Programs,≤100
110981884065996,Abortion Finder,Power to Decide,≤100
105269625578850,The Public Page for Ohio Physicians for Reproductive Rights,Ohio Physicians for Reproductive Rights,≤100
386305465057247,Liberty Nation,Liberty Nation,≤100
44228398202,ONE Community,"ONE Community Media, LLC",≤100
102589746451856,American Black Journal,DETROIT EDUCATIONAL TELEVISION FOUNDATION,≤100
735450726543930,Clergy for a New Drug Policy,Clergy for a New Drug Policy,≤100
114296577367302,Americans Keeping Country First,Americans Keeping Country First,≤100
257555958952,American University of the Caribbean School of Medicine,American University of the Caribbean School of Medicine,≤100
159422384079137,UCSB Interdisciplinary Humanities Center,UCSB Interdisciplinary Humanities Center,≤100
1732896530268223,Mommies In Need,These ads ran without a disclaimer,≤100
28915909437,American Veterinary Medical Association Congressional Advocacy Network,AMERICAN VETERINARY MEDICAL ASSOCIATION,≤100
240914282958205,Rob Long for Delray Beach City Commission Seat 2,Rob Long for City Commission,≤100
234873863355500,Yale Alumni Association,Yale Alumni Association,≤100
100598365299578,Congressman August Pfluger,Official funds authorized by the House of Representatives,≤100
100530232774247,Alberta Hope,These ads ran without a disclaimer,≤100
179610235833,City of Charlotte Government,City of Charlotte,≤100
96286403078,iHeartDogs.com,HomeLife Media,≤100
427276867733958,NRichment Therapy,These ads ran without a disclaimer,≤100
43821078871,Transport Workers Union (TWU),Transport Workers Union of America,≤100
137662367278,League of Women Voters of the US,LEAGUE OF WOMEN VOTERS OF THE UNITED STATES,≤100
392683144674817,Patriot Politics,Trending Views,≤100
106924498980820,Sumers for Gainesville Supervisor,Ksumers for Supervisor,≤100
993294760683044,Education Reform Now,EDUCATION REFORM NOW ADVOCACY INC,≤100
90072588167,Education Minnesota,EDUCATION MINNESOTA,≤100
104521238896557,June Marie Paintings,June-Marie Paintings,≤100
1599237673639735,Change Media Group,Change Media Group,≤100
156609491019905,NY Taxi Workers Alliance,These ads ran without a disclaimer,≤100
102658018862855,Salem News Channel,Salem Media Group,≤100
284293125336159,Regulatory Transparency Project,FEDERALIST SOCIETY FOR LAW & PUBLIC POLICY STUDIES,≤100
258186881053838,Dave Yarnes,Dave Yarnes,≤100
825571424125386,Lighthouse For Life,Lighthouse for Life,≤100
112425184542774,Kevin Robinson For Phoenix City Council,Kevin Robinson For Phoenix City Council District 6. Authorized by Kevin Robinson.,≤100
83960796709,Institute for Southern Studies,INSTITUTE FOR SOUTHERN STUDIES INC,≤100
163662804426854,Life Advancement Group,Nathan Montgomery Berning,≤100
636093333133893,UCR School of Public Policy,UCR School of Public Policy,≤100
101581329115492,Freedom Street,Jason Donald Robertson,≤100
439271970343,World Help,WORLD HELP,≤100
100878726010103,REI Union Berkeley,United Food and Commercial Workers International Union,≤100
100530716297869,Lagash لگش,These ads ran without a disclaimer,≤100
130130503698358,Eastern European Mission,EASTERN EUROPEAN MISSION,≤100
115508118081733,Dwyer for Warwick Supervisor,Dwyer for Warwick Town Supervisor,≤100
65538457518,The Village Square,TO THE VILLAGE SQUARE INC,≤100
1376465702586897,Coloradans for Responsible Energy Development,Coloradans for Responsible Energy Development,≤100
207833736045744,MHAction.org,Patrick R. McHugh,≤100
1165122570296957,Phoenix Zones Initiative,Phoenix Zones Initiative,≤100
153704007991524,Women's Earth and Climate Action Network,Women's Earth and Climate Action Network (WECAN) International,≤100
108433238844,CWEB,CWEB Inc.,≤100
104054124927002,Councilwoman Katy Vaughan,Amy Katherine Vaughan,≤100
109035554162766,Mountain State Spotlight,Mountain State Spotlight,≤100
330257397044886,Battelle,These ads ran without a disclaimer,≤100
1870266956518123,AlphaBella Learning Academy,These ads ran without a disclaimer,≤100
1411995622410794,Magniflex,These ads ran without a disclaimer,≤100
103433804692809,Law Offices of James S. Hong & Associates,Law Offices of James S. Hong,≤100
111044621745187,Liberty News,William Gordan Tanner,≤100
113279521260513,the_wonderwild,These ads ran without a disclaimer,≤100
7227987111,GAIN POWER,"GAIN Power, LLC",≤100
101625049388306,Protective Makua,Protective Makua,≤100
103316295438939,Lost Debate,These ads ran without a disclaimer,≤100
473191156175163,EDF Action,Environmental Defense Action Fund,≤100
249467225254927,The Love > hate Project,LOVE GREATER THAN HATE PROJECT,≤100
147126507164,ACTwireless,ACTwireless,≤100
710669049286394,Woo the People,Woo the People,≤100
101007412709638,loc_and_load0351,These ads ran without a disclaimer,≤100
100124709108034,Patriot One News,Matt Clark Agency,≤100
100692068471118,Explain America,Apse Media LLC,≤100
100221986153813,Lou's Daily News,Michael Scott Hughes,≤100
109446231895739,Love Your Space,These ads ran without a disclaimer,≤100
102596355656379,Red Wave News Updates,Michael Scott Hughes,≤100
142405795847179,Breathe Project,COMMUNITY FOUNDATION OF GREATER JOHNSTOWN,≤100
102905532424724,drayage_queen,These ads ran without a disclaimer,≤100
19036504767,Center for Victims of Torture,"CENTER FOR VICTIMS OF TORTURE, THE",≤100
497949630282962,Retirement Specialty Group,Retirement Specialty Group,≤100
103966991229588,Frank Bojazi,Trending Views,≤100
940539956088901,Green Zero Energy Inc,These ads ran without a disclaimer,≤100
119283008140727,Pela Case,These ads ran without a disclaimer,≤100
114122204908922,Eddy Leal for Miami City Commission,Eddy Leal Campaign,≤100
119216091518705,Protect The Harvest,Karen Elizabeth Glueck,≤100
106155499010320,Merritt Barry for Justice Court Judge District 1,John Merritt Barry,≤100
103744092617832,Repatriots,Khairock Digital AI In,≤100
11074328022,Carolina Development,UNC-Chapel Hill Office of University Development,≤100
107934381079489,Select Fire Apparel,Mark Anthony Penn,≤100
110863931866111,VA Loves RX Savings,VA Loves RX Savings,≤100
123500462249,Oregon Food Bank,"OREGON FOOD BANK, INC.",≤100
113233665010122,坂本 雅彦 国民民主党 三鷹市政策委員,These ads ran without a disclaimer,≤100
182658925089088,FINCA,These ads ran without a disclaimer,≤100
514359752072648,Assemblywoman Vicky Flynn,Vicky Flynn for Assembly,≤100
103365089004606,vesper_j_moore,These ads ran without a disclaimer,≤100
50714237985,The Rutherford Institute,RUTHERFORD INSTITUTE,≤100
338218229911752,Integrity First PAC,INTEGRITY FIRST PAC,≤100
220873174076,Animal Equality,ANIMAL EQUALITY,≤100
169710960125365,Curzio Research,Curzio Research,≤100
136126341809,American Bird Conservancy,These ads ran without a disclaimer,≤100
345324292309306,AdVenture Capitalist Community,These ads ran without a disclaimer,≤100
158689780839317,vegan,Eugene Khutoryansky,≤100
100731401906556,jb.texast,These ads ran without a disclaimer,≤100
243498882520314,FoodFinder,"FOODFINDER, INC.",≤100
481663778643815,CLR Community Empowerment Inc.,"CLR COMMUNITY EMPOWERMENT, INC.",≤100
1731458707172809,Charters for Change,Elevate Chicago,≤100
689547608156721,The Burial Solution,The Burial Solution,≤100
102590994772178,Social Democratic Advocacy,Steven J. Schwartzberg,≤100
128967667298112,Math4cure,Karen Beth Young,≤100
1263210823830523,Wicomico Truth and Reconciliation Initiative,James Gayl Yamakawa,≤100
102230249080409,Freedom First,Jason Donald Robertson,≤100
111662467317891,Dr. Elina Newman for Lincoln,Elina Newman for City Council,≤100
95001097200,National Association of Manufacturers,NATIONAL ASSOCIATION OF MANUFACTURERS OF THE UNITED STATES OF AMERICA INC.,≤100
2099448153445994,Students for Life Action,Students for Life Action,≤100
196642367081545,OPEIU Local 8,Office and Professional Employees International Union Local 8,≤100
104164055811423,Rebecca Janowitz for the 43rd Ward,Friends of Rebecca Janowitz Committee,≤100
150786841635929,AFSCME Wisconsin Council 32,AMERICAN FEDERATION OF STATE COUNTY & MUNICIPAL EMPLOYEES,≤100
112019855107729,Holt Persinger for State House,Holt Persinger for State House,≤100
328042268580226,Stories of Antisemitism,Stories Of Antisemitism,≤100
266880430545539,Uprated,These ads ran without a disclaimer,≤100
452797224923658,The Democratic Coalition,THE DEMOCRATIC COALITION,≤100
103929304678916,Voter Action Project,Integrity First Voter Action Project,≤100
112258312240526,Con Edison,"CONSOLIDATED EDISON COMPANY OF NEW YORK, INC.",≤100
349702751902673,Hereditary Angioedema Association - HAEA,HEREDITARY ANGIOEDEMA ASSOCIATION INC.,≤100
1420200111329836,Alan C. Moore,Alan Christopher Moore,≤100
36091862898,The Mackinac Center for Public Policy,Mackinac Center for Public Policy,≤100
414641038607265,African-American Roundtable,"African American Roundtable, Inc",≤100
101754019446990,From the Big House to Your House,Catherine Esther Marinello,≤100
114456680428182,SAGE,Seafood and Gender Equality (SAGE),≤100
111833201704,Faith and Freedom Coalition,Faith & Freedom Coalition,≤100
14893370225,Sustainable Harvest International,SUSTAINABLE HARVEST INTERNATIONAL,≤100
200548226627766,The Progressive Magazine,Norman Joseph Stockwell,≤100
108108121456950,Blue States PAC,BLUE STATES PAC,≤100
148439128199,Massachusetts Down Syndrome Congress (MDSC),MA DOWN SYNDROME CONGRESS,≤100
218439948311704,Katie Beecher Medical & Spiritual Intuitive,These ads ran without a disclaimer,≤100
103338614839717,Peter S. Wenz,Peter S. Wenz,≤100
222797534462862,Peter Boghossian,National Progress Alliance,≤100
237644275109,Voices for Utah Children,VOICES FO UTAH CHILDREN,≤100
1345486775582297,DealsNow,These ads ran without a disclaimer,≤100
107356708329311,Conservative News Stories,William Gordan Tanner,≤100
613924535450605,Daniel L. Hatcher,Daniel Landon Hatcher,≤100
102696615805995,Patrick Nagle for 46th Ward Alderman,Patrick Nagle for 46th Ward Alderman,≤100
96935476345,Democratic Governors Association (DGA),Democratic Governors Association,≤100
307272492632057,Unbound: An Interactive Journal of Christian Social Justice,These ads ran without a disclaimer,≤100
500206816797653,Nurture KC,These ads ran without a disclaimer,≤100
665094287242662,Dan Davis,Dan Davis,≤100
545313338963764,Matt Meyer,Meyer for New Castle County,≤100
100269702946834,Neilandersoninnovate,Neil Anderson,≤100
113205131621824,WorldOrder.News,WorldOrder.News,≤100
1627860517473144,بسمة أمـل,These ads ran without a disclaimer,≤100
115036257752802,The Semilla Project,The Semilla Project,≤100
102201169034543,True Patriot Shops,True Patriot Shops,≤100
101934808214473,KushThru,Antoine D Avery,≤100
100801338115610,Leon Benjamin,"Friends of Leon Benjamin, Inc.",≤100
388076585284592,SalmonState,SalmonState,≤100
143784945647421,Death with Dignity,DEATH WITH DIGNITY NATIONAL CENTER,≤100
1571401929773000,North County  Climate Change Alliance,North County Climate Change Alliance,≤100
82204908696,Nevada County Citizens for Choice,These ads ran without a disclaimer,≤100
103454371495257,Mood Spike,These ads ran without a disclaimer,≤100
101939781315530,ThePeel.news,ThePeel.news,≤100
513695272011123,The Genesis Prize,GPF NA LLC,≤100
100205729650886,Sean Firmiss for Elmbrook Schools,Sean Firmiss for Elmbrook Schools,≤100
1872586322962840,ThinkTennessee,THINK TENNESSEE,≤100
109284291894484,American News Stories,William Gordan Tanner,≤100
191399134327652,aramco,These ads ran without a disclaimer,≤100
2124706474441696,L. M. Lewis Consulting,Lashana Montrice Lewis,≤100
269479249997,NSSF—The Firearm Industry Trade Association,National Shooting Sports Foundation,≤100
104660195062596,Gen Z Conservative,William Gordan Tanner,≤100
286224862049910,Salim Adofo,Salim Kwabena Thandiwe Adofo,≤100
1401751556610553,Political Civilian,Jason Byrd Marshall,≤100
113846267099187,thedorkyjewish,These ads ran without a disclaimer,≤100
124383441363,Connecticut Education Association (CEA),CONNECTICUT EDUCATION ASSOCIATION,≤100
111131133551811,The Locke Society,Locke Society Inc,≤100
104834210883,The Story of Stuff Project,The Story of Stuff Project,≤100
123185498255,Carsie Blanton,Carsie Blanton Music,≤100
123651254408327,Sokolove Law,"Sokolove Law, LLC",≤100
1015449978587077,Alliance for Youth Action,Alliance for Youth Action,≤100
108143565283667,Coastal Quest,COASTAL QUEST,≤100
95328236543,Georgia Public Policy Foundation,Georgia Public Policy Foundaiton,≤100
2436403486378786,Tim Temple,Tim Temple Campaign,≤100
490349377808038,State Representative Justin Holland,Justin Holland Campaign,≤100
245481022560114,State Representative John Stefanski,John Stefanski Campaign,≤100
139835646030666,Alliance for Aviation Across America,Alliance for Aviation Across America,≤100
105068451031120,أوهايو بالعربي,These ads ran without a disclaimer,≤100
104355145867842,"Yes on Z: Great Teachers, Great Orinda Schools",Orinda Community for Excellent Schools Yes on Z,≤100
165674110118949,Clearing out the Clutter,Colin D Moore,≤100
320948257943554,Бостонский Кругозор,"Krugozor, Inc.",≤100
2310488009211056,Poder Latinx,Poder Latinx,≤100
970068126392811,Peace Through Action USA,Peace Through Action USA,≤100
2424953184233687,"Lane McConnell, Branson School Board",Susan L Mcconnell,≤100
153874588032568,Faith in Indiana,FAITH IN INDIANA,≤100
101080822634195,Fix It Films,Fix It Healthcare,≤100
520736764611541,Justin Elicker,Elicker 2023,≤100
203611949663117,Los Angeles Education Partnership,These ads ran without a disclaimer,≤100
111349775179141,thefastfashionaddict,These ads ran without a disclaimer,≤100
1448985902033866,Trans Lifeline,Trans Lifeline,≤100
2089995447925091,New Jersey Local News,These ads ran without a disclaimer,≤100
110094158160834,The American Tribune,Michael Scott Hughes,≤100
2007361039550045,"Center for Free, Fair, and Accountable Democracy","CENTER FOR FREE, FAIR, AND ACCOUNTABLE DEMOCRACY, INC.",≤100
262164587131475,Free martial arts material for your own local school teachers to use,Ryan Gilbert,≤100
103552914774916,Science Moms,Potential Energy Coalition Inc,≤100
108725508673742,Fire Dan Munsey,"San Bernardino County Professional Firefighters, Local 935 Political Action Committee",≤100
100710759119069,Blue Planet Ecosystem,Blue Planet Ecosystem,≤100
773432316041673,Calvary South Austin,Calvary South Austin,≤100
291838961553129,Louisiana Secretary of State Kyle Ardoin,Kyle Ardoin Campaign,≤100
108438014378862,Réponse Appropriée Officiel,These ads ran without a disclaimer,≤100
1949064322040283,Principles,"Principles, LLC",≤100
38236386996,LSU Press,LSU Press,≤100
102616019340799,"Aimee Kelley for Boynton Beach City Commission, District 4",Aimee Kelley for Boynton Beach City Commission,≤100
133753583953215,American History in 90 Minutes - The Common-Sense Guide to U.S. History,American History in 90 Minutes,≤100
441748339213881,Kerry Baldwin,"Mere Liberty, LLC",≤100
103782235503803,Leap hea,These ads ran without a disclaimer,≤100
449532451834913,Fishers Finery,Fishers Finery,≤100
113178611685345,TiogaCounty Voter's Choice,Tioga County Voter's Choice,≤100
414744565241871,Elect Paul Akinjo Lathrop City Council,Elect Paul Akinjo for Lathrop City Council,≤100
108307735495778,Four Sisters Publishing,Four Sisters Publishing,≤100
101808226125075,Yes on A for Quality Novato Schools,Yes for Novato Schools,≤100
1409136279195797,Jackie Hope Glass,Jackie Glass for Norfolk,≤100
409773915763168,Prolife Across America,PROLIFE ACROSS AMERICA,≤100
87705087686,CNEWA,These ads ran without a disclaimer,≤100
106097240749855,SickOfItTX,"Sick of it, Texas!",≤100
172107229664004,State Representative Dan Howell,DanHowell4TN,≤100
1832888600167903,JD for Arlington,JD for Arlington,≤100
116374041727027,A New Leaf,"A NEW LEAF, INC.",≤100
109100225365014,Kevin Lynch For FWISD School Board District 5,Kevin Lynch for FWISD,≤100
204295565648,Representative Jason Fischer,Jason Fischer Campaign,≤100
126929400651134,Pennsylvania Health Access Network,PA HEALTH ACCESS NETWORK,≤100
109374912424067,Drew McKissick,DrewMcKissick.com,≤100
106500085591812,irandiscourse,These ads ran without a disclaimer,≤100
206720776418967,Society of Native Nations,Society of Native Nations,≤100
59473866945,Oregon AFL-CIO,OREGON AFL-CIO,≤100
102356589314098,Political Comms,Political Comms LLC,≤100
105155545186714,Friends of Orono,Friends of Orono,≤100
182586558444730,National Family Farm Coalition,These ads ran without a disclaimer,≤100
1609524372666654,Aqua Home Care,These ads ran without a disclaimer,≤100
488740674837681,198 Methods,198 methods,≤100
101541668799519,Huffines Liberty Foundation,Huffines Liberty Foundation,≤100
111904024679959,Bold Majority,BOLD MAJORITY PAC,≤100
108334122071103,Justin Grant,These ads ran without a disclaimer,≤100
316955281351,APWU - The American Postal Workers Union,AMERICAN POSTAL WORKERS UNION,≤100
1788530101402591,Rep. John McCravy,McCravy for House,≤100
101204378825808,Fight the Right,FIGHT THE RIGHT PAC,≤100
103210743084765,Resonate,Resonate,≤100
32050048014,The Conservation Fund,"CONSERVATION FUND, A NONPROFIT CORPORATION, THE",≤100
392189600337,Minnesota Nurses Association,Minnesota Nurses Association,≤100
110133700706695,2 Queers In A Truck,2 Queers In A Truck,≤100
225902781414,William Gheen President of Americans for Legal Immigration,AMERICANS FOR LEGAL IMMIGRATION PAC,≤100
512954815727434,Jake Ellzey,JAKE ELLZEY FOR CONGRESS,≤100
101568141994,Dutchess County Dems,Dutchess County Dems,≤100
119875179042,Josh Stein,JOSH STEIN FOR NORTH CAROLINA,≤100
1914561178824972,Trumped,Christopher Charles Cooper,≤100
248826618466199,TechVision21,These ads ran without a disclaimer,≤100
187713745097888,Save the Alamo,Save The Alamo Committee,≤100
186108419168,SEIU Local 503,"SERVICE EMPLOYEES INTERNATIONAL UNION LOCAL 503, OREGON PUBLIC EMPLOYEES UNION",≤100
296451777564823,Indiana Environmental Reporter,Indiana Environmental Reporter,≤100
100968665538530,The House Jewel,These ads ran without a disclaimer,≤100
386097191858735,Alliance For Period Supplies,These ads ran without a disclaimer,≤100
107828162210962,State Affairs Indiana,STATE AFFAIRS LLC,≤100
107010494015560,Virginians for Clean Energy,270 Strategies,≤100
323725548525314,ECOccasion,Ecoccasion,≤100
275947565591,Woods & Woods The Veterans Firm,"Woods & Woods, LLC",≤100
112912573793125,Rise Up for Justice,Avrom L Altman,≤100
112364384923739,"McCaskill for Mayor Harvey, IL 60426",Friends of Anthony L McCaskill,≤100
107819065016061,hairbyautumnlambert,These ads ran without a disclaimer,≤100
593172347708466,Oregon Forests Forever,OREGON FOREST INDUSTRIES COUNSEL,≤100
73234973898,Stages,Stages,≤100
100273805531723,New Pennsylvania Project,New Pennsylvania Project,≤100
103681409123094,4VABenefits.com,These ads ran without a disclaimer,≤100
372799605421,DeSmog,DeSmog,≤100
505082913012317,Must Read Alaska,Must Read Alaska LLC,≤100
108292944333886,"Julia Sullivan, Author",Julia E. Sullivan,≤100
216052228433696,Arcus Foundation LGBTQ Social Justice,ARCUS FOUNDATION,≤100
109688008275518,Denver Ad School,These ads ran without a disclaimer,≤100
104940745834461,Maturano For District Judge,Antonio A. Maturano III,≤100
1909194012659378,Derek DeLuca for Fire Commissioner,Derek Deluca,≤100
109963448662523,Roots for Mayor,Roots for Chester,≤100
177738085711308,Hunger Solutions New York,Hunger Solutions New York,≤100
115467178130240,mosesmassenburg,These ads ran without a disclaimer,≤100
100168566232753,IRS Helper,Leads Team LLC,≤100
118635175464489,uPolitics,"Uinterview, Inc.",≤100
105331262335948,Anthem Bands,These ads ran without a disclaimer,≤100
102156565432509,sheisjmariah__30,These ads ran without a disclaimer,≤100
154760191298370,Stio,These ads ran without a disclaimer,≤100
20603236087,Love146,"LOVE146, INC.",≤100
106160454878601,Alex Bucelo for Coral Gables Commission,Alex Bucelo Campaign,≤100
105566824535889,Floridians for Ethics and Truth in Politics,Floridians for Ethics and Truth in Politics,≤100
102028085705400,GhostRunner - TREK Across America,William Edward Mcternan,≤100
240425642652222,South Florida Wildlands Association,South Florida Wildlands Association,≤100
258423574619883,Friends of Linda Hudson,Friends of Linda Hudson,≤100
126855128568,FEBC (Far East Broadcasting Company),"FAR EAST BROADCASTING COMPANY, INC.",≤100
103387475108048,Rimm-PODCAST,Igor Spasojevic,≤100
66237904047,Marine Fish Conservation Network,Marine Fish Conservation Network,≤100
497348647140658,Point Source Youth,These ads ran without a disclaimer,≤100
103828241312020,Sarasota County Democratic Jewish Caucus,Sarasota County Democratic Party Jewish Caucus,≤100
1792966030729641,"Wild Project - Leadership, Organizing, & Action",Wisconsin Leadership Development Project,≤100
105990415642100,DeSantis Supporters,Logan Thomas Corson,≤100
109331852481564,Tompkins County Workers' Center,"Tompkins County Workers' Center, Inc.",≤100
102262718547519,Crazy Uncle Gil,Gilbert Cuevas,≤100
106426150767053,"Angela Burns for Delray Beach City Commission, Seat 4",Angela Burns for City Commission,≤100
2166669503559417,Duane Adams,Friends of Duane Adams,≤100
112022491619318,American Apex News,Logan Thomas Corson,≤100
476783733146107,Oscar Armando Trujillo,These ads ran without a disclaimer,≤100
887139178003592,The Dean Obeidallah Show,The Dean Obeidallah Show,≤100
169840807024913,Jobob,The Jobob Show,≤100
363500867116594,Will Metcalf,Will Metcalf,≤100
60035389681,First Things,INSTITUTE ON RELIGION & AMP PUBLIC LIFE,≤100
539618616234937,GateWay Second Chance Foundation,GateWay Second Chance Foundation,≤100
86711894400,National Write Your Congressman,National Write Your Congressman,≤100
102089412666187,Jessie Fuentes for 26th Ward,Friends of Jessie Fuentes,≤100
104310075898159,Botsford For Alderman,Botsford for Alderman,≤100
674182529399211,Gun Owners Radio,Gun Owners Media LLC,≤100
307577909645,Elizabeth River Project,ELIZABETH RIVER PROJECT,≤100
104760932430136,"Lamont Robinson, for 4th Ward Alderman",Lamont Robinson for Alderman,≤100
112227840600450,Greening Your Life -GYL,GreeningYourLife.Org,≤100
134571176638205,One Tree Planted,These ads ran without a disclaimer,≤100
360701407356668,WorldLifestyle,These ads ran without a disclaimer,≤100
118372414848063,UN Women USA,UN Women USA,≤100
974126329589574,TurnUp,Turnout Activism Inc.,≤100
106095601125529,"Reaching Everyone In Distress Foundation, Inc.",Reaching Everyone in Distress Foundation Inc.,≤100
108211302037259,Caring For Our Seniors,Caring For Our Seniors,≤100
106137965200119,Indian River News,"Indian River News, LLC",≤100
102502875933803,Royal Watch,These ads ran without a disclaimer,≤100
276076196388914,Coffee & Pan Dulce Show,Coffee & Pan Dulce Show,≤100
108656981864126,Vicko for 15,Vicko for 15,≤100
109068551731974,Sillychillly,Marc Alan Goldstein,≤100
1829903547315505,Jasmine Anderson,These ads ran without a disclaimer,≤100
2165441450136848,"Issues with Mail Order Pharmacy, Corporate Retail Pharmacy, & PBMs",Unite For Safe Medications,≤100
99050726344,Phillips Theological Seminary,PHILLIPS THEOLOGICAL SEMINARY,≤100
701541503526361,Arizona Leadership Coalition,Arizona Leadership Coalition,≤100
100357348516487,States United Democracy Center,States United Democracy Center Inc.,≤100
102579545542110,Mission Alpha Advocacy,These ads ran without a disclaimer,≤100
288369791569,SEIU 721,SEIU Local 721,≤100
683095228488145,Scott McKnight,The Scott McKnight Campaign,≤100
458643554482238,Uri Velez La Sra de los Seguros,Euridis Velez,≤100
270826723039149,The Coalition to Protect Americas National Parks,"COALITION OF NATIONAL PARK SERVICE RETIREES, INC.",≤100
1383059588609414,Eric Lucero for MN Senate,Lucero For State Senate Committee,≤100
118231994497054,Tommy4PISD • Tommy Van Wolfe for Prosper ISD School Board - Place 5,"Tommy4PISD - Tommy Van Wolfe for Prosper ISD School Board, Place 5",≤100
117214891638398,Street Grace,Street Grace Inc,≤100
1720878078241107,Conservative Move,Conservative Move,≤100
101032349594640,Monica Nagy,These ads ran without a disclaimer,≤100
108505418632952,Climate change is real,Michael Test,≤100
223922031074790,The Abortion Survivors Network,The Abortion Survivors Network,≤100
349528025129958,"Brevard County Sheriff's Office, Florida (Official)",Robert Wayne Ivey,≤100
112039681795793,Orlando Lamas for City Council,Orlando Lamas for Miami Springs City Council,≤100
102691808529879,Neha Lee Designs and Illustrations,These ads ran without a disclaimer,≤100
1713655282191321,Family Justice Resource Center,Family Justice Resource Center,≤100
105369351871470,Brewer For Jax,"Norman Brewer, Republican, for Jacksonville City Council, District 11.",≤100
116763364658658,isis.reign52,These ads ran without a disclaimer,≤100
117428850086366,"1848 Project, Inc.",1848 Project Inc,≤100
102419798500457,Baird Built,These ads ran without a disclaimer,≤100
315239882190480,The Fonz F. The Police,These ads ran without a disclaimer,≤100
51005914361,AARP North Dakota,AARP,≤100
64468870451,Premiere Speakers Bureau,Premiere Speakers Bureau,≤100
107344338471443,Jordan Faircloth for Judge,Jordan Faircloth for Judge,≤100
110778427084580,lilya_sourine,These ads ran without a disclaimer,≤100
101823082813110,Advancing Florida,ADVANCING FLORIDA,≤100
22560886676,Ché Ahn,Che Ahn Ministries,≤100
1269485653192452,Tombstone2,Mohammed Nasir Razavi,≤100
108180206470137,Iowans for Wind & Solar,270 Strategies,≤100
101958209855093,Lost Valley Educational Center & Meadowsong Ecovillage,These ads ran without a disclaimer,≤100
103750145382852,Mila_Didenko_art,These ads ran without a disclaimer,≤100
104650332347646,BFF UCW,These ads ran without a disclaimer,≤100
143027005905095,"C. A. Goldberg, PLLC",Crisp,≤100
158337134192979,Career Education Colleges and Universities,Career Education Colleges and Universities,≤100
107034212203962,Carol Binks Page,These ads ran without a disclaimer,≤100
163241007045104,a5 Inc.,a5 Branding and Digital,≤100
121169024623329,"Ho-Chunk, Inc.","Ho-Chunk, Inc.",≤100
102849569372187,Cactus Reports,Timothy A Wilson,≤100
838799112914425,Wisconsin Justice Initiative,Wisconsin Justice Initiative Inc.,≤100
265311240094,QUAD A,These ads ran without a disclaimer,≤100
103890642536849,Dan Cuevas for Harrison County Supervisor DIST 1,Dan Cuevas for Harrison County Supervisor DIST 1,≤100
18780321251,American Chemistry,American Chemistry Council,≤100
115893971119624,thechipodcast,These ads ran without a disclaimer,≤100
106068488158725,Graduatez - College Journey,These ads ran without a disclaimer,≤100
721423631394373,Josh Guillory,Friends of Josh Guillory,≤100
111166248276745,Invisible Republic,These ads ran without a disclaimer,≤100
118349138343701,Congressman Hakeem Jeffries,Office of Congressman Hakeem Jeffries (NY-08),≤100
104462539241940,IndiTimes,These ads ran without a disclaimer,≤100
101280139540213,Çok karışık,These ads ran without a disclaimer,≤100
173263326992,Healthline,These ads ran without a disclaimer,≤100
140660122658645,Wilmington Area Planning Council,Wilmington Area Planning Council (WILMAPCO),≤100
1287861591318853,ITR Foundation,TEF Iowa,≤100
156802024655451,Colorado Care Workers Unite,Colorado Care Workers Unite,≤100
260376280701991,Transform Fitness,These ads ran without a disclaimer,≤100
105495775564367,President Trump Updates,Logan Thomas Corson,≤100
115707720558595,Red Carpet,These ads ran without a disclaimer,≤100
1856796051005157,Cody Harris,Cody Harris Campaign,≤100
1955953381348064,State Representative Trent Ashby,Texans for Trent Ashby,≤100
148731991811588,Baird,Robert W. Baird & Co. Incorporated,≤100
407767916003589,U.S. Representative John Carter,Office of U.S. Representative John Carter,≤100
105617524548,Sketchworks Comedy,Brian Alexander Troxell,≤100
103974389650244,Amenders for Federal Spending Control,Mark Albert Meier,≤100
725094151027060,"Paterson, NJ Local - News Break",These ads ran without a disclaimer,≤100
116945211276055,Make America Florida,Logan Thomas Corson,≤100
314796233506,Pine Township Democratic Committee,Pine Township Democratic Committee,≤100
127691390582,PHI,"PARAPROFESSIONAL HEALTHCARE INSTITUTE, INC.",≤100
147523538641547,Capitol Ministries,CAPITOL MINISTRIES,≤100
107418177702609,Middle America News,Logan Thomas Corson,≤100
104308875463441,Liz Ortega for Assembly,Liz Ortega for Assembly,≤100
353684629005819,Stop False Police Reporting,Wing Ming Infante,≤100
104607935293881,The Invention of Dreams,These ads ran without a disclaimer,≤100
105800435721037,The Right Hour,Logan Thomas Corson,≤100
80100802880,MaleSurvivor,MaleSurvivor,≤100
275451326285097,Speak Up Shasta,Speak Up Shasta,≤100
100865866147721,Will Lahnen for City Council,Will Lahnen Campaign,≤100
935744979871743,Representative Dodie Horton,Dodie Horton Campaign,≤100
113968384915353,Jason Loper for Magisterial District Judge,Friends Of Jason Loper,≤100
162609130462859,Center for Black Equity,CBE-PRIDE,≤100
728745887260738,Ben Queen,Friends of Ben Queen,≤100
109673787962895,We Love This,These ads ran without a disclaimer,≤100
1191336950894416,City of Carlsbad NM Government,Social Media Manager,≤100
112965703780909,True USA,Devin David Hermanson,≤100
108608093955148,Erin Paré for NC House District 37,Committee To Elect Erin Pare,≤100
92021268117,Working America,Working America,≤100
106230701408783,Congressman Byron Donalds,Congressman Byron Donalds,≤100
103274742643,Centro Romero,Centro Romero,≤100
1127813317234428,Far-Left Publications,These ads ran without a disclaimer,≤100
2332258203674043,The PAS Report Podcast,The P.A.S. Report,≤100
577812748950650,Colchester CT Democratic Town Committee,Colchester Democratic Town Committee,≤100
186070498791676,The Dude,The Dude's Designs,≤100
108626754131982,I AM FUSE,These ads ran without a disclaimer,≤100
96953371815,UJA-Federation of New York,UJA-Federation of New York,≤100
101564054951838,We The Forest,We The Forest,≤100
31597994711,National Apartment Association,NATIONAL APARTMENT ASSOCIATION,≤100
309118721098,CCHF (Christian Community Health Fellowship),These ads ran without a disclaimer,≤100
105007684895451,Bucks United,Bucks United PA,≤100
385593701492799,Dr. Larry Macon Sr,These ads ran without a disclaimer,≤100
107374178921080,Ken Amaro for City Council,Ken Amaro Campaign,≤100
107512598811758,Kleurrijk Hardenberg,These ads ran without a disclaimer,≤100
110729858382570,Jeff Ulin - Author,These ads ran without a disclaimer,≤100
886191521715047,Gemini Energy Solutions,These ads ran without a disclaimer,≤100
105465711300148,Knowledge Share - University & Research center patent platform,These ads ran without a disclaimer,≤100
223091361173061,Emalco Enamelware Company,These ads ran without a disclaimer,≤100
389481474491627,Mountain Life,These ads ran without a disclaimer,≤100
111256214715874,Sky Fly Visa Service,These ads ran without a disclaimer,≤100
109952211936897,darvas_trading_signals,These ads ran without a disclaimer,≤100
409786973169158,Tru Earth,These ads ran without a disclaimer,≤100
105740307864116,Achei Store,These ads ran without a disclaimer,≤100
114196398242331,PinoyHubs.Net Internet & Technology Forums,These ads ran without a disclaimer,≤100
115280827853003,angelica_de_vito,These ads ran without a disclaimer,≤100
102785443428794,Author Vann Chow,These ads ran without a disclaimer,≤100
31292782350,Deutschland.de,These ads ran without a disclaimer,≤100
678094802296447,AHR Group,These ads ran without a disclaimer,≤100