﻿Page ID,Page name,Disclaimer,Amount spent (USD)
81089852182,U.S. Embassy Ecuador,Embassies: U.S. Embassy Ecuador,≤100
857378244370245,BanEcuador,BanEcuador,≤100
387524221281304,Ministerio Turismo Ecuador,Alexandra Montero,≤100
105539772365757,Mentordemy,Mentordemy,≤100
486957511486639,Liderazgo Capacitación Ecuador,These ads ran without a disclaimer,≤100
101056676141616,Asesoría Política - Goberna Ecuador,Goberna Ecuador S.A.S,≤100
2497449046945249,El Purgatorio,Denisse Murillo Alvarado,≤100
237469833662018,Observatorio Judicial Ecuador,Ciudadanía y Desarrollo,≤100
1025791137510876,Juan Fernando Flores,Juan Fernando Flores Arroyo,≤100
103189304984470,Ab. Miguel Ruiz,Miguel Ruiz,≤100
112981504211534,Luis Zambrano - Servicios de Ingeniería & Compras Públicas.,Luis Zambrano - Servicios de Ingeniería & Compras Públicas.,≤100
101062965008766,Jairo Vasquez Vargas,Jairo David Vasquez Vargas,≤100