﻿Page ID,Page name,Disclaimer,Amount spent (EUR)
101519168409673,Dimitar Kovacevski,СДСМ,≤100
100954761298205,frontline.mk,frontline.mk,≤100
102860779377395,Само кажувам,Само кажувам,≤100
192483774872658,Демократи,Демократи,≤100
1482737048633478,Институт за комуникациски студии ИКС / Institute of Communication Studies,Институт за комуникациски студии,≤100
590981394365638,Maksim Dimitrievski,Maksim Dimitrievski,≤100
324459714339171,Civil MK,Civil MK,≤100
1677572455714659,Јорго Огненовски,Jorgo Ognenovski,≤100
100746718435265,Fatmir Bytyqi,Fatmir Bytyqi,≤100
101754962766151,Рацин.мк,Рацин.мк,≤100
287369438092961,Бојан Стојаноски,Бојан Стојаноски,≤100
152995591517845,Novatv Web,Novatv Web,≤100
1431650310475334,Vlado Misajlovski,Vlado Misajlovski,≤100
1723716297849902,Ljupcho Nikolovski,Ljupcho Nikolovski,≤100
101694005032101,Bojan Maricik,Bojan Maricik,≤100
1492262604426519,Орце Ѓорѓиевски - Orce Gjorgjievski,Орце Ѓорѓиевски,≤100
164829683652900,Faktor.mk,Faktor.mk,≤100
108888435328642,Glasot na Evropa,These ads ran without a disclaimer,≤100