﻿Page ID,Page name,Disclaimer,Amount spent (GTQ)
331961940541181,Partido Victoria,Partido Político Victoria,≤100
101747092677033,Biopapama,Bio Papama,≤100
106806278789404,Podemos Huehuetenango,Podemos Huehuetenango,≤100
104088575626269,Unidad Nacional de la Esperanza Xela,Unidad Nacional de la Esperanza Xela,≤100
100423518427634,Comisión Presidencial Contra la Corrupción,Comisión Presidencial Contra la Corrupción,≤100
110582257361172,Partido Azul,Partido Azul,≤100
1598705903725096,Secretaría de Economía y  del Trabajo.,These ads ran without a disclaimer,≤100
109189810962889,Comunidad Elefante,Shorik Yann Mejia Blanco,≤100
111035383962426,Noticias Tacaná,Jennifer Lopez,≤100
101523721591377,Noticias Tejutla,Jennifer Lopez,≤100
68793499001,UNICEF,These ads ran without a disclaimer,≤100
281554395331686,República,"Republica GT, S.A.",≤100
106908785419555,Goberna Guatemala,Goberna,≤100
1453114248315341,Hispanos Press,These ads ran without a disclaimer,≤100