﻿Page ID,Page name,Disclaimer,Amount spent (NGN)
1600094170320323,Enormous FACTS,Enormous FACTS Magazine by MediaMall,4883
54779960819,United Nations,United Nations with Facebook Ad Credits,2903
107260805514827,Obidient Isang Sam Udo-Akagha,Lampro Ventures,2224
191066234648103,Shehu Musa Yar'Adua Foundation,Shehu Musa Yar'Adua Foundation,890
103004258030272,Imoh Inyangette,Imoh Inyangette,393
100143219480084,Keep Hope Alive Initiative,Edidiong Ernest,300
14312764639,Atiku Abubakar,The Atiku Campaign,259
1089641091059109,Hon. Kelechi Nwogu,Fabia Benibo,221
660685641036325,Sandeco Group,Vincent Southey Effiong,161
106955635517175,Petroleum Industry Act and You,The Nigerian Upstream Petroleum Regulator Commission,129
1924396441113309,Onogwu Muhammed,Martins Onuorah,≤100
171885956874687,Because Of Our Tomorrow,BOOT Party,≤100
113312051377035,Professor Christopher Imumolen,Irene Christopher Imumolen,≤100
101633582008609,The Fidelinfo News,Fafoluyi Olayinka Micheal,≤100
971769479677563,Gbenga Olawepo-Hashim,Olushola Oni,≤100
105208365731340,F-SAO4Tinubu/Shettima2023,Emmanuel Oko,≤100
266906487061241,Y Monitor,The Future Project,≤100
102710114468124,Rics Gomina,Emmanuel Rics Gomina,≤100
1551994548353542,Precious Lemmy,These ads ran without a disclaimer,≤100
107241665289643,Nigeria 4 Peter Obi,Ajibola Adeboye,≤100
102450809270806,Kangiwa 360,Yusuf Salisu Funtua,≤100
1598205703573433,Senator Uba Sani,Uba Sani Media,≤100
106746234702890,E.D.O TV,John Obijeme Ii,≤100
579731102381281,Hon Ogechukwu Ibemesi,Hon Ogechukwu Ibemesi,≤100
102169824695398,Rero TV,These ads ran without a disclaimer,≤100
119921809408007,Don King Media,Don King Media,≤100
101622722635138,Advocacy For Good Governance,Nnadi Sunny,≤100
1102698893087946,Pevron Technology,Collins Uwomano Otuwho,≤100
101830669421423,Realone Media,These ads ran without a disclaimer,≤100
101059974950405,Boyceezy,These ads ran without a disclaimer,≤100
105827948663647,Within Nigeria,WITHIN NIGERIA MEDIA LTD,≤100
108377867986947,OrisunAyo Radiotv,These ads ran without a disclaimer,≤100
109225188534168,Northwest-Northeast Concern Youth Movement for Tinubu/Kashim 2023.,Mubarak Hamza Adam,≤100
102169824695398,Rero TV,Oghenebrorhie Okotie,≤100
1906879149346640,HPS ROOF TILES,These ads ran without a disclaimer,≤100
274811734355511,Insight 4 Impact Foundation,Insight 4 Impact Foundation,≤100
106170692102464,T.M Ozioko ESQ.,These ads ran without a disclaimer,≤100
126460284139483,Nigerianeye,NigerianEye,≤100
109826728614865,99intelligence,These ads ran without a disclaimer,≤100
661065317375273,Beyond Clothing Nigeria,Beyond Clothing Ltd,≤100
1556481434584901,Paul Xavier,These ads ran without a disclaimer,≤100
101620952700531,Babandi Ibrahim,Babandi Gumel Ibrahim,≤100
102835755970763,NN19,NN19,≤100
104469411589270,"I Stand With Linus Okorie, Kama Peter Obi",These ads ran without a disclaimer,≤100
107330044933868,UNDP Africa,These ads ran without a disclaimer,≤100