﻿Page ID,Page name,Disclaimer,Amount spent (USD)
353943391364252,TV Imedi,TV Imedi,181
101183782205426,სინამდვილეში,სინამდვილეში,≤100
198164676867952,განათლებისა და მეცნიერების სამინისტრო,საქართველოს განათლებისა და მეცნიერების სამინისტრო,≤100
225385184188101,ქართული ოცნება / Georgian Dream,ქართული ოცნება / Georgian Dream,≤100
104544911468291,შალვა პაპუაშვილი • Shalva Papuashvili,Georgian Dream,≤100
749989348701035,ეს ქვეყანა შენია • This country is yours,Civil Society Institute,≤100
32810184427,Liberty Institute • თავისუფლების ინსტიტუტი,Liberty Institute,≤100
651534988375338,POSTV - ანალიტიკა,POSTV LLC,≤100
194165114388891,ევროპული საქართველო • European Georgia,ევროპული საქართველო,≤100
182742568494417,შინაგან საქმეთა სამინისტრო / Ministry of Internal Affairs of Georgia,Ministry Of Internal Affairs,≤100
126642864053395,ღია საზოგადოების ფონდი I Open Society Georgia Foundation,OSGF,≤100
179300065451916,საქართველოს იუსტიციის სამინისტრო,საქართველოს იუსტიციის სამინისტრო,≤100
112698110523947,7- მოქალაქეები/Citizens,ალეკო ელისაშვილი - მოქალაქეები,≤100
1159313984168136,europop,Popsport,≤100
1886767171598724,ფლანგვის დეტექტორი,ფლანგვის დეტექტორი,≤100
107212234052832,მედიაკრიტიკა / Mediacritic,მედიაკრიტიკა / Mediacritic,≤100
109793210760998,Safe You - საქართველო,Safe You Georgia,≤100
102634668592847,გიორგი ამილახვარი / Giorgi Amilakhvari,გიორგი ამილახვარი / Giorgi Amilakhvari,≤100
864669130307655,GITA • Tech Park,These ads ran without a disclaimer,≤100
106696602753341,ეკონომიკისა და მდგრადი განვითარების სამინისტრო,ეკონომიკისა და მდგრადი განვითარების სამინისტრო,≤100
1436499703296575,მითების დეტექტორი,მითების დეტექტორი,≤100
179119122157809,Pia.ge - ახალი ამბები,Pia.ge - ახალი ამბები,≤100
467242696954558,POSTV,POSTV,≤100
101760828848427,იახსარი - ႨႠႾႱႠႰႨ,These ads ran without a disclaimer,≤100
133052760057128,Tabula - ტაბულა,Tabula - ტაბულა,≤100
285690758154568,გარემოს დაცვისა და სოფლის მეურნეობის სამინისტრო,გარემოს დაცვისა და სოფლის მეურნეობის სამინისტრო,≤100
1746063075610569,საფარი • Sapari,Union Sapari,≤100
536906143912475,RealPolitika • რეალპოლიტიკა,Gmc • მმართველობის მონიტორინგის ცენტრი,≤100
1031485756902883,გირჩი • Girchi,გირჩი • Girchi,≤100
1709314685984193,სტრატეგია აღმაშენებელი • Strategy Aghmashenebeli,სტრატეგია აღმაშენებელი • Strategy Aghmashenebeli,≤100
1267468489937737,"აი, ფაქტი • ifact.ge","აი, ფაქტი • ifact.ge",≤100
212978765493005,ძალადობისგან დაცვის ეროვნული ქსელი / Anti-Violence Network of Georgia,Anti-Violence Network of Georgia,≤100
262575877222080,ეროვნული სატყეო სააგენტო,ეროვნული სატყეო სააგენტო,≤100
180568365331697,შერიგებისა და სამოქალაქო თანასწორობის საკითხებში სახელმწიფო მინისტრის აპარატი,SMR Georgia,≤100
107336238433922,PrimeNews.Ge,PrimeNews.Ge,≤100
480323335835739,მაუწყებელი • Mautskebeli,მაუწყებელი • Mautskebeli,≤100
105294965729965,საქართველო უპირველეს ყოვლისა  • Georgia First,Georgia First,≤100
121078177912733,საქართველოს იუსტიციის სასწავლო ცენტრი -TCJ,საქართველოს იუსტიციის სასწავლო ცენტრი -TCJ,≤100
105132801907394,საქართველოს ხმა,საქართველოს ხმა,≤100
277709595710849,სოფლის განვითარების სააგენტო - Rural Development Agency,სოფლის განვითარების სააგენტო - Rural Development Agency,≤100
101567864590599,კვლევითი ინსტიტუტი Gnomon Wise,Gnomon Wise,≤100
107709478476649,Tamar Chergoleishvili,European Georgia,≤100
194582501162686,KiKi,Tanadgoma,≤100
414248619353564,საქართველოს დაბადება,გირჩი • Girchi,≤100
146485005422635,საქართველოს ხელოვნების სასახლე-კულტურის ისტორიის მუზეუმი,საქართველოს ხელოვნების სასახლე-კულტურის ისტორიის მუზეუმი,≤100
212371088796021,საქართველოს რეგიონული განვითარებისა და ინფრასტრუქტურის სამინისტრო,საქართველოს რეგიონული განვითარებისა და ინფრასტრუქტურის სამინისტრო,≤100
766565596708923,ალექსანდრე ელისაშვილი / Alexander Elisashvili,ალეკო ელისაშვილი - მოქალაქეები,≤100
108652531483661,ქართული ოცნება ჩემი არჩევანია,ქართული ოცნება ჩემი არჩევანია,≤100
101545558591952,დავით ფაცაცია / David Patsatsia,დავით ფაცაცია / David Patsatsia,≤100
656462304404326,Служба розшуку дітей,These ads ran without a disclaimer,≤100
107034578358462,პოლიტიკური სატირა / Political Satire,პოლიტიკური სატირა / Political Satire,≤100
106783775294343,სპეციალური საგამოძიებო სამსახური • Special Investigation Service,Special Investigation Service,≤100
222439314545383,სახელმწიფო სერვისების განვითარების სააგენტო / psda,სახელმწიფო სერვისების განვითარების სააგენტო / psda,≤100
102689205025480,ქეთი თურაზაშვილი - Keti Turazashvili,ალეკო ელისაშვილი - მოქალაქეები,≤100
103965262533554,არ აგარევინებთ,არ აგარევინებთ,≤100
497425910290053,სოციალური სამართლიანობის ცენტრი• Social Justice Center,Emc • ადამიანის უფლებების სწავლებისა და მონიტორინგის ცენტრი,≤100
106876831752797,Information Integrity Coalition • კოალიცია ინფორმაციის სანდოობისთვის,These ads ran without a disclaimer,≤100
471759786227198,Factcheck.ge,Factcheck.ge,≤100
136827876490842,საინფორმაციო ცენტრი ნატოსა და ევროკავშირის შესახებ • NATO & EU Info Center,საინფორმაციო ცენტრი ნატოსა და ევროკავშირის შესახებ • NATO & EU Info Center,≤100
102355928774989,საინფორმაციო ცენტრი ნატოსა და ევროკავშირის შესახებ - რეგიონები,საინფორმაციო ცენტრი ნატოსა და ევროკავშირის შესახებ - რეგიონები,≤100
106059902195415,CourtWatch.ge - იყავი ინფორმირებული სასამართლოზე,Georgian Court Watch,≤100
1097681207089811,პუბლიკა • Publika,პუბლიკა • Publika,≤100
105513718835653,"მეცნიერების, განათლებისა და კულტურის პროფკავშირი - SEC Workers Union","მეცნიერების, განათლებისა და კულტურის პროფკავშირი - SEC Workers Union",≤100
115293058488180,საქართველოს ეროვნული არქივი/National Archives of Georgia,საქართველოს ეროვნული არქივი/National Archives of Georgia,≤100
196407173753743,ბოლნისის მუნიციპალიტეტის მერია/ Bolnisi Municipality City Hall,ბოლნისის მუნიციპალიტეტის მერია/ Bolnisi Municipality City Hall,≤100
2136963033183230,თორნიკე რიჟვაძე • Tornike Rijvadze,თორნიკე რიჟვაძე • Tornike Rijvadze,≤100
1396827330340895,გოგი მეშველიანი / Gogi Meshveliani,გოგი მეშველიანი / Gogi Meshveliani,≤100
197243066983672,ერთიანი ნაციონალური მოძრაობა • United National Movement,ერთიანი ნაციონალური მოძრაობა • United National Movement,≤100
1152104411502228,ნინო წილოსანი • Nino Tsilosani,ნინო წილოსანი • Nino Tsilosani,≤100
147881438604435,გიორგი კეკელიძე • Giorgi Kekelidze,Kekelidze,≤100
608650595820049,The Conqueror Challenges,These ads ran without a disclaimer,≤100
109624013843429,ახალგაზრდობის სააგენტო • Youth Agency,These ads ran without a disclaimer,≤100
108625789179165,Soi Dog Foundation,These ads ran without a disclaimer,≤100
101760022372875,omerfarukalpdogan,These ads ran without a disclaimer,≤100