﻿Page ID,Page name,Disclaimer,Amount spent (VND)
101914358044085,Tài Liệu Ôn Thi Viên Chức Giáo Dục,Tài Liệu Ôn Thi Viên Chức Giáo Dục,14743
105473397490741,Phạm Thị Nga,These ads ran without a disclaimer,13269
111267731617802,Lương Y Phạm Văn Thanh - Người Thầy Y Đức,These ads ran without a disclaimer,9087
106261062530450,PGS.TS BS - Hồ Bá Do - 0348 502 061,These ads ran without a disclaimer,6124
101822809264414,Tài Liệu Giá Rẻ,These ads ran without a disclaimer,5499
104658137572270,Xưởng Mica - Bảng Tên Hà Nội 24h,These ads ran without a disclaimer,2435
109210712189961,Phongthuynhatlong 0901560339,These ads ran without a disclaimer,2325
100642569492416,Ng.Thị Thu Thảo,These ads ran without a disclaimer,2240
106550575650695,"Lương Y Lý Xuân Cường - Chuyên Trị U Tuyến Giáp, U Xơ, U Nang",These ads ran without a disclaimer,1297
105198195869454,Du học kép tại Đức - Do Chính Phủ Hỗ Trợ,These ads ran without a disclaimer,1234
108115625413415,M-LMS,M-LMS,970
1594005334231968,Daedong Korea Ginseng,These ads ran without a disclaimer,936
106402155405382,Thế Giới Sách Hay,These ads ran without a disclaimer,650
108685817326606,Truther Piece Official,These ads ran without a disclaimer,325
109946641636247,Lương Y Phạm Văn Thanh,These ads ran without a disclaimer,≤100
108725028912671,chusim01,These ads ran without a disclaimer,≤100
101348545904755,Dạ Dày Đại Tràng - Thầy Phạm Văn Thanh,These ads ran without a disclaimer,≤100
108625789179165,Soi Dog Foundation,These ads ran without a disclaimer,≤100
100292126477041,Lương Y Phạm Văn Thanh - Sỏi Thận - Sỏi Mật,These ads ran without a disclaimer,≤100
101291915685026,Thầy Thuốc Nhân Dân Phạm Văn Thanh,These ads ran without a disclaimer,≤100
108284078958052,Đời Sống Và Sức Khỏe,These ads ran without a disclaimer,≤100