﻿Page ID,Page name,Disclaimer,Amount spent (USD),Number of ads in Library
126668827387504,SmartBuy,SmartBuy,2193,4
102931605845722,تيار وطني يهدف لتأسيس حزب باسم العمل,حزب العمل,≤100,18
109854728594212,برنامج تحديث القطاع العام,برنامج تحديث القطاع العام,≤100,1
125373780969652,المحامي حسام حسين الخصاونة,These ads ran without a disclaimer,≤100,1
103323581486845,النائب سليمان موسى ابو يحيى,Sleman Abuyahia,≤100,18
664477853670759,المكتب الاعلامي للنائب معتز ابورمان,المكتب الاعلامي للنائب معتز ابورمان,≤100,6
413390475437832,راصد الأردن _ RASED Jordan,راصد الأردن _ RASED Jordan,≤100,4
143739582338846,"بسمة الحياة ""Basmt Al Haya""","بسمة الحياة ""Basmt Al Haya""",≤100,1
108964362065884,الأحرار لحفر الآبار,الأحرار لحفر الآبار,≤100,1
107141858896307,Rewell Society,Rewell Society,≤100,1
905208189574429,We Rise Center for Sustainable development- مركز نحن ننهض للتنمية المستدامة,We Rise Center for Sustainable development- مركز نحن ننهض للتنمية المستدامة,≤100,2
112735854756328,حزب الائتلاف الوطني,National Coalition Party - حزب الائتلاف الوطني,≤100,3
103568389456962,شيخ روحاني ابو يحيى,These ads ran without a disclaimer,≤100,1
1874552156187102,Smart Food jordan,These ads ran without a disclaimer,≤100,1
521303771314889,وزارة الصناعة و التجارة و التموين الاردنية Mit.gov.jo,وزارة الصناعة و التجارة و التموين الاردنية Mit.gov.jo,≤100,1
248547585333443,قناة الغد Alghad TV,These ads ran without a disclaimer,≤100,1
512436282119834,الأستاذ محمد عودة اللغة العربية التخصّص والمهارات,These ads ran without a disclaimer,≤100,1
110148701476626,m9.p,These ads ran without a disclaimer,≤100,1
101082842736363,The world of reader,These ads ran without a disclaimer,≤100,1
101454846324387,Bdjkl-1234,These ads ran without a disclaimer,≤100,1
280998679055631,محمد العوضي,These ads ran without a disclaimer,≤100,1
212732770186,Tom MacDonald,These ads ran without a disclaimer,≤100,1
102237556148356,وجهة+,These ads ran without a disclaimer,≤100,1