﻿Page ID,Page name,Disclaimer,Amount spent (USD)
108600575420958,goodnewsnationofficial,These ads ran without a disclaimer,≤100
102023009327901,Global Compassion Coalition,These ads ran without a disclaimer,≤100
111679394767549,المشروع القومي لمشتقات البلازما,These ads ran without a disclaimer,≤100
2227296763963611,Life At Zero Development Society of Canada,These ads ran without a disclaimer,≤100
31292782350,Deutschland.de,These ads ran without a disclaimer,≤100