﻿Page ID,Page name,Disclaimer,Amount spent (USD)
944644078980153,"Securities and Exchange Commission, Ghana","Securities and Exchange Commission, Ghana",≤100
100187268355709,KYSFM-English,Rashida Fatawu,≤100
102618778592624,Come Unto Christ In West Accra,Come Unto Christ In West Accra,≤100
1885114401706195,Dr. Matthew Opoku Prempeh,Dr. Matthew Opoku Prempeh,≤100
106313585431361,Kojo Bonsu 2024,Kojo Bonsu 2024,≤100
102179325363565,Samuel A. Jinapor,Samuel Abdulai Jinapor,≤100
151409322217001,Berlin School of Business & Innovation - BSBI,These ads ran without a disclaimer,≤100
105713881570703,Ernest Kobeah,Ernest Kobeah,≤100
427739974242140,Dr. Owusu Afriyie Akoto,Kingdom Concepts Consults,≤100
103700465929198,Hunvilla’s Corner,These ads ran without a disclaimer,≤100
102305439431641,Andrew A D Wilson,These ads ran without a disclaimer,≤100
216311481960,Bill Gates,These ads ran without a disclaimer,≤100
152956984574,International Human Rights Art Festival,These ads ran without a disclaimer,≤100
1175630379148974,China Xinhua Sci-Tech,These ads ran without a disclaimer,≤100
149407458944751,The Elites,These ads ran without a disclaimer,≤100
109256524011547,Friends of Palestine,These ads ran without a disclaimer,≤100
643647332320553,Orient - أورينت,These ads ran without a disclaimer,≤100
105675589097240,Clean Earth Solar,These ads ran without a disclaimer,≤100