﻿Page ID,Page name,Disclaimer,Amount spent (USD)
248547585333443,قناة الغد Alghad TV,These ads ran without a disclaimer,≤100
43949868082,Outright International,These ads ran without a disclaimer,≤100
995765983772115,Dzair Tube,Dzair Tube,≤100
102992285280678,الصفحة الرسمية للسيد النائب نوري سفيان,الصفحة الرسمية للسيد النائب نوري سفيان,≤100
415438789051284,"حزب سياسي جديد ""الحراك الجزائري العالمي سلمي من أجل الجزائر والقدس",These ads ran without a disclaimer,≤100
471695789620150,مؤسسة الدكتور طارق العلي للتدريب والإستشارات الإدارية,These ads ran without a disclaimer,≤100
280998679055631,محمد العوضي,These ads ran without a disclaimer,≤100
101205356314222,DzWikileaks,dzwikileaks,≤100
110148701476626,m9.p,These ads ran without a disclaimer,≤100
104140320927199,قناة الإنتصار TV,قناة الإنتصار TV,≤100
106731605578705,Abdelghani Boursali,These ads ran without a disclaimer,≤100
102237556148356,وجهة+,These ads ran without a disclaimer,≤100
107424440982021,Eekad - إيكاد,These ads ran without a disclaimer,≤100
111679394767549,المشروع القومي لمشتقات البلازما,These ads ran without a disclaimer,≤100