﻿Page ID,Page name,Disclaimer,Amount spent (ARS)
641948702550925,Catamarca Gobierno,Gobierno de Catamarca,22250
1522442044657963,Alfredo Marchioli,These ads ran without a disclaimer,7894
108949197275691,Luis Lobo Vergara,Luis Lobo Vergara,7159
100370865976735,Reporte del Valle,Reporte del Valle,6561
416391221875769,Ruben Manzi,Rubén Manzi,3387
442074085928723,Raúl Jalil,Raúl Jalil,2053
328587727262692,Eric German,Eric German,1760
174970176018,Horacio Rodríguez Larreta,Juntos por el Cambio,1579
782697941744883,Catamarca Capital,Catamarca Capital,1364
139780689504552,Frente de Izquierda,Frente de Izquierda,1307
104147274759706,Periodismo de Izquierda,Periodismo de Izquierda,1210
1383679141758544,Total República,Total República,883
189940771071192,Secretaría de Turismo de San Luis,Secretaría de Turismo de San Luis,882
367089004808,Amnistía Internacional Argentina,Amnistía Internacional Argentina,641
465558466800210,Maxi Pullaro,Unidos para Cambiar Santa Fe,631
102029445773419,Es con vos,Es con vos,627
513899261972162,Frente de Izquierda FIT,Frente de Izquierda,551
115686708175216,Alvaro Herrero 2023,Equipo Digital,311
110406051651124,Walter Barrientos,Walter Barrientos,280
111600998225620,Noticias Zero,Noticias Zero,230
100855346277788,81Dmentes,81Dmentes,212
1436075150023122,PJ Digital,PJ Digital,176
112090455034177,El Portavoz Oficial,El Portavoz,157
544986472243896,Data Diario,Data Diario,133
1779438815714208,Natalia Neme,Natalia Neme,132
111669735076988,Hora Cero,Hora Cero Noticias,128
103322152538185,La Verdad Noticias,La verdad noticias,113
20906273675,Greenpeace Argentina,Greenpeace Argentina,112
106560742263098,Noticias El Portal,Noticias El Portal,110
628498977777284,El Continental,Periodico El Continental,106
110116998602195,Boletin No-Oficial,Boletín No Oficial,≤100
102187456039094,Enterate Ya,Enterate Ya!,≤100
103740369249125,El Provinciano,El Provinciano,≤100
103846469204203,La Ola Noticias,La Ola Noticias,≤100
958750317533178,Manuela Castañeira,Nuevo MAS,≤100
101349631999937,Noticias para el Cambio,Noticias para el Cambio,≤100
113898744658728,El Progreso Web,El Progreso,≤100
100513966017836,Noticias del Sur,Noticias del Sur,≤100
215084711926390,Neutrogena,These ads ran without a disclaimer,≤100
107756622140473,El Litoral Web,El Litoral Web,≤100
100135086249194,Noticias del Norte,Noticias del Norte,≤100
108679841853325,Contame Más,Contame Más,≤100
185922194792026,Myriam Bregman,Frente de Izquierda,≤100
100892468621020,Lisandro Álvarez,Lisandro Álvarez,≤100
452525851510103,Nicolás del Caño,Frente de Izquierda,≤100
604575512919532,Cristian  Andino,Cristian  Andino,≤100
1470809306572155,Armando Luis Gay,Armando Luis Gay,≤100
605540860101596,Diario Criollo,Diario Criollo,≤100
104480845106839,LiBooksAR,These ads ran without a disclaimer,≤100
335926266503071,7D,7D,≤100
461419690967422,Ramiro Gambetta,Ramiro Gambetta,≤100
329137387577860,Carlos Castellani,Carlos Castellani,≤100
110890318187982,Escucharte Santa Fe,Escucharte Santa Fe,≤100
103021535961289,Cede,Cede,≤100
110276628358382,El Autónomo,El Autónomo,≤100
104883714350880,Alejandra Concina,Alejandra Concina,≤100
102056511679155,José Voytenco,UATRE,≤100
448241162417184,Valeria Rios,Valeria Rios,≤100
104417732484057,El Independiente Noticias,El Independiente,≤100
445691695763603,Eber W. Solis,Eber W. Solis,≤100
304176325478,La Política Online,La Política Online,≤100
763096350471714,Josema Carambia,Josema Carambia,≤100
176980972975177,Irene Gamboa,Frente de Izquierda Unidad,≤100
1488831318060288,Unión Europea en Argentina,Delegación de la Union Europea,≤100
1408542766063285,Carla Carrizo,Carla Carrizo,≤100
143715592310560,Infocampo,Infocampo,≤100
297125914554575,Andrea Pupi Rodriguez,Andrea Pupi Rodriguez,≤100
273175230630,CAME - Confederación Argentina de la Mediana Empresa,CAME - Confederación Argentina de la Mediana Empresa,≤100
113677188301150,Matias Porta,Matias Porta,≤100
1405120706440456,Conclusión,Diario Conclusión,≤100
125183747539071,Noticias Argentinas,Noticias Argentinas,≤100
110144892095915,Marcelo Nari,Marcelo Nari,≤100
544640985878621,Argentinos Online,Argentinos Online,≤100
105070965806033,Académia épica,Académia épica,≤100
104919122026034,Revolución,Revolución,≤100
176035062445399,Hotel Canciller,These ads ran without a disclaimer,≤100
154252915376203,Natalia Capparelli,Natalia Capparelli,≤100
209725932468151,Valeria Arata,Valeria Arata,≤100
272732273639481,Rosana Zamora,Rosana Zamora,≤100
105264931740380,Corta,Corta,≤100
100861314854729,mariposafitsf,These ads ran without a disclaimer,≤100
343535756317306,Frente Renovador en Todos Bragado,Frente Renovador en Todos Bragado,≤100
279606178843976,Sebastián Artola,Sebastián Artola,≤100
342638383052208,Peronistas con el Rolo,Peronistas con el Rolo,≤100
153609608543689,Mariam Monguzzi,Mariam Monguzzi,≤100
1101837086656045,Podemos Más Ceres,Podemos Más Ceres,≤100
857382087671921,Maxi Abad,radicalesorg,≤100
1693103514249720,Seba Mastropaolo,Seba Mastropaolo,≤100
1920343608194338,Fabián Perechodnik,Fabián Perechodnik,≤100
134557130216408,Jorge Jofré,Jorge Jofre,≤100
101961091604984,Argmediosok,arg medios,≤100
186065678122253,InfoBAN Agencia de Noticias,InfoBAN Agencia de Noticias,≤100
149619018406294,Siglo XXI Editores Argentina,Siglo XXI Editores Argentina S.A.,≤100
109084304251350,Javier Pascale,Javier Pascale,≤100
259700217384725,Le Monde diplomatique - Edición Cono Sur,Capital Intelectual S.A.,≤100
104135655737522,El Mate Amargo,El Mate Amargo,≤100
107022228690687,Jornada Nacional,Jornada Nacional,≤100
1699719786990283,Ariel Cozzoni Concejal,Ariel Cozzoni Concejal,≤100
109078682040817,Rocío Herrera Precandidata Concejala 2023,Rocío Herrera Precandidata Concejala 2023,≤100
415444001901080,Fer Gutierrez,MST Movimiento Socialista de los Trabajadores,≤100
227890540666311,Olavarría Hoy - Noticias de la Ciudad,Olavarría Hoy,≤100
118766791091096,Stella Maris Retamar,These ads ran without a disclaimer,≤100
104373848008745,Dr Armando Felipe Cabrera,These ads ran without a disclaimer,≤100
131381938371647,Corta La Bocha Noticias,Corta La Bocha,≤100
111637981320058,Productivismo - Política Argentina,Productivismo - Política Argentina,≤100
100272671672857,Carlos Cisneros,Carlos Cisneros,≤100
100259448812395,fernandorejal,These ads ran without a disclaimer,≤100
240740769780061,Horacio Pascual Rigo,Horacio Pascual Rigo,≤100
118325592137966,Maria Eugenia Vallota,Maria Eugenia Vallota,≤100
514765002204911,Nacho Laurenti,Nacho Laurenti,≤100
1431478870275226,Marcha del Orgullo,Federación Argentina LGBT+,≤100
177720598950247,La Ciudad Desnuda,La Ciudad Desnuda,≤100
2192388474354768,Martín Cerdá,Martín Cerdá,≤100
101698065534736,Junta Vecinal San Genaro,Junta Vecinal San Genaro,≤100
378225769015907,Fundación Embajada Abierta,Fundación Embajada Abierta,≤100
428179387610545,Agenda Malvinas,Agenda Malvinas,≤100
106467837769719,Andy Genna,Andy Genna,≤100
795202843959456,El Disenso,El Disenso,≤100
105166715290140,Momento Uno,Momento Uno,≤100
316056528999754,Periodistas x el planeta,Periodistas por el Planeta,≤100
106467837769719,Andy Genna,These ads ran without a disclaimer,≤100
730624617002769,Miguel Weiss Ackerley,Miguel Weiss Ackerley,≤100
643407879434147,Ariel Rodaz,Ariel Rodaz,≤100
103429818226435,Meta,These ads ran without a disclaimer,≤100
206745532699914,Eduardo Aguilar,Eduardo Aguilar,≤100
113384436026702,Caren Tepp,Ciudad Futura,≤100
105716442346264,Conurnarnia,Conurnarnia,≤100
110039918575012,Noticias Express,Noticias Express,≤100
433136076759972,Edhasa Argentina,Edhasa Argentina,≤100
433913346782869,Javier Perez,These ads ran without a disclaimer,≤100
178919202140944,Francisco Quintana,Francisco Quintana,≤100
810080482399261,Striptease del Poder,Striptease del Poder,≤100
397862603671761,Maria de los Angeles Sacnun,Maria de los Angeles Sacnun,≤100
104102916002710,jonathanlucasdiprimio,These ads ran without a disclaimer,≤100
150275969728,Caminos Culturales,Caminos Culturales,≤100
256281951086148,Carolina Jacky & Asociados,Carolina Jacky & Asociados,≤100
1492814717686529,Mariano Romero,Mariano Romero,≤100
858677804173509,Confederacion Intercooperativa Coninagro,Confederacion Intercooperativa Coninagro,≤100
233734300112003,Juan Monteverde,Ciudad Futura,≤100
1592347714335353,Marina Magnani,Unidad Ciudadana Rosario,≤100
105166494637599,Tres60.travel,Tres60.travel,≤100
153208645421931,Mario Jordan Diaz,Mario Jordan Diaz,≤100
111025936935617,Nicolás Slimel,Nicolás Slimel,≤100
774034792743717,Leo Calaianov,Leo Calaianov,≤100
1426373070912699,Cholila Online Portal de Noticias Digital,Cholila Online,≤100
103088924366000,Noticias d,Noticias d,≤100
114041568404775,Patricia Bullrich La Rioja,Patricia Bullrich La Rioja,≤100
782329781946678,Totoras para Todos,Totoras para Todos,≤100
189703401219354,Ayelen Rasquetti,Ayelen Rasquetti,≤100
100195608984136,Francisco Alvarez,Francisco Alvarez,≤100
794695574216418,Pal' Sur,Pal' Sur,≤100
1931566450248203,Virginia alvarez 2023,These ads ran without a disclaimer,≤100
133937418577537,Utopia Urbana,Utopía Urbana,≤100
804550832956442,Portal de Campeones,These ads ran without a disclaimer,≤100
1821508358130546,BAVSA,Buenos Aires Valores SA,≤100
110605941407413,orenda.lectora,These ads ran without a disclaimer,≤100
827976107371258,Dr. Claudio Raúl Filippa,Dr. Claudio Raúl Filippa,≤100
145806262649419,Fer Miño,Patria de Todos,≤100
105455288953338,Esto es Boca,Esto es Boca,≤100
1187338514630380,El rincón de Cris,El rincón de Cris,≤100
252316758144514,Diario Digital Sitio Andino,Diario Digital Sitio Andino,≤100
1395474550528787,Opinorte,Opinorte,≤100
764830970288611,Andrés Ibarra,Movimiento Pasión y Gestión,≤100
106809542339751,Juan Pablo Chiesa,Juan Pablo Chiesa,≤100
169260623923829,Infórmate y decide,These ads ran without a disclaimer,≤100
107492927684514,Concejal Daniela Romillo,Concejal Daniela Romillo,≤100
108856464771214,balinomaria,These ads ran without a disclaimer,≤100
870332709651802,Alcides Calvo,Alcides Calvo,≤100
100416885710413,Podemos Más San Justo,These ads ran without a disclaimer,≤100
327150604873221,Municipalidad de Puerto Iguazú,Municipalidad de Puerto Iguazú,≤100
105641058350410,Lista 9,Lista 9,≤100
110231558784437,hernannoceti,These ads ran without a disclaimer,≤100
1537272609637659,Leandro Ugartemendia,Leandro Ugartemendia,≤100
477463972361734,Rafa Moyano,Rafael Moyano,≤100
112662398471600,Esteban Morales,These ads ran without a disclaimer,≤100
263571907867101,Jorge Scala,Jorge Scala,≤100
261994114842,Urgente24.com,These ads ran without a disclaimer,≤100
112922925170973,peronchos.ar,These ads ran without a disclaimer,≤100
151146274915688,Municipalidad de Escobar,These ads ran without a disclaimer,≤100
103222639479535,Unión por la Patria Hurlingham,Unión por la Patria Hurlingham,≤100
111064391804839,Argentina Productiva,Argentina Productiva,≤100
746856475430159,Carlos Yossen,Carlos Yossen,≤100
1300253196757593,Santiago Leon Nino,These ads ran without a disclaimer,≤100
107985025643942,francosuarez_91,These ads ran without a disclaimer,≤100
100897052057908,Provincia 365 Noticias,Provincia365 Noticias,≤100
585165648889578,Frente Federal Buenos Aires,Frente Federal Buenos Aires,≤100
1635790410050010,Josefina Mendoza,Josefina Mendoza,≤100
109273410743069,La Provincia,These ads ran without a disclaimer,≤100
102795885694138,milokibullz,These ads ran without a disclaimer,≤100
304971412943967,Instituto de Zumpango en Estudios Superiores en Criminalística IZESC,These ads ran without a disclaimer,≤100
102894572805218,Caroline Yasmin,These ads ran without a disclaimer,≤100
181924628560212,Ekō,These ads ran without a disclaimer,≤100