﻿Page ID,Page name,Disclaimer,Amount spent (USD)
109849005245589,American Family Benefits & Services,Final Expense Authority LLC,294
103733440984818,ReNew Mexico,ReNew Mexico,211
127225910653607,PragerU,PragerU,126
851220855030432,J.P. Morgan,"JPMORGAN CHASE BANK, NA",105
342294162453301,Planned Parenthood,Planned Parenthood Federation of America,≤100
303374266418976,AFPM,American Fuel & Petrochemical Manufacturers,≤100
385473284886474,Hillsdale College,Hillsdale College,≤100
1669941646417657,Senior Choice Financial,Andrea Vargas,≤100
570092813023833,Matt Walsh,The Daily Wire,≤100
100650352666001,Saving Made Easy,GCL Company LLC,≤100
18982436812,ACLU,American Civil Liberties Union,≤100
15771560300,Earthjustice,EARTHJUSTICE,≤100
592707041080920,Stand Together,Stand Together Chamber of Commerce Inc.,≤100
10128918116,Gavin Newsom,Campaign for Democracy PAC,≤100
107483817554072,WorkMoney,WorkMoney,≤100
92925746942,Judicial Watch,Judicial Watch,≤100
109320440856128,Stand Up to Jewish Hate,"Foundation to Combat Anti-Semitism, Inc.",≤100
39197138659,ACLU of New Mexico,ACLU of New Mexico,≤100
206360852734005,New Mexico Wilderness Alliance,New Mexico Wilderness Alliance,≤100
153080620724,Donald J. Trump,TRUMP SAVE AMERICA JOINT FUNDRAISING COMMITTEE,≤100
309308412520731,Sandy Hook Promise,Sandy Hook Promise,≤100
18709174006,National Audubon Society,"NATIONAL AUDUBON SOCIETY, INC.",≤100
158337134192979,Career Education Colleges and Universities,Career Education Colleges and Universities,≤100
80562389320,NARAL Pro-Choice America,NARAL PRO-CHOICE AMERICA CORP,≤100
15239367801,The Wilderness Society,"WILDERNESS SOCIETY, THE",≤100
101497941620428,MolinaCares,The MolinaCares Accord,≤100
2353537341582545,Proud Patriots,Proud Patriots,≤100
586402784803665,OLÉ NewMexico,"OLE EDUCATION FUND, THE",≤100
8492293163,Environmental Defense Fund,Environmental Defense Fund,≤100
6514736316,Walden University,Walden University,≤100
1435071773455316,Daily Wire,The Daily Wire,≤100
140357056032320,NEA Today,National Education Association,≤100
109848608605280,Matthew Hutchinson for Sheriff,Social Media Manager,≤100
203197030603239,8 Billion Trees,8 Billion Trees LLC,≤100
309798029121030,Everytown for Gun Safety,Everytown for Gun Safety Action Fund Inc,≤100
114167895375664,Cherokee Nation,Cherokee Nation,≤100
12301006942,Democratic Party,DNC SERVICES CORP./DEM. NAT'L COMMITTEE,≤100
6041057841,The Humane Society of the United States,"HUMANE SOCIETY OF THE UNITED STATES, THE",≤100
106568024842114,Rideshare Assault Support,Citizen Ad Network LLC,≤100
104760636770,Vera Institute of Justice,"VERA INSTITUTE OF JUSTICE, INC.",≤100
116204538416735,The AIDS Institute,AIDS INSTITUTE INC,≤100
428821014132730,Katie Porter,KATIE PORTER FOR SENATE,≤100
6204742571,Sierra Club,SIERRA CLUB,≤100
110847698099863,Solarquote.org,These ads ran without a disclaimer,≤100
7030901126,Campaign for Tobacco-Free Kids,Campaign for Tobacco-Free Kids,≤100
203805062990264,Ben Shapiro,The Daily Wire,≤100
115209363323,New Energy Economy,"NEW ENERGY ECONOMY, INC.",≤100
40217893542,AIPAC,AIPAC,≤100
375544762641583,Steps4Life,"GRACE PLACE FOR WOMEN,INC",≤100
5720973755,Defenders of Wildlife,DEFENDERS OF WILDLIFE,≤100
7341997111,Conservation International,Conservation International,≤100
1461100540775171,The Tuttle Twins,LIBERTAS INSTITUTE,≤100
106300061200130,Assange Defense,People Power Initiatives,≤100
244929708853349,Spotify,Spotify USA Inc.,≤100
23875187730,Feeding America,Feeding America,≤100
162678203751209,Gilead Sciences,GILEAD SCIENCES INC,≤100
228132537208218,Tammy Duckworth,TAMMY FOR ILLINOIS,≤100
104253615152700,America First Legal,America First Legal Foundation,≤100
209516845093,NRDC Action Fund,NRDC Action Fund,≤100
111181236964067,New Mexico News Share,New Mexico News Share,≤100
7292655492,MoveOn,MOVEON.ORG POLITICAL ACTION,≤100
85273022315,NAMI,NAMI,≤100
2053678114723700,President Trump's Patriot Army,I Love My Freedom,≤100
1316372698453411,Alexandria Ocasio-Cortez,Alexandria Ocasio-Cortez for Congress,≤100
166618413413767,Jay Sekulow,American Center for Law and Justice,≤100
96935476345,Democratic Governors Association (DGA),"Democratic Action, democraticgovernors.org, not authorized by any candidate or candidate's committee.",≤100
25852730092,Care2,"Care2.com, Inc",≤100
1470540296409810,Fair Fight Action,FAIR FIGHT ACTION INC,≤100
114008535880,Foundation for Individual Rights and Expression,FOUNDATION FOR INDIVIDUAL RIGHTS IN EDUCATION,≤100
30139072158,CARE,CARE,≤100
104394262049761,Jeremy's Razors,The Daily Wire,≤100
103355385129734,The Climate Pledge,The Climate Pledge,≤100
115379705206001,U.S. Department of Homeland Security Blue Campaign,U.S Department of Homeland Security Blue Campaign,≤100
49651563727,Live Action,Live Action,≤100
85452072376,NEWSMAX,"NEWSMAX MEDIA, INC.",≤100
22067606728,Allen West,The Association of Mature American Citizens Inc,≤100
103807629149771,Working Forests Initiative,"WORKING FOREST INITIATIVE, INC.",≤100
100652668612020,Essential Plastics Coalition,"CENTER FOR CONSUMER FREEDOM, THE",≤100
219242560293,Meals on Wheels America,Meals On Wheels America,≤100
376006035816016,Storyworth,These ads ran without a disclaimer,≤100
6266829799,Sherrod Brown,FRIENDS OF SHERROD BROWN,≤100
486701128757862,Kasandra Gandara For Las Cruces,Kasandra for LC1,≤100
100684991996307,November Coalition,NOVEMBER COALITION,≤100
103375628943529,Adam Frisch,Adam for Colorado,≤100
393795797388359,FOUR PAWS,FOUR PAWS INTERNATIONAL INC,≤100
87186661244,Johns Hopkins Bloomberg School of Public Health,Johns Hopkins Bloomberg School of Public Health,≤100
21242962092,ClientEarth,CLIENTEARTH USA INC,≤100
61492859575,Americares,"Americares Foundation, Inc.",≤100
203805062990264,Ben Shapiro,Daily Wire,≤100
555787351119974,Coalition to Protect America's Health Care,Coalition to Protect America’s Health Care,≤100
72931140459,Center for Biological Diversity,"CENTER FOR BIOLOGICAL DIVERSITY, INC.",≤100
925007000949719,ExxonMobil,EXXON MOBIL CORPORATION,≤100
161183970656851,Ruben Gallego,GALLEGO FOR ARIZONA,≤100
130945114804,World Jewish Congress,ATTN: INC.,≤100
7735858972,Humane Society Legislative Fund,Humane Society Legislative Fund,≤100
665345483483486,NRA - National Rifle Association of America,NATIONAL RIFLE ASSN OF AMERICA,≤100
38471053686,Elizabeth Warren,"WARREN FOR SENATE, INC.",≤100
104295601633638,American Cornerstone Institute,American Cornerstone Institute Inc,≤100
57259033959,AARP,AARP,≤100
23875187730,Feeding America,FEEDING AMERICA,≤100
376776419037747,Turning Point USA,"Turning Point USA, Inc.",≤100
108620667163768,For Our Future,Resource Media,≤100
106244251043808,America's Plastic Makers,"AMERICAN CHEMISTRY COUNCIL, INC.",≤100
250485248333218,Clean Air Task Force,CLEAN AIR TASK FORCE,≤100
100403528653081,Punchbowl News,Punchbowl News,≤100
100205941768364,Elijah Mckenzie-Jackson,These ads ran without a disclaimer,≤100
196060279423,New Mexico Wildlife Federation,NEW MEXICO WILDLIFE FEDERATION,≤100
25372476424,Best Friends Animal Society,BEST FRIENDS ANIMAL SOCIETY,≤100
304600892905134,Hillsdale College Online Courses,HILLSDALE COLLEGE,≤100
780941275347834,Ilhan Omar,ILHAN FOR CONGRESS,≤100
6756153498,Mike Bloomberg,Bloomberg Philanthropies,≤100
7192716362,Amnesty International USA,"AMNESTY INTERNATIONAL OF THE U. S. A., INC.",≤100
359477377917,American Federation for Children,American Federation for Children,≤100
126211280741703,Midwest Values PAC,Midwest Values PAC,≤100
102592959026,Ocean Conservancy,"OCEAN CONSERVANCY, INC.",≤100
8325302025,Friends of the Earth U.S.,Friends of the Earth,≤100
216311481960,Bill Gates,Bill Gates,≤100
38235851310,USA for UNHCR,UNITED STATES ASSOCIATION FOR UNHCR,≤100
109092142462587,Adam Schiff,SCHIFF FOR SENATE,≤100
580610428636345,Fight for $15,Fight for $15,≤100
70874333603,CatholicVote,catholicvote.org,≤100
1632814840319802,John Fetterman,Fetterman for PA,≤100
676835385660054,Blattner Energy,These ads ran without a disclaimer,≤100
100992801635617,Conservative-American.org,Conservative American Strategies,≤100
19437978960,Chris Murphy,FRIENDS OF CHRIS MURPHY,≤100
114008535880,Foundation for Individual Rights and Expression,"FOUNDATION FOR INDIVIDUAL RIGHTS AND EXPRESSION, INC.",≤100
1727627700809091,NM FAST,These ads ran without a disclaimer,≤100
583258211727279,Shai Fund,SHAI FUND INC,≤100
160630887998827,Let Them Live,Oliver Harrison  Berning,≤100
681626158940626,Mission Roll Call,Americas Warrior Partnership,≤100
19554217292,American Heart Association: You're the Cure,American Heart Association,≤100
106728460996506,United South Broadway Corporation,mim.fm,≤100
8934429638,Planned Parenthood Action,Planned Parenthood Action Fund,≤100
267180743723148,National Geographic Society,National Geographic Society,≤100
108268161352786,Stanley M. Herzog Foundation,Herzog Foundation,≤100
69983322463,Ted Cruz,TED CRUZ FOR SENATE,≤100
112600915451330,No Labels,No Labels,≤100
103875099042033,DailyWire+,The Daily Wire,≤100
12375354406,USO,United Service Organizations,≤100
1593518174052711,Candace Owens,The Daily Wire,≤100
13885075114,Action Against Hunger USA,ACTION AGAINST HUNGER - USA,≤100
106971735403718,988 New Mexico,New Mexico Human Services Department Behavioral Health Services Division,≤100
102006831951228,CY Christ,These ads ran without a disclaimer,≤100
372577693078008,"Saenz-Garcia Law, PLLC","Saenz-Garcia Law, PLLC",≤100
111824001908,Hakeem Jeffries,JEFFRIES FOR CONGRESS,≤100
21375324480,The Heritage Foundation,HERITAGE FOUNDATION (THE),≤100
149607228384141,America Needs Fatima,"American Society for the Defense of Tradition, Family and Property",≤100
15041226930,Oxfam,"OXFAM AMERICA, INC.",≤100
1338822066131069,Women's March,Women's March,≤100
7860876103,Joe Biden,DNC SERVICES CORP./DEM. NAT'L COMMITTEE,≤100
105561217523274,The Dispatch,"Dispatch Media, Inc.",≤100
410143045995386,Patients for Affordable Drugs,Patients for Affordable Drugs Inc.,≤100
107414074990650,Defense of Freedom Institute,"Defense of Freedom Institute for Policy Studies, Inc.",≤100
101674425989138,MIT Economics Survey on Climate Change,"MIT Climate Change Survey, MIT Department of Economics",≤100
68680511262,NFL,NFL PROPERTIES LLC,≤100
1593518174052711,Candace Owens,Daily Wire,≤100
103695769458,United States Mint,United States Mint,≤100
170756446429578,Othering & Belonging Institute,Othering and Belonging Institute,≤100
152264148166020,Moms Clean Air Force,Moms Clean Air Force,≤100
1470540296409810,Fair Fight Action,FAIR FIGHT,≤100
40973310753,Pathfinder International,Pathfinder International,≤100
219612384781411,Bloomberg Philanthropies,Bloomberg Philanthropies,≤100
7263476274,Mercy Corps,Mercy Corps,≤100
21492729544,Catholic Relief Services,CATHOLIC RELIEF SERVICES - UNITED STATES CONFERENCE OF CATHOLIC BISHOPS,≤100
570953166908066,Vivek Ramaswamy,VIVEK 2024,≤100
24481937944,Theodore Roosevelt Conservation Partnership,"THEODORE ROOSEVELT CONSERVATION PARTNERSHIP, INC",≤100
100758682697459,Mayday Health,"Mayday Medicines, Inc.",≤100
121626482110,Operation Smile,OPERATION SMILE,≤100
105454117977117,Voices for Consumer Choice,Voices for Consumer Choice,≤100
111464544881905,America First News,America First News,≤100
21090771700,Gun Owners of America,Gun Owners of America,≤100
10606591490,TIME,TIME USA LLC,≤100
106563958759988,Semafor,Semafor Inc.,≤100
169597416843751,Stand Up America,Stand Up America,≤100
96491683438,"The Friends of Israel Gospel Ministry, Inc.","FRIENDS OF ISRAEL GOSPEL MINISTRY, INC, THE",≤100
5644748986,National Wildlife Federation,NATIONAL WILDLIFE FEDERATION,≤100
11791104453,NRDC,Natural Resources Defense Council,≤100
24330467048,Americans for Prosperity,AMERICANS FOR PROSPERITY,≤100
417709355647,The Lynde and Harry Bradley Foundation,"LYNDE AND HARRY BRADLEY FOUNDATION, INC., THE",≤100
134452023239984,Human Coalition,Human Coalition,≤100
108512875350,The Atlas Society,The Objectivist Center Ltd,≤100
34362997676,United States Holocaust Memorial Museum,UNITED STATES HOLOCAUST MEMORIAL MUSEUM,≤100
1476342155924546,Big Rig Threads,Big Rig T-Shirts and Decals LLC,≤100
23790541544,Democrats,DCCC,≤100
102748688472759,Parents Defending Education,Parents Defending Education,≤100
100104419147228,Do Good Chicken,DO GOOD FOODS LLC,≤100
290548664672,First Liberty Institute,First Liberty Institute,≤100
297987334762,Jamie Raskin,Jamie Raskin for Congress,≤100
200650357207240,I Love My Freedom,I Love My Freedom,≤100
121268821249550,World Central Kitchen,World Central Kitchen,≤100
6240652407,Young America's Foundation,Young America's Foundation Inc,≤100
108913648781152,Hardworking Americans,Hardworking Americans Inc,≤100
83865976093,Truthout,TRUTHOUT,≤100
169042736456594,All Out,All Out Action Fund.,≤100
50822254585,Mountain States Legal Foundation,Mountain States Legal Foundation,≤100
93565224474,Mercy For Animals,MERCY FOR ANIMALS,≤100
101330089548224,John Burrows for Congress,John Burrows for Congress,≤100
83290028957,Care Net,CARE NET,≤100
107034431979369,United24,Non-profit organization UNITED24,≤100
77278490877,National Corn Growers Association,NATIONAL CORN GROWERS ASSOCIATION INC,≤100
36872302227,Cory Booker,CORY BOOKER FOR SENATE,≤100
331037760381749,Sierra Magazine,SIERRA CLUB,≤100
36474716066,Color Of Change,ColorofChange.org,≤100
1958912674200535,The Pour Over,Pour Over,≤100
101704558574021,Lucas Kunce,Lucas Kunce for Missouri,≤100
786167111464006,Woodson Center,The Woodson Center,≤100
153278754738777,Climate Reality,The Climate Reality Project,≤100
84112077638,Greater Good Charities,GREATERGOOD.ORG,≤100
282728185140429,Rep For Vets,The Rep For Vets,≤100
252814820267,HIAS,HIAS,≤100
100373975829221,Fòs Feminista Org,Fòs Feminista,≤100
50982313030,Food & Water Watch,Food & Water Watch,≤100
408526523045391,Mammoth Nation,Mammoth Nation,≤100
1163811040367180,Food & Water Action,FOOD & WATER ACTION,≤100
1600352356914768,PushBlack,PushBlack,≤100
2245766435469741,Beersy,Beersy LLC,≤100
103087482648723,Krach Institute for Tech Diplomacy at Purdue,PURDUE RESEARCH FOUNDATION,≤100
45393753416,Alliance Defending Freedom,Alliance Defending Freedom,≤100
302182941354,AARP Advocates,AARP,≤100
125179374733697,Big News Buzz,Resource Media,≤100
112642477582238,Mericanaf,AAF Nation,≤100
116546288359245,Heritage Action for America,HERITAGE ACTION FOR AMERICA,≤100
201446296572389,Compassion in World Farming (USA),Compassion in World Farming Inc,≤100
132066233534659,Healthcare Education Project,Healthcare Education Project,≤100
101558296189685,Essential Workers for Democracy,Essential Workers for Democracy,≤100
105331908787374,Republican Accountability PAC,REPUBLICAN ACCOUNTABILITY PAC INC,≤100
42872222699,Dana Loesch,The Association of Mature American Citizens Inc,≤100
158791100909689,Concerned Veterans for America,Concerned Veterans for America,≤100
255062275778,Tim Tebow Foundation,TIM TEBOW FOUNDATION,≤100
25121889784,Texas Public Policy Foundation,Texas Public Policy Foundation,≤100
145973965440671,Carnegie Corporation of New York,CARNEGIE CORPORATION OF NEW YORK,≤100
107764430968176,Tuttle Twins TV Show,"Tuttle Twins Show, LLC",≤100
154561574598964,White Coat Waste Project,THE WHITE COAT WASTE PROJECT INC,≤100
443329669123990,USAFacts,USAFacts Institute,≤100
109716011638325,Jane Fonda Climate PAC,JANE FONDA CLIMATE PAC,≤100
118152441212175,Digital Innovation for America,Digital Innovation for America,≤100
197760674021143,Indivisible Guide,Indivisible Project,≤100
46347342434,EMILYs List,EMILY'S LIST,≤100
30914589895,The International Fellowship of Christians and Jews,INTERNATIONAL FELLOWSHIP OF CHRISTIANS & JEWS INC,≤100
130234313704399,United We Dream,UNITED WE DREAM NETWORK INC,≤100
911828698840246,ReLEntless Defender Apparel,ReLEntless Defender Apparel,≤100
355783211719644,Veteran Caregivers of America,"Veteran Caregivers, LLC",≤100
6316744206,Jon Tester,MONTANANS FOR TESTER,≤100
1012679305536045,Elissa Slotkin,Elissa Slotkin for Michigan,≤100
8047221596,Save the Children US,SAVE THE CHILDREN FEDERATION INC.,≤100
197760674021143,Indivisible Guide,INDIVISIBLE ACTION,≤100
101090559295696,TPUSA Faith,TURNING POINT USA NFP,≤100
6502038524,First Book,FIRST BOOK,≤100
240937060405,Center for Science in the Public Interest (CSPI),Center for Science in the Public Interest,≤100
464998390249008,The Independence Fund,"INDEPENDENCE FUND, INC, THE",≤100
160389977329803,ATTN:,ATTN: INC.,≤100
74470852653,Mike Pompeo,Champion American Values PAC,≤100
11602044174,Independent Women's Forum,Independent Women's Forum,≤100
100119981671668,Blue Senate,BLUE SENATE PAC,≤100
284293125336159,Regulatory Transparency Project,FEDERALIST SOCIETY FOR LAW & PUBLIC POLICY STUDIES,≤100
43005439032,American Diabetes Association,American Diabetes Association,≤100
217649245509,Nature | PBS,WNET,≤100
518194348194441,RepresentUs,RepresentUs,≤100
466164103423147,Thorn,Thorn,≤100
1869687273277265,Run for Something,Run For Something PAC,≤100
122258358636926,Sound of Freedom Movie,"Sound of Freedom, LLC",≤100
61660747672,Texas Department of Agriculture,Texas Department of Agriculture,≤100
1575347412785991,cheddar news,Cheddar,≤100
100168566232753,IRS Helper,Leads Team LLC,≤100
104623832132932,Perry Johnson,PERRY JOHNSON FOR PRESIDENT INC.,≤100
114301413446447,The Climate Initiative,Kennebunkport Climate Initiative,≤100
318691681482265,Liberty Justice Center,Liberty Justice Center,≤100
243184199040637,Caring Across Generations,Caring Across Generations,≤100
343714718985673,Think Wood,Think Wood,≤100
76470053424,TIAA,TEACHERS INSURANCE AND ANNUITY ASSOCIATION OF AMERICA,≤100
18813753280,Human Rights Campaign,"HUMAN RIGHTS CAMPAIGN, INC.",≤100
125769584126996,Yael Eckstein,"INTERNATIONAL FELLOWSHIP OF CHRISTIANS & JEWS, INC.",≤100
142432192446984,David Horowitz Freedom Center,David Horowitz Freedom Center,≤100
107445151903077,Change The Code,GREENPEACE INC,≤100
1562713090633117,Operation Underground Railroad,OPERATION UNDERGROUND RAI,≤100
104721922541733,Nuclear Now,Nuclear Now,≤100
46093654473,National Republican Congressional Committee,NRCC,≤100
6355071377,American Cancer Society Cancer Action Network - ACS CAN,AMERICAN CANCER SOCIETY CANCER ACTION NETWORK INC,≤100
945455208962159,For Everyone Collective,For Everyone Collective,≤100
112552187080266,Protecting Every Future,American Council of Life Insurers,≤100
162244692732,Brennan Center for Justice at NYU Law,"WILLIAM J. BRENNAN CENTER FOR JUSTICE, INC.",≤100
226999127329906,New York Immigration Lawyer,Law Office of Alena Shautsova,≤100
120778038066631,EveryLibrary,EveryLibrary,≤100
508887815910815,BPR,BizPac Review,≤100
131306317680000,Social Goods,"Social Goods, LLC",≤100
106315901551850,The U.S. Concealed Carry Association for Saving Lives,U.S. Concealed Carry Association For Saving Lives. Not Authorized By Any Candidate Or Candidate's Committee.,≤100
60261764250,Childhelp,"CHILDHELP, INC.",≤100
108293898875429,President Trump Supporters,I Love My Freedom,≤100
146305447561533,Paid For By,Red Rocket Media,≤100
58736997707,Marco Rubio,Rubio Victory Committee,≤100
361379030380,Centennial Institute,Centennial Institute,≤100
141786816970,Cruise Lines International Association - CLIA,Cruise Lines International Association,≤100
20787991568,Senate Democrats,DSCC,≤100
1898234727131235,Reel America,BizPac Review,≤100
100774739424494,American Legacy Advisors,Final Expense Authority LLC,≤100
51379424899,Mercy Ships,MERCY SHIPS INTERNATIONAL,≤100
690457604737953,Independent Colleges and Universities of Florida - ICUF,ICUF,≤100
124506846628,Agape International Missions,AGAPE INTERNATIONAL MISSIONS,≤100
281844617168,Jewish Voice Ministries International,Jewish Voice Ministries International,≤100
103531607822207,Noticias para Inmigrantes,"Wise Rock Media, PBC",≤100
349800859019034,The 19th News,The 19th,≤100
145034262195374,InSinkErator,InSinkErator_Whirlpool,≤100
107661474402498,Liberty Eagle Apparel,United Patriot,≤100
16900111951,National Organization for Women (NOW),NATIONAL ORGANIZATION FOR WOMEN,≤100
1534290989956166,Philanthropy Roundtable,"PHILANTHROPY ROUNDTABLE, THE",≤100
115031433563622,Leading Ladies,BizPac Review,≤100
102413723172970,Nick Adams,Nick Adams,≤100
102027764795677,American Wire,BizPac Review,≤100
1590877284560136,Patti Harris,Bloomberg Philanthropies,≤100
86071521216,Second Amendment Foundation,SECOND AMENDMENT FOUNDATION INC,≤100
47710973068,Voices for Cooperative Power,Voices for Cooperative Power,≤100
1832744013698336,Mahogany Mommies,Mahogany Mommies,≤100
471928596287830,Brian Mast,Mast for Congress,≤100
168900732521,University of Minnesota Giving,University of Minnesota Foundation,≤100
2321993584737314,The Markin Report,The Markin Report,≤100
102961088866702,Sarah Klee Hood for Congress,SARAH KLEE HOOD FOR NY,≤100
110316380149,Family Policy Alliance,Family Policy Alliance,≤100
14038292386,Women for Women International,WOMEN FOR WOMEN INTERNATIONAL,≤100
105756057589080,The Lincoln Project,THE LINCOLN PROJECT,≤100
102747582433733,Shared Influence,THE PUBLIC GOOD PROJECTS INC,≤100
1375303095849798,Hidalgo County Bail Bond Association,Rene Andres Anzaldua,≤100
101391906600,Live Action News,Live Action,≤100
16477459734,League of Conservation Voters,"LEAGUE OF CONSERVATION VOTERS, INC",≤100
317284821682168,Messianic Jewish Alliance of America (MJAA),Messianic Jewish Alliance of America,≤100
104377518078467,More Perfect Union,MORE PERFECT UNION FOUNDATION,≤100
19984154032,Great Performances l PBS,WNET,≤100
29717379728,International Justice Mission,International Justice Mission,≤100
169204449790211,Conservative News Today,BizPac Review,≤100
112735922758892,Charlie Kirk,"Turning Point USA, Inc.",≤100
138354569532939,"Tradition, Family, Property - TFP","American Society for the Defense of Tradition, Family and Property",≤100
147368882623027,Black Futures Lab,Black Futures Lab,≤100
40102638699,J Street,J STREET EDUCATION FUND INC,≤100
333710103706307,GIFFORDS,Giffords,≤100
220873174076,Animal Equality,ANIMAL EQUALITY,≤100
546066468753446,Black Health Matters,BLACK HEALTH MATTERS FOUNDATION INC,≤100
104908071917505,Welcome.us,Welcome.us,≤100
367292494407,AJC - American Jewish Committee,AMERICAN JEWISH COMMITTEE,≤100
673667436317733,Texas Consumer Association,Texas Consumer Association,≤100
93228695778,Tea Party Patriots,Tea Party Patriots,≤100
458142697588014,AARP Public Policy Institute,AARP,≤100
1821609834721994,Otis Elevator Co,OTIS ELEVATOR COMPANY,≤100
8524198486,Physicians Committee for Responsible Medicine,"PHYSICIANS COMMITTEE FOR RESPONSIBLE MEDICINE, INC.",≤100
17203056985,Partners In Health,Partners In Health,≤100
103565195134756,America First Policy Institute,America First Policy Institute,≤100
431019887282794,Tomorrow's World Today,Flying Cork,≤100
105975318453101,LEADAmerica.org,Leadership to Ensure the American Dream,≤100
8002590959,Rainforest Action Network - RAN,RAINFOREST ACTION NETWORK,≤100
507070522767934,AACR Foundation,"AMERICAN ASSOCIATION FOR CANCER RESEARCH, INC.",≤100
245741028804051,Barbara Sinatra Center,Barbara Sinatra Children's Center,≤100
130945114804,World Jewish Congress,WORLD JEWISH CONGRESS AMERICAN SECTION INC,≤100
412302902150250,Undeniably Dairy,Undeniably Dairy,≤100
109352563640,Water.org,WATER.ORG INC.,≤100
2327952327292256,Iron Flask,Iron Flask,≤100
140499052681592,Bank of the West,BANK OF THE WEST,≤100
280704452367167,Jason Crow,JASON CROW FOR CONGRESS,≤100
397054531024452,COPS Training Portal,COPS Training Portal,≤100
120102651346136,Nevada State Treasurer’s Office,STATE TREASURER NEVADA OFFICE OF,≤100
408250066356,Bill O'Reilly,"Bill Me, Inc.",≤100
111357897876676,Scotty Moore for Congress,Scotty Moore for Congrss,≤100
111380958315889,Secure Financial Future,INVESTMENT COMPANY INSTITUTE,≤100
103496691094956,Freespoke,"FREEDOM FRIES, LLC",≤100
407902639235640,JNS.org,Jewish News Syndicate,≤100
60182072999,Lila Rose,Live Action,≤100
105173311888160,Star and Bar,Star and Bar,≤100
172758932738142,PhRMA,PHARMACEUTICAL RESEARCH AND MANUFACTURERS OF AMERICA,≤100
136362309708243,Restaurant Opportunities Centers United (ROC United),"RESTAURANT OPPORTUNITIES CENTERS (ROC) UNITED, INC.",≤100
259351004139042,Ashbrook Center,Ashbrook Center,≤100
21395843375,Dialysis Patient Citizens,DIALYSIS PATIENT CITIZENS INC,≤100
51405613519,Focus on the Family,Focus on the Family,≤100
119953292796,Jim Banks,BANKS FOR SENATE,≤100
14440196673,Teamsters,Teamsters,≤100
91346559231,Democratic Legislative Campaign Committee - DLCC,Democratic Legislative Campaign Committee,≤100
262741493751666,The Pew Charitable Trusts,"PEW CHARITABLE TRUSTS, THE",≤100
12357407443,American Friends Service Committee,AMERICAN FRIENDS SERVICE COMMITTEE,≤100
153446658100252,Lumina Foundation,Lumina Foundation,≤100
6787988478,Physicians for Human Rights,"PHYSICIANS FOR HUMAN RIGHTS, INC.",≤100
109521013225,Nikki Haley,Nikki Haley for President,≤100
474062436008137,Team McCaul,"McCaul for Congress, Inc.",≤100
102961048478150,Center for Renewing America,CENTER FOR RENEWING AMERICA INC,≤100
269348454714,IMB,"INTERNATIONAL MISSION BOARD OF THE SOUTHERN BAPTIST CONVENTION, THE",≤100
7145381235,American Jewish World Service - AJWS,"AMERICAN JEWISH WORLD SERVICE, INC.",≤100
127276773973529,SEVA FOUNDATION,Seva Foundation,≤100
149506275069183,Florida State Hispanic Chamber Of Commerce,Florida State Hispanic Chamber of Commerce,≤100
80060992758,Center for Food Safety,"CENTER FOR FOOD SAFETY, THE",≤100
104981939210693,Clayton Keirns,I Love My Freedom,≤100
89336510798,American Friends of the Hebrew University,American Friends of Hebrew University,≤100
92021268117,Working America,Working America,≤100
100540971962779,Localyst,"Accelerate Change, Inc.",≤100
1226257404067392,Floridians for Government Accountability,"FLORIDIANS FOR GOVERNMENT ACCOUNTABILITY, INC.",≤100
114710126648118,Republican Dogs,Republican Dogs,≤100
340153562850578,Tim Tebow,TIM TEBOW FOUNDATION,≤100
100940620632257,Shakopee Mdewakanton Sioux Community,These ads ran without a disclaimer,≤100
159964696102,Kevin McCarthy,KEVIN MCCARTHY FOR CONGRESS,≤100
1613516851999536,Sunrise Movement,Sunrise,≤100
1628922377207463,Randy Feenstra,FEENSTRA FOR CONGRESS,≤100
115415064388243,Brett Cooper,The Daily Wire,≤100
425771317501061,Michael Knowles,The Daily Wire,≤100
38897314734,Trust for Public Land,"TRUST FOR PUBLIC LAND, THE",≤100
9324910069,NRSC,NRSC,≤100
293225127381200,Patriot Depot,The Patriot Depot,≤100
50513265848,Citizens United,Citizens United,≤100
689547608156721,The Burial Solution,The Burial Solution,≤100
118626774835274,Medicare Made Clear,Medicare Made Clear from United Healthcare,≤100
101717572423510,Protect Your Pay RI,Protect Your Pay RI,≤100
101224002310757,Seven Weeks Coffee,Seven Weeks Coffee,≤100
128288676833,Rocky Mountain Elk Foundation,"ROCKY MOUNTAIN ELK FOUNDATION, INC.",≤100
49560242814,Consumer Energy Alliance,Consumer Energy Alliance,≤100
8501031021,VoteVets.org,VOTEVETS,≤100
236312179825896,Republican Main Street Partnership,REPUBLICAN MAIN STREET PARTNERSHIP INC,≤100
153704007991524,Women's Earth and Climate Action Network,Women's Earth and Climate Action Network (WECAN) International,≤100
205795426669644,Facts and Logic about the Middle East,Facts and Logic About the Middle East,≤100
126855128568,FEBC (Far East Broadcasting Company),"FAR EAST BROADCASTING COMPANY, INC.",≤100
454663890502,Alliance for Patient Access,ALLIANCE FOR PATIENT ACCESS,≤100
104107788684988,Tom Klingenstein,TomKlingenstein.com,≤100
77062934697,Texas Impact,TEXAS IMPACT,≤100
110121050701685,Kazoo Snacks,These ads ran without a disclaimer,≤100
7962229886,Environmental Working Group,ENVIRONMENTAL WORKING GROUP,≤100
313723095478950,Daily Citizen,Focus on the Family,≤100
608578919186659,World Vision International,WORLD VISION INTERNATIONAL,≤100
104622121026372,Earth Breeze,These ads ran without a disclaimer,≤100
118303441570966,Homeowner Smart,NATIONAL ASSOCIATION OF REALTORS,≤100
723394465079640,The Lion,Stanley M. Herzog Charitable Foundation,≤100
160005659383,PreBorn,"MISSION: PRE-BORN, INC.",≤100
1526736227567131,TrueCoverage,True Coverage,≤100
107323051758635,Josh Riley,Josh Riley for Congress,≤100
105364682148003,Available To All,Available To All,≤100
28483858161,Texas Scorecard,ScorecardMedia,≤100
10498053716,Media Research Center,MEDIA RESEARCH CENTER,≤100
114009933764548,The Patriot Club,RightWingGear.com,≤100
513695272011123,The Genesis Prize,GPF NA LLC,≤100
1272534336242476,CFR Education,Council on Foreign Relations,≤100
103885799225717,Liberty Protector,Liberty Protector,≤100
1526707030943680,Phoenix Dream Center,City Help Inc of Phoenix dba Phoenix Dream Center,≤100
104491841664875,Country First,"Country First Action, Inc.",≤100
106058025408954,Do No Harm Medicine,Do No Harm,≤100
220538341415523,The Satanic Temple,The Satanic Temple,≤100
100711852963449,Team Vivek,VIVEK 2024,≤100
102868946106278,Reel Congress,BizPac Review,≤100
116821227998416,Protect Women Ohio,Protect Women Ohio,≤100
986933941425487,Woodwell Climate Research Center,Woodwell Climate Research Center,≤100
192609620649,The University of Chicago,The University of Chicago,≤100
133937690180,Student Conservation Association,Student Conservation Association,≤100
271453369908901,FLAG  - Foundation for Liberty and American Greatness,Tomer Barazani,≤100
57615046615,Rainforest Trust,RAINFOREST TRUST INC,≤100
1382441768496365,Pentair,PENTAIR,≤100
354851377936744,BookTV,NATIONAL CABLE SATELLITE CORPORATION,≤100
8550121410,Free Speech America Project,MEDIA RESEARCH CENTER,≤100
113986481630469,Trending Patriots,I Love My Freedom,≤100
107008774760761,Color Us United,Color Us United,≤100
193147324041812,The Skoll Foundation,Skoll Foundation,≤100
123857614319417,Texas Nationalist Movement,Texas Nationalist Movement,≤100
711478725532801,Civiqs,Civiqs,≤100
182620315479,Plan International USA,Plan International USA,≤100
309798029121030,Everytown for Gun Safety,Everytown for Gun Safety Support Fund Inc,≤100
16317479654,Deseret News,Deseret News,≤100
27311599342,Preemptive Love,Preemptive Love Coalition,≤100
38234604057,PEN America,PEN AMERICAN CENTER INC,≤100
214061167976,El Tiempo Latino,Center for Community Change Action,≤100
132766376763861,I Make America,Association of Equipment Manufacturers,≤100
112907603920610,Odessa's Accountability Project,Jamie Lavon Foreman,≤100
430964644347524,Campaign Ad-Cloud,Campaign Ad-Cloud,≤100
278876378889211,Armenian Museum of America,"ARMENIAN MUSEUM OF AMERICA, INC.",≤100
206052849902620,Intermountain Immigration,"Intermountain Immigration, LLC",≤100
105753898811449,Align Us,Kyle Reyes,≤100
1646143148996309,ADM,ADM,≤100
103376804451432,Trending Politics,I Love My Freedom,≤100
111679245191541,Isamac for BERKS,Isamac for Berks,≤100
128167457221813,Public Transportation,Voices for Public Transit,≤100
57774720835,RESOLVE: The National Infertility Association,RESOLVE THE NATIONAL INFERTILITY ASSOCIATION (USED IN VA BY: RESOLVE INCORPORATED),≤100
1165715730222155,Consumer Choice Center,Consumer Choice Center,≤100
129353084077944,Maebe A. Girl,MAEBE A. GIRL FOR CONGRESS,≤100
101869563236902,FreedomFest,FreedomFest,≤100
7219151423,The Fund for American Studies (TFAS),FUND FOR AMERICAN STUDIES,≤100
1443127535947107,Save the Children Action Network,Save the Children Action Network,≤100
174793662656828,Colorado Peak Politics,Peak Politics LLC,≤100
6334782252,Oceana,Oceana,≤100
108537340548276,"Haiku, Inc.",Kyle Reyes,≤100
142474049098533,Robert Reich,Inequality Media,≤100
174941115857811,Campaign for Southern Equality,Campaign for Southern Equality,≤100
109118211910879,Mr. 45,Green Straw LLC,≤100
104614641200137,MeidasTouch,MEIDASTOUCH,≤100
104099512361482,Funnies Now - Magazine,These ads ran without a disclaimer,≤100
169687486427698,Jentezen Franklin,FREE CHAPEL WORSHIP CENTER,≤100
1666922183524165,ReThink Energy NJ,ReThink Energy NJ,≤100
199891603386344,Common Ground Committee,Common Ground Committee,≤100
48994809349,Ms. Foundation for Women,MS FOUNDATION FOR WOMEN INC,≤100
97466887664,Innocence Project,"INNOCENCE PROJECT, INC., THE",≤100
103552914774916,Science Moms,Potential Energy Coalition Inc,≤100
143173285763,Tenth Amendment Center,Tenth Amendment Center,≤100
8914040942,Chesapeake Bay Foundation,These ads ran without a disclaimer,≤100
5970146660,Community Change,Center for Community Change Action,≤100
106582384539447,Design for Freedom by Grace Farms,"GRACE FARMS FOUNDATION, INC.",≤100
7191206138,ASPCA,ASPCA,≤100
833703819981407,Atlantic Re:think,The Atlantic Monthly Group LLC,≤100
142474049098533,Robert Reich,Inequality Media Civic Action,≤100
190028064393532,DonorVoice,DonorVoice,≤100
497348647140658,Point Source Youth,Point Source Youth,≤100
115262456592822,Christians Engaged,Christians Engaged,≤100
248539568517772,New Jersey League of Conservation Voters,NJ LEAGUE OF CONSERVATION,≤100
140155342671005,Sempervirens Fund,SEMPERVIRENS FUND,≤100
43934405787,IPPF,International Planned Parenthood Federation Worldwide Inc,≤100
203294399456,Public Interest Registry,Public Interest Registry,≤100
101791315693,Destiny Rescue,"Destiny Rescue International, Inc.",≤100
107454490912636,Jewish Future Pledge,Jewish Future Pledge Inc,≤100
101670979560788,Reel Police,BizPac Review,≤100
203156483151292,PassionLife,PassionLife Ministries,≤100
71324717432,National Association of Scholars,NATIONAL ASSOCIATION OF SCHOLARS,≤100
104236898418588,Amala Ekpunobi,These ads ran without a disclaimer,≤100
149081336362,AmeriCorps VISTA,Corporation for National & Community Service,≤100
11918108948,African Wildlife Foundation,AFRICAN WILDLIFE FOUNDATION,≤100
75054466127,Keep Louisiana Beautiful,"KEEP LOUISIANA BEAUTIFUL, INC.",≤100
2070944712939738,American Police Officers Alliance,American Police Officers Alliance,≤100
839073729808623,Hillary Scholten,SCHOLTEN FOR CONGRESS,≤100
7833534974,Florida Democratic Party,Florida Democratic Party,≤100
18983389920,Open Society Foundations,Open Society Foundations,≤100
304842759546695,Brooklyn Institute for Social Research,Brooklyn Institute for Social Research,≤100
110624247393153,Republican Ads,"Republican Ads, LLC",≤100
101400032438085,The A-Mark Foundation,A MARK FOUNDATION,≤100
49402381706,Californians for Population Stabilization,"CALIFORNIANS FOR POPULATION STABILIZATION, INC.",≤100
267919097102,Intercollegiate Studies Institute,Intercollegiate Studies Institute,≤100
38882699096,Polaris,POLARIS PROJECT,≤100
168876449866088,The Years Project,THE YEARS PROJECT,≤100
106909358810669,Stop RCV,Stop RCV,≤100
1835838916635491,Transamerica Institute,Transamerica Center for Health Studies,≤100
110480728196620,Small Business Digital Alliance,Small Business Digital Alliance,≤100
12185972707,350.org,350 ORG,≤100
386305465057247,Liberty Nation,Liberty Nation,≤100
104092062075803,USA Jolt,"Jolt Media, Inc.",≤100
100692068471118,Explain America,Apse Media LLC,≤100
403737406341879,National Women's Health Network,NATIONAL WOMENS HEALTH NETWORK,≤100
49059279814,Institute for Justice,INSTITUTE FOR JUSTICE,≤100
8895898655,Rainforest Alliance,"RAINFOREST ALLIANCE, INC.",≤100
337038226473839,Trish Regan,"SALEM MEDIA GROUP, INC.",≤100
378084314984,Trane Technologies,Trane Technologies,≤100
872037776276994,Facing Abuse in Community Environments,These ads ran without a disclaimer,≤100
6165653060,AFSCME,AMERICAN FEDERATION OF STATE COUNTY & MUNICIPAL EMPLOYEES,≤100
164966660351345,Hope Outfitters,Hope Outfitters,≤100
108503659576,National Coalition for Public School Options,National Coalition for Public School Options,≤100
7606381190,Amy Klobuchar,KLOBUCHAR FOR MINNESOTA,≤100
36085812354,Rainforest Foundation US,"Rainforest Foundation, Inc.",≤100
42940254353,Human Rights Watch,"HUMAN RIGHTS WATCH, INC.",≤100
147126507164,ACTwireless,ACTwireless,≤100
108024335231493,Tower Climbers Union/CWA,"COMMUNICATIONS WORKERS OF AMERICA, AFL-CIO, CLC",≤100
268742029966978,PowerToFly,These ads ran without a disclaimer,≤100
2602473023098666,Democratic Polling Center,Democratic Governors Association,≤100
310925405807,Citizens Climate Lobby,Citizens' Climate Lobby,≤100
117988274548521,GELF Energy,These ads ran without a disclaimer,≤100
118903025362,FLOR,"FLOR, Inc.",≤100
166599683383197,Placzek Studios,These ads ran without a disclaimer,≤100
1553978148244954,Build With Strength,Build With Strength,≤100
104178704279594,Main St. First,Resource Media,≤100
131618273567984,Jeff Landry,Landry for Louisiana,≤100
346612865750115,Korea Defense Veterans Association,Korea Defense Veterans Association,≤100
94047978366,PCCC - BoldProgressives.org,PROGRESSIVE CHANGE CAMPAIGN COMMITTEE,≤100
162069790604,AARP Arizona,AARP,≤100
101614296189957,Protect Montana,Montana Federation of Public Employees,≤100
1436015636699810,"Orlando ""Papas"" Lopez San Benito CISD School Board Trustee Place 4","Orlando ""Papas"" Lopez San Benito CISD School Board Trustee Place 4",≤100
251512801547984,Ken King,Ken King for State Representative,≤100
101254489360004,Texas Agriculture Connection,Texas Agriculture Connection,≤100
112062103882377,Florida Consumer Alliance,Florida Consumer Alliance,≤100
295199098300,Scary Mommy,"BDG MEDIA, INC.",≤100
102204903345,The Vilcek Foundation,"VILCEK FOUNDATION, INC., THE",≤100
30914589895,The International Fellowship of Christians and Jews,"INTERNATIONAL FELLOWSHIP OF CHRISTIANS & JEWS, INC.",≤100
149220264647,ADL - Anti-Defamation League,Anti-Defamation League,≤100
118385911198439,Trending Politics News,I Love My Freedom,≤100
53809332932,Naturepedic,These ads ran without a disclaimer,≤100
29934350147,Marketplace Business News,AMERICAN PUBLIC MEDIA,≤100
56074851990,Truth Initiative,TRUTH INITIATIVE FOUNDATION,≤100
58158120046,ACLJ,American Center for Law and Justice,≤100
227594571444676,Building New York's Best,Carpenter Contractor Alliance of Metropolitan New York,≤100
487569614682924,CAPP USA,Yellow Line Productions LLC,≤100
22339908994,Vote Solar,Vote Solar,≤100
260713150211,Protect Our Winters,Protect Our Winters,≤100
55014581847,Strategic Elements,Strategic Elements,≤100
940653386126953,StandingWithYou.org,Standingwithyou.org,≤100
437441839623271,The Village of Spring Hill,These ads ran without a disclaimer,≤100
238348260390644,The Brigid Alliance,"BRIGID ALLIANCE, THE",≤100
156496968533805,Explore Beyond,NCTA - The Internet & Television Association,≤100
312657362217994,Women's Heart Alliance,Women's Heart Alliance,≤100
195100614324426,The Freedom Initiative,The Freedom Initiative,≤100
470369419784714,Nick Palmisciano,Nick Palmisciano,≤100
110650027024574,Broadleaf Books,These ads ran without a disclaimer,≤100
2390004754407420,Childcare Changemakers,Community Change Action,≤100
111812468884033,W.K. Kellogg Foundation,W. K. KELLOGG FOUNDATION,≤100
58043814556,Oklahoma City Memorial Marathon,Oklahoma City Memorial Marathon,≤100
245711905631405,Jeff Jackson,JEFF JACKSON FOR CONGRESS,≤100
171524666565192,Dave Stauffer for Governor,David William Stauffer,≤100
109749408609311,Proud Patriots USA,Proud Patriots USA,≤100
290851614930809,Combat AntiSemitism,Combat Hate Foundation,≤100
497949630282962,Retirement Specialty Group,Retirement Specialty Group,≤100
101103254533,SOS International,SOS International,≤100
164049599660,Catholic Relief Services en español,CATHOLIC RELIEF SERVICES,≤100
158505287559920,Save the Storks,Save the Storks,≤100
100809736190174,American Promises,American Promises,≤100
142161905817424,AMAC - The Association of Mature American Citizens,The Association of Mature American Citizens Inc,≤100
102285565662701,Ampact,These ads ran without a disclaimer,≤100
105348224679358,The Don't Unfriend Me Show,DONT UNFRIEND ME,≤100
55708608675,RAND Corporation,"RAND CORPORATION, THE",≤100
101294929460167,Missourians for Fair Legal Funding,Missourians for Fair Legal Funding,≤100
175403889150682,FindLaw.com,FindLaw Consumer,≤100
126815818975,Global Fund for Children,GLOBAL FUND FOR CHILDREN (THE),≤100
234628203317767,Made for Freedom,Made for Freedom,≤100
121940824138795,North Carolina Association of Health Plans,"North Carolina Association of Health Plans, Inc",≤100
332671562949,Diversey,"Diversey Holdings, LTD.",≤100
104921781546949,Phineas Street School,These ads ran without a disclaimer,≤100
399060493533519,The Justice Foundation,JUSTICE FOUNDATION,≤100
173896102623920,Old Row,Old Row,≤100
114513494875415,America's Freedom Page,USA Features Media LLC,≤100
1731084720451495,Saprea,The Younique Foundation,≤100
114167895375664,Cherokee Nation,"CHEROKEE NATION, THE",≤100
111333413863498,Freedom First Society,FREEDOM FIRST SOCIETY,≤100
103648802451237,Fair Courts America,Fair Courts America,≤100
105599502191866,Florida Jolt,"Jolt Media, Inc.",≤100
645392368909975,carafem,carafem,≤100
1499191057075106,Chronic Disease Coalition,Chronic Disease Coalition,≤100
43426724597,Paper Culture,Paper Culture LLC,≤100
104178315156683,Blue Perigon Digital,Blue Perigon Digital,≤100
345751305447288,Daugherty Water for Food Global Institute,Daugherty Water for Food Global Institute,≤100
109599248636777,Consumer Credit Card Protection Coalition,CONSUMER CREDIT CARD PROTECTION COALITION,≤100
628423320573742,Vote Run Lead,VOTERUNLEAD,≤100
524399207959953,Truth & Liberty Coalition,Truth & Liberty Coalition,≤100
125120044171675,"City of Lancaster, CA – Government","LANCASTER, CITY OF",≤100
251734676525,Kevin Cramer,CRAMER FOR SENATE,≤100
107621368721917,Wilco 100 PAC,Wilco 100 PAC,≤100
154930410085,"Zion Oil and Gas, Inc.","Zion OIl & Gas, Inc.",≤100
499379343409991,Impact Fund,"IMPACT FUND, THE",≤100
222539451627775,The Graceful Goose,The Graceful Goose,≤100
100397291883260,Float Factory,Pool Punisher LLC,≤100
208551063368,Dominican Friars of the Province of Saint Joseph,DOMINICAN FOUNDATION,≤100
279799525443906,HELPS Nonprofit,HELPS Nonprofit Law Firm,≤100
291102898490822,Conservative Comedy Store,Conservative Comedy Store,≤100
109710757964393,Pamela Boggess for Fort Worth City Council,Pamela Boggess Campaign,≤100
97624620788,American Friends of Magen David Adom,AMERICAN FRIENDS OF MAGEN DAVID ADOM,≤100
102044622753692,American Potential Podcast,AMERICANS FOR PROSPERITY,≤100
70090474914,American Farmland Trust,These ads ran without a disclaimer,≤100
181924628560212,Ekō,Ekō,≤100
118591414530011,Phillyunionpac,Union PAC,≤100
19992349706,Taxpayers for Common Sense,TAXPAYERS FOR COMMON SENSE,≤100
27461595703,Carbonfund,Carbonfund.org Foundation,≤100
178054932247225,ASICS,These ads ran without a disclaimer,≤100
259212814698356,Democratic Majority for Israel,Democratic Majority for Israel,≤100
8321461609,MomsRising.org,MomsRising Together,≤100
101796409500199,Bob Thurber for Mayor,Bob Thurber for Mayor,≤100
121341950882334,Our Own Backyards Texas,Our Own Backyards Texas,≤100
56325507115,Beemster,These ads ran without a disclaimer,≤100
114226275387369,republicEn,republicEn,≤100
717339155320936,Better Solutions for Healthcare,Better Solutions for Healthcare,≤100
261951940219,Goldman Environmental Prize,Goldman Environmental Foundation,≤100
124249383207,Ross University School of Medicine,These ads ran without a disclaimer,≤100
473191156175163,EDF Action,Environmental Defense Action Fund,≤100
59877921429,Lutheran Immigration and Refugee Service,"LUTHERAN IMMIGRATION AND REFUGEE SERVICE, INC.",≤100
116060374705445,Florida Patients First,Florida Patients First,≤100
6334782252,Oceana,OCEANA INC,≤100
186977768011413,Ironworkers Rising,"International Association of Bridge, Structural, Ornamental, and Reinforcing Iron Workers",≤100
279890513018,Islamic Networks Group - ING,"ISLAMIC NETWORKS, INC.",≤100
225588344180456,"Abogada Elizabeth Rosario - Elizabeth Rosario Law, PLC",These ads ran without a disclaimer,≤100
1424003277893336,Allan Domb,Allan Domb for Philadelphia,≤100
1428755447227803,Defend The Second,Next Level Goods,≤100
100562019990818,U.S. Term Limits,U.S. Term Limits Inc.,≤100
217187838327836,The Story Exchange,The Story Exchange Foundation,≤100
41093998634,The Christian Post,The Christian Post,≤100
341513602902369,CALL TO ACTIVISM,CALL TO ACTIVISM,≤100
1425435377743310,Conversations with Bill Kristol,FOUNDATION FOR CONSTITUTI,≤100
183165025062107,The TESA Collective,"The Toolbox for Education and Social Action, Inc",≤100
1599237673639735,Change Media Group,Change Media Group,≤100
344793542243067,Heritage House '76,These ads ran without a disclaimer,≤100
102230249080409,Freedom First,Jason Donald Robertson,≤100
801964339916055,Commissioner Jesse Gonzalez,Jesse Gonzalez,≤100
133913826633461,Grassroot Institute of Hawaii,Grassroot Institute of Hawaii,≤100
39813692310,Michigan Democratic Party,MICHIGAN DEMOCRATIC STATE CENTRAL COMMITTEE,≤100
110010433804232,Standing For Freedom Center,Standing for Freedom Center,≤100
165111340198466,Etude Wines,These ads ran without a disclaimer,≤100
14084625156,Susan G. Komen,Susan G. Komen,≤100
327853590558653,"Agri-Pulse Communications, Inc.","AGRI-PULSE COMMUNICATIONS, INC.",≤100
19746387261,Humane Society International,Humane Society International,≤100
27544763621,Prison Fellowship,Prison Fellowship,≤100
201956993160690,MRCTV,MEDIA RESEARCH CENTER,≤100
506680536015406,HumanProgress.org,"CATO INSTITUTE, INC.",≤100
451075468389015,Donald Trump Is My President,Donald Trump Is My President,≤100
101656809535877,lastgoodfight,These ads ran without a disclaimer,≤100
112775848387955,Data for Society Research,The University of Chicago,≤100
107084502280437,CA Union Careers,Protect Our Construction Careers,≤100
1654550184799326,RetireSafe,RetireSafe,≤100
107645227592678,To Which We Belong,Mystic Artists,≤100
300341323465160,The Daily Signal,HERITAGE FOUNDATION (THE),≤100
109509160871762,Evan Elliott for Noblesville City Council,Evan for Noblesville,≤100
266602360083204,The Children's Trust,"CHILDREN'S TRUST, INC",≤100
100700519593180,"Buck Nasty Media. Sports, culture, politics, and the Nasty Truth",Robert Mattox,≤100
109344554681167,The House Class,These ads ran without a disclaimer,≤100
234142976633158,Wake Up World & Smell the Coffee,Edith Dume Lerner,≤100
10524033745,Remote Area Medical - RAM,REMOTE AREA MEDICAL,≤100
230180824062538,Councilman Anand Shah,Anand U Shah,≤100
20603236087,Love146,"LOVE146, INC.",≤100
169010809828905,Linda Omobien for Akron City Council At-Large,Friends of Linda Omobien,≤100
238473269650980,Capital & Main,CAPITAL & MAIN,≤100
56680318666,Illinois Policy,These ads ran without a disclaimer,≤100
117507751891,United Poultry Concerns,"UNITED POULTRY CONCERNS, INC",≤100
117214891638398,Street Grace,Street Grace Inc,≤100
510681319319292,U.S. Civil Rights Trail,US Civil Rights Trail Marketing Alliance INC,≤100
39436858124,UC Berkeley School of Law,These ads ran without a disclaimer,≤100
108469584911616,Expose Pueblo,These ads ran without a disclaimer,≤100
311901101987,"The Seeing Eye, Inc.",SEEING EYE INC,≤100
101239962270235,Bright Future Iowa,Bright Future Iowa,≤100
109729861699329,Speak4,Speak4,≤100
101810652152706,Ship It Zero,PACIFIC ENVIRONMENT AND RESOURCES CENTER,≤100
1522379728063829,Healthy World for All,RESOURCES LEGACY FUND,≤100
106124975682358,Jimmy Fondren for Mississippi House District 111,Committee To Elect Jimmy Fondren,≤100
125937197447634,ACTA - American Council of Trustees and Alumni,AMERICAN COUNCIL OF TRUSTEES AND ALUMNI,≤100
163662804426854,Life Advancement Group,Nathan Montgomery Berning,≤100
101626535691142,Tina Blum Cohen for U.S. House of Representatives Texas District 7,TINA BLUM COHEN FOR US HOUSE OF REPRESENTATIVES TEXAS DISTRICT 7,≤100
106862204671108,The Deplorable Americans,Justin Gustafson,≤100
85252863415,National Latina Institute for Reproductive Justice,NATIONAL LATINA INSTITUTE FOR REPRODUCTIVE HEALTH,≤100
88410949777,Population Media Center,"POPULATION MEDIA CENTER, INC.",≤100
5699478389,Custom Ink,These ads ran without a disclaimer,≤100
1383059588609414,Eric Lucero for MN Senate,Lucero For State Senate Committee,≤100
711909245654048,National Police Support Fund,National Police Support Fund,≤100
360027670855635,Michael Lee,Friends of Michael Lee,≤100
103546351703577,Dallas Express,Dallas Express Media,≤100
110624565660992,ZOE International,ZOE International,≤100
89855016270,National Conference of State Legislatures,National Conference of State Legislatures,≤100
109449408709,American Heart Association - Texas,SouthWest American Heart Association,≤100
1575053976086176,EcoChi,These ads ran without a disclaimer,≤100
710460605705480,Dugit Outreach Center,Dugit Messianic Outreach Center,≤100
100710759119069,Blue Planet Ecosystem,Blue Planet Ecosystem,≤100
1343854048973873,Global X ETFs,These ads ran without a disclaimer,≤100
150575805500538,Ombraz Sunglasses,These ads ran without a disclaimer,≤100
106283144372677,IWG,These ads ran without a disclaimer,≤100
351450241620398,Bryan Shupe Delaware,Bryan William Shupe,≤100
601678723294742,The Bill Walton Show,Resolute Protector Foundation,≤100
1117698914923696,Nurx,These ads ran without a disclaimer,≤100
101080822634195,Fix It Films,Fix It Healthcare,≤100
100284648021034,New Tolerance Campaign,New Tolerance Campaign,≤100
1715587955338111,National Incarceration Association,National Incarceration Association,≤100
130848666099,Business Forward,Business Forward Inc.,≤100
147523538641547,Capitol Ministries,CAPITOL MINISTRIES,≤100
112339644228184,Next Chapter Podcasts,"Next Chapter Podcasts, LLC",≤100
1186891087992163,Eddie Melton,Melton for Mayor of Gary,≤100
292351509697,Jerusalem Prayer Team,Jerusalem Prayer Team,≤100
92393989474,Lifefactory,These ads ran without a disclaimer,≤100
939960396036229,Greenily - Your Family Only Greener,"Greenily, LLC",≤100
1602479849981669,Michael Lamb,Committee to Elect Michael Lamb,≤100
80770833881,Eagles' Wings,ROBERT STEARNS INTERNATIONAL INC,≤100
142957224352,International Medical Corps,International Medical Corps,≤100
124823057545947,Interface,"INTERFACE, INC.",≤100
103047259150209,What I Want to Know with Kevin P. Chavous,"Stride, Inc.",≤100
100806242836871,Preservation Pause,University of Arizona Indigenous Peoples Law and Policy Program,≤100
376250065793807,Citizens for Responsible Energy Solutions,CITIZENS FOR RESPONSIBLE ENERGY SOLUTIONS INC,≤100
250392878345035,The Focused Pastor,Focus on the Family,≤100
108247581851552,Democracy Defense Fund,DEMOCRACY DEFENSE FUND,≤100
114935171689,Leander ISD,LEANDER ISD,≤100
137018306702,Lily Wu,Lily Wu,≤100
326823877726361,Tactilian - Car Flag Magnets,These ads ran without a disclaimer,≤100
181020618678789,Alliance For Global Justice,Alliance for Global Justice,≤100
101581329115492,Freedom Street,Jason Donald Robertson,≤100
18017481462,Acton Institute,Acton Institute,≤100
142260190351,Comment Magazine,"Cardus, Inc.",≤100
999556810102061,Signature Seas,Signature Seas,≤100
200548226627766,The Progressive Magazine,Norman Joseph Stockwell,≤100
131385910227393,Catholic Mobilizing Network,CATHOLIC MOBILIZING NETWORK,≤100
119906061037654,The Political Pendulum,TWIN TAURUS LLC,≤100
710669049286394,Woo the People,Woo the People,≤100
102421369434228,Goose's News Daily,Justin Gustafson,≤100
101377889168483,Gumbo Limbo Coastal Stewards,"Gumbo Limbo Coastal Stewards, Inc.",≤100
102596355656379,Red Wave News Updates,Michael Scott Hughes,≤100
1559386374365464,NewsBreak App,These ads ran without a disclaimer,≤100
110607104761521,Shellfish Growers Climate Coalition,NATURE CONSERVANCY,≤100
1444820465547227,Rank the Vote,Rank the Vote,≤100
480543848684821,Florida for All,"Florida for All Action, Inc.",≤100
110019029033254,Jamestown NY Fire Department Local 137,Jamestown Professional Firefighters Local 137,≤100
139034619493222,CUNY Citizenship Now,CUNY Citizenship Now!,≤100
149626702434790,Lotsamiles and Lotsasmiles,These ads ran without a disclaimer,≤100
830162603716633,Andy Beshear,Andy Beshear for Governor,≤100
100221986153813,Lou's Daily News,Michael Scott Hughes,≤100
258062237693141,Rural & Agriculture Council of America,Rural & Agriculture Council of America,≤100
65538457518,The Village Square,TO THE VILLAGE SQUARE INC,≤100
813795775407964,7Cellars by John Elway,These ads ran without a disclaimer,≤100
747004618667089,Belev Echad,BELEV ECHAD INC,≤100
121750354532995,Yale Program on Climate Change Communication,Yale Program on Climate Change Communication,≤100
104299532561768,Amanda Schulz For Dallas,CAMPAIGN FOR AMANDA J SCHULZ,≤100
170126260000702,Western Journal US News,Western Journal US News,≤100
896759427103774,Modern Medicaid Alliance,Modern Medicaid Alliance,≤100
100718576155928,Conscious Money Enterprises LLC,Dontie Mitchell,≤100
287754774569171,Americans for Prosperity-Montana,AMERICANS FOR PROSPERITY,≤100
115096998138111,Job for Philly,JOB FOR PHILLY,≤100
234744096655497,Alliance For Early Success,Alliance for Early Success,≤100
356050017804283,WSPA (Western States Petroleum Association),WESTERN STATES PETROLEUM ASSOCIATION,≤100
1021724717913869,Bantam Communications,Bantam Communications,≤100
44622976055,San Diego Pride,These ads ran without a disclaimer,≤100
111670288306717,Paw Cast Kids,These ads ran without a disclaimer,≤100
106568024842114,Rideshare Assault Support,Injury Match,≤100
138492335404,Scott Walker,FORWARD USA FEDERAL POLITICAL ACTION COMMITTEE,≤100
46785153750,National Fair Housing Alliance,National Fair Housing Alliance,≤100
1946103095604765,Melinda Katz,Katz NYS,≤100
254943996005,Catholic Answers,"CATHOLIC ANSWERS, INC.",≤100
165948483437012,Last Chance for Animals (LCA),LAST CHANCE FOR ANIMALS,≤100
120519477967734,Inspired by Iceland,These ads ran without a disclaimer,≤100
984421991732710,Paycheckology,Paycheckology,≤100
5647744585,PETA (People for the Ethical Treatment of Animals),"PEOPLE FOR THE ETHICAL TREATMENT OF ANIMALS, INC.",≤100
2168484930102843,EJ Moonshot,EJ Creations LLC,≤100
1677111425839949,American Promise,"AMERICAN PROMISE, INC.",≤100
103454371495257,Mood Spike,These ads ran without a disclaimer,≤100
1042560925858683,John Kelly,John Alexander Kelly,≤100
338218229911752,Integrity First PAC,INTEGRITY FIRST PAC,≤100
75198195635,Machinists Union,GRAND LODGE INTERNATIONAL ASSOCIATION OF MACHINISTS AND AEROSPACE WORKERS,≤100
107582203192,Deputy Sheriff's Association of Bexar County,DEPUTY SHERIFFS ASSOCIATION OF BEXAR COUNTY,≤100
458643554482238,Uri Velez La Sra de los Seguros,Euridis Velez,≤100
107461782259135,Tom Morris for Judge,Committee to Elect Morris for Judge,≤100
105889739108143,The French Perspective,The French Perspective,≤100
2321993911380376,Dr. Patricia Campos Medina,Cristina Coll,≤100
2255535767896743,Mark Robinson,Friends of Mark Robinson,≤100
112168888451050,Macy Hill for Fort Worth District 7,Macy Hill for Fort Worth,≤100
1013454855413378,Arena Mail + Digital,Arenawins,≤100
170126260000702,Western Journal US News,The Western Journal,≤100
20239752285,The American Prospect,"The American Prospect, Inc.",≤100
105244664996494,Wildgrid,These ads ran without a disclaimer,≤100
178700205665083,FamilyLife Blended,CAMPUS CRUSADE FOR CHRIST INC,≤100
102142101657930,OurFight.online,Our Fight Inc,≤100
102185441975157,Earley for Delegate,Earley for Delegate,≤100
219628041964448,Red Bank's READY,Red Banks Ready,≤100
137332930294201,Citizen Brain with Josh Kornbluth,Global Brain Health Institute,≤100
100374392742057,Weregreenly- Magazine,These ads ran without a disclaimer,≤100
122225501788788,Hudzaifahstore,These ads ran without a disclaimer,≤100
113205727957728,Minnesota Parents Alliance,Minnesota Parents Alliance,≤100
143981748956175,Rural Assembly,Rural Assembly,≤100
81839392622,American Century Investments,AMERICAN CENTURY SERVICES CORPORATION,≤100
392189600337,Minnesota Nurses Association,Minnesota Nurses Association,≤100
101350839190816,Macro Conservative,Macro Conservative,≤100
215313465921275,Yaqeen Welfare Foundation,YAQEEN WELFARE FOUNDATION,≤100
1467265240019207,Michael Rulli,Michael Rulli,≤100
109343231965723,Better PA Roads & Bridges,Better Pennsylvania Roads and Bridges,≤100
262902450432,TeachKind,PEOPLE FOR ETHICAL TREATMENT OF ANIMALS INC,≤100
116056898085779,American Exceptionalism PAC,AMERICAN EXCEPTIONALISM PAC,≤100
84645912778,Prosperity Now,PROSPERITY NOW,≤100
59473866945,Oregon AFL-CIO,OREGON AFL-CIO,≤100
182708684718,Sounds True,These ads ran without a disclaimer,≤100
198062237680310,Kevin Jackson,GovCloud Network LLC,≤100
428330877769054,Ask Anything,Ask Anything,≤100
100471329500519,"Jude Pierre-Louis, Medicare benefits Advisor",These ads ran without a disclaimer,≤100
105858001496295,Mattie Parker for Fort Worth Mayor,Mattie Parker For Mayor Campaign,≤100
55804331295,Texas Association of Business,TEXAS ASSOCIATION OF BUSINESS,≤100
270826723039149,The Coalition to Protect Americas National Parks,"COALITION OF NATIONAL PARK SERVICE RETIREES, INC.",≤100
211042665665979,"Orange County, Florida Government","Orange County, Florida Government",≤100
1448985902033866,Trans Lifeline,Trans Lifeline,≤100
108158738275257,Ann Marie Danimus for Congress - WA05,COMMITTEE TO ELECT ANN MARIE DANIMUS,≤100
264566099252,Zaytuna College,These ads ran without a disclaimer,≤100
15503839732,Peter G. Peterson Foundation,Peter G. Peterson Foundation,≤100
101204378825808,Fight the Right,FIGHT THE RIGHT PAC,≤100
11111618026,Union of Concerned Scientists,"UNION OF CONCERNED SCIENTISTS, INC.",≤100
42590232694,CAIR,"CAIR-FOUNDATION, INC.",≤100
407767916003589,U.S. Representative John Carter,Office of U.S. Representative John Carter,≤100
203412586342974,Marianist Social Justice Collaborative,These ads ran without a disclaimer,≤100
747783932079184,Jared Golden for Congress,COMMITTEE TO ELECT JARED GOLDEN,≤100
123651254408327,Sokolove Law,"Sokolove Law, LLC",≤100
130268756992804,Yale Climate Connections,Yale Climate Connections,≤100
114657621506286,Jeff Wilhite,Friends of Wilhite,≤100
36230141853,Zeal Optics,These ads ran without a disclaimer,≤100
108448004014806,Tim Anderson For Virginia,Friends of Tim Anderson,≤100
216052228433696,Arcus Foundation LGBTQ Social Justice,ARCUS FOUNDATION,≤100
143063095713907,Hep,"CDM PUBLISHING, LLC",≤100
139835646030666,Alliance for Aviation Across America,Alliance for Aviation Across America,≤100
6333396177,NewsBusters.org,MEDIA RESEARCH CENTER,≤100
186744411348769,Appliances Connection,These ads ran without a disclaimer,≤100
93692255431,Bread for the World,"BREAD FOR THE WORLD, INC.",≤100
103890642536849,Dan Cuevas for Harrison County Supervisor DIST 1,Dan Cuevas for Harrison County Supervisor DIST 1,≤100
100470838495199,Hungry Gene,These ads ran without a disclaimer,≤100
82223469060,ACN - Aid to the Church in Need,"AID TO THE CHURCH IN NEED, INC.",≤100
1752211025000504,Wynona's House Child Advocacy Center,Senator Wynona Lipman Child Advocacy Center,≤100
105993022208976,Bubblebuttsco,These ads ran without a disclaimer,≤100
1015449978587077,Alliance for Youth Action,Alliance for Youth Action,≤100
480278498670815,Danimer Scientific,Danimer Scientific,≤100
424443217623488,Clarion Project,"CLARION PROJECT, INC.",≤100
108725508673742,Fire Dan Munsey,"San Bernardino County Professional Firefighters, Local 935 Political Action Committee",≤100
48530203934,The American Alpine Club,"AMERICAN ALPINE CLUB, THE",≤100
122034524157468,aigurlzofmj,These ads ran without a disclaimer,≤100
210937299260017,USA Features Media,USA Features Media LLC,≤100
2201419826849821,"Shelby Williams, Plano City Council - Place 5",Shelby Williams Campaign,≤100
312533068780133,New Jersey Firefighters PFANJ,"Professional Firefighters Association of New Jersey - ""PFANJ""",≤100
7515233409,"Mikey Weinstein, MRFF",MILITARY RELIGIOUS FREEDOM FOUNDATION,≤100
67677129730,Arizona State Senate Democratic Caucus,Arizona State Senate Democratic Caucus,≤100
197374340229,E2 - Environmental Entrepreneurs,E2 (Environmental Entrepreneurs),≤100
151134015291,Virginia Education Association,VIRGINIA EDUCATION ASSOCIATION INC,≤100
276379069892534,Spotlight Initiative,Spotlight Initiative,≤100
36091862898,The Mackinac Center for Public Policy,Mackinac Center for Public Policy,≤100
100118109690373,Bill Smuckler,Friends of Smuckler,≤100
296451777564823,Indiana Environmental Reporter,Indiana Environmental Reporter,≤100
43163225096,Idaho Democratic Party,IDAHO STATE DEMOCRATIC PARTY,≤100
186291828074120,Drexel University,Drexel University,≤100
254707443080387,Bucks County Beacon,Bucks County Beacon LLC,≤100
102490504962117,Phade products,Phade products,≤100
653918824803452,WCS Newsroom,Wildlife Conservation Society,≤100
105672864814790,Ultimate Survival,These ads ran without a disclaimer,≤100
384006901653736,The Moore Charitable Foundation,Moore Charitable Foundation,≤100
102579112455934,Making The Leap Podcast,Stanley M. Herzog Charitable Foundation,≤100
115074531500036,Paxton Motheral for Tarrant Water Board,Paxton Motheral Campaign,≤100
879552528810163,Triangle Tire USA,These ads ran without a disclaimer,≤100
339432396135584,The Exodus Road,The Exodus Road,≤100
101717759921552,Baitulmaal,These ads ran without a disclaimer,≤100
103210743084765,Resonate,Resonate,≤100
174665813003584,Mission Partners for Christ,Mission Partners for Christ,≤100
191195674423572,Great Plains Tribal Leaders Health Board,GREAT PLAINS TRIBAL CHAIRMEN'S HEALTH BOARD,≤100
14893370225,Sustainable Harvest International,SUSTAINABLE HARVEST INTERNATIONAL,≤100
1271463226269367,Texans for Affordable Health Care,American Coalition for Affordable Healthcare,≤100
134571176638205,One Tree Planted,One Tree Planted,≤100
333296277174151,Christopher Forton for Lakeway City Council,CHRIS FORTON 4 LAKEWAY,≤100
137112833146,Wake Up America,William Gwynne Head,≤100
107409909326665,Stephen Wise Free Synagogue,"WISE, STEPHEN FREE SYNAGOGUE",≤100
108118933908193,Next Level Goods,NextlevelGoods LLC,≤100
109807943719796,Nothing Is Going To Get Better,Nothing Is Going To Get Better,≤100
2248759605441364,Ahimsa,These ads ran without a disclaimer,≤100
1435426816759741,The Sonoma Independent,Progressive Source Communications LLC,≤100
861272160620347,Texas Realtors PAC,Texas Realtors PAC,≤100
102356589314098,Political Comms,Political Comms LLC,≤100
101930385197156,Alianza Center,"Alianza Center, Inc.",≤100
117956368577,Charlie Geren,Charlie Geren Campaign,≤100
108966404699566,Free For ALL Podcast,Michael D Mccoy,≤100
107108722266297,Stephen Baratta for Northampton County District Attorney,Friends of Stephen Baratta,≤100
657708380952174,Voices of the Civil Rights Movement,These ads ran without a disclaimer,≤100
102079592297532,Leftdiculous Card Game,"Right Entertainment, LLC",≤100
107077981585236,"Debt Elimination NOW, Neeley Law","Debt Elimination NOW, Neeley Law",≤100
309890072778981,Wisconsin Homeowners Alliance,Wisconsin Homeowners Alliance,≤100
165858562140,Western Resource Advocates,WESTERN RESOURCE ADVOCATES,≤100
401025113606192,Reform Fargo,Reform North Dakota,≤100
7035457015,Brave New Films,BRAVE NEW FOUNDATION 501(C)(3),≤100
293526774748897,Parlatore Law Group,PARLATORE LAW GROUP LLP,≤100
113496178208014,Protecting Our Democracy,Protecting Our Democracy,≤100
101842652891572,Change for Philly: Domb for Mayor,National Association of Realtors Fund,≤100
275947565591,"Woods and Woods, LLC, The Veteran's Firm","Woods & Woods, LLC",≤100
107646328174841,DrDennis Osahon Aikoriogie,Dennis Osahion Aikoriogie,≤100
112912573793125,Rise Up for Justice,Avrom L Altman,≤100
130130503698358,Eastern European Mission,EASTERN EUROPEAN MISSION,≤100
353237777925,Pennsylvania House Dems,Pennsylvania House Democratic Campaign Committee,≤100
104809459160835,Queens Future,Queens Future,≤100
2259323457517498,Abolish the Electoral College,Abolish the Electoral College,≤100
1616728165212478,Environmental Voter Project,"Environmental Voter Project, Inc.",≤100
114815495852638,Public Rights Project,PUBLIC RIGHTS PROJECT,≤100
127691390582,PHI,"PARAPROFESSIONAL HEALTHCARE INSTITUTE, INC.",≤100
235039782048,Array of Hope,ARRAY OF HOPE,≤100
1942060522564525,FarmWeekNow,FarmWeekNow,≤100
111131133551811,The Locke Society,Locke Society Inc,≤100
321568941233860,The Independent American,Franco Benito Marco Valdivieso,≤100
103005542368597,Rachel Elliott for McKinney ISD,The Rachel L. Elliott Campaign,≤100
215479992305641,Becoming Young,Becoming Young,≤100
109284291894484,American News Stories,Michael Scott Hughes,≤100
34490197275,Stitcher,Stitcher,≤100
292281798294447,Shammas Malik,Malik for Akron,≤100
150559895031,Rapha International,"Rapha House International, Inc.",≤100
210357995667559,The National Memo,The National Memo,≤100
131664893560695,Origins OSU,Origins: Current Events in Historical Perspective,≤100
103929304678916,Voter Action Project,Integrity First Voter Action Project,≤100
95335385742,National Fish and Wildlife Foundation,National Fish and Wildlife Foundation,≤100
289697754542973,Vote YES for UCS,Vote YES for UCS,≤100
1914537155242810,Life: Powered,Texas Public Policy Foundation,≤100
108180206470137,Iowans for Wind & Solar,270 Strategies,≤100
112345611796763,Donald Trump Voters,I Love My Freedom,≤100
101564054951838,We The Forest,We The Forest,≤100
30079936984,CWS,"CHURCH WORLD SERVICE, INC.",≤100
106568024842114,Rideshare Assault Support,Select Justice LLC,≤100
288369791569,SEIU 721,SEIU Local 721,≤100
101853479470366,Weregreenly,These ads ran without a disclaimer,≤100
53178635562,Third Way,THIRD WAY,≤100
83960796709,Institute for Southern Studies,INSTITUTE FOR SOUTHERN STUDIES INC,≤100
130505563289,Climate Generation,Climate Generation: A Will Steger Legacy,≤100
108813425157763,"Hoyt Prindle for Tampa City Council, District 6","Hoyt Prindle, non-partisan candidate for Tampa City Council (District 6)",≤100
127668823933246,The NewDEAL,NEWDEAL,≤100
401240226922554,VoLo Foundation,VoLo Foundation,≤100
363500867116594,Will Metcalf,Will Metcalf,≤100
106925294739244,Advancing American Freedom,Advancing American Freedom Inc,≤100
101011649407810,Chosen Oneee,These ads ran without a disclaimer,≤100
114571218194112,Let's Get This Thread,"Results Optimized, LLC",≤100
114250430692,Unchainedtv,JANE UNCHAINED NEWS NETWORK,≤100
1720878078241107,Conservative Move,Conservative Move,≤100
241357269256989,Joy Frost,These ads ran without a disclaimer,≤100
104429957698177,Guidance Against the Odds,These ads ran without a disclaimer,≤100
225422650854192,Election Systems & Software,Election Systems & Software,≤100
110762178628199,Accountable SC,"Accountable SC, LLC",≤100
22627435207,Presbyterian Church (U.S.A.),Presbyterian Church (U.S.A.),≤100
249467225254927,The Love > hate Project,LOVE GREATER THAN HATE PROJECT,≤100
40217893542,AIPAC,American Israel Public Affairs Committee,≤100
644308565682800,Tanya Acker,Tanya Marie Acker,≤100
2436403486378786,Tim Temple,Tim Temple Campaign,≤100
182079698493370,Portside,Portside,≤100
1571401929773000,North County  Climate Change Alliance,North County Climate Change Alliance,≤100
2188424341404612,Project Ready,Project Ready,≤100
169354336460345,Allen County Children Services,Allen County Children Services,≤100
819506838178477,CEHMM,These ads ran without a disclaimer,≤100
37461287798,Jesuit Refugee Service/USA,JESUIT REFUGEE SERVICE INC,≤100
262536810935097,Housing Is A Human Right,AIDS HEALTHCARE FOUNDATION,≤100
109408825351141,Matthew Barton,Matthew Barton for District Attorney,≤100
452797224923658,The Democratic Coalition,THE DEMOCRATIC COALITION,≤100
109262905762425,Kentucky Natural Lands Trust,KENTUCKY NATURAL LANDS TRUST INC,≤100
228761943945607,Simpli Home Furniture,These ads ran without a disclaimer,≤100
104916968538177,TIS 이주공사,TIS VISA CORPORATION,≤100
234883080791381,Greene County Sentinel News,John M Stafford,≤100
203583423017526,National Immigration Law Center,National Immigration Law Center,≤100
142405795847179,Breathe Project,COMMUNITY FOUNDATION OF GREATER JOHNSTOWN,≤100
488740674837681,198 Methods,198 methods,≤100
381992288665259,CallisonRTKL,CALLISONRTKL INC.,≤100
133753583953215,American History in 90 Minutes - The Common-Sense Guide to U.S. History,American History in 90 Minutes,≤100
100425422872820,Georgia Blue PAC,Georgia Blue PAC,≤100
110094158160834,The American Tribune,Michael Scott Hughes,≤100
115851611042,The Max Foundation,THE MAX FOUNDATION,≤100
1040965162589549,SecondMuse,SECONDMUSE LLC,≤100
461530314600399,Common Sense American Politics,Common Sense American Politics,≤100
109857105291603,fearless_greene,These ads ran without a disclaimer,≤100
276076196388914,Coffee & Pan Dulce Show,Coffee & Pan Dulce Show,≤100
265584563563176,JCRC of Greater Washington,The Jewish Community Relations Council of Greater Washington,≤100
169840807024913,Jobob,The Jobob Show,≤100
102286035642350,Patriots for USA,USA Features Media LLC,≤100
59788694713,Environment Texas,"Environment Texas, Inc",≤100
80770833881,Eagles' Wings,EAGLES' WINGS MINISTRIES,≤100
43853729859,Campaigns & Elections,Political World Communications,≤100
101960885328177,Odessa Headlines,Odessa Headlines,≤100
283539049045405,Oklahoma Health Action,Oklahoma Health Action,≤100
2085563958340354,Raúl Torres,Statera Comunicacion,≤100
102941209383465,Kent O'Brien for Lakeway,Kent For Lakeway,≤100
124011913944243,Yes on S for High-Quality South Pasadena Schools,Committee for Yes on S 2023,≤100
103277109172874,The Original Lou's News,Michael Scott Hughes,≤100
2001831300143832,Conversations with Jim Zirin,Conversations with Jim Zirin,≤100
101647259395520,Project on Constitutional Originalism and CIT,Project on Constitutional Originalism and CIT - Catholic University of America,≤100
110266498587298,Hilary Fuelleborn for Register of Wills,Friends of Hilary Fuelleborn,≤100
103197469383364,Torchbearers for Liberty,These ads ran without a disclaimer,≤100
96286403078,iHeartDogs.com,HomeLife Media,≤100
105039407917931,Deliris Montanez,Deliris Montanez Berrios,≤100
50714237985,The Rutherford Institute,RUTHERFORD INSTITUTE,≤100
192738164073627,A Better Balance,A Better Balance,≤100
106943764882944,cts.rapidset,These ads ran without a disclaimer,≤100
151831768195685,Santa Cruz County Friends of the Rail & Trail (FORT),Santa Cruz County Friends of the Rail and Trail,≤100
110170005258857,Klicked Digital,DeDonato Enterprises,≤100
105430894660049,Charter Schools Now,Charter Schools Now PAC,≤100
86711894400,National Write Your Congressman,National Write Your Congressman,≤100
212677670907,American Constitution Society,AMERICAN CONSTITUTION SOCIETY,≤100
160352863985595,"Sumrell Sugg, Attorneys at Law",SUMRELL SUGG PA,≤100
61441666906,Vanderbilt University,The Vanderbilt University,≤100
111904024679959,Bold Majority,BOLD MAJORITY PAC,≤100
273546779885377,The Gallant Pelham,"delupton, LLC",≤100
115857231420646,Republicans vs Democrats,Revde Company,≤100
185596045581840,Big Sky 55+,Big Sky 55+,≤100
433364950062784,Power Over Energy,Power Over Energy,≤100
109867412017241,Jennifer L Buttrey Dammann for Terre Haute City Council District 6,Jennifer L Buttrey Dammann for Terre Haute City Council District 6,≤100
513785465632396,Airline Passengers for Justice,Airline Passengers for Justice,≤100
264403673724202,Lucile Packard Foundation for Children's Health,LUCILE PACKARD FOUNDATION FOR CHILDREN'S HEALTH,≤100
100120674890768,Re-Elect Dr. Monique Thompson LEISD School Board Trustee Place 1,Campaign to Elect Dr Monique Thompson for Little Elm ISD Trustee Place 1,≤100
1066028990105772,Pacific Remote Islands Coalition,RESOURCES LEGACY FUND,≤100
568103006940639,Law Office of Gary J. Kim,Law Offices of Gary J. Kim,≤100
1731458707172809,Charters for Change,Elevate Chicago,≤100
105861441295494,97Percent,97PERCENT ORG INC,≤100
500513743341162,Clear2O Products,These ads ran without a disclaimer,≤100
240203263118328,Elissa McBride,AMERICAN FEDERATION OF STATE COUNTY & MUNICIPAL EMPLOYEES,≤100
100484735718366,The Coalition for Carolina,Coalition for Carolina,≤100
365469600300619,Journey Tel Aviv,These ads ran without a disclaimer,≤100
102001643601754,Mónica Alonzo Campaign,Alonzo For Dallas,≤100
107421184748558,Epicurean Coffee,These ads ran without a disclaimer,≤100
101882882493702,Flavors Hook Oregon Kids,Flavors Hook Oregon Kids,≤100
227535924071462,Animal Petitions,AnimalPetitions.org,≤100
100637631678746,Conservative News Daily,Conservative News Daily,≤100
103352489399129,"จำหน่ายยอดพันธ์ มันหวานญี่ปุ่น ""สวนลุงตู่""",These ads ran without a disclaimer,≤100
120999001259227,Anthony DeLuca,State Representative Anthony DeLuca - 80th District,≤100
1399736660066130,Jews for a Secular Democracy,SOCIETY FOR HUMANISTIC JUDAISM,≤100
1811054522463877,Michelle Atkinson for Medford School Board,Michelle Atkinson for Medford School Board,≤100
112022491619318,American Apex News,Logan Thomas Corson,≤100
39798235811,Biodynamic Association,These ads ran without a disclaimer,≤100
1191336950894416,City of Carlsbad NM Government,Social Media Manager,≤100
105686261786586,Healing Racism Institute of Pioneer Valley,Healing Racism Institute of Pioneer Valley,≤100
105692311896010,Positive Money US,Positive Money US,≤100
103147692142880,Loudoun4All,Loudoun4ALL,≤100
427656937297996,Diario Las Americas,LAS AMERICAS MULTIMEDIA GROUP LLC,≤100
108252542213254,oneskilledmama,These ads ran without a disclaimer,≤100
109031318770907,Joanna Weiss for Congress,Joanna Weiss for Congress,≤100
116803881298089,Middle Fork Strategies,Middle Fork Strategies,≤100
100256622839505,Pastblaster,These ads ran without a disclaimer,≤100
304842759546695,Brooklyn Institute for Social Research,These ads ran without a disclaimer,≤100
529063607264758,Indigo Ag,These ads ran without a disclaimer,≤100
330913244022724,NJ Education Report,NJ Education Report,≤100
2165397900449701,Breathe Books,These ads ran without a disclaimer,≤100
159658557547960,Wall Street Journal Opinion,The Wall Street Journal,≤100
105917021150694,Knox County State's Attorney Jeremy Karlin,Knox County State's Attorney Jeremy S. Karlin,≤100
114351251909317,MyBGE,BALTIMORE GAS & ELECTRIC COMPANY,≤100
100617036135739,Illinois Answers Project,BETTER GOVERNMENT ASSOCIATION,≤100
103983379801,Texas Democratic Party,Texas Democratic Party,≤100
103851532013523,Policyfetch.com,Quantum Digital Media Inc,≤100
115856618521532,Great Lakes Now,DETROIT EDUCATIONAL TELEVISION FOUNDATION,≤100
144895038966014,Town of Brookhaven,Town of Brookhaven,≤100
75553755070,Michael Smerconish,Michael Smerconish,≤100
187713745097888,Save the Alamo,Save The Alamo Committee,≤100
1832888600167903,JD for Arlington,JD for Arlington,≤100
102262718547519,Crazy Uncle Gil,Gilbert Cuevas,≤100
107143638874957,Congressional Integrity Project,Congressional Integrity Project,≤100
104728131848361,Offshore Wind For North Carolina,Southeastern Wind Coalition,≤100
52490448966,StorQuest,These ads ran without a disclaimer,≤100
112727107713063,Manuel Trevino for Sheriff 2024,Manuel Trevino,≤100
122616020765045,Advancing Akron,Partners Advancing Our Future,≤100
102059449066534,Project SQRL,These ads ran without a disclaimer,≤100
107934381079489,Select Fire Apparel,Mark Anthony Penn,≤100
109378215403662,Eddie for Mayor 2024,Eddie for Mayor 2024,≤100
364731901029695,Council President Tyler Maxwell,Office of Fresno City Councilmember Tyler Maxwell,≤100
118822934493838,sticker.sphere,These ads ran without a disclaimer,≤100
159960044025031,American Heritage Magazine,American Heritage Publishing,≤100
300476911222,Middlesex County Democratic Organization,Scott for Sheriff and Middlesex Dems 2022,≤100
106653672360122,M.CarpenterforPooler,Elect Michael Carpenter for city council corp,≤100
351888444870822,Children's Advocacy Institute,Children's Advocacy Institute,≤100
30618466815,Pacific Legal Foundation,Pacific Legal Foundation,≤100
101562699358103,Bright Universe,These ads ran without a disclaimer,≤100
95001097200,National Association of Manufacturers,NATIONAL ASSOCIATION OF MANUFACTURERS OF THE UNITED STATES OF AMERICA INC.,≤100
101699619291244,Brad for Denver,Brad for Denver,≤100
633690159991806,Judge Wayne L. Mack,Judge Wayne L. Mack,≤100
116945211276055,Make America Florida,Logan Thomas Corson,≤100
187850809456,PSEA - PA State Education Association,PENNSYLVANIA STATE EDUCATION ASSOCIATION,≤100
103351042545820,Fort Worth Families Forward,Fort Worth Families Forward,≤100
104107455066450,Russell Cohen on moderation in public policy,Howard Cohen,≤100
125571808081361,Poems from A Heart's Treasury / Questions of A Soul's Design,These ads ran without a disclaimer,≤100
113044948366476,"Consumers For Fair Legal Funding, California",American Property Casualty Insurance Association,≤100
15408433177,U.S. Department of Veterans Affairs,These ads ran without a disclaimer,≤100
6406874733,Mike Rogers,MIKE ROGERS FOR CONGRESS,≤100
108463035490887,joshplaysdrums_,These ads ran without a disclaimer,≤100
306480006853271,Political-Paige.com BLOG,Political-Paige.com,≤100
102982659268640,Heart & Health,Partner for Heart & Health,≤100
102712325850529,Libratum Press,Libratum Press LLC,≤100
1546952572205770,UAE USA United,The Embassy of the United Arab Emirates,≤100
108947298309629,Dreamsbirds.us,These ads ran without a disclaimer,≤100
100416560012896,Friends of the Everglades,FRIENDS OF THE EVERGLADES INC,≤100
5593944035,Competitive Enterprise Institute,COMPETITIVE ENTERPRISE INSTITUTE,≤100
993294760683044,Education Reform Now,EDUCATION REFORM NOW ADVOCACY INC,≤100
104365638696246,PoliticalWeasels.com,Michael Scott Huber,≤100
102111035128431,Michael Shaun Conaway,These ads ran without a disclaimer,≤100
104521238896557,June Marie Paintings,June-Marie Paintings,≤100
100170376333611,Golden Betty Booper,Jason Reid Loften,≤100
111361948537337,Amanda Thompson for City Council,Amanda Thompson for City Council,≤100
490349377808038,State Representative Justin Holland,Justin Holland Campaign,≤100
122845330727207,Brett Rudduck for Municipal Court Judge,Daria Beth Knupp,≤100
66577751194,Vitamin Angels,These ads ran without a disclaimer,≤100
198119286865213,Austin Interfaith,AUSTIN INTERFAITH,≤100
444237349074965,GPB News,Georgia Public Telecommunications Commission,≤100
116472304662312,Matt Varble for Irving City Council Place 5,Matthew James Varble,≤100
839158786226886,Two Party Opera,Brian Thomas Carroll,≤100
39415627366,The Gordon School,"GORDON SCHOOL, THE",≤100
164910997030997,Bayer U.S.,These ads ran without a disclaimer,≤100
117592091643709,Tree of Life Ministries｜Evangelism in Israel,Tree of Life Ministries,≤100
107225061128876,Commonwealth Educational Opportunities,Commonwealth Educational Opportunities,≤100
206876696791275,Copalli Rum,These ads ran without a disclaimer,≤100
102470462627679,mrsphilippines.intl2023,These ads ran without a disclaimer,≤100
172481739491951,Nottelmann Music Company,These ads ran without a disclaimer,≤100
482869205100278,Neema Project,Neema Project,≤100
102176712079037,Daily Floridian,Daily Floridian,≤100
105800435721037,The Right Hour,Logan Thomas Corson,≤100
110114190715797,The Nature Scouts,These ads ran without a disclaimer,≤100
107034431979369,United24,These ads ran without a disclaimer,≤100
554518314571405,Mass Retirees,"Retired State, County and Municipal Employees Association of Massachusetts",≤100
375688409707497,Connecticut Coalition for Retirement Security,NATIONAL PUBLIC PENSION COALITION,≤100
157578131280578,Legal Marijuana Now MN,Legal Marijuana Now Party,≤100
116606411350211,Jeanette Martinez for Fort Worth City Council District 11,Jeanette For Fort Worth,≤100
419109221464843,City Of New Braunfels - Government,City of New Braunfels,≤100
1420200111329836,Alan C. Moore,Alan Christopher Moore,≤100
107383838486866,Alan Blaylock for Fort Worth City Council,Alan Blaylock for Fort Worth City Council,≤100
265000892725,Dallas Area Rape Crisis Center,DALLAS AREA RAPE CRISIS CENTER,≤100
1883837055193241,Shield Republic,Shield Republic,≤100
106959920878115,The Well Done Foundation,"WELL DONE FOUNDATION, INC.",≤100
659878157406228,America's Warrior Partnership,America's Warrior Partnership,≤100
101159132929750,Civic Roots Foundation,Civic Roots Foundation Inc.,≤100
111044621745187,Liberty News,Michael Scott Hughes,≤100
337323319689579,Wild Farm Alliance,WILD FARM ALLIANCE,≤100
1719000921660893,Sabrina Cervantes,Sabrina Cervantes for State Senate 2024,≤100
103433804692809,Law Offices of James S. Hong & Associates,Law Offices of James S. Hong,≤100
202843900735,1199SEIU Massachusetts,1199SEIU Massachusetts Political Action Fund,≤100
1165122570296957,Phoenix Zones Initiative,Phoenix Zones Initiative,≤100
111822028415908,Khari Mosley for City Council,Friends of Khari Mosley,≤100
114132736806408,Brodey Weber for Lincoln City Council,Vote Weber,≤100
100913694925880,"Akalan Law Firm, PLLC","Akalan Law Firm, PLLC",≤100
110133700706695,2 Queers In A Truck,2 Queers In A Truck,≤100
1561393534151384,Bowery Farming,These ads ran without a disclaimer,≤100
382525205189939,Food from the heart by Lauren Arboleda,These ads ran without a disclaimer,≤100
1862760323993081,WonderFeed,These ads ran without a disclaimer,≤100
619443814856065,Repurpose,These ads ran without a disclaimer,≤100
162076961537,CA Charter Schools Association,CALIFORNIA CHARTER SCHOOLS ASSOCIATION,≤100
102392018062460,Delegate A.C. Cordoza,FRIENDS OF AC CORDOZA,≤100
107176402270812,jebhemeliiranoa,These ads ran without a disclaimer,≤100
118965774495346,Vote For Mt. Vernon Kids,These ads ran without a disclaimer,≤100
105421802441162,Congressman Mike Ezell,Congressman Mike Ezell,≤100
110026728309807,Strother for Virginia,Philip Strother,≤100
104177748302844,Unsolved Mysteries,These ads ran without a disclaimer,≤100
108640881975919,ULTRA MAGA BULLYz,These ads ran without a disclaimer,≤100
107418177702609,Middle America News,Logan Thomas Corson,≤100
302111635698,National Association of Tax Professionals (NATP),National Association of Tax Professionals,≤100
117852011575387,Unitarian Universalist Fellowship of Winston-Salem,UNITARIAN UNIVERSALIST FELLOWSHIP,≤100
122862957732464,Alpha Omega,These ads ran without a disclaimer,≤100
1179974055491241,Danny Campbell for Mont Belvieu City Council Position 5,Daniel Carl Campbell,≤100
104308875463441,Liz Ortega for Assembly,Liz Ortega for Assembly,≤100
165674110118949,Clearing out the Clutter,Colin David Moore,≤100
253115052027730,Trenton Water Works,Trenton Water Works,≤100
64974200999,America-Israel Friendship League,AMERICA-ISRAEL FRIENDSHIP LEAGUE,≤100
104660195062596,Gen Z Conservative,Michael Scott Hughes,≤100
1626039374287593,The Blue Ridge Traveler,These ads ran without a disclaimer,≤100
58960807300,John Locke Foundation,JOHN LOCKE FOUNDATION INC,≤100
40755480179,Students For Liberty,STUDENTS FOR LIBERTY INC,≤100
502151103244047,Join RSD,RIVERSIDE COUNTY SHERIFFS DEP,≤100
104483742449646,CenterClip,"CenterClip, Inc.",≤100
121961224809314,Green Education Foundation,These ads ran without a disclaimer,≤100
305730296471268,"Delegate Emily Brewer, 64th District",Friends of Emily Brewer,≤100
200666266624469,Rep. Frank Burns,Robert William Caton,≤100
577445909014238,CXRA,These ads ran without a disclaimer,≤100
100329535080292,Top Gun '87,Danny Wilson Hamilton,≤100
103592025044272,Penn State Forward,BOARDING SCHOOL INC,≤100
502320477205654,I’m Bout Making My Ancestors Proud,Heritage Hill LLC,≤100
103460651712789,Equity Intersection,Equity Intersection,≤100
90022052772,Williams,"WILLIAMS COMPANIES, INC., THE",≤100
108942665346540,Home Facts,These ads ran without a disclaimer,≤100
113739291232474,Heart Mind Institute,These ads ran without a disclaimer,≤100
2007361039550045,"Center for Free, Fair, and Accountable Democracy","CENTER FOR FREE, FAIR, AND ACCOUNTABLE DEMOCRACY, INC.",≤100
105334892381660,AmericanTowns Politics,AMERICAN TOWNS,≤100
186314388125261,National Council of Jewish Women Arizona,National Council of Jewish Women Arizona,≤100
1374906906166064,The Policy Circle,The Policy Circle,≤100
183178002499514,Niamh M Middleton,Niamh M Middleton,≤100
2332258203674043,The PAS Report Podcast,The P.A.S. Report,≤100
246633904835,First Unitarian Society of Milwaukee,FIRST UNITARIAN SOCIETY OF,≤100
107647905477008,ZigZag Nutrition,These ads ran without a disclaimer,≤100
2253806751542441,"Alex Hunt, LCISD Trustee",Alex Hunt Campaign,≤100
594519783957655,Citizens for National Security,Citizens For National Security,≤100
1802248836771260,Weird Little Tales,These ads ran without a disclaimer,≤100
107012268912309,Jose Diaz for Munster Town Council - Ward 1,Committee to Elect Jose Marine Diaz,≤100
107476535608624,Kimberlee4Mayor,Kimberlee Walter,≤100
245481022560114,John Stefanski,John Stefanski Campaign,≤100
110731825144291,SA Justice Charter,San Antonio Justice Charter,≤100
112078117033545,Suffer the Little Children,Laine E Hissett,≤100
107461545589929,The Gen Z Conservative,Logan Thomas Corson,≤100
115407598098885,Darwin for Controller,Friends of Darwin,≤100
157810487611661,Freethink,Freethink,≤100
293526774748897,Parlatore Law Group,These ads ran without a disclaimer,≤100
164498676940373,American Masters,WNET,≤100
70795936969,Children International,CHILDREN INTERNATIONAL,≤100
112602535494455,The Reporters Inc,REPORTERS INC,≤100
243498882520314,FoodFinder,"FOODFINDER, INC.",≤100
113831288345774,Elect Robert Flores,These ads ran without a disclaimer,≤100
482148685166110,Retirement Housing Foundation,Retirement Housing Foundation,≤100
103978379269196,Gilbert Graim - City Council Candidate Place 2,Graim Campaign 2023 DesotoGraim,≤100
108307735495778,Four Sisters Publishing,Four Sisters Publishing,≤100
361088970643071,Georgia Commute Options,Georgia Commute Options,≤100
526050950764260,Cheyenne Central,Cheyenne Central,≤100
101374728149342,A Starting Point,A Starting Point LLC,≤100
117957137899832,Working Power,Working Power LLC,≤100
83675416943,"Marty Kiar, Broward County Property Appraiser",Broward County Property Appraiser,≤100
127031794038958,Blue Marine Foundation,These ads ran without a disclaimer,≤100
53855227667,Porsche,These ads ran without a disclaimer,≤100
114754208212717,History House,These ads ran without a disclaimer,≤100
113079975378944,Mike Ball Dive Expeditions,These ads ran without a disclaimer,≤100
405379246524515,DHL Express,These ads ran without a disclaimer,≤100
291380719610,Spaces,These ads ran without a disclaimer,≤100
305068543740929,DŌST BIKES,These ads ran without a disclaimer,≤100
106327794765026,bambi.rayne,These ads ran without a disclaimer,≤100
103577899122468,The Green Cow Co,These ads ran without a disclaimer,≤100
269021049871575,Zorali,These ads ran without a disclaimer,≤100
478605875679827,Regus,These ads ran without a disclaimer,≤100