﻿Page ID,Page name,Disclaimer,Amount spent (USD),Number of ads in Library
338109312883186,China Xinhua News,These ads ran without a disclaimer,≤100,1
105363750882345,Young Activists Summit,These ads ran without a disclaimer,≤100,3
218798922334223,COFCO,These ads ran without a disclaimer,≤100,1
103430045742167,The Entertainment Protagonist,These ads ran without a disclaimer,≤100,1
102916809366515,Rosito Dinero Music,These ads ran without a disclaimer,≤100,1
105682309044648,Livemarkets,These ads ran without a disclaimer,≤100,1