﻿Page ID,Page name,Disclaimer,Amount spent (EUR)
85475456459,Vodafone España,Vodafone España,715
57845333112,Save the Children España,Save the Children España,134
133044800622,Greenpeace España,Greenpeace España,≤100
1034976339909373,Ayuntamiento de Santa Lucía de Tirajana,Ayuntamiento de Santa Lucía de Tirajana,≤100
760347027405594,UNIDOS por Gran Canaria,UNIDOS por Gran Canaria,≤100
78151799929,Amnistía Internacional España,Amnistía Internacional España,≤100
178362315106,European Parliament,European Parliament,≤100
306840072990831,Socios Cruz Roja,Socios Cruz Roja,≤100
169915749735403,CEAR,CEAR,≤100
251020021637315,Iberdrola,Iberdrola,≤100
276999106249,Asociación Española Contra el Cáncer,Asociación Española Contra el Cáncer,≤100
11473659787,Educo,Educo,≤100
199264106789376,IOC Clínica Dental,IOC Clínica Dental,≤100
57973661707,WWF España,WWF España,≤100
457218361141554,Más por Telde,Más Por Telde,≤100
94118672764,ACNUR Comite español,ACNUR Comite español,≤100
101812872336696,Alivia,Fundación Alivia España,≤100
100160149099313,Justice Initiative,Justice Initiative,≤100
467925280299505,Médicos Sin Fronteras España,Médicos Sin Fronteras España,≤100
106816735126143,Olivia Duque - Teguise,Olivia Duque - Teguise,≤100
116136108464509,CaixaBank,CaixaBank,≤100
218020554967900,"Turismo, Industria y Comercio Gobcan","Turismo, Industria y Comercio Gobcan",≤100
815597255122198,Osoigo,Osoigo,≤100
20108693880,Oxfam Intermón,Oxfam Intermón,≤100
906127579413677,Cervecera de Canarias,Cervecera de Canarias,≤100
945100412282563,Populares de Santa Cruz,Populares de Santa Cruz,≤100
2299811013637259,Luis Yeray Gutiérrez Pérez,PSOE La Laguna,≤100
213086312044776,Aldeas Infantiles SOS de España,Aldeas Infantiles SOS de España,≤100
111892984250,Fundación World Vision España,Fundación World Vision International,≤100
111171964676399,Antonio Sergio Lloret López,Antonio Sergio Lloret López,≤100
245741112112300,Ayuda En Acción,Ayuda En Acción,≤100
112814358359546,Ana Hernández Rodríguez,PSOE Ingenio,≤100
287282586632,Mutua Tinerfeña,Mutua Tinerfeña,≤100
47896270298,Iberostar Hotels & Resorts,Iberostar Hotels & Resorts,≤100
1555607277990151,Alejandro Marichal,Alejandro Marichal,≤100
821902454827883,Wave Of Change,Wave of Change,≤100
2229770374011976,Samuel Henríquez Quintana,Samuel Henríquez Quintana,≤100
1549407258706617,"Fundación ""la Caixa""","Fundación ""la Caixa""",≤100
107898832590939,European Commission,European Commission,≤100
175357075823543,CRIS contra el Cancer,CRIS contra el Cancer,≤100
170506213454467,Aprendemos Juntos 2030,BBVA,≤100
890082031046527,Ceoe-Tenerife,Ceoe-Tenerife,≤100
574008922739385,PSOE de San Bartolomé,PSOE de San Bartolomé,≤100
366619768708,Plan International España,Plan International España,≤100
6258728420,BBVA,BBVA,≤100
95878687102,Fundación Vicente Ferrer,Fundación Vicente Ferrer,≤100
176592142419661,Holaluz,HolaLuz.com,≤100
1416480145321673,Jessica de León Verdugo,Jessica de León Verdugo,≤100
103966191842198,Jorge Lahoud Hernández,Jorge Lahoud Hernández,≤100
131231529742,Fundación Anesvad,Fundación Anesvad,≤100
467324306735926,Xclusi,Canarias Exclusive,≤100
1772591363067613,Revo Prosperidad Sostenible,Revo Prosperidad Sostenible,≤100
308111802620768,Why Tenerife,"SPET, Turismo de Tenerife, S.A.",≤100
361598294579519,Leticia Padilla,Lanzarote En Pie,≤100
104293245918862,PSOE Pájara,Agrupación Socialista de Pájara,≤100
105484811020545,Ecólatras,Ecólatras,≤100
117887575012127,Leche Pascual,Leche Pascual,≤100
553983948100016,Músicos por la Salud,Fundación Social District (Músicos por la Salud),≤100
106171345779014,Dulce García,PSOE Tuineje,≤100
774939239216158,Jacobo Medina,Jacobo Medina,≤100
128142261270017,Fundación Repsol,Fundación Repsol,≤100
244777995534742,Ayuda a la Iglesia Necesitada - ACN España,Ayuda a la Iglesia Necesitada,≤100
109420767853336,Alfredo Gonçalves,Alfredo Goncalves,≤100
289541608339316,Fernando Enseñat,Fernando Enseñat Bueno,≤100
174696652583261,Fundación Aladina,Fundación Aladina,≤100
111587775229254,Blas Acosta Cabrera,Blas Acosta Cabrera,≤100
159665490863316,Cepsa,"COMPAÑÍA ESPAÑOLA DE PETRÓLEOS, S.A. (CEPSA)",≤100
1716846438609314,Haz Testamento Solidario,"DARYL UPSALL & ASSOCIATES, S.L.",≤100
467324306735926,Xclusi,These ads ran without a disclaimer,≤100
179666655404875,Comisión Europea en España,Comisión Europea en España,≤100
471951929539262,Energia_Vital,Francisco Jose Perez Cuevas,≤100
106657974847796,Junior Report,Junior Report,≤100
70020937349,SEO/BirdLife,SEO/BirdLife,≤100
711070775679625,Huawei Spain,Huawei Spain,≤100
209596949081406,Fundación ANAR,Fundación ANAR,≤100
1563351567284710,Grupo Municipal AMF Tuineje,Cesar Manuel Lamas Sayaverdi,≤100
103804202650797,Nadiesinlomínimo,Nadiesinlomínimo,≤100
1605536779676786,Psoe Tinajo,Psoe Tinajo,≤100
109357474725736,Bluetti Europe,These ads ran without a disclaimer,≤100
932178776827335,Ayuntamiento de Alcalá de Henares,Ayuntamiento de Alcalá de Henares,≤100
256196396278,UNICEF España,These ads ran without a disclaimer,≤100
105901480793722,TotalEnergies,TOTALENERGIES MARKETING ESPAÑA SAU,≤100
322056604527477,Ecoembes,Ecoembes,≤100
204181456584590,MAPFRE,"Mapfre España, S. A.",≤100
107586119439370,CEPSA Corporate,Cepsa,≤100
228545230545402,Manos Unidas,Manos Unidas,≤100
400445143359153,Fundació Silvestre,Fundació Silvestre,≤100
45817335745,Entreculturas,Entreculturas,≤100
178168275528158,Secretaría General Iberoamericana (SEGIB),Secretaría General Iberoamericana,≤100
105848177845789,All Out en español,All Out en español,≤100
104690619568713,"Yo reciclo vidrio, ¿y tú?",Ecovidrio,≤100
189715157717723,La Región,La Región,≤100
259065950870033,Multiservicio Rural,Multiservicio Rural,≤100
57973661707,WWF España,WWF España,≤100
1540044216258135,"Paco Ferreira, Alcalde Gondomar",Juan Francisco Ferreira Gonzalez,≤100
158287010886289,Hay Derecho,Hay Derecho,≤100
341793479830142,Padrinos por la Discapacidad,FUNDACIÓN JUAN BONAL,≤100
1433048236994020,Cs Lugo,Cs Lugo,≤100
139153867956,Fundació Pasqual Maragall,Fundación Pasqual Maragall,≤100
105664031745,UNRWA.es,UNRWA España,≤100
392666127586890,OpenMind,BBVA,≤100
100812918979676,Aurora Veiga Psicóloga,These ads ran without a disclaimer,≤100
131917366935150,Zurich,Zurich,≤100
216290708406257,Alianza por la Solidaridad,Alianza por la Solidaridad,≤100
138311156188297,Fundación Cajasol,Fundación Cajasol,≤100
144709575593854,EESC - European Economic and Social Committee,EESC - European Economic and Social Committee,≤100
522165734963300,USR Spania și Portugalia,Partidul Uniunea Salvați România,≤100
289383587742465,Por Talento,Por Talento,≤100
526517140708930,Cofidis España,These ads ran without a disclaimer,≤100
182708684718,Sounds True,These ads ran without a disclaimer,≤100
1424686754503767,VOX Villaviciosa de Odón,VOX Villaviciosa de Odon,≤100
104626078500694,Theramex Spain,Theramex Healthcare Spain SLU,≤100
796716270345901,Ecoforest,Ecoforest,≤100
161616883888862,Parlamento Europeo - Oficina en España,Parlamento Europeo - Oficina en España,≤100
125853442453105,Dani Bisshopp,Dani Bisshopp,≤100
538335562943894,Laboratorios KIN,These ads ran without a disclaimer,≤100
340569499642887,In Género,In Género,≤100
440366853393169,Jordi Jordan,Movem Tortosa,≤100
105587705334940,Padrinos,FUNDACIÓN JUAN BONAL,≤100
161916260510295,Òmnium Cultural,Òmnium Cultural,≤100
134590246581400,Parlament Europeu a Barcelona,Parlament Europeu a Barcelona,≤100
204908063581126,Generación SAVIA,Generación SAVIA - Fundación Endesa,≤100
139153867956,Fundació Pasqual Maragall,Fundació Pasqual Maragall,≤100
183202371808498,EH Bildu,EH Bildu,≤100
120104454689359,MAPFRE,MAPFRE,≤100
113627897008527,Fernández Asesores Lanzarote,Jose Feliciano Fernandez Alvarez,≤100
100564039361614,Chuango España,These ads ran without a disclaimer,≤100
114378921629080,Per Xeraco,Iván De Los Ángeles Company,≤100
1544235595856626,Socialistas de La Rinconada,Agrupación PSOE de La Rinconada,≤100
1960056474286424,Adelante El Puerto,Alejandro Gutierrez Garcia,≤100
1811935085732429,Fiet Gratia,ONG DE DESARROLLO FIET GRATIA,≤100
1383583355250118,Psoe de La Algaba,Psoe de La Algaba,≤100
175922049091923,Universidad Internacional de Valencia - VIU,These ads ran without a disclaimer,≤100
115534801980127,Fertinyect,These ads ran without a disclaimer,≤100
363616660484405,I.U. Alhama de Murcia,I.U. Alhama de Murcia,≤100
105642658653843,Mïmare Natural Cosmetics,These ads ran without a disclaimer,≤100
1466972970287113,Vecinos por Navalcarnero,Vecinos por Navalcarnero,≤100
104826970949647,Carmen Álvarez,IU Sanlúcar GM,≤100
101603224717621,Esth. #naturalmente,These ads ran without a disclaimer,≤100
110193702339241,Fountaine Pajot,These ads ran without a disclaimer,≤100
100989498230413,Al Descubierto,Adrián Juste Agulló,≤100
177971792541224,CNRS News,These ads ran without a disclaimer,≤100
154348324578346,Brother España,These ads ran without a disclaimer,≤100
106172784661850,ecoguilty,Carmen Horcajada Rodriguez,≤100
329713827887867,Dantza,These ads ran without a disclaimer,≤100
524481140907226,Green Motion International,These ads ran without a disclaimer,≤100
80161254850,European Youth Forum,These ads ran without a disclaimer,≤100
122166791753125,Rosa Carro,Rosa Maria Carro Carnacea,≤100
341682625914628,Tu Gran Viaje,These ads ran without a disclaimer,≤100
110079268726418,Mikka AI Muse,These ads ran without a disclaimer,≤100
101315848087098,Releaf PAPER & BAGS,These ads ran without a disclaimer,≤100
405379246524515,DHL Express,These ads ran without a disclaimer,≤100
208411345454,Manchester City,These ads ran without a disclaimer,≤100
354154019404,Polygiene,These ads ran without a disclaimer,≤100
268950077390726,ruben_diazm,These ads ran without a disclaimer,≤100
101653285444113,SK텔레콤 뉴스룸,These ads ran without a disclaimer,≤100
417664325449148,Lylou the label,These ads ran without a disclaimer,≤100
109231571984405,Accelera,These ads ran without a disclaimer,≤100
102224898933734,MindDig,These ads ran without a disclaimer,≤100
747673235359656,Moisés Goiz,These ads ran without a disclaimer,≤100
105548031768,Novo Nordisk,These ads ran without a disclaimer,≤100
984203991753488,Research Outreach,These ads ran without a disclaimer,≤100