﻿Page ID,Page name,Disclaimer,Amount spent (ARS)
364916637463104,Unión por la Patria,Unión por la Patria,78204
108401558977853,Hacemos por Nuestro País,Hacemos por Nuestro País,54196
174970176018,Horacio Rodríguez Larreta,Juntos por el Cambio,19265
110767322072387,Levantemos Argentina,Levantemos Argentina,15865
106611964758390,Santiago Pérez Pons,Chaco Gobierno de Todos,8576
20906273675,Greenpeace Argentina,Greenpeace Argentina,7149
283902485416912,Unión por la Patria - Formosa,Partido Justicialista de Formosa,5702
513899261972162,Frente de Izquierda FIT,Frente de Izquierda,4868
367089004808,Amnistía Internacional Argentina,Amnistía Internacional Argentina,4186
174545086044880,Gobierno de Santa Fe,Brote AD S.A.,4142
103088924366000,Noticias d,Noticias d,4060
794940877344128,Lucila Lehmann,Lucila Lehmann,2442
316538378371170,Chaco Gobierno de Todos,Chaco Gobierno de Todos,2171
605540860101596,Diario Criollo,Diario Criollo,1842
508042719277404,Fabricio Bolatti,FABRICIO BOLATTI,1671
108679841853325,Contame Más,Contame Más,1650
316162098526825,Paso de la Patria Turismo,Municipalidad de Paso de la Patria,1449
1383679141758544,Total República,Total República,1411
912485242180033,Fabricio en el Concejo,Fabricio Bolatti,1370
335926266503071,7D,7D,1350
106560742263098,Noticias El Portal,Noticias El Portal,1233
111669735076988,Hora Cero,Hora Cero Noticias,1194
111600998225620,Noticias Zero,Noticias Zero,1082
628498977777284,El Continental,Periodico El Continental,994
110039918575012,Noticias Express,Noticias Express,929
291254690958520,Gobierno de Corrientes,Gobierno de Corrientes,902
116075388079517,La Libertad Avanza Chaco,La Libertad Avanza Chaco,831
104417732484057,El Independiente Noticias,El Independiente,775
131381938371647,Corta La Bocha Noticias,Corta La Bocha,773
733712650085435,Iván Sirich,Iván Sirich,768
113898744658728,El Progreso Web,El Progreso,597
102534516011045,La Gloria Noticias,La Gloria Noticias,590
110276628358382,El Autónomo,El Autónomo,571
174876119204869,Martín Insaurralde,PJ Lomas de Zamora,566
103740369249125,El Provinciano,El Provinciano,548
104147274759706,Periodismo de Izquierda,Periodismo de Izquierda,495
110806461830762,El Sol Web,El Sol Web,471
113347327938892,Bullrichmania Argentina,Me&Bo Consultora,462
105716442346264,Conurnarnia,Conurnarnia,457
107631983989726,Argentina Federal,Argentina Federal,452
231169830377923,Gabriel Solano,Frente de Izquierda,446
104733589113258,La Gaceta Nacional,La Gaceta Nacional,424
110116998602195,Boletin No-Oficial,Boletín No Oficial,401
164433833587600,Todo Negativo,Todo Negativo,400
544986472243896,Data Diario,Data Diario,378
279606178843976,Sebastián Artola,Sebastián Artola,372
438942059479338,Izquierda Socialista,Frente de Izquierda Unidad,356
206745532699914,Eduardo Aguilar,Eduardo Aguilar,348
1436075150023122,PJ Digital,PJ Digital,347
139780689504552,Frente de Izquierda,Frente de Izquierda,305
238778949515431,El Cronista,El Cronista,304
1693103514249720,Seba Mastropaolo,Seba Mastropaolo,301
103846469204203,La Ola Noticias,La Ola Noticias,263
849456481895638,Más Info Noticias,Más Info Noticias,263
103322152538185,La Verdad Noticias,La verdad noticias,258
114271673602981,NEA HOY,NEA HOY,245
699758330894365,Actualidad Argentina,Actualidad Argentina,242
110140882057120,Edubalanmoreno,Edubalanmoreno,234
101062592345143,Francisco Paoltroni,Francisco Paoltroni,230
1670540183177066,Carolina Goycochea,Izquierda Socialista,224
763096350471714,Josema Carambia,Josema Carambia,218
1170748123064391,Federico Frigerio,Federico Frigerio,215
113395874909201,Punto Noticias,Punto Noticias Web,213
726304031455703,Luis Rannelucci,Luis Rannelucci,210
751971954822852,Jesus Escobar,Libres del Sur,209
111064391804839,Argentina Productiva,Argentina Productiva,192
104480845106839,LiBooksAR,These ads ran without a disclaimer,171
106159589201526,La Lupa Noticias,La Lupa Noticias,168
1774842702748477,Gustavo Guzmán,Gustavo Guzmán,163
184475398267327,VOTA GASPA,VOTA GASPA,163
445691695763603,Eber W. Solis,Eber W. Solis,152
100135086249194,Noticias del Norte,Noticias del Norte,145
1559504737650869,El difusor,El Difusor Noticias,145
879165845763321,Política Obrera,Política Obrera,145
1408542766063285,Carla Carrizo,Carla Carrizo,144
101003625589851,Josefina Viano,Josefina Viano,143
113245268485975,La Capital Online,La Capital Oficial,126
120198131001312,Principios y Valores - 4ta Sección,Principios y Valores - 4ta Sección,118
730624617002769,Miguel Weiss Ackerley,Miguel Weiss Ackerley,118
378225769015907,Fundación Embajada Abierta,Fundación Embajada Abierta,118
542137185925627,Atilio Basualdo Intendente,Atilio Basualdo Intendente,117
105392265680573,Jorge Reale,Jorge Reale,113
100801415767740,Ministerio Público Fiscal de Tucumán,Ministerio Publico Fiscal de Tucumán,109
106716278920168,Noticias Argentinas,Noticias Argentinas Web,106
102289782502796,Prensa Digital,Prensa Digital,103
108261190561002,Laura Sprovieri,Laura Sprovieri,≤100
958750317533178,Manuela Castañeira,Nuevo MAS,≤100
224171444713750,Silvia Saravia,Silvia Saravia,≤100
108924335515131,Escuela Justicialista Néstor Kirchner,Escuela Justicialista Néstor Kirchner,≤100
416391221875769,Ruben Manzi,Rubén Manzi,≤100
125183747539071,Noticias Argentinas,Noticias Argentinas,≤100
1470809306572155,Armando Luis Gay,Armando Luis Gay,≤100
1402615893393659,Marcos Castelló,Marcos Castelló,≤100
112962998502417,Walter Cortes Intendente,Walter Cortes,≤100
699254193487823,Sebastián Cáceres,Sebastián Cáceres,≤100
436246103621788,Damián Selci,Unidad Ciudadana Hurlingham - UCH,≤100
111025936935617,Nicolás Slimel,Nicolás Slimel,≤100
243964952442317,Sole Zalazar,Sole Zalazar,≤100
100513966017836,Noticias del Sur,Noticias del Sur,≤100
109720234792057,Fabio Salomón,Fabio Salomón,≤100
30141769587,InfoNegocios,InfoNegocios,≤100
101996084777901,Mariela Belski,Amnistía Internacional Argentina,≤100
107590944370114,Voz de Santa Fe,www.vozdesantafe.com.ar,≤100
688001708286948,Juan Pablo Luque,Juan Pablo Luque,≤100
304176325478,La Política Online,La Política Online,≤100
191053471499256,Matías Dalla Fontana Psicólogo,Deporte Solidario,≤100
100272671672857,Carlos Cisneros,Carlos Cisneros,≤100
233454334261427,Enzo Cornejo,Enzo Cornejo,≤100
102056511679155,José Voytenco,UATRE,≤100
102187456039094,Enterate Ya,Enterate Ya!,≤100
544640985878621,Argentinos Online,Argentinos Online,≤100
430773770330702,Gripe Prolongada - Dr. Jorge Derna,Gripe Prolongada - Dr. Jorge Derna,≤100
1610679845811828,Leticia Pieretti,Leticia Pieretti,≤100
645147478944271,Alberto Crossetti,Alberto Crossetti,≤100
452525851510103,Nicolás del Caño,Frente de Izquierda,≤100
113384436026702,Caren Tepp,Ciudad Futura,≤100
111423200356396,Gustavo Alvarez Concejal,Gustavo Alvarez Concejal,≤100
104165430937752,Realidad Santa Fe,Realidad Santa Fe,≤100
119224434486912,Andrea Comin Concejal 2023,Andrea Comin Concejal 2023,≤100
316056528999754,Periodistas x el planeta,Periodistas por el Planeta,≤100
241766066497583,Leandro Cavaco,Leandro Cavaco,≤100
1488831318060288,Unión Europea en Argentina,Delegación de la Union Europea,≤100
827976107371258,Dr. Claudio Raúl Filippa,Dr. Claudio Raúl Filippa,≤100
1302593383206578,Facundo Villalba,Facundo Villalba,≤100
193671924033178,El Argentino,Estudio AMBA SRL,≤100
149619018406294,Siglo XXI Editores Argentina,Siglo XXI Editores Argentina S.A.,≤100
415444001901080,Fer Gutierrez,MST Movimiento Socialista de los Trabajadores,≤100
109237045323181,Patagonia Noticias,Patagonia Noticias,≤100
795202843959456,El Disenso,El Disenso,≤100
303053486822096,Carmen Cornaglia,Carmen Cornaglia,≤100
107756622140473,El Litoral Web,El Litoral Web,≤100
580785122055191,Pablo Cobos,Pablo Cobos,≤100
107796462136638,La República Noticias,La República Noticias,≤100
103021535961289,Cede,Cede,≤100
302026917164016,Martín Oliva,Martín Oliva,≤100
101594852755793,El Bonaerense,El Bonaerense,≤100
100861314854729,mariposafitsf,These ads ran without a disclaimer,≤100
104455719146837,El Meridiano,El Meridiano Noticias,≤100
189703401219354,Ayelen Rasquetti,Ayelen Rasquetti,≤100
100107589192768,Paraiso Natural Apart Hotel Iguazú,These ads ran without a disclaimer,≤100
108283222332293,Bardo Santafesino,Bardo Santafesino,≤100
178919202140944,Francisco Quintana,Francisco Quintana,≤100
315287896024237,Marisa Uceda,Marisa Uceda,≤100
879309195515695,Jacinto López,Jacinto López,≤100
857382087671921,Maxi Abad,radicalesorg,≤100
104838940899300,Memo,El Memo,≤100
263571907867101,Jorge Scala,Jorge Scala,≤100
194835494010132,Gaby Mestelán Encuentro Ciudadano,Encuentro Ciudadano,≤100
810080482399261,Striptease del Poder,Striptease del Poder,≤100
112090455034177,El Portavoz Oficial,El Portavoz,≤100
101283356355313,Marianela Fiasson,Sophia Consultores,≤100
100855346277788,81Dmentes,81Dmentes,≤100
100434199350648,Unidad Vecinal Geselina,Unidad Vecinal Geselina,≤100
100306493900806,Carla Bertero,Carla Bertero,≤100
102858281496444,Argentinos hoy,Argentinos hoy,≤100
1246840395341536,Organización Política Fe y Esperanza,Organización Política Fe y Esperanza,≤100
111861571438303,Gastón Garofalo,Gastón Garofalo,≤100
106809542339751,Juan Pablo Chiesa,Juan Pablo Chiesa,≤100
433136076759972,Edhasa Argentina,Edhasa Argentina,≤100
104046341137293,Panorama Pais,Panorama Pais,≤100
342005489233184,Martin Gainza,Martin Gainza,≤100
500835457086210,Oscar Rosas,Oscar Rosas,≤100
111637981320058,Productivismo - Política Argentina,Productivismo - Política Argentina,≤100
115118128264705,Favio Martinez,Favio Martinez,≤100
764830970288611,Andrés Ibarra,Movimiento Pasión y Gestión,≤100
115906411539559,Martina Mayorista,These ads ran without a disclaimer,≤100
233734300112003,Juan Monteverde,Ciudad Futura,≤100
727916517338609,Chubut Para Todos,Chubut Para Todos,≤100
110288442104576,Juan Mayor 2023,Juan Mayor,≤100
1821508358130546,BAVSA,Buenos Aires Valores SA,≤100
105396104300590,Hernán Elorrieta Diputado por Municipio,Hernán Elorrieta Diputado por Municipio,≤100
348498375215969,Ricardo Buryaile,Ricardo Buryaile,≤100
858677804173509,Confederacion Intercooperativa Coninagro,Confederacion Intercooperativa Coninagro,≤100
1426373070912699,Cholila Online Portal de Noticias Digital,Cholila Online,≤100
177720598950247,La Ciudad Desnuda,La Ciudad Desnuda,≤100
617256048380803,Waldo Wolff,Waldo Wolff,≤100
153208645421931,Mario Jordan Diaz,Mario Jordan Diaz,≤100
154643514568743,Sergio Abrevaya,Sergio Abrevaya,≤100
105166494637599,Tres60.travel,Tres60.travel,≤100
150275969728,Caminos Culturales,Caminos Culturales,≤100
1000253093328575,UPF- LISTA 23,UPF- LISTA 23,≤100
101505288317194,Antonella Garcia,Antonella Garcia,≤100
641040419401507,Amsafe La Capital,Amsafe La Capital,≤100
340255946068359,Medios Rioja,Medios Rioja,≤100
235475446863839,Diego Catuogno Moda X Mayor,These ads ran without a disclaimer,≤100
1873797869608613,Frente Renovador de la Concordia,Frente Renovador de la Concordia,≤100
2325961830992522,Carolina Castets,Carolina Castets,≤100
1647815162147101,Juan Pablo Allan,Juan Pablo Allan,≤100
106083184630491,Revista Liberación,Revista Liberación,≤100
103054299496218,Unión por la Patria Quilmes,Unión por la Patria - Quilmes,≤100
967512253279966,Martin Medrano,Martin Medrano,≤100
112060809140994,Danilo Capitani,Danilo Capitani,≤100
794695574216418,Pal' Sur,Pal' Sur,≤100
1405120706440456,Conclusión,Diario Conclusión,≤100
428179387610545,Agenda Malvinas,Agenda Malvinas,≤100
103222639479535,Unión por la Patria Hurlingham,Unión por la Patria Hurlingham,≤100
107492927684514,Concejal Daniela Romillo,Concejal Daniela Romillo,≤100
664369657413059,Libres Del Sur San Miguel,Libres Del Sur San Miguel,≤100
373094198726,AMSAFE,AMSAFE,≤100
108615485618773,Ahora San Salvador,These ads ran without a disclaimer,≤100
218683311587619,Jorge Alberto Giorno,Jorge Alberto Giorno,≤100
190356261138005,Leandro Zdero,Leandro Zdero,≤100
105641058350410,Lista 9,Lista 9,≤100
133937418577537,Utopia Urbana,Utopía Urbana,≤100
111509551806903,El Deportivo Web,El deportivo oficial,≤100
1466847683532406,Sebastián Neuspiller,Sebastián Neuspiller,≤100
259700217384725,Le Monde diplomatique - Edición Cono Sur,Capital Intelectual S.A.,≤100
104358815744949,Hurlingham Post,Hurlingham Post,≤100
1480975232034988,Juntos Por Calchaqui,These ads ran without a disclaimer,≤100
165681500642208,Matias Aguirre,Amor x Bera,≤100
105184691540207,feiticolaser_depilacionlaser,These ads ran without a disclaimer,≤100
821257038266581,Rita Núñez,Rita Núñez,≤100
146903305519923,Vocacion,Vocacion SRL,≤100
105706365777014,El Ojo Liberal de Hurlingham,El Ojo Liberal de Hurlingham,≤100
237168856898381,Populismo k,These ads ran without a disclaimer,≤100
109069961002477,Unidos Por San Javier,These ads ran without a disclaimer,≤100
392979744497696,Natalia Jañez,Natalia Jañez,≤100
1779438815714208,Natalia Neme,Natalia Neme,≤100
100240715799380,Principios y Valores Rosario,These ads ran without a disclaimer,≤100
126180940775916,Agro Aguadas,These ads ran without a disclaimer,≤100
113757575095819,despierta concordia,These ads ran without a disclaimer,≤100
294017310722101,Senador Dupont,These ads ran without a disclaimer,≤100
112523626998758,Myriam Viran,These ads ran without a disclaimer,≤100
1917367115170112,PTS Santa Cruz,These ads ran without a disclaimer,≤100
111473965003877,"Camille Claudel. n392, je suis",These ads ran without a disclaimer,≤100
2345317912397528,Unión por la Patria - Azul,Unión por la Patria - Azul,≤100
1726365124243504,Clara García,Unidos para Cambiar Santa Fe - Lista Adelante,≤100
141083893011587,Julian Chasco,These ads ran without a disclaimer,≤100
612558932188461,Segundo Cernadas,Segundo Cernadas,≤100
363808854010163,Ateneo Cristina Conducción - Avellaneda -,Ateneo Avellaneda,≤100
104668866011793,Hace Falta Gobierno,Hace falta gobierno,≤100
289968264754594,Red de Políticas Públicas,Red de Políticas Públicas,≤100
424845094996241,Max Pawer Y Sus Ofertas.,These ads ran without a disclaimer,≤100
1635790410050010,Josefina Mendoza,Josefina Mendoza,≤100
158761107562095,Anticipos,Anticipos,≤100
1592347714335353,Marina Magnani,Unidad Ciudadana Rosario,≤100
110613882904054,Guillermo Escudero,Guillermo Escudero,≤100
113966001646171,Juan Pablo Poletti,Asociación Civil Crecer Santa Fe,≤100
316056528999754,Periodistas x el planeta,These ads ran without a disclaimer,≤100
102382772020688,Inspenet,These ads ran without a disclaimer,≤100
102795885694138,milokibullz,These ads ran without a disclaimer,≤100
105409475569811,AO Recon Latin America,These ads ran without a disclaimer,≤100
118998646608157,Para El Camino,These ads ran without a disclaimer,≤100
100649691676559,Mujeres Rurales Argentinas,These ads ran without a disclaimer,≤100
116603861327799,alex_sa.c,These ads ran without a disclaimer,≤100