﻿Page ID,Page name,Disclaimer,Amount spent (USD)
293384094915450,جريدة الحراك الإخباري,جريدة الحراك الإخباري,≤100
112386821226061,مجمع الملك سلمان العالمي للغة العربية,These ads ran without a disclaimer,≤100
104140320927199,قناة الإنتصار TV,قناة الإنتصار TV,≤100
995765983772115,Dzair Tube,Dzair Tube,≤100
116407493525071,حفريات,These ads ran without a disclaimer,≤100
36511036382,Central European University,These ads ran without a disclaimer,≤100
104521152200528,LONGi Solar Afrique,These ads ran without a disclaimer,≤100