﻿Page ID,Page name,Disclaimer,Amount spent (EUR)
444504516075907,Shell,Shell,404
190610374317426,Kom bij de politie,Politie Nederland,142
1637965639787416,Nacht van de Vluchteling,Nacht van de Vluchteling,133
57729029960,Amnesty International Nederland,Amnesty International Nederland,125
189701254384965,Eneco,Eneco,119
428670174395114,Vattenfall,Vattenfall Nederland,105
406548067183,Provincie Noord-Brabant,Provincie Noord-Brabant,102
132031878648,Natuurmonumenten,Vereniging tot Behoud van Natuurmonumenten in Nederland,≤100
139858509373289,UNICEF Nederland,Unicef Nederland,≤100
288295911466,Greenpeace Nederland,Greenpeace Nederland,≤100
83439828234,Milieudefensie,Milieudefensie,≤100
93833638834,Plan International NL,Plan International NL,≤100
115027651906533,Wakker Dier,Stichting Wakker Dier,≤100
159449970751999,Save the Children Nederland,Save the Children Nederland,≤100
108588405832078,Amref Flying Doctors NL,Amref Flying Doctors NL,≤100
115289021825188,Oxfam Novib,Oxfam Novib,≤100
165625476919894,CNV Vakmensen,CNV Vakmensen,≤100
100680601523177,Nationaal Zakat Fonds,Nationaal Zakat Fonds,≤100
488054904564547,ifaw,Stichting IFAW,≤100
112530232090434,NPO,NPO,≤100
201751609836046,Dokters van de Wereld (NL),Dokters van de Wereld (NL),≤100
189390074967767,Toegift,Toegift/Stichting Diensten voor Goede doelen,≤100
404247949634770,CARE Nederland,CARE Nederland,≤100
100660309175869,NieuwRechts,NieuwRechts.nl,≤100
107166916014811,TNO,TNO - Nederlands Organisatie voor toegepast-natuurwetenschappelijk onderzoek,≤100
160001040736183,Fairtrade Nederland,Fairtrade Nederland,≤100
1018434581555107,Gemeente Breda,Gemeente Breda,≤100
143913725639896,WOMEN Inc.,Women Inc,≤100
349312760804,World Vision Nederland,World Vision NL,≤100
627201893971363,Pvda Den Bosch,PvdA Den Bosch,≤100
118754531489898,Artsen zonder Grenzen,Artsen zonder Grenzen Nederland,≤100
105784111524296,Ekō NL,Ekō NL,≤100
198486356863605,Longfonds,Longfonds,≤100
285512534937,Terre des Hommes Nederland,Terre des Hommes Nederland,≤100
148404651881567,VNO-NCW,VNO-NCW,≤100
171189343836,Open Universiteit,Open Universiteit,≤100
121719834601889,FNV Vakbond,FNV Vakbond,≤100
128393027527,SP,SP,≤100
93833638834,Plan International NL,Plan International Nederland,≤100
109674908264183,Kiosk.nl,These ads ran without a disclaimer,≤100
38957713985,VPRO,VPRO,≤100
222029491143966,Free Press Unlimited,Free Press Unlimited,≤100
115027651906533,Wakker Dier,Wakker Dier,≤100
984274581639504,Algemene Onderwijsbond,Algemene Onderwijsbond,≤100
141801972540083,EW Magazine,EW Magazine,≤100
279322925441065,Vastenactie,Vastenactie,≤100
111867314842180,equalsacademy,These ads ran without a disclaimer,≤100
128869313810652,Eerlijke Geldwijzer,Oxfam Novib,≤100
143686555666670,Trees for All,Trees for All,≤100
544191049052865,Fractie SAM,Fractie SAM,≤100
170725579702314,ActionAid Nederland,ActionAid,≤100
105119288297840,Leefbaar 's-Hertogenbosch,Leefbaar Den Bosch,≤100
124564577597743,Ministerie van Economische Zaken en Klimaat,Ministerie van Economische Zaken en Klimaat,≤100
239072336114052,Gemeente Venlo,Gemeente Venlo,≤100
208578955894331,Bas Eickhout,GroenLinks,≤100
256330771194175,Iedereen mediawijs,Iedereen mediawijs,≤100
1714641885505076,Zootje Geregeld,These ads ran without a disclaimer,≤100
34880713930,ACN - Kerk in Nood,Kerk in Nood Nederland,≤100
1586038428202115,Siriz,Stichting Siriz,≤100
107074255523711,VVD Europa,VVD Europa,≤100
100169997009,Proefdiervrij,Proefdiervrij,≤100
142080576837,Vrij Nederland,Vrij Nederland,≤100
145580068834607,Veteranendag,Veteranendag,≤100
112486717952649,Super Rich Tax,GuidingTube,≤100
261743583890104,Mensen met een Missie,Mensen met een Missie,≤100
105339817717917,Gezin in Gevaar,Stichting Civitas Christiana,≤100
110333761471734,SP Jongeren,SP Jongeren,≤100
147683725284795,Mercy Ships Holland,Mercy Ships Holland,≤100
106370071810105,Cultuur onder Vuur NL,Stichting Civitas Christiana,≤100
208250375865238,Woord en Daad,Stichting Woord en Daad,≤100
203753056314055,Varkens in Nood,Varkens in Nood,≤100
1432336870356280,Plastic Soup Surfer,Plastic Soup Surfer,≤100
111846733645827,Kennispunt Lokale Politieke Partijen,Kennispunt Lokale Politieke Partijen,≤100
105497601663519,MarianneKimmel.nl,Marianne Elisabeth Kimmel,≤100
103805039137862,VVA Amsterdam,VVA Amsterdam,≤100
178362315106,European Parliament,European Parliament,≤100
272751376080288,FairWork,Francien Winsemius,≤100
164773006908035,GGD Rotterdam-Rijnmond,Gemeente Rotterdam,≤100
444575518984718,D66 Venray,D66 Venray,≤100
555679867783372,SP Bernheze,Jan Van Den Broek,≤100
103738772024429,Huawei IT Products & Solutions,These ads ran without a disclaimer,≤100
301641784038642,Strong Babies,Strong Babies,≤100
159616160731599,KNVB,KNVB,≤100
1498781793769425,Buitenhof,Buitenhof,≤100
113941798666982,NEMO Science Museum,Stichting Nationaal Centrum voor Wetenschaps- en Technologiecommunicatie,≤100
318502745709789,NoMorePlastic,NoMorePlastic,≤100
321143681284995,Adb RADAR,Stichting RADAR,≤100
313228288806437,Motivaction International,Motivaction International B.V.,≤100
278117815576023,EU Justice and Consumers,These ads ran without a disclaimer,≤100
486293704724646,Krnwtr+ / Zereau Drinks,KRNWTR,≤100
388281274593522,Samsam Magazine,Samsam Magazine,≤100
737752176243177,mindnederland.nl,mindnederland.nl,≤100
105955311154401,Onlinestemtool.nl,Onlinestemtool.nl,≤100
147547541961576,Council of the European Union,Council of the European Union,≤100
107880037304918,Radboud Fonds,Stichting Radboud Fonds,≤100
772951762810345,Vote Company,Vote Company,≤100
106491429483582,SDOK,SDOK,≤100
2015747932059718,Leshan Natalia,These ads ran without a disclaimer,≤100
116050085145365,GroenLinks Rotterdam,GroenLinks Rotterdam,≤100
110453898998384,Centraal Beheer,These ads ran without a disclaimer,≤100
144709575593854,EESC - European Economic and Social Committee,EESC - European Economic and Social Committee,≤100
527351247377965,European Committee of the Regions,European Committee of the Regions,≤100
272305176132024,Studium Generale Wageningen Universiteit,These ads ran without a disclaimer,≤100
104967692067889,fortiterra,These ads ran without a disclaimer,≤100
102384309389161,Celia Target,These ads ran without a disclaimer,≤100
111351088478835,My Diwise - Jumo,These ads ran without a disclaimer,≤100
105921748922560,Beller Boy,These ads ran without a disclaimer,≤100