﻿Page ID,Page name,Disclaimer,Amount spent (USD)
565225540184937,CGTN,These ads ran without a disclaimer,≤100
1439846809634792,Christians & Muslims Conversations,These ads ran without a disclaimer,≤100
102415047928145,Shanghai Electric,These ads ran without a disclaimer,≤100
156279764411149,Times Higher Education,These ads ran without a disclaimer,≤100
287842647957979,EU International Partnerships,These ads ran without a disclaimer,≤100
1422513341405155,TAY,These ads ran without a disclaimer,≤100