﻿Page ID,Page name,Disclaimer,Amount spent (VND)
773648676112423,Góc Nhìn John C. Maxwell,These ads ran without a disclaimer,30712
104570395900044,Thay Đổi Vận Mệnh - Rita Mae Brown,These ads ran without a disclaimer,12914
111395235228179,Chùa Long Hương,These ads ran without a disclaimer,8239
1507429892822619,BOM Money,BOM Money,751
113020961040716,Hà Giang Tourist,These ads ran without a disclaimer,118
102999921606418,Tư vấn Đầu tư Chứng khoán - Tuấnnm Chứng khoán MB,These ads ran without a disclaimer,≤100
251936570327,Angie Goff,These ads ran without a disclaimer,≤100