﻿Page ID,Page name,Disclaimer,Amount spent (EUR)
105519424225426,Εθνική Αρχή Διαφάνειας,Εθνική Αρχή Διαφάνειας,≤100
183619955012445,Lenovo Greece,SoHa,≤100
178362315106,European Parliament,European Parliament,≤100
108988311674368,Eurobank_ΜΠΡΟΣΤΑ για την παιδεία,Eurobank SA,≤100
147547541961576,Council of the European Union,Council of the European Union,≤100
1796286800600041,Mobile Info Team for refugees in Greece - الفريق المتنقل لمعلومات اللاجئين,Mobile Info Team for refugees in Greece - الفريق المتنقل لمعلومات اللاجئين,≤100
465476093616867,Konstantinos Kollias,Konstantinos Kollias,≤100
91877963116,WWF Greece,WWF Greece,≤100
521845371622559,Μανόλης Καλαμπόκας - Αντιδήμαρχος Υγείας Δήμου Αθηναίων,Μανόλης Καλαμπόκας,≤100
100326492860650,fyi.news,These ads ran without a disclaimer,≤100
1842193576012736,Αργύρης Ντινόπουλος,Αργύρης Ντινόπουλος,≤100
239994762800528,Aftodioikisi.gr,Aftodioikisi.gr,≤100