﻿Page ID,Page name,Disclaimer,Amount spent (USD)
117281538350746,حزب التجمع الوطني للأحرار -Rassemblement National des Indépendants -RNI,Rassemblement National des Indépendants,≤100
147084112022235,La Nouvelle Tribune,La Nouvelle Tribune,≤100
107627395144123,الحكومة المغربية,الحكومة المغربية,≤100
578201022242371,MJCC وزارة الشباب والثقافة والتواصل,"Ministère de la Jeunesse, de la Culture et de la Communication",≤100
123393171111656,Mehdi Bensaid   المهدي بنسعيد,Mohammed Mehdi Bensaid,≤100
453709124719281,Chouf TV,Chouf TV,≤100
334353136587648,L'Observateur du Maroc et d'Afrique,Mehdi Farhi,≤100
272535046654,HESPRESS,HESPRESS,≤100
104513234397285,Aziz Akhannouch - عزيز أخنوش,Aziz Akhannouch,≤100
101970812076593,Madar 21 مدار,Madar 21 مدار,≤100
161637767281862,LE MATIN.ma,Groupe Le Matin,≤100
113541822337755,PAM RABAT,Abdellah Eid,≤100
236168066463472,World Bank Middle East & North Africa,These ads ran without a disclaimer,≤100
605527566303955,القناة,al9anat.com,≤100
2038083569579593,Fondation Lafqui Titouani,Hicham Zamane,≤100
154738044667722,achamal24.ma,عثمان جمعون,≤100
104970164613072,Asbab  أسباب,These ads ran without a disclaimer,≤100
95839109566,La Genovese Caffè dal 1936,These ads ran without a disclaimer,≤100
134945406697098,International Finance,These ads ran without a disclaimer,≤100