﻿Page ID,Page name,Disclaimer,Amount spent (CZK)
60516116431,Člověk v tísni,Člověk v tísni o.p.s.,1024
314038193269,211 - Zdravotní pojišťovna ministerstva vnitra ČR,Zdravotní pojišťovna ministerstva vnitra ČR,461
55876739776,Greenpeace Česká republika,Greenpeace Česká republika,381
2214398435317853,CNN Prima NEWS,FTV Prima,304
159935454034044,Pirátská strana - Karlovarský kraj,Česká pirátská strana,124
103430204491217,Robert Šlachta,PŘÍSAHA - občanské hnutí Roberta Šlachty,≤100
332418787330819,VOK - Volba pro kraj,"Volba pro kraj, politické hnutí",≤100
34825122262,Časopis Reflex,CZECH NEWS CENTER a. s.,≤100
512611742172174,ostrovaci.cz,Marek Poledníček,≤100
1416733788557863,Pravda o vodě a voda lidem,Pravda o vodě a voda lidem,≤100
211685455639198,Ministerstvo práce a sociálních věcí,Ministerstvo práce a sociálních věcí,≤100
1757913860945739,ORLEN Unipetrol,ORLEN Unipetrol a.s.,≤100
251656685576,KDU-ČSL,KDU-ČSL,≤100
394570898000897,Kniha Revoluce - Jakub Trpiš,Jakub Trpis,≤100
58887737763,Hnutí DUHA - Přátelé Země Česká republika,Hnutí DUHA - Přátelé Země Česká republika,≤100
609246842426009,Rekonstrukce státu,Rekonstrukce státu,≤100
106834174877753,Svět hospodářství,"SH media, spol. s r.o.",≤100
108726857444837,České zájmy v EU,DFMG,≤100
356448681873897,Mikuláš Peksa,Mikuláš Peksa,≤100
178362315106,European Parliament,European Parliament,≤100
275383259179951,Tepelná čerpadla IVT,Tepelná čerpadla IVT,≤100
137778619615350,Voyo.cz,TV Nova s. r. o.,≤100
356451014434612,Marian Jurečka,KDU-ČSL,≤100
693725074166331,Naše zdravotnictví,Naše zdravotnictví,≤100
101474998635363,Robert Pisár,Robert Pisár,≤100
1469427909957890,Reportér magazín,Reportér magazín,≤100
264983260329918,Rádio Universum,Kupředu do minulosti s.r.o.,≤100
424114981002397,Český rozhlas Plus,Český rozhlas,≤100
579215965436046,JSNS,"Člověk v tísni, o.p.s.",≤100
100955509189359,Redakce NF Svědomí národa,Nadační fond Svědomí národa,≤100
203656526961481,Klub Pátečníků - patecnici.cz,Klub Pátečníků s.r.o.,≤100
370583064327,Starostové a nezávislí • STAN,Starostové a nezávislí • STAN,≤100
108973609370,Linka bezpečí,These ads ran without a disclaimer,≤100
416190415243,Fakulta životního prostředí - ČZU v Praze,Fakulta životního prostředí,≤100
50309511751,Český rozhlas - Radiožurnál,Český rozhlas,≤100
103779080972210,Youradio Talk,Youradio Talk,≤100
1382379128444365,Margita Balaštíková - poslankyně,Margita Balaštíková,≤100
52479821102,Týdeník Respekt,Týdeník Respekt,≤100
117823623864,Transparency International ČR,Transparency International ČR,≤100
1956144064659620,BlueTV,Aliance pro budoucnost,≤100
137301989386,Aktuálně.cz,Aktuálně.cz,≤100
206407509818,Blesk.cz,CZECH NEWS CENTER a. s.,≤100
299124538476,Zachraňme lesy,Hnutí DUHA - Přátelé Země Česká republika,≤100
124212050978293,Kverulant org,Kverulant org,≤100
124152241443,Čmelák - Společnost Přátel Přírody,Čmelák - Společnost přátel přírody,≤100
155406703122,Arnika,Arnika - Centrum pro podporu občanů,≤100
109664387308142,Poradna pro obce,KVB advokátní kancelář s.r.o.,≤100
111041662264882,ČSSD,ČSSD,≤100
149945438407451,Svoboda zvířat,"Svoboda zvířat Plzeň, z.s.",≤100
378827025796132,Peak.cz,Peak.cz,≤100
799083753454179,Voxpot,Voxpot z. ú.,≤100
113743658978459,Meltingpot,Meltingpot,≤100
288004403427,"Friedrich-Ebert-Stiftung, zastoupení v České republice","Friedrich-Ebert-Stiftung, zastoupení v České republice",≤100
90002267161,TOP 09,TOP 09,≤100
350495845030493,Fairtrade Česko a Slovensko,These ads ran without a disclaimer,≤100
103005225924210,Debatní spolek,Debatní spolek,≤100
605208513007852,Pavel Sehnal,Aliance pro budoucnost,≤100
1776002445975063,V síti Ivana Langera,RiverSong s.r.o.,≤100
711658465662315,XTV,XTV,≤100
109071351586518,Jiří Navrátil,Jiří Navrátil,≤100
153384318085064,EUROPEUM Institute for European Policy,EUROPEUM Institute for European Policy,≤100
586817644761028,Vladimír Balaš,STAN,≤100
226207821151572,Marek Novák - poslanec zlínského kraje,Marek Novák,≤100
106901094332851,Recykluj - nespaluj,Recykluj - nespaluj hys,≤100
1060889564019324,Tomáš Prouza,Commpanions,≤100
690197807683202,Jak v kuchyni,These ads ran without a disclaimer,≤100
101272355932525,Igor Hendrych - poslanec Moravskoslezského kraje,Igor Hendrych,≤100
317530692148022,Evropa v datech,Evropa v datech,≤100
284944781875,EURACTIV.cz,EURACTIV.cz,≤100
343857975108,AFS Mezikulturní programy - Czech Republic,AFS Mezikulturní programy o.p.s.,≤100
171936526824,EKONOM.cz,"Economia, a.s.",≤100
275042429350706,Tomáš Zdechovský,Tomáš Zdechovský,≤100
162088544711333,Politickej podcast,Adam Blišťan,≤100
297565827101858,"Díky, že můžem","Díky, že můžem, z. s.",≤100
203833483473,Deník Referendum,Denik Referendum,≤100
191487317696220,Vladimír Barák - novinář,Vladimír Barák,≤100
201535993705342,Radim Sršeň,Radim Sršeň,≤100
413476830191,Prague Security Studies Institute,Prague Security Studies Institute,≤100
123858471641,iROZHLAS.cz,Český rozhlas,≤100
100143029651984,Spotlightcz,These ads ran without a disclaimer,≤100
220814337523,Kurzy.cz,"Kurzy.cz, spol. s r.o.",≤100
265056436921261,NOVÁ SÍŤ,Nová síť z.s.,≤100
102521435457779,Josef Flek,STAROSTOVÉ A NEZÁVISLÍ,≤100
108897735292963,Právo Respekt Odbornost - Plzeňský kraj,Daniel Šváb,≤100
111210916534,Příběhy bezpráví,"Člověk v tísni, o.p.s.",≤100
104208542332869,"Fridays for cars, energy and freedom - CZ",Fridays For Cars CZ,≤100
111108757492137,Libor Vondráček • Svobodní,Libor Vondráček • Svobodní,≤100
100702719073227,Good GM NTY,These ads ran without a disclaimer,≤100
102620981865843,Jana Skopalíková - radní pro životní prostředí a zemědělství,Jana Skopalíková,≤100
43855944703,Svobodní,Svobodní,≤100
110858965631193,Klimatická koalice,"Centrum pro dopravu a energetiku, z.s.",≤100
164024787880257,Adapterra,Nadace Partnerství,≤100
267806570729225,Národní Noviny,Hrubon Rudolf,≤100
2244726532215982,Senátorský klub - Starostové a nezávislí,Senátorský klub Starostové a nezávislí,≤100
133861913307427,VYŠEHRAD nakladatelství,These ads ran without a disclaimer,≤100
58864692622,Český rozhlas Vltava,Český rozhlas,≤100
107572505087543,AŘOV - Asociace řidičů osobních vozidel,"Asociace řidičů osobních vozidel, z.s.",≤100
545254525495201,Pravý břeh - Institut Petra Fialy,"Pravý břeh, z.s.",≤100
343987063337791,CyberBlog,Cyber Security Solutions s.r.o.,≤100
101134762378681,Michaela Šebelová,STAROSTOVÉ A NEZÁVISLÍ,≤100
102844685102730,Olga Richterová - místopředsedkyně Sněmovny,Česká pirátská strana,≤100
107341405343516,Mise Ukrajina,Mise Ukrajina,≤100
487445514669670,Petr Fiala,ODS - Občanská demokratická strana,≤100
553405241527947,Kancelář architekta města Brna - KAM Brno,Kancelář architekta města Brna,≤100
271054846258904,Praha 3,Městská část Praha 3,≤100
108897735292963,Právo Respekt Odbornost - Plzeňský kraj,These ads ran without a disclaimer,≤100
101727068829380,Контекст Европа,These ads ran without a disclaimer,≤100
1774055829575844,PA35 Photo,These ads ran without a disclaimer,≤100
144709575593854,EESC - European Economic and Social Committee,EESC - European Economic and Social Committee,≤100
106030315169173,Photos of houses,These ads ran without a disclaimer,≤100
608650595820049,The Conqueror Challenges,These ads ran without a disclaimer,≤100