﻿Page ID,Page name,Disclaimer,Amount spent (AED)
113414308041611,Great Arab Minds,Great Arab Minds,238
107692325428460,Alexan dra,These ads ran without a disclaimer,160
1145652492123238,Ellington Properties,These ads ran without a disclaimer,≤100
1596937110521979,Baheya Foundation - مؤسسة بهية,These ads ran without a disclaimer,≤100
234477301116,Dubai Community Development Authority,Dubai Community Development Authority,≤100
28312410177,World Food Programme,These ads ran without a disclaimer,≤100
108087520855827,Native Threads Collective,These ads ran without a disclaimer,≤100
113063981735385,leaks_____company,These ads ran without a disclaimer,≤100
265699464362799,X media,These ads ran without a disclaimer,≤100
117803020066035,mohamed_bin_zayed_lovers,These ads ran without a disclaimer,≤100
131899460215123,UAE Ministry of Human Resources and Emiratisation,These ads ran without a disclaimer,≤100
266604026826295,أشرنان للإبداع و الديكور,These ads ran without a disclaimer,≤100
108091784319799,Khyber Heights,These ads ran without a disclaimer,≤100
9179830029,Queen Mary University of London,These ads ran without a disclaimer,≤100
118175697959617,Know Your Facts,These ads ran without a disclaimer,≤100