﻿Page ID,Page name,Disclaimer,Amount spent (USD)
617890781586440,យគក / CYCPP - យុវជនគណបក្សប្រជាជនកម្ពុជាថ្នាក់កណ្តាល / Central Youth CPP,យុវជនគណបក្សប្រជាជនកម្ពុជាថ្នាក់កណ្តាល Central Youth CPP,≤100
206984670430,Cambodian Center for Human Rights l មជ្ឈមណ្ឌលសិទ្ធិមនុស្សកម្ពុជា,Cambodian Center for Human Rights l មជ្ឈមណ្ឌលសិទ្ធិមនុស្សកម្ពុជា,≤100
2260430647540976,កម្ពុជា ៤.០ - Cambodia 4.0,Reun Daro,≤100
783660018410989,H.E. Oknha Datuk Othsman Hassan,Roya Mat,≤100
102149901154440,Man Navy,Man Navy,≤100
106374614548737,ខេមបូចា ព័ត៌មាន,ខេមបូចា ព័ត៌មាន,≤100
103919608855466,"ច្បាប់ និងសណ្តាប់ធ្នាប់ "" Law & Order """,Svay Limeng,≤100
1000516870057481,នាយកដ្ឋានសុខុមាលភាពជនពិការ-Welfare of Person with Disabilities Department,These ads ran without a disclaimer,≤100
981102818602934,គណៈកម្មាធិការជាតិរៀបចំការបោះឆ្នោត National Election Committee,National Election Committee,≤100
146649842083645,COMFREL,COMFREL,≤100
1582014712074227,គណបក្សប្រជាជនកម្ពុជា Cambodian People's Party,David Than,≤100
558050957660331,ព្រឹទ្ធសភាកម្ពុជា Senate of Cambodia,Kok Vay,≤100
1118529501568378,មន្ទីរសាធារណការ និងដឹកជញ្ជូន ខេត្តបាត់ដំបង,មន្ទីរសាធារណការ និងដឹកជញ្ជូន ខេត្តបាត់ដំបង,≤100
104551434922860,ក្រុមការងារជនសកម្ម ក្រុងបាត់ដំបង,Dyna Moeung,≤100
844603092353014,ជា ពិសី - Chea Pisey,ជា ពិសី - Chea Pisey,≤100
1309741899186397,CamboJANews,CamboJANews,≤100
102578412521309,VichethPrintingវិចិត្របោះពុម្ភប៉ាក់,Khem Vechet,≤100
100857911384000,ក្រុមការងារយុវជនខេត្តឧត្តរមានជ័យ,Neang Sreyluch,≤100
103056885764876,Khmer-Korean Interpreter/Translator 캄한 통번역사,Panha Pheartarakyuth,≤100
344545219232067,អគ្គ.ការពារអ្នកប្រើប្រាស់ កិច្ចការប្រកួតប្រជែង និងបង្ក្រាបការក្លែងបន្លំ CCF,Heang Pichsela,≤100
1995251780700007,បណ្ឌិត ងិន បាណាល់ - Dr. NGIN Banal,Dyna Moeung,≤100
409568979238195,"Dr. Sok Prasith, Secretary of State Ministry of Information","Dr. Sok Prasith, Secretary of State Ministry of Information",≤100
106743048030651,ក្រុមការងារគណបក្សប្រជាជនកម្ពុជា ក្រុងបាត់ដំបង,Dyna Moeung,≤100
101670692724876,Iv Leang,Iv Leang,≤100
104781257784732,BRANDMEDIA,BRANDMEDIA,≤100
1129900250496858,EBo_Bookstore,EBo_Bookstore,≤100
101673175094221,បោះដុំអាវប្រជាការពារ,These ads ran without a disclaimer,≤100
583701165294733,DD Modern House,These ads ran without a disclaimer,≤100