﻿Page ID,Page name,Disclaimer,Amount spent (TND)
1745861032185440,alqatiba - الكَتيبة,Walid Mejri,≤100
108497847530874,دولة المغرب الكبير الإفتراضية - الصفحة الرسمية,These ads ran without a disclaimer,≤100
107992048668739,قهواجي الداخلية,These ads ran without a disclaimer,≤100
101929615103965,Association Warmth - جمعية الدفء,Association Warmth - جمعية الدفء,≤100
114268830265488,Politiket,These ads ran without a disclaimer,≤100