﻿Page ID,Page name,Disclaimer,Amount spent (USD)
107057498736426,Ligue pour l'Emergence et la Démocratie,Ligue pour l'Emergence et la Démocratie,≤100
100466078749265,Honorable Singoma Mwanza Officiel,Honorable Singoma Mwanza Officiel,≤100
118550677815481,kandalimedia,These ads ran without a disclaimer,≤100
111679394767549,المشروع القومي لمشتقات البلازما,These ads ran without a disclaimer,≤100
190126634445277,Africa Defense Forum ADF Magazine,These ads ran without a disclaimer,≤100
880611255347800,Phoenix TV 鳳凰衛視,These ads ran without a disclaimer,≤100
488095851258979,Prophet Dr B.S Chiza,These ads ran without a disclaimer,≤100