﻿Page ID,Page name,Disclaimer,Amount spent (USD)
199050260841935,Jean-Marc Yacé,Jean-Marc Yacé,≤100
244922065530890,Gouvernement de Côte d'Ivoire,Gouvernement de Côte d'Ivoire,≤100
104228642561978,Florence Achi,Florence Achi,≤100
104509114220972,Kaydan Groupe,Kaydan Groupe,≤100
103972089633572,Dr Abdallah Toikeusse MABRI,Dr Abdallah Toikeusse MABRI,≤100
102827332629402,Le Sommet de l'Élevage d'Abidjan,These ads ran without a disclaimer,≤100
188890236551284,Solange Fatima MABRI,Solange Fatima MABRI,≤100
112491354539910,Babi 7/7,Babi 7/7,≤100
225928324099954,Patrick Achi,Patrick Achi,≤100
103117449020685,Babi 24/24,Babi 24/24,≤100
1037145113046404,Infolucide l'information juste,Infolucide l'information juste,≤100
302183990175912,Haute Autorité pour la Bonne Gouvernance,Haute Autorité pour la Bonne Gouvernance,≤100
808119029346832,Amédé Koffi Kouakou,Amédé Koffi Kouakou,≤100
108799438540641,Fraternité Matin Officiel,These ads ran without a disclaimer,≤100
214640851992725,Primature Côte d'Ivoire,Primature Côte d'Ivoire,≤100
110072888284352,Madeleine Yao,These ads ran without a disclaimer,≤100
105514138211727,CISSÉ Tiemoko,CISSÉ Tiemoko,≤100
1048338425180638,Adjaratou Traoré,Adjaratou Traoré,≤100
102023009327901,Global Compassion Coalition,These ads ran without a disclaimer,≤100
1919276121436723,Lisi YAO - La page,These ads ran without a disclaimer,≤100
111679394767549,المشروع القومي لمشتقات البلازما,These ads ran without a disclaimer,≤100
103262481273356,ADNAFRICA,These ads ran without a disclaimer,≤100