﻿Page ID,Page name,Disclaimer,Amount spent (PLN)
142210712522850,Województwo Podlaskie,Urząd Marszałkowski Województwa Podlaskiego,575
149388985089327,L'Oréal Paris,L’Oreal Polska Sp z o.o.,147
653937168081792,PZU,Powszechny Zakład Ubezpieczeń Spółka Akcyjna (PZU SA),102
100947022065093,Okresowa Koalicja,Okresowa Koalicja,≤100
178362315106,European Parliament,European Parliament,≤100
102811109411234,Do:łącz,Dołącz,≤100
63563473556,Gazeta Wyborcza,Gazeta Wyborcza,≤100
339855706171439,Dobra Fabryka,Dobra Fabryka,≤100
520444618035778,Grupa EPL w Parlamencie Europejskim,EPP Group in the European Parliament,≤100
323818978380073,Stanisław Derehajło,Stanisław Derehajło,≤100
228168274881,wysokieobcasy,wysokieobcasy,≤100
450781218391641,Protestuj.pl,Stowarzyszenie Kultury Chrześcijańskiej im. Ks. Piotra Skargi,≤100
364659240801421,ASTWA - Twój Partner w Ochronie Środowiska,These ads ran without a disclaimer,≤100
57544755889,Amnesty International Polska,Amnesty International Polska,≤100
578864425792499,Ośrodek Monitorowania Antypolonizmu,Fundacja Ośrodek Monitorowania Antypolonizmu,≤100
144808095552639,ING Polska,ING Polska,≤100
513969188677442,Compassion Polska,Compassion Polska,≤100
142361819657439,Narodowy Fundusz Ochrony Środowiska i Gospodarki Wodnej,Narodowy Fundusz Ochrony Środowiska i Gospodarki Wodnej,≤100
164968446888637,Ministerstwo Sprawiedliwości,Ministerstwo Sprawiedliwości,≤100
393084100793680,Wiedza i Praktyka,Wiedza i Praktyka,≤100
959387840744974,Bezpartyjni Samorządowcy,Ogólnopolska Federacja Bezpartyjni i Samorządowcy,≤100
147547541961576,Council of the European Union,Council of the European Union,≤100
104884392877324,Alivia,Alivia - Fundacja Onkologiczna,≤100
371981706755861,Kierunek na EKO,OS3 Sp. z o. o.,≤100
142614625077,WWF Polska,WWF Polska,≤100
314299585704,PAT&RUB,Ecoidea Sp z oo Sp.k.,≤100
391098174296294,Super Express,These ads ran without a disclaimer,≤100
1821361227955255,Magazyn Aptekarski,Magazyn Aptekarski,≤100
300745193630,Fundacja Pro - Prawo do Życia,Fundacja Pro - Prawo do Życia,≤100
182038191908977,Cyfryzacja KPRM,Kancelaria Prezesa Rady Ministrów,≤100
104819872149191,United4Ukraine,These ads ran without a disclaimer,≤100
406758116099067,Fundacja Kasisi,Fundacja Kasisi,≤100
157458232131,Prawo i Sprawiedliwość,Prawo i Sprawiedliwość,≤100
107281148664553,Delta Q Polska,These ads ran without a disclaimer,≤100
469702339755768,Paweł Tanajno Polska Liberalna Strajk Przedsiębiorców,Iam4u.pl,≤100
1495480087399256,Jacek Ozdoba,Jacek Ozdoba,≤100
203627442993022,Portal Oświatowy,Wiedza i Praktyka,≤100
447190942074880,Polskie Stowarzyszenie Obrońców Życia Człowieka,Polskie Stowarzyszenie Obrońców Życia Człowieka,≤100
137358556439286,Ośrodek Monitorowania Zachowań Rasistowskich i Ksenofobicznych,Ośrodek Monitorowania Zachowań Rasistowskich i Ksenofobicznych,≤100
113267398356583,Komitet Inicjatywy Ustawodawczej „STOP zakazowi pracy”,Polskie Stowarzyszenie Obrońców Życia Człowieka,≤100
105039892358886,FURPO - Świadczenie Pielęgnacyjne,FURPO GROUP SP. Z O.O.,≤100
198196133533089,Polska Misja Medyczna / Polish Medical Mission,Polska Misja Medyczna / Polish Medical Mission,≤100
2320275388297228,Marcin Romanowski,Marcin Romanowski,≤100
340765409708087,Ryszard Madziar,Ryszard Madziar,≤100
469702339755768,Paweł Tanajno Polska Liberalna Strajk Przedsiębiorców,Paweł Jan Tanajno,≤100
111275624780972,Erase Indifference,Erase Indifference,≤100
1381575975475340,EduAkcja - szkolenia dla nauczycieli,EduAkcja sp. z o.o.,≤100
101876361512444,Krajowy Projekt Energetyczny - odnawialne źródła energii dla każdego,These ads ran without a disclaimer,≤100
505864632777215,Tygodnik Lisickiego,Orle Pióro sp. z o.o.,≤100
475584852475176,Pozytron,Bartłomiej Jan Ginter,≤100
104061062331637,Pałac Saski,Pałac Saski Sp. z o.o.,≤100
176114889652,Kancelaria Premiera,Kancelaria Premiera,≤100
108301418501661,Odszkodowania Za Represje 1944-1989,Łukasz Świątek,≤100
100539463843764,Klaster Innowacji Społecznych,Klaster Innowacji Społecznych,≤100
102577288350341,Super Biznes,se.pl,≤100
100530692579091,Forum Bezpieczeństwa,Forum Bezpieczeństwa,≤100
81885462442,Histmag.org,Histmag.org,≤100
1425264934431305,Polski Instytut Księgowości,Polski Instytut Księgowości,≤100
127619873953536,Stefczyk.info,Stefczyk.info,≤100
1683534065241470,OKO.press,OKO.press,≤100
312816688890250,Dariusz Matecki,Dariusz Matecki Radny Miasta Szczecin,≤100
143951191449,Profinfo.pl,Wolters Kluwer PL,≤100
108567461681538,"Polska Katolicka, nie laicka",Fundacja Instytut Edukacji Społecznej i Religijnej im. Ks. Piotra Skargi,≤100
173086948664,Infor.pl,Infor.pl,≤100
990533821012595,Nierealnie,Nierealnie.pl,≤100
111536078074010,Strefa Logopedy,Wiedza i Praktyka,≤100
305950706802,Uniwersytet SWPS,These ads ran without a disclaimer,≤100
283996612400,Fundacja Nasza Ziemia,Fundacja Nasza Ziemia,≤100
104873974773853,rePETujemy,Repetujemy,≤100
430323810469014,Razem,Partia Razem,≤100
257256587691565,Żak Szkoła,These ads ran without a disclaimer,≤100
621959344553367,DNA Rynków - merytorycznie o giełdach i gospodarkach,DNA Rynków,≤100
175966550952,Chrońmy Klimat,Fundacja Instytut na rzecz Ekorozwoju,≤100
102243645550190,FinCrime & Surveillance Summit,These ads ran without a disclaimer,≤100
104526445434574,Ekokontenery,These ads ran without a disclaimer,≤100
113104733902707,Centrum Doradztwa Rewitalizacyjnego IRMiR,Instytut Rozwoju Miast i Regionów,≤100
180185019111,Tygodnik Powszechny,Tygodnik Powszechny,≤100
288020584605038,Gmina Słupsk,Urząd Gminy Słupsk,≤100
1493760307522390,CityFit,CityFit,≤100
469702339755768,Paweł Tanajno Polska Liberalna Strajk Przedsiębiorców,Paweł Tanajno Polska Liberalna Strajk Przedsiębiorców,≤100
1437227889827328,Fundacja Dobrych Inicjatyw,Fundacja Dobrych Inicjatyw,≤100
1629946500626448,To Tylko Astma,OS3 Sp. z o.o.,≤100
129626970836,inFakt,inFakt,≤100
292514454554454,Cartrack Polska,Cartrack Polska,≤100
648495745485275,Adrian Witczak - radny Tomaszowa Mazowieckiego,Adrian Witczak - radny Tomaszowa Mazowieckiego,≤100
1476105062719575,Dariusz Matecki - Solidarna Polska,Dariusz Matecki - Solidarna Polska,≤100
110898338585970,Mgboardy,MGBoardy.pl,≤100
111778487054045,TOGETAIR,Kamil Magot,≤100
105428171456904,BWT Polska - Best Water Technology,BWT Polska,≤100
1181684038602267,Niepodległa,"BIURO PROGRAMU ""NIEPODLEGŁA""",≤100
148119012566775,Alegoria,Alegoria,≤100
391098174296294,Super Express,se.pl,≤100
1643686859194259,Sebastian Kaleta,Sebastian Kaleta,≤100
1914501645469702,Otwarta Przestrzeń - centrum terapii,Fundacja Instytut Otwarta Przestrzeń,≤100
832320483579139,Vestra,Vestra,≤100
176619537364977,Grodno S.A.,Grodno S.A.,≤100
1995837980692090,Forum Przyszłości Kultury,Teatr Powszechny w Warszawie,≤100
1479047189015939,Polski Cement,Stowarzyszenie Producentów Cementu,≤100
199877710116314,Patryk Jaki,Patryk Jaki,≤100
521216701360487,MURATOR,MURATOR,≤100
1531160263787101,Fundacja HerStory,Fundacja HerStory,≤100
74863922834,Krytyka Polityczna,Krytyka Polityczna,≤100
186543124707583,ISSA Prevent Plastic Pollution,Biuro wykonawcze ISSA w Polsce,≤100
107280785612581,Krakowskie Centrum Edukacji Klimatycznej,Krakowskie Centrum Edukacji Klimatycznej,≤100
181020632309,Wydawnictwo Znak,Wydawnictwo Znak,≤100
182568875086544,Prószyński i S-ka,Prószyński i S-ka,≤100
410270863064328,Vasco Translator Polska,These ads ran without a disclaimer,≤100
424950454257785,Kampania Prawdy,Kampania Prawdy,≤100
1611379738955172,RODM Katowice,Klaster Innowacji Społecznych,≤100
1489158561337371,Dariusz Olszewski,Dariusz Olszewski,≤100
274865305866485,Eko House Technologie Ekologiczne - przydomowe oczyszczalnie ścieków,Eko House Technologie Ekologiczne,≤100
377734895631299,Polsko-Ukraińska Izba Gospodarcza,Polsko-Ukraińska Izba Gospodarcza,≤100
103189994608689,20stopni.pl,Konceptlab,≤100
112055027022643,Legal Marine,Legal Marine - Mateusz Romowicz,≤100
194585893914848,Fundacja Rozwoju Demokracji Lokalnej,Fundacja Rozwoju Demokracji Lokalnej,≤100
1583040588577817,Skladnicaksiegarska.pl Outlet,These ads ran without a disclaimer,≤100
543555309157965,Fundacja Życie i Rodzina - Polska,Fundacja Życie i Rodzina,≤100
101185701666967,Stop Milczeniu - stop pedofilii w kościele,Stop Milczeniu,≤100
114453729684,gazetaprawna.pl,gazetaprawna.pl,≤100
101283291180,dziennik.pl,dziennik.pl,≤100
173043619501435,"Pomorski Ośrodek Rehabilitacji Dzikich Zwierząt ""Ostoja""","Pomorski Ośrodek Rehabilitacji Dzikich Zwierząt ""Ostoja""",≤100
255100403945,Polityka,Polityka,≤100
176136722487454,Videoparlament.pl,Videoparlament.pl,≤100
103471624443349,"Political Cognition Lab, Polish Academy of Sciences",These ads ran without a disclaimer,≤100
276855319036807,Fabryka Równości,Stowarzyszenie Fabryka Równości,≤100
100967981267379,teczka_logopedy,These ads ran without a disclaimer,≤100
114745608611502,IT w Administracji,Presscom,≤100
199401584696,Konfederacja Lewiatan,Konfederacja Lewiatan,≤100
98673036962,ROLDA,These ads ran without a disclaimer,≤100
101397679515965,EUROVECTOR,EUROVECTOR,≤100
103569695908869,Szybki Karp - krótki łańcuch dostaw,These ads ran without a disclaimer,≤100
107010907929210,Praca w Allegro,Allegro,≤100
102262978631607,Busnex Poland,Busnex Poland,≤100
107741584286830,Studio Częstochowa,Studio Częstochowa,≤100
375431119170590,GRAPE - Group for Research in APplied Economics,FAME|GRAPE,≤100
106038948775287,Dostępna Polska,4 REAL Sp. z o.o.,≤100
102995321496859,Coś mi się w głowie kołacze,These ads ran without a disclaimer,≤100
250083171732867,Porcelana Ćmielów,These ads ran without a disclaimer,≤100
70837178426,Architektura-murator,Grupa ZPR Media,≤100
202473923251760,Wojewódzki Fundusz Ochrony Środowiska i Gospodarki Wodnej w Gdańsku,Wojewódzki Fundusz Ochrony Środowiska i Gospodarki Wodnej w Gdańsku,≤100
190536713845,Fundacja JiM,Fundacja JiM,≤100
147284671976535,Jak wygrać wybory? Praktycznie o kampaniach wyborczych,Jacek Babiel,≤100
1660290804264612,Instytut Bezpieczeństwa i Rozwoju Międzynarodowego,Magdalena Rochnowska,≤100
514735281965536,Demagog,Stowarzyszenie Demagog,≤100
109218848183780,Marek Woźniak,UMWW,≤100
658695000844495,Adam Andruszkiewicz,Adam Andruszkiewicz,≤100
108884095258754,Pregierz.pl,These ads ran without a disclaimer,≤100
558879950822876,Jacek Sasin,Jacek Sasin - Poseł na Sejm RP,≤100
103423656514231,Fundacja Gdańska,Fundacja Gdańska,≤100
108586015068938,Zorientowani na Rodzinę,Fundacja Ogólnopolski Strajk Kobiet,≤100
173873282095,Forsal.pl,Forsal.pl,≤100
102902428250197,Monika Skalimowska - Droga do Źródła,These ads ran without a disclaimer,≤100
130752780291804,Fundacja Geremka,"Fundacja ""Centrum im. prof. Bronisława Geremka""",≤100
1771722023118604,Wydawnictwo Aktywa,Wydawnictwo Aktywa Sp. z o.o.,≤100
2225643357661556,Big Book Cafe,These ads ran without a disclaimer,≤100
311766890555,Fundacja Batorego,Fundacja Batorego,≤100
2018100888485478,Muzeum Getta Warszawskiego / Warsaw Ghetto Museum,These ads ran without a disclaimer,≤100
97243068857,Kate&Kate,Kate&Kate,≤100
134626909042,Stowarzyszenie Inwestorów Indywidualnych,These ads ran without a disclaimer,≤100
1807025362862115,Co się dzieje w Turcji?,These ads ran without a disclaimer,≤100
111159964804164,Błysk Łomża - usługi komunalne,These ads ran without a disclaimer,≤100
1752318511650368,Akamai Poland,More Bananas,≤100
285512891655753,Artur Szałabawka,Biuro Poselskie Prawo i Sprawiedliwość Artur Szałabawka,≤100
251031675591474,Dorota Zmarzlak - wójt gminy Izabelin,Dorota Zmarzlak,≤100
67202672014,Fairtrade Polska,Fundacja „Koalicja Sprawiedliwego Handlu” Fairtrade Polska,≤100
852871474902416,Tomasz Frączak,Tomasz Frączak,≤100
102723595191627,Esoleo,Mateusz Kochman,≤100
1227194230675141,Pratia,Pratia SA,≤100
199430457452110,MyOpiekunki - Praca przy Opiece,These ads ran without a disclaimer,≤100
76134197129,Radio TOK FM,Kinga Warwas,≤100
104382365648491,Zjednoczenie,Stowarzyszenie Zjednoczenie,≤100
696622867467853,Polska Morska,Polska Morska,≤100
368343996531202,Damian Polak,Damian Polak,≤100
121677374580121,Stowarzyszenie Rozwoju Wsi Świętokrzyskiej,Stowarzyszenie Rozwoju Wsi Świętokrzyskiej,≤100
102638134457547,Magdalena Łośko - Poseł na Sejm RP,Patryk Kaźmierczak,≤100
123234977337474,Відновлення добробуту_Польша,Відновлення добробуту_Польша,≤100
104782925572496,Okręgowa Izba Pielęgniarek i Położnych w Słupsku,Grzegorz Sikora,≤100
119170654825694,PayU,These ads ran without a disclaimer,≤100
1937461523203000,Fundacja Promocji Pojazdów Elektrycznych FPPE,Fundacja Promocji Pojazdów Elektrycznych,≤100
378777385998461,Grupa MTP,Grupa MTP,≤100
376101312892,Miasto Poznań,Miasto Poznań,≤100
102704092348971,Komitet Ochrony Zabytków i Dóbr Kultury,Komitet Ochrony Zabytków i Dóbr Kultury,≤100
102576311373099,MedicalPress.pl,These ads ran without a disclaimer,≤100
106855271451018,"Raz, dwa, trzy, przestępcą będziesz Ty",Krzysztof Cudecki,≤100
102613485803743,Adam Bodnar,Dominika Ziętara,≤100
286672948180163,Tomasz Trela,Poseł Tomasz Trela,≤100
106552182752379,Fortum Polska,Fortum Power and Heat Polska Sp. z o.o.,≤100
108243994205438,R&D Hub,R&D HUB Sp. z o. o.,≤100
426735034064813,Parlament Europejski - Biuro we Wrocławiu,Biuro Parlamentu Europejskiego we Wrocławiu,≤100
1750595945161584,Okiem Filmoholika,These ads ran without a disclaimer,≤100
117764954610846,Mafie oświatowe.,These ads ran without a disclaimer,≤100
1608832986037147,Super Express Warszawa,Warszawa - Eska Info,≤100
113143203693,Santander Bank Polska,Santander Bank Polska,≤100
1500359650261089,Marcin Gołaszewski,These ads ran without a disclaimer,≤100
1599655186922126,Włącz oszczędzanie,Łukasz Tadeusz Pająk,≤100
962336330622994,Michał Gzowski,Michał Zbigniew Gzowski,≤100
151650414730,Med Polonia,Med Polonia Sp. z o. o.,≤100
487587700423,Miasto Gdańsk,Miasto Gdańsk,≤100
377827871205,Palladium,Bartłomiej Maciej Błaszczyk,≤100
104681325501738,Wygraj w KIO,These ads ran without a disclaimer,≤100
425209897553573,Perfect Wedding Zamość,These ads ran without a disclaimer,≤100
331112537305950,Bydgoskie Konsultacje,Bydgoskie Konsultacje,≤100
107933698355066,Robert Gmitruczuk,Ewa Konieczna,≤100
1659680027600979,Bydgoski Budżet Obywatelski,bydgoszcz.pl,≤100
1196595487024986,Robert Filipczak,Robert Filipczak,≤100
583823491630995,Piotr Cieplucha,Piotr Paweł Cieplucha,≤100
256314858405394,Paweł Olszewski,Paweł Olszewski,≤100
108137288741362,Gliwicka kartka z kalendarza,Gliwicka kartka z kalendarza,≤100
100867296292013,Global case - business events Warszawa,These ads ran without a disclaimer,≤100
504001623702653,Анна Самойленко,These ads ran without a disclaimer,≤100
100386342622682,Studerende på Københavns Universitet,These ads ran without a disclaimer,≤100
527351247377965,European Committee of the Regions,European Committee of the Regions,≤100
105613832513573,Air stage,These ads ran without a disclaimer,≤100
1210376529045523,Tecnoware Italian Power Systems,These ads ran without a disclaimer,≤100
108879602176284,Worm Me Up,These ads ran without a disclaimer,≤100
331965446932156,HORIZON: the EU Research & Innovation magazine,These ads ran without a disclaimer,≤100
1249630708423717,MUNER Motorvehicle University of Emilia-Romagna,These ads ran without a disclaimer,≤100
100230246295261,Mr New Life,These ads ran without a disclaimer,≤100
182902509000503,The Warsaw / Новости Варшава,These ads ran without a disclaimer,≤100
148338115785209,Przedstawicielstwo we Francji,These ads ran without a disclaimer,≤100
109231571984405,Accelera,These ads ran without a disclaimer,≤100