﻿Page ID,Page name,Disclaimer,Amount spent (EUR)
104052104595148,"Senatorin für Gesundheit, Frauen, Verbraucherschutz Bremen","Senatorin für Gesundheit, Frauen und Verbraucherschutz",267
104665757631022,Die Bremer Stadtreinigung,Die Bremer Stadtreinigung,≤100
114186703597807,VIER PFOTEN,VIER PFOTEN,≤100
22541752487,Greenpeace Deutschland,Greenpeace Deutschland,≤100
106896292163793,mehr-schutz.de,AstraZeneca GmbH,≤100
150819078301208,FES-Julius-Leber-Forum,Julius-Leber-Forum der Friedrich-Ebert-Stiftung,≤100
1249025528531105,LV Bremen - Tierschutzpartei,PARTEI MENSCH UMWELT TIERSCHUTZ,≤100
160531500656482,FDP-Fraktion Bremen,FDP-Fraktion Bremen,≤100
201065353264638,yello,yello,≤100
82734241364,Campact e.V.,Campact e.V.,≤100
343364921106,Caritas international,Caritas international,≤100
161273245888,Save the Children Deutschland,Save the Children Deutschland,≤100
218786540044,WWF Deutschland,WWF Deutschland,≤100
1114156508732301,Zivile Helden,Polizeiliche Kriminalprävention der Länder und des Bundes,≤100
111501317017740,Motatos Deutschland,Motatos,≤100
56497026719,SOS-Kinderdörfer weltweit,SOS-Kinderdörfer weltweit Hermann-Gmeiner-Fonds Deutschland e.V.,≤100
102169625710148,ClimaClic,Burda Direct GmbH,≤100
331832984040,LichtBlick,LichtBlick,≤100
921326477983554,Verband der Chemischen Industrie e.V.,Chemie Wirtschaftsförderungs-GmbH,≤100
236934790401,UNO-Flüchtlingshilfe,UNO-Flüchtlingshilfe,≤100
105664798388099,Make.org,Make.org,≤100
128020744010289,Eden Books,Edel Verlagsgruppe GmbH,≤100
1173504606112676,Bundesministerium für Bildung und Forschung,Bundesministerium für Bildung und Forschung,≤100
108268845888673,Bundesministerium für Arbeit und Soziales,Bundesministerium für Arbeit und Soziales,≤100
1508446642792459,Vattenfall,Vattenfall Deutschland,≤100
1062482463795133,Liebesleben,Bundeszentrale für gesundheitliche Aufklärung (BZgA),≤100
484950398505596,IRC Deutschland,IRC Deutschland,≤100
170688644503,UNICEF Deutschland,UNICEF Deutschland,≤100
582382331851756,Prometheus - Das Freiheitsinstitut,Prometheus - Das Freiheitsinstitut,≤100
133306764192,NABU Bundesverband,NABU Bundesverband,≤100
150380582965,Der Mittelstand. BVMW,"Der Mittelstand, BVMW e.V.",≤100
147245511963527,DGB,Deutscher Gewerkschaftsbund (DGB),≤100
1509790395958123,Aktion gegen den Hunger,Aktion gegen den Hunger,≤100
27352749603,Amnesty International Deutschland,Amnesty International Deutschland,≤100
82055658434,CARE Deutschland e.V.,CARE Deutschland e.V.,≤100
136260152219,World Vision Deutschland e.V.,World Vision Deutschland e.V.,≤100
144380008933707,SPD-Fraktion im Bundestag,SPD-Bundestagsfraktion,≤100
109573920927141,Ichwillfair,Initiative für nachhaltige Agrarlieferketten,≤100
105931052387687,Hope Pflanzlich,Edelweiss GmbH & Co. KG,≤100
102616273110279,Börsen-Zeitung,WM Gruppe,≤100
273454591804,SOS-Kinderdorf Deutschland,SOS-Kinderdorf e.V.,≤100
101270515560553,Sparda-Bank Hannover,Sparda-Bank Hannover,≤100
700577889971139,PENNY,PENNY,≤100
259770724096761,Animal Equality Germany,Animal Equality Germany e.V.,≤100
130288206997548,dierotationsdrucker,dierotationsdrucker.de,≤100
1790920000965539,CDU CSU Europa,CDU/CSU-Gruppe in der EVP-Fraktion im Europäischen Parlament,≤100
341486659645594,FDP Fraktion Bundestag,Fraktion der Freien Demokraten im Deutschen Bundestag,≤100
593476900673774,ifaw,ifaw,≤100
478399422560922,KadeFungin,DR. KADE,≤100
245106622258525,CDU-Fraktion Land Bremen,CDU-Bürgerschaftsfraktion Bremen (Landtag),≤100
511785248971976,"Bundesministerium für Familie, Senioren, Frauen und Jugend","Bundesministerium für Familie, Senioren, Frauen und Jugend",≤100
81386795687,CSU (Christlich-Soziale Union),CSU (Christlich-Soziale Union),≤100
105845231718268,Light for the World Deutschland,Light for the World - Licht für die Welt e.V.,≤100
156304484388194,DIE LINKE. Berlin,DIE LINKE. Berlin,≤100
103919417972272,Unabhängige Beauftragte für Fragen des sexuellen Kindesmissbrauchs,Unabhängiger Beauftragter für Fragen des sexuellen Kindesmissbrauchs,≤100
141319602603904,Jusos im Kreis Verden,Jusos im Kreis Verden,≤100
23216224900,Plan International Deutschland,Plan International Deutschland e.V.,≤100
846335975484709,The Generation Forest,The Generation Forest eG,≤100
105231872947887,GU - Willkommen im Leben,Gräfe und Unzer Verlag GmbH,≤100
111698888335211,Daskannkunststoff,ALPLA Werke Alwin Lehner GmbH & Co KG,≤100
382186268590822,ADF International,ADF International Deutschland e.V.,≤100
160355334000102,PLANT-MY-TREE,PLANT-MY-TREE,≤100
248913988520756,Union Investment,Union Investment Privatfonds GmbH,≤100
359720447745148,Sustainable Natives,sustainable natives eG with Facebook ad credits,≤100
552943554723146,Kommunikationsgewerkschaft DPV (DPVKOM),Maik Brandenburger,≤100
105458014639873,Libresse Deutschland,These ads ran without a disclaimer,≤100
2217781501611808,Fabian Vergil,Fabian Vergil,≤100
164014383647221,BARMER,BARMER,≤100
109268274798247,E-Fuels-Forum,CLASSIC Tankstellen GmbH & Co. KG,≤100
674340402707662,"Dr. Florian Herrmann, MdL","Dr. Florian Herrmann, MdL",≤100
1093989863995799,hep,hep global GmbH,≤100
107085727344683,Mein Schlüssel zur Welt,Bundesministerium für Bildung und Forschung,≤100
209697875758716,DIE JUNGEN UNTERNEHMER,Die Jungen Unternehmer,≤100
1393167744264822,Bundesministerium für Digitales und Verkehr,Bundesministerium für Verkehr und digitale Infrastruktur,≤100
248913988520756,Union Investment,These ads ran without a disclaimer,≤100
1947378708884004,Initiative Frosch,Initiative Frosch,≤100
837029206665363,Tabakquartier Bremen,Tabakquartier,≤100
130039690359915,Aktionsgemeinschaft Solidarische Welt,Aktionsgemeinschaft Solidarische Welt,≤100
103445325977929,Dr. Christian Kornek,Christian Michael Kornek,≤100
145944615464920,Polarstern Energie,Polarstern Energie,≤100
223829854355699,Frosch,Frosch,≤100
169367889785454,Arbeitgeberverband Gesamtmetall,Arbeitgeberverband Gesamtmetall,≤100
108633728581883,Rettet Biokraftstoffe,OVID Verband,≤100
521512268012838,Kindernetzwerk e.V.,Kindernetzwerk e.V.,≤100
116335026590900,Mülltrennung wirkt,die dualen Systeme,≤100
178362315106,European Parliament,European Parliament,≤100
114554831934355,Tierschutzbund,Deutscher Tierschutzbund e.V.,≤100
533449653783649,Impfopoint,Impfopoint – einer Initiative des Landesapothekerverband Baden-Württemberg e.V,≤100
850743671661412,Kirche im NDR,Kirche im NDR,≤100
106123098657128,Niklas Schenker,Niklas Schenker MdA DIE LINKE,≤100
121678260974,Initiative Neue Soziale Marktwirtschaft (INSM),Initiative Neue Soziale Marktwirtschaft,≤100
512403718895902,Wildtierschutz Deutschland e.V.,Wildtierschutz Deutschland e.V.,≤100
294494163510,Europäisches Parlament - Verbindungsbüro in Deutschland,Europäisches Parlament - Verbindungsbüro in Deutschland,≤100
120479081330563,Körber-Stiftung,Körber-Stiftung,≤100
614408642007931,Zurich,Zürich Beteiligungs-Aktiengesellschaft (Deutschland),≤100
286350444716030,UN-Dekade Wiederherstellung von Ökosystemen,UN-Dekade-Büro c/o nova-Institut GmbH,≤100
263503200272,Welthungerhilfe,Welthungerhilfe,≤100
169748501321,Friedrichstadt-Palast Berlin,These ads ran without a disclaimer,≤100
193902536304,Aufbau Verlage,Aufbau Verlag GmbH & Co.KG,≤100
768905426534529,Bundesregierung,Bundesregierung,≤100
134483979119,Rosa-Luxemburg-Stiftung,Rosa-Luxemburg-Stiftung,≤100
539968076139979,IVPU Verband,IVPU Industrieverband Polyurethan-Hartschaum e.V.,≤100
110056008288031,Rechtsanwaltskanzlei Matthias Prinz - Mainz,Matthias Prinz,≤100
217786668379580,350.org Deutschland,350.org Deutschland,≤100
123292927706635,junge Welt,junge Welt,≤100
206584163580,Stiftung Mercator,Stiftung Mercator,≤100
104389425384135,Arbeitgeber Land Hessen,Hessisches Ministerium des Innern und für Sport,≤100
127143338110,missio,missio,≤100
205407872835976,Gabor Steingart,Media Pioneer Publishing AG,≤100
2188342231399828,HSI/Deutschland,HSI Europe,≤100
105196990914241,Dr. Gunnar Beck,Gunnar Günter Beck,≤100
101683398140023,Salus,Salus,≤100
104959658833469,Verfolgte im Nationalsozialismus,Bundesverband Information & Beratung für NS-Verfolgte e.V.,≤100
1176675472454246,CAPinside.com,CAPinside GmbH,≤100
187757708440378,Wolfgang Heubisch,Dr. Wolfgang Heubisch,≤100
2043149952612291,Bvlb,BvLB Bundesverband der Lehrkräfte für Berufsbildung e.V.,≤100
135591596484147,ABDA - Bundesvereinigung Deutscher Apothekerverbände e. V.,ABDA - Bundesvereinigung Deutscher Apothekerverbände e. V.,≤100
100166866328132,Rene Dierkes,AfD Kreisverband München Ost,≤100
202891703059373,SPD Frankfurt,SPD Frankfurt,≤100
112600052161770,Samaritan’s Purse DACH,Samaritan’s Purse DACH,≤100
191851397669230,VETO – Tierschutz,VETO - Tierschutz,≤100
116544291761495,Kindernothilfe E.V.,Kindernothilfe E.V.,≤100
105411962299479,AEF,AUDI AG,≤100
44511549119,Konrad-Adenauer-Stiftung,Konrad-Adenauer-Stiftung e.V.,≤100
102745548272095,The German Review,Jörg Malcolm Otto Luyken,≤100
206204879391830,FRANK,These ads ran without a disclaimer,≤100
1077260675704647,Wohnglück,Impleco GmbH,≤100
105520741430164,Phönix - Soziale Dienste,Wolfgang-Alexander Malter,≤100
300225473377094,indeon magazin,Medienhaus der Evangelischen Kirche in Hessen und Nassau GmbH,≤100
348979855478911,Esra Limbacher,Esra Limbacher,≤100
99923813221,vorwärts,Berliner vorwärts Verlagsgesellschaft mbH vorwärts,≤100
413826305343387,Krautreporter,Krautreporter,≤100
198244400189055,Entega,ENTEGA Plus GmbH,≤100
276040002549416,FREIE WÄHLER Bayern,Freie Wähler Bayern,≤100
370577072964590,German Doctors,These ads ran without a disclaimer,≤100
111789447030484,Bundesfinanzministerium,Bundesfinanzministerium,≤100
260335584433785,Mehmet Yildiz,Mehmet Yildiz,≤100
130374060326405,Diakonie RWL,Diakonisches Werk Rheinland-Westfalen-Lippe e.V.,≤100
104159645368769,أوقف كـورونا,Abdel Naser Jubara,≤100
232654150646627,Deutsche Waldtage,These ads ran without a disclaimer,≤100
100345702834585,All Out Deutschland,All Out,≤100
198515713604505,Ludwig-Maximilians-Universität München,These ads ran without a disclaimer,≤100
659320797543272,Gunnar Lindemann MdA,Gunnar Norbert Lindemann,≤100
102447141656283,Carolin Bachmann,Carolin Bachmann,≤100
144789155556223,Passion4Business,Passion4Business,≤100
161990010584761,Stiftung Demokratie Saarland,Stiftung Demokratie Saarland,≤100
133878906642545,BASECAMP digital,BASECAMP digital,≤100
1790885824313860,Fidelity International DE,FIL Investment Services GmbH,≤100
53848679944,Laut gegen Nazis,Laut gegen Nazis e. V.,≤100
352736338253081,Futurium,Futurium,≤100
249296718436,IG Metall,IG Metall,≤100
101729268268597,we.are.xu,These ads ran without a disclaimer,≤100
572530603230497,AfD-Fraktion im Hessischen Landtag,AfD-Fraktion im Hessischen Landtag,≤100
986473771407802,Rafael Mikolajek,These ads ran without a disclaimer,≤100
417517061951550,Einfach da für dich,ABDA - Bundesvereinigung Deutscher Apothekerverbände e. V.,≤100
274000059331698,DEMO - Die Fachzeitschrift für Kommunalpolitik,DEMO - Die Fachzeitschrift für Kommunalpolitik,≤100
260106687889118,Kopp Verlag,Kopp Verlag,≤100
337490039624409,Leibniz-Gemeinschaft,Leibniz-Gemeinschaft,≤100
112743275430520,International Campaign for Tibet Deutschland e.V.,International Campaign for Tibet Deutschland e.V.,≤100
1695216187437098,Albrecht Glaser,Albrecht Glaser,≤100
630172117364339,POST von GEHRKE,Elmar Gehrke,≤100
114305191932520,Pro Wildlife e.V.,Pro Wildlife e.V.,≤100
108209480522423,Dr. Sylvia Limmer,Dr. Sylvia Limmer,≤100
116064499060160,Dirk Brandes - Für Niedersachsen im Bundestag,Dirk Brandes,≤100
459830674207433,International Bankers Forum e.V.,International Bankers Forum e. V.,≤100
236044090111,VDI Verein Deutscher Ingenieure,VDI Verein Deutscher Ingenieure e.V.,≤100
948945635150056,AfD-Fraktion Hamburg,AfD-Fraktion Hamburg,≤100
1704553569783940,DIE LINKE. Eichsfeld,Die LINKE. Eichsfeld,≤100
103204458635909,Ralf Schönborn,Ralf Schönborn (MdL) Alternative für Deutschland (AfD),≤100
121097790490,Albert Schweitzer Stiftung für unsere Mitwelt,Albert Schweitzer Stiftung für unsere Mitwelt,≤100
602487899802568,Özlem Alev Demirel,Europaabgeordnete,≤100
181535349099426,"Jörn König, MdB",Jörn König,≤100
105583051951608,raumverbunden,These ads ran without a disclaimer,≤100
114308060119379,Die Wohnungswirtschaft,GdW Bundesverband deutscher Wohnungs- und Immobilienunternehmen e.V.,≤100
110802954153447,Klim,Klim GmbH,≤100
110325972343711,Bundesstiftung zur Aufarbeitung der SED-Diktatur,Bundesstiftung zur Aufarbeitung der SED-Diktatur,≤100
13479664941,JUNGE FREIHEIT,Junge Freiheit Verlag GmbH & Co. KG,≤100
194436357268781,Deutsche Atlantische Gesellschaft,Deutsche Atlantische Gesellschaft e.V.,≤100
225499161202327,"Peter Felser, AfD",Michaela Luise Schuster,≤100
107407945980041,Deutsches Kinderhilfswerk e.V.,Deutsches Kinderhilfswerk e.V.,≤100
102492129806270,Waschbär Umweltversand,Waschbär GmbH,≤100
1004883576238809,GoodJobs,GoodJobs GmbH,≤100
139198812763279,Misereor,Misereor,≤100
310213709080950,Jürgen Höller,These ads ran without a disclaimer,≤100
474920236342311,Concordia Versicherungen,These ads ran without a disclaimer,≤100
104895582101538,"Barbara Lenk, Mitglied des Bundestages",Barbara Lenk,≤100
555679377916775,Thomas Diener,Thomas Diener,≤100
1181444335296054,Pascal Meiser,Pascal Meiser,≤100
1810088999013118,Kölner Presseclub e.V.,Kölner Presseclub,≤100
105237008197753,Matthias Moosdorf MdB,Matthias Moosdorf,≤100
104425389118359,Dr. Florian Freund,Florian Rudolf Freund,≤100
514480748740424,FES KommunalAkademie,"Friedrich-Ebert-Stiftung, KommunalAkademie",≤100
720206555013629,Laufen macht glücklich,These ads ran without a disclaimer,≤100
1967019790197412,Markus Wagner,"Markus Wagner, MdL",≤100
412614045825244,Naturfotografie Patrick Böttger,These ads ran without a disclaimer,≤100
284402774911378,FDP Darmstadt-Dieburg,Mathias Gerald Zeuner,≤100
1739138546404072,iwd,These ads ran without a disclaimer,≤100
620357375105615,Thorsten Leva,Thorsten Rolf Leva,≤100
882321835275858,BDH Bundesverband Rehabilitation,BDH Bundesverband Rehabilitation,≤100
680341992382788,Raimond Scheirich,Raimond Christian Scheirich,≤100
306681329368976,BVK - Bundesverband Deutscher Versicherungskaufleute e.V.,Bundesverband Deutscher Versicherungskaufleute e.V. (BVK),≤100
107140025016889,ELMAR GEHRKE,Elmar Gehrke,≤100
101326131878243,GP Prüfservice,Marcus Pauli,≤100
274393199630147,Matthias Nölke,Matthias Nölke,≤100
1565754943752371,Robert Farle,Robert Farle,≤100
104840074825135,Frank Rinck,Frank Rinck,≤100
50169278122,SPD Sachsen,SPD Sachsen,≤100
167807820022176,Henning Höne,Henning Höne,≤100
103030191501661,Karl-Arnold-Stiftung,Karl-Arnold-Stiftung,≤100
353304973310,Hackerott.de,These ads ran without a disclaimer,≤100
101034666025687,Paul Georg Wandrey,CDU Darmstadt,≤100
106706775037850,Politisches-Forum.de,Anton Waldemar Fred,≤100
848908368459075,André Wendt,André Wendt,≤100
112993930579267,Friedenskanal Hamburg,Marco Gasch,≤100
499355047094121,Deutsche Gesellschaft für Transidentität und Intersexualität e.V. - dgti,Deutsche Gesellschaft für Transidentität und Intersexualität dgti e.V.,≤100
110328191845942,DieParusie.de,André Oswald Hartmann,≤100
110826091711924,viev.deutschland,These ads ran without a disclaimer,≤100
109884494836221,Alexander Baer,Alexander Baer,≤100
110272138487627,ferienimmobilie_spanien.de,These ads ran without a disclaimer,≤100
105411962299479,AEF,These ads ran without a disclaimer,≤100
111597401031415,Ulrich Reiner - Freie Wähler,Ulrich Reiner,≤100
100363378760233,via bonum,via bonum AG,≤100
801630029947609,Jan Nolte,Jan Nolte,≤100
124789027587818,HAFENCITY ZEITUNG,These ads ran without a disclaimer,≤100
570933333018839,AfD Oldenburg Land,AfD Kreisverband Oldenburg Land,≤100
137521576294353,Deutsche Kinderhilfe - Die ständige Kindervertretung e.V.,Deutsche Kinderhilfe - Die ständige Kindervertretung e.V.,≤100
114979296549882,Eric Leiderer,Eric Lothar Leiderer,≤100
271692326585068,Reinhard Houben,Reinhard Houben,≤100
109703417823774,Freie Wähler Elbmarsch,Freie Wählergemeinschaft Elbmarsch e.V.,≤100
305776649913615,Arbeitsgemeinschaft bäuerliche Landwirtschaft,Arbeitsgemeinschaft bäuerliche Landwirtschaft,≤100
111431878202860,Elif Eralp,Elif Eralp MdA DIE LINKE,≤100
100173382819685,Report-W.de,Report-w.de,≤100
105244268340116,Miguel Klauß MdL,Miguel Klauß,≤100
87921510981,SPD Thüringen,SPD Thüringen,≤100
105018555000761,Soziale Republik,Verein für konstruktiven Sozialismus e.V.,≤100
757499801061495,anzeiger24.de,Dein Hilden,≤100
473312189396742,Frank Tenner,These ads ran without a disclaimer,≤100
104125315930426,Hymmer,These ads ran without a disclaimer,≤100
102326342780397,Domenique Invezt,These ads ran without a disclaimer,≤100
103231785018508,aico_news,These ads ran without a disclaimer,≤100
105528162248316,viev.mobilyaa,These ads ran without a disclaimer,≤100