﻿Page ID,Page name,Disclaimer,Amount spent (TRY)
1481865401841739,Müge Yıldız Topak,Muge Yildiz Toprak,≤100
106879338020716,Halk Ajans,Resul Mesut Büyüksarı,≤100
197750943681205,Antalya Büyükşehir Belediyesi,Antalya Büyükşehir Belediyesi,≤100
219031704851494,SAS (Satın Almayın Sahiplenin),Fırat Yıldız Ahmet,≤100
511707202180465,Kangal Aşkk'tır,Fırat Yıldız Ahmet,≤100
1439683329600228,Ümit Uysal,Ümit Uysal,≤100
115203036969497,Mehmet Yunus Seven,Mehmet Yunus Seven,≤100
167633913392268,Kolejliler,Fırat Yıldız Ahmet,≤100
276652289141318,OSMAN KOZAN,Osman Kozan,≤100
172200336891287,Medya Penceresi,Medya Penceresi,≤100
463215923715177,Mehmet Yiğiner,Bekir Koyuncu,≤100
107088348866304,Haberde.com.TR,Murat Ocak,≤100
108390012832175,Fatih Akkentli,Atacan Özbay,≤100
1156591567874276,Halil Arda,Halil Arda,≤100
1437665699815071,Dogruluk Payı,Dogruluk Payı,≤100
144096473392,Yeşil Gazete,Yeşil Gazete,≤100
102579942625464,Sürekli Haber TV,Sürekli Haber TV,≤100
107924807410702,Samet Bağcı,Samet Bağcı,≤100
319374238130637,Osman Gürün,Osman Gurun,≤100
110399169038182,Etv Manisa,Erdinç Yayıncılık Tanıtım Reklam ve Organizasyon Hizmetleri Tic. San. AŞ.,≤100
283657205667155,Mustafa Ali Fırtına,Mustafa Ali Firtina,≤100
104267921764717,Deva Partisi Trabzon İl Başkanlığı,Kubilay Çiçek,≤100
834954409860187,Gamze Akkuş İlgezdi,Gamze Akkuş İlgezdi,≤100
1572709256359993,İnternethaber TV,HADİ ÖZIŞIK,≤100
105071652498637,sma.elizlinayacanol,These ads ran without a disclaimer,≤100
2028274240749386,Celal Köse,Celal Köse,≤100
465887546792664,Halkın Kurtuluş Partisi - HKP,TAYFUR BİN,≤100
116153656459389,Niyazi Özçelik,Niyazi Özçelik,≤100
108552928182311,Al Sancak Partisi,Nuri Çelebi,≤100
106168677723547,Tumurly Türkiye,These ads ran without a disclaimer,≤100
114951609920936,Kısa Dalga Medya,Kısa Dalga Medya,≤100
103167881182863,Temiz Enerji Haber Portalı,Temiz Enerji Haber Portalı,≤100
1451425741606065,Hasan Eroğlu,Hasan Eroglu,≤100
298764070816267,Mehmet Tütüncü,Mehmet TÜTÜNCÜ Türkiye Temsilcisi,≤100
737340966376001,Metin Kala,Metin Kala,≤100
506041856143607,Saadet İnegöl,Hasan Eroglu,≤100
113229965003082,AK Parti/MHP/BBP Cumhur İttifakı,Erol Cihangir,≤100
106789305232883,وكالة الشرق الأوسط الإخبارية,وكالة الشرق الأوسط الإخبارية,≤100
104373561467884,Serhat Servet Dövenci,Serhat Servet Dövenci33,≤100
102899241678822,تعز تايم - Taiz time,These ads ran without a disclaimer,≤100
213000859039052,SANY Group,These ads ran without a disclaimer,≤100
145348432198036,Camfil,These ads ran without a disclaimer,≤100
226451952593,Four Seasons Resorts Maldives,These ads ran without a disclaimer,≤100
60516116431,Člověk v tísni,These ads ran without a disclaimer,≤100
198398326957053,Shree Krishnayan Desi Gauraksha Avam Golokdham Sewa Samiti,These ads ran without a disclaimer,≤100