﻿Page ID,Page name,Disclaimer,Amount spent (VND)
1507429892822619,BOM Money,BOM Money,1114
111831663772285,BOMvn,BOMvn,596
105062615490802,Thượng Tọa Thích Đức Thiện,Thượng Tọa Thích Đức Thiện,436
105845511087981,TRUYỀN HÌNH AN VIÊN,TRUYỀN HÌNH AN VIÊN,373
106517848843109,Theanh28 News,These ads ran without a disclaimer,154
107234488902500,Reading Everyday,These ads ran without a disclaimer,≤100
565208910168178,HKTDC 香港貿發局,These ads ran without a disclaimer,≤100