﻿Page ID,Page name,Disclaimer,Amount spent (USD)
110406837194241,Edgardo Mulato,Edgardo Mulato,≤100
1183705485108092,Rolando Castro SV,Rolando Castro SV,≤100
101978024846440,Evelyn Merlos,Perez Castaneda Edwin Alexander,≤100
103498621470727,Yiseel Barahona,Yiseel Beatriz Barahona De Campos,≤100
116335024768924,RC Servidor Público,RC Servidor Público,≤100
890916994384759,Rafael Arévalo,Rafael Edgardo Arévalo González,≤100
157374054394974,HPD Horizonte Prensa Digital,HPD Horizonte Prensa Digital,≤100
108213030904997,Ricardo Rivas,Ricardo Rivas,≤100
111684638235538,Soyapango UNIDO,Jacob Josafat Benitez Carrillo,≤100
639066179457841,José Safie,Jose Luis Safie Estratengian,≤100
101710084928516,Dr. Bryan Orellana,Dr. Bryan Orellana,≤100
100639204881840,José Urbina,These ads ran without a disclaimer,≤100
108998422210576,Nuevas Ideas en Metapán,These ads ran without a disclaimer,≤100
110078982004455,Iván Villatoro,Iván Villatoro,≤100
100456328373090,Samuel Martínez,Erick Erazo,≤100
100568368335023,Fatima Esmeralda Ascencio,Esmeralda Asencio,≤100
338109312883186,China Xinhua News,These ads ran without a disclaimer,≤100
211001456327934,Walter Alemán,Erick Rico,≤100
103874242354782,Mayra Katarina Barck,These ads ran without a disclaimer,≤100
107116101003808,Soy AlexBro,These ads ran without a disclaimer,≤100