﻿Page ID,Page name,Disclaimer,Amount spent (VND)
101478189323986,Thầy Phạm Văn Thanh Lào Cai,These ads ran without a disclaimer,29273
105889048892532,Phạm Văn Thanh- Đặc Trị Tiểu Đường,These ads ran without a disclaimer,18342
105062615490802,Thượng Tọa Thích Đức Thiện,Thượng Tọa Thích Đức Thiện,11023
111267731617802,Lương Y Phạm Văn Thanh - Người Thầy Y Đức,These ads ran without a disclaimer,10499
109450285323109,Triệu Trưởng - Hà Nội Ford,These ads ran without a disclaimer,3777
105845511087981,TRUYỀN HÌNH AN VIÊN,Truyền hình Bchannel - BTV9 An Viên,601
858205190939265,Công Ty Cổ Phần Dược Phẩm TV.PHARM,These ads ran without a disclaimer,578
103278909266334,Tiệm Cà Phê Thời Thanh Xuân,These ads ran without a disclaimer,515
101282276325478,Lắp Đặt internet _Truyền Hình Viettel Phú Thọ,These ads ran without a disclaimer,438
101831049362526,Trần Gỗ Tự Nhiên,These ads ran without a disclaimer,≤100
121721420925539,Tổng Kho Trưởng Ky Quang Huy,These ads ran without a disclaimer,≤100
103259172532247,Bluestona Smart,These ads ran without a disclaimer,≤100
158714780827513,UNFPA,These ads ran without a disclaimer,≤100
118803867901463,Poljot lnt VN,These ads ran without a disclaimer,≤100
101306269592181,Đầu Tư Phát Triển Tư Duy,These ads ran without a disclaimer,≤100
100738452551464,Lương Y Phạm Văn Thanh - Đặc Trị Xương Khớp,These ads ran without a disclaimer,≤100
520925154944887,Sách Nói VN,These ads ran without a disclaimer,≤100