﻿Page ID,Page name,Disclaimer,Amount spent (VND)
105062615490802,Thượng Tọa Thích Đức Thiện,Thượng Tọa Thích Đức Thiện,42124
101306269592181,Đầu Tư Phát Triển Tư Duy,These ads ran without a disclaimer,23490
101478189323986,Thầy Phạm Văn Thanh Lào Cai,These ads ran without a disclaimer,17152
105889048892532,Phạm Văn Thanh- Đặc Trị Tiểu Đường,These ads ran without a disclaimer,11119
111267731617802,Lương Y Phạm Văn Thanh - Người Thầy Y Đức,These ads ran without a disclaimer,3293
105845511087981,TRUYỀN HÌNH AN VIÊN,Truyền hình Bchannel - BTV9 An Viên,2410
103278909266334,Tiệm Cà Phê Thời Thanh Xuân,These ads ran without a disclaimer,1309
101282276325478,Lắp Đặt internet _Truyền Hình Viettel Phú Thọ,These ads ran without a disclaimer,804
103259172532247,Bluestona Smart,These ads ran without a disclaimer,524
858205190939265,Công Ty Cổ Phần Dược Phẩm TV.PHARM,These ads ran without a disclaimer,320
121721420925539,Tổng Kho Trưởng Ky Quang Huy,These ads ran without a disclaimer,≤100
100738452551464,Lương Y Phạm Văn Thanh - Đặc Trị Xương Khớp,These ads ran without a disclaimer,≤100
520925154944887,Sách Nói VN,These ads ran without a disclaimer,≤100