﻿Page ID,Page name,Disclaimer,Amount spent (VND)
156776368385414,Nhan Sắc Mới Khởi Đầu Mới,Nhan Sắc Mới Khởi Đầu Mới,43531
105062615490802,Thượng Tọa Thích Đức Thiện,Thượng Tọa Thích Đức Thiện,28715
101478189323986,Thầy Phạm Văn Thanh Lào Cai,These ads ran without a disclaimer,13121
105889048892532,Phạm Văn Thanh- Đặc Trị Tiểu Đường,These ads ran without a disclaimer,8539
105845511087981,TRUYỀN HÌNH AN VIÊN,Truyền hình Bchannel - BTV9 An Viên,4078
111267731617802,Lương Y Phạm Văn Thanh - Người Thầy Y Đức,These ads ran without a disclaimer,3987
117467188007462,Vương Tới Tầm Cao VTB,These ads ran without a disclaimer,3224
103278909266334,Tiệm Cà Phê Thời Thanh Xuân,These ads ran without a disclaimer,1466
101282276325478,Lắp Đặt internet _Truyền Hình Viettel Phú Thọ,These ads ran without a disclaimer,782
103259172532247,Bluestona Smart,These ads ran without a disclaimer,483
858205190939265,Công Ty Cổ Phần Dược Phẩm TV.PHARM,These ads ran without a disclaimer,346
100738452551464,Lương Y Phạm Văn Thanh - Đặc Trị Xương Khớp,These ads ran without a disclaimer,≤100
299227550122220,Radio Cina Internazionale,These ads ran without a disclaimer,≤100
118803867901463,Poljot lnt VN,These ads ran without a disclaimer,≤100
520925154944887,Sách Nói VN,These ads ran without a disclaimer,≤100
103997715661536,Thầy Phạm Văn Thanh - Chữa Dứt Điểm  Bệnh Dạ Dày Đại Tràng,These ads ran without a disclaimer,≤100
101306269592181,Đầu Tư Phát Triển Tư Duy,These ads ran without a disclaimer,≤100