﻿Page ID,Page name,Disclaimer,Amount spent (ARS)
129799846687423,Levantémonos,Levantemonos,50302
105434454484182,Difusión de Prensa Argentina,Difusión de Prensa Argentina,4197
111600998225620,Noticias Zero,Noticias Zero,3972
113395874909201,Punto Noticias,Punto Noticias Web,3780
109237045323181,Patagonia Noticias,Patagonia Noticias,3702
113686738612,Gobierno de la Ciudad de Buenos Aires,Gobierno de la Ciudad de Buenos Aires,3416
755620767797794,Diario Mejor Informado,Prima Multimedios SRL,2116
670959489635511,Ramon Rioseco,Frente y Participación Neuquina,1783
102534516011045,La Gloria Noticias,La Gloria Noticias,1463
507667842763334,Paula Gargiulo,Paula Gargiulo,1085
513899261972162,Frente de Izquierda FIT,Frente de Izquierda,980
532973710863209,Evolución Plottier,Evolución,924
130929705668,Municipalidad de Córdoba,Municipalidad de Córdoba,890
102065335344667,Matías Ángel Ramos,Evolución,654
367089004808,Amnistía Internacional Argentina,Amnistía Internacional Argentina,641
109586108797973,Futuro Argentino,Futuro Argentino,613
113154660093157,Marca informativa,Marca informativa,554
164251590692251,Laura Avila,Laura Avila,534
429298067264790,Sergio Ziliotto,Partido Justicialista Distrito La Pampa,524
110079031997390,Con Larreta,Con Larreta,517
100580902606304,Republicanos Tierra del Fuego,Republicanos Tierra del Fuego,483
2021141788107491,Othar Macharashvili,Othar Macharashvili,478
1191062154289959,Aluvión 21 Zapala,Aluvión 21 Zapala,475
796480967084066,Cele Fierro,MST Movimiento Socialista de los Trabajadores,473
184260298257243,Somos Fueguinos,Somos Fueguinos,458
224143214809992,Luciano di Nápoli,Luciano di Nápoli,422
100151736415392,Cordobalanumerouno,Cordoba la número 1,405
105895224252156,Malena Resa,Malena Resa,384
101185972235145,PJ La Pampa,Partido Justicialista La Pampa,371
241350889395189,Walter Vuoto,UHF,337
113122186717848,Emiliano Estrada,Emiliano Estrada,331
117769075088356,Francisco Torroba,Francisco Torroba,321
101996084777901,Mariela Belski,Mariela Belski,296
1676408809269820,Municipio Bahía Blanca,Municipalidad de Bahía,292
232102743650781,Tomás Bertotto,Tomás Bertotto,288
2339859699626643,Hacemos Unidos por Córdoba,PJ Córdoba,272
113962914977034,Somos FORJA,Somos Forja,254
107553618613718,Juan Manuel Oyola,Juan Manuel Oyola,252
161168404454194,Sensación Tierra del Fuego,Sensación Tierra del Fuego,248
225775371383621,Fernanda Alonso,Fernanda Alonso,202
101761569495985,Miguel Nanni 2023,Miguel Nanni 2023,199
208352036028443,Municipalidad de Santa Rosa,Municipalidad de Santa Rosa,184
681154782085870,Palabras Fueguinas,Palabras Fueguinas,180
102559716163646,Fuerza Libertaria Plottier,Perri Santiago Javier,179
104147274759706,Periodismo de Izquierda,Periodismo de Izquierda,176
101364195948955,KATO DICE Y HACE,KATO DICE Y HACE,170
327490147360219,Martín Berhongaray,Martín Berhongaray,169
148539931942743,Rodrigo de Loredo,Rodrigo de Loredo,161
301506776559902,Gobierno de Córdoba,Gobierno de Córdoba,160
484757575061442,Gobierno de la Ciudad de Alta Gracia,Municipalidad de Alta Gracia,159
953905991479034,Medio Ambiente Bahía,Municipalidad de Bahía Blanca,158
20906273675,Greenpeace Argentina,Greenpeace Argentina,153
109281938681906,Fuerza Libertaria Centenario,Fuerza Libertaria Centenario,145
604575512919532,Cristian  Andino,Cristian  Andino,132
106277608413948,Felipe Biella,Salta Independiente,131
109769948749430,PJ Santa Rosa,PJ Santa Rosa,126
107862828349752,Tiempo de Córdoba,Tiempo de Córdoba,120
102179349508555,Ruben Madaf,Ruben Madaf,118
103780997884434,Comunidad Argentina,Comunidad Argentina,114
115265413177720,Franquito Hernandez Berni,Franquito Hernandez Berni,113
110039918575012,Noticias Express,Noticias Express,110
699853426735213,Gustavo Solis,Gustavo Solis Monico,106
116710934724411,Defendamos la Provincia,Defendamos la Provincia,106
924253577657013,Gobierno de Tierra del Fuego AIAS,Gobierno de Tierra del Fuego,102
105791202046721,Punto Ushuaia,Punto Ushuaia,101
105933872199149,Mística,Mística,≤100
175844725888213,Alejandro Bodart,MST Movimiento Socialista de los Trabajadores,≤100
1170748123064391,Federico Frigerio,Federico Frigerio,≤100
107022228690687,Jornada Nacional,Jornada Nacional,≤100
183755148656395,Emiliano Durand Salta,Jorge Mario Emiliano Durand,≤100
875642729164305,Partido Verde TDF,Partido Verde TDF,≤100
220598064661184,Juan Carlos Gioja,Juan Carlos Gioja,≤100
105166715290140,Momento Uno,Momento Uno,≤100
1604553363177691,Raul Von Der Thusen,Raul Von Der Thusen,≤100
335926266503071,7D,7D,≤100
102187456039094,Enterate Ya,Enterate Ya!,≤100
106277608413948,Felipe Biella,Juan Martin Biella Calvet,≤100
105455288953338,Esto es Boca,Esto es Boca,≤100
104469187618214,Dina Huapi Futuro,Dina Huapi Futuro,≤100
119077831153224,Mariana Cheminet,Mariana Belen Cheminet,≤100
112553159095394,Marcos Sanchez,Oscar Marcos Sanchez,≤100
103088924366000,Noticias d,Noticias d,≤100
314748251973356,Eduardo Toniolli,Eduardo Toniolli,≤100
100395029626459,Protagonistas del Cambio Buenos Aires,Protagonistas del cambio,≤100
678273948966693,Mariana Oviedo Concejal,Angela Mariana Oviedo,≤100
110806461830762,El Sol Web,El Sol Web,≤100
112085985172303,Partido de la Victoria La Rioja,Partido de la Victoria La Rioja,≤100
378225769015907,Fundación Embajada Abierta,Fundación Embajada Abierta,≤100
121862207487348,La Ciudad Que Queremos,La ciudad que queremos,≤100
1290766054371186,Dani Planes,Partido de los Trabajadores Socialistas (PTS),≤100
1471624973068591,Bettina Romero,Bettina Romero,≤100
383290885764994,Provincia Grande,Provincia Grande,≤100
1913468738912666,Beatriz Avila,Partido por la Justicia Social.org,≤100
287386615304441,Jocha Castro Videla,Jose Antonio Castro Videla,≤100
304176325478,La Política Online,La Política Online,≤100
139278336273596,Diario Impacto Salta Ok,Diario Impacto Salta Ok,≤100
108679841853325,Contame Más,Contame Más,≤100
101357186284233,Martín Palumbo,Ariana Belen Reile,≤100
781928915296113,Carlos Ale,Juan Carlos Ale,≤100
699803473498897,PTS - Frente de Izquierda San Juan,Frente de Izquierda,≤100
403416169712996,Fundación para la Investigación Científica y los Estudios Sociales,Fundación para la Investigación Científica y los Estudios Sociales,≤100
125183747539071,Noticias Argentinas,Noticias Argentinas,≤100
198229477008087,Liliana Chispita Fadul,Somos Fueguinos,≤100
642047375905348,Gastón di Castelnuovo,Gaston Di Castelnuovo,≤100
1064807416890278,Emilio Baistrocchi,Emilio Baistrocchi,≤100
149619018406294,Siglo XXI Editores Argentina,Siglo XXI Editores Argentina S.A.,≤100
119693794421876,Sabbadini Gobernador,Mauro Sabbadini,≤100
1551666778436314,Marcos Andino,Marcos Sebastian Andino,≤100
102289782502796,Prensa Digital,Prensa Digital,≤100
212404205842351,CPC Rancagua MuniCba,municipalidad de córdoba,≤100
102007812840437,Jóvenes con Wado,Jóvenes con Wado,≤100
104782484202318,Medio Buenos Aires,Medio Buenos Aires,≤100
101349631999937,Noticias para el Cambio,Noticias para el Cambio,≤100
705172499580470,Gustavo Martinez,Gustavo Martinez,≤100
362204533804292,Municipio de Río Grande,Municipio de Río Grande,≤100
101436539620477,Somos Forja,Somos Forja,≤100
233454334261427,Enzo Cornejo,Enzo Cornejo,≤100
106808029052444,Notiarg Salta,Notiarg,≤100
116838891378002,Moisés Solorza,Moisés De La Cruz Solorza Correa,≤100
110154395382672,Mario Mimessi,Mario Mimessi,≤100
544640985878621,Argentinos Online,Argentinos Online,≤100
439796909491346,JIS Juventud de Izquierda Socialista,Izquierda Socialista,≤100
109492292046663,Agustín Capitón,Agustín Capitón,≤100
483983258712977,Gustavo Gabriel Miras,Gustavo Gabriel Miras,≤100
102084172824380,David Mortensen,Nelson David Mortensen,≤100
114466054858948,Eduardo Cerimedo,Eduardo Cerimedo,≤100
106560742263098,Noticias El Portal,Noticias El Portal,≤100
101747782728989,Paulina Zapata,Paulina Zapata,≤100
686447918403785,Emiliano Durand,Juan Manuel Chalabe,≤100
192108560832888,Luis Petri,Mendocinos por el futuro,≤100
120078527735217,Ramiro Beti - Legislador 2023,Ramiro Adolfo Beti,≤100
103670972714369,La Voz del Centro,La Voz del Centro,≤100
120801960961157,Alicia Mayoral,Alicia Susana Mayoral,≤100
102160902467752,Juan Pablo Ortiz,Juan Pablo Ortiz,≤100
112595328432641,Wado 2023,Jóvenes con Wado,≤100
112508605140740,La Capital que queremos,La Capital Que Queremos,≤100
833308706774365,Roxana Cavallini,Roxana Elezabet Mirna Cavallini,≤100
102436216180883,Cinco Saltos #Ahora,Lau Iturbide,≤100
240127026571329,Al Pie News,Al Pie News,≤100
218137315377121,Koky Juarez,Koky Juarez,≤100
116904127980718,Ernesto Nanni,Ernesto Nanni,≤100
628498977777284,El Continental,Periodico El Continental,≤100
120343584305760,Nati Aguiar,Natalia Aguiar,≤100
188988467785959,José Cano,José Cano,≤100
100360879009336,Maxi Ybars,Andres Maxi Ybars,≤100
2098620480455130,Belén Barboza,Maria De Belen Barboza Grimalt,≤100
142473639655550,Lucio Paz Posse,Lucio Paz Posse,≤100
108335134881351,Política Hoy,Política Hoy,≤100
101319202883906,A Los Bifes,A Los Bifes,≤100
147542145441233,Rodolfo Colombo,Rodolfo Guillermo Colombo,≤100
108145258869282,Por amor a Salta,Por Amor a Salta,≤100
220315757987334,Martín Perez,Martín Perez,≤100
238778949515431,El Cronista,El Cronista,≤100
290611691849204,Nuevo País TDF,Nuevo País TDF,≤100
102680194915433,PRO Tierra del Fuego,PRO Tierra del Fuego,≤100
417568458996247,Dario Huesen,Dario Victor Huesen,≤100
508042719277404,Fabricio Bolatti,FABRICIO BOLATTI,≤100
358162257947051,Ricardo Bussi,Ricardo Matias Mercado,≤100
114364621598017,Vamos San Juan,Frente San Juan por Todos,≤100
101052519522899,Vladimir Espeche,Vladimir Espeche,≤100
800794290266385,Francisco Laiseca,Francisco Laiseca,≤100
1632364173709710,Juan Cruz Curá,Juan Cruz Curá,≤100
259700217384725,Le Monde diplomatique - Edición Cono Sur,Capital Intelectual S.A.,≤100
622264851251322,José María Canelada,José María Canelada,≤100
111509551806903,El Deportivo Web,El deportivo oficial,≤100
723782314401584,Enrique Estévez,Enrique Estevez,≤100
765662933605449,Fabian Aballay,Nestor Fabian Aballay,≤100
2110653462283720,FORJA - Militancia Tolhuin,FORJA - Militancia Tolhuin,≤100
110933535302848,Salta Leaks,Salta Leaks,≤100
171330806277312,Diego Santilli,Instituto República,≤100
308602079216533,Matias Posadas,Matías Posadas,≤100
284235712299222,Alejandro Trapani,Alejandro Trapani,≤100
103619261344279,Guada Zamora,Guada Zamora,≤100
120071284390762,Paula Omodeo,ciatware,≤100
746822455523837,Marjorette Saldias,Marjorette Saldias,≤100
101558199460395,Julio Heredia,Julio Ignacio Heredia,≤100
102147594684104,Marcos Panquilto,Marcos Abel Panquilto,≤100
113781658634572,Gustavo Sáenz,Gustavo Sáenz,≤100
113319381743808,Jonatan Gomez,MST La Pampa,≤100
113759564969446,El Ojo Salteño,Noticias la Plata,≤100
145806262649419,Fer Miño,Patria de Todos,≤100
1408542766063285,Carla Carrizo,Ana Carla Carrizo,≤100
131381938371647,Corta La Bocha Noticias,Corta La Bocha,≤100
100513966017836,Noticias del Sur,Noticias del Sur,≤100
105716442346264,Conurnarnia,Conurnarnia,≤100
111993595191852,Guillermo Durand Cornejo,Andrea Balderrama,≤100
52645780431,Aldeas Infantiles SOS - Argentina,Aldeas Infantiles SOS Argentina,≤100
1569928589962125,José Macome,Jose Ignacio Macome,≤100
111669735076988,Hora Cero,Hora Cero Noticias,≤100
466348693434886,El Analista de Salta,El Analista de Salta,≤100
113743400267523,Salud Hoy,Salud Hoy,≤100
110276628358382,El Autónomo,El Autónomo,≤100
451835641522345,Marcelo Rodio,Marcelo Rodio,≤100
1836305199944010,SI SAN JUAN,Servicio informativo Gobierno de San Juan,≤100
730624617002769,Miguel Weiss Ackerley,Miguel Angel Weiss Ackerley,≤100
311410772859463,Pablo Llancapani,Pablo Antonio Llancapani,≤100
132649176862320,Jorge Hoffmann,Jorge Hoffmann,≤100
102483756080570,Claudio Ulman,Claudio Ulman,≤100
105493327767840,Newsweek Argentina,Newsweek Argentina,≤100
104195999244021,Primero La Pampa,Primero La Pampa,≤100
461511601302238,Monica Juarez Salta,Mónica Gabriela Juárez,≤100
813606588771959,CPC Ruta 20 Municba,municipalidad de córdoba,≤100
113716435000884,Frejupa Eduardo Castex,Hebelen Soledad Montelongo,≤100
110890318187982,Escucharte Santa Fe,Escucharte Santa Fe,≤100
1192374014146549,María Emilia Abdelnabe,Maria Emilia Abdelnabe,≤100
715474465134422,Patricia Hucena,Patricia Del Carmen Hucena,≤100
428179387610545,Agenda Malvinas,Agenda Malvinas,≤100
193671924033178,El Argentino,Estudio AMBA SRL,≤100
57718951374,Jorge Macri,Jorge Macri,≤100
110882341844562,Maferio Inversiones,Mariano German Fernandez Del Rio,≤100
405968363074387,Marco Julio Puricelli,Ideas y Vision,≤100
147255748694051,Fernando Espinoza,Municipio de La Matanza,≤100
584214754934353,Baltasar Lara Gros,Baltasar Lara Gros,≤100
641948702550925,Catamarca Gobierno,Gobierno de Catamarca,≤100
774034792743717,Leo Calaianov,Leonardo Gabriel Calaianov,≤100
104728892306082,Cristian Illesca 2023,Nadia Gimena Guzman,≤100
149721655226597,Oscar Cachi Martinez,Oscar Martínez,≤100
1445804622410982,Marcos Urtubey,Marcos Urtubey,≤100
273175230630,CAME - Confederación Argentina de la Mediana Empresa,CAME - Confederación Argentina de la Mediana Empresa,≤100
1728102587411460,Dr. Claudio Diaz Prats Concejal,Alicia Viviana Leon,≤100
104193005897251,carlosbakeoff,Juntos por el Cambio,≤100
1552768431431930,Aguas del Norte Salta,LUBER CBA,≤100
107796462136638,La República Noticias,La República Noticias,≤100
103028932060342,Serradell lucho,movimiento federalista pampeano,≤100
862393870465260,Fabian Martin,Fabian Martin Intendente,≤100
564830380326427,Juan Carlos Polini,Polini,≤100
947520791967929,Claudio Poggi,Claudio Poggi,≤100
108079067629612,Jose Javier Galan,Jose Javier Galan,≤100
241766066497583,Leandro Cavaco,Leandro Cavaco,≤100
106716278920168,Noticias Argentinas,Noticias Argentinas Web,≤100
532133953502128,Javier Jantus,Javier Jantus,≤100
141991679847091,Taquion,Taquion,≤100
1686478998295723,Pablo Villegas,Pablo Villegas,≤100
422411574885385,Adrian Valenzuela,Adrian Valenzuela,≤100
112090455034177,El Portavoz Oficial,El Portavoz,≤100
558106334670581,Mauro Leiva,Leonardo Jesús Araya,≤100
1395474550528787,Opinorte,Opinorte,≤100
115999508126816,La Rioja con Patricia,These ads ran without a disclaimer,≤100
387470471654182,Carlos Zapata,Rodrigo Alfreperez Quinteros,≤100
100975902971250,La Libertad Avanza en San Juan,La Libertad Avanza en San Juan,≤100
1996821287271445,Marcelo Arancibia,Marcelo Arancibia,≤100
111051871572130,Partido Libertario La Pampa,Roberto Miguel Prchlik,≤100
102436216180883,Cinco Saltos #Ahora,Gabriel Luciano Zanellato,≤100
1479745175587393,Tito Stefani,PRO Tierra del Fuego,≤100
327490147360219,Martín Berhongaray,Primero La Pampa,≤100
1562365240650880,Gabriel Abrile,Gabriel Abrile,≤100
109064367346748,Javier Branca Concejal,Javier Eduardo Branca,≤100
289560214769634,Juan Carlos Tierno,Juan Carlos Tierno,≤100
102126974997519,La República Porteña,Republica Porteña,≤100
113966001646171,Juan Pablo Poletti,Asociación Civil Crecer Santa Fe,≤100
101084180600854,Juan Jose Orrego,Juan Jose Orrego,≤100
114978559901087,Frente a Frente,Frente a Frente,≤100
111344261937015,Maxi Mattis - San Luis Avanza,Maximiliano Mattis,≤100
113677188301150,Matias Porta,Matias Alejandro Porta Aldave,≤100
105792915475105,Osvaldo Fernández,Osvaldo Fernández,≤100
100800369677597,Marcelo Veron Lista 204,Angel Marcelo Veron,≤100
170662123137948,Dr. Pablo Gonzalez,Dr. Pablo Gonzalez,≤100
1725527357461878,Gustavo Orozco,Cinthia Nahir Mohamed,≤100
117297678286363,Marcelo Puella,Marcelo Puella,≤100
1551666778436314,Marcos Andino,These ads ran without a disclaimer,≤100
102931692772697,Defendamos Santa Fe,Defendamos Santa Fe,≤100
104455719146837,El Meridiano,El Meridiano Noticias,≤100
102501249471351,Por Amor a Salta,Por Amor a Salta,≤100
696544017438215,Fabricio Díaz,Fabricio Díaz,≤100
112677681794155,Gabriela Bastarrechea,Gabriela Bastarrechea,≤100
980562078650430,Rosalía Fucello,Rosalía Fucello,≤100
104733589113258,La Gaceta Nacional,La Gaceta Nacional,≤100
348079589034455,Juampy Robles - Concejal,Juan Pablo Robles,≤100
397862603671761,Maria de los Angeles Sacnun,Maria de los Angeles Sacnun,≤100
1647815162147101,Juan Pablo Allan,Juan Pablo Allan,≤100
117706401262165,Sebastián Bernardini,Orlando Sebastian Domingo Bernardini Squartini,≤100
115686708175216,Alvaro 2023,Equipo Digital,≤100
211047755609903,Anibal Calafell,Anibal Horacio Calafell,≤100
115110241989476,Plus Informacion Noticias,Plus Informacion Noticias,≤100
107631983989726,Argentina Federal,Argentina Federal,≤100
958750317533178,Manuela Castañeira,Nuevo MAS,≤100
215127935173119,Emanuel Gainza,Emanuel Gainza,≤100
102305658071845,Uthgra Córdoba,Julian Rousselot,≤100
1525482941081445,Roxana Reyes,Roxana Nahir Claudia Reyes,≤100
619796898105048,Partido Socialista Mar del Plata,PS Mar del Plata,≤100
111810204979485,Frente Grande - Carmen de Patagones,Agencia Glux,≤100
108759087283040,Liliana Leiva,Ricardo Matias Mercado,≤100
240668663294161,Concejal Eduardo Verón,Ignacio Veron,≤100
192108560832888,Luis Petri,Luis Petri,≤100
1243208795706598,Diputado Eduardo Valdés,Diputado Eduardo Valdés,≤100
114529141604678,"Rosana ""Rosi"" Perez",Rosana Betriz Perez,≤100
139198059578554,Centro de Capacitación Beautifull,These ads ran without a disclaimer,≤100
624669377571669,Silvia Elias de Perez,Silvia Elias de Perez,≤100
136222573149399,Letra P,Letra P,≤100
102771249419644,Evelyn Rousiot,Evelyn Juliet Rousiot,≤100
1567551246808899,Laura Vilches,Frente de Izquierda,≤100
103112032678024,Pico Es Comunidad,Pico Es Comunidad,≤100
1499357633665032,IVAN KADI,Ivan Eduardo Kadi Sarich,≤100
233734300112003,Juan Monteverde,Ciudad Futura,≤100
121246217558086,"José ""Pepe"" Seleme","José ""Pepe"" Seleme",≤100
303160703128200,Analia Escalante 2023,Analia Escalante 2023,≤100
283422365146182,Roberto Avila,Arnaldo Roberto Avila,≤100
324003070984184,Diario Puntal,Diario Puntal,≤100
108535855573282,Grupo el Challao,These ads ran without a disclaimer,≤100
860857363947483,Sandra Ardiles,Sandra Ardiles,≤100
330996351183817,Lista 966,Julio Ignacio Heredia,≤100
1580891525460837,Walter Raul Wayar,Walter Raul Wayar,≤100
431959746976381,Alcides Salomón,Alcides Salomón,≤100
106733444014727,Noticias TDF,Infotdf 2.0,≤100
699758330894365,Actualidad Argentina,Actualidad Argentina,≤100
103431172529739,El Diario Industrial,El Diario Industrial,≤100
133937418577537,Utopia Urbana,Utopía Urbana,≤100
1405120706440456,Conclusión,Diario Conclusión,≤100
1658364030915508,Regino Racedo,Regino Racedo,≤100
117603704632201,Santos Barrios Intendente,Santos Barrios,≤100
105868508128629,60 segundos,60 Segundos,≤100
1842118209450315,Alejandra Vigo,Ale Vigo,≤100
100272671672857,Carlos Cisneros,Carlos Cisneros,≤100
433493816735911,Leo Boto,Leo Boto,≤100
277321356073164,Stella Maris Cordoba,Stella Maris Cordoba,≤100
404593466264648,Carlos Bevilacqua,Carlos Bevilacqua,≤100
109301321543745,Matías Taccetta,Pro Chubut,≤100
747965795322803,Federico Masso,Federico Masso,≤100
100824268950138,Jorge Restom,Nos Merecemos una Vida Mejor,≤100
782697941744883,Catamarca Capital,Catamarca Capital,≤100
108182177200374,Rubén Dusso,Rubén Dusso,≤100
111310995165661,Carlos Ponce,Carlos Ponce,≤100
118567894507531,César Molina,César Gabriel Molina Holguin,≤100
857382087671921,Maxi Abad,radicalesorg,≤100
134557130216408,Jorge Jofré,Jorge Jofre,≤100
135948233146402,Municipio de Lomas de Zamora,Municipalidad de Lomas de Zamora,≤100
105152432570567,Edgar Zorzenon 2023,Ana Rosa Funes Aragón,≤100
111492845540608,Fondo de Cultura Económica Argentina,Fondo de Cultura Económica Argentina,≤100
102339024698921,Que Te Pasa Rio Grande,Que Te Pasa TDF,≤100
675523912809682,Tiempo de Provincia,Comunicarg,≤100
1639126129662368,La Nota Web,La Nota Web,≤100
108559308819301,Ahora Inés,Numen,≤100
591630090979869,Miguel Arancibia,Miguel Humberto Arancibia,≤100
100135086249194,Noticias del Norte,Noticias del Norte,≤100
107756622140473,El Litoral Web,El Litoral Web,≤100
104936284799353,Ente Municipal BioCórdoba,Ente Municipal BioCórdoba,≤100
103774184778864,Alejandra Venerando,Alejandra Venerando,≤100
1922056011213342,Leonel Monsalve Herrera,Leonel Monsalve Herrera,≤100
104646448661838,La Pampa Ahora,La Pampa Ahora,≤100
398675146900419,José Luis Gioja,SAN JUAN POR TODOS,≤100
101734714847563,Emanuel Castro Perez,Erik Emanuel Castro,≤100
2243331109041866,Gustavo H Arrieta,Gustavo H Arrieta,≤100
454694298006068,Ayelen Acosta,Ayelen Acosta,≤100
354174832122232,El equipo de Emiliano,El equipo de Emiliano,≤100
141882839166950,Tres Lineas,Tres Lineas,≤100
177720598950247,La Ciudad Desnuda,Juan Esteban Scoufalos,≤100
108752300581283,Mario Montero,Federico Salas,≤100
291254690958520,Gobierno de Corrientes,Gobierno de Corrientes,≤100
172125036134436,ConVocación por San Isidro,ConVocación por San Isidro,≤100
1153275128093478,Eli Gomez Alcorta,Soberana,≤100
117366571329676,MOPOF TDF,MOPOF TDF,≤100
779826208737546,Eduardo Asueta,Eduardo Asueta,≤100
102436695787908,Chubut por el Cambio,Juntos por Chubut,≤100
1420904314883935,El Puntano,El Puntano,≤100
1426373070912699,Cholila Online Portal de Noticias Digital,Cholila Online,≤100
2251397431784810,InfoArgentina,Comunicarg,≤100
477463972361734,Rafa Moyano,Eduardo Dario Pereyra,≤100
109411478561001,Martín Migueles 2023,Martín Migueles 2023,≤100
1183174355033526,Municipalidad de La Plata,Land Comunicación,≤100
1236894253153123,Yo Participo Salta,Yo Participo Salta,≤100
100906542624841,Primero Rio Grande,Primero Río Grande,≤100
2080345335315710,Desocupados y Precarizados de la Corriente Clasista y Combativa - Cordoba-,Desocupados y Precarizados de la Corriente Clasista y Combativa - Cordoba-,≤100
492916237453720,Cristian Cammisi,Cristian Ricardo Cammisi,≤100
673677419727300,Horacio Vermal,Ricardo Matias Mercado,≤100
112200072188893,Eduardo Cáceres,Eduardo Cáceres,≤100
688001708286948,Juan Pablo Luque,Juan Pablo Luque,≤100
119263738124438,Roberto Meri,Roberto Meri,≤100
498227194249602,Es la Politica,EslaPolitica!,≤100
218683311587619,Jorge Alberto Giorno,Jorge Alberto Giorno,≤100
150952845376490,Sarita Alperovich,SARITA ALPEROVICH,≤100
178919202140944,Francisco Quintana,Francisco Quintana,≤100
115341728093761,JxcTrenel,JxcTrenel,≤100
100697759284718,Matias Espejo,Matias Espejo,≤100
102570774863673,LOBBY,LOBBYEscuela,≤100
129744574185800,Julián Amendolaggine,Julian Amendolaggine,≤100
2383802844985113,Gonzalo Luján,Gonzalo Luján,≤100
106323984133122,Paula Benavides,Ana Paula Benavides,≤100
113342722009221,La Topadora,Gustavo Gabriel Vaccarella,≤100
113474153674452,Secretaría de Gestión Ambiental y Sostenibilidad,Secretaría de Gestión Ambiental y Sostenibilidad,≤100
104750672609883,Jorge Lechman,Equipo Digital,≤100
106611964758390,Santiago Pérez Pons,Chaco Gobierno de Todos,≤100
454694298006068,Ayelen Acosta,Rosario Ayelen Acosta,≤100
107919408936315,Fabio Sánchez,Fabio Sanchez,≤100
2257336131186551,Noticias HOY,Gaceta Bonaerense,≤100
168941069944763,Martin Maquieyra,Pro La Pampa,≤100
126769097861433,Lisandro Ruiz Cardona,Juntos por el Cambio,≤100
101978166192541,Los soldados de Gustavo,Por Amor a Salta,≤100
320692405216198,Juntos por el Cambio - Catriló,Juntos por el Cambio - Catriló,≤100
1726365124243504,Clara García,Clara Garcia,≤100
112049281793676,Luis Giraudo,Luis Giraudo,≤100
620311554787521,Marcos Cuelle,Marcos Ruben Cuelle,≤100
114234778298466,Guemes Juntos por el Cambio,Rodrigo Ezequiel Maidana,≤100
593149474205894,Topo Ramos,Topo Ramos,≤100
110064912018163,Ezequias Albarracin,Ezequias Carlos Augusto Albarracin,≤100
425208234739953,Que Te Pasa TDF,Que Te Pasa TDF,≤100
1018409418303450,Dra. Veronica Sikora,Veronica Sofia Sikora,≤100
103740369249125,El Provinciano,El Provinciano,≤100
104111515586064,Viva la libertad,Viva la libertad,≤100
113384436026702,Caren Tepp,Ciudad Futura,≤100
102584952016197,Hacemos por Córdoba Pilar,Soledad Andrea Maldonado,≤100
136275719722184,Diario El Litoral Santa Fe,El Litoral,≤100
110290595363726,Carlos Fernandez,Carlos Fernandez,≤100
112233751493488,Lavoz de Chubut,LaVozdeChubut,≤100
121725210866665,Encuentro por San Carlos,Nicolas Andres Maresca Mateo,≤100
601094853743555,Silvina Elizondo,Silvina Elizondo,≤100
1521919534702954,Unión Cívica Radical,Sebastian A Gomez,≤100
879513872091792,Romina Rosas,Romina Rosas,≤100
107318882337863,Élida Rechi,Elida Del Valle Rechi,≤100
147707545368289,Walter Martello,United Business Arg,≤100
107979148785644,Manuel Luque,Gabriela Soria,≤100
138406616275954,Marcelo Orrego,Producción y Trabajo,≤100
102506505054348,Valeria Mendoza,Juntos por el Cambio,≤100
605540860101596,Diario Criollo,Diario Criollo,≤100
1544223389195438,Juan Pablo Funes Bianchi,Juan Pablo Funes Bianchi,≤100
889117357925551,Carlos Tarulli Legislador,Carlos Tarulli Legislador,≤100
262263477255874,Guillermo Gassenbauer,Leonor Inés López González,≤100
146903305519923,Vocacion,Vocacion SRL,≤100
100370865976735,Reporte del Valle,Reporte del Valle,≤100
565548733496177,Álvaro González,Alvaro Gonzalez,≤100
199579406720740,Miguel Diosquez Dupuy,Miguel Angel Diosquez Dupuy,≤100
301169464126122,Trabajadores de la Educación La Capital,Trabajadorxs de la Educación La Capital,≤100
112320104715079,Córdoba 247,Córdoba 247,≤100
109260823781982,Javier Monico Graciano,Javier Alberto Monico Graciano,≤100
106296782461125,Javier López Intendente,Javier Lopez,≤100
597563186932136,Municipalidad de Esperanza,Municipalidad de Esperanza,≤100
199663950838670,Exequiel Soria.,Exequiel Soria,≤100
101062592345143,Francisco Paoltroni,Francisco Manuel Paoltroni,≤100
214152438919953,Municipio de Resistencia,Municipio de Resistencia,≤100
914256738635117,Agustín Romano Norri,Agustin Jose Norri,≤100
436348739897295,Abel Sabarots,Juntos por Acha,≤100
105735495551632,Nico Marchiolo,Nicolas Ariel Marchiolo,≤100
499413494191734,martinianoterragni,These ads ran without a disclaimer,≤100
1643352192630981,Marcos Ferrer,Marcos Ferrer,≤100
105343058660114,Bruno Bustamante,Bruno Nicolas Bustamante,≤100
1777122269266390,Martín Salaberry,Marcelo Martin Salaberry,≤100
746371012137672,Adriana Cano,Adriana Cano,≤100
2327114977572273,Gustavo Fernández,Gustavo Emilio Fernandez,≤100
793493827424692,Mauricio Camacho,Mauricio Camacho,≤100
114163574254864,Fabio Ponce,Fabio Ponce,≤100
580785122055191,Pablo Cobos,Pablo Ezequiel Cobos,≤100
1855198384578490,Pulso Tucumán,Pulso Tucumán,≤100
100301136332304,Organización Cívica,Maria Claudia Roxana Canova,≤100
1586721111613580,Juan Ruiz Moreno,Juan Ruiz Moreno,≤100
1662250880709156,Lanús Municipio,Lanús Municipio,≤100
103371005775934,Carlos Lorenzo,Carlos Lorenzo,≤100
805670376206651,Ramón Lanús,Ramón Lanús,≤100
137982309546526,Aida Ayala,Aida Ayala,≤100
120048091387267,Carlos Morello,Carlos Morello,≤100
116703228015546,Martha Ruth Perez,Martha Ruth Perez Intendente,≤100
105166494637599,Tres60.travel,Tres60.travel,≤100
103322152538185,La Verdad Noticias,La verdad noticias,≤100
327454924058033,Mariano Campero,Mariano Campero,≤100
680986725302906,Roberto Mirabella,Hacemos Santa Fe,≤100
106668622398961,Eugenio Benítez,Jose Roberto Alcazar Padilla,≤100
103088908746605,Expertos Internacionales en Desarrollo Sostenible,Analía Marsella,≤100
104549218292037,Urgente Hoy,Urgente Hoy,≤100
103948405867129,El Confidencial Noticias,El Confidencial Noticias,≤100
1615729051982102,Juventud del PTS - Corriente Universitaria Córdoba,Partido de los Trabajadores Socialistas (PTS),≤100
424702354318618,Pedro Puerta,Pedro Puerta,≤100
105960568377813,Ministerio de Producción La Pampa,Ministerio de Producción de La Pampa,≤100
191398291019999,Radio Rivadavia San Luis,Radio Rivadavia San Luis,≤100
1143439962443489,Aldana Ahumada,Aldana Ahumada,≤100
100804091452223,Ministerio de Conectividad y Modernización de La Pampa,Ministerio de Conectividad y Modernización de La Pampa,≤100
1801160446825374,Andrés Forgione,Roberto Andres Forgione Svoboda,≤100
544986472243896,Data Diario,Data Diario,≤100
103410296090476,Chau Bettina,Internas Salta,≤100
259142520859953,Municipalidad de Villa General Belgrano,Municipalidad de Villa General Belgrano,≤100
102031739435260,Salta Avanza,Salta Avanza,≤100
742755562475908,Javier Noguera,Javier Noguera,≤100
685877428466477,Sensación Pilar,Sensacion Pilar,≤100
545934848883805,Susana Laciar,Susana Laciar,≤100
108049247358284,Municipalidad de Caucete,Municipalidad de Caucete,≤100
118736245504093,TOTI  Intendente,Toti Intendente,≤100
103846469204203,La Ola Noticias,La Ola Noticias,≤100
103389568202609,Valter Tavarone,Valter Tavarone,≤100
231650836889680,Pablo Yedlin,Pablo Yedlin,≤100
1412192242433307,Franco Ponce de León,Espacio CREO,≤100
465558466800210,Maxi Pullaro,Juntos por el Cambio Evolución,≤100
104001031400824,Juntos Somos Más Valle Hermoso,Juntos Somos Más,≤100
104873312162523,Marianela Marinaro,Marianela Marinaro,≤100
103944978682114,Lado B Noticias,Lado B Noticias,≤100
1046650002101507,Malvina Gareca,Malvina Mercedes Gareca,≤100
106809542339751,Juan Pablo Chiesa,Juan Pablo Chiesa,≤100
597240317424871,Enrique Lazarte,Enrique Lazarte,≤100
101096627908478,Infotdf 2.0,Infotdf 2.0,≤100
967512253279966,Martin Medrano,Martin Medrano,≤100
108261190561002,Laura Sprovieri,Laura Sprovieri,≤100
616698111801316,Dr. Juan Pablo Lichtmajer,Dr. Juan Pablo Lichtmajer,≤100
101015068034700,Agustin Romero,Miguel Agustin Romero,≤100
90680883335,Ciudadano News,Inversora Corporativa S.A,≤100
105291105857436,Sergio Broggi,Sergio Ariel Broggi,≤100
111842694665173,Entrevistas con el Dr. Jorge Derna,Jorge Alberto Derna,≤100
1425092494372471,Alejandro Finocchiaro,Alejandro Finocchiaro,≤100
101553542237208,Cesar Pacho,Cesar Pacho,≤100
793825464001471,Fa Leguizamón Fotografías,Fabián Horacio Leguizamón,≤100
1901958130043619,Gonzalo Fernández 2023,Gonzalo Fernández 2023,≤100
348209942315439,La Pampa 24,La Pampa 24,≤100
660416864150494,Obras La Pampa,Obras La Pampa,≤100
204401556350395,Gustavo Valdés,Gustavo Valdés,≤100
107373432322874,Juan Pablo Marco,Juan Pablo Marco,≤100
2200773263525947,Alejandro Melo,Alejandro Melo,≤100
100198331521581,Agencia Provincial de Noticias La Pampa,APN La Pampa,≤100
1558028877808328,Lucía Varisco,Lucia Varisco,≤100
434792809895250,Ciudad Futura,Ciudad Futura,≤100
2145251785736481,Fernando Rambaldi,Fernando Rambaldi,≤100
65695624363,Rubén Giustiniani,Igualdad y Participación,≤100
115260338164032,Jorge Barifusa,Jorge Barifusa,≤100
105447715646193,Verónica Geese,Veronica Geese,≤100
104101322647646,Carlos Gómez,Carlos Gomez,≤100
430773770330702,Gripe Prolongada - Dr. Jorge Derna,Gripe Prolongada - Dr. Jorge Derna,≤100
945167758836265,Max Perkins,Max Perkins Oneto Gaona,≤100
108146311912164,Laburen Ladris,www.laburenladris.com,≤100
107025685648031,Jose Icazatti,Jose Icazatti,≤100
1583113105273386,Mario Leito,Mario Leito,≤100
612558932188461,Segundo Cernadas,Tigre en Acción,≤100
1037747019763088,Manuel Courel,Manuel Courel,≤100
113898744658728,El Progreso Web,El Progreso,≤100
1173314802698852,Gabriel Castro,Gabriel Castro,≤100
442074085928723,Raúl Jalil,Raúl Jalil,≤100
107516471627323,JxC - C. Quijano y R. de Lerma,JxC - C. Quijano y R. de Lerma,≤100
724996754296086,Luciano Acedo Salim,Luciano Acedo Salim,≤100
107252148848573,Eduardo Cáceres,Eduardo Cáceres,≤100
114068194983315,HugoDagorret,Hangar,≤100
576784239677484,Mariano Estrada,Mariano Estrada,≤100
107919011974055,Hoy Sur,Hoy Sur,≤100
104358815744949,Hurlingham Post,Hurlingham Post,≤100
101505288317194,Antonella Garcia,Antonella Natacha Garcia,≤100
283646341668240,Noticias Urbanas,Noticias Urbanas,≤100
106860735459949,Pasa en Concordia Noticias,Pasa en Concordia Noticias,≤100
205176889566970,Mauricio Longin D'Alessandro,Mauricio D'Alessandro,≤100
103048591208756,Daniela Rodríguez de Gramajo,Daniela Rodríguez,≤100
583422291843351,Municipalidad General Acha,Agustin Cruz Berhau,≤100
1114644811920610,HolaSalta.com,HolaSalta Noticias,≤100
105832075781515,Fernando Mini,Fernando Mini,≤100
390101524493609,Maxi Gallucci,Maximiliano Hernán Gallucci,≤100
546669442064267,Martiniano Molina,Martiniano Molina,≤100
1759319061014409,Claudio Jose Cansino,Claudio Jose Cansino,≤100
757471671062012,Luis Diaz Augier 2023,Mariano Jose Diaz Augier,≤100
162975431069266,Lucas Aparicio,Lucas Aparicio,≤100
105278792107500,Martin Rivas,Martin Rivas,≤100
459777610743664,Ariel Sujarchuk,HAY ALTERNATIVA PARA EL CAMBIO EN ESCOBAR - HACE,≤100
113923401326706,El país ya,El país ya,≤100
119851421739420,Informate Valle,Informate Valle,≤100
113248260050573,Kety Rosso,Kety Rosso,≤100
854998304626963,Barrio 88,barrio 88,≤100
227513130941976,Ignacio Torres,Pro Chubut,≤100
682454538455495,Iván Mizzau,Ivan Güerino del Milagro Mizzau,≤100
543106696185653,Lucas Simoniello,Lucas Simoniello,≤100
110890305299900,Danny Velázquez Concejal,Danny Velazquez,≤100
1607681686180608,Augusto Suaid,Augusto Suaid,≤100
526783890764863,David Zencich,Juntos Merlo,≤100
418089322332801,Natalia Alcaraz,Natalia Alcaraz,≤100
508050335906893,Felipe Michlig,Felipe Enrique Michlig,≤100
114737514934596,Jose Ordoñez Un Amigo,José Edgardo Ordoñez,≤100
1033484550055433,Ministerio de Seguridad,Ministerio de Seguridad de La Pampa,≤100
1643745862377667,Del Viso me importa,Pilar quiere saber,≤100
1537260919819915,La Merced Salta Argentina,Daniel Desiderio Rodriguez,≤100
108565434130268,Reporte Plus Salta,Roxana Marisel Aguado,≤100
743239569098884,Marcelo Cossar,Marcelo Arnolfo Cossar,≤100
340255946068359,Medios Rioja,David Roberto Contreras,≤100
104170619292994,Fernando Bassán,Fernando Bassán,≤100
103792004975563,Sebastian Giobellina,Sebastian Giobellina,≤100
104706779245066,Carolina Sánchez,Carolina Sánchez,≤100
375850199231138,Pablo Garate,Somos Tres Arroyos,≤100
1896291893794933,Vanessa Cacho Devincenzi,Mario Ernesto Sabbatella,≤100
101321286190410,Avancemos Salta,Avancemos Salta,≤100
114671484578218,Concordia YA,Concordia YA,≤100
314550791947743,InfoBonaerenses,Noticias de mi barrio,≤100
134952823851842,CPC Colón MuniCba,municipalidad de córdoba,≤100
101580312926057,María Eugenia Chiarvetto Peralta,Maria Eugenia Chiarvetto Peralta,≤100
1758315581058420,Sergio Adriel Cabello,Sergio Adriel Cabello,≤100
109721427317944,Nelson Soraire Concejal JVG,Nelson Soraire Concejal JVG,≤100
103983445547325,Facundo Rufeil,Nancy Jesica Quiroga Franco,≤100
101014962983858,Defendamos seguir haciendo negocios,Daiana Rodriguez,≤100
922729461104844,Roxana Diaz,Analia Roxana Diaz,≤100
567995886740690,Frente Nuevo Justo Daract,Jan Albert Ortlieb,≤100
589866887756301,Leandro González,Leandro González,≤100
274062822714291,Sergio Uñac,Servicio informativo Gobierno de San Juan,≤100
2351045021780928,Domy Orquera,Ricardo Matias Mercado,≤100
180745956030641,Joaquin Garcia,Ivan Joaquin Garcia,≤100
111339051955633,DEAN FUNES HABLA,Omar Roberto Peralta,≤100
1960408947531757,Germán Alfaro,Partido por la Justicia Social,≤100
440677362630997,Sebastian Galmarini,Sebastian Galmarini,≤100
101879876234643,martinfcelli,These ads ran without a disclaimer,≤100
1399896206897402,Frente Renovador San Isidro,Frente Renovador San Isidro,≤100
110150088683172,Informe NOA,Informe NOA,≤100
155326881225340,Cristian Ritondo,Hablen De A Uno,≤100
865033767162444,Carla Deiana,Partido Obrero,≤100
301562207394746,Christian Lanaro,Christian Lanaro,≤100
103983445547325,Facundo Rufeil,Facundo Rufeil,≤100
328587727262692,Eric German,Eric David German,≤100
449463142065414,Florencia Casamiquela,Florencia Casamiquela,≤100
397996497678742,Rodrigo Lugo,Hector Rodrigo Lugo,≤100
256387424757136,"Ministerio de Gobierno, Justicia y Derechos Humanos de La Pampa","Ministerio de Gobierno, Justicia y Derechos Humanos de La Pampa",≤100
294784154520177,Caro Piedrabuena,Carolina Piedrabuena,≤100
234890990763613,Federico Fulini,Federico Fulini,≤100
100699469684152,VamosPosse,Juan Pablo Botasso - Vamos Posse,≤100
316402711752761,Pablo Chamatropulos,Pablo Chamatropulos,≤100
103565956013593,Miguel Ramos Intendente,Miguel Ramos Intendente,≤100
383223201774706,90 Radio Rio Tercero,Mariano Alejandro Lujan,≤100
109258315464001,Valeria Lange,Valeria Lange Gurruchaga,≤100
183940131655054,María Eugenia Vidal,María Eugenia Vidal,≤100
481141178728974,Lucas Leandro Balian,Lucas Leandro Balian,≤100
104838940899300,Memo,El Memo,≤100
2003697709923162,Ministerio de Educación de La Pampa,Ministerio de Educación de La Pampa,≤100
2775410565833764,Jose Maria Odarda,Jose Maria Odarda,≤100
108850718871923,Jorge Luis Codorniú 2023,Juan Pablo Torres Ordoñez,≤100
105476149147675,Ale Made Concejal,Ale Made Concejal,≤100
480129710135,Municipio de Tigre,Municipalidad de Tigre,≤100
110100144788981,Josefina Bussi,Josefina Maria Bussi,≤100
107367938449539,Juan Granillo Fernández,Juan Granillo Fernández,≤100
109104915512477,,Argentina tiene con qué,≤100
106986760983071,Redacción Política,Baires News Group,≤100
186159618095984,Julio Zamora,Municipalidad de Tigre,≤100
136204053764268,Espacio Tecnológico RGA,Municipio de Río Grande,≤100
100701953004311,Nieves Mendoza,Nieves Mendoza,≤100
1048083012065518,Valeria Amaya,Valeria Amaya,≤100
2297790937176794,Catato Lorenzo,Horacio Alberto Lorenzo,≤100
1699977183360918,Tane Da Souza Correa,Tane Gabriel Da Souza Correa Hunt Lubel,≤100
104090576604510,Francisco Monti.,Francisco  Manuel Monti,≤100
113622778328775,Maxi Rossetto Intendente,Maxi Rossetto Intendente,≤100
110510455283781,Participación Cívica,Participación Cívica,≤100
372565472933640,Dario Monteros,José Fabián Juárez López,≤100
163829927003495,Armando Pipi Traferri,Armando Pipi Traferri,≤100
1744262295791445,Osjera,OSJERA,≤100
1025286324218044,CPC Mons Pablo Cabrera MuniCba,municipalidad de córdoba,≤100
710189803134791,Federico López,Federico Martin Lopez,≤100
108596078446969,Rodolfo Ohannesian,Rodolfo Eduardo Ohannesian,≤100
1724549447807950,Ministerio de Desarrollo Social de La Pampa,Ministerio de Desarrollo Social de La Pampa,≤100
487317914972166,Vamos Capilla,Vamos Capilla,≤100
106439208799632,Leandro Matilla,Leandro Matilla,≤100
103491299400318,Daniel Facio,Daniel Alberto Facio,≤100
473311016144739,Eduardo A. Pepa,Roberto Carlos Flores,≤100
114179298287418,Romero 2023 . Ley & Orden,Santi Cuello,≤100
358444557692897,Sindicato de Trabajadores Municipales de Mercedes,These ads ran without a disclaimer,≤100
110406051651124,Walter Barrientos,Walter Adrian Barrientos,≤100
113867418314253,Ana Sofia Carmona,Ana Sofia Carmona,≤100
106298005764010,Ricardo Alanis,Ricardo Ruben Alanis,≤100
241738410043978,Patricia Mojica 2023 TANTI,Patricia Mojica 2023 TANTI,≤100
886667964679142,Fabián Gramajo,Fabián Gramajo,≤100
104521364508491,Juan Pablo Inglese,Juan Pablo Inglese,≤100
112769436861945,Legislador Paulo Ternavasio,Maria Montsserrat Abraham,≤100
109951468726663,Marcelo Sosa,Marcelo Sosa,≤100
1779438815714208,Natalia Neme,Natalia Gabriela Neme,≤100
1622101791344540,María Amelia Chiofalo,María Amelia Chiofalo,≤100
1575553356099879,Soher El Sukaria,Fundación Hacer Córdoba,≤100
107103051067583,Mario Gaitán,Mario Ramon Gaitan,≤100
386830351387514,InfoSanLuis.com,InfoSanLuis.com,≤100
109844724805384,Marilo Gau,Mariló Gau,≤100
340454606681986,Hugo Cabral,Hugo Cabral,≤100
102392401118239,Christian Rasmussen - Pilar,Isaac Rony Alburquerque Miranda,≤100
105967955094183,Raúl Ernesto Moreno,Raúl Federico Moreno,≤100
116080808096360,Johanna Rios,Johanna Rios,≤100
230878237252224,Alfredo Francolini,Alfredo Francolini,≤100
293488594510598,Espacio Joven RGA,Municipio de Río Grande,≤100
339321340074515,Mario Kanashiro,Mario Kanashiro,≤100
106780082194942,Sanjuaninadas,Sanjuaninadas,≤100
642790409440295,Manuel Sosa,Manuel Sosa,≤100
106335465504631,Concordia Digital,Concordia Digital,≤100
102893249143629,Jorge Dip Fadel Concejal 2023,Jose Amado Marta,≤100
443594262328472,Lisandro Enrico,Lisandro Enrico,≤100
105248585666200,Carlos Piedrabuena,Carlos Eduardo Piedrabuena,≤100
1635790410050010,Josefina Mendoza,Josefina Mendoza,≤100
362384311068150,Efraín Orosco,Ana Anabel Gómez Dip,≤100
399216250203388,Julio Loza,Julio Antonio Loza,≤100
1430097080623511,Pablo Lanik Intendente,Pablo Lanik,≤100
104467675569372,Resumen Central,Resumen Central,≤100
102994542787273,Eduardo Basil,These ads ran without a disclaimer,≤100
113966001646171,Juan Pablo Poletti,Juan Pablo Poletti,≤100
1045742742140641,ENREDACCIÓN,Ruben Fabián Garcia,≤100
120048091387267,Carlos Morello,Carlos Fernando Morello,≤100
495537530497152,Refundar Argentina,Refundar Argentina,≤100
103301272375951,Fabio Di Palma,Fabio Oscar Di Palma,≤100
232133317666204,Partido Justicialista Anguil,Partido Justicialista Anguil,≤100
295043477617451,Somos Modelo Riglos,PJ Miguel Riglos,≤100
109575582046668,Fabi 2023,Facundo Hernan Satue Valenzuela,≤100
127708286909840,RADIO DIMENSION Villa Mercedes,Radio Dimension,≤100
416391221875769,Ruben Manzi,Rubén Manzi,≤100
187691196067583,Maria Sotolano,Maria Angel Sotolano,≤100
339640333637323,Axel en lugares,ComunicaciónPop,≤100
433136076759972,Edhasa Argentina,Edhasa Argentina,≤100
1020350174723777,Nicolás Cappellini,Nicolás Cappellini,≤100
442285665919263,Enrique Cresto,equipo digital,≤100
116555508073585,Santiago Rodríguez Moreno,ciatware,≤100
108057455384301,Politica de La Costa,Politica de La Costa,≤100
369199359904207,Municipalidad de Tres de Febrero,Municipalidad de Tres de Febrero,≤100
730843503705155,Roberto Sanchez,Roberto Antonio Sanchez,≤100
105275135889734,D&D,These ads ran without a disclaimer,≤100
107113745646912,Marcos Bovo,Marcos Bovo,≤100
253898394637965,Luciana Echevarría,MST,≤100
168506029989609,Alberto Daniel Descalzo,Alberto Dezcalzo,≤100
119263738124438,Roberto Meri,These ads ran without a disclaimer,≤100
327067881471625,Hernan Macedo,ciatware,≤100
126165920400701,Daniel Hoffmann Intendente 2023,Fabián Horacio Leguizamón,≤100
304752613694727,Javier Edgardo Virazate,Javier Edgardo Virazate,≤100
109098788145750,Joel Chato Gomez,Joel Chato Gomez,≤100
473177136388046,Guillermo Cornaglia,Guillermo Cornaglia,≤100
606234156240763,Ezequiel Lemos,Ezequiel Lemos,≤100
532928877191659,Frente Desarrollo y Libertad,Frente Desarrollo y Libertad,≤100
651400961869450,Mirada Central,Mirada Central,≤100
269810603537426,Esteban Lenci,Esteban Lenci,≤100
367995213939911,Yacanto Avanza,Yacanto Avanza,≤100
274883916030955,Pablo Losada,United Business Arg,≤100
940518472631584,José Castro,José Castro,≤100
113138195384719,Nestor Grindetti,Nestor Grindetti,≤100
450698558430080,Daniel Deiana,Daniel Deiana,≤100
113328424956836,Prensa Libre,Prensa Libre,≤100
114458728228696,Pumas Libertarios Salta,Pumas Libertarios Salta,≤100
114763516834269,Lione Cattalini,Lionella Cattalini,≤100
809034769189260,Municipalidad Comodoro Rivadavia,Municipalidad de Comodoro Rivadavia,≤100
1433465323625731,Armando Vera Diputado 2023,Armando Vera,≤100
1782770091995310,Mariano Castagnaro,Mariano Castagnaro,≤100
864393030322893,MinutoYA,ARG.Digital,≤100
103057586108345,Viviana Agüero Concejal,Pablo Javier Argüelles,≤100
1540756842902100,Municipio de Luján,Municipio de Luján,≤100
391359140978849,Carolina Losada,Carolina Losada,≤100
110891771944604,Profesor Alberto Moya Carral,Profesor Alberto Moya Carral,≤100
133770640314385,Marcelo Rojas,ciatware,≤100
2135186443462080,Alberto Pino,Alberto Pino,≤100
542636419209676,Víctor De Gennaro,Juan Jose Lopez,≤100
272338312973462,Santiago López Medrano,Santiago López Medrano,≤100
667275516732385,"Alberto ""Conta"" Celiz",Manuel Alberto Celiz,≤100
281863298515352,Colegio de Corredores Públicos Inmobiliarios de Entre Ríos,Colegio de Corredores Públicos Inmobiliarios de Entre Ríos,≤100
101002098151204,Carlos Gallo,Carlos Emilio Gallo,≤100
106683794885574,Andrés Petrillo,Andres Petrillo,≤100
105742868282502,Darío Nieto,Dario Nieto,≤100
110613882904054,Guillermo Escudero,Guillermo Escudero,≤100
152591011558507,Municipalidad de Villa Huidobro,Municipalidad de Villa Huidobro,≤100
1541663639410402,Peta Bernarte,Damian Javier Bernarte,≤100
233792609964941,Municipio de Esteban Echeverría,Municipio de Esteban Echeverría,≤100
109427865253803,Tigrixbot,Municipalidad de Tigre,≤100
233826440281987,Ministerio de Gobierno,Ministerio de Gobierno,≤100
1491984484412073,Juan Casañas,Juan Francisco Casañas,≤100
1651324754987038,InfoAires,Comunicarg,≤100
134751226547299,Joaquín De la Torre,Joaquín De la Torre,≤100
114393539384171,Georgina Paolino,Georgina Paolino,≤100
104010365234947,Opinion Poll,Opinion Poll,≤100
110673408360783,Seciti,"Secretaría de Ciencia, Tecnología e Innovación",≤100
139485256213513,radiokermes.com 106.1,Juan Pablo Gavazza,≤100
164303520999780,Jose Luis Alvarez,Jose Luis Alvarez,≤100
1482174305394430,el pupitre de Pilu,These ads ran without a disclaimer,≤100
140280689337896,Escuela de Posgrados en Comunicación - Universidad Austral,These ads ran without a disclaimer,≤100
116355337718182,Moli lulu,These ads ran without a disclaimer,≤100
103934207741083,Selena Ryan,These ads ran without a disclaimer,≤100