﻿Page ID,Page name,Disclaimer,Amount spent (USD)
218413031955878,ЭЛБЭТ ус халаагчтай угаалтуур,ЭЛБЭТ ус халаагчтай угаалтуур,≤100
1632521350369406,САЙН онлайн дэлгүүр,Tsatsral Tumen,≤100
104297524912070,NEXT 30,NEXT 30,≤100
408216312643036,Tumen Travel,Tsatsral Tumen,≤100
339646519820476,Garden City хотхон,Garden City хотхон,≤100
316847271701904,Zindaa.mn,Х. Доржпалам,≤100
2032935363584959,Цэвэгдоржийн Туваан,Цэвэгдоржийн Туваан,≤100
102488728170576,Гантөмөрийн Түвдэндорж Tuvdendorj Gantumur,Tuvdendorj Gantumur,≤100
101252088988452,Шоовдорын ТӨМӨРСҮХ/Эрх Чөлөөг Хэрэгжүүлэгч  Нам/,Шоовдорын Төмөрсүх,≤100