﻿Page ID,Page name,Disclaimer,Amount spent (USD)
206984670430,Cambodian Center for Human Rights l មជ្ឈមណ្ឌលសិទ្ធិមនុស្សកម្ពុជា,Cambodian Center for Human Rights l មជ្ឈមណ្ឌលសិទ្ធិមនុស្សកម្ពុជា,≤100
271082999713221,Cri ccfr,Cri ccfr,≤100
1995251780700007,បណ្ឌិត ងិន បាណាល់ - Dr. NGIN Banal,Dyna Moeung,≤100
1582014712074227,គណបក្សប្រជាជនកម្ពុជា Cambodian People's Party,David Than,≤100
1118529501568378,មន្ទីរសាធារណការ និងដឹកជញ្ជូន ខេត្តបាត់ដំបង,មន្ទីរសាធារណការ និងដឹកជញ្ជូន ខេត្តបាត់ដំបង,≤100
1309741899186397,CamboJANews,CamboJANews,≤100
146649842083645,COMFREL,COMFREL,≤100
104551434922860,ក្រុមការងារជនសកម្ម ក្រុងបាត់ដំបង,Dyna Moeung,≤100
648941691867874,Kroko ក្រគរ កែវ រតនៈ,Kroko ក្រគរ ជួយ ក្រគរ,≤100
113818191982370,Rotary District 9510,These ads ran without a disclaimer,≤100