﻿Page ID,Page name,Disclaimer,Amount spent (HNL)
1392592317738074,Jorge Cálix,Jorge Cálix,≤100
349524351841734,Cárlenton Dávila,Jose Carlenton Davila Mondragon,≤100
486382251906084,Honduras El Pais,Diario El  Pais.hn,≤100
153003381515332,Cespad - Centro de Estudio para la Democracia,Centro de Estudio para la Democracia (Cespad),≤100
112333800693678,Hugo Noé Pino Diputado F.M,Daniel Andres Casula Salinas,≤100
227622537655549,CGTN en Español,These ads ran without a disclaimer,≤100
104599735671754,Goberna Honduras,Goberna Honduras,≤100