﻿Page ID,Page name,Disclaimer,Amount spent (USD)
985246578276059,هشام صفر Hichem Sifer,هشام صفر Hichem Sifer,≤100
293384094915450,جريدة الحراك الإخباري,جريدة الحراك الإخباري,≤100
243713825764151,NoonPost نون بوست,These ads ran without a disclaimer,≤100
315543515306,Jing Daily,These ads ran without a disclaimer,≤100
102547066147748,مؤسسة جهاد الثقافية التعبوية,These ads ran without a disclaimer,≤100
467865913299818,Mohamed Driss Horma Babana - محمد إدريس حرمه بابانا,These ads ran without a disclaimer,≤100
820262131363591,Arabi21 - عربي21,These ads ran without a disclaimer,≤100
1557231747832291,afikra,These ads ran without a disclaimer,≤100
127757937250301,German Information Centre Arab World - المركز الألماني للإعلام,These ads ran without a disclaimer,≤100
1469752156670918,Youth China,These ads ran without a disclaimer,≤100
101054365776547,Charming Changzhou,These ads ran without a disclaimer,≤100
17043549797,MIT Technology Review,These ads ran without a disclaimer,≤100
274017972795375,Algerie 24,aljazair24,≤100
224597158386607,Rosa Luxemburg Foundation,These ads ran without a disclaimer,≤100