﻿Page ID,Page name,Disclaimer,Amount spent (USD),Number of ads in Library
104579255846402,كتلة العطاء,These ads ran without a disclaimer,≤100,1
214225965275748,وكالة وطن للأنباء,وكالة وطن للأنباء,≤100,3
114769837785591,Mada News مدى الأخبار,Mada News مدى الأخبار,≤100,1
106176251518534,الرأي أونلاين,These ads ran without a disclaimer,≤100,1
100854951763063,Palestine the First فلسطين اؤله,These ads ran without a disclaimer,≤100,1
104267468142978,Hottest news in Palestine  احر الاخبار في فلسطين,These ads ran without a disclaimer,≤100,1
109941287223690,winwin,These ads ran without a disclaimer,≤100,1
533974930053676,سارة السهيل  صفحة,These ads ran without a disclaimer,≤100,1
100432322646591,Magnom Properties,These ads ran without a disclaimer,≤100,2
109831251935707,المقداد خليل,These ads ran without a disclaimer,≤100,1
142329112477770,البنك الدولي,These ads ran without a disclaimer,≤100,1
101715608808670,Judgment Day: Angel of God,These ads ran without a disclaimer,≤100,1
571956836171870,Carlo Tedesco Showroom,These ads ran without a disclaimer,≤100,1
874175399267719,طارق التميمي,These ads ran without a disclaimer,≤100,1
107810794432774,المعهد العربي لعلوم السلامة - Aiss,These ads ran without a disclaimer,≤100,1
312898778847834,TERRAM PACIS,These ads ran without a disclaimer,≤100,1
17043549797,MIT Technology Review,These ads ran without a disclaimer,≤100,2
100771065462417,UNIFYD,These ads ran without a disclaimer,≤100,2
131189377574,MDPI,These ads ran without a disclaimer,≤100,1
565225540184937,CGTN,These ads ran without a disclaimer,≤100,1