﻿Page ID,Page name,Disclaimer,Amount spent (EUR)
239059192856378,parapolitika.gr,parapolitika.gr,≤100
178362315106,European Parliament,European Parliament,≤100
280496205994839,Λευτέρης Βαρουξής - Lefteris Varouxis,Digital Solutions,≤100
100771372008093,powergame.gr,POWERGAME,≤100
1200465556797225,Θανάσης Παπαθανάσης,Αθανασιος Παπαθανασης,≤100
187536188017430,Άγγελος Τσιγκρής,Angelos Cigris,≤100
123910440019,Renew Europe,Renew Europe Group,≤100
113085294483845,Eteron,eteron,≤100
68078766209,Public,Public,≤100
1438293789797221,ecoelastika,ecoelastika,≤100
117261614999869,Γραφείο του Ευρωπαϊκού Κοινοβουλίου στην Ελλάδα,Γραφείο του Ευρωπαϊκού Κοινοβουλίου στην Ελλάδα,≤100
34848567724,Kyriakos Mitsotakis,ΝΕΑ ΔΗΜΟΚΡΑΤΙΑ,≤100
1803075696474141,Ανδρέας Νικολακόπουλος,Andreas Nikolakopoulos,≤100
139872412072,Coca-Cola 3E,COCA-COLA ΤΡΙΑ ΕΨΙΛΟΝ ΕΛΛΑΔΟΣ Α.Β.Ε.Ε.,≤100
108183264211965,UNICEF Greece,UNICEF Greece,≤100
388822604594196,Γενική Γραμματεία Οικογενειακής Πολιτικής και Ισότητας των Φύλων,Γενική Γραμματεία Οικογενειακής Πολιτικής και Ισότητας των Φύλων,≤100
91877963116,WWF Greece,WWF Greece,≤100
103057864872953,Radar,Radar.gr,≤100
348922522307410,Γεώργιος Φίλιππας,George Filippas,≤100
159977541380043,The President,The President,≤100
177397525629672,Stavros Niarchos Foundation Cultural Center,Stavros Niarchos Foundation Cultural Center S.A.,≤100
104299506270374,Euro2day,Euro2day,≤100
1748153855406537,vradini.gr,vradini.gr,≤100
134135906635470,newsbomb.gr,newsbomb.gr,≤100
103034937773624,Spiros Protopsaltis,Spiros Protopsaltis,≤100
250990696827959,Scohre Association,SCOHRE,≤100
227289347288526,Bodossaki Foundation - Ίδρυμα Μποδοσάκη,BODOSSAKI FOUNDATION,≤100
521845371622559,Μανόλης Καλαμπόκας - Αντιδήμαρχος Υγείας Δήμου Αθηναίων,Μανόλης Καλαμπόκας,≤100
104692221824082,Energymag.gr,Energymag,≤100
106553811545931,Μαρία Συρεγγέλα - Maria Syrengela,Maria Syrengela,≤100
2428107534084155,DailyPost.gr,ΝΟΗΣΙΣ ΙΚΕ,≤100
109075108422260,Δημοκρατική Άμυνα,Δημοκρατική Άμυνα,≤100
782442791937028,Κωστας Γκαβογιαννης,Γκαβογιαννης,≤100
287878625015994,Reader.gr,Reader.gr,≤100
108950054276789,GEK TERNA Group of Companies,GEK TERNA GROUP,≤100
1867952363274780,economico.gr,Theodoros Kaloudis,≤100
104172728093075,TERNA ENERGY,Terna Energy,≤100
508932629200198,Ελληνική Επιστημονική Ένωση Αιολικής Ενέργειας - ΕΛΕΤΑΕΝ,ΕΛΕΤΑΕΝ-Ελληνική Επιστημονική Ένωση Αιολικής Ενέργειας,≤100
105845878599873,Πατριωτική Ένωση - Πρόδρομος Εμφιετζόγλου,Πανελλήνια Πατριωτική Ένωση,≤100
1645903788996329,liberal.gr,liberal.gr,≤100
224407310782,Εκδόσεις Διόπτρα - Dioptra Publications,Εκδόσεις Διόπτρα,≤100
1435774093378846,HuffPost Greece,Antonios Fourlis,≤100
1401098180146606,Ιωάννης Σγουρός,Ιωαννης Σγουρος,≤100
117037629671698,BusinessDaily,Business Daily,≤100
177019799011347,Médecins du Monde Greece - Γιατροί του Κόσμου,Γιατροί του Κόσμου,≤100
107718178601878,Banks.com.gr Business News,ETHOS MEDIA,≤100
115093111866664,Νίκος Χαρδαλιάς,Νίκος Χαρδαλιάς,≤100
2051879855080785,TEXAN SA,ΤΕΧΑΝ A.B.E.E.,≤100
1004900052864353,mononews.gr,mononews.gr,≤100
186848962521,www.capital.gr,www.capital.gr,≤100
333635613794935,ΜέΡΑ25,ΜέΡΑ25,≤100
359612061446497,iEidiseis.gr,NEWSROOM Α.Ε.,≤100
769783649800742,insider.gr,insider.gr,≤100
42792631889,Rallia Christidou,Ραλλία Χρηστίδου,≤100
404183552993057,newmoney.gr,newmoney.gr,≤100
103003561922627,MotorOne.gr,MotorOne.gr,≤100
107098807881409,Political.gr,POLITICAL,≤100
211321812266264,Αθήνα9.84,Αθήνα 9.84,≤100
110947048985672,Lakiotis S.A.,LAKIOTIS S.A.,≤100
294443673994778,Lykavitos,HT PRESS ONLINE IKE,≤100
144709575593854,EESC - European Economic and Social Committee,EESC - European Economic and Social Committee,≤100
197766903578854,ΕΚΔΟΣΕΙΣ ΚΛΕΙΔΑΡΙΘΜΟΣ,ΕΚΔΟΣΕΙΣ ΚΛΕΙΔΑΡΙΘΜΟΣ ΕΠΕ,≤100
224388351254587,Σωκράτης Βαρδάκης - Βουλευτής Συριζα Ηρακλείου,Σωκράτης Βαρδάκης,≤100
107222834813963,KReport,kreport.gr,≤100
369692537582,Εμπορικό και Βιομηχανικό Επιμελητήριο Αθηνών (ΕΒΕΑ),ΕΒΕΑ,≤100
1225055557636154,EU Aid Volunteers - ActionAid Hellas,ActionAid Hellas,≤100
551917914903015,ekriti.gr,ekriti.gr,≤100
202534819760864,ΒΙΒΛΙΟΤΟΠΙΑ,These ads ran without a disclaimer,≤100
674103179323981,Μίνα Καούνη & Συνεργάτες,Μίνα Καούνη & Συνεργάτες,≤100
105607473329002,GPO - Greek Public Opinion,GPO ΕΡΕΥΝΑ ΕΠΙΚΟΙΝΩΝΙΑ ΑΝΩΝΥΜΗ ΕΤΑΙΡΕΙΑ,≤100
183247955046160,Εκδόσεις ΜΙΝΩΑΣ,Εκδόσεις ΜΙΝΩΑΣ,≤100
102791782369775,U-Report Greece,UNICEF Greece Country Office,≤100
100830599511053,paidikaimama.gr,TSONOU SOFIA,≤100
528797520505550,Δημήτρης Παπαδημούλης I Dimitris Papadimoulis,Dimitrios Papadimoulis,≤100
404966946372318,Αθανάσιος Ι. Καββαδάς,Αθανασιος Καββαδας,≤100
177141002834880,Enel Green Power,Enel Green Power,≤100
709636582413051,Erasmus+ Youth Greece,Erasmus+ Youth,≤100
1726222917647076,Commonality,Κωνσταντινος Ψιουρης,≤100
103754084863302,Εκδόσεις Επίκεντρο,Εκδόσεις Επίκεντρο,≤100
1149049031856207,Followgreen,FOLLOWGREEN IKE,≤100
133898046626530,Νομικός Οδηγός - Rozou & Associates Law Firm,Νομικός Οδηγός - Rozou & Associates Law Firm,≤100
368217916600933,Αγγειοχειρουργός  Νίκος Παρασκευάς,Αγγειοχειρουργός  Νίκος Παρασκευάς,≤100
158714780827513,UNFPA,These ads ran without a disclaimer,≤100
1903473413254089,Vagelis Papakonstantinou,Vagelis Papakonstantinou,≤100
49275915266,MSI Reproductive Choices,These ads ran without a disclaimer,≤100
1838709126430129,The Catalyst,Panagiotis Manolakos,≤100
527351247377965,European Committee of the Regions,European Committee of the Regions,≤100
165508056809834,Το Παρασκήνιο,Νικόλαος Καραμανλής,≤100
170260423644160,MENTOR in culture,MENTOR,≤100
1633684100193085,Libre - Libero - Ελεύθερος,Giorgio Lebedef,≤100
105421881795490,Νέα Μητροπολιτική Αττική,Νέα Μητροπολιτική Αττική,≤100
708230595970814,Γραφείο Διασύνδεσης EAΠ,These ads ran without a disclaimer,≤100
100397691698726,akisdouzlatzis,These ads ran without a disclaimer,≤100
114363450250261,Γενική Γραμματεία Συντονισμού Διαχείρισης Αποβλήτων,Γενική Γραμματεία Συντονισμού Διαχείρισης Αποβλήτων,≤100
468820193302597,Κινήσεις Πολιτών Για Τη Σοσιαλδημοκρατία,ΚΙΝΗΣΕΙΣ ΠΟΛΙΤΩΝ ΓΙΑ ΤΗ ΣΟΣΙΑΛΔΗΜΟΚΡΑΤΙΑ,≤100
88027997208,Διεθνής Αμνηστία - Ελληνικό Τμήμα,Amnesty International Greece,≤100
102908081930756,Psych Up,These ads ran without a disclaimer,≤100
273196480036822,Δημήτρης Καλογερόπουλος,Dimitris Kalogeropoulos,≤100
349959315189579,Δημήτρης Οικονόμου,Δημήτρης Οικονόμου,≤100
105475882182783,Ναυτικό Επιμελητήριο Ελλάδος,Ναυτικό Επιμελητήριο της Ελλάδος,≤100
769426196422745,Αντώνης Γιαννικουρής,Αντώνης Γιαννικουρής,≤100
352185954833530,ΟΛΥΜΠΟΣ,These ads ran without a disclaimer,≤100
104432538530116,Culture is Athens/ Πολιτισμός είναι η Αθήνα,Yiota Zoi,≤100
1197900830343428,Κωνσταντίνος Γερμανός / Konstantinos Germanos,These ads ran without a disclaimer,≤100
611274705567424,Ινστιτούτο Νίκος Πουλαντζάς- Nicos Poulantzas Institute,Ινστιτούτο Νίκος Πουλαντζάς- Nicos Poulantzas Institute,≤100
1822155781362301,Δημήτρης Μήτρου : Νέα-ιδέες-προτάσεις για τον τεχνικό κόσμο.,Δημητριος Μητρου,≤100
135551226588092,Δημοκρατία - Αλέξανδρος Δημητριαδης,Αλέξανδρος Δημητριάδης,≤100
1025571667507571,Together for Better Days,These ads ran without a disclaimer,≤100
111425493668770,Θανάσης Οικονόμου,Αθανασιος Οικονομου,≤100
131551513470,Γιάννης Πλακιωτάκης - Giannis Plakiotakis,Aris Chalkias,≤100
1632988056952632,Ιωάννης Σαρακιώτης • Ioannis Sarakiotis,Ιωάννης Σαρακιώτης • Ioannis Sarakiotis,≤100
590556791403274,OsteoStrong Greece,OsteoStrong Greece,≤100
2113568635597685,Βασίλης Βιλιάρδος,Βασιλειος Βιλιαρδος,≤100
1796286800600041,Mobile Info Team for refugees in Greece - الفريق المتنقل لمعلومات اللاجئين,Mobile Info Team for refugees in Greece - الفريق المتنقل لمعلومات اللاجئين,≤100
482318442184962,Κωνσταντίνος Κοσμίδης  Οικονομολόγος  Τραπεζικός,Konstantinos Kosmidis,≤100
1711103219108990,Δημήτρης Κάρναβος - Dimitris Karnavos,Δ.Κάρναβος - Δήμαρχος Καλλιθέας,≤100
1706637282946540,Πανελλήνιο Κέντρο Οικολογικών Ερευνών - ΠΑΚΟΕ,Παναγιωτης Χριστοδουλακης,≤100
509820812417125,Θόδωρος Τσίκας - Theodoros Tsikas,Θεοδωρος Τσικας,≤100
668804566601196,Giorgos Patoulis,Georgios Patoulis,≤100
434931476703453,Theodoros Spiliopoulos,Theodoros Spiliopoulos,≤100
312216935877,Archipelagos - Institute of Marine Conservation,These ads ran without a disclaimer,≤100
1591696034493477,Τάσος Γαϊτάνης,Anastasios Gaitanis,≤100
571687746562532,Ruler Digital Agency,Ruler Digital Agency,≤100
449251365208475,Κώστας Ιακώβου / Kostas Iakovou,Konstantinos Iakovou,≤100
106587778879248,Σωτήριος Γιάκης - Sotirios Giakis,Σωτήριος Γιάκης,≤100
160035197425357,Z,These ads ran without a disclaimer,≤100