﻿Page ID,Page name,Disclaimer,Amount spent (BBD),Number of ads in Library
387062522084757,The Dressing Blog,These ads ran without a disclaimer,≤100,1
375605576400149,The Inphamus Hour,These ads ran without a disclaimer,≤100,1
103597027708447,SuperPlanet Games,These ads ran without a disclaimer,≤100,1
110647840532680,Merge Mayor,These ads ran without a disclaimer,≤100,1
107443581752203,Get In Gear,These ads ran without a disclaimer,≤100,1
131189377574,MDPI,These ads ran without a disclaimer,≤100,1
102082139313736,Spyn Inc,These ads ran without a disclaimer,≤100,1
159655254060987,zChocolat.com,These ads ran without a disclaimer,≤100,1
184818485437396,New People’s Party,These ads ran without a disclaimer,≤100,1
347614259651377,Carter Five,These ads ran without a disclaimer,≤100,5