﻿Page ID,Page name,Disclaimer,Amount spent (BRL)
255804437808407,Vale,Vale,973
301774903545521,Brasil Paralelo,Brasil Paralelo,408
416907625028840,Governo do Estado de Minas Gerais,Governo de Minas Gerais,390
104625758942119,Siga Antenado,Siga Antenado,316
425350744240843,Comitê Internacional da Cruz Vermelha,Comitê Internacional da Cruz Vermelha,167
565316353489660,Euclério Sampaio,Euclério Sampaio,131
114528465397935,Prefeitura de São Gabriel da Palha,Prefeitura de São Gabriel da Palha,118
1608447079411218,Portal Concursos,PORTAL CURSOS PREPARATORIOS E OAB LTDA,≤100
1435481140053748,L'Oréal Group,These ads ran without a disclaimer,≤100
195314637248695,Audifax Barcelos,Audifax Barcelos,≤100
149639889004113,Engenheiro Jorge Silva,Engenheiro Jorge Silva,≤100
301774903545521,Brasil Paralelo,These ads ran without a disclaimer,≤100
128850220504786,UNICEF Brasil,UNICEF Brasil,≤100
112021296931600,Mônica Lopes,IBPOM,≤100
799291570129827,Bruno Garschagen,Bruno Garschagen,≤100
1549054225424161,Eduardo Moreira,Instituto Conhecimento Liberta,≤100
196638160529871,Sinait -  Sindicato Nacional dos Auditores Fiscais do Trabalho,Sinait -  Sindicato Nacional dos Auditores Fiscais do Trabalho,≤100
105115932639382,euclerio_sampaio,These ads ran without a disclaimer,≤100
465235726843103,Ambev,Ambev,≤100
333720355130,Petrobras,Petrobras,≤100
101230328792183,Portal Concursos & OAB,PORTAL CURSOS PREPARATORIOS E OAB LTDA,≤100
198849783539777,Buscofem,Buscofem,≤100
124468541555244,Garena Free Fire,These ads ran without a disclaimer,≤100
109770755848061,Suzano,Suzano SA,≤100
116725771476468,Eu Eleito,"Gambale Cursos, Produções e Marketing",≤100
175804982467404,Safernet Brasil,Safernet Brasil pago com créditos de anúncio do Facebook,≤100
115558703488480,IDP Online,Instituto Brasiliense de Direito Publico,≤100
364045294084271,Darcy Junior,Darcy Junior,≤100
522126697963113,Carlos Jordy,Carlos Jordy,≤100
1894520370802455,Governo do Brasil,Secretaria Especial de Comunicação Social -Governo do Brasil,≤100
250305668489402,Professor Kenny,These ads ran without a disclaimer,≤100
330379553673497,Oxfam Brasil,Oxfam Brasil,≤100
104929198579247,O escobar Pro,O escobar Pro,≤100
163893463708223,Marcelo Vitorino,Vitorino & Mendonça,≤100
101189854802059,Revista Oeste,Revista Oeste,≤100
235409626644713,José Esmeraldo,Jose Esmeraldo De Freitas,≤100
159103797542,Greenpeace Brasil,Greenpeace Brasil,≤100
108499582091047,moraessantosrafael,These ads ran without a disclaimer,≤100
108519923982050,Rafael Ottaiano,Rafael Ottaiano,≤100
241839765912021,Estratégia Concursos,ESTRATÉGIA CONCURSOS SA,≤100
287976424552426,Instituto Ecofuturo,Instituto Ecofuturo,≤100
286484764739596,Conselho de Arquitetura e Urbanismo do Brasil - CAU/BR,Triads,≤100
104578449190247,Desenrola Brasil,Desenrola Brasil,≤100
438536822883034,Sérgio Camilo,Sérgio Camilo,≤100
132584057957,Skol,Ambev,≤100
172724889456920,Vinicius Simões,Vinicius Simões,≤100
105138735883992,Raquel Paiva,These ads ran without a disclaimer,≤100
159103797542,Greenpeace Brasil,Greenpeace Brasil,≤100
220898724599599,Ação da Cidadania,These ads ran without a disclaimer,≤100
360125334431298,Renova BR,ASSOCIAÇÃO RENOVA BR,≤100
110225312350543,Nova Escola,Associação Nova Escola,≤100
102856342511936,ICL Notícias,Instituto Conhecimento Liberta,≤100
108015435927747,FAS - Fundação Amazônia Sustentável,Fundação Amazonia Sustentável,≤100
110644988539235,Ana Fernandes,These ads ran without a disclaimer,≤100
106312705760381,Formação Conservadora,Formação Conservadora,≤100
69488070826,Fundação Abrinq,Fundação Abrinq,≤100
124307224406046,Messias Donato,Messias Donato,≤100
258088921369,TOTVS,These ads ran without a disclaimer,≤100
520803328039440,Recicla Sampa,Eco Urbis e Loga,≤100
162297750451425,Criança e Consumo,Instituto Alana,≤100
105520569004820,Absolar Comunica,Associação Brasileira de Energia Solar Fotovoltaica,≤100
104328814575023,Patricia Maria Bortolon,Patricia Maria Bortolon,≤100
102268682650329,Brasil Legal,These ads ran without a disclaimer,≤100
1726021137656832,Renzo Mendes,Renzo Mendes,≤100
152338908863109,William Dornela,William Dornela,≤100
675193629265637,Videocamp,Instituto Alana,≤100
1544493995819099,Roberto Cláudio,Roberto Claudio Bezerra,≤100
101689812691475,Amor pra vida inteira,These ads ran without a disclaimer,≤100
241839765912021,Estratégia Concursos,These ads ran without a disclaimer,≤100
103078456178579,Givanildo Gomes,These ads ran without a disclaimer,≤100
112208748024338,Agência Rockn - Marketing de Resultados,Agência Rockn - Marketing de Resultados,≤100
138312876763199,Fabrício Fardin,These ads ran without a disclaimer,≤100
185875761943,MDB Nacional,MOVIMENTO DEMOCRÁTICO BRASILEIRO,≤100
413759645437653,EBRADI - Escola Brasileira de Direito,These ads ran without a disclaimer,≤100
145608108896911,Frente Parlamentar da Agropecuária - FPA,Instituto Pensar Agropecuária,≤100
242062609325601,Agenda 227,ANDI AGENCIA DE NOTICIAS DOS DIREITOS DA INFANCIA,≤100
2308676322748492,Marcio Carvalho de Sá,These ads ran without a disclaimer,≤100
109354687306376,Instituto Conhecimento Liberta,These ads ran without a disclaimer,≤100
111750668533737,Stephanie Aline,Stephanie Aline,≤100
109808611854424,Camila ferreira,These ads ran without a disclaimer,≤100
541089776080092,Sanofi Brasil,Sanofi Brasil,≤100
172271576134185,Habitat para a Humanidade Brasil,Habitat para a Humanidade Brasil,≤100
102773638649611,Bruno Pereira,These ads ran without a disclaimer,≤100
100482692480231,Acelen,These ads ran without a disclaimer,≤100
201878973201295,Republicanos10,Republicanos10,≤100
2544666325578449,Eleja.se,Eleja.se,≤100
104738421003389,InvestNews BR,Nubank,≤100
7970426802,WWF-Brasil,WWF-Brasil,≤100
976295639063920,Professora Andréa Paula,Professora Andréa Paula,≤100
280413655431834,AMB - Associação Médica Brasileira,Associação Médica Brasileira,≤100
621860057874788,República Marketing Político,República Marketing Político,≤100
187970114581051,Anistia Internacional Brasil,Anistia Internacional Brasil,≤100
308976223304,Tintas Coral,Akzonobel,≤100
107742651063250,Academia de Pesquisa,Academia Brasileira de Formação e Pesquisa,≤100
172444996112900,Fundo Brasil,Fundo Brasil,≤100
106525678463910,União Brasil 44,UNIÃO BRASIL,≤100
226121024066240,WRI Brasil,WRI Brasil,≤100
124600732785757,Pela Cidadania,Pela Cidadania,≤100
109597815616,VEJA,Revista Veja,≤100
109272165397476,Gerson Aragao,SCIREJUS APLICATIVOS JURIDICOS LTDA,≤100
520798404655508,Baleia Rossi,Baleia Rossi,≤100
108234915547725,Cintia Alvarez,These ads ran without a disclaimer,≤100
914115575302130,Fundação Toyota do Brasil,Fundação Toyota do Brasil,≤100
141311146554309,Novo 30 Bahia,Partido NOVO 30 BAHIA,≤100
100784975087297,Mizuno Cursos,Mizuno Cursos Ltda,≤100
103483818151512,Janaina Castro,Janaina Silva de Castro LTDA,≤100
363140553718136,Epoch Times Brasil,EPOCH TIMES BRASIL LTDA,≤100
254048208839562,Tesouro Direto,These ads ran without a disclaimer,≤100
228301373863551,Agência Pública,Agência Pública,≤100
110234435285044,bob_wagner,These ads ran without a disclaimer,≤100
104786165500515,Cemin advocacia,Cemin advocacia,≤100
224777780881144,Visão Mundial,Visão Mundial,≤100
100710735473325,IDP - SP,"Instituto Brasileiro de Ensino, Desenvolvimento e Pesquisa Idp - LTDA",≤100
103012685789972,Thiago Lima.,These ads ran without a disclaimer,≤100
111326818564734,Projeto Opaoma,Camila Capel,≤100
961018944025871,EPPO Cidades Inteligentes,EPPO Cidades Inteligentes,≤100
258088921369,TOTVS,TOTVS,≤100
106308415121143,Politique - Detalhamento de Votos,PRATIC SERVIÇOS EM TECNOLOGIA DA INFORMAÇÃO LTDA,≤100
101885501193094,"Nelson, o Nenê",These ads ran without a disclaimer,≤100
179837479250006,Marcelo Lino,Marcelo Lino,≤100
113389738332356,Lista branca,These ads ran without a disclaimer,≤100
101933305564897,Promic,Riole,≤100
755979534560972,Instituto Liberta,Instituto Liberta,≤100
229434223794080,MOOD,MOOD,≤100
100768909613377,Laiz Duarte,These ads ran without a disclaimer,≤100
962615323779536,Progressistas,Progressistas,≤100
224021551012451,Gerando Falcões,Gerando Falcões,≤100
576585092359152,Agência Ethos,ETHOS SERVIÇOS EM COMUNICAÇÃO LTDA,≤100
554323118068722,AES Brasil,These ads ran without a disclaimer,≤100
323918771004168,Paulo Serra,Paulo Serra,≤100
101189854802059,Revista Oeste,These ads ran without a disclaimer,≤100
123884341029248,João Jorge,JOÃO JORGE DE SOUZA,≤100
107954735362662,Moisés Gonçalves,Moisés Gonçalves,≤100
193719533998484,Fundação Fernando Henrique Cardoso,Fundação FHC,≤100
126491270729748,Childhood Brasil,Childhood Brasil,≤100
103173259242725,Agência Vida Digital,These ads ran without a disclaimer,≤100
1165488993512231,Nossas,NOSSAS,≤100
109311714699813,Canuto e Lucena Sociedade de Advogados,Canuto e Lucena Sociedade de Advogados,≤100
558500637516335,Gilberto Musto,Gilberto Musto,≤100
358889358338010,Vitor Hugo,Vereador Vitor Hugo,≤100
101303951768460,Fabio Goldschmidt,Fabio Goldschmidt,≤100
101223071616706,Insight Inteligência,Insight Comunicação,≤100
251150715807998,Associação dos Municípios de Pequeno Porte do Estado de São Paulo - AMPPESP,ASSOCIAÇÃO DOS MUNICÍPIOS DE PEQUENO PORTE DO ESTADO DE SÃO PAULO,≤100
104655472614929,Fabiano Cabral Dias,Fabiano Cabral Dias,≤100
101172545924268,Luiz Gastão,LUIZ GASTÃO BITTENCOURT DA SILVA,≤100
113906561710220,Frente Mineira de Prefeitos,Frente Mineira de Prefeitos,≤100
350338089341698,ASA Investments,These ads ran without a disclaimer,≤100
113715318320435,Direito da Saúde Descomplicado,Fontes Mídias,≤100
112056280673435,Observatório da Alimentação Escolar,Observatório da Alimentação Escolar (ÓAÊ),≤100
337834286345988,Fundação Milton Campos,Fundação Milton Campos,≤100
742859855830690,IRELGOV,IRELGOV,≤100
104553347942750,Eder Borges,Eder Borges - novo,≤100
367197653335628,Deputado Roosevelt,Deputado Roosevelt,≤100
104991921855269,advocaciapedrocosta,These ads ran without a disclaimer,≤100
653759671916518,Edemilson Marino Prefeito,Edemilson Marino,≤100
456872437699016,Sindifisco Nacional,Sindifisco Nacional,≤100
100553136170825,Fena Saude,Fena Saude,≤100
109561808392562,Rio.Futuro,These ads ran without a disclaimer,≤100
517187471714725,IBDA - Instituto Brasileiro de Direito Administrativo,IBDA - Instituto Brasileiro de Direito Administrativo,≤100
106552462462588,Segredo dos leiloes,These ads ran without a disclaimer,≤100
486914985073732,Eduardo Girão,Eduardo Girão,≤100
100136192334619,flavio_lopes_rj,These ads ran without a disclaimer,≤100
505797666174725,Deputado Estadual Cabo Maciel,Deputado Estadual Cabo Maciel,≤100
107449552324057,Projeto Vereador Vitorioso,Vereador Vitorioso,≤100
133625896667318,Confederação Israelita do Brasil - CONIB,CONFEDERAÇÃO ISRAELITA DO BRASIL,≤100
101321981647613,Instituto Monitor da Democracia,Instituto Monitor da Democracia,≤100
110515235300373,Bradock Show,Bradock Show Rede de Comunicação e Imprensa Ltda,≤100
1422817644690446,Fórum Nacional de Reforma Urbana,Fórum Nacional de Reforma Urbana,≤100
108157761384449,Alexandre Silveira,Alexandre Silveira,≤100
100459902106274,Vereador Pastor Bira,Vereador Pastor Bira,≤100
358687161234,Proteção Animal Mundial,Sociedade Mundial de Proteção Animal - WSPA BRASIL,≤100
118869841134222,Jornal Ponto Mais,Jornal PONTO MAIS,≤100
410655005626777,Deputado Federal Lincoln Portela,Lincoln Portela,≤100
100307022778179,Tudo nosso nada deles,These ads ran without a disclaimer,≤100
1931965243746616,Professora Rita Gonçalves,Inovart Cursos e Treinamentos,≤100
1593214337620524,Tecnegócios,Tecnegócios,≤100
1124473760957316,FS Fueling Sustainability,FS Fueling Sustainability,≤100
109281108692362,Negocia Aqui 5.0,These ads ran without a disclaimer,≤100
100945228762390,Marcelomapas,These ads ran without a disclaimer,≤100
191158547728051,Centro de Referências em Educação Integral,Cidade Escola Aprendiz,≤100
106493417547936,Natália Mendonça,Vitorino & Mendonça,≤100
118678938210868,SIMPI,SIMPI,≤100
105287621783652,Beneficio-Social,These ads ran without a disclaimer,≤100
134608139974242,Érika Coimbra Oficial,These ads ran without a disclaimer,≤100
179021969682780,IMAC - Carne de Mato Grosso,IMAC - Carne de Mato Grosso,≤100
354146138031602,Natalino Salgado,These ads ran without a disclaimer,≤100
267146793788529,Sem Parar Empresas,Sem Parar Empresas,≤100
1500495686862218,Acacio Miranda,Acacio Miranda,≤100
107451105709314,Enxergue os Sinais,Enxergue os Sinais,≤100
665498620499336,"O Novo Legislativo, por Renata Cunha",Instituto Renata Cunha,≤100
511088952358805,Marcia Helena Martins Henrique,Marcia Helena Martins Henrique,≤100
105935241815920,Sinsdetran/MA,Sinsdetran/MA,≤100
1046602965363135,Jose Marques Festas e Eventos TV,These ads ran without a disclaimer,≤100
471542526362059,Fetec PR - Federação dos/as Trabalhadores/as em Empresas de Crédito do PR,Fetec PR - Federação dos/as Trabalhadores/as em Empresas de Crédito do PR,≤100
362665423935479,Assembleia Legislativa de Sergipe,Assembleia Legislativa de Sergipe,≤100
384012959105591,IDPA - Instituto de Direito Público Avançado,INSTITUTO DE DIREITO PUBLICO AVANCADO LTDA,≤100
337480196266910,Federação Nacional dos Policiais Rodoviários Federais,Federação Nacional dos Policiais Rodoviários Federais,≤100
263199020531986,JOTA,JOTA,≤100
1313633058744565,Impulsiona,Instituto Península,≤100
780064122098434,Vereador Claudinho Neves,Vereador Claudinho Neves,≤100
263563620333111,Eduardo Braga,Eduardo Braga,≤100
107292418986358,República_org TESTE,These ads ran without a disclaimer,≤100
103898131003601,Harada Advogados,Harada Advogados,≤100
111006700550820,Cenarium Amazônia,Cenarium Agência de Notícias Ltda,≤100
610036125809616,Portal Lunetas,These ads ran without a disclaimer,≤100
103779715064518,Uma Concertação pela Amazônia,Instituto Arapyaú de Educação e Desenvolvimento Sustentável,≤100
471395896279358,Casa da Cultura Paraty,These ads ran without a disclaimer,≤100
111225968436940,Valmir Ferreira,Valmir Ferreira,≤100
105001854703569,Brasil Urgente,Brasil Urgente,≤100
108926553805185,Biossegurança Estética,These ads ran without a disclaimer,≤100
100863172840078,Dr Leonardo Alonso,These ads ran without a disclaimer,≤100
109789152161,Sou da Paz,Sou da Paz,≤100
106063862426200,nelsoncanedoadvogado,nelsoncanedoadvogado,≤100
115927878160115,carolinalima.jornalista,These ads ran without a disclaimer,≤100
147258388715323,Fundação Luterana de Diaconia (FLD),Fundação Luterana de Diaconia,≤100
540774879289725,Vereador Daniel Carvalho,Vereador Daniel Carvalho,≤100
1720389428208302,Rafael Alves,These ads ran without a disclaimer,≤100
117384368070199,sindicatosiese,These ads ran without a disclaimer,≤100
132804480113814,PwC Brasil,PwC Brasil,≤100
100833344855408,Rogério Amorim,Rogério Amorim,≤100
1623079434589666,Memed,Memed,≤100
108002475057093,Ana Júlia Tetília Peruzzo - Contadora,These ads ran without a disclaimer,≤100
1405868843027642,Cristiano Silveira,Cristiano Silveira,≤100
179856875529257,Padre João,João Carlos Siqueira,≤100
193453687358589,Arthur Virgílio,Arthur Virgilio Neto,≤100
504148936286853,Data Goal,Data Goal,≤100
1632845003624410,Blog do Lúcio Sorge,Blog do Lúcio Sorge,≤100
427864643967375,Victor Nogueira,These ads ran without a disclaimer,≤100
101981918812659,Sindjus,Sindicato dos Servidores do Poder Judiciário e do MPU no DF,≤100
239624862864871,Relatório Reservado,Hush Comunicação,≤100
398845206932703,Guilherme Boulos,Guilherme Boulos,≤100
711189698989364,Oceana Brasil,Oceana Brasil,≤100
314213892042373,Diego Garcia,Diego Garcia,≤100
109114962204449,Manual do Vereador 2024,Manual do Vereador 2024,≤100
108147365877214,Canal Futura,Fundação Roberto Marinho,≤100
170773429643671,"Rádio Alvorada FM 94,9",Rádio Alvorada,≤100
285483458283538,Prefeitura de Vermelho Novo,Prefeitura de Vermelho Novo,≤100
365328780221103,Museu da Pessoa,Museu da Pessoa,≤100
209862986597378,XB3 Soluções,XB3 Soluções,≤100
114248903470049,Frente Parlamentar Mista da Medicina,Frente Parlamentar de Medicina,≤100
139007399495933,Fundação SOS Mata Atlântica,FUNDACAO S.O.S. PRO-MATA ATLANTICA,≤100
1433929133492494,Renata Abreu,Renata Hellmeister de Abreu,≤100
1619324121692986,Criança livre de trabalho infantil,Criança livre de trabalho infantil,≤100
582678941809143,Delegada Martha Rocha,These ads ran without a disclaimer,≤100
166288866733886,Pirelli,Pirelli Comercial,≤100
1589055204701346,Nexo,Nexo Jornal,≤100
159664764718426,Wilian Tonezi,Wilian Tonezi,≤100
1504580766531518,Mulheres Progressistas,PROGRESSISTAS - BRASIL - BR - NACIONAL,≤100
1533303356759820,Igor Timo,Igor Timo,≤100
1459364967727482,Comunidade de Silvicultura,Comunidade de Silvicultura,≤100
105383346220289,APUFPR-SSind - Associação dos Professores da UFPR,APUFPR,≤100
105577758280840,joseeduardoribeiro01,These ads ran without a disclaimer,≤100
465508674236677,Edmar Ptak,These ads ran without a disclaimer,≤100
319356418132318,Gestos,Gestos Soropositividade Comunicação e Gênero,≤100
103359724739743,João Pedro,These ads ran without a disclaimer,≤100
1379947408815396,Politimax Inovação Política,Politimax LTDA,≤100
1749446111993232,Rodrigo Rodrigues,Rodrigo Rodrigues,≤100
102444339567512,Clean Service Business,These ads ran without a disclaimer,≤100
181943989082300,Congresso Brincar,Congresso Brincar,≤100
109354687306376,Instituto Conhecimento Liberta,Instituto Conhecimento Liberta,≤100
1635257313414728,Movimento pela Base,Movimento pela Base,≤100
151794284977733,Wanderlei Barbosa,These ads ran without a disclaimer,≤100
100475615641105,PHVox,PHVox LTDA,≤100
813615022023685,Marcio Nunes,Marcio Nunes,≤100
1085882971496519,Cristiano Teixeira Dantas,CRISTIANO DANTAS SOCIEDADE INDIVIDUAL DE ADVOCACIA,≤100
121712777593375,Omarcelohorta,These ads ran without a disclaimer,≤100
534805630341699,Idecan Oficial,"INSTITUTO DE DESENVOLVIMENTO EDUCACIONAL, CULTURAL E ASSISTENCIAL NACIONAL",≤100
102214764600761,Conselho Federal dos Representantes Comerciais,Conselho Federal dos Representantes Comerciais,≤100
111440704114038,Vereadora Márcia Alexandre,Vereadora Márcia Alexandre,≤100
114180441667420,Sidney Stahl,Sidney Stahl,≤100
1581778088733140,Patrick Dauer,These ads ran without a disclaimer,≤100
292069639267919,Aliança Medicinal,These ads ran without a disclaimer,≤100
101840051641101,GreenYellow do Brasil,GreenYellow do Brasil,≤100
2137854436304380,Forpibid-rp Brasil,These ads ran without a disclaimer,≤100
133673860082014,Portobello Cerâmica,These ads ran without a disclaimer,≤100
1033613636794626,Edna Sampaio,Edna Luzia Almeida Sampaio,≤100
809266029258600,Félix Soibelman,Félix Soibelman,≤100
122359354194750,João Pedro,These ads ran without a disclaimer,≤100
102275945221840,Portal Tucumã,Portal Tucumã,≤100
306378149952222,Matheus Utsch Vereador PL,Matheus Utsch Vereador PL,≤100
360712964032917,ABEEólica - Associação Brasileira de Energia Eólica e Novas Tecnologias,These ads ran without a disclaimer,≤100
109828352176704,Luiz Gustavo Sobral Fernandes,These ads ran without a disclaimer,≤100
109359807904005,Movimento Pessoas à Frente,Movimento Pessoas à Frente,≤100
108869335542665,The Energia Solar,These ads ran without a disclaimer,≤100
107926134331509,Hemerson Máximo,Hemerson Máximo,≤100
104161123005913,Fundação Tide Setubal,Fundação Tide Azevedo Setubal,≤100
124433647752397,Carmo Luiz,Carmo Luiz,≤100
212419326253179,YK Editora,These ads ran without a disclaimer,≤100
107063348442736,Cultura Jurídica,FMR - CURSOS ONLINE LTDA,≤100
863231400430276,Que conta é essa,Que conta é essa,≤100
112510965048495,juliomanna1,These ads ran without a disclaimer,≤100
221746064961162,Laudiceia Miranda,These ads ran without a disclaimer,≤100
116566381454446,shmoraisss.anki,shmoraisconcursos,≤100
103886345889377,Projeto Ofc Digital,These ads ran without a disclaimer,≤100
223383744823290,Deputado Federal Nicoletti,Antonio Nicoletti,≤100
108726882200842,Iceberg Podcast,Iceberg Podcast,≤100
1700227383437806,OC Advogados,Oliveira e Carneiro Sociedade de Advogados,≤100
1695544247372940,Dr. Francisco,Dr Francisco Costa,≤100
104456481092467,Carlos Kayoda - Estrategista Político,Carlos Kayoda,≤100
173698339802515,Rafael Brito,Rafael Brito,≤100
506417589696816,Asbraf,ASBRAF,≤100
554603237933787,Julia Vidal .: Moda afro indígena brasileira,Julia Vidal Etnias Culturais,≤100
102046893217762,Escola de Negócios e Seguros,Escola de Negócios e Seguros,≤100
1395262287361184,Simon Linhares Busarello Advogados,These ads ran without a disclaimer,≤100
109785372399873,IAB - Instituto dos Advogados Brasileiros,Instituto dos Advogados Brasileiros,≤100
103413148076246,advflavianemoura,These ads ran without a disclaimer,≤100
106823419148116,sheyy_anne,These ads ran without a disclaimer,≤100
111498314691810,Lucas Bove,Lucas Bove,≤100
105574921046701,Agroforestry Carbon,Agroforestry Carbon,≤100
170196033315118,Vereador Ulisses Marins,Vereador Ulisses Marins,≤100
100972262995672,falapedroso,These ads ran without a disclaimer,≤100
231970073519906,Prefeitura de Três Lagoas,Prefeitura de Três Lagoas,≤100
1033864016716767,Trabalho Notável,These ads ran without a disclaimer,≤100
111139578897266,Médicos Sem Fronteiras,These ads ran without a disclaimer,≤100
101559954795397,Bruno Nunes,These ads ran without a disclaimer,≤100
219825344705412,Deputado André Corrêa,André Correa,≤100
582678941809143,Delegada Martha Rocha,Martha Mesquita da Rocha,≤100
109440325463738,Clara,Clara,≤100
113658271724301,Agência Catarinense de Notícias - ACN,Agência Catarinense de Notícias - ACN,≤100
115172553721431,Perfil Brasil,Grupo Perfil,≤100
110239125150275,ednelsonsobral,These ads ran without a disclaimer,≤100
102449285907818,Genio Carbon,Genio Carbon,≤100
1543051279253905,Editora Vestígio,Editora Vestígio,≤100
115449086912280,Eduardo Cursino,Eduardo Cursino,≤100
161406070640025,Educação e Território,Cidade Escola Aprendiz,≤100
236469113158293,Associação Italiana Coral São José de Botuverá - Coral Giuseppe Verdì,Associação Italiana Coral São José de Botuverá,≤100
111961571700976,Score alto,Score alto,≤100
105830512489078,Arte e Entretenimento,Arte e Entretenimento,≤100
103016289531569,Marcio Santana,These ads ran without a disclaimer,≤100
122783150794468,Conselheiro Paulo Roberto Beto,These ads ran without a disclaimer,≤100
106028069061340,Rodrigo Kriguer,These ads ran without a disclaimer,≤100
104844171820023,rio.vinialves,These ads ran without a disclaimer,≤100
108069569023004,@vereadora Priscila,These ads ran without a disclaimer,≤100
1024840290996769,Lucas Pimenta,Lucas Pimenta,≤100
102499684669319,Márcio Lemos,Márcio Lemos,≤100
1474026932838483,Ivana Bastos,Ivana Bastos,≤100
1531312407085067,Rafaela Camaraense,Rafaela Camaraense,≤100
273910272715136,Cleiton Fossá,Cleiton Fossá,≤100
102644869567149,Conti Coisas,These ads ran without a disclaimer,≤100
113676935411485,Eder Magrão Clube Fm 101.9,eder gean silva,≤100
159394350833983,Diário do Comércio,Diário do Comércio,≤100
107809564197704,Cetur - Conselho Empresarial de Turismo da CNC,These ads ran without a disclaimer,≤100
1076634549195104,Professora Flávia Cabral,Professora Flávia Cabral,≤100
465508674236677,Edmar Ptak,Edmar Ptak,≤100
413293045521944,Suender - Vereador  Anápolis/GO,Suender Teodoro da Silva,≤100
130752594135445,Vereador José Freitas,Vereador José Freitas,≤100
1435540446680839,Anadem - Sociedade Brasileira de Direito Médico e Bioética,Sociedade Brasileira de Direito Médico e Bioética - ANADEM,≤100
101360715291243,Guívson Leal,These ads ran without a disclaimer,≤100
2179274775691952,Flávia Mércia,These ads ran without a disclaimer,≤100
101946104864135,Motta e Assumpção Advogados,These ads ran without a disclaimer,≤100
1901525780074995,Portal Pontual,Pontual pesquisas e mídias Eireli,≤100
102197194725525,Sinpeem,Sinpeem,≤100
1931989763744839,Gilson Marques,Gilson Marques,≤100
101918699014809,Estúdio 5º Elemento,These ads ran without a disclaimer,≤100
145536926197315,Papo de Garagem,Papo de Garagem,≤100
105818152261612,Enes Cândido,Enes Cândido,≤100
103105899136823,quitanda.literaria,These ads ran without a disclaimer,≤100
500679196780578,Instituto Ekos Brasil,Instituto Ekos Brasil,≤100
112638585090860,claudiosantosth,These ads ran without a disclaimer,≤100
127789930632668,Conectas Direitos Humanos,ASSOCIAÇÃO DIREITOS HUMANOS EM REDE,≤100
103761079208858,anjodoarcapitalsp,These ads ran without a disclaimer,≤100
588818864464639,Imprensa Pública,Imprensa Pública,≤100
104202962384264,República dos Patos,República dos Patos,≤100
107553494156169,Marcelo Giovanini,Marcelo Giovanini,≤100
105395595698794,Paulo De Laia,These ads ran without a disclaimer,≤100
109292904811277,justinianofrancaf,These ads ran without a disclaimer,≤100
101085402822631,Mateus Zani MKP,Mateus Zani MKP,≤100
109583428661689,Associação Monteiro Solidário,These ads ran without a disclaimer,≤100
101444776352500,Jefferson Lucas,These ads ran without a disclaimer,≤100
101136132628523,NOVA Advocacia,NOVA Advocacia,≤100
107284055290696,Júlio Rufino,Júlio Rufino,≤100
130635826965893,Artesol,Artesol – Artesanato Solidário,≤100
1234356009921082,Nathália Bomfim Advocacia,These ads ran without a disclaimer,≤100
723230227842589,Câmara Municipal de Sorriso,CAMARA MUNICIPAL DE SORRISO,≤100
220869642128846,Editora Telha,Editora Telha LTDA,≤100
640048019400474,Gisele Welsch,These ads ran without a disclaimer,≤100
153278282047297,Portal Vade News,These ads ran without a disclaimer,≤100
157403084610512,Vereador Filipe Marchesi,Vereador Filipe Marchesi,≤100
127139487368866,Rui Falcão,Rui Falcão,≤100
102022379224754,aprovados_deltaam,These ads ran without a disclaimer,≤100
112209461379124,elizinho_oficial,These ads ran without a disclaimer,≤100
1437374416496807,MSTL - Movimento Sem Terra de Luta,MSTL - Movimento Sem Terra de Luta,≤100
111648137816488,IEPfD Instituto de Estudos e Pesquisas para o fortalecimento da Democracia,IEPfD - Instituto de Estudos e Pesquisas para o fortalecimento da Democracia,≤100
1731257107093456,Prof Helton Kramer,Prof Helton Kramer,≤100
171003873032425,Wilsinho da Tabu,Wilsinho da Tabu,≤100
103374445989530,Matheus Fraga de Araujo,Matheus Fraga de Araujo,≤100
113927299256504,Alex Bodinho,These ads ran without a disclaimer,≤100
210383352904859,Dedicação Delta,These ads ran without a disclaimer,≤100
185045679113900,Hiato Conteúdo Digital,These ads ran without a disclaimer,≤100
111461254908316,profthiagotelis,These ads ran without a disclaimer,≤100
1634260070223161,Rodrigo FarmaDic,Rodrigo FarmaDic,≤100
761821173948171,Rafael Alves,These ads ran without a disclaimer,≤100
106064135263102,Lugar de mulher é na política,These ads ran without a disclaimer,≤100
2053204664939272,Facilita Pré Concurso,Facilita Pré Concurso,≤100
423779541425056,Vereador Roberto da Quadra,Vereador Roberto da Quadra,≤100
396626607095420,Magda Mofatto,Magda Mofatto,≤100
1032715603539066,SOS  Brasil Soberano,Sindicato dos Engenheiros no Estado do Rio de Janeiro,≤100
113401851693860,Política Sincera,Política Sincera,≤100
102529859430804,Método Fast IA,Método Fast IA,≤100
113853730062057,GG Concursos,These ads ran without a disclaimer,≤100
105759218678121,FKP Eletrônico,These ads ran without a disclaimer,≤100
197940137267828,Luiz Zacarias,Luiz Zacarias,≤100
102667128647247,Recmanbr,These ads ran without a disclaimer,≤100
456485074374104,Sindipetro SP,SINDICATO DOS TR NAS IN DE EX PE PR RE DE AR DI E TRA ATRAVES DE DU E IM DE PE DE E SI DOS EST DE SP GO E D FEDERAL,≤100
104630766036357,midiadescoberta,These ads ran without a disclaimer,≤100
532685216941863,Daniel do Irineu,Daniel do Irineu,≤100
102269642043444,Proffilippeaugusto,These ads ran without a disclaimer,≤100
109583155429862,vmc.corporation,These ads ran without a disclaimer,≤100
971716929540046,Rubinho Nunes,Rubinho Nunes,≤100
107199372258573,Direito Do Dia,These ads ran without a disclaimer,≤100
2419372891669210,MS em Brasília,MS em Brasília,≤100
112091281541899,Foco Na Música,These ads ran without a disclaimer,≤100
212409802106965,ANDI - Comunicação e Direitos,ANDI Comunicação e Direitos,≤100
121887000840367,Valéria Valéria,These ads ran without a disclaimer,≤100
615268935597331,Aprenda Fazendo,These ads ran without a disclaimer,≤100
100217162856993,Patrimônio Imaterial do Rio,These ads ran without a disclaimer,≤100
102107762827940,Instituto Partilhar,These ads ran without a disclaimer,≤100
386613051435067,TOTO ARTES,TOTO ARTES,≤100
222920544508391,Centro Cultural de Educação Popular de Rio das Ostras,These ads ran without a disclaimer,≤100
134576013245670,PSR - Energy Consulting and Analytics,These ads ran without a disclaimer,≤100
238761896484083,Rosana Valle,Rosana Valle,≤100
898781593475625,Bom de Bola - informa,These ads ran without a disclaimer,≤100
474469842917290,Cristiano Vertelo,Cristiano Vertelo,≤100
101457966201991,laboremusindustria,These ads ran without a disclaimer,≤100
101928459402878,Show Money,NATURALE HEALTH PRODUTOS NATURAIS,≤100
112171221915335,Vereador Claudio Janta,Claudio Janta,≤100
556857124396136,Sindisaúde - RS,Sindisaúde-RS,≤100
118554974504947,Casal Consultoria,These ads ran without a disclaimer,≤100
107717962174483,JMD3 Inspeção Veterinária,These ads ran without a disclaimer,≤100
1924473111101782,Moises Rabinovici,These ads ran without a disclaimer,≤100
101826719606739,unyambiental,These ads ran without a disclaimer,≤100
287680017998870,Focus Concursos Públicos,These ads ran without a disclaimer,≤100
257253784375215,Frases de Reyck Lovis,Frases de Reyck Lovis,≤100
281009275825482,Radio ES,These ads ran without a disclaimer,≤100
314201762284041,Fundação Friedrich Ebert - Brasil,Fundação Friedrich Ebert - Brasil,≤100
105445725945612,Pra Frente Cremers,Pra Frente Cremers,≤100
359545214736234,Fundação Podemos,These ads ran without a disclaimer,≤100
295410927982505,Ceci Herrmann Rocha,These ads ran without a disclaimer,≤100
1403191786568329,Senac EAD,These ads ran without a disclaimer,≤100
108925335385417,landmarkrios,These ads ran without a disclaimer,≤100
101461472775199,ortuam_fideles,These ads ran without a disclaimer,≤100
152581414866887,"Moreno, Paulino & Soares Advogados","Moreno, Paulino & Soares Advogados",≤100
113144011645742,revistasaudenewsbr,These ads ran without a disclaimer,≤100
121876754159912,Informação do Dia,These ads ran without a disclaimer,≤100
1388528287892880,Juntos Construiremos um Mundo Melhor,These ads ran without a disclaimer,≤100
102551538798020,Historiadelas,Historiadelas,≤100
107480040732904,DigitalFlow Management,DigitalFlow Management,≤100
210467206143608,Portal de Prefeitura,Portal de prefeitura,≤100
113650866857533,Diversitera,Diversitera,≤100
232870000185994,Clube do Livro BH,These ads ran without a disclaimer,≤100
788937347960715,Camaçari na Íntegra,Camaçari na Íntegra,≤100
656965247684115,Zequinha Marinho,Zequinha Marinho,≤100
459175011296799,Deyvid Breis,Deyvid Breis,≤100
100696382828566,blogdowallace,These ads ran without a disclaimer,≤100
110659551385301,narotadosantigoscasaroes,These ads ran without a disclaimer,≤100
196548557024498,FACESP - Federação das Associações Comerciais do Estado de São Paulo,Facesp,≤100
101382526038990,rickriccal,These ads ran without a disclaimer,≤100
101010949258152,Cachaça Artesanal do Mestre,These ads ran without a disclaimer,≤100
293635637322432,Maior Torcida,These ads ran without a disclaimer,≤100
105028097795943,Iza Vicente,Iza Vicente,≤100
112266037142757,alldrym,These ads ran without a disclaimer,≤100
107386675472442,Contadora Bruna Dias,These ads ran without a disclaimer,≤100
102384175883657,santoscomerciodecafe,These ads ran without a disclaimer,≤100
103177755385518,Folhas Das Montanhas,These ads ran without a disclaimer,≤100
113948618280845,MGD Digital,These ads ran without a disclaimer,≤100
102754602842124,Alessandra Marques,These ads ran without a disclaimer,≤100
452258221489387,Velhos Malandros,These ads ran without a disclaimer,≤100
760561963985631,Luiz Marenco - Deputado Estadual,Luiz Marenco - Deputado Estadual,≤100
1729080530702072,Roberto Naves Prefeito,Roberto Naves Prefeito,≤100
328142457316749,Palhaça Rubra,These ads ran without a disclaimer,≤100
1008846355811866,Lincoln Reis,Lincoln Reis,≤100
153628338095740,Zé Nunes,Zé Nunes,≤100
103505779186997,Eduardo Cury,These ads ran without a disclaimer,≤100
102395734972653,Eduardo Sanches,Eduardo Sanches,≤100
1674919632780383,Placo do Brasil,Placo do Brasil,≤100
1501969216506347,"Vereador Denis, o filho do Pedrinho do Mercado","Vereador Denis, o filho do Pedrinho do Mercado",≤100
1613277542231707,Douglas Carbonne,Douglas Carbonne,≤100
409733062460769,Beth Sahão,Beth Sahão,≤100
135338919876195,Ecogen Brasil,These ads ran without a disclaimer,≤100
121015387665087,Bianca Cruvinel,These ads ran without a disclaimer,≤100
1317691638293651,Caxiasnet,These ads ran without a disclaimer,≤100
475498829176954,Funpresp-Exe,These ads ran without a disclaimer,≤100
113937044996012,dr.jorgeakel,These ads ran without a disclaimer,≤100
157982450937286,Senador Carlos Viana,Senador Carlos Viana,≤100
103670478487349,segurosemsegredo,These ads ran without a disclaimer,≤100
2398669613511168,Vereador Cabo Cassol,Ananias Cassol,≤100
102384321716297,Advocacia Cortona e Ranieri,Advocacia Cortona Ranieri,≤100
100231989691746,jikooklovememories,These ads ran without a disclaimer,≤100
101136066234268,Andre Luis da Silva Campos,These ads ran without a disclaimer,≤100
104236069399302,Fuga do Tema,These ads ran without a disclaimer,≤100
444117346371939,Ivo Neto,Ivo Neto,≤100
159394350833983,Diário do Comércio,These ads ran without a disclaimer,≤100
109041232151743,O Penido Vinícius,These ads ran without a disclaimer,≤100
104387252334800,fabioxavierpi,These ads ran without a disclaimer,≤100
104368311440632,Junior Leite,Junior Leite,≤100
217295094966945,Ciência Hoje,These ads ran without a disclaimer,≤100
117212357972855,artenococoatelie,These ads ran without a disclaimer,≤100
596622527666245,Grupo Ampare,Grupo Ampare,≤100
115874728116848,Jordan Santana,These ads ran without a disclaimer,≤100
103921808519498,cruxen_advogados,These ads ran without a disclaimer,≤100
101778129634471,geopoliticaemdebate,These ads ran without a disclaimer,≤100
111190528389354,Movimento da Convivência,These ads ran without a disclaimer,≤100
101190572135699,Futuro da Saúde,These ads ran without a disclaimer,≤100
103179011534802,Vanja,Vanja,≤100
488522157948560,Sebastião Rezende,Sebastião Rezende,≤100
100368069403722,Litto Lima,These ads ran without a disclaimer,≤100
1481798875472193,Paulo Cezar Martins,Paulo Cezar Martins,≤100
1581646895404044,SINTSAÚDERJ - Sindicato dos Trabalhadores no Combate às Endemias no RJ,These ads ran without a disclaimer,≤100
148794291858816,Bene Barbosa,These ads ran without a disclaimer,≤100
102795885694138,milokibullz,These ads ran without a disclaimer,≤100
108625789179165,Soi Dog Foundation,These ads ran without a disclaimer,≤100
103793838011907,Júlio Ferreira Volta Redonda,These ads ran without a disclaimer,≤100
105433098937696,Fun Magazine Club,These ads ran without a disclaimer,≤100
101165605992292,Amigos da Palestina,These ads ran without a disclaimer,≤100
282554605481439,Selina,These ads ran without a disclaimer,≤100