﻿Page ID,Page name,Disclaimer,Amount spent (USD),Number of ads in Library
111945760731718,ຮັບເຮັດ CV ເພື່ອໃຊ້ສະໝັກວຽກ,These ads ran without a disclaimer,≤100,1
135073411731685,BBBgamers LiveShow,These ads ran without a disclaimer,≤100,1
299227550122220,Radio Cina Internazionale,These ads ran without a disclaimer,≤100,1
244196442342820,Muslim Pro,These ads ran without a disclaimer,≤100,1
103497027790225,Fonos,These ads ran without a disclaimer,≤100,1
106256777922958,SEA Today News,These ads ran without a disclaimer,≤100,1
111679394767549,المشروع القومي لمشتقات البلازما,These ads ran without a disclaimer,≤100,1
322865159833,RCD Espanyol de Barcelona,These ads ran without a disclaimer,≤100,5