﻿Page ID,Page name,Disclaimer,Amount spent (TWD)
238507146264909,國際特赦組織 台灣分會 Amnesty International Taiwan,國際特赦組織 台灣分會 Amnesty International Taiwan,670
267210596804238,啟德機械起重工程-股公司,鈺梅蔡,293
569626243213799,生鮮時書,生鮮時書,247
693907914395620,良杯製所 Oolab,良杯製所 Oolab,222
335544036485779,經濟部,經濟部,201
148475335184300,Greenpeace 綠色和平 (台灣網站),Greenpeace 綠色和平 (台灣網站),179
106801464127093,目目非營利 MUVE NPO,目目非營利,168
105864701769057,瑞馳智庫學院,瑞馳智庫股份有限公司,155
1436850183290438,One-Forty,One-Forty,153
101167718281657,徐勝凌,勝凌徐,142
286487218798,遠見雜誌,遠見雜誌,127
105556085524776,Twpca-台灣野良犬照護協會,Twpca-台灣野良犬照護協會,124
109462390640602,企業勞動法務管理顧問-勞動契約、勞資爭議、勞務健檢、教育訓練、法律事務、法律風險控管,芸廷 林,103
241284961029,udn.com 聯合新聞網,udn.com 聯合新聞網,103
390569611008641,願景工程基金會 Vision Project,願景工程基金會,101
127702360634620,張媽媽流浪動物之家,貝殼放大,≤100
177161918975981,基督教芥菜種會,基督教芥菜種會,≤100
113021403762187,法律協會-債務協商 更生 清算 -全台服務,傢宇 吳,≤100
467933563234921,南門書局-網路圖書名店、也有實體店面，誠信可靠！,玉河 孫,≤100
850754301947812,鏡新聞,鏡新聞,≤100
383894332404945,陳慶齡 新竹市議員,晧瑀 吳,≤100
286487218798,遠見雜誌,These ads ran without a disclaimer,≤100
110699089014688,三立新聞,三立新聞,≤100
103141681121150,城市學,遠見雜誌,≤100
1629474157289221,小牛頓,小牛頓科學教育有限公司,≤100
171759036215066,創世紀不動產教育訓練中心,Micky  Wu,≤100
1649523455281990,遠山呼喚,遠山呼喚,≤100
436843193180529,Unipapa,Unipapa,≤100
125386714156073,天使心家族社會福利基金會,天使心家族社會福利基金會,≤100
201785650801,亞洲大學(Asia University Taiwan),亞洲大學,≤100
143501712383911,白雪姬 喫趣玩,These ads ran without a disclaimer,≤100
101355918337667,地天泰國際顧問有限公司,地天泰國際顧問有限公司,≤100
436202956432960,Technews 科技新報,Technews 科技新報,≤100
106118168971467,債務人權益協會 扣薪 協商 更生 清算,傢宇 吳,≤100
236329653113740,台灣玩具圖書館,台灣玩具圖書館,≤100
451740055338297,吳淑君,吳承宗,≤100
191690867518507,江啟臣,江啟臣,≤100
127628276929,天下雜誌,天下雜誌,≤100
103219708815173,蕭立妍,Li Yen Hsiao,≤100
235679595900,民視新聞,民視新聞,≤100
201107280815936,潔淨學-不咬手潔淨體貼,永勝 許,≤100
211730475524462,大陸委員會,大陸委員會,≤100
796994720374176,鳴人堂,鳴人堂,≤100
1847777185521418,放言 Fount Media,放言科技傳媒股份有限公司,≤100
739049559498402,元氣網,udn.com,≤100
158025223269,今周刊,今周刊,≤100
1537741526464370,桃園市議長邱奕勝,奕勝 邱,≤100
116806840188577,中華民國不動產經營管理協會,中華民國不動產經營管理協會,≤100
1649151078446134,卓冠廷,冠廷卓,≤100
1855418728011324,鏡週刊,鏡週刊,≤100
224048024739982,段樹文,段樹文,≤100
158723167479444,再生能源資訊網,These ads ran without a disclaimer,≤100
186034394769383,國泰人壽,These ads ran without a disclaimer,≤100
1487218698275407,南門書局二店-網路特價書店-也有實體店面，價格親民，誠信可靠的老店。（師友文化）,玉河 孫,≤100
170671044596,天主教善牧基金會,天主教善牧基金會,≤100
469433823136537,CSRone永續觀點,CSRone永續觀點,≤100
1043591575667511,後龍鎮公所,宗毅 吳,≤100
359293781476624,看護達人 華鎰仲介,看護達人 華鎰仲介,≤100
226660410787355,民視體育新聞,民視新聞,≤100
175549807657,台達基金會,These ads ran without a disclaimer,≤100
679518422104905,民視全球新聞,民視新聞,≤100
186593071836,商業周刊（商周.com）,商業周刊（商周.com）,≤100
103921062032627,苗栗縣非都市土地再生能源發電案場巡監綠電巡守隊,振宏林,≤100
347432368933987,LINE TODAY Taiwan,LINE TODAY Taiwan,≤100
108696572024879,民視嘎哩供,民視新聞,≤100
110836311758305,關鍵調查有限公司,關鍵調查有限公司,≤100
449156429152075,永安國際理財中心,永安國際理財中心,≤100
104624290080479,張育美,翊斌黃,≤100
125534862174582,法律萬狀通-書狀生成,法律萬狀通-書狀生成,≤100
239512030682497,第一手星聞,民視新聞,≤100
109946254161907,Tommy 獨立理財顧問,詠程 許,≤100
103430975890636,月付大人 - 免卡支付,These ads ran without a disclaimer,≤100
219315794887869,聯合報,聯合報股份有限公司,≤100
215213505975,FUNDAY英語教育,FUNDAY英語教育,≤100
250273442196918,婷好的議員 黃琤婷,琤婷黃,≤100
103032645529885,菱傳媒,菱傳媒,≤100
101046209392101,新事貸-新鑫特優經銷商,新事貸-新鑫特優經銷商,≤100
112571907179969,玩霸教育,思揚 蘇,≤100
1385833738386412,徐志榮,嘉玲 詹,≤100
354149841356884,哈本咖啡 Happen Coffee,林奕丞,≤100
241403045973,IC 之音 FM97.5,IC 之音 FM97.5,≤100
1143105075726336,左轉有書 TouatBooks,慧如 張,≤100
281219301931458,蔡其昌,蔡其昌,≤100
237483602952352,黃適卓,適卓 黃,≤100
101718182459153,天秤座戰士,Companionship Digital,≤100
109358201564879,反廢死Q&A,天恩鄭,≤100
195094157238158,好立委 楊瓊瓔,宛儀林,≤100
1645501069043806,科科性別,國立高雄師範大學,≤100
101576862144790,工程師看政治,玄超 黃,≤100
148513668543221,地球公民基金會,地球公民基金會,≤100
673035569401167,育田基金會 Mercyland,財團法人育田社會福利慈善基金會,≤100
306276709452272,文化部,文化部,≤100
157825744293951,The Garden of Hope Foundation- International Affairs 勵馨基金會國際事務,The Garden of Hope Foundation- International Affairs 勵馨基金會國際事務,≤100
593374924100942,經濟民主連合,社團法人經濟民主連合,≤100
100440469276192,坐島觀天In the view of Taiwanese,立場新聞-台灣,≤100
204862942932993,Nikkei Asia,These ads ran without a disclaimer,≤100
341828817053225,新故事運動 New Story Movement,新故事運動 New Story Movement,≤100
101438659233740,卓越電子報,縱橫加策略公司,≤100
469433823136537,CSRone永續觀點,These ads ran without a disclaimer,≤100
1608253896154169,王立第二戰研所,These ads ran without a disclaimer,≤100
1023570434380861,鮮享農YA - 農糧署,鮮享農YA - 農糧署,≤100
162701220453187,新北市議員 陳永福,陳韋任,≤100
276861822357066,高金素梅(吉娃斯．阿麗),智葟 陳,≤100
1503745219913314,"孫大千Sun, Ta-Chien",宜軒 李,≤100
105742975534267,吳明宜,吳明宜,≤100
2199675410320212,台灣制憲基金會 TNC,台灣制憲基金會 TNC,≤100
376261345868585,李文斌,楊喬淩,≤100
1036327563072355,E Ink 永續進行式,These ads ran without a disclaimer,≤100
1559815210701221,新台灣和平基金會,財團法人新台灣和平基金會,≤100
123082847747496,婦女救援基金會,財團法人台北市婦女救援社會福利事業基金會,≤100
107162861090654,法律協會-前置協商  更生 清算  免費諮詢,Yaya Lin,≤100
105148527828001,Marguez YT,These ads ran without a disclaimer,≤100
108626628757581,陳子榕,These ads ran without a disclaimer,≤100
481065478629613,The News Lens 關鍵評論網,These ads ran without a disclaimer,≤100
750731415621118,Remote Sensing MDPI,These ads ran without a disclaimer,≤100
653304151485828,Bloomberg Asia,These ads ran without a disclaimer,≤100
327115907736300,Asia Global Institute,These ads ran without a disclaimer,≤100