﻿Page ID,Page name,Disclaimer,Amount spent (SEK)
371791194529,Världsnaturfonden WWF,Världsnaturfonden WWF,486
369582590803,Dagens ETC,ETC-tidningarna,313
608975645850217,Vattenfall,Vattenfall Sverige,291
126567104406,Hyresgästföreningen,Hyresgästföreningen,227
122854408319,Hjärt-Lungfonden,Hjärt-Lungfonden,225
151159271594797,Systembolaget,Systembolaget,198
72659261793,Rädda Barnen,Rädda Barnen,142
162985227114132,Skellefteå Kraft,Skellefteå Kraft,131
180578795331360,Svenskt Näringsliv Blekinge,Svenskt Näringsliv,≤100
144395935966586,Generation Pep,Generation Pep,≤100
309283471958,Hyresgästföreningen Region Sydost,Hyresgästföreningen Region Sydost,≤100
161213770567846,Operation Smile Sverige,Operation Smile Sverige,≤100
111630258867610,Röda Korset,Röda Korset,≤100
101341883359561,Matsmart Sverige,Matsmart,≤100
95735961890,Greenpeace Sverige,Greenpeace Sverige,≤100
19746853632,Djurens Rätt,Djurens Rätt,≤100
341237002630986,Karlshamns kommun,Karlshamns kommun,≤100
68115370786,Läkare Utan Gränser (MSF),Läkare Utan Gränser/ Médecins sans Frontières (MSF Sweden),≤100
643137272398136,Sverige för UNHCR,Sverige för UNHCR,≤100
128452220525979,CIVIL RIGHTS DEFENDERS,CIVIL RIGHTS DEFENDERS,≤100
382243262003,Plan International Sverige,Plan International Sverige,≤100
130927360876045,Tidningen Näringslivet,Tidningen Näringslivet,≤100
187832004591985,LO-distriktet i Småland och Blekinge,LO-distriktet i Småland och Blekinge,≤100
133867976608,Naturskyddsföreningen,Naturskyddsföreningen,≤100
179931025357058,Kommunal,Kommunal,≤100
150057951690751,OKQ8,OKQ8,≤100
90882504375,Svenskt Näringsliv,Svenskt Näringsliv,≤100
676246449160270,Sverigedemokraterna,Sverigedemokraterna,≤100
98623096089,Lantmännen,Lantmännen,≤100
122854408319,Hjärt-Lungfonden,Hjärt-lungfonden,≤100
236879092476,Håll Sverige Rent,Håll Sverige Rent,≤100
59324455950,UNICEF Sverige,UNICEF Sverige,≤100
109886133732943,RESCUE - Sverige,RESCUE - Sverige,≤100
18880778360,ActionAid Sweden,ActionAid Sweden,≤100
178193355556765,Nordström Assistans AB,Nordström Assistans AB,≤100
188616781161573,World Animal Protection Sverige,World Animal Protection Sverige,≤100
276108117859,Svenska Afghanistankommittén,Svenska Afghanistankommittén,≤100
369122343101775,e.on,E.ON Sverige AB,≤100
109969847586061,Morgon-Tidningen,AIP Media,≤100
2002046333202650,Bli nämndeman,Bli nämndeman,≤100
193309030695120,UR,UR,≤100
153028052500,Kvinna till Kvinna,Stiftelsen Kvinna till Kvinna,≤100
379686162129542,Svea Bank,Svea Ekonomi,≤100
8040892957,Socialdemokraterna,Socialdemokraterna,≤100
314872662206,Ekonomifakta,Ekonomifakta,≤100
212049035488183,The Hunger Project Sverige,The Hunger Project Sverige,≤100
236221570038,BRIS: Barnens Rätt I Samhället,BRIS: Barnens Rätt I Samhället,≤100
261455205686,LRF,LRF,≤100
183512318424647,Magdalena Andersson,Socialdemokraterna,≤100
181590825305317,COWI Sverige,COWI Sverige,≤100
195379633820701,Svenskt Kött,Svenskt Kött,≤100
237146235237,Timbro,Tankesmedjan Timbro,≤100
323156205347,Vänsterpartiet,Vänsterpartiet,≤100
42676805259,Diakonia,Diakonia,≤100
328754490337,Vårdförbundet,Vårdförbundet,≤100
108492218918,IF Metall,IF Metall,≤100
212604496324,Fackförbundet ST,Fackförbundet ST,≤100
412192732132640,ECPAT Sverige,ECPAT Sverige,≤100
125777020786691,Mikael Damberg,Socialdemokraterna,≤100
103296115466644,Skattenytta,Kommissionen för Skattenytta,≤100
518144408210153,Våra barns klimat,Våra barns klimat,≤100
118090278221826,Erikshjälpen,Erikshjälpen,≤100
312084019369,Dagens Medicin,Dagens Medicin,≤100
699391876922779,Veronica Magnusson,Veronica Magnusson,≤100
72832167834,Skattebetalarnas Förening,Skattebetalarnas Förening,≤100
212284955495610,Elektrikerna,Elektrikerna,≤100
115795772512,Stadsbiblioteket i Malmö,Stadsbiblioteket i Malmö,≤100
273053169937029,ClimateHero,ClimateHero,≤100
393959767360779,Sverigedemokraterna Region Skåne,Sverigedemokraterna Region Skåne,≤100
178362315106,European Parliament,European Parliament,≤100
153270724787,Amnesty International Sverige,Amnesty International Sverige,≤100
965458110149319,Byggindustrin,Byggindustrin,≤100
712230305617939,Uniper i Sverige,Uniper i Sverige,≤100
234172635050,Forum för levande historia,Forum för levande historia,≤100
186513678039755,Fortum,Fortum Sverige,≤100
128074247474,Björn Lundén,Björn Lundén AB,≤100
314283591054,Byggnads,Byggnads,≤100
253510692370,Arbetaren,Arbetaren,≤100
176527602394716,Olivia Personlig Assistans AB,Olivia Personlig Assistans AB,≤100
163820136238,LO Sverige,Landsorganisationen Sverige,≤100
539297539496434,Dagens Samhälle,Dagens Samhälle,≤100
356032977210,Vi-skogen,Vi-skogen,≤100
1481800888803487,Liberalerna Hässleholm,Liberalerna i Hässleholm,≤100
166406746310,Resumé,Resumé,≤100
355819811185620,Arba Kokalari,Moderaterna,≤100
113710601984970,Barnfonden,Barnfonden,≤100
100941935326134,RekonstruktionsGruppen,Rekonstruktionsgruppen Sverige AB,≤100
245214805905370,Konkret,Opulens Förlag AB,≤100
109609604086656,Vejpkollen.se,Vejpkollen.se,≤100
163305633746125,Karneval förlag,Holviks,≤100
268608766607208,Svensk Tidskrift,Svensk Tidskrift,≤100
296423575695,Afrikagrupperna,Afrikagrupperna,≤100
1042091032500520,Kvartal,Kvartal,≤100
100154266829621,Kyrkans Tidning,Kyrkans Tidning,≤100
588111131243298,Sverigedemokraterna Hässleholm,Sverigedemokraterna Hässleholm,≤100
1633181116933852,SvD Junior,SvD Junior (SvD),≤100
223053457729155,Unga Örnar,Unga Örnars Riksförbund,≤100
349041299054769,Kungl. Vetenskapsakademien,Kungl. Vetenskapsakademien,≤100
183959274989548,Landsbygdsnätverket,Landsbygdsnätverket,≤100
239855722130,Nyhetsmagasinet Fokus,Fokus,≤100
340169928419,Hotell- och restaurangfacket,Hotell- och restaurangfacket,≤100
1540294046226139,Feministsmeden,Feministsmeden,≤100
342952129133948,Kultur i Malmö,Kultur i Malmö,≤100
100253435575183,EPHI - Environment and Public Health Institute,Environment and Public Health Institute,≤100
129016447116122,Aktuell Hållbarhet,Aktuell Hållbarhet,≤100
175873745789190,Vänsterpartiet Göteborg,Vänsterpartiet Göteborg,≤100
217391588404948,Katalys,Katalys,≤100
115403725210334,Hand in Hand Sweden,Hand in Hand Sweden,≤100
989752884508948,Muharrem Demirok,Centerpartiet,≤100
266170183550491,Nya Kompisbyrån,Nya Kompisbyrån,≤100
2207590539284667,Vägfakta,Vägfakta,≤100
171732326218384,Handelsanställdas förbund,Handelsanställdas förbund,≤100
152953178070559,Kommunistiska Partiet,Kommunistiska Partiet,≤100
127063960674693,Svenska Freds- och Skiljedomsföreningen,Svenska Freds- och Skiljedomsföreningen,≤100
899603916845362,JAG Personlig assistans,JAG Personlig assistans,≤100
213401419608502,SE BARNEN,SE BARNEN,≤100
120216874723147,Svenskt Sigill,Svenskt Sigill,≤100
498767116802809,Vänsterpartiet Region Stockholm,Vänsterpartiet Region Stockholm,≤100
1458349331130704,Gårdsfisk,Gårdsfisk,≤100
324914190902686,Magasinet Paragraf,Magasinet Paragraf,≤100
161935043870264,Sverigedemokraterna Eskilstuna,Sverigedemokraterna Eskilstuna,≤100
347852331958080,En Företagares Vardag,En Företagares Vardag,≤100
255288010153,Sida - Styrelsen för Internationellt Utvecklingssamarbete,Sida - Styrelsen för Internationellt Utvecklingssamarbete,≤100
1432591790382295,ByMartinsdotter,By Martinsdotter,≤100
655649581113743,Sundsvalls kommun,These ads ran without a disclaimer,≤100
150909028299502,Jernkontoret,Jernkontoret,≤100
108878133830874,Grön flygplats,Projektet Grön Flygplats; finansierat av Svenska Regionala Flygplatser och Europeiska Regionala Utvecklingsfonden,≤100
279974638809211,Oxfam Sverige,Oxfam Sverige,≤100
210144295747664,Moderaterna i Region Dalarna,Moderaterna Dalarna,≤100
1439778006254125,Evin Incir,Socialdemokraterna i Europaparlamentet,≤100
273402369438867,By Billgren,By Billgren AB,≤100
1522679411362377,Lighthouse - Swedish Maritime RD&I collaboration platform,Lighthouse - Swedish Maritime RD&I collaboration platform,≤100
182726910344,Hela Sverige Ska Leva,Hela Sverige Ska Leva,≤100
111005714391,Scouterna,Scouterna,≤100
101320658099429,Renoveringsraseriet,Renoveringsraseriet,≤100
637235366608588,studietid,#studietid,≤100
119616511446407,World's Children's Prize,World's Children's Prize,≤100
614939535271869,Tobias Baudin,Socialdemokraterna,≤100
366372087366,Hegas Förlag - Lättläst,Hegas Förlag - Lättläst,≤100
173901972642378,Kristdemokraterna i Huddinge,Kristdemokraterna i Huddinge,≤100
197762513603868,MÄN,MÄN,≤100
337086006951883,Jessica Polfjärd,Moderaterna,≤100
223846164300912,Socialdemokrater för tro och solidaritet,Socialdemokrater för tro och solidaritet,≤100
329452290816078,Tidningen Market,Tidningen Market,≤100
300290481979,Södertälje kommun,Södertälje kommun,≤100
273254886116655,Motargument,Motargument,≤100
1230018870391467,Medborgerlig Samling Uppsala,Medborgerlig Samling Uppsala Län,≤100
175843834306,WaterAid Sverige,WaterAid Sverige,≤100
62044983625,The Amazing Society,The Amazing Society,≤100
135062563176874,Utrikespolitiska Institutet,Utrikespolitiska Institutet,≤100
287880713020478,Rörelsen,Rörelsen,≤100
108579507301489,Akavia,Akavia,≤100
186551088454918,Sverigedemokraterna Ljungby,Sverigedemokraterna Ljungby,≤100
699733880123060,Tjejjouren i Lund - en transinkluderande jour,Tjejjouren i Lund,≤100
45101268520,SSU,SSU,≤100
505229989560231,Kristdemokraterna i Skåne,Kristdemokraterna i Skåne,≤100
17775970938,Cancerfonden,Cancerfonden,≤100
237863203023150,Vänsterpartiet Umeå,Vänsterpartiet Umeå,≤100
230671826970236,Uppsala konstmuseum,Uppsala kommun,≤100
1447309755322652,Bostad 2030,Bostad 2030,≤100
127757523931098,Emrahus AB,Emrahus AB,≤100
257164037714257,Socialdemokraterna i Piteå,Socialdemokraterna i Piteå,≤100
231705333633358,Göteborgs stift Svenska kyrkan,Göteborgs stift Svenska kyrkan,≤100
518144408210153,Våra barns klimat,These ads ran without a disclaimer,≤100
108216678020301,CGH & Jobbfrågan,Svensk Jobbdemokrati,≤100
105968126106920,Repreve,These ads ran without a disclaimer,≤100
267353906619818,Mr. Gugu & Miss Go,These ads ran without a disclaimer,≤100
105910348941254,Dubai Aqar,These ads ran without a disclaimer,≤100