﻿Page ID,Page name,Disclaimer,Amount spent (GTQ)
331961940541181,Partido Victoria,Partido Político Victoria,≤100
110582257361172,Partido Azul,Partido Azul,≤100
142556265766634,Guatemala Visible,Guatemala Visible,≤100
102031516157107,TODOS San Francisco La Unión,These ads ran without a disclaimer,≤100
100228912981471,PAN - Partido de Avanzada Nacional,PAN - Partido de Avanzada Nacional,≤100
105073207967492,CTG Perú,These ads ran without a disclaimer,≤100
375281245833162,Televisión Española Internacional (TVE Internacional),These ads ran without a disclaimer,≤100
106908785419555,Goberna Guatemala,Goberna,≤100