﻿Page ID,Page name,Disclaimer,Amount spent (USD)
101183782205426,სინამდვილეში,Georgian Dream,≤100
225385184188101,ქართული ოცნება / Georgian Dream,ქართული ოცნება / Georgian Dream,≤100
406949709352265,Giorgi Vashadze / გიორგი ვაშაძე,Giorgi vashadze / გიორგი ვაშაძე,≤100
749989348701035,ეს ქვეყანა შენია • This country is yours,Civil Society Institute,≤100
133052760057128,Tabula - ტაბულა,Tabula - ტაბულა,≤100
104544911468291,შალვა პაპუაშვილი • Shalva Papuashvili,Georgian Dream,≤100
110768738297837,ქართული ოცნების ქალთა ორგანიზაცია / GD Women,Georgian Dream,≤100
107490771649032,GeoPress,GeoPress,≤100
103965262533554,არ აგარევინებთ,Davit Davitashvili,≤100
471759786227198,Factcheck.ge,Factcheck.ge,≤100
137044499682910,საბჭოთა წარსულის კვლევის ლაბორატორია Soviet Past Research Laboratory,Irakli Khvadagiani,≤100
1159313984168136,europop,Popsport,≤100
105294965729965,საქართველო უპირველეს ყოვლისა  • Georgia First,Georgia First,≤100
480323335835739,მაუწყებელი • Mautskebeli,მაუწყებელი • Mautskebeli,≤100
1436499703296575,მითების დეტექტორი,მითების დეტექტორი,≤100
109377544811018,რადიო ჯორჯიან თაიმსი / Radio Georgian Times,რადიო ჯორჯიან თაიმსი / Radio Georgian Times,≤100
651534988375338,POSTV - ანალიტიკა,POSTV LLC,≤100
1584966508384729,გოჩა ენუქიძე / Gocha Enukidze,Georgian Dream,≤100
133530100014336,ამერიკის ხმა,These ads ran without a disclaimer,≤100
103023169261614,Expo Health Tourism,These ads ran without a disclaimer,≤100
324253041382779,Xavier Cormier,These ads ran without a disclaimer,≤100