﻿Page ID,Page name,Disclaimer,Amount spent (VND)
105845511087981,TRUYỀN HÌNH AN VIÊN,Truyền hình Bchannel - BTV9 An Viên,17348
130233404302747,Đại học Thái Nguyên hệ trực tuyến,These ads ran without a disclaimer,6495
105473397490741,Phạm Thị Nga,These ads ran without a disclaimer,3509
108390095364515,Phạm Văn Thanh- Đặc Trị Xương Khớp,These ads ran without a disclaimer,1881
100529982975692,Poljot Int VN,These ads ran without a disclaimer,1514
1594005334231968,Daedong Korea Ginseng,These ads ran without a disclaimer,1307
111267731617802,Lương Y Phạm Văn Thanh - Người Thầy Y Đức,These ads ran without a disclaimer,619
108685817326606,Truther Piece Official,These ads ran without a disclaimer,274
100642569492416,Ng.Thị Thu Thảo,These ads ran without a disclaimer,246
101652479680270,Dung Bui,These ads ran without a disclaimer,≤100
109640204735998,JK_Authentic,These ads ran without a disclaimer,≤100
1433703283355526,Tủ Sách Pháp Luật,These ads ran without a disclaimer,≤100
100272509512968,Phó Giám Đốc Cao Quốc Hưng,These ads ran without a disclaimer,≤100
110961992051943,Ebook Tài Liệu,These ads ran without a disclaimer,≤100
105958092413680,Tài Chính Kinh Tế Bền Vững,These ads ran without a disclaimer,≤100
112252328558942,Rc172-2,These ads ran without a disclaimer,≤100
101291915685026,Thầy Thuốc Nhân Dân Phạm Văn Thanh,These ads ran without a disclaimer,≤100
101478189323986,Thầy Phạm Văn Thanh Lào Cai,These ads ran without a disclaimer,≤100