﻿Page ID,Page name,Disclaimer,Amount spent (ZAR)
1249402458491333,"ThreatLocker, Inc",These ads ran without a disclaimer,952
1019691118063870,Traverse Le Goff MP,Traverse Le Goff MP,623
147301545821830,Vryheidsfront Plus Wes-Kaap / Freedom Front Plus Western Cape,Vryheidsfront Plus / Freedom Front Plus,480
109374997915302,Mayor Geordin Hill-Lewis,Mayor Geordin Hill-Lewis,383
112315630440653,Cape Independence Advocacy Group,Cape Independence Advocacy Group,327
1613030308842801,Democratic Alliance Western Cape,Democratic Alliance,275
136956534616,Times LIVE,TimesLIVE,223
101051196020136,Democratic Alliance Durbanville / Blaauwberg 2 Constituency,Democratic Alliance,215
101529422826181,Archwey for The Ocean Race,These ads ran without a disclaimer,200
2145594122138312,Action Society,Action Society,165
102265308016316,Al Jama-ah,Al Jama-ah,139
1479166275635514,Western Cape Provincial Parliament,Western Cape Provincial Parliament,137
581475018952196,Good,GOOD Political Party,137
181204251979581,NEASA,National Employers' Association of South Africa,≤100
107169379305548,TLU SA,TLU SA,≤100
187645864452,Vryheidsfront Plus / Freedom Front Plus,Vryheidsfront Plus / Freedom Front Plus,≤100
740116816003959,Western Cape Government,Western Cape Government,≤100
379138726819,ACDP,African Christian Democratic Party,≤100
478479492268974,Sunday Times ZA,Sunday Times,≤100
446648162438519,Thisisacumen,Acumen Media Management,≤100
106172744063430,The Daily Friend,The Daily Friend,≤100
655159287883514,Berlin Art Institute,These ads ran without a disclaimer,≤100
235176106566951,DA Bitou / Plettenberg Bay,These ads ran without a disclaimer,≤100
105758608971668,Free Speech Union South Africa,Free Speech Union South Africa,≤100
311936835992045,Dear South Africa,DearSA,≤100
134187920103120,Dr. J. Reid (Neurologist),Johan Reid,≤100
1770207119865540,Civics Academy ZA,Civics Academy ZA,≤100
1271402709601865,HEALA,HEALA,≤100
165246196904704,Sakeliga,Sakeliga,≤100
217696894929887,FW de Klerk Foundation,FW de Klerk Foundation,≤100
109136451414156,Educate Don't Indoctrinate,Educate Don't Indocrinate,≤100
614441158766955,Vote Dr Sipho P. Malapane 2024,Sipho Pienaar Malapane,≤100
225941290782035,Parliament of the Republic of South Africa,Parliament of the Republic of South Africa,≤100
123971017684407,HeraldLIVE - Nelson Mandela Bay,HeraldLIVE,≤100
108176937713878,AbafaziPhambili,AbafaziPhambili,≤100
1196196390526965,Facebook Surveys,These ads ran without a disclaimer,≤100
296109180584244,Bling Me Beautiful,These ads ran without a disclaimer,≤100