﻿Page ID,Page name,Disclaimer,Amount spent (THB)
972019486321939,บู้ จเด็ศ จันทรา,จเด็ด จันทรา,2477
197431367819037,กลุ่มรักพิษณุโลก - บวรเดช,บวรเดช ปาล์ม หล้าแหล่ง,244
104427797605274,ดร.เฉลิมชัย ศรีอ่อน รัฐมนตรีว่าการกระทรวงเกษตรและสหกรณ์,ดร.เฉลิมชัย ศรีอ่อน รัฐมนตรีว่าการกระทรวงเกษตรและสหกรณ์,≤100
157659344260788,จุรินทร์ ลักษณวิศิษฏ์ Aoodda,Jurin Laksanawisit,≤100
345127652279503,มูลนิธิสากลเพื่อคนพิการ,มูลนิธิสากลเพื่อคนพิการ,≤100
296508406790,"Democrat Party, Thailand พรรคประชาธิปัตย์","Democrat Party, Thailand พรรคประชาธิปัตย์",≤100
1635406246730420,วรงค์ เดชกิจวิกรม - Warong Dechgitvigrom,Supaporn Sakuljuy,≤100
204016840519336,ศ.ดร.นฤมล ภิญโญสินวัฒน์,ศ.ดร.นฤมล ภิญโญสินวัฒน์,≤100
100454798870209,พรรคเส้นด้าย - Zendai Party,พรรคเส้นด้าย - Zendai Party,≤100
111341764925564,สำนักสนับสนุนการพัฒนาระบบสุขภาพ - สำนัก 7 สสส.,สำนักสนับสนุนการพัฒนาระบบสุขภาพ - สำนัก 7 สสส.,≤100
115922723434700,ครูเจพีสรุปย่อ for Teacher,ครูเจพีสรุปย่อ for Teacher,≤100
109239188766815,ดร. วิทยา อินาลา,Klod Sawadputsra,≤100
101504656149099,Peace Sasipatra  - ศศิร์ภัทรา พชิราพิชาพัฒน์,Peace Sasipatra  - ศศิร์ภัทรา พชิราพิชาพัฒน์,≤100
622674297897819,Screenshirt2020,Screenshirt2020,≤100
109720095237186,กษิรัช สุวรรณเพ็ญ - ประชาธิปัตย์ ตาก,Kasirat Suwanpen,≤100
102530815945359,องอาจ วชิรพงศ์,Areeya Namdokmai,≤100
480222865705980,สรรเพชญ บุญญามณี,สรรเพชญ บุญญามณี,≤100
514800142336756,ดร. นิพนธ์ แจ่มจำรัส ชลบุรี เขต 7,Kevin Maltig,≤100
2263098807292933,ทนายศฤงคาร  ข่ายสุวรรณ์,Saringkan Khaisuwon,≤100
109316932096944,ดร.พร้อมพงศ์ นพฤทธิ์ - Dr.Prompong Nopparit,Prompong Nopparit,≤100
520508461475632,เรียนเหอะ อยากสอน,These ads ran without a disclaimer,≤100
108515294626891,สอบข้าราชการท้องถิ่น By Thurakan,Chiraphorn Thuree,≤100
107612328588715,The Voters,สันติสุข กาญจนประกร,≤100
116679231319335,ตุ๊ก - กานสินี,Dunyawat  Bamrungchan,≤100
101118132838797,หมอวรงค์ต้องได้เป็นนายก,หมอวรงค์ต้องได้เป็นนายก,≤100
2046265545683549,เชียร์ลุง,เชียร์ลุง,≤100
402662203662360,บริษัทคันเร่งไฟฟ้า STEP1,These ads ran without a disclaimer,≤100
601953326929372,ธัญวัจน์ กมลวงศ์วัฒน์ - Tunyawaj Kamolwongwat,Tunyawaj Kamolwongwat,≤100
190923294988741,สอบครูผู้ช่วยนะ,สอบครูผู้ช่วยนะ,≤100
101573459356406,ภัทรพงศ์ ภัทรประสิทธิ์ - Phattrapong Phattraprasit,Suparerk Poopipatpinyo,≤100
177948972256358,เอกนัฏ พร้อมพันธุ์ (ขิง),Chonticha Mahachai,≤100
106561034744198,ลอรี่ - พงศ์พล ยอดเมืองเจริญ,ลอรี่ - พงศ์พล ยอดเมืองเจริญ,≤100
2151302718520482,ธิดารัตน์ ยิ่งเจริญ Tidarat Yingcharoen,ธิดารัตน์ ยิ่งเจริญ Tidarat Yingcharoen,≤100
431006463968176,เต้นคุง,These ads ran without a disclaimer,≤100
365923533756876,Kleens อกไก่ปั่น,สันตยุต ทองวิลาศ,≤100
106713578575232,ปากีรีเทิร์น ประมูลสินค้าวินเทจ,These ads ran without a disclaimer,≤100
111494824691027,มงคล เหลี่ยมวัฒนกุล - Mongkol Liamwattanakul,มงคล เหลี่ยมวัฒนกุล - Mongkol Liamwattanakul,≤100
118757751143686,อิทธิพล ชลธราศิริ - Itthiphon Chontharasiri - แบงค์ชัย,Itthiphon Chontharasiri,≤100
101903785231136,นายกไก่กังวาล ศักดิ์ชัย พิศาลผล,Thanachit Phraemuang,≤100
114914794432449,กฎหมายใช้สอบราชการ by Æ+,กฎหมายใช้สอบราชการ by Æ+,≤100
276333213218322,ศิรสิทธิ์ สงนุ้ย - Sirasit Songnuy,Sirasit Songnuy,≤100
113915257115169,วิทยา หวานซึ้ง Withaya Wansueng,These ads ran without a disclaimer,≤100
109794888685584,สมเจตน์ เกตุวัตถา,สมเจตน์ เกตุวัตถา,≤100
117054211335301,,These ads ran without a disclaimer,≤100
224633698033299,The Better news,The Better news,≤100
100915662043252,Denis Ads.,บริษัท เดนิส แอดส์ จำกัด,≤100
1105604039583762,Line One สว.นท. ขอเชิญส่งประวัติ ส่วนตัว องค์กร เพื่อเข้ารับรางวัลประจำปี,Suksan Booran,≤100
138456157620553,Deeple Thailand,These ads ran without a disclaimer,≤100
101117979405626,บุปผา ผกามาศ,These ads ran without a disclaimer,≤100
152665702176493,Ringsideการเมือง,Ringsideการเมือง,≤100
105125715202609,ส.ส.ไผ่ ลิกค์,ส.ส.ไผ่ ลิกค์,≤100
106492485566151,วิชิต วราศิริกุล เพื่อทุ่งครุ-ราษฎร์บูรณะ เราทำได้,Nattagid Manasermwong,≤100
842208385990510,โบว์ ประภาพร ทองปากน้ำ,โบว์ ประภาพร ทองปากน้ำ,≤100
100298682713615,เสื้อวินเทจ ลายมัน ผ้าดำ,เสื้อวินเทจ ลายมัน ผ้าดำ,≤100
124655640903463,NSM Thailand,These ads ran without a disclaimer,≤100
104330419260448,โอภาส พรหมโคตร,These ads ran without a disclaimer,≤100
105797342104349,พี่ตาเล็ก โรจน์พิศาล อินทรักษ์,ทศวรรษ คงรอด,≤100
104323841068799,วีระศักดิ์ สุ่นสา-Verasuk Soonsa,These ads ran without a disclaimer,≤100
101744372595387,สถานีเกษตร_สิ่งแวดล้อม,These ads ran without a disclaimer,≤100
277320192288594,โอม จิรชาติ,โอม จิรชาติ,≤100