﻿Page ID,Page name,Disclaimer,Amount spent (EUR)
332170236842216,Vattenfall,Vattenfall Oy,431
860106373999721,Elina Valtonen,Elina Valtonen,184
8252999126,Suomen UNICEF – UNICEF Finland,Suomen UNICEF – UNICEF Finland,≤100
119054448115588,WWF Suomi,WWF Suomi,≤100
134934386349,Amnesty International - Suomen osasto,Amnesty International Suomen osasto,≤100
1631165890489545,Gasum,Gasum Oy,≤100
360860753953531,Fortum,Fortum Suomi,≤100
433087293448371,Tiedekulma,Tiedekulma,≤100
9227859351,Greenpeace Suomi,Greenpeace Suomi,≤100
108538215848910,Länsi-Uusimaa,Länsi-Uusimaa,≤100
209080945038,Pia Lohikoski,Vasemmistoliiton eduskuntaryhmä,≤100
2308093999412825,Kenneth Morelius,Kenneth Morelius,≤100
249421507648,Uudenmaan Kokoomus,Uudenmaan Kokoomus,≤100
60390955171,Vasemmistoliitto,Vasemmistoliiton eduskuntaryhmä,≤100
271311152007,Plan International Suomi,Plan International Suomi,≤100
176678846392107,Tankesmedjan Agenda - Ajatushautomo Agenda,Tankesmedjan Agenda Ajatushautomo,≤100
118714761478292,Keski-Uusimaa,Keski-Uusimaa,≤100
229433767936563,Lääkärit Ilman Rajoja,Lääkärit Ilman Rajoja,≤100
488324387874207,Veronika Honkasalo,Veronika Honkasalo,≤100
208532699307328,Uudenmaan Sosialidemokraatit,Uudenmaan Sosialidemokraatit Ry,≤100
122469187857284,Otto Meri,Otto Meri,≤100
116843748342723,Uusimaa,Uusimaa,≤100
229433767936563,Lääkärit Ilman Rajoja,These ads ran without a disclaimer,≤100
78648671844,Julkisten ja hyvinvointialojen liitto JHL,Julkisten ja hyvinvointialojen liitto JHL,≤100
116383805046145,Aamuposti,Aamuposti,≤100
157359987610086,Sipoon Sanomat,Sipoon Sanomat,≤100
122600251127701,Sari Sarkomaa,Sari Sarkomaa,≤100
106705672206826,Poliitikko Ralf Björklund,Ralf Christian Wilhelm  Björklund,≤100
187533664613953,Ammattiliitto Pro,Ammattiliitto Pro,≤100
1681238785434877,Petri Graeffe,Petri Tapani Graeffe,≤100
293493520082,Kalevi Sorsa -säätiö,Kalevi Sorsa -säätiö,≤100
312370502489979,Loviisan Sanomat,Loviisan Sanomat,≤100
289704907716370,Uudenmaan Perussuomalaiset,Aallonharja Piia Riikka,≤100
111005869699,Kirkon Ulkomaanapu,Kirkon Ulkomaanapu,≤100
448116415229902,Henrik Wickström,Wickström 2019,≤100
201285237101,Kokoomus,Kokoomus,≤100
474077585941967,Kai Lintunen - Osaava edustajasi,Kai Lintunen - Osaava edustajasi,≤100
200739723082,University of Helsinki,University of Helsinki,≤100
809307089097696,Eutanasialain puolesta,Oikeus Arvokkaaseen Kuolemaan ry,≤100
1357638954294467,Fatim Diarra,Fatim Diarra,≤100
963523287006499,Vantaan Demarit,Vantaan Sosialidemokraattinen Kunnallisjärjestö ry,≤100
54313274188,Naisten Pankki,Naisten Pankki,≤100
168660743577147,Eduskuntavaaliehdokas Elina Nykyri,Elina Nykyri,≤100
295449017790527,Tuire Kaimio,Tuire Eriikka Kaimio,≤100
110017327942815,"Mikko Piirtola - Pari pykälää parempi päättäjä, Sinun asiasi ajaja",Seedi Oy,≤100
1590714481237792,Amanda Pasanen,Amanda Pasanen,≤100
316760665177444,Avioliitto on naisen ja miehen välinen liitto,Aito avioliiitto ry,≤100
431442960327816,Suvi Karhu,Suvi Karhu,≤100
114796622032377,eFlexFuel,eFlexFuel/ StepOne Tech,≤100
114687075230726,Hanna Sarkkinen,Vasemmistoliiton eduskuntaryhmä,≤100
273737158343,Seta,Seta ry,≤100
1089057291173658,Eveliina Heinäluoma,Eveliina Heinäluoma,≤100
232815610172259,Eero Heinäluoma,MEP Eero Heinäluoma S&D,≤100
188570803251,Rakennusliitto,Rakennusliitto,≤100
328597880877516,Sami Ryynänen,Sami Ryynänen,≤100
205605269911704,Simon Granroth,Simon Granroth,≤100
144821005614879,SFP i Nyland - RKP Uusimaa,Svenska folkpartiet i Nyland,≤100
426112290766419,Ville Jalovaara,Jalovaara Ville,≤100
105305748004446,Antti Kaajakari,Antti Kaajakari,≤100
275168389198010,Ehkäisevä päihdetyö EHYT ry,Ehkäisevä päihdetyö EHYT ry,≤100
276355106331685,Tia Seppänen,Tia Seppänen,≤100
773492619380543,Kai Mykkänen,Kai Mykkänen,≤100
149985558872,Suomen Pakolaisapu - Finnish Refugee Council,Suomen Pakolaisapu - Finnish Refugee Council,≤100
714507148637800,Daniel Sazonov,Daniel Sazonov,≤100
1418717018381086,Tere Sammallahti - Kokoomus - Uusimaa,Sammallahti Tere Andreas,≤100
640576009478122,Sanna Kivineva Porvoon Vihreät,Sanna Kivineva,≤100
284528921908764,Mirita Saxberg - kaupunginvaltuutettu,Mirita Saxberg,≤100
151786398703,Palvelualojen ammattiliitto PAM ry,Palvelualojen ammattiliitto PAM,≤100
102626225365927,CO₂ncrete Solution,Betoniteollisuus ry,≤100
101194362553159,Työttömyyskassa Aaria,Työttömyyskassa Aaria,≤100
116940668479201,Heidi Hautala,Heidi Hautala,≤100
202888189733080,Suomen YK-liitto,Suomen YK-liitto,≤100
55312855747,Keskusta,Suomen Keskusta r.p.,≤100
812951228740063,Timo Harakka,Timo Harakka,≤100
102519558349254,Eva-Maria Asukas,Eva-Maria Monica Asukas,≤100
108591868611816,Matti Kotiranta,Matti Kotiranta,≤100
1265879460196460,Vestera,These ads ran without a disclaimer,≤100
287627352880,Suomen Pipliaseura,Suomen Pipliaseura,≤100
100343761879527,Stop Killer Robots Finland,Stop Killer Robots Finland,≤100
100373138615819,Sami Wacklin - Perussuomalaiset,Sami Wacklin - Kuntavaaliehdokas,≤100
352134812559652,Jan Axberg KD Vantaa,Jan Axberg,≤100
393536527693016,Markus Myllyniemi,Markus Myllyniemi,≤100
260320667414347,Maria Ohisalo,Maria Ohisalo,≤100
178362315106,European Parliament,European Parliament,≤100
126626144024824,Kuntaliitto - Kommunförbundet,Suomen Kuntaliitto ry,≤100
1194760853973095,Lohjan demarit,Pekka Räsänen,≤100
106534771474132,Mikko Viilo,Mikko Viilo,≤100
298255610248061,Tasa-arvoasiain neuvottelukunta,Tasa-arvoasiain neuvottelukunta,≤100
157667034266266,Porvoon Kokoomus ry,Porvoon Kokoomus ry,≤100
109962725825439,Johanna Nuorteva,Johanna Nuorteva,≤100
8265674748,Suomen Lähetysseura,Suomen Lähetysseura,≤100
380401649069840,JPColorization - Colorized History,Janne Kalevi Polsa,≤100
186454048855,Kansan Uutiset,Kansan Uutiset Oy,≤100
376203269442,Finlands Lucia,Folkhälsan,≤100
110435764458843,Satu Jaatinen,Jaatinen Satu Annikki,≤100
73855994623,Maailma.net,Maailma.net ry,≤100
242197705820950,SEY Suomen eläinsuojelu,SEY Suomen eläinsuojelu,≤100
110112319062867,Electrobike,Electrobike / Scanfour Oy,≤100
431677586881425,Kansalaisopistojen liitto KoL,Kansalaisopistojen liitto KoL – Medborgarinstitutens förbund MiF ry,≤100
493736270642496,Eve Rämö,Eve Rämö,≤100
329520117139440,Jaakko Mustakallio,Jaakko Mustakallio,≤100
370574103077991,Lääketeollisuus,Lääketeollisuus,≤100
110356964581333,Pirjo Luokkala,Pirjo Leena Luokkala,≤100
146184822119120,Tiina Elo,Elo Tiina Susanna,≤100
1394324444206771,Helsingin Keskusta,Helsingin Keskusta,≤100
1566987606884915,Metsä palvelee,Metsäliitto Osuuskunta,≤100
104652451289126,Katja Ylisiurua,Katja Ylisiurua,≤100
351583058252732,Poliitikko Ulla Kaukola,Ulla Kaukola,≤100
349018408636314,Terhi Koulumies,Terhi Koulumies,≤100
101450795285817,Onni Rostila,Onni Rostila,≤100
141305472602496,Sähköliitto,Sähköalojen ammattiliitto,≤100
107208775125995,Keski-Uudenmaan Demarit,Jutta Vihonen,≤100
239254512799560,KSL-opintokeskus,KSL-opintokeskus,≤100
650574484996753,SFP i Sjundeå - Siuntion RKP,SFP i Sjundeå,≤100
108424785411810,Ville Laine poliitikko,Ville Antero Laine,≤100
467512869934888,Petra Malin,Petra Malin,≤100
572374492957488,Eva-Lena Gästrin,Eva-Lena Gästrin,≤100
188627167849573,Kymen Sanomat,Kaakon Viestintä Oy,≤100
186519195132281,Svenska Kvinnoförbundet i Sörnäs,Svenska Kvinnoförbundet i Sörnäs,≤100
220884089007,Suomen luonnonsuojeluliitto,Suomen luonnonsuojeluliitto,≤100
143415182363632,Tuuli Kousa,Tuuli Kousa,≤100
105838024882348,Jorma Piisinen,Jorma Antero Piisinen,≤100
1382783485324942,San Miguel,These ads ran without a disclaimer,≤100
1118293491538970,Keskustanaisten Kainuun piiri ry,Keskustanaisten Kainuun piiri ry,≤100
362058531025252,Ekokompassi,Ekokompassi,≤100
747938388746923,Suomen Ekomodernistit,Hirvonen Janne Petteri,≤100
108298305243648,Teemu Kinnari poliitikko,Teemu Kullervo Kinnari,≤100
275087372595909,Outi Huusko,Outi Huusko,≤100
425842050800204,Tiina Sandberg - sivu,Sandberg Tiina Maria,≤100
170228046444670,Tea Saarniala,Tea Katja Carolin Saarniala,≤100
102236802310747,Heli-Päivikin poliitikkosivut,These ads ran without a disclaimer,≤100
109701954963555,Vantaan ja Keravan Vihreä aluevaltuustoryhmä,Vantaan ja Keravan Vihreä aluevaltuustoryhmä,≤100
192210228734,Kouvolan Sanomat,Kouvolan Sanomat,≤100
117401001618470,ESS.fi - Etlari verkossa,Etelä-Suomen Sanomat,≤100
199181136775,Varusteleka,These ads ran without a disclaimer,≤100
1584297174923704,Arene ry,Ammattikorkeakoulujen rehtorineuvosto Arene ry,≤100
129286757147002,Tehy ry,Tehy ry,≤100
109317724961895,Mauri Kontu,Mauri Eino Olavi Kontu,≤100
276456079047756,Uudenmaan Vihreät,Oskari Sundström,≤100
221582118382641,Globaalikasvatus,Fingo - Suomalaiset kehitysjärjestöt,≤100
1653935188242736,"Timo Viitanen, poliitikko",Merja Viitanen,≤100
355695141779,Itä-Savo,Kaakon Viestintä Oy,≤100
212257028078,Toisenlainen Lahja,Toisenlainen Lahja,≤100
101753781956019,"Marjo Vacker- Poliitikko, kaupungin - ja aluevaltuutettu",Marjo Hannele Vacker,≤100
288793568450945,Kilpirintama,Marko Kilpi,≤100
240229119405611,Natur och Miljö,These ads ran without a disclaimer,≤100
1089813844416903,ReThink,Simon Staffans,≤100
322478695679,Länsi-Savo,Kaakon Viestintä Oy,≤100
115745171909257,Laura Ala-Kokko,Laura Sofia Ala-Kokko,≤100
423567708034922,Renault Trucks Suomi,These ads ran without a disclaimer,≤100
105249541798257,Ähtärin Perussuomalaiset,Erja Gadd,≤100
2073291302919191,Kalaonni,These ads ran without a disclaimer,≤100
196226821268668,Nordic Diversity Trainers,These ads ran without a disclaimer,≤100
106750325644043,kikka.laitinen,These ads ran without a disclaimer,≤100
302941236400380,Pakolaisneuvonta ry - Refugee Advice Centre,Pakolaisneuvonta ry - Refugee Advice Centre,≤100
102072273177850,Uutisvuoksi,Kaakon Viestintä Oy,≤100
474666389342298,Liberaalipuolue,Liberaalipuolue – Vapaus valita r.p,≤100
266912807301110,Petra Schulze Steinen,Schulze-Steinen Petra Elina Marjatta,≤100
1573742842845326,Katja Kotalampi,These ads ran without a disclaimer,≤100
257045532851,TAPIO,Tapio Oy,≤100
108272845068399,Henna Helmi Heinonen - politiikan seikkailija,Henna Helmi Inkeri Heinonen,≤100
145266968860063,Sinun arjessasi mukana - Risto Mykkänen,Risto Mykkänen,≤100
1481965412047542,"Elisa Lientola, Vasemmistoliitto",Elisa Lientolan tukiryhmä,≤100
457999207720704,Tieteessä tapahtuu,Tieteellisten seurain valtuuskunta,≤100
103031938929237,Kari Ojala Ek2023,Kari Pertti Tapio Ojala,≤100
117655354983768,Etelä-Saimaa,Etelä-Saimaa,≤100
108986302548902,Nordic Business Forum,These ads ran without a disclaimer,≤100
568974303294711,Rautalammin keskusta,Heikkinen Päivi Hannele,≤100
351679088241560,Janne Heikkinen,Janne Heikkinen,≤100
1449052665318446,EU Agency for Asylum - EUAA,These ads ran without a disclaimer,≤100
100776521741951,Aleksi Kurki,Aleksi Kurki,≤100
111390105539312,Turun kaupunki - Åbo stad - City of Turku,Turun kaupunki - Åbo stad - City of Turku,≤100
109644193984042,Life Exact,These ads ran without a disclaimer,≤100
202225953152762,Yomeanimo,These ads ran without a disclaimer,≤100
54779960819,United Nations,United Nations with Facebook Ad Credits,≤100