﻿Page ID,Page name,Disclaimer,Amount spent (EUR)
332170236842216,Vattenfall,Vattenfall Oy,≤100
101625471996074,Tuomo Kondie,Tuomo Feodor Kondie,≤100
360860753953531,Fortum,Fortum Suomi,≤100
1631165890489545,Gasum,Gasum Oy,≤100
355748968891337,Sanna Rissanen - Rissaska,Sanna Marja Annukka Rissanen,≤100
119054448115588,WWF Suomi,WWF Suomi,≤100
8252999126,Suomen UNICEF – UNICEF Finland,Suomen UNICEF – UNICEF Finland,≤100
926886924012421,Markku Eestilä,Markku Yrjö Eestilä,≤100
354116985566989,Karoliina Partanen - sinun asiasi ajaja,Karoliina Partanen,≤100
103615098153677,Kati Hynninen,Kati Emilia Hynninen,≤100
78648671844,Julkisten ja hyvinvointialojen liitto JHL,Julkisten ja hyvinvointialojen liitto JHL,≤100
134934386349,Amnesty International - Suomen osasto,Amnesty International Suomen osasto,≤100
107086122672929,Savon Sanomat,Savon Sanomat,≤100
9227859351,Greenpeace Suomi,Greenpeace Suomi,≤100
198817806799305,Warkauden Lehti,Warkauden Lehti,≤100
103031938929237,Kari Ojala Ek2023,Kari Pertti Tapio Ojala,≤100
106908981184967,Ninni Saarinen - Vihreät,Ninni Saarinen,≤100
433087293448371,Tiedekulma,Tiedekulma,≤100
229433767936563,Lääkärit Ilman Rajoja,Lääkärit Ilman Rajoja,≤100
316760665177444,Avioliitto on naisen ja miehen välinen liitto,Aito avioliiitto ry,≤100
146594745401444,Iisalmen Sanomat,Iisalmen Sanomat,≤100
271311152007,Plan International Suomi,Plan International Suomi,≤100
287627352880,Suomen Pipliaseura,Suomen Pipliaseura,≤100
201285237101,Kokoomus,Kokoomus,≤100
351679088241560,Janne Heikkinen,Janne Heikkinen,≤100
102617119382327,Vaikuttaja Klaavo Eero,Eero Ilmari Klaavo,≤100
54313274188,Naisten Pankki,Naisten Pankki,≤100
111005869699,Kirkon Ulkomaanapu,Kirkon Ulkomaanapu,≤100
229433767936563,Lääkärit Ilman Rajoja,These ads ran without a disclaimer,≤100
1265879460196460,Vestera,These ads ran without a disclaimer,≤100
108424785411810,Ville Laine poliitikko,Ville Antero Laine,≤100
151786398703,Palvelualojen ammattiliitto PAM ry,Palvelualojen ammattiliitto PAM,≤100
188570803251,Rakennusliitto,Rakennusliitto,≤100
370574103077991,Lääketeollisuus,Lääketeollisuus,≤100
273737158343,Seta,Seta ry,≤100
55312855747,Keskusta,Suomen Keskusta r.p.,≤100
355695141779,Itä-Savo,Kaakon Viestintä Oy,≤100
370819899665167,Tuomas Kettunen,Tuomas Kettunen,≤100
187533664613953,Ammattiliitto Pro,Ammattiliitto Pro,≤100
126626144024824,Kuntaliitto - Kommunförbundet,Suomen Kuntaliitto ry,≤100
101194362553159,Työttömyyskassa Aaria,Työttömyyskassa Aaria,≤100
102626225365927,CO₂ncrete Solution,Betoniteollisuus ry,≤100
200739723082,University of Helsinki,University of Helsinki,≤100
322478695679,Länsi-Savo,Kaakon Viestintä Oy,≤100
114687075230726,Hanna Sarkkinen,Vasemmistoliiton eduskuntaryhmä,≤100
1566987606884915,Metsä palvelee,Metsäliitto Osuuskunta,≤100
145266968860063,Sinun arjessasi mukana - Risto Mykkänen,Risto Mykkänen,≤100
8265674748,Suomen Lähetysseura,Suomen Lähetysseura,≤100
110356964581333,Pirjo Luokkala,Pirjo Leena Luokkala,≤100
275168389198010,Ehkäisevä päihdetyö EHYT ry,Ehkäisevä päihdetyö EHYT ry,≤100
488324387874207,Veronika Honkasalo,Veronika Honkasalo,≤100
129286757147002,Tehy ry,Tehy ry,≤100
809307089097696,Eutanasialain puolesta,Oikeus Arvokkaaseen Kuolemaan ry,≤100
232815610172259,Eero Heinäluoma,MEP Eero Heinäluoma S&D,≤100
506457506034964,Jari Turpeinen,Jari-Matti Turpeinen,≤100
467512869934888,Petra Malin,Petra Malin,≤100
380401649069840,JPColorization - Colorized History,Janne Kalevi Polsa,≤100
178362315106,European Parliament,European Parliament,≤100
141305472602496,Sähköliitto,Sähköalojen ammattiliitto,≤100
104537989034024,Timo Väänänen,Timo Väänänen,≤100
1118293491538970,Keskustanaisten Kainuun piiri ry,Keskustanaisten Kainuun piiri ry,≤100
105838024882348,Jorma Piisinen,Jorma Antero Piisinen,≤100
110112319062867,Electrobike,Electrobike / Scanfour Oy,≤100
102072273177850,Uutisvuoksi,Kaakon Viestintä Oy,≤100
115745171909257,Laura Ala-Kokko,Laura Sofia Ala-Kokko,≤100
242197705820950,SEY Suomen eläinsuojelu,SEY Suomen eläinsuojelu,≤100
1357638954294467,Fatim Diarra,Fatim Diarra,≤100
192210228734,Kouvolan Sanomat,Kouvolan Sanomat,≤100
73855994623,Maailma.net,Maailma.net ry,≤100
431677586881425,Kansalaisopistojen liitto KoL,Kansalaisopistojen liitto KoL – Medborgarinstitutens förbund MiF ry,≤100
126757820675243,KSML.fi - Keskisuomalainen,Keskisuomalainen,≤100
186454048855,Kansan Uutiset,Kansan Uutiset Oy,≤100
101753781956019,"Marjo Vacker- Poliitikko, kaupungin - ja aluevaltuutettu",Marjo Hannele Vacker,≤100
220884089007,Suomen luonnonsuojeluliitto,Suomen luonnonsuojeluliitto,≤100
199181136775,Varusteleka,These ads ran without a disclaimer,≤100
568974303294711,Rautalammin keskusta,Heikkinen Päivi Hannele,≤100
2073291302919191,Kalaonni,These ads ran without a disclaimer,≤100
276355106331685,Tia Seppänen,Tia Seppänen,≤100
1584297174923704,Arene ry,Ammattikorkeakoulujen rehtorineuvosto Arene ry,≤100
102236802310747,Heli-Päivikin poliitikkosivut,These ads ran without a disclaimer,≤100
425842050800204,Tiina Sandberg - sivu,Sandberg Tiina Maria,≤100
149985558872,Suomen Pakolaisapu - Finnish Refugee Council,Suomen Pakolaisapu - Finnish Refugee Council,≤100
260320667414347,Maria Ohisalo,Maria Ohisalo,≤100
747938388746923,Suomen Ekomodernistit,Hirvonen Janne Petteri,≤100
117401001618470,ESS.fi - Etlari verkossa,Etelä-Suomen Sanomat,≤100
188627167849573,Kymen Sanomat,Kaakon Viestintä Oy,≤100
298255610248061,Tasa-arvoasiain neuvottelukunta,Tasa-arvoasiain neuvottelukunta,≤100
288793568450945,Kilpirintama,Marko Kilpi,≤100
362058531025252,Ekokompassi,Ekokompassi,≤100
1382783485324942,San Miguel,These ads ran without a disclaimer,≤100
257045532851,TAPIO,Tapio Oy,≤100
116940668479201,Heidi Hautala,Heidi Hautala,≤100
196226821268668,Nordic Diversity Trainers,These ads ran without a disclaimer,≤100
474666389342298,Liberaalipuolue,Liberaalipuolue – Vapaus valita r.p,≤100
1222500277827380,Viitasaaren Keskusta,Maria Kaisa Aula,≤100
100570182101021,Jenni Oksanen - Matkalla eduskuntaan,Jenni Pauliina Oksanen,≤100
212257028078,Toisenlainen Lahja,Toisenlainen Lahja,≤100
1847686052110731,Jatta Juhola kansanedustajaehdokas,Jatta Juhola,≤100
109962725825439,Johanna Nuorteva,Johanna Nuorteva,≤100
293493520082,Kalevi Sorsa -säätiö,Kalevi Sorsa -säätiö,≤100
329520117139440,Jaakko Mustakallio,Jaakko Mustakallio,≤100
105249541798257,Ähtärin Perussuomalaiset,Erja Gadd,≤100
457999207720704,Tieteessä tapahtuu,Tieteellisten seurain valtuuskunta,≤100
1089813844416903,ReThink,Simon Staffans,≤100
1573742842845326,Katja Kotalampi,These ads ran without a disclaimer,≤100
106750325644043,kikka.laitinen,These ads ran without a disclaimer,≤100
239254512799560,KSL-opintokeskus,KSL-opintokeskus,≤100
376203269442,Finlands Lucia,Folkhälsan,≤100
302941236400380,Pakolaisneuvonta ry - Refugee Advice Centre,Pakolaisneuvonta ry - Refugee Advice Centre,≤100
423567708034922,Renault Trucks Suomi,These ads ran without a disclaimer,≤100
266912807301110,Petra Schulze Steinen,Schulze-Steinen Petra Elina Marjatta,≤100
117655354983768,Etelä-Saimaa,Etelä-Saimaa,≤100
186519195132281,Svenska Kvinnoförbundet i Sörnäs,Svenska Kvinnoförbundet i Sörnäs,≤100
108276585912706,Keski-Suomen Vasemmisto,Keski-Suomen Vasemmisto,≤100
54779960819,United Nations,United Nations with Facebook Ad Credits,≤100