﻿Page ID,Page name,Disclaimer,Amount spent (CZK)
214827221987263,Andrej Babiš,ANO,18508
102845669064210,Danuše Nerudová,Danuše Nerudová,12214
102389958091735,Generál Pavel,Petr Pavel,11068
295889117124834,Tipsport,Tipsport,5751
60516116431,Člověk v tísni,Člověk v tísni o.p.s.,1508
210778132327279,Prima,Prima,1127
130631260290858,Piráti Středočeský kraj,Česká pirátská strana,1127
104240328634520,Jaroslav Bašta - SPD,Jaroslav Bašta - SPD,1046
109056560836,iFortuna.cz,iFortuna.cz,913
2214398435317853,CNN Prima NEWS,FTV Prima,912
179497582061065,Tomio Okamura - SPD,Svoboda a přímá demokracie - SPD,729
104973324963751,Kladnobezhazardu.cz,Kladnobezhazardu.cz,658
1934837773438430,Pavel Fischer,Pavel Fischer,640
55876739776,Greenpeace Česká republika,Greenpeace Česká republika,518
236211929833146,Tomáš Zima,Společnost ZFP s.r.o.,516
100233499519966,Referendum Dobříš,Referendum Dobříš,453
101807522812518,A BASTA,Tomáš Dvořák,429
206407509818,Blesk.cz,CZECH NEWS CENTER a. s.,393
50309511751,Český rozhlas - Radiožurnál,Český rozhlas,390
104768355190287,Sázíme Česko,PlanetWe Rewild s.r.o.,333
104231245492136,Karel Diviš,Karlova lípa naděje z.s.,318
487445514669670,Petr Fiala,ODS - Občanská demokratická strana,258
1151511744877743,Radostné Česko,Radostné Česko,244
280411075659709,Marek Hilšer,Marek Hilšer,223
103059308644099,Replastuj.cz,Replastuj.cz,218
251656685576,KDU-ČSL,KDU-ČSL,185
137301989386,Aktuálně.cz,Aktuálně.cz,164
1477535869227488,Vít Rakušan,Starostové a nezávislí,138
228361180513562,Deník E15,CZECH NEWS CENTER a. s.,129
822146574595819,Agrární komora České republiky,Agrární komora České republiky,118
728495140691300,Milion chvilek pro demokracii,"Milion Chvilek, z. s.",115
356451014434612,Marian Jurečka,KDU-ČSL,111
123858471641,iROZHLAS.cz,Český rozhlas,108
154228456802,Divadlo v Řeznické,"Divadlo v Řeznické, o. p. s.",107
267806570729225,Národní Noviny,Hrubon Rudolf,≤100
102907672280977,Co bude dál?_________,NFSix.org,≤100
52479821102,Týdeník Respekt,Týdeník Respekt,≤100
106834174877753,Svět hospodářství,"SH media, spol. s r.o.",≤100
264983260329918,Rádio Universum,Kupředu do minulosti s.r.o.,≤100
345130612167293,Demagog.CZ,Demagog.cz,≤100
1870450529906750,TERA.cz,TERA Systems s.r.o.,≤100
202451429883,Novinky.cz,Borgis a. s.,≤100
197010357446014,Ondřej Prokop,Ondrej Prokop,≤100
424114981002397,Český rozhlas Plus,Český rozhlas,≤100
34825122262,Časopis Reflex,CZECH NEWS CENTER a. s.,≤100
1776002445975063,V síti Ivana Langera,RiverSong s.r.o.,≤100
1757913860945739,ORLEN Unipetrol,ORLEN Unipetrol a.s.,≤100
106534015041138,Kohonevolit.cz,Kohonevolit z. s.,≤100
107563435940797,Skanska v ČR a SR,Skanska,≤100
551976351670874,Zdeněk Hraba,Zdeněk Hraba - senátor,≤100
693725074166331,Naše zdravotnictví,Naše zdravotnictví,≤100
223117541065037,Karel Janeček,Karel Janeček,≤100
2259522467455884,Příbramský bublifuk,Tomáš Mosler,≤100
634087193362282,Společnost pro obranu svobody projevu,Společnost pro obranu svobody projevu,≤100
194467420912201,Já volím děti,Já volím děti,≤100
211685455639198,Ministerstvo práce a sociálních věcí,Ministerstvo práce a sociálních věcí,≤100
129090553792481,Central Group,CENTRAL GROUP a.s.,≤100
125957534920,Deník Sport,CZECH NEWS CENTER a. s.,≤100
183947234987295,Ministerstvo vnitra,Ministerstvo vnitra ČR,≤100
101852219172059,Rudenský LES,Martin Dobyáš,≤100
103430204491217,Robert Šlachta,PŘÍSAHA - občanské hnutí Roberta Šlachty,≤100
113437470509035,Za normální svět,Karel Halačka,≤100
104452639037483,Starostové a nezávislí Unhošť,Michal Turnhöfer,≤100
54779960819,United Nations,United Nations with Facebook Ad Credits,≤100
1201085733241671,Café Evropa,EUROPEUM Institute for European Policy,≤100
109664387308142,Poradna pro obce,KVB advokátní kancelář s.r.o.,≤100
110854265157305,Zavolíme,Zavolíme,≤100
100955509189359,Redakce NF Svědomí národa,Nadační fond Svědomí národa,≤100
220814337523,Kurzy.cz,"Kurzy.cz, spol. s r.o.",≤100
1462730514044633,ČtiDoma.cz,Jan Šercl,≤100
302134090396266,Zdeněk Hřib - primátor Prahy,Česká pirátská strana - Praha,≤100
104940818596176,Akordy Václava Hnátka,Michaela Kaufmanová,≤100
284944781875,EURACTIV.cz,EURACTIV.cz,≤100
110956868499445,Andrej Babiš premiérem,Karel Halačka,≤100
370583064327,Starostové a nezávislí • STAN,Starostové a nezávislí • STAN,≤100
124152241443,Čmelák - Společnost Přátel Přírody,Čmelák - Společnost přátel přírody,≤100
58887737763,Hnutí DUHA - Přátelé Země Česká republika,Hnutí DUHA - Přátelé Země Česká republika,≤100
119624098506,Kateřina Konečná,Filip Zachariaš,≤100
1701718886552103,Moje Evropa,Moje Evropa,≤100
1469427909957890,Reportér magazín,Reportér magazín,≤100
1382379128444365,Margita Balaštíková - poslankyně,Margita Balaštíková,≤100
711658465662315,XTV,XTV,≤100
378827025796132,Peak.cz,Peak.cz,≤100
220953819920676,Ministr Zdraví,Ministr Zdraví Z.U.,≤100
124212050978293,Kverulant org,Kverulant org,≤100
733410133337387,Michaela Šojdrová,Michaela Šojdrová,≤100
107733504431288,CEVRO ARENA,Jiří Cieslar,≤100
227416910669250,Komora daňových poradců ČR,Komora daňových poradců ČR,≤100
104178915762560,"Lidé za Tomáše Zimu, Tomáš Zima prezidentem",Jirka Bejlovec,≤100
131404269206,Asistence,Dark Side,≤100
191487317696220,Vladimír Barák - novinář,Vladimír Barák,≤100
113743658978459,Meltingpot,Meltingpot,≤100
137840073155,Asociace pro mezinárodní otázky/Association for International Affairs,Asociace pro mezinárodní otázky/Association for International Affairs,≤100
609246842426009,Rekonstrukce státu,Rekonstrukce státu,≤100
100713699374019,Richard Brabec,Richard Brabec,≤100
159736174123806,Železná koule,Železná koule,≤100
1488001698123402,Tomáš Kaštovský,Tomáš Kaštovský,≤100
745225392241191,Primagas Česká republika,PRIMAGAS s.r.o.,≤100
2324431914442679,bez Dodavatele,bezDodavatele a.s.,≤100
226207821151572,Marek Novák - poslanec zlínského kraje,Marek Novák,≤100
117823623864,Transparency International ČR,Transparency International ČR,≤100
1439143123070953,Svoboda a přímá demokracie  Liberecký kraj - SPD,Radovan Vích,≤100
203833483473,Deník Referendum,Denik Referendum,≤100
1962450550674040,TVarchitect.com,Lukáš Trunec,≤100
105959931114296,Jan Schiller - politik,ANO,≤100
317530692148022,Evropa v datech,Evropa v datech,≤100
120764052849694,World News 24,"World News Media, s.r.o.",≤100
171936526824,EKONOM.cz,"Economia, a.s.",≤100
101272355932525,Igor Hendrych - poslanec Moravskoslezského kraje,Igor Hendrych,≤100
101720818609240,Vlna pomoci,"Vlna pomoci, z. s.",≤100
594426030604429,Martin Procházka,Martin Procházka,≤100
126659427510627,Institut politologických studií FSV UK,Kateřina Krupičková,≤100
2108659169383946,František Talíř,KDU-ČSL,≤100
162088544711333,Politickej podcast,Adam Blišťan,≤100
153384318085064,EUROPEUM Institute for European Policy,EUROPEUM Institute for European Policy,≤100
103123001340222,Jiří Hlavenka,"Jiří Hlavenka, radní Jihomoravského kraje",≤100
104208542332869,"Fridays for cars, energy and freedom - CZ",Fridays For Cars CZ,≤100
636362799772077,Jan Železný - komentáře,ŽELEZNY JAN,≤100
394570898000897,Kniha Revoluce - Jakub Trpiš,Jakub Trpis,≤100
288004403427,"Friedrich-Ebert-Stiftung, zastoupení v České republice","Friedrich-Ebert-Stiftung, zastoupení v České republice",≤100
164024787880257,Adapterra,Nadace Partnerství,≤100
586817644761028,Vladimír Balaš,STAN,≤100
265056436921261,NOVÁ SÍŤ,Nová síť z.s.,≤100
104356625712170,Vraťme prostor přírodě,Vítězslav Lamač,≤100
102620981865843,Jana Skopalíková - radní pro životní prostředí a zemědělství,Jana Skopalíková,≤100
915185168618361,N&N Czech-German magazine,"BLACK SWAN MEDIA, s.r.o",≤100
1900532106849242,Institut H21,Institute H21,≤100
545254525495201,Pravý břeh - Institut Petra Fialy,"Pravý břeh, z.s.",≤100
100528438562922,Oznam.to,Lexnova s.r.o.,≤100
2324431914442679,bez Dodavatele,These ads ran without a disclaimer,≤100
139768309509688,Liberecký kraj,Liberecký kraj,≤100
413476830191,Prague Security Studies Institute,Prague Security Studies Institute,≤100
2244726532215982,Senátorský klub - Starostové a nezávislí,Senátorský klub Starostové a nezávislí,≤100
822146574595819,Agrární komora České republiky,These ads ran without a disclaimer,≤100
321754948555757,Vojtěch Krňanský,Vojtěch Krňanský,≤100
101565586173509,Hoвости Дня,These ads ran without a disclaimer,≤100
101773465938136,Fit for 55 - Explained,These ads ran without a disclaimer,≤100
102844685102730,Olga Richterová - místopředsedkyně Sněmovny,Česká pirátská strana,≤100
2077179225867461,Změna 2018 Žďár nad Sázavou,Havlik Jan,≤100
523450094407778,Marek Ženíšek,TOP 09,≤100
416970502094774,Jarda Chalupský,Vondracek Libor,≤100
178362315106,European Parliament,European Parliament,≤100
63044235866,UN Climate Change,UN Climate Change with Facebook Ad Credits,≤100
2211150485811876,Signify,These ads ran without a disclaimer,≤100
1382783485324942,San Miguel,These ads ran without a disclaimer,≤100
1846196185665307,Eurostat,These ads ran without a disclaimer,≤100