﻿Page ID,Page name,Disclaimer,Amount spent (ARS)
551027964955087,Julio César Martinez,Julio Cesar Martinez,13444
409843162468188,Inés Brizuela y Doria,Inés Brizuela y Doria,2336
301506776559902,Gobierno de Córdoba,Gobierno de Córdoba,1454
1673977072932726,Laboranti News,Laboranti News,912
100686031576569,Primero la gente,Secretaría de Medios y Comunicación Pública,824
102402031262194,Municipalidad de Chamical,Publicidad La Rioja,592
367089004808,Amnistía Internacional Argentina,Amnistía Internacional Argentina,458
622853724492420,Federico Otermín,Frente de Todos Lomas,373
105933872199149,Mística,Mística,353
130929705668,Municipalidad de Córdoba,Municipalidad de Córdoba,307
830255193992112,Rioja Uno,Pablo Laboranti,296
641948702550925,Catamarca Gobierno,Gobierno de Catamarca,224
628498977777284,El Continental,Periodico El Continental,203
304176325478,La Política Online,La Política Online,158
174970176018,Horacio Rodríguez Larreta,PRO Ciudad de Buenos Aires,154
113138195384719,Nestor Grindetti,Nestor Grindetti,149
101996084777901,Mariela Belski,Mariela Belski,133
102534516011045,La Gloria Noticias,La Gloria Noticias,108
101594852755793,El Bonaerense,El Bonaerense,≤100
378225769015907,Fundación Embajada Abierta,Fundación Embajada Abierta,≤100
103322152538185,La Verdad Noticias,La verdad noticias,≤100
699758330894365,Actualidad Argentina,Actualidad Argentina,≤100
102289782502796,Prensa Digital,Prensa Digital,≤100
104455719146837,El Meridiano,El Meridiano Noticias,≤100
111509551806903,El Deportivo Web,El deportivo oficial,≤100
107473468922571,Es hora de levantarse,Es Hora de Levantarse,≤100
101349631999937,Noticias para el Cambio,Noticias para el Cambio,≤100
183940131655054,María Eugenia Vidal,María Eugenia Vidal,≤100
452525851510103,Nicolás del Caño,Frente de Izquierda,≤100
796480967084066,Cele Fierro,MST Movimiento Socialista de los Trabajadores,≤100
552677501548909,Municipalidad de San Carlos Minas,Cristian Adrian Frias,≤100
145806262649419,Fer Miño,Patria de Todos,≤100
110276628358382,El Autónomo,El Autónomo,≤100
125183747539071,Noticias Argentinas,Noticias Argentinas,≤100
175844725888213,Alejandro Bodart,MST Movimiento Socialista de los Trabajadores,≤100
112090455034177,El Portavoz Oficial,El Portavoz,≤100
896073793900056,Lalo Creus,Diego Gianutti,≤100
1408542766063285,Carla Carrizo,Ana Carla Carrizo,≤100
106548558037239,Corte media.,Corte Media,≤100
104147274759706,Periodismo de Izquierda,Periodismo de Izquierda,≤100
238778949515431,El Cronista,El Cronista,≤100
106716278920168,Noticias Argentinas,Noticias Argentinas Web,≤100
117695008575297,Julián D'Angelo,Julián Leonardo D'Angelo,≤100
958750317533178,Manuela Castañeira,Nuevo MAS,≤100
100921729540545,Andres Horacio Ibarra,Andres Horacio Ibarra,≤100
113328424956836,Prensa Libre,Prensa Libre,≤100
335926266503071,7D,7D,≤100
862393870465260,Fabian Martin,Fabian Martin Intendente,≤100
104576835868164,Actualidad Central,Hak Team,≤100
105868508128629,60 segundos,60 Segundos,≤100
103448546000915,LaMassaneta,Juan Ramon Helman,≤100
667275516732385,"Alberto ""Conta"" Celiz",Manuel Alberto Celiz,≤100
104885924524421,MundoSur,These ads ran without a disclaimer,≤100
558106334670581,Mauro Leiva,Leonardo Jesús Araya,≤100
163829927003495,Armando Pipi Traferri,Armando Pipi Traferri,≤100
705172499580470,Gustavo Martinez,Gustavo Martinez,≤100
1592347714335353,Marina Magnani,Unidad Ciudadana Rosario,≤100
134557130216408,Jorge Jofré,Jorge Jofre,≤100
102225455988133,Ramiro Adanto,Franco Nahuel Adanto,≤100
110806461830762,El Sol Web,El Sol Web,≤100
699853426735213,Gustavo Solis,Gustavo Solis Monico,≤100
1191062154289959,Aluvión 21 Zapala,Aluvión 21 Zapala,≤100
105493327767840,Newsweek Argentina,Newsweek Argentina,≤100
101961091604984,ARGMedios,arg medios,≤100
477463972361734,Rafa Moyano,Eduardo Dario Pereyra,≤100
273175230630,CAME - Confederación Argentina de la Mediana Empresa,CAME - Confederación Argentina de la Mediana Empresa,≤100
219074291500100,Hugo Marcucci,Hugo Mar,≤100
103948405867129,El Confidencial Noticias,El Confidencial Noticias,≤100
1031055386992616,Florencia Peñaloza Marianetti,Maria Florencia Peñaloza Marianetti,≤100
107631983989726,Argentina Federal,Argentina Federal,≤100
1315072021867341,Ente,Ente,≤100
113384436026702,Caren Tepp,Ciudad Futura,≤100
1465312150186084,Argentinos por la Educación,Argentinos por la Educación,≤100
428179387610545,Agenda Malvinas,Agenda Malvinas,≤100
413356852758756,Rodolfo Aguiar,Rodolfo Aguiar,≤100
1395474550528787,Opinorte,Opinorte,≤100
107287695507899,Gastón Martín Soto,Gastón Martín Soto,≤100
104646448661838,La Pampa Ahora,La Pampa Ahora,≤100
102436695787908,Chubut por el Cambio,Juntos por Chubut,≤100
103088908746605,Expertos Internacionales en Desarrollo Sostenible,Analía Marsella,≤100
177720598950247,La Ciudad Desnuda,Juan Esteban Scoufalos,≤100
1569928589962125,José Macome,Jose Ignacio Macome,≤100
259700217384725,Le Monde diplomatique - Edición Cono Sur,Capital Intelectual S.A.,≤100
111600998225620,Noticias Zero,Noticias Zero,≤100
544640985878621,Argentinos Online,Argentinos Online,≤100
107796462136638,La República Noticias,La República Noticias,≤100
561797664286804,Manuel Quintar,These ads ran without a disclaimer,≤100
857382087671921,Maxi Abad,radicalesorg,≤100
103021535961289,Cede,Cede,≤100
1192374014146549,María Emilia Abdelnabe,Maria Emilia Abdelnabe,≤100
146903305519923,Vocacion,Vocacion SRL,≤100
587196794678992,Agustín Samaniego,Agustin Samaniego,≤100
133937418577537,Utopia Urbana,Utopía Urbana,≤100
233734300112003,Juan Monteverde,Ciudad Futura,≤100
105455288953338,Esto es Boca,Esto es Boca,≤100
211047755609903,Anibal Calafell,Anibal Horacio Calafell,≤100
113923401326706,El país ya,El país ya,≤100
810080482399261,Striptease del Poder,Francisco Javier Llorens,≤100
106022545420316,Fuerza Libertaria Granadero Baigorria,Fuerza Libertaria Granadero Baigorria,≤100
1439672939588656,Arto Kalciyan,Leonardo Gabriel Forgia,≤100
795202843959456,El Disenso,El Disenso,≤100
438942059479338,Izquierda Socialista,Frente de Izquierda Unidad,≤100
348498375215969,Ricardo Buryaile,Jeremias Biglia,≤100
809034769189260,Municipalidad Comodoro Rivadavia,Municipalidad de Comodoro Rivadavia,≤100
2005519096330253,Genaro Contreras,Genaro Armando Contreras,≤100
746001565775420,Wetravellers,These ads ran without a disclaimer,≤100
102187456039094,Enterate Ya,Enterate Ya!,≤100
104919122026034,Revolución,Revolución,≤100
105874104279244,Alta en el Cielo,Comunicarg,≤100
109237045323181,Patagonia Noticias,Patagonia Noticias,≤100
1187338514630380,El rincón de Cris,Elizabeth Belen Acevedo,≤100
108949197275691,Luis Lobo Vergara,Luis Maria Lobo Vergara,≤100
2251397431784810,InfoArgentina,Comunicarg,≤100
100932749306130,Noticias Andinas,Noticias Andinas,≤100
2032671423453584,Mario Vadillo,Diputado Mario Vadillo,≤100
101436018708005,Realidad Catamarca,Realidad Catamarca,≤100
103846469204203,La Ola Noticias,La Ola Noticias,≤100
104733589113258,La Gaceta Nacional,La Gaceta Nacional,≤100
131381938371647,Corta La Bocha Noticias,Corta La Bocha,≤100
605540860101596,Diario Criollo,Diario Criollo,≤100
108679841853325,Contame Más,Contame Más,≤100
723789384402976,Municipalidad de Juana Koslay,Juana Koslay,≤100
1405120706440456,Conclusión,Diario Conclusión,≤100
100272671672857,Carlos Cisneros,Carlos Cisneros,≤100
314550791947743,InfoBonaerenses,Noticias de mi barrio,≤100
100513966017836,Noticias del Sur,Noticias del Sur,≤100
178919202140944,Francisco Quintana,Francisco Quintana,≤100
102570774863673,LOBBY,LOBBYEscuela,≤100
110039918575012,Noticias Express,Noticias Express,≤100
630418253716302,Sinergias,Sinergias,≤100
433136076759972,Edhasa Argentina,Edhasa Argentina,≤100
100668138377547,Frente Integrador Provincial,These ads ran without a disclaimer,≤100
448245555224684,Gabriel Bruera,Gabriel Bruera,≤100
1656878081252465,David Mizrahi,David Fernando Mizrahi,≤100
2004741103153396,Luciano Travaglino,These ads ran without a disclaimer,≤100
110396338491545,radamesdemoraesmendes,These ads ran without a disclaimer,≤100
502665456448329,Federico Barolin,These ads ran without a disclaimer,≤100
274138756817,Architonic,These ads ran without a disclaimer,≤100
101809608581227,Arte Para Introvertido,These ads ran without a disclaimer,≤100
120460525135389,Educational Partners International,These ads ran without a disclaimer,≤100