﻿Page ID,Page name,Disclaimer,Amount spent (TRY)
102095934751904,Deva Partisi,Deva Partisi,≤100
1584487298520613,Özel Rende Gelişim Anaokulu,These ads ran without a disclaimer,≤100
106879338020716,Halk Ajans,Resul Mesut Büyüksarı,≤100
370802392936678,Antalya Muratpaşa Belediyesi,Antalya Muratpaşa Belediyesi,≤100
219031704851494,SAS (Satın Almayın Sahiplenin),Fırat Yıldız Ahmet,≤100
100516989042507,Balıkesir Posta TV,Ahmet Namlı,≤100
1093710237307888,TV 9,Numan Zeliha Ölmez,≤100
834954409860187,Gamze Akkuş İlgezdi,Gamze Akkuş İlgezdi,≤100
1952748275030916,Kürşad Mithat ÖZKAN,Kursad Mithat Ozkan,≤100
1156591567874276,Halil Arda,Halil Arda,≤100
103973085706404,Mesut Kocagöz,Mesut Kocagöz,≤100
108390012832175,Fatih Akkentli,Atacan Özbay,≤100
737340966376001,Metin Kala,Metin Kala,≤100
523571187690868,Dr. Haluk Bozdoğan,Haluk Bozdogan,≤100
107088348866304,Haberde.com.TR,Murat Ocak,≤100
1572709256359993,İnternethaber TV,HADİ ÖZIŞIK,≤100
1620080691588973,Serkan SARI,Serkan Sarı,≤100
394923520991442,Gonca Yelda Orhan,Gonca Yelda Orhan,≤100
104267921764717,Deva Partisi Trabzon İl Başkanlığı,Kubilay Çiçek,≤100
283657205667155,Mustafa Ali Fırtına,Mustafa Ali Firtina,≤100
110399169038182,Etv Manisa,Erdinç Yayıncılık Tanıtım Reklam ve Organizasyon Hizmetleri Tic. San. AŞ.,≤100
1614212022160759,Fehmi Yağlı,Fehmi Yagli,≤100
180352282606560,Mevlüd Oruç Teori Ve Pratik Ayrılamaz,These ads ran without a disclaimer,≤100
107924807410702,Samet Bağcı,Samet Bağcı,≤100
167633913392268,Kolejliler,Fırat Yıldız Ahmet,≤100
102579942625464,Sürekli Haber TV,Sürekli Haber TV,≤100
103167881182863,Temiz Enerji Haber Portalı,Temiz Enerji Haber Portalı,≤100
298764070816267,Mehmet Tütüncü,Mehmet TÜTÜNCÜ Türkiye Temsilcisi,≤100
106789305232883,وكالة الشرق الأوسط الإخبارية,وكالة الشرق الأوسط الإخبارية,≤100
113229965003082,AK Parti/MHP/BBP Cumhur İttifakı,Erol Cihangir,≤100
106810892071590,Yenises Gazetesi,These ads ran without a disclaimer,≤100
465887546792664,Halkın Kurtuluş Partisi - HKP,TAYFUR BİN,≤100
1028368393892777,Mehmet Ali Özkan,Mehmet Ali ÖZKAN,≤100
429226354299015,Tek Haber Gazetesi,Basbay Hasan Murat,≤100
103731461261046,Samsun Hayat Medya,Mustafa Aran,≤100
104373561467884,Serhat Servet Dövenci,Serhat Servet Dövenci33,≤100
511707202180465,Kangal Aşkk'tır,Fırat Yıldız Ahmet,≤100
108552928182311,Al Sancak Partisi,Nuri Çelebi,≤100
105606068096395,Manşet 35,Manşet 35,≤100
107184060866156,Limitsiz Bilgi,These ads ran without a disclaimer,≤100
111359061878677,Kürşat Kacargil,These ads ran without a disclaimer,≤100
189730698137677,Kadir Canpolat,These ads ran without a disclaimer,≤100
463215923715177,Mehmet Yiğiner,Bekir Koyuncu,≤100
459314071262613,Zeynettin Aydın,Zeynettin Aydın,≤100
101703364865964,Mustafa Durmus,Talha ŞEŞKA,≤100
108928264155408,Mehmet Başaran,Mehmet Basaran,≤100
104691722197784,صحيفة الاستقلال - العربية,صحيفة الاستقلال,≤100
285530825204,Klitschko,These ads ran without a disclaimer,≤100
856872281353150,Chemdist Process Solutions,These ads ran without a disclaimer,≤100
104020935928278,Pan Passport,These ads ran without a disclaimer,≤100
875117105849559,Welcome to Massachusetts,These ads ran without a disclaimer,≤100