﻿Page ID,Page name,Disclaimer,Amount spent (TWD)
238507146264909,國際特赦組織 台灣分會 Amnesty International Taiwan,國際特赦組織 台灣分會 Amnesty International Taiwan,6805
148475335184300,Greenpeace 綠色和平 (台灣網站),Greenpeace 綠色和平 (台灣網站),5751
693907914395620,良杯製所 Oolab,良杯製所 Oolab,2003
105556085524776,Twpca-台灣野良犬照護協會,Twpca-台灣野良犬照護協會,1613
1649523455281990,遠山呼喚,遠山呼喚國際貧童教育組織,1278
106801464127093,目目非營利 MUVE NPO,目目非營利,1020
219315794887869,聯合報,聯合報股份有限公司,1013
343251481955,靖娟兒童安全文教基金會-守護寶貝每一天,靖娟兒童安全文教基金會-守護寶貝每一天,953
241284961029,udn.com 聯合新聞網,udn.com 聯合新聞網,921
177161918975981,基督教芥菜種會,基督教芥菜種會,705
277223962685223,Nespresso.TWN,Nespresso.TWN,644
167913323845559,FNG世代設計｜為了下一代而設計,FNG世代設計｜為了下一代而設計,571
1212271885604995,社團法人愛的延續公益協會,社團法人愛的延續公益協會,520
211730475524462,大陸委員會,大陸委員會,468
467933563234921,南門書局-網路圖書名店、也有實體店面，誠信可靠！,玉河 孫,440
650500068416528,無國界醫生 / Médecins Sans Frontières (MSF),無國界醫生 / Médecins Sans Frontières (MSF),392
110985434861942,啟思民本基金會,啟思民本基金會,377
286487218798,遠見雜誌,遠見雜誌,370
390569611008641,願景工程基金會 Vision Project,願景工程基金會,342
127628276929,天下雜誌,These ads ran without a disclaimer,325
188358792124,聯經出版,聯經出版,322
171759036215066,創世紀不動產教育訓練中心,Micky  Wu,297
100714476220256,永續金融先行者聯盟,永續金融先行者聯盟,267
107967864993250,SOGA STOP！,財團法人隆中向上教育基金會,241
113021403762187,法律協會-債務協商 更生 清算 -全台服務,傢宇 吳,232
628210660663641,自由時報地產天下,自由時報地產天下,220
436843193180529,Unipapa,Unipapa,209
306812086082221,台灣環境資訊協會 - TEIA,台灣環境資訊協會 - TEIA,201
158025223269,今周刊,今周刊,196
221323424616286,吳祥輝 Brian Wu,吳祥輝,186
105480595733926,理鴻法律事務所 K&L Attorneys at Law,理鴻法律事務所,184
129452013855801,RITE,RITE,183
1487218698275407,南門書局二店-網路特價書店-也有實體店面，價格親民，誠信可靠的老店。（師友文化）,玉河 孫,182
481065478629613,The News Lens 關鍵評論網,The News Lens 關鍵評論網,178
1539555259465968,陳賢蔚,賢蔚 陳,176
103434156355638,船井生醫,These ads ran without a disclaimer,175
152479095435700,茶樹莊園 Tea Tree Garden,花仙子 Farcent,174
1847777185521418,放言 Fount Media,放言科技傳媒股份有限公司,172
1537741526464370,桃園市議長邱奕勝,奕勝 邱,169
465616346853075,RE-THINK 重新思考,RE-THINK 重新思考,166
148513668543221,地球公民基金會,地球公民基金會,164
116471948112002,10元書店【圖書供應商】,These ads ran without a disclaimer,154
368820985964,台灣伴侶權益推動聯盟,台灣伴侶權益推動聯盟,152
1855418728011324,鏡週刊,鏡週刊,142
327941870899267,元智大學 i Life,元智大學 i Life,139
109342485815974,屏東縣政府財稅局,元戎張,138
101176989480437,九槍 And Miles to Go Before I Sleep,九槍 And Miles to Go Before I Sleep,134
101297638763256,識媒體,識媒體,128
108803285304242,秀策法律事務所,士閎沈,124
725501890978632,游淑慧 台北市議員,游淑慧,123
154631861234059,吳秉叡,吳秉叡,113
122912938347467,歐陽霆,霆 歐陽,111
258660130833607,皮筋兒 Journey,Yi-shin Cheng,110
104624290080479,張育美,翊斌黃,110
105763467865696,台灣資訊環境研究中心 IORG,台灣資訊環境研究中心 IORG,109
456170574528072,蘇巧慧,蘇巧慧,101
101355918337667,地天泰國際顧問有限公司,地天泰國際顧問有限公司,≤100
235679595900,民視新聞,民視新聞,≤100
1649151078446134,卓冠廷,冠廷卓,≤100
119282744754924,台灣人權促進會 Taiwan Association for Human Rights,台灣人權促進會 Taiwan Association for Human Rights,≤100
108696572024879,民視佮你講（Bîn-sī kah lí kóng）,民視新聞,≤100
569626243213799,生鮮時書,生鮮時書,≤100
107061308725353,京華廣場頂級商辦園區,京華廣場頂級商辦園區,≤100
1025786357451330,"范雲  FAN, Yun","范雲  FAN, Yun",≤100
208371683037269,NBCU Catalyst,These ads ran without a disclaimer,≤100
1506514762998978,花王微笑心生活,These ads ran without a disclaimer,≤100
191690867518507,江啟臣,江啟臣,≤100
112571907179969,玩霸教育,思揚 蘇,≤100
347432368933987,LINE TODAY Taiwan,LINE TODAY Taiwan,≤100
120869137965597,SEMI 國際半導體產業協會,SEMI 國際半導體產業協會,≤100
105692292105892,黃士修,Shih-Hsiu Huang,≤100
104013138750678,翁震州,震州 翁,≤100
107478432346054,郭台銘+1,Kaiwun Lin,≤100
106884252092730,恆好玩｜永續行動平台,恆好玩｜永續行動平台,≤100
159425621565,Inside 硬塞的網路趨勢觀察,The News Lens 關鍵評論網,≤100
791870507594526,利樂創新界,利樂創新界,≤100
109946254161907,Tommy 獨立理財顧問,詠程 許,≤100
1014522188609435,李明賢 -阿賢之聲,明賢 李,≤100
102943834507641,立法委員 陳椒華,時代力量立委陳椒華,≤100
174567875906128,Epson,台灣愛普生科技股份有限公司,≤100
112364983768638,司法院,司法院,≤100
111048064504149,珊騰天下 姜百珊律師,易宏謝,≤100
602353113208382,台灣法學基金會,財團法人台灣法學基金會,≤100
103141681121150,城市學,遠見雜誌,≤100
1621835121361449,陳超明-阿明哥粉絲團,超明 陳,≤100
201785650801,亞洲大學(Asia University Taiwan),亞洲大學,≤100
101176989480437,九槍 And Miles to Go Before I Sleep,These ads ran without a disclaimer,≤100
283023849262,台灣同志諮詢熱線協會,台灣同志諮詢熱線協會,≤100
101576862144790,工程師看政治,玄超 黃,≤100
1270267469761308,天平共筆,Cheng-Chieh Chen,≤100
103377904599065,E.政策網：約博打權,E.政策網：約博打權,≤100
1629474157289221,小牛頓,小牛頓科學教育有限公司,≤100
100900089572253,賤民賤解,賤民賤解,≤100
307448579410362,感染誌 Hivstory,感染誌 Hivstory,≤100
103640919705348,綠色公民行動聯盟Green Citizens' Action Alliance,綠色公民行動聯盟Green Citizens' Action Alliance,≤100
100971679482122,2222-《未來選擇地》,2222,≤100
743100072477291,台中市議員何文海,文海 何,≤100
679518422104905,民視全球新聞,民視新聞,≤100
226660410787355,民視體育新聞,民視新聞,≤100
108803285304242,秀策法律事務所,秀策法律事務所,≤100
615486518635582,研之有物,These ads ran without a disclaimer,≤100
162701220453187,新北市議員 陳永福,陳韋任,≤100
102411719983,舒翠玲,翠玲 舒,≤100
186593071836,商業周刊（商周.com）,商業周刊（商周.com）,≤100
120653918021517,中國人壽,These ads ran without a disclaimer,≤100
108222018436859,台灣故事館,These ads ran without a disclaimer,≤100
100573838902360,SHES 環保衛生棉,SHES環保衛生棉,≤100
121504021252255,台灣金融研訓院,台灣金融研訓院,≤100
112648664951433,淨零未來,These ads ran without a disclaimer,≤100
436202956432960,Technews 科技新報,Technews 科技新報,≤100
112830608131440,許睿慈．許願池,許睿慈．許願池,≤100
106115875105134,茶理先生Tea Cha,These ads ran without a disclaimer,≤100
175549807657,台達基金會,台達基金會,≤100
1549881451947136,林筱淇,筱淇 林,≤100
6321018343,The Japan Times,These ads ran without a disclaimer,≤100
108484559225077,何博文 Ho Po-wen,何博文 Ho Po-wen,≤100
230776738922933,顏蔚慈,琇雯顏,≤100
262531920494874,財團法人金融消費評議中心,財團法人金融消費評議中心,≤100
113761234998842,温宗諭,博盛侯,≤100
354149841356884,哈本咖啡 Happen Coffee,林奕丞,≤100
138613799555199,台北金融研究發展基金會,These ads ran without a disclaimer,≤100
241403045973,IC 之音 FM97.5,IC 之音 FM97.5,≤100
105961094120160,老師雞 何景榮,景榮 何,≤100
180516279238465,桃園市立美術館 Taoyuan Museum of Fine Arts,桃園市立美術館 Taoyuan Museum of Fine Arts,≤100
810120492410745,全國教育產業總工會,全國教育產業總工會,≤100
105229401587752,林延鳳,Lin Yen Feng,≤100
195959880437203,新北市議員白珮茹,新北市議員白珮茹,≤100
239512030682497,第一手星聞,民視新聞,≤100
101718182459153,天秤座戰士,Companionship Digital,≤100
108096904126871,數位女力聯盟WIDI,社團法人台灣數位女力聯盟,≤100
110699089014688,三立新聞,三立新聞,≤100
593374924100942,經濟民主連合,社團法人經濟民主連合,≤100
107561193936634,南投小鋼炮曾琮愷,歷軒郭,≤100
1645501069043806,科科性別,國立高雄師範大學,≤100
449156429152075,麻吉理財顧問公司,黃詩凭,≤100
259430250825193,BSI Taiwan,BSI Taiwan,≤100
111289515704943,環境品質文教基金會 EQPF,佾展 鄭,≤100
2199675410320212,台灣制憲基金會 TNC,台灣制憲基金會 TNC,≤100
435781560090230,EVOX,These ads ran without a disclaimer,≤100
101555135746236,講客進鄉團,堃廉崔,≤100
109358201564879,反廢死Q&A,反廢死Q&A,≤100
796994720374176,鳴人堂,鳴人堂,≤100
106118168971467,債務人權益協會 扣薪 協商 更生 清算,傢宇 吳,≤100
190684970959969,宜蘭綠色博覽會,堃廉崔,≤100
397602236982040,三立iNEWS,三立新聞,≤100
105742975534267,吳明宜,吳明宜,≤100
215213505975,FUNDAY英語教育,These ads ran without a disclaimer,≤100
100216765069813,唐平榮 執行長的人生甘味廚房,唐平榮 執行長的人生甘味廚房,≤100
103032645529885,菱傳媒,菱傳媒,≤100
103928791434157,裸裸實驗市 Zero Market,These ads ran without a disclaimer,≤100
157825744293951,The Garden of Hope Foundation- International Affairs 勵馨基金會國際事務,The Garden of Hope Foundation- International Affairs 勵馨基金會國際事務,≤100
766579226778525,大米缸 - 永續關懷的糧倉,大米缸 - 永續關懷的糧倉,≤100
1743825042576235,楊文科,楊文科,≤100
784018578290361,幸和殿   手作料理,These ads ran without a disclaimer,≤100
195890640463420,台灣永續能源研究基金會 Taiwan Institute for Sustainable Energy (TAISE),財團法人台灣永續能源研究基金會,≤100
378478695837780,李艷秋的新聞夜總會,吳昇原,≤100
100423742875331,JHY 律師工作室,Zhong-Yue Yang,≤100
647774598986133,深聽嘉義-黃思婷議員,林政翰,≤100
546919432374583,台灣三井不動產－投資顧問部,緻霖高,≤100
113115841660729,廖偉翔,偉翔廖,≤100
101451132009651,許家睿 Hsu Chia-Jui,許家睿 Hsu Chia-Jui,≤100
128818803902,兩岸犇報,兩岸犇報,≤100
102060456046911,深夜未歸,These ads ran without a disclaimer,≤100
521176024619313,花輪哥,傑齊 黃,≤100
108465872157182,亞細亞精準數據,亞細亞精準數據,≤100
1503745219913314,"孫大千Sun, Ta-Chien","孫大千Sun, Ta-Chien",≤100
158723167479444,再生能源資訊網,再生能源資訊網,≤100
1693856497304590,竹山鎮長陳東睦,嘉珍許,≤100
673035569401167,育田基金會 Mercyland,財團法人育田社會福利慈善基金會,≤100
100506478473780,公視主題之夜 SHOW,公視主題之夜SHOW,≤100
113791200340934,經典公益郵舍-跟著韓老師玩轉收藏世界,孟達 韓,≤100
227521757837659,金城更新 許燕輝,許燕輝,≤100
102046048924214,Alpha plus - 人才加速器,These ads ran without a disclaimer,≤100
283023849262,台灣同志諮詢熱線協會,These ads ran without a disclaimer,≤100
112077024899370,Comics Stadium,These ads ran without a disclaimer,≤100
101981918812659,Sindjus,These ads ran without a disclaimer,≤100
101845848873882,思雅閣,These ads ran without a disclaimer,≤100
106170661628518,香港V,These ads ran without a disclaimer,≤100
372319002975172,CaVa,These ads ran without a disclaimer,≤100
397486643273,OB嚴選,These ads ran without a disclaimer,≤100
116308369063243,Kambria,These ads ran without a disclaimer,≤100
100374392742057,Weregreenly- Magazine,These ads ran without a disclaimer,≤100