﻿Page ID,Page name,Disclaimer,Amount spent (INR)
326102339565,Oxfam India,Oxfam India,165
404746486258732,Project Nanhi Kali,Project Nanhi Kali,161
1549125462051884,BQPrime,Bloomberg Quint,125
113125761613615,Namma CM Bommai,Recro Media,≤100
170484126349815,Indian Cancer Society,Indian Cancer Society,≤100
21169267101,Give,Give,≤100
174283119250672,Save the Children India,Bal Raksha Bharat,≤100
104516512296314,Kartikeya Sharma,Adv Tech,≤100
109324341847519,Basavaraj Bommai Fans Club,Recro Media,≤100
30290552843,Greenpeace India,Greenpeace India Society,≤100
2055792651317396,ദുബായ് വാർത്ത - Dubai Vartha,Asiavision,≤100
107864648831408,Nammavar Kamal Haasan,Nammavar kamal hassan,≤100
33497111948,Child Rights and You,Child Rights and You,≤100
103782051383159,School of Politics,School of Politics,≤100
101781252334419,Brandscouncil Ratings,Council for Brand Business Promotions & Research,≤100
106126212227764,P Mudar Loan,Mukeshbhai Samatbhai Rathod,≤100
941748002602952,Jagran Business,These ads ran without a disclaimer,≤100
100833022847933,Skill Arbitrage,These ads ran without a disclaimer,≤100
1954072204870360,NEWJ,Anant Bhardwaj,≤100
474751009223949,Jaipur Literature Festival,Teamwork Arts Private Limited,≤100
104052753400618,Union Bank of India,Goldmine Advertising Limited,≤100
100735178208398,Udyami India,Samadhan Samiti,≤100
109986065209042,Mera Apna Rahul,MeraApnaRahul,≤100
959179977571273,USI Party - India,Ramanadar Selvaganesan,≤100
142752549111246,Construction World Magazine,Asapp Info Global Services Pvt. Ltd,≤100
210251616112761,India Development Review,India Development Review,≤100
411129449009589,K.C. Venugopal,K.C.Venugopal,≤100
109141098395573,Inclusive Minds,Inclusive Minds,≤100
102218576103904,Badlaav ki Aandhi Priyanka Gandhi,Badlaav Ki Aandhi Priyanka Gandhi,≤100
109440785244401,Red Pix 24x7,Felix Gerald G,≤100
872654896183648,Tata Trusts,These ads ran without a disclaimer,≤100
107395897271506,Kutumb,Swatantra Verma,≤100
260905593926582,Viraj Profiles Pvt.,These ads ran without a disclaimer,≤100
132689140088396,smilefoundation,Smile Foundation,≤100
524665794408050,CASA,Arushi Narchal,≤100
1199017293582281,Anupam Thareja,These ads ran without a disclaimer,≤100
110115671863420,Kacche Din,Kacche Din,≤100
102093922778599,reallifestories1324,These ads ran without a disclaimer,≤100
105047925781326,Number Leader,These ads ran without a disclaimer,≤100
204318116677554,National Herald,National Herald,≤100
243524299157863,Pushkar Singh Dhami,Pushkar Singh Dhami,≤100
122131984855152,Dr. Debraj Shome,Dr. Debraj Shome,≤100
111092607280069,APAC News Network,APAC News Network,≤100
270666596375251,Jhatkaa.org,Jhatkaa.org,≤100
105693065161173,SpikeOn Digital,These ads ran without a disclaimer,≤100
254294118682941,Henry Austin,Henry Austin,≤100
107501421446303,Ramalingappa,Ramalingappa Ramalingappa,≤100
105671775473178,Jan Suraaj,Jan Suraaj,≤100
285029500623,CARE India,CARE India,≤100
1783001841927248,Nutan Odisha,Cloud & Loud Communications,≤100
102123079337554,International Society for Krishna Consciousness,ISKCON Delhi,≤100
605390272841833,Shrirang Appa Barne,Abhay Balu Ahire,≤100
140072696102301,Pankajkumar Desai,Pankajkumar Vinubhai Desai,≤100
103251851710926,Akula Srivani,Anjan Kumar Akula,≤100
219514401576120,SG Suryah,SG Suryah,≤100
104867526497,Frontlist,Frontlist,≤100
102845409395943,arun_.kumar._,These ads ran without a disclaimer,≤100
354030135671470,Palamuru Vishnuvardhan Reddy,P Vishnu Vardhan Reddy,≤100
105078967734288,"திருமதி.சுபத்ரா இராஜ்குமார் BCom, ஊராட்சி மன்ற தலைவர் காக்களூர்.",R Raj Kumar,≤100
108861325372008,Bharat Bhagya Vidhata,BharatBhagyaVidhata,≤100
109269521707647,KSKT- Kisaan Se Kitchen Tak,These ads ran without a disclaimer,≤100
268900433850095,Sudip Roy Barman,GORILLA TECH SOLUTION,≤100
118227367824577,Garuda Aerospace Agri drones,Garuda Aerospace Pvt Ltd,≤100
114395904786369,myplan8_earth,These ads ran without a disclaimer,≤100
408255699307921,Dr. Manoj Rajoria,Saurabh Saini,≤100
108209555020383,B somashekar,RMT,≤100
2078242259060363,Kukufm,Mohana Saha,≤100
252791995383178,Maharashtra Multimedia Communications,Shubhada Ashish Joshi,≤100
1393081727423694,Chandrupatla Sunil Reddy,Sunil Kumar Chandrupatla,≤100
1675237799375590,Chandra Mohan Patowary,Jitendra Newatia,≤100
111697604342383,Monica Rajeev Rajale,Ravindra Kishor Phalke,≤100
112702190274060,Cummins India,These ads ran without a disclaimer,≤100
1134675723239978,Shri Venkateshwara University,Shri Venkateshwara University,≤100
241940555912671,Chandigarh University,Chandigarh University,≤100
148931718592314,Tarun Chugh,Adv Tech,≤100
550287678727831,Bharath Reddy Ravula,Bharath Kumar Ravula,≤100
186199704897466,RD Foundation,RD Foundation,≤100
165714096933078,Piyush Goyal,Piyush Goyal,≤100
102335115041934,Nara Bharath Reddy,Sunil K S,≤100
157300124326821,Arlak Biotech,Swati Dhiman,≤100
101032458576250,जनक आयुर्वेदा,Manisha,≤100
234910573228520,Chhattisgarh Tourism,Chhattisgarh Tourism,≤100
104594334484048,Rajat Ullagaddimath,Gundala Rahul,≤100
109319748678034,Dikkanchi D Shira,Rupali Deb,≤100
112786148339106,Superfast_CM,Superfast_CM,≤100
444000972398140,Dr. Ajay Dharam Singh,Ramkishan Singh Maninder Singh,≤100
804538566410307,Sudhindar Moond,Rohit Githala,≤100
104841141528181,Rural Voice,Rural Voice Media Private Limited,≤100
107648861401368,IBN 24x7 World,Rahul Beri,≤100
107395897271506,Kutumb,Kutumb App,≤100
1651727365046605,Pukh Raj Parashar,Pukh Raj Parashar,≤100
103434492387110,BJP Karnataka Raita Morcha,Mohan Vidhyadhar Lohar,≤100
522449824826243,Namit Jain,These ads ran without a disclaimer,≤100
105291110825687,Dr. Chandan Yadav,Yash Bagh,≤100
110540565228341,Ganguly H Kurabathalli,Ganguly H Kurubathalli,≤100
285403455681355,Railway Children India,Railway Children India,≤100
101460125428339,World Council for Women Rights - WCWR,Ramanadar Selvaganesan,≤100
102571638081024,Vipra sena,Pawan Kumar Sharma,≤100
100460032153199,Jagmohan Singh Raju,Akshta Agrawal,≤100
113351418298786,Renikton Lyngdoh Tongkhar,Rupali Deb,≤100
276512419511205,Kathi Karthika,Policy Briefcase,≤100
150727778825020,Mobius Foundation,Mobius Foundation,≤100
1422722534642965,B Suresh Gowda,Bettaiah Suresh Gowda,≤100
315526695589912,Channel IAM -English,Raveendran Nair  Jayakrishnan,≤100
1919641618278971,Sachin Chaudhary,Satish Kumar,≤100
202117206500635,HarperCollins India,These ads ran without a disclaimer,≤100
1785302198354679,Dr. Somendra Tomar,Somendra Singh,≤100
105790989036460,Saleng A Sangma,Rupali Deb,≤100
105465095794882,Ritu Pawar,Mandar Prasad Gawade,≤100
104939532483223,Shri Badal Choudhury,Rupali Deb,≤100
1644165492504830,Ramoji Gowda,Ramoji Gowda,≤100
182600871930746,Sujata Paul - India First,Sujata Paul,≤100
112061804808512,Sports Development Authority of Bihar - SDAB,Ajit Kumar,≤100
1783001841927248,Nutan Odisha,Niti Pollsters Private Limited,≤100
112411131645969,Shinde Saheb FC,Shinde Saheb FC,≤100
109066315147120,News Temple,Jainendra Agrawal,≤100
104465075863035,Hamletson Dohling,Rupali Deb,≤100
170741823043489,V6 News,V6 News,≤100
103825158794142,Manipal Global Skills Academy,These ads ran without a disclaimer,≤100
104160802532063,महाराष्ट्राची विकासगंगा,महाराष्ट्राची विकासगंगा,≤100
101258822830916,Jimmy.D.Sangma,Rupali Deb,≤100
280250759492293,Samir Gurav,Samir Gurav,≤100
106817644995582,The Social Prachar,The Social Prachar,≤100
108497578583588,Janpeace Live,Trishanu Kaushik,≤100
112475780481777,Bahadur Singh Chouhan,Manoj,≤100
102465501806712,Gunnala Sunithakka Sena,Gunnala Sunithakka Sena,≤100
107525051465976,r_o_h_i.t_46_,These ads ran without a disclaimer,≤100
101565746101514,Pooja Jaswani,Qazi Faraz Ahmad,≤100
165818073477856,Firstpost,These ads ran without a disclaimer,≤100
105940537995682,Deepesh Tandel,Bharatiya Janata Party,≤100
1040170316105348,Sanjay M.L. Dhakar,Mahesh Kumar,≤100
1924627484438235,Arlak Ayurveda,Swati Dhiman,≤100
577856385582447,Raghu Sharma,Kanishk Bansal,≤100
912096938897209,Vijay Singh,Vijay Singh,≤100
106453702174921,बंजारा समाज - दिग्रस दारव्हा  नेर,Akash Ramesh Waghchoure,≤100
746568209028564,Dr. Basu Eye Hospital,Dr. Basu Eye Hospital,≤100
1088373891289696,Kamal yadav,Akash Singh,≤100
216506801885954,Pankaj Chaudhary,Yash Bagh,≤100
1626663520906810,NbliK,Abhishek Yadav,≤100
394949397597991,Prince Raj Paswan,These ads ran without a disclaimer,≤100
100408622352310,Mohit Yadav,Mohit Yadav,≤100
1714627758756924,अशोक सिंह रावत -भाजपा,Susheel Kumar Garg,≤100
110724078544459,Macmillan Byrsat,Rupali Deb,≤100
162115051234970,Dharmendra Singh Lodhi mla,Dharmendra Singh Lodhi,≤100
108721748160943,Sanjay Gupta,Sanjay Gupta,≤100
109381698674364,_legalconnect,These ads ran without a disclaimer,≤100
101417149506128,Mohendro Rapsang,Rupali Deb,≤100
100246572087472,Bhupendra Singh Shaktawat,Bhupendra Singh Shaktawat,≤100
224787738121110,Manan Dani,Mananbhai Jatinkumar Dani,≤100
1233205170036924,Agul mathur,These ads ran without a disclaimer,≤100
195167817324812,Pawan Khera,Indian National Congress,≤100
102597425311635,Surya Pratap Singh,Surya Pratap Singh,≤100
100963116200702,Martin M. Danggo,Rupali Deb,≤100
113548794935725,Benedic Marak,Rupali Deb,≤100
269761569864265,Rao Padma,Kushal Reddy Rao,≤100
111016951378962,Abhinav Thapar,Abhinav Thapar,≤100
2610079412396734,Amaresh Rai,Amaresh Kumar Rai,≤100
104897397548712,YV Care,These ads ran without a disclaimer,≤100
1559470284286071,M.K.Somashekar,Pranusha Mysore Somashekar,≤100
102710804961947,Patanjali Nutrela Products,Saura Bh Sin Gh,≤100
106182825670967,Gigur Myrthong,Rupali Deb,≤100
101332242841068,Jim M Sangma,Rupali Deb,≤100
100684609345673,म्हारा छोरा,adv-tech,≤100
105999155405710,Pandit Avadh Sharma,Pawan Kumar Sharma,≤100
414822692663213,Anurag Vishwanath Sharma,Yogesh Raikwar,≤100
994578073995343,B. L. Verma,Sourabh Arvind Dubey,≤100
113356014587642,Anupam Sharma,Prashant Sharma,≤100
186280771833567,Deepak Pote,Lovekesh Ramesh Sirgaiyye,≤100
116925101740350,Prem Sagar Patel,Karamveer Patel,≤100
104052978235240,Pandian For People,Abhijeet Shesh,≤100
109986061974256,Seth Mobiles Cafe,These ads ran without a disclaimer,≤100
1479086895672584,Sureshkumar Jethliya-सुरेशकुमार जेथलिया,Vaibhav Ganesh Chikhale,≤100
100113008488735,Eknath Shinde FC,Eknath Shinde FC,≤100
109626378647904,Brening A. Sangma,Rupali Deb,≤100
525464697504061,Sardar VM Singh,Virinder Mohan Singh,≤100
105354058906524,Bjp Shekhar Sharma,Shekhar Sharma,≤100
110197854912974,Sonu Singh Garg,Pratik Garg,≤100
1305477266244063,A.Muneer jansale,Abdul Muneer,≤100
179765292047054,Manickam Tagore,Kathiresan K,≤100
1391594011090819,V6 Velugu,V6 Velugu,≤100
101898422702437,V N Reddy,Vaidyula Narender Reddy,≤100
426854497508656,Dr.Phoolchand Bhinda,Phool Chand Bhinda,≤100
101713962007976,Amrit Mahotsav,Amrit Mahotsav,≤100
111560924353656,Swetha Reddy,Rajendra Reddy Bhuvanagiri,≤100
385303288239154,Raghuveer Singh Tanwar,Raghuveer Singh Tanwar,≤100
166119237276964,Shivji Lal Choudhary,Badri Narayan Jangid,≤100
1358596347539699,Dr. Nagalakshmi ಡಾ. ನಾಗಲಕ್ಷ್ಮಿ,Mohankumar Hp,≤100
423874327718687,Vikas Bhagat Fans Page,Sandeep Mishra,≤100
110690441891619,Timothy D shira,Rupali Deb,≤100
586892648072232,Harjeet Singh,Hindsoft Technology Pvt Ltd,≤100
390976557590103,I Support Narendra Modi,I Support Narendra Modi,≤100
478917072528895,Ankit Singh Chandel,Gagan Sahu,≤100
430864437043861,D K Brijesh,Devassia Brijeshdkaithakkal,≤100
108372718774225,Samuel M. Sangma,Rupali Deb,≤100
100469544979274,Nirav Shah,Nirav Shah,≤100
317042561720861,Sunil Deodhar,Sunil Deodhar,≤100
271711770069401,सुरेश धाकड़ राठखेड़ा,Gajendra Verma,≤100
100240102800860,डॉ. शिव मोहन सिंह,International Centre for Stem Cells Cancer and Biotechnology,≤100
385658441549334,Deepak Bhati Chotiwala,Dipak Bhati,≤100
100574186258842,Adelbert Nongrum,Rupali Deb,≤100
834432743328746,Prakash Dwivedi,Prakash Chandra Dwivedi,≤100
102994271417943,Ashutosh Kumar Tripathi,Shishupal Kumar,≤100
107278732219269,Thomas.A.Sangma,Rupali Deb,≤100
211316456818,Suveg Rathi,Mahat info tech,≤100
102091768921733,Ashok dubey bjp,Prashant Mahton,≤100
1770518973014321,Kuldeep Vats,Click2Public Technologies OPC Pvt. Ltd.,≤100
1966700650252559,Jitendra Sharma,Jitendra Kumar Sharma,≤100
107545897823033,For Men India,Antara Das,≤100
110772648308551,reeemasehgal,These ads ran without a disclaimer,≤100
163190160489585,Vasundhara Raje,Vasundhara Raje,≤100
101636799071929,Suraj das,Aparna Das Roy,≤100
112333551648886,Kalpana Bhatnagar,Ganesh Kumar,≤100
2691509044407025,Sankalp Shettar,Sankalp Jagadish Shettar,≤100
156305911727294,Ravinder Singh Negi,Shyam Sunder Singh Negi,≤100
794348367359918,Bharath mudiraj,C Bharath Kumar,≤100
381937732180611,Vineet Joshi,Vineet Joshi,≤100
106582082351546,Team VSR,Byrappa Venugopala,≤100
610186239177350,I Hate BJP,I Hate BJP,≤100
102631354874295,Adv ninad khoche,Ajay Arjun Daund,≤100
109391860938944,DishaShankar,Shankar Disha,≤100
110515455221825,Rakkam A.Sangma,Rupali Deb,≤100
110041803678379,Kabir Shankar Bose,Kabir Shankar Bose,≤100
537021156329658,Sukhbir Singh Jaunapuria,Pankaj Sharma,≤100
113188955003281,Raj Shaikh-राज शेख,Vaibhav Ganesh Chikhale,≤100
100199408428643,Mibbles,Sattva Millets and food products,≤100
109000577456331,upsc_agora,These ads ran without a disclaimer,≤100
107451384377439,Nitin Tandi Sirsa,These ads ran without a disclaimer,≤100
747930775373319,Saral Patel,Saral Patel,≤100
767805023307544,Santosh Kumar Singh BJP,Akash Singh,≤100
617711705242584,Khabarwaale Tv,Parminder Singh Jatpuri,≤100
108015368279979,Solh Wellness,Omlogic consulting pvt. ltd.,≤100
110967695146133,Govind Kumar Jain,Ganesh Kumar,≤100
108437191907485,Replanet,Prabhindar Singh Chopra,≤100
115297001468984,Annat Arun Samdani,Engitech Media,≤100
152154292012572,Navjivan,Navjivan,≤100
103439354790718,மு. தேவராஜ்   தி மு க -வேலூர் மாவட்டம்,M Devaraj,≤100
229918548975944,Priyank Tripathi BJYM,Sarika Pandey,≤100
113736628186529,"भीती नाही कशाची, भाजपा तुमच्या पाठीशी",Mahesh Dattatray Bhendekar,≤100
106261054498841,Advocate Rajat Bhargava,Rajat Bhargava,≤100
102297601605813,Uttampal Singh Purni,Uttampal Singh Purni,≤100
1493467387573959,Ghulam Nabi Azad,Advertiseyouonline,≤100
105870244728334,Lalit Batra,Lalit Batra,≤100
101844802427541,Kuldeep Rajput,Kuldip Rajput,≤100
114717553693865,Liberal TV,Liberal TV Punjabi,≤100
104435349144216,Nara Bharath Reddy Fanpage,Nara Bharath Reddy Fanpage,≤100
325602694251353,Rajeev Rai,Rajeev Kumar Rai,≤100
423924598022376,Shankar Lalwani,Mayur Sethi,≤100
103088902327676,Dwarka Kunj,Rahul Tiwari,≤100
924791427628665,Sunil Kelanka,Shivendra Shailendra Tiwari,≤100
802311956513987,Rahul Singh,Rahul Singh,≤100
109546308136398,Sankar Dutta - শংকর দত্ত,Bholanath Dey,≤100
283040485772796,Rakesh Singh Yadav,Mahat info tech,≤100
715413968601904,Yelahanka  Constituency BJP supporter's,Prashanth B,≤100
672509046429068,Brahma Nand,Brahma Nand,≤100
295405070641302,Balraj Kundu,Pankaj Sharma,≤100
110800303908267,Kuber Singh Gurjar,Kuber Singh Gurjar,≤100
106394871443089,Amit Kumar Singh,Amit Kumar Singh,≤100
110847490543428,Vipul Kumar Salwan,Vipul Kumar Salwan,≤100
108638702066665,Deepak Ajeet Khatri,Deepak Khatri,≤100
511725522329475,Sampurna Samachar Seva,Sampurna Samachar Seva,≤100
541307662707328,Dr. Bhajanlal Rollan,Narendra Singh Pachar,≤100
1443694495872539,Alok Ranjan,Rupesh Kumar,≤100
1069257996457343,Dadisetty Raja,Vamsi Krishna Manipadi,≤100
626040200837891,Ashwini Paranjpe,Trivikram Kashinath Paranjpe,≤100
268437163351102,Saurabh Srivastava,Saurabh Srivastava,≤100
1781479445448595,Rajnish Kumar Singh,Arpit Jain,≤100
102838152104730,Bjp kisan Morcha punjab,Ashish Soni,≤100
102161921182493,Ram Niwas Garg,Ram Niwas Garg,≤100
218937918273828,Kavita Patidar,Kavita Patidar,≤100
102018225696367,वसीम राईन पसमांदा मुस्लिम महाज,Bhupendra Sharma,≤100
1433894153522813,Pramod Bhaya,Sharad Sharma,≤100
101010022211013,My Modi Quotes,Deepak Dhillon,≤100
103610339319953,Digitel India,These ads ran without a disclaimer,≤100
111792213624527,Matendra Pratap Singh Rathore,Kanishk Bansal,≤100
176666610656782,Vaishali tomar,Vaishali tomar,≤100
455697974986681,Bangla Hunt,Bangla Hunt,≤100
111777525150543,Barabar News,Nagarjuna Reddy Kaipa,≤100
1627002467569119,Prof.Rambhagat,These ads ran without a disclaimer,≤100
102295288495831,Rohit Jain,Rohit Jain,≤100
106456887722695,Adesh Yadav BJP,Anil Kumar,≤100
339897016435360,LITON GHOSH,LITON GHOSH,≤100
108159201571035,अरविन्द जायसवाल,Avadesh  Kumar,≤100
667862236707254,Rohit Kumar Singh,Arshad Ansari,≤100
103447715984080,Devki Shah Foundation - Regd,Bhawana Negi,≤100
764865110238987,Varinder Shah - Bulle Shah,Big Boys Consulting Private Limited,≤100
118846334443228,TDP Kavali,Nagarjuna Reddy Kaipa,≤100
146702709146110,Ashu Singh Surpura,Ankit Kumawat,≤100
1424790517764665,"Lucky Sahu भारतीय जनता पार्टी, प्रयागराज",Tejas Sahu,≤100
113221617135066,Prerna Kalra,Prerna Kalra,≤100
106716607496956,ÆÑKÏT YÃDĀV,These ads ran without a disclaimer,≤100
102334668505691,Mukesh Kumar Chopra,Mukesh Kumar Chopra,≤100
113123373786875,Devender Nim,Anshul Sharma,≤100
107298800979478,Pankaj Sarangal,Deepak Dhillon,≤100
108317665490916,Satyen Srivastava,Naveen Singhal,≤100
102625849396266,Jcoder,Sattar Ali,≤100
104741622483190,Kimfa Sidney Marbaniang,Rupali Deb,≤100
769092390172812,GirlsBuzz,These ads ran without a disclaimer,≤100
105666934718238,Ranjit Das,Ranjit Das,≤100
113120398347127,Ugarsen Sahu,Akram Ali,≤100
319646115419636,Arnold Massar,Arnold Massar,≤100
101613628900010,Smartway Wellness Pvt. Ltd.,Bhoomi Harendra Mistry,≤100
1932900346831325,Rajesh D Sanghvi,Rajesh Dineshchandra Sanghvi,≤100
102550889427648,Old coin buyer call me 8617506425,These ads ran without a disclaimer,≤100
988113031199582,Dr. Ramesh Chand Tomar,Ashutosh Mishra,≤100
393951120752155,Malladi Sandeep Kumar,Sandeep Kumar Malladi,≤100
104985694729728,Bheem Patel,Akash Singh,≤100
100935642733964,Hindi Khabar Digital,The Narrative Builders,≤100
105222094270542,Dalbir Singh,Shankar Prasad Thakur,≤100
1433894153522813,Pramod Bhaya,Kapil Sain,≤100
321228061382932,Pt. Shekhar Dixit,Websofy Software Private Limited,≤100
1929823443694918,Pardeep Lohan,Pardeep Kumar,≤100
346967155652729,Rajveer Diler,Kuldeep Sharma,≤100
287137498056981,Shailesh Nitin Trivedi,Arpit Jain,≤100
135180180340322,Jitendra Verma,Arshad Ansari,≤100
114227506664833,Guman Singh Damor,Arpit Katkani,≤100
1938903423072824,Dr Nishant khare,Pankaj Kumar Pal,≤100
1518866631735090,MLA Jarnail Singh,MLA Jarnail Singh,≤100
109761007457435,SriGanesh - Cantonment,Sriganesh Narayanan,≤100
350880081913337,Sahdev Salaria,Rajesh Jaswal,≤100
101357375492571,Vikas Kumar Vyas,Engitech Media,≤100
1574483566114189,Dr. Mamta Pandey,Akash Singh,≤100
100512571627874,Surendra Dotar - सुरेन्द्र दौतड़,Webtix,≤100
105446072160586,Suprabhat Pragati,Akash Singh,≤100
115931624737211,ईजी.अमन सिकरवार भवनपुरा,Akash Singh,≤100
102120932657218,Mudra loan,Sunil Kumar Mandal,≤100
100467895262186,Dr Premchand Jaysi,Arpit Jain,≤100
100992536219420,Dr Chandrakant Anil Kranti,Akash Singh,≤100
102858672688717,Redvale,Akash Singh,≤100
102325429272140,AITC Debasish Mukherjee,Arpan Saha,≤100
708844685796745,OP Choudhary,OP Choudhary,≤100
572314233126823,Nitin Patidar,Nitin Patidar,≤100
106954364654183,Hansraj Gunjal जिला परिषद सदस्य टोंक,Badri Narayan Jangid,≤100
643001122724792,Shambhu Kumar,Punit Kumar Pandav,≤100
220653521461677,CPIM West Bengal,CPIM West Bengal,≤100
101913964674756,Pramod yadav प्रमोद यादव,Rishi Kumar Yadav,≤100
100183672985561,CSP ID Provider,Satyam Kumar Sahni,≤100
2163983083861031,Atul Kapoor,Atul Kapoor,≤100
1613686538669654,Ashok Singhal Foundation,Digital Xplode,≤100
100847005191135,Harishankar Khatik,Hari Shankar Khatik,≤100
214143270624583,Adesh Chaudhary,Karan Singh,≤100
1546575212021796,Suvendra Gandhi,Suvendra Dilipgandhi,≤100
100485426184353,AJP,Manoj Kumar Singh,≤100
1479870168717602,Sanjeev Singh Rathore,Sanjeev Singh Rathore,≤100
101006778533313,Daily7India,These ads ran without a disclaimer,≤100
106095411621229,Manoj Aruchamy,Manoj Aruchamy,≤100
101719745754840,Business Guru Bharat,These ads ran without a disclaimer,≤100
101660088022406,Pratah Time,Pratah Time,≤100
488445034624008,Saawan Sonkar,Shashikant Joshi,≤100
388569701617132,Vemula Prashanth Reddy,Avusharla Raju,≤100
274625602685907,Nayab Saini,Praveen,≤100
846994962145905,Manoj Kumar Aggarwal,Durga Kumari,≤100
172182742974160,Chunni Lal Sahu,Chunni Lal Sahu,≤100
100819229530530,skrishnanandji,These ads ran without a disclaimer,≤100
111654838334899,सीताराम पोखरियाल,Akash Singh,≤100
256786777695561,Anil Deshmukh,Vaibhav Gajendra Tumane,≤100
1335462983188401,Nabadal Banik,Nabadal Banik,≤100
102616298277409,Afaque ahmad,Afaque ahmad,≤100
103391399174127,Anand Singh Gorakhpur,These ads ran without a disclaimer,≤100
833013117032671,Bhuwan Joshi,Bhuwan Joshi,≤100
2356943027656538,Pankaj Rahangdale,Uday Sanjay Pofali,≤100
103123778911207,CSC Id Provider,Satyam Kumar Sahni,≤100
109750051369903,Vikas Gajanan Mhatre,Sanket Vinodkumar Surana,≤100
847815745238429,Chilla Jagadeeshwari,Nithin Kumar Chilla,≤100
565714670143123,Ashok Saini,Engitech Media,≤100
101247818926544,चौधरी नरेंद्र सिंह ब्लॉक प्रमुख गोंडा,चौधरी नरेंद्र सिंह ब्लॉक प्रमुख गोंडा,≤100
201156146959026,Mohinder Bhagat,Mohinder Paul,≤100
311419586291379,Dinesh Saini,Virendra Kumar Saini,≤100
604343229676376,Er. Rajkumar Badole,Uday Sanjay Pofali,≤100
140624336584770,Yogender Pal Singh Champawat,Akash Singh,≤100
326243404670820,Mohammad Shariq,Shariq  Mohd,≤100
817476185017222,दैनिक गुरूधर्म  औसा-लातुर,Akash Singh,≤100
103833782263290,Arvind Singh Bhati,Engitech Media,≤100
616572395111604,Mahendra Singh Ralawata,Mahendra Singh Ralawata,≤100
114278311574024,devendra__1705,These ads ran without a disclaimer,≤100
101682891613754,Harish Bunkar,Pawan Kumar Sharma,≤100
102895125642495,Parashar Astro World,These ads ran without a disclaimer,≤100
777771655697023,Aditya Shankar Prasad,Pramender Kumar,≤100
100224512771875,REVERSE,These ads ran without a disclaimer,≤100
112299140114374,Narendra Singh,Arun Pratap Singh,≤100
526558057756109,Best24News,These ads ran without a disclaimer,≤100
186384718807381,Daya Singh,Daya Singh,≤100
100475508592062,Sitaram Poswal,Bhagatsingh,≤100
107946518029943,Sheelu Sahu,Naveen Singhal,≤100
101637524564797,Pawan Hindustani,Naresh Kumar Shoeran,≤100
103440494691592,Md Jofes Miah,These ads ran without a disclaimer,≤100
102323545504609,Rama Chopra जिला प्रमुख जयपुर,Rama Chopra जिला प्रमुख जयपुर,≤100
371431979647138,Rajesh Tantri,Rajesh Tantri,≤100
374624255968280,Lokender Singh Rajawat,Kapil Sain,≤100
196338294250820,Rohit Gangwal,Modi For PM Organisation,≤100
256050398281355,MD Chopdar,WEBTIX,≤100
214875725850773,Wehindustan News,Wehindustan News,≤100
140930379388330,Kishan Reddy Gangapuram,TechnoDigi,≤100
643216342792266,দেবাশিস পণ্ডা ভারতীয় Debasis Panda Bhartiya West Bengal,Debasis Panda,≤100
863961040416615,Punit Verma पूर्व उपाध्यक्ष विश्व हिन्दू परिषद् काशी प्रान्त,Punit Varma,≤100
418299601867116,Youth For Nation,Mahesh Kumar Sharma,≤100
112455577735638,Ashok Kumar,Arun Pratap Singh,≤100
1427017750928273,WhiteMirchi.Com,Shakun Shivram Raghuvanshi,≤100
423928144293931,Mahender Pratap Singh,Pankaj Sharma,≤100
197799933601096,Pujya Shashi Prabha Ji,Madan Mohan Tiwari,≤100
1040170316105348,Sanjay M.L. Dhakar,Harishanker Dhaker,≤100
100264849555644,Balasahebanchi Shivsena,Balasahebanchi Shivsena,≤100
513264645418974,Shyam Pratap Singh Didwana,Tanuj Singh,≤100
100260324675920,Dr. Archana Majumdar,ARCHANA DAS(MAJUMDAR),≤100
555009411337356,Sanjeev Goel Sikka,Himanshu Sharma,≤100
102447714973094,Yusuf Salahuddin,Yusuf Salahuddin,≤100
419318464900338,Rajveer Singh - Raju Bhaiya,These ads ran without a disclaimer,≤100
132430276857604,Muralidhar Rao,Bipin,≤100
112065760634789,Thakur Piyush Pratap Singh - पीयूष दिनेश प्रताप सिंह,Piyoos Prtap Singh,≤100
105813284380310,Dee4unews,Deepak Kumar Bhandari,≤100
1109826479083738,Rajeev Sharma BJP,Puneet Kumar Singh,≤100
236500783397189,Kamlesh Paswan,Kamlesh Paswan,≤100
1805949176373381,अलोक कुमार,Mayank Kumar,≤100
277972179791508,"दैनिक जागरण झाँसी, बाँदा",These ads ran without a disclaimer,≤100
272191400172946,pavansinghal,These ads ran without a disclaimer,≤100
112454965016733,Manindra Jain,Naveen Singhal,≤100
104997724504789,K Mahadev,K Mahadeva,≤100
1846504055439672,Virat vlogs,These ads ran without a disclaimer,≤100
106942281023549,Vinay Vilas Kadam,Vaibhav Vilas Kadam,≤100
101642375101643,iTV BHARAT,These ads ran without a disclaimer,≤100
100968541914454,Fan Maan sarkar de,These ads ran without a disclaimer,≤100
1116353905141402,Dr. Shivani Matanhelia,Kanushree Matanhelia,≤100
145703105530196,Brahmachari Chaitanyanand Ji,Prashant Gupta,≤100
1149375478489344,Harvinder Singh Sarna,Harjap Singh Dhingra,≤100
1874185392653723,Cabinet Minister Pramod Jain Bhaya,Rupali Sharma,≤100
222719048656244,Ved Prakash Ojha  IMC,Vivek Vashisth,≤100
289085061102499,Sukhwinder Singh Bindra,Sukhwinder Pal Singh,≤100
2148832695374789,Dharam Vir Dhindsa Advocate,These ads ran without a disclaimer,≤100
1098361863562693,Sunshine Technology,These ads ran without a disclaimer,≤100
102152441360906,Prakash Bhakar,Shiv Charan,≤100
101817042688378,M.P. Nagarajan,Pattan Nagarajan,≤100
109041710706538,Shankar Ninama Ghatol,Ganesh Thapa,≤100
475898282465005,Dr K Laxman,Vijay Kumar Tapadia,≤100
367203836657399,Rajendra Singh Surpura,Prakash Jaiswal,≤100
1450629991853191,Arvind Gupta,Arvind Gupta,≤100
1384169104959232,Sardarbhai Chaudhari - BJP,Sardarbhai S Chaudhary,≤100
426868484184031,Vimal Katiyar,Sumeet Kumar,≤100
106871545633399,imbageshwardhamsarkar9424,These ads ran without a disclaimer,≤100
132806813793938,Paramjit Singh Sarna,Harjap Singh Dhingra,≤100
111128728516619,Ravindra Mane - रविंद्र माने,Brando Media,≤100
102466218341704,Aasna Jaiswal,Aasna Jaiswal,≤100
181418895366896,Ganesh Joshi,Mayank Joshi,≤100
100375088975103,Dr vibhav varshney BJP,Vibhav Varshney,≤100
144858089034875,Kudos: Science needs Stories,These ads ran without a disclaimer,≤100
340577086006224,CRI German,These ads ran without a disclaimer,≤100
110680758369406,Sponge_ecology,These ads ran without a disclaimer,≤100