﻿Page ID,Page name,Disclaimer,Amount spent (NGN)
2010410822318073,Tvcnewsng,Tvcnewsng,173
913242715449176,Prophet Ekong Ituen Ministries,Ekong Ituen,≤100
108195732111335,Chinenyenwa Chinny,These ads ran without a disclaimer,≤100
104238252286926,Nwankwo Promise Chibuzo,Mboo Augustine Uchenna,≤100
102810799378272,Joe Ikenwe,These ads ran without a disclaimer,≤100
660685641036325,Sandeco Group,Sandeco Group,≤100
103532961871284,Marion Group,Ezerioha Vincent Uchenna,≤100
112015191108359,Inside Port Harcourt,Inside Port Harcourt,≤100
108217010644446,Oku Ozieoghene Victory,Oku Ozieoghene Victory,≤100
100202924924063,Page 36,Page 36,≤100
107217537589057,Ghana soap,These ads ran without a disclaimer,≤100
107856468975558,NTA Network Nigeria,These ads ran without a disclaimer,≤100
1813961455356524,Sen. Lawrence Ewhrudjakpo,Sen. Lawrence Ewhrudjakpo,≤100
118347484894731,Special Tours & Travels,These ads ran without a disclaimer,≤100
107630705685298,madame_landlady,These ads ran without a disclaimer,≤100
105988542266505,Sunshine Bookseller,Sunshine Bookseller,≤100
117805804635064,Saka mujeeb,These ads ran without a disclaimer,≤100
104402174707493,DANNI PALM OIL,These ads ran without a disclaimer,≤100
100936509514771,Clint Cliff Homes and Properties,These ads ran without a disclaimer,≤100
104679584528987,Flourish,Tolutope Olubanke Anne Temitopeoluwa,≤100
108922591879362,T-eyes,These ads ran without a disclaimer,≤100
1102698893087946,Pevron Technology,Collins Uwomano Otuwho,≤100
417064231697239,Al-Amin Gamandi,Aminu Gamandi,≤100
108970795448412,Ogunro Oluwaseyi,These ads ran without a disclaimer,≤100
106955635517175,Petroleum Industry Act and You,The Nigerian Upstream Petroleum Regulator Commission,≤100
107565998466953,Aspire and Act,These ads ran without a disclaimer,≤100
297904423657616,The ICIR,The ICIR,≤100