﻿Page ID,Page name,Disclaimer,Amount spent (USD)
122258358636926,Sound of Freedom Movie,"Sound of Freedom, LLC",762
113891694102,Energy Citizens,AMERICAN PETROLEUM INSTITUTE,630
24330467048,Americans for Prosperity,AMERICANS FOR PROSPERITY,600
104764865532188,Assistance for American,Assistance for American,424
533987556776948,Campaign for Sustainable Rx Pricing,Campaign for Sustainable Rx Pricing,406
107483817554072,WorkMoney,WorkMoney,380
104799474757993,Black Bear PAC,Black Bear PAC,296
104095962704249,SOS America PAC,SOS America PAC,253
100364185463048,Angel Studios,"Angel Studios, Inc.",136
102915374460262,Shell USA,Shell,134
1179947005448206,Own It Voice It,"RAI Services Company, a subsidiary of Reynolds American Inc.",128
127225910653607,PragerU,PragerU,113
1589261434655726,Advocate Alliance Group,Advocate Alliance Group LLC,≤100
7860876103,Joe Biden,BIDEN VICTORY FUND,≤100
290142351936889,Patient Rights Advocate,PATIENT RIGHTS ADVOCATE INC,≤100
103875099042033,DailyWire+,The Daily Wire,≤100
18982436812,ACLU,American Civil Liberties Union,≤100
101584489634833,Liberty Society,NICKEL LIMITS LLC,≤100
104623832132932,Perry Johnson,PERRY JOHNSON FOR PRESIDENT INC.,≤100
92925746942,Judicial Watch,Judicial Watch,≤100
302182941354,AARP Advocates,AARP,≤100
671413332977763,Congressman Alex Mooney,Office of Congressman Alex Mooney,≤100
1562713090633117,Operation Underground Railroad,OPERATION UNDERGROUND RAI,≤100
2353537341582545,Proud Patriots,Proud Patriots,≤100
106583555450073,Bidencare Health Plans,Obamacareplans,≤100
101856522936951,West Virginia Watch,States Newsroom,≤100
105306835585083,WVCEH Fair Housing,WVCEH Fair Housing,≤100
40217893542,AIPAC,AIPAC,≤100
112600915451330,No Labels,No Labels,≤100
200650357207240,I Love My Freedom,I Love My Freedom,≤100
21492729544,Catholic Relief Services,CATHOLIC RELIEF SERVICES - UNITED STATES CONFERENCE OF CATHOLIC BISHOPS,≤100
385473284886474,Hillsdale College,Hillsdale College,≤100
172758932738142,PhRMA,PHARMACEUTICAL RESEARCH AND MANUFACTURERS OF AMERICA,≤100
262741493751666,The Pew Charitable Trusts,"PEW CHARITABLE TRUSTS, THE",≤100
1669941646417657,Senior Choice Financial,Senior Choice Financial,≤100
592707041080920,Stand Together,Stand Together Chamber of Commerce Inc.,≤100
57259033959,AARP,AARP,≤100
203197030603239,8 Billion Trees,8 Billion Trees LLC,≤100
495170667357093,Electronic Payments Coalition,ELECTRONIC PAYMENTS COALITION INC,≤100
1255705481272786,America250,AMERICA 250 FOUNDATION INC,≤100
404794256289847,Americans for Prosperity - West Virginia,AMERICANS FOR PROSPERITY,≤100
106244251043808,America's Plastic Makers,"AMERICAN CHEMISTRY COUNCIL, INC.",≤100
103002378156710,Ohio River Valley Institute,"Ohio River Valley Institute, a project of the Community Foundation of Greater Johnstown",≤100
126297030950,Johnson & Johnson,Johnson & Johnson,≤100
7030901126,Campaign for Tobacco-Free Kids,Campaign for Tobacco-Free Kids,≤100
130449343291731,Ryan Binkley,BINKLEY FOR PRESIDENT 2024,≤100
728745887260738,Ben Queen,Friends of Ben Queen,≤100
110594725386545,Tell It Like It Is PAC,Tell It Like It Is PAC,≤100
147126507164,ACTwireless,ACTwireless,≤100
109035554162766,Mountain State Spotlight,Mountain State Spotlight,≤100
115379705206001,U.S. Department of Homeland Security Blue Campaign,DHS Blue Campaign,≤100
114107235059257,Affordable Health Programs,SImple ACA Solutions,≤100
107533860975028,Conservative,CONSERVATIVE LLC,≤100
118152441212175,Digital Innovation for America,Digital Innovation for America,≤100
49651563727,Live Action,Live Action,≤100
105454117977117,Voices for Consumer Choice,Voices for Consumer Choice,≤100
160630887998827,Let Them Live,Let Them Live,≤100
110483677935904,Team DeSantis,Ron DeSantis for President,≤100
342294162453301,Planned Parenthood,Planned Parenthood Federation of America,≤100
145917588805718,Dr Jordan B Peterson,The Daily Wire,≤100
1823156681271756,West Virginia Gaming & Racing Association,West Virginia Gaming and Racing Association,≤100
6204742571,Sierra Club,SIERRA CLUB,≤100
166618413413767,Jay Sekulow,American Center for Law and Justice,≤100
191817486024,60 Plus Association,60 PLUS ASSOCIATION INC,≤100
8501031021,VoteVets,VOTEVETS,≤100
6041057841,The Humane Society of the United States,"HUMANE SOCIETY OF THE UNITED STATES, THE",≤100
9062006483,REI,"RECREATIONAL EQUIPMENT, INC.",≤100
23875187730,Feeding America,Feeding America,≤100
70874333603,CatholicVote,catholicvote.org,≤100
110702455395986,Your Health Center,Simple ACA Solutions LLC,≤100
103715861368344,McCormick & Company,MCCORMICK & COMPANY INC,≤100
85452072376,NEWSMAX,"NEWSMAX MEDIA, INC.",≤100
115379705206001,U.S. Department of Homeland Security Blue Campaign,U.S Department of Homeland Security Blue Campaign,≤100
106131675020147,Digital Progress Institute,DIGITAL PROGRESS INSTITUTE,≤100
100992801635617,Conservative-American.org,Conservative American Strategies,≤100
103807629149771,Working Forests Initiative,"WORKING FOREST INITIATIVE, INC.",≤100
6024998621,StoryCorps,StoryCorps,≤100
147368882623027,Black Futures Lab,Black Futures Lab,≤100
18709174006,National Audubon Society,"NATIONAL AUDUBON SOCIETY, INC.",≤100
8492293163,Environmental Defense Fund,Environmental Defense Fund,≤100
309308412520731,Sandy Hook Promise,Sandy Hook Promise,≤100
100684991996307,November Coalition,NOVEMBER COALITION,≤100
190226429055,U.S. Department of Labor,United States Department of Labor,≤100
15771560300,Earthjustice,EARTHJUSTICE,≤100
10128918116,Gavin Newsom,Campaign for Democracy Committee,≤100
665345483483486,NRA - National Rifle Association of America,NATIONAL RIFLE ASSN OF AMERICA,≤100
153080620724,Donald J. Trump,TRUMP SAVE AMERICA JOINT FUNDRAISING COMMITTEE,≤100
428821014132730,Katie Porter,KATIE PORTER FOR SENATE,≤100
118303441570966,Homeowner Smart,NATIONAL ASSOCIATION OF REALTORS,≤100
114008535880,Foundation for Individual Rights and Expression,FOUNDATION FOR INDIVIDUAL RIGHTS IN EDUCATION,≤100
580610428636345,Fight for $15,Fight for $15,≤100
58433611572,Seventh Generation,SEVENTH GENERATION INC,≤100
105175422857231,Association of American Railroads,ASSOCIATION OF AMERICAN RAILROADS,≤100
104977525752112,Freedom of Patriots,Freedom of Patriots,≤100
1958912674200535,The Pour Over,Pour Over,≤100
103885799225717,Liberty Protector,Liberty Protector,≤100
1682876188698809,United for Respect,United for Respect,≤100
2053678114723700,President Trump's Patriot Army,I Love My Freedom,≤100
112314627622757,Merchants Payments Coalition,"Merchants Payments Coalition, Inc.",≤100
702582586516561,CBN Israel,The Christian Broadcasting Network,≤100
69983322463,Ted Cruz,TED CRUZ FOR SENATE,≤100
1461100540775171,The Tuttle Twins,LIBERTAS INSTITUTE,≤100
866779926670025,Citizens for Tobacco Rights,Citizens for Tobacco Rights,≤100
170591064699,Southern Poverty Law Center,"SOUTHERN POVERTY LAW CENTER, INC., THE",≤100
304600892905134,Hillsdale College Online Courses,HILLSDALE COLLEGE,≤100
101432317199,Blue Cross and Blue Shield Association,BLUE CROSS AND BLUE SHIELD ASSOCIATION,≤100
103695769458,United States Mint,United States Mint,≤100
53674651369,SBA Pro-Life America,"SUSAN B. ANTHONY LIST, INC.",≤100
6514736316,Walden University,Walden University,≤100
140357056032320,NEA Today,National Education Association,≤100
45393753416,Alliance Defending Freedom,Alliance Defending Freedom,≤100
167239703641594,Doug Burgum,"DOUG BURGUM FOR AMERICA, INC.",≤100
314499212242,Pfizer,Pfizer Inc.,≤100
148283301869985,Many Hopes,ONE HOME MANY HOPES INC,≤100
570092813023833,Matt Walsh,The Daily Wire,≤100
110442961603215,Yikes Today,Yikes Today,≤100
108936588863027,Health Assurance Group,Health Assurance Group,≤100
340153562850578,Tim Tebow,TIM TEBOW FOUNDATION,≤100
21375324480,The Heritage Foundation,HERITAGE FOUNDATION (THE),≤100
154561574598964,White Coat Waste Project,THE WHITE COAT WASTE PROJECT INC,≤100
1443127535947107,Save the Children Action Network,Save the Children Action Network,≤100
42940254353,Human Rights Watch,"HUMAN RIGHTS WATCH, INC.",≤100
109999331898234,My Affordable Care Act,The Burial Solution,≤100
106172022509086,Anne Labes for Mayor,Anne Labes for Mayor,≤100
162678203751209,Gilead Sciences,GILEAD SCIENCES INC,≤100
228132537208218,Tammy Duckworth,TAMMY FOR ILLINOIS,≤100
105509168956542,Day-To-Day Recreation,These ads ran without a disclaimer,≤100
150720154976207,Protect My Public Media,APTS Action Inc,≤100
7341997111,Conservation International,Conservation International,≤100
6355071377,American Cancer Society Cancer Action Network - ACS CAN,AMERICAN CANCER SOCIETY CANCER ACTION NETWORK INC,≤100
417709355647,The Lynde and Harry Bradley Foundation,"LYNDE AND HARRY BRADLEY FOUNDATION, INC., THE",≤100
483732201807233,Safari Club International - SCI,SAFARI CLUB INTERNATIONAL,≤100
24413227922,Kamala Harris,BIDEN VICTORY FUND,≤100
304600892905134,Hillsdale College Online Courses,Hillsdale College,≤100
109092142462587,Adam Schiff,SCHIFF FOR SENATE,≤100
219612384781411,Bloomberg Philanthropies,Bloomberg Philanthropies,≤100
114710126648118,Republican Dogs,Republican Dogs,≤100
349068689306,Tim Scott,Tim Scott for America,≤100
96935476345,Democratic Governors Association (DGA),"Democratic Action, democraticgovernors.org, not authorized by any candidate or candidate's committee.",≤100
474227102732389,Turning Point Action,Turning Point Action,≤100
86071521216,Second Amendment Foundation,SECOND AMENDMENT FOUNDATION INC,≤100
248181906078243,National Institute for Civil Discourse,CommonSense American,≤100
107830128834941,Keith Gross,KEITH GROSS FOR FLORIDA,≤100
104394262049761,Jeremy's Razors,The Daily Wire,≤100
107661474402498,United Patriot,United Patriot,≤100
570953166908066,Vivek Ramaswamy,VIVEK 2024,≤100
376776419037747,Turning Point USA,"Turning Point USA, Inc.",≤100
104107788684988,Tom Klingenstein,TomKlingenstein.com,≤100
7030901126,Campaign for Tobacco-Free Kids,TOBACCO-FREE KIDS ACTION FUND,≤100
1428755447227803,Defend The Second,Next Level Goods,≤100
15239367801,The Wilderness Society,"WILDERNESS SOCIETY, THE",≤100
100403528653081,Punchbowl News,Punchbowl News,≤100
102944619008819,1 Million Strong,Stand Together Chamber of Commerce Inc.,≤100
103747761393271,Lootpress,Lootpress,≤100
10498053716,Media Research Center,MEDIA RESEARCH CENTER,≤100
1600352356914768,PushBlack,PushBlack,≤100
786167111464006,Woodson Center,The Woodson Center,≤100
30914589895,The International Fellowship of Christians and Jews,INTERNATIONAL FELLOWSHIP OF CHRISTIANS & JEWS INC,≤100
104673965019490,Growing Almonds,ALMOND BOARD OF CALIFORNIA,≤100
108268161352786,Stanley M. Herzog Foundation,Herzog Foundation,≤100
1470540296409810,Fair Fight Action,FAIR FIGHT,≤100
51405613519,Focus on the Family,Focus on the Family,≤100
104295601633638,American Cornerstone Institute,American Cornerstone Institute Inc,≤100
1526736227567131,TrueCoverage,True Coverage,≤100
2083412251928861,My Buckhannon,My Town WV LLC,≤100
76470053424,TIAA,TEACHERS INSURANCE AND ANNUITY ASSOCIATION OF AMERICA,≤100
38471053686,Elizabeth Warren,"WARREN FOR SENATE, INC.",≤100
6266829799,Sherrod Brown,FRIENDS OF SHERROD BROWN,≤100
100346689495660,Pete's Pranks,Petes Pranks,≤100
101391906600,Live Action News,Live Action,≤100
201956993160690,MRCTV,MEDIA RESEARCH CENTER,≤100
102748688472759,Parents Defending Education,Parents Defending Education,≤100
170756446429578,Othering & Belonging Institute,Othering and Belonging Institute,≤100
175951519123368,Delbert Hosemann,Delbert Hosemann,≤100
104491841664875,Country First,"Country First Action, Inc.",≤100
111109882041524,Health Insurance Market,These ads ran without a disclaimer,≤100
372922692828,SEIU-United Healthcare Workers West,SEIU United Healthcare Workers West Local 2005,≤100
6333396177,NewsBusters.org,MEDIA RESEARCH CENTER,≤100
427084097477881,AHIP,America's Health Insurance Plans,≤100
118385911198439,Trending Politics News,I Love My Freedom,≤100
61492859575,Americares,"Americares Foundation, Inc.",≤100
7191206138,ASPCA,ASPCA,≤100
267180743723148,National Geographic Society,National Geographic Society,≤100
300992409852,Hoover Institution,Hoover Institution,≤100
12375354406,USO,United Service Organizations,≤100
152264148166020,Moms Clean Air Force,Moms Clean Air Force,≤100
2255535767896743,Mark Robinson,Friends of Mark Robinson,≤100
367292494407,AJC - American Jewish Committee,AMERICAN JEWISH COMMITTEE,≤100
104253615152700,America First Legal,America First Legal Foundation,≤100
98990738837,Earthworks,EARTHWORKS,≤100
100652668612020,Essential Plastics Coalition,"CENTER FOR CONSUMER FREEDOM, THE",≤100
159658557547960,Wall Street Journal Opinion,The Wall Street Journal,≤100
2083412251928861,My Buckhannon,My Town WV,≤100
103839911900639,Sam Brown,SAM BROWN FOR NEVADA,≤100
108397175612671,Republic Guardians,Republic Guardians,≤100
15041226930,Oxfam,"OXFAM AMERICA, INC.",≤100
134452023239984,Human Coalition,Human Coalition,≤100
100758682697459,Mayday Health,"Mayday Medicines, Inc.",≤100
104859815770730,Simple Health Solutions,Health Enrollment Department LLC,≤100
114347493304289,Think Kids,"THINK KIDS, INC.",≤100
83290028957,Care Net,CARE NET,≤100
317284821682168,Messianic Jewish Alliance of America (MJAA),Messianic Jewish Alliance of America,≤100
13885075114,Action Against Hunger USA,ACTION AGAINST HUNGER - USA,≤100
555787351119974,Coalition to Protect America's Health Care,Coalition to Protect America’s Health Care,≤100
103375628943529,Adam Frisch,Adam for Colorado,≤100
7735858972,Humane Society Legislative Fund,Humane Society Legislative Fund,≤100
440551812676698,Open The Books,American Transparency,≤100
282728185140429,Rep For Vets,The Rep For Vets,≤100
93228695778,Tea Party Patriots,Tea Party Patriots,≤100
216311481960,Bill Gates,Bill Gates,≤100
74470852653,Mike Pompeo,Champion American Values PAC,≤100
107454490912636,Jewish Future Pledge,Jewish Future Pledge Inc,≤100
38235851310,USA for UNHCR,UNITED STATES ASSOCIATION FOR UNHCR,≤100
925007000949719,ExxonMobil,EXXON MOBIL CORPORATION,≤100
59877921429,Lutheran Immigration and Refugee Service,"LUTHERAN IMMIGRATION AND REFUGEE SERVICE, INC.",≤100
8934429638,Planned Parenthood Action,Planned Parenthood Action Fund,≤100
173896102623920,Old Row,Old Row,≤100
104959612493666,American Heritage,American Heritage,≤100
18780321251,American Chemistry,American Chemistry Council,≤100
197760674021143,Indivisible Guide,Indivisible Project,≤100
114625730266879,Republican Accountability,Defending Democracy Together,≤100
1163811040367180,Food & Water Action,FOOD & WATER ACTION,≤100
8532248414,Wounded Warrior Project,"WOUNDED WARRIOR PROJECT, INC.",≤100
102592959026,Ocean Conservancy,"OCEAN CONSERVANCY, INC.",≤100
84177291169,"Dairy Farmers of America, Inc.",DAIRY FARMERS OF AMERICA INC,≤100
17203056985,Partners In Health,Partners In Health,≤100
6756153498,Mike Bloomberg,Bloomberg Philanthropies,≤100
2623420664400086,Southwest Ledger,Southwest Ledger,≤100
1316372698453411,Alexandria Ocasio-Cortez,Alexandria Ocasio-Cortez for Congress,≤100
8325302025,Friends of the Earth U.S.,Friends of the Earth,≤100
408526523045391,Mammoth Nation,Mammoth Nation,≤100
122269174199638,USA Journal News,USA Features Media LLC,≤100
17911165812,Covenant House International,Covenant House,≤100
107414074990650,Defense of Freedom Institute,"Defense of Freedom Institute for Policy Studies, Inc.",≤100
107764430968176,Tuttle Twins TV Show,"Tuttle Twins Show, LLC",≤100
407902639235640,JNS.org,Jewish News Syndicate,≤100
524399207959953,Truth & Liberty Coalition,Truth & Liberty Coalition,≤100
100692068471118,Explain America,Apse Media LLC,≤100
105521469114882,ListMax,ListMax,≤100
1575347412785991,cheddar news,Cheddar,≤100
443056709080055,ReturnToOrder.org,"American Society for the Defense of Tradition, Family and Property",≤100
43005439032,American Diabetes Association,American Diabetes Association,≤100
1476342155924546,Big Rig Threads,Big Rig T-Shirts and Decals LLC,≤100
8524198486,Physicians Committee for Responsible Medicine,"PHYSICIANS COMMITTEE FOR RESPONSIBLE MEDICINE, INC.",≤100
105561217523274,The Dispatch,"Dispatch Media, Inc.",≤100
18079407397,CPAC,American Conservative Union,≤100
121626482110,Operation Smile,OPERATION SMILE,≤100
197760674021143,Indivisible Guide,INDIVISIBLE ACTION,≤100
246323280108,American Medical Association,American Medical Association,≤100
60182072999,Lila Rose,Live Action,≤100
115262456592822,Christians Engaged,Christians Engaged,≤100
50822254585,Mountain States Legal Foundation,Mountain States Legal Foundation,≤100
6240652407,Young America's Foundation,Young America's Foundation Inc,≤100
7292655492,MoveOn,MOVEON.ORG POLITICAL ACTION,≤100
38882699096,Polaris,POLARIS PROJECT,≤100
72931140459,Center for Biological Diversity,"CENTER FOR BIOLOGICAL DIVERSITY, INC.",≤100
2077297152507222,Trade Alliance to Promote Prosperity - TAPP,Trade Alliance to Promote Prosperity,≤100
80562389320,NARAL Pro-Choice America,NARAL PRO-CHOICE AMERICA CORP,≤100
100277132101163,One Percent for America,"ONE PERCENT FOR AMERICA, INC.",≤100
103546351703577,Dallas Express,Dallas Express Media,≤100
240937060405,Center for Science in the Public Interest (CSPI),Center for Science in the Public Interest,≤100
443329669123990,USAFacts,USAFacts Institute,≤100
134687123337151,CDC HIV,Let's Stop HIV Together,≤100
1505244559517282,Colin Allred,COLIN ALLRED FOR SENATE,≤100
35715544220,Stand.earth,Stand.earth,≤100
203805062990264,Ben Shapiro,The Daily Wire,≤100
46093654473,National Republican Congressional Committee,NRCC,≤100
936968016365794,The Eric Metaxas Radio Show,Salem Media,≤100
101029014706656,Friends of Ken Bach,Friends of Ken Bach,≤100
111824001908,Hakeem Jeffries,JEFFRIES FOR CONGRESS,≤100
2245766435469741,Beersy,Beersy LLC,≤100
102413723172970,Nick Adams,Nick Adams,≤100
471928596287830,Brian Mast,Mast for Congress,≤100
19342050934,Leadership Institute,LEADERSHIP INSTITUTE INC,≤100
482100658584410,We Stand For Energy,"EDISON ELECTRIC INSTITUTE, INC.",≤100
466164103423147,Thorn,Thorn,≤100
46196975437,Children's Rights,Children's Rights,≤100
203805062990264,Ben Shapiro,Daily Wire,≤100
135880909935010,Francis Suarez,"SUAREZ FOR PRESIDENT, INC.",≤100
1526707030943680,Phoenix Dream Center,City Help Inc of Phoenix dba Phoenix Dream Center,≤100
138354569532939,"Tradition, Family, Property - TFP","American Society for the Defense of Tradition, Family and Property",≤100
408250066356,Bill O'Reilly,"Bill Me, Inc.",≤100
49421708941,Americans for Limited Government,AMERICANS FOR LIMITED GOVERNMENT IN,≤100
689547608156721,The Burial Solution,The Burial Solution,≤100
104373526741700,Save Our Air Medical Resources,Save Our Air Medical Resources,≤100
36872302227,Cory Booker,CORY BOOKER FOR SENATE,≤100
121268821249550,World Central Kitchen,World Central Kitchen,≤100
2254455051442790,Patriot Depot,Flag & Cross,≤100
355783211719644,Veteran Caregivers of America,"Veteran Caregivers, LLC",≤100
110752871069652,Ohio Conservatives PAC,Ohio Conservatives PAC,≤100
202071006601223,GOOD PARTY,Good Party LLC,≤100
95001097200,National Association of Manufacturers,NATIONAL ASSOCIATION OF MANUFACTURERS OF THE UNITED STATES OF AMERICA INC.,≤100
110099228407333,Chevron Advocacy Network,Chevron Advocacy Network,≤100
284293125336159,Regulatory Transparency Project,FEDERALIST SOCIETY FOR LAW & PUBLIC POLICY STUDIES,≤100
1272534336242476,CFR Education,Council on Foreign Relations,≤100
126305280752104,Slavic Gospel Association,SLAVIC GOSPEL ASSOCIATION,≤100
251734676525,Kevin Cramer,CRAMER FOR SENATE,≤100
145973965440671,Carnegie Corporation of New York,CARNEGIE CORPORATION OF NEW YORK,≤100
20787991568,Senate Democrats,DSCC,≤100
105157841248307,No Filter Politics,No Filter Politics,≤100
114009933764548,The Patriot Club,RightWingGear.com,≤100
5644748986,National Wildlife Federation,NATIONAL WILDLIFE FEDERATION,≤100
126893748252841,American Firearms Association,American Firearms Coalition,≤100
100284648021034,New Tolerance Campaign,New Tolerance Campaign,≤100
375742685850856,Firearms Policy Coalition,"FIREARMS POLICY COALITION, INC.",≤100
116526281429429,Committed to America,Committed to America PAC,≤100
346612865750115,Korea Defense Veterans Association,These ads ran without a disclaimer,≤100
278052172260101,ZERO TO THREE,ZERO TO THREE,≤100
201446296572389,Compassion in World Farming (USA),Compassion in World Farming Inc,≤100
169597416843751,Stand Up America,Stand Up America,≤100
147896321153,Muscular Dystrophy Association,Muscular Dystrophy Association,≤100
5970146660,Community Change,Center for Community Change Action,≤100
220873174076,Animal Equality,ANIMAL EQUALITY,≤100
103376804451432,Trending Politics,I Love My Freedom,≤100
23790541544,Democrats,DCCC,≤100
105786419101183,Mike Aubele for District Attorney,Mike Aubele for District Attorney,≤100
29717379728,International Justice Mission,International Justice Mission,≤100
74572223270,Hill Harper,Hill Harper for Michigan,≤100
113986481630469,Trending Patriots,I Love My Freedom,≤100
6502038524,First Book,FIRST BOOK,≤100
24470472733,The Trevor Project,The Trevor Project,≤100
376250065793807,Citizens for Responsible Energy Solutions,CITIZENS FOR RESPONSIBLE ENERGY SOLUTIONS INC,≤100
15188122178,The Hamilton Collection,The Hamilton Collection,≤100
8550121410,Free Speech America Project,MEDIA RESEARCH CENTER,≤100
6726182861,Mike Pence,Mike Pence for President,≤100
118626774835274,Medicare Made Clear,Medicare Made Clear from United Healthcare,≤100
6334782252,Oceana,Oceana,≤100
30139072158,CARE,"COOPERATIVE FOR ASSISTANCE AND RELIEF EVERYWHERE, INC. (CARE)",≤100
271453369908901,FLAG  - Foundation for Liberty and American Greatness,FLAG  - Foundation for Liberty and American Greatness,≤100
13673457388,Penguin Random House,Penguin Random House LLC,≤100
109320440856128,Stand Up to Jewish Hate,"Foundation to Combat Anti-Semitism, Inc.",≤100
160005659383,PreBorn,"MISSION: PRE-BORN, INC.",≤100
161183970656851,Ruben Gallego,GALLEGO FOR ARIZONA,≤100
7219151423,The Fund for American Studies (TFAS),FUND FOR AMERICAN STUDIES,≤100
105753898811449,Align Us,Align Us,≤100
1590877284560136,Patti Harris,Bloomberg Philanthropies,≤100
141786816970,CLIA - Cruise Lines International Association,Cruise Lines International Association,≤100
417522508294454,Job Creators Network,Job Creators Network,≤100
354377577952993,SEIU Local 105,SERVICE EMPLOYEES INTERNATIONAL UNION LOCAL 105,≤100
7263476274,Mercy Corps,Mercy Corps,≤100
101861269586267,United For Democracy,United For Democracy,≤100
103565195134756,America First Policy Institute,America First Policy Institute,≤100
97624620788,American Friends of Magen David Adom,AMERICAN FRIENDS OF MAGEN DAVID ADOM,≤100
81755908577,Kids in Need of Defense (KIND),"KIND, Inc.",≤100
1470540296409810,Fair Fight Action,FAIR FIGHT ACTION INC,≤100
103722304849635,Health Info Direct,These ads ran without a disclaimer,≤100
5720973755,Defenders of Wildlife,DEFENDERS OF WILDLIFE,≤100
111806955195299,Wendy Davis for Congress,WENDY DAVIS FOR CONGRESS,≤100
357750373755,National Domestic Workers Alliance,National Domestic Workers Alliance,≤100
92021268117,Working America,Working America,≤100
19192438096,AAAS - The American Association for the Advancement of Science,American Association for the Advancement of Science,≤100
313723095478950,Daily Citizen,Focus on the Family,≤100
35169196082,Project HOPE,"PROJECT HOPE-THE PEOPLE-TO-PEOPLE HEALTH FOUNDATION, INC.",≤100
103355385129734,The Climate Pledge,The Climate Pledge,≤100
19746387261,Humane Society International,Humane Society International,≤100
82223469060,ACN - Aid to the Church in Need,"AID TO THE CHURCH IN NEED, INC.",≤100
112840908504958,Project Unloaded,Project Unloaded,≤100
8446177150,Chosen People Ministries,CHOSEN PEOPLE MINISTRIES INC,≤100
102961048478150,Center for Renewing America,CENTER FOR RENEWING AMERICA INC,≤100
2602473023098666,Democratic Polling Center,Democratic Governors Association,≤100
557051651115624,Stidham Financial Services,Stidham Financial Services,≤100
34362997676,United States Holocaust Memorial Museum,UNITED STATES HOLOCAUST MEMORIAL MUSEUM,≤100
103132752758268,Debt Buster,These ads ran without a disclaimer,≤100
201248453800242,My Pay My Say,Mackinac Center for Public Policy,≤100
1435071773455316,Daily Wire,The Daily Wire,≤100
60261764250,Childhelp,"CHILDHELP, INC.",≤100
100484735718366,The Coalition for Carolina,Coalition for Carolina,≤100
109352563640,Water.org,WATER.ORG INC.,≤100
108023685362721,Jordan Bales Richlands Town Council,Jordan Bales Richlands Town Council,≤100
100700519593180,"Buck Nasty Media. Sports, culture, politics, and the Nasty Truth","Buck Nasty Media. Sports, culture, politics, and the Nasty Truth",≤100
112735922758892,Charlie Kirk,"Turning Point USA, Inc.",≤100
114290434896450,Green Power Solutions,These ads ran without a disclaimer,≤100
111133794781350,Casey DeSantis,Ron DeSantis for President,≤100
1832744013698336,Mahogany Mommies,Mahogany Mommies,≤100
91346559231,Democratic Legislative Campaign Committee - DLCC,Democratic Legislative Campaign Committee,≤100
497949630282962,Retirement Specialty Group,Retirement Specialty Group,≤100
205795426669644,Facts and Logic about the Middle East,Facts and Logic About the Middle East,≤100
100607179026941,Of Thee I Sing 1776,Of Thee I Sing 1776,≤100
343714718985673,Think Wood,Think Wood,≤100
21242962092,ClientEarth,CLIENTEARTH USA INC,≤100
293225127381200,Patriot Depot,The Patriot Depot,≤100
103588388469410,Disparity Trap,Disparity Trap,≤100
116322975053820,St. John's Community Services,ST. JOHN'S COMMUNITY SERVICES,≤100
21472760578,C-SPAN,NATIONAL CABLE SATELLITE CORPORATION,≤100
102044622753692,American Potential Podcast,AMERICANS FOR PROSPERITY,≤100
567371470277443,The Wilderness Society Action Fund,The Wilderness Society Action Fund,≤100
836826976517252,International Christian Embassy Jerusalem - USA,"International Christian Embassy Jerusalem - USA, Inc.",≤100
129384483834899,CSPAN Classroom,NATIONAL CABLE SATELLITE CORPORATION,≤100
153278754738777,Climate Reality,The Climate Reality Project,≤100
657708380952174,Voices of the Civil Rights Movement,Comcast,≤100
109893362130598,Great American Patriots,I Love My Freedom,≤100
440551812676698,Open The Books,These ads ran without a disclaimer,≤100
96491683438,"The Friends of Israel Gospel Ministry, Inc.","FRIENDS OF ISRAEL GOSPEL MINISTRY, INC, THE",≤100
259351004139042,Ashbrook Center,Ashbrook Center,≤100
109118211910879,Mr. 45,Green Straw LLC,≤100
255062275778,Tim Tebow Foundation,TIM TEBOW FOUNDATION,≤100
19437978960,Chris Murphy,FRIENDS OF CHRIS MURPHY,≤100
183792172090826,Northern Virginia Clean Water Partners,Northern Virginia Regional Commission,≤100
1230571136989811,Top of Mind,Top of Mind,≤100
105066632162136,Vet the Vote,We the Veterans,≤100
55708608675,RAND Corporation,"RAND CORPORATION, THE",≤100
67945990059,The American Petroleum Institute,The American Petroleum Institute,≤100
156496968533805,Explore Beyond,NCTA - The Internet & Television Association,≤100
138290759549138,Hope Clinic,Hope Clinic for Women,≤100
5647744585,PETA (People for the Ethical Treatment of Animals),"PEOPLE FOR THE ETHICAL TREATMENT OF ANIMALS, INC.",≤100
131306317680000,Social Goods,"Social Goods, LLC",≤100
746938465317981,Nuclear Matters,Nuclear Matters,≤100
269348454714,IMB,"INTERNATIONAL MISSION BOARD OF THE SOUTHERN BAPTIST CONVENTION, THE",≤100
107936991746783,A Common Sense America,Common Sense America Inc,≤100
83865976093,Truthout,TRUTHOUT,≤100
44224524016,American Kidney Fund,"AMERICAN KIDNEY FUND, INC.",≤100
124506846628,Agape International Missions,AGAPE INTERNATIONAL MISSIONS,≤100
602074469965571,Plan C,NATIONAL WOMENS HEALTH NETWORK,≤100
56074851990,Truth Initiative,TRUTH INITIATIVE FOUNDATION,≤100
780941275347834,Ilhan Omar,ILHAN FOR CONGRESS,≤100
109599248636777,Consumer Credit Card Protection Coalition,CONSUMER CREDIT CARD PROTECTION COALITION,≤100
332028597354723,National Partnership for Women & Families Action Fund,National Partnership for Woman & Families Action Fund,≤100
458142697588014,AARP Public Policy Institute,AARP,≤100
380884168648080,Population Research Institute,POPULATION RESEARCH INSTITUTE,≤100
170491079663777,The Sentencing Project,"SENTENCING PROJECT INC, THE",≤100
290548664672,First Liberty Institute,First Liberty Institute,≤100
109729861699329,Speak4,Speak4,≤100
143173285763,Tenth Amendment Center,Tenth Amendment Center,≤100
400851746967779,Nicole Malliotakis,NICOLE FOR NEW YORK,≤100
1338822066131069,Women's March,Women's March,≤100
104377518078467,More Perfect Union,MORE PERFECT UNION FOUNDATION,≤100
297987334762,Jamie Raskin,Jamie Raskin for Congress,≤100
5435784683,Greenpeace USA,"GREENPEACE, INC.",≤100
116546288359245,Heritage Action for America,HERITAGE ACTION FOR AMERICA,≤100
7357041101,Tammy Baldwin,TAMMY BALDWIN FOR SENATE,≤100
109521013225,Nikki Haley,Nikki Haley for President,≤100
292351509697,Jerusalem Prayer Team,Jerusalem Prayer Team,≤100
176548369099092,Barbara Lee,Barbara Lee for U.S. Senate,≤100
46347342434,EMILYs List,EMILY'S LIST,≤100
316955281351,APWU - The American Postal Workers Union,AMERICAN POSTAL WORKERS UNION,≤100
114633944922650,"Sunlyt, LLC","Sunlyt, LLC",≤100
1492209061034879,Freddie O'Connell for Mayor,Ready for Freddie Committee,≤100
8321461609,MomsRising.org,MomsRising Together,≤100
12357407443,American Friends Service Committee,AMERICAN FRIENDS SERVICE COMMITTEE,≤100
101704558574021,Lucas Kunce,Lucas Kunce for Missouri,≤100
615867588540441,Will Hurd,Hurd for America,≤100
309798029121030,Everytown for Gun Safety,Everytown for Gun Safety Support Fund Inc,≤100
47710973068,Voices for Cooperative Power,Voices for Cooperative Power,≤100
7656215652,Tim Kaine,Tim Kaine,≤100
243184199040637,Caring Across Generations,Caring Across Generations,≤100
142957224352,International Medical Corps,International Medical Corps,≤100
546066468753446,Black Health Matters,BLACK HEALTH MATTERS FOUNDATION INC,≤100
49699114675,Menage a Trois Wines,These ads ran without a disclaimer,≤100
1220042511347971,U.S. Institute Against Human Trafficking,"U.S. INSTITUTE AGAINST HUMAN TRAFFICKING, INC.",≤100
71324717432,National Association of Scholars,NATIONAL ASSOCIATION OF SCHOLARS,≤100
110316380149,Family Policy Alliance,Family Policy Alliance,≤100
1628922377207463,Randy Feenstra,FEENSTRA FOR CONGRESS,≤100
102047517918,The Commonwealth Fund,The Commonwealth Fund,≤100
15503839732,Peter G. Peterson Foundation,Peter G. Peterson Foundation,≤100
9324910069,NRSC,NRSC,≤100
104107455066450,H. Russell Cohen,H. Russell Cohen,≤100
281844617168,Jewish Voice Ministries International,JEWISH VOICE MINISTRIES INTERNATIONAL,≤100
7515233409,"Mikey Weinstein, MRFF",MILITARY RELIGIOUS FREEDOM FOUNDATION,≤100
40217893542,AIPAC,American Israel Public Affairs Committee,≤100
192128845241,Shepeard Community Blood Center,These ads ran without a disclaimer,≤100
1499191057075106,Chronic Disease Coalition,Chronic Disease Coalition,≤100
130945114804,World Jewish Congress,WORLD JEWISH CONGRESS AMERICAN SECTION INC,≤100
154118711626447,Wondery,"Wondery, Inc.",≤100
42580340317,The Charlotte Observer,These ads ran without a disclaimer,≤100
104908071917505,Welcome.us,Welcome.us,≤100
97466887664,Innocence Project,"INNOCENCE PROJECT, INC., THE",≤100
51379424899,Mercy Ships,MERCY SHIPS INTERNATIONAL,≤100
50982313030,Food & Water Watch,Food & Water Watch,≤100
456650934476413,MARC - Medicare Advocacy Recovery Coalition,Medicare Advocacy and Recovery Coalition,≤100
113496178208014,Protecting Our Democracy,Protecting Our Democracy,≤100
142474049098533,Robert Reich,Inequality Media,≤100
105055152148626,Dalio Philanthropies,"Dalio Foundation, Inc.",≤100
1382441768496365,Pentair,PENTAIR,≤100
1586732664896365,FPC Action Foundation,FPC ACTION FOUNDATION,≤100
349800859019034,The 19th News,The 19th,≤100
603247219687559,Buddy Carter,BUDDY CARTER FOR CONGRESS,≤100
291102898490822,Conservative Comedy Store,Conservative Comedy Store,≤100
100591845925552,EMILYs List Action,Emily's List Action,≤100
120102651346136,Nevada State Treasurer’s Office,STATE TREASURER NEVADA OFFICE OF,≤100
8002590959,Rainforest Action Network - RAN,RAINFOREST ACTION NETWORK,≤100
11791104453,NRDC,Natural Resources Defense Council,≤100
115056554950266,Enroll Health Now,Enroll Health Now,≤100
192771954102960,Jordan Sekulow,American Center for Law and Justice,≤100
17414523278,Democracy Now!,DEMOCRACY NOW,≤100
125845052150716,Monica De La Cruz,Monica For Congress,≤100
103039149150334,Medical Enrolled,Medical Enrolled,≤100
1534290989956166,Philanthropy Roundtable,"PHILANTHROPY ROUNDTABLE, THE",≤100
108503659576,National Coalition for Public School Options,National Coalition for Public School Options,≤100
1012679305536045,Elissa Slotkin,Elissa Slotkin for Michigan,≤100
164966660351345,Hope Outfitters,Hope Outfitters,≤100
399067003454888,Sudan Relief Fund,Sudan Relief Fund Inc,≤100
109284291894484,American News Stories,"Freedom From the Press, LLC",≤100
299076827204864,Councilor Hunter Williams,"Birmingham Events, Visitors & Tourism",≤100
7229514244,Drug Policy Alliance,DRUG POLICY ALLIANCE,≤100
1606780826273282,The Committee to Unleash Prosperity,Committee to Unleash Prosperity Inc.,≤100
109751565516392,Joey Mannarino,American Victory Direct,≤100
128103650601995,The Conservative Caucus,The Conservative Caucus,≤100
170675496432752,Jeff Syracuse For Metro Council At Large,Friends of Jeff Syracuse for Metro Council,≤100
123344354000398,Workers United Facts,CENTER FOR UNION FACTS,≤100
225417223906,Arnold & Itkin LLP,These ads ran without a disclaimer,≤100
104981939210693,Clayton Keirns,I Love My Freedom,≤100
123857614319417,Texas Nationalist Movement,Texas Nationalist Movement,≤100
9364828262,Citizens Against Government Waste,CITIZENS AGAINST GOVERNMENT WASTE,≤100
386305465057247,Liberty Nation News,Liberty Nation,≤100
249247419293008,Braxton Mitchell,Braxton Mitchell,≤100
101374728149342,A Starting Point,A Starting Point LLC,≤100
89336510798,American Friends of the Hebrew University,American Friends of Hebrew University,≤100
107445151903077,Change The Code,GREENPEACE INC,≤100
30866133883,Alaska Wilderness League,ALASKA WILDERNESS LEAGUE,≤100
107618578223660,California Courier,California Courier,≤100
180381489134,Chris Christie,"Chris Christie For President, Inc.",≤100
142432192446984,David Horowitz Freedom Center,David Horowitz Freedom Center,≤100
105250915938055,Patriotic Prints and more.,Patriotic prints Inc,≤100
7192716362,Amnesty International USA,"AMNESTY INTERNATIONAL OF THE U. S. A., INC.",≤100
102286035642350,Patriots for USA,USA Features Media LLC,≤100
103277109172874,The Original Lou's News,"Freedom From the Press, LLC",≤100
81517275796,UNICEF USA,UNITED STATES FUND FOR UNICEF with Facebook Ad Credits,≤100
100282586084755,"D.D. Black, Author of Pacific Northwest Crime Fiction",These ads ran without a disclaimer,≤100
101791315693,Destiny Rescue,"Destiny Rescue International, Inc.",≤100
110981884065996,AbortionFinder,Power to Decide,≤100
117592091643709,Tree of Life Ministries｜Evangelism in Israel,Tree of Life Ministries,≤100
2079490818836627,Emily Larson for Duluth Mayor,Emily Larson for Duluth Mayor,≤100
103552914774916,Science Moms,Potential Energy Coalition Inc,≤100
102579112455934,Making The Leap Podcast,Stanley M. Herzog Charitable Foundation,≤100
1546952572205770,UAE USA United,The Embassy of the United Arab Emirates,≤100
126211280741703,Midwest Values PAC,Midwest Values PAC,≤100
121149026467034,Karen Greenhalgh,"Karen Greenhalgh for Delegate, Inc.",≤100
104719928295399,Turn Left PAC,TURN LEFT PAC,≤100
50513265848,Citizens United,Citizens United,≤100
142474049098533,Robert Reich,Inequality Media Civic Action,≤100
114311491625816,Inappro Emporium,Inappro Emporium,≤100
101350839190816,Macro Conservative,Macro Conservative,≤100
102221165021408,Law Forward,"Law Forward, Inc.",≤100
203156483151292,PassionLife,PassionLife Ministries,≤100
58158120046,ACLJ,American Center for Law and Justice,≤100
129255907131113,NumbersUSA,NUMBERSUSA EDUCATION AND RESEARCH FOUNDATION,≤100
111954335274457,Registered Independent National Committee,REGISTERED INDEPENDENT PARTY,≤100
100119981671668,Blue Senate,BLUE SENATE PAC,≤100
110624565660992,ZOE International,ZOE International,≤100
108512875350,The Atlas Society,The Objectivist Center Ltd,≤100
122894447754361,Institute for New Economic Thinking,"INSTITUTE FOR NEW ECONOMIC THINKING, THE",≤100
431019887282794,Tomorrow's World Today,Flying Cork,≤100
117437204982602,American Wild Horse Campaign,American Wild Horse Preservation Campaign,≤100
162244692732,Brennan Center for Justice at NYU Law,"WILLIAM J. BRENNAN CENTER FOR JUSTICE, INC.",≤100
102420431749179,Raging Americans,Raging Americans,≤100
1593518174052711,Candace Owens,Daily Wire,≤100
108668858578908,Médico Cubierto,JADE Computer Services LLC,≤100
110010433804232,Standing For Freedom Center,Standing for Freedom Center,≤100
1116377255172784,Concerned Veterans for America Foundation,Concerned Veterans for America Foundation,≤100
1599237673639735,Change Media Group,Change Media Group,≤100
291391109320335,Cooke for Congress,COOKE FOR CONGRESS,≤100
300341323465160,The Daily Signal,HERITAGE FOUNDATION (THE),≤100
105447238507993,Grow Local NY,Good Growth Alliance,≤100
78420171887,Sailors for the Sea,OCEANA INC,≤100
100158948453494,Lars for President,LARS MAPSTEAD FOR PRESIDENT,≤100
309798029121030,Everytown for Gun Safety,Everytown for Gun Safety Action Fund Inc,≤100
149960585587560,Kohler Co.,Kohler Company,≤100
583258211727279,Shai Fund,SHAI FUND INC,≤100
700153177010264,Plant Based Products Council,Plant Based Products Council,≤100
111515841026178,Counterspark,"Counterspark, Inc.",≤100
105756057589080,The Lincoln Project,THE LINCOLN PROJECT,≤100
346612865750115,Korea Defense Veterans Association,Korea Defense Veterans Association,≤100
327853590558653,"Agri-Pulse Communications, Inc.","AGRI-PULSE COMMUNICATIONS, INC.",≤100
119938547748319,Navigator Research,Navigator Research,≤100
101581329115492,Freedom Street,"Freedom From the Press, LLC",≤100
769924816419024,Graham Allen,Graham Allen,≤100
37266625280,Marc Molinaro,MARC FOR US,≤100
333710103706307,GIFFORDS,Giffords,≤100
557255760971651,1Hood Media,1Hood Media,≤100
102421369434228,Goose's News Daily,Goose's News Daily,≤100
130268756992804,Yale Climate Connections,Yale Climate Connections,≤100
341513602902369,CALL TO ACTIVISM,CALL TO ACTIVISM,≤100
278876378889211,Armenian Museum of America,"ARMENIAN MUSEUM OF AMERICA, INC.",≤100
209516845093,NRDC Action Fund,NRDC Action Fund,≤100
311901101987,"The Seeing Eye, Inc.",SEEING EYE INC,≤100
782093245218764,Qasim Rashid,Qasim for Congress,≤100
104979848524405,Starts With Us,Lubetzky Family Foundation,≤100
120033434429455,Brian Sullivan for Metro Council District 4,Brian Sullivan For District 4,≤100
101656855710163,News From The States,States Newsroom,≤100
100373975829221,Fòs Feminista Org,Fòs Feminista,≤100
120778038066631,EveryLibrary,EveryLibrary,≤100
110599091754319,Jonathan Emord for U.S. Senate,EMORD FOR SENATE INC,≤100
130130503698358,Eastern European Mission,EASTERN EUROPEAN MISSION,≤100
112071038480355,Real News Now,Real News Now,≤100
1842341652707472,Legit Politic,Legit Politic,≤100
103531607822207,Noticias para Inmigrantes,"Wise Rock Media, PBC",≤100
358113240871900,Nuclear Energy Institute,"NUCLEAR ENERGY INSTITUTE, INC.",≤100
153678684700451,American Investment Council,AMERICAN INVESTMENT COUNCIL,≤100
108970206976,World Vision USA,WORLD VISION INC.,≤100
897994503631860,HealthInsurance.net,ASSURANCE IQ INC,≤100
106909358810669,Stop RCV,Stop RCV,≤100
807604399259676,Metropolitan St Louis Equal Housing and Opportunity Council,ST LOUIS METROPOLITAN EHOC,≤100
403737406341879,National Women's Health Network,NATIONAL WOMENS HEALTH NETWORK,≤100
100104419147228,Do Good Chicken,DO GOOD FOODS LLC,≤100
303374266418976,AFPM,American Fuel & Petrochemical Manufacturers,≤100
111357897876676,Scotty Moore for Florida,Scotty Moore for Florida,≤100
10331123781,Special Olympics,Special Olympics Inc,≤100
133937690180,Student Conservation Association,Student Conservation Association,≤100
40102638699,J Street,J STREET INC,≤100
143063095713907,Hep,"CDM PUBLISHING, LLC",≤100
28126338304,Surfrider Foundation,"SURFRIDER FOUNDATION, INC",≤100
96292190810,Whitman-Walker,DONORVOICE,≤100
110094158160834,The American Tribune,"Freedom From the Press, LLC",≤100
101466816025710,Renew Healthcare,Quantum Digital Media Inc.,≤100
747004618667089,Belev Echad,BELEV ECHAD INC,≤100
106834545428519,Matt Wiltshire for Mayor,Matt for Mayor,≤100
129353084077944,Maebe A. Girl,MAEBE A. GIRL FOR CONGRESS,≤100
58709265392,Americans United for Separation of Church and State,American's United for Separation of Church and State,≤100
8047221596,Save the Children US,SAVE THE CHILDREN FEDERATION INC.,≤100
107766235181961,The Nunn Report,The Nunn Report,≤100
18813753280,Human Rights Campaign,"HUMAN RIGHTS CAMPAIGN, INC.",≤100
102356589314098,Political Comms,Political Comms LLC,≤100
43934405787,IPPF,International Planned Parenthood Federation Worldwide Inc,≤100
100220219789583,Friends of Stephen Karbelk,Friends of Stephen Karbelk,≤100
101103254533,SOS International,SOS International,≤100
424443217623488,Clarion Project,"CLARION PROJECT, INC.",≤100
107645227592678,To Which We Belong,Mystic Artists,≤100
111725181971454,Patriotic Nick,The Raging Patriot,≤100
100298938781,Robert Wood Johnson Foundation,THE ROBERT WOOD JOHNSON FOUNDATION,≤100
102794658754102,Daily Freedom,Trending Views,≤100
1605295603062909,Hot Seat for Judges,Hot Seat for Judges,≤100
112684930507292,Vote Bart Williams,Committee to Elect Bart Williams,≤100
102546646226100,Carole Thompson,These ads ran without a disclaimer,≤100
152002971521619,Senator Roland Gutierrez,ROLAND GUTIERREZ FOR TEXAS,≤100
18540061737,The Ohio Environmental Council,The Ohio Environmental Council,≤100
106705056029405,Renee Pawlish - Author,These ads ran without a disclaimer,≤100
170718711184,Humanity in Action,"Humanity in Action, Inc.",≤100
945455208962159,For Everyone Collective,For Everyone Collective,≤100
616079045236845,tallyED,tallyED.com,≤100
677546855674210,Stand to Reason,These ads ran without a disclaimer,≤100
830162603716633,Andy Beshear,Andy Beshear for Governor,≤100
487569614682924,CAPP USA,Yellow Line Productions LLC,≤100
102712325850529,Libratum Press,Libratum Press LLC,≤100
1668791386508960,IAM Delta Workers Unite,IAM Delta Workers Unite,≤100
116427711494593,American Fury,The Raging Patriot,≤100
755052671370244,Daily-Stuff.com,These ads ran without a disclaimer,≤100
105173311888160,Star and Bar,Star and Bar,≤100
100267349821382,Conservative Nicholas,The Raging Patriot,≤100
682955925122567,Trending Views,Trending Views,≤100
372577693078008,"Saenz-Garcia Law, PLLC","Saenz-Garcia Law, PLLC",≤100
223608490170,The Ruth Institute,The Ruth Institute,≤100
1444820465547227,Rank the Vote,Rank the Vote,≤100
106862204671108,The Deplorable Americans,The Deplorable Americans,≤100
109366181861530,President Trump is My Wingman,"Freedom From the Press, LLC",≤100
160427944083369,"46th Ward Democrats - Sean Tenner, Committeeman",46th Ward Democrats Committee,≤100
114301413446447,The Climate Initiative,Kennebunkport Climate Initiative,≤100
111464544881905,America First News,America First News,≤100
16317479654,Deseret News,Deseret News,≤100
118479622896426,The Veil Removed,The Veil Removed,≤100
109173865481115,Mark Adamle,These ads ran without a disclaimer,≤100
51533142540,Public Advocate of the U.S.,PUBLIC ADVOCATE OF THE US,≤100
104396194587918,C3 Solutions,Conservative Coalition for Climate Solutions,≤100
111876211701812,Arizona Multihousing Association - BGF,Arizona Multihousing Association,≤100
111306298500421,Julie Hartman,Salem Media Group,≤100
189551501975684,MAGA Underground,MAGA Underground,≤100
7833534974,Florida Democratic Party,Florida Democratic Party,≤100
168876449866088,The Years Project,THE YEARS PROJECT,≤100
105504109288452,The Raging Patriot,The Raging Patriot,≤100
275947565591,"Woods and Woods, LLC, The Veteran's Firm","Woods & Woods, LLC",≤100
107356708329311,Conservative News Stories,"Freedom From the Press, LLC",≤100
226999127329906,New York Immigration Lawyer,Law Office of Alena Shautsova,≤100
127637620616803,Comcast Newsmakers,COMCAST CORPORATION,≤100
290851614930809,Combat AntiSemitism,Combat Hate Foundation,≤100
194115677277113,A21,THE A21 CAMPAIGN,≤100
138492335404,Scott Walker,FORWARD USA FEDERAL POLITICAL ACTION COMMITTEE,≤100
109475211795252,Freedom From The Press,"Freedom From the Press, LLC",≤100
80060992758,Center for Food Safety,"CENTER FOR FOOD SAFETY, THE",≤100
227594571444676,Building New York's Best,Carpenter Contractor Alliance of Metropolitan New York,≤100
104605160959720,Leda Health,Leda Health Corporation,≤100
252814820267,HIAS,HIAS,≤100
5878048748,GlobalGiving,"GLOBALGIVING FOUNDATION, INC.",≤100
163662804426854,Life Advancement Group,Life Advancement Group,≤100
499379343409991,Impact Fund,"IMPACT FUND, THE",≤100
114513494875415,America's Freedom Page,USA Features Media LLC,≤100
192738164073627,A Better Balance,A Better Balance,≤100
101931635812737,Reform Congress,Reform Congress,≤100
392683144674817,Patriot Politics USA,Trending Views,≤100
1448371308784948,Councilwoman Angie Henderson,Friends of Angie Henderson,≤100
12596759677,RAICES,REFUGEE AND IMMIGRANT CENTER FOR EDUCATION AND LEGAL SERVICES,≤100
601678723294742,The Bill Walton Show,Resolute Protector Foundation,≤100
48994809349,Ms. Foundation for Women,MS FOUNDATION FOR WOMEN INC,≤100
100512237997467,Community Health Partnership,Community Health Partnership,≤100
38897314734,Trust for Public Land,"TRUST FOR PUBLIC LAND, THE",≤100
999556810102061,Signature Seas,Signature Seas,≤100
1883837055193241,Shield Republic,Shield Republic,≤100
234142976633158,Wake Up World & Smell the Coffee,WakeUpWorld108,≤100
1731084720451495,Saprea,The Younique Foundation,≤100
10524033745,Remote Area Medical - RAM,REMOTE AREA MEDICAL,≤100
711909245654048,National Police Support Fund,National Police Support Fund,≤100
65538457518,The Village Square,TO THE VILLAGE SQUARE INC,≤100
297777870629688,Nino Mangione,Friends of Nino Mangione,≤100
173470656019870,The Daily Yonder,CENTER FOR RURAL STRATEGIES,≤100
296680801734,Dr. James Dobson's Family Talk,Dr. James Dobson's Family Talk,≤100
1553978148244954,Build With Strength,Build With Strength,≤100
168109446538119,St. Martin's Press,Macmillan Publishing,≤100
2168484930102843,EJ Moonshot,EJ Creations LLC,≤100
258848839880,Horizon Blue Cross Blue Shield of New Jersey,HORIZON HEALTHCARE SERVICES INC,≤100
16900111951,National Organization for Women (NOW),NATIONAL ORGANIZATION FOR WOMEN,≤100
7145381235,American Jewish World Service - AJWS,"AMERICAN JEWISH WORLD SERVICE, INC.",≤100
125182621527545,Sarah McBride,McBride for Delaware,≤100
165152251812,Planet Bonehead,Robert E Donohue,≤100
1683659714985244,Phil Ehr,Phil Ehr for Senate,≤100
97279934919,bp America,BP CORPORATION NORTH AMERICA INC.,≤100
102658529406392,Allen Mashburn for NC Lieutenant Governor,Friends of Allen Mashburn,≤100
109200595768753,The Christian Left,The Christian Left,≤100
114788204952484,Robinson for Sheriff,Robinson for Sheriff,≤100
109140985838232,Progress Texas,Progress Texas,≤100
85179583121,San Diego Police Officers Association,SAN DIEGO POLICE OFFICERS ASSOCIATION INC,≤100
261951940219,Goldman Environmental Prize,Goldman Environmental Foundation,≤100
103966991229588,Frank Bojazi,Trending Views,≤100
1624206881186861,Lisa Blunt Rochester,Lisa Blunt Rochester for Senate,≤100
93692255431,Bread for the World,"BREAD FOR THE WORLD, INC.",≤100
513695272011123,The Genesis Prize,GPF NA LLC,≤100
220538341415523,The Satanic Temple,The Satanic Temple,≤100
700941689954518,Defend Our Future,Defend Our Future,≤100
497719423723034,Planned Parenthood California Central Coast,Planned Parenthood California Central Coast,≤100
95135221781,Federal News Network,Federal News Network,≤100
100416560012896,Friends of the Everglades,FRIENDS OF THE EVERGLADES INC,≤100
320823520454,Enough Is Enough,Enough is Enough,≤100
101377889168483,Gumbo Limbo Coastal Stewards,"Gumbo Limbo Coastal Stewards, Inc.",≤100
98537277694,Catholics for Choice,CATHOLICS FOR CHOICE,≤100
72092591211,FBI – Federal Bureau of Investigation,Federal Bureau of Investigation,≤100
25121889784,Texas Public Policy Foundation,Texas Public Policy Foundation,≤100
248489425206081,Alex Stovall for Congress,ALEX FOR CONGRESS,≤100
1581066988819381,Alums for Campus Fairness,Alums for Campus Fairness,≤100
21898300328,BuzzFeed,BuzzFeed,≤100
6165653060,AFSCME,AMERICAN FEDERATION OF STATE COUNTY & MUNICIPAL EMPLOYEES,≤100
165674110118949,Clearing out the Clutter,Clearing out the Clutter,≤100
21375324480,The Heritage Foundation,These ads ran without a disclaimer,≤100
1049573471767276,The Guardian Fund,THE GUARDIAN FUND,≤100
260933440643373,UltraViolet,UltraViolet Education Fund,≤100
114765400352270,Kite & Key Media,VMTS EDUCATION INC,≤100
228754857151053,House Majority PAC,HOUSE MAJORITY PAC,≤100
710669049286394,Woo the People,Woo the People,≤100
354202451285428,Patient Access Network Foundation,These ads ran without a disclaimer,≤100
261319066080,Americans for Prosperity - Ohio,AMERICANS FOR PROSPERITY,≤100
225902781414,William Gheen President of Americans for Legal Immigration,AMERICANS FOR LEGAL IMMIGRATION PAC,≤100
100410338482377,American Property Owners Alliance,American Property Owners Alliance,≤100
109716011638325,Jane Fonda Climate PAC,JANE FONDA CLIMATE PAC,≤100
449532451834913,Fishers Finery,Fishers Finery,≤100
147523538641547,Capitol Ministries,CAPITOL MINISTRIES,≤100
14038292386,Women for Women International,WOMEN FOR WOMEN INTERNATIONAL,≤100
158020364262665,Dominion Energy,Dominion Energy,≤100
338218229911752,Integrity First PAC,INTEGRITY FIRST PAC,≤100
35677414105,National Kidney Foundation,NATIONAL KIDNEY FOUNDATION INC,≤100
16534314739,Facing History & Ourselves,Facing History & Ourselves,≤100
1376465702586897,Coloradans for Responsible Energy Development,Coloradans for Responsible Energy Development,≤100
378084314984,Trane Technologies,Trane Technologies,≤100
112912573793125,Rise Up for Justice,Rise Up for Justice,≤100
101379158990057,United Council on Welfare Fraud,United Council on Welfare Fraud,≤100
1475978805992832,Irvine Community News & Views,Irvine Community News & Views,≤100
101586078357081,Peter Demos,Peter Demos,≤100
467503009987109,"Healthy Forests, Healthy Communities","Healthy Forests, Healthy Communities",≤100
104092062075803,USA Jolt,"Jolt Media, Inc.",≤100
104681138248125,Tiny Revival Clothing Co.,Tiny Revival Clothing Co.,≤100
163302087408673,Stop The Donald,Stop the Donald,≤100
104659801302856,Anna Kaplan for New York,Anna Kaplan for New York,≤100
1804156426550062,Tim Kennedy for Senate,KENNEDY FOR SENATE,≤100
45013872425,The Ripon Society,RIPON SOCIETY,≤100
122742807774775,Municipal Water District of Orange County,Municipal Water District of Orange County,≤100
363500867116594,Will Metcalf,Will Metcalf,≤100
110385188514427,News Touch,These ads ran without a disclaimer,≤100
19992349706,Taxpayers for Common Sense,TAXPAYERS FOR COMMON SENSE,≤100
158689780839317,vegan,vegan,≤100
131618273567984,Jeff Landry,Landry for Louisiana,≤100
351310239372,Associated Republicans of Texas,Associated Republicans of Texas,≤100
115143604891957,Kim Strassel: WSJ,Kim Strassel: WSJ,≤100
106582384539447,Design for Freedom by Grace Farms,"GRACE FARMS FOUNDATION, INC.",≤100
196014930429730,Empowered by Light,Empowered By Light Foundation,≤100
6787988478,Physicians for Human Rights,"PHYSICIANS FOR HUMAN RIGHTS, INC.",≤100
109526232935380,Synthisophy,Synthisophy,≤100
645392368909975,carafem,carafem,≤100
249467225254927,The Love > hate Project,LOVE GREATER THAN HATE PROJECT,≤100
111904024679959,Bold Majority,BOLD MAJORITY PAC,≤100
1573514862764092,Speech First,Speech First,≤100
106609109378861,H2O Hero,Monroe County Department of Environmental Services,≤100
485068924838758,EARN - Employer Assistance and Resource Network on Disability Inclusion,Employer Assistance and Resource Network on Disability Employment,≤100
81839392622,American Century Investments,AMERICAN CENTURY SERVICES CORPORATION,≤100
1707505176197284,FREOPP,THE FOUNDATION FOR RESEARCH ON EQUAL OPPORTUNITY,≤100
311536622860495,SoCal Daily Pulse,SoCal Daily Pulse,≤100
43426724597,Paper Culture,Paper Culture LLC,≤100
452797224923658,The Democratic Coalition,THE DEMOCRATIC COALITION,≤100
64206021703,National Committee to Preserve Social Security and Medicare,NATIONAL COMMITTE TO PRESERVE SOCIAL SECURITY AND MEDICARE,≤100
200676905671,"Air Line Pilots Association, Int’l",Air Line Pilots Association,≤100
1438722236161076,County of Los Angeles,County of Los Angeles,≤100
391872261636792,2020unity,"ForFact LLC, DBA 2020unity",≤100
103792215945362,Pride and Freedom,Pride and Freedom,≤100
2259323457517498,Abolish the Electoral College,Abolish the Electoral College,≤100
259212814698356,Democratic Majority for Israel,Democratic Majority for Israel,≤100
11309713071,Gates Foundation,Bill and Melinda Gates Foundation,≤100
357889445674,Humanity & Inclusion US,HUMANITY & INCLUSION,≤100
939960396036229,Greenily - Your Family Only Greener,"Greenily, LLC",≤100
30914589895,The International Fellowship of Christians and Jews,"INTERNATIONAL FELLOWSHIP OF CHRISTIANS & JEWS, INC.",≤100
217187838327836,The Story Exchange,The Story Exchange Foundation,≤100
210937299260017,USA Features Media,USA Features Media LLC,≤100
1883588135197697,Wild Earth Allies,Wild Earth Allies,≤100
298561390182731,Dr. Zwig,These ads ran without a disclaimer,≤100
50714237985,The Rutherford Institute,RUTHERFORD INSTITUTE,≤100
254943996005,Catholic Answers,"CATHOLIC ANSWERS, INC.",≤100
2007361039550045,"Center for Free, Fair, and Accountable Democracy","CENTER FOR FREE, FAIR, AND ACCOUNTABLE DEMOCRACY, INC.",≤100
111027456985128,Lavinia Goodell,Lavinia Goodell,≤100
162069790604,AARP Arizona,AARP,≤100
28446275521,Military Officers Association of America (MOAA),Military Officers Association of America,≤100
416913748508616,We Welcome,We Welcome,≤100
105364682148003,Available To All,Available To All,≤100
255544808211074,Ward 5 Alderwoman Lakeisha k Purchase,Friends of Lakeisha Purchase,≤100
250392878345035,The Focused Pastor,Focus on the Family,≤100
723394465079640,The Lion,Stanley M. Herzog Charitable Foundation,≤100
20603236087,Love146,"LOVE146, INC.",≤100
102763296131905,Post News,Post News,≤100
150127528352944,Food Integrity Campaign,GOVERNMENT ACCOUNTABILITY PROJECT INC,≤100
186977768011413,Ironworkers Rising,"International Association of Bridge, Structural, Ornamental, and Reinforcing Iron Workers",≤100
108247581851552,Democracy Defense Fund,DEMOCRACY DEFENSE FUND,≤100
487406107954778,Red Movement Store,These ads ran without a disclaimer,≤100
22627435207,Presbyterian Church (U.S.A.),Presbyterian Church (U.S.A.),≤100
341163402640457,NowThis,"VOX MEDIA, INC.",≤100
7606381190,Amy Klobuchar,KLOBUCHAR FOR MINNESOTA,≤100
512954815727434,Jake Ellzey,JAKE ELLZEY FOR CONGRESS,≤100
225422650854192,Election Systems & Software,Election Systems & Software,≤100
105809832576078,Médico Gratuito,JADE Computer Services LLC,≤100
498221457664032,DHL U.S.,"DHL EXPRESS (USA), INC.",≤100
105169114225957,Coalition for Responsible Exit,Coalition for Responsible Exit,≤100
136099883080345,Chocolate.com,These ads ran without a disclaimer,≤100
109709662184091,Communities United to Elect Janessa Goldbeck for Supervisor,Communities United to Elect Janessa Goldbeck for Supervisor 2023,≤100
27311599342,Preemptive Love,Preemptive Love Coalition,≤100
30618466815,Pacific Legal Foundation,Pacific Legal Foundation,≤100
21090771700,Gun Owners of America,Gun Owners of America,≤100
1560105467624797,Generation180,Generation180,≤100
104483742449646,CenterClip,"CenterClip, Inc.",≤100
90209763480,The Federalist Society,The Federalist Society,≤100
1038112106230748,Henk Rogers,Blue Planet Alliance Corporation,≤100
101991652440936,Across Documentary,DIGITAL COAST MEDIA LLC,≤100
121913717551388,Empapate,These ads ran without a disclaimer,≤100
1013454855413378,Arena Mail + Digital,Arenawins,≤100
674093346356017,Jen Kiggans for Congress,KIGGANS FOR CONGRESS,≤100
710460605705480,Dugit Outreach Center,Dugit Messianic Outreach Center,≤100
101716172441500,Brennan Center en Español,"WILLIAM J. BRENNAN CENTER FOR JUSTICE, INC.",≤100
104728131848361,Offshore Wind For North Carolina,Southeastern Wind Coalition,≤100
108468085874736,International Human Trafficking & Social Justice Conference,Human Trafficking & Social Justice Institute,≤100
101422569575136,"R. H. Emmers, writer",These ads ran without a disclaimer,≤100
384006901653736,The Moore Charitable Foundation,Moore Charitable Foundation,≤100
106303828502171,Strategic Moves with Kenn Dowell,STRATEGIC RESOURCES CONSULTING LLC,≤100
116981568944452,Knowledge Bucket,These ads ran without a disclaimer,≤100
14893370225,Sustainable Harvest International,SUSTAINABLE HARVEST INTERNATIONAL,≤100
276076196388914,Coffee & Pan Dulce Show,Coffee & Pan Dulce Show,≤100
119183187854195,Asia Wild,Asia Wild,≤100
58043814556,Oklahoma City Memorial Marathon,Oklahoma City Memorial Marathon,≤100
1792966030729641,"Wild Project - Leadership, Organizing, & Action",Wisconsin Leadership Development Project,≤100
488740674837681,198 Methods,198 methods,≤100
203420943084617,Damnthedemocrats,Damnthedemocrats,≤100
238473269650980,Capital & Main,CAPITAL & MAIN,≤100
191195674423572,Great Plains Tribal Leaders Health Board,GREAT PLAINS TRIBAL CHAIRMEN'S HEALTH BOARD,≤100
122654655280238,i360,i360,≤100
107472855565952,Supervisor Jeff Flores,Supervisor Jeff Flores,≤100
1420200111329836,Alan C. Moore,Alan C. Moore,≤100
48631937877,Ben Cline,"BEN CLINE FOR CONGRESS, INC.",≤100
111324648521273,Lt Col Ret. John Glen Weaver for US Senate,Weaver for US Senate,≤100
896759427103774,Modern Medicaid Alliance,Modern Medicaid Alliance,≤100
567101470157212,Obama Foundation,The Barack Obama Foundation,≤100
328042268580226,Stories of Antisemitism,These ads ran without a disclaimer,≤100
235039782048,Array of Hope,ARRAY OF HOPE,≤100
182620315479,Plan International USA,Plan International USA,≤100
234628203317767,Made for Freedom,Made for Freedom,≤100
108131805539170,Dr. David Ciampi for Mayor,Friends to Elect David F Ciampi,≤100
105377404649506,Solidarity Fund by Coworker,COWORKER SOLIDARITY FUND,≤100
142932506806,Texas Alliance for Life,"Texas Alliance for Life, Inc.",≤100
104521238896557,June Marie Paintings,June-Marie Paintings,≤100
181924628560212,Ekō,Ekō,≤100
117956368577,Charlie Geren,Charlie Geren Campaign,≤100
2001831300143832,Conversations with Jim Zirin,Conversations with Jim Zirin,≤100
232467307162583,Farm Action,Family Farm Action,≤100
120184764754596,YMCA of Northwest Louisiana,YMCA of Northwest Louisiana,≤100
106631868929160,Phillip Blevins for Commonwealth's Attorney,Friends of Phillip Blevins,≤100
110019337015716,Inspiring Young Heroes,Young Heroes Project,≤100
69039563201,Global Christian Relief,These ads ran without a disclaimer,≤100
340528409646227,Consumer Action for a Strong Economy,CASE for Consumers,≤100
393076844046051,Progressive Caucus,CONGRESSIONAL PROGRESSIVE CAUCUS PAC,≤100
111812468884033,W.K. Kellogg Foundation,W. K. KELLOGG FOUNDATION,≤100
773432316041673,Calvary South Austin,Calvary South Austin,≤100
103703866115252,Shifted Consulting,These ads ran without a disclaimer,≤100
513785465632396,Airline Passengers for Justice,Airline Passengers for Justice,≤100
76523801829,the Christian Century,CHRISTIAN CENTURY,≤100
194626061640,Republican Party of Orange County,Republican Party of Orange County,≤100
407848989230502,The Rational Middle,"Rational Middle Media Group, LLC",≤100
38234604057,PEN America,PEN AMERICAN CENTER INC,≤100
87377228013,Side with Love,UNITARIAN UNIVERSALIST ASSOCIATION,≤100
112255365170757,Adelphi Solutions ERC,These ads ran without a disclaimer,≤100
105549351284853,Ideaspace: U.S. Immigration Policy,"Ideaspace Project, Inc.",≤100
400013980059152,Coworker.org,Coworker.org,≤100
100809825570352,David Covey for Texas,COVEY FOR TEXAS,≤100
100825462654789,New South Politics,Matt O'Hern Marketing LLC,≤100
2023114331282570,Florida Daily,Florida Daily,≤100
114080905042873,For the Majority,For the Majority,≤100
170126260000702,Western Journal US News,The Western Journal,≤100
798148046904225,SP RHODES Equestrian Identity,These ads ran without a disclaimer,≤100
106032806092251,Local First Arizona,Local First Arizona Foundation,≤100
130753146592974,UCB USA,UCB USA,≤100
594519783957655,Citizens for National Security,Citizens For National Security,≤100
507070522767934,AACR Foundation,"AMERICAN ASSOCIATION FOR CANCER RESEARCH, INC.",≤100
18079407397,CPAC,AMERICAN CONSERVATIVE UNION,≤100
174665813003584,Mission Partners for Christ,Mission Partners for Christ,≤100
1486582304994066,Dorothy Gibbons,These ads ran without a disclaimer,≤100
117214891638398,Street Grace,Street Grace Inc,≤100
101595233020340,Jaani umeed,These ads ran without a disclaimer,≤100
1422029574735195,The Devou Good Foundation,"DEVOU GOOD PROJECT, INC.",≤100
270826723039149,The Coalition to Protect Americas National Parks,"COALITION OF NATIONAL PARK SERVICE RETIREES, INC.",≤100
342158706872770,Monica Montgomery Steppe for Board of Supervisors,Montgomery Steppe for Supervisor 2023,≤100
83263773464,YW Boston,"YOUNG WOMEN'S CHRISTIAN ASSOCIATION OF BOSTON, INC.",≤100
168367339845613,The Humane League,These ads ran without a disclaimer,≤100
103043552814852,AI Neon,These ads ran without a disclaimer,≤100
999015486922043,Elvin Villalobos,Elect Elvin Villalobos,≤100
21218780346,Foreign Policy,FOREIGN POLICY,≤100
106059145600271,Daniel Morrow,These ads ran without a disclaimer,≤100
100572162837561,Trend A Penny,These ads ran without a disclaimer,≤100
1155840037910203,Nuevas Ideas Afiliados del Exterior,123 Digital LLC,≤100
188680044515338,South Dakota Governor's Office of Economic Development,South Dakota Governor's Office of Economic Development,≤100
113205131621824,WorldOrder.News,WorldOrder.News,≤100
1368147973239129,InflationEducation.Net,"BadDaddy Publishing, LLC",≤100
192609620649,The University of Chicago,The University of Chicago,≤100
111228685207993,ObamacarePlans,These ads ran without a disclaimer,≤100
101204378825808,Fight the Right,FIGHT THE RIGHT PAC,≤100
108346835339219,Golden Era Files,These ads ran without a disclaimer,≤100
114079138420522,Unman love,These ads ran without a disclaimer,≤100
1191593944306272,State Rep. Julie Johnson,Julie Johnson for Congress,≤100
108310235885897,Haymarket Books,"CENTER FOR ECONOMIC RESEARCH AND SOCIAL CHANGE, INC. THE",≤100
27817332304,American Foundation for Suicide Prevention,AMERICAN FOUNDATION FOR SUICIDE PREVENTION,≤100
101564054951838,We The Forest,We The Forest,≤100
609789112559190,The Watchmen,These ads ran without a disclaimer,≤100
105599502191866,Florida Jolt,"Jolt Media, Inc.",≤100
169840807024913,Jobob,The Jobob Show,≤100
123755994361809,Alliance San Diego,Equality Alliance of San Diego County,≤100
340105854416,AARP Ohio,AARP,≤100
150559895031,Rapha International,"Rapha House International, Inc.",≤100
107077981585236,"Debt Elimination NOW, Neeley Law","Debt Elimination NOW, Neeley Law",≤100
85273022315,NAMI,These ads ran without a disclaimer,≤100
112642477582238,Mericanaf,AAF Nation,≤100
128985777176957,Church Life Journal,Church Life Journal,≤100
103082819375063,For a Better Bayou,For a Better Bayou,≤100
1027626217435226,Richouses,These ads ran without a disclaimer,≤100
92729316952,Covanta,Covanta,≤100
248507065275406,Congressman Matt Cartwright,Congressman Matt Cartwright,≤100
105577515850129,Don Carlson for Congress,Carlson for Congress,≤100
1425435377743310,Conversations with Bill Kristol,FOUNDATION FOR CONSTITUTI,≤100
234744096655497,Alliance For Early Success,Alliance for Early Success,≤100
105350752337593,Citizens Exam,Citizens Exam,≤100
104538631546561,Congresswoman Beth Van Duyne,Congresswoman Beth Van Duyne,≤100
1220042511347971,U.S. Institute Against Human Trafficking,U.S. Institute Against Human Trafficking,≤100
1107432399287902,Barbara Lane,Barbara Lane LLC,≤100
110964028153286,In the Shadow of the Law,In the Shadow of the Law,≤100
103649939028193,Costa Mesa Confidential,Costa Mesa Confidential,≤100
13187955196,Young Americans for Liberty,These ads ran without a disclaimer,≤100
38812906703,United Friends of the Children,United Friends of the Children,≤100
150066488433456,Solano Law Firm,SOLANO LAW FIRM LLC,≤100
100746819111892,Tom Keen for Florida,Tom Keen for Florida,≤100
107037782184330,Here Lies Love,These ads ran without a disclaimer,≤100
125937197447634,ACTA - American Council of Trustees and Alumni,AMERICAN COUNCIL OF TRUSTEES AND ALUMNI,≤100
126621603672658,Gail Larson for Cleveland Heights City Council,Friends of Gail Larson,≤100
430869277025501,Dr. Nancy O'Reilly,"WOMEN CONNECT4GOOD, INC.",≤100
90373196485,South Carolina Policy Council,South Carolina Policy Council,≤100
109330805754158,AARP MN,AARP,≤100
103929304678916,Voter Action Project,Integrity First Voter Action Project,≤100
567321037078441,Sheridan4Sheriff2024,Sheridan4Sheriff2024,≤100
102547442764420,Councilman Ari Kagan for Re-election,These ads ran without a disclaimer,≤100
103391145130140,Hope 5 One,These ads ran without a disclaimer,≤100
59386210330,American Lung Association,AMERICAN LUNG ASSOCIATION,≤100
240615190244,Young Invincibles,Young Invincibles,≤100
106012685888996,Pop War,These ads ran without a disclaimer,≤100
36085812354,Rainforest Foundation US,"Rainforest Foundation, Inc.",≤100
116799574724972,"Noelle Citarella for Niagara County Legislator, 3rd District",Friends for Noelle Citarella,≤100
104657602040321,Truth Media,Truth Media,≤100
113279391737,Peachtree Corners,Mighty Rockets LLC,≤100
1226854550711523,Get Biofuel,Get Biofuel,≤100
101099418089760,"Wealthy Woman Lawyer, LLC",These ads ran without a disclaimer,≤100
258062237693141,Rural & Agriculture Council of America,Rural & Agriculture Council of America,≤100
1663301430650007,Michael Kimelman,"Dekryption, LLC",≤100
43853729859,Campaigns & Elections,Political World Communications,≤100
100656585109168,Grow SF,Coalition to Grow San Francisco – Grow SF,≤100
112382577904245,TV Is Still Alive,These ads ran without a disclaimer,≤100
106315901551850,The U.S. Concealed Carry Association for Saving Lives,U.S. Concealed Carry Association For Saving Lives. Not Authorized By Any Candidate Or Candidate's Committee.,≤100
613924535450605,Daniel L. Hatcher,Daniel L. Hatcher,≤100
104105325196666,Jennifer Gilmore for Olathe School Board,"Jennifer Gilmore for Olathe; Jennifer Bump, Treasurer",≤100
77906169595,Texans Care For Children,Texans Care for Children,≤100
190198574334684,FHE Health,THE FLORIDA HOUSE EXPERIENCE M,≤100
111499465080080,John Tillman,John Tillman,≤100
296231886728,Trump National Doral Miami,These ads ran without a disclaimer,≤100
135393633232510,California Grocers Association,CALIFORNIA GROCERS ASSOCIATION,≤100
106750994048802,Perspectiva,These ads ran without a disclaimer,≤100
405489839479373,Elevate,Elevate,≤100
101808382998839,Ishq wala,These ads ran without a disclaimer,≤100
101913366183712,Alice Rolli,Alice Rolli for Nashville,≤100
372502446527928,Child Impact International,These ads ran without a disclaimer,≤100
490349377808038,State Representative Justin Holland,Justin Holland Campaign,≤100
6808755897,Governing,e.Republic,≤100
238612049887573,SchoolHouse Connection,SCHOOLHOUSE CONNECTION LLC,≤100
104485235745446,ESA Pet,These ads ran without a disclaimer,≤100
747783932079184,Jared Golden for Congress,COMMITTEE TO ELECT JARED GOLDEN,≤100
281844617168,Jewish Voice Ministries International,Jewish Voice Ministries International,≤100
336793589672266,Rock Island County Republicans,Rock Island County Central Committee                                                  SRI 05,≤100
47393489592,Jew in the City,Jew in the City an NJ nonprofit,≤100
488270467889488,Blake Miguez,Friends of Blake Miguez,≤100
103338614839717,Peter S. Wenz,These ads ran without a disclaimer,≤100
1374906906166064,The Policy Circle,The Policy Circle,≤100
965181706946254,US Rep Nanette Diaz Barragán,Official funds authorized by the House of Representatives,≤100
106986458433716,Steve Demetriou,Demetriou for Ohio,≤100
240203263118328,Elissa McBride,AMERICAN FEDERATION OF STATE COUNTY & MUNICIPAL EMPLOYEES,≤100
104758277853547,Money.ca,These ads ran without a disclaimer,≤100
13867925345,Equality Florida,Equality Florida,≤100
157521957980788,Reimagining the Civic Commons,Reimagining the Civic Commons,≤100
10606591490,TIME,TIME USA LLC,≤100
100710759119069,Blue Planet Ecosystem,Blue Planet Ecosystem,≤100
2255846891314996,Corn Refiners Association,Corn Refiners Association,≤100
164734040266858,Senator David Blount,David Blount for State Senate,≤100
29770886815,Marijuana Policy Project,MARIJUANA POLICY PROJECT,≤100
103128974521953,Michael Feggans for Delegate,Michael Feggans for Virginia,≤100
1224106861035505,Resistbot,Resistbot Action Fund,≤100
110210055663448,AIDSVu,AIDSVu,≤100
135427873141305,Baltinester - Jewish Jewelry and Judaica Gifts,These ads ran without a disclaimer,≤100
113992227446477,Bernie Moreno,BERNIE MORENO FOR SENATE,≤100
110789241969098,Andy Morales,Andy Morales,≤100
104974859211873,Andres Asion for Miami Beach City Commission,"Andres Asion for Miami Beach Commissioner, Group 4, Non-Partisan",≤100
133764907211570,Concerned Citizen,Concerned Citizen,≤100
108546458849733,Deplorable Politics: A book by David Shaw,Deplorable Politics: A book by David Shaw,≤100
39119822138,Center for Progressive Reform,Center for Progressive Reform,≤100
245481022560114,John Stefanski,John Stefanski Campaign,≤100
106159299124846,Dirk Guidry for Parish President,Dirk Guidry for Parish President,≤100
74261463421,AFSCME Council 28 WFSE,"WASHINGTON FEDERATION OF STATE EMPLOYEES, AFL-CIO",≤100
554745531357156,Export-Import Bank of the United States,These ads ran without a disclaimer,≤100
109690855529900,Filhal 23,These ads ran without a disclaimer,≤100
352177148230025,Decoding Dyslexia CA,Decoding Dyslexia CA,≤100
115509854939428,Breathe Safe,These ads ran without a disclaimer,≤100
100184526199076,WYOS,These ads ran without a disclaimer,≤100
73970658023,International Rescue Committee,These ads ran without a disclaimer,≤100
344908345545000,San Diegans Against Crime,"San Diegans Against Crime, Sponsored by the San Diego County Deputy District Attorneys Association",≤100
104933662932387,CreativeFuture,CreativeFuture,≤100
103019409737549,Empower Missouri,Empower Missouri,≤100
1570082353262795,YIMBY Action,YIMBY ACTION,≤100
102526514464016,State Rep Gail Pavliga for Portage,Gail Pavliga for State Representative,≤100
112378316832885,Better PA,Better Pennsylvania Inc,≤100
105652832443066,Carbon Titans,CARBON TITANS LLC,≤100
123624513983,The Western Journal,The Western Journal,≤100
262536810935097,Housing Is A Human Right,AIDS HEALTHCARE FOUNDATION,≤100
112339644228184,Next Chapter Podcasts,"Next Chapter Podcasts, LLC",≤100
1620937204819048,Wildlife Trafficking Alliance,American Association of Zoological Parks & Aquariums,≤100
54580146753,Faith in Action,Faith in Action,≤100
133753583953215,American History in 90 Minutes - The Common-Sense Guide to U.S. History,American History in 90 Minutes,≤100
6406874733,Mike Rogers,MIKE ROGERS FOR CONGRESS,≤100
309931049030916,Break The Silence Against Domestic Violence,"BREAK THE SILENCE AGAINST DOMESTIC VIOLENCE, INC",≤100
104329844668,American Bar Association,American Bar Association,≤100
241672016328637,Lauren Underwood for Congress,LAUREN UNDERWOOD FOR CONGRESS,≤100
236165503592028,Eddie Garcia VA,GARCIA FOR VIRGINIA,≤100
428173550596440,Rep. Ritchie Torres,Office of Congressman Ritchie Torres,≤100
482148685166110,Retirement Housing Foundation,Retirement Housing Foundation,≤100
659878157406228,America's Warrior Partnership,America's Warrior Partnership,≤100
102392018062460,Delegate A.C. Cordoza,FRIENDS OF AC CORDOZA,≤100
420389354679378,Macon+Bibb County,Macon-Bibb County,≤100
203852986391750,Steve Berch for Idaho,"Committee to Elect Steve Berch, Susan Eastlake, Treasurer",≤100
1406149713044974,Intellectual Judaism,Intellectual Judaism,≤100
152065518140304,Wildlife Conservation Society,Wildlife Conservation Society,≤100
111131133551811,The Locke Society,Locke Society Inc,≤100
115083781620558,Tracy Andrus,These ads ran without a disclaimer,≤100
762516990544158,Aaron Bernstine for State Representative,Friends of Aaron Bernstine,≤100
117465266316705,Pennsylvania Senate Republican Campaign Committee,PA Senate Republican Campaign Committee,≤100
106447928538429,Center City Network,These ads ran without a disclaimer,≤100
401240226922554,VoLo Foundation,VoLo Foundation,≤100
10700147179,Atlas Network,ATLAS ECONOMIC RESEARCH FOUNDATION,≤100
107150747562014,Rough Maps Travel,These ads ran without a disclaimer,≤100
102339502818776,Good Party - Tennessee,Good Party LLC,≤100
103171994635775,Angela Alsobrooks,Alsobrooks for Senate,≤100
683095228488145,Scott McKnight,The Scott McKnight Campaign,≤100
92716229254,Sutter Health,These ads ran without a disclaimer,≤100
113189065064847,officialprojectinitium,These ads ran without a disclaimer,≤100
117656194651888,Joe Magazine for Miami Beach Commissioner,JOE MAGAZINE FOR MIAMI BEACH COMMISSIONER,≤100
1752689034960996,The Babylon Bee,THE BABYLON BEE LLC,≤100
203583423017526,National Immigration Law Center,National Immigration Law Center,≤100
444237349074965,GPB News,Georgia Public Telecommunications Commission,≤100
38236386996,LSU Press,LSU Press,≤100
372502446527928,Child Impact International,Child Impact International,≤100
100803378829038,Americans Bisons,Americans Bisons,≤100
2034076240064694,Baltimore Democratic Socialists of America,Greater Baltimore Democratic Socialists of American,≤100
111424138429025,The Clean Energy Life,REWIRE GROUP LLC,≤100
2220049454938703,Macomb County Clerk-Register of Deeds,MACOMB COUNTY CLERKS OFFICE,≤100
435380933716845,123 Digital,123 Digital LLC,≤100
205561212797960,Denton County Democratic Party,Denton County Democratic Party,≤100
302111635698,National Association of Tax Professionals (NATP),National Association of Tax Professionals,≤100
102982659268640,Heart & Health,Partner for Heart & Health,≤100
261983427189985,Hertees,These ads ran without a disclaimer,≤100
310925405807,Citizens Climate Lobby,Citizens' Climate Lobby,≤100
45901308455,MAP International,MAP INTERNATIONAL (INC.),≤100
112643921208423,Rory - Yocal,These ads ran without a disclaimer,≤100
116943805583378,The Republican Standard,The Republican Standard,≤100
282632248801387,Andrea Jenkins for Ward 8,Andrea For Ward 8,≤100
104178315156683,Blue Perigon Digital,Blue Perigon Digital,≤100
101115702875353,Congresswoman Jen Kiggans,Congresswoman Jen Kiggans,≤100
107006892279184,Congressman Russell Fry,U.S. Representative Russell Fry,≤100
103481651030324,Great Lakes. Michigan Jobs.,Great Lakes. Michigan Jobs.,≤100
1914537155242810,Life: Powered,Texas Public Policy Foundation,≤100
110577068679152,Haus Cordray for DeSoto Parish Assessor,Haus Cordray for DeSoto Assessor,≤100
758584494291735,Lt Steven Rogers,Lt Steven Rogers,≤100
408252582872693,Daniella Levine Cava,"Daniella Levine Cava, Non-Partisan, for Miami-Dade County Mayor",≤100
120479957688167,"Corrado, DePhillips & Barlas for LD40",Corrado DePhillips Barlas for LD40,≤100
107308698272177,Gas Leaks Action,Gas Leaks Action,≤100
137006633136916,Kevin Coleman for Mayor,Kevin Coleman for Mayor,≤100
240765436801044,Brandon Taylor Metro Councilman - District 21,Committee to Elect Brandon Taylor,≤100
407767916003589,U.S. Representative John Carter,Office of U.S. Representative John Carter,≤100
100613389553762,Jeff for FR,Jeff for FR,≤100
108563459211349,El Mayor Tequila,These ads ran without a disclaimer,≤100
307577909645,Elizabeth River Project,ELIZABETH RIVER PROJECT,≤100
105457565446497,The College Contemporary,The College Contemporary,≤100
126815818975,Global Fund for Children,GLOBAL FUND FOR CHILDREN (THE),≤100
102204903345,The Vilcek Foundation,"VILCEK FOUNDATION, INC., THE",≤100
100119154666844,Zonta USA,Zonta USA Caucus,≤100
305730296471268,"Delegate Emily Brewer, 64th District",Friends of Emily Brewer,≤100
191371171409,Southern Group of State Foresters,Southern Group of State Foresters,≤100
105935515315450,Creepy InQueeries Pod,These ads ran without a disclaimer,≤100
116940913485248,OC Justice Initiative,These ads ran without a disclaimer,≤100
106986341085385,MLE Of The Maury Seldin LLC,MLE Of The Maury Seldin LLC,≤100
119948564399032,Brian Carniello for TN14,Committee to Elect Brian Carniello,≤100
102961088866702,Sarah Klee Hood for Congress,SARAH KLEE HOOD FOR NY,≤100
112993765196347,B p tere ni,These ads ran without a disclaimer,≤100
111505123645442,Jewish Christian Discovery Center,These ads ran without a disclaimer,≤100
210214622426593,Nexus Family Healing,NEXUS,≤100
127691390582,PHI,"PARAPROFESSIONAL HEALTHCARE INSTITUTE, INC.",≤100
239658882763974,Poverty USA by CCHD,UNITED STATES CONFERENCE OF CATHOLIC BISHOPS,≤100
1815187388753307,Montana Federation of Public Employees,Montana Federation of Public Employees,≤100
108108121456950,Blue States PAC,BLUE STATES PAC,≤100
113032015040227,Nick for City Council,Committee to Elect Nick Slabaugh,≤100
118432634589209,ChoeShow,These ads ran without a disclaimer,≤100
20239752285,The American Prospect,"The American Prospect, Inc.",≤100
110626875261327,Pete for Portage,Pete for Portage,≤100
105334892381660,AmericanTowns Politics,AMERICAN TOWNS,≤100
28483858161,Texas Scorecard,ScorecardMedia,≤100
340645001925,San Diego County Democratic Party,San Diego County Democratic Party,≤100
253203810613,"Highlands United Methodist Church, Denver",These ads ran without a disclaimer,≤100
104970128462895,Elias for Assembly,ELIAS FOR ASSEMBLY,≤100
125179374733697,Big News Buzz,Brighter Today,≤100
102176712079037,Daily Floridian,Daily Floridian,≤100
31966561030,National Taxpayers Union,National Taxpayers Union,≤100
312870062895448,StateThugs,StateThugs.com,≤100
227535924071462,Animal Petitions,AnimalPetitions.org,≤100
103990965960773,Diane Young for Congress,Diane Young for Congress,≤100
101178392634575,NurseCheats,These ads ran without a disclaimer,≤100
123286000747661,Matt Gunderson for Congress,GUNDERSON FOR CONGRESS,≤100
104472439287981,Troy Hebert for State Representative District 31,Friends of Troy Hebert,≤100
101939781315530,History Behind News Podcast,History Behind News Podcast,≤100
215479992305641,Becoming Young,Becoming Young,≤100
504118316658151,SilencedOrganic,SilencedOrganic.com,≤100
108761895812039,Montgomery College Television - MCTV,Montgomery College Television,≤100
102128812965747,Baby love,These ads ran without a disclaimer,≤100