﻿Page ID,Page name,Disclaimer,Amount spent (PYG)
102917519228790,Bruno Defelippe,Bruno Defelippe,224634
102467002671611,Jorge Heisecke,Jorge Heisecke,133141
102266292553995,Sucia Política,Diego Ricardo Ramírez,68185
325540631525675,En La Tecla,En la Tecla,45269
241512319274531,Sixto Pereira,Sixto Pereira,41516
1468570519872644,Santiago Peña,PRANA SA,29358
613341488786700,Miguel Del Puerto,Miguel Angel Del Puerto Silva,15617
283132325082901,Esperanza Martínez,Esperanza Martinez De Portillo,13652
646939832039958,Hugo Ibarra - Diputado Nacional,Eladio Ortiz Gayoso,13348
237898026337131,Impacto Caaguazú- Digital.,impactocaaguazu,10069
222961017827862,Edgar Olmedo,Edgar Olmedo,10066
110303418588991,Baby Appleyard,Baby Appleyard,7339
725834240910220,Noticiero Paraguay,Noticiero Paraguay,6285
124625661665046,Patrick Kemper,Patrick Paul Kemper Thiede,5791
100445112671378,Fernando Camacho Senador 2023,Norma Graciela Ávalos Lezcano,4766
1151984808290856,Hugo Portillo,Hugo Portillo,4271
517426394969535,Ricardo Canese,Ricardo Canese,4074
106721948731693,Prof. Aldo Centurión López,Prof. Aldo Centurión López,2698
1575743279360941,Carlos Cáceres Sarubbi Senador 2023,Carlos Agustin Caceres Sarubbi,2388
103429818624929,Edu Garay,Eduardo Garay,1570
118397948223791,Oscar Tuma,Óscar Luis Tuma Bogado,1433
105545157610039,Euclides Acevedo,Euclides Roberto Acevedo Candia,1413
441529192988697,Rubén Penayo Senador 40/44,Rubén Penayo Senador 40/44,1368
490637354648727,Ing.Juan Carlos Baruja - Gobernador 2018/2023,Juan Carlos Baruja Fernandez,1346
100265174952816,Cesarito Sosa,César Luis Sosa Fariña,897
141678063114851,Ruben Velazquez,Dalva Natividad Acosta Vallejos,841
278226125974096,El Paraguayo Independiente,Paraguayo Independiente,610
125249971414945,Hugo Meza,Hugo Joel Meza,480
235526436573168,Ing. Eche Tu Diputado,Adalberto Pastor Echeverría Villasboa,434
255852854856739,"Marco Augusto Ferreira, Autor",Marco Augusto Ferreira Acuña,317
255852854856739,"Marco Augusto Ferreira, Autor",Marco Augusto Ferreira Acuña,317
498022813689642,Oscar González Drakeford,IMAGEN DE GOBIERNO,282
101557432041474,Levi Leguizamón,Levi Leguizamón,237
109400298573862,Dr. Víctor Ocampos Gobernador Paraguarí,Victor Luis Ocampos Gómez,229
1510805942583059,Norma Zarate de Monges,Norma Zarate,177
518726648648192,Carlos Arrechea,Carlos Arrechea,170
1711765125817047,Aldo Florentin,IMAGEN DE GOBIERNO,120
363306313879750,Marle Chispita Orue,Marlene Tatiana Orue Leon,120
107833595148374,Diputado José Rodríguez 2023 - 2028,Diputado José Rodríguez 2023 - 2028,≤100
170330755094107,Marcelo Ramirez,Marcelo Ramirez,≤100
110665567053224,DimartinoIntendente,Jorge Dimartino,≤100
1243388392422876,Oxfam en Centroamérica,These ads ran without a disclaimer,≤100
106416299392381,PrimiciasYa.com,These ads ran without a disclaimer,≤100
316056528999754,Periodistas x el planeta,These ads ran without a disclaimer,≤100
1094373423935985,German Solinger,Grissel Zárate Sotelo,≤100
106682318781403,Rafaela Guanes Senadora,Rafaela Guanes,≤100