﻿Page ID,Page name,Disclaimer,Amount spent (USD)
122258358636926,Sound of Freedom Movie,"Sound of Freedom, LLC",1465
108551588797008,Kansas Employers for Affordable Healthcare,Kansas Employers for Affordable Healthcare,1046
298271003840760,Bluestem Kansas,Bluestem Foundation,492
533987556776948,Campaign for Sustainable Rx Pricing,Campaign for Sustainable Rx Pricing,373
109092142462587,Adam Schiff,SCHIFF FOR SENATE,354
118152441212175,Digital Innovation for America,Digital Innovation for America,238
107315255587929,KEEP - Kansas Education Enrichment Program,"Merit International, Inc.",211
185026128216027,Americans for Prosperity-Kansas,AMERICANS FOR PROSPERITY,202
172758932738142,PhRMA,PHARMACEUTICAL RESEARCH AND MANUFACTURERS OF AMERICA,194
100249953038234,Capital Access Alliance,Capital Access Alliance,188
110483677935904,Team DeSantis,Ron DeSantis for President,181
107483817554072,WorkMoney,WorkMoney,176
104623832132932,Perry Johnson,PERRY JOHNSON FOR PRESIDENT INC.,158
102915374460262,Shell USA,Shell,153
105331281509462,Congressman Jake LaTurner,Office of Congressman Jake LaTurner,141
106244251043808,America's Plastic Makers,"AMERICAN CHEMISTRY COUNCIL, INC.",127
385473284886474,Hillsdale College,Hillsdale College,120
186225971389257,Keeping the Kansas Promise,NATIONAL PUBLIC PENSION COALITION,≤100
7860876103,Joe Biden,BIDEN VICTORY FUND,≤100
109263975827773,Garnier USA,Garnier USA,≤100
103875099042033,DailyWire+,The Daily Wire,≤100
113891694102,Energy Citizens,AMERICAN PETROLEUM INSTITUTE,≤100
431891506856669,Dove,Unilever,≤100
101423451721775,Kansas Renewable Energy Coalition,Kansas Renewable Energy Coalition,≤100
92925746942,Judicial Watch,Judicial Watch,≤100
570092813023833,Matt Walsh,The Daily Wire,≤100
57259033959,AARP,AARP,≤100
18982436812,ACLU,American Civil Liberties Union,≤100
592707041080920,Stand Together,Stand Together Chamber of Commerce Inc.,≤100
897994503631860,HealthInsurance.net,ASSURANCE IQ INC,≤100
342294162453301,Planned Parenthood,Planned Parenthood Federation of America,≤100
15771560300,Earthjustice,EARTHJUSTICE,≤100
76470053424,TIAA,TEACHERS INSURANCE AND ANNUITY ASSOCIATION OF AMERICA,≤100
11465191261,JPMorgan Chase & Co.,"JPMORGAN CHASE BANK, NA",≤100
203197030603239,8 Billion Trees,8 Billion Trees LLC,≤100
109999331898234,My Affordable Care Act,The Burial Solution,≤100
84177291169,"Dairy Farmers of America, Inc.",DAIRY FARMERS OF AMERICA INC,≤100
314499212242,Pfizer,Pfizer Inc.,≤100
388608874845516,Joy Ofodu,Unilever USA,≤100
18709174006,National Audubon Society,"NATIONAL AUDUBON SOCIETY, INC.",≤100
49651563727,Live Action,Live Action,≤100
7030901126,Campaign for Tobacco-Free Kids,Campaign for Tobacco-Free Kids,≤100
428821014132730,Katie Porter,KATIE PORTER FOR SENATE,≤100
1461100540775171,The Tuttle Twins,LIBERTAS INSTITUTE,≤100
179590995428478,Bank of America,BANK OF AMERICA CORPORATION,≤100
10128918116,Gavin Newsom,Campaign for Democracy PAC,≤100
137018306702,Lily Wu,Lily Wu,≤100
145917588805718,Dr Jordan B Peterson,The Daily Wire,≤100
110631191944971,State Affairs Kansas,STATE AFFAIRS LLC,≤100
100364185463048,Angel Studios,"Angel Studios, Inc.",≤100
7341997111,Conservation International,Conservation International with Facebook Ad Credits,≤100
200650357207240,I Love My Freedom,I Love My Freedom,≤100
6514736316,Walden University,Walden University,≤100
104977525752112,Freedom of Patriots,Freedom of Patriots,≤100
1589261434655726,Advocate Alliance Group,Advocate Alliance Group LLC,≤100
8492293163,Environmental Defense Fund,Environmental Defense Fund,≤100
201470373308396,BMO US,BMO Harris Bank,≤100
30139072158,CARE,"COOPERATIVE FOR ASSISTANCE AND RELIEF EVERYWHERE, INC. (CARE)",≤100
144105014310,Panasonic North America,Panasonic North America,≤100
104095962704249,SOS America PAC,SOS America PAC,≤100
318196171580489,Ron DeSantis,Ron DeSantis for President,≤100
6041057841,The Humane Society of the United States,"HUMANE SOCIETY OF THE UNITED STATES, THE",≤100
100417168386329,Heal America,Stand Together Chamber of Commerce Inc.,≤100
191187460289,HP,These ads ran without a disclaimer,≤100
112642477582238,Mericanaf,AAF Nation,≤100
104760636770,Vera Institute of Justice,Vera Institute of Justice,≤100
60326619815,Asian Pacific American Institute for Congressional Studies (APAICS),Asian Pacific American Institute for Congressional Studies (APAICS),≤100
12375354406,USO,United Service Organizations,≤100
80562389320,NARAL Pro-Choice America,NARAL PRO-CHOICE AMERICA CORP,≤100
108547455113940,Our America,Our America,≤100
101584489634833,Liberty Society,NICKEL LIMITS LLC,≤100
100540971962779,Localyst,"Accelerate Change, Inc.",≤100
104394262049761,Jeremy's Razors,The Daily Wire,≤100
40217893542,AIPAC,AIPAC,≤100
114008535880,Foundation for Individual Rights and Expression,FOUNDATION FOR INDIVIDUAL RIGHTS IN EDUCATION,≤100
15239367801,The Wilderness Society,"WILDERNESS SOCIETY, THE",≤100
2353537341582545,Proud Patriots,Proud Patriots,≤100
1958912674200535,The Pour Over,Pour Over,≤100
21375324480,The Heritage Foundation,HERITAGE FOUNDATION (THE),≤100
100466376050855,Real America Home,Real America Home,≤100
6204742571,Sierra Club,SIERRA CLUB,≤100
689547608156721,The Burial Solution,The Burial Solution,≤100
53674651369,SBA Pro-Life America,"SUSAN B. ANTHONY LIST, INC.",≤100
104643729293213,Health Benefits Program,Health Benefits Program,≤100
108268161352786,Stanley M. Herzog Foundation,Herzog Foundation,≤100
19192438096,AAAS - The American Association for the Advancement of Science,American Association for the Advancement of Science,≤100
127225910653607,PragerU,PragerU,≤100
255062275778,Tim Tebow Foundation,TIM TEBOW FOUNDATION,≤100
67626834312,National Women's Law Center,National Women's Law Center,≤100
103715861368344,McCormick & Company,MCCORMICK & COMPANY INC,≤100
304600892905134,Hillsdale College Online Courses,HILLSDALE COLLEGE,≤100
309308412520731,Sandy Hook Promise,Sandy Hook Promise,≤100
24470472733,The Trevor Project,The Trevor Project,≤100
105467345832739,Kansas Sky Energy Center,Kansas Sky Energy Center,≤100
23875187730,Feeding America,Feeding America,≤100
948032861876607,Community Health Council,Community Health Council of Wyandotte County,≤100
167239703641594,Doug Burgum,"DOUG BURGUM FOR AMERICA, INC.",≤100
115379705206001,U.S. Department of Homeland Security Blue Campaign,U.S Department of Homeland Security Blue Campaign,≤100
657708380952174,Voices of the Civil Rights Movement,Comcast,≤100
100346689495660,Pete's Pranks,Petes Pranks,≤100
45393753416,Alliance Defending Freedom,Alliance Defending Freedom,≤100
443329669123990,USAFacts,USAFacts Institute,≤100
103039149150334,Medical Enrolled,Medical Enrolled,≤100
1316372698453411,Alexandria Ocasio-Cortez,Alexandria Ocasio-Cortez for Congress,≤100
153080620724,Donald J. Trump,TRUMP SAVE AMERICA JOINT FUNDRAISING COMMITTEE,≤100
24413227922,Kamala Harris,BIDEN VICTORY FUND,≤100
1977738355807406,Sharice For Congress,SHARICE FOR CONGRESS,≤100
101437432582765,The Center for Infrastructure and Economic Development,Center for Infrastructure and Economic Development Inc.,≤100
100403528653081,Punchbowl News,Punchbowl News,≤100
103807629149771,Working Forests Initiative,"WORKING FOREST INITIATIVE, INC.",≤100
140357056032320,NEA Today,National Education Association,≤100
2053678114723700,President Trump's Patriot Army,I Love My Freedom,≤100
106583555450073,Bidencare Health Plans,Obamacareplans,≤100
1562713090633117,Operation Underground Railroad,OPERATION UNDERGROUND RAI,≤100
69983322463,Ted Cruz,TED CRUZ FOR SENATE,≤100
60000664446,Alzheimer's Association,"ALZHEIMER'S DISEASE AND RELATED DISORDERS ASSOCIATION, INC.",≤100
905023632893973,Reproaction,Reproaction,≤100
702582586516561,CBN Israel,The Christian Broadcasting Network,≤100
376776419037747,Turning Point USA,"Turning Point USA, Inc.",≤100
104295601633638,American Cornerstone Institute,American Cornerstone Institute Inc,≤100
100801038449520,Natural Allies for a Clean Energy Future,"Natural Allies, Inc.",≤100
103375628943529,Adam Frisch,Adam for Colorado,≤100
70874333603,CatholicVote,catholicvote.org,≤100
580610428636345,Fight for $15,Fight for $15,≤100
6266829799,Sherrod Brown,FRIENDS OF SHERROD BROWN,≤100
103695769458,United States Mint,United States Mint,≤100
7341997111,Conservation International,Conservation International,≤100
114167895375664,Cherokee Nation,"CHEROKEE NATION, THE",≤100
160630887998827,Let Them Live,Let Them Live,≤100
248181906078243,National Institute for Civil Discourse,CommonSense American,≤100
8934429638,Planned Parenthood Action,Planned Parenthood Action Fund,≤100
134452023239984,Human Coalition,Human Coalition,≤100
9062006483,REI,"RECREATIONAL EQUIPMENT, INC.",≤100
114710126648118,Republican Dogs,Republican Dogs,≤100
166618413413767,Jay Sekulow,American Center for Law and Justice,≤100
121626482110,Operation Smile,OPERATION SMILE,≤100
689547608156721,The Burial Solution,THE BURIAL SOLUTION,≤100
100652668612020,Essential Plastics Coalition,"CENTER FOR CONSUMER FREEDOM, THE",≤100
112137393874155,Grain Belt Express,INVENERGY LLC,≤100
340153562850578,Tim Tebow,TIM TEBOW FOUNDATION,≤100
139572386072486,Kansas State Rifle Association,Kansas State Rifle Association PAC,≤100
7292655492,MoveOn,MOVEON.ORG POLITICAL ACTION,≤100
6165653060,AFSCME,AMERICAN FEDERATION OF STATE COUNTY & MUNICIPAL EMPLOYEES,≤100
1435071773455316,Daily Wire,The Daily Wire,≤100
114765400352270,Kite & Key Media,VMTS EDUCATION INC,≤100
203805062990264,Ben Shapiro,The Daily Wire,≤100
161183970656851,Ruben Gallego,GALLEGO FOR ARIZONA,≤100
110594725386545,Tell It Like It Is PAC,Tell It Like It Is PAC,≤100
6316744206,Jon Tester,MONTANANS FOR TESTER,≤100
1453660374920733,HipLatina,HipLatina,≤100
1953081398245478,The GenderCool Project,The GenderCool Project,≤100
8429990058,Thirteen WNET New York,WNET,≤100
152065518140304,Wildlife Conservation Society,Wildlife Conservation Society,≤100
116546288359245,Heritage Action for America,HERITAGE ACTION FOR AMERICA,≤100
50822254585,Mountain States Legal Foundation,Mountain States Legal Foundation,≤100
85452072376,NEWSMAX,"NEWSMAX MEDIA, INC.",≤100
35169196082,Project HOPE,"PROJECT HOPE-THE PEOPLE-TO-PEOPLE HEALTH FOUNDATION, INC.",≤100
7263476274,Mercy Corps,Mercy Corps,≤100
100684991996307,November Coalition,NOVEMBER COALITION,≤100
117196981332058,Let's Get Loud,Let's Get Loud,≤100
262741493751666,The Pew Charitable Trusts,"PEW CHARITABLE TRUSTS, THE",≤100
1470540296409810,Fair Fight Action,FAIR FIGHT,≤100
163148530407080,Captain Mark Kelly,MARK KELLY FOR SENATE,≤100
357750373755,National Domestic Workers Alliance,National Domestic Workers Alliance,≤100
7192716362,Amnesty International USA,"AMNESTY INTERNATIONAL OF THE U. S. A., INC.",≤100
5720973755,Defenders of Wildlife,DEFENDERS OF WILDLIFE,≤100
101704558574021,Lucas Kunce,Lucas Kunce for Missouri,≤100
38471053686,Elizabeth Warren,"WARREN FOR SENATE, INC.",≤100
107661474402498,Liberty Eagle Apparel,United Patriot,≤100
139572386072486,Kansas State Rifle Association,Kansas State Rifle Association,≤100
118303441570966,Homeowner Smart,NATIONAL ASSOCIATION OF REALTORS,≤100
8501031021,VoteVets.org,VOTEVETS,≤100
104253615152700,America First Legal,America First Legal Foundation,≤100
121268821249550,World Central Kitchen,World Central Kitchen,≤100
140877979844,American Gas Association,AMERICAN GAS ASSOCIATION,≤100
152264148166020,Moms Clean Air Force,Moms Clean Air Force,≤100
150720154976207,Protect My Public Media,APTS Action Inc,≤100
112864158462165,Smart American Lifestyle,Smart American Lifestyle,≤100
154561574598964,White Coat Waste Project,THE WHITE COAT WASTE PROJECT INC,≤100
5281959998,The New York Times,These ads ran without a disclaimer,≤100
555787351119974,Coalition to Protect America's Health Care,Coalition to Protect America’s Health Care,≤100
20787991568,Senate Democrats,DSCC,≤100
104659801302856,Anna Kaplan for New York,Anna Kaplan for New York,≤100
113452864464188,Kansas College of Osteopathic Medicine,These ads ran without a disclaimer,≤100
197760674021143,Indivisible Guide,INDIVISIBLE ACTION,≤100
15041226930,Oxfam,"OXFAM AMERICA, INC.",≤100
11791104453,NRDC,Natural Resources Defense Council,≤100
81517275796,UNICEF USA,UNITED STATES FUND FOR UNICEF with Facebook Ad Credits,≤100
209516845093,NRDC Action Fund,NRDC Action Fund,≤100
570953166908066,Vivek Ramaswamy,VIVEK 2024,≤100
8325302025,Friends of the Earth U.S.,Friends of the Earth,≤100
109521013225,Nikki Haley,Nikki Haley for President,≤100
928091877203916,Independent Women's Network,Independent Women's Network,≤100
681626158940626,Mission Roll Call,Americas Warrior Partnership,≤100
106058025408954,Do No Harm Medicine,Do No Harm,≤100
100485764982266,Only One,Only One,≤100
23790541544,Democrats,DCCC,≤100
240937060405,Center for Science in the Public Interest (CSPI),Center for Science in the Public Interest,≤100
58736997707,Marco Rubio,Rubio Victory Committee,≤100
143981748956175,Rural Assembly,Rural Assembly,≤100
38235851310,USA for UNHCR,UNITED STATES ASSOCIATION FOR UNHCR,≤100
73528878871,Center for Reproductive Rights,Center for Reproductive Rights,≤100
219612384781411,Bloomberg Philanthropies,Bloomberg Philanthropies,≤100
108512875350,The Atlas Society,The Objectivist Center Ltd,≤100
126305280752104,Slavic Gospel Association,SLAVIC GOSPEL ASSOCIATION,≤100
228132537208218,Tammy Duckworth,TAMMY FOR ILLINOIS,≤100
103885799225717,Liberty Protector,Liberty Protector,≤100
103531607822207,Noticias para Inmigrantes,"Wise Rock Media, PBC",≤100
147368882623027,Black Futures Lab,Black Futures Lab,≤100
19746387261,Humane Society International,Humane Society International,≤100
290548664672,First Liberty Institute,First Liberty Institute,≤100
106563958759988,Semafor,Semafor Inc.,≤100
13885075114,Action Against Hunger USA,ACTION AGAINST HUNGER - USA,≤100
679171239164792,Supermajority,Supermajority,≤100
786167111464006,Woodson Center,The Woodson Center,≤100
8936818385,Accuracy in Media,Flo Communications,≤100
359477377917,American Federation for Children,American Federation for Children,≤100
6277576621,Redken,L OREAL USA,≤100
51379424899,Mercy Ships,MERCY SHIPS INTERNATIONAL,≤100
7369627665,Kansans for Life,Kansans for Life,≤100
83290028957,Care Net,CARE NET,≤100
51405613519,Focus on the Family,Focus on the Family,≤100
107764430968176,Tuttle Twins TV Show,"Tuttle Twins Show, LLC",≤100
137662367278,League of Women Voters of the US,LEAGUE OF WOMEN VOTERS OF THE UNITED STATES,≤100
1600352356914768,PushBlack,PushBlack,≤100
408526523045391,Mammoth Nation,Mammoth Nation,≤100
148283301869985,Many Hopes,ONE HOME MANY HOPES INC,≤100
93228695778,Tea Party Patriots,Tea Party Patriots,≤100
103792215945362,Pride and Freedom,Pride and Freedom,≤100
115056554950266,Enroll Health Now,Enroll Health Now,≤100
107830128834941,Keith Gross,KEITH GROSS FOR FLORIDA,≤100
1590877284560136,Patti Harris,Bloomberg Philanthropies,≤100
372577693078008,"Saenz-Garcia Law, PLLC","Saenz-Garcia Law, PLLC",≤100
498221457664032,DHL U.S.,"DHL EXPRESS (USA), INC.",≤100
104959612493666,American Heritage,American Heritage,≤100
300992409852,Hoover Institution,Hoover Institution,≤100
6502038524,First Book,FIRST BOOK,≤100
260933440643373,UltraViolet,UltraViolet Education Fund,≤100
1470540296409810,Fair Fight Action,FAIR FIGHT ACTION INC,≤100
162245191716,LGBTQ Nation,LGBTQ Nation,≤100
25121889784,Texas Public Policy Foundation,Texas Public Policy Foundation,≤100
149220264647,ADL - Anti-Defamation League,Anti-Defamation League,≤100
93865017772,U.S. Global Leadership Coalition (USGLC),U.S. Global Leadership Coalition,≤100
101319825565305,Lacayo Group Inc,LACAYO GROUP INSURANCE,≤100
18813753280,Human Rights Campaign,"HUMAN RIGHTS CAMPAIGN, INC.",≤100
21492729544,Catholic Relief Services,CATHOLIC RELIEF SERVICES - UNITED STATES CONFERENCE OF CATHOLIC BISHOPS,≤100
1682876188698809,United for Respect,United for Respect,≤100
86071521216,Second Amendment Foundation,SECOND AMENDMENT FOUNDATION INC,≤100
108668858578908,Médico Cubierto,JADE Computer Services LLC,≤100
105561217523274,The Dispatch,"Dispatch Media, Inc.",≤100
24330467048,Americans for Prosperity,AMERICANS FOR PROSPERITY,≤100
243795232247,Mennonite Central Committee - MCC,MENNONITE CENTRAL COMMITTEE U.S.,≤100
7268844551,Rotary International,ROTARY INTERNATIONAL,≤100
6756153498,Mike Bloomberg,Bloomberg Philanthropies,≤100
170591064699,Southern Poverty Law Center,"SOUTHERN POVERTY LAW CENTER, INC., THE",≤100
375742685850856,Firearms Policy Coalition,"FIREARMS POLICY COALITION, INC.",≤100
109320440856128,Stand Up to Jewish Hate,"Foundation to Combat Anti-Semitism, Inc.",≤100
100650352666001,Saving Made Easy,GCL Company LLC,≤100
106568024842114,Rideshare Assault Support,Citizen Ad Network LLC,≤100
46093654473,National Republican Congressional Committee,NRCC,≤100
282728185140429,Rep For Vets,The Rep For Vets,≤100
21472760578,C-SPAN,NATIONAL CABLE SATELLITE CORPORATION,≤100
104491841664875,Country First,"Country First Action, Inc.",≤100
141786816970,CLIA - Cruise Lines International Association,Cruise Lines International Association,≤100
518194348194441,RepresentUs,RepresentUs,≤100
471928596287830,Brian Mast,Mast for Congress,≤100
7735858972,Humane Society Legislative Fund,Humane Society Legislative Fund,≤100
259351004139042,Ashbrook Center,Ashbrook Center,≤100
107953199261156,ifaw,"INTERNATIONAL FUND FOR ANIMAL WELFARE, INC.",≤100
47710973068,Voices for Cooperative Power,Voices for Cooperative Power,≤100
10498053716,Media Research Center,MEDIA RESEARCH CENTER,≤100
8446177150,Chosen People Ministries,CHOSEN PEOPLE MINISTRIES INC,≤100
1744911689126391,12up,These ads ran without a disclaimer,≤100
6355071377,American Cancer Society Cancer Action Network - ACS CAN,AMERICAN CANCER SOCIETY CANCER ACTION NETWORK INC,≤100
30914589895,The International Fellowship of Christians and Jews,INTERNATIONAL FELLOWSHIP OF CHRISTIANS & JEWS INC,≤100
197760674021143,Indivisible Guide,Indivisible Project,≤100
111824001908,Hakeem Jeffries,JEFFRIES FOR CONGRESS,≤100
162244692732,Brennan Center for Justice at NYU Law,"WILLIAM J. BRENNAN CENTER FOR JUSTICE, INC.",≤100
1443127535947107,Save the Children Action Network,Save the Children Action Network,≤100
9324910069,NRSC,NRSC,≤100
343714718985673,Think Wood,Think Wood,≤100
221890358218748,Til Valhalla Project,These ads ran without a disclaimer,≤100
2245766435469741,Beersy,Beersy LLC,≤100
667406426724032,Cocoa Butter,Cocoa Butter,≤100
127637620616803,Comcast Newsmakers,COMCAST CORPORATION,≤100
100119981671668,Blue Senate,BLUE SENATE PAC,≤100
1832744013698336,Mahogany Mommies,Mahogany Mommies,≤100
251734676525,Kevin Cramer,CRAMER FOR SENATE,≤100
507070522767934,AACR Foundation,"AMERICAN ASSOCIATION FOR CANCER RESEARCH, INC.",≤100
29717379728,International Justice Mission,International Justice Mission,≤100
105157841248307,No Filter Politics,No Filter Politics,≤100
77278490877,National Corn Growers Association,NATIONAL CORN GROWERS ASSOCIATION INC,≤100
34688309861,Old Depot Museum,Franklin County Historical Society,≤100
131306317680000,Social Goods,"Social Goods, LLC",≤100
1290536624348001,Informed Immigrant,FWD.us Education Fund,≤100
243184199040637,Caring Across Generations,Caring Across Generations,≤100
780941275347834,Ilhan Omar,ILHAN FOR CONGRESS,≤100
101391906600,Live Action News,Live Action,≤100
745304825534862,Steve Scalise,Team Scalise,≤100
103747752752888,Civic Progress KC,Civic Progress KC,≤100
115379705206001,U.S. Department of Homeland Security Blue Campaign,DHS Blue Campaign,≤100
159658557547960,Wall Street Journal Opinion,The Wall Street Journal,≤100
11918108948,African Wildlife Foundation,AFRICAN WILDLIFE FOUNDATION,≤100
107533860975028,Conservative,CONSERVATIVE LLC,≤100
74470852653,Mike Pompeo,Champion American Values PAC,≤100
103355385129734,The Climate Pledge,The Climate Pledge,≤100
12596759677,RAICES,REFUGEE AND IMMIGRANT CENTER FOR EDUCATION AND LEGAL SERVICES,≤100
1526707030943680,Phoenix Dream Center,City Help Inc of Phoenix dba Phoenix Dream Center,≤100
102592959026,Ocean Conservancy,"OCEAN CONSERVANCY, INC.",≤100
11602044174,Independent Women's Forum,Independent Women's Forum,≤100
8047221596,Save the Children US,SAVE THE CHILDREN FEDERATION INC.,≤100
201248453800242,My Pay My Say,Mackinac Center for Public Policy,≤100
936968016365794,The Eric Metaxas Radio Show,Salem Media,≤100
278052172260101,ZERO TO THREE,ZERO TO THREE,≤100
111464544881905,America First News,America First News,≤100
309798029121030,Everytown for Gun Safety,Everytown for Gun Safety Action Fund Inc,≤100
911845658833043,I Am An Immigrant,FWD.us Education Fund,≤100
19437978960,Chris Murphy,FRIENDS OF CHRIS MURPHY,≤100
96491683438,"The Friends of Israel Gospel Ministry, Inc.","FRIENDS OF ISRAEL GOSPEL MINISTRY, INC, THE",≤100
33720334139,Queerty,Queerty,≤100
108397175612671,Republic Guardians,Republic Guardians,≤100
407902639235640,JNS.org,Jewish News Syndicate,≤100
7292655492,MoveOn,MOVEON.ORG CIVIC ACTION,≤100
145973965440671,Carnegie Corporation of New York,CARNEGIE CORPORATION OF NEW YORK,≤100
14957887077,Freedom House,"FREEDOM HOUSE, INC.",≤100
252814820267,HIAS,HIAS,≤100
355783211719644,Veteran Caregivers of America,"Veteran Caregivers, LLC",≤100
179740812490230,BritBoxTV,These ads ran without a disclaimer,≤100
101432317199,Blue Cross and Blue Shield Association,BLUE CROSS AND BLUE SHIELD ASSOCIATION,≤100
284293125336159,Regulatory Transparency Project,FEDERALIST SOCIETY FOR LAW & PUBLIC POLICY STUDIES,≤100
1338822066131069,Women's March,Women's March,≤100
100758682697459,Mayday Health,"Mayday Medicines, Inc.",≤100
557051651115624,Stidham Financial Services,Stidham Financial Services,≤100
124506846628,Agape International Missions,AGAPE INTERNATIONAL MISSIONS,≤100
216311481960,Bill Gates,Bill Gates,≤100
112735922758892,Charlie Kirk,"Turning Point USA, Inc.",≤100
27817332304,American Foundation for Suicide Prevention,AMERICAN FOUNDATION FOR SUICIDE PREVENTION,≤100
108266445888054,Patriot Academy,TORCH OF FREEDOM FOUNDATION,≤100
72931140459,Center for Biological Diversity,"CENTER FOR BIOLOGICAL DIVERSITY, INC.",≤100
1606780826273282,The Committee to Unleash Prosperity,Committee to Unleash Prosperity Inc.,≤100
106315901551850,The U.S. Concealed Carry Association for Saving Lives,U.S. Concealed Carry Association For Saving Lives. Not Authorized By Any Candidate Or Candidate's Committee.,≤100
290851614930809,Combat AntiSemitism,Combat Hate Foundation,≤100
13673457388,Penguin Random House,Penguin Random House LLC,≤100
101064776613325,Charles Tyrwhitt,These ads ran without a disclaimer,≤100
103588388469410,Disparity Trap,Disparity Trap,≤100
102221165021408,Law Forward,"Law Forward, Inc.",≤100
190697157619887,Freedom Foundation,Freedom Foundation,≤100
349800859019034,The 19th News,The 19th,≤100
281844617168,Jewish Voice Ministries International,JEWISH VOICE MINISTRIES INTERNATIONAL,≤100
96935476345,Democratic Governors Association (DGA),"Democratic Action, democraticgovernors.org, not authorized by any candidate or candidate's committee.",≤100
104175362696063,Advantage Relief Programs,Advantage Relief Programs,≤100
2602473023098666,Democratic Polling Center,Democratic Governors Association,≤100
30618466815,Pacific Legal Foundation,Pacific Legal Foundation,≤100
836826976517252,International Christian Embassy Jerusalem - USA,"International Christian Embassy Jerusalem - USA, Inc.",≤100
367292494407,AJC - American Jewish Committee,AMERICAN JEWISH COMMITTEE,≤100
179301645517086,Advanced Energy United,Advanced Energy United,≤100
111495005590988,Pattern,Pattern Energy,≤100
103571311629431,Ryan Campbell for Olathe,Ryan Campbell for Olathe,≤100
7558311497,The Ocean Foundation,THE OCEAN FOUNDATION,≤100
104766211232210,Feel Good Action,Feel Good Action,≤100
55708608675,RAND Corporation,"RAND CORPORATION, THE",≤100
38897314734,Trust for Public Land,"TRUST FOR PUBLIC LAND, THE",≤100
6787988478,Physicians for Human Rights,"PHYSICIANS FOR HUMAN RIGHTS, INC.",≤100
135796917696,LA84 Foundation,These ads ran without a disclaimer,≤100
107454490912636,Jewish Future Pledge,Jewish Future Pledge Inc,≤100
140499052681592,Bank of the West,BANK OF THE WEST,≤100
104908071917505,Welcome.us,Welcome.us,≤100
6240652407,Young America's Foundation,Young America's Foundation Inc,≤100
43005439032,American Diabetes Association,American Diabetes Association,≤100
40973310753,Pathfinder International,Pathfinder International,≤100
524399207959953,Truth & Liberty Coalition,Truth & Liberty Coalition,≤100
837731992980860,Pero Like,Pero Like,≤100
1586732664896365,FPC Action Foundation,FPC ACTION FOUNDATION,≤100
87186661244,Johns Hopkins Bloomberg School of Public Health,Johns Hopkins Bloomberg School of Public Health,≤100
5861903849,USA for UNFPA,USA for UNFPA,≤100
130234313704399,United We Dream,United We Dream Network,≤100
126893748252841,American Firearms Association,American Firearms Coalition,≤100
217649245509,Nature | PBS,WNET,≤100
8145161702,Lambda Legal,LAMBDA LEGAL DEFENSE & EDUCATION FUND INC,≤100
297987334762,Jamie Raskin,Jamie Raskin for Congress,≤100
1593518174052711,Candace Owens,The Daily Wire,≤100
93692255431,Bread for the World,"BREAD FOR THE WORLD, INC.",≤100
83996318078,Change.org,"Change.org, PBC",≤100
118385911198439,Trending Politics News,I Love My Freedom,≤100
103565195134756,America First Policy Institute,America First Policy Institute,≤100
431744650466,Chevron,These ads ran without a disclaimer,≤100
8524198486,Physicians Committee for Responsible Medicine,"PHYSICIANS COMMITTEE FOR RESPONSIBLE MEDICINE, INC.",≤100
2254455051442790,Patriot Depot,Flag & Cross,≤100
120102651346136,Nevada State Treasurer’s Office,STATE TREASURER NEVADA OFFICE OF,≤100
15503839732,Peter G. Peterson Foundation,Peter G. Peterson Foundation,≤100
269348454714,IMB,"INTERNATIONAL MISSION BOARD OF THE SOUTHERN BAPTIST CONVENTION, THE",≤100
393795797388359,FOUR PAWS,FOUR PAWS INTERNATIONAL INC,≤100
91346559231,Democratic Legislative Campaign Committee - DLCC,Democratic Legislative Campaign Committee,≤100
100692068471118,Explain America,Apse Media LLC,≤100
130449343291731,Ryan Binkley,BINKLEY FOR PRESIDENT 2024,≤100
723394465079640,The Lion,Stanley M. Herzog Charitable Foundation,≤100
46347342434,EMILYs List,EMILY'S LIST,≤100
101869563236902,FreedomFest,FreedomFest,≤100
384862175205378,Ready CO,Ready Colorado,≤100
8473889271,National Parks Conservation Association,National Parks Conservation Association,≤100
57615046615,Rainforest Trust,RAINFOREST TRUST INC,≤100
220873174076,Animal Equality,ANIMAL EQUALITY,≤100
7145381235,American Jewish World Service - AJWS,"AMERICAN JEWISH WORLD SERVICE, INC.",≤100
71393981315,WildAid,"WILDAID, INC",≤100
11111618026,Union of Concerned Scientists,"UNION OF CONCERNED SCIENTISTS, INC.",≤100
17203056985,Partners In Health,Partners In Health,≤100
56278751849,Mid-America Regional Council,MID-AMERICA REGIONAL COUNCIL,≤100
1653885501501009,Propeller,Propeller Enterprises,≤100
102748688472759,Parents Defending Education,Parents Defending Education,≤100
60182072999,Lila Rose,Live Action,≤100
92716229254,Sutter Health,Sutter Health,≤100
1163811040367180,Food & Water Action,FOOD & WATER ACTION,≤100
232467307162583,Farm Action,Family Farm Action,≤100
1848805358783239,Asa Hutchinson,"ASA FOR AMERICA, INC.",≤100
190198574334684,FHE Health,THE FLORIDA HOUSE EXPERIENCE M,≤100
55160732111,Cystic Fibrosis Foundation,CYSTIC FIBROSIS FOUNDATION,≤100
101330089548224,John Burrows for Congress,John Burrows for Congress,≤100
19342050934,Leadership Institute,LEADERSHIP INSTITUTE INC,≤100
97544505459,Luther Seminary,These ads ran without a disclaimer,≤100
7606381190,Amy Klobuchar,KLOBUCHAR FOR MINNESOTA,≤100
7219151423,The Fund for American Studies (TFAS),FUND FOR AMERICAN STUDIES,≤100
21090771700,Gun Owners of America,Gun Owners of America,≤100
1679521432262834,Physicians Grassroots Network,American Medical Association,≤100
70795936969,Children International,CHILDREN INTERNATIONAL,≤100
201956993160690,MRCTV,MEDIA RESEARCH CENTER,≤100
6781166087,Bob Casey,BOB CASEY FOR SENATE INC,≤100
957097981096462,Sherwin-Williams Paint Pros,These ads ran without a disclaimer,≤100
1628922377207463,Randy Feenstra,FEENSTRA FOR CONGRESS,≤100
466164103423147,Thorn,Thorn,≤100
169042736456594,All Out,All Out Action Fund.,≤100
474227102732389,Turning Point Action,Turning Point Action,≤100
323083351064533,The News Literacy Project,The News Literacy Project,≤100
162014007863259,MARC Transportation,MID-AMERICA REGIONAL COUNCIL,≤100
149187418450228,Epic Reads,HARPERCOLLINS PUBLISHERS LLC,≤100
313723095478950,Daily Citizen,Focus on the Family,≤100
8550121410,Free Speech America Project,MEDIA RESEARCH CENTER,≤100
5435784683,Greenpeace USA,"GREENPEACE, INC.",≤100
56332452163,AMA Patients Action Network,American Medical Association,≤100
443056709080055,ReturnToOrder.org,"American Society for the Defense of Tradition, Family and Property",≤100
6333396177,NewsBusters.org,MEDIA RESEARCH CENTER,≤100
34362997676,United States Holocaust Memorial Museum,UNITED STATES HOLOCAUST MEMORIAL MUSEUM,≤100
215653202574079,Future Majority,"Future Majority, Inc",≤100
109866370700481,PushBlack Finance,PushBlack,≤100
5970146660,Community Change,Center for Community Change Action,≤100
100373975829221,Fòs Feminista Org,Fòs Feminista,≤100
105331908787374,Republican Accountability PAC,REPUBLICAN ACCOUNTABILITY PAC INC,≤100
539236759575992,Lateefah Simon,Lateefah for Congress,≤100
170491079663777,The Sentencing Project,"SENTENCING PROJECT INC, THE",≤100
7191206138,ASPCA,ASPCA,≤100
383712021656990,TeachingAmericanHistory.org,TEACHING AMERICAN HISTORY,≤100
108970206976,World Vision USA,WORLD VISION INC.,≤100
81839392622,American Century Investments,AMERICAN CENTURY SERVICES CORPORATION,≤100
36872302227,Cory Booker,CORY BOOKER FOR SENATE,≤100
278876378889211,Armenian Museum of America,"ARMENIAN MUSEUM OF AMERICA, INC.",≤100
205795426669644,Facts and Logic about the Middle East,Facts and Logic About the Middle East,≤100
110099228407333,Chevron Advocacy Network,Chevron Advocacy Network,≤100
164966660351345,Hope Outfitters,Hope Outfitters,≤100
13867925345,Equality Florida,Equality Florida,≤100
1166660030079480,National Democratic Redistricting Committee,National Democratic Redistricting Committee,≤100
292351509697,Jerusalem Prayer Team,Jerusalem Prayer Team,≤100
8321461609,MomsRising.org,MomsRising Together,≤100
71324717432,National Association of Scholars,NATIONAL ASSOCIATION OF SCHOLARS,≤100
43934405787,IPPF,International Planned Parenthood Federation Worldwide Inc,≤100
1428283027462702,Restoration of America,RESTORATION PAC,≤100
16317479654,Deseret News,Deseret News,≤100
700941689954518,Defend Our Future,Defend Our Future,≤100
93565224474,Mercy For Animals,MERCY FOR ANIMALS,≤100
103255375067070,Supervisor Terra Lawson-Remer,Supervisor Terra Lawson-Remer,≤100
77273593330,Hillel International,HILLEL THE FOUNDATION FOR JEWISH CAMPUS LIFE,≤100
1272534336242476,CFR Education,Council on Foreign Relations,≤100
6334782252,Oceana,Oceana,≤100
100992801635617,Conservative-American.org,Conservative American Strategies,≤100
8002590959,Rainforest Action Network - RAN,RAINFOREST ACTION NETWORK,≤100
126211280741703,Midwest Values PAC,Midwest Values PAC,≤100
109893362130598,Great American Patriots,I Love My Freedom,≤100
7229514244,Drug Policy Alliance,DRUG POLICY ALLIANCE,≤100
567371470277443,The Wilderness Society Action Fund,The Wilderness Society Action Fund,≤100
145034262195374,InSinkErator,InSinkErator_Whirlpool,≤100
50982313030,Food & Water Watch,Food & Water Watch,≤100
380884168648080,Population Research Institute,POPULATION RESEARCH INSTITUTE,≤100
26082912881,Project On Government Oversight,Project On Government Oversight,≤100
142474049098533,Robert Reich,Inequality Media,≤100
114009933764548,The Patriot Club,RightWingGear.com,≤100
1505244559517282,Colin Allred,COLIN ALLRED FOR SENATE,≤100
367432803594902,Suresh Gowda MLA,These ads ran without a disclaimer,≤100
114633944922650,"Sunlyt, LLC","Sunlyt, LLC",≤100
105011252173673,Assisting Americans,Assisting Americans,≤100
114301413446447,The Climate Initiative,Kennebunkport Climate Initiative,≤100
250392878345035,The Focused Pastor,Focus on the Family,≤100
108247581851552,Democracy Defense Fund,DEMOCRACY DEFENSE FUND,≤100
945455208962159,For Everyone Collective,For Everyone Collective,≤100
327853590558653,"Agri-Pulse Communications, Inc.","AGRI-PULSE COMMUNICATIONS, INC.",≤100
231044630384234,Hummel Livestock,These ads ran without a disclaimer,≤100
408250066356,Bill O'Reilly,"Bill Me, Inc.",≤100
103834625068376,CT Wine Now,CT Wine Now,≤100
48994809349,Ms. Foundation for Women,MS FOUNDATION FOR WOMEN INC,≤100
314121315788033,Stand with Parkland,Stand With Parkland,≤100
1869687273277265,Run for Something,Run For Something PAC,≤100
5647744585,PETA (People for the Ethical Treatment of Animals),"PEOPLE FOR THE ETHICAL TREATMENT OF ANIMALS, INC.",≤100
100484735718366,The Coalition for Carolina,Coalition for Carolina,≤100
102421369434228,Goose's News Daily,Goose's News Daily,≤100
271453369908901,FLAG  - Foundation for Liberty and American Greatness,FLAG  - Foundation for Liberty and American Greatness,≤100
142432192446984,David Horowitz Freedom Center,David Horowitz Freedom Center,≤100
747004618667089,Belev Echad,BELEV ECHAD INC,≤100
102047517918,The Commonwealth Fund,The Commonwealth Fund,≤100
546066468753446,Black Health Matters,BLACK HEALTH MATTERS FOUNDATION INC,≤100
100284648021034,New Tolerance Campaign,New Tolerance Campaign,≤100
228754857151053,House Majority PAC,HOUSE MAJORITY PAC,≤100
102961048478150,Center for Renewing America,CENTER FOR RENEWING AMERICA INC,≤100
113986481630469,Trending Patriots,I Love My Freedom,≤100
103546351703577,Dallas Express,Dallas Express Media,≤100
107698564046392,Lauren Boebert for Congress,LAUREN BOEBERT FOR CONGRESS,≤100
113731336694,Goldwater Institute,"GOLDWATER INSTITUTE ,THE",≤100
1864721517082089,Democratic Attorneys General Association,DAGA PAC,≤100
309798029121030,Everytown for Gun Safety,Everytown for Gun Safety Support Fund Inc,≤100
378084314984,Trane Technologies,Trane Technologies,≤100
115262456592822,Christians Engaged,Christians Engaged,≤100
108524217539937,Lumen Technologies,Lumen Technologies,≤100
18773072443,Illinois State University,These ads ran without a disclaimer,≤100
97466887664,Innocence Project,"INNOCENCE PROJECT, INC., THE",≤100
42940254353,Human Rights Watch,"HUMAN RIGHTS WATCH, INC.",≤100
105756057589080,The Lincoln Project,THE LINCOLN PROJECT,≤100
119953292796,Jim Banks,BANKS FOR SENATE,≤100
112267905223057,United Truth,United Truth,≤100
147344832098401,Maricopa County Sheriff's Office,Maricopa County Sheriff's Office,≤100
431019887282794,Tomorrow's World Today,Flying Cork,≤100
119938547748319,Navigator Research,Navigator Research,≤100
102658529406392,Allen Mashburn for NC Lieutenant Governor,These ads ran without a disclaimer,≤100
61492859575,Americares,"Americares Foundation, Inc.",≤100
103376804451432,Trending Politics,I Love My Freedom,≤100
2255535767896743,Mark Robinson,Friends of Mark Robinson,≤100
101224002310757,Seven Weeks Coffee,Seven Weeks Coffee,≤100
138290759549138,Hope Clinic,Hope Clinic for Women,≤100
102413723172970,Nick Adams,Nick Adams,≤100
10234472029,Council on Foreign Relations,Council on Foreign Relations,≤100
16534314739,Facing History & Ourselves,Facing History & Ourselves,≤100
50513265848,Citizens United,Citizens United,≤100
108731490859583,America's Work Force Union Podcast,"Bortini Management Associates, Inc.",≤100
128288676833,Rocky Mountain Elk Foundation,"ROCKY MOUNTAIN ELK FOUNDATION, INC.",≤100
376250065793807,Citizens for Responsible Energy Solutions,CITIZENS FOR RESPONSIBLE ENERGY SOLUTIONS INC,≤100
114194528248221,The Health Giveback,JADE Computer Services,≤100
21375324480,The Heritage Foundation,These ads ran without a disclaimer,≤100
142957224352,International Medical Corps,International Medical Corps,≤100
109352563640,Water.org,WATER.ORG INC.,≤100
104169086566,RGISC Rio Grande International Study Center,Rio Grande International Study Center,≤100
36634376117,HarperKids Books,HARPERCOLLINS PUBLISHERS LLC,≤100
103648802451237,Fair Courts America,Fair Courts America,≤100
103552914774916,Science Moms,Potential Energy Coalition Inc,≤100
107936991746783,A Common Sense America,Common Sense America Inc,≤100
101103254533,SOS International,SOS International,≤100
291102898490822,Conservative Comedy Store,Conservative Comedy Store,≤100
97624620788,American Friends of Magen David Adom,AMERICAN FRIENDS OF MAGEN DAVID ADOM,≤100
201446296572389,Compassion in World Farming (USA),Compassion in World Farming Inc,≤100
366741496830,Southern California Edison (SCE),Southern California Edison,≤100
109118211910879,Mr. 45,Green Straw LLC,≤100
109716011638325,Jane Fonda Climate PAC,JANE FONDA CLIMATE PAC,≤100
192609620649,The University of Chicago,The University of Chicago,≤100
16900111951,National Organization for Women (NOW),NATIONAL ORGANIZATION FOR WOMEN,≤100
105173311888160,Star and Bar,Star and Bar,≤100
202071006601223,GOOD PARTY,Good Party LLC,≤100
266602360083204,The Children's Trust,"CHILDREN'S TRUST, INC",≤100
110316380149,Family Policy Alliance,Family Policy Alliance,≤100
104719928295399,Turn Left PAC,TURN LEFT PAC,≤100
10331123781,Special Olympics,Special Olympics Inc,≤100
999556810102061,Signature Seas,Signature Seas,≤100
89336510798,American Friends of the Hebrew University,American Friends of Hebrew University,≤100
142474049098533,Robert Reich,Inequality Media Civic Action,≤100
747783932079184,Jared Golden for Congress,COMMITTEE TO ELECT JARED GOLDEN,≤100
182723117043,Chicago Council on Global Affairs,CHICAGO COUNCIL ON GLOBAL AFFAI,≤100
248539568517772,New Jersey League of Conservation Voters,NJ LEAGUE OF CONSERVATION,≤100
16695101734,National Association of Social Workers,NATIONAL ASSOCIATION OF SOCIAL WORKERS,≤100
293225127381200,Patriot Depot,The Patriot Depot,≤100
386305465057247,Liberty Nation News,Liberty Nation,≤100
115872684733165,Angie Spillman for Rowan County Commissioner,Committee to Elect Angie Spillman,≤100
487569614682924,CAPP USA,Yellow Line Productions LLC,≤100
104377518078467,More Perfect Union,MORE PERFECT UNION FOUNDATION,≤100
143173285763,Tenth Amendment Center,Tenth Amendment Center,≤100
416913748508616,We Welcome,We Welcome,≤100
123857614319417,Texas Nationalist Movement,Texas Nationalist Movement,≤100
393932827634250,Dissent Pins,Common Practice,≤100
11309713071,Gates Foundation,These ads ran without a disclaimer,≤100
130268756992804,Yale Climate Connections,Yale Climate Connections,≤100
101791315693,Destiny Rescue,"Destiny Rescue International, Inc.",≤100
1691667177798461,Brut,Brut,≤100
7656215652,Tim Kaine,Tim Kaine,≤100
102044622753692,American Potential Podcast,AMERICANS FOR PROSPERITY,≤100
30079936984,CWS,"CHURCH WORLD SERVICE, INC.",≤100
1546952572205770,UAE USA United,The Embassy of the United Arab Emirates,≤100
14038292386,Women for Women International,WOMEN FOR WOMEN INTERNATIONAL,≤100
21898300328,BuzzFeed,BuzzFeed,≤100
128103650601995,The Conservative Caucus,The Conservative Caucus,≤100
427084097477881,AHIP,America's Health Insurance Plans,≤100
116861961319806,Barn Raiser,Barn Raising Media Inc,≤100
92021268117,Working America,Working America,≤100
266744843422391,Zoetis,Zoetis Inc.,≤100
2321993584737314,The Markin Report,The Markin Report,≤100
170169493012341,The Fund for Global Human Rights,FUND FOR GLOBAL HUMAN RIGHTS,≤100
399067003454888,Sudan Relief Fund,Sudan Relief Fund Inc,≤100
12357407443,American Friends Service Committee,AMERICAN FRIENDS SERVICE COMMITTEE,≤100
8924408197,National Partnership for Women & Families,National Partnership for Women & Families,≤100
200990963441531,Boredom Therapy,These ads ran without a disclaimer,≤100
17414523278,Democracy Now!,DEMOCRACY NOW,≤100
700153177010264,Plant Based Products Council,Plant Based Products Council,≤100
1707505176197284,FREOPP,THE FOUNDATION FOR RESEARCH ON EQUAL OPPORTUNITY,≤100
156496968533805,Explore Beyond,NCTA - The Internet & Television Association,≤100
109599248636777,Consumer Credit Card Protection Coalition,CONSUMER CREDIT CARD PROTECTION COALITION,≤100
133937690180,Student Conservation Association,Student Conservation Association,≤100
187873189365,Urban Intellectuals,These ads ran without a disclaimer,≤100
24302792343,UUSC: Unitarian Universalist Service Committee,UNITARIAN UNIVERSALIST SERV  COMMIT,≤100
111806955195299,Wendy Davis for Congress,WENDY DAVIS FOR CONGRESS,≤100
168876449866088,The Years Project,THE YEARS PROJECT,≤100
100768036281308,Right Our Story,Right Our Story,≤100
148321315186004,Martel Electronics,These ads ran without a disclaimer,≤100
1553978148244954,Build With Strength,Build With Strength,≤100
122894447754361,Institute for New Economic Thinking,"INSTITUTE FOR NEW ECONOMIC THINKING, THE",≤100
1428755447227803,Defend The Second,Next Level Goods,≤100
223608490170,The Ruth Institute,The Ruth Institute,≤100
1481996415461299,EntheoNation,These ads ran without a disclaimer,≤100
56074851990,Truth Initiative,TRUTH INITIATIVE FOUNDATION,≤100
116981568944452,Knowledge Bucket,These ads ran without a disclaimer,≤100
300341323465160,The Daily Signal,HERITAGE FOUNDATION (THE),≤100
164498676940373,American Masters,WNET,≤100
55549065733,Voto Latino,VOTO LATINO INC.,≤100
6445219629,Omaha World-Herald,Omaha World-Herald,≤100
1012679305536045,Elissa Slotkin,Elissa Slotkin for Michigan,≤100
1731084720451495,Saprea,The Younique Foundation,≤100
101374728149342,A Starting Point,A Starting Point LLC,≤100
112071038480355,Real News Now,Real News Now,≤100
83865976093,Truthout,TRUTHOUT,≤100
43527081680,Appalachian Mountain Club,Appalachian Mountain Club,≤100
281844617168,Jewish Voice Ministries International,Jewish Voice Ministries International,≤100
163662804426854,Life Advancement Group,Life Advancement Group,≤100
110480728196620,Small Business Digital Alliance,Small Business Digital Alliance,≤100
226999127329906,New York Immigration Lawyer,Law Office of Alena Shautsova,≤100
1438722236161076,County of Los Angeles,County of Los Angeles,≤100
104681138248125,Tiny Revival Clothing Co.,Tiny Revival Clothing Co.,≤100
497348647140658,Point Source Youth,Point Source Youth,≤100
32252997166,American Dental Association,AMERICAN DENTAL ASSOCIATION,≤100
1021724717913869,Bantam Communications,Bantam Communications,≤100
58043814556,Oklahoma City Memorial Marathon,Oklahoma City Memorial Marathon,≤100
43426724597,Paper Culture,Paper Culture LLC,≤100
1416301955058257,Mohave County Sheriff's Office,Mohave County Sheriff's Office,≤100
27311599342,Preemptive Love,Preemptive Love Coalition,≤100
194115677277113,A21,THE A21 CAMPAIGN,≤100
100806242836871,Preservation Pause,University of Arizona Indigenous Peoples Law and Policy Program,≤100
254943996005,Catholic Answers,"CATHOLIC ANSWERS, INC.",≤100
104856814505092,The Kids Guide,The Kids Guide,≤100
268382283265857,ASH: Action on Smoking & Health,Action on Smoking & Health,≤100
110442961603215,Yikes Today,Yikes Today,≤100
801419943264962,BLM Wild,BLM Wild,≤100
104657602040321,Truth Media,Truth Media,≤100
58709265392,Americans United for Separation of Church and State,American's United for Separation of Church and State,≤100
107323051758635,Josh Riley,Josh Riley for Congress,≤100
220538341415523,The Satanic Temple,The Satanic Temple,≤100
174941115857811,Campaign for Southern Equality,Campaign for Southern Equality,≤100
104979848524405,Starts With Us,Lubetzky Family Foundation,≤100
104981939210693,Clayton Keirns,I Love My Freedom,≤100
304842759546695,Brooklyn Institute for Social Research,Brooklyn Institute for Social Research,≤100
830162603716633,Andy Beshear,Andy Beshear for Governor,≤100
104107455066450,H. Russell Cohen,H. Russell Cohen,≤100
192771954102960,Jordan Sekulow,American Center for Law and Justice,≤100
95135221781,Federal News Network,Federal News Network,≤100
120778038066631,EveryLibrary,EveryLibrary,≤100
261922745636,Children's Education Alliance of Missouri - CEAM,Children's Education Alliance of Missouri,≤100
399060493533519,The Justice Foundation,JUSTICE FOUNDATION,≤100
215968684159,AFT - American Federation of Teachers,American Federation of Teachers,≤100
100158948453494,Lars for President,LARS MAPSTEAD FOR PRESIDENT,≤100
51533142540,Public Advocate of the U.S.,PUBLIC ADVOCATE OF THE US,≤100
1560105467624797,Generation180,Generation180,≤100
1444820465547227,Rank the Vote,Rank the Vote,≤100
153678684700451,American Investment Council,AMERICAN INVESTMENT COUNCIL,≤100
346612865750115,Korea Defense Veterans Association,Korea Defense Veterans Association,≤100
458643554482238,Uri Velez La Sra de los Seguros,Euridis Velez,≤100
102579112455934,Making The Leap Podcast,Stanley M. Herzog Charitable Foundation,≤100
217187838327836,The Story Exchange,The Story Exchange Foundation,≤100
103481651030324,Great Lakes. Michigan Jobs.,Great Lakes. Michigan Jobs.,≤100
102490504962117,Phade products,Phade products,≤100
104092062075803,USA Jolt,"Jolt Media, Inc.",≤100
372233534914,Institute for Healthcare Improvement - IHI,These ads ran without a disclaimer,≤100
645392368909975,carafem,carafem,≤100
130945114804,World Jewish Congress,WORLD JEWISH CONGRESS AMERICAN SECTION INC,≤100
567101470157212,Obama Foundation,The Barack Obama Foundation,≤100
984421991732710,Paycheckology,Paycheckology,≤100
399997860992,Educators for Excellence,EDUCATORS FOR EXCELLENCE,≤100
104605160959720,Leda Health,Leda Health Corporation,≤100
111004586952707,Elevate Prize Foundation,Elevate Prize Foundation Inc,≤100
122269174199638,USA Journal News,USA Features Media LLC,≤100
1013454855413378,Arena Mail + Digital,Arenawins,≤100
1399099193667071,WP Creative Group,WP BrandStudio,≤100
114226275387369,republicEn,republicEn,≤100
102349745614536,Foxing time,These ads ran without a disclaimer,≤100
302111635698,National Association of Tax Professionals (NATP),National Association of Tax Professionals,≤100
163302087408673,Stop The Donald,Stop the Donald,≤100
147236955390302,Best Lawyers,BL RANKINGS LLC,≤100
108610788737964,Texans for Vaccine Choice,TEXANS FOR VACCINE CHOICE,≤100
7357041101,Tammy Baldwin,TAMMY BALDWIN FOR SENATE,≤100
303374266418976,AFPM,American Fuel & Petrochemical Manufacturers,≤100
458142697588014,AARP Public Policy Institute,AARP,≤100
14084625156,Susan G. Komen,Susan G. Komen,≤100
430869277025501,Dr. Nancy O'Reilly,"WOMEN CONNECT4GOOD, INC.",≤100
110010433804232,Standing For Freedom Center,Standing for Freedom Center,≤100
72092591211,FBI – Federal Bureau of Investigation,Federal Bureau of Investigation,≤100
112600915451330,No Labels,No Labels,≤100
90209763480,The Federalist Society,The Federalist Society,≤100
317371771995065,AARP Arizona Hispanic Connection,AARP,≤100
114959171503980,Rubaiya For NY,Rubaiya For NY,≤100
117592091643709,Tree of Life Ministries｜Evangelism in Israel,Tree of Life Ministries,≤100
210357995667559,The National Memo,The National Memo,≤100
107645227592678,To Which We Belong,Mystic Artists,≤100
1341543769290478,Kathy Manning,Kathy Manning for Congress,≤100
340528409646227,Consumer Action for a Strong Economy,CASE for Consumers,≤100
9785626650,Public Citizen,Public Citizen,≤100
102742079302727,Allegiant Benefit Advisors,These ads ran without a disclaimer,≤100
78420171887,Sailors for the Sea,OCEANA INC,≤100
111267540502019,Lynn Schulman 舒曼琳,Lynn for NYC 2023,≤100
102074185733344,BSH Home Appliances,These ads ran without a disclaimer,≤100
138492335404,Scott Walker,FORWARD USA FEDERAL POLITICAL ACTION COMMITTEE,≤100
221293505028917,Watch U.S. Fly,Watch U.S. Fly,≤100
100269439749767,American Freedom Warriors Clothing Co.,American Freedom Warriors Clothing Co.,≤100
109729861699329,Speak4,Speak4,≤100
112637920299437,Fuse Thrillers,These ads ran without a disclaimer,≤100
166194476728392,Center Street,"Hachette Book Group, Inc.",≤100
354377577952993,SEIU Local 105,SERVICE EMPLOYEES INTERNATIONAL UNION LOCAL 105,≤100
929799807078079,CITIZENARTS,CITIZENARTS EDUCATION COMPANY,≤100
103047259150209,What I Want to Know with Kevin P. Chavous,"Stride, Inc.",≤100
187005858017014,Climate Power,Climate Power,≤100
60261764250,Childhelp,"CHILDHELP, INC.",≤100
260933440643373,UltraViolet,UltraViolet Action,≤100
2079290572362532,Yadira for New Rochelle Mayor,People for Yadira,≤100
1599237673639735,Change Media Group,Change Media Group,≤100
105599502191866,Florida Jolt,"Jolt Media, Inc.",≤100
38234604057,PEN America,PEN AMERICAN CENTER INC,≤100
710669049286394,Woo the People,Woo the People,≤100
102155202062797,Stingr Liberia,Stingr Liberia,≤100
110789241969098,Andy Morales,Andy Morales,≤100
182620315479,Plan International USA,Plan International USA,≤100
170126260000702,Western Journal US News,The Western Journal,≤100
106834545428519,Matt Wiltshire for Mayor,Matt for Mayor,≤100
295644160460352,Donald Trump Jr.,These ads ran without a disclaimer,≤100
114250430692,Unchainedtv,JANE UNCHAINED NEWS NETWORK,≤100
1191593944306272,State Rep. Julie Johnson,Julie Johnson for Congress,≤100
104396194587918,C3 Solutions,Conservative Coalition for Climate Solutions,≤100
101656855710163,News From The States,States Newsroom,≤100
610264146298573,The American Council,The American Council for Evangelicals,≤100
268672113155656,The Expectations Project,THE EXPECTATIONS PROJECT INC,≤100
130848666099,Business Forward,Business Forward Inc.,≤100
1605295603062909,Hot Seat for Judges,Hot Seat for Judges,≤100
147126507164,ACTwireless,ACTwireless,≤100
115629791509819,Stateline,States Newsroom,≤100
261951940219,Goldman Environmental Prize,Goldman Environmental Foundation,≤100
8914040942,Chesapeake Bay Foundation,"CHESAPEAKE BAY FOUNDATION, INC., THE",≤100
18079407397,CPAC,American Conservative Union,≤100
102594971165416,Tracy’s Paws Rescue,These ads ran without a disclaimer,≤100
104520782264628,DocuCourse,"Be Great Together, Inc.",≤100
109200595768753,The Christian Left,The Christian Left,≤100
261474500534965,Orthodox Union,ORTHODOX UNION,≤100
287754774569171,Americans for Prosperity-Montana,AMERICANS FOR PROSPERITY,≤100
482100658584410,We Stand For Energy,"EDISON ELECTRIC INSTITUTE, INC.",≤100
105348224679358,The Don't Unfriend Me Show,DONT UNFRIEND ME,≤100
130130503698358,Eastern European Mission,EASTERN EUROPEAN MISSION,≤100
485068924838758,EARN - Employer Assistance and Resource Network on Disability Inclusion,Employer Assistance and Resource Network on Disability Employment,≤100
1624206881186861,Lisa Blunt Rochester,Lisa Blunt Rochester for Senate,≤100
392683144674817,Patriot Politics USA,Trending Views,≤100
157075714452235,Likely Suspects,These ads ran without a disclaimer,≤100
110745504837435,ዘፀአት የዘጌ ገቾ,These ads ran without a disclaimer,≤100
101064482556554,Dvi Stories,These ads ran without a disclaimer,≤100
111365084107318,The Founders USA,These ads ran without a disclaimer,≤100
122654655280238,i360,i360,≤100
334019820353250,Conservation Nebraska,Conservation Nebraska,≤100
121185869582531,Soberlink,These ads ran without a disclaimer,≤100
183178002499514,Niamh M Middleton,Niamh M Middleton,≤100
497949630282962,Retirement Specialty Group,Retirement Specialty Group,≤100
116204538416735,The AIDS Institute,AIDS INSTITUTE INC,≤100
20603236087,Love146,"LOVE146, INC.",≤100
103082819375063,For a Better Bayou,For a Better Bayou,≤100
106582384539447,Design for Freedom by Grace Farms,"GRACE FARMS FOUNDATION, INC.",≤100
123214871097848,Make the Connection,These ads ran without a disclaimer,≤100
113992227446477,Bernie Moreno,BERNIE MORENO FOR SENATE,≤100
341163402640457,NowThis,"VOX MEDIA, INC.",≤100
103591152638245,Tamiko for President,Tamiko for President,≤100
372348199953904,PA Schools Work,PA Schools Work,≤100
119365237801765,Lett010,These ads ran without a disclaimer,≤100
2321993911380376,Dr. Patricia Campos Medina,Stateside Affairs,≤100
49814966052,Team D3,These ads ran without a disclaimer,≤100
64206021703,National Committee to Preserve Social Security and Medicare,NATIONAL COMMITTE TO PRESERVE SOCIAL SECURITY AND MEDICARE,≤100
78871789265,New Jersey Institute for Social Justice,NEW JERSEY INSTITUTE FOR SOCIAL JUSTICE,≤100
113341457791145,Voices for Healthy Green Spaces,Voices for Healthy Green Spaces,≤100
102763296131905,Post News,Post News,≤100
227594571444676,Building New York's Best,Carpenter Contractor Alliance of Metropolitan New York,≤100
106705056029405,Renee Pawlish - Author,These ads ran without a disclaimer,≤100
109343231965723,Better PA Roads & Bridges,Better Pennsylvania Roads and Bridges,≤100
59877921429,Lutheran Immigration and Refugee Service,"LUTHERAN IMMIGRATION AND REFUGEE SERVICE, INC.",≤100
58158120046,ACLJ,American Center for Law and Justice,≤100
102486559194712,Private Equity Stakeholder Project,Climate Nexus - Rockefeller Philanthropy Advisors Sponsored Project,≤100
113223650193301,MAGA Revolution,Apse Media LLC,≤100
2188424341404612,Project Ready,Project Ready,≤100
85945492130,EnergyBoom,Energy Boom,≤100
403737406341879,National Women's Health Network,NATIONAL WOMENS HEALTH NETWORK,≤100
110702331722369,Bountiful Patriot,Bountiful Patriot,≤100
95001097200,National Association of Manufacturers,NATIONAL ASSOCIATION OF MANUFACTURERS OF THE UNITED STATES OF AMERICA INC.,≤100
49421708941,Americans for Limited Government,AMERICANS FOR LIMITED GOVERNMENT IN,≤100
494259170754224,Keeping IDentities Safe,KEEPING IDENTITIES SAFE,≤100
101466816025710,Renew Healthcare,Quantum Digital Media Inc.,≤100
181924628560212,Ekō,Ekō,≤100
400013980059152,Coworker.org,Coworker.org,≤100
87377228013,Side with Love,UNITARIAN UNIVERSALIST ASSOCIATION,≤100
698400060189827,Dan Sullivan,Alaskans for Sullivan,≤100
10524033745,Remote Area Medical - RAM,REMOTE AREA MEDICAL,≤100
107647202592570,AARP NH,AARP,≤100
101716172441500,Brennan Center en Español,"WILLIAM J. BRENNAN CENTER FOR JUSTICE, INC.",≤100
118051097953804,Smart Carbon Network,Smart Carbon Network,≤100
126855128568,FEBC (Far East Broadcasting Company),"FAR EAST BROADCASTING COMPANY, INC.",≤100
583258211727279,Shai Fund,SHAI FUND INC,≤100
168109446538119,St. Martin's Press,Macmillan Publishing,≤100
123624513983,The Western Journal,The Western Journal,≤100
178984868807815,Nebraska History Museum,History Nebraska,≤100
179909895355213,AIDS United,AIDS UNITED,≤100
183165025062107,The TESA Collective,"The Toolbox for Education and Social Action, Inc",≤100
139835646030666,Alliance for Aviation Across America,Alliance for Aviation Across America,≤100
98828483195,Safe Horizon,Safe Horizon,≤100
164049599660,Catholic Relief Services en español,CATHOLIC RELIEF SERVICES,≤100
487406107954778,Red Movement Store,These ads ran without a disclaimer,≤100
104728131848361,Offshore Wind For North Carolina,Southeastern Wind Coalition,≤100
1425435377743310,Conversations with Bill Kristol,FOUNDATION FOR CONSTITUTI,≤100
2361139837508625,Animal Victory,"One Red Lion, Inc DBA Animal Victory",≤100
225879060980,Habitat for Horses,HABITAT FOR HORSES INC,≤100
103347715795489,Democracy and Human Rights for Africa Corp,These ads ran without a disclaimer,≤100
203583423017526,National Immigration Law Center,National Immigration Law Center,≤100
21813808850,American Battlefield Trust,American Battlefield Trust,≤100
837305209648863,Rambling Ronnie,Rambling Ronnie,≤100
208551063368,Dominican Friars of the Province of Saint Joseph,DOMINICAN FOUNDATION,≤100
1579920062256328,Custom Content from WSJ,These ads ran without a disclaimer,≤100
480278498670815,Danimer Scientific,Danimer Scientific,≤100
102204903345,The Vilcek Foundation,"VILCEK FOUNDATION, INC., THE",≤100
50714237985,The Rutherford Institute,RUTHERFORD INSTITUTE,≤100
206202032757114,Nature and Culture International,NATURE AND CULTURE INTERNATIONAL,≤100
979586925412244,Wishbeads,"WISHBEADS, LLC",≤100
102442966144100,Padilla for Los Angeles,by Valley Families for Valley Values for Padilla for City Council 2023,≤100
100637631678746,Conservative News Daily,Conservative News Daily,≤100
711909245654048,National Police Support Fund,National Police Support Fund,≤100
594519783957655,Citizens for National Security,Citizens For National Security,≤100
104483742449646,CenterClip,"CenterClip, Inc.",≤100
107414074990650,Defense of Freedom Institute,"Defense of Freedom Institute for Policy Studies, Inc.",≤100
1534290989956166,Philanthropy Roundtable,"PHILANTHROPY ROUNDTABLE, THE",≤100
100781276221423,Protect Choice Ohio,OHIO PHYSICIANS FOR REPRODUCTIVE RIGHTS PAC,≤100
109616752034038,Marisa Alcaraz for City Council,Marisa Alcaraz for City Council 2023 General,≤100
28126338304,Surfrider Foundation,"SURFRIDER FOUNDATION, INC",≤100
102712325850529,Libratum Press,Libratum Press LLC,≤100
356050017804283,WSPA (Western States Petroleum Association),WESTERN STATES PETROLEUM ASSOCIATION,≤100
101350839190816,Macro Conservative,Macro Conservative,≤100
674093346356017,Jen Kiggans for Congress,KIGGANS FOR CONGRESS,≤100
112912573793125,Rise Up for Justice,Rise Up for Justice,≤100
87777747127,Greg Palast,Palast Investigative Fund,≤100
724665580887075,Planned Parenthood Texas Votes,Planned Parenthood Advocates of Texas,≤100
64468870451,Premiere Speakers Bureau,Premiere Speakers Bureau,≤100
45013872425,The Ripon Society,RIPON SOCIETY,≤100
192738164073627,A Better Balance,A Better Balance,≤100
125937197447634,ACTA - American Council of Trustees and Alumni,AMERICAN COUNCIL OF TRUSTEES AND ALUMNI,≤100
103966991229588,Frank Bojazi,Trending Views,≤100
2436403486378786,Tim Temple,Tim Temple Campaign,≤100
102794658754102,Daily Freedom,Trending Views,≤100
110624565660992,ZOE International,ZOE International,≤100
1448985902033866,Trans Lifeline,Trans Lifeline,≤100
513695272011123,The Genesis Prize,GPF NA LLC,≤100
165858562140,Western Resource Advocates,WESTERN RESOURCE ADVOCATES,≤100
98778560852,Health Forward Foundation,Health Forward Foundation,≤100
102947509118612,PLAM Action MN,PLAM Action,≤100
461530314600399,Common Sense American Politics,Common Sense American Politics,≤100
102961088866702,Sarah Klee Hood for Congress,SARAH KLEE HOOD FOR NY,≤100
30914589895,The International Fellowship of Christians and Jews,"INTERNATIONAL FELLOWSHIP OF CHRISTIANS & JEWS, INC.",≤100
101204378825808,Fight the Right,FIGHT THE RIGHT PAC,≤100
338184362989987,Ruby's Rubbish,These ads ran without a disclaimer,≤100
911094272335026,Mary Lupien - City Council East District,Mary Lupien - City Council East District,≤100
677546855674210,Stand to Reason,These ads ran without a disclaimer,≤100
9364828262,Citizens Against Government Waste,COUNCIL FOR CITIZENS AGAINST GOVERNMENT WASTE,≤100
113496178208014,Protecting Our Democracy,Protecting Our Democracy,≤100
106267229067013,Chris Laye for Scott County Sheriff,Chris Laye for Sheriff,≤100
473191156175163,EDF Action,Environmental Defense Action Fund,≤100
106722117734040,Games Qwik,These ads ran without a disclaimer,≤100
1499191057075106,Chronic Disease Coalition,Chronic Disease Coalition,≤100
100607179026941,Of Thee I Sing 1776,Of Thee I Sing 1776,≤100
155733377697,Bright Horizons,These ads ran without a disclaimer,≤100
291391758252756,Wyoming Coalition for a Healthy Retirement,NATIONAL PUBLIC PENSION COALITION,≤100
59543893235,National Constitution Center,National Constitution Center,≤100
107812829262502,Eide Bailly,These ads ran without a disclaimer,≤100
225422650854192,Election Systems & Software,Election Systems & Software,≤100
108879409056,Commonwealth Club of California,These ads ran without a disclaimer,≤100
145599838860525,Omnipod,These ads ran without a disclaimer,≤100
428330877769054,Ask Anything,Ask Anything,≤100
1802248836771260,Weird Little Tales,These ads ran without a disclaimer,≤100
104214852367107,Friends of the Earth Action,Friends of the Earth Action,≤100
45901308455,MAP International,MAP INTERNATIONAL (INC.),≤100
1691667177798461,Brut,These ads ran without a disclaimer,≤100
103725052248049,Hunter Lundy Governor,Lundy for Louisiana,≤100
110086635316198,Menn at Work for Troy,Menn at Work for Troy,≤100
138027546222769,Spartan Camera,These ads ran without a disclaimer,≤100
103747761393271,Lootpress,Lootpress,≤100
101712394738402,The Meteor,The Meteor,≤100
21395843375,Dialysis Patient Citizens,DIALYSIS PATIENT CITIZENS INC,≤100
101991652440936,Across Documentary,DIGITAL COAST MEDIA LLC,≤100
183484875153093,Kim Monson Show,The Kim Monson Show,≤100
9694956217,Animal Legal Defense Fund,ANIMAL LEGAL DEFENSE FUND,≤100
384006901653736,The Moore Charitable Foundation,Moore Charitable Foundation,≤100
1677111425839949,American Promise,"AMERICAN PROMISE, INC.",≤100
105334892381660,AmericanTowns Politics,AMERICAN TOWNS,≤100
165674110118949,Clearing out the Clutter,Clearing out the Clutter,≤100
84645912778,Prosperity Now,PROSPERITY NOW,≤100
88410949777,Population Media Center,"POPULATION MEDIA CENTER, INC.",≤100
301630402995,Prostate Health Education Network,PROSTATE HEALTH EDUCATION NETWORK,≤100
124451551318,Rose Community Foundation,ROSE COMMUNITY FOUNDATION,≤100
320823520454,Enough Is Enough,Enough is Enough,≤100
239658882763974,Poverty USA by CCHD,UNITED STATES CONFERENCE OF CATHOLIC BISHOPS,≤100
333534986742293,Sheriff Wayne Ivey,Sheriff Wayne Ivey,≤100
1832245947018802,Chris Rose for US Senate - WV,ROSE FOR WEST VIRGINIA,≤100
107003898984421,MrAman Foster,These ads ran without a disclaimer,≤100
262536810935097,Housing Is A Human Right,AIDS HEALTHCARE FOUNDATION,≤100
107178831882244,San Diego Signal,San Diego Signal,≤100
107794078023949,Animals 101,These ads ran without a disclaimer,≤100
153278754738777,Climate Reality,The Climate Reality Project,≤100
311901101987,"The Seeing Eye, Inc.",SEEING EYE INC,≤100
300748678230,Tennessee Department of Economic and Community Development,Tennessee Department of Economic and Community Development,≤100
249247419293008,Braxton Mitchell,Braxton Mitchell,≤100
1042560925858683,John Kelly,John Kelly,≤100
108310768472612,Ben Stories,These ads ran without a disclaimer,≤100
101095043361,Americans United for Life,AMERICANS UNITED FOR LIFE,≤100
530565677106156,Elect Maurice Brown,Friends of Mo Brown,≤100
27544763621,Prison Fellowship,Prison Fellowship,≤100
82223469060,ACN - Aid to the Church in Need,"AID TO THE CHURCH IN NEED, INC.",≤100
106862204671108,The Deplorable Americans,The Deplorable Americans,≤100
506680536015406,HumanProgress.org,"CATO INSTITUTE, INC.",≤100
105169114225957,Coalition for Responsible Exit,Coalition for Responsible Exit,≤100
186977768011413,Ironworkers Rising,"International Association of Bridge, Structural, Ornamental, and Reinforcing Iron Workers",≤100
118626774835274,Medicare Made Clear,Medicare Made Clear from United Healthcare,≤100
1038112106230748,Henk Rogers,Blue Planet Alliance Corporation,≤100
195261533834361,Friends of Animals,"FRIENDS OF ANIMALS, INC.",≤100
109807943719796,Nothing Is Going To Get Better,Nothing Is Going To Get Better,≤100
116197620249405,Recycling Facts,Center for Consumer Freedom,≤100
755055221557446,Suffolk County GOP,SCGOP,≤100
116237538063062,Win Again PAC,Win Again PAC,≤100
234744096655497,Alliance For Early Success,Alliance for Early Success,≤100
1476342155924546,Big Rig Threads,Big Rig T-Shirts and Decals LLC,≤100
176099663659,Armed Services YMCA,ARMED SERVICES YMCA OF THE USA,≤100
103929304678916,Voter Action Project,Integrity First Voter Action Project,≤100
116089224793126,Policyfetch  Short Term Medical Insurance,QUANTUM DIGITAL MEDIA INC,≤100
85252863415,National Latina Institute for Reproductive Justice,NATIONAL LATINA INSTITUTE FOR REPRODUCTIVE HEALTH,≤100
1422029574735195,The Devou Good Foundation,"DEVOU GOOD PROJECT, INC.",≤100
238473269650980,Capital & Main,CAPITAL & MAIN,≤100
173896102623920,Old Row,Old Row,≤100
1835838916635491,Transamerica Institute,Transamerica Center for Health Studies,≤100
109748660821862,The Los Angeles Alliance For Human Rights,LA Alliance for Human Rights,≤100
35677414105,National Kidney Foundation,NATIONAL KIDNEY FOUNDATION INC,≤100
114128055303516,ProgressNow New Mexico,ProgressNow New Mexico,≤100
235039782048,Array of Hope,ARRAY OF HOPE,≤100
442841269811876,FSorb Acoustic Panels,These ads ran without a disclaimer,≤100
164734040266858,Senator David Blount,David Blount for State Senate,≤100
56680318666,Illinois Policy,Illinois Policy,≤100
102176712079037,Daily Floridian,Daily Floridian,≤100
188441263945,Laboratory to Combat Human Trafficking,LCHT,≤100
193861605858,Buffalo Field Campaign,BUFFALO FIELD CAMPAIGN,≤100
29259828486,The Atlantic,The Atlantic Monthly Group LLC,≤100
187429968296722,Harvard Online,Harvard Online,≤100
740209026065844,Look What SHE Did,LOOK WHAT SHE DID!,≤100
116884823952,Vulnerable People Project,HERO Inc.,≤100
102596355656379,Red Wave News Updates,Red Wave News Updates,≤100
147799585824838,Ballot PA,COMMITTEE OF SEVENTY,≤100
77906169595,Texans Care For Children,Texans Care for Children,≤100
336442420497121,Consciously,Big Sister Corp.,≤100
101542284893130,Delaware LIVE News,DELAWARE LIVE LLC,≤100
162069790604,AARP Arizona,AARP,≤100
117956368577,Charlie Geren,Charlie Geren Campaign,≤100
40217893542,AIPAC,American Israel Public Affairs Committee,≤100
122836074546643,Kentucky Senator Chris McDaniel,McDaniel For Senate,≤100
125845052150716,Monica De La Cruz,Monica For Congress,≤100
19856390207,LiveBeyond,MOBILE MEDICAL DISASTER RELIEF INC,≤100
407848989230502,The Rational Middle,"Rational Middle Media Group, LLC",≤100
65538457518,The Village Square,TO THE VILLAGE SQUARE INC,≤100
120562051017306,Michael B. Moore For Congress,Michael B Moore for South Carolina,≤100
2220049454938703,Macomb County Clerk-Register of Deeds,MACOMB COUNTY CLERKS OFFICE,≤100
316955281351,APWU - The American Postal Workers Union,AMERICAN POSTAL WORKERS UNION,≤100
210214622426593,Nexus Family Healing,NEXUS,≤100
114080905042873,For the Majority,For the Majority,≤100
397207347056799,Voices for Healthy Kids,AMERICAN HEART ASSOCIATION INC,≤100
19774119425,Habitat for Humanity,Habitat for Humanity International,≤100
133764907211570,Concerned Citizen,Concerned Citizen,≤100
1040965162589549,SecondMuse,SECONDMUSE LLC,≤100
106905656797560,Nia Tero,Nia Tero Foundation,≤100
1971893639780070,Woodard Funeral Home,These ads ran without a disclaimer,≤100
104873005081197,Repro Legal Defense Fund,IF/WHEN/HOW,≤100
401240226922554,VoLo Foundation,VoLo Foundation,≤100
100198782057099,Bliaspora,Bliaspora LLC,≤100
36085812354,Rainforest Foundation US,"Rainforest Foundation, Inc.",≤100
107214875027152,The First Step,MERIDIAN HILL PICTURES LLC,≤100
425399447824959,The Templeton Prize,These ads ran without a disclaimer,≤100
123460781200,Alon Ben-Meir,Alon Ben-Meir Inc,≤100
1571401929773000,North County  Climate Change Alliance,North County Climate Change Alliance,≤100
518332724897619,Rebekah Gienapp,Rebekah Gienapp Consulting,≤100
345751305447288,Daugherty Water for Food Global Institute,Daugherty Water for Food Global Institute,≤100
339432396135584,The Exodus Road,The Exodus Road,≤100
338218229911752,Integrity First PAC,INTEGRITY FIRST PAC,≤100
485068924838758,EARN - Employer Assistance and Resource Network on Disability Inclusion,These ads ran without a disclaimer,≤100
28483858161,Texas Scorecard,ScorecardMedia,≤100
1604112466570340,Inez E. Dickens,Dickens 2023,≤100
502151103244047,Join RSO,RIVERSIDE COUNTY SHERIFFS DEP,≤100
110540648621394,Quiz and Pets,These ads ran without a disclaimer,≤100
203420943084617,Damnthedemocrats,Damnthedemocrats,≤100
102993012523555,Reparations United,Reparations United,≤100
105280684938489,KnowledgeVerse,These ads ran without a disclaimer,≤100
1887678438164872,Den Of Weird,These ads ran without a disclaimer,≤100
110018833813683,Defend the Senate,SMP,≤100
611865645522590,JusticeAid,JusticeAid,≤100
624956794270316,Jack Heidel,John Heidel,≤100
179301645517086,Advanced Energy United,Advanced Energy Institute,≤100
114665075250432,The Zalkin Law Firm,"The Zalkin Law Firm, P.C.",≤100
117214891638398,Street Grace,Street Grace Inc,≤100
270826723039149,The Coalition to Protect Americas National Parks,"COALITION OF NATIONAL PARK SERVICE RETIREES, INC.",≤100
103535788939931,The Border Chronicle,The Border Chronicle,≤100
601678723294742,The Bill Walton Show,Resolute Protector Foundation,≤100
30954968553,Smithsonian’s National Museum of the American Indian,National Museum of the American Indian,≤100
106959920878115,The Well Done Foundation,"WELL DONE FOUNDATION, INC.",≤100
101544238499141,Susan Lee NYC,Susan Lee for NYC,≤100
214061167976,El Tiempo Latino,MASTV EL PLANETA LLC,≤100
106536947732849,Hope in a Box,"HOPE IN A BOX, INC.",≤100
104329844668,American Bar Association,American Bar Association,≤100
103991432660503,Autry Benton - First for Conway City Council,Autry Benton - First for Conway City Council,≤100
203294399456,Public Interest Registry,Public Interest Registry,≤100
111018434842258,Vaughn2024,EMORY VAUGHN FOR PRESIDENT 2024,≤100
104906622524637,Congressman Jonathan Jackson - IL-01,United States House of Representative,≤100
25480500554,BRAC,"BRAC USA, Inc.",≤100
116025928060049,Obamacare Health Plans,These ads ran without a disclaimer,≤100
102286035642350,Patriots for USA,USA Features Media LLC,≤100
102356589314098,Political Comms,Political Comms LLC,≤100
111131133551811,The Locke Society,Locke Society Inc,≤100
104308875463441,Liz Ortega for Assembly,Liz Ortega for Assembly,≤100
107077981585236,"Debt Elimination NOW, Neeley Law","Debt Elimination NOW, Neeley Law",≤100
276270339942982,Say NO to a Casino in Cleveland County,Say NO to a Casino in Cleveland County,≤100
168367339845613,The Humane League,"HUMANE LEAGUE, THE",≤100
428173550596440,Rep. Ritchie Torres,Office of Congressman Ritchie Torres,≤100
103990754697108,The Social Justice Movement,These ads ran without a disclaimer,≤100
108108121456950,Blue States PAC,BLUE STATES PAC,≤100
482869205100278,Neema Project,Neema Project,≤100
512954815727434,Jake Ellzey,JAKE ELLZEY FOR CONGRESS,≤100
107308698272177,Gas Leaks Action,Gas Leaks Action,≤100
101080822634195,Fix It Films,Fix It Healthcare,≤100
135604563174542,Lancaster County Sheriff's Office,Lancaster County Sheriff's Office,≤100
102153215938414,Thrilling Tales,These ads ran without a disclaimer,≤100
210937299260017,USA Features Media,USA Features Media LLC,≤100
106159299124846,Dirk Guidry for Parish President,Dirk Guidry for Parish President,≤100
42631297765,Hadassah,"HADASSAH, THE WOMEN'S ZIONIST ORGANIZATION OF AMERICA, INC.",≤100
2007361039550045,"Center for Free, Fair, and Accountable Democracy","CENTER FOR FREE, FAIR, AND ACCOUNTABLE DEMOCRACY, INC.",≤100
118614714529999,BIG DADDY Apparel,These ads ran without a disclaimer,≤100
108387384771008,The House Back,These ads ran without a disclaimer,≤100
161107820658032,La Red Hispana,"HISPANIC COMMUNICATIONS NETWORK, LLC",≤100
2085563958340354,Raúl Torres,Statera Comunicacion,≤100
92729316952,Covanta,Covanta,≤100
100729962707436,Jimmy Monto 5th District Councilor,Friends of Jimmy Monto,≤100
505580749611764,Daniel Sadan,Daniel Sadan,≤100
260713150211,Protect Our Winters,Protect Our Winters,≤100
104014811573804,Secretaría de Salvadoreños en el Exterior Nuevas Ideas,123 Digital LLC,≤100
101400032438085,The A-Mark Foundation,A MARK FOUNDATION,≤100
106608038931801,Loyal Patriots,Loyal Patriots,≤100
106213445845916,American Savers Today,United States Relief,≤100
6727932795,Institute for Humane Studies,Institute for Humane Studies,≤100
111453151592849,Permanent Majority,PERMANENT MAJORITY,≤100
196212113748678,Azul,Azul,≤100
112602535494455,The Reporters Inc,REPORTERS INC,≤100
14893370225,Sustainable Harvest International,SUSTAINABLE HARVEST INTERNATIONAL,≤100
100221986153813,Lou's Daily News,"Freedom From the Press, LLC",≤100
424443217623488,Clarion Project,"CLARION PROJECT, INC.",≤100
120969014293326,Elect Wade Choate,Elect Wade Choate,≤100
203156483151292,PassionLife,PassionLife Ministries,≤100
882617162092690,Shift The Country,Shift the Country,≤100
96935476345,Democratic Governors Association (DGA),Democratic Governors Association,≤100
503699929651019,Washington Times Opinion,Washington Times,≤100
104521238896557,June Marie Paintings,June-Marie Paintings,≤100
10606591490,TIME,TIME USA LLC,≤100
18079407397,CPAC,AMERICAN CONSERVATIVE UNION,≤100
102755854556738,Josh McConkey for Congress,MCCONKEY FOR CONGRESS,≤100
214061167976,El Tiempo Latino,Center for Community Change Action,≤100
102487506104286,suzanne__ogle,These ads ran without a disclaimer,≤100
411973422963732,Twenty Daily,These ads ran without a disclaimer,≤100
264403673724202,Lucile Packard Foundation for Children's Health,LUCILE PACKARD FOUNDATION FOR CHILDREN'S HEALTH,≤100
452797224923658,The Democratic Coalition,THE DEMOCRATIC COALITION,≤100
107260975453369,TrendFeed,These ads ran without a disclaimer,≤100
348521388580843,Talks On Law,Talks On Law,≤100
109330805754158,AARP MN,AARP,≤100
103921782727,Atlas Obscura,These ads ran without a disclaimer,≤100
107618578223660,California Courier,California Courier,≤100
1692888817589287,Emerge,These ads ran without a disclaimer,≤100
349528025129958,"Brevard County Sheriff's Office, Florida (Official)","Brevard County Sheriff's Office, Florida (Official)",≤100
249467225254927,The Love > hate Project,LOVE GREATER THAN HATE PROJECT,≤100
174665813003584,Mission Partners for Christ,Mission Partners for Christ,≤100
1883837055193241,Shield Republic,Shield Republic,≤100
103893891262140,Bearce Artistry,These ads ran without a disclaimer,≤100
127691390582,PHI,"PARAPROFESSIONAL HEALTHCARE INSTITUTE, INC.",≤100
107473328903224,Leo McMahon,These ads ran without a disclaimer,≤100
113971873335382,Rep. Dan Deasy,Rep. Dan Deasy,≤100
43853729859,Campaigns & Elections,Political World Communications,≤100
106150162199435,Kevin Barry O'Connor - Author,These ads ran without a disclaimer,≤100
240425642652222,South Florida Wildlands Association,South Florida Wildlands Association,≤100
182574111780105,California Bicycle Coalition,California Bicycle Coalition,≤100
101267705869524,OLAS Media,OLAS Media,≤100
129353084077944,Maebe A. Girl,MAEBE A. GIRL FOR CONGRESS,≤100
12044622723,"Museum of Science, Boston",MUSEUM OF SCIENCE,≤100
497719423723034,Planned Parenthood California Central Coast,Planned Parenthood California Central Coast,≤100
100298938781,Robert Wood Johnson Foundation,THE ROBERT WOOD JOHNSON FOUNDATION,≤100
108376668490342,Midbar Stories,These ads ran without a disclaimer,≤100
108634608304213,United For Change: A Better Union,United For Change - UFT,≤100
273546779885377,The Gallant Pelham,"delupton, LLC",≤100
245481022560114,John Stefanski,John Stefanski Campaign,≤100
102274366245978,Anup Khanal Youth Vice President For NRNA NCC USA,These ads ran without a disclaimer,≤100
103001292766800,Kurt Kroemer for Congress,KROEMER FOR CONGRESS,≤100
108310235885897,Haymarket Books,"CENTER FOR ECONOMIC RESEARCH AND SOCIAL CHANGE, INC. THE",≤100
2259323457517498,Abolish the Electoral College,Abolish the Electoral College,≤100
107409909326665,Stephen Wise Free Synagogue,"WISE, STEPHEN FREE SYNAGOGUE",≤100
242531595815128,Go Vegas Dog,Go Vegas Dog,≤100
100543782934850,Congressman Greg Casar,Office of Congressman Greg Casar,≤100
102933382101048,nazimizzak.g,These ads ran without a disclaimer,≤100
103019409737549,Empower Missouri,Empower Missouri,≤100
105239511089757,Inmigrantes al Día,Inmigrantes al Dia,≤100
307577909645,Elizabeth River Project,ELIZABETH RIVER PROJECT,≤100
133753583953215,American History in 90 Minutes - The Common-Sense Guide to U.S. History,American History in 90 Minutes,≤100
109677115155768,WiseVerse,These ads ran without a disclaimer,≤100
2023114331282570,Florida Daily,Florida Daily,≤100
488270467889488,Blake Miguez,Friends of Blake Miguez,≤100
1420200111329836,Alan C. Moore,Alan C. Moore,≤100
146918864568,Illinois Farm Bureau,ILLINOIS AGRICULTURAL ASSOCIATION,≤100
1009546672510787,Southern Maryland Senators Baseball,These ads ran without a disclaimer,≤100
107350962049617,Count on Mothers,Mothers Count LLC,≤100
105478615881613,Steven T. Beard for Queens Civil Court Judge,Steven T Beard for Queens Civil Court Judge,≤100
140155342671005,Sempervirens Fund,SEMPERVIRENS FUND,≤100
104178315156683,Blue Perigon Digital,Blue Perigon Digital,≤100
117656194651888,Joe Magazine for Miami Beach Commissioner,JOE MAGAZINE FOR MIAMI BEACH COMMISSIONER,≤100
169840807024913,Jobob,The Jobob Show,≤100
408252582872693,Daniella Levine Cava,"Daniella Levine Cava, Non-Partisan, for Miami-Dade County Mayor",≤100
5878048748,GlobalGiving,"GLOBALGIVING FOUNDATION, INC.",≤100
105792775772623,Tina Hawthorne for West Seneca Town Judge,Friends of Tina Hawthorne,≤100
110577068679152,Haus Cordray for DeSoto Parish Assessor,Haus Cordray for DeSoto Assessor,≤100
102801812856740,yhohbennett,These ads ran without a disclaimer,≤100
407767916003589,U.S. Representative John Carter,Office of U.S. Representative John Carter,≤100
499379343409991,Impact Fund,"IMPACT FUND, THE",≤100
126472371267520,Trump Store,These ads ran without a disclaimer,≤100
75553755070,Michael Smerconish,Michael Smerconish,≤100
202843900735,1199SEIU Massachusetts,1199SEIU Massachusetts Political Action Fund,≤100
107346728917203,bloodxbonebruja,These ads ran without a disclaimer,≤100
398233886974905,Mike Grieco for Miami Beach Mayor,"Mike Grieco for Miami Beach Mayor, non-partisan",≤100
215479992305641,Becoming Young,Becoming Young,≤100
103330229366345,John Howe for Scranton City Council,John Howe for Scranton City Council,≤100
121940824138795,North Carolina Association of Health Plans,"North Carolina Association of Health Plans, Inc",≤100
1318134684947847,Aura Vasquez,AURA VASQUEZ FOR CITY COUNCIL 2024,≤100
227535924071462,Animal Petitions,AnimalPetitions.org,≤100
114386721939978,The Made in America Store,Made In America Store,≤100
337323319689579,Wild Farm Alliance,WILD FARM ALLIANCE,≤100
107288902309775,Solar Energy Incentives,These ads ran without a disclaimer,≤100
215485388588143,Ann Wagner,Office of Congresswoman Ann Wagner,≤100
1958906451024686,Anita Burroughs for NH,Anita Burroughs for New Hampshire,≤100
112420651829327,DeSantis 2024 Quotes Shirt - Make America Florida,world beater brands llc,≤100
133545795918,Erie County Democratic Committee,Erie County Democratic Committee,≤100
1758373541107634,GaviriaLaw,These ads ran without a disclaimer,≤100
86711894400,National Write Your Congressman,National Write Your Congressman,≤100
111904024679959,Bold Majority,BOLD MAJORITY PAC,≤100
7035457015,Brave New Films,BRAVE NEW FOUNDATION 501(C)(3),≤100
103338614839717,Peter S. Wenz,Peter S. Wenz,≤100
1374906906166064,The Policy Circle,The Policy Circle,≤100
513785465632396,Airline Passengers for Justice,Airline Passengers for Justice,≤100
1382031428685910,John Whitmire,John Whitmire Campaign,≤100
2306938829630369,Kathryn Franco for University District,Kathryn Franco for University District,≤100
131618273567984,Jeff Landry,Landry for Louisiana,≤100
1226854550711523,Get Biofuel,Get Biofuel,≤100
105058351297836,"Mayor of Irondale James D. Stewart, Jr.","Mayor James D. Stewart, Jr.",≤100
939960396036229,Greenily - Your Family Only Greener,"Greenily, LLC",≤100
187850809456,PSEA - PA State Education Association,PENNSYLVANIA STATE EDUCATION ASSOCIATION,≤100
110757973488,Congresswoman Diana DeGette,Office of Rep. Diana DeGette,≤100
833703819981407,Atlantic Re:think,The Atlantic Monthly Group LLC,≤100
114060740328279,Pierina Sanchez NYC,Sanchez 2023,≤100
6334782252,Oceana,OCEANA INC,≤100
101541668799519,Huffines Liberty Foundation,Huffines Liberty Foundation,≤100
120798810959571,Elect Jake Sullivan For Sheriff,Jake Sullivan For Sheriff,≤100
100895162285178,Faith & Flame - Books and Gifts,These ads ran without a disclaimer,≤100
220927557943909,Oregon AFSCME,Oregon AFSCME,≤100
102589746451856,American Black Journal,DETROIT EDUCATIONAL TELEVISION FOUNDATION,≤100
310925405807,Citizens Climate Lobby,Citizens' Climate Lobby,≤100
151577215422581,Zioness Movement,"Zioness Movement, Inc.",≤100
106756848796135,Hector Bravo,These ads ran without a disclaimer,≤100
109484472066825,Jonathan Berry for State Representative,Jonathan Berry for State Senate,≤100
104916968538177,TIS 이주공사,TIS VISA CORPORATION,≤100
101422986006149,Dyme.Earth,Dyme Digital Inc,≤100
103460651712789,Equity Intersection,Equity Intersection,≤100
59512067962,Housing Opportunities Made Equal of Virginia (HOME),"HOUSING OPPORTUNITIES MADE EQUAL OF VIRGINIA, INC",≤100
695354394002844,Vickie Paladino for NYC,Vickie for City Council,≤100
6406874733,Mike Rogers,MIKE ROGERS FOR CONGRESS,≤100
67945990059,The American Petroleum Institute,The American Petroleum Institute,≤100
167721133253158,The White House Historical Association,These ads ran without a disclaimer,≤100
164385163612953,ArtistJim.com,These ads ran without a disclaimer,≤100
100710759119069,Blue Planet Ecosystem,Blue Planet Ecosystem,≤100
993294760683044,Education Reform Now,EDUCATION REFORM NOW ADVOCACY INC,≤100
105504198200328,Mercedes Vazquez Simmons - Monroe County Legislator - District 22,Friends of Mercedes Vazquez Simmons,≤100
1727817384143637,Chey Tor,These ads ran without a disclaimer,≤100
796584937027874,CuraLife,These ads ran without a disclaimer,≤100
1914537155242810,Life: Powered,Texas Public Policy Foundation,≤100
108131805539170,Dr. David Ciampi for Mayor,Friends to Elect David F Ciampi,≤100
107212184744044,Bullide Home,These ads ran without a disclaimer,≤100
111182022242266,OU Health,OU Health,≤100
153966377987310,Disability Rights Florida,"DISABILITY RIGHTS FLORIDA, INC.",≤100
112887521767995,Rhonda Eick Flanigan,These ads ran without a disclaimer,≤100
110798272032799,Do No Harm Ohio,COLUMBUS RIGHT TO LIFE SOCIETY INC,≤100
404929222888251,Conservation Colorado,Conservation Colorado,≤100
111027456985128,Lavinia Goodell,Lavinia Goodell,≤100
114047852114541,Jerry James Stone,3XFIVE MEDIA LLC,≤100
102392018062460,Delegate A.C. Cordoza,FRIENDS OF AC CORDOZA,≤100
110911507257023,Riley for The Bronx,Riley 2023,≤100
60865633726,Love Justice International,TINY HANDS INTERNATIONAL,≤100
103171994635775,Angela Alsobrooks,Alsobrooks for Senate,≤100
90022052772,Williams,"WILLIAMS COMPANIES, INC., THE",≤100
105451942439465,Sabina Covo for Miami,"Sabina Covo, Non-partisan, for City of Miami Commissioner, District 2",≤100
2831837216845452,"Derek Norton - Mayor, City of Smyrna",Derek Norton for Mayor,≤100
105652832443066,Carbon Titans,CARBON TITANS LLC,≤100
106095601125529,"Reaching Everyone In Distress Foundation, Inc.",Reaching Everyone in Distress Foundation Inc.,≤100
110995448555114,Dale Strong,Office of Congressman Dale W Strong (AL-05),≤100
102916049490340,Motordigest 4,These ads ran without a disclaimer,≤100
259400255162867,MedicareInsurance.com,These ads ran without a disclaimer,≤100
490349377808038,State Representative Justin Holland,Justin Holland Campaign,≤100
117178991272653,Melinda Bourgeois,Melinda Bourgeois,≤100
102864378009285,Councilwoman Jessie Lopez,Santa Ana Taxpayers Against the Corrupt Recall of Jessie Lopez,≤100
103211892391218,Chuck Washington 2024,RE-ELECT CHUCK WASHINGTON FOR SUPERVISOR 2024,≤100
2168484930102843,EJ Moonshot,EJ Creations LLC,≤100
74261463421,AFSCME Council 28 WFSE,"WASHINGTON FEDERATION OF STATE EMPLOYEES, AFL-CIO",≤100
23311628592,Heartland Alliance,Heartland Alliance for Human Needs & Human Rights,≤100
101442025614806,Chancellor,These ads ran without a disclaimer,≤100
14660729657,The Christian Science Monitor,These ads ran without a disclaimer,≤100
245711905631405,Jeff Jackson,JEFF JACKSON FOR CONGRESS,≤100
104192625773372,Remember When?,These ads ran without a disclaimer,≤100
112443395099439,Jackson For Hobart,Committee to Elect Teddian Jackson,≤100
101018283332,Long Beach City,City of Long Beach,≤100
253524391356012,Union Supporters,These ads ran without a disclaimer,≤100
861272160620347,Texas Realtors PAC,Texas Realtors PAC,≤100
82029937681,Tampa Bay Young Republicans,Tampa Bay Young Republicans,≤100
81517275796,UNICEF USA,UNITED STATES FUND FOR UNICEF,≤100
488740674837681,198 Methods,198 methods,≤100
852370551453606,GARP,These ads ran without a disclaimer,≤100
104006944272732,Honest Arizona,Advancing AZ,≤100
102371144884962,TVBee World,These ads ran without a disclaimer,≤100
306294146757512,Cedar Planters,These ads ran without a disclaimer,≤100
106794077936083,Epic Feed,These ads ran without a disclaimer,≤100
101469102570605,Mystai,These ads ran without a disclaimer,≤100
250305668489402,Professor Kenny,These ads ran without a disclaimer,≤100
483436588412722,Monica Ivaldi - Cirugía Emocional,These ads ran without a disclaimer,≤100