﻿Page ID,Page name,Disclaimer,Amount spent (COP)
114663991495442,"Mario Enríquez Chenas - VAMOS PASTO, VAMOS","Mario Enríquez Chenas - VAMOS PASTO, VAMOS",28538
141361183156268,Juan Carlos Upegui,Juan Carlos Upegui,26233
1094416980590904,Instituto catdenar S & G ingenieros,These ads ran without a disclaimer,24065
113783978308860,Octavio Guzmán,Octavio Guzmán,13482
118514924593739,Tanque Seco,Tanque seco,8850
120492681014284,Luis Arley Guerra E.,Luis Arley Guerra E.,8491
1668929590004327,Avanzoft Software Avanzado,Avanzoft Software Avanzado,8214
109072728814146,Luis Insuasty - Luchito,Luis Insuasty - Luchito,5990
1147318942107929,Todos Somos Una,DEBRAIN LLC,5464
2215146792073323,Fernando Latorre,These ads ran without a disclaimer,5089
348227052718193,Independientes,Independientes,5063
43880852708,Amnistía Internacional Américas,These ads ran without a disclaimer,5009
109020118437842,Academia Mr.Criss,Academia Mr.Criss,4931
102649172879833,Colombia al Día,Colombia al Día,4656
107787104895388,La Ópttica Popayán,La Óptica Popayán,4267
107405449071319,Con la suya,Con la suya,4177
167222580002790,Clara Luz Roldan Gonzalez,Clara Luz Roldán,4029
112155252163421,Sebastián López V.,Sebastián López V.,3970
100637473120318,Orden y libertad,Orden y libertad,3756
183025852044152,Secretaría de Desarrollo Económico,Secretaría de Desarrollo Económico,3308
969143216462972,Felipe Cañizalez,Felipe Cañizalez,3212
101391859627743,Colombia sin miedo,Colombia sin miedo,3172
1383605158583178,Chicho Avanzando Ando,Chicho Avanzando Ando,2680
110036132129269,Alerta Noticias,Alerta Noticias,2493
194971430602434,Alcaldía Mayor de Tunja,Alcaldía Mayor de Tunja,2158
1458739367777443,Wilson Gonzalez Piedecuesta,Wilson Gonzalez Piedecuesta,2134
117114171402854,Congregacion amarres Julio suarez,These ads ran without a disclaimer,1307
111620936860720,Leonardo Alvarez Vallejo,These ads ran without a disclaimer,1234
1400280116941194,Fabian Diaz,Fabian Diaz,1100
102143071616787,Goberna Colombia,Goberna,1072
111310940455631,Alex López,Alex López,937
348915865720686,Publicarte Digital,Publicarte Digital,892
184284351706738,Lotería de Bogotá,Lotería de Bogotá,862
1620327121537852,Paul Solorzano Garcia,Paul Solorzano Garcia,838
101793669214903,Lili Almeida,These ads ran without a disclaimer,821
108789541970291,Jose García Alcalde 2024-2027,Jose García Alcalde 2024-2027,811
984966394847745,Sopó Nos Une,Sopó Nos Une,729
533238166689720,Instituto Técnico Imtel - Oficial,These ads ran without a disclaimer,722
832764363485573,Roberto Rodríguez Z.,Organización política Roberto Rodríguez Zamudio,681
543810628990655,Ministerio de Justicia y del Derecho,Ministerio de Justicia y del Derecho,679
194315573916010,Norma Hurtado Sanchez,Norma Hurtado Sánchez,629
113859341778043,Dios salva a Colombia,Dios salva a Colombia,606
111006856896783,Fernando Pulgarín,Fernando Pulgarín,603
105745084834647,Somos Más Noticias Colombia,Somos Más Noticias Colombia,598
104046148916576,Patricia de Hernandez,Patricia de Hernandez,545
106106338492581,Pacto Histórico Juvenil,Pacto Histórico Juvenil,544
117823701712681,Cedinsi Escuela de Entrenamiento en Herramientas Digitales,These ads ran without a disclaimer,515
2341225942579432,Edwin Marin,Edwin Marin,506
106268097941958,Carlos Oswaldo Ortiz Rangel,These ads ran without a disclaimer,389
100187899706359,Johan Rodríguez,These ads ran without a disclaimer,372
353002198130323,Instituto Tecnisistemas,These ads ran without a disclaimer,367
1119413181474050,El Avispero Mov,Movilizatorio,366
887227211675750,Walter Betancur Montoya,Walter Betancur Montoya,356
2123572197971496,Javier Angulo,Javier Angulo,342
112079280692029,Juan Carlos Pulido,JUAN CARLOS PULIDO,340
102833418169267,Jeisson Andrey Pinto Pinto,Jeisson Andrey Pinto Pinto,320
101380345769714,Belen Caro,Belen Caro,308
103783897950958,ENTRE CEJAS - Noticias,ENTRE CEJAS - Noticias,307
116894888019153,Bien por yolombó,Bien por yolombó,285
2274735309226951,Omar Castaño - Marinilla con Futuro,marinilla con futuro,272
104313676026273,Luis Carlos Guevara Montilla,Agencia de Publicidad del Putumayo,263
1103483299796467,BPM Consulting,These ads ran without a disclaimer,258
105894917487205,Rigoberto cañon,Rigoberto cañon,255
400106994113819,Cesuma,These ads ran without a disclaimer,233
111079188725589,Colombia IHhumana,Colombia ihhumana,233
120486541022687,Yan Carlos Chavarro Munevar,Yan Carlos Chavarro Munevar,231
116606165355733,Geritza Echeverria Quinto,Geritza Echeverria Quinto,230
384235011995338,Gustavo García,Gustavo García,212
1405396066182021,Rodrigo Amaya Culma,Rodrigo Amaya Culma,197
1589652347763879,Aquileo Medina A,Aquileo Medina A,196
120819182654931,MaFE Varona,These ads ran without a disclaimer,193
107630450999775,Sergio Olaya “El de Atalaya”,Sergio Olaya “El de Atalaya”,185
276011656326731,Jhon Turizo,These ads ran without a disclaimer,181
527136077735125,Thomas Balaguera,Thomas Balaguera,175
408242643333694,Eliecer Martinez O.,Eliecer Martinez O.,173
482002058626250,Surany Arboleda Arias,Surany Arboleda Arias,162
100832826276681,Brandon García,These ads ran without a disclaimer,162
102780311195613,Bray Martinez Ariza,Bray Martinez Ariza,150
115663288260383,Yessica Cabeza,vidasaludable,143
112646311755775,Otto Ali Suárez,These ads ran without a disclaimer,138
111224613562433,Diego Zambrano - #Putumayosomostodos,Diego Zambrano - #Putumayosomostodos,137
911971475638253,Huila Noticias1,Huila Noticias1,134
456689041057320,Propuestas para el fin del Mundo,Propuestas para el fin del Mundo,125
893646027651348,malambosonrie,malambosonrie,121
492631454495907,Rubencho,Rubencho,118
100436089338215,Luis Fernando Martínez Pérez,Luis Fernando Martínez Pérez,116
102729016090787,Pocho Con La Gente,Pocho Con La Gente,108
15640987134,Universidad de La Sabana,These ads ran without a disclaimer,104
104168242728622,Daniella Plaza,Daniella Plaza,103
411935876243052,Christian Perez,Christian Perez,101
112623311749810,Alfonso López Oficial.,Alfonso López Oficial.,≤100
111754810202440,Yocimar Trillos,Yocimar Trillos,≤100
113050245152197,Victor Ibarra,Victor Ibarra,≤100
111436581876176,Jose Londoño,These ads ran without a disclaimer,≤100
102273526060527,VAMOS QUE VAMOS,These ads ran without a disclaimer,≤100
112793500416598,Castro Guerrero Producciones,These ads ran without a disclaimer,≤100
105788042199348,James Urrego,James Urrego,≤100
100319211712051,Walter Salas,Walter Salas,≤100
101923174510103,Katia Outten Lynton,Katia Outten Lynton,≤100
640514429911161,Kevin Bernal,Kevin Bernal,≤100
100862467976065,Andrés Fandiño,Andrés Fandiño,≤100
134134620631582,Deicy Bermúdez,These ads ran without a disclaimer,≤100
103596816009903,Leonor Mora Barandica,Leonor Mora Barandica,≤100
106734449089248,Arq Jorge Paz,These ads ran without a disclaimer,≤100
1596279100428398,Juan Carlos García De León,Juan Carlos García De León,≤100
105807922489001,Oscar Mauricio Ortega Rivera,These ads ran without a disclaimer,≤100
1505617719679277,César Zorro Casanare,César Zorro Casanare,≤100
103222898059227,ivangvanegas,These ads ran without a disclaimer,≤100
105455669131891,soyleydipp,These ads ran without a disclaimer,≤100
1767483836631330,Jeniffer Cotacio Abogada,These ads ran without a disclaimer,≤100
104474564602217,Elica Milena Almansa Varela,Elica Milena Almansa Varela,≤100
153503398742612,Montelíbano En Línea,Montelíbano En Línea,≤100
111145715398064,Titulate Ya,These ads ran without a disclaimer,≤100
106505315760395,Yurany Sastoque,These ads ran without a disclaimer,≤100
1608436186057040,Gerardo Restrepo,These ads ran without a disclaimer,≤100
105052829007395,Primer plano produccion digital,These ads ran without a disclaimer,≤100
596179874232021,Oscar Escobar,Oscar Escobar,≤100
101647766285097,"Freddy Cañón -Gerente de Campaña, Ing. Bautista Alcalde-",These ads ran without a disclaimer,≤100
2196523977342569,Creemos En Cali,These ads ran without a disclaimer,≤100
117660538016207,Memoria Política en Fusagasugá.,These ads ran without a disclaimer,≤100
439983910109158,Andrés Hoyos,Andrés Hoyos,≤100
437554710309705,Jesús Sepúlveda Bermonth / Concejal de Cúcuta 2021-2023,Jesús Sepúlveda Bermonth / Concejal de Cúcuta 2021-2023,≤100
102826335811233,Isadora Pedrini,These ads ran without a disclaimer,≤100
103064252668045,Ingees01,These ads ran without a disclaimer,≤100
111376838111704,joswar_alcalde,These ads ran without a disclaimer,≤100
265694080118144,MochilerosTV,These ads ran without a disclaimer,≤100
357281968315956,Deimer Flórez,Deimer Flórez,≤100
106127822029826,Johnson & Johnson Medical Devices LATAM,These ads ran without a disclaimer,≤100
358212417554442,Fisiología del Ejercicio,These ads ran without a disclaimer,≤100
101375582509907,Juan Barahona,These ads ran without a disclaimer,≤100
1392286137657957,Jorge Rios Designer,These ads ran without a disclaimer,≤100
106950715510480,Luciana Ponce,These ads ran without a disclaimer,≤100