﻿Page ID,Page name,Disclaimer,Amount spent (HUF)
543788999005363,ORIGO,Mediaworks Hungary Zrt.,6798
108346693873484,Győrffy Balázs,Balazs Gyorffy,2202
248172631940,Mandiner,Mediaworks Hungary Zrt.,2113
594088897289853,Alapjogokért Központ,Alapjogokért Központ,2109
109503892404998,Világgazdaság,Mediaworks Hungary Zrt.,2082
326635018181862,Magyar Nemzet,Mediaworks Hungary Zrt.,1980
592204747588011,Momentum Mozgalom,Momentum Mozgalom,1934
103874348723105,Megoldás Mozgalom,Megoldás Mozgalom,1887
103294948505659,Szánthó Miklós,Szánthó Miklós – Alapjogokért Központ,1856
264517713636590,PestiSracok.hu,PestiSrácok.hu,1516
192197134141523,LMP Miskolc - BAZ megye,LMP - Magyarország Zöld Pártja,1262
851784814892644,Simicskó István,KDNP frakció,1246
109414841321682,Magyar Falu Program,Magyar Falu Program,1229
303640261940,Nemzeti Sport Online,Mediaworks Hungary Zrt.,1217
1534911313439123,Ripost,Ripost,1156
506348326210466,Ungár Péter,LMP - Magyarország Zöld Pártja,1140
331580946799,Borsonline - Bors Szórakoztató Napilap,Borsonline - Bors Szórakoztató Napilap,883
54779960819,United Nations,United Nations with Facebook Ad Credits,876
734217673259088,Ujhelyi István dr.,Ujhelyi István EP-képviselő,839
110825025606716,Patakinfó,Berger Zsolt János,827
100299381703981,Ps TV,PestiSrácok.hu,821
237088069704442,Kósa Ádám,"Adam Kosa, Member of the European Parliament",757
153992771336740,Origo Sport,Mediaworks Hungary Zrt.,748
47198507012,LMP - Magyarország Zöld Pártja,LMP - Magyarország Zöld Pártja,743
191946490841225,Dúró Dóra,Mi Hazánk Mozgalom,714
143151351544,Színházi Olimpia 2023 / Theatre Olympics 2023,Szinházi Olimpia Nonprofit Kft.,710
1237616006358749,Kékes Online,Kékes Online,707
1461534750733248,Schmuck Erzsébet,LMP - Lehet Más a Politika,690
376436808069,Eventim - Ticket Express Hungary,TEX Hungary Kft.,562
289633770813,UNICEF Magyarország,UNICEF Magyar Bizottság Alapítvány,562
100905288315705,Jelen hetilap,Liberty Press Kft.,528
1584646591763647,Kanász-Nagy Máté,LMP - Magyarország Zöld Pártja,493
113684438795574,Párbeszéd Magyarországért,Párbeszéd Magyarországért,488
735736549957756,G7.hu,G7.hu Nonprofit Zrt.,484
108248022589754,Bosch Magyarország,Bosch Magyarország,476
451844608304228,Metropol,Metropol,445
142116653162328,Márki-Zay Péter,Mindenki Magyarországa Mozgalom,385
170187966339475,Life.hu,Mediaworks Hungary Zrt.,378
100452852734271,Startlap - Vásárlás tippek,Central Médiacsoport Zrt.,372
122553474422895,Vodafone Magyarország Alapítvány,Vodafone Magyarország Alapítvány,354
110599253866889,Millenna,Millenna Újság,350
196431174341272,József Felföldi,József Felföldi,320
1215492498464496,Angyal Károly,Angyal Károly Tibor,318
102426795954406,Nobilis Márton,Nobilis Márton,313
264210363649459,Élő Norbert,Élő Norbert,282
1408906262689093,Nyitrai Zsolt,Fidesz,265
545872002109034,Matkovich Ilona,Matkovich Ilona Zsuzsanna,256
169599166463839,Demokratikus Koalíció,Demokratikus Koalíció,243
105129068891221,Frisshirek.hu,Genesis Médiacsoport Kft.,243
881398955358662,Mándi László,Mándi László,234
131283758531,HVG,HVG Kiadó ZRt.,222
109565208474856,Startlap - Utazás tippek,Central Médiacsoport Zrt.,212
103478164920832,Rubicon Intézet,Rubicon Intézet,209
408924035951553,Körforrás,Körforrás,206
100467642324899,Realista,Az Év Irodája,204
887921287887805,Király Nóra,Király Nóra,187
270300439972751,Szemlélek,Szemlélek Alapítvány,174
108144665013496,Makronóm Intézet,Makronóm Intézet,164
161746613987047,Állampolgári Bizottság az Emberi Jogokért,Állampolgári Bizottság az Emberi Jogokért,154
102186064905787,Zöld Követ Egyesület,Zöld Követ Egyesület,152
162344823835042,atlatszo.hu,atlatszo.hu,151
166359293376130,Hévíz Város Önkormányzata,Papp Gábor,149
170834092937469,K-Monitor,K-Monitor,148
777343075710072,Migrációkutató Intézet,Migrációkutató Intézet,148
102641477991941,bahir.hu - BAHÍR,Zöld Baranya Egyesület,145
105774734948091,Hungarian Conservative,Hungarian Conservative,138
438674070213065,Magyar Állampapír,Magyar Állampapír,129
35634348348,Greenpeace Magyarország,Greenpeace Magyarország,126
1867333200197695,Messer Hungarogáz,Messer Hungarogáz,126
876772425797119,Hölvényi György,Hölvényi György,105
76748198685,Budapest Pride,Budapest Pride,≤100
268042136672212,Századvég,Századvég Közéleti Tudásközpont Alapítvány,≤100
107123677458699,Külpologika,Tamás Novák,≤100
103758242266301,Boldizsár Tamás,Boldizsár Tamás,≤100
126539424061030,Háttér Társaság,Háttér Társaság,≤100
221761091331222,Danube Institute,Danube Institute,≤100
85568463466,Mérce,Mérce,≤100
293410494975,Republikon Intézet,Republikon Alapítvány,≤100
104958058734636,Bekezdések,Nagy Áron,≤100
320645820787,Haszon magazin,Haszon magazin,≤100
290353684405462,Mindenszo.hu,Mindenszo.hu,≤100
222935035147780,moszkvater.com,moszkvater.com,≤100
202099276507678,24.hu,24.hu,≤100
1693538404064465,Magyar Hang,Magyar Hang - A Túlélő Magazin,≤100
101610451966849,Energiaválasztó,These ads ran without a disclaimer,≤100
247563431962015,tiszatajonline.hu,Tiszatájonline.hu szerkesztősége,≤100
270741976461920,Farkas Éva Erzsébet,Farkas Éva Erzsébet Hivatalos Oldala,≤100
14792493292,Magyar Kétfarkú Kutya Párt,Magyar Kétfarkú Kutya Párt,≤100
421262681731198,Vasarnap.hu,Kovács K. Zoltán Alapítvány,≤100
1622954144645540,Századvég Konjunktúrakutató,Századvég Gazdaságkutató,≤100
503614639975773,Trombitás Kristóf,Trombitás Kristóf Keresztély,≤100
106963942072063,Halász Noémi,Halász Noémi,≤100
44847086574,Amnesty International Magyarország,Amnesty International Magyarország,≤100
108418501905552,HunPolIt Rosonczy-Kovács Mihály’s Perspective,Nézőpont,≤100
1620606484919998,Alföldhír.hu,Alföldhír Kft.,≤100
102203505677256,Fenntartható Városok,Fenntartható Közösségek Központja,≤100
382824992184186,Sokk a rovar,These ads ran without a disclaimer,≤100
1502745060010732,The European Conservative,European Conservative,≤100
104224244529604,Greendex.hu,These ads ran without a disclaimer,≤100
1139880662693159,Összefogás XI. Sportegyesület,Összefogás 11 Sportegyesület,≤100
447204268797621,RTL.hu,RTL.HU,≤100
18562323874,Élet és Irodalom,Székely János,≤100
109237039114861,MEDIAPIAC.COM,Médiapiac Kft.,≤100
197203437879379,Szaniszló Sándor,Szaniszló Sándor,≤100
132565735893,Policy Solutions,Dr. Bíró-Nagy András,≤100
159579307409289,Kocsim,These ads ran without a disclaimer,≤100
103141961544400,Future of Debrecen,Future of Debrecen Egyesület,≤100
100336789517554,"Mi Otthonunk, Mi Bolygónk Környezetvédelmi Alapítvány","Mi Otthonunk, Mi Bolygónk Környezetvédelmi Alapítvány",≤100
164978926850719,Kommentár folyóirat,Kommentár folyóirat,≤100
101040961353702,Temesvári Szilvia,Temesvári Szilvia Benedetta,≤100
100924535415577,EgerInfo,EgerInfo,≤100
1065713933504228,Új Egyenlőség,Új Egyenlőség,≤100
101256371759076,Corvinák,Mathias Corvinus Collegium Alapítvány,≤100
344967909393503,Nagy Bálint,Fidesz,≤100
109651004719614,Szol24,Esélyegyenlőség és Fenntarthatóság Egyesület,≤100
244260778212,VINCE,These ads ran without a disclaimer,≤100
210242349159177,EU-SOLAR,These ads ran without a disclaimer,≤100
1196196390526965,Facebook Surveys,These ads ran without a disclaimer,≤100
107203148110541,Action Speaks Louder,These ads ran without a disclaimer,≤100
1473321922884514,Chińskie Radio Międzynarodowe,These ads ran without a disclaimer,≤100
153583251338463,a&o Hostels,These ads ran without a disclaimer,≤100