﻿Page ID,Page name,Disclaimer,Amount spent (USD)
109720245220390,وزارة الصحة بالحكومة الليبية - Ministry of Health. Libyan Government,Mabroukah Asrafeel Saeid,≤100
102697318856209,حزب السلام والازدهار,السلام والازدهار,≤100
142989472559414,اللجنة المركزية لانتخابات المجالس البلدية,Abdulaziz Smeda,≤100
1013333139056697,ديوان رئاسة الوزراء المنطقة الجنوبية,ديوان رئاسة الوزراء المنطقة الجنوبية,≤100
112437831252270,محمد خالد الغويل,محمد خالد الغويل,≤100
111179918570489,Cambridge Technical College / Regional Office,These ads ran without a disclaimer,≤100