﻿Page ID,Page name,Disclaimer,Amount spent (NZD)
337477311451,New Zealand Labour Party,NZ Parliamentary Service on behalf of New Zealand Labour Party,394
337477311451,New Zealand Labour Party,NZ Parliamentary Service on behalf of New Zealand Labour Party,255
106952008971755,Catherine Wedd for Tukituki,Catherine Wedd for Tukituki,146
173912362663564,Electoral Commission NZ,Electoral Commission NZ,≤100
183355881680015,New Zealand National Party,New Zealand National Party,≤100
116362033529,Amnesty International Aotearoa New Zealand,Amnesty International Aotearoa New Zealand,≤100
104174354363267,Christopher Luxon,New Zealand National Party,≤100
11870725774,Greenpeace Aotearoa,Greenpeace NZ,≤100
110613705109260,Independent Electoral Review - He Arotake Pōtitanga Motuhake,Independent Electoral Review,≤100
371913763842,Te Kāhui Tika Tangata Human Rights Commission,Te Kāhui Tika Tangata Human Rights Commission,≤100
120703687692577,Mining Means Progress,Straterra Limited,≤100
148043358567215,Hawke's Bay Regional Council,Hawke's Bay Regional Council,≤100
114961458268104,The Integrity Institute,The Integrity Institute,≤100
454557294670525,BayBuzz,BayBuzz,≤100
408747529491004,Department of Conservation,Department of Conservation,≤100
1281262645251755,Hobson's Pledge,Hobson's Pledge,≤100
112431991697294,Animal Justice Party Aotearoa NZ,Animal Justice Party Aotearoa NZ,≤100
105370978007709,Katie Nimon for Napier,Katie Nimon for Napier,≤100
175954932952,WWF New Zealand,WWF New Zealand,≤100
110909661534199,The Common Room NZ,The Common Room NZ,≤100
203953359629611,Voice For Life,Voice for Life,≤100
23625700722,Oxfam,Oxfam Aotearoa,≤100
134871109877812,Save the Children New Zealand,Save the Children New Zealand,≤100
109145321007464,Groundswell NZ,Groundswell NZ,≤100
102500959802535,World Vision New Zealand,World Vision New Zealand,≤100
19648092895,Tearfund New Zealand,Tearfund New Zealand,≤100
185590638873,NZHL Home Loans / Insurance,NZHL Home Loans / Insurance,≤100
608650595820049,The Conqueror Challenges,These ads ran without a disclaimer,≤100
105534772373969,NZ News Essentials,NZ News Essentials,≤100
109325357303193,Sarah Pallett - MP for Ilam,NZ Parliamentary Service on behalf of Sarah Pallett MP,≤100
291373147558098,LIC,LIC,≤100
104523225895525,Huihui Mai Greater Christchurch,Greater Christchurch Partnership,≤100
105681068874945,Ag Matters,New Zealand Agricultural Greenhouse Gas Research Centre,≤100
103177381582859,Frontline Law,Frontline Law Limited,≤100
100618666013922,CATA Child and Adolescent Therapists Association,CATA.org.nz,≤100
83022598290,Trade Aid New Zealand,Trade Aid New Zealand,≤100
106159648977980,Suze Redmayne for Rangitikei,Suze Redmayne for Rangitikei,≤100
101834344920077,It's in the Ballot,"Sam Somers, Producer of It's in the Ballot",≤100
14590437963,Louise Upston MP,Taupo National Party,≤100
2379753165592485,NZ Game Animal Council,These ads ran without a disclaimer,≤100
103157862573024,Aotearoa NZ for UNHCR,These ads ran without a disclaimer,≤100
157136240296,Marie Claire UK,These ads ran without a disclaimer,≤100