﻿Page ID,Page name,Disclaimer,Amount spent (IDR)
23383061178,Prabowo Subianto,indonesia Adil makmur,335897
101350709331663,Golkar 2024,Yayasan Golkar Institut SPKP,309860
104054595928021,Bakti Untuk Rakyat,Bakti Untuk Rakyat,169432
112376825007045,Dewi Juliani 2024,Dewi Juliani 2024,142537
102708602466860,Riau Dukung Ganjar,Ganjar Nusantara Indonesia,109518
123323180670169,"Fadlan, S.IP","Fadlan, S.IP",101037
320858334728047,Partai Solidaritas Indonesia,Partai Solidaritas Indonesia,61907
104830667806476,Melihat Indonesia,Melihat Indonesia,61402
333711983956998,Erwin Aksa,Yayasan Golkar Institute SPKP,50524
1874328809472595,"Husaimi Hamidi SE.,MH","Husaimi Hamidi SE.,MH",49704
110378084570016,"Yuliawati, SE","Yuliawati, SE",49678
106918395489616,Golkar Institute SPKP,Yayasan Golkar Institut SPKP,48224
100155699310558,Willi Muchlisien,Willi Muchlisien,47985
127232094369851,Sayed Abubakar A. Assegaf - Fanspage,Sayed Abubakar A. Assegaf - Fanspage,33459
1568878769915158,"Dyan Desmanengsih, S.Sos","Dyan Desmanengsih, S.Sos",29323
104899195891472,Berita Ganjar Pranowo,Berita Ganjar Pranowo,28592
111864151754055,Esensi TV,Esensi Tv,24326
102656349157647,Tugimanisme,Tugimanisme,23723
101804639078770,Unboxing Anies,Unboxing Anies,21759
101403669397488,Nikmatul Sugiyarto,Nikmatul Sugiyarto,20059
106690092440342,Pemilu KIT,PEMILU KIT,18827
164909433966316,Suara Anies,Suara Anies,18715
102626198026698,Rika Sudjiman,Ganjar Nusantara Indonesia,18113
103301445622409,Aksi Tanggap Anies,Aksi Tanggap Anies,15253
102793242742002,Jaksapedia,JAKSAPEDIA,14620
110750361762052,Pikiran Rakyat,Pikiran Rakyat,13724
104427162506872,Fakta Anies,Fakta Anies,12674
256838011014355,Partai Gerakan Indonesia Raya (Gerindra),Partai Gerindra,11884
349963858704476,Komit Digital,Komit Digital,11278
100649018546817,GanjarFans,GanjarFans,7933
114012201650176,Fakta Terselubung,Fakta Terselubung,7861
1408188616062841,Sofitel Bali Nusa Dua,Sofitel Bali Nusa Dua Beach Resort,7576
103344702680007,Think Big Indonesia,Think Big Indonesia,7397
572779142753263,Freeport Indonesia,Freeport Indonesia,5503
101679818973699,Sahabat Ganjar Pranowo,Sahabat Ganjar Pranowo,4793
107600565668590,Munafri Arifuddin,Yayasan Golkar Institute,4502
100159712647702,Fakta Anies Baswedan,Fakta Anies Baswedan,4060
106524371346347,NTBSATU.com,NTBSATU.com,3895
110666655158744,Sahabat Caleg,Sahabat Caleg,3760
197545083607941,Harian Kompas,Harian Kompas,3755
101866128977837,Belajar Pemilu,Belajar Pemilu,3630
756567881057213,Airlangga Hartarto,Airlangga Hartarto,3566
110865154735990,Koran Harian Tanah Air,Koran Harian Tanah Air,3511
101760624522103,DPP Banteng Muda Indonesia,DPP Banteng Muda Indonesia,3398
112031464483846,Speaking Partner Kampung Inggris,These ads ran without a disclaimer,3353
335546226915564,Generasi Melek Politik,Generasi Melek Politik,3212
39253583478,PDI Perjuangan,PDI Perjuangan,2822
100159712647702,Fakta Anies Baswedan,Gerakan Perubahan,2744
110799152010497,Prabowo Lanjutkan Kepemimpinan,Prabowo Lanjutkan Kepemimpinan,2666
102273039070802,Info Terkini,Info Terkini,2432
678421075696415,Giring Ganesha,Partai Solidaritas Indonesia,1936
104161768809633,Dompet Yatim Dan Dhuafa,Dompet Yatim Dan Dhuafa,1844
109455838815878,Moveprenuere,Moveprenuere,1818
112578298009481,WARTA.In,These ads ran without a disclaimer,1721
102536169294985,Nathabumi,These ads ran without a disclaimer,1700
1547369918837496,Zulkifli Hasan,DPP PAN,1163
105078282583947,Rumah Kita Korsel,Ganjar Nusantara Indonesia,930
108346091544917,Katalis IA,IA-CEPA ECP Katalis,836
1566811330067048,Gesuri,Gesuri,801
109943778543885,Mixi Power,These ads ran without a disclaimer,783
193237974052689,Partai Keadilan Sejahtera,Partai Keadilan Sejahtera,707
102981496004696,Sedulur Nafa Urbach,Sedulur Nafa Urbach,667
109083348423534,Untuk Rakyat,Untuk Rakyat,661
306213619526427,Jusuf Kalla Fans Club,Jusuf Kalla Fans Club,659
313294645980048,QNC JELLY GAMAT EMAS,These ads ran without a disclaimer,608
302347240546697,AR Visual Project,AR Visual Project,591
103581752405141,Sobar Harahap,Sobar Harahap,589
108156498584853,Tetap Puan,Marabunta Family Cyber,557
116715223517954,YouSee Indonesia,YouSee Indonesia,520
104843487722931,Portal Islam id,Portal Islam ID,495
100359258525418,Pemulihan Lebih Baik,Pemulihan Lebih Baik,481
107241861191421,Ilmu Tambang,Ilmu Tambang,449
1219046384807694,Bid Humas Polda Papua Barat,These ads ran without a disclaimer,415
101076948451651,Masa Depan Kita,Masa Depan Kita,413
110100218339060,Wahai Ibu Pertiwi,Wahai Ibu Pertiwi,385
112121101796090,Opini 2024,Opini 2024,352
110357942003102,Paul Baja M. Siahaan,These ads ran without a disclaimer,347
102497641558430,Indonesia Tolak HOAX,Indonesia Tolak HOAX,335
104160609212568,Herbert Sihombing,These ads ran without a disclaimer,325
255601878216867,Komisaris Politik,Komisaris Politik,315
108695584343029,Baik Untuk Kita,Baik Untuk Kita,290
108401655217559,Layanan Kemanusiaan DPP  Partai Gerindra,Layanan Kemanusiaan DPP  Partai Gerindra,267
106004407402000,Cakap Politik,Cakap Politik,249
110368964786452,Kemajuan Bersama,Kemajuan Bersama,230
636447110112412,Wilvord Lelon Dolog Sihotang,These ads ran without a disclaimer,198
108571334357297,Melangkah Lebih Baik,Melangkah Lebih Baik,184
100634344801574,Gus Raharjo,These ads ran without a disclaimer,172
105951688326201,Hypeabisid,These ads ran without a disclaimer,128
110294151987732,Head Politika,Head Politika,≤100
116398811357158,reduxfoundation,These ads ran without a disclaimer,≤100
101396235463150,Gunawan Zone,These ads ran without a disclaimer,≤100
102635655320437,Number Match - Logic Puzzle Game,These ads ran without a disclaimer,≤100
1681324032192032,Gleneagles Hospital Penang,These ads ran without a disclaimer,≤100
1503559776534569,Medy M Lensun,These ads ran without a disclaimer,≤100
180520171996876,IslamInSpanish,These ads ran without a disclaimer,≤100
1473321922884514,Chińskie Radio Międzynarodowe,These ads ran without a disclaimer,≤100
108625789179165,Soi Dog Foundation,These ads ran without a disclaimer,≤100
1834313933459789,BBC StoryWorks,These ads ran without a disclaimer,≤100