﻿Page ID,Page name,Disclaimer,Amount spent (USD),Number of ads in Library
378004832575264,PEP Progressive Empowerment Party,Progressively Empowering People,≤100,1
101024445967904,Phillip Alexander,Progressive Empowerment Party,≤100,1
239503953056785,RAMPS Logistics,RAMPS Logistics,≤100,1
276410485748244,Wired868,Wired868,≤100,1
158714780827513,UNFPA,These ads ran without a disclaimer,≤100,1
135073411731685,BBBgamers LiveShow,These ads ran without a disclaimer,≤100,1
102510362488894,Futbolete - Page 3,These ads ran without a disclaimer,≤100,2
114983151609553,Street Insider Daily,These ads ran without a disclaimer,≤100,1
326685867407425,City of Champions Sports,These ads ran without a disclaimer,≤100,1
114276288347550,Street Insider Journal,These ads ran without a disclaimer,≤100,5
100904822517086,Non-trivial,These ads ran without a disclaimer,≤100,2
1642929092406128,Knowable Magazine,These ads ran without a disclaimer,≤100,1
1484566378531473,Yadea,These ads ran without a disclaimer,≤100,1
189570767765273,Alma Edizioni,These ads ran without a disclaimer,≤100,1
203490816328381,UD Almería,These ads ran without a disclaimer,≤100,1
174139447607014,Sport Foy - Magazine,These ads ran without a disclaimer,≤100,1
111679394767549,المشروع القومي لمشتقات البلازما,These ads ran without a disclaimer,≤100,1