﻿Page ID,Page name,Disclaimer,Amount spent (CLP)
112089607203762,Consejo del Salmón,Consejo del Salmón,11211
108523631002340,Loreta Villegas- Consejera Regional Aysen,Maria Loreta Villegas Almonacid,2447
8093963076,Techo - Chile,Pago por TECHO Chile con créditos de anuncios de Facebook,1478
106423590853145,Fundación Ciudadanos en Acción,Fundacion Ciudadanos en accion,753
580663538777736,Consejo Minero,Feedback Comunicaciones,478
105783868682878,Asistencia Tesorería,Asistencia Tesoreria,392
280326368663728,Asociación de Industriales de Iquique,Asociacion de Industriales Iquique,384
78617029137,Greenpeace Chile,Fundación Greenpeace Pacífico Sur,326
221901754840837,Acciona.Chile,ACCIONA Chile,269
643513979193133,Unidos por Beatriz,Neuma,143
1140435596103153,Asociación Chilena de Municipalidades,Asociación Chilena de Municipalidades,101
103055549074988,Eco Aza,These ads ran without a disclaimer,≤100
1436530563295625,El Líbero,Sociedad Periodística El Líbero S.A,≤100
293103284121826,Fundación Para el Progreso,Fundación Para el Progreso,≤100
107072577727194,MSD LatAm,These ads ran without a disclaimer,≤100
198921630648476,Vidrios Lirquen,Vidrios Lirquen,≤100
112863284811655,Partido Alianza Verde Popular,Partido Alianza Verde Popular,≤100
103030962615298,Chile YAAC,Chile YAAC,≤100
1843354599272180,Américo Guajardo Oyarce - Alcalde de Río Claro,Américo Gustavo Guajardo Oyarce,≤100
108557574347706,Fundación Conecta Mayor,Fundación Conecta Mayor,≤100
126170624336,Amnistía Internacional - Chile,Amnistía Internacional Chile,≤100
1643674159197342,Corporación Municipal de Rancagua,Cormun,≤100
101180752297383,Gustavo Benavente Diputado,Gustavo Adolfo Alberto Benavente Vergara,≤100
105216102185508,Cvr_abogados,Cvr_abogados,≤100
104817242476208,Raku Consultores,"Sociedad De Asesorías, Consultorías y Capacitaciones RAKU SpA",≤100
1539380629490140,Pirque Educación y Salud,Corporación de Salud y Educación Pirque,≤100
293103284121826,Fundación Para el Progreso,These ads ran without a disclaimer,≤100
220786761376003,GPS Property,These ads ran without a disclaimer,≤100
113760093656680,Radio comunitaria Diego Portales señal online,These ads ran without a disclaimer,≤100
158951974167913,AFP Capital,These ads ran without a disclaimer,≤100
102368071158002,Solis Latam,These ads ran without a disclaimer,≤100
105560941738247,Movilizando Chilenos,Movilizando Chilenos,≤100
78239901502,Diario Financiero,Grupo DF,≤100
104189318481439,Minería y Futuro,Mineria y Futuro,≤100
165042833621264,Schneider Electric,These ads ran without a disclaimer,≤100
104224427947088,Circula el Plástico,Metrix,≤100