﻿Page ID,Page name,Disclaimer,Amount spent (MYR)
425293244166119,Sehinggit,Sehinggit,≤100
155707591143880,Prof. Dr Zainur Rashid Zainuddin,Yayasan Ikhlas,≤100
693929714007978,Hj Nicholas Sylvester Muhammad Abdullah,Portal Mudah,≤100
102711345930624,Maahad Tahfiz Imam As Syafie Tuaran,Maahad Tahfiz Imam As Syafie Tuaran,≤100
260612367434680,Lidah Hitam,Mohd Rais Bin Omar,≤100
474963719253432,Yayasan Ikhlas,Yayasan Ikhlas,≤100
104503762988176,Hidayah Centre Foundation,Hidayah Centre Foundation,≤100
112512589548367,Bersih dan Stabil : BEST,Bersih dan Stabil : BEST,≤100
101193781637538,sumbangan.com,sumbangan.com,≤100
169284053121990,Pemuda PAS Bangi,Pemuda PAS Bangi,≤100
221159141657466,Newswav,Newswav - Malaysia Latest News,≤100
221434224590749,TV PAS,TV PAS,≤100
122913508099,Parti Gerakan Rakyat Malaysia,PGRM,≤100
490728928001480,ORANGKATA,ORANGKATA,≤100
87363369882,Sinar Harian,Sinar Harian,≤100
104018958423415,Gigi Han 中文,Gigi Han 中文,≤100
1730319457288424,Global Ehsan Relief Malaysia,Global Ehsan Relief Malaysia,≤100
401788663279891,Yayasan Sofa Negeri Sembilan,Yayasan Sofa,≤100
108562495293165,Energy Asia,Energy Asia,≤100
27588322041,BFM Radio - The Business Station,BFM Radio - The Business Station,≤100
217391881631388,SAYS,SAYS,≤100
517210464961612,刘华才博士,PGRM,≤100
337799410032578,Zahir Hassan,Mundzir Bin Zahir,≤100
1585846288355825,Tan Chuan Hong 陈诠峰,Tan Chuan Hong 陈诠峰,≤100
159556865294,Nik Nazmi,Nik Nazmi,≤100
223180581163143,Jagdeep Singh Deo 'Serving the People',Usha A/p Balakrishnan,≤100
109862381904645,阿聪吹水堂 Ah Chung Talkshow,阿聪吹水堂 Ah Chung Talkshow,≤100
100345532977273,Tiada Janji Lihat Bukti,Tiada Janji Lihat Bukti,≤100
159394141451669,PJ Startup Festival,Lim Yi Wei,≤100
104397765335164,sewamotornusapenida_,These ads ran without a disclaimer,≤100
528262633921715,Pemuda PAS Shah Alam,Pemuda PAS Shah Alam,≤100
358755581658775,Benny Kuok 郭嘉荣 - 易经导师,Chan Weng Kuok,≤100
107382207626058,R.Yuneswaran,Yuneswaran A/L Ramaraj,≤100
138361272876308,马华公会,马华公会,≤100
110501320799684,alysha_n_malhotra,These ads ran without a disclaimer,≤100
1520679808236240,Reid Bikes,These ads ran without a disclaimer,≤100
106256777922958,SEA Today News,These ads ran without a disclaimer,≤100
113591168339819,Lucinda Galaxy Media Online,These ads ran without a disclaimer,≤100
127831886126123,Africa Health ExCon,These ads ran without a disclaimer,≤100