﻿Page ID,Page name,Disclaimer,Amount spent (USD)
381497365537157,R.C.D مركز الرافدين للحوار,مركز الرافدين للحوار R.C.D,≤100
115373991478024,هادي العامري - المكتب الإعلامي,حسين علي حميد,≤100
101964988731653,محسن المندلاوي,محسن المندلاوي,≤100
1066183836729650,محمد توفيق علاوي,Mohammed Allawi,≤100
116831387964200,ديالى ميتر,ديالى ميتر,≤100
101643555790443,همام علي مهدي  التميمي,حسن علي بكي,≤100
102687942750312,Wagon,Wagon,≤100
399110903587431,دژه تیرۆری کوردستان Kurdistan CT,ASO,≤100
100662932593098,الوسط 24,الوسط 24,≤100
112048801639488,Zoom News,Zoom News,≤100
111210651440535,قناة وطن W.TV,حسنين محمد,≤100
107041055032949,أحمد ابو تراب,أحمد ابو تراب,≤100
1423684604555182,ر.المهندسين فاطمة حسن الخفاجي مديرة بلدية المحمودية,عمار احمد علي,≤100
107713992218075,الشرق العراقي,الشرق العراقي,≤100
104043631791120,النائب الحقوقي علي حاتم المكصوصي,النائب الحقوقي علي حاتم المكصوصي,≤100
132126192341800,أنا البرلمان,أنا البرلمان,≤100
381026846058940,هيبت الحلبوسي,هيبت الحلبوسي,≤100
102796834888985,محمد هيبت الحلبوسي,محمد هيبت الحلبوسي,≤100
102482024863105,من الانبار,احمد جمال,≤100
467222586811080,شێخەی مەمەند ئاغای ھەمەوەند,شێخەی مەمەند ئاغای ھەمەوەند,≤100
138909281660772,وكالة الارصاد ألاخبارية News,وكالة الارصاد ألاخبارية News,≤100
104217705503499,وكالة الانباء العراقية - واع,وكالة الانباء العراقية - واع,≤100
1272142976242590,وكالة بغداد اليوم الاخبارية,وكالة بغداد اليوم الاخبارية,≤100
110735054899289,Lapere,Lapere,≤100
119288358266240,Sebar Media,Sebar Media,≤100
105660452171210,مؤسسة خطى لرعاية رواد الصحافة والفن,مؤسسة خطى لرعاية رواد الصحافة والفن,≤100
104886081432069,حركة البشائر الشبابية,حركة البشائر الشبابية,≤100
109036331812035,المنصور بودكاست,Alaulddin Al-bayyeni,≤100
107461271287114,ملتقى البشائر,ملتقى البشائر,≤100
626596557359682,حركة الصادقون,علي الربيعي,≤100
407001929890342,الاعلامي بهاء المستشار,الاعلامي بهاء المستشار,≤100
1159516580738783,مديرية بلدية الكرمة,مديرية بلدية الكرمة,≤100
109447781346241,النائب ياسر المالكي,النائب ياسر المالكي,≤100
382364165660465,عادل فرج الحلبوسي,عادل فرج الحلبوسي,≤100
111278801879417,النائب والناس,النائب والناس,≤100
102682039247529,الیقین,barqnews,≤100
108314488369210,Dr. Muhannad Al-khazraji / د.مهند الـخزرجي,Ahmed Alzobidy,≤100
108208211346225,ڕێچکە - Rechka,ڕێچکە - Rechka,≤100
1896472183717412,Zagros عربية,zagrosnews,≤100
101225028723669,AsAn  ئاسان,AsAn  ئاسان,≤100
503530246416243,النائب احمد المشهداني  Ahmed Al-Mashhadani,Mustafa Al-mashhadani,≤100
122976602433408,ليث الدليمي - Layth Aldulaimi,ليث الدليمي - Layth Aldulaimi,≤100
101571125414094,محبي الاستاذ هيبت الحلبوسي,محبي الاستاذ هيبت الحلبوسي,≤100
157533901579726,راكان سعيد الجبوري,أبرأهيم سعيد,≤100
418944648163190,باقر جبر الزبيدي,حيدر العامري,≤100
108465442152314,عاهد محمود,عاهد محمود,≤100
105349854354740,موسوعة الرافدين الإخبارية,موسوعة الرافدين الإخبارية,≤100
103079074842359,مع المالكي,مع المالكي,≤100
754878457919560,النائب عادل خميس المحلاوي,مصطفى ريكان عجيل,≤100
106423311722748,چالح محمد العراقي,حسن الجنابي,≤100
105697295699748,واحد رئاسة,واحد رئاسة,≤100
563523023665939,KurdistanPress,kurdistanpress.net,≤100
102972181270368,رئيس مسلفن,رئيس مسلفن,≤100
1710947889173929,محمد جميل المياحي,محمد جميل المياحي,≤100
104087085980868,بتوقيت كركوك,Wahab Mohammed Ghazi,≤100
109531878761962,ترند كركوك,Wahab Mohammed Ghazi,≤100
536916006441728,النائبة ناهدة الدايني,Ahmed Saleh Hameed,≤100
102213691670920,إقتصاديون,عدي صادق العلوي,≤100
112675444991226,وزير الفقراء,جميل خاتي محمد,≤100
100210256052830,Observer Iraq عراق اوبزيرفر,Observer Iraq عراق اوبزيرفر,≤100
109246614711807,اوتار نيوز,شبكة أوتار,≤100
110534435683482,Kurdistan Democratic Party,KDPinfo,≤100
335087470495241,Bra Gawra برا گەورە,Diyar Hamad,≤100
106053335295019,AYM - ايم,AYM,≤100
100948124964887,Fahmi Burhan  فەهمی بورهان,Fahmi Burhan Omer,≤100
176907776367332,شنو الأخبار؟,شنو الأخبار؟,≤100
126235303730857,خان خورما,Wahab Mohammed Ghazi,≤100
102293958597480,حركة إنجاز,حيدر العامري,≤100
118150584539233,حركة النخبة الشبابية,سعد علي دامج العويلي,≤100
267078350122003,الدكتور ماجد شنكالي,الدكتور ماجد شنكالي,≤100
101859606204759,وزير دولة خدمات,Wahab Mohammed Ghazi,≤100
1298625980153968,Tech 4 Peace التقنية من اجل السلام,Tech For Peace,≤100
100808482283903,النائب داود العيدان,النائب داود العيدان,≤100
100189255136315,المكتب الاعلامي للاستاذ هيبت الحلبوسي,المكتب الاعلامي للاستاذ هيبت الحلبوسي,≤100
114491311536369,Mil-ميل,Mil-ميل,≤100
347831905702473,النائب علي سعدون اللامي,محمد كاظم جواد,≤100
871659792906041,الحضارات,الحضارات,≤100
100541436251475,قەڵاى هەمەوەند بۆ هەموان,قەڵاى هەمەوەند بۆ هەموان,≤100
124905207196086,بتوقيت العاصمة,Wahab Mohammed Ghazi,≤100
101121842577001,سيد علي,jib.org,≤100
276686282715100,وزارة العدل العراقية,Wahab Mohammed,≤100
115033719858579,مشتەکۆڵە,mshtakolla,≤100
109499431675573,Media 24,Media 24,≤100
111763060956749,قلم دولة القانون,قلم دولة القانون,≤100
100642098847777,Shwan Kalary شوان کەلاری,Shwan Kalary شوان کەلاری,≤100
100383941466678,مكتب الوكيل الاقدم لوزارة الداخلية,مكتب الوكيل الاقدم لوزارة الداخلية,≤100
100333398208632,ابن الفرات ودجلة,ابن الفرات ودجلة,≤100
486820705424112,سيروان روژبیاني Sirwan  Rozhbayani,سيروان روژبیاني Sirwan  Rozhbayani,≤100
1443328405952358,Hogr mohamad,These ads ran without a disclaimer,≤100
103394661564021,الوطن محتاجك,الوطن محتاجك,≤100
143435839066780,د.خالد شواني,Dashti Salam Saeed,≤100
102183228446985,البيت العراقي,Haider Alzubaidi,≤100
492511684171110,الغد برس,الغد,≤100
424733244779035,KURD,Man Sour,≤100
101854085910050,مكتبة فكر القانونية,These ads ran without a disclaimer,≤100
101638199426926,ثابت محمد العباسي,علي صفاء,≤100
103721784528052,رجل الصولات,رجل الصولات,≤100
175590267993,Al Majalla,These ads ran without a disclaimer,≤100
888362628037273,Rahi Rahber Said Braim,Rahi Rahber Said Braim,≤100
106731608777296,DGK RADIO,DGK,≤100
415565805306148,كوردستان نیوز Kurdistan News,دلیر خليل اسماعيل,≤100
754898164888670,الحملة الوطنية لتعديل المادة ٥٧ احكام الحضانة,الحملة الوطنية لتعديل المادة ٥٧ احكام الحضانة,≤100
104996658111073,المطلع,المطلع,≤100
554227555103449,Ameer Ali,These ads ran without a disclaimer,≤100
2200025410238656,مركز نداء الرافدين للبحوث والدراسات الإستراتيجية,مركز نداء الرافدين للبحوث والدراسات الإستراتيجية,≤100
544132379058771,مؤسسة المدى,مؤسسة المدى,≤100
112733697110756,قلب بغداد,قلب بغداد,≤100
149721045092577,KirkukNow,KirkukNow Media Outlet,≤100
158472134326499,علي ثامر السرهيد,علي ثامر السرهيد,≤100
109718124824252,بەڵگە نیوز,بەڵگە نیوز,≤100
1429071667366733,Iraqi Observatory for Human Rights - المرصد العراقي لحقوق الإنسان,Iraqi Observatory for Human Rights - المرصد العراقي لحقوق الإنسان,≤100
110035949016294,Masrour Barzani,ASO,≤100
105697295699748,واحد رئاسة,These ads ran without a disclaimer,≤100
104423394462767,Kobas کۆباس,Kobas.krd,≤100
108646317163010,Dr.Hawsar Muhammed : دکتۆر هاوسەر محمد,Assos Zand,≤100
164979344314092,الدكتور وادي ستار مهدي العامري,These ads ran without a disclaimer,≤100
103560309271906,کتلة الحزب الديمقراطي الكوردستاني في مجلس النواب العراقي,کتلة الحزب الديمقراطي الكوردستاني في مجلس النواب العراقي,≤100
101955846205357,SHARO TECH,Sharo Muhammad,≤100
203265660007239,الزعيم,الزعيم,≤100
122257339172377,حزب تقدم,حزب تقدم,≤100
1672946869643307,مثنى علي مهدي التميمي,Yasir Badr,≤100
2003953506544982,ائتلاف النصر,Ahmed Abdulkareem Shihab Alwandi,≤100
1674452819275320,دکتور مجيد حمدامين,Mohammed Majeed,≤100
124368601003449,مجلة الحان,شبكة اوتار,≤100
521549361605835,الانبار - Al Anbar,الانبار - Al Anbar,≤100
107645346248566,المحامي مثنى حميد حويطي,These ads ran without a disclaimer,≤100
1447878605441640,وزارة الدفاع العراقية,علي صفاء,≤100
102948571453586,الانبار خيمتنا,jibalco,≤100
110855024479814,حسن الخفاجي,احمد غازي سالم,≤100
1145999105540426,عوسمان كاروانى,Akam Ibrahim Rahim Rahim,≤100
355786234434317,Pshtiwan Sadq,Shwan Azeez Ismail,≤100