﻿Page ID,Page name,Disclaimer,Amount spent (BAM),Number of ads in Library
113041725065224,Pravna sigurnost je zakon / Правна сигурност је закон,OHR,≤100,5
1922268018023038,Raskrinkavanje,UG Zašto ne,≤100,19
111544041335161,Antikorupcija info,Antikorupcija.info,≤100,12
482158128556799,Žurnal magazin,Centar za razvoj medija i analize,≤100,7
130143957050435,Autoceste FBiH,Autoceste FBiH,≤100,2
197596636939679,tacno.net,Tacno.net,≤100,4
101520789449070,Zaštitimo izvore Mandeka,Zaštitimo izvore Mandeka,≤100,1
109652028193268,Revizije info,Revizije info,≤100,5
2401351939921390,Raport.ba,Raport Media Group,≤100,1
1533737623509285,SNSD Banja Luka - СНСД Бања Лука,SNSD - Gradski odbor Banja Luka,≤100,1
147315858633088,Istinomjer,Istinomjer,≤100,9
1473660889517303,Irfan Čengić,Irfan Čengić,≤100,1
1494057107558990,Javna rasprava,Javna rasprava,≤100,7
294088307352,Direkt Portal,"Udruženje građana ""Druga priča"" - Direkt portal",≤100,4
143699145672946,Centri civilnih inicijativa (CCI),Centri civilnih inicijativa,≤100,3
709560912457316,Analiziraj.ba,Udruženje Centar za analizu medija i politike,≤100,2
104992122558073,Valter.Portal,Valter.Portal,≤100,1
106759774541544,PratimoTendere.ba,Centar za razvoj medija i analize,≤100,2
1570886583203959,Poslovni portal Capital.ba,Capital Media,≤100,2
109774791831087,Славенко Ристић - лидер Републичке странке Српске,Славенко Ристић - лидер Републичке странке Српске,≤100,1
105412905161989,Огњен Бодирога,Огњен Бодирога,≤100,1
111544041335161,Antikorupcija info,Antikorupcija info,≤100,1
417853371621843,Mirnes Ajanović,Mirnes Ajanović,≤100,1
222968021092962,RTV Slon - Tuzla,RTV SLON,≤100,1
102592852489883,Res Publica,These ads ran without a disclaimer,≤100,1
585772551567679,Perspektiva,Perspektiva,≤100,1
1407894932868655,Omladinski Pokret Revolt,Omladinski pokret Revolt,≤100,1
85069283164,Admir Čavalić,Admir Čavalić,≤100,1
108625789179165,Soi Dog Foundation,These ads ran without a disclaimer,≤100,1
207268042645317,Macquarie Group,These ads ran without a disclaimer,≤100,1
267353906619818,Mr. Gugu & Miss Go,These ads ran without a disclaimer,≤100,1
101035272554145,Interesting novel,These ads ran without a disclaimer,≤100,1
105494315161744,talkdiplomacy,These ads ran without a disclaimer,≤100,1
326185650853734,Zukan Helez,OO SDP BiH Bugojno,≤100,2
1399750283620746,Hidden City,These ads ran without a disclaimer,≤100,1