﻿Page ID,Page name,Disclaimer,Amount spent (USD)
1105365056168613,AbzasMedia,AbzasMedia,≤100
459298240774359,ModeratorAz,ModeratorAz,≤100
1431548557163783,Caliber News,Caliber LLC,≤100
101289938053927,Elnur Allahverdiyev,Elnur Allahverdiyev,≤100
101605572118417,Qarabağ Dirçəliş Fondu,Qarabağ Dirçəliş Fondu,≤100
1683459665128094,Minval.az,Minval.az MMC,≤100
108272475270673,Göygöl Rayon İcra Hakimiyyəti,Göygöl Rayon İcra Hakimiyyəti,≤100
806234346120161,Toplum TV,Toplum tv,≤100
102283022871228,Jeferala,These ads ran without a disclaimer,≤100
106366562460886,Seymur Ehmedzade,These ads ran without a disclaimer,≤100
1564050067038839,REAL TV,These ads ran without a disclaimer,≤100
108790850598992,Akif Gurbanov,Akif Gurbanov,≤100