﻿Page ID,Page name,Disclaimer,Amount spent (EGP)
550280998481446,Rasha Kelej,Rasha Kelej,225
308088503057656,النائب محمود عصام,النائب محمود عصام,204
597990847030734,Narrative Summit,Nourhan Osama,154
248039088890000,General Authority for Investment and Free Zones,General Authority for Investment and Free Zones,112
798673866859390,ETC TV,ETC TV,≤100
100835565731657,Ahmed Amin Massoud - أحمد أمين مسعود,Ahmed Amin Massoud - أحمد أمين مسعود,≤100
103204975886755,البديوي السيد - الصفحة الرسمية,Mohamed Elbedewy,≤100
100857675472522,ScreeN+,Mahmoud Elfeky,≤100
111086937788265,موقع تحيا مصر - Tahiamasr News,Mariam Ahmed Hamouda,≤100
105096455624550,Tamer abdelhamid - تامر عبد الحميد,Tamer abdelhamid - تامر عبد الحميد,≤100
192320965049184,الإعلامية نيفين منصور,Nivine Mansour,≤100
354968941204659,الدكتور أيمن أبو العلا عضو مجلس النواب,الدكتور أيمن أبو العلا عضو مجلس النواب,≤100
103745798627292,المستشار ماهر ميلاد اسكندر,المستشار ماهر ميلاد اسكندر,≤100
109705151894802,مؤسسة خير يبقى,مؤسسة خير يبقى,≤100
104864037834748,المستشار شعبان رأفت عبداللطيف,Mohamed Helmy,≤100
110877857406073,المهندس حسام لبن,المهندس حسام لبن,≤100
102883459081121,Mohamed Taher - محمد طاهر,Mohamed Taher - محمد طاهر,≤100
101586878327765,Hassanein Tawfiq - حسانين توفيق,Hassanein Tawfiq - حسانين توفيق,≤100
106450555171099,مجدي البري - Magdy Elbery,مجدي البري - Magdy Elbery,≤100
282759032673313,مهندس محمد سعد الصمودي,محمد سعد الصمودي,≤100
118992379972310,Fatmah Selim - فاطمة سليم,Fatmah Selim - فاطمة سليم,≤100
103291013528894,Dr.Mokhtar Gomaa,Ahmed Zaatar,≤100
692939830826213,Mohamed Badran  محمد بدران,Mohamed Badran  محمد بدران,≤100
380937009024559,Kashqol كشكول التعليمى,Kareem Ahmed Abdul Ghani,≤100
535371883202755,Freddy Elbaiady  صفحة فريدي البياضي,Freddy Elbaiady  صفحة فريدي البياضي,≤100
108927510969680,الصفحة الرسمية للنائبة د. صبورة السيد,Mariam Ahmed Hamouda,≤100
100636922774319,Memory & Knowledge For Studies - الذاكرة والمعرفة للدراسات,Memory & Knowledge For Studies - الذاكرة والمعرفة للدراسات,≤100
103086629281243,محمد الشنراوي,Mariam Ahmed Hamouda,≤100
282421105588262,Alraees News- الرئيس نيوز,Kareem Ahmed Abdul Ghani,≤100
103571604973098,هشام حسين - Hesham Hussein,حسين السيد,≤100
595025640685644,النائبة شيرين عبد العزيز - Sherin abdelaziz,النائبة شيرين عبد العزيز - Sherin abdelaziz,≤100
103077549302691,مختار سقاو,These ads ran without a disclaimer,≤100
105322721599496,الدكتور محمد زكي الوحش,الدكتور محمد زكي الوحش,≤100
532134937722830,النائبة أميرة بهاء الدين أبو شقة,Gehad Ali,≤100
108210648333964,محمود طاهر -Mahmoud Taher,محمود طاهر -Mahmoud Taher,≤100
1950076708632822,Osama el shahed - أسامة الشاهد,Osama el shahed - أسامة الشاهد,≤100
1992304164144933,Weekend egypt,These ads ran without a disclaimer,≤100
293727264702879,ندا زيدان - Nada Zedan,These ads ran without a disclaimer,≤100
836115416509704,محمد احمد الكومي Mohamed Ahmed Elkomey,Mohamed Ahmed Elkomey,≤100
34440108608,Net Impact,These ads ran without a disclaimer,≤100
1587103198245131,Zikoko,These ads ran without a disclaimer,≤100
1556481434584901,Paul Xavier,These ads ran without a disclaimer,≤100