﻿Page ID,Page name,Disclaimer,Amount spent (VND)
105510788949153,Đầu Tư Tài Chính Mới 5.0,These ads ran without a disclaimer,16430
104206445765983,Phố Tài Chính,These ads ran without a disclaimer,2583
1507429892822619,BOM Money,BOM Money,1483
102072649355268,Nguyễn Lê,These ads ran without a disclaimer,1355
102207702265154,Shop quần áo bộ đội việt nam,These ads ran without a disclaimer,1270
280124715749325,Sự Thật Về Pháp Luân Công,Sự Thật Về Pháp Luân Công,1237
919479674872321,Báo Nghệ An,Báo Nghệ An,559
103403077832667,Hóng Express,Hóng Express,301
100190251454228,Bình Bán Book,These ads ran without a disclaimer,149
110207030499510,𝙉𝙝𝙖𝙘 𝙣𝙖𝙮 𝙘𝙝𝙞𝙡𝙡 𝙥𝙝𝙚𝙩,These ads ran without a disclaimer,≤100
101749628198714,Promova,These ads ran without a disclaimer,≤100