﻿Page ID,Page name,Disclaimer,Amount spent (USD),Number of ads in Library
104081694467489,ريان الكلداني Rian Chaldean,ريان الكلداني Rian Chaldean,112,9
110855024479814,حسن قاسم الخفاجي,حسن قاسم الخفاجي,≤100,3
115201561476661,کۆد میدیا,کۆد میدیا,≤100,4
399110903587431,دژه تیرۆری کوردستان Kurdistan CT,ASO,≤100,2
1066183836729650,محمد توفيق علاوي,Mohammed Allawi,≤100,1
108448645342531,BAZ PLUS,BAZ PLUS,≤100,17
101832562588339,ويكليكس صلاح الدين,ويكليكس صلاح الدين,≤100,4
115373991478024,هادي العامري - المكتب الإعلامي,هادي العامري - المكتب الإعلامي,≤100,1
668246513252365,المهندس نصيف جاسم الخطابي محافظ كربلاء المقدسة,المهندس نصيف جاسم الخطابي محافظ كربلاء المقدسة,≤100,13
132126192341800,أنا البرلمان,Rewaq Baghdad Center For Public Policy,≤100,1
170375086953470,صالح الحسناويّ :: Salih Al hasnawi,صالح الحسناويّ :: Salih Al hasnawi,≤100,1
106975121791878,اسود ابيض,عثمان حسن,≤100,1
130783806990987,"Hakim Qadir ,  حاکم قادر",Bestun Hama Ahmed,≤100,1
104886081432069,حركة البشائر الشبابية,حركة البشائر الشبابية,≤100,2
101957286018717,ضاربين news,jiball,≤100,1
104591472533211,الحكومه الاصيله,الحكومه الاصيله,≤100,3
871659792906041,الحضارات,الحضارات,≤100,2
159370874867950,محمود حسين القيسي,Mahmood Mutlag,≤100,3
101834821974169,Salar Sarhad Khalifa  سالار لالە سەرحەد,Salar Sarhad Khalifa  سالار لالە سەرحەد,≤100,3
102708061990212,تقدم,تقدم,≤100,2
102208414468987,فالح الخزعلي,فالح الخزعلي,≤100,2
100718729559772,مەکتەبی ڕێکخستنی پارێزگای سلێمانی ـ هەلەبجە ـ ڕاپەرین پ.د.ک,Rawand Mziri,≤100,6
1989452011070870,مەلیک,Mic,≤100,1
109472347986635,مديحة حسن الموسوي,مديحة حسن الموسوي,≤100,5
149721045092577,KirkukNow,KirkukNow Media Outlet,≤100,1
111763060956749,قلم دولة القانون,قلم دولة القانون,≤100,2
112048801639488,Zoom News,Zoom News,≤100,6
166029613463380,ROJ GULL,NGM,≤100,1
100777926142279,عمار موسى كاظم,عمار موسى كاظم,≤100,1
1335631479841334,Zhyan Media,Zhyan Media,≤100,5
335161733930749,محافظة المثنى,Salim Challab Hwaidi,≤100,3
580593188967461,حراك الجيل الجديد,NGM,≤100,1
103278777753916,الشفافية-Transparency,These ads ran without a disclaimer,≤100,2
135202556677269,Rabun Maroof رابون مەعروف,Rabun Maroof,≤100,2
109900771923337,المهندس عباس جبر العلي المالكي,Zaid Hussein,≤100,13
102078354599744,محبي المهندس عمار موسى كاظم,محبي المهندس عمار موسى كاظم,≤100,3
112206986837937,داركا مازى - كوردى,Darka Mazi,≤100,6
503530246416243,النائب احمد المشهداني  Ahmed Al-Mashhadani,Mustafa Al-mashhadani,≤100,2
102660132559740,Ararat News - Sorani,Ararat News - Sorani,≤100,3
1672946869643307,مثنى علي مهدي التميمي,مصطفى حميد,≤100,1
194778987219047,BasNews,BasNews Agency,≤100,2
107350600709380,ابطال المطعم التركي,ابطال المطعم التركي,≤100,3
152131781906555,وزارة النفط العراقية,وزارة النفط العراقية,≤100,2
104043631791120,النائب الحقوقي علي حاتم المكصوصي,النائب الحقوقي علي حاتم المكصوصي,≤100,5
570578883145171,پەرەگراف Peregraf,PEREGRAF WEBSITE,≤100,3
115729554858734,بشار عامج المحمدي,علي الغراوي,≤100,2
118147190026744,دەنگێ بەھدینان Dengê Behdinan,dengebehdinan.net,≤100,9
104005041772849,DAW- داو,DAW- داو,≤100,4
116970674706400,احمد حاتم - Ahmed Hatem,Ahmed Al-bayati,≤100,2
110666778648167,دولة تقدم,jiballco,≤100,4
234315270085663,Yerdili - يردلي,JIBALL,≤100,3
101536501602885,مەكتەبی كاروباری كۆمەڵایەتی و پێكهاتەكان,مەكتەبی كاروباری كۆمەڵایەتی و پێكهاتەكان,≤100,1
635049550029076,Nabaz hariri,Rawand Mziri,≤100,5
102687942750312,Wagon,Wagon,≤100,1
115033719858579,مشتەکۆڵە,mshtakolla,≤100,2
108153498939891,Mohammed Abdulhammed,Mohammed Abdulhammed,≤100,1
558014920898846,Erşat Salihi-ارشد الصالحي,Erşat Salihi-ارشد الصالحي,≤100,2
104712351082170,دەستەی گشتی ناوچە کوردستانییەکانی دەرەوەی ئیدارەی هەرێم,دەستەی گشتی ناوچە کوردستانییەکانی دەرەوەی ئیدارەی هەرێم,≤100,3
252998838135663,جمعية التعاون الخيرية Altaawn Charity Socety,جمعية التعاون الخيرية Altaawn Charity Socety,≤100,1
754878457919560,النائب عادل خميس المحلاوي,مصطفى ريكان عجيل,≤100,1
1361588403951717,Dosti Ahmed Musa,Dosti Ahmed Musa,≤100,1
105349854354740,موسوعة الرافدين الإخبارية,موسوعة الرافدين الإخبارية,≤100,1
711506772983323,Raz Press,Raz Press,≤100,5
390577224661893,النائب علي جاسم الحميداوي,النائب علي جاسم الحميداوي,≤100,2
100514884851258,عاجل فقط,عاجل فقط,≤100,1
133439963658698,U.S. Consulate General Erbil,U.S. Consulate General Erbil,≤100,3
100383941466678,مكتب الوكيل الاقدم لوزارة الداخلية,Hassan Basim Mohammed,≤100,1
117411464290585,Nabaz Abdulhamid,Nabaz Abdulhamid,≤100,2
113572453532430,عواجل عراقية,عواجل عراقية,≤100,1
110514884994410,الواجهة +,الواجهة +,≤100,1
753187288116117,Burhan Saeed Sofi - برهان سەعید صۆفی,Lhon F. Mohammed,≤100,2
1816623088651940,مشرق الفريجي,مشرق الفريجي,≤100,2
355786234434317,Pshtiwan Sadq,Shwan Azeez Ismail,≤100,6
238567589508195,ڕادیۆ و تەلەفزیۆنی سلێمانی,Mariwan Ali,≤100,9
407001929890342,الاعلامي بهاء المستشار,الاعلامي بهاء المستشار,≤100,3
107794285545259,عاصمة الشمال,عاصمة الشمال,≤100,2
101088546158554,پوک میدیا,PUKMEDIA Official,≤100,1
102153412508246,الفاحص العراقي,jibal,≤100,2
623034434825966,کار و چالاکیەکانی بەڕێز حاکم قادر حەمەجان,کار و چالاکیەکانی بەڕێز حاکم قادر حەمەجان,≤100,1
105660452171210,مؤسسة خطى لرعاية رواد الصحافة والفن,مؤسسة خطى لرعاية رواد الصحافة والفن,≤100,1
325512501535779,İmdat S. Bilal - هيمداد صباح بلال,İmdat S. Bilal - هيمداد صباح بلال,≤100,1
149007500632371,النائب اسامة كريم البدري,منتظر علاء مظلوم الربيعي,≤100,3
224633614313076,لقی دووی پارتی دیموکراتی کوردستان,لقی دووی پارتی دیموکراتی کوردستان,≤100,2
116867571417869,الصفحة الرسمية لوزارة الزراعة العراقية,Zaid Hussein,≤100,6
101334179016060,اخبار العراق,علي خضير عباس,≤100,2
113813758369971,العراق الأجمل,Mohammed Rayshan,≤100,1
104114729018274,ديوان قبيلة الهموند في كركوك,ديوان قبيلة الهموند في كركوك,≤100,1
107847177821253,NOW الشرق,These ads ran without a disclaimer,≤100,1
563523023665939,KurdistanPress,kurdistanpress.net,≤100,2
111160249521733,Rebaz Hamlan,Rebaz Khasraw Ali,≤100,1
566746627154981,فاضل جابر,فاضل جابر,≤100,1
1938942153041498,Saeed Salim Pshdari / سەعید سەلیم پشدەری,Saeed Salim Pshdari / سەعید سەلیم پشدەری,≤100,1
101561802405974,الصندوق اسود,الصندوق اسود,≤100,1
107127051647626,سياسة عمبة,jibal,≤100,1
104898988459559,الرابعة نت,jiball,≤100,1
109447781346241,النائب ياسر المالكي,النائب ياسر المالكي,≤100,1
109425338712897,مملكة نينوى,مملكة نينوى,≤100,2
106882150782236,CTG Kurdistan,CTG Kurdistan,≤100,1
108314488369210,Dr. Muhannad Al-khazraji / د.مهند الـخزرجي,علي جبار عذاب,≤100,1
113328637052240,زەرگەتە,Razhan Rasool,≤100,1
103897361202668,فخر الغربية,TQ Media,≤100,1
109661825323206,الشيخ مريوان الهموندي,محمد طه محمد,≤100,1
109621884991814,فرقة الإمام علي عليه السلام الموقع الرسمي,These ads ran without a disclaimer,≤100,1
1650607098561130,Hawler Newspaper ڕۆژنامەی هەولێر,Rawa Majeed,≤100,1
1534502189991202,النائب طه المجمعي,Yaseen. T. Yaseen,≤100,1
105299271778182,النائب الحقوقي طالب اليساري,Zakariya Wahhab,≤100,1
373613793244709,سجاد الشاعر Sajad alshaeir,عثمان شمران,≤100,1
267078350122003,الدكتور ماجد شنكالي,الدكتور ماجد شنكالي,≤100,2
110035949016294,Masrour Barzani,ASO,≤100,1
112675444991226,وزير الفقراء,عثمان شمران,≤100,1
105835761935325,حسين العوادي,حسين العوادي,≤100,1
351254578280075,Mardin Gökkaya ماردين كوك قايا,Ali Tahseen Abdulrahman,≤100,1
557309198007698,قناة هنا ديالى الفضائية,مصطفى حميد,≤100,1
418944648163190,باقر جبر الزبيدي,باقر جبر الزبيدي,≤100,2
1971961376379162,Krmanj Abdulla - كرمانج عه بدوڵڵا,Krmanj Abdulla,≤100,1
106300961651448,القصر الجمهوري,jiball,≤100,1
101643555790443,همام علي مهدي  التميمي,حسن علي بكي,≤100,1
105797815161763,البروفيسور الدكتور حيدر محمد كاظم المطيري,البروفيسور الدكتور حيدر محمد كاظم المطيري,≤100,2
102293958597480,حركة إنجاز,حركة إنجاز,≤100,2
109531878761962,ترند كركوك,Wahab Mohammed Ghazi,≤100,1
107128119006927,مشروع حكومة,Wahab Mohammed Ghazi,≤100,1
544132379058771,مؤسسة المدى,مؤسسة المدى,≤100,1
433892446759294,أمانة بغداد,أمانة بغداد,≤100,3
101859606204759,وزير دولة خدمات,Wahab Mohammed Ghazi,≤100,1
104087085980868,بتوقيت كركوك,Wahab Mohammed Ghazi,≤100,1
473313836373293,هێما,These ads ran without a disclaimer,≤100,1
101225028723669,AsAn  ئاسان,AsAn  ئاسان,≤100,7
126235303730857,خان خورما,Wahab Mohammed Ghazi,≤100,1
106668848548435,Wazera Ahmad,نەوەی نوی,≤100,1
493150291125208,Bzhi Rozh,Bzhi Rozh,≤100,1
124905207196086,بتوقيت العاصمة,Wahab Mohammed Ghazi,≤100,1
311311496161529,بۆردی پەیوەندیيەكانی دەرەوە - یەكێتیی نیشتمانیی كوردستان,بۆردی پەیوەندیيەكانی دەرەوە - یەكێتیی نیشتمانیی كوردستان,≤100,1
437591407047522,Rewaq Baghdad Center For Public Policy- مركز رواق بغداد للسياسات العامة,Rewaq Baghdad Center For Public Policy,≤100,1
276686282715100,وزارة العدل العراقية,Wahab Mohammed,≤100,2
106273938637262,Draw  درەو,Draw  درەو,≤100,2
104105388781298,7ROJ,7Roj Media,≤100,2
348309966274624,براء النمر,براء النمر,≤100,1
104587435499434,Qaemqameati Qazay Dukan قائیمقامیەتی قەزای دوکان,Qaemqameati Qazay Dukan قائیمقامیەتی قەزای دوکان,≤100,1
100943792655877,Dr. Aram Najmadeen Bradosty,Aram N. Bradosty,≤100,1
638540889641531,Xwakurk  - خواكورك,Xwakurk  - خواكورك,≤100,1
108605772196929,دولة القانون_ بشائر ميسان,دولة القانون_ بشائر ميسان,≤100,1
2200025410238656,مركز نداء الرافدين للبحوث والدراسات الإستراتيجية,مركز نداء الرافدين للبحوث والدراسات الإستراتيجية,≤100,2
100344203046246,دعم .حسين العوادي,Mustafa Najm,≤100,1
186155201748058,الهيئة العليا للحج والعمرة,الهيئة العليا للحج والعمرة,≤100,1
100948124964887,Fahmi Burhan  فەهمی بورهان,Fahmi Burhan Omer,≤100,2
147161912626120,شـيروان الدوبـرداني,شـيروان الدوبـرداني,≤100,1
108208211346225,ڕێچکە - Rechka,ڕێچکە - Rechka,≤100,6
957463584360619,BMC TV,BMC TV,≤100,1
100927182865150,حكومة الخدمة,حكومة الخدمة,≤100,1
101741622757697,Chaw+,Chaw+,≤100,2
486820705424112,سيروان روژبیاني Sirwan  Rozhbayani,سيروان روژبیاني Sirwan  Rozhbayani,≤100,1
103689842679535,واحد عمل,واحد عمل,≤100,1
927958880553492,ئاژانس میدیا,ئاژانس میدیا,≤100,3
106976778974435,Draw Plus,draw media,≤100,3
310379295673630,Yousif Mohammed Sadiq,Yousif Mohammed Sadiq,≤100,1
804383976302240,د. يحيى الكبيسي,يحيىٰ الميزان,≤100,1
108899148772957,اسماء الرعاية الاجتماعية,علي خضير عباس,≤100,2
330284551010571,Rp News - اذاعة الرأي العام,اذاعة الرأي العام,≤100,7
1434120716833949,Karim Shkur-ملاکریم,Karim Shkur-ملاکریم,≤100,2
2383265178621061,Meyser Obaid Nheli,Meyser Obaid Nheli,≤100,1
147498885927213,ابراهيم القيسي- Ibrahim Al-Qaisi,ابراهيم القيسي- Ibrahim Al-Qaisi,≤100,1
107034042385064,قناة ديالى الفضائية,مصطفى حميد,≤100,1
720944991294083,د. قتيبة ابراهيم الجبوري,Ali Jamal,≤100,1
111842408311644,منصة ديالى الحكومية DGP,مصطفى حميد,≤100,1
572277613198000,Rwmal - ڕووماڵ,Rwmal - ڕووماڵ,≤100,1
311722172347575,ديوان محافظة ديالى,مصطفى حميد,≤100,1
1386357108117074,أياد الجبوري - Ayad Aljuboouri,These ads ran without a disclaimer,≤100,1
143435839066780,د.خالد شواني,Dashti Salam Saeed,≤100,1
1645972105680162,لقى 10ـى پارتى: Lqi 10 PDK,لقى 10ـى پارتى: Lqi 10 PDK,≤100,1
107131102284620,اسماء الرعاية الاجتماعية والعاطلين عن العمل,علي خضير عباس,≤100,1
104134047641583,الاعلامي ياسر بدر yasir badr,مصطفى حميد,≤100,1
1145999105540426,عوسمان كاروانى,Akam Ibrahim Rahim Rahim,≤100,1
118767121196677,وكالة الفراتين الاخبارية,مصطفى حميد,≤100,1
1429471323972747,عـشـــــاق الــــــزوراء Al Zawraa lovers,These ads ran without a disclaimer,≤100,1
104996658111073,المطلع,المطلع,≤100,1
104574747604318,XOR - خۆر,Xorkurd.net,≤100,4
103556041661497,نورس محمود العيسى,These ads ran without a disclaimer,≤100,1
108858108570200,پاراستنی نیشتمان,پاراستنی نیشتمان,≤100,1
119545903295071,مصطفى حميد Mustafa Hameed,مصطفى حميد,≤100,1
1912485465527409,شبكة الفراتين الإخبارية FNN,مصطفى حميد,≤100,1
766271263724556,الحكومة المحلية / ديالى Local Government Diyala,مصطفى حميد,≤100,1
112893987848185,اخبار العراق,علي خضير عباس,≤100,2
104616845962751,ديالى بلا حدود,مصطفى حميد,≤100,1
1674452819275320,دکتور مجيد حمدامين,Mohammed Majeed,≤100,1
103394661564021,الوطن محتاجك,الوطن محتاجك,≤100,1
117780771220090,ديالى تتكلم Diyala speaking,مصطفى حميد,≤100,1
110017531751904,Sharazur Radio 97.9,These ads ran without a disclaimer,≤100,1
728221673963234,NRT بادینی,NRT,≤100,1
100242432740414,منصة الرأي العام - Rpnews,الرأي العام,≤100,3
104881440913933,یەکێتی لاوانی دیموکراتی کوردستان Kurdistan Democratic Youth Union,یەکێتی لاوانی دیموکراتی کوردستان Kurdistan Democratic Youth Union,≤100,1
203265660007239,الزعيم,الزعيم,≤100,1
102213691670920,إقتصاديون,عدي صادق العلوي,≤100,1
101789536156376,KurdiaNews,KurdiaNews,≤100,1
109612741645987,رفيق الصالحي - Rafeeq Al.Salihi,رفيق هاشم,≤100,1
109237662187282,حزب البواسل الوطني,مصطفى حميد,≤100,1
110799698632039,اعلام النائب كاظم الطوكي,باقر مجيد موحان,≤100,1
182858898492652,ساداتی پیرخدری شاهۆ,Saman Alaalddin,≤100,1
1447878605441640,وزارة الدفاع العراقية,علي صفاء,≤100,1
927235873972094,بغداد,بغداد,≤100,1
106786885042267,Wahab Halabjay _ وەهاب هەڵەبجەی,Wahab Halabjay _ وەهاب هەڵەبجەی,≤100,1
345124866396305,منبر ديالى - Manbar Diyala,These ads ran without a disclaimer,≤100,1
133227943495329,زارى کرمانجى,Abdullah Hamad,≤100,2
117906504638162,بلس العراق plus Iraq,مصطفى حميد,≤100,1
105595621237050,عبدالقادر الدخيل,عبدالقادر الدخيل,≤100,1
111487984930301,Bakhtyar Mohamad Sidiq,These ads ran without a disclaimer,≤100,1
103560309271906,کتلة الحزب الديمقراطي الكوردستاني في مجلس النواب العراقي,کتلة الحزب الديمقراطي الكوردستاني في مجلس النواب العراقي,≤100,1
599676433390515,Wishe.net,Wishe.net,≤100,1
103936954894893,محمد هادي الشمري,Mohammed Aqeel Hasan,≤100,1
316778782455942,Hawpaimani _ هاوپەیمانی,Hawpaimani _ هاوپەیمانی,≤100,1
272658359571894,هشام علي :: Husham Ali,These ads ran without a disclaimer,≤100,1
115575820139019,Af Fhyf,These ads ran without a disclaimer,≤100,1
535632053260740,النائب علي نعمه البنداوي,علي محمد عبد الرضا,≤100,1
103018869332378,BantuPage,These ads ran without a disclaimer,≤100,1
473313836373293,هێما,Ahmed Luqman,≤100,1
1399247893547948,Chaw - چاو,Chaw - چاو,≤100,1
116276158090585,Business & Finances,These ads ran without a disclaimer,≤100,1
2026218407650433,ئاژانسى كوردستان,Ahmed Luqman,≤100,1
1656590977890066,IDEO U,These ads ran without a disclaimer,≤100,1
131189377574,MDPI,These ads ran without a disclaimer,≤100,1
398610380712044,River Cleanup,These ads ran without a disclaimer,≤100,5
138756620064262,Fanack.com of the Middle East and North Africa,These ads ran without a disclaimer,≤100,1
368194657215717,Times Higher Education Connect,These ads ran without a disclaimer,≤100,1
589408861751444,UNEP International Environmental Technology Centre,These ads ran without a disclaimer,≤100,1
111716750661105,怦然星動,These ads ran without a disclaimer,≤100,1
1883003128429295,Queer Majority,These ads ran without a disclaimer,≤100,1
138685182846445,Ganjani PDK گەنجانی پارتی دیموکراتی کوردستان,Ganjani PDK گەنجانی پارتی دیموکراتی کوردستان,≤100,1