﻿Page ID,Page name,Disclaimer,Amount spent (ARS)
100686031576569,Primero la gente,Secretaría de Medios y Comunicación Pública,9260
103088924366000,Noticias d,Noticias d,2194
138240873247312,Gabriel Pradines,Gabriel Alejandro Pradines,1794
90680883335,Ciudadano News,Inversora Corporativa S.A,1189
167878593236712,UNICEF en español,UNICEF con créditos publicitarios de Facebook,1000
1828211714070094,Víctor da Vila,Partido Obrero,981
101996084777901,Mariela Belski,Mariela Belski,886
20906273675,Greenpeace Argentina,Greenpeace Argentina,623
110806461830762,El Sol Web,El Sol Web,560
605540860101596,Diario Criollo,Diario Criollo,427
279426385475271,Municipalidad de Luján de Cuyo,Municipalidad de Luján de Cuyo,372
103846469204203,La Ola Noticias,La Ola Noticias,351
452525851510103,Nicolás del Caño,Frente de Izquierda,342
68793499001,UNICEF,UNICEF with Facebook Ad Credits,333
628498977777284,El Continental,Periodico El Continental,324
110116998602195,Boletin No-Oficial,Boletín No Oficial,303
338053576625933,Emanuel Fugazzotto,Alejo Barbosa,300
104733589113258,La Gaceta Nacional,La Gaceta Nacional,289
102289782502796,Prensa Digital,Prensa Digital,273
1488831318060288,Unión Europea en Argentina,Delegación de la Union Europea,251
108679841853325,Contame Más,Contame Más,237
699758330894365,Actualidad Argentina,Actualidad Argentina,219
110276628358382,El Autónomo,El Autónomo,207
378225769015907,Fundación Embajada Abierta,Fundación Embajada Abierta,207
335926266503071,7D,7D,171
304176325478,La Política Online,La Política Online,133
105716442346264,Conurnarnia,Conurnarnia,130
107278443174,Mundo D,La Voz del Interior,114
125183747539071,Noticias Argentinas,Noticias Argentinas,111
131381938371647,Corta La Bocha Noticias,Corta La Bocha,105
113898744658728,El Progreso Web,El Progreso,104
134557130216408,Jorge Jofré,Jorge Jofre,103
101594852755793,El Bonaerense,El Bonaerense,103
317140548314140,San Fernando Municipio,San Fernando Municipio,≤100
103071195558280,Agustin Gonzalez,Maria Emilia Gonzalez Gallego,≤100
145806262649419,Fer Miño,Patria de Todos,≤100
316056528999754,Periodistas x el planeta,Periodistas por el Planeta,≤100
111064391804839,Argentina Productiva,Argentina Productiva,≤100
59772763998,Mauricio Ibarra,Eduardo Mauricio Ibarra,≤100
107631983989726,Argentina Federal,Argentina Federal,≤100
643513979193133,Unidos por Beatriz,Neuma,≤100
496728270512125,Nuevos Papeles,Nuevos Papeles,≤100
587405287971230,Mariano Cascallares,Partido Justicialista Almirante Brown,≤100
103021535961289,Cede,Cristian Emiliano Ynglada,≤100
796480967084066,Cele Fierro,MST Movimiento Socialista de los Trabajadores,≤100
857382087671921,Maxi Abad,radicalesorg,≤100
105493327767840,Newsweek Argentina,Newsweek Argentina,≤100
175844725888213,Alejandro Bodart,MST Movimiento Socialista de los Trabajadores,≤100
259700217384725,Le Monde diplomatique - Edición Cono Sur,Capital Intelectual S.A.,≤100
271357293358897,Javier Fernandez,Javier Omar Fernandez,≤100
45165171302,Prensa Obrera,Prensa Obrera,≤100
443594262328472,Lisandro Enrico,Lisandro Enrico,≤100
1405120706440456,Conclusión,Diario Conclusión,≤100
105455288953338,Esto es Boca,Esto es Boca,≤100
241049013488942,Laura Palma Pelaez,Laura Marisa Palma Pelaez,≤100
705172499580470,Gustavo Martinez,Gustavo Martinez,≤100
111492845540608,Fondo de Cultura Económica Argentina,Fondo de Cultura Económica Argentina,≤100
273175230630,CAME - Confederación Argentina de la Mediana Empresa,CAME - Confederación Argentina de la Mediana Empresa,≤100
376962089100136,Senadora Nacional Clarita Vega,Gabriela Maite Ros,≤100
544640985878621,Argentinos Online,Argentinos Online,≤100
103948405867129,El Confidencial Noticias,El Confidencial Noticias,≤100
643850145752196,Herrajesanjose.com.ar - Distribuidor de Cerrajerías,Herrajes San Jose,≤100
544986472243896,Data Diario,Data Diario,≤100
193671924033178,El Argentino,El Argentino Diario,≤100
103163212414881,Néstor Fiser,Dahyana Natali Terrier,≤100
103553635446983,Plan B Misiones,Martin Boerr,≤100
104147274759706,Periodismo de Izquierda,Periodismo de Izquierda,≤100
405968363074387,Marco Julio Puricelli,Ideas y Vision,≤100
101961091604984,ARGMedios,arg medios,≤100
1693871147545422,Federación Rural para la producción y el arraigo,Federación Rural para la producción y el arraigo,≤100
558106334670581,Mauro Leiva,Leonardo Jesús Araya,≤100
1395474550528787,Opinorte,Opinorte,≤100
405238159584328,Hector Herrera,Cristian Francisco Jerez,≤100
1465312150186084,Argentinos por la Educación,Argentinos por la Educación,≤100
233734300112003,Juan Monteverde,Ciudad Futura,≤100
189703401219354,Ayelen Rasquetti,Ayelen Itati Rasquetti,≤100
157158714332099,CELS - Centro de Estudios Legales y Sociales,Centro de Estudios Legales y Sociales,≤100
109237045323181,Patagonia Noticias,Patagonia Noticias,≤100
2110901942494528,German Mercado,Arturo German Mercado,≤100
102570774863673,LOBBY,LOBBYEscuela,≤100
101981062732507,Maximiliano Quintana,These ads ran without a disclaimer,≤100
106716278920168,Noticias Argentinas,Noticias Argentinas Web,≤100
428179387610545,Agenda Malvinas,Marco Federico Correa,≤100
565548733496177,Álvaro González,Alvaro Gonzalez,≤100
101684404976806,estefania.danae,These ads ran without a disclaimer,≤100
551027964955087,Julio César Martinez,Julio Cesar Martinez,≤100
113384436026702,Caren Tepp,Ciudad Futura,≤100
104373848008745,Dr Armando Felipe Cabrera,Armando Felipe Cabrera,≤100
1567154286880194,Marcelo Albaca,Marcelo Albaca,≤100
1439672939588656,Arto Kalciyan,Leonardo Gabriel Forgia,≤100
111637981320058,Productivismo - Política Argentina,Sergio Raul Samoilovich,≤100
109287948479430,Diario 9️⃣,diario 9,≤100
886667964679142,Fabián Gramajo,Fabián Gramajo,≤100
1144710688890787,Municipio de Tandil ADN,Municipio de Tandil ADN,≤100
110328824557658,Coronel Pringles Frente Renovador,Maximiliano Gaston Elormendi,≤100
496710707047538,Leo Anzalone,Leonardo Daniel Anzalone,≤100
100932749306130,Noticias Andinas,Noticias Andinas,≤100
119190758270535,Germán Giacomino,Germán Eduardo Giacomino,≤100
2340752059343617,Sebastian Ianantuony,Leandro Sebastian Ianantuony,≤100
1418780111682690,Marcos Cleri,Santiago Candal,≤100
133937418577537,Utopia Urbana,Utopía Urbana,≤100
1575553356099879,Soher El Sukaria,Fundación Hacer Córdoba,≤100
862393870465260,Fabian Martin,Fabian Martin Intendente,≤100
193671924033178,El Argentino,Estudio AMBA SRL,≤100
100921729540545,Andres Horacio Ibarra,Andres Horacio Ibarra,≤100
104996517905219,Azulmedia2020,These ads ran without a disclaimer,≤100
177720598950247,La Ciudad Desnuda,Juan Esteban Scoufalos,≤100
1744262295791445,Osjera,OSJERA,≤100
1330549033627468,Juan Martín,Juan Carlos Martin,≤100
1120801237931271,Luis Piri Macagno,Luis Piri Macagno,≤100
55552980828,LaVoz.com.ar,La Voz del Interior,≤100
178919202140944,Francisco Quintana,Francisco Quintana,≤100
1348997745113243,Frente de Todos General Alvear,Aristides Bernabe Leinenn,≤100
108415570552033,Ing. Anibal H Pazos,Leonardo Martin Gerber,≤100
818037774927568,Noticias de Aca,NDA!,≤100
1800792906714280,Concejal Gustavo Perez Bocco,Gustavo Hernan Perez Bocco,≤100
112750202393508,Punta Querandí,Punta Querandí,≤100
104756595301563,Abraham Skierkier,Camilo Guillermo Rolón,≤100
425208234739953,Que Te Pasa TDF,Que Te Pasa TDF,≤100
1915742765341849,Yesi Avejera,Yesica Romina Avejera,≤100
442285665919263,Enrique Cresto,equipo digital,≤100
108759087283040,Liliana Leiva,Ricardo Matias Mercado,≤100
1045742742140641,ENREDACCIÓN,Ruben Fabián Garcia,≤100
499141756879767,Federico Achával,De Tu Lado Siempre,≤100
225251184289016,Gabriel Pozzuto,Gabriel Fabian Pozzuto,≤100
100272671672857,Carlos Cisneros,Carlos Cisneros,≤100
110613882904054,Guillermo Escudero,Guillermo Escudero,≤100
1151054955076489,Infoargentinos,Noticias de mi barrio,≤100
109566368125684,Pilar 360,Noticias de mi barrio,≤100
967512253279966,Martin Medrano,Martin Medrano,≤100
259111760849274,Federico Angelini,Juntos por el Cambio,≤100
348079589034455,Juampy Robles - Concejal,Juan Pablo Robles,≤100
111882577311917,mariaamilo,These ads ran without a disclaimer,≤100
385385178182941,SIGNUS Ecovalor,These ads ran without a disclaimer,≤100
200345460422728,Johnny Abraham : Conquista TU mundo,These ads ran without a disclaimer,≤100