﻿Page ID,Page name,Disclaimer,Amount spent (EUR)
100374961512104,Партия Действие и Cолидарность,Partidul Acțiune și Solidaritate,≤100
739189706285160,De facto: Ne apărăm de propagandă,De facto: Ne apărăm de propagandă,≤100
1805726386405532,WatchDog.MD,WatchDog.MD,≤100
384273702007560,Nokta,Mihail Sirkeli,≤100
908402452570843,Partidul Acțiune și Solidaritate,Partidul Acțiune și Solidaritate,≤100
150815778266005,Promo-LEX,Asociația Promo-LEX,≤100
102195341166913,"„Secretele Puterii”, cu Alex Cozer, la Jurnal TV",WatchDog.MD,≤100
160625514692148,StopFals.md,Asociația Presei Independente (API),≤100
1697149123885498,Noi.md / Interviuri și analitica,NOI.md,≤100
1641823949368794,Partidul Național Moldovenesc,Partidul National Moldovenesc,≤100
165158373553979,UNDP Moldova,UNDP Moldova,≤100
245924195553948,NOI.md на русском,NOI.md на русском,≤100
111166248276745,Invisible Republic,These ads ran without a disclaimer,≤100