﻿Page ID,Page name,Disclaimer,Amount spent (RON)
139292873479110,Florin Oancea,Florin Oancea,182
990747367737692,Cătălin Drulă,Uniunea Salvați România,128
100950585062723,Anamaria Gavrilă,Anamaria Gavrila,≤100
181375448581167,Partidul Naţional Liberal,Partidul Național Liberal,≤100
612912695435095,Factual,Factual,≤100
1058116737612843,USR,Uniunea Salvați România,≤100
112479373774600,Marius Constantin Budăi,Partidul Social Democrat,≤100
1559885467641191,Râul Alb,Râul Alb,≤100
351920454997749,RMDSZ Hunyad Megyei Szervezete,RMDSZ Hunyad Megyei Szervezete,≤100
1395939193764858,Marcel Ciolacu,Partidul Social Democrat,≤100
524093900996192,TSD România,Partidul Social Democrat,≤100
494469087244449,Eugen Tomac,Eugen Tomac,≤100
147547541961576,Council of the European Union,Council of the European Union,≤100
107898832590939,European Commission,European Commission,≤100
101254968456255,Călin Gheorghe Maties-senator,Calin-Gheorghe Maties,≤100
114319753592403,AFACERI.news,Horia-Marius Bogdan,≤100
149371012371397,Newsweek Romania,Newsweek Romania,≤100
176989973158138,Guvernare.net,Guvernare.net,≤100
1024698440918384,Gheorghe Valentin Rotar - Primar,Gheorghe Valentin Rotar,≤100
291177524360702,Partidul Social Democrat,Partidul Social Democrat,≤100
1577877239102295,Nicolae Ionel Ciucă,Partidul National Liberal,≤100
731035500293728,Siegfried Muresan,Siegfried Muresan,≤100
686190454826244,Declic,Declic,≤100
108818130851166,Andrei Lupu,Andrei-Răzvan Lupu,≤100
178362315106,European Parliament,European Parliament,≤100
102601499822802,RMDSZ,RMDSZ,≤100
108295090637741,ASAP România,Fundatia The Institute,≤100
1122653111147741,Genesis Athens,Genesis Athens,≤100
708767705922205,Eurotrans Alapítvány,Eurotrans Alapítvány,≤100
101340741758468,Radu Pescar,Pescar Radu Mircea,≤100
207741001672,Speranta pentru Romania,Speranta pentru Romania,≤100
110416341471979,Forța Dreptei Vrancea,Forta Dreptei Vrancea,≤100
102743169253473,Reciclăm în România,Reciclăm în România,≤100
100211372942318,România=GEȚIA,Mărgărit-Daniel Buzoi,≤100
1769713886444816,Râsu Plânsu,Râsu Plânsu,≤100
351377468251533,Agenţia Naţională a Funcţionarilor Publici,Agenţia Naţională a Funcţionarilor Publici,≤100
1796777377209154,Regia Nationala a Padurilor - Romsilva,Regia Nationala a Padurilor - Romsilva,≤100
186612088034700,Facias - Fundatia pentru Apararea Cetatenilor Impotriva Abuzurilor Statului,FACIAS,≤100
165467823513147,Alin Tișe,Alin Tișe,≤100
220579784732993,Daniel Buda,Buda Daniel,≤100
1156150484398630,MozaiQ,MozaiQ,≤100
175293925828191,Kelemen Hunor,RMDSZ,≤100
103445844473825,Alianța pentru Unirea Românilor - AUR,Partidul Politic ALIANȚA PENTRU UNIREA ROMÂNILOR,≤100
181221645364365,Carmen Avram,Carmen Avram,≤100
1157480384268430,Partidul Umanist Social Liberal PUSL Sediul Central,Partidul Umanist Social Liberal,≤100
360828814115641,Asociatia Slujire Crestina,Asociatia Slujire Crestina,≤100
105161319151880,Cosmin Dan Badea,Dan-Cosmin Badea,≤100
113009310432947,Ilie Cheșa,Chesa Ilie,≤100
101017605136880,Dragoş Popescu,ION-DRAGOS POPESCU,≤100
1190871690932388,New Star Online TV,NewStarOnlineTV,≤100
600025356762034,Carina Pflege Locuri de munca Germania,Olimpia Schugar,≤100
105999601301943,Ana Cătăuță,Ana-Maria Catauta,≤100
101167822409042,Alexandru Gyorgy,Alexandru Gyorgy,≤100
117876054580537,Youth for RO-US Strategic Partnership,Antonia-Laura Pup,≤100
1047658422027323,Dan Ivan,Ivan Dan,≤100
101763692272709,Avocat Ciuchi Elena-Corina,Cabinet de Avocat CIUCHI Elena-Corina,≤100
1560147330888040,Winkler Gyula,Winkler Gyula,≤100
581911828514783,Partidul Mișcarea Populară,Partidul Mișcarea Populară,≤100
102698141787000,Cristian-Daniel Ivănuță,CRISTIAN-DANIEL IVĂNUȚĂ,≤100
106543571883873,Forța Dreptei - București,Forța Dreptei - București,≤100
125895557433232,evz.ro,evz.ro,≤100
344517529430253,Senatul Științific,Senatul Stiintific,≤100
108789220750381,Europa Press RO,Europa Press RO,≤100
274364459598604,Sindicatul Naţional Sport şi Tineret,Sindicatul Naţional Sport şi Tineret,≤100
100359211506276,Diana Buzoianu,Deputat Diana-Anda Buzoianu,≤100
103640708229788,Laurențiu Marin,Laurentiu-Daniel Marin,≤100
321896004518929,Ioan Mang,Ioan Mang,≤100
137651470305528,Federația Patronală Petrol și Gaze,Federatia Patronală Petrol și Gaze,≤100
100348189494015,Robert Vitoș,Robert Vitos,≤100
107066808189586,Panorama.ro,NEWBIZ ONLINE PUBLISHING S.R.L.,≤100
939093039450192,PS News,PS News,≤100
109849657256655,60m.RO,60M.RO,≤100
2443020582586584,Romania Eficienta,Romania Eficienta,≤100
668129379887378,Dan Motreanu,Dan Motreanu,≤100
102905778991186,Partidul Adevăr și Dreptate,Toroican Ioan,≤100
588475734950739,Mișcarea pentru Dezvoltarea Moldovei,Dan Radu,≤100
379633622148337,RMDSZ Nőszervezet,RMDSZ Nőszervezet,≤100
109983011774065,Proiectul Romania 2030,Sociallite Media Solutions,≤100
101380722809080,Fundația Dana Voiculescu pentru solidaritate,FDVS,≤100
260419237866,World Vision Romania,World Vision Romania,≤100
129995860397891,CursDeGuvernare.ro,Varianta Media,≤100
102410783138358,Anuntul Telefonic,Anuntul Telefonic SRL,≤100
104477911460614,Adrian Giurgiu,Adrian Giurgiu,≤100
122480165084642,Curierul Românesc,Curierul Românesc,≤100
568228499905015,Liga Studenţilor - LS IAŞI,Liga Studenților (LS IAȘI),≤100
108885380545674,USR Răchitoasa,USR Răchitoasa,≤100
205092989831102,Senator Maricel Popa,Maricel Popa,≤100
100405011855388,Oana Cambera,Cabinet Deputat Oana Cambera,≤100
281341562263123,Cristina Prună,Cristina-Madalina Pruna,≤100
1658924257659048,USR Sector 3,Partidul Uniunea Salvați România - Filiala Sector 3,≤100
374979375984476,Cetățeanul.net,Cetățeanul.net,≤100
106282087882731,Dinu Gheorghe,Dinu Nicolae Gheorghe,≤100
554865607867049,Visinel Balan,Visinel Costel Balan,≤100
112130176975380,Radu Ghidău,Radu Ghidau,≤100
100491781650498,Premierul Nostru,Premierul Nostru,≤100
110448498160151,Ion Stefanovici,News Moldova,≤100
114460923709287,4media.INFO,4media.INFO,≤100
404109952964413,Fundatia Motivation Romania,Fundația Motivation România,≤100
103720355096432,ProPublica.RO,ProPublica.RO,≤100
109445158308624,De fapt,DeFapt.ro,≤100
289324877762564,Expert Forum (EFOR),Expert Forum (EFOR),≤100
111190480252428,Radu Molnar,Radu Iulian Molnar,≤100
163950740830769,Gaz De Romania,Gaz De Romania,≤100
106161408045919,Acțiunea.RO,ACTIUNEA.RO,≤100
665580956812598,Asociatia Happy,Asociatia Happy,≤100
106098884636145,ADI Deșeuri Bistrița-Năsăud,ADI Deseuri Bistrita-Nasaud,≤100
106210688186070,TemaZilei.RO,TemaZilei.RO,≤100
103742842531634,Agentiadeinformatii.ro,Agentiadeinformatii.ro,≤100
107151464552754,Cristina Vecerdi,Cristina Vecerdi,≤100
383515009116438,Daniela Popa,Daniela Popa,≤100
109485238372885,Economistii.RO,Economistii.RO,≤100
101971268361738,Andrei Miftode,Cabinet Parlamentar Marius Andrei Miftode,≤100
100872245631464,AEM Holding,AEM Holding,≤100
581389548564155,Asociația Necuvinte,Asociația Necuvinte,≤100
100730011789747,Minculeasa Claudiu,MINCULEASA CLAUDIU-NICOLAE,≤100
110703617765019,SunCity Radio,SunCity Radio,≤100
365361946963394,Bgreen,These ads ran without a disclaimer,≤100
2171812996367033,Identity.Education,Identity.Education,≤100
136440113400763,Bogdan Rodeanu,RODEANU BOGDAN-IONEL,≤100
428464880426,Wall-Street.ro,Wall Street,≤100
188113901227053,Maszol.ro,Maszol.ro,≤100
103383915623247,Mișcarea pentru Democrație Directă,Toroican Ioan,≤100
267821410080602,Cronica Romana,Parvu Florin,≤100
799949990211564,Ioana Ramona Bruynseels,Ioana Ramona Bruynseels,≤100
182438747492,Mai Mult Verde,Asociația Mai Mult Verde,≤100
1145522045624751,Filip Havarneanu,Filip Havarneanu,≤100
104289124691945,Cosmin Mihai Popescu,Cosmin Popescu,≤100
124535200548025,Aurel Lazăr Jr.,Aurel Lazãr,≤100
312564186105027,Alexandru Iovescu,Alexandru Iovescu,≤100
106830268960456,Antonina Samoilova,These ads ran without a disclaimer,≤100
110684676935961,ProDefence,These ads ran without a disclaimer,≤100
101289218907718,Web News,These ads ran without a disclaimer,≤100
527351247377965,European Committee of the Regions,European Committee of the Regions,≤100