﻿Page ID,Page name,Disclaimer,Amount spent (USD)
101090858962676,Mama yuko Kazini,Watanzania,162
102657886079408,Cheche Times,Cheche Times,≤100
1553424368288943,Zitto Kabwe Ruyagwa,ACT Wazalendo,≤100
1834313933459789,BBC StoryWorks,These ads ran without a disclaimer,≤100
106827194681183,Africa Equity Media,These ads ran without a disclaimer,≤100
134571176638205,One Tree Planted,These ads ran without a disclaimer,≤100
285530825204,Klitschko,These ads ran without a disclaimer,≤100
151409322217001,Berlin School of Business & Innovation - BSBI,These ads ran without a disclaimer,≤100
31292782350,Deutschland.de,These ads ran without a disclaimer,≤100
131189377574,MDPI,These ads ran without a disclaimer,≤100
102564889076330,"Christian Prayer Retreat Centre ""CPR Global Centre""",These ads ran without a disclaimer,≤100