﻿Page ID,Page name,Disclaimer,Amount spent (TND)
562060647164742,IIDebate - International Institute of Debate,Rafik Akili,≤100
1745861032185440,alqatiba - الكَتيبة,Walid Mejri,≤100
419971021493700,Whisper2-9.13,These ads ran without a disclaimer,≤100
127757937250301,German Information Centre Arab World - المركز الألماني للإعلام,These ads ran without a disclaimer,≤100
158714780827513,UNFPA,These ads ran without a disclaimer,≤100
89529786318,Elizabeth Glaser Pediatric AIDS Foundation,These ads ran without a disclaimer,≤100
105737374415391,Sport En Commun,These ads ran without a disclaimer,≤100