﻿Page ID,Page name,Disclaimer,Amount spent (USD)
643654899036233,İnnovasiyalar Mərkəzi / Innovations Center,İnnovasiyalar Mərkəzi,≤100
178886752255904,APA TV,APA TV,≤100
101605572118417,Qarabağ Dirçəliş Fondu,Qarabağ Dirçəliş Fondu,≤100
100202725184190,Caliber.Az,Caliber LLC,≤100
101706675429426,Karabakh Center,Qarabağ Dirçəliş Fondu,≤100
305019964396,Lent az,Lent az,≤100
806234346120161,Toplum TV,Toplum tv,≤100
104355860955968,Press Klub,Press Klub,≤100
330940447588598,APA,APA,≤100
177856385592294,Kulis az,Kulis az,≤100
459298240774359,ModeratorAz,ModeratorAz,≤100
275213021004357,Gündəlik Naxçıvan,These ads ran without a disclaimer,≤100