﻿Page ID,Page name,Disclaimer,Amount spent (INR)
1433526693616228,Himachali Rishta - हिमाचली रिश्ता डॉट कॉम,Himachali Rishta - हिमाचली रिश्ता डॉट कॉम,1621
103261078360140,Rahul Singh Pathania,Rahul Singh Pathania,975
821027488002818,Focal Skill,Focal Skill Development Private Limited,408
1434753153489234,"DIPR, Department of Information & Public Relations, Rajasthan",DIPR,379
109937650579639,discovery+,discovery+,343
574079826086251,Phir Ek Baar Modi Sarkar,phirekbaarmodisarkar.com,322
111259978264483,Dr. Aastha Agnihotri,Dr. Aastha Agnihotri,293
109545244848137,Crafto,Kutumb App,254
1987488401557504,Mahathugbandhan - महाठगबंधन,Mahathugbandhan - महाठगबंधन,245
166313423753218,The Md House,These ads ran without a disclaimer,193
479998865355592,Aditya Birla Group,Aditya Birla Group,151
404746486258732,Project Nanhi Kali,Project Nanhi Kali,140
101713962007976,Amrit Mahotsav,Amrit Mahotsav,126
1459946900716814,DS Thakur,DS Thakur,125
100330859464588,Capt. Jitender Mohan Pathania IAS Retd,JITENDER MOHAN PATHANIA,112
21169267101,Give,Give,109
1510631479236816,Hawa Badlo,Interactive Bees Pvt Ltd,105
101213919024617,"Maj. Gen. Dharamvir Singh Rana, AVSM, SM, VSM","Maj. Gen. Dharamvir Singh Rana, AVSM, SM, VSM",103
104516512296314,Kartikeya Sharma,Kartikeya Sharma,102
104040168074588,AmanThakur,AmanThakur,≤100
109488391393786,Dinesh Patiyal,Dinesh Patiyal,≤100
104634862268270,Dr.Kulkirti Singh Thakur,Dr.Kulkirti Singh Thakur,≤100
100485575080050,Maheshwar Singh Chauhan - Pandu,Maheshwar Singh Chauhan - Pandu,≤100
256278471555187,Baat Janta Ki,Baat Janta Ki,≤100
667560657014524,Mahendra Singh Solanki,Swanit Infotech,≤100
132495066874513,GAIL (India) Limited,Interactive Bees Pvt. Ltd,≤100
1631196377103183,Sleepwell Foundation,Sleepwell Foundation,≤100
317463093373,The Akshaya Patra Foundation,These ads ran without a disclaimer,≤100
104736419210593,PACE INDIA,PACE INDIA,≤100
1055273994583610,Mohan Lal Meena,Mohan Lal Meena,≤100
107594063255738,Ankur Warikoo,These ads ran without a disclaimer,≤100
746568209028564,Dr. Basu Eye Hospital,Dr. Basu Eye Hospital,≤100
421179061356837,Eknath Shinde - एकनाथ संभाजी शिंदे,Eknath Shinde - एकनाथ संभाजी शिंदे,≤100
841171029605948,India News,India News,≤100
103782051383159,School of Politics,School of Politics,≤100
175198709532974,Bhabesh kalita ভৱেশ কলিতা,Suryanetram,≤100
105919999093332,Varta24/वार्ता 24,Varta24/वार्ता 24,≤100
316365575140365,Rozana Spokesman,Rozana Spokesman,≤100
132689140088396,smilefoundation,smilefoundation,≤100
446315955838127,New India Junction,New India Junction,≤100
797927846899300,Flag Foundation of India,Flag Foundation of India,≤100
1510631479236816,Hawa Badlo,social cloud ventures Pvt Ltd,≤100
165714096933078,Piyush Goyal,Piyush Goyal,≤100
174283119250672,Bal Raksha Bharat,Bal Raksha Bharat,≤100
243524299157863,Pushkar Singh Dhami,Pushkar Singh Dhami,≤100
535293583268635,Kailash Choudhary,Kailash Choudhary,≤100
660476430787331,Gaurav Pandhi,Gaurav Pandhi,≤100
270666596375251,Jhatkaa.org,Jhatkaa.org,≤100
108529574059980,PMFBY,Concept Communication Limited,≤100
152154292012572,Navjivan,Navjivan,≤100
100735178208398,Udyami India,Samadhan Samiti,≤100
330760810293224,HelpAge India,HelpAge India,≤100
678876002499539,Mohd Shamim Khan,MEGA TRENDS ADVERTISING LTD,≤100
123405501008524,Mercedes-Benz India,Mercedes-Benz India,≤100
102715296085726,Neta Ji,Awesomebyte,≤100
1327351450720146,Pradhan Mantri Bhartiya Janaushadhi Pariyojana,Pharmaceuticals & Medical Devices Bureau of India,≤100
107334185444129,Charitism Global,Charitism Global,≤100
133493680681261,Borra Gnaneshwer Mudhiraj,Borra Gnaneshwer Mudhiraj,≤100
100839128450151,Amisha Chawla,AwesomeByte,≤100
155418314920954,Orchid HRD Trainings भाषणकला व राजकीय नेतृत्व कौशल्य प्रशिक्षण,Orchid HRD Trainings भाषणकला व राजकीय नेतृत्व कौशल्य प्रशिक्षण,≤100
702261793211461,Dilip Saikia,Dilip Saikia,≤100
408255699307921,Dr. Manoj Rajoria,Dr. Manoj Rajoria,≤100
177924969696841,Rajendra Tiwari,Rajendra Tiwari,≤100
846994962145905,Manoj Kumar Aggarwal,Manoj Kumar Aggarwal,≤100
1108242266050014,Mohan Lal,Mohan Lal,≤100
773786052799615,Atul Sharma,Atul Sharma,≤100
1800812870241409,Sachin Birla,Sachin Birla,≤100
333426070147135,Benny Kuriakose Associates,Benny Kuriakose Associates,≤100
101437656247049,Modi Quotes,Modi Quotes,≤100
108992338707380,Ankur Warikoo Courses,These ads ran without a disclaimer,≤100
520949671329992,Indian School of Democracy,Indian School of Democracy,≤100
103040206040226,Dr. B S Ajaikumar's Thought Leadership,Dr. B S Ajaikumar's Thought Leadership,≤100
150727778825020,Mobius Foundation,Mobius Foundation,≤100
102218576103904,Badlaav ki Aandhi Priyanka Gandhi,Badlaav Ki Aandhi Priyanka Gandhi,≤100
1550812368349130,Om Chouksey,Om Chouksey,≤100
596607947182950,Ranjeet Singh Sodala,Ranjeet Singh Sodala,≤100
1785302198354679,Dr. Somendra Tomar,Dr. Somendra Tomar,≤100
592160907509900,Diya Kumari,Diya Kumari,≤100
1807761416182426,Kamal Midha,Kamal Midha,≤100
204318116677554,National Herald,National Herald,≤100
276512419511205,Kathi Karthika,Policy Briefcase,≤100
105221569197943,3g Ad,3g Ad,≤100
435124759989017,Yogendra Singh Mandloi,Yogendra Singh Mandloi,≤100
1605035726374622,Khatana Bulletin,KHATANA BULLETIN,≤100
1328641770614516,Manoj Kotak,Manoj Kotak,≤100
104932221042125,Office - Indra Choudhary,Office - Indra Choudhary,≤100
113484060843656,The Unmute,The Unmute,≤100
116822768068808,The Big Bench,Futuready Media Pvt Ltd,≤100
384000501947350,Devendra Yadav,Think First,≤100
110194685265228,Praveen Jha,Praveen Jha,≤100
2373824042836700,MYRJ Deva,These ads ran without a disclaimer,≤100
268437163351102,Saurabh Srivastava,Saurabh Srivastava,≤100
110796095070897,Sumathi Suratani BJP,Sumathi Suratani BJP,≤100
186199704897466,RD Foundation,RD Foundation,≤100
1487727071465283,Pushpendra Singh Jadon,These ads ran without a disclaimer,≤100
116822768068808,The Big Bench,Future Ready Media,≤100
33497111948,Child Rights and You,Child Rights and You,≤100
100698136164030,The News Launcher,The News Launcher,≤100
224618077692752,Sanjay Tandon,CosMark Media Pvt Ltd,≤100
132689140088396,smilefoundation,Smile Foundation,≤100
886181921715691,Kedar Hazra,Kedar Hazra,≤100
107760062318468,E-Mudra Loan,E-Mudra Loan,≤100
108159201571035,अरविन्द जायसवाल,अरविन्द जायसवाल,≤100
114592314849721,Sunil Maheshwari,Sunil Maheshwari,≤100
102343199208180,Kutumb Rehab: De-Addiction Rehabilitation Centre,Kutumb Rehab: De-Addiction Rehabilitation Centre,≤100
108310592149005,Maharashtra Jayate,Futuready Media India Pvt Ltd.,≤100
103719915895025,Shri hari finance,Shri hari finance,≤100
101206052272845,Devi Singh Shekhawat,Devi Singh Shekhawat,≤100
108935364979003,Ragidi Laxma Reddy,Ragidi Laxma Reddy,≤100
2238940452991193,Adv. Santosh Pandey,Adv. Santosh Pandey,≤100
113581121747161,Indian Peoples Adhikar Party,Ah design,≤100
107660828589805,Dr K.R. Daukiya,Dr K.R. Daukiya,≤100
131668820191976,RJ Golmaal Gagan,These ads ran without a disclaimer,≤100
773803766048745,Poornima tiwari,Poornima tiwari,≤100
1003634343005791,Aanand Shukla - आनन्द शुक्ला,Aanand Shukla - आनन्द शुक्ला,≤100
1773786362922549,Indra Choudhary Gathala,Indra Choudhary Gathala,≤100
109986065209042,Mera Apna Rahul,MeraApnaRahul,≤100
109058654923540,सब का साथ सब का विकास,सब का साथ सब का विकास,≤100
411129449009589,K.C. Venugopal,K.C. Venugopal,≤100
105671775473178,Jan Suraaj,Jan Suraaj,≤100
183215718834130,Laxmi Jain,Laxmi Jain,≤100
243739452482985,गोदी वाले मामा,गोदी वाले मामा,≤100
488445034624008,Saawan Sonkar,Saawan Sonkar,≤100
419318464900338,Rajveer Singh - Raju Bhaiya,Rajveer Singh - Raju Bhaiya,≤100
123249407425036,Nirani Story,Nirani Story,≤100
101964264562944,Sanjay Singh Gangwar,Sanjay Singh Gangwar,≤100
106995762752939,Ramesh Chand Khandelwal,Ramesh Chand Khandelwal,≤100
889810991147251,Nyamar Karbak,Nyamar Karbak,≤100
208437742654605,Ajay Singh Patel,Ajay Singh Patel,≤100
395658807511230,International Automobile Centre of Excellence,International Automobile Centre of Excellence (iACE),≤100
108903808756780,Team Mukesh Sharma,Team Mukesh Sharma,≤100
1039557042789139,BJP Dadra & Nagar Haveli,BJP Dadra & Nagar Haveli,≤100
101538858448134,The Summer News,The Summer News,≤100
695738973874352,Dr. Sumer Singh Solanki,Dr. Sumer Singh Solanki,≤100
109330784267142,NDN24 News Network,NDN24 News Network,≤100
104936722317875,Ek Bharat News,Ek Bharat News,≤100
835481029818511,Rahul Tiwari,Rahul Tiwari,≤100
433130516821224,Umang Singhar,Umang Singhar,≤100
107409802039383,Har Haath Shakti,Har Haath Shakti,≤100
367693910079524,Mohit Jaswant Yadav Page,Mohit Jaswant Yadav Page,≤100
1623593404522945,Subhash Maharia,Subhash Maharia,≤100
108531050841926,Shanu Yadav,Shanu Yadav,≤100
256683878023906,Atul Bora  অতুল বৰা,Atul Bora  অতুল বৰা,≤100
102123079337554,International Society for Krishna Consciousness,ISKCON Delhi,≤100
102010991748513,Ashish Patel,Ashish Patel,≤100
113952661704420,Narendra Modi- Mission 2024,Narendra Modi- Mission 2024,≤100
104614311322935,Bring Back Congress -2023,Policy Briefcase,≤100
105291110825687,Dr. Chandan Yadav,Dr. Chandan Yadav,≤100
953374224727311,Dehradun International Film Festival,Dehradun International Film Festival,≤100
817607004928968,Narendra Shivaji Patel,Narendra Shivaji Patel,≤100
1088373891289696,Kamal Yadav,AAJNEETI ADVERTISING,≤100
1612012092202484,Bharat patwari,Bharat patwari,≤100
100716023038797,The Fun Factory,The Fun Factory,≤100
589992961010910,Manoj Garg,D P ENTERPRISES,≤100
1412877062133423,Nayan Pal Rawat,Nayan Pal Rawat,≤100
398446140736842,PoliticalWazir.Com,Political Wazir,≤100
350558792662542,Neeru Yadav,Neeru Yadav,≤100
108828628393591,Lakshay Chauhan,Lakshay Chauhan,≤100
108492911417034,Satyam Srirangam - INC,Satyam Srirangam - INC,≤100
520972198086866,BJP Punjab,Bharatiya Janata Party (BJP),≤100
121323597625636,Manne Srinivas BJP,Manne Srinivas BJP,≤100
104288419188354,Mahendra Jhabak,Mahendra Jhabak,≤100
101069702318274,I Support Dhami,I Support Dhami,≤100
432318723489703,Khalsa Panel Indore,Khalsa Panel Indore,≤100
168844210526885,भाजपा किसान मोर्चा,Bharatiya Janata Party,≤100
114786988179306,Arvind Kumar Hindustani,Ek Mediawala OPC Private Limited,≤100
100106038104382,Vishal Saini,Vishal Saini,≤100
1561939470716058,Kuldeep Kumar,D P ENTERPRISES,≤100
458921050845532,Dr. Kailash Verma,Dr. Kailash Verma,≤100
389557067910726,Arvind Menon,Arvind Menon,≤100
104160802532063,महाराष्ट्राची विकासगंगा,Futuready Media Pvt Ltd.,≤100
170981883727483,Ramnagar Bulletin,Ramnagar Bulletin,≤100
106558878416687,Shailendra patel,These ads ran without a disclaimer,≤100
323775678347648,Prem Singh Patel,Prem Singh Patel,≤100
106780365778703,Finance Department,These ads ran without a disclaimer,≤100
116383754696955,Antardhwani - The Inner Voice,Antardhwani,≤100
141183519817477,Aiyshwarya Manchanahalli Mahadev,Policy Briefcase,≤100
2431806523558570,Aditya Bhagat,Aditya Bhagat,≤100
1956036351343539,Amar Parwani,The VoloPV,≤100
196356043837223,Aishwarya Kapoor,Aishwarya Kapoor,≤100
132806813793938,Paramjit Singh Sarna,Paramjit Singh Sarna,≤100
109674051919920,Gaga for Raga,Gaga for Raga,≤100
106939381161143,Amit Ahir,Amit Ahir,≤100
108514547331755,Sandeep Jain,Sandeep Jain,≤100
565714670143123,Ashok Saini,Engitech Media,≤100
104633612411419,Dr Samir Kagalkar,Dr Samir Kagalkar,≤100
352171861622734,Roji M John,Roji M John,≤100
104628424533031,Thapar School of Liberal Arts and Sciences,Thapar School of Liberal Arts and Sciences,≤100
104034429250478,Navya India Foundation,Navya India Foundation,≤100
910153919008427,Prabal Pratap Singh Judev,D P ENTERPRISES,≤100
1418900388350146,RAGHURAJ SINGH,RAGHURAJ SINGH,≤100
102873582853674,Arun Bhati,These ads ran without a disclaimer,≤100
108024168621568,Dev Palsaniya,Dev Palsaniya,≤100
112222955182776,The Live tv24,The Live tv24,≤100
178606642759483,Gaurav Yadav,Gaurav Yadav,≤100
1675237799375590,Chandra Mohan Patowary,Chandra Mohan Patowary,≤100
1176347162398086,Guru Nanak Naam Leva,Guru Nanak Naam Leva,≤100
173638916330362,Deepti Rawat Bhardwaj,Deepti Rawat Bhardwaj,≤100
112758448504548,Bandi Ramesh BRS,Keyblocks Strategy Consulting,≤100
110044260470271,Vinay Jangid Sharma,Vinay Jangid Sharma,≤100
100279188306944,Amrish rai,Amrish rai,≤100
106513368217532,Kento Jini,Kento Jini,≤100
668808673207412,Harpal Singh Bhamra,D P ENTERPRISES,≤100
133329580703935,Harish Kumar,These ads ran without a disclaimer,≤100
102732686211415,Parrad India,"PROPORTIONAL AND RATIONAL REPRESENTATIVES' ALLIANCE OF DEMOCRATES [""PARRAD""]",≤100
109883681967997,Dr. Shrawan Kumar Barala,Dr. Shrawan Kumar Barala,≤100
121924297508141,Impact Guru Foundation India,Impact Guru Foundation,≤100
472681563210567,Rela Hospital,These ads ran without a disclaimer,≤100
105073542218128,Adyokshjanand Tirath,shree adhya shankaracharya dharmotthan sansad,≤100
1874185392653723,Cabinet Minister Pramod Jain Bhaya,Cabinet Minister Pramod Jain Bhaya,≤100
112937475086859,कसं काय मुंबई - Kasakai Mumbai,Future Ready Media,≤100
1464107573864436,Lalit Yadav,Lalit Yadav,≤100
2436865129676588,Siyasi Pitch,Digijiyo Solutions,≤100
118874757371106,Srikanth Bhima,Srikanth Bhima,≤100
108015368279979,Solh Wellness,Solh Wellness,≤100
102226072877033,vradhi Chand Gurjar dysp,vradhi Chand Gurjar dysp,≤100
713416382011902,Sahil Shivaji Kedari,Sahil Shivaji Kedari,≤100
196338294250820,Rohit Gangwal,Modi For PM Organisation,≤100
405946399503906,Vishnu Chetani BJP,Vishnu Chetani BJP,≤100
256050398281355,MD Chopdar,WEBTIX,≤100
102497059315779,VVIP News,VVIP News,≤100
1541549386059854,Watermark Event Solutions LLP,Watermark Event Solutions LLP,≤100
1371217389629971,Neelanshu Chaturvedi,Neelanshu Chaturvedi,≤100
750172048700026,Sandeep Shah,Sky Digital,≤100
643001122724792,Shambhu Kumar,Shambhu Kumar,≤100
1806741026226045,Ramawatar Bijarnia,Ramawatar Bijarnia,≤100
510793459389834,Harpal Thakur,Harpal Thakur,≤100
862013793830152,Jawahar Mangwani,Jawahar Mangwani,≤100
397012043647456,Biharilal Bishnoi,Biharilal Bishnoi,≤100
1540402816218352,Ch. Krishan Pal Gurjar,Ch. Krishan Pal Gurjar,≤100
2280409798896693,Sushil Sharma  Bhatapara,Sushil Sharma  Bhatapara,≤100
102110025215686,डॉ देवेन्द्र सिंह धाकड़,डॉ देवेन्द्र सिंह धाकड़,≤100
100116961890601,Sidh ponahari 24 news,These ads ran without a disclaimer,≤100
317042561720861,Sunil Deodhar,Sunil Deodhar,≤100
111770854054940,Pushkar Dhami for Uttarakhand,Pushkar Dhami for Uttarakhand,≤100
834432743328746,Prakash Dwivedi,Prakash Dwivedi,≤100
2674556322574193,धर्म रक्षक धामी,धर्म रक्षक धामी,≤100
365797377098776,Nityanand Rai,Luna Creatives Pvt Ltd,≤100
102447714973094,Yusuf Salahuddin,Yusuf Salahuddin,≤100
112314771829803,NorthEast Global Investors Summit,NorthEast Global Investors Summit,≤100
1748666768770943,Umakant Sharma MLA,Umakant Sharma MLA,≤100
109965802113648,Mysore Jungle Adivasi Herbals,These ads ran without a disclaimer,≤100
250007248502240,Golu Shukla,Modi For PM Organization,≤100
116983041450086,Rahul Kumar Jindal,These ads ran without a disclaimer,≤100
115659084775659,"I Support Political Chanakya ""Amit Shah""","I Support Political Chanakya ""Amit Shah""",≤100
103064566183973,pen pencil packing salary 30000 advance ₹15000,These ads ran without a disclaimer,≤100
2069232146698558,Dharmana Ram Manohar Naidu,Dharmana Ram Manohar Naidu,≤100
153891144797146,Uttam Kumar Reddy,Uttam Kumar Reddy,≤100
825870624112435,Ramesh Chandra Ratn,Ramesh Chandra Ratn,≤100
102047872952336,HkAshal,sigmaheroes,≤100
103088902327676,Dwarka Kunj,Dwarka Kunj,≤100
107729402302653,Amit Shah Fan Club,Amit Shah Fan Club,≤100
174113799333894,Vijay Bahuguna,Vijay Bahuguna,≤100
400077606868063,BHANU PRATAP SINGH,Bhanu Pratap Singh,≤100
109034074092751,Rakesh Dayma BJP,Rakesh Dayma BJP,≤100
2236732276586632,Kiran Ahirwar,Kiran Ahirwar,≤100
1571395092879283,Malender Rajan - मलेंदर राजन,Election Fight,≤100
1077677698922724,Er Sarvan kumar Nishad,Er Sarvan kumar Nishad,≤100
533135163443081,Sachin Yadav,Balkrishna Yadav,≤100
100193472986676,भारतीय राजनीति के चाणक्य - अमित शाह,भारतीय राजनीति के चाणक्य - अमित शाह,≤100
116757744675686,Olkha Pahu,Futuready Media Pvt Ltd.,≤100
939229469573667,Karan Kachhadiya,Karan Kachhadiya,≤100
644489942266226,Yadram Jangal BJP,Yadram Jangal BJP,≤100
543596058995303,"Dr. Param Navdeep Singh Doctor, Social Activist, Politician","Dr. Param Navdeep Singh Doctor, Social Activist, Politician",≤100
113274327055947,Bhajpa Ki Baat,Bhajpa Ki Baat,≤100
107375625608639,Samyak Vidhyarthi Aandolan सम्यक विद्यार्थी आन्दोलन MGAHV,These ads ran without a disclaimer,≤100
111342678681038,Santosh Dhanraj Dhaker,These ads ran without a disclaimer,≤100
1773796952839312,Sachin Saxena,Sachin Saxena,≤100
105813284380310,Dee4unews,Dee4unews,≤100
390976557590103,I Support Narendra Modi,I Support Narendra Modi,≤100
111956450138945,Amara Ram Beniwal,Amara Ram Beniwal,≤100
107934204740160,Flourish,These ads ran without a disclaimer,≤100
102021949289354,Divya V Gaikwad,Divya V Gaikwad,≤100
116026253109861,Dr Padma Veerapaneni,Dr Padma Veerapaneni,≤100
107336164119124,Ashvani Singh Little,Ashvani Singh Little,≤100
112312416958369,Sandeep Hindustani,Brand Recourse Technologies Pvt Ltd,≤100
1433894153522813,Pramod Bhaya,Pramod Bhaya,≤100
112907815093852,Suresh Giri BJP,Suresh Giri BJP,≤100
780571755323898,Bhagwant Khuba,Bhagwant Khuba,≤100
104071715577392,SK International Sainik School Retharedharan - Sangli,SK International Sainik School Retharedharan - Sangli,≤100
1406676006269693,Kedar Kansana,Kedar Kansana,≤100
172182742974160,Chunni Lal Sahu,Chunni Lal Sahu,≤100
102042506004910,Santosh Bhargava,These ads ran without a disclaimer,≤100
231512217793516,Ashok Goel Mangaliwala,Ashok Goel Mangaliwala,≤100
166929581483,Shubham Sharma,Shubham Sharma,≤100
524665794408050,CASA,CASA India,≤100
102585599142804,Baatein Unlocked,Baatein Unlocked,≤100
106217671329032,Aditya Dhankhar,Aditya Dhankhar,≤100
100278483122586,Indian Politics News,Pryzm Media,≤100
107680954849478,Election Advisor App,Election Advisor App,≤100
30702412762,NewsX,NewsX,≤100
108312705656688,Akhil Bharat Hindu Mahasabha Delhi,These ads ran without a disclaimer,≤100
112709838355954,Prachar99,Prachar99,≤100
269174147050795,महेंद्र सिंह किरार सामरसिंगा,महेंद्र सिंह किरार सामरसिंगा,≤100
110197854912974,Sonu Singh Garg,Sonu Singh Garg,≤100
113954529962467,Gali Bhanu Prakash,Gali Bhanu Prakash,≤100
761826677309909,Bhupinder Lather,Book My Promo,≤100
140624336584770,Yogender Pal Singh Champawat,Yogender Pal Singh Champawat,≤100
283160581797691,Narendra Modi for PM,Modi For PM Organisation,≤100
105311899249332,CorruptionNath - करप्शननाथ,corruptionnath.com,≤100
101725179390221,Jay Prakash Sharma,Jay Prakash Sharma,≤100
107784450741779,Asfar Ahmad Youth Icon,Asfar Ahmad Youth Icon,≤100
767805023307544,Santosh Kumar Singh BJP,Santosh Kumar Singh BJP,≤100
918399108198720,Ankush Narang,Ankush Narang,≤100
104339795518769,Toil With Success,These ads ran without a disclaimer,≤100
647244058952240,Jaypal Singh Chawda,Jaypal Singh Chawda,≤100
104765761522667,Pankaj Dawar,The Social Prachar,≤100
246558505475210,Bala Ram Choudhary,Bala Ram Choudhary,≤100
109696210400237,Jan Adhikar Morcha.,Jan Adhikar Morcha.,≤100
100901583063250,old coins company,These ads ran without a disclaimer,≤100
103115662803291,Voice of Yojna Darpan,Voice of Yojna Darpan,≤100
101993345514230,Dhakad Dhami,Dhakad Dhami,≤100
100215708751901,Rahul Shivganesh Lodhi MLA,Rahul Shivganesh Lodhi MLA,≤100
470458233479120,Aparajita Sarangi,Reach Digitally,≤100
1638967673052084,Narendra Budania,Engitech Media,≤100
460736934114396,Sudarshan Moodbidri Fans Group,Sudarshan Moodbidri Fans Group,≤100
107769185599888,Khari Khoti,Khari Khoti,≤100
107879720555218,Rajneesh Gupta BJP,Rajneesh Gupta BJP,≤100
102744141863451,Deepak Dandoriya,Deepak Dandoriya,≤100
106256564506749,Tarun Devi Das,Tarun Devi Das,≤100
1589499511159371,Jan Ghoshnapatra Chhattisgarh,DesignBoxed,≤100
2088686987814059,Ajay Raghuwanshi,Ajay Raghuwanshi,≤100
287137498056981,Shailesh Nitin Trivedi,Shailesh Nitin Trivedi,≤100
100626199690541,We Support Amit Shah,We Support Amit Shah,≤100
113607803769884,Nattasha Sharrma,Nattasha Sharrma,≤100
103857572574387,I Support Yogi Maharaj,I Support Yogi Maharaj,≤100
577856385582447,Raghu Sharma,Raghu Sharma,≤100
490167811006821,Neena Vikram Verma,These ads ran without a disclaimer,≤100
101071202802712,builtbetterindia,These ads ran without a disclaimer,≤100
1660545834170889,Bhaskar Sharma ভাস্কৰ শৰ্মা,Xpec Innovations Pvt ltd,≤100
108961510680625,Dheeraj Thakur,Swanit Infotech,≤100
1149375478489344,Harvinder Singh Sarna,Harvinder Singh Sarna,≤100
119324884471716,Kuldeep Thakur SKM,Kuldeep Thakur SKM,≤100
104918521224442,Deepak Vohra,Deepak Vohra,≤100
106692204510543,Chambal tak,These ads ran without a disclaimer,≤100
431454157629297,Mukesh Ahlawat,Mukesh Ahlawat,≤100
116997354325105,Wg Cdr Anuma Acharya,Wg Cdr Anuma Acharya,≤100
101936846285591,Dhan laxmi online service,These ads ran without a disclaimer,≤100
1263109480456697,Ratna Kumari Shahpura,Ratna Kumari Shahpura,≤100
108126798528428,Farooq Sheikh,Farooq Sheikh,≤100
748524122149588,Nishank Jain,Nishank Jain,≤100
1592265114364332,JP Yadav,Engitech Media,≤100
106717649071157,I Support Amit Shah,I Support Amit Shah,≤100
103342198327305,Raj Bala Singh,Raj Bala Singh,≤100
352490425149843,Satyajit Bhowmik,Satyajit Bhowmik,≤100
179765292047054,Manickam Tagore,Minswaysolutions,≤100
301600333956877,Rajendra vinayka bjp,Rajendra vinayka bjp,≤100
204599692918446,Rajesh Ranjan,Rajesh Ranjan,≤100
1874653249523846,Sandeep Sohi,These ads ran without a disclaimer,≤100
433382980078113,Gudur Narayana Reddy,Kalyan Chandra Consulting,≤100
449378495112356,Swades Foundation,Swades Foundation,≤100
312574772762672,"टीम प्रकाश भाकर, मकराना","टीम प्रकाश भाकर, मकराना",≤100
111397805268915,Dr Ramdev Choudhary,Dr Ramdev Choudhary,≤100
103842718195433,"State Water and Sanitation Mission, Uttar Pradesh",These ads ran without a disclaimer,≤100
426854497508656,Dr.Phoolchand Bhinda,Dr.Phoolchand Bhinda,≤100
204886208223455,Shubhendra Singh Gaur,Swanit Infotech,≤100
647578265426509,Gurdev Sharma Debi,Gurdev Sharma Debi,≤100
395910177835208,Vijay Kumar Singh Congress,Vijay Kumar Singh Congress,≤100
196946104114736,Kishor Nath Page,These ads ran without a disclaimer,≤100
103100085360996,Madho Singh Udat,Madho Singh Udat,≤100
106456887722695,Adesh Yadav BJP,Adesh Yadav BJP,≤100
107968515646803,Pratap Karosiya,pratap karosiya,≤100
454711087923623,Team EJA - Events Just abhi,Team EJA - Events Just abhi,≤100
678803825664159,Kanta Sonwal,Kanta Sonwal,≤100
995902327142587,Bharat Sharma INC,Bharat Sharma INC,≤100
1802523420012948,Pratap Singh Khachariyawas,Pratap Singh Khachariyawas,≤100
163482264042074,Razak Paleri,Razak Paleri,≤100
994578073995343,B. L. Verma,B. L. Verma,≤100
116471848151148,tanishk88281,These ads ran without a disclaimer,≤100
1661221460848858,Rajendra singh,These ads ran without a disclaimer,≤100
115551654902906,Amar Ghule,These ads ran without a disclaimer,≤100
148758015782460,Magnum Door Hardware,Magnum Door Hardware,≤100
102123419539115,Amit Shah Fan Army,Amit Shah Fan Army,≤100
105279822289517,Sajjan Singh Tiwari,Sajjan Singh Tiwari,≤100
100318448596251,Akhilesh Jain,Akhilesh Jain,≤100
103852592120138,विनोद खण्डूड़ी,विनोद खण्डूड़ी,≤100
418953654897992,Jitender Gothwal,Jitender Gothwal,≤100
105530752376295,"Shiromani Akali Dal, Delhi Unit","Shiromani Akali Dal, Delhi Unit",≤100
632518450236186,Sudarshan Bhagat,Sudarshan Bhagat,≤100
874481792575692,कृष्ण कुमार मेघवाल,कृष्ण कुमार मेघवाल,≤100
108045119019389,bgmi_rewards_clan_,These ads ran without a disclaimer,≤100
104682849363166,Hindustan Hindustan Natraj pencil homework job 30000 salary 15000 advance,These ads ran without a disclaimer,≤100
178425049020153,Ramniwas Ghorela,Ramniwas Ghorela,≤100
100423322637137,Kawasi lakhma,Kawasi lakhma,≤100
644400709346753,Adv.Uma Shanker Sharma,Adv.Uma Shanker Sharma,≤100
110225983799443,Ambaram karada,Ambaram karada,≤100
521034828342719,Harshita Swami Baghel,Harshita Swami Baghel,≤100
235191296688479,Vinod Bachheti,Vinod Bachheti,≤100
685080418508716,Mohd.AsifZaki,Mohd.AsifZaki,≤100
2138481932872915,Choudhary Mehboob Ali Kaiser,Choudhary Mehboob Ali Kaiser,≤100
994782640630336,Thakur Karinda Singh,Thakur Karinda Singh,≤100
858612907672344,टीम प्रकाश चौधरी बड़ी सादड़ी,टीम प्रकाश चौधरी बड़ी सादड़ी,≤100
110978441228002,Deepak Saini Jhabrera,Deepak Saini Jhabrera,≤100
113358511675853,Tarlochan Singh,Book My Promo,≤100
105170079216693,online_job_ntraj,These ads ran without a disclaimer,≤100
108497578583588,Janpeace Live,Janpeace Live,≤100
815958731838202,Gramodaya Group of Institutions,These ads ran without a disclaimer,≤100
257916314892663,Kaustubh Narayan Misra,Kaustubh Narayan Misra,≤100
1819997541592243,Imran Qureshi,Imran Qureshi,≤100
111530207269516,Sudha Bhardwaj,Sudha Bhardwaj,≤100
120418961035428,Mangilal Godara,Mangilal Godara,≤100
116583708160706,Shamender Talwar,FS FINDSCOPE CONSULTANCY LLP,≤100
1034642453257468,Team Pramod Bhaya,Team Pramod Bhaya,≤100
102829916073446,Vikas Bhagat,Vikas Bhagat,≤100
100684609345673,म्हारा छोरा,म्हारा छोरा,≤100
385303288239154,Raghuveer Singh Tanwar,Raghuveer Singh Tanwar,≤100
378362679001615,Manoj Shukla,Manoj Shukla,≤100
142752549111246,Construction World,Asapp Info Global Services Pvt. Ltd.,≤100
304794613213995,Rajiv Yadav,Rajiv Yadav,≤100
101535746347156,Pradhanmantri jan Aushadhi Kendra,These ads ran without a disclaimer,≤100
115507581602456,ram_raghuvanshi_sironj,These ads ran without a disclaimer,≤100
104713082209957,Dhakad Dhankar,Brand Recourse Technologies Pvt Ltd.,≤100
112326528253527,Apex Online Solution,Apex Online Solution,≤100
586574801848194,Sunil Mendhe,Sunil Mendhe,≤100
267277290015473,Rehana Rayaz Chisti,Rehana Rayaz Chisti,≤100
932334660188099,Rajnikant Pathak,These ads ran without a disclaimer,≤100
124939914843922,Om Bishnoi,Om Bishnoi,≤100
110772737414872,SambadSamakal,sambadsamakal,≤100
108139408997474,Sumit Biholi,SPSM Digital,≤100
191061458361281,Shalender Godara,Shalender Godara,≤100
100955988374188,Shyambali Yadav,Shyambali Yadav,≤100
141491449241356,Ranjitsinh Mohite Patil,Ranjitsinh Mohite Patil,≤100
2008671716036543,Asif Iqbal,These ads ran without a disclaimer,≤100
109253634221142,Dr Abhishek  Ramadhin,Dr Abhishek  Ramadhin,≤100
424860570941850,Damodar Rawat,Damodar Rawat,≤100
854256021383031,Vinod Sevan Lal Chandrakar,Vinod Sevan Lal Chandrakar,≤100
102011376280916,Great_Avtaar,These ads ran without a disclaimer,≤100
1056064687849666,Khimaram Choudhary Ahore,Khimaram Choudhary Ahore,≤100
626040200837891,Ashwini Paranjpe,Ashwini Paranjpe,≤100
310054376426537,Lakhan Singh Patel,Lakhan Singh Patel,≤100
657807310972715,Laxman Singh INC,Laxman Singh INC,≤100
100290836429545,Mandlem Madhusudhana Reddy,Mandlem Madhusudhana Reddy,≤100
100722335279089,DrNeha Bhati,DrNeha Bhati,≤100
132859090587882,Surajit Datta,Surajit Datta,≤100
107599795734164,"Jio Phone,5G Smartphone Rs.1500 All india delivery",These ads ran without a disclaimer,≤100
102766972054067,Pradeep Yadav,Pradeep Yadav,≤100
109666834688109,Saleem Sarang,Saleem Sarang,≤100
100680629156550,Yash Agrawal,Yash Agrawal,≤100
103245872804127,Nk_classes,These ads ran without a disclaimer,≤100
513648818973505,Bheemsahan Gurjar Viratngar,Bheemsahan Gurjar Viratngar,≤100
249343554283,Nippon India Mutual Fund,These ads ran without a disclaimer,≤100
112053926911766,Navnit Kumar Jha,Navnit Kumar Jha,≤100
107047409103829,समय सरोकार,Suman Media Broadcasting Pvt. Ltd.,≤100
565959223554906,Glass Bulletin,These ads ran without a disclaimer,≤100
108505858773239,Madhya Pradesh Police,Madhya Pradesh Police,≤100
116417198030973,Adv Avinash jeengar,Adv Avinash jeengar,≤100
111958011863676,radhikatripathibjp,These ads ran without a disclaimer,≤100
109179291985422,Adavalli Krishna,Adavalli Krishna,≤100
100794782818567,bhojpuri express,These ads ran without a disclaimer,≤100
304580763015704,Amit Chavda,Amit Chavda,≤100
101009085234446,Abhishek,These ads ran without a disclaimer,≤100
106543051719826,Kamal kishore trivedi,Kamal kishore trivedi,≤100
104293704247609,Subhash Choudhary,Subhash Choudhary,≤100
168228334032318,Sat Sharma CA,Sat Sharma CA,≤100
2156330694593998,Priyanka Pravin Barse,Priyanka Pravin Barse,≤100
108812615585515,Rajmahant Vijay Baghel,yuvau digital,≤100
108962658092309,Vinay Bhagat,Vinay Bhagat,≤100
566690076695237,Dr Jaswant Singh Yadav,Dr Jaswant Singh Yadav,≤100
1704325676489305,Birendra Singh Rana,Birendra Singh Rana,≤100
144981609477408,Sardar Jasbir Singh,Sardar Jasbir Singh,≤100
101254799258371,kissanexpo,These ads ran without a disclaimer,≤100
127418046946464,Poster Nation,Poster Nation,≤100
103946521785136,Deepchand Natwadiya,These ads ran without a disclaimer,≤100
113600070339320,WWE Kavita Devi,WWE Kavita Devi,≤100
110907065232642,Team Shyam Mali Bhakri,Team Shyam Mali Bhakri,≤100
108354522321232,3wedsfsd,These ads ran without a disclaimer,≤100
112329185125719,टीम रविकांत शर्मा,These ads ran without a disclaimer,≤100
101713529663445,PM Mudra Loan India,These ads ran without a disclaimer,≤100
114253735058549,Edsfds,These ads ran without a disclaimer,≤100
803512836325811,LyonsBarry,Ballia Corpus,≤100
1990248287670848,Shashank Mani शशांक मणि,Shashank Mani,≤100
1427079930877756,Chintala Ramachandra Reddy,Chintala Ramachandra Reddy,≤100
727122933993803,Rajpal Singh Rathore,Rajpal Singh Rathore,≤100
106579659123221,ICWF World,ICWF Events & Exhibitions LLP,≤100
108861325372008,Bharat Bhagya Vidhata,Bharat Bhagya Vidhata,≤100
110705500292841,Ramkishan Ojha,Ramkishan Ojha,≤100
1466957313555107,AJAY SAHU,AJAY SAHU,≤100
405920426879811,Kismat lal Nand,Kismat lal Nand,≤100
101358483022845,singer_rajkamal3005,These ads ran without a disclaimer,≤100
102905195325518,Life Focus Society,Life Focus Society,≤100
521639147910659,Bhagirath Choudhary,Bhagirath Choudhary,≤100
827495487267419,Amin Pathan,Amin Pathan,≤100
102798551410851,Anukool Chavhan,Anukool Chavhan,≤100
102564302911401,Dhanlaxmi finance,These ads ran without a disclaimer,≤100
102091768921733,Ashok dubey bjp,Ashok dubey bjp,≤100
111084345382285,Jio Phone 5g available All India Delivery price 1499,These ads ran without a disclaimer,≤100
216212401822761,Voice of India,Voice of India,≤100
280407088972117,Praveen bhadana BJP,Praveen bhadana BJP,≤100
107823899041422,Wdsadas,These ads ran without a disclaimer,≤100
103443372396602,MLA Dr Raghu Sharma,MLA Dr Raghu Sharma,≤100
107811758632064,Win Big at Work,These ads ran without a disclaimer,≤100
648392601873373,Ashok Chandna,Ashok Chandna,≤100
110965975390856,Wsasada,These ads ran without a disclaimer,≤100
269039369796095,CII - Indian Green Building Council - IGBC,These ads ran without a disclaimer,≤100
106261054498841,Advocate Rajat Bhargava,Advocate Rajat Bhargava,≤100
109081242251038,Natraj company pen pencil homework job salary 30000 advance 15000,These ads ran without a disclaimer,≤100
1955301821451552,Abhishek Dutta,Abhishek Dutta,≤100
535566693451139,Rajeev Sukhpal Baswal,Rajeev Sukhpal Baswal,≤100
103317906167416,Sanjay Singh,These ads ran without a disclaimer,≤100
702279983471744,Olympic Council of Asia,These ads ran without a disclaimer,≤100
112662523824039,Amar Chand Jajda,Amar Chand Jajda,≤100
243905136121906,Dr. Jury Sharma Bordoloi,Dr. Jury Sharma Bordoloi,≤100
966798906845277,Sajid Khan INC,Sajid Khan INC,≤100
106824425796551,currency exchange buyur WhatsApp contact me call karen 7082533239,These ads ran without a disclaimer,≤100
807729982669771,Chaudhary jeetandra singh jatav,Chaudhary jeetandra singh jatav,≤100
106014304105652,Nilabati Saha MLA,Nilabati Saha MLA,≤100
2205618913001552,Kewal Chand Gulechha,Kewal Chand Gulechha,≤100
106200585831885,Chandralekha Dasgupta,These ads ran without a disclaimer,≤100
110339422094999,Honey Dixit,These ads ran without a disclaimer,≤100
313837766031848,Kuldeep Dhankar,TSM,≤100
616572395111604,Mahendra Singh Ralawata,Mahendra Singh Ralawata,≤100
987133368001960,Dr Raghvendra Sharma,Dr Raghvendra Sharma,≤100
1806466166242152,Rahul Raj Rastogi,Rahul Raj Rastogi,≤100
334245773652074,Dr MC Sudhakar,Dr MC Sudhakar,≤100
111097245375673,roop_chand_yadav,These ads ran without a disclaimer,≤100
105734325921642,Akash Prajapati,These ads ran without a disclaimer,≤100
113334197029043,मालवा कांग्रेस,मालवा कांग्रेस,≤100
115984528222253,old coin company,These ads ran without a disclaimer,≤100
774085386059198,Voice Of Healthcare,Voice Of Healthcare,≤100
873749909487724,Baleshwar Sahu,Baleshwar Sahu,≤100
203795313615859,PDTV News,PDTV News,≤100
103018869332378,BantuPage,These ads ran without a disclaimer,≤100
106353599127846,anavi_vishal_shimpi,These ads ran without a disclaimer,≤100
109897448624145,Yolo Health,Yolo Health,≤100
21169267101,Give,These ads ran without a disclaimer,≤100
611767248976097,Naga Sravan Kilaru,Politics for Imapct,≤100
2018477251604983,Sanyogita Yudhvir Singh Judev,Sanyogita Yudhvir Singh Judev,≤100
112545088490015,Jharkhandi thought,These ads ran without a disclaimer,≤100
112439741820688,its_aryan_guruji,These ads ran without a disclaimer,≤100
739136402921092,Sandeep Neoli,Sandeep Neoli,≤100
111163110707302,stockmarketbulls_,These ads ran without a disclaimer,≤100
868454096604929,Ujjval Jain,Ujjval Jain,≤100
1757441471197224,Hardik Patel,Hardik Patel,≤100
109739685449206,Dilnawaz Alam,These ads ran without a disclaimer,≤100
110745147064010,Ambala Update,Ambala Update,≤100
176666610656782,Vaishali tomar,Vaishali tomar,≤100
981603711956127,Abdul Hafiz Malik,brandprogrammer,≤100
100323604995836,Ramdas Patil,Ramdas Patil,≤100
102351022924926,Mudra Finance Loan,These ads ran without a disclaimer,≤100
103390298759091,Sandeep Malee,Sandeep Malee,≤100
110330611716054,Dr P.V Siddareddy MLA,Dr P.V Siddareddy MLA,≤100
394168494317389,MIT World Peace University,MIT World Peace University,≤100
1644165492504830,Anekal Ramoji Gowda,Anekal Ramoji Gowda,≤100
466642616726169,Parul University,Parul University,≤100
101293312172207,Adv Vinita Surendra Pathak,These ads ran without a disclaimer,≤100
102579452556135,induvishal28,These ads ran without a disclaimer,≤100
114395904786369,myplan8_earth,These ads ran without a disclaimer,≤100
112863135118734,fromtulipsdesk,These ads ran without a disclaimer,≤100
105331745445757,Omprakash Khichar Advocate,Omprakash Khichar Advocate,≤100
102989886199852,Real old coin buyer contact me 8249443784,These ads ran without a disclaimer,≤100
763114863813426,Nirbhay Shahabadi,Nirbhay Shahabadi,≤100
102465501806712,Gunnala Sunithakka Sena,Gunnala Sunithakka Sena,≤100
104878069284131,sandeepra2503,These ads ran without a disclaimer,≤100
533634703684545,Fauji Dharmendra Pal,Workforce Infotech,≤100
111990591832169,Qari Sohaib,These ads ran without a disclaimer,≤100
111284168025468,Gaurav Kakkar,Gaurav Kakkar,≤100
113374578385904,Sanjeet Kumar,These ads ran without a disclaimer,≤100
107028462011555,HealthSy,These ads ran without a disclaimer,≤100
2095156534051595,Sakshi TV,Sakshi TV,≤100
430063320850056,Nitin Sawant - नितीन सावंत,Nitin Sawant - नितीन सावंत,≤100
278423842321236,BJP Rajasthan,Bharatiya Janata Party (BJP),≤100
131447834134325,Sincronízate,These ads ran without a disclaimer,≤100
153633626492838,Pazha.Selvakumar,These ads ran without a disclaimer,≤100
1731231670529464,Yogesh Nagar,YUVIRAJ REAL ESTATE AND DEVELOPER PVT LTD,≤100
805526169610318,Shubhashray Housing India,shubhashray housing india,≤100
472844082918408,Atik Kapadia,Atik Kapadia,≤100
108625789179165,Soi Dog Foundation,These ads ran without a disclaimer,≤100
1081386845214431,Hama • ჰამა,These ads ran without a disclaimer,≤100
270489126793,Energy Globe Award,These ads ran without a disclaimer,≤100
115882528427963,Levante UD,These ads ran without a disclaimer,≤100
103100295336037,Alena Nana（Алёна）,These ads ran without a disclaimer,≤100
102635655320437,Number Match - Logic Puzzle Game,These ads ran without a disclaimer,≤100
416731498371213,Saved To Serve,These ads ran without a disclaimer,≤100
1664460623811288,SAGT,These ads ran without a disclaimer,≤100
106362865041105,Pauline Ruck,These ads ran without a disclaimer,≤100
112757083778788,"Economic Daily, China",These ads ran without a disclaimer,≤100
171195311682401,ParentzTalk - Activities,These ads ran without a disclaimer,≤100
101798159650432,Xukong-hl,These ads ran without a disclaimer,≤100