﻿Page ID,Page name,Disclaimer,Amount spent (ARS)
442285665919263,Enrique Cresto,equipo digital,2652
1002311333139930,Gobierno de Entre Ríos,Gobierno de Entre Ríos,2245
253989691391412,Alerta 140,Alerta 140,1713
174970176018,Horacio Rodríguez Larreta,PRO Ciudad de Buenos Aires,1377
367089004808,Amnistía Internacional Argentina,Amnistía Internacional Argentina,1235
169481676449081,Adán Bahl,Adán Bahl,1169
223506754358437,LaOpinionPopular.com.ar,Carlos Blas Garcia,1064
1188673574495575,Laura Stratta,Laura Stratta,1013
174545086044880,Gobierno de Santa Fe,Gobierno de Santa Fe,969
106860735459949,Pasa en Concordia Noticias,Pasa en Concordia Noticias,900
167878593236712,UNICEF en español,UNICEF con créditos publicitarios de Facebook,833
106335465504631,Concordia Digital,Concordia Digital,803
103088924366000,Noticias d,Noticias d,630
20906273675,Greenpeace Argentina,Greenpeace Argentina,456
101996084777901,Mariela Belski,Mariela Belski,398
101461679269504,Paraná Merece,Oscar Hugo Pintos,382
508050335906893,Felipe Michlig,Felipe Enrique Michlig,371
1319858461468717,Esteban Vitor,Esteban Vitor,325
335926266503071,7D,7D,233
730624617002769,Miguel Weiss Ackerley,Miguel Angel Weiss Ackerley,212
125183747539071,Noticias Argentinas,Noticias Argentinas,181
145806262649419,Fer Miño,Patria de Todos,154
1558028877808328,Lucía Varisco,Lucia Varisco,151
111637981320058,Productivismo - Política Argentina,Sergio Raul Samoilovich,150
141991679847091,Taquion,Taquion,146
796480967084066,Cele Fierro,MST Movimiento Socialista de los Trabajadores,143
1488831318060288,Unión Europea en Argentina,Delegación de la Union Europea,130
452525851510103,Nicolás del Caño,Frente de Izquierda,114
107631983989726,Argentina Federal,Argentina Federal,106
544640985878621,Argentinos Online,Argentinos Online,≤100
100198331521581,Agencia Provincial de Noticias La Pampa,APN La Pampa,≤100
699758330894365,Actualidad Argentina,Actualidad Argentina,≤100
253898394637965,Luciana Echevarría,MST,≤100
715609631934295,MuniDigital,MuniDigital,≤100
126410234048229,Fundación Pensar,Fundación Pensar Argentina,≤100
628498977777284,El Continental,Periodico El Continental,≤100
233734300112003,Juan Monteverde,Ciudad Futura,≤100
101001089479742,Cipriano Presidente San Lorenzo de Almagro,Cipriano Fernando Pommies,≤100
175844725888213,Alejandro Bodart,MST Movimiento Socialista de los Trabajadores,≤100
191946537833,SAN LORENZO EL MAS GRANDE...,Siempre San Lorenzo,≤100
134557130216408,Jorge Jofré,Jorge Jofre,≤100
378225769015907,Fundación Embajada Abierta,Fundación Embajada Abierta,≤100
105493327767840,Newsweek Argentina,Newsweek Argentina,≤100
428179387610545,Agenda Malvinas,Marco Federico Correa,≤100
1575553356099879,Soher El Sukaria,Fundación Hacer Córdoba,≤100
102289782502796,Prensa Digital,Prensa Digital,≤100
285132778254393,Neuquén Al Instante,Neuquén al Instante,≤100
110276628358382,El Autónomo,El Autónomo,≤100
705172499580470,Gustavo Martinez,Gustavo Martinez,≤100
373094198726,AMSAFE,AMSAFE,≤100
304176325478,La Política Online,La Política Online,≤100
100932749306130,Noticias Andinas,Noticias Andinas,≤100
439141789570154,Livio Gutierrez,Livio Gutierrez,≤100
103553635446983,Plan B Misiones,Martin Boerr,≤100
113384436026702,Caren Tepp,Ciudad Futura,≤100
105447715646193,Verónica Geese,Veronica Geese,≤100
104147274759706,Periodismo de Izquierda,Periodismo de Izquierda,≤100
795202843959456,El Disenso,El Disenso,≤100
271721466769325,Ricardo Merlo,Maie Mondiale,≤100
259700217384725,Le Monde diplomatique - Edición Cono Sur,Capital Intelectual S.A.,≤100
103906831909733,Luciana Cuk,Acción San Juan,≤100
587196794678992,Agustín Samaniego,Agustin Samaniego,≤100
193671924033178,El Argentino,El Argentino Diario,≤100
113898744658728,El Progreso Web,El Progreso,≤100
247815465249577,Congreso Judio Latinoamericano,Congreso Judío Latinoamericano,≤100
543106696185653,Lucas Simoniello,Lucas Simoniello,≤100
857382087671921,Maxi Abad,radicalesorg,≤100
328236155192956,Nico Massot,Land Comunicacion,≤100
219074291500100,Hugo Marcucci,Hugo Mar,≤100
102570774863673,LOBBY,LOBBYEscuela,≤100
886667964679142,Fabián Gramajo,Fabián Gramajo,≤100
104417732484057,El Independiente Noticias,El Independiente,≤100
1144710688890787,Municipio de Tandil ADN,Municipio de Tandil ADN,≤100
1405120706440456,Conclusión,Diario Conclusión,≤100
101349631999937,Noticias para el Cambio,Noticias para el Cambio,≤100
589866887756301,Leandro González,Leandro González,≤100
101885831357268,Argentina sin hambre,Argentina sin hambre,≤100
496728270512125,Nuevos Papeles,Nuevos Papeles,≤100
558106334670581,Mauro Leiva,Leonardo Jesús Araya,≤100
106652081829158,andrea.escribano_,Andrea Rita Escribano,≤100
103622275493308,Espacio Canaya,Espacio Canaya,≤100
105209054686585,marioguzman_arg,These ads ran without a disclaimer,≤100
193671924033178,El Argentino,Estudio AMBA SRL,≤100
133937418577537,Utopia Urbana,Utopía Urbana,≤100
1803501116641352,Canal Abierto,Canal Abierto - Asociación Trabajadores del Estado,≤100
109287948479430,Diario 9️⃣,diario 9,≤100
1744262295791445,Osjera,OSJERA,≤100
149619018406294,Siglo XXI Editores Argentina,These ads ran without a disclaimer,≤100
178919202140944,Francisco Quintana,Francisco Quintana,≤100
162700400413304,Revista Realidad Económica,IADE,≤100
132649176862320,Jorge Hoffmann,Jorge Hoffmann,≤100
699853426735213,Gustavo Solis,Gustavo Solis Monico,≤100
111492845540608,Fondo de Cultura Económica Argentina,Fondo de Cultura Económica Argentina,≤100
104919122026034,Revolución,Revolución,≤100
189703401219354,Ayelen Rasquetti,Ayelen Itati Rasquetti,≤100
499141756879767,Federico Achával,De Tu Lado Siempre,≤100
177720598950247,La Ciudad Desnuda,Juan Esteban Scoufalos,≤100
1546712922304737,Dionisio Scarpin,Dionisio Scarpin,≤100
1439672939588656,Arto Kalciyan,Leonardo Gabriel Forgia,≤100
1045742742140641,ENREDACCIÓN,Ruben Fabián Garcia,≤100
1330549033627468,Juan Martín,Juan Carlos Martin,≤100
498039410528579,Andrea Blandini,Andrea Margarita Blandini,≤100
104754869652010,Antonio Bonfatti,Frente Progresista,≤100
101961091604984,ARGMedios,arg medios,≤100
266585283461251,Diario G24,Diario g24,≤100
238608056195754,Leandro Busatto,Leandro Busatto,≤100
105868508128629,60 segundos,60 Segundos,≤100
104373848008745,Dr Armando Felipe Cabrera,Armando Felipe Cabrera,≤100
152734418136602,Claudio Lozano,Unidad Popular,≤100
405968363074387,Marco Julio Puricelli,Ideas y Vision,≤100
408736049468554,Economis,Economis,≤100
246465675499972,Raúl Sancho,Raul Alejandro Sancho Eiras,≤100
100272671672857,Carlos Cisneros,Carlos Cisneros,≤100
537755493090225,Código Baires,CódigoBAIRES,≤100
307661541236,Grupo La Provincia,GLP,≤100
113923401326706,El país ya,El país ya,≤100
108735120874242,Andrés Melis,Andres Melis,≤100
781010832061647,Riberas,These ads ran without a disclaimer,≤100
341154072731043,Naranja Telefonica,Hernan Eduardo Ventre,≤100
1379245698973217,Puerto de Palos,These ads ran without a disclaimer,≤100
1187338514630380,El rincón de Cris,Elizabeth Belen Acevedo,≤100
314347728622878,Monica Peralta,Impulso para Mejorar,≤100
169218796514838,Prensa Darío Golía,Prensa Darío Golía,≤100
723782314401584,Enrique Estévez,Enrique Estevez,≤100
103084945709402,Ventas de autos y motos,These ads ran without a disclaimer,≤100
1347237252022683,El Diario Norte,Noticias de mi barrio,≤100
109237045323181,Patagonia Noticias,Patagonia Noticias,≤100
111600998225620,Noticias Zero,Noticias Zero,≤100
1656878081252465,David Mizrahi,David Fernando Mizrahi,≤100
465558466800210,Maxi Pullaro,Juntos por el Cambio Evolución,≤100
55552980828,LaVoz.com.ar,La Voz del Interior,≤100
105415102171988,Rafael Ayala,These ads ran without a disclaimer,≤100
101083206132508,accesyble,These ads ran without a disclaimer,≤100
109367938666013,vozamx,These ads ran without a disclaimer,≤100
171795872872353,ISPI - Istituto per gli studi di politica internazionale,These ads ran without a disclaimer,≤100
316056528999754,Periodistas x el planeta,These ads ran without a disclaimer,≤100
463772493979276,Anuga FoodTec,These ads ran without a disclaimer,≤100
166178460072395,اليونيسف بالعربية - UNICEF in Arabic,اليونيسف باستخدام اعتمادات الإعلان على الفيسبوك,≤100
698974256785676,Bayer Cono Sur,These ads ran without a disclaimer,≤100
68793499001,UNICEF,UNICEF with Facebook Ad Credits,≤100