﻿Page ID,Page name,Disclaimer,Amount spent (EUR)
215486111795023,Swedbank Latvia,Swedbank Latvia,≤100
517372208321136,Neste Latvija,Neste Latvija,≤100
524714174238878,Finanšu ministrija,Finanšu ministrija,≤100
146554932048229,Delfi.lv,Delfi.lv,≤100
103583462591700,Lato Lapsa,Lato Lapsa,≤100
312475149284958,IKEA,IKEA,≤100
122074554119,EU Social,EU Social,≤100
633319013488996,Zemkopības ministrija / Ministry of Agriculture of Latvia,Zemkopības Ministrija,≤100
1764718630423929,Ministru kabinets / Government of Latvia,Ministru kabinets,≤100
104773149638126,Latviesi.com,Latviesi.com,≤100
108701385472650,Platforma 21,Platforma 21,≤100
245252925843233,Latvijas Radio 1,Latvijas Radio 1,≤100
142254092456168,TVNET,TVNET,≤100
1545606205726717,Bez Tabu,TV3 Group,≤100
111891255254882,Cornerstone Business Group,These ads ran without a disclaimer,≤100
326333184059682,TV3 Ziņas,TV3 Ziņas,≤100
212485185449074,Nil Ushakov,"Nils Ušakovs, MEP, Socialists & Democrats Group",≤100
484893705093,Pasaules Dabas Fonds,Pasaules Dabas Fonds,≤100
100424496074658,SUVERĒNĀ VARA,SUVERĒNĀ VARA,≤100
595950207185585,Konservatīvie,KONSERVATĪVIE,≤100
266880980183824,Institute for Corporate Sustainability and Responsibility,These ads ran without a disclaimer,≤100
549476591732437,Ascendum,Biedrība Ascendum,≤100
107308445713964,Velocity Growth Group,These ads ran without a disclaimer,≤100
178362315106,European Parliament,European Parliament,≤100
158021020892930,Apollo.lv,TVNET,≤100
107898832590939,European Commission,European Commission,≤100
345347539390006,Ijabs Ivars,Ivars Ijabs,≤100
184096511636333,Progresīvie,PROGRESĪVIE,≤100
1014461302014447,Degpunktā,TV3 Group,≤100
313299475456889,iepirkumi.lv,"SIA ""Libera""",≤100
176171459061779,RUS TVNET,TVNET,≤100
1813086558946660,Kustība Par,"Kustība ""Par!""",≤100
102294959367382,Arnolds Libeks un Raimonds Rublovskis,Arnolds Libeks un Raimonds Rublovskis,≤100
380325297593,Eiropas Parlaments Latvijā,Eiropas Parlaments Latvijā,≤100
647142032005439,Sadales tīkls,"AS ""Sadales tīkls""",≤100
831485113704995,Vides aizsardzības un reģionālās attīstības ministrija,Vides aizsardzības un reģionālās attīstības ministrija,≤100
111877875608583,DELNA - Sabiedrība par atklātību,DELNA - Sabiedrība par atklātību,≤100
545693602214498,Русский союз Латвии,Latvijas Krievu savienība,≤100
146835778724479,Lieliska dāvana,These ads ran without a disclaimer,≤100
198177487051264,Kursors.lv,These ads ran without a disclaimer,≤100
101251482995100,Financial News,These ads ran without a disclaimer,≤100
470923236652482,Mārtiņš Staķis,Martins Stakis,≤100
646580578713705,TV3 Play Latvija,TV3 Play Latvija,≤100
1511718935524712,Vācijas vēstniecība Rīgā-Deutsche Botschaft Riga,Vācijas vēstniecība Rīgā – Deutsche Botschaft Riga,≤100
103230686391678,www.ir.lv,www.ir.lv,≤100
144709575593854,EESC - European Economic and Social Committee,EESC - European Economic and Social Committee,≤100
267353906619818,Mr. Gugu & Miss Go,These ads ran without a disclaimer,≤100
101740135173193,Astoria Homes,These ads ran without a disclaimer,≤100
121405597623802,Edge Corporation,These ads ran without a disclaimer,≤100
100176322797288,Nandi rezidences,These ads ran without a disclaimer,≤100