﻿Page ID,Page name,Disclaimer,Amount spent (MYR)
693929714007978,Hj Nicholas Sylvester Muhammad Abdullah,Portal Mudah,≤100
104503762988176,Hidayah Centre Foundation,Hidayah Centre Foundation,≤100
47298465905,Malaysiakini,FG Media Sdn Bhd,≤100
474963719253432,Yayasan Ikhlas,Yayasan Ikhlas,≤100
159394141451669,PJ Startup Festival,Lim Yi Wei,≤100
425293244166119,Sehinggit,Sehinggit,≤100
101193781637538,sumbangan.com,sumbangan.com,≤100
155707591143880,Prof. Dr Zainur Rashid Zainuddin,Yayasan Ikhlas,≤100
260612367434680,Lidah Hitam,Mohd Rais Bin Omar,≤100
217391881631388,SAYS,SAYS,≤100
221159141657466,Newswav,Newswav - Malaysia Latest News,≤100
109530075225317,Rezeki Infaq,Rezeki Infaq,≤100
87363369882,Sinar Harian,Sinar Harian,≤100
135856610910,Liew Chin Tong,Liew Chin Tong,≤100
169284053121990,Pemuda PAS Bangi,Pemuda PAS Bangi,≤100
109862381904645,阿聪吹水堂 Ah Chung Talkshow,阿聪吹水堂 Ah Chung Talkshow,≤100
401788663279891,Yayasan Sofa Negeri Sembilan,Yayasan Sofa,≤100
330750857632133,Che'GuBard Original,Ahmad Anwar Asyraf Bin Ismail,≤100
343347583411734,歡樂大東家,These ads ran without a disclaimer,≤100
223180581163143,Jagdeep Singh Deo 'Serving the People',Usha A/p Balakrishnan,≤100
401340596873929,The True Net,Yoke Har Ng,≤100
101039798654792,Pusat Khidmat Rakyat Parlimen Sungai Buloh,Pusat Khidmat Rakyat Parlimen Sungai Buloh,≤100
1176135099088625,Thong Chi Wah - Kepong Commissioner for Oaths,Thong Chi Wah,≤100
149208308580838,Fuziah Salleh,Keadilan Rakyat,≤100
1730319457288424,Global Ehsan Relief Malaysia,Global Ehsan Relief Malaysia,≤100
27588322041,BFM Radio - The Business Station,BFM Radio - The Business Station,≤100
929403260489334,Nadi Mahasiswa Malaysia,Nadi Mahasiswa Malaysia,≤100
130114577096206,刘镇东,Liew Chin Tong,≤100
1692040137540677,TawauKini,Kromium Digital,≤100
159556865294,Nik Nazmi,Nik Nazmi,≤100
517210464961612,刘华才博士,PGRM,≤100
40949157713,JUICE Malaysia,JUICE Malaysia,≤100
138361272876308,马华公会,马华公会,≤100
1589112137969765,PAS Wilayah Persekutuan,Siti Nor Kartini Binti Mohd Ramli,≤100
109978830534400,Dr Dominic Lau Hoe Chai,PGRM,≤100
560429700762980,PAS SHAH ALAM,PAS SHAH ALAM,≤100
653852281302843,Orang Kelantan,Kromium Digital,≤100
108562495293165,Energy Asia,Energy Asia,≤100
115171541190335,Syed Ahmad Altimet Keadilan Cabang Ampang,Syed Ahmad Altimet Keadilan Cabang Ampang,≤100
122913508099,Parti Gerakan Rakyat Malaysia,PGRM,≤100
490728928001480,ORANGKATA,ORANGKATA,≤100
1405154206375082,辩论海啸,辩论海啸,≤100
107382207626058,R.Yuneswaran,Yuneswaran A/L Ramaraj,≤100
100844041862257,Suhaimi Haji Nasir - Page,Suhaimi Haji Nasir - Page,≤100
266376273962131,PPC Process Psychology Centre,These ads ran without a disclaimer,≤100
230445633883,Jabatan Penerangan Malaysia,Jabatan Penerangan Malaysia,≤100
1806878996256128,Shatiri Bin Mansor,Kusyary Bin Che Rus,≤100
106615352099209,maritimes_crimes,These ads ran without a disclaimer,≤100
331730317215791,Pusat Khidmat Masyarakat DUN Murum,Kennedy Chukpai Ugon,≤100
101643464927129,donikakraeva,These ads ran without a disclaimer,≤100
164432246934163,Chopard,These ads ran without a disclaimer,≤100
103731301102236,Qima Foundation,These ads ran without a disclaimer,≤100
114247604036354,Инфограф,These ads ran without a disclaimer,≤100
28312410177,World Food Programme,These ads ran without a disclaimer,≤100
100967582895264,gyuvin4830_,These ads ran without a disclaimer,≤100
123546032572,Eppendorf Group,These ads ran without a disclaimer,≤100
108542651335759,BuyKorea_Kotra,These ads ran without a disclaimer,≤100