﻿Page ID,Page name,Disclaimer,Amount spent (JPY)
1904070096535109,スマート選挙,株式会社センキョ,674
265075920177069,陸上自衛隊 Japan Ground Self-Defense Force,陸上自衛隊 Japan Ground Self-Defense Force,474
103307385856246,美容Lab,These ads ran without a disclaimer,249
475681929154100,国連UNHCR協会,国連UNHCR協会,214
281777375260988,オッズパーク,These ads ran without a disclaimer,≤100
172980666081766,Seminars セミナーズ,These ads ran without a disclaimer,≤100
110058508784307,ライズ・アップ・ジャパン,株式会社経営科学出版,≤100
116040223513724,Jay Abraham Japan,These ads ran without a disclaimer,≤100
1812425055659979,介護ワーカー,These ads ran without a disclaimer,≤100
107586029059056,朝日新聞社,These ads ran without a disclaimer,≤100
816089188468769,株式会社ラン・リグ,These ads ran without a disclaimer,≤100
399754503545856,カゴメ健康直送便,These ads ran without a disclaimer,≤100
104533215755145,ZOE_Japan,ZOE Japan,≤100
104331362680222,都知事杯オープンデータ・ハッカソン 事務局,These ads ran without a disclaimer,≤100
101620186107874,Jun Matsuzaki,These ads ran without a disclaimer,≤100
1795624840654147,Japan Residence,These ads ran without a disclaimer,≤100
676655469036670,松下政経塾,松下政経塾,≤100
111202268629253,橘オンラインコンシェルジュ,These ads ran without a disclaimer,≤100
153022271418684,日経メディカル,These ads ran without a disclaimer,≤100
184171115401679,ichinose-engineering,ichinose-engineering,≤100
196303913732193,タマホーム株式会社,These ads ran without a disclaimer,≤100
108136530968730,おねがい社長！,These ads ran without a disclaimer,≤100