﻿Page ID,Page name,Disclaimer,Amount spent (EUR)
100954761298205,frontline.mk,frontline.mk,≤100
324459714339171,Civil MK,Civil MK,≤100
101519168409673,Dimitar Kovacevski,СДСМ,≤100
100746718435265,Fatmir Bytyqi,Fatmir Bytyqi,≤100
192483774872658,Демократи,Демократи,≤100
1482737048633478,Институт за комуникациски студии ИКС / Institute of Communication Studies,Институт за комуникациски студии,≤100
1677572455714659,Јорго Огненовски,Jorgo Ognenovski,≤100
102860779377395,Само кажувам,Само кажувам,≤100
255990845327431,Левица,Левица / E majta / Levica,≤100
111589528018591,Parliament Support Programme,Parliament Support Programme,≤100
971176269757392,Дома,Институт за комуникациски студии ИКС / Institute of Communication Studies,≤100
101754962766151,Рацин.мк,Рацин.мк,≤100
400497373674524,СамоПрашај.мк,Institut za komunikaciski studii,≤100
335085593528267,Sloboden Pecat,Sloboden Pecat,≤100
489378444428334,Brif.mk,Brif.mk,≤100
102120379270858,Rikardo Sali - Pretsedatel na CDU,Rikardo Sali - Pretsedatel na CDU,≤100
869754339830023,Maski magazin/Машки магазин powered by Faktor.mk,Faktor Portal DOO,≤100
107045155399432,CDU-Centralna Demokratska Unija,CDU-Centralna Demokratska Unija,≤100
113335433357256,Ecosystems2030,These ads ran without a disclaimer,≤100
1723716297849902,Ljupcho Nikolovski,Ljupcho Nikolovski,≤100
105928559126021,,These ads ran without a disclaimer,≤100