﻿Page ID,Page name,Disclaimer,Amount spent (INR)
107414168269023,Telangana Atma Gouravam,telanganaatmagouravam.com,7044
101170512896982,Srikanth Kancharla TDP,Srikanth Kancharla,3125
101031682657397,Koppula Mahesh Reddy,K Mahesh Reddy,2013
108122750692155,Dhanpal Suryanarayana,Dhanpal Surya Narayana,2011
21169267101,Give,Give,1833
170741823043489,V6 News,V6 News,1806
105509495777453,సాలు దొర సెలవు దొర,selavudora.com,1686
107069552104307,Bandi Sanjay - Future of Telangana,Prafful Gyanchandani,1580
703726259672921,BJP Telangana,Bharatiya Janata Party (BJP),1346
351093161910068,Sri Hari Hara Kshetra Ayyappa Swamy Devastanam,Gogireddy Sai Vaibhav Reddy,1272
1331545046906640,Gottumukkala Venkateshwara Rao,Venkateswar Rao Gottumukkala,1261
1391594011090819,V6 Velugu,V6 Velugu,1213
174283119250672,Save the Children India,Bal Raksha Bharat,1077
100686786131352,BJP Mission LB Nagar,Gogireddy Sai Vaibhav Reddy,944
100621439471584,Mana LB Nagar - Mana Vanga Madhu Anna,Gogireddy Sai Vaibhav Reddy,942
347337386104390,Rama Chandra Yadav,B Ramachandra,765
115297811480691,Raghavendra Nagaruru MLC,sandeep events,726
404746486258732,Project Nanhi Kali,Project Nanhi Kali,721
1395097470761321,Vanga Madhusudhan Reddy,Gogireddy Sai Vaibhav Reddy,651
109761007457435,SriGanesh - Cantonment,Sriganesh Narayanan,633
110182225178066,Vanga Madhu For LB Nagar,Gogireddy Sai Vaibhav Reddy,585
634229723611650,Yuva Galam,Showtime Consulting,536
108419407701493,Sravan Vurapalli,Sravan Vurapalli,534
279514716011469,Myadam Balakrishna,Myadam Balakrishna,534
107395897271506,Kutumb,Swatantra Verma,525
111045191889557,"Dr. Thota Chandra Shekhar, IAS - Rtd","Dr. Thota Chandra Shekhar, IAS - Rtd",417
110157505314549,Bhumireddy Ramagopal Reddy,Bhumireddy Ramagopal Reddy,405
523982041025646,Rakesh Reddy Anugula,Rakesh Reddy Anugula,352
103782051383159,School of Politics,School of Politics,344
225469604484322,"GI Tagged - Geographical Indications, India",GiTAGGED,292
110664481284734,Ysr Telangana Party Social Media,Ysr Telangana Party Social Media,292
100672846136483,Mana Telangana Mana Sharmila,YSR Telangana Party,287
102091912172850,షర్మిల అక్క సైన్యం,షర్మిల అక్క సైన్యం,285
104779413448,Teach For India,These ads ran without a disclaimer,272
545854542516790,Sama Ranga Reddy,Durga Prasad Krishnamaraju,259
30290552843,Greenpeace India,Greenpeace India Society,249
104516512296314,Kartikeya Sharma,Adv Tech,216
101201249086594,Ys Sharmila Paleru Fans,YSR Telangana Party,205
104597921600791,Mana Telangana Kosam,Ramesh Tamannagari,200
106842235006487,HyderabadyouDeserve,Ramesh Tamannagari,169
794348367359918,Bharath mudiraj,C Bharath Kumar,165
1923448157898612,Godhavari Anji Reddy,Godhavari Anji Reddy,164
354030135671470,Palamuru Vishnuvardhan Reddy,P Vishnu Vardhan Reddy,164
103251851710926,Akula Srivani,Anjan Kumar Akula,163
1372667142873942,S-Team Services,S-Team Services,160
105320922142114,Whizhack Teenagers Program,These ads ran without a disclaimer,152
715515095146698,Gandra Venkataramana Reddy,Goutham Reddy Gandra,137
683827341777662,HSBC,These ads ran without a disclaimer,137
132689140088396,smilefoundation,Smile Foundation,132
589985911088080,Gavvala Bharath Kumar,Bandaru Vinod Kumar,130
30290552843,Greenpeace India,Greenpeace Environment Trust,127
1393081727423694,Chandrupatla Sunil Reddy,Sunil Kumar Chandrupatla,124
326102339565,Oxfam India,Oxfam India,123
113125761613615,Namma CM Bommai,Recro Media,119
1559211387686845,Log 9 Materials,Log 9 Materials Scientific Private Limited,118
394168494317389,MIT World Peace University,MIT World Peace University,101
1689373261361383,Saurabh Bahuguna,Raj Singh,≤100
74713936682,PETA India,These ads ran without a disclaimer,≤100
756591544507020,Kandula Sadanandam,Sadanandam Kandula,≤100
449378495112356,Swades Foundation,Swades Foundation,≤100
1521106071438318,CMO Chhattisgarh,IVS Corporation,≤100
342857776187495,Trident International School,These ads ran without a disclaimer,≤100
111127021583375,Jannapureddy Surender Reddy,Jannapureddy Surender Reddy,≤100
358930534851131,Svitch Bike,These ads ran without a disclaimer,≤100
1040005229354252,Ukraine.ua,These ads ran without a disclaimer,≤100
106793072059605,Police Chandra Shekhar Reddy - Makthal Constituency,Morthala Rajesh,≤100
1343469482329849,Md Fazal Ali  BRS Senior Leader,M Fazal Ali,≤100
251971332383556,Yashveer Shoora,Mukesh Kumar Yadav,≤100
393768164105774,Parimal Nathwani,Parimal Nathwani,≤100
109077245009882,Mana BJP Mana Desam Kosam మన బీజేపీ మన దేశం కోసం,Tata Lavanya,≤100
2100849650146359,Ramarao Patil Pawar,Adwings Digital Media Pvt Ltd,≤100
118227367824577,Garuda Aerospace Pvt Ltd,Garuda Aerospace Pvt Ltd,≤100
1287678198049472,Child Help Foundation Outreach,Child Help Foundation Outreach,≤100
1799262683737317,Arvind Dharmapuri,Arvind Dharmapuri,≤100
105234459127980,Women Climate Collective,Women Climate Collective,≤100
270666596375251,Jhatkaa.org,Jhatkaa.org,≤100
2249983818612505,Vennapusa Ravindra Reddy,Vennapusa Ravindra Reddy,≤100
1655860444435528,Jindal Stainless,These ads ran without a disclaimer,≤100
1582832635365396,Umed Singh Dhull Sher Jaat,Ankit Tiwari,≤100
607483269682857,Shahadat Khan Supporters,Shahadat Khan,≤100
100549119644561,Jo Ram Ko Laye Hain Hum Unko Layenge,Abinash Moharana,≤100
776789035757450,PublicVibe Telugu,These ads ran without a disclaimer,≤100
112984114620013,Kandi Srinivasa Reddy,Srinivasa Reddy Kandi,≤100
668701066598159,مجلس حكماء المسلمين,These ads ran without a disclaimer,≤100
116400054677478,Pappu Pulakesh,Pappu Pulakesh,≤100
126995691490633,Chinthakunta Vijaya Ramana Rao,Chinthakunta Vijayaramana Rao,≤100
203795313615859,PDTV News,Sandeep Gowda Undrakonda,≤100
105560431512954,Boopathi Raja K,Boopathi Raja,≤100
100735178208398,Udyami India,Samadhan Samiti,≤100
100196004828444,North Eastern Council,Sourabh Arvind Dubey,≤100
110540565228341,Ganguly H Kurabathalli,Ganguly H Kurubathalli,≤100
758732480809533,Marri Adithya Reddy,Ramesh Tamannagari,≤100
746568209028564,Dr. Basu Eye Hospital,Dr. Basu Eye Hospital,≤100
1327351450720146,Pradhan Mantri Bhartiya Janaushadhi Pariyojana,Pharmaceuticals & Medical Devices Bureau of India,≤100
105671775473178,Jan Suraaj,Jan Suraaj,≤100
100475508592062,Sitaram Poswal,Bhagatsingh,≤100
523121567889527,Jitender Kumar Bhardwaj,Jitender Kumar Bhardwaj,≤100
605390272841833,Shrirang Appa Barne,Abhay Balu Ahire,≤100
675268652538693,Dr Dhan Singh Rawat,Raj Singh,≤100
248431212597208,MP बोले फिर भाजपा,mp2023.com,≤100
108861325372008,Bharat Bhagya Vidhata,BharatBhagyaVidhata,≤100
108531050841926,Shanu Yadav,Shanu Yadav,≤100
1521106071438318,CMO Chhattisgarh,Angle Advertising,≤100
2390620327875674,Gritzo - Personalized Nutrition For Your Child,These ads ran without a disclaimer,≤100
107153958711155,South First,south Fist,≤100
794494570665140,Rathod Bapurao,Kalyan Chandra Ponugoti,≤100
1785302198354679,Dr. Somendra Tomar,Somendra Singh,≤100
444000972398140,Dr. Ajay Dharam Singh,Ramkishan Singh Maninder Singh,≤100
102123079337554,International Society for Krishna Consciousness,ISKCON Delhi,≤100
165714096933078,Piyush Goyal,Piyush Goyal,≤100
468797023251148,Bhumireddy Rama Gopal Reddy,Sai Srinivas Reddy Bhumireddy,≤100
187873361569866,Nand Ghar,Aman Prakash,≤100
108863975396578,Bhumireddy For MLC,Bhumireddy For MLC,≤100
106271424467078,PangaeaX,These ads ran without a disclaimer,≤100
107725901457936,New Mother,Neelufer Mulla,≤100
105646032180920,Vaddiraju RaviChandra,Adwings Digital Media Pvt Ltd,≤100
1471570969737386,Dr Kuldeep Ujjwal,Vaibhav Mittal,≤100
100911185918117,News World India,Vaibhav Mittal,≤100
122131984855152,Dr. Debraj Shome,Dr. Debraj Shome,≤100
111281678536095,Kavali Jagan,Nagarjuna Reddy Kaipa,≤100
321849925071414,Dr. Parthasarathi,P V Parthasarathi,≤100
106802937934432,Padma venkat reddy,Banappagari Naren Sai Reddy,≤100
204318116677554,National Herald,National Herald,≤100
571167629925037,Ravi Boseraju,Somchandra Penumatcha,≤100
107183428120144,Dr C Saraswathi,Dr. C. Saraswathi,≤100
408255699307921,Dr. Manoj Rajoria,Saurabh Saini,≤100
587008988138630,Dinesh Desai,Pixatronix,≤100
295639383836442,Agewell Foundation,Aanchal Gupta,≤100
148931718592314,Tarun Chugh,Adv Tech,≤100
1408837089361736,Banappagari Venkat reddy,Banappagari Naren Sai Reddy,≤100
100579492974806,गरीबों का मोदी,Abinash Moharana,≤100
1706371292942156,"Ministry of Development of North Eastern Region, Government of India","Ministry of Development of North Eastern Region, Government of India",≤100
102218576103904,Badlaav ki Aandhi Priyanka Gandhi,Badlaav Ki Aandhi Priyanka Gandhi,≤100
113728284984635,E Mudra Loan,Anoop Kumar Pandey,≤100
474751009223949,Jaipur Literature Festival,Teamwork Arts Private Limited,≤100
104311631954217,Pharma Simplified,Dawa Charcha,≤100
263560423714979,Dr. Mahesh Sharma,Subham Singh,≤100
273392482699081,Rajendra Patni,Gyayak Patni,≤100
110115671863420,Kacche Din,Kacche Din,≤100
100469544979274,Nirav Shah,Nirav Shah,≤100
426895610773497,The Logical Indian,Ankur Kumar,≤100
112475780481777,Bahadur Singh Chouhan,Manoj,≤100
213947398791863,Dhananjai Singh Khimsar,Dhananjai Singh,≤100
708844685796745,OP Choudhary,OP Choudhary,≤100
1783001841927248,Nutan Odisha,Niti Pollsters Private Limited,≤100
756444751061088,Chandrashekhar,Dhananjay Awasthi,≤100
113073133805731,Desh Ki Baat Foundation,Krishna Kumar Yadav,≤100
994578073995343,B. L. Verma,Sourabh Arvind Dubey,≤100
109147591488151,SSMG,These ads ran without a disclaimer,≤100
100236283005200,Perika Suresh,Vijay Kumar Tapadia,≤100
105866742441036,E Mudra Loan,Govind Panda,≤100
1783001841927248,Nutan Odisha,Cloud & Loud Communications,≤100
112202337794471,Global Middas Foundation - Charitable Organization,GLOBAL MIDDAS FOUNDATION,≤100
104309177982140,Mummaworld.com - Learning Dino,These ads ran without a disclaimer,≤100
201297423396745,Rajendra Agarwal,Ishan Agarwal,≤100
2095140507231761,Valluru Jayaprakash Narayana,Anshika Srivastava,≤100
1924627484438235,Arlak Ayurveda,Swati Dhiman,≤100
104052753400618,Union Bank of India,Goldmine Advertising Limited,≤100
918414611597115,Amar Prasad Reddy,Venkata Satish Chandu,≤100
367693910079524,Mohit Jaswant Yadav Page,Mohit Yadav,≤100
107387685350041,life_coach_amann,These ads ran without a disclaimer,≤100
100878375837253,Happiesthealth,These ads ran without a disclaimer,≤100
318471954952040,Rajaram Meel,Raja Ram Meel,≤100
188872144758,CCTV,These ads ran without a disclaimer,≤100
629977310955589,Krishna Sharma,Ankit Sood,≤100
116574872487500,Wonder Home Finance,Wonder Home Finance,≤100
111777525150543,Barabar News,Nagarjuna Reddy Kaipa,≤100
276512419511205,Kathi Karthika,Policy Briefcase,≤100
140624336584770,Yogender Pal Singh Champawat,Akash Singh,≤100
702157376600034,Prints Publications,OmLogic Consulting Pvt. Ltd.,≤100
243524299157863,Pushkar Singh Dhami,Pushkar Singh Dhami,≤100
106240464785356,Anna Rambabu,Vutla Vinod,≤100
667862236707254,Rohit Kumar Singh,Arshad Ansari,≤100
113547448334699,Online E Mudra Loan,Ramlakhan Basor,≤100
150727778825020,Mobius Foundation,Mobius Foundation,≤100
109586651515894,Bipin Yadav,Narayana Digital Technologies,≤100
695738973874352,Dr. Sumer Singh Solanki,Sumer Singh Solanki,≤100
184278081698180,Ashok Gehlot,Ashok Gehlot,≤100
108437191907485,Replanet,Prabhindar Singh Chopra,≤100
102465501806712,Gunnala Sunithakka Sena,Gunnala Sunithakka Sena,≤100
111132015103321,K R Sridhara Reddy,K R Sridhara Reddy,≤100
105694514269834,North Eastern Region Community Resource Management Society,Shrinivas Ravichandran Nadar,≤100
660476430787331,Gaurav Pandhi,Gaurav Pandhi,≤100
241940555912671,Chandigarh University,Chandigarh University,≤100
360055177344642,Animal Equality India,Animal Equality India,≤100
2610079412396734,Amaresh Rai,Amaresh Kumar Rai,≤100
190037801030877,Fenesta Windows,These ads ran without a disclaimer,≤100
104580721493785,UNext Learning,These ads ran without a disclaimer,≤100
169359970347416,India Health Wise,India Health Wise,≤100
1932900346831325,Rajesh D Sanghvi,Rajesh Dineshchandra Sanghvi,≤100
100349413001872,Online Loan Solution,Govind Panda,≤100
312270156154705,G M Harish Balayogi,Politics for Impact,≤100
108775918807192,bonafide.legal,These ads ran without a disclaimer,≤100
615440561843630,Pusp Jain,Bharat P. Talaisha,≤100
285029500623,CARE India,CARE India,≤100
210520628992721,Kotak Mahindra Bank Ltd.,These ads ran without a disclaimer,≤100
110132160741768,Polstrat,Polstrat Communication,≤100
111560924353656,Swetha Reddy,Rajendra Reddy Bhuvanagiri,≤100
108722598160977,Indian Business Times,These ads ran without a disclaimer,≤100
103719915895025,Shri hari finance,Vikas Kumar,≤100
102091768921733,Ashok dubey bjp,Prashant Mahton,≤100
107189835639934,Loan for You,Govind Panda,≤100
100195662912820,Pranam Commission,Pranam Commission,≤100
1675237799375590,Chandra Mohan Patowary,Jitendra Newatia,≤100
365848783941122,Kannaparaju Kammila YSRCP,Mirthipati Satish Kumar,≤100
102063128591784,Alchemist,Alchemist,≤100
589797617804653,Kishor Jorgewar,Karansingh Sanjaysingh Bais,≤100
942022822506577,Rajeev Sagar Meday,political voice news,≤100
339835596096353,Satish Poonia,Choudhary Ramesh Chaudhary,≤100
577856385582447,Raghu Sharma,Kanishk Bansal,≤100
163190160489585,Vasundhara Raje,Vasundhara Raje,≤100
112964998285482,G V Narayana Reddy,Gv Narayana Reddy,≤100
111697604342383,Monica Rajeev Rajale,Ravindra Kishor Phalke,≤100
1088373891289696,Kamal yadav,Akash Singh,≤100
104314642271616,Rambir yadav,Rambir Yadav,≤100
112061804808512,Sports Development Authority of Bihar - SDAB,Ajit Kumar,≤100
231167140371342,Kanhaiya Lal Choudhary,Raghunandan Sharma,≤100
109735351891742,Apex India service,Ajay Tiwari,≤100
100684609345673,म्हारा छोरा,adv-tech,≤100
1955301821451552,Abhishek Dutta,Abhishek Dutta,≤100
1591483144479809,medc india,These ads ran without a disclaimer,≤100
1643791735841849,Save Earth Mission,Save Earth Mission,≤100
411129449009589,K.C. Venugopal,K.C.Venugopal,≤100
108721748160943,Sanjay Gupta,Sanjay Gupta,≤100
106524155654701,T Krishna Prasad Office,"Politicalvoicenews,com",≤100
1738702909766330,Basavaraj  Mattimadu,Nataraja,≤100
217210975073290,Laxmi Narayan Dave,Laxmi Narayan Dave,≤100
209895906179688,EFG - Efforts For Good,EFG Social Pursuit Pvt Ltd,≤100
106527322327055,WIPE - Women in Private Equity and Enterprise by Radically Yours,These ads ran without a disclaimer,≤100
475898282465005,Dr K Laxman,Vijay Kumar Tapadia,≤100
305754383582665,Bhosle Mohan Rao Patil,political voice news,≤100
106261054498841,Advocate Rajat Bhargava,Rajat Bhargava,≤100
107573648937666,E Mudra Loan,Ramlakhan Basor,≤100
598063060239925,Talentedge,These ads ran without a disclaimer,≤100
113649153374836,Sudhir Singla BJP,Sudhir Kumar Singla,≤100
252791995383178,Maharashtra Multimedia Communications,Shubhada Ashish Joshi,≤100
2338311123088065,Dhirendra Singh Chouhan,Manoj,≤100
103431795767026,Chand Siddiqui,Mohammad Chand Siddiqui,≤100
118480092895762,SafarUntravelled,These ads ran without a disclaimer,≤100
271711770069401,सुरेश धाकड़ राठखेड़ा,Gajendra Verma,≤100
2287198564853830,Raghu Rama Krishna Raju,Ganga Prasad Degala,≤100
113121360397048,Rajeev Khandelwal,Rajnarayan Gurjar,≤100
100664816307178,thakur_ansh1718,These ads ran without a disclaimer,≤100
246558505475210,Bala Ram Choudhary,Mukesh Choudhary,≤100
107545897823033,For Men India,Antara Das,≤100
531434090219534,Aam Aadmi Party Bangalore,Aam Aadmi Party Karnataka,≤100
102578761614485,Saqlain Kamdar,Saqlain Kamdar,≤100
100311932929616,femhealth_ke,These ads ran without a disclaimer,≤100
107859390939293,Mohammad Aman Khan - MAK,Mohammad Aman Khan - MAK,≤100
295405070641302,Balraj Kundu,Pankaj Sharma,≤100
112395020284536,Inquilab India,Inquilab India,≤100
1582832635365396,Umed Singh Dhull Sher Jaat,Sanjay Tiwari,≤100
101428778226855,Educately.org,These ads ran without a disclaimer,≤100
108590445220703,Infosys Springboard,These ads ran without a disclaimer,≤100
112300931755016,Pillamunishamappa- BJP Devanahalli,Pillamunishamappa- BJP Devanahalli,≤100
1597295260297184,"Kawasaki Heavy Industries, Ltd.",These ads ran without a disclaimer,≤100
2016227035330751,Viral Sach,Viral Sach Online Media,≤100
586563505080245,Adv Priyanka Dubey,Ruchi Pandey,≤100
157300124326821,Arlak Biotech,Swati Dhiman,≤100
105515161411695,Pankaj Singla,Anil Kumar,≤100
1822357177777568,Bhaiyya Gandhe,Malhar Mahendra Gandhe,≤100
1433968046833494,Manavlok Ambajogai,Manavlok Ambajogai,≤100
154161255255794,Gyaneshwar Patil,Rajnarayan Gurjar,≤100
364476590604680,SuryaSamachar,Ajit Kumar,≤100
101336485851893,Dr Hanuman Barala,Dr Hanuman Barala,≤100
1418673848396428,H D Kumaraswamy,Pancharatnayojane,≤100
111918647259407,Braj Kishor Meharda,Braj Kishor Meharda,≤100
102510444607569,verthindia,These ads ran without a disclaimer,≤100
111531112222453,SAHARA INDIA,These ads ran without a disclaimer,≤100
112326528253527,Apex Online Solution,Ajay Tiwari,≤100
344776312274829,Ashoka University,These ads ran without a disclaimer,≤100
111124004808615,Deswa News,These ads ran without a disclaimer,≤100
195167817324812,Pawan Khera,Indian National Congress,≤100
274625602685907,Nayab Saini,Praveen,≤100
112439267302454,Channaraj Hattiholi,Channaraj Hattiholi,≤100
108209555020383,B somashekar,RMT,≤100
321228061382932,Pt. Shekhar Dixit,Websofy Software Private Limited,≤100
106398618060114,Jayashankar S,Jayashankar S,≤100
1990248287670848,Shashank Mani शशांक मणि,Shashank Mani,≤100
105682567774739,Tajinder Singh Sran,Tajinder Singh,≤100
65555853280,Admiring Saharasri,These ads ran without a disclaimer,≤100
444275075662411,Dalu Ram Chahar,Dalu Ram Chahar,≤100
1360805680600676,Sandeep Kshirsagar,Yogesh Padmakarrao Pawar,≤100
1877498618981855,Rajesh Bhaida,Rajesh Kumar Meena,≤100
1325597657464869,VAISHNAV INFRATECH,Sukhneet Singh,≤100
1387883694644170,Md Mahtab Alam,Mohd Mahtab Alam,≤100
103207392085077,JP Valluru,Anshika Srivastava,≤100
1571167366231304,Ramakant Bhargava,Saket Bhargava,≤100
1559470284286071,M.K.Somashekar,Pranusha Mysore Somashekar,≤100
106828968996853,Ashish Kishnaram Nai,Suraj Kaul,≤100
350880081913337,Sahdev Salaria,Rajesh Jaswal,≤100
285403455681355,Railway Children India,Railway Children India,≤100
109743091649106,మన నరసరావుపేట మన నల్లపాటిరామచంద్రప్రసాద్,Kiran Kumar Chaavaa,≤100
423874327718687,Vikas Bhagat Fans Page,Sandeep Mishra,≤100
1677371689251351,Manoj Parkhe - मनोज अंबादास पारखे,Manoj Ambadas Parkhe,≤100
101613628900010,Smartway Wellness Pvt. Ltd.,Bhoomi Harendra Mistry,≤100
169527676803041,ReNew,These ads ran without a disclaimer,≤100
100335885275656,Mahendra Pal Meena,Mahendra Pal Meena,≤100
696662543693222,Manjunath Rajajinagar,Manjunatha,≤100
389557067910726,Arvind Menon,Pawan Sachan,≤100
113835334959597,lusty_mind,These ads ran without a disclaimer,≤100
197799933601096,Pujya Shashi Prabha Ji,Madan Mohan Tiwari,≤100
117136537919808,The Samikshak - द समीक्षक,The Samikshak - द समीक्षक,≤100
107538390972980,झारखंड प्रदेश यादव महासभा,Bajrangi Prasad Yadav,≤100
106880165205931,Vikram Gahlot,Naresh Kumar Shoeran,≤100
1057625124277051,Parmod Saluja,Royal Digitech,≤100
1084920798227029,Tambaram S R RAJA MLA,Sr Raja,≤100
186199704897466,RD Foundation,RD Foundation,≤100
103214551475043,Akhoury Onkar Nath,Kumar Ratnam Sharma,≤100
110580714603952,HueLoom,These ads ran without a disclaimer,≤100
110610365217910,Moti Singh Shekhawat,Nilesh Sharma,≤100
112932317091378,PDTV News,Nagarjuna Reddy Kaipa,≤100
102597425311635,Surya Pratap Singh,Surya Pratap Singh,≤100
348573042329009,Labh Chand Dhaker,Engitech Media,≤100
100362372914387,Mahesh Sathe - महेश साठे,Vaibhav Ganesh Chikhale,≤100
102128745481640,Newmi,These ads ran without a disclaimer,≤100
115609076489370,Pankaj PAL,Pankaj Kumar Pal,≤100
1643418169278971,Lakhabhai Sagathiya,Lakhabhai Jethabhai Sagathiya,≤100
524665794408050,CASA,Arushi Narchal,≤100
10150110302115599,Genesis Foundation,Genesis Foundation,≤100
112455577735638,Ashok Kumar,Arun Pratap Singh,≤100
210251616112761,India Development Review,India Development Review,≤100
103691661472274,Duryodhan Aihole,Duryodhan Aihole,≤100
108497578583588,Janpeace Live,Trishanu Kaushik,≤100
943033745828336,Satyaveer Aloriya,Satyaveer Aloriya,≤100
385658441549334,Deepak Bhati Chotiwala,Dipak Bhati,≤100
104052531702133,Shounak Das - BJP,Shounak Das,≤100
112067408482684,Neha Mahesh Bodane,Arjun Singh Solanki,≤100
268437163351102,Saurabh Srivastava,Saurabh Srivastava,≤100
102010991748513,Ashish Patel,Ashish Natwarlal Patel,≤100
182600871930746,Sujata Paul - India First,Sujata Paul,≤100
111096401719569,Colors of Life 色彩．人生,These ads ran without a disclaimer,≤100
105842864096860,Saket Sshah,These ads ran without a disclaimer,≤100
105352618893717,Shankar yadav,Shankar yadav,≤100
426854497508656,Dr.Phoolchand Bhinda,Phool Chand Bhinda,≤100
804538566410307,Sudhindar Moond,Rohit Githala,≤100
863961040416615,Punit Verma पूर्व उपाध्यक्ष विश्व हिन्दू परिषद् काशी प्रान्त,Punit Varma,≤100
363102827456018,Faraz Ul Islam,These ads ran without a disclaimer,≤100
102838152104730,Bjp kisan Morcha punjab,Ashish Soni,≤100
224787738121110,Manan Dani,Mananbhai Jatinkumar Dani,≤100
103336632699005,Team Munendra Kumar,Sunil K S,≤100
100750079455035,bizcoachneha,These ads ran without a disclaimer,≤100
104650345077917,Pratibha Singh,Pratibha Singh,≤100
346967155652729,Rajveer Diler,Kuldeep Sharma,≤100
101844802427541,Kuldeep Rajput,Kuldip Rajput,≤100
100240102800860,डॉ. शिव मोहन सिंह,International Centre for Stem Cells Cancer and Biotechnology,≤100
103248392086937,Suchna Tantra News,Yatendra Sukla,≤100
106412445020988,Samman afroz khan,Khandagre Sourabh,≤100
102447714973094,Yusuf Salahuddin,Yusuf Salahuddin,≤100
258965575007617,हुल्लड़,Harish Rasgotra,≤100
110847490543428,Vipul Kumar Salwan,Vipul Kumar Salwan,≤100
718246468212498,Gajanan Ghuge - गजानन घुगे,Gajanan Vitthalrao Ghuge,≤100
105870244728334,Lalit Batra,Lalit Batra,≤100
1966700650252559,Jitendra Sharma,Jitendra Kumar Sharma,≤100
551369295208243,Pusaram Godara,Pusaram Godara,≤100
102370509068053,News Junction,Parveen,≤100
103182355403293,Manthan2022,Amit Kumar Singh,≤100
787536031304217,Sharad Chaudhary,These ads ran without a disclaimer,≤100
135180180340322,Jitendra Verma,Arshad Ansari,≤100
100278856129103,Hima Sahu,Balram Singh,≤100
342300295978073,Syed Afzal Abbas,Syed Afzal Abbas,≤100
104321448836243,टीम आशुसिंह सूरपुरा,Tinkershala,≤100
105446072160586,Suprabhat Pragati,Akash Singh,≤100
104765761522667,Pankaj Dawar,The Social Prachar,≤100
924791427628665,Sunil Kelanka,Shivendra Shailendra Tiwari,≤100
1188100394624390,Abhay chaudhary,Bharat Kushwah,≤100
152154292012572,Navjivan,Navjivan,≤100
102785749762041,Parshottam Rupala,Piyush Mantri,≤100
100512571627874,Surendra Dotar - सुरेन्द्र दौतड़,Webtix,≤100
427521707672968,Gyana Ram Ranwa Chandpura,Shiv Charan,≤100
617711705242584,Khabarwaale Tv,Parminder Singh Jatpuri,≤100
767805023307544,Santosh Kumar Singh BJP,Akash Singh,≤100
1530456743864870,Dr Subedar shahapur,Shubham Kumar Gupta,≤100
102597521496954,Sandip University Sijoul,These ads ran without a disclaimer,≤100
106517211279292,Rajesh Katewa,Rajesh Katewa,≤100
441458716410790,Svamaan Financial Services Pvt Ltd,These ads ran without a disclaimer,≤100
506145529845123,Dilip Yadav,Jeet Chakraborty,≤100
1039557042789139,BJP Dadra & Nagar Haveli,Ashish Natwarlal Patel,≤100
1613686538669654,Ashok Singhal Foundation,Digital Xplode,≤100
291473511240647,Dr. Parminder Sharma BJP,Vinayak Sharma,≤100
181418895366896,Ganesh Joshi,Mayank Joshi,≤100
102323545504609,Rama Devi Chopra,Rama Devi Chopra,≤100
105940537995682,Deepesh Tandel,Bharatiya Janata Party,≤100
108067908001592,The rott,The rott,≤100
129734183878110,Om Prakash Dhankar,Anju,≤100
273332066175444,Abhinandan Educational and Welfare Society,Ashish  Chauhan,≤100
102334668505691,Mukesh Kumar Chopra,Mukesh Kumar Chopra,≤100
109224025284903,changematters_saahas,These ads ran without a disclaimer,≤100
250007248502240,Golu Shukla,Modi For PM Organization,≤100
103385029311235,Mohammed Aarif Bhati,Mohammed Aarif Bhati,≤100
1475773509416144,Shakeel Ahmed,Engitech Media,≤100
108536391949423,जनसेवक मंच,Pankaj Sharma,≤100
1433894153522813,Pramod Bhaya,Sharad Sharma,≤100
100614352313120,Ajeet Singh Sengar,Ashish Sharma,≤100
105608048991533,Sahityalok,Sahityalok,≤100
105978524767243,ರಾಷ್ಟ್ರೀಯ ಪಕ್ಷಗಳ ಮುಕ್ತ ಕರ್ನಾಟಕ,ರಾಷ್ಟ್ರೀಯ ಪಕ್ಷಗಳ ಮುಕ್ತ ಕರ್ನಾಟಕ,≤100
524665794408050,CASA,These ads ran without a disclaimer,≤100
288491622965691,B news,Syed Shafiulla,≤100
165234875610902,Dr k.k.Gokul,These ads ran without a disclaimer,≤100
102643838573054,Badam Devi Verma,Bhagwan Sahai Shyoran,≤100
106456887722695,Adesh Yadav BJP,Anil Kumar,≤100
102994271417943,Ashutosh Kumar Tripathi,Shishupal Kumar,≤100
126455024584757,Randeep Singh Deol,Randeep Singh,≤100
1874185392653723,Cabinet Minister Pramod Jain Bhaya,Rupali Sharma,≤100
100554955657786,Mobeen Ysrcp Vijayawada,These ads ran without a disclaimer,≤100
103536551465522,जेपी सिंह,Akash Singh,≤100
1371217389629971,Neelanshu Chaturvedi,Hemant Singh Baghel,≤100
102325429272140,AITC Debasish Mukherjee,Arpan Saha,≤100
1002191723202473,Suresh Sindal,Suresh Kumar Sindal,≤100
109546308136398,Sankar Dutta - শংকর দত্ত,Bholanath Dey,≤100
107081225202487,Dr.Anil Dabbu,Unikudos Software,≤100
1692446997478851,Divy Trivedi,Vikas Acharya,≤100
100757442269300,Devkaran Gurjar,Dev Karan Gurjar,≤100
106949818442504,The Water Chronicles,Prithviraj Nath,≤100
330699247884246,Sunil Kumar Kranti,These ads ran without a disclaimer,≤100
1336863726383886,Gopal Lal Sharma,Ganesh Thapa,≤100
394949397597991,Prince Raj Paswan,These ads ran without a disclaimer,≤100
139543086649744,Meena Chauhan Raison,Bipin Singh Papola,≤100
113101774385787,Avinash Kale,Pavan Laxmanrao Bhalerao,≤100
1806741026226045,Ramawatar Bijarnia,Narendra Singh Pachar,≤100
105095162405875,कोमल महावर वैर विधानसभा,Komal Mahawar,≤100
103242568933744,भारत विकास,Akash Deep,≤100
102351648972541,Ravi Kumar Mishra,Ravi Kumar Mishra,≤100
107567597838557,Dr CM Rajesh Gowda,Nagendra H N,≤100
135657743788459,Amit Chauhan,Amit Kumar,≤100
219514401576120,SG Suryah,SG Suryah,≤100
367203836657399,Rajendra Singh Surpura,Ganesh Thapa,≤100
988113031199582,Dr. Ramesh Chand Tomar,Ashutosh Mishra,≤100
196338294250820,Rohit Gangwal,Modi For PM Organisation,≤100
106458464393960,"अखिल भारतीय ग्राहक पंचायत, दिल्ली","अखिल भारतीय ग्राहक पंचायत, दिल्ली",≤100
108003928610605,Brahma Nand Shukla,Brahma Nand Shukla,≤100
107605957856546,Narendra Yadav,Narendra Yadav,≤100
1692202267574672,Parshuram Sisodiya,Ajay Nagriya,≤100
1003634343005791,Aanand Shukla - आनन्द शुक्ला,Arun Pratap Singh,≤100
100784414729765,Bhuma Kishore Reddy,Kishore Reddy Bhuma,≤100
2238647176463048,Dr.Vijender Singh,Anshul Kumar Gupta,≤100
689591581145844,G B JyothiGanesh MLA,G B JyothiGanesh MLA,≤100
102152441360906,Prakash Bhakar,Shiv Charan,≤100
100766795424041,मोदी योगी समर्थक,Nikhil Aggarwal,≤100
103261078360140,Rahul Singh Pathania,Rahul Singh Pathania,≤100
101091045259649,I.Saravanan,Boopathi Raja,≤100
761826677309909,Bhupinder Lather,Book My Promo,≤100
313259842689696,IAS Vishal Singh,Sandeep Kumar Sharma,≤100
172182742974160,Chunni Lal Sahu,Chunni Lal Sahu,≤100
100697835096377,Bhanu Pratap Singh Sikarwar- Chintu,Asheesh,≤100
101567692722036,Madurayin Udhay Anna - மதுரையின் உதய் அண்ணா,Madurayin Udhay Anna - மதுரையின் உதய் அண்ணா,≤100
342405536121574,Sachin Kundu,Dheeraj Paneri,≤100
103029875188694,UNI Global Union - Asia Pacific,These ads ran without a disclaimer,≤100
100417006046204,Nayan Kumar,Nayan Kumar,≤100
416058801922933,Bharat News,Bharat News,≤100
117008776838790,MD Nehaluddin,Deepak Kumar Jha,≤100
106319568342699,Seema singh,Priya Sharma,≤100
113577624961901,Balu lal Acharya BJP,Ganesh Kumar,≤100
174948422918011,Harshvardhan Shaktawat,Narendra Singh Pachar,≤100
643216342792266,দেবাশিস পণ্ডা ভারতীয় Debasis Panda Bhartiya West Bengal,Debasis Panda,≤100
1397767487148044,Jaidatta Kshirsagar,Jaydatta Sonajirao Kshirsagar,≤100
747930775373319,Saral Patel,Saral Patel,≤100
1181211801943489,Vishnu Dayal Ram,Nisant Kumar,≤100
145703105530196,Brahmachari Chaitanyanand Ji,Prashant Gupta,≤100
263209607683481,Ashok Singh Tomar,Bharat Kushwah,≤100
102927112109432,Priyal Bhardwaj,Arun Pratap Singh,≤100
116997354325105,Wg Cdr Anuma Acharya,Wg Cdr Anuma Acharya,≤100
100617825751591,Arun Singh - अरूण सिंह,Arun Pratap Singh,≤100
105999155405710,Pandit Avadh Sharma,Pawan Kumar Sharma,≤100
1949994445242062,Dr. Dineshanand Goswami,Sudhir Kumar,≤100
105479082152216,Ruhani Ilaaj aur Falnama,These ads ran without a disclaimer,≤100
529881643856534,Bhanuben Babariya,Piyush Mantri,≤100
222719048656244,Ved Prakash Ojha  IMC,Vivek Vashisth,≤100
102793528953730,ಪ್ರಭಾಕರ ಚಿಣಿ - Prabhakar Chini,Prabhakar H Chini,≤100
113932911625905,Santosh Pawar-साहेब,These ads ran without a disclaimer,≤100
102106021886833,A K Sharma,Harish Sahrawat,≤100
2078242259060363,Kukufm,Mohana Saha,≤100
1626071071002770,Roopsingh Meena,Anshul Kumar Gupta,≤100
112299140114374,Narendra Singh,Arun Pratap Singh,≤100
101006778533313,Daily7India,Raman Kumar,≤100
1810360509220564,Dr. Shyam Sunder Paliwal,These ads ran without a disclaimer,≤100
102632214510525,Kaneez Fatima,Mohammed Majid Ahmed Kajal,≤100
110967695146133,Govind Kumar Jain,Ganesh Kumar,≤100
102829916073446,Vikas Bhagat,Sandeep Mishra,≤100
106797518975875,P.Soundararajan,Soundararajan Balakumaran,≤100
113736628186529,"भीती नाही कशाची, भाजपा तुमच्या पाठीशी",Mahesh Dattatray Bhendekar,≤100
113600070339320,WWE Kavita Devi,WWE Kavita Devi,≤100
1428059204112781,Manish Kala - Nagaur,These ads ran without a disclaimer,≤100
472844082918408,Atik Kapadia,Krunal Ravindra Dalvi,≤100
126556238037512,Sanatani Doctor,These ads ran without a disclaimer,≤100
148039562030208,सुशील आनंद शुक्ल संचार प्रमुख छत्तीसगढ़ कांग्रेस,Arpit Jain,≤100
100576486289050,Sarkari job Yojna,These ads ran without a disclaimer,≤100
544607612271308,Surjeet Chaddha,Dheeraj Paneri,≤100
411884165679149,Sameer Raturi,Sameer Raturi,≤100
110197854912974,Sonu Singh Garg,Pratik Garg,≤100
423928144293931,Mahender Pratap Singh,Pankaj Sharma,≤100
107098928981983,Hitesh Kumar Jakhar,These ads ran without a disclaimer,≤100
184555718830204,Communiqué Film PR,These ads ran without a disclaimer,≤100
279484519067006,Anil Chopra,Ganesh Thapa,≤100
639198632867890,Purnima Sharma,These ads ran without a disclaimer,≤100
256786777695561,Anil Deshmukh,Vaibhav Gajendra Tumane,≤100
1704806346480363,Kuch Kahoon khabrien,Lalit Sharma,≤100
704847062939121,Ranbir Nandan,Ranbir Nandan,≤100
101267206239913,PMJDY,These ads ran without a disclaimer,≤100
112219407280675,Karnika Event Management,These ads ran without a disclaimer,≤100
106201902099112,दुष्टिकरण-Dushtikaran,Amit Kumar Singh,≤100
480171149151765,Asharam Thakur,These ads ran without a disclaimer,≤100
777771655697023,Aditya Shankar Prasad,Pramender Kumar,≤100
111419338439620,Congress Mukt BTM,Congress Mukt BTM,≤100
219588748935061,Sandeep Pandey,sandesh foundation,≤100
107148595058269,Adv Harita Mehta,Sandeep Kumar Rana,≤100
391654307564047,Abhinav Rajasthan Party,Ashok Choudhary,≤100
108542948753019,Naveen Kareriya,These ads ran without a disclaimer,≤100
141796253017351,Rohit Sehrawat - BJP,Luxmi Devi,≤100
713416382011902,Sahil Shivaji Kedari,Sahil Shivaji Kedari,≤100
370595720440333,Er Amit Singh Jadoun,Er Amit Singh Jadoun,≤100
102495502700858,Rakesh Pal Singh,Rakesh Pal Singh,≤100
108244632194929,देश की धड़कन-मध्यप्रदेश,Prashant Parashar,≤100
437736246329765,Anand Sagar,Daksh Dhankhar,≤100
100452136229191,Shyam Sundar Verma - Chairman Khalilabad,Nityesh Srivastava,≤100
107257065559692,Devendra Pareek Kekri,Ganesh Kumar,≤100
114331084875398,Arjun Passi,Aksh Bhargava,≤100
361031561139301,Rakesh Jangir,Rajesh Kumar,≤100
242760766146177,Capt Vikas Gupta,Vikas Gupta,≤100
865205693509145,Daily Samvad Australia,These ads ran without a disclaimer,≤100
764173310429888,MLA Arjun lal jingar,These ads ran without a disclaimer,≤100
109916533853207,AMIT KUMAR SINGH,Akash Singh,≤100
112093894576416,नया भारत,These ads ran without a disclaimer,≤100
1390206697870803,Ashwani Dulhera,Naresh Kumar Shoeran,≤100
102177129482199,Milan Varma,These ads ran without a disclaimer,≤100
626040200837891,Ashwini Paranjpe,Trivikram Kashinath Paranjpe,≤100
271269803067720,IUML Tamil Nadu State,Abdul Azees A,≤100
410841162390831,We Support TDP,We Support TDP,≤100
116417198030973,Adv Avinash jeengar,Ganesh Kumar,≤100
198435356947138,Centro Shoes,These ads ran without a disclaimer,≤100
103114495424832,Alok Ranjan IAS,Saurabh Lall,≤100
112333551648886,Kalpana Bhatnagar,Ganesh Kumar,≤100
104590325539529,Adv Harita Mehta Fan Club,Sandeep Kumar Rana,≤100
103423471127603,Kishun Kumar Das,Udit Kumar,≤100
101001572492285,Namaskar prasad,These ads ran without a disclaimer,≤100
1706371292942156,"Ministry of Development of North Eastern Region, Government of India",Arshad Ali,≤100
300613404067776,Ashok Tekam,These ads ran without a disclaimer,≤100
100250732439696,Rajesh Singh,Rajesh Rambali Singh,≤100
106394871443089,Amit Kumar Singh,Amit Kumar Singh,≤100
499235863474924,Samandar Patel,Vijesh Dhakad,≤100
269761569864265,Rao Padma,Kushal Reddy Rao,≤100
1661221460848858,किरण चौधरी,Vatsal Kumar,≤100
1743147019302453,Parminder singh sandhu,Parminder Singh,≤100
343572442966056,Dr Vivek Singh,Adv Tech,≤100
166645017163220,శివశక్తి మంత్ర సాధన,శివశక్తి మంత్ర సాధన,≤100
1965892256962634,Maharshi Singh,Kavita Kumari,≤100
231512217793516,Ashok Goel Mangaliwala,Ashok Kumar Goel,≤100
132806813793938,Paramjit Singh Sarna,Harjap Singh Dhingra,≤100
101068759508571,Ganesh Kumar Agarwal,Ganesh Kumar Agarwal,≤100
825870624112435,Ramesh Chandra Ratn,Arun Sharma,≤100
359202421309431,Sumit Pratap Singh,These ads ran without a disclaimer,≤100
225414627817407,JCBL Group,These ads ran without a disclaimer,≤100
106256564506749,Tarun Devi Das,Tarun,≤100
385303288239154,Raghuveer Singh Tanwar,Raghuveer Singh Tanwar,≤100
110794827459497,Dr Mamtamayi Priyadarshini,These ads ran without a disclaimer,≤100
111742727414488,Ujjawal kumar,These ads ran without a disclaimer,≤100
161234301090409,K Shivaramu,Right Media Tech,≤100
163007730946108,Sushma Ki Rasoi,These ads ran without a disclaimer,≤100
113356014587642,Anupam Sharma,Prashant Sharma,≤100
112016070704207,Sadguru Global Infotech,Sadguru Global Infotech,≤100
390976557590103,I Support Narendra Modi,I Support Narendra Modi,≤100
1903128456423353,Hansraj Ahir Office,Rajveer Arvind Choudhary,≤100
119359925428449,Bhupendra More - भुपेंद्र मोरे,Bhupendra Murlidhar More,≤100
101904789460041,Sanand Dhamija,These ads ran without a disclaimer,≤100
106905449007633,santosh.chauhan.31586,These ads ran without a disclaimer,≤100
143261639167841,Manish Pareek jaipur,Rajesh Goutam,≤100
103544656778013,Dr Akhilesh Prasad Singh,Akhiles Prasad Singh,≤100
113221617135066,Prerna Kalra,Prerna Kalra,≤100
168228334032318,Sat Sharma CA,Naveen Sharma,≤100
431454157629297,Mukesh Ahlawat,Nitish Kashyap,≤100
115281218148770,vishasaini,These ads ran without a disclaimer,≤100
502867826822646,Subhash Verma,Varun Tyagi,≤100
693289664149663,Dr. Shashikant Sharma,Dr. Shashikant Sharma,≤100
186838865139634,Unofficial : जगदीश चौधरी,These ads ran without a disclaimer,≤100
104441248861952,Neelam Aggarwal,Pankaj Sharma,≤100
289085061102499,Sukhwinder Singh Bindra,Sukhwinder Pal Singh,≤100
805526169610318,Shubhashray Housing India,shubhashray housing india,≤100
1527749444204842,Dr.Yogesh Kshirsagar,: Amol Sarjerao Mangalekar,≤100
109135725000095,Aman Deep Singh Bhathal,Aman Deep Singh Bhathal,≤100
111912855097439,Praveen Choudhary,Praveen Choudhary,≤100
100189608970240,Pappu Tripathi,Shubham Rajesh Mishra,≤100
300617407296261,Mohd Hassan Roomi,MOHAM‍MAD DANISH,≤100
104860424918954,दिल है हिन्दुस्तानी,Abhijit Kumar,≤100
104363591838025,Team Rakesh Rana,Shubham,≤100
107973687363774,अमित चौहान प्रधान भरतपुर,These ads ran without a disclaimer,≤100
106002969526358,Indian Media Book,These ads ran without a disclaimer,≤100
661990530879354,Learnet Skills Limited Chapra,These ads ran without a disclaimer,≤100
384574805474754,Happiness India,Krishan Kumar Saini,≤100
106901198117687,हिन्दू  जागरण मंच,These ads ran without a disclaimer,≤100
278423842321236,BJP Rajasthan,Bharatiya Janata Party (BJP),≤100
104652182000619,Gurjeet Singh Talwandi,Gurjeet Singh Cheema,≤100
140049632739723,Manjit Singh GK,Bhupinder Pal Singh,≤100
239920290089141,Punjab Now Hd,Amandeep Singh,≤100
170916380191246,"North Valley International School,Dumka",These ads ran without a disclaimer,≤100
2025252410936193,Shivaendra Pratap Singh,Shivendra Singh,≤100
110050398457453,Gk shinu goluwala,These ads ran without a disclaimer,≤100
105391488483017,Mera Farmhouse,These ads ran without a disclaimer,≤100
448753815559494,K N Chakrapani,Kodigehalli Nanjundappa Chakrapani,≤100
234556540237395,Vijay Bahadur Yadav - Adhyaksh Zila Panchayat Lucknow,Shivam Dubey,≤100
108725054829753,Pritimuchhappie,These ads ran without a disclaimer,≤100
107408180781147,ओम प्रकाश,These ads ran without a disclaimer,≤100
507964552901626,Khabar24 Express,These ads ran without a disclaimer,≤100
236500783397189,Kamlesh Paswan,Kamlesh Paswan,≤100
716085012115556,Today Bhaskar,Yashvi Goyal,≤100
118552134469003,Raju Batham Official,Raju Batham,≤100
1471670969584149,Guddu Kumar Singh,These ads ran without a disclaimer,≤100
101325909230536,Ram Kumar Singh,These ads ran without a disclaimer,≤100
102983308949343,Binod jaiswal,Vibhav Pandey,≤100
110819908611703,Natraj Company Pen Pencil Packing Home Work Job Call Me 7978601760,These ads ran without a disclaimer,≤100
1584395508448696,Manash Borah,Manash Borah,≤100
108159201571035,अरविन्द जायसवाल,Avadesh  Kumar,≤100
301482743520742,Aseem Gupta,Rani Devi,≤100
104025197797640,Matthew John - Short Story Teller,These ads ran without a disclaimer,≤100
106710367516739,Armen Parsighian,These ads ran without a disclaimer,≤100
192518364107436,Exness,These ads ran without a disclaimer,≤100
2276643792655926,Parallel Flight Technologies,These ads ran without a disclaimer,≤100
226830347447361,NordVPN,These ads ran without a disclaimer,≤100
112220134851421,Under the Sisterhood,These ads ran without a disclaimer,≤100
104904108993939,E-Green,These ads ran without a disclaimer,≤100
1668727020033292,Givaudan,These ads ran without a disclaimer,≤100
328923781647,Cat McLean,These ads ran without a disclaimer,≤100
107996315091233,月旦港事,These ads ran without a disclaimer,≤100
351671375760473,The GCCA,These ads ran without a disclaimer,≤100
105177130846994,Tech In Focus,These ads ran without a disclaimer,≤100
517231405008910,Global Landscapes Forum,These ads ran without a disclaimer,≤100
103659765532260,華夏focus,These ads ran without a disclaimer,≤100