﻿Page ID,Page name,Disclaimer,Amount spent (THB)
1686179558087025,ไพลิน เทียนสุวรรณ,ไพลิน เทียนสุวรรณ,623
318392915554883,ภิญโญ กิจเลิศไพโรจน์ - Pinyo Kitlertphairoj,ภิญโญ กิจเลิศไพโรจน์ - Pinyo Kitlertphairoj,404
102360756116291,แพรวพรรณ พุกพิบูลย์,Praewphan Pukpiboon,391
103493019318704,เพิ่มพงศ์ วงศ์ทรายทอง - เบลล์,เพิ่มพงศ์ วงศ์ทรายทอง,280
101274425792459,กิตติพงศ์ รวยฟูพันธ์ - ส.ก.ไอซ์ เขตทุ่งครุ,กิตติพงศ์ รวยฟูพันธ์ - ส.ก.ไอซ์ เขตทุ่งครุ,117
112969264517494,เพ็ญพิสุทธิ์ จินตโสภณ - Penpisut Jintasophon,Vatcharapong Wongkom,≤100
104427797605274,ดร.เฉลิมชัย ศรีอ่อน รัฐมนตรีว่าการกระทรวงเกษตรและสหกรณ์,ดร.เฉลิมชัย ศรีอ่อน รัฐมนตรีว่าการกระทรวงเกษตรและสหกรณ์,≤100
106492485566151,วิชิต วราศิริกุล เพื่อทุ่งครุ-ราษฎร์บูรณะ เราทำได้,Nattagid Manasermwong,≤100
105506537877790,Asset Plus Fund Management,These ads ran without a disclaimer,≤100
2131398436998925,ชนินทร์ รุ่งแสง ปชป.,ชนินทร์ รุ่งแสง ปชป.,≤100
345127652279503,มูลนิธิสากลเพื่อคนพิการ,มูลนิธิสากลเพื่อคนพิการ,≤100
183238185051108,อรรถวิชช์ สุวรรณภักดี,อรรถวิชช์ สุวรรณภักดี,≤100
100624122148338,โรงพยาบาลรวมใจรักษ์ สุขุมวิท 62 Ruamjairak Hospital Sukhumvit 62,โรงพยาบาลรวมใจรักษ์ สุขุมวิท 62 Ruamjairak Hospital Sukhumvit 62,≤100
101504656149099,Peace Sasipatra  - ศศิร์ภัทรา พชิราพิชาพัฒน์,Peace Sasipatra  - ศศิร์ภัทรา พชิราพิชาพัฒน์,≤100
539119526485380,ทนายใหญ่ ธิมาชัย,ใหญ่ ธิมาชัย,≤100
177948972256358,เอกนัฏ พร้อมพันธุ์ (ขิง),Chonticha Mahachai,≤100
109239188766815,ดร. วิทยา อินาลา,Klod Sawadputsra,≤100
520508461475632,เรียนเหอะ อยากสอน,These ads ran without a disclaimer,≤100
157659344260788,จุรินทร์ ลักษณวิศิษฏ์ Aoodda,Jurin Laksanawisit,≤100
102530815945359,องอาจ วชิรพงศ์,Areeya Namdokmai,≤100
296508406790,"Democrat Party, Thailand พรรคประชาธิปัตย์","Democrat Party, Thailand พรรคประชาธิปัตย์",≤100
100454798870209,พรรคเส้นด้าย - Zendai Party,พรรคเส้นด้าย - Zendai Party,≤100
109787271574897,Modern BKK,These ads ran without a disclaimer,≤100
115922723434700,ครูเจพีสรุปย่อ for Teacher,ครูเจพีสรุปย่อ for Teacher,≤100
111341764925564,สำนักสนับสนุนการพัฒนาระบบสุขภาพ - สำนัก 7 สสส.,สำนักสนับสนุนการพัฒนาระบบสุขภาพ - สำนัก 7 สสส.,≤100
204016840519336,ศ.ดร.นฤมล ภิญโญสินวัฒน์,ศ.ดร.นฤมล ภิญโญสินวัฒน์,≤100
622674297897819,Screenshirt2020,Screenshirt2020,≤100
719397704937772,AIA,These ads ran without a disclaimer,≤100
2046265545683549,เชียร์ลุง,เชียร์ลุง,≤100
514800142336756,ดร. นิพนธ์ แจ่มจำรัส ชลบุรี เขต 7,Kevin Maltig,≤100
107612328588715,The Voters,สันติสุข กาญจนประกร,≤100
382558248956531,กมลพัฒน์  ปุงบางกะดี่  เขตบางขุนเทียน,กมลพัฒน์  ปุงบางกะดี่  เขตบางขุนเทียน,≤100
106561034744198,ลอรี่ - พงศ์พล ยอดเมืองเจริญ,ลอรี่ - พงศ์พล ยอดเมืองเจริญ,≤100
2009054229181721,Nattacha Boonchaiinsawat - ณัฐชา บุญไชยอินสวัสดิ์,ณัฐชา บุญไชยอินสวัสดิ์,≤100
111531108139387,สุวัฒน์ ม่วงศิริ,These ads ran without a disclaimer,≤100
101372342567471,ต้นกล้า จรยุทธ จตุรพรประสิทธิ์ - TonKla Chorayuth Chaturapornprasit,Chorayuth Chaturapornprasit,≤100
538633149666112,กวีวงศ์ อยู่วิจิตร-ผู้สมัคร ส.ส. เขตบางนา พระโขนง พรรคเพื่อไทย,กวีวงศ์ เบิด อยู่วิจิตร,≤100
2263098807292933,ทนายศฤงคาร  ข่ายสุวรรณ์,Saringkan Khaisuwon,≤100
109316932096944,ดร.พร้อมพงศ์ นพฤทธิ์ - Dr.Prompong Nopparit,Prompong Nopparit,≤100
480222865705980,สรรเพชญ บุญญามณี,สรรเพชญ บุญญามณี,≤100
108508377637861,มุ้งจีบพระราม2 โรงงานผลิตมุ้งจีบ มุ้งลวด เหล็ดดัดทุกชนิด,กุหลาบ บัวสด,≤100
195119697286323,พุทธิพงษ์  ปุณณกันต์,These ads ran without a disclaimer,≤100
101573459356406,ภัทรพงศ์ ภัทรประสิทธิ์ - Phattrapong Phattraprasit,Suparerk Poopipatpinyo,≤100
365923533756876,Kleens อกไก่ปั่น,สันตยุต ทองวิลาศ,≤100
340110720173014,SaveThaiCuts,SaveThaiCuts,≤100
190923294988741,สอบครูผู้ช่วยนะ,สอบครูผู้ช่วยนะ,≤100
972019486321939,บู้ จเด็ศ จันทรา,จเด็ด จันทรา,≤100
100545119426784,พีระพันธุ์ FC,Bunsong Rodyo,≤100
114396410315247,ร้านสยามกีฬา-จำหน่ายชุดกีฬา/ปลีก-ส่ง,These ads ran without a disclaimer,≤100
601953326929372,ธัญวัจน์ กมลวงศ์วัฒน์ - Tunyawaj Kamolwongwat,Tunyawaj Kamolwongwat,≤100
1635406246730420,วรงค์ เดชกิจวิกรม - Warong Dechgitvigrom,Supaporn Sakuljuy,≤100
152665702176493,Ringsideการเมือง,Ringsideการเมือง,≤100
116679231319335,ตุ๊ก - กานสินี,Dunyawat  Bamrungchan,≤100
138456157620553,Deeple Thailand,These ads ran without a disclaimer,≤100
108515294626891,สอบข้าราชการท้องถิ่น By Thurakan,Chiraphorn Thuree,≤100
109253101480638,วรท ศิริรักษ์ - Warot Sirirak,วรท ศิริรักษ์ - Warot Sirirak,≤100
100932118600686,"เรารักลุงป้อม ""We love Lung Pom""",These ads ran without a disclaimer,≤100
224633698033299,The Better news,The Better news,≤100
118757751143686,อิทธิพล ชลธราศิริ - Itthiphon Chontharasiri - แบงค์ชัย,Itthiphon Chontharasiri,≤100
105797342104349,พี่ตาเล็ก โรจน์พิศาล อินทรักษ์,ทศวรรษ คงรอด,≤100
100915662043252,Denis Ads.,บริษัท เดนิส แอดส์ จำกัด,≤100
114914794432449,กฎหมายใช้สอบราชการ by Æ+,กฎหมายใช้สอบราชการ by Æ+,≤100
103418552677315,นันทวัชร์ กูลเกื้อศิประไพ,These ads ran without a disclaimer,≤100
101831726085555,พรรครวมแผ่นดิน ภาคเหนือ,These ads ran without a disclaimer,≤100
277320192288594,โอม จิรชาติ,โอม จิรชาติ,≤100
100744192938954,Nattapong Sumanotham - ณัฐพงษ์ สุมโนธรรม,Nattapong Sumanotham - ณัฐพงษ์ สุมโนธรรม,≤100
101903785231136,นายกไก่กังวาล ศักดิ์ชัย พิศาลผล,Thanachit Phraemuang,≤100
175034722553191,ดร.ลีลาวดี วัชโรบล,ลีลาวดี วัชโรบล,≤100
109720095237186,กษิรัช สุวรรณเพ็ญ - ประชาธิปัตย์ ตาก,Kasirat Suwanpen,≤100
133092590064183,Koktail Magazine - TFR,These ads ran without a disclaimer,≤100
2049695805294347,รั้วสำเร็จรูป Pros,These ads ran without a disclaimer,≤100
117054211335301,,These ads ran without a disclaimer,≤100
105929502780726,VOA Thai,These ads ran without a disclaimer,≤100