﻿Page ID,Page name,Disclaimer,Amount spent (INR)
168728359825851,HDFC ERGO General Insurance Company Limited,Span Communications,843
404746486258732,Project Nanhi Kali,Project Nanhi Kali,≤100
191399134327652,aramco,These ads ran without a disclaimer,≤100
170484126349815,Indian Cancer Society,Indian Cancer Society,≤100
466642616726169,Parul University,Parul University,≤100
330760810293224,HelpAge India,HelpAge India,≤100
283778738935226,Indian Steel Association,Sanjay Sinha,≤100
1974890332764107,Lokmat News - Hindi,Pranoti Vasant Dalvi,≤100
243524299157863,Pushkar Singh Dhami,Pushkar Singh Dhami,≤100
292216604197270,Harsh Sanghavi,Piyush Mantri,≤100
107395897271506,Kutumb,Swatantra Verma,≤100
479998865355592,Aditya Birla Group,Aditya Birla Group,≤100
111785508429928,Aramane Shankar,Aramane Shankar,≤100
118227367824577,Garuda Aerospace Pvt Ltd,Garuda Aerospace Pvt Ltd,≤100
133710429085,92.7 BIG FM,MRN Digital,≤100
104516512296314,Kartikeya Sharma,Adv Tech,≤100
174283119250672,Save the Children India,Bal Raksha Bharat,≤100
285029500623,CARE India,CARE India,≤100
103782051383159,School of Politics,School of Politics,≤100
100549119644561,Jo Ram Ko Laye Hain Hum Unko Layenge 2024,Abinash Moharana,≤100
101713962007976,Amrit Mahotsav,Amrit Mahotsav,≤100
15960887978,Taj Hotels,Taj Hotels,≤100
104052753400618,Union Bank of India,Goldmine Advertising Limited,≤100
104608051282548,Svish,These ads ran without a disclaimer,≤100
100735178208398,Udyami India,Samadhan Samiti,≤100
474751009223949,Jaipur Literature Festival,Jaipur Literature Festival,≤100
248431212597208,MP बोले फिर भाजपा,mp2023.com,≤100
277144919368106,Shahnawaz Chaudhary Bhartiya,Ankit Kumar,≤100
1785302198354679,Dr. Somendra Tomar,Somendra Singh,≤100
667862236707254,Rohit Kumar Singh,Arshad Ansari,≤100
184278081698180,Ashok Gehlot,Ashok Gehlot,≤100
105657368688353,Bharat Express,Akash Deep,≤100
168340283369722,Vaddepally Rajeshwar Rao,Vaddepally Rajeshwar Rao,≤100
30290552843,Greenpeace India,Greenpeace Environment Trust,≤100
1056010911168792,Prahlad Pujar,Prahlad Pujar,≤100
114233898263244,Indian Compass Videos,theindiancompass.com,≤100
30290552843,Greenpeace India,Greenpeace India Society,≤100
281641215591074,Indian Bank,Goldmine Advertising Limited,≤100
100475508592062,Sitaram Poswal,Bhagatsingh,≤100
101284198880936,The Unmute,Kamalpreet Singh,≤100
1689373261361383,Saurabh Bahuguna,Raj Singh,≤100
103242568933744,भारत विकास,Akash Deep,≤100
241940555912671,Chandigarh University,Chandigarh University,≤100
252791995383178,Maharashtra Multimedia Communications,Shubhada Ashish Joshi,≤100
313837766031848,Kuldeep Dhankar,Rahul Singh,≤100
1990248287670848,Shashank Mani शशांक मणि,Shashank Mani,≤100
106261054498841,Advocate Rajat Bhargava,Rajat Bhargava,≤100
112475780481777,Bahadur Singh Chouhan,Manoj,≤100
102218576103904,Badlaav ki Aandhi Priyanka Gandhi,Badlaav Ki Aandhi Priyanka Gandhi,≤100
116383754696955,Antardhwani - The Inner Voice,Antardhwani,≤100
10150110302115599,Genesis Foundation,Genesis Foundation,≤100
148931718592314,Tarun Chugh,Adv Tech,≤100
165714096933078,Piyush Goyal,Piyush Goyal,≤100
101719745754840,Business Guru Bharat,Akash Deep,≤100
411129449009589,K.C. Venugopal,K.C.Venugopal,≤100
186199704897466,RD Foundation,RD Foundation,≤100
107792554485544,Dr. Amit Singh Chauhan,VC infotech,≤100
122131984855152,Dr. Debraj Shome,Dr. Debraj Shome,≤100
108080828884036,Gehlot Phir Se,DesignBoxed,≤100
101032458576250,जनक आयुर्वेदा,Manisha,≤100
707035792708456,Banega Swasth India,These ads ran without a disclaimer,≤100
289085061102499,Sukhwinder Singh Bindra,Sukhwinder Pal Singh,≤100
112380805101804,All India Delivery,These ads ran without a disclaimer,≤100
444000972398140,Dr. Ajay Dharam Singh,Ramkishan Singh Maninder Singh,≤100
537021156329658,Sukhbir Singh Jaunapuria,Pankaj Sharma,≤100
1933277870119278,Rajeev Ranjan,Mahi Tech CMS,≤100
163117930522603,Kommune,Kommune,≤100
108531050841926,Shanu Yadav,Shanu Yadav,≤100
1644165492504830,Ramoji Gowda,Ramoji Gowda,≤100
605390272841833,Shrirang Appa Barne,Abhay Balu Ahire,≤100
994578073995343,B. L. Verma,Sourabh Arvind Dubey,≤100
101957386180265,Global Vacancy,Sehrab Manzoor Peer,≤100
100579492974806,गरीबों का मोदी,Abinash Moharana,≤100
201297423396745,Rajendra Agarwal,Ishan Agarwal,≤100
959860307481002,Kasu Mahesh Reddy,Thulasiram Banduchode,≤100
140072696102301,Pankajkumar Desai,Pankajkumar Vinubhai Desai,≤100
1408837089361736,Banappagari Venkat reddy,Banappagari Naren Sai Reddy,≤100
746568209028564,Dr. Basu Eye Hospital,Dr. Basu Eye Hospital,≤100
112326528253527,Apex Online Solution,Ajay Tiwari,≤100
150727778825020,Mobius Foundation,Mobius Foundation,≤100
1360805680600676,Sandeep Kshirsagar,Yogesh Padmakarrao Pawar,≤100
110115671863420,Kacche Din,Kacche Din,≤100
519900851681884,Ambareesh Pal Singh,Rocky Singh,≤100
1932900346831325,Rajesh D Sanghvi,Rajesh Dineshchandra Sanghvi,≤100
109675554729636,photopado,These ads ran without a disclaimer,≤100
111250540374218,Rajendra Dhirajpura,Khem Chand Yadav,≤100
2610079412396734,Amaresh Rai,Amaresh Kumar Rai,≤100
210251616112761,India Development Review,India Development Review,≤100
326102339565,Oxfam India,Oxfam India,≤100
2238940452991193,Santosh Pandey,Kunal Jitendra Ajmera,≤100
107725901457936,New Mother,Neelufer Mulla,≤100
102597425311635,Surya Pratap Singh,Surya Pratap Singh,≤100
106949818442504,The Water Chronicles,Prithviraj Nath,≤100
1783001841927248,Nutan Odisha,Cloud & Loud Communications,≤100
109735351891742,Apex India service,Ajay Tiwari,≤100
107730843915817,Rashmichadha,These ads ran without a disclaimer,≤100
783881145001898,Nirmal Kumar Surana,Nirmal Surana,≤100
113607111642214,Jayprakash Trivedi,Jayprakash Trivedi,≤100
367543720265501,Kiran Multi Super Speciality Hospital & Research Centre,These ads ran without a disclaimer,≤100
102822679137454,Shaktirath Singh “शक्ति”,Shaktirath Singh “शक्ति”,≤100
102580504962458,ink.my.life,These ads ran without a disclaimer,≤100
103719915895025,Shri hari finance,Vikas Kumar,≤100
132689140088396,smilefoundation,Smile Foundation,≤100
295405070641302,Balraj Kundu,Pankaj Sharma,≤100
102123079337554,International Society for Krishna Consciousness,ISKCON Delhi,≤100
102571638081024,Vipra sena,Pawan Kumar Sharma,≤100
198090980676319,Manish Sinha,Ashutosh Kumar,≤100
342300295978073,Syed Afzal Abbas,Syed Afzal Abbas,≤100
1387883694644170,Md Mahtab Alam,Mohd Mahtab Alam,≤100
101727051728960,Naadbramha Idli,Gaurav Dinesh Patil,≤100
108861325372008,Bharat Bhagya Vidhata,BharatBhagyaVidhata,≤100
611229999287106,Hanuman Choudhary,Kapil Chaudhary,≤100
101336485851893,Dr Hanuman Barala,Dr Hanuman Barala,≤100
103207392085077,JP Valluru,Anshika Srivastava,≤100
118147474539612,Tapas Das & Associates,Digital Deta,≤100
142099779224371,Shobin Mathew ഷോബിൻ മാത്യു,Shobin Mathew ഷോബിൻ മാത്യു,≤100
109546308136398,Sankar Dutta - শংকর দত্ত,Bholanath Dey,≤100
111412713935321,Atul Kumar kushwaha,Vikas Kumar Singh,≤100
107378771853942,Vedram Manhare,The VoloPV,≤100
1088373891289696,Kamal yadav,Akash Singh,≤100
1757441471197224,Hardik Patel,Hardik Patel,≤100
524665794408050,CASA,Arushi Narchal,≤100
246558505475210,Bala Ram Choudhary,Mukesh Choudhary,≤100
102112998968049,भाषण कला स्पेशल,Pavankumar Dadasaheb Jadhav,≤100
929086883906142,Usha Priyadarshi,Usha Priyadarshi,≤100
384000501947350,Devendra Yadav,Think First,≤100
105234459127980,Women Climate Collective,Women Climate Collective,≤100
520532458072812,Prerna Samsher Warpudkar,Rajratan Baburao Gore,≤100
1327351450720146,Pradhan Mantri Bhartiya Janaushadhi Pariyojana,Pharmaceuticals & Medical Devices Bureau of India,≤100
108015368279979,Solh Wellness,Omlogic consulting pvt. ltd.,≤100
408255699307921,Dr. Manoj Rajoria,Saurabh Saini,≤100
350880081913337,Sahdev Salaria,Rajesh Jaswal,≤100
102829916073446,Vikas Bhagat,Sandeep Mishra,≤100
162115051234970,Dharmendra Singh Lodhi mla,Dharmendra Singh Lodhi,≤100
103251851710926,Akula Srivani,Anjan Kumar Akula,≤100
708844685796745,OP Choudhary,OP Choudhary,≤100
101528805191590,Dr. Inigo Irudayaraj - Trichy East MLA,Stanislaus Inigo Irudayaraj,≤100
157300124326821,Arlak Biotech,Swati Dhiman,≤100
695738973874352,Dr. Sumer Singh Solanki,Sumer Singh Solanki,≤100
157411781636662,Hoodi Vijaykumar,Sharva Creative Communications,≤100
111392948516641,mrs_indra_bansal,These ads ran without a disclaimer,≤100
739221966159227,Rajesh Singh,Adv Tech,≤100
1924627484438235,Arlak Ayurveda,Swati Dhiman,≤100
321228061382932,Pt. Shekhar Dixit,Websofy Software Private Limited,≤100
361031561139301,Rakesh Jangir,Saurabh Singh,≤100
263901690694136,Akshay Sharma,Rahul Kumar Srivastava,≤100
2564644760228938,Pooja Kushwah,Pooja Kushwah,≤100
988113031199582,Dr. Ramesh Chand Tomar,Ashutosh Mishra,≤100
109141098395573,Inclusive Minds,Inclusive Minds,≤100
863961040416615,Punit Verma पूर्व उपाध्यक्ष विश्व हिन्दू परिषद् काशी प्रान्त,Punit Varma,≤100
100236283005200,Perika Suresh,Vijay Kumar Tapadia,≤100
1966700650252559,Jitendra Sharma,Jitendra Kumar Sharma,≤100
152154292012572,Navjivan,Navjivan,≤100
106299185623786,"Vivek Seth ""मोनू""",Ajay Kumar Shukla,≤100
109164725264837,salmanahmedkhan2307,These ads ran without a disclaimer,≤100
550287678727831,Bharath Reddy Ravula,Bharath Kumar Ravula,≤100
423874327718687,Vikas Bhagat Fans Page,Sandeep Mishra,≤100
107904105470394,Ankit Yadav,Ankit Yadav,≤100
107183428120144,Dr C Saraswathi,Dr. C. Saraswathi,≤100
271711770069401,सुरेश धाकड़ राठखेड़ा,Gajendra Verma,≤100
105866742441036,E Mudra Loan,Govind Panda,≤100
1923448157898612,Godhavari Anji Reddy,Godhavari Anji Reddy,≤100
104121972556162,Fans of Hoodi Vijaykumar,A Tech Media,≤100
660476430787331,Gaurav Pandhi,Gaurav Pandhi,≤100
171538063001636,Global Punjab TV,Navdeep Singh,≤100
101564641386325,Anand Bharose - आनंद भरोसे,Rajratan Baburao Gore,≤100
107236877319745,Inaaya Khan,Pawan Kumar Sharma,≤100
101875941327435,Akash jadhav,These ads ran without a disclaimer,≤100
140064983547766,Village Express TV,Arvind Kumar,≤100
108860051538355,Shafique Siddiqui Vice President BJYM Azamgarh,Shafique Siddiqui Vice President BJYM Azamgarh,≤100
103431795767026,Chand Siddiqui,Mohammad Chand Siddiqui,≤100
106802937934432,Padma venkat reddy,Banappagari Naren Sai Reddy,≤100
1783001841927248,Nutan Odisha,Niti Pollsters Private Limited,≤100
355739144465220,BJP Madhya Pradesh,Bharatiya Janata Party (BJP),≤100
108861495179406,Shah Alam urf Guddu Jamali,digital prachaar,≤100
346967155652729,Rajveer Diler,Kuldeep Sharma,≤100
105200588786709,Amit Pandey GURU,Amit Pandey,≤100
1571167366231304,Ramakant Bhargava,Saket Bhargava,≤100
103248392086937,Suchna Tantra News,Yatendra Sukla,≤100
747930775373319,Saral Patel,Saral Patel,≤100
390976557590103,I Support Narendra Modi,I Support Narendra Modi,≤100
104418098717773,Navinder Ahluwalia,Sukhneet Singh,≤100
276512419511205,Kathi Karthika,Policy Briefcase,≤100
385303288239154,Raghuveer Singh Tanwar,Raghuveer Singh Tanwar,≤100
301902473766068,முதல்வன் OPS,முதல்வன் OPS,≤100
108209555020383,B somashekar,RMT,≤100
1006309686054751,Ajayvir Singh Lalpura,Yash Bagh,≤100
252023092136537,Dinesh Pratap Singh,Dinesh Pratap Singh,≤100
105352618893717,Shankar yadav,Shankar yadav,≤100
101403169569627,Australia Work Permit,Sehrab Manzoor Peer,≤100
314312695389076,The Design Village,These ads ran without a disclaimer,≤100
108536391949423,जनसेवक मंच,Pankaj Sharma,≤100
111060981625185,Niket Kumar Sinha Fans,Niket Kumar Sinha Fans,≤100
104765761522667,Pankaj Dawar,The Social Prachar,≤100
110197854912974,Sonu Singh Garg,Pratik Garg,≤100
256050398281355,MD Chopdar,WEBTIX,≤100
168228334032318,Sat Sharma CA,Naveen Sharma,≤100
108159201571035,अरविन्द जायसवाल,Avadesh  Kumar,≤100
100549119644561,Jo Ram Ko Laye Hain Hum Unko Layenge 2024,Lipika Jena,≤100
109233501637555,_himalayan_beauty,These ads ran without a disclaimer,≤100
285403455681355,Railway Children India,Railway Children India,≤100
101328549241640,Ayaani Diamonds,These ads ran without a disclaimer,≤100
110194685265228,Praveen Jha,Adv Tech,≤100
204318116677554,National Herald,National Herald,≤100
1003634343005791,Aanand Shukla - आनन्द शुक्ला,Arun Pratap Singh,≤100
107257065559692,Devendra Pareek Kekri,Ganesh Kumar,≤100
109551095231534,Prashant Parashar,Prashant Parashar,≤100
281178765300088,Gopal Singh Shekhawat,Rohit Githala,≤100
1955301821451552,Abhishek Dutta,Abhishek Dutta,≤100
100452136229191,Shyam Sundar Verma - Chairman Khalilabad,Anant Digital Advertising Agency,≤100
102091768921733,Ashok dubey bjp,Prashant Mahton,≤100
107605562060427,वीरम सिंह जयसिंधर,Kalyan Singh,≤100
102497059315779,VVIP News,Punita Tyagi,≤100
111204658102781,Daily Care Foundation,These ads ran without a disclaimer,≤100
102106021886833,A K Sharma,Harish Sahrawat,≤100
116820444646397,Ramesh Singh,Ramesh Singh,≤100
102010991748513,Ashish Patel,Ashish Natwarlal Patel,≤100
295639383836442,Agewell Foundation,Aanchal Gupta,≤100
104633612411419,Dr Samir Kagalkar,Dr Samir Kagalkar,≤100
109027442133819,Dr. Sanjay Singh,Naveen Singhal,≤100
103292795931731,Rihasat khan,Akash Singh,≤100
102992382688876,moni2511,These ads ran without a disclaimer,≤100
101342226152296,Vinay Mishra,Hemant Singh Baghel,≤100
102447714973094,Yusuf Salahuddin,Yusuf Salahuddin,≤100
105870244728334,Lalit Batra,Lalit Batra,≤100
106517211279292,Rajesh Katewa,Rajesh Katewa,≤100
109138840964904,Mahendra singh,Mahendra Singh,≤100
102994271417943,Ashutosh Kumar Tripathi,Shishupal Kumar,≤100
1933053633633073,Sankalp Goswami,Bharat Kushwah,≤100
1612012092202484,Bharat patwari,Bharat patwari,≤100
140624336584770,Yogender Pal Singh Champawat,Akash Singh,≤100
115990078092211,Vikas Singh,These ads ran without a disclaimer,≤100
196338294250820,Rohit Gangwal,Modi For PM Organisation,≤100
101538858448134,The Summer News,The Summer News,≤100
427521707672968,Gyana Ram Ranwa Chandpura,Shiv Charan,≤100
111806568448032,Naveen Agarwal,Navin Agraval,≤100
1395097470761321,Vanga Madhusudhan Reddy,Gogireddy Sai Vaibhav Reddy,≤100
112061804808512,Sports Development Authority of Bihar - SDAB,Ajit Kumar,≤100
257916314892663,Dr Kaustubh Narayan Misra,Kaustubh Narayan Misra,≤100
1039557042789139,BJP Dadra & Nagar Haveli,Ashish Natwarlal Patel,≤100
145703105530196,Brahmachari Chaitanyanand Ji,Prashant Gupta,≤100
1434690276755183,P C Sharma,Prakash Chand Sharma,≤100
108151698882622,Global Placements,Sehrab Manzoor Peer,≤100
1701369040086950,ANIL JAIN MLA,Arjun Sharma,≤100
104052753400618,Union Bank of India,These ads ran without a disclaimer,≤100
114142491616490,Hanuman Sahay Gurjar,Indra Kumar Chopra,≤100
113665268317379,Mukesh Yadav Official,Mukesh Yadav,≤100
727427564040622,Ayush Choudhary,Ayush Choudhary,≤100
100955988374188,Shyambali Yadav,Prakhar Kashyap Singh,≤100
109022618722480,Prof. Nasir Ahmed,Prof. Nasir Ahmed,≤100
109986065209042,Mera Apna Rahul,MeraApnaRahul,≤100
101913964674756,Pramod yadav प्रमोद यादव,Rishi Kumar Yadav,≤100
100417006046204,Nayan Kumar,Nayan Kumar,≤100
1675237799375590,Chandra Mohan Patowary,Jitendra Newatia,≤100
115990078092211,Vikas Singh,Ravish Singh,≤100
367203836657399,Rajendra Singh Surpura,Ganesh Thapa,≤100
113577624961901,Balu lal Acharya BJP,Ganesh Kumar,≤100
103125628674152,Dushyant Raj Singh Chundawat Chittorgarh,Tanuj Nandwana,≤100
106932525621052,T H Suresh Babu Followers,Bharath Raj,≤100
101826308850080,SBB Trading company,Akash Singh,≤100
111872195073358,Kusum Sharma - Mona,Vcsmedia,≤100
111093541468416,Suresh kumar,These ads ran without a disclaimer,≤100
586551268422664,Bande Mein Hai Dum,DesignBoxed,≤100
102927112109432,Priyal Bhardwaj,Arun Pratap Singh,≤100
102838152104730,Bjp kisan Morcha punjab,Ashish Soni,≤100
102293796146152,Global Work Consultancy,Sehrab Manzoor Peer,≤100
2238647176463048,Dr.Vijender Singh,Anshul Kumar Gupta,≤100
617711705242584,Khabarwaale Tv,Parminder Singh Jatpuri,≤100
1944190992559993,Shivendra Vikram Shahi,Shivendra Vikram Shahi,≤100
274842592677222,Chhotelal Singh Kharwar,Prakhar Kashyap Singh,≤100
715515095146698,Gandra Venkataramana Reddy,Goutham Reddy Gandra,≤100
104172725896939,Radhey Shyam Nangal,Rahul Kumar Kirodiwal,≤100
522250264487836,K.B Prasanna Kumar,Avinash Nompi P,≤100
1645091929119301,Satyendra Pratap Shiva,Dharmendra Chhonkar,≤100
111627301005753,Abhinay Rai,Akash Singh,≤100
1802087953245529,Pavan Singh Rajput,Prakhar Kashyap Singh,≤100
426854497508656,Dr.Phoolchand Bhinda,Phool Chand Bhinda,≤100
167429247239052,Naveen Mishra BJP NOIDA,Naveen Mishra,≤100
449945121742046,Ravi Kumar Yadav,Venkata Satish Chandu,≤100
846994962145905,Manoj Kumar Aggarwal,Durga Kumari,≤100
106250808734383,Avnish Singh Chauhan 'Lovey',Avnish Singh,≤100
112333551648886,Kalpana Bhatnagar,Ganesh Kumar,≤100
113607803769884,Nattasha Sharrma,Policy Briefcase,≤100
274625602685907,Nayab Saini,Praveen,≤100
102323545504609,Rama Devi Chopra,Rama Devi Chopra,≤100
1893540457545685,Virendra Singh Tomar,Virendra Singh Tomar,≤100
111135334049877,Rakesh Thakur,Vikrant Shukla,≤100
115026291517831,less_is_muchmore,These ads ran without a disclaimer,≤100
235927540295291,"बलराम सिंह यादव उर्फ ""बल्लू भैया""",JS Infosoft,≤100
100589847991303,English NEWJ,Anant Bhardwaj,≤100
115181678138520,Relation First Digital Marketing Pvt Ltd,Relation First Digital Marketing Pvt Ltd,≤100
641322422989192,Shut The Fake Up,DesignBoxed,≤100
431454157629297,Mukesh Ahlawat,Nitish Kashyap,≤100
289614678602417,Chowkidar Ka Report Card,DesignBoxed,≤100
643216342792266,দেবাশিস পণ্ডা ভারতীয় Debasis Panda Bhartiya West Bengal,Debasis Panda,≤100
100967488604582,Keyur Anadkat,Keyur Anadkat,≤100
104736419210593,PACE INDIA,PACE - PET PACKAGING ASSOCIATION FOR CLEAN ENVIRONMENT,≤100
222719048656244,Ved Prakash Ojha  IMC,Vivek Vashisth,≤100
109276898694757,Manorath Nirala AAP,Kavita Kumari,≤100
1336863726383886,Gopal Lal Sharma,Ganesh Thapa,≤100
113125761613615,Namma CM Bommai,Recro Media,≤100
112816070484196,Saurabh Srivastava,Saurabh Srivastava,≤100
102861739422105,Kuldeep Rai Sharma,Policy Briefcase,≤100
102578761614485,Saqlain Kamdar,Saqlain Kamdar,≤100
2025252410936193,Shivaendra Pratap Singh,Shivendra Singh,≤100
453871308155116,I Support Sanjay Saraogi,I Support Sanjay Saraogi,≤100
767805023307544,Santosh Kumar Singh BJP,Akash Singh,≤100
250007248502240,Golu Shukla,Modi For PM Organization,≤100
264699524484395,Congress Hai Na,DesignBoxed,≤100
108497578583588,Janpeace Live,Trishanu Kaushik,≤100
109192210997511,Shakti Foundation,Thakur Shyamsinh Jiyalal Gadrel,≤100
108317665490916,Satyen Srivastava,Naveen Singhal,≤100
104908641373434,Anukriti Gusain Rawat,Anukriti Gusain,≤100
103601631233568,Try Today,Naveen Kumar,≤100
1706371292942156,"Ministry of Development of North Eastern Region, Government of India",Arshad Ali,≤100
111742450662753,News Unplugged,Chetan Varshney,≤100
113101774385787,Avinash Kale,Pavan Laxmanrao Bhalerao,≤100
106456887722695,Adesh Yadav BJP,Anil Kumar,≤100
100992536219420,Dr Chandrakant Anil Kranti,Akash Singh,≤100
110847490543428,Vipul Kumar Salwan,Vipul Kumar Salwan,≤100
111925291846236,Natraj pencil home job arjent ricavrment,These ads ran without a disclaimer,≤100
2095140507231761,Valluru Jayaprakash Narayana,Anshika Srivastava,≤100
108939271272352,"Hindu Ankit Bhatnagar  प्रदेश अध्यक्ष,अखिल भारत हिंदू महासभा",Ankit Bhatnagar,≤100
201156146959026,Mohinder Bhagat,Mohinder Paul,≤100
1677371689251351,Manoj Parkhe - मनोज अंबादास पारखे,Manoj Ambadas Parkhe,≤100
105167228984846,Ganesh Tiwari,These ads ran without a disclaimer,≤100
112132937023603,Nandlal Chauhan,Nandlal Chauhan,≤100
100396042984111,Raghuveer singh dangi,Tirupati Design,≤100
245675895557121,Pawan Goyal,Pawan Kumar Sharma,≤100
361031561139301,Rakesh Jangir,Rajesh Kumar,≤100
415332588877399,Banda Karthika Reddy,Chandra Reddy Banda,≤100
253298788099181,Banda Chandra Reddy,Chandra Reddy Banda,≤100
1002191723202473,Suresh Sindal,Suresh Kumar Sindal,≤100
116458781310492,Abhiram Singh,Abhiram Singh,≤100
825870624112435,Ramesh Chandra Ratn,Arun Sharma,≤100
104649209199401,Dr. Roop Singh,Surbhi Kumari,≤100
108339438818550,बारां पशु पक्षी अस्पताल,Rupali Sharma,≤100
105040639000304,Political Junction India,Sunita Singh,≤100
102466218341704,Aasna Jaiswal,Aasna Jaiswal,≤100
109672315406269,Loan,These ads ran without a disclaimer,≤100
102152441360906,Prakash Bhakar,Shiv Charan,≤100
172182742974160,Chunni Lal Sahu,Chunni Lal Sahu,≤100
835855713106275,Nauman Murtaza,Dhyanesh Raj Gupta,≤100
102275329396663,GS Shyam,Shyam Gollarahally Siddappa,≤100
112836015725391,Gautam Chakrabarty,Gautam Chakrabarty,≤100
111654838334899,सीताराम पोखरियाल,Akash Singh,≤100
219588748935061,Sandeep Pandey,sandesh foundation,≤100
342650006594516,Jayant Atbhaiya,Jayant Atbhaiya,≤100
1704806346480363,Kuch Kahoon khabrien,Lalit Sharma,≤100
224787738121110,Manan Dani,Mananbhai Jatinkumar Dani,≤100
394168494317389,MIT World Peace University,MIT World Peace University,≤100
107946518029943,Sheelu Sahu,Naveen Singhal,≤100
182600871930746,Sujata Paul - India First,Sujata Paul,≤100
102325429272140,AITC Debasish Mukherjee,Arpan Saha,≤100
108128467650275,Dr. Ramesh Chand Bind,Deepak Mishra,≤100
112202337794471,Global Middas Foundation - Charitable Organization,GLOBAL MIDDAS FOUNDATION,≤100
1337036716330736,Shankar Lal Kasana,Shiv Charan,≤100
103190405671092,Kheya Foundation,Chintu Haldar,≤100
100145262306819,Captain Rahul Tiwari Advocate,Rahul Tiwari,≤100
108115461913033,Shubham Mishra,Arun Pratap Singh,≤100
102465501806712,Gunnala Sunithakka Sena,Gunnala Sunithakka Sena,≤100
1678177965761136,ANKUR POPLY BJP,Ankur,≤100
1806466166242152,Rahul Raj Rastogi,Chetan Singh Kanyal,≤100
106806095100566,Abhishek Jain inc,Abhishek Jain,≤100
111419338439620,Congress Mukt BTM,Congress Mukt BTM,≤100
924791427628665,Sunil Kelanka,Shivendra Shailendra Tiwari,≤100
854256021383031,Vinod Sevan Lal Chandrakar,Tukesh Kumar Ratre,≤100
478000405599523,Dr. Anil Jain,Surbhi Kumari,≤100
100381598277258,Ashutosh dwivedi,Suraj Kaul,≤100
607252739670252,Dr. Prannay G Sharma,Kumar Ratnam Sharma,≤100
104441248861952,Neelam Aggarwal,Pankaj Sharma,≤100
475898282465005,Dr K Laxman,Vijay Kumar Tapadia,≤100
115029654859138,Bhartiya Jansamooh Dal,These ads ran without a disclaimer,≤100
100720419078919,Ajay Kumar Singh - Aditya,Arun Pratap Singh,≤100
1806741026226045,Ramawatar Bijarnia,Narendra Singh Pachar,≤100
269442696723658,Kuldeep kumar 'Deep kamboj Malukpura',Kuldeep Kumar,≤100
1548923041893741,Virender Singh Rathore,INC,≤100
1287678198049472,Child Help Foundation Outreach,Child Help Foundation Outreach,≤100
107605957856546,Narendra Yadav,Narendra Yadav,≤100
817607004928968,Narendra Shivaji Patel,Narendra Singh Patel,≤100
104349501516784,Babulal Kumawat,Shiv Charan,≤100
804940142947809,Aftab Azim Urf Pappu Azim,Mohammad Iftekhar Alam,≤100
105515161411695,Pankaj Singla,Anil Kumar,≤100
161234301090409,K Shivaramu,Right Media Tech,≤100
880061088804589,Sameer Bhati,Adv Tech,≤100
104831868860974,Narender Ghintala,Webtix,≤100
100375533004649,Kullhad Coffee Cafe,Ankita Singh,≤100
726297710718592,Maratha Virender Verma,Parveen Kumar,≤100
103205695784211,Vandana Verma,Vandana Verma,≤100
107014703325591,Ranjeet Patel,Prashant Gupta,≤100
104907232426205,काँव- काँव न्यूज़,Prakhar Kashyap Singh,≤100
104582665874995,theemissions,These ads ran without a disclaimer,≤100
101014809064585,Challa Sreelakshmi Bhageerath Reddy,Yadati Venkateswarlu,≤100
819472371739174,Simar Pratap Barnala,Simar Barnala,≤100
116997354325105,Wg Cdr Anuma Acharya,Wg Cdr Anuma Acharya,≤100
112373888414169,श्री सद्गुरू सदन सरकार पापमोचन घाट श्री धाम अयोध्या जी,These ads ran without a disclaimer,≤100
104696309228067,abhi_mental_,These ads ran without a disclaimer,≤100
506145529845123,Dilip Yadav,Jeet Chakraborty,≤100
106319568342699,Seema singh,Priya Sharma,≤100
100404872215907,Rishabh,Rishabh,≤100
790161057845682,Puja Saroj MLA,These ads ran without a disclaimer,≤100
105835354383422,Udbhav Public Charitable Trust,Anil Kumar,≤100
416058801922933,Bharat News,Bharat News,≤100
110994041490484,Dr. Surabhi - डॉo सुरभि,These ads ran without a disclaimer,≤100
113221617135066,Prerna Kalra,Prerna Kalra,≤100
129952997339452,Rajendra Maske,Rajendra Tukaram Maske,≤100
108003928610605,Brahma Nand Shukla,Brahma Nand Shukla,≤100
102032105157546,Jai Inder Kaur,Romanchit,≤100
962196203794480,Aditya Chauhan BJP,Ankit Pandey,≤100
109815321298064,Supriya Khemka,Shubham Singhal,≤100
108105565477389,Shankar Sudhakar Shingare,Aslam Afroz Kazi,≤100
1430194670587431,Chhattisgarh Vishwa Hindu Parishad -VHP,These ads ran without a disclaimer,≤100
138927162813391,Dailyhunt,Verse Innovation Pvt. Ltd.,≤100
100196004828444,North Eastern Council,Sourabh Arvind Dubey,≤100
109916533853207,AMIT KUMAR SINGH,Akash Singh,≤100
132806813793938,Paramjit Singh Sarna,Harjap Singh Dhingra,≤100
325602694251353,Rajeev Rai,Rajeev Kumar Rai,≤100
105940537995682,Deepesh Tandel,Bharatiya Janata Party,≤100
101613628900010,Smartway Wellness Pvt. Ltd.,Bhoomi Harendra Mistry,≤100
643001122724792,Shambhu Kumar,Punit Kumar Pandav,≤100
109340175425667,Manoj Mishra Fan Club,Abhijeet Shesh,≤100
103041106038822,नरेन्द्र सिंह चौहान बजरंगपुर,नरेन्द्र सिंह चौहान बजरंगपुर,≤100
256786777695561,Anil Deshmukh,Vaibhav Gajendra Tumane,≤100
236500783397189,Kamlesh Paswan,Kamlesh Paswan,≤100
138927162813391,Dailyhunt,These ads ran without a disclaimer,≤100
106603877968846,Poultry Success,These ads ran without a disclaimer,≤100
381937732180611,Vineet Joshi,Vineet Joshi,≤100
151640195016242,Madhusudan Bhinda,Narendra Singh Pachar,≤100
104632409230069,Dr. Rajesh Goria,These ads ran without a disclaimer,≤100
115065384860576,Global Permit & Vacancy,Sehrab Manzoor Peer,≤100
1053679008002022,VIPAN SOOD - KAKA,Abhay  Sood,≤100
105003275596934,শুদ্ধি,These ads ran without a disclaimer,≤100
1743147019302453,Parminder singh sandhu,Parminder Singh,≤100
110918958196244,Rajasthan Government Health Scheme - RGHS,Rajasthan Government Health Scheme - RGHS,≤100
112817124321428,expand.your.perception,These ads ran without a disclaimer,≤100
102899812612791,Govind Agarwal BJP,Govind Agarwal BJP,≤100
123049402886839,Him Express TV हिम एक्सप्रेस टीवी,These ads ran without a disclaimer,≤100
360055177344642,Animal Equality India,Animal Equality India,≤100
239920290089141,Punjab Now Hd,Amandeep Singh,≤100
331544177050160,Adv. Rahul Subhash Kool,Rahul Subhash Kool,≤100
364476590604680,SuryaSamachar,Ajit Kumar,≤100
103720399292904,insightswithabhi,These ads ran without a disclaimer,≤100
103395225600525,We support satpal paliya,These ads ran without a disclaimer,≤100
280151592660279,"Dr.Syed Naseer Hussain, MP, Rajya Sabha",Shayista Suman,≤100
411884165679149,Sameer Raturi,Sameer Raturi,≤100
260905593926582,Viraj Profiles Pvt.,These ads ran without a disclaimer,≤100
675674499123384,Sambhaji Patil Nilangekar,DIwise,≤100
113869574957343,अभिनव नाथ त्रिपाठी,Pranesh Kumar Mishra,≤100
257088004757863,ಪುತ್ತೂರಿನ  ಜನನಾಯಕ ಹೇಮನಾಥ್ ಶೆಟ್ಟಿ,These ads ran without a disclaimer,≤100
774085386059198,Voice Of Healthcare,These ads ran without a disclaimer,≤100
408032679785089,Ravinder Dabas Rocky,Ravinder Kumar,≤100
109830814975379,Raghu Parmar,Rinkesh Namdev,≤100
102048132457310,विक्रम सिंह जाखल,विक्रम सिंह जाखल,≤100
100546248910014,Generalknowledgefundamentals,These ads ran without a disclaimer,≤100
616572395111604,Mahendra Singh Ralawata,Mahendra Singh Ralawata,≤100
108835130728764,Rahul Tanwar,Rahul Tanwar,≤100
168091043932538,Digital Chanakya,PSST Digital Intiatives Pvt Ltd,≤100
104870714756377,Deepkamal Sharma,Deepkamal Sharma,≤100
761826677309909,Bhupinder Lather,Book My Promo,≤100
108156992053327,BYBIndia- India's Best Video Marketing Company,Sunita Singh,≤100
103261078360140,Rahul Singh Pathania,Rahul Singh Pathania,≤100
564340420252773,Amit Sihag,Ranvijay Lamba,≤100
212545768837564,Genesis Global School,These ads ran without a disclaimer,≤100
100154275745421,Ashish Upadhyay,These ads ran without a disclaimer,≤100
113736628186529,"भीती नाही कशाची, भाजपा तुमच्या पाठीशी",Mahesh Dattatray Bhendekar,≤100
470929816335236,Veer Sen Yadav,Veer Sen Singh,≤100
101007589571025,Pandit Pradeep Gaur,Pawan Kumar Sharma,≤100
395217057599276,Gaurav Singh,Gaurav Singh,≤100
114609593652124,Uma Khapre - उमा खापरे,Naveen Singhal,≤100
826804297449210,Daddu Prasad,These ads ran without a disclaimer,≤100
841171029605948,India News,These ads ran without a disclaimer,≤100
132678866906829,Paaduks,These ads ran without a disclaimer,≤100
1371217389629971,Neelanshu Chaturvedi,Hemant Singh Baghel,≤100
203795313615859,PDTV News,Sandeep Gowda Undrakonda,≤100
102897188475391,Dr. Bhaben Choudhury,Rohit Githala,≤100
178426709416684,Sonalika CSR,These ads ran without a disclaimer,≤100
102711824800805,Pawan Yadav,These ads ran without a disclaimer,≤100
693289664149663,Dr. Shashikant Sharma,Dr. Shashikant Sharma,≤100
105813284380310,Dee4unews,Deepak Kumar Bhandari,≤100
1450629991853191,Arvind Gupta,Arvind Gupta,≤100
555009411337356,Sanjeev Goel Sikka,Himanshu Sharma,≤100
485973368124928,RV Devraj,RV Devraj,≤100
124939914843922,Om Bishnoi,Om Bishnoi,≤100
100247939239154,I love Gusu,These ads ran without a disclaimer,≤100
109098014970060,Nature,These ads ran without a disclaimer,≤100
526079487415848,XCMG Group,These ads ran without a disclaimer,≤100
153063591397681,Amazon Web Services,These ads ran without a disclaimer,≤100
103128059291677,Saaraba,These ads ran without a disclaimer,≤100
199627563398392,"The Master's Class, LifeChange Church Wichita",These ads ran without a disclaimer,≤100
106672288161158,SPC Free Zone,These ads ran without a disclaimer,≤100
106688995373631,bitcoin.realm,These ads ran without a disclaimer,≤100
100991014867772,divya_nadig,These ads ran without a disclaimer,≤100
103559675885920,jkyogactivities,These ads ran without a disclaimer,≤100