﻿Page ID,Page name,Disclaimer,Amount spent (EUR)
111132404102621,Polltix,Polltix,≤100
153707501325987,Lietuvos Respublikos vyriausioji rinkimų komisija,Lietuvos Respublikos vyriausioji rinkimų komisija,≤100
151962321499506,DELFI.lt,DELFI.lt,≤100
93535661889,TV3 televizija,TV3 televizija,≤100
460195401047293,Enefit Lietuva,Enefit Lietuva,≤100
76783564232,Europos Komisijos atstovybė Lietuvoje,Europos Komisijos atstovybė Lietuvoje,≤100
198404080183024,Swedbank Lietuvoje,„Swedbank“ Lietuvoje,≤100
155075304519795,Vytautas Gapšys,Darbo partija,≤100
147547541961576,Council of the European Union,Council of the European Union,≤100
187111975181,Knygynų tinklas „Pegasas“,Pegasas,≤100
198404080183024,Swedbank Lietuvoje,These ads ran without a disclaimer,≤100
81004804444,Liberalai,Liberalai,≤100
106423011145207,Nacionalinė asociacija prieš prekybą žmonėmis,Nacionalinė asociacija prieš prekybą žmonėmis,≤100
190209177745566,Lietuvos valstiečių ir žaliųjų sąjunga,Lietuvos valstiečių ir žaliųjų sąjunga,≤100
287613331259579,M.G.Maksimalietis,M.G.Maksimalietis,≤100
1770790246511545,Perkuknyga.lt,Perkuknyga.lt,≤100
178362315106,European Parliament,European Parliament,≤100
200936741930,Kultūros ministerija,Kultūros ministerija,≤100
125379923659,Valdovų Rūmai,Palace of the Grand Dukes of Lithuania (Nacionalinis muziejus Lietuvos Didžiosios Kunigaikštystės valdovų rūmai),≤100
446301252118032,DELFI Kelionės,DELFI Kelionės,≤100
585702754804749,Kretingos moterų informacijos ir mokymo centras,Kretingos moterų informacijos ir mokymo centras,≤100
630229464086126,Lindström,Lindström,≤100
115107046595576,Krikščionių sąjunga,Krikščionių sąjunga,≤100
329664875610,SOS vaikų kaimai Lietuvoje / SOS Children's Villages Lithuania,These ads ran without a disclaimer,≤100
465577876815449,LRT RADIJAS,Lithuanian National Radio and Television (LRT),≤100
176464169358846,Lygių galimybių kontrolieriaus tarnyba,Lygių galimybių kontrolieriaus tarnyba,≤100
1266535153386545,Rimantas Dagys,Rimantas Dagys,≤100
2080715188925902,Vilniaus šilumos tinklai,AB Vilniaus šilumos tinklai,≤100
106953477435247,Juozas Olekas,EP S&D frakcijos Lietuvos delegacija,≤100
103696082543419,Advokatė Evelina Kiznė,These ads ran without a disclaimer,≤100
100500041463161,Nenutrink medžio,VŠĮ „Už savus“,≤100
1052857804792527,Asta Kubilienė LR Seimo narė,Asta Kubilienė,≤100
101521369455400,1000 voltų,These ads ran without a disclaimer,≤100
233692766675500,YIT Lietuva,"YIT Lietuva, UAB",≤100