﻿Page ID,Page name,Disclaimer,Amount spent (EUR)
580401892143117,AfD-Fraktion Mecklenburg-Vorpommern,AfD-Fraktion im Landtag Mecklenburg-Vorpommern,≤100
201065353264638,yello,yello,≤100
187394117987834,Bündnis 90/Die Grünen Mecklenburg-Vorpommern,BÜNDNIS 90/DIE GRÜNEN Mecklenburg-Vorpommern,≤100
273454591804,SOS-Kinderdorf Deutschland,SOS-Kinderdorf e.V.,≤100
102169625710148,ClimaClic,Burda Direct GmbH,≤100
164014383647221,BARMER,BARMER,≤100
218786540044,WWF Deutschland,WWF Deutschland,≤100
1173504606112676,Bundesministerium für Bildung und Forschung,Bundesministerium für Bildung und Forschung,≤100
513381125365479,Alternative für Deutschland Mecklenburg-Vorpommern - AfD MV,AfD Landesverband Mecklenburg-Vorpommern,≤100
22541752487,Greenpeace Deutschland,Greenpeace Deutschland,≤100
178362315106,European Parliament,European Parliament,≤100
82734241364,Campact e.V.,Campact e.V.,≤100
56497026719,SOS-Kinderdörfer weltweit,SOS-Kinderdörfer weltweit Hermann-Gmeiner-Fonds Deutschland e.V.,≤100
2135010219947091,MINTmagie,Bundesministerium für Bildung und Forschung,≤100
374927701107,Ostsee-Zeitung,MADSACK Market Solutions GmbH,≤100
478399422560922,KadeFungin,DR. KADE,≤100
105664798388099,Make.org,Make.org,≤100
111501317017740,Motatos Deutschland,Motatos,≤100
116335026590900,Mülltrennung wirkt,die dualen Systeme,≤100
1471258759768876,"Franz-Robert Liskow, MdL",CDU-Fraktion im Landtag Mecklenburg-Vorpommern,≤100
1062482463795133,Liebesleben,Bundeszentrale für gesundheitliche Aufklärung (BZgA),≤100
1508446642792459,Vattenfall,Vattenfall Deutschland,≤100
161273245888,Save the Children Deutschland,Save the Children Deutschland,≤100
102616273110279,Börsen-Zeitung,WM Gruppe,≤100
132717980133333,Renault,These ads ran without a disclaimer,≤100
121678260974,Initiative Neue Soziale Marktwirtschaft (INSM),Initiative Neue Soziale Marktwirtschaft,≤100
170688644503,UNICEF Deutschland,UNICEF Deutschland,≤100
106896292163793,mehr-schutz.de,AstraZeneca GmbH,≤100
236934790401,UNO-Flüchtlingshilfe,UNO-Flüchtlingshilfe,≤100
263503200272,Welthungerhilfe,Welthungerhilfe,≤100
75492447764,GLS Bank,GLS Bank,≤100
248913988520756,Union Investment,Union Investment Privatfonds GmbH,≤100
181622395207310,HANNOVER MESSE,These ads ran without a disclaimer,≤100
171844246207985,taz,TAZ Verlags- und Vertriebs GmbH,≤100
1440878759561839,WeMove Europe,WeMove Europe,≤100
136260152219,World Vision Deutschland e.V.,World Vision Deutschland e.V.,≤100
105231872947887,GU - Willkommen im Leben,Gräfe und Unzer Verlag GmbH,≤100
175212715823081,Thüringen entdecken,Thüringen entdecken,≤100
112369170621210,Deutschland spricht über 5G,"Dialoginitiative ""Deutschland spricht über 5G""",≤100
102898544642459,The Pioneer,Media Pioneer Publishing AG,≤100
109573920927141,Ichwillfair,Initiative für nachhaltige Agrarlieferketten,≤100
252085013582,ver.di,ver.di,≤100
200229763665425,Rheinhessische,Rheinhessische Energie- und Wasserversorgungs-GmbH,≤100
1565754943752371,Robert Farle,Robert Farle,≤100
150793518281117,Covestro,Covestro,≤100
107085727344683,Mein Schlüssel zur Welt,Bundesministerium für Bildung und Forschung,≤100
21289227249,FDP,FDP,≤100
103343858375708,Martin Schmidt - AfD MdL,Martin Schmidt,≤100
106815194718475,DGB in Mecklenburg-Vorpommern,DGB Region Rostock-Schwerin,≤100
1947378708884004,Initiative Frosch,Initiative Frosch,≤100
200752383293733,International Justice Mission,International Justice Mission,≤100
108633728581883,Rettet Biokraftstoffe,OVID Verband,≤100
614408642007931,Zurich,Zürich Beteiligungs-Aktiengesellschaft (Deutschland),≤100
135591596484147,ABDA - Bundesvereinigung Deutscher Apothekerverbände e. V.,ABDA - Bundesvereinigung Deutscher Apothekerverbände e. V.,≤100
103919417972272,Unabhängige Beauftragte für Fragen des sexuellen Kindesmissbrauchs,Unabhängiger Beauftragter für Fragen des sexuellen Kindesmissbrauchs,≤100
147245511963527,DGB,Deutscher Gewerkschaftsbund (DGB),≤100
389053494880517,Buderus Deutschland,Buderus Deutschland,≤100
1790920000965539,CDU CSU Europa,CDU/CSU-Gruppe in der EVP-Fraktion im Europäischen Parlament,≤100
108051069259615,Werner & Mertz GmbH,Werner & Mertz GmbH,≤100
123292927706635,junge Welt,junge Welt,≤100
2211978065729846,Bundesministerium für Ernährung und Landwirtschaft - BMEL,Bundesministerium für Ernährung und Landwirtschaft,≤100
81386795687,CSU (Christlich-Soziale Union),CSU (Christlich-Soziale Union),≤100
23216224900,Plan International Deutschland,Plan International Deutschland e.V.,≤100
100345702834585,All Out Deutschland,All Out,≤100
138211125407,TOM TAILOR,These ads ran without a disclaimer,≤100
332923170220,ONE Deutschland,ONE Deutschland,≤100
205407872835976,Gabor Steingart,Media Pioneer Publishing AG,≤100
846335975484709,The Generation Forest,The Generation Forest eG,≤100
511785248971976,"Bundesministerium für Familie, Senioren, Frauen und Jugend","Bundesministerium für Familie, Senioren, Frauen und Jugend",≤100
1200588670058774,LAND.SCHAFFT.WERTE,LAND.SCHAFFT.WERTE,≤100
21242962092,ClientEarth,ClientEarth Deutschland,≤100
718677004826671,Deutsche Umwelthilfe,Deutsche Umwelthilfe,≤100
111698888335211,Daskannkunststoff,ALPLA Werke Alwin Lehner GmbH & Co KG,≤100
439271012945907,Bürgerinitiative für den Erhalt des Kreiskrankenhauses Wolgast e.V.,Daniel Staufenbiel,≤100
2222058774520045,AWSH - Abfallwirtschaft Südholstein,Abfallwirtschaft Südholstein GmbH,≤100
109268274798247,E-Fuels-Forum,CLASSIC Tankstellen GmbH & Co. KG,≤100
103453699750,ROBIN WOOD e.V.,ROBIN WOOD e.V.,≤100
169367889785454,Arbeitgeberverband Gesamtmetall,Arbeitgeberverband Gesamtmetall,≤100
109316361840166,Climony For Future,climony,≤100
105220712376554,Greifswald Moor Centrum,Succow Stiftung,≤100
1093989863995799,hep,hep global GmbH,≤100
141410219264688,SENEC,SENEC GmbH,≤100
876651756010549,"WIR für Wolgast - Parteilos, Authentisch, Pragmatisch",Daniel Staufenbiel,≤100
1110204782371616,Die Moderne Landwirtschaft,Forum Moderne Landwirtschaft e.V.,≤100
2221049534807793,Bergener Freie Wähler,Matthies Knuth,≤100
223829854355699,Frosch,Frosch,≤100
1509790395958123,Aktion gegen den Hunger,Aktion gegen den Hunger,≤100
259770724096761,Animal Equality Germany,Animal Equality Germany e.V.,≤100
114554831934355,Tierschutzbund,These ads ran without a disclaimer,≤100
993853507487978,Freunde und Förderer des Tierpark Wolgast,Daniel Staufenbiel,≤100
352736338253081,Futurium,Futurium,≤100
310914216075022,KOSMOS Natur,These ads ran without a disclaimer,≤100
1845447639031005,Mayor Bradburn,These ads ran without a disclaimer,≤100
1096099377140176,karlsruhe.digital,Initiative karlsruhe.digital,≤100
53848679944,Laut gegen Nazis,Laut gegen Nazis e. V.,≤100
130534873659391,Green Planet Energy,Green Planet Energy eG,≤100
539968076139979,IVPU Verband,IVPU Industrieverband Polyurethan-Hartschaum e.V.,≤100
101274842793956,Greenpeace grad jetzt,Greenpeace e.V.,≤100
512403718895902,Wildtierschutz Deutschland e.V.,Wildtierschutz Deutschland e.V.,≤100
181535349099426,"Jörn König, MdB",Jörn König,≤100
116064499060160,Dirk Brandes - Für Niedersachsen im Bundestag,Dirk Brandes,≤100
510117665830401,Hilfetelefon Gewalt gegen Frauen,"Hilfetelefon ""Gewalt gegen Frauen""",≤100
165629350137468,Schaebens,Schaebens,≤100
200229763665425,Rheinhessische,These ads ran without a disclaimer,≤100
190633894286732,Diakonie Katastrophenhilfe,Diakonie Katastrophenhilfe,≤100
160355334000102,PLANT-MY-TREE,PLANT-MY-TREE,≤100
44511549119,Konrad-Adenauer-Stiftung,Konrad-Adenauer-Stiftung e.V.,≤100
445534105503218,BRITA Deutschland,These ads ran without a disclaimer,≤100
306105376225527,DGB Region Schleswig-Holstein Südost in Lübeck,DGB Region Schleswig-Holstein Südost,≤100
145944615464920,Polarstern Energie,Polarstern Energie,≤100
104389425384135,Arbeitgeber Land Hessen,Hessisches Ministerium des Innern und für Sport,≤100
133306764192,NABU Bundesverband,NABU Bundesverband,≤100
294772850956765,Green Forest Fund e.V.,GREEN FOREST FUND e.V.,≤100
341486659645594,FDP Fraktion Bundestag,Fraktion der Freien Demokraten im Deutschen Bundestag,≤100
260554787321422,TEEKANNE,TEEKANNE,≤100
1176675472454246,CAPinside.com,CAPinside GmbH,≤100
115791799979438,DGB Nord,DGB Nord,≤100
117738101626747,GP JOULE,GP JOULE GmbH,≤100
114186703597807,VIER PFOTEN,VIER PFOTEN,≤100
1967019790197412,Markus Wagner,"Markus Wagner, MdL",≤100
206584163580,Stiftung Mercator,Stiftung Mercator,≤100
108209480522423,Dr. Sylvia Limmer,Dr. Sylvia Limmer,≤100
303855196900,Paradigma,Ritter Energie- und Umwelttechnik GmbH & Co. KG,≤100
1077260675704647,Wohnglück,Impleco GmbH,≤100
369567809754486,Open Society Roma Initiatives,the Open Society Foundations,≤100
209697875758716,DIE JUNGEN UNTERNEHMER,Die Jungen Unternehmer,≤100
1393167744264822,Bundesministerium für Digitales und Verkehr,Bundesministerium für Verkehr und digitale Infrastruktur,≤100
626987914308883,PlanetCare,These ads ran without a disclaimer,≤100
214065808453,SPD Saar,SPD Saar,≤100
102722502036493,Basis-Verlag,basis-verlag,≤100
134483979119,Rosa-Luxemburg-Stiftung,Rosa-Luxemburg-Stiftung,≤100
413826305343387,Krautreporter,Krautreporter,≤100
110541501801364,Not Just Celsius,Interactive Media Foundation gGmbH,≤100
135984139804495,SoVD - Sozialverband Deutschland e.V.,SoVD - Sozialverband Deutschland e.V.,≤100
108205187698824,zaleo.,zaleo digital GmbH & Co. KG,≤100
120479081330563,Körber-Stiftung,Körber-Stiftung,≤100
2029265380719482,Roger Beckamp AfD,Roger Beckamp,≤100
140889782312,Friedrich-Naumann-Stiftung für die Freiheit,Friedrich-Naumann-Stiftung für die Freiheit,≤100
108128715197869,Landgericht Lübeck,Landgericht Lübeck,≤100
102488152777056,Gegen das Verbrennerverbot in Europa,Mobil in Deutschland e.V.,≤100
320901934918482,AfD KV Erding,AfD Kreisverband Erding,≤100
1142127912586458,Kreissparkasse Saarpfalz,Kreissparkasse Saarpfalz,≤100
203811066330443,Illustrations by Eden Lumaja,Eden Lumaja,≤100
399241730563,Quarks,Westdeutscher Rundfunk Köln,≤100
116449375528,foodwatch,foodwatch e.V.,≤100
2158012137543502,AfD-Fraktion im Bayerischen Landtag,AfD-Fraktion im Bayerischen Landtag,≤100
555679377916775,Thomas Diener,Thomas Diener,≤100
344190642723095,Schwertfeger & Kollegen GmbH,Schwertfeger & Kollegen GmbH,≤100
114554831934355,Tierschutzbund,Deutscher Tierschutzbund e.V.,≤100
134662743239116,academics.de,academics GmbH,≤100
567366010021216,Bundesministerium der Justiz,Bundesministerium der Justiz,≤100
109493261676726,Langen Müller Verlag,Langen Müller Verlags GmbH,≤100
100468876017523,Welcoming Out,Welcoming Out gUG (haftungsbeschränkt),≤100
300225473377094,indeon magazin,Medienhaus der Evangelischen Kirche in Hessen und Nassau GmbH,≤100
103602076015127,Petition,Helge Lehmann-O'Donnokoé,≤100
78309442751,Bayernpartei,Bayernpartei,≤100
105411962299479,AEF,AUDI AG,≤100
343364921106,Caritas international,Caritas international,≤100
128787593816071,TWOTHIRDS,These ads ran without a disclaimer,≤100
111705295179070,Новости Дня,These ads ran without a disclaimer,≤100
260106687889118,Kopp Verlag,Kopp Verlag,≤100
100496610017028,chrismon,chrismon,≤100
108451318499292,Paul Schild - Ihr Bürgermeister für Zimmern,Paul Schild - Ihr Bürgermeister für Zimmern,≤100
244729433744,SPIESSER.de,Orange YC GmbH,≤100
104524645800839,Alternative für Siegen - AfS-Fraktion,Alternative für Siegen - AfS-Fraktion,≤100
101124947919410,GermanZero,GermanZero e.V.,≤100
593476900673774,ifaw,ifaw,≤100
1837165769911040,Revolution in Deutschland 1918-23,Revolution in Deutschland 1918-23,≤100
2123640181285353,Filmwelt Verleihagentur,Filmwelt Verleihagentur,≤100
142130669982573,IG Med,IG Med e.V.,≤100
104425389118359,Dr. Florian Freund,Florian Rudolf Freund,≤100
1399389286871402,AfD  Ortsverband Neu Wulmstorf,Wolfgang Joachim König,≤100
127143338110,missio,missio,≤100
2043149952612291,Bvlb,BvLB Bundesverband der Lehrkräfte für Berufsbildung e.V.,≤100
444096578976263,Die Familienunternehmer/Die Jungen Unternehmer Bremen,Peter Bollhagen,≤100
112743275430520,International Campaign for Tibet Deutschland e.V.,International Campaign for Tibet Deutschland e.V.,≤100
164513593594332,Deutsche Aidshilfe,Deutsche Aidshilfe,≤100
100202601987964,KlimazukunftWald,Deutscher Forstwirtschaftsrat e. V.,≤100
980745905389116,Angehörige pflegen,Bibliomed Medizinische Verlagsgesellschaft mbH,≤100
613418012814959,"Edgar Naujok, MdB",Edgar Naujok,≤100
104895582101538,"Barbara Lenk, Mitglied des Bundestages",Barbara Lenk,≤100
198244400189055,Entega,ENTEGA Plus GmbH,≤100
144527739568157,Searchtalent,Searchtalent,≤100
411097566409046,AfD Fraktion Rathaus Offenbach,Christine Margarete Thüne,≤100
157935946201,co2online,co2online gemeinnützige Beratungsgesellschaft mbH,≤100
201300766652623,WAGO,These ads ran without a disclaimer,≤100
130545770309684,dzbank-derivate.de,DZ BANK AG,≤100
193357367900275,Business-Pendel-Bus,Tobias Franz Schemmel,≤100
108141357768918,PRIO1 - Das Klima-Netzwerk,Klimastiftung für Bürger,≤100
514480748740424,FES KommunalAkademie,"Friedrich-Ebert-Stiftung, KommunalAkademie",≤100
561953460655717,Social Media Ads,Alexander Dietrich,≤100
110328191845942,DieParusie.de,André Oswald Hartmann,≤100
105018555000761,Soziale Republik,Verein für konstruktiven Sozialismus e.V.,≤100
276040002549416,FREIE WÄHLER Bayern,Freie Wähler Bayern,≤100
117534528257937,Bund für Umwelt und Naturschutz Deutschland,Bund für Umwelt und Naturschutz Deutschland,≤100
2264160857188955,Kachelofenwelt,GVOB – GesamtVerband OfenBau e.V.,≤100
1793510380925494,USR Diaspora,Uniunea Salvați România - USR,≤100
493114614050311,FDP Lübeck,FDP Lübeck,≤100
191851397669230,VETO – Tierschutz,VETO - Tierschutz,≤100
720206555013629,Laufen macht glücklich,Laufen macht glücklich GbR,≤100
286350444716030,UN-Dekade Wiederherstellung von Ökosystemen,UN-Dekade-Büro c/o nova-Institut GmbH,≤100
90523314133,"Sozialistische Gleichheitspartei, IV Internationale - SGP","Sozialistische Gleichheitspartei, Vierte Internationale",≤100
151745764843684,Ostfriesische Inseln,These ads ran without a disclaimer,≤100
102492129806270,Waschbär Umweltversand,Waschbär GmbH,≤100
364100578376,SODI,Solidaritätsdienst International e.V.,≤100
214526595274349,BSH GmbH & Co.KG,BSH GmbH & Co. KG,≤100
322096293815,zrce.eu,Zrce.eu,≤100
101149122920703,jahnke_defence,These ads ran without a disclaimer,≤100
120285481321029,Lehramt in NRW-Fit ins Referendariat!,Stefan Reimer,≤100
107407945980041,Deutsches Kinderhilfswerk e.V.,Deutsches Kinderhilfswerk e.V.,≤100
186987537998430,SVG Straßenverkehrs- Genossenschaft,These ads ran without a disclaimer,≤100
101326131878243,GP Prüfservice,Marcus Pauli,≤100
137521576294353,Deutsche Kinderhilfe - Die ständige Kindervertretung e.V.,Deutsche Kinderhilfe - Die ständige Kindervertretung e.V.,≤100
110456255260710,Clean Energy 24,These ads ran without a disclaimer,≤100
882321835275858,BDH Bundesverband Rehabilitation,BDH Bundesverband Rehabilitation,≤100
1445157938907465,Nordgreen,These ads ran without a disclaimer,≤100
101356578776215,FEMOTION,These ads ran without a disclaimer,≤100
1572312559647154,SPD Harsewinkel,Ralf Dräger,≤100
110056008288031,Rechtsanwaltskanzlei Matthias Prinz - Mainz,Matthias Prinz,≤100
120519827980254,Karsten Klein,Karsten Klein,≤100
112063402178892,Suhrkamp Verlag,Insel Verlag,≤100
107389761091734,WooDu,WooDu GmbH,≤100
446308005441786,SPD Stormarn,SPD Stormarn,≤100
110288477351423,Blut Hilft Forschen,in.vent DIAGNOSTICA GMBH,≤100
139198812763279,Misereor,Misereor,≤100
141015715922682,Richtungswechsel,Klaus Werner Fricke,≤100
121097790490,Albert Schweitzer Stiftung für unsere Mitwelt,Albert Schweitzer Stiftung für unsere Mitwelt,≤100
158550170864069,Europäische Akademie Berlin,These ads ran without a disclaimer,≤100
307278593021308,Thomas Schnelle,Thomas Heinrich Schnelle,≤100
223078917757220,GEW Saarland,GEW,≤100
331622844197016,Robert Lambrou,Athanasios Robert Lambrou,≤100
230202191059203,SPD Ortsverein Salzwedel,SPD Ortsverein Salzwedel,≤100
1783417735277557,Martin Reichardt,Daniel Schneider,≤100
415367309037687,Klaus Esser,Klaus Esser,≤100
108524245520106,Новости дня,These ads ran without a disclaimer,≤100
160942617353194,Telgte - Großartige Kleinstadt,These ads ran without a disclaimer,≤100
291047031608523,USR Germania,Partidul Uniunea Salvați România,≤100
112359623465058,"Frieden, Wohlstand ohne Klimawandel - Mit Kernenergie",Christoph Wenzel Puppe,≤100
110802954153447,Klim,Klim GmbH,≤100
1919299591437713,Villa Sophie Label,These ads ran without a disclaimer,≤100
997341353721766,AFD Landkreis Wunsiedel,Christian Wolfgang Engel,≤100
848908368459075,André Wendt,André Wendt,≤100
107895321698840,bosse_rothe,These ads ran without a disclaimer,≤100
295607594795,Ärzte gegen Tierversuche e.V.,Ärzte gegen Tierversuche e.V.,≤100
948945635150056,AfD-Fraktion Hamburg,AfD-Fraktion Hamburg,≤100
274393199630147,Matthias Nölke,Matthias Nölke,≤100
205846648808,MAZonline / Märkische Allgemeine,MADSACK Market Solutions GmbH,≤100
373345956017070,Donnafugata,These ads ran without a disclaimer,≤100
100363378760233,via bonum,via bonum AG,≤100
496758530741370,BIOvative,These ads ran without a disclaimer,≤100
100668725394937,Hamburger Klimaschutzstiftung,Hamburger Klimaschutzstiftung,≤100
299817833444348,Plaste,These ads ran without a disclaimer,≤100
450345241685505,Welttierschutzgesellschaft - WTG e.V.,Welttierschutzgesellschaft - WTG e.V.,≤100
102118759383257,Nicolas Meyer,Nicolas Meyer,≤100
102118759383257,Nicolas Meyer,Freie Wählergruppe Frankenthal e.V.,≤100
22646353052,Bertelsmann Stiftung,Bertelsmann Stiftung,≤100
104253679099354,Heid Löper GmbH,These ads ran without a disclaimer,≤100
368169643204974,Deutsche Bank Schüler-Karriere,These ads ran without a disclaimer,≤100
1062165823986025,Netzwerk junge Bürgermeisterinnen und Bürgermeister,Netzwerk Junge Bürgermeister*innen,≤100
185890618101849,Romero Initiative - CIR,Christliche Initiative Romero,≤100
160954957393014,Kieler Nachrichten,MADSACK Market Solutions GmbH,≤100
99923813221,vorwärts,Berliner vorwärts Verlagsgesellschaft mbH vorwärts,≤100
117065414989292,IKK classic,IKK classic,≤100
198882567359885,Dostal & Partner,dostal & partner management-beratung gmbh,≤100
373673517230,Lübecker Nachrichten Online,MADSACK Market Solutions GmbH,≤100
40874340559,Mehr Demokratie e.V.,Mehr Demokratie e.V.,≤100
102226902810275,GoldenAge Motivation,These ads ran without a disclaimer,≤100
191399134327652,aramco,These ads ran without a disclaimer,≤100