﻿Page ID,Page name,Disclaimer,Amount spent (USD),Number of ads in Library
233603476696460,United Workers Party (Saint Lucia),United Workers Party,≤100,6
1547055452258211,Ernest Hilaire,Ernest Hilaire,≤100,2
1409638192624686,Allen Chastanet,Allen Chastanet,≤100,1
104099512361482,Funnies Now - Magazine,These ads ran without a disclaimer,≤100,1
101335125357095,Czapp,These ads ran without a disclaimer,≤100,1
111881424653695,Swank Guide,These ads ran without a disclaimer,≤100,1
145521742161580,International Association for the Study of Lung Cancer,These ads ran without a disclaimer,≤100,1
111283271603417,Taicang Entdecken,These ads ran without a disclaimer,≤100,1
114434291631957,The Style Gala,These ads ran without a disclaimer,≤100,1
1065631633538453,Physicians Across Continents,These ads ran without a disclaimer,≤100,2