﻿Page ID,Page name,Disclaimer,Amount spent (EUR)
466932616850613,Mon avis citoyen,Mon avis citoyen,≤100
101913792744033,Ma maison pour l’hiver,Ma maison pour l’hiver,≤100
131728280799594,PCF - Fédération de Seine-Maritime,Fédération de Seine-Maritime du Parti Communiste Français,≤100
39435457457,Greenpeace France,Greenpeace France,≤100
361932897649190,Kévin Mauvieux - Député de l’Eure,Kévin MAUVIEUX - Député de l'Eure,≤100
14053295787,Oxfam France,Oxfam France,≤100
106554597767346,UNHCR France,UNHCR France,≤100
5987042235,Ben & Jerry's,Ben & Jerry's,≤100
190767987677923,Institut Curie,Institut Curie,≤100
271026783614,Fondation ARC pour la recherche sur le cancer,Fondation ARC pour la recherche sur le cancer,≤100
112547358788607,CCFD-Terre Solidaire,CCFD-Terre Solidaire,≤100
110022688653635,Bilendi & Respondi,Bilendi SA,≤100
100707905881,Plan International France,Plan International France,≤100
384955301529344,Institut du Cerveau - Paris Brain Institute,Institut du Cerveau - Paris Brain Institute,≤100
129740893750695,Sexosafe.fr,Santé Publique France,≤100
109686207314440,Helios,Helios,≤100
114676815236667,AIDES,AIDES,≤100
383882575328659,GRTgaz,GRTgaz,≤100
173159234432,UNICEF France,UNICEF France,≤100
194934737335658,foodwatch France,foodwatch France,≤100
457316367752668,Info'Com-CGT,Info'Com-CGT,≤100
1757782394471400,Brut,Brut,≤100
154912951193067,Médecins Sans Frontières / MSF,Médecins Sans Frontières,≤100
79566127213,Challenges,Challenges.fr,≤100
100140410085507,350 France,350 France,≤100
156059567817323,Association e-Enfance,e-Enfance,≤100
278641698813937,Fondation Raoul Follereau,Fondation Raoul Follereau,≤100
147126052393,Libération,Libération,≤100
116070051527,Mediapart,Mediapart,≤100
100255681599847,Veolia France,Veolia,≤100
335868279790722,CIWF France,CIWF France,≤100
360872200698949,Afev France,Afev,≤100
506293686069420,Société Française d'Accompagnement et de Soins Palliatifs - SFAP,SFAP,≤100
113579678698073,La SPA - Société Protectrice des Animaux,La SPA - Société Protectrice des Animaux,≤100
155317537884626,Ordre de Malte France,Ordre de Malte France,≤100
1684441541609223,Pour l'Éco,Pour l'Éco,≤100
174152456808,Welfarm,Welfarm,≤100
229366650431028,BICE - Bureau International Catholique de l'Enfance,BICE - Bureau International Catholique de l'Enfance,≤100
107808105469097,La Dianétique - France,Digitalis,≤100
122037308191612,Make.org,Make.org,≤100
1510234335928226,Fondation de l'Armée du Salut - France,Fondation de l'Armée du Salut,≤100
176663393102,La Cimade,La Cimade,≤100
128938130499216,Fepem - Fédération des particuliers employeurs de France,FEPEM,≤100
154314278551,Union Syndicale Solidaires,Union Syndicale Solidaires,≤100
544425445579374,L'Œuvre d'Orient,L'Œuvre d'Orient,≤100
117709028343322,Association pour le Droit de Mourir dans la Dignité - ADMD,Association pour le Droit de Mourir dans la Dignité - ADMD,≤100
5755303613,La Chaîne de l'Espoir,La Chaîne de l'Espoir,≤100
1415350452093573,ONU Femmes France,ONU Femmes France,≤100
123674940994027,Revue Esprit,Revue Esprit,≤100
314443337102,GRDF,GRDF,≤100
100195759547382,Mobilisez-vous,Mobilisez-vous,≤100
256197435586,Handicap International - Humanity & Inclusion,Handicap International,≤100
241694996718264,NF Habitat,Cerqual,≤100
256197435586,Handicap International - Humanity & Inclusion,Handicap International - Humanity & Inclusion,≤100
120780477955028,Secours populaire,Secours populaire,≤100
301330928866,IVG : vous hésitez ? Venez en parler !,SOS détresse,≤100
278422012257681,Le Pacte,Le Pacte,≤100
160126917335883,Belfond,Belfond,≤100
182780988495923,CroissancePlus Grandir Ensemble,CroissancePlus,≤100
119691496094990,Omi,Omi SAS,≤100
194205247377292,Société de Saint Vincent de Paul - National,Société de Saint Vincent de Paul - National,≤100
403007780216717,En immersion,O tempora,≤100
100271488440946,Tandem,TANDEM FILMS,≤100
730681673751055,"Médicis, la mutuelle retraite des indépendants et entrepreneurs",Mediaplus France,≤100
100405989281079,Caisse de solidarité,Caisse de solidarité,≤100
169065407139584,Tilt,European Greens,≤100
1196196390526965,Facebook Surveys,These ads ran without a disclaimer,≤100
469201610080869,Binance,These ads ran without a disclaimer,≤100
625616024204368,DIGNITE international,Dignite International,≤100
839832142857967,Grand Fermage,Eurial (Grand Fermage),≤100
1620638098209175,SOS MEDITERRANEE France,SOS MEDITERRANEE France,≤100
1466667490217580,Arp Sélection,ARP Sélection,≤100
463705930368887,Réseau Action Climat,Réseau Action Climat,≤100
721882314614976,Particulier Emploi,FEPEM,≤100
2424950557563209,makesense,makesense,≤100
9547656123,Croix-Rouge française,Croix-Rouge française,≤100
54309785742,Fondation pour la Nature et l'Homme,Fondation pour la Nature et l'Homme,≤100
108689185410378,SUD Renault Trucks,SUD Renault Trucks,≤100
1091723164201031,TVCAT,Le Journal Catalan,≤100
187348407967116,Asmae - Association Soeur Emmanuelle,Asmae - Association Soeur Emmanuelle,≤100
413401852112275,La Mie de Pain,LA MIE DE PAIN,≤100
121693529673,Socialter,Socialter,≤100
382775905162847,Unlock France,Agir pour le climat,≤100
178362315106,European Parliament,European Parliament,≤100
475614645800988,Pour une santé solidaire – Solimut Mutuelle de France,Solimut Mutuelle de France,≤100
112272498474030,Seemly stamp,These ads ran without a disclaimer,≤100
107898832590939,European Commission,European Commission,≤100
137102989708866,Fondation Jérôme Lejeune,Fondation Jérôme Lejeune,≤100
107741745508015,Éric Minardi,Eric Minardi,≤100
1150185098382760,Fraternité générale,Fraternité générale,≤100
100987129201279,Stand With Ukraine - Les Européens aux côtés de l'Ukraine,Stand With Ukraine,≤100
208868999155447,UNADEV - Union Nationale des Aveugles et Déficients Visuels,Union Nationale des Aveugles et Déficients Visuels,≤100
108983128476286,Afpcnt Prévention des Catastrophes Naturelles et Technologiques,Association Française pour la prévention des catastrophes naturelles et technologiques,≤100
81753537108,TotalEnergies,TotalEnergies,≤100
108543658680802,Le mouvement Être-là,Être-là,≤100
100409798718581,Observatoire du Décolonialisme,Observatoire du décolonialisme,≤100
1625184487791517,cultur'easy,cultur'easy,≤100
1643393112549158,JHR Films,JHR FILMS,≤100
566508133498745,Klorane Botanical Foundation,Klorane Botanical Foundation,≤100
197118360320055,ONE France,ONE Fr,≤100
1165729723477945,Moniwan,Moniwan,≤100
1451772388394989,UNSA Fonction publique,UNSA Fonction Publique,≤100
489492277865574,SDI Syndicat des Indépendants et des TPE,SDI Syndicat des Indépendants et des TPE,≤100
109653018712050,Citoyen Engagé France,These ads ran without a disclaimer,≤100
103804191671034,Tilt,"Tilt, une initiative de l'AFD",≤100
237117385530,Paradiski,These ads ran without a disclaimer,≤100
539750169476777,Réseau Canopé,Réseau Canopé,≤100
128918249901,Nathalie Colin-Oesterlé,Nathalie Colin Oesterlé,≤100
297115661094216,V.O. Le cinéma indépendant,LUCKYTIME,≤100
106905277331650,Actu-Juridique.fr,Actu-Juridique.fr,≤100
100690358372357,Patrice Bessac,Patrice Bessac,≤100
364936960317601,Mondafrique,Nicolas Beau,≤100
305982272814433,Jean Paul Garraud,Jean Paul Garraud,≤100
876923129144814,Pollers,Pollers,≤100
146613439195230,Michel-Edouard Leclerc,Michel-Edouard Leclerc,≤100
279757933824,Parlement européen en France,Parlement européen en France,≤100
763722197034246,En Développement,These ads ran without a disclaimer,≤100
111262573859580,"ChrisAtis / poète, auteur, mélodiste",Philippe Christophe-tomatis,≤100
760397167359785,Teqoya,These ads ran without a disclaimer,≤100
124821480532,Max Havelaar France,Max Havelaar France,≤100
381251698674931,Vendredi,Vendredi,≤100
48643220735,PLANETE URGENCE,Planète Urgence,≤100
112727130288676,Linksgarden,G2 EDITION,≤100
179279165463695,Institut Catholique de Paris,Institut Catholique de Paris,≤100
879700642392104,BPCO Fédération France BPCO,Philippe Jean Sauveur Poncet,≤100
437713066267363,Programme EVE,Danone,≤100
119606718113453,Lagazette.fr,Infopro Digital,≤100
164743920229688,AELO - Association Nationale des Elus Locaux d'Opposition,AELO - Association des Élus Locaux d'Opposition,≤100
73169326515,Mouser Electronics,These ads ran without a disclaimer,≤100
138301850146155,AOC,AOC,≤100
113478244689265,Anthony Brosse Député du Loiret,Anthony Brosse,≤100
273467756541569,Agissons contre la cherté des carburants en Corse,Frédéric Poletti,≤100
747587115323097,Welcome to the Jungle France,Welcome to the Jungle,≤100
322525974467262,EFFICYCLE,EFFICYCLE,≤100
104893312129945,Histoire Itinérante,Arnaud Jacques Pierre Breton,≤100
140431706089748,Université Catholique de Lille,Université Catholique de Lille,≤100
244309777833,UCO Angers,Université Catholique de l'Ouest,≤100
111813051744,ACTION ENFANCE,ACTION ENFANCE,≤100
270122530294,Ouest France,Ouest France,≤100
102720589354950,République Souveraine en Normandie,République souveraine,≤100
376460652377147,Énergie Partagée,Énergie Partagée,≤100
1555658471149141,Afrikili.tv votre chaine d'opinions,Esperance Kodia Ngassaki,≤100
110580270670698,Thierry Bekhit Poursuivre Ensemble à St Romain De Jalionas,Régis Michel David Rigollet,≤100
1536553206605391,Jean-Lin Lacapelle,Jean-Lin Lacapelle,≤100
105391268907831,Thibaut François,Thibaut François,≤100
103549698296779,Ecopots,These ads ran without a disclaimer,≤100
110668648520718,Sommet de l’Économie,Challenges.fr,≤100
791628370904125,Iremmo - Institut de Recherche et d'Études Méditerranée Moyen-Orient,iReMMO,≤100
557139521084091,ICT Institut Catholique de Toulouse,Université Catholique de Toulouse,≤100
1449889331992039,Gestes Propres,These ads ran without a disclaimer,≤100
168289463816077,Classe de demain,These ads ran without a disclaimer,≤100
543966612290222,AJC Paris,AJC Paris,≤100
100720012954164,MCL Mouvement Citoyens Libres,Jean-Christophe De Pina,≤100
487095964809182,AFCAE,LUCKYTIME,≤100
110135545683962,Dulac Distribution,Dulac Distribution,≤100
527351247377965,European Committee of the Regions,European Committee of the Regions,≤100
109183418765673,Gertrude Media,These ads ran without a disclaimer,≤100
278117815576023,EU Justice and Consumers,These ads ran without a disclaimer,≤100
464100464392629,Béguey Coq Hurlant,Jean Luc Engler,≤100
146011089076620,Les Glorieuses,These ads ran without a disclaimer,≤100
745199745558971,Programme Octave,DANONE,≤100
102819209407776,Mahamoudou Soulama,These ads ran without a disclaimer,≤100
196305677194732,Bastide Niel,Bastide Niel,≤100
1996196050632970,HelloFresh,These ads ran without a disclaimer,≤100
140556749292891,National Library of Israel,These ads ran without a disclaimer,≤100
262134952380,Mozilla,These ads ran without a disclaimer,≤100
11949538375,China Dialogue,These ads ran without a disclaimer,≤100
100842618611379,BloomChic,These ads ran without a disclaimer,≤100
21552458050,Wazoku,These ads ran without a disclaimer,≤100