﻿Page ID,Page name,Disclaimer,Amount spent (TRY)
102095934751904,Deva Partisi,Deva Partisi,116
483282718428036,Meral Akşener,İYİ Parti,≤100
111162852275902,Uluslararası Af Örgütü Türkiye Şubesi,Uluslararası Af Örgütü Türkiye Şubesi,≤100
100910024639566,Ali Babacan,Deva Partisi,≤100
678793932148150,Muammer Keskin,Şişli Belediyesi,≤100
264542126931519,Elbistan Belediyesi,Elbistan Belediyesi,≤100
107677442072156,Bakış Açısı,Mustafa İlhan,≤100
105724511499805,Yeniden Refah Partisi,Yeniden Refah Partisi,≤100
588319621318434,Samsun Gümüşhane Dernekleri Federasyonu,Mustafa Seven,≤100
1439683329600228,Ümit Uysal,Ümit Uysal,≤100
498108350567415,Nilüfer Deveci,Nilufer Deveci,≤100
180404128680446,Dr. Şadi YAZICI,Dr. Şadi YAZICI,≤100
2701328356551452,Kürşat Engin Özcan,Kürşat Engin Özcan,≤100
100657151766139,DEVA Partisi Sinop İl Başkanlığı,Hakan Er,≤100
107924807410702,Samet Bağcı,Samet Bağcı,≤100
984877918214362,Samsun Haber,Samsun Haber,≤100
1625497601033947,Öztürk Yılmaz,Öztürk Yılmaz,≤100
759960337453594,Reis Erdoğan,Huseyin Rahat,≤100
1883376938386253,Ebedi Başkomutan Atatürk,Huseyin Rahat,≤100
176338225842984,Yeşil Sol Parti,These ads ran without a disclaimer,≤100
465887546792664,Halkın Kurtuluş Partisi - HKP,TAYFUR BİN,≤100
144096473392,Yeşil Gazete,Yeşil Gazete,≤100
108675144970867,7/24 Gündem,7/24 Gündem,≤100
101676781827774,İsmail Aynacı,Ismail Aynaci,≤100
1104153776387884,Halk Haber Ajansı,Resul Mesut Büyüksarı,≤100
103728271055286,Selçuk Kılıçaslan,Selcuk Kilicaslan,≤100
549579538907553,Erhan ÖZHAN I Bünyan I Kayseri,Erhan Ozhan,≤100
109407151806354,İsmail İnlidere,Ismail Inlidere,≤100
463215923715177,Mehmet Yiğiner,Bekir Koyuncu,≤100
815048841929079,M. Ergün Turan,M. Ergün Turan,≤100
298764070816267,Mehmet Tütüncü,Mehmet TÜTÜNCÜ Türkiye Temsilcisi,≤100
103167881182863,Temiz Enerji Haber Portalı,Temiz Enerji Haber Portalı,≤100
1418564168357732,Ali Sinanoğlu,Ali Sinanoğlu,≤100
100183629572435,Gün Gün Kurtuluş Savaşı,İlker  Tanrıverdi,≤100
1386832938211808,Doç. Dr. Necmettin Çalışkan,Beyzade Fm & Tv ile anlaşmalı,≤100
1614212022160759,Fehmi Yağlı,Fehmi Yagli,≤100
116153656459389,Niyazi Özçelik,Niyazi Özçelik,≤100
189962161189070,İsmailağa Camii,İsmailağa camii,≤100
2554061531272112,ssedaaa,These ads ran without a disclaimer,≤100
109632007076932,Türkiye Müteahhitler Birliği,TÜRKİYE MÜTEAHHİTLER BİRLİĞİ,≤100
849273831775608,Burhanettin Bulut,Burhanettin Bulut,≤100
506107706201274,Antalya Esnaf ve Sanatkarlar Odaları Birliği,Antalya Esnaf ve Sanatkarlar Odaları Birliği,≤100
834954409860187,Gamze Akkuş İlgezdi,These ads ran without a disclaimer,≤100
2171025259612438,Tufan Akan,Tufan Akan,≤100
113663270812985,Urfa Son Dakika,Ali Uzun,≤100
107160395294253,Füsun Çevik Karaman,Füsun Çevik Karaman,≤100
106789305232883,وكالة الشرق الأوسط الإخبارية,وكالة الشرق الأوسط الإخبارية,≤100
283657205667155,Mustafa Ali Fırtına,Mustafa Ali Firtina,≤100
2122382917784550,Şeref Albayrak Halfeti Belediye Başkanı,Şeref Albayrak Halfeti Belediye Başkanı,≤100
370465530355174,Mustafa Demir,Mustafa Demir,≤100
102637135553641,Serhat Uçak'la Şimdi Haberler,Serhat Uçak,≤100
106197277802679,H24global,H24global,≤100
1553641634884227,Sosyalizmde Rönesans,Mehmet Cagirici,≤100
111448048019972,مركز صدارة للمعلومات,مركز صدارة للمعلومات,≤100
220319391464566,Vahap Akay,Utku Yilmaz,≤100
568133920321788,Dr. Evren Dinçer,Dr. Evren Dinçer,≤100
111821271714950,Democracy Frontline - конкурс для українських митців,These ads ran without a disclaimer,≤100
259025094248205,Soroptimist International of Europe,These ads ran without a disclaimer,≤100