﻿Page ID,Page name,Disclaimer,Amount spent (PEN)
101665683225827,José Luna Gálvez - Pepe Luna,Laidy Diana Peceros Espinoza,1449
102251592774261,Coalición Ciudadana,Coalición Ciudadana,347
109019574560600,Aula Gaceta,Joel V. Supo Baldo,316
1490129174650573,OIM Perú,Organización Internacional para las Migraciones - OIM Misión en el Perú,169
1650216218535063,Oceana Perú,Oceana Perú,160
432950953564544,Pancho Massa,Francisco Massa,146
127832144570884,Hernan Sifuentes,Diana Huancaya Matos,143
264223880347121,Lampadia Oficial,LAMPADIA,126
100500902383840,Propuestas del Bicentenario,Videnza Fundación,≤100
503954226391483,Asociación Unacem,Daniel Vergaray D'Arrigo,≤100
525873954428340,Lucho Flores,Luis Ernesto Flores Reategui,≤100
112755042067857,Instituto Peruano de Economía - IPE,Instituto Peruano de Economía - IPE,≤100
1897126257190528,Instituto Latinoamericano de Capacitaciones Jurídicas-ILCJ,ILCJ,≤100
462790453744032,Sutep,Sindicato Unitario de Trabajadores en la Educación del Perú - SUTEP,≤100
534284396949027,Ilich López,Renzo Jireh Casas Torres,≤100
687691121319854,Ernesto Álvarez Miranda,Ernesto Julio Alvarez Miranda,≤100
799885966853487,Juan Carlos Zurek,Juan Carlos Zurek,≤100
142062936237878,Goberna,Goberna,≤100
100330785132565,Saca tu cuenta,Juan Jose Garcia Chau,≤100
1701687773439212,Giancarlo Guido Casassa Sánchez,Giancarlo Guido Casassa Sánchez,≤100
107756041807121,oxfam_es,These ads ran without a disclaimer,≤100
316564475960113,Estudio Jurídico Tarazona & Asociados,Diego Alberto Isla Yengle,≤100
100283442359203,Fernando Arce Alvarado - Parlamentario Andino,Javier Fernando Arce Alvarado,≤100
474392346103738,RCR Red de Comunicación Regional,Red de Comunicación Regional,≤100
455802295156178,Nuestramerica TV,Crhistian Jorge Peralta Ramírez,≤100
341727142519006,Demus-Estudio para la Defensa de los Derechos de la Mujer,DEMUS - Estudio para la Defensa de los Derechos de las Mujeres,≤100
106098962386473,Partido Unidad y Paz - Lima Norte,Adrián Blas,≤100
338981689449524,Raúl Diez Canseco Terry,Percy Ramirez Ramos,≤100
233943790279421,Jaime Salomón,Antonio Baldwin,≤100
107507472129022,Pedro Guevara,Pedro Antonio Guevara Yovera,≤100
106786740963092,ADAS - Asociación para el Desarrollo Agropecuario Sostenible,Amaru Consultores,≤100
231380830718778,Héctor Melgar - Barbachita por El Tambo,Héctor Melgar Sandoval,≤100
108612759471258,Colegio de Ingenieros del Peru CD Lambayeque,CIP CD LAMBAYEQUE,≤100
116301553829102,Cedren,Cedren,≤100
200857600643943,Intercambio,Compañía de Jesús Provincia Del Perú,≤100
131347596900240,Servindi,Arnol Piedra Sosaya,≤100
107739738377114,ONG Corazón,Josué Natanael Córdova Ayac,≤100
237862703076530,Ya Vuelta TV,Mario Martin Paredes Lostaunau,≤100
472058086186358,Ari Rivera,ARI-TELCH RIVERA DE LA CRUZ,≤100
105333165416452,constantino.sc,These ads ran without a disclaimer,≤100
1097610150311890,Grupo ISP,Grupo ISP,≤100
196140697656186,Len Corell,Ricardo Felix Coral,≤100
228448875146,OtraMirada,Otra Mirada,≤100
1805183599788143,Silvia Monteza,Héctor Melgar Sandoval,≤100
726639864121599,Perla Espinoza,Maria Perla Espinoza Aquino,≤100
110655500486226,mikefinseth,These ads ran without a disclaimer,≤100
101924456538234,Sociedad Nacional de Industrias,Sociedad Nacional de Industrias,≤100
101053675911037,Fabri & Asociados Consultoría Política y de Mercadeo,Whilber Eugenio Huallanca Conde,≤100
185892045684345,Municipalidad Distrital de Curimana 2023 - 2026,Samuel Alvarado Sifuentes,≤100
177854402389449,Imdosoc,These ads ran without a disclaimer,≤100
105566838477273,Leonor Carolina Romero - Abogada,Julio César Silva Meneses,≤100
161024241267665,Julio César Silva Meneses - Abogado,Julio César Silva Meneses,≤100
145417182805675,Ricardo Grados - Los Olivos,Omar Jaime Coronado Juarez,≤100
115345883621614,Víctor Aguilar,Electo,≤100
357074488717821,Sintonia Politica,These ads ran without a disclaimer,≤100
101090099546806,greenlybachue,These ads ran without a disclaimer,≤100
103124019069931,clara_klum,These ads ran without a disclaimer,≤100
446695028860294,NotiCentro - Perú,Graciela Monica Yzarra Diaz,≤100