﻿Page ID,Page name,Disclaimer,Amount spent (EGP)
145505648808327,Resala Charity Organization - جمعية رسالة للاعمال الخيرية,Mohamed Al Ayyat,646
145505648808327,Resala Charity Organization - جمعية رسالة للاعمال الخيرية,Resala Charity Organization - جمعية رسالة للاعمال الخيرية,339
798673866859390,ETC TV,ETC TV,169
550280998481446,Rasha Kelej,Rasha Kelej,≤100
110877857406073,المهندس حسام لبن,المهندس حسام لبن,≤100
666470146818916,مؤسسة جبر القلوب,Mohamed Elsafty,≤100
121502487925668,د/ محمد الجندي - Mohamed Elgendy,د/ محمد الجندي - Mohamed Elgendy,≤100
1579361805610086,أحمد بلال البرلسي - عضو مجلس النواب المصري,أحمد بلال البرلسي - عضو مجلس النواب المصري,≤100
192320965049184,الإعلامية نيفين منصور,Nivine Mansour,≤100
1994786354105727,النائب أحمد فرغلى,احمد فرغلى,≤100
106719921012688,Ahmed Bahaa Shalaby-أحمد بهاء شلبي,Integrated Marketing Communications For Media.IMC,≤100
532134937722830,النائبة أميرة بهاء الدين أبو شقة,Gehad Ali,≤100
181524565276709,الهلال الأحمر المصري - Egyptian Red Crescent,الهلال الأحمر المصري - Egyptian Red Crescent,≤100
166420296805460,حزب المحافظين,حزب المحافظين,≤100
103774671417468,أمين جابر الصيرفى - عضو مجلس الشيوخ,أمين جابر محمود الصيرفى,≤100
176956519017843,الحزب المصري الديمقراطي الاجتماعي,Mona Shammakh,≤100
103745798627292,المستشار ماهر ميلاد اسكندر,المستشار ماهر ميلاد اسكندر,≤100
535371883202755,Freddy Elbaiady  صفحة فريدي البياضي,Freddy Elbaiady  صفحة فريدي البياضي,≤100
106450555171099,مجدي البري - Magdy Elbery,مجدي البري - Magdy Elbery,≤100
273900239400893,نقابة المحامين المصرية,نقابة المحامين المصرية,≤100
1481404695520337,المهندس ايهاب منصور عضو مجلس النواب,Farid Attaalla,≤100
106586485351141,صفحة النائب اشرف الشبراوي ابو العلا,Elsayed Mohamed Ali,≤100
101361307958442,Mohamad ElGarhy,محمد السيد عبد الستار,≤100
111086937788265,موقع تحيا مصر - Tahiamasr News,موقع تحيا مصر - Tahiamasr News,≤100
437937192951936,وسط الزحمة مع محمد الكومي,Mohamed Ahmed Elkomey,≤100
103291013528894,Dr.Mokhtar Gomaa,Ahmed Zaatar,≤100
105872082337085,النائب أحمد عبدالجواد,ابراهيم احمد ابراهيم محمد,≤100
1424610401122573,هاني العتال - Hany Alattal,محمد السيد عبد الستار,≤100
104686085419621,البطل خالد السعيد العناني,These ads ran without a disclaimer,≤100
101586878327765,Hassanein Tawfiq - حسانين توفيق,Hassanein Tawfiq - حسانين توفيق,≤100
102765221685871,كشف فساد مجلس اداره قريه ذهبيه,كشف فساد مجلس اداره قريه ذهبيه,≤100
110734497396339,محمود سامي - 𝐌𝐚𝐡𝐦𝐨𝐮𝐝 𝐒𝐚𝐦𝐲,Mahmoud Samy,≤100
255364564480829,Abdelmonem Emam -  عبد المنعم إمام,Abdelmonem Emam -  عبد المنعم إمام,≤100
118992379972310,Fatmah Selim - فاطمة سليم,Fatmah Selim - فاطمة سليم,≤100
101009088774421,حزب حماة الوطن,حزب حماة الوطن,≤100
595025640685644,النائبة شيرين عبد العزيز - Sherin abdelaziz,النائبة شيرين عبد العزيز - Sherin abdelaziz,≤100
1632636017007559,Mohamed Mostafa Elsallab محمد مصطفي السلاب,Mohamed Mostafa Elsallab محمد مصطفي السلاب,≤100
101978821273549,حزب الجيل الديمقراطي,حزب الجيل الديمقراطي,≤100
2102862883129084,حجازى للاستشارات القانونية,حجازى للاستشارات القانونية,≤100
327161174477130,محمد الجوهري,These ads ran without a disclaimer,≤100
114931094885479,أمير حرب - Amir Harb,These ads ran without a disclaimer,≤100
1720882541553191,حسن عمار - Hassan Ammar,حسن عمار,≤100
298138254162621,النادي الليبرالي بالقاهرة,النادي الليبرالي بالقاهرة,≤100
111493691742397,Manal Salah,These ads ran without a disclaimer,≤100
116686284716495,heyatalks,These ads ran without a disclaimer,≤100
104570177893410,أحمد علي الألفي,أحمد علي الألفي,≤100
380937009024559,Kashqol كشكول التعليمى,Kareem Ahmed Abdul Ghani,≤100
103571604973098,هشام حسين - Hesham Hussein,حسين السيد,≤100
111393504057042,د/ مها عبد الناصر,د/ مها عبد الناصر,≤100
114079190450834,النائب/ محمد رضا البنا,Mohamed Ahmed Hagag,≤100
104315038062104,علاء حسن جعفر -عضو مجلس النواب,علاء جعفر,≤100
118932207798163,Rehab Eltehewy - رحاب التحيوي,Rehab Eltehewy - رحاب التحيوي,≤100
105729552522702,social.talks1,These ads ran without a disclaimer,≤100
9432520138,BBC News عربي,These ads ran without a disclaimer,≤100
155668901162078,Dr. Lama Muhammad MD,These ads ran without a disclaimer,≤100
900337800058784,برنامج الو مكملين,These ads ran without a disclaimer,≤100
106599885644086,akrampassant,These ads ran without a disclaimer,≤100
1724148267695799,بيت الحكمة 2.0,These ads ran without a disclaimer,≤100
117197414641940,أحمد سمير - الصفحــة الرسمية,These ads ran without a disclaimer,≤100