﻿Page ID,Page name,Disclaimer,Amount spent (COP)
108576731393581,Juliana Enciso,Claudia Juliana Enciso Montes,164642
664142747350164,Tatiana López Saldarriaga,Tatiana López Saldarriaga,79132
107096255516225,Juan Pablo Cano P,Juan Pablo Cano Pulgarin,66267
114317847146525,Alvaro Arias Velez,Alvaro Arias Velez,32168
597006313643580,Gobernación del Valle del Cauca,Gobernación Valle del Cauca,31120
987563698019371,Duván Murillo Diputado,Duvan Murillo,29060
104468561432859,Alexander Castro,Alexander Castro,21775
454396071316750,Mauricio Salazar,Mauricio Salazar Pelaez,19496
507379196275144,Robert Sanchez,Andres Felipe Lopez Borja,10544
645168172181457,Gobernación de Caldas,Eikon Digital SAS,9687
2158318667815480,Nancy Henao Ruiz,Nancy Concejal Verde,9136
53177129367,Dilian Francisca Toro Torres,Dilian Francisca Toro,8205
167222580002790,Clara Luz Roldan Gonzalez,Clara Luz Roldán,7001
635341746594602,Carolina Giraldo Botero,Carolina Giraldo Botero,5171
370492339735164,Centro Democrático - Comunidad Oficial,Centro Democrático - Comunidad Oficial,4872
643513979193133,Unidos por Beatriz,Neuma,4671
100704789601253,Diana Osorio Bernal,Diana Yaneth Osorio Bernal,3883
351633895540830,Cristhian Fernandez Concejal,Cristhian Camilo Fernandez Morales,2879
104472845840664,Juan Carlos Corrales,Juan Carlos Corrales,2311
278404038877281,La Unidad de Pensiones y Parafiscales,Unidad de Pensiones y Parafiscales,2221
1119413181474050,El Avispero Mov,Movilizatorio,1803
1588561874548381,Carlos Alfredo García - Abogado,Carlos Alfredo García - Abogado,1443
765302097170348,Línea Cero,Linea Cero,1035
101883058962037,El Valle De Todos,Carlos Andres Lopez Dominguez,1013
1597659560553215,Colombia+20,COMUNICAN SAS EL ESPECTADOR,729
1823807254333065,Soy Más País,Soy Mas Pais,723
969143216462972,Felipe Cañizalez,Andreina Quintero Correa,708
324718631509952,Yaneth Quintero,Yaneth Alexandra Quintero Herrera,649
108158921672438,Llener Borja,Alvaro Jose Gomez Ramirez,632
179003239458192,Jorge Humberto Rangel,Jorge Rangel,601
581095835894514,Noticentro 1 CM&,Noticentro 1 CM&,518
194315573916010,Norma Hurtado Sanchez,Norma Hurtado Sánchez,482
100383352725236,Presentes,These ads ran without a disclaimer,479
1529335724037224,Aeropuerto del Café,INTUAL,410
453611241495117,El Norte Hoy,Periódico El Norte Hoy SAS,347
1400280116941194,Fabian Diaz,Fabian Diaz,346
106970858823961,milady.tovar,These ads ran without a disclaimer,332
114778278552099,Octavio Cardona León,Octavio Cardona León,319
1242864402475742,BC Noticias,Oscar Javiar Bayona Villada,205
1538503439800792,Symplifica,Symplifica,194
838927469815494,Diana Diago,Diana Marcela Diago,186
105896879028919,MarcosUrrutia,Esteban Danilo Martinez Reyes,154
108562965017764,vaccottifer,These ads ran without a disclaimer,124
105918967435810,Mama Mercedes Alcaldesa,Alcaldía de Silvia,115
1815626541807349,Agencia de Periodismo Investigativo,Norbey Quevedo Hernandez,105
103727635426939,Alexandra Vásquez Ochoa,Leider Alexandra Vasquez Ochoa,102
107374008817182,La Polémica,La Polémica,≤100
105437204540183,Miyerlandi Torres A,Miyerlandi Torres A,≤100
170276379775886,Instituto de Ciencia Política Hernán Echavarría Olózaga,Instituto de Ciencia Política Hernán Echavarría Olózaga (ICP),≤100
464215057067990,Comunicaciones Alcaldía Timbío,Henry Leonardo Romero Moncayo,≤100
100687408426888,Entrenando a mi PERRO,Juan Sebastian Ortiz Leal,≤100
466445923412524,Miguel Ángel Barreto,Joshua Escobar Rengifo,≤100
580532502086324,Mujeres Que Crean Cmqc,Corporación para la vida Mujeres que crean,≤100
200207836752561,Opinión Caribe,Opinión Caribe,≤100
655085057949313,Gonzalo Arzuza Torrado,Gonzalo Arzuza Torrado,≤100
1668886976475466,David Gutierrez Mantilla,Jorge Luis,≤100
287116631488237,Carlos Alberto Orozco Franco,Jhon Esteban Perez Restrepo,≤100
652712084864352,Aster Internacional,These ads ran without a disclaimer,≤100
234071796644027,WOBI | World of Business Ideas en español,These ads ran without a disclaimer,≤100
468683789980124,Joao Herrera,José Joao Herrera Iranzo,≤100
1131206883707726,Michael Ramos - Concejal,Michael Ramos,≤100
102063637989368,Alcaldía De Teruel - Teruel Merece Lo Mejor,Julian Camilo Hidalgo Caliz,≤100
101628762612327,Secretaría de Gobierno de Pasto,Secretaría de Gobierno de Pasto,≤100
109581228202676,Luis Fernando Velazquez Bueno,Luis Fernando Velazquez Bueno,≤100
131602424169035,Oxfam en Español,These ads ran without a disclaimer,≤100
100183286276318,Ximena Londoño,These ads ran without a disclaimer,≤100
146841588715199,Instituto de Investigaciones Antropológicas,These ads ran without a disclaimer,≤100
108248748674525,jhony.dd_,These ads ran without a disclaimer,≤100
107586201538047,Total Wellness VA,These ads ran without a disclaimer,≤100
314343331981142,Mundo Sano,These ads ran without a disclaimer,≤100