﻿Page ID,Page name,Disclaimer,Amount spent (USD)
109854728594212,برنامج تحديث القطاع العام,برنامج تحديث القطاع العام,≤100
103323581486845,النائب سليمان موسى ابو يحيى,Sleman Abuyahia,≤100
664477853670759,المكتب الاعلامي للنائب معتز ابورمان,Moutaz Abu Rumman,≤100
124480500567897,حزب نماء تحت التأسيس,Namaaparty,≤100
102931605845722,تيار وطني يهدف لتأسيس حزب باسم العمل,حزب العمل,≤100
1929306147386446,الحزب الديمقراطي الأجتماعي الأردني,الحزب الديمقراطي الاجتماعي الأردني,≤100
107141858896307,Rewell Society,Rewell Society,≤100
521303771314889,وزارة الصناعة و التجارة و التموين الاردنية Mit.gov.jo,Muhanad Alomyan,≤100
111934298458280,مجموعة القبة الإعلامية,مجموعة القبة الإعلامية,≤100
101624672498880,حزب الشراكة والإنقاذ  Partnership and Salvation Party,حزب الشراكة والإنقاذ  Partnership and Salvation Party,≤100