﻿Page ID,Page name,Disclaimer,Amount spent (UYU)
225968600759645,Andrés Lima,Ernesto Dario Castro Rodriguez,≤100
103988995047541,Diputada Nancy Nuñez Soler,Nancy Estela del Pilar Nuñez Soler,≤100
100492222711808,Somos Todos Uruguayos,Somos Todos Uruguayos,≤100
102337244995366,Prudencia Uruguay,Santiago Raffo Arias,≤100
1496397947313142,Edil Diego Guevara,Diego Enmanuel Guevara Crosi,≤100
249384375213395,Consolid Travel Uruguay,These ads ran without a disclaimer,≤100
607720459391701,Lic. Agustina Achille,These ads ran without a disclaimer,≤100
896046427178402,O'Farrell S.R.L,These ads ran without a disclaimer,≤100
102535489433789,ev_latam,These ads ran without a disclaimer,≤100
207360672552,LIBRARIA,These ads ran without a disclaimer,≤100