﻿Page ID,Page name,Disclaimer,Amount spent (EUR)
111501317017740,Motatos Deutschland,Motatos,≤100
511785248971976,"Bundesministerium für Familie, Senioren, Frauen und Jugend","Bundesministerium für Familie, Senioren, Frauen und Jugend",≤100
108268845888673,Bundesministerium für Arbeit und Soziales,Bundesministerium für Arbeit und Soziales,≤100
136260152219,World Vision Deutschland e.V.,World Vision Deutschland e.V.,≤100
82734241364,Campact e.V.,Campact e.V.,≤100
22541752487,Greenpeace Deutschland,Greenpeace Deutschland,≤100
484950398505596,IRC Deutschland,IRC Deutschland,≤100
170688644503,UNICEF Deutschland,UNICEF Deutschland,≤100
103919417972272,Unabhängige Beauftragte für Fragen des sexuellen Kindesmissbrauchs,Unabhängiger Beauftragter für Fragen des sexuellen Kindesmissbrauchs,≤100
161273245888,Save the Children Deutschland,Save the Children Deutschland,≤100
331832984040,LichtBlick,LichtBlick,≤100
102918022164831,Your Data Mirror,Interactive Media Foundation gGmbH,≤100
103558289679671,Bündnis 90/Die Grünen Berlin,Die Landesgeschäftsführung von Bündnis 90/Die Grünen Berlin,≤100
109573920927141,Ichwillfair,Initiative für nachhaltige Agrarlieferketten,≤100
105845231718268,Light for the World Deutschland,Light for the World - Licht für die Welt e.V.,≤100
104959658833469,Verfolgte im Nationalsozialismus,Bundesverband Information & Beratung für NS-Verfolgte e.V.,≤100
156733414463449,SAUBER ENERGIE,SE SAUBER ENERGIE GmbH & Co. KG,≤100
103453699750,ROBIN WOOD e.V.,ROBIN WOOD e.V.,≤100
1176675472454246,CAPinside.com,CAPinside GmbH,≤100
56497026719,SOS-Kinderdörfer weltweit,SOS-Kinderdörfer weltweit Hermann-Gmeiner-Fonds Deutschland e.V.,≤100
478399422560922,KadeFungin,DR. KADE,≤100
561953460655717,Social Media Ads,Alexander Dietrich,≤100
81386795687,CSU (Christlich-Soziale Union),CSU (Christlich-Soziale Union),≤100
154149027994068,ZDF,ZDF,≤100
101274842793956,Greenpeace grad jetzt,Greenpeace e.V.,≤100
134209407129787,Volt Deutschland,Volt Deutschland,≤100
1004883576238809,GoodJobs,GoodJobs GmbH,≤100
2188342231399828,HSI/Deutschland,HSI Europe,≤100
1540045636302649,Arolsen Archives,Arolsen Archives,≤100
139968284118,terre des hommes,terre des hommes,≤100
21289227249,FDP,FDP,≤100
218786540044,WWF Deutschland,WWF Deutschland,≤100
105664798388099,Make.org,Make.org,≤100
114554831934355,Tierschutzbund,Deutscher Tierschutzbund e.V.,≤100
614408642007931,Zurich,Zürich Beteiligungs-Aktiengesellschaft (Deutschland),≤100
100202601987964,KlimazukunftWald,Deutscher Forstwirtschaftsrat e. V.,≤100
100363378760233,via bonum,via bonum AG,≤100
1077260675704647,Wohnglück,Impleco GmbH,≤100
150527751674751,Greens/EFA in the European Parliament,Greens/EFA in the European Parliament,≤100
105202642419481,Plant-My-Tree. Die Stiftung.,PLANT-MY-TREE. Die Stiftung.,≤100
1947378708884004,Initiative Frosch,Initiative Frosch,≤100
1173504606112676,Bundesministerium für Bildung und Forschung,Bundesministerium für Bildung und Forschung,≤100
1393167744264822,Bundesministerium für Digitales und Verkehr,Bundesministerium für Verkehr und digitale Infrastruktur,≤100
459830674207433,International Bankers Forum e.V.,International Bankers Forum e. V.,≤100