﻿Page ID,Page name,Disclaimer,Amount spent (USD)
377711155937443,بن داراني باوزير للتجارة,an advertiser in Yemen,≤100
106932281997657,الإدارة العامة لشرطة السير - الجمهورية اليمنية,an advertiser in Yemen,≤100
112757083778788,"Economic Daily, China",These ads ran without a disclaimer,≤100
349430072209360,علي أحمد العمراني Ali Ahmed Al-imrani,These ads ran without a disclaimer,≤100
109831251935707,خليل المقداد,These ads ran without a disclaimer,≤100
565225540184937,CGTN,These ads ran without a disclaimer,≤100