﻿Page ID,Page name,Disclaimer,Amount spent (ARS)
103107652819753,Elijo Hacer,Elijo Hacer Santa Fe,5253
637877716565391,Alejandro Parnás,Alejandro Parnás,4053
174970176018,Horacio Rodríguez Larreta,Juntos por el Cambio,3158
109844724805384,Marilo Gau,Mariló Gau,2949
1779438815714208,Natalia Neme,Natalia Neme,1719
1383679141758544,Total República,Total República,1174
367089004808,Amnistía Internacional Argentina,Amnistía Internacional Argentina,793
513899261972162,Frente de Izquierda FIT,Frente de Izquierda,645
353492111467605,Julio Garro,Julio Garro,622
551027964955087,Julio César Martinez,Julio César Martinez,581
544986472243896,Data Diario,Data Diario,558
189940771071192,Secretaría de Turismo de San Luis,Secretaría de Turismo de San Luis,552
1605307802946955,Growing Ideas,These ads ran without a disclaimer,512
139780689504552,Frente de Izquierda,Frente de Izquierda,413
100801415767740,Ministerio Público Fiscal de Tucumán,Ministerio Publico Fiscal de Tucumán,347
113966001646171,Juan Pablo Poletti,Asociación Civil Crecer Santa Fe,327
104147274759706,Periodismo de Izquierda,Periodismo de Izquierda,299
238778949515431,El Cronista,El Cronista,259
130929705668,Municipalidad de Córdoba,Municipalidad de Córdoba,256
301506776559902,Gobierno de Córdoba,Gobierno de Córdoba,244
110039918575012,Noticias Express,Noticias Express,236
2243331109041866,Gustavo H Arrieta,Gustavo H Arrieta,209
104417732484057,El Independiente Noticias,El Independiente,181
565548733496177,Álvaro González,Alvaro Gonzalez,172
111456641922572,Es de Pelados,Es De Pelados,170
104733589113258,La Gaceta Nacional,La Gaceta Nacional,155
1488831318060288,Unión Europea en Argentina,Delegación de la Union Europea,144
113328424956836,Prensa Libre,Prensa Libre,140
958750317533178,Manuela Castañeira,Nuevo MAS,140
699758330894365,Actualidad Argentina,Actualidad Argentina,138
103846469204203,La Ola Noticias,La Ola Noticias,137
107631983989726,Argentina Federal,Argentina Federal,137
100645365125529,Civilidad,Fundación Civilidad,127
1693103514249720,Seba Mastropaolo,Seba Mastropaolo,125
452525851510103,Nicolás del Caño,Frente de Izquierda,123
20906273675,Greenpeace Argentina,Greenpeace Argentina,115
185922194792026,Myriam Bregman,Frente de Izquierda,108
110806461830762,El Sol Web,El Sol Web,102
1183174355033526,Municipalidad de La Plata,Land Comunicación,102
335926266503071,7D,7D,≤100
413356852758756,Rodolfo Aguiar,Rodolfo Aguiar,≤100
113898744658728,El Progreso Web,El Progreso,≤100
297125914554575,Andrea Pupi Rodriguez,Andrea Pupi Rodriguez,≤100
304176325478,La Política Online,La Política Online,≤100
194500177975835,Martin Franconi,Martin Oscar Franconi,≤100
108261190561002,Laura Sprovieri,Laura Sprovieri,≤100
102534516011045,La Gloria Noticias,La Gloria Noticias,≤100
113395874909201,Punto Noticias,Punto Noticias Web,≤100
176980972975177,Irene Gamboa,Frente de Izquierda Unidad,≤100
628498977777284,El Continental,Periodico El Continental,≤100
106560742263098,Noticias El Portal,Noticias El Portal,≤100
108679841853325,Contame Más,Contame Más,≤100
103088924366000,Noticias d,Noticias d,≤100
105264931740380,Corta,Corta,≤100
445691695763603,Eber W. Solis,Eber W. Solis,≤100
100855346277788,81Dmentes,81Dmentes,≤100
508050335906893,Felipe Michlig,Felipe Michlig,≤100
174545086044880,Gobierno de Santa Fe,Brote AD S.A.,≤100
111669735076988,Hora Cero,Hora Cero Noticias,≤100
110890318187982,Escucharte Santa Fe,Escucharte Santa Fe,≤100
125183747539071,Noticias Argentinas,Noticias Argentinas,≤100
102194896086841,Neeeño,Neeeño,≤100
105070965806033,Académia épica,Académia épica,≤100
105716442346264,Conurnarnia,Conurnarnia,≤100
376361479429154,Fundacion Cigesar,Fundación Cigesar,≤100
641948702550925,Catamarca Gobierno,Gobierno de Catamarca,≤100
710550705733601,Izquierda Socialista Rosario FIT-U,Frente de Izquierda,≤100
891505944325300,Juventud Izquierda Socialista Rosario - FITU,Frente de Izquierda,≤100
106538371484481,CCari Departamento 9 de julio,CCari Departamento 9 de julio,≤100
101961091604984,Argmediosok,arg medios,≤100
710189803134791,Federico López,Federico López,≤100
544640985878621,Argentinos Online,Argentinos Online,≤100
104480845106839,LiBooksAR,These ads ran without a disclaimer,≤100
1408542766063285,Carla Carrizo,Carla Carrizo,≤100
131381938371647,Corta La Bocha Noticias,Corta La Bocha,≤100
102187456039094,Enterate Ya,Enterate Ya!,≤100
103021535961289,Cede,Cede,≤100
1431478870275226,Marcha del Orgullo,Federación Argentina LGBT+,≤100
102242281637572,Luis Lopez ok,Luis Lopez ok,≤100
466348693434886,El Analista de Salta,El Analista de Salta,≤100
605540860101596,Diario Criollo,Diario Criollo,≤100
102858281496444,Argentinos hoy,Argentinos hoy,≤100
279606178843976,Sebastián Artola,Sebastián Artola,≤100
219074291500100,Hugo Marcucci,Hugo Marcucci,≤100
316162098526825,Paso de la Patria Turismo,Municipalidad de Paso de la Patria,≤100
108949197275691,Luis Lobo Vergara,Luis Lobo Vergara,≤100
118325592137966,Maria Eugenia Vallota,Maria Eugenia Vallota,≤100
110276628358382,El Autónomo,El Autónomo,≤100
113902874399198,La Provincia Hoy,La Provincia Hoy,≤100
149619018406294,Siglo XXI Editores Argentina,Siglo XXI Editores Argentina S.A.,≤100
352469515481015,Leo Diana,Leo Diana,≤100
111600998225620,Noticias Zero,Noticias Zero,≤100
699254193487823,Sebastián Cáceres,Sebastián Cáceres,≤100
397862603671761,Maria de los Angeles Sacnun,Maria de los Angeles Sacnun,≤100
176035062445399,Hotel Canciller,These ads ran without a disclaimer,≤100
104046341137293,Panorama Pais,Panorama Pais,≤100
154252915376203,Natalia Capparelli,Natalia Capparelli,≤100
103133226132132,Info Regional,www.inforegional.online,≤100
1101837086656045,Podemos Más Ceres,Podemos Más Ceres,≤100
259700217384725,Le Monde diplomatique - Edición Cono Sur,Capital Intelectual S.A.,≤100
120358755344291,Leo Rodriguez,Leo Rodriguez,≤100
105166715290140,Momento Uno,Momento Uno,≤100
500835457086210,Oscar Rosas,Oscar Rosas,≤100
100272671672857,Carlos Cisneros,Carlos Cisneros,≤100
2192388474354768,Martín Cerdá,Martín Cerdá,≤100
153609608543689,Mariam Monguzzi,Mariam Monguzzi,≤100
263571907867101,Jorge Scala,Jorge Scala,≤100
857382087671921,Maxi Abad,radicalesorg,≤100
430773770330702,Gripe Prolongada - Dr. Jorge Derna,Gripe Prolongada - Dr. Jorge Derna,≤100
101162359344859,Nicolás Segovia,These ads ran without a disclaimer,≤100
102056511679155,José Voytenco,UATRE,≤100
117067311301875,El Radical Noticias,El Radical Noticias,≤100
178919202140944,Francisco Quintana,Francisco Quintana,≤100
113384436026702,Caren Tepp,Ciudad Futura,≤100
145806262649419,Fer Miño,Patria de Todos,≤100
102882072299246,Maricar la N1,These ads ran without a disclaimer,≤100
469187843278784,Claudio Frangul,Claudio Frangul,≤100
107022228690687,Jornada Nacional,Jornada Nacional,≤100
107367938449539,Juan Granillo Fernández,Juan Granillo Fernández,≤100
314361648943148,Eduardo Castro,Eduardo Castro,≤100
1405120706440456,Conclusión,Diario Conclusión,≤100
112090455034177,El Portavoz Oficial,El Portavoz,≤100
1941005042851849,Sergio Palermo,Sergio Palermo,≤100
111064391804839,Argentina Productiva,Argentina Productiva,≤100
258503340985805,Unidos y Organizados para la Victoria,Unidos y Organizados para la Victoria,≤100
233734300112003,Juan Monteverde,Ciudad Futura,≤100
1592347714335353,Marina Magnani,Unidad Ciudadana Rosario,≤100
105166494637599,Tres60.travel,Tres60.travel,≤100
428179387610545,Agenda Malvinas,Agenda Malvinas,≤100
111492845540608,Fondo de Cultura Económica Argentina,Fondo de Cultura Económica Argentina,≤100
110020147835074,Muy Lanús,Muy Lanús,≤100
1318171354896850,Marcelo Zuñiga,Marcelo Zuñiga,≤100
782329781946678,Totoras para Todos,Totoras para Todos,≤100
1187338514630380,El rincón de Cris,El rincón de Cris,≤100
113084151709967,Mariano Sangalli,Mariano Sangalli,≤100
114529231670877,Daniela Espínola,These ads ran without a disclaimer,≤100
1426373070912699,Cholila Online Portal de Noticias Digital,Cholila Online,≤100
1570037119938635,Partido Socialista Carcarañá,Partido Socialista Carcarañá,≤100
111509551806903,El Deportivo Web,El deportivo oficial,≤100
631473677294936,Liberales por el Progreso,Liberales por el Progreso,≤100
105282867482185,Marcelo Gomez,Marcelo Gomez,≤100
436246103621788,Damián Selci,Unidad Ciudadana Hurlingham - UCH,≤100
858677804173509,Confederacion Intercooperativa Coninagro,Confederacion Intercooperativa Coninagro,≤100
939723329377896,Juan Weht,Diseño Web La Carlota,≤100
543734499879989,Por la Vida y la Libertad,Por la Vida y la Libertad,≤100
103239524966582,Movimiento Verde Cordobés,Movimiento Verde Cordobés,≤100
113945651294246,Guillermo Velasco,Guillermo Velasco,≤100
442285665919263,Enrique Cresto,equipo digital,≤100
100180055457786,cathalla_,These ads ran without a disclaimer,≤100
101505288317194,Antonella Garcia,Antonella Garcia,≤100
110942240303824,German Ojeda,German Ojeda,≤100
115104918251098,Mario Araujo,Mario Araujo,≤100
111423200356396,Gustavo Alvarez Concejal,Gustavo Alvarez Concejal,≤100
103990845945277,bellave.joyasyletras,These ads ran without a disclaimer,≤100
1525482941081445,Roxana Reyes,Roxana Reyes,≤100
695944561271719,Lautaro Cruciani,Lautaro Cruciani,≤100
100195608984136,Francisco Alvarez,Francisco Alvarez,≤100
103740369249125,El Provinciano,El Provinciano,≤100
1673977072932726,Laboranti News,Laboranti News,≤100
132649176862320,Jorge Hoffmann,Jorge Hoffmann,≤100
106809542339751,Juan Pablo Chiesa,Juan Pablo Chiesa,≤100
105213785008005,Haciendo Rosario,These ads ran without a disclaimer,≤100
106496695060694,Juntos UCR - Colón B.A.,Juntos UCR - Colón B.A.,≤100
114466054858948,Eduardo Cerimedo,Eduardo Cerimedo,≤100
378225769015907,Fundación Embajada Abierta,Fundación Embajada Abierta,≤100
133937418577537,Utopia Urbana,Utopía Urbana,≤100
396387247638498,Martin Cerdera,Martin Cerdera,≤100
101251529548579,Gonzalo Rodas CM,These ads ran without a disclaimer,≤100
150275969728,Caminos Culturales,Caminos Culturales,≤100
104358815744949,Hurlingham Post,Hurlingham Post,≤100
433136076759972,Edhasa Argentina,Edhasa Argentina,≤100
103786675338452,Avanza Libertad La Matanza,These ads ran without a disclaimer,≤100
102570774863673,LOBBY,LOBBYEscuela,≤100
1996821287271445,Marcelo Arancibia,Marcelo Arancibia,≤100
100712111681838,La Rosca,La Rosca,≤100
1821508358130546,BAVSA,Buenos Aires Valores SA,≤100
268315713845113,Pensamos San Vicente,Pensamos San Vicente,≤100
101422795778397,Arcoíris Peronista,These ads ran without a disclaimer,≤100
235475446863839,Diego Catuogno Moda X Mayor,These ads ran without a disclaimer,≤100
104919122026034,Revolución,Revolución,≤100
108584168319632,Daniel Cinalli,These ads ran without a disclaimer,≤100
104883714350880,Alejandra Concina,Alejandra Concina,≤100
454938211564471,Luciano Pastocchi,Luciano Pastocchi,≤100
115507805764846,Estación Funes,Estación Funes,≤100
1536637056372173,InfoData35,Info Data 35,≤100
104336235470566,La Libertad Avanza San Juan-Oficial,These ads ran without a disclaimer,≤100
342005489233184,Martin Gainza,Martin Gainza,≤100
359395537997439,Curallan Juan,These ads ran without a disclaimer,≤100
415444001901080,Fer Gutierrez,MST Movimiento Socialista de los Trabajadores,≤100
100520825048827,Movant Connection,These ads ran without a disclaimer,≤100
115164388196356,un.whisky.y.a.la.cama,These ads ran without a disclaimer,≤100
122846654134358,Paula Morale,Paula Morale,≤100
284302505110931,Juntos Tigre,Juntos Tigre,≤100
940994859245169,Jimena Sosa,MST Movimiento Socialista de los Trabajadores,≤100
314748251973356,Eduardo Toniolli,Eduardo Toniolli,≤100
870332709651802,Alcides Calvo,Alcides Calvo,≤100
304971412943967,Instituto de Zumpango en Estudios Superiores en Criminalística IZESC,These ads ran without a disclaimer,≤100
100416769039566,Lifestyle A2Z Español,These ads ran without a disclaimer,≤100
102795885694138,milokibullz,These ads ran without a disclaimer,≤100
113142270100791,Forbes Colombia,These ads ran without a disclaimer,≤100
101375582509907,Juan Barahona,These ads ran without a disclaimer,≤100
103420486409595,SAMBITO,These ads ran without a disclaimer,≤100
116603861327799,alex_sa.c,These ads ran without a disclaimer,≤100