﻿Page ID,Page name,Disclaimer,Amount spent (USD)
102697318856209,حزب السلام والازدهار,السلام والازدهار,≤100
107265602249474,الدليل - Aldaleel,Khalil Soleman,≤100
112437831252270,محمد خالد الغويل,محمد خالد الغويل,≤100
109980421915382,إيلاف - Elaph Media,elaphmedia,≤100
112757083778788,"Economic Daily, China",These ads ran without a disclaimer,≤100
156850176567,المجلة,These ads ran without a disclaimer,≤100
107531925443834,Alash \ علاش,Alash,≤100
2025166457508723,الواو ليبيا,These ads ran without a disclaimer,≤100
114717581486717,Hagar Mohammed,These ads ran without a disclaimer,≤100