﻿Page ID,Page name,Disclaimer,Amount spent (EUR)
201612129410,Oxfam,Oxfam Ireland,≤100
148726998530273,Sinn Féin Ireland,Sinn Féin,≤100
174058850034538,"Department of the Environment, Climate and Communications","Department of the Environment, Climate and Communications",≤100
260630414430823,Department of Social Protection,Department of Social Protection,≤100
18135444535,Trocaire,Trocaire,≤100
291934661006674,HSE Ireland,HSE Ireland,≤100
109487449881,Repak,Repak Limited,≤100
175755288280,Allianz Ireland,Allianz Ireland,≤100
142564695770293,VSO Ireland,VSO Ireland,≤100
224615650378,Pro Life Campaign Ireland,Pro Life Campaign Ireland,≤100
156701534946054,My Waste Ireland,My Waste Ireland,≤100
395121633857254,SEAI,SEAI,≤100
247809738564793,BeLonG To Youth Services,BeLonG To Youth Services,≤100
88243924389,Depaul Ireland,Depaul Ireland,≤100
280965412440,National Youth Council of Ireland,National Youth Council of Ireland,≤100
1486666311655495,Chris MacManus MEP,Chris Macmanus,≤100
116151744907,IIEA,IIEA,≤100
164027949687,Labour Party,Labour Party,≤100
108339693065,Green Party Ireland,Green Party Ireland,≤100
137357969666256,GCN,GCN,≤100
1555518121383424,Cllr Adrienne Wallace - People Before Profit,Wallace Adrienne Catherine,≤100
60977385137,Cllr Barry Saul,Barry Saul,≤100
320231078094761,The Workers' Party of Ireland,The Workers' Party of Ireland,≤100
178362315106,European Parliament,European Parliament,≤100
56963694096,Cathal Crowe TD,Cathal Samuel Crowe,≤100
63044235866,UN Climate Change,UN Climate Change with Facebook Ad Credits,≤100
147547541961576,Council of the European Union,Council of the European Union,≤100
107580368727333,Healthfulliciously,These ads ran without a disclaimer,≤100