﻿Page ID,Page name,Disclaimer,Amount spent (INR)
1433526693616228,Himachali Rishta - हिमाचली रिश्ता डॉट कॉम,Himachali Rishta - हिमाचली रिश्ता डॉट कॉम,2898
101713962007976,Amrit Mahotsav,Amrit Mahotsav,937
100543192637806,N1 Live,Suraj Mukhi Sharma,904
158714780827513,UNFPA,UNFPA,814
1488581191158902,Conscious Planet,Isha outreach,619
111259978264483,Aastha Agnihotri,Super Digital Media,306
107395897271506,Kutumb,Swatantra Verma,272
109986065209042,Mera Apna Rahul,MeraApnaRahul,237
104634862268270,Dr.Kulkirti Singh Thakur,Amit Kumar Sharma,234
106484681744267,The Summer News Himachal,Gagandeep Singh,218
243524299157863,Pushkar Singh Dhami,Pushkar Singh Dhami,186
109488391393786,Dinesh Patiyal,Amit Kumar Sharma,164
1987488401557504,Mahathugbandhan - महाठगबंधन,Mahathugbandhan - महाठगबंधन,163
100330859464588,Capt. Jitender Mohan Pathania IAS Retd,JITENDER MOHAN PATHANIA,163
100560335965049,The Pamphlet,The Pamphlet,139
574079826086251,Phir Ek Baar Modi Sarkar,phirekbaarmodisarkar.com,135
109986065209042,Mera Apna Rahul,Mera Apna Rahul,132
184278081698180,Ashok Gehlot,Ashok Gehlot,120
105671775473178,Jan Suraaj,Jan Suraaj,112
1318355074953864,N1 Live Chandigarh,Suraj Mukhi Sharma,112
385303288239154,Raghuveer Singh Tanwar,Raghuveer Singh Tanwar,104
21169267101,Give,Give,104
1521106071438318,CMO Chhattisgarh,IVS Corporation,102
132495066874513,GAIL (India) Limited,social cloud ventures,≤100
107113000831690,Dr.Manik Saha,maniksaha.com,≤100
411129449009589,K.C. Venugopal,K.C.Venugopal,≤100
100485575080050,Maheshwar Singh Chauhan - Pandu,Manoj Kumar,≤100
479998865355592,Aditya Birla Group,Aditya Birla Group,≤100
751074995284728,Sudarshan Singh Bablu,Shivam Sharma,≤100
109545244848137,Crafto,Kutumb App,≤100
354397697217,IEEE Xplore,These ads ran without a disclaimer,≤100
132689140088396,smilefoundation,Smile Foundation,≤100
108670588419963,"उपेन्द्र पासवान, भावी युवा प्रत्याशी महापौर/मेयर, गया नगर निगम, गया",Upendra Kumar,≤100
110516100698136,Ram Feran Pandey,Vivek Kumar Singh,≤100
174534219608675,Raghav Thakur,Manoj Kumar,≤100
102841825412643,Feroz Kamal Abbasi,These ads ran without a disclaimer,≤100
148931718592314,Tarun Chugh,Adv Tech,≤100
174283119250672,Save the Children India,Bal Raksha Bharat,≤100
523121567889527,Jitender Kumar Bhardwaj,Jitender Kumar Bhardwaj,≤100
1100583156625229,Dheeraj Gurjar,Dheeraj Gujar,≤100
218519749005654,Dr. Rakesh Singh Jadon,Rakesh Singh Jadon,≤100
1785302198354679,Dr. Somendra Tomar,Somendra Singh,≤100
592025620827002,Choudhary Lal Singh,Divya Suraj Partap Singh,≤100
100328978216424,"Fight Pollution, Not Plastics",Nitesh Singh,≤100
421179061356837,Eknath Shinde - एकनाथ संभाजी शिंदे,Pratik Sunil Sharma,≤100
146702709146110,Ashu Singh Surpura,Ankit Kumawat,≤100
104321448836243,टीम आशुसिंह सूरपुरा,Ankit Kumawat,≤100
1510631479236816,Hawa Badlo,social cloud ventures Pvt Ltd,≤100
108721748160943,Sanjay Gupta,Sanjay Gupta,≤100
1327351450720146,Pradhan Mantri Bhartiya Janaushadhi Pariyojana,Pharmaceuticals & Medical Devices Bureau of India,≤100
165714096933078,Piyush Goyal,Piyush Goyal,≤100
110024871959447,Youth Sewa Group-Hoshiarpur,These ads ran without a disclaimer,≤100
746568209028564,Dr. Basu Eye Hospital,Dr. Basu Eye Hospital,≤100
100408559605214,विशाल सिंह बाबा,Anuman Softech Private Limited,≤100
100196004828444,North Eastern Council,Sourabh Arvind Dubey,≤100
100735178208398,Udyami India,Samadhan Samiti,≤100
928448863892029,RK Sinha,RK Sinha,≤100
667560657014524,Mahendra Singh Solanki,Nitesh Tiwari,≤100
1932900346831325,Rajesh D Sanghvi,Rajesh Dineshchandra Sanghvi,≤100
104052753400618,Union Bank of India,Goldmine Advertising Limited,≤100
105641591260871,Shyam Singh,Shyam Singh,≤100
239720143296109,BJP OBC Morcha,Atul Kumar Kushwaha,≤100
1110178129121993,Ashok Vishnoi IRS,Pawan Kumar Sharma,≤100
1949802628682701,Rana Sujeet Singh,Kapil Raghuvanshi,≤100
339835596096353,Satish Poonia,Choudhary Ramesh Chaudhary,≤100
103206797721245,Tollygunge Trinamool Congress,Mohammad Azharuddin,≤100
163577014441724,Subhash Gangoli MLA,Dinesh,≤100
103206797721245,Tollygunge Trinamool Congress,Nargis Khatun,≤100
188709048330572,Abu Dhabi Sustainability Week - ADSW,These ads ran without a disclaimer,≤100
110431218358189,Take Back Bengaluru,Take Back  Bengaluru,≤100
112496211718538,Rupsing Teron,Mehbub Ahmed Laskar,≤100
959860307481002,Kasu Mahesh Reddy,Thulasiram Banduchode,≤100
365136584238569,Shiv Deswal Degana,Brand Balance Private Limited,≤100
1706371292942156,"Ministry of Development of North Eastern Region, Government of India",Sourabh Arvind Dubey,≤100
105682567774739,Tajinder Singh Sran,Tajinder Singh,≤100
107594498397701,Kajer Manush Aroop Biswas-কাজের মানুষ অরূপ বিশ্বাস,Nargis Khatun,≤100
577856385582447,Raghu Sharma,Kanishk Bansal,≤100
354781738391591,Harender singhal,Yash Singhal,≤100
719658791440653,Swami Sumedhanand Saraswati,Dharmendra Chhonkar,≤100
103205695784211,Vandana Verma,Prem Shankar,≤100
739221966159227,Rajesh Singh,Adv Tech,≤100
268437163351102,Saurabh Srivastava,Saurabh Srivastava,≤100
115220224403369,Yogesh Shukla,Shreshth Tiwari,≤100
102710804961947,Patanjali Nutrela Products,Saura Bh Sin Gh,≤100
321228061382932,Pt. Shekhar Dixit,Websofy Software Private Limited,≤100
245528646359816,Vipul Sharma,Engitech Media,≤100
103496415729591,Nikhil Wadhwa - BJP,Nikhil Wadhwa,≤100
914876481977787,Ajay Mangupur,Varinderjeet Singh,≤100
101840249362114,Ps Qucik Advisor Online Solution,Maniram Ramu Dhurwe,≤100
110846984022901,MPIDC,Anand Raj Singh,≤100
1433894153522813,Pramod Bhaya,Sharad Sharma,≤100
186199704897466,RD Foundation,RD Foundation,≤100
200031160206893,Rajnigandha Silver Pearls,These ads ran without a disclaimer,≤100
159442577894089,Kanwrajsingh chouhan,Engitech Media,≤100
2078242259060363,Kukufm,Mohana Saha,≤100
155418314920954,Orchid HRD Trainings भाषणकला व राजकीय नेतृत्व कौशल्य प्रशिक्षण,Ganesh Subhashrao Lomte,≤100
1088373891289696,Kamal yadav Page,Akash Singh,≤100
107594498397701,Kajer Manush Aroop Biswas-কাজের মানুষ অরূপ বিশ্বাস,Mohammad Azharuddin,≤100
552159824873262,Kethireddy M.L.A,Venkata Krishna Reddy Kethireddy,≤100
234704393876570,Dr R K Verma,Rkverma,≤100
2425906077438656,Anil kumar patil,Akshay Balakrishna Habib,≤100
1605035726374622,Khatana Bulletin,KHATANA BULLETIN,≤100
111672313815571,Suresh Kumar Yadav,Sunil Kumar,≤100
100485426184353,Rashtriya Uttar Bhartiya Samaj Party - Delhi,Manoj Kumar Singh,≤100
107183428120144,Dr C Saraswathi,Dr. C. Saraswathi,≤100
241940555912671,Chandigarh University,Chandigarh University,≤100
103719915895025,Shri hari finance,Vikas Kumar,≤100
111742450662753,News Unplugged,Chetan Varshney,≤100
108752647711446,Se Ma Velusamy - செ.ம.வேலுசாமி,V Mohana Maniganda Babu,≤100
393768164105774,Parimal Nathwani,Parimal Nathwani,≤100
103782051383159,School of Politics,School of Politics,≤100
138927162813391,Dailyhunt,Verse Innovation Pvt. Ltd.,≤100
104509712524907,Aftab Uddin Mollah,Mehbub Ahmed Laskar,≤100
196338294250820,Rohit Gangwal,Modi For PM Organisation,≤100
841171029605948,India News,Information Tv Private Limited,≤100
1474334219502111,Mahendra Bhatt,Vatsal Kumar,≤100
104908641373434,Anukriti Gusain Rawat,Anukriti Gusain,≤100
109076322510196,Saviour Education Abroad,Saviour Education Abroad OPC Pvt Ltd,≤100
257534317633750,Adv Jayant Moond,Datacube Softech Pvt Ltd,≤100
113338681581166,NICT Technology Csp Pvt Ltd,Abhishek Kumar,≤100
466642616726169,Parul University,Parul University,≤100
100328931398085,Dr.Vijay Shah,Khushbu S Shah,≤100
106711265261864,Rajeshwar for Youth,SureLocal Supply Chain Pvt Ltd,≤100
106217671329032,Aditya Dhankhar,Aditya Dhankhar,≤100
350880081913337,Sahdev Salaria,Rajesh Jaswal,≤100
1427079930877756,Chintala Ramachandra Reddy,Anilkumar Sadula,≤100
408255699307921,Dr. Manoj Rajoria,Saurabh Saini,≤100
101897054923377,Arshdeep Samar,Gagandeep Singh,≤100
111697604342383,Monica Rajeev Rajale,Ravindra Kishor Phalke,≤100
109916533853207,AMIT KUMAR SINGH,Akash Singh,≤100
109141098395573,Inclusive Minds,Inclusive Minds,≤100
695738973874352,Dr. Sumer Singh Solanki,Sumer Singh Solanki,≤100
114717553693865,Liberal TV,Liberal TV Punjabi,≤100
103760102031014,Rajeshwar Singh,Medevento Planner,≤100
162115051234970,Dharmendra Singh Lodhi mla,Dharmendra Singh Lodhi,≤100
104516512296314,Kartik Sharma,Adv Tech,≤100
1805911539637384,Jaaibir godara,Datacube Softech Private limited,≤100
1382300511994686,Bhupendra Singh,Entertainment Chacha,≤100
103292189067168,Shimla Bawri-शिमला बावरी,Ganesh Thapa,≤100
150727778825020,Mobius Foundation,Mobius Foundation,≤100
355566417955004,मनीष यादव,Shivesh Kumar Jha,≤100
369780283211302,Dr. Sudhakar K,Divya Gowda,≤100
736338686396054,Rafique Mandelia,Webtix,≤100
383547511821149,Rajan Mali,Engitech Media,≤100
1427017750928273,WhiteMirchi.Com,Shakun Shivram Raghuvanshi,≤100
112867380444214,Rajvardhan Singh Dattigaon,Shailendra Sial,≤100
110120115042838,Ramesh Choudhary,GRIP AMATYA PVT. LTD.,≤100
129310125525826,Weजन News Updates,Prateek Gautam,≤100
102123079337554,International Society for Krishna Consciousness,ISKCON Delhi,≤100
2242632279291136,NCMIndia Council For Men Affairs,NCMIndia Council For Men Affairs,≤100
107999948316591,Khema Ram Bana,Mahesh Kumar,≤100
105741735593870,MakeMyTrip Foundation,Prashant Raj,≤100
101160849457686,Vibhor Rana,Bhupendra Sharma,≤100
1799262683737317,Arvind Dharmapuri,Arvind Dharmapuri,≤100
216879079078673,Sanjay Singh Yadav,Sanjay Singh Yadav,≤100
201141296623500,Prakash Koliwad,DesignBoxed,≤100
1802523420012948,Pratap Singh Khachariyawas,Anirudh Sharma,≤100
103318849314309,Mera Purnia Mera Abhimaan,Manish Kumar,≤100
106982987754816,Kumari Kalpana,Vivek Kumar,≤100
105438141272621,Santanu Puzari,DAX FAALCON,≤100
105940537995682,Deepesh Tandel,Bharatiya Janata Party,≤100
1592265114364332,JP Yadav,Engitech Media,≤100
358081398183450,Meena jha,Shubham Kumar,≤100
318205675275285,APL Apollo Tubes Limited,APL Apollo Tubes,≤100
110540565228341,Ganguly H Kurabathalli,Ganguly H Kurubathalli,≤100
111082784826845,Shweta Jagtap-Gondhale/श्व़ेता जगताप-गोंधळे,Shweta Sunil Jagtap,≤100
524665794408050,CASA,Arushi Narchal,≤100
1822357177777568,Bhaiyya Gandhe,Malhar Mahendra Gandhe,≤100
104874437871949,Voice of Bharat,Ajay Kumar,≤100
109066315147120,News Temple,Jainendra Agrawal,≤100
102152441360906,Prakash Bhakar Makrana,Shiv Charan,≤100
1030516517105920,Bannaram Meena - बन्नाराम मीणा,Mahat info tech,≤100
101656086150343,Sumit Kumar,These ads ran without a disclaimer,≤100
285029500623,CARE India,CARE India,≤100
1247832465228198,Mahendra Singh Rathore,Engitech Media,≤100
509680612544315,Dr.Sanjeev Kumar,Dr.Sanjeev Kumar,≤100
106949818442504,The Water Chronicles,Prithviraj Nath,≤100
103618388224409,Dr. Omkar Herlekar,Magicwork Inc,≤100
100931599132399,Arun Sharma,Arun Kumar Sharma,≤100
113934138208978,Jayavik Patel,Pixatronix,≤100
1433049703588889,BJYM Haryana,Mahesh Dawara,≤100
284084385706387,Vineet  Dangi,Arun Kumar Sharma,≤100
116223403155429,Avnish kajla,Avnish Kajla,≤100
101612006057342,Dr.Basundhara Lal,Naveen Singhal,≤100
1100194563332064,P J Chaudhary,Parthibhai Jethabhai Chaudhary,≤100
112676663703345,Rakesh Yadav,Arun Kumar Sharma,≤100
1955301821451552,Abhishek Dutta,Abhishek Dutta,≤100
108704895406520,Hari Singh Saini,Tanuj Singh,≤100
163190160489585,Vasundhara Raje,Vasundhara Raje,≤100
1535221630039925,Dr. Bhagwat Karad,Bhagvat Kisanrao Karad,≤100
1608582919223142,Chetan Ram Gwala,Chetan Ram Gwala,≤100
110924645190121,virendra kumar sharma fans,TSM,≤100
2073183832762291,Meri Neta - Priyanka Gandhi,Jitender Kumar Bhardwaj,≤100
385658441549334,Deepak Bhati Chotiwala,Dipak Bhati,≤100
528144820729879,Pramod Sehwag,Vikas Kumar,≤100
1692446997478851,Divy Trivedi,Vikas Acharya,≤100
1247832465228198,Mahendra Singh Rathore,Pramender Kumar,≤100
490167811006821,Neena Vikram Verma,Yuvau Digital,≤100
271711770069401,सुरेश धाकड़ राठखेड़ा,Gajendra Verma,≤100
1745109715768038,Pravesh ratn,Kartikesh Sharma,≤100
116402807989428,Mudra yojana,These ads ran without a disclaimer,≤100
616572395111604,Mahendra Singh Ralawata,Mahendra Singh Ralawata,≤100
530430777143893,Youth for Better Punjab,Punjab Youth Development Board - Chairman Sukhwinder Singh Bindra,≤100
105165261064628,Manoj Singh Thakur,Rajnarayan Gurjar,≤100
117383421787100,Pushpa Surender Solanki,Pushpa Surender Solanki,≤100
110679913629785,Rajesh Yadav,Akash Singh,≤100
1887212424905834,JB Ecotex- PET Plastic Recycler,JB Ecotex Limited,≤100
790759300991341,Preety Shekhar,Preety Shekhar,≤100
1412877062133423,Nayan Pal Rawat,Nayan Pal Rawat,≤100
1360805680600676,Sandeep Kshirsagar,Yogesh Padmakarrao Pawar,≤100
550287678727831,Bharath Reddy Ravula,Bharath Kumar Ravula,≤100
384000501947350,Devendra Yadav,Think First,≤100
100766795424041,मोदी योगी समर्थक,Nikhil Aggarwal,≤100
825870624112435,Ramesh Chandra Ratn,Arun Sharma,≤100
1924627484438235,Arlak Ayurveda,Swati Dhiman,≤100
100220494677610,Prakash Jaiswal,Ganesh Thapa,≤100
152154292012572,Navjivan,Navjivan,≤100
357315174671360,Wazir Singh Dahiya,Wazir Singh Dahiya,≤100
292954404384524,Gajendra Singh Patel,Gajendra Singh Patel,≤100
183176388540530,Manish Yadav,Manish Yadav,≤100
105608048991533,Sahityalok,Sahityalok,≤100
106473025656009,Dhanlaxmi.Co.,Pankaj Kumar,≤100
106261054498841,Advocate Rajat Bhargava,Rajat Bhargava,≤100
109964368588944,News Tv Today,Lalit Gulia,≤100
112215324565703,नगर रामलीला समिति - आरा,Kordinate,≤100
667862236707254,Rohit Kumar Singh,Arshad Ansari,≤100
325602694251353,Rajeev Rai,Rajeev Kumar Rai,≤100
276512419511205,Kathi Karthika,Policy Briefcase,≤100
105820848944884,Apex India Online Hub,Mukeshbhai Samatbhai Rathod,≤100
100589847991303,English NEWJ,Anant Bhardwaj,≤100
324411224378489,"നവധാര ഓൺലൈൻ കമ്മ്യൂണിറ്റി പന്നിവിഴ, അടൂർ",These ads ran without a disclaimer,≤100
109654533765932,Ayodhya Nagar Nigam,Sandeep Kumar Sharma,≤100
246558505475210,Bala Ram Choudhary,Mukesh Choudhary,≤100
110194685265228,Praveen Jha,Adv Tech,≤100
300308250038382,Devbhoomi Media,Devbhoomi Media,≤100
102061952537848,Dr.Akanksha Tyagi Dager - BJP,Akanksha Dager,≤100
110714038482614,ऑनलाइन माहिती पेज,These ads ran without a disclaimer,≤100
565714670143123,Ashok Saini,Engitech Media,≤100
252749388136784,Sharad Kumar Yadav,Sharad Kumar,≤100
327009747444640,Ayushi Shrimali,Akash Singh,≤100
105918132279967,DM Online Service,Chandra Pratap Singh,≤100
102210698214991,Daripally Raja Shekhar Reddy corporator lingojiguda,Rajashekar Reddy Daripally,≤100
105515161411695,Pankaj Singla,Anil Kumar,≤100
100457031678093,Ku. Abhishek Singh Tinku Banna,These ads ran without a disclaimer,≤100
132806813793938,Paramjit Singh Sarna,Harjap Singh Dhingra,≤100
547594728712343,Suresh Vishwas,Suresh Vishwas,≤100
797013520334449,Renwat Singh,Renwat Singh,≤100
104307295644384,IWE Green Quiz,These ads ran without a disclaimer,≤100
121286572595378,Harendra Ninama हरेंद्र निनामा,Ganesh Thapa,≤100
1559470284286071,M.K.Somashekar,Pranusha Mysore Somashekar,≤100
724244334312892,Smart Laboratories Pvt Ltd,These ads ran without a disclaimer,≤100
106452515210657,गौ भक्त तरूण पंडित,These ads ran without a disclaimer,≤100
444000972398140,Dr. Ajay Dharam Singh,Ramkishan Singh Maninder Singh,≤100
708844685796745,OP Choudhary,OP Choudhary,≤100
103088902327676,Dwarka Kunj,Rahul Tiwari,≤100
108497578583588,Janpeace Live,Trishanu Kaushik,≤100
108742684077976,Kunwar Abhishek Singh,Vidhi Agrawal,≤100
1770518973014321,Kuldeep Vats,Click2Public Technologies OPC Pvt. Ltd.,≤100
135657743788459,Amit Chauhan,Amit Kumar,≤100
195167817324812,Pawan Khera,Indian National Congress,≤100
953600271404690,BJP Meghalaya,Bharatiya Janata Party,≤100
2174399779538374,Kulwant Singh Baath,Kulwant Singh Baath,≤100
1814986505465759,Dr Ashish Kaushal,These ads ran without a disclaimer,≤100
103667284605471,B P Singh Rawat,Akash Singh,≤100
563435357126581,Human Rights Council of India,These ads ran without a disclaimer,≤100
105554685498897,Vishal Verma,These ads ran without a disclaimer,≤100
105813284380310,Dee4unews,Deepak Kumar Bhandari,≤100
484694901661075,2baconil,ZERO GRAVITY COMMUNICATIONS,≤100
166929581483,Shubham Sharma,Rahul Kumar Srivastava,≤100
101288811563278,"पुष्पेंद्र सिंह, मंडल अध्यक्ष भाजपा इटावा",These ads ran without a disclaimer,≤100
906669456079497,Patarkar Vatarkar,Naveen Bali,≤100
112326528253527,Apex Online Solution,Ajay Tiwari,≤100
104867526497,Frontlist,Frontlist,≤100
101460484949823,Ajeet Singh,Ajeet Singh,≤100
181418895366896,Ganesh Joshi,Mayank Joshi,≤100
104058855804292,Vishal Kumar- विशाल कुमार,Sarvagya Kumar,≤100
106806095100566,Abhishek Jain inc,Abhishek Jain,≤100
110041803678379,Kabir Shankar Bose,Kabir Shankar Bose,≤100
104590325539529,Adv Harita Mehta Fan Club,Sandeep Kumar Rana,≤100
112061804808512,Sports Development Authority of Bihar - SDAB,Ajit Kumar,≤100
235573150172779,Donatekart,These ads ran without a disclaimer,≤100
102766972054067,Pradeep Yadav,These ads ran without a disclaimer,≤100
675674499123384,Sambhaji Patil Nilangekar,DIwise,≤100
108209555020383,B somashekar,RMT,≤100
475898282465005,Dr K Laxman,Vijay Kumar Tapadia,≤100
102751445574062,कहो दिल से योगी फिर से,Manoj Kumar Singh,≤100
198090980676319,Manish Sinha,Ashutosh Kumar,≤100
104446929038402,Pukesh Chandrakar,Pukesh Chandrakar,≤100
104349501516784,Babulal Kumawat,Shiv Charan,≤100
1116353905141402,Dr. Shivani Matanhelia,Kanushree Matanhelia,≤100
1511829065618821,Om Prakash Rai,Om Prakash Rai,≤100
105530752376295,"Shiromani Akali Dal, Delhi Unit",Harjap Singh Dhingra,≤100
112132937023603,Nandlal Chauhan,Nandlal Chauhan,≤100
708994425878702,Sandeep Namdev BJP,Sandeep Namdev,≤100
2051973168244996,Shyam Choudhary,Ganesh Thapa,≤100
747930775373319,Saral Patel,Saral Patel,≤100
291247477906169,Mahatma Gandhi to Modi,Nanoland Publishers,≤100
101728151694323,Lawgic.in,These ads ran without a disclaimer,≤100
250007248502240,Golu Shukla,Modi For PM Organization,≤100
103125628674152,Dushyant Raj Singh Chundawat Chittorgarh,Tanuj Nandwana,≤100
106126212227764,P Mudar Loan,Mukeshbhai Samatbhai Rathod,≤100
103673315722202,Bajrangi Tripathi,Bajrangi Tripathi,≤100
107593542057366,Vijay Tanwar,Vinod Kumar Swami,≤100
103251851710926,Akula Srivani,Anjan Kumar Akula,≤100
108069985497269,Vevek_casino_expert_,These ads ran without a disclaimer,≤100
101430871871779,Asha Maurya,Asha Maurya,≤100
2027073917349462,Priya Devi,Aman Kumar,≤100
104005725578584,Feedmile,These ads ran without a disclaimer,≤100
109440785244401,Red Pix 24x7,Felix Gerald G,≤100
1822196704770409,Priya Chandela,Luxmi Devi,≤100
100246572087472,Bhupendra Singh Shaktawat,Bhupendra Singh Shaktawat,≤100
104165920940601,Paras Bakshi,Palwinder Kaur,≤100
1578558702356487,Shantanu chauhan,Shantanu Chauhan,≤100
106858451615056,gk_stream,These ads ran without a disclaimer,≤100
114065598220113,junaidkhan_garnet19,These ads ran without a disclaimer,≤100
101843071656671,Annamalai BJP,Mohan R N,≤100
106455458688118,Mehbub Ahmed Laskar,Mehbub Ahmed Laskar,≤100
102122712717126,praveen singh Pradhan Dirawali,These ads ran without a disclaimer,≤100
179765292047054,Manickam Tagore,Kathiresan K,≤100
112454965016733,Manindra Jain,Naveen Singhal,≤100
102695901078355,Balwant Shelly Singhmar,These ads ran without a disclaimer,≤100
624122961126616,Dhanwati Chandela,Luxmi Devi,≤100
10150110302115599,Genesis Foundation,Genesis Foundation,≤100
357016611315216,पूर्व महापौर विभा कुमारी पुर्णिया,Abhay Kumar,≤100
988113031199582,Dr. Ramesh Chand Tomar,Ashutosh Mishra,≤100
520949671329992,Indian School of Democracy,Indian School of Democracy,≤100
521034828342719,Harshita Swami Baghel,Arshad Ansari,≤100
101049654848523,Mohd Zakriya,Pawan Kumar Sharma,≤100
110044260470271,Vinay Jangid Sharma,Narendra Singh Pachar,≤100
1929823443694918,Pardeep Lohan,Pardeep Kumar,≤100
1935128343433294,"Sri Shyam Sundar Singh ""Dhiraj""",Shyamsunder Singh Dheeraj,≤100
112814766940734,Mahesh Gaikwad,Pawan Baban Ahire,≤100
100229345285857,Basavaraj S Hundri,Mallikarjun Pujari,≤100
106825905031150,"Nagar Palika Parishad, Hapur",Nitin Kumar,≤100
109041710706538,Shankar Ninama Ghatol,Ganesh Thapa,≤100
666990533754186,Niranjan Kushwaha,Vivek Kumar,≤100
112554440463293,Malkhan Singh Chouhan - BJP,Prashant Mahton,≤100
142752549111246,Construction World Magazine,Asapp Info Global Services Pvt. Ltd,≤100
104761652045735,RAVI KE bindaas Bol-:- रवि के बिंदास बोल,These ads ran without a disclaimer,≤100
116997354325105,Wg Cdr Anuma Acharya,Anuma Acharya,≤100
106609134969423,layman_to_lawman,These ads ran without a disclaimer,≤100
764865110238987,Varinder Shah - Bulle Shah,Big Boys Consulting Private Limited,≤100
295405070641302,Balraj Kundu,Pankaj Sharma,≤100
2766365226737945,Brijendra Singh,Birender Singh,≤100
1644165492504830,Ramoji Gowda,Ramoji Gowda,≤100
106610625404907,The Fame Guru,Sumit Rajput,≤100
107192855352262,Satbir Singh Kasana,Jagmohan,≤100
109735351891742,Apex India service,Ajay Tiwari,≤100
104413831647263,Jeevan Kumar,Sandeep Kumar,≤100
105999155405710,Pandit Avadh Sharma,Pawan Kumar Sharma,≤100
326102339565,Oxfam India,Oxfam India,≤100
113356014587642,Anupam Sharma,Prashant Sharma,≤100
107856004316756,Aashutosh Chouksey,Aashutosh Chouksey,≤100
102018225696367,वसीम राईन पसमांदा मुस्लिम महाज,Bhupendra Sharma,≤100
103242675554652,Ramsharan Gupta,Badri Narayan Jangid,≤100
103128038354073,NRI CELL BJP Haryana,Navdeep Sehrawat,≤100
105596701293129,Ayodhya Development Authority,Sandeep Kumar Sharma,≤100
100764935994274,Mukesh Sharma,Mukesh Kumar Sharma,≤100
1207589066051270,Sipping Thoughts,These ads ran without a disclaimer,≤100
330024290367050,Prash,Prashanth Jayakumar,≤100
101613628900010,Smartway Wellness Pvt. Ltd.,Bhoomi Harendra Mistry,≤100
100448149494077,Devashish Dev,Devashish Dev,≤100
646663075769662,Vinod Chandrakar Supporters,Arpit Jain,≤100
183215718834130,Laxmi  Devi Jain,Laxmi Devi Jain,≤100
1065727510129084,Datta kulkarni - दत्ता कुलकर्णी,Datta Kashinath Kulkarni,≤100
111959363556300,Omkar Singh Markam,Arpit Jain,≤100
175945189271158,Tejpal Nagar,Reetesh Maheshwari,≤100
204318116677554,National Herald,National Herald,≤100
313259842689696,IAS Vishal Singh,Sandeep Kumar Sharma,≤100
361718734223966,Yogesh Kumar Tamrakar,Sarika Pandey,≤100
100309772485594,KES International School,These ads ran without a disclaimer,≤100
220915357934024,Arvind Sangal,Bharat Sangal,≤100
1918193518268417,Carbon Challenge with Monika Surana,These ads ran without a disclaimer,≤100
104441248861952,Neelam Aggarwal,Pankaj Sharma,≤100
109402812008978,Akash Sharma - Supporters,Arpit Jain,≤100
607252739670252,Dr. Prannay G Sharma,Kumar Ratnam Sharma,≤100
100179215257432,Hardwar Dubey,Pranshu Dubey,≤100
110944643955970,Bjym Anuj sharma jansevak,Akash Singh,≤100
2176894079208790,LawStreet Journal,Law Street,≤100
564340420252773,Amit Sihag,Ranvijay Lamba,≤100
110197854912974,Sonu Singh Garg,These ads ran without a disclaimer,≤100
748306718584642,ERM Academy,These ads ran without a disclaimer,≤100
506874439519016,SANJEEV SINGH,Engitech Media,≤100
1698053837142928,Rajpal Bhaker,These ads ran without a disclaimer,≤100
231512217793516,Ashok Goel Mangaliwala,Ashok Kumar Goel,≤100
104272295772832,Pallavi Gupta,Pallavi Gupta,≤100
103327465892185,Globle Finance,Dharamraj Singh,≤100
102520331399638,Breaking News Punjab,Simranjeet Singh,≤100
296690450943198,Sunil Tiwari,Pawan Kumar Sharma,≤100
423928144293931,Mahender Pratap Singh,Pankaj Sharma,≤100
108991074835056,Archana Rathaur,These ads ran without a disclaimer,≤100
1346291785426106,Rita Choudhary,Ganesh Thapa,≤100
1428059204112781,Manish Kala - मनीष काला,These ads ran without a disclaimer,≤100
1325597657464869,VAISHNAV INFRATECH,Sukhneet Singh,≤100
860603967348652,Shemaroo Gujarati,These ads ran without a disclaimer,≤100
105110844616542,"भानू प्रताप सिंह ""यादव""",zinka logistics solutions pvt ltd,≤100
626040200837891,Ashwini Paranjpe,Trivikram Kashinath Paranjpe,≤100
1444400162538920,Idris Multani - इद्रिस मुलतानी,Rahul Digambarrao Borole,≤100
1882711862044371,Er. Shashi Bhushan Rai - Gappu rai,Shashi Bhushan Rai,≤100
1171462299729165,Sandeep Singh Deswal,Navdeep Sehrawat,≤100
106589030995220,Election Fight,Surbhi Kumari,≤100
104471954877219,शोएब खत्री,Mohd Soyab Khatri,≤100
112512191696033,Shailesh Nitin Trivedi - Baloda Bazar,Arpit Jain,≤100
105222094270542,Dalbir Singh,Shankar Prasad Thakur,≤100
107545897823033,For Men India,Antara Das,≤100
109673031845058,Gaganpreet Singh BJP,Gaganpreet Singh,≤100
110073091814905,लोनी की राजनीती,Umesh Kumar,≤100
259991992544394,Arjun Jaiswal,Chandan Vishwakarma,≤100
468618699957192,S R Patil - Shivanagouda R Patil,Tejraj Patil,≤100
105371298951542,chuda_collection20,These ads ran without a disclaimer,≤100
1331545046906640,Gottumukkala Venkateshwara Rao,Venkateswar Rao Gottumukkala,≤100
292081617502897,Avijit De Bhowmik,Pratima Barman,≤100
110772737414872,SambadSamakal,Joymalya Deshmukh,≤100
103770281134321,श्री. योगेश चिंधुजी निसाळ,Pawan Anil Aher,≤100
100817509329248,The Political Marketing Agency,GrowthX India,≤100
110847701760646,Abul Kalam Rasheed Alam,Mehbub Ahmed Laskar,≤100
816288898474925,Naresh Pareek,Pawan Kumar Sharma,≤100
415332588877399,Banda Karthika Reddy,Chandra Reddy Banda,≤100
120284196268494,Dr. Rajan Jaiswal,Rajan Jaiswal,≤100
124355137715451,Dr Ranju Ramawat,Ganesh Thapa,≤100
643216342792266,দেবাশিস পণ্ডা ভারতীয় Debasis Panda Bhartiya West Bengal,Debasis Panda,≤100
105237395768913,Team Harish Yadav Anantapur,Shaik Mahammad Shafi Allagutti,≤100
1439180666170743,Shashank Pandey,Harshit Solanki,≤100
104352017847238,Discover Ananthapuram,Anandpurgogula Anil Kumar,≤100
110918958196244,Rajasthan Government Health Scheme - RGHS,Rajasthan Government Health Scheme - RGHS,≤100
411581785652009,Karamjit Singh Rintu,Karamjit Singh Sandhu,≤100
269442696723658,Kuldeep kumar Deep kamboj,Kuldeep Kumar,≤100
108716531641352,Renewable Energy Expo,Water Today Pvt Ltd,≤100
791996340811292,Dr Madhuri Borse,Vipul Jayantilal Bafna,≤100
243905136121906,Dr. Jury Sharma Bordoloi,Utpal Phukan,≤100
109869227020643,Melur.T.Diwakar Councillor,Melur.T.Diwakar Councillor,≤100
135180180340322,Jitendra Verma,Arshad Ansari,≤100
2462401114081248,Pushkar narayan singh,Pushkar Kumar,≤100
268998889945816,Darshana Singh,Darshana Singh,≤100
114961101456858,Om Nagar- Lalit,Nitish Kashyap,≤100
1619293888308714,Vardhan Yadav,Vardhan Yadav,≤100
101567888470152,Shailu Verma,These ads ran without a disclaimer,≤100
107148595058269,Adv Harita Mehta,Sandeep Kumar Rana,≤100
103395429127963,Public Guardian,Brijinder Kaur Rai,≤100
1949802628682701,Rana Sujeet Singh,Rana Sujeet Singh,≤100
106840062199325,Geeta Kushwaha,Ranjan Kumar,≤100
854256021383031,Vinod Sevan Lal Chandrakar,Shreyansh Jain Kotadia,≤100
100358095283850,MD. Ibne Amir Zill Ekram,E A Z Zalal Walekram,≤100
107449695457451,Monika Rungta,Anuj Kumar,≤100
514610422407086,Daniels Menstore PVT. LTD.,Eldhose N Daniel,≤100
2766365226737945,Brijendra Singh,These ads ran without a disclaimer,≤100
350412499043875,Prabhu Badoliya,Prabhubadoliya,≤100
104445745820995,Devendra Yadav - Supporters,Arpit Jain,≤100
103139272338322,Dr. BJ Vijay Kumar,Gorahalli Appaji Gowda Rakshith,≤100
924791427628665,Sunil Kelanka,Shivendra Shailendra Tiwari,≤100
104542468470903,Navnath Baban Moze - नवनाथ बबन मोझे,Sagar Subhash Bhalerao,≤100
100879585860722,Lifetree,getwell biocare,≤100
102572255402366,Deepak Nagra,These ads ran without a disclaimer,≤100
863961040416615,Punit Verma पूर्व उपाध्यक्ष विश्व हिन्दू परिषद् काशी प्रान्त,Punit Varma,≤100
104852518266357,Bhairavi Tai Wagh-Palande,Rahul Magan Chaudhari,≤100
104102269231574,imranabbasi002,These ads ran without a disclaimer,≤100
135931567029484,Aditya Ranjan,Aditya Ranjan,≤100
1397767487148044,Jaidatta Kshirsagar,Jaydatta Sonajirao Kshirsagar,≤100
101556365243260,Kachhadiya Jitendrabhai,Kachhadiya Jitendrabhai,≤100
153896938152738,Dr Rutvij Patel,Rutvij Manuprasad Patel,≤100
2156330694593998,Priyanka Pravin Barse,Priyanka Pravin Barse,≤100
173536432700799,Ahmed Balala,Ahmed Balala,≤100
104779413448,Teach For India,These ads ran without a disclaimer,≤100
253298788099181,Banda Chandra Reddy,Chandra Reddy Banda,≤100
912096938897209,Vijay Singh,Vijay Singh,≤100
182600871930746,Sujata Paul - India First,Sujata Paul,≤100
103996462573781,__shesaid___,These ads ran without a disclaimer,≤100
1109826479083738,Rajeev Sharma BJP,Puneet Kumar Singh,≤100
103040252649768,Environment Protection Technology Exhibition,WATER TODAY PVT LTD,≤100
236500783397189,Kamlesh Paswan,Kamlesh Paswan,≤100
700079793418618,J S Patel Fan Club,Gayatri Suchetkumar Darji,≤100
187925728060491,Janampalli Anirudh Reddy,J Anirudh Reddy,≤100
777771655697023,Aditya Shankar Prasad,Pramender Kumar,≤100
110070131310893,Tez Tarrar,Tez Tarrar Media Pvt Ltd,≤100
108689704852720,Mahalakshmi Sreenivas,Mahalakshmi Sreenivasulu,≤100
102848075943324,Health-e,These ads ran without a disclaimer,≤100
102798551410851,Anukool Chavhan,Anukool Vijay Chavhan,≤100
426881010719758,Soumik Hossain,Angur Shaikh,≤100
108293074221501,Dr Ajay Singh - ज़िलाध्यक्ष भाजपा रीवा,Krantiveer Singh,≤100
802311956513987,Rahul Singh,Rahul Singh,≤100
145259365920844,WNS Cares Foundation,These ads ran without a disclaimer,≤100
2237523483238058,Rohit Dalal,These ads ran without a disclaimer,≤100
129952997339452,Rajendra Maske,Rajendra Tukaram Maske,≤100
761826677309909,Bhupinder Lather,Book My Promo,≤100
693289664149663,Dr. Shashikant Sharma,DIMPLE.R,≤100
261810094357404,Shivaram Hebbar,Gundala Rahul,≤100
101204659416635,"મારો સવાલ, સૌ નો સવાલ?",These ads ran without a disclaimer,≤100
243092235776975,Bharatpur 05,Jainendra Agrawal,≤100
148039562030208,सुशील आनंद शुक्ल संचार प्रमुख छत्तीसगढ़ कांग्रेस,Vaibhav Suryawanshi,≤100
349594075908636,Syed Salman Ali,Saiyad Salaman Ali,≤100
115581696797257,Suresh Raje,Suresh Kumar Raje,≤100
361031561139301,Rakesh Jangir,Rajesh Kumar,≤100
104065478998202,AAPSU 2022-2025,These ads ran without a disclaimer,≤100
289085061102499,Sukhwinder Singh Bindra,Sukhwinder Pal Singh,≤100
100321581961180,l._.m.o.m.e.n.t.s._.l,These ads ran without a disclaimer,≤100
114459994841613,Manvadhikar Parishad,These ads ran without a disclaimer,≤100
106860042286129,Globle.Finance,Anil Kumar,≤100
101091045259649,I.Saravanan,Boopathi Raja,≤100
109728661778890,Sunil Gupta,These ads ran without a disclaimer,≤100
107670204250324,Rahul Singh Swarnim,Anuj Kumar,≤100
138959221683611,Devinder Singh Bajwa-Roadmajra,Devinder Singh Bajwa,≤100
2202748353387524,Bibi Jagir Kaur,Rahul Kumar,≤100
790175511059063,Ch Yashveer Singh,These ads ran without a disclaimer,≤100
101950355775969,Nilesh Jain,Nilesh Jain,≤100
112142894659387,Ravinder Singh Balyan,Ravinder Singh Balyan,≤100
104507429172504,Rahul Gandhi - Supporters,Yuvau Digital,≤100
2006963429629027,Harsh Dahiya,Harsh Dahiya,≤100
111560924353656,Swetha Reddy,Rajendra Reddy Bhuvanagiri,≤100
1149375478489344,Harvinder Singh Sarna,Harjap Singh Dhingra,≤100
109108857431254,Citizen Saikat Chatterjee,Pratima Barman,≤100
106802937934432,Padma venkat reddy,Banappagari Naren Sai Reddy,≤100
104755924947233,Shiv Kumar BJP,Shiv Kumar,≤100
109413325306178,Jat Mahasabha,These ads ran without a disclaimer,≤100
2156330694593998,Priyanka Pravin Barse,Mayur Satish Kadav,≤100
110905358523842,Bhupesh Baghel - Supporters,Yuvau DigitaL,≤100
103504628773524,सुजय कुमार,Vaibhav Ranjan,≤100
1938002469804247,Jaswant Singh Saini,Sachin Kumar,≤100
600061223342178,Ghanshyam Tiwari,Aashish Tiwari,≤100
191623094953434,Gurudayal Singh Banjare,Gurudayal Singh Banjare,≤100
587008988138630,Dinesh Desai,Pixatronix,≤100
1094998887291468,Ganga Singh Kathadi,These ads ran without a disclaimer,≤100
103833782263290,Arvind Singh Bhati,Engitech Media,≤100
876699415772381,Rakesh Visheshwar Ojha,Rakesh Ranjan,≤100
301482743520742,Aseem Gupta,Rani Devi,≤100
1806466166242152,Rahul Raj Rastogi,Chetan Singh Kanyal,≤100
531472047253533,Dr P K Sareen,Akram Ali,≤100
106412445020988,Samman afroz khan,Khandagre Sourabh,≤100
589797617804653,Kishor Jorgewar,Prakash Sunkalwar,≤100
711156139047983,उधोराम वर्मा,These ads ran without a disclaimer,≤100
455697974986681,Bangla Hunt,Bangla Hunt,≤100
300617407296261,Mohd Hassan Roomi,MOHAM‍MAD DANISH,≤100
110255340549866,B.NARAYAN,Chandrashekar Nagashettyhalli Channappa,≤100
109119748702897,Purushottam Tamrakar,These ads ran without a disclaimer,≤100
416975295059525,Nirmal srivastava Gonda,These ads ran without a disclaimer,≤100
643001122724792,Shambhu Kumar,Punit Kumar Pandav,≤100
102295186083355,Ranveer profit sharing,These ads ran without a disclaimer,≤100
348230989277285,Mallaiah Yadav Bollam,Mallaiah Yadav Bollam,≤100
281087312058182,Anand Dubey,Akash Singh,≤100
106263485565009,Aaradhayam Infra Builders Pvt. Ltd,Aaradhayam Infra Builders Pvt. Ltd,≤100
880061088804589,Sameer Bhati,Adv Tech,≤100
105560431512954,Boopathi Raja K,Boopathi Raja,≤100
106860042286129,Globle.Finance,These ads ran without a disclaimer,≤100
100801722889357,hacker_casino_aayush,These ads ran without a disclaimer,≤100
109546308136398,Sankar Dutta - শংকর দত্ত,Bholanath Dey,≤100
106639851657786,Nitin Gulabrao Gore,Ajinkya Vijaykumar Meher,≤100
219514401576120,SG Suryah,SG Suryah,≤100
102749835745921,Digital Sampark,Shravan Kumar,≤100
110448328516511,thegenz_club,These ads ran without a disclaimer,≤100
103195755274148,Secure My Scholarship,These ads ran without a disclaimer,≤100
1876775545882918,HackerNoon,These ads ran without a disclaimer,≤100
31292782350,Deutschland.de,These ads ran without a disclaimer,≤100
340577086006224,CRI German,These ads ran without a disclaimer,≤100
102939818706280,imranqureshi.official1,These ads ran without a disclaimer,≤100
113069201300997,The Asian Defence News,These ads ran without a disclaimer,≤100