﻿Page ID,Page name,Disclaimer,Amount spent (QAR)
116446154839404,Abaj Kejayaan kami,These ads ran without a disclaimer,≤100
108625789179165,Soi Dog Foundation,These ads ran without a disclaimer,≤100
103469548560948,Madinah.com,These ads ran without a disclaimer,≤100
702279983471744,Olympic Council of Asia,These ads ran without a disclaimer,≤100
1399750283620746,Hidden City,These ads ran without a disclaimer,≤100
908878692509737,العين الإخبارية,These ads ran without a disclaimer,≤100
107847177821253,NOW الشرق,These ads ran without a disclaimer,≤100
988564767934338,مؤسسة التعاون الانساني  لرعاية ذوي الاحتياجات الخاصة,These ads ran without a disclaimer,≤100
416731498371213,Saved To Serve,These ads ran without a disclaimer,≤100
100305849167750,Born To Know,These ads ran without a disclaimer,≤100
231077503937746,Kueez,These ads ran without a disclaimer,≤100