﻿Page ID,Page name,Disclaimer,Amount spent (IDR)
23383061178,Prabowo Subianto,indonesia Adil makmur,982356
104054595928021,Bakti Untuk Rakyat,Bakti Untuk Rakyat,455273
320858334728047,Partai Solidaritas Indonesia,Partai Solidaritas Indonesia,453035
102793242742002,Jaksapedia,JAKSAPEDIA,153266
92828041744,Sandiaga Salahuddin Uno,Sandiaga Salahuddin Uno,105658
102712985995817,Sobat Airlangga Hartarto,Sobat Airlangga Hartarto,94733
101629779030791,Ahmad Abdy Baramuli,Efendi Syafruddin,77485
197545083607941,Harian Kompas,Harian Kompas,69895
333711983956998,Erwin Aksa,Yayasan Golkar Institute SPKP,69061
101971245965029,Siap Kawal Polri,Kawal Polri,67648
103817945830465,Sobat Dito,Sobat Dito,64012
105818752347206,Teman Airlangga Hartarto,Teman Airlangga Hartarto,62311
107451398732660,Teman Dito,Teman Dito,43012
104833558441041,LAZ Baitul Maal Hidayatullah - Sulsel,LAZ Baitul Maal Hidayatullah - Sulsel,33672
102656349157647,Tugimanisme,Ganjar Nusantara Indonesia,30739
104830667806476,Melihat Indonesia,Septian Raharjo,29939
110952238516382,Kiki Daliyo,Dwi Wantoro,25274
143840239716746,Indozone.id,PT. INDOZONE MEDIA INDONESIA,24674
193237974052689,Partai Keadilan Sejahtera,Partai Keadilan Sejahtera,21944
1165819730216749,Global Ehsan Relief Indonesia,Global Ehsan Relief Indonesia,20952
173996829810061,Ryan Fahrichsan Kono,"Ryan Fahrichsan Kono, B.Com",20719
103581752405141,Sobar Harahap,Septian Raharjo,20493
101403669397488,Nikmatul Sugiyarto,Septian Raharjo,20367
1357693677594211,A Muhaimin Iskandar,Kebangkitan Bangsa,19722
1408188616062841,Sofitel Bali Nusa Dua,Sofitel Bali Nusa Dua Beach Resort,14557
101679818973699,Sahabat Ganjar Pranowo,John Kamnahas,11040
110865154735990,Koran Harian Tanah Air,Muhammad Miftakhunnaim,10713
101760624522103,DPP Banteng Muda Indonesia,Farid Wahyudi,9697
101350709331663,G24News.tv,Yayasan Golkar Institut SPKP,9673
111864151754055,Esensi TV,Esensi Tv,9491
103013484811323,Jangan Lupa Sejarah,John Kamnahas,8420
335546226915564,Generasi Melek Politik,Generasi Melek Politik,7378
105940845096956,Borneo Digital Plus,Borneo Digital Plus,6903
109083348423534,Untuk Rakyat,Muhammad Miftakhunnaim,5555
225743208016201,Grace Anastasia PSI,Partai Solidaritas Indonesia,5420
790156511331117,Tempo CekFakta,TEMPO MEDIA GROUP,4969
110195418669687,Sahabat Yatim,Yayasan Sahabat Yatim Indonesia,4233
107161484460730,Sobat Erick 2024,Mohammad Izur Islami,3524
102273039070802,Info Terkini,Muhammad Miftakhunnaim,3312
106524371346347,NTBSATU.com,NTBSATU.com,3050
108401655217559,Layanan Kemanusiaan DPP  Partai Gerindra,Layanan Kemanusiaan DPP  Partai Gerindra,2984
378454888947214,Roxtec Group,These ads ran without a disclaimer,2899
112417251582480,APEL - Aplikasi Pemenangan Eksekutif & Legislatif,APEL - Aplikasi Pemenangan Eksekutif & Legislatif,2441
39253583478,PDI Perjuangan,Muhammad Miftakhunnaim,2354
104899195891472,Berita Ganjar Pranowo,Ganjar Nusantara Indonesia,2047
110921328370571,Bala Gus Shidqi,These ads ran without a disclaimer,1968
107241861191421,Ilmu Tambang,Ilmu Tambang,1812
104830667806476,Melihat Indonesia,Ganjar Nusantara Indonesia,1704
111261231404843,Mileanies - Relawan Milenial Anies Baswedan,Asri Tadda,1609
312490859193724,mensbatik,Bayu Setayudha,1399
108346091544917,Katalis IA,IA-CEPA ECP Katalis,1123
102626198026698,Rika Sudjiman,Juniar Dwi Harianto,1070
102565517862902,Rumah Digital Indonesia,These ads ran without a disclaimer,1006
110368964786452,Kemajuan Bersama,Muhammad Miftakhunnaim,987
756567881057213,Airlangga Hartarto,Airlangga Hartarto,955
101403669397488,Nikmatul Sugiyarto,Ganjar Nusantara Indonesia,898
112121101796090,Opini 2024,Juniar Dwi Harianto,849
103581752405141,Sobar Harahap,Ganjar Nusantara Indonesia,761
102497641558430,Indonesia Tolak HOAX,Muhammad Miftakhunnaim,650
198636863575407,"Uki Kifli, M.A.",Uki Kifli,644
106920001531083,Filosofi Jateng,Bayu Wicaksono,638
108676115131939,Nusantara Cerdas,Ganjar Nusantara Indonesia,612
106369021821580,Partai Buruh,Partai Buruh,587
104533848318771,Pemalang Today,Bayu Wicaksono,585
100147872667354,Kata Nusantara,Ganjar Nusantara Indonesia,567
101338198587608,Indonesia Luar Biasa,Ganjar Nusantara Indonesia,557
104799384898162,Indonesia Berkabar,Ganjar Nusantara Indonesia,543
108695584343029,Baik Untuk Kita,Muhammad Miftakhunnaim,541
110037828037739,Jateng Pedia,Bayu Wicaksono,521
105195635486519,Klise Nusantara,Ganjar Nusantara Indonesia,507
100359258525418,Pemulihan Lebih Baik,Muhammad Miftakhunnaim,505
102114435036822,Filosofi Jatim,Dwi Wantoro,498
110056788323890,Pikiran Indonesia,Ganjar Nusantara Indonesia,490
101076948451651,Masa Depan Kita,Muhammad Miftakhunnaim,469
110100218339060,Wahai Ibu Pertiwi,Muhammad Miftakhunnaim,454
202555993805088,Caption,Ganjar Nusantara Indonesia,448
113058461386521,Mercusuar Indonesia,Ganjar Nusantara Indonesia,422
108571334357297,Melangkah Lebih Baik,Muhammad Miftakhunnaim,408
102374509356327,Alam Terindah Lestari,These ads ran without a disclaimer,401
107565455160464,Indonesia Opini,Ganjar Nusantara Indonesia,379
813887722072071,Yayasan Pundi Amal Bakti Ummat,Yayasan Pundi Amal Bakti Ummat,369
106662402320800,Rakyat Beropini,These ads ran without a disclaimer,364
105313791512717,Jateng Sentris,Bayu Wicaksono,358
100676262667808,Story Nusantara,Ganjar Nusantara Indonesia,277
105308715676825,Filosofi Indonesia,Ganjar Nusantara Indonesia,242
110750361762052,Pikiran Rakyat,These ads ran without a disclaimer,198
2046452302292477,Kawan H. Nuruddin Amin,These ads ran without a disclaimer,187
731046070564929,Informasi dan Komunikasi PMK,These ads ran without a disclaimer,≤100
111506334775197,Cherryfields Children’s Home,These ads ran without a disclaimer,≤100
110750361762052,Pikiran Rakyat,Pikiran Rakyat,≤100
112973765062222,Ridha Dharmajaya,These ads ran without a disclaimer,≤100
106662402320800,Rakyat Beropini,Rakyat Beropini,≤100
106039172449976,Semesta,These ads ran without a disclaimer,≤100
1134052756655607,Palfinger,These ads ran without a disclaimer,≤100
102342747923923,Researchpod,These ads ran without a disclaimer,≤100
102963592716303,Samsung Display Global,These ads ran without a disclaimer,≤100
421002731270405,swisspeace,These ads ran without a disclaimer,≤100
10606591490,TIME,These ads ran without a disclaimer,≤100
100226310084172,University of Reading,These ads ran without a disclaimer,≤100
1471787229768516,Art+Feminism,These ads ran without a disclaimer,≤100