﻿Page ID,Page name,Disclaimer,Amount spent (USD)
338109312883186,China Xinhua News,These ads ran without a disclaimer,≤100
293384094915450,جريدة الحراك الإخباري,جريدة الحراك الإخباري,≤100
995765983772115,Dzair Tube,Dzair Tube,≤100
415438789051284,"حزب سياسي جديد ""الحراك الجزائري العالمي سلمي من أجل الجزائر والقدس",These ads ran without a disclaimer,≤100
31292782350,Deutschland.de,These ads ran without a disclaimer,≤100
107410862226340,Make Africa Great Again,These ads ran without a disclaimer,≤100
1456998184564952,عربي بوست,These ads ran without a disclaimer,≤100
104080152521111,جامعة العميان,These ads ran without a disclaimer,≤100
881675718576355,VIP Diffusion Presse,These ads ran without a disclaimer,≤100
668701066598159,مجلس حكماء المسلمين,These ads ran without a disclaimer,≤100