﻿Page ID,Page name,Disclaimer,Amount spent (THB)
100240152175449,ป้าโส FC by Tacina,Dunyawat  Bamrungchan,701
101903329383104,ผู้การติ๊ก : จรัญ ขุนอินทร์,ผู้การติ๊ก : จรัญ ขุนอินทร์,202
296508406790,"Democrat Party, Thailand พรรคประชาธิปัตย์","Democrat Party, Thailand พรรคประชาธิปัตย์",123
104427797605274,ดร.เฉลิมชัย ศรีอ่อน รัฐมนตรีว่าการกระทรวงเกษตรและสหกรณ์,ดร.เฉลิมชัย ศรีอ่อน รัฐมนตรีว่าการกระทรวงเกษตรและสหกรณ์,115
105289357813967,ปุณณ์สิริ บุณยเกียรติ - บีท - Punsiri Boonyakiat,ปุณณ์สิริ บุณยเกียรติ - บีท - Punsiri Boonyakiat,110
157659344260788,จุรินทร์ ลักษณวิศิษฏ์ Aoodda,Ruthaikan Tanomkerd,103
174674890018644,นายเดชอิศม์ ขาวทอง นายกชาย,Phetai Sretrairat,≤100
368356080442700,กำนันพงษ์ศักดิ์ จ่าแก้ว - คนรักสุราษฎร์,Chadapon Maksuwan,≤100
105421542338383,ไทม์ ดุลยวัฒน์ - หัวใจสีฟ้า,Dunyawat  Bamrungchan,≤100
102807719039442,พรรครวมไทยสร้างชาติ United Thai Nation Party,พรรครวมไทยสร้างชาติ United Thai Nation Party,≤100
177948972256358,เอกนัฏ พร้อมพันธุ์ (ขิง),เอกนัฏ พร้อมพันธุ์ (ขิง),≤100
101535845426970,พรรคไทยสร้างไทย,พรรคไทยสร้างไทย,≤100
345127652279503,มูลนิธิสากลเพื่อคนพิการ,มูลนิธิสากลเพื่อคนพิการ,≤100
111341764925564,สำนักสนับสนุนการพัฒนาระบบสุขภาพ - สำนัก 7 สสส.,สำนักสนับสนุนการพัฒนาระบบสุขภาพ - สำนัก 7 สสส.,≤100
567743816917663,The Article,The Article,≤100
161651553861945,Amnesty International Thailand,Amnesty International Thailand,≤100
276537859877842,FC ผู้ใหญ่ตาน คนบ้านเรา,ปฐมพร จันทร์ผ่อง,≤100
493026767870664,พรรคพลังประชารัฐ,พรรคพลังประชารัฐ,≤100
379725072797606,พลังประชารัฐภูเก็ต ส.ส.นัทธี ถิ่นสาคู,พลังประชารัฐภูเก็ต ส.ส.นัทธี ถิ่นสาคู,≤100
622674297897819,Screenshirt2020,Screenshirt2020,≤100
104224665030349,สุราษฎร์ต้องไปต่อ Go To The Future,ศิวัตม์ ใจเอื้อ,≤100
107612328588715,The Voters,สันติสุข กาญจนประกร,≤100
2091153520919518,อนุทิน ชาญวีรกูล,อนุทิน ชาญวีรกูล,≤100
107449532000210,ธิติวัฐ อดิศรพันธ์กุล - Thitiwat Adisornphankul,ธิติวัฐ อดิศรพันธ์กุล - Thitiwat Adisornphankul,≤100
113238002044013,Samitivej Club,These ads ran without a disclaimer,≤100
101636186123234,ไชยพล เดชตระกูล,ไชยพล เดชตระกูล,≤100
190923294988741,สอบครูผู้ช่วยนะ,สอบครูผู้ช่วยนะ,≤100
2263098807292933,ทนายศฤงคาร  ข่ายสุวรรณ์,Saringkan Khaisuwon,≤100
103986582301984,เนื้อ นา บุญ,Phrathanakrit Upachai,≤100
241115389300595,คุณหญิงสุดารัตน์ เกยุราพันธุ์ Sudarat Keyuraphan,คุณหญิงสุดารัตน์ เกยุราพันธุ์ Sudarat Keyuraphan,≤100
102119372069250,สจ. ธานินท์ นวลวัฒน์,Studio415,≤100
418729291509368,สถาบันปรีดี พนมยงค์ Pridi Banomyong Institute,สถาบันปรีดี พนมยงค์ Pridi Banomyong Institute,≤100
103668907891539,การเมือง Kanmuang,การเมือง Kanmuang,≤100
106561034744198,ลอรี่ - พงศ์พล ยอดเมืองเจริญ,ลอรี่ - พงศ์พล ยอดเมืองเจริญ,≤100
207416296817756,พรรคก้าวไกลราชบุรี - Move Forward Party,Unnop Sricharoenchai,≤100
601953326929372,ธัญวัจน์ กมลวงศ์วัฒน์ - Tunyawaj Kamolwongwat,Tunyawaj Kamolwongwat,≤100
108508377637861,มุ้งจีบพระราม2 โรงงานผลิตมุ้งจีบ มุ้งลวด เหล็ดดัดทุกชนิด,กุหลาบ บัวสด,≤100
112394371483043,เครื่องมือไฟฟ้า และเครื่องมือช่าง ราคาถูก by HomeLink V.1,Surin Phothiphoksampan,≤100