﻿Page ID,Page name,Disclaimer,Amount spent (EUR)
122037308191612,Make.org,Make.org,≤100
103271587984683,Buergerfondscitoyen,Make.org,≤100
128938130499216,Fepem - Fédération des particuliers employeurs de France,FEPEM,≤100
763722197034246,En Développement,These ads ran without a disclaimer,≤100
129740893750695,Sexosafe.fr,Santé Publique France,≤100
200480966638039,Supremacy 1914,These ads ran without a disclaimer,≤100
417997281579542,OnSexprime.fr,Santé Publique France,≤100
39435457457,Greenpeace France,Greenpeace France,≤100
178362315106,European Parliament,European Parliament,≤100