﻿Page ID,Page name,Disclaimer,Amount spent (USD)
362213890520498,a2i - Aspire to Innovate,a2i - Aspire to Innovate,≤100
225353397503225,Zunaid Ahmed Palak,Zunaid Ahmed Palak,≤100
350816351717651,Grameen Party Bangladesh - GPB,Grameen Party Bangladesh - GPB,≤100
214814651932840,Panjeree Publications Ltd.,Panjeree Publications Ltd.,≤100
116094318069731,Arshad Adnan,Arshad Adnan,≤100
353130515348425,Bangladesh Nationalist Party-BNP,Bangladesh Nationalist Party-BNP,≤100
275290502504116,PBS (Books+Music+Cafe),PBS Ltd.,≤100
116452101385543,জননেতা তোতার সমর্থক গোষ্ঠী,These ads ran without a disclaimer,≤100
1834313933459789,BBC StoryWorks,These ads ran without a disclaimer,≤100
106308877701439,Sheikh Robiul Islam Azam,Sheikh Robiul Islam Azam,≤100
108886898530589,Dhaka24,Dhaka24,≤100
426726231113882,Ishraque Hossain - ইশরাক হোসেন,Ishraque Hossain - ইশরাক হোসেন,≤100
116167389784568,আমার নেত্রী আমার অহংকার,Flix Marketing,≤100
104379682060158,Bahanno News,Bahanno News,≤100
105593035649556,Electronic Voting Machine- EVM,Electronic Voting Machine- EVM,≤100
2120667158192427,লায়ন আলহাজ্ব মোহাম্মদ ইমরান,আলহাজ্ব মোহাম্মদ ইমরান,≤100
106284182272238,আহবান - Ahoban,আহবান - Ahoban,≤100
39759254594,Earth Journalism Network,These ads ran without a disclaimer,≤100
104576619147460,Bootcamp-Khalid Farhan,These ads ran without a disclaimer,≤100
103242132373483,Sheikh Hasina : Our Pride,Sheikh Hasina : Our Pride,≤100
101432104635631,Zonayed Saki-জোনায়েদ সাকি,Zonayed Saki-জোনায়েদ সাকি,≤100
345787012862232,গাইবান্ধা গেজেট-Gaibandha Gazette,Up Top Market,≤100
111784501140339,Duke Chowdhury MP,EKATTOR iT,≤100
110674915185692,সবার আগে দেশ,সবার আগে দেশ,≤100
162107741307973,এই বাংলাদেশ আমাদের,এই বাংলাদেশ আমাদের,≤100
101476259429774,বিশ্ব টাইমস,বিশ্ব টাইমস,≤100
2202700299948022,জনতার জয়পুরহাট-Jonotar Joypurhat,Up Top Market,≤100
433659713676324,Daily Bangladesh,Daily Bangladesh,≤100
100991504718703,Jomir Uddin Parvez,Jomir Uddin Parvez,≤100
1647676395472541,BPO Summit Bangladesh,BPO Summit Bangladesh,≤100
166064673583399,Bangladesh Awami League,Bangladesh Awami League,≤100
253047365570333,gazipurkotha.com,gazipurkotha.com,≤100
120518501033333,Shayham Khan-সায়হাম খান,Shayham Khan-সায়হাম খান,≤100
537876413374762,সাম্যের সিরাজগঞ্জ-Shammer Sirajganj,Upo Market,≤100
186948511918618,Positive Bangladesh,Positive Bangladesh,≤100
720416484761822,Canadian University of Bangladesh,Canadian University of Bangladesh,≤100
348165495741326,বর্ণিল বগুড়া-Bornil Bogura,Upo Market,≤100
692126324506258,Padma silker rajshahi  পদ্মা সিল্কের রাজশাহী,Padma silker rajshahi  পদ্মা সিল্কের রাজশাহী,≤100
336242810327432,সাভারের সূর্যোদয়-Savarer Surjodoy,My Solution Blog,≤100
116834651444825,Prof Dr. Md. Nazrul Islam,Nobo IT,≤100
110794058401010,Mohammad Jahangir Kabir,Mohammad Jahangir Kabir,≤100
2048704288508984,বর্ণিল নবাবগঞ্জ-Bornil Nobabgonj,Auto App Inc,≤100
104964655888765,Jhankar Voice Records,Jhankar Voice Records,≤100
101715608106975,ভাওয়ালের কণ্ঠ,ভাওয়ালের কণ্ঠ,≤100
287553968526434,Dikdorpon - দিকদর্পন,Dikdorpon - দিকদর্পন,≤100
254138648026636,সফল বাংলাদেশ,Effective Lead Gen,≤100
111768425244624,Voice of the Displaced People,Reality Media US,≤100
110233305051874,Our BNP,Our BNP,≤100
508518392998811,প্রাণের দোহার-Praner Dohar,Marketing Solution,≤100
2022137391381938,এই বাংলাদেশ তোমাদের নয়,এই বাংলাদেশ তোমাদের নয়,≤100
103414131574909,Press Xpress,PressXpress,≤100
385200605556790,OLD Collection,OLD Collection,≤100
132975130832652,Amader Muktijuddho,Amader Muktijuddho,≤100
113598711675088,Riddhi Farjana,These ads ran without a disclaimer,≤100
1637850026472872,বঙ্গবন্ধু অনলাইন আর্কাইভ,Flix Marketing,≤100
103157219806,U.S. Embassy Dhaka,U.S. Embassy Dhaka,≤100
108625789179165,Soi Dog Foundation,These ads ran without a disclaimer,≤100
378866836224660,কেরানীগঞ্জের আলো-Keraniganjer Alo,Auto App Inc,≤100
1910583609067515,প্রগতির মানিকগঞ্জ-Progotir Manikganj,My Solution Blog,≤100
165525366896608,Soka Gakkai,These ads ran without a disclaimer,≤100
1083450301837450,Newsi,These ads ran without a disclaimer,≤100
105715675111401,"স্কোয়াড্রন লীডার সাদরুল আহমেদ খান, অবঃ","স্কোয়াড্রন লীডার সাদরুল আহমেদ খান, অবঃ",≤100
116727611307181,রুখে দাও ষড়যন্ত্র,Royalties Ads,≤100
104380119100929,Trusty Bazar,Trusty Bazar,≤100
318245035273577,Khan Ahmed Shuvo MP,Khan Ahmed Shuvo MP,≤100
1930781123914291,আবিজা,All Marketing Center,≤100
207962325911240,Friendship,These ads ran without a disclaimer,≤100
1745844285684221,Shohidul Islam Babul,Shohidul Islam Babul,≤100
378886745490924,Aparadh Kantha - অপরাধ কন্ঠ,Effective Lead Gen,≤100
299227550122220,Radio Cina Internazionale,These ads ran without a disclaimer,≤100
338109312883186,China Xinhua News,These ads ran without a disclaimer,≤100
102639559351794,খেলা হবে,Reality Media US,≤100
1941359985984595,Dainik Bandarban,Vision Mark NY,≤100
104990502419227,Bangla Network,These ads ran without a disclaimer,≤100
1438220682910088,Pandaily,These ads ran without a disclaimer,≤100
537617023847365,Digital voter slip,Digital voter slip,≤100
102436546010201,Jannatun Nayeem Prity,These ads ran without a disclaimer,≤100
260485101489192,Go Bangladesh,All Marketing Center,≤100
106205285575214,DForce Platform,These ads ran without a disclaimer,≤100
2184676751808352,মানবাধিকার সামাজিক চেয়ারম্যান আলী হায়দার,These ads ran without a disclaimer,≤100
252877475497729,The Bangla Herald,Marketing Pro US,≤100
102521466020383,আমি বাংলার,আমি বাংলার,≤100
102154792727399,Barishalprotidin.com,Barishalprotidin.com,≤100
608650595820049,The Conqueror Challenges,These ads ran without a disclaimer,≤100
105035929098779,Politic Society,Politic Society,≤100