﻿Page ID,Page name,Disclaimer,Amount spent (JPY)
275005077647370,愛媛県選挙管理委員会,愛媛県選挙管理委員会,38694
197770137236410,日本維新の会,日本維新の会,3877
1904070096535109,スマート選挙,株式会社センキョ,911
651455718373362,ハイクラスに特化した転職支援『転機』,These ads ran without a disclaimer,795
415996795182053,ひまわり証券,These ads ran without a disclaimer,411
100789405705259,神奈川県選挙管理委員会,株式会社旭広告社,256
651801698258818,NewsTV,NewsTV,199
475681929154100,国連UNHCR協会,国連UNHCR協会,151
239558679475625,株式会社トマス技術研究所,Kenji Fukutomi,109
111188988160305,社会保険労務士法人clarity,These ads ran without a disclaimer,≤100
579187028792625,社長と会社の手元現金を増やす仕組みづくりの専門家,社長と会社の手元現金を増やす仕組みづくりの専門家,≤100
684161888345926,西日本新聞me,西日本新聞me,≤100
123217824515511,牛見 航  /  山口県議会へ,Wataru Ushimi,≤100
159524317403692,気候ネットワーク（Kiko Network）,気候ネットワーク,≤100
259163764160829,FoE Japan,FoE Japan,≤100
175812309668726,リスジョブ,These ads ran without a disclaimer,≤100
238282078139321,トリニティラボ,These ads ran without a disclaimer,≤100
104533215755145,ZOE_Japan,ZOE Japan,≤100
676655469036670,松下政経塾,松下政経塾,≤100
1672330153015605,透明アクリル業者票,アドアチーブ株式会社,≤100
104512262398479,Kharkiv Institute of Medicine and Biomedical Sciences,These ads ran without a disclaimer,≤100
103497027790225,Fonos,These ads ran without a disclaimer,≤100
115997714761143,No Name No Face,These ads ran without a disclaimer,≤100