﻿Page ID,Page name,Disclaimer,Amount spent (RON)
288705370822,Tusványos,Tusványos,157
102601499822802,RMDSZ,RMDSZ,138
278117815576023,EU Justice and Consumers,EU Justice and Consumers,119
177708185581280,Erdélyi Magyar Szövetség,Erdélyi Magyar Szövetség,≤100
1395939193764858,Marcel Ciolacu,Partidul Social Democrat,≤100
122074554119,EU Social,EU Social,≤100
178362315106,European Parliament,European Parliament,≤100
145716295552939,Lucian Bode,Partidul Național Liberal,≤100
163943696987223,Ziarul Puterea,Ziarul Puterea,≤100
703625076665379,Székely Gazdaszervezetek Egyesülete,Székely Gazdaszervezetek Egyesülete,≤100
747983061916032,Átlátszó Erdély,Átlátszó Erdély,≤100
1058116737612843,USR,Uniunea Salvați România,≤100
175293925828191,Kelemen Hunor,RMDSZ,≤100
230645588376761,Dr. Rákossy Botond-József,Partidul Oamenilor Liberi Filiala Judeteana Harghita,≤100
100576298460580,RMDSZ Udvarhelyszéki Szervezete,RMDSZ Udvarhelyszéki Szervezete,≤100
1560147330888040,Winkler Gyula,Winkler Gyula,≤100
450693115669004,Csomortányi István,Erdélyi Magyar Néppárt,≤100
675042232534141,Vincze Loránt,Vincze Loránt,≤100
108295090637741,ASAP România,Fundatia The Institute,≤100
138896782840976,Biroul Parlamentului European în România,Biroul Parlamentului European în România,≤100
181375448581167,Partidul Naţional Liberal,Partidul National Liberal,≤100
114319753592403,AFACERI.news,Trend Communication,≤100
731035500293728,Siegfried Muresan,Siegfried Muresan,≤100
577713115733948,Clubul Profesorilor din Romania,These ads ran without a disclaimer,≤100
220579784732993,Daniel Buda,Daniel Buda,≤100
380732082049106,Erdélyi Magyar Nemzeti Tanács,Erdélyi Magyar Nemzeti Tanács,≤100
2443020582586584,Romania Eficienta,Romania Eficienta,≤100
686190454826244,Declic,Declic,≤100
102743169253473,Reciclăm în România,Reciclăm în România,≤100
149371012371397,Newsweek Romania,Newsweek Romania,≤100
1145522045624751,Filip Havarneanu,Filip Havarneanu,≤100
109849657256655,60m.RO,60M.RO,≤100
100984538456634,Florin Barbu,Florin Barbu,≤100
939093039450192,PS News,PS News,≤100
102253747978662,Litera Educațional,These ads ran without a disclaimer,≤100
110408925353021,United in Action,United in Action,≤100
360828814115641,Asociatia Slujire Crestina,Asociatia Slujire Crestina,≤100
162507013765047,Editura Spandugino,SC EDITURA SPANDUGINO SRL,≤100
156340704384115,Aspen Institute Romania,Aspen Institute Romania,≤100
321890494859228,Vlad Gheorghe,Vlad Gheorghe,≤100
122613352468456,Antonel Tanase,Antonel Tanase,≤100
163950740830769,Gaz De Romania,Gaz De Romania,≤100
289324877762564,Expert Forum (EFOR),Expert Forum (EFOR),≤100
509479962851716,Alexandru Kocsis,Romanii trebuie sa stie,≤100
104369154745548,Diana Stoica,Diana Stoica,≤100
338465666278028,Cristian Niculescu Țâgârlaș,PNL Maramureş,≤100
111683464064929,Sergiu Mihalcea,Sergiu Mihalcea,≤100
104417752138292,Claudiu Târziu,Claudiu Târziu,≤100
110980981783633,Modernizăm România,Partidul National Liberal,≤100
321896004518929,Ioan Mang,Ioan Mang,≤100
137651470305528,Federația Patronală Petrol și Gaze,Federatia Patronală Petrol și Gaze,≤100
101340741758468,Radu Pescar,Radu Pescar,≤100
100872245631464,AEM Holding,AEM Holding,≤100
108920964600195,Sebastian Suciu,Media Stream SRL,≤100
109445158308624,De fapt,DeFapt.ro,≤100
341037705981172,Humanitas,Humanitas,≤100
112130176975380,Radu Ghidău,Radu Ghidău,≤100
186612088034700,Facias - Fundatia pentru Apararea Cetatenilor Impotriva Abuzurilor Statului,FACIAS,≤100
827831393930594,Alin Ignat,Alin Ignat,≤100
1728821047350437,Adrian Ioan Veştea,Adrian Ioan Veştea,≤100
469766630029894,Irinel Ionel Scriosteanu,Irinel Ionel Scriosteanu,≤100
100283236029049,Scutul.ro,Scutul.ro,≤100
181221645364365,Carmen Avram,Carmen Avram,≤100
107029625474765,Nicușor Halici,PSD Vrancea,≤100
103742842531634,Agentiadeinformatii.ro,AgentiadeInformatii.ro,≤100
344517529430253,Senatul Științific,Senatul Stiintific,≤100
100491781650498,Premierul Nostru,Premierul Nostru,≤100
109983011774065,Proiectul Romania 2030,Sociallite Media Solutions,≤100
1491544234239734,Forța Dreptei,Forta-Dreptei,≤100
2212856535602171,George Simion,George Simion,≤100
1658924257659048,USR Sector 3,Partidul Uniunea Salvați România - Filiala Sector 3,≤100
101462959574536,Agrocentrala,Agrocentrala,≤100
305834536746685,Răzvan Cadar,Răzvan Cadar,≤100
1559885467641191,Râul Alb,Râul Alb,≤100
100652609752169,Proiect PROeducatie,Webshake SRL,≤100
1046576302107963,Ciprian Serban,Ciprian Serban,≤100
106010387931066,Dumitru Viorel Focșa,Dumitru Viorel Focșa,≤100
102410783138358,Anuntul Telefonic,Anuntul Telefonic SRL,≤100
404386353506138,USR Mediaș,USR Mediaș,≤100
102991845063279,Criticii.RO,Criticii.ro,≤100
111105537419564,Oana Murariu,Oana Murariu,≤100
104550061381109,Political.RO,Political.RO,≤100
600025356762034,Carina Pflege Locuri de munca Germania,Olimpia Schugar,≤100
102381955983563,BM Legal,These ads ran without a disclaimer,≤100
418397358314460,Silviu Mănăstire,Silviu Mănăstire,≤100
103720355096432,ProPublica.RO,ProPublica.RO,≤100
1128229287275038,Silvia Dinică,Silvia Dinică,≤100
202099276507678,24.hu,These ads ran without a disclaimer,≤100
1499267697060837,Orașul Teilor,Orașul Teilor,≤100
109485238372885,Economistii.RO,Economistii.RO,≤100
360184320712594,Raluca Turcan,Partidul Naţional Liberal,≤100
291132089193,Greenpeace Romania,Greenpeace Romania,≤100
658514760921774,Pîrvu Sorin Adrian,Pîrvu Sorin Adrian,≤100
108654690750522,Claudiu Mureșan,Claudiu Mureșan,≤100
103050792433624,Andrei Cristinel Negru,Acn Insurance Srl,≤100
1600886623504873,PressOne,Press One Media SRL,≤100
502514186907494,Apa Noastră,Apa Noastră,≤100
698760586929790,USR Constanța,USR Constanța,≤100
1238708006161750,Liviu Florea,These ads ran without a disclaimer,≤100
157785927628662,Cristina Rizea,Cabinet Parlamentar Cristina Rizea,≤100
104271032024822,Rata Florin-Tudor,Rata Florin-Tudor,≤100
103025289271151,Momente Speciale,These ads ran without a disclaimer,≤100
104793855473920,Strategikon,ASOCIATIA CENTRUL DE RELATII EXTERNE,≤100
494469087244449,Eugen Tomac,Eugen Tomac,≤100
113009310432947,Ilie Cheșa,Ilie Cheșa,≤100
1634415100191327,Oana Marciana Özmen,Oana Marciana Özmen,≤100
105692325707556,Verde’n’Ghete,Verde’n’Ghete,≤100
101161965173287,Ropres.RO,Ropres.ro,≤100
129995860397891,CursDeGuvernare.ro,Varianta Media,≤100
799949990211564,Ioana Ramona Bruynseels,Ioana Ramona Bruynseels,≤100
779335275738093,Podul,Podul,≤100
1409458915968999,Daniela   Onita-Ivascu,Tagspot,≤100
103286128708594,Cristian Mură,Cristian Mură,≤100
876529995741782,Universitatea „Ovidius” din Constanța,Universitatea „Ovidius” din Constanța,≤100
1724781964475116,Lavinia Cosma,Lavinia Cosma,≤100
932511363436611,Cristian Dima,Cristian Dima,≤100
101763692272709,Avocat Ciuchi Elena-Corina,Cabinet de Avocat CIUCHI Elena-Corina,≤100
1802656310012700,Constantin Şovăială,Constantin Şovăială,≤100
144709575593854,EESC - European Economic and Social Committee,EESC - European Economic and Social Committee,≤100
267353906619818,Mr. Gugu & Miss Go,These ads ran without a disclaimer,≤100
141820739329241,UNHCR România,These ads ran without a disclaimer,≤100