﻿Page ID,Page name,Disclaimer,Amount spent (USD)
118069274510963,Nuwan Gunarathne,Sulakshana Indumini Fernando,≤100
103739228524767,VitaBee Store,Bhagya Sewmini Dullewe,≤100
102557421628605,Media Empowerment for a Democratic Sri Lanka - MEND,IREX MEND,≤100
232615047396691,FactCheck.lk,FactCheck,≤100
615715978614911,Shiraz Yoonus,Shiraz Yoonus,≤100
107384742126815,DVA For Animal Welfare Bill Sri Lanka,Dharma Voices for Animals,≤100
56427674252,Udaya Prabhath Gammanpila,Udaya Prabhath Gammanpila,≤100
360461714993929,පැරණි පොත් ගුල,These ads ran without a disclaimer,≤100
910822729253634,PublicFinance.LK,Verité Research ,≤100
107341371550141,Arogya Herbal,Arogya Herbal,≤100
104835755774891,ගොඩයමු - Godayamu,The Godayamu Collective,≤100
111361091313,NICABM,These ads ran without a disclaimer,≤100
907404989409229,J. Kokilanath,Kokilanath Singh Jeyananda Singh,≤100
160578147843,Metropolitan College,Mohammed Ismail Mohammed Ihzaz,≤100
188765731170141,LMD,LMD,≤100
443464592695498,Owl Pro Drones,These ads ran without a disclaimer,≤100
106124361869753,Webnews.lk,Jayakody Chamantha,≤100
105363750882345,Young Activists Summit,These ads ran without a disclaimer,≤100
112245054862768,Climate Fact Checks,These ads ran without a disclaimer,≤100