﻿Page ID,Page name,Disclaimer,Amount spent (USD),Number of ads in Library
998921730243033,Reporter Bénin Monde,Reporter Bénin Monde,≤100,8
103583955836259,Tout sur l'Afrique,These ads ran without a disclaimer,≤100,1
173254003362613,WE ARE CHINA,These ads ran without a disclaimer,≤100,1
216311481960,Bill Gates,These ads ran without a disclaimer,≤100,3
382377315238468,"Educational Research Center, Inc.",These ads ran without a disclaimer,≤100,2
481442475370677,World Internet Conference,These ads ran without a disclaimer,≤100,1
112757083778788,"Economic Daily, China",These ads ran without a disclaimer,≤100,1
117008325013306,Translators without Borders,These ads ran without a disclaimer,≤100,1
192092260811678,AlCircle Pte Ltd,These ads ran without a disclaimer,≤100,1
339810463063059,Conflict Of Nations : World War 3,These ads ran without a disclaimer,≤100,1
101321076075048,Nouvelle Aube,These ads ran without a disclaimer,≤100,1
436621137103518,Huawei Northern Africa,These ads ran without a disclaimer,≤100,1
189232005248268,CTG,These ads ran without a disclaimer,≤100,1
104763178714577,Gels MDPI,These ads ran without a disclaimer,≤100,1
110839298285111,Portal Mel Cajuina,These ads ran without a disclaimer,≤100,1
110919974897108,SH,These ads ran without a disclaimer,≤100,1
435381440344317,Dylan Ogline,These ads ran without a disclaimer,≤100,1
791943710959735,EPOP,These ads ran without a disclaimer,≤100,1