﻿Location name,Amount spent (EUR)
Alsace,410
Aquitaine,890
Auvergne,250
Basse-Normandie,268
Bourgogne,342
Bretagne,656
Centre,477
Champagne-Ardenne,277
Corse,≤100
Franche-Comté,207
French Guiana,≤100
French Polynesia,≤100
Guadeloupe,≤100
Haute-Normandie,388
Languedoc-Roussillon,710
Limousin,144
Lorraine,411
Martinique,≤100
Mayotte,≤100
Midi-Pyrénées,619
New Caledonia,≤100
Nord-Pas-de-Calais,994
Pays de la Loire,688
Picardie,436
Poitou-Charentes,401
Provence-Alpes-Côte d'Azur,1379
Reunion Island,≤100
Rhône-Alpes,1444
Saint Pierre and Miquelon,≤100
Saint-Barthelemy,≤100
Saint-Martin,≤100
Unknown,≤100
Wallis and Futuna,≤100
Île-de-France,2833