﻿Page ID,Page name,Disclaimer,Amount spent (TRY)
426339260809702,Oğul Aktuna,Oğul Aktuna,1839
462963834529864,Levent Uysal,Levent Uysal,1281
100675732413915,Anket Adam,Anket Adam,941
122193617537005,Haberettr,HABERET MEDYA AJANSI VE PRODÜKSİYON LİMİTED ŞİRKETİ,697
100964136258105,Erdoğan Çiftcioğlu,Erdoğan Çiftcioğlu,523
101920886119112,İstanbul Haber Özel,İstanbul Haber Özel,511
144295649058307,Ekrem İmamoğlu,Ekrem İmamoğlu,448
103375823077684,Kurukahveci Mehmet Efendi Mahdumları 1871,Kurukahveci Mehmet Efendi Mahdumları Gıda Sanayi ve Ticaret Anonim Şirketi,441
141311632555208,Bağımsız Türkiye Partisi,Bağımsız Türkiye Partisi,402
505757142770713,Rönesans Holding,Rönesans Holding Anonim Şirketi,357
103848288831310,Serkan Karayiğit,Serkan Karayiğit,307
111162852275902,Uluslararası Af Örgütü Türkiye Şubesi,Uluslararası Af Örgütü Türkiye Şubesi,281
225341170930698,Tümosan,Tümosan,278
109086995017642,firatpicturesturkey,firatpicturesturkey,250
107045119123627,Sands of Ra,These ads ran without a disclaimer,237
191453580768,Yeni Şafak,Yeni Şafak,205
111936405162038,Hanen ben Salah - حنان بن صالح,Hanen ben Salah - حنان بن صالح,202
906394629482043,CHP Parti Okulu,CHP Parti Okulu,113
326363220894548,Nail Çiler,Nail Çiler,113
105376981385020,Referandom,Referandom,106
112517906909567,Hami Bakan,These ads ran without a disclaimer,≤100
545629665828465,M. Mustafa Kocaman,M. Mustafa Kocaman,≤100
670667269610499,Türkiye Liseliler Birliği - TLB,Türkiye Liseliler Birliği - TLB,≤100
120266711045676,Başka Açıdan Tv,Başka Açıdan TV,≤100
100665102848993,Gün Gün Kurtuluş,Gün Gün Kurtuluş,≤100
183134165593297,"SES Eşitlik, Adalet, Kadın Platformu","SES Eşitlik, Adalet, Kadın Platformu",≤100
100942688529011,osmaniyeyerfistigi80,osmaniyeyerfistigi80,≤100
100701695747178,Usta Kasap,Şenpiliç Gıda Sanayi A.Ş.,≤100
162426093833308,Fransızca Öğreniyorum,These ads ran without a disclaimer,≤100
226410901315304,Areda Survey,Areda Survey,≤100
370465530355174,Mustafa Demir,Mustafa Demir,≤100
1776545895921237,Nedersiniz,Nedersiniz,≤100
821150371248664,Özgürlük Araştırmaları,Özgürlük Araştırmaları,≤100
110679262035801,medyumzelihatari,These ads ran without a disclaimer,≤100
498579987170393,العدسة  The Lens,thelenspost,≤100
199503873424371,KEMALİZM,KEMALİZM,≤100
210993622366044,TVNET,TVNET,≤100
146581405452633,Yeniden Milli Mücadele,Yeniden Milli Mücadele,≤100
106789305232883,وكالة الشرق الأوسط الإخبارية,وكالة الشرق الأوسط الإخبارية,≤100
101315571670453,Webagron Tarımsal İçerik Platformu,Webagron Tarımsal İçerik Platformu,≤100
107276120819529,Halk Haber TV,SİRİUS REKLAM ORGANİZASYON SANAYİ VE TİCARET LİMİTED ŞİRKETİ,≤100
120947694619597,Nilda Bebek,These ads ran without a disclaimer,≤100
863488680404002,Rusya Üniversiteleri,These ads ran without a disclaimer,≤100
162972050457576,Albayrak Grubu,Albayrak Grubu,≤100
115488793570382,zaferkirduduu,These ads ran without a disclaimer,≤100
104790481715851,ازجمله,Azjomle,≤100
1604958276192112,Alper Taban,Alper Taban,≤100
115490944944827,Kırklareli Yeşil Liste,Comio Dijital Pazarlama A.Ş.,≤100
103400816031847,Halk Ajans,Sirius Reklam Organizasyon Sanayi ve Ticaret Ltd. Şti,≤100
109200098905761,nys_makina,These ads ran without a disclaimer,≤100
103984509238399,Halk Haber,Halk Haber,≤100
674523449330207,Yavuz Aydın,Yavuz Aydın,≤100
119094451176457,Gümüşkoza,Gümüşkoza Yayıncılık Gazetecilik ve Matbaacılık Sanayi ve Ticaret Ltd. Şti,≤100
1706624339582436,Tüsiar Araştırma Danışmanlık Ltd.Şti,TÜSİAR ARAŞTIRMA DANIŞMANLIK LTD ŞTİ,≤100
1553641634884227,Sosyalizmde Rönesans,Sosyalizmde Rönesans,≤100
105838795590690,evde_paketletrr,These ads ran without a disclaimer,≤100
1484498445180597,Zeki Doğan,Zeki Doğan,≤100
110471555281943,Poddy Türkiye,Poddy Türkiye,≤100
110083701472897,bursabansko,These ads ran without a disclaimer,≤100
1522246651339711,Büyük Türkiye,Büyük Türkiye,≤100
298764070816267,Mehmet Tütüncü,Mehmet TÜTÜNCÜ Türkiye Temsilcisi,≤100
1637833513114357,ÖZEL BİLGE KOLEJİ,These ads ran without a disclaimer,≤100
800603909994685,Gülizar Biçer Karaca,Gülizar Biçer Karaca,≤100
1952748275030916,Kürşad Mithat ÖZKAN,Kürşad Mithat ÖZKAN,≤100
104373561467884,Serhat Servet Dövenci,Serhat Servet Dövenci33,≤100
108390012832175,Fatih Akkentli,Fatih Akkentli,≤100
220319391464566,Vahap Akay,Vahap Akay,≤100
977935928912491,Ahmet Özer,These ads ran without a disclaimer,≤100
276652289141318,OSMAN KOZAN,OSMAN KOZAN,≤100
956556541065826,YogaZero,These ads ran without a disclaimer,≤100
326212774144752,راديو نسائم  Radio Nasaem,These ads ran without a disclaimer,≤100
437338019767650,Marmaraereğlisi Belediyesi,Marmaraereğlisi Belediyesi,≤100
276830525836805,Utku Gümrükçü,These ads ran without a disclaimer,≤100
107460222077236,Mabel Anaokulu Ataşehir,These ads ran without a disclaimer,≤100
107580819045278,,These ads ran without a disclaimer,≤100
101004746270260,Kredi Alalım,These ads ran without a disclaimer,≤100
100621766395787,Akçal Pasta Cafe,These ads ran without a disclaimer,≤100
106875275519862,Morocco AM 2023,These ads ran without a disclaimer,≤100
287940405085613,symriseag,These ads ran without a disclaimer,≤100
109866455511785,guney.finans1,These ads ran without a disclaimer,≤100
60995582231,SARAJEVO FILM FESTIVAL,These ads ran without a disclaimer,≤100
108625789179165,Soi Dog Foundation,These ads ran without a disclaimer,≤100
107371518527904,Olimpik Gama,These ads ran without a disclaimer,≤100