﻿Page ID,Page name,Disclaimer,Amount spent (USD)
147084112022235,La Nouvelle Tribune,La Nouvelle Tribune,≤100
272535046654,HESPRESS,HESPRESS,≤100
117281538350746,حزب التجمع الوطني للأحرار -Rassemblement National des Indépendants -RNI,Rassemblement National des Indépendants,≤100
123393171111656,Mehdi Bensaid   المهدي بنسعيد,Mohammed Mehdi Bensaid,≤100
578201022242371,MJCC وزارة الشباب والثقافة والتواصل,"Ministère de la Jeunesse, de la Culture et de la Communication",≤100
161637767281862,LE MATIN.ma,Groupe Le Matin,≤100
1081434028658964,وزارة الانتقال الطاقي والتنمية المستدامة,وزارة الانتقال الطاقي والتنمية المستدامة,≤100
334353136587648,L'Observateur du Maroc et d'Afrique,Mehdi Farhi,≤100
107627395144123,الحكومة المغربية,الحكومة المغربية,≤100
106867861491348,المغرب بوست,المغرب بوست,≤100
167254950013774,Rue20.Com,Ayoub Elkouari,≤100
374551516051318,نساء من المغرب,نساء من المغرب,≤100
605527566303955,القناة,al9anat.com,≤100
106101625266252,Fatim-Zahra Ammor - فاطمة الزهراء عمور,Fatim-Zahra Ammor - فاطمة الزهراء عمور,≤100
100194852696708,"Rabat, Capital of African Culture 2022","Ministère de la Jeunesse, de la Culture et de la Communication",≤100
438771642823963,الإيسيسكو,ICESCO,≤100
328835903834763,اشرف مسياح Achraf Msiah,Achraf Mohamed Msiah,≤100
1174118549367115,Almoharir,Almoharir,≤100
1855945607952800,Chamalpress - شمال بريس,getcom,≤100
112416568138364,Al Mashhad المشهد,These ads ran without a disclaimer,≤100
248547585333443,قناة الغد Alghad TV,These ads ran without a disclaimer,≤100
565225540184937,CGTN,These ads ran without a disclaimer,≤100
108457230808693,Hitachi Cooling & Heating MEA,These ads ran without a disclaimer,≤100
208371683037269,NBCU Catalyst,These ads ran without a disclaimer,≤100
100912541413695,Más Impulso,These ads ran without a disclaimer,≤100
187766727949541,Deportivo Alavés,These ads ran without a disclaimer,≤100
430258463820053,International School of Ministry with Pastor Chris,These ads ran without a disclaimer,≤100