﻿Page ID,Page name,Disclaimer,Amount spent (USD),Number of ads in Library
17043549797,MIT Technology Review,These ads ran without a disclaimer,≤100,2
142329112477770,البنك الدولي,These ads ran without a disclaimer,≤100,1
475778355919914,BB - Best Bios,These ads ran without a disclaimer,≤100,1
2079497235397580,עופר גולדשטיין רואי חשבון - מיסוי בינלאומי,These ads ran without a disclaimer,≤100,1
529713137232746,RaGe,These ads ran without a disclaimer,≤100,1