﻿Page ID,Page name,Disclaimer,Amount spent (USD)
102172298607655,Temirov Live  KG,Bolot Temirov,≤100
100109781811891,Новости Кыргызстана,Новости Кыргызстана,≤100
102707224481315,Ассоциация по защите прав человека в уголовном процессе «Article 9»,Ассоциация по защите прав человека в уголовном процессе «Article 9»,≤100
172800432762053,Vesti.kg,Vesti.kg,≤100
1085235988325237,Reporter KG кыргызча,Адиля Кермакунова,≤100
1383137748412799,TUZ.KG - Вся соль событий,TUZ.KG - Вся соль событий,≤100
1598476943723854,БеспределKG,BespredelKG,≤100
104197914934368,E.T. Gunnarsson,These ads ran without a disclaimer,≤100
327115907736300,Asia Global Institute,These ads ran without a disclaimer,≤100
110225398235668,Javi Garcia - Academia,These ads ran without a disclaimer,≤100