﻿Page ID,Page name,Disclaimer,Amount spent (EUR)
332170236842216,Vattenfall,Vattenfall Oy,≤100
164215986922425,Yhteisvastuu,Kirkkopalvelut ry,≤100
386964478028420,Neste Bensis,Neste Oyj,≤100
337865799564409,K-ryhmä,K-ryhmä,≤100
119054448115588,WWF Suomi,WWF Suomi,≤100
360860753953531,Fortum,Fortum Suomi,≤100
113398820097,Pelastakaa Lapset,Pelastakaa Lapset,≤100
9227859351,Greenpeace Suomi,Greenpeace Suomi,≤100
134934386349,Amnesty International - Suomen osasto,Amnesty International Suomen osasto,≤100
1631165890489545,Gasum,Gasum Oy,≤100
274800030869,Pohjanmaan Kokoomus,Pohjanmaan Kokoomus,≤100
161600883903692,Diakonia-ammattikorkeakoulu,Diakonia-ammattikorkeakoulu,≤100
123692197698005,Suomen UN Women,Suomen UN Women,≤100
545309265626080,Kela - Fpa,Kela - Fpa,≤100
113398820097,Pelastakaa Lapset,Pelastakaa Lapset ry,≤100
271311152007,Plan International Suomi,Plan International Suomi,≤100
54313274188,Naisten Pankki,Naisten Pankki,≤100
187533664613953,Ammattiliitto Pro,Ammattiliitto Pro,≤100
102626225365927,CO₂ncrete Solution,Betoniteollisuus ry,≤100
444027378982253,Maaseudun Tulevaisuus,These ads ran without a disclaimer,≤100
21461560968,Maailma kylässä | World Village Festival,Maailma kylässä -festivaali,≤100
147547541961576,Council of the European Union,Council of the European Union,≤100
104418794504506,LähiTapiola Kiinteistövarainhoito,LähiTapiola Kiinteistövarainhoito,≤100
433087293448371,Tiedekulma,Tiedekulma,≤100
229433767936563,Lääkärit Ilman Rajoja,Lääkärit Ilman Rajoja,≤100
136656729733568,YIT Suomi,YIT Suomi,≤100
118031212433,Animalia,Animalia ry,≤100
111005869699,Kirkon Ulkomaanapu,Kirkon Ulkomaanapu,≤100
80216536590,Kehityslehti,Ulkoministeriö,≤100
170559451901,Yle,Yleisradio Oy,≤100
151086361568628,Duunitori,Duunitori,≤100
33722070600,Vihreät - De Gröna,Vihreä liitto rp.,≤100
102566909780881,Reilu kauppa,Reilu kauppa,≤100
431677586881425,Kansalaisopistojen liitto KoL,Kansalaisopistojen liitto KoL – Medborgarinstitutens förbund MiF ry,≤100
1566987606884915,Metsä palvelee,Metsäliitto Osuuskunta,≤100
8265674748,Suomen Lähetysseura,Suomen Lähetysseura,≤100
530396980791609,Ett framgångsrikt Österbotten r.f,Ett framgångsrikt Österbotten r.f,≤100
104720515554515,"Kunnanvaltuutettu Arja Salo, Eura",Arja Salo,≤100
200739723082,University of Helsinki,University of Helsinki,≤100
844289392292867,Maanomistajain Liitto,Maanomistajain Liitto,≤100
438938299583730,Ilmatar,Ilmatar Windpower Oy,≤100
695618953844243,Inhimillisiä Uutisia,Inhimillisiä Uutisia,≤100
73631194779,Viite - Tieteen ja teknologian vihreät,Viite - Tieteen ja teknologian vihreät,≤100
171116582964239,MIELI Suomen Mielenterveys ry,These ads ran without a disclaimer,≤100
126757820675243,KSML.fi - Keskisuomalainen,Keskisuomalainen,≤100
212257028078,Toisenlainen Lahja,Toisenlainen Lahja,≤100
337865799564409,K-ryhmä,These ads ran without a disclaimer,≤100
175600232498570,Libera,Ajatuspaja Libera,≤100
162050703823354,Turun yliopisto - University of Turku,Turun yliopisto,≤100
220979494594748,Kuntarekry.fi,Kuntarekry,≤100
101683369512452,Biocode,Biocode Oy,≤100
107086122672929,Savon Sanomat,Savon Sanomat,≤100
425842050800204,Tiina Sandberg - sivu,Sandberg Tiina Maria,≤100
117401001618470,ESS.fi - Etlari verkossa,Etelä-Suomen Sanomat,≤100
141305472602496,Sähköliitto,Sähköalojen ammattiliitto,≤100
362058531025252,Ekokompassi,Ekokompassi,≤100
163903613685550,Eurooppalainen Suomi ry,Eurooppalainen Suomi ry,≤100
118714761478292,Keski-Uusimaa,Keski-Uusimaa,≤100
243988403384,Docendo,Docendo Oy,≤100
302941236400380,Pakolaisneuvonta ry - Refugee Advice Centre,Pakolaisneuvonta ry - Refugee Advice Centre,≤100
355695141779,Itä-Savo,Kaakon Viestintä Oy,≤100
107898832590939,European Commission,European Commission,≤100
362944410516695,Tiedonjulkistamisen neuvottelukunta,These ads ran without a disclaimer,≤100
116843748342723,Uusimaa,Uusimaa,≤100
381290523932,VIKES Viestintä ja kehitys -säätiö,Viestintä ja kehitys -säätiö,≤100
108346825426147,Ehdokas Hanna Ylläsjärvi-Kuitunen,Hanna Kaisa Ylläsjärvi-Kuitunen,≤100
137749176290767,Ålands fredsinstitut - The Åland Islands Peace Institute,Ålands fredsinstitut - The Åland Islands Peace Institute,≤100
117655354983768,Etelä-Saimaa,Etelä-Saimaa,≤100
188627167849573,Kymen Sanomat,Kaakon Viestintä Oy,≤100
153374888023578,Fingo - Suomalaiset kehitysjärjestöt,Fingo - Suomalaiset kehitysjärjestöt,≤100
245967315440131,Maailman Kuvalehti,Fingo ry - Suomalaiset kehitysjärjestöt,≤100
260320667414347,Maria Ohisalo,Maria Ohisalo,≤100
102072273177850,Uutisvuoksi,Kaakon Viestintä Oy,≤100
198817806799305,Warkauden Lehti,Warkauden Lehti,≤100
28312410177,World Food Programme,These ads ran without a disclaimer,≤100
186454048855,Kansan Uutiset,Kansan Uutiset Oy,≤100