﻿Page ID,Page name,Disclaimer,Amount spent (USD)
147084112022235,La Nouvelle Tribune,La Nouvelle Tribune,≤100
103180295526797,Ministère de l’Equipement et de l’Eau - وزارة التجهيز والماء,Ministère de l’Equipement et de l’Eau - وزارة التجهيز والماء,≤100
106101625266252,Fatim-Zahra Ammor - فاطمة الزهراء عمور,Fatim-Zahra Ammor - فاطمة الزهراء عمور,≤100
1081434028658964,وزارة الانتقال الطاقي والتنمية المستدامة,وزارة الانتقال الطاقي والتنمية المستدامة,≤100
123393171111656,Mehdi Bensaid   المهدي بنسعيد,Mehdi Bensaid   المهدي بنسعيد,≤100
106875275519862,Morocco AM 2023,These ads ran without a disclaimer,≤100
165450156992608,شبيبة العدالة و التنمية إقليم خريبكة,شبيبة العدالة و التنمية إقليم خريبكة,≤100
1117512094962616,Ministère de l’Industrie et du Commerce,Ministère de l’Industrie et du Commerce,≤100
578201022242371,MJCC وزارة الشباب والثقافة والتواصل,"Ministère de la Jeunesse, de la Culture et de la Communication",≤100
113414308041611,Great Arab Minds,These ads ran without a disclaimer,≤100
167254950013774,Rue20.Com,Rue20.Com,≤100
161637767281862,LE MATIN.ma,Groupe Le Matin,≤100
1855945607952800,Chamalpress - شمال بريس,getcom,≤100
1174118549367115,Almoharir,Almoharir,≤100
865524736938540,Sport Propre,These ads ran without a disclaimer,≤100
102836595830658,The Japan Today,These ads ran without a disclaimer,≤100