﻿Page ID,Page name,Disclaimer,Amount spent (INR)
1433526693616228,Himachali Rishta - हिमाचली रिश्ता डॉट कॉम,Himachali Rishta - हिमाचली रिश्ता डॉट कॉम,4851
574079826086251,Phir Ek Baar Modi Sarkar,phirekbaarmodisarkar.com,1680
109937650579639,discovery+,discovery+,1086
1521106071438318,CMO Chhattisgarh,IVS Corporation,718
479998865355592,Aditya Birla Group,Aditya Birla Group,558
21169267101,Give,Give,508
404746486258732,Project Nanhi Kali,Project Nanhi Kali,340
30290552843,Greenpeace India,Greenpeace Environment Trust,306
107395897271506,Kutumb,Swatantra Verma,300
109545244848137,Crafto,Kutumb App,244
537021156329658,Sukhbir Singh Jaunapuria,Pankaj Sharma,188
109470364774303,Ellorum Nammudan,Ellorum Nammudan,151
1987488401557504,Mahathugbandhan - महाठगबंधन,Mahathugbandhan - महाठगबंधन,126
797927846899300,Flag Foundation of India,Flag Foundation of India,122
114015791197564,Sunnabh Pathania,Sunnabh Pathania,110
102715296085726,Neta Ji,Deepak Mehla,104
104634862268270,Dr.Kulkirti Singh Thakur,Amit Kumar Sharma,104
140930379388330,Kishan Reddy Gangapuram,Kishan Reddy Gangapuram,103
100485575080050,Maheshwar Singh Chauhan - Pandu,Manoj Kumar,≤100
103741482735728,Professional Boxing Organization Himachal Pradesh,Swapnil Chauhan,≤100
466835200043903,उमेद अभियान - Maharashtra State Rural Livelihoods Mission,MASRLM,≤100
401016056765137,Yadopati Thakur,Ankit Kumar,≤100
667560657014524,Mahendra Singh Solanki,Swanit Infotech,≤100
114344734953493,Yashvik Startup Advisors Private Limited,These ads ran without a disclaimer,≤100
317042561720861,Sunil Deodhar,Sunil Deodhar,≤100
104224979066687,The Unmute AUS NZ,The Unmute AUS NZ,≤100
165714096933078,Piyush Goyal,Piyush Goyal,≤100
389557067910726,Arvind Menon,Abhishek Shukla,≤100
100196004828444,North Eastern Council,Sourabh Arvind Dubey,≤100
2102757233344392,Monash University India,These ads ran without a disclaimer,≤100
746568209028564,Dr. Basu Eye Hospital,Dr. Basu Eye Hospital,≤100
112065021268122,Kamal Jeet Verma,Kamal Jeet Verma,≤100
112314771829803,NorthEast Global Investors Summit,Sourabh Arvind Dubey,≤100
592025620827002,Choudhary Lal Singh,Divya Suraj Partap Singh,≤100
109064395797060,Bharti Foundation,Bharti Foundation,≤100
685881558130468,Kamal Nath,Kamal Nath,≤100
174283119250672,Bal Raksha Bharat,Bal Raksha Bharat,≤100
995902327142587,Bharat Sharma INC,Bharat Kumar Sharma,≤100
174953884087142,Priyanka Penchi,Varun Shivpuriya,≤100
112399491818085,अविरल चल अनुराग,अविरल चल अनुराग,≤100
1807761416182426,Kamal Midha,Kamal Midha,≤100
105671775473178,Jan Suraaj,Jan Suraaj,≤100
100735178208398,Udyami India,Samadhan Samiti,≤100
102218576103904,Badlaav ki Aandhi Priyanka Gandhi,Badlaav Ki Aandhi Priyanka Gandhi,≤100
111861104315866,Prateek Kalia,Prateek Kalia,≤100
318205675275285,APL Apollo Tubes Limited,APL Apollo Tubes,≤100
438830999958384,Basant Agrawal,Ankit Sood,≤100
104736419210593,PACE INDIA,PACE INDIA,≤100
102973272373231,Madhya Pradesh CM Report Card,Ayush Gupta,≤100
321228061382932,Pt. Shekhar Dixit,Websofy Software Private Limited,≤100
339835596096353,Satish Poonia,Satish Poonia,≤100
635414896555761,Bhairavi Jani,These ads ran without a disclaimer,≤100
361031561139301,Rakesh Jangir,Saurabh Singh,≤100
270666596375251,Jhatkaa.org,Jhatkaa.org,≤100
1932900346831325,Rajesh D Sanghvi,Rajesh Dineshchandra Sanghvi,≤100
108320575192752,मजबूत बनता मध्य प्रदेश,Abhishek Shukla,≤100
100579492974806,Garibo Ke Modi,Garibo Ke Modi,≤100
186199704897466,RD Foundation,RD Foundation,≤100
109076322510196,Saviour Education Abroad,Saviour Education Abroad OPC Pvt Ltd,≤100
1821265158148261,Parag Shah,Kunal Jitendra Ajmera,≤100
177924969696841,Rajendra Tiwari,Shivam Dubey,≤100
806181806121459,Harshvardhan NandKumar Singh Chouhan,Ishan Mishra,≤100
243524299157863,Pushkar Singh Dhami,Pushkar Singh Dhami,≤100
1706371292942156,"Ministry of Development of North Eastern Region, Government of India","Ministry of Development of North Eastern Region, Government of India",≤100
316365575140365,Rozana Spokesman,Anish Singh,≤100
122672260821443,Rajasthan Wale,Goldy Tyagi,≤100
107334185444129,Charitism Global,Charitism Global,≤100
168545223213479,Omprakash Hudla,Pankaj Sharma,≤100
118227367824577,Garuda Aerospace Pvt Ltd,Garuda Aerospace Pvt Ltd,≤100
119324884471716,Kuldeep Thakur SKM,Puneet Kumar Singh,≤100
811055169008794,Dr. Bonthu Rammohan,Ram Mohan Bontu,≤100
106480475566850,Kaushal Dave,Kaushal Dave,≤100
2664755710417121,Narayan Singh Patta INC,Narayan Singh Patta INC,≤100
489671507754621,Sundesh,OMLogic Consulting Pvt Ltd,≤100
285029500623,CARE India,CARE India,≤100
33497111948,Child Rights and You,Child Rights and You,≤100
10150110302115599,Genesis Foundation,Genesis Foundation,≤100
103782051383159,School of Politics,School of Politics,≤100
300132324262548,Health With Diagnostics,These ads ran without a disclaimer,≤100
333426070147135,Benny Kuriakose Associates,Benny Kuriakose Associates,≤100
1319091068170117,Satyadeepsinh Parmar,Piyush Mantri,≤100
263560423714979,Dr. Mahesh Sharma,Subham Singh,≤100
100328978216424,"Fight Pollution, Not Plastics",Nitesh Singh,≤100
347337386104390,Ramachandra Yadav,B Ramachandra,≤100
103207392085077,JP Valluru,Anshika Srivastava,≤100
375141272567406,Ravindra Chavan,Ravindra Chavan,≤100
104537962616170,BJP Prachar,BJP Prachar,≤100
679159028834779,ममता मीना,Mamta Meena,≤100
1785302198354679,Dr. Somendra Tomar,Somendra Singh,≤100
108015368279979,Solh Wellness,Solh Wellness,≤100
140206666732942,हिंदुस्तान मेरी जान,हिंदुस्तान मेरी जान,≤100
1958673024455049,Sattu Mallesh,Sattu Mallesh,≤100
2267419496850318,ANB National,Yohannan Mathew,≤100
102112294844241,Hemlata Diwakar Kushwaha,Puneet Kumar Singh,≤100
411129449009589,K.C. Venugopal,K.C. Venugopal,≤100
103088902327676,Dwarka Kunj,Rahul Tiwari,≤100
121936820894514,Apna Rajasthan,Goldy Tyagi,≤100
113207704780878,Anurag Dhanda,Anurag Dhanda,≤100
152154292012572,Navjivan,Navjivan,≤100
338791202812647,Earth Care Awards,Prabhindar Singh Chopra,≤100
110335041989364,महाराष्ट्राचे भविष्य एकनाथ,महाराष्ट्राचे भविष्य एकनाथ,≤100
1704806346480363,Kuch Kahoon khabrien,Lalit Sharma,≤100
20386543316,WWF-India,WWF-India,≤100
950438101766641,Dolledupbysimran,Dolledupbysimran,≤100
2078242259060363,Kukufm,Mohana Saha,≤100
367693910079524,Mohit Jaswant Yadav Page,Mohit Yadav,≤100
647244058952240,Jaypal Singh Chawda,Jaypal Singh Chawda,≤100
647353902009584,Dr. Nilam Yadav,Nilam Yadav,≤100
515733388449554,Sunil Parihar,Divyesh Parihar,≤100
644400709346753,Adv.Uma Shanker Sharma,Adv.Uma Shanker Sharma,≤100
108579871731789,Daily Uttam Hindu TV,Daily Uttam Hindu TV,≤100
104264108977681,Esperanza Global,Esperanza Global,≤100
108006512204175,Rahul Yadav,Rahul Yadav,≤100
103449629356420,Rameshwar Gudda Patel,Deepak Rathore,≤100
363810233822217,Vikramjit Sahney,Gurdeep Singh,≤100
1956036351343539,Amar Parwani,The VoloPV,≤100
393768164105774,Parimal Nathwani,Parimal Nathwani,≤100
292954404384524,Gajendra Singh Patel,Gajendra Singh Patel,≤100
105694514269834,North Eastern Region Community Resource Management Society,Shrinivas Ravichandran Nadar,≤100
201156146959026,Mohinder Bhagat,Mohinder Paul,≤100
101913964674756,Pramod yadav प्रमोद यादव,Rishi Kumar Yadav,≤100
224618077692752,Sanjay Tandon,CosMark Media Pvt Ltd,≤100
301902473766068,முதல்வன் OPS,M Mahalakshmi,≤100
102123079337554,International Society for Krishna Consciousness,ISKCON Delhi,≤100
880061088804589,Sameer Bhati,Sameer Bhati,≤100
994578073995343,B. L. Verma,Sourabh Arvind Dubey,≤100
553481855170586,Harvinder Kalyan,Harvinder Kalyan,≤100
687735374930161,उधौश्याम यादव,Udhau Shyam,≤100
112061804808512,Bihar State Sports Authority - BSSA,Ajit Kumar,≤100
2095140507231761,Valluru Jayaprakash Narayana,Anshika Srivastava,≤100
100974976268078,Thp Gift,Lata Vani,≤100
204318116677554,National Herald,National Herald,≤100
204599692918446,Rajesh Ranjan,Rajesh Ranjan,≤100
108638702066665,Deepak Ajeet Khatri,Deepak Khatri,≤100
101571686227986,Fans of ਦੀਪ ਸਿੱਧੂ - Deep Sidhu,Real Social,≤100
389557067910726,Arvind Menon,Arvind Menon,≤100
558095644313561,Manish Rawat,Manish Rawat,≤100
102861739422105,Kuldeep Rai Sharma,Policy Briefcase,≤100
695738973874352,Dr. Sumer Singh Solanki,Sumer Singh Solanki,≤100
108935364979003,Ragidi Laxma Reddy,Laxmareddy Ragidi,≤100
112709838355954,Prachar99,Prachar99,≤100
756051184414551,Thapar Institute of Engineering & Technology,Thapar Institute of Engineering & Technology,≤100
304794613213995,Rajiv Yadav,Bhuwan Yadav,≤100
680923035433709,Chowna Mein,Zakti Digital Services Pvt Ltd,≤100
121008249502193,Ramkhelawan Patel,Anju,≤100
286385214770352,Hindu Sena,Hindu Sena,≤100
385303288239154,Raghuveer Singh Tanwar,Raghuveer Singh Tanwar,≤100
110900615241269,Ramanuj Sharma,Ramanuj Sharma,≤100
100764935994274,Mukesh Sharma,Rupali Sharma,≤100
100896318010383,Dr. Ashish Deshmukh FC,Swapnil Sudhakar Narad,≤100
110194685265228,Praveen Jha,Praveen Jha,≤100
115672001487908,The Green Pillar,Stuti Singh,≤100
101636799071929,Suraj das,Aparna Das Roy,≤100
104633612411419,Dr Samir Kagalkar,Dr Samir Kagalkar,≤100
231512217793516,Ashok Goel Mangaliwala,Ashok Kumar Goel,≤100
103719915895025,Shri hari finance,Vikas Kumar,≤100
109868628369174,कांग्रेस मुक्त मध्य प्रदेश,कांग्रेस मुक्त मध्य प्रदेश,≤100
1724487151134092,Vinod Patil,Maharashtra Bulletin,≤100
1100583156625229,Dheeraj Gurjar,Dheeraj Gujar,≤100
183215718834130,Laxmi  Devi Jain,Laxmi Devi Jain,≤100
2247599742146126,Varun Raghubir Tewatia,Varun Raghubir Tewatia,≤100
114697697026290,DI News,Krishnakant Singh,≤100
1088373891289696,Kamal Yadav,Akash Singh,≤100
102597425311635,Surya Pratap Singh,Surya Pratap Singh,≤100
835481029818511,Rahul Tiwari,Shivam Dubey,≤100
104184495899739,Vivek Bagri,Yash Bagh,≤100
162115051234970,Dharmendra Singh Lodhi mla,Dharmendra Singh Lodhi,≤100
358089768022150,Vishnu Lata,Krishna Choudhary,≤100
102576955846347,என்னடா பண்ணி வச்சிருக்கீங்க,M Mahalakshmi,≤100
707035792708456,Banega Swasth India,These ads ran without a disclaimer,≤100
132689140088396,smilefoundation,smilefoundation,≤100
109466418562516,Rohan anil jain mani,Arjun Sharma,≤100
1696518780601167,Mahendra Chandwa,Mahendra Chandwa,≤100
102353365768457,Digital Samvad,Tukesh Kumar Ratre,≤100
435124759989017,Yogendra Singh Mandloi,Yajuvendra Singh Mandloi,≤100
111884536995307,NEWJ Rajneeti,Anant Bhardwaj,≤100
112736188349542,धर्मवीर गौरव भाऊ जगताप,Jagtap Gaurav Kishor,≤100
2610079412396734,Amaresh Rai,Amaresh Kumar Rai,≤100
195167817324812,Pawan Khera,Pawan Khera,≤100
1806087489455976,Dot & Key,These ads ran without a disclaimer,≤100
524665794408050,CASA,Arushi Narchal,≤100
105354058906524,Bjp Shekhar Sharma,Shekhar Sharma,≤100
250007248502240,Golu Shukla,Modi For PM Organization,≤100
108365438913682,UINOX,Sachin Raj,≤100
105824457802200,The Khabarsaar,Amandeep Singh,≤100
108141294888035,USTV INDIA,Hradesh Yadav,≤100
113298644483287,Surendra Singh Rathore,Mukesh Kumar Yadav,≤100
113600070339320,WWE Kavita Devi,Naresh Kumar Shoeran,≤100
2025274010873024,Thokala Srinivas Reddy,Sanvi Kreations,≤100
100935642733964,Hindi Khabar Digital,The Narrative Builders,≤100
112014511897810,dragan_tiger_king_join_me&,These ads ran without a disclaimer,≤100
112063110264634,Satish Ghatge-सतिश घाटगे,Satish Ghatge-सतिश घाटगे,≤100
1701369040086950,ANIL JAIN MLA,Arjun Sharma,≤100
107186238324557,Mahendra Chanda,Tanuj Singh,≤100
1433894153522813,Pramod Bhaya,Kapil Sain,≤100
747930775373319,Saral Patel,Saral Patel,≤100
861051680588658,Prem singh malik,Dheeraj Paneri,≤100
108903808756780,Team Mukesh Sharma,Rupali Sharma,≤100
846994962145905,Manoj Kumar Aggarwal,Durga Kumari,≤100
2143277115692850,Shyam sunder batra,Sham Sunder Batra,≤100
2118803388399006,Click2Public,Click2Public Technologies OPC Pvt. Ltd.,≤100
107856848972051,Vishan singh Deora Kailash Nagar,Akash Singh,≤100
367203836657399,Rajendra Singh Surpura,Prakash Jaiswal,≤100
108711685305283,Manish Mishra “Ravi Ranjan”,Digital Kumbh Pvt. LTD.,≤100
111347144653824,Krishna Kumar Singh,Puneet Kumar Singh,≤100
155418314920954,Orchid HRD Trainings भाषणकला व राजकीय नेतृत्व कौशल्य प्रशिक्षण,Ganesh Subhashrao Lomte,≤100
418953654897992,Jitender Gothwal,Ganesh Kumar,≤100
196338294250820,Rohit Gangwal,Modi For PM Organisation,≤100
1612012092202484,Bharat patwari,Bharat patwari,≤100
109138840964904,Mahendra singh,Mahendra Singh,≤100
2373793756186868,Sunil Hiranwar,Sunil Dulichand Hiranwar,≤100
103368179390953,हिंदुस्तान Headline News,Goldy Tyagi,≤100
276512419511205,Kathi Karthika,Policy Briefcase,≤100
168345423237875,Santosh Surendra Ahlawat,Santosh Surendra Ahlawat,≤100
103858322283790,रविंद्र चव्हाण For BJP महाराष्ट्र,Bhajahari Pandit,≤100
511725522329475,Sampurna Samachar Seva,Sampurna Samachar Seva,≤100
213839668641820,Dr. Anil Jain,Brand Recourse Technologies,≤100
1675237799375590,Chandra Mohan Patowary,Jitendra Newatia,≤100
109916533853207,AMIT KUMAR SINGH,Akash Singh,≤100
102323545504609,Rama Devi Chopra,Rama Devi Chopra,≤100
100948094985536,Humaid Shakeel,Sunil Kumar Prajapat,≤100
108497578583588,Janpeace Live,Trishanu Kaushik,≤100
1464107573864436,Lalit Yadav,Lalit Yadav,≤100
1954072204870360,NEWJ,Anant Bhardwaj,≤100
132806813793938,Paramjit Singh Sarna,Harjap Singh Dhingra,≤100
1706371292942156,"Ministry of Development of North Eastern Region, Government of India",Arshad Ali,≤100
1176347162398086,Guru Nanak Naam Leva,Guru Nanak Naam Leva,≤100
1651727365046605,Pukh Raj Parashar,Pukh Raj Parashar,≤100
1039557042789139,BJP Dadra & Nagar Haveli,Ashish Natwarlal Patel,≤100
105352618893717,Shankar yadav,Shankar yadav,≤100
140624336584770,Yogender Pal Singh Champawat,Akash Singh,≤100
102010991748513,Ashish Patel,Ashish Natwarlal Patel,≤100
1403961939859432,Bhanwar Jitendra Singh,Politics Simplified,≤100
101119892978871,Raish Chandra Shukla,2Partners,≤100
110967695146133,Govind Kumar Jain,Ganesh Kumar,≤100
104605707770674,Shravan Mishra,Shravan Mishra,≤100
107336164119124,Ashvani Singh Little,Akash Singh,≤100
101562311348243,Ashok Sharma Bhartiya Naujawan Sabha,FS findscope Consultancy LLP,≤100
113779723694960,Techno polls,Rupesh Kumar,≤100
112222955182776,The Live tv24,The Live tv24,≤100
109034074092751,Rakesh dayma alote,Rakesh dayma alote,≤100
632518450236186,Sudarshan Bhagat,Sudarshan Bhagat,≤100
426854497508656,Dr.Phoolchand Bhinda,Phool Chand Bhinda,≤100
103100085360996,Madho Singh Udat,Akash Singh,≤100
150727778825020,Mobius Foundation,Mobius Foundation,≤100
106256564506749,Tarun Devi Das,Tarun,≤100
135657743788459,Amit Chauhan,Amit Kumar,≤100
109479962142576,Sai Tex,Akash Singh,≤100
104349501516784,Babulal Kumawat,Shiv Charan,≤100
1003634343005791,Aanand Shukla - आनन्द शुक्ला,Arun Pratap Singh,≤100
101934341160333,प्रमोद नाना भानगिरे - Pramod Nana Bhangire,Bhangire Pramod Vasant,≤100
1360805680600676,Sandeep Kshirsagar,Yogesh Padmakarrao Pawar,≤100
106995762752939,Ramesh Chand Khandelwal,Ramesh Chand Khandelwal,≤100
1716214961979807,Dr Sarvesh S Joshi,Pawan Kumar Sharma,≤100
126455024584757,Randeep Singh Deol,Randeep Singh,≤100
109470364774303,Ellorum Nammudan,DMK,≤100
106217671329032,Aditya Dhankhar,Aditya Dhankhar,≤100
181418895366896,Ganesh Joshi,Mayank Joshi,≤100
101138292128487,Gundu SudhaRani,Gundu SudhaRani,≤100
114334576957367,Rameshwar prasad yadav,Balvir Singh,≤100
345702226193796,Premshankar Verma MLA,Harsh Verma,≤100
612629662420991,Ankit Sharma,Sunil Kumar Prajapat,≤100
527130967763971,Kavinder Rana Advocate,Balram Singh,≤100
269761569864265,Rao Padma,Kushal Reddy Rao,≤100
810388308977560,Dev Bhoomi Uttarakhand University - Dehradun,These ads ran without a disclaimer,≤100
1613686538669654,Ashok Singhal Foundation,Digital Xplode,≤100
104071715577392,SK International Sainik School Retharedharan - Sangli,Sanket Vinodkumar Surana,≤100
104513162414797,Sanghmitra Maurya,Click2Public Technologies OPC Pvt. Ltd.,≤100
110907065232642,Team Shyam Mali Bhakri,Akash Singh,≤100
2082424261866450,Vii Media,Bhalinder Singh,≤100
177278814067350,IDream R Murthy MLA,Manoj Kumar,≤100
1947794792150993,Piyush Dosi,Anuj Vyas,≤100
107918885639059,Vishwas Pandey,Harshit Solanki,≤100
122954524128848,Anaadi Tv Digital,Gautam Singh,≤100
126086670474580,The Curious Pen,Ankita Singh,≤100
1406676006269693,Kedar Kansana,Kedar Kansana,≤100
767805023307544,Santosh Kumar Singh BJP,Akash Singh,≤100
100467895262186,Dr Premchand Jaysi,Tukesh Kumar Ratre,≤100
543596058995303,"Dr. Param Navdeep Singh Doctor, Social Activist, Politician","Dr. Param Navdeep Singh Doctor, Social Activist, Politician",≤100
108923765470906,Bharat Jagruthi - भारत जागृति,Kalamadugu Kruthagna,≤100
189279028569667,K P Tripathi,Krishne Pati Tripathi,≤100
100260324675920,Dr. Archana Majumdar,ARCHANA DAS(MAJUMDAR),≤100
205278732829897,Prem Prakash Pandey,TheVOLOPV,≤100
741969505923396,SEWA,Bibek Bora,≤100
110847490543428,Vipul Kumar Salwan,Vipul Kumar Salwan,≤100
1696825397256842,DC Insurance Services,DC Insurance Services,≤100
116997354325105,Wg Cdr Anuma Acharya,Wg Cdr Anuma Acharya,≤100
151640195016242,Madhusudan Bhinda,Suman,≤100
496648630475618,Ekal Vidyalaya,Ekal Vidyalaya,≤100
113607803769884,Nattasha Sharrma,Policy Briefcase,≤100
103994996012962,Bolega India,Rahul Kumar Srivastava,≤100
100294672142198,Punjabi Dhaba - पंजाबी ढाबा,Punjabi Dhaba - पंजाबी ढाबा,≤100
113369900454663,Jagan choudhary,Jagan Choudhary,≤100
678803825664159,Kanta Sonwal,Ganesh Thapa,≤100
111276250676310,Pradeep Rai,Vivek Kumar Singh,≤100
352171861622734,Roji M John,Roji M John,≤100
470458233479120,Aparajita Sarangi,Reach Digitally,≤100
285403455681355,Railway Children India,Railway Children India,≤100
1397767487148044,Jaidatta Kshirsagar,Jaydatta Sonajirao Kshirsagar,≤100
825870624112435,Ramesh Chandra Ratn,Arun Sharma,≤100
100720419078919,Ajay Kumar Singh - Aditya,Arun Pratap Singh,≤100
100771155148458,Bhuwan Yadav,Bhuwan Yadav,≤100
224787738121110,Manan Dani,Mananbhai Jatinkumar Dani,≤100
394208647274977,Mahesh Landge,Shrikant Gopalrao Patil,≤100
142752549111246,Construction World Magazine,Asapp Info Global Services Pvt. Ltd,≤100
102838152104730,Bjp kisan Morcha punjab,Ashish Soni,≤100
725962877786349,Bhajanlal Jatav,DESIGNHOPES,≤100
642379895821472,Neelam Sharma Ambala,Himanshu Punj,≤100
713416382011902,Sahil Shivaji Kedari,Sahil Shivaji Kedari,≤100
1494643030667329,Akhilesh Shukla - अखिलेश शुक्ला,Deepak Tripathi,≤100
122414901755724,Sanjay Yadav,Lekhraj Kumawat,≤100
802311956513987,Rahul Singh,Rahul Singh,≤100
104765761522667,Pankaj Dawar,The Social Prachar,≤100
1336863726383886,Gopal Lal Sharma,Prakash Jaiswal,≤100
104649209199401,Dr. Roop Singh,Surbhi Kumari,≤100
863961040416615,Punit Verma पूर्व उपाध्यक्ष विश्व हिन्दू परिषद् काशी प्रान्त,Punit Varma,≤100
317042561720861,Sunil Deodhar,Dharmendrasing Narendrasing Rajput,≤100
106456887722695,Adesh Yadav BJP,Anil Kumar,≤100
115303184883991,Vishesh Meena INC,Ganesh Kumar,≤100
1879092478989809,Idam Valam,Idam Valam,≤100
235573150172779,Donatekart,These ads ran without a disclaimer,≤100
141491449241356,Ranjitsinh Mohite Patil,Ranjitsinh Mohite Patil,≤100
301600333956877,Rajendra vinayka bjp,Ganesh Kumar,≤100
2362229027338767,బీజేపీ వైపు ప్రజల చూపు,Bharath Kumar Ravula,≤100
100162398522855,पीयूष राय,Anand Mohan Mishra,≤100
308445836521750,மனநல மருத்துவர் ஆனந்தன்,Anandhan Panneer Selvam,≤100
1412877062133423,Nayan Pal Rawat,Nayan Pal Rawat,≤100
587662461718185,MANOJ SINGH,MANOJ SINGH,≤100
114717553693865,Liberal TV,Liberal TV Punjabi,≤100
109640488700458,Surender singh kansera,Yadvendra Singh Shekhawat,≤100
426868484184031,Vimal Katiyar,Sumeet Kumar,≤100
105119918339947,RAJIB DAS,Debayan Basu,≤100
1935128343433294,"Sri Shyam Sundar Singh ""Dhiraj""",Shyamsunder Singh Dheeraj,≤100
1949802628682701,Rana Sujeet Singh,Rana Sujeet Singh,≤100
817338738390215,Bharat Press,Suman,≤100
106697569030382,Shankar Lal Sharma,TSM,≤100
100473756790047,Dungar Ram Gedar,Dungar Ram Gedar,≤100
301482743520742,Aseem Gupta,Aseem Gupta,≤100
1450629991853191,Arvind Gupta,Arvind Gupta,≤100
102275329396663,GS Shyam,Shyam Gollarahally Siddappa,≤100
2159484957646626,Mahant Daleep Rawat,Daleep,≤100
103784118675658,Education For All,Krishna Kumar Sinha,≤100
565714670143123,Ashok Saini,Engitech Media,≤100
102102622351285,Raghuvir Singh Meena IPS,Akash Meena,≤100
550287678727831,Bharath Reddy Ravula,Bharath Kumar Ravula,≤100
514806785196534,Gopal krishna Agarwal,Gopal krishna Agarwal,≤100
109830814975379,Raghu Parmar,Rinkesh Namdev,≤100
105515161411695,Pankaj Singla,Anil Kumar,≤100
112132937023603,Nandlal Chauhan,Nandlal Chauhan,≤100
101989165801500,Madhya Pradesh Updates,Madhya Pradesh Updates,≤100
105666722085928,Dhanraj Kundu AAP,Naresh Kumar Shoeran,≤100
169851583485696,Chhotu Singh Bhati,Engitech Media,≤100
120418961035428,Mangilal Godara,Shiv Shankar Acharya,≤100
1427079930877756,Chintala Ramachandra Reddy,Chintala Ramachandra Reddy,≤100
252023092136537,Dinesh Pratap Singh,Dinesh Pratap Singh,≤100
115552954882582,टीम राम यादव - किशनगढ़बास,Riyaz Ahmad,≤100
1337036716330736,Shankar Lal Kasana,Shiv Charan,≤100
241940555912671,Chandigarh University,Chandigarh University,≤100
552159824873262,Kethireddy M.L.A,Venkata Krishna Reddy Kethireddy,≤100
1571167366231304,Ramakant Bhargava,Saket Bhargava,≤100
101713962007976,Amrit Mahotsav,Amrit Mahotsav,≤100
256050398281355,MD Chopdar,WEBTIX,≤100
892715324214105,Nitendra Singh Rathore,Rituraj Tomar,≤100
918414611597115,Amar Prasad Reddy,Venkata Satish Chandu,≤100
378362679001615,Manoj Shukla,Manoj Shukla,≤100
102573082840274,Shambhawi Peethadhishwar,Aditya Nath Jha,≤100
121389977627603,Natraj pen pencil packing homework job salary 30000 advance 15000,These ads ran without a disclaimer,≤100
144288257791875,धीरेन्द्र प्रताप सिंह 'धीरू',Arvind Kumar Vishwakarma,≤100
110197854912974,Sonu Singh Garg,Pratik Garg,≤100
1464414077034071,BJP ST Morcha,Bhavesh Govindbhai Lodha,≤100
1955301821451552,Abhishek Dutta,Abhishek Dutta,≤100
101613628900010,Smartway Wellness Pvt. Ltd.,Bhoomi Harendra Mistry,≤100
995582213894808,Kothapalli Geetha,Venkata Satish Chandu,≤100
108159201571035,अरविन्द जायसवाल,Avadesh  Kumar,≤100
1660883877495922,Gauri Shankar  Verma,Neetesh Verma,≤100
108091173926988,Mrityunjay Sharma - BJP,Mrityunjay Sharma,≤100
192845294660932,Rakesh Giri,Rakesh Giri,≤100
1102369233109531,Pooja Bharti Chhabra,Suraj Bharti Chhabra,≤100
104319952684594,Petrotech Vessels Pvt. Ltd,These ads ran without a disclaimer,≤100
144981609477408,Sardar Jasbir Singh AAP CG,Naresh Kumar Shoeran,≤100
101575206117414,Indra Shekhar Jha,Indra Shekhar Jha,≤100
107344272047377,Sanjeet vishwakarma,Kavita Kumari,≤100
774085386059198,Voice Of Healthcare,Voice Of Healthcare,≤100
858612907672344,टीम प्रकाश चौधरी बड़ी सादड़ी,Ganesh Kumar,≤100
408032679785089,Ravinder Dabas Rocky,Ravinder Kumar,≤100
113676891742096,homework job pen pencil company sallery 30000 advance 15000 call me,These ads ran without a disclaimer,≤100
109179291985422,Adavalli Krishna,Sateesh Vinjam,≤100
387579425396293,Rohit Sabharwal - RTI Activist,Rohit Sabharwal,≤100
102465501806712,Gunnala Sunithakka Sena,Gunnala Sunithakka Sena,≤100
109674051919920,Gaga for Raga,Gaga for Raga,≤100
689591581145844,G B JyothiGanesh,G B JyothiGanesh,≤100
430864437043861,D K Brijesh,Devassia Brijeshdkaithakkal,≤100
110308551924662,Mayank Bairwa,Mayank Verma,≤100
269174147050795,महेंद्र सिंह किरार सामरसिंगा,महेंद्र सिंह किरार सामरसिंगा,≤100
104270189248027,theknowledgepathshala,These ads ran without a disclaimer,≤100
100538162057061,Slurrp,These ads ran without a disclaimer,≤100
112714178450329,टीम रणबीर सिंह गंगवा,Rajesh Kumar,≤100
427521707672968,Gyana Ram Ranwa Chandpura,Shiv Charan,≤100
132689140088396,smilefoundation,Smile Foundation,≤100
109253634221142,Dr Abhishek  Ramadhin,Abhishek Kumar Ramadhin,≤100
107512861394623,MainCross,MainCross Systems Pvt Ltd,≤100
107461545681999,Ramesh Kumar,Ramesh Kumar,≤100
1610714059173399,News Hour,These ads ran without a disclaimer,≤100
101921952879141,Gadar News Tv,Gadar News Tv,≤100
105646032180920,Vaddiraju RaviChandra,Vaddiraju RaviChandra,≤100
104831868860974,Narender Ghintala,Webtix,≤100
105040639000304,Political Junction India,Sunita Singh,≤100
104292669297375,climifi,These ads ran without a disclaimer,≤100
111560924353656,Swetha Reddy,Rajendra Reddy Bhuvanagiri,≤100
185624521923986,Sandeep Tanwar,Sandeep Tanwar,≤100
108785447311988,Nagesh Gupta,Nageshwar Rao Kotike,≤100
262327200933058,Sumit Kumar,Sumit Kumar,≤100
108432861353908,Karan Singh Yadav,Mukesh Kumar Yadav,≤100
107618782040426,Nagendra singh dodiya,Nagendra Singh Dodiya,≤100
105744041610071,Dhirendra Singh Raghav,Vinod Kumar Meena,≤100
108871665289487,Sunita Sah,Sunita Sah,≤100
203181590261286,Bhanu Pratap Singh,Pankaj Sharma,≤100
106163284605046,Sanjay Singh,Sanjay Singh,≤100
2221499791511001,Amit Chachan,Bharat Bhusan Chachan,≤100
2217597795155203,Dr. Surendras's IAS Academy,These ads ran without a disclaimer,≤100
361031561139301,Rakesh Jangir,Rajesh Kumar,≤100
236500783397189,Kamlesh Paswan,Kamlesh Paswan,≤100
347386695282209,Bargain Book Hut,These ads ran without a disclaimer,≤100
263613904560987,Parveen Narang,Aftab Khan,≤100
164559610778586,Indrasharan Singh Chauhan,Suraj Kaul,≤100
172564046268392,Samiksha Gupta,Samiksha Gupta,≤100
966262716743015,अभिषेक पटेल,Abhishek Patel,≤100
103125628674152,Dushyant Raj Singh Chundawat Chittorgarh,Tanuj Nandwana,≤100
533269740489273,Shivbhagwan Naga,Shivbhagwan Naga,≤100
207343709721346,Harbhajan Singh ETO,Harshjit Singh,≤100
354781738391591,Harender singhal,Harender singhal,≤100
421962034490470,Dhananjay Mahadik MP Kolhapur,Ashwamedha Media,≤100
1802523420012948,Pratap Singh Khachariyawas,Anirudh Sharma,≤100
116974687949703,Pandith Kumar poduval,These ads ran without a disclaimer,≤100
112773637290397,Priyadarshi Piyush,Priyadarshi Piyush,≤100
105331745445757,Omprakash Khichar Advocate,Rohit Githala,≤100
118386721200305,Abbishek Singhania,These ads ran without a disclaimer,≤100
1980147418956206,Ranjeetsingh Hinduraoji Naik Nimbalkar,Ranjeetsingh Hinduraoji Naik Nimbalkar,≤100
433382980078113,Gudur Narayana Reddy,Kalyan Chandra Consulting,≤100
114523124853142,Natraj pencil homework all India,These ads ran without a disclaimer,≤100
685080418508716,Mohd.AsifZaki,Mohd.AsifZaki,≤100
564340420252773,Amit Sihag,Ranvijay Lamba,≤100
104190542665724,coin calb,These ads ran without a disclaimer,≤100
1623266867990179,Bharat beniwal,Prakash Jaiswal,≤100
106394871443089,Amit Kumar Singh,Amit Kumar Singh,≤100
109224525478310,कोमल महावर वैर विधानसभा की आवाज़,Komal Mahawar,≤100
120688591031794,natraj pencil company limited wok from home job all India,These ads ran without a disclaimer,≤100
107801838537744,Rajesh Katara,Rajesh Katara,≤100
2232988810088559,Dayashankar Ojha “दयाशंकर ओझा”,Ruchi Pandey,≤100
507223876102771,Shivtejsinh Mohite Patil,Shivtejsinh Mohite Patil,≤100
102950225351664,bookletpedia,These ads ran without a disclaimer,≤100
102872082715153,working_women.co,These ads ran without a disclaimer,≤100
100549119644561,Jo Ram Ko Laye Hain Hum Unko Layenge 2024,Jo Ram Ko Laye Hain Hum Unko Layenge 2024,≤100
115101598138512,Gokul Das Joshi,Gokul Das Joshi,≤100
106650475483675,The Borderlens,The Borderlens,≤100
694622163885355,Devender singh babli,Devender Singh Babli,≤100
102351648972541,Ravi Kumar Mishra,Ravi Kumar Mishra,≤100
108609091609138,Praveg TV,Naresh Umashankar Koshti,≤100
104932949009307,Bandaru Vijaya laxmi,Bandaru Vijaya laxmi,≤100
104122195260035,Bharti Tarun Kaushik Bhaiya Ji,Tarun Kumar Kaushik,≤100
2100849650146359,Ramarao Patil Pawar,Venkata Satish Chandu,≤100
168228334032318,Sat Sharma CA,Naveen Sharma,≤100
104000365810269,artbykisalayvora,These ads ran without a disclaimer,≤100
112053926911766,Navnit Kumar Jha,Navneet Kumar,≤100
105084614186952,Amit Verma,Amit Verma,≤100
241466509655893,MBA-ESG-India,These ads ran without a disclaimer,≤100
1138668549548515,Krishna Raj,These ads ran without a disclaimer,≤100
738171069630727,Evolute Group,These ads ran without a disclaimer,≤100
106942281023549,Vinay Vilas Kadam,Vaibhav Vilas Kadam,≤100
108518277501006,Radhe Ram Godara,Prakash Jaiswal,≤100
184848438961199,Surya Singh,Surya Singh,≤100
105294039011543,Arun Roy,Narotam Choudhary,≤100
674757045920691,Jayadev Galla,Aditya Vemulapalli,≤100
113179435110021,Adv Ram Godara,These ads ran without a disclaimer,≤100
113577624961901,Balu lal Acharya BJP,Ganesh Kumar,≤100
101333528340006,desigirlstales,These ads ran without a disclaimer,≤100
101854318835394,Abdur Razzak,Injamul Hoque,≤100
665996270502764,Indus Scrolls Press,Visakh Dutt Premraj,≤100
470929816335236,Veer Sen Yadav,Veer Sen Singh,≤100
924854307698923,Radheshyam patel,Radheshyam patel,≤100
462131483977400,Dr Pritam Gopinath Munde,Rajesh Shrihari Munde,≤100
428551800928390,Laxmi Rakesh Giri Goswami,Laxmi Rakesh Giri Goswami,≤100
102447714973094,Yusuf Salahuddin,Yusuf Salahuddin,≤100
472844082918408,Atik Kapadia,Krunal Ravindra Dalvi,≤100
1446657182259724,Mangesh Kudalkar - मंगेश कुडाळकर,Mangesh Kudalkar,≤100
1489647731256741,Dr Jitendra Singh,Ayush Deshpande,≤100
577856385582447,Raghu Sharma,Sunil Maan,≤100
108523822161815,బద్దం బోజ రెడ్డి ముదొల్ నియోజకవర్గం,These ads ran without a disclaimer,≤100
111135334049877,Rakesh Thakur,Vikrant Shukla,≤100
103544656778013,Dr Akhilesh Prasad Singh,Akhiles Prasad Singh,≤100
105124865726721,Medapati Prakash Reddy,Nukana Bhanu Prakash,≤100
458921050845532,Dr. Kailash Verma,Dr. Kailash Verma,≤100
361718734223966,Yogesh Kumar Tamrakar,Sarika Pandey,≤100
743938402322314,Mitendra Darshan Singh,Rahul Ranjan,≤100
104906185574109,Monica Garkhel,These ads ran without a disclaimer,≤100
1877498618981855,Rajesh Bhaida,Rajesh Kumar Meena,≤100
246558505475210,Bala Ram Choudhary,Mukesh Choudhary,≤100
734717033361425,Kamla Athwal,Kamla Athwal,≤100
104502049025154,ajaichowdhry,These ads ran without a disclaimer,≤100
101705488349305,Manish Bhati,Manish Bhati,≤100
431454157629297,Mukesh Ahlawat,Nitish Kashyap,≤100
102325429272140,AITC Debasish Mukherjee,Arpan Saha,≤100
203795313615859,PDTV News,Nagarjuna Reddy Kaipa,≤100
108908007441127,Team Manish Pareek,Rajesh Goutam,≤100
622412417896753,Shiromani Akali Dal Delhi,Harjap Singh Dhingra,≤100
104889532431683,Jagdish Verma sangaria,digital computer classes,≤100
356324884704387,Beeram Harshavardhan Reddy,Balakrishna Reddy Billa,≤100
105327189221514,casino_hacking_id_hub,These ads ran without a disclaimer,≤100
103238932386541,jagl_ka_raja_taiger_143,These ads ran without a disclaimer,≤100
2156330694593998,Priyanka Pravin Barse,Priyanka Pravin Barse,≤100
114264808257091,తెలంగాణ తలవంచదు,Kalamadugu Kruthagna,≤100
129952997339452,Rajendra Maske,Rajendra Tukaram Maske,≤100
108293074221501,Dr Ajay Singh - ज़िलाध्यक्ष भाजपा रीवा,Udaysingh,≤100
716085012115556,Today Bhaskar,Yashvi Goyal,≤100
105485702458173,House of Jugnu,These ads ran without a disclaimer,≤100
101817042688378,M.P. Nagarajan,Pattan Nagarajan,≤100
268437163351102,Saurabh Srivastava,Saurabh Srivastava,≤100
111397805268915,Dr Ramdev Choudhary,Ramdev Choudhary,≤100
108897475532620,meuditkmr,These ads ran without a disclaimer,≤100
705047939660079,Manju Sharma,Krishna Choudhary,≤100
349273359078396,Rameshappa Karad,Ajay Arjun Daund,≤100
1014089075388866,Arvind Pandey,Pradeep Anand,≤100
1819997541592243,Imran Qureshi,Imran Qureshi,≤100
808248039220230,Neel rao,Gautam Singh,≤100
1433894153522813,Pramod Bhaya,Sharad Sharma,≤100
109027442133819,Dr. Sanjay Singh,Naveen Singhal,≤100
1757441471197224,Hardik Patel,Hardik Patel,≤100
1109826479083738,Rajeev Sharma BJP,Puneet Kumar Singh,≤100
112635188512953,ayushbhai_casino_hacker,These ads ran without a disclaimer,≤100
106517639001710,Being Creatv,These ads ran without a disclaimer,≤100
106093557807725,Tribal Mantra,These ads ran without a disclaimer,≤100
109546308136398,Sankar Dutta - শংকর দত্ত,Bholanath Dey,≤100
110192838411946,Pallavi Srivastava,These ads ran without a disclaimer,≤100
415864998753953,Ravinder Singh Paniyala,Nitin Panwar,≤100
230195174008918,Ajit Damodar Gavhane,Content Factory,≤100
616424962532313,Deepak Narayan Patel,Rajnarayan Gurjar,≤100
114725851627345,कामेश्वरी कुमारी,Amit Raj,≤100
297229797104524,Nishank Tripathi BJP,Nishank Tripathi,≤100
696055677109053,Neeraj Kundan,Deepak Khatri,≤100
726297710718592,Maratha Virender Verma,Parveen Kumar,≤100
104712140947127,Rohitash Kumar Meena,Rakesh Kumar Sharma,≤100
109756361870034,astrobuddy_ajeetjoshi,These ads ran without a disclaimer,≤100
110156855300314,Govind Singh Baghela,These ads ran without a disclaimer,≤100
1149375478489344,Harvinder Singh Sarna,Harjap Singh Dhingra,≤100
132859090587882,Surajit Datta,Surajit Datta,≤100
892110527476687,Rajendra Singh Yadav,Riyaz Ahmad,≤100
278423842321236,BJP Rajasthan,Bharatiya Janata Party (BJP),≤100
791996340811292,Dr Madhuri Borse Patil,Vipul Jayantilal Bafna,≤100
577438402335738,Bhanwar Singh Bhati,Bhanwar Singh Bhati,≤100
101909362731433,Mahi Murtuza,These ads ran without a disclaimer,≤100
385658441549334,Deepak Bhati Chotiwala,Dipak Bhati,≤100
257240733367714,aviator_casino_hack_,These ads ran without a disclaimer,≤100
1894879410747447,Guddu hayat,Amit Raj,≤100
410134216379605,Dr. Omprakash Shete,Omprakash Sadashiv Shete,≤100
110424611906891,Natraj pen pencil home job salry 30000 advance 15000 call me 8601217658,These ads ran without a disclaimer,≤100
715515095146698,Gandra Venkataramana Reddy,Goutham Reddy Gandra,≤100
106802937934432,Padma venkat reddy,Banappagari Naren Sai Reddy,≤100
102785749762041,Parshottam Rupala,Piyush Mantri,≤100
100198063064112,Rupam Mishra,Rupam Mishra,≤100
100466051305529,Pappu Deshmukh,Prakash Sunkalwar,≤100
112375541817666,betting.id_work,These ads ran without a disclaimer,≤100
185651288824374,Akanksha Ola,Policy Briefcase,≤100
227061034692800,RAJ KUMAR JHA,RAJ KUMAR JHA,≤100
104860424918954,दिल है हिन्दुस्तानी,Abhijit Kumar,≤100
426881010719758,Soumik Hossain,Angur Shaikh,≤100
224163281073368,BJP Arunachal Pradesh,BJP Arunachal Pradesh,≤100
105530752376295,"Shiromani Akali Dal, Delhi Unit",Harjap Singh Dhingra,≤100
1644165492504830,Anekal Ramoji Gowda,Ramoji Gowda,≤100
1461744967453263,Ramendra Tripathi,Anuj Kumar,≤100
101038215243427,Youth Voice Foundation,Gagandeep Singh Dhatt,≤100
1728445464133553,Subhash Singh,Sidhartha Singh,≤100
103206797721245,Tollygunge Trinamool Congress,Mohammad Azharuddin,≤100
110960077698828,Deepak Kumar दीपक कुमार,Rahul Kumar,≤100
1652675041670519,Troopel,Atul Malikram,≤100
1526917110732627,Beti Foundation,Beti Foundation,≤100
2049813425070602,We Support Virender Rathore,We Support Virender Rathore,≤100
103745659216524,Dip Chatterjee,These ads ran without a disclaimer,≤100
1471581409720618,BJP Uttar Pradesh,Bharatiya Janata Party (BJP),≤100
1537144593251043,Vijaypal Singh Tomar,Puneet Kumar Singh,≤100
119521264725553,Q21,These ads ran without a disclaimer,≤100
102643732395510,"Tongxiang, China",These ads ran without a disclaimer,≤100
158714780827513,UNFPA,These ads ran without a disclaimer,≤100
102979719465017,NationDiscovery,These ads ran without a disclaimer,≤100
1883003128429295,Queer Majority,These ads ran without a disclaimer,≤100
103092238774307,Sobe Ad Agency,These ads ran without a disclaimer,≤100
131189377574,MDPI,These ads ran without a disclaimer,≤100
105729552522702,social.talks1,These ads ran without a disclaimer,≤100
101457006026915,omkaar8,These ads ran without a disclaimer,≤100
618086438391102,Taiwan in the EU and Belgium,These ads ran without a disclaimer,≤100