﻿Page ID,Page name,Disclaimer,Amount spent (PLN)
108072144154309,Sebastian Łukaszewicz,Sebastian Łukaszewicz,≤100
142218132483199,Kasa Stefczyka,Kasa Stefczyka,≤100
177473808919,Polskie Stronnictwo Ludowe,Polskie Stronnictwo Ludowe,≤100
654912251187357,Grupa PGE,Grupa PGE,≤100
63563473556,Gazeta Wyborcza,Gazeta Wyborcza,≤100
1837853109780758,Fundacja BOŚ,Fundacja BOŚ,≤100
393084100793680,Wiedza i Praktyka,Wiedza i Praktyka,≤100
57544755889,Amnesty International Polska,Amnesty International Polska,≤100
95661128574,Radio ESKA,Radio ESKA,≤100
178362315106,European Parliament,European Parliament,≤100
228168274881,wysokieobcasy,wysokieobcasy,≤100
196334343778888,Polskie Centrum Pomocy Międzynarodowej (PCPM),PCPM with Facebook ad credits,≤100
469702339755768,Paweł Tanajno Polska Liberalna Strajk Przedsiębiorców,Iam4u.pl,≤100
513969188677442,Compassion Polska,Compassion Polska,≤100
339855706171439,Dobra Fabryka,Dobra Fabryka,≤100
104884392877324,Alivia,Alivia - Fundacja Onkologiczna,≤100
102792325966064,Kopalnia kitu,Kopalnia Kitu (DoubleD Marketing),≤100
475584852475176,Pozytron,Bartłomiej Jan Ginter,≤100
468685573274275,Piotr Serdyński,Piotr Serdyński,≤100
111465470197991,Mateusz Morawiecki,Mateusz Morawiecki,≤100
295161506338,AKADEMIA PRZYSZŁOŚCI,Stowarzyszenie Wiosna,≤100
274387373763,Białostocki Ośrodek Kultury/Centrum im. Ludwika Zamenhofa,Białostocki Ośrodek Kultury,≤100
178415208919146,Solidarna Polska,Solidarna Polska,≤100
273827962690526,Otwarte Klatki,Otwarte Klatki,≤100
54779960819,United Nations,United Nations with Facebook Ad Credits,≤100
104921858016507,Dzień Dobry Podatki,Michał Wilk,≤100
426784938154184,PrzyjacieleZwierzat.pl,PrzyjacieleZwierzat.pl,≤100
50063176484,TVN24,TVN,≤100
1683534065241470,OKO.press,OKO.press,≤100
104061062331637,Pałac Saski,Pałac Saski Sp. z o.o.,≤100
143951191449,Profinfo.pl,Wolters Kluwer PL,≤100
198196133533089,Polska Misja Medyczna / Polish Medical Mission,Polska Misja Medyczna / Polish Medical Mission,≤100
197021663754388,Hyundai Nord Auto,These ads ran without a disclaimer,≤100
1063990387008272,Centrum Życia i Rodziny,Centrum Życia i Rodziny,≤100
173086948664,Infor.pl,Infor.pl,≤100
106708966025605,Wydawnictwo W.A.B.,Grupa Wydawnicza Foksal,≤100
300745193630,Fundacja Pro - Prawo do Życia,Fundacja Pro - Prawo do Życia,≤100
312816688890250,Dariusz Matecki,Dariusz Matecki Radny Miasta Szczecin,≤100
157458232131,Prawo i Sprawiedliwość,Prawo i Sprawiedliwość,≤100
312204349288060,Mariusz Gosek,Mariusz Gosek,≤100
427646927347438,A4 Katowice - Kraków,Stalexport Autostrada Małopolska S.A.,≤100
103355271818004,Ubezpieczenia Effekt,Effekt Sp. z o.o.,≤100
102577288350341,Super Biznes,se.pl,≤100
207398195946921,Instytut Spraw Obywatelskich,Fundacja Instytut Spraw Obywatelskich,≤100
146910095369293,Białostocki Ośrodek Kultury,Białostocki Ośrodek Kultury,≤100
109218848183780,Marek Woźniak,UMWW,≤100
362731483842344,Agro Trust - Skup i  #𝐖𝐢𝐚𝐝𝐨𝐦𝐨ś𝐜𝐢𝐙𝐛𝐨ż𝐨𝐰𝐞,Marcin Robert Witzling,≤100
505864632777215,Tygodnik Lisickiego,Orle Pióro sp. z o.o.,≤100
133482470024453,Newsweek Polska,Newsweek Polska,≤100
125185964281959,Centrum Edukacji Obywatelskiej (CEO),Centrum Edukacji Obywatelskiej (CEO),≤100
319296981434608,De Dietrich Polska,BDR Thermea Poland Sp. z o.o.,≤100
1493760307522390,CityFit,CityFit,≤100
142614625077,WWF Polska,WWF Polska,≤100
2320275388297228,Marcin Romanowski,Marcin Romanowski,≤100
391098174296294,Super Express,se.pl,≤100
127619873953536,Stefczyk.info,Stefczyk.info,≤100
1381575975475340,EduAkcja - szkolenia dla nauczycieli,EduAkcja sp. z o.o.,≤100
2152238558396822,Mariusz Kałużny,Mariusz Kałużny,≤100
137358556439286,Ośrodek Monitorowania Zachowań Rasistowskich i Ksenofobicznych,Ośrodek Monitorowania Zachowań Rasistowskich i Ksenofobicznych,≤100
192608494083516,Queerowy Maj,Queerowy Maj,≤100
1496359750659795,Michał Wójcik,Michał Wójcik,≤100
111778487054045,TOGETAIR,Kamil Magot,≤100
109649700417909,Piotr Sak,Poseł na Sejm RP Piotr Sak,≤100
101876361512444,Krajowy Projekt Energetyczny - odnawialne źródła energii dla każdego,These ads ran without a disclaimer,≤100
371981706755861,Kierunek na EKO,OS3 Sp. z o. o.,≤100
105039892358886,Świadczenie Pielęgnacyjne,FURPO GROUP SP. Z O.O.,≤100
520444618035778,Grupa EPL w Parlamencie Europejskim,EPP Group in the European Parliament,≤100
2652652818292489,DAGMA bezpieczeństwo it,DAGMA SP Z O O,≤100
122436147816214,Skłodowscy.pl,Kancelaria Podatkowa Skłodowscy,≤100
662892093824152,Fundacja Małych Stópek,Fundacja Małych Stópek,≤100
136884656519145,IOM Poland,International Organization for Migration,≤100
364911490222284,Włodzimierz Czarzasty,Biuro Poselskie Włodzimierza Czarzastego,≤100
742465142594294,Dan Cake Robimy Klimat,Dan Cake Polonia Sp. z o.o.,≤100
114453729684,gazetaprawna.pl,gazetaprawna.pl,≤100
658695000844495,Adam Andruszkiewicz,Adam Andruszkiewicz,≤100
1581518611867021,Zbigniew Ziobro,Zbigniew Ziobro,≤100
107265068092174,Onet Premium,Ringier Axel Springer Polska,≤100
316810098501611,Miasto2077 / Green is Good,Filip Kowalik,≤100
868599633152789,Koncept - magazyn akademicki,Fundacja Inicjatyw Młodzieżowych,≤100
311278685609822,Fundacja Centaurus,Fundacja Centaurus,≤100
105629772798008,Kraków PL,Kraków PL,≤100
174700791475,Student.lex.pl,Wolters Kluwer Polska Sp. z o.o.,≤100
153679474688551,Wydawnictwo Fronda,Wydawnictwo Fronda,≤100
330644215221,Bankier.pl,Bankier.pl,≤100
1643686859194259,Sebastian Kaleta,Sebastian Kaleta,≤100
1608898765820336,Vogue Polska,Vogue Polska,≤100
106274574675288,Instytut Prawa Ustrojowego - Fundacja,Fundacja Instytut Prawa Ustrojowego,≤100
105428171456904,BWT Polska - Best Water Technology,BWT Polska,≤100
514735281965536,Demagog,Demagog,≤100
106666447371322,Edward Siarka,Edward Siarka,≤100
100507332348221,Liberfor,Liberfor,≤100
102723595191627,Esoleo,These ads ran without a disclaimer,≤100
103049925845095,SUN for Ukraine,Damian Politański,≤100
286672948180163,Tomasz Trela,Poseł Tomasz Trela,≤100
1425264934431305,Polski Instytut Księgowości,Polski Instytut Księgowości,≤100
101075578169819,Ewa Wendrowska,Ewa Wendrowska,≤100
121677374580121,Stowarzyszenie Rozwoju Wsi Świętokrzyskiej,Stowarzyszenie Rozwoju Wsi Świętokrzyskiej,≤100
109816370412760,Krzysztof Mulawa,Krzysztof Mulawa,≤100
352969621437965,Magna Polonia,Fundacja Magna Polonia,≤100
851597268265842,Telewizja Kopernik,TELEWIZJA KOPERNIK,≤100
814991668621838,Norbert Kaczmarczyk,Norbert Kaczmarczyk,≤100
194585893914848,Fundacja Rozwoju Demokracji Lokalnej,Cezary Trutkowski,≤100
180185019111,Tygodnik Powszechny,Tygodnik Powszechny,≤100
621959344553367,DNA Rynków - merytorycznie o giełdach i gospodarkach,DNA Rynków,≤100
990533821012595,Nierealnie,Nierealnie.pl,≤100
129626970836,inFakt,inFakt,≤100
221077284662,Przekrój,Fundacja Przekrój,≤100
447190942074880,Polskie Stowarzyszenie Obrońców Życia Człowieka,Polskie Stowarzyszenie Obrońców Życia Człowieka,≤100
832320483579139,Vestra,Vestra,≤100
100120136068412,Reo.pl - platforma handlu energią z OZE,Reo.pl Sp. z o.o.,≤100
205945942802470,Polska Agencja Rozwoju Przedsiębiorczości,Polska Agencja Rozwoju Przedsiębiorczości,≤100
250387950908,Tygodnik Solidarność,Tygodnik Solidarność,≤100
170887773826663,Marcin Warchoł,Marcin Warchoł,≤100
104178558968972,Marcin Przydacz - wiceminister spraw zagranicznych,Marcin Przydacz,≤100
382875260304,Teologia Polityczna,Teologia Polityczna,≤100
145481822175715,Otodom,Grupa OLX sp. z o.o.,≤100
104981480987476,Bartłomiej Milaniuk - Dla Twoich Finansów,Bartłomiej Adrian Milaniuk,≤100
199877710116314,Patryk Jaki,Patryk Jaki,≤100
163488137165461,E.ON Polska,E.ON Polska,≤100
104291779009388,Pojęcie małżeństwa w pryzmacie teorii wymogów imperatywnych,Fundacja Instytut Prawa Ustrojowego,≤100
358414038219949,Michał Wawer,Michał Wawer,≤100
1914501645469702,Otwarta Przestrzeń - centrum terapii,Fundacja Instytut Otwarta Przestrzeń,≤100
103189994608689,20stopni.pl,Konceptlab,≤100
1495480087399256,Jacek Ozdoba,Jacek Ozdoba,≤100
1629946500626448,To Tylko Astma,OS3 Sp. z o.o.,≤100
107741584286830,Studio Częstochowa,Studio Częstochowa,≤100
521216701360487,MURATOR,MURATOR,≤100
109420387556852,Drewno - Pozytywna Energia,"Ogólnopolskie Stowarzyszenie ,,Kominki i Piece""",≤100
176619537364977,Grodno S.A.,Grodno S.A.,≤100
186543124707583,ISSA Prevent Plastic Pollution,Biuro wykonawcze ISSA w Polsce,≤100
107396187476330,LUX MED Stomatologia,"LUX MED Sp. z o.o.,",≤100
108043501064374,Dzielna Ania walczy z SMA,Michał Franciszek Orłowski,≤100
352190934875889,Portal Kujawski,Łukasz Paweł Religa,≤100
696622867467853,Polska Morska,Polska Morska,≤100
481934168506809,Kaufland Polska,These ads ran without a disclaimer,≤100
334959846522578,Fundacja Księdza Orione Czyńmy Dobro,Fundacja Księdza Orione Czyńmy Dobro,≤100
110554213669517,Marcin Zarzycki • Adwokat • Doradca podatkowy,These ads ran without a disclaimer,≤100
150617698324166,Polska Fundacja im. Roberta Schumana,Polska Fundacja im. Roberta Schumana,≤100
100460351810525,Browar Mentzen,Browar Mentzen,≤100
163064650412661,Teatr Powszechny w Łodzi,Teatr Powszechny w Łodzi,≤100
480255878817317,Jacek Sierpiński,Jacek Sierpiński,≤100
1052302484796466,Axpo Polska,Axpo Polska Sp. z o.o.,≤100
100729492348113,Polityka na gorąco,videoparlament Janusz Jaskółka,≤100
176136722487454,Videoparlament.pl,Videoparlament.pl,≤100
1874524479302479,Perfect Diver,Perfect Diver,≤100
558879950822876,Jacek Sasin,Jacek Sasin - Poseł na Sejm RP,≤100
160181130796814,Fundacja ADRA Polska - ADRA Poland,Fundacja ADRA Polska,≤100
141706212510407,Dom Aniołów Stróżów,Stowarzyszenie Pomocy Dzieciom i Młodzieży „Dom Aniołów Stróżów”,≤100
112055027022643,Legal Marine,Legal Marine - Mateusz Romowicz,≤100
199401584696,Konfederacja Lewiatan,Konfederacja Lewiatan,≤100
412885576226922,Na fali nauki,These ads ran without a disclaimer,≤100
102556655851061,Michał Sopiński,Michał Sopiński,≤100
104622711238580,Szymon Niemiec - Psycholog,Pracownia E. Weatherwax,≤100
118055394941878,ABB,Performance Media P.S.A,≤100
102947149063700,Fundacja Start Tango,Iwona Siekierska,≤100
567066860335135,Błękitny Węgiel,Błękitny Węgiel,≤100
110468394058926,Polska Spółka Gazownictwa,These ads ran without a disclaimer,≤100
103400032276622,Kurier Gdyński,Michał Kowalski,≤100
1531160263787101,Fundacja HerStory,Fundacja HerStory,≤100
1086360811435644,More Bananas,Anna Daria Ledwoń-Blacha,≤100
292544137448732,Muzeum Tradycji Niepodległościowych w Łodzi,Muzeum Tradycji Niepodległościowych w Łodzi,≤100
1752318511650368,Akamai Poland,More Bananas,≤100
100364569530157,Jarosław Kuisz,These ads ran without a disclaimer,≤100
852871474902416,Tomasz Frączak,Tomasz Frączak,≤100
173043619501435,"Pomorski Ośrodek Rehabilitacji Dzikich Zwierząt ""Ostoja""","Pomorski Ośrodek Rehabilitacji Dzikich Zwierząt ""Ostoja""",≤100
617258911706589,Grzegorz Maćkowiak - Samorządowiec,Grzegorz Przemysław Maćkowiak,≤100
130220166122,Kupuj odpowiedzialnie,Kupuj odpowiedzialnie,≤100
280696342731,Ministerstwo Klimatu i Środowiska,Ministerstwo Klimatu i Środowiska,≤100
1611379738955172,RODM Katowice,Klaster Innowacji Społecznych,≤100
946445192119512,Krajowy Sztab Ratownictwa SKSR,Jerzy Płókarz,≤100
806692002716904,Tavex,Tavex Sp. z o.o.,≤100
108808965184179,Narodowy Instytut Konserwacji Zabytków,Narodowy Instytut Konserwacji Zabytków,≤100
108243994205438,R&D Hub,R&D HUB Sp. z o. o.,≤100
1513195055630172,Grzegorz Nieradka,Grzesiek Nieradka,≤100
182641961933584,Grzegorz Puda,Grzegorz Puda,≤100
100508029392556,Obywatelu Masz Prawo,Fundacja Instytut Prawa Ustrojowego,≤100
548790121870135,Piotr Bujak,Piotr Marek Bujak,≤100
475003269590039,Radca prawny Tomasz Plasota,Aleksandra Adamczewska,≤100
1771722023118604,Wydawnictwo Aktywa,Wydawnictwo Aktywa Sp. z o.o.,≤100
101904598224405,EFaktor,These ads ran without a disclaimer,≤100
1725148494424834,Urząd Marszałkowski Województwa Wielkopolskiego,Urząd Marszałkowski Województwa Wielkopolskiego,≤100
114448106677276,Fani skoków Pl,Grzegorz Tomasz Kupiec,≤100
106972071827284,II Kongres ESG,Fundacja im. XBW Ignacego Krasickiego,≤100
205114510087760,Udostępniając Pomagam,These ads ran without a disclaimer,≤100
100279879491709,Poznański Związek Zawodowy Neonatologów,Poznański Związek Zawodowy Neonatologów,≤100
362951984352100,Popieram PiS,Patryk Piotr Stańko,≤100
398726863650712,Karolina Kępka - Radna z Polesia,Karolina Izabela Kępka,≤100
103459322431563,Siła Kobiet by MartaBartosik,These ads ran without a disclaimer,≤100
147284671976535,Jak wygrać wybory? Praktycznie o kampaniach wyborczych,Jacek Babiel,≤100
305401181544,UNICEF Poland,UNICEF Poland,≤100
100541736191911,Psychologia biznesu - odkryj i wykorzystaj,These ads ran without a disclaimer,≤100
100471498771349,Fundacja im. XBW Ignacego Krasickiego,Fundacja im. XBW Ignacego Krasickiego,≤100
105812734822457,Grzegorz Szczepański,Grzegorz Szczepański,≤100
483707668473229,Piotr Uruski,Piotr Uruski,≤100
173873282095,Forsal.pl,Forsal.pl,≤100
1479047189015939,Polski Cement,Stowarzyszenie Producentów Cementu,≤100
358712600898007,Ogólnopolska Federacja na rzecz Rozwiązywania Problemu Bezdomności,Jakub Stanisław Wilczek,≤100
109438909586208,Наша Польща - новини для українців в Польщі,These ads ran without a disclaimer,≤100
102262978631607,Busnex Poland,Busnex Poland,≤100
100190751822546,Muzeum Ziem Wschodnich Dawnej Rzeczypospolitej,Justyna Woźniak,≤100
355335447987852,"Katarzyna Stachowicz - samorządowiec, działaczka społeczna",Katarzyna Karolina Stachowicz,≤100
686430471428090,Stowarzyszenie MOST,These ads ran without a disclaimer,≤100
101646828316120,Akademia Naturalnego  Życia,These ads ran without a disclaimer,≤100
1599655186922126,Włącz oszczędzanie,Łukasz Tadeusz Pająk,≤100
116306928531810,Zbigniew Szczerba Radny Miasta Zakopane,Zbigniew Piotr Szczerba,≤100
107009549338936,Wyższa Szkoła Bankowa w Chorzowie,Wyższa Szkoła Bankowa w Chorzowie,≤100
346282548780985,PrawoSportowe.pl,PrawoSportowe.pl,≤100
147547541961576,Council of the European Union,Council of the European Union,≤100
527351247377965,European Committee of the Regions,European Committee of the Regions,≤100
108097237774671,SahmGlass,These ads ran without a disclaimer,≤100
104889235774130,Artur Ziganshin,These ads ran without a disclaimer,≤100
105326115386676,The New Voice of Ukraine,These ads ran without a disclaimer,≤100