﻿Page ID,Page name,Disclaimer,Amount spent (AED)
191187460289,HP,These ads ran without a disclaimer,≤100
111361091313,NICABM,These ads ran without a disclaimer,≤100
111029245179220,prcoffeechat,These ads ran without a disclaimer,≤100
111266291753402,heftyart.xyz,These ads ran without a disclaimer,≤100
127187187348820,Kaspersky,These ads ran without a disclaimer,≤100
45413563867,The Free and Equal Elections Foundation,These ads ran without a disclaimer,≤100
105304415266997,econ.mo,These ads ran without a disclaimer,≤100
106942452264389,Fashion Globe,These ads ran without a disclaimer,≤100
112757083778788,"Economic Daily, China",These ads ran without a disclaimer,≤100