﻿Page ID,Page name,Disclaimer,Amount spent (USD),Number of ads in Library
179916515749362,FIP - Փաստերի ստուգման հարթակ,Union of Informed Citizens NGO,≤100,3
195018463901371,CivilNet,CivilNet,≤100,3
401367013544150,Մանե Թանդիլյան -  Mane Tandilyan,Country to live party,≤100,1
117883984992205,ՀՀ արդարադատության նախարարություն/Ministry of Justice of Armenia,ՀՀ արդարադատության նախարարություն/Ministry of Justice of Armenia,≤100,3
117883984992205,ՀՀ արդարադատության նախարարություն/Ministry of Justice of Armenia,Mariam Melkumyan,≤100,1
386469311494240,Իրազեկ քաղաքացիների միավորում - Union of Informed Citizens,Union of Informed Citizens NGO,≤100,1
108837171601077,Վալոդյա Գրիգորյան/Valodya Grigoryan,Country to live party,≤100,1
103884175847975,Станция - Эмиграция,These ads ran without a disclaimer,≤100,1
105848558790469,"Word Office - Reader, Editor & Viewer",These ads ran without a disclaimer,≤100,1
103597027708447,SuperPlanet Games,These ads ran without a disclaimer,≤100,1
710162246484557,Ապրելու Երկիր Կուսակցություն,Country to live party,≤100,1
316496640057,7iber,These ads ran without a disclaimer,≤100,1
100636899712,Uusi Suomi,These ads ran without a disclaimer,≤100,1
109799087459966,hi_from_london,These ads ran without a disclaimer,≤100,1
130369030334301,KidsRights,These ads ran without a disclaimer,≤100,1
1890146454611538,DESMI A/S,These ads ran without a disclaimer,≤100,1