﻿Page ID,Page name,Disclaimer,Amount spent (EUR)
39435457457,Greenpeace France,Greenpeace France,≤100
106626487721376,Amazon Europe,Amazon France,≤100
178362315106,European Parliament,European Parliament,≤100
9025047571,Amnesty International France,Amnesty International France,≤100
466932616850613,Mon avis citoyen,Mon avis citoyen,≤100
384955301529344,Institut du Cerveau - Paris Brain Institute,Institut du Cerveau - Paris Brain Institute,≤100
113579678698073,La SPA - Société Protectrice des Animaux,La SPA - Société Protectrice des Animaux,≤100
123875660969932,ENGIE,ENGIE,≤100
116455261255,Action contre la Faim (France),Action contre la Faim,≤100
100160149099313,Justice Initiative,Justice Initiative,≤100
321102471315265,Elues Locales,Elueslocales.fr,≤100
108854242161197,Factuel,Factuel,≤100
335868279790722,CIWF France,CIWF France,≤100
26907085049,Scouts et Guides de France,Scouts et Guides de France,≤100
14053295787,Oxfam France,Oxfam France,≤100
112547358788607,CCFD-Terre Solidaire,CCFD-Terre Solidaire,≤100
328157150830,Fondation Perce-Neige,Fondation Perce-Neige,≤100
252417390706,APF France handicap,APF France handicap,≤100
116070051527,Mediapart,Mediapart,≤100
278641698813937,Fondation Raoul Follereau,Fondation Raoul Follereau,≤100
114676815236667,AIDES,AIDES,≤100
145664313583,AVSF - Agronomes & Vétérinaires Sans Frontières,AVSF - Agronomes et Vétérinaires Sans Frontières,≤100
100255681599847,Veolia France,Veolia,≤100
197118360320055,ONE France,ONE Fr,≤100
305982272814433,Jean Paul Garraud,Jean Paul Garraud,≤100
79566127213,Challenges,Challenges.fr,≤100
102001075501212,Moovance,Moovance,≤100
106554597767346,UNHCR France,UNHCR France,≤100
152835304742765,Les Petits Frères des Pauvres,Les Petits Frères des Pauvres,≤100
100140410085507,350 France,350 France,≤100
730681673751055,"Médicis, la mutuelle retraite des indépendants et entrepreneurs",Mediaplus France,≤100
120780477955028,Secours populaire,Secours populaire,≤100
840901192703231,Groupe Identité et Démocratie - France,Groupe Identité et Démocratie - France,≤100
147126052393,Libération,Libération,≤100
135590433555491,Diffuz Solidaire,MACIF,≤100
122940220789295,,These ads ran without a disclaimer,≤100
124821480532,Max Havelaar France,Max Havelaar France,≤100
176663393102,La Cimade,La Cimade,≤100
1684441541609223,Pour l'Éco,Pour l'Éco,≤100
173159234432,UNICEF France,UNICEF France,≤100
154912951193067,Médecins Sans Frontières / MSF,Médecins Sans Frontières,≤100
1772821689466244,E.Leclerc énergies,E.Leclerc énergies,≤100
910916945628993,Explore Découverte,Explore Media,≤100
1891306977793412,France Alzheimer et maladies apparentées,France Alzheimer et maladies apparentées,≤100
124635890909275,Apprentis d'Auteuil,Apprentis d'Auteuil,≤100
101840952495180,Common Good Summit,Challenges,≤100
1466667490217580,Arp Sélection,ARP Sélection,≤100
382775905162847,Unlock France,Agir pour le climat,≤100
1150185098382760,Fraternité générale,Fraternité générale,≤100
193941174044646,La Vingt-Cinquième Heure,La Vingt-Cinquième Heure,≤100
426832457756357,Mes Soutiens,ORIXA MEDIA,≤100
128938130499216,Fepem - Fédération des particuliers employeurs de France,FEPEM,≤100
364936960317601,Mondafrique,Mondafrique,≤100
139547456092649,Ufo Distribution,UFO,≤100
144248248998626,Vivre et Aimer France,Vivre et Aimer France,≤100
108961334029224,Ekō en français,Ekō,≤100
93745060700,CARE,CARE France,≤100
108287895472317,GRDF Occitanie et Nouvelle-Aquitaine,GRDF Occitanie et Nouvelle-Aquitaine,≤100
111813051744,ACTION ENFANCE,ACTION ENFANCE,≤100
105433001916166,Brut.Adnetwork,BRUT SAS,≤100
360872824739466,Fondation Française de l'Ordre de Malte,Fondation Française de l'Ordre de Malte,≤100
103804191671034,Tilt,"Tilt, une initiative de l'AFD",≤100
190767987677923,Institut Curie,Institut Curie,≤100
54568872127,Association Un enfant par la main,Un Enfant par la Main,≤100
113096307692289,ADF International France,ADF International,≤100
241694996718264,NF Habitat,Cerqual,≤100
1030528233746321,Le mouvement,le mouvement,≤100
543099962534877,Renaissance,Renaissance,≤100
155317537884626,Ordre de Malte France,Ordre de Malte France,≤100
201716123952571,Mon épargne et moi,Natixis Investment Managers,≤100
123674940994027,Revue Esprit,Revue Esprit,≤100
413401852112275,La Mie de Pain,LA MIE DE PAIN,≤100
1415350452093573,ONU Femmes France,ONU Femmes France,≤100
395919323779707,CRIF,Crif,≤100
754644594590474,Soulager mais pas tuer,Soulager Mais Pas Tuer,≤100
220098248063927,Samusocial de Paris,Samusocial de Paris,≤100
162383987105585,Association Valentin Haüy - AVH,Association Valentin Haüy - AVH,≤100
146613439195230,Michel-Edouard Leclerc,Michel-Edouard Leclerc,≤100
1851927498383009,Apnée Swimwear,Apnée Swimwear,≤100
403007780216717,En immersion,O tempora,≤100
618145235013084,Fondation Terre Solidaire,Fondation Terre Solidaire,≤100
566508133498745,Klorane Botanical Foundation,Klorane Botanical Foundation,≤100
161195923930797,Greenspace Paris,ULYSS CO,≤100
208868999155447,UNADEV - Union Nationale des Aveugles et Déficients Visuels,Union Nationale des Aveugles et Déficients Visuels,≤100
114015134286640,La Petite République,La Petite République,≤100
107952054291157,AED - Aide à l'Eglise en Détresse,AED - Aide à l'Eglise en Détresse,≤100
711744789193944,Axenergie,Axenergie,≤100
256197435586,Handicap International - Humanity & Inclusion,Handicap International - Humanity & Inclusion,≤100
376460652377147,Énergie Partagée,Énergie Partagée,≤100
154314278551,Union Syndicale Solidaires,Union Syndicale Solidaires,≤100
625616024204368,DIGNITE international,Dignite International,≤100
121693529673,Socialter,Socialter,≤100
108543658680802,Le mouvement Être-là,Être-là,≤100
1693054831006629,Plastic Odyssey,Plastic Odyssey,≤100
107741745508015,Éric Minardi,Eric Minardi,≤100
1802664446651790,Rouge Direct,Collectif Rouge Direct contre l’homophobie dans le sport,≤100
1091723164201031,TVCAT,Le Journal Catalan,≤100
106905277331650,Actu-Juridique.fr,Actu-Juridique.fr,≤100
499591003464356,Groupe Atlantic,Groupe Atlantic,≤100
475614645800988,Pour une santé solidaire – Solimut Mutuelle de France,Solimut Mutuelle de France,≤100
751124711611282,Pure by Valérie,These ads ran without a disclaimer,≤100
104696742452047,Impulsion Gaulliste,Impulsion Gaulliste,≤100
132391830300361,Mouvement Européen France - Gironde,Mouvement Européen France - Gironde,≤100
1395923650732430,Cycling Heroes,Cycling Heroes,≤100
244309777833,UCO Angers,Université Catholique de l'Ouest,≤100
763722197034246,En Développement,These ads ran without a disclaimer,≤100
100405989281079,Caisse de solidarité,Caisse de solidarité,≤100
196305677194732,Bastide Niel,Bastide Niel,≤100
138301850146155,AOC,AOC,≤100
101106058167117,Green Management School,MediaSchool Group,≤100
361835540609243,Les Papillons de Jour,Les Papillons de Jour,≤100
10653845964,Caisse d'Epargne,Caisse d'Epargne,≤100
194745373893883,Le Jour du Seigneur,Le Jour du Seigneur,≤100
677902065668703,Fondation des Femmes,Fondation des femmes avec des coupons publicitaires Facebook,≤100
179279165463695,Institut Catholique de Paris,Institut Catholique de Paris,≤100
543966612290222,AJC Paris,AJC Paris,≤100
293970490688629,François Alfonsi (Officiel),FAlfonsi,≤100
557139521084091,ICT Institut Catholique de Toulouse,Université Catholique de Toulouse,≤100
322525974467262,EFFICYCLE,EFFICYCLE,≤100
655718021425810,Pas d'animaux dans mon frigo,Pas d'animaux dans mon frigo,≤100
527351247377965,European Committee of the Regions,European Committee of the Regions,≤100
101188238869631,Initiatives,These ads ran without a disclaimer,≤100
444347906369155,Transitions et Énergies,These ads ran without a disclaimer,≤100
445410638866448,Jardins du Midi,These ads ran without a disclaimer,≤100
167266836718447,Chateau Brown,Château Brown,≤100
110772703722579,Christoff Roy,These ads ran without a disclaimer,≤100
312127148896464,BRITA France,These ads ran without a disclaimer,≤100
1620638098209175,SOS MEDITERRANEE France,SOS MEDITERRANEE France,≤100
164743920229688,AELO - Association Nationale des Elus Locaux d'Opposition,AELO - Association des Élus Locaux d'Opposition,≤100
140431706089748,Université Catholique de Lille,Université Catholique de Lille,≤100
112775250132602,Montel' Court Métrage,These ads ran without a disclaimer,≤100
101140202718284,MUSK Paris,These ads ran without a disclaimer,≤100
101442025614806,Chancellor,These ads ran without a disclaimer,≤100
113187447947452,Reconciliation Aurora,These ads ran without a disclaimer,≤100
108625789179165,Soi Dog Foundation,These ads ran without a disclaimer,≤100
150830641743673,Tomplay,These ads ran without a disclaimer,≤100
1183996195056831,Sentient,These ads ran without a disclaimer,≤100
106293082088835,iamfilipegouveia,These ads ran without a disclaimer,≤100