﻿Page ID,Page name,Disclaimer,Amount spent (BRL)
441467489336861,Prefeitura de Sinop,Prefeitura Municipal de Sinop,638
151189004972368,Panasonic Brasil,Panasonic Brasil,270
347460535353050,PNB Online,PNB Online,231
104625758942119,Siga Antenado,Siga Antenado,177
650190518395498,Fabio Garcia,FÁBIO PAULINO GARCIA,167
532437563912162,Prefeitura de Água Boa,Prefeitura de Água Boa,139
301774903545521,Brasil Paralelo,Brasil Paralelo,135
425350744240843,Comitê Internacional da Cruz Vermelha,Comitê Internacional da Cruz Vermelha,114
102765671561443,Seu Crédito Aprovado,These ads ran without a disclaimer,105
104431355234690,Minuto Escola,Um Minuto Produções Culturais LTDA,102
465235726843103,Ambev,Ambev,101
100261572206297,Coronel Assis,Virginia Silva,≤100
109684374217445,Aylon Arruda,Aylon Arruda,≤100
1960660980851902,Leiagora Portal de Notícias,PORTAL DE NOTICIAS LEIAGORA,≤100
175804982467404,Safernet Brasil,Safernet Brasil pago com créditos de anúncio do Facebook,≤100
175136909200706,Assembleia Legislativa do Estado de Mato Grosso,Assembleia Legislativa do Estado de Mato Grosso,≤100
182235818872744,Amália Barros,Amália Scudeler de Barros,≤100
607473536088707,Diego Guimarães,Deputado Diego Guimarães,≤100
198849783539777,Buscofem,Buscofem,≤100
136984123032921,Mercedes-Benz Brasil,Mercedes-Benz Brasil,≤100
1573742939554561,Deputado Botelho,Deputado Botelho,≤100
810484929045349,BNDES,These ads ran without a disclaimer,≤100
1962626790720530,Beto Dois a Um,Beto Dois a Um,≤100
401673676620654,Jayme Campos,Jayme Campos,≤100
159103797542,Greenpeace Brasil,Greenpeace Brasil,≤100
333720355130,Petrobras,Petrobras,≤100
257250264610736,Be8,Be8,≤100
608128582573914,Roberto Dorner,Roberto Dorner,≤100
526631071185576,Sapicuá Rádio News,Sapicuá Comunicação,≤100
224021551012451,Gerando Falcões,Gerando Falcões,≤100
358687161234,Proteção Animal Mundial,Sociedade Mundial de Proteção Animal - WSPA BRASIL,≤100
1012400938779084,Juventino Silva,Juventino Silva,≤100
695502267317551,Ranielli Lima,Ranielli Patrick Arruda Lima,≤100
108530854854863,Transmitindo,TRANSMITINDO.COM.BR,≤100
404466369619965,Márcio CaneLLa,Márcio CaneLLa,≤100
101230328792183,Portal Concursos & OAB,PORTAL CURSOS PREPARATORIOS E OAB LTDA,≤100
181428595805587,Jhonatan Anfilofev,Jhonatan Anfilofev Faria,≤100
141670129347094,Elizeu Nascimento,Elizeu Nascimento,≤100
101690451897037,Prefeitura Cocalinho MT,Prefeitura Cocalinho MT,≤100
101189854802059,Revista Oeste,Revista Oeste,≤100
330379553673497,Oxfam Brasil,Oxfam Brasil,≤100
100130959650994,Rodrigo Amorim,These ads ran without a disclaimer,≤100
105821366170914,PT - Partido dos Trabalhadores,Partido dos Trabalhadores,≤100
165175370206522,Citi Brasil,Citi Brasil,≤100
102856342511936,ICL Notícias,Instituto Conhecimento Liberta,≤100
113849850445856,Prefeito Leocir Hanel,Leocir Hanel,≤100
1686950021551901,Meio,Canal Meio S.A.,≤100
104173331283033,Mario Sugizaki,Mario Sugizaki,≤100
1501236886772782,Wellington Fagundes,Wellington Antonio Fagundes,≤100
100992545589724,Gigante 163,Gigante 163,≤100
265418896861350,A Tribuna MT,A Tribuna MT,≤100
471542526362059,Fetec PR - Federação dos/as Trabalhadores/as em Empresas de Crédito do PR,Fetec PR - Federação dos/as Trabalhadores/as em Empresas de Crédito do PR,≤100
168865359819628,NOVO 30,Partido Novo,≤100
1498647100170828,Prefeitos do Futuro,Prefeitos do Futuro Cursos e Treinamentos LTDA,≤100
201878973201295,Republicanos10,Republicanos10,≤100
105527742878890,Prefeitura do Recife,Prefeitura do Recife,≤100
258088921369,TOTVS,TOTVS,≤100
145608108896911,Frente Parlamentar da Agropecuária - FPA,Instituto Pensar Agropecuária,≤100
224777780881144,Visão Mundial,Visão Mundial,≤100
102046893217762,Escola de Negócios e Seguros,Escola de Negócios e Seguros,≤100
193719533998484,Fundação Fernando Henrique Cardoso,Fundação FHC,≤100
541089776080092,Sanofi Brasil,Thaina Souza De Campos,≤100
185875761943,MDB Nacional,MOVIMENTO DEMOCRÁTICO BRASILEIRO,≤100
163893463708223,Marcelo Vitorino,Vitorino & Mendonça,≤100
104738421003389,InvestNews BR,Nubank,≤100
126491270729748,Childhood Brasil,Childhood Brasil,≤100
175072079887754,Sindicatos Online,Sindicatos Online - SON,≤100
367468876929300,Instituto Avon,AVON COSMETICOS LTDA,≤100
182064641809329,Professor Rodrigo Menezes,These ads ran without a disclaimer,≤100
101687831462814,"Rodrigo Andrade, A Real Mudança",Rodrigo Andrade,≤100
291482090931929,Professora Dorinha,Professora Dorinha,≤100
488522157948560,Sebastião Rezende,Sebastiao Machado Rezende,≤100
2323904661180742,All Out Brasil,All Out,≤100
112208748024338,Agência Rockn - Marketing de Resultados,Carlos Bomfim,≤100
105520569004820,Absolar Comunica,Associação Brasileira de Energia Solar Fotovoltaica,≤100
235356953965179,Senador Jaime Bagattoli,Senador Jaime Bagattoli,≤100
1767220630177139,Animal Equality Brasil,Animal Equality Brasil,≤100
7970426802,WWF-Brasil,WWF-Brasil,≤100
393466617381710,Vetor Brasil,Vetor Brasil,≤100
517712008679531,Helio Lopes,Helio Lopes,≤100
1632845003624410,Lúcio Sorge,Lucio Sorge,≤100
1375923992628363,Rodrigo Manga,Rodrigo Manga,≤100
103546759205529,Portal Patriota Notícias,Portal Patriota Notícias,≤100
111186368956008,Academia Brasileira de Direito Constitucional,ABDConst,≤100
110225312350543,Nova Escola,Associação Nova Escola,≤100
114248903470049,Frente Parlamentar Mista da Medicina,Frente Parlamentar de Medicina,≤100
179837479250006,Marcelo Lino,Marcelo Lino Da Silva,≤100
534805630341699,Idecan Oficial,"INSTITUTO DE DESENVOLVIMENTO EDUCACIONAL, CULTURAL E ASSISTENCIAL NACIONAL",≤100
118678938210868,SIMPI,SIMPI,≤100
109789152161,Sou da Paz,Sou da Paz,≤100
474659352681433,Scaff,JOSE ANTONIO SCAFF FILHO,≤100
465508674236677,Edmar Ptak,Edmar Ptak Guimaraes,≤100
998620913587874,TC,TC TRADERS CLUB SA,≤100
285083994905681,MDB Mulher Nacional,MOVIMENTO DEMOCRATICO BRASILEIRO BRASIL BR NACIONAL,≤100
104553347942750,Eder Borges,Eder Fabiano Borges Adao,≤100
102278674918224,Democracia Beta,Tukey Data,≤100
123890651548764,Roche Brasil,These ads ran without a disclaimer,≤100
363140553718136,Epoch Times Brasil,EPOCH TIMES BRASIL LTDA,≤100
1931965243746616,Professora Rita Gonçalves,Inovart Cursos e Treinamentos,≤100
109623061490802,MRV&CO,These ads ran without a disclaimer,≤100
103039778175459,Hospitais PROADI-SUS,Hospital Sírio-Libanês,≤100
278302786159112,Aleomar Rezende,These ads ran without a disclaimer,≤100
678761768950811,Luiz Philippe de Orleans e Bragança,Luiz Philippe de Orleans e Bragança,≤100
172444996112900,Fundo Brasil,Fundo Brasil,≤100
228301373863551,Agência Pública,Agência Pública,≤100
187970114581051,Anistia Internacional Brasil,Anistia Internacional Brasil,≤100
108147365877214,Canal Futura,Fundação Roberto Marinho,≤100
107926134331509,Hemerson Máximo,Hemerson Máximo,≤100
1593214337620524,Tecnegócios,Tecnegócios,≤100
107449552324057,Projeto Vereador Vitorioso,Vereador Vitorioso,≤100
108015435927747,FAS - Fundação Amazônia Sustentável,Fundação Amazonia Sustentável,≤100
962615323779536,Progressistas,Progressistas,≤100
102125106172641,Partido Artigo Um,PARTIDO ARTIGO UM,≤100
111326818564734,Projeto Opaoma,Camila Capel,≤100
104161123005913,Fundação Tide Setubal,Fundação Tide Azevedo Setubal,≤100
1111649495517188,Dilemário Alencar,Dilemario Do Vale Alencar,≤100
102496816095781,Ana Sophia,These ads ran without a disclaimer,≤100
266360393867344,Dr. Zacharias Calil,Zacarias Calil Hamu,≤100
107925254152455,Redação Amazônia,REDAÇÃO AMAZÔNIA,≤100
1165488993512231,Nossas,NOSSAS,≤100
108471434102975,Karina Soltur,Karina Celeste Moura,≤100
114545680471703,Pedro Quintanilha - Mentalidade Empreendedora,Eduardo Lima Ferreira,≤100
118869841134222,Jornal Ponto Mais,Jornal PONTO MAIS,≤100
364736787037906,Professor João Paulo Oliveira,Professor João Paulo Oliveira,≤100
128802790469337,Todos Pela Educação,Todos Pela Educação,≤100
555465644539300,Rosa Fernandes,ROSA MARIA ORLANDO FERNANDES,≤100
226121024066240,WRI Brasil,WRI Brasil,≤100
109533430905852,Alcides Cardoso,Alcides Cardoso - Vereador do Recife,≤100
109549125376753,selogreentex,These ads ran without a disclaimer,≤100
610036125809616,Portal Lunetas,These ads ran without a disclaimer,≤100
263199020531986,JOTA,JOTA,≤100
257892251023945,"Paizinho, Vírgula",These ads ran without a disclaimer,≤100
1313633058744565,Impulsiona,Instituto Península,≤100
149518311835447,Renata Bueno,Renata Bueno,≤100
1673812422880277,Vereador Patrick Machado,Patrick Hernandes Machado,≤100
540774879289725,Vereador Daniel Carvalho,Vereador Daniel Carvalho,≤100
540247616482635,Nohs Somos,Nohs Somos,≤100
102138423231691,Revista Semana Online,Revista Semana On,≤100
391175961040598,ADE SAMPA,ADE SAMPA,≤100
110541055320579,Gotas da Índia,jessica gomes da silva,≤100
135611223190336,ClimaInfo,Instituto ClimaInfo,≤100
249234728494873,Fernando Lopes 7,These ads ran without a disclaimer,≤100
410655005626777,Deputado Federal Lincoln Portela,Lincoln Portela,≤100
100726279078323,Cristiano Beraldo,Cristiano Beraldo,≤100
203666372980545,CDL Jovem,These ads ran without a disclaimer,≤100
100475615641105,PHVox,PHVox LTDA,≤100
500679196780578,Instituto Ekos Brasil,Instituto Ekos Brasil,≤100
106063862426200,nelsoncanedoadvogado,Nelson Canedo Motta,≤100
105734882438446,Projeto Banco de Alimentos e Agricultura Urbana,Projeto Banco de Alimentos e Agricultura Urbana,≤100
127421414469102,Thiago Filomeno,Thiago Filomeno,≤100
241839765912021,Estratégia Concursos,ESTRATÉGIA CONCURSOS SA,≤100
177115472342855,Deputado Padovani,Deputado Padovani,≤100
107497344549222,Frente Socialista Conservadora,Marden Samuel Ribeiro Pires,≤100
101223071616706,Insight Inteligência,Insight Comunicação,≤100
174484159375323,Desenrola e Não Me Enrola,These ads ran without a disclaimer,≤100
391477497562861,Danilo Forte,Vida Mkt Digital,≤100
105631062461648,Eleitoral com Carla,Eleitoral com Carla,≤100
509162699273725,Raphael Braga,These ads ran without a disclaimer,≤100
504148936286853,Data Goal,Data Goal,≤100
1504580766531518,Mulheres Progressistas,PROGRESSISTAS - BRASIL - BR - NACIONAL,≤100
242062609325601,Agenda 227,ANDI AGENCIA DE NOTICIAS DOS DIREITOS DA INFANCIA,≤100
103370505798848,Político Online,Abel Ribeiro,≤100
103779715064518,Uma Concertação pela Amazônia,Instituto Arapyaú de Educação e Desenvolvimento Sustentável,≤100
109597815616,VEJA,Revista Veja,≤100
115353566935368,Vereador Edinho Rodrigues,Nilceli Ferreira Rodrigues,≤100
106040261559088,Alex Sandro Perez Santos - Teologo,Alex Sandro Perez Santos,≤100
110198205136477,Yandra Moura,Yandra Moura,≤100
102275945221840,Portal Tucumã,Portal Tucumã,≤100
337480196266910,Federação Nacional dos Policiais Rodoviários Federais,Federação Nacional dos Policiais Rodoviários Federais,≤100
172154116311925,Sindserv Santos,Sindserv Santos - Sindicato dos Servidores Públicos Municipais de Santos,≤100
689112307868644,Aleks Palitot,Aleksander Allen Nina Palitot,≤100
607132912643479,Imaflora Brasil,Imaflora Brasil,≤100
103038062788322,Jéssika Rainha,These ads ran without a disclaimer,≤100
102608921424015,Confederação dos Servidores Públicos do Brasil - CSPB,Confederação dos Servidores Públicos do Brasil - CSPB,≤100
124600732785757,Pela Cidadania,Pela Cidadania,≤100
290789094362628,Beto Cambará - Egberto Lazari,Egberto Celeste Lazari,≤100
656965247684115,Zequinha Marinho,Zequinha Marinho,≤100
113507215403008,Câmara Municipal de São Paulo,Câmara Municipal de São Paulo,≤100
1024840290996769,Lucas Pimenta,Lucas Pimenta,≤100
490701078098794,Vera Lins,Vera Lins,≤100
102906982660318,Alessandra Nogueira_AN_moda evangélica,These ads ran without a disclaimer,≤100
2544666325578449,Eleja.se,Eleja.se,≤100
101680426064578,redemulheresnegrasnordeste,These ads ran without a disclaimer,≤100
107742651063250,Academia de Pesquisa,Academia Brasileira de Formação e Pesquisa,≤100
103152649270075,advogadofelipealcazar,These ads ran without a disclaimer,≤100
476012199439532,Dr. George Lins,George Augusto Monteiro Lins de Albuquerque,≤100
1459364967727482,Comunidade de Silvicultura,Comunidade de Silvicultura,≤100
101698949133179,Thais Cassano - Bequal,Thais Cassano - Bequal,≤100
269241493284995,Movimento Passione Italia,Renata Bueno,≤100
365940230709015,Fatec Osasco - Prefeito Hirant Sanazar,Stefania Felix Dos Santos,≤100
117887268905407,Jorge Luis Dias,Edivaldo Rossetto,≤100
523207624399182,Fras-le,These ads ran without a disclaimer,≤100
179856875529257,Padre João,Candidato a deputado Federal Padre João,≤100
196791070788913,Robson Zanetti Advogado,Robson Zanetti,≤100
1551843481731206,Jessé Sangalli,Jessé Sangalli,≤100
161406070640025,Educação e Território,Cidade Escola Aprendiz,≤100
100609289490982,quandotudomudou_,These ads ran without a disclaimer,≤100
112140536901513,Wesley Mendonça,Wesley Eduney Mendonça,≤100
100681056301767,Fique Por Dentro Podcast,These ads ran without a disclaimer,≤100
1447952841927705,Eduardo Augusto Advogado,These ads ran without a disclaimer,≤100
104286688532268,Galvão e Rodella Assessoria e Advocacia,These ads ran without a disclaimer,≤100
103483818151512,Janaina Castro,Janaina Castro,≤100
394949217200772,Secretaria de Estado da Saúde de Santa Catarina,Secretaria de Estado da Saúde de Santa Catarina,≤100
582678941809143,Delegada Martha Rocha,Martha Mesquita Da Rocha,≤100
118911407806631,Priscila Cruz,These ads ran without a disclaimer,≤100
111006700550820,Cenarium Amazônia,Cenarium Agência de Notícias Ltda,≤100
470694129628477,Sindesc RS,Sindesc RS,≤100
107733877624846,Diego Nasato,Diego Nasato,≤100
102551538798020,Historiadelas,Historiadelas,≤100
213048568820524,Vereador Paulo Frange,Rodrigo Carvalho,≤100
1321564147955463,Dorinaldo Malafaia,Dorinaldo Malafaia,≤100
105019188508288,Diego Vaz,Diego Vaz,≤100
106168771144813,Ibitu Energia,These ads ran without a disclaimer,≤100
109354687306376,Instituto Conhecimento Liberta,Instituto Conhecimento Liberta,≤100
104450601646113,TriCommerce Plataforma de E-commerce,These ads ran without a disclaimer,≤100
104807052460800,jvamaraltv,These ads ran without a disclaimer,≤100
103860934882269,Andreia Siqueira,Andreia Siqueira,≤100
191158547728051,Centro de Referências em Educação Integral,Cidade Escola Aprendiz,≤100
103337752681343,altaculteditora,These ads ran without a disclaimer,≤100
103490448842357,trassus.ufc,These ads ran without a disclaimer,≤100
105272681286037,Socorro Nogueira 2,Socorro Nogueira 2,≤100
102449285907818,Genio Carbon,Genio Carbon,≤100
115957258099159,Bruno Pedralva,Bruno Abreu Gomes,≤100
122913277459737,,Mamães Informadas.,≤100
101861558220747,One Passion Mission,One Passion Mission,≤100
1918975364834957,Política Itapira e Região,Ionice Bezerra Silva Da Cruz,≤100
644691802244395,Bordalo,Carlos Bordalo,≤100
420272671479041,Do Carmo,Do Carmo,≤100
1008846355811866,Lincoln Reis,Lincoln Aparecido Soares Dos Reis,≤100
108177195235128,Carbono 0,Carbono 0,≤100
106084098344364,Raimundo Rego  - Defensor do Meio Ambiente,Expedito Raimundo Do Rego,≤100
1490922331155430,Unicursos Curitiba,UNICURSOS CAPACITAÇAO E TREINAMENTOS LTDA,≤100
102587075564882,Advogados de Saúde,These ads ran without a disclaimer,≤100
344990182510037,Mitsidi,Mitsidi,≤100
111241944518289,Cristãos na Política,Instituto Dankemo,≤100
108647511952217,Mgb.dp consultoria trabalhista,These ads ran without a disclaimer,≤100
123884341029248,João Jorge,JOÃO JORGE DE SOUZA,≤100
611089352393703,Rosangela Donadon - Deputada Estadual,Rosangela Henrique Pereira Donadon,≤100
100906838980235,filhas_delilith,These ads ran without a disclaimer,≤100
742953452388577,Chico Holanda Filho,Francisco Holanda Costa Filho,≤100
1050191998469832,Nativismo - Fenomeno Social Gaúcho,Jeandro Garcia,≤100
1703010579956133,Eleições 2024 - Cursos Online,Curso Eleitoral,≤100
101933305564897,Promic,Riole,≤100
132804480113814,PwC Brasil,Pedro Martins,≤100
1395013197441419,Márcio Honaiser,Márcio Jóse Honaiser,≤100
103536864945166,Jornal Brasil Popular,Cielito Rebelatto Junior,≤100
454225234639209,Vereadora Edir Sales,Edir Sales,≤100
210467206143608,Portal de Prefeitura,Portal de prefeitura,≤100
540623862669654,Deputado José Américo,José Américo DIas,≤100
105935022486768,mobilidadeurbana2023,These ads ran without a disclaimer,≤100
506417589696816,Asbraf,ASBRAF,≤100
108817587605831,Vereador Adriano Reinhardt - Chicão,Vereador Adriano Reinhardt - Chicão,≤100
106978579032886,João Pedro,These ads ran without a disclaimer,≤100
1694222100834813,Marcos Marques,Marcos Marques,≤100
108891514083852,Buiu do Povo,Nazareno Da Silva,≤100
131030111692902,Cirion Brasil,Cirion Brasil,≤100
101756249126836,Versatil,Versatil,≤100
142554534656858,Magrini Advogados,Magrini Law,≤100
101924887912509,Instituto Princesa Benedikte,These ads ran without a disclaimer,≤100
196548557024498,FACESP - Federação das Associações Comerciais do Estado de São Paulo,Facesp,≤100
103479965856405,_silmaracarletti,These ads ran without a disclaimer,≤100
147258388715323,Fundação Luterana de Diaconia (FLD),Fundação Luterana de Diaconia,≤100
105424867935532,cah_motta,These ads ran without a disclaimer,≤100
127279944041291,Cidadão Alerta,Ivo Araujo,≤100
177870362290375,GAPC - Grupo de Apoio a Pessoas com Câncer,G.A.P.C - Grupo de Apoio a Pessoas com Câncer,≤100
198244687300451,Radio Aurora,Germando Santos,≤100
109200121726228,janemoghames,These ads ran without a disclaimer,≤100
127789930632668,Conectas Direitos Humanos,Conectas Direitos Humanos,≤100
1079177425442635,ZeG Advocacia Popular,These ads ran without a disclaimer,≤100
320741841325616,ZonaCurva,Fernando Do Valle Barbosa,≤100
109311714699813,Canuto e Lucena Sociedade de Advogados,Canuto e Lucena Sociedade de Advogados,≤100
126411104226956,APPH - Associação de Pesquisas e Práticas em Humanidades,Associação de Pesquisas e Práticas em Humanidades,≤100
458055717567581,Márcio Bernardes,Rafael Seabra Santos Giannella,≤100
2329144350643027,Caru vip.,Tomaz Costa Da Silva,≤100
520803328039440,Recicla Sampa,Eco Urbis e Loga,≤100
478752158813845,Maurício Eskudlark Deputado,Assinatura Do Titular,≤100
216302945094085,Condsef,Confederação dos Trabalhadores no Serviço Público Federal (Condsef),≤100
622780267781036,Janeiro Branco,LEONARDO ABRAHÃO PIRES REZENDE,≤100
103815102693382,Camila Dias,These ads ran without a disclaimer,≤100
109081972143628,Valorize quem constrói o Paraná,Associação Entidades Representativas dos Servidores Estaduais do Paraná,≤100
104539604486229,Abatenio Marquez,Abatenio Marquez,≤100
111072768573924,Consciência Brasil São Paulo,Felipe Gabriel Coelho Gomes,≤100
267146793788529,Sem Parar Empresas,Sem Parar Empresas,≤100
102671359046611,Juliana Moreira Leite,These ads ran without a disclaimer,≤100
108063308809488,saude.mental.importa_,These ads ran without a disclaimer,≤100
1731257107093456,Prof Helton Kramer,Helton Kramer Lustoza,≤100
208130464554022,Urbem Brasil,These ads ran without a disclaimer,≤100
158894974200303,Vitor Lippi,Vitor Lippi,≤100
112253460546531,alineafranca.psi,These ads ran without a disclaimer,≤100
103144322590026,Prepara SUS,These ads ran without a disclaimer,≤100
456485074374104,Sindipetro SP,SINDICATO DOS TR NAS IN DE EX PE PR RE DE AR DI E TRA ATRAVES DE DU E IM DE PE DE E SI DOS EST DE SP GO E D FEDERAL,≤100
265312144321652,Patriarca-Cidadania Italiana,Giuliana Callia,≤100
105963102490292,,These ads ran without a disclaimer,≤100
923714814461600,Fun Marketing e Eventos,These ads ran without a disclaimer,≤100
346310442792181,Vereador Ramon Alexandre,Ramon Araujo,≤100
103886541282774,João Morales,João Morales,≤100
107284055290696,Júlio Rufino,Júlio Rufino,≤100
1607137006018114,Jeferson Careca,These ads ran without a disclaimer,≤100
498014350311141,Inox-par,These ads ran without a disclaimer,≤100
105192238733153,Panfletos.online.br,Panfletos.online.br,≤100
108726882200842,Iceberg Podcast,Alexandre Santos Prates,≤100
109770755848061,Suzano,Suzano SA,≤100
100230636059140,Tv Cidade online,Tv Cidade online,≤100
101573566125468,,These ads ran without a disclaimer,≤100
104181968939579,Portugues Com Ab,These ads ran without a disclaimer,≤100
116001934691161,psico_giovannasaadg,These ads ran without a disclaimer,≤100
112260971515571,ESG Academy,WAYCARBON SOLUCOES AMBIENTAIS E PROJETOS DE CARBONO S.A.,≤100
692979200773210,Loja Doria Miranda,These ads ran without a disclaimer,≤100
104163104985602,Edvânia Voitzszn,These ads ran without a disclaimer,≤100
700360840056005,Robertinho Mendonça,JOSE MENDONÇA,≤100
1544903485815344,Carla Ayres,Vereadora Carla Ayres,≤100
105571535088309,Pará Terra Boa,Pará Terra Boa,≤100
110635016987497,Refúgio 343,ASSOCIACAO REFUGIO 343,≤100
181943989082300,Congresso Brincar,Congresso Brincar,≤100
971716929540046,Rubinho Nunes,Rubens Alberto Gatti Nunes,≤100
1737308239666824,Janad Valcari,Janad Marques De Freitas Valcari,≤100
141306599301670,ChildFund Brasil - Fundo para Crianças,These ads ran without a disclaimer,≤100
191591598062172,Duda Ramos,Duda Brito Ramos,≤100
268802879881105,Movimento Democracia Pura,Movimento Democracia Pura,≤100
355228194687560,Grupo Rohden,These ads ran without a disclaimer,≤100
1703820879881222,Vereador Thiago Rodrigues,Thiago Rodrigues Alves,≤100
113650866857533,Diversitera,Diversitera,≤100
101318385015629,Alessandra Monteiro de Castro,These ads ran without a disclaimer,≤100
101321981647613,Instituto Montese,Instituto Montese,≤100
108290921777924,vininunesdesigner,These ads ran without a disclaimer,≤100
183645365602945,Ricardo Oliveira,Edson Oliveira,≤100
105074128983564,Dra Giani Cezimbra,These ads ran without a disclaimer,≤100
344930808968007,Leonardo Amarante Advogados Associados,Leonardo Amarante Advogados Associados,≤100
112383573481749,Karen Cherem Advocacia,These ads ran without a disclaimer,≤100
599004516880467,ABRIG - Associação Brasileira de Relações Institucionais e Governamentais,Associação Brasileira de Relações Institucionais e Governamentais,≤100
165592640248411,Marcello Barbosa,Marcello Barbosa,≤100
118714187878648,,These ads ran without a disclaimer,≤100
271292143368224,Parola comunicação,Parola Comunicação,≤100
488979144560708,Paulo Landim,Paulo Landim,≤100
112383595072015,Cruvinel & Cagliari Advogadas,These ads ran without a disclaimer,≤100
529329863774866,Africas,Carteira Nacional De Habilitacao Driver Permiso De Conduccion,≤100
104723245740603,Dr Gilberto Bento Jr,Vinicius Da Silva,≤100
102529859430804,Método Fast IA,Método Fast IA,≤100
121433640937107,investimentosxds,These ads ran without a disclaimer,≤100
492814677448587,Eno Cultura,These ads ran without a disclaimer,≤100
108069841052291,Juninho Poceiro,Claudio Evangelista Da Silva Junior,≤100
170773429643671,"Rádio Alvorada FM 94,9",Rádio Alvorada,≤100
486208704738080,Cepac Barueri,These ads ran without a disclaimer,≤100
110086304589777,leonpinho,These ads ran without a disclaimer,≤100
114706828283568,rei.dacarapreta,These ads ran without a disclaimer,≤100
100365228826858,,These ads ran without a disclaimer,≤100
112052651506388,Vivamadeira,These ads ran without a disclaimer,≤100
100179331628326,Vereadora Meiranny Reis,Vereadora Meiranny Reis,≤100
1623079434589666,Memed,Memed,≤100
251235795032635,Itamar Borges,Itamar Borges,≤100
106206361334270,Marketing Político de Conteúdo,Samuel Jacques,≤100
123811630703568,,These ads ran without a disclaimer,≤100
186490914859729,TND Brasil,These ads ran without a disclaimer,≤100
114206753574760,Fernando Moura,FERNANDO MOURA,≤100
1578235319127195,Seiko Brasil,ORIENT RELOGIOS DA AMAZONIA LTDA,≤100
109785372399873,IAB - Instituto dos Advogados Brasileiros,Instituto dos Advogados Brasileiros,≤100
2154949058149576,Cássio Gois,Cássio Gois,≤100
110704388689271,,Joao Ubaldo Soares Barbosa,≤100
1347323285284021,Fenamp,FENAMP,≤100
100217516152889,Marussa 1555,Marussa Boldrin,≤100
102040742347681,apoiodepama,These ads ran without a disclaimer,≤100
943683515649940,Luciano Silveira,Luciano Silveira,≤100
197940137267828,Luiz Zacarias,Luiz Zacarias,≤100
100440424845197,Advocacia Previdenciária do zero - Prof. Thony Rennan,These ads ran without a disclaimer,≤100
343135499793063,Jackson Leitte,Jackson de Souza Leite,≤100
1754459134825749,BMA - Barbosa Müssnich Aragão,These ads ran without a disclaimer,≤100
101928459402878,Show Money,NATURALE HEALTH PRODUTOS NATURAIS,≤100
100282193374677,intelbras,These ads ran without a disclaimer,≤100
102088105511034,Marcia Renckel,Marcia Renckel,≤100
380052862365041,Bianca Feijó,These ads ran without a disclaimer,≤100
510879486315790,Rogéria Quaresma,These ads ran without a disclaimer,≤100
239665829565195,Cidade de São Paulo,Prefeitura da Cidade de São Paulo,≤100
102153994985703,William Meira,William Mendes da Rocha Meira,≤100
104625758942119,Siga Antenado,"ASSOCIACAO ADMINISTRADORA DA FAIXA DE 3,5 GHZ - EAF",≤100
102711812463549,sustenare,These ads ran without a disclaimer,≤100
492242434209344,Robinson Almeida,Robinson Santos Almeida Deputado Estadual,≤100
106177618923389,Uniodontoms,Uniodonto Mato Grosso do Sul,≤100
113401851693860,Política Sincera,Política Sincera,≤100
102771642332042,olhares_e_escutas,These ads ran without a disclaimer,≤100
107097005612381,Marcus Reis Advocacia,These ads ran without a disclaimer,≤100
106051899022508,leticiafajardofilosofia,These ads ran without a disclaimer,≤100
113207251733263,Legislativo na Pratica,Instituto Dankemo,≤100
1486073258275763,Anonymous Brasil,These ads ran without a disclaimer,≤100
106994165476998,Espaço Vita Sabin Sinai,These ads ran without a disclaimer,≤100
119919573133150,Cristiano Silva,Cristiano Silva,≤100
262829777095884,Rodrigo Ashiuchi,Rodrigo Kenji De Souza Ashiuchi,≤100
234511358824,Planeta de Livros Brasil,These ads ran without a disclaimer,≤100
103613762696053,Gestão Empresarial Chapada Diamantina,These ads ran without a disclaimer,≤100
107147181868980,Nave do Conhecimento Engenhão e Museu Olímpico e Paralímpico,Nave do Conhecimento Engenhão e Museu Olímpico e Paralímpico,≤100
151449361629078,Pullman Sao Paulo Ibirapuera,These ads ran without a disclaimer,≤100
132804480113814,PwC Brasil,These ads ran without a disclaimer,≤100
104462505735163,sandramedeirosadvogada,These ads ran without a disclaimer,≤100
101283242903325,afrobrasileiragem,These ads ran without a disclaimer,≤100
104976062011203,Maria Fernanda,These ads ran without a disclaimer,≤100
111498884648739,Instituto Cultural Vale,Instituto Cultural Vale,≤100
425657721167160,Vereador Prof Romes,Romes Antonio Da Silva,≤100
326021680886067,ACDC / CTC,ACDC / CTC,≤100
288660317927031,Prefeitura Municipal de Araçatuba,PREFEITURA MUNICIPAL DE ARAÇATUBA,≤100
114966518208330,Dra Amanda,These ads ran without a disclaimer,≤100
304936020107271,Abidan Henrique,Abidan Henrique,≤100
241341789311306,Sistema OCB,These ads ran without a disclaimer,≤100
157912844276400,Governo da Bahia,Governo da Bahia,≤100
155376544528599,Luiz Cirilo,Luiz Henrique Cirilo,≤100
220778897969256,Zeca Dirceu,Zeca Dirceu,≤100
408005132614350,Vereador Sérgio Santana,Sergio Santana,≤100
636206153090073,Márcio Araújo,Márcio Araújo,≤100
168785339932466,Câmara Municipal de João Pessoa,Câmara Municipal de João Pessoa,≤100
425928464423345,Alecio Espinola,Alecio Espinola,≤100
107555062311720,Jessica Guimarães Santos,Renan Jobim Gomes Netto,≤100
1720125068073321,Flávio Arns,Flávio Arns,≤100
169743843175117,Bruno Ganem SP,Bruno Ganem,≤100
106537248314817,Programa 4 por 4,These ads ran without a disclaimer,≤100
263563620333111,Eduardo Braga,Carlos Braga,≤100
2251460281787967,Projeto Living,These ads ran without a disclaimer,≤100
109664575282672,,These ads ran without a disclaimer,≤100
546865738685056,DR. ALCEU Vereador,Dr. Alceu vereador,≤100
102090164567824,Adnan El Sayed,Adnan Abdallah El Sayed,≤100
254090891357320,Sindicato dos Policiais Federais de Santa Catarina - Sinpofesc,These ads ran without a disclaimer,≤100
2016641191899819,Bruno Ganem - Indaiatuba,Bruno Ganem,≤100
658557104292465,Luciana Boiteux,Luciana Boiteux,≤100
122174394195221,brunoguilhermedemenezes,These ads ran without a disclaimer,≤100
101728765218006,Prefeitura de Tapejara RS,Prefeitura de Tapejara RS,≤100
102735558714539,Valter Soares Saboia,Valter Saboia,≤100
183615648955498,Jacque Parmigiani,Jacqueline Parmigiani,≤100
599425484255026,Prefeitura Municipal de Castilho,Prefeitura Municipal de Castilho,≤100
1598331287132119,Professor Riverton,Riverton Francisco De Souza,≤100
186029714861523,Dr. Valdomiro Lopes,Valdomiro Lopes,≤100
147602452055904,Queiroz do Povo,ELEICAO 2022 FRANCISCO DE QUEIROZ BARBOSA DEPUTADO ESTADUAL,≤100
110263025396519,,These ads ran without a disclaimer,≤100
155512901189760,Umbanda EAD,These ads ran without a disclaimer,≤100
479089705503936,Dep. Ricardo França,Ricardo Longatti França,≤100
1626742084138856,Leandro De Jesus,Leandro Jesus,≤100
207625445917337,Odelmo Leão,Odelmo Leão Carneiro Sobrinho,≤100
103217142443227,nucleomaterno,These ads ran without a disclaimer,≤100
163852833738546,Vinicius Camarinha,Vinicius Camarinha,≤100
556314771206021,Marlon Neves Contagem,Marlon Neves Contagem,≤100
118558464851986,ACTbr,ACTbr,≤100
100270759072188,Gil Arantes,Gilberto Macedo Gil Arantes,≤100
111460555610130,Associação Vitória em Cristo,These ads ran without a disclaimer,≤100
914583768662071,Murilo Coghi,Murilo Coghi,≤100
272187756285586,Chico Brasileiro,Francisco Lacerda Brasileiro,≤100
768096813338330,Sérgio Tobias,Sérgio Tobias,≤100
686957961352670,Deputado Estadual Cairo Salim,Cairo Salim,≤100
114755414556788,Fernando Braide,Fernando Salim Braide,≤100
171195123041624,Federação Goiana de Municípios - FGM,Federação Goiana de Municípios - FGM,≤100
1594912660746072,Renato Oliveira,Francisco Renato De Oliveira Vieira,≤100
292780334633,International Christian Embassy Jerusalem (ICEJ),These ads ran without a disclaimer,≤100
185652704861747,Bosch Global,These ads ran without a disclaimer,≤100
165942654136947,Anelise Helena Leite Taleb,These ads ran without a disclaimer,≤100
1107421099410027,TFP Student Action - Europe,These ads ran without a disclaimer,≤100
101165605992292,Amigos da Palestina,These ads ran without a disclaimer,≤100