﻿Page ID,Page name,Disclaimer,Amount spent (CLP)
108922248816222,Secretaría de Participación Ciudadana,Secretaría de Participación Ciudadana,1971
228557190541436,BancoEstado,BancoEstado,≤100
580663538777736,Consejo Minero,Feedback Comunicaciones,≤100
78617029137,Greenpeace Chile,Fundación Greenpeace Pacífico Sur,≤100
103030962615298,Chile YAAC,Chile YAAC,≤100
198921630648476,Vidrios Lirquén,Vidrios Lirquen,≤100
103952288758680,Por nuestro Chile,ONG FIMA,≤100
105783868682878,Asistencia Tesorería,Asistencia Tesoreria,≤100
386634201382499,Marco Enriquez-Ominami,Marco Enríquez-Ominami,≤100
386423238164424,Enel Chile,Enel Chile,≤100
100714821561761,Tenemos que Hablar de Chile,Tenemos que Hablar de Chile,≤100
108557574347706,Fundación Conecta Mayor,Fundación Conecta Mayor,≤100
181189911970230,Alberto Undurraga V,Alberto Undurraga V,≤100
145925692108470,Educación Continua UC Temuco,UNIVERSIDAD CATÓLICA DE TEMUCO,≤100
100622491799515,Sara ConchaSmith Diputada Ñuble,Sara ConchaSmith Diputada Ñuble,≤100
1078394702212388,Programa Adulto Mayor UC,Programa Adulto Mayor UC,≤100
310249002326641,Los Héroes Caja de Compensación,These ads ran without a disclaimer,≤100
154785904692548,SalmonChile,SalmonChile,≤100
100645555080281,Academia Nacional de Litigación,Academia Nacional de Litigación,≤100
231350380299380,Las Últimas Noticias (LUN),Las Últimas Noticias (LUN),≤100
105560941738247,Movilizando Chilenos,Movilizando Chilenos,≤100
78239901502,Diario Financiero,Grupo DF,≤100
102660885525434,Con mi plata NO,Con mi plata No,≤100
101750312738517,paolawalkernz,These ads ran without a disclaimer,≤100
172277313691851,Chile Liberal,Chile Liberal,≤100
104224427947088,Circula el Plástico,Metrix,≤100