﻿Page ID,Page name,Disclaimer,Amount spent (IDR)
23383061178,Prabowo Subianto,indonesia Adil makmur,77140
104054595928021,Bakti Untuk Rakyat,Bakti Untuk Rakyat,38820
107600565668590,Munafri Arifuddin,Yayasan Golkar Institute,19188
333711983956998,Erwin Aksa,Yayasan Golkar Institute SPKP,18888
320858334728047,Partai Solidaritas Indonesia,Partai Solidaritas Indonesia,15467
104844282389488,Kelas Digital Marketing,Kelas Digital Marketing,7114
111864151754055,Esensi TV,Esensi Tv,5813
100649018546817,GanjarFans,GanjarFans,4259
105903795626960,Ruangcuan.com,Ruangcuan.com,3628
101350709331663,G24 News TV,Yayasan Golkar Institut SPKP,2814
143840239716746,Indozone.id,PT. INDOZONE MEDIA INDONESIA,2678
100145043048185,Ucapan Partai,Ucapan Partai,2372
110314634068233,Fadilah Bisnis,Fadilah Bisnis,2346
100114991780678,Desain Template Pro,Desain Template Pro,2147
882638978454921,Raja Juli Antoni,Raja Juli Antoni,2014
101674375744514,Media Cuan,Ipta Apipah,2009
1413233442285275,Prabowo Untuk NKRI,Prabowo NKRI,1969
104899195891472,Berita Ganjar Pranowo,Ganjar Nusantara Indonesia,1888
105078282583947,Rumah Kita Korsel,Ganjar Nusantara Indonesia,1666
193237974052689,Partai Keadilan Sejahtera,Partai Keadilan Sejahtera,1663
39253583478,PDI Perjuangan,Muhammad Miftakhunnaim,1210
349963858704476,Komit Digital,These ads ran without a disclaimer,1155
312490859193724,mensbatik,Bayu Setayudha,1097
110865154735990,Koran Harian Tanah Air,Muhammad Miftakhunnaim,1081
400199510122775,Bank Mandiri,These ads ran without a disclaimer,998
104427162506872,Fakta Anies,Fakta Anies,987
101032088630709,Info Seputar Indonesia,These ads ran without a disclaimer,986
582402568517453,Coretan Kehidupan,Coretan Kehidupan,926
102656349157647,Tugimanisme,Tugimanisme,915
120493494629294,Pikiran Rakyat,"Aditya Riantiko Akbar, ST",905
106524371346347,NTBSATU.com,NTBSATU.com,898
1408188616062841,Sofitel Bali Nusa Dua,Sofitel Bali Nusa Dua Beach Resort,808
105903795626960,Ruangcuan.com,These ads ran without a disclaimer,708
104052735675516,Sulut Dukung Ganjar,Ganjar Nusantara Indonesia,643
197545083607941,Harian Kompas,Harian Kompas,624
102273039070802,Info Terkini,Muhammad Miftakhunnaim,575
108676115131939,Nusantara Cerdas,Bayu Wicaksono,550
106918395489616,Golkar Institute SPKP,Yayasan Golkar Institut SPKP,549
101760624522103,DPP Banteng Muda Indonesia,Farid Wahyudi,520
104830667806476,Melihat Indonesia,Melihat Indonesia,497
173776079818775,Saiful Mujani,Saidiman,466
103584384805755,Soloraya Terkini,Bayu Wicaksono,394
202555993805088,Caption,Bayu Wicaksono,366
104533848318771,Pemalang Today,Bayu Wicaksono,358
202555993805088,Caption,Ganjar Nusantara Indonesia,341
105308715676825,Filosofi Indonesia,Bayu Wicaksono,322
100248349384577,Jateng Dukung Ganjar,Ganjar Nusantara Indonesia,320
109080054719110,Jakarta Trend,Bayu Wicaksono,303
101338198587608,Indonesia Luar Biasa,Ganjar Nusantara Indonesia,300
113307277699173,Info Kebumen Ngapak,Bayu Wicaksono,300
100676262667808,Story Nusantara,Bayu Wicaksono,270
110952238516382,Kiki Daliyo,Kiki Daliyo,267
102114435036822,Filosofi Jatim,Bayu Wicaksono,261
103581752405141,Sobar Harahap,Sobar Harahap,251
113058461386521,Mercusuar Indonesia,Bayu Wicaksono,210
101338198587608,Indonesia Luar Biasa,Bayu Wicaksono,204
102626198026698,Rika Sudjiman,Juniar Dwi Harianto,200
121892191231546,Евразийский банк развития,These ads ran without a disclaimer,198
112121101796090,Opini 2024,Opini 2024,178
110368964786452,Kemajuan Bersama,Muhammad Miftakhunnaim,166
112417251582480,APEL - Aplikasi Pemenangan Eksekutif & Legislatif,APEL - Aplikasi Pemenangan Eksekutif & Legislatif,166
104799384898162,Indonesia Berkabar,Bayu Wicaksono,160
106847435697504,Hanry Sulistio,These ads ran without a disclaimer,147
101403669397488,Nikmatul Sugiyarto,Nikmatul Sugiyarto,146
109804368568963,Cara Edit Foto,Cara edit foto,140
105195635486519,Klise Nusantara,Bayu Wicaksono,≤100
109083348423534,Untuk Rakyat,Muhammad Miftakhunnaim,≤100
110100218339060,Wahai Ibu Pertiwi,Muhammad Miftakhunnaim,≤100
110056788323890,Pikiran Indonesia,Ganjar Nusantara Indonesia,≤100
170206390087,GWK Cultural Park,These ads ran without a disclaimer,≤100
100359258525418,Pemulihan Lebih Baik,Muhammad Miftakhunnaim,≤100
108571334357297,Melangkah Lebih Baik,Muhammad Miftakhunnaim,≤100
104799384898162,Indonesia Berkabar,Ganjar Nusantara Indonesia,≤100
118734481202493,Prihati Utami,Dwi Wantoro,≤100
105308715676825,Filosofi Indonesia,Ganjar Nusantara Indonesia,≤100
100147872667354,Kata Nusantara,Ganjar Nusantara Indonesia,≤100
100676262667808,Story Nusantara,Ganjar Nusantara Indonesia,≤100
106369021821580,Partai Buruh,Partai Buruh,≤100
108695584343029,Baik Untuk Kita,Muhammad Miftakhunnaim,≤100
102497641558430,Indonesia Tolak HOAX,Muhammad Miftakhunnaim,≤100
100101396144061,Sisimetris,These ads ran without a disclaimer,≤100
105195635486519,Klise Nusantara,Ganjar Nusantara Indonesia,≤100
110481245377896,Kaka Sawaludin,These ads ran without a disclaimer,≤100
107565455160464,Indonesia Opini,Ganjar Nusantara Indonesia,≤100
615278595537091,SimCaleg - Aplikasi Pemilihan Legislatif,These ads ran without a disclaimer,≤100
113058461386521,Mercusuar Indonesia,Ganjar Nusantara Indonesia,≤100
303339530017265,Huawei For Indonesia,Wonny Nur Rimba Utami,≤100
108676115131939,Nusantara Cerdas,Ganjar Nusantara Indonesia,≤100
177119585718703,"Bergaul247.com, Media Berita dan Gaul",These ads ran without a disclaimer,≤100
101076948451651,Masa Depan Kita,Muhammad Miftakhunnaim,≤100