﻿Page ID,Page name,Disclaimer,Amount spent (EUR)
101519168409673,Dimitar Kovacevski,СДСМ,≤100
148427235188637,СДСМ - Социјалдемократски сојуз на Македонија,СДСМ,≤100
109452208789335,Трн.мк,Трн.мк,≤100
1930789983835487,Valmir Aziri,Valmir Aziri,≤100
149032011830930,Centar.mk,Centar.mk,≤100
971176269757392,Дома,Институт за комуникациски студии ИКС / Institute of Communication Studies,≤100
114716014845582,Портал,Портал,≤100
192483774872658,Демократи,Демократи,≤100
100746718435265,Fatmir Bytyqi,Fatmir Bytyqi,≤100
1677572455714659,Јорго Огненовски,Демократи,≤100
100954761298205,frontline.mk,frontline.mk,≤100
152995591517845,Novatv Web,Novatv Web,≤100
829371753904952,Hristijan Mickoski,ВМРО-ДПМНЕ,≤100
295130871174789,Alternativa,Alternativa,≤100
159067658059615,Association for Educational Development - Ekvalis / Еквалис,Association for Educational Development - Ekvalis / Еквалис,≤100
1482737048633478,Институт за комуникациски студии ИКС / Institute of Communication Studies,Институт за комуникациски студии,≤100
101754962766151,Рацин.мк,Рацин.мк,≤100
287369438092961,Бојан Стојаноски,Бојан Стојаноски,≤100
324459714339171,Civil MK,Civil MK,≤100
400497373674524,СамоПрашај.мк,Institut za komunikaciski studii,≤100
255990845327431,Левица,Левица / E majta / Levica,≤100
100751933349940,Институт за европска политика (ЕПИ)/European Policy Institute - EPI,Институт за европска политика (ЕПИ)/European Policy Institute - EPI,≤100
191683947531941,medium.edu.mk,Институт за комуникациски студии,≤100
1637164573001368,Женски Магазин/Zenski magazin,Женски Магазин/Zenski magazin,≤100
211084826136102,Јанко Бачев,Единствена Македонија,≤100
1503795079941246,Klubi i Debatit Politik - KDP.MK,Klubi i Debatit Politik - KDP,≤100
102120379270858,Rikardo Sali - Pretsedatel na CDU,Rikardo Sali - Pretsedatel na CDU,≤100
164829683652900,Faktor.mk,Faktor.mk,≤100
335085593528267,Sloboden Pecat,Sloboden Pecat,≤100
109355605764049,Radio Mreza Kanal 77,Радио Канал 77,≤100
112622660371058,Гласни идеи,Гласни идеи,≤100
111506215108612,Градска.мк,Градска.мк,≤100
196420997043730,ДОМ,ДОМ,≤100
461034264336817,24инфо.мк,24инфо.мк,≤100
103772184933,Strategy International,These ads ran without a disclaimer,≤100
102500518635499,ENTR en,These ads ran without a disclaimer,≤100
104474278112457,Thiago Albuquerque,These ads ran without a disclaimer,≤100
134470763282957,European Union in Israel,These ads ran without a disclaimer,≤100
140081909339594,Topcon Positioning Systems,These ads ran without a disclaimer,≤100
852370551453606,GARP,These ads ran without a disclaimer,≤100
109007118639616,urbanclothingstore.ks,These ads ran without a disclaimer,≤100