﻿Page ID,Page name,Disclaimer,Amount spent (EUR)
108270901418113,Tomislav Tomašević,Zagreb je NAŠ!,≤100
1781165065440754,N1 Hrvatska,N1 Hrvatska,≤100
178362315106,European Parliament,European Parliament,≤100
122074554119,EU Social,EU Social,≤100
103518083049370,NajboljaMamaNaSvetu.com,NajboljaMamaNaSvetu.com,≤100
688325737947866,Telegram.hr,Telegram Media Grupa,≤100
122332567514580,Energycom,Energycom d.o.o.,≤100
1064762700374086,Možemo - politička platforma,Možemo - politička platforma,≤100
106788298553343,Ivica Lovrić,Ivica Lovrić,≤100
210627425725812,Studentski.hr,Studentski.hr,≤100
359170097532754,Greenpeace Hrvatska,Greenpeace Hrvatska,≤100
1580671625481423,Lonci&poklopci by Bajde,These ads ran without a disclaimer,≤100
110933407315208,Hrvatski-glasnik,hrvatski glasnik,≤100
1747126668848581,Veljko Kajtazi,Veljko Kajtazi,≤100
111421992219589,Dnevno.hr,Motus media d.o.o.,≤100
129210723781448,U.S. Embassy Zagreb,U.S. Embassy Zagreb,≤100
129634970518,SDP Hrvatske,SDP Hrvatske,≤100
122037308191612,Make.org,These ads ran without a disclaimer,≤100
314776818539194,Forum mladih SDP Hrvatske,SDP Hrvatske,≤100
527351247377965,European Committee of the Regions,European Committee of the Regions,≤100
123726393536,MojPosao,MojPosao,≤100
103109658103084,Karolina Vidović Krišto,Karolina Vidović Krišto,≤100
603906399629215,Državni zavod za statistiku,Državni zavod za statistiku,≤100
1487935214842281,Faktograf.hr,Faktograf.hr,≤100
877431458966305,Zagreb.info,Motus media d.o.o.,≤100
550751965021284,Success Resources,These ads ran without a disclaimer,≤100
554030261441087,Prvi glas Zagorja,Općina Sveti Križ Začretje,≤100
106928174232844,Domovinski pokret,Domovinski pokret,≤100
102409151592858,ZGRADOnačelnik.hr,Zgradonačelnik.hr,≤100
127718107295530,Miroslav Škoro,Campus d.o.o.,≤100
585162038599795,Vinko Kuduz,Vinko Kuduz,≤100
1418903245032313,Marijana Petir,Petir Marijana,≤100
102260795029090,Mate Šimundić,Mate Šimundić,≤100
361124590589398,Grad Sisak,Grad Sisak,≤100
118356801554598,EU Food & Farming,These ads ran without a disclaimer,≤100
102198203158768,AgroKlub.com,Agroklub d.o.o.,≤100
151945841541880,Planet Obuća,These ads ran without a disclaimer,≤100
100149596294622,bksarajevo,These ads ran without a disclaimer,≤100
245094455536925,FOUR PAWS,These ads ran without a disclaimer,≤100
450326391674911,Allianz,These ads ran without a disclaimer,≤100
107776705744280,,These ads ran without a disclaimer,≤100
141363092729703,DP World,These ads ran without a disclaimer,≤100
2302955050018469,PedagogicaMente,These ads ran without a disclaimer,≤100
130467394263248,Dyness,These ads ran without a disclaimer,≤100