﻿Page ID,Page name,Disclaimer,Amount spent (TRY)
100910024639566,Ali Babacan,Deva Partisi,137
102095934751904,Deva Partisi,Deva Partisi,≤100
141870402543282,AK Parti,Ak Parti,≤100
111162852275902,Uluslararası Af Örgütü Türkiye Şubesi,Uluslararası Af Örgütü Türkiye Şubesi,≤100
107826985478243,Yakup Türkal,Yavuz Türkmen,≤100
483282718428036,Meral Akşener,İYİ Parti,≤100
144295649058307,Ekrem İmamoğlu,Ekrem İmamoğlu,≤100
106433519384639,Haber7,Haber7,≤100
105606068096395,Manşet 35,Manşet 35,≤100
183754020921,Saadet Partisi,Saadet Partisi,≤100
102081045702842,Ozan Balık,Ozan Balik,≤100
180404128680446,Dr. Şadi YAZICI,Dr. Şadi YAZICI,≤100
103285814499773,H. Yalım Halıcı,Kadir Dede,≤100
1620080691588973,Serkan SARI,Serkan Sarı,≤100
143886862341866,Adamor - Toplum Araştırmaları Merkezi,Adem Saglam,≤100
219031704851494,SAS (Satın Almayın Sahiplenin),Fırat Yıldız Ahmet,≤100
217712041637127,AK PARTi Genel Merkez Gençlik Kolları Başkanlığı,ADALET ve KALKINMA PARTİSİ GENÇLİK KOLLARI,≤100
144096473392,Yeşil Gazete,Yeşil Gazete,≤100
2064731740417261,Seyyid Bilal Kabdan,Seyyid Bilal Kabdan,≤100
1952748275030916,Kürşad Mithat ÖZKAN,Kursad Mithat Ozkan,≤100
101315571670453,Webagron Tarımsal İçerik Platformu,Sude Gelişli,≤100
108552928182311,Al Sancak Partisi,Nuri Çelebi,≤100
815048841929079,M. Ergün Turan,M. Ergün Turan,≤100
755201084826878,Aşkın Tören,Aşkın Tören,≤100
511707202180465,Kangal Aşkk'tır,Fırat Yıldız Ahmet,≤100
103973085706404,Mesut Kocagöz,Mesut Kocagöz,≤100
314386289265240,Ali Zafer İksir,ALİ ZAFER İKSİR,≤100
163370640412446,Bursa,Sosyal TV,≤100
283657205667155,Mustafa Ali Fırtına,Mustafa Ali Firtina,≤100
100516989042507,Balıkesir Posta TV,Ahmet Namlı,≤100
2040128776040928,Yelda Erol Gökcan,TBMM,≤100
110734265223274,Av. Dr. Veli Böke,avdrveliboke,≤100
1986133791650620,Lütfi Kaşıkçı,Gülşah Erbey Dağ,≤100
104373561467884,Serhat Servet Dövenci,Serhat Servet Dövenci33,≤100
532775093532626,Yücel Bulut,Yucel Bulut,≤100
498108350567415,Nilüfer Deveci,Nilufer Deveci,≤100
1614212022160759,Fehmi Yağlı,Fehmi Yagli,≤100
906394629482043,CHP Parti Okulu,CHP Parti Okulu,≤100
1572709256359993,İnternethaber TV,HADİ ÖZIŞIK,≤100
104267921764717,Deva Partisi Trabzon İl Başkanlığı,Kubilay Çiçek,≤100
108675144970867,7/24 Gündem,7/24 Gündem,≤100
170373646318731,MHP Bolu İl Başkanlığı,These ads ran without a disclaimer,≤100
127896160644676,KORAY AYDIN,KORAY AYDIN,≤100
103167881182863,Temiz Enerji Haber Portalı,Temiz Enerji Haber Portalı,≤100
254579061905181,Dr. Bilal Okudan,Dr. Bilal Okudan,≤100
1563142747277396,Vecdi Gündoğdu,Vecdi Gundogdu,≤100
298764070816267,Mehmet Tütüncü,Mehmet TÜTÜNCÜ Türkiye Temsilcisi,≤100
167633913392268,Kolejliler,Fırat Yıldız Ahmet,≤100
108230374345347,Kemalist Tartışma Topluluğu,Mahmut Sert,≤100
866178810191059,Mahmut Koçak,Mahmut Koçak,≤100
105483149085389,Selahattin Uzun,Selahattin Uzun,≤100
108390012832175,Fatih Akkentli,Atacan Özbay,≤100
106789305232883,وكالة الشرق الأوسط الإخبارية,وكالة الشرق الأوسط الإخبارية,≤100
463377917089447,Çanakkale Demokrat Gazetesi,These ads ran without a disclaimer,≤100
111751313846537,Hülya Erdem,Hülya Erdem,≤100
549579538907553,Erhan ÖZHAN I Bünyan I Kayseri,Erhan Ozhan,≤100
104143732237595,Sürekli Haber,Sürekli Haber,≤100
210201242899593,Ayhan Demircioğlu,Ayhan Demicioglu,≤100
463215923715177,Mehmet Yiğiner,Bekir Koyuncu,≤100
834954409860187,Gamze Akkuş İlgezdi,Gamze Akkuş İlgezdi,≤100
639340499480435,Hisart Müzesi,These ads ran without a disclaimer,≤100
737340966376001,Metin Kala,Metin Kala,≤100
101700471513125,Kadir Aydın,Kadir Aydın,≤100
190217144502606,Av. Sinan Tekin,Sinan Tekin,≤100
106197277802679,H24,H24,≤100
165330227648582,Nihat Layiç,These ads ran without a disclaimer,≤100
610282369126459,Pishkesh Market,These ads ran without a disclaimer,≤100
100523492850311,neo_hippies,These ads ran without a disclaimer,≤100
104889235774130,Artur Ziganshin,These ads ran without a disclaimer,≤100