﻿Page ID,Page name,Disclaimer,Amount spent (EUR)
101519168409673,Dimitar Kovacevski,СДСМ,≤100
100746718435265,Fatmir Bytyqi,Fatmir Bytyqi,≤100
1677572455714659,Јорго Огненовски,Jorgo Ognenovski,≤100
400497373674524,СамоПрашај.мк,Institut za komunikaciski studii,≤100
454337564602783,Ali Ahmeti,Bashkimi Demokratik për Integrim - BDI,≤100
102860779377395,Само кажувам,Само кажувам,≤100
152995591517845,Novatv Web,Novatv Web,≤100
461034264336817,24инфо.мк,24инфо.мк,≤100