﻿Page ID,Page name,Disclaimer,Amount spent (SGD),Number of ads in Library
119241174807079,NTUC LearningHub,NTUC LearningHub,1405,8
168071043252655,Pro Enterprise Panel - PEP,"Pro-Enterprise Panel, Ministry of Trade & Industry",596,2
129011692114,The Straits Times,The Straits Times,313,1
176560205832891,Our SG – Home of Forward SG,Our SG – Home of Forward SG,309,10
219541704832846,National Reading Movement,National Reading Movement,241,2
109555293685,Gov.sg,Gov.sg,227,2
215341045518389,GIC,GIC,223,8
200480966638039,Supremacy 1914,These ads ran without a disclaimer,211,3
168442899846653,Ministry of Finance (Singapore),Ministry of Finance (Singapore),187,3
160823460655497,Lianhe Zaobao 联合早报,Lianhe Zaobao 联合早报,153,31
349837171746401,Ministry of Trade & Industry,"Ministry of Trade and Industry, Singapore",≤100,4
113310782027160,UFM100.3,Nur Ashiqin Binti Jaffar,≤100,3
836689413097228,Our Grandfather Story,Our Grandfather Story,≤100,2
101963408923046,Real Estate Insight,Sim Hanwen,≤100,4
126996258015076,Global Ehsan Relief Singapore,Global Ehsan Relief Singapore,≤100,6
136982159795537,Institute of Policy Studies - IPS,Institute of Policy Studies,≤100,1
467260466759436,Global Ehsan Relief,Global Ehsan Relief,≤100,2
1389010631425852,World Scientific Singapore,World Scientific Publishing Co. Pte Ltd,≤100,6
109555293685,Gov.sg,These ads ran without a disclaimer,≤100,1
256953359544240,ExxonMobil Singapore,ExxonMobil,≤100,8
425242907825036,Conservation International Singapore,These ads ran without a disclaimer,≤100,1
166565800052060,ConnexionSG,Nexus,≤100,1
1468082613467781,Nee Soon Town Council,Nee Soon Town Council,≤100,4
105193687974134,TWC2 Tamil,Transient Workers Count Too - TWC2,≤100,1
110463704610731,Cute Kiwi,These ads ran without a disclaimer,≤100,1
106776630689061,Prabu Ramachandran addresses Real Issues in Singapore,Prabu Ramachandran,≤100,4
105640164784251,Singapore United Party,Zhu Laicheng,≤100,1
188842724507690,مفوضية اللاجئين,These ads ran without a disclaimer,≤100,2
518758878276908,堅料網,These ads ran without a disclaimer,≤100,1
103597027708447,SuperPlanet Games,These ads ran without a disclaimer,≤100,1
100385365859301,Mdnt.,These ads ran without a disclaimer,≤100,1
109992055345512,cryptoobulletin,These ads ran without a disclaimer,≤100,1
317523675504246,Cookie - Fun Games,These ads ran without a disclaimer,≤100,1
481442475370677,World Internet Conference,These ads ran without a disclaimer,≤100,1
345840486219924,Energy China,These ads ran without a disclaimer,≤100,1
109562720823279,CGTN Sports Scene,These ads ran without a disclaimer,≤100,1
294837634511305,24/7 Mirror,These ads ran without a disclaimer,≤100,1
105629509109985,Cherry Kitten,These ads ran without a disclaimer,≤100,2
495206757286894,Laudato Si Movement,These ads ran without a disclaimer,≤100,1
114576618164334,Hoya-buy- Household Appliances,These ads ran without a disclaimer,≤100,1