﻿Page ID,Page name,Disclaimer,Amount spent (VND)
106475068390652,Thầy Phạm Văn Thanh - Hiệu Thuốc Hoàng Liên Sơn,These ads ran without a disclaimer,16169
108390095364515,Phạm Văn Thanh- Đặc Trị Xương Khớp,These ads ran without a disclaimer,4199
469460680055787,Chùa Cổ Am,These ads ran without a disclaimer,216
106591625684268,Alo Chủ Tướng - Gamota,These ads ran without a disclaimer,≤100
105310469026814,Nhật Bản Chờ Tôi Nhé,These ads ran without a disclaimer,≤100