﻿Page ID,Page name,Disclaimer,Amount spent (TRY)
877839188967827,Büyük Türkiye,Adem Demirkol,11426
141870402543282,AK Parti,Ak Parti,8282
500796300357232,Turgay Baştuğ,Milliyetçi Hareket Partisi Ankara İl Başkanlığı,6090
528071707564813,Uğurhan Tiryaki,Uğurhan Tiryaki,5433
158829607558395,Milliyetçi Hareket Partisi (MHP),Milliyetçi Hareket Partisi (MHP),2670
144295649058307,Ekrem İmamoğlu,Ekrem İmamoğlu,2620
255216477892758,CHP Ankara İl Başkanlığı,Anıl Can Arslan,2583
176338225842984,Yeşil Sol Parti,Yeşil Sol Parti,2203
772187612859346,Erkan Haberal,Erkan Haberal,2146
118519987873082,Nebi Hatipoğlu,Orangefox Agency,1383
621229804571861,Fethi Yaşar,Fethi Yaşar,1079
1507047782923237,MHP Ankara İl Başkanlığı,MHP Ankara İl Başkanlığı,1062
114109568315674,Ozan Bingöl,Ozan Bingöl,983
417251848779475,Mehmet Ersoy,Mehmet Ersoy,826
111917151872313,Ergün Tekin,Ergün Tekin,815
246776586058174,Eyyup Yıldız,Eyyup Yıldız,658
619126554886307,Ali Hikmet Akıllı,Ali Hikmet Akilli,652
900888546749086,Hüseyin Avni AKSOY,Hüseyin Avni Aksoy,471
118536807883838,Helil İnay Kınay,Helil Kınay,461
105723702398203,Ankara Haber Özel,Ankara Haber Özel,458
294889615437,Sinan Oğan,Sinan Oğan,440
118257014567473,Dr. Fatih Öztek,Mehmet Fatih Öztek,410
107233182319799,Hatice Yıldız,Ramazan Savaş,368
100474483029551,Trabzon için Hemen Şimdi,Adil Çözüm,352
1930475813747433,Anket Araştırma Merkezi,Anket Araştırma Merkezi,313
432246233457476,اخبار الوادي الجديد,These ads ran without a disclaimer,295
105930572489375,Mehmet Ali Karamemiş Çankırı Milletvekili Adayı,Mehmet Ali Karamemiş,294
105048025902614,Ahmet Fethan Baykoç,Woo Medya ve Organizasyon Ltd Şti.,282
274475286702,Muharrem İNCE,Muharrem İNCE,262
219895681531374,İbrahim Ethem Sedef,Kenan Filik,250
76599755300,Kemal Kılıçdaroğlu,Kemal Kılıçdaroğlu,171
426339260809702,Oğul Aktuna,Oğul Aktuna,157
119819051082863,Ümit Faruk Yenici,Ümit Faruk Yenici,153
111162852275902,Uluslararası Af Örgütü Türkiye Şubesi,Uluslararası Af Örgütü Türkiye Şubesi,138
106163722471087,,İlker Abay,129
1930475813747433,Anket Araştırma Merkezi,Rukiye Şeyma Aydın,109
115213624871864,Bahadır Bumin Özarslan,Halil Ibrahim Yilmaz,107
108217958917623,Muhammet Emin Avundukluoğlu,Fatih Canbolat,103
106484769092779,Mustafa Su,Mustafa Su,101
1581936098727585,Bilal Uludağ,Bilal Uludağ,≤100
108107585034488,Bahadır Erdem,Bahadır Erdem,≤100
100964136258105,Erdoğan Çiftcioğlu,Erdoğan Çiftcioğlu,≤100
319026564921676,Vatan Partisi,Vatan Partisi,≤100
191453580768,Yeni Şafak,Piri Medya Anonim Sirketi,≤100
103728271055286,Selçuk Kılıçaslan,Selcuk Kilicaslan,≤100
154237964677450,İntegral Yatırım Menkul Değerler A.Ş.,These ads ran without a disclaimer,≤100
105329881493726,Rüstem Çetinkaya,Temmer Marble,≤100
100439749704061,Cengiz ZOR - Yeniden Refah Partisi,Şevket Erer,≤100
105653029090851,Şenol Aslanoğlu,Şenol Aslanoğlu,≤100
213380598742595,Selahattin Demirtaş,Ragıp Incesağır,≤100
100665102848993,Gün Gün Kurtuluş,İlker  Tanrıverdi,≤100
392491680944925,Mevlüt Çavuşoğlu,Mevlüt Çavuşoğlu,≤100
979738848890749,Faruk Kılıç,Faruk Kilic,≤100
2100392293415636,Av. Ahmet ÖNAL,Ahmet Önal,≤100
107056595666112,Hasan Ercüment Taşdemir CHP Antalya Milletvekili Adayı,Hasan Ercüment Taşdemir CHP Antalya Milletvekili Adayı,≤100
459314071262613,Zeynettin Aydın,Zeynettin Aydın,≤100
210636876843,Türkiye Gençlik Birliği (TGB),Türkiye Gençlik Birliği-TGB,≤100
1414815935509791,MHP Kayseri Milletvekili Baki Ersoy,Latif Ersoy,≤100
104205562634100,Hakan Satılmış,Hakan Satılmış,≤100
1998130653848755,Ramazan Kaşlı  MHP Aksaray Milletvekili,Ramazan Kaşlı  MHP Aksaray Milletvekili,≤100
113338154997825,nisanur.bebek.yasasin,These ads ran without a disclaimer,≤100
106126972457656,Emirali Türkmen,Suzan Karabaş,≤100
104555602151780,Ebrar Nura Umutol,Emrah Bilaloglu,≤100
866178810191059,Mahmut Koçak,Mahmut Koçak,≤100
319726958236378,Turan Yaldır,Turan Yaldır,≤100
101373896284011,Sma Hastası Azer Bebek - Bağış Kampanyası,Irem Kaplan,≤100
598725973543356,CHP Antalya İl Gençlik Kolları,CHP Antalya Gençlik Kolları,≤100
532775093532626,Yücel Bulut,Yucel Bulut,≤100
928921137187670,ALİ UÇAK,Volkan Erel,≤100
839363442860590,Dr. Mustafa Canbey,Mustafa Canbey,≤100
114655564943356,,These ads ran without a disclaimer,≤100
127896160644676,KORAY AYDIN,KORAY AYDIN,≤100
101519926236417,Mustafa Akın,Mustafa Akın,≤100
100600216273365,Figen Yıldırım,Figen Yıldırım,≤100
1256361374466644,Osman Zabun,Osman Zabun,≤100
101217539463859,Yenilik Şarttır,Rıfat Derya Sercan,≤100
466041427161963,ERSİN BEYAZ,Ersin Beyaz,≤100
413113452433564,Cengiz Gökçel,Cengiz Gökçel,≤100
1411702415710467,Zekai Kaya,Zekai Kaya,≤100
834954409860187,Gamze Akkuş İlgezdi,Gamze Akkuş İlgezdi,≤100
1028368393892777,Mehmet Ali Özkan,Mehmet Ali ÖZKAN,≤100
378633122196492,Lutfullah Kayalar,Serhan Kayalar,≤100
210993622366044,TVNET,TVNET,≤100
114597108291949,,Abdelrahman Farouk,≤100
145750926090655,Zeki Gül,Zeki Gül,≤100
119960821075537,Milletin Sesi,Kurumsal Reklam,≤100
109557384233443,Yüksel Taşkın,Yüksel Taşkın,≤100
103285814499773,Hikmet Yalım Halıcı,Hikmet Yalım Halıcı,≤100
998645140157494,Çankırı Postası TV,Ercan Şeker,≤100
833329183349879,Ahmet YELİS,Ahmet Yelis,≤100
2281400925408962,Türkiye'ye Sahip Çık,Arda Akın,≤100
1437665699815071,Doğruluk Payı,Dogruluk Payı,≤100
180404128680446,Dr. Şadi YAZICI,Dr. Şadi YAZICI,≤100
100293946395534,,These ads ran without a disclaimer,≤100
113562291720284,Cumhuriyetçi Kadın,Kurumsal Reklam,≤100
369391953226531,Eyüp Eroğlu,Akif Yurdakul,≤100
674523449330207,Yavuz Aydın,Yavuz Aydin,≤100
105490174926326,Medya Penceresi TV,Medyatik Haber,≤100
463215923715177,Mehmet Yiğiner,Bekir Koyuncu,≤100
120293891041256,Deli Kadın,Kurumsal Reklam,≤100
511748452272603,Av. Halil Öztürk,Yahsi Media,≤100
608372546191157,Şahin Gürz,Şahin Gürz,≤100
106561381741274,Promosyon Kahve,GANİTTO GIDA SANAYİ VE TİCARET ANONİM ŞİRKETİ,≤100
155518138432438,Proji Dijital Pazarlama Ajansı,Proji Dijital Pazarlama Ajansı,≤100
113506495059583,Kadınların Reisi,Kurumsal Reklam,≤100
111589081920420,Kadınların Gücü,Kurumsal Reklam,≤100
105716839182141,Köylü Kadın,Kurumsal Reklam,≤100
116014468128749,Ferhat Kabaiş,Rengin Uğur,≤100
114800218162558,Haber Penceresi,Haber Penceresi,≤100
906394629482043,CHP Parti Okulu,CHP Parti Okulu,≤100
103599182728857,Doğru Adam,Kurumsal Reklam,≤100
123982957679760,Anadolu Gazetesi,Anadolu Gazetesi,≤100
100625766126116,Cominify,Cominify,≤100
117491812983397,Yurttan Sesler,Yurttan Sesler,≤100
122690747467671,Sana Söz Türkiye,Kurumsal Reklam,≤100
117292434655657,Mehmet Kamil ŞİRİN,Nergiz Elmas Aydoğdu,≤100
105724511499805,Yeniden Refah Partisi,Yeniden Refah Partisi,≤100
101906452899804,Bay Kemal,Kurumsal Reklam,≤100
100345912204104,Nuri Cengiz,Cumhuriyet Halk Partisi,≤100
106789305232883,وكالة الشرق الأوسط الإخبارية,وكالة الشرق الأوسط الإخبارية,≤100
755201084826878,Aşkın Tören,Aşkın Tören,≤100
108552928182311,Al Sancak Partisi,Nuri Çelebi,≤100
108855465479915,Halk Haber Ajansı Yerel Gündem,Resul Mesut Büyüksarı,≤100
1986133791650620,Lütfi Kaşıkçı,Gülşah Erbey Dağ,≤100
111079321959977,Alperen Özmen,Alperen Özmen,≤100
140117882722855,TE Bilişim,TE Bilişim Yazılım İnternet Kiralama Hizmetleri,≤100
107276120819529,Halk Haber TV,SİRİUS REKLAM ORGANİZASYON SANAYİ VE TİCARET LİMİTED ŞİRKETİ,≤100
890935934274178,Serdar Sandal,Burak Özer,≤100
100930021431743,Gazete Kolektif,Ercan Erdal,≤100
115689658163861,Hakan Öztürk,Özge Akman,≤100
108049655614131,Cumhurun Seçimi,Kurumsal Reklam,≤100
114079334979839,Sibel Suiçmez,Sibel Suiçmez,≤100
103536752705365,Av.Gülümser Ceylan Köle,Gulsah Çıplak Dingil,≤100
787833781580301,,Adem Demirkol,≤100
111452065252314,m.tamer.cantekin,M Tamer Cantekin,≤100
116108505131797,İsmail Erdem,İsmail Erdem,≤100
330466260695795,Haber Samsun,Haber Samsun,≤100
109530428771561,Ali Paşa Naipoğlu,Nergiz Elmas Aydoğdu,≤100
374547199341007,Emin ÇINAR,Emin Çınar,≤100
815048841929079,M. Ergün Turan,M. Ergün Turan,≤100
109514177857013,Yeniden Refah Partisi Simav,Yeniden Refah Partisi Simav İlçe Başkanlığı,≤100
109648772104972,NNC MEDYA I nnchaber.com.tr,Kağan Onaran,≤100
510344522371733,Oy ve Ötesi,Oy ve Ötesi,≤100
122089247452746,Osman Seçgin,Osman Avci,≤100
219031704851494,SAS (Satın Almayın Sahiplenin),Fırat Yıldız Ahmet,≤100
203313693133528,samsunanaliz.com,samsunanaliz.com,≤100
1952748275030916,Kürşad Mithat ÖZKAN,Kursad Mithat Ozkan,≤100
108376020766134,Metin Bolat,Metin Bolat,≤100
120114614397446,,Sinan Ergül,≤100
1493940890859471,Birileri Var,Birileri Var,≤100
1586908438234661,İsmail Faruk AKSU,İsmail Faruk AKSU,≤100
737340966376001,Metin Kala,Metin Kala,≤100
103400816031847,Halkhaberajansı,Sirius Reklam Organizasyon Sanayi ve Ticaret Ltd. Şti,≤100
106406051603973,Mega Haber,Mega Haber,≤100
105376981385020,Referandom,Referandom,≤100
231927487518942,Dr. Pelin Coştur Filiz,Erol Derin,≤100
100254126174703,Mavi Marmara Gazetesi,Mavi Marmara Gazetesi,≤100
103984509238399,Halk Haber,Halk Haber,≤100
805926876122264,Suat Özçağdaş,Suat Özçağdaş,≤100
442942082484899,Ege Gündem Gazetesi,Ege Gündem Gazetesi,≤100
101353555909780,HaberWepte.Com,HaberWepte.Com,≤100
115203036969497,Mehmet Yunus Seven,Mehmet Yunus Seven,≤100
101315571670453,Webagron Tarımsal İçerik Platformu,Webagron Tarımsal İçerik Platformu,≤100
465887546792664,Halkın Kurtuluş Partisi - HKP,TAYFUR BİN,≤100
114951609920936,Kısa Dalga Medya,Kısa Dalga Medya,≤100
102588741231494,Harun Özgür Yıldızlı,Harun Özgür Yıldızlı,≤100
126424754165391,Yunus Kaan Kısaca,Yunus Kaan  Kisaca,≤100
1573208652936912,Mustafa Erdem,Mustafa Erdem,≤100
119377904457065,Kayseri Bağımsız Milletvekili Adayı Emre Çakmakçi,Emre Çakmakçi,≤100
114400338255769,bizbizehaber,These ads ran without a disclaimer,≤100
144096473392,Yeşil Gazete,Yeşil Gazete,≤100
503207923065874,45 HABER,Deniz Guner,≤100
104790481715851,ازجمله,Azjomle,≤100
1668169733465490,مركز الحوار السوري,مركز الحوار السوري,≤100
462265987454835,Yılmaz Şanlan,Yılmaz Şanlan,≤100
101346888734712,neosailing,These ads ran without a disclaimer,≤100
109381015468594,Halil Yıldırım BBP,Halil Yıldırım,≤100
393451251137056,Pelin Yılık,Tasarım Medya Reklam,≤100
1563142747277396,Vecdi Gündoğdu,Vecdi Gundogdu,≤100
1572709256359993,İnternethaber TV,HADİ ÖZIŞIK,≤100
107850404005558,Kent 77,Umut Kucukbayraktar,≤100
103285814499773,Hikmet Yalım Halıcı,Kadir Dede,≤100
111401735197044,Mehmet Aydemir,Mehmet Aydemir,≤100
1156591567874276,Halil Arda,Halil Arda,≤100
364737534025103,Bora Yörükoğlu İYİ Parti,Bora Yörükoğlu İYİ Parti,≤100
679165132193261,Saadet Partisi Kütahya,Hemen hediye,≤100
113229965003082,AK Parti/MHP/BBP Cumhur İttifakı,Erol Cihangir,≤100
103379672374324,meri_istiroti,These ads ran without a disclaimer,≤100
104373561467884,Serhat Servet Dövenci,Serhat Servet Dövenci33,≤100
225545067816330,AK Parti Kaman İlçe Teşkilatı,AK Parti Kaman İlçe Teşkilatı,≤100
557866130988813,Çiftçi TV,Çiftçi TV,≤100
117332004664282,Ali Selman IŞIK Niğde Millet Vekili,Ali Selman Işik,≤100
1014466885240850,Semih Esen,These ads ran without a disclaimer,≤100
1706624339582436,Tüsiar Araştırma Danışmanlık Ltd.Şti,TÜSİAR ARAŞTIRMA DANIŞMANLIK LTD ŞTİ,≤100
107272515319025,,Son Kale Türkiye,≤100
821150371248664,Özgürlük Araştırmaları,Özgürlük Araştırmaları,≤100
104543862591659,Oğuz Kemal Yakar,Oguz Kemal Yakar,≤100
104673902279375,Dilsiz Dua,Güçlü Lider Güçlü Türkiye,≤100
742924015834670,Başak Gazetesi,Başak Gazetesi,≤100
109927550576204,ozayrdvn,ozayrdvn,≤100
108390012832175,Fatih Akkentli,Fatih Akkentli,≤100
107381685008054,Adnan İncetoprak,Adnan İncetoprak,≤100
106617485469890,,Türk Askeri,≤100
151742841902180,İnegölün Sesi,İnegölün Sesi,≤100
109922655427971,,These ads ran without a disclaimer,≤100
298764070816267,Mehmet Tütüncü,Mehmet TÜTÜNCÜ Türkiye Temsilcisi,≤100
101049279648025,Hulusi Akar FAN,Gökhan Akbaba,≤100
804210899660885,Ahmet Katar,Ahmet Katar,≤100
114478244965792,ferdi_kirik,These ads ran without a disclaimer,≤100
610661965731902,Mersin BEYAZ Gündem,Suleyman Tas,≤100
511707202180465,Kangal Aşkk'tır,Fırat Yıldız Ahmet,≤100
167633913392268,Kolejliler,Fırat Yıldız Ahmet,≤100
101949599355129,Bahadır Güler,Bahadır Güler,≤100
1481865401841739,Müge Yıldız Topak,Muge Yildiz Toprak,≤100
1633758113519161,Deniz Depboylu,Deniz Depboylu,≤100
103364436075622,,These ads ran without a disclaimer,≤100
549579538907553,Erhan ÖZHAN I Bünyan I Kayseri,Erhan Ozhan,≤100
1146623488739350,Kocaeli Cumhuriyet TV,Bülent Karagöz,≤100
118314351238278,Ayşegül Aydın Şengöz,Ayşegül Aydın Şengöz,≤100
1688458138057250,Büyükşehir Haber,Büyükşehir Haber,≤100
136130166537386,AK Parti Bursa İl Başkanlığı,AK Parti Bursa İl Başkanlığı,≤100
2616087158407789,Erdal Avcı Büyük Birlik Partisi Samsun Milletvekili Adayi,Erdal Avcı,≤100
1160506840785202,Murat Kurum,Murat Kurum,≤100
170296720302020,Necmettin ERKAN,OPTİMUM MEDYA VE REKLAM TANITIM HİZMETLERİ A.Ş,≤100
1410342882615385,Eskişehir Haber,Eskişehir Haber,≤100
355906905169362,M.Erkut Ekinci,Kemal Afşin Ekinci,≤100
130103131910403,Kırşehir Hakimiyet,Kırşehir Hakimiyet,≤100
107184060866156,Limitsiz Bilgi,These ads ran without a disclaimer,≤100
338192240782851,Davut Gürkan,Davut Gürkan,≤100
113823067080077,DEVA Partisi Sivas İl Teşkilatı,Taha Kutlu Çevik,≤100
190217144502606,Av. Sinan Tekin,Sinan Tekin,≤100
106365685235806,Muaz Ergezen,Muaz Ergezen,≤100
390908874869907,Aydınlık Yaşam,These ads ran without a disclaimer,≤100
102824892800588,Zeynep Bilgiç,Zeynep Bilgiç,≤100
111436922211991,AK Parti İstanbul,AK Parti İstanbul İl Başkanlığı,≤100
165945273419566,Kıbrıs Vakıflar İdaresi,These ads ran without a disclaimer,≤100
102095934751904,Deva Partisi,Deva Partisi,≤100
115647918164842,İbrahim Arslan,İbrahim Arslan,≤100
1803279899993382,"Ni Una Palmadita, Fernanda Restrepo",These ads ran without a disclaimer,≤100
533617450479963,İdris Naim ŞAHİN,İdris Naim ŞAHİN,≤100
612342159242377,Yeniden Refah Partisi Artvin,Talip Sücü,≤100
851556338241562,Ayşen Kurt,Ayşen Kurt,≤100
117838861275362,Fahrettin Tuğrul,Fahrettin Tuğrul,≤100
576440989170311,Atatürk Devrimlerine Sahip Çıkıyoruz,These ads ran without a disclaimer,≤100
659591417849852,Biz Muhalefetiz,Adem Demirkol,≤100
101136958182226,Kırşehir Haber Vakti,Kırşehir Haber Vakti,≤100
254110651270938,Mustafa DESTİCİ,Mustafa DESTİCİ,≤100
104691722197784,صحيفة الاستقلال - العربية,صحيفة الاستقلال,≤100
144369108949589,Prof. Dr. Yasemin AÇIK,Prof. Dr. Yasemin AÇIK,≤100
119341817793138,Göksal Beşkaya,Göksal Beşkaya,≤100
114888940432389,Medya Midas,Medya Midas,≤100
113851270433840,Türkiye İşçi Partisi-Antalya,Eylem Karaman,≤100
462963834529864,Levent Uysal,Levent Uysal,≤100
498108350567415,Nilüfer Deveci,Nilufer Deveci,≤100
102841632670929,Türkiye Gönüllüleri,Türkiye Gönüllüleri,≤100
108250248929461,,These ads ran without a disclaimer,≤100
118280211237745,BBP Cengiz Bayar,Cengiz Bayar,≤100
625595944453722,Ali Abbas Ertürk,Ali Abbas Erturk,≤100
196374208371,ALİ KESKİNKILIÇ,Ali Keskinkılıç,≤100
1807684336017268,Rıdvan Eşin,Gökhan Öztürk,≤100
340208306016360,Kilithaber,Recep Özcan,≤100
112554187889889,Fatih Adalan Blog,Fatih Adalan,≤100
105654439175027,Kaan KOÇ,Selçuk Soner Yılmaz,≤100
106826915720130,Özgür Erdem İncesu,Gökay Şahindokuyucu,≤100
286724078913557,Mustafa Varank,Mustafa Varank,≤100
114766951535202,Konur Alp Koçak,Konur Alp Koçak,≤100
220319391464566,Vahap Akay,Utku Yilmaz,≤100
654681201281174,Mehmet Bülent Karataş,Mehmet Bülent Karataş,≤100
106534895734837,Mehmet Emin Önal,Mehmet Emin Önal,≤100
114651884945940,Zafer Partisi Aydın 1. Sıra Milletvekili Adayı Seray Ünbay,Sensin Kumcuoğlu,≤100
701383649899309,MHP Aydın İl Başkanlığı,MHP Aydın İl Başkanlığı,≤100
1474211066185659,Mustafa Hamarat,Mustafa Hamarat,≤100
105606068096395,Manşet 35,Manşet 35,≤100
103965639335616,Var mısın Antalya?,Faruk Islek,≤100
172312959454958,Mustafa Sarıgül,Mustafa Sarıgül,≤100
209175722605698,Saffet Sancaklı,Saffet Sancaklı,≤100
150253531687373,أخبار الآن - Akhbar Al Aan,These ads ran without a disclaimer,≤100
108625789179165,Soi Dog Foundation,These ads ran without a disclaimer,≤100
35779367485,Pure London,These ads ran without a disclaimer,≤100
175542959311586,Superyacht Life,These ads ran without a disclaimer,≤100
100521169568928,,These ads ran without a disclaimer,≤100