﻿Page ID,Page name,Disclaimer,Amount spent (TRY)
877839188967827,Büyük Türkiye,Adem Demirkol,3833
158829607558395,Milliyetçi Hareket Partisi (MHP),Milliyetçi Hareket Partisi (MHP),3542
141870402543282,AK Parti,Ak Parti,2466
106534895734837,Mehmet Emin Önal,Mehmet Emin Önal,1660
723113807768777,Hasan Eryılmaz,Deniz Guner,1260
503207923065874,45 HABER,Deniz Guner,1126
144295649058307,Ekrem İmamoğlu,Ekrem İmamoğlu,791
176338225842984,Yeşil Sol Parti,Yeşil Sol Parti,579
289270345073936,İsmail Hakkı Bakır,İsmail Hakkı Bakır,543
928921137187670,ALİ UÇAK,Volkan Erel,431
111743571824100,Av. Filiz Tuğçe Ayrancı İplikçi,Deniz Guner,349
510344522371733,Oy ve Ötesi,Oy ve Ötesi,261
1028368393892777,Mehmet Ali Özkan,Mehmet Ali ÖZKAN,203
417251848779475,Mehmet Ersoy,Mehmet Ersoy,197
105860245746871,Sponsorlu Reklamlar,Kamil Gürbüz,195
1002521723283648,Ayhan Kınden,Ayhan Kınden,181
125583954288495,AK Parti Manisa İl Başkanlığı,AK Parti Manisa İl Başkanlığı,138
1930475813747433,Anket Araştırma Merkezi,Anket Araştırma Merkezi,135
274475286702,Muharrem İNCE,Muharrem İNCE,131
372064082969329,AK Parti Akhisar İlçe Teşkilatı,AK Parti Akhisar İlçe Teşkilatı,125
294889615437,Sinan Oğan,Sinan Oğan,120
432246233457476,اخبار الوادي الجديد,These ads ran without a disclaimer,≤100
928921137187670,ALİ UÇAK,These ads ran without a disclaimer,≤100
101316846258251,İbrahim Şenel,Ibrahim Şenel,≤100
202069920361786,İYİ Parti Manisa İl Başkanlığı,İYİ Parti Manisa İl Başkanlığı,≤100
314386289265240,ALİ ZAFER İKSİR,ALİ ZAFER İKSİR,≤100
950162258347563,Denizli Medya,Denizli Medya,≤100
426339260809702,Oğul Aktuna,Oğul Aktuna,≤100
105653029090851,Şenol Aslanoğlu,Şenol Aslanoğlu,≤100
1930475813747433,Anket Araştırma Merkezi,Rukiye Şeyma Aydın,≤100
100964136258105,Erdoğan Çiftcioğlu,Erdoğan Çiftcioğlu,≤100
1581936098727585,Bilal Uludağ,Bilal Uludağ,≤100
114888940432389,Medya Midas,Medya Midas,≤100
108107585034488,Bahadır Erdem,Bahadır Erdem,≤100
547523835259032,Murat Baybatur,These ads ran without a disclaimer,≤100
319026564921676,Vatan Partisi,Vatan Partisi,≤100
103728271055286,Selçuk Kılıçaslan,Selcuk Kilicaslan,≤100
154237964677450,İntegral Yatırım Menkul Değerler A.Ş.,These ads ran without a disclaimer,≤100
191453580768,Yeni Şafak,Piri Medya Anonim Sirketi,≤100
392491680944925,Mevlüt Çavuşoğlu,Mevlüt Çavuşoğlu,≤100
76599755300,Kemal Kılıçdaroğlu,Kemal Kılıçdaroğlu,≤100
111162852275902,Uluslararası Af Örgütü Türkiye Şubesi,Uluslararası Af Örgütü Türkiye Şubesi,≤100
459314071262613,Zeynettin Aydın,Zeynettin Aydın,≤100
105329881493726,Rüstem Çetinkaya,Temmer Marble,≤100
532775093532626,Yücel Bulut,Yucel Bulut,≤100
1256361374466644,Osman Zabun,Osman Zabun,≤100
839363442860590,Dr. Mustafa Canbey,Mustafa Canbey,≤100
104555602151780,Ebrar Nura Umutol,Emrah Bilaloglu,≤100
1156591567874276,Halil Arda,Halil Arda,≤100
118519987873082,Nebi Hatipoğlu,Orangefox Agency,≤100
1414815935509791,MHP Kayseri Milletvekili Baki Ersoy,Latif Ersoy,≤100
246776586058174,Eyyup Yıldız,Eyyup Yıldız,≤100
111743906915630,Ekrem Gökay Yüksel,Ekrem Gökay Yüksel,≤100
526021844442630,İYİ Parti Denizli İl Başkanlığı,İYİ Parti Denizli İl Başkanlığı,≤100
101373896284011,Sma Hastası Azer Bebek - Bağış Kampanyası,Irem Kaplan,≤100
103285814499773,Hikmet Yalım Halıcı,Hikmet Yalım Halıcı,≤100
500796300357232,Turgay Baştuğ,Milliyetçi Hareket Partisi Ankara İl Başkanlığı,≤100
319726958236378,Turan Yaldır,Turan Yaldır,≤100
1411702415710467,Zekai Kaya,Zekai Kaya,≤100
210993622366044,TVNET,TVNET,≤100
2144200562485838,Milli Yol Partisi Manisa İl Başkanlığı,Ilkay Şimşek,≤100
104205562634100,Hakan Satılmış,Hakan Satılmış,≤100
219895681531374,İbrahim Ethem Sedef,Kenan Filik,≤100
1952748275030916,Kürşad Mithat ÖZKAN,Kursad Mithat Ozkan,≤100
210636876843,Türkiye Gençlik Birliği (TGB),Türkiye Gençlik Birliği-TGB,≤100
107233182319799,Hatice Yıldız,Ramazan Savaş,≤100
145750926090655,Zeki Gül,Zeki Gül,≤100
102759276133977,Sema Silkin Ün,Sema Silkin Ün,≤100
413113452433564,Cengiz Gökçel,Cengiz Gökçel,≤100
906394629482043,CHP Parti Okulu,CHP Parti Okulu,≤100
466041427161963,ERSİN BEYAZ,Ersin Beyaz,≤100
113338154997825,nisanur.bebek.yasasin,These ads ran without a disclaimer,≤100
109557384233443,Yüksel Taşkın,Yüksel Taşkın,≤100
114597108291949,,Abdelrahman Farouk,≤100
100474483029551,Trabzon için Hemen Şimdi,Adil Çözüm,≤100
598725973543356,CHP Antalya İl Gençlik Kolları,CHP Antalya Gençlik Kolları,≤100
127896160644676,KORAY AYDIN,KORAY AYDIN,≤100
107056595666112,Hasan Ercüment Taşdemir CHP Antalya Milletvekili Adayı,Hasan Ercüment Taşdemir CHP Antalya Milletvekili Adayı,≤100
834954409860187,Gamze Akkuş İlgezdi,Gamze Akkuş İlgezdi,≤100
116014468128749,Ferhat Kabaiş,Rengin Uğur,≤100
101315571670453,Webagron Tarımsal İçerik Platformu,Webagron Tarımsal İçerik Platformu,≤100
2281400925408962,Türkiye'ye Sahip Çık,Arda Akın,≤100
119960821075537,Milletin Sesi,Kurumsal Reklam,≤100
105490174926326,Medya Penceresi TV,Medyatik Haber,≤100
108552928182311,Al Sancak Partisi,Nuri Çelebi,≤100
111589081920420,Kadınların Gücü,Kurumsal Reklam,≤100
113506495059583,Kadınların Reisi,Kurumsal Reklam,≤100
100345912204104,Nuri Cengiz,Cumhuriyet Halk Partisi,≤100
180404128680446,Dr. Şadi YAZICI,Dr. Şadi YAZICI,≤100
106561381741274,Promosyon Kahve,GANİTTO GIDA SANAYİ VE TİCARET ANONİM ŞİRKETİ,≤100
369391953226531,Eyüp Eroğlu,Akif Yurdakul,≤100
105716839182141,Köylü Kadın,Kurumsal Reklam,≤100
113562291720284,Cumhuriyetçi Kadın,Kurumsal Reklam,≤100
120293891041256,Deli Kadın,Kurumsal Reklam,≤100
674523449330207,Yavuz Aydın,Yavuz Aydin,≤100
100930021431743,Gazete Kolektif,Ercan Erdal,≤100
123982957679760,Anadolu Gazetesi,Anadolu Gazetesi,≤100
787833781580301,,Adem Demirkol,≤100
103599182728857,Doğru Adam,Kurumsal Reklam,≤100
117491812983397,Yurttan Sesler,Yurttan Sesler,≤100
1437665699815071,Doğruluk Payı,Dogruluk Payı,≤100
100625766126116,Cominify,Cominify,≤100
833329183349879,Ahmet YELİS,Ahmet Yelis,≤100
108855465479915,Halk Haber Ajansı Yerel Gündem,Resul Mesut Büyüksarı,≤100
107276120819529,Halk Haber TV,SİRİUS REKLAM ORGANİZASYON SANAYİ VE TİCARET LİMİTED ŞİRKETİ,≤100
1986133791650620,Lütfi Kaşıkçı,Gülşah Erbey Dağ,≤100
117292434655657,Mehmet Kamil ŞİRİN,Nergiz Elmas Aydoğdu,≤100
1407759386141852,Ahmet Akın,Ahmet Akin,≤100
115689658163861,Hakan Öztürk,Özge Akman,≤100
111452065252314,m.tamer.cantekin,M Tamer Cantekin,≤100
114079334979839,Sibel Suiçmez,Sibel Suiçmez,≤100
114800218162558,Haber Penceresi,Haber Penceresi,≤100
108376020766134,Metin Bolat,Metin Bolat,≤100
109514177857013,Yeniden Refah Partisi Simav,Yeniden Refah Partisi Simav İlçe Başkanlığı,≤100
122690747467671,Sana Söz Türkiye,Kurumsal Reklam,≤100
890935934274178,Serdar Sandal,Burak Özer,≤100
103536752705365,Av.Gülümser Ceylan Köle,Gulsah Çıplak Dingil,≤100
755201084826878,Aşkın Tören,Aşkın Tören,≤100
105376981385020,Referandom,Referandom,≤100
108049655614131,Cumhurun Seçimi,Kurumsal Reklam,≤100
101906452899804,Bay Kemal,Kurumsal Reklam,≤100
105724511499805,Yeniden Refah Partisi,Yeniden Refah Partisi,≤100
109648772104972,NNC MEDYA I nnchaber.com.tr,Kağan Onaran,≤100
140117882722855,TE Bilişim,TE Bilişim Yazılım İnternet Kiralama Hizmetleri,≤100
330466260695795,Haber Samsun,Haber Samsun,≤100
100254126174703,Mavi Marmara Gazetesi,Mavi Marmara Gazetesi,≤100
109530428771561,Ali Paşa Naipoğlu,Nergiz Elmas Aydoğdu,≤100
120114614397446,,Sinan Ergül,≤100
106406051603973,Mega Haber,Mega Haber,≤100
1493940890859471,Birileri Var,Birileri Var,≤100
114951609920936,Kısa Dalga Medya,Kısa Dalga Medya,≤100
805926876122264,Suat Özçağdaş,Suat Özçağdaş,≤100
103984509238399,Halk Haber,Halk Haber,≤100
103400816031847,Halkhaberajansı,Sirius Reklam Organizasyon Sanayi ve Ticaret Ltd. Şti,≤100
101353555909780,HaberWepte.Com,HaberWepte.Com,≤100
111079321959977,Alperen Özmen,Alperen Özmen,≤100
103285814499773,Hikmet Yalım Halıcı,Kadir Dede,≤100
102588741231494,Harun Özgür Yıldızlı,Harun Özgür Yıldızlı,≤100
109381015468594,Halil Yıldırım BBP,Halil Yıldırım,≤100
815048841929079,M. Ergün Turan,M. Ergün Turan,≤100
119377904457065,Kayseri Bağımsız Milletvekili Adayı Emre Çakmakçi,Emre Çakmakçi,≤100
103364436075622,,These ads ran without a disclaimer,≤100
117838861275362,Fahrettin Tuğrul,Fahrettin Tuğrul,≤100
117332004664282,Ali Selman IŞIK Niğde Millet Vekili,Ali Selman Işik,≤100
1014466885240850,Semih Esen,These ads ran without a disclaimer,≤100
231927487518942,Dr. Pelin Coştur Filiz,Erol Derin,≤100
104543862591659,Oğuz Kemal Yakar,Oguz Kemal Yakar,≤100
557866130988813,Çiftçi TV,Çiftçi TV,≤100
1572709256359993,İnternethaber TV,HADİ ÖZIŞIK,≤100
442942082484899,Ege Gündem Gazetesi,Ege Gündem Gazetesi,≤100
113229965003082,AK Parti/MHP/BBP Cumhur İttifakı,Erol Cihangir,≤100
107850404005558,Kent 77,Umut Kucukbayraktar,≤100
2641298465896629,Muhammet Gür,Muhammet Gür,≤100
126424754165391,Yunus Kaan Kısaca,Yunus Kaan  Kisaca,≤100
101519926236417,Mustafa Akın,Mustafa Akın,≤100
144096473392,Yeşil Gazete,Yeşil Gazete,≤100
115203036969497,Mehmet Yunus Seven,Mehmet Yunus Seven,≤100
462265987454835,Yılmaz Şanlan,Yılmaz Şanlan,≤100
742924015834670,Başak Gazetesi,Başak Gazetesi,≤100
1573208652936912,Mustafa Erdem,Mustafa Erdem,≤100
107381685008054,Adnan İncetoprak,Adnan İncetoprak,≤100
465887546792664,Halkın Kurtuluş Partisi - HKP,TAYFUR BİN,≤100
116108505131797,İsmail Erdem,İsmail Erdem,≤100
737340966376001,Metin Kala,Metin Kala,≤100
364737534025103,Bora Yörükoğlu İYİ Parti,Bora Yörükoğlu İYİ Parti,≤100
219031704851494,SAS (Satın Almayın Sahiplenin),Fırat Yıldız Ahmet,≤100
225545067816330,AK Parti Kaman İlçe Teşkilatı,AK Parti Kaman İlçe Teşkilatı,≤100
679165132193261,Saadet Partisi Kütahya,Hemen hediye,≤100
100293946395534,,These ads ran without a disclaimer,≤100
114655564943356,,These ads ran without a disclaimer,≤100
701383649899309,MHP Aydın İl Başkanlığı,MHP Aydın İl Başkanlığı,≤100
821150371248664,Özgürlük Araştırmaları,Özgürlük Araştırmaları,≤100
298764070816267,Mehmet Tütüncü,Mehmet TÜTÜNCÜ Türkiye Temsilcisi,≤100
109927550576204,ozayrdvn,ozayrdvn,≤100
114651884945940,Zafer Partisi Aydın 1. Sıra Milletvekili Adayı Seray Ünbay,Sensin Kumcuoğlu,≤100
151742841902180,İnegölün Sesi,İnegölün Sesi,≤100
108390012832175,Fatih Akkentli,Fatih Akkentli,≤100
1688458138057250,Büyükşehir Haber,Büyükşehir Haber,≤100
1586908438234661,İsmail Faruk AKSU,İsmail Faruk AKSU,≤100
101949599355129,Bahadır Güler,Bahadır Güler,≤100
1563142747277396,Vecdi Gündoğdu,Vecdi Gundogdu,≤100
612342159242377,Yeniden Refah Partisi Artvin,Talip Sücü,≤100
390908874869907,Aydınlık Yaşam,These ads ran without a disclaimer,≤100
104790481715851,ازجمله,Azjomle,≤100
238363898094485,Balıkesirin Sesi,Balıkesirin Sesi,≤100
104673902279375,Dilsiz Dua,Güçlü Lider Güçlü Türkiye,≤100
104373561467884,Serhat Servet Dövenci,Serhat Servet Dövenci33,≤100
511748452272603,Av. Halil Öztürk,Yahsi Media,≤100
511707202180465,Kangal Aşkk'tır,Fırat Yıldız Ahmet,≤100
1668169733465490,مركز الحوار السوري,مركز الحوار السوري,≤100
107272515319025,,Son Kale Türkiye,≤100
106617485469890,,Türk Askeri,≤100
167633913392268,Kolejliler,Fırat Yıldız Ahmet,≤100
1410342882615385,Eskişehir Haber,Eskişehir Haber,≤100
106789305232883,وكالة الشرق الأوسط الإخبارية,وكالة الشرق الأوسط الإخبارية,≤100
1633758113519161,Deniz Depboylu,Deniz Depboylu,≤100
374547199341007,Emin ÇINAR,Emin Çınar,≤100
1160506840785202,Murat Kurum,Murat Kurum,≤100
2616087158407789,Erdal Avcı Büyük Birlik Partisi Samsun Milletvekili Adayi,Erdal Avcı,≤100
111917151872313,Ergün Tekin,Ergün Tekin,≤100
136130166537386,AK Parti Bursa İl Başkanlığı,AK Parti Bursa İl Başkanlığı,≤100
851556338241562,Ayşen Kurt,Ayşen Kurt,≤100
118314351238278,Ayşegül Aydın Şengöz,Ayşegül Aydın Şengöz,≤100
463215923715177,Mehmet Yiğiner,Bekir Koyuncu,≤100
1146623488739350,Kocaeli Cumhuriyet TV,Bülent Karagöz,≤100
110222395380504,Vedat Necmettin Arslanoğlu,Vedat Necmettin Arslanoğlu,≤100
114478244965792,ferdi_kirik,These ads ran without a disclaimer,≤100
115647918164842,İbrahim Arslan,İbrahim Arslan,≤100
102824892800588,Zeynep Bilgiç,Zeynep Bilgiç,≤100
338192240782851,Davut Gürkan,Davut Gürkan,≤100
101049279648025,Hulusi Akar FAN,Gökhan Akbaba,≤100
111436922211991,AK Parti İstanbul,AK Parti İstanbul İl Başkanlığı,≤100
106365685235806,Muaz Ergezen,Muaz Ergezen,≤100
107184060866156,Limitsiz Bilgi,These ads ran without a disclaimer,≤100
190217144502606,Av. Sinan Tekin,Sinan Tekin,≤100
1518235858465324,Uşak Olay,Uşak Olay,≤100
106977872374373,İsmail Aybars AKSOY,Aybars Aksoy,≤100
610661965731902,Mersin BEYAZ Gündem,Suleyman Tas,≤100
101346888734712,neosailing,These ads ran without a disclaimer,≤100
103379672374324,meri_istiroti,These ads ran without a disclaimer,≤100
108250248929461,,These ads ran without a disclaimer,≤100
254110651270938,Mustafa DESTİCİ,Mustafa DESTİCİ,≤100
549579538907553,Erhan ÖZHAN I Bünyan I Kayseri,Erhan Ozhan,≤100
576440989170311,Atatürk Devrimlerine Sahip Çıkıyoruz,These ads ran without a disclaimer,≤100
112554187889889,Fatih Adalan Blog,Fatih Adalan,≤100
165945273419566,Kıbrıs Vakıflar İdaresi,These ads ran without a disclaimer,≤100
1807684336017268,Rıdvan Eşin,Gökhan Öztürk,≤100
1706624339582436,Tüsiar Araştırma Danışmanlık Ltd.Şti,TÜSİAR ARAŞTIRMA DANIŞMANLIK LTD ŞTİ,≤100
103965639335616,Var mısın Antalya?,Faruk Islek,≤100
418278521564377,CHP Muğla İl Başkanlığı,CHP Muğla İl Başkanlığı,≤100
104691722197784,صحيفة الاستقلال - العربية,صحيفة الاستقلال,≤100
119341817793138,Göksal Beşkaya,Göksal Beşkaya,≤100
619126554886307,Ali Hikmet Akıllı,Ali Hikmet Akilli,≤100
2055232158049015,Dr.Şahin Talus,Dr.Şahin Talus,≤100
203313693133528,samsunanaliz.com,samsunanaliz.com,≤100
546697155416305,AK Parti Denizli İl Başkanlığı,AK Parti Denizli İl Başkanlığı,≤100
105930572489375,Mehmet Ali Karamemiş Çankırı Milletvekili Adayı,Mehmet Ali Karamemiş,≤100
113851270433840,Türkiye İşçi Partisi-Antalya,Eylem Karaman,≤100
209175722605698,Saffet Sancaklı,Saffet Sancaklı,≤100
1540559519551922,Saruhan Oluç,Saruhan Oluç,≤100
101774565815407,Seyfullah Yavuzer Siyaset ve Gündem,Seyfullah Yavuzer Siyaset ve Gündem,≤100
498108350567415,Nilüfer Deveci,Nilufer Deveci,≤100
355906905169362,M.Erkut Ekinci,Kemal Afşin Ekinci,≤100
1600287556851102,İsmet AKIN,İsmet AKIN,≤100
105606068096395,Manşet 35,Manşet 35,≤100
621229804571861,Fethi Yaşar,Fethi Yaşar,≤100
365143460306115,Şerafettin Kılıç,Saadet Partisi,≤100
654681201281174,Mehmet Bülent Karataş,Mehmet Bülent Karataş,≤100
1380594035550142,Aydınpost,AYDINPOST,≤100
150253531687373,أخبار الآن - Akhbar Al Aan,These ads ran without a disclaimer,≤100
100521169568928,,These ads ran without a disclaimer,≤100
109922655427971,,These ads ran without a disclaimer,≤100
175542959311586,Superyacht Life,These ads ran without a disclaimer,≤100
35779367485,Pure London,These ads ran without a disclaimer,≤100