﻿Page ID,Page name,Disclaimer,Amount spent (QAR)
147508189171534,مفروسات,These ads ran without a disclaimer,≤100
117100911435271,Canada Online Visa Apply 2,These ads ran without a disclaimer,≤100
156850176567,المجلة,These ads ran without a disclaimer,≤100
109953788798467,ghassanhajjaj,These ads ran without a disclaimer,≤100
138457552871898,Live Aqua Beach Resort Cancun,These ads ran without a disclaimer,≤100
110891261067975,Uluslararası Doğu Türkistan Sivil Toplum Kuruluşları Birliği,These ads ran without a disclaimer,≤100
10250877124,Arab News,These ads ran without a disclaimer,≤100
216311481960,Bill Gates,These ads ran without a disclaimer,≤100