﻿Page ID,Page name,Disclaimer,Amount spent (USD),Number of ads in Library
321556547861146,SDY Mongolia,SDY Mongolia,≤100,2
171521449877169,Жамбалын Ганбаатар,Ganbaatar Jambal,≤100,1
339646519820476,Garden City хотхон,Garden City хотхон,≤100,8
1723073914575139,Жамбын Батсуурь,Б. Тэргэл,≤100,1
979761452058198,Batsukh Saranchimeg Батсүхийн Саранчимэг,Batsukh Saranchimeg Батсүхийн Саранчимэг,≤100,1
101698438618643,Х & Ц Online Shop,Тоншуул Мэдээ,≤100,1
218413031955878,ЭЛБЭТ ус халаагчтай угаалтуур,ЭЛБЭТ ус халаагчтай угаалтуур,≤100,1
2276289452390452,TsTrading,TsTrading,≤100,1
1086765734668483,Бямбасүрэнгийн Энх-Амгалан,Enkh-Amgalan Byambasuren,≤100,2
316847271701904,Zindaa.mn,Х. Доржпалам,≤100,1
383345825359559,Энхтайваны Бат-Амгалан,Tugsbayar Batsaikhan,≤100,1
200480966638039,Supremacy 1914,These ads ran without a disclaimer,≤100,2
101252088988452,Шоовдорын ТӨМӨРСҮХ/Эрх Чөлөөг Хэрэгжүүлэгч  Нам/,Шоовдорын Төмөрсүх,≤100,1
109352650803239,"Улсын эрх ашиг, тусгаар тогтнолын нам FB page",Batjargal Gochoosuren,≤100,1
118592938221174,ZTE Corporation,These ads ran without a disclaimer,≤100,1
469201610080869,Binance,These ads ran without a disclaimer,≤100,1
299227550122220,Radio Cina Internazionale,These ads ran without a disclaimer,≤100,2
111414593682088,CNPC Russian,These ads ran without a disclaimer,≤100,1
31292782350,Deutschland.de,These ads ran without a disclaimer,≤100,2
320948257943554,Бостонский Кругозор,These ads ran without a disclaimer,≤100,1