﻿Page ID,Page name,Disclaimer,Amount spent (SEK)
122854408319,Hjärt-Lungfonden,Hjärt-lungfonden,557
151159271594797,Systembolaget,Systembolaget,355
608975645850217,Vattenfall,Vattenfall Sverige,353
197334613725511,Act Svenska kyrkan,Act Svenska kyrkan,333
371791194529,Världsnaturfonden WWF,Världsnaturfonden WWF,302
72659261793,Rädda Barnen,Rädda Barnen,279
126567104406,Hyresgästföreningen,Hyresgästföreningen,277
473182566110689,Inre Kraft - Personlig Assistans & Hemtjänst,Inre Kraft - Personlig Assistans & Hemtjänst,228
114526821939129,Arla,Arla,222
239855722130,Nyhetsmagasinet Fokus,Fokus,203
111630258867610,Röda Korset,Röda Korset,192
643137272398136,Sverige för UNHCR,Sverige för UNHCR,191
109886133732943,RESCUE - Sverige,RESCUE - Sverige,152
68115370786,Läkare Utan Gränser (MSF),Läkare Utan Gränser/ Médecins sans Frontières (MSF Sweden),147
275956041421,Norrländska Socialdemokraten,Norr Media AB,136
59324455950,UNICEF Sverige,UNICEF Sverige,133
95735961890,Greenpeace Sverige,Greenpeace Sverige,132
382243262003,Plan International Sverige,Plan International Sverige,127
369582590803,Dagens ETC,ETC-tidningarna,114
157164123601,Trafikverket,Trafikverket,111
107366512646481,Piteå-Tidningen,Norr Media AB,105
321668054486,Norrbottens-Kuriren,Norr Media AB,105
111842515680597,Hyresgästföreningen Norrland,Hyresgästföreningen,104
162985227114132,Skellefteå Kraft,Skellefteå Kraft,≤100
314872662206,Ekonomifakta,Ekonomifakta,≤100
42676805259,Diakonia,Diakonia,≤100
90882504375,Svenskt Näringsliv,Svenskt Näringsliv,≤100
101093151787525,Projekt Malmporten,Luleå Hamn,≤100
128452220525979,CIVIL RIGHTS DEFENDERS,CIVIL RIGHTS DEFENDERS,≤100
103296115466644,Skattenytta,Kommissionen för Skattenytta,≤100
19746853632,Djurens Rätt,Djurens Rätt,≤100
129841741852473,Folkhälsodalen,Folkhälsodalen,≤100
161213770567846,Operation Smile Sverige,Operation Smile Sverige,≤100
110723197258182,Sverige inför verkligheten,Sverige inför verkligheten,≤100
153028052500,Kvinna till Kvinna,Stiftelsen Kvinna till Kvinna,≤100
188616781161573,World Animal Protection Sverige,World Animal Protection Sverige,≤100
153270724787,Amnesty International Sverige,Amnesty International Sverige,≤100
163820136238,LO Sverige,Landsorganisationen Sverige,≤100
809338299217333,Svenska Epoch Times,Svenska Epoch Times,≤100
195379633820701,Svenskt Kött,Svenskt Kött,≤100
1005361066218702,Norrtåg,Norrtåg,≤100
130927360876045,Tidningen Näringslivet,Tidningen Näringslivet,≤100
186513678039755,Fortum,Fortum Sverige,≤100
276108117859,Svenska Afghanistankommittén,Svenska Afghanistankommittén,≤100
279974638809211,Oxfam Sverige,Oxfam Sverige,≤100
114207471980575,Brightnestgroup,Brightnest,≤100
219410318157271,Läkarmissionen,These ads ran without a disclaimer,≤100
312084019369,Dagens Medicin,Dagens Medicin,≤100
109609604086656,Vejpkollen.se,Vejpkollen.se,≤100
162523667123095,Utvecklingsmagasinet,Föreningen för Utvecklingsfrågor,≤100
237146235237,Timbro,Tankesmedjan Timbro,≤100
379686162129542,Svea Bank,Svea Ekonomi,≤100
899603916845362,JAG Personlig assistans,JAG Personlig assistans,≤100
17775970938,Cancerfonden,Cancerfonden,≤100
732284166977797,Odlarna.se,Odlarna.se,≤100
72832167834,Skattebetalarnas Förening,Skattebetalarnas Förening,≤100
178193355556765,Nordström Assistans AB,Nordström Assistans AB,≤100
328754490337,Vårdförbundet,Vårdförbundet,≤100
18880778360,ActionAid Sweden,ActionAid Sweden,≤100
653072158104424,Emma Wiesner,Emma Wiesner,≤100
163305633746125,Karneval förlag,Holviks,≤100
539297539496434,Dagens Samhälle,Dagens Samhälle,≤100
91217182731,Nordiska museet,Nordiska museet,≤100
179931025357058,Kommunal,Kommunal,≤100
1633181116933852,SvD Junior,SvD Junior (SvD),≤100
100941935326134,RekonstruktionsGruppen,Rekonstruktionsgruppen Sverige AB,≤100
108492218918,IF Metall,IF Metall,≤100
244897208924797,Arbetet,Arbetet,≤100
234172635050,Forum för levande historia,Forum för levande historia,≤100
356032977210,Vi-skogen,Vi-skogen,≤100
342082639196399,Norran,Norr Media AB,≤100
965458110149319,Byggindustrin,Byggindustrin,≤100
1834885946761575,DB Schenker i Sverige,DB Schenker i Sverige,≤100
147130095338054,Unga Reumatiker,Unga Reumatiker,≤100
249195615122371,Sara Skyttedal,Sara Skyttedal,≤100
212604496324,Fackförbundet ST,Fackförbundet ST,≤100
166406746310,Resumé,Resumé,≤100
273053169937029,ClimateHero,ClimateHero,≤100
382066395683576,Dustin,Dustin,≤100
576845979156129,Techarenan,Techarenan,≤100
1439778006254125,Evin Incir,Socialdemokraterna i Europaparlamentet,≤100
103748735910345,Snusarnas Riksförbund,Snusarnas Riksförbund,≤100
650986664955228,"Myndigheten för ungdoms- och civilsamhällesfrågor, MUCF","Myndigheten för ungdoms- och civilsamhällesfrågor, MUCF",≤100
518144408210153,Våra barns klimat,Våra barns klimat,≤100
1402657726653154,Hallå konsument,Konsumentverket,≤100
10150161538825010,Medborgarskolan,Medborgarskolan,≤100
1042091032500520,Kvartal,Kvartal,≤100
323156205347,Vänsterpartiet,Vänsterpartiet,≤100
1592395117505407,Näringslivets medieinstitut,Näringslivets Medieinstitut,≤100
173745622660246,Bring Sverige,Bring Sverige,≤100
1829725353928210,Tomas Tobé,Tomas Tobé,≤100
767749640051136,Heléne Fritzon,Socialdemokraterna i Europaparlamentet,≤100
245214805905370,Konkret,Opulens Förlag AB,≤100
101662298069604,OIKOS,Insamlingsstifftelsen för Svensk Konservatism,≤100
676246449160270,Sverigedemokraterna,Sverigedemokraterna,≤100
178362315106,European Parliament,European Parliament,≤100
1540294046226139,Feministsmeden,Feministsmeden,≤100
146593541117,nwt.se,NWT Media AB,≤100
110605492300,RFSL,RFSL,≤100
150909028299502,Jernkontoret,Jernkontoret,≤100
129016447116122,Aktuell Hållbarhet,Aktuell Hållbarhet,≤100
108878133830874,Grön flygplats,Projektet Grön Flygplats; finansierat av Svenska Regionala Flygplatser och Europeiska Regionala Utvecklingsfonden,≤100
8040892957,Socialdemokraterna,Socialdemokraterna,≤100
334691179891,Swedavia,These ads ran without a disclaimer,≤100
712230305617939,Uniper i Sverige,Uniper i Sverige,≤100
324914190902686,Magasinet Paragraf,Magasinet Paragraf,≤100
182726910344,Hela Sverige Ska Leva,Hela Sverige Ska Leva,≤100
347852331958080,En Företagares Vardag,En Företagares Vardag,≤100
287880713020478,Rörelsen,Rörelsen,≤100
257888154669865,Conscia Sverige,Conscia Sverige AB,≤100
140417992681511,Clowner utan Gränser,Clowner utan Gränser,≤100
217391588404948,Katalys,Katalys,≤100
902764029818093,Childxfoundation,Stiftelsen Child10,≤100
188841442268,Woolpower,Woolpower AB,≤100
369394169798855,Raoul Wallenberg Academy,Raoul Wallenberg Academy,≤100
181590825305317,COWI Sverige,COWI Sverige,≤100
116925568090841,MiljonKungen,These ads ran without a disclaimer,≤100
127247477329764,Studiefrämjandet,Studiefrämjandet,≤100
329452290816078,Tidningen Market,Tidningen Market,≤100
178042775588482,Reportrar utan gränser,Reportrar utan gränser,≤100
656462304404326,Служба розшуку дітей,These ads ran without a disclaimer,≤100
964870226927385,Svensk biblioteksförening,Svensk biblioteksförening,≤100
45101268520,SSU,SSU,≤100
105345278410827,Frälsningsarméns sociala arbete,Frälsningsarmén,≤100
1797724450537743,GoClimate,GoClimate,≤100
113710601984970,Barnfonden,Barnfonden,≤100
66496453715,Miljöpartiet de gröna i Umeå,Miljöpartiet de gröna i Umeå,≤100
369337099772743,Skanska Sverige,Skanska Sverige,≤100
342952129133948,Kultur i Malmö,Kultur i Malmö,≤100
114262485262083,Konsumentverket,Konsumentverket,≤100
337086006951883,Jessica Polfjärd,Moderaterna,≤100
266170183550491,Nya Kompisbyrån,Nya Kompisbyrån,≤100
101320658099429,Renoveringsraseriet,Renoveringsraseriet,≤100
320930784643530,Storasyster,Storasyster,≤100
183959274989548,Landsbygdsnätverket,Landsbygdsnätverket,≤100
104952875797501,Carina Ohlsson,Svenska socialdemokrater i Europaparlamentet,≤100
296423575695,Afrikagrupperna,Afrikagrupperna,≤100
422674604503473,Forum Betong,Svensk Betong,≤100
100253435575183,EPHI - Environment and Public Health Institute,Environment and Public Health Institute,≤100
1498384680401285,Altinget.se,Altinget,≤100
1432591790382295,ByMartinsdotter,By Martinsdotter,≤100
78227917578,Bohusläningen,Bohusläningen,≤100
505229989560231,Kristdemokraterna i Skåne,Kristdemokraterna i Skåne,≤100
1522679411362377,Lighthouse - Swedish Maritime RD&I collaboration platform,Lighthouse - Swedish Maritime RD&I collaboration platform,≤100
1545369075688158,Brottsofferjouren Sverige,Brottsofferjouren Sverige,≤100
171732326218384,Handelsanställdas förbund,Handelsanställdas förbund,≤100
393959767360779,Sverigedemokraterna Region Skåne,Sverigedemokraterna Region Skåne,≤100
231705333633358,Göteborgs stift Svenska kyrkan,Göteborgs stift Svenska kyrkan,≤100
273402369438867,By Billgren,By Billgren AB,≤100
1230018870391467,Medborgerlig Samling Uppsala,Medborgerlig Samling Uppsala Län,≤100
140038609395696,Lif,LIF - de forskande läkemedelsföretagen,≤100
190533360983432,FUF - Föreningen för Utvecklingsfrågor,Föreningen för Utvecklingsfrågor,≤100
197762513603868,MÄN,MÄN,≤100
62044983625,The Amazing Society,The Amazing Society,≤100
209271425846739,Open Doors Sverige,Open Doors Sverige,≤100
127063960674693,Svenska Freds- och Skiljedomsföreningen,Svenska Freds- och Skiljedomsföreningen,≤100
135062563176874,Utrikespolitiska Institutet,Utrikespolitiska Institutet,≤100
106580707868719,Miljöpartiet de gröna i Åtvidaberg,Miljöpartiet i Åtvidaberg,≤100
764893650241446,Equal -För ett jämlikt Stockholm,Equal,≤100
100261020152077,Väsbymoderaterna,Väsbymoderaterna,≤100
161935043870264,Sverigedemokraterna Eskilstuna,Sverigedemokraterna Eskilstuna,≤100
183335719038547,Kristdemokraterna Svedala,These ads ran without a disclaimer,≤100
108625789179165,Soi Dog Foundation,These ads ran without a disclaimer,≤100
1544485135838767,Svenskt Näringsliv Mellansverige,Svenskt Näringsliv Mellansverige,≤100
221023000792,Akademikerförbundet SSR,Akademikerförbundet SSR,≤100
118090278221826,Erikshjälpen,Erikshjälpen,≤100
116019557765365,Selager,These ads ran without a disclaimer,≤100
104137702487925,The Adam Salomonsson,The Adam Salomonsson,≤100
112644953916525,Facklig Vänster,Vänsterpartiet,≤100
111005714391,Scouterna,Scouterna,≤100
267353906619818,Mr. Gugu & Miss Go,These ads ran without a disclaimer,≤100
306583979393918,Fredens Hus,Fredens Hus,≤100
273254886116655,Motargument,Motargument,≤100
536156530105433,Demokratibygget,Demokratibygget,≤100
273249776157066,Vänsterpartiet Solna,Vänsterpartiet Solna,≤100
117743906738799,"Ickevåld - mötesplats för aktivister, forskare och rörelser",Studieförbundet Bilda Nord,≤100
62185934430,Olof Palmes Internationella Center,Olof Palmes Internationella Center,≤100
108795227704477,ألوان أوروبا Alwan Europe,ألوان أوروبا Alwan Europe,≤100
699733880123060,Tjejjouren i Lund - en transinkluderande jour,Tjejjouren i Lund,≤100
173901972642378,Kristdemokraterna i Huddinge,Kristdemokraterna i Huddinge,≤100
2142338292553109,Transportföretagen,These ads ran without a disclaimer,≤100
7719591155,Moderaterna,Moderaterna,≤100
108216678020301,CGH & Jobbfrågan,Svensk Jobbdemokrati,≤100
175873745789190,Vänsterpartiet Göteborg,Vänsterpartiet Göteborg,≤100
223053457729155,Unga Örnar,Unga Örnars Riksförbund,≤100
112338252157105,Viskadalen,Viskadalen,≤100
390479295816,Socialdemokraterna i Jönköpings län,Socialdemokraterna i Jönköpings län,≤100
116329081771508,Luleå tekniska universitet,These ads ran without a disclaimer,≤100
1647844658817962,Icebug Germany & Austria,These ads ran without a disclaimer,≤100
116694038124703,Lkkass1,These ads ran without a disclaimer,≤100
205332123261241,Знакомства RusDate,These ads ran without a disclaimer,≤100
144709575593854,EESC - European Economic and Social Committee,EESC - European Economic and Social Committee,≤100
608650595820049,The Conqueror Challenges,These ads ran without a disclaimer,≤100
108402138766772,Greenstep Sweden,These ads ran without a disclaimer,≤100
170524576438968,Airsonett Sverige,These ads ran without a disclaimer,≤100
171195311682401,ParentzTalk - Activities,These ads ran without a disclaimer,≤100