﻿Page ID,Page name,Disclaimer,Amount spent (RON)
1058116737612843,USR,Uniunea Salvați România,≤100
1395939193764858,Marcel Ciolacu,Partidul Social Democrat,≤100
178362315106,European Parliament,European Parliament,≤100
137651470305528,Federația Patronală Petrol și Gaze,Federatia Patronală Petrol și Gaze,≤100
109260655301896,Dezvaluiri,Dezvaluiri,≤100
163943696987223,Ziarul Puterea,Ziarul Puterea,≤100
990747367737692,Cătălin Drulă,Uniunea Salvați România,≤100
321890494859228,Vlad Gheorghe,GHEORGHE VLAD-DAN,≤100
1422685664661575,Grupul de Presa MediaUno,Grupul de Presa MediaUno,≤100
112599703659958,Green News,ASOCIATIA GREEN ACADEMY,≤100
100211372942318,România=GEȚIA,Mărgărit-Daniel Buzoi,≤100
293443534092169,Victor Negrescu,Victor Negrescu,≤100
360828814115641,Asociatia Slujire Crestina,Asociatia Slujire Crestina,≤100
106087515621317,Ora de Stiri,Ora de Stiri,≤100
600025356762034,Carina Pflege Locuri de munca Germania,Olimpia Schugar,≤100
509479962851716,Alexandru Kocsis,Romanii trebuie sa stie,≤100
149371012371397,Newsweek Romania,Newsweek Romania,≤100
112664490103704,Salvăm România,Salvăm România,≤100
100348189494015,Robert Vitoș,Robert Vitos,≤100
101340741758468,Radu Pescar,Pescar Radu Mircea,≤100
207741001672,Speranta pentru Romania,Speranta pentru Romania,≤100
2546711162025064,Politice.net,politice.net,≤100
1491544234239734,Forța Dreptei,Forta-Dreptei,≤100
338465666278028,Cristian Niculescu Țâgârlaș,PNL Maramureş,≤100
1047658422027323,Dan Ivan,Ivan Dan,≤100
159027940804196,Consiliul Superior al Magistraturii,Complete media,≤100
103640708229788,Laurențiu Marin,Laurentiu-Daniel Marin,≤100
698760586929790,USR Constanța,USR Constanța,≤100
110508400795493,Teodor Lazăr,Lazar Teodor,≤100
185582988821530,Cătălin Teniță,Cabinet Parlamentar Dragoș-Cătălin Teniță,≤100
104484254797326,Laura Vicol,Deputat Laura Vicol,≤100
939093039450192,PS News,PS News,≤100
181221645364365,Carmen Avram,Carmen Avram,≤100
1164341813627057,Maria Gabriela Horga,Gabriela Horga,≤100
1157480384268430,Partidul Umanist Social Liberal PUSL Sediul Central,Partidul Umanist Social Liberal,≤100
54779960819,United Nations,United Nations with Facebook Ad Credits,≤100
686190454826244,Declic,Declic,≤100
220579784732993,Daniel Buda,Buda Daniel,≤100
107066808189586,Panorama.ro,NEWBIZ ONLINE PUBLISHING S.R.L.,≤100
111105537419564,Oana Murariu,Oana Murariu,≤100
110980981783633,Modernizăm România,Partidul National Liberal,≤100
111433480759397,Gîdei Laurențiu Viorel,Laurentiu Viorel Gîdei,≤100
163950740830769,Gaz De Romania,Gaz De Romania,≤100
2443020582586584,Romania Eficienta,Romania Eficienta,≤100
1796777377209154,Regia Nationala a Padurilor - Romsilva,Regia Nationala a Padurilor - Romsilva,≤100
109696355048205,Sens Politic,Fundația Corneliu Coposu,≤100
799949990211564,Ioana Ramona Bruynseels,Ioana Ramona Bruynseels,≤100
100872245631464,AEM Holding,AEM Holding,≤100
341037705981172,Humanitas,Humanitas,≤100
172674319443777,Nicolae Robu,Nicolae Robu,≤100
471786019660741,TAXEU Forum,These ads ran without a disclaimer,≤100
101577215586429,Rafael Nichita,Rafael Nichita,≤100
102601499822802,RMDSZ,RMDSZ,≤100
168243139877442,BZI,BZI,≤100
106075378244914,Tomis Tv,Dorian Hapurnea,≤100
105161319151880,Cosmin Dan Badea,Dan-Cosmin Badea,≤100
741115212683860,Astrolog Adrian Chelariu,Adrian Chelariu,≤100
164624876574,Avocat Porosnicu Gianina Vera,Bianca Daniela Stefan,≤100
451208671925761,Remus Negoi,Eugen-Remus Negoi,≤100
113910327963153,Andrei Ohaci,Andrei Ohaci,≤100
154617427936401,Patrula de Reciclare,Patrula de Reciclare,≤100
114460923709287,4media.INFO,4Media.INFO,≤100
102410783138358,Anuntul Telefonic,Anuntul Telefonic SRL,≤100
279454772645662,Nicu Ștefănuță,Nicu Ștefănuță,≤100
116525791694127,Ziarul de Iasi,Ziarul de Iasi,≤100
103383915623247,Mișcarea pentru Democrație Directă,Mișcarea pentru Democrație Directă,≤100
100209028508727,Timpul prezent,Matei-Marcel Martin,≤100
106098884636145,ADI Deșeuri Bistrița-Năsăud,ADI Deseuri Bistrita-Nasaud,≤100
100491781650498,Premierul Nostru,Premierul Nostru,≤100
138013066338332,Asociația Umanistă Română,Adrian Călugăru,≤100
924354934394338,Iulian Lorincz,Iulian Lorincz,≤100
105999601301943,Ana Cătăuță,Ana-Maria Catauta,≤100
383515009116438,Daniela Popa,Daniela Popa,≤100
1560147330888040,Winkler Gyula,Winkler Gyula,≤100
502514186907494,Apa Noastră,Mihnea Eugen Pospai,≤100
1190871690932388,New Star Online TV,NewStarOnlineTV,≤100
112561930654300,NTD Romania,Cristian Nica,≤100
182438747492,Mai Mult Verde,Asociația Mai Mult Verde,≤100
100935048994575,Business Watch,Business watch,≤100
100850998460894,Rodica Boancă,Rodica Boanca,≤100
201920416986321,EM360 Studio,EM360 cu Adi Maniutiu,≤100
101161965173287,Ropres.RO,Ropres.ro,≤100
658668994510595,Norofert Group,Norofert Group,≤100
104289124691945,Cosmin Mihai Popescu,Cosmin Popescu,≤100
267821410080602,Cronica Romana,Parvu Florin,≤100
112130920695351,Samuel Zărnescu,These ads ran without a disclaimer,≤100
100580771508569,Vocea Pomezeului,Viorel Ciuhandu,≤100
115457726491581,Valahia News English,Valahia News,≤100
1585503788418339,Felix Cozma,Felix Cozma,≤100
111523234688179,Vocea - Botosani,Vocea Botosani,≤100
103153971159362,Viorel Ciuhandu,Viorel Ciuhandu,≤100
135903460570651,OameniPutereRomania,Cornel Brad,≤100
102905778991186,Partidul Adevăr și Dreptate,Toroican Ioan,≤100
697451833786949,Mihai Polițeanu,POLITEANU MIHAI-LAURENTIU,≤100
108304090952938,Mihai Weber,Mihai Weber,≤100
102603825860755,Moldova Invest,Moldova Invest,≤100
106146792303158,StireaVerde.ro,StireaVerde.ro,≤100
1107397012689947,Liviu Mazilu,MINCULEASA CLAUDIU-NICOLAE,≤100
112130176975380,Radu Ghidău,Radu Ghidau,≤100
337159212964962,Ziua de Cluj,Ziua de Cluj,≤100
177708185581280,Erdélyi Magyar Néppárt,Erdélyi Magyar Szövetség,≤100
112776430629875,Constanta Tv,Emil Mihail Tatu,≤100
380732082049106,Erdélyi Magyar Nemzeti Tanács,Erdélyi Magyar Nemzeti Tanács,≤100
360184320712594,Raluca Turcan,Partidul Naţional Liberal,≤100
1085467844958092,Iubește Moroșenește,These ads ran without a disclaimer,≤100
106282087882731,Dinu Gheorghe,Dinu Nicolae Gheorghe,≤100
645172459428180,Gabriela Blăniţă,Gabriela Blăniţă,≤100
103286128708594,Cristian Mură,MINCULEASA CLAUDIU-NICOLAE,≤100
100730011789747,Minculeasa Claudiu,MINCULEASA CLAUDIU-NICOLAE,≤100
101639571314280,Egy.hu,These ads ran without a disclaimer,≤100
527351247377965,European Committee of the Regions,European Committee of the Regions,≤100
860574404093479,TRT World Citizen,These ads ran without a disclaimer,≤100
345960609317,REHAU,These ads ran without a disclaimer,≤100
782924635435040,Tender Octopi,These ads ran without a disclaimer,≤100
373536278864,UNICEF Europe & Central Asia,These ads ran without a disclaimer,≤100
1196196390526965,Facebook Surveys,These ads ran without a disclaimer,≤100