﻿Page ID,Page name,Disclaimer,Amount spent (USD),Number of ads in Library
112211998424801,Dmitriy Bagnov,Dmitriy Bagnov,≤100,3
239292462893338,Акчабар,Адиля Кермакунова,≤100,1
1598476943723854,БеспределKG,BespredelKG,≤100,1
103597027708447,SuperPlanet Games,These ads ran without a disclaimer,≤100,1
345840486219924,Energy China,These ads ran without a disclaimer,≤100,1
102075811887387,Chocolate.com - Images,These ads ran without a disclaimer,≤100,2
75608370019,United States Institute of Peace,These ads ran without a disclaimer,≤100,2
58223589355,Tekniikka&Talous,These ads ran without a disclaimer,≤100,1
105848558790469,"Word Office - Reader, Editor & Viewer",These ads ran without a disclaimer,≤100,1
101715608808670,Judgment Day: Angel of God,These ads ran without a disclaimer,≤100,1
270082823183144,Canton Fair,These ads ran without a disclaimer,≤100,1
100636899712,Uusi Suomi,These ads ran without a disclaimer,≤100,1
110367131856162,海南自由貿易港,These ads ran without a disclaimer,≤100,1