﻿Page ID,Page name,Disclaimer,Amount spent (JPY)
684161888345926,西日本新聞me,西日本新聞me,828
1904070096535109,スマート選挙,株式会社センキョ,358
475681929154100,国連UNHCR協会,国連UNHCR協会,138
633030123480159,グッドライフアワード,グッドライフアワード事務局,≤100
107624528747795,パルクール鬼ごっこ,These ads ran without a disclaimer,≤100
148562291987208,ザ・ホワイトデンタルクリニック,These ads ran without a disclaimer,≤100
110058508784307,ライズ・アップ・ジャパン,株式会社経営科学出版,≤100
486499008189961,Inspire（インスパイア）：地方創生イノベータープラットフォーム,一般社団法人INSPIRE,≤100
208661552479830,日本財団,Shigeru Fujita,≤100
101111389520051,極セレクト,These ads ran without a disclaimer,≤100
390066501056164,freee会計,These ads ran without a disclaimer,≤100
1530681623841028,ナチュレライフ,These ads ran without a disclaimer,≤100
239558679475625,株式会社トマス技術研究所,Kenji Fukutomi,≤100
110256441562343,Buzz_channel,These ads ran without a disclaimer,≤100
1615481598672156,Blueair Japan Official,These ads ran without a disclaimer,≤100
104798789288007,Boris Moore,These ads ran without a disclaimer,≤100
165259862275036,株式会社ライフパートナーズ,These ads ran without a disclaimer,≤100
104533215755145,ZOE_Japan,ZOE Japan,≤100
102891618059843,ケイミュー株式会社,These ads ran without a disclaimer,≤100
195088317190451,グリーンピース・ジャパン,一般社団法人グリーンピース・ジャパン,≤100
281777375260988,オッズパーク,These ads ran without a disclaimer,≤100
486562194747938,自由飲酒党,Motoaki Yamazaki,≤100
100199881840737,Minghui Japan（ミンフイ　ジャパン）ー明慧日本,明慧日本,≤100
112626335101817,akyy.camp_,These ads ran without a disclaimer,≤100
109355142169811,填字大師 Tyre,These ads ran without a disclaimer,≤100
217519028785017,Nature Research Custom Media,These ads ran without a disclaimer,≤100