﻿Page ID,Page name,Disclaimer,Amount spent (HUF)
118152054556475,Deák Dániel,Megafon,23089
109217671008015,A kopasz oszt,Megafon,22734
103946674951254,Kötter Tamás,Megafon,21971
224274995688487,Bohár Dániel - Riporter,Megafon,17793
503614639975773,Trombitás Kristóf,Megafon,15112
102414628645144,Korondy Tamás,Megafon,12438
286759004682537,Tranzit,Kommentár Alapítvány,9895
278117815576023,EU Justice and Consumers,EU Justice and Consumers,8604
543788999005363,ORIGO,Mediaworks Hungary Zrt.,7861
147633001941737,kisalfold.hu,kisalfold.hu,7258
191461774219575,hirado.hu,hirado.hu,5420
248172631940,Mandiner,Mediaworks Hungary Zrt.,4530
109503892404998,Világgazdaság,Mediaworks Hungary Zrt.,3239
326635018181862,Magyar Nemzet,Mediaworks Hungary Zrt.,2824
331580946799,Borsonline - Bors Szórakoztató Napilap,Borsonline - Bors Szórakoztató Napilap,2456
1534911313439123,Ripost,Ripost,2426
153992771336740,Origo Sport,Mediaworks Hungary Zrt.,2256
195739270444269,Széchenyi István Egyetem,These ads ran without a disclaimer,2142
178362315106,European Parliament,European Parliament,1923
169599166463839,Demokratikus Koalíció,Demokratikus Koalíció,1688
109414841321682,Magyar Falu Program,Miniszterelnökség,1606
193702058028595,Lázár János,Lázár János hivatalos oldala,1400
131283758531,HVG,HVG Kiadó ZRt.,1385
47198507012,LMP - Magyarország Zöld Pártja,LMP - Magyarország Zöld Pártja,1278
1321667124617769,Dr. Kovács Zoltán,Dr. Kovács Zoltán,1115
109528965046103,MCC Feszt,Mathias Corvinus Collegium,1069
1584646591763647,Kanász-Nagy Máté,LMP - Magyarország Zöld Pártja,975
289633770813,UNICEF Magyarország,UNICEF Magyar Bizottság Alapítvány,881
265672590604606,Makronóm.Blog,Makronóm.Blog,873
76748198685,Budapest Pride,Budapest Pride,847
1265353903615539,Oeconomus,Oeconomus,765
447204268797621,RTL.hu,RTL.HU,672
1377431695828132,Nagy István,Dr. Nagy István,671
1926735160968885,Válasz Online,Válasz Online,649
303640261940,Nemzeti Sport Online,Mediaworks Hungary Zrt.,607
1722969024662464,Civil Összefogás Fórum,CÖF-CÖKA,592
162344823835042,atlatszo.hu,atlatszo.hu,566
113211046794496,Jámbor András,Jámbor András,557
851784814892644,Simicskó István,KDNP frakció,542
115388925185513,Magyar Szocialista Párt,MSZP,536
264517713636590,PestiSracok.hu,PestiSrácok.hu,535
123910440019,Renew Europe,Renew Europe Group,514
103294948505659,Szánthó Miklós,Szánthó Miklós – Alapjogokért Központ,501
104292121912254,Zöldgyőr  ÖKO Értékteremtés,Zöldgyőr  ÖKO Értékteremtés,482
345496092135627,Hír TV,Mediaworks Hungary Zrt.,476
423317774385144,Magyar Demokrata hetilap,Demokrata,470
35634348348,Greenpeace Magyarország,Greenpeace Magyarország,467
211156277497,WWF Hungary,WWF Hungary,462
594088897289853,Alapjogokért Központ,Alapjogokért Központ,452
215138878595900,Európai Bizottság Magyarországi Képviselete,Európai Bizottság Magyarországi Képviselete,450
107714692006327,Szájensz Szeánsz,Szájensz Szeánsz,445
108248022589754,Bosch Magyarország,Bosch Magyarország,433
189020783523,Mathias Corvinus Collegium - MCC,Mathias Corvinus Collegium Alapítvány,428
102426795954406,Nobilis Márton,Nobilis Márton,424
108346693873484,Győrffy Balázs,Győrffy Balázs,404
191946490841225,Dúró Dóra,Mi Hazánk Mozgalom,397
1920158678081160,Nemzetpolitikai Államtitkárság,Nemzetpolitikai Államtitkárság,358
268042136672212,Századvég,Századvég Közéleti Tudásközpont Alapítvány,340
113684438795574,Párbeszéd - Zöldek,Párbeszéd Magyarországért,318
103922897650335,Bakos Bernadett,LMP - Magyarország Zöld Pártja,298
1408906262689093,Nyitrai Zsolt,Fidesz,297
143151351544,Színházi Olimpia 2023 / Theatre Olympics 2023,Szinházi Olimpia Nonprofit Kft.,287
191946490841225,Dúró Dóra,Dúró Dóra,275
287770891404,Jobbik-Konzervatívok,Jobbik Magyarországért Mozgalom,245
1461534750733248,Schmuck Erzsébet,LMP - Lehet Más a Politika,238
490030231058740,444,Magyar Jeti Zrt - 444.hu,237
44847086574,Amnesty International Magyarország,Amnesty International Magyarország,237
105774734948091,Hungarian Conservative,Hungarian Conservative,232
304448239602944,Minden Doboz Visszajár,Minden Doboz Visszajár,220
451844608304228,Metropol,Metropol,200
1058271587711326,Farkas Ciprián,Farkas Ciprián,182
109306435499597,Szabad Vonalzó,Humán Platform,172
127539005484626,Zöld Hang,Zöld Hang,169
206829842043,Rétvári Bence,Rétvári Bence,158
451084968283411,Klímainnovációs Közösség,PANNON Pro Innovációs Kft.,150
694941900537141,Ágh Péter,Fidesz,146
267353906619818,Mr. Gugu & Miss Go,These ads ran without a disclaimer,139
408924035951553,Körforrás,Körforrás,137
274886867487,Origo Tudomány,Mediaworks Hungary Zrt.,128
101470803260089,HAB ad,HAB Advert Kommunikációs Ügynökség Kft.,126
887921287887805,Király Nóra,Király Nóra,125
113375923695023,Fidesz Budapest,Fidesz Budapest,124
126893087354793,Európai Parlament,Európai Parlament,122
161957537171267,Schmidt Mária,Schmidt Mária,118
788960034452071,Potápi Árpád János,Potápi Árpád János,113
110292211697859,Erdélyi Rezső Krisztián Nézőpontja,Nézőpont,106
100609808517630,Drogkutató Intézet,Drogkutató Intézet Nonprofit Korlátolt Felelősségű Társaság,≤100
215551471947529,Sajómente,Sajómente,≤100
1693538404064465,Magyar Hang,Magyar Hang - A Túlélő Magazin,≤100
102401058671244,Készpénzmentes Zóna,Uniomedia Kommunikációs Ügynökség Zártkörűen Működő Részvénytársaság,≤100
102186064905787,Zöld Követ Egyesület,Zöld Követ Egyesület,≤100
76945222898,Startlap,Central Médiacsoport Zrt.,≤100
320645820787,Haszon magazin,Haszon magazin,≤100
112694594992064,Mehr Licht,Mehr Licht,≤100
114230203654958,21 Kutatóközpont,21 Kutatóközpont,≤100
519279158277826,Szülői Hang,Szülői Hang,≤100
1869511526651884,Zsigmond Barna Pál,Fidesz,≤100
108087758588692,Talabér Krisztián Nézőpontja,Nézőpont,≤100
142116653162328,Márki-Zay Péter,Márki-Zay Péter,≤100
101256371759076,Corvinák,Mathias Corvinus Collegium Alapítvány,≤100
104958058734636,Bekezdések,Bekezdések,≤100
103492610994760,Tetlák Örs,LMP - Magyarország Zöld Pártja,≤100
783482538679312,Radics Béla,Radics Béla,≤100
267882727864,Kubatov Gábor,Fidesz,≤100
100290458877103,Audax Renewables Hungary,Audax Renewables Hungary,≤100
237088069704442,Kósa Ádám,"Adam Kosa, Member of the European Parliament",≤100
108271407361251,Transzparens Újságírásért Alapítvány,Transzparens Újságírásért Alapítvány,≤100
506348326210466,Ungár Péter,LMP - Magyarország Zöld Pártja,≤100
105855948670500,Holtszezon Irodalmi Fesztivál,These ads ran without a disclaimer,≤100
876772425797119,Hölvényi György,Hölvényi György,≤100
2407809316170057,Szendefy Mária - LMP,LMP - Magyarország Zöld Pártja,≤100
156847374371871,Szabó Tímea,Párbeszéd Magyarországért,≤100
100452852734271,Startlap - Vásárlás tippek,Central Médiacsoport Zrt.,≤100
159889247536834,Hírstart,Central Médiacsoport Zrt.,≤100
128884360624104,Bóna Zoltán,Bóna Zoltán,≤100
92932085233,TASZ,TASZ,≤100
202099276507678,24.hu,24.hu,≤100
105666454157523,Szikra Mozgalom,Szikra Mozgalom,≤100
120800934626447,United Way Magyarország,United Way Magyarország,≤100
103758242266301,Boldizsár Tamás,Boldizsár Tamás,≤100
115403344824484,Ratio Műhely,Ratio Műhely,≤100
106236922109249,Hajnal-2026,Hajnal-2026,≤100
109565208474856,Startlap - Utazás tippek,Central Médiacsoport Zrt.,≤100
197203437879379,Szaniszló Sándor,Pestszentlőrinc-Pestszentimre polgármestere,≤100
221761091331222,Danube Institute,Danube Institute,≤100
85568463466,Mérce,Mérce,≤100
150836998898897,aHang,aHang,≤100
527351247377965,European Committee of the Regions,European Committee of the Regions,≤100
348148758663062,Indahouse Hungary,InDaHouse Hungary Egyesület,≤100
1449423641866973,Illés Boglárka,Illés Boglárka,≤100
127730397385195,Kalkulus Könyvelőiroda,These ads ran without a disclaimer,≤100
358867199892,"Farkas Sándor miniszterhelyettes, országgyűlési képviselő hivatalos oldala",Fidesz,≤100
1065713933504228,Új Egyenlőség,Új Egyenlőség,≤100
264210363649459,Élő Norbert,Élő Norbert,≤100
108321735570338,Védd A Tényeket,Zachor Alapítvány,≤100
104579558848510,Barna Tamás Megoldás Mozgalom Zala Megye,These ads ran without a disclaimer,≤100
202099276507678,24.hu,These ads ran without a disclaimer,≤100
103141961544400,Future of Debrecen,Future of Debrecen Egyesület,≤100
107123677458699,Külpologika,Külpologika,≤100
106280224056208,Gelencsér Ferenc,Momentum Mozgalom,≤100
230314307098155,Patent Egyesület,PATENT Egyesület,≤100
1215492498464496,Angyal Károly,LMP - Magyarország Zöld Pártja,≤100
1443354815880657,Salacz László,Salacz László,≤100
352206595539234,"A ""Budai oldal"" nem baloldali","A ""Budai oldal"" nem baloldali",≤100
18562323874,Élet és Irodalom,Élet és Irodalom,≤100
777343075710072,Migrációkutató Intézet,Migrációkutató Intézet,≤100
749451798500162,Portfolio Rendezvények,These ads ran without a disclaimer,≤100
135049793193159,IH Rendezvényközpont,Green Team Event & Marketing Kft.,≤100
101040961353702,Temesvári Szilvia,Párbeszéd Magyarországért,≤100
103574552157896,Friot  Yacht,These ads ran without a disclaimer,≤100
102713089328146,Molnár Dominik,Molnár Dominik,≤100
131797633528377,Jávor Benedek,Párbeszéd Magyarországért,≤100
124442815810276,Modern Férfipolitikáért Mozgalom,These ads ran without a disclaimer,≤100
112732588441064,Мета,These ads ran without a disclaimer,≤100
108625789179165,Soi Dog Foundation,These ads ran without a disclaimer,≤100
144709575593854,EESC - European Economic and Social Committee,EESC - European Economic and Social Committee,≤100
615040838898606,Angry Birds Dream Blast,These ads ran without a disclaimer,≤100