﻿Page ID,Page name,Disclaimer,Amount spent (INR)
103704155350118,Gates Foundation India,The Bill & Melinda Gates Foundation,10632
54779960819,United Nations,United Nations with Facebook Ad Credits,6122
100921714878083,Fan Of Sambit Patra,BOL7 Technologies Private Limited,2391
104516512296314,Kartikeya Sharma,Adv Tech,1340
1783001841927248,Nutan Odisha,Niti Pollsters Private Limited,829
1521106071438318,CMO Chhattisgarh,Clarion IT,614
30290552843,Greenpeace India,Greenpeace India Society,480
21169267101,Give,Give,434
1196196390526965,Facebook Surveys,These ads ran without a disclaimer,362
299444897457971,Subasini Jena,Utpan Kumar,338
523121567889527,Jitender Kumar Bhardwaj,Jitender Kumar Bhardwaj,324
105671775473178,Jan Suraaj,Jan Suraaj,317
239901406089455,"Tobacco Kills. Quit Now, India.","Tobacco Kills. Quit Now, India.",259
1488581191158902,Conscious Planet,Isha outreach,238
169359970347416,India Health Wise,India Health Wise,236
189271178483352,Five Lotus Indo German,Five Lotus Indo German,228
404746486258732,Project Nanhi Kali,Project Nanhi Kali,221
101713962007976,Amrit Mahotsav,Amrit Mahotsav,205
174283119250672,Save the Children India,Bal Raksha Bharat,204
100560931925716,Rising Odisha,Soyong Kanta Samantaray,198
109986065209042,Mera Apna Rahul,Mera Apna Rahul,191
536259386850684,Babu Singh,Rajat Kumar Parida,144
106399429425331,Red FM,These ads ran without a disclaimer,144
109986065209042,Mera Apna Rahul,MeraApnaRahul,139
116029359800919,Biju Yuva Janata Dal,R Santosh Kumar Reddy,119
110846984022901,MPIDC,Anand Raj Singh,109
213353202192205,Rabindra Kumar Jena,Utpan Kumar,107
318205675275285,APL Apollo Tubes Limited,APL Apollo Tubes,102
105115349118046,Ressummit2047,HALF CIRCLES MEDIA,≤100
107395897271506,Kutumb,Swatantra Verma,≤100
372634879599800,Olymp Trade,These ads ran without a disclaimer,≤100
132689140088396,smilefoundation,Smile Foundation,≤100
20386543316,WWF-India,Mukesh Nauhwar,≤100
139329159472557,Amarinder Singh Raja Warring,Chanpreet Singh Sehgal,≤100
224753514204375,Janaagraha,Janaagraha Centre for Citizenship and Democracy,≤100
102029621784239,Dhareppa Thakkannavar,Dhareppa Thakkannavar,≤100
243524299157863,Pushkar Singh Dhami,Pushkar Singh Dhami,≤100
761826677309909,Bhupinder Lather,Book My Promo,≤100
103782051383159,School of Politics,School of Politics,≤100
102964555630139,Meghalaya with Conrad,Meghalaya with Conrad,≤100
101361739432825,0.618033988749,These ads ran without a disclaimer,≤100
146177392223532,Indian National Congress - Punjab,Chanpreet Singh Sehgal,≤100
104052753400618,Union Bank of India,These ads ran without a disclaimer,≤100
102707862589461,Apex Online Solution,Sahar Ali,≤100
102616298277409,Afaque ahmad,Afaque Ahmad,≤100
1785302198354679,Dr. Somendra Tomar,Somendra Singh,≤100
674757045920691,Jayadev Galla,Aditya Vemulapalli,≤100
104052753400618,Union Bank of India,Goldmine Advertising Limited,≤100
363780687403030,BYD INDIA Private Limited,These ads ran without a disclaimer,≤100
218519749005654,Dr. Rakesh Singh Jadon,Rakesh Singh Jadon,≤100
285029500623,CARE India,CARE India,≤100
1571167366231304,Ramakant Bhargava,Saket Bhargava,≤100
115485096526495,Delhi MSW Solutions Ltd,Delhi MSW Solutions Ltd,≤100
1327351450720146,Pradhan Mantri Bhartiya Janaushadhi Pariyojana,Pharmaceuticals & Medical Devices Bureau of India,≤100
110115671863420,Kacche Din,Kacche Din,≤100
552159824873262,Kethireddy M.L.A,Venkata Krishna Reddy Kethireddy,≤100
605390272841833,Shrirang Appa Barne,Abhay Balu Ahire,≤100
139944462818441,udChalo,These ads ran without a disclaimer,≤100
121970731329322,Political Tamaasha,Ritesh Bhimrao Bhagat,≤100
148931718592314,Tarun Chugh,Adv Tech,≤100
369063569936141,Lung Care Foundation,Lung Care Foundation,≤100
113934138208978,Jayavik Patel,Pixatronix,≤100
109545244848137,Crafto,Kutumb App,≤100
1110178129121993,Ashok Vishnoi IRS,Pawan Kumar Sharma,≤100
104656344931338,Pravesh Agrawal,Swanit Infotech,≤100
106567631300522,The Shinde Sena,Ritesh Bhimrao Bhagat,≤100
108861325372008,Bharat Bhagya Vidhata,BharatBhagyaVidhata,≤100
1747946728760920,Venkateswara Rao Challa,Venkateswara Rao Chall,≤100
125848084425488,Pragati Rashtra,Pragati Rashtra,≤100
102710804961947,Patanjali Nutrela Products,Saura Bh Sin Gh,≤100
100684609345673,म्हारा छोरा,adv-tech,≤100
1521106071438318,CMO Chhattisgarh,IVS Corporation,≤100
113338681581166,NICT Technology Csp Pvt Ltd,Abhishek Kumar,≤100
104311631954217,Pharma Simplified,Dawa Charcha,≤100
100735178208398,Udyami India,Samadhan Samiti,≤100
466642616726169,Parul University,Parul University,≤100
184278081698180,Ashok Gehlot,Ashok Gehlot,≤100
1069257996457343,Dadisetty Raja,Vamsi Krishna Manipadi,≤100
105101179026959,KICX,KICX,≤100
108686290902855,Mallikarjun Madal,Dayananda R,≤100
1675237799375590,Chandra Mohan Patowary,Jitendra Newatia,≤100
102123079337554,International Society for Krishna Consciousness,ISKCON Delhi,≤100
1924627484438235,Arlak Ayurveda,Swati Dhiman,≤100
101091045259649,I.Saravanan,Boopathi Raja,≤100
105978524767243,ರಾಷ್ಟ್ರೀಯ ಪಕ್ಷಗಳ ಮುಕ್ತ ಕರ್ನಾಟಕ,ರಾಷ್ಟ್ರೀಯ ಪಕ್ಷಗಳ ಮುಕ್ತ ಕರ್ನಾಟಕ,≤100
140930379388330,Kishan Reddy Gangapuram,TechnoDigi,≤100
354030135671470,Palamuru Vishnuvardhan Reddy,P Vishnu Vardhan Reddy,≤100
241940555912671,Chandigarh University,Chandigarh University,≤100
801476753252217,Rajan Naik,Rajan Naik,≤100
103214551475043,Akhoury Onkar Nath,Kumar Ratnam Sharma,≤100
103206797721245,Tollygunge Trinamool Congress,Mohammad Azharuddin,≤100
103123778911207,CSC Id Provider,Satyam Kumar Sahni,≤100
1932900346831325,Rajesh D Sanghvi,Rajesh Dineshchandra Sanghvi,≤100
109546308136398,Sankar Dutta - শংকর দত্ত,Bholanath Dey,≤100
667560657014524,Mahendra Singh Solanki,Nitesh Tiwari,≤100
746568209028564,Dr. Basu Eye Hospital,Dr. Basu Eye Hospital,≤100
106949818442504,The Water Chronicles,Prithviraj Nath,≤100
339835596096353,Satish Poonia,Choudhary Ramesh Chaudhary,≤100
224618077692752,Sanjay Tandon,Saraansh Tandon,≤100
100485426184353,AJP,Manoj Kumar Singh,≤100
295405070641302,Balraj Kundu,Pankaj Sharma,≤100
431316780311227,Akash Sharma,Think First,≤100
109066315147120,News Temple,Jainendra Agrawal,≤100
375394599197605,Parvesh Sahib Singh,Dhiraj Bhardwaj,≤100
449945121742046,Ravi Kumar Yadav,Venkata Satish Chandu,≤100
107183428120144,Dr C Saraswathi,Dr. C. Saraswathi,≤100
204318116677554,National Herald,National Herald,≤100
600061223342178,Ghanshyam Tiwari,Bhanu Pratap Singh,≤100
525236000877967,G. Mohanakrishnan President MHAA,These ads ran without a disclaimer,≤100
1955301821451552,Abhishek Dutta,Abhishek Dutta,≤100
102275329396663,GS Shyam,Shyam Gollarahally Siddappa,≤100
103206797721245,Tollygunge Trinamool Congress,Nargis Khatun,≤100
411129449009589,K.C. Venugopal,K.C.Venugopal,≤100
802311956513987,Rahul Singh,Rahul Singh,≤100
385658441549334,Deepak Bhati Chotiwala,Dipak Bhati,≤100
276512419511205,Kathi Karthika,Policy Briefcase,≤100
524665794408050,CASA,Arushi Narchal,≤100
150568511802483,Paras Jain,Shubham Arendiya,≤100
109022618722480,Prof. Nasir Ahmed,Prof. Nasir Ahmed,≤100
213947398791863,Dhananjai Singh Khimsar,Dhananjai Singh,≤100
107792554485544,Dr. Amit Singh Chauhan,VC infotech,≤100
111560924353656,Swetha Reddy,Rajendra Reddy Bhuvanagiri,≤100
186199704897466,RD Foundation,RD Foundation,≤100
110540565228341,Ganguly H Kurabathalli,Ganguly H Kurubathalli,≤100
1100583156625229,Dheeraj Gurjar,Dheeraj Gujar,≤100
112063110264634,Satish Ghatge-सतिश घाटगे,Satish Ghatge-सतिश घाटगे,≤100
365136584238569,Shiv Deswal Degana,Brand Balance Private Limited,≤100
234704393876570,Dr R K Verma,Rkverma,≤100
107148595058269,Adv Harita Mehta,Sandeep Kumar Rana,≤100
103440689219233,Gurupadagouda Patil,Gurupadagouda Sanganagouda,≤100
108716531641352,Renewable Energy Expo,Water Today Pvt Ltd,≤100
626040200837891,Ashwini Paranjpe,Trivikram Kashinath Paranjpe,≤100
107987368257362,NM Naveen Kumar - ಎನ್ ಎಂ ನವೀನ್ ಕುಮಾರ್,Naveen N M,≤100
102994271417943,Ashutosh Kumar Tripathi,Shishupal Kumar,≤100
577856385582447,Raghu Sharma,Kanishk Bansal,≤100
988113031199582,Dr. Ramesh Chand Tomar,Ashutosh Mishra,≤100
111092607280069,APAC News Network,APAC News Network,≤100
301058180261039,Kunwar Brijesh Singh,TechnoDigi,≤100
162115051234970,Dharmendra Singh Lodhi mla,Dharmendra Singh Lodhi,≤100
321228061382932,Pt. Shekhar Dixit,Websofy Software Private Limited,≤100
111607774974261,Justice Movement of India,Akarsh Sriramoju,≤100
103485448314966,Mandbudhhi Sanstha Jetpur,These ads ran without a disclaimer,≤100
1644165492504830,Ramoji Gowda,Ramoji Gowda,≤100
112420847190684,Bijay Kumar Yadav,Bijay Kumar Yadav,≤100
516071128742778,Vishnu Buchireddy BJYM,Vishnu Vardhan Reddy Buchireddy,≤100
108497578583588,Janpeace Live,Trishanu Kaushik,≤100
103722118970310,ConfiHope,confihope,≤100
101226472874161,___meme_.world,These ads ran without a disclaimer,≤100
643001122724792,Shambhu Kumar,Punit Kumar Pandav,≤100
145235542494307,Vivek Thakur,Vivek Thakur,≤100
1084920798227029,Tambaram S R RAJA MLA,Sr Raja,≤100
101825525249263,LGD Digital,These ads ran without a disclaimer,≤100
100890842511663,8PM News,Sandeep Katyal,≤100
107946518029943,Sheelu Sahu,Naveen Singhal,≤100
2610079412396734,Amaresh Rai,Amaresh Kumar Rai,≤100
106802937934432,Padma venkat reddy,Banappagari Naren Sai Reddy,≤100
105682567774739,Tajinder Singh Sran,Tajinder Singh,≤100
423874327718687,Vikas Bhagat Fans Page,Sandeep Mishra,≤100
158165954809176,Sanyam Lodha,Danish Khan,≤100
106261054498841,Advocate Rajat Bhargava,Rajat Bhargava,≤100
112061804808512,Sports Development Authority of Bihar - SDAB,Ajit Kumar,≤100
1433894153522813,Pramod Bhaya,Sharad Sharma,≤100
109391860938944,DishaShankar,Shankar Disha,≤100
642996226201566,Sudhakar Shrangare,Aslam Afroz Kazi,≤100
361031561139301,Rakesh Jangir,Saurabh Singh,≤100
101613628900010,Smartway Wellness Pvt. Ltd.,Bhoomi Harendra Mistry,≤100
101727051728960,Naadbramha Idli,Gaurav Dinesh Patil,≤100
263775893999533,Rupesh sharma,These ads ran without a disclaimer,≤100
268437163351102,Saurabh Srivastava,Saurabh Srivastava,≤100
107575877777547,அம்பேத்கர் மக்கள் இயக்கம்,Ilamurugu Muthu,≤100
103088902327676,Dwarka Kunj,Rahul Tiwari,≤100
708844685796745,OP Choudhary,OP Choudhary,≤100
511725522329475,Sampurna Samachar Seva,Sampurna Samachar Seva,≤100
100872475602691,thegeostrata,These ads ran without a disclaimer,≤100
106290662360001,rectorart,These ads ran without a disclaimer,≤100
152154292012572,Navjivan,Navjivan,≤100
103251851710926,Akula Srivani,Anjan Kumar Akula,≤100
247608635395894,Amit Murkute,Amit Dnyaneshwar Murkute,≤100
168228334032318,Sat Sharma CA,Naveen Sharma,≤100
715515095146698,Gandra Venkataramana Reddy,Goutham Reddy Gandra,≤100
107802952127524,ICCMO INDIA 2023,ICCMO INDIA 2023,≤100
415332588877399,Banda Karthika Reddy,Chandra Reddy Banda,≤100
350880081913337,Sahdev Salaria,Rajesh Jaswal,≤100
102881635959815,Bhisham sharma ex mla,Bhisham Sharma,≤100
112245054862768,Climate Fact Checks,These ads ran without a disclaimer,≤100
100195048804779,KRJ Bharath,Krishna Raghava Jayendra Bharath,≤100
103559887990363,GP Singh,These ads ran without a disclaimer,≤100
365848783941122,Kannaparaju Kammila YSRCP,Mirthipati Satish Kumar,≤100
105291110825687,Dr. Chandan Yadav,Yash Bagh,≤100
109440785244401,Red Pix 24x7,Felix Gerald G,≤100
2073183832762291,Meri Neta - Priyanka Gandhi,Jitender Kumar Bhardwaj,≤100
1360805680600676,Sandeep Kshirsagar,Yogesh Padmakarrao Pawar,≤100
107968972178970,sanjay singh,These ads ran without a disclaimer,≤100
195167817324812,Pawan Khera,Indian National Congress,≤100
1088373891289696,Kamal yadav,Akash Singh,≤100
100452136229191,Shyam Sundar Verma - Chairman Khalilabad,Nityesh Srivastava,≤100
617711705242584,Khabarwaale Tv,Parminder Singh Jatpuri,≤100
101898422702437,V N Reddy,Vaidyula Narender Reddy,≤100
109757514597285,Rizwan Khan Buraq Official,These ads ran without a disclaimer,≤100
528144820729879,Pramod Sehwag,Vikas Kumar,≤100
846994962145905,Manoj Kumar Aggarwal,Durga Kumari,≤100
200864536982680,Vivek Ranga,Vivek Ranga,≤100
863961040416615,Punit Verma पूर्व उपाध्यक्ष विश्व हिन्दू परिषद् काशी प्रान्त,Punit Varma,≤100
107893638574706,Digi Hind News,Aashish,≤100
912096938897209,Vijay Singh,Vijay Singh,≤100
106441751761822,Abhay Tiwari,Abhay Kumar Tiwari,≤100
100931599132399,Arun Sharma,Arun Sharma,≤100
282794045911833,Office Of Deepak Bhati Chotiwala,Dipak Bhati,≤100
1605035726374622,Khatana Bulletin,KHATANA BULLETIN,≤100
209326756435298,K C Palanisamy,K C Palanisamy.AIADMK,≤100
1493467387573959,Ghulam Nabi Azad,Advertiseyouonline,≤100
107192855352262,Satbir Singh Kasana,Jagmohan,≤100
106462702201006,Dhanvanti Bachan Singh AAP,Dhanvanti Bachan Singh,≤100
163190160489585,Vasundhara Raje,Vasundhara Raje,≤100
105741735593870,MakeMyTrip Foundation,Prashant Raj,≤100
113704240282037,Jps Rathore,Pankaj Kumar Pal,≤100
1834369746850103,Ankit Bansal,Ankit Bansal,≤100
1397767487148044,Jaidatta Kshirsagar,Jaydatta Sonajirao Kshirsagar,≤100
1408837089361736,Banappagari Venkat reddy,Banappagari Naren Sai Reddy,≤100
995582213894808,Kothapalli Geetha,Venkata Satish Chandu,≤100
2163983083861031,Atul Kapoor,Atul Kapoor,≤100
246558505475210,Bala Ram Choudhary,Mukesh Choudhary,≤100
933478163387389,Ashok Singhal,Jitendra Newatia,≤100
320383098135177,Bharatiya Yuva Shakti Trust - BYST,Bharatiya Yuva Shakti Trust - BYST,≤100
928448863892029,RK Sinha,RK Sinha,≤100
110626895116256,Edugenius Softwares LLP,Edugenius Softwares LLP,≤100
112362201725202,The Native Media Pakistan,These ads ran without a disclaimer,≤100
123751521145637,CSR Times,Zeeshan,≤100
2156330694593998,Priyanka Pravin Barse,Priyanka Pravin Barse,≤100
455697974986681,Bangla Hunt,Bangla Hunt,≤100
221443512623900,Dr N Goutham Rao,Gaddam Vinaykumar,≤100
107519398868608,Lanka Dinakar,K Sai Bharath,≤100
685707864866321,Lion Dr D.மோசஸ் ஜோஷ்வா,Mosses,≤100
102152441360906,Prakash Bhakar,Shiv Charan,≤100
179765292047054,Manickam Tagore,Kathiresan K,≤100
102466218341704,Aasna Jaiswal,Aasna Jaiswal,≤100
1396007407299588,Deepak Prakash,Udit Kumar,≤100
739221966159227,Rajesh Singh,Adv Tech,≤100
668030583252201,Sidheshwar Shri Balaji Mandir Dhaam,These ads ran without a disclaimer,≤100
100229345285857,Basavaraj S Hundri,Mallikarjun Pujari,≤100
1000342403499130,Kanaia Lal Agarwal,Sourav Sarkar,≤100
1247832465228198,Mahendra Singh Rathore,Engitech Media,≤100
110540204617644,Sanjay Avhad - संजय आव्हाड,Sanjay Avhad - संजय आव्हाड,≤100
601714013183183,Bhushan Ashok Bhatt,Bhushan Ashokbhai Bhatt,≤100
146702709146110,Ashu Singh Surpura,Ankit Kumawat,≤100
216546985351522,Brahm Yadav,TSM,≤100
100955531352855,Zinitax.in,Tilak Raj Sharma,≤100
106471270702510,Robit Tiwari,Akash Singh,≤100
455593117888747,Nagar Singh Chouhan,Nagar Singh Chouhan,≤100
704847062939121,Ranbir Nandan,Ranbir Nandan,≤100
1419839444901034,Pranshu Dutt Dwivedi,Akash Singh,≤100
105446072160586,Suprabhat Pragati,Akash Singh,≤100
108609091609138,Praveg TV,Naresh Umashankar Koshti,≤100
113123373786875,Devender Nim,Anshul Sharma,≤100
2078242259060363,Kukufm,Mohana Saha,≤100
283040485772796,Rakesh Singh Yadav,Mahat info tech,≤100
269761569864265,Rao Padma,Kushal Reddy Rao,≤100
2115990321994465,Santosh Kharwar,Santosh Kharwar,≤100
244247749307046,Sajjan Mani Tripathi 'Rupnarayan',V Media Creative,≤100
111654838334899,सीताराम पोखरियाल,Akash Singh,≤100
211316456818,Suveg Rathi,Mahat info tech,≤100
245528646359816,Vipul Sharma,Engitech Media,≤100
102899812612791,Govind Agarwal BJP,Govind Agarwal BJP,≤100
1770518973014321,Kuldeep Vats,Click2Public Technologies OPC Pvt. Ltd.,≤100
475258212836055,Praveen Kumar Dixit JSK,Praveen Kumar Dixit,≤100
367203836657399,Rajendra Singh Surpura,Ganesh Thapa,≤100
103543627702628,Arun Kumar Punjabi,Book My Promo,≤100
307988255894298,Abhimanyu Singh Rajvi,Puneet Kumar Bulwani,≤100
104526899199228,B L Rani Samyuktha,Byrappa Venugopala,≤100
219514401576120,SG Suryah,SG Suryah,≤100
110197854912974,Sonu Singh Garg,Pratik Garg,≤100
109108857431254,Citizen Saikat Chatterjee,Pratima Barman,≤100
166063906906369,Ramesh Parihar,Ganesh Thapa,≤100
100755516228061,Pratima Sanjay Singh,Rishikant Mani Tripathi,≤100
1546575212021796,Suvendra Gandhi,Suvendra Dilipgandhi,≤100
1927351340858687,ಬಿ ಪಿ ಹರೀಶ್,Gowda Basavana,≤100
323533675176475,Jitendra Vaidya,Aarti Seth,≤100
105608048991533,Sahityalok,Sahityalok,≤100
294703864386320,Rashtriya Kisan Manch,Rashtriya Kisan Manch,≤100
112299140114374,Narendra Singh,Arun Pratap Singh,≤100
310486349764921,Dr. Meenal Patil Khatgaonkar,Yash Bagh,≤100
435129856992845,Shailendra Bhargava,Ganesh Thapa,≤100
101964264562944,Sanjay Singh Gangwar,Sanjay Singh Gangwar,≤100
108159201571035,अरविन्द जायसवाल,Avadesh  Kumar,≤100
324590688063708,Dadu Nagdeve,n r graphics,≤100
423924598022376,Shankar Lalwani,Mayur Sethi,≤100
111784457307834,Sanir Sahu,These ads ran without a disclaimer,≤100
349594075908636,Syed Salman Ali,Saiyad Salaman Ali,≤100
103020488706542,Prakash Mishra,Arun Pratap Singh,≤100
3027741237243480,Rajkumar Sharma  Page,These ads ran without a disclaimer,≤100
1463405053879604,Baldev Alawalpur,Anju  Chaudhary,≤100
102366121652150,Dr.Sathish Kumar M,Kamran  Shahid,≤100
1760939410804220,Sudarshan Kumar,Sudarshan Kumar,≤100
101831845737766,Neeraj Pant,Balram Singh,≤100
616572395111604,Mahendra Singh Ralawata,Mahendra Singh Ralawata,≤100
1406676006269693,Kedar Kansana,Arun Kumar Sharma,≤100
621385538310118,Dharmendra Kumar Rathor - BHIL,Shiv Charan,≤100
103207392085077,JP Valluru,Anshika Srivastava,≤100
100291645042245,Karan Bhai Munna,These ads ran without a disclaimer,≤100
509248612614129,Ashfaque nabi,Ashfaque Nabi,≤100
1965892256962634,Maharshi Singh,Maharshi Singh,≤100
112676663703345,Rakesh Yadav,Arun Kumar Sharma,≤100
106674071232063,Rohitashav Singh Chouhan,Rohitashav Singh,≤100
255040845056495,Shikha Mishra,Arun Pratap Singh,≤100
101762884767174,Anurag Singh,These ads ran without a disclaimer,≤100
110847490543428,Vipul Kumar Salwan,Vipul Kumar Salwan,≤100
178266039766273,महेश जाटव,Pankaj Kumar,≤100
108905905284501,Ranjeet Singh Bhati,Engitech Media,≤100
101430871871779,Asha Maurya,Asha Maurya,≤100
284084385706387,Vineet  Dangi,Arun Kumar Sharma,≤100
1002191723202473,Suresh Sindal,Suresh Kumar Sindal,≤100
100766795424041,मोदी योगी समर्थक,Nikhil Aggarwal,≤100
100162942843839,politicallywithbasu,These ads ran without a disclaimer,≤100
289085061102499,Sukhwinder Singh Bindra,Sukhwinder Pal Singh,≤100
103798018745459,Pravesh Singh chandauli,Arun Pratap Singh,≤100
1869083326484385,Aadhan Hindi,Aadhan Hindi,≤100
1030516517105920,Bannaram Meena - बन्नाराम मीणा,Mahat info tech,≤100
816288898474925,Naresh Pareek,Pawan Kumar Sharma,≤100
111742450662753,News Unplugged,Chetan Varshney,≤100
112132937023603,Nandlal Chauhan,Nandlal Chauhan,≤100
1748666768770943,Umakant Sharma MLA,Prateek Malhotra,≤100
100992536219420,Dr Chandrakant Anil Kranti,Akash Singh,≤100
422850371147549,Shubham Dhoot,Shubham Dilip Dhoot,≤100
597390903632465,Sukhminderpal Singh Grewal,Sukhminderpal Singh Grewal,≤100
101430825164715,Ch. Sanjay Singh,These ads ran without a disclaimer,≤100
111329163791110,संघ प्रचारक,संघ प्रचारक,≤100
647244058952240,Jaypal Singh Chawda,Shakti Singh Rajput,≤100
100947489007404,Harsh Yadav,Harsh Yadav,≤100
1780378335513078,Sandeep Singh,Sandeep Kumar Singh,≤100
167769307277225,Bharat Singh Kushwah,Bharat Singh Kushwah,≤100
801745766517149,Bhajanlal Sharma,Surendra Raigar,≤100
110679913629785,Rajesh Yadav,Akash Singh,≤100
102106021886833,A K Sharma,Harish Sahrawat,≤100
102897188475391,Dr. Bhaben Choudhury,Subhankar Banerjee,≤100
106995762752939,Ramesh Chand Khandelwal,These ads ran without a disclaimer,≤100
106610625404907,The Fame Guru,Sumit Rajput,≤100
260452011000438,Vinod Tiwari,Vinod Tiwari,≤100
114606387073785,Deepak Balutia,Deepak Balutia,≤100
2051973168244996,Shyam Choudhary,Ganesh Thapa,≤100
100250732439696,Rajesh Singh,Rajesh Rambali Singh,≤100
100708828412246,Sumitra Devi Kasdekar,Rajnarayan Gurjar,≤100
196338294250820,Rohit Gangwal,Modi For PM Organisation,≤100
106306701515836,Ayush Tyagi Kakda,Ayush Tyagi,≤100
924791427628665,Sunil Kelanka,Shivendra Shailendra Tiwari,≤100
294787978097959,Rakesh kumar Chattree,Arun Pratap Singh,≤100
109696210400237,Jan Adhikar Morcha.,Akash Singh,≤100
126080402123301,Ganga Ram Gurjar,Gangaram Gurjar,≤100
292954404384524,Gajendra Singh Patel,Gajendra Singh Patel,≤100
1336863726383886,Gopal Lal Sharma,Ganesh Thapa,≤100
140665811494973,Brajpal Singh BSP,Amit Kumar Pal,≤100
106412445020988,Samman afroz khan,Khandagre Sourabh,≤100
235573150172779,Donatekart,These ads ran without a disclaimer,≤100
1929823443694918,Pardeep Lohan,Pardeep Kumar,≤100
1661665060798853,Anita Sandeep Kate,Content Factory,≤100
391654307564047,Abhinav Rajasthan Party,Ashok Choudhary,≤100
110473468603450,Adv Geeta Baudh,These ads ran without a disclaimer,≤100
327009747444640,Ayushi Shrimali,Akash Singh,≤100
236500783397189,Kamlesh Paswan,Kamlesh Paswan,≤100
104122195260035,Bharti Tarun Kaushik Bhaiya Ji,Tarun Kumar Kaushik,≤100
565714670143123,Ashok Saini,Engitech Media,≤100
764865110238987,Varinder Shah - Bulle Shah,Big Boys Consulting Private Limited,≤100
265267653816271,Devendraa K Sharma,Pankaj Sharma,≤100
135657743788459,Amit Chauhan,Amit Kumar,≤100
104441248861952,Neelam Aggarwal,Pankaj Sharma,≤100
100381598277258,Ashutosh dwivedi,Suraj Kaul,≤100
158200088291450,Biplab Chakraborty,Biplab Chakraborty,≤100
643216342792266,দেবাশিস পণ্ডা ভারতীয় Debasis Panda Bhartiya West Bengal,Debasis Panda,≤100
101924458306932,DrSunil Mishra,These ads ran without a disclaimer,≤100
1116353905141402,Dr. Shivani Matanhelia,Kanushree Matanhelia,≤100
506874439519016,SANJEEV SINGH,Engitech Media,≤100
1643418169278971,Lakhabhai Sagathiya,Lakhabhai Jethabhai Sagathiya,≤100
103609511145569,Jet digital brand management,Varun Shivpuriya,≤100
736338686396054,Rafique Mandelia,Webtix,≤100
116997354325105,Wg Cdr Anuma Acharya,Anuma Acharya,≤100
1384169104959232,Sardarbhai Chaudhari - BJP,Sardarbhai S Chaudhary,≤100
1882711862044371,Er. Shashi Bhushan Rai - Gappu rai,Shashi Bhushan Rai,≤100
1692446997478851,Divy Trivedi,Vikas Acharya,≤100
109041710706538,Shankar Ninama Ghatol,Ganesh Thapa,≤100
105999155405710,Pandit Avadh Sharma,Pawan Kumar Sharma,≤100
502732839896761,Dr Neeraj Bora,Pranjal Gupta,≤100
715413968601904,Yelahanka  Constituency BJP supporter's,Prashanth B,≤100
108536391949423,जनसेवक मंच,Pankaj Sharma,≤100
472844082918408,Atik Kapadia,Krunal Ravindra Dalvi,≤100
109666834688109,Saleem Sarang,Saleem Rafik Sarang,≤100
222719048656244,Ved Prakash Ojha  IMC,Vivek Vashisth,≤100
648392601873373,Ashok Chandna,Mukesh Kumar Yadav,≤100
105515161411695,Pankaj Singla,Anil Kumar,≤100
791996340811292,Dr Madhuri Borse,Vipul Jayantilal Bafna,≤100
155418314920954,Orchid HRD Trainings भाषणकला व राजकीय नेतृत्व कौशल्य प्रशिक्षण,Ganesh Subhashrao Lomte,≤100
140624336584770,Yogender Pal Singh Champawat,Akash Singh,≤100
109387391216175,Shweta Tiwari,Shweta,≤100
777771655697023,Aditya Shankar Prasad,Pramender Kumar,≤100
102370509068053,News Junction,Parveen,≤100
250007248502240,Golu Shukla,Modi For PM Organization,≤100
2370311926329271,Dr. Surendra Singh Shekhawat,Tanuj Singh,≤100
108109107598966,Gurugram live news,Hari Shankar Kumar Singh,≤100
747930775373319,Saral Patel,Saral Patel,≤100
1065727510129084,Datta kulkarni - दत्ता कुलकर्णी,Datta Kashinath Kulkarni,≤100
182600871930746,Sujata Paul - India First,Sujata Paul,≤100
115581696797257,Suresh Raje,Suresh Kumar Raje,≤100
847815745238429,Chilla Jagadeeshwari,Nithin Kumar Chilla,≤100
630509790759981,Maddisetty VenuGopal,S-Team Services,≤100
1584395508448696,Manash Borah,These ads ran without a disclaimer,≤100
743418359142684,Bajrangi Prasad Yadav,Bajrangi Prasad Yadav,≤100
825870624112435,Ramesh Chandra Ratn,Arun Sharma,≤100
135947097097073,Jaspreet Singh Dahiya,Jaspreet Singh Dahiya,≤100
121286572595378,Harendra Ninama हरेंद्र निनामा,Ganesh Thapa,≤100
108984951723852,Mithlesh Malik,Naresh Kumar Shoeran,≤100
105352618893717,Shankar yadav,Shankar Lal Yadav,≤100
188409771195119,Amit Pal Ashok BSP,Amit Kumar Pal,≤100
104831868860974,Narender Ghintala,Webtix,≤100
2202748353387524,Bibi Jagir Kaur,Rahul Kumar,≤100
106332112196008,Shiv Shankar Singh,Shiv Shankar Singh,≤100
124355137715451,Dr Ranju Ramawat,Ganesh Thapa,≤100
106618615622836,kshatriyavoice,These ads ran without a disclaimer,≤100
118967713281339,akshay_jain185,These ads ran without a disclaimer,≤100
105560431512954,Boopathi Raja K,Boopathi Raja,≤100
294529347608828,Rishikesh Upadhyay,Rishikesh Upadhyay,≤100
112554440463293,Malkhan Singh Chouhan - BJP,Prashant Mahton,≤100
358089768022150,Vishnu Lata,Krishna Choudhary,≤100
100225432979289,Swadeshi Selles,These ads ran without a disclaimer,≤100
102597425311635,Surya Pratap Singh,Surya Pratap Singh,≤100
1610180912621752,Dushyant Chaudhary,Jainendra Agrawal,≤100
111081378079090,प्रतिभा तिवारी गुरु माँ पत्नी डा० रमेश चंद्र तिवारी गुरु जी,These ads ran without a disclaimer,≤100
100662138482242,सुशील तिवारी-नगर अध्यक्ष-भाजपा उन्नाव नगर मण्डल,These ads ran without a disclaimer,≤100
101610392620043,ITS Speciality Dental Clinic,ITS Speciality Dental Clinic,≤100
109396994667229,Vikrant Chandrahas Tawde,Vikrant Chandrahas Tawde,≤100
423928144293931,Mahender Pratap Singh,Pankaj Sharma,≤100
256050398281355,MD Chopdar,WEBTIX,≤100
1935128343433294,"Sri Shyam Sundar Singh ""Dhiraj""",Shyamsunder Singh Dheeraj,≤100
108999335410129,Rangnath Solanke-रंगनाथ सोळंके,Vaibhav Ganesh Chikhale,≤100
475898282465005,Dr K Laxman,Vijay Kumar Tapadia,≤100
876699415772381,Rakesh Visheshwar Ojha,Rakesh Ranjan,≤100
1382038335401197,Bahujan Samaj Party,Amit Kumar Pal,≤100
231512217793516,Ashok Goel Mangaliwala,Ashok Kumar Goel,≤100
470929816335236,Veer Sen Yadav,Veer Sen Singh,≤100
794348367359918,Bharath mudiraj,C Bharath Kumar,≤100
513622232357932,Chairman Arun Sharma,Badri Narayan Jangid,≤100
104517216271689,Rakesh Singh,Rakesh Singh Thakur,≤100
110634340425402,Shivraj Vaishnav,These ads ran without a disclaimer,≤100
426868484184031,Vimal Katiyar,Sumeet Kumar,≤100
100246572087472,Bhupendra Singh Shaktawat,Bhupendra Singh Shaktawat,≤100
205344560170412,Little Status,Aniket Mahendra Rokade,≤100
747338555602773,Pandit Deendayal Upadhyay Smriti Manch,Pandit Deendayal Upadhyay Smriti Manch,≤100
560473447401819,Anzanneyllu GV,Alapati Naresh Kumar,≤100
100567195884534,Dr. Dinesh shastri,Mohit Yadav,≤100
103654627695731,रण बहादुर लाखन सिंह,Aman Singh,≤100
113607803769884,Nattasha Sharrma,Nattasha Sharrma,≤100
104590325539529,Adv Harita Mehta Fan Club,Sandeep Kumar Rana,≤100
106378422059330,Himmat Singh Bharatpur,Jainendra Agrawal,≤100
286305031543994,Panchayat Khabar पंचायत खबर,Kuldeep Singh,≤100
1389865451311822,Kedar Singh Rawat - Yamunotri,These ads ran without a disclaimer,≤100
794376257583916,RTIbytes,Sureshkumar Jeyakumar,≤100
101636799071929,Suraj das,Aparna Das Roy,≤100
176518289957089,Mr Gejja Ram Valmiki,Geja Ram,≤100
490167811006821,Neena Vikram Verma,Yuvau Digital,≤100
502867826822646,Subhash Verma,Varun Tyagi,≤100
228555960680657,Kavi Rahul Sharma,Chetan Joshi,≤100
268998889945816,Darshana Singh,Darshana Singh,≤100
107564918890983,Nishant_Gulati,These ads ran without a disclaimer,≤100
102120932657218,Mudra loan,Sunil Kumar Mandal,≤100
110196738628511,veshalpurii,These ads ran without a disclaimer,≤100
607252739670252,Dr. Prannay G Sharma,Kumar Ratnam Sharma,≤100
105641591260871,Shyam Singh,Shyam Singh,≤100
1978240835728263,Virendra Sharma Hawamahal,Pawan Kumar Sharma,≤100
1874185392653723,Cabinet Minister Pramod Jain Bhaya,Rupali Sharma,≤100
1450629991853191,Arvind Gupta,Arvind Gupta,≤100
108528131436780,manmohanmishra803,These ads ran without a disclaimer,≤100
105313031392424,Abhay kumar vishwakarma,Shubham Arendiya,≤100
107014703325591,Ranjeet Patel,Prashant Gupta,≤100
104091608531250,Janata Party,Social Orbit,≤100
110323734128375,Anupam Mishra Rld,SYED. MOHD. FUZAIL,≤100
105530752376295,"Shiromani Akali Dal, Delhi Unit",Harjap Singh Dhingra,≤100
214026209394892,Shubhankar Ghosh,These ads ran without a disclaimer,≤100
254700884880281,Mahesh Yadav BJP,Mahesh Kumar Yadav,≤100
310054376426537,Lakhan Singh Patel,These ads ran without a disclaimer,≤100
517335318379948,Mehrunisa Tak,These ads ran without a disclaimer,≤100
101160849457686,Vibhor Rana,Bhupendra Sharma,≤100
326243404670820,Mohammad Shariq,Shariq  Mohd,≤100
111124004808615,Deswa News,These ads ran without a disclaimer,≤100
954749021299617,Rakesh Kumar Singh,These ads ran without a disclaimer,≤100
281087312058182,Anand Dubey,Akash Singh,≤100
1692202267574672,Parshuram Sisodiya,Ajay Nagriya,≤100
437736246329765,Anand Sagar,Daksh Dhankhar,≤100
645207162254907,Achyuta Samanta,Achyuta Samanta,≤100
2095140507231761,Valluru Jayaprakash Narayana,Anshika Srivastava,≤100
103292189067168,Shimla Bawri-शिमला बावरी,Ganesh Thapa,≤100
110041803678379,Kabir Shankar Bose,Kabir Shankar Bose,≤100
125641071467742,Sandeep Jakhar,Vikas Singla,≤100
1453788318187947,Maninder Pal Singh,Maninder Pal Singh,≤100
112512191696033,Shailesh Nitin Trivedi - Baloda Bazar,Arpit Jain,≤100
111260641783669,Subhash Kumar shahi Munna shahi,These ads ran without a disclaimer,≤100
1149375478489344,Harvinder Singh Sarna,Harjap Singh Dhingra,≤100
1947865801968156,Jasmeet Singh Pitampura,Harjap Singh Dhingra,≤100
132806813793938,Paramjit Singh Sarna,Harjap Singh Dhingra,≤100
1822196704770409,Priya Chandela,Luxmi Devi,≤100
102091768921733,Ashok dubey bjp,Prashant Mahton,≤100
110313328582096,Nation Now,These ads ran without a disclaimer,≤100
2108726996065900,Bhawani Singh Rundal,Bhawani Singh Shekhawat,≤100
105813284380310,Dee4unews,Deepak Kumar Bhandari,≤100
136841699707978,Winny Immigration and Education Services Pvt. Ltd.,These ads ran without a disclaimer,≤100
141796253017351,Rohit Sehrawat - BJP,Luxmi Devi,≤100
1403158779919351,Chandrika Prasad Upadhyay,Vineet Upadhyay,≤100
100528519606881,grizmo_labs,These ads ran without a disclaimer,≤100
416058801922933,Bharat News,Bharat News,≤100
624122961126616,Dhanwati Chandela,Luxmi Devi,≤100
700079793418618,J S Patel,Gayatri Suchetkumar Darji,≤100
113858681342028,Dr. Anjali Yadav,Shiv Charan,≤100
104307214698425,Ganesh Ghogra,Rahul Khan,≤100
274625602685907,Nayab Saini,Praveen,≤100
288491622965691,B news,Syed Shafiulla,≤100
2385744934829431,Battrixx,These ads ran without a disclaimer,≤100
106713818593622,Utkarsh Awasthi,Binay Kumar Singh,≤100
1569852659799372,Nishant Anand,Nishant Anand,≤100
110977830611680,Manoj tholiya,Shiv Charan,≤100
111135334049877,Rakesh Thakur,Vikrant Shukla,≤100
104524905036336,Voice of Sikh,Harjap Singh Dhingra,≤100
101392139172124,Patel Maanvendra Singh,Himanshu Himraj,≤100
112051118351859,ijmproductions,These ads ran without a disclaimer,≤100
816747015124769,हुल्लड़,Ajit Kumar,≤100
313837766031848,Kuldeep Dhankar,Rahul Singh,≤100
424368341097655,Rajkumar Singh,Pankaj Srivastava,≤100
354210368277318,Diwan Singh Bisht MLA,Sandeep Bhardwaj,≤100
138927162813391,Dailyhunt,Verse Innovation Pvt. Ltd.,≤100
1181211801943489,Vishnu Dayal Ram,Nisant Kumar,≤100
251467211588756,Kanaram Jat,Kana Ram Jat,≤100
103719161677850,Priyanshu Vishwakarma,These ads ran without a disclaimer,≤100
1805949176373381,अलोक कुमार,Mayank Kumar,≤100
205780056697902,Jai Singh Rathod,Jai Singh,≤100
219588748935061,Sandeep Pandey,sandesh foundation,≤100
100682082921034,_saini__pankaj_64,These ads ran without a disclaimer,≤100
315859122588227,Krishnendu Chatterjee Bhartiya,Krishnendu Chatterjee,≤100
103833782263290,Arvind Singh Bhati,Engitech Media,≤100
398066480342359,Dr. Sampat Agrawal,Dr. Sampat Agrawal,≤100
109916533853207,AMIT KUMAR SINGH,Akash Singh,≤100
103937687791371,कड़क पहाडी,These ads ran without a disclaimer,≤100
111527111467505,Rupesh Chaudhary,Rupesh Chaudhary,≤100
531472047253533,Dr P K Sareen,Akram Ali,≤100
921758537869264,Suryakant Dhasmana,Hostcob,≤100
1076603379052813,Maharashtra Desha महाराष्ट्र देशा,Maharashtra Desha,≤100
135180180340322,Jitendra Verma,Arshad Ansari,≤100
103339029222941,iss_tais,These ads ran without a disclaimer,≤100
111967013731903,Goldwind,These ads ran without a disclaimer,≤100
107507422089985,kisssing.art,These ads ran without a disclaimer,≤100
22760563564,FairPlanet,These ads ran without a disclaimer,≤100
111880887662730,WFEM Radio,These ads ran without a disclaimer,≤100
37446160893,Continental,These ads ran without a disclaimer,≤100
105494315161744,talkdiplomacy,These ads ran without a disclaimer,≤100
1934641373486457,The Shopping Vortex,These ads ran without a disclaimer,≤100