﻿Page ID,Page name,Disclaimer,Amount spent (USD)
374731675998101,Sumer News سومر نيوز,Nadia Riyadh,≤100
122715016242892,اقتصاد العراق,علا موفق محمد,≤100
107461271287114,ملتقى البشائر,ملتقى البشائر,≤100
104886081432069,حركة البشائر الشبابية,حركة البشائر الشبابية,≤100
1710947889173929,محمد جميل المياحي,محمد جميل المياحي,≤100
267078350122003,الدكتور ماجد شنكالي,الياس الحسين,≤100
100712791407076,قناة المسلة,قناة المسلة,≤100