﻿Page ID,Page name,Disclaimer,Amount spent (TWD)
239410119414734,彭佳芸,Katherine Peng,13574
238507146264909,國際特赦組織 台灣分會 Amnesty International Taiwan,國際特赦組織 台灣分會 Amnesty International Taiwan,6998
148475335184300,Greenpeace 綠色和平 (台灣網站),Greenpeace 綠色和平 (台灣網站),5379
105556085524776,Twpca-台灣野良犬照護協會,Twpca-台灣野良犬照護協會,4342
693907914395620,良杯製所 Oolab,良杯製所 Oolab,3646
277223962685223,Nespresso.TWN,Nespresso.TWN,2621
286487218798,遠見雜誌,遠見雜誌,2112
248954465174600,TOYOTA Taiwan,TOYOTA Taiwan,1292
106801464127093,目目非營利 MUVE NPO,目目非營利,1275
136185963597716,Cheap,Cheap,1233
104958309091106,曹興誠  八不居士,曹興誠  八不居士,1009
177161918975981,基督教芥菜種會,基督教芥菜種會,996
231202420952272,新北市議員 廖先翔,先翔 廖,993
113021403762187,法律協會-債務協商 更生 清算 -全台服務,傢宇 吳,882
569626243213799,生鮮時書,生鮮時書,881
154631861234059,吳秉叡,吳秉叡,843
285691048228640,新北市議員 劉哲彰,怡文 王,780
186593071836,商業周刊（商周.com）,商業周刊（商周.com）,741
102046048924214,Alpha plus - 人才加速器,Alpha plus - 人才加速器,700
467933563234921,南門書局-網路圖書名店、也有實體店面，誠信可靠！,玉河 孫,639
121692144530435,Discovery頻道,Discovery頻道,614
104013138750678,翁震州,震州 翁,601
201785650801,亞洲大學(Asia University Taiwan),亞洲大學,583
219315794887869,聯合報,聯合報股份有限公司,556
113988264929657,Yp,育璞林,531
107431888793670,王三郎嚴選,These ads ran without a disclaimer,524
208963391067,哈佛商業評論,哈佛商業評論,524
189061482332,張嘉郡,嘉郡張,487
124473380937123,勵馨基金會 The Garden of Hope Foundation,勵馨基金會 The Garden of Hope Foundation,480
211730475524462,大陸委員會,大陸委員會,460
664175463714845,50+：用新的方法，創造自己的理想老後,50＋好好：用新的方法，創造自己的理想老後,438
1649523455281990,遠山呼喚,遠山呼喚國際貧童教育組織,419
171759036215066,創世紀不動產教育訓練中心,Micky  Wu,385
241284961029,udn.com 聯合新聞網,udn.com 聯合新聞網,375
109248241645378,擎天峰和,These ads ran without a disclaimer,340
102027546158880,王三郎嚴選,These ads ran without a disclaimer,335
100714476220256,永續金融先行者聯盟,永續金融先行者聯盟,308
335544036485779,經濟部,經濟部,287
1537741526464370,桃園市議長邱奕勝,奕勝 邱,285
1855418728011324,鏡週刊,鏡週刊,279
104624290080479,張育美,翊斌黃,275
175549807657,台達基金會,台達基金會,261
436843193180529,Unipapa,Unipapa,259
235679595900,民視新聞,民視新聞,258
101355918337667,地天泰國際顧問有限公司,地天泰國際顧問有限公司,252
114922313713078,科達建築,科達建築,250
1847777185521418,放言 Fount Media,放言科技傳媒股份有限公司,229
1921016244677218,國際橋牌社 Island Nation,國際橋牌社 Island Nation,218
117437684611270,桃園有議事・民進黨議會黨團,民主進步黨桃園市議會黨團,207
170417986326226,微笑台灣319鄉+,微笑台灣319鄉+,195
158025223269,今周刊,今周刊,193
105692292105892,黃士修,Shih-Hsiu Huang,175
456170574528072,蘇巧慧,蘇巧慧,173
1649151078446134,卓冠廷,冠廷卓,159
221323424616286,吳祥輝 Brian Wu,吳祥輝,154
1487218698275407,南門書局二店-網路特價書店-也有實體店面，價格親民，誠信可靠的老店。（師友文化）,玉河 孫,153
449156429152075,麻吉理財顧問公司,黃詩凭,151
161789327743,美麗佳人 Marie Claire Taiwan,These ads ran without a disclaimer,150
246324992373019,傅崐萁,Evonne Hu,145
108696572024879,民視佮你講（Bîn-sī kah lí kóng）,民視新聞,139
327941870899267,元智大學 i Life,元智大學 i Life,139
791870507594526,利樂創新界,利樂創新界,138
127628276929,天下雜誌,天下雜誌,137
390569611008641,願景工程基金會 Vision Project,願景工程基金會,135
105490091427483,新北市青年公共事務協會,蕭任佑,121
190684970959969,宜蘭綠色博覽會,堃廉崔,113
138654461200,康健雜誌,康健雜誌,110
1206024742797005,UBI Taiwan 台灣無條件基本收入協會,聖惟王,102
164483516927300,張景嵐,張景嵐,≤100
1659728604312270,台泥企業團,台泥,≤100
104193848228778,PointLife點生活,PointLife點生活,≤100
237483602952352,黃適卓,適卓 黃,≤100
1629474157289221,小牛頓,小牛頓科學教育有限公司,≤100
131410820262008,宏其婦幼醫院,宏其婦幼醫院,≤100
104640252092334,許瑞宏  宏觀思維,許瑞宏,≤100
188358792124,聯經出版,聯經出版,≤100
1627016040846724,謝志忠　幫您講話,志忠 謝,≤100
126494184177642,大師房屋－國際事業部,These ads ran without a disclaimer,≤100
103141681121150,城市學,遠見雜誌,≤100
317996258579415,黃家齊,黃家齊,≤100
103916742589806,你聽我說哦,你聽我說哦,≤100
102475659251313,蘇婉真,蘇婉真,≤100
157825744293951,The Garden of Hope Foundation- International Affairs 勵馨基金會國際事務,The Garden of Hope Foundation- International Affairs 勵馨基金會國際事務,≤100
1743825042576235,楊文科,楊文科,≤100
104697104882554,Tpoc台灣議題研究中心,TPOC台灣議題研究中心,≤100
104527149249031,最佳鎮長,These ads ran without a disclaimer,≤100
202491066592433,思渤科技 Cybernet Systems Taiwan,These ads ran without a disclaimer,≤100
239512030682497,第一手星聞,民視新聞,≤100
180516279238465,桃園市立美術館 Taoyuan Museum of Fine Arts,桃園市立美術館 Taoyuan Museum of Fine Arts,≤100
1610174722594689,鍾易仲  高雄市議員,鍾易仲,≤100
290769701616159,2020國際海報徵選,2020國際海報徵選,≤100
107162861090654,法律協會-前置協商  更生 清算  免費諮詢,Yaya Lin,≤100
106265361106594,海鼎離岸風電計畫 Formosa III,毛潔瑜,≤100
1547614165384988,QuickseeK快析輿情資料庫,QuickseeK快析輿情資料庫,≤100
101629185999930,永安理財專員-花花,永安理財專員-花花,≤100
2290806454495023,Mangodan芒菓丹,澤嵐 林,≤100
119282744754924,台灣人權促進會 Taiwan Association for Human Rights,台灣人權促進會 Taiwan Association for Human Rights,≤100
679518422104905,民視全球新聞,民視新聞,≤100
215213505975,FUNDAY英語教育,FUNDAY英語教育,≤100
354149841356884,哈本咖啡 Happen Coffee,林奕丞,≤100
108096904126871,數位女力聯盟WIDI,凱強 張,≤100
743100072477291,台中市議員何文海,文海 何,≤100
226660410787355,民視體育新聞,民視新聞,≤100
101812532622958,日本Jmaaメディカル居家保健芳療協會,日本Jmaaメディカル居家保健芳療協會,≤100
872742159541735,財團法人台灣中小企業聯合輔導基金會,These ads ran without a disclaimer,≤100
105957556179860,遠雄人壽Hold生活,遠雄人壽Hold生活,≤100
112571907179969,玩霸教育,思揚 蘇,≤100
546919432374583,台灣三井不動產－投資顧問部,緻霖高,≤100
191690867518507,江啟臣,江啟臣,≤100
103469901828540,挖貝 WaBay,挖貝 WaBay,≤100
481065478629613,The News Lens 關鍵評論網,The News Lens 關鍵評論網,≤100
1025786357451330,"范雲  FAN, Yun","范雲  FAN, Yun",≤100
148513668543221,地球公民基金會,地球公民基金會,≤100
121504021252255,台灣金融研訓院,台灣金融研訓院,≤100
129452013855801,RITE,RITE,≤100
458945520924346,美國蕾絲床墊-亞太總代理,These ads ran without a disclaimer,≤100
111048064504149,珊騰天下 姜百珊律師,易宏謝,≤100
100971679482122,2222-《未來選擇地》,2222,≤100
159425621565,Inside 硬塞的網路趨勢觀察,The News Lens 關鍵評論網,≤100
602353113208382,台灣法學基金會,財團法人台灣法學基金會,≤100
116407941330889,E秒簽雲端服務,These ads ran without a disclaimer,≤100
103993244913942,Milly & Sissy 台灣,Stephanie Hsu,≤100
282131515802876,新北民政保平安,采威國際資訊股份有限公司,≤100
201107280815936,潔淨學-不咬手潔淨體貼,永勝 許,≤100
139659093185084,林杏兒 台北市議員,杏兒 林,≤100
101278561893503,永續實現的∞種可能,永續實現的∞種可能,≤100
451740055338297,吳淑君,These ads ran without a disclaimer,≤100
1680942122167263,Schneider Electric,品瑄 黃,≤100
158723167479444,再生能源資訊網,再生能源資訊網,≤100
276861822357066,高金素梅(吉娃斯．阿麗),智葟 陳,≤100
109212067479967,VERSE,These ads ran without a disclaimer,≤100
397434441163,左岸文化,左岸文化,≤100
469433823136537,CSRone永續觀點,CSRone永續觀點,≤100
106118168971467,債務人權益協會 扣薪 協商 更生 清算,傢宇 吳,≤100
101662265434180,消防安全有法可管,消防安全有法可管,≤100
110281231630482,Earth Helper 減碳永續行動,Earth Helper 減碳永續行動,≤100
101718182459153,天秤座戰士,Companionship Digital,≤100
376687563131189,謝衣鳯,衣鳯謝,≤100
112570843421623,社團法人台灣你不是一個人實踐協會,柏岑 葉,≤100
211551409043883,Innergie,Innergie,≤100
1424904337764519,徐其萬．信賴首選,徐其萬,≤100
241744040079991,春山出版,甘彩蓉,≤100
796994720374176,鳴人堂,鳴人堂,≤100
101576862144790,工程師看政治,玄超 黃,≤100
1409006279407668,美麗而剽悍 婦產科女醫 新竹竹北 張瑜芹醫師,荏傑 楊,≤100
673035569401167,育田基金會 Mercyland,財團法人育田社會福利慈善基金會,≤100
593374924100942,經濟民主連合,社團法人經濟民主連合,≤100
109358201564879,反廢死Q&A,天恩鄭,≤100
1645501069043806,科科性別,國立高雄師範大學,≤100
1503745219913314,"孫大千Sun, Ta-Chien","孫大千Sun, Ta-Chien",≤100
195094157238158,好立委 楊瓊瓔,宛儀林,≤100
1617266565154002,黃日寬 kuan,These ads ran without a disclaimer,≤100
106884252092730,恆好玩｜永續行動平台,恆好玩｜永續行動平台,≤100
259430250825193,BSI Taiwan,BSI Taiwan,≤100
104303444906468,Haier海爾全球廚衛家電專家,Haier海爾全球廚衛家電專家,≤100
1621835121361449,陳超明-阿明哥粉絲團,超明 陳,≤100
109179878519213,欣巴巴-幸福欣印象,These ads ran without a disclaimer,≤100
791039751042770,好民文化行動,好民文化行動,≤100
125534862174582,法律萬狀通-書狀生成,法律萬狀通-書狀生成,≤100
120869137965597,SEMI 國際半導體產業協會,SEMI 國際半導體產業協會,≤100
114159468223784,張建焜-行動發光 照亮青商,林杰,≤100
104667879178822,ps_shop_peace_with_me,These ads ran without a disclaimer,≤100
327295254323344,基隆市議員-何淑萍,基隆市議員-何淑萍,≤100
1992951864115792,周柏吟,柏吟周,≤100
113791200340934,經典公益郵舍-跟著韓老師玩轉收藏世界,孟達 韓,≤100
575747599156894,環境資訊中心,台灣環境資訊協會,≤100
105931358099314,遠雄文教公益基金會,遠雄文教公益基金會,≤100
107079701135729,樂洋地產 x 樂于創藝 Leyang & You,緻霖高,≤100
108467171773621,南投縣議員-吳棋楠,These ads ran without a disclaimer,≤100
105742975534267,吳明宜,吳明宜,≤100
521176024619313,花輪哥,傑齊 黃,≤100
28312410177,World Food Programme,These ads ran without a disclaimer,≤100
111695394938904,桃園市議員 陳韋曄,韋曄陳,≤100
375176372888863,桃園電子報,桃園電子報,≤100
116906978005986,讓中正，更傑出,讓中正，更傑出,≤100
142350605777908,人間福報,These ads ran without a disclaimer,≤100
1553668178254881,淨毒五郎 Chef Clean,志強靳,≤100
215213505975,FUNDAY英語教育,These ads ran without a disclaimer,≤100
100195379426027,愛德華先進科技 Edwards Technologies Limited,愛德華先進科技 Edwards Technologies Limited,≤100
6115848166,Nature Portfolio,These ads ran without a disclaimer,≤100
120633904332712,Williams Avalos,These ads ran without a disclaimer,≤100
100374392742057,Weregreenly- Magazine,These ads ran without a disclaimer,≤100
107376701711982,PHINMA Maayo,These ads ran without a disclaimer,≤100
104741408445798,Pengkuei Ben Huang Photography,These ads ran without a disclaimer,≤100
98673036962,ROLDA,These ads ran without a disclaimer,≤100
760478847371596,TRANZEND,These ads ran without a disclaimer,≤100