﻿Page ID,Page name,Disclaimer,Amount spent (PEN)
101665683225827,José Luna Gálvez - Pepe Luna,Laidy Diana Peceros Espinoza,351
323258317840483,Walter Soto,Manuel Ignacio Chiroque Farfán,≤100
109019574560600,Aula Gaceta,Joel V. Supo Baldo,≤100
143175009597452,Iván Hernández,Iván Segundino Hernández Carrasco,≤100
330308820924985,Joshie,Joshie,≤100
264223880347121,Lampadia Oficial,LAMPADIA,≤100
343777928976297,P&G Perú,These ads ran without a disclaimer,≤100
100500902383840,Propuestas del Bicentenario,Videnza Fundación,≤100
117001009126,PROMSEX,PROMSEX,≤100
103858515430316,Reforma Tributaria Perú,CooperAcción,≤100
142062936237878,Goberna,Goberna,≤100
534284396949027,Ilich López,Renzo Jireh Casas Torres,≤100
173144229408518,RENIECPERU,RENIECPERU,≤100
1979395382306329,Municipalidad de Cajacay,These ads ran without a disclaimer,≤100
145605348814317,Centro Cultural Petroperú,Reynaldo Arturo Hermoso Chavez,≤100
100330785132565,Saca tu cuenta,Juan Jose Garcia Chau,≤100
721209661258478,Felipe Castillo,Luis Felipe Castillo Oliva,≤100
1566649010287055,Copera infancia,These ads ran without a disclaimer,≤100
1897126257190528,Instituto Latinoamericano de Capacitaciones Jurídicas-ILCJ,ILCJ,≤100
173144229408518,RENIECPERU,Registro Nacional de Identificación y Estado Civil,≤100
687691121319854,Ernesto Álvarez Miranda,Ernesto Julio Alvarez Miranda,≤100
116568974691967,Juan José Abad Cabrera,Target Tráfico Digital,≤100
104264071546502,Asociación de Regidores del Perú - ARPE,Harvey Lennin Quiñones Patricio,≤100
101053675911037,Fabri & Asociados Consultoría Política y de Mercadeo,Whilber Eugenio Huallanca Conde,≤100
114298690254560,Escuela de Gestión Política,Gerald Enrique Palomino Pomier,≤100
145417182805675,Ricardo Grados - Los Olivos,Omar Jaime Coronado Juarez,≤100
887873504612353,R&G Indumentaria de Higiene y Seguridad,R&G Seguridad e Higiene Industrial SAC,≤100
103215021752312,Alejandro Soto Reyes- Congresista de la República,Phenelope Jhoana Contreras Cabezas,≤100
417661094920749,Mas Que Consumidores,Abdon César Augusto Delgado La Cotera,≤100
107762171610303,George Podemos Perú,Javier Antenor Moreno Crisostomo,≤100
107139335604867,Comunes Revista,These ads ran without a disclaimer,≤100
200857600643943,Intercambio,Compañía de Jesús Provincia Del Perú,≤100
316564475960113,Estudio Jurídico Tarazona & Asociados,Diego Alberto Isla Yengle,≤100
196140697656186,Len Corell,Ricardo Felix Coral,≤100
253518258580731,Pucallpa 2.0 - Noticias,Pucallpa 2.0 - Noticias,≤100
110336638100765,El Archivo - Periodismo de investigación,These ads ran without a disclaimer,≤100
100338448692869,Congresista Héctor Ventura,Bruce Jeremy Bazán Vásquez,≤100
106666041256404,Elizabeth Medina,Elizabeth Medina,≤100
352244491817604,Consultor Junior,These ads ran without a disclaimer,≤100
113857973395461,Luis Angel Aragón - Congresista de la República,Diego Alonzo Alvarez Guevara,≤100
1484931415146801,Perú Verde,Perú Verde,≤100
1823807254333065,Soy Más País,These ads ran without a disclaimer,≤100
102377441610457,Escuela Magisterial - C Forma,These ads ran without a disclaimer,≤100
102257292713372,Alejandra Morales,These ads ran without a disclaimer,≤100
2051067445198623,APLANET,These ads ran without a disclaimer,≤100
1817873528520461,Minería de Todos,These ads ran without a disclaimer,≤100
108040604918274,Napolitan consulting,Napolitan consulting,≤100
1650216218535063,Oceana Perú,Oceana Perú,≤100