﻿Page ID,Page name,Disclaimer,Amount spent (USD)
101841752536858,Clean Canvas Academy,an advertiser in Myanmar,≤100
110456411440371,Doh Hlay,an advertiser in Myanmar,≤100
1584183878552505,Institute for Strategy and Policy- Myanmar,an advertiser in Myanmar,≤100
1758373207712883,Seven Color Art & Design School,an advertiser in Myanmar,≤100
2074476209434546,Happy Healthy Myanmar  ပျော်ရွှင်ကျန်းမာ တို့မြန်မာ,an advertiser in Myanmar,≤100
1485736928333158,Mudra Jewelry - မုဒြာစိန်ရွှေရတနာ,These ads ran without a disclaimer,≤100
102979191111423,Toe Toe Phaw,an advertiser in Myanmar,≤100
102301285627762,ဒို့အသံ ဒို့ဟန်,an advertiser in Myanmar,≤100
115775968049443,Wal Mal Online Shop,These ads ran without a disclaimer,≤100
151742128171206,Narinjara,These ads ran without a disclaimer,≤100
410644622788282,Lann Pya,an advertiser in Myanmar,≤100
395933837270620,Tet Luu Kyaw - တက်လူကျော် စာပေ,an advertiser in Myanmar,≤100
101841282949479,MBPDF ရွှေလင်းယုန်တပ်ခွဲ,These ads ran without a disclaimer,≤100
576949459164975,မျိုးမြတ်မွန် စပါးခွံလောင်စာတောင့်ထုတ်စက်နှင့် လောင်စာတောင့် ရောင်းဝယ်ရေး,These ads ran without a disclaimer,≤100
1352185591544936,Min Thein Kha - မင်းသိင်္ခ,These ads ran without a disclaimer,≤100
107907600553541,COCO Snacks & Juices,These ads ran without a disclaimer,≤100
284370804968723,"Croatian service, China radio International",These ads ran without a disclaimer,≤100
9179830029,Queen Mary University of London,These ads ran without a disclaimer,≤100
110020365338801,The Silk Road-Shaanxi,These ads ran without a disclaimer,≤100