﻿Page ID,Page name,Disclaimer,Amount spent (USD)
293384094915450,جريدة الحراك الإخباري,جريدة الحراك الإخباري,≤100
1557231747832291,afikra,These ads ran without a disclaimer,≤100
995765983772115,Dzair Tube,Dzair Tube,≤100
101307792536220,جبهة المستقبل - المكتب الولائي بالمسيلة,Yazid Benzid,≤100
533974930053676,سارة السهيل  صفحة,These ads ran without a disclaimer,≤100
187461997935711,Unilever Careers,These ads ran without a disclaimer,≤100
345840486219924,Energy China,These ads ran without a disclaimer,≤100
159141120954426,الإخبارية - Elikhbaria,These ads ran without a disclaimer,≤100
1473321922884514,Chińskie Radio Międzynarodowe,These ads ran without a disclaimer,≤100
212864082137,Mike Manning,These ads ran without a disclaimer,≤100
274400273295605,Programa Papo de Bola,These ads ran without a disclaimer,≤100
101829821577821,Apc Rouiba الصفحة الرسمية للمجلس الشعبي البلدي للرويبة,These ads ran without a disclaimer,≤100
106321962111925,taboo_empower,These ads ran without a disclaimer,≤100
100857675472522,ScreeN+,These ads ran without a disclaimer,≤100
104140320927199,قناة النصر TV,قناة النصر TV,≤100
113242321007141,شوارع اسطنبول-istanbul streets,These ads ran without a disclaimer,≤100