﻿Page ID,Page name,Disclaimer,Amount spent (USD)
107847177821253,NOW الشرق,These ads ran without a disclaimer,≤100
324648538032886,Dzair Tube tv دزاير توب,Dzair Tube tv دزاير توب,≤100
995765983772115,Dzair Tube,Dzair Tube,≤100
342526129176907,World Maritime University - headquarters,These ads ran without a disclaimer,≤100
398610380712044,River Cleanup,These ads ran without a disclaimer,≤100
100904822517086,Non-trivial,These ads ran without a disclaimer,≤100
103018869332378,BantuPage,These ads ran without a disclaimer,≤100
312898778847834,TERRAM PACIS,These ads ran without a disclaimer,≤100