﻿Page ID,Page name,Disclaimer,Amount spent (USD)
543230525840908,Asianerial Advisory Int.,Asianerial Advisory Int.,≤100
101029751624330,គង់ សោភ័ណ្ឌ អភិបាលខេត្តកណ្តាល Kong Sophorn Governor of Kandal Province,គង់ សោភ័ណ្ឌ អភិបាលខេត្តកណ្តាល Kong Sophorn Governor of Kandal Province,≤100
100136939277807,"Sean Borath,Ph.D","Sean Borath,Ph.D",≤100
105866705100869,Khmer Tech Market,Khmer Tech Market,≤100
103952141169390,រាជធានីភ្នំពេញ បេះដូងប្រជាជនកម្ពុជា,រាជធានីភ្នំពេញ បេះដូងប្រជាជនកម្ពុជា,≤100
2260430647540976,កម្ពុជា ៤.០ - Cambodia 4.0,Reun Daro,≤100
1582014712074227,គណបក្សប្រជាជនកម្ពុជា Cambodian People's Party,David Than,≤100
107248224050954,ឡុង នរិន្ទ - Long Norrin,ឡុង នរិន្ទ - Long Norrin,≤100
103339115606169,រំដួល ឌីហ្សាញ និងព្រីនស្លាកផ្សព្វផ្សាយ,These ads ran without a disclaimer,≤100
219779514869475,រដ្ឋបាលរាជធានីភ្នំពេញ,រដ្ឋបាលរាជធានីភ្នំពេញ,≤100
1129900250496858,EBo_Bookstore,EBo_Bookstore,≤100
824171547689509,ពញាឮស្រុកខ្ញុំ,Sovichea Kang,≤100
116613175028420,វិទ្យុស្ត្រី Women's Radio,វិទ្យុស្ត្រី Women's Radio,≤100
1691081041182548,Cambonomist,Ren Rayut,≤100
311212062405665,យ៉េង វីរៈ,យ៉េង វីរៈ,≤100
558050957660331,ព្រឹទ្ធសភាកម្ពុជា Senate of Cambodia,Kok Vay,≤100
102312105610965,Agrosolar Cambodia,Agrosolar Cambodia,≤100
142188519277867,គណៈកម្មាធិការជាតិគ្រប់គ្រងគ្រោះមហន្តរាយ,គណៈកម្មាធិការជាតិគ្រប់គ្រងគ្រោះមហន្តរាយ,≤100
104781257784732,BRANDMEDIA,BRANDMEDIA,≤100
110372271312240,ក្រុមការងារអភិវឌ្ឍយុវជនខេត្តព្រៃវែង,Dyna Moeung,≤100
1291955704292254,គេហទំព័រ ផែនដីថ្មី PDT-News,Phad Pished,≤100
1995251780700007,បណ្ឌិត ងិន បាណាល់ - Dr. NGIN Banal,Dyna Moeung,≤100
110527508460363,សកម្មភាព អភិបាល នៃគណៈអភិបាលស្រុកព្រៃនប់,សកម្មភាព អភិបាល នៃគណៈអភិបាលស្រុកព្រៃនប់,≤100