﻿Location name,Amount spent (RON)
Alba County,485
Arad County,579
Argeș County,1032
Bacău County,741
Bihor County,936
Bistrița-Năsăud County,372
Botoșani County,575
Brașov County,693
Brăila County,436
Bucharest,3648
Buzău County,527
Caraș-Severin County,316
Cluj County,1159
Constanța County,887
Covasna County,316
Călărași County,254
Dolj County,841
Dâmbovița County,673
Galați County,741
Giurgiu County,234
Gorj County,456
Harghita County,617
Hunedoara County,509
Ialomița County,237
Iași County,962
Ilfov County,417
Maramureș County,532
Mehedinți County,371
Mureș County,1045
Neamț County,750
Olt County,423
Prahova County,1139
Satu Mare County,439
Sibiu County,511
Suceava County,732
Sălaj County,282
Teleorman County,329
Timiș County,935
Tulcea County,233
Unknown,≤100
Vaslui County,379
Vrancea County,357
Vâlcea County,502