﻿Page ID,Page name,Disclaimer,Amount spent (USD)
367243942817,Alaska Department of Environmental Conservation,Alaska Department of Environmental Conservation,131
184982158308978,Council on Domestic Violence & Sexual Assault - Alaska,Council on Domestic Violence and Sexual Assault,109
388076585284592,SalmonState,SalmonState,101
70995214846,Business Roundtable,Business Roundtable,≤100
106361088891016,Alaskans for Reliable Heating,Alaskans for Reliable Heating,≤100
201248453800242,My Pay My Say,Mackinac Center for Public Policy,≤100
72225505417,Orvis,Orvis,≤100
106244251043808,America's Plastic Makers,"AMERICAN CHEMISTRY COUNCIL, INC.",≤100
113891694102,Energy Citizens,AMERICAN PETROLEUM INSTITUTE,≤100
18982436812,ACLU,American Civil Liberties Union,≤100
1654634867883150,AK Headlamp,ALASKA SUPPORT INDUSTRY ALLIANCE,≤100
342294162453301,Planned Parenthood,Planned Parenthood Federation of America,≤100
172758932738142,PhRMA,PHARMACEUTICAL RESEARCH AND MANUFACTURERS OF AMERICA,≤100
385473284886474,Hillsdale College,Hillsdale College,≤100
104042452981815,AARP Black Community,AARP,≤100
58029141741,RMI,RMI with Facebook ad credits,≤100
43426724597,Paper Culture,Paper Culture LLC,≤100
121268821249550,World Central Kitchen,World Central Kitchen,≤100
92925746942,Judicial Watch,Judicial Watch,≤100
1461100540775171,The Tuttle Twins,LIBERTAS INSTITUTE,≤100
127225910653607,PragerU,PragerU,≤100
57259033959,AARP,AARP,≤100
115613890351673,Screaming Freedom Apparel,Screaming Freedom Apparel,≤100
203197030603239,8 Billion Trees,8 Billion Trees LLC,≤100
76470053424,TIAA,TEACHERS INSURANCE AND ANNUITY ASSOCIATION OF AMERICA,≤100
121626482110,Operation Smile,OPERATION SMILE,≤100
85452072376,NEWSMAX,"NEWSMAX MEDIA, INC.",≤100
15239367801,The Wilderness Society,"WILDERNESS SOCIETY, THE",≤100
7030901126,Campaign for Tobacco-Free Kids,TOBACCO-FREE KIDS ACTION FUND,≤100
1560959047527920,Solar Rights Alliance,Solar Rights Alliance,≤100
12375354406,USO,United Service Organizations,≤100
103552914774916,Science Moms,"Potential Energy Coalition, Inc. with Facebook ad credits",≤100
32682889528,U.S. Chamber of Commerce,The U.S. Chamber of Commerce,≤100
22067606728,Allen West,The Association of Mature American Citizens Inc,≤100
802271849850801,Freedom for All Americans,Freedom for All Americans,≤100
580610428636345,Fight for $15,Fight for $15,≤100
103945768988283,ObamacarePlans.com,Obamacareplans,≤100
81124177592,"Planned Parenthood Great Northwest, Hawaiʻi, Alaska, Indiana, Kentucky","Planned Parenthood Great Northwest, Hawaiʻi, Alaska, Indiana, Kentucky",≤100
102431482417812,American Free Enterprise Action,AMFREEACTION COMMITTEE,≤100
8934429638,Planned Parenthood Action,Planned Parenthood Action Fund,≤100
104295601633638,American Cornerstone Institute,American Cornerstone Institute Inc,≤100
166618413413767,Jay Sekulow,American Center for Law and Justice,≤100
6204742571,Sierra Club,SIERRA CLUB,≤100
495170667357093,Electronic Payments Coalition,ELECTRONIC PAYMENTS COALITION INC,≤100
1832744013698336,Mahogany Mommies,Mahogany Mommies,≤100
13885075114,Action Against Hunger USA,ACTION AGAINST HUNGER - USA,≤100
8492293163,Environmental Defense Fund,Environmental Defense Fund,≤100
49651563727,Live Action,Live Action,≤100
925007000949719,ExxonMobil,EXXON MOBIL CORPORATION,≤100
18709174006,National Audubon Society,"NATIONAL AUDUBON SOCIETY, INC.",≤100
357750373755,National Domestic Workers Alliance,National Domestic Workers Alliance,≤100
107153355166646,The Protein PACT,NORTH AMERICAN MEAT INSTITUTE,≤100
570092813023833,Matt Walsh,The Daily Wire,≤100
103885799225717,Liberty Protector,Liberty Protector,≤100
309541989079465,Libertas Institute,LIBERTAS INSTITUTE,≤100
341188284587,AARP Alaska,AARP,≤100
246770166935,Alaska Policy Forum,Alaska Policy Forum Inc.,≤100
314499212242,Pfizer,Pfizer Inc.,≤100
24330467048,Americans for Prosperity,AMERICANS FOR PROSPERITY,≤100
130945114804,World Jewish Congress,ATTN: INC.,≤100
5720973755,Defenders of Wildlife,DEFENDERS OF WILDLIFE,≤100
5861903849,USA for UNFPA,FRIENDS OF UNFPA INC,≤100
302182941354,AARP Advocates,AARP,≤100
102960695956522,Amazing Patriots,Amazing Patriots,≤100
40217893542,AIPAC,AIPAC,≤100
114167895375664,Cherokee Nation,Cherokee Nation,≤100
112642477582238,Mericanaf,AAF Nation,≤100
72931140459,Center for Biological Diversity,"CENTER FOR BIOLOGICAL DIVERSITY, INC.",≤100
19972147679,SEIU,SEIU,≤100
304600892905134,Hillsdale College Online Courses,HILLSDALE COLLEGE,≤100
515208202285132,The Kelly Clarkson Show,These ads ran without a disclaimer,≤100
29717379728,International Justice Mission,International Justice Mission,≤100
154561574598964,White Coat Waste Project,THE WHITE COAT WASTE PROJECT INC,≤100
361960287311696,Better Medicare Alliance,"Better Medicare Alliance, Inc",≤100
266003946905686,Salmon Beyond Borders,SalmonState,≤100
51379424899,Mercy Ships,MERCY SHIPS INTERNATIONAL,≤100
542678889114683,The Coca-Cola Company,The Coca-Cola Company,≤100
296295018082,AARP en Español,AARP,≤100
15041226930,Oxfam,"OXFAM AMERICA, INC.",≤100
8325302025,Friends of the Earth U.S.,Friends of the Earth,≤100
112552187080266,Protecting Every Future,American Council of Life Insurers,≤100
1145019702185006,Alliance for Safety and Justice,Alliance for Safety and Justice,≤100
15771560300,Earthjustice,EARTHJUSTICE,≤100
100373975829221,Fòs Feminista Org,Fòs Feminista,≤100
51405613519,Focus on the Family,Focus on the Family,≤100
227764782729,AMERICAN - STRONG!,American Strong LLC,≤100
38235851310,USA for UNHCR,UNITED STATES ASSOCIATION FOR UNHCR,≤100
284293125336159,Regulatory Transparency Project,FEDERALIST SOCIETY FOR LAW & PUBLIC POLICY STUDIES,≤100
104253615152700,America First Legal,America First Legal Foundation,≤100
142957224352,International Medical Corps,International Medical Corps,≤100
592707041080920,Stand Together,Stand Together Chamber of Commerce Inc.,≤100
159658557547960,Wall Street Journal Opinion,The Wall Street Journal,≤100
2245766435469741,Beersy,Beersy LLC,≤100
30914589895,The International Fellowship of Christians and Jews,INTERNATIONAL FELLOWSHIP OF CHRISTIANS & JEWS INC,≤100
58433611572,Seventh Generation,SEVENTH GENERATION INC,≤100
1428755447227803,Defend The Second,Next Level Goods,≤100
665345483483486,NRA - National Rifle Association of America,NATIONAL RIFLE ASSN OF AMERICA,≤100
11055104471,ONE,ONE CAMPAIGN,≤100
107131418817543,Roger Branson for State House,Roger Branson for State House,≤100
309308412520731,Sandy Hook Promise,Sandy Hook Promise,≤100
1196196390526965,Facebook Surveys,These ads ran without a disclaimer,≤100
11791104453,NRDC,Natural Resources Defense Council,≤100
866779926670025,Citizens for Tobacco Rights,Citizens for Tobacco Rights,≤100
104760636770,Vera Institute of Justice,"VERA INSTITUTE OF JUSTICE, INC.",≤100
1398927630359711,State Financial Officers Foundation - SFOF,State Financial Officers Foundation,≤100
107764430968176,Tuttle Twins TV Show,"Tuttle Twins Show, LLC",≤100
2221239651245614,Young Conservatives for Carbon Dividends,Young Conservatives for Carbon Dividends Inc,≤100
108547455113940,Our America,Our America,≤100
109111900634787,Reverend Raphael Warnock,WARNOCK FOR GEORGIA,≤100
102784342640570,Better Nation Guide,Hot Review Products,≤100
1534290989956166,Philanthropy Roundtable,"PHILANTHROPY ROUNDTABLE, THE",≤100
17203056985,Partners In Health,Partners In Health,≤100
105715796618476,Protect Greater Chaco,Protect Greater Chaco,≤100
100992801635617,Conservative-American.org,Conservative American Strategies,≤100
702582586516561,CBN Israel,"The Christian Broadcasting Network, Inc.",≤100
16477459734,League of Conservation Voters,"LEAGUE OF CONSERVATION VOTERS, INC",≤100
110431415026491,The American Enthusiasm,The American Enthusiasm,≤100
101391906600,Live Action News,Live Action,≤100
681626158940626,Mission Roll Call,Americas Warrior Partnership,≤100
30139072158,CARE,CARE,≤100
696930446991476,Financialadviser.com,"All Phone Leads, Inc.",≤100
123499639275,National CASA / GAL Association for Children,NATIONAL CASA ASSOCIATION,≤100
34362997676,United States Holocaust Memorial Museum,UNITED STATES HOLOCAUST MEMORIAL MUSEUM,≤100
12301006942,Democratic Party,DNC SERVICES CORP./DEM. NAT'L COMMITTEE,≤100
9538894955,John F. Kennedy Presidential Library and Museum,"John Fitzgerald Kennedy Library Foundation, Inc.",≤100
106925294739244,Advancing American Freedom,Advancing American Freedom,≤100
443329669123990,USAFacts,USAFacts Institute,≤100
370345423898,Alaska Children's Trust,Alaska Children's Trust,≤100
406456986070332,Matt Gaetz,Friends of Matt Gaetz,≤100
158505287559920,Save the Storks,Save the Storks,≤100
38882699096,Polaris,POLARIS PROJECT,≤100
106315901551850,The U.S. Concealed Carry Association for Saving Lives,U.S. Concealed Carry Association For Saving Lives. Not Authorized By Any Candidate Or Candidate's Committee.,≤100
219242560293,Meals on Wheels America,Meals on Wheels,≤100
203805062990264,Ben Shapiro,The Daily Wire,≤100
408250066356,Bill O'Reilly,"Bill Me, Inc.",≤100
182620315479,Plan International USA,Plan International USA,≤100
216311481960,Bill Gates,Bill Gates,≤100
1399099193667071,WP Creative Group,WP BrandStudio,≤100
221455166502566,Senior Savings Club,These ads ran without a disclaimer,≤100
42872222699,Dana Loesch,The Association of Mature American Citizens Inc,≤100
17548474116,Reason Magazine,"REASON FOUNDATION, THE",≤100
161183970656851,Ruben Gallego,GALLEGO FOR ARIZONA,≤100
35169196082,Project HOPE,"PROJECT HOPE-THE PEOPLE-TO-PEOPLE HEALTH FOUNDATION, INC.",≤100
109352563640,Water.org,WATER.ORG INC.,≤100
7341997111,Conservation International,Conservation International,≤100
108268161352786,Stanley M. Herzog Foundation,Herzog Foundation,≤100
1593518174052711,Candace Owens,The Daily Wire,≤100
123078601659716,ROCK Mat-Su,R.O.C.K. Mat-Su,≤100
7192716362,Amnesty International USA,"AMNESTY INTERNATIONAL OF THE U. S. A., INC.",≤100
57615046615,Rainforest Trust,RAINFOREST TRUST INC,≤100
113318901345595,Baby Patriots,Proud Patriots,≤100
25852730092,Care2,"Care2.com, Inc",≤100
108266445888054,Patriot Academy,TORCH OF FREEDOM FOUNDATION,≤100
23875187730,Feeding America,FEEDING AMERICA,≤100
86071521216,Second Amendment Foundation,SECOND AMENDMENT FOUNDATION INC,≤100
103355385129734,The Climate Pledge,The Climate Pledge,≤100
219612384781411,Bloomberg Philanthropies,Bloomberg Philanthropies,≤100
25372476424,Best Friends Animal Society,BEST FRIENDS ANIMAL SOCIETY,≤100
1682876188698809,United for Respect,United for Respect,≤100
2254455051442790,Flag and Cross,Flag & Cross,≤100
133845049915,American Highway Users Alliance,American Highway Users Alliance,≤100
1622236508017452,Stand for Life,"LIFE COLLECTIVE, INC.",≤100
679171239164792,Supermajority,Supermajority,≤100
375742685850856,Firearms Policy Coalition,"FIREARMS POLICY COALITION, INC.",≤100
541807025833154,Malala Fund,Malala Fund,≤100
408526523045391,Mammoth Nation,Mammoth Nation,≤100
83290028957,Care Net,CARE NET,≤100
112425441094454,The Art of the Tweet,The Art of the Tweet LLC,≤100
290548664672,First Liberty,First Liberty Institute,≤100
137855609584310,TBN,TRINITY CHRISTIAN CENTER OF SANTA ANA INC,≤100
289446947817747,Global Citizen,These ads ran without a disclaimer,≤100
8576093908,AT&T,"AT&T Services, Inc.",≤100
762583443832298,In Our Own Voice: National Black Women's Reproductive Justice Agenda,IN OUR OWN VOICE NATIONAL BLACK WOMEN'S,≤100
60182072999,Lila Rose,Live Action,≤100
983629811723932,Home Title Lock,Home Title Lock,≤100
153278754738777,Climate Reality,The Climate Reality Project,≤100
1338822066131069,Women's March,Women's March,≤100
105561217523274,The Dispatch,"Dispatch Media, Inc.",≤100
109320440856128,Together Beat Hate,"Foundation to Combat Anti-Semitism, Inc.",≤100
6041057841,The Humane Society of the United States,"HUMANE SOCIETY OF THE UNITED STATES, THE",≤100
786167111464006,Woodson Center,The Woodson Center,≤100
100259229082893,The Baltimore Banner,The Baltimore Banner,≤100
45393753416,Alliance Defending Freedom,Alliance Defending Freedom,≤100
102748688472759,Parents Defending Education,Parents Defending Education,≤100
7630216751,DoSomething.org,DOSOMETHING.ORG,≤100
70874333603,CatholicVote,catholicvote.org,≤100
215968684159,AFT - American Federation of Teachers,American Federation of Teachers,≤100
6240652407,Young America's Foundation,Young America's Foundation Inc,≤100
104491841664875,Adam Kinzinger,Future First Leadership PAC,≤100
114301413446447,The Climate Initiative,Kennebunkport Climate Initiative,≤100
199826043375900,Larry Hogan,An America United,≤100
18983389920,Open Society Foundations,Open Society Foundations,≤100
355783211719644,Veteran Caregivers of America,"Veteran Caregivers, LLC",≤100
243184199040637,Caring Across Generations,Caring Across Generations,≤100
15408433177,U.S. Department of Veterans Affairs,These ads ran without a disclaimer,≤100
240937060405,Center for Science in the Public Interest (CSPI),Center for Science in the Public Interest,≤100
836826976517252,International Christian Embassy Jerusalem - USA,"International Christian Embassy Jerusalem - USA, Inc.",≤100
466164103423147,Thorn,Thorn,≤100
380884168648080,Population Research Institute,POPULATION RESEARCH INSTITUTE,≤100
141786816970,Cruise Lines International Association - CLIA,Cruise Lines International Association,≤100
1435071773455316,Daily Wire,The Daily Wire,≤100
210277954204,The Young Turks,"The Young Turks, Inc.",≤100
102592959026,Ocean Conservancy,"OCEAN CONSERVANCY, INC.",≤100
6502038524,First Book,FIRST BOOK,≤100
359477377917,American Federation for Children,American Federation for Children,≤100
19342050934,Leadership Institute,LEADERSHIP INSTITUTE INC,≤100
111192301727895,Freedom Speaks Up,Freedom Speaks Up,≤100
24481937944,Theodore Roosevelt Conservation Partnership,"THEODORE ROOSEVELT CONSERVATION PARTNERSHIP, INC",≤100
1050320055029012,Outrider.org,OUTRIDER FOUNDATION INC,≤100
286999398309679,Enel Green Power,"Enel North America, Inc.",≤100
101611771729304,Our True God,One True God,≤100
1476342155924546,Big Rig Threads,Big Rig T-Shirts and Decals LLC,≤100
197760674021143,Indivisible Guide,INDIVISIBLE ACTION,≤100
133012286771509,Alaska Family Action,Alaska Family Action,≤100
507070522767934,AACR Foundation,"AMERICAN ASSOCIATION FOR CANCER RESEARCH, INC.",≤100
337038226473839,Trish Regan,"SALEM MEDIA GROUP, INC.",≤100
108081724073759,Caloma,Caloma,≤100
148048225348895,Danielle D'Souza Gill,DDG Media LLC,≤100
18079407397,CPAC,AMERICAN CONSERVATIVE UNION,≤100
243362776583569,Air Mail,These ads ran without a disclaimer,≤100
110003135240961,Pride of America,Pride of American,≤100
259351004139042,Ashbrook Center,Ashbrook Center,≤100
47710973068,Voices for Cooperative Power,Voices for Cooperative Power,≤100
471928596287830,Brian Mast,Mast for Congress,≤100
110585968357551,Linda Guerrero for Austin City Council District 9,Linda Guerrero Campaign,≤100
110420685199238,WeVision EarlyEd,Bainum Family Foundation,≤100
153678684700451,American Investment Council,AMERICAN INVESTMENT COUNCIL,≤100
1590877284560136,Patti Harris,Bloomberg Philanthropies,≤100
65364914445,Oklahoma Council of Public Affairs,"OKLAHOMA COUNCIL OF PUBLIC AFFAIRS, INC.",≤100
18017481462,Acton Institute,Acton Institute,≤100
107168898379486,Speed & Scale,Speed & Scale,≤100
10331123781,Special Olympics,Special Olympics Inc,≤100
103565195134756,America First Policy Institute,America First Policy Institute,≤100
269348454714,IMB,"INTERNATIONAL MISSION BOARD OF THE SOUTHERN BAPTIST CONVENTION, THE",≤100
107445151903077,Change The Code,GREENPEACE INC,≤100
104977525752112,Freedom of Patriots,Freedom of Patriots,≤100
228754857151053,House Majority PAC,House Majority PAC,≤100
1503295233268493,Lebowski Lovers,The Dude's Threads,≤100
101803615972593,Innovation Race,"TEA PARTY PATRIOTS ACTION, INC.",≤100
107656731666716,Medicare Advisors,Weekly Wealth,≤100
118303441570966,Homeowner Smart,NATIONAL ASSOCIATION OF REALTORS,≤100
109179375151983,Med Plan Coverage,Seniors Today USA,≤100
102769134675149,Evergreen Action,Evergreen Collaborative,≤100
102155495001968,1000 Women Strong,1K Women Strong Inc,≤100
117437204982602,American Wild Horse Campaign,American Wild Horse Preservation Campaign,≤100
343714718985673,Think Wood,Think Wood,≤100
58158120046,ACLJ,American Center for Law and Justice,≤100
96935476345,Democratic Governors Association (DGA),"Democratic Action, democraticgovernors.org, not authorized by any candidate or candidate's committee.",≤100
106913491375624,Israel War Room,Israel War Room,≤100
788559044606908,America Forward,NEW PROFIT INC,≤100
134452023239984,Human Coalition,Human Coalition,≤100
300992409852,Hoover Institution,Hoover Institution,≤100
101224002310757,Seven Weeks Coffee,Seven Weeks Coffee,≤100
657708380952174,Voices of the Civil Rights Movement,Comcast,≤100
518194348194441,RepresentUs,RepresentUs,≤100
309798029121030,Everytown for Gun Safety,Everytown for Gun Safety Action Fund Inc,≤100
745910525468062,National Center on Sexual Exploitation,National Center on Sexual Exploitation,≤100
1752689034960996,The Babylon Bee,THE BABYLON BEE LLC,≤100
190062194353228,Wycliffe Associates,"WYCLIFFE ASSOCIATES, INC.",≤100
27817332304,American Foundation for Suicide Prevention,AMERICAN FOUNDATION FOR SUICIDE PREVENTION,≤100
19746387261,Humane Society International,Humane Society International,≤100
30618466815,Pacific Legal Foundation,Pacific Legal Foundation,≤100
118626774835274,Medicare Made Clear,Medicare Made Clear from United Healthcare,≤100
222778077862868,Crime Survivors for Safety and Justice,Alliance for Safety and Justice,≤100
6756153498,Mike Bloomberg,Bloomberg Philanthropies,≤100
101069505589,American Association of Pro Life OB/GYNS,AAPLOG,≤100
367292494407,AJC - American Jewish Committee,AMERICAN JEWISH COMMITTEE,≤100
188627788423714,The Scoop Politics,The Scoop Media Inc.,≤100
6787988478,Physicians for Human Rights,"PHYSICIANS FOR HUMAN RIGHTS, INC.",≤100
156496968533805,Explore Beyond,NCTA - The Internet & Television Association,≤100
505082913012317,Must Read Alaska,Must Read Alaska LLC,≤100
36474716066,Color Of Change,ColorofChange.org,≤100
160630887998827,Let Them Live,Oliver Harrison  Berning,≤100
84645912778,Prosperity Now,PROSPERITY NOW,≤100
124506846628,Agape International Missions,AGAPE INTERNATIONAL MISSIONS,≤100
605168822998856,314 Action,314 ACTION FUND,≤100
458142697588014,AARP Public Policy Institute,AARP,≤100
90022052772,Williams,"WILLIAMS COMPANIES, INC., THE",≤100
60261764250,Childhelp,"CHILDHELP, INC.",≤100
11006419356,The Voice of the Martyrs - USA,"VOICE OF THE MARTYRS, INC., THE",≤100
102413723172970,Nick Adams,Nick Adams,≤100
7783116506,Animals Asia,These ads ran without a disclaimer,≤100
911828698840246,ReLEntless Defender Apparel,ReLEntless Defender Apparel,≤100
290851614930809,Combat AntiSemitism,Combat Hate Foundation,≤100
210820618956311,Community Change Action,Community Change Action,≤100
7145381235,American Jewish World Service - AJWS,"AMERICAN JEWISH WORLD SERVICE, INC.",≤100
1756514954650448,Indigenous Energy Initiative - IEI,EARTH ISLAND INSTITUTE INC,≤100
113154201375059,Hope and Empowerment PAC,Hope & Empowerment PAC,≤100
104255434986319,Teal Crate,Vougs,≤100
133937690180,Student Conservation Association,Student Conservation Association,≤100
1775452652560512,Black Progressive Action Coalition - BPAC,BPAC,≤100
110042181919423,Leading With Greatness,Patriotic Uniting For All,≤100
407902639235640,JNS.org,Jewish News Syndicate,≤100
168876449866088,The Years Project,THE YEARS PROJECT,≤100
7219151423,The Fund for American Studies (TFAS),FUND FOR AMERICAN STUDIES,≤100
1958912674200535,The Pour Over,Pour Over,≤100
8321461609,MomsRising.org,MomsRising Together,≤100
127637620616803,Comcast Newsmakers,Comcast,≤100
164966660351345,Hope Outfitters,Hope Outfitters,≤100
101573474533442,Chronic Care Policy Alliance,The Chronic Care Policy Alliance,≤100
109637125764343,Population Connection,Population Connection,≤100
517185715005608,Milbank LLP,Milbank LLP,≤100
293807357774812,Run for Something Action Fund,Run For Something,≤100
1219895884702640,Popcorn for the People,LET'S WORK FOR GOOD,≤100
194115677277113,A21,A21,≤100
245741028804051,Barbara Sinatra Center,Barbara Sinatra Children's Center,≤100
1575347412785991,cheddar news,Cheddar News,≤100
8047221596,Save the Children US,SAVE THE CHILDREN FEDERATION INC.,≤100
110316380149,Family Policy Alliance,Family Policy Alliance,≤100
101312698628642,Ryan Samuels,Ryan Francis Samuels,≤100
1964269556987922,American Conservation Coalition,American Conservation Coalition Campus,≤100
100113865706707,ADF Generational Wins Prayer Initiative,ALLIANCE DEFENSE FUND INC,≤100
100591845925552,EMILY's List Action,Emily's List Action,≤100
85337666730,Republican Governors Association (RGA),REPUBLICAN GOVERNORS ASSOCIATION,≤100
695146260512699,Notgrass History,NOTGRASS COMPANY,≤100
109716011638325,Jane Fonda Climate PAC,JANE FONDA CLIMATE PAC,≤100
110981884065996,Abortion Finder,Power to Decide,≤100
6165653060,AFSCME,"AFSCME Working Families Fund, AFSCMEFAMILIES.ORG. Not authorized by any candidate or candidate’s committee.",≤100
101769576791,Health Action Network,Health Action Network,≤100
12596759677,RAICES,REFUGEE AND IMMIGRANT CENTER FOR EDUCATION AND LEGAL SERVICES,≤100
945455208962159,For Everyone Collective,For Everyone Collective,≤100
6040534532,One Acre Fund,ONE ACRE FUND,≤100
50822254585,Mountain States Legal Foundation,Mountain States Legal Foundation,≤100
291102898490822,Conservative Comedy Store,Conservative Comedy Store,≤100
424443217623488,Clarion Project,"CLARION PROJECT, INC.",≤100
110018833813683,Defend the Senate,SMP,≤100
100417168386329,Heal America,Stand Together Chamber of Commerce Inc.,≤100
140499052681592,Bank of the West,BANK OF THE WEST,≤100
386305465057247,Liberty Nation,Liberty Nation,≤100
97624620788,American Friends of Magen David Adom,AMERICAN FRIENDS OF MAGEN DAVID ADOM,≤100
149220264647,ADL - Anti-Defamation League,Anti-Defamation League,≤100
1479899112252729,Ukrainian American House,Ukrainian American House,≤100
106909358810669,Stop RCV,Stop RCV,≤100
271453369908901,FLAG  - Foundation for Liberty and American Greatness,Tomer Barazani,≤100
150681061641282,Tri-State G&T,Tri-State Generation Transmission Association Inc,≤100
50826482890,YWCA Seattle King Snohomish,YWCA OF SEATTLE-KING COUNTY-SNOHOMISH COUNTY,≤100
178746337565646,Save Our Allies,Save Our Allies,≤100
21242962092,ClientEarth,CLIENTEARTH USA INC,≤100
108247581851552,Democracy Defense Fund,DEMOCRACY DEFENSE FUND,≤100
102230249080409,Freedom First,Jason Donald Robertson,≤100
7735858972,Humane Society Legislative Fund,Humane Society Legislative Fund,≤100
113819843492581,Somos Votantes,Somos Votantes,≤100
372577693078008,"Saenz-Garcia Law, PLLC","Saenz-Garcia Law, PLLC",≤100
243498882520314,FoodFinder,"FOODFINDER, INC.",≤100
1571132936490223,JewBelong,JEWBELONG INC.,≤100
6954880804,Green America,GREEN AMERICA,≤100
55549065733,Voto Latino,VOTO LATINO INC.,≤100
250485248333218,Clean Air Task Force,CLEAN AIR TASK FORCE,≤100
7292655492,MoveOn,MOVEON.ORG POLITICAL ACTION,≤100
129255907131113,NumbersUSA,NUMBERSUSA EDUCATION AND RESEARCH FOUNDATION,≤100
27478282874,UNITE HERE!,UNITE HERE,≤100
11918108948,African Wildlife Foundation,AFRICAN WILDLIFE FOUNDATION,≤100
376776419037747,Turning Point USA,"Turning Point USA, Inc.",≤100
107553188401159,Brandon Gill,The Boswell Project,≤100
331037760381749,Sierra Magazine,SIERRA CLUB,≤100
1914537155242810,Life: Powered,Texas Public Policy Foundation,≤100
11602044174,Independent Women's Forum,Independent Women's Forum,≤100
6165653060,AFSCME,AMERICAN FEDERATION OF STATE COUNTY & MUNICIPAL EMPLOYEES,≤100
403737406341879,National Women's Health Network,NATIONAL WOMENS HEALTH NETWORK,≤100
24470472733,The Trevor Project,The Trevor Project,≤100
104377641671195,Salem Podcast Network,Salem Media,≤100
117592091643709,Tree of Life Ministries｜Evangelism in Israel,Tree of Life Ministries,≤100
10234472029,Council on Foreign Relations,Council on Foreign Relations,≤100
105173311888160,Star and Bar,Star and Bar,≤100
61265398450,AmeriCorps NCCC,Corporation for National and Community Service,≤100
10498053716,Media Research Center,MEDIA RESEARCH CENTER,≤100
109118211910879,Mr. 45,Green Straw LLC,≤100
56332452163,AMA Patients Action Network,American Medical Association,≤100
66237904047,Marine Fish Conservation Network,Marine Fish Conservation Network,≤100
53541257714,The Arc of the United States,"ARC OF THE UNITED STATES, INC., THE",≤100
338758899543225,Alan Wilson,Alan Wilson for Attorney General,≤100
1634651343331439,Project Wren,Landon Scott Brand,≤100
186097812110,BioNJ,BIONJ INC,≤100
111564223958042,Ending Disease Documentary,Crushed Planet,≤100
101581329115492,Freedom Street,Jason Donald Robertson,≤100
1382441768496365,Pentair,PENTAIR,≤100
1679521432262834,Physicians Grassroots Network,American Medical Association,≤100
103875099042033,DailyWire+,The Daily Wire,≤100
23790541544,Democrats,DCCC,≤100
309798029121030,Everytown for Gun Safety,Everytown for Gun Safety Support Fund Inc,≤100
77278490877,National Corn Growers Association,National Corn Growers Association,≤100
2053678114723700,President Trump's Patriot Army,I Love My Freedom,≤100
27461595703,Carbonfund,Carbonfund.org Foundation,≤100
8473889271,National Parks Conservation Association,National Parks Conservation Association,≤100
200650357207240,I Love My Freedom,I Love My Freedom,≤100
116546288359245,Heritage Action for America,HERITAGE ACTION FOR AMERICA,≤100
102027764795677,American Wire,BizPac Review,≤100
107008774760761,Color Us United,Color Us United,≤100
431019887282794,Tomorrow's World Today,Flying Cork,≤100
769924816419024,Graham Allen,Robert Graham Allen,≤100
126893748252841,American Firearms Association,American Firearms Coalition,≤100
59543893235,National Constitution Center,National Constitution Center,≤100
143063095713907,Hep,"CDM PUBLISHING, LLC",≤100
40217893542,AIPAC,American Israel Public Affairs Committee,≤100
661744180680367,National Police Association,"NATIONAL POLICE ASSOCIATION, INC.",≤100
999556810102061,Signature Seas,Signature Seas,≤100
103531607822207,Noticias para Inmigrantes,"Wise Rock Media, PBC",≤100
169042736456594,All Out,All Out Action Fund.,≤100
546066468753446,Black Health Matters,BLACK HEALTH MATTERS FOUNDATION INC,≤100
50982313030,Food & Water Watch,Food & Water Watch,≤100
348973409274904,Velvet Hamster,Velvet Hamster,≤100
508887815910815,BPR,BizPac Review,≤100
1376465702586897,Coloradans for Responsible Energy Development,Coloradans for Responsible Energy Development,≤100
110413484971344,The Frugal Saver,"WISDOM COMPANIES, LLC , THE",≤100
1526736227567131,TrueCoverage,True Coverage,≤100
293862104054087,Premise,PREMISE DATA CORP,≤100
30708742052,FCTRY,FCTRY,≤100
103916546350474,Stericycle,Stericycle,≤100
21559454473,FAIR,FEDERATION FOR AMERICAN IMMIGRATION REFORM,≤100
201446296572389,Compassion in World Farming (USA),Compassion in World Farming Inc,≤100
120778038066631,EveryLibrary,EveryLibrary,≤100
29423827874,Proclaiming Justice to the Nations,PROCLAIMING JUSTICE TO THE NATIONS INC,≤100
282728185140429,Rep For Vets,The Rep For Vets,≤100
100484735718366,The Coalition for Carolina,Coalition for Carolina,≤100
107661474402498,Liberty Eagle Apparel,United Patriot,≤100
107592419594,Immigration Equality,IMMIGRATION EQUALITY INCORPORATED,≤100
103482538845527,Conservative Truth,Home of the Brave Media LLC,≤100
48994809349,Ms. Foundation for Women,MS FOUNDATION FOR WOMEN INC,≤100
17414523278,Democracy Now!,DEMOCRACY NOW,≤100
279799525443906,HELPS Nonprofit,HELPS Nonprofit Law Firm,≤100
296680801734,Dr. James Dobson's Family Talk,Dr. James Dobson's Family Talk,≤100
11111618026,Union of Concerned Scientists,"UNION OF CONCERNED SCIENTISTS, INC.",≤100
497348647140658,Point Source Youth,Point Source Youth,≤100
139062085972,Illinois Family Institute,"ILLINOIS FAMILY INSTITUTE, THE INC",≤100
292649794717694,The Bulwark,Bulwark Media,≤100
170126260000702,Western Journal US News,The Western Journal,≤100
21090771700,Gun Owners of America,Gun Owners of America,≤100
9324910069,NRSC,NRSC,≤100
594519783957655,Citizens for National Security,Citizens For National Security,≤100
36091862898,The Mackinac Center for Public Policy,The Mackinac Center for Public Policy,≤100
103546351703577,Dallas Express,Dallas Express Media,≤100
164389698861,Appalachian Voices,APPALACHIAN VOICES,≤100
74203588228,New Jersey Hall of Fame,New Jersey Hall of Fame,≤100
105791402802932,Democratic Party of Georgia,Democratic Party of Georgia,≤100
100403528653081,Punchbowl News,Punchbowl News,≤100
199891603386344,Common Ground Committee,Common Ground Committee,≤100
101716172441500,Brennan Center en Español,"WILLIAM J. BRENNAN CENTER FOR JUSTICE, INC.",≤100
67626834312,National Women's Law Center,National Women's Law Center,≤100
169687486427698,Jentezen Franklin,FREE CHAPEL WORSHIP CENTER,≤100
187741797907314,The American Society of Anesthesiologists (ASA),"AMERICAN SOCIETY OF ANESTHESIOLOGISTS, INC., THE",≤100
48046820798,Veeam Software,These ads ran without a disclaimer,≤100
50513265848,Citizens United,Citizens United,≤100
226999127329906,New York Immigration Lawyer,Law Office of Alena Shautsova,≤100
104396194587918,C3 Solutions,Conservative Coalition for Climate Solutions,≤100
143173285763,Tenth Amendment Center,Tenth Amendment Center,≤100
1731084720451495,Saprea,The Younique Foundation,≤100
107308698272177,Gas Leaks Action,Gas Leaks Action,≤100
93565224474,Mercy For Animals,MERCY FOR ANIMALS,≤100
100221986153813,Lou's Daily News,Jennifer Ann Robertson,≤100
269479249997,NSSF—The Firearm Industry Trade Association,National Shooting Sports Foundation,≤100
133649613319094,A Call to Men,A CALL TO MEN,≤100
107726137669311,B3K Prosperity,B3K Prosperity,≤100
131306317680000,Social Goods,"Social Goods, LLC",≤100
91223411833,Medical Teams International,These ads ran without a disclaimer,≤100
1869687273277265,Run for Something,Run For Something PAC,≤100
238473269650980,Capital & Main,CAPITAL & MAIN,≤100
21395843375,Dialysis Patient Citizens,DIALYSIS PATIENT CITIZENS INC,≤100
40755480179,Students For Liberty,STUDENTS FOR LIBERTY INC,≤100
103277109172874,The Original Lou's News,Jennifer Ann Robertson,≤100
20787991568,Senate Democrats,DSCC,≤100
16317479654,Deseret News,Deseret News,≤100
97261063097,Global Fund for Women,"GLOBAL FUND FOR WOMEN, INC., THE",≤100
25121889784,Texas Public Policy Foundation,Texas Public Policy Foundation,≤100
49421708941,Americans for Limited Government,AMERICANS FOR LIMITED GOVERNMENT IN,≤100
210357995667559,The National Memo,The National Memo,≤100
59877921429,Lutheran Immigration and Refugee Service,"LUTHERAN IMMIGRATION AND REFUGEE SERVICE, INC.",≤100
1449073545419430,The Lone Liberal Republican,Arthur Winter,≤100
561970593860027,Emil Guillermo Media,Emil Amok Guillermo,≤100
300341323465160,The Daily Signal,HERITAGE FOUNDATION (THE),≤100
107766235181961,The Nunn Report,The Nunn Report,≤100
104614641200137,MeidasTouch,MEIDASTOUCH,≤100
480282659170095,Civic Health Project,Civic Health Project,≤100
59254639983,Boston Medical Center,BOSTON MEDICAL CENTER,≤100
234061016646684,Friedman & Houlding LLP,Friedman & Houlding LLP,≤100
101090559295696,TPUSA Faith,TURNING POINT USA NFP,≤100
248181906078243,National Institute for Civil Discourse,CommonSense American,≤100
102712325850529,Libratum Press,Libratum Press LLC,≤100
142474049098533,Robert Reich,Inequality Media Civic Action,≤100
28915909437,American Veterinary Medical Association Congressional Advocacy Network,AMERICAN VETERINARY MEDICAL ASSOCIATION,≤100
36872302227,Cory Booker,CORY BOOKER FOR SENATE,≤100
125937197447634,ACTA - American Council of Trustees and Alumni,AMERICAN COUNCIL OF TRUSTEES AND ALUMNI,≤100
104933662932387,CreativeFuture,CreativeFuture,≤100
103328515934791,Take Back 2024,The Blue State Conservative,≤100
139062085972,Illinois Family Institute,These ads ran without a disclaimer,≤100
7361892567,Born Free USA,"BORN FREE USA, UNITED WITH ANIMAL PROTECTION INSTITUTE",≤100
181924628560212,SumOfUs,SumOfUs,≤100
96931493939,Californians Against Higher Taxes,Californians Against Higher Taxes,≤100
169710960125365,Curzio Research,Curzio Research,≤100
148731991811588,Baird,Robert W. Baird & Co. Incorporated,≤100
14226615647,People For the American Way,People For the American Way,≤100
72092591211,FBI – Federal Bureau of Investigation,Federal Bureau of Investigation,≤100
80770833881,Eagles' Wings,EAGLES' WINGS MINISTRIES,≤100
38234604057,PEN America,PEN AMERICAN CENTER INC,≤100
92021268117,Working America,Working America,≤100
279890513018,Islamic Networks Group - ING,"ISLAMIC NETWORKS, INC.",≤100
106001278558202,For The Love Of News,Krista D Bloch,≤100
91346559231,Democratic Legislative Campaign Committee - DLCC,Democratic Legislative Campaign Committee,≤100
74783093812,Just Vision,JUST VISION INC,≤100
417522508294454,Job Creators Network,Job Creators Network,≤100
710460605705480,Dugit Outreach Center,Dugit Messianic Outreach Center,≤100
16900111951,National Organization for Women (NOW),NATIONAL ORGANIZATION FOR WOMEN,≤100
1251572271595505,The Institute for Human Ecology,Institute for Human Ecology - Catholic University of America,≤100
162244692732,Brennan Center for Justice at NYU Law,"WILLIAM J. BRENNAN CENTER FOR JUSTICE, INC.",≤100
1562713090633117,Operation Underground Railroad,OPERATION UNDERGROUND RAI,≤100
255062275778,Tim Tebow Foundation,TIM TEBOW FOUNDATION,≤100
175034712516314,WaterAid America,WaterAid America,≤100
436554293150880,Zero Foodprint,Zero Foodprint (Formerly the Perennial Farming Initiative),≤100
19774119425,Habitat for Humanity,Habitat for Humanity International,≤100
114765400352270,Kite & Key Media,VMTS EDUCATION INC,≤100
260713150211,Protect Our Winters,PROTECT OUR WINTERS,≤100
345378512258813,Elise Stefanik,ELISE FOR CONGRESS,≤100
312657362217994,Women's Heart Alliance,Women's Heart Alliance,≤100
101836378085260,Orlando Owens For Wisconsin State Treasurer,Friends of Orlando Owens LLC,≤100
10150124349775072,"Riddle & Brantley, LLP","RIDDLE & BRANTLEY, LLP",≤100
103983691875963,Building Healthy Families,CANAVAN FOUNDATION INC,≤100
104916968538177,TIS 이주공사,TIS VISA CORPORATION,≤100
346612865750115,Korea Defense Veterans Association,Korea Defense Veterans Association,≤100
513695272011123,The Genesis Prize,GPF NA LLC,≤100
100990842647491,Mountain States Policy Center,"Mountain States Policy Center, Inc.",≤100
173641254524,National Network of Abortion Funds,National Network of Abortion Funds,≤100
1018654714824453,Maccabee Task Force,Maccabee Task Force Foundation,≤100
103592378623592,Truth Over Tribe,Truth Over Tribe,≤100
139835646030666,Alliance for Aviation Across America,Alliance for Aviation Across America,≤100
1898234727131235,Reel America,BizPac Review,≤100
414456732055451,Faith in Action International,Faith in Action,≤100
100113541464939,Start Early,Start Early,≤100
299016790922,Bobby Eberle,Bobby Eberle,≤100
100158948453494,Lars for President,LARS MAPSTEAD FOR PRESIDENT,≤100
117049828380915,Horse Network,Horse Network,≤100
105120815642998,Partnership to Address Global Emissions,PARTNERSHIP TO ADDRESS GLOBAL EMISSIONS INC,≤100
1553978148244954,Build With Strength,Build With Strength,≤100
102245545464309,My Patriot  Post,Krista D Bloch,≤100
1729198467311786,G.A. Matiasz,62 Mile Press,≤100
104329844668,American Bar Association,American Bar Association,≤100
317284821682168,Messianic Jewish Alliance of America (MJAA),Messianic Jewish Alliance of America,≤100
206238602739505,Taxpayers Protection Alliance,Taxpayers Protection Alliance,≤100
100607179026941,Of Thee I Sing 1776,Harold Gershowitz,≤100
356050017804283,WSPA (Western States Petroleum Association),WESTERN STATES PETROLEUM ASSOCIATION,≤100
260713150211,Protect Our Winters,Protect Our Winters,≤100
162069790604,AARP Arizona,AARP,≤100
105335198784308,War Relief Ukraine,WAR RELIEF UKRAINE NGO,≤100
534332363577954,Political scrapbook,David Granville Hough,≤100
205795426669644,Facts and Logic about the Middle East,Facts and Logic About the Middle East,≤100
109366181861530,President Trump is My Wingman,Jennifer Ann Robertson,≤100
1666922183524165,ReThink Energy NJ,ReThink Energy NJ,≤100
28446275521,Military Officers Association of America (MOAA),Military Officers Association of America,≤100
1470540296409810,Fair Fight Action,FAIR FIGHT,≤100
107156032037486,Derrick Evans,Jonathan Evans,≤100
339432396135584,The Exodus Road,The Exodus Road,≤100
102043555830358,Giving Green,IDinsight,≤100
103338614839717,Peter S. Wenz,Peter S. Wenz,≤100
29934350147,Marketplace Business News,AMERICAN PUBLIC MEDIA,≤100
105598238721153,We The Kids,We The Kidz LLC,≤100
151894654697,Save Our States,Save Our States,≤100
8936818385,Accuracy in Media,Flo Communications,≤100
101377889168483,Gumbo Limbo Coastal Stewards,"Gumbo Limbo Coastal Stewards, Inc.",≤100
95426912609,Paola Gianturco Author,Paola Gianturco Author,≤100
137918019584028,Starfish Project,"STARFISH PROJECT, INCORPORATED",≤100
39119822138,Center for Progressive Reform,Center for Progressive Reform,≤100
234142976633158,Wake Up World & Smell the Coffee,Edith Dume Lerner,≤100
1842612892619447,Drew Petersen,Protect Our Winters,≤100
330369533496,Jerusalem Institute of Justice מכון ירושלים לצדק,These ads ran without a disclaimer,≤100
109123378562348,Georgia Honor,GEORGIA HONOR,≤100
211901856263434,Conservatives for a Clean Energy Future,Paid for by Conservatives for a Clean Energy Future,≤100
103546351703577,Dallas Express,The Dallas Express,≤100
1079789672084038,SimonBooks,Simon & Schuster,≤100
256072828435344,Parkmed NYC,Reproductive Health Access Training Center,≤100
192609620649,The University of Chicago,The University of Chicago,≤100
136362309708243,Restaurant Opportunities Centers United (ROC United),"RESTAURANT OPPORTUNITIES CENTERS (ROC) UNITED, INC.",≤100
464998390249008,The Independence Fund,"INDEPENDENCE FUND, INC, THE",≤100
117507751891,United Poultry Concerns,"UNITED POULTRY CONCERNS, INC",≤100
105599502191866,Florida Jolt,"Jolt Media, Inc.",≤100
102420431749179,Raging Americans,Tomer Barazani,≤100
268868046463126,Beacon Center of Tennessee,BEACON CENTER OF TENNESSEE,≤100
203294399456,Public Interest Registry,Public Interest Registry,≤100
114625730266879,The Republican Accountability Project,Defending Democracy Together,≤100
111044621745187,Liberty News,Michael Scott Hughes,≤100
92729316952,Covanta,Covanta,≤100
103426858855557,Eyes That Speak by Christy Bowe,Gilbert Lunsford Jr Eugene,≤100
100806058498601,Long Lead,"Long Lead, LLC",≤100
100123286264769,Tanner DiBella,American Council for Evangelicals,≤100
97466887664,Innocence Project,"INNOCENCE PROJECT, INC., THE",≤100
2070944712939738,American Police Officers Alliance,American Police Officers Alliance,≤100
130848666099,Business Forward,Business Forward Inc.,≤100
210937299260017,USA Features Media,USA Features Media LLC,≤100
170591064699,Southern Poverty Law Center,"SOUTHERN POVERTY LAW CENTER, INC., THE",≤100
38812906703,United Friends of the Children,United Friends of the Children,≤100
112589635471203,Zoweh,ZOWEH MINISTRIES INC,≤100
119216091518705,Protect The Harvest,Karen Elizabeth Glueck,≤100
101732141294780,They See Blue,THEY SEE BLUE,≤100
494259170754224,Keeping IDentities Safe,KEEPING IDENTITIES SAFE,≤100
723394465079640,The Lion,Stanley M. Herzog Charitable Foundation,≤100
104377518078467,More Perfect Union,MORE PERFECT UNION FOUNDATION,≤100
100835322535347,Trump Trading Store,Trump Trading Store,≤100
342887442508723,Convention of States,Convention of States Action,≤100
103602275197310,Communist Free - Freedom First,September Group LLC,≤100
567126383373960,New York State Animal Protection Federation,New York State Animal Protection Federation,≤100
108155598473433,American Patriot News,Krista D Bloch,≤100
109475211795252,Freedom From The Press,Michael Scott Hughes,≤100
111812468884033,W.K. Kellogg Foundation,W. K. KELLOGG FOUNDATION,≤100
181385265351965,Mosaic Magazine,Mosaic,≤100
150559895031,Rapha International,"Rapha House International, Inc.",≤100
50714237985,The Rutherford Institute,RUTHERFORD INSTITUTE,≤100
101466816025710,Renew Healthcare,Quantum Digital Media Inc.,≤100
278876378889211,Armenian Museum of America,"ARMENIAN MUSEUM OF AMERICA, INC.",≤100
15503839732,Peter G. Peterson Foundation,Peter G. Peterson Foundation,≤100
107722268674706,Cathy Hull,Cathy Hull Originals,≤100
101350839190816,Macro Conservative,Macro Conservative,≤100
378084314984,Trane Technologies,Trane Technologies,≤100
43853729859,Campaigns & Elections,Political World Communications,≤100
473191156175163,EDF Action,Environmental Defense Action Fund,≤100
127187187348820,Kaspersky,These ads ran without a disclaimer,≤100
220538341415523,The Satanic Temple,The Satanic Temple,≤100
110480728196620,Small Business Digital Alliance,Small Business Digital Alliance,≤100
10803722213,Common Cause,COMMON CAUSE,≤100
610264146298573,The American Council,The American Council for Evangelicals,≤100
108179361951729,Republican Patriots,Tomer Barazani,≤100
349800859019034,The 19th News,The 19th,≤100
81517275796,UNICEF USA,UNITED STATES FUND FOR UNICEF,≤100
64974200999,America-Israel Friendship League,AMERICA-ISRAEL FRIENDSHIP LEAGUE,≤100
489028831496182,Healthcare Workers Rising,Healthcare Workers Rising New York,≤100
111333413863498,Freedom First Society,FREEDOM FIRST SOCIETY,≤100
100692068471118,Explain America,Apse Media LLC,≤100
101111655405022,The Rationist,Timothy Robert Ferguson,≤100
1444820465547227,Rank the Vote,Rank the Vote,≤100
101564054951838,We The Forest,We The Forest,≤100
895720774159876,Colquitt County Republican Party,Republican Party Colquitt County,≤100
6954880804,Green America,Green America,≤100
149081336362,AmeriCorps VISTA,Corporation for National & Community Service,≤100
658879504288370,Choose Life Marketing,Choose Life Marketing,≤100
113341457791145,Voices for Healthy Green Spaces,Voices for Healthy Green Spaces,≤100
44357672795,Independent Institute,"INDEPENDENT INSTITUTE, THE",≤100
100713722763577,Love Sunny Isles,Safe Streets Miami,≤100
102047517918,The Commonwealth Fund,"COMMONWEALTH FUND, THE",≤100
110094158160834,Red Wave News,Michael Scott Hughes,≤100
1678616769061606,Southeastern Wind Coalition,Southeastern Wind Coalition,≤100
217187838327836,The Story Exchange,The Story Exchange Foundation,≤100
102745147891580,Trump Coolers,Trump Coolers,≤100
104657602040321,Truth Media,Truth Media,≤100
401240226922554,VoLo Foundation,VoLo Foundation,≤100
186977768011413,Ironworkers Rising,"International Association of Bridge, Structural, Ornamental, and Reinforcing Iron Workers",≤100
85252863415,National Latina Institute for Reproductive Justice,NATIONAL LATINA INSTITUTE FOR REPRODUCTIVE HEALTH,≤100
182079698493370,Portside,Portside,≤100
101761126009518,Patriotic Army,Tomer Barazani,≤100
356431274698532,Ryan Hampton,Ryan Hampton,≤100
102142101657930,OurFight.online,Our Fight Inc,≤100
106602704371225,Rob is Right,Rob is Right,≤100
106095601125529,"Reaching Everyone In Distress Foundation, Inc.",Reaching Everyone in Distress Foundation Inc.,≤100
108487019225755,Lignite Energy Council,LIGNITE ENERGY COUNCIL,≤100
47393489592,Jew in the City,Jew in the City an NJ nonprofit,≤100
9694956217,Animal Legal Defense Fund,ANIMAL LEGAL DEFENSE FUND,≤100
1832245947018802,Chris Rose for US Senate - WV,ROSE FOR WEST VIRGINIA,≤100
270826723039149,The Coalition to Protect Americas National Parks,"COALITION OF NATIONAL PARK SERVICE RETIREES, INC.",≤100
216052228433696,Arcus Foundation LGBTQ Social Justice,ARCUS FOUNDATION,≤100
659878157406228,America's Warrior Partnership,America's Warrior Partnership,≤100
192738164073627,A Better Balance,A Better Balance,≤100
110321788291361,Murray For Bella Vista Mayor,Randy Murray For Mayor,≤100
73102498136,Children's Health,Children's Health System of Texas,≤100
216609542049502,DogonVillage.com,Dogon Village,≤100
700806360047982,CFG Action,Club for Growth Action,≤100
100388729554147,COL Fashion,Culture of Life,≤100
225902781414,William Gheen President of Americans for Legal Immigration,AMERICANS FOR LEGAL IMMIGRATION PAC,≤100
2099448153445994,Students for Life Action,Students for Life Action,≤100
1191336950894416,City of Carlsbad NM Government,Social Media Manager,≤100
1425435377743310,Conversations with Bill Kristol,FOUNDATION FOR CONSTITUTI,≤100
105334892381660,AmericanTowns Politics,AMERICAN TOWNS,≤100
77273593330,Hillel International,HILLEL THE FOUNDATION FOR JEWISH CAMPUS LIFE,≤100
163302087408673,Stop The Donald,Stop the Donald,≤100
14960614435,Ben Jealous,Gilbert Lunsford Jr Eugene,≤100
67945990059,The American Petroleum Institute,The American Petroleum Institute,≤100
1010847105623136,NowThis Earth,These ads ran without a disclaimer,≤100
105348224679358,Don't Unfriend Me,DONT UNFRIEND ME,≤100
107485788834971,The Rose Petal Project,The Rose Petal Project,≤100
116220350173737,Davante Lewis for Public Service Commissioner - District 3,Friends of Davante,≤100
110624565660992,ZOE International,ZOE International,≤100
1570082353262795,YIMBY Action,YIMBY ACTION,≤100
106568024842114,Rideshare Assault Support,Injury Match,≤100
164049599660,Catholic Relief Services en español,CATHOLIC RELIEF SERVICES,≤100
201956993160690,MRCTV,MEDIA RESEARCH CENTER,≤100
20603236087,Love146,"LOVE146, INC.",≤100
75511806249,VegNews,These ads ran without a disclaimer,≤100
82223469060,ACN - Aid to the Church in Need,"AID TO THE CHURCH IN NEED, INC.",≤100
102794658754102,Daily Freedom,Trending Views,≤100
2168820933200990,Adult Advocacy Centers,These ads ran without a disclaimer,≤100
111076598184105,Organize at MLK Labor,"Martin Luther King, Jr. County Labor Council of Washington, AFL-CIO",≤100
514446149038714,The Iowa Standard,The Iowa Standard,≤100
102596355656379,Red Wave News Updates,Michael Scott Hughes,≤100
2310488009211056,Poder Latinx,Poder Latinx,≤100
110847324610299,The Minister Of Wellness Ministries,The Minister Of Wellness Ministries LLC,≤100
399060493533519,The Justice Foundation,JUSTICE FOUNDATION,≤100
499379343409991,Impact Fund,"IMPACT FUND, THE",≤100
38897314734,Trust for Public Land,"TRUST FOR PUBLIC LAND, THE",≤100
83960796709,Institute for Southern Studies,INSTITUTE FOR SOUTHERN STUDIES INC,≤100
106706714469410,For AR People,For AR People,≤100
106862204671108,The Deplorable Americans,Justin Gustafson,≤100
105442191724004,Your Patriot Store,EZPole Flagpoles,≤100
46396911959,Bethany Christian Services,BETHANY CHRISTIAN SERVICE,≤100
103830044798190,Gregorian Rant,Gregory Richard Schlueter,≤100
1327559570587836,The Bail Project,"BAIL PROJECT, THE",≤100
103851532013523,Policyfetch.com,Quantum Digital Media Inc,≤100
795162290631372,Citrus Pregnancy Center,LIFE CHOICE CARE CENTER INC,≤100
104224114671958,Energy For Progress,THE AMERICAN PETROLEUM INSTITUTE,≤100
366351973736242,Red Rock Secured,Red Rock Secured,≤100
16534314739,Facing History and Ourselves,"FACING HISTORY AND OURSELVES NATIONAL FOUNDATION, INC.",≤100
164771506031,Claremont Institute,"CLAREMONT INSTITUTE FOR THE STUDY OF STATESMANSHIP AND POLITICAL  PHILOSPHY, THE",≤100
105866154938442,Eye Care For Ukraine,We Care For Ukraine dba Eye Care For Ukraine,≤100
107645227592678,To Which We Belong,Mystic Artists,≤100
224110651893,International African American Museum,IAAM,≤100
887717177933723,AFSCME Ohio Council 8,AMERICAN FEDERATION OF STATE COUNTY & MUNICIPAL EMPLOYEES,≤100
105538688731146,Box Programming,These ads ran without a disclaimer,≤100
102277115688995,Patriot News Headquarters,Krista D Bloch,≤100
109284291894484,American News Stories,Michael Scott Hughes,≤100
106746992189224,The State of Women Podcast,POPULATION MEDIA CENTER INC,≤100
571182609571332,NextGen America,NextGen Climate Action,≤100
101930385197156,Alianza Center,"Alianza Center, Inc.",≤100
1806670316234414,Archbridge Institute,Archbridge Institute,≤100
111004586952707,Elevate Prize Foundation,Elevate Prize Foundation Inc,≤100
100145644726687,Opportunity For All Floridians,Opportunity For All Floridians,≤100
568103006940639,Law Office of Gary J. Kim,Law Offices of Gary J. Kim,≤100
13867925345,Equality Florida,Equality Florida,≤100
103725461407761,Maryorie Pineda Insurance,JM INSURANCE GROUP LLC,≤100
265584563563176,JCRC of Greater Washington,The Jewish Community Relations Council of Greater Washington,≤100
104811701387594,Our Community's Health,TruthNotLies,≤100
502969216761221,Common Sense Civics and Citizenship,Candace Donnelly,≤100
1540589642819718,Essie Justice Group,ESSIE JUSTICE GROUP,≤100
105861441295494,97Percent,97PERCENT ORG INC,≤100
127225910653607,PragerU,These ads ran without a disclaimer,≤100
107931151953032,Kodie Kulp,Wesley Allen,≤100
106853208671984,Troy Hebert for Chief of Police,Troy Hebert Campaign,≤100
17432811417,Working Families Party,Working Families Party National Political Action Committee,≤100
59783434599,Hasbara Fellowships,HASBARA FELLOWSHIPS,≤100
103316295438939,Lost Debate,Lost Debate,≤100
427656937297996,Diario Las Americas,LAS AMERICAS MULTIMEDIA GROUP LLC,≤100
1521463681450292,IL CleanJobs,Illinois Clean Jobs Coalition,≤100
282536788457423,"Center For Family Life and Recovery, Inc.","CENTER FOR FAMILY LIFE AND RECOVERY, INC.",≤100
1546952572205770,UAE USA United,The Embassy of the United Arab Emirates,≤100
106058025408954,Do No Harm Medicine,Do No Harm,≤100
491750841251088,Filtrol,Wex Companies,≤100
1653885501501009,Propeller,Propeller Enterprises,≤100
111647391555372,Rural Power Lab,Movement Labs LLC,≤100
105239511089757,Inmigrantes al Día,Inmigrantes al Dia,≤100
101791315693,Destiny Rescue,"Destiny Rescue International, Inc.",≤100
328042268580226,Stories of Antisemitism,Stories Of Antisemitism,≤100
44228398202,ONE Community,"ONE Community Media, LLC",≤100
11024050756,Bioneers,Bioneers,≤100
115851611042,The Max Foundation,THE MAX FOUNDATION,≤100
358113240871900,Nuclear Energy Institute,These ads ran without a disclaimer,≤100
171287339973880,LCV Victory Fund,"LCV Victory Fund, 202-785-8683, and not authorized by any candidate or candidate’s committee",≤100
19219803864,Tax Foundation,Tax Foundation,≤100
93228695778,Tea Party Patriots,Tea Party Patriots,≤100
112203121682194,Deviate from Denial Book,Pubvendo LLC,≤100
100119981671668,Blue Senate,BLUE SENATE PAC,≤100
243502949110951,SEIU Airport Workers United,SERVICE EMPLOYEES INTERNATIONAL UNION,≤100
105060269781,Premiere Collectibles,"Premiere Marketing, Inc.",≤100
130130503698358,Eastern European Mission,EASTERN EUROPEAN MISSION,≤100
109404241722062,Clean Up MidAm,Clean Up MidAm Coalition,≤100
6696842658,Avodah,AVODAH THE JEWISH SERVICE CORPS,≤100
104197751646893,Fix The Cost Shift,Fix the Cost Shift,≤100
100866752814666,"Bold, Bright, And Brave","Bold, Bright, & Brave",≤100
416384822549260,A Better Delaware,A Better Delaware,≤100
487569614682924,CAPP USA,Yellow Line Productions LLC,≤100
126318497389591,Gildan Wholesale,These ads ran without a disclaimer,≤100
116577308512184,Do you Love Jesus?,FrontGate Inc.,≤100
147368882623027,Black Futures Lab,Black Futures Lab,≤100
122742807774775,Municipal Water District of Orange County,Municipal Water District of Orange County,≤100
103517308361597,TakeCharge,Take Charge Minnesota,≤100
273546779885377,The Gallant Pelham,"delupton, LLC",≤100
100124709108034,Patriot One News,Matt Clark Agency,≤100
105454117977117,Voices for Consumer Choice,Voices for Consumer Choice,≤100
101773828677066,Brandon Smith Books,Brandon Carn,≤100
65538457518,The Village Square,"TO THE VILLAGE SQUARE, INC.",≤100
78420171887,Sailors for the Sea,OCEANA INC,≤100
877481359045751,Lets Green CA,ROMERO INSTITUTE,≤100
101898606040307,Health-USA,HealthUSA Org,≤100
262610761306,Counterpoint Press,Counterpoint Press,≤100
203583423017526,National Immigration Law Center,National Immigration Law Center,≤100
117214891638398,Street Grace,Street Grace Inc,≤100
138492335404,Scott Walker,FORWARD USA FEDERAL POLITICAL ACTION COMMITTEE,≤100
303374266418976,AFPM,American Fuel & Petrochemical Manufacturers,≤100
261951940219,Goldman Environmental Prize,Goldman Environmental Foundation,≤100
103187325242676,New Freedom Lane County,New Freedom Lane County,≤100
286224862049910,Salim Adofo,Salim Kwabena Thandiwe Adofo,≤100
936968016365794,The Eric Metaxas Radio Show,Salem Media,≤100
70795936969,Children International,CHILDREN INTERNATIONAL,≤100
137662367278,League of Women Voters of the US,LEAGUE OF WOMEN VOTERS OF THE UNITED STATES,≤100
111904024679959,Bold Majority,BOLD MAJORITY PAC,≤100
262164587131475,Free martial arts material for your own local school teachers to use,Ryan Gilbert,≤100
750121728449001,Rebuild SoCal,Rebuild SoCal Partnership,≤100
136319594703,Texas AFT,Texas AFT,≤100
588662267981153,Queer Asterisk,These ads ran without a disclaimer,≤100
144850842237429,Independentvoting.org,Independent Voting (IndependentVoting.org),≤100
28483858161,Texas Scorecard,ScorecardMedia,≤100
710669049286394,Woo the People,Woo the People,≤100
157521957980788,Reimagining the Civic Commons,Reimagining the Civic Commons,≤100
126379917403141,UnitedHealthcare Empowering Health,Intersport Inc.,≤100
109466768409069,Early Chirp,These ads ran without a disclaimer,≤100
133931303345903,Zach Klein,Klein Committee,≤100
727280547367245,Congressman French Hill,Office of Congressman French Hill,≤100
110748051487386,Oregonians for Choice at the Pump,Northwest Grocery Association,≤100
524399207959953,Truth & Liberty Coalition,Truth & Liberty Coalition,≤100
1163811040367180,Food & Water Action,FOOD & WATER ACTION,≤100
513785465632396,Airline Passengers for Justice,Airline Passengers for Justice,≤100
102051005964620,U.S Settlements,These ads ran without a disclaimer,≤100
114226275387369,republicEn,republicEn,≤100
102286035642350,Patriots for USA,USA Features Media LLC,≤100
101672329381420,Northeast Wisconsin Patriots,Diane Carol Bast,≤100
461530314600399,Common Sense American Politics,Common Sense American Politics,≤100
100981815983867,Power For The People,POWER FOR THE PEOPLE LLC,≤100
421661111195530,Spaz,Anthony Parziale,≤100
109263998400998,Pik Stories,These ads ran without a disclaimer,≤100
55752169323,Lance Camper,These ads ran without a disclaimer,≤100
115396346988468,Von Behren City Council,Paul Jay Vonbehren,≤100
1581819558516148,Nunn Bush,Weyco Group,≤100
108505418632952,Climate change is real,Michael Test,≤100
106582384539447,Design for Freedom by Grace Farms,"GRACE FARMS FOUNDATION, INC.",≤100
105549915038660,thegreatcatehistory,These ads ran without a disclaimer,≤100
99050726344,Phillips Theological Seminary,PHILLIPS THEOLOGICAL SEMINARY,≤100
151577215422581,Zioness Movement,"Zioness Movement, Inc.",≤100
129064750465027,Women's Earth Alliance,Earth Island Institute,≤100
102579112455934,Making The Leap Podcast,Stanley M. Herzog Charitable Foundation,≤100
182723117043,Chicago Council on Global Affairs,CHICAGO COUNCIL ON GLOBAL AFFAI,≤100
1453339054911514,Latino Community Fund -LCF Georgia,Latino Community Fund Inc.,≤100
330641537286442,Virginia Constitutional Conservatives,Virginia Constitutional Conservatives,≤100
108028728590880,CTLPod,POPULATION MEDIA CENTER INC,≤100
165674110118949,Clearing out the Clutter,Colin D Moore,≤100
108503022068739,abortion_abolitionist_8821,These ads ran without a disclaimer,≤100
311536622860495,SoCal Daily Pulse,SoCal Daily Pulse,≤100
103974389650244,Amenders for Federal Spending Control,Mark Albert Meier,≤100
112710018320043,Primier Media,These ads ran without a disclaimer,≤100
141786816970,Cruise Lines International Association - CLIA,These ads ran without a disclaimer,≤100
1835838916635491,Transamerica Institute,Transamerica Center for Health Studies,≤100
107326878275017,National Pretrial,National Pretrial,≤100
109305451664069,City Accountability Project,City Accountability Project,≤100
185251978350298,"Tampa Bay Downs HBPA, Inc.",These ads ran without a disclaimer,≤100
101204378825808,Fight the Right,FIGHT THE RIGHT PAC,≤100
101103254533,SOS International,SOS International,≤100
896675980427212,Rep. Joanna McClinton,Robert William Caton,≤100
100710759119069,Blue Planet Ecosystem,Blue Planet Ecosystem,≤100
635038436602528,Helen Gym,FRIENDS OF HELEN GYM,≤100
26668999076,The Cato Institute,"CATO INSTITUTE, INC.",≤100
1751339905091832,Dana Goldman,Dana Goldman Campaign,≤100
100346704811820,repurpose_recycling,These ads ran without a disclaimer,≤100
103929304678916,Voter Action Project,Integrity First Voter Action Project,≤100
109068551731974,Sillychillly,Marc Alan Goldstein,≤100
106345232200030,Marca Ewers-Shurtleff for Bryan City Council District 5,Tina Ann Duncan,≤100
6315243665,Faith in Public Life,"FAITH IN PUBLIC LIFE, INC.",≤100
306480006853271,Political-Paige.com BLOG,Political-Paige.com,≤100
108696864395392,Texas Land and Liberty Coalition,Texas Land & Liberty Coalition,≤100
310003665764536,Representative Steve Eliason,Steven Allen Eliason,≤100
29883711738,Independent Women's Voice,Independent Women's Voice,≤100
102352059243685,The Lexington Times,The Lexington Times,≤100
101080822634195,Fix It Films,Fix It Healthcare,≤100
182586558444730,National Family Farm Coalition,NATIONAL FAMILY FARM COALITION,≤100
10524033745,Remote Area Medical - RAM,REMOTE AREA MEDICAL,≤100
29727753421,New Jersey Education Association,NEW JERSEY EDUCATION ASSOCIATION,≤100
109951025170694,Libra Press Books,Libra Press,≤100
38236386996,LSU Press,LSU Press,≤100
105671208500731,Dominican Veterans of America Inc,Samuel A Ravelo,≤100
567761436975792,BR Votes,Progressive Social Network,≤100
652445951621134,Professor Winston's Community College,These ads ran without a disclaimer,≤100
40669934980,City of Tempe Government,City of Tempe,≤100
100726902348228,HOPE Fair Housing Center,These ads ran without a disclaimer,≤100
276076196388914,Coffee & Pan Dulce Show,Coffee & Pan Dulce Show,≤100
830162603716633,Andy Beshear,Andy Beshear for Governor,≤100
106389215601914,Lying Liberal Dana Goldman,Safe Streets Miami,≤100
413500232549343,National Vet Help,National Vet Help,≤100
195261533834361,Friends of Animals,"FRIENDS OF ANIMALS, INC.",≤100
1582186255355611,"Community Law Group, PLLC - Abogados de la Comunidad",COMMUNITY LAW GROUP PLLC,≤100
127691390582,PHI,"PARAPROFESSIONAL HEALTHCARE INSTITUTE, INC.",≤100
97332209201,REDF,REDF,≤100
100806242836871,Preservation Pause,University of Arizona Indigenous Peoples Law and Policy Program,≤100
381578445243960,Kristan Hawkins,"STUDENTS FOR LIFE OF AMERICA, INC.",≤100
183472861249,Point Foundation,Point Foundation,≤100
222990002457055,Elect Larisa Svechin for Mayor of Sunny Isles Beach,Larisa Svechin for Mayor of Sunny Isles Beach,≤100
137022383008699,Green City Times,Green City Times,≤100
142592189132301,Sisters of St. Joseph of Orange,Sisters of St. Joseph,≤100
189044857936094,Americans For Prosperity - Alaska,AMERICANS FOR PROSPERITY,≤100
181421054126,TheBody.com,These ads ran without a disclaimer,≤100
86711894400,National Write Your Congressman,National Write Your Congressman,≤100
16317479654,Deseret News,These ads ran without a disclaimer,≤100
296106753794181,Black Press USA - NNPA,Norman Rich,≤100
118635175464489,uPolitics,"Uinterview, Inc.",≤100
1010664679060500,Voting Rights Brigade,Voting Rights Brigade,≤100
112364384923739,"McCaskill for Mayor Harvey, IL 60426",Friends of Anthony L McCaskill,≤100
107925603976843,Protect App-Based Drivers and Services,Protect App-Based Drivers and Services,≤100
105495775564367,President Trump Updates,Logan Thomas Corson,≤100
117165741681229,International Crane Foundation,"INTERNATIONAL CRANE FOUNDATION, INC.",≤100
142992759853421,Be A Hero,Be A Hero Action,≤100
407767916003589,U.S. Representative John Carter,Office of U.S. Representative John Carter,≤100
227594571444676,Building New York's Best,"Carpenter Contractor Alliance of Metropolitan New York, Inc.",≤100
101762312289025,DAN for Seymour,Dan for Seymour,≤100
1313073615402334,America First A Modern Fable,MRS VANDERBILT NOVEL LLC,≤100
104305332210709,Tor Stories,These ads ran without a disclaimer,≤100
206842149343702,The Alliance for Middle East Peace (ALLMEP),Nicholas Ernesto Acosta,≤100
122207534456852,Ayo and Iken,Ayo and Iken,≤100
488740674837681,198 Methods,198 methods,≤100
135332839847855,Abortion Care Network,ABORTION CARE NETWORK,≤100
109591187931869,Suwannee Valley Unsolved,These ads ran without a disclaimer,≤100
133753583953215,American History in 90 Minutes - The Common-Sense Guide to U.S. History,American History in 90 Minutes,≤100
971668776283950,PolicyEd,HOOVER INSTITUTION,≤100
112022491619318,American Apex News,Logan Thomas Corson,≤100
141374766260,Kansas Policy Institute,KANSAS POLICY INSTITUTE,≤100
101189759411333,Hanwha Sustainability,These ads ran without a disclaimer,≤100
121006699371,mindbodygreen,These ads ran without a disclaimer,≤100
1682939748617160,Thorobred Books,These ads ran without a disclaimer,≤100
200151640011191,Washington STEM,WA STEM,≤100
102262718547519,Crazy Uncle Gil,Gilbert Cuevas,≤100
1449567695260306,"Hexagon’s Safety, Infrastructure & Geospatial division",Hexagon,≤100
10683277758,Exodus Cry,These ads ran without a disclaimer,≤100
2007361039550045,"Center for Free, Fair, and Accountable Democracy","CENTER FOR FREE, FAIR, AND ACCOUNTABLE DEMOCRACY, INC.",≤100
1021724717913869,Bantam Communications,Bantam Communications,≤100
340586163073586,Physicians for Peace,These ads ran without a disclaimer,≤100
142260190351,Comment Magazine,"Cardus, Inc.",≤100
1993067430786788,Congressman Michael Guest,Representative Michael Guest,≤100
100364578945162,Hablemos Claro - Noticias Locales,Hablemos Claro - Noticias Locales,≤100
430869277025501,Dr. Nancy O'Reilly,"WOMEN CONNECT4GOOD, INC.",≤100
85494514323,Urban League of Portland,Urban League of Portland,≤100
110340331742946,Lola M Adeyemo,Pubvendo,≤100
143845192443481,Celia Israel,Celia for Austin,≤100
110322138238412,Back the Blue Line,Front Line Support Inc.,≤100
40201530406,American Society of the University of Haifa,James Samuel Fattal,≤100
14182731186,Texas Appleseed,TEXAS APPLESEED,≤100
107604678550406,Courageous Conversations about our Schools,Futernick Consulting LLC,≤100
773432316041673,Calvary South Austin,Calvary South Austin,≤100
236829849700741,Al-Monitor,AL-MONITOR,≤100
106386158767588,DOPE Quick Reads,DOPE QUICK READS LLC,≤100
103830841978849,La Pura Neta,La Pura Neta,≤100
314964416195,American Seniors Association,AMERICAN SENIOR ASSOCIATION,≤100
100500465282483,Breaking Battlegrounds,September Group LLC,≤100
284685902274597,Rev. Desmond Wallace - School Board District 14,Desmond Wayde Wallace,≤100
138434734461,CIIS Public Programs,CIIS Public Programs,≤100
263311807031163,Sasha Issenberg,EmmKay Media,≤100
91396988467,Republican Party of Texas,Republican Party of Texas,≤100
602074469965571,Plan C,NATIONAL WOMENS HEALTH NETWORK,≤100
187713745097888,Save the Alamo,Save The Alamo Committee,≤100
504118316658151,SilencedOrganic,SilencedOrganic.com,≤100
268672113155656,The Expectations Project,THE EXPECTATIONS PROJECT INC,≤100
410809436013820,Gedony Fontil,Gedony Fontil,≤100
452797224923658,The Democratic Coalition,THE DEMOCRATIC COALITION,≤100
465501220622013,Lift Up the Vulnerable,Lift Up the Vulnerable,≤100
1571453109770170,Reclaim The American Dream,Reclaim The American Dream,≤100
14011689941,Gresham College,These ads ran without a disclaimer,≤100
105209054686585,marioguzman_arg,These ads ran without a disclaimer,≤100
102667342692986,Lowerparel Vyapari Lva,These ads ran without a disclaimer,≤100
2154338974823093,Insegnante Fiorito Patrizia,These ads ran without a disclaimer,≤100