﻿Page ID,Page name,Disclaimer,Amount spent (EUR)
445469652211682,Bujar Osmani,Bujar Osmani,≤100
101245041522588,Blerim Bexheti,Blerim Bexheti,≤100
829371753904952,Hristijan Mickoski,ВМРО-ДПМНЕ,≤100
149032011830930,Centar.mk,Centar.mk,≤100
104824452103962,Xhemail Çupi,Xhemail Çupi,≤100
100746718435265,Fatmir Bytyqi,Fatmir Bytyqi,≤100
489378444428334,Brif.mk,Brif.mk,≤100
192483774872658,Демократи,Демократи,≤100
400497373674524,СамоПрашај.мк,Institut za komunikaciski studii,≤100
152995591517845,Novatv Web,Novatv Web,≤100
335085593528267,Sloboden Pecat,Sloboden Pecat,≤100
2032835176940533,Митко Јанчев,Mitko Jancev,≤100
287369438092961,Бојан Стојаноски,Бојан Стојаноски,≤100
1677572455714659,Јорго Огненовски,Jorgo Ognenovski,≤100
211084826136102,Јанко Бачев,Единствена Македонија,≤100
324459714339171,Civil MK,Civil MK,≤100