﻿Page ID,Page name,Disclaimer,Amount spent (CHF),Number of ads in Library
100332749664541,Ja zum Klimaschutz-Gesetz,JA zum Klimaschutz,2230,47
126289610761942,Grünliberale,Grünliberale,1400,52
97220294896,SP Schweiz,SP Schweiz,1238,27
106321615725425,Oui à la Loi climat,Oui à la loi climat,821,37
169510248558,Die Mitte - Le Centre,Die Mitte,806,11
108893095528257,In185-Non,IN 185,751,5
114275974912005,GE équilibre fiscal,GE équilibre fiscal,646,18
291359247729208,PS Suisse,PS Suisse,639,12
103426324579756,Ein Lohn zum Leben,Ein Lohn zum Leben,528,2
179829952053386,Vert'libéraux,Parti vert'libéral Suisse,508,26
349450293419,Schweizerische Energie-Stiftung SES,Schweizerische Energie-Stiftung SES,485,15
107793295629503,Tourismus für das Klimagesetz,Tourismuskomitee «JA zum Klimagesetz»,412,41
102014399307738,Direkt,direkt,331,5
1659576160959696,Guido Fluri Stiftung,Guido Fluri Stiftung,324,24
334655940216136,Nein zum Stromfresser-Gesetz,Nein zum Stromfresser-Gesetz,301,6
737971436234272,StrategieDialog21,StrategieDialog21,298,9
84150672409,SP Stadt Zürich,SP Stadt Zürich,267,8
105023728023626,Forum Wirtschaftsstandort Schweiz,Swissholdings,253,8
122487807413337,Mehr günstige Wohnungen in Zürich,Mehr günstige Wohnungen in Zürich,250,4
1886381148253031,Économie suisse pour la loi climat,Économie Suisse pour la loi climat,239,7
113106815069066,"OUI à la LEFI - Notre logement, c’est toute notre vie",CGI,239,11
147201418675114,Swissmem,Swissmem,216,23
1027844850652657,Boomerang Ideas,Boomerang Ideas AG,207,154
1220118614712552,Non à la loi sur le gaspillage de l'électricité,Non à la loi sur le gaspillage de l'électricité,207,4
1012263022170223,HotellerieSuisse,HotellerieSuisse,204,13
175478195846132,Les Vert·e·s suisses,Grüne Schweiz,203,5
104434902404462,SI all' imposta minima dell'OCSE,Alleanza per la riforma dell’imposta preventiva,188,5
100109808734387,Schweizer Wirtschaft für das Klimagesetz,Schweizer Wirtschaft für das Klimagesetzt,182,7
1320679421302500,HabitatDurable,Casafair - HabitatDurable,181,15
1483343695307824,Campax,Campax,171,20
112878345109547,NON-in181 - NON à cette bombe fiscale,Fer Genève,169,11
216444012216,EDU - UDF (Eidgenössisch-Demokratische Union),EDU - UDF (Eidgenössisch-Demokratische Union),164,11
375071409495559,Future 3 I de,Fondation Future 3.0,155,18
257497631736082,Gletscher-Initiative,Verein Klimaschutz Schweiz,147,6
309380022477251,Casafair,Casafair,143,12
1131283210260777,Future 3,Fondation Future 3.0,143,18
194790813901953,Grüne Schweiz,Grüne Schweiz,142,3
314909850912,SP Graubünden - PS Grischun - PS Grigioni,SP Graubünden,121,10
251838211585945,SP Basel-Stadt,SP Basel-Stadt,110,9
51415837765,Greenpeace Switzerland,Greenpeace Switzerland,103,3
131066326987,SP Kanton Zürich,SP Kanton Zürich,≤100,8
221555984562317,SVP Kanton Schwyz,SVP Kanton Schwyz,≤100,4
1524859774444235,Koalition für Konzernverantwortung,Koalition für Konzernverantwortung,≤100,6
103915262545181,KMU geprüft,KMU geprüft,≤100,1
36735923253,umverkehR,umverkehR,≤100,6
48980326364,Public Eye,Public Eye,≤100,9
179845512038427,swisscleantech,swisscleantech,≤100,8
260591187302640,Parti socialiste genevois,Parti socialiste genevois,≤100,5
101715872923024,Mindestlohn NEIN,Überparteiliches Komitee NEIN zum Mindestlohn,≤100,47
108204507991414,Zukunft sichern,Allianz für ein JA zur OECD-Mindeststeuer,≤100,4
100844786282093,SÌ alla Legge clima,Sì alla legge clima,≤100,11
255506388731408,Biodiversitätsinitiative / Initiative biodiversité,Biodiversitätsinitiative / Initiative biodiversité,≤100,18
348181055257294,suisse.ing - Top of Engineering,suisse.ing,≤100,2
154976914534194,Save the Children Schweiz/Suisse,Save the Children Schweiz,≤100,8
535897123124799,Jeunes Libéraux-Radicaux Suisse,Jeunes Libéraux-Radicaux Suisses,≤100,9
202907189862969,Verdi Liberali,Parti vert'libéral Suisse,≤100,8
216444012216,EDU - UDF (Eidgenössisch-Demokratische Union),Eidgenössisch-Demokratische Union Schweiz,≤100,9
1526697364280066,Partito Socialista Ticino,Partito Socialista Ticino,≤100,2
259871484198551,Thomas Matter,Thomas Matter,≤100,2
112511615157200,Plateforme pour la justice fiscale,Plateforme pour la justice fiscale,≤100,10
921336971288655,Nagra,Nagra,≤100,3
115646168191821,Gebührenwahnsinn-Nein,Komitee gegen den Gebührenwahnsinn,≤100,2
106434042447582,oui-acacias.ch,Comité unitaire en faveur du PLQ Acacias 1,≤100,14
108471975894983,Chambre vaudoise du commerce et de l'industrie (CVCI),Chambre Vaudoise du Commerce et de l'Industrie,≤100,1
107552952619935,WWF Schweiz,WWF Schweiz,≤100,2
91248575349,SVP Thurgau,SVP Thurgau,≤100,2
97721121385,Public Eye,Public Eye,≤100,8
513407995428696,actif-trafiC,actif-trafiC,≤100,1
510352742440847,Coalition pour des multinationales responsables,Coalition pour des multinationales responsables,≤100,6
1509464445976953,IHK Thurgau,IHK Thurgau,≤100,15
1579272705641700,Gabriela Suter,Gabriela Suter,≤100,2
103550668590403,Mieux vivre sa vie,Mieux Vivre Sa Vie,≤100,13
116890591678651,Vert'libéraux - Genève,Parti vert'libéral genevois,≤100,1
15733998334,FDP,FDP,≤100,1
18087904183,PLR,PLR,≤100,1
169752569742293,Schweizerischer Gewerbeverband sgv,Schweizerischer Gewerbeverband sgv,≤100,3
1003078936442534,Zuger Wirtschaftskammer,Zuger Wirtschaftskammer,≤100,16
103074632758864,Natacha Albrecht au Conseil National,Natacha Albrecht au Conseil National,≤100,2
162373287239957,SVP Schweiz,SVP Schweiz,≤100,2
212297922293183,UDC Suisse,UDC Suisse,≤100,2
8142847754,Jungfreisinnige Schweiz,Jungfreisinnige Schweiz,≤100,11
105117748995381,Next Generation Riva,Next Generation Riva,≤100,9
154614821560013,FDP.Die Liberalen Uster,FDP Uster,≤100,1
386551678736949,Philippe Loertscher,Philippe Loertscher,≤100,1
104803175931011,Vjollca Gashi,Vjollca Vivi Gashi,≤100,2
1951249848443600,Protect Our Winters Switzerland,Protect Our Winters Switzerland,≤100,3
109997062087311,Des logements pour Montreux,Des logements pour Montreux,≤100,4
1991942507517845,Römisch-Katholische Kirche im Aargau,Römisch-Katholische Landeskirche des Kantons Aargau,≤100,5
238982909481105,Les Vert·e·s Genevois·es,Les Vert-e-s genevois-es,≤100,4
220428444749354,FDP.Die Liberalen Stadt Zug,Alexander Kyburz,≤100,1
203742079691384,Les Libres Riviera,Les Libres Riviera,≤100,2
135939773133793,Grüne Winterthur,Grüne Winterthur,≤100,2
140334276690,Grüne Luzern,GRÜNE Luzern,≤100,3
789371434477510,GRÜNE Basel-Stadt,Grüne Basel-Stadt,≤100,3
110481348648633,Ludivine-Luy-Lovey au Conseil National 2023,Ludivine Luy Lovey,≤100,1
100341315500438,Kirchensteuern sei Dank - St.Gallen,Katholischer Kofessionsteil des Kantons St.Gallen,≤100,2
200905173303222,"SCI Switzerland (Schweiz, Suisse, Svizzera)","SCI Switzerland (Schweiz, Suisse, Svizzera)",≤100,4
444192048996028,Die Mitte Frauen Schweiz,These ads ran without a disclaimer,≤100,1
82752099000,Alternative Liste ZH,Alternative Liste Zürich,≤100,4
218538701651843,Union suisse des arts et métiers usam,Schweizerischer Gewerbeverband sgv,≤100,4
132497703498525,Pro Velo Schweiz,Pro Velo Schweiz,≤100,10
811451112243983,Grünliberale Basel-Stadt,Grünliberale Basel-Stadt,≤100,4
373612039326605,Parti Socialiste Montreux,Parti socialiste Montreux,≤100,1
265786100439644,Grüne Freie Liste Stadt Bern,Grüne Freie Liste Bern,≤100,2
100119208056282,Christian Dandrès,Christian Joseph Dandrès,≤100,1
143674429003483,PLR.Les Libéraux-Radicaux Lausanne,Sandro Guiseppe Patronaggio,≤100,1
102718129475079,Ambil Sandy,Sandy Iwan Ambil,≤100,4
106254955524910,SVP Binningen,SVP Binningen,≤100,1
1091412070891154,Florian Kobler in den Stadtrat,Florian Kobler in den Stadtrat,≤100,2
2151592515105217,Christina Bachmann-Roth,Christina Bachmann-Roth,≤100,2
111529661884207,Netzwerk Gesundheit und Soziales Oberbaselbiet,Netzwerk Gesundheit und Soziales Oberbaselbiet,≤100,1
108608181846149,Umut Gökbas,Mehmet Umut Gökbas,≤100,1
2261709760740382,wirtschaftskomitee.ch,Wirtschaftskomitee.ch,≤100,2
721730891185276,Alternative - die Grünen Kanton Zug,Alternative - die Grünen Zug,≤100,2
820391221400929,Unser Stadtrat Florin Scherrer,Unser Stadtrat Florin Scherrer,≤100,2
416870065122171,Jungfreisinnige Winterthur,Jungfreisinnige Winterthur,≤100,1
382788625100001,SP Bezirk Bremgarten,SP Bezirk Bremgarten,≤100,4
106563052005929,SVP Kreuzlingen,SVP Kreuzlingen,≤100,1
151183321586281,Jeunes Vert·e·x·s Genève,Jeunes Vert·e·x·s Genève,≤100,2
220197041662012,Kleinbauern-Vereinigung / Petits paysans,Kleinbauern-Vereinigung VKMB,≤100,8
161745967293191,"Joël Thüring, Grossrat Kanton Basel-Stadt","Joël Thüring, Grossrat Kanton Basel-Stadt",≤100,2
106459178771498,Antonia Martina Durisch,Antonia Martina Durisch,≤100,4
421018267977405,Wenkenhofgespräche,These ads ran without a disclaimer,≤100,1
100160498946252,Grüne Volketswil,Grüne Bezirk Uster,≤100,1
143714586302267,Urs Bänziger FDP,Urs Baenziger,≤100,1
121446461263308,SP Kanton Schwyz,SP Kanton Schwyz,≤100,1
1429860470617358,Le Centre / Ville de Genève,Le Centre / Ville de Genève,≤100,1
289772074451810,FDP.Die Liberalen Aargau,FDP.Die Liberalen Aargau,≤100,1
161565800873629,Pascal Schmid,Kantonsrat Pascal Schmid,≤100,1
265786100439644,Grüne Freie Liste Stadt Bern,Grüne Freie Liste Stadt Bern,≤100,1
101622582809771,lucaft,lucaft,≤100,1
110336161874621,Urban Husi in den Kantonsrat ZH,Urban Pius Matthäus Husi Fiechter,≤100,2
100443989708498,Schuldenbremse Aarau JA,Schuldenbremse Aarau JA,≤100,2
403834039675084,Grünliberale Kanton Schwyz,Grünliberale Partei Kanton Schwyz,≤100,2
101493829022149,The Swiss Times,These ads ran without a disclaimer,≤100,1
102063439477752,Simon Stocker in den Ständerat,Komitee «Stocker is Stöckli»,≤100,1
142664095796912,GRÜNE Kanton Bern,GRÜNE Kanton Bern,≤100,1
100513788093677,Les Vert-e-s Ville de Genève,Les Vert-e-s Ville de Genève,≤100,1
106080328954492,SP Gelterkinden und Umgebung,SP Gelterkinden und Umgebung,≤100,1
389006641956517,Natalie Imboden,Natalie Imboden,≤100,1
106348682400630,Nova - AI Chatbot,These ads ran without a disclaimer,≤100,1
1585806105023846,Heinz Theiler in den Nationalrat,Heinz Theiler,≤100,1
158820214312321,Citations Ron Hubbard,Mieux Vivre Sa Vie,≤100,1
2011626645562796,Andri Silberschmidt,Komitee Andri Silberschmidt,≤100,1
104549855835454,avestaevent,These ads ran without a disclaimer,≤100,1
115967858108648,Susanne Dedecke glp,Susanne Dedecke,≤100,1
364457210935073,Vert'libéraux Valais / Grünliberale Wallis,Vert'libéraux Valais / Grünliberale Wallis,≤100,1
763722197034246,En Développement,These ads ran without a disclaimer,≤100,1
114491254887383,Hilarious Hub,These ads ran without a disclaimer,≤100,3
267353906619818,Mr. Gugu & Miss Go,These ads ran without a disclaimer,≤100,6
185851643018,FDP.Die Liberalen Winterthur,FDP.Die Liberalen Winterthur,≤100,1
10150100771335484,24 heures,These ads ran without a disclaimer,≤100,2
1092252917594218,Initiative pour les glaciers,Association suisse pour la protection du climat,≤100,1
513075715554189,Área de inversión,These ads ran without a disclaimer,≤100,1
844386315584131,Volvo Construction Equipment,These ads ran without a disclaimer,≤100,1
105188432853984,Tribune de Genève,These ads ran without a disclaimer,≤100,1
116308369063243,Kambria,These ads ran without a disclaimer,≤100,1
111327958531782,La Salle Rhome,These ads ran without a disclaimer,≤100,1
101715608808670,Judgment Day: Angel of God,These ads ran without a disclaimer,≤100,1
198892435401,University of Chicago Booth School of Business,These ads ran without a disclaimer,≤100,1
108367678367599,Mok Reading,These ads ran without a disclaimer,≤100,1
453470908077551,L&T Technology Services,These ads ran without a disclaimer,≤100,1
618086438391102,Taiwan in the EU and Belgium,These ads ran without a disclaimer,≤100,1
100374392742057,Weregreenly- Magazine,These ads ran without a disclaimer,≤100,5
100166741553596,SahmGlas,These ads ran without a disclaimer,≤100,1
112204658447734,Ca Ro Le Hess,These ads ran without a disclaimer,≤100,1
1592983857598216,China Eastern Airlines,These ads ran without a disclaimer,≤100,1
100142349388855,wispamusic,These ads ran without a disclaimer,≤100,1
123698491019029,Lombard Odier Group,These ads ran without a disclaimer,≤100,1
112671178768918,German Design Council,These ads ran without a disclaimer,≤100,1
491088150937394,Mustang Jeans,These ads ran without a disclaimer,≤100,1
101919325776268,K+S,These ads ran without a disclaimer,≤100,1
113864178277471,Eco Mindset,These ads ran without a disclaimer,≤100,1
121638447515460,Marcelo Almeida,These ads ran without a disclaimer,≤100,1
112077024899370,Comics Stadium,These ads ran without a disclaimer,≤100,2
100451933698060,AdVenture Communist,These ads ran without a disclaimer,≤100,2
115613398188738,africurieux,These ads ran without a disclaimer,≤100,1