﻿Page ID,Page name,Disclaimer,Amount spent (USD)
386469311494240,Իրազեկ քաղաքացիների միավորում - Union of Informed Citizens,Union of Informed Citizens NGO,≤100
102112125825376,Համախմբում,Համախմբում,≤100
179916515749362,FIP - Փաստերի ստուգման հարթակ,Union of Informed Citizens NGO,≤100
659468637586461,Արդարություն և Հայրենիք Կուսակցություն,Արդարություն և Հայրենիք Կուսակցություն,≤100
401367013544150,Մանե Թանդիլյան -  Mane Tandilyan,Country to live party,≤100
510469355672979,G Soft,Светлана Амбарцумян,≤100
330537565808,Tert.am,Tert.am LLC,≤100
100191045965573,Levon Hovhannisyan / Լևոն Հովհաննիսյան,Levon Hovhannisyan,≤100
102882402725627,vernopravd,These ads ran without a disclaimer,≤100