﻿Location name,Amount spent (SEK)
Blekinge County,3298
Dalarna County,6975
Gotland County,1708
Gävleborg County,7185
Halland County,6682
Jämtland County,3403
Jönköping County,7709
Kalmar County,5293
Kronoberg County,3780
Norrbotten County,5876
Skåne County,30453
Stockholm County,59499
Södermanland County,6992
Unknown,≤100
Uppsala County,9611
Värmland County,6203
Västerbotten County,6975
Västernorrland County,5530
Västmanland County,6208
Västra Götaland County,38701
Örebro County,6869
Östergötland County,9898