﻿Page ID,Page name,Disclaimer,Amount spent (EUR)
101519168409673,Dimitar Kovacevski,СДСМ,≤100
324459714339171,Civil MK,Civil MK,≤100
192483774872658,Демократи,Демократи,≤100
445469652211682,Bujar Osmani,Bujar Osmani,≤100
1677572455714659,Јорго Огненовски,Jorgo Ognenovski,≤100
102860779377395,Само кажувам,Slavcho Nedelkovski,≤100
1482737048633478,Институт за комуникациски студии ИКС / Institute of Communication Studies,Институт за комуникациски студии,≤100
1431650310475334,Vlado Misajlovski,Vlado Misajlovski,≤100
590981394365638,Maksim Dimitrievski,Maksim Dimitrievski,≤100
100746718435265,Fatmir Bytyqi,Fatmir Bytyqi,≤100
211468495944214,"ShMQSh "" SARAJ """,These ads ran without a disclaimer,≤100
287369438092961,Бојан Стојаноски,Бојан Стојаноски,≤100
191683947531941,medium.edu.mk,Институт за комуникациски студии,≤100
255990845327431,Левица,Левица / E majta / Levica,≤100
581045078625669,Sweettatt Balm,These ads ran without a disclaimer,≤100