﻿Page ID,Page name,Disclaimer,Amount spent (AUD)
106791108597531,Future of Local Government Review - Tasmanian Government,Department of Premier and Cabinet,371
801533023293160,Binary,Gender Awareness Australia,≤100
1480991015350324,Felix Ellis MP,Felix Ellis,≤100
14193666340,Australian Conservation Foundation,Australian Conservation Foundation,≤100
9480502970,Greenpeace Australia Pacific,Greenpeace Australia Pacific,≤100
105307322261671,Faith in Action,Catholic Education Tasmania,≤100
10113538711,WWF-Australia,WWF-Australia,≤100
8422338499,The Wilderness Society,The Wilderness Society,≤100
1414406035466037,Jeremy Rockliff,Jeremy Rockliff,≤100
495731404149305,Koffels Solicitors & Barristers,Koffels Solicitors and Barristers,≤100
92824008332,Plan International Australia,Plan International Australia,≤100
494820897261439,Bank Australia,Bank Australia,≤100
308746806571901,Advance Australia,Advance Australia,≤100
101589645013040,Thrive by Five,Thrive By Five,≤100
182564410468,Australia for UNHCR,Australia for UNHCR,≤100
1776727752614025,Glencore,Glencore Australia,≤100
447447719391089,Health Care Providers Association,Health Care Providers Association,≤100
1670517743250253,Save the Daintree Rainforest,Rainforest 4 Foundation Ltd,≤100
102329728050606,From the Heart,Cape York Institute,≤100
272757739102,Engineers Australia,Engineers Australia,≤100
264692170565569,Make it Tasmania,These ads ran without a disclaimer,≤100
694832627392516,Prime Super,Prime Super,≤100
345960425540557,The Climate Council,The Climate Council,≤100
149648047339,Save the Children Australia,Save the Children Australia,≤100
107988174183620,Jailing is Failing,Justice Reform Initiative,≤100
1540790036219706,Josh Willie MLC,Joshua Barton Willie,≤100
180739882802935,Dean Young MP,Dean Geoffrey Young,≤100
341910905847062,Asylum Seeker Resource Centre (ASRC),Asylum Seeker Resource Centre (ASRC),≤100
316480331783930,Australian Unions,Australian Unions,≤100
10852627380,World Animal Protection Australia,World Animal Protection Australia,≤100
223134308318284,Louise Bloomfield Alderman Hobart City Council,Louise Anne Bloomfield,≤100
1407148622837316,Empowered Communities,Empowered Communities,≤100
2383045228374491,CPAC Australia,Conservative Political Action Network Ltd,≤100
135933556447881,Australian Republic Movement,Australian Republic Movement,≤100
328245481103110,Senator Alex Antic,Alex Antic,≤100
112133637214684,Doctors Without Borders / Médecins Sans Frontières (MSF),Médecins Sans Frontières Australia,≤100
361491373921077,Solar Citizens,100% Renewable Community Campaign Public Fund,≤100
161107919341,Save Our Marine Life (Australia),Save Our Marine Life (Australia),≤100
312189205577810,Australian & New Zealand Mental Health Association,AST Management,≤100
655944151127130,SBS Cantonese 廣東話節目,Special Broadcasting Service,≤100
1415055752091843,The Mandarin,Private Media,≤100
108381455902627,Australian Christian Lobby,Australian Christian Lobby,≤100
352953834815624,Jason Wood MP,Jason Wood MP,≤100
160169784045845,Tasmanian Labor,Tasmanian Labor,≤100
616932805013929,MEAA,MEAA,≤100
111577958275695,Better BeCause,Better BeCause,≤100
710266392358023,Future Super,Future Super,≤100
486290621414640,Australian Government Department of Health and Aged Care,Australian Government Department of Health,≤100
287789063686,Brendan O'Connor MP,Brendan O'Connor MP,≤100
105084998845350,BPH Energy,BPH ENERGY LTD,≤100
581606621934473,International Justice Mission,International Justice Mission,≤100
157481181070130,Indigenous Employment Australia,Access,≤100
2202229243381304,The Vocal Minority,The Vocal Minority,≤100
555015041253851,Stanwell,Stanwell Corporation,≤100
165242077409311,Australian Automobile Association,Australian Automobile Association,≤100
139174417547253,The Week on Wednesday,Benjamin John Davison,≤100
8013404017,Crikey,Private Media,≤100
173168582700205,SBS中文,SBS Mandarin中文普通话,≤100
100356216050100,Family First Party Australia,Family First Party Australia Ltd,≤100
110120534957929,Lauren Kathage MP,Lauren Kathage,≤100
244628249678839,Senator Jess Walsh,Senator Jess Walsh,≤100
828649267326944,Patrick Gorman MP,Patrick Gorman,≤100
206540052690401,Jean Hailes for Women's Health,Jean Hailes for Women's Health,≤100
328641501156991,United Workers Union,United Workers Union,≤100
196586557019555,CPA Australia,CPA Australia,≤100
192720571652271,Refinery29 Australia,Pedestrian Group,≤100
419632568108398,Australian Citizens Party,Australian Citizens Party,≤100
105348385388237,Senator Babet,Ralph E D Babet,≤100
283210225077432,Senator Mehreen Faruqi,Senator Mehreen Faruqi,≤100
276061352415442,The Australian Institute of Architects,The Australian Institute of Architects,≤100
204751982883846,Senator Michaelia Cash,Senator Michaelia Cash,≤100
166663303514630,Musicians Australia,Musicians Australia,≤100
1462430057383170,GoodFish: Australia's Sustainable Seafood Guide,GoodFish: Australia's Sustainable Seafood Guide,≤100
211018298919743,Environmental Justice Australia,Environmental Justice Australia,≤100
100765042930860,Zach Ginns Psychology Research Lab,Zach Ginns,≤100
172774889455415,Catholic Mission,Catholic Mission,≤100
89794331215,Oxfam,Oxfam Australia,≤100
504855933190931,Time for Change - Change Aged Care,United Workers Union,≤100
413705305463031,Australian Renewable Energy Agency,Australian Renewable Energy Agency,≤100
103628868739287,CODE,These ads ran without a disclaimer,≤100
44295826958,Australian Marine Conservation Society,Australian Marine Conservation Society,≤100
281530749293959,Rainforest 4,Rainforest 4 Foundation Ltd,≤100
126215308565,SmartCompany,Private Media,≤100
802981656440514,CCHR Australia,CCHR Australia,≤100
1119318114781746,Al-Ayn Social Care Foundation - Australia LTD,Al-Ayn Social Care Foundation (Australia) Limited,≤100
409073242479531,Mornington Peninsula Shire,Mornington Peninsula Shire,≤100
587347921434802,Only For Me,These ads ran without a disclaimer,≤100
386290868209311,Plus61J Media,Plus61J,≤100
288624128713732,Rose Jackson,Rose Jackson,≤100
1391345791086871,Jason Yat-sen Li MP,JASON YAT-SEN LI,≤100
290700654767295,The Chamber of Minerals and Energy of Western Australia - CMEWA,The Chamber of Minerals and Energy of Western Australia,≤100
104420342951642,WIRE,WOMENS INFORMATION AND REFERRAL EXCHANGE INCORPORATED,≤100
1859288844382060,Christian Medical and Dental Fellowship of Australia,Christian Medical and Dental Fellowship of Australia,≤100
102336681506217,WorkforClimate,WorkForClimate,≤100
8715906316,Philips,These ads ran without a disclaimer,≤100
191570179167,Catherine Hamlin Fistula Foundation,Catherine Hamlin Fistula Foundation,≤100
170564936379687,BirdLife Australia,BirdLife Australia,≤100
103670989292044,Soroptimist Online SI South East Asia Pacific,These ads ran without a disclaimer,≤100
682268945137255,Chris Minns,Chris Minns MP,≤100
121680608004870,Fight For Our Reef,Australian Marine Conservation Society,≤100
104763418516972,Flash,Streamotion Pty Ltd,≤100
1039154422785232,ChapterTwo,These ads ran without a disclaimer,≤100
402094193219398,Corena - Citizens Own Renewable Energy Network Australia Inc.,CORENA - Citizens Own Renewable Energy Network Australia Inc.,≤100
136441724510,Humane Society International Australia,Humane Society International Australia,≤100
143359625694786,Baptist World Aid Australia,Baptist World Aid Australia,≤100
142560349088496,David Shoebridge,Senator David Shoebridge,≤100
76212817063,CARE Australia,CARE Australia,≤100
104678941848531,Senator Penny Allman-Payne,Senator Penny Allman-Payne,≤100
175576645932510,Australasian Centre for Corporate Responsibility - ACCR,Australasian Centre for Corporate Responsibility,≤100
90728602000,Greening Australia,Greening Australia,≤100
425487554863185,First Peoples' Assembly of Victoria,First Peoples' Assembly of Victoria,≤100
125812604095801,Invasive Species Council,Invasive Species Council,≤100
105277638167042,Michael Buckland,The McKell Institute,≤100
108391465020364,Our Natural Legacy,Our Natural Legacy,≤100
150698155004187,Senator Louise Pratt,Senator Louise Pratt,≤100
351313714891862,Australian Good Meat,Meat & Livestock Australia,≤100
160021291752,Environment Victoria,Environment Victoria,≤100
372175879497767,SBS Dari,SBS Dari,≤100
131401820205010,Socialist Equality Party Australia,Socialist Equality Party,≤100
390293714434673,RTBU Australia,"Rail, Tram and Bus Union (RTBU)",≤100
207984645959183,Shooters Fishers and Farmers Party,Shooters Fishers and Farmers Party,≤100
6539013363,National Sustainable Living Festival,National Sustainable Living Festival,≤100
154846511269702,Close the Gap,These ads ran without a disclaimer,≤100
174322532588443,febfast Australia,Febfast Australia,≤100
521696954688354,Guardian Labs,Guardian Labs,≤100
2333030943431664,End Mass Migration Party,These ads ran without a disclaimer,≤100
104234157625422,The Centre For Public Integrity,Centre For Public Integrity,≤100
100405089108108,OZ Arab Media,OZ Arab Media,≤100
464998863536680,Bill Shorten,Bill Shorten,≤100
144975872321975,Market Forces,Market Forces,≤100
127045912874975,Dr Michelle Ananda-Rajah MP,Dr Michelle Ananda-Rajah MP,≤100
169001986494190,Indian Link,Indian Link,≤100
325083185784,Minus18,Minus18,≤100
1144377848926519,Social Change Central,These ads ran without a disclaimer,≤100
194784127232544,SBS Arabic24,SBS Arabic24,≤100
106781186031116,Free To Shine,Free To Shine,≤100
184456598234738,Australian Fabians,Australian Fabians Inc.,≤100
214580121886337,The Ethics Centre,These ads ran without a disclaimer,≤100
102228886114204,You don’t know what you don’t know,These ads ran without a disclaimer,≤100
1091977710817808,RSM Australia,RSM Australia,≤100
246244719386767,Yourtoolkit.com,Your Toolkit,≤100
117241141903,Barnardos Australia,These ads ran without a disclaimer,≤100
581606621934473,International Justice Mission,These ads ran without a disclaimer,≤100
690226307793685,Bulls N Bears with Matt Birney,These ads ran without a disclaimer,≤100
104602672378722,"Councillor Alan Graham -  South Ward, City of Salisbury",Alan Graham,≤100
760144500853551,Councillor Rory Amon - Fighting For Pittwater,Rory Amon,≤100
153621658012598,Sea Shepherd Australia,Sea Shepherd Australia,≤100
1125047917526728,Murray Watt - Senator for Queensland,Murray Watt - Senator for Queensland,≤100
125982670754724,SBS News,SBS Australia,≤100
182564410468,Australia for UNHCR,These ads ran without a disclaimer,≤100
100846489215390,Cactus Cat,These ads ran without a disclaimer,≤100
106620807391911,Roche,These ads ran without a disclaimer,≤100