﻿Page ID,Page name,Disclaimer,Amount spent (USD)
7030901126,Campaign for Tobacco-Free Kids,TOBACCO-FREE KIDS ACTION FUND,429
304600892905134,Hillsdale College Online Courses,HILLSDALE COLLEGE,133
161183970656851,Ruben Gallego,GALLEGO FOR ARIZONA,111
121268821249550,World Central Kitchen,World Central Kitchen,≤100
385473284886474,Hillsdale College,Hillsdale College,≤100
18982436812,ACLU,American Civil Liberties Union,≤100
106007554211435,Mainers For Working Families,Mainers For Working Families,≤100
107483817554072,WorkMoney,WorkMoney,≤100
151894654697,Save Our States,Save Our States,≤100
592707041080920,Stand Together,Stand Together Chamber of Commerce Inc.,≤100
40217893542,AIPAC,AIPAC,≤100
60827297032,Maine Public,MAINE PUBLIC BROADCASTING CORPORATION,≤100
106244251043808,America's Plastic Makers,"AMERICAN CHEMISTRY COUNCIL, INC.",≤100
103875099042033,DailyWire+,The Daily Wire,≤100
92925746942,Judicial Watch,Judicial Watch,≤100
118577031632,Sweetser,These ads ran without a disclaimer,≤100
85452072376,NEWSMAX,"NEWSMAX MEDIA, INC.",≤100
115379705206001,U.S. Department of Homeland Security Blue Campaign,U.S Department of Homeland Security Blue Campaign,≤100
1461100540775171,The Tuttle Twins,LIBERTAS INSTITUTE,≤100
6266829799,Sherrod Brown,FRIENDS OF SHERROD BROWN,≤100
22067606728,Allen West,The Association of Mature American Citizens Inc,≤100
1527499704232460,Virginia Interfaith Power & Light,Virginia Interfaith Power and Light,≤100
172258761135,American Cancer Society Cancer Action Network Maine - ACS CAN,AMERICAN CANCER SOCIETY CANCER ACTION NETWORK INC,≤100
114720264544782,Moving Forward,Seniors Today USA,≤100
104445587907517,Representative Laurel Libby,Laurel D Libby,≤100
8492293163,Environmental Defense Fund,Environmental Defense Fund,≤100
1316372698453411,Alexandria Ocasio-Cortez,Alexandria Ocasio-Cortez for Congress,≤100
42872222699,Dana Loesch,The Association of Mature American Citizens Inc,≤100
23875187730,Feeding America,Feeding America,≤100
106368962201094,My Healthcare Options,"ZAN Media, Inc.",≤100
7341997111,Conservation International,Conservation International,≤100
570092813023833,Matt Walsh,The Daily Wire,≤100
6204742571,Sierra Club,SIERRA CLUB,≤100
309308412520731,Sandy Hook Promise,Sandy Hook Promise,≤100
18709174006,National Audubon Society,"NATIONAL AUDUBON SOCIETY, INC.",≤100
109179375151983,Med Plan Coverage,Seniors Today USA,≤100
119868384733982,Consumers for Affordable Health Care,CONSUMERS FOR AFFORDABLE HEALTH CARE FOUNDATION,≤100
74783093812,Just Vision,JUST VISION INC,≤100
318196171580489,Ron DeSantis,Friends of Ron DeSantis,≤100
6041057841,The Humane Society of the United States,"HUMANE SOCIETY OF THE UNITED STATES, THE",≤100
195530355493,Chicks On The Right,The Association of Mature American Citizens Inc,≤100
49651563727,Live Action,Live Action,≤100
114008535880,Foundation for Individual Rights and Expression,FOUNDATION FOR INDIVIDUAL RIGHTS IN EDUCATION,≤100
100652668612020,Essential Plastics Coalition,"CENTER FOR CONSUMER FREEDOM, THE",≤100
6514736316,Walden University,Walden University,≤100
6500552187,Hulu,"HULU, LLC",≤100
518194348194441,RepresentUs,RepresentUs,≤100
112729281557830,Affordable Health Options,"ZAN Media, Inc.",≤100
342294162453301,Planned Parenthood,Planned Parenthood Federation of America,≤100
106568024842114,Rideshare Assault Support,Citizen Ad Network LLC,≤100
181924628560212,SumOfUs,SumOfUs,≤100
203197030603239,8 Billion Trees,8 Billion Trees LLC,≤100
100992801635617,Conservative-American.org,Conservative American Strategies,≤100
1593518174052711,Candace Owens,The Daily Wire,≤100
5435784683,Greenpeace USA,"GREENPEACE, INC.",≤100
203805062990264,Ben Shapiro,The Daily Wire,≤100
15771560300,Earthjustice,EARTHJUSTICE,≤100
102415355916214,American Heart City,American Heart City,≤100
108380923919757,Health Insurance Hero,Health Insurance Hero,≤100
38235851310,USA for UNHCR,UNITED STATES ASSOCIATION FOR UNHCR,≤100
8934429638,Planned Parenthood Action,Planned Parenthood Action Fund,≤100
12301006942,Democratic Party,DNC SERVICES CORP./DEM. NAT'L COMMITTEE,≤100
30139072158,CARE,CARE,≤100
6236054211,Brady: United Against Gun Violence,Brady Campaign to Prevent Gun Violence,≤100
574787596366702,Chuck Russell for Selectman Lebanon Maine,Charles T Russell,≤100
166618413413767,Jay Sekulow,American Center for Law and Justice,≤100
173044876043386,Safe Voices,SAFE VOICES,≤100
1832744013698336,Mahogany Mommies,Mahogany Mommies,≤100
15239367801,The Wilderness Society,"WILDERNESS SOCIETY, THE",≤100
143133062394406,First National Bank,First National Bank,≤100
113891694102,Energy Citizens,AMERICAN PETROLEUM INSTITUTE,≤100
542678889114683,The Coca-Cola Company,The Coca-Cola Company,≤100
130945114804,World Jewish Congress,ATTN: INC.,≤100
184436331580348,Quake Media,Villanova Media Inc. dba Quake Media,≤100
376776419037747,Turning Point USA,"Turning Point USA, Inc.",≤100
172758932738142,PhRMA,PHARMACEUTICAL RESEARCH AND MANUFACTURERS OF AMERICA,≤100
103807629149771,Working Forests Initiative,"WORKING FOREST INITIATIVE, INC.",≤100
35169196082,Project HOPE,"PROJECT HOPE-THE PEOPLE-TO-PEOPLE HEALTH FOUNDATION, INC.",≤100
103912059097010,One Real American,One Real American,≤100
160389977329803,ATTN:,ATTN: INC.,≤100
1145019702185006,Alliance for Safety and Justice,Alliance for Safety and Justice,≤100
361960287311696,Better Medicare Alliance,"Better Medicare Alliance, Inc",≤100
167586229923327,World Food Program USA,World Food Program USA,≤100
925007000949719,ExxonMobil,EXXON MOBIL CORPORATION,≤100
87277126609,Natural Resources Council of Maine,NATURAL RESOURCES COUNCIL OF MAINE INC,≤100
443329669123990,USAFacts,USAFacts Institute,≤100
51052893175,Speaker Kevin McCarthy,Speaker Kevin McCarthy,≤100
100485764982266,Only One,Only One,≤100
25852730092,Care2,"Care2.com, Inc",≤100
7735858972,Humane Society Legislative Fund,Humane Society Legislative Fund,≤100
104295601633638,American Cornerstone Institute,American Cornerstone Institute Inc,≤100
7192716362,Amnesty International USA,"AMNESTY INTERNATIONAL OF THE U. S. A., INC.",≤100
7263476274,Mercy Corps,Mercy Corps,≤100
1589261434655726,Advocate Alliance Group,Advocate Alliance Group LLC,≤100
199826043375900,Larry Hogan,An America United,≤100
8325302025,Friends of the Earth U.S.,Friends of the Earth,≤100
6502038524,First Book,FIRST BOOK,≤100
127225910653607,PragerU,PragerU,≤100
236312179825896,Republican Main Street Partnership,REPUBLICAN MAIN STREET PARTNERSHIP INC,≤100
275947565591,Woods & Woods The Veterans Firm,"Woods & Woods, LLC",≤100
51405613519,Focus on the Family,Focus on the Family,≤100
2353537341582545,Proud Patriots,Proud Patriots,≤100
1398927630359711,State Financial Officers Foundation - SFOF,State Financial Officers Foundation,≤100
106121804986003,Best Health Tips,Seniors Today USA,≤100
12375354406,USO,United Service Organizations,≤100
164765750288754,Commissioner Justin Chenette,Justin M Chenette,≤100
337086873059074,Maine Science Festival,These ads ran without a disclaimer,≤100
106568024842114,Rideshare Assault Support,Select Justice LLC,≤100
102592959026,Ocean Conservancy,"OCEAN CONSERVANCY, INC.",≤100
15041226930,Oxfam,"OXFAM AMERICA, INC.",≤100
145917588805718,Dr Jordan B Peterson,The Daily Wire,≤100
104394262049761,Jeremy's Razors,The Daily Wire,≤100
23790541544,Democrats,DCCC,≤100
102960695956522,Amazing Patriots,Amazing Patriots,≤100
110343987056971,Meaningful Conversations Portsmouth,These ads ran without a disclaimer,≤100
681626158940626,Mission Roll Call,Americas Warrior Partnership,≤100
2053678114723700,President Trump's Patriot Army,I Love My Freedom,≤100
580610428636345,Fight for $15,Fight for $15,≤100
665345483483486,NRA - National Rifle Association of America,NATIONAL RIFLE ASSN OF AMERICA,≤100
19746387261,Humane Society International,Humane Society International,≤100
103885799225717,Liberty Protector,Liberty Protector,≤100
100467492951653,Helpful Savings Guide,These ads ran without a disclaimer,≤100
1958912674200535,The Pour Over,Pour Over,≤100
111824001908,Hakeem Jeffries,JEFFRIES FOR CONGRESS,≤100
6072343558,Center for American Progress,CENTER FOR AMERICAN PROGRESS,≤100
292351509697,Jerusalem Prayer Team,Jerusalem Prayer Team,≤100
57259033959,AARP,AARP,≤100
104977525752112,Freedom of Patriots,Freedom of Patriots,≤100
219612384781411,Bloomberg Philanthropies,Bloomberg Philanthropies,≤100
106437025609079,Unify Ukraine,MikeWorldWide on behalf of the Polish government through Bank Gospodarstwa Krajowego,≤100
140357056032320,NEA Today,National Education Association,≤100
425771317501061,Michael Knowles,The Daily Wire,≤100
34362997676,United States Holocaust Memorial Museum,UNITED STATES HOLOCAUST MEMORIAL MUSEUM,≤100
36474716066,Color Of Change,ColorofChange.org,≤100
546244689055708,Beacon,MAINE PEOPLE'S ALLIANCE INC,≤100
156496968533805,Explore Beyond,NCTA - The Internet & Television Association,≤100
13885075114,Action Against Hunger USA,ACTION AGAINST HUNGER - USA,≤100
101224002310757,Seven Weeks Coffee,Seven Weeks Coffee,≤100
7145381235,American Jewish World Service - AJWS,"AMERICAN JEWISH WORLD SERVICE, INC.",≤100
1435071773455316,Daily Wire,The Daily Wire,≤100
290851614930809,Combat AntiSemitism,Combat Hate Foundation,≤100
267180743723148,National Geographic Society,National Geographic Society,≤100
246323280108,American Medical Association,American Medical Association,≤100
72931140459,Center for Biological Diversity,"CENTER FOR BIOLOGICAL DIVERSITY, INC.",≤100
406456986070332,Matt Gaetz,Friends of Matt Gaetz,≤100
70874333603,CatholicVote,catholicvote.org,≤100
162678203751209,Gilead Sciences,GILEAD SCIENCES INC,≤100
21375324480,The Heritage Foundation,HERITAGE FOUNDATION (THE),≤100
124506846628,Agape International Missions,AGAPE INTERNATIONAL MISSIONS,≤100
11791104453,NRDC,Natural Resources Defense Council,≤100
83290028957,Care Net,CARE NET,≤100
153278754738777,Climate Reality,The Climate Reality Project,≤100
112642477582238,Mericanaf,AAF Nation,≤100
100328619530085,Bishop Gold Group,Bishop Gold Group LLC,≤100
96491683438,"The Friends of Israel Gospel Ministry, Inc.","FRIENDS OF ISRAEL GOSPEL MINISTRY, INC, THE",≤100
101704558574021,Lucas Kunce,Lucas Kunce for Missouri,≤100
945455208962159,For Everyone Collective,For Everyone Collective,≤100
428821014132730,Katie Porter,KATIE PORTER FOR SENATE,≤100
343714718985673,Think Wood,Think Wood,≤100
106315901551850,The U.S. Concealed Carry Association for Saving Lives,U.S. Concealed Carry Association For Saving Lives. Not Authorized By Any Candidate Or Candidate's Committee.,≤100
35715544220,Stand.earth,Stand.earth,≤100
125769584126996,Yael Eckstein,"INTERNATIONAL FELLOWSHIP OF CHRISTIANS & JEWS, INC.",≤100
110003135240961,Pride of America,Pride of American,≤100
1457897071088443,Maine State Chamber of Commerce,Maine State Chamber of Commerce,≤100
314499212242,Pfizer,Pfizer Inc.,≤100
27817332304,American Foundation for Suicide Prevention,AMERICAN FOUNDATION FOR SUICIDE PREVENTION,≤100
101391906600,Live Action News,Live Action,≤100
2245766435469741,Beersy,Beersy LLC,≤100
43426724597,Paper Culture,Paper Culture LLC,≤100
36872302227,Cory Booker,CORY BOOKER FOR SENATE,≤100
6240652407,Young America's Foundation,Young America's Foundation Inc,≤100
114765400352270,Kite & Key Media,VMTS EDUCATION INC,≤100
507070522767934,AACR Foundation,"AMERICAN ASSOCIATION FOR CANCER RESEARCH, INC.",≤100
2254455051442790,Flag and Cross,Flag & Cross,≤100
521946677842731,Hillsborough County Republican Committee,Hillsborough County NH Republican Committee,≤100
83600052210,Citizens Count,Citizens Count,≤100
18079407397,CPAC,AMERICAN CONSERVATIVE UNION,≤100
983629811723932,Home Title Lock,Home Title Lock,≤100
201446296572389,Compassion in World Farming (USA),Compassion in World Farming Inc,≤100
194115677277113,A21,A21 with Facebook Ad Credits,≤100
315528175667844,Women2Women,Women2Women Conversations Tour,≤100
471928596287830,Brian Mast,Mast for Congress,≤100
337038226473839,Trish Regan,"SALEM MEDIA GROUP, INC.",≤100
110442961603215,Yikes Today,Tomer Barazani,≤100
50982313030,Food & Water Watch,Food & Water Watch,≤100
141786816970,Cruise Lines International Association - CLIA,Cruise Lines International Association,≤100
42940254353,Human Rights Watch,"HUMAN RIGHTS WATCH, INC.",≤100
110042181919423,Leading With Greatness,Patriotic Uniting For All,≤100
17911165812,Covenant House International,Covenant House,≤100
8047221596,Save the Children US,SAVE THE CHILDREN FEDERATION INC.,≤100
188627788423714,The Scoop Politics,The Scoop Media Inc.,≤100
709046012792616,National Audubon Society Action Fund,National Audubon Society Action Fund,≤100
109716011638325,Jane Fonda Climate PAC,JANE FONDA CLIMATE PAC,≤100
107168898379486,Speed & Scale,Speed & Scale,≤100
108268161352786,Stanley M. Herzog Foundation,Herzog Foundation,≤100
159658557547960,Wall Street Journal Opinion,The Wall Street Journal,≤100
1600352356914768,PushBlack,PushBlack,≤100
5720973755,Defenders of Wildlife,DEFENDERS OF WILDLIFE,≤100
83865976093,Truthout,TRUTHOUT,≤100
121626482110,Operation Smile,OPERATION SMILE,≤100
20787991568,Senate Democrats,DSCC,≤100
1526707030943680,Phoenix Dream Center,City Help Inc of Phoenix dba Phoenix Dream Center,≤100
102413723172970,Nick Adams,Nick Adams,≤100
134452023239984,Human Coalition,Human Coalition,≤100
107709722171861,Policy Wizard,These ads ran without a disclaimer,≤100
142432192446984,David Horowitz Freedom Center,David Horowitz Freedom Center,≤100
110431415026491,The American Enthusiasm,The American Enthusiasm,≤100
817567028361575,The Halcyon Movement,The halcyon movement,≤100
100168566232753,IRS Helper,Leads Team LLC,≤100
105561217523274,The Dispatch,"Dispatch Media, Inc.",≤100
29423827874,Proclaiming Justice to the Nations,PROCLAIMING JUSTICE TO THE NATIONS INC,≤100
200650357207240,I Love My Freedom,I Love My Freedom,≤100
114710126648118,Republican Dogs,Republican Dogs,≤100
342887442508723,Convention of States,Convention of States Action,≤100
50822254585,Mountain States Legal Foundation,Mountain States Legal Foundation,≤100
309798029121030,Everytown for Gun Safety,Everytown for Gun Safety Support Fund Inc,≤100
270623392879,San Francisco Foundation,"SAN FRANCISCO FOUNDATION, THE",≤100
282728185140429,Rep For Vets,The Rep For Vets,≤100
786167111464006,Woodson Center,The Woodson Center,≤100
10498053716,Media Research Center,MEDIA RESEARCH CENTER,≤100
8524198486,Physicians Committee for Responsible Medicine,"PHYSICIANS COMMITTEE FOR RESPONSIBLE MEDICINE, INC.",≤100
106913491375624,Israel War Room,Israel War Room,≤100
187005858017014,Climate Power,Climate Power,≤100
152264148166020,Moms Clean Air Force,Moms Clean Air Force,≤100
104491841664875,Adam Kinzinger,Future First Leadership PAC,≤100
240937060405,Center for Science in the Public Interest (CSPI),Center for Science in the Public Interest,≤100
375742685850856,Firearms Policy Coalition,"FIREARMS POLICY COALITION, INC.",≤100
318691681482265,Liberty Justice Center,Liberty Justice Center,≤100
16317479654,Deseret News,Deseret News,≤100
115056011454110,Obamacare Plan USA,These ads ran without a disclaimer,≤100
101090559295696,TPUSA Faith,TURNING POINT USA NFP,≤100
169687486427698,Jentezen Franklin,FREE CHAPEL WORSHIP CENTER,≤100
29717379728,International Justice Mission,International Justice Mission,≤100
100162215660565,Replace Sinema,Change for Arizona 2024 PAC,≤100
160630887998827,Let Them Live,Oliver Harrison  Berning,≤100
93228695778,Tea Party Patriots,Tea Party Patriots,≤100
336861789666063,Liberty Fund,LIBERTY FUND INC,≤100
314964416195,American Seniors Association,AMERICAN SENIOR ASSOCIATION,≤100
100373975829221,Fòs Feminista Org,Fòs Feminista,≤100
290548664672,First Liberty,First Liberty Institute,≤100
38882699096,Polaris,POLARIS PROJECT,≤100
583258211727279,Shai Fund,SHAI FUND INC,≤100
345378512258813,Elise Stefanik,ELISE FOR CONGRESS,≤100
131306317680000,Social Goods,"Social Goods, LLC",≤100
131023707236064,Applecart,Project Applecart LLC,≤100
271453369908901,FLAG  - Foundation for Liberty and American Greatness,Tomer Barazani,≤100
657708380952174,Voices of the Civil Rights Movement,Comcast,≤100
359477377917,American Federation for Children,American Federation for Children,≤100
108266445888054,Patriot Academy,TORCH OF FREEDOM FOUNDATION,≤100
21090771700,Gun Owners of America,Gun Owners of America,≤100
115589465160388,Scribner Books,Simon & Schuster,≤100
51379424899,Mercy Ships,MERCY SHIPS INTERNATIONAL,≤100
101837288924546,Muslimi,These ads ran without a disclaimer,≤100
158505287559920,Save the Storks,Save the Storks,≤100
661744180680367,National Police Association,"NATIONAL POLICE ASSOCIATION, INC.",≤100
126893748252841,American Firearms Association,American Firearms Coalition,≤100
100388126216021,The Red Onlooker,Gregory Lawrence Burright,≤100
355783211719644,Veteran Caregivers of America,"Veteran Caregivers, LLC",≤100
216311481960,Bill Gates,Bill Gates,≤100
108512875350,The Atlas Society,The Objectivist Center Ltd,≤100
45393753416,Alliance Defending Freedom,Alliance Defending Freedom,≤100
162244692732,Brennan Center for Justice at NYU Law,"WILLIAM J. BRENNAN CENTER FOR JUSTICE, INC.",≤100
103565195134756,America First Policy Institute,America First Policy Institute,≤100
875653915822271,Dream.Org,Dream.Org,≤100
101481584557260,Help Asheville Bears-HAB,Heather Christina Williams,≤100
407902639235640,JNS.org,Jewish News Syndicate,≤100
106918967700048,Lobby For Climate ⋆ Change The Chamber,Change the Chamber*Lobby for Climate,≤100
7962229886,Environmental Working Group,ENVIRONMENTAL WORKING GROUP,≤100
114301413446447,The Climate Initiative,Kennebunkport Climate Initiative,≤100
106437025609079,Unify Ukraine,These ads ran without a disclaimer,≤100
139599847972,National Nurses United,National Nurses United,≤100
963484097022829,Thrivent Mutual Funds,These ads ran without a disclaimer,≤100
514167322309353,Dan Crenshaw,Dan Crenshaw for Congress,≤100
127637620616803,Comcast Newsmakers,Comcast,≤100
1741377942853471,Chad Robichaux,Chad Robichaux,≤100
1476342155924546,Big Rig Threads,Big Rig T-Shirts and Decals LLC,≤100
269479249997,NSSF—The Firearm Industry Trade Association,National Shooting Sports Foundation,≤100
700941689954518,Defend Our Future,Defend Our Future,≤100
101984508321127,Climate Realism,HEARTLAND INSTITUTE,≤100
1869687273277265,Run for Something,Run For Something PAC,≤100
102047517918,The Commonwealth Fund,"COMMONWEALTH FUND, THE",≤100
145973965440671,Carnegie Corporation of New York,CARNEGIE CORPORATION OF NEW YORK,≤100
380884168648080,Population Research Institute,POPULATION RESEARCH INSTITUTE,≤100
745910525468062,National Center on Sexual Exploitation,National Center on Sexual Exploitation,≤100
6333396177,NewsBusters.org,MEDIA RESEARCH CENTER,≤100
166384506863088,All Above All,All* Above All,≤100
408526523045391,Mammoth Nation,Mammoth Nation,≤100
317284821682168,Messianic Jewish Alliance of America (MJAA),Messianic Jewish Alliance of America,≤100
60182072999,Lila Rose,Live Action,≤100
106656845034469,Smarter NY Energy,Smarter NY Energy,≤100
30618466815,Pacific Legal Foundation,Pacific Legal Foundation,≤100
2321993584737314,The Markin Report,The Markin Report,≤100
109118211910879,Mr. 45,Green Straw LLC,≤100
300992409852,Hoover Institution,Hoover Institution,≤100
17203056985,Partners In Health,Partners In Health,≤100
6756153498,Mike Bloomberg,Bloomberg Philanthropies,≤100
9538894955,John F. Kennedy Presidential Library and Museum,"John Fitzgerald Kennedy Library Foundation, Inc.",≤100
102420431749179,Raging Americans,Tomer Barazani,≤100
38897314734,Trust for Public Land,"TRUST FOR PUBLIC LAND, THE",≤100
486304218239495,Bill Couzens,These ads ran without a disclaimer,≤100
110471938085477,Constellation Brands,"CONSTELLATION BRANDS, INC.",≤100
97624620788,American Friends of Magen David Adom,AMERICAN FRIENDS OF MAGEN DAVID ADOM,≤100
367292494407,AJC - American Jewish Committee,AMERICAN JEWISH COMMITTEE,≤100
250485248333218,Clean Air Task Force,CLEAN AIR TASK FORCE,≤100
21492729544,Catholic Relief Services,CATHOLIC RELIEF SERVICES - UNITED STATES CONFERENCE OF CATHOLIC BISHOPS,≤100
12357407443,American Friends Service Committee,AMERICAN FRIENDS SERVICE COMMITTEE,≤100
102027764795677,American Wire,BizPac Review,≤100
126305280752104,Slavic Gospel Association,SLAVIC GOSPEL ASSOCIATION,≤100
7219151423,The Fund for American Studies (TFAS),FUND FOR AMERICAN STUDIES,≤100
137918019584028,Starfish Project,"STARFISH PROJECT, INCORPORATED",≤100
116546288359245,Heritage Action for America,HERITAGE ACTION FOR AMERICA,≤100
101103254533,SOS International,SOS International,≤100
102579389208198,Country First Academy,Keep Country First Policy Action,≤100
508887815910815,BPR,BizPac Review,≤100
1534290989956166,Philanthropy Roundtable,"PHILANTHROPY ROUNDTABLE, THE",≤100
1571132936490223,JewBelong,JEWBELONG INC.,≤100
408250066356,Bill O'Reilly,"Bill Me, Inc.",≤100
91346559231,Democratic Legislative Campaign Committee - DLCC,Democratic Legislative Campaign Committee,≤100
108247581851552,Democracy Defense Fund,DEMOCRACY DEFENSE FUND,≤100
589658204411894,Office of South Carolina Treasurer Curtis Loftis,Future Scholar. Administered by State Treasurer Curtis Loftis. Not paid for with state funds.,≤100
210357995667559,The National Memo,The National Memo,≤100
109320440856128,Together Beat Hate,"Foundation to Combat Anti-Semitism, Inc.",≤100
6787988478,Physicians for Human Rights,"PHYSICIANS FOR HUMAN RIGHTS, INC.",≤100
100758682697459,Mayday Health,"Mayday Medicines, Inc.",≤100
21472760578,C-SPAN,C-SPAN,≤100
11918108948,African Wildlife Foundation,AFRICAN WILDLIFE FOUNDATION,≤100
262902450432,TeachKind,PEOPLE FOR ETHICAL TREATMENT OF ANIMALS INC,≤100
132066233534659,Healthcare Education Project,Healthcare Education Project,≤100
109352563640,Water.org,WATER.ORG INC.,≤100
30708742052,FCTRY,FCTRY,≤100
130130503698358,Eastern European Mission,EASTERN EUROPEAN MISSION,≤100
203805062990264,Ben Shapiro,Daily Wire,≤100
114226275387369,republicEn,republicEn,≤100
154930410085,"Zion Oil and Gas, Inc.","Zion OIl & Gas, Inc.",≤100
105173311888160,Star and Bar,Star and Bar,≤100
109819009036381,The New York Sun,NEW YORK SUN COMPANY LLC,≤100
25121889784,Texas Public Policy Foundation,Texas Public Policy Foundation,≤100
7292655492,MoveOn,MOVEON.ORG POLITICAL ACTION,≤100
113318901345595,Baby Patriots,Proud Patriots,≤100
97279934919,bp America,BP CORPORATION NORTH AMERICA INC.,≤100
190198574334684,FHE Health,THE FLORIDA HOUSE EXPERIENCE M,≤100
1925027940842417,Sara A. Carter,The Association of Mature American Citizens Inc,≤100
109284291894484,American News Stories,William Gordan Tanner,≤100
8446177150,Chosen People Ministries,CHOSEN PEOPLE MINISTRIES INC,≤100
118626774835274,Medicare Made Clear,Medicare Made Clear from United Healthcare,≤100
233456156850563,The Prisoner Wine Company,"TPWC, Inc.",≤100
42631297765,Hadassah,"HADASSAH, THE WOMEN'S ZIONIST ORGANIZATION OF AMERICA, INC.",≤100
417522508294454,Job Creators Network,Job Creators Network,≤100
113341457791145,Voices for Healthy Green Spaces,Voices for Healthy Green Spaces,≤100
101626535691142,Tina Blum Cohen for U.S. House of Representatives Texas District 7,TINA BLUM COHEN FOR US HOUSE OF REPRESENTATIVES TEXAS DISTRICT 7,≤100
59783434599,Hasbara Fellowships,HASBARA FELLOWSHIPS,≤100
999556810102061,Signature Seas,Signature Seas,≤100
133937690180,Student Conservation Association,Student Conservation Association,≤100
120778038066631,EveryLibrary,EveryLibrary,≤100
74470852653,Mike Pompeo,Champion American Values PAC,≤100
227764782729,AMERICAN - STRONG!,American Strong LLC,≤100
27461595703,Carbonfund,Carbonfund.org Foundation,≤100
12044622723,"Museum of Science, Boston",MUSEUM OF SCIENCE,≤100
178746337565646,Save Our Allies,Save Our Allies,≤100
78420171887,Sailors for the Sea,OCEANA INC,≤100
244206136147015,Winsome Earle-Sears,WINSOME PAC INC,≤100
506680536015406,HumanProgress.org,"CATO INSTITUTE, INC.",≤100
174905503013610,Harley Rouda,HARLEY ROUDA FOR CONGRESS,≤100
100389512764589,Scribble Blog,These ads ran without a disclaimer,≤100
102176712079037,Daily Floridian,Daily Floridian,≤100
104107788684988,Tom Klingenstein,TomKlingenstein.com,≤100
323083351064533,The News Literacy Project,The News Literacy Project,≤100
1382441768496365,Pentair,PENTAIR,≤100
100113865706707,ADF Generational Wins Prayer Initiative,ALLIANCE DEFENSE FUND INC,≤100
1569691439814810,The Damage Report,"The Young Turks, Inc.",≤100
205795426669644,Facts and Logic about the Middle East,Facts and Logic About the Middle East,≤100
203294399456,Public Interest Registry,Public Interest Registry,≤100
8321461609,MomsRising.org,MomsRising Together,≤100
265584563563176,JCRC of Greater Washington,The Jewish Community Relations Council of Greater Washington,≤100
269348454714,IMB,"INTERNATIONAL MISSION BOARD OF THE SOUTHERN BAPTIST CONVENTION, THE",≤100
49421708941,Americans for Limited Government,AMERICANS FOR LIMITED GOVERNMENT IN,≤100
19420215926,CNSNews.com,MEDIA RESEARCH CENTER,≤100
107698564046392,Lauren Boebert for Congress,LAUREN BOEBERT FOR CONGRESS,≤100
524399207959953,Truth & Liberty Coalition,Truth & Liberty Coalition,≤100
378084314984,Trane Technologies,Trane Technologies,≤100
1731084720451495,Saprea,The Younique Foundation,≤100
7515233409,"Mikey Weinstein, MRFF",MILITARY RELIGIOUS FREEDOM FOUNDATION,≤100
431019887282794,Tomorrow's World Today,Flying Cork,≤100
15503839732,Peter G. Peterson Foundation,Peter G. Peterson Foundation,≤100
104396194587918,C3 Solutions,Conservative Coalition for Climate Solutions,≤100
164966660351345,Hope Outfitters,Hope Outfitters,≤100
142957224352,International Medical Corps,International Medical Corps,≤100
77278490877,National Corn Growers Association,National Corn Growers Association,≤100
226999127329906,New York Immigration Lawyer,Law Office of Alena Shautsova,≤100
439271970343,World Help,WORLD HELP,≤100
104660195062596,Gen Z Conservative,William Gordan Tanner,≤100
1577089705837768,Simply Earth,Simply Earth,≤100
102142101657930,OurFight.online,Our Fight Inc,≤100
356050017804283,WSPA (Western States Petroleum Association),WESTERN STATES PETROLEUM ASSOCIATION,≤100
8473889271,National Parks Conservation Association,National Parks Conservation Association,≤100
100221762375238,InsightsZilla,These ads ran without a disclaimer,≤100
105120815642998,Partnership to Address Global Emissions,PARTNERSHIP TO ADDRESS GLOBAL EMISSIONS INC,≤100
403737406341879,National Women's Health Network,NATIONAL WOMENS HEALTH NETWORK,≤100
309541989079465,Libertas Institute,LIBERTAS INSTITUTE,≤100
182620315479,Plan International USA,Plan International USA,≤100
115613890351673,Screaming Freedom Apparel,Screaming Freedom Apparel,≤100
201956993160690,MRCTV,MEDIA RESEARCH CENTER,≤100
11551978516,URGE: Unite for Reproductive & Gender Equity,UNITE FOR REPRODUCTIVE & GENDER EQUITY,≤100
1898234727131235,Reel America,BizPac Review,≤100
323798354307768,Unbossed,"The Young Turks, Inc.",≤100
154065301986563,GZERO Media,GZERO Media,≤100
103531607822207,Noticias para Inmigrantes,"Wise Rock Media, PBC",≤100
546066468753446,Black Health Matters,BLACK HEALTH MATTERS FOUNDATION INC,≤100
111044621745187,Liberty News,William Gordan Tanner,≤100
15087023444,Nike,"NIKE, Inc",≤100
210277954204,The Young Turks,"The Young Turks, Inc.",≤100
53541257714,The Arc of the United States,"ARC OF THE UNITED STATES, INC., THE",≤100
255486647814076,Penguin Kids,Penguin Random House,≤100
6165653060,AFSCME,AMERICAN FEDERATION OF STATE COUNTY & MUNICIPAL EMPLOYEES,≤100
100692068471118,Explain America,Apse Media LLC,≤100
110267835279432,Senior Savings,The Daily Savings Journal,≤100
12185972707,350.org,350 ORG,≤100
9364828262,Citizens Against Government Waste,CITIZENS AGAINST GOVERNMENT WASTE,≤100
21218780346,Foreign Policy,FOREIGN POLICY,≤100
242845139551348,GVPedia,GVPEDIA INC,≤100
102044622753692,American Potential Podcast,AMERICANS FOR PROSPERITY,≤100
259351004139042,Ashbrook Center,Ashbrook Center,≤100
9694956217,Animal Legal Defense Fund,ANIMAL LEGAL DEFENSE FUND,≤100
43934405787,IPPF,International Planned Parenthood Federation Worldwide Inc,≤100
104979848524405,Starts With Us,Lubetzky Family Foundation,≤100
144105014310,Panasonic North America,These ads ran without a disclaimer,≤100
243498882520314,FoodFinder,"FOODFINDER, INC.",≤100
110316380149,Family Policy Alliance,Family Policy Alliance,≤100
116983848450009,Discovery Institute,DISCOVERY INSTITUTE,≤100
103546351703577,Dallas Express,Dallas Express Media,≤100
137072070869,Investment Company Institute,INVESTMENT COMPANY INSTITUTE,≤100
49275915266,MSI Reproductive Choices,MSI-US,≤100
430869277025501,Dr. Nancy O'Reilly,"WOMEN CONNECT4GOOD, INC.",≤100
124383441363,Connecticut Education Association (CEA),CONNECTICUT EDUCATION ASSOCIATION,≤100
18657179701,Jennifer McClellan,McClellan for Congress,≤100
291102898490822,Conservative Comedy Store,Conservative Comedy Store,≤100
170169493012341,The Fund for Global Human Rights,FUND FOR GLOBAL HUMAN RIGHTS,≤100
191247007554047,Center of the American Experiment,Center of the American Experiment,≤100
107645227592678,To Which We Belong,Mystic Artists,≤100
104377518078467,More Perfect Union,MORE PERFECT UNION FOUNDATION,≤100
14660729657,The Christian Science Monitor,These ads ran without a disclaimer,≤100
34521916336,Brent Bozell,MEDIA RESEARCH CENTER,≤100
37442103053,ACLU of New Jersey,AMERICAN CIVIL LIBERTIES UNION OF NJ,≤100
58158120046,ACLJ,American Center for Law and Justice,≤100
161108570702119,Apologia Studios,APOLOGIA CHURCH,≤100
316115841846897,Rei Kennex,These ads ran without a disclaimer,≤100
103747761393271,Lootpress,Lootpress,≤100
109599248636777,Consumer Credit Card Protection Coalition,CONSUMER CREDIT CARD PROTECTION COALITION,≤100
147368882623027,Black Futures Lab,Black Futures Lab,≤100
466164103423147,Thorn,Thorn,≤100
105269625578850,The Public Page for Ohio Physicians for Reproductive Rights,Ohio Physicians for Reproductive Rights,≤100
18017481462,Acton Institute,Acton Institute,≤100
60261764250,Childhelp,"CHILDHELP, INC.",≤100
272321759583178,Conservatives for Responsible Stewardship,Conservatives for Responsible Stewardship,≤100
1444820465547227,Rank the Vote,Rank the Vote,≤100
364773250335035,UpVote Virginia,OneVirginia2021,≤100
2166669503559417,Duane Adams,Friends of Duane Adams,≤100
143173285763,Tenth Amendment Center,Tenth Amendment Center,≤100
346612865750115,Korea Defense Veterans Association,Korea Defense Veterans Association,≤100
101564054951838,We The Forest,We The Forest,≤100
40217893542,AIPAC,American Israel Public Affairs Committee,≤100
192609620649,The University of Chicago,The University of Chicago,≤100
399060493533519,The Justice Foundation,JUSTICE FOUNDATION,≤100
102286035642350,Patriots for USA,USA Features Media LLC,≤100
18780321251,American Chemistry,American Chemistry Council,≤100
497348647140658,Point Source Youth,Point Source Youth,≤100
97466887664,Innocence Project,"INNOCENCE PROJECT, INC., THE",≤100
169042736456594,All Out,All Out Action Fund.,≤100
105599502191866,Florida Jolt,"Jolt Media, Inc.",≤100
331037760381749,Sierra Magazine,SIERRA CLUB,≤100
101208514791301,Daniel Turner,Power The Future Inc,≤100
59572733353,GREY2K USA,GREY2K USA,≤100
163662804426854,Life Advancement Group,Nathan Montgomery Berning,≤100
110768725009358,Connecticut Office of Workforce Strategy,CT The Office of Workforce Strategy,≤100
175403889150682,FindLaw.com,FindLaw Consumer,≤100
102712325850529,Libratum Press,Libratum Press LLC,≤100
100158948453494,Lars for President,LARS MAPSTEAD FOR PRESIDENT,≤100
30079936984,CWS,"CHURCH WORLD SERVICE, INC.",≤100
2070944712939738,American Police Officers Alliance,American Police Officers Alliance,≤100
101791315693,Destiny Rescue,"Destiny Rescue International, Inc.",≤100
5878048748,GlobalGiving,"GLOBALGIVING FOUNDATION, INC.",≤100
106058025408954,Do No Harm Medicine,Do No Harm,≤100
101312698628642,Ryan Samuels,Ryan Francis Samuels,≤100
1562713090633117,Operation Underground Railroad,OPERATION UNDERGROUND RAI,≤100
204626306331350,Up to Us,NET IMPACT,≤100
106012960870435,Wall Street Rebel,These ads ran without a disclaimer,≤100
199891603386344,Common Ground Committee,Common Ground Committee,≤100
210937299260017,USA Features Media,USA Features Media LLC,≤100
915656035153394,Oceanites,OCEANITES INC,≤100
103890001426406,Invest In WA Now,Invest in Washington Now,≤100
15041226930,Oxfam,These ads ran without a disclaimer,≤100
106862204671108,The Deplorable Americans,Justin Gustafson,≤100
50513265848,Citizens United,Citizens United,≤100
646785715481510,Skull's Style,These ads ran without a disclaimer,≤100
110981884065996,Abortion Finder,Power to Decide,≤100
386305465057247,Liberty Nation,Liberty Nation,≤100
106333152164020,United24 Media,These ads ran without a disclaimer,≤100
505082913012317,Must Read Alaska,Must Read Alaska LLC,≤100
142932506806,Texas Alliance for Life,"Texas Alliance for Life, Inc.",≤100
7035457015,Brave New Films,BRAVE NEW FOUNDATION 501(C)(3),≤100
183165025062107,The TESA Collective,"The Toolbox for Education and Social Action, Inc",≤100
1546952572205770,UAE USA United,The Embassy of the United Arab Emirates,≤100
170126260000702,Western Journal US News,The Western Journal,≤100
102769134675149,Evergreen Action,Evergreen Collaborative,≤100
136362309708243,Restaurant Opportunities Centers United (ROC United),"RESTAURANT OPPORTUNITIES CENTERS (ROC) UNITED, INC.",≤100
101581329115492,Freedom Street,Jason Donald Robertson,≤100
100113541464939,Start Early,Start Early,≤100
112364384923739,"McCaskill for Mayor Harvey, IL 60426",Friends of Anthony L McCaskill,≤100
82223469060,ACN - Aid to the Church in Need,"AID TO THE CHURCH IN NEED, INC.",≤100
123097641881,Feminists for Life,FEMINISTS FOR LIFE OF AMERICA,≤100
170004579701070,RootsAction,Action For A Progressive Future,≤100
100562019990818,U.S. Term Limits,U.S. Term Limits Inc.,≤100
111004586952707,Elevate Prize Foundation,Elevate Prize Foundation Inc,≤100
101350839190816,Macro Conservative,Macro Conservative,≤100
166785838989,American Veterinary Medical Association (AVMA),These ads ran without a disclaimer,≤100
322728757761954,Victor Marx,These ads ran without a disclaimer,≤100
107242815425784,Renewobamacare,"Quantum Digital Media, Inc",≤100
103966991229588,Frank Bojazi,Trending Views,≤100
223620648519536,Jackson Lahmeyer,Jackson Lahmeyer,≤100
648001608956865,Patriot Foods,These ads ran without a disclaimer,≤100
72092591211,FBI – Federal Bureau of Investigation,Federal Bureau of Investigation,≤100
610264146298573,The American Council,The American Council for Evangelicals,≤100
117507751891,United Poultry Concerns,"UNITED POULTRY CONCERNS, INC",≤100
106640785361570,The Cool Down,These ads ran without a disclaimer,≤100
710669049286394,Woo the People,Woo the People,≤100
100182009621651,Animals of Ukraine - Searching for Nika,Howard and Cooper Consulting,≤100
8550121410,Free Speech America Project,MEDIA RESEARCH CENTER,≤100
723394465079640,The Lion,Stanley M. Herzog Charitable Foundation,≤100
107931151953032,Kodie Kulp,Wesley Allen,≤100
107034431979369,United24,Non-profit organization UNITED24,≤100
28446275521,Military Officers Association of America (MOAA),Military Officers Association of America,≤100
103929304678916,Voter Action Project,Integrity First Voter Action Project,≤100
107409909326665,Stephen Wise Free Synagogue,"WISE, STEPHEN FREE SYNAGOGUE",≤100
6954880804,Green America,GREEN AMERICA,≤100
70795936969,Children International,CHILDREN INTERNATIONAL,≤100
143063095713907,Hep,"CDM PUBLISHING, LLC",≤100
64206021703,National Committee to Preserve Social Security and Medicare,NATIONAL COMMITTE TO PRESERVE SOCIAL SECURITY AND MEDICARE,≤100
372577693078008,"Saenz-Garcia Law, PLLC","Saenz-Garcia Law, PLLC",≤100
348104422491159,UNDIVIDED,UNDIVIDED,≤100
106909358810669,Stop RCV,Stop RCV,≤100
102596355656379,Red Wave News Updates,Michael Scott Hughes,≤100
108164525190342,Moto Stories,These ads ran without a disclaimer,≤100
110094158160834,The American Tribune,Michael Scott Hughes,≤100
279799525443906,HELPS Nonprofit,HELPS Nonprofit Law Firm,≤100
327853590558653,"Agri-Pulse Communications, Inc.","AGRI-PULSE COMMUNICATIONS, INC.",≤100
101960885328177,Odessa Headlines,Odessa Headlines,≤100
100403528653081,Punchbowl News,Punchbowl News,≤100
339432396135584,The Exodus Road,The Exodus Road,≤100
273546779885377,The Gallant Pelham,"delupton, LLC",≤100
106582384539447,Design for Freedom by Grace Farms,"GRACE FARMS FOUNDATION, INC.",≤100
103381269276717,Votedog2024,Votedog2024,≤100
100607179026941,Of Thee I Sing 1776,Harold Gershowitz,≤100
165674110118949,Clearing out the Clutter,Colin D Moore,≤100
302111635698,National Association of Tax Professionals (NATP),National Association of Tax Professionals,≤100
494259170754224,Keeping IDentities Safe,KEEPING IDENTITIES SAFE,≤100
11024050756,Bioneers,Bioneers,≤100
105348224679358,The Don't Unfriend Me Show,DONT UNFRIEND ME,≤100
101769576791,Health Action Network,Health Action Network,≤100
144105014310,Panasonic North America,Panasonic North America,≤100
304842759546695,Brooklyn Institute for Social Research,Brooklyn Institute for Social Research,≤100
22560886676,Ché Ahn,Che Ahn Ministries,≤100
488740674837681,198 Methods,198 methods,≤100
2007361039550045,"Center for Free, Fair, and Accountable Democracy","CENTER FOR FREE, FAIR, AND ACCOUNTABLE DEMOCRACY, INC.",≤100
106602704371225,Rob is Right,Rob is Right,≤100
111306298500421,Julie Hartman,Salem Media Group,≤100
106422508278960,Unsung History,Kelly T Pollock,≤100
103948701221001,Pro-Life Flag Project,Pro-Life Flag Project,≤100
109475211795252,Freedom From The Press,Michael Scott Hughes,≤100
103328515934791,Take Back 2024,The Blue State Conservative,≤100
142260190351,Comment Magazine,"Cardus, Inc.",≤100
1809078699219595,Fat Tire,"NEW BELGIUM BREWING COMPANY, INC.",≤100
185722378147050,Gurus,These ads ran without a disclaimer,≤100
207833736045744,MHAction.org,Patrick R. McHugh,≤100
118737467661,New York State Department of Labor,New York State Department of Labor,≤100
43853729859,Campaigns & Elections,Political World Communications,≤100
139835646030666,Alliance for Aviation Across America,Alliance for Aviation Across America,≤100
100388729554147,COL Fashion,Culture of Life,≤100
23362993101,Center for Immigration Studies,CENTER FOR IMMIGRATION STUDIES,≤100
110010433804232,Standing For Freedom Center,Standing for Freedom Center,≤100
45372564473,The Mark Twain House & Museum,MARK TWAIN MEMORIAL,≤100
1571401929773000,North County  Climate Change Alliance,North County Climate Change Alliance,≤100
424443217623488,Clarion Project,"CLARION PROJECT, INC.",≤100
356431274698532,Ryan Hampton,Ryan Hampton,≤100
127691390582,PHI,"PARAPROFESSIONAL HEALTHCARE INSTITUTE, INC.",≤100
513695272011123,The Genesis Prize,These ads ran without a disclaimer,≤100
28814095885,WORLD,These ads ran without a disclaimer,≤100
107764430968176,Tuttle Twins TV Show,"Tuttle Twins Show, LLC",≤100
1553978148244954,Build With Strength,Build With Strength,≤100
936968016365794,The Eric Metaxas Radio Show,Salem Media,≤100
416384822549260,A Better Delaware,A Better Delaware,≤100
58736997707,Marco Rubio,Marco Rubio for Senate,≤100
105334892381660,AmericanTowns Politics,AMERICAN TOWNS,≤100
243605012672167,Greg Casar,GREG CASAR FOR CONGRESS,≤100
87777747127,Greg Palast,Palast Investigative Fund,≤100
102230249080409,Freedom First,Jason Donald Robertson,≤100
707842972692825,IAMJetBlue,James A. Carlson,≤100
107206437981492,AS.AM,These ads ran without a disclaimer,≤100
254943996005,Catholic Answers,"CATHOLIC ANSWERS, INC.",≤100
105442191724004,Your Patriot Store,EZPole Flagpoles,≤100
101377889168483,Gumbo Limbo Coastal Stewards,"Gumbo Limbo Coastal Stewards, Inc.",≤100
190936020954489,MADE FREE,These ads ran without a disclaimer,≤100
370783806625168,Alliance for Housing Justice,PUBLIC ADVOCATES INC,≤100
147523538641547,Capitol Ministries,CAPITOL MINISTRIES,≤100
285896596755,Fight the New Drug,FIGHT THE NEW DRUG INC,≤100
103210743084765,Resonate,Resonate,≤100
109374912424067,Drew McKissick,DrewMcKissick.com,≤100
543055672532190,ConnecticutEast,Brian Scott-Smith - Broadcaster,≤100
109035554162766,Mountain State Spotlight,Mountain State Spotlight,≤100
103080209001004,Salt Co.,These ads ran without a disclaimer,≤100
1338822066131069,Women's March,Women's March,≤100
2572166726130246,Miracles in America with David E. Taylor,These ads ran without a disclaimer,≤100
102579112455934,Making The Leap Podcast,Stanley M. Herzog Charitable Foundation,≤100
100123286264769,Tanner DiBella,American Council for Evangelicals,≤100
270826723039149,The Coalition to Protect Americas National Parks,"COALITION OF NATIONAL PARK SERVICE RETIREES, INC.",≤100
238473269650980,Capital & Main,CAPITAL & MAIN,≤100
157521957980788,Reimagining the Civic Commons,Reimagining the Civic Commons,≤100
124047827634,The Greenlining Institute,THE GREENLINING INSTITUTE,≤100
133913826633461,Grassroot Institute of Hawaii,Grassroot Institute of Hawaii,≤100
105335198784308,War Relief Ukraine,WAR RELIEF UKRAINE NGO,≤100
105861441295494,97Percent,97PERCENT ORG INC,≤100
113339508777388,PCOS Challenge: The National Polycystic Ovary Syndrome Association,"PCOS Challenge, Inc.",≤100
223922031074790,The Abortion Survivors Network,The Abortion Survivors Network,≤100
123397377677195,"School of International Service, AU","School of International Service, American University",≤100
107304825234918,We Thrive Live,These ads ran without a disclaimer,≤100
234142976633158,Wake Up World & Smell the Coffee,Edith Dume Lerner,≤100
106746992189224,The State of Women Podcast,POPULATION MEDIA CENTER INC,≤100
276076196388914,Coffee & Pan Dulce Show,Coffee & Pan Dulce Show,≤100
86711894400,National Write Your Congressman,National Write Your Congressman,≤100
108028728590880,CTLPod,POPULATION MEDIA CENTER INC,≤100
107356708329311,Conservative News Stories,William Gordan Tanner,≤100
1376465702586897,Coloradans for Responsible Energy Development,Coloradans for Responsible Energy Development,≤100
306480006853271,Political-Paige.com BLOG,Political-Paige.com,≤100
258186881053838,Dave Yarnes,Dave Yarnes,≤100
499379343409991,Impact Fund,"IMPACT FUND, THE",≤100
2310488009211056,Poder Latinx,Poder Latinx,≤100
192738164073627,A Better Balance,A Better Balance,≤100
101674425989138,MIT Economics Survey on Climate Change,"MIT Climate Change Survey, MIT Department of Economics",≤100
839158786226886,Two Party Opera,Brian Thomas Carroll,≤100
109366181861530,President Trump is My Wingman,Jason Donald Robertson,≤100
103047259150209,What I Want to Know with Kevin P. Chavous,"Stride, Inc.",≤100
150322194563,PASA Primates: Pan African Sanctuary Alliance,PAN AFRICAN SANCTUARIES ALLIANCE,≤100
77675748950,New Israel Fund,"NEW ISRAEL FUND, THE",≤100
50714237985,The Rutherford Institute,RUTHERFORD INSTITUTE,≤100
349528025129958,"Brevard County Sheriff's Office, Florida (Official)",Robert Wayne Ivey,≤100
107726137669311,B3K Prosperity,B3K Prosperity,≤100
119388253264855,Tocqueville Lecture Series,Benjamin Isaak Gross,≤100
102204903345,The Vilcek Foundation,"VILCEK FOUNDATION, INC., THE",≤100
107119637688502,Western Justice,Western Justice Legislative Fund,≤100
393642430706388,Utah State Historic Preservation Office,These ads ran without a disclaimer,≤100
130848666099,Business Forward,Business Forward Inc.,≤100
111904024679959,Bold Majority,BOLD MAJORITY PAC,≤100
210455593021382,Health Care Voices,"Health Care Voices, a project of Social Good Fund",≤100
16534314739,Facing History and Ourselves,"FACING HISTORY AND OURSELVES NATIONAL FOUNDATION, INC.",≤100
181438572390,Sarasota County Democratic Party,Sarasota County Democratic Party,≤100
100710759119069,Blue Planet Ecosystem,Blue Planet Ecosystem,≤100
150559895031,Rapha International,"Rapha House International, Inc.",≤100
87377228013,Side with Love,UNITARIAN UNIVERSALIST ASSOCIATION,≤100
101939781315530,ThePeel.news,ThePeel.news,≤100
1018654714824453,Maccabee Task Force,Maccabee Task Force Foundation,≤100
1406149713044974,Intellectual Judaism,Intellectual Judaism,≤100
103426858855557,Eyes That Speak by Christy Bowe,Gilbert Lunsford Jr Eugene,≤100
109575145733890,McGuireWoods Consulting,McGuireWoods Consulting LLC,≤100
110869008082357,Take Back Action Fund,Take Back Action Fund,≤100
293521930164,Planned Parenthood Votes New Mexico,Planned Parenthood Votes New Mexico,≤100
84645912778,Prosperity Now,PROSPERITY NOW,≤100
105060269781,Premiere Collectibles,"Premiere Marketing, Inc.",≤100
217065848349725,Bay Area Anti-Trafficking Coalition,Bay Area Anti-Trafficking Coalition,≤100
111200585112962,dbanaphotography,These ads ran without a disclaimer,≤100
216141775201723,Priorities for Iowa,"Priorities for Iowa, Inc",≤100
102590994772178,Social Democratic Advocacy,Steven J. Schwartzberg,≤100
1947525322184514,One Fair Wage,One Fair Wage,≤100
100983515068287,"Justice For Greenwood Foundation, Inc.",Justice for Greenwood Foundation Inc,≤100
137662367278,League of Women Voters of the US,LEAGUE OF WOMEN VOTERS OF THE UNITED STATES,≤100
338218229911752,Integrity First PAC,INTEGRITY FIRST PAC,≤100
238348260390644,The Brigid Alliance,"BRIGID ALLIANCE, THE",≤100
101437432582765,The Center for Infrastructure and Economic Development,Center for Infrastructure and Economic Development Inc.,≤100
155131494544162,"Center for the Study of White American Culture, Inc.",CENTER FOR THE STUDY OF WHITE AMERICAN CULTURE,≤100
449532451834913,Fishers Finery,Fishers Finery,≤100
117592091643709,Tree of Life Ministries｜Evangelism in Israel,Tree of Life Ministries,≤100
7361892567,Born Free USA,"BORN FREE USA, UNITED WITH ANIMAL PROTECTION INSTITUTE",≤100
10524033745,Remote Area Medical - RAM,REMOTE AREA MEDICAL,≤100
100221986153813,Lou's Daily News,Michael Scott Hughes,≤100
452797224923658,The Democratic Coalition,THE DEMOCRATIC COALITION,≤100
216052228433696,Arcus Foundation LGBTQ Social Justice,ARCUS FOUNDATION,≤100
278434943062355,WellBeing International,"WellBeing International, Inc.",≤100
1165122570296957,Phoenix Zones Initiative,Phoenix Zones Initiative,≤100
220538341415523,The Satanic Temple,The Satanic Temple,≤100
100184235633007,Summit Carbon Solutions,"Summit Carbon Solutions, LLC",≤100
33699882778,Dr. Bronner's,Dr. Bronner's,≤100
112203121682194,Deviate from Denial Book,Pubvendo LLC,≤100
227535924071462,Animal Petitions,AnimalPetitions.org,≤100
109866370700481,PushBlack Finance,PushBlack,≤100
1353722684643583,EPF Media,EPF Media,≤100
110624291812256,Gail Thomas,These ads ran without a disclaimer,≤100
103974389650244,Amenders for Federal Spending Control,Mark Albert Meier,≤100
760738104124151,Institute of Arab & Islamic Art,These ads ran without a disclaimer,≤100
106959920878115,The Well Done Foundation,"WELL DONE FOUNDATION, INC.",≤100
108433238844,CWEB,CWEB Inc.,≤100
100402942245904,Connecticut Parents • Unmask Our Kids CT,Jonathan Milon Johnson,≤100
338758899543225,Alan Wilson,Alan Wilson for Attorney General,≤100
302103665493,Catholic Charities of New York,Catholic Charities Archdiocese of New York,≤100
877481359045751,Lets Green CA,ROMERO INSTITUTE,≤100
106050588962760,Citizens for Better Government,Citizens for Better Government,≤100
100124709108034,Patriot One News,Matt Clark Agency,≤100
44357672795,Independent Institute,"INDEPENDENT INSTITUTE, THE",≤100
138492335404,Scott Walker,FORWARD USA FEDERAL POLITICAL ACTION COMMITTEE,≤100
1602846363276801,Chris Winslow,Friends of Chris Winslow,≤100
896759427103774,Modern Medicaid Alliance,Modern Medicaid Alliance,≤100
101080822634195,Fix It Films,Fix It Healthcare,≤100
134956813238021,My Stupid Page,Ronald John Gembic,≤100
710460605705480,Dugit Outreach Center,Dugit Messianic Outreach Center,≤100
513785465632396,Airline Passengers for Justice,Airline Passengers for Justice,≤100
162069790604,AARP Arizona,AARP,≤100
96286403078,iHeartDogs.com,HomeLife Media,≤100
969209069790243,Beam me up Commander,These ads ran without a disclaimer,≤100
131664893560695,Origins OSU,Origins: Current Events in Historical Perspective,≤100
60035389681,First Things,INSTITUTE ON RELIGION & AMP PUBLIC LIFE,≤100
524700097675926,Virginia Hospital & Healthcare Association,Virginia Hospital & Healthcare Association,≤100
96931493939,Californians Against Higher Taxes,Californians Against Higher Taxes,≤100
246491525549550,Ed Post,Education Post,≤100
108108121456950,Blue States PAC,BLUE STATES PAC,≤100
81755908577,Kids in Need of Defense (KIND),"KIND, Inc.",≤100
1599237673639735,Change Media Group,Change Media Group,≤100
183484875153093,Kim Monson Show,The Kim Monson Show,≤100
1269485653192452,Tombstone2,Mohammed Nasir Razavi,≤100
513695272011123,The Genesis Prize,GPF NA LLC,≤100
114209360263932,On Point with Rachel Tourgeman,Rachel Tourgeman,≤100
111225401610980,Hima For Congress,HIMA FOR CONGRESS,≤100
75774105475,Knights of Columbus,Knights of Columbus,≤100
100185462665629,The Redress Movement,These ads ran without a disclaimer,≤100
24330467048,Americans for Prosperity,AMERICANS FOR PROSPERITY,≤100
36085812354,Rainforest Foundation US,"Rainforest Foundation, Inc.",≤100
125937197447634,ACTA - American Council of Trustees and Alumni,AMERICAN COUNCIL OF TRUSTEES AND ALUMNI,≤100
113105891613524,Chris Hansen for Denver Mayor,Chris Hansen for Denver Mayor,≤100
349702751902673,Hereditary Angioedema Association - HAEA,HEREDITARY ANGIOEDEMA ASSOCIATION INC.,≤100
38812906703,United Friends of the Children,United Friends of the Children,≤100
117214891638398,Street Grace,Street Grace Inc,≤100
122531741163825,American Liver Foundation,AMERICAN LIVER FOUNDATION,≤100
103517308361597,TakeCharge,Take Charge Minnesota,≤100
260668817346988,Ignite National,IGNITE,≤100
67198072267,Michigan Capitol Confidential,Michigan Capitol Confidential,≤100
603089556560403,Animal Survival International,These ads ran without a disclaimer,≤100
118635175464489,uPolitics,"Uinterview, Inc.",≤100
416913748508616,We Welcome,We Welcome Refugees,≤100
110519695636906,Meyerland Area Democrats Club,Meyerland Area Democrats Club,≤100
616079045236845,tallyED,tallyED.com,≤100
59543893235,National Constitution Center,National Constitution Center,≤100
104223804734775,Freedom Virginia,Freedom Virginia,≤100
789675921090841,Brookhaven Town Democratic Committee,BROOKHAVEN DEMOCRATIC COMMITTEE,≤100
109715331987710,Prue for Lake Forest,Prue for Lake Forest,≤100
103433804692809,Law Offices of James S. Hong & Associates,Law Offices of James S. Hong,≤100
104657602040321,Truth Media,Truth Media,≤100
102797567875082,Erika Erickson Malinoski - Author,Erika Erickson Malinoski,≤100
1420200111329836,Alan C. Moore,Alan Christopher Moore,≤100
120915979267,Life In Messiah International,"AMF INTERNATIONAL, INC.",≤100
54580146753,Faith in Action,Faith in Action,≤100
189044857936094,Americans For Prosperity - Alaska,AMERICANS FOR PROSPERITY,≤100
1191336950894416,City of Carlsbad NM Government,Social Media Manager,≤100
85252863415,National Latina Institute for Reproductive Justice,NATIONAL LATINA INSTITUTE FOR REPRODUCTIVE HEALTH,≤100
102696615805995,Patrick Nagle for 46th Ward Alderman,Patrick Nagle for 46th Ward Alderman,≤100
355411508382339,Pastor Israel Pochtar,These ads ran without a disclaimer,≤100
110170005258857,Klicked Digital,DeDonato Enterprises,≤100
401240226922554,VoLo Foundation,VoLo Foundation,≤100
411566892619897,Shaking Up Science,David Toby Nabhan,≤100
112330933631,YWCA Delaware,YWCA  DELAWARE,≤100
122207534456852,Ayo and Iken,Ayo and Iken,≤100
107040767505537,603 Forward,603 Forward,≤100
795162290631372,Citrus Pregnancy Center,LIFE CHOICE CARE CENTER INC,≤100
111082078079287,Let's Go Brandon store,Let's Go Brandon Store,≤100
103452279103881,Ambassador Gordon Sondland,Gilbert Lunsford Jr Eugene,≤100
24844979499,Heartbeat International,HEARTBEAT INTERNATIONAL INC,≤100
73234973898,Stages,Stages,≤100
129278807814364,Women of Welcome,Women of Welcome,≤100
303374266418976,AFPM,American Fuel & Petrochemical Manufacturers,≤100
101239962270235,Bright Future Iowa,Bright Future Iowa,≤100
119216091518705,Protect The Harvest,Karen Elizabeth Glueck,≤100
215968684159,AFT - American Federation of Teachers,American Federation of Teachers,≤100
105887912402765,flashlightfoundation22,These ads ran without a disclaimer,≤100
113205131621824,WorldOrder.News,WorldOrder.News,≤100
108292944333886,"Julia Sullivan, Author",Julia E. Sullivan,≤100
64974200999,America-Israel Friendship League,AMERICA-ISRAEL FRIENDSHIP LEAGUE,≤100
307577909645,Elizabeth River Project,ELIZABETH RIVER PROJECT,≤100
485068924838758,EARN - Employer Assistance and Resource Network on Disability Inclusion,Employer Assistance and Resource Network on Disability Inclusion (EARN),≤100
169710960125365,Curzio Research,Curzio Research,≤100
495784017277318,21st Century Civics,Montie Morris Rainey,≤100
454521561557159,Reckon,These ads ran without a disclaimer,≤100
107326878275017,National Pretrial,National Pretrial,≤100
59473866945,Oregon AFL-CIO,OREGON AFL-CIO,≤100
237477017606,Club for Growth,"CLUB FOR GROWTH, INC",≤100
249467225254927,The Love > hate Project,LOVE GREATER THAN HATE PROJECT,≤100
2366527573570929,No-Nonsense Round Table,Dominic P Genova,≤100
289543198292208,La Hora de la Verdad con Bárbara Hernández,Barbara Hernandez Orego,≤100
7933888572,Network Lobby,THE NETWORK,≤100
658879504288370,Choose Life Marketing,Choose Life Marketing,≤100
2099448153445994,Students for Life Action,Students for Life Action,≤100
102279018894056,Option To Success Inc /Family Services,These ads ran without a disclaimer,≤100
373235096030149,California Biotech Foundation,California Biotech Foundation,≤100
175259559188907,Vietnam War Lessons-The Long Way Home Project,These ads ran without a disclaimer,≤100
104236094665882,Twisted Logic,Shawn M Stpeter,≤100
220873174076,Animal Equality,ANIMAL EQUALITY,≤100
254199237944073,Elijah Rising,ELIJAH RISING,≤100
44228398202,ONE Community,"ONE Community Media, LLC",≤100
1745138959053100,Kearney HVAC Inc,These ads ran without a disclaimer,≤100
110589583842808,Union Built Matters NYC,Union Built Matters,≤100
101466816025710,Renew Healthcare,Quantum Digital Media Inc.,≤100
732932213551835,Fair Districts PA - Allegheny County,Fair Districts PA,≤100
148568395172541,Aspen Ideas Festival,These ads ran without a disclaimer,≤100
73970658023,International Rescue Committee,International Rescue Committee,≤100
224837426560,CONTRA COSTA SHERIFF-OFFICIAL PAGE,Bonneville International,≤100
182034571982073,Dade Phelan,Texans for Dade,≤100
191371171409,Southern Group of State Foresters,Southern Group of State Foresters,≤100
169840807024913,Jobob,The Jobob Show,≤100
1560286300899883,Diabetes Patient Advocacy Coalition,Diabetes Patient Advocacy Coalition,≤100
221364705166573,NUNYO & COMPANY,NUNYO & COMPANY,≤100
107485788834971,The Rose Petal Project,The Rose Petal Project,≤100
902485329837313,NinjaOne,These ads ran without a disclaimer,≤100
102762964438534,Prince Rav Yisrael For Sparta,Anayah Yisrael,≤100
330280744268309,CT Examiner,CT Examiner LLC,≤100
104614641200137,MeidasTouch,MEIDASTOUCH,≤100
109068551731974,Sillychillly,Marc Alan Goldstein,≤100
149584865732611,Hidden Water,These ads ran without a disclaimer,≤100
110322138238412,Back the Blue Line,Front Line Support Inc.,≤100
1505244559517282,Colin Allred,COLIN ALLRED FOR CONGRESS,≤100
101390336151927,Culver for State Senate,Citizens for Lynda Schlegel Culver,≤100
381578445243960,Kristan Hawkins,"STUDENTS FOR LIFE OF AMERICA, INC.",≤100
263311807031163,Sasha Issenberg,EmmKay Media,≤100
312870062895448,StateThugs,StateThugs.com,≤100
188441263945,Laboratory to Combat Human Trafficking,LCHT,≤100
104916968538177,TIS 이주공사,TIS VISA CORPORATION,≤100
512954815727434,Jake Ellzey,JAKE ELLZEY FOR CONGRESS,≤100
126855128568,FEBC (Far East Broadcasting Company),"FAR EAST BROADCASTING COMPANY, INC.",≤100
406581453407625,Advance Minnesota Issue Advocacy,Advance Minnesota Issue Advocacy,≤100
113952957997292,VERYHealth,These ads ran without a disclaimer,≤100
112912573793125,Rise Up for Justice,Avrom L Altman,≤100
594519783957655,Citizens for National Security,Citizens For National Security,≤100
702582586516561,CBN Israel,"The Christian Broadcasting Network, Inc.",≤100
1830987987134045,Origins Explained,These ads ran without a disclaimer,≤100
47275538156,Interior Design Magazine,These ads ran without a disclaimer,≤100
114620925262930,Planned Parenthood of Southwest & Central Florida,Planned Parenthood of Southwest and Central Florida,≤100
133753583953215,American History in 90 Minutes - The Common-Sense Guide to U.S. History,American History in 90 Minutes,≤100
100112165896481,su.joun,These ads ran without a disclaimer,≤100
1439168163008159,Dominicanos USA,DOMINICANOS USA INC NY,≤100
323938444423,John Burton Advocates for Youth,These ads ran without a disclaimer,≤100
110421204597623,No B.S with Jamie,James Wilber Hough,≤100
101213491788752,thefineartrevolution,These ads ran without a disclaimer,≤100
101686835011266,HIRE OC,H.I.R.E.,≤100
112758805047125,Moral Fusion Politics In America,These ads ran without a disclaimer,≤100
186977768011413,Ironworkers Rising,"International Association of Bridge, Structural, Ornamental, and Reinforcing Iron Workers",≤100
107418177702609,Middle America News,Logan Thomas Corson,≤100
118975781468362,Equality Michigan,EQUALITY MICHIGAN,≤100
154269528015922,Byron Donalds,Byron Donalds for Congress,≤100
106341454506321,The Bull Moose Party,The Bull Moose Party,≤100
100758482909390,Ramón Roca Mérida,These ads ran without a disclaimer,≤100
143981748956175,Rural Assembly,Rural Assembly,≤100
293504781510576,Congresswoman Veronica Escobar,Congresswoman Veronica Escobar,≤100
59254639983,Boston Medical Center,BOSTON MEDICAL CENTER,≤100
105734955656575,George Landrith,These ads ran without a disclaimer,≤100
104278531142402,Liberty Defense,LIberty Defense,≤100
108505418632952,Climate change is real,Michael Test,≤100
239658882763974,Poverty USA by CCHD,UNITED STATES CONFERENCE OF CATHOLIC BISHOPS,≤100
105800435721037,The Right Hour,Logan Thomas Corson,≤100
1720878078241107,Conservative Move,Conservative Move,≤100
887139178003592,The Dean Obeidallah Show,The Dean Obeidallah Show,≤100
1401062560117696,Marissa Hermer,These ads ran without a disclaimer,≤100
100978046207814,Ryan Chamberlin for State House District 24 - Florida,Ryan Chamberlin Campaign,≤100
1138048899572104,Ja'Mal Green,Go Green Chicago,≤100
407848989230502,The Rational Middle,"Rational Middle Media Group, LLC",≤100
102269135879861,GetNews,These ads ran without a disclaimer,≤100
7292655492,MoveOn,MOVEON.ORG CIVIC ACTION,≤100
103739957866477,Zinc8 Energy Solutions,"Vorticom, Inc.",≤100
106095601125529,"Reaching Everyone In Distress Foundation, Inc.",Reaching Everyone in Distress Foundation Inc.,≤100
121169024623329,"Ho-Chunk, Inc.","Ho-Chunk, Inc.",≤100
128595617222254,Arcus Foundation - Great Ape Conservation,ARCUS FOUNDATION,≤100
115489644380953,Build Your Teaching Toolbox,Pubvendo LLC,≤100
433364950062784,Power Over Energy,Power Over Energy,≤100
100878911442131,Charming K. Fashion,These ads ran without a disclaimer,≤100
174941115857811,Campaign for Southern Equality,Campaign for Southern Equality,≤100
123410814394512,Gun Facts,Gun Facts,≤100
108072173995375,End MSOP,End MSOP,≤100
232467307162583,Farm Action,Family Farm Action Inc,≤100
100374392742057,Weregreenly- Magazine,These ads ran without a disclaimer,≤100
221401431386940,Pramila Jayapal,PRAMILA FOR CONGRESS,≤100
76523801829,the Christian Century,CHRISTIAN CENTURY,≤100
461530314600399,Common Sense American Politics,Common Sense American Politics,≤100
111333413863498,Freedom First Society,FREEDOM FIRST SOCIETY,≤100
105495775564367,President Trump Updates,Logan Thomas Corson,≤100
101836818981638,Berserker Tactical LLC,These ads ran without a disclaimer,≤100
273223673607541,Sandy Springs Together,Sandy Springs Together,≤100
102262718547519,Crazy Uncle Gil,Gilbert Cuevas,≤100
112019855107729,Holt Persinger for State House,Holt Persinger for State House,≤100
138434734461,CIIS Public Programs,CIIS Public Programs,≤100
173470656019870,The Daily Yonder,CENTER FOR RURAL STRATEGIES,≤100
224071001011041,Hart Energy,These ads ran without a disclaimer,≤100
101335812671085,PB Evanston,PB Evanston,≤100
293587294678559,Bienvenido,"Bienvenido, USA",≤100
100380268833174,Gagarin News,These ads ran without a disclaimer,≤100
104843199180749,theblindeye2004,These ads ran without a disclaimer,≤100
1448985902033866,Trans Lifeline,Trans Lifeline,≤100
550344061749223,Energy Conservation Works,Energy Conservation Works,≤100
124451551318,Rose Community Foundation,ROSE COMMUNITY FOUNDATION,≤100
1759614564297707,MIT Climate,MIT Environmental Solutions Initiative,≤100
115130094783303,Lior Halabi for Miami,Lior Halabi for City of Miami Commissioner District 2,≤100
110863931866111,VA Loves RX Savings,VA Loves RX Savings,≤100
1165428293488172,Energy Source & Distribution,These ads ran without a disclaimer,≤100
100811319573511,Author & Blogger Anthony Sicilia,These ads ran without a disclaimer,≤100
1484703221557862,তারেক রহমানের বাংলাদেশ,These ads ran without a disclaimer,≤100
108002155449361,Traced,These ads ran without a disclaimer,≤100
107303634103074,The Red Megaphone,These ads ran without a disclaimer,≤100
102872355516,ecologyst,These ads ran without a disclaimer,≤100