﻿Page ID,Page name,Disclaimer,Amount spent (TRY),Number of ads in Library
268544196532365,Saadet Partisi İstanbul İl Başkanlığı,Saadet Partisi İstanbul İl Başkanlığı,1957,43
575755372513811,Muhittin Böcek,Antalya Büyükşehir Belediyesi,817,9
1604958276192112,Alper Taban,Alper Taban,607,5
64625878491,Eyüpsultan Belediyesi,Eyüpsultan Belediyesi,505,1
108252655310283,Ahmet ÇELEBİ - İYİ Parti İstanbul 1.Bölge Milletvekili Aday Adayı,Ahmet ÇELEBİ - İYİ Parti İstanbul 1.Bölge Milletvekili Aday Adayı,464,1
197750943681205,Antalya Büyükşehir Belediyesi,Antalya Büyükşehir Belediyesi,395,7
107924807410702,Samet Bağcı,Samet Bağcı,300,10
100566981431204,Mersin Haber Özel,Mersin Haber Özel,291,1
113435034974651,wallperphoto.ch,These ads ran without a disclaimer,290,1
103185292590218,İlkadım TV Haber,İlkadım TV,279,2
23596074088,Dazed and Confused Magazine,These ads ran without a disclaimer,249,20
114357406669727,ABB TV,Antalya Büyükşehir Belediyesi,209,5
262923957052422,İHH İnsani Yardım Vakfı Bursa Şubesi,İHH İnsani Yardım Vakfı Bursa Şubesi,203,1
117491812983397,Yurttan Sesler,Yurttan Sesler,202,1
2064731740417261,Seyyid Bilal Kabdan,Seyyid Bilal Kabdan,198,4
1414574845504535,Mimar İbrahim Demir chp adana Milletvekili adayı,Mimar İbrahim Demir chp adana Milletvekili adayı,184,4
106789305232883,وكالة الشرق الأوسط الإخبارية,وكالة الشرق الأوسط الإخبارية,169,9
1921374511491494,Muhammet Gökhan Kilit Sayfası,Muhammed Gokhan Kilit,169,1
1104153776387884,Halk Haber Ajansı,Resul Mesut Büyüksarı,164,1
219031704851494,SAS (Satın Almayın Sahiplenin),Fırat Yıldız Ahmet,155,4
158077404753235,Çanakkale Zafer TV,Zafer Durmaz,148,5
103677665242613,Erzurum Ajans www.erzurumajans.com,Erzurum Ajans www.erzurumajans.com,147,2
217712041637127,AK PARTi Genel Merkez Gençlik Kolları Başkanlığı,ADALET ve KALKINMA PARTİSİ GENÇLİK KOLLARI,124,1
115203036969497,Mehmet Yunus Seven,Mehmet Yunus Seven,110,2
108552928182311,Al Sancak Partisi,Nuri Çelebi,≤100,1
1380594035550142,Aydınpost,AYDINPOST,≤100,1
1156591567874276,Halil Arda,Halil Arda,≤100,1
172200336891287,Medya Penceresi,Medya Penceresi,≤100,1
1985687308391802,İlhan Ocaklı,İlhan Ocaklı,≤100,2
1878939355750536,Turgay Genç,Döşemealtı Belediyesi,≤100,1
190217144502606,Av. Sinan Tekin,Sinan Tekin,≤100,4
364210594061098,Ferhat Aksoy,FERHAT AKSOY,≤100,3
2244264135618666,Bünyamin Çiftçi,Bünyamin Çiftçi,≤100,1
104691722197784,صحيفة الاستقلال - العربية,صحيفة الاستقلال,≤100,3
1620080691588973,Serkan SARI,Serkan Sarı,≤100,1
801586336532462,Rize Belediyesi,Rize Belediyesi,≤100,1
572031629891892,Bahçelievler Mahallesi Muhtarı Berna Macit Çokgezen,Hurşit Çokgezen,≤100,2
319374238130637,Osman Gürün,Osman Gurun,≤100,2
117072884599893,Kadir Kodak,Kadir Kodak,≤100,3
463215923715177,Mehmet Yiğiner,Bekir Koyuncu,≤100,4
723113807768777,Hasan Eryılmaz,Deniz Guner,≤100,1
283657205667155,Mustafa Ali Fırtına,Mustafa Ali Firtina,≤100,2
279716635770157,Doğrula Org,Doğrula Org,≤100,1
108390012832175,Fatih Akkentli,Atacan Özbay,≤100,2
511707202180465,Kangal Aşkk'tır,Fırat Yıldız Ahmet,≤100,2
167633913392268,Kolejliler,Fırat Yıldız Ahmet,≤100,2
100665102848993,Gün Gün Kurtuluş,İlker  Tanrıverdi,≤100,1
1952748275030916,Kürşad Mithat ÖZKAN,Kursad Mithat Ozkan,≤100,2
103285814499773,H. Yalım Halıcı,Kadir Dede,≤100,1
866178810191059,Mahmut Koçak,Mahmut Koçak,≤100,1
565633066903366,Ersan Gökgöz Siyasetçi Şahlanış Partisi Genel Başkan Vekili,Ersan Gokgoz,≤100,1
114951609920936,Kısa Dalga Medya,Kısa Dalga Medya,≤100,2
549579538907553,Erhan ÖZHAN I Bünyan I Kayseri,Erhan Ozhan,≤100,1
253744311868744,Murat Abalı,Yasin Babadag,≤100,1
101561516080499,Mehmet Karacadağ,reklamhocasi.com,≤100,1
110010815263548,Gerçek Gündem TV,Bülent Özdoğan,≤100,2
1572709256359993,İnternethaber TV,HADİ ÖZIŞIK,≤100,1
571739689897341,منتدى العاصمة,منتدى العاصمة,≤100,1
114529564873458,Vildan Polat,Vildan Polat,≤100,1
193998197335478,Hype and Hyper,These ads ran without a disclaimer,≤100,1
995462440565595,Breeze Girls & Boys,These ads ran without a disclaimer,≤100,1
105966055681586,Mehmet Dayanıklı,AEC PRO,≤100,1
346006742126033,Bornova Belediyesi,Bornova Belediyesi,≤100,1
1109915355834121,Av. Faruk Sarıaslan,Av. Faruk Sarıaslan,≤100,1
104267921764717,Deva Partisi Trabzon İl Başkanlığı,Kubilay Çiçek,≤100,1
107654027508783,MHP Kırıkkale İl Başkanlığı,Yasin Babadag,≤100,1
298764070816267,Mehmet Tütüncü,Mehmet TÜTÜNCÜ Türkiye Temsilcisi,≤100,1
2176700602589333,Dr. Mustafa İduğ,Dr. Mustafa İduğ,≤100,1
109946364005345,KuyumHaber,Şamil Öncül,≤100,1
103167881182863,Temiz Enerji Haber Portalı,Temiz Enerji Haber Portalı,≤100,1
107315028933018,Narmin / English Teacher,These ads ran without a disclaimer,≤100,1
113229965003082,AK Parti/MHP/BBP Cumhur İttifakı,Erol Cihangir,≤100,1
465887546792664,Halkın Kurtuluş Partisi - HKP,TAYFUR BİN,≤100,1
110399169038182,Etv Manisa,Erdinç Yayıncılık Tanıtım Reklam ve Organizasyon Hizmetleri Tic. San. AŞ.,≤100,1
109374648499673,arppha,These ads ran without a disclaimer,≤100,1
107184060866156,Limitsiz Bilgi,These ads ran without a disclaimer,≤100,1
104127702275121,mersinbilmeli,These ads ran without a disclaimer,≤100,1
105190591155430,Av. Turgay Sevindi,Turgay Sevindi,≤100,1
754641661340369,Зелена карта Україна,These ads ran without a disclaimer,≤100,1
2028274240749386,Celal Köse,Celal Köse,≤100,2
510891815983498,Dr. Mahmut UÇAR,Dr. Mahmut UÇAR,≤100,1
979738848890749,Faruk Kılıç,Faruk Kilic,≤100,1
2092119967728100,fatma taş.,These ads ran without a disclaimer,≤100,1
101604515181998,gelecekbilgiler11,These ads ran without a disclaimer,≤100,1
100959838629714,britishenglish2manylanguages,These ads ran without a disclaimer,≤100,1
107661831149692,Uzm.Münire Gölpek,These ads ran without a disclaimer,≤100,1
100825558363310,uskudaradair,These ads ran without a disclaimer,≤100,1
237807500233123,Emrullah ÖNALAN,These ads ran without a disclaimer,≤100,1
104373561467884,Serhat Servet Dövenci,Serhat Servet Dövenci33,≤100,1
109948788099843,erzurumvizyon,These ads ran without a disclaimer,≤100,1
103597027708447,SuperPlanet Games,These ads ran without a disclaimer,≤100,2
106432755115928,ilgi.kurs,These ads ran without a disclaimer,≤100,1
104720632449919,Tbt Tarihte Bugün,Taha Gümüştaş,≤100,1
174806462881204,Medical News,These ads ran without a disclaimer,≤100,2
106614631788380,Kitco Mining,These ads ran without a disclaimer,≤100,1
154799638434443,Alper YAĞCI,Alper Yağcı,≤100,1
427667890724620,Tarkan Akıllı,Tarkan Akıllı,≤100,1
111992951623477,Bala Satılık Bahçeli Ev,Bala Satılık Bahçeli Ev,≤100,1
101715608808670,Judgment Day: Angel of God,These ads ran without a disclaimer,≤100,1
144858089034875,Kudos: Science needs Stories,These ads ran without a disclaimer,≤100,1
358808010976814,Fatih Çalışkan,Fatih Çalişkan,≤100,1
224597158386607,Rosa Luxemburg Foundation,These ads ran without a disclaimer,≤100,1
108785985354954,Jknewc,These ads ran without a disclaimer,≤100,1
502665456448329,Federico Barolin,These ads ran without a disclaimer,≤100,1
1482324468662542,Carine Lauber-artiste peintre,These ads ran without a disclaimer,≤100,1
105907805704159,odak.dergisi,These ads ran without a disclaimer,≤100,1