﻿Page ID,Page name,Disclaimer,Amount spent (ILS)
102668075081968,"Фонд премии ""Генезис""","Фонд премии ""Генезис""",488
360579527982726,מחאת הגלימות השחורות,מחאת הגלימות השחורות,353
197116387064211,משרד התרבות והספורט,משרד התרבות והספורט,164
428948830813584,"מגדילים - האתר הישראלי להתחדשות עירונית ונדל""ן","מגדילים - האתר הישראלי להתחדשות עירונית ונדל""ן",156
670447859788515,יניב דרי - מחוברים לתושב,Yaniv Derry,155
106021541456343,קארן טל - Karen Tal,קארן טל - Karen Tal,136
252249218636564,אג'יק أجيك Ajeec Nisped,אג'יק أجيك Ajeec Nisped,130
132107110817900,"מרכז הנדל""ן","מרכז הנדל""ן",122
174138752627879,עצומה,עצומה,119
204780362875106,מקור ראשון,מקור ראשון,118
104743111658191,Ron Ben Shushan,רון בן שושן,102
266097474067652,בני גנץ - Benny Gantz,מפלגת כחול לבן,≤100
107698738576280,Sowtna,Unik,≤100
207175656718749,אביהו האן לראשות עיריית חיפה,אביהו האן לראשות עיריית חיפה,≤100
57400032655,קבלה לעם,"בני ברוך קבלה לעם ע""ר",≤100
111523625527552,התנועה לאיכות השלטון,התנועה לאיכות השלטון,≤100
124395890927240,הקרן החדשה לישראל,הקרן החדשה לישראל,≤100
311608178901833,الجمعية الإسلامية لإغاثة الأيتام والمحتاجين,Amjd Hamdan,≤100
1546772755634761,עמותת  מִפרקים צעירים - Mifrakim Tzeirim association,עמותת מפרקים צעירים,≤100
1073548259341247,לובי 99,לובי 99,≤100
558702227875758,רוני רימון,רוני רימון,≤100
111919847028684,שומרים - המרכז לתקשורת ודמוקרטיה,שומרים - המרכז לתקשורת ודמוקרטיה,≤100
977353718949028,מיקי זוהר-  Micki Zohar,ח״כ מיקי זוהר  Micki Zohar,≤100
108037760571199,הקונגרס הישראלי,הקונגרס הישראלי,≤100
161648040544835,יצחק הרצוג - Isaac Herzog,יצחק הרצוג - Isaac Herzog,≤100
239989316604823,יואב קעטבי,יואב קעטבי,≤100
134252303927914,Майкл Мур - מייקל מור,Майкл Мур - מייקל מור,≤100
305986442906304,סלע מאיר הוצאה לאור,סלע מאיר דיגיטל,≤100
604890186681585,מור ויצמן,Mor Weitzman,≤100
100301088671913,Tal Hershkovitz,Tal Hershkovitz,≤100
158195257562237,מיכאל לייטמן,"בני ברוך קבלה לעם ע""ר",≤100
1822651321364643,121 - מנוע לשינוי חברתי,121 - מנוע לשינוי חברתי,≤100
108787681841168,רישיון נשק בקליק,Michael Michel Levi,≤100
129709433742187,Shalem College - המרכז האקדמי שלם,Shalem College - המרכז האקדמי שלם,≤100
356859544473040,קירות שקופים,רועי שפרניק,≤100
849824028408565,תנועת אם תרצו,תנועת אם תרצו,≤100
159416337497662,Nir Barkat - ניר ברקת,Nir Barkat - ניר ברקת,≤100
109523830757998,דמוקרטtv,דרכנו,≤100
534335679927121,מועצה אזורית עמק חפר,מועצה אזורית עמק חפר,≤100
1197610913585169,אורנה ברביבאי - Orna Barbivay,אורנה ברביבאי - Orna Barbivay,≤100
303720457847,לשכת רואי חשבון בישראל,לשכת רואי חשבון בישראל,≤100
1913755198907011,"המרכז הרפואי לטיפול בהשמנה - ד""ר רז",המרכז הרפואי לטיפול בהשמנה,≤100
676336439165235,קרן משפחת רודרמן: יחסי ישראל-יהדות ארצות הברית,קרן משפחת רודרמן: יחסי ישראל-יהדות ארצות הברית,≤100
107110828789769,רוני בריק,רוני בריק,≤100
1633801720194315,מועצה מקומית פרדס חנה כרכור,מועצה מקומית פרדס חנה כרכור,≤100
1389240321317188,דוד אבן צור - ראש עיריית קריית ים,דוד אבן צור - ראש עיריית קריית ים,≤100
1733408463408762,הגר פרי- יגור,הגר פרי יגור,≤100
155300937864628,המרכז להעצמת האזרח,המרכז להעצמת האזרח,≤100
103389029281460,תושבי קריית ביאליק - דף הקבוצה הרשמית,תושבי קריית ביאליק - דף הקבוצה הרשמית,≤100
337591096309750,Embassy of Ukraine in the State of Israel,Embassy of Ukraine in the State of Israel,≤100
1616620351898508,Адвокат Варша • Иммиграция • Рабочая виза в Израиле • Воссоединение семьи,"משרד עו""ד תומר ורשה",≤100
212508465430143,מען ארגון עובדים  معًا - نقابة عمالية MAAN Workers Association,WAC-MAAN,≤100
162089177185799,התאחדות התעשיינים בישראל,התאחדות התעשיינים בישראל,≤100
444832565529651,המכון הישראלי לדמוקרטיה,המכון הישראלי לדמוקרטיה,≤100
137449656335533,Amnesty International Israel,Amnesty International Israel,≤100
554308731366675,محامون من أجل إدارة سليمة - Lawyers for Good Governance,محامون من أجل إدارة سليمة - Lawyers for Good Governance,≤100
107570621520073,אמיר ווסקו לראשות העיר קריית ים,Amir Voskoboinik,≤100
767262423350854,פורום הדיור הציבורי,Danny Gigi,≤100
498445036891971,Tziki Avisar - ציקי אבישר,Tzvi Avisar,≤100
134896023193138,יוזמת ז'נבה,יוזמת ז'נבה,≤100
1484712825147171,Tomer Warsha Adv • Immigration to Israel • Aliya • Immigrants • Citizenship,"משרד עו""ד תומר ורשה",≤100
141721971504,Histadrut - ההסתדרות החדשה,Histadrut - ההסתדרות החדשה,≤100
104728241521436,האגודה לתרבות הדיור,האגודה לתרבות הדיור,≤100
1392138171047822,"ארגון נכי צה""ל","ארגון נכי צה""ל",≤100
240626859400146,Gilad Kariv - גלעד קריב,Gilad Kariv - גלעד קריב,≤100
1506163609667780,שקוף - גוף התקשורת של הציבור,שקוף,≤100
33942762466,Shalom Hartman Institute מכון שלום הרטמן,Shalom Hartman Institute - מכון שלום הרטמן,≤100
110897178941008,מרכז אדוה,מרכז אדוה,≤100
114630296604026,"Davar - Workers, Society and Economy in Israel",דבר העובדים בארץ ישראל,≤100
101189288896863,לבבי - דפיברילטור להצלת חיים מדום לב בבית,לבבי,≤100
179034435458425,פנאי העיר חדרה,פנאי העיר חדרה,≤100
2051373538305014,"קרן שח""ף","קרן שח""ף",≤100
110884521513269,עורכי דין לקידום מנהל תקין,עורכי דין לקידום מנהל תקין,≤100
401082636658821,איגוד ערים לאיכות הסביבה שרון - כרמל,איגוד ערים שרון כרמל,≤100
119925112062377,חדשות האנרגיה הירוקה,Eitan Parnass,≤100
128834187134576,Ahmad Tibi احمد طيبي,Ahmad Tibi احمد طيبي,≤100
126099790738165,אנימלס,אנימלס,≤100
172654247853282,Shenhav musanbar,Shenhav Musanbar,≤100
104015018553973,The Genesis Prize - פרס בראשית,Genesis Prize Foundation,≤100
109913515759452,Bokra Net بُــــكرا,Bokra Net بُــــكرا,≤100
250947744954005,התנועה הקיבוצית,התנועה הקיבוצית,≤100
104222621115858,הביטחוניסטים,הביטחוניסטים,≤100
162972883752327,התנועה לחופש המידע,התנועה לחופש המידע,≤100
340069009019,ice אייס,ice אייס,≤100
136803203078703,להב - לשכת ארגוני העצמאים והעסקים בישראל,Amit Winder,≤100
1000293466651925,מירב בן ארי - Merav Ben Ari,מירב בן ארי - Merav Ben Ari,≤100
655073717925481,קרן ברל כצנלסון,קרן ברל כצנלסון,≤100
501178966564217,פורום קהלת Kohelet Forum,פורום קהלת Kohelet Forum,≤100
304921469636475,סיכוי-אופוק سيكوي-أفق,עמותת סיכוי-אופוק,≤100
1662907067255622,איגוד הגז הטבעי,Unik,≤100
94258847306,האגודה לזכויות האזרח בישראל,האגודה לזכויות האזרח בישראל,≤100
171948013605622,יצחק מירון תנופה לעפולה,Tnufaleafula,≤100
103183301914371,כוח של אמא,Nataly Milner,≤100
100849682799685,לתינוק הקטן,Omri Saada,≤100
311316755621457,יוצאים לשינוי,Out for Change - יוצאים לשינוי,≤100
106136394376777,Idan Yakov,Rama Yarimi,≤100
122151567825903,ארגון בטרם לבטיחות ילדים,ארגון בטרם לבטיחות ילדים,≤100
1354359724719468,"הסתדרות המעו""ף","הסתדרות המעו""ף",≤100
2036461326389031,Nir A. Cohen,Nir A. Cohen,≤100
503274483198404,לינק Link 20 - התנועה לקידום צעירים עם מוגבלות,לינק Link 20 - התנועה לקידום צעירים עם מוגבלות,≤100
139922199493073,גבעת חביבה چڤعات حبيبة,גבעת חביבה چڤعات حبيبة,≤100
119995701391029,בית בן-גוריון בתל אביב,בית בן גוריון,≤100
1514952655390958,משרד תומר ורשה - עורכי דין • הגירה והסדרת מעמד • אשרות בישראל • זכויות אדם,"משרד עו""ד תומר ורשה",≤100
101600712771452,ענבל חרמוני,ענבל חרמוני,≤100
221429664638160,קדמה,קדמה,≤100
136456246407342,לשכת סוכני ביטוח,Tal Sanderoni,≤100
100364191595090,הדסה - המרכז הרפואי של סוכני הביטוח,בית חולים הדסה,≤100
101239494734728,מאבק קליניאיות התקשורת והמרפאות בעיסוק,האגודה הישראלית של קלינאי התקשורת,≤100
778931628812764,כוכב הצפון,כוכב הצפון,≤100
142062606449584,משה (קינלי) טור-פז Moshe Turpaz,קינלי טור-פז,≤100
111604720373428,הפורום הישראלי למשפט וחירות,הפורום הישראלי למשפט וחירות,≤100
507647555954176,Boaz Toporovsky - בועז טופורובסקי,yesh atid,≤100
1828669360700280,דרך שירה בנקי - shira banki's way,Shira Banki's way,≤100
101061255238691,Oren Cohen - Prime Real Estate,These ads ran without a disclaimer,≤100
154698021323966,יוזמות אברהם  مبادرات  ابراهيم,יוזמות אברהם مبادرات ابراهيم,≤100
114869678131807,משמר החינוך הממלכתי,משמר החינוך,≤100
113170630527663,הלוואות בריבית שפויה,These ads ran without a disclaimer,≤100
994811120638154,כרם נבות كرم نابوت,כרם נבות كرم نابوت,≤100
103851895179872,אמהות לביאות,Nataly Milner,≤100
1230703323658792,מרכזים לצדק חברתי,מרכזים לצדק חברתי,≤100
178433145502975,Avigdor Liberman - אביגדור ליברמן,ישראל ביתנו,≤100
108433902545902,Geneva Initiative,יוזמת ז'נבה,≤100
273512049367435,האגודה למען הלהטב בישראל,האגודה למען הלהטב בישראל,≤100
102865851897315,ארגון חברות הניקיון בישראל,ארגון חברות הניקיון בישראל,≤100
403470203161681,"קרן רש""י - Rashi Foundation","קרן רש""י לצמצום פערים חברתיים",≤100
1073460539346074,אלון שוסטר - Alon Schuster,מפלגת כחול לבן,≤100
452342168247343,יוחנן פלסנר - Yohanan Plesner,המכון הישראלי לדמוקרטיה,≤100
2380394765367859,זהר טל  Zohar Tal,Zohar Tal,≤100
197861515565,שתיל - شتيل - Shatil,שתיל - Shatil,≤100
189208555041327,המיזם למיגור העישון,המיזם למיגור העישון בישראל,≤100
119373658139954,Friedrich-Ebert-Stiftung Israel,Friedrich Ebert Stiftung Israel,≤100
248788905529463,Детали / новости Израиля,Детали / новости Израиля,≤100
666263786873603,Kerem Navot - Naboth’s Vineyard,Kerem Navot - Naboth’s Vineyard,≤100
877405719007268,מכון ארגמן ללימודים שמרניים,מכון ארגמן,≤100
189543984502825,משה קונינסקי,משה קונינסקי,≤100
1610936952457264,המכללה לפיננסים וביטוח,Tal Sanderoni,≤100
27379374053,איתן גינזבורג - Eitan Ginzburg,מפלגת כחול לבן,≤100
450583275090800,אלי כהן - Eli Cohen,Eli Cohen,≤100
471173436243263,جمعية حقوق المواطن في اسرائيل,جمعية حقوق المواطن في اسرائيل,≤100
108871831952328,רוח מערבית,רוח מערבית,≤100
591336644556900,יגאל וינברגר - Igal Winbereger,יגאל וינברגר - Igal Winbereger,≤100
261316053980744,בת מלך Bat Melech,בת מלך Bat Melech,≤100
227073477334754,אופיר שפיגל - יחסי ציבור,אופיר שפיגל תקשורת וקשרי ממשל,≤100
147314178787332,אלי יריב - Eli Yariv,אלי יריב,≤100
279345532129864,ההסתדרות הציונית העולמית,ההסתדרות הציונית העולמית,≤100
104984005680662,משמר הראיסים,משמר הראיסים מאת דוד סוויסה,≤100
2210038662656898,איגוד התאגידים העירוניים ברשויות המקומיות,Jonathan Holt,≤100
489585357777964,"המאירי - עורכי דין ונוטריון - משרד הביטחון נכי צה""ל","המאירי - עורכי דין ונוטריון - משרד הביטחון נכי צה""ל",≤100
1619338854980208,יוסי דגן,המועצה האיזורית שומרון,≤100
114183292001372,Gisha LCFM,Gisha - Legal Center for Freedom of Movement,≤100
100319168743581,אקולוגז - Ecologz,קומפוסט אור,≤100
972821252763164,צילית יעקבסון - בת מלך,צילית יעקבסון,≤100
370270343005611,ישראל ביתנו,ישראל ביתנו,≤100
110821828384455,Golobev Albert,Waleed Kablan,≤100
425125127838975,צריך עיון,iyun,≤100
102983604572708,איטל בציר אלשיך Ital Batzir Alsheh - חברת מועצת העיר רחובות,איטל בציר אלשיך,≤100
106801758928583,המזרח התיכון - סיקור כלי התקשורת במדינות ערב,Danel Salim,≤100
1443071125939789,שיחה מקומית,שיחה מקומית,≤100
335399036546914,ישראל כ״ץ - Israel Katz,Felicia Fygel Mualem,≤100
111177802287614,Begin Center | מרכז מורשת מנחם בגין,Begin Center | מרכז מורשת מנחם בגין,≤100
468634849844348,עיריית אור יהודה,עיריית אור יהודה,≤100
1804437023107196,לשכת שמאי מקרקעין בישראל - הדף הרשמי,לשכת שמאי המקרקעין,≤100
501512673192146,Авигдор Либерман,ישראל ביתנו,≤100
698427173532872,חופות - מבית השגחה פרטית,חופות,≤100
529447160443258,ארגון הקבלנים והבונים,Tal Sanderoni,≤100
431849840963789,מירב דין - חברת מועצה תל מונד,מירב דין - חברת מועצה תל מונד,≤100
155237077282,מגמה ירוקה - Green Course,מגמה ירוקה - Green Course,≤100
106836891775374,אסנת ספורטה - Osnat Saporta,אסנת ספורטה - Osnat Saporta,≤100
198271533676930,תנועת הפדרציה  حركة الاتحاد,Emanuel Shahaf,≤100
1837055639885020,אביטל רבינוביץ' - עורכת דין מגשרת ונוטריונית,פסקדין,≤100
113588643412367,זהות - החיפוש אחר עתיד טוב יותר לישראל,Emanuel Shahaf,≤100
2034661640147343,Assaf peretz - אסף פרץ - ייצוג אישי,Assaf Peretz,≤100
262971517924117,מאיר אברז'ל חבר מועצת העיר אשדוד,Meir Abergel,≤100
153028785566305,Parents Against Child Detention הורים נגד מעצרי ילדים,Parents Against Child Detention הורים נגד מעצרי ילדים,≤100
100978407934166,תנועה ישראלית,Israeli Movement,≤100
334640329998323,בני ביטון,בני ביטון,≤100
103105742291121,ארנון בר-דוד  יו״ר ההסתדרות הכללית החדשה,עוגנים,≤100
101214035878449,Elia’s ebooks,These ads ran without a disclaimer,≤100
2087629251480875,רונן מרלי - Ronen Marelly,רונן מרלי - Ronen Marelly,≤100