﻿Page ID,Page name,Disclaimer,Amount spent (USD),Number of ads in Library
823788047675556,Call of War,These ads ran without a disclaimer,≤100,2
423670114403144,Trending in China,These ads ran without a disclaimer,≤100,1
520043348202458,Marianne Ngouala,These ads ran without a disclaimer,≤100,1
157438094324143,The Nature Conservancy in Africa,These ads ran without a disclaimer,≤100,2
371171589575669,China.org.cn,These ads ran without a disclaimer,≤100,1
1220664628029647,Vets United programme,These ads ran without a disclaimer,≤100,1
108895332108613,iam_kayafa,These ads ran without a disclaimer,≤100,1
393412505386,Offshore Technology Conference (OTC),These ads ran without a disclaimer,≤100,1
170951426275318,CBM Christian Blind Mission,These ads ran without a disclaimer,≤100,1
725505594135727,Adventure Escape,These ads ran without a disclaimer,≤100,1
101054365776547,Charming Changzhou,These ads ran without a disclaimer,≤100,1
102244566076628,Wine & Love - 酒与爱,These ads ran without a disclaimer,≤100,1
148543868418,STEYR Traktoren,These ads ran without a disclaimer,≤100,1
112757083778788,"Economic Daily, China",These ads ran without a disclaimer,≤100,1
120444487996350,Banque mondiale Région Afrique,These ads ran without a disclaimer,≤100,1
102217977859164,LIME,These ads ran without a disclaimer,≤100,1
107959791111891,N'ippy,These ads ran without a disclaimer,≤100,1
222308671116355,International Higher Education Teaching and Learning Association,These ads ran without a disclaimer,≤100,1
200480966638039,Supremacy 1914,These ads ran without a disclaimer,≤100,1
117645434555342,Majio Dut Com,These ads ran without a disclaimer,≤100,1
285530825204,Klitschko,These ads ran without a disclaimer,≤100,5
110101250846794,Beyonsse Kouakep Officiel,These ads ran without a disclaimer,≤100,1
93215829929,International Surfing Association,These ads ran without a disclaimer,≤100,1