﻿Page ID,Page name,Disclaimer,Amount spent (EUR)
146955527905,EU Civil Protection & Humanitarian Aid,These ads ran without a disclaimer,130
176105152520900,Carrefour,Carrefour,≤100
81753537108,TotalEnergies,TotalEnergies,≤100
39435457457,Greenpeace France,Greenpeace France,≤100
101913792744033,Ma maison pour l’hiver,Ma maison pour l’hiver,≤100
271026783614,Fondation ARC pour la recherche sur le cancer,Fondation ARC pour la recherche sur le cancer,≤100
14053295787,Oxfam France,Oxfam France,≤100
278422012257681,Le Pacte,Le Pacte,≤100
335868279790722,CIWF France,CIWF France,≤100
112547358788607,CCFD-Terre Solidaire,CCFD-Terre Solidaire,≤100
152835304742765,Les Petits Frères des Pauvres,Les Petits Frères des Pauvres,≤100
384955301529344,Institut du Cerveau - Paris Brain Institute,Institut du Cerveau - Paris Brain Institute,≤100
116070051527,Mediapart,Mediapart,≤100
178362315106,European Parliament,European Parliament,≤100
294181157359388,Office national des forêts,Office National des Forêts,≤100
100707905881,Plan International France,Plan International France,≤100
190767987677923,Institut Curie,Institut Curie,≤100
840901192703231,Groupe Identité et Démocratie - France,Groupe Identité et Démocratie - France,≤100
129740893750695,Sexosafe.fr,Santé Publique France,≤100
106381872217159,Alexandre Sabatou,Alexandre Fabien Julien Sabatou,≤100
108961334029224,Ekō en français,Ekō,≤100
417997281579542,OnSexprime.fr,Santé Publique France,≤100
1598764970362891,Jordan Bardella,Jordan Bardella,≤100
194934737335658,foodwatch France,foodwatch France,≤100
154912951193067,Médecins Sans Frontières / MSF,Médecins Sans Frontières,≤100
79566127213,Challenges,Challenges.fr,≤100
9025047571,Amnesty International France,Amnesty International France,≤100
625616024204368,DIGNITE international,Dignite International,≤100
114676815236667,AIDES,AIDES,≤100
155317537884626,Ordre de Malte France,Ordre de Malte France,≤100
506293686069420,Société Française d'Accompagnement et de Soins Palliatifs - SFAP,SFAP,≤100
1030528233746321,Le mouvement,le mouvement,≤100
457316367752668,Info'Com-CGT,Info'Com-CGT,≤100
162383987105585,Association Valentin Haüy - AVH,Association Valentin Haüy - AVH,≤100
584967921838392,Veolia,Veolia Environnement SA,≤100
174152456808,Welfarm,Welfarm,≤100
105845282386135,Ecole 1881,Ecole 1881,≤100
128938130499216,Fepem - Fédération des particuliers employeurs de France,FEPEM,≤100
100255681599847,Veolia France,Veolia,≤100
108983128476286,Afpcnt Prévention des Catastrophes Naturelles et Technologiques,Association Française pour la prévention des catastrophes naturelles et technologiques,≤100
237822849665127,Handi'Chiens,Handi'Chiens,≤100
147126052393,Libération,Libération,≤100
383882575328659,GRTgaz,GRTgaz,≤100
106554597767346,UNHCR France,UNHCR France,≤100
115640363205428,Mathilde Androuët,Mathilde Androuët,≤100
107808105469097,La Dianétique - France,Digitalis,≤100
123875660969932,ENGIE,ENGIE,≤100
301330928866,IVG : vous hésitez ? Venez en parler !,SOS détresse,≤100
1684441541609223,Pour l'Éco,Pour l'Éco,≤100
278641698813937,Fondation Raoul Follereau,Fondation Raoul Follereau,≤100
100140410085507,350 France,350 France,≤100
256197435586,Handicap International - Humanity & Inclusion,Handicap International,≤100
229366650431028,BICE - Bureau International Catholique de l'Enfance,BICE - Bureau International Catholique de l'Enfance,≤100
137102989708866,Fondation Jérôme Lejeune,Fondation Jérôme Lejeune,≤100
364959206939410,ACAT France,ACAT France,≤100
109686207314440,Helios,Helios,≤100
123462977715125,Terre de Liens,Terre de Liens,≤100
698784793476571,Jean-Philippe Tanguy,Jean-Philippe Tanguy,≤100
314443337102,GRDF,GRDF,≤100
241694996718264,NF Habitat,Cerqual,≤100
54779960819,United Nations,United Nations with Facebook Ad Credits,≤100
1466667490217580,Arp Sélection,ARP Sélection,≤100
124821480532,Max Havelaar France,Max Havelaar France,≤100
1150185098382760,Fraternité générale,Fraternité générale,≤100
194205247377292,Société de Saint Vincent de Paul - National,Société de Saint Vincent de Paul - National,≤100
382775905162847,Unlock France,Agir pour le climat,≤100
164585262346234,La santé au féminin,La santé au féminin,≤100
364936960317601,Mondafrique,Nicolas Beau,≤100
103804191671034,Tilt,"Tilt, une initiative de l'AFD",≤100
427845700674897,Nour Films,Patrick Sibourd,≤100
104793797773009,WhatMatters Officiel,These ads ran without a disclaimer,≤100
48643220735,PLANETE URGENCE,Planète Urgence,≤100
154763104543358,Vision du Monde,Vision du Monde,≤100
1415350452093573,ONU Femmes France,ONU Femmes France,≤100
1410895092518424,The Jokers,The Jokers,≤100
1682924348618893,Ekwateur,ekWateur,≤100
305982272814433,Jean Paul Garraud,Jean Paul Garraud,≤100
2424950557563209,makesense,makesense,≤100
328157150830,Fondation Perce-Neige,Fondation Perce-Neige,≤100
279757933824,Parlement européen en France,Parlement européen en France,≤100
56772259896,Radio Notre Dame,Radio Notre Dame,≤100
176663393102,La Cimade,La Cimade,≤100
475475545864761,Curieux,Curieux,≤100
849381381745983,SOS Chrétiens d'Orient,These ads ran without a disclaimer,≤100
100405989281079,Caisse de solidarité,Caisse de solidarité,≤100
122037308191612,Make.org,Make.org,≤100
754644594590474,Soulager mais pas tuer,Soulager Mais Pas Tuer,≤100
107741745508015,Éric Minardi,Eric Minardi,≤100
103271587984683,Buergerfondscitoyen,Make.org,≤100
101746152425447,L'armée française Notre honneur et Fierté,These ads ran without a disclaimer,≤100
105021385398175,Les actualités d'aujourd'hui en France,These ads ran without a disclaimer,≤100
321102471315265,Elues Locales,Elueslocales.fr,≤100
187348407967116,Asmae - Association Soeur Emmanuelle,Asmae - Association Soeur Emmanuelle,≤100
144435342299306,La Méridionale,La Méridionale,≤100
613457022055485,Dimitri FARRO 2020 2026 Mallemort,Dimitri Jean Louis Farro-usclat,≤100
544425445579374,L'Œuvre d'Orient,L'Œuvre d'Orient,≤100
123674940994027,Revue Esprit,Revue Esprit,≤100
721882314614976,Particulier Emploi,FEPEM,≤100
750626651617396,Ikambere,Ikambere,≤100
839832142857967,Grand Fermage,Eurial (Grand Fermage),≤100
109914485381072,MANA - 68 millions d’arbres pour le climat,Stéphanie Le Grand,≤100
100271488440946,Tandem,TANDEM FILMS,≤100
256197435586,Handicap International - Humanity & Inclusion,Handicap International - Humanity & Inclusion,≤100
169065407139584,Tilt,European Greens,≤100
1536553206605391,Jean-Lin Lacapelle,Jean-Lin Lacapelle,≤100
105973188871697,CGAD TV,Gilles Villayes,≤100
114015134286640,La Petite République,La Petite République,≤100
100195759547382,Mobilisez-vous,Mobilisez-vous,≤100
403007780216717,En immersion,O tempora,≤100
110135545683962,Dulac Distribution,Dulac Distribution,≤100
117709028343322,Association pour le Droit de Mourir dans la Dignité - ADMD,Association pour le Droit de Mourir dans la Dignité - ADMD,≤100
147217678703876,Jour2Fête,Jour2Fête,≤100
395919323779707,CRIF,CRIF,≤100
208868999155447,UNADEV - Union Nationale des Aveugles et Déficients Visuels,Union Nationale des Aveugles et Déficients Visuels,≤100
331048394433544,En Vrai Auvergne,These ads ran without a disclaimer,≤100
1643393112549158,JHR Films,JHR FILMS,≤100
103952218063028,Génération Frexit,Génération Frexit,≤100
105391268907831,Thibaut François,Thibaut François,≤100
537454289776874,USR Franța,Partidul Uniunea Salvati Romania,≤100
100987129201279,Stand With Ukraine - Les Européens aux côtés de l'Ukraine,Stand With Ukraine,≤100
120292721389667,Philippe Vardon,Philippe Vardon,≤100
1443310345902907,Coming Out,Luckytime,≤100
108978782101086,Atelier Mériguet-Carrère,These ads ran without a disclaimer,≤100
1165729723477945,Moniwan,Moniwan,≤100
106905277331650,Actu-Juridique.fr,Actu-Juridique.fr,≤100
104938145646106,ASLA - Soutien aux lanceurs d'alerte,ASLA - Soutien aux lanceurs d'alerte,≤100
322525974467262,EFFICYCLE,EFFICYCLE,≤100
113205478695478,Bleu-Blanc-Coeur,Bleu-Blanc-Coeur,≤100
475614645800988,Pour une santé solidaire – Solimut Mutuelle de France,Solimut Mutuelle de France,≤100
139957696020854,PYRAMIDE DISTRIBUTION,PYRAMIDE DISTRIBUTION,≤100
197118360320055,ONE France,ONE Fr,≤100
166182630094862,Les Jeunes Européens - Strasbourg,Les Jeunes Européens - Strasbourg,≤100
112727130288676,Linksgarden,G2 EDITION,≤100
196305677194732,Bastide Niel,Bastide Niel,≤100
114001785283146,botanic®,These ads ran without a disclaimer,≤100
100690358372357,Patrice Bessac,Patrice Bessac,≤100
489492277865574,SDI Syndicat des Indépendants et des TPE,SDI Syndicat des Indépendants et des TPE,≤100
1555658471149141,Afrikili.tv votre chaine d'opinions,Esperance Kodia Ngassaki,≤100
111262573859580,"ChrisAtis / poète, auteur, mélodiste",Philippe Christophe-tomatis,≤100
108543658680802,Le mouvement Être-là,Être-là,≤100
538068556368664,Parti animaliste,Parti animaliste,≤100
543966612290222,AJC Paris,AJC Paris,≤100
876923129144814,Pollers,Pollers,≤100
2666453953382832,Projet Biocarburant TH2,Projet TH2,≤100
140431706089748,Université Catholique de Lille,Université Catholique de Lille,≤100
736331283128808,Alchimistes Films,Les Alchimistes,≤100
164743920229688,AELO - Association Nationale des Elus Locaux d'Opposition,AELO - Association des Élus Locaux d'Opposition,≤100
121693529673,Socialter,Socialter,≤100
100133621960870,NOUS. Notre maison brûle et nous regardons ailleurs,Patrick Céléstin Lévêque,≤100
305260146234994,Geres,Geres,≤100
827350470776537,Terradémos: Think Tank pour la rénovation de la démocratie.,Thierry Paul Valette,≤100
138301850146155,AOC,AOC,≤100
179279165463695,Institut Catholique de Paris,Institut Catholique de Paris,≤100
747587115323097,Welcome to the Jungle France,Welcome to the Jungle,≤100
104946991803907,La France Libre et Courageuse,Vincent Carmelo Salvadorini,≤100
376460652377147,Énergie Partagée,Énergie Partagée,≤100
763722197034246,En Développement,These ads ran without a disclaimer,≤100
110223380476268,Génération Sans Tabac,Comité National Contre le Tabagisme,≤100
101428635810097,Nayestane,Dominique Michele Thomas Dupuy,≤100
244309777833,UCO Angers,Université Catholique de l'Ouest,≤100
102116704982175,Tourisme La Teste de Buch,These ads ran without a disclaimer,≤100
123195214280,UGAP la centrale d'achat public,Alexandre Loos,≤100
104893312129945,Histoire Itinérante,Arnaud Jacques Pierre Breton,≤100
557139521084091,ICT Institut Catholique de Toulouse,Université Catholique de Toulouse,≤100
119606718113453,Lagazette.fr,Infopro Digital,≤100
1382701505100571,Explore Science,These ads ran without a disclaimer,≤100
487095964809182,AFCAE,LUCKYTIME,≤100
100688126716162,Ville de Montreuil,Ville de Montreuil,≤100
101106058167117,Green Management School,MediaSchool Group,≤100
980425172027355,Le Journal de la Corse,Le Journal De la Corse,≤100
1808414139376756,Dis-leur,Olivier Paul Marc Schlama,≤100
155438574470276,DW українською,These ads ran without a disclaimer,≤100
495206757286894,Laudato Si Movement,These ads ran without a disclaimer,≤100
1196196390526965,Facebook Surveys,These ads ran without a disclaimer,≤100
794490553914304,Dr. Nina Ansary,These ads ran without a disclaimer,≤100
730128206999668,Miel de Botton,These ads ran without a disclaimer,≤100
643647332320553,Orient - أورينت,These ads ran without a disclaimer,≤100
100340357979334,Break,These ads ran without a disclaimer,≤100