﻿Page ID,Page name,Disclaimer,Amount spent (USD),Number of ads in Library
1885114401706195,Dr. Matthew Opoku Prempeh,Dr. Matthew Opoku Prempeh,≤100,3
519608978084713,Ghana Education Trust Fund,Ghana Education Trust Fund (GETFund),≤100,2
260928220666861,Dr. Mahamudu Bawumia,Dr. Mahamudu Bawumia,≤100,1
102835561511292,Hajia Lariba Abudu,Awal Mohammed Muktar,≤100,3
413226329081847,Joojo Rocky Obeng,Abc News GH,≤100,2
1579516899042916,Youth Leadership Parliament,Youth Leadership Parliament,≤100,1
102179325363565,Samuel A. Jinapor,Samuel Abdulai Jinapor,≤100,1
153599544688611,Alan John Kwadwo Kyerematen,Alan John Kwadwo Kyerematen,≤100,1
114186743283123,Australia Express,These ads ran without a disclaimer,≤100,1
102078558037597,Black Kings,These ads ran without a disclaimer,≤100,1
556475357727793,World Organisation for Animal Health,These ads ran without a disclaimer,≤100,1
1548871702035547,Університет імені Альфреда Нобеля,These ads ran without a disclaimer,≤100,1
100142349388855,wispamusic,These ads ran without a disclaimer,≤100,1
108148958352704,Travelers Spot,These ads ran without a disclaimer,≤100,2
112586460435003,Dj Mac-KYSFM,These ads ran without a disclaimer,≤100,1
349837788460874,CRI Kiswahili,These ads ran without a disclaimer,≤100,1
130465418685,GISMA Business School,These ads ran without a disclaimer,≤100,1
113891387104461,IWC Industrial Water Cooling,These ads ran without a disclaimer,≤100,1
31292782350,Deutschland.de,These ads ran without a disclaimer,≤100,1