﻿Page ID,Page name,Disclaimer,Amount spent (USD)
115610190354167,Maguette Sène Officiel,Maguette Sène Officiel,≤100
1707536856204544,Hamidou Thiaw,Hamidou Thiaw,≤100
105708120879544,Déthié FALL Officiel,Djibril Beye,≤100
1825891547645564,Kpenou Luke,These ads ran without a disclaimer,≤100
635754339866216,Ministère de l'Eau et de l'Assainissement,Ministère de l'Eau et de l'Assainissement,≤100
192518364107436,Exness,These ads ran without a disclaimer,≤100
113483208331844,Mouvement And Defar Sénégal/A.D.S,These ads ran without a disclaimer,≤100
289397611132,Working Ranch Magazine,These ads ran without a disclaimer,≤100
769095856453652,Axel Arigato,These ads ran without a disclaimer,≤100
100994765608411,INN WORD Revival Now,These ads ran without a disclaimer,≤100