﻿Page ID,Page name,Disclaimer,Amount spent (PEN)
109019574560600,Aula Gaceta,Gaceta Consultores S.A.,≤100
142062936237878,Goberna,Goberna,≤100
264223880347121,Lampadia Oficial,LAMPADIA,≤100
462790453744032,Sutep,Sindicato Unitario de Trabajadores en la Educación del Perú - SUTEP,≤100
1455305078044085,LUCHO DE LA MATA,LUCHO DE LA MATA,≤100
104658568146925,Sindicato Nacional Unificado De Trabajadores De Derrama Magisterial,Sindicato Nacional Unificado De Trabajadores De Derrama Magisterial,≤100
102821341221925,CIED PERU Online,These ads ran without a disclaimer,≤100
101654865961217,Juan Huamán,These ads ran without a disclaimer,≤100
104723341438240,EnRumbo Noticias,EnRumbo Noticias,≤100
628209643940262,WE Educación Ejecutiva,These ads ran without a disclaimer,≤100
101981652542206,ChinaPolo.pe Noticias,ChinaPolo.pe Noticias,≤100
576975992378878,Politicos Voluntarios DEL PERU,These ads ran without a disclaimer,≤100
125508350804506,Universidad Continental Posgrado,These ads ran without a disclaimer,≤100