﻿Page ID,Page name,Disclaimer,Amount spent (INR)
1521106071438318,CMO Chhattisgarh,Clarion IT,8307
103370585969591,Baghel ka Bharosa,Baghel Ka Bharosa,5011
189271178483352,Five Lotus Indo German,Five Lotus Indo German,3517
21169267101,Give,Give,650
1521106071438318,CMO Chhattisgarh,Angle Advertising,601
404746486258732,Project Nanhi Kali,Project Nanhi Kali,580
1024007404282776,The Aarambh School,Sangyaa PR Consultants,480
107395897271506,Kutumb,Swatantra Verma,429
104516512296314,Kartikeya Sharma,Adv Tech,391
104529648873493,Ashok sinha,Ankit Sood,362
873749909487724,Baleshwar Sahu,Arshad Ansari,273
641831775937425,Shrichand Sundrani,Ankit Sood,262
326102339565,Oxfam India,Oxfam India,235
172182742974160,Chunni Lal Sahu,Chunni Lal Sahu,205
1987488401557504,Mahathugbandhan - महाठगबंधन,Mahathugbandhan - महाठगबंधन,188
104052753400618,Union Bank of India,Goldmine Advertising Limited,186
106094071444155,Jayant Baghel,Jayant Kumar Baghel,173
327435757385465,Jaisingh Agrawal,Jaisingh Agrawal,172
249118638631429,Dinesh sundrani,Ankit Sood,154
102218576103904,Badlaav ki Aandhi Priyanka Gandhi,Badlaav Ki Aandhi Priyanka Gandhi,151
101882222829754,Sangeeta Sinha,Raghvendra Singh,145
419951198412877,Shri Sankalp Hospital,Sangyaa PR,139
1467293200052637,Geetika Saigal,These ads ran without a disclaimer,124
1521106071438318,CMO Chhattisgarh,IVS Corporation,122
109707661884154,Indian Compass,theindiancompass.com,116
612242939232599,Poliarc Media,Vijender Singh,103
174283119250672,Save the Children India,Bal Raksha Bharat,≤100
108861325372008,Bharat Bhagya Vidhata,BharatBhagyaVidhata,≤100
285029500623,CARE India,CARE India,≤100
114814137885012,हमर भैया शिव डहरिया,हमर भैया शिव डहरिया,≤100
105354058906524,Bjp Shekhar Sharma,Shekhar Sharma,≤100
574079826086251,Phir Ek Baar Modi Sarkar,phirekbaarmodisarkar.com,≤100
100303315756822,JanSamarth,JanSamarth,≤100
359726167827402,Bhuneshwar Singh Baghel,Bhuneshwar Singh Baghel,≤100
165714096933078,Piyush Goyal,Piyush Goyal,≤100
2610079412396734,Amaresh Rai,Amaresh Kumar Rai,≤100
103782051383159,School of Politics,School of Politics,≤100
411129449009589,K.C. Venugopal,K.C.Venugopal,≤100
1327351450720146,Pradhan Mantri Bhartiya Janaushadhi Pariyojana,Pharmaceuticals & Medical Devices Bureau of India,≤100
100328978216424,"Fight Pollution, Not Plastics",Nitesh Singh,≤100
270666596375251,Jhatkaa.org,Jhatkaa.org,≤100
1549125462051884,BQPrime,Bloomberg Quint,≤100
104608420351410,Puspendra Chandrakar,Pushpendra Kumar Chandrakar,≤100
112475780481777,Bahadur Singh Chouhan,Manoj,≤100
1785302198354679,Dr. Somendra Tomar,Somendra Singh,≤100
132480390432415,Jindal Stainless Solutions,Chariot Media,≤100
210251616112761,India Development Review,India Development Review,≤100
184278081698180,Ashok Gehlot,Ashok Gehlot,≤100
1954072204870360,NEWJ,Anant Bhardwaj,≤100
667862236707254,Rohit Kumar Singh,Arshad Ansari,≤100
116925101740350,Prem Sagar Patel,Karamveer Patel,≤100
108531050841926,Shanu Yadav,Shanu Yadav,≤100
30290552843,Greenpeace India,Greenpeace India Society,≤100
113073133805731,Desh Ki Baat Foundation,Krishna Kumar Yadav,≤100
587008988138630,Dinesh Desai,Pixatronix,≤100
139020712818344,Ajay Chandrakar,Ajay Chandrakar,≤100
102447714973094,Yusuf Salahuddin,Yusuf Salahuddin,≤100
148931718592314,Tarun Chugh,Adv Tech,≤100
263560423714979,Dr. Mahesh Sharma,Subham Singh,≤100
110115671863420,Kacche Din,Kacche Din,≤100
30290552843,Greenpeace India,Greenpeace Environment Trust,≤100
153368994747431,PepsiCo India,PepsiCo India,≤100
112709838355954,Prachar99,Prachar99,≤100
629977310955589,Krishna Sharma,Ankit Sood,≤100
100735178208398,Udyami India,Samadhan Samiti,≤100
105234459127980,Women Climate Collective,Women Climate Collective,≤100
100935642733964,Hindi Khabar Digital,The Narrative Builders,≤100
218519749005654,Dr. Rakesh Singh Jadon,Rakesh Singh Jadon,≤100
214770068669087,Bluesky Communications,Rahul Kumar,≤100
384000501947350,Devendra Yadav,Think First,≤100
109735351891742,Apex India service,Ajay Tiwari,≤100
268437163351102,Saurabh Srivastava,Saurabh Srivastava,≤100
110540565228341,Ganguly H Kurabathalli,Ganguly H Kurubathalli,≤100
101418911733760,Om Enterprises,OM Enterprises,≤100
708844685796745,OP Choudhary,OP Choudhary,≤100
605390272841833,Shrirang Appa Barne,Abhay Balu Ahire,≤100
577856385582447,Raghu Sharma,Kanishk Bansal,≤100
105671775473178,Jan Suraaj,Jan Suraaj,≤100
241940555912671,Chandigarh University,Chandigarh University,≤100
114331084875398,Arjun Passi,Aksh Bhargava,≤100
122131984855152,Dr. Debraj Shome,Dr. Debraj Shome,≤100
102123079337554,International Society for Krishna Consciousness,ISKCON Delhi,≤100
667560657014524,Mahendra Singh Solanki,Nitesh Tiwari,≤100
260452011000438,Vinod Tiwari,Vinod Tiwari,≤100
339835596096353,Satish Poonia,Choudhary Ramesh Chaudhary,≤100
295405070641302,Balraj Kundu,Pankaj Sharma,≤100
108015368279979,Solh Wellness,Omlogic consulting pvt. ltd.,≤100
118227367824577,Garuda Aerospace Pvt Ltd,Garuda Aerospace Pvt Ltd,≤100
385658441549334,Deepak Bhati Chotiwala,Dipak Bhati,≤100
106280825481824,Kundan Pandey,Deepak Vishwkarma,≤100
102877832073142,Evolute Cleantech Solutions,These ads ran without a disclaimer,≤100
1783001841927248,Nutan Odisha,Niti Pollsters Private Limited,≤100
281641215591074,Indian Bank,Goldmine Advertising Limited,≤100
1932900346831325,Rajesh D Sanghvi,Rajesh Dineshchandra Sanghvi,≤100
756444751061088,Chandrashekhar,Dhananjay Awasthi,≤100
100196004828444,North Eastern Council,Sourabh Arvind Dubey,≤100
746568209028564,Dr. Basu Eye Hospital,Dr. Basu Eye Hospital,≤100
116383754696955,Antardhwani - The Inner Voice,Antardhwani,≤100
150727778825020,Mobius Foundation,Mobius Foundation,≤100
109916533853207,AMIT KUMAR SINGH,Akash Singh,≤100
155418314920954,Orchid HRD Trainings भाषणकला व राजकीय नेतृत्व कौशल्य प्रशिक्षण,Ganesh Subhashrao Lomte,≤100
201297423396745,Rajendra Agarwal,Ishan Agarwal,≤100
474751009223949,Jaipur Literature Festival,Teamwork Arts Private Limited,≤100
108209555020383,B somashekar,RMT,≤100
2108726996065900,Bhawani Singh Rundal,Pawan Kumar Sharma,≤100
102597425311635,Surya Pratap Singh,Surya Pratap Singh,≤100
1493467387573959,Ghulam Nabi Azad,Advertiseyouonline,≤100
343572442966056,Dr Vivek Singh,Adv Tech,≤100
994578073995343,B. L. Verma,Sourabh Arvind Dubey,≤100
111127021583375,Jannapureddy Surender Reddy,Jannapureddy Surender Reddy,≤100
1919641618278971,Sachin Chaudhary,Satish Kumar,≤100
1382300511994686,Bhupendra Singh,Entertainment Chacha,≤100
1675237799375590,Chandra Mohan Patowary,Jitendra Newatia,≤100
103719915895025,Shri hari finance,Vikas Kumar,≤100
101538858448134,The Summer News,The Summer News,≤100
132689140088396,smilefoundation,Smile Foundation,≤100
195167817324812,Pawan Khera,Indian National Congress,≤100
243524299157863,Pushkar Singh Dhami,Pushkar Singh Dhami,≤100
1669600686398747,Jignesh Mevani,PrometheanTech,≤100
112395020284536,Inquilab India,Inquilab India,≤100
104897397548712,YV Care,These ads ran without a disclaimer,≤100
100204332997540,5 Star Meghalaya,Design Boxed,≤100
113251223688490,Ashish Kumar Chhabra,Vivek Kumar Singh,≤100
189279028569667,K P Tripathi,Krishne Pati Tripathi,≤100
104311631954217,Pharma Simplified,Dawa Charcha,≤100
323722234707338,Chief Minister Fellowship Program Maharashtra,Chief Minister of Maharashtra,≤100
107183428120144,Dr C Saraswathi,Dr. C. Saraswathi,≤100
140624336584770,Yogender Pal Singh Champawat,Akash Singh,≤100
462043324253349,Ellipstore,These ads ran without a disclaimer,≤100
112326528253527,Apex Online Solution,Ajay Tiwari,≤100
145235542494307,Vivek Thakur,Vivek Thakur,≤100
108638702066665,Deepak Ajeet Khatri,Deepak Khatri,≤100
100236283005200,Perika Suresh,Vijay Kumar Tapadia,≤100
1631196377103183,Sleepwell Foundation,Sleepwell Foundation,≤100
317042561720861,Sunil Deodhar,Sunil Deodhar,≤100
547446695324625,Vijay Laxmi Gautam,Madan Mohan Tiwari,≤100
109937650579639,discovery+,These ads ran without a disclaimer,≤100
712091332135894,Outlook Traveller,These ads ran without a disclaimer,≤100
201156146959026,Mohinder Bhagat,Mohinder Paul,≤100
1619293888308714,Vardhan Yadav,Vardhan Yadav,≤100
103207392085077,JP Valluru,Anshika Srivastava,≤100
1651727365046605,Pukh Raj Parashar,Pukh Raj Parashar,≤100
1530456743864870,Dr Subedar shahapur,Shubham Kumar Gupta,≤100
102625849396266,Jcoder,Sattar Ali,≤100
105694514269834,North Eastern Region Community Resource Management Society,Shrinivas Ravichandran Nadar,≤100
105044375403627,रणजीत सिंह चौहान भाजपा,These ads ran without a disclaimer,≤100
832824220082662,Madan Yerawar,Balkrushna Gajanan Kaypelwar,≤100
111018141863209,Ishwar Sadhana,Satish Kumar,≤100
170844986298918,Mint,These ads ran without a disclaimer,≤100
673779002727402,Moglix,These ads ran without a disclaimer,≤100
1360805680600676,Sandeep Kshirsagar,Yogesh Padmakarrao Pawar,≤100
123900254903525,Rahul Singh Lodhi,Rahul Singh Lodhi,≤100
213947398791863,Dhananjai Singh Khimsar,Dhananjai Singh,≤100
1924627484438235,Arlak Ayurveda,Swati Dhiman,≤100
106126212227764,P Mudar Loan,Mukeshbhai Samatbhai Rathod,≤100
162115051234970,Dharmendra Singh Lodhi mla,Dharmendra Singh Lodhi,≤100
116015926449715,Lalaji R Mendon kaup,Dheeresh Kolya,≤100
101898422702437,V N Reddy,Vaidyula Narender Reddy,≤100
112674207904059,Sansad Khel Mahakumbh,Sagar Vishnoi,≤100
257916314892663,Kaustubh Narayan Misra,Kaustubh Narayan Misra,≤100
1706371292942156,"Ministry of Development of North Eastern Region, Government of India","Ministry of Development of North Eastern Region, Government of India",≤100
112132035112296,vipi_n8328,These ads ran without a disclaimer,≤100
522943498076698,Amit Gorkhe,Amit Gorkhe,≤100
279238306160643,पंडित विमल तिवारी राष्ट्रीय अध्यक्ष,These ads ran without a disclaimer,≤100
444000972398140,Dr. Ajay Dharam Singh,Ramkishan Singh Maninder Singh,≤100
1088373891289696,Kamal yadav,Akash Singh,≤100
1287678198049472,Child Help Foundation Outreach,Child Help Foundation Outreach,≤100
846994962145905,Manoj Kumar Aggarwal,Durga Kumari,≤100
110809634572462,Mathurbhai Savani,Mathurbhai Savani,≤100
1783001841927248,Nutan Odisha,Cloud & Loud Communications,≤100
104765761522667,Pankaj Dawar,The Social Prachar,≤100
114364481255391,Chandan Singh Foundation,Chandan Singh Foundation,≤100
197799933601096,Pujya Shashi Prabha Ji,Madan Mohan Tiwari,≤100
273332066175444,Abhinandan Educational and Welfare Society,Ashish  Chauhan,≤100
695738973874352,Dr. Sumer Singh Solanki,Sumer Singh Solanki,≤100
110132160741768,Polstrat,Polstrat Communication,≤100
103385029311235,Mohammed Aarif Bhati,Mohammed Aarif Bhati,≤100
398066480342359,Dr. Sampat Agrawal,Dr. Sampat Agrawal,≤100
321228061382932,Pt. Shekhar Dixit,Websofy Software Private Limited,≤100
100240102800860,डॉ. शिव मोहन सिंह,International Centre for Stem Cells Cancer and Biotechnology,≤100
350880081913337,Sahdev Salaria,Rajesh Jaswal,≤100
1966700650252559,Jitendra Sharma,Jitendra Kumar Sharma,≤100
802311956513987,Rahul Singh,Rahul Singh,≤100
107081225202487,Dr.Anil Dabbu,Unikudos Software,≤100
102848075943324,Health-e,These ads ran without a disclaimer,≤100
109066315147120,News Temple,Jainendra Agrawal,≤100
381937732180611,Vineet Joshi,Vineet Joshi,≤100
438039076647417,Dr. Anirban Ganguly,Dr. Anirban Ganguly,≤100
161234301090409,K Shivaramu,Right Media Tech,≤100
157300124326821,Arlak Biotech,Swati Dhiman,≤100
276512419511205,Kathi Karthika,Policy Briefcase,≤100
988113031199582,Dr. Ramesh Chand Tomar,Ashutosh Mishra,≤100
186199704897466,RD Foundation,RD Foundation,≤100
109564113741000,OP Choudhary - एक नई लहर,Niti Pollsters Private Limited,≤100
105110844616542,"भानू प्रताप सिंह ""यादव""",zinka logistics solutions pvt ltd,≤100
163190160489585,Vasundhara Raje,Vasundhara Raje,≤100
1644165492504830,Ramoji Gowda,Ramoji Gowda,≤100
256050398281355,MD Chopdar,WEBTIX,≤100
108317665490916,Satyen Srivastava,Naveen Singhal,≤100
106201902099112,दुष्टिकरण-Dushtikaran,Amit Kumar Singh,≤100
501312639983943,Manish Jaiswal,manishjaiswalbjp,≤100
104594334484048,Rajat Ullagaddimath,Gundala Rahul,≤100
426854497508656,Dr.Phoolchand Bhinda,Phool Chand Bhinda,≤100
105954314712432,ADR Digital Marketing Private Limited,ADR Digital Marketing Private Limited,≤100
220333908099821,Aam Aadmi Party Karnataka,Aam Aadmi Party Karnataka,≤100
109391860938944,DishaShankar,Shankar Disha,≤100
111728986998545,ओपी समर्थक,Niti Pollsters Private Limited,≤100
105820848944884,Apex India Online Hub,Mukeshbhai Samatbhai Rathod,≤100
111717544909328,ChandraPratap Vishwakarma,Chandra Pratap Vishwakarma,≤100
1714627758756924,Adv Ashok Singh Rawat Pushkar,Susheel Kumar Garg,≤100
107946518029943,Sheelu Sahu,Naveen Singhal,≤100
106313415317403,Shobhit Jaiswal,Sarvesh Shukla,≤100
1613686538669654,Ashok Singhal Foundation,Digital Xplode,≤100
537021156329658,Sukhbir Singh Jaunapuria,Pankaj Sharma,≤100
550287678727831,Bharath Reddy Ravula,Bharath Kumar Ravula,≤100
899092420138226,Yogesh Pal Aroraa,Yogesh Pal,≤100
103261078360140,Rahul Singh Pathania,Rahul Singh Pathania,≤100
943033745828336,Satyaveer Aloriya,Satyaveer Aloriya,≤100
358283144828529,Iranna Kadadi - MP,Mohan Vidhyadhar Lohar,≤100
346967155652729,Rajveer Diler,Kuldeep Sharma,≤100
110847490543428,Vipul Kumar Salwan,Vipul Kumar Salwan,≤100
104122195260035,Bharti Tarun Kaushik Bhaiya Ji,Tarun Kumar Kaushik,≤100
739221966159227,Rajesh Singh,Adv Tech,≤100
109412405399633,Bir Singh बीरू सरपंच,PSST Digital Intiatives Pvt Ltd,≤100
240449153041828,Bhupendra Saini,Ritik Keer,≤100
108156992053327,BYBIndia- India's Best Video Marketing Company,Sunita Singh,≤100
105211528341692,उत्तर प्रदेश की राजनीति,Hemant,≤100
292954404384524,Gajendra Singh Patel,Gajendra Singh Patel,≤100
1993061170931986,Annapurna Devi,Annapurna Devi,≤100
102785749762041,Parshottam Rupala,Piyush Mantri,≤100
216506801885954,Pankaj Chaudhary,Yash Bagh,≤100
246558505475210,Bala Ram Choudhary,Mukesh Choudhary,≤100
108437191907485,Replanet,Prabhindar Singh Chopra,≤100
109855377860063,Ram Astha Mission Foundation,These ads ran without a disclaimer,≤100
863961040416615,Punit Verma पूर्व उपाध्यक्ष विश्व हिन्दू परिषद् काशी प्रान्त,Punit Varma,≤100
1716214961979807,Dr Sarvesh S Joshi,Pawan Kumar Sharma,≤100
367693910079524,Mohit Jaswant Yadav Page,Mohit Yadav,≤100
395910177835208,Vijay Kumar Singh Congress,Rahul Shrivastwa,≤100
274625602685907,Nayab Saini,Praveen,≤100
245528646359816,Vipul Sharma,Pramender Kumar,≤100
129952997339452,Rajendra Maske,Rajendra Tukaram Maske,≤100
114083456630343,Rashid Raza Ansari,Saif Raza,≤100
488445034624008,Saawan Sonkar,Shashikant Joshi,≤100
104441248861952,Neelam Aggarwal,Pankaj Sharma,≤100
101613628900010,Smartway Wellness Pvt. Ltd.,Bhoomi Harendra Mistry,≤100
231512217793516,Ashok Goel Mangaliwala,Ashok Kumar Goel,≤100
100246572087472,Bhupendra Singh Shaktawat,Bhupendra Singh Shaktawat,≤100
103242568933744,भारत विकास,Akash Deep,≤100
644400709346753,Adv.Uma Shanker Sharma,Adv.Uma Shanker Sharma,≤100
1706371292942156,"Ministry of Development of North Eastern Region, Government of India",Arshad Ali,≤100
854256021383031,Vinod Sevan Lal Chandrakar,Vinod Sevan Lal Chandrakar,≤100
453884384661528,Brijendra Singh Yadav,Devendra Ahirwar,≤100
105352618893717,Shankar yadav,Shankar yadav,≤100
361031561139301,Rakesh Jangir,Saurabh Singh,≤100
1433894153522813,Pramod Bhaya,Kapil Sain,≤100
106261054498841,Advocate Rajat Bhargava,Rajat Bhargava,≤100
289391381271797,आपका-सुशील वाडिया,Sushil Wadiya,≤100
214145379062742,Honourpoint,These ads ran without a disclaimer,≤100
100467895262186,Dr Premchand Jaysi,Arpit Jain,≤100
196338294250820,Rohit Gangwal,Modi For PM Organisation,≤100
643216342792266,দেবাশিস পণ্ডা ভারতীয় Debasis Panda Bhartiya West Bengal,Debasis Panda,≤100
747930775373319,Saral Patel,Saral Patel,≤100
1964648457141458,Shanthi Kumar,Mayurnath Matam,≤100
524665794408050,CASA,Arushi Narchal,≤100
107856004316756,Aashutosh Chouksey,Aashutosh Chouksey,≤100
107501421446303,Ramalingappa,Ramalingappa Ramalingappa,≤100
112512191696033,Shailesh Nitin Trivedi - Baloda Bazar,Arpit Jain,≤100
1433894153522813,Pramod Bhaya,Sharad Sharma,≤100
103251851710926,Akula Srivani,Anjan Kumar Akula,≤100
912096938897209,Vijay Singh,Vijay Singh,≤100
475898282465005,Dr K Laxman,Vijay Kumar Tapadia,≤100
978736438816607,Neha Sarrvesh shukla,Sarvesh Shukla,≤100
437736246329765,Anand Sagar,Daksh Dhankhar,≤100
102335115041934,Nara Bharath Reddy,Sunil K S,≤100
471639126632929,Shivam Shankar Singh,Shivam Shankar Singh,≤100
1422722534642965,B Suresh Gowda,Click Digital Marketing Services,≤100
102589399231000,LevelUp Filmmaking,These ads ran without a disclaimer,≤100
104849339191151,Ashwini Laxman Jagtap,Clearby Services,≤100
325602694251353,Rajeev Rai,Rajeev Kumar Rai,≤100
101006778533313,Daily7India,Raman Kumar,≤100
492852320801212,Hansraj Ahir,Rajveer Arvind Choudhary,≤100
168228334032318,Sat Sharma CA,Naveen Sharma,≤100
113858681342028,Dr. Anjali Yadav,Shiv Charan,≤100
103923325128283,Jagannath Chattopadhyay,Gagannath Chattapadhyay,≤100
1592265114364332,JP Yadav,Pramender Kumar,≤100
572608223125372,Vikas Rana,Shankar Prasad Thakur,≤100
106419882197464,Akki Sangma,Suryanetram,≤100
617711705242584,Khabarwaale Tv,Parminder Singh Jatpuri,≤100
295639383836442,Agewell Foundation,Aanchal Gupta,≤100
110197854912974,Sonu Singh Garg,Pratik Garg,≤100
105222094270542,Dalbir Singh,Shankar Prasad Thakur,≤100
103975381957693,Shivakant Tiwari INC,Rahul Kumar Srivastava,≤100
318471954952040,Rajaram Meel,Raja Ram Meel,≤100
108244632194929,देश की धड़कन-मध्यप्रदेश,Prashant Parashar,≤100
111872195073358,Kusum Sharma - Mona,Vcsmedia,≤100
102643838573054,Badam Devi Verma,Bhagwan Sahai Shyoran,≤100
135180180340322,Jitendra Verma,Arshad Ansari,≤100
139543086649744,Meena Chauhan Raison,Bipin Singh Papola,≤100
237101380820431,Rajendra Mehra BJP,Vijay Choudhary,≤100
102003649462401,"Employees' State Insurance Scheme, Government of Uttarakhand","Employees' State Insurance Scheme, Government of Uttarakhand",≤100
174948422918011,Harshvardhan Shaktawat,Narendra Singh Pachar,≤100
913829142095562,Jagroop Singh Sekhwan,Jagroop Singh,≤100
817607004928968,Narendra Shivaji Patel,Narendra Singh Patel,≤100
1463018893991151,Prabhat Prakashan,These ads ran without a disclaimer,≤100
102617005585949,Ashok Jayaram,These ads ran without a disclaimer,≤100
106256564506749,Tarun Devi Das,Tarun,≤100
105040639000304,Political Junction India,Sunita Singh,≤100
106607634572164,शिवेंद्र सिंह भाजपा,These ads ran without a disclaimer,≤100
107725901457936,New Mother,Neelufer Mulla,≤100
318205675275285,APL Apollo Tubes Limited,APL Apollo Tubes,≤100
555009411337356,Sanjeev Goel Sikka,Himanshu Sharma,≤100
349273359078396,Rameshappa Karad,Ajay Arjun Daund,≤100
254700884880281,Mahesh Yadav BJP,Mahesh Kumar Yadav,≤100
1397767487148044,Jaidatta Kshirsagar,Jaydatta Sonajirao Kshirsagar,≤100
279484519067006,Anil Chopra,Prakash Jaiswal,≤100
704847062939121,Ranbir Nandan,Ranbir Nandan,≤100
1780378335513078,Sandeep Singh,Sandeep Kumar Singh,≤100
112061804808512,Sports Development Authority of Bihar - SDAB,Ajit Kumar,≤100
109807958497573,Mithu Jhajhra,Vijay Kumar,≤100
172587073564916,Narendar Jaisingpura,Vijay Choudhary,≤100
713416382011902,Sahil Shivaji Kedari,Sahil Shivaji Kedari,≤100
105741735593870,MakeMyTrip Foundation,Prashant Raj,≤100
109551095231534,Prashant Parashar,Prashant Parashar,≤100
113321204583383,Ommani Verma,Shivam Dubey,≤100
108003928610605,Brahma Nand Shukla,Brahma Nand Shukla,≤100
114606387073785,Deepak Balutia,Deepak Balutia,≤100
222719048656244,Ved Prakash Ojha  IMC,Vivek Vashisth,≤100
1978240835728263,Virendra Sharma Hawamahal,Pawan Kumar Sharma,≤100
108497578583588,Janpeace Live,These ads ran without a disclaimer,≤100
1965892256962634,Maharshi Singh,Kavita Kumari,≤100
116997354325105,Wg Cdr Anuma Acharya,Wg Cdr Anuma Acharya,≤100
100452136229191,Shyam Sundar Verma - Chairman Khalilabad,Nityesh Srivastava,≤100
1475773509416144,Shakeel Ahmed,Engitech Media,≤100
132806813793938,Paramjit Singh Sarna,Harjap Singh Dhingra,≤100
834432743328746,Prakash Dwivedi,Prakash Chandra Dwivedi,≤100
107648432071895,Er. Sameer Vijayrao Arekar,Uday Sanjay Pofali,≤100
104176741613873,Gunja Bengani jain,Gunja Bengani,≤100
108920493878689,Gurmeet Singh Soora,Karandeep Kaur,≤100
445459465661222,Uma Shankar Singh,Ankaj Tiwari,≤100
1574483566114189,Dr. Mamta Pandey,Akash Singh,≤100
100135679641746,Global Hindi Tv,Navdeep Singh,≤100
209895906179688,EFG - Efforts For Good,EFG Social Pursuit Pvt Ltd,≤100
652494751574762,Pramod Jaiswal,Sarvesh Shukla,≤100
106492462373737,mudra finance,These ads ran without a disclaimer,≤100
1703018979921668,Vishram Gurjar,These ads ran without a disclaimer,≤100
111561881805287,Ramsingh Saini,Shiv Charan,≤100
140049632739723,Manjit Singh GK,Bhupinder Pal Singh,≤100
394949397597991,Prince Raj Paswan,These ads ran without a disclaimer,≤100
1748666768770943,Umakant Sharma MLA,Umakant Sharma MLA,≤100
100417006046204,Nayan Kumar,Nayan Kumar,≤100
106412445020988,Samman afroz khan,Khandagre Sourabh,≤100
660476430787331,Gaurav Pandhi,Gaurav Pandhi,≤100
1849504638653413,Khabar Info,Sarvesh Shukla,≤100
105823032156484,Parshad Santosh Dubey,Ramvishal Dubey,≤100
619380398128358,Pradipsinh Vaghela,Pradipsinh Narendrasinh Vaghela,≤100
354210368277318,Diwan Singh Bisht MLA,Sandeep Bhardwaj,≤100
231167140371342,Kanhaiya Lal Choudhary,Raghunandan Sharma,≤100
366474497447556,Kamal Gahtori,Deepak Dhillon,≤100
234704393876570,Dr R K Verma,Rkverma,≤100
112299140114374,Narendra Singh,Arun Pratap Singh,≤100
384574805474754,Happiness India,Krishan Kumar Saini,≤100
252791995383178,Maharashtra Multimedia Communications,Shubhada Ashish Joshi,≤100
102370509068053,News Junction,Parveen,≤100
181418895366896,Ganesh Joshi,Mayank Joshi,≤100
109592654091516,Dr. Akhil Shukla Advocate,Rajesh Goutam,≤100
102994271417943,Ashutosh Kumar Tripathi,Shishupal Kumar,≤100
256786777695561,Anil Deshmukh,Vaibhav Gajendra Tumane,≤100
111912855097439,Praveen Choudhary,Praveen Choudhary,≤100
245675895557121,Pawan Goyal,Pawan Kumar Sharma,≤100
621385538310118,Dharmendra Kumar Rathor - BHIL,Shiv Charan,≤100
1549882571892798,Gurjeet Singh Aujla,Gauravjeet Singh Chhina,≤100
101913964674756,Pramod yadav प्रमोद यादव,Rishi Kumar Yadav,≤100
109932638585884,B M Thimmashetty,Bharath Raj,≤100
348573042329009,Labh Chand Dhaker,Engitech Media,≤100
1802087953245529,Pavan Singh Rajput,Prakhar Kashyap Singh,≤100
2016227035330751,Viral Sach,Viral Sach Online Media,≤100
371431979647138,Rajesh Tantri,Rajesh Tantri,≤100
423928144293931,Mahender Pratap Singh,Pankaj Sharma,≤100
108689704852720,Mahalakshmi Sreenivas,Mahalakshmi Sreenivasulu,≤100
767805023307544,Santosh Kumar Singh BJP,Akash Singh,≤100
102323545504609,Rama Devi Chopra,Rama Devi,≤100
101844802427541,Kuldeep Rajput,Kuldip Rajput,≤100
1027978147349245,Hukam Singh Apawat,Akash Singh,≤100
169072033151931,WWICS Group,These ads ran without a disclaimer,≤100
108497578583588,Janpeace Live,Trishanu Kaushik,≤100
102106021886833,A K Sharma,Harish Sahrawat,≤100
111916021541975,Balarama Krishna Battula,Balarama Krishna Battula,≤100
653835075230332,Sunil Yadav Shrimadhopur,Sunil Kumar Yadav,≤100
100847982317705,Women Listed,These ads ran without a disclaimer,≤100
342300295978073,Syed Afzal Abbas,Syed Afzal Abbas,≤100
565714670143123,Ashok Saini,Engitech Media,≤100
101420715926277,Nand Kumar Maurya,Akash Singh,≤100
1692446997478851,Divy Trivedi,Vikas Acharya,≤100
491580774286451,Suryakanth Nagamarapalli,Vilas Vijay Kulkarni,≤100
106484695533291,Yogendr Singh Chundawat - Raja Bana,Vinayak Sharma,≤100
532212371044688,Navkar Prime Developers,These ads ran without a disclaimer,≤100
113356014587642,Anupam Sharma,Prashant Sharma,≤100
1569176776431568,Pandit Sudesh Sharma पंडित सुदेश शर्मा,Amit Kumar Sharma,≤100
110256607025712,Munsi Nazbul Karim,Kazi Amir Soyel,≤100
1802523420012948,Pratap Singh Khachariyawas,Anirudh Sharma,≤100
164245649052684,Tarandeep Singh Grover,Kushagra Agarwal,≤100
643001122724792,Shambhu Kumar,Punit Kumar Pandav,≤100
604343229676376,Rajkumar Badole,Uday Sanjay Pofali,≤100
107801838537744,Rajesh Katara,Rajesh Katara,≤100
444825485952597,John.,Vikram Singh John,≤100
135657743788459,Amit Chauhan,Amit Kumar,≤100
107605957856546,Narendra Yadav,Narendra Yadav,≤100
102071967023485,Ambala Diary,Ambala Diary,≤100
103012229208693,RCID Laboratories,Think First,≤100
106394871443089,Amit Kumar Singh,Amit Kumar Singh,≤100
101524886045685,Nitin Kashyap Page,Kunal Solanki,≤100
105515161411695,Pankaj Singla,Anil Kumar,≤100
280250759492293,Samir Gurav,Samir Gurav,≤100
115220224403369,Yogesh Shukla,Shreshth Tiwari,≤100
105604782463762,Utkarsh Associates,Prakhar Kashyap Singh,≤100
110021430607714,Phir Ek Baar Yogi Sarkar,Hemant,≤100
1610180912621752,Dushyant Chaudhary,Jainendra Agrawal,≤100
1039557042789139,BJP Dadra & Nagar Haveli,Ashish Natwarlal Patel,≤100
1003634343005791,Aanand Shukla - आनन्द शुक्ला,Arun Pratap Singh,≤100
1760939410804220,Sudarshan Kumar,Sudarshan Kumar,≤100
816288898474925,Naresh Pareek,Pawan Kumar Sharma,≤100
817476185017222,दैनिक गुरूधर्म  औसा-लातुर,Akash Singh,≤100
2238647176463048,Dr.Vijender Singh,Anshul Kumar Gupta,≤100
102465501806712,Gunnala Sunithakka Sena,Gunnala Sunithakka Sena,≤100
112076118079574,भारत की राजनीति,Hemant,≤100
105446072160586,Suprabhat Pragati,Akash Singh,≤100
111298630628242,Rajvardhan Singh Parmar,These ads ran without a disclaimer,≤100
1806741026226045,Ramawatar Bijarnia,Narendra Singh Pachar,≤100
106319568342699,Seema singh,Priya Sharma,≤100
263613904560987,Parveen Narang,Aftab Khan,≤100
111560924353656,Swetha Reddy,Rajendra Reddy Bhuvanagiri,≤100
228555960680657,Kavi Rahul Sharma,Chetan Joshi,≤100
1384169104959232,Sardarbhai Chaudhari - BJP,Sardarbhai S Chaudhary,≤100
126455024584757,Randeep Singh Deol,Randeep Singh,≤100
107545897823033,For Men India,Antara Das,≤100
110918958196244,Rajasthan Government Health Scheme - RGHS,Rajasthan Government Health Scheme - RGHS,≤100
924791427628665,Sunil Kelanka,Shivendra Shailendra Tiwari,≤100
445527218918991,Satish Jaiswal,Akash Singh,≤100
265152580803589,Naringaram Patel nimbawas,Naringaram Patel nimbawas,≤100
104542468470903,Navnath Baban Moze - नवनाथ बबन मोझे,Sagar Subhash Bhalerao,≤100
115581696797257,Suresh Raje,Suresh Kumar Raje,≤100
112454965016733,Manindra Jain,Naveen Singhal,≤100
250007248502240,Golu Shukla,Modi For PM Organization,≤100
536637356526499,Sonu kanaujia,These ads ran without a disclaimer,≤100
100617825751591,Arun Singh - अरूण सिंह,Arun Pratap Singh,≤100
110967695146133,Govind Kumar Jain,Ganesh Kumar,≤100
105999155405710,Pandit Avadh Sharma,Pawan Kumar Sharma,≤100
371649769614204,CEPT University,These ads ran without a disclaimer,≤100
155201628371587,Shiv Chandra Ram,These ads ran without a disclaimer,≤100
106456887722695,Adesh Yadav BJP,Anil Kumar,≤100
109041710706538,Shankar Ninama Ghatol,Ganesh Thapa,≤100
112333551648886,Kalpana Bhatnagar,Ganesh Kumar,≤100
102838152104730,Bjp kisan Morcha punjab,Ashish Soni,≤100
342452405951714,Vishwas Vaidya,Shivakumar Vasudev Rathod,≤100
182600871930746,Sujata Paul - India First,Sujata Paul,≤100
825870624112435,Ramesh Chandra Ratn,Arun Sharma,≤100
367203836657399,Rajendra Singh Surpura,Prakash Jaiswal,≤100
109546308136398,Sankar Dutta - শংকর দত্ত,Bholanath Dey,≤100
1412426919080109,Vikas Kumar P,Vikas Kumar P,≤100
103691661472274,Duryodhan Aihole,Duryodhan Aihole,≤100
1336863726383886,Gopal Lal Sharma,Ganesh Thapa,≤100
102811589415645,rizwan khan,Mathar Khan,≤100
110610365217910,Moti Singh Shekhawat,Nilesh Sharma,≤100
1850064485271092,Vijay Kaushik,Kanav Kathuria,≤100
105870244728334,Lalit Batra,Lalit Batra,≤100
361031561139301,Rakesh Jangir,Rajesh Kumar,≤100
104650345077917,Pratibha Singh,Pratibha Singh,≤100
531434090219534,Aam Aadmi Party Bangalore,Aam Aadmi Party Karnataka,≤100
186946195324323,Sandeep Kumar,Sandip Kumar,≤100
108067908001592,The rott,The rott,≤100
102932578099349,"उत्तराखंड बचाओ आंदोलन- एक सुरक्षित, बेहतर और समृद्ध उत्तराखंड के लिए",These ads ran without a disclaimer,≤100
124939914843922,Om Bishnoi,Om Bishnoi,≤100
568461730010475,शिवम सिंह,Shivam Singh,≤100
105762658743105,Deep Singh Vasuniya,Shiv Charan,≤100
313259842689696,IAS Vishal Singh,Sandeep Kumar Sharma,≤100
903686923059603,Anuragsunilnayak Ramji,These ads ran without a disclaimer,≤100
109742321999936,dailydoseca,These ads ran without a disclaimer,≤100
113577624961901,Balu lal Acharya BJP,Ganesh Kumar,≤100
121535752854618,Deepak Lodhi,Deepak Lodhi,≤100
111135334049877,Rakesh Thakur,Vikrant Shukla,≤100
116093271355496,विजय चौधरी खण्डेला,Narendra Singh Pachar,≤100
1149375478489344,Harvinder Singh Sarna,Harjap Singh Dhingra,≤100
104938760988809,MPYC Jalna,Suresh Pralhad Nagare,≤100
105940537995682,Deepesh Tandel,Bharatiya Janata Party,≤100
100330859464588,Capt. Jitender Mohan Pathania IAS Retd,JITENDER MOHAN PATHANIA,≤100
431454157629297,Mukesh Ahlawat,Nitish Kashyap,≤100
1452808444854584,Margani Bharat,Manoj Tadi,≤100
102091768921733,Ashok dubey bjp,Prashant Mahton,≤100
2082424261866450,Vii Media,Bhalinder Singh,≤100
101310291557528,Voice of New India,Hemant,≤100
606830536086738,GUSEC,These ads ran without a disclaimer,≤100
426868484184031,Vimal Katiyar,Sumeet Kumar,≤100
103447715984080,Devki Shah Foundation - Regd,Bhawana Negi,≤100
1724487151134092,Vinod Patil,Vinod Patil,≤100
100589847991303,English NEWJ,Anant Bhardwaj,≤100
107257065559692,Devendra Pareek Kekri,Ganesh Kumar,≤100
1610220162535973,Ambedkar  family,Praveen Dasari,≤100
121286572595378,Harendra Ninama हरेंद्र निनामा,Ganesh Thapa,≤100
764173310429888,MLA Arjun lal jingar,These ads ran without a disclaimer,≤100
455697974986681,Bangla Hunt,Bangla Hunt,≤100
105696284642421,Unixperts,These ads ran without a disclaimer,≤100
105822607583481,Rumana Akhtar,Rumana Akhtar,≤100
105716385293356,narendramodiraag,These ads ran without a disclaimer,≤100
512399105538333,Hari sahni,These ads ran without a disclaimer,≤100
1689373261361383,Saurabh Bahuguna,Raj Singh,≤100
100697835096377,Bhanu Pratap Singh Sikarwar- Chintu,Asheesh,≤100
2287198564853830,Raghu Rama Krishna Raju,Ganga Prasad Degala,≤100
1565145703734273,Hemkund jewellers,Inderjeet Kaur Grover,≤100
168926709808825,Rahul Bondre,Arpit Jain,≤100
208588329501133,Mukesh Sharma,Praveen Kumar Garg,≤100
1463405053879604,Baldev Alawalpur,Anju  Chaudhary,≤100
100955532008468,Green Hermitage,These ads ran without a disclaimer,≤100
108432861353908,Karan Singh Yadav,Mukesh Kumar Yadav,≤100
2095140507231761,Valluru Jayaprakash Narayana,Anshika Srivastava,≤100
100485426184353,AJP,Manoj Kumar Singh,≤100
100236486233099,Sunil Singh,These ads ran without a disclaimer,≤100
111868911739828,Ghulam Nabi Azad Fans,Advertiseyouonline,≤100
103833782263290,Arvind Singh Bhati,Engitech Media,≤100
104258182340061,Rounak Sachdev,These ads ran without a disclaimer,≤100
101007589571025,Pandit Pradeep Gaur,Pawan Kumar Sharma,≤100
718246468212498,Gajanan Ghuge - गजानन घुगे,Gajanan Vitthalrao Ghuge,≤100
109022618722480,Prof. Nasir Ahmed,Prof. Nasir Ahmed,≤100
2356943027656538,Pankaj Rahangdale,Uday Sanjay Pofali,≤100
100672428088140,MPYC Aurangabad,Suresh Pralhad Nagare,≤100
104590325539529,Adv Harita Mehta Fan Club,Sandeep Kumar Rana,≤100
103378609342922,Upclycle,These ads ran without a disclaimer,≤100
1117859324977029,Battles For Delhi,These ads ran without a disclaimer,≤100
101717531314985,MPYC Osmanabad,Suresh Pralhad Nagare,≤100
112002571275164,समर्थक हाजी रईस अहमद विधानसभा 115 बदायूं,These ads ran without a disclaimer,≤100
389557067910726,Arvind Menon,Pawan Sachan,≤100
107138377863900,Adv mularam meghval,Prakhar Kashyap Singh,≤100
247471387185964,Diganta Baruah,Dipankar Deka,≤100
100370992099883,S M pandey Tax consultant,These ads ran without a disclaimer,≤100
104544792557120,मंगल पूनमचंद गुर्जर,These ads ran without a disclaimer,≤100
2078242259060363,Kukufm,Mohana Saha,≤100
188649165145127,S R Srinivas,asthra digi tech - ADT,≤100
106949818442504,The Water Chronicles,Prithviraj Nath,≤100
115952011417543,_parth_patel_5,These ads ran without a disclaimer,≤100
112614772145187,Innovatiview,These ads ran without a disclaimer,≤100
662724350455930,Pramod Kumar Saroj,These ads ran without a disclaimer,≤100
529881643856534,Bhanuben Babariya,Piyush Mantri,≤100
104835264704460,रघुवीर सहरिया सलेमपुर,Anshul Kumar Gupta,≤100
103099232513387,Pankaj Chourey,These ads ran without a disclaimer,≤100
101833242843847,sivapta_wellness_centre,These ads ran without a disclaimer,≤100
146898672047453,ITS Dental College Murad Nagar,ITS Dental College Murad Nagar,≤100
734815156530027,Rahul Kalate,Rahul Kalate,≤100
101463939354408,Karan singh prince,These ads ran without a disclaimer,≤100
106802937934432,Padma venkat reddy,Banappagari Naren Sai Reddy,≤100
417366721720953,Duddilla Sridhar Babu,Shachindra Rajavaram,≤100
519296628180189,K. Manik Rao,Mithun Raj Koninty,≤100
115561988088459,Transil Electric,These ads ran without a disclaimer,≤100
1503707146617340,Ram Chandra Singh Pradhan,Ankaj Tiwari,≤100
112355991437883,Rajan Mehta,Neeraj Mehta,≤100
111777525150543,Barabar News,Nagarjuna Reddy Kaipa,≤100
102927112109432,Priyal Bhardwaj,Arun Pratap Singh,≤100
107511663983805,Dipankar Ojha,Dipankar Ojha,≤100
302211316810005,Sabke Armaan- सबके अरमान,Arman Khan,≤100
1938673766349210,Girish Dwivedi   BJP,Utsav Kumar Dwivedi,≤100
113493870062668,PEHLI AWAAZ LIVE,Paramjit Singh,≤100
768921543477624,Mere grah mere mitra,Anuj Singh Gaur,≤100
116446008020224,Jaswant Yadav- किशनगढ़ बास,Rahul Kumar Kirodiwal,≤100
102010991748513,Ashish Patel,Ashish Natwarlal Patel,≤100
795703753787678,Nana Kate-विठ्ठल उर्फ नाना काटे,content factory,≤100
104390112205425,Akhilesh Pathak,Akhilesh Pathak,≤100
637560282991563,YS Group,These ads ran without a disclaimer,≤100
100297268125899,MPYC Akola,Suresh Pralhad Nagare,≤100
109201418461962,doggu_official,These ads ran without a disclaimer,≤100
104261765933382,old coin company,These ads ran without a disclaimer,≤100
140072696102301,Pankajkumar Desai,Pankajkumar Vinubhai Desai,≤100
102620029434245,Coin who Mumbai,These ads ran without a disclaimer,≤100
100955988374188,Shyambali Yadav,Prakhar Kashyap Singh,≤100
101649841322129,MPYC Chandrapur,Suresh Pralhad Nagare,≤100
1002191723202473,Suresh Sindal,Suresh Kumar Sindal,≤100
103700094447188,MPYC FC - Buldhana,Suresh Pralhad Nagare,≤100
1947865801968156,Jasmeet Singh Pitampura,Harjap Singh Dhingra,≤100
263613904560987,Parveen Narang,These ads ran without a disclaimer,≤100
1743147019302453,Parminder singh sandhu,Parminder Singh,≤100
104008785699728,Office of Dinesh Pratap Singh,Office of Dinesh Pratap Singh,≤100
111281678536095,Kavali Jagan,Nagarjuna Reddy Kaipa,≤100
180004642020645,IIHMR University,These ads ran without a disclaimer,≤100
607252739670252,Dr. Prannay G Sharma,Kumar Ratnam Sharma,≤100
113623127159259,मजदूर ऐकता पार्टी बिहार प्रदेश,These ads ran without a disclaimer,≤100
693289664149663,Dr. Shashikant Sharma,Dr. Shashikant Sharma,≤100
641985525831714,Vipin Wankhede,These ads ran without a disclaimer,≤100
102325429272140,AITC Debasish Mukherjee,Arpan Saha,≤100
155650401165329,"Jaipuria Institute of Management - Lucknow, Noida, Jaipur, Indore",These ads ran without a disclaimer,≤100
881458738613193,Ajay Kothiyal,Suresh Chandra Kapri,≤100
101610392620043,ITS Speciality Dental Clinic,ITS Speciality Dental Clinic,≤100
391654307564047,Abhinav Rajasthan Party,Ashok Choudhary,≤100
170741823043489,V6 News,V6 News,≤100
100197992851721,Dreamartmandala,These ads ran without a disclaimer,≤100
700079793418618,J S Patel,Gayatri Suchetkumar Darji,≤100
312270156154705,G M Harish Balayogi,Politics for Impact,≤100
101528805191590,Dr. Inigo Irudayaraj - Trichy East MLA,Stanislaus Inigo Irudayaraj,≤100
106436944744368,Aditya Chandel,Manish Kumar,≤100
106942281023549,Vinay Vilas Kadam,Vaibhav Vilas Kadam,≤100
1408837089361736,Banappagari Venkat reddy,Banappagari Naren Sai Reddy,≤100
108159201571035,अरविन्द जायसवाल,Avadesh  Kumar,≤100
104517879162779,डॉ मंजू कुमारी- जमुआ,These ads ran without a disclaimer,≤100
104860424918954,दिल है हिन्दुस्तानी,Abhijit Kumar,≤100
104894065387211,Fincana Solutions,These ads ran without a disclaimer,≤100
115690524741129,Rajdhani TV,Rajdhani TV,≤100
100465918662286,Netafy,Prutha Umeshkumar Pandya,≤100
112888055027530,Trisimplify,These ads ran without a disclaimer,≤100
444275075662411,Dalu Ram Chahar,Dalu Ram Chahar,≤100
285403455681355,Railway Children India,Railway Children India,≤100
100955801920583,Meenakshi Chandela,Luxmi Devi,≤100
104210551728075,राजस्थान कांग्रेस आईटी सेल,Sandeep Saini,≤100
477050859165569,Raj Bahadur Yadav,Piyush Kumar,≤100
263209607683481,Ashok Singh Tomar,Bharat Kushwah,≤100
100538876229627,bhanubenmla,These ads ran without a disclaimer,≤100
107432254018966,Ajay Sharma -RTI Activist,Ajay Sharma,≤100
236500783397189,Kamlesh Paswan,Kamlesh Paswan,≤100
219514401576120,SG Suryah,SG Suryah,≤100
105530752376295,"Shiromani Akali Dal, Delhi Unit",Harjap Singh Dhingra,≤100
107859390939293,Mohammad Aman Khan - MAK,These ads ran without a disclaimer,≤100
137810696882429,ग्रामीण जीवन,These ads ran without a disclaimer,≤100
106179841066697,Rajan India,These ads ran without a disclaimer,≤100
110745147064010,Ambala Update,Vivek Bhatnagar,≤100
106233358808991,बीरेंद्र सिंह MLA - Wazirganj,Samir Raj,≤100
105297172494313,समाज सुधारक गुंडा,These ads ran without a disclaimer,≤100
126099078056243,Aachman India,Aachman India,≤100
106825905031150,"Nagar Palika Parishad, Hapur",Nitin Kumar,≤100
101186938100412,आशीष हरिचरण तिवारी,Shakeel Anjum,≤100
905686206161287,White Page International,These ads ran without a disclaimer,≤100
104498238671609,Rajiv Ranjan Singh  Lalan Singh,Janata Dal (United),≤100
876110252511996,Santosh Sikarwar,Nitin Sikarwar,≤100
1576992652598513,Rajkumar joshi,These ads ran without a disclaimer,≤100
222960707828820,Inshorts,These ads ran without a disclaimer,≤100
462958714447149,Rising Chenab News,These ads ran without a disclaimer,≤100
108048672216963,धनंजय यादव,These ads ran without a disclaimer,≤100
1491946757799159,Dr. Rajendra Moond,These ads ran without a disclaimer,≤100
101337955656873,भाजपा शहर मंडल अध्यक्ष,These ads ran without a disclaimer,≤100
102082139313736,Spyn Inc,These ads ran without a disclaimer,≤100
500243826689996,Wisdom of Solomon's Proverbs,These ads ran without a disclaimer,≤100
345840486219924,Energy China,These ads ran without a disclaimer,≤100
105735065616245,SOFAR,These ads ran without a disclaimer,≤100
147648301978892,Shailesh Dash,These ads ran without a disclaimer,≤100
1834313933459789,BBC StoryWorks,These ads ran without a disclaimer,≤100
107703155980813,EarlyRise,These ads ran without a disclaimer,≤100
102632438543194,Rivers Are Life,These ads ran without a disclaimer,≤100
93889432933,CNA,These ads ran without a disclaimer,≤100
40755480179,Students For Liberty,These ads ran without a disclaimer,≤100