﻿Page ID,Page name,Disclaimer,Amount spent (CLP),Number of ads in Library
337766483715142,Tremendas_cl,TREMENDAS with Facebook ad credits,310472,6
105783868682878,Asistencia Tesorería,Asistencia Tesoreria,137162,9
1548643738480723,Asistencia Deudores,Asistencia Deudores,117267,10
463509033710164,Walmart Chile Vivamos Mejor,Walmart Chile,98604,4
8093963076,Techo - Chile,Pago por TECHO Chile con créditos de anuncios de Facebook,98587,6
106423590853145,Fundación Ciudadanos en Acción,Fundacion Ciudadanos en accion,81009,4
371453409556353,Red Coquimbo,Diarios en Red,78655,15
307330256067716,Red Atacama,Diarios en Red,78214,14
351583768232100,Red Tarapaca,Diarios en Red,76701,14
285417644878678,Red Antofagasta,Diarios en Red,76308,15
105798328215264,Asistencia Familia,Asistencia Familia,58230,2
103463095024719,Curiocity,Curiocíty,45357,4
280326368663728,Asociación de Industriales de Iquique,Asociacion de Industriales Iquique,44180,6
580663538777736,Consejo Minero,Feedback Comunicaciones,35473,2
78617029137,Greenpeace Chile,Fundación Greenpeace Pacífico Sur,35267,3
101077969210224,Corporación Clúster Minero Región de Antofagasta,Corporación Cluster Minero Región Antofagasta,34723,5
246478779511291,Lex Grupo Abogados,Lex Grupo Abogados,29984,1
103527991214141,Cero DICOM,Cero Dicom,24941,8
761606963919174,Somos Aclara,Somos Aclara,22640,3
120295334652273,Enrique Van Rysselberghe Herrera,Enrique Van Rysselberghe Herrera,21192,13
756450494522524,Andrés Jouannet Diputado,Andrés Alfonso Jouannet Valderrama,20821,8
103030962615298,Chile YAAC,Chile YAAC,18880,6
26929188652,El Observatodo,MiVoz.cl,16884,35
968772086505075,Gerardo Espíndola Rojas,Gerardo Alfredo Espíndola Rojas,15540,3
181208945236608,Patria Progresista,Patria Progresista,14648,22
115883738043634,No A Ciclo,No a Ciclo,14582,1
391338058160314,Desafío Chile Sin Basura,Benjamín Jose Cruz Pacheco,14283,2
350025708997760,Minera Vizcachitas,Minera Vizcachitas,13964,3
101439071476201,Laboratorio Chile - Teva,Laboratorio Chile S.A.,13061,1
1101427233255754,Christopher White,Christopher White Bahamondes,12578,5
100500391761859,Corporación Innovarte,Corporacion Innovarte,11736,1
231952623614906,Daniel Melo Diputado,Diputado Daniel Melo,10970,1
438330923602981,Libres Chile,Libres Chile,10389,1
101326581302605,Desafío 10X,Fundación 10X,9963,5
110951722267366,World Vision Chile,World Vision Chile,9750,2
184169995325116,Gerardo Rojas Escudero,Gerardo Rojas Escudero,9140,3
1140435596103153,Asociación Chilena de Municipalidades,Asociación Chilena de Municipalidades,7621,1
103259918760204,Lista negra política.,Cristian Alejandro Vivian Troncoso,7024,1
100826904957145,Centro Científico Tecnológico Región de Antofagasta,CICITEM,6998,1
343265652503533,Municipalidad de Puchuncaví,Ilustre Municipalidad de Puchuncaví,6825,2
100920822361338,Jorge Sepúlveda Diputado,Jorge Alejandro Sepulveda Rosales,5933,2
109626371709961,Salmones Austral,Salmones Austral,5629,6
110405624650830,Chile En La Encrucijada,Juan Antonio Montes Varas,5016,2
110538301760066,Adah.Financiera,Adah Spa,4864,1
104521462060586,Gustavo Alessandri Alcalde Zapallar,Gustavo Alessandri Bascuñan,4777,1
558224964238853,Anglo American,Anglo American,4701,1
101180752297383,Gustavo Benavente Diputado,Gustavo Adolfo Alberto Benavente Vergara,4245,1
478976528820583,I. Municipalidad de La Granja,Brecha Digital Consultores Ltda.,4188,3
112863284811655,Partido Alianza Verde Popular,Partido Alianza Verde Popular,4003,3
106580054753486,Krist Naranjo Gobernadora Independiente Región  De Coquimbo,Krist Pia NIcole Naranjo Peñaloza,4000,9
214215822426016,Punto Prensa,Punto Prensa SPA,3771,1
521470568061848,Maximiliano Ríos,Maximiliano Ríos Galleguillos,3647,1
109244532013769,Eldiarioinmobiliario.cl,These ads ran without a disclaimer,3518,1
173417548106840,Natalia Romero,Natalia Angelica Romero Talguia,3136,1
226593947367922,Cultiva,Cultiva,3009,1
2241627812774263,Felipe Cruz - Concejal de Recoleta,Felipe Andres Cruz Huanchicay,2914,2
110309894432662,Gerald Castillo - Concejal Ovalle,Héctor Rene Baeza Olivares,2757,1
541390972732127,Consejero Regional Rodrigo Vera,Rodrigo Vera Riquelme,2682,1
115046015881560,Alcalde Marcos Morales Ureta,Marcos Antonio Morales Ureta,2520,1
107151670642286,Al Aguaite Sin Censura,Maxi Agustin Soto Yañez,2464,1
106458548157752,sylviacastroconcejala,Sylvia Ariela Del Transito Castro Gonzalez,2380,1
293103284121826,Fundación Para el Progreso,Fundación Para el Progreso,2286,2
2075184192576228,Roberto García Parra,Roberto Antonio García,2253,1
276495626058232,En Tu Propia Late,Jose Luis Silva Perez,2128,1
300345197052910,Pablo Gutierrez Core,Germán Antonio Sepúlveda Mellado,2073,2
126170624336,Amnistía Internacional - Chile,Amnistía Internacional Chile,1537,1
107843817654667,Marcela Mansilla Potocnjak,Rodrigo Alejandro Niño Carrasco,1281,1
102020808805309,Cristian Quilodran Parra,Cristian Quilodran Parra,1087,1
105644649108972,Claudio Urrutia,Claudio Urrutia,1017,1
110447551098230,Fundación Javier Arrieta Chile,These ads ran without a disclaimer,752,2
401014659983460,El Morrocotudo,MiVoz.cl,750,1
307181769365390,El Concecuente,MiVoz.cl,749,1
112660017529864,José Arellano Blanco - Concejal por Alhué,José Andrés Arellano Blanco,686,1
207664915915263,El Magallanews,MiVoz.cl,617,1
100509762252,El Rancahuaso,MiVoz.cl,608,1
179070875549922,El Naveghable,MiVoz.cl,555,1
11317582410,El Repuertero,MiVoz.cl,553,1
105563107533742,Medio Ambiente Freire,These ads ran without a disclaimer,471,1
338109312883186,China Xinhua News,These ads ran without a disclaimer,449,1
107843817654667,Marcela Mansilla Potocnjak,These ads ran without a disclaimer,296,1
161516273891492,Coopeuch,These ads ran without a disclaimer,285,2
106261285598374,demoabierta,These ads ran without a disclaimer,272,1
100925928305320,SOMOS,Anabella Iris Ballesteros Rebollo,240,2
445610352132617,Sam Photography Studios,These ads ran without a disclaimer,152,1
111275955149206,Programa de ligereza y sabor express,These ads ran without a disclaimer,≤100,2
112555455065264,Autos en Peligro,These ads ran without a disclaimer,≤100,1
103597027708447,SuperPlanet Games,These ads ran without a disclaimer,≤100,2
637770583015153,BriCole,These ads ran without a disclaimer,≤100,1
100960082205245,More Hackz - the 1000 page,These ads ran without a disclaimer,≤100,1
102784439372123,Planet Fights,These ads ran without a disclaimer,≤100,1
106385298993758,Thiago Alixandre,These ads ran without a disclaimer,≤100,1
112156883567966,Dr. Luis Lizama,These ads ran without a disclaimer,≤100,1
197074680394276,ExpoForest,These ads ran without a disclaimer,≤100,1
105363750882345,Young Activists Summit,These ads ran without a disclaimer,≤100,2
101801685891012,Revista Knowable,These ads ran without a disclaimer,≤100,1
102916809366515,Rosito Dinero Music,These ads ran without a disclaimer,≤100,1
1623035814584075,Eppendorf do Brasil,These ads ran without a disclaimer,≤100,1
1702138929926817,Mongabay Latam,These ads ran without a disclaimer,≤100,1
101715608808670,Judgment Day: Angel of God,These ads ran without a disclaimer,≤100,1
218798922334223,COFCO,These ads ran without a disclaimer,≤100,1
152914224736727,Banco Mundial,These ads ran without a disclaimer,≤100,1