﻿Page ID,Page name,Disclaimer,Amount spent (USD)
102926700207592,Baghdad News,Baghdad News,≤100
116604321402666,اعلام المرشح عفات حسن الدليان الشمري,اعلام المرشح عفات حسن الدليان الشمري,≤100
132126192341800,أنا البرلمان,Rewaq Baghdad Center For Public Policy,≤100
117954387957590,الحاج ابو كرار الخزرجي,These ads ran without a disclaimer,≤100
104601685777488,النائب سعود الساعدي,النائب سعود الساعدي,≤100
105897702562096,تجمع من أجل الديمقراطية,iDigi marketing,≤100
106995204835895,سوالف Plus,سوالف Plus,≤100
382364165660465,عادل فرج الحلبوسي,عادل فرج الحلبوسي,≤100
399110903587431,دژه تیرۆری کوردستان Kurdistan CT,دژه تیرۆری کوردستان Kurdistan CT,≤100
114491311536369,Mil-ميل,Mil-ميل,≤100
113467921643916,الدكتور مشعان الخزرجي,الدكتور مشعان الخزرجي,≤100
112907531792377,اعلام الدكتورة بشرى دحام الجبوري,اعلام الدكتورة بشرى دحام الجبوري,≤100
170375086953470,صالح الحسناويّ :: Salih Al hasnawi,صالح الحسناويّ :: Salih Al hasnawi,≤100
100598373069311,بالتسعين BIL 90,بالتسعين BIL 90,≤100
1066183836729650,محمد توفيق علاوي,محمد توفيق علاوي,≤100
109900771923337,المهندس عباس جبر العلي المالكي,المهندس عباس جبر العلي المالكي,≤100
108448645342531,BAZ PLUS,BAZ PLUS,≤100
381497365537157,R.C.D مركز الرافدين للحوار,R.C.D مركز الرافدين للحوار,≤100
108160411542178,تقي الوائلي - Taqi Alwaily,تقي الوائلي - Taqi Alwaily,≤100
643647332320553,Orient - أورينت,These ads ran without a disclaimer,≤100
113791238657176,قناة العربية  Al Arabiya,These ads ran without a disclaimer,≤100
112159297197008,حكم العوائل,حكم العوائل,≤100
108058605358180,قناة الاولى العراقية - Alawla TV,قناة الاولى العراقية - Alawla TV,≤100
2452514564770158,المكتب الإعلامي لوزير الداخلية,المكتب الإعلامي لوزير الداخلية,≤100
176907776367332,شنو الأخبار؟,شنو الأخبار؟,≤100
102708061990212,تقدم,تقدم,≤100
101102885457535,جهينة - Juhaina,جهينة - Juhaina,≤100
110666778648167,دولة تقدم,jiballco,≤100
721595564641442,خان جغان,خان جغان,≤100
100474832918847,الشيخ ابراهيم الدليمي,الشيخ ابراهيم الدليمي,≤100
102491929041747,صنع في العراق,These ads ran without a disclaimer,≤100
107713992218075,الشرق العراقي,الشرق العراقي,≤100
467222586811080,شێخەی مەمەند ئاغای ھەمەوەند,شێخەی مەمەند ئاغای ھەمەوەند,≤100
102682039247529,الیقین,الیقین,≤100
115373991478024,هادي العامري - المكتب الإعلامي,هادي العامري - المكتب الإعلامي,≤100
100514884851258,عاجل فقط,عاجل فقط,≤100
104886081432069,حركة البشائر الشبابية,حركة البشائر الشبابية,≤100
122976602433408,ليث الدليمي - Layth Aldulaimi,ليث الدليمي - Layth Aldulaimi,≤100
492511684171110,الغد برس,الغد,≤100
132126192341800,أنا البرلمان,Rewaq Center for Public Policy,≤100
107350002200364,فريق الجهد الخدمي والهندسي,فريق الجهد الخدمي والهندسي,≤100
111219781500891,جوبا - JUBA,جوبا - JUBA,≤100
102078354599744,محبي المهندس عمار موسى كاظم,محبي المهندس عمار موسى كاظم,≤100
136255489795328,Earthlink Telecommunications ايرثلنك للاتصالات,These ads ran without a disclaimer,≤100
102220024489751,كلنا كركوك,كلنا كركوك,≤100
111763060956749,قلم دولة القانون,قلم دولة القانون,≤100
407001929890342,الاعلامي بهاء المستشار,الاعلامي بهاء المستشار,≤100
103339376118761,إئتلاف دولة القانون/ حركة حدود,إئتلاف دولة القانون/ حركة حدود,≤100
2003953506544982,ائتلاف النصر,Al-Nasar,≤100
1816623088651940,مشرق الفريجي,مشرق الفريجي,≤100
101170409596885,واحد برلمان,واحد برلمان,≤100
102634376208337,عين الحكومة,freetimecompany,≤100
103394661564021,الوطن محتاجك,الوطن محتاجك,≤100
101963982766453,لافين.,These ads ran without a disclaimer,≤100
203265660007239,الزعيم,الزعيم,≤100
186155201748058,الهيئة العليا للحج والعمرة,الهيئة العليا للحج والعمرة,≤100
267078350122003,الدكتور ماجد شنكالي,الدكتور ماجد شنكالي,≤100
102972181270368,رئيس مسلفن,رئيس مسلفن,≤100
105835761935325,حسين العوادي,حسين العوادي,≤100
671428679961042,نهضة الأنبار,نهضة الأنبار,≤100
106769595575705,كاطع ناصريه,كاطع ناصريه,≤100
100333398208632,ابن الفرات ودجلة,ابن الفرات ودجلة,≤100
103560309271906,کتلة الحزب الديمقراطي الكوردستاني في مجلس النواب العراقي,کتلة الحزب الديمقراطي الكوردستاني في مجلس النواب العراقي,≤100
537851572942101,المهندس رياض محسن العقابي,freetimecompany,≤100
103721784528052,رجل الصولات,رجل الصولات,≤100
102310714635446,احمد الذواق,احمد الذواق,≤100
110735054899289,Lapere,Lapere,≤100
418944648163190,باقر جبر الزبيدي,باقر جبر الزبيدي,≤100
101638199426926,ثابت محمد العباسي,ثابت محمد العباسي,≤100
108161438940365,شركة الغسق الدولية للمقاولات العامة,شركة الغسق الدولية للمقاولات العامة,≤100
103079074842359,مع المالكي,مع المالكي,≤100
472044706703515,مكتبة نوسكا,These ads ran without a disclaimer,≤100
112948751821206,طريق التنمية,طريق التنمية,≤100
234315270085663,Yerdili - يردلي,JIBALL,≤100
101135808120964,بس خل أفهمك,بس خل أفهمك,≤100
109447781346241,النائب ياسر المالكي,النائب ياسر المالكي,≤100
100737741795037,AL-N TV,These ads ran without a disclaimer,≤100
388566237994155,كاطع ناصريه.بناء بيوت للايتام مواد غذائية ومنزلية وطبيب وغيرها,كاطع ناصريه.بناء بيوت للايتام مواد غذائية ومنزلية وطبيب وغيرها,≤100
107361218100874,Dw Der - دوو دێر,Dw Der - دوو دێر,≤100
113572453532430,عواجل عراقية,عواجل عراقية,≤100
107461271287114,ملتقى البشائر,ملتقى البشائر,≤100
101964988731653,محسن المندلاوي,محسن المندلاوي,≤100
111726820422997,الزاوية صفر,jiball,≤100
104296019341554,إعلام الجبهة التركمانية العراقية / فرع بغداد,These ads ran without a disclaimer,≤100
107471465676126,المكتب الإعلامي لوزير الدفاع العراقي,المكتب الإعلامي لوزير الدفاع العراقي,≤100
101993412047792,مهندس الديوانية Diwaniya engineer,مهندس الديوانية Diwaniya engineer,≤100
2200025410238656,مركز نداء الرافدين للبحوث والدراسات الإستراتيجية,مركز نداء الرافدين للبحوث والدراسات الإستراتيجية,≤100
104738227873528,هيا بغداد - Haya Baghdad,هيا بغداد - Haya Baghdad,≤100
108087198273009,جمعية اهل الكويت لحقوق المبعدين,جمعية اهل الكويت لحقوق المبعدين,≤100
101643555790443,همام علي مهدي  التميمي,همام علي مهدي  التميمي,≤100
101088546158554,پوک میدیا,PUKMEDIA Official,≤100
276686282715100,وزارة العدل العراقية,وزارة العدل العراقية,≤100
668246513252365,المهندس نصيف جاسم الخطابي محافظ كربلاء المقدسة,المهندس نصيف جاسم الخطابي محافظ كربلاء المقدسة,≤100
105146715673768,مظلات وخيم محلات الشرق,These ads ran without a disclaimer,≤100
108153498939891,Mohammed Abdulhammed,Mohammed Abdulhammed,≤100
102581416014304,واحد حكومة,These ads ran without a disclaimer,≤100
143435839066780,د.خالد شواني,Dashti Salam Saeed,≤100
147161912626120,شـيروان الدوبـرداني,شـيروان الدوبـرداني,≤100
1447878605441640,وزارة الدفاع العراقية,وزارة الدفاع العراقية,≤100
2769976743077006,دلسوزێت مەسرور بارزانى,دلسوزێت مەسرور بارزانى,≤100
104881440913933,یەکێتی لاوانی دیموکراتی کوردستان Kurdistan Democratic Youth Union,These ads ran without a disclaimer,≤100
100642098847777,Shwan Kalary شوان کەلاری,Shwan Kalary شوان کەلاری,≤100
102687942750312,Wagon,Wagon,≤100
112048801639488,Zoom News,Zoom News,≤100
101741622757697,Chaw+,Chaw+,≤100
486820705424112,سيروان روژبیاني Sirwan  Rozhbayani,سيروان روژبیاني Sirwan  Rozhbayani,≤100
106731608777296,DGK RADIO,DGK,≤100
104043631791120,النائب علي حاتم المكصوصي,النائب علي حاتم المكصوصي,≤100
108058605358180,قناة الاولى العراقية - Alawla TV,These ads ran without a disclaimer,≤100
114928403742299,القشاش,These ads ran without a disclaimer,≤100
1710947889173929,محمد جميل المياحي,محمد جميل المياحي,≤100
103148919323302,Mosul.net,Mosul.net,≤100
134150653297803,المعهد التقني / الموصل,These ads ran without a disclaimer,≤100
104366687650231,Barzan Media میدیای بارزان,Barzan Media میدیای بارزان,≤100
347061666033767,ملفاتي محتركة,ملفاتي محتركة,≤100
536916006441728,النائبة ناهدة الدايني,النائبة ناهدة الدايني,≤100
108901438786484,حركة سومريون,حركة سومريون,≤100
102007722513738,World Future Awards,These ads ran without a disclaimer,≤100
109425338712897,مملكة نينوى,مملكة نينوى,≤100
109043764255772,a_alsammarraie,These ads ran without a disclaimer,≤100
107268572128931,علي الناصري،,These ads ran without a disclaimer,≤100
402052193189194,Siemens,These ads ran without a disclaimer,≤100