﻿Page ID,Page name,Disclaimer,Amount spent (PKR)
282015575255187,Moonis Elahi,Moonis Elahi,2379
109493084543028,Four Corners with Tarar,NEXT TV,≤100
252434368713670,Humayun Akhtar Khan,Humayun Akhtar Khan,≤100
107801948674316,BBU News WORLD,BBU NEWS WORLD,≤100
304781399652673,Jamshed Iqbal Cheema,Jamshed Iqbal Cheema,≤100
389438921109161,Touseef Abbasi,Touseef Abbasi,≤100
240488586026340,"SINA Health, Education & Welfare Trust","SINA Health, Education & Welfare Trust",≤100
105396082410434,Pakistan News,Osama Rehman Butt,≤100
313900859405651,Dastak Foundation,These ads ran without a disclaimer,≤100
115445627811504,Muhammad Kashif Mairaj,Muhammad Kashif Mairaj,≤100
1128193594033813,Mian Rohail Ashraf,Shahzad Abbas,≤100
106024318966127,Bayaniya,Neo News (FUN INFOTAINMENT PVT LTD),≤100
1706863532970589,Nasir Hashmi,Osama Rehman Butt,≤100
158714780827513,UNFPA,These ads ran without a disclaimer,≤100
439602326768171,Azhar Qazi Mashwani,Azhar Qazi Mashwani,≤100
108731623986929,Voice of Sindh,Voice of Sindh,≤100
106541675541307,RMT Rabiatalks,RMT Rabiatalks,≤100
102758292616946,Reality News,These ads ran without a disclaimer,≤100
104616939155966,Mir Shafiq Ur Rahman Mengal,These ads ran without a disclaimer,≤100
102255384541712,Hatim Communication,Haider Munir,≤100
107345512183938,Ch Gulfam Virk - MPA PP-57,Asad Iqbal,≤100
100697576098234,Tayyab Akbar Ali,These ads ran without a disclaimer,≤100
184583715592906,EX Senator Haji Abdul Rahman Faqeer,These ads ran without a disclaimer,≤100
191347651290,China Daily,These ads ran without a disclaimer,≤100
345383962211058,Infineon Technologies AG,These ads ran without a disclaimer,≤100
102415047928145,Shanghai Electric,These ads ran without a disclaimer,≤100
565225540184937,CGTN,These ads ran without a disclaimer,≤100
127203033982620,GATE,These ads ran without a disclaimer,≤100
223287104715778,Oxfam,These ads ran without a disclaimer,≤100