﻿Page ID,Page name,Disclaimer,Amount spent (USD)
324882354342147,Krivosheev.live,Krivosheev.live,≤100
110307253876087,Akorda.news,Akorda.news,≤100
110656358529482,Go Up Online,These ads ran without a disclaimer,≤100
108625789179165,Soi Dog Foundation,These ads ran without a disclaimer,≤100
170032706814473,Республика - Kazakhstan 2.0,Республика - Kazakhstan 2.0,≤100
109529875467984,Brainy Corp,These ads ran without a disclaimer,≤100
138841656150203,Halyk Bank,Halyk Bank,≤100
144776752025,Голос Америки,These ads ran without a disclaimer,≤100
143575699631281,DecoStone - Жидкий травертин в Алматы,These ads ran without a disclaimer,≤100