﻿Page ID,Page name,Disclaimer,Amount spent (PEN)
101665683225827,José Luna Gálvez - Pepe Luna,Laidy Diana Peceros Espinoza,≤100
109019574560600,Aula Gaceta,Joel V. Supo Baldo,≤100
142062936237878,Goberna,Goberna,≤100
264223880347121,Lampadia Oficial,LAMPADIA,≤100
335551357288,Flor de Maria Hurtado Valdez,Flor De Maria Hurtado Valdez,≤100
100330785132565,Saca tu cuenta,Juan Jose Garcia Chau,≤100
1470976356522933,Daniel Urresti,Diana Huancaya Matos De Urresti,≤100
145605348814317,Centro Cultural Petroperú,Reynaldo Arturo Hermoso Chavez,≤100
173144229408518,RENIECPERU,RENIECPERU,≤100
104264071546502,Asociación de Regidores del Perú - ARPE,Harvey Lennin Quiñones Patricio,≤100
101053675911037,Fabri & Asociados Consultoría Política y de Mercadeo,Whilber Eugenio Huallanca Conde,≤100
1897126257190528,Instituto Latinoamericano de Capacitaciones Jurídicas-ILCJ,ILCJ,≤100
173144229408518,RENIECPERU,Registro Nacional de Identificación y Estado Civil,≤100
106666041256404,Elizabeth Medina,Elizabeth Medina,≤100
417661094920749,Mas Que Consumidores,Abdon César Augusto Delgado La Cotera,≤100
726639864121599,Perla Espinoza,Maria Perla Espinoza Aquino,≤100
462790453744032,Sutep,Sindicato Unitario de Trabajadores en la Educación del Perú - SUTEP,≤100
100866794872284,Chris Villalobos,Chris Valery Villalobos Muñoz,≤100
196140697656186,Len Corell,Ricardo Felix Coral,≤100
887873504612353,R&G Indumentaria de Higiene y Seguridad,R&G Seguridad e Higiene Industrial SAC,≤100
110017409083497,"""Area Para el Desarrollo en Valores Humanos"" (Instituto Sai Peru)",Juan Carlos Ponce de León Aguirre,≤100
200857600643943,Intercambio,Compañía de Jesús Provincia Del Perú,≤100
316564475960113,Estudio Jurídico Tarazona & Asociados,Diego Alberto Isla Yengle,≤100
103215021752312,Alejandro Soto Reyes- Congresista de la República,Phenelope Jhoana Contreras Cabezas,≤100
134744467293540,Prensa Maleño,These ads ran without a disclaimer,≤100
202667836433180,Casaideas Perú,These ads ran without a disclaimer,≤100
128658700504745,Educación Continua USMP,These ads ran without a disclaimer,≤100
102382772020688,Inspenet,These ads ran without a disclaimer,≤100
816566945032674,Papumba,These ads ran without a disclaimer,≤100