﻿Page ID,Page name,Disclaimer,Amount spent (JPY)
684161888345926,西日本新聞me,西日本新聞me,30377
112523977041775,参政党,参政党,5930
1904070096535109,スマート選挙,株式会社センキョ,4644
651801698258818,NewsTV,NewsTV,3693
475681929154100,国連UNHCR協会,国連UNHCR協会,1410
108491485442354,下川たかひこ後援会,下川たかひこ後援会,1086
239558679475625,株式会社トマス技術研究所,Kenji Fukutomi,1055
208661552479830,日本財団,Shigeru Fujita,583
103914976352692,選挙ドットコム,イチニ株式会社,562
111168231729960,前野まみこ,前野まみこ,520
579187028792625,社長と会社の手元現金を増やす仕組みづくりの専門家,社長と会社の手元現金を増やす仕組みづくりの専門家,390
1574213032824051,交通事故を検証する。,鶴田 敬治,314
270368192998908,世田谷区議会議員  あべ力也,阿部 力也,181
100410722642247,日立建機日本 / Hitachi CM Japan,These ads ran without a disclaimer,158
100251962938282,スピリチュアル心理,These ads ran without a disclaimer,155
522037684635166,MAHLE,These ads ran without a disclaimer,144
107367904080878,VIVA-たいけん美じゅつ場-,NPO法人取手アートプロジェクトオフィス,≤100
151214938794853,ミエセン,ジャッグジャパン株式会社,≤100
547986165247623,NPO法人 多民族共生人権教育センター,NPO法人 多民族共生人権教育センター,≤100
1931657160431977,税理士法人ネイチャー,These ads ran without a disclaimer,≤100
115247946520017,電波オークションを実現する会,Mitsumasa Kato,≤100
100199881840737,Minghui Japan（ミンフイ　ジャパン）ー明慧日本,明慧日本,≤100
104533215755145,ZOE_Japan,ZOE Japan,≤100
105412039035833,ごちマル /Gochiso Marché,These ads ran without a disclaimer,≤100
881025135256351,Japan In-depth,Japan In-depth,≤100
435250336532462,財界さっぽろ,Daisuke Shimizu,≤100
259163764160829,FoE Japan,FoE Japan,≤100
123217824515511,牛見 航  /  山口県防府市議会議員,Wataru Ushimi,≤100
1672330153015605,透明アクリル業者票,アドアチーブ株式会社,≤100
1607696895913679,日経プラス９サタデー　ニュースの疑問,Takamasa Kikawa,≤100
464822496891330,いい投票／e投票,株式会社グラント,≤100
426981831471929,仙台市議会議員　田村勝,田村勝,≤100
202583169763255,Samuelis Baumgarte Galerie,These ads ran without a disclaimer,≤100