﻿Page ID,Page name,Disclaimer,Amount spent (EGP)
145505648808327,Resala Charity Organization - جمعية رسالة للاعمال الخيرية,Mohamed Al Ayyat,1622
145505648808327,Resala Charity Organization - جمعية رسالة للاعمال الخيرية,Resala Charity Organization - جمعية رسالة للاعمال الخيرية,480
798673866859390,ETC TV,ETC TV,333
1579361805610086,أحمد بلال البرلسي - عضو مجلس النواب المصري,أحمد بلال البرلسي - عضو مجلس النواب المصري,≤100
233233270143257,Mohamed Fouda,Mohamed Fouda,≤100
101516486048536,CDIS - Egypt Cybersecurity & Data Intelligence Systems Conference & Expo,CDIS Cybersecurity and Data Intelligence Conference and Expo,≤100
102752291431181,المهندس حازم الجندي - Hazem ElGendy,المهندس حازم الجندي - Hazem ElGendy,≤100
181524565276709,الهلال الأحمر المصري - Egyptian Red Crescent,الهلال الأحمر المصري - Egyptian Red Crescent,≤100
1012904038778488,سامح فتحي حبيب,سامح فتحي حبيب,≤100
100835565731657,Ahmed Amin Massoud - أحمد أمين مسعود,Ahmed Amin Massoud - أحمد أمين مسعود,≤100
166420296805460,حزب المحافظين,حزب المحافظين,≤100
595025640685644,النائبة شيرين عبد العزيز - Sherin abdelaziz,النائبة شيرين عبد العزيز - Sherin abdelaziz,≤100
101009088774421,حزب حماة الوطن,حزب حماة الوطن,≤100
192320965049184,الإعلامية نيفين منصور,Nivine Mansour,≤100
273900239400893,نقابة المحامين المصرية,نقابة المحامين المصرية,≤100
106719921012688,Ahmed Bahaa Shalaby-أحمد بهاء شلبي,Integrated Marketing Communications For Media.IMC,≤100
340577086006224,CRI German,These ads ran without a disclaimer,≤100
104290582016222,Food today,Food today,≤100
354968941204659,الدكتور أيمن أبو العلا عضو مجلس النواب,الدكتور أيمن أبو العلا عضو مجلس النواب,≤100
104498482361244,شفرة الحقيقة - Eslam Elbahrawy,إسلام البحراوي,≤100
535371883202755,Freddy Elbaiady  صفحة فريدي البياضي,Freddy Elbaiady  صفحة فريدي البياضي,≤100
103551715581032,Abdallah Ramadan -عبدالله رمضان,معتز عادل,≤100
110877857406073,المهندس حسام لبن,المهندس حسام لبن,≤100
101361307958442,Mohamad ElGarhy,محمد السيد عبد الستار,≤100
110734497396339,محمود سامي - 𝐌𝐚𝐡𝐦𝐨𝐮𝐝 𝐒𝐚𝐦𝐲,Mahmoud Samy,≤100
176956519017843,الحزب المصري الديمقراطي الاجتماعي,Mona Shammakh,≤100
111393504057042,د/ مها عبد الناصر,د/ مها عبد الناصر,≤100
532134937722830,النائبة أميرة بهاء الدين أبو شقة,Gehad Ali,≤100
121502487925668,د/ محمد الجندي - Mohamed Elgendy,د/ محمد الجندي - Mohamed Elgendy,≤100
1916894871881712,يونس عبدالرازق - Younes abdelrazek,يونس عبدالرازق - Younes abdelrazek,≤100
255364564480829,Abdelmonem Emam -  عبد المنعم إمام,Abdelmonem Emam -  عبد المنعم إمام,≤100
1424610401122573,هاني العتال - Hany Alattal,محمد السيد عبد الستار,≤100
101586878327765,Hassanein Tawfiq - حسانين توفيق,Hassanein Tawfiq - حسانين توفيق,≤100
103745798627292,المستشار ماهر ميلاد اسكندر,المستشار ماهر ميلاد اسكندر,≤100
102117062841057,الصفحه الرسميه للنائبه الدكتوره حنان عمار,Omar Abdelaziz,≤100
105872082337085,النائب أحمد عبدالجواد,ابراهيم احمد ابراهيم محمد,≤100
111086937788265,موقع تحيا مصر - Tahiamasr News,موقع تحيا مصر - Tahiamasr News,≤100
1934139156895621,د.خالد قنديل Dr.Khaled Kandel,Basel Noufal,≤100
117197414641940,أحمد سمير - الصفحــة الرسمية,These ads ran without a disclaimer,≤100
103291013528894,Dr.Mokhtar Gomaa,Ahmed Zaatar,≤100
2298420967037841,النائب محمد عزت عرفات,فاضل ابراهيم,≤100
104119962338191,محمد عبد السلام الديب,محمد عبد السلام الديب,≤100
105096455624550,Tamer abdelhamid - تامر عبد الحميد,Tamer abdelhamid - تامر عبد الحميد,≤100
112884131660592,أسامة جاويش-Osama Gaweesh,These ads ran without a disclaimer,≤100
118992379972310,Fatmah Selim - فاطمة سليم,Fatmah Selim - فاطمة سليم,≤100
327466307448314,محمد اسماعيل الشريف,محمد  الشريف,≤100
103571604973098,هشام حسين - Hesham Hussein,هشام حسين - Hesham Hussein,≤100
114656270386906,النائب الصافي عبد العال الصغير,النائب الصافي عبد العال الصغير,≤100
118932207798163,Rehab Eltehewy - رحاب التحيوي,Rehab Eltehewy - رحاب التحيوي,≤100
308088503057656,النائب محمود عصام,النائب محمود عصام,≤100
108927510969680,الصفحة الرسمية للنائبة د. صبورة السيد,الصفحة الرسمية للنائبة د. صبورة السيد,≤100
100596279260535,doniaamohamedd__,These ads ran without a disclaimer,≤100
106586485351141,صفحة النائب اشرف الشبراوي ابو العلا,Elsayed Mohamed Ali,≤100
104864037834748,المستشار شعبان رأفت عبداللطيف,Mohamed Helmy,≤100
117690156743688,النائب حافظ عمران,Shôükrý Ömrãñ,≤100
112161944845807,Nevein Basiouny,Muhammad Nash'at,≤100
110576720422305,Akram Ebrahem,Akram Ebrahem,≤100
666470146818916,مؤسسة جبر القلوب,Mohamed Elsafty,≤100
103086629281243,محمد الشنراوي,محمد الشنراوي,≤100
367290327457959,MP/Abdelsalam Elkhadrawy - عبدالسلام الخضراوي,MP/Abdelsalam Elkhadrawy - عبدالسلام الخضراوي,≤100
1994786354105727,النائب أحمد فرغلى,احمد فرغلى,≤100
380937009024559,Kashqol كشكول التعليمى,Kareem Ahmed Abdul Ghani,≤100
104198795953934,أصدقاء مرضى الأورام بالشرقية,Mohamed Basher,≤100
103204975886755,البديوي السيد - الصفحة الرسمية,Mohamed Elbedewy,≤100
100260044903448,دعاء عريبي,دعاء عريبي,≤100
113101433777546,Essam Diab - عصام دياب,Mahmoud Mostafa Ghorab,≤100
109093158038193,Mohamed El Manzalawi - محمد المنزلاوي,Mohamed El Manzalawi - محمد المنزلاوي,≤100
208371683037269,NBCU Catalyst,These ads ran without a disclaimer,≤100
142329112477770,البنك الدولي,These ads ran without a disclaimer,≤100