﻿Page ID,Page name,Disclaimer,Amount spent (USD)
115610190354167,Maguette Sène Officiel,Maguette Sène Officiel,≤100
101576436228266,Ndongo2024,Ndongo Ndiaye,≤100
110986297266758,Mamadou Saliou Sow,Raissa Bindia,≤100
435439877192516,Ndiack LAKH,These ads ran without a disclaimer,≤100
104189875729285,Meleye Seck l'officiel,Meleye Seck,≤100
119313027795101,forum_pharmaceutique,These ads ran without a disclaimer,≤100
294156680642188,Florence and the Machine images (imágenes de Flo),These ads ran without a disclaimer,≤100
142329112477770,البنك الدولي,These ads ran without a disclaimer,≤100
1286486861452393,Asia World Model United Nations,These ads ran without a disclaimer,≤100
111445737300772,ELIT,These ads ran without a disclaimer,≤100
102527662620109,Inside Out Centre for the Arts,These ads ran without a disclaimer,≤100
112634255115232,Community Healthcare Services,These ads ran without a disclaimer,≤100
149290745229517,Online Antisemitism Task Force,These ads ran without a disclaimer,≤100
101079809576012,KAMA NA MUNU,These ads ran without a disclaimer,≤100
104521152200528,LONGi Solar Afrique,These ads ran without a disclaimer,≤100
146947445351555,مركز الفكر الاستراتيجي للدراسات,These ads ran without a disclaimer,≤100