﻿Page ID,Page name,Disclaimer,Amount spent (USD)
192448150001,Jeff Anderson & Associates,Jeffrey R Anderson PA,1831
32682889528,U.S. Chamber of Commerce,The U.S. Chamber of Commerce,1092
70995214846,Business Roundtable,Business Roundtable,973
314499212242,Pfizer,Pfizer Inc.,831
100801038449520,Natural Allies for a Clean Energy Future,"Natural Allies, Inc.",788
111994897803195,What's Good,Rare with Facebook Ad Credits,673
152759126824,Enbridge,Enbridge Inc.,528
109302298215608,DC Students Succeed,DC Students Succeed,512
172758932738142,PhRMA,PHARMACEUTICAL RESEARCH AND MANUFACTURERS OF AMERICA,289
100311159345361,Protecting Our Future,Protecting Our Future Inc,289
101165966152,AFL-CIO,AFL-CIO,228
97279934919,bp America,BP CORPORATION NORTH AMERICA INC.,226
100249953038234,Capital Access Alliance,Capital Access Alliance,193
7860876103,Joe Biden,BIDEN VICTORY FUND,188
24330467048,Americans for Prosperity,AMERICANS FOR PROSPERITY,179
851220855030432,J.P. Morgan,"JPMORGAN CHASE BANK, NA",171
309798029121030,Everytown for Gun Safety,Everytown for Gun Safety Action Fund Inc,166
113700235012127,DC Charter School Action,DC Charter School Action,164
294196590710262,FWD.us,FWD.us,156
103075334816156,UFCW Votes,UNITED FOOD AND COMMERCIAL WORKERS INTERNATIONAL UNION,154
120945717945722,Uber,Uber,145
258062237693141,Rural & Agriculture Council of America,Rural & Agriculture Council of America,135
187005858017014,Climate Power,Climate Power,124
1725148701106705,AmeriHealth Caritas District of Columbia,ROIG Communications,119
358113240871900,Nuclear Energy Institute,"NUCLEAR ENERGY INSTITUTE, INC.",119
104973821688428,American Accountability Foundation,American Accountability Foundation,116
7030901126,Campaign for Tobacco-Free Kids,Campaign for Tobacco-Free Kids,116
250600588264,Center Maryland,Center Maryland,≤100
240937060405,Center for Science in the Public Interest (CSPI),Center for Science in the Public Interest,≤100
427084097477881,AHIP,America's Health Insurance Plans,≤100
205950220546,DC Public Schools,DC Public Schools,≤100
16477459734,League of Conservation Voters,League of Conservation Voters Education Fund,≤100
112552187080266,Protecting Every Future,American Council of Life Insurers,≤100
101647259395520,Project on Constitutional Originalism and CIT,Project on Constitutional Originalism and CIT - Catholic University of America,≤100
7341997111,Conservation International,Conservation International with Facebook Ad Credits,≤100
6514736316,Walden University,Walden University,≤100
18982436812,ACLU,American Civil Liberties Union,≤100
101560972629070,District of Columbia Department of Buildings,DC Department of Buildings,≤100
147368882623027,Black Futures Lab,Black Futures Lab,≤100
110220648127715,Federal Newswire,Metric Media LLC,≤100
29883711738,Independent Women's Voice,Independent Women's Voice,≤100
376006035816016,Storyworth,These ads ran without a disclaimer,≤100
533987556776948,Campaign for Sustainable Rx Pricing,Campaign for Sustainable Rx Pricing,≤100
152002971521619,Senator Roland Gutierrez,Roland Gutierrez Campaign,≤100
215653202574079,Future Majority,"Future Majority, Inc",≤100
110411398584,NRECA,National Rural Electric Cooperative Association,≤100
24413227922,Kamala Harris,BIDEN VICTORY FUND,≤100
416881135151093,Montgomery County Republican Party,Montgomery County Republican Party,≤100
129255907131113,NumbersUSA,NUMBERSUSA EDUCATION AND RESEARCH FOUNDATION,≤100
106244251043808,America's Plastic Makers,"AMERICAN CHEMISTRY COUNCIL, INC.",≤100
107483817554072,WorkMoney,WorkMoney,≤100
555787351119974,Coalition to Protect America's Health Care,Coalition to Protect America’s Health Care,≤100
100327808877842,5Gfor12GHz Coalition,5G for 12 GHz Coalition,≤100
101432317199,Blue Cross and Blue Shield Association,BLUE CROSS AND BLUE SHIELD ASSOCIATION,≤100
103807629149771,Working Forests Initiative,"WORKING FOREST INITIATIVE, INC.",≤100
100104419147228,Do Good Chicken,DO GOOD FOODS LLC,≤100
198213743669747,DC Jobs With Justice,DC JOBS WITH JUSTICE,≤100
83996318078,Change.org,"Change.org, PBC",≤100
15771560300,Earthjustice,EARTHJUSTICE,≤100
57259033959,AARP,AARP,≤100
366741496830,Southern California Edison (SCE),Southern California Edison,≤100
269479249997,NSSF—The Firearm Industry Trade Association,National Shooting Sports Foundation,≤100
122258358636926,Sound of Freedom Movie,"Sound of Freedom, LLC",≤100
127225910653607,PragerU,PragerU,≤100
8492293163,Environmental Defense Fund,Environmental Defense Fund,≤100
455362921562545,American Exploration & Production Council,American Exploration & Production Council Inc,≤100
342294162453301,Planned Parenthood,Planned Parenthood Federation of America,≤100
18709174006,National Audubon Society,"NATIONAL AUDUBON SOCIETY, INC.",≤100
115586705184532,National Grocers Association,NATIONAL GROCERS ASSOCIATION,≤100
76470053424,TIAA,TEACHERS INSURANCE AND ANNUITY ASSOCIATION OF AMERICA,≤100
30139072158,CARE,CARE,≤100
309308412520731,Sandy Hook Promise,Sandy Hook Promise,≤100
7292655492,MoveOn,MOVEON.ORG POLITICAL ACTION,≤100
121626482110,Operation Smile,OPERATION SMILE,≤100
1505244559517282,Colin Allred,COLIN ALLRED FOR SENATE,≤100
592707041080920,Stand Together,Stand Together Chamber of Commerce Inc.,≤100
6012633110,Communications Workers of America,"COMMUNICATIONS WORKERS OF AMERICA, AFL-CIO, CLC",≤100
185886644779524,Public Service Commission of the District of Columbia,Public Service Commission of the District of Columbia,≤100
11791104453,NRDC,Natural Resources Defense Council,≤100
2327301180622480,Voices for Non-Opioid Choices,Voices for Non-Opioid Choices,≤100
6236054211,Brady: United Against Gun Violence,Brady Campaign to Prevent Gun Violence,≤100
140357056032320,NEA Today,National Education Association,≤100
1316372698453411,Alexandria Ocasio-Cortez,Alexandria Ocasio-Cortez for Congress,≤100
157916567589272,Greater Capital Area Association of Realtors (GCAAR),Greater Capital Area Association of REALTORS®,≤100
109320440856128,Stand Up to Jewish Hate,"Foundation to Combat Anti-Semitism, Inc.",≤100
112600915451330,No Labels,No Labels,≤100
203197030603239,8 Billion Trees,8 Billion Trees LLC,≤100
216311481960,Bill Gates,Bill Gates,≤100
80562389320,NARAL Pro-Choice America,NARAL PRO-CHOICE AMERICA CORP,≤100
6041057841,The Humane Society of the United States,"HUMANE SOCIETY OF THE UNITED STATES, THE",≤100
117035838874100,Preventive Measures,"Preventive Measures, Inc.",≤100
13885075114,Action Against Hunger USA,ACTION AGAINST HUNGER - USA,≤100
570092813023833,Matt Walsh,The Daily Wire,≤100
1165715730222155,Consumer Choice Center,Consumer Choice Center,≤100
431891506856669,Dove,Unilever,≤100
213191459362508,Steve Descano,Friends of Steve Descano,≤100
15239367801,The Wilderness Society,"WILDERNESS SOCIETY, THE",≤100
284293125336159,Regulatory Transparency Project,FEDERALIST SOCIETY FOR LAW & PUBLIC POLICY STUDIES,≤100
546066468753446,Black Health Matters,BLACK HEALTH MATTERS FOUNDATION INC,≤100
38235851310,USA for UNHCR,UNITED STATES ASSOCIATION FOR UNHCR,≤100
159658557547960,Wall Street Journal Opinion,The Wall Street Journal,≤100
119179864471742,Maryland Clergy Sex Abuse Claims,These ads ran without a disclaimer,≤100
268382283265857,ASH: Action on Smoking & Health,Action on Smoking & Health,≤100
1413858742171052,Melinda French Gates,Melinda French Gates,≤100
103588388469410,Disparity Trap,Disparity Trap,≤100
103715861368344,McCormick & Company,MCCORMICK & COMPANY INC,≤100
2056485407811667,Clean Energy for Maryland,Waldron Strategies,≤100
108268161352786,Stanley M. Herzog Foundation,Herzog Foundation,≤100
105561217523274,The Dispatch,"Dispatch Media, Inc.",≤100
103375628943529,Adam Frisch,Adam for Colorado,≤100
104760636770,Vera Institute of Justice,Vera Institute of Justice,≤100
109599248636777,Consumer Credit Card Protection Coalition,CONSUMER CREDIT CARD PROTECTION COALITION,≤100
7341997111,Conservation International,Conservation International,≤100
100113541464939,Start Early,Start Early,≤100
107764430968176,Tuttle Twins TV Show,"Tuttle Twins Show, LLC",≤100
104933662932387,CreativeFuture,CreativeFuture,≤100
85273022315,NAMI,NAMI,≤100
252814820267,HIAS,HIAS,≤100
23875187730,Feeding America,Feeding America,≤100
1290536624348001,Informed Immigrant,FWD.us Education Fund,≤100
385473284886474,Hillsdale College,Hillsdale College,≤100
72931140459,Center for Biological Diversity,"CENTER FOR BIOLOGICAL DIVERSITY, INC.",≤100
161183970656851,Ruben Gallego,GALLEGO FOR ARIZONA,≤100
111824001908,Hakeem Jeffries,JEFFRIES FOR CONGRESS,≤100
101095043361,Americans United for Life,AMERICANS UNITED FOR LIFE,≤100
170491079663777,The Sentencing Project,"SENTENCING PROJECT INC, THE",≤100
40217893542,AIPAC,AIPAC,≤100
114008535880,Foundation for Individual Rights and Expression,FOUNDATION FOR INDIVIDUAL RIGHTS IN EDUCATION,≤100
117196981332058,Let's Get Loud,Let's Get Loud,≤100
8934429638,Planned Parenthood Action,Planned Parenthood Action Fund,≤100
29717379728,International Justice Mission,International Justice Mission,≤100
376776419037747,Turning Point USA,"Turning Point USA, Inc.",≤100
878935975829857,Healthcare Supply Chain Association,Healthcare Supply Chain Association,≤100
163677593815877,Computer & Communications Industry Association,COMPUTER & COMMUNICATIONS INDUSTRY ASSOCIATION,≤100
61492859575,Americares,"Americares Foundation, Inc.",≤100
299405436754707,FP1 Strategies,FP1 Strategies,≤100
96935476345,Democratic Governors Association (DGA),"Democratic Action, democraticgovernors.org, not authorized by any candidate or candidate's committee.",≤100
6266829799,Sherrod Brown,FRIENDS OF SHERROD BROWN,≤100
303374266418976,AFPM,American Fuel & Petrochemical Manufacturers,≤100
37461287798,Jesuit Refugee Service/USA,JESUIT REFUGEE SERVICE INC,≤100
6204742571,Sierra Club,SIERRA CLUB,≤100
43005439032,American Diabetes Association,American Diabetes Association,≤100
327853590558653,"Agri-Pulse Communications, Inc.","AGRI-PULSE COMMUNICATIONS, INC.",≤100
131306317680000,Social Goods,"Social Goods, LLC",≤100
896759427103774,Modern Medicaid Alliance,Modern Medicaid Alliance,≤100
580610428636345,Fight for $15,Fight for $15,≤100
8914040942,Chesapeake Bay Foundation,"CHESAPEAKE BAY FOUNDATION, INC., THE",≤100
19036504767,Center for Victims of Torture,"CENTER FOR VICTIMS OF TORTURE, THE",≤100
1461100540775171,The Tuttle Twins,LIBERTAS INSTITUTE,≤100
19984154032,Great Performances l PBS,WNET,≤100
50982313030,Food & Water Watch,Food & Water Watch,≤100
215144770606,American Muslims for Palestine,Ajp Educational Foundation Inc,≤100
109716011638325,Jane Fonda Climate PAC,JANE FONDA CLIMATE PAC,≤100
7192716362,Amnesty International USA,"AMNESTY INTERNATIONAL OF THE U. S. A., INC.",≤100
142432192446984,David Horowitz Freedom Center,David Horowitz Freedom Center,≤100
353237777925,Pennsylvania House Dems,Pennsylvania House Democratic Campaign Committee,≤100
6502038524,First Book,FIRST BOOK,≤100
304600892905134,Hillsdale College Online Courses,HILLSDALE COLLEGE,≤100
121940824138795,North Carolina Association of Health Plans,"North Carolina Association of Health Plans, Inc",≤100
7263476274,Mercy Corps,Mercy Corps,≤100
333710103706307,GIFFORDS,Giffords,≤100
170756446429578,Othering & Belonging Institute,Othering and Belonging Institute,≤100
10128918116,Gavin Newsom,Campaign for Democracy PAC,≤100
160630887998827,Let Them Live,Let Them Live,≤100
118591414530011,Philly Union PAC,Union PAC,≤100
408526523045391,Mammoth Nation,Mammoth Nation,≤100
101704558574021,Lucas Kunce,Lucas Kunce for Missouri,≤100
1223818144299403,DFRLab,"ATLANTIC COUNCIL OF THE UNITED STATES, INC. (THE)",≤100
101716172441500,Brennan Center en Español,"WILLIAM J. BRENNAN CENTER FOR JUSTICE, INC.",≤100
219612384781411,Bloomberg Philanthropies,Bloomberg Philanthropies,≤100
453146328539290,HealthPlans,Obamacareplans,≤100
8047221596,Save the Children US,SAVE THE CHILDREN FEDERATION INC.,≤100
103552914774916,Science Moms,Potential Energy Coalition Inc,≤100
10606591490,TIME,TIME USA LLC,≤100
945455208962159,For Everyone Collective,For Everyone Collective,≤100
104394262049761,Jeremy's Razors,The Daily Wire,≤100
92925746942,Judicial Watch,Judicial Watch,≤100
297987334762,Jamie Raskin,Jamie Raskin for Congress,≤100
8325302025,Friends of the Earth U.S.,Friends of the Earth,≤100
570953166908066,Vivek Ramaswamy,VIVEK 2024,≤100
2214875562101794,Andres for Mason,Andres for Supervisor,≤100
428821014132730,Katie Porter,KATIE PORTER FOR SENATE,≤100
12375354406,USO,United Service Organizations,≤100
1230571136989811,Top of Mind,Top of Mind,≤100
100373975829221,Fòs Feminista Org,Fòs Feminista,≤100
102592959026,Ocean Conservancy,"OCEAN CONSERVANCY, INC.",≤100
1838012813083658,Congressman Vicente Gonzalez,Office of Congressman Vicente Gonzalez,≤100
84645912778,Prosperity Now,PROSPERITY NOW,≤100
103315464587143,All Access,LEADN LLC,≤100
152950318087920,AARP DC,AARP,≤100
42940254353,Human Rights Watch,"HUMAN RIGHTS WATCH, INC.",≤100
2353537341582545,Proud Patriots,Proud Patriots,≤100
110526482003219,Committee for Better Government,Committee for Better Government,≤100
130234313704399,United We Dream,UNITED WE DREAM NETWORK INC,≤100
349800859019034,The 19th News,The 19th,≤100
100119981671668,Blue Senate,BLUE SENATE PAC,≤100
34362997676,United States Holocaust Memorial Museum,UNITED STATES HOLOCAUST MEMORIAL MUSEUM,≤100
116546288359245,Heritage Action for America,HERITAGE ACTION FOR AMERICA,≤100
270965199371,Tom's Of Maine,Tom's Of Maine,≤100
130945114804,World Jewish Congress,WORLD JEWISH CONGRESS AMERICAN SECTION INC,≤100
2001831300143832,Conversations with Jim Zirin,Conversations with Jim Zirin,≤100
118152441212175,Digital Innovation for America,Digital Innovation for America,≤100
1869687273277265,Run for Something,Run For Something PAC,≤100
85452072376,NEWSMAX,"NEWSMAX MEDIA, INC.",≤100
1382441768496365,Pentair,PENTAIR,≤100
89336510798,American Friends of the Hebrew University,American Friends of Hebrew University,≤100
11111618026,Union of Concerned Scientists,"UNION OF CONCERNED SCIENTISTS, INC.",≤100
23790541544,Democrats,DCCC,≤100
105985262476462,,"Move Indigo, Inc.",≤100
19437978960,Chris Murphy,FRIENDS OF CHRIS MURPHY,≤100
19554217292,American Heart Association: You're the Cure,American Heart Association,≤100
100403528653081,Punchbowl News,Punchbowl News,≤100
5720973755,Defenders of Wildlife,DEFENDERS OF WILDLIFE,≤100
101869563236902,FreedomFest,FreedomFest,≤100
103695769458,United States Mint,United States Mint,≤100
141786816970,Cruise Lines International Association - CLIA,Cruise Lines International Association,≤100
18017481462,Acton Institute,Acton Institute,≤100
21242962092,ClientEarth,CLIENTEARTH USA INC,≤100
83290028957,Care Net,CARE NET,≤100
104168992542940,Campaign HQ Insiders,CampaignHQ,≤100
20787991568,Senate Democrats,DSCC,≤100
105753898811449,Align Us,Kyle Reyes,≤100
1560105467624797,Generation180,Generation180,≤100
1435071773455316,Daily Wire,The Daily Wire,≤100
104623832132932,Perry Johnson,PERRY JOHNSON FOR PRESIDENT INC.,≤100
48049744053,Food Bank of Central & Eastern North Carolina,"FOOD BANK OF CENTRAL & EASTERN NORTH CAROLINA, INC.",≤100
90209763480,The Federalist Society,The Federalist Society,≤100
7735858972,Humane Society Legislative Fund,Humane Society Legislative Fund,≤100
8501031021,VoteVets.org,VOTEVETS,≤100
86071521216,Second Amendment Foundation,SECOND AMENDMENT FOUNDATION INC,≤100
1600352356914768,PushBlack,PushBlack,≤100
104015109339573,TEXAS CARES,Texas Consumers for Affordable and Reliable Electricity Solutions,≤100
1539972792944463,Forge Leadership Network,Forge Leadership Network,≤100
357750373755,National Domestic Workers Alliance,National Domestic Workers Alliance,≤100
108547455113940,Our America,Our America,≤100
100298938781,Robert Wood Johnson Foundation,THE ROBERT WOOD JOHNSON FOUNDATION,≤100
24481937944,Theodore Roosevelt Conservation Partnership,"THEODORE ROOSEVELT CONSERVATION PARTNERSHIP, INC",≤100
40973310753,Pathfinder International,Pathfinder International,≤100
275947565591,"Woods and Woods, LLC, The Veteran's Firm","Woods & Woods, LLC",≤100
232321570123429,Arlington Dems,ARLINGTON COUNTY DEMOCRATIC COMMITTEE JOINT FEDERAL CAMPAIGN,≤100
443329669123990,USAFacts,USAFacts Institute,≤100
14440196673,Teamsters,Teamsters,≤100
393076844046051,Progressive Caucus,CONGRESSIONAL PROGRESSIVE CAUCUS PAC,≤100
154561574598964,White Coat Waste Project,THE WHITE COAT WASTE PROJECT INC,≤100
702582586516561,CBN Israel,The Christian Broadcasting Network,≤100
17203056985,Partners In Health,Partners In Health,≤100
400013980059152,Coworker.org,Coworker.org,≤100
1669941646417657,Senior Choice Financial,Senior Choice Financial,≤100
1958912674200535,The Pour Over,Pour Over,≤100
936968016365794,The Eric Metaxas Radio Show,Salem Media,≤100
331661123551110,Leadership for Educational Equity,Leadership for Educational Equity,≤100
323083351064533,The News Literacy Project,The News Literacy Project,≤100
6787988478,Physicians for Human Rights,"PHYSICIANS FOR HUMAN RIGHTS, INC.",≤100
6334782252,Oceana,OCEANA INC,≤100
80824331898,Robert F. Kennedy Human Rights,Robert F. Kennedy Human Rights,≤100
152065518140304,Wildlife Conservation Society,Wildlife Conservation Society,≤100
232265193848519,Lynette Marie,These ads ran without a disclaimer,≤100
219242560293,Meals on Wheels America,Meals On Wheels America,≤100
100684991996307,November Coalition,NOVEMBER COALITION,≤100
6316744206,Jon Tester,MONTANANS FOR TESTER,≤100
103496691094956,Freespoke,"FREEDOM FRIES, LLC",≤100
1431889706937050,Free & Fair Markets Initiative,"Free and Fair Markets Initiative, Inc.",≤100
10498053716,Media Research Center,MEDIA RESEARCH CENTER,≤100
145034262195374,InSinkErator,InSinkErator_Whirlpool,≤100
101842652891572,Change for Philly: Domb for Mayor,National Association of Realtors Fund,≤100
90022052772,Williams,"WILLIAMS COMPANIES, INC., THE",≤100
2602473023098666,Democratic Polling Center,Democratic Governors Association,≤100
583258211727279,Shai Fund,SHAI FUND INC,≤100
359477377917,American Federation for Children,American Federation for Children,≤100
1526736227567131,TrueCoverage,True Coverage,≤100
85273022315,NAMI,These ads ran without a disclaimer,≤100
169597416843751,Stand Up America,Stand Up America,≤100
102568576103681,TPUSA Events,Turning Point USA,≤100
103355385129734,The Climate Pledge,The Climate Pledge,≤100
102946544466689,No MO Slots,"No MO Slots, LLC",≤100
200650357207240,I Love My Freedom,I Love My Freedom,≤100
1599237673639735,Change Media Group,Change Media Group,≤100
108512875350,The Atlas Society,The Objectivist Center Ltd,≤100
57774720835,RESOLVE: The National Infertility Association,RESOLVE THE NATIONAL INFERTILITY ASSOCIATION (USED IN VA BY: RESOLVE INCORPORATED),≤100
104253615152700,America First Legal,America First Legal Foundation,≤100
29259828486,The Atlantic,These ads ran without a disclaimer,≤100
1163811040367180,Food & Water Action,FOOD & WATER ACTION,≤100
126211280741703,Midwest Values PAC,Midwest Values PAC,≤100
25102313915,Port of Long Beach,City of Long Beach,≤100
201446296572389,Compassion in World Farming (USA),Compassion in World Farming Inc,≤100
780941275347834,Ilhan Omar,ILHAN FOR CONGRESS,≤100
466164103423147,Thorn,Thorn,≤100
136362309708243,Restaurant Opportunities Centers United (ROC United),"RESTAURANT OPPORTUNITIES CENTERS (ROC) UNITED, INC.",≤100
68680511262,NFL,NFL PROPERTIES LLC,≤100
343714718985673,Think Wood,Think Wood,≤100
109092142462587,Adam Schiff,SCHIFF FOR SENATE,≤100
115096998138111,Job for Philly,JOB FOR PHILLY,≤100
355783211719644,Veteran Caregivers of America,"Veteran Caregivers, LLC",≤100
6756153498,Mike Bloomberg,Bloomberg Philanthropies,≤100
1679521432262834,Physicians Grassroots Network,American Medical Association,≤100
100758682697459,Mayday Health,"Mayday Medicines, Inc.",≤100
159881487393275,Every Mother Counts,These ads ran without a disclaimer,≤100
304842759546695,Brooklyn Institute for Social Research,Brooklyn Institute for Social Research,≤100
98673036962,ROLDA,These ads ran without a disclaimer,≤100
786167111464006,Woodson Center,The Woodson Center,≤100
21375324480,The Heritage Foundation,HERITAGE FOUNDATION (THE),≤100
6165653060,AFSCME,AMERICAN FEDERATION OF STATE COUNTY & MUNICIPAL EMPLOYEES,≤100
77278490877,National Corn Growers Association,NATIONAL CORN GROWERS ASSOCIATION INC,≤100
49651563727,Live Action,Live Action,≤100
21472760578,C-SPAN,NATIONAL CABLE SATELLITE CORPORATION,≤100
21492729544,Catholic Relief Services,CATHOLIC RELIEF SERVICES - UNITED STATES CONFERENCE OF CATHOLIC BISHOPS,≤100
89855016270,National Conference of State Legislatures,National Conference of State Legislatures,≤100
428330877769054,Ask Anything,Ask Anything,≤100
657708380952174,Voices of the Civil Rights Movement,Comcast,≤100
7962229886,Environmental Working Group,ENVIRONMENTAL WORKING GROUP,≤100
160389977329803,ATTN:,ATTN: INC.,≤100
2409371185963750,MBA and Beyond Admission Consulting,These ads ran without a disclaimer,≤100
497719423723034,Planned Parenthood California Central Coast,Planned Parenthood California Central Coast,≤100
109352563640,Water.org,WATER.ORG INC.,≤100
718695571507724,Texans for Natural Gas,Texans for Natural Gas,≤100
5644748986,National Wildlife Federation,NATIONAL WILDLIFE FEDERATION,≤100
101717572423510,Protect Your Pay RI,Protect Your Pay RI,≤100
109866370700481,PushBlack Finance,PushBlack,≤100
203805062990264,Ben Shapiro,Daily Wire,≤100
282728185140429,Rep For Vets,The Rep For Vets,≤100
1338822066131069,Women's March,Women's March,≤100
5435784683,Greenpeace USA,"GREENPEACE, INC.",≤100
268742029966978,PowerToFly,These ads ran without a disclaimer,≤100
205474322799982,DC Black Pride,Kenya Anthony Hutton,≤100
103126019311610,Jimmy Bierman for Supervisor,Jimmy Bierman for Supervisor,≤100
149107905129704,Downtown Columbia,Downtown Columbia,≤100
112467225174480,,Electica USA LLC,≤100
60261764250,Childhelp,"CHILDHELP, INC.",≤100
103875099042033,DailyWire+,The Daily Wire,≤100
56332452163,AMA Patients Action Network,American Medical Association,≤100
110589583842808,Union Built Matters NYC,Union Built Matters,≤100
197760674021143,Indivisible Guide,Indivisible Project,≤100
125769584126996,Yael Eckstein,"INTERNATIONAL FELLOWSHIP OF CHRISTIANS & JEWS, INC.",≤100
84112077638,Greater Good Charities,GREATERGOOD.ORG,≤100
243184199040637,Caring Across Generations,Caring Across Generations,≤100
227594571444676,Building New York's Best,Carpenter Contractor Alliance of Metropolitan New York,≤100
372577693078008,"Saenz-Garcia Law, PLLC","Saenz-Garcia Law, PLLC",≤100
197760674021143,Indivisible Guide,INDIVISIBLE ACTION,≤100
103531607822207,Noticias para Inmigrantes,"Wise Rock Media, PBC",≤100
101674425989138,MIT Economics Survey on Climate Change,"MIT Climate Change Survey, MIT Department of Economics",≤100
430964644347524,Campaign Ad-Cloud,Campaign Ad-Cloud,≤100
46093654473,National Republican Congressional Committee,NRCC,≤100
216224171784504,2UrbanGirls,2UrbanGirls,≤100
59543893235,National Constitution Center,National Constitution Center,≤100
113496178208014,Protecting Our Democracy,Protecting Our Democracy,≤100
46347342434,EMILYs List,EMILY'S LIST,≤100
1584289951846450,Empower Montgomery,Empower Montgomery,≤100
925007000949719,ExxonMobil,EXXON MOBIL CORPORATION,≤100
106893981453425,Future of Cities,FOC FUND MANAGER QOZB LLC,≤100
1234910329902159,Elizabeth Guzman,Elizabeth Guzman for Virginia,≤100
190198574334684,FHE Health,THE FLORIDA HOUSE EXPERIENCE M,≤100
137363449669160,Martin Heinrich,MARTIN HEINRICH FOR SENATE,≤100
5970146660,Community Change,Center for Community Change Action,≤100
107077981585236,"Debt Elimination NOW, Neeley Law","Debt Elimination NOW, Neeley Law",≤100
55053345685,Pretrial Justice Institute,PRETRIAL JUSTICE INSTITUTE,≤100
102148292648259,Power Up Texas,Power Up Texas,≤100
1570082353262795,YIMBY Action,YIMBY ACTION,≤100
101346504622557,TAPTP - Texas Association of Property Tax Professionals,Texas Association of Property Tax Professionals,≤100
117437204982602,American Wild Horse Campaign,American Wild Horse Preservation Campaign,≤100
18813753280,Human Rights Campaign,"HUMAN RIGHTS CAMPAIGN, INC.",≤100
351888444870822,Children's Advocacy Institute,Children's Advocacy Institute,≤100
166618413413767,Jay Sekulow,American Center for Law and Justice,≤100
19219803864,Tax Foundation,Tax Foundation,≤100
830162603716633,Andy Beshear,Andy Beshear for Governor,≤100
399067003454888,Sudan Relief Fund,Sudan Relief Fund Inc,≤100
46785153750,National Fair Housing Alliance,National Fair Housing Alliance,≤100
266602360083204,The Children's Trust,"CHILDREN'S TRUST, INC",≤100
63240625785,National Immigration Forum,NATIONAL IMMIGRATION FORUM,≤100
248539568517772,New Jersey League of Conservation Voters,NJ LEAGUE OF CONSERVATION,≤100
115379705206001,U.S. Department of Homeland Security Blue Campaign,U.S Department of Homeland Security Blue Campaign,≤100
23311628592,Heartland Alliance,Heartland Alliance for Human Needs & Human Rights,≤100
239452426714,American Action Network,American Action Network,≤100
92021268117,Working America,Working America,≤100
192609620649,The University of Chicago,The University of Chicago,≤100
70874333603,CatholicVote,catholicvote.org,≤100
833703819981407,Atlantic Re:think,The Atlantic Monthly Group LLC,≤100
203805062990264,Ben Shapiro,The Daily Wire,≤100
1470540296409810,Fair Fight Action,FAIR FIGHT,≤100
102527849881766,Wes Moore,"By Authority: Wes Moore for Maryland, Mary Tydings, Treasurer",≤100
113392601737791,Farm Loan Discrimination Helpline,These ads ran without a disclaimer,≤100
127637620616803,Comcast Newsmakers,COMCAST CORPORATION,≤100
121750354532995,Yale Program on Climate Change Communication,Yale Program on Climate Change Communication,≤100
127276773973529,SEVA FOUNDATION,Seva Foundation,≤100
57259033959,AARP,These ads ran without a disclaimer,≤100
130848666099,Business Forward,Business Forward Inc.,≤100
48994809349,Ms. Foundation for Women,MS FOUNDATION FOR WOMEN INC,≤100
182620315479,Plan International USA,Plan International USA,≤100
67626834312,National Women's Law Center,National Women's Law Center,≤100
130449343291731,Ryan Binkley,BINKLEY FOR PRESIDENT 2024,≤100
138858835750,New Jersey Democratic State Committee,New Jersey Democratic State Committee,≤100
106416491992311,HoldOn,These ads ran without a disclaimer,≤100
431019887282794,Tomorrow's World Today,Flying Cork,≤100
283481148338685,Fight For The Future,Fight for the Future Inc,≤100
112735922758892,Charlie Kirk,"Turning Point USA, Inc.",≤100
248181906078243,National Institute for Civil Discourse,CommonSense American,≤100
281844617168,Jewish Voice Ministries International,Jewish Voice Ministries International,≤100
38882699096,Polaris,POLARIS PROJECT,≤100
25852730092,Care2,"Care2.com, Inc",≤100
645392368909975,carafem,carafem,≤100
43934405787,IPPF,International Planned Parenthood Federation Worldwide Inc,≤100
7030901126,Campaign for Tobacco-Free Kids,TOBACCO-FREE KIDS ACTION FUND,≤100
106058025408954,Do No Harm Medicine,Do No Harm,≤100
485980975070908,Abigail Spanberger,SPANBERGER FOR CONGRESS,≤100
497348647140658,Point Source Youth,Point Source Youth,≤100
397054531024452,COPS Training Portal,COPS Training Portal,≤100
8002590959,Rainforest Action Network - RAN,RAINFOREST ACTION NETWORK,≤100
9324910069,NRSC,NRSC,≤100
518194348194441,RepresentUs,RepresentUs,≤100
14038292386,Women for Women International,WOMEN FOR WOMEN INTERNATIONAL,≤100
55804331295,Texas Association of Business,TEXAS ASSOCIATION OF BUSINESS,≤100
85945492130,EnergyBoom,Energy Boom,≤100
12357407443,American Friends Service Committee,AMERICAN FRIENDS SERVICE COMMITTEE,≤100
102961088866702,Sarah Klee Hood for Congress,SARAH KLEE HOOD FOR NY,≤100
106563958759988,Semafor,Semafor Inc.,≤100
459728905706,UMCGiving,United Methodist Communications,≤100
1587320221555150,NAACP Arlington Branch,NATIONAL ASSOCIATION FOR THE ADVANCEMENT OF COLORED PEOPLE,≤100
1590877284560136,Patti Harris,Bloomberg Philanthropies,≤100
102027296073962,Josh Katcher,Katcher for Commonwealth's Attorney,≤100
212677670907,American Constitution Society,AMERICAN CONSTITUTION SOCIETY,≤100
2053678114723700,President Trump's Patriot Army,I Love My Freedom,≤100
104913132492367,,Friends of Maureen Coffey,≤100
788559044606908,America Forward,NEW PROFIT INC,≤100
169687486427698,Jentezen Franklin,FREE CHAPEL WORSHIP CENTER,≤100
118303441570966,Homeowner Smart,NATIONAL ASSOCIATION OF REALTORS,≤100
206226362732803,Inspire Clean Energy,"Inspire Energy Holdings, LLC",≤100
6334782252,Oceana,Oceana,≤100
56680318666,Illinois Policy,Illinois Policy,≤100
105707202365510,Save Our Benefits Massachusetts,Save Our Benefits Massachusetts,≤100
114301413446447,The Climate Initiative,Kennebunkport Climate Initiative,≤100
15041226930,Oxfam,"OXFAM AMERICA, INC.",≤100
1546952572205770,UAE USA United,The Embassy of the United Arab Emirates,≤100
1443127535947107,Save the Children Action Network,Save the Children Action Network,≤100
224158517643930,Wyoming Business Alliance,Wyoming Business Alliance,≤100
115415064388243,Brett Cooper,The Daily Wire,≤100
169042736456594,All Out,All Out Action Fund.,≤100
110266498587298,Hilary Fuelleborn for Register of Wills,Friends of Hilary Fuelleborn,≤100
7833534974,Florida Democratic Party,Florida Democratic Party,≤100
102079592297532,Leftdiculous Card Game,"Right Entertainment, LLC",≤100
19746387261,Humane Society International,Humane Society International,≤100
1562713090633117,Operation Underground Railroad,OPERATION UNDERGROUND RAI,≤100
149220264647,ADL - Anti-Defamation League,Anti-Defamation League,≤100
153278754738777,Climate Reality,The Climate Reality Project,≤100
29934350147,Marketplace Business News,AMERICAN PUBLIC MEDIA,≤100
55701226138,American Heart Association,American Heart Association,≤100
36872302227,Cory Booker,CORY BOOKER FOR SENATE,≤100
1460967490803132,Carolina Journal,JOHN LOCKE FOUNDATION INC,≤100
153446658100252,Lumina Foundation,Lumina Foundation,≤100
1832744013698336,Mahogany Mommies,Mahogany Mommies,≤100
332028597354723,National Partnership for Women & Families Action Fund,National Partnership for Woman & Families Action Fund,≤100
316482071886465,Grow America's Infrastructure Now,Grow Americas Infrastructure Now Inc,≤100
238473269650980,Capital & Main,CAPITAL & MAIN,≤100
34490197275,Stitcher,Stitcher,≤100
8446177150,Chosen People Ministries,CHOSEN PEOPLE MINISTRIES INC,≤100
109729861699329,Speak4,Speak4,≤100
116237246909837,Conservavision,Conservavision,≤100
153080620724,Donald J. Trump,TRUMP SAVE AMERICA JOINT FUNDRAISING COMMITTEE,≤100
283539049045405,Oklahoma Health Action,Oklahoma Health Action,≤100
168876449866088,The Years Project,THE YEARS PROJECT,≤100
1560286300899883,Diabetes Patient Advocacy Coalition,Diabetes Patient Advocacy Coalition,≤100
458142697588014,AARP Public Policy Institute,AARP,≤100
210357995667559,The National Memo,The National Memo,≤100
101330089548224,John Burrows for Congress,John Burrows for Congress,≤100
100652668612020,Essential Plastics Coalition,"CENTER FOR CONSUMER FREEDOM, THE",≤100
116103198461511,North Shore Animal League America,"NORTH SHORE ANIMAL LEAGUE AMERICA, INC.",≤100
31553452437,Rodney & Adonica Howard-Browne,These ads ran without a disclaimer,≤100
53178635562,Third Way,THIRD WAY,≤100
160005659383,PreBorn,"MISSION: PRE-BORN, INC.",≤100
10524033745,Remote Area Medical - RAM,REMOTE AREA MEDICAL,≤100
403737406341879,National Women's Health Network,NATIONAL WOMENS HEALTH NETWORK,≤100
507070522767934,AACR Foundation,"AMERICAN ASSOCIATION FOR CANCER RESEARCH, INC.",≤100
302111635698,National Association of Tax Professionals (NATP),National Association of Tax Professionals,≤100
6355071377,American Cancer Society Cancer Action Network - ACS CAN,AMERICAN CANCER SOCIETY CANCER ACTION NETWORK INC,≤100
100823275891880,Hippen for Virginia House of Delegates District 96,Susan Hippen for Virginia Beach,≤100
174941115857811,Campaign for Southern Equality,Campaign for Southern Equality,≤100
102490504962117,Phade products,Phade products,≤100
170169493012341,The Fund for Global Human Rights,FUND FOR GLOBAL HUMAN RIGHTS,≤100
13867925345,Equality Florida,Equality Florida,≤100
1946103095604765,Melinda Katz,Katz NYS,≤100
206052849902620,Intermountain Immigration,"Intermountain Immigration, LLC",≤100
202233899838981,Colorado Education Association,COLORADO EDUCATION ASSOCIATION,≤100
6781166087,Bob Casey,BOB CASEY FOR SENATE INC,≤100
110480728196620,Small Business Digital Alliance,Small Business Digital Alliance,≤100
408250066356,Bill O'Reilly,"Bill Me, Inc.",≤100
259212814698356,Democratic Majority for Israel,Democratic Majority for Israel,≤100
19575923823,Farm Sanctuary,"Farm Sanctuary, Inc.",≤100
2245766435469741,Beersy,Beersy LLC,≤100
113891694102,Energy Citizens,AMERICAN PETROLEUM INSTITUTE,≤100
201956993160690,MRCTV,MEDIA RESEARCH CENTER,≤100
185362080579,NCSE: The National Center for Science Education,"NATIONAL CENTER FOR SCIENCE EDUCATION, INC., THE",≤100
130268756992804,Yale Climate Connections,Yale Climate Connections,≤100
30914589895,The International Fellowship of Christians and Jews,"INTERNATIONAL FELLOWSHIP OF CHRISTIANS & JEWS, INC.",≤100
1575347412785991,cheddar news,Cheddar,≤100
100346689495660,Pete's Pranks,Petes Pranks,≤100
105173311888160,Star and Bar,Star and Bar,≤100
149187418450228,Epic Reads,HARPERCOLLINS PUBLISHERS LLC,≤100
119036494453016,Black Leadership PAC,Black Leadership PAC,≤100
117132003409216,Andria McClellan,McClellan for VA Senate,≤100
331484897040130,Medicare,These ads ran without a disclaimer,≤100
5861903849,USA for UNFPA,FRIENDS OF UNFPA INC,≤100
300992409852,Hoover Institution,Hoover Institution,≤100
217649245509,Nature | PBS,WNET,≤100
1593518174052711,Candace Owens,Daily Wire,≤100
691761057548436,Maryland Department of Health - Substance Use Disorders,Maryland Department of Health,≤100
104614641200137,MeidasTouch,MEIDASTOUCH,≤100
102200252489086,The Debt Bureau,These ads ran without a disclaimer,≤100
234744096655497,Alliance For Early Success,Alliance for Early Success,≤100
49059279814,Institute for Justice,INSTITUTE FOR JUSTICE,≤100
154670481249867,PowerSwitch Action,PowerSwitch Action,≤100
260668817346988,Ignite National,IGNITE,≤100
384006901653736,The Moore Charitable Foundation,Moore Charitable Foundation,≤100
83865976093,Truthout,TRUTHOUT,≤100
120102651346136,Nevada State Treasurer’s Office,STATE TREASURER NEVADA OFFICE OF,≤100
132669380104415,Blue America,BLUE AMERICA PAC INDEPENDENT EXPENDITURE COMMITTEE,≤100
260713150211,Protect Our Winters,Protect Our Winters,≤100
107414074990650,Defense of Freedom Institute,"Defense of Freedom Institute for Policy Studies, Inc.",≤100
168109446538119,St. Martin's Press,Macmillan Publishing,≤100
105756057589080,The Lincoln Project,THE LINCOLN PROJECT,≤100
105834944176827,Allegheny-Fayette County Labor Council,Allegheny-Fayette County Labor Council,≤100
182723117043,Chicago Council on Global Affairs,CHICAGO COUNCIL ON GLOBAL AFFAI,≤100
59877921429,Lutheran Immigration and Refugee Service,"LUTHERAN IMMIGRATION AND REFUGEE SERVICE, INC.",≤100
183165025062107,The TESA Collective,"The Toolbox for Education and Social Action, Inc",≤100
290851614930809,Combat AntiSemitism,Combat Hate Foundation,≤100
101374728149342,A Starting Point,A Starting Point LLC,≤100
100806242836871,Preservation Pause,University of Arizona Indigenous Peoples Law and Policy Program,≤100
101882882493702,Flavors Hook Oregon Kids,Flavors Hook Oregon Kids,≤100
259351004139042,Ashbrook Center,Ashbrook Center,≤100
305283975264,Pulmonary Hypertension Association,"PULMONARY HYPERTENSION ASSOCIATION, INC.",≤100
201248453800242,My Pay My Say,Mackinac Center for Public Policy,≤100
393795797388359,FOUR PAWS,FOUR PAWS INTERNATIONAL INC,≤100
192738164073627,A Better Balance,A Better Balance,≤100
228058837366607,Right Viral,Free American Fund,≤100
310925405807,Citizens Climate Lobby,Citizens' Climate Lobby,≤100
5647744585,PETA (People for the Ethical Treatment of Animals),"PEOPLE FOR THE ETHICAL TREATMENT OF ANIMALS, INC.",≤100
205795426669644,Facts and Logic about the Middle East,Facts and Logic About the Middle East,≤100
255062275778,Tim Tebow Foundation,TIM TEBOW FOUNDATION,≤100
69983322463,Ted Cruz,TED CRUZ FOR SENATE,≤100
64468870451,Premiere Speakers Bureau,Premiere Speakers Bureau,≤100
102185441975157,Earley for Delegate,Earley for Delegate,≤100
87377228013,Side with Love,UNITARIAN UNIVERSALIST ASSOCIATION,≤100
28446275521,Military Officers Association of America (MOAA),Military Officers Association of America,≤100
332671562949,Diversey,"Diversey Holdings, LTD.",≤100
17432811417,Working Families Party,"WFP National PAC, Mike Boland, Treasurer. This message has not been authorized or approved by any candidate.",≤100
100992801635617,Conservative-American.org,Conservative American Strategies,≤100
376215709847477,New Jersey Globe,SEA OF REEDS MEDIA LLLC,≤100
199510830508053,Melaneyes Media,Melaneyes Media LLC,≤100
875653915822271,Dream.Org,Dream.Org,≤100
100484735718366,The Coalition for Carolina,Coalition for Carolina,≤100
124506846628,Agape International Missions,AGAPE INTERNATIONAL MISSIONS,≤100
275562462868659,Resource UMC,United Methodist Communications,≤100
55549065733,Voto Latino,VOTO LATINO INC.,≤100
127668823933246,The NewDEAL,NEWDEAL,≤100
244687155031,Penn Graduate School of Education,Penn Graduate School of Education,≤100
176099663659,Armed Services YMCA,ARMED SERVICES YMCA OF THE USA,≤100
60000664446,Alzheimer's Association,"ALZHEIMER'S DISEASE AND RELATED DISORDERS ASSOCIATION, INC.",≤100
1727980437413400,Partnership to Advance Cardiovascular Health,Partnership to Advance Cardiovascular Health,≤100
89670867431,Maine Farmland Trust,MAINE FARMLAND TRUST,≤100
777834285627592,Jesse L. Lederman,Committee to Elect Jesse Lederman,≤100
106608038931801,Loyal Patriots,Loyal Patriots,≤100
152264148166020,Moms Clean Air Force,Moms Clean Air Force,≤100
102142101657930,OurFight.online,Our Fight Inc,≤100
458643554482238,Uri Velez La Sra de los Seguros,Euridis Velez,≤100
22067606728,Allen West,The Association of Mature American Citizens Inc,≤100
108920208271190,Support Women Vet-her-ans,QueenVet Essentials. LLC DBA Support Women Vet-her-ans,≤100
240112514625857,Care Comes First Maryland,1199SEIU United Healthcare Workers East,≤100
9694956217,Animal Legal Defense Fund,ANIMAL LEGAL DEFENSE FUND,≤100
104295601633638,American Cornerstone Institute,American Cornerstone Institute Inc,≤100
8895898655,Rainforest Alliance,"RAINFOREST ALLIANCE, INC.",≤100
122490537430251,My American Circle,My American Circle,≤100
747783932079184,Jared Golden for Congress,COMMITTEE TO ELECT JARED GOLDEN,≤100
158505287559920,Save the Storks,Save the Storks,≤100
220538341415523,The Satanic Temple,The Satanic Temple,≤100
104491841664875,Country First,"Country First Action, Inc.",≤100
115749514794275,Americans Get Help,USA-Health-Care,≤100
39813692310,Michigan Democratic Party,MICHIGAN DEMOCRATIC STATE CENTRAL COMMITTEE,≤100
103530021364583,Carolina Forward,North Carolina Forward,≤100
104728131848361,Offshore Wind For North Carolina,Southeastern Wind Coalition,≤100
1425435377743310,Conversations with Bill Kristol,FOUNDATION FOR CONSTITUTI,≤100
201594073189,Overdrive Magazine,These ads ran without a disclaimer,≤100
481418311872182,WE ACT for Environmental Justice,WE ACT for Environmental Justice,≤100
222539451627775,The Graceful Goose,The Graceful Goose,≤100
103047259150209,What I Want to Know with Kevin P. Chavous,"Stride, Inc.",≤100
119049414803510,The American Spectator,THE AMERICAN SPECTATOR FOUNDATION INC,≤100
81185680159,Kentuckians For The Commonwealth,KENTUCKIANS FOR THE COMMONWEALTH,≤100
269348454714,IMB,"INTERNATIONAL MISSION BOARD OF THE SOUTHERN BAPTIST CONVENTION, THE",≤100
106582384539447,Design for Freedom by Grace Farms,"GRACE FARMS FOUNDATION, INC.",≤100
1445796818829958,The Nature Conservancy Virginia,NATURE CONSERVANCY,≤100
109391217978402,Bottom Line Concepts,These ads ran without a disclaimer,≤100
97466887664,Innocence Project,"INNOCENCE PROJECT, INC., THE",≤100
11918108948,African Wildlife Foundation,AFRICAN WILDLIFE FOUNDATION,≤100
16477459734,League of Conservation Voters,"LEAGUE OF CONSERVATION VOTERS, INC",≤100
108448004014806,Tim Anderson For Virginia,Friends of Tim Anderson,≤100
42872222699,Dana Loesch,The Association of Mature American Citizens Inc,≤100
5593944035,Competitive Enterprise Institute,COMPETITIVE ENTERPRISE INSTITUTE,≤100
7219151423,The Fund for American Studies (TFAS),FUND FOR AMERICAN STUDIES,≤100
144105014310,Panasonic North America,Panasonic North America,≤100
54730664826,Netroots Nation,Netroots Nation,≤100
10803722213,Common Cause,COMMON CAUSE,≤100
107661474402498,Liberty Eagle Apparel,United Patriot,≤100
523938087747648,Catapult,Catapult,≤100
111799778514526,American Relief Initiative,American Relief Initiative,≤100
2152371365037033,Aliados Adelante,AARP,≤100
103499034671877,Choose Who You Use Maryland,Choose Who You Use Maryland,≤100
27311599342,Preemptive Love,Preemptive Love Coalition,≤100
111132794348779,That Happened,These ads ran without a disclaimer,≤100
15503839732,Peter G. Peterson Foundation,Peter G. Peterson Foundation,≤100
38897314734,Trust for Public Land,"TRUST FOR PUBLIC LAND, THE",≤100
107322257982748,"National Resource Center for Refugees, Immigrants and Migrants",University of Minnesota,≤100
101224002310757,Seven Weeks Coffee,Seven Weeks Coffee,≤100
108730565826100,ACLU of Nebraska,ACLU NEBRASKA,≤100
101556908483166,_mr_ev_,These ads ran without a disclaimer,≤100
96491683438,"The Friends of Israel Gospel Ministry, Inc.","FRIENDS OF ISRAEL GOSPEL MINISTRY, INC, THE",≤100
40755480179,Students For Liberty,STUDENTS FOR LIBERTY INC,≤100
34701792581,EWTN,"ETERNAL WORD TELEVISION NETWORK, INC.",≤100
289185555043843,Conservative Texans for Energy Innovation Foundation,Conservative Texans For Energy Innovation,≤100
91346559231,Democratic Legislative Campaign Committee - DLCC,Democratic Legislative Campaign Committee,≤100
217187838327836,The Story Exchange,The Story Exchange Foundation,≤100
747004618667089,Belev Echad,BELEV ECHAD INC,≤100
659878157406228,America's Warrior Partnership,America's Warrior Partnership,≤100
148183925283127,Oregon Head Start Association,Oregon Head Start Association,≤100
102964586077088,Defend East Penn,Valley Values PAC,≤100
497949630282962,Retirement Specialty Group,Retirement Specialty Group,≤100
443699995981145,Advance Maryland,Advance Maryland,≤100
101769576791,Health Action Network,Health Action Network,≤100
101828219467060,Jessica Brown for Judge,Jessica Brown for Judge,≤100
109493621943125,"Every Voice, Every Vote",THE LENFEST INSTITUTE FOR JOURNALISM SPECIAL ASSET FUND OF TPF,≤100
118626774835274,Medicare Made Clear,Medicare Made Clear from United Healthcare,≤100
262536810935097,Housing Is A Human Right,AIDS HEALTHCARE FOUNDATION,≤100
112463982125496,Maryland State Education Association,MARYLAND STATE EDUCATION ASSOCIATION,≤100
109749408609311,Proud Patriots USA,Proud Patriots USA,≤100
100171414983506,Re-Elect Ted Wentz for SEMA Board of Directors,Re-Elect Ted Wentz for SEMA Board of Directors,≤100
248507065275406,Congressman Matt Cartwright,Congressman Matt Cartwright,≤100
244904222354055,Florida Immigration Law Counsel,These ads ran without a disclaimer,≤100
107533860975028,Conservative,CONSERVATIVE LLC,≤100
105454117977117,Voices for Consumer Choice,Voices for Consumer Choice,≤100
122653804454292,Perfection Learning,These ads ran without a disclaimer,≤100
21090771700,Gun Owners of America,Gun Owners of America,≤100
100713609680802,United Patriots,United Patriots,≤100
401240226922554,VoLo Foundation,VoLo Foundation,≤100
104483742449646,CenterClip,"CenterClip, Inc.",≤100
115050141570258,Montana Way PAC,The Montana Way,≤100
111464544881905,America First News,America First News,≤100
282621681917201,Afscme Texas Retirees Chapter 12,Afscme Texas Retirees Chapter 12,≤100
1272534336242476,CFR Education,Council on Foreign Relations,≤100
530113013791520,American Kratom Association,American Kratom Association,≤100
40217893542,AIPAC,American Israel Public Affairs Committee,≤100
102982659268640,Heart & Health,Partner for Heart & Health,≤100
386305465057247,Liberty Nation,Liberty Nation,≤100
100892779250460,Mis Reading,These ads ran without a disclaimer,≤100
1382031428685910,John Whitmire,John Whitmire Campaign,≤100
100781276221423,Protect Choice Ohio,OHIO PHYSICIANS FOR REPRODUCTIVE RIGHTS PAC,≤100
109521013225,Nikki Haley,Nikki Haley for President,≤100
16317479654,Deseret News,Deseret News,≤100
64579042740,Barron's,These ads ran without a disclaimer,≤100
226999127329906,New York Immigration Lawyer,Law Office of Alena Shautsova,≤100
114765400352270,Kite & Key Media,VMTS EDUCATION INC,≤100
153966377987310,Disability Rights Florida,"DISABILITY RIGHTS FLORIDA, INC.",≤100
1977738355807406,Sharice For Congress,SHARICE FOR CONGRESS,≤100
108247581851552,Democracy Defense Fund,DEMOCRACY DEFENSE FUND,≤100
1731084720451495,Saprea,The Younique Foundation,≤100
105157841248307,No Filter Politics,No Filter Politics,≤100
100397291883260,Float Factory,Pool Punisher LLC,≤100
882431925290123,BookBaby Bookshop,"DIY Media Group, Inc. dba BookBaby",≤100
102424199346637,Pandemic Patients,These ads ran without a disclaimer,≤100
82223469060,ACN - Aid to the Church in Need,"AID TO THE CHURCH IN NEED, INC.",≤100
1835838916635491,Transamerica Institute,Transamerica Center for Health Studies,≤100
103638552695371,Vote Yes for CPS,Johnathan Troy Young,≤100
103546351703577,Dallas Express,Dallas Express Media,≤100
123857614319417,Texas Nationalist Movement,Texas Nationalist Movement,≤100
186977768011413,Ironworkers Rising,"International Association of Bridge, Structural, Ornamental, and Reinforcing Iron Workers",≤100
103953861725,Population Council,"POPULATION COUNCIL, INC., THE",≤100
250392878345035,The Focused Pastor,Focus on the Family,≤100
104396194587918,C3 Solutions,Conservative Coalition for Climate Solutions,≤100
246737888784902,Filling in the Blanks,FILLING IN THE BLANKS,≤100
199891603386344,Common Ground Committee,Common Ground Committee,≤100
45393753416,Alliance Defending Freedom,Alliance Defending Freedom,≤100
856971344481822,Eryn Santamoor for Philadelphia,Friends of Eryn Santamoor,≤100
711478725532801,Civiqs,Civiqs,≤100
51533142540,Public Advocate of the U.S.,PUBLIC ADVOCATE OF THE US,≤100
142474049098533,Robert Reich,Inequality Media,≤100
1602934239990008,CCM CT,Connecticut Conference of Municipalities,≤100
198119286865213,Austin Interfaith,AUSTIN INTERFAITH,≤100
103082819375063,For a Better Bayou,For a Better Bayou,≤100
126297030950,Johnson & Johnson,These ads ran without a disclaimer,≤100
203156483151292,PassionLife,PassionLife Ministries,≤100
101602011596761,Beaches Activists Movement,John Wesley Weldon,≤100
262610761306,Counterpoint Press,Counterpoint Press,≤100
100913694925880,"Akalan Law Firm, PLLC","Akalan Law Firm, PLLC",≤100
56074851990,Truth Initiative,TRUTH INITIATIVE FOUNDATION,≤100
474062436008137,Team McCaul,"McCaul for Congress, Inc.",≤100
1715587955338111,National Incarceration Association,National Incarceration Association,≤100
51405613519,Focus on the Family,Focus on the Family,≤100
839158786226886,Two Party Opera,Brian Thomas Carroll,≤100
1729198467311786,G.A. Matiasz,62 Mile Press,≤100
106636928696502,John Massoud,MASSOUD FOR SENATE,≤100
110003135240961,Pride of America,Pride of American,≤100
134452023239984,Human Coalition,Human Coalition,≤100
102266895218015,Any Mission Anywhere,These ads ran without a disclaimer,≤100
142474049098533,Robert Reich,Inequality Media Civic Action,≤100
148205145252473,Backcountry Hunters & Anglers,Backcountry Hunters & Anglers,≤100
340153562850578,Tim Tebow,TIM TEBOW FOUNDATION,≤100
102392018062460,Delegate A.C. Cordoza,FRIENDS OF AC CORDOZA,≤100
510681319319292,U.S. Civil Rights Trail,US Civil Rights Trail Marketing Alliance INC,≤100
1196196390526965,Facebook Surveys,These ads ran without a disclaimer,≤100
101241435849797,Tot Reading,These ads ran without a disclaimer,≤100
59473866945,Oregon AFL-CIO,OREGON AFL-CIO,≤100
225422650854192,Election Systems & Software,Election Systems & Software,≤100
102486559194712,Private Equity Stakeholder Project,Climate Nexus - Rockefeller Philanthropy Advisors Sponsored Project,≤100
109343231965723,Better PA Roads & Bridges,Better Pennsylvania Roads and Bridges,≤100
106427469080193,Bill Woolf for Senate,Woolf for Senate,≤100
1653885501501009,Propeller,Propeller Enterprises,≤100
20603236087,Love146,"LOVE146, INC.",≤100
295199098300,Scary Mommy,"BDG MEDIA, INC.",≤100
108834685331212,Russet Perry,Friends of Russet Perry,≤100
104977525752112,Freedom of Patriots,Freedom of Patriots,≤100
42259314582,Esperanza United,Casa de Esperanza,≤100
665345483483486,NRA - National Rifle Association of America,NATIONAL RIFLE ASSN OF AMERICA,≤100
276379069892534,Spotlight Initiative,Spotlight Initiative,≤100
367213383724118,Dana Mahina,These ads ran without a disclaimer,≤100
121711980897458,Team Governor Reeves,Tate for Governor,≤100
100809736190174,American Promises,American Promises,≤100
142161905817424,AMAC - The Association of Mature American Citizens,The Association of Mature American Citizens Inc,≤100
204295565648,Representative Jason Fischer,Jason Fischer Campaign,≤100
116803881298089,Middle Fork Strategies,Middle Fork Strategies,≤100
143063095713907,Hep,"CDM PUBLISHING, LLC",≤100
137662367278,League of Women Voters of the US,LEAGUE OF WOMEN VOTERS OF THE UNITED STATES,≤100
1194016434062168,Salex-TV,123 Digital LLC,≤100
102204903345,The Vilcek Foundation,"VILCEK FOUNDATION, INC., THE",≤100
142957224352,International Medical Corps,International Medical Corps,≤100
111602135111487,WNY Forward,West New York Forward,≤100
312657362217994,Women's Heart Alliance,Women's Heart Alliance,≤100
162678203751209,Gilead Sciences,GILEAD SCIENCES INC,≤100
1470540296409810,Fair Fight Action,FAIR FIGHT ACTION INC,≤100
131618273567984,Jeff Landry,Landry for Louisiana,≤100
11029708945,World Politics Review,WORLD POLITICS REVIEW LLC,≤100
110442961603215,Yikes Today,Yikes Today,≤100
216052228433696,Arcus Foundation LGBTQ Social Justice,ARCUS FOUNDATION,≤100
208551063368,Dominican Friars of the Province of Saint Joseph,DOMINICAN FOUNDATION,≤100
102176712079037,Daily Floridian,Daily Floridian,≤100
43853729859,Campaigns & Elections,Political World Communications,≤100
102748688472759,Parents Defending Education,Parents Defending Education,≤100
89234192992,American Heritage Education Foundation,"AMERICAN HERITAGE FILMS, LLC",≤100
110607104761521,Shellfish Growers Climate Coalition,NATURE CONSERVANCY,≤100
2396750113877082,Center for Countering Digital Hate,Center for Countering Digital Hate Inc.,≤100
1914537155242810,Life: Powered,Texas Public Policy Foundation,≤100
107350962049617,Count on Mothers,Mothers Count LLC,≤100
38234604057,PEN America,PEN AMERICAN CENTER INC,≤100
430103120438251,Stephen Knipper for Secretary of State,Knipper for SOS,≤100
857820850941966,Diante Johnson,These ads ran without a disclaimer,≤100
107618578223660,California Courier,California Courier,≤100
100862749579898,Tim Sloan for Judge,Sloan for Judge Committee,≤100
102773136072177,Kelly for Council,Team Kelly,≤100
37266625280,Marc Molinaro,MARC FOR US,≤100
101759426184502,David Flippo,DAVID FLIPPO FOR NEVADA,≤100
118652451166351,Mary Lunghi,These ads ran without a disclaimer,≤100
482869205100278,Neema Project,Neema Project,≤100
104908071917505,Welcome.us,Welcome.us,≤100
105342239136829,Dave Wilson for DA,Dave for DA,≤100
101930385197156,Alianza Center,"Alianza Center, Inc.",≤100
1499439530348981,California Resources Corporation,California Resources Corporation,≤100
103338614839717,Peter S. Wenz,Peter S. Wenz,≤100
75553755070,Michael Smerconish,Michael Smerconish,≤100
999556810102061,Signature Seas,Signature Seas,≤100
911828698840246,ReLEntless Defender Apparel,ReLEntless Defender Apparel,≤100
115851611042,The Max Foundation,THE MAX FOUNDATION,≤100
101267705869524,OLAS Media,OLAS Media,≤100
50822254585,Mountain States Legal Foundation,Mountain States Legal Foundation,≤100
172014010476,ACLU of Delaware,"AMERICAN CIVIL LIBERTIES UNION OF DELAWARE, INC.",≤100
85252863415,National Latina Institute for Reproductive Justice,NATIONAL LATINA INSTITUTE FOR REPRODUCTIVE HEALTH,≤100
112521665098122,Health Insurance Help Center,These ads ran without a disclaimer,≤100
110010433804232,Standing For Freedom Center,Standing for Freedom Center,≤100
58158120046,ACLJ,American Center for Law and Justice,≤100
487569614682924,CAPP USA,Yellow Line Productions LLC,≤100
7606381190,Amy Klobuchar,KLOBUCHAR FOR MINNESOTA,≤100
105405012105216,Code Reading,These ads ran without a disclaimer,≤100
1374906906166064,The Policy Circle,The Policy Circle,≤100
106351719044810,Chalos for Terre Haute,Chalos for Terre Haute,≤100
108293898875429,President Trump Supporters,I Love My Freedom,≤100
209868759595449,Joseph Hogan for City Council - District 7,Joseph Hogan,≤100
100835851981677,Reprieve US,REPRIEVE US INC,≤100
101178056237537,Alaska Public Pension Coalition,Alaska Public Pension Coalition,≤100
8111949161,ProgressNow Colorado,ProgressNow Colorado,≤100
244687155031,Penn Graduate School of Education,These ads ran without a disclaimer,≤100
101103254533,SOS International,SOS International,≤100
97624620788,American Friends of Magen David Adom,AMERICAN FRIENDS OF MAGEN DAVID ADOM,≤100
103565195134756,America First Policy Institute,America First Policy Institute,≤100
88410949777,Population Media Center,"POPULATION MEDIA CENTER, INC.",≤100
464998390249008,The Independence Fund,"INDEPENDENCE FUND, INC, THE",≤100
261951940219,Goldman Environmental Prize,Goldman Environmental Foundation,≤100
112688501227731,My Schools Newark,New Jersey Children's Foundation,≤100
110762178628199,Accountable SC,"Accountable SC, LLC",≤100
147702172102998,Honeywell,These ads ran without a disclaimer,≤100
399060493533519,The Justice Foundation,JUSTICE FOUNDATION,≤100
110170005258857,Klicked Digital,DeDonato Enterprises,≤100
899724903372054,NC Department of Health and Human Services,NC Department of Health and Human Services,≤100
163302087408673,Stop The Donald,Stop the Donald,≤100
1521463681450292,IL CleanJobs,Illinois Clean Jobs Coalition,≤100
108310235885897,Haymarket Books,"CENTER FOR ECONOMIC RESEARCH AND SOCIAL CHANGE, INC. THE",≤100
150559895031,Rapha International,"Rapha House International, Inc.",≤100
197374340229,E2 - Environmental Entrepreneurs,E2 (Environmental Entrepreneurs),≤100
164498676940373,American Masters,WNET,≤100
74470852653,Mike Pompeo,Champion American Values PAC,≤100
107064011602890,The American Idea Podcast,Ashbrook,≤100
264615714446261,Philly Votes 2023,Philadelphia 3.0,≤100
2140030592891409,"Joshua A. Levinson, EPSD School Board Director",Friends of Joshua Levinson,≤100
746938465317981,Nuclear Matters,Nuclear Matters,≤100
325787237435931,New Hampshire Health Care Association,New Hampshire Health Care Association,≤100
101391906600,Live Action News,Live Action,≤100
104583209199676,letstalkaboutitthebook,Desiree Carpenter,≤100
108774614054683,American Edge Project,American Edge,≤100
115524644774685,Justin Bodor for Berks County,Justin Bodor for Berks County,≤100
107454490912636,Jewish Future Pledge,Jewish Future Pledge Inc,≤100
262902450432,TeachKind,PEOPLE FOR ETHICAL TREATMENT OF ANIMALS INC,≤100
342193403175165,Bethany Hallam,Friends of Bethany Hallam,≤100
101810652152706,Ship It Zero,PACIFIC ENVIRONMENT AND RESOURCES CENTER,≤100
328065780936817,Forest Fire Facts,Forest Fire Facts,≤100
235039782048,Array of Hope,ARRAY OF HOPE,≤100
47275538156,Interior Design Magazine,These ads ran without a disclaimer,≤100
248422805193353,The California Endowment,The California Endowment,≤100
101605354952785,Glenn Youngkin,Spirit of Virginia,≤100
109807943719796,Nothing Is Going To Get Better,Nothing Is Going To Get Better,≤100
100119154666844,Zonta USA,Zonta USA Caucus,≤100
7035457015,Brave New Films,BRAVE NEW FOUNDATION 501(C)(3),≤100
107589622221065,People for Parker,People for Parker,≤100
108625789179165,Soi Dog Foundation,These ads ran without a disclaimer,≤100
378084314984,Trane Technologies,Trane Technologies,≤100
142405795847179,Breathe Project,COMMUNITY FOUNDATION OF GREATER JOHNSTOWN,≤100
130505563289,Climate Generation,Climate Generation: A Will Steger Legacy,≤100
164966660351345,Hope Outfitters,Hope Outfitters,≤100
48837932638,Montana Democratic Party,THE MONTANA DEMOCRATIC PARTY,≤100
689547608156721,The Burial Solution,The Burial Solution,≤100
524399207959953,Truth & Liberty Coalition,Truth & Liberty Coalition,≤100
111380958315889,Secure Financial Future,INVESTMENT COMPANY INSTITUTE,≤100
322945079029,Glory Church International,GLORY CHURCH INTERNATIONAL,≤100
313723095478950,Daily Citizen,Focus on the Family,≤100
114710126648118,Republican Dogs,Republican Dogs,≤100
392189600337,Minnesota Nurses Association,Minnesota Nurses Association,≤100
1534290989956166,Philanthropy Roundtable,"PHILANTHROPY ROUNDTABLE, THE",≤100
203946182950612,Maryland Department of Health,Maryland Department of Health,≤100
1692686027722136,Devotv,These ads ran without a disclaimer,≤100
292351509697,Jerusalem Prayer Team,Jerusalem Prayer Team,≤100
89773793450,Conference on Crimes Against Women,"CONFERENCE ON CRIMES AGAINST WOMEN, INC.",≤100
8936818385,Accuracy in Media,Flo Communications,≤100
114914768208906,Yes on B and C,"Yes on B & C, Friends of Cheval Blanc Beverly Hills",≤100
1553978148244954,Build With Strength,Build With Strength,≤100
115903301871096,North Carolina Department of Public Safety,NC Department of Public Safety,≤100
84105041392,Currier Museum of Art,These ads ran without a disclaimer,≤100
109390875385865,Elect Brett J. Smith for Judge,Committee to Elect Brett J. Smith Judge,≤100
425771317501061,Michael Knowles,The Daily Wire,≤100
317284821682168,Messianic Jewish Alliance of America (MJAA),Messianic Jewish Alliance of America,≤100
114756311586371,flags_trotter,These ads ran without a disclaimer,≤100
473191156175163,EDF Action,Environmental Defense Action Fund,≤100
524042047636543,Jeremy McPike,McPike for Senate,≤100
203583423017526,National Immigration Law Center,National Immigration Law Center,≤100
114661264591906,Florida Final Expense Authority,Final Expense Authority LLC,≤100
984421991732710,Paycheckology,Paycheckology,≤100
608578919186659,World Vision International,WORLD VISION INTERNATIONAL,≤100
103708378962786,Vote Yes on M,"Yes on Measure M, Sierra Madre Neighbors for Fairness",≤100
104916968538177,TIS 이주공사,TIS VISA CORPORATION,≤100
21492729544,Catholic Relief Services,These ads ran without a disclaimer,≤100
1832888600167903,JD for Arlington,JD for Arlington,≤100
101721855657067,Fox Vibes,These ads ran without a disclaimer,≤100
87777747127,Greg Palast,Palast Investigative Fund,≤100
100158948453494,Lars for President,LARS MAPSTEAD FOR PRESIDENT,≤100
104775705821837,Brad Ruthrauff for Town Council Place 2,Brad Ruthrauff,≤100
105833774431856,Asian Pacific Islander Political Alliance,Asian Pacific Islander Political Alliance,≤100
398233886974905,Mike Grieco for Miami Beach Mayor,"Mike Grieco for Miami Beach Mayor, non-partisan",≤100
38236386996,LSU Press,LSU Press,≤100
6333396177,NewsBusters.org,MEDIA RESEARCH CENTER,≤100
104974859211873,Andres Asion for Miami Beach City Commission,"Andres Asion for Miami Beach Commissioner, Group 4, Non-Partisan",≤100
222909321977696,Consumer Action Network,"Consumer Action Network, Inc.",≤100
644308565682800,Tanya Acker,Tanya Marie Acker,≤100
971668776283950,PolicyEd,Hoover Institution,≤100
14084625156,Susan G. Komen,Susan G. Komen,≤100
1499191057075106,Chronic Disease Coalition,Chronic Disease Coalition,≤100
104527761385122,Elect Julio Cerda for SISD place 2,Julio Cerda,≤100
78252502913,Jhpiego,Jhpiego,≤100
101149662460553,Avo Magazine,These ads ran without a disclaimer,≤100
115262456592822,Christians Engaged,Christians Engaged,≤100
433364950062784,Power Over Energy,Power Over Energy,≤100
102590976067142,Rep. Greg Landsman,Representative Greg Landsman,≤100
1428755447227803,Defend The Second,Next Level Goods,≤100
104377518078467,More Perfect Union,MORE PERFECT UNION FOUNDATION,≤100
78420171887,Sailors for the Sea,OCEANA INC,≤100
101699619291244,Brad for Denver,Brad for Denver,≤100
122531741163825,American Liver Foundation,AMERICAN LIVER FOUNDATION,≤100
110624565660992,ZOE International,ZOE International,≤100
100374392742057,Weregreenly- Magazine,These ads ran without a disclaimer,≤100
935548229810714,Louisiana House Republicans,Republican Legislative Delegation,≤100
102802765956784,Chris Miller for Jacksonville,Chris Miller Campaign,≤100
111679245191541,Isamac for BERKS,Isamac for Berks,≤100
214061167976,El Tiempo Latino,Center for Community Change Action,≤100
104251865766048,Texas Employers for Affordable Healthcare,Texas Employers for Affordable Healthcare,≤100
109200595768753,The Christian Left,The Christian Left,≤100
101431588985210,Home Program,FL Green Development LLC,≤100
503153973388666,W. Michael Galliher for Roanoke County Circuit Court Clerk,Supporters of Galliher for Clerk,≤100
123594894005775,Todd Savarese for District Judge,Todd Savarese for District Judge,≤100
69717994787,buildOn,BUILDON INC,≤100
107647258831836,Weregreenly- Magazine Page 3,These ads ran without a disclaimer,≤100
2070944712939738,American Police Officers Alliance,American Police Officers Alliance,≤100
153657598048710,The Hodgetwins,These ads ran without a disclaimer,≤100
470369419784714,Nick Palmisciano,Nick Palmisciano,≤100
1986493798294649,Friends of Tarah Probst,Friends of Tarah Probst,≤100
108024335231493,Tower Climbers Union/CWA,"COMMUNICATIONS WORKERS OF AMERICA, AFL-CIO, CLC",≤100
20009402970,Women Employed,Women Employed,≤100
10252353761,Commonwealth Foundation,COMMONWEALTH FOUNDATION,≤100
103952318821536,Fest Stories,These ads ran without a disclaimer,≤100
101531268641712,Our Funny Little Site Entertainment,These ads ran without a disclaimer,≤100
108537340548276,"Haiku, Inc.",Kyle Reyes,≤100
110519695636906,Meyerland Area Democrats Club,Meyerland Area Democrats Club,≤100
1353722684643583,EPF Media,EPF Media,≤100
8291852604,Tobacco Free Florida,Florida Department of Health Bureau of Tobacco Free Florida,≤100
165674110118949,Clearing out the Clutter,Colin David Moore,≤100
143784945647421,Death with Dignity,DEATH WITH DIGNITY NATIONAL CENTER,≤100
494259170754224,Keeping IDentities Safe,KEEPING IDENTITIES SAFE,≤100
993294760683044,Education Reform Now,EDUCATION REFORM NOW ADVOCACY INC,≤100
109301142121274,Yes For West Ada,Yes For West Ada,≤100
7357041101,Tammy Baldwin,TAMMY BALDWIN FOR SENATE,≤100
108354848899890,Cameron For Schools,CAMERON FOR SCHOOLS,≤100
101678588731388,Citizens for Central York School District,Citizens for Central York School District,≤100
769672130075351,Red Wine and Blue,Red Wine & Blue,≤100
95335385742,National Fish and Wildlife Foundation,National Fish and Wildlife Foundation,≤100
69039563201,Global Christian Relief,These ads ran without a disclaimer,≤100
103210743084765,Resonate,Resonate,≤100
264403673724202,Lucile Packard Foundation for Children's Health,LUCILE PACKARD FOUNDATION FOR CHILDREN'S HEALTH,≤100
136422180515,HEAL Utah,HEALTHY ENVIRONMENT ALLIANCE OF UTAH,≤100
1117698914923696,Nurx,These ads ran without a disclaimer,≤100
564786243698668,Emcee Kicks,These ads ran without a disclaimer,≤100
1013454855413378,Arena Mail + Digital,Arenawins,≤100
150984828444765,Chris McDaniel for Lt. Governor,Committee to Elect Chris McDaniel,≤100
293225127381200,Patriot Depot,The Patriot Depot,≤100
371916101204,Caroline County GOP,Caroline County GOP,≤100
399997860992,Educators for Excellence,Educators for Excellence,≤100
309798029121030,Everytown for Gun Safety,Everytown for Gun Safety Support Fund Inc,≤100
215479992305641,Becoming Young,Becoming Young,≤100
26898960227,KHOL 89.1 FM,"JACKSON HOLE COMMUNITY RADIO, INCORPORATED",≤100
100463826334781,Friends of Dr. Tom,Friends of Dr. Tom,≤100
112078117033545,Suffer the Little Children,Laine E Hissett,≤100
279799525443906,HELPS Nonprofit,HELPS Nonprofit Law Firm,≤100
105217946051,Clackamas County Democratic Party,Clackamas County Democrats,≤100
105933155834317,Basketball History,These ads ran without a disclaimer,≤100
101791315693,Destiny Rescue,"Destiny Rescue International, Inc.",≤100
142914269087072,Cornell Lab of Ornithology,Cornell Lab of Ornithology,≤100
341513602902369,CALL TO ACTIVISM,CALL TO ACTIVISM,≤100
101497941620428,MolinaCares,The MolinaCares Accord,≤100
102156519459949,"Don't Mess with Madison, Alabama",Don't Mess With Madison,≤100
513695272011123,The Genesis Prize,GPF NA LLC,≤100
487571108071357,Affordable Healthcare Coalition of NC,Affordable Healthcare Coalition of NC,≤100
112642477582238,Mericanaf,AAF Nation,≤100
210641712286291,Business Council of Alabama,Business Council of Alabama,≤100
134312830086,Jimmy Gomez,JIMMY GOMEZ FOR CONGRESS,≤100
112765598397993,Abogados Cotto & Cochran,These ads ran without a disclaimer,≤100
82771498543,National AIDS Memorial,These ads ran without a disclaimer,≤100
1889726717940047,Assemblyman Bergen,Bergen For Assembly,≤100
156496968533805,Explore Beyond,NCTA - The Internet & Television Association,≤100
186108419168,SEIU Local 503,SEIU,≤100
106315901551850,The U.S. Concealed Carry Association for Saving Lives,U.S. Concealed Carry Association For Saving Lives. Not Authorized By Any Candidate Or Candidate's Committee.,≤100
120778038066631,EveryLibrary,EveryLibrary,≤100
114547964474832,"Seriously, Scott?",Scott McMurrain,≤100
110525900854803,Stenonymous,Christopher Michael Day,≤100
111829490992955,Chiquita Jackson Enterprise,Chiquita Jackson Enterprise,≤100
372922692828,SEIU-United Healthcare Workers West,SEIU United Healthcare Workers West Local 2005,≤100
114440734963600,Reel Tucker,BizPac Review,≤100
102431455226232,Time To Run,TIME TO RUN,≤100
1050320055029012,Outrider Foundation,OUTRIDER FOUNDATION INC,≤100
304435663079126,iAmerica,SERVICE EMPLOYEES INTERNATIONAL UNION,≤100
100154249602659,goopygames,These ads ran without a disclaimer,≤100
110124618713,American Principles Project,American Principles Project,≤100
115133611487464,Jim for Nashville,Jim for Nashville,≤100
11465191261,JPMorgan Chase & Co.,"JPMORGAN CHASE BANK, NA",≤100
118385911198439,Trending Politics News,I Love My Freedom,≤100
102405904681799,Ecopify,These ads ran without a disclaimer,≤100
106124975682358,Jimmy Fondren for Mississippi House District 111,Committee To Elect Jimmy Fondren,≤100
149837659056604,FIFA Follies,These ads ran without a disclaimer,≤100
109706568131307,Smart Chill Cat,These ads ran without a disclaimer,≤100
117784807953502,Dr. E. Taylor,These ads ran without a disclaimer,≤100
661744180680367,National Police Association,"NATIONAL POLICE ASSOCIATION, INC.",≤100
30618466815,Pacific Legal Foundation,Pacific Legal Foundation,≤100
446813398834728,Mijente,Mijente PAC,≤100
107548405572311,Craig Guy for Hudson County Executive,Craig Guy for Hudson County Executive,≤100
104014811573804,Secretaría de Salvadoreños en el Exterior Nuevas Ideas,123 Digital LLC,≤100
1476342155924546,Big Rig Threads,Big Rig T-Shirts and Decals LLC,≤100
138354569532939,"Tradition, Family, Property - TFP","American Society for the Defense of Tradition, Family and Property",≤100
990602580985882,Dr. Bertha Hidalgo,These ads ran without a disclaimer,≤100
243498882520314,FoodFinder,"FOODFINDER, INC.",≤100
64974200999,America-Israel Friendship League,AMERICA-ISRAEL FRIENDSHIP LEAGUE,≤100
107645227592678,To Which We Belong,Mystic Artists,≤100
111719535234054,The Devil's Presence - The Book,Pubvendo LLC,≤100
685846985219367,Forward Latino,"Forward Latino, Inc.",≤100
108051577394988,Councilmember Thai Viet Phan,Santa Ana Taxpayers Against the Corrupt Recall of Councilmember Thai Viet Phan,≤100
116712675081896,Audrey Clement For A Greener Arlington,Committee to Elect Audrey Clement,≤100
568103006940639,Law Office of Gary J. Kim,Law Offices of Gary J. Kim,≤100
344297745732561,Greece Teachers Association,Greece Teachers Association,≤100
1444820465547227,Rank the Vote,Rank the Vote,≤100
101377889168483,Gumbo Limbo Coastal Stewards,"Gumbo Limbo Coastal Stewards, Inc.",≤100
101350839190816,Macro Conservative,Macro Conservative,≤100
330641537286442,Virginia Constitutional Conservatives,Virginia Constitutional Conservatives,≤100
100541212886660,Veganography,These ads ran without a disclaimer,≤100
1677111425839949,American Promise,"AMERICAN PROMISE, INC.",≤100
149819205029986,Texas Cable Association,Texas Cable Association,≤100
125179374733697,Big News Buzz,Resource Media,≤100
106088071734455,NY Unpaid Wages & Overtime Claims,Tort Group LLC,≤100
36085812354,Rainforest Foundation US,"Rainforest Foundation, Inc.",≤100
161107820658032,La Red Hispana,"HISPANIC COMMUNICATIONS NETWORK, LLC",≤100
43426724597,Paper Culture,Paper Culture LLC,≤100
336442420497121,Consciously,These ads ran without a disclaimer,≤100
1449942075261716,Alex Q. Askew,Friends of Alex Askew,≤100
107716217248729,The Colour of Beautiful,URBAN POETIK MINISTRIES CORPORATION,≤100
251557905624534,9R Nine Ranch Brand,"Nine Ranch Enterprises, LLC",≤100
1675970232703064,Mississippi Votes,Mississippi Votes,≤100
101232205380125,Put Texas First,Put Texas First,≤100
201470373308396,BMO US,BMO Harris Bank,≤100
115407598098885,Darwin for Controller,Friends of Darwin,≤100
112443395099439,Jackson For Hobart,Committee to Elect Teddian Jackson,≤100
16900111951,National Organization for Women (NOW),NATIONAL ORGANIZATION FOR WOMEN,≤100
46350942335,Agora Gallery,These ads ran without a disclaimer,≤100
109616752034038,Marisa Alcaraz for City Council,Marisa Alcaraz for City Council 2023 General,≤100
430869277025501,Dr. Nancy O'Reilly,"WOMEN CONNECT4GOOD, INC.",≤100
25121889784,Texas Public Policy Foundation,Texas Public Policy Foundation,≤100
1593518174052711,Candace Owens,The Daily Wire,≤100
2361139837508625,Animal Victory,"One Red Lion, Inc DBA Animal Victory",≤100
133937690180,Student Conservation Association,Student Conservation Association,≤100
241560575961951,José Luis Solache,Friends of Solache for Assembly 2024,≤100
199628561213,Nicholas J. Sacco,Nick Sacco for Mayor,≤100
112409865174567,Anthony Konczal,These ads ran without a disclaimer,≤100
189618364823108,FairySeason.com,These ads ran without a disclaimer,≤100
105334892381660,AmericanTowns Politics,AMERICAN TOWNS,≤100
101792052710029,Wear Right Messaging,Wear Right Messaging LLC,≤100
399067003454888,Sudan Relief Fund,These ads ran without a disclaimer,≤100
1507255312837768,Sunstone Counseling,These ads ran without a disclaimer,≤100
111027456985128,Lavinia Goodell,Nancy A Kopp,≤100
278052172260101,ZERO TO THREE,ZERO TO THREE,≤100
1802248836771260,Weird Little Tales,These ads ran without a disclaimer,≤100
104834962590334,Cryan Quijano Atkins for LD20,CTE Cryan Quijano Atkins,≤100
102349786188304,royalty.official.01,These ads ran without a disclaimer,≤100
140155342671005,Sempervirens Fund,SEMPERVIRENS FUND,≤100
107142265621370,Arizona Recap,SINEMA FOR ARIZONA,≤100
123624513983,The Western Journal,The Western Journal,≤100
14893370225,Sustainable Harvest International,SUSTAINABLE HARVEST INTERNATIONAL,≤100
117507751891,United Poultry Concerns,"UNITED POULTRY CONCERNS, INC",≤100
262204243893721,EarnIn,EarnIn,≤100
101871836008904,Curious Corner,These ads ran without a disclaimer,≤100
114167895375664,Cherokee Nation,"CHEROKEE NATION, THE",≤100
461530314600399,Common Sense American Politics,Common Sense American Politics,≤100
108926330594488,Colorado's Health Care Future,"Partnership for America’s Health Care Future Action, Inc.",≤100
104290518941686,Pal Stories,These ads ran without a disclaimer,≤100
126855128568,FEBC (Far East Broadcasting Company),"FAR EAST BROADCASTING COMPANY, INC.",≤100
107500120800840,Partnership for Energy Progress,Partnership for Energy Progress,≤100
2259323457517498,Abolish the Electoral College,Abolish the Electoral College,≤100
273546779885377,The Gallant Pelham,"delupton, LLC",≤100
100346704811820,repurpose_recycling,Repurpose Recycling,≤100
114513494875415,America's Freedom Page,USA Features Media LLC,≤100
49421708941,Americans for Limited Government,AMERICANS FOR LIMITED GOVERNMENT IN,≤100
104107455066450,Russell Cohen on moderation in public policy,Russell Cohen on moderation in public policy,≤100
17414523278,Democracy Now!,DEMOCRACY NOW,≤100
417522508294454,Job Creators Network,Job Creators Network,≤100
1720878078241107,Conservative Move,Conservative Move,≤100
105763805753405,Fantasia & Inganamort for Assembly,Dawn Fantasia & Mike Inganamort,≤100
208123442565,City of Irvine City Hall,"IRVINE, CITY OF",≤100
110019337015716,Inspiring Young Heroes,Young Heroes Project,≤100
245064808869530,Bay Area Community Health Advisory Council,COMMUNITY INITIATIVES,≤100
105861441295494,97Percent,97PERCENT ORG INC,≤100
103649939028193,Costa Mesa Confidential,Costa Mesa Confidential,≤100
112194458482673,Todd McKellar for State Representative District 38,Todd McKellar for State Representative District 38,≤100
300341323465160,The Daily Signal,HERITAGE FOUNDATION (THE),≤100
60182072999,Lila Rose,Live Action,≤100
111131133551811,The Locke Society,Locke Society Inc,≤100
102250488159136,Alliance for a Better Pennsylvania,Alliance For A Better Pennsylvania,≤100
112912573793125,Rise Up for Justice,Avrom L Altman,≤100
101422986006149,Dyme.Earth,Dyme Digital Inc,≤100
115909018067820,"Michael C LaSala, PhD, LCSW",Shawn Joseph Hanaee,≤100
101173328118762,Change Washington,Change Washington,≤100
106551265031548,Mike Gay for City Council District 2,Mike Gay for City Council,≤100
2255535767896743,Mark Robinson,Friends of Mark Robinson,≤100
104527122606142,Dean Register for Desoto Clerk of Court,Dean Register,≤100
113044548276375,Dontbanbingo.com,"SmithMack, LLC",≤100
122791001191184,Colorado Office of Economic Development and International Trade,Colorado Office of Economic Development and International Trade,≤100
508244085895115,Lana Theis for State Senate,Committee to Elect Lana Theis,≤100
324569504564505,Worker Power,Worker Power,≤100
138290759549138,Hope Clinic,Hope Clinic for Women,≤100
104305332210709,Tor Stories,These ads ran without a disclaimer,≤100
68025637757,A+ Education Partnership,"A+ EDUCATION PARTNERSHIP, THE",≤100
117957137899832,Working Power,Working Power LLC,≤100
189984121025031,W for Woman,These ads ran without a disclaimer,≤100
2007361039550045,"Center for Free, Fair, and Accountable Democracy","CENTER FOR FREE, FAIR, AND ACCOUNTABLE DEMOCRACY, INC.",≤100
482148685166110,Retirement Housing Foundation,Retirement Housing Foundation,≤100
109118211910879,Mr. 45,Green Straw LLC,≤100
174793662656828,Colorado Peak Politics,Peak Politics LLC,≤100
143173285763,Tenth Amendment Center,Tenth Amendment Center,≤100
128288676833,Rocky Mountain Elk Foundation,"ROCKY MOUNTAIN ELK FOUNDATION, INC.",≤100
162842912534587,Liberty & Justice for Arkansas,Liberty and Justice for Arkansas,≤100
100970501612434,Oregon Small Business Association,Oregon Small Business Association PAC,≤100
114788670288716,Esta En Tus Manos Nevada,Esta en Tus Manos Nevada,≤100
182034571982073,Dade Phelan,Texans for Dade,≤100
103577788092886,Quarantine Racism,Quarantine Racism,≤100
181924628560212,Ekō,Ekō,≤100
109142735042668,Mid Stories,These ads ran without a disclaimer,≤100
1804156426550062,Tim Kennedy for Senate,KENNEDY FOR SENATE,≤100
103481651030324,Great Lakes. Michigan Jobs.,Great Lakes. Michigan Jobs.,≤100
1078747235659198,Congresswoman Mikie Sherrill,The Office of Congresswoman Mikie Sherrill,≤100
147126507164,ACTwireless,ACTwireless,≤100
153806571326997,Greenyc,NYC Mayor's Office of Sustainability,≤100
115031433563622,Leading Ladies,BizPac Review,≤100
169204449790211,Conservative News Today,BizPac Review,≤100
111160625114619,Semi Bird For Governor Of Washington,Bird For Governor,≤100
2003006189814517,Rep. Jason Crow,Office of Rep. Jason Crow,≤100
305068543740929,DŌST BIKES,These ads ran without a disclaimer,≤100
105016885359360,Up to Us powered by Veolia,These ads ran without a disclaimer,≤100
217519028785017,Nature Research Custom Media,These ads ran without a disclaimer,≤100
386018108084949,Maccabi World Union מכבי תנועה עולמית,These ads ran without a disclaimer,≤100
1708032056092814,Sealuxe,These ads ran without a disclaimer,≤100
2238793973101135,Leonardo Ferraz,These ads ran without a disclaimer,≤100