﻿Page ID,Page name,Disclaimer,Amount spent (USD)
293384094915450,جريدة الحراك الإخباري,جريدة الحراك الإخباري,≤100
107424440982021,Eekad - إيكاد,These ads ran without a disclaimer,≤100
389754028545257,أوراس - Awras,أوراس - Awras,≤100
299227550122220,Radio Cina Internazionale,These ads ran without a disclaimer,≤100
995765983772115,Dzair Tube,Dzair Tube,≤100
100287395944901,salam.ghannam94,These ads ran without a disclaimer,≤100
108664601395259,وطـن - Watan Tv,These ads ran without a disclaimer,≤100
104140320927199,قناة النصر TV,قناة النصر TV,≤100
285530825204,Klitschko,These ads ran without a disclaimer,≤100