﻿Page ID,Page name,Disclaimer,Amount spent (DKK)
63691965101,UNICEF Danmark,UNICEF Danmark,2081
26458152911,SOS Børnebyerne,SOS Børnebyerne,1498
99632942471,Læger uden Grænser (MSF),Læger uden Grænser (MSF),1244
122577072476986,Amalo,Amalo,1168
72672361910,Børns Vilkår,Børns Vilkår,813
125934997444897,SuperBrugsen,Coop,680
116227401722605,Dansk Flygtningehjælp,Dansk Flygtningehjælp,580
67571270393,Red Barnet,Red Barnet,549
107893513382,Liberal Alliances Ungdom,Liberal Alliances Ungdom,478
65929129383,Røde Kors,Røde Kors,468
399210657232918,PlanBørnefonden,PlanBørnefonden,450
5624899398,Mellemfolkeligt Samvirke,Mellemfolkeligt Samvirke,428
116269191760882,DSB,DSB,413
276770505228,Folkekirkens Nødhjælp,Folkekirkens Nødhjælp,410
748887235210811,Obton Forvaltning A/S,Obton A/S,339
33588644626,World Animal Protection Danmark,World Animal Protection Danmark,328
287306323369,Børnecancerfonden,Børnecancerfonden,315
55365680705,Greenpeace Danmark,Greenpeace Danmark,278
12787473132,Berlingske,Berlingske,255
867877683280051,Weekendavisen,Weekendavisen,252
155596147784577,WWF Verdensnaturfonden,WWF Verdensnaturfonden,241
38507331439,Danmarks Naturfredningsforening,Danmarks Naturfredningsforening,221
106468772046278,Project Greensand,Project Greensand,205
1643818125897989,Fonden Novavi,Fonden Novavi,197
250994288337708,Sex og Samfund,Sex og Samfund,188
924692171033381,"UNHCR, FN’s Flygtningeorganisation",These ads ran without a disclaimer,187
109012749124622,3F - Gør dig stærkere.,3F - Danmarks Stærkeste Fagforening,175
102154048301476,Lederstof.dk,Lederne,168
202627126417910,TAXA 4x35,Sammenslutningen Taxa 4x35,164
759082797552576,Folkekirkens Nødhjælps Genbrug,Folkekirkens Nødhjælp,160
276145368333,Bedre Psykiatri - Landsforeningen for pårørende,Bedre Psykiatri - Landsforeningen for pårørende,127
130388840342741,Danske Bank,Danske Bank,125
121570596369,CARE Danmark,CARE i Danmark,≤100
246977185497434,Plastic Change,Plastic Change,≤100
1104790642968068,Peter Seier Christensen,Nye Borgerlige,≤100
864373427248898,Dybbøl Banke Skansegården,Charles Ginnerskov,≤100
90497015205,Kvickly,Coop,≤100
350495955072656,Klimabevægelsen i Danmark,Klimabevægelsen i Danmark,≤100
1297274843616409,Arbejdsgiverforeningen GLS-A,These ads ran without a disclaimer,≤100
1497190180404355,Kira Marie Peter-Hansen,Kira Marie Peter-Hansen,≤100
304554445813,Videncentret Bolius,Videncentret Bolius,≤100
154415494575789,IDA,IDA,≤100
109450894144575,Kontrast,Kontrast.dk Aps,≤100
427213910721659,Dansk Blindesamfund,Dansk Blindesamfund,≤100
19176473894,IMS (International Media Support),IMS (International Media Support),≤100
144098125661833,Nordea Invest,Nordea Invest,≤100
146956228206,Red Barnet Ungdom,Red Barnet Ungdom,≤100
95141502089,Økonomisk Ugebrev,Økonomisk Ugebrev,≤100
36664432940,Amnesty International Danmark,Amnesty Danmark,≤100
2047554945456852,Climaider,Climaider,≤100
32416796716,Lindhardt og Ringhof,Lindhardt og Ringhof,≤100
1405355586351630,Carlsbergfondet,Carlsbergfondet,≤100
267019152979,"DPU, Aarhus Universitet",Carsten Henriksen,≤100
102374815695721,Nordic Talks,Nordic Council of Ministers,≤100
105511328705392,HØRT,Børns Vilkår,≤100
246097715413231,Alkohol & Samfund,Alkohol & Samfund,≤100
1688214178159008,BARONS,BARONS,≤100
304554445813,Videncentret Bolius,Bolius,≤100
109832114803166,Videnskabsår22,Videnskabsår22 c/o Videnskabernes Selskab,≤100
314676938743,DM din akademiske fagforening,DM,≤100
1704424023182897,Politiken Historie,Politiken Historie,≤100
153640394698032,Roskilde Kommune,Roskilde Kommune,≤100
334571029981175,DM og MA studerende,DM,≤100
105256367862821,Søstre mod vold og kontrol,Søstre mod vold og kontrol,≤100
646746285466931,Nye Borgerlige,Nye Borgerlige,≤100
227357657280228,Børnehjælpsdagen,Fonden Børnehjælpsdagen af 6. maj 1904,≤100
23488866416,Ateistisk Selskab,Ateistisk Selskab,≤100
217135424459,Karen Blixen Museum,Karen Blixen Museum,≤100
106355174776321,Christian Budde,Christian Opstrup-Privat,≤100
103369033067277,NOAH,Sørensen Jacob,≤100
109252350463401,Træ i Byggeriet,Træ i Byggeriet,≤100
104414898912918,GOTO Sønderborg,GOTO Sønderborg,≤100
494902077334290,Tuborgfondet,Tuborgfondet,≤100
384003985972,Greentel,Greentel,≤100
169918310823,Foreningen Spiseforstyrrelser og Selvskade,Foreningen Spiseforstyrrelser og Selvskade,≤100
101248435485457,Frihedsbrevet,Mediehuset Friheden,≤100
336333896418452,Assens Kommune,Assens Kommune,≤100
635283260257377,Süleyman Yücel - Venstre,Süleyman Yücel,≤100
100422305494764,PostulatPosten,PostulatPosten,≤100
12458150929,Radikale Venstre,Radikale Venstre,≤100
341299649231023,Zetland,Zetland,≤100
517462625009133,Folketinget,Folketinget,≤100
180519405977219,Frederiksværk Krisecenter,Frederiksværk Krisecenter,≤100
284571169850,Nyt Europa,Nyt Europa,≤100
109261517088528,Fremstillingsindustrien,Marie Thorsø Kousgaard,≤100
111544458061503,TimeVision - En del af TimeGruppen,TimeVision Godkendt Revisionspartnerselskab,≤100
100416662311928,Vid&Sans,Tore Bonnerup,≤100
98486774725,Djøf,Nicolai Kromann Pein,≤100
749938825140556,Nye Borgerlige Kalundborg,Jesper Høgedal,≤100
253132104886911,Kvisten,Kvisten,≤100
194452460650048,Global Aktion,Global Aktion,≤100
271491613260426,Gang I Glostrup,Det Konservative Folkeparti i Glostrup,≤100
135160493347668,HK Service Hovedstaden,Irina Frost,≤100
129940943738051,Odense ser Rødt,Odense ser Rødt,≤100
1037138983037629,Hjem til Alle alliancen,Hjem til Alle,≤100
113555862534,SF Ungdom,SF Ungdom,≤100
108078325238131,DH Vestegnen,DH Vestegnen,≤100
126543540781090,Ældre Sagen,Ældre Sagen,≤100
108712950993575,MIGHTY MONDAY,These ads ran without a disclaimer,≤100
824053654384765,Ringkøbing-Skjern Erhvervsråd,Ringkøbing-Skjern Erhvervsråd,≤100
933551813499955,Stine Roldgaard SF Politik,Stine Roldgaard,≤100
376442055780548,"Søren Søndergaard, formand for Landbrug & Fødevarer",Landbrug & Fødevarer,≤100
47703234827,Københavns Hovedbibliotek,Københavns Hovedbibliotek,≤100
356590264357569,Palæstinaorientering,Ole Olsen,≤100
703392699671550,Morten Dreyer,These ads ran without a disclaimer,≤100
294885907302040,AdResult - Vi skaber online resultater,AdResult ApS,≤100
142641498926,Fairtrade-mærket Danmark,Fairtrade Danmark,≤100
181330585392156,Skattestyrelsen,Skattestyrelsen,≤100
107575374711850,SAGA DK,Saga,≤100
77420716648,Energiselskabet Natur-Energi,Energiselskabet Natur-Energi,≤100
390925417751473,Erling Bonnesen,Erling Bonnesen,≤100
147547541961576,Council of the European Union,Council of the European Union,≤100
63044235866,UN Climate Change,UN Climate Change with Facebook Ad Credits,≤100
274394006605216,History A2Z Magazine,These ads ran without a disclaimer,≤100
178362315106,European Parliament,European Parliament,≤100