﻿Page ID,Page name,Disclaimer,Amount spent (EGP)
798673866859390,ETC TV,ETC TV,115
273900239400893,نقابة المحامين المصرية,نقابة المحامين المصرية,≤100
550280998481446,Rasha Kelej,Rasha Kelej,≤100
100835565731657,Ahmed Amin Massoud - أحمد أمين مسعود,Ahmed Amin Massoud - أحمد أمين مسعود,≤100
591352604646053,جائزة مصر للتميز الحكومي - Egypt Government Excellence Award,جائزة مصر للتميز الحكومي - Egypt Government Excellence Award,≤100
2035593490055091,النائب عمرو القطامي,سيد أحمد,≤100
106450555171099,مجدي البري - Magdy Elbery,مجدي البري - Magdy Elbery,≤100
111086937788265,موقع تحيا مصر - Tahiamasr News,Mariam Ahmed Hamouda,≤100
104570177893410,أحمد علي الألفي,أحمد علي الألفي,≤100
192320965049184,الإعلامية نيفين منصور,Nivine Mansour,≤100
110877857406073,المهندس حسام لبن,المهندس حسام لبن,≤100
131814203525361,CC Plus,Nourhan Osama,≤100
112072071382470,أحمد الفار - Ahmed Elfar,Noha Mohamed Ibrahim,≤100
102883459081121,Mohamed Taher - محمد طاهر,Mohamed Taher - محمد طاهر,≤100
158643697625854,محمد تيسير مطر - Mohamed Tayser Mattar,Aplus,≤100
108210648333964,محمود طاهر -Mahmoud Taher,محمود طاهر -Mahmoud Taher,≤100
106719921012688,Ahmed Bahaa Shalaby-أحمد بهاء شلبي,Integrated Marketing Communications For Media.IMC,≤100
586768434680803,جمعية صناع الحياة,جمعية صناع الحياة,≤100
103291013528894,Dr.Mokhtar Gomaa,Ahmed Zaatar,≤100
535371883202755,Freddy Elbaiady  صفحة فريدي البياضي,Freddy Elbaiady  صفحة فريدي البياضي,≤100
261220720714681,الصفحه الرسمية للمركز القومى لثقافة الطفل  - مصر,الصفحه الرسمية للمركز القومى لثقافة الطفل  - مصر,≤100
103745798627292,المستشار ماهر ميلاد اسكندر,المستشار ماهر ميلاد اسكندر,≤100
117690156743688,النائب حافظ عمران,Shôükrý Ömrãñ,≤100
1934139156895621,د.خالد قنديل Dr.Khaled Kandel,Basel Noufal,≤100
371046333676858,الحرية لشريف الروبي - Free Sherif,الحرية لشريف الروبي - Free Sherif,≤100
114726046971699,الإعلامى حسام طه Hosam Taha,الإعلامى حسام طه Hosam Taha,≤100
105096455624550,Tamer abdelhamid - تامر عبد الحميد,Tamer abdelhamid - تامر عبد الحميد,≤100
101586878327765,Hassanein Tawfiq - حسانين توفيق,Hassanein Tawfiq - حسانين توفيق,≤100
112709551678127,الصفحة الرسمية لبرنامج آخر كلام,These ads ran without a disclaimer,≤100
159052647481654,حزب الإصلاح والنهضة,حزب الإصلاح والنهضة,≤100
100391255098382,Amal Ramzy,Basem Ragab,≤100
2063880373895930,Alaa Moustafa - علاء مصطفى,Islah Nahda,≤100
1950076708632822,Osama el shahed - أسامة الشاهد,Osama el shahed - أسامة الشاهد,≤100
308088503057656,النائب محمود عصام,النائب محمود عصام,≤100
354968941204659,الدكتور أيمن أبو العلا عضو مجلس النواب,الدكتور أيمن أبو العلا عضو مجلس النواب,≤100
275606287530,CEMEX,These ads ran without a disclaimer,≤100
103086629281243,محمد الشنراوي,Mariam Ahmed Hamouda,≤100
112161944845807,Nevein Basiouny,Muhammad Nash'at,≤100
103571604973098,هشام حسين - Hesham Hussein,حسين السيد,≤100
104864037834748,المستشار شعبان رأفت عبداللطيف,Mohamed Helmy,≤100
108927510969680,الصفحة الرسمية للنائبة د. صبورة السيد,Mariam Ahmed Hamouda,≤100
102752291431181,المهندس حازم الجندي - Hazem ElGendy,المهندس حازم الجندي - Hazem ElGendy,≤100
1625068054380978,تحيا مصر,Mariam Ahmed Hamouda,≤100
101197622532859,مؤسسة لمار حجاج الخيرية,These ads ran without a disclaimer,≤100
298138254162621,النادي الليبرالي بالقاهرة,النادي الليبرالي بالقاهرة,≤100
378153758982777,Mohsen Smika - محسن سميكة,These ads ran without a disclaimer,≤100
1012904038778488,سامح فتحي حبيب,سامح فتحي حبيب,≤100
108379435011990,المؤتمر العلمى الدولي TAT,These ads ran without a disclaimer,≤100
102498564631055,Asharq News الشرق للأخبار,These ads ran without a disclaimer,≤100
440721546507886,حزب حماة الوطن ـ قطاع المحلة و سمنود,These ads ran without a disclaimer,≤100
738777416145406,The Agam Agenda,These ads ran without a disclaimer,≤100
111031715123767,Maestrocity.NET,These ads ran without a disclaimer,≤100
106684228815847,Africa's Green Economy Summit,These ads ran without a disclaimer,≤100
101286118673417,sherenemelania,These ads ran without a disclaimer,≤100
310943025606302,World Cancer Day,These ads ran without a disclaimer,≤100