﻿Page ID,Page name,Disclaimer,Amount spent (MYR)
260612367434680,Lidah Hitam,Mohd Rais Bin Omar,135
474963719253432,Yayasan Ikhlas,Yayasan Ikhlas,125
169284053121990,Pemuda PAS Bangi,Pemuda PAS Bangi,109
221159141657466,Newswav,Newswav - Malaysia Latest News,≤100
101193781637538,sumbangan.com,sumbangan.com,≤100
195105060510135,Kementerian Dalam Negeri (KDN),Aiman Hakim Bin Mohd Yusof,≤100
103406462160763,Nat Market,VIDARA SDN BHD,≤100
109530075225317,Rezeki Infaq,Nurhaniz Binti Mohamad Shah,≤100
102854009170156,Platinum.Chao Teleshop,These ads ran without a disclaimer,≤100
101766712542785,New Way,These ads ran without a disclaimer,≤100
103091001499691,Ideal Estate 4 U,Chee Keong Sum,≤100
27588322041,BFM Radio - The Business Station,BFM Radio - The Business Station,≤100
401788663279891,Yayasan Sofa Negeri Sembilan,Yayasan Sofa,≤100
100262819409856,Hasnizan Harun,Hasnizan Harun,≤100
109978830534400,Dr Dominic Lau Hoe Chai,PGRM,≤100
105095057904484,William Leong 梁自坚,Swee Sheun Lee,≤100
122913508099,Parti Gerakan Rakyat Malaysia,PGRM,≤100
149208308580838,Fuziah Salleh,Keadilan Rakyat,≤100
100569215711534,Sinar Daily,Sinar Daily,≤100
87363369882,Sinar Harian,Sinar Harian,≤100
104156305593898,Tranquillity Liberty,These ads ran without a disclaimer,≤100
302289583485368,Chua Wei Kiat,PARTI KEADILAN RAKYAT CABANG SELAYANG,≤100
138361272876308,马华公会,马华公会,≤100
135729286825875,Hamzah Zainudin,Hamzah Zainudin Orang Kita,≤100
663424353704332,sinarplus,SinarPlus,≤100
164492150267814,Dewan Muslimat PAS Melaka,Dewan Muslimat PAS Melaka,≤100
340011824765,Rodziah Ismail,Parti Keadilan Rakyat,≤100
159556865294,Nik Nazmi,Nik Nazmi,≤100
1806878996256128,Shatiri Bin Mansor,Kusyary Bin Che Rus,≤100
192323984171757,Latest Malaysia News,Kazi Mahmood Fatagar,≤100
517210464961612,刘华才博士,PGRM,≤100
213511465652713,rentsale.my,rentsale.my,≤100
232346716925403,Majalah Forex Malaysia,MAJALAH FOREX MALAYSIA,≤100
134750209898122,Chang Lih Kang,Parti Keadilan Rakyat,≤100
154574060056739,Warta Rakyat,Warta Rakyat,≤100
401340596873929,The True Net,Yoke Har Ng,≤100
712310215592506,郑立慷,Chang Lih Kang,≤100
108772162065702,PSM Gombak,Arveent Srirangan A/L Kathirtchelvan,≤100
140910022595888,JHEV ATM,JHEV ATM,≤100
107382207626058,R.Yuneswaran,Yuneswaran A/L Ramaraj,≤100
353040178697449,Tabung Pahlawan Veteran ATM,Tabung Pahlawan Veteran ATM,≤100
230445633883,Jabatan Penerangan Malaysia,Jabatan Penerangan Malaysia,≤100
111361091313,NICABM,These ads ran without a disclaimer,≤100
157791694829873,Manndzri,Manndzri,≤100
103627275288286,Lumi News Malaysia,Lumi Global Sdn Bhd,≤100
576452365759980,Akmal Saufi Mohamed Khaled,Barisan Nasional Johor Bahru,≤100
710453185664230,Ali Omar,These ads ran without a disclaimer,≤100
116308369063243,Kambria,These ads ran without a disclaimer,≤100
281731535230769,Hemmersbach,These ads ran without a disclaimer,≤100
102409092484188,Rainibuy4,These ads ran without a disclaimer,≤100