﻿Page ID,Page name,Disclaimer,Amount spent (JMD),Number of ads in Library
101620579425521,Our Today,These ads ran without a disclaimer,154,1
1744911689126391,12up,These ads ran without a disclaimer,≤100,1
111679394767549,المشروع القومي لمشتقات البلازما,These ads ran without a disclaimer,≤100,1
114745996623155,RestWow,These ads ran without a disclaimer,≤100,1
101853479470366,Weregreenly,These ads ran without a disclaimer,≤100,1
102998939765184,Persian bms,These ads ran without a disclaimer,≤100,1
103393035778315,Alotofstylewe.com,These ads ran without a disclaimer,≤100,1
315603771494,Milaap,These ads ran without a disclaimer,≤100,1
102948998654217,Baking Haven,These ads ran without a disclaimer,≤100,1
101351691906645,The Primary Market - News,These ads ran without a disclaimer,≤100,2
953273231388226,The Hon. Dr. Monique Lynch,These ads ran without a disclaimer,≤100,1