﻿Page ID,Page name,Disclaimer,Amount spent (THB)
102360756116291,แพรวพรรณ พุกพิบูลย์,Praewphan Pukpiboon,2170
2105350112863264,ร้อยเอก ดร.จองชัย วงศ์ทรายทอง - ผู้กองเบิร์ด,ร้อยเอก ดร.จองชัย วงศ์ทรายทอง - ผู้กองเบิร์ด,970
318392915554883,ภิญโญ กิจเลิศไพโรจน์ - Pinyo Kitlertphairoj,ภิญโญ กิจเลิศไพโรจน์ - Pinyo Kitlertphairoj,407
111067427367211,หนึ่ง กิตติพล รวยฟูพันธ์ ว่าที่ผู้สมัคร สส ทุ่งครุ ราษฎร์บูรณะ พรรคเพื่อไทย,หนึ่ง กิตติพล รวยฟูพันธ์ ว่าที่ผู้สมัคร สส ทุ่งครุ ราษฎร์บูรณะ พรรคเพื่อไทย,155
101274425792459,กิตติพงศ์ รวยฟูพันธ์ - ส.ก.ไอซ์ เขตทุ่งครุ,กิตติพงศ์ รวยฟูพันธ์ - ส.ก.ไอซ์ เขตทุ่งครุ,112
102807719039442,พรรครวมไทยสร้างชาติ United Thai Nation Party,พรรครวมไทยสร้างชาติ United Thai Nation Party,≤100
115195181447846,อ้อ ศิรินันท์ ศิริพานิช,อ้อ ศิรินันท์ ศิริพานิช,≤100
112969264517494,เพ็ญพิสุทธิ์ จินตโสภณ - Penpisut Jintasophon,Vatcharapong Wongkom,≤100
2131398436998925,ชนินทร์ รุ่งแสง ปชป.,ชนินทร์ รุ่งแสง ปชป.,≤100
876168575848382,U-Report Thailand,UNICEF Thailand,≤100
241115389300595,คุณหญิงสุดารัตน์ เกยุราพันธุ์ Sudarat Keyuraphan,คุณหญิงสุดารัตน์ เกยุราพันธุ์ Sudarat Keyuraphan,≤100
106492485566151,วิชิต วราศิริกุล เพื่อทุ่งครุ-ราษฎร์บูรณะ เราทำได้,Nattagid Manasermwong,≤100
101535845426970,พรรคไทยสร้างไทย,พรรคไทยสร้างไทย,≤100
538633149666112,กวีวงศ์ อยู่วิจิตร-ผู้สมัคร ส.ส. เขตบางนา พระโขนง พรรคเพื่อไทย,กวีวงศ์ เบิด อยู่วิจิตร,≤100
345127652279503,มูลนิธิสากลเพื่อคนพิการ,มูลนิธิสากลเพื่อคนพิการ,≤100
157659344260788,จุรินทร์ ลักษณวิศิษฏ์ Aoodda,Jurin Laksanawisit,≤100
109239188766815,ดร. วิทยา อินาลา,Klod Sawadputsra,≤100
100624122148338,โรงพยาบาลรวมใจรักษ์ สุขุมวิท 62 Ruamjairak Hospital Sukhumvit 62,โรงพยาบาลรวมใจรักษ์ สุขุมวิท 62 Ruamjairak Hospital Sukhumvit 62,≤100
108683518829164,ดร.ดุสิต  พันธุ์เสือ  พรรคประชาธิปัตย์จ. สมุทรปราการ เขต 2,Nuwat Chalerm-adirek,≤100
101504656149099,Peace Sasipatra  - ศศิร์ภัทรา พชิราพิชาพัฒน์,Peace Sasipatra  - ศศิร์ภัทรา พชิราพิชาพัฒน์,≤100
1105604039583762,Line One สว.นท. ขอเชิญส่งประวัติ ส่วนตัว องค์กร เพื่อเข้ารับรางวัลประจำปี,Suksan Booran,≤100
296508406790,"Democrat Party, Thailand พรรคประชาธิปัตย์","Democrat Party, Thailand พรรคประชาธิปัตย์",≤100
476608676019726,หนังสือสรุปคนโปรด อ่านง่าย เข้าใจไว,These ads ran without a disclaimer,≤100
115559764794869,Daily New Thailand,These ads ran without a disclaimer,≤100
530945957405983,Nitipon Piwmow - นิติพล ผิวเหมาะ,Nitipon Piwmow,≤100
109194661573282,The Peaches Clinic,The Peaches Clinic,≤100
539119526485380,ทนายใหญ่ ธิมาชัย,ใหญ่ ธิมาชัย,≤100
106561034744198,ลอรี่ - พงศ์พล ยอดเมืองเจริญ,ลอรี่ - พงศ์พล ยอดเมืองเจริญ,≤100
622674297897819,Screenshirt2020,Screenshirt2020,≤100
101372342567471,ต้นกล้า จรยุทธ จตุรพรประสิทธิ์ - TonKla Chorayuth Chaturapornprasit,Chorayuth Chaturapornprasit,≤100
107612328588715,The Voters,สันติสุข กาญจนประกร,≤100
102530815945359,องอาจ วชิรพงศ์,Areeya Namdokmai,≤100
115922723434700,ครูเจพีสรุปย่อ for Teacher,ครูเจพีสรุปย่อ for Teacher,≤100
103863149219273,นิธิกร วุฒินันชัย เอก พรรคเพื่อไทย,เอก นิธิกร วุฒินันชัย,≤100
204016840519336,ศ.ดร.นฤมล ภิญโญสินวัฒน์,ศ.ดร.นฤมล ภิญโญสินวัฒน์,≤100
345016283447364,ข้าวแต๋นแผ่นดิบขายส่ง ถูกที่สุด ส่งตรงจากแหล่งผลิต มีบริการชำระปลายทาง,These ads ran without a disclaimer,≤100
104427797605274,ดร.เฉลิมชัย ศรีอ่อน รัฐมนตรีว่าการกระทรวงเกษตรและสหกรณ์,ดร.เฉลิมชัย ศรีอ่อน รัฐมนตรีว่าการกระทรวงเกษตรและสหกรณ์,≤100
111341764925564,สำนักสนับสนุนการพัฒนาระบบสุขภาพ - สำนัก 7 สสส.,สำนักสนับสนุนการพัฒนาระบบสุขภาพ - สำนัก 7 สสส.,≤100
2046265545683549,เชียร์ลุง,เชียร์ลุง,≤100
114365901603259,ดร.นิพนธ์  แจ่มจำรัส,Kevin Maltig,≤100
100563224683217,Amarat Chokepamitkul อมรัตน์ โชคปมิตต์กุล,These ads ran without a disclaimer,≤100
100545119426784,พีระพันธุ์ FC,Bunsong Rodyo,≤100
382558248956531,กมลพัฒน์  ปุงบางกะดี่  เขตบางขุนเทียน,กมลพัฒน์  ปุงบางกะดี่  เขตบางขุนเทียน,≤100
101794231527425,สุภกร ตันติไพบูลย์ธนะ - Supakon Tangtiphaiboontana,สุภกร ตันติไพบูลย์ธนะ,≤100
109720095237186,กษิรัช สุวรรณเพ็ญ - ประชาธิปัตย์ ตาก,Kasirat Suwanpen,≤100
177948972256358,เอกนัฏ พร้อมพันธุ์ (ขิง),Chonticha Mahachai,≤100
101573459356406,ภัทรพงศ์ ภัทรประสิทธิ์ - Phattrapong Phattraprasit,Suparerk Poopipatpinyo,≤100
112073738279329,สิงโต - ศักดิ์สิทธิ์ ขาวทอง,สิงโต - ศักดิ์สิทธิ์ ขาวทอง,≤100
116679231319335,ตุ๊ก - กานสินี,Dunyawat  Bamrungchan,≤100
144244838974357,JustSmile Wedding Chonburi : ถ่ายรูปแต่งงานให้ไฟล์ทั้งหมดฟรี,These ads ran without a disclaimer,≤100
365923533756876,Kleens อกไก่ปั่น,สันตยุต ทองวิลาศ,≤100
2061113360805380,เบอร์มงคล รับทรัพย์ รับรัก รับโชค,These ads ran without a disclaimer,≤100
108508377637861,มุ้งจีบพระราม2 โรงงานผลิตมุ้งจีบ มุ้งลวด เหล็ดดัดทุกชนิด,กุหลาบ บัวสด,≤100
109316932096944,ดร.พร้อมพงศ์ นพฤทธิ์ - Dr.Prompong Nopparit,Prompong Nopparit,≤100
1635406246730420,วรงค์ เดชกิจวิกรม - Warong Dechgitvigrom,วรงค์ เดชกิจวิกรม - Warong Dechgitvigrom,≤100
106212605666715,จ๋ายกวี  คนต่งห่อหยัดได้,Kaweejaiphuket,≤100
190923294988741,สอบครูผู้ช่วยนะ,สอบครูผู้ช่วยนะ,≤100
146007617136671,พลสิทธิ์ พงศ์พัฒนะกิจ -Ponlasit Pongpattanakit,พลสิทธิ์ พงศ์พัฒนะกิจ -Ponlasit Pongpattanakit,≤100
104321752173970,สมเกียรติ ขุนบุญจันทร์,สมเกียรติ ขุนบุญจันทร์,≤100
100915662043252,Denis Ads.,บริษัท เดนิส แอดส์ จำกัด,≤100
224633698033299,The Better news,The Better news,≤100
141739712586,ตรีรัตน์ ศิริจันทโรภาส - Treerat Sirichantaropas,ตรีรัตน์ ศิริจันทโรภาส - Treerat Sirichantaropas,≤100
101386439318479,วรัญญา แอนดาริส - ช่างแอนโยธา,วรัญญา แอนดาริส - ช่างแอนโยธา,≤100
118757751143686,อิทธิพล ชลธราศิริ - Itthiphon Chontharasiri - แบงค์ชัย,Itthiphon Chontharasiri,≤100
2263098807292933,ทนายศฤงคาร  ข่ายสุวรรณ์,Saringkan Khaisuwon,≤100
152665702176493,Ringsideการเมือง,Ringsideการเมือง,≤100
114914794432449,กฎหมายใช้สอบราชการ by Æ+,กฎหมายใช้สอบราชการ by Æ+,≤100
108515294626891,สอบข้าราชการท้องถิ่น By Thurakan,Chiraphorn Thuree,≤100
101903785231136,นายกไก่กังวาล ศักดิ์ชัย พิศาลผล,Thanachit Phraemuang,≤100
277320192288594,โอม จิรชาติ,โอม จิรชาติ,≤100
601953326929372,ธัญวัจน์ กมลวงศ์วัฒน์ - Tunyawaj Kamolwongwat,Tunyawaj Kamolwongwat,≤100
153864059796554,แอบซี๊ด,These ads ran without a disclaimer,≤100
119050414469122,aileen_officialbrand,These ads ran without a disclaimer,≤100
100744192938954,Nattapong Sumanotham - ณัฐพงษ์ สุมโนธรรม,Nattapong Sumanotham - ณัฐพงษ์ สุมโนธรรม,≤100
174738095989909,Pichai Naripthaphan,These ads ran without a disclaimer,≤100
105929502780726,VOA Thai,These ads ran without a disclaimer,≤100