﻿Page ID,Page name,Disclaimer,Amount spent (USD)
225385184188101,ქართული ოცნება / Georgian Dream,ქართული ოცნება / Georgian Dream,≤100
651534988375338,POSTV - ანალიტიკა,POSTV LLC,≤100
1577443435885416,მამუკა მდინარაძე / Mamuka Mdinaradze,Georgian Dream,≤100
114735666574826,Formula • ფორმულა,TV Formula,≤100
194165114388891,ევროპული საქართველო • European Georgia,ევროპული საქართველო,≤100
1037692123012971,კახა ოქრიაშვილი / Kakha Okriashvili,კახა ოქრიაშვილი / Kakha Okriashvili,≤100
108652531483661,ქართული ოცნება ჩემი არჩევანია,ქართული ოცნება ჩემი არჩევანია,≤100
2167628580128133,ირაკლი კობახიძე / Irakli Kobakhidze,Georgian Dream,≤100
107709478476649,თამარ ჩერგოლეიშვილი / Tamar Chergoleishvili,European Georgia,≤100
103965262533554,არ აგარევინებთ,Davit Davitashvili,≤100
104612225255960,გლდანელი,გლდანელი,≤100
133052760057128,Tabula - ტაბულა,Tabula - ტაბულა,≤100
353943391364252,TV Imedi,TV Imedi,≤100
406949709352265,Giorgi Vashadze / გიორგი ვაშაძე,Giorgi vashadze / გიორგი ვაშაძე,≤100
1709314685984193,სტრატეგია აღმაშენებელი • Strategy Aghmashenebeli,სტრატეგია აღმაშენებელი • Strategy Aghmashenebeli,≤100
105232394364997,გახარია,გახარია,≤100
103844525823875,პოლიტიკური აბსურდი,Ramaz Beridze,≤100
231291297445484,ჯორჯიან მანგანეზი - Georgian Manganese,Georgian Manganese,≤100
691251661323712,თავისუფალი ბაზარი,გირჩი • Girchi,≤100
1386065384959039,სოლიდარობა მშვიდობისთვის - ახალი სივრცე,Solidarity For Peace,≤100
414248619353564,საქართველოს დაბადება,გირჩი • Girchi,≤100
471759786227198,Factcheck.ge,Factcheck.ge,≤100
113901298627389,სალომე ზურაბიშვილი / Salome Zourabichvili,სალომე ზურაბიშვილი,≤100
104544911468291,შალვა პაპუაშვილი • Shalva Papuashvili,Georgian Dream,≤100
177657096172822,სირცხვილია • Shame Movement,სირცხვილია • Shame Movement,≤100
1746063075610569,საფარი/Sapari,Union Sapari,≤100
109261804792205,გიორგი კალანდარიშვილი - Giorgi Kalandarishvili,ELECTION ADMINISTRATION OF GEORGIA,≤100
105294965729965,საქართველო უპირველეს ყოვლისა  • Georgia First,Georgia First,≤100
107963338818553,Massage_Dze,Massage_Dze,≤100
101545558591952,დავით ფაცაცია / David Patsatsia,დავით ფაცაცია/Davit Patsatsia,≤100
103965262533554,არ აგარევინებთ,არ აგარევინებთ,≤100
297075367343408,BTU • ბიზნესისა და ტექნოლოგიების უნივერსიტეტი,BTU • ბიზნესისა და ტექნოლოგიების უნივერსიტეტი,≤100
116263589076940,Vato Shakarishvili • ვატო შაქარიშვილი,Davit Davitashvili,≤100
276733003042772,Levan Ioseliani,ალეკო ელისაშვილი - მოქალაქეები,≤100
147107512030533,საერთაშორისო გამჭვირვალობა-საქართველო,საერთაშორისო გამჭვირვალობა-საქართველო,≤100
1038115876252768,Gigi Tsereteli  გიგი წერეთელი,George Tsereteli,≤100
104215699175844,ანტირუსული პლატფორმა - AntiRussian Platform,AntiRussianPlatform,≤100
113991509974808,მამუკა ხაზარაძე Mamuka Khazaradze,მამუკა ხაზარაძე Mamuka Khazaradze,≤100
1031485756902883,გირჩი • Girchi,გირჩი • Girchi,≤100
497425910290053,სოციალური სამართლიანობის ცენტრი• Social Justice Center,Emc • ადამიანის უფლებების სწავლებისა და მონიტორინგის ცენტრი,≤100
101533539409791,პოლიტიკური რენტგენი / Political X-ray,Davit Gureshidze,≤100
749989348701035,ეს ქვეყანა შენია • This country is yours,Civil Society Institute,≤100
105513718835653,"მეცნიერების, განათლებისა და კულტურის პროფკავშირი - SEC Workers Union",Nikoloz Tsikaridze,≤100
1159313984168136,europop,Popsport,≤100
480323335835739,მაუწყებელი • Mautskebeli,მაუწყებელი • Mautskebeli,≤100
106671920976963,Movement EDU,Movement tv LLC,≤100
227232231055980,Egor Kuroptev,Egor Kuroptev,≤100
114191964091743,"საქართველოს კულტურის, სპორტისა და ახალგაზრდობის სამინისტრო",სიმონა ცალანი,≤100
120832381282640,Women's Information Сenter/ქალთა საინფორმაციო ცენტრი,Women's Information Center,≤100
536906143912475,RealPolitika • რეალპოლიტიკა,Gmc • მმართველობის მონიტორინგის ცენტრი,≤100
108545835242492,Hilarious diary,These ads ran without a disclaimer,≤100
1740887375921884,TOK TV,TOK TV,≤100
100978666007430,,These ads ran without a disclaimer,≤100
502975673136093,INKOMPASS,These ads ran without a disclaimer,≤100
285530825204,Klitschko,These ads ran without a disclaimer,≤100