﻿Page ID,Page name,Disclaimer,Amount spent (USD)
944644078980153,"Securities and Exchange Commission, Ghana","Securities and Exchange Commission, Ghana",≤100
102618778592624,Come Unto Christ In West Accra,Come Unto Christ In West Accra,≤100
1885114401706195,Dr. Matthew Opoku Prempeh,Dr. Matthew Opoku Prempeh,≤100
105713881570703,Ernest Kobeah,Ernest Kobeah,≤100
519608978084713,Ghana Education Trust Fund,Ghana Education Trust Fund (GETFund),≤100
102179325363565,Samuel A. Jinapor,Samuel Abdulai Jinapor,≤100
100187268355709,KYSFM-English,Rashida Fatawu,≤100
118014702133407,Josephine Oppong-Yeboah,These ads ran without a disclaimer,≤100
199105454128,German Information Centre Africa,These ads ran without a disclaimer,≤100