﻿Page ID,Page name,Disclaimer,Amount spent (USD)
115610190354167,Maguette Sène Officiel,Maguette Sène Officiel,≤100
1495287077369181,"Killé Sakho, Maire de Diawara",Sakho Killé,≤100
635754339866216,Ministère de l'Eau et de l'Assainissement,Ministère de l'Eau et de l'Assainissement,≤100
192236985850,fratmat.info,These ads ran without a disclaimer,≤100
101576436228266,Ndongo2024,Ndongo Ndiaye,≤100
215255338679306,Kaar Kaas Sonn,These ads ran without a disclaimer,≤100
109866574717977,Africa Speaks,These ads ran without a disclaimer,≤100