﻿Page ID,Page name,Disclaimer,Amount spent (USD)
1723073914575139,Жамбын Батсуурь,Б. Тэргэл,≤100
218413031955878,ЭЛБЭТ ус халаагчтай угаалтуур,ЭЛБЭТ ус халаагчтай угаалтуур,≤100
339646519820476,Garden City хотхон,Garden City хотхон,≤100
103471868972939,Нийгмийн Ардчилал Залуучуудын Сан - SDYF,Нийгмийн Ардчилал Залуучуудын Сан - SDYF,≤100
101252088988452,Шоовдорын ТӨМӨРСҮХ/Эрх Чөлөөг Хэрэгжүүлэгч  Нам/,Шоовдорын Төмөрсүх,≤100
109352650803239,"Улсын эрх ашиг, тусгаар тогтнолын нам FB page",Batjargal Gochoosuren,≤100