﻿Page ID,Page name,Disclaimer,Amount spent (EUR)
122037308191612,Make.org,Make.org,≤100
1451772388394989,UNSA Fonction publique,UNSA Fonction Publique,≤100
1990910584497496,France Assos Santé Martinique,These ads ran without a disclaimer,≤100
113341143794833,Swimoon fr,These ads ran without a disclaimer,≤100
763722197034246,En Développement,These ads ran without a disclaimer,≤100
1465382927092690,Fondation de la Mer,Fondation de la Mer with Facebook ad credits,≤100
115085431907231,McDonald's,These ads ran without a disclaimer,≤100