﻿Page ID,Page name,Disclaimer,Amount spent (EUR)
40433567307,UNICEF Italia,UNICEF Italia,1073
46590675335,Save the Children Italia,Save the Children Italia,282
183047736356,EMERGENCY,EMERGENCY,276
1154159241414027,Pasquale Ciacciarelli,Pasquale Ciacciarelli,196
259937814087151,Acea Energia,Acea Energia Spa,180
53347533412,LAV,LAV Onlus,168
410408122372430,Mario Ciarla,Mario Ciarla,159
65737832194,Medici Senza Frontiere,Medici Senza Frontiere,≤100
73493613024,ActionAid Italia,ActionAid Italia,≤100
630856663649596,Regione Lazio,Regione Lazio,≤100
39993728498,Amnesty International - Italia,Amnesty International Italia,≤100
35346524498,Greenpeace Italia,Greenpeace Italia,≤100
1795157064037833,Giorgio Leopardi Vice Sindaco di Ariccia,Giorgio Leopardi Vice Sindaco di Ariccia,≤100
88997912868,WWF Italia,WWF Italia,≤100
107757982215787,Tiziana Pepe,Forza Italia Coordinamento Velletri,≤100
33327548320,Croce Rossa Italiana - Italian Red Cross,Croce Rossa Italiana - Italian Red Cross,≤100
359943314111552,Alessio Pascucci,Alessio Pascucci,≤100
100111220163064,Marietta Tidei,Marietta Tidei,≤100
117897147866014,Sergio Tiberti,Sergio Tiberti per il Lazio,≤100
237766776701553,Antonio Pompeo,Antonio Pompeo,≤100
214454558764681,Elly Schlein,Elly Schlein,≤100
91261353336,Terre des Hommes Italia,Terre des Hommes Italia,≤100
2034460030163713,Lisa Noja,Italia Viva,≤100
268976423121377,Essere Animali,Essere Animali,≤100
103889315933510,Flavio Cera,Flavio Cera,≤100
254334631309835,Daniele Sabatini,Daniele Sabatini,≤100
634243093317092,Amoro srl,Amoro Srl,≤100
48677844864,Amref Health Africa - Italia,Amref Health Africa - Italia,≤100
179082995487557,SOS Villaggi dei Bambini - Italia,SOS Villaggi dei Bambini - Italia,≤100
309840349048638,e.on,E.ON Energia,≤100
1638510526420491,Refugees Welcome Italia,Refugees Welcome Italia,≤100
142589879147197,Europa Verde - Verdi,Europa Verde,≤100
178362315106,European Parliament,European Parliament,≤100
281797875189719,Avanti! online,Avanti! online,≤100
300657503437034,Lions Italia,Lions Italia,≤100
70212282110,Altroconsumo,Altroconsumo,≤100
629728274337878,Forza Italia Tivoli,Forza Italia Tivoli,≤100
48677844864,Amref Health Africa - Italia,Amref Health Africa,≤100
560366354143176,Rossella Chiusaroli,Rossella Chiusaroli,≤100
289752771388757,Culligan Italiana,Culligan Italiana,≤100
2794426070573094,Up2You,Up2You,≤100
1811177225665334,Enel X,Enel X Italia s.r.l.,≤100
118385304475590,Unione Popolare Lazio,Unione Popolare,≤100
319696888048805,Confronti,Confronti,≤100
77034286895,Partito Democratico,Partito Democratico,≤100
39595445128,Alessandro Capriccioli,Radicali Italiani,≤100
150301155010350,Intersos,Intersos,≤100
113071918732530,Animal Equality Italia,Animal Equality Italia,≤100
517325798340124,Marta Bonafoni,Marta Bonafoni,≤100
103968169809912,Credem Banca,Finanziato da Credem Banca,≤100
104720879190199,Fabio De Lillo - Elezioni 2023,Fabio De Lillo,≤100
313559438694166,VIDAS - Assistenza ai Malati inguaribili,VIDAS - Assistenza ai Malati inguaribili,≤100
299584710061488,WeWorld Onlus,WeWorld Onlus,≤100
441812505843728,Corepla,Corepla,≤100
102766046054805,Nader Al Khatib Candidato Regione Lazio,Nader Al Khatib,≤100
281191992492419,Massimiliano Maselli - FDI - Cons. Regione Lazio,Massimiliano Maselli,≤100
446699502145394,Marco Silvestroni,Marco Silvestroni,≤100
150200761667597,Oxfam Italia,Oxfam Italia,≤100
693492780985618,HSI/Italia,HSI/Italia,≤100
1657214567845698,BPER Banca,BPER Banca,≤100
1410474395723679,Petizioni.it,Petizioni.it,≤100
630913413615280,Valentina Paterna,Valentina Paterna,≤100
253657775240887,Pulsee,Axpo Italia,≤100
100576902850465,Funeral SRL Roma,Funeral S.r.l.,≤100
1953765388272707,Luca Andreassi,Luca Andreassi,≤100
120380341313167,Sinistra Italiana,Sinistra Italiana,≤100
103537362631611,Claudio Marotta,Claudio Marotta,≤100
1692232124412053,Protezione Sociale Italiana,Protezione Sociale Italiana,≤100
1440878759561839,WeMove Europe,WeMove Europe,≤100
312933172093226,Associazione Luca Coscioni,Associazione Luca Coscioni,≤100
516137358517790,Massimiliano Valeriani,Massimiliano Valeriani,≤100
212519685575,Fondazione AIRC per la Ricerca sul Cancro,Fondazione AIRC per la Ricerca sul cancro,≤100
223175114447090,Sant'Egidio,Sant'Egidio,≤100
295129913955200,Aboca,Aboca,≤100
252209364960998,Tutta un'altra storia - Guidonia,Tuttaunaltrastoria,≤100
107993528707993,Monica Bellisario,Monica Bellisario,≤100
19050847431,Terra,Terra_aps,≤100
2079368948955135,FS News,FSNews,≤100
616493548456962,Stefania Stravato,Stefania Stravato,≤100
101459616144161,UDC Latina,Mario Donato Tortorelli,≤100
129614623725639,Cesvi Onlus,Cesvi Fondazione Onlus,≤100
113858941593973,Sonia Modica Cittadina,Sonia Modica,≤100
463407240409640,Riccardo Magi,Riccardo Magi,≤100
308020275956169,Porte Aperte/Open Doors,Porte Aperte ONLUS,≤100
80761643174,Fondazione Umberto Veronesi,Fondazione Umberto Veronesi,≤100
410043459011308,Fondazione IEO Monzino,Fondazione IEO-MONZINO,≤100
101726305197941,Cresco,Fondazione Paolo Bulgari,≤100
269804456695686,MSDsalute,MSD Italia,≤100
887405791294493,Scuola Greco Pittella,Scuola Greco Pittella S.r.l.,≤100
109155238729724,Paolo Bianchini,Paolo Bianchini,≤100
865166100210938,Bosch Italia,Bosch Italia,≤100
406187203142799,Luciano Nobili,Luciano Nobili,≤100
377901329389619,Ener2Crowd,Ener2Crowd,≤100
2437667169610771,Avvocato Federico Amato,Avvocato Federico Amato,≤100
873433412734669,Klaus Algieri Presidente,Klaus Algieri,≤100
300159246670035,SCOSSE - Associazione di Promozione Sociale,SCOSSE,≤100
1023449604336645,Cies Onlus,Cies Onlus,≤100
421539548423434,SOS Rifugiati,UNHCR Italia - Agenzia ONU per i Rifugiati,≤100
106578598413134,Massimiliano Carnevale,Massimiliano Carnevale,≤100
168812239875894,CLAUDIO TOFANI (Regista),Claudio Tofani,≤100
102808527862361,Uniti per la Siria,WeWorld Onlus,≤100
272801896733406,USR PLUS Italia,Partidul Uniunea Salvati Romania,≤100
348897345871903,Massimiliano Villani - Candidato al Consiglio regionale del Lazio,Massimiliano Villani,≤100
110372232331805,Mission Bambini,Mission Bambini,≤100
176463392506898,DOC Generici,Plug & Play,≤100
135029639894519,Associazione Italiana per la Lotta al Neuroblastoma,Associazione Italiana per la Lotta al Neuroblastoma,≤100
45408828511,OIPA Italia,OIPA,≤100
1093222784082778,World Vision Italia,World Vision Italia Onlus,≤100
101898776545732,Inapp,INAPP Istituto Nazionale per l’Analisi delle Politiche Pubbliche,≤100
396512120735562,CIRFOOD,CIRFOOD sc,≤100
102000366519353,EIPASS,Certipass srl,≤100
1014207595271736,Azione contro la Fame Italia,Azione contro la Fame Italia,≤100
101221479103,Fondazione Progetto Arca Onlus,Fondazione Progetto Arca Onlus,≤100
110741885150424,Valore Civico Pomezia,Valore Civico Pomezia,≤100
500030287045109,Michela Califano,Michela Califano,≤100
598765886892277,Forever Bambù Società Benefit,Forever Bambù,≤100
830689930330177,Minformo Tv,Gruppo Minformo,≤100
201484606557114,Fotovoltaico per Te,Fotovoltaico per Te,≤100
102550058686598,Sotto Il Mantello C O V I D - Libro Inchiesta,Sotto il Mantello Covid,≤100
667483386685540,Silvia Sardone,Silvia Sardone,≤100
808036832730810,Antonella Gobbo,Antonella Gobbo,≤100
162764457111560,Dynamo Camp,Fondazione Dynamo Camp Onlus,≤100
109491080460389,Bambine Non Spose,WeWorld Onlus,≤100
141019746076225,Sorgenia,Sorgenia,≤100
101764407875365,NeN,NeN Energia,≤100
385509022061328,Acqua per Tutti,WeWorld Onlus,≤100
232017336910584,Rivista Il Borghese,Casa Editrice Pagine,≤100
92505448987,CGIL Confederazione Generale Italiana del Lavoro,CGIL Confederazione Generale Italiana del Lavoro,≤100
173816026723623,Salvatore La Penna,Salvatore La Penna,≤100
783815115084654,Gianpaolo Sacconi,Gianpaolo Sacconi,≤100
180329672596502,Fratelli d'Italia Senato,Fratelli d'Italia Senato,≤100
103843386353847,Studio Pagano & Partners,Monica Pagano,≤100
385927811585865,Aiuto alla Chiesa che Soffre,Aiuto alla Chiesa che Soffre,≤100
106199837902239,Innesti,Caviro sca,≤100
409442125822365,Studio Legale Lombardo,Studio Legale Lombardo,≤100
251389298296527,Randstad Italia,Randstad Italia Spa,≤100
102058888152952,Tony Bruognolo,Tonj Junior Bruognolo,≤100
104800568170989,Chora Media,Chora Media,≤100
417966581609784,Mercedes-Benz Italia,These ads ran without a disclaimer,≤100
105517781627039,RM scuola - Università,RM Scuola Campus,≤100
104525187934033,Specchio d'Italia,Specchio d'Italia,≤100
8792700660,Istituto Bruno Leoni,Istituto Bruno Leoni,≤100
412041645842754,FQ MillenniuM,Il Fatto Quotidiano,≤100
104544555621560,Ewiva,Andrea Manchisi,≤100
124151387623339,Teodora Film,These ads ran without a disclaimer,≤100
347006748786906,AIEF,AIEF Associazione Italiana Educatori Finanziari,≤100
928073553889078,CitizenGO Italia,Matteo Fraioli,≤100
351056272332033,IEuD - Istituto Europeo delle Dipendenze,Istituto Europeo Delle Dipendenze s.r.l.,≤100
131887960826264,Carlo Calenda,Azione,≤100
395165287247949,A Sud,A Sud Onlus,≤100
138657856540167,LINDA  GEAN - Regione Lazio 2023,LINDA  GEAN - Regione Lazio 2023,≤100
105796680963553,Gruppo Editoriale La Scuola SEI,Editrice La Scuola,≤100
121622734528770,Eidos Communication,Eidos Communication,≤100
111195081863497,Annalisa Angieri elezioni 2023,Annalisa Angieri,≤100
115758485045,Luigi Celori,Italica Service,≤100
1010977059051457,Simone Foglio,Publigiovane Srl,≤100
496283490906822,Valerio Novelli Consigliere Regione Lazio,Valerio Novelli,≤100
365685333954209,Eastwest European Institute,Eastwest European Institute,≤100
142331079621154,RESET,RESET S.r.l.,≤100
147451502073583,In Migrazione,In Migrazione,≤100
684051725035141,Csoa Spartaco,Csoa Spartaco,≤100
1403779849925484,Enzo Maraio,Enzo Maraio,≤100
2157706944445944,Azione,Azione,≤100
516598738513324,Sinistra Italiana Roma Area Metropolitana,Celeste Ingrao,≤100
180275292801010,Fratelli d'Italia Camera,"Gruppo Parlamentare della Camera dei Deputati ""Fratelli D'Italia""",≤100
661243440591428,Raffaella Paita,Raffaella Paita,≤100
107779855294378,L'Identità,L'Identità,≤100
102054172729462,AFOR,AFOR,≤100
587213524737852,WebSalute - Vvox,WebSalute,≤100
453751868072095,W la Dislessia,AllenaMente Società Cooperativa Sociale,≤100
90724424660,Peter Gomez,SEIF Società Editoriale Il Fatto Spa,≤100
284515247529,Corriere della Sera,Corriere della Sera,≤100
932719406850693,UNASF Unione Nazionale Sicurezza e Formazione Conflavoro PMI,UNASF Conflavoro PMI,≤100
182266801912488,Massimiliano Smeriglio,Massimiliano Smeriglio,≤100
451419891563905,Pro Vita & Famiglia Onlus,Pro Vita & Famiglia Onlus,≤100
267986593678568,Fabrizio Pignalberi,Fabrizio Pignalberi,≤100
686689721540002,Volt Italia,Volt Italia - Unisciti al Cambiamento,≤100
149462018791,Un Ponte Per,Un Ponte Per,≤100
192141407570169,Rizzoli,These ads ran without a disclaimer,≤100
59374667427,Alice for Children,Alice for Children,≤100
210147662385535,Paola De Micheli,Paola De Micheli,≤100
56208847866,Gianni Alemanno,Francesco Persampieri,≤100
375882802451994,Capitalfin,Capitalfin,≤100
254382474630730,Antonio Iannone,Antonio Iannone,≤100
1506899926282450,Fondazione UNA,Fondazione UNA Onlus,≤100
1568184330161608,WeSchool,WeSchool s.r.l.,≤100
884455481592665,European People,Marco Parroccini,≤100
169042736456594,All Out,All Out,≤100
107492342616216,Legambiente Onlus,Legambiente Onlus,≤100
431290603608804,Enrica Segneri,Enrica Segneri,≤100
102357095763264,CandidatoPolitico.it,CandidatoPolitico.it,≤100
618013698348617,Animal Law Italia,Animal Law Italia,≤100
57335173611,Città di Modena,Città di Modena,≤100
100753869536330,La Scuola del Fatto Quotidiano,SEIF Società Editoriale Il Fatto Spa,≤100
557773551234843,Schroders Italy,Schroder Investment Management (Europe) S.A. - Succursale Italiana,≤100
1809778575905877,Renato Bacciardi,Gabriele Anselmi,≤100
503567226377662,"Centro Narconon ""Il Gabbiano""","Centro Narconon ""Il Gabbiano""",≤100
2028030093905997,Matteo Pietrosante - Assessore Lavori Pubblici III Municipio,Matteo Pietrosante,≤100
473643636061643,"EdiSicilia dove arte, cultura e bellezza si incontrano",Rosario Cassaniti,≤100
107910787697646,carmelacassetta,Chiara Farci,≤100
451266114894929,Edilfar Rent,These ads ran without a disclaimer,≤100
136888059662453,Mani Tese Ong Onlus,Mani Tese Ong Onlus,≤100
106788055084178,Per il futuro dei bambini,Cesvi,≤100
445235400057,Commissione europea – Rappresentanza in Italia,Commissione europea – Rappresentanza in Italia,≤100
105296361571631,FGS srl,FGS srl,≤100
107618154328480,Alessio Arusa,Alessio Arusa,≤100
112615298348543,Luca Boccoli,Luca Boccoli,≤100
106079038598330,Giovani Ance Roma - ACER,Acer,≤100
219708888198414,Fondazione Giangiacomo Feltrinelli,Fondazione Giangiacomo Feltrinelli,≤100
100896914607046,dejan_cetnikovic,Dejan Cetnikovic,≤100
104980721725834,Associazione DONNEXSTRADA,Associazione DONNEXSTRADA,≤100
2797201316986482,Annalisa Tardino,Annalisa Tardino,≤100
134668170584671,Sara Ciasco Roma,Ciasco Sara,≤100
111215267090745,Re Soil Foundation,ReSoilFoundation,≤100
1480937442190427,Tommaso Foti,Tommaso Foti,≤100
197449616933013,Le edizioni del Mulino,Le edizioni del Mulino,≤100
176210685871751,Arcs Culture Solidali,Arcs Culture Solidali,≤100
157463237749900,Olmedo Mobility Division,Olmedo Special Vehicles S.p.A,≤100
104255132474415,Libreria Bello Mondo,Libreria Bello Mondo,≤100
101158695138594,SOS Climate Change,UNHCR,≤100
1210143102422413,Alessia Ambrosi,Alessia Ambrosi,≤100
100892165649701,Daniele Angeloni,Daniele Angeloni,≤100
1862307547429963,Nonna Roma,Nonna Roma,≤100
200702630390075,Officina Stampa,L'Osservatore d'Italia,≤100
112221911380832,InvEu,Agrifondi srl,≤100
182120865170178,Gianluigi Paragone,Gianluigi Paragone,≤100
1448101522079687,Onlymoso,Onlymoso,≤100
2117082058328480,Riccardo Travaglini,Riccardo Travaglini,≤100
1134318843368205,Potere al Popolo - Ostia Fiumicino,Potere al Popolo - Ostia Fiumicino,≤100
436972059734614,Centrale del Latte di Roma,These ads ran without a disclaimer,≤100
167490604112292,Assistenza Raccolta Differenziata Gruppo Hera,Hera spa,≤100
1942760395965996,Passaggio al Bosco Edizioni,Passaggio al Bosco Edizioni,≤100
187790594586358,Mondoffice,These ads ran without a disclaimer,≤100
228770323835619,Zanichelli,Zanichelli editore Spa,≤100
112287268420692,Luca Ventura,Luca Ventura,≤100
153967571694403,Led Italia,LED Italia S.r.l,≤100
172718099490199,DOKITA,Dokita onlus,≤100
190688531680806,Alessia Savo,Alessia Savo,≤100
819387271431618,Matemù,Cies Onlus,≤100
153574674705426,AVSI,AVSI,≤100
1710827805727348,Fondazione Libellula,Fondazione Libellula,≤100
1441172666130044,Marco Zanni,Marco Zanni,≤100
673109029772554,Marco Campomenosi,Marco Campomenosi,≤100
407861879769918,Simona Baldassarre,Simona Renata Baldassarre,≤100
104727538126958,The Watcher Post,The Watcher Post,≤100
1209359069240051,Milano In Azione,Milano In Azione,≤100
112777008752391,Valori.it,Valori.it,≤100
131648267428898,Radio Londra,Vincenzo Mucciaccio,≤100
107345600642284,Visioneroma,Claudio Minelli,≤100
208439292553517,Cittadinanzattiva APS,Cittadinanzattiva,≤100
181864685188048,Maurizio Marrone,Maurizio Marrone,≤100
622450334886617,Fondazione Policlinico Universitario Agostino Gemelli IRCCS,Fondazione Policlinico Universitario Agostino Gemelli IRCCS,≤100
116181541819083,Nicola Fratoianni,Nicola Fratoianni,≤100
108100707418309,Strumenti Politici,Marco Fontana,≤100
375026399323452,HappyAgeing,Rarelab,≤100
229726223879624,Agenzia Erasmus+ INAPP,INAPP Istituto Nazionale per l’Analisi delle Politiche Pubbliche,≤100
107321830749965,Lavialibera,La Via Libera,≤100
101251385856585,Pensiero Prismatico,Vincenzo Puro,≤100
190766780967976,Geopolitica.info,Geopolitica.info,≤100
114344005243032,Chiara Colosimo,Chiara Colosimo,≤100
477626419674394,Mariano Scuotri,Mariano Scuotri,≤100
1978323772189377,Ambiente Mare Italia,Ambiente Mare Italia,≤100
106577392014536,"Io, comandante di Wagner - Il libro rivelazione",Pienogiorno,≤100
19050847431,Terra,Terra!,≤100
104787715859666,Jacopo Nannini-capolista PSI elezioni regionali Lazio,Jacopomaria Nannini,≤100
101047321724796,Semplicità,Fabrizio Bertoletti,≤100
169101783890379,Fondazione Carolina,Fondazione Carolina,≤100
621188454669130,I Diavoli,I Diavoli,≤100
1668922680093325,Propensione.it,Propensione.it,≤100
1843691212524792,ASviS - Alleanza Italiana per lo Sviluppo Sostenibile,ASviS - Alleanza Italiana per lo Sviluppo Sostenibile,≤100
54943073948,Il Giornale del Cibo,Il Giornale del Cibo,≤100
675594109245764,Unisona,Unisona,≤100
48952279043,Andrea Mascaretti,Mascaretti Andrea,≤100
112576383938294,Fondo Sanedil,Fondo Sanedil,≤100
268911749952654,Alfonso Luigi Marra,Alfonso Luigi Marra,≤100
124450774313284,Etica Sgr,Etica Sgr,≤100
1445140735745708,Caritas Senigallia Onlus,Fondazione Caritas Senigallia Onlus,≤100
205798119968781,Cikis,Cikis,≤100
112020941497075,Generazione EU,Generazione EU,≤100
127839944083908,Robby Giusti,Roberto Giusti,≤100
363589373994,Filippo Rossi,Caffeina Media s.r.l.,≤100
169013663273776,Alleanza Assicurazioni,Alleanza Assicurazioni,≤100
258755651183,Alfonso Pecoraro Scanio,Alfonso Pecoraro Scanio,≤100
186799161499691,Libraccio,D.M.B. S.r.l.,≤100
650387761676591,Candido,Casa Editrice Pagine,≤100
793211171059364,Francescani per la Vita,Francescani per la Vita,≤100
2032345373657608,SIGEA - Società Italiana di Geologia Ambientale,Società Italiana di Geologia Ambientale (SIGEA) - APS,≤100
171795872872353,ISPI - Istituto per gli studi di politica internazionale,ISPI - Istituto per gli studi di politica internazionale,≤100
1337363803077011,Ruggiero Grimaldi,RuggieroGrimaldi,≤100
551236321688739,Leonardo Di Matteo - #icittadiniprimaditutto,Leonardo Di Matteo,≤100
404402342956536,StartupItalia,StartupItalia,≤100
108947418663332,Sara Kelany,Sara Kelany,≤100
264869596888019,Roberto Di Stefano,Roberto Di Stefano,≤100
1562648707302483,Amedeo Ciaccheri,Amedeo Ciaccheri,≤100
114335483323264,Roma Checkpoint,ArciGay Roma,≤100
469381559808559,ITLAS pavimenti in legno,Itlas srl,≤100
1825242501026900,Centro Studi Dialogo,Centro Studi Dialogo,≤100
171869093280946,EICOM Energia,Eicom energia,≤100
109409244233102,L'Indipendente,L'Indipendente S.r.l.,≤100
387628074641412,E-cology Italia,E-cology Italia,≤100
1793510380925494,USR Diaspora,Partidul Uniunea Salvati Romania,≤100
1590626850978164,Giovanni Russo,Giovanni Russo,≤100
305857383716,Comunicattive,Comunicattive srl,≤100
318986935171451,Repower Italia,Repower Italia S.p.a.,≤100
2317087201903767,Falletti Blog,Francescantonio Falletti,≤100
108895805815369,alfemminile.com,Alfemminile,≤100
105636267811260,The Good in Town,The Good in Town,≤100
95118674590,Collettiva,Collettiva,≤100
149332780118,Aboca Museum,Aboca Museum,≤100
104902189184085,Fabio Iannattone,Fabio Iannattone,≤100
104260031292530,Marcello Carli,Marcello Carli,≤100
1901723246558311,Luisa Ciambella,Luisa Ciambella,≤100
118730621538018,dorhouse,These ads ran without a disclaimer,≤100
392924770773761,Giulio Terzi,Giuliomaria Terzi Di Sant'agata,≤100
206708532746370,Mara Bizzotto Pagina Ufficiale,Mara Bizzotto,≤100
105816439082707,Civica Rocca Presidente VT,Gabriele Anselmi,≤100
129078800535,Rinnovabili.it,Rinnovabili.it,≤100
1498956297069023,Stefano Clerici,Stefano Clerici,≤100
105282591408604,siberiacalabria,These ads ran without a disclaimer,≤100
100354602590593,Carlo Alberto Tregua,Ediservice srl,≤100
2048664861850577,ildigitale.it,IlDigitale.it,≤100
110354967359505,Materasso Bedshire,Ce.Pro.L di Gatti Luca,≤100
62469612018,Partito della Rifondazione Comunista,Partito della Rifondazione Comunista,≤100
1702779826631114,Partito Socialista PSI Marino,Fabio Mestici,≤100
104800568170989,Chora Media,These ads ran without a disclaimer,≤100
63873785957,La Stampa,These ads ran without a disclaimer,≤100
254827334550018,Praim,Praim srl,≤100
787903214594249,Fisascat Cisl,Fisascat Cisl,≤100
192209717630141,First Cisl nazionale,First Cisl,≤100
833924146728452,Fp Cgil Venezia,fpcgilvenezia,≤100
518586948254355,Airlite,Airlite,≤100
548821201887889,Paolo Marcheschi,Paolo Marcheschi,≤100
56755731998,Codacons,Codacons,≤100
100909840031870,Eco Connection Media,Eco Connection Media,≤100
425705351541008,Riccardo Lanzo,Riccardo Lanzo,≤100
728615447336443,Germana Paoletti,Germana Paoletti,≤100
286934764814261,Legalizziamo,Associazione Luca Coscioni,≤100
264302983606606,Stefano Bonaccini,Stefano Bonaccini,≤100
124783974312946,Erica Rivolta,Erica Rivolta,≤100
343132907074660,Villy de Luca,Villy de Luca,≤100
154144331904379,Marta Schifone,SocialCom,≤100
1393266557641903,Africa Rivista,Africa Rivista,≤100
239696222820040,Plan International Italia,Plan International Italia,≤100
104001068223489,Everdrop,These ads ran without a disclaimer,≤100
2173211049619737,Keaton,Carmen Barbano,≤100
32706176871,U.S. Embassy to Italy - Ambasciata Americana a Roma,U.S. Embassy to Italy - Ambasciata Americana a Roma,≤100
158558100860495,Arci nazionale,Arci Aps,≤100
341860389261473,Federico Mollicone,Federico Mollicone,≤100
154144331904379,Marta Schifone,Marta Schifone,≤100
1486718904933717,Fondazione Compagnia di San Paolo,Compagnia di San Paolo,≤100
922737261081955,Elisa Montemagni,Elisa Montemagni,≤100
144896579013136,Ùndess,These ads ran without a disclaimer,≤100
150134077185284,Uomini e Terra,Uomini e Terra,≤100
583229838437691,Conflavoro PMI,Conflavoro PMI,≤100
218332978748935,Federica Nobilio,Federica Nobilio,≤100
1676582112422226,Walter Zalukar,Walter Zalukar - Gruppo Misto Consiglio Regionale FVG,≤100
303531599691398,Mariastella Gelmini,Mariastella Gelmini,≤100
372120246267315,Federpol Italia,These ads ran without a disclaimer,≤100
121793864832061,Daniele Novara,Centro Psicopedagogico per l'educazione e la gestione dei conflitti,≤100
1603966533257308,Maria Cristina Pisani,Maria Cristina Pisani,≤100
1425145627765543,Fabrizio uberto,Fabrizio Mario Uberto,≤100
591249014329371,ClassiCult,ClassiCult,≤100
154767423377839,Managaia.eco,Managaia.eco,≤100
486228231540331,Partito Animalista Italiano,Cristiano Ceriello,≤100
624608431059294,Evolvere,Evolvere,≤100
112184058442541,Luca Pasquero,Francesco Biacchi,≤100
694642417262339,Sparanise In Movimento,Salvatore Martiello,≤100
355895101196989,Andrea Casu,Andrea Casu,≤100
174478206566341,Fabrizio Marrazzo,Partito Gay LGBT+ Solidale Ambientalista Liberale,≤100
221128081277991,Ribelli,Ribelli,≤100
106276124655080,Food Wave,Pomilio Blumm,≤100
101076072872814,Daniele Previtali,Daniele Previtali,≤100
153413827518,L'Occidentale-Orientamento quotidiano,L'Occidentale,≤100
110138758306232,Civiltà Italiana,Civiltà Italiana,≤100
1429383923849615,Fondo FASDA,Fondo FASDA,≤100
263368177127232,Le Nius,Le Nius,≤100
426129544165420,Alessandro Cattaneo,Alessandro Cattaneo,≤100
218911188148674,CISAL Confederazione Italiana Sindacati Autonomi Lavoratori,CISAL,≤100
1382868132042683,Massimiliano Romeo,Massimiliano Romeo,≤100
473584653125948,ARSchooInnovation,Lucana Sistemi srl,≤100
218671751661739,Fondazione Villa Maraini,Stefano Spada,≤100
1415090012068070,Pasquale Incarnato,Pasquale Incarnato,≤100
119200734774774,Radicali,Radicali,≤100
67527694280,Arché,Arché,≤100
100233365673430,Alleanza Verdi Sinistra / Sinistra Italiana - Gorgonzola,Eros Angelo Fagnani,≤100
164552756898127,G.B. Palumbo Editore,G.B. Palumbo Editore,≤100
290721534331298,Anna Ascani,Anna Ascani,≤100
229483187248340,Automazione Industriale Ferrazza,Ferrazza S.r.l.,≤100
138109442630,UNIMPRESA Unione Nazionale di Imprese,Donato Paolino,≤100
222403031687114,ArciAtea,ArciAtea APS,≤100
208046335427,Coop Alleanza 3.0,DGMP di Montevecchi N & C snc,≤100
167192463921273,Antonio Zennaro,Antonio Zennaro,≤100
108216248829315,Ardizzone Giuseppe - M5S,Giuseppe Ardizzone,≤100
113139614720189,Cooplat,Cooplat,≤100
193027960795836,Consulenti del Lavoro,Fondazione Studi Consulenti del Lavoro,≤100
1341434042628646,Riccardo Zucconi,Riccardo Zucconi,≤100
177990150967421,𝕃𝕒ᴠᴇʀɪᴛᴀ̀𝕕𝕚 𝕊𝕒𝕟𝔾𝕚𝕠𝕣𝕘𝕚𝕠 di Pietro L'Erario,Pietro L'Erario,≤100
112995657150811,Ecologica,Gianfranco Mascia,≤100
1198302750251842,The Vision,The Vision,≤100
103546574756191,Fondo Pensione Priamo,Fondo Priamo,≤100
128189607210686,Cittaslow International,Cittaslow International,≤100
205100820237610,Federbeton,Federbeton,≤100
535609693464890,OFFSide Fest Italia,Offside Italia,≤100
320002541432025,Tradimalt Spa,Tradimalt Spa,≤100
609529512482095,Amate Sponde,Anna Maria Grimaldi,≤100
105276881579324,Terzogiornale,Fondazione per la critica sociale,≤100
339966276040228,CMCC Climate,CMCC - Centro Euro-Mediterraneo sui Cambiamenti Climatici,≤100
102949761393836,Commissariato Generale di Terra Santa - Sud Italia,Commissariato Generale di Terra Santa - Sud Italia,≤100
414325455372563,Lightland Soluzioni Energia Srl,Lightland Srl,≤100
146415948745160,Tecnè,Michela Morizzo,≤100
111058465166975,Sinistra Italiana Genova,Sinistra Italiana Genova,≤100
753800634652691,Paola Chiesa,Paola Maria Chiesa,≤100
105765942097364,Sempre Lui - Il libro,Pienogiorno,≤100
193553497480534,Lollocaffè,Dical Srl,≤100
113387638295405,ho.qualcosadadire,These ads ran without a disclaimer,≤100
404600599728488,Pefc Italia,PEFC Italia,≤100
103853939270641,Quitterz Club Il Metodo per Smettere di Fumare,Alessandro Ettorre,≤100
1766466673641354,Antonino La Spina,Antonino La Spina,≤100
537369456719694,Jane Lepori,Jane Lepori,≤100
156980270981618,Fondazione Mondo Digitale,Fondazione Mondo Digitale,≤100
45193527235,CPP Centro Psicopedagogico per la Pace e la gestione dei conflitti,CPP - Centro Psicopedagogico per l'educazione e la gestione dei conflitti,≤100
1737345699671902,Antonio Ferrante,Antonio Ferrante,≤100
203065183038056,Edizioni Centro Studi Erickson,Edizioni Centro Studi Erickson,≤100
480871535271240,Fondazione Cariplo,Fondazione Cariplo,≤100
109094031594910,Luigi Pinto,Matteo Bello,≤100
108770011256563,XtraCult,XtraCult,≤100
316818499032889,Luca Baroni - Storie Anomale,Luca Baroni,≤100
104856921232620,Antonino Salsone,Antonino Salsone,≤100
31800331297,Gariwo - Foresta dei Giusti,Gariwo - Foresta dei Giusti,≤100
741432559225902,Demetrio Piccini autore di fumetti,Demetrio Piccini,≤100
105332674760119,ista Italia Srl,Ista Italia srl,≤100
1635274383416590,Aurelio in Comune,Aurelio in Comune,≤100
1181670365223505,Costa Crociere Foundation,Costa Crociere Foundation,≤100
451014604981715,Rete Semi Rurali ETS,Rete Semi Rurali,≤100
1948843311809719,Alessandro Corbetta,Alessandro Corbetta,≤100
105669038073773,CENTURY 21 Italia,RE NEXT s.r.l.,≤100
104452655513794,PER LODI,Per Lodi,≤100
559675377890674,Stefano Pedrollo,Stefano Pedrollo,≤100
137210956310640,Melting Pot Europa,Melting Pot Europa,≤100
103530655830553,Eco by Naty Global,These ads ran without a disclaimer,≤100
210270519580762,Francesco Italia Sindaco,Francesco Italia Sindaco,≤100
145348432198036,Camfil,These ads ran without a disclaimer,≤100
100236899166817,Cellula Coscioni Pordenone,Cellula Pordenone - Associazione Luca Coscioni per la libertà di ricerca scientifica,≤100
345024339582702,Tipografia De Vanna,Tipografia De Vanna,≤100
1975939216057184,Alvearia.net,Alvearia.net,≤100
160547097333512,Marco Bestetti,Marco Bestetti,≤100
166027216814695,Firriato,Firriato Winery,≤100
103002934764127,PON Legalità 2014-2020,PON Legalità 2014-2020,≤100
163533620383520,Fondazione Magna Carta,Fondazione Magna Carta,≤100
478247465671732,TotalEnergies,TotalEnergies,≤100
2613707698646326,Pop Edizioni,POP EDIZIONI SRL SRL,≤100
110465047884230,Deborah Dell'Acqua - Municipio 7,Deborah Dell'acqua,≤100
106609584287802,Facta,Facta,≤100
1524999864481577,SMET Logistics,SMET S.p.A.,≤100
1496504030436035,Pitillos Italia,Angelo Ammendola,≤100
1722749514665301,Marco Guzzi,Darsi Pace,≤100
993120200721882,Casa Don Puglisi - La Bottega,Associazione di Volontariato Don Giuseppe Puglisi Onlus,≤100
117913115000855,Learning Academy by Sanoma Italia,Pearson Italia,≤100
1441796292569258,Associazione Valentia,Anthony Lo Bianco,≤100
910094602531391,Dott.ssa Chiara Granato - Biologa della Riproduzione,Dott.ssa Chiara Granato - Biologa della Riproduzione,≤100
105655754112279,Aon Italia,Aon Italia,≤100
496873810372627,Cittadini reattivi,Cittadini Reattivi APS,≤100
110148550676851,Cristiano Ceriello,Cristiano Ceriello,≤100
1420345371514860,Interlife Onlus,Interlife,≤100
108645638597110,Dialquadrato,Dialquadrato,≤100
104595358855645,Chiara Frontini,Chiara Frontini,≤100
229114191886,Lorenzo Vignali,Lorenzo Vignali,≤100
1007973302727293,Teach For Italy,Teach For Italy,≤100
485303448148406,Assistente Sociale Privato,These ads ran without a disclaimer,≤100
244955126364768,Controcultura: Spazio aperto Be.Brecht,Controcultura: Spazio aperto Be.Brecht,≤100
1827883270791776,lavorareascuola.it,Scuola Web Italia,≤100
310626072674043,UnipolSai Corporate,UnipolSai Corporate,≤100
102068942292251,Disabili,Lorenzo Torto,≤100
81698998693,Maurizio Lupi,Maurizio Lupi,≤100
1618078638446744,4G Energia,slashto,≤100
1776956162430608,L'Indispensabile - movimento rivoluzionario,Associazione Darsi Pace,≤100
380885402054839,Manuel Vescovi,Manuel Vescovi,≤100
331372771010,Festival della Mente,Festival della Mente,≤100
565903660254019,Giulia Tempesta,Giulia Tempesta,≤100
1511090682500479,Tuttavia Palermo,Francesca Chiarenza,≤100
1584341225139028,Fabrizio Rossi,Fabrizio Rossi,≤100
103017609182693,Figures,Josef Di Giuseppe,≤100
1440145816219300,Progresso Ligure con Stefano Anzalone,Progresso Ligure,≤100
109667708188369,Daniela Carli per La Spezia,Daniela Carli,≤100
2162934993958021,Associazione Altero Matteoli,Associazione Altero Matteoli,≤100
987211228033960,SÌ Tav SÌ Lavoro per Torino,Sì Lavoro Sì Tav Movimento per la Crescita,≤100
362736877172156,Andrea Monti,Andrea Monti,≤100
204724029665288,Enegan - Luce e Gas,Enegan S.p.A.,≤100
1419354464978596,Giovanni Toti,Giovanni Toti,≤100
1583906838560814,Noi che credevamo,Noi che credevamo,≤100
767163076808708,Marica Fantuz,Marica Fantuz,≤100
214283755421613,Antonello Peru,Antonello Peru,≤100
160297837351805,CGT Caterpillar,CGT S.p.A.,≤100
206936886139,Coldwell Banker Italy,Coldwell Banker Italy,≤100
178948469536215,Saverio De Bonis,Saverio De Bonis,≤100
105458657813763,Elena Ostanel,Elena Ostanel,≤100
250216921658628,Roberto Cosolini,Roberto Cosolini,≤100
335126483234062,Maurizio Acerbo,Maurizio Acerbo,≤100
100279282975196,Woomanity,Kairos Cooperativa Sociale,≤100
172889129934299,Fratelli d'Italia - Cerignola - Fg,Gianvito Casarella,≤100
1732339916992169,Senza Filtro,Senza Filtro,≤100
1576444002611235,Salute e Sviluppo,Salute e Sviluppo,≤100
1623129891325124,Italia in Classe A,ENEA,≤100
134666913247297,Sicurezza e Lavoro,Sicurezza e Lavoro,≤100
234250624070408,ONBSI,ONBSI,≤100
617528441978708,Baracca 2 - la vendemmia,Federico Bason,≤100
1879436735719198,Insieme - Idee e Persone TV,Exozero 1,≤100
101401115049704,Roma Finanza,Vincenzo Franconiero,≤100
178808252718288,Dipartimento di Scienze e Politiche Ambientali - UNIMI,MB srl,≤100
103151711785728,Grazia Di Maggio,Grazia Maria Benedetta Di Maggio,≤100
122583699917,Minimo Impatto,minimo impatto,≤100
1597295260297184,"Kawasaki Heavy Industries, Ltd.",These ads ran without a disclaimer,≤100
324262394281742,Eurven,Eurven,≤100
1323061364525417,Gorizia3.0,Antonio Devetag,≤100
1914040732252749,COAS Medici Dirigenti,These ads ran without a disclaimer,≤100
707682215937866,Michelangelo Cavone,Michelangelo Cavone,≤100
470320123103435,NOW,Mariaenrica Barile,≤100
100228152533689,Francesco Fortinguerra,Francesco Fortinguerra,≤100
602678809928628,Guido Quintino Liris,Daniela Ianni,≤100
114147990367032,Il secondo mestiere,Claudio Auria,≤100
1151916921518164,SatiLeaks,Gianfranco Colella,≤100
910877858952170,Sinistra Italiana Verona,Marco De Pasquale,≤100
361678077904637,Anaao Assomed Lombardia,Stefano Magnone,≤100
109775154858243,Il Caffè Keynesiano,Claudio Dolci,≤100
100375608878855,Europe for Scotland,Europe for Scotland,≤100
223219253938,First Stop Italia,These ads ran without a disclaimer,≤100
1494770570823635,Pippi Mellone Sindaco,"Pippi Mellone, Sindaco del Comune di Nardò",≤100
104752187601435,donne.it,donne.it,≤100
389475544821858,Claudia Carzeri,Claudia Carzeri,≤100
608375839515998,Avvocato Luca Favini - Studio Legale Ghedini Favini,Luca Favini,≤100
106240157669269,Asters,These ads ran without a disclaimer,≤100
248758218623743,Next Nuova Economia per Tutti,NEXT - NUOVA ECONOMIA PER TUTTI,≤100
119104539661400,Anna Paris,Anna Paris,≤100
114885628155222,Il Pungolo,Il pungolo,≤100
106716195664064,Noi Moderati - Lombardia,Noi con l'Italia,≤100
467181846695913,Fondo Assistenza e Benessere,Fondo Assistenza e Benessere - Società di Mutuo Soccorso,≤100
165968498427823,Rete dei Comuni Sostenibili,Giovani Gostoli,≤100
105362251643609,Cattivopolitico,Alessandro Brizzi,≤100
799787693422704,Apro Onlus,These ads ran without a disclaimer,≤100
102565915153347,OPES - Terzo Settore,Publigiovane Srl,≤100
105697815298,Andrea Zanoni,Andrea Zanoni,≤100
1465494503729732,Roberto Bonfanti,Roberto Bonfanti,≤100
109708238494070,Suela Plaka,Suela Plaka,≤100
672715886453237,Michele Conti,Michele Conti,≤100
1736994623023559,Pedagogisti Familiari ANPEF,A.N.P.E.F. Associazione Nazionale dei Pedagogisti Familiari,≤100
112095897203570,TERZO Millennio,Andrea Fragasso,≤100
526901760669684,Partito Animalista Europeo,Partito Animalista Europeo,≤100
1637778729816876,Nagorà Laboratorio di Idee,Nagorà Laboratorio di idee,≤100
105018755820540,Manuela Fuso Candidata Regione Lazio,Samir Abdelkhalik Omran Mohamed,≤100
327791024598059,Massimo Casanova,Massimo Casanova,≤100
100788072284161,Terzo Millennio,Terzo Millennio,≤100
2150320288417425,Beatrice De Maio consigliere comunale di Modena,Fabio De Maio,≤100
678908455899403,Olimpia Troili,Olimpia Troili,≤100
114274784588831,chris_goes_tri,These ads ran without a disclaimer,≤100
159192554552724,Vasilika Moon - Onlus,La luna di Vasilika ONLUS,≤100
101670925757184,Dare per salvaguardare l'ambiente in rete,Dare per salvaguardare l'ambiente in rete,≤100
1525276264261539,Manfredi Potenti,Manfredi Potenti,≤100
1589598827994446,Giorgio Pagliari,Giorgio Pagliari,≤100
320759861854034,Giuseppe Pignatiello Sindaco di Castano Primo,Giuseppe Pignatiello Sindaco di Castano Primo,≤100
407066069720164,We Wealth,Voices of Wealth S.r.l.,≤100
339727276722,Monica Bordoni - Consigliere Comunale Osimo,Monica Bordoni,≤100
110634657163632,ScientifiCult,ScientifiCult,≤100
144293048945865,Knowità,Knowità Srl,≤100
264172003626267,Savino Balzano,Savino Balzano,≤100
417590008596992,Sud e Civiltà,Sud e Civilta,≤100
103609779300803,Figli di Dio e della Madonna,Vincenzo Spina,≤100
101130509066949,CREA MODA,These ads ran without a disclaimer,≤100
113379140127659,Matteo Arcenni,Matteo Arcenni,≤100
154112121305044,Michele Pisano,Michele Pisano,≤100
125635380862838,Io Bevo,General Beverage,≤100
100140832137106,Italian Defence Technologies,Italian Defence Technologies,≤100
1388198691443350,Francesco Ameli,Francesco Ameli,≤100
184684151574230,Simone Brancozzi,Simone Brancozzi,≤100
356102944825132,Antonio Cascone,Antonio Cascone,≤100
109775154858243,Il Caffè Keynesiano,Roberto Biondini,≤100
694072700804066,Liguria.today,Liguria.today,≤100
2332274577052443,Alberto Aitini,Alberto Aitini,≤100
115200357744351,libreria_antigone_roma,These ads ran without a disclaimer,≤100
864692013564177,Carmela Cassetta,Carmela Cassetta,≤100
1520945367921023,Fabio Pizzul,Fabio Pizzul,≤100
322901021759598,Federico Morgagni - Consigliere comunale di Forlì,Federico Morgagni,≤100
633634029995328,nss sports,These ads ran without a disclaimer,≤100
104578154630928,BIC Incubatori FVG,BIC INCUBATORI S.R.L.,≤100
453667791784073,Alex Marini,Alex Marini,≤100
109409244233102,L'Indipendente,DV NETWORK SRL,≤100
590611178105666,Wonderwhy,Wonder Why,≤100
72290282428,Manfredi Palmeri - Consigliere,Manfredi Palmeri,≤100
208559822489307,Settesoli,These ads ran without a disclaimer,≤100
100564606296568,libri_e_paperelle,These ads ran without a disclaimer,≤100
728545060500823,Monteriggioni Progressista #sinistracentro,Fabio Lattanzio,≤100
101656345511938,Il Sipario Srl,Il Sipario Srl,≤100
381844632672881,EU Assistance for Dnipro Transport Development,These ads ran without a disclaimer,≤100
109178885347076,,These ads ran without a disclaimer,≤100
343439880226,Confartigianato Imprese Macerata-Ascoli Piceno-Fermo,Confartigianato Imprese Macerata-Ascoli Piceno-Fermo,≤100
136585509723602,Associazione Collezionisti Padani - FeniceBlu.com,Michele Bozzetti,≤100
1196352583820483,Wonderful Italy,Wonderful Italy,≤100
100163696256000,promama.it,These ads ran without a disclaimer,≤100
174921619345619,Samuele Mascarin - LE IDEE IN COMUNE,Samuele Mascarin - LE IDEE IN COMUNE,≤100
315768485124369,Partito Comunista,Partito Comunista,≤100
158255431671176,Kristopher Casati,Kristopher Casati,≤100
386032761821034,GIULIA MARCHIONNI,Giulia Marchionni,≤100
1447874178803782,UNA MANO ALLA VITA onlus,Una Mano alla Vita Onlus,≤100
109725215092123,RFI Українською,These ads ran without a disclaimer,≤100
1439514556290274,Nicola Caputo,Nicola Caputo,≤100
100595295845656,Giacomo Marinacci Assessore ai Lavori Pubblici e Urbanistica di Deruta,Giacomo Marinacci,≤100
746334945473528,Confartigianato Imprese Grosseto,Confartigianato Imprese Grosseto,≤100
360061970709235,Santarcangelo Festival,These ads ran without a disclaimer,≤100
1420012461585538,Assidai - Fondo di Assistenza Sanitaria per il tuo benessere,Assidai,≤100
506686459503158,Rosaria Ciancaione - Consigliere comunale,Rosaria Ciancaione,≤100
107921361933170,theviewofnoone,These ads ran without a disclaimer,≤100
101915035416720,Andrea Zini - la politica e il bene comune,These ads ran without a disclaimer,≤100
95775573753,Frontiers,These ads ran without a disclaimer,≤100
108979982026516,Mariya Dykalo-Burton,These ads ran without a disclaimer,≤100
60516116431,Člověk v tísni,These ads ran without a disclaimer,≤100
119481686508130,Ezio Roi consigliere m5s Imola,These ads ran without a disclaimer,≤100
11070113987,UW Iceland,These ads ran without a disclaimer,≤100