﻿Page ID,Page name,Disclaimer,Amount spent (NOK)
135843375926,UNICEF Norge,UNICEF Norge,2079
102862913094356,CC Vest,Natalie Mar,1725
100682016119457,Universitetsplassen - UiO,Universitetet i Oslo,1598
113275862050709,Næringslivets Hovedorganisasjon,Næringslivets Hovedorganisasjon,1001
44960467949,Greenpeace Norge,Föreningen Greenpeace Norden,562
300127442096,Norske Kvinners Sanitetsforening,Norske Kvinners Sanitetsforening,562
132368899297,Framtiden i våre hender,Framtiden i Våre Hender,558
227688410297,Radio Latin-Amerika,Radio Latin-Amerika,539
344674789296133,McKinsey & Company Norge,McKinsey & Company Inc Norway,373
772203719475318,Oslo Arbeidersamfunn,Kasper Silkoset Syvertsen,262
46818767155,Miljøpartiet De Grønne - MDG,Miljøpartiet De Grønne,258
140883578419,Flyktninghjelpen,Flyktninghjelpen,218
87445018334,Nobel Peace Center,Nobel Peace Center,172
1311226819022317,The Norwegian Nobel Institute / Det Norske Nobelinstitutt,Helene Kvernaas,162
623596214494727,Anima - Stopp dyremishandling,Anima - stopp dyremishandling,127
693936813951302,SALT art & music,SALT art & music,122
277788629092,Med Israel for fred (MIFF),Med Israel for fred (MIFF),122
186626994701210,Forbundet for Ledelse og Teknikk (FLT),Forbundet for Ledelse og Teknikk (FLT),108
1241838412569626,Novartis Norge,Novartis Norge AS,105
171408368520,Norad,Norad,≤100
109820865749775,Betong Norge - Betongelementforeningen,John E Reiersen,≤100
272684277921121,Bar Liberal,Herman Lund,≤100
126448980866214,Klassekampen,Klassekampen,≤100
119797291429215,RIO - en landsdekkende brukerorganisasjon på rusfeltet,RIO - en landsdekkende brukerorganisasjon på rusfeltet,≤100
57485114759,haugenbok.no,Haugenbok.no,≤100
173739506066242,LO Internasjonalt,LO,≤100
417968848252894,Besteforeldrenes klimaaksjon,Besteforeldrenes Klimaaksjon,≤100
226417544192807,Tankesmien Agenda,Tankesmien Agenda,≤100
188842724507690,مفوضية اللاجئين,These ads ran without a disclaimer,≤100
218696598731100,Equinor,Equinor,≤100
105939782037295,Altinget.no,Altinget AS,≤100
380405316155402,Stopp alzheimer og demens,Nasjonalforeningen for folkehelsen,≤100
21967399403,Cappelen Damm,Cappelen Damm,≤100
178151959629,Europabevegelsen,Europabevegelsen i Norge,≤100
107073289663158,Frivillig.no,Frivillighet Norge,≤100
127397190622314,Polyteknisk Forening,Polyteknisk Forening,≤100
991700957560836,Arbeidernes Antikvariat,These ads ran without a disclaimer,≤100
159084565236,Transit magasin,Transit Media AS,≤100
156202914404133,Minerva,Mediehuset Minerva,≤100
126448980866214,Klassekampen,Klassekampen AS,≤100
155237934522744,Fellesrådet for Afrika - Norwegian Council for Africa,Fellesrådet for Afrika,≤100
128076177249380,Nationen,Nationen,≤100
53828343371,Epilepsiforbundet,Epilepsiforbundet,≤100
1583324988565868,Stortinget,Stortinget,≤100
148692835218460,Språkrådet (NO),Språkrådet,≤100
58345093445,Natur og Ungdom,Natur og Ungdom,≤100
112828598803706,Lillestrøm Venstre,Lillestrøm Venstre,≤100
11526489541,Senterpartiet,Senterpartiet,≤100
329215143807272,Trondheim Høyre,Trondheim Høyre,≤100
486019701792887,Truls Olufsen-Mehus - verdipolitiker,Hammerfest KrF,≤100
108625789179165,Soi Dog Foundation,These ads ran without a disclaimer,≤100
113384899919,Noregs Mållag,Noregs Mållag,≤100
198148715581,Vestfold og Telemark FrP,Vestfold og Telemark FrP,≤100
1094736387315823,Ny Kurs Moss,Ny Kurs,≤100
111983608075953,Solidaritet med befolkningen i Afghanistan,Solidaritet med befolkningen i Afghanistan,≤100
116313205059803,Lokalsamfunnsforeningen,These ads ran without a disclaimer,≤100
412991556169510,Ole Hovengen,Ole Hovengen,≤100
101137009519656,Agent prasowy,These ads ran without a disclaimer,≤100
647021275725216,Nancy Hansson Gogstad,Lørenskog Sosialistisk Venstreparti,≤100
100168202468850,Ordfører Siri Martinsen,Fredrikstad Arbeiderparti,≤100
20468812735,LO,LO,≤100
102199795319206,Pablo Marçal Oficial,These ads ran without a disclaimer,≤100
100885889429302,Verdinytt,Verdinytt AS,≤100
54779960819,United Nations,United Nations with Facebook Ad Credits,≤100
103538675856093,Мировые новости,These ads ran without a disclaimer,≤100
105326115386676,The New Voice of Ukraine,These ads ran without a disclaimer,≤100
8002590959,Rainforest Action Network - RAN,These ads ran without a disclaimer,≤100
106240044880482,Mind Facts,These ads ran without a disclaimer,≤100