﻿Page ID,Page name,Disclaimer,Amount spent (INR)
1742889082665547,BJP Mizoram,Bharatiya Janata Party,1256
479998865355592,Aditya Birla Group,Aditya Birla Group,≤100
123405501008524,Mercedes-Benz India,Mercedes-Benz India,≤100
104736419210593,PACE INDIA,PACE INDIA,≤100
404746486258732,Project Nanhi Kali,Project Nanhi Kali,≤100
1327351450720146,Pradhan Mantri Bhartiya Janaushadhi Pariyojana,Pharmaceuticals & Medical Devices Bureau of India,≤100
21169267101,Give,Give,≤100
118227367824577,Garuda Aerospace Pvt Ltd,Garuda Aerospace Pvt Ltd,≤100
108500111075991,Mizoram Pradesh Congress Committee,Lallianchhunga,≤100
333426070147135,Benny Kuriakose Associates,Benny Kuriakose Associates,≤100
105694514269834,North Eastern Region Community Resource Management Society,Shrinivas Ravichandran Nadar,≤100
411129449009589,K.C. Venugopal,K.C. Venugopal,≤100
466835200043903,उमेद अभियान - Maharashtra State Rural Livelihoods Mission,MASRLM,≤100
1706371292942156,"Ministry of Development of North Eastern Region, Government of India","Ministry of Development of North Eastern Region, Government of India",≤100
270666596375251,Jhatkaa.org,Jhatkaa.org,≤100
1955301821451552,Abhishek Dutta,Abhishek Dutta,≤100
103376159417239,homework pan pencil packing job 30000 salary 15000 advance natraj company,These ads ran without a disclaimer,≤100
640369399392914,Baijayant 'Jay' Panda,Baijayant Panda,≤100
103040206040226,Dr. B S Ajaikumar's Thought Leadership,Dr. B S Ajaikumar's Thought Leadership,≤100
100328978216424,"Fight Pollution, Not Plastics",Nitesh Singh,≤100
100735178208398,Udyami India,Samadhan Samiti,≤100
100196004828444,North Eastern Council,Sourabh Arvind Dubey,≤100
115672001487908,The Green Pillar,Stuti Singh,≤100
107153958711155,South First,south Fist,≤100
101437656247049,Modi Quotes,Modi Quotes,≤100
285029500623,CARE India,CARE India,≤100
241940555912671,Chandigarh University,Chandigarh University,≤100
103782051383159,School of Politics,School of Politics,≤100
174283119250672,Bal Raksha Bharat,Bal Raksha Bharat,≤100
189271178483352,Five Lotus Indo German,Five Lotus Indo German,≤100
108015368279979,Solh Wellness,Solh Wellness,≤100
105596701293129,Ayodhya Development Authority,Sandeep Kumar Sharma,≤100
132689140088396,smilefoundation,smilefoundation,≤100
109545244848137,Crafto,Kutumb App,≤100
107334185444129,Charitism Global,Charitism Global,≤100
797927846899300,Flag Foundation of India,Flag Foundation of India,≤100
103206797721245,Tollygunge Trinamool Congress,Mohammad Azharuddin,≤100
102218576103904,Badlaav ki Aandhi Priyanka Gandhi,Badlaav Ki Aandhi Priyanka Gandhi,≤100
605390272841833,Shrirang Appa Barne,Abhay Balu Ahire,≤100
102288061192895,Youth Transformers,Youth Transformers,≤100
101613628900010,Smartway Wellness Pvt. Ltd.,Bhoomi Harendra Mistry,≤100
243524299157863,Pushkar Singh Dhami,Pushkar Singh Dhami,≤100
107395897271506,Kutumb,Swatantra Verma,≤100
1652675041670519,Troopel,Atul Malikram,≤100
1571167366231304,Ramakant Bhargava,Saket Bhargava,≤100
112314771829803,NorthEast Global Investors Summit,Sourabh Arvind Dubey,≤100
140072696102301,Pankajkumar Desai,Pankajkumar Vinubhai Desai,≤100
449378495112356,Swades Foundation,Swades Foundation,≤100
524665794408050,CASA,Arushi Narchal,≤100
685881558130468,Kamal Nath,Kamal Nath,≤100
115175213261020,Partner With Indigenous Producers,Partner With Indigenous Producers,≤100
339835596096353,Satish Poonia,Maheep Poonia,≤100
165714096933078,Piyush Goyal,Piyush Goyal,≤100
108752647711446,Se Ma Velusamy - செ.ம.வேலுசாமி,V Mohana Maniganda Babu,≤100
116383754696955,Antardhwani - The Inner Voice,Antardhwani,≤100
2100849650146359,Ramarao Patil Pawar,Venkata Satish Chandu,≤100
175720976444661,PRO India,PRO India,≤100
660476430787331,Gaurav Pandhi,Gaurav Pandhi,≤100
109916533853207,AMIT KUMAR SINGH,Akash Singh,≤100
802738266495790,Rana Dada FC,Rana Dada FC,≤100
520532458072812,Prerna Samsher Warpudkar,Rajratan Baburao Gore,≤100
367693910079524,Mohit Jaswant Yadav Page,Mohit Yadav,≤100
103784118675658,Education For All,Krishna Kumar Sinha,≤100
347337386104390,Rama Chandra Yadav,B Ramachandra,≤100
163677653839734,Yuvaan,These ads ran without a disclaimer,≤100
104525071773121,Climato Reformers,Shaurya Shreeansh Bakshi,≤100
103719915895025,Shri hari finance,Vikas Kumar,≤100
559874610769875,Ganpat Gaikwad - गणपत गायकवाड,Amit Ashok Dhanji,≤100
117413027519093,Elogicals Technology Pvt. Ltd.,These ads ran without a disclaimer,≤100
367500937365427,Pratibimba Live,Tafik Ahmed,≤100
558095644313561,Manish Rawat,Manish Rawat,≤100
213947398791863,Dhananjai Singh Khimsar,Dhananjai Singh,≤100
837568069967429,Youthisthan Foundation,YOUTHISTHAN FOUNDATION,≤100
475898282465005,Dr K Laxman,Vijay Kumar Tapadia,≤100
100579492974806,Garibo Ke Modi,Garibo Ke Modi,≤100
271711770069401,सुरेश धाकड़ राठखेड़ा,Gajendra Verma,≤100
108923765470906,Bharat Jagruthi - भारत जागृति,Bharat Jagruthi - भारत जागृति,≤100
104071715577392,SK International Sainik School Retharedharan - Sangli,Sanket Vinodkumar Surana,≤100
994578073995343,B. L. Verma,Sourabh Arvind Dubey,≤100
806181806121459,Harshvardhan NandKumar Singh Chouhan,Ishan Mishra,≤100
101189481412295,BELSA HERBALS,Sagar Vijay Ghatole,≤100
698096280212576,Bhatti Vikramarka Mallu,Bhatti Vikramarka Mallu,≤100
106650475483675,The Borderlens,The Borderlens,≤100
1919704441684688,Rakesh Sachan,Manvendra Sachan,≤100
2082424261866450,Vii Media,Bhalinder Singh,≤100
257916314892663,Dr Kaustubh Narayan Misra,Kaustubh Narayan Misra,≤100
632518450236186,Sudarshan Bhagat,Sudarshan Bhagat,≤100
104441248861952,Neelam Aggarwal,Pankaj Sharma,≤100
289085061102499,Sukhwinder Singh Bindra,Sukhwinder Pal Singh,≤100
269761569864265,Rao Padma,Kushal Reddy Rao,≤100
107545897823033,For Men India,Antara Das,≤100
140930379388330,Kishan Reddy Gangapuram,Kishan Reddy Gangapuram,≤100
747930775373319,Saral Patel,Saral Patel,≤100
746568209028564,Dr. Basu Eye Hospital,Dr. Basu Eye Hospital,≤100
145703105530196,Brahmachari Chaitanyanand Ji,Prashant Gupta,≤100
271925582604,Citizens For Justice and Peace,Citizens for Justice and Peace,≤100
282198256011533,PM Narendra Swamy,PM Narendra Swamy,≤100
103542485852046,Swami Vivekanand Gujarat Rajya Yuva Board,Purveshkumar Trivedi,≤100
104908641373434,Anukriti Gusain Rawat,Anukriti Gusain,≤100
101684696078930,Salethin Udhay Anna - சேலத்தின் உதய் அண்ணா,Salethin Udhay Anna - சேலத்தின் உதய் அண்ணா,≤100
107291942153850,inbest_financialsolutions,These ads ran without a disclaimer,≤100
109546308136398,Sankar Dutta - শংকর দত্ত,Bholanath Dey,≤100
110132160741768,Polstrat,Polstrat Communication,≤100
1397767487148044,Jaidatta Kshirsagar,Jaydatta Sonajirao Kshirsagar,≤100
845003145851906,Sapphire Human Solutions Private Limited,These ads ran without a disclaimer,≤100
507223876102771,Shivtejsinh Mohite Patil,Shivtejsinh Mohite Patil,≤100
1937229199904146,Universal Diplomatic Affairs of Human Rights,Universal Diplomatic Affairs of Human Rights,≤100
135765730368003,Rabindra Narayan,PTC News,≤100
103414968852773,Umesh Kate,Social Rajneeti,≤100
1990248287670848,Shashank Mani शशांक मणि,Shashank Mani,≤100
102715296085726,Neta Ji,Deepak Mehla,≤100
100549119644561,Jo Ram Ko Laye Hain Hum Unko Layenge 2024,Jo Ram Ko Laye Hain Hum Unko Layenge 2024,≤100
470458233479120,Aparajita Sarangi,Reach Digitally,≤100
106400382314315,The Elite Explorers,These ads ran without a disclaimer,≤100
394168494317389,MIT World Peace University,MIT World Peace University,≤100
1882679961782904,Anushesh Sharma,Anushesh Sharma,≤100
103707792704945,Karnataka news,Madhukumar P,≤100
108006512204175,Rahul Yadav,Rahul Yadav,≤100
224163281073368,BJP Arunachal Pradesh,BJP Arunachal Pradesh,≤100
328153847848599,Dr. Sarvan Baghel,Ankit Tiwari,≤100
696055677109053,Neeraj Kundan,Deepak Khatri,≤100
231167140371342,Kanhaiya Lal Choudhary,Raghunandan Sharma,≤100
685707864866321,Lion Dr D.மோசஸ் ஜோஷ்வா,Mosses,≤100
100294672142198,Punjabi Dhaba - पंजाबी ढाबा,Punjabi Dhaba - पंजाबी ढाबा,≤100
108935364979003,Ragidi Laxma Reddy,Laxmareddy Ragidi,≤100
104028005324777,Kunwar Pradyuman Singh Lodhi,Aman Dubey,≤100
543596058995303,"Dr. Param Navdeep Singh Doctor, Social Activist, Politician","Dr. Param Navdeep Singh Doctor, Social Activist, Politician",≤100
448636251893672,Sarthak Educational Trust,Sarthak Educational Trust,≤100
1675237799375590,Chandra Mohan Patowary,Jitendra Newatia,≤100
106567631300522,The Shinde Sena,Future Ready Media,≤100
101060925009811,Sandeep Jain - संदीप जैन गुड्डा,Sandeep Jain - संदीप जैन गुड्डा,≤100
918414611597115,Amar Prasad Reddy,Venkata Satish Chandu,≤100
250007248502240,Golu Shukla,Modi For PM Organization,≤100
102364342187097,aniltadvi.aniltadvi.982,These ads ran without a disclaimer,≤100
111022707724735,MAMABHANJA9694,These ads ran without a disclaimer,≤100
1612012092202484,Bharat patwari,Bharat patwari,≤100
528307847248802,Indian National Congress -  Madhya Pradesh,Abhay Tiwari,≤100
1932900346831325,Rajesh D Sanghvi,Rajesh Dineshchandra Sanghvi,≤100
1400922716824148,Ameet Satam,Kunal Jitendra Ajmera,≤100
111348968562523,mealsofhappiness,These ads ran without a disclaimer,≤100
325602694251353,Rajeev Rai,Rajeev Kumar Rai,≤100
1954072204870360,NEWJ,Anant Bhardwaj,≤100
272526582847236,Navin Jaiswal,Navin Jaiswal,≤100
101934341160333,प्रमोद नाना भानगिरे - Pramod Nana Bhangire,Clearby Services,≤100
568675259997108,City Headlines News,Aftab Kamar Khan,≤100
316066412277473,Satish Sharma,Satish Sharma,≤100
317042561720861,Sunil Deodhar,Dharmendrasing Narendrasing Rajput,≤100
100115148496055,Connect With Namrata Dhasmana,Connect With Namrata Dhasmana,≤100
103495822523586,Dr V Muthuraja MLA,Dr V Muthuraja MLA,≤100
119361117820042,,These ads ran without a disclaimer,≤100
203795313615859,PDTV News,Nagarjuna Reddy Kaipa,≤100
231512217793516,Ashok Goel Mangaliwala,Ashok Kumar Goel,≤100
863961040416615,Punit Verma पूर्व उपाध्यक्ष विश्व हिन्दू परिषद् काशी प्रान्त,Punit Varma,≤100
105860667985163,Badeti Radhakrishnayya,Radhakrishnayya Badeti,≤100
1584395508448696,Manash Borah,Manash Borah,≤100
550287678727831,Bharath Reddy Ravula,Bharath Kumar Ravula,≤100
110706022021683,,These ads ran without a disclaimer,≤100
1008679835869143,Satish Chandra Dubey,Satish Chandra Dubey,≤100
113819783860759,Dinesh Khatik,Harish Sahrawat,≤100
1102369233109531,Pooja Bharti Chhabra,Suraj Bharti Chhabra,≤100
102785749762041,Parshottam Rupala,Piyush Mantri,≤100
111298630628242,Rajvardhan Singh Parmar,Dharmendra Chhonkar,≤100
995582213894808,Kothapalli Geetha,Venkata Satish Chandu,≤100
1088373891289696,Kamal yadav,Akash Singh,≤100
102123079337554,International Society for Krishna Consciousness,ISKCON Delhi,≤100
1819997541592243,Imran Qureshi,Imran Qureshi,≤100
2238940452991193,Santosh Pandey,Kunal Jitendra Ajmera,≤100
321228061382932,Pt. Shekhar Dixit,Websofy Software Private Limited,≤100
433382980078113,Gudur Narayana Reddy,Ajith Reddy Gudur,≤100
577856385582447,Raghu Sharma,Sunil Maan,≤100
216506801885954,Pankaj Chaudhary,Yash Bagh,≤100
195167817324812,Pawan Khera,Pawan Khera,≤100
100105502371364,Arpan Public School,These ads ran without a disclaimer,≤100
765119473671678,Gagandeep Singh Sunny Kainth,Gagandeep Singh,≤100
408032679785089,Ravinder Dabas Rocky,Ravinder Kumar,≤100
112411131645969,Shinde Saheb FC,Future Ready Media,≤100
106917495262631,Arvind Kejriwal ಬೆಂಗಳೂರು,Kamran  Shahid,≤100
552159824873262,Kethireddy M.L.A,Venkata Krishna Reddy Kethireddy,≤100
108482478848453,अब की बार किसान सरकार,अब की बार किसान सरकार,≤100
253778858656895,Javed Ansari,Javed Parve Abdul Samad Ansari,≤100
1651727365046605,Pukh Raj Parashar,Pukh Raj Parashar,≤100
106567631300522,The Shinde Sena,Ritesh Bhimrao Bhagat,≤100
33497111948,Child Rights and You,Child Rights and You,≤100
103544656778013,Dr Akhilesh Prasad Singh,Akhiles Prasad Singh,≤100
403427183555551,Maharaj Advertising Agency,Maharaj Advertising Agency,≤100
121789417575596,,These ads ran without a disclaimer,≤100
1360805680600676,Sandeep Kshirsagar,Yogesh Padmakarrao Pawar,≤100
108482478848453,अब की बार किसान सरकार,Mavuluri Rajesh,≤100
112420847190684,Bijay Kumar Yadav,Bijay Kumar Yadav,≤100
1706371292942156,"Ministry of Development of North Eastern Region, Government of India",Arshad Ali,≤100
713416382011902,Sahil Shivaji Kedari,Sahil Shivaji Kedari,≤100
1776811369217595,Shravan Singh Rao Borli,Vikram Vaishnav,≤100
101708422452903,Vikram Vaishnav,Vikram Vaishnav,≤100
291531884297397,Dushyant Singh Tomar BJP,Dushyant Singh Tomar BJP,≤100
102881635959815,Bhisham sharma ex mla,Bhisham Sharma,≤100
612629662420991,Ankit Sharma,Sunil Kumar Prajapat,≤100
529298577561300,Naveen Dagar BJP,Naveen Dagar BJP,≤100
675268652538693,Dr Dhan Singh Rawat,Dr Dhan Singh Rawat,≤100
110197854912974,Sonu Singh Garg,Pratik Garg,≤100
102447714973094,Yusuf Salahuddin,Yusuf Salahuddin,≤100
123020797444620,,These ads ran without a disclaimer,≤100
101682891613754,Harish Bunkar,Harish Bunkar,≤100
263560423714979,Dr. Mahesh Sharma,Subham Singh,≤100
102905276058073,धनराज योगी मीठड़ी,These ads ran without a disclaimer,≤100
101854318835394,Abdur Razzak,Injamul Hoque,≤100
104979212427874,Shrikant Joshi,Shrikant Anant Joshi,≤100
426881010719758,Soumik Hossain,Angur Shaikh,≤100
100423322637137,Kawasi lakhma,Dhaval Kumar Jain,≤100
647353902009584,Dr. Nilam Yadav,Nilam Yadav,≤100
375141272567406,Ravindra Chavan,Ravindra Chavan,≤100
109253634221142,Dr Abhishek Kumar Ramadhin,Abhishek Kumar Ramadhin,≤100
186199704897466,RD Foundation,RD Foundation,≤100
115576021532129,,Mohit Johari,≤100
679159028834779,ममता मीना,Mamta Meena,≤100
846994962145905,Manoj Kumar Aggarwal,Durga Kumari,≤100
151567962213919,Deepak Gupta,Deepak Gupta,≤100
1708430386056914,Bacchu Kadu,Omprakash Babarao Kadu,≤100
1403961939859432,Bhanwar Jitendra Singh,Politics Simplified,≤100
116476584663869,Sirikonda Madhusudanachary,Sirikonda Madhusudanachary,≤100
1574300169512865,Bhoop Singh Poonia,Bhoop Singh Poonia,≤100
102976535955072,Haseen Khan,These ads ran without a disclaimer,≤100
113519568270032,Anand Prakash Miri,Pandev Balodi,≤100
120393466504604,Shahbaz Khan,Shabaz Khan,≤100
367203836657399,Rajendra Singh Surpura,Prakash Jaiswal,≤100
432434977194246,Khwaja Baig,Khwaja Baig Mastan Baig,≤100
1281793455182806,Nandita Das,Nandita Das,≤100
132859090587882,Surajit Datta,Surajit Datta,≤100
110041803678379,Kabir Shankar Bose,Kabir Shankar Bose,≤100
511725522329475,Sampurna Samachar Seva,Sampurna Samachar Seva,≤100
112520265175088,,Gulshan Soni,≤100
492533841092196,KP Vivekanand,KP Vivekanand,≤100
196338294250820,Rohit Gangwal,Modi For PM Organisation,≤100
252023092136537,Dinesh Pratap Singh,Dinesh Pratap Singh,≤100
113321204583383,Ommani Verma,Shivam Dubey,≤100
1785302198354679,Dr. Somendra Tomar,Somendra Singh,≤100
106163284605046,Sanjay Singh,Sanjay Singh,≤100
110194685265228,Praveen Jha,Praveen Jha,≤100
762783950782939,Vipul Sharma Noida BJP,Arun Sharma,≤100
102323545504609,Rama Devi Chopra,Rama Devi Chopra,≤100
834432743328746,Prakash Dwivedi,Prakash Chandra Dwivedi,≤100
427521707672968,Gyana Ram Ranwa Chandpura,Shiv Charan,≤100
100948094985536,Humaid Shakeel,Sunil Kumar Prajapat,≤100
391737747598762,Raja Pathak - B.J.P,Akash Singh,≤100
116899511008671,Mahendra Gitala,Mahendra Gitala,≤100
2159484957646626,Mahant Daleep Rawat,Daleep,≤100
101800572251278,7 PM News,Gurjeet Singh,≤100
533228953699664,Nisheet Choudhary -Bablu,digimadez,≤100
107725901457936,New Mother,Neelufer Mulla,≤100
181418895366896,Ganesh Joshi,Mayank Joshi,≤100
162115051234970,Dharmendra Singh Lodhi mla,Dharmendra Singh Lodhi,≤100
109759875217260,Sumita Bhinchar Makrana,These ads ran without a disclaimer,≤100
565714670143123,Ashok Saini,Engitech Media,≤100
123826567368835,,Raghuveer Meena,≤100
178606642759483,Gaurav Yadav,Gaurav Yadav,≤100
103858322283790,रविंद्र चव्हाण For BJP महाराष्ट्र,Bhajahari Pandit,≤100
105813284380310,Dee4unews,Deepak Kumar Bhandari,≤100
743938402322314,Mitendra Darshan Singh,Rahul Ranjan,≤100
292954404384524,Gajendra Singh Patel,Gajendra Singh Patel,≤100
106537674450366,Ajay Singh 'Tunnu' - अजय सिंह 'टुन्नू',Harsh Ajay,≤100
107344272047377,Sanjeet vishwakarma,Pandev Balodi,≤100
583870115333986,Chandra Vijay Singh Bhadoria,Kaushlendra Kashyap,≤100
102576955846347,என்னடா பண்ணி வச்சிருக்கீங்க,M Mahalakshmi,≤100
1505330276415965,Ajay Porwal,ANUBHAV JAIN1,≤100
348329712475958,Renu khuggar,fs findscope consultancy llp,≤100
385658441549334,Deepak Bhati Chotiwala,Dipak Bhati,≤100
1039557042789139,BJP Dadra & Nagar Haveli,Ashish Natwarlal Patel,≤100
153192418171615,जनेऊँ क्रांति Janeu Kranti,Chandra Mohan,≤100
256050398281355,MD Chopdar,WEBTIX,≤100
1802523420012948,Pratap Singh Khachariyawas,Anirudh Sharma,≤100
1263109480456697,Ratna Kumari Shahpura,Ganesh Kumar,≤100
115299260118580,Jaipur Visit,Goldy Tyagi,≤100
1893540457545685,Virendra Singh Tomar,Virendra Singh Tomar,≤100
294529347608828,Rishikesh Upadhyay,Rishikesh Upadhyay,≤100
327435757385465,Jaisingh Agrawal,Jaisingh Agrawal,≤100
116945867989031,pankajsharmabjp007,These ads ran without a disclaimer,≤100
105352618893717,Shankar yadav,Shankar yadav,≤100
647244058952240,Jaypal Singh Chawda,Jaypal Singh Chawda,≤100
102838152104730,Bjp kisan Morcha punjab,Ashish Soni,≤100
2300402240284352,Sadhvi Prachi,Amar Khandelwal,≤100
109396994667229,Vikrant Chandrahas Tawde,Vikrant Chandrahas Tawde,≤100
283091048467084,Ch. Aftab Ahmed,Sariq Ahmed,≤100
389557067910726,Arvind Menon,Arvind Menon,≤100
423928144293931,Mahender Pratap Singh,Pankaj Sharma,≤100
426854497508656,Dr.Phoolchand Bhinda,Phool Chand Bhinda,≤100
962196203794480,Aditya Chauhan BJP,Ankit Pandey,≤100
1003634343005791,Aanand Shukla - आनन्द शुक्ला,Arun Pratap Singh,≤100
101571686227986,Fans of ਦੀਪ ਸਿੱਧੂ - Deep Sidhu,Real Social,≤100
161666143844859,Sandvik,These ads ran without a disclaimer,≤100
100226310084172,University of Reading,These ads ran without a disclaimer,≤100