﻿Page ID,Page name,Disclaimer,Amount spent (NZD)
116362033529,Amnesty International New Zealand,Amnesty International Aotearoa New Zealand,≤100
183355881680015,New Zealand National Party,New Zealand National Party,≤100
11870725774,Greenpeace Aotearoa,Greenpeace NZ,≤100
417859725433,SAFE,Save Animals From Exploitation Incorperated,≤100
173912362663564,Electoral Commission NZ,Electoral Commission NZ,≤100
197006887611387,Citizens Advice Bureau NZ,CABNZ,≤100
112431991697294,Animal Justice Party Aotearoa NZ,Animal Justice Party Aotearoa NZ,≤100
92043134118,ACT,the Parliamentary Service on behalf of ACT New Zealand,≤100
23625700722,Oxfam,Oxfam Aotearoa,≤100
196967540964595,Mindful Money,Mindful Money,≤100