﻿Page ID,Page name,Disclaimer,Amount spent (NIO)
856012741442139,Ipas LAC,Neuma,≤100
643513979193133,Unidos por Beatriz,Neuma,≤100
112731733833728,Familias: Ahora,These ads ran without a disclaimer,≤100
1594062377541802,UNFPA Nicaragua,These ads ran without a disclaimer,≤100
277122708999234,Casa McGregor,Carolina Nohemy Gutierrez Alvarado,≤100
30954968553,Smithsonian’s National Museum of the American Indian,These ads ran without a disclaimer,≤100
72750481109,Structuralia,These ads ran without a disclaimer,≤100
163612320390775,Pantaleon,These ads ran without a disclaimer,≤100