﻿Page ID,Page name,Disclaimer,Amount spent (TRY)
1759643127582858,"T.C. Çevre, Şehircilik ve İklim Değişikliği Bakanlığı",These ads ran without a disclaimer,≤100
100675732413915,Anket Adam,Anket Adam,≤100
122193617537005,Haberettr,HABERET MEDYA AJANSI VE PRODÜKSİYON LİMİTED ŞİRKETİ,≤100
141311632555208,Bağımsız Türkiye Partisi,Bağımsız Türkiye Partisi,≤100
109086995017642,firatpicturesturkey,firatpicturesturkey,≤100
1439683329600228,Ümit Uysal,Ümit Uysal,≤100
505757142770713,Rönesans Holding,Rönesans Holding Anonim Şirketi,≤100
111162852275902,Uluslararası Af Örgütü Türkiye Şubesi,Uluslararası Af Örgütü Türkiye Şubesi,≤100
101315571670453,Webagron Tarımsal İçerik Platformu,Webagron Tarımsal İçerik Platformu,≤100
120266711045676,Başka Açıdan Tv,Başka Açıdan TV,≤100
103375823077684,Kurukahveci Mehmet Efendi Mahdumları 1871,Kurukahveci Mehmet Efendi Mahdumları Gıda Sanayi ve Ticaret Anonim Şirketi,≤100
1437665699815071,Doğruluk Payı,Dogruluk Payı,≤100
462963834529864,Levent Uysal,Levent Uysal,≤100
163370640412446,Bursa,Sosyal TV,≤100
568133920321788,Dr. Evren Dinçer,Dr. Evren Dinçer,≤100
104790481715851,ازجمله,Azjomle,≤100
183134165593297,"SES Eşitlik, Adalet, Kadın Platformu","SES Eşitlik, Adalet, Kadın Platformu",≤100
102832949436956,ordinaryustrader,These ads ran without a disclaimer,≤100
2222003764721494,Halit Doğan,Halit Doğan,≤100
815048841929079,M. Ergün Turan,M. Ergün Turan,≤100
821150371248664,Özgürlük Araştırmaları,Özgürlük Araştırmaları,≤100
107276120819529,Halk Haber TV,SİRİUS REKLAM ORGANİZASYON SANAYİ VE TİCARET LİMİTED ŞİRKETİ,≤100
220319391464566,Vahap Akay,Vahap Akay,≤100
146581405452633,Yeniden Milli Mücadele,Yeniden Milli Mücadele,≤100
100701695747178,Usta Kasap,Şenpiliç Gıda Sanayi A.Ş.,≤100
100942688529011,osmaniyeyerfistigi80,osmaniyeyerfistigi80,≤100
144295649058307,Ekrem İmamoğlu,Ekrem İmamoğlu,≤100
106789305232883,وكالة الشرق الأوسط الإخبارية,وكالة الشرق الأوسط الإخبارية,≤100
103400816031847,Halk Ajans,Sirius Reklam Organizasyon Sanayi ve Ticaret Ltd. Şti,≤100
127896160644676,KORAY AYDIN,KORAY AYDIN,≤100
104373561467884,Serhat Servet Dövenci,Serhat Servet Dövenci33,≤100
1522246651339711,Büyük Türkiye,Büyük Türkiye,≤100
108390012832175,Fatih Akkentli,Fatih Akkentli,≤100
100133062997342,hataysonsozgazetesi,These ads ran without a disclaimer,≤100
103984509238399,Halk Haber,Halk Haber,≤100
442942082484899,Ege Gündem Gazetesi,Ege Gündem Gazetesi,≤100
800603909994685,Gülizar Biçer Karaca,Gülizar Biçer Karaca,≤100
702800386480460,Gerçek Gazetesi,Gerçek Gazetesi,≤100
103315052537581,Rapor Bülteni,Rapor Bülteni,≤100
298764070816267,Mehmet Tütüncü,Mehmet TÜTÜNCÜ Türkiye Temsilcisi,≤100
107523011691923,Barış Toprak,These ads ran without a disclaimer,≤100
1479020042365400,Aydın Kent Rehberi,Aydın Kent Rehberi,≤100
109007298600122,Gurbet Hikayeleri,Gurbet Hikayeleri,≤100
162426093833308,Fransızca Öğreniyorum,These ads ran without a disclaimer,≤100