﻿Page ID,Page name,Disclaimer,Amount spent (USD)
115167931620536,eid offer 3up game,These ads ran without a disclaimer,≤100
108217235346228,binyousif.group,These ads ran without a disclaimer,≤100
111441368411907,প্রভাসীর জন্য আমি,These ads ran without a disclaimer,≤100
248547585333443,قناة الغد Alghad TV,These ads ran without a disclaimer,≤100
101082842736363,The world of reader,These ads ran without a disclaimer,≤100
837157493122072,CGTN Global Business,These ads ran without a disclaimer,≤100
171195311682401,ParentzTalk - Activities,These ads ran without a disclaimer,≤100
110188031887948,Ayuk Ekwele,These ads ran without a disclaimer,≤100