﻿Page ID,Page name,Disclaimer,Amount spent (USD),Number of ads in Library
688586411258909,Nazim2023,Maldives National Party,≤100,2
200480966638039,Supremacy 1914,These ads ran without a disclaimer,≤100,2
101547925648534,MNP Youth Wing,Maldives National Party,≤100,1
113936474394870,MNP Women's Wing,Maldives National Party,≤100,1
427787940590188,Радио Китай,These ads ran without a disclaimer,≤100,1
108240971635234,Bettermanly - Magazine,These ads ran without a disclaimer,≤100,1
565225540184937,CGTN,These ads ran without a disclaimer,≤100,1
646840102051900,Cheena Sinhala Handa,These ads ran without a disclaimer,≤100,1
102057912815989,Magic1423-01,These ads ran without a disclaimer,≤100,1
107367052294027,Yu-58,These ads ran without a disclaimer,≤100,1
112609191636833,Like that 12,These ads ran without a disclaimer,≤100,1
112757083778788,"Economic Daily, China",These ads ran without a disclaimer,≤100,1
106717575693307,Yu-56,These ads ran without a disclaimer,≤100,2
103733191524431,Liuxininbeijing,These ads ran without a disclaimer,≤100,1
102713519413562,Hmy-pineapple0208a,These ads ran without a disclaimer,≤100,1
107012889004061,Awe18,These ads ran without a disclaimer,≤100,1
130369030334301,KidsRights,These ads ran without a disclaimer,≤100,1
100374392742057,Weregreenly- Magazine,These ads ran without a disclaimer,≤100,1
109281561910387,Dame HCQC Cho Die432442,These ads ran without a disclaimer,≤100,1
111622410196045,State of Youth,These ads ran without a disclaimer,≤100,1
345840486219924,Energy China,These ads ran without a disclaimer,≤100,1
110463704610731,Cute Kiwi,These ads ran without a disclaimer,≤100,1
104802542415266,Privateproxybb,These ads ran without a disclaimer,≤100,1
101801896033176,Light1297_02,These ads ran without a disclaimer,≤100,1
164432246934163,Chopard,These ads ran without a disclaimer,≤100,2
106259722267668,JY Black,These ads ran without a disclaimer,≤100,1
103154389401457,Ava-02,These ads ran without a disclaimer,≤100,1
115255551512341,Mc01-25,These ads ran without a disclaimer,≤100,2
468305160581483,Voices,These ads ran without a disclaimer,≤100,1
105993018962142,Cgkm yg_3,These ads ran without a disclaimer,≤100,1
188890111132385,Oxford Academic (Oxford University Press),These ads ran without a disclaimer,≤100,2
104427072592445,Yu-55,These ads ran without a disclaimer,≤100,1
101940222827835,Magic1419-03,These ads ran without a disclaimer,≤100,1
104113425861099,V Chiryassov,These ads ran without a disclaimer,≤100,1
100871152794567,Light1297_01,These ads ran without a disclaimer,≤100,1
907478086066710,The Stephen 3 •Influencers•,These ads ran without a disclaimer,≤100,1