﻿Page ID,Page name,Disclaimer,Amount spent (USD)
364334590355372,Wellington Arnaud Bisonó,Wellington Arnaud Bisonó,≤100
105393534169985,Monserrat Santana PRM,Monserrat Santana PRM,≤100
1298596230295084,Jovenes por un cambio,These ads ran without a disclaimer,≤100
123397997671209,Listín Diario,Editora Listín Diario,≤100
909697169178219,Miguel Saviñon - Alcalde de la Victoria 2024-2028,Miguel Saviñon - Alcalde de la Victoria 2024-2028,≤100
106687624223989,Rescate Democratico,Rescate Democratico,≤100
108587379178593,miprd,Partido Revolucionario Dominicano,≤100
111522395020384,Miguel Vargas,Miguel Vargas,≤100
532600796858736,Jean Luis Rodriguez,Jean Luis Rodriguez,≤100
322786625043608,Victor Tejeda,These ads ran without a disclaimer,≤100
1531117423771066,Abel24RD,Abel 24,≤100
145805918770651,Partido de la Liberación Dominicana,Partido de la Liberación Dominicana,≤100
182233498939275,País Posible,Pais Posible,≤100
112244034027480,Revancha FM,Revancha FM,≤100
321083414699132,Antonio Taveras Guzmán,Antonio Taveras,≤100
105753122302229,Carmen Ligia Barceló,Carmen Ligia Barceló,≤100
197894820248422,Min. de Interior y Policía,Ministerio de Interior y Policía,≤100
527516837662072,Vicente Sánchez,Vicente Sánchez,≤100
111809676849701,Manuel Carrasco 2024,Manuel Carrasco 2024,≤100
530722823757229,Surun Hernandez,Surun Hernandez,≤100
1638213449725998,Junior Peralta Alcalde,Junior Peralta Alcalde,≤100
838667229542851,"Ramón Pascual Gómez ""El Mello""","Ramón Pascual Gómez ""El Mello""",≤100
1629575853928723,Jesús Cabrera,Equisoft SRL,≤100
101456939196534,Aquiles Ledesma Senador,Aquiles Ledesma Senador,≤100
322786625043608,Victor Tejeda,Victor Tejeda,≤100
430008757208257,Dr. Iván Silva,Dr. Iván Silva,≤100
107033735779590,Roger Pujols,Sherlyn Castillo,≤100
101580909263163,Luis Marte _Juan Carlos,Luis Marte _Juan Carlos,≤100
1528988480679175,Alberto Atallah,Alberto Atallah,≤100
103627046138873,juancitoperezrd,These ads ran without a disclaimer,≤100
758333944549837,Franklin Franco,Franklin Franco,≤100
107615168801612,"Domingo Paredes, Un Regidor Para Todos, 2024-2028","Domingo Paredes, Un Regidor Para Todos, 2024-2028",≤100
1169861713072010,Felix Estepan,Felix Estepan,≤100
111137311836363,Secretaría de Gestión Operativa y Eventos,Secretaría de Gestión Operativa y Eventos,≤100
215505718622723,Jorge Feliz Pacheco,Jorge Feliz Pacheco,≤100
108644017442147,Carolin Mercedes Diputada,Carolin Mercedes Diputada,≤100
119008484556158,mireisypachedea,These ads ran without a disclaimer,≤100
108038338958788,gelsonantiguard,These ads ran without a disclaimer,≤100
1183051958384744,Leo robles diputado.,Leo robles diputado.,≤100
102246344552738,Dr. Virgilio Cedano,Dr. Virgilio Cedano,≤100
113918011724627,Andralis Piña Valdez,Andralis Piña Valdez,≤100
201307513243168,Partido Dominicanos por el Cambio,Partido Dominicanos por el Cambio,≤100
100178129636534,balbuena_44,These ads ran without a disclaimer,≤100
345941482239511,Teatro Nacional Eduardo Brito,These ads ran without a disclaimer,≤100
889918247731128,Fellito Subervi,These ads ran without a disclaimer,≤100
108578525379160,Anmarit Ramirez Hernandez,These ads ran without a disclaimer,≤100