﻿Page ID,Page name,Disclaimer,Amount spent (THB)
610976099331297,พลอย ณิชชา บุญลือ,Nittcha Boonlue,248
101535845426970,พรรคไทยสร้างไทย,พรรคไทยสร้างไทย,104
104427797605274,ดร.เฉลิมชัย ศรีอ่อน รัฐมนตรีว่าการกระทรวงเกษตรและสหกรณ์,ดร.เฉลิมชัย ศรีอ่อน รัฐมนตรีว่าการกระทรวงเกษตรและสหกรณ์,≤100
1635406246730420,วรงค์ เดชกิจวิกรม - Warong Dechgitvigrom,วรงค์ เดชกิจวิกรม - Warong Dechgitvigrom,≤100
102807719039442,พรรครวมไทยสร้างชาติ United Thai Nation Party,พรรครวมไทยสร้างชาติ United Thai Nation Party,≤100
102530815945359,ชูชีพ ตรีโภคา,Areeya Namdokmai,≤100
216147078543372,สำนักงานคณะกรรมการการเลือกตั้ง,สำนักงานคณะกรรมการการเลือกตั้ง,≤100
115922723434700,ครูเจพีสรุปย่อ for Teacher,ครูเจพีสรุปย่อ for Teacher,≤100
157659344260788,จุรินทร์ ลักษณวิศิษฏ์ Aoodda,Jurin Laksanawisit,≤100
1105604039583762,Line One สว.นท. ขอเชิญส่งประวัติ ส่วนตัว องค์กร เพื่อเข้ารับรางวัลประจำปี,Suksan Booran,≤100
111109130324753,อโณทัยลูกทะเลปลาหมึกแห้ง1,These ads ran without a disclaimer,≤100
345127652279503,มูลนิธิสากลเพื่อคนพิการ,มูลนิธิสากลเพื่อคนพิการ,≤100
108515294626891,สอบข้าราชการท้องถิ่น By Thurakan,Chiraphorn Thuree,≤100
105888772350427,เครื่องชาร์จแบตเตอรี่รถยนต์ ใช้ได้ทั้งแบตเตอรี่ มอเตอร์ไซค์ และรถยนต์,Surin Phothiphoksampan,≤100
204016840519336,ศ.ดร.นฤมล ภิญโญสินวัฒน์,ศ.ดร.นฤมล ภิญโญสินวัฒน์,≤100
296508406790,"Democrat Party, Thailand พรรคประชาธิปัตย์","Democrat Party, Thailand พรรคประชาธิปัตย์",≤100
107612328588715,The Voters,สันติสุข กาญจนประกร,≤100
102477654678259,Givegoody,Pitiphat Sangngam,≤100
109293730978064,พรรคก้าวไกล เชียงใหม่ - Move Forward Party Chiangmai,Visarut Sankham,≤100
105668122332322,บ้านสวน ควายไทย หนองบัวลำภู ในเครือ หจก เกษทองมา กรุ๊ป,These ads ran without a disclaimer,≤100
190923294988741,สอบครูผู้ช่วยนะ,สอบครูผู้ช่วยนะ,≤100
100243932294555,ส.จ.ยิ่งใหญ่ กองทอง,จักรพันธุ์ คำเบ้าเมือง,≤100
601953326929372,ธัญวัจน์ กมลวงศ์วัฒน์ - Tunyawaj Kamolwongwat,Tunyawaj Kamolwongwat,≤100
111341764925564,สำนักสนับสนุนการพัฒนาระบบสุขภาพ - สำนัก 7 สสส.,สำนักสนับสนุนการพัฒนาระบบสุขภาพ - สำนัก 7 สสส.,≤100
114914794432449,กฎหมายใช้สอบราชการ by Æ+,กฎหมายใช้สอบราชการ by Æ+,≤100
106561034744198,ลอรี่ - พงศ์พล ยอดเมืองเจริญ,ลอรี่ - พงศ์พล ยอดเมืองเจริญ,≤100
2263098807292933,ทนายศฤงคาร  ข่ายสุวรรณ์,Saringkan Khaisuwon,≤100
622674297897819,Screenshirt2020,Screenshirt2020,≤100
100545119426784,พีระพันธุ์ FC,Bunsong Rodyo,≤100
110144991464196,กรอบลอยไวนิล แคนวาส บอร์ดไดคัท 99 บาท มีเก็บปลายทาง,Sakawtip Utha,≤100