﻿Page ID,Page name,Disclaimer,Amount spent (SEK)
126567104406,Hyresgästföreningen,Hyresgästföreningen,698
608975645850217,Vattenfall,Vattenfall Sverige,689
122854408319,Hjärt-Lungfonden,Hjärt-Lungfonden,532
643137272398136,Sverige för UNHCR,Sverige för UNHCR,298
130927360876045,Tidningen Näringslivet,Tidningen Näringslivet,284
279974638809211,Oxfam Sverige,Oxfam Sverige,236
369582590803,Dagens ETC,ETC-tidningarna,222
371791194529,Världsnaturfonden WWF,Världsnaturfonden WWF,219
161213770567846,Operation Smile Sverige,Operation Smile Sverige,218
68115370786,Läkare Utan Gränser (MSF),Läkare Utan Gränser/ Médecins sans Frontières (MSF Sweden),207
162985227114132,Skellefteå Kraft,Skellefteå Kraft,195
186513678039755,Fortum,Fortum Sverige,188
111630258867610,Röda Korset,Röda Korset,180
101341883359561,Matsmart Sverige,Matsmart,177
382243262003,Plan International Sverige,Plan International Sverige,173
109886133732943,RESCUE - Sverige,RESCUE - Sverige,169
59324455950,UNICEF Sverige,UNICEF Sverige,169
95735961890,Greenpeace Sverige,Greenpeace Sverige,140
72659261793,Rädda Barnen,Rädda Barnen,130
109724707089757,Barndom utan baksmälla,Barndom utan baksmälla,≤100
131103013625213,Statens institutionsstyrelse,Statens institutionsstyrelse - SiS,≤100
153028052500,Kvinna till Kvinna,Stiftelsen Kvinna till Kvinna,≤100
293678655099,Europaparlamentets kontor i Sverige,Europaparlamentets kontor i Sverige,≤100
188616781161573,World Animal Protection Sverige,World Animal Protection Sverige,≤100
42676805259,Diakonia,Diakonia,≤100
236221570038,BRIS: Barnens Rätt I Samhället,BRIS: Barnens Rätt I Samhället,≤100
106579105171694,ETC nyhetsmagasin,ETC Media AB,≤100
153270724787,Amnesty International Sverige,Amnesty International Sverige,≤100
1382783485324942,San Miguel,These ads ran without a disclaimer,≤100
314872662206,Ekonomifakta,Ekonomifakta,≤100
90882504375,Svenskt Näringsliv,Svenskt Näringsliv,≤100
160736919403,Företagarförbundet,Företagarförbundet Fria Företagare,≤100
1544485135838767,Svenskt Näringsliv Mellansverige,Svenskt Näringsliv Mellansverige,≤100
237146235237,Timbro,Tankesmedjan Timbro,≤100
379686162129542,Svea Bank,Svea Ekonomi,≤100
1261907310611511,Segerstedtinstitutet vid Göteborgs universitet,Richard Millings,≤100
179931025357058,Kommunal,Kommunal,≤100
872493709501005,Svenskt Näringsliv Gävleborg,Svenskt Näringsliv,≤100
212604496324,Fackförbundet ST,Fackförbundet ST,≤100
103296115466644,Skattenytta,Kommissionen för Skattenytta,≤100
100323819247251,Désirée Pethrus,Kristdemokraterna Stockholm,≤100
1545369075688158,Brottsofferjouren Sverige,Brottsofferjouren Sverige,≤100
17775970938,Cancerfonden,Cancerfonden,≤100
127063960674693,Svenska Freds- och Skiljedomsföreningen,Svenska Freds- och Skiljedomsföreningen,≤100
152085291138,Aktuellt i Politiken,Aktuellt i Politiken,≤100
328754490337,Vårdförbundet,Vårdförbundet,≤100
72832167834,Skattebetalarnas Förening,Skattebetalarnas Förening,≤100
239855722130,Nyhetsmagasinet Fokus,Fokus,≤100
965458110149319,Byggindustrin,Byggindustrin,≤100
312084019369,Dagens Medicin,Dagens Medicin,≤100
273053169937029,ClimateHero,ClimateHero,≤100
1531320107133721,Syre,Dagens O2 AB,≤100
175656912484553,Unionen,Unionen,≤100
539297539496434,Dagens Samhälle,Dagens Samhälle,≤100
1633181116933852,SvD Junior,SvD Junior (SvD),≤100
347852331958080,En Företagares Vardag,En Företagares Vardag Sverige AB,≤100
163305633746125,Karneval förlag,Holviks,≤100
303557933102892,Rädda Regnskog,Pella Thiel,≤100
712230305617939,Uniper i Sverige,Uniper i Sverige,≤100
24574889995,Charlie Weimers MEP,Charlie Weimers,≤100
382066395683576,Dustin,Dustin,≤100
809338299217333,Svenska Epoch Times,Svenska Epoch Times,≤100
103945879157509,Nordea Fonder,Nordea Funds AB,≤100
223053457729155,Unga Örnar,Unga Örnars Riksförbund,≤100
104150768465045,Med Israel för fred - MIFF Sverige,Med Israel for fred-Sverige,≤100
100941935326134,RekonstruktionsGruppen,Rekonstruktionsgruppen Sverige AB,≤100
175843834306,WaterAid Sverige,WaterAid Sverige,≤100
316462188971,Flamman,Tidningsföreningen Norrskensflamman,≤100
253510692370,Arbetaren,Arbetaren,≤100
335332543421,Försvarshögskolan,Försvarshögskolan,≤100
302201957541,Medelhavsmuseet,Världskulturmuseerna,≤100
166406746310,Resumé,Resumé,≤100
273402369438867,By Billgren,By Billgren AB,≤100
107081822705414,Småföretagarnas Riksförbund,Småföretagarnas Riksförbund,≤100
276108117859,Svenska Afghanistankommittén,Svenska Afghanistankommittén,≤100
120216874723147,Svenskt Sigill,Svenskt Sigill,≤100
899603916845362,JAG Personlig assistans,JAG Personlig assistans,≤100
399044617221,Läraren,Lärarnas tidning,≤100
103748735910345,Snusarnas Riksförbund,Snusarnas Riksförbund,≤100
178264915554076,Danske Bank Sverige,Danske Bank Sverige,≤100
111564248245329,Rimliga villkor,Tove Anna Dagerman,≤100
109151468296542,Partiet MoD,MoD Ideell förening,≤100
129016447116122,Aktuell Hållbarhet,Aktuell Hållbarhet,≤100
329452290816078,Tidningen Market,Tidningen Market,≤100
356032977210,Vi-skogen,Vi-skogen,≤100
270417619700700,Snb:s Skribentskola,Svenska Nyhetsbyrån,≤100
576845979156129,Techarenan,Techarenan,≤100
128452220525979,CIVIL RIGHTS DEFENDERS,CIVIL RIGHTS DEFENDERS,≤100
101694568427294,Baggy.se,These ads ran without a disclaimer,≤100
120745044633792,Lunds universitet,Lunds universitet,≤100
324914190902686,Magasinet Paragraf,Magasinet Paragraf,≤100
305176193254009,Svenska Postkodstiftelsen,Svenska Postkodstiftelsen,≤100
567756783292461,Piteå Science Park,Piteå Science Park,≤100
342952129133948,Kultur i Malmö,Kultur i Malmö,≤100
140417992681511,Clowner utan Gränser,Clowner utan Gränser,≤100
158161947576383,Skolverket,Josefin Zachrisson,≤100
620946784601434,Mera Mjölk i Sverige,These ads ran without a disclaimer,≤100
368972829945550,AP7 Statens premiepensionsfonder,AP7,≤100
1797724450537743,GoClimate,Go Climate Neutral,≤100
217391588404948,Katalys,Katalys,≤100
107564757366547,Lösningar för Offentlig Sektor,Nordic Live Expo AB,≤100
234172635050,Forum för levande historia,Forum för levande historia,≤100
1447309755322652,Bostad 2030,Bostad 2030,≤100
109344797318593,Vi Som Bygger Landet,Vi som bygger landet,≤100
287880713020478,Rörelsen,Peter Gustavsson,≤100
120477444659925,Svensk Handel,Svensk Handel,≤100
498767116802809,Vänsterpartiet Region Stockholm,Vänsterpartiet Region Stockholm,≤100
417057608473946,Svenska Djurskyddsföreningen,Svenska djurskyddsföreningen,≤100
221023000792,Akademikerförbundet SSR,Akademikerförbundet SSR,≤100
323156205347,Vänsterpartiet,Vänsterpartiet,≤100
1432591790382295,ByMartinsdotter,By Martinsdotter,≤100
45101268520,SSU,SSU,≤100
106369868876618,e-Hälsa + MVTe,Nordic Live Expo AB,≤100
150909028299502,Jernkontoret,Jernkontoret,≤100
349041299054769,Kungl. Vetenskapsakademien,Kungl. Vetenskapsakademien,≤100
408171019221426,Slöseriombudsmannen,Skattebetalarnas Förening,≤100
183959274989548,Landsbygdsnätverket,Landsbygdsnätverket,≤100
637235366608588,studietid,#studietid,≤100
115358525182240,"Jag röstar på Mattias Bernhardsson, rättvisepartiet socialisterna i valet",RS Haninge,≤100
135062563176874,Utrikespolitiska Institutet,Utrikespolitiska Institutet,≤100
101320658099429,Renoveringsraseriet,Renoveringsraseriet,≤100
147925290391762,brinnforbarnen,These ads ran without a disclaimer,≤100
1413778618876526,StreetGäris,STREETGÄRIS,≤100
139375052786521,Moderata Ungdomsförbundet,Moderata Ungdomsförbundet,≤100
1429601153927630,Villaägarna Luleå,Villaägarna Luleå,≤100
1522679411362377,Lighthouse - Swedish Maritime RD&I collaboration platform,Lars Nicklason,≤100
173901972642378,Kristdemokraterna i Huddinge,Kristdemokraterna i Huddinge,≤100
450481758311196,Moderaterna i Solna,Moderaterna i Solna,≤100
1436656116642646,Threadheads,These ads ran without a disclaimer,≤100
1249398378405410,Organisation & Samhälle,Organisation & Samhälle,≤100
108795227704477,ألوان أوروبا Alwan Europe,ألوان أوروبا Alwan Europe,≤100
505229989560231,Kristdemokraterna i Skåne,Kristdemokraterna i Skåne,≤100
1978566042454891,Rättvisepartiet Socialisterna Haninge,RS Haninge,≤100
188821514474911,Preem,Preem AB,≤100
101318225686932,Elise Backman Liberalerna,Elise Backman,≤100
293099781096968,MATtanken,Landsbygdsnätverkets kansli,≤100
171623089548375,Partille kommun,Partille kommun,≤100
114033205273395,Svenska Burmakommittén,Svenska Burmakommittén,≤100
112644953916525,Facklig Vänster,Vänsterpartiet,≤100
273254886116655,Motargument,Motargument,≤100
699733880123060,Tjejjouren i Lund - en transinkluderande jour,Tjejjouren i Lund,≤100
147248651959750,Samhällsvetenskap-GU,Lars-Olof Karlsson,≤100
172964230195,Hallandsposten,Hallandsposten,≤100
255288010153,Sida - Styrelsen för Internationellt Utvecklingssamarbete,Sida - Styrelsen för Internationellt Utvecklingssamarbete,≤100
108216678020301,CGH & Jobbfrågan,Svensk Jobbdemokrati,≤100
146103268745688,ABF Västernorrland,These ads ran without a disclaimer,≤100
54779960819,United Nations,United Nations with Facebook Ad Credits,≤100
127757523931098,Emrahus AB,Emrahus AB,≤100
175873745789190,Vänsterpartiet Göteborg,Vänsterpartiet Göteborg,≤100
1879401659007825,"Bevara Haninges skogar, skärgård och kulturlandskap",Bernhardsson Johan Fredrik Mattias,≤100
130148200513245,Amazon Watch Sverige,Amazon Watch Sverige,≤100
1230018870391467,Medborgerlig Samling Uppsala,Medborgerlig Samling Uppsala Län,≤100
162466473776556,Klimataktion,Klimataktion,≤100
709317875766999,Judisk Kultur i Sverige,Judisk Kultur i Sverige,≤100
1662268383894858,Liberalerna Norberg,Liberalerna Norberg,≤100
376804565780243,Vänsterpartiet Södermalm,Vänsterpartiet Södermalm,≤100
590736644344351,Svenskt Näringsliv Jönköpings län,Svenskt Näringsliv,≤100
192567580603,Ttela,TTELA,≤100
112225970344,Räddningsmissionen,Räddningsmissionen,≤100
182726910344,Hela Sverige Ska Leva,Hela Sverige Ska Leva,≤100
1440814509476229,Gagnefs kommun,Gagnefs kommun,≤100
141018729443,Hallands Nyheter,Hallands Nyheter,≤100
108492218918,IF Metall,IF Metall,≤100
178362315106,European Parliament,European Parliament,≤100
185561295623272,Move To Help Foundation,These ads ran without a disclaimer,≤100
522040488002422,Babbel,These ads ran without a disclaimer,≤100