﻿Page ID,Page name,Disclaimer,Amount spent (USD)
102697318856209,حزب السلام والازدهار,السلام والازدهار,≤100
112437831252270,محمد خالد الغويل,محمد خالد الغويل,≤100
107531925443834,Alash \ علاش,Alash,≤100
109720245220390,وزارة الصحة بالحكومة الليبية - Ministry of Health. Libyan Government,Mabroukah Asrafeel Saeid,≤100
1273694905989774,شركة الإسناد العقاري للأعمال الهندسية,These ads ran without a disclaimer,≤100
108271242164727,مجلة المجتمع,These ads ran without a disclaimer,≤100