﻿Page ID,Page name,Disclaimer,Amount spent (EGP)
798673866859390,ETC TV,ETC TV,≤100
550280998481446,Rasha Kelej,Rasha Kelej,≤100
106450555171099,مجدي البري - Magdy Elbery,مجدي البري - Magdy Elbery,≤100
110877857406073,المهندس حسام لبن,المهندس حسام لبن,≤100
354968941204659,الدكتور أيمن أبو العلا عضو مجلس النواب,الدكتور أيمن أبو العلا عضو مجلس النواب,≤100
102752291431181,المهندس حازم الجندي - Hazem ElGendy,المهندس حازم الجندي - Hazem ElGendy,≤100
101586878327765,Hassanein Tawfiq - حسانين توفيق,Hassanein Tawfiq - حسانين توفيق,≤100
298138254162621,النادي الليبرالي بالقاهرة,النادي الليبرالي بالقاهرة,≤100
158643697625854,محمد تيسير مطر - Mohamed Tayser Mattar,Aplus,≤100
111086937788265,موقع تحيا مصر - Tahiamasr News,Mariam Ahmed Hamouda,≤100
261220720714681,الصفحه الرسمية للمركز القومى لثقافة الطفل  - مصر,الصفحه الرسمية للمركز القومى لثقافة الطفل  - مصر,≤100
371046333676858,الحرية لشريف الروبي - Free Sherif,الحرية لشريف الروبي - Free Sherif,≤100
112161944845807,Nevein Basiouny,Muhammad Nash'at,≤100
535371883202755,Freddy Elbaiady  صفحة فريدي البياضي,Freddy Elbaiady  صفحة فريدي البياضي,≤100
308088503057656,النائب محمود عصام,النائب محمود عصام,≤100
102883459081121,Mohamed Taher - محمد طاهر,Mohamed Taher - محمد طاهر,≤100
104570177893410,أحمد علي الألفي,أحمد علي الألفي,≤100
103086629281243,محمد الشنراوي,Mariam Ahmed Hamouda,≤100
716663231861051,حلول للسياسات البديلة- Alternative Policy Solutions,These ads ran without a disclaimer,≤100
273900239400893,نقابة المحامين المصرية,نقابة المحامين المصرية,≤100
103291013528894,Dr.Mokhtar Gomaa,Ahmed Zaatar,≤100
2102862883129084,حجازى للاستشارات القانونية,حجازى للاستشارات القانونية,≤100
106719921012688,Ahmed Bahaa Shalaby-أحمد بهاء شلبي,Integrated Marketing Communications For Media.IMC,≤100
108927510969680,الصفحة الرسمية للنائبة د. صبورة السيد,Mariam Ahmed Hamouda,≤100
347496549693129,النائب/ عماد سعد حمودة,Mariam Ahmed Hamouda,≤100
595025640685644,النائبة شيرين عبد العزيز - Sherin abdelaziz,النائبة شيرين عبد العزيز - Sherin abdelaziz,≤100
106586485351141,صفحة النائب اشرف الشبراوي ابو العلا,Ashraf Abouelela,≤100
192320965049184,الإعلامية نيفين منصور,Nivine Mansour,≤100
774053649355913,شريف حمودة,Mariam Ahmed Hamouda,≤100
249311655141261,Hala Abou Elsaad - هالة ابو السعد,Mariam Ahmed Hamouda,≤100
116308369063243,Kambria,These ads ran without a disclaimer,≤100
380937009024559,Kashqol كشكول التعليمى,Kareem Ahmed Abdul Ghani,≤100
108210648333964,محمود طاهر -Mahmoud Taher,محمود طاهر -Mahmoud Taher,≤100
103745798627292,المستشار ماهر ميلاد اسكندر,المستشار ماهر ميلاد اسكندر,≤100
110734497396339,محمود سامي - 𝐌𝐚𝐡𝐦𝐨𝐮𝐝 𝐒𝐚𝐦𝐲,Mahmoud Samy,≤100