﻿Page ID,Page name,Disclaimer,Amount spent (EUR),Number of ads in Library
245644432148792,ING Nederland,ING Nederland,1665,4
189701254384965,Eneco,Eneco,1407,33
288295911466,Greenpeace Nederland,Greenpeace Nederland,929,50
113895885305052,Partij van de Arbeid (PvdA),Partij van de Arbeid (PvdA),920,57
83439828234,Milieudefensie,Milieudefensie,633,109
118754531489898,Artsen zonder Grenzen,Artsen zonder Grenzen Nederland,558,23
124564577597743,Ministerie van Economische Zaken en Klimaat,Ministerie van Economische Zaken en Klimaat,486,5
399250573436072,Werken bij Defensie,These ads ran without a disclaimer,459,2
57729029960,Amnesty International Nederland,Amnesty International Nederland,459,81
159449970751999,Save the Children Nederland,Save the Children Nederland,385,21
488054904564547,ifaw,Stichting IFAW,347,43
117483088313381,CIWF Nederland,CIWF Nederland,291,4
100455310014019,Solidaridad,Solidaridad,266,14
146644665960101,Volt Nederland,Volt Nederland,262,1
184634968246482,Sweco Nederland,Sweco Nederland,244,14
100660309175869,NieuwRechts,NieuwRechts.nl,231,14
349312760804,World Vision Nederland,World Vision NL,228,47
609816282477420,Forum voor Democratie -FVD,Forum voor Democratie,221,9
285512534937,Terre des Hommes Nederland,Terre des Hommes Nederland,206,6
201751609836046,Dokters van de Wereld (NL),Dokters van de Wereld,193,15
165625476919894,CNV Vakmensen,CNV Vakmensen,184,35
122620689140585,Ongehoord Nederland TV,Ongehoord Nederland,175,4
120184871378246,Aidsfonds,Aidsfonds,174,3
115394861582421,Verbroken Ketenen Verbonden Rotterdam,Gemeente Rotterdam,157,15
142080576837,Vrij Nederland,Vrij Nederland,150,6
384101518433208,Waterklaar,INOVA,150,3
100169997009,Proefdiervrij,Proefdiervrij,142,20
514814491878400,NVVE,NVVE,139,7
178362315106,European Parliament,European Parliament,128,4
105539054523015,Futureproof NL,Futureproof,123,29
170725579702314,ActionAid Nederland,ActionAid,123,12
1830425247191865,Cordaid,Cordaid,113,10
93833638834,Plan International NL,Plan International NL,109,19
948873491922663,Gemeente Culemborg,Gemeente Culemborg,≤100,8
171605059556434,World Animal Protection Nederland,World Animal Protection Nederland,≤100,7
428670174395114,Vattenfall,Vattenfall Nederland,≤100,4
969158383214898,Wybren van Haga - BVNL,BVNL,≤100,3
139858509373289,UNICEF Nederland,Unicef Nederland,≤100,6
288700097949818,Mijn Stem,Citisens,≤100,2
851143661636680,DUO Studiefinanciering voor hbo & universiteit,Dienst Uitvoering Onderwijs,≤100,1
128393027527,SP,SP,≤100,15
148404651881567,VNO-NCW,VNO-NCW,≤100,7
100245303370876,APG,APG,≤100,2
198486356863605,Longfonds,Longfonds,≤100,10
121719834601889,FNV Vakbond,FNV Vakbond,≤100,23
38957713985,VPRO,VPRO,≤100,2
105784111524296,Ekō NL,Ekō NL,≤100,2
106370071810105,Cultuur onder Vuur NL,Stichting Civitas Christiana,≤100,3
143686555666670,Trees for All,Trees for All,≤100,11
102523116490167,NJR,NJR,≤100,4
174844122659574,Nederland Wordt Beter,Nederland Wordt Beter,≤100,5
320374518118,CDA,CDA,≤100,11
108588405832078,Amref Flying Doctors NL,Amref Flying Doctors NL,≤100,2
222029491143966,Free Press Unlimited,Free Press Unlimited,≤100,4
473492249475971,Stirezo Pro-life,Stichting Civitas Christiana,≤100,2
105339817717917,Gezin in Gevaar,Stichting Civitas Christiana,≤100,2
125956260756629,Gemeente Tilburg,Gemeente Tilburg,≤100,4
115289021825188,Oxfam Novib,Oxfam Novib,≤100,8
314184649030,Probeer de Bond,Probeer de Bond,≤100,3
147683725284795,Mercy Ships Holland,Mercy Ships Holland,≤100,19
404247949634770,CARE Nederland,CARE Nederland,≤100,15
297779776717,KPN,These ads ran without a disclaimer,≤100,1
428670174395114,Vattenfall,These ads ran without a disclaimer,≤100,1
158944324185744,Defence for Children,Defence for Children,≤100,1
208250375865238,Woord en Daad,Stichting Woord en Daad,≤100,48
115027651906533,Wakker Dier,Stichting Wakker Dier,≤100,6
101701619359166,GOUD Nederland,Fractie den Haan = Goud,≤100,1
110333761471734,SP Jongeren,SP Jongeren,≤100,4
318502745709789,NoMorePlastic,NoMorePlastic,≤100,4
139983799831,COC Nederland,COC Nederland with Facebook ad credits,≤100,13
111199435097484,Nederlandkalverland.nl,Nederlandkalverland.nl,≤100,2
107948478848391,Art.1 Midden Nederland,Art.1 Midden Nederland,≤100,15
202591136473521,The Upcycle,The Upcycle BV,≤100,3
1969429330022792,Waardlanden,Waardlanden,≤100,1
111780358981958,Gemeente Loon op Zand,Gemeente Loon op Zand,≤100,2
347109699457,Wemos,Wemos,≤100,8
141801972540083,EW Magazine,EW Magazine,≤100,16
539993949363852,Gemeente Bergeijk,Gemeente Bergeijk,≤100,1
354196741370845,Brandpunt+,KRO-NCRV,≤100,4
107952825592399,Feedback EU,Feedback EU,≤100,6
106491429483582,SDOK,SDOK,≤100,5
470919559742826,Meld Misdaad Anoniem,Meld Misdaad Anoniem,≤100,6
132031878648,Natuurmonumenten,Vereniging tot Behoud van Natuurmonumenten in Nederland,≤100,3
100110105027855,Hart voor Medemblik - HvM,Hart voor Medemblik,≤100,3
301641784038642,Strong Babies,Strong Babies,≤100,3
205668852785355,Gemeente Zaanstad,Gemeente Zaanstad,≤100,2
1443759532507314,Gemeente Beesel,Gemeente Beesel,≤100,7
267353906619818,Mr. Gugu & Miss Go,These ads ran without a disclaimer,≤100,16
313228288806437,Motivaction International,Motivaction International B.V.,≤100,3
106547071948109,900 jaar Raalte,900 jaar Raalte,≤100,1
1387354408205051,Gemeente Velsen,Gemeente Velsen,≤100,2
210455475818306,Stadsbelang Utrecht,Stadsbelang Utrecht,≤100,2
269793629749221,ZOA,ZOA,≤100,3
2211921499064647,Gemeenteraad Lingewaard,gemeente Lingewaard,≤100,1
144885375589624,Würth Nederland,These ads ran without a disclaimer,≤100,1
844559615710915,Lilian Marijnissen,SP,≤100,3
171189343836,Open Universiteit,Open Universiteit,≤100,2
1586038428202115,Siriz,Stichting Siriz,≤100,1
1018434581555107,Gemeente Breda,Gemeente Breda,≤100,1
145580068834607,Veteranendag,Veteranendag,≤100,3
147485298662727,Gemeenteraad Tilburg,Gemeente Tilburg,≤100,1
352917208391337,Nieuwe Energie,Gemeente Haarlemmermeer,≤100,4
195325640540297,Provincie Noord-Holland,Provincie Noord-Holland,≤100,1
120087784724637,Winq.nl,Winq.nl,≤100,1
183747651651348,Hivos,Hivos,≤100,4
976825745813543,Partij voor de Dieren Gemeente Groningen,Partij voor de Dieren Gemeente Groningen,≤100,1
393631714068016,Hoogheemraadschap van Schieland en de Krimpenerwaard,Hoogheemraadschap van Schieland en de Krimpenerwaard,≤100,4
186179268595421,The Black Archives,The Black Archives,≤100,2
1440177952905487,NiNsee,NiNsee,≤100,1
101782468500004,Accion21,Accion21,≤100,1
219017088175847,Amsterdam Museum,Amsterdam Museum,≤100,8
2144275005640144,Loft Books,These ads ran without a disclaimer,≤100,1
116592248404562,Rode Hoed,Rode Hoed,≤100,2
486293704724646,Krnwtr+ / Zereau Drinks,KRNWTR,≤100,2
869891469754510,Winkelcentrum Kastelenplein,These ads ran without a disclaimer,≤100,1
100413196351123,Stichting tegenwind Horst aan de Maas,These ads ran without a disclaimer,≤100,3
628151657656729,Planet Health,These ads ran without a disclaimer,≤100,4
100424352399009,"Parlamentario Raymicheline ""Misha"" Raymond",Fractie Raiz,≤100,1
160001040736183,Fairtrade Nederland,Fairtrade Nederland,≤100,3
317672531636087,1Twente Enschede,1Twente Enschede,≤100,1
108409526428514,RAIZ ARUBA,RAIZ Aruba,≤100,1
1531866187075459,De VerandaSpecialist,These ads ran without a disclaimer,≤100,1
271066026628662,Gemeente Albrandswaard,Gemeente Albrandswaard,≤100,1
321143681284995,Adb RADAR,Stichting RADAR,≤100,1
1909126929105800,Partij voor behoud van de Nederlandse identiteit,Partij voor behoud van de Nederlandse identiteit,≤100,1
105955311154401,Onlinestemtool.nl,Onlinestemtool.nl,≤100,1
105401241918482,CDA Kampen,CDA Kampen,≤100,1
146599018696771,NATO,NATO,≤100,1
102443598855327,Minister Ursell Arends,Minister Ursell Arends,≤100,1
110621374027968,Drenthe Geeft Door,Drenthe Geeft Door,≤100,4
429985070348084,Haven Rotterdam,Havenbedrijf Rotterdam NV,≤100,2
511625975545164,"Wakker Emmen, gewoon doen.",Wifi´s,≤100,1
368044820420540,BosLeven,These ads ran without a disclaimer,≤100,1
108625789179165,Soi Dog Foundation,These ads ran without a disclaimer,≤100,1
235212870368719,JEU de boules bar,These ads ran without a disclaimer,≤100,2
102795058943786,Liberaal Hoorn,Liberaal Hoorn,≤100,1
57490861490,Johannes Holt Iversen,These ads ran without a disclaimer,≤100,1
119061657800841,OasisFun,These ads ran without a disclaimer,≤100,14
111977917320090,Zummerbühne,These ads ran without a disclaimer,≤100,1
94738574348,Boom Chicago,Boom Chicago,≤100,1
1883003128429295,Queer Majority,These ads ran without a disclaimer,≤100,2
191399134327652,aramco,These ads ran without a disclaimer,≤100,2
197259153703330,Waterschap Rijn en IJssel,Waterschap Rijn en IJssel,≤100,1
104378209318621,athena.fertility,These ads ran without a disclaimer,≤100,1
144709575593854,EESC - European Economic and Social Committee,EESC - European Economic and Social Committee,≤100,3
114759875350,Leefbaar Rotterdam,Leefbaar Rotterdam,≤100,1
527351247377965,European Committee of the Regions,European Committee of the Regions,≤100,14
784559828291177,SGP Zeeland,SGP Zeeland,≤100,1
107042108303694,Partij Sleutelstad Leiden,Politieke Vereniging PS (Partij Sleutelstad),≤100,1
698451706850384,CDA Noordwijk-Noordwijkerhout-De Zilk,CDA Noordwijk-Noordwijkerhout-De Zilk,≤100,1
205332123261241,Знакомства RusDate,These ads ran without a disclaimer,≤100,1
298615280195192,Gemeente Lansingerland,These ads ran without a disclaimer,≤100,1
772951762810345,Vote Company,Vote Company,≤100,1
281802341963702,Italian Hydrographic Society,These ads ran without a disclaimer,≤100,1
109874178164594,BVNL-Haarlemmermeer,BVNL-Haarlemmermeer,≤100,1
1417693954961034,Nario,These ads ran without a disclaimer,≤100,1
100362052940730,U-shirt,These ads ran without a disclaimer,≤100,1
338284879847101,Top of Minds,These ads ran without a disclaimer,≤100,1
101760022372875,omerfarukalpdogan,These ads ran without a disclaimer,≤100,1
100290789515779,Carlos Guiamo,Carlos Guiamo,≤100,1
100305849167750,Born To Know,These ads ran without a disclaimer,≤100,1
1589154051350606,FOZ - Friends of Zion Museum,These ads ran without a disclaimer,≤100,1
416731498371213,Saved To Serve,These ads ran without a disclaimer,≤100,1
100997175471016,djenina_hagenburger_art,These ads ran without a disclaimer,≤100,1
101507822713734,Argentine Beef,These ads ran without a disclaimer,≤100,1
107151211758954,Investing Revista,These ads ran without a disclaimer,≤100,1
147547541961576,Council of the European Union,Council of the European Union,≤100,1
115057443466962,Рефорум,These ads ran without a disclaimer,≤100,1
1399750283620746,Hidden City,These ads ran without a disclaimer,≤100,2
106875275519862,Morocco AM 2023,These ads ran without a disclaimer,≤100,1
103469548560948,Madinah.com,These ads ran without a disclaimer,≤100,1
100451933698060,AdVenture Communist,These ads ran without a disclaimer,≤100,1
123223250756707,Stamp out War,These ads ran without a disclaimer,≤100,1
1212926025482591,DURF,DURF,≤100,1
250896539197350,Rafael Advanced Defense Systems,These ads ran without a disclaimer,≤100,1
171195311682401,ParentzTalk - Activities,These ads ran without a disclaimer,≤100,1
117853811622650,Smart Finance Freedom,These ads ran without a disclaimer,≤100,1