﻿Page ID,Page name,Disclaimer,Amount spent (GTQ)
161800283848513,CREO,CREO,127
196258110831945,Partido Valor,Partido Valor,112
142373979127061,Partido Unionista,Partido Unionista,110
167924689961661,Unidad Nacional de la Esperanza,Unidad Nacional de la Esperanza,≤100
110226594945647,Partido BIEN,Partido BIEN,≤100
187073013532,Partido VIVA,Partido Político VIsión con Valores VIVA.,≤100
116502581316194,francisco_arredondo_dakar,These ads ran without a disclaimer,≤100
96594798704,Movimiento Cívico Nacional - MCN,Movimiento Cívico Nacional,≤100
100169482992019,Sebastián Arzú,Sebastián Arzú,≤100
102762215788405,VOS.gt,VOS.gt,≤100
100228912981471,PAN - Partido de Avanzada Nacional,PAN - Partido de Avanzada Nacional,≤100
1212640285520369,Asociación Política Caminemos,Asociación Política Caminemos,≤100
108748214736261,Partido Republicano -PR-,Partido Republicano -PR-,≤100
195909230476243,CONADI GUATEMALA,CONADI GUATEMALA,≤100
110582257361172,Partido Azul,Partido Azul,≤100
116255971414800,Política Migración,Política Migración,≤100
744048319050593,Partido Humanista de Guatemala -PHG-,Partido Humanista de Guatemala -PHG-,≤100
1466927680295354,Otrans Guatemala,Otrans Guatemala,≤100
238268799547266,TV Azteca Guatemala,TV Azteca Guatemala,≤100
142556265766634,Guatemala Visible,Guatemala Visible,≤100
101372268406640,Unión Republicana,Unión Republicana,≤100
333731437290922,La Critica Gt,La Critica Gt,≤100
331961940541181,Partido Victoria,Partido Político Victoria,≤100
2363255300363966,Informativo Guate,Informativo Guate,≤100
341441999835173,La Plaza 2015,La Plaza 2015,≤100
101291772894168,UNE San Sebastián Retalhuleu,These ads ran without a disclaimer,≤100
1849068175149032,Movimiento Político WINAQ,Movimiento Político WINAQ,≤100
112851281055736,Fuerza Ciudadana,These ads ran without a disclaimer,≤100
106660680698519,Colectivo Artesana,These ads ran without a disclaimer,≤100
117137428017315,Podemos Puerto Barrios,These ads ran without a disclaimer,≤100
100912541413695,Más Impulso,These ads ran without a disclaimer,≤100
103639884893606,PIN,PARTIDO DE INTEGRACIÓN NACIONAL PIN,≤100
281554395331686,República,"Republica GT, S.A.",≤100
101687959895497,Max Santa Cruz,These ads ran without a disclaimer,≤100