﻿Page ID,Page name,Disclaimer,Amount spent (EUR)
148427235188637,СДСМ - Социјалдемократски сојуз на Македонија,СДСМ,≤100
324459714339171,Civil MK,Civil MK,≤100
100954761298205,frontline.mk,frontline.mk,≤100
149032011830930,Centar.mk,Centar.mk,≤100
109452208789335,Трн.мк,Трн.мк,≤100
255990845327431,Левица,Левица / E majta / Levica,≤100
489378444428334,Brif.mk,Brif.mk,≤100
101694005032101,Bojan Maricik,Bojan Maricik,≤100
445469652211682,Bujar Osmani,Bujar Osmani,≤100
192483774872658,Демократи,Демократи,≤100
66035312931,Zoran Zaev,Zoran Zaev,≤100
461034264336817,24инфо.мк,24инфо.мк,≤100
1482737048633478,Институт за комуникациски студии ИКС / Institute of Communication Studies,Институт за комуникациски студии,≤100
100746718435265,Fatmir Bytyqi,Fatmir Bytyqi,≤100
101754962766151,Рацин.мк,Рацин.мк,≤100
1677572455714659,Јорго Огненовски,Демократи,≤100