﻿Page ID,Page name,Disclaimer,Amount spent (HUF)
102414628645144,Korondy Tamás,Megafon,117251
776079922494181,Apáti Bence hivatalos oldala,Megafon,65670
286759004682537,Tranzit,Kommentár Alapítvány,60324
503614639975773,Trombitás Kristóf,Megafon,55296
109217671008015,A kopasz oszt,Megafon,47974
169599166463839,Demokratikus Koalíció,Demokratikus Koalíció,40947
118152054556475,Deák Dániel,Megafon,34858
543788999005363,ORIGO,Mediaworks Hungary Zrt.,33946
104359131558815,KonVerzió,Megafon,25436
224274995688487,Bohár Dániel - Riporter,Megafon,24567
110149601578231,GeriJoca,Megafon,22334
278117815576023,EU Justice and Consumers,EU Justice and Consumers,19509
191461774219575,hirado.hu,hirado.hu,18470
248172631940,Mandiner,Mediaworks Hungary Zrt.,17004
2341539762837341,Vác Város Önkormányzata,Vác Város Önkormányzata,14343
109503892404998,Világgazdaság,Mediaworks Hungary Zrt.,12248
326635018181862,Magyar Nemzet,Mediaworks Hungary Zrt.,11105
331580946799,Borsonline - Bors Szórakoztató Napilap,Borsonline - Bors Szórakoztató Napilap,9619
178362315106,European Parliament,European Parliament,8780
107222200650978,Cseresznyés Csilla - Momentum,Momentum Mozgalom,7249
408924035951553,Körforrás,Körforrás,6780
1534911313439123,Ripost,Ripost,6161
264517713636590,PestiSracok.hu,PestiSrácok.hu,5059
131283758531,HVG,HVG Kiadó ZRt.,3868
153992771336740,Origo Sport,Mediaworks Hungary Zrt.,3639
109528965046103,MCC Feszt,Mathias Corvinus Collegium,3379
594088897289853,Alapjogokért Központ,Alapjogokért Központ,3199
76748198685,Budapest Pride,Budapest Pride,3053
132593883577930,Dr. Keresztes László Lóránt,LMP - Magyarország Zöld Pártja,2796
289633770813,UNICEF Magyarország,UNICEF Magyar Bizottság Alapítvány,2442
778538352344518,Hollik István,Fidesz,2390
1265353903615539,Oeconomus,Oeconomus,2248
766665013413035,ÉrdMost.hu,ÉrdMost.hu,2137
100711304847811,A szomszédja már tudja - Ön is tudja meg,A szomszédja már tudja - Ön is tudja meg,1970
150219742265121,Bedő Dávid,Bedő Dávid - Momentum,1818
303640261940,Nemzeti Sport Online,Mediaworks Hungary Zrt.,1796
718237064915895,Szőke Péter Törökbálint Holnap,Törökbálint Holnap Egyesület,1711
451844608304228,Metropol,Metropol,1704
265672590604606,Makronóm.Blog,Makronóm.Blog,1666
108346693873484,Győrffy Balázs,Győrffy Balázs,1598
103465727825414,OPUS TIGÁZ & OPUS TITÁSZ,OPUS Tigáz & OPUS Titász,1578
851784814892644,Simicskó István,KDNP frakció,1540
123910440019,Renew Europe,Renew Europe Group,1537
162344823835042,atlatszo.hu,atlatszo.hu,1470
103294948505659,Szánthó Miklós,Szánthó Miklós – Alapjogokért Központ,1403
447204268797621,RTL.hu,RTL.HU,1401
221761091331222,Danube Institute,Danube Institute,1387
345496092135627,Hír TV,Mediaworks Hungary Zrt.,1368
287770891404,Jobbik-Konzervatívok,Jobbik Magyarországért Mozgalom,1355
112694594992064,Mehr Licht,Mehr Licht,1298
35634348348,Greenpeace Magyarország,Greenpeace Magyarország,1272
206829842043,Rétvári Bence,Rétvári Bence,1246
44847086574,Amnesty International Magyarország,Amnesty International Magyarország,1189
445527232223443,Gyenes Levente,Gyenes Levente,1175
307618232709851,Hidvéghi Balázs,Fidesz - Magyar Polgári Szövetség,1129
1239893846155692,Tompos Márton,Momentum Mozgalom,1122
108248022589754,Bosch Magyarország,Bosch Magyarország,1113
274886867487,Origo Tudomány,Mediaworks Hungary Zrt.,1060
215138878595900,Európai Bizottság Magyarországi Képviselete,Európai Bizottság Magyarországi Képviselete,1040
490177777659085,Vác és környéke,Vác és Környéke,1028
102426795954406,Nobilis Márton,Nobilis Márton,998
191946490841225,Dúró Dóra,Mi Hazánk Mozgalom,961
211156277497,WWF Hungary,WWF Hungary,957
897497500592621,Gyuricza László polgármester,Gyuricza László polgármester,793
115562461467601,Ferenczi Norbert,Ferenczi Norbert,783
1215492498464496,Angyal Károly,Angyal Károly,746
887921287887805,Király Nóra,Király Nóra,742
545872002109034,Matkovich Ilona,Matkovich Ilona,718
490030231058740,444,Magyar Jeti Zrt - 444.hu,668
109306435499597,Szabad Vonalzó,Humán Platform,648
128884360624104,Bóna Zoltán,Bóna Zoltán,603
783482538679312,Radics Béla,Radics Béla,601
106280224056208,Gelencsér Ferenc,Momentum Mozgalom,601
304448239602944,Minden Doboz Visszajár,Minden Doboz Visszajár,582
1926735160968885,Válasz Online,Válasz Online,579
143151351544,Színházi Olimpia 2023 / Theatre Olympics 2023,Szinházi Olimpia Nonprofit Kft.,565
191946490841225,Dúró Dóra,Dúró Dóra,563
102641477991941,bahir.hu - BAHÍR,Zöld Baranya Egyesület,504
1408906262689093,Nyitrai Zsolt,Fidesz,480
102186064905787,Zöld Követ Egyesület,Zöld Követ Egyesület,473
227871337657817,Indamedia,Indamedia,461
264210363649459,Élő Norbert,Élő Norbert,455
113375923695023,Fidesz Budapest,Fidesz Budapest,452
101646642494867,Kristály,Kristály,452
47198507012,LMP - Magyarország Zöld Pártja,LMP - Magyarország Zöld Pártja,431
318239484894380,érdioldal.hu,erdioldal.hu,418
1215492498464496,Angyal Károly,LMP - Magyarország Zöld Pártja,417
108321735570338,Védd A Tényeket,Zachor Alapítvány,355
237088069704442,Kósa Ádám,"Adam Kosa, Member of the European Parliament",354
106236922109249,Hajnal-2026,Hajnal-2026,352
267674610816415,Dóczi Péter,Alternatíva párt,348
421262681731198,Vasarnap.hu,Kovács K. Zoltán Alapítvány,342
105774734948091,Hungarian Conservative,Hungarian Conservative,341
358624704555983,Dr. Hörcsik Richárd,Fidesz,309
76945222898,Startlap,Central Médiacsoport Zrt.,301
131797633528377,Jávor Benedek,Párbeszéd Magyarországért,301
1584646591763647,Kanász-Nagy Máté,LMP - Magyarország Zöld Pártja,270
1869511526651884,Zsigmond Barna Pál,Fidesz,266
451084968283411,Klímainnovációs Közösség,PANNON Pro Innovációs Kft.,255
105855948670500,Holtszezon Irodalmi Fesztivál,These ads ran without a disclaimer,247
1377431695828132,Nagy István,Dr. Nagy István,241
113684438795574,Párbeszéd - Zöldek,Párbeszéd Magyarországért,240
189020783523,Mathias Corvinus Collegium - MCC,Mathias Corvinus Collegium Alapítvány,225
142695722442067,Napvilág Kiadó,Napvilág Kiadó,223
670269189782610,Ficsak - Fiatal Családosok Klubja,Fiatal Családosok Klubja,220
506348326210466,Ungár Péter,LMP - Magyarország Zöld Pártja,220
1671533653104519,Kele János,Kele János,218
107123677458699,Külpologika,Külpologika,205
18562323874,Élet és Irodalom,Élet és Irodalom,205
519279158277826,Szülői Hang,Szülői Hang,203
105989251030036,Finniskola - sétálva tanulunk,These ads ran without a disclaimer,197
156847374371871,Szabó Tímea,Párbeszéd Magyarországért,197
105666454157523,Szikra Mozgalom,Szikra Mozgalom,183
2407809316170057,Szendefy Mária - LMP,LMP - Magyarország Zöld Pártja,173
348148758663062,Indahouse Hungary,InDaHouse Hungary Egyesület,171
777343075710072,Migrációkutató Intézet,Migrációkutató Intézet,169
344902188590,Joint Venture Szövetség,Lime Creative kft.,163
132565735893,Policy Solutions,Policy Solutions Nonprofit Kft.,159
159889247536834,Hírstart,Central Médiacsoport Zrt.,156
267882727864,Kubatov Gábor,Fidesz,151
293410494975,Republikon Intézet,Republikon Intézet,150
481510085233995,Tarjáni Fészek,Tarjáni Fészek,144
100452852734271,Startlap - Vásárlás tippek,Central Médiacsoport Zrt.,140
202099276507678,24.hu,24.hu,137
113183730045421,Momentum Klímakörök,Momentum Mozgalom,135
120800934626447,United Way Magyarország,United Way Magyarország,130
108087758588692,Talabér Krisztián Nézőpontja,Nézőpont,129
1443354815880657,Salacz László,Salacz László,128
200615179974476,Tégy az abortusz ellen,Tégy az abortusz ellen,128
186937904681332,Szabó Rebeka,Párbeszéd Magyarországért Párt,126
284539768641112,Eurofins- Független Laboratórium,These ads ran without a disclaimer,126
92932085233,TASZ,TASZ,126
109565208474856,Startlap - Utazás tippek,Central Médiacsoport Zrt.,122
320645820787,Haszon magazin,Haszon magazin,119
230314307098155,Patent Egyesület,PATENT Egyesület,118
320701218553533,Alternatíva Párt,Alternatíva párt,117
846722332114543,Fót Város,Fót Város Önkormányzata,109
102401058671244,Készpénzmentes Zóna,Uniomedia Kommunikációs Ügynökség Zártkörűen Működő Részvénytársaság,101
100290458877103,Audax Renewables Hungary,Audax Renewables Hungary,≤100
268042136672212,Századvég,Századvég Közéleti Tudásközpont Alapítvány,≤100
267353906619818,Mr. Gugu & Miss Go,These ads ran without a disclaimer,≤100
116609705085092,BP18,BP18,≤100
103574552157896,Friot  Yacht,These ads ran without a disclaimer,≤100
159358537423212,KAVOSZ - Széchenyi Kártya Program,These ads ran without a disclaimer,≤100
85568463466,Mérce,Mérce,≤100
1848441158737473,Szegeder.hu,Szegeder.hu Alapítvány,≤100
115403344824484,Ratio Műhely,Ratio Műhely,≤100
375972093010817,Turgonyi Dániel,Turgonyi Dániel,≤100
1164796266962987,Szabad Pécs,Szabad Pécs,≤100
103141961544400,Future of Debrecen,Future of Debrecen Egyesület,≤100
1693538404064465,Magyar Hang,Magyar Hang - A Túlélő Magazin,≤100
733923476636885,Szatmáry Kristóf,Szatmáry Kristóf,≤100
1567420900021321,Kara Ákos,Kara Ákos,≤100
197203437879379,Szaniszló Sándor,Pestszentlőrinc-Pestszentimre polgármestere,≤100
101234361488097,Gór Csaba,Fidesz Buda,≤100
100609808517630,Drogkutató Intézet,Drogkutató Intézet Nonprofit Korlátolt Felelősségű Társaság,≤100
227133307383315,zsido.com,EMIH Magyar Zsidó Szövetség,≤100
202099276507678,24.hu,These ads ran without a disclaimer,≤100
135049793193159,IH Rendezvényközpont,Green Team Event & Marketing Kft.,≤100
215551471947529,Sajómente,Sajómente,≤100
233529653487142,Karsay Ferenc,Karsay Ferenc,≤100
379369999371763,Pikó András polgármester,Pikó András polgármester,≤100
105455867750317,State of Poland,These ads ran without a disclaimer,≤100
80760668265,Valamar All You Can Holiday,These ads ran without a disclaimer,≤100
108625789179165,Soi Dog Foundation,These ads ran without a disclaimer,≤100
144709575593854,EESC - European Economic and Social Committee,EESC - European Economic and Social Committee,≤100
113058865019747,Cocobowls,These ads ran without a disclaimer,≤100
527351247377965,European Committee of the Regions,European Committee of the Regions,≤100
1417693954961034,Nario,These ads ran without a disclaimer,≤100
147547541961576,Council of the European Union,Council of the European Union,≤100