﻿Page ID,Page name,Disclaimer,Amount spent (HNL)
100433762843279,Red Solidaria Honduras,Red Solidaria Honduras,173
481781965172466,Aquafinca St Peter Fish,Aquafinca St Peter Fish,≤100
349524351841734,Cárlenton Dávila,Cárlenton Dávila,≤100
703368406666619,Vox Populi HN,Vox Populi HN,≤100
2180582345316242,Secretaría de Desarrollo Social,Secretaria de Estado en el Despacho de Desarrollo Social,≤100
114601521910,Jorge Aldana,Jorge Aldana,≤100
486382251906084,Honduras El País,Diario El  Pais.hn,≤100
747420075340256,El Agricultor Primero,These ads ran without a disclaimer,≤100
869856179742183,WWF Mesoamerica,These ads ran without a disclaimer,≤100