﻿Page ID,Page name,Disclaimer,Amount spent (USD)
147084112022235,La Nouvelle Tribune,La Nouvelle Tribune,≤100
107627395144123,الحكومة المغربية,الحكومة المغربية,≤100
578201022242371,MJCC وزارة الشباب والثقافة والتواصل,"Ministère de la Jeunesse, de la Culture et de la Communication",≤100
172294729642914,جماعة سلا,These ads ran without a disclaimer,≤100
103180295526797,Ministère de l’Equipement et de l’Eau - وزارة التجهيز والماء,Ministère de l’Equipement et de l’Eau - وزارة التجهيز والماء,≤100
374551516051318,نساء من المغرب,نساء من المغرب,≤100
167254950013774,Rue20.Com,Rue20.Com,≤100
414753655661790,Marayana.com,These ads ran without a disclaimer,≤100
161637767281862,LE MATIN.ma,Groupe Le Matin,≤100
200280560798158,Groupe Scolaire Valériane Deroua,Groupe Scolaire Valériane Deroua,≤100
114327507919762,Anfaspress,These ads ran without a disclaimer,≤100
101970812076593,Madar 21 مدار,Madar 21 مدار,≤100
1855945607952800,Chamalpress - شمال بريس,getcom,≤100
116232578055472,SBH Education,These ads ran without a disclaimer,≤100
1081434028658964,وزارة الانتقال الطاقي والتنمية المستدامة,وزارة الانتقال الطاقي والتنمية المستدامة,≤100
1174118549367115,Almoharir,Almoharir,≤100
112414251083829,Doria Feminist Fund,These ads ran without a disclaimer,≤100
1717497868504337,Truth and Moments,These ads ran without a disclaimer,≤100
405199520209766,The Belt and Road News Network,These ads ran without a disclaimer,≤100
102281796055155,Almoharir media,Almoharir media,≤100
106651434848380,Barlamane Radio,These ads ran without a disclaimer,≤100
108736398298850,Ayora Foundation Morocco,These ads ran without a disclaimer,≤100
123465590650551,Allied Health Group USA,These ads ran without a disclaimer,≤100
473711642792804,Barlamane.com,These ads ran without a disclaimer,≤100
1064304623746252,Rights Africa,These ads ran without a disclaimer,≤100
101181569498631,Hasnaa Tihadi,These ads ran without a disclaimer,≤100