﻿Page ID,Page name,Disclaimer,Amount spent (MXN)
1542376775998580,Pepe Hernández,Pepe Hernández,3698
384214801745089,Samuel García,Samuel García,848
130602557006517,Schneider Electric,Paulina Guadalupe Arellano Carrillo,832
589484077738887,Jorge Álvarez Máynez,Estudio Bocadillo,552
102515245994693,Tlaxcala Si,tlaxcalasi.net,518
186073704903313,México elige,México Elige,389
167878593236712,UNICEF en español,UNICEF con créditos publicitarios de Facebook,367
493453457351145,Coparmex Nacional,Coparmex Nacional,281
688172781386207,Azael Santiago Chepi,Azael Santiago Chepi,263
306265093299864,Miguel Ángel Ramírez López,Brecha Comunicación,259
101130375043528,Buenas Noticias México,Buenas Noticas,249
103563028765670,El Soberano del Sur,El Soberano del Sur,243
114370985304597,Gobierno del Estado de Tlaxcala,Gobierno del Estado de Tlaxcala,243
1619517958096017,En Red Noticias,Tresa Publicidad,190
100557755099985,Convocatorias 2024,Convocatorias 2023,187
1518145195110134,Daniel Gutiérrez Gutiérrez,Daniel Gutiérrez Gutiérrez,180
123842270960929,Walmart de México y Centroamérica,Nueva Walmart de México SRL de CV,180
109634395756375,Save the Children México,Save the Children México,170
660297987389094,Educa Oaxaca,Educa Oaxaca,160
100489205904101,Octavio Rivero,Jorge Alan Santelices Magaña,154
381985873573,Partido de la Revolución Democrática PRD,Partido de la Revolución Democrática,153
102597455985344,Yucatán avanza con la 4T,yucatanconla4t.net,145
109004905332009,El corazón de la transformación,El corazón de la transformación,138
102551913153712,Ricardo Monreal A.,Ricardo Monreal Ávila,135
1137195676311043,Emilio Lara Calderón,Emilio Lara Calderon,134
105874865657560,Hidalgo con Honestidad,Hidalgo con Honestidad,120
111253844908328,Gestoría Social Para El Bienestar 9,Luis Felipe Benitez Gomez,116
115452255131465,Alejandro Moreno Cárdenas,Alejandro Moreno Cárdenas,115
56713285274,Greenpeace México,Greenpeace México,113
133478060111915,CEMEX Impacto Social,CEMEX Negocio Responsable,109
254852601222832,CEMEX México,CEMEX México,106
803041666459797,Enrique de la Madrid,Enrique de la Madrid,≤100
961693327322564,Miguel Pérez,Miguel Pérez Vásquez,≤100
102738898166307,Oswaldo Chiñas Cruz Ixtaltepec,Oswaldo Chiñas Cruz,≤100
1906429816285166,Género y Política PRD Tv web,Canek Ortega Cano,≤100
1002725919822860,fridapop,FUTBOL SITES LLC,≤100
101369119427544,La Cuestión Mx,La Cuestión Mx,≤100
102165251230435,Mi Veracruz,Armando Adan Morales Mares,≤100
244524445753966,Armando Contreras Castillo,Armando Contreras Castillo,≤100
108323052052660,Noticias Nacionales,Noticias Nacionales,≤100
1424057367811413,Ipas México,"otromexico, sc",≤100
195400400486017,Antena San Luis,Antena San Luis S de RL de CV,≤100
114024430364416,YoXmx,Yoxmex,≤100
1452189031676518,Hyundai México,HYUNDAI MEXICO,≤100
106794678874700,4TI,4TImpacto,≤100
107511518695730,Fuera prianistas de la CDMX,Fuera prianistas de la CDMX,≤100
458859544909547,DICES,DICES,≤100
309520537353,Fondo Semillas,Fondo Semillas,≤100
34767149008,Tecnológico de Monterrey,Tecnológico de Monterrey,≤100
116175691755266,Silvano Aureoles Conejo,Silvano Aureoles Conejo,≤100
110039430775865,Apoyo Nacional en el Gobierno Mexicano,Angel Vladimir Cob Cabañas,≤100
392117881331459,José Flores,José Luis Flores Pacheco,≤100
101696231925216,Olmeca Multimedios Mx,Olmeca Multimedios,≤100
536886746673043,Jóvenes MX,Yoxmex,≤100
502371129819863,El Estado,El Estado Mx,≤100
105624182802445,NMás,Martha Lucia Simone Ramirez,≤100
509821702820171,24 Horas Quintana Roo,24 Horas Quintana Roo,≤100
122404620204,Oxfam México,These ads ran without a disclaimer,≤100
103290404864989,Beneficios Nacionales de Gobierno,Cinthia Abigil Torres Medina,≤100
111300295094359,Baja Sur piel morena,BCS de piel morena,≤100
387796290649,GNP Seguros,GNP Seguros,≤100
189131335143204,"Soy Mexicano, Soy Derecho",Soy Mexicano Soy Derecho,≤100
1333701376650032,Que siga López,Que siga Lopez,≤100
105373055587448,Gestoría Social Para El Bienestar 11,Luis Felipe Benitez Gomez,≤100
104736365198532,Elí César Cervantes,Parabellum,≤100
100215376197287,Guerreros del voto,Guerreros del Voto,≤100
107737838670160,Gestoría Social Para El Bienestar Campeche,Luis Felipe Benitez Gomez,≤100
106680181243008,Haciendo Comunidad · Noticias de México,Haciendo Comunidad,≤100
103251542564303,Home interior,These ads ran without a disclaimer,≤100
104500509136354,You're beautiful,These ads ran without a disclaimer,≤100
239726076054918,Partido del Trabajo México,Partido del Trabajo México,≤100
124631600949535,Yo Influyo,Yoxmex,≤100
107987827999009,Beneficios en México Independiente,Cinthia Abigil Torres Medina,≤100
110187414493874,Plataforma Informativa Mexicana #PIM,euthenics,≤100
264773293005,Marko Cortés,Marko Cortés,≤100
107987827999009,Beneficios en México Independiente,Edith Martinez Orta,≤100
2818718441534332,Es de política mexicana,Es de Política Mexicana,≤100
1515259965437204,Marina Del Pilar,Marina Del Pilar,≤100
68793499001,UNICEF,UNICEF with Facebook Ad Credits,≤100
257333027729841,Julieta Ramírez,Julieta Ramirez,≤100
108985414848506,Gerardo Alba Castillo,Javier López,≤100
109274195183155,La CDMX que soñamos,La CDMX que soñamos,≤100
251441461671918,Igualdad Animal México,Respeto e Igualdad Animal A.C.,≤100
279469625434543,Paco Cienfuegos,Paco Cienfuegos,≤100
147751821930575,Salud Digital Fundación Carlos Slim,Fundación Carlos Slim,≤100
583723315168183,El Jaguar,La Agencia de la ONU para los Refugiados (ACNUR) México,≤100
104680124489636,Demoscopia Digital,Demoscopia Digital,≤100
953657811446042,Conciencia Nacional por la Libertad Religiosa,Fundación en Promoción de la Familia y la Libertad AC,≤100
2330030160374237,Balance 24,Balance 24,≤100
122154061801959,Colectivo Mujeres Cabeza de Familia,Movimiento YoXMéxico,≤100
633007690102039,Gustavo de Hoyos Walther,Gustavo de Hoyos Walther,≤100
171494803269262,Noticias México,euthenics,≤100
196705420663884,Código Magenta,Código Magenta,≤100
105953682271027,Pets,These ads ran without a disclaimer,≤100
110189154031444,Mountain Sentinels,These ads ran without a disclaimer,≤100
108780625332249,Best Italia,These ads ran without a disclaimer,≤100
105647769019610,Forest management,These ads ran without a disclaimer,≤100
112583328316674,Grocery store,These ads ran without a disclaimer,≤100
103706638301720,Peregrino Alejandro,Alejandro Peregrino Bejarano,≤100
231205014943789,Desde abajo y con la gente,Desde abajo y con la gente,≤100
102482418239090,Asociación Mexicana de productores del Vestido,Reynaldo Escamilla Rodriguez,≤100
103188645496211,Progresando En Mexico,Yo Trabajo Bien,≤100
100378571663638,Jezabel Delgado,Lourdes Jezabel Delgado Flores,≤100
1564469533831418,Juan Manuel Unanue,Frida Melgarejo Rojas,≤100
105950984827623,Alianza Patriótica Por La 4T Baja California,COMINICACIÓN DIGITAL,≤100
592495347619799,Mi familia es primero,Yoxmex,≤100
106379064650791,Edgar Hernandez Dañu,Edgar Hernandez Dañu,≤100
340945746414391,Angeles Gutiérrez Valdez,Maria De Los Angeles Gutierrez Valdez,≤100
48966795116,Amnistía Internacional México,Amnistía Internacional México,≤100
281188282215551,José Medina Mora Icaza,José Medina Mora Icaza,≤100
100431071908734,La-Lista,DCS MEDIA & COMMUNICATIONS,≤100
103619185739831,Organización Nacional de Apoyos y Ayudas en el Gobierno,Maria Virginia Martinez Aguilar,≤100
265938437673601,Yo Soy Mi Planeta,Yoxmex,≤100
670501623092621,Miguel Angel Almaraz  Maldonado,Miguel Almaraz,≤100
101171882824621,Ayudando con decisión,Oscar Calderon Pastrana,≤100
233652128065243,Goberna México,Goberna,≤100
103447518678068,Juan Pablo Celis,4TMichoacán,≤100
106834998050352,Edgar Ocampo,Edgar Misael Ocampo Ayala,≤100
582650362076920,César Ulloa G.,César Ulloa G.,≤100
543830382749706,Compromiso Social Mx,Compromiso Social Mx,≤100
177319665650476,ClikiSalud - Fundación Carlos Slim,Fundación Carlos Slim,≤100
349362031895959,Julián Zacarías Curi,Julián Zacarias Curi,≤100
1415691342026378,Fundación Carlos Slim,Fundación Carlos Slim,≤100
1327748667304965,Carlos Peña Ortiz,Carlos Peña Ortiz,≤100
660181064597929,Sr. Político,srpolitico.com,≤100
354326078079338,Campaigns and Elections Mexico,Mario Alberto Rivera Lagarreta,≤100
253587731846571,Hoy Coacalco,Uzziel Gadiel Lopez Zamudio,≤100
108817217614253,Entelequia Mx,Saúl Betancourt Morales,≤100
149334611927297,Benjamín Robles,Benjamín Robles,≤100
101701991930418,UNIDEV,UNIDEV,≤100
109130204053554,Alas para el Cambio,Alas para el Cambio,≤100
125051000863077,El Punto Sobre La i,El Punto Sobre la i,≤100
409800789114458,Antonio Pelón Cervera,Macronews,≤100
746364855741497,Memotecnia,Guillermo Pérezpeña Morales,≤100
1514466245542140,América Rangel,AMERICA RANGEL,≤100
584159151722389,Pavel López Gómez,Pavel López Gómez,≤100
657470677684846,Beatriz Mojica,Montserrat López López,≤100
561348627320564,Rocío Abreu Artiñano,Rocío Abreu Artiñano,≤100
923994957653139,Luisa Gutiérrez Ureña,Luisa Adriana Gutiérrez Ureña,≤100
235606900176440,Macronews,Macronews,≤100
105925314120759,Mario Bracamonte,Julián Reynoso Mazoy,≤100
107727682047392,XunMexicodeverdad,X UN MÉXICO DE VERDAD,≤100
116437828394342,Phiten Mexico,Phiten Mexico,≤100
101202725148632,Armando Zuñiga Salinas,GRUPO IPS,≤100
149356031821584,Arena Pública,Arena Pública,≤100
915220875259528,Telokwento,TELOKWENTO,≤100
101128435630238,Química y Formulación,Química y Formulación,≤100
105462911936981,Laura Esquivel,HUMAN TARGET,≤100
102066728517222,Jorge Magaña,Jorge Magaña,≤100
102251265948823,La 4T Coahuila con Ricardo Mejía,Politburó Digital,≤100
791951890896578,Patricia Salazar,Patricia Salazar,≤100
245495562137150,Mitofsky,Roy Campos,≤100
138350596230547,GIRE - Grupo de Información en Reproducción Elegida,Menu Agency,≤100
1453035258301900,Carol Antonio Altamirano,Carol Antonio Altamirano,≤100
268579708326323,Georgina Solorio García,Georgina Solorio García,≤100
109228437096500,Gabriel García Hernández,Gabriel García Hernandez,≤100
219168613441556,Abogados México,Jose Miguel Ramirez Valenzuela,≤100
108312680848636,Juan Baljarg,Juan Antonio Lopez Baljarg,≤100
159970704486664,Focos Mx,"Equidad de Género, Ciudadanía, Trabajo y Familia",≤100
100753679061274,Diputados Federales Morena Chihuahua,Josue Daniel Aguirre Aguirre,≤100
105084060977192,Rosa María Hernández Espejo,Rosa Hernández Espejo,≤100
104233645795012,Sergio Moctezuma,Armando Jeronimo,≤100
103619185739831,Organización Nacional de Apoyos y Ayudas en el Gobierno,Marcela Narvaez Ramirez,≤100
106917395544366,Red Morena Digital,Fabian Ismael Torres Alvarez,≤100
106909841255869,Mario Dávila Delgado,Mario Alberto Dávila Delgado,≤100
1522195418029530,Político MX,Político MX,≤100
209756585798494,La Jornada Zacatecas,La Jornada Zacatecas,≤100
564024123751734,El Diario De Tlaxcala,El Diario de Tlaxcala,≤100
1038596546315243,Mariela Gutiérrez,mariela gutierrez,≤100
188610461167639,Énfasis Comunicaciones,Énfasis Comunicaciones,≤100
881256821943743,Armando Ayala Robles,COMUNICACIÓN DIGITAL,≤100
392579777452336,Punto Por Punto TV,Punto por Punto TV,≤100
189444025115478,Mauricio Ramírez Konishi,Julio Cesar Moreira Dosantos,≤100
108354050977806,Centro de Enseñanza Clínica y Forense. S.C,These ads ran without a disclaimer,≤100
848008481893903,Cruz Pérez Cuéllar,Cruz Pérez Cuéllar,≤100
100351004776263,Carlos Alberto Guerrero Manzanera,Carlos Alberto Guerrero Manzanera,≤100
105848177845789,All Out en español,All Out,≤100
101517128682201,Lupita Durán,Maria Guadalupe Duran Alcantara,≤100
209428235768912,24 Horas. El Diario sin Límites,Diario 24 Horas,≤100
101212808784634,República 21,Rosa Eugenia Diaz Biones,≤100
519051388241845,Fundación FEMSA,Fundación FEMSA,≤100
751269661657206,Bayer Crop Science México,Bayer de México S.A de C.V,≤100
108742671346499,El MP Digital,Antonio Jair Diaz Calderon,≤100
104280278920721,Pueblo Conectado,Juan Antonio Calderon Montoya,≤100
1624591081124413,Cuestión de Polémica,Cuestión de Polémica,≤100
160752503961,EMEEQUIS,EMEEQUIS,≤100
113684632653546,Aguascalientes de Mexico,Aguascalientes de Mexico,≤100
104198335842437,Preparatoria SEP Virtual,UNIDEV Universidad SC,≤100
277380886249639,ExxonMobil México,"ExxonMobil México, S. A. de C. V.",≤100
721947171170230,Marco Politico,Marco Politico,≤100
92465443899,Reporte Índigo,Capital Media,≤100
104621811930420,Ricardo I. Cázares,Ricardo Ibarra Cázares,≤100
1614410865470755,Columnas de México,Columnas de México,≤100
475358795836280,Victoria147,These ads ran without a disclaimer,≤100
1641373199408499,Lety Rubio Montes,Redboxmex,≤100
316162282245753,Ovidio Peralta Suárez,Ovidio Peralta Suárez,≤100
100439725731012,Preparatoria SEP en línea México,UNIDEV Universidad SC,≤100
108723735886534,Mi Ciudad Culiacan,Mi Ciudad,≤100
110239881352852,Preparatoria en casa unidev,UNIDEV Universidad SC,≤100
1095948597209125,Grupo Financiero Banorte,Banco Mercantil del Norte,≤100
101030746181560,Preparatoria en línea SEP,UNIDEV Universidad SC,≤100
104769105815812,Preparatoria SEP unidev,UNIDEV Universidad SC,≤100
101740711752535,RUBRUM,Multipoll S.A. de C.V.,≤100
100905166136342,Preparatoria SEP en línea,Unidev Uiversidad SC,≤100
106521845216893,Preparatoria en línea México SEP,UNIDEV Universidad SC,≤100
107708095512204,"Abramos los ojos, con Marybel",Daniel Enrique Chimal Ojeda,≤100
106066792187590,Inflacionómetro,Inflacionómetro,≤100
2098960567045890,Adrian Mx Coacalco,Adrian Mejia Reyes,≤100
236858516331750,RADIOFUSION TV,Leonardo Hernandez,≤100
102265881934463,Gabriela Ortega Molina,Gabriela Ortega Molina,≤100
241856122540609,Dr. Héctor Muñoz,Jesus Hector Muñoz Escobar,≤100
126951727515062,Ola Noticias,Ola Noticias,≤100
107509487815279,Dedogmasyrenuncias,DE DOGMAS Y RENUNCIAS,≤100
212833630159498,Daniel Vázquez,Daniel Vázquez García,≤100
112193307898373,Electoralia Veracruz,José Ramón Rodriguez Romero,≤100
288380955652,Eduardo Rivera Pérez,Erp Rivera,≤100
107539391652958,Estrella Rojas,Estrella Rojas,≤100
1420522144873874,Álvaro Suárez 5X - Fundación 5X,Alvaro Jose Suarez Garza,≤100
107924793226971,Última trinchera,Roberto Enrique Galindo Dominguez,≤100
1583631301915573,Liborio Vidal,Liborio Vidal Aguilar,≤100
481499309262962,Cuarta Transformación Tamaulipas,Cuarta Trasformación Tamaulipas,≤100
293707754465943,Toño Mejía,Redboxmex,≤100
107630991770430,Preparatoria México en línea,UNIDEV Universidad SC,≤100
108593091022739,Paty Doroteo,Paty Doroteo,≤100
360065277523541,Pedro Estrada,Pedro Estrada Córdova,≤100
104805888231365,Mexicano,"Editorial Kino, S.A. de C.V.",≤100
113316147663555,Preparatoria desde casa Unidev,UNIDEV Universidad SC,≤100
105909711629537,El Popular,Josefina Garcia Saldaña,≤100
104422665456058,DIF Huatusco 2022 - 2025,GRUPO COMERCIAL SALTAMONTES,≤100
138016565116389,Prepa En Linea SEP,UNIDEV Universidad SC,≤100
109610531312367,Preparatoria Desde Casa SEP,UNIDEV Universidad SC,≤100
108099371628440,Diputada  Edi M. Soriano Barrera,Edi Margarita Soriano,≤100
105027158482887,Noel González,Noel Gonzalez Rosales,≤100
502637543566687,Cancun Herald,Roberto Hernández Luna,≤100
1468723019887327,ddeser,ddeser,≤100
357413301003224,Hagámoslo Bien,"Hagámoslo Bien por una Cultura de la Legalidad, A.C.",≤100
1545555582174942,TResearch,TResearch,≤100
258695157666429,Caminos de Guanajuato,Caminos de Guanajuat0,≤100
182252948625872,Los Rescatadores,"Refleacciona con Responsabilidad, A.C.",≤100
2144348649218666,Daniela Martínez,HomeWork,≤100
107738917712607,ALA,Alexa Trujillo,≤100
109554947983964,Preparatoria en linea México,UNIDEV Universidad SC,≤100
858032527584472,Hiram Rodriguez L,Hiram Rodriguez L,≤100
123706374310822,Lo de Hoy México,LCC Mkt,≤100
253671944703113,Lilia Aguilar,Lilia Aguilar,≤100
1362899813848288,Cobertura 360 MX,Cobertura 360 MX,≤100
100924282492799,Victor Ruiz,Victor Ruiz,≤100
1424057367811413,Ipas México,Jennifer Gonzalez Campos,≤100
569211433439752,Reflexiones en voz alta por Francisco Javier Pizarro,Zaira Angelina Pizarro Valenzuela,≤100
102991431463559,Exilio Periodismo Binacional,Exilio Periodismo Binacional,≤100
792806137784832,Acontecer QR,Victor Hugo Guerrero Bustamante,≤100
1199237013555477,Juan Carlos Valencia Vargas,AQUATOR Consultoría y desarrollo de infraestructura S.A. de C.V.,≤100
474360172654651,Manuel Rivera Polanco,Franco Arturo Rivera Vera,≤100
108728978327597,Preparatoria SEP en Linea México,UNIDEV Universidad SC,≤100
800053706697232,Lupita Saldaña,Lupita Saldaña,≤100
174229585991829,Periódico Libre en el Sur,Francisco Ortiz Pinchetti,≤100
105409565326997,El Transformador MX,Julián Reynoso Mazoy,≤100
104194908706490,Preparatoria México SEP en línea,UNIDEV Universidad SC,≤100
992816694189783,José Alam Chávez Jacobo,Jose Alam Chavez Jacobo,≤100
1597568910526465,Centro Mexicano Derecho Ambiental - CEMDA,Centro Mexicano Derecho Ambiental - CEMDA,≤100
104257531651667,Matza Maranto Zepeda,Maritsa Concepcion Maranto Zepeda,≤100
105702148235206,Pepe Braña,Jose Braña Mojica,≤100
101174141793439,ECOS,Francisco Alejandro Flores Cancino,≤100
538376106328648,Alberto Viveros Noticias,Alberto Viveros Noticias,≤100
101295992671758,Libertarismo México,México Libertario,≤100
215474162361086,Agenda Viral,Agenda Viral,≤100
103533465483263,Centro de Estudios y Capacitación Integral en Nutrición,Alfredo Esquivel Villeda,≤100
106178698930897,Preparatoria SEP en línea,Unidev Universidad SC,≤100
196493763808241,CEEY,CENTRO DE ESTUDIOS ESPINOSA YGLESIAS,≤100
104402255089316,Vigilante,Dreams Engine S.A de C.V.,≤100
1176628419094356,Navor Rojas,Cynthia Aylin Lopez Suárez,≤100
681291175575804,Visible,Lievant Studio,≤100
102141682723260,Panistas con Jorge Romero,Panistas con Jorge Romero,≤100
112039950452398,Abel Meza,Abel Palomera Meza,≤100
398748153472471,Fortia,Fortia Technology S.A de C.V,≤100
100106075878577,Noticias por la mañana,Diana Itzel Elbort Carrasco,≤100
156562731088277,"Equidad de Género, Ciudadanía, Trabajo y Familia","Equidad de Género, Ciudadanía, Trabajo y Familia",≤100
102842448953539,SOFIA GDB,Sofia Gdb,≤100
110510251325528,Red En Común,Red en Común,≤100
333932057250036,Alejandro Rojas Díaz Durán,ARDD,≤100
103008312077513,Juventud Morena,Miguel Angel Echeverria Trujeque,≤100
727958977345076,A lo tabasqueño,A Lo Tabasqueño,≤100
905324146270805,Carlos Quintana,Tropa Marketing,≤100
138054849601176,Unión Europea en México,Delegación de la Unión Europea en México,≤100
104839622123062,Enlace Noticias 1,Enlace Noticias,≤100
105251765700597,Bimboverso,Bimboverso,≤100
254852601222832,CEMEX México,These ads ran without a disclaimer,≤100
110763055151832,Preparatoria en línea SEP,UNIDEV Universidad SC,≤100
550298468487269,Adrián López López,Adrián López López,≤100
800707410035165,Ambito Treinta Dias,Brandon Yair Camarillo Amador,≤100
114354763298132,Ramírez Luna Corporativo,These ads ran without a disclaimer,≤100
185702296375261,Mexicómo,MEXICOMO,≤100
395943233826179,Zona Cero Izcalli,Hernesto Coello Hernandez,≤100
104770947977137,Grupo NAFA,These ads ran without a disclaimer,≤100
432923167438353,Jorge Hernández Aguilera,Julián Reynoso Mazoy,≤100
102255904996475,Geovanna Campos Vazquez,Julián Reynoso Mazoy,≤100
546436338821998,Film & Media,Rafa Devillamagallón,≤100
1510868879172929,FIrvin Matamoros,Wendy Carlos Garcia,≤100
349995665094283,Revolución TresPuntoCero,Revolución 3.0,≤100
101834625939212,Gestoría Social Para El Bienestar 1,Luis Felipe Benitez Gomez,≤100
108564901575978,Memorias de un Constituyente,Miguel C Manjarrez Alvarez,≤100
2004573189584629,Sinactraho México,Sindicato Nacional de Trabajadores y Trabajadoras del Hogar en México,≤100
1587273468223028,Misaj Becerra,Misaj Gonzalez Becerra,≤100
424799597729218,DIF Tequisquiapan,Redboxmex,≤100
148709191834718,Alcaldes de México,Alcaldes de México,≤100
105758251882852,Daniel Barreda Pavón,EstretagiaCam,≤100
104726975674582,Fitmacouple,Cardenas Lopez Jose Luis,≤100
1815088522093467,Favio Castellanos,Favio Castellanos Polanco,≤100
106874624023669,Madigen Marketing Digital,Charleaks Ruiz,≤100
198328023568183,Jorge G. Castañeda,Jorge Castañeda Gutman,≤100
1522904781338427,Periferia Veintiuno Noticias,Brandon Yair Camarillo Amador,≤100
106748222199853,Michelle Flores Vidal,Dante Alan Morales Taylor,≤100
111722236869896,Hugo Peñaloza,Victor Peñaloza Hernandez,≤100
108596299163827,Jericó Abramo Masso,Jerico Abramo Masso,≤100
100332908733199,Fundación Traxión,Fundación Traxión,≤100
1776223812696913,Daniel Altamirano,Daniel Altamirano,≤100
106338501265771,La punta y el iceberg,La punta y el iceberg,≤100
1707766152857114,Increíblemente Imperfecta,Giovanna Berenice Guevara Garcia,≤100
213247992038369,Academia de Ballet Felipe Méndez,Felipe Méndez,≤100
473280473089704,Aurelia Leal López,Juan Francisco Cazarez Buelna,≤100
101555818455943,"Rafael ""Rafa"" Ramírez",Jose Rafael Ramírez Morales,≤100
926952400656659,Román Cortés,Román Cortés,≤100
176047519101203,Códice Informativo,Códice Informativo,≤100
2098365173716028,Bien al Volante,"Hagámoslo Bien por una Cultura de la Legalidad, A.C.",≤100
100671096208741,Perfil Fronterizo al Momento,Perfil Fronterizo al Momento,≤100
828038113980808,Gobierno de Xochistlahuaca,Salo Pelaez,≤100
432986134103068,Estilo Ollin Yoliztli,These ads ran without a disclaimer,≤100
1978868395748917,Soy Incorruptible,Consejo de la Comunicación,≤100
111747610668938,Nota Online.,Nota Online.,≤100
111955468146149,Qro,These ads ran without a disclaimer,≤100
247091415478957,Lorena de la Garza Venecia,Lorena de la Garza Venecia,≤100
458070297649993,El Pípila.mx,El Pípila.mx,≤100
105548871464709,Politikmnte,Politikmnte,≤100
1464452090535253,Red Ciudadana,Red Ciudadana,≤100
1665012556889295,Gobierno Municipal de Acayucan,Kassandra Ivett Blanco Fabian,≤100
133059550071850,Gobierno de Guadalajara,Gobierno de Guadalajara,≤100
555030401187058,Manuel Scott S,Jesus Manuel Scott Sanchez,≤100
104748958622204,Celia Jáuregui Ibarra,CELIA JAUREGUI IBARRA,≤100
122154061801959,Colectivo Mujeres Cabeza de Familia,Yoxmex,≤100
208032075884221,Mario Mata Carrasco,Mario Mata Carrasco,≤100
106811552699981,Eduardo Rodriguez,Jose Eduardo Rodriguez Perez,≤100
100711195224121,Mexicanos por la 4T Jalisco,Abraham Heriberto Moreno Hernandez,≤100
345141859302704,Organización Soriana,These ads ran without a disclaimer,≤100
100223128841625,Rateros San Pancho,These ads ran without a disclaimer,≤100
228161003903917,Vallarta en Línea -  Informa en la bahía,Vallarta en Línea Comunicación,≤100
1991613317769430,Pao Arreola,Paola Alejandra Arreola Nieto,≤100
1329071977102915,Pacto Mundial México,"Red del Pacto Mundial de y en México, A. C.",≤100
1284654961674075,Pepe Toño Garcia,Pepe Toño Garcia,≤100
431863306973000,Trabuco Noticias,These ads ran without a disclaimer,≤100
164856266971710,Es lo Cotidiano,Es lo Cotidiano,≤100
831588320565611,Gobierno de Ciudad Madero 2021 - 2024,Gobierno Ciudad Madero 2021 - 2024,≤100
103328144621907,Diputada Evangelina Bustamante,Evangelina Bustamante,≤100
108625378759153,Preparatoria SEP Virtual,UNIDEV Universidad SC,≤100
100249195799116,econaissance_,These ads ran without a disclaimer,≤100
102271392144722,Quique Fans,Juan Manuel Miranda Ramirez,≤100
358607307547018,Evaluare,IEXE Universidad,≤100
1734083513565249,Hablemos Claro Noticias con Gastón Montaño,Gaston Wenceslao Montaño Alvarez,≤100
101938768900219,Nea,"Grit Payment Solutions, S.A.P.I. de C.V.",≤100
357785638352619,Eduardo Olmos Castro,Brecha Comunicación,≤100
104272608232696,Roberto Rodríguez Préstamos a Pensionados y Jubilados,Roberto Rodriguez Rojas,≤100
101799094892901,Diario Humano,Diario Humano,≤100
164183347562623,Denuncia México,euthenics,≤100
345156559163874,Norma Mejía Lira,Redboxmex,≤100
1093163384039096,Ángel García Yáñez,Ángel García Yáñez,≤100
104191448638211,JESUS TREJO Activista Ambiental,These ads ran without a disclaimer,≤100
822905401108747,PoderMX,PoderMX,≤100
100895811664500,Bombazos de venezuela online,These ads ran without a disclaimer,≤100
1625711204338572,Jazmín Villanueva Moo,Jazmín yaneli Villanueva moo,≤100
100557462202852,Gloria Miramontes,Brenda Cristina Martinez Leon,≤100
107619165512990,sana_conmucho_arte,These ads ran without a disclaimer,≤100
1727280190891954,FRANCE 24 Español,These ads ran without a disclaimer,≤100
106246311267414,Valeria Cruz Armendariz,Nubia De La Rosa,≤100
131314590235972,DW Español,These ads ran without a disclaimer,≤100
107146648867246,Your picnic,These ads ran without a disclaimer,≤100
136855919703691,SCHOTT CERAN international,These ads ran without a disclaimer,≤100
152914224736727,Banco Mundial,These ads ran without a disclaimer,≤100
101847392655199,Stylish space,These ads ran without a disclaimer,≤100
100357715349653,Noticias del Oso,These ads ran without a disclaimer,≤100
101847202731553,The cake,These ads ran without a disclaimer,≤100
105005599051829,Hunting,These ads ran without a disclaimer,≤100
105205682378654,Winafred Ramirez,These ads ran without a disclaimer,≤100
102153471654987,La vida en una historia.,These ads ran without a disclaimer,≤100