﻿Page ID,Page name,Disclaimer,Amount spent (ZAR)
1482645265280695,amandla.mobi,amandla.mobi,3024
1479166275635514,Western Cape Provincial Parliament,Western Cape Provincial Parliament,1683
109374997915302,Mayor Geordin Hill-Lewis,Mayor Geordin Hill-Lewis,890
144985128871748,City of Cape Town,City of Cape Town,621
195909420099,Solidariteit,Solidariteit,528
581475018952196,GOOD,Good Party,435
136956534616,Times LIVE,TimesLIVE,238
110901495091012,Crtve Development,Crtve Development with Facebook Ad credits,231
1613030308842801,Democratic Alliance Western Cape,Democratic Alliance,205
2145594122138312,Action Society,Action Society,123
112315630440653,Cape Independence Advocacy Group,Cape Independence Advocacy Group,≤100
119736861394881,Financial Mail,BusinessLIVE,≤100
116657351312927,Pledge To Vote SA,Pledge to Vote,≤100
106172744063430,The Daily Friend,The Daily Friend,≤100
153911331339003,ACDP Western Cape,African Christian Democratic Party,≤100
10150139011205084,Cape Independence Party - Vote Capexit,Cape Independence Party,≤100
105758608971668,Free Speech Union South Africa,Free Speech Union South Africa,≤100
86579745433,South African Institute of Race Relations,South African Institute of Race Relations,≤100
115864538089777,Dear SA - Have Your Say,Dear S Africa,≤100
111455384155,Partners in Sexual Health,Partners in Sexual Health,≤100
134187920103120,Dr. J. Reid (Neurologist),Johan Reid,≤100
109136451414156,Educate Don't Indoctrinate,Educate Don't Indocrinate,≤100
123971017684407,HeraldLIVE - Nelson Mandela Bay,HeraldLIVE,≤100
340889502671891,Tsebo Solutions Group,These ads ran without a disclaimer,≤100
285329935218383,Dr. Zamani Saul Page,These ads ran without a disclaimer,≤100
629021617133721,Judges Matter,Judges Matter,≤100
434577883273454,Sihle Zikalala,Sihle Zikalala,≤100
115591005188475,Global Times,These ads ran without a disclaimer,≤100
1744911689126391,12up,These ads ran without a disclaimer,≤100
144450262776,Great Wine Capitals Global Network,These ads ran without a disclaimer,≤100
108625789179165,Soi Dog Foundation,These ads ran without a disclaimer,≤100
102635655320437,Number Match - Logic Puzzle Game,These ads ran without a disclaimer,≤100
112677355040402,MelaEducate,These ads ran without a disclaimer,≤100
104050689270424,Liberty & Justice,These ads ran without a disclaimer,≤100