﻿Page ID,Page name,Disclaimer,Amount spent (GTQ)
167924689961661,Unidad Nacional de la Esperanza,Unidad Nacional de la Esperanza,873
1911003529195315,Roberto Arzú,Roberto Arzú García-Granados,≤100
106908785419555,Goberna Guatemala,Goberna,≤100
107964338810168,Hijos de Dios,Hijos de Dios,≤100
187073013532,Partido VIVA,Partido Político Visión con Valores,≤100
101731272777548,Proclamando Salvación,Proclamando Salvación,≤100
541367636802117,Cristianos de Guatemala,Cristianos de Guatemala,≤100
331961940541181,Partido Victoria,Partido Político Victoria,≤100
104917155362067,Roberto Arzu García-Granados,Roberto Arzú García-Granados,≤100
1630952833827354,Armando Castillo,Armando  Damian Castillo Alvarado,≤100
281554395331686,República,"Republica GT, S.A.",≤100
135019416549522,La Hora,La Hora,≤100