﻿Page ID,Page name,Disclaimer,Amount spent (USD)
648941691867874,Kroko ក្រគរ កែវ រតនៈ,Kroko ក្រគរ កែវ រតនៈ,≤100
561034580603226,គីម រិទ្ធី - Kim Rithy,គីម រិទ្ធី - Kim Rithy,≤100
116704241030099,ក្រុមការងារចុះមូលដ្ឋានសង្កាត់បឹងសាឡាង,ក្រុមការងារចុះមូលដ្ឋានសង្កាត់បឹងសាឡាង,≤100
1995251780700007,បណ្ឌិត ងិន បាណាល់ - Dr. NGIN Banal,បណ្ឌិត ងិន បាណាល់ - Dr. NGIN Banal,≤100
106743048030651,ក្រុមការងារគណបក្សប្រជាជនកម្ពុជា ក្រុងបាត់ដំបង,ក្រុមការងារគណបក្សប្រជាជនកម្ពុជា ក្រុងបាត់ដំបង,≤100
165219820677952,លូ គឹមឈន់ - Lou Kimchhun,លូ គឹមឈន់ - Lou Kimchhun,≤100
101029751624330,គង់ សោភ័ណ្ឌ អភិបាលខេត្តកណ្តាល Kong Sophorn Governor of Kandal Province,គង់ សោភ័ណ្ឌ អភិបាលខេត្តកណ្តាល Kong Sophorn Governor of Kandal Province,≤100
558050957660331,ព្រឹទ្ធសភាកម្ពុជា Senate of Cambodia,ព្រឹទ្ធសភាកម្ពុជា Senate of Cambodia,≤100
353597324672004,You Can Win,These ads ran without a disclaimer,≤100
1616943685248023,គ្រួសារកក់ក្តៅ OnlineShop,These ads ran without a disclaimer,≤100
110372271312240,ក្រុមការងារអភិវឌ្ឍយុវជនខេត្តព្រៃវែង,ក្រុមការងារអភិវឌ្ឍយុវជនខេត្តព្រៃវែង,≤100
106374614548737,ខេមបូចា ព័ត៌មាន,ខេមបូចា ព័ត៌មាន,≤100
116613175028420,វិទ្យុស្ត្រី Women's Radio,វិទ្យុស្ត្រី Women's Radio,≤100
107248224050954,ឡុង នរិន្ទ - Long Norrin,ឡុង នរិន្ទ - Long Norrin,≤100
219779514869475,រដ្ឋបាលរាជធានីភ្នំពេញ,រដ្ឋបាលរាជធានីភ្នំពេញ,≤100
271082999713221,CCFR,CCFR,≤100
252643172054380,បណ្ឌិត លី រិទ្ធ -Dr. LY Rith,These ads ran without a disclaimer,≤100
1129900250496858,EBo_Bookstore,EBo_Bookstore,≤100
1309741899186397,CamboJANews,CamboJANews,≤100
844603092353014,ជា ពិសី - Chea Pisey,ជា ពិសី - Chea Pisey,≤100
615040838898606,Angry Birds Dream Blast,These ads ran without a disclaimer,≤100
110066032066455,Then let’s,These ads ran without a disclaimer,≤100