﻿Page ID,Page name,Disclaimer,Amount spent (EUR)
1977684662509834,Herbert Kickl,FPÖ,≤100
106496315611174,DasOhr.at,ecowind Handels-& Wartungs-GmbH,≤100
107152329360788,Arbeiterkammer,Arbeiterkammer,≤100
2296022657123171,Neue Zeit Kärnten,Neue Zeit,≤100
162282402150706,exxpress.at,web eXXpress Medien Holding GmbH,≤100
63702522062,WWF Austria,WWF Österreich,≤100
556052651431075,Advantage Wirtschaftsmagazin,Advantage Wirtschaftsmagazin,≤100
32984679070,Greenpeace Österreich,Greenpeace Österreich,≤100
237290919634390,SPÖ Burgenland,SPÖ Burgenland,≤100
59212737281,UNICEF Österreich,UNICEF Österreich,≤100
734854246865054,Voluntary Return,"Bundesministerium für Inneres; Co-funded by the Asylum, Migration and Integration Fund of the European Union",≤100
21759893033,Die Grünen,Die Grünen,≤100
148493388624857,Erste Asset Management,These ads ran without a disclaimer,≤100
177249618154,Wirtschaftskammer Kärnten,Wirtschaftskammer Kärnten,≤100
136345101209,VGT Austria,VGT Austria,≤100
20236828906,BIBER,BIBER,≤100
327450964017497,NEOS,NEOS,≤100
112115411309958,Manuel Krautgartner,MFG Österreich – Menschen Freiheit Grundrechte,≤100
1648447185409375,"Bundesministerium für Land- und Forstwirtschaft, Regionen und Wasserwirtschaft","Bundesministerium für Land- und Forstwirtschaft, Regionen und Wasserwirtschaft",≤100
179085222154531,ÖGB,ÖGB,≤100
104154461506251,Josef Ofner,Josef Ofner,≤100
131167621794613,Verpackung mit Zukunft,Plattform Verpackung mit Zukunft,≤100
163811269488,CARE Österreich,CARE Österreich,≤100
109672702045646,Facts For Green Mobility,Österreichischer Luftfahrtverband,≤100
1553709981598439,Bundesministerium für Arbeit und Wirtschaft,Bundesministerium für Digitalisierung und Wirtschaftsstandort,≤100
149802131800680,Transgourmet Österreich,Transgourmet Österreich GmbH,≤100
120946906485599,Zumglueck.jetzt,Verein ZUMGLUECK.JETZT – Initiativen zur Veredelung der Zeit,≤100
1660071144087431,Karl Nehammer,Volkspartei,≤100
328839920495984,Ölz Meisterbäcker,Ölz Meisterbäcker,≤100
106562532744419,Stadt Graz,Stadt Graz,≤100
204532472901378,Arbeiterkammer Vorarlberg,AK Vorarlberg,≤100
111997548180657,Materie,NEOS Parlamentsklub,≤100
559467731640968,Neue Zeit Oberösterreich,Neue Zeit,≤100
226524850754047,Diözese St. Pölten,Diözese St. Pölten,≤100
205710866133426,klimaaktiv,"Bundesministerium für Klimaschutz, Umwelt, Energie, Mobilität, Innovation und Technologie (BMK)",≤100
111639237974851,Dagmar Häusler,MFG Österreich – Menschen Freiheit Grundrechte,≤100
312134126182731,Arbeit&Wirtschaft Magazin,Arbeit&Wirtschaft Magazin,≤100
106038505777460,,These ads ran without a disclaimer,≤100
127439851282095,Frauen in Graz,Referat für Frauen und Gleichstellung,≤100
1383204731898658,Agenda Austria,Agenda Austria,≤100
122412159395,LIMESODA,LIMESODA,≤100
1378265592489944,Neue Zeit,NeueZeit.at,≤100
111392511033485,𝑴𝑭𝑮 - 𝗠𝗲𝗻𝘀𝗰𝗵𝗲𝗻 𝗙𝗿𝗲𝗶𝗵𝗲𝗶𝘁 𝗚𝗿𝘂𝗻𝗱𝗿𝗲𝗰𝗵𝘁𝗲,MFG Österreich,≤100
108940847901742,Wolfgang Kieslich,Wolfgang Kieslich,≤100
1673371229636129,Pamela Rendi-Wagner,SPÖ,≤100
364093897023468,FSG - Fraktion Sozialdemokratischer GewerkschafterInnen,FSG,≤100
101882968344032,WIR - die Bürgerlisten,Martin Gollner,≤100
118665682807424,Moment Magazin,Momentum Institut,≤100
1806220812928034,Unser Vorarlberg,Unser Vorarlberg,≤100
1079650008770485,kontrast.at,kontrast.at,≤100
2086166461630977,Verkehrswirtschaft Österreich,Bundessparte Transport und Verkehr Wirtschaftskammer Österreich,≤100
104525294314108,Wärme aus Holz,Österreichischer Biomasse-Verband,≤100
100941259620525,Fortuna Shop,Gabriel Braun,≤100
103606522565139,Oecolution Austria,oecolution austria - Initiative zur nachhaltigen Standortentwicklung,≤100
142219720868,SPÖ Salzburg - Team David Egger,SPÖ Salzburg,≤100
1130218453768344,DADAT Bank,Saskia Julia Sirowatka,≤100
158563547497792,futurezone.at,KURIER Medienhaus,≤100
248450014269,ServusTV,ServusTV,≤100
126246054600,ERSTE Foundation,ERSTE Foundation,≤100
106290684843896,proHolz Austria,proHolz Austria - Arbeitsgemeinschaft der österreichischen Holzwirtschaft,≤100
271436408372,Die Transporteure,Fachverband Güterbeförderung,≤100
2548846028523686,USR PLUS Austria,Partidul Uniunea Salvati Romania,≤100
102840828452097,Katharina Krammer,Katharina Krammer,≤100
105798936110114,SalzburgMilch,SalzburgMilch GmbH,≤100
120078214745250,FREDA,FREDA - Die Grüne Zukunftsakademie,≤100
66095458281,Mario Kunasek,FPÖ Steiermark,≤100
555175241187633,Siemens Österreich,Siemens Österreich,≤100
153398965289347,Stefan Hermann,FPÖ Steiermark,≤100
404854003180243,Zukunft Grünes Gas,Zukunft Grünes Gas,≤100
125475890831689,Cayenne Marketingagentur GmbH,Cayenne Marketingagentur GmbH,≤100
656321754499493,ÖH Donau-Uni Krems,ÖH Donau-Uni Krems,≤100
456681887737163,Arbeit&Wirtschaft Blog,Arbeit&Wirtschaft Blog,≤100
111571508537980,Der Sekundärrohstoffhandel,Fachausschuss Sekundärrohstoffhandel,≤100
106762841405635,Neue Heimat Tirol,Neue Heimat Tirol,≤100
271436408372,Die Transporteure,These ads ran without a disclaimer,≤100
1450685208578588,NHP Rechtsanwälte,NHP,≤100
187626534620326,Europäische Kommission - Vertretung in Österreich,Europäische Kommission - Vertretung in Österreich,≤100
1191069924286691,CONDA,These ads ran without a disclaimer,≤100
575477015936411,BMI - Bundesministerium für Inneres,BMI - Bundesministerium für Inneres,≤100
371579379524511,Wollywood by Thomas Wollner,Thomas Wollner,≤100
307504992787396,Energiecamp Holzwelt Murau,Energiecamp Holzwelt Murau,≤100
230725004508,Freiheitliche Wirtschaft - FW Österreich,Freiheitliche Wirtschaft Österreich,≤100
133148385584650,Andreas Arthur Spanring,Andreas Spanring,≤100
181380276584,Arbeiterkammer Salzburg,Arbeiterkammer Salzburg,≤100
139500159424855,Market Institut,market Marktforschungs-Ges.m.b.H. & Co.KG,≤100
203648343900979,Österreichische Akademie der Wissenschaften,Österreichische Akademie der Wissenschaften,≤100
524715477879465,Stefan Schnöll,Salzburger Volkspartei,≤100
103362667823160,BIO OIL - from waste to energy,BIO OIL - from waste to energy,≤100
108245655955953,Rieder facades,These ads ran without a disclaimer,≤100
1524117307669092,Verein NEUSTART,Verein NEUSTART,≤100
376211812569,Tenne Bad & Fliesen,These ads ran without a disclaimer,≤100
1043694979020538,David Stögmüller,David Stögmüller,≤100
107893377544554,Gesunde Arbeit,Gesunde Arbeit,≤100
460710870691635,Kommunal,Kommunal,≤100
101851058454164,Wald4Leben,Wald4Leben GmbH,≤100
756487034437356,Beton Dialog Österreich,Beton Dialog Österreich,≤100
178362315106,European Parliament,European Parliament,≤100
108407192150886,Neue Zeit Tirol,Neue Zeit,≤100
284524533339913,Kleinwasserkraft,Kleinwasserkraft Österreich,≤100
107926434689008,IFDD - Institut für Demoskopie und Datenanalyse,IFDD - Institut für Demoskopie und Datenanalyse GmbH,≤100
100110106025751,Versicherungsagenten Oberösterreich,Versicherungsagenten Oberösterreich,≤100
113012851709335,ACKER Magazin,ACKER Medien GmbH,≤100
1511744729150750,Verbraucherschutzverein,VSV - Verbraucherschutzverein,≤100
106521958349398,Marktgemeinde Premstätten,Marktgemeinde Premstätten,≤100
1710615845922139,Gewerbliche Dienstleister OÖ.,WKOÖ - Gewerbliche Dienstleister Oberösterreich,≤100
441927269154538,Wandel,Wandel,≤100
200448920467223,Lungauer Volkspartei,Lungauer Volkspartei,≤100
134093926635579,Grüne Wirtschaft,Grüne Wirtschaft,≤100
122432717779,ÖH - Österreichische Hochschüler_innenschaft,ÖH - Österreichische Hochschüler_innenschaft,≤100
543962332603765,"WKOÖ Landesgremium Versand-, Internet- und allgemeiner Handel","WKOÖ Landesgremium Versand-, Internet- und allgemeiner Handel",≤100
1945277729020140,Barbara M. Thaler,Barbara Thaler,≤100
595635963847406,ULB - Unabhängige Liste Bleiberger Tal,Christian Hecher,≤100
912354165459699,SPÖ Stadtorganisation Amstetten,SPÖ Stadtorganisation Amstetten,≤100
282064592970,Kobuk,Kobuk,≤100
1203209286460972,Alexander Brüll,These ads ran without a disclaimer,≤100
185844928184072,BE Salzburg - Berufsgruppe für Elementarpädagogik Salzburg,BE Salzburg - Berufsgruppe für Elementarpädagogik Salzburg,≤100
1756026008024095,Ewa Ernst-Dziedzic,Ewa Ernst-Dziedzic,≤100
101203169329985,3Bee,These ads ran without a disclaimer,≤100
138841296768817,ummadum,ummadum Service GmbH,≤100
238409720003256,Josef Cap,Josef Cap,≤100
173118494488,Arbeiter-Samariter-Bund Österreichs,Arbeiter-Samariter-Bund Österreichs,≤100
457682787636207,Gerald Loacker,Gerald Loacker,≤100
108821284634307,Puhm Plastics & Recycling,These ads ran without a disclaimer,≤100
108410167265651,Hannes Schwarz,SPÖ Steiermark,≤100
107538569291611,Arbeiterkammer Steiermark,These ads ran without a disclaimer,≤100
206742036059576,tieranzeigen.at,tieranzeigen.at,≤100
1467986946803100,Die Grünen Neulengbach,Claudia Anderl,≤100
349013259467,ACN – Kirche in Not,KIRCHE IN NOT,≤100
544839015887197,OCHSNER Wärmepumpen GmbH,These ads ran without a disclaimer,≤100
144709575593854,EESC - European Economic and Social Committee,EESC - European Economic and Social Committee,≤100
106263184944570,Neue Zeit Niederösterreich,Neue Zeit,≤100
129438477106157,Karl-Renner-Institut,Karl-Renner-Institut,≤100
169051073236170,FPÖ,FPÖ,≤100
527351247377965,European Committee of the Regions,European Committee of the Regions,≤100
101173841460877,Pandafilm,Pandafilm,≤100
104349791806207,Neue Zeit Burgenland,Neue Zeit,≤100
106185439068777,Cowboybay,These ads ran without a disclaimer,≤100
1917715138510680,Follow Your Legend,These ads ran without a disclaimer,≤100
215479992305641,Becoming Young,These ads ran without a disclaimer,≤100