﻿Page ID,Page name,Disclaimer,Amount spent (TND)
112757083778788,"Economic Daily, China",These ads ran without a disclaimer,≤100
1798900147035859,What The FAKE,These ads ran without a disclaimer,≤100
999188666785524,阿里巴巴集團,These ads ran without a disclaimer,≤100
866793516698720,Mohamed Ayachi Ajroudi,These ads ran without a disclaimer,≤100
1407316266166963,Jetcraft,These ads ran without a disclaimer,≤100
223495844457800,China Plus Culture,These ads ran without a disclaimer,≤100
1877361012493253,China Mosaic,These ads ran without a disclaimer,≤100