﻿Page ID,Page name,Disclaimer,Amount spent (TND)
141662475911566,Instance Supérieure Indépendante pour les Élections - ISIE,Instance Supérieure Indépendante pour les Élections - ISIE,139
101416266129939,ياسين مامي - Yassine Mami,Hammamet Informatique Services,≤100
166178460072395,اليونيسف بالعربية - UNICEF in Arabic,اليونيسف باستخدام اعتمادات الإعلان على الفيسبوك,≤100
124252504303223,UNICEF (FR),UNICEF avec des crédits publicitaires Facebook,≤100
562060647164742,IIDebate - International Institute of Debate,Rafik Akili,≤100
68793499001,UNICEF,UNICEF with Facebook Ad Credits,≤100
194562360560959,Mada Center Qatar,These ads ran without a disclaimer,≤100
100486638208139,أصدقاء عبد القادر بن زينب,These ads ran without a disclaimer,≤100
167878593236712,UNICEF en español,UNICEF con créditos publicitarios de Facebook,≤100
123492901131057,TechCabal,These ads ran without a disclaimer,≤100
190126634445277,Africa Defense Forum ADF Magazine,These ads ran without a disclaimer,≤100
316496640057,7iber,These ads ran without a disclaimer,≤100
111491464801745,Learn English with Riadh,These ads ran without a disclaimer,≤100
107753762060349,MAKE MDPI,These ads ran without a disclaimer,≤100