﻿Page ID,Page name,Disclaimer,Amount spent (EUR)
86874647886,Net.hr,Net.hr,≤100
1781165065440754,N1 Hrvatska,N1 Hrvatska,≤100
163908197037158,Centar za mirovne studije,Centar za mirovne studije,≤100
688325737947866,Telegram.hr,Telegram Media Grupa,≤100
178362315106,European Parliament,European Parliament,≤100
129634970518,SDP Hrvatske,SDP Hrvatske,≤100
122081620813,DNEVNIK.hr,NOVA TV,≤100
105958751249374,Energia naturalis,Energia naturalis d.o.o.,≤100
54779960819,United Nations,United Nations with Facebook Ad Credits,≤100
63044235866,UN Climate Change,UN Climate Change with Facebook Ad Credits,≤100
110933407315208,Hrvatski-glasnik,hrvatski glasnik,≤100
105129271272621,Vesna Vučemilović,HRVATSKI SUVERENISTI,≤100
102198203158768,AgroKlub.com,Agroklub d.o.o.,≤100
1487935214842281,Faktograf.hr,Faktograf.hr,≤100
959064840959691,Igor Skoko,Skoko Igor,≤100
109420188426263,VIDA,Vida produkcija,≤100
106928174232844,Domovinski pokret,Domovinski pokret,≤100
111584317974017,MetalProdukt.hr,Sebastijan Ćuk,≤100
100965209562407,"Dragica Trumbetaš, predsjednik stranke Hoćemo pravedno",These ads ran without a disclaimer,≤100
103411068843902,Socijaldemokrati,Udruga Socijaldemokrati,≤100
1665775650371580,Gradonačelnik.hr,Gradonačelnik.hr,≤100
113001768735420,IDE3 IT,IDE3,≤100
210627425725812,Studentski.hr,Studentski.hr,≤100
147547541961576,Council of the European Union,Council of the European Union,≤100
1774280616174279,OPG Trgovec - aronija i jabuka,Nedeljko Trgovec,≤100
557380674743985,BasketBoy,These ads ran without a disclaimer,≤100
101971048046703,Your Daily Game Face,These ads ran without a disclaimer,≤100