﻿Page ID,Page name,Disclaimer,Amount spent (IDR)
23383061178,Prabowo Subianto,indonesia Adil makmur,191337
173996829810061,Ryan F Kono,"Ryan Fahrichsan Kono, B.Com",146643
101367882644316,GP Gorontalo,Ganjar Nusantara Indonesia,97908
40841178757,Elnino Mohi,Elnino Mohamad Husein Mohi,22134
320858334728047,Partai Solidaritas Indonesia,Partai Solidaritas Indonesia,21284
526765274016858,DPD Gerindra Gorontalo,Elnino Mohamad Husein Mohi,19354
104054595928021,Bakti Untuk Rakyat,Bakti Untuk Rakyat,17368
105818752347206,Teman Airlangga Hartarto,Teman Airlangga Hartarto,10687
104708079203574,Airlangga Hartarto 2024,Yayasan Infobox,6335
102712985995817,Sobat Airlangga Hartarto,Sobat Airlangga Hartarto,5808
217841272115804,Kabar Golkar,Yayasan Kabar Golkar,4922
111864151754055,Esensi TV,Esensi Tv,4873
102317908914727,Climate Justice Indonesia,Climate Justice Indonesia,4762
197545083607941,Harian Kompas,Harian Kompas,4729
104054595928021,Bakti Untuk Rakyat,Fahmi Husaini Sanum,4723
103290336009963,Akbar Faizal Uncensored,Yayasan Infobox,4058
104427162506872,Fakta Anies,Fakta Anies,2507
101679818973699,Sahabat Ganjar Pranowo,John Kamnahas,1421
101355948222111,Golkar Indonesia,Golkar Indonesia,1125
101041975397915,Indonesia Satu,Bayu Wicaksono,1119
225743208016201,Grace Anastasia PSI,Partai Solidaritas Indonesia,1112
109080054719110,Jakarta Trend,Bayu Wicaksono,1090
813887722072071,Yayasan Pundi Amal Bakti Ummat,Yayasan Pundi Amal Bakti Ummat,844
108156498584853,Tetap Puan,Marabunta Family Cyber,784
112417251582480,APEL - Aplikasi Pemenangan Eksekutif & Legislatif,APEL - Aplikasi Pemenangan Eksekutif & Legislatif,782
104427162506872,Fakta Anies,Harian Politik,779
104830667806476,Melihat Indonesia,Ganjar Nusantara Indonesia,654
110865154735990,Koran Harian Tanah Air,Muhammad Miftakhunnaim,616
109083348423534,Untuk Rakyat,Muhammad Miftakhunnaim,595
1025300124169519,Mitsubishi Motors,These ads ran without a disclaimer,336
882638978454921,Raja Juli Antoni,Raja Juli Antoni,321
101760624522103,DPP Banteng Muda Indonesia,Farid Wahyudi,308
110952238516382,Kiki Daliyo,Dwi Wantoro,268
102273039070802,Info Terkini,Muhammad Miftakhunnaim,250
107799574074521,Rachmat Gobel Chanel,Alyun Hasan Hippy,250
444318475704011,Yayasan Bangun Kecerdasan Bangsa,Yayasan Bangun Kecerdasan Bangsa,244
112121101796090,Opini 2024,Juniar Dwi Harianto,241
102626198026698,Rika Sudjiman,Juniar Dwi Harianto,214
103581752405141,Sobar Harahap,Ganjar Nusantara Indonesia,190
101403669397488,Nikmatul Sugiyarto,Ganjar Nusantara Indonesia,170
102332655592625,BidikNews24.com,BidikNews24.com,169
312490859193724,mensbatik,Bayu Setayudha,166
39253583478,PDI Perjuangan,Muhammad Miftakhunnaim,150
102656349157647,Tugimanisme,Ganjar Nusantara Indonesia,149
104843487722931,Portal Islam id,Portal Islam ID,134
108346091544917,Katalis IA,IA-CEPA ECP Katalis,128
112376825007045,Dewi Juliani 2024,Dewi Juliani 2024,118
102497641558430,Indonesia Tolak HOAX,Muhammad Miftakhunnaim,105
110368964786452,Kemajuan Bersama,Muhammad Miftakhunnaim,≤100
545307895803249,Handaledukasi,These ads ran without a disclaimer,≤100
108571334357297,Melangkah Lebih Baik,Muhammad Miftakhunnaim,≤100
107161484460730,Sobat Erick 2024,Mohammad Izur Islami,≤100
107241861191421,Ilmu Tambang,Ilmu Tambang,≤100
110100218339060,Wahai Ibu Pertiwi,Muhammad Miftakhunnaim,≤100
106253264560859,Air Kami,Air Kami,≤100
100359258525418,Pemulihan Lebih Baik,Muhammad Miftakhunnaim,≤100
108695584343029,Baik Untuk Kita,Muhammad Miftakhunnaim,≤100
101076948451651,Masa Depan Kita,Muhammad Miftakhunnaim,≤100
111892958514648,erick_victory,These ads ran without a disclaimer,≤100
114460673670696,Pati Raya ID,Bayu Wicaksono,≤100
113058461386521,Mercusuar Indonesia,Bayu Wicaksono,≤100
103455996027814,rizkiakmanda,These ads ran without a disclaimer,≤100
100246718451350,Pekalongan Raya ID,Bayu Wicaksono,≤100
105913775468345,mybalipedia,These ads ran without a disclaimer,≤100
199627563398392,"The Master's Class, LifeChange Church Wichita",These ads ran without a disclaimer,≤100
526079487415848,XCMG Group,These ads ran without a disclaimer,≤100
103128059291677,Saaraba,These ads ran without a disclaimer,≤100
454753484561000,Embassy Of Ukraine In Vietnam,These ads ran without a disclaimer,≤100
113075401730717,Arrum Chitra Chairinnisa,These ads ran without a disclaimer,≤100