﻿Page ID,Page name,Disclaimer,Amount spent (VND)
100420138772362,Trung Tâm Thẩm Mỹ Hồng Hưng,These ads ran without a disclaimer,94400
106476091689860,Bartra Wealth Advisors,Bartra Wealth Advisors,9590
120235188603455,Thiên Mộc Hương - Agarwood Jewelry,These ads ran without a disclaimer,7376
105845511087981,TRUYỀN HÌNH AN VIÊN,TRUYỀN HÌNH AN VIÊN,4367
919479674872321,Báo Nghệ An,Báo Nghệ An,589
101865258169428,ĐEN Secondhand,ĐEN Secondhand,528
1507429892822619,BOM Money,BOM Money,459
1559873407572118,Đạo Diễn Linh Đồng,These ads ran without a disclaimer,206
144239423007,VOA Tiếng Việt,These ads ran without a disclaimer,≤100