﻿Page ID,Page name,Disclaimer,Amount spent (SEK)
161213770567846,Operation Smile Sverige,Operation Smile Sverige,4468
149155351773944,SEB,SEB,4307
608975645850217,Vattenfall,Vattenfall Sverige,3855
369122343101775,e.on,E.ON Sverige AB,2476
197334613725511,Act Svenska kyrkan,Act Svenska kyrkan,2333
109886133732943,RESCUE - Sverige,RESCUE - Sverige,1902
126567104406,Hyresgästföreningen,Hyresgästföreningen,1774
72659261793,Rädda Barnen,Rädda Barnen,1631
114526821939129,Arla,Arla,1564
371791194529,Världsnaturfonden WWF,Världsnaturfonden WWF,1349
369582590803,Dagens ETC,ETC-tidningarna,1212
122854408319,Hjärt-Lungfonden,Hjärt-Lungfonden,1178
68115370786,Läkare Utan Gränser (MSF),Läkare Utan Gränser/ Médecins sans Frontières (MSF Sweden),1106
111630258867610,Röda Korset,Röda Korset,949
1419307421424959,Demokraterna,Demokraterna,926
12690894340,Centerpartiet,Centerpartiet,743
149155351773944,SEB,Skandinaviska Enskilda Banken,624
101341883359561,Matsmart Sverige,Matsmart,600
162985227114132,Skellefteå Kraft,Skellefteå Kraft,600
382243262003,Plan International Sverige,Plan International Sverige,549
95735961890,Greenpeace Sverige,Greenpeace Sverige,466
279974638809211,Oxfam Sverige,Oxfam Sverige,449
130927360876045,Tidningen Näringslivet,Tidningen Näringslivet,439
186513678039755,Fortum,Fortum Sverige,401
128452220525979,CIVIL RIGHTS DEFENDERS,CIVIL RIGHTS DEFENDERS,398
175843834306,WaterAid Sverige,WaterAid Sverige,356
18880778360,ActionAid Sweden,ActionAid Sweden,327
387421644643053,Hyresgästföreningen BohusÄlvsborg-Skaraborg,Hyresgästföreningen BohusÄlvsborg-Skaraborg,320
188616781161573,World Animal Protection Sverige,World Animal Protection Sverige,309
59324455950,UNICEF Sverige,UNICEF Sverige,303
42676805259,Diakonia,Diakonia,288
90882504375,Svenskt Näringsliv,Svenskt Näringsliv,284
195379633820701,Svenskt Kött,Svenskt Kött,268
153028052500,Kvinna till Kvinna,Stiftelsen Kvinna till Kvinna,266
299065246064,"Seko, Service- och kommunikationsfacket","Seko, Service- och kommunikationsfacket",255
236221570038,BRIS: Barnens Rätt I Samhället,BRIS: Barnens Rätt I Samhället,241
203547006337155,Göteborgs Stadsmission,Göteborgs Stadsmission,235
276108117859,Svenska Afghanistankommittén,Svenska Afghanistankommittén,211
91818886532,We Effect,We Effect,211
212049035488183,The Hunger Project Sverige,The Hunger Project Sverige,202
110723197258182,Sverige inför verkligheten,Sverige inför verkligheten,200
167494870115948,Moderaterna i Lidköping,Moderaterna Lidköping,195
175873745789190,Vänsterpartiet Göteborg,Vänsterpartiet Göteborg,189
314872662206,Ekonomifakta,Ekonomifakta,171
178362315106,European Parliament,European Parliament,147
108242974113305,Plantmore - for climate,Plantmore - for climate,145
118090278221826,Erikshjälpen,Erikshjälpen,138
212604496324,Fackförbundet ST,Fackförbundet ST,135
296423575695,Afrikagrupperna,Afrikagrupperna,134
576845979156129,Techarenan,Techarenan,128
266170183550491,Nya Kompisbyrån,Nya Kompisbyrån,124
72832167834,Skattebetalarnas Förening,Skattebetalarnas Förening,116
106579105171694,ETC nyhetsmagasin,ETC Media AB,112
110945563616351,Elisabet Lann,Miriam Helena Lilja,109
271560012882635,Svenskt Näringsliv Västra Götaland,Svenskt Näringsliv Västra Götaland,107
273053169937029,ClimateHero,ClimateHero,105
8040892957,Socialdemokraterna,Socialdemokraterna,105
107081822705414,Småföretagarnas Riksförbund,Småföretagarnas Riksförbund,104
195221297179003,Ulricehamns kommun,Ulricehamns kommun,≤100
304506059702034,Tidningen Fönstret,Tidningen Fönstret,≤100
1531320107133721,Syre,Dagens O2 AB,≤100
1139097292843761,Kristdemokraterna Göteborg,Miriam Helena Lilja,≤100
1493256347570933,Frölunda Kulturhus,These ads ran without a disclaimer,≤100
965458110149319,Byggindustrin,Byggindustrin,≤100
655758061134956,Erikshjälpen Second Hand Borås,Caritha Felizia Michaela L Hilldén,≤100
534553447006742,Klimatklubben,Klimatklubben,≤100
328754490337,Vårdförbundet,Vårdförbundet,≤100
169905029701515,Trollhättans Stad,Trollhättans Stad,≤100
127063960674693,Svenska Freds- och Skiljedomsföreningen,Svenska Freds- och Skiljedomsföreningen,≤100
237146235237,Timbro,Tankesmedjan Timbro,≤100
899603916845362,JAG Personlig assistans,JAG Personlig assistans,≤100
277541019375317,Jämställdhetsmyndigheten,Jämställdhetsmyndigheten,≤100
592229251236244,SEM AB,SEM AB,≤100
103296115466644,Skattenytta,Kommissionen för Skattenytta,≤100
114262485262083,Konsumentverket,Konsumentverket,≤100
166406746310,Resumé,Resumé,≤100
163305633746125,Karneval förlag,Holviks,≤100
208751565805849,Stiftelsen Expo,Stiftelsen Expo,≤100
179931025357058,Kommunal,Kommunal,≤100
171919835807,TCO,TCO,≤100
129841741852473,Folkhälsodalen,Folkhälsodalen,≤100
239855722130,Nyhetsmagasinet Fokus,Fokus,≤100
539297539496434,Dagens Samhälle,Dagens Samhälle,≤100
103945879157509,Nordea Fonder,Nordea Funds AB,≤100
1633181116933852,SvD Junior,SvD Junior (SvD),≤100
355819811185620,Arba Kokalari,Moderaterna,≤100
163820136238,LO Sverige,Landsorganisationen Sverige,≤100
10150123858255327,Läkemedelsverket,Läkemedelsverket,≤100
130148200513245,Amazon Watch Sverige,Amazon Watch Sverige,≤100
192567580603,Ttela,TTELA,≤100
217391588404948,Katalys,Katalys,≤100
129016447116122,Aktuell Hållbarhet,Aktuell Hållbarhet,≤100
183959274989548,Landsbygdsnätverket,Landsbygdsnätverket,≤100
312084019369,Dagens Medicin,Dagens Medicin,≤100
1673788782717355,Helena Storckenfeldt,Helena B A Storckenfeldt,≤100
306583979393918,Fredens Hus,Fredens Hus,≤100
120745044633792,Lunds universitet,Lunds universitet,≤100
1592395117505407,Näringslivets medieinstitut,Näringslivets Medieinstitut,≤100
153270724787,Amnesty International Sverige,Amnesty International Sverige,≤100
329452290816078,Tidningen Market,Tidningen Market,≤100
120216874723147,Svenskt Sigill,Svenskt Sigill,≤100
1528125900743214,Effektiv Altruism Sverige,Effektiv Altruism Sverige,≤100
209271425846739,Open Doors Sverige,Open Doors Sverige,≤100
103953609645359,SCB - Statistiska centralbyrån,Statistiska centralbyrån,≤100
104928476281245,Ibn Rushd Studieförbund,Ibn Rushd Studieförbund,≤100
313423270889,Djurskyddet Sverige,Djurskyddet Sverige,≤100
113710601984970,Barnfonden,Barnfonden,≤100
166859653342254,Roks - mot mäns våld mot kvinnor,Roks - mot mäns våld mot kvinnor,≤100
212284955495610,Elektrikerna,Elektrikerna,≤100
673934839351112,Centerpartiet Skara,Centerpartiet Skara,≤100
323156205347,Vänsterpartiet,Vänsterpartiet,≤100
1447309755322652,Bostad 2030,Bostad 2030,≤100
273402369438867,By Billgren,By Billgren AB,≤100
498767116802809,Vänsterpartiet Region Stockholm,Vänsterpartiet Region Stockholm,≤100
325336474611258,Centerpartiet Partille,Centerpartiet,≤100
112644953916525,Facklig Vänster,Vänsterpartiet,≤100
78227917578,Bohusläningen,Bohusläningen,≤100
342952129133948,Kultur i Malmö,Kultur i Malmö,≤100
292556574856114,Socialdemokraterna i Arjeplog,Socialdemokraterna Arjeplog,≤100
109609604086656,Vejpkollen.se,Vejpkollen.se,≤100
841675695959993,Energiföretagen Sverige,Energiföretagen Sverige,≤100
495659120577,Karlstads universitet,karlstads universitet,≤100
709317875766999,Judisk Kultur i Sverige,Judisk Kultur i Sverige,≤100
448930418772405,I Perspektiv,Svevia,≤100
120477444659925,Svensk Handel,Svensk Handel,≤100
108795227704477,ألوان أوروبا Alwan Europe,ألوان أوروبا Alwan Europe,≤100
268608766607208,Svensk Tidskrift,Svensk Tidskrift,≤100
129664437103456,Medicinska fakulteten vid Lunds universitet,Medicinska fakulteten vid Lunds universitet,≤100
347852331958080,En Företagares Vardag,En Företagares Vardag,≤100
135062563176874,Utrikespolitiska Institutet,Utrikespolitiska Institutet,≤100
546786369109609,Centerpartiets internationella kansli,Centerpartiets internationella kansli,≤100
107898832590939,European Commission,European Commission,≤100
105847354209034,Protect the Forest - Sweden,Skydda Skogen,≤100
273249776157066,Vänsterpartiet Solna,Vänsterpartiet Solna,≤100
45101268520,SSU,SSU,≤100
101320658099429,Renoveringsraseriet,Renoveringsraseriet,≤100
114207471980575,Brightnestgroup,Brightnest,≤100
293099781096968,MATtanken,Landsbygdsnätverkets kansli,≤100
152953178070559,Kommunistiska Partiet,Kommunistiska Partiet,≤100
150909028299502,Jernkontoret,Jernkontoret,≤100
1432591790382295,ByMartinsdotter,By Martinsdotter,≤100
1413778618876526,StreetGäris,STREETGÄRIS,≤100
293679875824,Svenska FN-förbundet,Svenska FN-förbundet,≤100
182726910344,Hela Sverige Ska Leva,Hela Sverige Ska Leva,≤100
109151468296542,Partiet MoD,MoD Ideell förening,≤100
111005714391,Scouterna,Scouterna,≤100
637235366608588,studietid,#studietid,≤100
172964230195,Hallandsposten,Hallandsposten,≤100
175656912484553,Unionen,Unionen,≤100
690167674732029,Lena Hallengren,Socialdemokraterna,≤100
987676224611140,Demokrati utan gränser,Demokrati utan gränser,≤100
273254886116655,Motargument,Motargument,≤100
157426134878218,Bodens kommun,Bodens kommun,≤100
356032977210,Vi-skogen,Vi-skogen,≤100
352682608599,Vänsterpartiet Västerås,Vänsterpartiet,≤100
100274175084897,Scenario 2030,Senario 2030,≤100
111566022258925,Vänsterpartiet Skåne,Vänsterpartiet Skåne,≤100
223053457729155,Unga Örnar,Unga Örnars Riksförbund,≤100
106424948513158,Riksorganisationen för fortbildning om Förintelsen,Riksorganisationen för fortbildning för förintelsen,≤100
150820354221,"DIK - facket för kultur,  kommunikation och kreativ sektor",DIK,≤100
699733880123060,Tjejjouren i Lund - en transinkluderande jour,Tjejjouren i Lund,≤100
268593563268202,Kristdemokraterna Tyresö,Kennerberg Leif Robert,≤100
152085291138,Aktuellt i Politiken,Aktuellt i Politiken,≤100
1230018870391467,Medborgerlig Samling Uppsala,Medborgerlig Samling Uppsala Län,≤100
108216678020301,CGH & Jobbfrågan,Svensk Jobbdemokrati,≤100
376804565780243,Vänsterpartiet Södermalm,Vänsterpartiet Södermalm,≤100
237863203023150,Vänsterpartiet Umeå,Vänsterpartiet Umeå,≤100
141018729443,Hallands Nyheter,Hallands Nyheter,≤100
17775970938,Cancerfonden,Cancerfonden,≤100
287880713020478,Rörelsen,Peter Gustavsson,≤100
902764029818093,Child10,These ads ran without a disclaimer,≤100
108492218918,IF Metall,IF Metall,≤100
160001517457466,HeadBrands,These ads ran without a disclaimer,≤100
105172765831331,Vafa Sadat Farizani,These ads ran without a disclaimer,≤100
407290589320311,ABF Örebro län,Mikael Runesson,≤100
147547541961576,Council of the European Union,Council of the European Union,≤100
108776415484952,Новости дня,These ads ran without a disclaimer,≤100
205694696286520,"Polska Szkoła Internetowa ""Alfa i Omega""",These ads ran without a disclaimer,≤100
102582072617001,Yey Story,These ads ran without a disclaimer,≤100
226830347447361,NordVPN,These ads ran without a disclaimer,≤100
1564344927175199,European Summer School Prague,These ads ran without a disclaimer,≤100
191950858154489,DAY ET,These ads ran without a disclaimer,≤100
1660503167526898,DSTA Defence Science and Technology Agency,These ads ran without a disclaimer,≤100