﻿Page ID,Page name,Disclaimer,Amount spent (EUR)
133044800622,Greenpeace España,Greenpeace España,≤100
57845333112,Save the Children España,Save the Children España,≤100
306840072990831,Socios Cruz Roja,Socios Cruz Roja,≤100
78151799929,Amnistía Internacional España,Amnistía Internacional España,≤100
1549407258706617,"Fundación ""la Caixa""","Fundación ""la Caixa""",≤100
178362315106,European Parliament,European Parliament,≤100
132591756789822,Eroski,Laura Lopez Rodriguez,≤100
1440878759561839,WeMove Europe,WeMove Europe,≤100
107079965569818,Nomastrata,Asociación Nueva Vida,≤100
276999106249,Asociación Española Contra el Cáncer,Asociación Española Contra el Cáncer,≤100
11473659787,Educo,Educo,≤100
815597255122198,Osoigo,Osoigo,≤100
94118672764,ACNUR Comite español,ACNUR Comite español,≤100
202447319800107,Sercan,Manuel Gutiérrez Gutiérrez,≤100
169915749735403,CEAR,CEAR,≤100
467925280299505,Médicos Sin Fronteras España,Médicos Sin Fronteras España,≤100
112921490496663,Izquierda Unida Castro-Urdiales,Izquierda Unida Cantabria,≤100
366619768708,Plan International España,Plan International España,≤100
147547541961576,Council of the European Union,Council of the European Union,≤100
20108693880,Oxfam Intermón,Oxfam Intermón,≤100
116136108464509,CaixaBank,CaixaBank,≤100
245741112112300,Ayuda En Acción,Ayuda En Acción,≤100
107898832590939,European Commission,European Commission,≤100
821902454827883,Wave Of Change,Wave of Change,≤100
47896270298,Iberostar Hotels & Resorts,Iberostar Hotels & Resorts,≤100
111892984250,Fundación World Vision España,Fundación World Vision International,≤100
113760931412,Acción contra el Hambre España,Acción contra el Hambre España,≤100
105847949124690,Ask AI - Free Chat GPT App,These ads ran without a disclaimer,≤100
1549407258706617,"Fundación ""la Caixa""",These ads ran without a disclaimer,≤100
110744281664042,Sumar,Sumar,≤100
1772591363067613,Revo Prosperidad Sostenible,Revo Prosperidad Sostenible,≤100
95878687102,Fundación Vicente Ferrer,Fundación Vicente Ferrer,≤100
213086312044776,Aldeas Infantiles SOS de España,Aldeas Infantiles SOS de España,≤100
131231529742,Fundación Anesvad,Fundación Anesvad,≤100
175357075823543,CRIS contra el Cancer,CRIS contra el Cancer,≤100
100520118700138,Biodiverso Cosmetic,These ads ran without a disclaimer,≤100
252866844763369,COCEMFE,COCEMFE,≤100
70020937349,SEO/BirdLife,SEO/BirdLife,≤100
139153867956,Fundació Pasqual Maragall,Fundación Pasqual Maragall,≤100
341793479830142,Padrinos por la Discapacidad,FUNDACIÓN JUAN BONAL,≤100
176592142419661,Holaluz,HolaLuz.com,≤100
117887575012127,Leche Pascual,Leche Pascual,≤100
711070775679625,Huawei Spain,Huawei Spain,≤100
101812872336696,Alivia,Fundación Alivia España,≤100
101810324996809,Capital Energy,Capital Energy,≤100
183202371808498,EH Bildu,EH Bildu,≤100
471951929539262,Energia_Vital,Francisco Jose Perez Cuevas,≤100
106657974847796,Junior Report,Junior Report,≤100
105901480793722,TotalEnergies,TOTALENERGIES MARKETING ESPAÑA SAU,≤100
120104454689359,MAPFRE,MAPFRE,≤100
244777995534742,Ayuda a la Iglesia Necesitada - ACN España,Ayuda a la Iglesia Necesitada,≤100
259065950870033,Multiservicio Rural,Multiservicio Rural,≤100
131917366935150,Zurich,Zurich,≤100
209596949081406,Fundación ANAR,Fundación ANAR,≤100
179666655404875,Comisión Europea en España,Comisión Europea en España,≤100
105484811020545,Ecólatras,Ecólatras,≤100
57973661707,WWF España,WWF España,≤100
228545230545402,Manos Unidas,Manos Unidas,≤100
138311156188297,Fundación Cajasol,Fundación Cajasol,≤100
105664031745,UNRWA.es,UNRWA España,≤100
392666127586890,OpenMind,BBVA,≤100
1540044216258135,"Paco Ferreira, Alcalde Gondomar",Juan Francisco Ferreira Gonzalez,≤100
553983948100016,Músicos por la Salud,Fundación Social District (Músicos por la Salud),≤100
107173565608667,Sideral,These ads ran without a disclaimer,≤100
174696652583261,Fundación Aladina,Fundación Aladina,≤100
105848177845789,All Out en español,All Out en español,≤100
796716270345901,Ecoforest,Ecoforest,≤100
103117414816675,LivingChar,These ads ran without a disclaimer,≤100
128142261270017,Fundación Repsol,Fundación Repsol,≤100
400445143359153,Fundació Silvestre,Fundació Silvestre,≤100
289383587742465,Por Talento,Por Talento,≤100
104626078500694,Theramex Spain,Theramex Healthcare Spain SLU,≤100
764841146997173,En EPOC el Cero Cuenta,Esther Palma Ferrera,≤100
189715157717723,La Región,La Región,≤100
113092447385,Twenergy,Ana Pascua,≤100
45817335745,Entreculturas,Entreculturas,≤100
134590246581400,Parlament Europeu a Barcelona,Parlament Europeu a Barcelona,≤100
340569499642887,In Género,In Género,≤100
246323675530143,PP Cádiz Capital,Partido Popular de Cádiz,≤100
106609768496950,Greener,These ads ran without a disclaimer,≤100
204908063581126,Generación SAVIA,Generación SAVIA - Fundación Endesa,≤100
104826970949647,Carmen Álvarez,IU Sanlúcar GM,≤100
125533381867,pisos.com,These ads ran without a disclaimer,≤100
103156448848373,El Pi Calvià,Gael Aline Thyus Vieville,≤100
639767516507892,Ajuntament de Riudecanyes,Ariadna Cortiella Roigé,≤100
139153867956,Fundació Pasqual Maragall,Fundació Pasqual Maragall,≤100
110012967609,Mundo Cooperante,Maria Belen Robles Gonzalez,≤100
100989498230413,Al Descubierto,Adrián Juste Agulló,≤100
103383358593357,Fundación para la Ciudadanía Global,Fundación para la Ciudadanía Global,≤100
140759026689373,EuroBasque,These ads ran without a disclaimer,≤100
522165734963300,USR Spania și Portugalia,Partidul Uniunea Salvați România,≤100
489112678552717,Segovia Decide República,Daniel Herrero Encinas,≤100
1551600245056675,Ibiza Pride,Ibiza Pride,≤100
390671401665755,Bruno Medina,Bruno Medina Gonzalez,≤100
130601343732895,Escola Efa,These ads ran without a disclaimer,≤100
2165656727005613,Freeme,These ads ran without a disclaimer,≤100
308111802620768,Why Tenerife,"SPET, Turismo de Tenerife, S.A.",≤100
161916260510295,Òmnium Cultural,Òmnium Cultural,≤100
208411345454,Manchester City,These ads ran without a disclaimer,≤100
102980832777264,vugarboniak,These ads ran without a disclaimer,≤100
114973231566708,24EU FN,These ads ran without a disclaimer,≤100
105548031768,Novo Nordisk,These ads ran without a disclaimer,≤100
1609569505990338,Східноукраїнський національний університет імені Володимира Даля,These ads ran without a disclaimer,≤100
100748244699446,conceptualprojects,These ads ran without a disclaimer,≤100
1220981994590364,FT Partner Content,These ads ran without a disclaimer,≤100
100214546222538,BAPS,These ads ran without a disclaimer,≤100