﻿Page ID,Page name,Disclaimer,Amount spent (NZD)
337477311451,New Zealand Labour Party,NZ Parliamentary Service on behalf of New Zealand Labour Party,≤100
110910531830985,David MacLeod for New Plymouth,"David MacLeod, National Party Candidate for the New Plymouth Electorate",≤100
183355881680015,New Zealand National Party,New Zealand National Party,≤100
11870725774,Greenpeace Aotearoa,Greenpeace NZ,≤100
173912362663564,Electoral Commission NZ,Electoral Commission NZ,≤100
103881760966661,Gen Less,Energy Efficiency & Conservation Authority,≤100
341865911020,ASB Bank,ASB Bank Ltd,≤100
116362033529,Amnesty International Aotearoa New Zealand,Amnesty International Aotearoa New Zealand,≤100
106194579030381,Doctors Without Borders / Médecins Sans Frontières NZ,Doctors Without Borders / Médecins Sans Frontières NZ,≤100
154331724631584,David Seymour,the Parliamentary Service on behalf of ACT New Zealand,≤100
105790469112280,Carl Bates for Whanganui,Carl Bates for Whanganui,≤100
92043134118,ACT,ACT,≤100
165702023478421,Family First New Zealand,Family First New Zealand,≤100
684508498380306,Trees That Count,Trees That Count,≤100
689146908145006,Free Speech Union,Free Speech Union,≤100
110909661534199,The Common Room NZ,The Common Room NZ,≤100
104174354363267,Christopher Luxon,New Zealand National Party,≤100
37547788323,UNICEF Aotearoa,UNICEF Aotearoa,≤100
219289338105607,Volvo Car New Zealand,Volvo Cars New Zealand,≤100
408747529491004,Department of Conservation,Department of Conservation,≤100
104411054853609,Mark Cameron - ACT List MP,the Parliamentary Service on behalf of ACT New Zealand,≤100
92043134118,ACT,the Parliamentary Service on behalf of ACT New Zealand,≤100
175954932952,WWF New Zealand,WWF New Zealand,≤100
110186134060806,Fairness in Focus,Medicines New Zealand,≤100
102500959802535,World Vision New Zealand,World Vision New Zealand,≤100
100432998389927,Karen Chhour MP,the Parliamentary Service on behalf of ACT New Zealand,≤100
185590638873,NZHL Home Loans / Insurance,NZHL Home Loans / Insurance,≤100
1281262645251755,Hobson's Pledge,Hobson's Pledge,≤100
109736720527010,Glen Bennett for New Plymouth,NZ Parliamentary Service on behalf of Glen Bennett MP,≤100
123674487757196,New Zealand Nurses Organisation - NZNO,New Zealand Nurses Organisation - NZNO,≤100
19648092895,Tearfund New Zealand,Tearfund New Zealand,≤100
203953359629611,Voice For Life,Voice for Life,≤100
305655596286980,Paul Goldsmith,NZ Parliamentary Service on behalf of Paul Goldsmith MP,≤100
107372172303903,Aotearoa Covid Action,Aotearoa Covid Action,≤100
346186225761296,Erica Stanford MP,Erica Stanford MP,≤100
417859725433,SAFE,Save Animals From Exploitation Incorperated,≤100
112431991697294,Animal Justice Party Aotearoa NZ,Animal Justice Party Aotearoa NZ,≤100
100432998389927,Karen Chhour MP,ACT,≤100
102343868581854,Camping the Kiwi Way,Gary James Stoneley,≤100
106421700708033,James Barron - 45O1,James Ross Barron,≤100
104933318726067,Inspiring Pets Christchurch,Inspiring Pets Christchurch,≤100
465748424201568,The Hive NZ,The Hive NZ,≤100
110077017479600,One Sun in the Sky,Ewen Frank Mcqueen,≤100
110974094005509,Nicole McKee MP,the Parliamentary Service on behalf of ACT New Zealand,≤100
137540437632,Forest & Bird,Forest & Bird,≤100
83022598290,Trade Aid New Zealand,Trade Aid New Zealand,≤100
23625700722,Oxfam,Oxfam Aotearoa,≤100
6321018343,The Japan Times,These ads ran without a disclaimer,≤100
1966234280281774,Brooke van Velden MP,the Parliamentary Service on behalf of ACT New Zealand,≤100
309846686264586,Scott Watson Fact,Thomas John Watson,≤100
206932501046,Habitat for Humanity New Zealand,Habitat for Humanity New Zealand,≤100
105681068874945,Ag Matters,New Zealand Agricultural Greenhouse Gas Research Centre,≤100
140624709826089,March for Life NZ,March for Life NZ,≤100
100171345951023,Fridays for Future Tāmaki Makaurau,Fridays for Future Tāmaki Makaurau,≤100
190111368113833,Mums At The Table,These ads ran without a disclaimer,≤100
376006035816016,Storyworth,These ads ran without a disclaimer,≤100
111233808354207,Pakistan Association of Otago,These ads ran without a disclaimer,≤100
107779071706591,Chopper #TeamChopper,These ads ran without a disclaimer,≤100