﻿Page ID,Page name,Disclaimer,Amount spent (USD)
920398048101746,Roindefo Monja,Roindefo Monja,≤100
102407164607282,Samoëla - Pejy Ofisialy,These ads ran without a disclaimer,≤100
503714286355855,Hajo Andrianainarivelo,Hajo Herivelona Andrianainarivelo,≤100
105173452392388,Celcom Sénat,Nicole Zafimaroson,≤100
107164101598971,Président du Sénat Herimanana Razafimahefa,Nicole Zafimaroson,≤100
106012187777392,Madagasikara an'i Kristy,Tahina Fanomezantsoa Ramakavelo,≤100
188872144758,CCTV,These ads ran without a disclaimer,≤100
104997615455670,P6TC-Powerful  Tesol/Tefl/Teyl/Teal/Teol Training Course,These ads ran without a disclaimer,≤100