﻿Page ID,Page name,Disclaimer,Amount spent (QAR),Number of ads in Library
299227550122220,Radio Cina Internazionale,These ads ran without a disclaimer,≤100,1
1196196390526965,Facebook Surveys,These ads ran without a disclaimer,≤100,4
100466846248633,AI Mage,These ads ran without a disclaimer,≤100,2
257011914801680,فكر في كركتر,These ads ran without a disclaimer,≤100,1
106551092218407,Asad,These ads ran without a disclaimer,≤100,1
131664893560695,Origins OSU,These ads ran without a disclaimer,≤100,1
1877361012493253,China Mosaic,These ads ran without a disclaimer,≤100,1
1157903831033932,مؤسسة شباب المتوسط - Mediterranean Youth Foundation,These ads ran without a disclaimer,≤100,1
101715608808670,Judgment Day: Angel of God,These ads ran without a disclaimer,≤100,1
316496640057,7iber,These ads ran without a disclaimer,≤100,1