﻿Page ID,Page name,Disclaimer,Amount spent (USD)
105497721784216,Филин. Оперативная аналитика и публицистика,Филин. Оперативная аналитика и публицистика,≤100
1442705405943988,Задзіночанне Беларускіх Студэнтаў / Belarusian Students' Association,These ads ran without a disclaimer,≤100
102224325029636,Sunčica studio,These ads ran without a disclaimer,≤100
121350964566751,DHL Motorsports,These ads ran without a disclaimer,≤100
102389318072276,Federica Spiga,These ads ran without a disclaimer,≤100
100910222774290,Prika inc.,These ads ran without a disclaimer,≤100