﻿Page ID,Page name,Disclaimer,Amount spent (IDR)
23383061178,Prabowo Subianto,indonesia Adil makmur,229368
320858334728047,Partai Solidaritas Indonesia,Partai Solidaritas Indonesia,224188
102712985995817,Sobat Airlangga Hartarto,Aditia Ramdani,47352
105818752347206,Teman Airlangga Hartarto,Aditia Ramdani,24853
193237974052689,Partai Keadilan Sejahtera,Partai Keadilan Sejahtera,15413
101679818973699,Sahabat Ganjar Pranowo,John Kamnahas,14898
197545083607941,Harian Kompas,Harian Kompas,11896
101285652874555,Zahni Hafizh Atsari,Partai Solidaritas Indonesia,11329
695424653897661,Satia Chandra Wiguna,Partai Solidaritas Indonesia,10844
104054595928021,Bakti Untuk Rakyat,Fahmi Husaini Sanum,10285
111705291366075,Sobat Erick Thohir,Antonius Maghu Ate,9933
120493494629294,Pikiran Rakyat,"Aditya Riantiko Akbar, ST",7517
444318475704011,Yayasan Bangun Kecerdasan Bangsa,Yayasan Bangun Kecerdasan Bangsa,6630
882638978454921,Raja Juli Antoni,Raja Juli Antoni,5754
101203454841155,Kota Kite,Prayogo,4680
107241861191421,Ilmu Tambang,Ilmu Tambang,4406
813887722072071,Yayasan Pundi Amal Bakti Ummat,Yayasan Pundi Amal Bakti Ummat,3183
101760624522103,DPP Banteng Muda Indonesia,Farid Wahyudi,3137
104622532469179,Populis,Aditia Ramdani,2926
106253264560859,Air Kami,Air Kami,2810
106883058905796,Tanda Seru,Aditia Ramdani,2634
101428652793656,Readktif,Aditia Ramdani,1963
106266634274947,The Strategic Research and Consulting,The Strategic Research and Consulting,1754
756567881057213,Airlangga Hartarto,Airlangga Hartarto,1546
104843487722931,Portal Islam id,Portal Islam ID,1086
111438638441077,Produk Digital,These ads ran without a disclaimer,966
104054595928021,Bakti Untuk Rakyat,Bakti Untuk Rakyat,861
109083348423534,Untuk Rakyat,Muhammad Miftakhunnaim,811
110368964786452,Kemajuan Bersama,Muhammad Miftakhunnaim,641
112417251582480,APEL - Aplikasi Pemenangan Eksekutif & Legislatif,APEL - Aplikasi Pemenangan Eksekutif & Legislatif,605
110865154735990,Koran Harian Tanah Air,Muhammad Miftakhunnaim,501
101387582712412,Kampung Inggris EM,These ads ran without a disclaimer,457
105506538610070,PINA Indonesia,These ads ran without a disclaimer,447
109602578087867,Peci Batik Jogokariyan,These ads ran without a disclaimer,411
1891668347745018,Chaidir Syam,These ads ran without a disclaimer,354
101076948451651,Masa Depan Kita,Muhammad Miftakhunnaim,315
110100218339060,Wahai Ibu Pertiwi,Muhammad Miftakhunnaim,308
105930461325512,seminar_kesehatan2023,These ads ran without a disclaimer,304
312490859193724,mensbatik,Bayu Setayudha,290
39253583478,PDI Perjuangan,Muhammad Miftakhunnaim,283
108571334357297,Melangkah Lebih Baik,Muhammad Miftakhunnaim,256
100359258525418,Pemulihan Lebih Baik,Muhammad Miftakhunnaim,240
108695584343029,Baik Untuk Kita,Muhammad Miftakhunnaim,221
102497641558430,Indonesia Tolak HOAX,Muhammad Miftakhunnaim,169
103221068758736,Prangko Paradise,These ads ran without a disclaimer,132
100739975934515,Kemajuan Tanah Air,Muhammad Miftakhunnaim,≤100
102273039070802,Info Terkini,Muhammad Miftakhunnaim,≤100
941894929346107,Yayasan Bakti Barito,These ads ran without a disclaimer,≤100
102332655592625,BidikNews24.com,BidikNews24.com,≤100
68793499001,UNICEF,These ads ran without a disclaimer,≤100
112220134851421,Under the Sisterhood,These ads ran without a disclaimer,≤100
105350788828077,leenfineart,These ads ran without a disclaimer,≤100
517231405008910,Global Landscapes Forum,These ads ran without a disclaimer,≤100
188872144758,CCTV,These ads ran without a disclaimer,≤100
493521970720604,Civil Aviation Authority of Singapore,These ads ran without a disclaimer,≤100