﻿Page ID,Page name,Disclaimer,Amount spent (PLN)
157458232131,Prawo i Sprawiedliwość,Prawo i Sprawiedliwość,≤100
1486690634950930,Jerzy Wrębiak - Burmistrz Brzegu,Jerzy Wrębiak - Burmistrz Brzegu,≤100
63563473556,Gazeta Wyborcza,Gazeta Wyborcza,≤100
371359310400318,Janusz Kowalski,Janusz Kowalski,≤100
339855706171439,Dobra Fabryka,Dobra Fabryka,≤100
107898832590939,European Commission,European Commission,≤100
469702339755768,Paweł Tanajno Polska Liberalna Strajk Przedsiębiorców,Iam4u.pl,≤100
167137436954873,Katarzyna Czochara,Katarzyna Czochara,≤100
144808095552639,ING Polska,ING Polska,≤100
176114889652,Kancelaria Premiera,Kancelaria Premiera,≤100
1715196158626102,Operacja Czysta Rzeka,Operacjarzeka,≤100
1683534065241470,OKO.press,OKO.press,≤100
147547541961576,Council of the European Union,Council of the European Union,≤100
136884656519145,IOM Poland,International Organization for Migration,≤100
111465470197991,Mateusz Morawiecki,Mateusz Morawiecki,≤100
228168274881,wysokieobcasy,wysokieobcasy,≤100
475584852475176,Pozytron,Bartłomiej Jan Ginter,≤100
513969188677442,Compassion Polska,Compassion Polska,≤100
278193386408043,Fyrtel Główna,Fyrtel Główna,≤100
57544755889,Amnesty International Polska,Amnesty International Polska,≤100
178362315106,European Parliament,European Parliament,≤100
393084100793680,Wiedza i Praktyka,Wiedza i Praktyka,≤100
178415208919146,Solidarna Polska,Solidarna Polska,≤100
108301418501661,Odszkodowania Za Represje 1944-1989,Łukasz Świątek,≤100
2187031718035138,Radosław PREIS - Radny Rady Miejskiej Brzegu,Radosław Stanisław Preis,≤100
406758116099067,Fundacja Kasisi,Fundacja Kasisi,≤100
50063176484,TVN24,TVN,≤100
311766890555,Fundacja Batorego,Fundacja Batorego,≤100
182038191908977,Cyfryzacja KPRM,Kancelaria Prezesa Rady Ministrów,≤100
427646927347438,A4 Katowice - Kraków,Stalexport Autostrada Małopolska S.A.,≤100
1581518611867021,Zbigniew Ziobro,Zbigniew Ziobro,≤100
371981706755861,Kierunek na EKO,OS3 Sp. z o. o.,≤100
308784726230232,Polskie Stowarzyszenie Zero Waste,Polskie Stowarzyszenie Zero Waste,≤100
173086948664,Infor.pl,Infor.pl,≤100
1381575975475340,EduAkcja - szkolenia dla nauczycieli,EduAkcja sp. z o.o.,≤100
32104614789,Greenpeace Polska,Greenpeace Polska,≤100
100740295192199,Przychodnia Lekarska Optima Przemyśl,Optima sp. z o.o.,≤100
292514454554454,Cartrack Polska,Cartrack Polska,≤100
490207317852864,Obserwatorium Polityki Miejskiej IRMiR,Instytut Rozwoju Miast i Regionów,≤100
203627442993022,Portal Oświatowy,Wiedza i Praktyka,≤100
344620515579640,Fundacja Równość.org.pl,Fundacja Równość.org.pl,≤100
436111276479085,Sieć Obywatelska - Watchdog Polska,Sieć Obywatelska - Watchdog Polska,≤100
300745193630,Fundacja Pro - Prawo do Życia,Fundacja Pro - Prawo do Życia,≤100
140982409255721,Miłość nie wyklucza,Miłość nie wyklucza,≤100
90194404398,Helsińska Fundacja Praw Człowieka,Helsińska Fundacja Praw Człowieka,≤100
142614625077,WWF Polska,WWF Polska,≤100
1203006723176966,Siemens Polska,These ads ran without a disclaimer,≤100
1935398849860973,Paweł Bujak,Paweł Marek Bujak,≤100
109498054881576,"Tomasz Witkowski, wicewojewoda opolski",Tomasz Witkowski,≤100
205945942802470,Polska Agencja Rozwoju Przedsiębiorczości,Polska Agencja Rozwoju Przedsiębiorczości,≤100
999568213449974,"Niezależni PV - Fotowoltaika dla domu, firmy i rolnictwa",Łukasz Zbigniew Czerwiński,≤100
229797220398331,Kampania Przeciw Homofobii,Kampania Przeciw Homofobii with Facebook ad credits,≤100
131511477684330,Znak Horyzont,Społeczny Instytut Wydawniczy Znak sp. z o.o.,≤100
391098174296294,Super Express,se.pl,≤100
538078072919407,Nauka o klimacie,Nauka o klimacie,≤100
286672948180163,Tomasz Trela,Poseł Tomasz Trela,≤100
104884392877324,Alivia,Alivia - Fundacja Onkologiczna,≤100
105039892358886,FURPO - Świadczenie Pielęgnacyjne,FURPO GROUP SP. Z O.O.,≤100
2320275388297228,Marcin Romanowski,Marcin Romanowski,≤100
198196133533089,Polska Misja Medyczna / Polish Medical Mission,Polska Misja Medyczna / Polish Medical Mission,≤100
505864632777215,Tygodnik Lisickiego,Orle Pióro sp. z o.o.,≤100
76134197129,Radio TOK FM,Kinga Warwas,≤100
129626970836,inFakt,inFakt,≤100
1425264934431305,Polski Instytut Księgowości,Polski Instytut Księgowości,≤100
286243508135957,Solidarna Polska - Nowe Pokolenie,Solidarna Polska,≤100
137358556439286,Ośrodek Monitorowania Zachowań Rasistowskich i Ksenofobicznych,Ośrodek Monitorowania Zachowań Rasistowskich i Ksenofobicznych,≤100
378777385998461,Grupa MTP,Grupa MTP,≤100
176619537364977,Grodno S.A.,Grodno S.A.,≤100
1298855813504209,Akademia Księgowości,AKADEMIA KSIĘGOWOŚCI SPÓŁKA Z OGRANICZONĄ ODPOWIEDZIALNOŚCIĄ,≤100
105636040979969,Polska 2050,Polska 2050 Szymona Hołowni,≤100
1497498613860484,BMW Inchcape Wrocław,Inchcape,≤100
487587700423,Miasto Gdańsk,Miasto Gdańsk,≤100
2247835298784233,Aleksandra Łapiak,Aleksandra Łapiak,≤100
230754547069436,Michał Woś,Michał Woś Poseł na Sejm RP,≤100
1489158561337371,Dariusz Olszewski,Dariusz Olszewski,≤100
74863922834,Krytyka Polityczna,Krytyka Polityczna,≤100
102792325966064,Kopalnia kitu,Kopalnia Kitu (DoubleD Marketing),≤100
621959344553367,DNA Rynków - merytorycznie o giełdach i gospodarkach,DNA Rynków,≤100
1496359750659795,Michał Wójcik,Michał Wójcik,≤100
429506290917644,Toyota - fabryka w Jelczu,Toyota - fabryka w Jelczu,≤100
108072144154309,Sebastian Łukaszewicz,Sebastian Łukaszewicz,≤100
186543124707583,ISSA Prevent Plastic Pollution,Biuro wykonawcze ISSA w Polsce,≤100
514735281965536,Demagog,Stowarzyszenie Demagog,≤100
111536078074010,Strefa Logopedy,Wiedza i Praktyka,≤100
832320483579139,Vestra,Vestra,≤100
205950160250231,FUNDACJA AIRO GROM INTERNATIONAL im. Eugeniusza Jana Pietrzyk,Robert Włodzimierz Pietrzyk,≤100
199401584696,Konfederacja Lewiatan,Konfederacja Lewiatan,≤100
194585893914848,Fundacja Rozwoju Demokracji Lokalnej,Cezary Trutkowski,≤100
101185701666967,Stop Milczeniu - stop pedofilii w kościele,Stop Milczeniu,≤100
101510036210805,Centrum Interwencji Kryzysowej w Łodzi,Centrum Promocji i Rozwoju Inicjatyw Obywatelskich OPUS,≤100
106708966025605,Wydawnictwo W.A.B.,Grupa Wydawnicza Foksal,≤100
103268241129869,Fundacja Veritas,FUNDACJA VERITAS,≤100
110628809591185,Alan Wolny,Alan Wolny,≤100
373646707187,Fundacja Urszuli Jaworskiej,Fundacja Urszuli Jaworskiej,≤100
105428171456904,BWT Polska - Best Water Technology,BWT Polska,≤100
1752318511650368,Akamai Poland,More Bananas,≤100
314299585704,PAT&RUB,Ecoidea Sp z oo Sp.k.,≤100
101914232049394,Idee przez wieś,Polska Fundacja Społeczeństwa Przedsiębiorczego,≤100
107553079931346,Miłosz Motyka,Miłosz Maksymilian Motyka,≤100
1629946500626448,To Tylko Astma,OS3 Sp. z o.o.,≤100
110898338585970,Mgboardy,MGBoardy.pl,≤100
705234266283291,Niepłodni Razem,Sylwia Bentkowska,≤100
114681303738214,Trudne Relacje,TrudneRelacje,≤100
1863743663893316,Fundusz Obywatelski im. Henryka Wujca,Fundacja dla Polski,≤100
106189465145789,Damian Dariusz Olszewski - radny Sejmiku woj. Mazowieckiego,Damian Olszewski,≤100
312204349288060,Mariusz Gosek,Mariusz Gosek,≤100
71543004041,Fundacja Dajemy Dzieciom Siłę,Greta Repeć,≤100
105526258999822,Maciej Marzec - profil publiczny,Maciej Tadeusz Marzec,≤100
7783116506,Animals Asia,These ads ran without a disclaimer,≤100
159205967423152,Stowarzyszenie Sursum Corda /w górę serca/,H4People,≤100
108808965184179,Narodowy Instytut Konserwacji Zabytków,Narodowy Instytut Konserwacji Zabytków,≤100
181020632309,Wydawnictwo Znak,Wydawnictwo Znak,≤100
81885462442,Histmag.org,Histmag.org,≤100
199877710116314,Patryk Jaki,Patryk Jaki,≤100
255100403945,Polityka,Polityka,≤100
125185964281959,Centrum Edukacji Obywatelskiej (CEO),Centrum Edukacji Obywatelskiej (CEO),≤100
109218848183780,Marek Woźniak,UMWW,≤100
1437227889827328,Fundacja Dobrych Inicjatyw,Fundacja Dobrych Inicjatyw,≤100
67202672014,Fairtrade Polska,Fundacja „Koalicja Sprawiedliwego Handlu” Fairtrade Polska,≤100
447190942074880,Polskie Stowarzyszenie Obrońców Życia Człowieka,Polskie Stowarzyszenie Obrońców Życia Człowieka,≤100
101168698130881,Solidarna Polska Zachodniopomorskie,Dariusz Matecki,≤100
147284671976535,Jak wygrać wybory? Praktycznie o kampaniach wyborczych,Jacek Babiel,≤100
107096355618744,Kongrespoloniimedycznej,Marek Rafał Ciesielski,≤100
483707668473229,Piotr Uruski,Piotr Uruski,≤100
107741584286830,Studio Częstochowa,Studio Częstochowa,≤100
101283291180,dziennik.pl,dziennik.pl,≤100
583823491630995,Piotr Cieplucha,Piotr Paweł Cieplucha,≤100
1695616287382430,Schneider Electric,Schneider Electric Polska,≤100
1227194230675141,Pratia,Pratia SA,≤100
173184660508,Centrum Myśli Jana Pawła II,Centrum Myśli Jana Pawła II,≤100
267686749910602,Piotr Müller,Piotr Józef Müller,≤100
2177723575779048,Rafał Kandziora dla Śląska,Rafał Kandziora,≤100
521739544515060,Dziennik Powiatowy,Krzysztof Przekop,≤100
110421853692163,Synea Medical Day SPA,Synea Sp. z o.o.,≤100
368343996531202,Damian Polak,Damian Polak,≤100
152434611621823,Instytut Geofizyki PAN,Semstart sp. z o. o.,≤100
1418993884987404,BASF,BASF,≤100
103886074675945,Film w Szkole,Film w Szkole,≤100
1495480087399256,Jacek Ozdoba,Jacek Ozdoba,≤100
168737999982045,Visegrad Insight,Visegrad Insight,≤100
111569095563753,Dobry Trener szkolenia,OPTA A. Maziarz-Lipka i L. Wieliczko Spółka Jawna,≤100
112257008188344,Instytut Marki Online i Komunikacji - IMOK,These ads ran without a disclaimer,≤100
544319209354145,Edukacja Domowa,Sławomir Przemysław Jazienicki,≤100
110988546918361,Fundusz dla Odmiany,Fundusz dla Odmiany,≤100
110239025687291,Credit Agricole Bank Polska,These ads ran without a disclaimer,≤100
65152531904,"Towarzystwo Inicjatyw Twórczych ""ę""",These ads ran without a disclaimer,≤100
1771722023118604,Wydawnictwo Aktywa,Wydawnictwo Aktywa Sp. z o.o.,≤100
136390556431938,Pracownia na rzecz Wszystkich Istot,Pracownia na rzecz Wszystkich Istot,≤100
1660927157457516,Krakowskie Stowarzyszenie Obrony Zwierząt,Agnieszka Maria Wypych,≤100
558879950822876,Jacek Sasin,Jacek Sasin - Poseł na Sejm RP,≤100
1759040441044970,SmogLab,SmogLab,≤100
725994874500554,Nasz Las Miejski Gajewo k.Giżycka,Adrian Andrzej Grzegorz,≤100
305401181544,UNICEF Poland,UNICEF Poland,≤100
117626114951734,Fair Trade 100% - Polskie Stowarzyszenie Sprawiedliwego Handlu,Tadeusz Marek Makulski,≤100
523273171210340,Don Vittorio Foundation for Wild Animals,Don Vittorio Foundation for Wild Animals,≤100
158605907492356,FEPS,Fundacja na Rzecz Studiów Europejskich,≤100
172298576634819,Sebastian Luty – Fundacja Avalon,Fundacja Avalon,≤100
227469541059692,Rynek Lotniczy,Zespół Doradców Gospodarczych TOR,≤100
283996612400,Fundacja Nasza Ziemia,Fundacja Nasza Ziemia,≤100
116580465063718,Marcin Meller,Grupa Wydawnicza Foksal,≤100
333409683428621,Nowa Konfederacja,Nowa Konfederacja,≤100
105648875112994,English Communication Coach - Alicja Kozlowska,English Communication Coach - Alicja Kozlowska,≤100
285614985417898,Radosław Drabczyk - Radny Rady Miejskiej Dzierżoniowa,Radosław Drabczyk - Radny Rady Miejskiej Dzierżoniowa,≤100
287198384770456,Grzegorz Matusiak - Poseł na Sejm RP,Grzegorz Matusiak,≤100
100539463843764,Klaster Innowacji Społecznych,Klaster Innowacji Społecznych,≤100
207398195946921,Instytut Spraw Obywatelskich,Fundacja Instytut Spraw Obywatelskich,≤100
674712099338395,Krajowe Stowarzyszenie Sołtysów,Ireneusz Niewiarowski,≤100
1196595487024986,Robert Filipczak,Robert Filipczak,≤100
292544137448732,Muzeum Tradycji Niepodległościowych w Łodzi,Muzeum Tradycji Niepodległościowych w Łodzi,≤100
375431119170590,GRAPE - Group for Research in APplied Economics,FAME|GRAPE,≤100
624879054590925,Marcel Bielecki,Marcel Bielecki,≤100
253522198074527,Kongres Obywatelski,Instytut Badań nad Gospodarką Rynkową,≤100
328956034420247,Marcin Pawlicki - Radny Miasta Szczecin,Marcin Pawlicki,≤100
370315906709445,Emilia Susniło-Gruszka - Radna Rady Miejskiej w Łodzi,Emilia Gabriela Susniło-Gruszka,≤100
634178786679448,Aleksander Miszalski - Poseł na Sejm RP,Aleksander Miszalski - Poseł na Sejm RP,≤100
105849695185679,Po prostu Wschód,Piotr Pogorzelski,≤100
1052302484796466,Axpo Polska,Axpo Polska Sp. z o.o.,≤100
104382365648491,Zjednoczenie,Stowarzyszenie Zjednoczenie,≤100
567066860335135,Błękitny Węgiel,Błękitny Węgiel,≤100
105812734822457,Grzegorz Szczepański,Grzegorz Szczepański,≤100
108731657156411,Mariusz Gromko - Senator RP,Mariusz Gromko,≤100
102577288350341,Super Biznes,se.pl,≤100
119638956091071,Zdzisław Smoliński,Zdzisław Smoliński,≤100
1402012100098838,Twój Kurier Olsztyński - TKO.pl,WAMA Media Group,≤100
1662770490627705,Komitet Obrony Demokracji,Komitet Obrony Demokracji,≤100
1483938021891274,Piotr Soćko - Radny Rady Powiatu w Kętrzynie,Piotr Soćko,≤100
865376446813310,Chidusz,Fundacja Żydowska Chidusz,≤100
1069582526398860,Adam Kurpas,Adam Kurpas,≤100
738774122874368,"Artur Tusiński, Burmistrz Miasta Ogrodu Podkowa Leśna",Artur Tusiński,≤100
658695000844495,Adam Andruszkiewicz,Adam Andruszkiewicz,≤100
1914501645469702,Otwarta Przestrzeń - centrum terapii,Fundacja Instytut Otwarta Przestrzeń,≤100
946445192119512,Krajowy Sztab Ratownictwa SKSR,Jerzy Płókarz,≤100
2312245628995779,Iam3,Gabriela Skoczeń,≤100
187178294672651,Muzeum Narodowe w Lublinie,Muzeum Narodowe w Lublinie,≤100
1599655186922126,Włącz oszczędzanie,Łukasz Tadeusz Pająk,≤100
285512891655753,Artur Szałabawka,Biuro Poselskie Prawo i Sprawiedliwość Artur Szałabawka,≤100
1846913012208618,Miłosz Tamulewicz,Miłosz Milo Tamulewicz,≤100
108221088332541,Michał Staniszewski - Przewodniczący Rady Miejskiej w Bytomiu,Michał Staniszewski,≤100
283885295614008,Radni Miejscy i Powiatowi Prawa i Sprawiedliwości w Lubinie,Patrycja Anna Rozmus,≤100
1505145733135233,Lubuskie Centrum Winiarstwa,Wojciech Smykowski,≤100
194863390543534,Koło Naukowe Badań nad Europą,Antoni Szot-Malicki,≤100
107013249383407,Portal Informacyjny Grybow24.pl,Portal Informacyjny Grybow24.pl,≤100
134795839907890,Comarch Healthcare,These ads ran without a disclaimer,≤100
112055027022643,Legal Marine,Legal Marine - Mateusz Romowicz,≤100
1730817716960186,Marcin Magier - Radny Miasta Świdnik,Marcin Magier,≤100
287842647957979,EU International Partnerships,These ads ran without a disclaimer,≤100
1569688113329878,Evony - The King's Return,These ads ran without a disclaimer,≤100
106457712415490,Baltic Pipe - PL,These ads ran without a disclaimer,≤100
527351247377965,European Committee of the Regions,European Committee of the Regions,≤100
109387095453212,"Projekt  ""Baltic Pipe""",These ads ran without a disclaimer,≤100