﻿Page ID,Page name,Disclaimer,Amount spent (IDR)
108132042285089,Erwin Aksa,Yayasan Golkar Institute,11118263
23383061178,Prabowo Subianto,indonesia Adil makmur,1489084
39684526732,Wanda Hamidah,Yayasan Infobox,1213708
397603117477041,Lindsey Afsari Puteri,Yayasan Golkar Institute,1014686
101350709331663,Golkar 2024,Yayasan Golkar Institut SPKP,810961
104054595928021,Bakti Untuk Rakyat,Bakti Untuk Rakyat,620734
1004727719661767,Rian Ernest,Yayasan Golkar Institute,508122
320858334728047,Partai Solidaritas Indonesia,Partai Solidaritas Indonesia,418324
111864151754055,Esensi TV,Esensi Tv,343247
333711983956998,Erwin Aksa,Yayasan Golkar Institute SPKP,257211
101203454841155,Kota Kite,Kota Kite,198429
106918395489616,Golkar Institute SPKP,Yayasan Golkar Institut SPKP,177036
104899195891472,Berita Ganjar Pranowo,Berita Ganjar Pranowo,109355
2275806345802505,Muhammad Bima Januri,Partai Solidaritas Indoneisa,104198
104830667806476,Melihat Indonesia,Melihat Indonesia,98862
256838011014355,Partai Gerakan Indonesia Raya (Gerindra),Partai Gerindra,98124
110294151987732,Head Politika,Head Politika,87554
1408188616062841,Sofitel Bali Nusa Dua,Sofitel Bali Nusa Dua Beach Resort,72576
197545083607941,Harian Kompas,Harian Kompas,59564
102060486500863,The Jakarta Post,PT. Bina Media Tenggara,52494
39253583478,PDI Perjuangan,PDI Perjuangan,48808
193237974052689,Partai Keadilan Sejahtera,Partai Keadilan Sejahtera,44548
790156511331117,Tempo CekFakta,TEMPO MEDIA GROUP,39494
349963858704476,Komit Digital,Komit Digital,34953
110865154735990,Koran Harian Tanah Air,Koran Harian Tanah Air,34146
572779142753263,Freeport Indonesia,Freeport Indonesia,33803
107600565668590,Munafri Arifuddin,Yayasan Golkar Institute,32731
100649018546817,GanjarFans,GanjarFans,28015
101228692503239,Opini Publik,Opini Publik,24813
101403669397488,Nikmatul Sugiyarto,Nikmatul Sugiyarto,23913
102636108777075,blorajatiproject_,These ads ran without a disclaimer,22804
103581752405141,Sobar Harahap,Sobar Harahap,22241
103330282779367,Dua Digits Creative,Dua Digits Creative,22086
118310007922514,Jakarta Untuk Ganjar,Ganjar Nusantara Indonesia,21837
110952238516382,Kiki Daliyo,Kiki Daliyo,20703
104844282389488,Kelas Digital Marketing,Kelas Digital Marketing,19788
1547369918837496,Zulkifli Hasan,Media Center PAN,19544
101760624522103,DPP Banteng Muda Indonesia,DPP Banteng Muda Indonesia,18144
579390532098417,350.org Indonesia,350 Indonesia,16887
101674375744514,Media Cuan,Media Cuan,15569
112343245127655,Skintific Discount Store,These ads ran without a disclaimer,14994
109624272162755,NEWS.com,These ads ran without a disclaimer,12486
105903795626960,Ruangcuan.com,Ruangcuan.com,11890
147555216186069,Christina Aryani,Christina Aryani Foundation,11166
106133900948056,Grand Village Sepatan,These ads ran without a disclaimer,11099
112121101796090,Opini 2024,Opini 2024,10517
101670979099537,OverheardKonoha,OverheardKonoha,10342
102656349157647,Tugimanisme,Tugimanisme,10274
143840239716746,Indozone.id,PT. INDOZONE MEDIA INDONESIA,9850
100159712647702,Fakta Anies Baswedan,Fakta Anies Baswedan,9356
102273039070802,Info Terkini,Info Terkini,8460
112928735149414,Relawan Indonesia,These ads ran without a disclaimer,7593
974934649563955,Kukar.Keren,Kukar.Keren,6876
113871288406044,dewi binti rahman,These ads ran without a disclaimer,5280
101817732936455,Warung Pintar,These ads ran without a disclaimer,4804
112714711855602,risna binti halim,These ads ran without a disclaimer,4234
106524371346347,NTBSATU.com,NTBSATU.com,3655
106919112303644,Jasa Pembuatan Video,Jasa Pembuatan Video,3597
107002541917334,Bjp Bayu Jaya Prmana,These ads ran without a disclaimer,3487
104427162506872,Fakta Anies,Fakta Anies,3251
255601878216867,Komisaris Politik,Komisaris Politik,3215
1653216198223230,Rumah Kayu Bongkar Pasang,Rumah Kayu Bongkar Pasang,3112
106004407402000,Cakap Politik,Cakap Politik,3093
1500140530273695,Kimia Farma Care,Kimia Farma,2990
101120396317496,Pemerintah Kabupaten Gresik,Pemerintah Kabupaten Gresik,2829
114862318264218,Marketing 2024,KelasMaster.id,2293
102497641558430,Indonesia Tolak HOAX,Indonesia Tolak HOAX,2269
111852080939563,Baruna Airlangga,These ads ran without a disclaimer,2201
110100218339060,Wahai Ibu Pertiwi,Wahai Ibu Pertiwi,2142
107565455160464,Indonesia Opini,Ganjar Nusantara Indonesia,2042
109083348423534,Untuk Rakyat,Untuk Rakyat,1884
202555993805088,Caption,Ganjar Nusantara Indonesia,1822
100159712647702,Fakta Anies Baswedan,Gerakan Perubahan,1785
552869771729487,JabarKita,JabarKita,1781
113058461386521,Mercusuar Indonesia,Ganjar Nusantara Indonesia,1675
1165819730216749,Global Ehsan Relief Indonesia,Global Ehsan Relief Indonesia,1648
105078282583947,Rumah Kita Korsel,Ganjar Nusantara Indonesia,1612
108695584343029,Baik Untuk Kita,Baik Untuk Kita,1554
101338198587608,Indonesia Luar Biasa,Ganjar Nusantara Indonesia,1484
114012201650176,Fakta Terselubung,Fakta Terselubung,1438
108571334357297,Melangkah Lebih Baik,Melangkah Lebih Baik,1416
100147872667354,Kata Nusantara,Ganjar Nusantara Indonesia,1405
108676115131939,Nusantara Cerdas,Ganjar Nusantara Indonesia,1398
105195635486519,Klise Nusantara,Ganjar Nusantara Indonesia,1394
153022218082084,Kementerian PPN/Bappenas,Kementerian PPN/Bappenas,1300
123495187319261,Mochamad Bisri,These ads ran without a disclaimer,1282
110056788323890,Pikiran Indonesia,Ganjar Nusantara Indonesia,1260
100676262667808,Story Nusantara,Ganjar Nusantara Indonesia,1234
107028039094561,Nadine Tarizza,These ads ran without a disclaimer,1212
105308715676825,Filosofi Indonesia,Ganjar Nusantara Indonesia,1146
104799384898162,Indonesia Berkabar,Ganjar Nusantara Indonesia,1105
803249480013556,Inside Tokopedia,These ads ran without a disclaimer,1098
110368964786452,Kemajuan Bersama,Kemajuan Bersama,977
111506018592127,Cari Berkah Tinggalkan Riba,These ads ran without a disclaimer,728
102626198026698,Rika Sudjiman,Ganjar Nusantara Indonesia,596
111679394767549,المشروع القومي لمشتقات البلازما,These ads ran without a disclaimer,485
102981496004696,Sedulur Nafa Urbach,Sedulur Nafa Urbach,456
117799294648639,Rangkai Digital,RangkaiDigital.com,397
108156498584853,Tetap Puan,Marabunta Family Cyber,365
306213619526427,Jusuf Kalla Fans Club,Jusuf Kalla Fans Club,300
113055505104698,Story Kaffah,These ads ran without a disclaimer,278
104563194242253,Enjoy Jateng,Enjoy Jateng,201
1517088885216557,AIG,These ads ran without a disclaimer,≤100
106842858489193,Cooking Center - Restaurant Game,These ads ran without a disclaimer,≤100
103393035778315,Alotofstylewe.com,These ads ran without a disclaimer,≤100
101034058195232,Road to Vintage,These ads ran without a disclaimer,≤100
111950628388763,Sahabat palestina,These ads ran without a disclaimer,≤100