﻿Page ID,Page name,Disclaimer,Amount spent (USD)
305019964396,Lent az,Lent az,≤100
104355860955968,Press Klub,Nicat Əliyev,≤100
806234346120161,Toplum TV,Toplum tv,≤100
280772835787181,Media.Az,Media.az,≤100
330940447588598,APA,Azeri Press Agency,≤100
100202725184190,Caliber.Az,Caliber LLC,≤100
103912052557039,Vergi və Mühasibatlıq Zirvəsi,These ads ran without a disclaimer,≤100
103974179005286,Azərbaycan obyektivdə,These ads ran without a disclaimer,≤100
101605572118417,Qarabağ Dirçəliş Fondu,Qarabağ Dirçəliş Fondu,≤100