﻿Page ID,Page name,Disclaimer,Amount spent (INR)
115518501869633,Axis Bank,Axis Bank,4764
221256415973730,Ankuram IVF,Ankuram IVF,3412
101848216270608,विकास को जोहार,All Axis Media,1241
109545244848137,Crafto,Kutumb App,866
574079826086251,Phir Ek Baar Modi Sarkar,phirekbaarmodisarkar.com,657
121439954563203,Bharatiya Janata Party (BJP),Bharatiya Janata Party (BJP),646
209945362405121,Gaurav Gupta,These ads ran without a disclaimer,638
109937650579639,discovery+,discovery+,581
797927846899300,Flag Foundation of India,Flag Foundation of India,430
354058438354474,Sanjay Seth,Sanjay Seth,411
364856597306123,Rupesh Sinha,Rupesh Sinha,388
270666596375251,Jhatkaa.org,Jhatkaa.org,354
100560335965049,The Pamphlet,The Pamphlet,345
132689140088396,smilefoundation,Smile Foundation,296
132689140088396,smilefoundation,smilefoundation,237
1987488401557504,Mahathugbandhan - महाठगबंधन,Mahathugbandhan - महाठगबंधन,231
479998865355592,Aditya Birla Group,Aditya Birla Group,202
147721068911799,Sunil Ardad-सुनील आर्दड,Sunil Ardad-सुनील आर्दड,195
102961038452656,Avishek Singh,Avishek Singh,160
100610522981590,Janki Yadav - जानकी प्रसाद यादव,These ads ran without a disclaimer,158
112058781694921,Fiigs India,Lebhaari,157
165714096933078,Piyush Goyal,Piyush Goyal,151
746568209028564,Dr. Basu Eye Hospital,Dr. Basu Eye Hospital,146
110402195457221,देवभूमि के धामी,Devbhoomi Ke Dhami,135
106323818662108,Dwarikadhish Yadav,Dwarikadhish Yadav,129
243524299157863,Pushkar Singh Dhami,Pushkar Singh Dhami,128
123405501008524,Mercedes-Benz India,Mercedes-Benz India,124
1396007407299588,Deepak Prakash,Deepak Prakash,122
110194685265228,Praveen Jha,Praveen Jha,116
103782051383159,School of Politics,School of Politics,113
115372430324258,Vijay Pandey,Indian Digital and Political Inclusion,106
154161255255794,Gyaneshwar Patil,Gyaneshwar Patil,≤100
30290552843,Greenpeace India,Greenpeace India Society,≤100
985108821675494,Hari Singh Sapre,Hari Singh Sapre,≤100
316365575140365,Rozana Spokesman,Rozana Spokesman,≤100
183824978467083,Rao Inderjit Singh,Rao Inderjit Singh,≤100
104736419210593,PACE INDIA,PACE INDIA,≤100
667862236707254,Rohit Kumar Singh,Rohit Kumar Singh,≤100
667560657014524,Mahendra Singh Solanki,Swanit Infotech,≤100
105031805307682,Good Greys,These ads ran without a disclaimer,≤100
114364481255391,Chandan Singh Foundation,Chandan Singh Foundation,≤100
116820444646397,Ramesh Singh,Ramesh Singh,≤100
100469544979274,Nirav Shah,Nirav Shah,≤100
282198256011533,PM Narendra Swamy,PM Narendra Swamy,≤100
103475454755546,Krishna Prasad,Krishna Prasad,≤100
108529574059980,PMFBY,Concept Communication Limited,≤100
101437656247049,Modi Quotes,Modi Quotes,≤100
1464414077034071,BJP ST Morcha,BJP ST Morcha,≤100
806181806121459,Harshvardhan NandKumar Singh Chouhan,Harshvardhan NandKumar Singh Chouhan,≤100
112326528253527,Apex Online Solution,Apex Online Solution,≤100
1327351450720146,Pradhan Mantri Bhartiya Janaushadhi Pariyojana,Pharmaceuticals & Medical Devices Bureau of India,≤100
133493680681261,Borra Gnaneshwer Mudhiraj,Borra Gnaneshwer Mudhiraj,≤100
1800812870241409,Sachin Birla,Sachin Birla,≤100
105919999093332,Varta24/वार्ता 24,Varta24/वार्ता 24,≤100
102715296085726,Neta Ji,Awesomebyte,≤100
626068767790790,Pawankumar Singh Bhati,Pawankumar Singh Bhati,≤100
435124759989017,Yogendra Singh Mandloi,Yogendra Singh Mandloi,≤100
355739144465220,BJP Madhya Pradesh,Bharatiya Janata Party (BJP),≤100
520949671329992,Indian School of Democracy,Indian School of Democracy,≤100
108492911417034,Satyam Srirangam - INC,Satyam Srirangam - INC,≤100
1134675723239978,Shri Venkateshwara University,Shri Venkateshwara University,≤100
2248485428700495,Global Leaders Awards,Global Leaders Awards,≤100
108923765470906,Bharat Jagruthi - भारत जागृति,Bharat Jagruthi - भारत जागृति,≤100
330760810293224,HelpAge India,HelpAge India,≤100
104052753400618,Union Bank of India,Goldmine Advertising Limited,≤100
256278471555187,Baat Janta Ki,Baat Janta Ki,≤100
528307847248802,Indian National Congress -  Madhya Pradesh,Indian National Congress -  Madhya Pradesh,≤100
194459837556472,योगेंद्र प्रताप सिंह / जीतू - ज़िला पंचायत सदस्य,योगेंद्र प्रताप सिंह / जीतू - ज़िला पंचायत सदस्य,≤100
318205675275285,APL Apollo Tubes Limited,APL Apollo Tubes,≤100
108271762113626,Stand Up. Act,Breakthrough Trust,≤100
127418046946464,Poster Nation,Poster Nation,≤100
685881558130468,Kamal Nath,Kamal Nath,≤100
596607947182950,Ranjeet Singh Sodala,Ranjeet Singh Sodala,≤100
1785302198354679,Dr. Somendra Tomar,Dr. Somendra Tomar,≤100
109735351891742,Apex India service,Apex India service,≤100
1418961411498523,Nimrat Kaur,Nimrat Kaur,≤100
537021156329658,Sukhbir Singh Jaunapuria,Sukhbir Singh Jaunapuria,≤100
268437163351102,Saurabh Srivastava,Saurabh Srivastava,≤100
678876002499539,Mohd Shamim Khan,MEGA TRENDS ADVERTISING LTD,≤100
100328978216424,"Fight Pollution, Not Plastics","Fight Pollution, Not Plastics",≤100
1807761416182426,Kamal Midha,Kamal Midha,≤100
104936722317875,Ek Bharat News,Ek Bharat News,≤100
248046902053193,Ybrant TV,Ybrant TV,≤100
108992338707380,Ankur Warikoo Courses,These ads ran without a disclaimer,≤100
114592314849721,Sunil Maheshwari,Sunil Maheshwari,≤100
521087391666842,Dr.Rajesh Babal,Dr.Rajesh Babal,≤100
100735178208398,Udyami India,Samadhan Samiti,≤100
224618077692752,Sanjay Tandon,CosMark Media Pvt Ltd,≤100
101923919655502,I Support UCC,Sigma Heroes Enterprises,≤100
100146859467552,Pirojsha Godrej Foundation,Pirojsha Godrej Foundation,≤100
103443372396602,MLA Dr Raghu Sharma,MLA Dr Raghu Sharma,≤100
745732168802118,Rakesh Prasad,Rakesh Prasad,≤100
350558792662542,Neeru Yadav,Neeru Yadav,≤100
21169267101,Give,Give,≤100
421179061356837,Eknath Shinde - एकनाथ संभाजी शिंदे,Eknath Shinde - एकनाथ संभाजी शिंदे,≤100
299102746881319,Lakhan Mardi,These ads ran without a disclaimer,≤100
108482478848453,अब की बार किसान सरकार,अब की बार किसान सरकार,≤100
119983657758739,"Dilip Singh Jadhav ""Baba""-BJP","Dilip Singh Jadhav ""Baba""-BJP",≤100
390976557590103,I Support Narendra Modi,I Support Narendra Modi,≤100
110796095070897,Sumathi Suratani BJP,Sumathi Suratani BJP,≤100
102585599142804,Baatein Unlocked,Baatein Unlocked,≤100
426881010719758,Soumik Hossain,Soumik Hossain,≤100
108015368279979,Solh Wellness,Solh Wellness,≤100
114233898263244,Indian Compass Videos,theindiancompass.com,≤100
648392601873373,Ashok Chandna,Ashok Chandna,≤100
1614689125343644,SILAII,SILAII,≤100
411129449009589,K.C. Venugopal,K.C. Venugopal,≤100
101206052272845,Devi Singh Shekhawat,Devi Singh Shekhawat,≤100
163751763980552,Radheshyam Upadhyay,Radheshyam Upadhyay,≤100
33497111948,Child Rights and You,Child Rights and You,≤100
103784118675658,Education For All,Education For All,≤100
110082531452800,Kotak811,These ads ran without a disclaimer,≤100
928448863892029,RK Sinha,RK Sinha,≤100
2238940452991193,Adv. Santosh Pandey,Adv. Santosh Pandey,≤100
107760062318468,E-Mudra Loan,E-Mudra Loan,≤100
122716304501933,Rakesh Sinha,Rakesh Sinha,≤100
103166942094469,Lakhan Singh Dangi,Lakhan Singh Dangi,≤100
918414611597115,Amar Prasad Reddy,Political Engineer,≤100
101713962007976,Amrit Mahotsav,Amrit Mahotsav,≤100
108935364979003,Ragidi Laxma Reddy,Ragidi Laxma Reddy,≤100
419318464900338,Rajveer Singh - Raju Bhaiya,Rajveer Singh - Raju Bhaiya,≤100
348786758473663,Ashok Singh,PARAOJHI SOLUTION LLP,≤100
105040639000304,Political Junction India,Political Junction India,≤100
367693910079524,Mohit Jaswant Yadav Page,Mohit Jaswant Yadav Page,≤100
110132160741768,Polstrat,Polstrat Communication,≤100
102218576103904,Badlaav ki Aandhi Priyanka Gandhi,Badlaav Ki Aandhi Priyanka Gandhi,≤100
2205618913001552,Kewal Chand Gulechha,Kewal Chand Gulechha,≤100
1949994445242062,Dr. Dineshanand Goswami,Dr. Dineshanand Goswami,≤100
109064395797060,Bharti Foundation,Bharti Foundation,≤100
112758448504548,Bandi Ramesh BRS,Bandi Ramesh BRS,≤100
114090705056228,zehal.maski.2,These ads ran without a disclaimer,≤100
129657530418315,Lav Kush Ramlila,These ads ran without a disclaimer,≤100
155418314920954,Orchid HRD Trainings भाषणकला व राजकीय नेतृत्व कौशल्य प्रशिक्षण,Orchid HRD Trainings भाषणकला व राजकीय नेतृत्व कौशल्य प्रशिक्षण,≤100
418319961612958,Sunil Rane,Sunil Rane,≤100
113845853315022,Deepansh Khandelwal,Deepansh Khandelwal,≤100
102091768921733,Ashok dubey bjp,Ashok dubey bjp,≤100
102359045016125,Swadesh News,Swadesh News,≤100
116383754696955,Antardhwani - The Inner Voice,Antardhwani,≤100
445459465661222,Uma Shankar Singh,Uma Shankar Singh,≤100
145703105530196,Brahmachari Chaitanyanand Ji,Brahmachari Chaitanyanand Ji,≤100
639252199805894,Andela Sriramulu Yadav,Andela Sriramulu Yadav,≤100
427314247741421,Ashok Chandna Supporters,Ashok Chandna Supporters,≤100
1748666768770943,Umakant Sharma MLA,Umakant Sharma MLA,≤100
123204638367845,Dr.Saurabh Rathore Hanumangarh,Dr.Saurabh Rathore Hanumangarh,≤100
695738973874352,Dr. Sumer Singh Solanki,Dr. Sumer Singh Solanki,≤100
186199704897466,RD Foundation,RD Foundation,≤100
107660828589805,Dr K.R. Daukiya,Dr K.R. Daukiya,≤100
168345423237875,Santosh Surendra Ahlawat,Santosh Surendra Ahlawat,≤100
114331084875398,Arjun Passi,Arjun Passi,≤100
1644165492504830,Anekal Ramoji Gowda,Anekal Ramoji Gowda,≤100
113155995181667,pen pencil ka job 15000 se 30000 Tak Ghar baithe job joining fees 620,These ads ran without a disclaimer,≤100
256050398281355,MD Chopdar,WEBTIX,≤100
104521050914326,Baliram Siraskar,Baliram Siraskar,≤100
2078769008829362,Ashish Sand,Ashish Sand,≤100
117537484725567,Jitu Goswami MLA,Janmat Consulting,≤100
582670721835799,Around Telugu,Around Telugu,≤100
102277376171800,Yash Agarwal,Yash Agarwal,≤100
1728445464133553,Subhash Singh,Deltacity Digital,≤100
100964746328767,Balbir Chhillar,Balbir Chhillar,≤100
101060925009811,Sandeep Jain - संदीप जैन गुड्डा,Sandeep Jain - संदीप जैन गुड्डा,≤100
107594063255738,Ankur Warikoo,These ads ran without a disclaimer,≤100
988113031199582,Dr. Ramesh Chand Tomar,Dr. Ramesh Chand Tomar,≤100
102123079337554,International Society for Krishna Consciousness,ISKCON Delhi,≤100
365797377098776,Nityanand Rai,Luna Creatives Pvt Ltd,≤100
101913964674756,Pramod Yadav प्रमोद यादव,Pramod Yadav प्रमोद यादव,≤100
118718117854712,Devendra Fadnavis Supporters,Devendra Fadnavis Supporters,≤100
2077783725571679,editorji,editorji,≤100
565714670143123,Ashok Saini,Engitech Media,≤100
107624105748023,Natraj pencil job advance 15000 salary 30000 joining face 620,These ads ran without a disclaimer,≤100
433130516821224,Umang Singhar,Umang Singhar,≤100
1675237799375590,Chandra Mohan Patowary,Chandra Mohan Patowary,≤100
109330784267142,NDN24 News Network,NDN24 News Network,≤100
107170848990547,NAH,These ads ran without a disclaimer,≤100
780571755323898,Bhagwant Khuba,Bhagwant Khuba,≤100
102010991748513,Ashish Patel,Ashish Patel,≤100
987519668052474,Naveen Choudhary - Deepu,Naveen Choudhary - Deepu,≤100
616449045100031,Are yr firrrr pyr hogyaaaa,These ads ran without a disclaimer,≤100
1039557042789139,BJP Dadra & Nagar Haveli,BJP Dadra & Nagar Haveli,≤100
892110527476687,Rajendra Singh Yadav,Rajendra Singh Yadav,≤100
113298644483287,Surendra Singh Rathore,Surendra Singh Rathore,≤100
113581121747161,Indian Peoples Adhikar Party,Ah design,≤100
384000501947350,Devendra Yadav,Think First,≤100
501312639983943,Manish Jaiswal,Manish Jaiswal,≤100
108861325372008,Bharat Bhagya Vidhata,Bharat Bhagya Vidhata,≤100
739221966159227,Rajesh Singh Dayal,Rajesh Singh Dayal,≤100
142752549111246,Construction World,Asapp Info Global Services Pvt. Ltd.,≤100
104633612411419,Dr Samir Kagalkar,Dr Samir Kagalkar,≤100
183635768462259,Madan Kaushik,Abhimanyu Singh,≤100
150727778825020,Mobius Foundation,Mobius Foundation,≤100
100617825751591,Arun Singh - अरूण सिंह,Arun Singh - अरूण सिंह,≤100
101336485851893,Dr Hanuman Barala,Dr Hanuman Barala,≤100
678803825664159,Kanta Sonwal,Kanta Sonwal,≤100
106332112196008,Shiv Shankar Singh,Shiv Shankar Singh,≤100
178425049020153,Ramniwas Ghorela,Ramniwas Ghorela,≤100
122708237486986,Natraj  pen pencil home work job salary  30000 advance 15000 call me,These ads ran without a disclaimer,≤100
395658807511230,International Automobile Centre of Excellence,International Automobile Centre of Excellence (iACE),≤100
103403614933648,M Raghunath Yadav,Tidal Digtal Tech,≤100
184848438961199,Surya Singh,Surya Singh,≤100
103889566126488,PM mudra loan,These ads ran without a disclaimer,≤100
168545223213479,Omprakash Hudla,Omprakash Hudla,≤100
102936156194902,my husband,These ads ran without a disclaimer,≤100
441249902634004,Baba Siddique,Baba Siddique,≤100
424860570941850,Damodar Rawat,Damodar Rawat,≤100
100740282107366,Rahul Yadav,SABERLING TECHNOLOGY PRIVATE LIMITED,≤100
2664755710417121,Narayan Singh Patta,Narayan Singh Patta,≤100
1528722550759100,International Global Network,These ads ran without a disclaimer,≤100
100106038104382,Vishal Saini,Vishal Saini,≤100
1464107573864436,Lalit Yadav,Lalit Yadav,≤100
100722335279089,DrNeha Bhati,DrNeha Bhati,≤100
116583708160706,Dr Shamender Talwar FRSA,FS FINDSCOPE CONSULTANCY LLP,≤100
100368409810514,Inder Singh Bagawas,TSM,≤100
106929185529603,Vishnu Kumar Meena,Vishnu Kumar Meena,≤100
101102281880933,Vicky Ghanour,These ads ran without a disclaimer,≤100
196338294250820,Rohit Gangwal,Modi For PM Organisation,≤100
106158082556368,paint pencil home job salary 30000 advance 15000 joining fees 620,These ads ran without a disclaimer,≤100
235746856771965,HVP Mandal,HVP Mandal,≤100
1612012092202484,Bharat patwari,Bharat patwari,≤100
100817509329248,The Political Marketing Agency,GrowthX India,≤100
421962034490470,Dhananjay Mahadik MP Kolhapur,Ashwamedha Media,≤100
304794613213995,Rajiv Yadav,Rajiv Yadav,≤100
105206415541364,Hasdeo Ka Sach,Hasdeo Ka Sach,≤100
100290836429545,Mandlem Madhusudhana Reddy,Mandlem Madhusudhana Reddy,≤100
333426070147135,Benny Kuriakose Associates,Benny Kuriakose Associates,≤100
101564641386325,Anand Bharose - आनंद भरोसे,Anand Bharose - आनंद भरोसे,≤100
1540402816218352,Ch. Krishan Pal Gurjar,Ch. Krishan Pal Gurjar,≤100
1584551008309986,Navneet chand,Navneet chand,≤100
103719915895025,Shri hari finance,Shri hari finance,≤100
2007686042855628,Prakash Sharma,Prakash Sharma,≤100
115157785246484,Dr. Vikas Choudhary,Dr. Vikas Choudhary,≤100
827495487267419,Amin Pathan,Amin Pathan,≤100
2082424261866450,Vii Media,Vii Media,≤100
1171462299729165,Sandeep Singh Deswal,Sandeep Singh Deswal,≤100
121323597625636,Manne Srinivas BJP,Manne Srinivas BJP,≤100
189279028569667,K P Tripathi,K P Tripathi,≤100
748157955548688,Khangar Singh Sodha,Khangar Singh Sodha,≤100
1762427587154179,Kamlesh Ratan lal choudhary,Kamlesh Ratan lal choudhary,≤100
121924297508141,Impact Guru Foundation India,Impact Guru Foundation,≤100
108531050841926,Shanu Yadav,Shanu Yadav,≤100
102197312670602,विधायक भेंट मुलाकात - Vidhayak Bhet Mulakat,विधायक भेंट मुलाकात - Vidhayak Bhet Mulakat,≤100
1955301821451552,Abhishek Dutta,Abhishek Dutta,≤100
367876657087311,Mahesh B Chouhan,Mahesh B Chouhan,≤100
100626199690541,We Support Amit Shah,We Support Amit Shah,≤100
994578073995343,B. L. Verma,B. L. Verma,≤100
1418900388350146,RAGHURAJ SINGH,RAGHURAJ SINGH,≤100
2674556322574193,धर्म रक्षक धामी,धर्म रक्षक धामी,≤100
1613686538669654,Ashok Singhal Foundation,Digital Xplode,≤100
301600333956877,Rajendra vinayka bjp,Rajendra vinayka bjp,≤100
101346678714992,Vande Bharat 24,Vande Bharat 24,≤100
119324884471716,Kuldeep Thakur SKM,Kuldeep Thakur SKM,≤100
107192855352262,Satbir Singh Kasana,Satbir Singh Kasana,≤100
102744141863451,Deepak Dandoriya,Deepak Dandoriya,≤100
100193472986676,भारतीय राजनीति के चाणक्य - अमित शाह,भारतीय राजनीति के चाणक्य - अमित शाह,≤100
647244058952240,Jaypal Singh Chawda,Jaypal Singh Chawda,≤100
101921952879141,Gadar News Tv,Gadar News Tv,≤100
108961510680625,Dheeraj Thakur,Swanit Infotech,≤100
1990248287670848,Shashank Mani शशांक मणि,Shashank Mani,≤100
106717649071157,I Support Amit Shah,I Support Amit Shah,≤100
170981883727483,Ramnagar Bulletin,Ramnagar Bulletin,≤100
102959812547298,Ajay Jamwal,D P ENTERPRISES,≤100
107729402302653,Amit Shah Fan Club,Amit Shah Fan Club,≤100
112552897745539,सुभाष चन्द्र गुप्ता सूरतगढ़,सुभाष चन्द्र गुप्ता सूरतगढ़,≤100
107946518029943,Sheelu Sahu,Sheelu Sahu,≤100
939229469573667,Karan Kachhadiya,Karan Kachhadiya,≤100
101964264562944,Sanjay Singh Gangwar,Sanjay Singh Gangwar,≤100
105073542218128,Adyokshjanand Tirath,shree adhya shankaracharya dharmotthan sansad,≤100
1666258080321869,Rajpal Singh Chauhan,Rajpal Singh Chauhan,≤100
102110025215686,डॉ देवेन्द्र सिंह धाकड़,डॉ देवेन्द्र सिंह धाकड़,≤100
389557067910726,Arvind Menon,Arvind Menon,≤100
577438402335738,Bhanwar Singh Bhati,Bhanwar Singh Bhati,≤100
177031924416496,Nishu Chandrakar,Nishu Chandrakar,≤100
817607004928968,Narendra Shivaji Patel,Narendra Shivaji Patel,≤100
180133898856688,Tulsi Silawat,Tulsi Silawat,≤100
101934341160333,प्रमोद नाना भानगिरे - Pramod Nana Bhangire,प्रमोद नाना भानगिरे - Pramod Nana Bhangire,≤100
367203836657399,Rajendra Singh Surpura,Rajendra Singh Surpura,≤100
109729694268457,Kapil Kumar,Kapil Kumar,≤100
111697604342383,Monica Rajeev Rajale,Monica Rajeev Rajale,≤100
1638967673052084,Narendra Budania,Engitech Media,≤100
144981609477408,Sardar Jasbir Singh,Sardar Jasbir Singh,≤100
846994962145905,Manoj Kumar Aggarwal,Manoj Kumar Aggarwal,≤100
111678851744552,Dr. Kaushal Poonia,Dr. Kaushal Poonia,≤100
262327200933058,Sumit Kumar,Sumit Kumar,≤100
404746486258732,Project Nanhi Kali,Project Nanhi Kali,≤100
375141272567406,Ravindra Chavan,Ravindra Chavan,≤100
2163983083861031,Atul Kapoor,Atul Kapoor,≤100
246558505475210,Bala Ram Choudhary,Bala Ram Choudhary,≤100
256544464528433,Virendra Singh,Virendra Singh,≤100
106534988325624,Mradubhashi News,Mradubhashi News And Entertainment Pvt Ltd,≤100
1691897091124967,"Mukesh Sharma ""Debu""","Mukesh Sharma ""Debu""",≤100
102829916073446,Vikas Bhagat,Vikas Bhagat,≤100
466642616726169,Parul University,Parul University,≤100
103740287951933,Jan Samwad,Jan Samwad,≤100
110794988713962,प्रदीप कुमार श्रीवास्तव,Fortius Infocom Private Limited,≤100
106952032465378,Go Vigyan Anusandhan Kendra,These ads ran without a disclaimer,≤100
112314771829803,NorthEast Global Investors Summit,NorthEast Global Investors Summit,≤100
632518450236186,Sudarshan Bhagat,Sudarshan Bhagat,≤100
1661884924095986,Sajjan Singh Verma,Sajjan Singh Verma,≤100
101672659196510,Aarthi,Aarthi,≤100
713416382011902,Sahil Shivaji Kedari,Sahil Shivaji Kedari,≤100
112500921917777,parkarcompany9042,These ads ran without a disclaimer,≤100
858612907672344,टीम प्रकाश चौधरी बड़ी सादड़ी,टीम प्रकाश चौधरी बड़ी सादड़ी,≤100
103423471127603,Kishun Kumar Das,Kishun Kumar Das,≤100
102528085734825,Pushkar Singh Dhami 2.0,Pushkar Singh Dhami 2.0,≤100
101898422702437,V N Reddy,V N Reddy,≤100
165713746885794,Ramshankar Vaishnav,Ramshankar Vaishnav,≤100
643493805794204,M.P. Singh Tomar,M.P. Singh Tomar,≤100
104034429250478,Navya India Foundation,Navya India Foundation,≤100
109916533853207,AMIT KUMAR SINGH,AMIT KUMAR SINGH,≤100
135657743788459,Amit Chauhan,Amit Chauhan,≤100
479523482617842,Dr. Komal Vashisht,These ads ran without a disclaimer,≤100
825870624112435,Ramesh Chandra Ratn,Ramesh Chandra Ratn,≤100
470458233479120,Aparajita Sarangi,Reach Digitally,≤100
1435084436764136,Narendra singh Rajput Khader,Narendra singh Rajput Khader,≤100
103881945861586,Raveendra Pratap Singh,Promotion Paradise Pvt Ltd,≤100
204886208223455,Shubhendra Singh Gaur,Swanit Infotech,≤100
114099648349304,Gopal Sahu,Digital Story,≤100
100866198390517,Newzdex,FS Findscope Consultancy LLP,≤100
101892395920443,Aacharya Satanand Ji Maharaj,Aacharya Satanand Ji Maharaj,≤100
103342198327305,Raj Bala Singh,Raj Bala Singh,≤100
104079807638845,Anurag Vaishya,Anurag Vaishya,≤100
107336164119124,Ashvani Singh Little,Ashvani Singh Little,≤100
187593105178779,Om jain,Om jain,≤100
802311956513987,Rahul Singh,Rahul Singh,≤100
750172048700026,Sandeep Shah,Sky Digital,≤100
110197854912974,Sonu Singh Garg,Sonu Singh Garg,≤100
1845447859029425,Gurumantra Classes Patna,These ads ran without a disclaimer,≤100
924412661005391,Jeet Pratap Singh,Jeet Pratap Singh,≤100
1034642453257468,Team Pramod Bhaya,Team Pramod Bhaya,≤100
113564000066861,Satender Saharan Barwala,Satender Saharan Barwala,≤100
107132667706110,IBC NORTH EAST,These ads ran without a disclaimer,≤100
102890039478510,Rajsthan Buzz,Letbee Digital,≤100
112937475086859,कसं काय मुंबई - Kasakai Mumbai,Future Ready Media,≤100
105061898255318,Jitendra Kothari,Jitendra Kothari,≤100
141183519817477,Aiyshwarya Manchanahalli Mahadev,Policy Briefcase,≤100
179765292047054,Manickam Tagore,Minswaysolutions,≤100
104765761522667,Pankaj Dawar,The Social Prachar,≤100
109478065061495,DilipSinh Gohil - BAPU,DilipSinh Gohil - BAPU,≤100
774786002604740,Azad Saifi,Azad Saifi,≤100
109058654923540,सब का साथ सब का विकास,सब का साथ सब का विकास,≤100
111172791994635,Pari Bhai,Pari Bhai,≤100
573641302744623,E3 Talkies,E3 Talkies,≤100
411581785652009,Karamjit Singh Rintu,These ads ran without a disclaimer,≤100
1571167366231304,Ramakant Bhargava,Ramakant Bhargava,≤100
250007248502240,Golu Shukla,Modi For PM Organization,≤100
2267677730118984,Pawan Jain BJP,Pawan Jain BJP,≤100
113736628186529,"भीती नाही कशाची, भाजपा तुमच्या पाठीशी","भीती नाही कशाची, भाजपा तुमच्या पाठीशी",≤100
168844210526885,भाजपा किसान मोर्चा,Bharatiya Janata Party,≤100
104293704247609,Subhash Choudhary,Subhash Choudhary,≤100
113484060843656,The Unmute,The Unmute,≤100
104870714756377,Deepkamal Sharma,Deepkamal Sharma,≤100
110225983799443,Ambaram karada,Ambaram karada,≤100
283160581797691,Narendra Modi for PM,Modi For PM Organisation,≤100
109048635527534,The Rajasthan,Letbee Digital,≤100
1371217389629971,Neelanshu Chaturvedi,Neelanshu Chaturvedi,≤100
111503245222831,राष्ट्रवादी भारत पार्टी मध्यप्रदेश,Rashtravadi Bharat Party,≤100
140624336584770,Yogender Pal Singh Champawat,Yogender Pal Singh Champawat,≤100
113274327055947,Bhajpa Ki Baat,Bhajpa Ki Baat,≤100
113025818530028,usaid support,These ads ran without a disclaimer,≤100
841171029605948,India News,India News,≤100
102766972054067,Pradeep Yadav,Pradeep Yadav,≤100
103168199530093,Uttam Vasudeo,Digital Story,≤100
121936820894514,Apna Rajasthan,Apna Rajasthan,≤100
132859090587882,Surajit Datta,Surajit Datta,≤100
110015738755641,Rajasthan Reporter,Rajasthan Reporter,≤100
513648818973505,Bheemsahan Gurjar Viratngar,Bheemsahan Gurjar Viratngar,≤100
164559610778586,Indrasharan Singh Chauhan,Indrasharan Singh Chauhan,≤100
112512191696033,Shailesh Nitin Trivedi - Baloda Bazar,These ads ran without a disclaimer,≤100
120120621088937,Vikrant Makkar,Vikrant Makkar,≤100
206621716493057,Sunil Singhi,Sunil Singhi,≤100
306142473539454,Yuvau Digital,Yuvau Digital,≤100
106394935826558,Youth राष्ट्रप्रेमी,Youth राष्ट्रप्रेमी,≤100
1619293888308714,Vardhan Yadav,Vardhan Yadav,≤100
123020797444620,The ChakallasBaaz,The ChakallasBaaz,≤100
109034074092751,Rakesh Dayma BJP,Rakesh Dayma BJP,≤100
122672260821443,Rajasthan Wale,Letbee Digital,≤100
106621409157414,Politics Bazar,Politics Bazar,≤100
458921050845532,Dr. Kailash Verma,Dr. Kailash Verma,≤100
115804751477637,Modi4Development,Modi4Development,≤100
109253634221142,Dr Abhishek  Ramadhin,Dr Abhishek  Ramadhin,≤100
773803766048745,Poornima tiwari,Poornima tiwari,≤100
111755497416969,Sukhbir Singh Sidhu,Sukhbir Singh Sidhu,≤100
107400888808198,Mahendran Mohankumar,Mahendran Mohankumar,≤100
376088749187854,Office Of Dr.Saurabh Rathore,Office Of Dr.Saurabh Rathore,≤100
108828628393591,Lakshay Chauhan,Lakshay Chauhan,≤100
862013793830152,Jawahar Mangwani,Jawahar Mangwani,≤100
107968515646803,Pratap Karosiya,pratap karosiya,≤100
109542708827859,Antar Singh Devda,Antar Singh Devda,≤100
108126798528428,Farooq Sheikh,Farooq Sheikh,≤100
269174147050795,महेंद्र सिंह किरार सामरसिंगा,महेंद्र सिंह किरार सामरसिंगा,≤100
644489942266226,Yadram Jangal BJP,Yadram Jangal BJP,≤100
115299260118580,Jaipur Visit,Jaipur Visit,≤100
543454646003576,The Orange Words,The Orange Words,≤100
543596058995303,"Dr. Param Navdeep Singh Doctor, Social Activist, Politician","Dr. Param Navdeep Singh Doctor, Social Activist, Politician",≤100
100250732439696,Rajesh Singh,Rajesh Singh,≤100
405920426879811,Kismat lal Nand,Kismat lal Nand,≤100
406554676628011,Game On,Game On,≤100
685080418508716,Mohd.AsifZaki,Mohd.AsifZaki,≤100
108497578583588,Janpeace Live,Janpeace Live,≤100
103100085360996,Madho Singh Udat,Madho Singh Udat,≤100
684720308205514,Susieben Shah,Susieben Shah,≤100
111610690586822,Santosh Pareek,Santosh Pareek,≤100
256796881388268,Pankaj joshi,Pankaj joshi,≤100
101558561734538,Dr. Ajay Kumar Singh,Dr. Ajay Kumar Singh,≤100
996730467059281,Abhinav Rai,Jamesons Info Solutions,≤100
105840938707727,Uday Shankar Yadav,Uday Shankar Yadav,≤100
1505330276415965,Ajay Porwal,Ajay Porwal,≤100
119377624446965,Gully Politics,Gully Politics,≤100
104029906108788,Natraj Pen Pencil Packing Homework Job Salary ₹30000 Advance ₹15000 Fee620,These ads ran without a disclaimer,≤100
405744396649440,"Brij Mishra, विकास मिश्र, ब्लॉक प्रमुख औराई","Brij Mishra, विकास मिश्र, ब्लॉक प्रमुख औराई",≤100
1433583803429953,Rahat Hussain,Rahat Hussain,≤100
1802523420012948,Pratap Singh Khachariyawas,Pratap Singh Khachariyawas,≤100
113742750352855,Manish Purohit  BJP,Manish Purohit  BJP,≤100
101993345514230,Dhakad Dhami,Dhakad Dhami,≤100
105727697845579,"ओम सोनी जिलाध्यक्ष भाजपा,बड़वानी","ओम सोनी जिलाध्यक्ष भाजपा,बड़वानी",≤100
426868484184031,Vimal Katiyar,Vimal Katiyar,≤100
100947489007404,Harsh Yadav,Harsh Yadav,≤100
175198709532974,Bhabesh kalita ভৱেশ কলিতা,Suryanetram,≤100
1584395508448696,Manash Borah,Manash Borah,≤100
433382980078113,Gudur Narayana Reddy,Kalyan Chandra Consulting,≤100
101281708260644,Samdarsi meena Sarpanch,Samdarsi meena Sarpanch,≤100
104122195260035,Bharti Tarun Kaushik Bhaiya Ji,Bharti Tarun Kaushik Bhaiya Ji,≤100
104932221042125,Office - Indra Choudhary,Office - Indra Choudhary,≤100
979842258813636,Chetan Wanchoo,Chetan Wanchoo,≤100
394484024699922,Keshaw Harmukh Banti,Keshaw Harmukh Banti,≤100
104950685914319,रवीन्द्र मिश्र,रवीन्द्र मिश्र,≤100
1598678513546516,Shakti Singh Hada,Shakti Singh Hada,≤100
113272511778557,ujjwal joshi sonu,ujjwal joshi sonu,≤100
104616115291200,Ganga Pandey,Ganga Pandey,≤100
101069702318274,I Support Dhami,I Support Dhami,≤100
1590329151099288,Akshay Bhartiya,ALMA Creators,≤100
644400709346753,Adv.Uma Shanker Sharma,Adv.Uma Shanker Sharma,≤100
111678684790364,APP Live Rajsthan,APP Live Rajsthan,≤100
113207704780878,Anurag Dhanda,Anurag Dhanda,≤100
153891144797146,Uttam Kumar Reddy,Uttam Kumar Reddy,≤100
1055273994583610,Mohan Lal Meena,Mohan Lal Meena,≤100
643001122724792,Shambhu Kumar,Shambhu Kumar,≤100
116268254861093,संत रविदास यात्रा,Graviti,≤100
602711956462500,Praful Pansheriya,Praful Pansheriya,≤100
105343811139075,शर्मिला सिंह सभासद-अशोक कुमार सिंह “मुन्ना सिंह”,Shivaya Clinic & Hospital,≤100
114692509200057,ChandraShekhar Malviya,ChandraShekhar Malviya,≤100
104239962727815,Rohini Prasad Saket,digital luminous,≤100
647578265426509,Gurdev Sharma Debi,Gurdev Sharma Debi,≤100
111770854054940,Pushkar Dhami for Uttarakhand,Pushkar Dhami for Uttarakhand,≤100
100440712837998,Kuldeep Singh Taal,Kuldeep Singh Taal,≤100
112907815093852,Suresh Giri BJP,Suresh Giri BJP,≤100
594648641195421,Vijay Agrawal,Vijay Agrawal,≤100
2431806523558570,Aditya Bhagat,Aditya Bhagat,≤100
510605539412785,Buli Dutta,Buli Dutta,≤100
2052003881739795,GoreLal Barman,GoreLal Barman,≤100
105544365669018,Trilok Rathod,Trilok Rathod,≤100
196865770447767,Ramchandra Dangi,Ramchandra Dangi,≤100
100414279367637,Priyanka Chowdhury,These ads ran without a disclaimer,≤100
577847985708945,Statecraft,Statecraft,≤100
553481855170586,Harvinder Kalyan,Harvinder Kalyan,≤100
106415615400636,Dr Kadiyala Venkateswara Rao,Dr Kadiyala Venkateswara Rao,≤100
430063320850056,Nitin Sawant - नितीन सावंत,Nitin Sawant - नितीन सावंत,≤100
423928144293931,Mahender Pratap Singh,Mahender Pratap Singh,≤100
116476584663869,Sirikonda Madhusudanachary,Sirikonda Madhusudanachary,≤100
111369608336891,Hindoli-Nainwan Ashok Ke Sang,Hindoli-Nainwan Ashok Ke Sang,≤100
767805023307544,Santosh Kumar Singh BJP,Santosh Kumar Singh BJP,≤100
101512131898754,Kisan Army Kisan Ekta Mission,Kisan Army Kisan Ekta Mission,≤100
150142102022817,Namo Supporter,Adv Tech,≤100
109899068556981,जनमंच 24 INDIA,जनमंच 24 INDIA,≤100
808248039220230,Neel rao,Neel rao,≤100
100214898257722,Bhak Budbak - भक बुड़बक,Bhak Budbak - भक बुड़बक,≤100
962944467067839,Sandeep Saini,Sandeep Saini,≤100
102537649435337,Vinayak Kumar,Vinayak Kumar,≤100
134511133748143,I Support Yogi,I Support Yogi,≤100
521034828342719,Harshita Swami Baghel,Harshita Swami Baghel,≤100
369794900180950,Dinesh Rathore,Dinesh Rathore,≤100
102447714973094,Yusuf Salahuddin,Yusuf Salahuddin,≤100
196768577546553,Sandip Joshi,Sandip Joshi,≤100
338606866489276,Devesh Kumar,Devesh Kumar,≤100
481470751983754,Ravikant Tupkar,Ravikant Tupkar,≤100
109212265164066,Naresh Lalvani,These ads ran without a disclaimer,≤100
108482655070359,Ishan Tyagi,Ishan Tyagi,≤100
103088902327676,Dwarka Kunj,Dwarka Kunj,≤100
1874653249523846,Sandeep Sohi,These ads ran without a disclaimer,≤100
198090980676319,Manish Sinha,Manish Sinha,≤100
1426641550688098,Manoj Balchand Singhania,These ads ran without a disclaimer,≤100
106261054498841,Advocate Rajat Bhargava,Advocate Rajat Bhargava,≤100
106394871443089,Amit Kumar Singh,Amit Kumar Singh,≤100
802090139805877,Tony Marioghae,These ads ran without a disclaimer,≤100
243905136121906,Dr. Jury Sharma Bordoloi,Dr. Jury Sharma Bordoloi,≤100
269564916885121,Aftab Khan City Headlines,Aftab Khan City Headlines,≤100
352171861622734,Roji M John,Roji M John,≤100
1401117106783618,Bjp Chhattisgarh,Bharatiya Janata Party,≤100
112003551916660,Rachana Sher Singh Jatav,Rachana Sher Singh Jatav,≤100
137192210235379,देशभक्त भारतीय,Adv Tech,≤100
106061215888709,Holcomb company coin company,These ads ran without a disclaimer,≤100
168228334032318,Sat Sharma CA,Sat Sharma CA,≤100
609407375841229,Suresh Rana,Suresh Rana,≤100
1176347162398086,Guru Nanak Naam Leva,Guru Nanak Naam Leva,≤100
113644653653399,Rakesh Tanwar,These ads ran without a disclaimer,≤100
383474185469428,Ananta Civil Service Academy,These ads ran without a disclaimer,≤100
110928101939963,CM Ramesh,Vyuhah Consulting,≤100
273661829830301,Vitamin Angels - India,Vitamin Angels India,≤100
108141294888035,USTV INDIA,USTV INDIA,≤100
873749909487724,Baleshwar Sahu,Baleshwar Sahu,≤100
100318448596251,Akhilesh Jain,Akhilesh Jain,≤100
114557964952202,shudra_the_rising1,These ads ran without a disclaimer,≤100
103088575821051,National Daily News,National Daily News,≤100
113600070339320,WWE Kavita Devi,WWE Kavita Devi,≤100
1105918679563229,Pawan Mishra - पवन मिश्रा,Pawan Mishra - पवन मिश्रा,≤100
1102369233109531,Pooja Bharti Chhabra,Pooja Bharti Chhabra,≤100
1753796244634358,We Support Yogi Adityanath,Adv Tech,≤100
339829916456258,श्याम बिहारी जायसवाल,श्याम बिहारी जायसवाल,≤100
124939914843922,Om Bishnoi,Om Bishnoi,≤100
108540368146168,Bhanu Pratap Singh,Bhanu Pratap Singh,≤100
106387320904644,Narsareddy Bhoopathireddy,Narsareddy Bhoopathireddy,≤100
103838939010208,Dr Makunuru Sanjay Kumar,Dr Makunuru Sanjay Kumar,≤100
1656810004631832,Youth 4 BJP,Adv Tech,≤100
106513368217532,Kento Jini,Kento Jini,≤100
438039076647417,Dr. Anirban Ganguly,Dr. Anirban Ganguly,≤100
1124519974286879,Jasvantsinh Bhabhor,Ar Digital Media,≤100
352490425149843,Satyajit Bhowmik,Satyajit Bhowmik,≤100
101626666356456,नटराज पेंसिल कंपनी से जुड़कर घर बैठे पेंसिल पैकिंग का काम करें,These ads ran without a disclaimer,≤100
189271178483352,Five Lotus Indo German,Five Lotus Indo German,≤100
101175398130584,Dayal Chouhan,Dayal Chouhan,≤100
101861046046402,राजनीति उत्तराखण्ड की,राजनीति उत्तराखण्ड की,≤100
101442072982172,Mujeeb Ullah Shareef,Mujeeb Ullah Shareef,≤100
120418961035428,Mangilal Godara,Mangilal Godara,≤100
283340209147626,Dr O.P. Tripathi,Suman Media Broadcasting Pvr. Ltd.,≤100
577856385582447,Raghu Sharma,Raghu Sharma,≤100
101460484949823,Ajeet Singh,Ajeet Singh,≤100
1433894153522813,Pramod Bhaya,Pramod Bhaya,≤100
437736246329765,Anand Sagar,Anand Sagar,≤100
109897448624145,Yolo Health,Yolo Health,≤100
108350255495698,Narendra Suniyan,Narendra Suniyan,≤100
901168763333296,Ashok Chandna Fans,Ashok Chandna Fans,≤100
432318723489703,Khalsa Panel Indore,Khalsa Panel Indore,≤100
102881635959815,Bhisham sharma ex mla,Bhisham sharma ex mla,≤100
115567171457504,Themokikoki,Themokikoki,≤100
394168494317389,MIT World Peace University,MIT World Peace University,≤100
141491449241356,Ranjitsinh Mohite Patil,Ranjitsinh Mohite Patil,≤100
431454157629297,Mukesh Ahlawat,Mukesh Ahlawat,≤100
100771155148458,Bhuwan Yadav,Bhuwan Yadav,≤100
388914838608647,Arun Sao,Arun Sao,≤100
347134942104683,Uma Maheshwara Naidu Madineni,Vyuhah Consulting,≤100
110330611716054,Dr P.V Siddareddy MLA,Dr P.V Siddareddy MLA,≤100
2214015218837128,Nishan singh Daliyanwali,These ads ran without a disclaimer,≤100
1930311800420310,Ashutosh Kumar Shahi,Easy Social,≤100
395217057599276,Gaurav Singh,Gaurav Singh,≤100
274625602685907,Nayab Saini,These ads ran without a disclaimer,≤100
106579659123221,ICWF World,ICWF Events & Exhibitions LLP,≤100
105311899249332,CorruptionNath - करप्शननाथ,corruptionnath.com,≤100
1731231670529464,Yogesh Nagar,YUVIRAJ REAL ESTATE AND DEVELOPER PVT LTD,≤100
100921743769477,Vikas Kumbhare,Vikas Kumbhare,≤100
110041803678379,Kabir Shankar Bose,Kabir Shankar Bose,≤100
109666834688109,Saleem Sarang,Saleem Sarang,≤100
527218987644138,Startup Spine,Startup Spine,≤100
109392255571173,natraj pen pencil home works job,These ads ran without a disclaimer,≤100
100323604995836,Ramdas Patil,Ramdas Patil,≤100
111104803904992,The Daily Guardian,The Daily Guardian,≤100
100279188306944,Amrish rai,Amrish rai,≤100
113530178475457,आकाश राय पहलवान,These ads ran without a disclaimer,≤100
391654307564047,Abhinav Rajasthan Party,Abhinav Rajasthan Party,≤100
107931575229176,Kishor Mahanand,Kishor Mahanand,≤100
807729982669771,Chaudhary jeetandra singh jatav,Chaudhary jeetandra singh jatav,≤100
1032279623566321,Vibhash Singh Thakur,These ads ran without a disclaimer,≤100
100137128557091,Chain Singh Rajpurohit,These ads ran without a disclaimer,≤100
103269802271808,Neelam Ahlawat Chairperson,These ads ran without a disclaimer,≤100
1149375478489344,Harvinder Singh Sarna,Harvinder Singh Sarna,≤100
132806813793938,Paramjit Singh Sarna,Paramjit Singh Sarna,≤100
863857043744682,Radiant Public School - Ekta Nagar LKO,These ads ran without a disclaimer,≤100
119552754453538,One Buldana Mission,These ads ran without a disclaimer,≤100
1819997541592243,Imran Qureshi,Imran Qureshi,≤100
200656053749674,Harkesh meena,These ads ran without a disclaimer,≤100
1433075113609108,Rakhee Rathore,Rakhee Rathore,≤100
102466218341704,Aasna Jaiswal,Aasna Jaiswal,≤100
111284168025468,Gaurav Kakkar,Gaurav Kakkar,≤100
264905000377104,Sunil Shelke,Sunil Shelke,≤100
104740548657079,Mohammad Sarwar Malik,Mohammad Sarwar Malik,≤100
774085386059198,Voice Of Healthcare,Voice Of Healthcare,≤100
1629895220373258,Dr. Manoj Kumar Shah,Dr. Manoj Kumar Shah,≤100
472844082918408,Atik Kapadia,Atik Kapadia,≤100
710295175818749,Dr Devji Patel,AniEffects Media Works,≤100
395910177835208,Vijay Kumar Singh Congress,Vijay Kumar Singh Congress,≤100
101455456372395,mma_krrishrao,These ads ran without a disclaimer,≤100
101950284786862,Kashmir News Zone-KNZ,These ads ran without a disclaimer,≤100
109455522074621,Neetesh Neetesh Kumar Kumar,These ads ran without a disclaimer,≤100
1136627126499370,Arun Kumar Sagar,Arun Kumar Sagar,≤100
105352618893717,Shankar yadav,Shankar yadav,≤100
161111657319374,Anil lunkad,Anil lunkad,≤100
981603711956127,Abdul Hafiz Malik,brandprogrammer,≤100
105815214455511,Anmol Knowledge,Anmol Knowledge,≤100
100644445894610,Dr. Sadhana Gupta,Dr. Sadhana Gupta,≤100
100680629156550,Yash Agrawal,Yash Agrawal,≤100
108997041783722,The Unmute Special,The Unmute Special,≤100
101672898975493,VishwasGupta BJP,These ads ran without a disclaimer,≤100
2039790472976637,डॉ रमेश देवासी  रानीवाडा,These ads ran without a disclaimer,≤100
101204505440026,Indraj Khichar,Indraj Khichar,≤100
106720999172298,Desi katta pistol gun,These ads ran without a disclaimer,≤100
182259782314592,BJYM Faridabad,BJYM Faridabad,≤100
112335795266000,Ladmark Digitals,These ads ran without a disclaimer,≤100
110462184191065,The Media Report,These ads ran without a disclaimer,≤100
104618305980027,BJP SC Morcha Ludhiana - Urban,These ads ran without a disclaimer,≤100
106761847407190,Mayur Kapse,These ads ran without a disclaimer,≤100
427521707672968,Gyana Ram Ranwa Chandpura,Gyana Ram Ranwa Chandpura,≤100
111397805268915,Dr Ramdev Choudhary,Dr Ramdev Choudhary,≤100
701920230171012,NCR Samachar,These ads ran without a disclaimer,≤100
104492521610413,Kurugondla Ramakrishna,Social Grow Company,≤100
101851231160329,Tammangouda RaviPatil Page,Tammangouda RaviPatil Page,≤100
107792554485544,Dr. Amit Singh Chauhan,VC infotech,≤100
103857572574387,I Support Yogi Maharaj,I Support Yogi Maharaj,≤100
101032445824004,ManYantra - मन यंत्र,These ads ran without a disclaimer,≤100
102625881359851,Subhash Jodhpuria,These ads ran without a disclaimer,≤100
289085061102499,Sukhwinder Singh Bindra,Sukhwinder Singh Bindra,≤100
109221765323047,Paresh Vaghasiya,These ads ran without a disclaimer,≤100
102119514834721,Chhavi nirman,Chhavi nirman,≤100
1836304373287204,Sanjay Shukla,Filmitics Media,≤100
101587653020601,ysgsj_a5,These ads ran without a disclaimer,≤100
105530752376295,"Shiromani Akali Dal, Delhi Unit","Shiromani Akali Dal, Delhi Unit",≤100
105094349065194,Suraj Thakare,These ads ran without a disclaimer,≤100
105556632483422,Jyoti Soni,Jyoti Soni,≤100
109893211236605,Rahul mahala,Rahul mahala,≤100
1408837089361736,Venkat Reddy,Venkat Reddy,≤100
109779048752146,Maharashtra Building and Other Construction worker's welfare Board,OM Enterprises,≤100
105560431512954,Boopathi Raja K,Boopathi Raja K,≤100
1006309686054751,Ajayvir Singh Lalpura,These ads ran without a disclaimer,≤100
121532230871819,Suresh Dosi BJP,Suresh Dosi BJP,≤100
103412105257880,Intense Shadows,Intense Shadows,≤100
104357142124794,Way2News Tamil Nadu,These ads ran without a disclaimer,≤100
243546349788322,Sunil Sharma,Sunil Sharma,≤100
924791427628665,Sunil Kelanka,Sunil Kelanka,≤100
100417006046204,Nayan Kumar,Nayan Kumar,≤100
102812875607635,AIPMM,AIPMM,≤100
107517872390407,Parvez Khan,These ads ran without a disclaimer,≤100
102599059232174,Lokshahi Party,Lokshahi Party,≤100
110396188795815,Social Girl Pratha,These ads ran without a disclaimer,≤100
2436865129676588,Siyasi Pitch,Digijiyo Solutions,≤100
101934585218353,Tax Seva Kendra,These ads ran without a disclaimer,≤100
108264114116280,Anuj Kumar Singh,These ads ran without a disclaimer,≤100
1879092478989809,Idam Valam,Idam Valam,≤100
100654141751707,Dr. VCR. Kumaran,Dr. VCR. Kumaran,≤100
101034329277084,mohityadav6717,These ads ran without a disclaimer,≤100
250217725567015,Sumer Singh Garha,NBI Digital,≤100
1581803828808427,Kamal Singh Malik,Kamal Singh Malik,≤100
108405388910972,Raj Gupta,These ads ran without a disclaimer,≤100
1757441471197224,Hardik Patel,Hardik Patel,≤100
113944631732008,इंडियन Politics,इंडियन Politics,≤100
429827690725007,Kuldeep Yadav BJP,These ads ran without a disclaimer,≤100
110470755454905,online pencil packing homework job all India,These ads ran without a disclaimer,≤100
203795313615859,PDTV News,PDTV News,≤100
110952065292652,Socio Samachar,These ads ran without a disclaimer,≤100
123249407425036,Nirani Story,Nirani Story,≤100
1487727071465283,Pushpendra Singh Jadon,These ads ran without a disclaimer,≤100
105704975782855,We Support Narendra Modi & Amit Shah,We Support Narendra Modi & Amit Shah,≤100
223835024823762,Ashok Chandna Friends,Ashok Chandna Friends,≤100
100240283065658,Youth Can Lead,Youth Can Lead,≤100
224163281073368,BJP Arunachal Pradesh,BJP Arunachal Pradesh,≤100
1465182463784891,Gudivada Tdp,Gudivada Tdp,≤100
100784414729765,Bhuma Kishore Reddy,Bhuma Kishore Reddy,≤100
106335282281805,Wishwas Julka,These ads ran without a disclaimer,≤100
114849147779450,Eatala Rajendar anna abhimanulam,Eatala Rajendar anna abhimanulam,≤100
118552134469003,Raju Batham Official,Raju Batham Official,≤100
2095156534051595,Sakshi TV,Sakshi TV,≤100
805526169610318,Shubhashray Housing India,shubhashray housing india,≤100
171292410375738,Pradhan Dheeraj Chhonker,These ads ran without a disclaimer,≤100
101305506366362,Natraj pen pencil job Ghar baithe 30000 salary 15000 advance,These ads ran without a disclaimer,≤100
103268988029031,Vaishnav Sangh of USA,These ads ran without a disclaimer,≤100
111113447867154,The Daily Dose,These ads ran without a disclaimer,≤100
880192282095073,مرصد السياسات الاجتماعية والاقتصادية-Social and Economic Policies Monitor,These ads ran without a disclaimer,≤100
102635655320437,Number Match - Logic Puzzle Game,These ads ran without a disclaimer,≤100