﻿Page ID,Page name,Disclaimer,Amount spent (LBP)
101538412538521,شطرنج / مع محمد صابونجي,إياد خالد,30303
1428873024044736,المدن - almodon,المدن - almodon‎,9091
1680404738865135,Lebanon Elections إنتخابات لبنان,Lebanon Elections,7576
101985661610385,Annahar Al Arabi,Annahar Al Arabi,6061
1438703606372190,Elham Said Freiha,Elham Freiha,4545
164472683608068,Act for the Disappeared,ACT for the Disappeared,4545
102023711572671,أساس ميديا -  Asas Media,asasmedia,4545
1744356319118477,هنا لبنان,هنا لبنان,3030
106197498149118,لبنان الكبير,Grand Lebanon,3030
274138756817,Architonic,These ads ran without a disclaimer,1645
466221740108607,May Chidiac Foundation - Media Institute,May Chidiac,1515
212513695502997,Annahar Newspaper | جريدة النهار,Annahar Newspaper | جريدة النهار,1515
104252028606448,صوت بنت جبيل,صوت بنت جبيل,1515
107266890756055,Nicolas Chikhani Finance,Nicolas Chikhani Finance,1515
110470091436602,Ici Beyrouth,Ici beyrouth,1515
322181790311,Lebanese Forces News,Lebanese Information Technology Services s.a.r.l,1515
107800617419717,MYKA Foundation,Elie M. ElHelou,1515
107698404702208,Alkalima,Alkalima Onlime,1515
100127203020362,Siyasiya,Michel Gedeon,1439
106821968055687,Leila Dagher,Leila Dagher,652
204309706385271,Maharatnews,Maharat Foundation,364
1918990294985442,Megaphone - ميغافون,Megaphone - ميغافون,≤100
107847177821253,NOW الشرق,These ads ran without a disclaimer,≤100
2319249898311729,National Bloc - الكتلة الوطنيّة,These ads ran without a disclaimer,≤100
64982236830,Alumni Association of the University of Michigan,These ads ran without a disclaimer,≤100
109112633772887,180post,180Post,≤100
128417954019381,Al-Moltaka,Melhem Boustany,≤100
2319249898311729,National Bloc - الكتلة الوطنيّة,National Bloc - الكتلة الوطنيّة,≤100
105319651353770,Jusur,Jusur,≤100
323356544336,KAFA (enough) Violence & Exploitation,KAFA (enough) Violence & Exploitation,≤100
116407493525071,حفريات,These ads ran without a disclaimer,≤100
105758000974645,TAQADDOM - تقدم,Taqaddom,≤100
118246218258237,Transparency International Lebanon - No Corruption,Lebanese Transparency Association-No Corruption,≤100
102570761484258,Asharq Business اقتصاد الشرق,These ads ran without a disclaimer,≤100