﻿Page ID,Page name,Disclaimer,Amount spent (VND)
100377076121097,Chùa Long Hương - TT. Thích Tuệ Hải,These ads ran without a disclaimer,4516
107086345489871,Mftool.vip 63002578,These ads ran without a disclaimer,4206
1507429892822619,BOM Money,BOM Money,789
121321312984092,Sự Kiện Truyền Thông Quốc Gia,These ads ran without a disclaimer,577
110986068646142,VCB Hỗ Trợ Tài Chính Kinh Doanh,These ads ran without a disclaimer,253
108970177307778,HÀ NỘI News,These ads ran without a disclaimer,103