﻿Page ID,Page name,Disclaimer,Amount spent (USD)
101605572118417,Qarabağ Dirçəliş Fondu,Qarabağ Dirçəliş Fondu,≤100
101289938053927,Elnur Allahverdiyev,Elnur Allahverdiyev,≤100
112546131722398,Maraqlı xəbərlər,These ads ran without a disclaimer,≤100
113249571609702,Hörümçək az,Hörümçək az,≤100
178886752255904,APA TV,APA TV,≤100
330940447588598,APA,Azeri Press Agency,≤100
100185181783407,Meclis.info,Meclis.info,≤100
806234346120161,Toplum TV,Toplum tv,≤100
459298240774359,ModeratorAz,Taryel Huseynli,≤100