﻿Page ID,Page name,Disclaimer,Amount spent (EUR)
104052104595148,"Senatorin für Gesundheit, Frauen, Verbraucherschutz Bremen","Senatorin für Gesundheit, Frauen und Verbraucherschutz",112
104665757631022,Die Bremer Stadtreinigung,Die Bremer Stadtreinigung,≤100
108268845888673,Bundesministerium für Arbeit und Soziales,Bundesministerium für Arbeit und Soziales,≤100
106896292163793,mehr-schutz.de,AstraZeneca GmbH,≤100
112369170621210,Deutschland spricht über 5G,"Dialoginitiative ""Deutschland spricht über 5G""",≤100
1249025528531105,LV Bremen - Tierschutzpartei,PARTEI MENSCH UMWELT TIERSCHUTZ,≤100
114186703597807,VIER PFOTEN,VIER PFOTEN,≤100
22541752487,Greenpeace Deutschland,Greenpeace Deutschland,≤100
160531500656482,FDP-Fraktion Bremen,FDP-Fraktion Bremen,≤100
161273245888,Save the Children Deutschland,Save the Children Deutschland,≤100
1114156508732301,Zivile Helden,Polizeiliche Kriminalprävention der Länder und des Bundes,≤100
343364921106,Caritas international,Caritas international,≤100
111501317017740,Motatos Deutschland,Motatos,≤100
218786540044,WWF Deutschland,WWF Deutschland,≤100
82734241364,Campact e.V.,Campact e.V.,≤100
331832984040,LichtBlick,LichtBlick,≤100
236934790401,UNO-Flüchtlingshilfe,UNO-Flüchtlingshilfe,≤100
478399422560922,KadeFungin,DR. KADE,≤100
2301403743268471,Dr. Tim Haga,These ads ran without a disclaimer,≤100
102169625710148,ClimaClic,Burda Direct GmbH,≤100
56497026719,SOS-Kinderdörfer weltweit,SOS-Kinderdörfer weltweit Hermann-Gmeiner-Fonds Deutschland e.V.,≤100
103919417972272,Unabhängige Beauftragte für Fragen des sexuellen Kindesmissbrauchs,Unabhängiger Beauftragter für Fragen des sexuellen Kindesmissbrauchs,≤100
201065353264638,yello,yello,≤100
1508446642792459,Vattenfall,Vattenfall Deutschland,≤100
1173504606112676,Bundesministerium für Bildung und Forschung,Bundesministerium für Bildung und Forschung,≤100
133306764192,NABU Bundesverband,NABU Bundesverband,≤100
768905426534529,Bundesregierung,Bundesregierung,≤100
82055658434,CARE Deutschland e.V.,CARE Deutschland e.V.,≤100
1509790395958123,Aktion gegen den Hunger,Aktion gegen den Hunger,≤100
130288206997548,dierotationsdrucker,dierotationsdrucker.de,≤100
136260152219,World Vision Deutschland e.V.,World Vision Deutschland e.V.,≤100
105845231718268,Light for the World Deutschland,Light for the World - Licht für die Welt e.V.,≤100
341486659645594,FDP Fraktion Bundestag,Fraktion der Freien Demokraten im Deutschen Bundestag,≤100
259770724096761,Animal Equality Germany,Animal Equality Germany e.V.,≤100
102616273110279,Börsen-Zeitung,WM Gruppe,≤100
582382331851756,Prometheus - Das Freiheitsinstitut,Prometheus - Das Freiheitsinstitut,≤100
44511549119,Konrad-Adenauer-Stiftung,Konrad-Adenauer-Stiftung e.V.,≤100
21289227249,FDP,FDP,≤100
150380582965,Der Mittelstand. BVMW,"Der Mittelstand, BVMW e.V.",≤100
382186268590822,ADF International,ADF International Deutschland e.V.,≤100
156304484388194,DIE LINKE. Berlin,DIE LINKE. Berlin,≤100
121678260974,Initiative Neue Soziale Marktwirtschaft (INSM),Initiative Neue Soziale Marktwirtschaft,≤100
182704598535,Open Doors Deutschland,Open Doors Deutschland,≤100
1062482463795133,Liebesleben,Bundeszentrale für gesundheitliche Aufklärung (BZgA),≤100
105664798388099,Make.org,Make.org,≤100
130534873659391,Green Planet Energy,Green Planet Energy eG,≤100
109573920927141,Ichwillfair,Initiative für nachhaltige Agrarlieferketten,≤100
614408642007931,Zurich,Zürich Beteiligungs-Aktiengesellschaft (Deutschland),≤100
101034177178,Cleanthinking.de - Sauber in die Zukunft,Martin Ulrich Jendrischik,≤100
23216224900,Plan International Deutschland,Plan International Deutschland e.V.,≤100
107085727344683,Mein Schlüssel zur Welt,Bundesministerium für Bildung und Forschung,≤100
160355334000102,PLANT-MY-TREE,PLANT-MY-TREE,≤100
114554831934355,Tierschutzbund,Deutscher Tierschutzbund e.V.,≤100
111616771110534,Beyond Riches,These ads ran without a disclaimer,≤100
111698888335211,Daskannkunststoff,ALPLA Werke Alwin Lehner GmbH & Co KG,≤100
1393167744264822,Bundesministerium für Digitales und Verkehr,Bundesministerium für Verkehr und digitale Infrastruktur,≤100
2188342231399828,HSI/Deutschland,HSI Europe,≤100
120479081330563,Körber-Stiftung,Körber-Stiftung,≤100
846335975484709,The Generation Forest,The Generation Forest eG,≤100
144380008933707,SPD-Fraktion im Bundestag,SPD-Bundestagsfraktion,≤100
116335026590900,Mülltrennung wirkt,die dualen Systeme,≤100
109931833792280,Everdrop,everdrop,≤100
108804948262971,Klimaschutzkampagne #senkmit,energiekonsens,≤100
108633728581883,Rettet Biokraftstoffe,OVID Verband,≤100
101274842793956,Greenpeace grad jetzt,Greenpeace e.V.,≤100
141319602603904,Jusos im Kreis Verden,Jusos im Kreis Verden,≤100
178362315106,European Parliament,European Parliament,≤100
533449653783649,Impfopoint,Impfopoint – einer Initiative des Landesapothekerverband Baden-Württemberg e.V,≤100
2217781501611808,Fabian Vergil,Fabian Vergil,≤100
1093989863995799,hep,hep global GmbH,≤100
103445325977929,Dr. Christian Kornek,Christian Michael Kornek,≤100
273454591804,SOS-Kinderdorf Deutschland,SOS-Kinderdorf e.V.,≤100
819882118031178,Grüne Delmenhorst,Bündnis 90/Die GRÜNEN KV Delmenhorst,≤100
263503200272,Welthungerhilfe,Welthungerhilfe,≤100
169367889785454,Arbeitgeberverband Gesamtmetall,Arbeitgeberverband Gesamtmetall,≤100
109135282454928,"Konrad-Adenauer-Stiftung e.V., Politisches Bildungsforum Niedersachsen","Konrad-Adenauer-Stiftung e. V., Politisches Bildungsforum Niedersachsen",≤100
157935946201,co2online,co2online gemeinnützige Beratungsgesellschaft mbH,≤100
111789447030484,Bundesfinanzministerium,Bundesfinanzministerium,≤100
143066725750605,ContRa e.V.,ContRa e.V.,≤100
135591596484147,ABDA - Bundesvereinigung Deutscher Apothekerverbände e. V.,ABDA - Bundesvereinigung Deutscher Apothekerverbände e. V.,≤100
123292927706635,junge Welt,junge Welt,≤100
521512268012838,Kindernetzwerk e.V.,Kindernetzwerk e.V.,≤100
294494163510,Europäisches Parlament - Verbindungsbüro in Deutschland,Europäisches Parlament - Verbindungsbüro in Deutschland,≤100
614408642007931,Zurich,These ads ran without a disclaimer,≤100
287262495022741,Fuchs,Fuchs GmbH & Co. KG,≤100
101683398140023,Salus,Salus,≤100
117738101626747,GP JOULE,GP JOULE GmbH,≤100
193902536304,Aufbau Verlage,Aufbau Verlag GmbH & Co.KG,≤100
168345003180923,Schön Klinik Gruppe,Schön Klinik SE,≤100
510117665830401,Hilfetelefon Gewalt gegen Frauen,"Hilfetelefon ""Gewalt gegen Frauen""",≤100
103052095897160,Justus-Liebig-University Giessen Institute of Sociology,Elmar Schlueter,≤100
164513593594332,Deutsche Aidshilfe,Deutsche Aidshilfe,≤100
206584163580,Stiftung Mercator,Stiftung Mercator,≤100
101326131878243,GP Prüfservice,Marcus Pauli,≤100
109268274798247,E-Fuels-Forum,CLASSIC Tankstellen GmbH & Co. KG,≤100
145944615464920,Polarstern Energie,Polarstern Energie,≤100
110056008288031,Rechtsanwaltskanzlei Matthias Prinz - Mainz,Matthias Prinz,≤100
1176675472454246,CAPinside.com,CAPinside GmbH,≤100
105202642419481,Plant-My-Tree. Die Stiftung.,PLANT-MY-TREE. Die Stiftung.,≤100
359720447745148,Sustainable Natives,sustainable natives eG with Facebook ad credits,≤100
104840074825135,Frank Rinck,Frank Rinck,≤100
1565754943752371,Robert Farle,Robert Farle,≤100
413826305343387,Krautreporter,Krautreporter,≤100
101374595722366,fgrns - designed in sweden,fgrns - designed in sweden,≤100
100354762415568,BitteWas - Kontern gegen Fake und Hass,Landesmedienzentrum Baden-Württemberg Standort Stuttgart,≤100
1004883576238809,GoodJobs,GoodJobs GmbH,≤100
837029206665363,Tabakquartier Bremen,Tabakquartier,≤100
205407872835976,Gabor Steingart,Media Pioneer Publishing AG,≤100
209697875758716,DIE JUNGEN UNTERNEHMER,Die Jungen Unternehmer,≤100
512403718895902,Wildtierschutz Deutschland e.V.,Wildtierschutz Deutschland e.V.,≤100
236044090111,VDI Verein Deutscher Ingenieure,VDI Verein Deutscher Ingenieure e.V.,≤100
300225473377094,indeon magazin,Medienhaus der Evangelischen Kirche in Hessen und Nassau GmbH,≤100
132505256799678,Linksfraktion Berlin,Linksfraktion Berlin,≤100
1790885824313860,Fidelity International DE,FIL Investment Services GmbH,≤100
198244400189055,Entega,ENTEGA Plus GmbH,≤100
399241730563,Quarks,Westdeutscher Rundfunk Köln,≤100
276040002549416,FREIE WÄHLER Bayern,Freie Wähler Bayern,≤100
127143338110,missio,missio,≤100
1077260675704647,Wohnglück,Impleco GmbH,≤100
175212715823081,Thüringen entdecken,These ads ran without a disclaimer,≤100
104959658833469,Verfolgte im Nationalsozialismus,Bundesverband Information & Beratung für NS-Verfolgte e.V.,≤100
191851397669230,VETO – Tierschutz,VETO - Tierschutz,≤100
133878906642545,BASECAMP digital,BASECAMP digital,≤100
1695216187437098,Albrecht Glaser,Albrecht Glaser,≤100
249296718436,IG Metall,IG Metall,≤100
112743275430520,International Campaign for Tibet Deutschland e.V.,International Campaign for Tibet Deutschland e.V.,≤100
102745548272095,The German Review,Jörg Malcolm Otto Luyken,≤100
116544291761495,Kindernothilfe E.V.,Kindernothilfe E.V.,≤100
53848679944,Laut gegen Nazis,Laut gegen Nazis e. V.,≤100
104735308859374,SOS Ukraine e.V.,S.O.S. Ukraine e.V.,≤100
112600052161770,Samaritan’s Purse DACH,Samaritan’s Purse DACH,≤100
109882924915477,Felix Zietmann,Felix Zietmann,≤100
193523730699901,GRÜNE Osnabrück,BÜNDNIS 90/DIE GRÜNEN Stadtverband Osnabrück,≤100
417517061951550,Einfach da für dich,ABDA - Bundesvereinigung Deutscher Apothekerverbände e. V.,≤100
659320797543272,Gunnar Lindemann MdA,Gunnar Norbert Lindemann,≤100
2665513323462858,Hendrik Hamel,Hendrik Hamel e.K.,≤100
22646353052,Bertelsmann Stiftung,Bertelsmann Stiftung,≤100
102492129806270,Waschbär Umweltversand,Waschbär GmbH,≤100
103637112480046,Deutschland Test,These ads ran without a disclaimer,≤100
161990010584761,Stiftung Demokratie Saarland,Stiftung Demokratie Saarland,≤100
245164396364113,Meinungsvermittler,Jan-Steffen John,≤100
107197035448798,Bundesfachverband Betriebliche Soziale Arbeit e.V.,Bundesfachverband Betriebliche Soziale Arbeit e.V.,≤100
104425389118359,Dr. Florian Freund,Florian Rudolf Freund,≤100
146494098735583,buss wohnen,These ads ran without a disclaimer,≤100
283372402104435,Autoliv,These ads ran without a disclaimer,≤100
106706775037850,Politisches-Forum.de,Anton Waldemar Fred,≤100
1110204782371616,Die Moderne Landwirtschaft,Forum Moderne Landwirtschaft e.V.,≤100
459830674207433,International Bankers Forum e.V.,International Bankers Forum e. V.,≤100
1181444335296054,Pascal Meiser,Pascal Meiser,≤100
1590978894253930,Matthias Redlich - Landtag,Matthias Redlich,≤100
137521576294353,Deutsche Kinderhilfe - Die ständige Kindervertretung e.V.,Deutsche Kinderhilfe - Die ständige Kindervertretung e.V.,≤100
104159645368769,أوقف كـورونا,Abdel Naser Jubara,≤100
102558024711134,fakE - für antiklassistisches Empowerment an der Uni Köln,fakE – für antiklassistisches Empowerment an der Uni Köln,≤100
882321835275858,BDH Bundesverband Rehabilitation,BDH Bundesverband Rehabilitation,≤100
185890618101849,Romero Initiative - CIR,Christliche Initiative Romero,≤100
110802954153447,Klim,Klim GmbH,≤100
104683266866,Friedrich-Ebert-Stiftung,Friedrich-Ebert-Stiftung,≤100
130374060326405,Diakonie RWL,Diakonisches Werk Rheinland-Westfalen-Lippe e.V.,≤100
144789155556223,Passion4Business,Passion4Business,≤100
1967019790197412,Markus Wagner,"Markus Wagner, MdL",≤100
181535349099426,"Jörn König, MdB",Jörn König,≤100
134483979119,Rosa-Luxemburg-Stiftung,Rosa-Luxemburg-Stiftung,≤100
938587379491828,DIE LINKE. Kreisverband Frankfurt am Main,DIE LINKE. Kreisverband Frankfurt am Main,≤100
121097790490,Albert Schweitzer Stiftung für unsere Mitwelt,Albert Schweitzer Stiftung für unsere Mitwelt,≤100
499355047094121,Deutsche Gesellschaft für Transidentität und Intersexualität e.V. - dgti,Deutsche Gesellschaft für Transidentität und Intersexualität dgti e.V.,≤100
225499161202327,"Peter Felser, AfD",Michaela Luise Schuster,≤100
486203081469505,Johannes Vogel,Johannes Vogel,≤100
110997861765374,leni_lafayette,These ads ran without a disclaimer,≤100
114305191932520,Pro Wildlife e.V.,Pro Wildlife e.V.,≤100
100166866328132,Rene Dierkes,AfD Kreisverband München Ost,≤100
757499801061495,anzeiger24.de,Dein Hilden,≤100
142004422534101,CDU  Mecklenburg-Vorpommern (CDU MV),CDU Mecklenburg-Vorpommern,≤100
620357375105615,Thorsten Leva,Thorsten Rolf Leva,≤100
203811066330443,Illustrations by Eden Lumaja,Eden Lumaja,≤100
1889496344625839,"Jürgen Braun, MdB",Jürgen Braun MdB,≤100
260106687889118,Kopp Verlag,Kopp Verlag,≤100
415367309037687,Klaus Esser,Klaus Esser,≤100
195774890453053,Wald und Holz NRW,Wald und Holz NRW,≤100
300030233389645,Jusos Lichtenberg,Jusos Lichtenberg,≤100
193357367900275,Business-Pendel-Bus,Tobias Franz Schemmel,≤100
630172117364339,POST von GEHRKE,Elmar Gehrke,≤100
938369522870592,Roland Hefter,Karl Roland Hefter,≤100
530613630698950,Heiko Scholz - AfD,Heiko Frank Scholz,≤100
1919192811663245,My Voice For The Poor,These ads ran without a disclaimer,≤100
337490039624409,Leibniz-Gemeinschaft,Leibniz-Gemeinschaft,≤100
111431878202860,Elif Eralp,Elif Eralp MdA DIE LINKE,≤100
108072251970144,Jasmina Spiritual and Mindset Coach,These ads ran without a disclaimer,≤100
242343555837158,Männer,blu media network GmbH,≤100
104086405055520,Leo Löwenherz,These ads ran without a disclaimer,≤100
286350444716030,UN-Dekade Wiederherstellung von Ökosystemen,UN-Dekade-Büro c/o nova-Institut GmbH,≤100
1430582237220944,DIE LINKE. Fraktion in der BV Kalk,Heinz Peter Karl Fischer,≤100
103870515726436,Hypatia Gender justice هيباتيا للعدالة الجندرية,These ads ran without a disclaimer,≤100
198882567359885,Dostal & Partner,dostal & partner management-beratung gmbh,≤100
110325972343711,Bundesstiftung zur Aufarbeitung der SED-Diktatur,Bundesstiftung zur Aufarbeitung der SED-Diktatur,≤100
1579498795616828,Feine Ukraine  - Verein der deutsch-ukrainischen Zusammenarbeit,These ads ran without a disclaimer,≤100
107266658919933,poesieschlacht,These ads ran without a disclaimer,≤100
822829164435431,Die Politische Meinung,Konrad-Adenauer-Stiftung e.V.,≤100
105295208270413,ddr_verstehen,Bundesstiftung zur Aufarbeitung der SED-Diktatur,≤100
801630029947609,Jan Nolte,Jan Nolte,≤100
1739138546404072,iwd,These ads ran without a disclaimer,≤100
112993930579267,Friedenskanal Hamburg,Marco Gasch,≤100
700577889971139,PENNY,PENNY,≤100
106845852224453,Damalsinfrankfurt,These ads ran without a disclaimer,≤100
1551114491865638,Heike Troles,Heike Mechtilde Troles,≤100
260335584433785,Mehmet Yildiz,Mehmet Yildiz,≤100
274393199630147,Matthias Nölke,Matthias Nölke,≤100
719791834820829,VDB - Verband Deutscher Büchsenmacher & Waffenfachhändler,These ads ran without a disclaimer,≤100
514480748740424,FES KommunalAkademie,"Friedrich-Ebert-Stiftung, KommunalAkademie",≤100
105018555000761,Soziale Republik,Verein für konstruktiven Sozialismus e.V.,≤100
116064499060160,Dirk Brandes - Für Niedersachsen im Bundestag,Dirk Brandes,≤100
104440534942970,Markus Tideman,Markus Hans Tideman,≤100
109198625029916,Russia Yesterday,These ads ran without a disclaimer,≤100
305776649913615,Arbeitsgemeinschaft bäuerliche Landwirtschaft,Arbeitsgemeinschaft bäuerliche Landwirtschaft,≤100
216311481960,Bill Gates,These ads ran without a disclaimer,≤100
516540185063161,MIGAL Galilee Research Institute,These ads ran without a disclaimer,≤100
415342655194947,ISB International School Bangkok,These ads ran without a disclaimer,≤100
567417573785872,RefLab,These ads ran without a disclaimer,≤100
104732399200580,yazganhealthtourism_de,These ads ran without a disclaimer,≤100
101657002717011,Anna Store 2,These ads ran without a disclaimer,≤100
116525511329706,Save Mereweidz,These ads ran without a disclaimer,≤100
104546295740207,Aura of the world,These ads ran without a disclaimer,≤100