﻿Page ID,Page name,Disclaimer,Amount spent (PLN)
102931488739,Platforma Obywatelska,Platforma Obywatelska,1360
111465470197991,Mateusz Morawiecki,Mateusz Morawiecki,≤100
182038191908977,Ministerstwo Cyfryzacji,Kancelaria Prezesa Rady Ministrów,≤100
57544755889,Amnesty International Polska,Amnesty International Polska,≤100
164968446888637,Ministerstwo Sprawiedliwości,Ministerstwo Sprawiedliwości,≤100
63563473556,Gazeta Wyborcza,Gazeta Wyborcza,≤100
100270259022054,Niebieskie Trampki - kroki ku życiu,Niebieskie Trampki - kroki ku życiu,≤100
228168274881,wysokieobcasy,wysokieobcasy,≤100
100153153026665,Szymon Gajda,Szymon Gajda,≤100
342536459089859,Beata Kempa,Grupa EKR - Beata Kempa MEP,≤100
199401584696,Konfederacja Lewiatan,Konfederacja Lewiatan,≤100
102811109411234,Do:łącz,Dołącz,≤100
653937168081792,PZU,Powszechny Zakład Ubezpieczeń Spółka Akcyjna (PZU SA),≤100
102400579013256,Action for Democracy,Action for Democracy,≤100
146599018696771,NATO,NATO,≤100
104581499325617,Wybory bez picu,Obywatelska Kontrola Wyborów,≤100
137877409609952,Lewica,Nowa Lewica,≤100
107099115544539,Zostań Dłużej,Euvic Media,≤100
1436380093288077,Park Dzieje,Stowarzyszenie Dzieje,≤100
178362315106,European Parliament,European Parliament,≤100
469702339755768,Paweł Tanajno Polska Liberalna Strajk Przedsiębiorców,Paweł Tanajno Polska Liberalna Strajk Przedsiębiorców,≤100
339855706171439,Dobra Fabryka,Dobra Fabryka,≤100
144808095552639,ING Polska,ING Polska,≤100
267686749910602,Piotr Müller,Piotr Müller,≤100
292640324174614,Hellozdrowie.pl,Redakcja Hello Zdrowie,≤100
293429704566340,Ryszard Świlski,Ryszard Świlski,≤100
618179678235315,wschód,wschód,≤100
267353906619818,Mr. Gugu & Miss Go,These ads ran without a disclaimer,≤100
123910440019,Renew Europe,Renew Europe Group,≤100
358733307479097,Mateusz Skarbek - Wiceprzewodniczący Rady Miasta Gdańska,Mateusz Skarbek - Wiceprzewodniczący Rady Miasta Gdańska,≤100
335107452998,"InPost - Paczkomat, Kurier","InPost - Paczkomat, Kurier",≤100
100392322548102,Lekarze bez Granic,"Fundacja ""Lekarze bez Granic""",≤100
202473923251760,Wojewódzki Fundusz Ochrony Środowiska i Gospodarki Wodnej w Gdańsku,Wojewódzki Fundusz Ochrony Środowiska i Gospodarki Wodnej w Gdańsku,≤100
108778518742588,Wspólnie/Спільно Sopot,Gmina Miasta Sopotu,≤100
1683534065241470,OKO.press,OKO.press,≤100
1581518611867021,Zbigniew Ziobro,Zbigniew Ziobro,≤100
160978464020426,Sławomir Nitras,Sławomir Nitras,≤100
178415208919146,Suwerenna Polska,Solidarna Polska,≤100
108301418501661,Odszkodowania Za Represje 1944-1989,Odszkodowania Za Represje 1944-1989,≤100
198196133533089,Polska Misja Medyczna / Polish Medical Mission,Polska Misja Medyczna / Polish Medical Mission,≤100
226162158731337,Jacek Szaran - radny Rady Miejskiej w Słupsku,Jacek Szaran - radny Rady Miejskiej w Słupsku,≤100
337745557022327,ROBYG Trójmiasto,ROBYG Trójmiasto,≤100
1850424151954839,Jacek Karnowski Prezydent Miasta Sopotu,Jacek Karnowski,≤100
110491392351511,LINK4,LINK4,≤100
74863922834,Krytyka Polityczna,Krytyka Polityczna,≤100
100758976350452,LubBezpośrednio.PL - Instytut Demokracji Bezpośredniej,"Fundacja ""Potrafisz Polsko""",≤100
104884392877324,Alivia,Alivia - Fundacja Onkologiczna,≤100
50063176484,TVN24,TVN,≤100
102759805294356,Dariusz Matecki - Radny Miasta Szczecin,Dariusz Matecki Radny Miasta Szczecin,≤100
157458232131,Prawo i Sprawiedliwość,Prawo i Sprawiedliwość,≤100
253909884588,Centrum Nauki Experyment,Centrum Nauki EXPERYMENT,≤100
105636040979969,Polska 2050,Polska 2050 Szymona Hołowni,≤100
476049609235820,Dariusz Męczykowski - Radny Sejmiku Województwa Pomorskiego,Dariusz Męczykowski - Radny Sejmiku Województwa Pomorskiego,≤100
137358556439286,Ośrodek Monitorowania Zachowań Rasistowskich i Ksenofobicznych,Ośrodek Monitorowania Zachowań Rasistowskich i Ksenofobicznych,≤100
112055027022643,Legal Marine,Legal Marine - Mateusz Romowicz,≤100
312204349288060,Mariusz Gosek,Mariusz Gosek,≤100
104061062331637,Pałac Saski,Pałac Saski Sp. z o.o.,≤100
312816688890250,Dariusz Matecki,Dariusz Matecki Radny Miasta Szczecin,≤100
181020632309,Wydawnictwo Znak,Wydawnictwo Znak,≤100
177473808919,Polskie Stronnictwo Ludowe,Polskie Stronnictwo Ludowe,≤100
180185019111,Tygodnik Powszechny,Tygodnik Powszechny,≤100
102577288350341,Super Biznes,se.pl,≤100
107396187476330,LUX MED Stomatologia,"LUX MED Sp. z o.o.,",≤100
1468635720112377,Bogusław Wontor,Bogusław Wontor,≤100
117930759609640,Platforma Przemysłu Przyszłości,Fundacja Platforma Przemysłu Przyszłości,≤100
203627442993022,Portal Oświatowy,Wiedza i Praktyka,≤100
300745193630,Fundacja Pro - Prawo do Życia,Fundacja Pro – Prawo do życia,≤100
127619873953536,Stefczyk.info,Stefczyk.info,≤100
330644215221,Bankier.pl,Bankier.pl,≤100
662892093824152,Fundacja Małych Stópek,Fundacja Małych Stópek,≤100
959387840744974,Bezpartyjni Samorządowcy,Bezpartyjni Samorządowcy,≤100
297486841148102,Ius Memoriae - Prawo Pamięci,Ius Memoriae,≤100
257593184447834,Władysław Kosiniak-Kamysz,Władysław Kosiniak-Kamysz,≤100
106708966025605,Wydawnictwo W.A.B.,Grupa Wydawnicza Foksal,≤100
113905148397308,Portal Obronny,Se.pl,≤100
111123892282533,Wydawnictwo Insignis,Wydawnictwo Insignis,≤100
173086948664,Infor.pl,Infor.pl,≤100
194585893914848,Fundacja Rozwoju Demokracji Lokalnej,Fundacja Rozwoju Demokracji Lokalnej,≤100
340765409708087,Ryszard Madziar,Ryszard Madziar,≤100
69153026654,Jerzy Buzek,Jerzy Buzek,≤100
362682677158537,Michał Kowalski,Michał Kowalski - materiał nie stanowi elementu kampanii wyborczej,≤100
2320275388297228,Marcin Romanowski,Marcin Romanowski,≤100
81885462442,Histmag.org,Histmag.org,≤100
371981706755861,Kierunek na EKO,OS3 Sp. z o. o.,≤100
1950185431884312,Ekopozytywnie - nurtuje nas natura,Ekopozytywnie - nurtuje nas natura,≤100
111993840665768,Stowarzyszenie Kultury Chrześcijańskiej im. Ks. Piotra Skargi,Stowarzyszenie Ks. Piotra Skargi,≤100
514735281965536,Demagog,Stowarzyszenie Demagog,≤100
316810098501611,Miasto2077 / Green is Good,Miasto2077 / Green is Good,≤100
1465965073732774,Łukasz Kohut,Łukasz Kohut,≤100
205945942802470,Polska Agencja Rozwoju Przedsiębiorczości,Polska Agencja Rozwoju Przedsiębiorczości,≤100
521216701360487,MURATOR,MURATOR,≤100
1181684038602267,Niepodległa,"BIURO PROGRAMU ""NIEPODLEGŁA""",≤100
505864632777215,Tygodnik Lisickiego,Orle Pióro sp. z o.o.,≤100
109363441951213,Forum Obywateli Wejherowa,Forum Obywateli Wejherowa,≤100
268860247254559,Green King,GREENKING SP. Z O.O.​,≤100
391098174296294,Super Express,se.pl,≤100
186543124707583,ISSA Prevent Plastic Pollution,Biuro wykonawcze ISSA w Polsce,≤100
1473298819600286,Przemysław Ryś - Radny Miasta Gdańska z Przymorza i Zaspy.,Przemysław Ryś - Radny Miasta Gdańska z Przymorza i Zaspy.,≤100
118437553322377,Wejherowo - Miasto do Życia,Wejherowo - Miasto do Życia,≤100
106118495543487,Fundacja im. Janiny Lewandowskiej,Fundacja im. Janiny Lewandowskiej,≤100
429223670772200,Smażymy,These ads ran without a disclaimer,≤100
107489448850542,Piotr Kisiel Radny Miasta Kielce,Piotr Kisiel Radny Miasta Kielce,≤100
306978473587775,Ruch Samorządowy Tak Dla Polski,Ruch Samorządowy Tak Dla Polski,≤100
1495480087399256,Jacek Ozdoba,Jacek Ozdoba,≤100
100873335018901,Valdemar ST,These ads ran without a disclaimer,≤100
187178294672651,Muzeum Narodowe w Lublinie,Muzeum Narodowe w Lublinie,≤100
320289978035326,Poradnik Zdrowie,Poradnik Zdrowie,≤100
170887773826663,Marcin Warchoł,Marcin Warchoł,≤100
1435687536687711,Bartosz Kownacki,Bartosz Kownacki,≤100
578864425792499,Ośrodek Monitorowania Antypolonizmu,Fundacja Ośrodek Monitorowania Antypolonizmu,≤100
106444682767181,Znak Literanova,Znak Literanova,≤100
131511477684330,Znak Horyzont,Społeczny Instytut Wydawniczy Znak sp. z o.o.,≤100
100507332348221,Liberfor,Liberfor,≤100
276860619087002,Sylwester Tułajew,Sylwester Tułajew,≤100
104313762397672,PolitykaRolna.eu - Nowa Wspólna Polityka Rolna projekt Infocap PL,Plantpress Sp. z o. o.,≤100
333409683428621,Nowa Konfederacja,Nowa Konfederacja,≤100
190536713845,Fundacja JiM,Fundacja JiM,≤100
393084100793680,Wiedza i Praktyka,Wiedza i Praktyka,≤100
110898338585970,Mgboardy,MGBoardy.pl,≤100
114593181553873,Konsorcjum Migracyjne,Stowarzyszenie Interwencji Prawnej,≤100
106552182752379,Fortum Polska,Fortum Power and Heat Polska Sp. z o.o.,≤100
430323810469014,Razem,Partia Razem,≤100
105039892358886,FURPO - Świadczenie Pielęgnacyjne,FURPO GROUP SP. Z O.O.,≤100
1437227889827328,Fundacja Dobrych Inicjatyw,Fundacja Dobrych Inicjatyw,≤100
621959344553367,DNA Rynków - merytorycznie o giełdach i gospodarkach,DNA Rynków,≤100
603295086483883,Łukasz Schreiber - Poseł na Sejm RP,Łukasz Schreiber - Poseł na Sejm RP,≤100
139229279425115,Witold Szabłowski - Notatnik Reportera,Witold Szabłowski - Notatnik Reportera,≤100
105242644355072,Donum Corde,These ads ran without a disclaimer,≤100
1643686859194259,Sebastian Kaleta,Sebastian Kaleta,≤100
520444618035778,Grupa EPL w Parlamencie Europejskim,EPP Group in the European Parliament,≤100
109218848183780,Marek Woźniak,UMWW,≤100
567066860335135,Błękitny Węgiel,Błękitny Węgiel,≤100
143951191449,Profinfo.pl,Wolters Kluwer PL,≤100
105428171456904,BWT Polska - Best Water Technology,BWT Polska,≤100
120331394651606,Szkoła Biznesu Politechniki Warszawskiej,Szkoła Biznesu Politechniki Warszawskiej,≤100
175972512466,Fundacja Stocznia,STOCZNIA,≤100
1435413126705308,Wydawnictwo Uniwersytetu Łódzkiego,Wydawnictwo Uniwersytetu Łódzkiego,≤100
962336330622994,Michał Gzowski,Michał Gzowski,≤100
1752318511650368,Akamai Poland,More Bananas,≤100
1425264934431305,Polski Instytut Księgowości,Polski Instytut Księgowości,≤100
663235563878486,Konstytucyjny.pl,Portal Konstytucyjny.pl,≤100
1385442168407390,RehaIntegro-Kursy,RehaIntegro-Kursy,≤100
1500359650261089,Marcin Gołaszewski,Marcin Gołaszewski,≤100
182568875086544,Prószyński i S-ka,Prószyński i S-ka,≤100
110623255132084,Wiceprezydent Wrocławia Jakub Mazur,Wiceprezydent Wrocławia Jakub Mazur,≤100
104600252611990,GreenTeam.Żyj Zdrowo,These ads ran without a disclaimer,≤100
207398195946921,Instytut Spraw Obywatelskich,Fundacja Instytut Spraw Obywatelskich,≤100
107553079931346,Miłosz Motyka,Miłosz Motyka Polskie Stronnictwo Ludowe,≤100
990533821012595,Nierealnie,Nierealnie.pl,≤100
388121531771974,Enexon,Enexon,≤100
658695000844495,Adam Andruszkiewicz,Adam Andruszkiewicz,≤100
213034562642258,Dariusz Smoliński,Dariusz Smoliński,≤100
133112726750279,M jak Mama,Grupa ZPR Media,≤100
108142488335660,triordii,These ads ran without a disclaimer,≤100
310837622277656,Björn Carlsons Östersjöpris,These ads ran without a disclaimer,≤100
258394024199313,Centrum Mieroszewskiego,Centrum Dialogu im. Juliusza Mieroszewskiego,≤100
109818732102113,Taka Jak Ja,These ads ran without a disclaimer,≤100
755363824547489,Violetta Porowska,Violetta Porowska,≤100
115717012114477,Graal,These ads ran without a disclaimer,≤100
106038948775287,Dostępna Polska,4 REAL Sp. z o.o.,≤100
90194404398,Helsińska Fundacja Praw Człowieka,Helsińska Fundacja Praw Człowieka,≤100
852871474902416,Tomasz Frączak,Tomasz Frączak,≤100
102191794893729,Łukasz Kopeć,Łukasz Kopeć,≤100
109719194540240,Fundacja Błękitna,Fundacja Błękitna,≤100
102461305793815,Jenprace.info,These ads ran without a disclaimer,≤100
600269386793704,Instytut Pileckiego,These ads ran without a disclaimer,≤100
1821361227955255,Magazyn Aptekarski,Magazyn Aptekarski,≤100
371359310400318,Janusz Kowalski,Janusz Kowalski,≤100
67202672014,Fairtrade Polska,Fundacja „Koalicja Sprawiedliwego Handlu” Fairtrade Polska,≤100
696622867467853,Polska Morska,Polska Morska,≤100
1389403614657474,Wizjoner- Jarosław Krężel,Wizjoner- Jarosław Krężel,≤100
152434611621823,Instytut Geofizyki PAN,Semstart sp. z o. o.,≤100
105939241054830,Aslandi,Aslandi,≤100
851597268265842,Telewizja Kopernik,TELEWIZJA KOPERNIK,≤100
108243994205438,R&D Hub,R&D HUB Sp. z o. o.,≤100
2152832788271473,Agnieszka Kurzawa - Radna Miasta Szczecin,Agnieszka Kurzawa - Radna Miasta Szczecin,≤100
108856022056129,Prawo i Sprawiedliwość Okręg 67 Kwidzyn Malbork Sztum Nowy Dwór Gd.,These ads ran without a disclaimer,≤100
150617698324166,Polska Fundacja im. Roberta Schumana,Polska Fundacja im. Roberta Schumana,≤100
464082990753385,Paweł Wysocki - Radny Miasta Zielona Góra,Paweł Wysocki - Radny Miasta Zielona Góra,≤100
868165920029978,Anna Auksel-Sekutowicz Radna m. st. Warszawy,Anna Auksel-Sekutowicz Radna m. st. Warszawy,≤100
242062085931805,"Agata Stola - psychoterapeutka, seksuolożka, terapeutka par",These ads ran without a disclaimer,≤100
315756079297188,Piotr Czerniejewski,Piotr Czerniejewski,≤100
104291779009388,Pojęcie małżeństwa w pryzmacie teorii wymogów imperatywnych,Fundacja Instytut Prawa Ustrojowego,≤100
115758674749220,HORUS Sprzątanie,These ads ran without a disclaimer,≤100
414032578791702,Mirosław Suchoń - poseł na Sejm RP,Mirosław Suchoń - poseł na Sejm RP,≤100
106274574675288,Instytut Prawa Ustrojowego - Fundacja,Fundacja Instytut Prawa Ustrojowego,≤100
106357050731361,Maciej Kopiec,Maciej Kopiec,≤100
125185964281959,Centrum Edukacji Obywatelskiej (CEO),Centrum Edukacji Obywatelskiej (CEO),≤100
132731836864646,Freedom Publishing,Freedom Publishing Sp. z o.o.,≤100
100508029392556,Obywatelu Masz Prawo,Fundacja Instytut Prawa Ustrojowego,≤100
117626114951734,Fair Trade 100% - Polskie Stowarzyszenie Sprawiedliwego Handlu,Fair Trade 100% - Polskie Stowarzyszenie Sprawiedliwego Handlu,≤100
1196595487024986,Robert Filipczak,Robert Filipczak,≤100
145481822175715,Otodom,Grupa OLX sp. z o.o.,≤100
147271555302867,Maitri - Stowarzyszenie Solidarności z Ubogimi Trzeciego Świata,Stowarzyszenie Solidarności z Ubogimi Trzeciego Świata Maitri,≤100
391098174296294,Super Express,These ads ran without a disclaimer,≤100
285512891655753,Artur Szałabawka,Biuro Poselskie Prawo i Sprawiedliwość Artur Szałabawka,≤100
110829951542836,e2V.pl,These ads ran without a disclaimer,≤100
410280139007930,Projekty Domów - Murator,Projekty Domów - Murator,≤100
102638134457547,Magdalena Łośko - Poseł na Sejm RP,Magdalena Łośko - Poseł na Sejm RP,≤100
446669732036628,Murator FINANSE,Murator FINANSE,≤100
328956034420247,Marcin Pawlicki - Radny Miasta Szczecin,Marcin Pawlicki - Radny Miasta Szczecin,≤100
1418993884987404,BASF,BASF,≤100
103471624443349,"Laboratorium Poznania Politycznego, Instytut Psychologii PAN","Laboratorium Poznania Politycznego, Instytut Psychologii PAN",≤100
100322108148291,Ostróda 2023,Ostróda 2023,≤100
946445192119512,Krajowy Sztab Ratownictwa SKSR,Społeczna Krajowa Sieć Ratunkowa,≤100
109296420615761,Synergy Consulting Group,Synergy Consulting Group,≤100
100806916248860,Katarzyna Groenke,Katarzyna Groenke,≤100
1025710277576732,Jawny Lublin,Fundacja Wolności,≤100
108310455253736,Wsparcie Prawne  on-line 24/7,These ads ran without a disclaimer,≤100
514245432058229,Piotr Kandyba - Radny Sejmiku Województwa Mazowieckiego,Piotr Kandyba - Radny Sejmiku Województwa Mazowieckiego,≤100
108137288741362,Gliwicka kartka z kalendarza,Gliwicka kartka z kalendarza,≤100
1500897406907477,Wydawnictwo Libra PL,These ads ran without a disclaimer,≤100
301205584009197,Grupa Scanmed,Grupa Scanmed,≤100
113062566721422,Piotr Rzeszotarski - Radny Rady Miejskiej Sierpca,Piotr Rzeszotarski - Radny Rady Miejskiej Sierpca,≤100
205950160250231,FUNDACJA AIRO GROM INTERNATIONAL im. Eugeniusza Jana Pietrzyk,FUNDACJA AIRO GROM INTERNATIONAL im. Eugeniusza Jana Pietrzyk,≤100
1772430066381898,Zachodniopomorska Agencja Rozwoju Regionalnego S.A.,ZARR S.A.,≤100
195591907176717,Grzegorz Piechowiak - Wiceminister Rozwoju i Technologii,Biuro Posła Grzegorza Piechowiaka,≤100
113539303815643,Klub Konfederacji Otwock,These ads ran without a disclaimer,≤100
475584852475176,Pozytron,POZYTRON Radiologia Medyczna,≤100
287198384770456,Grzegorz Matusiak - Poseł na Sejm RP,Grzegorz Matusiak - Poseł na Sejm RP,≤100
1111228758917873,Radosław Lubczyk - Poseł na Sejm RP,Radosław Lubczyk,≤100
1884681241647994,Anna Gembicka,Biuro Poselskie Posła Na Sejm RP Anny Gembickiej,≤100
1417693954961034,Nario,These ads ran without a disclaimer,≤100
144709575593854,EESC - European Economic and Social Committee,EESC - European Economic and Social Committee,≤100
527351247377965,European Committee of the Regions,European Committee of the Regions,≤100
103960591568992,Rich Patrol,These ads ran without a disclaimer,≤100
630809920303095,Erasmus+,These ads ran without a disclaimer,≤100
177135323668,CEE Bankwatch Network,These ads ran without a disclaimer,≤100
176953979007535,Texty.org.ua,These ads ran without a disclaimer,≤100
108625789179165,Soi Dog Foundation,These ads ran without a disclaimer,≤100
185130644919625,Meta for Business,These ads ran without a disclaimer,≤100
281802341963702,Italian Hydrographic Society,These ads ran without a disclaimer,≤100