﻿Page ID,Page name,Disclaimer,Amount spent (TWD)
101046209392101,新事貸-新鑫特優經銷商,新事貸-新鑫特優經銷商,325
693907914395620,良杯製所 Oolab,良杯製所 Oolab,306
104499778172400,臺灣雷伊漢勒世界公民中心,臺灣雷伊漢勒世界公民中心,256
238507146264909,國際特赦組織 台灣分會 Amnesty International Taiwan,國際特赦組織 台灣分會 Amnesty International Taiwan,248
215213505975,FUNDAY英語教育,FUNDAY英語教育,232
148475335184300,Greenpeace 綠色和平 (台灣網站),Greenpeace 綠色和平 (台灣網站),139
467933563234921,南門書局-網路圖書名店、也有實體店面，誠信可靠！,玉河 孫,108
105864701769057,瑞馳智庫學院,瑞馳智庫股份有限公司,106
179608846121604,富達投信 Fidelity International - Taiwan,富達投信 Fidelity International - Taiwan,≤100
177161918975981,基督教芥菜種會,基督教芥菜種會,≤100
106801464127093,目目非營利 MUVE NPO,目目非營利,≤100
1855418728011324,鏡週刊,鏡週刊,≤100
376261345868585,李文斌,楊喬淩,≤100
201785650801,亞洲大學(Asia University Taiwan),亞洲大學,≤100
569626243213799,生鮮時書,生鮮時書,≤100
850754301947812,鏡新聞,鏡新聞,≤100
110699089014688,三立新聞,三立新聞,≤100
1385833738386412,徐志榮,嘉玲 詹,≤100
101355918337667,地天泰國際顧問有限公司,地天泰國際顧問有限公司,≤100
322447507832934,文茜的世界周報 Sisy's World News,文耀胡,≤100
1436850183290438,One-Forty,One-Forty,≤100
1487218698275407,南門書局二店-網路特價書店-也有實體店面，價格親民，誠信可靠的老店。（師友文化）,玉河 孫,≤100
390569611008641,願景工程基金會 Vision Project,願景工程基金會,≤100
104381935820077,南方，寂寞鐵道 On The Train,貝殼放大股份有限公司,≤100
106118168971467,債務人權益協會 扣薪 協商 更生 清算,傢宇 吳,≤100
1649523455281990,遠山呼喚,遠山呼喚,≤100
1537741526464370,桃園市議長邱奕勝,奕勝 邱,≤100
314757905313275,饒慶鈴,台東縣政府,≤100
286487218798,遠見雜誌,遠見雜誌,≤100
201107280815936,潔淨學-不咬手潔淨體貼,永勝 許,≤100
218662974825481,王惠美,王惠美,≤100
1387423368204491,自由時報汽車頻道,自由時報汽車頻道,≤100
211730475524462,大陸委員會,大陸委員會,≤100
200363073753153,彩虹平權大平台,彩虹平權大平台,≤100
1649151078446134,卓冠廷,冠廷卓,≤100
106265361106594,海鼎離岸風電計畫 Formosa III,品典周,≤100
465616346853075,RE-THINK 重新思考,RE-THINK 重新思考,≤100
127628276929,天下雜誌,天下雜誌,≤100
347432368933987,LINE TODAY Taiwan,LINE TODAY Taiwan,≤100
451740055338297,吳淑君,吳承宗,≤100
104624290080479,張育美,翊斌黃,≤100
219315794887869,聯合報,聯合報股份有限公司,≤100
286487218798,遠見雜誌,These ads ran without a disclaimer,≤100
158025223269,今周刊,今周刊,≤100
1629474157289221,小牛頓,小牛頓科學教育有限公司,≤100
460410744059213,TotalEnergies,沛儒謝,≤100
189061482332,張嘉郡,嘉郡張,≤100
436843193180529,Unipapa,Unipapa,≤100
188358792124,聯經出版,聯經出版,≤100
1847777185521418,放言 Fount Media,放言科技傳媒股份有限公司,≤100
171759036215066,創世紀不動產教育訓練中心,Micky  Wu,≤100
123082847747496,婦女救援基金會,財團法人台北市婦女救援社會福利事業基金會,≤100
151776788178402,TechOrange 科技報橘,流線傳媒股份有限公司,≤100
239512030682497,第一手星聞,民視新聞,≤100
108696572024879,民視嘎哩供,民視新聞,≤100
109462390640602,企業勞動法務管理顧問-勞動契約、勞資爭議、勞務健檢、教育訓練、法律事務、法律風險控管,芸廷 林,≤100
235679595900,民視新聞,民視新聞,≤100
174094425951157,郭信良,郭信良,≤100
100971679482122,2222-《未來選擇地》,2222,≤100
796994720374176,鳴人堂,鳴人堂,≤100
195094157238158,好立委 楊瓊瓔,宛儀林,≤100
359293781476624,看護達人 華鎰仲介,看護達人 華鎰仲介,≤100
145317722271976,阿嬤家- 和平與女性人權館,財團法人台北市婦女救援社會福利事業基金會,≤100
105742975534267,吳明宜,吳明宜,≤100
281219301931458,蔡其昌,蔡其昌,≤100
101297638763256,識媒體,識媒體,≤100
125386714156073,天使心家族社會福利基金會,天使心家族社會福利基金會,≤100
1503745219913314,"孫大千Sun, Ta-Chien",宜軒 李,≤100
226660410787355,民視體育新聞,民視新聞,≤100
170671044596,天主教善牧基金會,天主教善牧基金會,≤100
441685342920785,張廖乃綸,張廖乃綸,≤100
111334712256714,勇媽阿惠 - 黃敏惠,勇媽阿惠 - 黃敏惠,≤100
101576862144790,工程師看政治,玄超 黃,≤100
112571907179969,玩霸教育,思揚 蘇,≤100
237483602952352,黃適卓,適卓 黃,≤100
128818803902,兩岸犇報,崇真 陳,≤100
103469901828540,挖貝 WaBay,挖貝 WaBay,≤100
779960838880307,蔡蕥鍹,蕥鍹 蔡,≤100
679518422104905,民視全球新聞,民視新聞,≤100
101718182459153,天秤座戰士,Companionship Digital,≤100
2076282802683734,桃園好農,桃園好農,≤100
791039751042770,好民文化行動,好民文化行動,≤100
2199675410320212,台灣制憲基金會 TNC,台灣制憲基金會 TNC,≤100
103141681121150,城市學,遠見雜誌,≤100
1645501069043806,科科性別,國立高雄師範大學,≤100
103516404905341,媽媽的童書清單,These ads ran without a disclaimer,≤100
107162861090654,法律協會-前置協商  更生 清算  免費諮詢,Yaya Lin,≤100
202921733128123,黃露慧 Lulu,黃露慧,≤100
938117856232411,康寧大學,惠玲高,≤100
126361734041343,鳳凰國際公關顧問有限公司,志傑 邵,≤100
829253007099726,張肇良會做事,肇良 張,≤100
125534862174582,法律萬狀通-書狀生成,法律萬狀通-書狀生成,≤100
112745741611848,哩賀你好-苗志文,斯堯苗,≤100
300923396738473,經濟部工業局,These ads ran without a disclaimer,≤100
107203148110541,Action Speaks Louder,These ads ran without a disclaimer,≤100