﻿Page ID,Page name,Disclaimer,Amount spent (HTG),Number of ads in Library
103607555996001,j_deniro,These ads ran without a disclaimer,597,1
101453801610760,Share-On Project,These ads ran without a disclaimer,≤100,1
107996315091233,月旦港事,These ads ran without a disclaimer,≤100,2
102211979093712,EdHeroes,These ads ran without a disclaimer,≤100,1
101010421461159,Delyanne The Money Coach LLC,These ads ran without a disclaimer,≤100,2
101715608808670,Judgment Day: Angel of God,These ads ran without a disclaimer,≤100,1
2276643792655926,Parallel Flight Technologies,These ads ran without a disclaimer,≤100,1
112220134851421,Under the Sisterhood,These ads ran without a disclaimer,≤100,1
181755128507397,Entradas a tu alcance,These ads ran without a disclaimer,≤100,1
102795529046195,"Koboa - South American Tabletop Fantasy Setting For 5e, PF2, and Black Flag",These ads ran without a disclaimer,≤100,1
517231405008910,Global Landscapes Forum,These ads ran without a disclaimer,≤100,3
725505594135727,Adventure Escape,These ads ran without a disclaimer,≤100,1
103659765532260,華夏focus,These ads ran without a disclaimer,≤100,1