﻿Page ID,Page name,Disclaimer,Amount spent (VEF)
564188034075673,Roberto Enriquez,an advertiser in Venezuela,750000
148231808588187,Gatorade Venezuela,an advertiser in Venezuela,500000
11449543593,Carlos Ocariz,an advertiser in Venezuela,250000
104020935928278,Pan Passport,These ads ran without a disclaimer,≤100
101141362593364,CAM en Español,These ads ran without a disclaimer,≤100
282537524017,Home of SOMA,These ads ran without a disclaimer,≤100
333721726763601,Darwin Gonzalez,an advertiser in Venezuela,≤100
304247300393,Juan Pablo Guanipa,an advertiser in Venezuela,≤100
709430982419756,Thermo King Latinoamérica,These ads ran without a disclaimer,≤100