﻿Page ID,Page name,Disclaimer,Amount spent (EUR),Number of ads in Library
21759893033,Die Grünen,Die Grünen,831,10
698812570258904,Marlene Svazek,FPÖ Salzburg,541,32
111392511033485,MFG Österreich - Menschen Freiheit Grundrechte,MFG Österreich,407,5
1977684662509834,Herbert Kickl,FPÖ,362,13
1025756670829069,Industriellenvereinigung OÖ,Industriellenvereinigung OÖ,300,12
32984679070,Greenpeace Österreich,Greenpeace Österreich,285,112
113129780982106,MFG Salzburg - Menschen Freiheit Grundrechte,MFG Österreich,235,10
162282402150706,exxpress.at,web eXXpress Medien Holding GmbH,187,12
1572781699645783,Martina Berthold,Die Grünen Salzburg,186,5
59212737281,UNICEF Österreich,UNICEF Österreich,178,13
136345101209,VGT Austria,VGT Austria,171,39
144875605538239,Weiterbildung in Wien | waff,waff,164,14
254252526971,Vetmeduni,Vetmeduni,158,7
105798936110114,SalzburgMilch,SalzburgMilch GmbH,158,7
1648447185409375,"Bundesministerium für Land- und Forstwirtschaft, Regionen und Wasserwirtschaft","Bundesministerium für Land- und Forstwirtschaft, Regionen und Wasserwirtschaft",150,1
103957828637299,Gemma Lehre,waff,143,11
131167621794613,Verpackung mit Zukunft,Plattform Verpackung mit Zukunft,142,5
1660071144087431,Karl Nehammer,Volkspartei,134,4
1806220812928034,Unser Vorarlberg,Unser Vorarlberg,134,5
127656051119,Die GRÜNEN Salzburg,Die GRÜNEN Salzburg,128,2
112115411309958,Manuel Krautgartner,MFG Österreich – Menschen Freiheit Grundrechte,105,3
63702522062,WWF Austria,WWF Österreich,≤100,2
107152329360788,Arbeiterkammer,Arbeiterkammer,≤100,5
348653935649916,David Egger,Sozialdemokratische Partei Österreichs - Landesorganisation Salzburg,≤100,22
204532472901378,Arbeiterkammer Vorarlberg,AK Vorarlberg,≤100,8
163811269488,CARE Österreich,CARE Österreich,≤100,5
105276629552333,Österreichisches Parlament,Österreichisches Parlament,≤100,1
349013259467,ACN – Kirche in Not,KIRCHE IN NOT,≤100,16
20236828906,BIBER,BIBER,≤100,2
205710866133426,klimaaktiv,"Bundesministerium für Klimaschutz, Umwelt, Energie, Mobilität, Innovation und Technologie (BMK)",≤100,8
543554339469435,FPÖ Freiheitliche Arbeitnehmer Wien,FPÖ Freiheitliche Arbeitnehmer Wien,≤100,7
111639237974851,Dagmar Häusler,MFG Österreich – Menschen Freiheit Grundrechte,≤100,5
120593564649216,Arbeiterkammer Tirol,Arbeiterkammer Tirol,≤100,12
243190742384882,Salzburger Volkspartei,Salzburger Volkspartei,≤100,9
88676876113,Die Grünen Wien,die Grünen Wien,≤100,5
580791221952500,NEOS Wien,NEOS Wien,≤100,5
524715477879465,Stefan Schnöll,Salzburger Volkspartei,≤100,12
548091638575123,KPÖ PLUS Salzburg,KPÖ PLUS,≤100,4
106014062002770,Joachim Aigner,MFG Österreich – Menschen Freiheit Grundrechte,≤100,1
106496315611174,DasOhr.at,ecowind Handels-& Wartungs-GmbH,≤100,5
2548846028523686,USR PLUS Austria,Partidul Uniunea Salvati Romania,≤100,3
114818145852,Steirische Volkspartei,Steirische Volkspartei,≤100,8
1697898137102698,Christof Bitschi,Vorarlberger Freiheitliche - FPÖ,≤100,3
328839920495984,Ölz Meisterbäcker,Ölz Meisterbäcker,≤100,2
226524850754047,Diözese St. Pölten,Diözese St. Pölten,≤100,3
109672702045646,Facts For Green Mobility,Österreichischer Luftfahrtverband,≤100,2
185844928184072,BE Salzburg - Berufsgruppe für Elementarpädagogik Salzburg,BE Salzburg - Berufsgruppe für Elementarpädagogik Salzburg,≤100,5
143074097483,SOS-Kinderdorf Österreich,SOS-Kinderdorf Österreich,≤100,5
1378265592489944,Neue Zeit,NeueZeit.at,≤100,62
348653935649916,David Egger,SPÖ Salzburg,≤100,2
312134126182731,Arbeit&Wirtschaft Magazin,Arbeit&Wirtschaft Magazin,≤100,37
559467731640968,Neue Zeit Oberösterreich,Neue Zeit,≤100,27
105135271658624,Austria for Life,Verein LIFE+ | AUSTRIA FOR LIFE,≤100,2
108940847901742,Wolfgang Kieslich,Wolfgang Kieslich,≤100,2
104349791806207,Neue Zeit Burgenland,Neue Zeit,≤100,35
169065407139584,Tilt,Tilt,≤100,1
111997548180657,Materie,NEOS Parlamentsklub,≤100,11
231166380411824,JUNOS Studierende,JUNOS Studierende,≤100,7
104525294314108,Wärme aus Holz,Österreichischer Biomasse-Verband,≤100,2
1673371229636129,Pamela Rendi-Wagner,SPÖ,≤100,2
103606522565139,Oecolution Austria,oecolution austria - Initiative zur nachhaltigen Standortentwicklung,≤100,4
192072428050922,Schaffarei,Arbeiterkammer Vorarlberg,≤100,2
118665682807424,Moment Magazin,Momentum Institut,≤100,90
104999218141891,checkfin.at,Checkfin.at,≤100,1
150646191784125,NEOS Steiermark,NEOS Steiermark,≤100,2
106906194082820,St. Pölten,Landeshauptstadt St. Pölten,≤100,2
100679766056856,Verein NEUSTART,Verein NEUSTART,≤100,4
100775232049359,Daniela Gutschi,Salzburger Volkspartei,≤100,2
1079650008770485,kontrast.at,kontrast.at,≤100,43
104154461506251,Josef Ofner,Josef Ofner,≤100,1
88108406133,SPÖ Wien,SPÖ Wien,≤100,15
2296022657123171,Neue Zeit Kärnten,Neue Zeit,≤100,42
106762841405635,Neue Heimat Tirol,Neue Heimat Tirol,≤100,3
364093897023468,FSG - Fraktion Sozialdemokratischer GewerkschafterInnen,FSG,≤100,9
556052651431075,Advantage Wirtschaftsmagazin,Advantage Wirtschaftsmagazin,≤100,7
69881866093,VSStÖ - Verband sozialistischer Student_innen,VSStÖ - Verband Sozialistischer Student_innen in Österreich,≤100,2
229849893716793,Tierschutz Austria,Tierschutz Austria,≤100,1
1450685208578588,NHP Rechtsanwälte,NHP,≤100,2
1130218453768344,DADAT Bank,Saskia Julia Sirowatka,≤100,1
97997637890,Die Grünen in der Steiermark,Die Grünen Steiermark,≤100,18
265493796821900,Zur Zeit,Wochenmagazin ZurZeit,≤100,2
113178355363771,Doris Hummer,WKO Oberösterreich,≤100,1
328437010251,KPÖ Steiermark,KPÖ Steiermark,≤100,22
456681887737163,Arbeit&Wirtschaft Blog,Arbeit&Wirtschaft Blog,≤100,20
111571508537980,Der Sekundärrohstoffhandel,Fachausschuss Sekundärrohstoffhandel,≤100,4
1265927890114720,Johanna Mikl-Leitner,Volkspartei Niederösterreich,≤100,2
119936144856873,NEOS Salzburg,NEOS Landesgruppe Salzburg,≤100,4
108407192150886,Neue Zeit Tirol,Neue Zeit,≤100,27
2117478935181987,Andrea Klambauer,NEOS Landesgruppe Salzburg,≤100,2
1929623263924061,Jürgen Czernohorszky,Jürgen Czernohorszky,≤100,4
436914289678818,Lukas Mandl,Europäisches Parlament Österreich,≤100,4
271436408372,Die Transporteure,Fachverband Güterbeförderung,≤100,2
142219720868,SPÖ Salzburg - Team David Egger,SPÖ Salzburg,≤100,2
248450014269,ServusTV,ServusTV,≤100,19
102183958874607,AllRise,AllRise,≤100,1
106290684843896,proHolz Austria,proHolz Austria - Arbeitsgemeinschaft der österreichischen Holzwirtschaft,≤100,2
129438477106157,Karl-Renner-Institut,Karl-Renner-Institut,≤100,6
103589107794909,Lambert Schönleitner,Lambert Schönleitner / Die Grünen Steiermark,≤100,2
127439851282095,Frauen in Graz,Referat für Frauen und Gleichstellung,≤100,8
111622348401719,Fernwärme,Fernwärme,≤100,1
189179084508039,voestalpine Career,voestalpine,≤100,2
268242501289,KSV Graz,KSV Graz,≤100,5
1397420063882542,SPÖ Schruns u. Parteifreie,Martin Borger,≤100,2
718653731539314,Neubauer Grüne,Die Grünen Wien,≤100,3
101491942714427,Продължаваме Промяната - Австрия,Viktor Angelov Tonchev,≤100,3
100494899679644,Hans Peter Doskozil,SPÖ Burgenland,≤100,1
200480966638039,Supremacy 1914,These ads ran without a disclaimer,≤100,2
105487117864430,Peter Handlos FPÖ,LAbg. Peter Handlos,≤100,1
494195290313,Udo Landbauer,FPÖ Niederösterreich,≤100,1
153398965289347,Stefan Hermann,FPÖ Steiermark,≤100,1
74814102052,Magenta Telekom,Magenta Telekom,≤100,1
108526651925393,Verein NEUSTART,NEUSTART,≤100,1
1524117307669092,Verein NEUSTART,Verein NEUSTART,≤100,2
371579379524511,Wollywood by Thomas Wollner,Thomas Wollner,≤100,1
126246054600,ERSTE Foundation,ERSTE Foundation,≤100,2
100941259620525,Fortuna Shop,Gabriel Braun,≤100,2
441927269154538,Wandel,Wandel,≤100,1
193314717777382,Ich tu's für unsere Zukunft,Land Steiermark,≤100,1
1147311425310768,Bernhard Auinger,SPÖ Salzburg Stadt,≤100,5
605492313163490,Mario Jaksch,Mario Jaksch,≤100,1
756487034437356,Beton Dialog Österreich,Beton Dialog Österreich,≤100,10
167792116901542,KPÖ Graz,KPÖ Steiermark,≤100,5
109526371973874,Gabriel Andronache,Gabriel Alexandru Andronache,≤100,2
2086166461630977,Verkehrswirtschaft Österreich,Bundessparte Transport und Verkehr Wirtschaftskammer Österreich,≤100,1
120078214745250,FREDA,FREDA - Die Grüne Zukunftsakademie,≤100,1
106562532744419,Stadt Graz,Stadt Graz,≤100,1
208930355786005,SPÖ Oberösterreich,SPÖ Oberösterreich,≤100,9
49586860899,Umweltgemeinderat Michael Sigmund,Michael Sigmund,≤100,2
310569117205,VSStÖ Wien,VSStÖ Wien,≤100,1
167848033520,AktionsGemeinschaft Graz - AG,AktionsGemeinschaft Graz,≤100,1
2076636719240641,Salzburger Volkspartei - Salzburg Stadt,Salzburger Volkspartei - Salzburg Stadt,≤100,1
200448920467223,Lungauer Volkspartei,Lungauer Volkspartei,≤100,3
162205823976077,Harry Preuner,Salzburger Volkspartei - Salzburg Stadt,≤100,1
662847197251247,OÖ Kultur,OÖ Landes-Kultur GmbH,≤100,3
644041475985310,REWE Group Jobs AT,REWE International AG,≤100,1
172040642860223,SPÖ Tirol,SPÖ Tirol,≤100,1
106263184944570,Neue Zeit Niederösterreich,Neue Zeit,≤100,58
100442164760985,Die Grünen Herzogenburg,Die Grünen Herzogenburg,≤100,2
107893377544554,Gesunde Arbeit,Gesunde Arbeit,≤100,6
101265662105132,Markus di Bernardo,Markus di Bernardo,≤100,1
101851058454164,Wald4Leben,Wald4Leben GmbH,≤100,10
173118494488,Arbeiter-Samariter-Bund Österreichs,Arbeiter-Samariter-Bund Österreichs,≤100,5
109510258623973,SPÖ im Europaparlament,SPÖ im Europaparlament,≤100,5
66095458281,Mario Kunasek,FPÖ Steiermark,≤100,1
101882968344032,WIR - die Bürgerlisten,Martin Gollner,≤100,2
290449626693,Österreichische Gesellschaft für Europapolitik,Österreichische Gesellschaft für Europapolitik,≤100,1
185102941891194,Grüne Wirtschaft,Grüne Wirtschaft,≤100,1
278089089031668,The Webherald,Ing. Mag. Ludwig Harald Hofmann,≤100,6
106521958349398,Marktgemeinde Premstätten,Marktgemeinde Premstätten,≤100,2
108592087692111,Helmut Zöttl,FPÖ Steyr,≤100,1
205688106131773,Menschen für Menschen - Karlheinz Böhms Äthiopienhilfe (Verein Österreich),"„Menschen für Menschen“, Karlheinz Böhms Äthiopienhilfe, Verein zur Hilfeleistung für Menschen in Entwicklungsländern",≤100,2
694721493947307,Die Grünen Josefstadt,die Grünen Wien,≤100,1
206742036059576,tieranzeigen.at,tieranzeigen.at,≤100,1
307504992787396,Energiecamp Holzwelt Murau,Energiecamp Holzwelt Murau,≤100,1
123869807638653,Neue Zeit Steiermark,NeueZeit.at,≤100,2
178362315106,European Parliament,European Parliament,≤100,3
108116907580428,Christian Ragger,Christian Ragger,≤100,1
278824852291367,GASOKOL - The Solar Manufactory,These ads ran without a disclaimer,≤100,1
141259309300018,VP Eichgraben,Gernot Jürgen Stammler,≤100,1
102603287830946,Klima Champs,GW24,≤100,2
1043694979020538,David Stögmüller,David Stögmüller,≤100,4
1553709981598439,Bundesministerium für Arbeit und Wirtschaft,Bundesministerium für Digitalisierung und Wirtschaftsstandort,≤100,7
141998935555,Kurt Hohensinner,Grazer Volkspartei,≤100,2
157256672090,Die Grünen Dietach,Die Grünen Dietach,≤100,1
101851021328042,Yannick Shetty,Abg. Yannick Shetty,≤100,5
460710870691635,Kommunal,Kommunal,≤100,4
103362667823160,BIO OIL - from waste to energy,BIO OIL - from waste to energy,≤100,1
100756122931831,Ralph Schäfer,Ralph Schäfer,≤100,2
203648343900979,Österreichische Akademie der Wissenschaften,Österreichische Akademie der Wissenschaften,≤100,1
1963384810577780,Karl Mahrer,Wiener Landespartei der Österreichischen Volkspartei,≤100,2
444281059003458,SPÖ Frauen Oberösterreich,SPÖ Frauen Oberösterreich,≤100,1
122432717779,ÖH - Österreichische Hochschüler_innenschaft,ÖH - Österreichische Hochschüler_innenschaft,≤100,1
153266094691114,VHS Wien,Wiener Volkshochschulen,≤100,2
1511744729150750,Verbraucherschutzverein,VSV - Verbraucherschutzverein,≤100,1
269980709831300,Walter Ruck,Wirtschaftskammer Wien,≤100,1
1487562758233631,Hallo Vernunft,Österreichische Hagelversicherung,≤100,1
284524533339913,Kleinwasserkraft,Kleinwasserkraft Österreich,≤100,1
411029042271205,FPÖ Steyr,FPÖ Steyr,≤100,1
94967955198,Die Grünen Vorarlberg,Die Grünen Vorarlberg,≤100,1
177240799884,Welthaus Graz,Welthaus Graz,≤100,1
780342175336483,SPÖ Herzogenburg,Kurt Schirmer,≤100,2
687266901320958,Peter Wurm,Peter Wurm,≤100,1
138841296768817,ummadum,ummadum Service GmbH,≤100,4
120946906485599,Zumglueck.jetzt,Verein ZUMGLUECK.JETZT – Initiativen zur Veredelung der Zeit,≤100,2
105653629050461,Valairion,These ads ran without a disclaimer,≤100,2
115164883254851,Henrike Brandstötter,Henrike Brandstötter | NEOS Parlamentsklub,≤100,1
190177211135791,Markus Abwerzger,FPÖ Tirol - die Tiroler Freiheitlichen,≤100,2
120106831360939,SPÖ Hernals,SPÖ Hernals,≤100,1
106739889401505,SPÖ Niederösterreich,SPÖ Niederösterreich,≤100,1
1502366536713776,Grüne Alsergrund,die Grünen Wien,≤100,1
1668113376747332,Grüne Bildungswerkstatt Oberösterreich,Grüne Bildungswerkstatt OÖ,≤100,1
355568258173731,Robert Krotzer,KPÖ Steiermark,≤100,2
98931402021,Steiermärkische Sparkasse,Steiermärkische Sparkasse,≤100,2
103084895418404,Agnes Prammer,Mag.a Agnes-Sirkka Prammer,≤100,1
105428308043466,NEOS Klagenfurt,Neos Klagenfurt,≤100,1
191576624211837,KOSMO,KOSMO,≤100,1
730853657375290,Petra Tanzler,Petra Tanzler,≤100,1
104555387716621,Die Grünen Feldkirchen bei Graz,Martin Winter,≤100,1
951571294879068,WKO Oberösterreich,WKO Oberösterreich,≤100,1
204532472901378,Arbeiterkammer Vorarlberg,These ads ran without a disclaimer,≤100,1
110146418234474,WKOÖ Transport Verkehr,These ads ran without a disclaimer,≤100,1
422601690429,"AUGE/UG - Alternative, Grüne und Unabhängige GewerkschafterInnen",Alternative und Grüne Gewerkschafter:innen/Unabhängige Gewerkschafter:innen (AUGE/UG),≤100,1
422002897965438,FPÖ Linz,FPÖ Linz,≤100,1
977433239014062,PRO23,PRO23,≤100,1
188887757808410,Freiheitliche Wirtschaft - FW Niederösterreich,FW Niederösterreich,≤100,1
346648178719588,Ulli Sima,Ulli Sima,≤100,1
113012851709335,ACKER Magazin,ACKER Medien GmbH,≤100,1
1473119789664212,Andreas Bors,Andreas Bors,≤100,1
108410167265651,Hannes Schwarz,SPÖ Steiermark,≤100,1
267349533438176,NEOS Oberösterreich,NEOS,≤100,1
869867063077151,Wien-Süd,Wien-Süd,≤100,1
912354165459699,SPÖ Stadtorganisation Amstetten,SPÖ Stadtorganisation Amstetten,≤100,1
181380276584,Arbeiterkammer Salzburg,Arbeiterkammer Salzburg,≤100,1
128440447895402,Jeder Tag zählt e.V.,These ads ran without a disclaimer,≤100,1
107926434689008,IFDD - Institut für Demoskopie und Datenanalyse,IFDD - Institut für Demoskopie und Datenanalyse GmbH,≤100,1
186003558263387,Die Grünen Margareten,die Grünen Wien,≤100,1
103438972096480,Josef Scheinast,Die Grünen im Salzburger Landtag,≤100,1
105988418093957,Democracy & Dialogue,These ads ran without a disclaimer,≤100,1
144709575593854,EESC - European Economic and Social Committee,EESC - European Economic and Social Committee,≤100,5
110210588494125,GCG International Law firm,These ads ran without a disclaimer,≤100,1
294615500888608,Interface,These ads ran without a disclaimer,≤100,1
599612190165733,SPÖ Feldkirch,SPÖ Feldkirch,≤100,1
1618767561741157,Grüne Liste Gablitz,Grüne Liste Gablitz,≤100,1
228124640600673,Elmar Graf GmbH,These ads ran without a disclaimer,≤100,1
527351247377965,European Committee of the Regions,European Committee of the Regions,≤100,5
100205189646868,Kwizda Pharmahandel,These ads ran without a disclaimer,≤100,2
49835536470,Wilfried Haslauer,Salzburger Volkspartei,≤100,1
371645719673520,FPÖ Freistadt - Harald Schuh,FPÖ Freistadt,≤100,1
207735025880,Stetson Europe,These ads ran without a disclaimer,≤100,1
114329917932983,Elektrotechnik24,These ads ran without a disclaimer,≤100,1
28312410177,World Food Programme,These ads ran without a disclaimer,≤100,1
130369030334301,KidsRights,These ads ran without a disclaimer,≤100,1
891586070909976,Endangered Species Foundation of New Zealand,These ads ran without a disclaimer,≤100,1
152914224736727,Banco Mundial,These ads ran without a disclaimer,≤100,1
427787940590188,Радио Китай,These ads ran without a disclaimer,≤100,1
164432246934163,Chopard,These ads ran without a disclaimer,≤100,2
1863474893728664,K.at,These ads ran without a disclaimer,≤100,1
89151782746,Fauna & Flora International,These ads ran without a disclaimer,≤100,3
154923374536050,LKAB,These ads ran without a disclaimer,≤100,1
188890111132385,Oxford Academic (Oxford University Press),These ads ran without a disclaimer,≤100,1
101698549225243,Recycling Mission 2025,These ads ran without a disclaimer,≤100,1
110810488471370,Dedicatted,These ads ran without a disclaimer,≤100,1
110463704610731,Cute Kiwi,These ads ran without a disclaimer,≤100,1
104831325728448,Diario del Pueblo,These ads ran without a disclaimer,≤100,1
31292782350,Deutschland.de,These ads ran without a disclaimer,≤100,1
104113425861099,V Chiryassov,These ads ran without a disclaimer,≤100,1
100374392742057,Weregreenly- Magazine,These ads ran without a disclaimer,≤100,3
100182009621651,Animals of Ukraine - Searching for Nika,These ads ran without a disclaimer,≤100,1
108240971635234,Bettermanly - Magazine,These ads ran without a disclaimer,≤100,3
1724847890883088,Sheikh Saud bin Saqr Al Qasimi Foundation for Policy Research,These ads ran without a disclaimer,≤100,1
537872126249267,Червоний Хрест України,These ads ran without a disclaimer,≤100,3