﻿Page ID,Page name,Disclaimer,Amount spent (USD)
857378244370245,BanEcuador,BanEcuador,≤100
170840622974083,ITB Instituto Superior Universitario Bolivariano,ITB Instituto Superior Universitario Bolivariano,≤100
932320160301991,Jael Melo Olvera,Jael Melo Olvera,≤100
114331451520712,Asonafep,Asonafep,≤100
129892680011295,Educatics - Centro de Capacitación,Educatics,≤100
1655058734779946,Consorcio de Municipios Amazónicos y Galápagos,Guillermo Geovanny Granda Tovar,≤100
108657847619569,Goberna Ecuador,Goberna Ecuador,≤100
2221570604786246,Primicias,Primicias,≤100
177272335650177,Crecimiento Empresarial,Crecimiento Empresarial,≤100
101056676141616,Asesoría Política - Goberna Ecuador,Goberna Ecuador S.A.S,≤100
423012001497916,Darwin Pereira,Darwin Pereira,≤100
195488207272178,Ciudadanía y Desarrollo,Ciudadanía y Desarrollo,≤100
856012741442139,Ipas LAC,Neuma,≤100
152914224736727,Banco Mundial,These ads ran without a disclaimer,≤100
343584129176395,La Posta,Andersson Alejandro Boscan Pico,≤100
112981504211534,Luis Zambrano - Servicios de Ingeniería & Compras Públicas.,Luis Zambrano - Servicios de Ingeniería & Compras Públicas.,≤100
106871114441499,Elecciones Quito 2023,Jean Pierre Larenas Duque,≤100
516140678546075,Timing Ecuador,Timing Ecuador,≤100
1420205544921824,Municipalidad Santo Domingo,Municipalidad Santo Domingo,≤100
120460525135389,Educational Partners International,These ads ran without a disclaimer,≤100
2128953330710499,Familia Ecuador,Familia Ecuador,≤100
101765851519633,Martha Escobar Carbonelly,Martha Escobar Carbonelly,≤100
105900552270698,Sofia Adara,These ads ran without a disclaimer,≤100
163481690342750,Raúl Zambrano,Carlos Eduardo Zambrano Reyes,≤100
494354027360929,Dirección de Educación Continua Pontificia Universidad Javeriana Bogotá,These ads ran without a disclaimer,≤100
208411159175490,ACODAL,These ads ran without a disclaimer,≤100