﻿Page ID,Page name,Disclaimer,Amount spent (INR)
109937650579639,discovery+,discovery+,2273
337091703042531,Colour Media,Hemant Kumar,1469
106177778335243,Aditya Kumar Paswan,Aditya Kumar,1410
112061804808512,Bihar State Sports Authority - BSSA,Ajit Kumar,1234
479998865355592,Aditya Birla Group,Aditya Birla Group,1173
101575206117414,Indra Shekhar Jha,Indra Shekhar Jha,1011
102519939308428,टीम: संजय कुमार झा,Summit Polcom,991
111604301898917,OM Prakash - राजू झा,Clickiexpress,877
109545244848137,Crafto,Kutumb App,872
100198063064112,Rupam Mishra,Rupam Mishra,837
574079826086251,Phir Ek Baar Modi Sarkar,phirekbaarmodisarkar.com,811
105671775473178,Jan Suraaj,Jan Suraaj,747
110335361838155,Rang Studio,Nitesh Kumar Singh,731
107439455509200,R. K. Singh Fan Club,Abhishek Pathak,699
107395897271506,Kutumb,Swatantra Verma,639
100331279582054,"मधुबनी नगरसेवक "" महंत रत्नेश्वर दास उर्फ -बब्बू सिंह",Hariwansh Kumar,598
123405501008524,Mercedes-Benz India,Mercedes-Benz India,569
104001385524847,Randhir Jha -  मेयर प्रत्याशी मधुबनी,Anu Jha,567
104663008973111,मैं मिथिला हूँ,Summit Polcom,535
102309332404025,Nitendra Pratap Singh Nanhe,Nitendra Pratap Singh Nanhe,533
1894879410747447,Guddu hayat,Amit Raj,529
104017112468872,Prchar song,Sunil Kumar Sah,498
797927846899300,Flag Foundation of India,Flag Foundation of India,497
21169267101,Give,Give,424
1987488401557504,Mahathugbandhan - महाठगबंधन,Mahathugbandhan - महाठगबंधन,405
102783314889685,Naveen Murarka,Sachin Kumar Murarka,394
103493622523525,मदन कुमार मधुबनी नगर निगम मेयर प्रत्याशी,Ambaysoft Technologies LLP,367
316365575140365,Rozana Spokesman,Anish Singh,367
112053926911766,Navnit Kumar Jha,Navneet Kumar,334
110613061629801,Ufos World,Prashant Kumar,327
104554615870523,Dr Rajesh Mishra,Rohit Kumar,324
103760102031014,Rajeshwar Singh,Medevento Planner,311
114099518295428,Son of Jhanjharpur-Rahul Jha,Amit Kumar,309
105294039011543,Arun Roy,Narotam Choudhary,297
174283119250672,Bal Raksha Bharat,Bal Raksha Bharat,294
165714096933078,Piyush Goyal,Piyush Goyal,270
102281972424679,Gunanand Yadav,Gunanand Yadav,263
107748182079550,मोहम्मद नजीर- भावी मेयर प्रत्याशी सहरसा,Clickiexpress,257
110566778536236,Mahabali Singh,Bal Krishna Prasad,247
296002831234834,Swapnil Kothari,Swapnil Kothari,246
109375014949720,All India Advertising,Akash Kumar,246
102685919284036,Sanjay Kumar,Shubham  Kumar,245
715957668600858,Garima Devi Sikaria,Prashant Kumar,240
104736419210593,PACE INDIA,PACE INDIA,240
223069791595001,Rishi Mishra,Subhasini Singh,238
74713936682,PETA India,These ads ran without a disclaimer,224
404746486258732,Project Nanhi Kali,Project Nanhi Kali,222
136804713571547,Nilkanth Singh Munda,Nilkanth Singh Munda,221
140930379388330,Kishan Reddy Gangapuram,Kishan Reddy Gangapuram,215
509680612544315,Dr.Sanjeev Kumar,Saket Kumar,211
107022325270259,Rahul Jha,Amit Kumar,209
102715296085726,Neta Ji,Deepak Mehla,195
746568209028564,Dr. Basu Eye Hospital,Dr. Basu Eye Hospital,188
1521106071438318,CMO Chhattisgarh,IVS Corporation,181
1968056826560830,सीतामढ़ी की आवाज,Ramashankar Kumar,179
118227367824577,Garuda Aerospace Pvt Ltd,Garuda Aerospace Pvt Ltd,178
103702839094687,Times Special,These ads ran without a disclaimer,177
605390272841833,Shrirang Appa Barne,Abhay Balu Ahire,175
104963098336416,Dewa gupta,Dewa gupta,170
30290552843,Greenpeace India,Greenpeace Environment Trust,168
112061804808512,Bihar State Sports Authority - BSSA,These ads ran without a disclaimer,162
342300295978073,Syed Afzal Abbas,Syed Afzal Abbas,159
111652400511454,Mukesh Jaiswal Bhartiya,These ads ran without a disclaimer,153
101231645143177,Biresh kumar,Biresh kumar,151
103599181499755,Niranjan Roy,Poll Aid,150
102252509305956,Shankar Jha,Kavita Jha,148
106490785278807,Tea Domus Café,Rahul Kumar,148
102983308949343,Binod jaiswal,Vibhav Pandey,144
243524299157863,Pushkar Singh Dhami,Pushkar Singh Dhami,144
667560657014524,Mahendra Singh Solanki,Swanit Infotech,139
104264108977681,Esperanza Global,Esperanza Global,137
157533637679197,हथुआ हलचल Live,हथुआ हलचल Live,135
100796758238204,Mohammad Israil Mansuri,Poll Aid,133
174953884087142,Priyanka Penchi,Varun Shivpuriya,131
1785302198354679,Dr. Somendra Tomar,Somendra Singh,131
1576734822340874,Ejya Yadav,These ads ran without a disclaimer,126
1742108602693359,Niket Kumar Sinha,Niket Kumar Sinha,125
515733388449554,Sunil Parihar,Divyesh Parihar,122
100196004828444,North Eastern Council,Sourabh Arvind Dubey,120
510838172378770,Rajnath Singh Lucknow,Pragya Net Technology,119
113094001668526,Talkingly Media Pvt. Ltd.,Amit Kumar,118
224618077692752,Sanjay Tandon,CosMark Media Pvt Ltd,114
704847062939121,Ranbir Nandan,Ranbir Nandan,111
102220749442030,नरसिंह राम उर्फ़ नरसिंह चंद्रवंशी,Deepak Kumar,106
889810991147251,Nyamar Karbak,Nyamar Karbak,105
111990591832169,Qari Sohaib,Md Sohaib,104
102123449068334,Er.Venu Gopal Sinha,Venu Gopal Sinha,≤100
102218576103904,Badlaav ki Aandhi Priyanka Gandhi,Badlaav Ki Aandhi Priyanka Gandhi,≤100
111276250676310,Pradeep Rai,Vivek Kumar Singh,≤100
1181723095335007,Kapil Anjane,Ashvin Gadle,≤100
103782051383159,School of Politics,School of Politics,≤100
1603526306612469,Jawahar Lal Ray,Avinash Kumar,≤100
103290325768311,Er Chandni Prakash,Er Chandni Prakash,≤100
145703105530196,Brahmachari Chaitanyanand Ji,Prashant Gupta,≤100
103965999188628,Ramakant Singh Solanki,Ramakant Singh Solanki,≤100
107771330772030,Krishna Coming Garbh Sanskar,These ads ran without a disclaimer,≤100
109709397316526,Dr. Ashraf Ali,Aameer Aazam,≤100
1416296878405921,Ex Mayor Chapra Sunita Devi,Prashant Kumar,≤100
912978008770734,MLC Virendra Narayan Yadav,Amit Kumar Sharma,≤100
198090980676319,Manish Sinha,Ashutosh Kumar,≤100
389557067910726,Arvind Menon,Abhishek Shukla,≤100
186199704897466,RD Foundation,RD Foundation,≤100
107907542072997,MADAN KUMAR,Madan Kumar,≤100
1656810004631832,Youth 4 BJP,Adv Tech,≤100
116383754696955,Antardhwani - The Inner Voice,Antardhwani,≤100
153192418171615,जनेऊँ क्रांति Janeu Kranti,Chandra Mohan,≤100
529298577561300,Naveen Dagar BJP,Naveen Dagar BJP,≤100
113850920931537,Halchal Music,Prem Pritam Ray,≤100
107402542356423,Dhanlaxmi financial,These ads ran without a disclaimer,≤100
347337386104390,Ramachandra Yadav,B Ramachandra,≤100
103040206040226,Dr. B S Ajaikumar's Thought Leadership,Dr. B S Ajaikumar's Thought Leadership,≤100
108015368279979,Solh Wellness,Solh Wellness,≤100
256544464528433,Virendra Singh,Deepak Mishra,≤100
100549119644561,Jo Ram Ko Laye Hain Hum Unko Layenge 2024,Jo Ram Ko Laye Hain Hum Unko Layenge 2024,≤100
1932900346831325,Rajesh D Sanghvi,Rajesh Dineshchandra Sanghvi,≤100
301902473766068,முதல்வன் OPS,M Mahalakshmi,≤100
100579492974806,Garibo Ke Modi,Garibo Ke Modi,≤100
163751763980552,Radheshyam Upadhyay,Radhey Shyam Upadhyay,≤100
418953654897992,Jitender Gothwal,Ganesh Kumar,≤100
350558792662542,Neeru Yadav,Manish Yadav,≤100
466835200043903,उमेद अभियान - Maharashtra State Rural Livelihoods Mission,MASRLM,≤100
112709838355954,Prachar99,Prachar99,≤100
411129449009589,K.C. Venugopal,K.C. Venugopal,≤100
117122002079339,Shailendra Sengar,Shailendra Sengar,≤100
361031561139301,Rakesh Jangir,Saurabh Singh,≤100
101482881591951,Dr Manoj Yadav fans club mp,These ads ran without a disclaimer,≤100
110335041989364,महाराष्ट्राचे भविष्य एकनाथ,महाराष्ट्राचे भविष्य एकनाथ,≤100
745732168802118,Rakesh Prasad,Rakesh Prasad,≤100
390976557590103,I Support Narendra Modi,I Support Narendra Modi,≤100
282198256011533,PM Narendra Swamy,PM Narendra Swamy,≤100
880061088804589,Sameer Bhati,Sameer Bhati,≤100
1807761416182426,Kamal Midha,Kamal Midha,≤100
2610079412396734,Amaresh Rai,Amaresh Kumar Rai,≤100
2035669320006585,प्रभाती लाल जाट RAS,Pankaj Sharma,≤100
107797718803049,Harisingh Dhangar BJP,Hitarth Sharma,≤100
100328978216424,"Fight Pollution, Not Plastics",Nitesh Singh,≤100
865561586896058,Sushil Singh,Prakhar Kashyap Singh,≤100
177924969696841,Rajendra Tiwari,Shivam Dubey,≤100
1061889120527640,Vicky Mittal - Vinendra Mittal,Sourabh Nagori,≤100
107334185444129,Charitism Global,Charitism Global,≤100
132058160333631,Sanity Softwares,Ajit Yadav,≤100
101921952879141,Gadar News Tv,Gadar News Tv,≤100
892110527476687,Rajendra Singh Yadav,Riyaz Ahmad,≤100
2238940452991193,Adv. Santosh Pandey,Kunal Jitendra Ajmera,≤100
802311956513987,Rahul Singh,Rahul Singh,≤100
152154292012572,Navjivan,Navjivan,≤100
107461545681999,Ramesh Kumar,Ramesh Kumar,≤100
100764189169523,Focus 360,Yatendra Sukla,≤100
811055169008794,Dr. Bonthu Rammohan,Ram Mohan Bontu,≤100
367693910079524,Mohit Jaswant Yadav Page,Mohit Yadav,≤100
1821265158148261,Parag Shah,Kunal Jitendra Ajmera,≤100
112314771829803,NorthEast Global Investors Summit,Sourabh Arvind Dubey,≤100
270666596375251,Jhatkaa.org,Jhatkaa.org,≤100
102576955846347,என்னடா பண்ணி வச்சிருக்கீங்க,M Mahalakshmi,≤100
526222491203445,The Chaupal,The Chaupal,≤100
276512419511205,Kathi Karthika,Policy Briefcase,≤100
109916533853207,AMIT KUMAR SINGH,Akash Singh,≤100
1958673024455049,Sattu Mallesh,Sattu Mallesh,≤100
114513331559241,Viral Edgy,Yatendra Sukla,≤100
105547865434916,Code Elections,Code Elections,≤100
1260752167386562,Chhatrabali Singh,Rajnandini Singh,≤100
101157199110808,Mithilanchal Higher Education of India,These ads ran without a disclaimer,≤100
317042561720861,Sunil Deodhar,Dharmendrasing Narendrasing Rajput,≤100
1706371292942156,"Ministry of Development of North Eastern Region, Government of India","Ministry of Development of North Eastern Region, Government of India",≤100
552159824873262,Kethireddy M.L.A,Venkata Krishna Reddy Kethireddy,≤100
743418359142684,Bajrangi Prasad Yadav,Bajrangi Prasad Yadav,≤100
263560423714979,Dr. Mahesh Sharma,Subham Singh,≤100
120420451049261,Sahara India,loknayakeducation.com,≤100
285029500623,CARE India,CARE India,≤100
122325584193131,HHN MEDIA,Mohit Johari,≤100
113732098280676,अजय कुमार प्रसाद सभापति उम्मीदवार,Brajesh Kumar Singh,≤100
112399491818085,अविरल चल अनुराग,अविरल चल अनुराग,≤100
680923035433709,Chowna Mein,Zakti Digital Services Pvt Ltd,≤100
106537674450366,Ajay Singh 'Tunnu' - अजय सिंह 'टुन्नू',Harsh Ajay,≤100
108638702066665,Deepak Ajeet Khatri,Deepak Khatri,≤100
1019973151356249,Santosh Kushwaha,These ads ran without a disclaimer,≤100
558095644313561,Manish Rawat,Manish Rawat,≤100
108579871731789,Daily Uttam Hindu TV,Daily Uttam Hindu TV,≤100
389557067910726,Arvind Menon,Arvind Menon,≤100
113858681342028,Dr. Anjali Yadav,Shiv Charan,≤100
110068635255285,Dhanlaxmi Finance,These ads ran without a disclaimer,≤100
994578073995343,B. L. Verma,Sourabh Arvind Dubey,≤100
116476584663869,Sirikonda Madhusudanachary,Sirikonda Madhusudanachary,≤100
1443694495872539,Alok Ranjan,Rupesh Kumar,≤100
123628004047756,Coldish,These ads ran without a disclaimer,≤100
101176392956016,Team BPYB Jhansal,These ads ran without a disclaimer,≤100
1336557693042370,गाज़ीपुर की आवाज,Anup Kumar Jaiswal,≤100
637579153363871,Urmila Jain Bhaya,Kapil Sain,≤100
100974976268078,Thp Gift,Lata Vani,≤100
132689140088396,smilefoundation,Smile Foundation,≤100
1675237799375590,Chandra Mohan Patowary,Jitendra Newatia,≤100
100803622889152,The Bihari Top,Faltech Services Pvt. Ltd.,≤100
385303288239154,Raghuveer Singh Tanwar,Raghuveer Singh Tanwar,≤100
204318116677554,National Herald,National Herald,≤100
108935364979003,Ragidi Laxma Reddy,Laxmareddy Ragidi,≤100
643001122724792,Shambhu Kumar,Punit Kumar Pandav,≤100
248587271966546,Lachha Ram  Badarda,Lachha Ram  Badarda,≤100
103878369114327,Kosi Mirror Bihar,Shubham Kumar,≤100
263184511206857,Poonam Soni,Poonam Soni,≤100
685881558130468,Kamal Nath,Kamal Nath,≤100
114233898263244,Indian Compass Videos,theindiancompass.com,≤100
490587811385953,Shailendra Singh Gurjar,Saurabh Singh,≤100
162115051234970,Dharmendra Singh Lodhi mla,Dharmendra Singh Lodhi,≤100
1360805680600676,Sandeep Kshirsagar,Yogesh Padmakarrao Pawar,≤100
333426070147135,Benny Kuriakose Associates,Benny Kuriakose Associates,≤100
327435757385465,Jaisingh Agrawal,Jaisingh Agrawal,≤100
107153958711155,South First,south Fist,≤100
918414611597115,Amar Prasad Reddy,Venkata Satish Chandu,≤100
102584546049699,Kamal Nahi Kamalnath,Kamal Nahi Kamalnath,≤100
106995762752939,Ramesh Chand Khandelwal,Ramesh Chand Khandelwal,≤100
105040639000304,Political Junction India,Sunita Singh,≤100
1336863726383886,Gopal Lal Sharma,Ganesh Thapa,≤100
339835596096353,Satish Poonia,Satish Poonia,≤100
644400709346753,Adv.Uma Shanker Sharma,Adv.Uma Shanker Sharma,≤100
116318511454624,Sanjay Paswan,PULPiT Digital Media Assistance Private Limited,≤100
103719669313108,Rajkumari Gurjar,Pankaj Sharma,≤100
647353902009584,Dr. Nilam Yadav,Nilam Yadav,≤100
100109866233757,Shri Rawatpura Sarkar Official,These ads ran without a disclaimer,≤100
105694514269834,North Eastern Region Community Resource Management Society,Shrinivas Ravichandran Nadar,≤100
105073542218128,जगद्गुरु शंकराचार्य स्वामी श्री अधोक्षजानंद देवतीर्थ जी महाराज गोवर्धनपीठ,shree adhya shankaracharya dharmotthan sansad,≤100
572119322946420,Manish Kumar Singh,Manish Kumar Singh,≤100
679159028834779,ममता मीना,Mamta Meena,≤100
220803731286272,Panasonic India,Amit Chauhan,≤100
648392601873373,Ashok Chandna,Mukesh Kumar Yadav,≤100
1296730893678209,Rooparam Saran Bmr,Rupa Ram Saran,≤100
113393041750401,Malik bhai casino king,These ads ran without a disclaimer,≤100
453884384661528,Brijendra Singh Yadav,Devendra Ahirwar,≤100
150727778825020,Mobius Foundation,Mobius Foundation,≤100
286497461870410,नूतन देवी राजद,Alok Verma,≤100
338791202812647,Earth Care Awards,Prabhindar Singh Chopra,≤100
195167817324812,Pawan Khera,Pawan Khera,≤100
279137472772628,Shiv Kumar Verma Mantan,Shiv Kumar Verma Mantan,≤100
562410290526813,Sanjay Shailkumar Sharma,Hitarth Sharma,≤100
109027442133819,Dr. Sanjay Singh,Naveen Singhal,≤100
747930775373319,Saral Patel,Saral Patel,≤100
103719161677850,Priyanshu Vishwakarma,Priyanshu Vishwakarma,≤100
1464107573864436,Lalit Yadav,Lalit Yadav,≤100
108432861353908,Karan Singh Yadav,Mukesh Kumar Yadav,≤100
142752549111246,Construction World Magazine,Asapp Info Global Services Pvt. Ltd,≤100
381937732180611,Vineet Joshi,Vineet Joshi,≤100
132689140088396,smilefoundation,smilefoundation,≤100
421962034490470,Dhananjay Mahadik MP Kolhapur,Ashwamedha Media,≤100
285403455681355,Railway Children India,Railway Children India,≤100
1731493857081536,Dr. Kuldeep Bhandari,Dr. Kuldeep Bhandari,≤100
678876002499539,Mohd Shamim Khan,Shamim Khan,≤100
698096280212576,Bhatti Vikramarka Mallu,Bhatti Vikramarka Mallu,≤100
897491920274533,Sandeep Rathore,Sandeep Rathore,≤100
102861739422105,Kuldeep Rai Sharma,Policy Briefcase,≤100
256683878023906,Atul Bora  অতুল বৰা,Atish Mitra,≤100
274842592677222,Chhotelal Singh Kharwar,Prakhar Kashyap Singh,≤100
102446801464120,Anubhav Gupta,Shivam Agarwal,≤100
114099648349304,Gopal Sahu,Vivek Banchhor,≤100
172054106182392,LEADTECH,Yash Bagh,≤100
121936820894514,Apna Rajasthan,Goldy Tyagi,≤100
102578861852952,Naresh Chavda,Parthkumar N Parmar,≤100
102994271417943,Ashutosh Kumar Tripathi,Shishupal Kumar,≤100
114592314849721,Sunil Maheshwari,Sunil Maheshwari,≤100
1644165492504830,Anekal Ramoji Gowda,Ramoji Gowda,≤100
101692065299062,Hyma Reddy BJP,Hymavathi Neeradi,≤100
995582213894808,Kothapalli Geetha,Venkata Satish Chandu,≤100
318205675275285,APL Apollo Tubes Limited,APL Apollo Tubes,≤100
102339448282189,विवेक कुमार वर्मा,Alok Verma,≤100
110194685265228,Praveen Jha,Praveen Jha,≤100
122672260821443,Rajasthan Wale,Goldy Tyagi,≤100
105343811139075,शर्मिला सिंह सभासद-अशोक कुमार सिंह “मुन्ना सिंह”,Shivaya Clinic & Hospital,≤100
122414901755724,Sanjay Yadav,Lekhraj Kumawat,≤100
102123419539115,Amit Shah Fan Army,Hemant,≤100
104950685914319,रवीन्द्र मिश्र,Pranesh Kumar Mishra,≤100
108755307695610,Dr. Harsh Kumar Doulat,Harsh Kumar Doulat,≤100
1433894153522813,Pramod Bhaya,Kapil Sain,≤100
102616298277409,Afaque ahmad,Afaque ahmad,≤100
106836628656348,भाजपा युवा मोर्चा मंडल सिंगरौली,These ads ran without a disclaimer,≤100
163190160489585,Vasundhara Raje,Vasundhara Raje,≤100
101964264562944,Sanjay Singh Gangwar,Sanjay Singh Gangwar,≤100
777147562488988,Rajesh Mishra bjp,Rajesh Mishra bjp,≤100
713416382011902,Sahil Shivaji Kedari,Sahil Shivaji Kedari,≤100
102597425311635,Surya Pratap Singh,Surya Pratap Singh,≤100
231512217793516,Ashok Goel Mangaliwala,Ashok Kumar Goel,≤100
103018412796200,all India holder packing 28000 salary 16000 advance call mi,These ads ran without a disclaimer,≤100
104051531611577,CV Ganesan,J Arunkumar,≤100
235746856771965,HVP Mandal,HVP Mandal,≤100
106650475483675,The Borderlens,The Borderlens,≤100
102123079337554,International Society for Krishna Consciousness,ISKCON Delhi,≤100
1706371292942156,"Ministry of Development of North Eastern Region, Government of India",Arshad Ali,≤100
198398326957053,Shree Krishnayan Desi Gauraksha Avam Golokdham Sewa Samiti,These ads ran without a disclaimer,≤100
1652675041670519,Troopel,Atul Malikram,≤100
1955301821451552,Abhishek Dutta,Abhishek Dutta,≤100
205278732829897,Prem Prakash Pandey,TheVOLOPV,≤100
1613686538669654,Ashok Singhal Foundation,Digital Xplode,≤100
109193781650185,Arun Kumar,Pranjal D Rai,≤100
470929816335236,Veer Sen Yadav,Veer Sen Singh,≤100
1397767487148044,Jaidatta Kshirsagar,Jaydatta Sonajirao Kshirsagar,≤100
104633612411419,Dr Samir Kagalkar,Dr Samir Kagalkar,≤100
233346983495637,Maitreya Dadashreeji - Divine Friend,These ads ran without a disclaimer,≤100
621054018262029,"डॉ. अवधेश कुमार वर्मा, सामाजिक कार्यकर्ता एवं शिक्षाविद, सचिव-भवदीय ग्रुप","डॉ. अवधेश कुमार वर्मा, सामाजिक कार्यकर्ता एवं शिक्षाविद, सचिव-भवदीय ग्रुप",≤100
100935642733964,Hindi Khabar Digital,The Narrative Builders,≤100
107454487745783,UCNewsDigital,Ashish Chitranshi,≤100
1806466166242152,Rahul Raj Rastogi,Chetan Singh Kanyal,≤100
1088373891289696,Kamal Yadav,Akash Singh,≤100
105331745445757,Omprakash Khichar Advocate,Rohit Githala,≤100
619088371486871,Harnath Singh Yadav,Puneet Kumar Singh,≤100
101736992424085,Md Imteyaz Akhtar,Md Imteyaz Akhtar,≤100
2159484957646626,Mahant Daleep Rawat,Daleep,≤100
1964648457141458,Shanthi Kumar,Mayurnath Matam,≤100
113004318452052,Uday Sherawat,These ads ran without a disclaimer,≤100
110847490543428,Vipul Kumar Salwan,Vipul Kumar Salwan,≤100
109034074092751,Rakesh dayma alote,Rakesh dayma alote,≤100
1893540457545685,Virendra Singh Tomar,Virendra Singh Tomar,≤100
835481029818511,Rahul Tiwari,Shivam Dubey,≤100
466642616726169,Parul University,Parul University,≤100
170406447891376,Dr. Koteswara Rao,These ads ran without a disclaimer,≤100
393768164105774,Parimal Nathwani,Parimal Nathwani,≤100
1651727365046605,Pukh Raj Parashar,Pukh Raj Parashar,≤100
110703178205501,Vikas Surana,Vinayak Sharma,≤100
1088373891289696,Kamal Yadav,Kamal Yadav,≤100
1919704441684688,Rakesh Sachan,Manvendra Sachan,≤100
543596058995303,"Dr. Param Navdeep Singh Doctor, Social Activist, Politician","Dr. Param Navdeep Singh Doctor, Social Activist, Politician",≤100
846994962145905,Manoj Kumar Aggarwal,Durga Kumari,≤100
2009423802461842,Devendra Singh,Sarika Pandey,≤100
425594447573893,BJP4Palamuru,Mayurnath Matam,≤100
33497111948,Child Rights and You,Child Rights and You,≤100
106047092506038,Mudra loan,These ads ran without a disclaimer,≤100
102537649435337,Vinayak Kumar,Vinayak Kumar,≤100
241940555912671,Chandigarh University,Chandigarh University,≤100
203181590261286,Bhanu Pratap Singh,Pankaj Sharma,≤100
1753510778289435,शायरी,शायरी,≤100
427521707672968,Gyana Ram Ranwa Chandpura,Shiv Charan,≤100
106480475566850,Kaushal Dave,Kaushal Dave,≤100
102746949480962,KBC online 7,These ads ran without a disclaimer,≤100
137192210235379,देशभक्त भारतीय,Adv Tech,≤100
256050398281355,MD Chopdar,WEBTIX,≤100
935503089847466,Pant Path,Pant Path,≤100
108024168621568,Dev Palsaniya,Rohit Githala,≤100
1576734822340874,Ejya Yadav,Easy Social,≤100
1678177965761136,ANKUR POPLY BJP,Ankur,≤100
689591581145844,G B JyothiGanesh,G B JyothiGanesh,≤100
115661341468670,Norang Dangi,These ads ran without a disclaimer,≤100
104889532431683,Jagdish Verma sangaria,digital computer classes,≤100
330228123709826,Sonu Singh,Arun Pratap Singh,≤100
108926738786643,Abhishek Vijay Laxmi Gautam,Madan Mohan Tiwari,≤100
301600333956877,Rajendra vinayka bjp,Ganesh Kumar,≤100
367203836657399,Rajendra Singh Surpura,Prakash Jaiswal,≤100
105625338928748,DR. Ramkishor choudhary,DR. Ramkishor choudhary,≤100
268437163351102,Saurabh Srivastava,Saurabh Srivastava,≤100
135657743788459,Amit Chauhan,Amit Kumar,≤100
101950355775969,Nilesh Jain,Nilesh Jain,≤100
345702226193796,Premshankar Verma MLA,Harsh Verma,≤100
104725784613400,Jila Champaran,These ads ran without a disclaimer,≤100
185841844832037,Scroll,These ads ran without a disclaimer,≤100
2100849650146359,Ramarao Patil Pawar,Venkata Satish Chandu,≤100
196338294250820,Rohit Gangwal,Modi For PM Organisation,≤100
115672001487908,The Green Pillar,Stuti Singh,≤100
113607803769884,Nattasha Sharrma,Policy Briefcase,≤100
899092420138226,Yogesh Pal Aroraa,Yogesh Pal,≤100
1850402531956182,सपने जो सोने न दें,Adv Tech,≤100
150142102022817,Namo Supporter,Adv Tech,≤100
113073133805731,Desh Ki Baat Foundation,Krishna Kumar Yadav,≤100
100578959345573,GHR INFRA,These ads ran without a disclaimer,≤100
1802523420012948,Pratap Singh Khachariyawas,Anirudh Sharma,≤100
361718734223966,Yogesh Kumar Tamrakar,Sarika Pandey,≤100
107887998979838,Noorani Dawakhana,These ads ran without a disclaimer,≤100
489671507754621,Sundesh,OMLogic Consulting Pvt Ltd,≤100
108497578583588,Janpeace Live,Trishanu Kaushik,≤100
145890299544514,क्रिकेट के दीवाने,क्रिकेट के दीवाने,≤100
102323545504609,Rama Devi Chopra,Rama Devi Chopra,≤100
1947794792150993,Piyush Dosi,Anuj Vyas,≤100
1100583156625229,Dheeraj Gurjar,Dheeraj Gujar,≤100
105515161411695,Pankaj Singla,Anil Kumar,≤100
1856074367972717,Mukesh Yadav,Mukesh Kumar Yadav,≤100
1923088424569789,अक्षय कुमार फैन क्लब,अक्षय कुमार फैन क्लब,≤100
825870624112435,Ramesh Chandra Ratn,Arun Sharma,≤100
105646032180920,Vaddiraju RaviChandra,Vaddiraju RaviChandra,≤100
107250704737912,CA Sushil Bandpatte,Sushil Chandu Bandpatte,≤100
283050962056557,Rohit Sardana and Sudhir Chaudhary Fan Club,Adv Tech,≤100
643216342792266,দেবাশিস পণ্ডা ভারতীয় Debasis Panda Bhartiya West Bengal,Debasis Panda,≤100
269761569864265,Rao Padma,Kushal Reddy Rao,≤100
100104899572027,Indian National Congress Kasumpti,Indian National Congress Kasumpti,≤100
100735178208398,Udyami India,Samadhan Samiti,≤100
324431637935197,We Support Narendra Modi,Adv Tech,≤100
110900615241269,Ramanuj Sharma,These ads ran without a disclaimer,≤100
109416201899010,pahalkaurbrar_official,These ads ran without a disclaimer,≤100
1753796244634358,We Support Yogi Adityanath,Adv Tech,≤100
105061898255318,Jitendra Kothari,Jitendra Kothari,≤100
804940142947809,Aftab Azim Urf Pappu Azim,Mohammad Iftekhar Alam,≤100
105971422010681,Kumar Gautam AAP,Kumar Gautam AAP,≤100
105079445808554,Mahadev Balali,WMB,≤100
473704146362126,मुबारक हो बेटी हुयी है,मुबारक हो बेटी हुयी है,≤100
352171861622734,Roji M John,Roji M John,≤100
470458233479120,Aparajita Sarangi,Reach Digitally,≤100
102275329396663,GS Shyam,Shyam Gollarahally Siddappa,≤100
103220529266172,कृति गुप्ता,कृति गुप्ता,≤100
435124759989017,Yogendra Singh Mandloi,Yajuvendra Singh Mandloi,≤100
807729982669771,Chaudhary jeetandra singh jatav,Akash Singh,≤100
110960077698828,Deepak Kumar दीपक कुमार,Rahul Kumar,≤100
100720419078919,Ajay Kumar Singh - Aditya,Arun Pratap Singh,≤100
111527111467505,Rupesh Chaudhary,Rupesh Chaudhary,≤100
111135334049877,Rakesh Thakur,Vikrant Shukla,≤100
236500783397189,Kamlesh Paswan,Kamlesh Paswan,≤100
109830814975379,Raghu Parmar,Rinkesh Namdev,≤100
556874051089992,Tilak Raj Sharma,Tilak Raj Sharma,≤100
103100085360996,Madho Singh Udat,Akash Singh,≤100
101571686227986,Fans of ਦੀਪ ਸਿੱਧੂ - Deep Sidhu,Real Social,≤100
632518450236186,Sudarshan Bhagat,Sudarshan Bhagat,≤100
506346713194518,Atal Narayan,These ads ran without a disclaimer,≤100
101295712462130,Anmol Sovit,Prashant Kumar,≤100
1672687666360628,Jai Mata Di,Jai Mata Di,≤100
694622163885355,Devender singh babli,Devender Singh Babli,≤100
474995622600131,Diliprao Deshmukh,Diliprao Deshmukh,≤100
108293074221501,Dr Ajay Singh - ज़िलाध्यक्ष भाजपा रीवा,Udaysingh,≤100
1532586743711584,Om Prakash Singh Patel O.P.,Om Prakash Singh,≤100
100133149666674,Addmission,These ads ran without a disclaimer,≤100
111787478472389,Vishal Kumar,Rahul Kumar Srivastava,≤100
577856385582447,Raghu Sharma,Sunil Maan,≤100
101854318835394,Abdur Razzak,Injamul Hoque,≤100
126455024584757,Randeep Singh Deol,Randeep Singh,≤100
103784118675658,Education For All,Krishna Kumar Sinha,≤100
102068925718399,Rakesh Sharma,Rajat Agrawal,≤100
105352618893717,Shankar yadav,Shankar yadav,≤100
101328314869205,Atal Amrit Abhiyan Society,Atal Amrit Abhiyan Society,≤100
201156146959026,Mohinder Bhagat,Mohinder Paul,≤100
253778858656895,Javed Ansari,Javed Parve Abdul Samad Ansari,≤100
138118806735924,Pradeep Tiwari,Pradeep Tiwari,≤100
111560924353656,Swetha Reddy,Rajendra Reddy Bhuvanagiri,≤100
104071715577392,SK International Sainik School Retharedharan - Sangli,Sanket Vinodkumar Surana,≤100
107618782040426,Nagendra singh dodiya,Nagendra Singh Dodiya,≤100
107336164119124,Ashvani Singh Little,Akash Singh,≤100
109253634221142,Dr Abhishek  Ramadhin,Abhishek Kumar Ramadhin,≤100
378362679001615,Manoj Shukla,Manoj Shukla,≤100
103544656778013,Dr Akhilesh Prasad Singh,Akhiles Prasad Singh,≤100
649481611827403,Shri Mahaveer Gaushala Kalyan Sansthan,Kapil Sain,≤100
725961651119934,Vivek Singh Kalhans,Vivek Kumar Singh,≤100
511725522329475,Sampurna Samachar Seva,Sampurna Samachar Seva,≤100
106261054498841,Advocate Rajat Bhargava,Rajat Bhargava,≤100
105354058906524,Bjp Shekhar Sharma,Shekhar Sharma,≤100
126983646989954,san.jaykumar2675,These ads ran without a disclaimer,≤100
1263109480456697,Ratna Kumari Shahpura,Ganesh Kumar,≤100
695738973874352,Dr. Sumer Singh Solanki,Sumer Singh Solanki,≤100
1623266867990179,Bharat beniwal,Prakash Jaiswal,≤100
278319216361879,D S R Patil,D S R Patil,≤100
101562311348243,Ashok Sharma Bhartiya Naujawan Sabha,FS findscope Consultancy LLP,≤100
108365438913682,UINOX,Sachin Raj,≤100
109801588758607,Sanjay Tamboli,Sanjay Tamboli,≤100
140624336584770,Yogender Pal Singh Champawat,Akash Singh,≤100
124226033993238,Akash Dutt Narayan,These ads ran without a disclaimer,≤100
1494643030667329,Akhilesh Shukla - अखिलेश शुक्ला,Deepak Tripathi,≤100
110900615241269,Ramanuj Sharma,Ramanuj Sharma,≤100
216953671779092,Kedarnath Shukla,Kedarnath Shukla,≤100
376088749187854,Office Of Dr.Saurabh Rathore,Saurabh Singh,≤100
104297882682061,नटराज पने पेन्सिल  कम्पनी  30000 सैलरी 15000 अडवांस ओक,These ads ran without a disclaimer,≤100
100307808451377,Ankur Raj Tiwari,Gautam Singh,≤100
1176347162398086,Guru Nanak Naam Leva,Guru Nanak Naam Leva,≤100
455447354644551,Sabir Ali,Sabir Ali,≤100
2022169351347680,शिरडी वाले सांई बाबा,शिरडी वाले सांई बाबा,≤100
130485577594855,जय माता दी,Adv Tech,≤100
550287678727831,Bharath Reddy Ravula,Bharath Kumar Ravula,≤100
105919999093332,Varta24/वार्ता 24,Varta24/वार्ता 24,≤100
1320392914728501,साईं भक्त,साईं भक्त,≤100
1406676006269693,Kedar Kansana,Kedar Kansana,≤100
1776898052571284,दंबग फौजी,Adv Tech,≤100
250007248502240,Golu Shukla,Modi For PM Organization,≤100
1774130362804630,Indian Team Fans,Adv Tech,≤100
102838152104730,Bjp kisan Morcha punjab,Ashish Soni,≤100
1701369040086950,ANIL JAIN MLA,Arjun Sharma,≤100
109225111711680,दुर्गा देवी,दुर्गा देवी,≤100
1403961939859432,Bhanwar Jitendra Singh,Politics Simplified,≤100
1458730737539532,चन्द्रकला फैन्स,चन्द्रकला फैन्स,≤100
106917495262631,Arvind Kejriwal ಬೆಂಗಳೂರು,Kamran  Shahid,≤100
260452011000438,Vinod Tiwari,Vinod Tiwari,≤100
173536432700799,Ahmed Balala,Ahmed Balala,≤100
168345423237875,Santosh Surendra Ahlawat,Santosh Surendra Ahlawat,≤100
102102622351285,Raghuvir Singh Meena IPS,Akash Meena,≤100
110197854912974,Sonu Singh Garg,Pratik Garg,≤100
408032679785089,Ravinder Dabas Rocky,Ravinder Kumar,≤100
110472145373713,Loktantrik Samajik Nyay Party,Nishtha Singh,≤100
111956450138945,Amara Ram Beniwal,Amara Ram Beniwal,≤100
124546760628524,Kiej,These ads ran without a disclaimer,≤100
110486885303311,Ravi Goldan,These ads ran without a disclaimer,≤100
490136707814474,Sharwan Singh Bagadi,Sharwan Singh Bagadi,≤100
1371343606283650,Surbhi Dipanshu Arora वार्ड नं. 4 भाजपा नगर निगम फरीदाबाद,Dipanshu Arora,≤100
107818905651125,Dr. Sunil Panndit,Manish Yadav,≤100
10150110302115599,Genesis Foundation,Genesis Foundation,≤100
114356441286026,"Avni sharma ""monu"" page",Suraj Kaul,≤100
121434787606262,मध्य प्रदेश में भाजपा,Hemant,≤100
564340420252773,Amit Sihag,Ranvijay Lamba,≤100
101719745754840,Business Guru Bharat,Akash Deep,≤100
103919196053348,indiabooks1,These ads ran without a disclaimer,≤100
224787738121110,Manan Dani,Mananbhai Jatinkumar Dani,≤100
112282978117982,Ashish Sambaria,Ashish Sambaria,≤100
101657398365052,Dr. Vinod Kumari Sangwan,These ads ran without a disclaimer,≤100
767805023307544,Santosh Kumar Singh BJP,Akash Singh,≤100
132859090587882,Surajit Datta,Surajit Datta,≤100
374173429450248,Insist Post,Adv Tech,≤100
276657392665265,Janhitnews Delhi,Sudeep Singh,≤100
168228334032318,Sat Sharma CA,Naveen Sharma,≤100
2362229027338767,బీజేపీ వైపు ప్రజల చూపు,Bharath Kumar Ravula,≤100
111555138504389,Database Solution Services,These ads ran without a disclaimer,≤100
1718123505168458,K.K. Vishnoi,Engitech Media,≤100
105666722085928,Dhanraj Kundu AAP,Naresh Kumar Shoeran,≤100
102312392079508,Girish Chandra Tiwari,Madan Mohan Tiwari,≤100
2118803388399006,Click2Public,Click2Public Technologies OPC Pvt. Ltd.,≤100
105017275309661,M.Amudhabharathi. Pollachi,Amudhabharathi,≤100
1337036716330736,Shankar Lal Kasana,Shiv Charan,≤100
164559610778586,Indrasharan Singh Chauhan,Suraj Kaul,≤100
423928144293931,Mahender Pratap Singh,Pankaj Sharma,≤100
116997354325105,Wg Cdr Anuma Acharya,Wg Cdr Anuma Acharya,≤100
109546308136398,Sankar Dutta - শংকর দত্ত,Bholanath Dey,≤100
109064395797060,Bharti Foundation,Bharti Foundation,≤100
100662373032985,themallikamethod_,These ads ran without a disclaimer,≤100
207343709721346,Harbhajan Singh ETO,Harshjit Singh,≤100
647244058952240,Jaypal Singh Chawda,Jaypal Singh Chawda,≤100
176666610656782,Vaishali tomar,Vaishali tomar,≤100
115787714760392,Jan Jagaran Yatra,Dharmendra Chhonkar,≤100
739221966159227,Rajesh Singh,Rajesh Singh,≤100
101460484949823,Ajeet Singh,Ajeet Singh,≤100
115303184883991,Vishesh Meena INC,Ganesh Kumar,≤100
817607004928968,Narendra Shivaji Patel,Narendra Singh Patel,≤100
118715657888488,Mr bost,These ads ran without a disclaimer,≤100
1489647731256741,Dr Jitendra Singh,Ayush Deshpande,≤100
808248039220230,Neel rao,Gautam Singh,≤100
169851583485696,Chhotu Singh Bhati,Engitech Media,≤100
121864544153387,Laxman Singh Dindor,Laxman Singh Dindor,≤100
101373479394158,Babulal Kharetia INC,Badri Narayan Jangid,≤100
116417198030973,Adv Avinash jeengar,Ganesh Kumar,≤100
289085061102499,Sukhwinder Singh Bindra,Sukhwinder Pal Singh,≤100
106419995801207,Preeti Singh Chauhan,These ads ran without a disclaimer,≤100
1591396634302477,Debarjyoti Banik,Sumitra Majhi,≤100
313868096146297,Virendra Singh Solanki,Virendra Singh Solanki,≤100
102225236051736,श्री परशुराम फाउंडेशन,These ads ran without a disclaimer,≤100
102632652751968,Team Dr Ajay Meena,Punit Agarwal,≤100
110967695146133,Govind Kumar Jain,Ganesh Kumar,≤100
565714670143123,Ashok Saini,Engitech Media,≤100
100698136164030,The News Launcher,The News Launcher,≤100
109179291985422,Adavalli Krishna,Sateesh Vinjam,≤100
126824866260694,Susheel Mishra,Mahesh Kumar,≤100
104911017685384,Abhay Singh,These ads ran without a disclaimer,≤100
297229797104524,Nishank Tripathi BJP,Nishank Tripathi,≤100
1856387094424590,Muthumula AshokReddy,Social Grow Company,≤100
1149375478489344,Harvinder Singh Sarna,Harjap Singh Dhingra,≤100
103833782263290,Arvind Singh Bhati,Engitech Media,≤100
144981609477408,Sardar Jasbir Singh AAP CG,Naresh Kumar Shoeran,≤100
102617149338724,Panwar Sahab,These ads ran without a disclaimer,≤100
105824442271812,John Allen Ranganathan,John Allen Ranganathan,≤100
117567808005563,Old coin company Mumbai,These ads ran without a disclaimer,≤100
593762164105179,Ganesh Shankar Pandey,Ganesh Shankar Pandey,≤100
1990248287670848,Shashank Mani शशांक मणि,Shashank Mani,≤100
118552134469003,Raju Batham Official,Raju Batham,≤100
175720976444661,PRO India,PRO India,≤100
934604696634324,Hitesh Khandor,Pande Mohini Kamleshbhai,≤100
294787978097959,Rakesh kumar Chattree,Arun Pratap Singh,≤100
132806813793938,Paramjit Singh Sarna,Harjap Singh Dhingra,≤100
104184495899739,Vivek Singh Bagri,Yash Bagh,≤100
115554831543827,Vishal Datt,These ads ran without a disclaimer,≤100
1584395508448696,Manash Borah,Manash Borah,≤100
1935128343433294,"Sri Shyam Sundar Singh ""Dhiraj""",Shyamsunder Singh Dheeraj,≤100
108787958887792,Casino73,These ads ran without a disclaimer,≤100
100604554884726,Vinay Tiwari chillupar,These ads ran without a disclaimer,≤100
1970648246506605,Jitu Goswami,Bharatdwaj Pingal Baruah,≤100
954557594630192,Shubham Pailwee,Subham Pailwee,≤100
101564536131924,narendra_yadavofficial,These ads ran without a disclaimer,≤100
380886545745747,Narayan Meena,Punit Agarwal,≤100
385658441549334,Deepak Bhati Chotiwala,Dipak Bhati,≤100
103242568933744,भारत विकास,Akash Deep,≤100
100294672142198,Punjabi Dhaba - पंजाबी ढाबा,Punjabi Dhaba - पंजाबी ढाबा,≤100
394168494317389,MIT World Peace University,MIT World Peace University,≤100
246558505475210,Bala Ram Choudhary,Mukesh Choudhary,≤100
108777655527686,Trinamoole Nabo Jowar,Trinamoole Nabo Jowar,≤100
102190549528434,Tumpa Dey,These ads ran without a disclaimer,≤100
472844082918408,Atik Kapadia,Krunal Ravindra Dalvi,≤100
1951328541570577,Zaryab Khan,Jarayab Khan,≤100
426868484184031,Vimal Katiyar,Sumeet Kumar,≤100
985813238273906,Sribharat Mathukumilli,Politics for Impact,≤100
132689140088396,smilefoundation,These ads ran without a disclaimer,≤100
103088902327676,Dwarka Kunj,Rahul Tiwari,≤100
174239349897920,Samadhanabhiyan Ngo,These ads ran without a disclaimer,≤100
808248039220230,Neel rao,Barai Khushali,≤100
122053494219483,ভূমিপুত্র সাহেবদাস বিজেপি,These ads ran without a disclaimer,≤100
104860424918954,दिल है हिन्दुस्तानी,Abhijit Kumar,≤100
102482515373415,Liladhar saini,These ads ran without a disclaimer,≤100
106456887722695,Adesh Yadav BJP,Anil Kumar,≤100
105745955829300,ARUP MANDAL,These ads ran without a disclaimer,≤100
107111968590006,रामनिवास सारस्वत,These ads ran without a disclaimer,≤100
101934341160333,प्रमोद नाना भानगिरे - Pramod Nana Bhangire,Bhangire Pramod Vasant,≤100
912096938897209,Vijay Singh,Vijay Singh,≤100
106577052229355,Rakesh Choudhary,Shiv Charan,≤100
861957163835383,Gopi Radha Primary School & Girls Inter College,Gopi Radha Primary School & Girls Inter College,≤100
119073691133396,जज़्बात..अजय के अहसास।,जज़्बात..अजय के अहसास।,≤100
308445836521750,மனநல மருத்துவர் ஆனந்தன்,Anandhan Panneer Selvam,≤100
101296369176813,Kushinagar Media,Rudra Prakash Singh,≤100
105824457802200,The Khabarsaar,Amandeep Singh,≤100
105556632483422,Jyoti Soni,Udaysingh,≤100
361031561139301,Rakesh Jangir,Rajesh Kumar,≤100
269656350189153,सागर गुप्ता,Sagar Gupta,≤100
100414901755085,Lok Sabha Raipur Aap PsPannu,Naresh Kumar Shoeran,≤100
331629997360283,Pampa Paul,Md Safwan,≤100
109215084943739,Aryan guruji prediction,These ads ran without a disclaimer,≤100
181418895366896,Ganesh Joshi,Mayank Joshi,≤100
110136231432346,Ayyappa's World,These ads ran without a disclaimer,≤100
101972659359439,Preesha Promoters and Realtors,Victor Singh,≤100
105592642191933,clinicalpsychologistaishwarya,These ads ran without a disclaimer,≤100
373196746110010,MADAN DILAWAR,MADAN DILAWAR,≤100
322549821209837,"Jitendra K Daga- ""Mannu""",Kumar Ratnam Sharma,≤100
190291601797928,Bimlesh Tiwari,Bimlesh Tiwari,≤100
101791546162914,Bhawar Doshi,These ads ran without a disclaimer,≤100
110612608603334,Qurious Ninja,These ads ran without a disclaimer,≤100
715413968601904,Yelahanka  Constituency BJP supporter's,Prashanth B,≤100
1510453459178285,Kiran A Bartakke,Kiran Arvind Bartakke,≤100
1426107320937728,Intenext Solutions Pvt.Ltd.,Abhinabh Kumar Das,≤100
104349501516784,Babulal Kumawat,Shiv Charan,≤100
448636251893672,Sarthak Educational Trust,Sarthak Educational Trust,≤100
316365575140365,Rozana Spokesman,These ads ran without a disclaimer,≤100
113013977855661,Mansing Pachundkar Patil- मानसिंग पाचुंदकर पाटील,Social Rajneeti,≤100
108660352150315,Jai Bheem Bharath Party,Shaik Shammiara,≤100
686675931373675,Scroll Punjab,Scroll Punjab,≤100
104932949009307,Bandaru Vijaya laxmi,Bandaru Vijaya laxmi,≤100
189271178483352,Five Lotus Indo German,Five Lotus Indo German,≤100
108002377575572,नवीन दुम्का,Naveen Chadra Dumka,≤100
927522240625937,Pukhraj Suthar Rlp,Pukhraj Choudhary,≤100
108135281515107,kitchen__zayka,These ads ran without a disclaimer,≤100
257401561101990,Ravindra Jaiswal,Vijay Kumar Singh,≤100
150106531736299,BJP West Bengal,Bharatiya Janata Party (BJP),≤100
824462611015420,Palle Laxman Rao Goud  State President of Telangana Goud Sangham,Palle Laxman Rao Goud  State President of Telangana Goud Sangham,≤100
220653521461677,CPIM West Bengal,CPIM West Bengal,≤100
105813284380310,Dee4unews,Deepak Kumar Bhandari,≤100
473607736156010,Kunal Marathe - कुणाल मराठे,Kunal Nitin Marathe,≤100
102976016109737,AP With Lokesh,Politics for Impact,≤100
203795313615859,PDTV News,Nagarjuna Reddy Kaipa,≤100
2082424261866450,Vii Media,Bhalinder Singh,≤100
791996340811292,Dr Madhuri Borse Patil,Vipul Jayantilal Bafna,≤100
113332697083135,The Hint Today,Priyanka Saha,≤100
2078242259060363,Kukufm,Mohana Saha,≤100
103772441125596,Swarup Biswas,Anirban Paul,≤100
311040695975716,Sant Atulanand Residential Academy,Sandeep Kumar Sharma,≤100
1401117106783618,Bjp Chhattisgarh,Bharatiya Janata Party,≤100
322264694590327,अतुल वशिष्ठ,These ads ran without a disclaimer,≤100
105530752376295,"Shiromani Akali Dal, Delhi Unit",Harjap Singh Dhingra,≤100
278423842321236,BJP Rajasthan,Bharatiya Janata Party (BJP),≤100
173732143295130,Ankit Bijalwan,Ankit Bijalwan,≤100
101038879308594,Abhijeet Deshmukh,Abhijeet Deshmukh,≤100
106350182297165,maleema.in,These ads ran without a disclaimer,≤100
203795313615859,PDTV News,Sandeep Gowda Undrakonda,≤100
110392088673578,nileshmaharnsui,These ads ran without a disclaimer,≤100
355739144465220,BJP Madhya Pradesh,Bharatiya Janata Party (BJP),≤100
468064866696490,Pratap Jena,Ankit Pratap Jena,≤100
115135751464120,imranrafiq_official,These ads ran without a disclaimer,≤100
438039076647417,Dr. Anirban Ganguly,Dr. Anirban Ganguly,≤100
122921587768955,Forest Essentials,These ads ran without a disclaimer,≤100
224163281073368,BJP Arunachal Pradesh,BJP Arunachal Pradesh,≤100
101044699677226,अनिता देवी,Brajesh Kumar Singh,≤100
105255899171606,Malli Jagane Kavali,Nagarjuna Reddy Kaipa,≤100
101033646254647,National Press Times,Sandeep Kumar Rana,≤100
103360725007421,Mahesh Pawale,Nagesh Kulkarni,≤100
1879092478989809,Idam Valam,Idam Valam,≤100
1612012092202484,Bharat patwari,Bharat patwari,≤100
1757441471197224,Hardik Patel,Hardik Patel,≤100
184848438961199,Surya Singh,Surya Singh,≤100
242760766146177,Capt Vikas Gupta,Vikas Gupta,≤100
1877361012493253,China Mosaic,These ads ran without a disclaimer,≤100
125701440779292,QNET,These ads ran without a disclaimer,≤100
106504928500580,DRD Dunya,These ads ran without a disclaimer,≤100
1990880717882519,The China Current,These ads ran without a disclaimer,≤100
115591005188475,Global Times,These ads ran without a disclaimer,≤100
112016753559424,Irinaspoetry,These ads ran without a disclaimer,≤100
100374392742057,Weregreenly- Magazine,These ads ran without a disclaimer,≤100
347265340270,Architecture Competitions,These ads ran without a disclaimer,≤100
19595510126,Annual Reviews,These ads ran without a disclaimer,≤100
115623520139162,Ejani Studio,These ads ran without a disclaimer,≤100
102560051924559,InfoMigrants - বাংলা,These ads ran without a disclaimer,≤100