﻿Page ID,Page name,Disclaimer,Amount spent (USD)
112477522422248,David Collado,David Collado,≤100
729644930404420,Ramón Rogelio Genao,Ramón Rogelio Genao,≤100
123397997671209,Listín Diario,Alejandro Jose Madera Rodriguez,≤100
106687624223989,Rescate Democratico,Rescate Democratico,≤100
339085486274571,Alexis Victoria Yeb,Alexis Victoria Yeb,≤100
828915397147051,Autoridad Portuaria Dominicana,Autoridad Portuaria Dominicana,≤100
492966110748093,Su Mundo TV,Penelope Canario Herrera,≤100
538940222810512,Senado de la República Dominicana,Senado de la República Dominicana,≤100
254440931346977,Cámara de Comercio  y Producción de La Vega,Cámara de Comercio  y Producción de La Vega,≤100
117816784572416,,Anibal Arturo Stefani Camarena,≤100
1859939140889315,Pascal Nunez Mariot,Pascal Alejandro Núñez Mariot,≤100
1629575853928723,Jesús Cabrera,Equisoft SRL,≤100
116643774656886,Ismael Reyes,Penelope Canario Herrera,≤100
1618779045003548,Agustín Burgos Tejada,Agustin Burgos Tejada,≤100
116313248075913,,These ads ran without a disclaimer,≤100
101372774884062,Quevedo Informativo,Quevedo Informativo,≤100
584287068391960,Me Gusta Barahona,Me Gusta Barahona,≤100