﻿Page ID,Page name,Disclaimer,Amount spent (USD)
101094693042138,المهرجان الثقافي الدولي للمالوف -قسنطينة fcim,These ads ran without a disclaimer,≤100
119405895873,Huawei,These ads ran without a disclaimer,≤100
368119983327926,العربي الجديد,These ads ran without a disclaimer,≤100
108625789179165,Soi Dog Foundation,These ads ran without a disclaimer,≤100
1456998184564952,عربي بوست,These ads ran without a disclaimer,≤100
109941287223690,winwin,These ads ran without a disclaimer,≤100
274122625973157,World Federation of Neurology - WFN,These ads ran without a disclaimer,≤100
1861193460685901,LES Hommès Et LES Femmès Dé Sétif,LES Hommès Et LES Femmès Dé Sétif,≤100
145136288859515,GQ South Africa,These ads ran without a disclaimer,≤100
725946641169344,عبد العالي حساني شريف Abdelaali Hassani Cherif,Abdelaali Hassani Cherif,≤100
104140320927199,قناة الإنتصار TV,قناة الإنتصار TV,≤100
273089522819834,24Media,These ads ran without a disclaimer,≤100
111881955207831,Algerie patriot,Algerie patriot,≤100
1000222293436605,Fanack.com عربي,These ads ran without a disclaimer,≤100