﻿Page ID,Page name,Disclaimer,Amount spent (EUR)
1827162984186887,Вячеслав Платон: за свободную Молдову.,TigerMedia,≤100
103195371860169,Lisa.md,Lisa.md,≤100
897915210257967,DIF Guerrero,These ads ran without a disclaimer,≤100
111916258189115,Poștașul,Postasul,≤100
160625514692148,StopFals.md,StopFals.md,≤100
1805726386405532,WatchDog.MD,WatchDog.MD,≤100
102195341166913,"„Secretele Puterii”, cu Alex Cozer, la Jurnal TV",WatchDog.MD,≤100
100374961512104,Партия Действие и Cолидарность,Partidul Acțiune și Solidaritate,≤100
148909798467913,Partidul Social Democrat European,Partidul Social Democrat European,≤100
1697149123885498,Noi.md / Interviuri și analitica,NOI.md,≤100
597470323744357,Primăria Mea,Primăria Mea,≤100
160625514692148,StopFals.md,Asociația Presei Independente (API),≤100
479159268834647,CICDE - Centrul de Instruire Continuă în Domeniul Electoral,CICDE - Centrul de Instruire Continuă în Domeniul Electoral,≤100
111929957980355,BusinessPages,"""VARO-INFORM"" S.R.L.",≤100
223647077681853,Asociatia Presei Independente,API,≤100
1964278360352711,REVIZIA.md,These ads ran without a disclaimer,≤100