﻿Page ID,Page name,Disclaimer,Amount spent (INR)
110555385263382,Jaagta Jammu,jaagtajammu.com,3200
117426084569698,Unfiltered Jammu Kashmir,Unfiltered Jammu Kashmir,3200
404746486258732,Project Nanhi Kali,Project Nanhi Kali,1646
104516512296314,Kartikeya Sharma,Adv Tech,570
592025620827002,Choudhary Lal Singh,Divya Suraj Partap Singh,564
113125761613615,Namma CM Bommai,Recro Media,544
111868911739828,Ghulam Nabi Azad Fans,Ghulam Nabi Azad Fans,423
800513560077511,ZEE5,These ads ran without a disclaimer,407
1427837557497343,Jayesh gupta,Jayesh Kumar,246
330760810293224,HelpAge India,HelpAge India,243
30290552843,Greenpeace India,Greenpeace Environment Trust,204
122131984855152,Dr. Debraj Shome,Dr. Debraj Shome,195
479998865355592,Aditya Birla Group,Aditya Birla Group,183
174283119250672,Save the Children India,Bal Raksha Bharat,128
110881150763450,District Congress Committee Doda J&K,Vijay Hitaishi,123
1433526693616228,Himachali Rishta - हिमाचली रिश्ता डॉट कॉम,Himachali Rishta - हिमाचली रिश्ता डॉट कॉम,121
1327351450720146,Pradhan Mantri Bhartiya Janaushadhi Pariyojana,Pharmaceuticals & Medical Devices Bureau of India,120
100448229338909,Raja Waqar BJP Leader,Raja Waqar BJP Leader,104
118227367824577,Garuda Aerospace Pvt Ltd,Garuda Aerospace Pvt Ltd,≤100
385066518260726,Ishant Gupta,Ishant Gupta,≤100
107395897271506,Kutumb,Swatantra Verma,≤100
174669949315709,U.S. Embassy India,These ads ran without a disclaimer,≤100
526222491203445,The Chaupal,Adv Tech,≤100
746568209028564,Dr. Basu Eye Hospital,Dr. Basu Eye Hospital,≤100
104736419210593,PACE INDIA,PACE - PET PACKAGING ASSOCIATION FOR CLEAN ENVIRONMENT,≤100
102617005585949,Ashok Jayaram,Vijay S,≤100
326102339565,Oxfam India,Oxfam India,≤100
338211582874758,carandbike,These ads ran without a disclaimer,≤100
100549119644561,Jo Ram Ko Laye Hain Hum Unko Layenge 2024,Abinash Moharana,≤100
1985982214947089,Take One Digital Network,Take One Digital Network,≤100
313837766031848,Kuldeep Dhankar,Rahul Singh,≤100
1824636047788298,Nanuram Kumawat,Pushpendra Singh Jadon,≤100
241940555912671,Chandigarh University,Chandigarh University,≤100
100735178208398,Udyami India,Samadhan Samiti,≤100
105234459127980,Women Climate Collective,Women Climate Collective,≤100
109400688242192,First Report,Vinu K L,≤100
168545223213479,Omprakash Hudla,Pankaj Sharma,≤100
30290552843,Greenpeace India,Greenpeace India Society,≤100
1041070232620031,Sesame Workshop - India,Sesame Workshop India,≤100
102218576103904,Badlaav ki Aandhi Priyanka Gandhi,Badlaav Ki Aandhi Priyanka Gandhi,≤100
285029500623,CARE India,CARE India,≤100
100475508592062,Sitaram Poswal,Bhagatsingh,≤100
112202337794471,Global Middas Foundation - Charitable Organization,GLOBAL MIDDAS FOUNDATION,≤100
333426070147135,Benny Kuriakose Associates,These ads ran without a disclaimer,≤100
168340283369722,Vaddepally Rajeshwar Rao,Vaddepally Rajeshwar Rao,≤100
537021156329658,Sukhbir Singh Jaunapuria,Pankaj Sharma,≤100
243524299157863,Pushkar Singh Dhami,Pushkar Singh Dhami,≤100
15960887978,Taj Hotels,Taj Hotels,≤100
201297423396745,Rajendra Agarwal,Ishan Agarwal,≤100
165714096933078,Piyush Goyal,Piyush Goyal,≤100
110115671863420,Kacche Din,Kacche Din,≤100
453048341438733,Teerthanker Mahaveer University,These ads ran without a disclaimer,≤100
280151592660279,"Dr.Syed Naseer Hussain, MP, Rajya Sabha",Shayista Suman,≤100
100579492974806,गरीबों का मोदी,Abinash Moharana,≤100
109340175425667,Manoj Mishra Fan Club,Abhijeet Shesh,≤100
103782051383159,School of Politics,School of Politics,≤100
171570566373143,Healthcare Federation of India,Healthcare Federation of India,≤100
605390272841833,Shrirang Appa Barne,Abhay Balu Ahire,≤100
171538063001636,Global Punjab TV,Navdeep Singh,≤100
116383754696955,Antardhwani - The Inner Voice,Antardhwani,≤100
1672687666360628,Jai Mata Di,adv-tech,≤100
105528080797797,Axios International,These ads ran without a disclaimer,≤100
375141272567406,Ravindra Chavan,Ravindra Chavan,≤100
109141098395573,Inclusive Minds,Inclusive Minds,≤100
324431637935197,We Support Narendra Modi,Adv Tech,≤100
390976557590103,I Support Narendra Modi,I Support Narendra Modi,≤100
285403455681355,Railway Children India,Railway Children India,≤100
501312639983943,Manish Jaiswal,manishjaiswalbjp,≤100
325602694251353,Rajeev Rai,Rajeev Kumar Rai,≤100
276512419511205,Kathi Karthika,Policy Briefcase,≤100
1783001841927248,Nutan Odisha,Cloud & Loud Communications,≤100
301902473766068,முதல்வன் OPS,முதல்வன் OPS,≤100
101032458576250,जनक आयुर्वेदा,Manisha,≤100
288491622965691,B news,Syed Shafiulla,≤100
104580721493785,UNext Learning,These ads ran without a disclaimer,≤100
100998455540553,Satnam Singh Sandhu,Parveen Kumar,≤100
1656810004631832,Youth 4 BJP,Adv Tech,≤100
1774130362804630,Indian Team Fans,Adv Tech,≤100
1489647731256741,Dr Jitendra Singh,Ayush Deshpande,≤100
667560657014524,Mahendra Singh Solanki,Nitesh Tiwari,≤100
112475780481777,Bahadur Singh Chouhan,Manoj,≤100
116188663565362,Kapil Dua,Subhasini Singh,≤100
959860307481002,Kasu Mahesh Reddy,Thulasiram Banduchode,≤100
101851028020842,Hans Raj,Easy Social,≤100
1924627484438235,Arlak Ayurveda,Swati Dhiman,≤100
104736419210593,PACE INDIA,These ads ran without a disclaimer,≤100
640369399392914,Baijayant 'Jay' Panda,Baijayant Panda,≤100
708844685796745,OP Choudhary,OP Choudhary,≤100
299977113469861,Kashmir Scan,Chasfeeda Shah,≤100
100543192637806,N1 Live,Suraj Mukhi Sharma,≤100
204318116677554,National Herald,National Herald,≤100
145235542494307,Vivek Thakur,Vivek Thakur,≤100
101934341160333,प्रमोद नाना भानगिरे - Pramod Nana Bhangire,Clearby Services,≤100
102123079337554,International Society for Krishna Consciousness,ISKCON Delhi,≤100
102336812784306,Navonmesh Foundation,Ganesh Kumar,≤100
1892974137585910,SNAANA,These ads ran without a disclaimer,≤100
115429941473995,quick mudra loan,These ads ran without a disclaimer,≤100
104121972556162,Fans of Hoodi Vijaykumar,A Tech Media,≤100
148931718592314,Tarun Chugh,Adv Tech,≤100
408255699307921,Dr. Manoj Rajoria,Saurabh Saini,≤100
168228334032318,Sat Sharma CA,Naveen Sharma,≤100
108861325372008,Bharat Bhagya Vidhata,BharatBhagyaVidhata,≤100
100196004828444,North Eastern Council,Sourabh Arvind Dubey,≤100
1493467387573959,Ghulam Nabi Azad,Ghulam Nabi Azad,≤100
1932900346831325,Rajesh D Sanghvi,Rajesh Dineshchandra Sanghvi,≤100
108080828884036,Gehlot Phir Se,DesignBoxed,≤100
105813284380310,Dee4unews,Deepak Kumar Bhandari,≤100
788302174889650,Tinku Zinta,These ads ran without a disclaimer,≤100
654167228379407,Classic Steels,These ads ran without a disclaimer,≤100
157300124326821,Arlak Biotech,Swati Dhiman,≤100
102890944795952,Vijay Kumar Yadav,Vijay Kumar Yadav,≤100
103601631233568,Try Today,Naveen Kumar,≤100
531434090219534,Aam Aadmi Party Bangalore,Aam Aadmi Party Karnataka,≤100
350880081913337,Sahdev Salaria,Rajesh Jaswal,≤100
2338311123088065,Dhirendra Singh Chouhan,Manoj,≤100
100189608970240,Pappu Tripathi,Shubham Rajesh Mishra,≤100
1785302198354679,Dr. Somendra Tomar,Somendra Singh,≤100
747930775373319,Saral Patel,Saral Patel,≤100
112061804808512,Sports Development Authority of Bihar - SDAB,Ajit Kumar,≤100
100236283005200,Perika Suresh,Vijay Kumar Tapadia,≤100
2392002244191920,Onsurity,These ads ran without a disclaimer,≤100
108531050841926,Shanu Yadav,Shanu Yadav,≤100
783881145001898,Nirmal Kumar Surana,Nirmal Surana,≤100
271711770069401,सुरेश धाकड़ राठखेड़ा,Gajendra Verma,≤100
364476590604680,SuryaSamachar,Ajit Kumar,≤100
213839668641820,Dr. Anil Jain,Brand Recourse Technologies,≤100
105671775473178,Jan Suraaj,Jan Suraaj,≤100
1675237799375590,Chandra Mohan Patowary,Jitendra Newatia,≤100
183016929146402,Vikas Markam,Vivek Banchhor,≤100
107183428120144,Dr C Saraswathi,Dr. C. Saraswathi,≤100
1235786446534273,Ajeet Patil Kavhekar,Rahul Rajendra Birajdar,≤100
210251616112761,India Development Review,India Development Review,≤100
113098998383566,Colourpix Graphics,RSK Tech Labs,≤100
488445034624008,Saawan Sonkar,Shashikant Joshi,≤100
695738973874352,Dr. Sumer Singh Solanki,Sumer Singh Solanki,≤100
331544177050160,Adv. Rahul Subhash Kool,Rahul Subhash Kool,≤100
110234802005624,रामसेवक गोपालगढ़,Praduman Meena,≤100
140072696102301,Pankajkumar Desai,Pankajkumar Vinubhai Desai,≤100
295639383836442,Agewell Foundation,Aanchal Gupta,≤100
108437191907485,Replanet,Prabhindar Singh Chopra,≤100
114233898263244,Indian Compass Videos,theindiancompass.com,≤100
385303288239154,Raghuveer Singh Tanwar,Raghuveer Singh Tanwar,≤100
100684609345673,म्हारा छोरा,adv-tech,≤100
116494598017007,Eshram,These ads ran without a disclaimer,≤100
103858322283790,रविंद्र चव्हाण For BJP महाराष्ट्र,Bhajahari Pandit,≤100
100593012792684,Keerthan Kumar,Keerthan Kumar,≤100
216311481960,Bill Gates,These ads ran without a disclaimer,≤100
102392776127291,T9TV Kannada,These ads ran without a disclaimer,≤100
246558505475210,Bala Ram Choudhary,Mukesh Choudhary,≤100
102869179333448,Vijay Sahu,Vivek Banchhor,≤100
475898282465005,Dr K Laxman,Vijay Kumar Tapadia,≤100
383763652126670,Awangbow Newmai,These ads ran without a disclaimer,≤100
184278081698180,Ashok Gehlot,Ashok Gehlot,≤100
1360805680600676,Sandeep Kshirsagar,Yogesh Padmakarrao Pawar,≤100
113121360397048,Rajeev Khandelwal,Rajnarayan Gurjar,≤100
102625849396266,Jcoder,Sattar Ali,≤100
381937732180611,Vineet Joshi,Vineet Joshi,≤100
109253634221142,Dr Abhishek Kumar Ramadhin,Abhishek Kumar Ramadhin,≤100
108148783930488,Inclusive Divyangjan Entrepreneur Association - IDEA,Arvind Rao,≤100
101336485851893,Dr Hanuman Barala,Dr Hanuman Barala,≤100
524665794408050,CASA,Arushi Narchal,≤100
107792554485544,Dr. Amit Singh Chauhan,VC infotech,≤100
262852581252318,राष्ट्रीय परशुराम परिषद,राष्ट्रीय परशुराम परिषद,≤100
667862236707254,Rohit Kumar Singh,Arshad Ansari,≤100
263613904560987,Parveen Narang,Aftab Khan,≤100
157411781636662,Hoodi Vijaykumar,Sharva Creative Communications,≤100
132806813793938,Paramjit Singh Sarna,Harjap Singh Dhingra,≤100
108141294888035,USTV INDIA,Hradesh Yadav,≤100
119511221079213,Ashish Sharma MLA,Rajnarayan Gurjar,≤100
162115051234970,Dharmendra Singh Lodhi mla,Dharmendra Singh Lodhi,≤100
577856385582447,Raghu Sharma,Kanishk Bansal,≤100
107014703325591,Ranjeet Patel,Prashant Gupta,≤100
103251851710926,Akula Srivani,Anjan Kumar Akula,≤100
105694514269834,North Eastern Region Community Resource Management Society,Shrinivas Ravichandran Nadar,≤100
1638390073123530,Sushil Pandit,Deepnarayan Chaubey,≤100
184848438961199,Surya Singh,Surya Singh,≤100
102571638081024,Vipra sena,Pawan Kumar Sharma,≤100
1638967673052084,Narendra Budania,Engitech Media,≤100
1966700650252559,Jitendra Sharma,Jitendra Kumar Sharma,≤100
108536391949423,जनसेवक मंच,Pankaj Sharma,≤100
1433583803429953,Rahat Hussain,Rahat Hussain,≤100
115990078092211,Vikas Singh,Ravish Singh,≤100
321228061382932,Pt. Shekhar Dixit,Websofy Software Private Limited,≤100
102698675115900,Shaitan Singh Bhati,These ads ran without a disclaimer,≤100
727427564040622,Ayush Choudhary,Ayush Choudhary,≤100
713416382011902,Sahil Shivaji Kedari,Sahil Shivaji Kedari,≤100
1039557042789139,BJP Dadra & Nagar Haveli,Ashish Natwarlal Patel,≤100
118693837837048,Old Coin And Note Company Buyer,These ads ran without a disclaimer,≤100
102643838573054,Badam Devi Verma,Bhagwan Sahai Shyoran,≤100
102578761614485,Saqlain Kamdar,Saqlain Kamdar,≤100
106673885188131,Ridge Analysis,Ridge Analysis,≤100
107927145551267,"Urban, Town & Country Planning",These ads ran without a disclaimer,≤100
464105806935168,Rohan Khaunte,Rohan A Khaunte,≤100
102689279361873,अन्नू गुप्ता आशीष गुप्ता,These ads ran without a disclaimer,≤100
104594334484048,Rajat Ullagaddimath,Gundala Rahul,≤100
104845835714602,Prezerve India,These ads ran without a disclaimer,≤100
2317116221846453,श्री राष्ट्रीय राजपूत करणी सेना तहसील अध्यक्ष नोखा,These ads ran without a disclaimer,≤100
135657743788459,Amit Chauhan,Amit Kumar,≤100
138927162813391,Dailyhunt,Verse Innovation Pvt. Ltd.,≤100
113858681342028,Dr. Anjali Yadav,Shiv Charan,≤100
105329731786664,Jitendra Lodia,Anju,≤100
361031561139301,Rakesh Jangir,Saurabh Singh,≤100
102275329396663,GS Shyam,Shyam Gollarahally Siddappa,≤100
104765761522667,Pankaj Dawar,The Social Prachar,≤100
152154292012572,Navjivan,Navjivan,≤100
105940537995682,Deepesh Tandel,Bharatiya Janata Party,≤100
994578073995343,B. L. Verma,Sourabh Arvind Dubey,≤100
101564641386325,Anand Bharose - आनंद भरोसे,Rajratan Baburao Gore,≤100
790161057845682,Puja Saroj MLA,These ads ran without a disclaimer,≤100
102010991748513,Ashish Patel,Ashish Natwarlal Patel,≤100
1561395800546078,Legal Reporter,Viplava Awasthi,≤100
617711705242584,Khabarwaale Tv,Parminder Singh Jatpuri,≤100
520532458072812,Prerna Samsher Warpudkar,Rajratan Baburao Gore,≤100
111329163791110,संघ प्रचारक,संघ प्रचारक,≤100
239920290089141,Punjab Now Hd,Amandeep Singh,≤100
1919704441684688,Rakesh Sachan,Manvendra Sachan,≤100
449945121742046,Ravi Kumar Yadav,Venkata Satish Chandu,≤100
110610365217910,Moti Singh Shekhawat,Nilesh Sharma,≤100
126099078056243,Aachman India,Aachman India,≤100
106261054498841,Advocate Rajat Bhargava,Rajat Bhargava,≤100
415332588877399,Banda Karthika Reddy,Chandra Reddy Banda,≤100
426854497508656,Dr.Phoolchand Bhinda,Phool Chand Bhinda,≤100
102822679137454,Shaktirath Singh “शक्ति”,Shaktirath Singh “शक्ति”,≤100
112017718494333,Ilam Deen Mehar,Engitech Media,≤100
367203836657399,Rajendra Singh Surpura,Prakash Jaiswal,≤100
132689140088396,smilefoundation,Smile Foundation,≤100
114606387073785,Deepak Balutia,Rahul Kumar,≤100
388569701617132,Vemula Prashanth Reddy,Avusharla Raju,≤100
106517211279292,Rajesh Katewa,Rajesh Katewa,≤100
102744141863451,Deepak Dandoriya,Deepak Dandoriya,≤100
213947398791863,Dhananjai Singh Khimsar,Dhananjai Singh,≤100
118486457802712,Hemagirish Havinal,Giridhar Hiremath,≤100
100343995738175,Ekta Jana Seva Foundation,Ekta Jana Seva Foundation,≤100
145703105530196,Brahmachari Chaitanyanand Ji,Prashant Gupta,≤100
108497578583588,Janpeace Live,Trishanu Kaushik,≤100
109497318753085,Anand Singh Rathore पोकरण,These ads ran without a disclaimer,≤100
104353555057869,Modi fans,Virendra Kumar Saini,≤100
2206070859406490,Ashok Chaudhary,Ashok Chaudhary,≤100
113607803769884,Nattasha Sharrma,Policy Briefcase,≤100
912096938897209,Vijay Singh,Vijay Singh,≤100
924791427628665,Sunil Kelanka,Shivendra Shailendra Tiwari,≤100
1149375478489344,Harvinder Singh Sarna,Harjap Singh Dhingra,≤100
102994271417943,Ashutosh Kumar Tripathi,Shishupal Kumar,≤100
423874327718687,Vikas Bhagat Fans Page,Sandeep Mishra,≤100
100553609518415,Teknovus,These ads ran without a disclaimer,≤100
105835354383422,Udbhav Public Charitable Trust,Anil Kumar,≤100
794348367359918,Bharath mudiraj,C Bharath Kumar,≤100
161234301090409,K Shivaramu,Right Media Tech,≤100
104793512544079,Satya Samachar,These ads ran without a disclaimer,≤100
105352618893717,Shankar yadav,Shankar yadav,≤100
114142491616490,Hanuman Sahay Gurjar,Indra Kumar Chopra,≤100
118147474539612,Tapas Das & Associates,Digital Deta,≤100
683591438485810,Anshu Nagpal,Anshu Nagpal,≤100
110847490543428,Vipul Kumar Salwan,Vipul Kumar Salwan,≤100
394168494317389,MIT World Peace University,MIT World Peace University,≤100
101613628900010,Smartway Wellness Pvt. Ltd.,Bhoomi Harendra Mistry,≤100
250007248502240,Golu Shukla,Modi For PM Organization,≤100
105530752376295,"Shiromani Akali Dal, Delhi Unit",Harjap Singh Dhingra,≤100
104052978235240,Pandian For People,Abhijeet Shesh,≤100
110368931611253,Ashwani bagri,These ads ran without a disclaimer,≤100
1584395508448696,Manash Borah,Manash Borah,≤100
1706371292942156,"Ministry of Development of North Eastern Region, Government of India",Arshad Ali,≤100
295405070641302,Balraj Kundu,Pankaj Sharma,≤100
863961040416615,Punit Verma पूर्व उपाध्यक्ष विश्व हिन्दू परिषद् काशी प्रान्त,Punit Varma,≤100
1722510244678290,Prashant Pathak Page,These ads ran without a disclaimer,≤100
255813781618302,SMART NETA Election Management & Technology,SMART NETA Election Management & Technology,≤100
106917495262631,Arvind Kejriwal ಬೆಂಗಳೂರು,Kamran  Shahid,≤100
113358511675853,Tarlochan Singh,Book My Promo,≤100
367203836657399,Rajendra Singh Surpura,Ganesh Thapa,≤100
767805023307544,Santosh Kumar Singh BJP,Akash Singh,≤100
100935642733964,Hindi Khabar Digital,The Narrative Builders,≤100
1194392907305611,Ram Niwass Yadav,E-WEB CULTURE,≤100
101776602600284,Tirupati News,These ads ran without a disclaimer,≤100
140624336584770,Yogender Pal Singh Champawat,Akash Singh,≤100
1980147418956206,Ranjeetsingh Hinduraoji Naik Nimbalkar,Ranjeetsingh Hinduraoji Naik Nimbalkar,≤100
107427451744068,Amit Jain,Bharat Kushwah,≤100
106802937934432,Padma venkat reddy,Banappagari Naren Sai Reddy,≤100
104649209199401,Dr. Roop Singh,Surbhi Kumari,≤100
104394690904474,Consumer Voice Andhra Pradesh,Consumer Voice Andhra Pradesh,≤100
547594728712343,Suresh Vishwas,Suresh Vishwas,≤100
116476584663869,Sirikonda Madhusudanachary,Aparna Shere,≤100
550287678727831,Bharath Reddy Ravula,Bharath Kumar Ravula,≤100
111654838334899,सीताराम पोखरियाल,Akash Singh,≤100
109986065209042,Mera Apna Rahul,MeraApnaRahul,≤100
108339438818550,बारां पशु पक्षी अस्पताल,Rupali Sharma,≤100
416058801922933,Bharat News,Bharat News,≤100
114717553693865,Liberal TV,Liberal TV Punjabi,≤100
825870624112435,Ramesh Chandra Ratn,Arun Sharma,≤100
929086883906142,Usha Priyadarshi,Usha Priyadarshi,≤100
342452405951714,Vishwas Vaidya,Shivakumar Vasudev Rathod,≤100
384000501947350,Devendra Yadav,Think First,≤100
109551095231534,Prashant Parashar,Prashant Parashar,≤100
111802044914153,pseudoholistic,These ads ran without a disclaimer,≤100
103261078360140,Rahul Singh Pathania,Rahul Singh Pathania,≤100
1554353774598890,Paini khabar,Deepnarayan Chaubey,≤100
1990248287670848,Shashank Mani शशांक मणि,Shashank Mani,≤100
102323545504609,Rama Devi Chopra,Rama Devi Chopra,≤100
287603018765033,News Kannadiga,News Kannadiga,≤100
484397868707124,Kidsfashionblogindia,These ads ran without a disclaimer,≤100
1645091929119301,Satyendra Pratap Shiva,Dharmendra Chhonkar,≤100
103125628674152,Dushyant Raj Singh Chundawat Chittorgarh,Tanuj Nandwana,≤100
201156146959026,Mohinder Bhagat,Mohinder Paul,≤100
1783001841927248,Nutan Odisha,Niti Pollsters Private Limited,≤100
292573658309052,Ratan Teron,Bandita Teronpi,≤100
799635210060860,Naveen Joshi,Naveen Joshi,≤100
1088373891289696,Kamal yadav,Akash Singh,≤100
170690679970795,Jawahar Singh Bedam,Engitech Media,≤100
115787714760392,Jan Jagaran Yatra,Dharmendra Chhonkar,≤100
268437163351102,Saurabh Srivastava,Saurabh Srivastava,≤100
107725901457936,New Mother,Neelufer Mulla,≤100
1408837089361736,Banappagari Venkat reddy,Banappagari Naren Sai Reddy,≤100
2610079412396734,Amaresh Rai,Amaresh Kumar Rai,≤100
112132937023603,Nandlal Chauhan,Nandlal Chauhan,≤100
2136992293229170,Ganesh Rebari,Ganesh Rebari,≤100
286437648137325,L.A.Ravi Subramanya,Sharva Creative Communications,≤100
101913964674756,Pramod yadav प्रमोद यादव,Rishi Kumar Yadav,≤100
112709838355954,Prachar99,Prachar99,≤100
103292795931731,Rihasat khan,Akash Singh,≤100
102597425311635,Surya Pratap Singh,Surya Pratap Singh,≤100
1678177965761136,ANKUR POPLY BJP,Ankur,≤100
447540119348781,Gali Somasekhara Reddy,Venkatesh Hari Krishna,≤100
396463684278799,Chanchlesh Vyas,Chanchlesh Vyas,≤100
1612012092202484,Bharat patwari,Bharat patwari,≤100
174143129812444,Divyanshu Bhardwaj,Divyanshu Bhardwaj,≤100
103927732610338,SKE official viral,These ads ran without a disclaimer,≤100
1502080093339222,MMCT,These ads ran without a disclaimer,≤100
100417006046204,Nayan Kumar,Nayan Kumar,≤100
1053679008002022,VIPAN SOOD - KAKA,Abhay  Sood,≤100
103248392086937,Suchna Tantra News,Yatendra Sukla,≤100
108115461913033,Shubham Mishra,Arun Pratap Singh,≤100
107063541054115,HT Manju,Click Digital Marketing Services,≤100
102838152104730,Bjp kisan Morcha punjab,Ashish Soni,≤100
102106021886833,A K Sharma,Harish Sahrawat,≤100
533269740489273,Shivbhagwan Naga,Shivbhagwan Naga,≤100
1397767487148044,Jaidatta Kshirsagar,Jaydatta Sonajirao Kshirsagar,≤100
102829916073446,Vikas Bhagat,Sandeep Mishra,≤100
109916533853207,AMIT KUMAR SINGH,Akash Singh,≤100
739221966159227,Rajesh Singh,Adv Tech,≤100
148039562030208,सुशील आनंद शुक्ल संचार प्रमुख छत्तीसगढ़ कांग्रेस,Suraj Sharma,≤100
208588329501133,Mukesh Sharma,Praveen Kumar Garg,≤100
105919999093332,Hindi18News/हिन्दी 18 न्यूज,Hindi18News/हिन्दी 18 न्यूज,≤100
279484519067006,Anil Chopra,Ganesh Thapa,≤100
107605562060427,वीरम सिंह जयसिंधर,Kalyan Singh,≤100
761826677309909,Bhupinder Lather,Book My Promo,≤100
1701369040086950,ANIL JAIN MLA,Arjun Sharma,≤100
115311282382701,Manohar Singh Patel,Santosh Kumar,≤100
700079793418618,J S Patel,Gayatri Suchetkumar Darji,≤100
100183672985561,CSP ID Provider,Satyam Kumar Sahni,≤100
105870244728334,Lalit Batra,Lalit Batra,≤100
1336863726383886,Gopal Lal Sharma,Ganesh Thapa,≤100
643001122724792,Shambhu Kumar,Punit Kumar Pandav,≤100
665529370173046,CSR Magazine - Corporate Social Focus,CSR Magazine - Corporate Social Focus,≤100
102024272700804,being_akshansh_sharma,These ads ran without a disclaimer,≤100
100992536219420,Dr Chandrakant Anil Kranti,Akash Singh,≤100
143293189682786,Sapthagiri Shankarnaik - Nelamangala Assembly Constituency,Sapthagiri Shankarnaik - Nelamangala Assembly Constituency,≤100
1716214961979807,Dr Sarvesh S Joshi,Pawan Kumar Sharma,≤100
102370509068053,News Junction,Parveen,≤100
565714670143123,Ashok Saini,Engitech Media,≤100
643216342792266,দেবাশিস পণ্ডা ভারতীয় Debasis Panda Bhartiya West Bengal,Debasis Panda,≤100
132227603616521,iDreamCareer,These ads ran without a disclaimer,≤100
112290388372786,Shubham Yadav,Shubham Yadav,≤100
172182742974160,Chunni Lal Sahu,Chunni Lal Sahu,≤100
111627301005753,Abhinay Rai,Akash Singh,≤100
222719048656244,Ved Prakash Ojha  IMC,Vivek Vashisth,≤100
724391514270755,Taduri Srinivas,Taduri Uday Kiran,≤100
648392601873373,Ashok Chandna,Mukesh Kumar Yadav,≤100
106412445020988,Samman afroz khan,Khandagre Sourabh,≤100
217210975073290,Laxmi Narayan Dave,Laxmi Narayan Dave,≤100
113607111642214,Jayprakash Trivedi,Jayprakash Trivedi,≤100
1955301821451552,Abhishek Dutta,Abhishek Dutta,≤100
1557674231151820,Shivu Hiremath,Shivu Hiremath,≤100
455447354644551,Sabir Ali,Sabir Ali,≤100
109830814975379,Raghu Parmar,Rinkesh Namdev,≤100
102813438341474,Kapur Infratech,These ads ran without a disclaimer,≤100
253298788099181,Banda Chandra Reddy,Chandra Reddy Banda,≤100
269442696723658,Kuldeep kumar 'Deep kamboj Malukpura',Kuldeep Kumar,≤100
1433894153522813,Pramod Bhaya,Kapil Sain,≤100
100919539559719,Kamlesh Prasad,These ads ran without a disclaimer,≤100
1433894153522813,Pramod Bhaya,Sharad Sharma,≤100
102447714973094,Yusuf Salahuddin,Yusuf Salahuddin,≤100
116997354325105,Wg Cdr Anuma Acharya,Wg Cdr Anuma Acharya,≤100
328841024472974,Srinivas C,Eshwar Deepak,≤100
1947865801968156,Jasmeet Singh Pitampura,Harjap Singh Dhingra,≤100
110197854912974,Sonu Singh Garg,Pratik Garg,≤100
104936485244886,Lav Pandey,Lav Pandey,≤100
115156758150698,merakimakers6661,These ads ran without a disclaimer,≤100
1785302198354679,Dr. Somendra Tomar,Chirag Aggarwal,≤100
649481611827403,Shri Mahaveer Gaushala Kalyan Sansthan,Kapil Sain,≤100
101950355775969,Nilesh Jain,Nilesh Jain,≤100
101310315332964,Vinayak Kothari,vinayakkothari,≤100
101826308850080,SBB Trading company,Akash Singh,≤100
108002377575572,नवीन दुम्का,Naveen Chadra Dumka,≤100
106478591392825,Dileep kumar shukla,These ads ran without a disclaimer,≤100
981603711956127,Abdul Hafiz Malik,brandprogrammer,≤100
153233717778,Forum of Indian Food Importers,These ads ran without a disclaimer,≤100
104390600970428,Sunil Musepur Yadav,Navdeep Yadav,≤100
106471121116979,Raj Shekhar Singh,These ads ran without a disclaimer,≤100
163117930522603,Kommune,Kommune,≤100
1704557879861402,MKU,These ads ran without a disclaimer,≤100
2238647176463048,Dr.Vijender Singh,Anshul Kumar Gupta,≤100
106250808734383,Avnish Singh Chauhan 'Lovey',Avnish Singh,≤100
647353902009584,Dr. Nilam Yadav,Nilam Yadav,≤100
104908641373434,Anukriti Gusain Rawat,Anukriti Gusain,≤100
196338294250820,Rohit Gangwal,Modi For PM Organisation,≤100
707284596737741,P3,The P3,≤100
1436418516569943,Dr. Ashishrao R. Deshmukh,Swapnil Sudhakar Narad,≤100
427493384693990,Virender Kumar,Naresh Kumar Shoeran,≤100
113632309997513,Dr. Shikha Meel Barala Chomu,These ads ran without a disclaimer,≤100
100614189638149,Jayant Rajpoot,Jayendra Rajput,≤100
1443694495872539,Alok Ranjan,Rupesh Kumar,≤100
109023997229702,Bhawana Kapoor,Sandeep Kumar Rana,≤100
140064983547766,Village Express TV,Arvind Kumar,≤100
1499193720315542,The WOO Mag,These ads ran without a disclaimer,≤100
678803825664159,Kanta Sonwal,Prakash Jaiswal,≤100
108159201571035,अरविन्द जायसवाल,Avadesh  Kumar,≤100
1434690276755183,P C Sharma,Prakash Chand Sharma,≤100
995902327142587,Bharat Sharma INC,RFP Digital Media Pvt Ltd,≤100
100224905907374,satendragoswamii,These ads ran without a disclaimer,≤100
108939271272352,"Hindu Ankit Bhatnagar  प्रदेश अध्यक्ष,अखिल भारत हिंदू महासभा",Ankit Bhatnagar,≤100
108984951723852,Mithlesh Malik,Naresh Kumar Shoeran,≤100
112061804808512,Sports Development Authority of Bihar - SDAB,These ads ran without a disclaimer,≤100
158246438108798,Jitendra Singh Pandya,Jitendra Singh Pandya,≤100
1718123505168458,K.K. Vishnoi,Pramender Kumar,≤100
1651727365046605,Pukh Raj Parashar,Pukh Raj Parashar,≤100
235746856771965,HVP Mandal,HVP Mandal,≤100
132689140088396,smilefoundation,These ads ran without a disclaimer,≤100
101889748604483,Cyboard School,These ads ran without a disclaimer,≤100
104471954877219,शोएब खत्री,Mohd Soyab Khatri,≤100
102112998968049,भाषण कला स्पेशल,Pavankumar Dadasaheb Jadhav,≤100
102325429272140,AITC Debasish Mukherjee,Arpan Saha,≤100
282198256011533,PM Narendra Swamy,PM Narendra Swamy,≤100
176666610656782,Vaishali tomar,Vaishali tomar,≤100
2221499791511001,Amit Chachan,Bharat Bhusan Chachan,≤100
444000972398140,Dr. Ajay Dharam Singh,Ramkishan Singh Maninder Singh,≤100
106797518975875,P.Soundararajan,Soundararajan Balakumaran,≤100
108863975396578,Bhumireddy For MLC,Bhumireddy For MLC,≤100
154514751235352,Women's Web,These ads ran without a disclaimer,≤100
342300295978073,Syed Afzal Abbas,Syed Afzal Abbas,≤100
100154715683217,Fuelflip Energy,These ads ran without a disclaimer,≤100
109897448624145,Yolo Health,adv-tech,≤100
114609593652124,Uma Khapre - उमा खापरे,Naveen Singhal,≤100
113998760152307,Suresh Bhumare-सुरेश भुमरे,Vaibhav Ganesh Chikhale,≤100
182600871930746,Sujata Paul - India First,Sujata Paul,≤100
579497885806820,Datta Ghangale,Dattatray Vitthal Ghangale,≤100
104247095949918,K B Ashoka Naik,Digi-Ants Digital World,≤100
480171149151765,Asharam Thakur,These ads ran without a disclaimer,≤100
190202387700642,जय वैद्यनाथ,These ads ran without a disclaimer,≤100
108156992053327,BYBIndia- India's Best Video Marketing Company,Sunita Singh,≤100
112016070704207,Sadguru Global Infotech,Sadguru Global Infotech,≤100
777771655697023,Aditya Shankar Prasad,Pramender Kumar,≤100
354210368277318,Diwan Singh Bisht MLA,Sandeep Bhardwaj,≤100
100720419078919,Ajay Kumar Singh - Aditya,Arun Pratap Singh,≤100
555009411337356,Sanjeev Goel Sikka,Himanshu Sharma,≤100
183176388540530,Manish Yadav,These ads ran without a disclaimer,≤100
817607004928968,Narendra Shivaji Patel,Narendra Singh Patel,≤100
103129288441449,Jahanvi Vyas,Vyas Jahnvi Mitalbhai,≤100
100452136229191,Shyam Sundar Verma - Chairman Khalilabad,Anant Digital Advertising Agency,≤100
183176388540530,Manish Yadav,Manish Yadav,≤100
129952997339452,Rajendra Maske,Rajendra Tukaram Maske,≤100
151640195016242,Madhusudan Bhinda,Narendra Singh Pachar,≤100
102152441360906,Prakash Bhakar,Shiv Charan,≤100
106086315587082,Shyam Nandan Kishor Prasad,Kishan Raj,≤100
1434455276573474,Pratibha Suraj Chauhan,Rahul Kumar Srivastava,≤100
104906185574109,Monica Garkhel,These ads ran without a disclaimer,≤100
110918958196244,Rajasthan Government Health Scheme - RGHS,Rajasthan Government Health Scheme - RGHS,≤100
105110844616542,"भानू प्रताप सिंह ""यादव""",zinka logistics solutions pvt ltd,≤100
106567158347049,प्रमुख समाचार,Niraj Pandey,≤100
112816070484196,Saurabh Srivastava,Saurabh Srivastava,≤100
103691661472274,Duryodhan Aihole,Duryodhan Aihole,≤100
111806568448032,Naveen Agarwal,Navin Agraval,≤100
105608048991533,Sahityalok,Sahityalok,≤100
361031561139301,Rakesh Jangir,Rajesh Kumar,≤100
507490426042303,Mohan Sihag,These ads ran without a disclaimer,≤100
111632008319328,Pingaksh Social Welfare Foundation,Abi Zaid,≤100
252791995383178,Maharashtra Multimedia Communications,Shubhada Ashish Joshi,≤100
1806466166242152,Rahul Raj Rastogi,Chetan Singh Kanyal,≤100
912964308811725,Virender Singh Bisht,Balveer Singh Yadav,≤100
108595070796105,Sandeep Kumar,Sandeep Kumar,≤100
100839128450151,Amisha Dalip Chawla,These ads ran without a disclaimer,≤100
1806741026226045,Ramawatar Bijarnia,Narendra Singh Pachar,≤100
470929816335236,Veer Sen Yadav,Veer Sen Singh,≤100
113736628186529,"भीती नाही कशाची, भाजपा तुमच्या पाठीशी",Mahesh Dattatray Bhendekar,≤100
110236260783575,Sunil baliyan bhartiya,Sunil Kumar,≤100
1850064485271092,Vijay Kaushik,Kanav Kathuria,≤100
1842300042689931,Sandeep Yadav MLA,Mukesh Kumar Yadav,≤100
108003928610605,Brahma Nand Shukla,Brahma Nand Shukla,≤100
104860424918954,दिल है हिन्दुस्तानी,Abhijit Kumar,≤100
802311956513987,Rahul Singh,Rahul Singh,≤100
1802523420012948,Pratap Singh Khachariyawas,Anirudh Sharma,≤100
104920312318498,Archana Bhushan Patil BJP,Archana Bhushan Patil BJP,≤100
603803736638732,Digamber Singh,These ads ran without a disclaimer,≤100
110272168548179,Dr-Kriti Bharti,These ads ran without a disclaimer,≤100
349273359078396,Rameshappa Karad,Ajay Arjun Daund,≤100
108902461840142,k_se_kalakar,These ads ran without a disclaimer,≤100
455074105250667,Janmejay Kumar -जनमेजय कुमार,These ads ran without a disclaimer,≤100
113221617135066,Prerna Kalra,Prerna Kalra,≤100
100381598277258,Ashutosh dwivedi,Suraj Kaul,≤100
236500783397189,Kamlesh Paswan,Kamlesh Paswan,≤100
667862236707254,Rohit Kumar Singh,These ads ran without a disclaimer,≤100
678876002499539,Mohd Shamim Khan,Shamim Khan,≤100
201590887059265,Durgacharan Mishra,These ads ran without a disclaimer,≤100
2191900190844278,Aakash Dangi,Aakash Dangi,≤100
107148595058269,Adv Harita Mehta,Sandeep Kumar Rana,≤100
104604979193632,Agro Stubble Management Pvt Ltd,These ads ran without a disclaimer,≤100
256786777695561,Anil Deshmukh,Vaibhav Gajendra Tumane,≤100
607252739670252,Dr. Prannay G Sharma,Kumar Ratnam Sharma,≤100
1325597657464869,VAISHNAV INFRATECH,Sukhneet Singh,≤100
102983308949343,Binod jaiswal,Vibhav Pandey,≤100
431454157629297,Mukesh Ahlawat,Nitish Kashyap,≤100
224163281073368,BJP Arunachal Pradesh,BJP Arunachal Pradesh,≤100
111566438536566,arunthori_,These ads ran without a disclaimer,≤100
179599590357078,Rounak Sachdev,These ads ran without a disclaimer,≤100
104557294471061,Vikas Sharma,Pawan Kumar Sharma,≤100
105823032156484,Parshad Santosh Dubey,Ramvishal Dubey,≤100
109815321298064,Supriya Khemka,Shubham Singhal,≤100
203795313615859,PDTV News,Sandeep Gowda Undrakonda,≤100
116480381388563,Rajkumar Sharma,Yashu Kumar Saini,≤100
110967695146133,Govind Kumar Jain,Ganesh Kumar,≤100
886181921715691,Kedar Hazra,Nisant Kumar,≤100
100407521375775,Wings For Dreams,Wings For Dreams,≤100
101014809064585,Challa Sreelakshmi Bhageerath Reddy,Yadati Venkateswarlu,≤100
2146194495652513,Adv Rajesh Goutam,Rajesh Goutam,≤100
996331140417158,Puneet Maina,These ads ran without a disclaimer,≤100
292081617502897,Avijit De Bhowmik,Avijit De Bhowmik,≤100
106582082351546,Team VSR,Byrappa Venugopala,≤100
104963098336416,Dewa gupta,These ads ran without a disclaimer,≤100
105040639000304,Political Junction India,Sunita Singh,≤100
109592654091516,Dr. Akhil Shukla Advocate,Rajesh Goutam,≤100
1850064485271092,Vijay Kaushik,These ads ran without a disclaimer,≤100
177924969696841,Rajendra Tiwari,Shivam Dubey,≤100
103833782263290,Arvind Singh Bhati,Engitech Media,≤100
118552134469003,Raju Batham Official,Raju Batham,≤100
295049400925347,Dheeraj Meena,These ads ran without a disclaimer,≤100
955207614515639,Sudhir Parwe,Rohit Sudhir Parwe,≤100
100196004828444,North Eastern Council,Arshad Ali,≤100
1591984724359646,Firebrand India,These ads ran without a disclaimer,≤100
513622232357932,Chairman Arun Sharma,Badri Narayan Jangid,≤100
436826960480,Infosys,These ads ran without a disclaimer,≤100
485973368124928,RV Devraj,RV Devraj,≤100
181116775699304,Sardar Paramjit Singh Bhatia - Lajpat Nagar,Rupinder Singh,≤100
1757441471197224,Hardik Patel,Hardik Patel,≤100
101836058439627,Pradesh Public International School Of Sciences Bani-HP,These ads ran without a disclaimer,≤100
1684236255150265,Sunny Singh Daultabad,Sunny Singh Daultabad,≤100
846994962145905,Manoj Kumar Aggarwal,Durga Kumari,≤100
107659855588990,Dre5915-MeReading,These ads ran without a disclaimer,≤100
81533248839,DJ Crash,These ads ran without a disclaimer,≤100
106985312254815,Late,These ads ran without a disclaimer,≤100
1443067615925365,Anila Ali,These ads ran without a disclaimer,≤100
411609472291179,Shelly Shock,These ads ran without a disclaimer,≤100
104631729215986,Amna Adil,These ads ran without a disclaimer,≤100
462848513792011,国家大剧院National Centre for the Performing Arts,These ads ran without a disclaimer,≤100
114496691584484,Dre2644-Novels,These ads ran without a disclaimer,≤100
112220134851421,Under the Sisterhood,These ads ran without a disclaimer,≤100
101417225675406,niki2nicole,These ads ran without a disclaimer,≤100
118945884467733,Dre4628-MeReading,These ads ran without a disclaimer,≤100
1473299162720753,Franck Sastre,These ads ran without a disclaimer,≤100
684480475094920,Discover Inner Mongolia,These ads ran without a disclaimer,≤100
109391388543268,Mariana Alves,These ads ran without a disclaimer,≤100
104557275823271,Islamic Coin,These ads ran without a disclaimer,≤100