﻿Page ID,Page name,Disclaimer,Amount spent (USD),Number of ads in Library
101228658275135,fassker.cover,These ads ran without a disclaimer,≤100,1
108271568123706,TAIHEN Sức Khỏe,These ads ran without a disclaimer,≤100,1
103828774348425,SU THaT DHTC,These ads ran without a disclaimer,≤100,1
319739671441859,Floripa Mil Grau,These ads ran without a disclaimer,≤100,1
31292782350,Deutschland.de,These ads ran without a disclaimer,≤100,2
135799599823455,Arboricultural Association,These ads ran without a disclaimer,≤100,2
204915812876645,CEIBS,These ads ran without a disclaimer,≤100,1
1900502890185321,MMA Fighter,These ads ran without a disclaimer,≤100,1
101715608808670,Judgment Day: Angel of God,These ads ran without a disclaimer,≤100,1
109184428639401,TaxTris,These ads ran without a disclaimer,≤100,1
107829071538479,Daily Tales,These ads ran without a disclaimer,≤100,1