﻿Page ID,Page name,Disclaimer,Amount spent (USD),Number of ads in Library
238019255471,PNM - The People's National Movement,PNM - The People's National Movement,≤100,4
378004832575264,PEP Progressive Empowerment Party,Progressively Empowering People,≤100,2
276410485748244,Wired868,Wired868,≤100,2
360451363967730,Ancil K. Dennis,Ancil Keston Dennis,≤100,1
447993552068404,Shane A. Mohammed,Shane Mohammed,≤100,1
200480966638039,Supremacy 1914,These ads ran without a disclaimer,≤100,2
525421700832365,Protectors of The Wood Adventure Series,These ads ran without a disclaimer,≤100,1
117039841320523,Big Pink Youth Dialogue,These ads ran without a disclaimer,≤100,1
110980888642151,Twibbon April,These ads ran without a disclaimer,≤100,4