﻿Page ID,Page name,Disclaimer,Amount spent (NGN)
971769479677563,Gbenga Olawepo-Hashim,The Conclave,310
103864958273670,"School of Politics, Policy, and Governance",The School Of Politics Policy and Governance,125
205279466743027,Lux Terra Leadership Foundation,Lux Terra Leadership Foundation,≤100
103018869332378,BantuPage,BantuPage,≤100
204420296789348,Ekerete Udoh,Ekerete Udoh,≤100
100202924924063,Page 36,Page 36,≤100
104391618995614,Nwachukwu Anthony Anakwenze,Nwachukwu Anthony Anakwenze,≤100
118375837846479,ISA PAGE,These ads ran without a disclaimer,≤100
888474827903351,WFM 91.7,These ads ran without a disclaimer,≤100
128728490537179,Senator Asuquo Ekpenyong,Senator Asuquo Ekpenyong,≤100
660685641036325,Sandeco Group,Sandeco Group,≤100
112015191108359,Inside Port Harcourt,Inside Port Harcourt,≤100
101526161771364,Anambra State New Media,Anambra State New Media,≤100
107249545008571,Totalflusher,Totalflusher,≤100
1089641091059109,Hon. Kelechi Nwogu,Hon. Kelechi Nwogu,≤100
108217010644446,Oku Ozieoghene Victory,Oku Ozieoghene Victory,≤100
102677406219721,Nollywood actors,awesome media concepts,≤100
100409211478576,Visionary Women's Club,These ads ran without a disclaimer,≤100
710631155650743,Street Talents  Tv,Street Talents  Tv,≤100
102274429598149,Btc dana investment platform,These ads ran without a disclaimer,≤100
119723736100630,Ala - Delight Publicity Services,These ads ran without a disclaimer,≤100
111180371693748,Rt.Hon Peter Odey - Cross River State Deputy Governor,Rt.Hon Peter Odey - Cross River State Deputy Governor,≤100
104679584528987,Flourish,Flourish,≤100
111293135288591,Young Piero,These ads ran without a disclaimer,≤100
338109312883186,China Xinhua News,These ads ran without a disclaimer,≤100