﻿Page ID,Page name,Disclaimer,Amount spent (EUR)
1608463192727453,BÜNDNIS 90/DIE GRÜNEN Schleswig-Holstein,BÜNDNIS 90/DIE GRÜNEN Schleswig-Holstein,728
106626487721376,Amazon Europe,Amazon Europe,490
286760474731975,CDU Neumünster,CDU Kreisverband Neumünster,415
119717121028852,Rheinland-Pfalz.Gold,"Ministerium für Wirtschaft, Verkehr, Landwirtschaft und Weinbau Rheinland-Pfalz",264
380533325350911,CDU Lübeck,CDU Lübeck,144
115163805195741,SPD Kiel,SPD Kiel,104
103822184707126,Shell Deutschland,Shell Deutschland,≤100
493114614050311,FDP Lübeck,FDP Lübeck,≤100
331832984040,LichtBlick,LichtBlick,≤100
395872560426014,FDP Nordfriesland,FDP Kreisverband Nordfriesland,≤100
634691876703843,Daniel Günther,CDU Schleswig-Holstein,≤100
218786540044,WWF Deutschland,WWF Deutschland,≤100
154015121740225,SPD Nordfriesland,SPD Nordfriesland,≤100
196621830371898,CDU Kreisverband Dithmarschen,CDU Kreisverband Dithmarschen,≤100
1575481162507324,SWG - Schwentinentaler Wählergemeinschaft,SWG - Schwentinentaler Wählergemeinschaft,≤100
310873338976049,Bündnis 90/Die Grünen Nordfriesland,BÜNDNIS 90/DIE GRÜNEN Nordfriesland,≤100
102169625710148,ClimaClic,Burda Direct GmbH,≤100
201065353264638,yello,yello,≤100
164014383647221,BARMER,BARMER,≤100
150585324987471,CDU Kiel,CDU Kiel,≤100
282867358754313,Grüne Norderstedt,BÜNDNIS 90 / DIE GRÜNEN OV Norderstedt,≤100
275335619167195,CDU Schleswig-Holstein,CDU Schleswig-Holstein,≤100
549058781782871,DIE LINKE. Kreisverband Kiel,DIE LINKE. Kiel,≤100
1201097283240621,AfD Regionalverband Flensburg-Schleswig,AfD Kreis Flensburg-Schleswig,≤100
170688644503,UNICEF Deutschland,UNICEF Deutschland,≤100
129793317385234,AfD Kiel,AfD Kiel,≤100
155821404588906,SPD Bargteheide,SPD Bargteheide,≤100
154798588438690,CDU Bredstedt,CDU Bredstedt,≤100
56497026719,SOS-Kinderdörfer weltweit,SOS-Kinderdörfer weltweit Hermann-Gmeiner-Fonds Deutschland e.V.,≤100
111501317017740,Motatos Deutschland,Motatos,≤100
414260172247509,Gemeinsam vor Ort - Wählergemeinschaft in Mönkeberg,Gemeinsam vor Ort - Wählergemeinschaft im Kreis Plön,≤100
106896292163793,mehr-schutz.de,AstraZeneca GmbH,≤100
1997582683585163,Dennys Bornhöft,Dennys Bornhöft,≤100
511324618972373,e.on,e.on,≤100
102392679384422,Heimat Neumünster,Heimat Neumünster,≤100
75492447764,GLS Bank,GLS Bank,≤100
341486659645594,FDP Fraktion Bundestag,Fraktion der Freien Demokraten im Deutschen Bundestag,≤100
117745445076651,SPD Uetersen,SPD Uetersen,≤100
136260152219,World Vision Deutschland e.V.,World Vision Deutschland e.V.,≤100
265905486861910,FDP Kreis Pinneberg,FDP Kreis Pinneberg,≤100
1474231222791644,Grüne Ahrensburg,Bündnis 90/Die Grünen Ahrensburg,≤100
147547541961576,Council of the European Union,Council of the European Union,≤100
718677004826671,Deutsche Umwelthilfe,Deutsche Umwelthilfe,≤100
405073162995763,Freiwilligenagentur Jugend-Soziales-Sport e.V. Wolfenbüttel/Braunschweig,Freiwilligenagentur Jugend -Sozials - Sport e.V.,≤100
561953460655717,Social Media Ads,Social Media Ads,≤100
273454591804,SOS-Kinderdorf Deutschland,SOS-Kinderdorf e.V.,≤100
236934790401,UNO-Flüchtlingshilfe,UNO-Flüchtlingshilfe,≤100
1605351566248627,Freie Möllner Wählergemeinschaft,Freie Möllner Wählergemeinschaft,≤100
248913988520756,Union Investment,Union Investment Privatfonds GmbH,≤100
161273245888,Save the Children Deutschland,Save the Children Deutschland,≤100
478399422560922,KadeFungin,DR. KADE,≤100
185490505413,Jusos Schleswig-Holstein,Jusos Schleswig-Holstein,≤100
365482060161459,CDU Husum,CDU Husum,≤100
1640405366177474,SPD Neumünster OV Süd,SPD Neumünster OV Süd,≤100
511785248971976,"Bundesministerium für Familie, Senioren, Frauen und Jugend","Bundesministerium für Familie, Senioren, Frauen und Jugend",≤100
584353355107502,Hausfrage,Hausfrage,≤100
112732241654106,Sönke Doll,Sönke Doll,≤100
280002472792336,Bredstedt - unsere kleine Stadt,Stadt Bredstedt,≤100
332923170220,ONE Deutschland,ONE Deutschland,≤100
47930567748,SPD,SPD-Parteivorstand,≤100
200752383293733,International Justice Mission,International Justice Mission,≤100
150683938432857,CDU Kreisverband Plön,CDU im Kreis Plön,≤100
186504638060219,FDP Quickborn,FDP Quickborn,≤100
278520289258919,Wählergemeinschaft Pro-Kaki e.V.,Wählergemeinschaft Pro-Kaki e.V.,≤100
108268845888673,Bundesministerium für Arbeit und Soziales,Bundesministerium für Arbeit und Soziales,≤100
1062482463795133,Liebesleben,Bundeszentrale für gesundheitliche Aufklärung (BZgA),≤100
222966318179849,SSW Harrislee,SSW Harrislee,≤100
122529917412961,Arbeitsgemeinschaft Christlicher Arbeitnehmer-Organisationen,Arbeitsgemeinschaft Christlicher Arbeitnehmer-Organisationen,≤100
446308005441786,SPD Stormarn,SPD Stormarn,≤100
105690337659121,CDU Holm,CDU Holm,≤100
311795188935069,CDU-Glückstadt,CDU Kreisverband Steinburg,≤100
1507294599574371,CDU Grömitz,CDU Grömitz,≤100
459035844168797,Freie Wahlgemeinschaft FW Hetlingen,Freie Wahlgemeinschaft Hetlingen,≤100
1790920000965539,CDU CSU Europa,CDU/CSU-Gruppe in der EVP-Fraktion im Europäischen Parlament,≤100
391007680922216,Junge Union Nordfriesland,Junge Union Nordfriesland,≤100
133306764192,NABU Bundesverband,NABU Bundesverband,≤100
44511549119,Konrad-Adenauer-Stiftung,Konrad-Adenauer-Stiftung e.V.,≤100
116335026590900,Mülltrennung wirkt,die dualen Systeme,≤100
451980374985742,ecoligo,ecoligo,≤100
242343555837158,Männer,blu media network GmbH,≤100
484950398505596,IRC Deutschland,IRC Deutschland,≤100
103837382005203,KTN-Elektrotechnik GmbH,KTN-Elektrotechnik GmbH,≤100
399943747481893,HAWs in Deutschland,Hochschulen für Angewandte Wissenschaften in Deutschland,≤100
130534873659391,Green Planet Energy,Green Planet Energy eG,≤100
104620098608648,"SPD OV Friedrichstadt, Seeth, Drage & Schwabstedt","SPD OV Friedrichstadt, Seeth & Drage",≤100
846335975484709,The Generation Forest,The Generation Forest eG,≤100
359669268020620,Moin Liebe - Tschüss Hass,Laut gegen Nazis e.V.,≤100
593476900673774,ifaw,ifaw,≤100
242630369213987,SPD Bad Bramstedt,SPD Bad Bramstedt,≤100
147245511963527,DGB,Deutscher Gewerkschaftsbund (DGB),≤100
376131379101384,Freie Wähler Lübeck,FREIE WÄHLER Lübeck,≤100
108141357768918,PRIO1 - Das Klima-Netzwerk,Klimastiftung für Bürger,≤100
113507151692228,SPD Grömitz,SPD Grömitz,≤100
343364921106,Caritas international,Caritas international,≤100
460242884024348,SPD Ahrensburg,SPD Ahrensburg,≤100
1508446642792459,Vattenfall,Vattenfall Deutschland,≤100
1509790395958123,Aktion gegen den Hunger,Aktion gegen den Hunger,≤100
893530874096286,Jens Zimmermann,Jens Zimmermann,≤100
136522623183126,CDU Bad Schwartau,CDU Ortsverband Bad Schwartau,≤100
21289227249,FDP,FDP,≤100
109573920927141,Ichwillfair,Initiative für nachhaltige Agrarlieferketten,≤100
162372193827491,Yubico,These ads ran without a disclaimer,≤100
236044090111,VDI Verein Deutscher Ingenieure,VDI Verein Deutscher Ingenieure e.V.,≤100
306105376225527,DGB Region Schleswig-Holstein Südost in Lübeck,DGB Region Schleswig-Holstein Südost,≤100
498190676884652,CDU in Preetz,CDU Preetz,≤100
103976816030694,René Hendricks SPD,SPD Kreisverband Plön - Kandidat René Hendricks,≤100
111789447030484,Bundesfinanzministerium,Bundesfinanzministerium,≤100
115791799979438,DGB Nord,DGB Nord,≤100
2188342231399828,HSI/Deutschland,HSI Europe,≤100
837029206665363,Tabakquartier Bremen,Tabakquartier,≤100
105958114684832,AfD Ortsverband Schenefeld,AfD Ortsverband Schenefeld,≤100
456442717841951,HarperCollins Deutschland,Verlagsgruppe HarperCollins Deutschland GmbH,≤100
144380008933707,SPD-Fraktion im Bundestag,SPD-Bundestagsfraktion,≤100
645895238769799,AfD Kreis Pinneberg,AfD KV Pinneberg,≤100
102042018624623,Initiative Chefsache,Initiative Chefsache,≤100
141410219264688,SENEC,SENEC GmbH,≤100
111635078545150,CDU Friedrichstadt,CDU Friedrichstadt,≤100
1393167744264822,Bundesministerium für Digitales und Verkehr,Bundesministerium für Digitales und Verkehr,≤100
213148952141497,SPD-Henstedt-Ulzburg,SPD Ortsverein Henstedt-Ulzburg,≤100
355547704559438,SPD Barsbüttel,SPD Barsbüttel,≤100
955766184451957,Das Handwerk,Deutscher Handwerkskammertag (DHKT) e. V.,≤100
324143927703289,CDU - Anpacken für Bargteheide,CDU OV Bargteheide,≤100
142103535948855,CDU Quickborn,CDU Quickborn,≤100
314469414485,SPD Neumünster,SPD Neumünster,≤100
196616723733997,SSW,SSW Landesverband,≤100
263503200272,Welthungerhilfe,Welthungerhilfe,≤100
121678260974,Initiative Neue Soziale Marktwirtschaft (INSM),Initiative Neue Soziale Marktwirtschaft,≤100
209697875758716,DIE JUNGEN UNTERNEHMER,Die Jungen Unternehmer,≤100
259770724096761,Animal Equality Germany,Animal Equality Germany e.V.,≤100
100345702834585,All Out Deutschland,All Out,≤100
116647184700416,BGN Bürgergemeinschaft Neustadt Pelzerhaken Rettin,BGN - Bürgergemeinschaft Neustadt in Holstein e.V.,≤100
2211978065729846,Bundesministerium für Ernährung und Landwirtschaft - BMEL,Bundesministerium für Ernährung und Landwirtschaft,≤100
165461997507870,CDU Ortsverband Jübek,CDU Ortsverband Jübek,≤100
103919417972272,Unabhängige Beauftragte für Fragen des sexuellen Kindesmissbrauchs,Unabhängige Beauftragte für Fragen des sexuellen Kindesmissbrauchs,≤100
123910440019,Renew Europe,Renew Europe Group,≤100
123292927706635,junge Welt,junge Welt,≤100
1093989863995799,hep,hep global GmbH,≤100
207331596461341,SPD Geesthacht,SPD Geesthacht,≤100
111698888335211,Daskannkunststoff,ALPLA Werke Alwin Lehner GmbH & Co KG,≤100
1319883141454588,Philipp Beutler SPD,Philipp Beutler SPD,≤100
106356845266675,CDU Mölln,CDU Mölln,≤100
13479664941,JUNGE FREIHEIT,Junge Freiheit Verlag GmbH & Co. KG,≤100
377180149410994,SPD- Ortsverein Brokdorf,SPD- Ortsverein Brokdorf,≤100
614408642007931,Zurich,Zürich Beteiligungs-Aktiengesellschaft (Deutschland),≤100
110728558565356,Wählergemeinschaft FLH Hohenfelde,Wählergemeinschaft FLH Hohenfelde,≤100
150793518281117,Covestro,Covestro,≤100
107492538977174,CDU Viöl,CDU Ortsverband Viöl,≤100
103243539432003,BurgAktiv aktuell,These ads ran without a disclaimer,≤100
217786668379580,350.org Deutschland,350.org Deutschland,≤100
316140011886351,Bürgergemeinschaft Trittau BGT,These ads ran without a disclaimer,≤100
503345659690341,hsp,hsp - Die Fundraiser,≤100
160355334000102,PLANT-MY-TREE,PLANT-MY-TREE,≤100
123332714357231,Europäische Kommission – Vertretung in Deutschland,These ads ran without a disclaimer,≤100
286350444716030,UN-Dekade Wiederherstellung von Ökosystemen,UN-Dekade-Büro c/o nova-Institut GmbH,≤100
169367889785454,Arbeitgeberverband Gesamtmetall,Arbeitgeberverband Gesamtmetall,≤100
106557304106077,Plan E,stiftung elektro-altgeräte register,≤100
457569408150093,Weil's hilft,GESUNDHEIT AKTIV e. V. Bürger- und Patientenverband,≤100
82734241364,Campact e.V.,Campact e.V.,≤100
105220712376554,Greifswald Moor Centrum,Succow Stiftung,≤100
103919417972272,Unabhängige Beauftragte für Fragen des sexuellen Kindesmissbrauchs,Unabhängiger Beauftragter für Fragen des sexuellen Kindesmissbrauchs,≤100
100468876017523,Welcoming Out,Welcoming Out gUG (haftungsbeschränkt),≤100
133306764192,NABU Bundesverband,These ads ran without a disclaimer,≤100
185390168171425,SOLARWATT Germany,These ads ran without a disclaimer,≤100
174118102615738,Brot für die Welt,Brot für die Welt,≤100
1947378708884004,Initiative Frosch,Initiative Frosch,≤100
610139302510694,SPD Mölln,SPD Mölln,≤100
206584163580,Stiftung Mercator,Stiftung Mercator,≤100
211579378870222,SPD Schleswig,SPD Schleswig,≤100
108561735535463,Ekaterina Gutner,AfD Stadtratsfraktion Nuernberg,≤100
110372795299075,CDU Schacht-Audorf,CDU Schacht-Audorf,≤100
156449679027,Renovabis,Renovabis e.V.,≤100
116449375528,foodwatch,foodwatch e.V.,≤100
381436865274574,Jusos Norderstedt,Jusos Norderstedt,≤100
214526595274349,BSH GmbH & Co.KG,BSH GmbH & Co. KG,≤100
229357780969497,Nina Schilling,FDP Ortsverband Wedel,≤100
104389425384135,Arbeitgeber Land Hessen,Hessisches Ministerium des Innern und für Sport,≤100
116544291761495,Kindernothilfe E.V.,Kindernothilfe E.V.,≤100
108633728581883,Rettet Biokraftstoffe,OVID Verband,≤100
171844246207985,taz,TAZ Verlags- und Vertriebs GmbH,≤100
1761511327394637,Karl-Heinz Lenz,Karl-Heinz Lenz,≤100
99923813221,vorwärts,Berliner vorwärts Verlagsgesellschaft mbH vorwärts,≤100
405134214936,Bethel - Für Menschen da sein,Bethel - Für Menschen da sein,≤100
1739138546404072,iwd,IW Medien,≤100
303855196900,Paradigma,Ritter Energie- und Umwelttechnik GmbH & Co. KG,≤100
136576930301129,O&W Rechtsanwälte,O&W Rechtsanwälte,≤100
117534528257937,Bund für Umwelt und Naturschutz Deutschland,Bund für Umwelt und Naturschutz Deutschland,≤100
117738101626747,GP JOULE,GP JOULE GmbH,≤100
136435459759730,Schüco,These ads ran without a disclaimer,≤100
217879838339082,Bundesministerium für Wirtschaft und Klimaschutz,These ads ran without a disclaimer,≤100
100354762415568,BitteWas - Kontern gegen Fake und Hass,Landesmedienzentrum Baden-Württemberg Standort Stuttgart,≤100
101923214737289,EWE Go,These ads ran without a disclaimer,≤100
427081657332874,ME2BE,ME2BE,≤100
510117665830401,Hilfetelefon Gewalt gegen Frauen,"Hilfetelefon ""Gewalt gegen Frauen""",≤100
399241730563,Quarks,Westdeutscher Rundfunk Köln,≤100
111637361014018,Bethmann Bank,These ads ran without a disclaimer,≤100
532233903637340,Uwe Schröder,Uwe Schröder,≤100
198244400189055,Entega,ENTEGA Plus GmbH,≤100
102842079479187,Steadfast pets,These ads ran without a disclaimer,≤100
109268274798247,E-Fuels-Forum,CLASSIC Tankstellen GmbH & Co. KG,≤100
300225473377094,indeon magazin,Medienhaus der Evangelischen Kirche in Hessen und Nassau GmbH,≤100
117065414989292,IKK classic,IKK classic,≤100
101990985977164,karakayatalks,These ads ran without a disclaimer,≤100
512403718895902,Wildtierschutz Deutschland e.V.,Wildtierschutz Deutschland e.V.,≤100
1967019790197412,Markus Wagner,"Markus Wagner, MdL",≤100
101274842793956,Greenpeace grad jetzt,Greenpeace e.V.,≤100
101683398140023,Salus,Salus,≤100
358809037566121,CDU Siek-Meilsdorf,CDU Ortsverband Siek-Meilsdorf,≤100
107389761091734,WooDu,WooDu GmbH,≤100
104825804494464,Lauf-weiter.de,These ads ran without a disclaimer,≤100
134483979119,Rosa-Luxemburg-Stiftung,Rosa-Luxemburg-Stiftung,≤100
127143338110,missio,missio,≤100
259870778893,ARAG Versicherungen,ARAG SE,≤100
103343858375708,Martin Schmidt - AfD MdL,Martin Schmidt,≤100
134662743239116,academics.de,academics GmbH,≤100
190784743602,CDU/CSU-Bundestagsfraktion,CDU/CSU-Bundestagsfraktion,≤100
100322788072812,The Closest Loop,The Closest Loop GmbH,≤100
1110204782371616,Die Moderne Landwirtschaft,Forum Moderne Landwirtschaft e.V.,≤100
113318558226056,Green Balanced,Green Balanced GmbH,≤100
1539802029680191,Dirk Nockemann AfD,Dirk Nockemann AfD,≤100
1119942894694068,Hamburger Hilfskonvoi,Hamburger Hilfskonvoi,≤100
1077260675704647,Wohnglück,Impleco GmbH,≤100
104840074825135,Frank Rinck,Frank Rinck,≤100
175077355851347,popup-records [Germany],These ads ran without a disclaimer,≤100
135984139804495,SoVD - Sozialverband Deutschland e.V.,SoVD - Sozialverband Deutschland e.V.,≤100
1538528933033602,Rotenburger Werke,Rotenburger Werke gGmbH,≤100
783276828414604,Palfinger,These ads ran without a disclaimer,≤100
135591596484147,ABDA - Bundesvereinigung Deutscher Apothekerverbände e. V.,ABDA - Bundesvereinigung Deutscher Apothekerverbände e. V.,≤100
260106687889118,Kopp Verlag,Kopp Verlag,≤100
344190642723095,Schwertfeger & Kollegen GmbH,Schwertfeger & Kollegen GmbH,≤100
364635510327135,FDP Wedel,FDP Ortsverband Wedel,≤100
137521576294353,Deutsche Kinderhilfe - Die ständige Kindervertretung e.V.,Deutsche Kinderhilfe - Die ständige Kindervertretung e.V.,≤100
185927128110913,SMA Solar Technology,These ads ran without a disclaimer,≤100
23216224900,Plan International Deutschland,Plan International Deutschland e.V.,≤100
524965010906886,SPD Land Bremen,SPD LAND BREMEN,≤100
534506233236134,SPD Ammersbek,SPD Ammersbek,≤100
1176675472454246,CAPinside.com,CAPinside GmbH,≤100
144527739568157,Searchtalent,Searchtalent,≤100
114554831934355,Tierschutzbund,Deutscher Tierschutzbund e.V.,≤100
442641152463575,EGIS,EGIS VERWALTUNGS GMBH,≤100
427867583942519,Freunde für Deutschland FfD,Freunde für Deutschland FfD,≤100
1540045636302649,Arolsen Archives,Arolsen Archives,≤100
100668725394937,Hamburger Klimaschutzstiftung,Hamburger Klimaschutzstiftung,≤100
122363921200097,DIE LINKE Rendsburg-Eckernförde,Die Linke KV Rendsburg-Eckernförde,≤100
805070726245918,Kreis Siegen-Wittgenstein,Kreisverwaltung Siegen-Wittgenstein,≤100
443522133126069,AfD-Fraktion Bezirk Eimsbüttel,AfD-Fraktion Bezirk Eimsbüttel,≤100
252217071494195,Inklusives Arbeitsleben,LWL-Inklusionsamt Arbeit,≤100
1004883576238809,GoodJobs,GoodJobs GmbH,≤100
111131790805220,SVOLT Europe,SVOLT Energy Technology (Europe) GmbH,≤100
53848679944,Laut gegen Nazis,Laut gegen Nazis e. V.,≤100
2158012137543502,AfD-Fraktion im Bayerischen Landtag,AfD-Fraktion im Bayerischen Landtag,≤100
1522341597824314,Eigenheimerverband Bayern e.V.,Eigenheimerverband Bayern e.V.,≤100
107140025016889,ELMAR GEHRKE,ELMAR GEHRKE,≤100
374927701107,Ostsee-Zeitung,MADSACK Market Solutions GmbH,≤100
111486313936267,Prof. Dr. Rüdiger Sterzenbach,Prof. Dr. Rüdiger Sterzenbach,≤100
107786941357080,KÜBLER GmbH Energiesparende Hallenheizungen,These ads ran without a disclaimer,≤100
191164085731,Adveniat,Adveniat,≤100
630172117364339,POST von GEHRKE,POST von GEHRKE,≤100
102492129806270,Waschbär Umweltversand,Waschbär GmbH,≤100
101727675532448,Pascal Westphal-Buntrock,Pascal Westphal-Buntrock,≤100
121097790490,Albert Schweitzer Stiftung für unsere Mitwelt,Albert Schweitzer Stiftung für unsere Mitwelt,≤100
108117640902824,Tag X,Drudel 11 e.V.,≤100
274000059331698,DEMO - Die Fachzeitschrift für Kommunalpolitik,DEMO - Die Fachzeitschrift für Kommunalpolitik,≤100
1810088999013118,Kölner Presseclub e.V.,Kölner Presseclub,≤100
100363378760233,via bonum,via bonum AG,≤100
1249025528531105,LV Bremen - Tierschutzpartei,PARTEI MENSCH UMWELT TIERSCHUTZ,≤100
178362315106,European Parliament,European Parliament,≤100
104052104595148,"Senatorin für Gesundheit, Frauen, Verbraucherschutz Bremen","Senatorin für Gesundheit, Frauen und Verbraucherschutz",≤100
101179166088528,ABP - Allgemeine Bürgerliche Partei,Allgemeine Bürgerliche Partei,≤100
50169278122,SPD Sachsen,SPD Sachsen,≤100
130659466990656,Siegener Versorgungsbetriebe GmbH,These ads ran without a disclaimer,≤100
523752950988596,Paralympics Zeitung,These ads ran without a disclaimer,≤100
100588701477647,Wir packen's an,Wir packen's an,≤100
131470655621,Deutscher Hanfverband (DHV),Deutscher Hanfverband (DHV),≤100
450345241685505,Welttierschutzgesellschaft - WTG e.V.,Welttierschutzgesellschaft - WTG e.V.,≤100
159223080754400,Stiftung Menschen für Menschen - Karlheinz Böhms Äthiopienhilfe,Stiftung Menschen für Menschen - Karlheinz Böhms Äthiopienhilfe,≤100
194436357268781,Deutsche Atlantische Gesellschaft,Deutsche Atlantische Gesellschaft e.V.,≤100
567366010021216,Bundesministerium der Justiz,Bundesministerium der Justiz,≤100
211341118939968,dzw - Die ZahnarztWoche,dzw - Die ZahnarztWoche,≤100
352736338253081,Futurium,Futurium,≤100
242641809484926,Joana Cotar,Joana Cotar,≤100
922013954486012,StrassenBLUES,StrassenBLUES,≤100
105162552162335,Jochen Münch,CSU-Kreisverband Roth,≤100
108878475476392,Mission Female,Mission Female GmbH,≤100
323724108344975,Prof. Dr. Ingo Hahn MdL,MdL Prof. Dr. Ingo Hahn,≤100
157315174298307,DAK-Gesundheit,DAK-Gesundheit,≤100
128007397258208,Internationaler Bund,Internationaler Bund (IB),≤100
207429192606075,Grüne Bremen,Grüne Bremen,≤100
100867642245670,_nathalieberger_,These ads ran without a disclaimer,≤100
107146850698031,WellBlue,WellBlue GmbH,≤100
109578735399830,Bastian Köhler,These ads ran without a disclaimer,≤100
109889333977686,ENEG GmbH,These ads ran without a disclaimer,≤100
100572773318575,Ärzte der Welt,Ärzte der Welt e.V.,≤100
2314697952137404,Volt Bremen,Volt Deutschland - Landesverband Bremen,≤100
1415068268801621,Ratgeber-Ofen,These ads ran without a disclaimer,≤100
340811472964473,Christen an der Seite Israels,Christen an der Seite Israels,≤100
417517061951550,Einfach da für dich,ABDA - Bundesvereinigung Deutscher Apothekerverbände e. V.,≤100
228618550513119,sagwas,sagwas,≤100
2324402101161041,VMA e.V.,VMA e.V.,≤100
705394482959403,Handbook Germany,Neue deutsche Medienmacher e.V. with ad credits,≤100
382618135271450,Dreluso Pharmazeutika,DRELUSO Pharmazeutika,≤100
136218413073164,PowerShift e.V.,PowerShift,≤100
160692724037089,DTJ Online,Deutsch Türkischer Journalismus und Recherche e.V.,≤100
196114277078358,DIE LINKE Land Bremen,DIE LINKE Land Bremen,≤100
104683266866,Friedrich-Ebert-Stiftung,Friedrich-Ebert-Stiftung,≤100
140702982659620,Grüne Jugend Hessen (GJH),GRÜNE JUGEND Hessen,≤100
414111711973316,Kathrin Anklam-Trapp,Kathrin Anklam-Trapp,≤100
78309442751,Bayernpartei,Bayernpartei,≤100
190847357625773,CDU Rendsburg,CDU Rendsburg,≤100
442474682778346,Gerd Mannes,"Gerd Mannes, MdL",≤100
105055555265502,Thorsten Schleif,These ads ran without a disclaimer,≤100
106516184465027,IIIIdieBasis,dieBasis Basisdemokratische Partei Deutschland,≤100
182143578978802,V.Bauduin Metallbearbeitung & Schweißfachbetrieb GmbH & Co. KG,These ads ran without a disclaimer,≤100
344428759300247,Janina Strelow,Janina Strelow,≤100
1713343712235244,Kul'tura e.V.,These ads ran without a disclaimer,≤100
101191206277439,__i_n_k_e_d_k_a_t_i__,These ads ran without a disclaimer,≤100
104103569308735,selfdefense_frauen_havelland,These ads ran without a disclaimer,≤100
112062055514490,Bremische Bürgerschaft,Bremische Bürgerschaft,≤100
223078917757220,GEW Saarland,GEW,≤100
677376205783261,AfD Fraktion Stadt und Kreis Gifhorn,AfD Fraktion Gifhorn,≤100
105018555000761,Soziale Republik,Verein für konstruktiven Sozialismus e.V.,≤100
108630325230974,krisenchat_ukrainian,These ads ran without a disclaimer,≤100
104267938795342,Ludewig Marketing,Marketing Juwel,≤100
152934608113175,FDP Bremen,FDP Bremen,≤100
109049655452106,UWLeck,These ads ran without a disclaimer,≤100
103312089362327,sonnenscheine_zeit.voll.leben,These ads ran without a disclaimer,≤100
585678844775646,AfD Hamburg,Landesverband AfD Hamburg,≤100
187024618004397,Stadtratsfraktion SPD/Volt München,SPD/Volt-Stadtratsfraktion München,≤100
143848045663058,Kassel Kongress Palais,These ads ran without a disclaimer,≤100
1718191738408875,CDU Schwachhausen - Bremen,CDU Schwachhausen - Bremen,≤100
110976485656573,Junge Liberale JuLis,Junge Liberale,≤100
1601787879964686,"Andreas Schubert, MdL",These ads ran without a disclaimer,≤100
1492601647681902,AfD Westerwald,AfD Westerwald,≤100
143945907173,blu,blu media network GmbH,≤100
580401892143117,AfD-Fraktion Mecklenburg-Vorpommern,AfD-Fraktion im Landtag Mecklenburg-Vorpommern,≤100
311532622287922,Gustav Mäuler GmbH & Co KG Spedition + Service,These ads ran without a disclaimer,≤100
1124641927546813,Hoffnungsträger,Hoffnungsträger,≤100
108485082238013,NAEB Scope auf Wärmewende - GEG24,NAEB e.V. Stromverbraucherschutz,≤100
112326918787579,CDU Bremen,"CDU Bremen, Landesverband",≤100
399954936845367,SPD Geisenheim,SPD Geisenheim,≤100
213948778988723,Iron Roots,These ads ran without a disclaimer,≤100
132304296806431,Haus Neuland,These ads ran without a disclaimer,≤100
2042769265944087,Energie Heute,Energie Heute,≤100
283266582089,action medeor e.V.,action medeor e.V.,≤100
110038557114533,Imagine5,These ads ran without a disclaimer,≤100
103143312672319,Christian Specht,Christian Specht,≤100
108201222231260,Bremenli Türkiyeliler Ağı,Bremenli Türkiyeliler Ağı,≤100
120717544677137,SPD Ortsverein Buchholz in der Nordheide,SPD Buchholz in der Nordheide,≤100
209697875758716,DIE JUNGEN UNTERNEHMER,These ads ran without a disclaimer,≤100
2175880285988293,Stadtwerke Stuttgart,Stadtwerke Stuttgart GmbH,≤100
2409371185963750,MBA and Beyond Admission Consulting,These ads ran without a disclaimer,≤100
116665478022470,David Lambert,These ads ran without a disclaimer,≤100
107237888124833,Vy Oanh Authentic - Túi xách cao cấp uy tín,These ads ran without a disclaimer,≤100
100804816200968,Portali Mërgata,These ads ran without a disclaimer,≤100
101442025614806,Chancellor,These ads ran without a disclaimer,≤100
46350942335,Agora Gallery,These ads ran without a disclaimer,≤100
108166048910328,Срочные Новости,These ads ran without a disclaimer,≤100