﻿Page ID,Page name,Disclaimer,Amount spent (EUR)
347829038571812,Aldeias de Crianças SOS Portugal,Aldeias de Crianças SOS Portugal,≤100
1601186910118928,Banco BPI,Banco BPI,≤100
587845577964346,Médicos Sem Fronteiras,Médicos Sem Fronteiras,≤100
833033333450772,BPI Solidariedade,Banco BPI,≤100
122344957784863,Amnistia Internacional Portugal,Amnistia Internacional Portugal,≤100
197936253581591,Fundação Francisco Manuel dos Santos,Fundação Francisco Manuel dos Santos,≤100
100341989561985,Justice Initiative Portugal,Justice Initiative Portugal,≤100
170555122972051,Parlamento Europeu - Gabinete em Portugal,Parlamento Europeu Gabinete em Portugal,≤100
527351247377965,European Committee of the Regions,European Committee of the Regions,≤100
901697383231864,Contas Connosco,Contas Connosco,≤100
163880252839,Deco Proteste,DECO PROTESTE,≤100
107898832590939,European Commission,European Commission,≤100
604331369992722,Deputados do PCP no PE,Deputados do PCP no PE,≤100
101769559210099,Portugal com ACNUR,Portugal com ACNUR,≤100
1741640662810483,Tranquilidade,These ads ran without a disclaimer,≤100
238855579966,Lua de Papel,Leya,≤100
100981728397170,Mais Liberdade,Instituto Mais Liberdade,≤100
145359705502132,Pordata,PORDATA,≤100
202907266393447,FGS I Fundação Gonçalo da Silveira,FGS I Fundação Gonçalo da Silveira,≤100
129530523788737,CCDR-Norte,CCDR-N,≤100
261612214425915,Lídia Pereira,Lídia Pereira,≤100
123555707393915,Petição contra sistema democrático indirecto,Petição contra sistema democrático indirecto,≤100
107252064043989,Luís Montenegro,Partido Social Democrata,≤100
101920814806371,Casa dos livros,Casa dos livros,≤100
111677091520510,CIMPOR,CIMPOR,≤100
651837195289903,Power Dot Portugal,Power Dot Portugal,≤100
515910925128523,Edições ASA,Leya,≤100
263534167013468,Câmara Municipal de Odivelas,Câmara Municipal de Odivelas,≤100
112857423489214,Ajuda em Ação,Ajuda em Ação,≤100
218028718210072,Gradiva Publicações,"Gradiva Publicações, S.A.",≤100
106496518935775,Manamiga,Manamiga,≤100
481847405755917,Teva Portugal,Teva Portugal,≤100
105930235490595,Provedora do Animal,Provedora do Animal,≤100
85728663404,Standvirtual,Standvirtual,≤100
771876069610385,Central Pharma Group,Central Pharma Group,≤100
106734345061768,Bruno  Mascarenhas,Bruno  Mascarenhas,≤100
568028987050017,Livros com História,Livros com História,≤100
582360601854799,Manuseado,Manuseado,≤100
105261121414141,All 4 Integrity,These ads ran without a disclaimer,≤100
1844011755641781,Inclusiva,These ads ran without a disclaimer,≤100
115018074836456,Antiquário Moderno,Antiquário Moderno,≤100
101155489545190,Mrs Book,Mrs Book,≤100
102341052904080,Новости Дня,These ads ran without a disclaimer,≤100
103362539480620,Your Europe,These ads ran without a disclaimer,≤100
250305668489402,Professor Kenny,These ads ran without a disclaimer,≤100
9814846723,Eric Edmeades,These ads ran without a disclaimer,≤100