﻿Page ID,Page name,Disclaimer,Amount spent (USD)
129803967052432,Consejo Nacional Electoral del Ecuador,Consejo Nacional Electoral del Ecuador,433
292716074441848,Otto Vera,Otto Vera,232
2034084410025516,Victor Valdivieso Cordova,Equipo de Comunicación La Libertad,112
349528851821402,Pancho Tamariz,Francisco Eugenio Tamariz Guerrero,≤100
100848672800182,Consulta Ciudadana Ec,Consulta Ciudadana Ec,≤100
100970019423987,Isaac Buenaventura Moreno,Closetpur S.A.”,≤100
104178722468266,Gabriela Bonini,Gabriela Bonini,≤100
115060092511113,Integración Ciudadana Lista 111,Integración Ciudadana Lista 111,≤100
115495471426980,Te devolvemos el NO,Te devuelvo el NO,≤100
363247223714714,Ministerio Inclusión Económica Social Ecuador,MINISTERIO DE INCLUSION ECONOMICA Y SOCIAL,≤100
110513521579507,Tomás Villao,Tomás Villao,≤100
100947822213394,Lucho Menoscal,Lucho Menoscal,≤100
322325187918558,Dennis Córdova Secaira,These ads ran without a disclaimer,≤100
108392657644085,Dámaris Yugcha Corrales,Dámaris Nataly Yugcha Corrales,≤100
334722650712707,Jorge Yunda,Paul Travez,≤100
140019043330175,Oscar Ayerve,Oscar Rene Ayerve Rosas,≤100
100102248960278,Luis Hernández Concejal 2023,Luis Hernández Concejal 2023,≤100
110175678146942,Omar Menéndez,Josselyn Cañarte,≤100
641032359273121,Rafael Sancho,Rafael Neptali Sancho Sancho,≤100
103685832571671,Jazmin Enriquez Castro,Jazmin Enriquez Castro,≤100
157589738358787,Abogado Jimmy Cevallos,Jimmy Alberto Cevallos Reyes,≤100
171207200247815,Roberto Cornejo,Julio Roberto Cornejo Balseca,≤100
257056798042888,Andrea Hidalgo,Andrea Hidalgo,≤100
111017675004028,Aquiles Álvarez Henriques,Aquiles Alvarez,≤100
103461374943920,Cristóbal Simbaña,Cristóbal Simbaña,≤100
304175616970363,Teddy Tama,Ricardo Ernesto Ramirez Barba,≤100
107285866588682,Roberta Zambrano Ortíz,Roberta Zambrano Ortíz,≤100
171870950030850,Teodoro Gallegos Salem,Benigno Teodoro Gallegos Salem,≤100
621315205049335,Adrian Castro Piedra,Adrian Castro Piedra,≤100
755112194631002,Luis Segovia,Luis Enrique Segovia Mendoza,≤100
101275684769428,Luisa González,Luisa González,≤100
206181319925678,Marcos González Navarro,Marcos González Navarro,≤100
1875137469405142,Cristian Cobos Guillén,Cristian Cobos Guillén,≤100
104388325790456,Jacqueline Ludeña,Jacqueline Cristina Ludeña Díaz,≤100
104369955856211,Gabriela Borja Araujo,Gabriela Borja Araujo,≤100
483449898450575,Alfonso Montalvan Cerezo Oficial,Oscar Stalin Briones Mora,≤100
475145565837880,Radio Pichincha,Radio Pichincha,≤100
723436848000082,Juan José Yúnez,Juan José Yúnez,≤100
104929178994662,Kléver Peñaherrera,Kléver Peñaherrera,≤100
108657847619569,Goberna Ecuador,Goberna Ecuador,≤100
109869198487676,Jorge TROYA Fuertes,Jorge Oswaldo Troya Fuertes,≤100
175714949929700,Martha Toapanta,Martha Toapanta,≤100
101231032501461,Eduardo Arteaga,Eduardo Arteaga,≤100
118246898345710,Santiago Rivera,Santiago Israel  Rivera Pazmiño,≤100
109391511861936,Goretty Ron,Goretty Ron,≤100
101433079473832,POR UN PORTOVIEJO MÁS GRANDE J.P,POR UN PORTOVIEJO MÁS GRANDE J.P,≤100
108726785134864,María Eugenia Intriago Viteri,Álava Alcívar Luis David,≤100
291286771723675,Leonardo Rodríguez,Leonardo Rodríguez,≤100
272071666183660,Christian Reyes tumbaco.,Christian Javier Reyes Tumbaco,≤100
105539772365757,Mentordemy,Mentordemy,≤100
115978584695612,Carlos Encalada,Carlos Luis Encalada Quiñonez,≤100
322325187918558,Dennis Córdova Secaira,Dennis Xavier Cordova Secaira,≤100
446408815884661,Leonardo Orlando,Leonardo Orlando Arteaga,≤100
107189121947261,Movimiento Político Líder,Movimiento Político Líder,≤100
100860816065116,Jorge Gutiérrez Fernández,Angel Vicente Alcivar Vinces,≤100
1655058734779946,Consorcio de Municipios Amazónicos y Galápagos,Guillermo Geovanny Granda Tovar,≤100
106041594837059,Digna Quijije,Jose Patricio Bailòn Ascencio,≤100
209171846096099,Fotógrafo de Galápagos,These ads ran without a disclaimer,≤100
102179784794592,Daniel Andrade Jaime,Daniel Andrade Jaime,≤100
100742202116006,Miguel Zhindón Alcalde,Juan Gabriel Peñafiel Siguencia,≤100
2221570604786246,Primicias,Primicias,≤100
335407657091823,Luis Falconí,Luis Xavier Falconi,≤100
244518752549342,Movimiento REDE,Movimiento REDE,≤100
100364152596396,Jose Manuel Plaza,Jose Manuel Plaza,≤100
965218816913719,Producciones Román,Manuel Alejandro Roman Loor,≤100
142009445862297,Galo Lara Yépez,Pedro Armando Franco Murillo,≤100
103496439057665,Fremiot Manuel Cedeño Dueñas,Fremiot Manuel Cedeño Dueñas,≤100
81089852182,U.S. Embassy Ecuador,Embassies: U.S. Embassy Ecuador,≤100
104977765566823,Sigue Juan José,Juan José Yúnez,≤100
108814468659804,Kurt Serrano,Kurt Serrano,≤100
104482344457735,Paolo Espin,Paolo Wilfrido Espin Barroso,≤100
2107748482843901,INTI Yumbay,Maria Alejandra Solano Flores,≤100
102823644882450,Pedro Pablo Moran 2023,Pedro Pablo Moran Marchan,≤100
335200810740753,Verónica Abad Rojas,Maria Verónica Abad Rojas,≤100
103676948938660,LISTA 1 Playas,Edison Salazar,≤100
579966648781917,María José Carrión,Maria Jose Carrion Cevallos,≤100
714555068883909,Edwin Patricio Lima Celi,Katia Beatriz Lima Paladines,≤100
430342697166077,Abraham Freire Paz,Yerimar Moya Tenelema,≤100
138046526216380,La Fonda de Carrasco,Camilo Jose Carrasco Serrano,≤100
102239495801726,"Ronald Moran ""Por Un Futuro Mejor"".","Ronald Moran ""Por Un Futuro Mejor"".",≤100
814598768888288,Héctor Cueva,Cueva Héctor,≤100
102544102568829,Antonio Zavala,Alejandro  Antonio Zavala Murillo,≤100
106360285419022,Jimmy Valverde Peláez,Jimmy Cristhian Valverde Peláez,≤100
323061501783622,Concejala Analía Ledesma García,Analía Ledesma García,≤100
101844371776009,Voto Informado Ecuador,Ciudadanía y Desarrollo,≤100
466451486787130,Virgilio Hernández,Virgilio Hernández,≤100
129933377054758,Achpe - Asociación Nacional de Clínicas y Hospitales Privados del Ecuador,"Asociación Nacional de Clínicas y Hospitales Privados del Ecuador, ACHPE",≤100
107662741917575,Vanessa Vinces Requena,Vanessa Vinces Requena,≤100
173119826501323,Flor Jumbo,Jefferson Ruiz,≤100
2219022621642854,Estefanía Montúfar Albornoz,Estefanía Montúfar Albornoz,≤100
626280444049877,David López Pazmiño,David Bernardo Lopez Pazmiño,≤100
106072754577272,Byron Maldonado,These ads ran without a disclaimer,≤100
449323022120052,César Delgado Orlando,Davhid Vilela,≤100
107973162105502,Fausto Jarrín Alcalde,Fausto Jarrín Alcalde,≤100
186219191586129,Salome Marin,Juan Jose Felix Saltos,≤100
101262615841292,Alvaro Varela Molina Oficial,Alvaro Varela Molina Oficial,≤100
223539761524901,Cesar Troya Mayorga,Cesar Troya Mayorga,≤100
100998046097140,Pablo Velasco,Pablo Velasco,≤100
101056676141616,Asesoría Política - Goberna Ecuador,Goberna Ecuador S.A.S,≤100
106452370942318,Javier Bosquez Villena,Javier Vitervo Bosquez Villena,≤100
773153032757852,Yenny Dominguez Saltos,César R. Párraga,≤100
463969430847732,ÑUKA TV,Ñukatv Digital Cia Ltda.,≤100
102789449342507,Luis Marcelo De Mora,Luis Marcelo De Mora,≤100
102395536064502,RC5 Somos Posorja,Alexandra Ayala Mendoza,≤100
906838266037406,Fanny Uribe López,fanny uribe,≤100
108968208640783,Apoyo-Luis Cerda,Luis Enrique Cerda,≤100
101733732569471,Roberth Arrobo,Roberth Arrobo,≤100
114985344799361,Alexandra Cedeño,Jorge Andrés Carrión,≤100
1375853379322752,Juan Pablo Cruz,Juan Pablo Cruz Carrilo,≤100
237501700522397,Daniela Asan Torres,Andrea Cevallos,≤100
616405925438411,GAD Municipal de El Empalme,Javier Guato Macias,≤100
101210106027729,Anabel Hermosa - Otavalo,Anabel Hermosa - Otavalo,≤100
779788855474670,Ambato Noticias,AMBATO LIBERTAD,≤100
272013800138461,Jorge Ramón,Roberto Enrique Zamora Dominguez,≤100
495225060514172,Degso,Gabriela Veronica Chango Hermoza,≤100
108182964368568,Consorcio Jurídico Integral - CJI,Consorcio Jurídico Integral - CJI,≤100
2242863795972326,Fredy Estevez,These ads ran without a disclaimer,≤100
104783531966567,luciaandradecom,These ads ran without a disclaimer,≤100
103446542394345,Daniel Lozada Cortez,Pachakutik,≤100
347121465384120,Pedro Pablo,Pedro Pablo,≤100
1995949830466917,Fabián Iza,Fabian Eduardo Iza Marcillo,≤100
565490013634621,Santiago Monar Montenegro,Santiago Monar Montenegro,≤100
334435697835357,Pedro José Freile candidato Alcalde,Carlos Eduardo Flores Gonzalez,≤100
1122125837943832,Lenin Aguilar,Lenin Fabian Aguilar Aguirre,≤100
112331811748644,Jessica Castillo,Jessica Castillo,≤100
103211037952514,Pedro Chila Alcalde-Lista 2,Pedro Chila Alcalde-Lista 2,≤100
709675312390235,Gustavo Barquet,Gustavo Barquet,≤100
343584129176395,La Posta,Andersson Alejandro Boscan Pico,≤100
1583506881960322,Martha Rosado,Widinson Bryan Ponton Tomala,≤100
890272711079812,Hermel Tayupanda Cuvi - Prefecto 2023,Hermel Tayupanda Cuvi - Prefecto 2023,≤100
476601415789987,Miriam Lucas Delgado,MIRIAM LUCAS,≤100
100222702934693,Andrés Mendoza Paladines,Andrés Mendoza Paladines,≤100
187653561280861,Josué Sánchez,Josué Sánchez,≤100
103429752580305,Ernesto Montaño,Ernesto Walberto Montaño Garrido,≤100
518463438496753,Esperanza Torres Alcaldesa,Esperanza Torres Alcaldesa,≤100
104163552345011,Rocío Ávila Cox,Francisco Lecaro Robles,≤100
475629492965378,Rosa Macas,Rosa Clementina Macas Chalan,≤100
380978765987201,Martha Simbaña,Javier Aguinaga Bósquez,≤100
737189350030059,Dra. Elisa Guayasamin,Elisa Marlene Guallasamin Niarata,≤100
2059929100886063,Vicko Villacis Tenorio,Vicko Alfredo Villacis Tenorio,≤100
102151362193169,soylilianapabon,These ads ran without a disclaimer,≤100