﻿Page ID,Page name,Disclaimer,Amount spent (ZAR),Number of ads in Library
187645864452,Vryheidsfront Plus / Freedom Front Plus,Vryheidsfront Plus / Freedom Front Plus,2345,10
6011868110,Democratic Alliance,Democratic Alliance,1429,3
136956534616,Times LIVE,TimesLIVE,1052,25
740116816003959,Western Cape Government,Western Cape Government,851,2
1613030308842801,Democratic Alliance Western Cape,Democratic Alliance,739,9
102265308016316,Al Jama-ah,Al Jama-ah,541,3
2145594122138312,Action Society,Action Society,470,7
109374997915302,Mayor Geordin Hill-Lewis,Mayor Geordin Hill-Lewis,459,2
147301545821830,Vryheidsfront Plus Wes-Kaap / Freedom Front Plus Western Cape,Vryheidsfront Plus / Freedom Front Plus,441,8
181204251979581,NEASA,National Employers' Association of South Africa,411,5
1742410059361710,AwakeMzansi,Awake Mzansi,401,2
325113820874966,OUTA - Organisation Undoing Tax Abuse,Organisation Undoing Tax Abuse (OUTA),390,1
1534982756793690,Foodvisor,These ads ran without a disclaimer,364,1
107169379305548,TLU SA,TLU SA,360,5
106172744063430,The Daily Friend,The Daily Friend,240,15
103278761413963,Empowering SA,Empowering SA,197,3
597918073626793,Democratic Alliance Free State,Democratic Alliance Free State,195,3
794336640617861,Cyril Ramaphosa Foundation,Cyril Ramaphosa Foundation,158,2
105758608971668,Free Speech Union South Africa,Free Speech Union South Africa,154,6
100445789444317,DA EC Legislature,Democratic Alliance,139,1
1479166275635514,Western Cape Provincial Parliament,Western Cape Provincial Parliament,138,1
111326403969815,DA Nelson Mandela Bay,Democratic Alliance,125,1
581475018952196,Good,GOOD Political Party,119,1
858175014372321,VF Plus - Limpopo,Vryheidsfront Plus / Freedom Front Plus,113,1
217696894929887,FW de Klerk Foundation,FW de Klerk Foundation,110,6
446648162438519,Thisisacumen,Acumen Media Management,108,1
102516258668317,Siza Water,Fahim N Farzanah Dawood,≤100,2
111455384155,Partners in Sexual Health,Hamlet Enrico Johannes,≤100,1
311936835992045,Dear South Africa,DearSA,≤100,1
123971017684407,HeraldLIVE - Nelson Mandela Bay,HeraldLIVE,≤100,5
1271402709601865,HEALA,HEALA,≤100,1
1770207119865540,Civics Academy ZA,Civics Academy ZA,≤100,1
109136451414156,Educate Don't Indoctrinate,Educate Don't Indocrinate,≤100,5
106684228815847,Africa's Green Economy Summit,These ads ran without a disclaimer,≤100,2
379138726819,ACDP,African Christian Democratic Party,≤100,1
614441158766955,Vote Dr Sipho P. Malapane 2024,Sipho Pienaar Malapane,≤100,2
103983572995108,RoboForex,These ads ran without a disclaimer,≤100,2
225941290782035,Parliament of the Republic of South Africa,Parliament of the Republic of South Africa,≤100,1
100363878569528,Lady Shield App,These ads ran without a disclaimer,≤100,1
134187920103120,Dr. J. Reid (Neurologist),Johan Reid,≤100,1
310943025606302,World Cancer Day,These ads ran without a disclaimer,≤100,1
110812087868882,The House Recipes,These ads ran without a disclaimer,≤100,1
309466402812554,Seen Stories,These ads ran without a disclaimer,≤100,1
109954608456111,Bor Hit,These ads ran without a disclaimer,≤100,2
303624683019094,HACEY's Health Initiative,These ads ran without a disclaimer,≤100,1
8002590959,Rainforest Action Network - RAN,These ads ran without a disclaimer,≤100,3
1196196390526965,Facebook Surveys,These ads ran without a disclaimer,≤100,3
113450827503674,The House News,These ads ran without a disclaimer,≤100,2
108929675184859,Fun by Day,These ads ran without a disclaimer,≤100,2
107844354359568,Our Funny Little Site Feed,These ads ran without a disclaimer,≤100,1
103653034325640,Watching TV Now,These ads ran without a disclaimer,≤100,1
108341105409731,Golf Guys 2,These ads ran without a disclaimer,≤100,1
107514541536074,The House Glaze,These ads ran without a disclaimer,≤100,1
56632622313,U.S. Mission Vienna,These ads ran without a disclaimer,≤100,1
56777943052,One Young World,These ads ran without a disclaimer,≤100,1
131664893560695,Origins OSU,These ads ran without a disclaimer,≤100,1
109344554681167,The House Class,These ads ran without a disclaimer,≤100,2