﻿Page ID,Page name,Disclaimer,Amount spent (AOA),Number of ads in Library
107298944747643,Grafica ABET Cunene,These ads ran without a disclaimer,2051,1
104985519033866,Nelson Francisco Sul - Jornalista,Nelson Francisco Sul - Jornalista,513,1
120235188603455,Thiên Mộc Hương - Agarwood Jewelry,These ads ran without a disclaimer,≤100,1
169687486427698,Jentezen Franklin,These ads ran without a disclaimer,≤100,1
303624683019094,HACEY's Health Initiative,These ads ran without a disclaimer,≤100,1
1164694603562682,FastTony.es,These ads ran without a disclaimer,≤100,1
105920735675544,Li From CGN,These ads ran without a disclaimer,≤100,1
1509413712605916,ICAO - International Civil Aviation Organization,These ads ran without a disclaimer,≤100,1
107431425521847,Jun From CGN,These ads ran without a disclaimer,≤100,1
105728695286283,الشرق للأخبار - السودان,These ads ran without a disclaimer,≤100,1
1881543645439590,Tech It Out with Yang Zhao,These ads ran without a disclaimer,≤100,4
101474672367263,YouthxYouth,These ads ran without a disclaimer,≤100,2
102176039105189,Letsget_realll,These ads ran without a disclaimer,≤100,1
1352874084790500,Fresenius Kabi,These ads ran without a disclaimer,≤100,2
984203991753488,Research Outreach,These ads ran without a disclaimer,≤100,1