﻿Page ID,Page name,Disclaimer,Amount spent (NGN)
102096876127435,BAT 2023,Abraham Adesanya Adetutu A.,923
252185758819200,Babajide Sanwo-Olu,Babajide Sanwo-Olu,531
105208365731340,F-SAO4Tinubu/Shettima2023,Emmanuel Oko,217
1598205703573433,Senator Uba Sani,Uba Sani Media,182
1746241522274014,Hajiya Maryam Mairo Aminu Waziri Tambuwal Online Forum,Amiru Adamu,171
110635338055920,Cedanac Resources,Cedanac Resources,115
103018869332378,BantuPage,Ikechukwu Orji,112
971769479677563,Gbenga Olawepo-Hashim,Olushola Oni,≤100
744766039058747,Inside Kaduna,Inside Kaduna Media,≤100
101075832871727,Progressives For Renewed Hope,Progressives For Renewed Hope,≤100
102823605038626,Phoenix Relations,These ads ran without a disclaimer,≤100
971769479677563,Gbenga Olawepo-Hashim,Emmanuel Oko,≤100
1689132724682504,MMAWT legacy initiative,Amiru Adamu,≤100
511160669047435,Senator Bassey Albert  - OBA,Benedict Raphael Ibanga,≤100
102399141248203,Chief Edward David Onoja,Isaac Ukpahiu'ojo Agene,≤100
101649462831068,Delta advocate 4 sheriff uk,Benjamin Mathew,≤100
171885956874687,Because Of Our Tomorrow,BOOT Party,≤100
100202924924063,Page 36,Page 36,≤100
101622722635138,Advocacy For Good Governance,Nnadi Sunny,≤100
112372781761085,Abibat Mogaji Beneficiaries Vanguard 4 BAT,Odunbaku Sodiq Adekunle,≤100
108375318583969,Partner Africa,These ads ran without a disclaimer,≤100
100383154696053,Lukaconfu vocal,Lukaconfu vocal,≤100
101836915650800,Veritas MEDIA,THE POLITICO,≤100
104238252286926,Nwankwo Promise Chibuzo,Mboo Augustine Uchenna,≤100
701090923257144,Within Nigeria,WITHIN NIGERIA MEDIA LTD,≤100
205279466743027,Lux Terra Leadership Foundation,Lux Terra Leadership Foundation,≤100
103696798885313,Hon Onidare Sunday Bukunmi,Afeez Lawal,≤100
103366965764013,BAT KSM Progressives Support Group,BAT KSM Progressives Support Group,≤100
100665436027116,Team Okoye Chukwuma Pius - TOCP,These ads ran without a disclaimer,≤100
1102698893087946,Pevron Technology,Collins Uwomano Otuwho,≤100
111271261379124,Effective Campaign Management Media,Effective Campaign Management Media,≤100
100595249525719,Benjamin Kayode Adereti Support Group,Benjamin Kayode Adereti Support Group,≤100
101770922779354,Mallam Abdulazeez,These ads ran without a disclaimer,≤100
2138867006432207,Gobir 2023,Young Progressives Party (YPP),≤100
1810770082585803,Vincent Idele-Iyen,These ads ran without a disclaimer,≤100
106172909043594,Elebe Institute,These ads ran without a disclaimer,≤100
111407198527759,Narratif,These ads ran without a disclaimer,≤100
126460284139483,Nigerianeye,NigerianEye,≤100
101620952700531,Babandi Ibrahim,Babandi Gumel Ibrahim,≤100
102835755970763,NN19,NN19,≤100
120346118099706,BrandPower,BrandPower,≤100
258810957658900,Adamu A. Babale Makera,Adamu A. Babale Makera,≤100
194953000528458,Global Campus of Human Rights,These ads ran without a disclaimer,≤100
661879807208966,ATIN - Atiku Transformation Initiative For Nigeria,ATIN - Atiku Transformation Initiative For Nigeria,≤100
948223658602676,Avante Creatives,Avante Creatives,≤100