﻿Page ID,Page name,Disclaimer,Amount spent (INR)
113799333713429,Godrej & Boyce,These ads ran without a disclaimer,5989
102754365335887,Udhay Anna,Udhay Anna,4991
436826960480,Infosys,These ads ran without a disclaimer,4762
330760810293224,HelpAge India,HelpAge India,4227
107864648831408,Nammavar Kamal Haasan,Nammavar kamal hassan,3644
123405501008524,Mercedes-Benz India,These ads ran without a disclaimer,2773
103549535164347,Sivarajavel IAS Academy,Sivarajavel,2041
103202225920541,"E&ICT, IIT Guwahati-Certification Programmes",These ads ran without a disclaimer,1801
174283119250672,Save the Children India,Bal Raksha Bharat,1667
101170512896982,Srikanth Kancharla TDP,Srikanth Kancharla,1227
404746486258732,Project Nanhi Kali,Project Nanhi Kali,1160
892031744181893,Olirum Erodu,Syed Jamal Syed Mohammad,1049
30290552843,Greenpeace India,Greenpeace Environment Trust,1039
105560431512954,Boopathi Raja K,Boopathi Raja,955
326102339565,Oxfam India,Oxfam India,932
180643835319178,BLACK+DECKER,These ads ran without a disclaimer,787
106398661197426,N.DinesshKumar,N.DinesshKumar,753
1149682295073614,Prime Video,These ads ran without a disclaimer,694
285029500623,CARE India,CARE India,660
104309454319526,Advaita International School,Saminathan Rajeshwaran,539
1467293200052637,Geetika Saigal,These ads ran without a disclaimer,516
104516512296314,Kartikeya Sharma,Adv Tech,440
161214324393440,Muthamil Public School,Muthamil Public School,435
104819985853284,V6 Digital News,V6 Digital News,434
100439596105737,CBN AGAIN,Showtime Consulting,430
209326756435298,K C Palanisamy,K C Palanisamy.AIADMK,379
30290552843,Greenpeace India,Greenpeace India Society,323
109575523898069,N.Jayaraman,Natesan Jayaraman,310
271269803067720,IUML Tamil Nadu State,Abdul Azees A,282
105078967734288,"திருமதி.சுபத்ரா இராஜ்குமார் BCom, ஊராட்சி மன்ற தலைவர் காக்களூர்.",R Raj Kumar,275
225469604484322,"GI Tagged - Geographical Indications, India",GiTAGGED,253
103782051383159,School of Politics,School of Politics,238
55436896972,Sakal,Dinesh Krishnaji Oak,229
233756450110001,Aurelia,These ads ran without a disclaimer,205
686849788021601,Salaam Baalak Trust,These ads ran without a disclaimer,201
15713980389,MTV UK,These ads ran without a disclaimer,200
118227367824577,Garuda Aerospace Pvt Ltd,Garuda Aerospace Pvt Ltd,199
114233898263244,Indian Compass Videos,theindiancompass.com,197
1387097964895506,GlobalLogic India,These ads ran without a disclaimer,196
170484126349815,Indian Cancer Society,Indian Cancer Society,191
106797518975875,P.Soundararajan,Soundararajan Balakumaran,186
105234459127980,Women Climate Collective,Women Climate Collective,181
110157505314549,Bhumireddy Ramagopal Reddy,Bhumireddy Ramagopal Reddy,180
7268844551,Rotary International,These ads ran without a disclaimer,165
295639383836442,Agewell Foundation,Aanchal Gupta,148
100135241704506,Samrakshya Ayurveda,Mahesh Kumar M,133
837835682986019,Amazon India News,These ads ran without a disclaimer,131
959179977571273,USI Party - India,Ramanadar Selvaganesan,123
1287678198049472,Child Help Foundation Outreach,Child Help Foundation Outreach,114
103743588973651,Sarbajayadas Narendran,Vinil Baba Godson,111
2249983818612505,Vennapusa Ravindra Reddy,Vennapusa Ravindra Reddy,108
132689140088396,smilefoundation,Smile Foundation,107
107543961968895,Tamil Manila Congress - Trichy - Urban,Arockia Jenifer K,107
109238265360678,Yuga Manpower Consultancy,Yuga Manpower Consultancy,105
106773968908453,அனைத்து இந்திய விவசாயிகள் சங்கம்,Ramanadar Selvaganesan,≤100
170741823043489,V6 News,V6 News,≤100
449378495112356,Swades Foundation,Swades Foundation,≤100
106329734356611,Gautham MarilingeGowda,Basavachetan,≤100
31292782350,Deutschland.de,These ads ran without a disclaimer,≤100
524665794408050,CASA,Arushi Narchal,≤100
103495822523586,Dr V Muthuraja MLA,Asarudeenm,≤100
864058773719706,JG Prince MLA,Prince -,≤100
17043549797,MIT Technology Review,These ads ran without a disclaimer,≤100
300653326696613,CGTN America,These ads ran without a disclaimer,≤100
188872144758,CCTV,These ads ran without a disclaimer,≤100
104625515842353,ivcapital_global,These ads ran without a disclaimer,≤100
105572575011321,Mazahri,These ads ran without a disclaimer,≤100
104000639186504,Vivek Subba Reddy for Jayanagara,Vivek Subba Reddy for Jayanagara,≤100
100735178208398,Udyami India,Samadhan Samiti,≤100
107039538786110,Shivakanth Mahajan,Shivakanth Mahajan,≤100
285403455681355,Railway Children India,Railway Children India,≤100
318205675275285,APL Apollo Tubes Limited,APL Apollo Tubes,≤100
169218193115587,CNBC-TV18,These ads ran without a disclaimer,≤100
474751009223949,Jaipur Literature Festival,Jaipur Literature Festival,≤100
101460125428339,World Council for Women Rights - WCWR,Ramanadar Selvaganesan,≤100
103811841768684,Mannachanallur S. Kathiravan MLA,Lokesh R,≤100
925853184147520,SimpliCity News: Coimbatore,Simplicity Coimbatore,≤100
132952406828601,NCS Group,These ads ran without a disclaimer,≤100
1683074371961376,Shmoozie's,These ads ran without a disclaimer,≤100
136186849766166,Lotus Herbals,These ads ran without a disclaimer,≤100
107395897271506,Kutumb,Swatantra Verma,≤100
394168494317389,MIT World Peace University,MIT World Peace University,≤100
174283119250672,Save the Children India,These ads ran without a disclaimer,≤100
783881145001898,Nirmal Kumar Surana,Nirmal Surana,≤100
1722943941261677,Dr.P.Saravanan,Dr.P.Saravanan,≤100
794376257583916,RTIbytes,Sureshkumar Jeyakumar,≤100
107725901457936,New Mother,Neelufer Mulla,≤100
1540228342938092,PGIM India Mutual Fund,These ads ran without a disclaimer,≤100
270666596375251,Jhatkaa.org,Jhatkaa.org,≤100
423670114403144,Trending in China,These ads ran without a disclaimer,≤100
15960887978,Taj Hotels,Taj Hotels,≤100
1692626270993831,Sun Ramanathan,Mohamed Abdul Khader A,≤100
177782087266952,Alokinfotech,These ads ran without a disclaimer,≤100
117025045131315,3M Home Water Solutions,These ads ran without a disclaimer,≤100
123967917631163,HCG Oncology,These ads ran without a disclaimer,≤100
685707864866321,Lion Dr D.மோசஸ் ஜோஷ்வா,Mosses,≤100
122131984855152,Dr. Debraj Shome,Dr. Debraj Shome,≤100
210251616112761,India Development Review,India Development Review,≤100
109354741887336,Youth For Udhay Anna,Youth For Udhay Anna,≤100
104062973021500,Sony Group - Global,These ads ran without a disclaimer,≤100
888268528001414,N.Venkate Gowda,Gogireddy Sai Vaibhav Reddy,≤100
104888181587151,CV Chandrashekar,CV Chandrashekar,≤100
479998865355592,Aditya Birla Group,These ads ran without a disclaimer,≤100
1568965503322927,Aacharya Vijay RatnaSunder Surishwarji,Aacharya Vijay RatnaSunder Surishwarji,≤100
243524299157863,Pushkar Singh Dhami,Pushkar Singh Dhami,≤100
411129449009589,K.C. Venugopal,K.C.Venugopal,≤100
321849925071414,Dr. Parthasarathi,P V Parthasarathi,≤100
101284198880936,The Unmute,Kamalpreet Singh,≤100
101883268426116,Kotla Kiran Kumar Reddy,Gogireddy Sai Vaibhav Reddy,≤100
105671775473178,Jan Suraaj,Jan Suraaj,≤100
1644165492504830,Ramoji Gowda,Ramoji Gowda,≤100
108689704852720,Mahalakshmi Sreenivas,Mahalakshmi Sreenivasulu,≤100
132689140088396,smilefoundation,smilefoundation,≤100
100549119644561,Jo Ram Ko Laye Hain Hum Unko Layenge 2023,Abinash Moharana,≤100
248431212597208,MP बोले फिर भाजपा,mp2023.com,≤100
679189842239199,Shyaway.com,These ads ran without a disclaimer,≤100
605390272841833,Shrirang Appa Barne,Abhay Balu Ahire,≤100
100411841582056,Microgravity India,These ads ran without a disclaimer,≤100
1783001841927248,Nutan Odisha,Niti Pollsters Private Limited,≤100
100412372766936,RevSportz,These ads ran without a disclaimer,≤100
104052753400618,Union Bank of India,Goldmine Advertising Limited,≤100
150727778825020,Mobius Foundation,Mobius Foundation,≤100
184278081698180,Ashok Gehlot,Ashok Gehlot,≤100
101531512880270,Air Aware Bengaluru,Sushanth Bv,≤100
449945121742046,Ravi Kumar Yadav,Venkata Satish Chandu,≤100
276512419511205,Kathi Karthika,Policy Briefcase,≤100
102218576103904,Badlaav ki Aandhi Priyanka Gandhi,Badlaav Ki Aandhi Priyanka Gandhi,≤100
41528496189,Fibre2Fashion,These ads ran without a disclaimer,≤100
104309177982140,Mummaworld.com - Learning Dino,These ads ran without a disclaimer,≤100
854749571366180,Silpa Ravi Reddy,Ravi Chandra Kishore Reddy Singareddy,≤100
148931718592314,Tarun Chugh,Adv Tech,≤100
294778010636181,Naraparaju Ramchander Rao,Venkata Satish Chandu,≤100
2120812628057659,B N Manjunatha Reddy,Mangalore Amogha Rahul,≤100
161234301090409,K Shivaramu,Right Media Tech,≤100
102032105157546,Jai Inder Kaur,Romanchit,≤100
746568209028564,Dr. Basu Eye Hospital,Dr. Basu Eye Hospital,≤100
368711743295207,General Knowledge From Current Affairs,These ads ran without a disclaimer,≤100
121151934647432,"We, The People Abhiyan",These ads ran without a disclaimer,≤100
103251851710926,Akula Srivani,Anjan Kumar Akula,≤100
1418673848396428,H D Kumaraswamy,Pancharatnayojane,≤100
112202337794471,Global Middas Foundation - Charitable Organization,GLOBAL MIDDAS FOUNDATION,≤100
959860307481002,Kasu Mahesh Reddy,Thulasiram Banduchode,≤100
408255699307921,Dr. Manoj Rajoria,Saurabh Saini,≤100
537021156329658,Sukhbir Singh Jaunapuria,Pankaj Sharma,≤100
241940555912671,Chandigarh University,Chandigarh University,≤100
1785302198354679,Dr. Somendra Tomar,Somendra Singh,≤100
102733927942176,A M Praveen Kumar,Extricate Strategies,≤100
165714096933078,Piyush Goyal,Piyush Goyal,≤100
102822679137454,Shaktirath Singh “शक्ति”,Shaktirath Singh “शक्ति”,≤100
104311631954217,Pharma Simplified,Dawa Charcha,≤100
155031721851089,Physis,These ads ran without a disclaimer,≤100
444000972398140,Dr. Ajay Dharam Singh,Ramkishan Singh Maninder Singh,≤100
106527322327055,WIPE - Women in Private Equity and Enterprise by Radically Yours,These ads ran without a disclaimer,≤100
1206646549409937,Vasanthi Motors - Hero,These ads ran without a disclaimer,≤100
108531050841926,Shanu Yadav,Shanu Yadav,≤100
1689373261361383,Saurabh Bahuguna,Raj Singh,≤100
328392384265218,Hasmukh Gehlot,Hasmukh Mohanlal Gehlot,≤100
106863140858330,Munendra kumar,Eshwar Deepak,≤100
118313257859573,Make it Social,These ads ran without a disclaimer,≤100
100195048804779,KRJ Bharath,Gogireddy Sai Vaibhav Reddy,≤100
102861739422105,Kuldeep Rai Sharma,Policy Briefcase,≤100
157300124326821,Arlak Biotech,Swati Dhiman,≤100
108861325372008,Bharat Bhagya Vidhata,BharatBhagyaVidhata,≤100
1746739395647533,Piraimedai Tamil Fortnightly  - பிறைமேடை மாதமிருமுறை,Pirai Medai Tamil Fortnightly,≤100
112702190274060,Cummins India,These ads ran without a disclaimer,≤100
1790684457882664,Miniklub.in,These ads ran without a disclaimer,≤100
103525808037377,Bhavsar & Mehta & Co.,These ads ran without a disclaimer,≤100
100666222424129,Vider.India,These ads ran without a disclaimer,≤100
260905593926582,Viraj Profiles Pvt.,These ads ran without a disclaimer,≤100
1626663520906810,NbliK,Abhishek Yadav,≤100
1924627484438235,Arlak Ayurveda,Swati Dhiman,≤100
101713962007976,Amrit Mahotsav,Amrit Mahotsav,≤100
430864437043861,D K Brijesh,Devassia Brijeshdkaithakkal,≤100
1479103082361100,"Swachh Bharat Mission, India",Prashant Kumar,≤100
224618077692752,Sanjay Tandon,Saraansh Tandon,≤100
104736419210593,PACE INDIA,PACE - PET PACKAGING ASSOCIATION FOR CLEAN ENVIRONMENT,≤100
100395976277072,Surjakumar Okram,Rupali Deb,≤100
111412713935321,Atul Kumar kushwaha,Vikas Kumar Singh,≤100
102447714973094,Yusuf Salahuddin,Yusuf Salahuddin,≤100
187873361569866,Nand Ghar,Aman Prakash,≤100
217033208370813,Sree Ramaseva Mandali-B'lore,Sree Ramaseva Mandali-B'lore,≤100
102972421575302,Online Manipal,These ads ran without a disclaimer,≤100
168340283369722,Vaddepally Rajeshwar Rao,Vaddepally Rajeshwar Rao,≤100
695738973874352,Dr. Sumer Singh Solanki,Sumer Singh Solanki,≤100
107393777770152,The Unbottle Co,These ads ran without a disclaimer,≤100
218135701590915,Little NAP Recliners,These ads ran without a disclaimer,≤100
1990248287670848,Shashank Mani शशांक मणि,Shashank Mani,≤100
105113159164069,Panchayat,Panamaram,≤100
671435682945456,Katepally Janardhan Reddy,Katepally Janardhan Reddy,≤100
100236283005200,Perika Suresh,Vijay Kumar Tapadia,≤100
100196004828444,North Eastern Council,Sourabh Arvind Dubey,≤100
111419338439620,Congress Mukt BTM,Congress Mukt BTM,≤100
108425142034661,Murali Mohan,Sourabh Tirpude,≤100
110115671863420,Kacche Din,Kacche Din,≤100
104633612411419,Dr Samir Kagalkar,Dr Samir Kagalkar,≤100
111063725259541,Wapp.india,These ads ran without a disclaimer,≤100
157411781636662,Hoodi Vijaykumar,Sharva Creative Communications,≤100
112061804808512,Sports Development Authority of Bihar - SDAB,Ajit Kumar,≤100
186199704897466,RD Foundation,RD Foundation,≤100
100711749611083,Bharat Kaushik,Bharat Bhushan,≤100
660476430787331,Gaurav Pandhi,Gaurav Pandhi,≤100
418953654897992,Jitender Gothwal,Ritik Keer,≤100
113728284984635,E Mudra Loan,Anoop Kumar Pandey,≤100
709606105909237,Human & Environment Alliance League - HEAL,Human & Environment Alliance League - HEAL,≤100
219184559533331,Buyofuel,These ads ran without a disclaimer,≤100
105639675111198,Whey91_Official,These ads ran without a disclaimer,≤100
1932900346831325,Rajesh D Sanghvi,Rajesh Dineshchandra Sanghvi,≤100
103249462660090,TH Suresh Babu,Bharath Raj,≤100
105978524767243,ರಾಷ್ಟ್ರೀಯ ಪಕ್ಷಗಳ ಮುಕ್ತ ಕರ್ನಾಟಕ,ರಾಷ್ಟ್ರೀಯ ಪಕ್ಷಗಳ ಮುಕ್ತ ಕರ್ನಾಟಕ,≤100
108437191907485,Replanet,Prabhindar Singh Chopra,≤100
918414611597115,Amar Prasad Reddy,Venkata Satish Chandu,≤100
521008221441347,Agri Expo India,Yuva Udaan Events Pvt. Ltd,≤100
273392482699081,Rajendra Patni,Gyayak Patni,≤100
252791995383178,Maharashtra Multimedia Communications,Shubhada Ashish Joshi,≤100
105694514269834,North Eastern Region Community Resource Management Society,Shrinivas Ravichandran Nadar,≤100
108860051538355,Shafique Siddiqui Vice President BJYM Azamgarh,Shafique Siddiqui Vice President BJYM Azamgarh,≤100
101844256028543,Chowkhat Handicraft,These ads ran without a disclaimer,≤100
103785075551716,a.alkatheeri9,These ads ran without a disclaimer,≤100
100349413001872,Online Loan Solution,Govind Panda,≤100
1391594011090819,V6 Velugu,V6 Velugu,≤100
846994962145905,Manoj Kumar Aggarwal,Durga Kumari,≤100
112362265062763,Awangbow Newmai,Rupali Deb,≤100
100416252923919,Lalrinsanga Ralte,Rupali Deb,≤100
2338311123088065,Dhirendra Singh Chouhan,Manoj,≤100
216866248367067,FLAME University,These ads ran without a disclaimer,≤100
611229999287106,Hanuman Choudhary,Kapil Chaudhary,≤100
696662543693222,Manjunath Rajajinagar,Manjunatha,≤100
105866742441036,E Mudra Loan,Govind Panda,≤100
123900254903525,Rahul Singh Lodhi,Rahul Singh Lodhi,≤100
197265050306242,Iris Home Fragrances,These ads ran without a disclaimer,≤100
104467255679121,Vinay Sharma,Deepnarayan Chaubey,≤100
100579492974806,गरीबों का मोदी,Abinash Moharana,≤100
102275329396663,GS Shyam,Shyam Gollarahally Siddappa,≤100
184848438961199,Surya Singh,Surya Singh,≤100
201297423396745,Rajendra Agarwal,Ishan Agarwal,≤100
352150271968224,Namma Bengaluru ನಮ್ಮ ಬೆಂಗಳೂರು,Shankargouda Biradar,≤100
367693910079524,Mohit Jaswant Yadav Page,Mohit Yadav,≤100
1783001841927248,Nutan Odisha,Cloud & Loud Communications,≤100
103242568933744,भारत विकास,Akash Deep,≤100
103505695608114,Uday Nagaraju,Uday Nagaraju,≤100
107538390972980,झारखंड प्रदेश यादव महासभा,Bajrangi Prasad Yadav,≤100
111560924353656,Swetha Reddy,Rajendra Reddy Bhuvanagiri,≤100
116458781310492,Abhiram Singh,Abhiram Singh,≤100
1395097470761321,Vanga Madhusudhan Reddy,Gogireddy Sai Vaibhav Reddy,≤100
100684609345673,म्हारा छोरा,adv-tech,≤100
107567597838557,Dr CM Rajesh Gowda,Nagendra H N,≤100
113858681342028,Dr. Anjali Yadav,Shiv Charan,≤100
162115051234970,Dharmendra Singh Lodhi mla,Dharmendra Singh Lodhi,≤100
501312639983943,Manish Jaiswal,manishjaiswalbjp,≤100
101613628900010,Smartway Wellness Pvt. Ltd.,Bhoomi Harendra Mistry,≤100
219588748935061,Sandeep Pandey,sandesh foundation,≤100
235746856771965,HVP Mandal,HVP Mandal,≤100
256050398281355,MD Chopdar,WEBTIX,≤100
622273587868168,Yogesh amana Art,These ads ran without a disclaimer,≤100
213347729571490,Brown Boy Fitness,Brown Boy Fitness,≤100
113073133805731,Desh Ki Baat Foundation,Krishna Kumar Yadav,≤100
107439455509200,R. K. Singh Fan Club,Abhishek Pathak,≤100
1955301821451552,Abhishek Dutta,Abhishek Dutta,≤100
113121360397048,Rajeev Khandelwal,Rajnarayan Gurjar,≤100
105383831072709,Rachana Sankool,These ads ran without a disclaimer,≤100
103261078360140,Rahul Singh Pathania,Rahul Singh Pathania,≤100
101538858448134,The Summer News,The Summer News,≤100
727427564040622,Ayush Choudhary,Ayush Choudhary,≤100
378809075644524,Kuvera,These ads ran without a disclaimer,≤100
113547448334699,Online E Mudra Loan,Ramlakhan Basor,≤100
106359325670763,Mimi Majumder,Rupali Deb,≤100
115017898127517,Mayanglambam Rameshwar Singh,Rupali Deb,≤100
100407521375775,Wings For Dreams,Wings For Dreams,≤100
231167140371342,Kanhaiya Lal Choudhary,Raghunandan Sharma,≤100
1993061170931986,Annapurna Devi,Annapurna Devi,≤100
103207392085077,JP Valluru,Anshika Srivastava,≤100
415332588877399,Banda Karthika Reddy,Chandra Reddy Banda,≤100
1532704483670132,NORAT SINGH SODHA,Norat Singh,≤100
108015368279979,Solh Wellness,Omlogic consulting pvt. ltd.,≤100
108209555020383,B somashekar,RMT,≤100
102091768921733,Ashok dubey bjp,Prashant Mahton,≤100
217210975073290,Laxmi Narayan Dave,Laxmi Narayan Dave,≤100
246558505475210,Bala Ram Choudhary,Mukesh Choudhary,≤100
263560423714979,Dr. Mahesh Sharma,Subham Singh,≤100
441249902634004,Baba Siddique,Baba Siddique,≤100
101336485851893,Dr Hanuman Barala,Dr Hanuman Barala,≤100
533269740489273,Shivbhagwan Naga,Shivbhagwan Naga,≤100
2238940452991193,Santosh Pandey,Kunal Jitendra Ajmera,≤100
2159484957646626,Mahant Daleep Rawat,Daleep,≤100
104225119195511,K Pachhunga,Rupali Deb,≤100
139429406230702,Kumaraswamy for CM,Kumaraswamy for CM,≤100
102161316097062,Ngursanglur Sanate,Rupali Deb,≤100
109022618722480,Prof. Nasir Ahmed,Prof. Nasir Ahmed,≤100
168091043932538,Digital Chanakya,PSST Digital Intiatives Pvt Ltd,≤100
145235542494307,Vivek Thakur,Vivek Thakur,≤100
356324884704387,Beeram Harshavardhan Reddy,Balakrishna Reddy Billa,≤100
112481673891034,CA Suresh Jha,Pranav Laltuna Sada,≤100
106398618060114,Jayashankar S,Jayashankar S,≤100
1220781117931897,కిరణ్ దశరన్న మట్టెగుంట,Kiran Dasaranna Mattegunta,≤100
385303288239154,Raghuveer Singh Tanwar,Raghuveer Singh Tanwar,≤100
144655000779272,"Bihar State Pollution Control Board, Govt. of Bihar","Bihar State Pollution Control Board, Govt. of Bihar",≤100
104608420351410,Puspendra Chandrakar,Pushpendra Kumar Chandrakar,≤100
994578073995343,B. L. Verma,Sourabh Arvind Dubey,≤100
263613904560987,Parveen Narang,Aftab Khan,≤100
138927162813391,Dailyhunt,Verse Innovation Pvt. Ltd.,≤100
154161255255794,Gyaneshwar Patil,Rajnarayan Gurjar,≤100
164975610194525,Cordlife India,These ads ran without a disclaimer,≤100
268437163351102,Saurabh Srivastava,Saurabh Srivastava,≤100
1696518780601167,Mahendra Chandwa,Mahendra Chandwa,≤100
140202173137474,And Business Consulting,These ads ran without a disclaimer,≤100
100343995738175,Ekta Jana Seva Foundation,Ekta Jana Seva Foundation,≤100
102328835883327,Dr. Vijay Singh,These ads ran without a disclaimer,≤100
110287198523943,Impaac Foundation,Impaac Foundation,≤100
115373994829685,brijesh_kumar_1013,These ads ran without a disclaimer,≤100
761826677309909,Bhupinder Lather,Book My Promo,≤100
1088373891289696,Kamal yadav,Akash Singh,≤100
2078242259060363,Kukufm,Mohana Saha,≤100
112235955092799,Political360,Political360 media india private lmited,≤100
1799519200160117,Jugaadkings.com,jugaadkings.com,≤100
863961040416615,Punit Verma पूर्व उपाध्यक्ष विश्व हिन्दू परिषद् काशी प्रान्त,Punit Varma,≤100
1706371292942156,"Ministry of Development of North Eastern Region, Government of India",Arshad Ali,≤100
811330598995413,Jagadeesh Gudagunti,Jagadeesh Gudagunti,≤100
108317665490916,Satyen Srivastava,Naveen Singhal,≤100
342300295978073,Syed Afzal Abbas,Syed Afzal Abbas,≤100
102899812612791,Govind Agarwal BJP,Govind Agarwal BJP,≤100
102465501806712,Gunnala Sunithakka Sena,Gunnala Sunithakka Sena,≤100
423874327718687,Vikas Bhagat Fans Page,Sandeep Mishra,≤100
203795313615859,PDTV News,Sandeep Gowda Undrakonda,≤100
345702226193796,Premshankar Verma,Harsh Verma,≤100
2564644760228938,Pooja Kushwah,Pooja Kushwah,≤100
381937732180611,Vineet Joshi,Vineet Joshi,≤100
352593468214833,Education Promotion Society for India,Yogesh Saini,≤100
346967155652729,Rajveer Diler,Kuldeep Sharma,≤100
107904105470394,Ankit Yadav,Ankit Yadav,≤100
2610079412396734,Amaresh Rai,Amaresh Kumar Rai,≤100
100613818243100,Catholic Congress Global,These ads ran without a disclaimer,≤100
390976557590103,I Support Narendra Modi,I Support Narendra Modi,≤100
113221617135066,Prerna Kalra,Prerna Kalra,≤100
1612012092202484,Bharat patwari,Bharat patwari,≤100
101934341160333,प्रमोद नाना भानगिरे - Pramod Nana Bhangire,Clearby Services,≤100
115235864830974,Kishan Mudgal,Bharat Kushwah,≤100
101313702138643,Krushna Harzani,Akash Singh,≤100
107792554485544,Dr. Amit Singh Chauhan,VC infotech,≤100
113607803769884,Nattasha Sharrma,Policy Briefcase,≤100
105762658743105,Deep Singh Vasuniya,Shiv Charan,≤100
107189835639934,Loan for You,Govind Panda,≤100
1039557042789139,BJP Dadra & Nagar Haveli,Ashish Natwarlal Patel,≤100
1360805680600676,Sandeep Kshirsagar,Yogesh Padmakarrao Pawar,≤100
107605562060427,वीरम सिंह जयसिंधर,Kalyan Singh,≤100
506145529845123,Dilip Yadav,Jeet Chakraborty,≤100
102578761614485,Saqlain Kamdar,Saqlain Kamdar,≤100
105629428970283,Raija Solar,Raija Solar,≤100
102712881523288,Hind Sena,These ads ran without a disclaimer,≤100
292216604197270,Harsh Sanghavi,Piyush Mantri,≤100
108628652173343,Ravish Singh,Radha Singh,≤100
1613686538669654,Ashok Singhal Foundation,Digital Xplode,≤100
102342075797132,Anoop Iyengar,Nataraja,≤100
108398621726694,GlobalSpa_middleeast,These ads ran without a disclaimer,≤100
1564966120481604,Amit Rakshit,Amit Rakshit,≤100
444275075662411,Dalu Ram Chahar,Dalu Ram Chahar,≤100
104314642271616,Rambir yadav,Rambir Yadav,≤100
2099069337029687,Devendra Pareek,Ganesh Thapa,≤100
1701369040086950,ANIL JAIN MLA,Arjun Sharma,≤100
107274558979879,Radha singh,These ads ran without a disclaimer,≤100
111654838334899,सीताराम पोखरियाल,Akash Singh,≤100
1475773509416144,Shakeel Ahmed,Engitech Media,≤100
428195107700138,Rajan Navani,These ads ran without a disclaimer,≤100
105331745445757,Omprakash Khichar Advocate,Rohit Githala,≤100
520532458072812,Prerna Samsher Warpudkar,Rajratan Baburao Gore,≤100
100240102800860,डॉ. शिव मोहन सिंह,International Centre for Stem Cells Cancer and Biotechnology,≤100
102325429272140,AITC Debasish Mukherjee,Arpan Saha,≤100
615440561843630,Pusp Jain,Bharat P. Talaisha,≤100
106456887722695,Adesh Yadav BJP,Anil Kumar,≤100
985563114862975,ಮೋಹನ್ ದಾಸರಿ - Mohan Dasari,Mohan Dasari,≤100
129952997339452,Rajendra Maske,Rajendra Tukaram Maske,≤100
367432803594902,Suresh Gowda MLA,Suresh Gowda MLA,≤100
108394644823710,Sunil Gowda,Sunil Sun,≤100
21540067693,The Economic Times,These ads ran without a disclaimer,≤100
105940537995682,Deepesh Tandel,Bharatiya Janata Party,≤100
102497059315779,VVIP News,Punita Tyagi,≤100
101913964674756,Pramod yadav प्रमोद यादव,Rishi Kumar Yadav,≤100
100375818448482,Sandeep Singh मन्नू,Sandeep Kumar,≤100
108497578583588,Janpeace Live,Trishanu Kaushik,≤100
708844685796745,OP Choudhary,OP Choudhary,≤100
678803825664159,Kanta Sonwal,Prakash Jaiswal,≤100
103691661472274,Duryodhan Aihole,Duryodhan Aihole,≤100
100381598277258,Ashutosh dwivedi,Suraj Kaul,≤100
140624336584770,Yogender Pal Singh Champawat,Akash Singh,≤100
475898282465005,Dr K Laxman,Vijay Kumar Tapadia,≤100
767805023307544,Santosh Kumar Singh BJP,Akash Singh,≤100
100195662912820,Pranam Commission,Pranam Commission,≤100
350880081913337,Sahdev Salaria,Rajesh Jaswal,≤100
617711705242584,Khabarwaale Tv,Parminder Singh Jatpuri,≤100
182600871930746,Sujata Paul - India First,Sujata Paul,≤100
271711770069401,सुरेश धाकड़ राठखेड़ा,Gajendra Verma,≤100
119511221079213,Ashish Sharma MLA,Rajnarayan Gurjar,≤100
110540565228341,Ganguly H Kurabathalli,Ganguly H Kurubathalli,≤100
105180145774388,Femmeza,These ads ran without a disclaimer,≤100
180923642056165,Meghna Sakore Bordikar,Meghna Sakore Bordikar,≤100
103041106038822,नरेन्द्र सिंह चौहान बजरंगपुर,नरेन्द्र सिंह चौहान बजरंगपुर,≤100
643001122724792,Shambhu Kumar,Punit Kumar Pandav,≤100
816288898474925,Naresh Pareek,Pawan Kumar Sharma,≤100
962196203794480,Aditya Chauhan BJP,Ankit Pandey,≤100
104765761522667,Pankaj Dawar,The Social Prachar,≤100
104397186339868,InterSmart,These ads ran without a disclaimer,≤100
102112998968049,भाषण कला स्पेशल,Pavankumar Dadasaheb Jadhav,≤100
105352618893717,Shankar yadav,Shankar yadav,≤100
1978240835728263,Virendra Sharma Hawamahal,Pawan Kumar Sharma,≤100
106437932189823,Cement Manju,Cement Manju,≤100
126455024584757,Randeep Singh Deol,Randeep Singh,≤100
295405070641302,Balraj Kundu,Pankaj Sharma,≤100
135090504015774,Mahendra Bajroliya,Mahendra Bajroliya,≤100
204349792928062,Buddy4Study,These ads ran without a disclaimer,≤100
101179881943650,Gabbar Singh Ahir,Khushahal Tailor,≤100
2095140507231761,Valluru Jayaprakash Narayana,Anshika Srivastava,≤100
416058801922933,Bharat News,Bharat News,≤100
361031561139301,Rakesh Jangir,Saurabh Singh,≤100
236500783397189,Kamlesh Paswan,Kamlesh Paswan,≤100
739221966159227,Rajesh Singh,Adv Tech,≤100
112816070484196,Saurabh Srivastava,Saurabh Srivastava,≤100
1677371689251351,Manoj Parkhe - मनोज अंबादास पारखे,Manoj Ambadas Parkhe,≤100
107081225202487,Dr.Anil Dabbu,Unikudos Software,≤100
1397767487148044,Jaidatta Kshirsagar,Jaydatta Sonajirao Kshirsagar,≤100
135657743788459,Amit Chauhan,Amit Kumar,≤100
104541292521221,पंडित रमेश शर्मा,Saurabh Tyagi,≤100
1806741026226045,Ramawatar Bijarnia,Narendra Singh Pachar,≤100
321228061382932,Pt. Shekhar Dixit,Websofy Software Private Limited,≤100
269174147050795,महेंद्र सिंह किरार सामरसिंगा,Nitin Raghuwanshi,≤100
101049992872950,travel_lifetimememories,These ads ran without a disclaimer,≤100
426854497508656,Dr.Phoolchand Bhinda,Phool Chand Bhinda,≤100
109546308136398,Sankar Dutta - শংকর দত্ত,Bholanath Dey,≤100
110847490543428,Vipul Kumar Salwan,Vipul Kumar Salwan,≤100
110918958196244,Rajasthan Government Health Scheme - RGHS,Rajasthan Government Health Scheme - RGHS,≤100
107946518029943,Sheelu Sahu,Naveen Singhal,≤100
108115461913033,Shubham Mishra,Arun Pratap Singh,≤100
1692446997478851,Divy Trivedi,Vikas Acharya,≤100
100935642733964,Hindi Khabar Digital,The Narrative Builders,≤100
1802087953245529,Pavan Singh Rajput,Prakhar Kashyap Singh,≤100
294583687875244,MLA PahadSingh Kannoje,ANUBHAV JAIN1,≤100
108003928610605,Brahma Nand Shukla,Brahma Nand Shukla,≤100
101460484949823,Ajeet Singh,Ajeet Singh,≤100
100404872215907,Rishabh,Rishabh,≤100
1493467387573959,Ghulam Nabi Azad,Ghulam Nabi Azad,≤100
102838152104730,Bjp kisan Morcha punjab,Ashish Soni,≤100
153896938152738,Dr Rutvij Patel,Rutvij Manuprasad Patel,≤100
105657368688353,Bharat Express,Akash Deep,≤100
103248392086937,Suchna Tantra News,Yatendra Sukla,≤100
103088902327676,Dwarka Kunj,Rahul Tiwari,≤100
924791427628665,Sunil Kelanka,Shivendra Shailendra Tiwari,≤100
102128646145056,sardaara_fitness,These ads ran without a disclaimer,≤100
1856387094424590,Muthumula AshokReddy,Social Grow Company,≤100
699466793560864,Natcharaju Venkata Subhash,Venkata Satish Chandu,≤100
108211722220637,al_mallus_bookshelf,These ads ran without a disclaimer,≤100
102010991748513,Ashish Patel,Ashish Natwarlal Patel,≤100
1002191723202473,Suresh Sindal,Suresh Kumar Sindal,≤100
2238647176463048,Dr.Vijender Singh,Anshul Kumar Gupta,≤100
1645091929119301,Satyendra Pratap Shiva,Dharmendra Chhonkar,≤100
643216342792266,দেবাশিস পণ্ডা ভারতীয় Debasis Panda Bhartiya West Bengal,Debasis Panda,≤100
102829916073446,Vikas Bhagat,Sandeep Mishra,≤100
114142491616490,Hanuman Sahay Gurjar,Indra Kumar Chopra,≤100
250007248502240,Golu Shukla,Modi For PM Organization,≤100
981603711956127,Abdul Hafiz Malik,brandprogrammer,≤100
340810413198832,Anand Raj BJP,Anand Raj BJP,≤100
102643838573054,Badam Devi Verma,Bhagwan Sahai Shyoran,≤100
1336863726383886,Gopal Lal Sharma,Ganesh Thapa,≤100
105354058906524,Bjp Shekhar Sharma,Shekhar Sharma,≤100
220333908099821,Aam Aadmi Party Karnataka,Aam Aadmi Party Karnataka,≤100
113665268317379,Mukesh Yadav Official,Mukesh Yadav,≤100
105870244728334,Lalit Batra,Lalit Batra,≤100
100213031652030,Galreddy Harshavardhan Reddy,Vinay Kumar Korvi,≤100
106256564506749,Tarun Devi Das,Tarun,≤100
103292795931731,Students Union All India,Akash Singh,≤100
1995696064081964,Patricia Dsouza - Author Page,These ads ran without a disclaimer,≤100
107473064161103,माता-पिता से निवेदन,Ranjna Jhalani,≤100
100614352313120,Ajeet Singh Sengar,Ashish Sharma,≤100
100902906248090,Kamlendra Nath Mishra,These ads ran without a disclaimer,≤100
102983308949343,Binod jaiswal,Vibhav Pandey,≤100
113649153374836,Sudhir Singla BJP,Sudhir Kumar Singla,≤100
107378771853942,Vedram Manhare,The VoloPV,≤100
2127650910642777,IndiaGram News,IndiaGram News,≤100
100335885275656,Mahendra Pal Meena,Mahendra Pal Meena,≤100
361031561139301,Rakesh Jangir,Rajesh Kumar,≤100
181032549148843,Dr. Ashwathnarayan Fan Club,Vinay Simha Krishna,≤100
111872195073358,Kusum Sharma - Mona,Vcsmedia,≤100
747930775373319,Saral Patel,Saral Patel,≤100
105999155405710,Pandit Avadh Sharma,Pawan Kumar Sharma,≤100
100417006046204,Nayan Kumar,Nayan Kumar,≤100
103205695784211,Vandana Verma,Vandana Verma,≤100
104831868860974,Narender Ghintala,Webtix,≤100
101719745754840,Business Guru Bharat,Akash Deep,≤100
171538063001636,Global Punjab TV,Navdeep Singh,≤100
1171462299729165,Sandeep Singh Deswal,Navdeep Sehrawat,≤100
547354238619670,Dr. Ashwath Narayan,Vijay S,≤100
1802523420012948,Pratap Singh Khachariyawas,Anirudh Sharma,≤100
367203836657399,Rajendra Singh Surpura,Ganesh Thapa,≤100
1039645596180373,Lucky Sandhu,Sarvotam Singh Sarvotam Singh,≤100
109986065209042,Mera Apna Rahul,MeraApnaRahul,≤100
105515161411695,Pankaj Singla,Anil Kumar,≤100
132859090587882,Surajit Datta,Surajit Datta,≤100
109027442133819,Dr. Sanjay Singh,Naveen Singhal,≤100
265152580803589,Naringaram Patel nimbawas,Naringaram Patel nimbawas,≤100
102106021886833,A K Sharma,Harish Sahrawat,≤100
108536391949423,जनसेवक मंच,Pankaj Sharma,≤100
354210368277318,Diwan Singh Bisht MLA,Sandeep Bhardwaj,≤100
106226464955442,arjunvajpai,These ads ran without a disclaimer,≤100
102112294844241,Hemlata Diwakar Kushwaha,Puneet Kumar Singh,≤100
417247731954593,सौ.ममता घनश्याम डुकरे,These ads ran without a disclaimer,≤100
1003634343005791,Aanand Shukla - आनन्द शुक्ला,Arun Pratap Singh,≤100
102661499239482,Dattatraya Jeughale,Dattatraya Devrao Jeughale,≤100
476149585761791,Maharaja Tea,Pankaj Kumar Pal,≤100
222719048656244,Ved Prakash Ojha  IMC,Vivek Vashisth,≤100
196338294250820,Rohit Gangwal,Modi For PM Organisation,≤100
854256021383031,Vinod Sevan Lal Chandrakar,Tukesh Kumar Ratre,≤100
172182742974160,Chunni Lal Sahu,Chunni Lal Sahu,≤100
145554128849446,Chintala Ramachandra Reddy,Gogireddy Sai Vaibhav Reddy,≤100
114376454921505,Shakku Akka For Puttur,Vinay Raveendra Wandakar,≤100
106250808734383,Avnish Singh Chauhan 'Lovey',Avnish Singh,≤100
108277651597929,Talwandi Sabo Power Limited,These ads ran without a disclaimer,≤100
106567158347049,प्रमुख समाचार,Niraj Pandey,≤100
100800439394003,callme.emaanx,These ads ran without a disclaimer,≤100
107402695635639,Old Coin company,These ads ran without a disclaimer,≤100
802311956513987,Rahul Singh,Rahul Singh,≤100
1408837089361736,Banappagari Venkat reddy,Banappagari Naren Sai Reddy,≤100
825870624112435,Ramesh Chandra Ratn,Arun Sharma,≤100
565714670143123,Ashok Saini,Engitech Media,≤100
108595070796105,Sandeep Kumar,Sandeep Kumar,≤100
109830814975379,Raghu Parmar,Rinkesh Namdev,≤100
106806095100566,Abhishek Jain inc,Abhishek Jain,≤100
102323545504609,Rama Devi Chopra,Rama Devi Chopra,≤100
108432861353908,Karan Singh Yadav,Mukesh Kumar Yadav,≤100
576896915784923,Utsavaa,These ads ran without a disclaimer,≤100
1704806346480363,Kuch Kahoon khabrien,Lalit Sharma,≤100
515733388449554,Sunil Parihar,Divyesh Parihar,≤100
380461045695745,N. Lokesh Gowda,Kolala Siddalingappa Rakesh,≤100
112299140114374,Narendra Singh,Arun Pratap Singh,≤100
108513183949853,Pankaj maharaj,These ads ran without a disclaimer,≤100
1500618546892847,Dr. Vikas Bamaniya,Abhay Singh Rao,≤100
1806466166242152,Rahul Raj Rastogi,Chetan Singh Kanyal,≤100
1554353774598890,Paini khabar,Deepnarayan Chaubey,≤100
279484519067006,Anil Chopra,Ganesh Thapa,≤100
118325007817745,city_of_peacocks_morbi,These ads ran without a disclaimer,≤100
708994425878702,Sandeep Namdev BJP,Sandeep Namdev,≤100
108159201571035,अरविन्द जायसवाल,Avadesh  Kumar,≤100
445459465661222,Uma Shankar Singh,Ankaj Tiwari,≤100
678876002499539,Mohd Shamim Khan,Shamim Khan,≤100
107511663983805,Dipankar Ojha,Dipankar Ojha,≤100
613967225429021,T N Javarayi Gowda,T N Javarayi Gowda,≤100
444825485952597,John.,Vikram Singh John,≤100
108828628393591,Lakshay Chauhan,Akash Singh,≤100
168728359825851,HDFC ERGO General Insurance Company Limited,These ads ran without a disclaimer,≤100
667862236707254,Rohit Kumar Singh,Arshad Ansari,≤100
263901690694136,Akshay Sharma,Rahul Kumar Srivastava,≤100
118552134469003,Raju Batham Official,Raju Batham,≤100
108698488368474,Shankar Jagtap,Nilesh Ramchandra Hadmode,≤100
1181211801943489,Vishnu Dayal Ram,Nisant Kumar,≤100
104740548657079,Mohd Sarwar Malik,Mohammad Sarwar Malik,≤100
615208592257679,गीगराज जोडली-आजाद विद्रोही,These ads ran without a disclaimer,≤100
105792038576481,Riyaz Azmi,Riyaz Azmi,≤100
103402705232572,Madhvi hans Special Achievers,These ads ran without a disclaimer,≤100
349273359078396,Rameshappa Karad,Ajay Arjun Daund,≤100
110676871419760,Ujjwal Gupta,Ujjwal Gupta,≤100
104906762435622,narendra_mbjp,These ads ran without a disclaimer,≤100
106163284605046,Sanjay Singh,Sanjay Singh,≤100
113101774385787,Avinash Kale,Pavan Laxmanrao Bhalerao,≤100
201156146959026,Mohinder Bhagat,Mohinder Paul,≤100
107148595058269,Adv Harita Mehta,Sandeep Kumar Rana,≤100
1757441471197224,Hardik Patel,Hardik Patel,≤100
245675895557121,Pawan Goyal,Pawan Kumar Sharma,≤100
130994500303595,Image Consulting Business Institute,These ads ran without a disclaimer,≤100
107626955467419,Avichal Shukla,Filmitics,≤100
106261054498841,Advocate Rajat Bhargava,Rajat Bhargava,≤100
100423322637137,Kawasi lakhma,Dhaval Kumar Jain,≤100
364476590604680,SuryaSamachar,Ajit Kumar,≤100
102879248354102,Durgesh Pratap jaiswal Bjp,Kuldeep,≤100
103964990974858,Ashok Singh,These ads ran without a disclaimer,≤100
114001724618135,SB News 24x7 Hindi National News Channel,These ads ran without a disclaimer,≤100
107605957856546,Narendra Yadav,Narendra Yadav,≤100
108865204234994,NonStop Hindi,Dhirendra Kumar,≤100
2025252410936193,Shivaendra Pratap Singh,Shivendra Singh,≤100
300617407296261,Mohd Hassan Roomi,MOHAM‍MAD DANISH,≤100
107973687363774,अमित चौहान प्रधान भरतपुर,Sumit Chauhan,≤100
285575245349725,"Hemanga Thakuria,MLA Assam","Hemanga Thakuria,MLA Assam",≤100
132806813793938,Paramjit Singh Sarna,Harjap Singh Dhingra,≤100
103994709285625,"नटराज कंपनी होम वर्क जॉब सैलरी 30,000 एडवांस 15000",These ads ran without a disclaimer,≤100
453871308155116,I Support Sanjay Saraogi,I Support Sanjay Saraogi,≤100
113736628186529,"भीती नाही कशाची, भाजपा तुमच्या पाठीशी",Mahesh Dattatray Bhendekar,≤100
100366996109057,Er Manoj Kumar patel,Er Manoj Kumar patel,≤100
817607004928968,Narendra Shivaji Patel,Narendra Singh Patel,≤100
109916533853207,AMIT KUMAR SINGH,Akash Singh,≤100
183176388540530,Manish Yadav,Manish Yadav,≤100
108234781580956,Inderjeet Yadav,Royal Digitech,≤100
145703105530196,Brahmachari Chaitanyanand Ji,Prashant Gupta,≤100
105204212318298,हिंदू राष्ट्र निर्माण,These ads ran without a disclaimer,≤100
105813284380310,Dee4unews,Deepak Kumar Bhandari,≤100
472844082918408,Atik Kapadia,Krunal Ravindra Dalvi,≤100
269442696723658,Kuldeep kumar 'Deep kamboj Malukpura',Kuldeep Kumar,≤100
106825905031150,"Nagar Palika Parishad, Hapur",Nitin Kumar,≤100
110950994967965,manjotsinghkooner,These ads ran without a disclaimer,≤100
278423842321236,BJP Rajasthan,Bharatiya Janata Party (BJP),≤100
116997354325105,Wg Cdr Anuma Acharya,Wg Cdr Anuma Acharya,≤100
864391150326989,Vishal Singh Chanchal,Prakhar Kashyap Singh,≤100
100757442269300,Devkaran Gurjar,Dev Karan Gurjar,≤100
100499375752339,आपला शेखर शेरे - Shekhar Shere,Daulat Hemant Meher,≤100
102156998734693,Desi Treat,These ads ran without a disclaimer,≤100
108812662139072,jaypalsinghkharat_bjp,These ads ran without a disclaimer,≤100
105530752376295,"Shiromani Akali Dal, Delhi Unit",Harjap Singh Dhingra,≤100
239920290089141,Punjab Now Hd,Amandeep Singh,≤100
105780364696110,Sudhir Reddy,Gogireddy Sai Vaibhav Reddy,≤100
148039562030208,सुशील आनंद शुक्ल संचार प्रमुख छत्तीसगढ़ कांग्रेस,Suraj Sharma,≤100
646254808827102,SunShell Power,These ads ran without a disclaimer,≤100
666124073514146,Anil Yadav,Anil Yadav,≤100
1966700650252559,Jitendra Sharma,Jitendra Kumar Sharma,≤100
446987405425898,Puranmal Ahir,These ads ran without a disclaimer,≤100
104441248861952,Neelam Aggarwal,Pankaj Sharma,≤100
1149375478489344,Harvinder Singh Sarna,Harjap Singh Dhingra,≤100
1651727365046605,Pukh Raj Parashar,Pukh Raj Parashar,≤100
110197854912974,Sonu Singh Garg,Pratik Garg,≤100
172479619923454,We Support Rajender Gujjar,These ads ran without a disclaimer,≤100
106732451990988,Ajay Nagariya,Ajay Nagriya,≤100
109276500691496,Chaman Ara,These ads ran without a disclaimer,≤100
107999948316591,Khema Ram Bana,These ads ran without a disclaimer,≤100
107350820743123,Er. Jai Abhishek,Jai Abhishek,≤100
104860424918954,दिल है हिन्दुस्तानी,Abhijit Kumar,≤100
703726259672921,BJP Telangana,Bharatiya Janata Party (BJP),≤100
116351624695848,Fact or Myth,These ads ran without a disclaimer,≤100
238446283511990,Hiralal Trivedi,These ads ran without a disclaimer,≤100
103983572995108,RoboForex,These ads ran without a disclaimer,≤100
112362201725202,The Native Media Pakistan,These ads ran without a disclaimer,≤100
1443067615925365,Anila Ali,These ads ran without a disclaimer,≤100
1395233794123208,Alice M. Baskous,These ads ran without a disclaimer,≤100
109075648746063,e_pic_artfusion,These ads ran without a disclaimer,≤100
351671375760473,The GCCA,These ads ran without a disclaimer,≤100
193394557345243,Devex,These ads ran without a disclaimer,≤100
106024940812657,Djembe Consultants,These ads ran without a disclaimer,≤100
439440096133537,Sick Noise,These ads ran without a disclaimer,≤100
111555955125120,腔调,These ads ran without a disclaimer,≤100
1661653867430320,Apijanaushadhi Generic Pharmacy,These ads ran without a disclaimer,≤100
271597909840843,Toronto Queer Film Festival,These ads ran without a disclaimer,≤100
2092924957605425,Solis,These ads ran without a disclaimer,≤100
133223738568337,BMC News LIVE,These ads ran without a disclaimer,≤100
471588412937411,GCB Bank PLC,These ads ran without a disclaimer,≤100
792504127533645,VfL Wolfsburg,These ads ran without a disclaimer,≤100
100456475979569,IQBAL FORUM,These ads ran without a disclaimer,≤100
180428105317060,Singapore Management University,These ads ran without a disclaimer,≤100
285530825204,Klitschko,These ads ran without a disclaimer,≤100
19746387261,Humane Society International,These ads ran without a disclaimer,≤100