﻿Page ID,Page name,Disclaimer,Amount spent (USD)
179916515749362,FIP - Փաստերի ստուգման հարթակ,Union of Informed Citizens NGO,≤100
386469311494240,Իրազեկ քաղաքացիների միավորում - Union of Informed Citizens,Union of Informed Citizens NGO,≤100
195018463901371,CivilNet,CivilNet,≤100
330537565808,Tert.am,Tert.am LLC,≤100
1281617518611911,Ясно,These ads ran without a disclaimer,≤100
817311921676211,ARARAT Brandy,These ads ran without a disclaimer,≤100
108837171601077,Վալոդյա Գրիգորյան/Valodya Grigoryan,Country to live party,≤100
1556481434584901,Paul Xavier,These ads ran without a disclaimer,≤100