﻿Page ID,Page name,Disclaimer,Amount spent (GTQ)
331961940541181,Partido Victoria,Partido Político Victoria,1631
142373979127061,Partido Unionista,Partido Unionista,327
100169482992019,Sebastián Arzú,Sebastián Arzú,191
106908785419555,Goberna Guatemala,Goberna,≤100
142556265766634,Guatemala Visible,Guatemala Visible,≤100
109189810962889,Comunidad Elefante,Shorik Yann Mejia Blanco,≤100
119057720784594,El Búho,El Búho,≤100
110582257361172,Partido Azul,Partido Azul,≤100
643513979193133,Unidos por Beatriz,Neuma,≤100
1911003529195315,Roberto Arzú,Roberto Arzú García-Granados,≤100
391831020911364,Luis Carlos Rivero - Fondista -,Luis Carlos Rivero - Fondista -,≤100
281554395331686,República,"Republica GT, S.A.",≤100
856012741442139,Ipas LAC,NEUMA,≤100
103529875762960,CABAL Chicacao,CABAL Chicacao,≤100
112086655128494,Danilo Mazariegos,Dilan Daniel,≤100
104917155362067,Roberto Arzu García-Granados,Roberto Arzú García-Granados,≤100
103529875762960,CABAL Chicacao,These ads ran without a disclaimer,≤100
249889355058521,Red Ciudadana,Red Ciudadana,≤100
102820572563457,UNE Carchá,Carlos Mauricio Caal Xoy,≤100
108690811775877,Adrián G. Morales,These ads ran without a disclaimer,≤100
104401217909899,RoboForex,These ads ran without a disclaimer,≤100