﻿Page ID,Page name,Disclaimer,Amount spent (JPY)
1904070096535109,スマート選挙,株式会社センキョ,1692
110584092054879,Glenn Newman,These ads ran without a disclaimer,839
475681929154100,国連UNHCR協会,国連UNHCR協会,603
390066501056164,freee会計,These ads ran without a disclaimer,372
103543765004220,めちゃコミック - めちゃコミ PR用,These ads ran without a disclaimer,359
107348249068832,證券monura,These ads ran without a disclaimer,280
101206792999632,Isabel Alfred,These ads ran without a disclaimer,140
1812425055659979,介護ワーカー,These ads ran without a disclaimer,137
100577859467667,大阪経済大学・社会連携,大阪経済大学・社会連携,123
579187028792625,社長の年金コンサルタント,These ads ran without a disclaimer,≤100
108695458656675,ポジティブの大切さ,These ads ran without a disclaimer,≤100
1615481598672156,Blueair Japan Official,These ads ran without a disclaimer,≤100
281777375260988,オッズパーク,These ads ran without a disclaimer,≤100
110058508784307,ライズ・アップ・ジャパン,株式会社経営科学出版,≤100
104533215755145,ZOE_Japan,ZOE Japan,≤100
102891618059843,ケイミュー株式会社,These ads ran without a disclaimer,≤100
925768300845377,FOLIO,These ads ran without a disclaimer,≤100
105404618222182,Ascent Recordings,Ascent Recordings,≤100
100199881840737,Minghui Japan（ミンフイ　ジャパン）ー明慧日本,明慧日本,≤100
104331362680222,都知事杯オープンデータ・ハッカソン 事務局,These ads ran without a disclaimer,≤100
112247175047684,社福の学校,These ads ran without a disclaimer,≤100
256504371891671,the-issues.jp,the-issues.jp,≤100
101987945137977,オフィスステーションPro,These ads ran without a disclaimer,≤100
195088317190451,グリーンピース・ジャパン,一般社団法人グリーンピース・ジャパン,≤100
1672330153015605,透明アクリル業者票,アドアチーブ株式会社,≤100
112578115187179,Cash Fanny,These ads ran without a disclaimer,≤100
114920044947452,Kim Moses,These ads ran without a disclaimer,≤100
1481129955446084,さくら投資,These ads ran without a disclaimer,≤100
114243345021397,Matthew's office株式会社（マシューズオフィス）,These ads ran without a disclaimer,≤100
105458574579861,金融投資道,These ads ran without a disclaimer,≤100
101963349558320,magicwands_information,These ads ran without a disclaimer,≤100
104064816025242,Dinosaur Fight tab,These ads ran without a disclaimer,≤100
110969055330312,Dinosaur Fight speak,These ads ran without a disclaimer,≤100
102956372848213,Adaslfzz-04,These ads ran without a disclaimer,≤100
164083890435804,佐藤 由美,These ads ran without a disclaimer,≤100