﻿Page ID,Page name,Disclaimer,Amount spent (EUR)
216089191899991,Νίκος Ανδρουλάκης,ΠΑΣΟΚ - Κίνημα Αλλαγής,327
12224403053,Alexis Tsipras,ΣΥ.ΡΙΖ.Α.,220
333635613794935,ΜέΡΑ25,ΜέΡΑ25,175
82362291274,ΝΕΑ ΔΗΜΟΚΡΑΤΙΑ,ΝΕΑ ΔΗΜΟΚΡΑΤΙΑ,133
34848567724,Kyriakos Mitsotakis,ΝΕΑ ΔΗΜΟΚΡΑΤΙΑ,131
31895177275,ΣΥ.ΡΙΖ.Α.,ΣΥ.ΡΙΖ.Α.,110
119651584418103,EF kinisi,ΕΥ ΚΙΝΗΣΗ,105
1489639131352219,Ζωή Κωνσταντοπούλου - Zoe Konstantopoulou,Πλεύση Ελευθερίας,≤100
105845878599873,Πατριωτική Δύναμη - Πρόδρομος Εμφιετζόγλου,Πανελλήνια ΠΑΤΡΙΩΤΙΚΗ ΕΝΩΣΗ,≤100
111176762297235,Φραγκίσκος Παρασύρης - Freddy Parasiris,Φραγκίσκος Παρασύρης - Freddy Parasiris,≤100
814967308545063,ΣΥΡΙΖΑ Ηρακλείου,ΣΥΡΙΖΑ Ηρακλείου,≤100
109203228808206,Μανόλης Χνάρης • Υποψήφιος Βουλευτής Νομού Ρεθύμνης,Manolis Xnaris,≤100
105845878599873,Πατριωτική Δύναμη - Πρόδρομος Εμφιετζόγλου,Πανελλήνια Πατριωτική Ένωση,≤100
178362315106,European Parliament,European Parliament,≤100
1561616060574694,Χάρης Μαμουλάκης,Χάρης Μαμουλάκης,≤100
110131647938040,Μάριος Διονέλλης - Πίσω Σελίδες,Μάριος Διονέλλης - Πίσω Σελίδες,≤100
279116802432610,Ελληνική Λύση,Ελληνική Λύση,≤100
345324598921301,"Εφημερίδα ""Η Αυγή""","Εφημερίδα ""Η ΑΥΓΗ""",≤100
551917914903015,ekriti.gr,ekriti.gr,≤100
131551513470,Γιάννης Πλακιωτάκης - Giannis Plakiotakis,Γιάννης Πλακιωτάκης - Giannis Plakiotakis,≤100
129766020417759,NOVA,Nova Telecommunications & Media Μονοπρόσωπη Α.Ε.,≤100
103834141967178,Ελλάδα 24,Ellada 24,≤100
627330267312880,Vouliwatch,Vouliwatch,≤100
107947598152985,Οδηγητής,These ads ran without a disclaimer,≤100
105542525124347,Γεώργιος Ζ. Παπαδάκης - Georgios Z. Papadakis,Γεώργιος Ζ. Παπαδάκης - Georgios Z. Papadakis,≤100
246753192161654,Σύριζα Λασσιθίου,Σύριζα Λασσιθίου,≤100
91877963116,WWF Greece,WWF Greece,≤100
2219917241402396,Γιάννης Μαντζουράνης,Γιάννης Μαντζουράνης,≤100
134135906635470,newsbomb.gr,newsbomb.gr,≤100
159977541380043,The President,The President,≤100
192906947432657,Protagon.gr (official),Protagon.gr (official),≤100
489700481134251,Νεολαία Συριζα - Youth of Syriza,Νεολαία Συριζα,≤100
139872412072,Coca-Cola 3E,COCA-COLA ΤΡΙΑ ΕΨΙΛΟΝ ΕΛΛΑΔΟΣ Α.Β.Ε.Ε.,≤100
104950285843799,Πράσινο & Μωβ,Πράσινο & Μωβ,≤100
104871439107989,Justice Initiative Greece,Justice Initiative Greece,≤100
404183552993057,newmoney.gr,newmoney.gr,≤100
101652196118089,Radio Me,Radio Me,≤100
150293698981357,Volt Greece,Volt Greece,≤100
287878625015994,Reader.gr,Reader.gr,≤100
108183264211965,UNICEF Greece,UNICEF Greece,≤100
1748153855406537,vradini.gr,vradini.gr,≤100
103712058289002,Ράδιο ΜέΡΑ,Ράδιο ΜέΡΑ,≤100
107898832590939,European Commission,European Commission,≤100
258117385131815,Νίκος Σκουλάς,Νίκος Σκουλάς,≤100
100169441866284,Νικόλαος Καρδούλας,Νικόλαος Καρδούλας,≤100
100771372008093,powergame.gr,POWERGAME,≤100
296107141177054,Alexis Charitsis - Αλέξης Χαρίτσης,Αλέξης Χαρίτσης,≤100
103754084863302,Εκδόσεις Επίκεντρο,Εκδόσεις Επίκεντρο,≤100
106342369126932,Liokou Copy Shop,Liokou Copy Shop,≤100
102175189751,gazzetta.gr,Gazzetta,≤100
103057864872953,Radar,Radar.gr,≤100
31324524225,Greenpeace Greece,Greenpeace,≤100
123836729361,New York College,New York College,≤100
102179895818238,George Karagiannis,George Karagiannis,≤100
104692221824082,Energymag.gr,Energymag,≤100
931897020261427,AVIN,AVIN,≤100
1438293789797221,ecoelastika,ecoelastika,≤100
117037629671698,BusinessDaily,Business Daily,≤100
211831995597479,Sofia Sakorafa,Sofia Sakorafa,≤100
105531162548016,Δημήτρης Γκάρτζος,Δημήτρης Γκάρτζος,≤100
1645903788996329,liberal.gr,liberal.gr,≤100
108950054276789,GEK TERNA Group of Companies,GEK TERNA GROUP,≤100
105249502133823,Election Leaders - Πολιτικό Marketing,Election Leaders,≤100
498517260229554,Arouraios,AROURAIOS.GR,≤100
224407310782,Εκδόσεις Διόπτρα - Dioptra Publications,Εκδόσεις Διόπτρα,≤100
427461580226,iatronet,Iatronet Ltd,≤100
186848962521,capital.gr,www.capital.gr,≤100
1375259192718674,The TOC,The TOC,≤100
109167905361203,UNIC Greece,These ads ran without a disclaimer,≤100
1796286800600041,Mobile Info Team for refugees in Greece - الفريق المتنقل لمعلومات اللاجئين,Mobile Info Team for refugees in Greece - الفريق المتنقل لمعلومات اللاجئين,≤100
111151151051341,Debater,debater,≤100
369071503649806,M·A·C Cosmetics,These ads ran without a disclaimer,≤100
2428107534084155,DailyPost.gr,ΝΟΗΣΙΣ ΙΚΕ,≤100
1488771898025180,ΝΕΟΔΗΜΟΚΡΑΤΗΣ,Ippokampos Publications,≤100
189447644411220,Antivirus magazine,Antivirus magazine,≤100
109075108422260,Δημοκρατική Άμυνα,Δημοκρατική Άμυνα,≤100
359612061446497,iEidiseis.gr,NEWSROOM Α.Ε.,≤100
117072912198,protothema.gr,Protothema.gr,≤100
886299418239270,Βασίλης Διγαλάκης - Vassilis Digalakis,Βασίλης Διγαλάκης - Vassilis Digalakis,≤100
404278389937250,Λατινοπούλου Αφροδίτη,Λατινοπούλου Αφροδίτη,≤100
102719902481287,Μαζί για τις Αχαρνές,Μαζί για τις Αχαρνές,≤100
106465849031966,ΔΕΔΟΜΕΝΟ,ΔΕΔΟΜΕΝΟ,≤100
714133898725431,Heracles Xtizoume Mazi,Heracles Xtizoume Mazi,≤100
108988311674368,Eurobank_ΜΠΡΟΣΤΑ για την παιδεία,These ads ran without a disclaimer,≤100
585204998167664,Ευρωπαϊκό Πολιτιστικό Κέντρο Δελφών / European Cultural Centre of Delphi,European Cultural Centre of Delphi,≤100
1557160734539215,KMOP,KMOP,≤100
10348684611,Esquire Greece,Esquire Greece,≤100
101057796241250,Global Analysis,Global Analysis,≤100
381289095967251,Panos Reppas - Παναγιώτης Ρέππας,Panos Reppas - Παναγιώτης Ρέππας,≤100
407314116092988,Πέτη Πέρκα,Πέτη Πέρκα,≤100
107098807881409,Political.gr,POLITICAL,≤100
461382171072085,Κωνσταντίνος Μπογδάνος / Konstantinos Bogdanos,Κωνσταντίνος Μπογδάνος,≤100
107453529357258,Γιάννης Κωνσταντάτος,Δήμαρχος Ελληνικού - Αργυρούπολης,≤100
1011769705516693,Δημήτρης Διαμαντίδης - Β' Πειραιά,Δημήτρης Διαμαντίδης,≤100
224388351254587,Σωκράτης Βαρδάκης - Βουλευτής Συριζα Ηρακλείου,Σωκράτης Βαρδάκης - Βουλευτής Συριζα Ηρακλείου,≤100
240199722469,The Best Portal,THE BEST net I.K.E. (ΕΝΗΜΕΡΩΣΗ ΕΠΙΚΟΙΝΩΝΙΑ THE BEST I.K.E.),≤100
262908277636323,F2F Insurance,F2F Insurance,≤100
221720494659233,Ανδρέας Παχατουρίδης,Ανδρέας Παχατουρίδης,≤100
1149049031856207,Followgreen,FOLLOWGREEN IKE,≤100
101249636183578,Γρηγόρης Γουρδομιχάλης\n- Υποψήφιος Δήμαρχος Κορυδαλλού,Γρηγόρης Γουρδομιχάλης\n- Υποψήφιος Δήμαρχος Κορυδαλλού,≤100
674103179323981,Μίνα Καούνη & Συνεργάτες,Μίνα Καούνη & Συνεργάτες,≤100
113762708304468,energyinvest.gr,energyinvest.gr,≤100
1435774093378846,HuffPost Greece,HuffPost Greece,≤100
294443673994778,Lykavitos,HT PRESS ONLINE IKE,≤100
1632988056952632,Ιωάννης Σαρακιώτης • Ioannis Sarakiotis,Ιωάννης Σαρακιώτης • Ioannis Sarakiotis,≤100
68078766209,Public,Public,≤100
114840771584788,Κώστη Βιόλα Μακρίνα - Υποψήφια Βουλεύτρια Β' Θεσσαλονίκης ΣΥΡΙΖΑ ΠΣ,Μακρίνα Βιόλα Κώστη,≤100
368217916600933,Αγγειοχειρουργός  Νίκος Παρασκευάς,Αγγειοχειρουργός  Νίκος Παρασκευάς,≤100
104172728093075,TERNA ENERGY,Terna Energy,≤100
590556791403274,OsteoStrong Greece,OsteoStrong Greece,≤100
1940514609531441,Constantino Korikis,ΚΟΡΙΚΗΣ ΚΩΝΣΤΑΝΤΙΝΟΣ ΔΗΜΗΤΡΙΟΣ,≤100
2127727860849871,Σπύρος Ριζόπουλος,Σπύρος Ριζόπουλος,≤100
1727608780803972,Λογιστικός Σύλλογος Αθηνών,Λογιστικός Σύλλογος Αθηνών,≤100
104299506270374,Euro2day,Euro2day,≤100
165508056809834,Το Παρασκήνιο,Το Παρασκήνιο,≤100
107718178601878,Banks.com.gr Business News,ETHOS MEDIA,≤100
892554860938864,Χρίστος Καραμάνος,Χρίστος Καραμάνος,≤100
107964744451079,Το Μανιφέστο της Ύπαρξης,Το Μανιφέστο της Ύπαρξης,≤100
495613237937576,Point MEDIA,Point MEDIA,≤100
2051879855080785,TEXAN SA,ΤΕΧΑΝ A.B.E.E.,≤100
273196480036822,Δημήτρης Καλογερόπουλος,Δημήτρης Καλογερόπουλος,≤100
157044804317631,Νικόλαος Βαφειάδης,Νικόλαος Βαφειάδης,≤100
1842193576012736,Αργύρης Ντινόπουλος,Αργύρης Ντινόπουλος,≤100
144709575593854,EESC - European Economic and Social Committee,EESC - European Economic and Social Committee,≤100
1903473413254089,Vagelis Papakonstantinou,Vagelis Papakonstantinou,≤100
102262597917639,Loatkiplus : Ομάδα Λοατκι+ Συριζα Προοδευτική Συμμαχία,Ομάδα ΛΟΑΤΚΙ+ ΣΥΡΙΖΑ ΠΣ,≤100
2036642163261209,Orthos Logos News,Orthos Logos News,≤100
234040963454964,Πέτρος Κόκκαλης - Petros Kokkalis,Πέτρος Κόκκαλης - Petros Kokkalis,≤100
102620666010969,Astydama,Astydama,≤100
183125116821,EURES,These ads ran without a disclaimer,≤100
102857431526747,Ecopots Greece,Garden Experts AE,≤100
393542154022051,HellasFin,HellasFin investment services SA,≤100
769783649800742,insider.gr,insider.gr,≤100
191397164262410,Foreign Affairs Hellenic Edition,Foreign Affairs Hellenic Edition,≤100
758030680986722,Kedisa,KEDISA,≤100
150398005058111,ASD Account Financial Advisor SA,A.S.D. FINANCIAL CONSULTANTS SA,≤100
633964833608956,dikastiko.gr,Dikastiko.gr,≤100
488218854548148,Φαίνη Χατζηαθανασιάδου-Feni Chatziathanasiadou,Φαίνη Χατζηαθανασιάδου-Feni Chatziathanasiadou,≤100
1200465556797225,Θανάσης Παπαθανάσης,Θανάσης Παπαθανάσης,≤100
112395696848373,Εταιρεία για τον Ελληνισμό και Φιλελληνισμό,ΕΤΑΙΡΕΙΑ ΓΙΑ ΤΟΝ ΕΛΛΗΝΙΣΜΟ ΚΑΙ ΦΙΛΕΛΛΗΝΙΣΜΟ,≤100
402203919858090,Πολιτεία Παπάγου Χολαργού,Πολιτεία Παπάγου Χολαργού,≤100
110599470673643,Syriza Italia,These ads ran without a disclaimer,≤100
2113568635597685,Βασίλης Βιλιάρδος,Βασίλης Βιλιάρδος,≤100
101986622709441,Δήμος Πρωταγωνιστής - Λευτέρης Αλεξανδρίδης,Δήμος Πρωταγωνιστής - Λευτέρης Αλεξανδρίδης,≤100
115093111866664,Νίκος Χαρδαλιάς,Νίκος Χαρδαλιάς,≤100
108902002195473,Σμπυράκης Θεόδωρος,ΣΜΠΥΡΑΚΗΣ ΘΕΟΔΩΡΟΣ,≤100
470341380438605,Vanguard-Risk-Group,These ads ran without a disclaimer,≤100
600435110450736,Παναγής Καππάτος,Παναγής Καππάτος,≤100
267353906619818,Mr. Gugu & Miss Go,These ads ran without a disclaimer,≤100
146224542103767,Athens Review of Books,Athens Review of Books,≤100
1062987930433023,Όραμα Ελλάδος,Όραμα Ελλάδος,≤100
782442791937028,Κωστας Γκαβογιαννης,Κωστας Γκαβογιαννης,≤100
210169075756340,newsauto.gr,newsauto.gr,≤100
1434688373417133,ΕΝΩΣΗ ΚΕΝΤΡΩΩΝ,ΕΝΩΣΗ ΚΕΝΤΡΩΩΝ,≤100
107993708884648,Σαρωνικός Δύναμη Πνοής,Σαρωνικός Δύναμη Πνοής,≤100
103501014669406,Giannis Kalafatelis,Γ.Καλαφατέλης - Δήμαρχος Διονύσου,≤100
113893941566308,Journal of Organizational Sociology,These ads ran without a disclaimer,≤100
112238801834667,OTAmagazine,These ads ran without a disclaimer,≤100
1096538887134446,Reuters Plus,These ads ran without a disclaimer,≤100
568778066967485,Eurasia Media Network,These ads ran without a disclaimer,≤100