﻿Page ID,Page name,Disclaimer,Amount spent (PLN)
176114889652,Kancelaria Premiera,Kancelaria Premiera,2003
63563473556,Gazeta Wyborcza,Gazeta Wyborcza,477
106204692244510,Jigsaw Polska,Jigsaw,415
380485532115847,Ministerstwo Rodziny i Polityki Społecznej,Ministerstwo Rodziny i Polityki Społecznej,219
57544755889,Amnesty International Polska,Amnesty International Polska,175
178362315106,European Parliament,European Parliament,141
426784938154184,PrzyjacieleZwierzat.pl,PrzyjacieleZwierzat.pl,≤100
385532321805330,Pomorskie,Pomorskie,≤100
362682677158537,Michał KOWALSKI - Profil Publiczny,Michał Kowalski - materiał nie stanowi elementu kampanii wyborczej,≤100
213282372051731,Wolontariatgdansk,Regionalne Centrum Wolontariatu w Gdańsku,≤100
228168274881,wysokieobcasy,wysokieobcasy,≤100
267686749910602,Piotr Müller,Piotr Müller - Poseł na Sejm RP,≤100
196334343778888,Polskie Centrum Pomocy Międzynarodowej (PCPM),PCPM with Facebook ad credits,≤100
513969188677442,Compassion Polska,Compassion Polska,≤100
252707301407911,Ministerstwo Rolnictwa i Rozwoju Wsi,Ministerstwo Rolnictwa i Rozwoju Wsi,≤100
106645538927529,Da się.,Fundacja Archipelag Inicjatyw,≤100
273827962690526,Otwarte Klatki,Otwarte Klatki,≤100
362731483842344,Agro Trust - Skup i 𝐖𝐢𝐚𝐝𝐨𝐦𝐨ś𝐜𝐢 𝐙𝐛𝐨ż𝐨𝐰𝐞,Marcin Robert Witzling,≤100
111465470197991,Mateusz Morawiecki,Mateusz Morawiecki,≤100
104884392877324,Alivia,Alivia - Fundacja Onkologiczna,≤100
142614625077,WWF Polska,WWF Polska,≤100
102931488739,Platforma Obywatelska,Platforma Obywatelska,≤100
95661128574,Radio ESKA,Radio ESKA,≤100
226162158731337,Jacek Szaran - radny Rady Miejskiej w Słupsku,Jacek Szaran,≤100
102466034698538,Ośrodek Monitorowania Chrystianofobii Fidei Defensor,Biuro Fidei Defensor,≤100
50063176484,TVN24,TVN,≤100
100451322741307,Prawo i Sprawiedliwość Okręg 64 Gdynia,Michał Kowalski,≤100
391098174296294,Super Express,se.pl,≤100
342701305934903,Małgorzata Chmiel - poseł na Sejm RP,Małgorzata Chmiel,≤100
229982507021398,Fundacja im. Arkadiusza Rybickiego,Medium: agencja reklamowa,≤100
180185019111,Tygodnik Powszechny,Tygodnik Powszechny,≤100
358733307479097,Mateusz Skarbek - Wiceprzewodniczący Rady Miasta Gdańska,Mateusz Skarbek,≤100
203627442993022,Portal Oświatowy,Wiedza i Praktyka,≤100
104061085870843,Prawo i Sprawiedliwość Pomorskie,Michał Kowalski,≤100
311278685609822,Fundacja Centaurus,Fundacja Centaurus,≤100
469702339755768,Paweł Tanajno Polska Liberalna,Iam4u.pl,≤100
1414703345491996,Zbigniew Konwiński,Zbigniew Konwiński,≤100
100120136068412,Reo.pl - platforma handlu energią z OZE,Reo.pl Sp. z o.o.,≤100
487587700423,Miasto Gdańsk,Miasto Gdańsk,≤100
662892093824152,Fundacja Małych Stópek,Fundacja Małych Stópek,≤100
1699431273657361,Mateusz Janota - Radny Dzielnicy Przymorze Wielkie,Mateusz Radosław Janota,≤100
393084100793680,Wiedza i Praktyka,Wiedza i Praktyka,≤100
157255317751718,Kancelaria Mentzen,Kancelaria Mentzen,≤100
101675159101680,Kurier Powiatu Kościerskiego,Michał Kowalski,≤100
295161506338,AKADEMIA PRZYSZŁOŚCI,Stowarzyszenie Wiosna,≤100
1381575975475340,EduAkcja - szkolenia dla nauczycieli,EduAkcja sp. z o.o.,≤100
1683534065241470,OKO.press,OKO.press,≤100
67202672014,Fairtrade Polska,Fundacja „Koalicja Sprawiedliwego Handlu” Fairtrade Polska,≤100
198196133533089,Polska Misja Medyczna / Polish Medical Mission,Polska Misja Medyczna / Polish Medical Mission,≤100
339855706171439,Dobra Fabryka,Dobra Fabryka,≤100
520444618035778,Grupa EPL w Parlamencie Europejskim,EPP Group in the European Parliament,≤100
112055027022643,Legal Marine,Legal Marine - Mateusz Romowicz,≤100
111762720487338,Laboratorium Wolności Religijnej,Fundacja Pro Futuro,≤100
134626909042,Stowarzyszenie Inwestorów Indywidualnych,Stowarzyszenie Inwestorów Indywidualnych,≤100
250926873365,Komisja Europejska w Polsce,Komisja Europejska w Polsce,≤100
74863922834,Krytyka Polityczna,Krytyka Polityczna,≤100
106207808969963,Kurier Gminy Kosakowo,Michał Kowalski,≤100
102191794893729,Łukasz Kopeć,Łukasz Kopeć,≤100
106035928645639,Kurier Powiatu Kartuskiego,Michał Kowalski,≤100
106960415216571,Kurier Powiatu Wejherowskiego,Michał Kowalski,≤100
108567461681538,"Polska Katolicka, nie Laicka",Fundacja Instytut Edukacji Społecznej i Religijnej im. Ks. Piotra Skargi,≤100
177473808919,Polskie Stronnictwo Ludowe,Polskie Stronnictwo Ludowe,≤100
1195333000612674,Łukasz Kuriata - profil publiczny,Łukasz Kuriata,≤100
140982409255721,Miłość nie wyklucza,Miłość nie wyklucza,≤100
101641045789597,Kurier Słupski,Michał Kowalski,≤100
114308294503971,Kurier Powiatu Słupskiego,Michał Kowalski,≤100
157458232131,Prawo i Sprawiedliwość,Prawo i Sprawiedliwość,≤100
300745193630,Fundacja Pro - Prawo do Życia,Fundacja Pro - Prawo do Życia,≤100
102992492312736,Kurier Powiatu Chojnickiego,Michał Kowalski,≤100
170854966281100,Wspólnota Burego Misia,Fundacja Wspólnoty Burego Misia im. Bogdana Jańskiego,≤100
104921858016507,Dzień Dobry Podatki,Michał Wilk,≤100
868599633152789,Koncept - magazyn akademicki,Fundacja Inicjatyw Młodzieżowych,≤100
173086948664,Infor.pl,Infor.pl,≤100
1967695263556184,Sylwia Spurek,The Grens/EFA in the European Parliament,≤100
101565245066684,Instytut Prawa Społecznego,Instytut Prawa Społecznego,≤100
109218848183780,Marek Woźniak,UMWW,≤100
137358556439286,Ośrodek Monitorowania Zachowań Rasistowskich i Ksenofobicznych,Ośrodek Monitorowania Zachowań Rasistowskich i Ksenofobicznych,≤100
312204349288060,Mariusz Gosek,Mariusz Gosek,≤100
106178725315378,Kurier Powiatu Lęborskiego,Michał Kowalski,≤100
103400032276622,Kurier Gdyński,Michał Kowalski,≤100
102358112377085,Kurier Powiatu Bytowskiego,Michał Kowalski,≤100
113997426631157,Szczepienia przeciw grypie,Solski Communications,≤100
118437553322377,Wejherowo - Miasto do Życia,Bartosz Łukasz Skwarło,≤100
286672948180163,Tomasz Trela,Poseł Tomasz Trela,≤100
1581518611867021,Zbigniew Ziobro,Zbigniew Ziobro,≤100
160889577598637,Prawo i Sprawiedliwość Powiat PUCKI,Michał Kowalski,≤100
130220166122,Kupuj odpowiedzialnie,Kupuj odpowiedzialnie,≤100
444844953009780,NaszePomorskie,Michał Kowalski,≤100
102370742369604,Kurier Powiatu Człuchowskiego,Michał Kowalski,≤100
103686148884616,Kurier Powiatu Puckiego,Michał Kowalski,≤100
1495088660777971,Legal Geek,Legal Geek sp. z o.o.,≤100
199877710116314,Patryk Jaki,GRUPA EKR - Patryk Jaki MEP,≤100
1477251852486946,Kosma Złotowski,Grupa Europejskich Konserwatystów i Reformatorów,≤100
153679474688551,Wydawnictwo Fronda,Wydawnictwo Fronda,≤100
328190797653238,Fundacja Alberta Schweitzera,Fundacja Alberta Schweitzera,≤100
440459709390224,Hitachi Energy,These ads ran without a disclaimer,≤100
505864632777215,Tygodnik Lisickiego,Orle Pióro sp. z o.o.,≤100
157186140963158,Green Parrot,Evergreen_Group sp. z o.o. sp.k.,≤100
199877710116314,Patryk Jaki,Patryk Jaki,≤100
105912528382854,Przywrócić zlikwidowany Odział położnictwa i ginekologii w szpitalu w Pucku,Michał Kowalski,≤100
361650134246397,Hrabia Tytus,These ads ran without a disclaimer,≤100
1425264934431305,Polski Instytut Księgowości,Polski Instytut Księgowości,≤100
383296170843,Puls Biznesu,Puls Biznesu,≤100
255100403945,Polityka,Polityka,≤100
1826303394316871,Piotr Skarga - Kaznodzieja Narodu,Piotr Skarga - Kaznodzieja Narodu,≤100
305950706802,Uniwersytet SWPS,Uniwersytet SWPS,≤100
330644215221,Bankier.pl,Bankier.pl,≤100
101093318696109,Polski Alarm Smogowy,Polski Alarm Smogowy,≤100
112138653688303,Marcin Brodalski,Marcin Brodalski,≤100
654912251187357,Grupa PGE,Grupa PGE,≤100
375496365897034,Tkalnia,Stowarzyszenie Tkalnia,≤100
377734895631299,Polsko-Ukraińska Izba Gospodarcza,Polsko-Ukraińska Izba Gospodarcza,≤100
2320275388297228,Marcin Romanowski,Marcin Romanowski,≤100
118055394941878,ABB,Performance Media P.S.A,≤100
91021863613,Szlachetna PACZKA,Stowarzyszenie Wiosna,≤100
160181130796814,Fundacja ADRA Polska - ADRA Poland,Fundacja ADRA Polska,≤100
266790296879,Bloomberg,These ads ran without a disclaimer,≤100
352969621437965,Magna Polonia,Fundacja Magna Polonia,≤100
199446073725474,BohaterON,BohaterON,≤100
186543124707583,ISSA Prevent Plastic Pollution,Biuro wykonawcze ISSA w Polsce,≤100
125185964281959,Centrum Edukacji Obywatelskiej (CEO),Centrum Edukacji Obywatelskiej (CEO),≤100
114453729684,gazetaprawna.pl,gazetaprawna.pl,≤100
69153026654,Jerzy Buzek,Jerzy Buzek,≤100
145481822175715,Otodom,Grupa OLX sp. z o.o.,≤100
2096456700624673,Fundacja Polska Bezgotówkowa,Fundacja Polska Bezgotówkowa,≤100
132731836864646,Freedom Publishing,Freedom Publishing Sp. z o.o.,≤100
129626970836,inFakt,inFakt,≤100
323540101461265,Fundacja Neuron+,Fundacja Neuron+,≤100
530684193733422,Marcin Skonieczka,Marcin Skonieczka,≤100
1608898765820336,Vogue Polska,Vogue Polska,≤100
100508029392556,Obywatelu Masz Prawo,Fundacja Instytut Prawa Ustrojowego,≤100
1668434606794528,Szpitale Pomorskie,Szpitale Pomorskie Sp. z o.o.,≤100
814991668621838,Norbert Kaczmarczyk,Norbert Kaczmarczyk,≤100
111725691638202,Piotr Rycerski - Szef Gabinetu Politycznego Wicepremiera Jacka Sasina,Piotr Rycerski,≤100
176619537364977,Grodno S.A.,Grodno S.A.,≤100
170894632966683,Warszawski Instytut Bankowości,Sektorowa Rada ds. Kompetencji Sektora Finansowego,≤100
361805557230293,XLM.pl - Księgarnia Ludzi Myślących,Wydawnictwo Fronda,≤100
143951191449,Profinfo.pl,Wolters Kluwer PL,≤100
371359310400318,Janusz Kowalski,Janusz Kowalski,≤100
81885462442,Histmag.org,Histmag.org,≤100
1629946500626448,To Tylko Astma,OS3 Sp. z o.o.,≤100
833450986688312,Zbigniew Hoffmann - Poseł na Sejm RP,Zbigniew Hoffmann,≤100
105428171456904,BWT Polska - Best Water Technology,BWT Polska,≤100
194585893914848,Fundacja Rozwoju Demokracji Lokalnej,Cezary Trutkowski,≤100
109363441951213,Forum Obywateli Wejherowa,Borys Szymański,≤100
109719194540240,Fundacja Błękitna,Fundacja Błękitna,≤100
187178294672651,Muzeum Narodowe w Lublinie,Justyna Woźniak,≤100
108731657156411,Mariusz Gromko - Senator RP,Mariusz Gromko,≤100
1086360811435644,More Bananas,Anna Daria Ledwoń-Blacha,≤100
1583040588577817,Skladnicaksiegarska.pl Outlet,Krystian Kowalski,≤100
100321262116794,Kongres Katoliczek i Katolików,Fundacja na rzecz Kongresu Katoliczek i Katolików,≤100
490207317852864,Obserwatorium Polityki Miejskiej IRMiR,Instytut Rozwoju Miast i Regionów,≤100
1111228758917873,Radosław Lubczyk - Poseł na Sejm RP,Radosław Lubczyk,≤100
119141229716118,SeniorApp,Michał Galoch,≤100
344620515579640,Fundacja Równość.org.pl,Fundacja Równość.org.pl,≤100
400069423367364,Kontynenty,Kontynenty,≤100
706471042857007,Heat Decor - Ogrzewanie Na Podczerwień,Heat Decor sp. z o.o.,≤100
353030510177,Centrum Nauki Kopernik,Centrum Nauki Kopernik,≤100
108141194805720,Studium Obywatelskie im. Pawła Adamowicza,Fundacja Gdańska,≤100
182568875086544,Prószyński i S-ka,Prószyński i S-ka,≤100
1496359750659795,Michał Wójcik,Michał Wójcik,≤100
100283562631810,"Fundacja ""Wiatrakowa Kraina""",Zuzia Łosoś,≤100
106274574675288,Instytut Prawa Ustrojowego - Fundacja,Fundacja Instytut Prawa Ustrojowego,≤100
699761540194215,Stowarzyszenie im. Tadeusza Regera - pismo Równość,Paweł Piotr Miech,≤100
147284671976535,Jak wygrać wybory? Praktycznie o kampaniach wyborczych,Jacek Babiel,≤100
199739460042641,Zdrowie w stylu LUX MED,Zdrowie w stylu LUX MED,≤100
109420387556852,Drewno - Pozytywna Energia,"Ogólnopolskie Stowarzyszenie ,,Kominki i Piece""",≤100
104386447842029,Spectrum.direct,Konwersatorium im. Josepha von Eichendorffa - Portal internetowy Spectrum.direct,≤100
567066860335135,Błękitny Węgiel,Błękitny Węgiel,≤100
558879950822876,Jacek Sasin,Jacek Sasin - Poseł na Sejm RP,≤100
141990312513970,Paweł Kowal,Paweł Kowal,≤100
114681303738214,Trudne Relacje,TrudneRelacje,≤100
105071188886373,SOS Rozwód,Fundacja Instytut Wiedzy o Rodzinie i Społeczeństwie ze środków Pełnomocnika Rządu ds. Demograficznych,≤100
1752318511650368,Akamai Poland,More Bananas,≤100
104341728185251,Paszporty Polityki,Polityka Sp. z .o.o. SKA,≤100
254914141671300,Zona Zero Books,Zona Zero Books,≤100
105039892358886,Świadczenie Pielęgnacyjne,FURPO GROUP SP. Z O.O.,≤100
100744511467634,Burbonik,Lukasz Mariusz Kołtacki,≤100
250926873365,Komisja Europejska w Polsce,These ads ran without a disclaimer,≤100
1771722023118604,Wydawnictwo Aktywa,Wydawnictwo Aktywa Sp. z o.o.,≤100
108566759302831,NODN Cognitus - centrum szkoleń i terapii,Cognitus Centrum Szkoleń,≤100
824456454338374,Blaber,These ads ran without a disclaimer,≤100
621959344553367,DNA Rynków - merytorycznie o giełdach i gospodarkach,DNA Rynków,≤100
996526287073317,Mateusz Jędrachowicz,Mateusz Paweł Jędrachowicz,≤100
725994874500554,Nasz Las Miejski Gajewo k.Giżycka,Adrian Andrzej Grzegorz,≤100
1675309959355515,Super Express Szczecin,Szczecin - Eska Info,≤100
334419923362433,Mateusz buduje,Mateusz Wawrowski,≤100
105334619050045,Matka czy wiedźma?,Michał Junkiert,≤100
106105632357291,wolnosc_wolczyn,These ads ran without a disclaimer,≤100
1997138107214988,Ewa Kołodziej Poseł na Sejm RP,Ewa Kołodziej Poseł Na Sejm RP - Platforma Obywatelska,≤100
171278439588762,AMI - Fundacja Pomocy Zwierzętom,AMI - FUNDACJA POMOCY ZWIERZĘTOM,≤100
103724364371264,Super Express Koszalin,Grupa ZPR Media,≤100
852871474902416,Tomasz Frączak,Tomasz Frączak,≤100
314091782512994,PaS - Paragraf KASTA,Przemysław Adam Strzelec,≤100
938529593023187,Burmistrz Miasta Sanoka Tomasz Matuszewski - Mieszkańcy,Kuba Kawa,≤100
102556655851061,Michał Sopiński,Michał Sopiński,≤100
442934059457276,Plodnosc.pl,Sylwia Bentkowska,≤100
319296981434608,De Dietrich Polska,BDR Thermea Poland Sp. z o.o.,≤100
1469310536520722,Men's Rights Polska,Paweł Chmielewski,≤100
696622867467853,Polska Morska,Polska Morska,≤100
514660882304403,Zło śmiechem zwyciężaj,These ads ran without a disclaimer,≤100
507852872631463,Fundacja Ośrodek Badań nad Migracjami - OBMF,FUNDACJA OŚRODEK BADAŃ NAD MIGRACJAMI,≤100
635518486577240,Fundacja Ładowarka,Dominik Cieślikiewicz,≤100
104528815850166,Licytacje dla Matyldy Momot,Maksymilian Cegiełka,≤100
104291779009388,Pojęcie małżeństwa w pryzmacie teorii wymogów imperatywnych,Fundacja Instytut Prawa Ustrojowego,≤100
514735281965536,Demagog,Demagog,≤100
583823491630995,Piotr Cieplucha,Piotr Paweł Cieplucha,≤100
145329992215815,Piotr Król,Piotr Marek Król,≤100
104568925065010,PoznajFakty.pl,These ads ran without a disclaimer,≤100
101283291180,dziennik.pl,dziennik.pl,≤100
1673813039520646,Łukasz Tulwiński,Łukasz Tulwiński,≤100
283996612400,Fundacja Nasza Ziemia,Fundacja Nasza Ziemia,≤100
371981706755861,Kierunek na EKO,OS3 Sp. z o. o.,≤100
328956034420247,Marcin Pawlicki - Radny Miasta Szczecin,Marcin Pawlicki,≤100
318216558217159,JazzPRESS,These ads ran without a disclaimer,≤100
104061062331637,Pałac Saski,Pałac Saski Sp. z o.o.,≤100
100539463843764,Klaster Innowacji Społecznych,Klaster Innowacji Społecznych,≤100
111341706947214,Krystian Kamiński,Biuro poselskie Krystiana Kamińskiego,≤100
705234266283291,Niepłodni Razem,Sylwia Bentkowska,≤100
1599655186922126,Włącz oszczędzanie,Łukasz Tadeusz Pająk,≤100
497813527282706,Porozumienie Koszalin,Michał Tuszyński-Sikora,≤100
267149676725081,Inwestycje w Kurortach.pl,InwestycjewKurortach.pl,≤100
946445192119512,Krajowy Sztab Ratownictwa SKSR,Jerzy Płókarz,≤100
173873282095,Forsal.pl,Forsal.pl,≤100
211470125584458,SaldeoSMART,More Bananas,≤100
475003269590039,Radca prawny Tomasz Plasota,Aleksandra Adamczewska,≤100
307978460029741,Burmistrz Iławy Dawid Kopaczewski- Łączy nas Iława,Dawid Kopaczewski,≤100
108171337679897,LekarzeRodzicom,These ads ran without a disclaimer,≤100
100460351810525,Browar Mentzen,Browar Mentzen,≤100
1590841411198586,Iwona Michałek Poseł na Sejm RP,Iwona Michałek,≤100
109883567030394,Stowarzyszenie Księgowych w Polsce O/O w Olsztynie,These ads ran without a disclaimer,≤100
226909090654921,Stowarzyszenie Jeden Świat - SCI Poland,Stowarzyszenie Jeden Świat,≤100
182902509000503,The Warsaw / Новости Варшава,These ads ran without a disclaimer,≤100
373536278864,UNICEF Europe & Central Asia,These ads ran without a disclaimer,≤100
108625789179165,Soi Dog Foundation,These ads ran without a disclaimer,≤100
112764731422089,finnatas,These ads ran without a disclaimer,≤100
199212020105044,Точка опори ЮА - NGO Fulcrum UA,These ads ran without a disclaimer,≤100
109725215092123,RFI Українською,These ads ran without a disclaimer,≤100